work/ext7/2-2s2-1s2-1__min.396__X01	3482ecf800c9b127be477841187f0e81	48	1
work/ext7/2-2s2-2s2-1__group.3238__X010	8c94e3e0d999f92654a8100c07d3af4c	144	2
work/ext7/3s2-2s1__group.4132__T	dd5ec2479277824a6b232be1ae89b7bc	144	2
work/ext7/4-2s2-1__group.6391__T	e1891dfed89034b13854ed42f094542b	192	1
work/ext7/4-2s2-1__group.6546__X011	2da70d4fddf73778c294c2df095b6862	576	1
work/ext7/2-2s2-2s2-1__group.3468__X01	63104febdc84ad575283e3637d9bf059	72	1
work/ext7/3s2-1s1__group.4051__X11	f55e9a1f29e9d026db7257492cb7e6e8	96	1
work/ext7/2-1s2-1s2-1__group.1530__X0101	b934c32bb36788d7f0f738fca81214fd	128	1
work/ext7/4-3ps2-2__group.7159__C	fca4afddb9ff32362a474e6896aa28b8	120	1
work/ext7/4-2s2-2__group.6667__X100	f19b0798c3b8e0b3e87c68ca5e181149	144	1
work/ext7/2-2s2-2s2-2__group.3703__X0001	d85adb6a14c3086c9e67302d6597cc86	432	6
work/ext7/4-2s2-2__group.6699__X001	c257b8ca281a6b049aad0fa0e452ea12	144	1
work/ext7/4-1s2-1__group.5085__C	6a8a2d3a2372b35f253fa8500ef74461	512	1
work/ext7/4-1s2-2__group.5807__X001	01469b39152f2e841853af09b6a7996a	96	2
work/ext7/4-2s2-2__group.6826__X1101	243474fa1a887fc3e754538859389f7d	288	1
work/ext7/2-2s2-1s2-1__group.2535__X00010	3100350d16aef993d8f33866a92b7045	384	4
work/ext7/4-1s2-2__group.5418__C	7ec8a7b737b8cb326ba29e321ba334a0	384	1
work/ext7/4-1s2-1__group.5285__X110	2b8d82553090bab024b8f3580eb6d1ee	768	1
work/ext7/4-2s2-2__group.6798__C	c632f467cebc5ea359508c7dc03e8fd1	432	1
work/ext7/3s2-2s1__group.4069__T	0557038629cab04c8e7a79c7cc4fab36	144	2
work/ext7/4-2s1c1__group.5918__C	d80a4568fe7b99024b1f165109eec2dc	288	2
work/ext7/4-2s2-1__group.6429__X111	8a33ab934465b5857cc61b0848cdbf27	288	1
work/ext7/2-2s2-2s2-2__group.3707__X0100	5d2ffcef3d4a2e4e350345146baa08b8	432	1
work/ext7/4-2s2-2__group.6932__X011	aeb2643f0811a522ee2732567cb1176c	432	1
work/ext7/4-2s2-2__group.6661__X011	6fa1ac61525d45c0f703bffb606e5d92	144	1
work/ext7/4-2s2-2__group.6678__C	98d715b965e46aa1c918a74cf26d2407	288	1
work/ext7/3s3__group.4366__C	9cc624dc53b6c5b36e09cfbf306ff491	576	1
work/ext7/4-1s2-1__group.5185__C	a572153322901d7280ba8d43234689c0	1024	1
work/ext7/2-2s2-2s2-2__group.3690__X0111	e23e24fefb27c1b69cda785a5edb613c	432	1
work/ext7/4-1s2-2__group.5589__X010	223d454d5cbb0b5da6d68208620d2bc7	384	1
work/ext7/4-2ps2-2__group.5899__X11	95bd429642ed0c285ae0e696e639539a	72	1
work/ext7/4-1s2-2__group.5410__X100	28090e89a3bb1589026c257e4a18f653	192	1
work/ext7/4-1s1c1__group.4521__C	f5c0f053286043e6852770629f6e9f78	768	2
work/ext7/2-2s2-1s1s1__group.2162__T	ed6ce482351ecb784f684ec29ccf53b6	48	3
work/ext7/2-2s2-2s2-1__group.3505__X1001	80b432fc7aaa225696b1925c25e55d90	96	4
work/ext7/2-2s2-1s2-1__group.2520__X0101	7ee6b081b9f6f03fb67cc3b8c3c986ed	192	1
work/ext7/2-2s2-2s1s1__group.2966__T	c9bb418336b8c82422d3bff404c77fce	36	4
work/ext7/4-1s2-1__group.5081__X0001	3e13efd3dba08fe1b78ca304fdf48233	256	1
work/ext7/4-3ps2-1__group.7137__X100	fe8e924b1cd5bb89d0badea24116f1bb	80	2
work/ext7/2-1s2-1s2-1__group.1535__C	87f67658eeea757a30f5dd292297c0a8	256	1
work/ext7/2-2s2-2s2-2__group.3760__X01110	0b365ccace7a186b5233dbfa9cc5e0f1	864	4
work/ext7/2-2s2-1s1c1__group.2016__X0110	a222e528c2a32bd01f640c3ba3a193ae	96	2
work/ext7/2-1s2-1s2-1__group.1533__X1010	9fd32e8d98dbb95eb5093863608e5d38	128	1
work/ext7/4-2s2-2__group.7052__X0001	cb40d868263ffd23ae2b62a3d1c1c4f1	864	1
work/ext7/4-1s1c1__group.4540__T	b9e0a13861a7aa83f2d6895acc954ef5	576	2
work/ext7/4-2s1s1__group.6117__X0011	2866b57d5dd3b4365dc784031901b1e8	288	2
work/ext7/4-1s2-1__group.4977__X010	af7da47cb354dd1eb430268820fdf300	128	2
work/ext7/4-1s1s1__group.4866__X010	f49a8609b375f56388b4890bc4853239	64	4
work/ext7/2-2s2-2s2-2__group.3716__X1001	dba8bcd9da0c4ab45df8cfea3c0f2d92	432	1
work/ext7/4-1s2-1__group.4969__X1001	335292b22a30b2a9dbec3abf7a88652f	128	2
work/ext7/2-2s2-1s2-1__group.2609__X010	bb42527ac525b5c08266bd88ed03f576	96	2
work/ext7/3s2-2s1__group.4192__X001	df040891bd16a3cc991567864dbd892a	288	1
work/ext7/2-1pc2-1ps1s1__group.1082__X101	d86fc11f797fb44e32198beb7d00243c	16	3
work/ext7/2-1s2-1s2-1__group.1575__X100	af25cbb3d06a3e37e3c58d30fd6cb5fd	64	1
work/ext7/4-1s1c1__min.483__T	e74f695cbfe4bfde2c5df28c1d762fec	24	2
work/ext7/2-2s2-2s1s1__group.3122__X100	72cfac847aaaf2ec25b3953e12cc0616	72	3
work/ext7/2-2s2-1s2-1__group.2661__X101	b8f0cd14ee6f9fdecabd3d23d2ebea64	96	1
work/ext7/2-1s1c1s1s1__group.1148__T	f8deeee4a400d8c4bbe0a9917e5b606e	16	4
work/ext7/4-1s1c1__group.4515__X11	d352e447b8ceeee655fdb0a7312e9364	32	2
work/ext7/2-2s2-2s2-1__group.3288__X101	e202c3ab264836c12a421dc206b0b513	144	2
work/ext7/4-3s2-1__group.7271__X100	e44432a72c5745222fb5a0acb20f7430	960	1
work/ext7/2-2s2-1s1c1__group.1950__X11	0b825dc57c75d19aec53b5607240a7a4	24	1
work/ext7/2-2s2-2s2-2__group.3600__X011	fdcbfb2598f8511660cf542165f0eca0	216	2
work/ext7/2-1s2-1s1s1__group.1498__X0110	639fa938a64398f853f611c7016167e2	64	2
work/ext7/2-2s2-2s2-1__group.3263__X101	38d0e92a72e5ebff2e87d0a487ccbd31	144	1
work/ext7/3s2-1s1__group.3906__X001	161afcbbbb63c23eb44ba2e3727f9a00	192	3
work/ext7/4-2s2-1__group.6417__X111	e6b8cef46dbcc62311b4f0917744b2b5	288	1
work/ext7/3s2-1s1__group.3970__X0001	2da0e07ce83c63b1eac5dcd0c57c4e6f	384	2
work/ext7/2-1s1c1s1s1__group.1156__X111	bd0d711be2cdcecc7c3aa31bbcba6666	16	3
work/ext7/4-1s2-2__group.5457__X100	cf77b2b85ec600b9847a8c77f63a860b	192	1
work/ext7/4-2s2-2__group.6926__C	3ec0a1a50a18eb666f5a60e210db300c	864	1
work/ext7/6-1__group.7429__X10	d49d92857a8ca3e2a1a8cc7a9336ee0c	1536	2
work/ext7/4-2s1s1__group.6170__X1001	65a1e067c1506f2763a5da749d31ef09	288	2
work/ext7/4-1s2-2__group.5626__X0010	35cad96da3803ad8dab678527429746a	384	1
work/ext7/3s2-2s1__group.4152__X1101	c960425fa423866ee683b15f09db3774	192	2
work/ext7/4-2s2-2__group.6991__X11	cf3a81dd41d4aa8c259eac25f6bcb366	72	1
work/ext7/4-1s2-2__group.5673__X11	f0af1ccc654984cec20bf35afd9ea30c	48	1
work/ext7/6-1__group.7470__C	6f730e2e00c1f7a80e899b6416ce5492	768	1
work/ext7/4-1s2-1__group.5155__C	f6e2a2c27568b870b5dbc3f57ce2ce32	768	1
work/ext7/4-2s1s1__group.6123__T	b0f55bb290abb56f1b15c4c6c64e84c9	288	4
work/ext7/2-1s2-1s2-1__group.1601__X100	876a569657be736b05abcff767ca6c69	64	1
work/ext7/4-1s2-2__group.5607__X0100	f1c353b66bd4ab1084f58aeec1f3feda	384	1
work/ext7/4-2s2-1__group.6341__X111	dd1871e48bee2af34c6a01b917a401e9	144	1
work/ext7/1s1s1s1s1s1__group.1073__X1000	d33760e56b68e1be263c8f0e9385b3cc	16	3
work/ext7/4-2s2-1__group.6427__C	b0e6bc4a4e3bc7f9afe5680e9a41389b	576	1
work/ext7/2-2s2-2s1s1__group.2878__X0110	bea5407b82b4f7eb14f15a1ef07cff3d	144	6
work/ext7/3s1c1c1__group.3787__X111	59b9dc0a94ef0d1f78cf40438b711355	96	2
work/ext7/2-2s2-1s2-1__group.2645__X010	81bc65e25017615163d6e0cee70740e3	96	2
work/ext7/2-2s2-2s2-1__group.3302__X001	76e9185391e144cd92b2448e7903a83b	144	1
work/ext7/3s3__group.4356__X11	045d43bf9e1895a38d10b1edb43a230d	192	1
work/ext7/2-2s2-2s2-2__group.3582__X010	0ec9bfe2f4fa17d9cb07d56c6429f2d3	216	1
work/ext7/2-2s2-2s2-2__group.3713__X0110	42001a5c92948fd09cb5a48ad26d3126	432	2
work/ext7/2-2s2-2s2-2__group.3703__X0111	ca163f6af0ade8902bac6891db0394ba	432	2
work/ext7/2-1s2-1s1s1__group.1442__X1110	e698810e2bab0f07fcb918dd0b1240d5	64	3
work/ext7/2-1s2-1s2-1__group.1576__X010	d7b2451c452733774f2caccec6658f5d	64	1
work/ext7/3s2-2s1__group.4105__X01	9e50a4b5196cfafcd4b42ae22c771d5a	144	1
work/ext7/4-1s2-2__group.5808__T	5899231758785b3d80750672c55b32d7	96	1
work/ext7/2-2s1c1s1c1__group.1739__X010	736dcdc8bd78728358c09de036307689	24	2
work/ext7/2-2s2-2s2-2__group.3606__X001	d60fefd60c94ae2bfc0f300b6bb90f41	216	1
work/ext7/4-1s2-2__group.5680__X100	cde3526a6551dccbae299705a5775cf5	48	1
work/ext7/4-1s2-1__group.5102__C	e1363f6c4657badf03ad31d049161221	512	1
work/ext7/6-1__group.7455__T	db291d24a7b0378e12afd41e2d5b2484	23040	1
work/ext7/4-1s2-1__min.517__T	bf235b3666b802741fa44586ccd5ef06	32	1
work/ext7/3s1c1c1__group.3784__X11	f5f04f3b1c009bb10e35441a2bfcfc07	48	2
work/ext7/2-2s2-2s2-1__group.3364__X1101	0efe70d2ddac158ccef3b628bb3900ae	288	1
work/ext7/4-2s2-2__group.7058__X1001	7fca86eec083d2723e36f458f3d67ca8	864	1
work/ext7/2-1s1s1s1s1__group.1242__C	8b59fbab3df8ed579993754dddec466d	64	3
work/ext7/4-1s2-1__group.4968__T	c9d35257e2f110ae83ed00c9303ec7f8	128	1
work/ext7/3s2-2s1__group.4106__X01	2baee1577c169401782124702a327b23	144	1
work/ext7/2-2s1c1c1s1__group.1720__X101	c11d03ef8a8f438be0f2f7792dbbc389	24	2
work/ext7/4-3ps1c1__group.7094__C	e2f811f6eeb5d7bba55450c1cc2f4cc5	20	2
work/ext7/4-1s2-1__group.5242__T	72dcefdcda29053c99dbd348c953193e	64	1
work/ext7/2-2s2-2s1s1__group.3072__X110	c79c4385ca17da8cfeb27b9b993cf566	72	2
work/ext7/2-2s2-1s2-1__group.2582__X110	50ff82829538caee26da64beb60803e4	96	1
work/ext7/4-1s2-2__group.5536__X111	bb6877138c6c376fab0a7fcdcec9cc51	288	1
work/ext7/4-3s1s1__group.7204__X11	d34ff18ccdd900276b8aa3d2652cf03d	240	1
work/ext7/4-1s2-1__group.5227__X010	1d1e45ea15705e8ebc0e6eab5a4106a8	64	1
work/ext7/2-2s2-2s1c1__group.2782__X001	75f95dd2b961f1a77132a98b2df947c1	72	1
work/ext7/4-2s2-1__group.6521__X011	db9f853b9870ce42f11e806ebf4b83f0	576	1
work/ext7/4-2s1s1__group.6123__X010	a2a4d957b7d16a6f215e7316faa52921	288	4
work/ext7/2-2s2-2s2-1__group.3210__T	2aff8d542b6c4f555297d5c999dbe327	144	1
work/ext7/4-2s2-2__group.6676__T	5628c5420da8a5896f82d5c9bf41c5db	144	1
work/ext7/4-2s2-1__group.6374__X001	b508d7a0639a9433fd7bc2fc77c7a689	144	1
work/ext7/4-1s2-1__group.5068__X101	406f2fc77d08188a39013a754bb28ab0	256	1
work/ext7/4-2s2-2__group.6697__X011	c61072a5fe6e6191c74a83a825dff817	144	1
work/ext7/4-2s2-2__group.7026__X001	065505fcec880a8dbc5da72e5ec1f34f	864	1
work/ext7/2-2s2-2s2-2__group.3599__T	2921db663a810bd1f7cb2dbc723b85d3	216	1
work/ext7/4-2s1s1__group.6298__X1000	002ba6eccd9362377cce25b7d7faffd9	96	3
work/ext7/4-3s1s1__group.7229__X101	c6e34f77a8f172590ef5d4a88f8f2e47	80	2
work/ext7/2-2s2-1s1s1__group.2137__C	f10d09de7c44975e171bb350bd758804	96	3
work/ext7/2-2s2-1s2-1__group.2504__X1000	25080ab2738c4de74f6107caf9128ec1	192	1
work/ext7/2-2s2-2s2-2__group.3761__X00011	581393a033673f33392967c1841bcad1	864	2
work/ext7/4-1s2-2__group.5610__X0010	6dec91e77fa950edd70ed40a3965df2f	384	2
work/ext7/4-1s2-1__group.5111__X1111	35526c4627ff12a47abfd56de87262a2	256	1
work/ext7/3s1c1s1__group.3828__X001	1450757f6a3c34cb3d0a35259f3ea885	96	2
work/ext7/4-2s2-1__group.6576__X11	f0ff7908b7d9914b691a474b35d03f31	72	1
work/ext7/2-2s2-2s1s1__group.3133__T	76b5e51c0630854655034e86b05367dc	72	3
work/ext7/4-2s2-2__group.6649__X010	9d0c8ef76242e62bcb411d718f5d8825	144	1
work/ext7/3s2-2s1__group.4285__C	4464cea33a6dff7483b1d5dcb17bd7b6	96	2
work/ext7/2-2s2-2s1s1__group.2905__X1001	02890b31a2d7fdb21955bf7e5bc2f1e0	144	4
work/ext7/2-2s2-2s2-1__group.3383__X0111	89e8f3554c1687b827587e8d60ba4aa6	288	2
work/ext7/4-1s1s1__min.503__X10	fd5ecf963f74789c1722764e345bd5ee	8	1
work/ext7/4-1s2-2__group.5450__X001	d8d91c2a06407f18dd3e0507aeb1b286	192	1
work/ext7/2-2s2-2s2-2__group.3705__X0011	3b6035f139b5071675945420fcd9adbc	432	4
work/ext7/4-2s2-1__group.6521__X110	f0bbc7922023b06e8ae26fb60d766c3c	576	2
work/ext7/2-2s2-1s2-1__group.2627__C	62e5d6e99e1357e1ab9732ada0bbcc0f	192	1
work/ext7/3s2-2s1__group.4074__X10	d0be2c36b925184922b6b3bd2bda19ab	144	1
work/ext7/2-2s1s1s1s1__group.1806__X010101	39da79cf105a68639442ed52282a3c79	192	5
work/ext7/2-2s2-2s2-1__group.3321__X0011	de762d74703c83d1f11691889ef5bdff	288	2
work/ext7/4-1s2-2__group.5634__X01011	8008cbc2fdd50bff0bf8eb7c71abb611	384	2
work/ext7/2-1s2-1s1c1__min.254__X10	25bb9bab749fa584dbf9c223425fe4ee	16	3
work/ext7/2-1s1c1s1s1__group.1179__X0110	b7f59696a199ddae8f5be757338d520c	32	6
work/ext7/2-2s2-2s1c1__group.2724__C	46b50a1c7a9b8b04224de0ff54817052	36	2
work/ext7/2-2s2-2s2-1__min.418__X11	3b8f7269c532d17d854782dc91f358c3	24	1
work/ext7/2-2s2-2s2-1__group.3395__X1011	86c9bcd3c1c0b25a1cf6ec3ab57c1438	288	1
work/ext7/2-2s2-1s1s1__group.2122__X001	df8f5ac235f159abadfc739f1e892ee5	48	2
work/ext7/4-1s2-2__group.5474__X0001	b563a0d023b5ef2db0fff31ff3047a73	192	1
work/ext7/4-2s1s1__group.6187__C	ab7b8b6effa73e177ee0e83c297d5179	96	3
work/ext7/4-2s1s1__group.6306__C	41615519b7b7f0a9965436b53e003d77	192	1
work/ext7/2-2s2-1s1s1__group.2422__X0001	e5383d330e12d1a9d38ffd4fc448c843	96	2
work/ext7/2-1s2-1s1s1__group.1480__X0100	5708d4ece67a3d582c5c0e8f86b636d2	64	4
work/ext7/1c1s1s1s1s1__group.1067__X0111	a55453772e95a95c335d601c80706f0e	16	6
work/ext7/2-2s2-2s2-1__group.3510__X0011	0663153ce9b17dba3eb8340e1ade46f0	96	1
work/ext7/4-1s2-1__group.4949__X100	2f12dd64266ea922fc8b42c44c14d044	128	1
work/ext7/3s2-2s1__group.4298__X0101	ab10c88aaa9b6052b708e22edda4723c	576	2
work/ext7/2-2s2-1s1s1__group.2029__X01000	20cc6f127c81988d8f74322d31482703	192	3
work/ext7/2-1s2-1s1s1__group.1434__X1100	1751e290e9f16147454c1564d29307d5	64	1
work/ext7/4-1s2-1__group.5153__X101	988108c70acacbfb62843ad14bc9da69	384	1
work/ext7/6-1__group.7492__X11	9b429c02394effce3c22726885cae284	96	1
work/ext7/2-1s2-1s2-1__group.1541__X01001	0bb5ac20e2486086f903be2d1ef40b7c	256	1
work/ext7/2-2s2-1s1s1__group.2394__X1001	0b9ab1b4d3dda979ac7a587905fcd727	96	2
work/ext7/4-2s2-1__group.6392__X0011	e0d7dabcd506c7a7eff3c2bdc51c7581	192	2
work/ext7/4-1s2-1__group.5279__X0001	d20b3b8c7dbc446113f1097c06a3ef73	768	3
work/ext7/4-2s2-2__group.7068__X1110	901ad696b4d50d06f5b72a866fe5321c	864	2
work/ext7/4-1s2-2__group.5674__C	85cd2fb7138bb6e2b7cc65cd01ea4c24	96	1
work/ext7/4-2s2-2__group.6743__X110	c66b07d13ec81e999f216aff12140347	216	2
work/ext7/4-1s2-1__group.5222__X110	8f6533b0993a4dfcbe745fdae0cb54ee	64	1
work/ext7/2-2s2-2s2-1__group.3341__X0010	358791ace5bbb2d0e0b8b5e38992e286	288	2
work/ext7/2-2s2-1s2-1__group.2496__X0011	db5438a0f0a357298ab18dad2e793957	192	1
work/ext7/2-2s1c1s1s1__group.1749__X011	cdd8f01d941c9cc7f47f5f93df025f79	24	6
work/ext7/4-1s2-1__group.4968__X10001	fc2ef820308d0f366d32adb5b4b8f168	128	1
work/ext7/4-1s2-2__group.5792__C	4b62c0a0aa9076f1e83fbca2c60ad5e7	192	1
work/ext7/4-1s2-1__group.5289__C	43f43af7aeb4abd494032862d0c752fe	192	1
work/ext7/2-1s2-1s1s1__group.1315__C	e5163d5472508a2adaeb8eac6cea2870	256	5
work/ext7/4-1s2-1__group.5116__X0001	5bc0a88a509b862c22a072d90e6dcdd2	3072	2
work/ext7/2-2s2-1pc2-1p__group.1907__X101	bed6e9d40408a9e3928127fb78c7d809	48	1
work/ext7/2-2s2-1s1c1__group.1974__X100	93da5b565d239560d590c357fabda892	48	1
work/ext7/4-2s2-2__group.6729__T	ca5a83f8c51e35937dfa18c7c39cd949	216	1
work/ext7/4-2s2-2__group.6799__C	67a987c444377db10b294c31bd16fb8f	432	1
work/ext7/2-2s2-2s1c1__group.2759__C	1f54289b774e848aac7ed9415f2a10c0	72	2
work/ext7/4-2s2-2__group.6889__X0010	f15b7e674ac37671962496e3e8f1a40f	432	1
work/ext7/3s2-2s1__group.4294__C	afacb59670b536276795b41a781cafa9	1152	1
work/ext7/4-1s2-2__group.5578__X001	0f56d7e151a222f68f57dc04402941f0	384	1
work/ext7/2-1pc2-1ps2-1__min.205__C	568e8ef3208f6dae631496e25e537554	16	1
work/ext7/2-2s2-2s1s1__group.2890__X0100	4ca5527e8a0552096763016721e81a73	144	5
work/ext7/3s2-2s1__group.4279__X11	1486a857c1435fe63549687cd3d10f98	48	2
work/ext7/2-1s2-1s2-1__group.1594__X0001	f0511058c7e2114f429edce39b2b1d95	64	1
work/ext7/2-1s1c1s1s1__group.1175__X0110	15cfc75f4d3613fe7430510d001545ac	32	5
work/ext7/2-2s2-1c2-1__group.1914__X0101	c724c0c6986fa9fb53d33d3617541789	96	1
work/ext7/2-2s2-2s1c1__group.2764__T	5370536b12a093d0f309967e7596f8da	36	1
work/ext7/2-2s2-1c2-1__min.353__C	d53a6ff6559ca2c90dd300fa914f6183	48	1
work/ext7/3s2-1s1__group.4032__T	0951cbd30dcd1a6ecd94286c7d015304	96	2
work/ext7/2-2s2-1s1s1__group.2372__X0011	38e735cce0dbd93c86cadf7ce8e260e6	96	3
work/ext7/2-2s2-1s1s1__group.2363__X0010	e9d395456af9dd5f25889dd6968df1ad	96	4
work/ext7/4-1s2-1__group.5250__T	60f47ae73ff65a4c58672934f1a919d6	64	1
work/ext7/4-2s2-2__group.6695__X010	e3cf86ff9a1d50f91ee31db6c6500957	144	1
work/ext7/4-2s2-2__group.6905__X011	3ca12ee2e9ec11421aa7c667d010b458	432	1
work/ext7/3s2-2s1__group.4205__X011	46d976bd603398eac0073b6c5fe0aab8	288	2
work/ext7/2-2s2-2s1c1__group.2804__T	525340f21fa3f67a6795cf86c3a50ac0	72	2
work/ext7/2-2s1c1s1s1__group.1773__X111	ab5b81d844d1e4676cb8e1d2aaafe119	24	3
work/ext7/2-2s2-1s2-1__group.2683__X001	78762ad196033af6f7c21af0f48363d8	96	2
work/ext7/2-2s2-2s2-2__group.3587__X001	bb36f38c4f0bad58f3f3c8e9edcdaa8e	216	2
work/ext7/6-1__group.7453__X10	eb19c3778c18014058b00592f8eedbd2	2304	1
work/ext7/3s2-1s1__group.3971__X1010	b64ebd7a59fc1b814e6cfc6b9b5999fb	384	2
work/ext7/2-2s2-1s1s1__group.2039__X01010	2359f23d07ecaabd4804b05a33eadd43	192	2
work/ext7/4-1s2-2__group.5640__C	a855e1a36c67d3bad15075e40484a6f4	864	1
work/ext7/2-2s2-2s2-1__group.3222__X001	8662a6686f76c8eac42e2e82f40db928	144	2
work/ext7/4-1s2-1__group.5233__X0110	52df1f47111863db0602e885fc8363c9	64	2
work/ext7/4-2s2-2__group.6721__X0010	973f32495e3c57bce806aaa1a35a13ce	1728	1
work/ext7/2-2s2-1s1c1__group.2007__X010	4d22069830f9aaba946c1f4b9bd97134	48	3
work/ext7/2-2s2-2s1s1__group.2906__X1001	74c09cde2189715f59b245fe124bd6c1	144	4
work/ext7/4-2s2-1__group.6550__X1001	cc87721a459b09e7f16d92cfca89ce79	576	1
work/ext7/2-2s2-2s1s1__group.2876__X1100	db5487055af80f44e53083178e767ac6	144	2
work/ext7/4-2s2-1__group.6345__X001	b70a40c5b4f63913a3c2c271023199b1	144	1
work/ext7/3s2-1s1__group.3912__X100	7eee13ee8d69f091c1283cb1bb828a6b	192	2
work/ext7/2-2s2-2s2-1__group.3255__T	ce62a93188ee6169218c1b7ae1b62e0b	144	1
work/ext7/2-1s2-1s2-1__group.1557__X01	4e3de5c850d057743475d798967cded6	32	2
work/ext7/2-2s2-2s2-1__group.3386__X0111	8f33f6c362619815bd4f70934edf6c97	288	2
work/ext7/2-2s1c1s1s1__min.326__X10	e4ee30ad77d50bea6f18f7a0496aef0c	12	5
work/ext7/2-2s2-2s1s1__group.2815__X11	d49a54f8731812ace26b5c6cbfdedd3a	12	4
work/ext7/4-1s1s1__group.4633__C	c3de87ce9c2383d21e0b348759038968	256	7
work/ext7/2-1s2-1s1s1__group.1320__X00001	34fcbf00b7dbbafab5d6da83c46cec84	128	3
work/ext7/2-2s2-2s1c1__group.2704__C	e892fdec5c4fc6e2c6a8bcbb1d04a228	24	2
work/ext7/4-2s2-1__group.6500__X101	e75483f9d5c26eb0adc203d066f8afe6	288	1
work/ext7/2-2s2-2s2-1__group.3435__X00110	78e6fe7b88681fc4edc55d8096ff71c6	576	1
work/ext7/4-2s2-1__group.6512__C	2a2566f50828904a938ae9d32d6cf158	96	1
work/ext7/2-1s2-1s1s1__group.1454__X0100	5f1688bd56efbe17b7f8f40ff7643bf5	64	2
work/ext7/4-1s2-2__group.5746__T	66dd992e9d30a3b79f92fb53c5441129	72	1
work/ext7/4-2s2-2__group.6833__X10	026d69d97193de93140a5b38c21be461	36	2
work/ext7/4-1s2-1__group.5172__X01	299dc90526338d81d4be03b16ba489ef	48	2
work/ext7/4-2s2-2__group.6716__X10100	c8296ece5bd4460c55e358d9f151c2f2	1728	2
work/ext7/2-2s2-2s2-2__group.3715__X0001	9140f505b18eec0f338aa49d3f275169	432	1
work/ext7/2-2s2-2s2-1__group.3222__X011	b38a89f708cfc2355197bca31a8f387b	144	1
work/ext7/3s2-2s1__group.4193__C	f06d2634c2e42185895c896507b25fab	576	2
work/ext7/2-2s2-1s2-1__group.2623__X100	50bb680d4c5415bb7852c4d89fe2fd1d	96	1
work/ext7/4-1s2-1__group.5015__C	0c341aa001b09eff2fc7ac097a28c261	3072	1
work/ext7/4-2ps2-1__group.5873__C	9ac121b82c74c41da4e3cb5a5fe147af	48	1
work/ext7/4-2ps2-2__group.5886__X010	45362978cf44b1209cc2b734d47a25ae	144	1
work/ext7/4-2ps2-1__group.5876__X01	9a9a88d16312f34fbad86f7d424c3d89	48	1
work/ext7/4-1s2-2__group.5761__X0100	f7e720d62da7dc2721d6b0ea6f9a66cd	768	2
work/ext7/2-2s2-2s1c1__group.2738__T	fc90c53e4e2f2d8eee592c394597e3b0	36	2
work/ext7/2-2s2-2s2-2__group.3553__C	eda1649d54c5f9c0d7c4d415c700cae2	216	1
work/ext7/2-2s1c1s1s1__group.1798__X1000	6002fe08e2a97bfecef273a3b65cd128	48	5
work/ext7/2-2s2-2s1s1__group.3003__C	30916c56e4fd97fe38b722b54ade4340	72	4
work/ext7/2-2s1c1s1c1__group.1744__T	7bc70fe28c802c4116fbb1b79466acdb	24	2
work/ext7/3s3__group.4399__C	f51c8c403dc69f2ab0d4f0a613a807f0	192	1
work/ext7/2-2s2-2s2-2__group.3760__C	fa90cf49bce98f39ec2e50627df1ba17	1728	1
work/ext7/4-2s2-1__group.6493__X010	5f2129a3489dc87a17096a46a6b96a34	288	2
work/ext7/2-2s2-2s2-2__group.3687__X0100	fb5872b181e25d406c4a5ca0c11e7eaa	432	2
work/ext7/2-2s2-1c2-1__min.352__X01	81ddbf9dad2b8decf0c44ffdd5220476	24	1
work/ext7/4-1ps1c1__group.4401__X01	f84ee4633ba392842f9ea0a16d40e26e	16	1
work/ext7/3s1s1s1__group.3855__X001	768af87a0cc2d3415b0a66e055008c6b	96	2
work/ext7/2-2s2-2s1s1__group.2884__C	f5179a055fca3661429ff5ada0d5d923	288	3
work/ext7/2-1s2-1s2-1__group.1564__X000101	3a727dc427d89b18be7dbb090f85d6b6	512	12
work/ext7/2-2pc2-2ps2-1__min.295__C	2cf5e951451c49998d659ceded22f0ff	24	1
work/ext7/2-2s2-2s2-1__group.3459__T	74d7e65b76cd589688771cfda68eb9c8	72	1
work/ext7/4-1s2-2__group.5720__C	2ae5b96dd92898ec38d6e0b579622f76	1152	1
work/ext7/4-1s2-2__group.5628__X1001	bff4e2efa71e5c7d1ca8c96b1db63d6f	384	1
work/ext7/6-1__group.7438__T	4b8e20fed25b313e23bcae90535ba8cc	192	1
work/ext7/2-2s2-1s2-1__group.2526__C	2f080d85cb0934be2ac44471c7a1409c	384	1
work/ext7/4-2s2-2__group.6735__T	1b4fa170a202ccef0974ad6f9fd41421	216	1
work/ext7/4-2s2-2__group.6911__X011	9c946d1a0d8e4d0cf81ab79cd6e30e56	432	1
work/ext7/4-3ps2-2__group.7158__T	5224507609e11f633d3fe0f7ccf50959	60	1
work/ext7/2-2s2-2s2-1__group.3399__X0010	2f1d2ce7db76eb73580926c116190d21	288	1
work/ext7/4-2s2-2__group.7053__X0010	df20a655c6f2da6b1c8c99c708026a3d	864	1
work/ext7/4-1s2-2__group.5756__X1100	89ef26eb91da154f015111b678fa7369	768	1
work/ext7/2-2s2-2s2-1__group.3335__X1011	7a2671a4f651acca2f749cebf4ed227c	288	1
work/ext7/3s2-2s1__group.4052__X00010	1ce4e80545a7237914d5773b42d3605b	1152	2
work/ext7/4-1s2-2__group.5382__X11001	8031c2384610d6b49f725c45a69ea84e	1536	1
work/ext7/4-1s1s1__group.4861__X100	8a5ce077209f4b1bace0d7f7a55176d1	64	3
work/ext7/6-2__group.7572__X10	474a2bdf8acde2ccfd21b4e7c9f7f20e	432	1
work/ext7/5-2s1__group.7395__C	73b7faa6a88e63bdaa5c7a55a6f5adef	2880	2
work/ext7/4-1s2-1__group.5095__C	71962db44bf65e8733d8e7a2aed383f9	512	1
work/ext7/2-2s2-1s2-1__group.2484__C	1c69b35bf4982578d0fdcdcf8277a3e6	384	1
work/ext7/4-2s1s1__group.6114__X1100	0642afcb16dd6cafc5405637f78a18fd	288	8
work/ext7/2-2s2-1s2-1__group.2532__X10010	b5341746e68efe3c12e7bd6cb62d841a	384	2
work/ext7/2-1pc2-1ps1s1__group.1082__T	71fe25d69d9357365e3aa4ba3d2fb924	16	2
work/ext7/4-2s2-1__group.6452__T	b676f000e5e0073b8dc1c3bc81367f69	288	1
work/ext7/2-2s2-1s2-1__group.2449__X0001	06fec447453ae4e0049dbfd22563fb5e	192	1
work/ext7/4-3ps2-2__group.7154__T	19e26c0210ea27ce69e6f991789f98a4	30	1
work/ext7/2-2s2-2s2-1__group.3415__X010	2ae984ee5af9f6fc672039f43c8c5fe2	48	2
work/ext7/2-2s2-2s1s1__group.2852__C	687aca568d61f8c4e7517308a9f22462	288	5
work/ext7/2-2s2-2s2-2__group.3628__X010	0a6bc8c104e7db342524b7ae47015bd6	216	1
work/ext7/2-2s2-2s2-2__group.3700__X1101	8853768a02eab66d5fb904ef3c0c336f	432	1
work/ext7/2-2s2-1s1s1__group.2380__X1001	363e1a1b7f4664e1bf3d640d38e4b843	96	4
work/ext7/6-2__group.7526__X10	29eaa19aa33e813bb78bbd70d56c0da9	144	1
work/ext7/3s2-2s1__group.4160__C	f78f3d56173e97aa6ec681a80fb733e4	48	2
work/ext7/4-1ps2-1__group.4428__T	99fc728400e49ed858b6e79c61554b4a	64	1
work/ext7/2-1s2-1s1c1__group.1289__X011	8a7e4a55ccff0386cb32409da8c0c444	32	2
work/ext7/5-1s1__group.7369__T	c8f481d1b8350103c43626a88e894b81	3840	2
work/ext7/2-2s2-2s2-1__group.3249__X010	1147ee81b02bade876e5bab88eb04116	144	2
work/ext7/4-2s2-1__group.6389__X0001	b1f477a80a900c763ab5fadb6c8c8f24	192	1
work/ext7/6-1__group.7461__C	8b08d0c4ffa2d384c3f0eb7493004076	768	1
work/ext7/4-3ps2-2__group.7168__T	5f8c760fbceee4f1a7f06d160ba0c8f7	60	1
work/ext7/6-2__group.7549__X01	cc0a54e75f901c270fdefbd90364bcb5	2592	2
work/ext7/2-2s2-2s2-1__group.3424__X10011	bb8d45b3fc3fa02a4e341f6e37754d84	576	4
work/ext7/2-2s2-1s1s1__group.2359__X1010	34a5b2a8ab702b26c78379e5cde593dc	96	4
work/ext7/4-2s2-2__group.6895__T	a473df54e7bfbe180fda3b4f6b48a982	432	1
work/ext7/2-2s2-1s1s1__group.2197__X101	dcd9a7d60b3fb5d2397a3fa840a2a5ec	48	3
work/ext7/2-2s2-1s2-1__group.2514__X1100	6fa54ea6ef7914906d7da2d381ad7d3e	192	1
work/ext7/2-2s2-2s1s1__group.2945__X00110	aae6c181962a8de0039bfc2a2340580a	288	3
work/ext7/2-2s2-2s2-1__group.3274__C	809a3378390e2c6bb825404d74222325	288	1
work/ext7/2-2s2-2s2-1__group.3410__X100	9ca18b05d82efe3c38e473baf387210a	48	1
work/ext7/4-1s2-1__group.5078__X010	1a09edf80bc058796151c7beae1a60d3	256	1
work/ext7/4-1s1s1__group.4658__T	c04967966ad42f98bce4b14ccaa483c6	16	3
work/ext7/6-4__min.666__T	0ab9ecfd29a7f462d728b755bb413c0c	120	1
work/ext7/2-2s2-2s1s1__group.2950__C	7c3b34bcfbf5af2a2fe0805a6c6099ec	72	4
work/ext7/4-2ps2-1__group.5882__X010	914be99aec7f132d18220e8a1f57c69f	96	1
work/ext7/4-2s2-1__group.6320__C	7fa09353d9f74183830247a1436ac005	2304	1
work/ext7/2-2s2-2s2-2__group.3662__T	35eeafb7854cc380382aa706ea3eabca	36	1
work/ext7/2-2s2-1c2-1__group.1912__C	82dca64ec178ad133c18991b3463b419	96	1
work/ext7/2-2s2-2s1c1__group.2810__X011	b784acfcdea490ebf254945da2e66cdd	72	1
work/ext7/4-2s2-1__group.6437__X101	8c5010b84c9f346e043ac9bdd39989f4	288	1
work/ext7/2-1c2-1s2-1__group.1096__X110	093cd26f42f53c3c5ef926a6a66c87be	32	2
work/ext7/4-1s1c1__group.4496__X1111	ef363371e3beafd01f1952efffc8fbfa	256	3
work/ext7/4-1s1s1__group.4757__C	96a2af7543f921bfb39154dc6c8e330d	64	4
work/ext7/4-1s2-2__group.5319__X101	5761721fcb5d7f3049903a5fc6e44832	1152	1
work/ext7/2-2s2-2s2-2__min.424__T	f76ab099e23e0f8a0c2ca15349409600	12	1
work/ext7/2-2s2-1s2-1__group.2494__X1000	19733c5b7f73a7f1be09585b6333b3bb	192	1
work/ext7/4-2s2-2__group.6866__X101	31d4d69d144b19b63792fde0988cb258	432	2
work/ext7/2-2s2-2s2-1__group.3185__X111	479c19f0c5034e742eb98b5d236b3eae	144	1
work/ext7/3s2-2s1__group.4067__X01	361676fe78f24f6cb163adb1c8ade2ca	144	1
work/ext7/4-2s2-2__group.6887__X100	342d3e7f1c3d3fa7b495a41126e056e9	432	1
work/ext7/2-2s2-2s1s1__group.2864__X1001	10e22e5d5cbbea04e07f56479a0a314e	144	1
work/ext7/2-1s2-1s2-1__group.1541__X00011	377046a1111708a6ea068cd52ad3c46c	256	2
work/ext7/2-2s2-2s2-1__group.3224__X100	e67eb63e6b2697d6bb13eb73be3cd204	144	1
work/ext7/4-1s1s1__group.4612__X0110	9b8d33e0cafdcf026506d5b36864043c	128	2
work/ext7/2-2s2-1s1s1__group.2357__X1110	851d08e663f8333cccd78df557519006	96	2
work/ext7/2-2s2-2s2-1__group.3481__X11	0cf19e6751fef4afe682a89e323d9fd9	72	1
work/ext7/2-2s2-2s2-1__group.3174__X110	baf17869dfe84820c0f45425125a7566	144	1
work/ext7/4-1s2-2__group.5462__X00101	379d959541129d899844461080c7eeaf	192	3
work/ext7/4-1s2-2__group.5809__X110	9c6dbf4cdd113e9b8860aa23858839f5	96	2
work/ext7/2-2s2-2s1s1__group.3162__X11000	b6da2180282f91276ceec30e6a1911a9	96	1
work/ext7/5-2s1__group.7411__X01	a8add08c0adf08f6342aa2051b2557f8	720	1
work/ext7/2-2s2-2s2-1__group.3355__X1100	a5c3e10fe9a548bfdc58a596de51a0c1	288	1
work/ext7/2-2s2-2s2-2__group.3539__C	6a346bb4ac9e4ac1971602a673d305f3	216	1
work/ext7/4-1s2-1__group.4947__X011	b957ea7b6d96492a2a1da9f734cdf3cc	128	2
work/ext7/2-2s1c1s1s1__group.1763__C	615df7f23b6d3a64f6b145af0f3dcc5a	48	4
work/ext7/2-2s2-2s2-2__group.3706__X0011	37315ca42f7d6170a79d489853db08ee	432	4
work/ext7/4-2s1s1__group.6065__T	5130f68002274faf4bde81a246f5f515	144	3
work/ext7/2-2s2-1s1s1__group.2310__X1110	ef9a7ea2c99560108f1699547a6c815e	96	3
work/ext7/4-2s2-2__group.6887__X010	0cc438dcfce41c33115f1083eec14665	432	1
work/ext7/2-2s2-1s2-1__group.2505__T	eed9dd780833d763ac97bbca6c473cfd	192	1
work/ext7/2-2s2-2s2-1__group.3382__C	f4cc4acc83033c3b7ac8822b30907e35	576	1
work/ext7/3s3__group.4398__C	ae8ab45bfa6907218fa67b0e437035ab	192	1
work/ext7/2-2s2-2s1s1__group.2862__X1010	7110f7ca29cf259dfa3ddaa7b6547903	144	5
work/ext7/4-2s1s1__group.6269__X110	4116f8d8a132504376dda54cc39560e5	72	4
work/ext7/4-1s2-1__group.5272__T	653c712213e44e5e9c7dccaa74e54518	768	1
work/ext7/2-2s2-2s2-1__group.3378__X1100	0a9c163edf3143d1bb9599fc3f0d7adf	288	1
work/ext7/2-2s2-2s1c1__group.2724__T	07876ac6d45c06c0fd60b611a7eee8de	18	2
work/ext7/4-1s2-2__group.5320__C	7a2e2402310c2835c18aaf5e1abb3ebf	2304	1
work/ext7/2-1s2-1s2-1__group.1518__X1000	eec96395db8ddb2b9d41a2f3bba5a8a1	128	1
work/ext7/2-2s2-1s1c1__group.2022__X1001	d330f096153cad2ec0e472dd2520c914	96	3
work/ext7/4-1s1c1__group.4565__X001	b8021799ac7ecb9138948c31665011d3	64	3
work/ext7/2-2s2-1s2-1__group.2574__T	74dfca144ddf795d2f591553d898ebef	48	1
work/ext7/2-2s2-1s1s1__group.2333__X0011	8a6b8309be51e5b440ae16ed17174706	96	2
work/ext7/3s1c1c1__group.3784__T	3d1f4497e855d9b065442ab84b6148b2	48	1
work/ext7/4-1s2-2__group.5826__T	27f38dcf904c077896b1519e9ff06866	96	1
work/ext7/4-2s2-1__group.6473__X1000	4f45123098a61db47303a0c1d85fa4f6	288	4
work/ext7/2-2s2-2s2-1__group.3478__X10	f3f3eb2fd8c1cbbe1df7f986847a2bb0	72	1
work/ext7/4-1s2-1__group.5220__X1100	1145bc92badeba231e923750c50f6809	64	2
work/ext7/2-2s2-2s1s1__group.2933__X11011	e27bb9f3d7b1c236ed1d575673d4e680	288	5
work/ext7/4-1s2-1__group.5280__X1000	7579330a68a2343aa26eec0df6d1e5c0	768	1
work/ext7/4-2s2-2__group.6891__X011	95d40ba98bed925070b7d7dc6b3ab19a	432	2
work/ext7/4-1s2-2__group.5654__X010	e55f053b5b16826497e6f8ca64ba7ac2	48	2
work/ext7/2-1s2-1s2-1__group.1536__X0001	8bb7c42c03e197e6b68c273960611c28	128	2
work/ext7/2-1s2-1s2-1__min.287__C	197abed7326005ff939864c3279f90a5	64	1
work/ext7/4-1s2-2__group.5711__X001	054ad3ef264069ca663e5bf7c4685894	576	3
work/ext7/2-2s2-2s1s1__group.2836__X0011	6bcbe75fadd55453ad99d937bf8fde65	144	2
work/ext7/4-2s2-2__group.6795__C	cfb032967bdcd5bf8b6ad6ab1f2dde61	432	1
work/ext7/2-2s2-1s2-1__group.2447__X1100	1a59429cccbb3bffd2ad94c0b0ee9841	192	1
work/ext7/2-2s2-2s1s1__group.2939__X10000	626bc8c251f8841c684ac8c7c34511be	288	3
work/ext7/2-2s2-1s2-1__group.2527__X10001	e011f26723c2981eab9c52cc7277b5a0	384	1
work/ext7/4-1s2-1__group.5048__T	427e5a4c06cc85f2dc60bf040b9a2bd8	192	1
work/ext7/2-2s2-2s2-1__group.3232__X100	afa2f94f5b5cb821f8edf633933832e7	144	1
work/ext7/3s2-1s1__group.3887__X101	ff6f899eeed588c8fc0e4db73ff6a202	192	2
work/ext7/2-2s2-1s1s1__group.2040__X00001	675649f6a12e5154dc4070d748905d72	192	3
work/ext7/2-2s2-2s2-1__group.3459__C	f7ba70d07e27940826d88674202591aa	144	1
work/ext7/2-2s2-1s2-1__group.2633__X100	79acc56d8054be37019bdfc07880b839	96	1
work/ext7/4-2s1s1__group.6050__X1010	9717f0be61bcf181f766a72a0a1aa2f7	144	3
work/ext7/2-2s2-1s1s1__group.2033__X10100	59193772ca11ca6def4d9d32a423e72f	192	6
work/ext7/4-2s2-2__group.6753__X11	a4ad1fae5aa83e2cc4b4c321f077bfaa	216	1
work/ext7/2-2s2-2s1c1__group.2711__X0001	9dee364032e32943996c8ea066676671	144	1
work/ext7/2-2s2-1s2-1__group.2453__X0001	ca8442464bb80408500bb0060ceec236	192	2
work/ext7/2-2s2-1s1s1__group.2377__X0111	c9c95111dedb2297e4f56034295d9821	96	3
work/ext7/2-2s2-1s1s1__group.2204__X101	f1fee2d1775161c411302179e34791ce	48	3
work/ext7/2-2s2-1s2-1__group.2601__X001	d136220036be4b8c4b32c8818040ddea	96	2
work/ext7/3s2-1s1__group.3910__X011	89655a007796d83b01fd4ed115ed5dc1	192	3
work/ext7/4-1s2-2__group.5793__X10	53239c941785a02040f22544a0470b36	96	1
work/ext7/4-3s2-1__min.642__C	45dd282b8c5674eeed2925ed860c13f4	480	1
work/ext7/2-2s2-1s2-1__group.2533__X01011	b4b0789a9ecef72373962b9589dfbf4d	384	4
work/ext7/4-2s2-2__group.6682__C	43eb58041cc2dcd97e8e3aababe395c3	288	1
work/ext7/2-2s2-2s2-1__group.3389__X1101	d5ab44eecd1b828475400774395bae82	288	1
work/ext7/4-2s2-2__group.6857__X001	0296800d281c350222f63ec4190b7d60	432	1
work/ext7/4-1s2-2__group.5613__X011	9bb1128eb06cfd0d1373483c81e6377f	384	2
work/ext7/2-2s2-2s1s1__group.3162__C	e6b95735eb739e1925004a9706287ef7	192	1
work/ext7/6-1__group.7427__X11	b3ae02f7db47fbbba46f22a08c671311	1536	1
work/ext7/2-2s2-1s2-1__group.2624__X100	11038a51bfceb15ff5742175f05ce849	96	1
work/ext7/4-2s1c1__group.5975__T	4c265addae34af80ffe119c637e490fa	72	2
work/ext7/4-1s1s1__group.4621__X1101	259e2990c6c371968b84be8ed8286610	128	4
work/ext7/4-1s2-1__group.5286__X100	83d4cd487406f9c75fec57c11c472cd1	768	1
work/ext7/4-1ps2-1__min.472__T	a3fa9d149a4a08b483b5977431ad6c9e	32	1
work/ext7/4-2s2-2__group.6903__X100	f115ef4508ea82577e9c494b812bca39	432	1
work/ext7/4-2s2-1__group.6419__X111	756244ab55c330835107488269f4dbcd	288	1
work/ext7/4-1ps2-2__group.4440__X10	3cc9b080e9cbbf7103d42ae98e37107b	48	1
work/ext7/4-1s2-2__group.5837__X0010	2cacc9ce7bc369926c0fdde788752b14	96	1
work/ext7/4-2s2-1__group.6456__X101	086115a47c2608ec43069dc04f078c72	288	1
work/ext7/2-2s2-1s1c1__group.1932__T	eb3e45426e7ec4231902814cd0317f41	24	1
work/ext7/2-2s2-2s2-1__group.3401__X0100	60399b6d732638aa6182758b76c24c34	288	2
work/ext7/4-1s2-2__group.5333__X10	871163ddbdb82b3e155d6f2675631fd4	1152	1
work/ext7/4-2s2-1__group.6466__C	fca93c2201bdbd584feff15e4974c8ea	576	1
work/ext7/4-2s2-1__group.6597__X010	144e6a5d70ffddc05a378cd4ab75d016	96	1
work/ext7/2-2s2-2s2-1__group.3332__X0101	ace3d66a18be9962648ae51a323d6c00	288	4
work/ext7/4-2s1c1__group.5974__X10	a7375436d9d805c31d19729b5dca5dd1	72	2
work/ext7/4-2s2-2__group.6898__X001	ede97f9df81e6e1b24885878d317bd85	432	1
work/ext7/4-1s2-1__group.4974__X111	e3b5d6268d2e7fb31228e72a5827a4a9	128	1
work/ext7/4-3s2-2__group.7312__C	45c3d56da74b68efbfbc6adb3d04ab1d	720	1
work/ext7/4-1s2-1__group.5100__X1000	e023e594882350f9051cd3c18e8f1553	256	1
work/ext7/1c1c1s1c1s1__min.179__T	2eaf985c68f573ade222cf5226921a07	4	4
work/ext7/4-2s2-2__group.7060__X1000	2642eafb7e277c1049a5d69b661d0b82	864	1
work/ext7/4-2s2-2__group.6702__X101	3e91992b59ba7f41b7a1d22065253bff	144	1
work/ext7/4-2s2-2__group.6857__X100	aafe528954f614e079ebeabbb27a5746	432	2
work/ext7/2-1s2-1s2-1__group.1536__T	92b3d81fa32d277e732b7d4c3a224220	128	1
work/ext7/4-1s2-1__group.5011__T	f16f918a0865bf5f80083cbaecd25fdd	1536	1
work/ext7/2-2s2-2s2-2__group.3519__X10	73e7b1d2a4ba0383aeb82c6622fbf10d	108	1
work/ext7/2-2s2-1s1s1__group.2346__X1001	888907cf48515a47e139dfa12708e069	96	2
work/ext7/4-3s2-2__group.7337__T	12d1f1dd1da90e851d135ff196a419e7	720	1
work/ext7/4-1s2-2__group.5616__X001	54023780ba680a7790a815861d4e5519	384	1
work/ext7/4-2s2-1__max.18__X00111	47ad5ff9aaa558309b7e7425d5598e72	2304	4
work/ext7/2-2s2-1s1c1__group.1959__X001	8105536d70a2dafff10889ac4c2de2f5	48	3
work/ext7/6-1__group.7484__X011	822bc8e4434690fe2c754fcf05ab6b08	768	1
work/ext7/4-2ps1s1__group.5863__X10	eec9ea51357838fdc852df69a1b19f63	24	2
work/ext7/2-1s1s1s1s1__group.1217__C	7e19861c5280c6ff09c5f38a96a4f245	64	14
work/ext7/4-1s2-2__group.5551__X01	9d055284c1d498781d3e6a48ba7953da	288	2
work/ext7/2-2s2-2s2-1__group.3432__X11101	3b10354980ac15bc0c5d1e9a41a3d1f6	576	1
work/ext7/2-2c2-2s2-2__group.1676__X11	aab603901c9e53366fc0624e0963cc8c	36	1
work/ext7/4-1s2-2__group.5848__X011	5387c9f95151a2c9ad927713b7d69473	96	1
work/ext7/2-2s2-2s2-1__group.3187__X011	047ac9068241a371ac519f8cf44ebdaf	144	1
work/ext7/2-1s1s1s1s1__group.1248__X00100	d3ad82abc48430f766b7a5e502d98d6d	64	6
work/ext7/4-1s1c1__group.4524__X01	ba1206afdbcc8ff0f568c7878d13b012	384	1
work/ext7/2-2s2-1s1c1__group.1994__X100	9c43fd2c07a001c1e18ff725c6d326a7	48	2
work/ext7/2-2c2-2s2-2__group.1677__X100	ed14e11033a3debd88ea80fed5ddffb3	36	1
work/ext7/2-2s2-1s1c1__group.2023__X1001	4b6c512d9b3a01e4e703b19e7c3525ea	96	2
work/ext7/4-2s2-2__group.7043__X1110	e37fed59407ee6f0d633c6f1bf5bce2e	864	2
work/ext7/3s1s1s1__group.3832__X0011	0d44400a632a992129030a3c1509dd23	192	2
work/ext7/4-2s2-1__group.6434__X110	4f6cc97f7b0119f762a7e59638659b11	288	1
work/ext7/2-2s2-1s2-1__group.2451__T	8a624534713d71a07f549c6a51d70e3e	192	1
work/ext7/4-3s2-2__group.7303__T	edf8cd66ecd6a5edc99e9e27970a2fcf	240	1
work/ext7/4-2s2-2__group.6821__C	3fb1642bb237fdfd81b822f673189c6b	576	1
work/ext7/2-1s2-1s1c1__group.1306__X0011	486d6d656bd3febef12258af6f548aac	64	2
work/ext7/4-2s2-2__group.7026__T	fdd13d42fa6fd30a4945ddc5f84b3cd0	864	1
work/ext7/4-2s2-2__group.7010__X100	3377d7f5a75b476e18bee9b2237d2468	72	4
work/ext7/4-1s2-2__group.5553__X01	e2e3dc5fdbbf8a820c81783d311a8f38	288	1
work/ext7/2-2s2-2s2-2__group.3727__T	010e01dd59edd6d49f4fd3f41692ea16	54	1
work/ext7/3s2-1s1__group.3928__T	a49b8adbad08bb744ac3d70ba1137412	192	1
work/ext7/2-2s2-2s2-1__group.3477__X11	1cc5da9d2e78c3c261e1f807d764399c	72	1
work/ext7/4-2s2-1__group.6322__X0101	a19a8b8af5a0105af5b47ab5c6f9c6a8	1152	2
work/ext7/2-2s2-2s2-1__group.3352__X1101	8556ffc6d7c6304593e590df5f560ad7	288	1
work/ext7/4-1s2-2__group.5419__X010	5fce7b79dc54d9eb475ca12450e9aa91	192	2
work/ext7/2-2s2-2s2-1__group.3394__X1001	eacee8c0f5992b1391c0a841b32d7a71	288	2
work/ext7/3s2-2s1__group.4079__X10	441ca26ac56762d065bd84af3bbf4a5a	144	1
work/ext7/4-2s2-2__group.6823__X1000	6e10695e143ae01e571c0463c928424c	288	1
work/ext7/2-2s2-2s2-2__group.3750__X100	37b512fdb5eed2f05031bcde2698fa3e	72	1
work/ext7/2-2s2-1s2-1__group.2503__X1111	2f1b40ec164d24ba46b3a94e8d60c4bc	192	1
work/ext7/4-2s2-2__group.7016__X001	8f7ecf5538a256c0937b35cb9edc1f02	72	1
work/ext7/4-1s1s1__group.4592__X001	d5881984e29c1a9cfd209ba924b11bb6	128	3
work/ext7/4-1s2-2__group.5752__X0111	2f9f410517401183dd37f82d94bc45f9	768	1
work/ext7/2-2s2-2s1s1__group.2875__X1010	20b0eafb05cf010f9a604c5d782980cd	144	4
work/ext7/4-2s2-2__group.6870__X010	a779c7712d980f7d5a0bb4c2ffb40ae7	432	1
work/ext7/2-2s2-1s1c1__group.2018__X1110	746a5384002c7fe73a4ec93b50f69c2d	96	2
work/ext7/2-2s2-2s2-1__group.3376__X0010	84e64a77008f1d74a203169ec89d592a	288	1
work/ext7/3s2-1s1__group.3895__C	33df90f829ff437ede9ceaa30d69ce34	384	2
work/ext7/2-2s2-1s1s1__group.2185__C	98ea514e5e33e51faccbd90db5ca6d6d	96	3
work/ext7/4-1s2-1__group.5049__X101	d15415419ae6449e9b6cc14a5359f084	192	2
work/ext7/4-1s1s1__group.4753__X100	dbd51e0cc1df1e787d868b4f67d0c4c2	32	2
work/ext7/4-3s2-2__group.7335__X11	3555f824e5d02c4735849d7b539a1499	720	1
work/ext7/3s2-1s1__group.3977__X1111	f50a4af8e2411ceefc55e5775328eaf4	384	1
work/ext7/2-2s2-2s2-2__group.3607__T	e4c3d902b10da353f9563574135b99b1	216	1
work/ext7/2-2s2-1s1s1__group.2064__X01	6d9483d388acce402c617b1e3c10a892	24	2
work/ext7/4-1s1c1__group.4548__X0101	9dbda335a9644fa17133d0ccd7a7b373	64	3
work/ext7/4-1s2-1__group.5008__X100	c8ec820fae742f630fb6a1d7b910bcc9	128	1
work/ext7/2-2s2-2s2-2__group.3600__X111	97ae1b4e3ae64e2f58ae6ea0c81e4f51	216	1
work/ext7/2-2s2-1s2-1__group.2684__X010	24d9e8309919bde68a31fb68973fbc9c	96	2
work/ext7/2-2s2-1s1c1__group.1987__X001	1f22880698dedcc6d0bcbb5c9e3d5170	48	2
work/ext7/4-1s1s1__group.4859__X10	27399a553bada2d0e5807ab0dcdbf922	64	4
work/ext7/2-2s2-1s2-1__group.2529__X01001	da1a231e4442a1d62f12c40d2ff21314	384	1
work/ext7/4-2s2-1__group.6503__X11010	8953cd26ed8be71c41aa659a7e24e606	384	1
work/ext7/4-1s2-1__group.5182__X0010	757c9f59224a1dc372cd027924a28c65	512	1
work/ext7/2-2s2-2s1s1__group.3024__X110	642fa6527bea61c28243cacaffc9fb8c	72	2
work/ext7/4-1s1s1__group.4850__X010	4a43e5c95cbe5cb7127cfd251be75295	64	2
work/ext7/2-2s2-1s2-1__group.2534__X01001	8ede958a775b329d590a3e6eee2d546f	384	2
work/ext7/2-2s2-2s1s1__group.3054__X111	be741046676b4133e1ae2245717de2a9	72	3
work/ext7/4-2s2-1__group.6321__X0010	defead48eac28c5cd22a960ca0d1ad12	1152	1
work/ext7/4-3ps2-1__group.7133__T	f7b99de3d445a2a572ebf01b710bcabf	80	1
work/ext7/2-2s2-1s2-1__group.2675__X011	91d3956e8e832edcc85e405cb530e712	96	1
work/ext7/4-1s2-2__group.5818__X001	8ddff87734572bb01d9903674c052746	96	1
work/ext7/2-2s2-1s1s1__group.2032__C	d95bca9f509131e2ce8278228d80e98c	384	3
work/ext7/2-2s2-1s2-1__min.384__X11	b16f7be610b79dbb2e1340c83ae209f1	24	1
work/ext7/2-1s2-1s2-1__group.1550__X011	89fae14616dfe9dc9e22346d14d8c2ae	32	1
work/ext7/2-2s2-2s2-2__group.3737__T	4e261efbe56039809debbbd36c36909a	72	1
work/ext7/3s2-2s1__group.4089__C	56f4aaef49092b573b96ad494c847781	288	2
work/ext7/2-2s2-2s2-2__group.3658__T	cc2a7e2718980b96bb547d310553608c	36	1
work/ext7/4-2s2-1__group.6592__X110	619de8c85acd6409ba80d31af40aa1d3	96	1
work/ext7/2-2s2-1s2-1__group.2588__X111	993a70a5608d3322adb6131e5b5e35f8	96	1
work/ext7/4-1s2-1__group.5110__X1001	99e876d4155451306fe04ac904c138a6	256	1
work/ext7/4-2s2-1__group.6596__X011	b450f85a1ea09755906bc3ed7ca03ea7	96	1
work/ext7/2-1s2-1s2-1__group.1579__X101	a7b26a25065a058b5a9f37075f335f91	64	1
work/ext7/2-2s2-1s1c1__group.1981__X001	5e485046a1180733d9f2b39efa45d73d	48	2
work/ext7/2-1s2-1s2-1__group.1596__X1001	44399f6a9c1255371109c0f5e81614ed	64	4
work/ext7/4-1s1c1__group.4450__X11	c29ab48685eaebca9a46d4fac584d6d8	1152	3
work/ext7/2-1s2-1s2-1__group.1514__X0010	f9ecd1646916c1366a473116971931e0	128	2
work/ext7/2-2s2-1s1c1__group.1980__X010	3825e450b0e6ddb4e622eb55a0b22442	48	1
work/ext7/4-1s2-2__group.5603__X011	bdd8d299114470ce08e91e91b0b9a3cc	384	1
work/ext7/3s2-1s1__group.3938__X110	765e624d963a6561eefb80ba03f5b6b3	192	1
work/ext7/4-2s2-2__group.7074__X0100	909db7b643c7eda4978260ac9610948a	864	1
work/ext7/3s2-2s1__group.4058__T	3408a0245bf99c2fa3e6af683ac568bd	144	2
work/ext7/4-2s1s1__group.6239__T	8ccd8e3a33f43149fceb193bc46ac8ef	72	2
work/ext7/2-2s2-2s2-2__group.3562__X0100	75f8d5b16f975aa3c03d5611da61dc65	144	2
work/ext7/4-1s2-2__group.5637__X10	c3d546372d296a0ac1865414c412de48	384	1
work/ext7/2-2s2-2s2-1__group.3329__X0110	74cf55f9966c3378fd773399856dcde2	288	2
work/ext7/4-2s2-1__group.6619__X110	3ff1b5533e271e87e344d457b23de679	96	1
work/ext7/4-2s2-1__group.6479__T	f07075f1784513b4bbc10abf59d27c0a	288	1
work/ext7/4-3s2-2__group.7338__X11	769529efb9c9a7c289e1a1e2237560ac	720	1
work/ext7/4-3s2-1__group.7260__X11	680003fa347768136b865919041a08bd	480	1
work/ext7/2-2s2-1s2-1__group.2523__X1000	91d8579714a818831e23a0898ff27ec5	192	1
work/ext7/2-2s2-1s2-1__group.2679__T	3f2adeeda241bd8ef70f2baaeae23eac	96	1
work/ext7/4-1s1s1__group.4815__X11100	f79cf97c094a0b2b60fdd8039aad7a85	512	1
work/ext7/3s2-1s1__group.3970__X1110	3650f0ead9aed0577ad89e8900b6b0dd	384	3
work/ext7/6-2__group.7513__X01	7676b91bb185f00a5b5c3de7163810c4	1296	1
work/ext7/2-2s2-2s2-1__group.3436__X10001	8149cbe42e4e87d545fee4b6f9e498a3	576	2
work/ext7/4-1s2-2__group.5850__T	ca0448240075d6b4dd515fb4c7cfe38a	96	1
work/ext7/4-2s2-1__group.6536__X0001	b0888f117b1ab2ad448c4f0c65f5acf3	576	1
work/ext7/2-2s2-2s2-1__group.3387__X1100	afcac14ed7497e1864567d0906edb276	288	1
work/ext7/3s2-2s1__group.4161__X10	09e591de0ccd57f8d0eb047da5d6911a	24	1
work/ext7/4-1s2-1__group.5223__C	f26bbe27011885aaceb3ba7e97d0d0bc	128	1
work/ext7/2-2s2-2s2-1__group.3427__X00110	90bbd5fbe8d3f3b0601f1fa55804b4fa	576	1
work/ext7/4-1s2-1__group.5239__X1001	b44b1fa01b6881b14a2b95d33709bb17	64	1
work/ext7/3s2-1s1__group.3997__X10	94081556bf76f4759c1f1ac79b005c27	96	1
work/ext7/2-2s2-2s2-1__group.3387__X1110	2a4dd44dc195582090f8e37b3b566492	288	1
work/ext7/4-2s2-2__group.6867__X010	da10ba346cbc39bc9a2493f64bd8bede	432	1
work/ext7/2-2s2-1s2-1__group.2476__X1011	f0f359991305f36793c2c5832074eec1	192	1
work/ext7/2-2s2-2s2-1__group.3326__X0010	e3bdb5524db69987ca3f3bd565cbafe5	288	1
work/ext7/6-1__group.7417__X001	5d0f9aa68c9b1ccf33613a3973867395	1152	2
work/ext7/4-2s2-1__group.6491__X0111	bacdc458a27a50f2f21ee85f27530b30	288	1
work/ext7/4-2s2-2__group.7039__X0100	9ad13ac2451725957524d42facafff03	864	2
work/ext7/4-1s1c1__group.4541__T	9141de8c5e177c5999a1213b10e7e28f	576	1
work/ext7/5-1s1__group.7365__C	1b2f95e9de8ea45c10c5a7bc05cacb26	640	2
work/ext7/4-1s2-2__group.5492__T	aff49e0554a956f960803767805b68cb	192	1
work/ext7/4-2s2-2__group.7080__X0001	4c68eff731b65b1261a127703e2b5e74	864	1
work/ext7/4-2s2-2__group.6860__C	04e857534ec27518011a31da0e5a5a4e	864	1
work/ext7/4-1s1s1__group.4717__C	7629fdf10d6c62a3d60a85f3f35ed121	64	3
work/ext7/2-2s2-2s2-2__group.3555__T	f6708a27787d6825377ac9d4014d4477	144	1
work/ext7/2-2s2-2s2-1__group.3424__X00101	6fd82e09870374bf42f2efeea744361d	576	1
work/ext7/4-1s1s1__group.4829__X0010	39968653eb46aa3753c2377a1a72a045	64	2
work/ext7/2-2s2-2s2-2__group.3669__X01	92e46c6fafd6323697776f2389d42648	36	2
work/ext7/2-2s2-2s2-1__group.3480__T	b68502f64ac7d8af30228c13e0611c89	72	1
work/ext7/2-2s2-2s2-1__group.3173__X001	d206ba3de81c272d17f31f6f4d8f813f	144	1
work/ext7/4-1s1s1__group.4903__X0011	d4e332e182758e692b9c88768cd3552b	768	1
work/ext7/3s2-1s1__group.3893__X110	94f44bbf2f4518c90464aec977d39613	192	1
work/ext7/2-2s2-1s1s1__group.2353__X0111	057b6d443a308a886ebb8d819fe1903a	96	3
work/ext7/4-1s1s1__group.4747__X1110	1102424c071c0388f1b2e6f7df95ff02	32	2
work/ext7/4-2s2-1__group.6462__T	617a5b6d189dc78c8487c50cbcbacdbe	288	1
work/ext7/2-2s2-2s1c1__group.2744__X10	3553a02f269bf060dd35ef3e347f5d62	36	2
work/ext7/4-1s2-1__group.5247__X011	76c02f7d8a1d91d4a8f57e4237227096	64	1
work/ext7/4-1s2-2__group.5822__X011	8f9d2e4cbe23c6e2dbc0dd7541c617e8	96	1
work/ext7/4-1s2-2__group.5824__X110	08184ed17b71c28a9fab2faced5c6460	96	1
work/ext7/4-2s2-1__group.6482__X011	5cc1f24e0495da7f32eddab8920657cd	288	1
work/ext7/2-2s2-2s2-1__group.3239__X100	c993eb475f341cb83546691b1c79dbee	144	1
work/ext7/4-2s2-1__group.6590__X101	e2dd7bdf762afca511d722d63ecd475f	96	1
work/ext7/2-2s2-1s2-1__group.2490__X1100	7a3235bc6811f8241bb2c5edc0a91496	192	1
work/ext7/4-1s2-2__min.551__X10	a25895dd830dc8f9643b8c9ef8ad05d3	96	1
work/ext7/4-1s2-2__group.5671__X010	23771032f19dbf5a15fd4fb79964c990	48	2
work/ext7/4-1s2-2__group.5419__X001	f518be02668e54e7e668425efe9b888d	192	1
work/ext7/4-1s2-2__group.5806__X001	53097b09e0968b8799669462ea617ab1	96	1
work/ext7/2-2s2-1s1s1__group.2333__T	ede7dce1bd08692c59c006aa6d559b76	96	2
work/ext7/3s2-1s1__group.3925__C	0548e5ccb29941c6bdfbc9d8d88861f8	384	2
work/ext7/4-2s2-1__group.6511__X10	2a85a0c9830a19b4208e0ff6e713db0a	48	1
work/ext7/4-1s2-1__group.4957__T	44dc5e57960d53bf3db47b821566e5a5	128	1
work/ext7/4-2ps1c1__group.5857__X01	91131a0d2bc4c0abd2b98f6ba73d460d	24	3
work/ext7/3s2-1s1__group.3883__C	614cf3d0f85eb02360e2b16673404085	384	3
work/ext7/2-2s1s1s1s1__group.1865__X1101	cc535e3fca043f33aafb32187175da65	48	2
work/ext7/4-3s2-2__group.7297__T	5b78b05b693d0e66d978973542f80d84	1440	1
work/ext7/4-1s1c1__group.4555__X100	4b6622a7c6d7a8cde569f9a202a59047	64	2
work/ext7/3s2-2s1__group.4193__X101	881f2181883f9c7dbc7e1eba749c6fa3	288	3
work/ext7/4-2s2-2__group.6818__X0100	25aa7a9d95935935fac7acc804dda60f	288	1
work/ext7/4-1s2-2__group.5762__X11000	fa6397a968f1d94876d54c93872ccb16	768	1
work/ext7/4-2ps2-1__group.5879__X111	b7b1d4a4de9f82ccfb69248920ed9222	96	1
work/ext7/2-2s2-1s1c1__group.1920__C	e6192211568cfbf99f95f0b8cd6e0def	48	2
work/ext7/4-3s2-2__group.7304__X110	f68919e372688271337f124ca594d553	240	2
work/ext7/2-1s2-1s1s1__group.1450__X0010	3ac320a40f0bd4cb42c25ba3b8e47e39	64	2
work/ext7/4-1s1s1__group.4685__X001	2fe4088749e2a1edc3f19055717a9e17	192	2
work/ext7/4-2s2-2__group.7054__X1110	0cb2901f272d9c76302091aa2769075c	864	1
work/ext7/3s1s1s1__group.3837__T	77a1a4d1a781625dbd96d91a87d6bf2f	192	4
work/ext7/1c1c1s1s1s1__group.1051__C	b8beb9d04cb62524cc6d576dc8faa54e	16	2
work/ext7/2-2s2-2s1c1__group.2707__X1000	143dbe81ffc589596bd9804a750774b3	144	2
work/ext7/4-2s1c1__group.5994__X001	520315bcc8c059a5b8b58d9a4288684b	72	2
work/ext7/4-1ps2-1__group.4428__X101	f2b2bb716e4d9fa0cd62aff0265ceb72	64	2
work/ext7/2-1s2-1s2-1__group.1562__T	e227b156bcaef92c329fe50e7b50f3f6	32	1
work/ext7/3s2-2s1__group.4309__X0111	66dfd447aa7651426d934e7171282e38	576	2
work/ext7/2-2s2-2s1c1__group.2752__X01	cfc89eeb23a45898cd9abd02b4b5c20e	36	3
work/ext7/4-3s2-1__group.7256__C	96110dd89d1fc817887e761375b945f9	960	1
work/ext7/2-1s2-1s1s1__group.1460__X1100	9710d2ed6fd52087bda6ec737ee0f975	64	2
work/ext7/3s3__group.4378__X01	98b6ad64df361e096b1ca0e8e0db3417	576	1
work/ext7/2-2s2-2s2-1__group.3496__C	8bd8fe791ab0d1d1da9ec431f08a73db	144	1
work/ext7/4-2s2-2__group.6693__X010	d38bbbfdbf57803a984e63e4e8061e5c	144	2
work/ext7/4-1s1s1__group.4593__X101	7132ffb3bd19afac99fbe7f1cd285f96	128	3
work/ext7/2-2s2-1s2-1__group.2665__X001	d72e71b4de8508a7f3153e8907992bc9	96	1
work/ext7/2-2s2-1s2-1__group.2475__X1100	8fd60f68273117b894b59c9e12e744f2	192	2
work/ext7/2-2s2-2s2-1__group.3365__X1110	6f0bc694aeb5f1c6e91e7e8914e28e30	288	1
work/ext7/4-2s2-2__group.6683__T	109a65ce9623bda1df93ef2f952b6ec7	144	1
work/ext7/4-2s2-1__group.6513__C	d7ebefa11d7f25c2a9547d1d97683184	96	1
work/ext7/2-2s2-1s2-1__group.2459__X0011	3ac316281d697e57a52cd8b15a0cfdf1	192	1
work/ext7/2-2s2-1s1c1__group.2021__X0001	09ee3c142ca6341e86f9c4ca43be1d54	96	3
work/ext7/4-1s1s1__group.4698__X0100	d3ffe3bafdeb3d8e19831721619409c4	256	2
work/ext7/2-2s2-2s2-1__group.3358__X0001	a0e351291b049452e0d6b59023908de8	288	4
work/ext7/2-2s2-2s2-2__group.3560__T	708a329d98f3a31700cd06840c0eddc9	144	1
work/ext7/4-1s2-2__group.5469__X00001	cd95dc1c9bd1bfc8a00b955415f104fa	192	4
work/ext7/4-3s1c1__group.7191__X101	580cf01419454ec9cd325a6ae5d67c8f	480	3
work/ext7/2-2s2-1s2-1__group.2669__X101	a167519ea0689be6523caf71db84c888	96	1
work/ext7/4-2s2-1__group.6556__X1001	78d48c99c65a0f118d632ded56d431e3	576	2
work/ext7/2-2s2-2s2-1__group.3437__X11111	e1bdef00ba2c12e4b96d09f62058577e	576	1
work/ext7/2-2s1c1c1s1__group.1718__X101	b005bc51d34dc9b394b93d660677c191	24	2
work/ext7/3s2-1s1__group.4024__T	85f81cd4e842d7f7d070c941e25dc721	96	2
work/ext7/2-2s2-1s1s1__group.2236__C	60c6a0bf4db938a9ba6fbb990efabaa3	96	4
work/ext7/4-2s2-1__group.6484__X011	189d163668d555dfad507a06fcec18f9	288	2
work/ext7/2-2s1c1s1c1__group.1744__X010	b4d2f6799071261dba79d8721d835c87	24	3
work/ext7/3s2-1s1__group.3917__X010	1d3f3f6aae858b3274075920cd943e30	192	1
work/ext7/2-2c2-2c2-2__group.1635__X01	e02e62feef29a17a55922a06480597bc	12	2
work/ext7/2-2s2-2s1s1__group.2864__X0001	eadbcb9954b2c18d611fdf2c2a1516b3	144	1
work/ext7/4-2s2-1__group.6557__X011	83a96ba5be9dbf5a75c84d64f130a264	576	1
work/ext7/4-1s1s1__group.4884__X010	d4cce56de8950f27ec79a5eeceb5ca1d	64	3
work/ext7/4-1s1c1__group.4496__X1110	286be9b3ee4f89143864ddb7b75256de	256	2
work/ext7/3s2-2s1__group.4294__X1011	e07c90280756e89cb2e2fea91ff10576	576	1
work/ext7/3s2-1s1__group.3888__C	e66bf6d15b0e41c92aa26b9e39ac8e23	384	1
work/ext7/4-1s1c1__group.4565__C	8ee305a44e0160503a980fccd90bd3be	128	2
work/ext7/4-1s2-1__group.5105__X1101	d793394f4f421c1fa27c86fee28de6a9	256	2
work/ext7/4-2s2-2__group.6695__X011	8bea12f11edef8611294a0cba4f04927	144	1
work/ext7/2-2s2-1s1s1__group.2029__X11101	9563922d53ab67953405ab87fdfe6beb	192	3
work/ext7/4-2s2-2__group.7020__X01	9e6077fa72068bcfbf1d91ad2749ab1d	72	1
work/ext7/2-1pc2-1ps1c1__min.201__X1	50181d6a51f252a57f0b604cdda238b7	4	1
work/ext7/2-2s2-2s1c1__group.2710__C	230c7c0e01830822daceb2c9c2efd0b4	288	2
work/ext7/2-1s2-1s2-1__group.1512__C	f7ec5fb53f29ad9a7616d8cf321256a8	256	1
work/ext7/4-2s2-2__group.6960__X100	4cfe125e193b60b607a5d8f28fe4ba2c	432	1
work/ext7/4-1s1s1__group.4751__X110	724c9d421bd8fc98461021fe668f77f2	32	2
work/ext7/4-1s2-1__group.4967__X0001	e8ed7e895dbed046f87dbcebbc682e00	128	1
work/ext7/3s1s1s1__group.3866__X101	e56fe69406e0c65960df5edc59b761db	96	3
work/ext7/3s2-1s1__group.3949__X101	a83e35588be8293c8d0e7f1f3c6f12de	192	1
work/ext7/4-1s2-2__group.5437__X010	2f2183ae08208f47d524de4fc49339e1	192	1
work/ext7/2-1s2-1s2-1__group.1545__X11111	5f3ca0d95657b61a13af36739a608098	256	1
work/ext7/2-2s2-2s2-2__group.3765__X01001	0cf5d370f61c80cd3c9731b8b70ee42b	864	2
work/ext7/2-2s2-1s1c1__group.1947__X01	cc783c8a2bfaa520700eb5616bccd79a	24	1
work/ext7/2-2s2-2s1c1__group.2790__X011	6b0228e53b9a50da585b10281af85608	72	3
work/ext7/4-1s2-2__group.5459__X10	5cf32ba22e2e0191f9d048ed8a030147	192	1
work/ext7/6-2__group.7517__C	bce4716b7ea0806db6e0b58138300cf3	2592	1
work/ext7/2-2s1c1c1s1__group.1716__X001	dfc759f794e580cb894018c3d85de00d	24	2
work/ext7/4-1s1c1__group.4576__C	e833206c2bd00e0258f673aa000bbf3c	192	2
work/ext7/2-2s2-1s1s1__group.2045__X10001	37aecd93488a95cdf2f6070a01b6b1e7	192	2
work/ext7/2-1pc2-1ps2-1__group.1087__X01	e248d95b82facbeade50c3829360d568	16	1
work/ext7/2-1s2-1s2-1__group.1524__X0001	5d9e2388acb1c0e2fbde37625ff548fc	128	1
work/ext7/2-1s2-1s1s1__min.262__X01	7787738af598e37a7e3b51974593efc0	16	2
work/ext7/4-2s2-1__group.6465__X001	d7519efd636a22db39725f68a3fa6469	288	1
work/ext7/2-2s2-2s2-1__group.3421__X100	3c340f07b44cb874cf8b74bd7d4cc686	48	1
work/ext7/2-2s2-2s2-2__group.3581__X111	f66f11afd4331869a92ed16f866672e7	216	1
work/ext7/4-1s2-1__group.4971__X100	8f32fcdb89052746ad427a9f5f74a240	128	1
work/ext7/4-1s2-2__group.5849__X110	9fe940acb33928041683b2f375f1e83a	96	1
work/ext7/4-1s2-1__group.5051__X11	ac3e9f2139c3772d9ca8cfba7b52cf4f	2304	1
work/ext7/2-2s2-2s1s1__group.2992__C	eb032d4b801070810733748b34f8dadf	72	3
work/ext7/2-2s2-2s1c1__group.2799__T	fd3485b3d49c30e1cb67edba961d2f9b	72	2
work/ext7/2-2s2-1s2-1__group.2514__X0100	53a6d5d29743b4407143250fdb19ac2a	192	2
work/ext7/2-2s2-2s2-2__group.3680__X0111	42f9ad70dd4faa18739a5643849b00ca	432	2
work/ext7/2-2s2-1s2-1__group.2649__X001	f33366c003db0558072ea31f56ca1726	96	4
work/ext7/2-2s2-1s2-1__group.2660__X010	439873184bd823bf6a53d8f4b85f3ff1	96	1
work/ext7/2-2s2-2s2-1__group.3475__X11	3f66f9aa21080cadd7dee7a047c6626f	72	1
work/ext7/4-2s1s1__group.6219__X001	39dca0330bbe513351de55bbdda68205	48	3
work/ext7/2-1s2-1s2-1__group.1576__X001	1ba61292304dc82f15bdd0601f9cd2a5	64	1
work/ext7/2-1c2-1s2-1__group.1100__X001	0f8a03505b67a764125e08b44352e4fe	32	2
work/ext7/2-1s1s1s1s1__group.1218__T	7bb77f3fbec4ad4cfd4cb6a6d9bf0bfe	32	12
work/ext7/2-2s2-2s2-1__group.3190__X100	83f785286f459d07734f2fe31672f55d	144	2
work/ext7/2-2s2-2s2-2__group.3698__X0011	4f2a7001d752b689b138ed483e3b1533	432	1
work/ext7/2-2s2-1s1c1__group.2018__T	3d63e0997d24d62347a12823bc5ca961	96	2
work/ext7/2-2s2-2s1s1__group.2837__X0001	7652cef93d8c528f0e3f2c325f07eaf1	144	2
work/ext7/4-2s2-1__group.6423__C	ee78144a3de7c218d027a8629c4a001a	576	1
work/ext7/4-1s2-2__group.5812__X01	9cc6cb0b9f4dd3007f1aa97173a05e96	96	1
work/ext7/4-1s1c1__group.4518__X01	386a0bce212efdf042668279e3773a9e	384	1
work/ext7/2-1s1s1s1s1__group.1188__X100010	c9ae0956077767421de8714a1d742014	128	2
work/ext7/4-1s2-2__group.5419__T	4a4024fe4dce2e63579ad57566f36689	192	1
work/ext7/4-1s2-1__group.4951__T	5292537ddd1f9612efb27a24db9d4ce4	128	1
work/ext7/3s3__group.4388__T	18541d4cde8e0ee5df2685e6278fb347	576	1
work/ext7/4-1s1s1__group.4751__C	5237ea0f64cde337a326efdfe0a6b005	64	3
work/ext7/4-2s2-2__group.6656__X111	fee1ff8fe612655060e2a6acecfcd6ca	144	1
work/ext7/2-2s2-2s2-1__group.3377__X1110	b635c374d23af6ab061006dab86da361	288	1
work/ext7/4-2s1c1__min.566__C	d7d47d265dd6b3daaa718e4a50f56830	24	2
work/ext7/2-1s2-1s2-1__group.1538__X1001	f0db57bb05072102287f9f47541c8a6c	128	2
work/ext7/4-3s2-2__group.7296__X010	0d01e921b46c05ba47e296e60eb21c18	1440	1
work/ext7/3s3__group.4387__C	848aacf7c6498697a8b269fa3f0e4fc9	1152	1
work/ext7/4-2s2-2__group.7080__X1001	61f419dc9ea80a8a8015602c77773d2c	864	1
work/ext7/4-1s2-2__group.5825__X001	e2c046ab981f32cf567f37653674f119	96	1
work/ext7/2-1s2-1s2-1__group.1547__X00010	a01a22683cd25e7a283719baef362100	256	2
work/ext7/4-1s2-1__group.4994__X1000	ef85d30d72f7ae2eb92789ed81145bd0	128	1
work/ext7/2-2s2-2s2-1__group.3351__X1101	290bbad03a9f930bcea6732424da09d1	288	1
work/ext7/4-1ps2-1__group.4419__T	cd545a8e63202a3e31b34f6a296a8324	16	1
work/ext7/2-2s2-1s2-1__group.2448__C	b319fa0556b3df2aad1906771e99b34c	384	1
work/ext7/2-2s2-1s2-1__group.2643__T	448672076909ede5e43c3ed302093617	96	1
work/ext7/4-1s2-1__group.5293__X10	8eb39b108b68b6b3df1e43584bc091bd	96	1
work/ext7/4-1s2-1__group.5105__X0100	401bfc71aa45145ffd9ed530ca8447a9	256	1
work/ext7/2-2s2-2s2-2__group.3686__X0100	dfe5f790c77f9e219894627b0ed11ce7	432	2
work/ext7/4-1s2-2__group.5527__X001	123dc24fe6acc93d373f3eb2a1b2061f	288	1
work/ext7/2-2s2-1s2-1__group.2460__X0010	cfcd98f9cdd31e42a7621cab226b4df0	192	1
work/ext7/4-1s2-1__group.5094__X0100	03a5612e07b8411beabcda53fc3b9f95	256	1
work/ext7/2-2s2-1s2-1__group.2483__X0101	1a49a49528903f0128e0221776a58e17	192	1
work/ext7/2-2s2-1s2-1__group.2595__T	2a289a108f4bd7a331ca58ca71bba09d	96	1
work/ext7/4-1s2-2__group.5749__X1111	9b235b395fc186338294c4528e23b311	768	1
work/ext7/2-2s2-1s2-1__group.2697__T	721a6d1a16884dde8ee77263b9072d8c	96	1
work/ext7/4-2s2-1__group.6379__X101	908c409c1481b13cf82af56367a9574a	144	1
work/ext7/4-2s2-1__min.593__X10	0c96b856a04ea62bb4436a2f7a3a2eb9	36	1
work/ext7/4-1s2-1__group.5056__C	486067205a5595bd9c016778f1b56723	4608	1
work/ext7/2-2s2-2s2-2__group.3513__X011	ddc264d1774e13946e46153851826a0a	108	1
work/ext7/4-1s2-2__group.5392__C	54b56826be20774aee6a0c3f99098104	384	1
work/ext7/4-2s2-2__group.7012__X01	282e5178344c0db5cbdfcdc4f9a654bb	72	1
work/ext7/4-2s2-2__group.6970__C	ba22f5716655bff516e81dfdcc342567	108	1
work/ext7/4-3ps2-1__group.7135__X001	beb120b010f3d06d1efd268dd7ad28ef	80	2
work/ext7/2-2s2-2s1s1__group.3020__X111	585fdff9044391b475a5c12be56995f6	72	3
work/ext7/2-2s2-1s1c1__min.361__T	4b5f3d15ca6d4350c083d45289ac439a	12	1
work/ext7/2-2s2-1s1s1__group.2150__X011	6b24e7f5fb080e124fec673dbcf87a4c	48	2
work/ext7/3s2-1s1__group.3957__X101	63aa63747dbcc31e8d2973b4825a0380	192	1
work/ext7/4-2s2-2__group.7053__X0011	da060c8aa1e9c6b612652ff2a09b3d84	864	1
work/ext7/2-1s2-1s2-1__group.1586__X110	5e36d2fe56b120735cfc73149bd79cf9	64	1
work/ext7/2-2s2-1s1s1__group.2106__C	a3ca94b23f57e5baf889097e5c6e92e8	96	2
work/ext7/4-1s2-2__group.5504__X100	45fe8e96841b4b443a0c525231c6460e	2304	1
work/ext7/3s2-2s1__group.4267__X10	ec729817f9f79d8452486232ab39f9c6	48	1
work/ext7/2-2s2-2s1s1__group.2879__X0110	b9c479e962fbf7ee0668c8e2b6882974	144	5
work/ext7/2-2s2-2s2-1__group.3294__X010	ba4401d40365b18abb502763dde3e158	144	2
work/ext7/4-1s2-1__group.5021__X0011	ca8adad6ec65b86b3da30c7ca5f23dc5	1536	2
work/ext7/4-1s2-2__group.5578__X100	9fa538c08502affa0532d84a14e623ac	384	1
work/ext7/2-2s2-2s1c1__group.2708__X1001	5cbef1c706a0320dae741f4b91707c6f	144	2
work/ext7/2-2s2-2s1s1__group.2893__T	87d2ad0fd0b3eafdd3205bf91a2fc6f7	144	2
work/ext7/4-2s1s1__group.6207__X110	c2106fa46bfc9716916913586e1f9b4c	48	3
work/ext7/4-1s2-2__group.5574__X010	f67cd18d706e4df498e74b106034ad4e	384	1
work/ext7/2-2s2-2s2-2__group.3756__X011	d47eff2a8dda92ddfc6095880a756ed7	72	2
work/ext7/2-2s2-1s2-1__group.2516__X0111	28f60951ea3ef7389e49f52a594bc05e	192	1
work/ext7/4-2s2-1__group.6392__T	5d85b8538d9dc19d8be5a3a839bda727	192	1
work/ext7/4-2s2-2__group.7075__X0010	568a6c58310da1c2586c96042cfeb800	864	1
work/ext7/4-1s2-1__group.5032__X10	331c78763180b5bb2f86a4b5e7331c9d	192	1
work/ext7/4-1s2-2__group.5577__X1011	2367c48cbb919f04519a9b7ff9fc99b6	384	3
work/ext7/4-2s2-1__group.6499__X010	9b7cc3bca6e365b60d66533df31e27cc	288	2
work/ext7/2-2s2-2s2-1__group.3481__T	45c40bcea0cdc271b66000e44c89cb0b	72	1
work/ext7/4-2s2-1__group.6538__X0011	32ca73ede0bb46525948af08971fa424	576	2
work/ext7/5-1s1__group.7346__T	4bed62fd7f874ce5f8d2b3053361e2fb	160	1
work/ext7/6-1__group.7418__C	5a37a56446a3b44719f2537ca4e707c9	2304	1
work/ext7/2-2s2-2s2-2__group.3746__X001	bed4dabcdae5277da655966688e23e2b	72	1
work/ext7/2-2s2-1s2-1__group.2473__X0100	53c1ca767249f1f1b8b00e3902bf887b	192	1
work/ext7/4-1s2-1__min.518__X11	bc6976b71ec4a4e3f88fcc6a227ca6a9	32	1
work/ext7/2-2s2-2s2-2__group.3742__X001	0dbb3421c0ffc02083ddac07e9d82d0e	72	1
work/ext7/4-1s2-1__group.5281__X011	f1273dfa8afec0e3e97780cb45aaa33d	768	1
work/ext7/2-2s1s1s1s1__group.1806__X101001	3fbf82f27d3d27272c5ee00d2bd2724d	192	2
work/ext7/2-2s2-1s2-1__group.2607__X011	76cf3d4dc5b16dae27116d937c9b7f68	96	2
work/ext7/6-2__group.7525__C	7eb9c6831e7b0a596a8e8e2e1906cd47	288	1
work/ext7/4-2s2-1__group.6391__X1000	a0848011de70c9814c05628b0e333c23	192	1
work/ext7/2-1s2-1s2-1__group.1524__X0110	af30bd7dd329330a74cc08f205f61d24	128	2
work/ext7/4-2s1c1__group.5971__X011	047fcf9ea07b9e93a68a004d0fed0d0d	48	3
work/ext7/2-1s2-1s1s1__group.1316__X11010	d2429355d1ce36023dd627fdcc1545ec	128	4
work/ext7/2-1s2-1s1s1__group.1362__X001	e5b1c956ef8bae24a9d8d0996f1e9a9e	32	3
work/ext7/4-2s2-1__group.6320__X11001	cadafc0d6b5a80bc9bf7a52461f3641a	1152	2
work/ext7/4-2s2-1__group.6516__X1110	7890652b9274aeb8c13b3c3c43c9d946	576	2
work/ext7/2-2s2-2s1s1__group.2970__X10	9b9cf48b24ed49d8b2e6ebf1b115665a	36	1
work/ext7/2-2s2-2s2-1__group.3437__X01111	d721ed79d8552c7df487d47516ec5e4b	576	2
work/ext7/6-2__group.7503__X01	3cc7fd8eb3dc533724d55367415c4595	108	2
work/ext7/4-1s1c1__group.4496__T	2fa64c9b23bfa79c283e4e8974616dc6	256	2
work/ext7/4-2s2-1__group.6317__X0011	3f67269537fd38b13cdddffad27e5803	1152	1
work/ext7/2-2s2-2s1c1__group.2769__X10	f6d8f8794d61d07e391eece18d3db304	36	2
work/ext7/2-2s2-1s1s1__group.2403__X0001	62c62b91a6e073b61a4be6ee6dcac57c	96	4
work/ext7/2-1s1c1c1c1__group.1105__X10	9ddbfbd7c4323240a5a228fd3e789902	8	2
work/ext7/4-1s2-2__group.5663__X001	c8f3bf1bd0b4b09eb6d1280aa4d33af4	48	1
work/ext7/2-2s2-2s2-1__group.3198__C	a5d5e07f9b88ed8ac360baf154c3fc9c	288	1
work/ext7/4-1s2-2__group.5800__T	15d6aa8bd7772a6c8f97120347b8b8f2	96	1
work/ext7/2-1s1s1s1s1__group.1240__C	f718ebb85b8e25df0e0331fc2f4b1685	64	8
work/ext7/2-2s2-1s2-1__group.2453__C	8f79f9588eea3de0a4217a2121551f12	384	1
work/ext7/4-1s1s1__group.4777__C	71025fea1e28c15d042ceb28f08267eb	768	3
work/ext7/2-2s2-2s1c1__group.2773__X10	2367ebcef1afc38ecf62d604f642f080	36	2
work/ext7/2-2s2-2s2-1__group.3251__X010	cb3a13b188a03685150e03e3c1cb9517	144	2
work/ext7/2-2s2-2s2-1__group.3327__X1000	cec0ff55f67944e632b06980e9257ac0	288	1
work/ext7/2-2s2-2s2-1__group.3350__X0010	980e07abfe03412108059e0c4a5b39af	288	1
work/ext7/3s2-1s1__group.3919__C	f0dcec837fe1b6fc50ce0418ee13474e	384	2
work/ext7/4-2ps1c1__min.553__C	e7a5d65bc736f42b93699b1c6e56f625	24	2
work/ext7/4-3ps2-1__group.7137__X011	e9f8075e12d7219df7829d33b847a667	80	1
work/ext7/2-2s2-2s2-1__group.3435__X10100	2ba86ac72471d8157ef356226b1db683	576	2
work/ext7/2-1s2-1s2-1__group.1547__X01110	79e0465c8942940a08267a54ca897470	256	1
work/ext7/4-1s2-2__group.5653__X111	82c10904f7d49e6ea39bc3e18d042374	48	1
work/ext7/4-1s2-1__min.506__X10	10dabad215daeee33c1ecff0bb18dbcd	16	1
work/ext7/4-2s2-2__group.6686__X011	241a8987112e58865902e78e8225a2e0	144	1
work/ext7/4-1s1c1__group.4580__X111	130a98fbf030341c17c0d7e6ab5c0362	96	3
work/ext7/2-2s1s1s1s1__group.1873__C	1f9dbc5e440a637085e5497e84c1abae	96	7
work/ext7/2-1s2-1s1c1__group.1291__X001	e8bd844b353d34ee268f7561f46b8c1c	32	2
work/ext7/2-1s2-1s1c1__group.1305__T	c76cf13ed7cf1aae2cee8651cb224e8c	64	2
work/ext7/4-1s2-2__group.5484__X0100	f90223f2c23a76adb955e2e2344be357	192	1
work/ext7/2-2s2-1s1c1__group.2009__C	3038b4564420f913e82668fd156f5dd5	96	2
work/ext7/4-2s2-1__group.6496__C	a9acb1a7364af94f3255f2d160ffb981	576	1
work/ext7/4-2s2-1__group.6387__X11	c97a43ba830e3f7bcaca30289dd01a2d	144	1
work/ext7/2-2s2-2s1s1__group.3162__X01001	d3162a30f4838c30511e98f96170aad2	96	4
work/ext7/4-2ps2-1__group.5880__T	ee9e35e8bb3f72c5bb82dd39e1b2fd6f	96	1
work/ext7/2-2s2-2s2-1__group.3437__X00101	0a00ff039075a4f6c23c5b72b69e71c0	576	1
work/ext7/2-2s2-1s2-1__group.2464__T	439742ad6cf68f946c15129116560b32	192	1
work/ext7/4-1s1c1__group.4502__X10	8c1d9c8727720c88970a33d48b5af1be	32	3
work/ext7/2-2s2-1s1c1__group.1956__T	3b30f7630a6c875699a4298ad5593170	24	2
work/ext7/4-2s2-2__group.7081__X0100	0bfbcbc98c6396b190dd4b1fb152808b	864	2
work/ext7/3s2-1s1__group.3886__T	2ec565d098eb04e285e91aafca49bb0c	192	3
work/ext7/2-1s2-1s1s1__group.1313__T	ac342e49bbb702b2855f85fc1a34185c	128	2
work/ext7/2-2s2-2s2-1__group.3280__X011	29026c8c8a68cc248b7807edacbf7bb6	144	1
work/ext7/4-2s1c1__group.5976__X10	4a2c53e29745ee175264f3d4b1e46689	72	2
work/ext7/4-1s2-1__group.4946__X00100	ebddafc786eaa796fbe95cf8e418ad58	128	4
work/ext7/4-1s2-1__group.4931__X00110	711074359b7c368951d6073da379feeb	1024	2
work/ext7/2-2s2-1s2-1__group.2602__X010	085837924a2afe4225bc14d6d41bfff8	96	1
work/ext7/2-2s2-2s2-2__group.3701__C	14f43472978b8bf58268ba649948fb2f	864	1
work/ext7/2-2s2-2s2-1__group.3329__X0100	1fe920eb8ab783560fca0647dd802030	288	1
work/ext7/4-2s1s1__group.6152__C	e58e684f931ddfcc18e978652add2b6e	576	3
work/ext7/3s3__group.4364__C	34bfde519146f5c64d1aa3e1dba842d4	576	1
work/ext7/2-2s2-1s2-1__group.2534__X10100	933f61f31da834d9c021932c2e133413	384	1
work/ext7/4-1s2-2__group.5625__X0110	43a8ce5982d744428c48a58e16b993f0	384	2
work/ext7/2-2pc2-2ps2-2__group.1625__C	8731fce9ea25111478e1eccb0bf71482	36	1
work/ext7/2-2s2-1c2-1__min.352__C	cfca2d06a4a107cb17137a5c7a59d805	48	1
work/ext7/4-1s2-1__group.4999__X011	6b802e48bc5e8ca2ba276ebd29b8aaec	128	1
work/ext7/4-2s2-2__group.6692__X011	8da77b2f8a9139765bc1b706aeaf4538	144	1
work/ext7/4-1s1c1__group.4576__X10	cecf9c693675e4912222763edb297797	96	3
work/ext7/2-1s2-1s1s1__group.1316__C	6baba49d738b44e2708a661ce9dcce98	256	9
work/ext7/4-2s2-1__group.6541__X101	b00b97a237b5cf995e6adcd12bbac80f	576	1
work/ext7/2-2s2-1s1s1__group.2237__X101	69de33dd5ec7ce0f74bc64c887c664e1	48	2
work/ext7/4-3ps2-2__group.7148__X1110	e27fceafcd77b8936e627f33c2aabd19	240	2
work/ext7/2-2s2-2s2-2__group.3564__X1000	899d5e346abbe8c0328cbb34f87d4dca	144	1
work/ext7/4-1s1c1__group.4491__X011	b86f324fb0287ea5e281060272e5d067	2304	2
work/ext7/2-2s2-1s2-1__group.2566__X001	12aac132895d77c74fb233604a712049	48	1
work/ext7/4-2s2-2__group.6747__X001	d77139e1cd8130989030e810c2f77852	216	1
work/ext7/4-3s2-1__group.7248__C	6ea1d06100ac4aa29f5c1ac413b0fbf8	960	1
work/ext7/2-2s2-2s2-1__group.3262__X001	518ea2d98b4d8d00ecbf2d9ebde3c82a	144	1
work/ext7/2-1s2-1s1s1__group.1482__X0110	c128c3c3132675986071c7ebe8070702	64	2
work/ext7/4-1s2-1__group.4950__X110	537a10a33d22847722ff6961cc625eb5	128	1
work/ext7/2-2s2-1s2-1__group.2519__X1101	3236014b0bbabbcdd719cf1c66c90e33	192	1
work/ext7/4-1s1s1__group.4821__X01000	d225e0eb5751a80be4934a60e049fc19	64	8
work/ext7/2-2s2-2s2-1__group.3267__X100	a7b20ce2884953cf34a7dd9e1817a9bd	144	1
work/ext7/4-2s1s1__group.6010__X001	d4dbd320369a31228a52b288f01c8020	144	3
work/ext7/4-1s2-1__group.5078__X111	e9d340ede21eac1971df122bcd924f93	256	1
work/ext7/4-2s1s1__group.6041__X110	07656f3a9478eb965084fe9fbb21cde8	144	4
work/ext7/2-2s2-2s1s1__group.3090__X011	dbfabc62cce1eaffa2208f6d76cbac4d	72	2
work/ext7/3s2-2s1__group.4077__C	60ddebc662a355864b45f8a9695967bc	288	2
work/ext7/2-2s2-2s2-1__group.3403__T	a8ef4bd109475af87d2f7b1a15057a9a	36	1
work/ext7/4-2s2-2__group.6799__X10	0f421628a53bccd7d5647b5ebad9ba45	216	1
work/ext7/2-1s2-1s2-1__group.1550__X100	e9a141ee1ff07c24784b7dbb422f1396	32	4
work/ext7/4-1s1s1__group.4668__C	cd3d4724c0eb129b64a2cb1da43897b1	384	2
work/ext7/2-2s2-1s1s1__group.2323__X0011	3dd5e271d85f83094a6a8c85c0412d27	96	8
work/ext7/4-2s2-2__group.7009__X10	81da75fc08de3eb4645ef52756c104f6	72	1
work/ext7/2-2s2-2s1c1__group.2715__X0001	6b146c5f03c8f35b6b8cfa03b13fc665	144	2
work/ext7/2-1s2-1s2-1__group.1598__X101	e5e50085305183ffecfc8b5fac1495a5	64	1
work/ext7/2-2s2-2s2-1__group.3287__T	8a0d7895657df84088e925fd5865533e	144	1
work/ext7/6-2__group.7581__T	763d84b8ce2fd90dedbc73aef51cbd47	5184	1
work/ext7/4-2s1s1__group.6150__X10000	be01354aa22c0d0e618b43638722cbf8	288	1
work/ext7/2-2s2-1s1c1__group.1983__X011	0be249c43ab1c48c0528c6dd6bb2728a	48	2
work/ext7/4-2s2-1__group.6392__X0100	9b536d3c0b2ad7ad840420d76f54d5b7	192	1
work/ext7/4-2s2-2__group.7012__X11	e5382be75e5db0edd0dcaa4821048e83	72	1
work/ext7/4-1s2-1__group.5285__T	498998e8cbfb70ecb90ae68e6650d192	768	1
work/ext7/2-2s2-1s1s1__group.2340__X0101	ea026cfe724a91f8a860c1c5eef237ba	96	3
work/ext7/2-2s2-1s1s1__group.2382__X0101	35d5bb14541b728beb7a695df538a971	96	2
work/ext7/4-2s2-1__group.6583__X10	f8442f10b6414ba8bfcf9572d183a096	72	2
work/ext7/2-2s2-1s1s1__group.2073__T	a1e370e0e3411c29e4573fb1bbcd108b	24	3
work/ext7/4-2s2-2__group.6959__X100	6018b462f4739106cfdc3b0ba2ac8afc	432	1
work/ext7/4-1ps2-1__group.4427__X110	2216f83a1d7e5f37f36efe30b2f74225	64	1
work/ext7/4-1s1c1__group.4463__X101	f4b4318d2d34a8641ea05aabd96ad99a	128	2
work/ext7/3s2-1s1__group.3933__X010	4b1576f8eb1a880b869ff676c5028379	192	2
work/ext7/3s1c1s1__group.3805__X01	c9aba4012a93b3c31dc167e6d1766551	48	3
work/ext7/2-2s2-2s2-1__group.3368__C	b2722b38c5edff25ff530ae08b7d148f	576	1
work/ext7/2-1s1c1c1s1__group.1111__X110	3124ce86b5b9ee60b2c55b02a6582e1a	16	4
work/ext7/4-1s2-1__group.5033__X11	2ee934b26ef371a92b73cba0b72c542b	192	1
work/ext7/4-1s2-1__group.5131__X100	b725839418a6c1645e1391126a24872e	32	2
work/ext7/2-2s2-1s2-1__group.2467__X0001	b06c3dbd33298eb84769715d4d253eb6	192	1
work/ext7/4-1s2-1__group.4963__X1110	02c9b3369afe2679a2e4596679c39dff	128	1
work/ext7/2-1s2-1s1s1__group.1393__T	6c58f3c53c0c824cded0d12ff2273cfe	32	3
work/ext7/4-1s2-2__group.5471__X101	57064d90f1708548b7d4ea8df4f04f5e	192	1
work/ext7/2-2s2-2s2-1__group.3443__X11	1729b608915e6cf261dc04d877896c38	72	1
work/ext7/2-2s2-2s1c1__group.2735__X00101	7472afc7250530d867f45d561bd5e48a	288	5
work/ext7/2-2s2-2s1s1__group.2829__X0010	4a902f0617344d1e4e7fe958f13a0a6c	144	3
work/ext7/2-2s1c1c1c1__group.1693__T	e756e6eab8d31243a36cda33ef3d81f5	6	2
work/ext7/4-1s1s1__group.4835__X010	75eec51cc04d6f67d7d7025caa69b475	64	4
work/ext7/2-2s2-1s1c1__group.2015__T	a47eb8165fa009b72cb8778c4c0ba2dd	96	2
work/ext7/2-2s2-2s2-1__group.3432__X00001	25cd17e34e28bccf61388168e97cefcd	576	2
work/ext7/2-2s1c1s1s1__group.1778__C	fc2b0221f35ee9357db0346d52835277	48	5
work/ext7/6-2__group.7609__C	49fa47f9bae622caf99371e8d4a7b000	144	1
work/ext7/2-2s2-1s1c1__group.1970__X110	1069db4b1323ca717a0f443286c3881f	48	2
work/ext7/6-1__group.7425__C	fa82a273da6817e26fc7d57f14e6c6dc	23040	1
work/ext7/2-1s2-1s2-1__group.1567__X100	f80f1c86743a150f91baf27f5f8da685	64	1
work/ext7/2-2s2-2s2-1__group.3383__X0010	330e6233aa92d8fabe45559db46a81f4	288	2
work/ext7/2-2s2-2s2-1__group.3216__X100	c51dbba147915bcb07fba0acd8a78df9	144	1
work/ext7/2-2s2-2s2-1__group.3276__X010	f26a8da8077dbbc48aae29e4ee4c614a	144	1
work/ext7/2-2s2-2s2-1__group.3179__X011	101497abdb73baf9ad16482485ba13e3	144	2
work/ext7/3s3__group.4371__T	9c45dfe6389191e5812115a924dd550f	48	1
work/ext7/2-2s2-1s1s1__group.2337__X1001	ce00376efab00584b583a9aaa7d4ae72	96	4
work/ext7/4-1s1c1__group.4555__X001	e31c09c536d2503dc9419535c1e8f697	64	2
work/ext7/2-2s2-1s1s1__group.2033__X00011	0f9af244423633b3991c6f29a2957259	192	3
work/ext7/2-1s2-1s1s1__group.1397__C	541ce560f387635f6841675b551788bd	64	4
work/ext7/4-2s1c1__min.571__X01	d454c60297f3b5a0210b3f957e00091e	24	3
work/ext7/2-2s2-2s2-1__group.3356__X0011	1542501db2658b394a22c510b0a6f423	288	4
work/ext7/4-1s2-1__group.4963__X0010	8051dc16a429c1e526b539cc4494dd1b	128	1
work/ext7/2-2s2-2s1s1__group.2822__X1101	2896c263ed3635630609967028383fdd	144	3
work/ext7/4-1s2-1__group.5084__X1001	fcf014656f1cfcaa12cdb8369fb544b8	256	3
work/ext7/4-1s2-1__group.4946__X00011	1db3000c0cd83fb6c5908bf83c0bcdd0	128	4
work/ext7/4-1s2-1__max.16__X1101	7b32152b98863ed48f157be637755e92	9216	2
work/ext7/4-2s2-1__group.6395__X1100	5abb00e3e940864e1c2b58605d163fb4	192	2
work/ext7/4-1s2-2__group.5333__X01	037b1e0bf4dc7547dfedec173ff7383d	1152	1
work/ext7/2-2s2-1s2-1__group.2669__T	7ea61a29c6d0d09f3b5a91ea41dc7919	96	1
work/ext7/2-2s2-1s2-1__group.2664__X110	13d9ce6cceff258cbb07a72fd1b4f3ea	96	1
work/ext7/2-2s2-2s1s1__group.3042__X111	d014eca158b615d263bde3699d14ec68	72	2
work/ext7/4-2s2-2__group.7041__T	7323f9f3d85a002ad73a5def187c3038	864	1
work/ext7/2-2s2-2s2-2__group.3647__X001	1ff4ac2c3305abe9014be657fe846d77	24	3
work/ext7/2-2s2-1pc2-1p__group.1907__X100	f105e56dca0f33372b578adc4d53d635	48	1
work/ext7/2-2s2-2s2-1__group.3508__X0011	49f8d69c57a6be0c28dd5f8787c23512	96	2
work/ext7/4-2s2-1__group.6387__T	f166f3b2d9a478cb9635ef4acc69c33d	144	1
work/ext7/4-1s2-1__group.5136__X100	e3be559617b81b30049156f78c61709a	32	1
work/ext7/2-2s2-2s1s1__group.2980__C	ee6e9856d0cd9e76bdf54308e3e7ff8c	72	3
work/ext7/4-2s2-1__group.6446__X110	69b1c7eba821fb46bade3113be85a5e8	288	1
work/ext7/4-2s2-1__group.6309__X0010	da423d00c2977b6dd45beeb16053c7fb	1152	1
work/ext7/4-1s2-2__group.5622__T	1829e5458db31bc10b3d3b8c254fa9e3	384	1
work/ext7/3s2-1s1__group.3978__X1101	eef0fa38e44568d66cdf5891789f402c	384	1
work/ext7/2-2s2-2s2-2__group.3570__T	9ac6796f2d50a1129a736d977bb7acf4	18	1
work/ext7/2-2s2-2s1c1__group.2712__C	653fdf0edca6b19a6e1705087c609e84	288	2
work/ext7/3s2-1s1__group.3906__C	ecccd749e75501fec7cd0c12e6b91100	384	2
work/ext7/4-1s1s1__group.4758__X100	acc31318bcdb27d05827cdfe9c5c7b3a	32	4
work/ext7/4-1s2-2__group.5412__X001	cc8e8fe71b219739425d024bd5b78203	192	1
work/ext7/2-2s2-2s2-1__group.3354__C	270c5fec2e38ae11e311112f0fbea73b	576	1
work/ext7/4-1ps2-1__group.4423__C	6b9ab6057453c62717f90eb4fbae32ad	64	1
work/ext7/4-2s2-2__group.6675__T	0e22d04bf6ff5dfb9d519c80537d30ed	144	1
work/ext7/3s1c1s1__group.3825__X110	06dc0b2eb65a3bc9cab5e051e2f5d53f	96	4
work/ext7/4-2s1s1__group.6082__X101	b605fdd7714c72d42698290ffd1dbe7a	144	4
work/ext7/2-2s2-2s2-2__group.3692__X0001	a983e17c5bee6eeea945b64914636e40	432	1
work/ext7/2-2s2-2s2-2__group.3534__X11	f51f4163bc32015ed8fffa18f4dcf96c	108	1
work/ext7/2-2s2-2s2-1__group.3435__X01110	27e705380b3541beb2c992eb4a55abb0	576	1
work/ext7/4-2s2-2__group.6732__X001	c25b218f3ef96ca5a06faf24fc581e4f	216	1
work/ext7/4-2s2-1__group.6513__X011	4eed8e9618e799bde07b01911780529b	48	1
work/ext7/3s1s1s1__group.3871__X001	4baee279c4d05b2169e01ef379f71a4b	96	2
work/ext7/2-1s2-1s2-1__group.1541__X00111	6933fff4c00a38be50eac4b36d45be74	256	4
work/ext7/4-3s2-2__group.7340__X10	48ba2788a4502ca86c53d282ea65c8ce	720	2
work/ext7/2-2s2-1s1s1__group.2426__X0110	f68acc3b277e8df2b23e215ec26949a8	96	6
work/ext7/2-2s2-1s2-1__group.2570__X100	585b9a83f0ae16aff7af6169d46dc769	48	1
work/ext7/2-2s2-2s2-1__group.3327__X1101	de7c5a63a96aec2e927ef2f35e39b6b8	288	1
work/ext7/4-2s2-1__group.6536__X0100	9423ee9f2fd1d0b3cfac2c540bd1bf15	576	1
work/ext7/2-2s2-2s2-2__group.3671__X11	affaa7b8705dfe51629a224294f5f093	36	1
work/ext7/2-2s2-1s1s1__group.2071__C	7b23a66a55512dcfec77e453f4859bc9	48	3
work/ext7/4-1s2-2__group.5824__X010	4a7a1ec03ea2f284e214b5fa2bb53162	96	1
work/ext7/6-2__group.7553__T	ce9046e2851f240f0a8db6fc6ef578f9	2592	1
work/ext7/4-1s1c1__group.4525__C	293aaa51fa1bf6985bd06e147db71ec6	768	3
work/ext7/4-1s2-1__group.5075__X111	08a2c73dc8b9322ed45a2a4c9626c7ec	256	1
work/ext7/2-2s2-1s1s1__group.2397__X1011	975d811f62527d59843b24849e9d2f07	96	3
work/ext7/2-2s2-1s1s1__group.2039__X00110	2140f42a495c17dd4a5afd001787e6cb	192	3
work/ext7/4-1s2-2__group.5663__T	3979db01b491afbc4023290e84bbed3a	48	1
work/ext7/2-2s2-1s2-1__group.2457__X1001	e3cb8e787e16c70373b46a877adc0481	192	1
work/ext7/2-1s2-1s1c1__group.1269__T	6bf7a2079504dcf089d8d5646044daaa	16	2
work/ext7/4-2s1s1__group.6168__X1001	d1524149cb28d42fe93627c293e34afd	288	1
work/ext7/4-1s1c1__group.4512__X101	41985e6ec4781092f22d9e099c493b08	32	4
work/ext7/4-1s1c1__group.4564__T	8dbb0c71449a2fe6cd46c224f7de4a04	64	1
work/ext7/4-2s2-2__group.7047__X010	4dab2c384d3bed21f5d54e7e8e232aab	864	2
work/ext7/4-1s2-2__group.5692__X100	da2571004b51db6f39367cc37301f7d9	576	1
work/ext7/2-2s2-2s2-1__group.3458__T	f2a37dc86708e606d14860bf5fe1fe60	72	1
work/ext7/2-2s2-1s2-1__group.2586__X010	32e905c717c83a7eaa5fdbecabdef664	96	1
work/ext7/6-2__group.7546__C	3d1f4b9c470e5af0e2f9c5e1c99c49ae	432	1
work/ext7/4-3s2-2__group.7308__T	00c40bd5263c37ce1d1be7db597ec6dc	360	1
work/ext7/4-1s2-2__group.5624__C	a6c016f1686f7bb722e0490f25fb3d35	768	1
work/ext7/3s2-2s1__group.4254__X110	27ffd81ec9fdb92ebc01fb28e412d040	288	1
work/ext7/2-2s2-1s1c1__group.1970__X010	db6f8d5f66b17a71cc5732dde80d675f	48	2
work/ext7/4-2s2-2__group.6977__T	b85314602c180b40767a567db48686e2	72	1
work/ext7/4-1s2-2__group.5724__T	94e358f479e5e112ac0ac54b641cc970	576	1
work/ext7/4-1s2-2__group.5481__X0100	e1bfbe3a0eeca0e6bddec03e5b5a0c7c	192	1
work/ext7/2-2s2-1c2-1__min.358__X10	fde8e4b46728725452ef56e10917fd7e	24	1
work/ext7/4-3s1c1__group.7189__X01	251a47306066ec0fa428485a37b07691	40	1
work/ext7/4-2s2-2__group.6831__X01100	098ca41c64d1880dfeb777cbc73888bb	3456	4
work/ext7/2-2s2-2s1c1__group.2714__X0001	6fe43189f13c89ad9b80fe163675796f	144	2
work/ext7/2-2s2-2s2-1__group.3192__X011	69b34184009aad0cd3b0072a530f7366	144	2
work/ext7/2-2s2-2s1s1__group.3143__X011	32fe65ac49465e319f078c938f633717	72	2
work/ext7/4-2s1c1__group.5978__X11	a5c89d2661bdc3611f703fe5e0f1c80f	72	2
work/ext7/3s2-2s1__group.4164__X001	6c97925c512e9f2475e5e3aa326a3e6e	288	1
work/ext7/4-1s2-1__group.5220__X1001	85d279366a2ee653cb6a38a22ee82be9	64	1
work/ext7/6-1__group.7481__X01	4f6cf406c8c59d1c1af09045b49d63de	576	1
work/ext7/4-2s2-2__group.6795__T	871c50f06de92402dad528c65dd86cd8	216	1
work/ext7/2-2s2-2s2-1__group.3356__X1000	ea75930001733f2b2c3d2cfd5dd7b645	288	1
work/ext7/2-2s2-1s1s1__group.2378__X0101	04e7ac7c26698fb5fd82a031dd8fe937	96	2
work/ext7/3s3__group.4374__X10	0cd06f74b6d49ceb4868a7d2d4a6a271	576	2
work/ext7/4-2s2-1__group.6391__X0100	96af46525aa188a1069a268da8a38d4b	192	1
work/ext7/2-2s2-1s1c1__group.2013__X1000	4d8fc243995780d8e76d46dc5b893d76	96	2
work/ext7/6-2__group.7503__T	ca115a4e6daeee578de1cf14faee4615	108	1
work/ext7/4-2s2-2__group.6938__C	2b27a9fdf2435f3e3fdc9ad66c5fe9c8	864	1
work/ext7/2-1s2-1s1c1__group.1298__C	6bbcf9f079b6a2380f6fbefe677a2b26	128	3
work/ext7/4-2s1s1__group.6236__X0001	d01fe59315244117da45d62daa883ead	576	1
work/ext7/2-2s2-1s2-1__min.392__X01	464b67924bbf117d429b769f9df77fe7	48	1
work/ext7/4-3ps2-2__group.7147__T	dd66089b1d0471d38bad061c16a0076d	120	1
work/ext7/4-1s1c1__group.4548__X1000	d2df3af6f389cfa9041dc2ea548778e3	64	2
work/ext7/4-2s2-2__group.6927__X111	32063b4340173e9e69845f8f5ce01580	432	1
work/ext7/2-2s2-2s2-1__group.3387__X0001	1e70eb8373774a6ee97cf48130910d98	288	1
work/ext7/3s1s1s1__group.3835__X0011	37fb63d3a91090ab90204466bd114175	192	4
work/ext7/4-2s2-2__group.6670__X101	020318b930a69e4532a892512618bb8f	144	1
work/ext7/2-2c2-2s2-1__min.305__T	e8a9800520b0c6aba253f99dfdc7abb9	24	1
work/ext7/4-2s2-1__group.6506__X10	88d0effad4a0a8d47c4846f1a11f5a5a	48	1
work/ext7/2-2s2-2s1s1__group.2838__X0010	41152865698dadcc3865b9e544894a7e	144	2
work/ext7/3s2-2s1__group.4254__C	b36f20a00eef7b27fcd847a853918a09	576	1
work/ext7/2-2s1s1s1s1__group.1821__X101	6fcf0d819b00236dfdfb98c068238423	24	2
work/ext7/4-2s2-1__group.6513__X111	093d0610ffbea75d68eeb2a47d1d236b	48	1
work/ext7/2-2s2-1s1s1__group.2162__C	c3cb23c5c8aed8f56980480985576253	96	3
work/ext7/4-2s1c1__group.5966__T	824054cb3ad2dbbdbd5e54a553a9472b	48	2
work/ext7/4-2s2-2__group.6779__T	425c4ef2b699da1e57d38de346372290	216	1
work/ext7/2-2s2-2s2-1__min.416__X01	a76ddecd988a53c64d5c0a0d1a7287d0	24	2
work/ext7/3s2-2s1__group.4293__X0011	027b4816b32b33063e88aa74be74e9d0	576	2
work/ext7/2-2s2-1s1s1__group.2224__C	c3aff9af5cb0a439bb452108ac011817	96	3
work/ext7/2-2s2-2s2-2__group.3643__X001	358dd40613e4ec32ea28cb731c02a478	216	4
work/ext7/2-2s2-1s1s1__group.2353__X1101	2ad42b671e4e32c460ac8606ed8b46ee	96	3
work/ext7/4-2s1s1__group.6173__X10	64ce51413cd81609d33e00754a62c047	36	2
work/ext7/2-2s2-2s2-1__group.3363__X0011	8ec79f4c17a459046536ea7ad0d6d496	288	1
work/ext7/3s2-2s1__group.4097__X01	c388c39e4ebcaf6d49231ac49400931b	144	1
work/ext7/2-2s2-2s2-1__group.3436__X00110	1edd4e92677fc8781d09ed8c5b3561e2	576	1
work/ext7/4-2s1c1__group.5996__X001	a9272d75492f41f444bb0ece350955fe	72	2
work/ext7/2-2s2-1s1s1__group.2030__X11111	78de7cd209cdd2ba7f1d9f3f869f66d8	192	2
work/ext7/4-2s2-1__group.6392__X0010	c147a1fa13824d6d441bbbffab478427	192	1
work/ext7/3s2-2s1__group.4247__X101	c3a1c4a585d1f95ebd626c3d83f9a5f4	288	1
work/ext7/3s2-2s1__group.4185__X011	8313b4b55593163412492a02a02f6aae	288	1
work/ext7/4-1s2-2__group.5815__X0010	6f6b19e9fb9d4ef165ff76266d08f113	96	2
work/ext7/4-1s2-2__group.5850__X110	c484555210c67a70b1da2b3e34ddb006	96	1
work/ext7/2-2s2-2s2-1__group.3412__X111	b4a76aa3992f98ae08fda044f6a8576c	48	1
work/ext7/2-1s2-1s1s1__group.1397__X110	cf42e1d4ea419e5c67026847057aac3e	32	3
work/ext7/2-2s2-1s2-1__group.2444__T	829d47ba756f33d7520ac922278eaf09	192	1
work/ext7/6-1__group.7492__C	89d6b35bfdca88af3a3e063d4d924fed	192	1
work/ext7/4-2s1s1__group.6228__X0010	4a2be6873d9afcf0882f70fa6aee4ab6	576	2
work/ext7/4-1s1s1__group.4586__X10	2d0c4cddc55137a9301fb5ea8c7683e7	1152	2
work/ext7/4-1s2-2__group.5406__X011	f1a68730c06dead5a98e412e95d68827	192	2
work/ext7/4-3s2-2__group.7298__T	0dc46ad04e7c46a813263a0d5fd90d02	1440	1
work/ext7/2-1s2-1s2-1__group.1555__X001	5ab926ea923e6604675a7dcaf2792356	32	1
work/ext7/2-2s2-2s2-1__group.3350__X1010	5e92a2b90959fc185789b129f2728a6a	288	1
work/ext7/2-2s2-2s1s1__group.2830__X0011	81caa7eddd6a7c2608b8f80e84d89dd4	144	2
work/ext7/2-2s2-2s2-1__group.3428__X00011	b18b716cbf563250ac067f9dc1aa24ee	576	4
work/ext7/4-2s1s1__group.6186__X001	63bacffc378d1db9453139971b3e35ef	48	4
work/ext7/2-2s2-2s2-2__group.3555__X0011	8f0a942c2fd046a4d6b309fdf90933ce	144	2
work/ext7/4-2s2-1__group.6596__X111	4950939ceb8cb575705dd7bd66e88e3f	96	1
work/ext7/3s2-1s1__group.3900__X100	2cf8463b060e6905f8b4bd865df7139f	192	2
work/ext7/4-2s1s1__group.6070__X001	660dcd8bdbac96fd789052bd17beeb9b	144	4
work/ext7/2-2s2-1s2-1__group.2511__X0110	a92441c6aa287173e2a911eeb3d799a5	192	1
work/ext7/2-2s2-2s1s1__group.2863__X1000	388bb2a977319ffb2a83642bb118685d	144	3
work/ext7/4-3s2-1__group.7244__X0100	936827ce4e3f979f6a5530e3acac1ded	320	1
work/ext7/2-2s2-2s2-1__group.3437__X00111	ecb04df3f783101389b462e3ba59df99	576	2
work/ext7/3s2-2s1__group.4127__X11	ada29750aedca86a5e0315b413aa6c04	144	2
work/ext7/2-2s2-1s2-1__group.2495__T	5c1c304ff317fe07d48ed45f3caeb789	192	1
work/ext7/2-1s2-1s2-1__min.282__T	f224405f47ac0ebec93355e6b932a49c	16	1
work/ext7/4-2s2-2__group.6783__X101	856a4c8a7518037b5f096327d1e2baf9	216	1
work/ext7/4-3s2-1__group.7266__X100	fdd70d67aba30b0dfad66557ea368c3b	80	2
work/ext7/4-2s2-2__group.6845__X001	ed87acb8496c3bb0e763c64fc1f7d2a6	432	2
work/ext7/2-2s2-1s1s1__group.2040__X11001	a61c3d86d6424df88d67999850788b2e	192	2
work/ext7/2-2s2-2s1s1__group.3072__X100	74d1240d914f47a1a642b1da47447a37	72	2
work/ext7/3s2-1s1__group.3897__X110	98d2b472b00677d9c41c5a5ddcdea5e3	192	2
work/ext7/2-2s2-1s2-1__group.2688__T	c7487f763baff7f2dffe13524d3e05b4	96	1
work/ext7/2-2s2-2s2-2__group.3566__X001100	6bb25ef2b7e145058f75d35d203f5f87	1728	12
work/ext7/2-2s2-2s1c1__group.2734__X101	4d9faa4ab69dc56cbd572f11de953f82	24	3
work/ext7/2-1s1s1s1s1__group.1222__C	e01a193e4d9eb7d77794dedf55054aed	64	5
work/ext7/4-1s2-2__group.5669__X010	8512a559f06724259935b6f2605aec07	48	1
work/ext7/2-1s1c1s1s1__group.1149__X111	10f8f4845b4818f45bb57b28aaa38eae	16	4
work/ext7/2-2s2-2s2-1__group.3221__T	568498eb729469a3c47b74794bf5f4b5	144	1
work/ext7/6-1__group.7484__C	845a9ae548ad892c953f307f4edde68a	1536	1
work/ext7/4-1s2-1__min.521__C	4af06ee56ba9280f3755770f46383305	64	1
work/ext7/2-2s2-2s2-1__group.3329__X1101	bd7d8d779aa4f9303b7be7fc37ef0cb2	288	1
work/ext7/3s2-1s1__group.4004__X11	371a7b635b784065ec539bb846856257	96	2
work/ext7/4-1s2-2__group.5641__T	c3fbc646e5fc387b15ecedc98ff72595	432	1
work/ext7/2-2s2-1s2-1__group.2457__C	a4df2373c1c5ece69c03e80704b7dfa4	384	1
work/ext7/4-2s2-2__group.6715__X1011	db0a1fb89369daaaa6926695694dafc4	1728	1
work/ext7/3s2-2s1__group.4296__X1011	1ac7798ec2f2d28443d62f75725682c6	576	1
work/ext7/4-2s2-1__group.6533__X0100	873818db418986121ac5da94dc8aaab8	576	1
work/ext7/2-2s2-1s1s1__group.2219__X100	105591dd90a89c9f41f311ac5fe2c88d	48	3
work/ext7/4-2s2-2__group.6908__X110	e25b1bffb45db7c2c86d5a9b7054b8f4	432	1
work/ext7/4-2s2-1__group.6396__X1111	944490feae34c3ff5172d1a946cae461	192	1
work/ext7/2-2s2-1s1s1__group.2387__X1011	f7cfe293ae0f99c76e3e3bd16062afc5	96	2
work/ext7/3s3__group.4392__X10	835346d84d7b4aabf96fe282c3cd1f99	576	1
work/ext7/4-1s1c1__group.4485__C	b645f6f41d153149f8d50edf9236631b	384	2
work/ext7/4-1s2-1__group.5056__X011	642148bcd1cea9e61a5b42df086118e0	2304	1
work/ext7/2-1s2-1s1s1__group.1450__X0011	ebee09409dea968bf4e8eff214d12989	64	2
work/ext7/4-2s2-2__group.6852__T	e10a7a3d4bf7a08cef07a7edec325e62	432	1
work/ext7/4-1s2-1__group.5206__T	fd591498653aafa77df88e091baf314d	64	1
work/ext7/2-2s2-1s1s1__group.2354__X0011	deeb1dc9fbf0aedaed99c29b22c70840	96	6
work/ext7/2-2s2-2s2-1__min.420__C	99eb70662d154f1872cd4b26865b1e52	72	1
work/ext7/2-2s2-2s2-1__group.3169__C	9a2874df0ef45a772fdc2757495730a9	288	1
work/ext7/4-2s2-1__group.6556__X0010	ab25d1a4eb16f28fbaf00f7e59f4ac31	576	1
work/ext7/4-2s2-1__group.6526__X011	e7d3e3a5d7ebc73c19275c60386c2d62	576	1
work/ext7/4-2s2-2__group.6909__T	61cd6367e3517edaef7810a7eff2466c	432	1
work/ext7/4-1s2-1__group.5070__X001	061fb44d8c405c4a57ceb9c88aa3e350	256	1
work/ext7/4-1s2-1__group.4990__X001	b977185c9c91da8ac70cec6bdb9abf24	128	1
work/ext7/4-1s1c1__group.4568__X010	e7c80b430a9e36b5358ee4288514ebc3	768	2
work/ext7/3s2-2s1__group.4145__X11	bcfeb95e2082b837e9816f604d741355	144	1
work/ext7/4-2s2-1__group.6396__C	aa331431af5013261e65f7a6e2022fec	384	1
work/ext7/4-1s2-1__group.5213__X0010	a01d12e119169ec99a7f72f161056a87	64	3
work/ext7/3s2-1s1__group.3959__T	6c3517f1b6431847e2a77a3ea0bbaf51	192	2
work/ext7/4-1s2-2__group.5836__X0011	f6903fe2973633af5a2d493288232cf5	96	4
work/ext7/4-1s2-2__group.5378__X01	a60b67a1a93a74d077c61712a5ab1f3a	144	1
work/ext7/2-2s2-1s1s1__group.2343__X0011	9c8bc9c7ecd11d523eff817538d1678c	96	4
work/ext7/2-2s2-2s2-2__group.3638__T	0d0f3bd0d4b54f9f0e2a0fcd4b00b021	216	1
work/ext7/2-1s2-1s2-1__group.1509__X0110	2f66481efae4a7626070368a66045624	128	2
work/ext7/4-1s2-1__group.4931__X00100	68d5e3b443c5a8a1829548a699e35313	1024	2
work/ext7/6-2__group.7545__T	5f6b8f3c3669285b45615961392ad4f1	216	1
work/ext7/5-1s1__group.7375__C	4d382061ecc6d2f622eba520cf3ed358	7680	1
work/ext7/2-2s2-2s1s1__group.2962__X100	d83206dae33c29f29b16b59668e93a94	36	3
work/ext7/4-2s1c1__group.5944__C	ad10e754110e0a6058f2d6d9b8f998ca	48	2
work/ext7/2-2s2-2s2-2__group.3563__X1010	d0b045e1bc05434b92b6e52b5fc972ad	144	2
work/ext7/3s2-2s1__group.4288__X1010	4569b900c289d6e24b2496069d1ba338	576	1
work/ext7/4-2s2-2__group.7053__X0110	bfadf7ba422e0010cbb2f5100c78c4b6	864	1
work/ext7/4-1s2-2__group.5611__C	e209c3d69c69f44a5a0e5c2d78fcc27c	768	1
work/ext7/4-2s2-2__group.7030__X100	53dc417954c48bc9fcbfe791d6432e73	864	1
work/ext7/4-1s2-2__group.5749__X0001	a45fa77940b8c76717519293560b0dad	768	2
work/ext7/2-2s2-1pc2-1p__group.1907__X001	0e0075d81b4e483746f6c143174a37e5	48	1
work/ext7/2-2s2-2s1c1__group.2773__C	f0878156936a1d70f3b545299a7e338a	72	2
work/ext7/4-2s2-2__group.6805__X10	25d018d3bb3a92c4ccceaf763892c9de	216	1
work/ext7/2-2s2-2s2-1__group.3318__X1010	2cf76952abe32c07a22aa1fff004eaf5	288	1
work/ext7/4-2s2-1__group.6564__X1010	339c2bee6dbb12fdf46cb07714ed542f	576	1
work/ext7/4-1s1s1__group.4647__X1001	6059742bd2499c533b30271d14054299	1536	1
work/ext7/4-2s2-2__group.6629__C	aede2a33c6c85b14fa7b43f6e5d4462a	216	1
work/ext7/4-1s1c1__group.4508__X001	36478ccc5db28add1659de983f1020ef	32	1
work/ext7/4-1s2-2__group.5626__T	c9b28e64f630e2c400332841d8e6ec76	384	1
work/ext7/4-2s2-2__group.6831__X10100	987ffdca6f9b807a6e8dab2b13676ffc	3456	2
work/ext7/2-2s2-2s1s1__group.3021__X010	e35abc734a2d5c573e427bfb9a102a45	72	3
work/ext7/4-2s2-1__group.6484__T	2bc2e469270e8337ab4f0b081cbd9369	288	1
work/ext7/2-2s2-2s1c1__group.2798__X001	b756f963ab4f07fb7bdb116723d30e05	72	1
work/ext7/2-2s2-2s1s1__group.2879__X0011	686521debc8ae7671112511a7ae7aae9	144	6
work/ext7/2-2s2-2s1c1__group.2783__X001	8d33c728ea27c57fc59b4517062c49c9	72	1
work/ext7/2-2s2-2s2-1__group.3384__X0001	889e019855346dfae49db0949ed4339c	288	2
work/ext7/2-2s2-1s1s1__group.2030__X00011	01bd31921e9872dba42520d704f89e81	192	4
work/ext7/2-2s2-1s2-1__group.2486__X0111	2b04b64570783ad7c855737fea3bc741	192	1
work/ext7/2-2s2-2s2-2__group.3694__X0001	1e0ed732a3ef664222ab2d1365511a68	432	1
work/ext7/4-1s2-1__group.4985__X101	96523b6677d5d9cebea4cf38d7e87ce0	128	2
work/ext7/2-2s2-2s2-1__group.3204__X111	426a9ed38667e7bb3b0b54c7a3671705	144	1
work/ext7/2-2s2-2s2-1__group.3370__X1110	cb35e7ad6ea6cccb01358c35183e95a1	288	1
work/ext7/4-1s2-2__group.5612__X101	b63314d846e46ac1f9703e82843f3c03	384	1
work/ext7/2-2s2-1s1s1__group.2338__T	2c1959dc5193935e4d42d0f1116b0274	96	5
work/ext7/4-2s1s1__group.6185__T	2edd02ce89c9db3bc05b70881c2a8979	48	2
work/ext7/4-2s2-1__group.6498__X001	546430b3cf523239a88374f885791dbb	288	1
work/ext7/4-2s2-2__group.6882__T	ffb416be6ca122541831f756226bacde	432	1
work/ext7/2-2s2-1s2-1__group.2510__T	d61c132e089c57bdab663879d0608def	192	1
work/ext7/4-2s2-2__group.6717__X1001	95eaedc70d67c9e3d9cd1d00da8fd1a9	1728	1
work/ext7/4-2s2-2__group.6690__T	501558405027f7486a0c4142d4580fb2	144	1
work/ext7/4-1s2-2__group.5597__X111	36e6df023b0c6fe2e5c8d151844a5f64	384	1
work/ext7/4-1s1s1__group.4797__X1011	26a142e7ca0d50b6d2b99dc7e0e1d698	4608	1
work/ext7/4-2s2-1__group.6388__C	983306c6ef070c9e2dccd886bf2d3ee4	384	1
work/ext7/3s3__group.4355__T	691b11e7bf78bfc7a5f57a1e27b21621	192	1
work/ext7/2-2pc2-2ps1s1__group.1615__X01	41d1a505f6a2256876448344a4b1f00e	12	1
work/ext7/4-2s1s1__group.6237__X110	c34882ff4283c4b48a0702b729e4578a	72	3
work/ext7/2-2s2-1s2-1__group.2451__X0101	cda400959f6272025aa369606dad2528	192	4
work/ext7/2-2s2-2s2-2__group.3514__T	2c19ddf06bda0afe82c21279a32cddb0	108	1
work/ext7/4-1s1s1__group.4642__C	f2f05c7bfd6dfd9aeceeafc21c9f6d20	256	3
work/ext7/3s2-1s1__group.3977__C	ba72150d019f065c28a6b716197f5fde	768	1
work/ext7/4-3ps2-2__group.7145__X010	39b7ba9c58a1fe91ce022f36c95f96ef	120	2
work/ext7/2-2s2-2s1c1__group.2758__T	289a0e5c3b152e00ea6be5523f29c52e	36	1
work/ext7/3s2-1s1__group.3890__X010	09603a204fc9c9b60f5a5fb01ef3a190	192	3
work/ext7/4-2s1s1__group.6154__X0011	cc737ae9178310f518dd42b999ae551b	288	2
work/ext7/4-2s2-1__group.6470__X100	ba35f2ef327ca9a9339ef7f34bf55d27	288	1
work/ext7/4-1s1s1__group.4815__X01110	1c5f0a30fb1a378737a1c12e8c80f161	512	2
work/ext7/2-2s2-2s1s1__group.2848__X1001	c2a95bdf9bf7e06871bf343d36398852	144	2
work/ext7/4-1s2-2__group.5472__X1100	db63c70e29f115bda426b088498c6ea7	192	2
work/ext7/4-2s2-2__group.6951__X100	1bc136ddc8e5933c2400cae5cbc58f26	432	2
work/ext7/4-1s2-2__group.5698__X01	c5dd801734e084ef83b6d76afc1a3e91	576	1
work/ext7/4-1s1s1__group.4622__X1100	d1e294575c754d76adb1e1ad013a3220	128	2
work/ext7/2-2s2-2s2-2__group.3619__C	9a7d1e3946972cbe95069d87af85f768	432	1
work/ext7/2-2s2-2s2-1__group.3419__C	2bc8ec09424e3af1caddf06f5e65912b	96	1
work/ext7/2-2s2-2s1s1__group.2879__X0111	15470e3221ce2b2077840639ecb6d722	144	5
work/ext7/2-2s2-1s1s1__group.2346__X0101	b36bebaf0fc8e969b60507ce6d40745b	96	2
work/ext7/3s2-2s1__group.4191__X110	503a56854478c2a056e115b80a54030e	288	2
work/ext7/4-2s2-1__group.6525__X1000	bc85fb687a1675848a44bcc04152c2ba	576	1
work/ext7/2-2s2-2s2-1__group.3468__X11	1efeefcfef1abb21439447bf14d40403	72	1
work/ext7/4-1s2-2__group.5786__X101	71670dfaef60ea3f5b808e5fa8405589	96	1
work/ext7/4-2s2-1__group.6552__X0101	f06a3807bc323b88b6454981c56bbdde	576	1
work/ext7/4-2s2-2__group.6835__X01	e7105977b4b5b98f0152465b8e904435	36	1
work/ext7/3s2-1s1__group.4027__T	6e04f758a12e9df94ae15654ce68ddb3	96	2
work/ext7/2-2s2-1s2-1__group.2472__X0110	badb9f26d7e8acb3bd522bf35ba80409	192	2
work/ext7/4-1s2-2__group.5471__C	30457896905b620dd2e2401d6c319dbf	384	1
work/ext7/2-2s2-2s2-1__group.3302__C	99e56c8648a22fd657321723d1361754	288	1
work/ext7/2-2s2-2s2-2__group.3601__C	4a77a540e3054f2080b4fb2950277ed6	432	1
work/ext7/2-2s2-2s2-1__group.3221__X100	051fb931cf7257b7c69cdf1f0de60a49	144	1
work/ext7/2-2s2-1s2-1__group.2691__T	3e7103fd08585af49507d39a7be53a32	96	1
work/ext7/2-2s2-1s1s1__group.2179__C	875eabc0daaa4095bb85f7b228b79d83	96	3
work/ext7/2-2s1c1c1s1__group.1717__X111	728e266a58f240ff5565f80a7b0c0581	24	2
work/ext7/4-1s2-1__group.5016__X110	bf52136d330c55642bbcf36090475cca	1536	1
work/ext7/2-2s2-2s2-2__group.3633__X100	2d7a2ec3a0e5fb9f55c193baa6cd89d9	216	2
work/ext7/4-1s2-1__group.5239__X0010	6460e8a7aa139e25098b4f6d6ee84b93	64	1
work/ext7/4-2s2-2__group.6891__T	a05fa6fe6cf238ba8640955f3a2506cc	432	1
work/ext7/4-2s2-1__group.6447__X101	220e8c2a90c619d3246ea5294c8a9391	288	1
work/ext7/4-2s1s1__group.6308__X1100	b4ac4773c771c65c36411f07be986f92	96	2
work/ext7/2-2s2-2s2-2__group.3574__X111	24eba687da421dfe3e0ca14254cca0f4	216	1
work/ext7/2-1s2-1s1c1__group.1264__C	750fd31f9095afe654e26eac9ad7f7bc	32	2
work/ext7/4-2s2-2__group.6684__X110	8c68a7ecebacbaf6baa478815e70fb00	144	1
work/ext7/4-2s2-2__group.7057__X0001	bbf568e324419d73c2b8eabd3a394f69	864	1
work/ext7/6-2__group.7582__X10	88ac284b53a3d6eba063a184de77b341	5184	1
work/ext7/2-1s2-1s2-1__group.1520__X0001	67d7f1c99727ddd6ebdcfffc0aeaba40	128	1
work/ext7/4-3s2-1__group.7266__X010	e6f214cd8f0e2f657fb7fc850162c4fb	80	1
work/ext7/2-2s2-1s1c1__group.2012__X0011	50281d529d549c98025ab3f671d08a22	96	4
work/ext7/2-2s2-1s1s1__group.2273__X011	e8b58b7016e532f8f19d3a64d09ae716	48	4
work/ext7/2-2s2-1s1s1__group.2034__X01101	b8865865008d1f3355cf94c1ea9f0e6d	192	1
work/ext7/4-1s2-2__group.5344__T	703bfe9535a98c05380dea486fb1e987	1152	1
work/ext7/5-2s1__group.7402__C	0f42376f5be6d3cf19d6ec5f38fd8dbd	480	1
work/ext7/4-2s2-1__group.6513__T	f5022c1bd4461f195e812129b94872ff	48	1
work/ext7/4-1s2-1__group.5045__X01	6fb9aa386a6064b2d9f09e18f14bde00	192	2
work/ext7/4-2s2-2__group.6708__X0010	e898480a110fdd82f5b4b99076e8f6a4	1728	1
work/ext7/4-1s2-1__group.4969__X1000	cad18197e175cc2128937dfc2f2cbdb7	128	1
work/ext7/4-1s1s1__group.4826__X1100	7fcf9116b5892f5fdff5b2b3367fe74d	64	2
work/ext7/2-2s2-2s2-1__group.3319__X0010	b5f5566fd5da8748939f1f171ab1fb46	288	1
work/ext7/2-2s2-2s1c1__min.405__C	739e43bf5d00de54efa49210ceeac032	18	2
work/ext7/4-2s2-1__group.6413__C	5c459d6d35b34458e3ede93fd759e34a	576	1
work/ext7/4-1s2-2__group.5414__X0111	c2a75c0d331f1aa1ac206840d7d3cc13	192	2
work/ext7/2-2s2-1s2-1__group.2452__X1110	4807aa01aff85b6ae4f53e0a6dff4460	192	1
work/ext7/2-1s2-1s2-1__group.1513__X0010	9d5b9d6a87dba2464bd37dddb159cf20	128	1
work/ext7/2-1s2-1s2-1__group.1552__X100	e3f36c018763f7cc369cb3d71a04147e	32	2
work/ext7/4-3s2-2__group.7281__X01	87ec725da1b8db1bb1f52a546d0ee9cd	120	1
work/ext7/4-1s2-1__group.5162__C	758be77ba5df3a1c80eefc9df3a3bb96	768	1
work/ext7/4-2s2-2__group.6986__X010	88e5e94ffa53c0ccdd0a0be118bd45c2	72	2
work/ext7/4-1s2-2__group.5646__T	30de6c4a34723b0f0fc4a3bf8f70b7c1	48	1
work/ext7/4-1s2-1__group.5024__X10	6d728fd6d5b5c74bc9a65c548aab43c1	192	2
work/ext7/2-1s2-1s2-1__group.1590__X101	0101bfdc6b4753077134a99b4fb84e3d	64	1
work/ext7/4-2s2-1__group.6625__X010	57b93bdabf2dd98010ca68a0e7544dd6	96	1
work/ext7/4-1s1c1__group.4536__T	9456ea155662314f96d48e100723e1f9	48	1
work/ext7/4-2s2-1__group.6420__T	8c0a872a8ff56a2cab193b9ac11bc882	288	1
work/ext7/4-2s2-2__group.6883__X100	36267a6f2dedd57c96f6b5d2e6610e0e	432	2
work/ext7/6-2__group.7550__X111	93db55e09252fe6a9d471e24ab3d9110	2592	1
work/ext7/4-2s2-1__group.6403__X01	b2bd2719dd8dc18ade44e8f2a3491e64	24	1
work/ext7/4-1s1c1__group.4464__X011	bac3403b9cf58f4ca236ff8dd99dd1ea	128	3
work/ext7/4-2ps2-2__min.564__T	cb9e3fa5830afe08c6a932de840a9602	36	1
work/ext7/2-2s2-1s1c1__group.2016__X1100	a57144d4e2dba4d35f0b8c00ab9ec785	96	3
work/ext7/3s2-1s1__group.3914__T	2f2cef9366012b754b8788cd448a296f	192	2
work/ext7/4-2s2-1__group.6535__X0001	a3e7491ff9cc02dec5a31065ef90dfb0	576	1
work/ext7/2-2s2-2s2-2__group.3564__X1001	bd8ae86a3cf6cd91c2832b77a291c277	144	2
work/ext7/2-2s2-2s1s1__group.2881__X1111	c797bb2662a556a9f5cb128f982e2c33	144	2
work/ext7/4-3ps2-1__group.7121__X0101	8ead46c56a924e1c8aec66533cf506ee	160	2
work/ext7/3s3__min.465__C	faf9c403452cafcbe7f7ad27ce08ba05	48	1
work/ext7/2-2s2-2s2-1__group.3429__X00011	9d894fbe87201c3a32eecef88949dbf0	576	4
work/ext7/4-1s2-1__group.5009__X110	06808ac13cf7598ef5d9c6da14d6edc0	128	1
work/ext7/2-2s2-1s1s1__group.2232__X111	f8e97da9f047939b211cf7ae7263d651	48	3
work/ext7/4-2s1c1__group.5965__X001	a9b9fab3405194cb96e1edd56bda15ed	48	1
work/ext7/3s1s1s1__group.3860__X110	9a2461c57326648de460cc84b688ba7f	96	7
work/ext7/4-2s1s1__group.6048__C	6f80696e7f072fe66412977bda0a4810	288	2
work/ext7/2-2s2-2s2-2__group.3697__C	d393f4c3481441e8d79aab2c319d93d6	864	1
work/ext7/5-2s1__max.21__X111	04b5465c44d14e087fd8055c545fd4f2	2880	1
work/ext7/2-2s2-1s1s1__group.2383__X1011	9e67ca37be51d3943125a6ce9aa581da	96	2
work/ext7/4-1s2-2__group.5688__X10	b5e54d87924d1c753f45072ab3591d4f	576	1
work/ext7/2-2s2-2s1s1__group.3067__X111	cd8290861a73ba6d82a77a9e53b3873f	72	3
work/ext7/2-1s2-1s1s1__group.1325__X101	140541db25ab94e67c5bd2e119e65af4	16	3
work/ext7/4-1s2-2__group.5812__X11	0a7fec4fcbcf1ab0d604f2e2c2256f16	96	1
work/ext7/4-3s2-1__group.7249__X01	818977033413232a67b7bf11a9dbdafc	480	1
work/ext7/2-1c2-1s1s1__group.1095__X1100	ee7addcbd6a709ac8f45df0e23ea78b6	32	2
work/ext7/3s2-2s1__group.4304__X1110	f04633bca8807b9afc60216066046300	576	2
work/ext7/4-1s2-2__group.5680__X001	18cba7574c285e583a30c3bf5a52e3fe	48	1
work/ext7/4-3s2-1__group.7242__T	333975d815b87c815c1d3d62733f349b	240	1
work/ext7/4-1s1c1__group.4551__C	916228f60572aabc17a79f4e19d115da	128	2
work/ext7/4-2s2-2__group.7018__X100	be028c8c9c8979d4dfac88fa9a580dd6	72	2
work/ext7/4-2s2-1__group.6544__X100	73f520089129c0ff5e231bceaf331cb5	576	1
work/ext7/2-2s2-1s1s1__group.2028__X01000	a89f017791cd01978cefb5dd07c68f69	192	1
work/ext7/6-2__group.7574__X001	843731cfa664d3afa28e051884cabf71	432	3
work/ext7/2-2s1s1s1s1__group.1820__T	722e29538a3714ba2373349fd6a83570	24	5
work/ext7/4-1s1s1__group.4823__X110	01254e671bd3124bd28b18600e910f51	64	4
work/ext7/2-1s2-1s2-1__group.1576__X101	5b672521afc9d8cf74c20ca167d31d95	64	2
work/ext7/4-1s1c1__group.4459__X011	60c4c24839e1667e82dddb258cb2e84c	128	2
work/ext7/4-2s2-2__group.6819__X0010	1a0e65a3819c688278ed1e59cede9fbc	288	2
work/ext7/4-2s1s1__group.6181__X10	23004c04d4b2ec9692cff64991a2c0e0	36	2
work/ext7/2-2s2-1s2-1__group.2640__X011	659e86a7d022eea09ade30a297753c02	96	2
work/ext7/3s2-2s1__group.4161__C	4e1857a45dbd2c86cad90bb331cde0c8	48	2
work/ext7/4-1s2-2__group.5374__C	1675c6572d5ac51fea289291bb3f79dd	288	1
work/ext7/1s1s1s1s1s1__group.1077__C	a13dbea1968e7d27271dccd9f220c9f5	64	2
work/ext7/2-1s2-1s2-1__min.280__C	ee43843e4015578c24975bead709109e	32	1
work/ext7/4-1s2-2__group.5628__X1000	c90a8d4c1898b0c761e8198eb15e1969	384	1
work/ext7/4-2s1c1__group.5937__X11	2dd75278503e64078a066a421d30b091	24	2
work/ext7/2-2s2-1s2-1__group.2474__X0100	ecba195c3aa161e72a4996065b7b20e1	192	1
work/ext7/2-2s2-2s2-1__group.3199__X001	e37b45ed07b7e98a36d650f59f168210	144	1
work/ext7/4-2ps2-1__group.5875__T	18b0306e83c5711b8bd386af3683784d	48	1
work/ext7/2-2s2-2s2-2__group.3752__T	7f7ef816e56bce92e50e15ee25984498	72	1
work/ext7/4-2s1s1__group.6081__T	37e1f0fe946a722732e89b1f4df8f3cd	144	3
work/ext7/3s3__group.4356__X10	2fe8d64d7f4beffbab16928f79e58835	192	1
work/ext7/4-1s2-2__group.5498__X100	b83988a73ae3d42a9dada26524dd2c70	2304	2
work/ext7/2-1s2-1s2-1__group.1542__X01101	65decc3035048e9b911ce481cbfd54ad	256	3
work/ext7/4-1s2-1__group.5177__X0110	335e3e2e5819afbc83434322dce014ba	512	4
work/ext7/4-1s2-2__group.5485__X1001	1e3ff021ac870488244a52e58675103a	192	1
work/ext7/2-2s2-2s2-1__group.3476__C	2eada5e12009f3715748e16014760627	144	1
work/ext7/2-2s2-1s1s1__group.2340__X0111	202b272bb67c7c20925be984c73351ba	96	4
work/ext7/4-2s2-2__group.6727__C	aa84bc99a6f5bfad648045c577aa53d3	432	1
work/ext7/2-1s2-1s2-1__group.1510__X0010	10a367c07d3b82421f6451470e2a0074	128	1
work/ext7/2-2s2-1s1s1__group.2378__X1110	3c478d2b074741213764fb73182b1983	96	2
work/ext7/2-2s2-2s2-1__group.3376__X1101	c23a51f37e9db5607f1482a5b3f64e2a	288	2
work/ext7/3s2-2s1__group.4071__X11	0aeae85641bcbc4e598f850c1318b96c	144	2
work/ext7/2-2s2-1s2-1__group.2585__X110	7eb37dd4cc63696647fa78b733619d4c	96	1
work/ext7/4-1s1s1__group.4708__C	b3fec04aec7a083f37b4ebed922b00d9	512	1
work/ext7/4-1s2-1__group.5246__X101	a30f53cb826bf8717a8140d3dcbd5f7f	64	1
work/ext7/3s2-1s1__group.3915__X001	f57162cfa570b34d5a8de49f73f4dae7	192	2
work/ext7/2-2s2-2s2-1__group.3430__X00101	c25fc47c7d3a97c38a118631f3d29f45	576	2
work/ext7/2-2c2-2s1c1__group.1640__X001	542d7fcddabcfaa9a5aaaade53053997	24	1
work/ext7/3s1c1s1__group.3788__X1010	17239cd4db73f45badd7e138a548f231	192	4
work/ext7/4-2s2-2__group.6909__X101	b68b4877ceea9033696f7f54b8ba6499	432	1
work/ext7/2-2s2-2s2-1__group.3503__X0111	891f745b3956248914008202bd2ac11b	96	2
work/ext7/2-1s2-1s2-1__group.1591__X1110	41dfab44039ffbab9b5f921c5df02e41	64	1
work/ext7/4-2s1c1__group.5943__C	764ed09091122f18d5250a35fab68312	48	2
work/ext7/2-2s2-1s2-1__group.2529__X10001	ec94fdddb2954228094168a575f1f306	384	1
work/ext7/2-2s2-1s2-1__group.2696__X011	48ef4e52d815c3fe355adff2298b2278	96	2
work/ext7/2-2s2-2s1c1__group.2767__C	aeaccb9cea36fbc664715b479bb84378	72	2
work/ext7/4-1s2-1__group.5100__X1011	1613c1cb73df12016492976ba4cfb7e3	256	1
work/ext7/2-2s2-2s2-1__group.3375__X0001	1ee98e611a41404abd39569c003679f4	288	1
work/ext7/3s2-2s1__group.4287__C	c7d7aa65d71db7bde8afb913d5cc9e47	1152	1
work/ext7/2-2s2-1s2-1__group.2652__X001	b59718016fccddcfa3c687c5b2d2d265	96	1
work/ext7/4-3s2-2__group.7305__C	d2cd29a16f607ef61da9b5164bca97f8	480	1
work/ext7/4-1s1c1__group.4491__X101	fff203eab9b5cef39f09b1e742f08f39	2304	4
work/ext7/2-2s2-1s2-1__min.398__X10	40c81c2b0d201275abb7c31f5b1e1177	48	1
work/ext7/4-1s2-1__group.5205__T	0077ce91f771fca34de38099a65067e9	64	1
work/ext7/2-2s2-1s2-1__group.2489__X1000	7edc70d55ef2a7ea22c7ebb8ced2c53c	192	2
work/ext7/2-2s2-2s1s1__group.2830__X1010	2a24c8324f8ac50c2439b831476865da	144	2
work/ext7/3s1s1s1__group.3845__X10111	38b56e6df509bb53ff27db6b13afea61	384	1
work/ext7/2-1s2-1s2-1__group.1571__X0010	bd31b453ccaef70755bf0795846f8e4d	64	1
work/ext7/4-2s1c1__group.5950__X100	54e7f0e1caf1a131f9a24b7cca5a8f87	288	3
work/ext7/4-2s1c1__group.5968__X100	7730f5acdbf3de77fa8fec0da0135fc1	48	2
work/ext7/4-1s2-1__group.5154__X0111	cbc114bb34caf0614cf0041c12200127	384	1
work/ext7/2-2s2-1s2-1__group.2600__X010	e7044bc7e9f0c470ab71ca7c15a3b826	96	1
work/ext7/2-2s2-2s2-2__group.3723__C	4271ad6ba77c282a0fb8ae4673fce37c	108	1
work/ext7/3s2-2s1__group.4199__X001	5b1948d3461f7e668b9463d81a12f03c	288	2
work/ext7/4-1s2-2__group.5416__X010	8d47dea2928bf8b57cd012d6f1c7bc4f	192	1
work/ext7/4-1s2-1__group.5216__X0110	46568fc69907ec6ca9d3af2ea8e8e286	64	3
work/ext7/2-2s2-2s2-1__group.3283__X100	8217ccefb48ffb4db0ce4fd1b507352b	144	1
work/ext7/2-1s2-1s2-1__group.1546__X00100	0df8e45bb50e81e28a4fc72a1ed57438	256	2
work/ext7/4-1s2-1__group.5229__X1001	2dcfce0b668b7837f96818c30f5731c5	64	1
work/ext7/4-2s2-1__group.6407__X10	55a19a92eb07c7477092118bff870315	288	1
work/ext7/4-1s2-2__group.5764__T	cdb3a2b18b9eeeda6892f66e7b8d7f54	864	1
work/ext7/2-2s2-2s2-1__group.3437__X10010	a9a1ecabdefafbd633a486dfaa588088	576	1
work/ext7/2-2s2-2s2-2__group.3688__X0011	22ae545718f221db30b35bf62cc9d49d	432	1
work/ext7/4-3s1s1__group.7235__C	9e172f50e57de0a13b1dd7021400ac47	1920	1
work/ext7/2-2s2-1s2-1__group.2453__X1011	abd2c1faa6b94bbab08d80a990f4d7c8	192	1
work/ext7/4-2ps2-1__group.5876__C	21720b2b77f5c92260a685905ac86540	96	1
work/ext7/3s2-2s1__group.4302__X0110	04b55a32b133eba143b0265272158b9b	576	3
work/ext7/2-2s2-1s1s1__group.2308__T	a1382653a87b197ac56d67b005d312f8	96	2
work/ext7/2-2s2-2s1c1__group.2785__X001	296ed381233bcb3d9fe57e6d878068db	72	2
work/ext7/4-3ps2-2__group.7149__C	7a06bf691c8f9ce7dd23b14c3b9e7eb5	60	1
work/ext7/4-1s2-1__group.4965__X1001	f3bd6fc13993db592101af35ea7f23a7	128	2
work/ext7/2-2s2-2s2-2__group.3746__X101	610426a66e8ff3f98ee8657a3a87df07	72	1
work/ext7/4-2s2-2__group.7013__X11	561a4af319c6d081d2b438f7fb1722cf	72	1
work/ext7/4-3s2-2__group.7338__X10	95aa0564860642ba7bc122bf58a53e4c	720	1
work/ext7/2-1s2-1s1c1__group.1265__X01	fe354bdeedeb59fc73facc0526ee5dde	16	3
work/ext7/2-1s2-1s1s1__group.1314__T	29794ed6abeb20d254be8b02d8b73e8c	128	5
work/ext7/4-1s2-1__group.5239__X0001	85cc0c1537a44f61754ec968b02991c7	64	1
work/ext7/4-1s2-2__group.5458__T	edf0b3df93719a8a3d5e1578bc1f8438	192	1
work/ext7/4-1s2-1__group.5120__X110	313d4b367132ab54cf55bc249ed4f1b6	32	2
work/ext7/2-1s2-1s2-1__group.1604__X010	efc46672a173cfef1a42b1b935b1394d	64	1
work/ext7/4-1s1c1__group.4579__T	20b6d01bed4eaa9b2c2ec86e1a6bb6a1	96	2
work/ext7/2-2s2-2s2-1__group.3399__X0100	63d9be0fdd883491614b59680ed7c25f	288	1
work/ext7/4-1s2-1__group.5010__X1101	cc8c0bfdd8d600f2a1efd95ca0b65094	128	1
work/ext7/4-3s2-2__group.7327__X01	f62963679bdfcd5a8a7cb705cff28c24	720	1
work/ext7/4-2s2-1__group.6417__X100	98de341f783bc09efd6cbcb5466e9204	288	1
work/ext7/4-1s1s1__group.4615__X0011	3c9e210ad60629aee9fd1c75accc3fb8	128	4
work/ext7/4-1s2-2__group.5514__X10	4b67170a914a660338e7314d3d8653c5	288	1
work/ext7/4-2s2-1__group.6553__X1101	41e9f2975535a1f0b82f116c7df225ae	576	2
work/ext7/2-2s2-2s1s1__group.2844__X0001	5600dfe61ed2552f17b3ac97af5b6eb5	144	4
work/ext7/2-2c2-2s2-2__group.1677__T	f3aa192c751b4d4de36ae0f8752b9ea3	36	1
work/ext7/2-2s1s1s1s1__group.1832__X110	6fcdf57263c8fc1f4807333aa19a6aed	24	2
work/ext7/2-2s2-2s2-1__group.3432__X10001	fab0c7fcb84332501d26910c3f254aa2	576	1
work/ext7/4-1s2-1__group.5011__X011	ab74cd4ba9ace2e5188ea49cc3451b63	1536	2
work/ext7/2-2s2-2s2-1__group.3322__X1000	6f96a716dfef972248b5d472bb8bcda4	288	1
work/ext7/4-2s2-2__group.7011__X100	cfdcf16c354ed8079a933175bf00c0d5	72	4
work/ext7/4-1s2-1__max.16__X1100	9f9f307e1af2a136bb759f118451bd84	9216	1
work/ext7/2-2s2-1s1s1__group.2103__C	548cf23736ccfe3d668faa514e8a646b	768	1
work/ext7/2-2s2-1s1c1__group.2013__X0001	fc68879b975d3f1912350bb3ddf31c23	96	1
work/ext7/4-1s2-2__group.5317__C	4eb2ae02b4d6894b9c2eb822a8ece9c9	2304	1
work/ext7/4-1s2-1__group.5086__X101	9e30e5870f6606becd596a186c952b4c	256	2
work/ext7/2-2s2-2s1s1__group.2847__X1100	d10d3a519dc5411b04dda097cf1ddda5	144	3
work/ext7/2-1c2-1s1c1__min.209__X10	1d435e375e0b70b275b46b4f1f809cf8	8	1
work/ext7/4-2s2-2__group.6831__X01001	3b8b1f5f17642a14c5a6f34b6ee19e9e	3456	2
work/ext7/2-2s2-1s1s1__group.2306__X1111	7ead3a38b16b5e86cf2da7c0f46f5294	96	2
work/ext7/4-1s1c1__group.4555__X101	ebb0f0ea983d08e586bea182d41e9aa7	64	1
work/ext7/2-2s2-2s2-1__group.3452__X11	1639cfda579fdaf38b8b95e7f2bd27e9	72	1
work/ext7/4-1s2-1__group.5057__T	f4f52ae44fb2098771b08caba04deb4d	2304	1
work/ext7/4-2s2-2__group.6739__X01	97aee4bbe067dcfeb285cbd5352d64b8	216	1
work/ext7/3s2-2s1__group.4133__C	6453d23538e5b710231e2980c93d9fee	288	2
work/ext7/2-2s2-2s2-1__group.3300__C	79d6b4b89b45ef0b7081e53e407bca1d	288	1
work/ext7/4-1s2-2__group.5716__X100	d1152350e2b20e839335d45813279d69	576	2
work/ext7/2-2s2-2s2-1__group.3175__X001	fa7f72826cd0b3150657ae171e30dd7b	144	1
work/ext7/2-2s2-2s2-2__group.3546__T	8686e0f6a0cfc8fbd0017fa97411e9e9	108	1
work/ext7/5-2s1__group.7409__X10	42ede2601a4e2ffa112ec2270e479d1c	720	1
work/ext7/4-2s1s1__group.6222__X0110	769aecd9c6ff7c2f07aff801b2a0bfdd	576	2
work/ext7/4-2s2-2__group.6840__X11	c8382ebe51bae68cbcce1a382b88d73e	36	1
work/ext7/4-1s2-1__group.4935__X011	ac969ff917cf5d5a2f0f19bf505460e4	1152	1
work/ext7/4-2s2-1__group.6383__X101	2df428221215f1bede19296de8377e8c	144	1
work/ext7/2-2s2-2s2-1__group.3267__C	5c37aa174956b17391762f4e8b3b86f9	288	1
work/ext7/2-2c2-2s2-2__group.1674__C	872308f6eccd558a1b7de3cd4563f6fc	72	1
work/ext7/2-2s2-2s2-2__group.3704__T	367166b715a823c00847a4b7ebd81f0e	432	1
work/ext7/4-2s2-2__group.6754__T	72b265b7c5d375367a2811d2787ea24c	216	1
work/ext7/4-1s1s1__group.4669__C	b66c63b7407d408c4c9ca6f2c2527fca	384	3
work/ext7/4-1s2-1__group.5111__X1000	2030f674524b793ccd7635abe9d9befa	256	1
work/ext7/2-2s2-1s2-1__group.2606__X011	d3238eb8381cdd564c55811fb22158fc	96	1
work/ext7/2-1s2-1s1c1__min.252__T	8b243a97749c8b585d85c70657a48512	16	2
work/ext7/4-2s2-1__group.6562__X1111	7d58511d66eadd40a0f0a09f3375e626	576	1
work/ext7/4-2s2-1__group.6498__X101	83ad299e95228cbb4666d6cb6a2e4f65	288	1
work/ext7/4-2s2-2__group.7086__X001	f89fc0e9334016a9848ab85bf938157b	864	1
work/ext7/4-1ps2-2__min.477__T	15664cac28524b8bef8903957fc3b709	24	1
work/ext7/4-3s2-2__group.7293__X011	1ea5d02e647e3a13a31a2339e6bdbe91	1440	1
work/ext7/4-1s2-2__group.5509__X100	803a8874604b7fd55e2bf987ab78c377	2304	1
work/ext7/4-2s2-2__group.6927__X010	bf829130bc2fa612a25468fc4fa6f8f4	432	1
work/ext7/2-2s2-2s1s1__group.2823__X1001	282ee41c4f5d1325bc51cb25224a8b6b	144	1
work/ext7/3s2-2s1__group.4194__T	594f589bd2149354daaf8e74fe9ad8ba	288	1
work/ext7/3s2-1s1__group.3981__X0111	59c314077647a9fa41b3ee1ec6570090	384	1
work/ext7/2-1s2-1s2-1__group.1533__C	ee6ea76b14888832a6ab69438bff93f0	256	1
work/ext7/4-2s2-2__group.6792__C	05447d3b9d2f39e3cbd681a999ecd8d5	432	1
work/ext7/3s3__group.4349__X011	0d83477d893f7353d0863a031b733f09	1152	1
work/ext7/4-2s2-2__group.7003__T	8a9386e5b2d57ac309dea29345fd65b9	72	1
work/ext7/4-1s1c1__group.4574__C	598bd3588155bddca37a72961ae30416	192	2
work/ext7/2-1s2-1s1s1__group.1457__X0100	0c633f502fe6dac789d231f88b676cb5	64	5
work/ext7/2-2s2-2s2-1__group.3252__T	8c1c33c258246bb92b7acd9f6a2d515f	144	1
work/ext7/4-2s2-2__group.6955__X11	29e1a9859f2a4dc10697ecd008320a1b	432	1
work/ext7/4-2s2-1__group.6323__X1001	7039127bd9d9f9771bc827b645d9f565	1152	2
work/ext7/4-2s2-2__group.6868__X0110	dbf81d840825d0de1e66bfad81867848	432	1
work/ext7/4-2s1c1__group.5965__X100	e59359bd9bf49e64fcf9e9d426b3de66	48	2
work/ext7/2-2s2-2s1c1__group.2755__T	b5503076020b1fc62b18e8959b12075c	36	2
work/ext7/4-1s1c1__group.4459__X101	930ea286fb777f5a3035ea282df35ea8	128	2
work/ext7/2-2s2-1s1s1__group.2339__X0100	ee8c7758c2a273105072826c444268ba	96	4
work/ext7/2-2s2-2s1c1__group.2763__X101	6108bdd7b8f67e3a305d957374ad2048	36	1
work/ext7/2-2s2-2s2-1__group.3203__X110	137379d0d308cd414e3910f4fcddf06f	144	1
work/ext7/2-2s2-1s1c1__group.2021__X0100	9d63012eb5ec85656bc5f034a64b7b67	96	1
work/ext7/4-1s2-2__group.5484__X0101	d90136ede0c1095f7e1bb7f5166fa231	192	1
work/ext7/2-1s2-1s1s1__group.1431__C	d751d2357b9de99f9b7dfd940291e55d	64	5
work/ext7/4-2s2-1__group.6364__T	bcda9410620cd63b6f454312cf8c3ab9	144	1
work/ext7/2-2s2-1s2-1__group.2537__X01010	1c299f2a65137bf5a15ff79474d39c3f	384	1
work/ext7/4-3s2-1__group.7277__X010	9687a8be3fd413eb06ff009259483409	960	2
work/ext7/2-2s2-2s2-2__group.3609__X101	9f9c80b4d0e435944986701d2530ee2a	216	2
work/ext7/4-1s2-2__group.5414__X0101	59751228a2a5b4e15fc1c300801dcf33	192	2
work/ext7/4-3s1c1__group.7175__C	eeef5824170aa0edce021483e96475c3	240	2
work/ext7/2-2s2-2s1s1__group.2859__X1001	709e842f02827d7fbfc1d9d4ef055589	144	2
work/ext7/2-2s2-1s2-1__group.2542__X10101	f4c39b9a3350c7efca9377439c6e71b1	384	1
work/ext7/4-1s2-2__group.5575__X100	e76512be6656a4fe7860a9c2416b40a0	384	1
work/ext7/2-2s2-1s1s1__group.2031__X00110	97618d246dc5e71d885b19a38315352f	192	3
work/ext7/4-2s2-1__group.6379__X011	b1274c2316af709899f3e83079575c3e	144	1
work/ext7/2-2s2-2s2-1__group.3393__X0110	ed0850167e435f35d8ae97a6a20a4e13	288	1
work/ext7/4-3ps2-1__group.7137__X110	2441cd9642068f756c38c30f36f518e7	80	1
work/ext7/2-2s2-2s2-2__group.3693__X1100	0977fca484af5a55ce245bef33f92697	432	1
work/ext7/4-2s2-2__group.7023__C	bebf98ac76be9f2b3d469f2eb39bd191	1728	1
work/ext7/2-2s2-2s2-1__group.3348__X1110	cd66c2722c5d748d36709d795039343b	288	1
work/ext7/2-2s2-1s2-1__group.2621__X010	17acded044611ed392e3c151a3ca4215	96	1
work/ext7/4-2s2-2__group.6799__X11	11efb75e0f87b0c935cc7a44f5de4dd7	216	1
work/ext7/2-2s2-2s1c1__group.2785__X011	d07b270e49275195a777f37cf21ee2e3	72	2
work/ext7/2-2s2-2s2-1__group.3184__C	40244fd7fe00f2e6da777e5c89c60ac8	288	1
work/ext7/4-2s2-2__group.6895__X0010	d0c9711048612d061b2f06e99f116978	432	1
work/ext7/4-1s1s1__group.4785__C	b19651cad1db9b17ff4bfeff8441647d	768	3
work/ext7/2-2s2-1s1c1__group.1969__X100	351a5ae77455e1d748c262d08408acb9	48	2
work/ext7/2-2s2-2s2-2__group.3634__X100	9c626cc5125177a413ce517c0f29f242	216	2
work/ext7/4-2s2-2__group.6903__X001	35a1207e3320f2613f22e7c0722915ab	432	1
work/ext7/4-1s1c1__group.4476__C	f8490954c6e08c625cec6875b712c498	32	2
work/ext7/2-2s2-1s2-1__group.2523__X0011	340817ce0ec14baed9efecb300e29fe4	192	1
work/ext7/4-2s2-1__group.6410__X110	6bda90993d0fab5e03b5ee3e26b6c370	288	1
work/ext7/4-2s1c1__min.568__C	ba13653ebc5d17c17eb44f7bbf232dbb	36	2
work/ext7/4-1s2-1__group.5286__C	6400ee2ec78873c693f8dcd16d39766c	1536	1
work/ext7/2-2s2-2s2-1__group.3204__X101	5c141d7376ee7f3188e7d014ecc960f3	144	1
work/ext7/4-2s2-2__group.6687__X110	7acf80d5faf48d82c7a3a130d93c9d14	144	1
work/ext7/4-1s2-2__group.5564__X011	5e9a7044f711805576f4d772b3b2175b	3456	1
work/ext7/4-2s2-1__group.6503__X00001	cad9fa8bb2c16c809081c55f6f8bcfaa	384	2
work/ext7/2-2s2-2s2-2__group.3642__T	042f7c27135d0770d07df0f0737f23a6	216	1
work/ext7/2-2s2-2s1c1__group.2782__C	358231ec22e1d74dc28187dccdf2af47	144	2
work/ext7/4-1s2-2__max.17__X1011	11728b100bf903722923b51c6e066318	13824	1
work/ext7/4-2s2-2__group.7083__X110	e8ae7f12230bb8550f80cd2b6b25e22f	864	1
work/ext7/4-1s2-2__group.5810__X100	d16b34b95d52f8916be140322ed31a43	96	1
work/ext7/4-2s2-1__group.6418__X100	9a58e27bbdaacc7a0ac2c1e3bdd59b38	288	1
work/ext7/2-1s2-1s2-1__group.1588__X010	4c411f98e9d1d0075994338be851009d	64	1
work/ext7/4-2s2-1__group.6559__X001	ad2bbc14ae54592a8fe6bb02321c5a48	576	1
work/ext7/4-1s2-1__min.514__X010	3a53765fdd33700c1b2df46be58d6bee	32	1
work/ext7/2-1s1c1s1s1__group.1173__X1010	58224cb19ed2e6566817a7e352d6c5c4	32	5
work/ext7/4-1s2-2__group.5515__X01	84ebe23da6f2647c4500dc5c8db89e2a	288	1
work/ext7/2-2s2-2s2-2__group.3625__X001	4f4f6dcc5015365fd26272e8444c7391	216	1
work/ext7/4-1s1c1__group.4463__X100	8776080b7dd4226c8eb2b0c66e0467d2	128	2
work/ext7/2-2s2-2s2-2__group.3622__X011	bd9a829811228ffe048e1659a4c1bb64	216	2
work/ext7/4-2s1c1__group.5921__X100	7e488db31d3973c8d8b9a887099385ee	144	2
work/ext7/2-2s2-1s1s1__group.2240__X101	ba0bab19915e59b4cda0827fb4d30992	48	3
work/ext7/4-1s2-2__group.5375__C	c002faf040e27e418435bdf71cfd3617	288	1
work/ext7/2-2s2-2s1s1__group.2948__X10	f53e77762a45ba580343a0212012275a	36	2
work/ext7/2-2s2-2s1s1__group.3095__X101	be6c6c9a3659799b1c1a14bc79a529dd	72	4
work/ext7/2-2s2-2s2-1__group.3406__X001	5915cf527986f75ff7b6594f5962ca29	48	2
work/ext7/2-2s2-1s1c1__group.1991__X110	27f353801b275158544b62963eac71d6	48	2
work/ext7/4-1s2-2__group.5412__T	ae5f34e9114eb965974c8c017cfd958f	192	1
work/ext7/4-2s2-2__group.6654__X111	a54b2f202c7473f4172cb4609c8ebe16	144	1
work/ext7/2-2s2-2s2-1__group.3178__C	a19ac9668c9c027560ccf72e5a882233	288	1
work/ext7/4-1s1c1__group.4456__X011	5f539fc27c80381e060ea624d093957c	128	1
work/ext7/4-1s2-1__group.5205__X101	efd1fadd4b8f30eb76e3f507e0b72e51	64	1
work/ext7/2-2s2-1s1c1__group.1970__X111	d7cdd4576436b39459bcd5ea636523a6	48	3
work/ext7/4-3s2-2__max.20__X0011	7406c4dc18f43d0a4f3e673645c03ec4	2880	1
work/ext7/4-2s2-2__group.6900__X010	8ba358db22da00fa1b9a88274ff34728	432	1
work/ext7/4-1s2-1__min.513__X01	69fd161b1b2e0da3fd9741743f3f72e9	32	2
work/ext7/2-2s2-2s2-2__group.3719__T	91548c8b1408a33bdc1267f67f6087dd	432	1
work/ext7/4-1s1c1__group.4565__X110	f2895050221c33a94c3574c3ba2e8b0b	64	2
work/ext7/4-3s2-2__group.7289__C	27b66f06d833ae16efa57e33f9e445b4	240	1
work/ext7/2-2s2-1s1s1__group.2368__X0100	56273ff191f533c2251694fce2bb2e34	96	3
work/ext7/3s2-2s1__group.4309__C	767e4ced4a160a5bfdd9ecf01497211d	1152	1
work/ext7/3s3__group.4373__X01	529a168d4cfa83e31a6c11f989a9679d	48	1
work/ext7/2-2s2-1s1s1__group.2128__X100	238f4400442ef00ddd0682a98105fd77	48	3
work/ext7/2-1s2-1s2-1__group.1544__X11010	cac1953fe4f4caf62120688768fad814	256	2
work/ext7/2-2s2-1s1c1__group.2001__X100	4dba417590a532a8be303a0c276f370a	48	2
work/ext7/3s2-2s1__group.4305__X0011	61d101de5295e4cfed22fa2d02043cc9	576	1
work/ext7/4-2s2-2__group.6871__X001	63fe3585da1411f5536cf521b04dc337	432	2
work/ext7/2-2s2-2s1s1__group.3111__X111	87d7ff6bd50aeb5235727824d1b75a00	72	3
work/ext7/2-2s2-1s1c1__group.2006__X100	b2db04f8df21135290af60f4ed65f390	48	2
work/ext7/4-1s2-1__group.5194__X0011	cdd168ef298225db38402a7ff73f9eb9	64	4
work/ext7/4-1s2-2__group.5424__X11	c85d2d4059f050120f261b9e2b21b410	192	1
work/ext7/4-2s2-2__group.6819__X1010	1388a92a2e773e5ca5b7395f2d8cc7ce	288	1
work/ext7/4-1s2-2__group.5311__X01	7905989a4de566a80498b4006579ae0e	1152	1
work/ext7/4-2s2-2__group.6653__X100	7fd23c88d81148f4108065cfc1b2d18e	144	1
work/ext7/4-1s2-1__group.5231__C	28f6a3a92a2948ca0d66f2e48b60790c	128	1
work/ext7/2-2s2-2s2-2__group.3555__C	14f82d9f6959aac35dfd6d52bcf64149	288	1
work/ext7/2-2s2-2s2-1__group.3306__C	79bd2488421f462657b866c87abcb77c	384	1
work/ext7/4-1s2-2__group.5791__X010	ccb7c86a6054bb801ad952c2c51d7aee	96	1
work/ext7/2-2s2-1s1c1__group.1974__T	93b8b6816769e88a0f9694347afff05c	48	2
work/ext7/4-2s1s1__group.6116__X0001	1e60b4f0ff5f0268f0edfbac0936fa42	288	2
work/ext7/4-2s2-2__group.6869__C	aa3f95391f76e5ce064d699c381d25cc	864	1
work/ext7/2-2s2-2s2-2__group.3567__X01	e79e39ac5452609610ba6114c743cb30	18	1
work/ext7/3s2-1s1__group.3907__X110	e12b11140a24ace90cec05e6967c4b77	192	2
work/ext7/4-1s2-2__group.5619__X011	bde63c14c2ae9fd8ccf8815140ccabea	384	1
work/ext7/4-1s2-2__group.5739__T	8a4908df7d7d515f26538fcce6480fc1	72	1
work/ext7/2-1s2-1s1s1__group.1491__X1010	b87a75a94567ebc8adb5ad4c04f79752	64	5
work/ext7/2-2s2-1s1s1__group.2132__C	28cba9ba59ea715261a5b398a2dfe488	96	2
work/ext7/2-2s2-2s2-2__group.3588__T	34be7936aa6d0303390d15b34de39fd5	216	1
work/ext7/4-1s2-2__group.5750__X1100	7b9896f5575bcc9620012176cf83bc98	768	1
work/ext7/2-2s2-2s2-1__group.3309__X01	348936327fcb9aad14eb38292a37e07b	24	1
work/ext7/2-2s2-2s1s1__group.3045__X111	18fe8479676e88f93b9ec0c42128a367	72	3
work/ext7/4-2s2-2__group.6709__X1001	e5fe0a3ba0f0695cf0ea7334af4450ae	1728	1
work/ext7/4-2s1s1__group.6122__X111	3914bbd3b3618a2af409f49570b19de8	288	2
work/ext7/2-2s2-1s1s1__group.2033__X01010	6da08f6a312229fdc1fd464c9fe4c743	192	5
work/ext7/2-2s2-2s1s1__group.3053__X111	8f29e05b4df0e62d432cd6df475485b7	72	3
work/ext7/2-2s2-1s1s1__group.2375__X0111	8bbfac76ba5c201886842e780422bcca	96	2
work/ext7/4-2s1c1__min.570__X01	642273ac036f3f50b8180d3ae347c14e	24	3
work/ext7/2-2s2-2s2-2__group.3695__T	757a29817bcb5d0b3eea291a59d574ad	432	1
work/ext7/4-2s2-1__group.6623__C	77674d4bd14432273f4704a6ef396525	192	1
work/ext7/2-2s2-2s1s1__group.3062__X110	06203e279883e4faea294a74d3ed95a0	72	3
work/ext7/2-2s2-1s2-1__group.2594__X100	7d148038b562bcbb159152da9e3eb1ed	96	1
work/ext7/4-2s2-2__group.6699__X100	4b28881bed45cbd2cf53ece510540944	144	2
work/ext7/4-2ps2-1__group.5880__X010	78e620ea33c042c5dd72f1a03f06bb47	96	1
work/ext7/2-2s1s1s1s1__group.1896__X00001	d42bd1fd4394b8d8d6e4cba7d9741f5e	96	15
work/ext7/3s1s1s1__group.3842__C	7ae532973ddba14545c77d406b57d287	384	1
work/ext7/2-2s2-1s2-1__group.2485__C	caaba3e447380b0d69aa081cb20c1457	384	1
work/ext7/4-1s2-2__group.5629__X0101	e42ee3b57978dd52b724fc9162f28190	384	1
work/ext7/4-2s2-1__group.6388__X1100	2142d4fdd7fd72d27b5e0b60af60b5e0	192	2
work/ext7/2-1s2-1s1c1__group.1276__X111	f250bd8e300e7f56974dfad40b489b54	32	1
work/ext7/4-2s2-2__group.6867__X101	38bbb1aff5dc16bcfed5cb12402f8466	432	1
work/ext7/2-2s2-1s2-1__group.2537__X10000	75baca1bf8c403a520a893a251b0a62f	384	2
work/ext7/6-1__min.652__X01	fa4f54efe599df08b7df697906e567f6	48	1
work/ext7/2-2s2-1s2-1__group.2519__X1000	aeecfe8439d78de8cb322d9c3ae34bb6	192	1
work/ext7/2-2s2-1s2-1__min.398__T	03bf9573f8044ec590e711b93f67af87	48	1
work/ext7/2-1s2-1s2-1__group.1510__X1000	f65151f8958b4bb2fdfd2f9f347ee574	128	1
work/ext7/4-1s2-1__group.5195__C	abc955bb7cccf4faa65cf546e5fa437c	128	1
work/ext7/2-2s2-1s1c1__group.2010__X101	297a9a7356f349058081e440df6e5ae3	48	3
work/ext7/4-1s1s1__group.4720__X0101	a2ac5da66876f0b22b1f02f548109764	32	10
work/ext7/4-1s2-1__group.5180__T	b1c07c93bf1bcc983ceab18cc58e9dde	512	1
work/ext7/3s1s1s1__group.3853__T	03aa3616caf65a8e7109fb0839a47a84	96	3
work/ext7/2-2s2-1s1s1__group.2206__C	0054999f220089994b429e32c4bb37b7	96	3
work/ext7/2-2s2-1s2-1__group.2688__X0110	feda8e3680331fce968496d9ab0860b8	96	2
work/ext7/2-2s2-2s2-2__group.3739__X101	18d045c48dccde666bbc96e60ff8eb2c	72	1
work/ext7/4-1s2-1__group.4939__X111	072b9cca6caed18ce163cb958d7e62e6	128	1
work/ext7/4-2s2-1__group.6503__X10110	1388a962cec49f18799528eee34f3c22	384	2
work/ext7/2-1s2-1s1s1__group.1385__X111	89ea25a115938c4cba2f399ee5afb45e	32	3
work/ext7/4-2s1s1__group.6069__X101	39c5c781c57ac25f9dcf4d2213add775	144	3
work/ext7/4-3s2-1__group.7241__X101	087f3b3c554c193bd6a44e04363829f5	160	2
work/ext7/2-1s2-1s1c1__group.1288__X010	098dae10d509183e63a1039645a18fdc	32	5
work/ext7/2-2s2-1s1s1__group.2324__X0110	d7b3a93ad9e96cc47b9648ea7e60454e	96	2
work/ext7/4-2s2-1__group.6342__X010	174e8e916d548c1756b4927e0fbd4fc5	144	1
work/ext7/2-1c2-1s2-1__group.1097__X111	08105537a9e46c3974d19ffd85830bc7	32	1
work/ext7/2-2s2-2s2-1__group.3223__X010	2ff04cfffb3fb9f25f922285fa4064d0	144	2
work/ext7/4-1s1c1__group.4532__X01	c3799d4fd67e3b9d12ac03a64a41dd6b	48	1
work/ext7/2-2s2-1s1c1__group.1988__X010	1711d6982a734ec0d0c77b05d18e59b6	48	1
work/ext7/2-2pc2-2pc2-2p__min.290__C	580da862b43d342f857b426a49c224c9	6	1
work/ext7/2-2s2-2s2-2__group.3566__X001110	44dd7a34ae2f5cf12923bc7bee15c25b	1728	12
work/ext7/2-1s2-1s2-1__group.1513__T	d933ae9211ff2cee3ef6d30a37901348	128	1
work/ext7/2-2s2-2s1c1__group.2756__T	59089bcfda45f5cc02b1a663c5c34632	36	2
work/ext7/4-3s2-2__group.7321__X10	f73d6978f6f5044eace925e4ca114e6c	720	1
work/ext7/4-2s2-2__group.6885__T	119affad65cd403f8762beeb73d8b0e5	432	1
work/ext7/4-2s2-2__group.6729__X001	a42ed45c180113ae0216a90c332da2f8	216	2
work/ext7/2-2s2-1s2-1__group.2480__X0011	c7a05b128016094781140fc8dcf88645	192	2
work/ext7/4-3s2-1__group.7240__X010	0eaaa2adba06f5c03e1c19cbd60de89a	160	1
work/ext7/2-2s2-1s2-1__group.2587__C	585eba65e32e6b9317633a2fff7f2fc5	192	1
work/ext7/2-2s2-2s2-1__group.3509__X1001	105a6cbf5bbfed44ae19f7cc6e3554ea	96	4
work/ext7/2-2s2-2s2-2__group.3691__X1010	893972318802aed81a8f4b72d458609e	432	2
work/ext7/4-1s1c1__group.4462__X0100	e78ec83b580166c08684043468ab04be	128	2
work/ext7/2-2s2-2s2-1__group.3280__X001	dde82cb847324a2854d01edfd4991cba	144	1
work/ext7/2-2s2-1s1s1__group.2191__X011	d2974204a4ae653f7b0a42aee5e2b5c1	48	2
work/ext7/2-1s2-1s1s1__group.1308__X11100	c5e1344744cfe782307874401715fefc	128	1
work/ext7/2-1s2-1s2-1__group.1509__X0001	e97a0e2ee69e79921232e13e18ecbfa4	128	4
work/ext7/2-2s2-2s2-1__group.3504__X0100	2ae39b6cb02b636d55a454de4a7617f7	96	1
work/ext7/4-1s2-1__group.5121__X011	b92ca124490210e002d57175e295d7a2	32	2
work/ext7/2-2s2-1s1s1__group.2158__C	aff819a947c265ac75363896f0a8f07e	96	3
work/ext7/2-1s2-1s2-1__min.289__X011	22e287b1c76be16cfe4ba2f154936bd6	32	2
work/ext7/4-1s2-2__group.5490__X0111	2ec078a155bc76a67025050706248970	192	2
work/ext7/4-2s2-2__group.7082__X001	869bdde0c0a587a72c8dd996b8b5dd3d	864	2
work/ext7/4-2s2-2__group.6703__X101	b05391d7bdce9f8df4f5af7af70d7273	144	1
work/ext7/4-1s2-2__group.5759__X01001	69d6abe7923c0efa69f830faa1b35ad8	768	1
work/ext7/2-2c2-2s1s1__group.1641__X11	9c3439af3eb96e0f7805fb3f7e640541	12	2
work/ext7/2-1s1c1c1s1__group.1112__X110	255fe1fa81d1563440c0ccc8112bf1b6	16	2
work/ext7/4-1s2-1__group.4975__X110	23f1d0795f1986fb2b4a4c88feb498a9	128	1
work/ext7/4-2s1s1__group.6272__X100	f97da3fd9e48344740d653ea0e1ff499	72	4
work/ext7/4-2s2-1__group.6458__X0001	52461f9cb8ba1fcc03c6f60c867370fa	288	1
work/ext7/2-2s2-1s1s1__group.2043__X00001	0cc44e8214843081219f10b53496dc03	192	2
work/ext7/3s3__group.4344__X001	6cd44979712fa934b52fc725fbba9266	1152	1
work/ext7/2-1s2-1s2-1__group.1605__X011	e17b49403c42fc37c3f80c225c6090b5	64	2
work/ext7/2-2s2-1s1s1__group.2173__X101	6abbc2b9afd84ccf62aa78e3b99f2289	48	2
work/ext7/4-1s2-2__group.5501__X001	11a3f328f3937bea2fc962b646a8a63c	2304	1
work/ext7/4-1s2-2__group.5667__X001	1679b1f07d6ef8c4af8d23ab124ff02a	48	1
work/ext7/2-2s2-2s2-2__group.3628__X001	8687b74a906ac30a017fa3cc5ce6f034	216	2
work/ext7/2-2s2-2s1s1__group.2860__X0101	02c0aaca6df433c847da892066a6a142	144	5
work/ext7/4-3s1c1__group.7180__X11	5b62f9856a2e096755d1c21eb2754e25	240	2
work/ext7/2-2s1c1s1s1__group.1747__X110	f8c6e2ec6302a11f093bdd415719e5e1	24	4
work/ext7/4-1s2-1__group.4993__X001	0356348783f53a5692e943dda698e2f8	128	1
work/ext7/6-2__group.7595__X10	881ca1a2156a802e6f6defc95d1e4398	648	1
work/ext7/2-2s1c1c1s1__group.1703__C	49ad48753793fc075c57d636ed176a01	24	2
work/ext7/4-2s2-1__group.6421__X110	ab60d7baee35eb48cd457becf2b6cebe	288	1
work/ext7/4-2s2-1__group.6579__X11	571e022f2748abf8beb60288c1c5829a	72	1
work/ext7/4-2s2-2__group.6650__X011	c32c56243749bdd59dca584698ed2077	144	1
work/ext7/2-2s2-2s2-1__group.3459__X11	269482e9ee1c5d4d3a41a96ea5d0c1ab	72	1
work/ext7/6-3__group.7632__X01	bda2b42964f06b73b66c79ec7220f9a5	84	2
work/ext7/4-2s2-2__group.6957__X100	d91d878e3ccc471d97f9074b306a9e57	432	2
work/ext7/3s1c1s1__group.3789__T	2bca5e9cb9d079c8ac620e322678afa6	48	3
work/ext7/4-1s2-1__group.5130__X011	942eea9eb05a2cb02682a6d447ef2a1a	32	2
work/ext7/4-3ps2-2__group.7162__X11	9a78d7445413221fb0bcfb2f68168ee1	60	1
work/ext7/4-1s1s1__group.4878__X111	4eda70517cdc41cf7a46235d9e607805	64	4
work/ext7/4-1s2-1__group.5219__T	6c9e5f5cfb02632fbdd101a6558aebe5	64	1
work/ext7/3s2-1s1__group.3908__X110	146f92fab087a7e3262c91165f80895d	192	2
work/ext7/5-1s1__group.7360__X01	2495a819e06fff97ae3e291cf04e016d	320	1
work/ext7/2-1s2-1s1s1__group.1405__C	3cf02a53e51d0263fce101397144d441	64	4
work/ext7/4-2s2-2__group.6917__X10	b8551d74a0189cf9b9e2641dbaa0fc2f	432	1
work/ext7/2-2s2-2s2-1__group.3467__X10	c208aa79370d9125d21ef01d2f2ceecf	72	1
work/ext7/4-1s2-1__group.5295__T	133dae73081d7abbb14047af71a26105	96	1
work/ext7/2-2s1s1s1s1__group.1872__C	e1312658865508d3118ac29d358d106d	96	14
work/ext7/2-2s2-1s2-1__group.2589__X010	29ca82e8bcd8fb691e6c4a8d767e5c0b	96	2
work/ext7/3s2-1s1__group.3909__X100	41f561885dd8876633b4b787a5c25578	192	2
work/ext7/4-1s2-1__group.5241__X101	c6073003ad89afc0150079d8ab879932	64	1
work/ext7/4-2s2-2__group.6991__X01	d16346aa88846df495aec361570440fe	72	1
work/ext7/2-2s2-2s2-2__group.3719__X1001	0946b0dccf9e1da35cde0be3adbd5fc5	432	1
work/ext7/4-1s2-2__group.5527__T	95317161c7fdded574890be15d800187	288	1
work/ext7/2-2s2-1s1s1__group.2203__C	dbf436a62749dff03e8e99ddf753116e	96	2
work/ext7/4-2s2-2__group.6658__X111	4c989009039f2836cfd4184e31ee7b80	144	1
work/ext7/4-2s2-2__group.6761__X001	4ac91a65cc6924538234dd9086c8f5b1	216	1
work/ext7/2-2s2-2s1s1__group.2976__C	5a54549761b7fd6231b84cfa0835aa38	72	2
work/ext7/4-1s2-2__group.5602__T	dff8dcc5f4500bc93175552c84403853	384	1
work/ext7/2-2s2-2s2-2__group.3608__C	1e75e465025928eb10bc2605fed57d51	432	1
work/ext7/4-2s1c1__group.5932__X110	5434b5cca4750062972441d5bda1a134	144	3
work/ext7/3s2-2s1__group.4224__X101	fa5633c18835825b601f95c1623afbbd	288	1
work/ext7/4-2s2-2__group.6757__C	d88196eea778af9c8a4bcab3dd83dc66	432	1
work/ext7/4-2s1s1__group.6069__T	1bc825f755355f3caadb51763acfa94e	144	3
work/ext7/2-2s2-1s1s1__group.2291__C	38c4f84271d83c214e87cda8e926d243	96	3
work/ext7/4-2s2-2__group.6834__T	d6879d6d5e0d05d36a2433588c887b29	36	1
work/ext7/2-1s2-1s2-1__group.1513__X0001	2caf5890fabdfa2ec1113351ed2f5328	128	2
work/ext7/4-1s2-2__group.5615__X1110	e1b41574a960a04d70dfb440ce3f3a37	384	1
work/ext7/4-2s2-2__group.7047__X001	b8bc77a06f21be61249a5982b86c30d3	864	1
work/ext7/2-2s2-1s1s1__group.2050__C	363cffd1c5239c1b1edff3fa2c9cb8d5	384	5
work/ext7/2-2s2-1s1c1__group.1934__T	a17d4d036d2196732b39e49443097649	24	2
work/ext7/4-1s2-1__group.4931__X10111	34ec06753735c6cd5e411441c05089df	1024	2
work/ext7/4-2s2-2__group.6816__X0001	3b8f6518cd006ad4600c218aaf9e21aa	288	2
work/ext7/2-2s2-2s2-1__group.3239__C	2f1468aed5fc01c9510a107287b2d5ab	288	1
work/ext7/4-2s2-2__group.7084__X100	80a2fd51797176fe166aa46b2fe68bfc	864	1
work/ext7/4-1ps1s1__group.4408__X11	fa98de4613a5220dfa25eca2a615b167	16	4
work/ext7/4-2s1s1__group.6051__X0110	0a80c46392b16b94a1c46f51225df85e	144	5
work/ext7/4-3s2-1__group.7272__X010	b134274e6a1681091a2220fb7252c533	960	1
work/ext7/2-2s2-2s2-1__group.3394__X1011	cfcb00bac221d09211ca8168ca41c154	288	2
work/ext7/2-2s2-2s2-1__group.3283__C	95e284806e10e3799de43a147b6b2903	288	1
work/ext7/4-2s2-2__group.7034__T	8a1f5db8e89765c6c91efb2fb68b865c	864	1
work/ext7/2-2s2-2s1s1__group.3019__C	735301bc441dbc8298f2ca2eb5fcd11c	1152	1
work/ext7/2-1s1c1c1s1__group.1111__X010	f06304c7eaddd24849d82279b7de5e42	16	2
work/ext7/4-2s1c1__group.5968__X101	8a233a6e4a7a1533c7458d669bcf753d	48	2
work/ext7/4-1s1s1__group.4798__C	19963c60291012308fe585092e1fb4f6	96	2
work/ext7/4-1s2-2__group.5489__X0101	ba3cfd66f001c2cdd0242c53548aec8b	192	2
work/ext7/4-1s2-1__group.5121__X001	adee26499da355b838b069b83c0402da	32	2
work/ext7/4-3ps1c1__group.7101__X011	660b2c26f34d75b34d046d480e169919	40	4
work/ext7/4-1s1c1__group.4561__C	9103ddd07c54a2709145d0b3f35cbc9e	128	2
work/ext7/3s2-1s1__group.3893__X001	2ae41ed45c7f5f6b74a64649704fab15	192	2
work/ext7/4-2ps2-1__group.5878__T	ada6060b580a1abc73cb6508e87c2ee2	48	1
work/ext7/4-2s1s1__group.6116__X0101	db957f3e08b2cd505c6c4ec13ceb2faa	288	2
work/ext7/2-2s1s1s1s1__group.1874__C	b6aa55e2365ce4f985a9f63fc150c067	96	5
work/ext7/4-1s2-1__group.5240__C	e46349f05442ccaa636469feae0e983c	128	1
work/ext7/4-3ps2-1__group.7126__X10	40881f6521530a411fc21453f4094b63	40	1
work/ext7/4-2s2-1__group.6529__X101	8b52658ee7d8f5f6855db3e396e854a4	576	1
work/ext7/4-2s1c1__group.5966__X010	cc791a95e863646d26799e62d6853eeb	48	2
work/ext7/4-2s1c1__group.5964__X011	56bf0865dacd88590b68be50dff5fc33	48	3
work/ext7/4-3s2-1__group.7263__X01	70fdab00069636ff4f9dcaf6c31f5b25	480	1
work/ext7/2-2s2-2s2-2__group.3642__X111	f2059cb6e5f1d94a4d135dfd28676968	216	1
work/ext7/4-2s2-1__group.6609__X100	2897a86b9cbaf3d16ce22bb9d062f33b	96	1
work/ext7/4-1s2-1__group.5086__X110	3cda1b1cf3b8e43e8b61012a266c3d3c	256	1
work/ext7/2-1s2-1s2-1__group.1522__X1000	75df63be21648392021faf311de4e20c	128	4
work/ext7/4-1ps2-2__group.4437__X11	344eb6fb66219b3b800ab381a93f3645	48	1
work/ext7/2-2s2-1s2-1__group.2639__C	c89b08b862f6d507a7c9b9c47994335d	192	1
work/ext7/2-2s2-1s1s1__group.2250__C	471ea2b03db99503b42010b091436859	96	3
work/ext7/4-1s2-2__group.5836__X0100	a558e5ff8e4b011bfe776631578f9789	96	1
work/ext7/2-2s2-1s1c1__group.1990__X011	7594ef28fe52d6bfc40361db211de925	48	2
work/ext7/2-2s2-2s2-1__group.3195__X010	6375a72fe5b6a665192f46021e451dff	144	1
work/ext7/4-1s2-1__group.5104__X001	b30c9f2381f26e2a5daf6604111453d8	256	1
work/ext7/4-1s2-2__group.5433__X011	ae10982c9c0e67d6b0fcc60c5ebf83f4	192	1
work/ext7/2-2s2-2s2-2__group.3627__X100	42c31d58ec7f3de01b4627354f99047a	216	1
work/ext7/2-2s2-1s2-1__group.2484__X1000	e3d5cec90198e7a35a3581d71bb38c19	192	1
work/ext7/4-2s1s1__group.6235__C	4b03d690c41c80a64f39085368d53adc	1152	1
work/ext7/3s2-2s1__group.4297__X1100	0b3d9195ac140bc1b60d52d39bbe5cab	576	3
work/ext7/4-1s2-2__group.5638__X10	4cd4fa26348974c4812b6268e8c4917a	384	2
work/ext7/3s2-1s1__group.3905__X001	06c0e02aad91acd82c5128798da1523a	192	3
work/ext7/4-2s2-1__group.6483__X0100	e8aa602556f990a6dba7bcc04f42c3b4	288	1
work/ext7/2-2s2-2s1c1__group.2767__X01	3b1f5152ee47c65e9b79dfd59371b9ec	36	2
work/ext7/4-2s1c1__group.5974__C	8867c34d74b40a2e66cd76cbeffdf218	144	2
work/ext7/4-1s2-1__group.5158__X001	443210ca13247e69076191a9eec6d56f	384	1
work/ext7/4-1s2-2__group.5669__C	ff1c3537c0339a5ba39f36656570a509	96	1
work/ext7/2-2s2-1s1c1__group.1955__X10	0c2ab42766eb403eb215e8aa91016778	24	2
work/ext7/4-1s2-1__group.5063__X111	819f5b25ea962966348184e0a0e448ec	256	1
work/ext7/4-1s2-1__group.5145__C	3bd8b9c918ed54201638563e5eee0f02	768	1
work/ext7/2-2s2-1s2-1__group.2453__X0011	b198cbc97e2799c015a8a0b6fb802fb6	192	2
work/ext7/4-3s2-1__group.7240__X110	48136b6c01ec63d0157c1a6f91e4a2ea	160	1
work/ext7/4-1s1s1__group.4800__X10	e5f792dcd83dbd555361ce8cc748822b	48	3
work/ext7/6-1__group.7483__T	633d3bf57325abe4fbc468130ace6942	768	1
work/ext7/4-1s2-2__group.5488__X10101	ce1de948373e979fd4effec8a2e6fdf5	192	3
work/ext7/4-2s2-2__group.6716__X01001	0b71dd3546841c2768c9d41d4bab5ebd	1728	2
work/ext7/2-2s2-1c2-1__group.1910__T	a059fd8f60872b9985160ae7ed1460c7	48	1
work/ext7/4-2ps1s1__group.5869__C	141e2d9670a7c2b3fdc746052d52d04d	96	3
work/ext7/3s2-2s1__group.4303__X0011	a7ece8306772a38446fdc87faf58a95e	576	1
work/ext7/3s3__group.4348__X010	1b40c008a7efadca8224fa3454214ae4	1152	1
work/ext7/5-1s1__group.7378__C	34f79c93caf3b775b3bffd461970b1df	1280	1
work/ext7/4-1s1c1__group.4527__X01	ef6392127c261e697ce80b1c66eb4fb3	48	1
work/ext7/4-1s2-1__group.5089__X0111	e5a20be1cab3ad3c4776ea56a9b44c02	256	3
work/ext7/4-2s2-2__group.6692__X111	c63f1fec610c43e7687b21f20a7f702d	144	1
work/ext7/4-2s1c1__group.5912__X010	05230ed19ae2b7e609a72a0f00e9b7a0	144	1
work/ext7/2-2s2-2s2-2__group.3710__X0100	f6dcb923f6ae36e1a4bf398c4ee27843	432	2
work/ext7/3s2-2s1__group.4212__X111	35d3f8cc757f706f395b173aba273c3d	288	1
work/ext7/2-2s2-1s1s1__group.2231__X111	89b2a495aa286305e5b1341abea418c3	48	3
work/ext7/3c3__min.430__T	353582dc93403553446475dc5e682379	12	1
work/ext7/2-2s2-2s1s1__group.2868__X0101	cc034387d307ed95e79c2025bc43559b	144	3
work/ext7/4-2s2-2__group.6832__X01	ec7ed476ab58c0f1a63cbd98609ee057	36	1
work/ext7/4-2s2-2__group.7088__X100	18bce23d70f0170847669d1115bfe69a	864	2
work/ext7/2-2s2-2s2-2__group.3621__X010	2ec861b5172b8faf234c6dac68ef66fd	216	1
work/ext7/4-2ps2-2__group.5905__X10	fedaf7342359023a2ad6199947e3d124	72	1
work/ext7/4-1s2-2__group.5455__X101	66ad36a1378ff7ec2c9bcd5cc6c5ce92	192	2
work/ext7/2-2s2-2s2-1__group.3296__C	3f0d7282b49fe47016dc167282aaa1be	288	1
work/ext7/3s2-1s1__group.3885__X010	96cf0111498f94c6dca6cbff4e3e7a00	192	3
work/ext7/2-2s2-2s2-2__group.3590__X001	4eb8ed8add0cb71ee640acd0f2a23728	216	3
work/ext7/6-2__group.7562__T	fde475646780fd1bb2e59a48644a2339	324	1
work/ext7/2-2s2-2s1s1__group.3129__X101	a037da608987b4467038da246cf0d578	72	2
work/ext7/2-1s1c1s1s1__group.1186__C	c075e68ec9ec4d455f91df6721a1d42f	64	5
work/ext7/3s2-1s1__group.3956__X101	ff3555d789c4a5c8876ed9d82ba6c202	192	2
work/ext7/6-1__group.7417__T	cfb3bd1510b8b4bf5cde4c28f630c415	1152	1
work/ext7/2-2s2-2s2-1__group.3285__X100	e7f01f8cec670794a76ba495d04ebcd2	144	1
work/ext7/4-1s2-1__group.5226__X101	3dc7ef77b3a273fd57f6903ddce6bd6b	64	1
work/ext7/2-2s2-2s2-1__group.3202__X110	ce68c32ff439f0fdab21747090e2eabb	144	1
work/ext7/3s2-2s1__group.4260__X111	ae2d331b7ec15f1877a0e9a687b5e9e2	288	1
work/ext7/4-1s1c1__group.4556__X010	0eaa500df7415ea953763aa3f97e6b63	64	2
work/ext7/4-1s1s1__group.4594__X011	e14c1fcce038dd04a7386bbeb4806fce	128	2
work/ext7/2-1s2-1s2-1__group.1514__X0101	3ae58386e90345e654988a83a031bf20	128	2
work/ext7/4-2s2-1__group.6333__X011	2a79d211922f80c3f94772300968ed25	144	1
work/ext7/4-2s2-2__group.6783__X100	b149a9011d384b4762fc67877ef69b3d	216	1
work/ext7/2-2s2-2s2-1__group.3338__X0010	305ef07a78c5961839ace00ffc377d92	288	1
work/ext7/4-1s2-2__group.5389__C	4d3d085abb96c66f5cad35949490acf5	3456	1
work/ext7/4-2s2-1__group.6444__X011	29e761150197301cd306c61f97560d56	288	1
work/ext7/2-1s1c1s1s1__group.1187__X01100	543f6feb969cf24d2f496cee34359ae7	64	5
work/ext7/4-1s2-1__group.5099__X1011	e9423d9a51ec01e7ecd876c4b4306379	256	2
work/ext7/3s2-2s1__group.4237__C	97d1ba4f71bc25322b71ae0e4cb39a38	576	2
work/ext7/4-1s2-2__group.5538__X110	b0a60abd284d65a3ddec6526ba181555	288	1
work/ext7/2-2s2-2s1s1__group.2823__X1110	1b82b3a94837e915b5ece8ac27f0873b	144	3
work/ext7/2-2s2-2s2-2__group.3748__X011	c8f46dbece90f5ffc6c7b22c30e7b3ed	72	1
work/ext7/2-2s2-2s2-1__group.3217__X010	13045facc57c80c37dcee6a550892069	144	1
work/ext7/4-2s2-2__group.6795__X10	0906e2582e487f0e7ade401aa3e98374	216	1
work/ext7/1s1s1s1s1s1__group.1070__C	4995dbe362a67834ec68fb185d29b59e	32	12
work/ext7/2-2s2-1s1s1__group.2157__C	38706d2f6c108a5c99ef5e2d40aa05fe	96	3
work/ext7/2-2s2-1s1c1__group.2016__X0101	5e86e1ba0208db564589c5a696ac683c	96	2
work/ext7/4-2s1s1__group.6054__X100	efdd8dc933eef39d32fac2cac7eb8dab	144	2
work/ext7/3s2-2s1__group.4052__X00111	b21e3d34814c5b89aa2380647ba3e6bb	1152	2
work/ext7/2-2s1c1c1c1__group.1687__C	f6ec4372f1a7e9834b03d29d404d4ed1	24	2
work/ext7/2-2s2-2s2-1__group.3336__C	93121140351689ca28017b0958bd79ac	576	1
work/ext7/2-1s2-1s1c1__group.1303__X0111	fa2497a956f8cae650e4ee5de892b534	64	4
work/ext7/4-1s2-1__group.4971__C	7371042c2f28ad0a1ebc7242c1daa638	256	1
work/ext7/2-2s2-1s2-1__group.2699__T	623e195551a774b5f4a9c63e8cca264f	96	1
work/ext7/2-2s2-1s2-1__group.2622__T	37ae002cca489a8b9d9d02f7d2b404ad	96	1
work/ext7/2-2s2-2s2-2__group.3618__X101	d8475af0dcdb7bb200becbd233fca004	216	2
work/ext7/2-2s2-1c2-1__min.352__X10	824a8667049b5cba5f6b05642192ea34	24	1
work/ext7/4-1s1c1__group.4462__T	adfd369633ad12d856f18353a39a91c6	128	2
work/ext7/4-2s2-2__group.6706__X0101	8c285277b1ad4ed721a562e5a9246eb5	1728	2
work/ext7/2-2s2-1s2-1__group.2578__X101	8cfb560ce76e9db618dd060580234f64	48	1
work/ext7/2-2s1c1s1c1__group.1730__X11	0f399a65e260a85f6559bd6684b1602d	12	4
work/ext7/4-2s2-1__group.6411__X010	1dce0a96ddbf365ea02746a29857f1f0	288	1
work/ext7/2-2s2-2s2-2__group.3639__X010	5946957b3f4eedcf355e2b22a6dbd1dd	216	1
work/ext7/2-2s2-2s1s1__group.2831__X0001	9f1c0d7fc1d407fa242ace73f22a0bd8	144	1
work/ext7/2-2s2-2s2-1__group.3290__X011	f5eb13297e799d408ed09826e3a19a52	144	1
work/ext7/4-1s2-1__group.5101__T	17a8fde3896270314a1a4c9bf235eec3	256	1
work/ext7/4-2s2-2__group.6706__X1000	17e775440e590d1b81afd4e724f67619	1728	1
work/ext7/3s2-2s1__group.4225__X011	bfcc105f8c0801f293a2fc3e573dae98	288	1
work/ext7/4-1s2-2__group.5515__T	55cb3e10c28b9b8e695362ed1405f02c	288	1
work/ext7/3s2-1s1__group.3995__T	d586eb1762d7534fc911a57f37e5fac1	96	1
work/ext7/2-2s2-2s2-2__group.3566__T	1fde76466ce40b9566e4ae60fa655ed7	1728	1
work/ext7/2-2s2-1s2-1__group.2456__X0001	d1653778c74473937b577d7f9e38493d	192	1
work/ext7/4-1s1s1__group.4661__X101	207b18e311ad13cea97fa84f1aec6174	16	2
work/ext7/2-2s2-1s1c1__group.1915__X11001	36978f66c929ba286f36fe0d6f5dd326	192	4
work/ext7/4-2s2-2__group.6974__T	4a937a1f74dd5b91df1e465d547f64f7	72	1
work/ext7/4-1s2-2__group.5788__X0111	7759d93a53119a3c63443e3dad163202	96	3
work/ext7/4-1s2-1__group.5291__T	f85587919577c07b60930d577201d48d	96	1
work/ext7/4-1s1c1__group.4459__X001	688aba7420878312ec98e22d0f926e20	128	1
work/ext7/4-2s2-2__group.6666__X101	a0cfc47b47e71154259098636a33e452	144	1
work/ext7/4-2s2-1__group.6409__X001	2083189996fa0ba31f8d3b23870fdce9	288	2
work/ext7/2-2s2-2s2-1__group.3353__C	b7f34d98adc74f5dc200e5820ced862b	576	1
work/ext7/2-1s1c1c1s1__group.1119__X10	94fa40ef7c831b5d22f25af79ec2454f	8	3
work/ext7/4-3s1s1__group.7206__C	a14179abe72261d2d48d014c9be2f8c8	480	2
work/ext7/2-2s2-1s1s1__group.2038__X01101	0ffc56f0f7f9157b7306fe6469add40d	192	10
work/ext7/2-2s2-1s1c1__group.1944__X11	b2ec216597715d0c894bf442bb729c0e	24	2
work/ext7/2-2s1s1s1s1__group.1866__X0101	f08b64b26e950124fc8b80565f556c6a	48	12
work/ext7/2-2s2-2s2-1__group.3354__X1101	072d4a1e88468b3021444ccb5b4c899a	288	2
work/ext7/2-1s1s1s1s1__group.1217__X0011	2ed4370f2b49469497653c02199c3ef6	32	8
work/ext7/2-2s2-1s2-1__group.2699__X0111	8ec80edf7424e4f9f2c0f9aa2019b0f3	96	1
work/ext7/4-2s2-2__group.7020__C	707c364dcfe129309a25d6561ebc2f9a	144	1
work/ext7/4-3s2-2__group.7332__C	608b7afa436ca81c1d8860121cef4692	1440	1
work/ext7/4-2s2-1__group.6600__T	2ffd23d9ebcf74efdfa2edc01ac5eef1	96	1
work/ext7/4-1s2-1__group.5018__C	a9fd189d266e58d391f08aad01071b8d	3072	1
work/ext7/2-2s2-1s2-1__group.2523__X1110	2238f7299c55174bbc6761b7e4e52bdd	192	1
work/ext7/2-2s2-2s2-1__group.3262__X101	12f253c5c622d47dfea195c4170ac65f	144	1
work/ext7/4-2s1s1__group.6091__C	561b315ffed30c0940daf17f2178d6af	288	3
work/ext7/4-2s2-1__group.6457__X001	0b55141da9a29534fd81082a363bf0e2	288	1
work/ext7/4-3s1s1__group.7222__C	3fab12710706363b8f7aaf581e86e485	960	1
work/ext7/4-3s2-1__group.7241__X100	4e3c79fd56200fae7581d2c66a82f9f4	160	2
work/ext7/2-2s2-2s2-2__group.3563__T	9a2b8d44f86aecfa50d61239e0f31b60	144	1
work/ext7/4-1s2-2__group.5483__X1010	00ebe041c1c75fc3c9164add2d1e980d	192	1
work/ext7/4-1s2-1__min.519__X011	4519aa3a5f70aaa8836af7894cdf1dc2	32	2
work/ext7/2-2s2-1s1c1__group.1994__X010	30369c99e118c941d962602a36bb0337	48	2
work/ext7/4-3ps2-1__group.7124__X10	9bb43b4371d9af06b725bc04575990f4	40	1
work/ext7/2-2s2-2s1s1__group.3023__X110	45e76c41eefe78d204ba1deb87639ff0	72	2
work/ext7/4-1s1c1__group.4549__X100	00fef4e4ae16fc3df0a16d6ed3fa019f	64	2
work/ext7/4-2s2-1__group.6594__X001	a18221d365d193bb009f584f91e75b5d	96	1
work/ext7/2-2s2-1s1s1__group.2034__X01010	34080a481454f203dca7678d4df23825	192	3
work/ext7/4-1s2-2__group.5332__T	259a23ecd8f5c722a58ca1b6befb1858	1152	1
work/ext7/2-1s2-1s1c1__group.1266__C	7850bf1d864471166b53ab2370f0aa2c	32	2
work/ext7/4-1s2-2__group.5807__X100	eab0ac4dc8884761c4adf3fdfb98acc3	96	1
work/ext7/4-2s2-2__group.6856__X001	3c600faf485a94dad0c94586a89b74e0	432	1
work/ext7/2-2s2-1s2-1__group.2498__X0110	6f48763029e96ce9a90505df1f0546df	192	4
work/ext7/2-2s2-1s1s1__group.2425__X0110	338e11151fe9a0ac12e8bc162a78fc72	96	4
work/ext7/2-2s2-1s1c1__group.2002__X100	e0caeaa8f193429830e7218113416902	48	2
work/ext7/4-2s2-2__group.6954__X011	5d9ad19ae5d2d423d0bb93ee9c3214f9	432	2
work/ext7/4-2s2-1__group.6453__X011	7f713e9b0b83bd8ee7dd7b5653e1b824	288	1
work/ext7/4-2ps1s1__group.5861__C	33273690e6df4137be48dcf53ba76121	48	2
work/ext7/2-2s2-2s2-2__group.3690__T	0801d113c23ec2ff71cca4db2ee04d11	432	1
work/ext7/2-2s1c1c1c1__group.1696__X10	e94cd4964dfe423dd0a2e1d9b2fd1f57	6	1
work/ext7/4-1s2-2__group.5851__C	3ac91a1995fdf7eace23e0c31aae3064	192	1
work/ext7/4-1s2-2__group.5474__X0101	5ef9e637bf952d5aa9d3fdac072ef7ec	192	2
work/ext7/3s1s1s1__group.3841__X0101	e03a19c10c79b2d1a6b8deee48d2797b	192	4
work/ext7/2-1s2-1s1c1__min.250__X01	b142b736b8d380a04ab3c495d46f587a	16	3
work/ext7/2-1s2-1s2-1__group.1520__X0110	1dd9f7467cef64de793c9046d11cf178	128	1
work/ext7/2-2s2-1s2-1__group.2628__X101	64b1764c9c993776555f326ef406e7e4	96	1
work/ext7/4-1s1s1__group.4581__C	a4c77f6316e26fa66d978af0a0f5a070	2304	1
work/ext7/2-2s1c1s1s1__group.1758__X110	3a3a8767f7d315d999aa5a28d70d00bf	24	7
work/ext7/2-2s2-2s2-2__group.3670__X10	3244e29bfc76661f3ef13f55e58b8761	36	1
work/ext7/2-2s2-2s1s1__group.2914__C	39a78693b6393c17b5d640bdb4d242c1	48	5
work/ext7/6-1__group.7449__T	51c83a51e7713dbc2dad7caca756029a	2304	1
work/ext7/4-2s1s1__group.6056__X100	4d4eb3320e566fe93048db938c14e037	144	2
work/ext7/2-1s2-1s1s1__group.1310__X00010	5fc1448e2c3bfd02d23d3dc527bda80c	128	2
work/ext7/4-1s2-2__group.5362__X001	e647eb93f8dc7bb608f55f38f41f7360	144	2
work/ext7/4-3ps2-1__group.7121__C	a5e06d3446122ec8887b224dade88806	320	1
work/ext7/4-1s1s1__group.4776__C	5aca58419ba903b3c82f38e5aa5c1469	768	2
work/ext7/4-1s2-2__group.5655__X10	d76c4b33977dff0dde3cf87bbe21997f	48	1
work/ext7/4-1s1s1__group.4627__X010	eae12883750c6456fcae20eaa70c0800	128	4
work/ext7/2-2s2-2s2-2__group.3764__X01101	cc908098d0a3db8f2efaf78c087256dd	864	4
work/ext7/4-2s1s1__group.6010__C	d60572f84c6fed1fdff84e6b4b8ce68d	288	3
work/ext7/4-2s2-2__group.6654__X101	ae1b933e89a4fe1de7c36921db8139af	144	1
work/ext7/2-2s2-2s1c1__group.2707__C	14e92a6621d6c2ed3027944496ce65f7	288	2
work/ext7/3s2-2s1__group.4067__C	7f7f1c85944348f64e73f0b9b8c4de6c	288	2
work/ext7/4-2s2-2__group.6953__T	058873af66007cda14ad5a4d4da83f18	432	1
work/ext7/4-1s2-2__group.5410__X001	9e2c3a64cba074cda421e0ad18a3c37f	192	1
work/ext7/4-1s2-2__group.5364__X10	866440a716ff9bb30905cbe9e0533d15	144	1
work/ext7/4-2s2-2__group.6899__X001	4b9bbe5f403d617eff96a144a5619524	432	1
work/ext7/4-2s2-2__group.6903__X110	7e50e66608d5b5dea1a8f8cebb0613ac	432	1
work/ext7/2-2s2-2s2-2__group.3691__X0100	aa35e12cd966ebab37f2986aa2fd0489	432	1
work/ext7/5-2s1__group.7390__C	fee1e3cd6059af53853584d0ecbb1f01	240	1
work/ext7/4-2s2-1__group.6415__X100	8edf0eea1dbd5ba50d3acfedd6fc8763	288	4
work/ext7/2-1s2-1s2-1__group.1541__X01101	7e9ff2cb268bcde6fbfd8aa43230068c	256	2
work/ext7/2-2s2-1s1c1__group.2016__X0010	4326cf55071b6e9914416d308803630b	96	2
work/ext7/2-2s2-2s2-1__group.3369__X1110	7183cabb4d08773dec058856c761f083	288	1
work/ext7/4-2s2-2__group.6651__X111	3dd93747320ecb11b1604cafda1f9a83	144	1
work/ext7/4-1s2-2__group.5332__X11	c5083d96d7aec560a2c5a94c498002ca	1152	1
work/ext7/2-2s2-2s2-1__group.3385__X0010	bd78edf929f2a9c786eac2275c6be7cd	288	1
work/ext7/2-2s2-1s2-1__group.2658__X110	76e1a58b07ed5a92042acb3771128028	96	1
work/ext7/2-2s2-2s2-2__group.3618__X010	1fb2991ed6583854ca061a06311abb8a	216	1
work/ext7/4-3ps1s1__group.7118__C	45271e3269701939c8d36d3833980ea3	80	2
work/ext7/2-2s2-1s2-1__group.2502__X0110	d8053a0fdc97d0da0ac7e14a20e82b4c	192	1
work/ext7/3s2-2s1__group.4343__X010	888b0f5ef7b0c41343c6485e1780fbe9	96	1
work/ext7/3s2-2s1__group.4153__C	711765dfc1e581ebf7d504df38a79df1	48	2
work/ext7/6-2__group.7510__X10	fe91da608c59d70f608583fe8489c0a5	1296	1
work/ext7/6-1__group.7490__X10	b1c836e5d08b41ed1d9fd7272e72d75f	96	1
work/ext7/2-2s2-1s2-1__group.2557__X10	b07b3ff5e141b03bb0b7a923ed51c2a5	48	1
work/ext7/2-2s2-2s1s1__group.2831__T	11ec22907b2a466aa15851ff1a347b58	144	2
work/ext7/4-1s2-2__group.5336__T	79bf5768d71c61931a57916e26f5bd81	1152	1
work/ext7/2-2s2-1s1c1__group.2009__X001	ce078267334b1345bd339f92888b49c3	48	3
work/ext7/2-2s2-2s2-1__group.3372__X0111	276115f56662fd139d209d2f4a0d3275	288	1
work/ext7/2-2s2-2s1s1__group.2843__X1110	634e235a51b3d8af0137d49c3ae80c9d	144	5
work/ext7/4-1s2-1__group.5065__X001	64e51ed88df886aa9e1469c5426f7900	256	2
work/ext7/4-1s2-2__group.5770__X01	abf925d608c73300612ccfd18893530e	96	3
work/ext7/2-2s2-2s2-1__group.3230__X010	1755c639f4a2c7a836d2205533f886c2	144	1
work/ext7/4-1s2-2__group.5736__X010	9eec72e719bb7430fffaa50b5b617ab2	6912	2
work/ext7/2-2s1c1c1s1__group.1704__X11	95c6b6c990c79eb840c6d1200eea48f2	12	2
work/ext7/4-2s2-2__group.6658__X010	09a462a5e5994b10cb2b09eed30c8142	144	1
work/ext7/4-2ps2-1__group.5872__X1110	7db3621cc5e0fa0dea9051ef3f453aef	192	1
work/ext7/2-2s2-2s2-2__group.3738__X010	ad63fb04ad140863d3a445cfdb3f2565	72	1
work/ext7/2-2s2-2s1s1__group.2879__X1101	a03fc4529f76763544729cb6b6bf416b	144	3
work/ext7/2-2s2-1s1s1__group.2290__C	c7d5cb48fbc06cb4702f15e14253a08a	96	2
work/ext7/2-2s2-1s2-1__group.2455__X0111	0507777ffc2d56c272b47ddcc9242f98	192	1
work/ext7/2-2s2-2s2-1__group.3428__X00100	b5c8e7676c21779a00f6c56a62f3f68c	576	4
work/ext7/2-2s2-1s2-1__min.385__C	15be945a1591610991df205297a2fe37	48	1
work/ext7/2-2s2-2s2-2__min.425__X01	946786182e06c850e731c77f496fa24e	12	2
work/ext7/2-2s2-2s2-1__group.3291__X100	bc0a18a37c765d9c60a475f9fb5292e6	144	1
work/ext7/2-2c2-2s2-2__group.1673__X01	7559e69e2920300836e776d2d03ee226	36	1
work/ext7/4-1s2-2__group.5671__X101	61908016ff2e3381fcccf9a93a8319eb	48	1
work/ext7/4-1s2-1__group.5281__T	653f852a37764e93e1d6a357885182dd	768	1
work/ext7/4-2s2-2__group.6935__T	5a1b67f49eae56e5a6d844b05b76071b	432	1
work/ext7/2-2s1c1c1c1__group.1693__X1	e028760fe04486bb70ad32fc37e02375	6	1
work/ext7/4-1s2-2__group.5747__X0011	cd4ecfa20f638a584554f139e30b920e	768	2
work/ext7/2-2s2-2s1c1__group.2750__X11	49b090f3127a500f66dfe51ac7eb13b1	36	2
work/ext7/4-1s1s1__group.4821__T	aac0bc44f0eb31dbe44204e751f431b9	64	10
work/ext7/2-2s2-2s2-1__group.3510__X1011	efe323e37c488ea2027d217e989271a8	96	1
work/ext7/3s1c1s1__group.3825__X011	d55ca6cc1f060f9e95c565f3be12c0c8	96	3
work/ext7/3s2-2s1__group.4265__X11	ccd3f0eae6d00cb0a9766b4daf018f9a	48	2
work/ext7/4-2s2-2__group.6820__X1101	306904e8f97b5f1db8c6bd66a67a5f6f	288	1
work/ext7/4-2s2-2__group.6897__X010	04bccbb6fa1832784f51ff8944a823c6	432	1
work/ext7/2-2s2-1s1s1__group.2337__T	b08c95c53851c36ea663ce73f37f9884	96	5
work/ext7/4-2s2-1__group.6446__X011	7c2ca41f3aa495c600adabc6c8531e90	288	1
work/ext7/3s2-2s1__group.4105__T	70ecc08963a77f3738d2a4c75d81cdfd	144	2
work/ext7/2-2s1c1c1s1__group.1708__X10	7e60fbb2fc03b9279c96e38b53751c49	12	3
work/ext7/4-1s1s1__group.4790__X011	afd4672cfb82fb63ae1bf97b2d564a11	384	2
work/ext7/4-1s2-1__group.4967__X1000	86732f9032bef51e02bf6e7724c2c2c8	128	2
work/ext7/2-2s1c1s1s1__group.1790__X1100	1468066b94dc71f399fcc9cd833f2fd1	48	2
work/ext7/5-1s1__group.7347__C	6c3843d815972beb701025eef924f811	320	2
work/ext7/4-1s1c1__group.4485__T	ca9cb09c63d620d370f062a1381101e5	192	2
work/ext7/4-2s1c1__group.6000__X10	4ef6d50f578c90bb10c2d28d93dd906d	72	1
work/ext7/2-2s2-1s2-1__group.2562__X01	0bfe7b0e93d8d273b589e31e1bcdca7d	48	1
work/ext7/2-1s2-1s1s1__group.1452__X1110	89e7e5a9cb4940f7addfbaa380be4875	64	8
work/ext7/2-2s2-2s1c1__group.2768__X10	b7b725d238efdd72f7e612302d3d0448	36	1
work/ext7/4-2s2-2__group.6826__X1011	ee204739073c0b854fc470e9acd1d5e3	288	2
work/ext7/2-1s2-1s1s1__group.1352__X001	6c46ca4f0c32c64404b109171fb0792e	32	3
work/ext7/4-2s2-2__group.6653__X101	381561cd05bedc2eb6d5f2138e759428	144	1
work/ext7/4-1s2-2__group.5451__X101	b94ae3e59b768f666ac6d1edb54b94b4	192	1
work/ext7/4-1s2-2__group.5323__T	aad71372d79f6231d83d8de5f8998c27	1152	1
work/ext7/4-1s2-2__group.5430__X01	0214dc43f64208165f6c1775dcb0630c	192	1
work/ext7/4-1s2-2__group.5378__C	d2924565fb758649e931092a41c55e87	288	1
work/ext7/3s2-2s1__group.4123__C	9519f2c23cb795817c9884e4126a9c3f	288	2
work/ext7/4-1s2-1__group.5285__X111	f371f3fdfff0ca2466085a964b8bc2f2	768	1
work/ext7/4-1s2-2__group.5447__X001	de07872a186ab83fc4f47ad529a4f529	192	1
work/ext7/2-2s2-2s2-2__group.3566__X000001	a7cf865eca761809e53a99c54a0a7413	1728	3
work/ext7/2-2s2-1s2-1__group.2444__X0111	9b7cae403501647fed2fe572c0b8bc29	192	1
work/ext7/4-1s2-2__group.5577__X1001	23cde3aa0c1bfa804367b40c319e5fca	384	3
work/ext7/3s3__group.4351__X100	b40883dbc49e729f3294c0b781ee9235	1152	1
work/ext7/4-2s2-1__group.6534__X0101	85167ad19c1048fb2a5ec47a8849d6ad	576	1
work/ext7/2-2s2-2s2-1__group.3291__T	f0e5df40336ec41b16daf5d20e2a31a9	144	1
work/ext7/2-2s2-1s1s1__group.2384__X0101	1a44f98d7304ddac2e13806539095c02	96	2
work/ext7/4-2s2-2__group.6982__C	dc336b70874f9187059f8082957436b9	144	1
work/ext7/1c1c1s1c1s1__group.1048__X101	e711426e3f003f87d507eabc953d7585	8	5
work/ext7/2-2s2-2s1c1__group.2783__X101	4d49a55bbde22c35085d6cad6f105153	72	3
work/ext7/2-2s2-1s2-1__group.2508__C	1440bf57d3d1d0d09810db650b198a06	384	1
work/ext7/2-2s2-2s2-1__group.3426__X11011	6e791f3915c91b0bc572a215f97cc7ad	576	2
work/ext7/4-2s1c1__group.5953__X110	bd967d4f179ee3d640e36699086b3a10	288	3
work/ext7/4-1s2-2__group.5533__T	4b6ee1d855e2d1c3dbce8d8fe3d3f709	288	1
work/ext7/2-2s2-2s2-1__group.3450__X01	4fd7965e0f579a7db8107a4be0ab83a3	72	1
work/ext7/2-2c2-2s1s1__group.1651__T	0f2c2923acc93d54184d5347dd892a06	24	2
work/ext7/4-2s2-2__group.7011__T	eb085e5644d5038db79e889a0e4bdcab	72	1
work/ext7/2-2s2-1s2-1__group.2524__X0100	c287431d0be20654b228f8c6790f7c22	192	2
work/ext7/2-1s2-1s2-1__group.1507__X0100	b461ef4e7f946cda99a1bede4557963c	128	2
work/ext7/4-1s2-1__group.4951__X0110	920c8c96d978a5e25ebeb4ecdb3003d4	128	2
work/ext7/4-1s2-2__group.5626__X0110	6e1d809798e8c2e8f5c605d3ffeae2fe	384	1
work/ext7/4-2s1s1__group.6079__T	db5fa6de8a906ee5312b39cf905d9203	144	3
work/ext7/4-2ps2-1__group.5874__X10	27760dd84da49b2bfc770b95789cafe9	24	1
work/ext7/4-1s2-2__group.5740__X01	31bd896d24109f3d247d700fef40eaf3	72	2
work/ext7/4-1s2-1__group.5250__X01	0338e446b88e460c86e8bdc4ab5ff0d6	64	1
work/ext7/4-2s2-1__group.6564__X0011	0bc46f4e9f321a8da302822f210a686f	576	1
work/ext7/4-1s1c1__group.4554__X10	e420d24a70a6def60b4b1a9cfb347fe4	64	2
work/ext7/4-3s1s1__group.7203__T	dc4983518ed6c0fb8ad556e5b2f971cd	240	2
work/ext7/2-2s2-1s1c1__group.1999__X101	b369a6b750ac9bc4be422393461899da	48	2
work/ext7/4-2s2-2__group.7031__X010	0a2f93ced5e109dd3b84da6df87723df	864	1
work/ext7/2-1s2-1s1c1__group.1272__C	0d39b4ce1ec62a0599618c16d75c7d57	64	3
work/ext7/4-1s2-2__group.5757__X1000	4dd76201f479c142f5b628f9e0e70a20	768	1
work/ext7/4-1s1s1__group.4830__X1110	e0617d00552a13efa2d3f4f732d72aad	64	2
work/ext7/2-2s2-2s2-1__group.3276__X001	383a41c090b45595ad2112a9ada7deb3	144	1
work/ext7/4-2s1s1__group.6101__X00100	49cf76e8ef736ac485aad1a0edfe969a	192	1
work/ext7/4-1s2-2__min.531__T	05c6490aa58acb0cee8e4297c8fee8fe	24	1
work/ext7/2-2s2-2s2-2__group.3582__X100	d95e90e975068ae1f61efc4d07062893	216	1
work/ext7/2-2s2-1s1c1__group.2016__X0001	07b20eecb4022b7597b023af706cea1f	96	2
work/ext7/4-2s2-1__group.6346__X010	270e730979957754ecdfc2371b96d616	144	4
work/ext7/4-1s2-2__min.544__X01	bac763db2e139483686a2736f93888f9	72	1
work/ext7/4-1s2-1__group.5035__X100	3fb56cdc600a1a4feb10f82d02c51a79	192	1
work/ext7/2-2s1c1s1s1__group.1751__X001	fa7b559c168dde37c33a93ac4f8378e1	24	3
work/ext7/4-1s2-2__group.5728__X001	73cd41b2c64aa67191dac4d6dab7f47f	576	1
work/ext7/4-1s2-2__group.5463__T	8989b72119cf9a9e21e95f4f52c879a4	192	1
work/ext7/2-2s1s1s1s1__group.1887__C	5272df872623fcf6bb4e4fe941c1eaf0	96	3
work/ext7/4-2s2-1__group.6393__X1110	db92661178564715d920a4a0f435e15f	192	1
work/ext7/4-2s2-2__group.6738__X01	e3a15831ed113bfe6f98b64fb685b1f0	216	1
work/ext7/4-2s2-1__group.6412__X001	3f26850e8b1eb371a08494da17277c37	288	1
work/ext7/4-1s1s1__group.4827__T	173657c65ea71243f8adf8b14da73c41	64	3
work/ext7/2-1s2-1s1s1__group.1386__T	a6aef4e39fa6425502bf489a5148de7b	32	3
work/ext7/2-1s2-1s1c1__group.1277__X110	43ae2cbc0b5f047e34ae11d79cc102a4	32	2
work/ext7/2-2s2-2s2-1__group.3482__X01	7a0d7b33f1a4a87fe691921317815c49	72	1
work/ext7/4-2s2-1__group.6394__X1101	75f1e1a03882c298980e28057f540286	192	2
work/ext7/4-2s2-2__group.7040__X0100	6050db144ea6fc519b52fa6072adbea3	864	1
work/ext7/3s2-1s1__group.3905__C	1c5ce049c806b1966359ba6a8d209fa0	384	2
work/ext7/2-2s2-1s2-1__group.2498__X1010	ce014f8fc71291bee04c91ec4e8652cc	192	2
work/ext7/4-2s2-2__group.7067__X0100	c16476d329838be8a3be6c531411026e	864	2
work/ext7/1c1c1s1c1s1__min.182__C	78994c3135009817d8af95943e87a765	8	3
work/ext7/2-2s2-2s2-2__group.3623__X100	bb10f4ba3b69715ec558d53d0ff6ec1c	216	1
work/ext7/4-2s2-1__group.6328__C	a900e339f21053a157fa47079db321f7	288	1
work/ext7/4-2s2-1__group.6475__X010	77dcc081ae4d4cd90d3b19562adf7d0f	288	1
work/ext7/4-1s1s1__group.4745__C	5d1a74346ad678ffec1b3c3aefa1671d	64	1
work/ext7/2-2s2-1s2-1__group.2650__X010	4936f2edbae0e932fa0da04538364e00	96	4
work/ext7/4-1s2-2__group.5540__T	5c2033464324b47885f2466df50ff30e	288	1
work/ext7/2-1pc2-1ps2-1__group.1088__X111	31fe2bfd63cbc37c208cf67a3b8e0dce	32	1
work/ext7/2-2s2-1s2-1__group.2502__X0100	be1321e877796dee9defdda02b5eb634	192	1
work/ext7/4-3ps2-2__group.7160__X01	f44b099667900c0132a219f145f2a02f	60	2
work/ext7/3s2-1s1__group.3903__C	c19ffc144b54582ab8d50bcf5425d28c	384	2
work/ext7/2-2s2-1s1s1__group.2235__X111	c5412a17c4bdcf963353b4230709674c	48	4
work/ext7/2-2s2-2s2-1__group.3362__C	fd9908e6149d51e44b25d26728b4a4be	576	1
work/ext7/2-2s2-2s2-1__group.3369__X1000	25e0a3f0be956b5416fe21414cd142aa	288	2
work/ext7/2-2s2-2s2-2__group.3562__X0011	7e6f9f3d08fe5dc4b03eb35b4baf6eea	144	1
work/ext7/2-1s2-1s2-1__group.1566__C	28f204d6330872da137ef8d7ccd66d7c	128	1
work/ext7/4-2s1c1__group.5954__X100	fb4567615599598a12e1f4cd11f23400	288	3
work/ext7/4-1s2-2__group.5631__X000111	5fa6d13073cadb0fd2c2830abd4b14e9	384	12
work/ext7/4-2s2-2__group.6669__X101	7fb80f798503a32e2f3115a5519f3964	144	1
work/ext7/2-2s2-1s1s1__group.2033__X01111	8402ab64c23cfb6a90128065916c2da8	192	2
work/ext7/4-2s2-1__group.6529__X001	c2c1d78d87b3c62c05142f7514162a3a	576	1
work/ext7/2-2s1s1s1s1__group.1806__X000001	ad6ad1da6138a9ab4e8e14fa60077e29	192	7
work/ext7/2-2s2-2s2-2__group.3677__X0101	c176e909f9ae2e2710fa5ae0076f8ecd	432	3
work/ext7/4-2ps1c1__group.5856__C	3acb7179f35ae22c35ed7aa186882c36	48	2
work/ext7/4-1s2-2__group.5583__X101	9a340958075c31d8898d10be5ca86892	384	1
work/ext7/4-2s1s1__group.6121__X011	4bfd5720006d08a70f14bd28f78aa681	288	4
work/ext7/3s2-1s1__group.3897__T	1c7d0a0c13f1739193f7683c637ae313	192	2
work/ext7/4-1s1s1__group.4600__X101	f408dbb68a7dc51c324394bf9cdcd736	128	2
work/ext7/4-2s2-2__group.7049__X100	10016cebed8add70f6cb89422a51be22	864	2
work/ext7/3s3__group.4361__X10	5d19e937698ac945380ee97a33b6a46f	288	1
work/ext7/4-1s1s1__group.4630__X1010	5ff9e4df7a52a89624490d283caf3280	128	2
work/ext7/4-2s2-2__group.7089__T	4a40c562ed3cce11d2818a07a5c7e407	864	1
work/ext7/4-2s2-1__group.6503__T	208eccc598708560fc2bedffbc6911a2	384	1
work/ext7/2-2s2-1s1s1__group.2153__X111	37fee0bf418b907e473d41f18d681d30	48	3
work/ext7/3s1c1s1__group.3827__X100	be355970f8ad8f2e79d019d5830c2854	96	4
work/ext7/2-2s2-2s2-2__group.3761__X00111	ae3b61b482073b0ff9b119569b13e87d	864	2
work/ext7/4-2s1c1__min.569__C	e0bc623ffbb9b4459789b23ba358ba63	48	2
work/ext7/4-1s1s1__group.4615__X0001	b788c78742df35def7541cded8902688	128	5
work/ext7/4-1s1c1__group.4478__X10	455773b73a8f86e254890c7fe9d55514	192	2
work/ext7/4-2s2-1__group.6564__X0110	498a7499e03a5df5da23dfa0a737467f	576	1
work/ext7/4-2s2-1__group.6420__C	cd47fcef82e599f557e5ac69a082a91f	576	1
work/ext7/6-1__group.7434__X11	2808ecf04164985aaaefa94b90cfd8b4	192	1
work/ext7/2-2c2-2s2-2__group.1673__X10	618f4bd4f0834f50945dd1771948e786	36	1
work/ext7/3s3__group.4386__C	e80c1b822b06198b1b75ce51a012cfb5	1152	1
work/ext7/4-1s2-1__group.5300__X100	fecb4062f08ca8f05bc0deff7823090e	96	1
work/ext7/4-2s2-1__group.6408__X100	34553fb9ec6c0f5a41e65e0078efe1e4	288	1
work/ext7/4-2s2-2__group.7015__X101	4bcd132f3fe3433e2dee4453dfe1e3a0	72	1
work/ext7/4-1s2-2__group.5677__X001	789211ba92402dd69b8667f1227aadb4	48	2
work/ext7/4-2s1c1__group.5977__X100	d764ed7ff663103e354ef64bdd26cc58	72	1
work/ext7/4-3s2-1__group.7260__T	2871ec867b092760023767c935ccbfce	480	1
work/ext7/2-1s1s1s1s1__group.1212__C	a33644e9641411179a1d909cafad7c1d	64	2
work/ext7/2-2s2-1s2-1__group.2458__X0011	0c4b47d70adc6d90967048ae0a85f552	192	4
work/ext7/2-2s2-1s1s1__group.2052__X11	37f0a3c45aea22cf8e2a2bf7646a8e3d	24	2
work/ext7/4-2s2-2__group.6652__X001	a45ff0aaac54e70bbe0a62d194ec1fbd	144	1
work/ext7/4-1s2-2__group.5601__X0001	41d7794546f93c96c7d43426916c2194	384	3
work/ext7/2-1s1s1s1s1__group.1223__X1000	5009222b96cb1ba47d33333287261a56	32	4
work/ext7/4-2s2-1__group.6405__T	196222a7fdb1026af5c78a680bb3b404	288	1
work/ext7/2-2s2-1s2-1__group.2578__X010	d8626da4e9bf3cbcea0e3d335fc51642	48	1
work/ext7/3s2-2s1__group.4177__X111	81a04595a461ae3fddfede807bc7a419	288	1
work/ext7/2-1s2-1s2-1__group.1527__X0101	4b810a1f494f3aca5def939ded739074	128	4
work/ext7/4-2s2-1__group.6510__C	93c1d99051d7d092123f11fe932c3674	96	1
work/ext7/2-2s2-1s2-1__group.2602__X100	a9359e94aa487cd06eca1013a2fd6e76	96	2
work/ext7/4-1s2-2__group.5393__X100	f8c883606cb802ab2b52043e78eb88cd	192	1
work/ext7/2-1s2-1s2-1__group.1532__X1100	da996e2c9fed52ce6382de34a8e849a8	128	2
work/ext7/2-2s2-2s2-1__group.3203__T	dcb51cf25c55914dcdaf706032d57a07	144	1
work/ext7/4-1ps2-1__group.4426__X010	53c94d4e38fb6c5790072f50d14d1d5d	64	1
work/ext7/4-1s2-1__group.5156__X11	cf4a327a8509e365947bbb08b90f8f53	384	1
work/ext7/4-2s2-1__group.6483__X0010	2b549eb58aa172aecef6920d7510a5e4	288	2
work/ext7/4-1s2-1__group.4987__X111	d6db84b8fe8937461fca2f3cff857e98	128	1
work/ext7/2-2s2-2s2-2__group.3612__X100	fe19e072cc3696966a3c711573dfca84	216	1
work/ext7/4-2s2-2__group.6960__X010	603ea46a29c607d05f726ab5b0349f9e	432	1
work/ext7/4-1s2-2__group.5454__T	82bc86826c8beeb1f9197c261e014d8b	192	1
work/ext7/3s2-2s1__group.4140__T	faf2b0405b4ea1981c85bfc748ad0862	144	1
work/ext7/4-2s2-2__group.6777__X011	424f7d15bf932fe01558f7130f6ea022	216	1
work/ext7/2-1s2-1s2-1__group.1546__X00001	bd4bedc96658210a027ca5188d5da4d0	256	2
work/ext7/4-1s2-2__group.5392__X100	0f8f98b38cbc7c019aa9958d0254a15b	192	1
work/ext7/4-1s2-1__group.5009__X101	bc0bdcb0ef7c57de6d4481bd98a2b110	128	1
work/ext7/3s1s1s1__group.3847__X010	72d2d2182dff8271713063c2ef9e2c2f	96	2
work/ext7/4-2s2-2__group.6645__T	8a5a514b2acd1fbd9bb02f595c56e3d7	108	1
work/ext7/4-1s2-2__group.5831__T	01f33ddc71360a05570cb79cb4d6658b	96	1
work/ext7/2-2s2-2s2-1__group.3289__C	1fc57b1d47823211c5648d77d2b5518b	288	1
work/ext7/4-1s2-2__group.5834__X1011	22e719ee734fe8bd7f3e9c5fe3ff896f	96	1
work/ext7/2-2s1c1c1s1__group.1706__T	80fd5a9a23e86a02b24ae63ddc4358bc	12	3
work/ext7/2-2s2-1s1s1__group.2129__C	a4aff31ad1263654a1b2bdd75630495a	96	3
work/ext7/4-2s2-2__group.7000__X100	f7125c478a2fc1300925635adc247e46	72	2
work/ext7/4-2s2-1__group.6509__X01	b4cd1a191e4e2234f08708f003893912	48	1
work/ext7/4-1s2-1__group.5112__X0010	0e9e2f4dfb2b352ad0b38b0da7ee74a0	256	2
work/ext7/2-1s2-1s2-1__group.1515__X1010	bd5adccb4bb773873b1a8ce6d0c6e55d	128	1
work/ext7/2-2s2-2s2-1__group.3388__X0001	9eaf9fd135711bd6e78f85506b606f84	288	1
work/ext7/2-1s2-1s1s1__group.1360__X110	eb2563c7b9ca7e5c1fefa863a6ee8de6	32	4
work/ext7/6-2__group.7557__T	7d8043196c3a3c7cd6ab39817918c462	25920	1
work/ext7/2-2s2-2s1s1__group.3079__X101	90b51b521d866134453ebb73d30df386	72	2
work/ext7/2-2s2-1s1s1__group.2076__X10	14e41ca1f98912219330d8ba79bf91a3	24	3
work/ext7/2-2s2-2s2-2__group.3622__X010	0c8c6777d4082f81e46bc9e5e482962b	216	1
work/ext7/4-1s1c1__group.4491__C	ca2f7e7a34e6e7a9d934b6d8bbb7f5af	4608	3
work/ext7/4-2s2-2__group.6824__X1111	76a8bb79bca4759323652cf452523295	288	1
work/ext7/4-2s2-2__group.6693__X111	e5ee322a35f84f3571ef90fc6118b34b	144	1
work/ext7/4-1s2-2__group.5487__X110	8e2d9605dc44070797e0cc866cab4a9d	192	2
work/ext7/4-2s2-2__group.6673__X001	32d39903f67a69c8cb4495d92ec14f36	144	1
work/ext7/4-2s2-2__group.6689__C	7d7bfc0fccd1b64ace05f9b70e515918	288	1
work/ext7/4-2s2-1__max.18__X00101	efb81f9ad49cd11d548c74b5d0288403	2304	2
work/ext7/4-1s1s1__group.4620__X1110	339f400b7de6843af96f3a293fa1b974	128	2
work/ext7/4-1s2-1__group.5091__C	0073e2fbf8f58adfcb71994bd4e49111	512	1
work/ext7/4-1s2-1__group.5064__T	31592f1b52aa80a6f1f0ef5dca37c94c	256	1
work/ext7/4-1s2-1__group.5227__T	5bca092e83aed1b66fa30d15c823af98	64	1
work/ext7/4-2s2-1__group.6393__X1000	69bfbeac06f76035b258940986c1e75f	192	1
work/ext7/3s3__group.4348__X111	1cf08a349517ee4eb68c1160140162a8	1152	1
work/ext7/4-1s2-2__group.5789__X01	a40992a2805a0b621b09217fab919a00	96	1
work/ext7/2-2s2-1s2-1__group.2605__X0010	bca56f141812b322322bcc881980f5b8	96	1
work/ext7/4-1s2-1__group.5117__T	135de2abe709ef66a60e99e577ec5ef0	32	1
work/ext7/2-2s2-1s2-1__group.2677__T	7278784570c7330e49eb4db1dd437694	96	1
work/ext7/4-1s2-2__group.5488__C	0d066f0acfa0cdc0c4a61147e05131fe	384	1
work/ext7/4-2s2-2__group.6885__X011	57c8911bb7ea1cd3015a909f06d77a79	432	2
work/ext7/2-2s2-1s1c1__group.1966__C	ccad08cf08fbba12522f63d380597c9c	96	2
work/ext7/6-2__group.7579__X11	e1617c65edc2567701458d547f465f91	5184	1
work/ext7/4-1s2-2__group.5715__X001	201d4b026d8414f3d6388bde50e5f879	576	1
work/ext7/2-2s2-2s2-1__group.3219__X100	91c20966887b15f008d9f9e52b99208e	144	2
work/ext7/4-2s2-1__group.6493__X100	b952d1b32172a5dc090156a7ca08b756	288	1
work/ext7/2-2s2-1s2-1__group.2480__C	1d36ec35f0bcda83aa617238956addad	384	1
work/ext7/3s2-1s1__group.4026__X10	06fd584f87818cda0003f1ef81b821b0	96	2
work/ext7/4-2s2-2__group.6781__X101	1fa64ed8dfa574ddb651a03821c4f143	216	1
work/ext7/2-2s2-2s2-2__group.3693__X1111	1c27016196ea028ecbb490c6c03784cc	432	1
work/ext7/2-2s2-1s1c1__group.1961__X110	32a3f6058eba64939a40e9c548e3d121	48	2
work/ext7/4-2s2-1__group.6583__X01	9438c3915bbdcd788cd9587aaf645956	72	1
work/ext7/3s3__group.4352__X011	7e231fbdad75ba12fcf0d6ed1f13a3dc	1152	1
work/ext7/4-1s2-2__group.5587__X101	7496b515d7fa31040a9031934a1ca5de	384	1
work/ext7/2-2s2-1s1c1__group.2004__X010	87c8c51958707576bc409dc4012c5f08	48	3
work/ext7/4-2s1s1__group.6073__C	a67d3d6f94432009811ec64cbfae673f	288	4
work/ext7/4-2s2-1__group.6599__X100	f715a041f563e3c38b216277e5398885	96	2
work/ext7/2-2s2-2s2-1__group.3432__X01100	a108a511b6335cee3725b0e49a56c590	576	1
work/ext7/2-2s2-2s2-1__group.3449__T	2d463e2f9d9b525bd74dd4acf7588a21	72	1
work/ext7/4-1s2-2__group.5656__T	9bdd8cb732650b01103645993a9499bb	48	1
work/ext7/2-2s2-1s2-1__group.2535__X00011	d71bd1e84e6ab63131bfe8f220152cab	384	4
work/ext7/4-1s1s1__group.4791__X111	99356fe1165b2263be2dce02b9337661	384	2
work/ext7/2-1s2-1s1c1__group.1281__X100	6db55bc023ca7b87dc751660bef00a61	32	1
work/ext7/4-1s2-1__group.5074__X111	3b090bd0a7467fb2b38ac1810405ab80	256	1
work/ext7/2-2s2-1s2-1__group.2506__X0010	1f250191e84ae3a43caec3687d6f088a	192	1
work/ext7/4-2s2-2__group.7040__X0101	167280ceae52555b36ea90a4ee655e85	864	2
work/ext7/2-2s2-2s1s1__group.2847__X0010	4bba9bfce7a98c45c83006abce4d3b8f	144	3
work/ext7/2-2s2-2s2-2__group.3701__X0001	9a58ca24a977d4ed2e052aa8f282842f	432	2
work/ext7/2-2s2-2s2-1__group.3321__X1010	800d6b2c7be7b8f6c5178598cecc659c	288	1
work/ext7/4-2s2-2__group.6655__X011	11af10f40d44609a9ac10e717031a510	144	1
work/ext7/2-2s2-1s2-1__group.2506__X1111	4890ff156a48dd7828104567c347f53e	192	1
work/ext7/2-2s2-2s1c1__group.2779__X010	1e0171effd766cc05f4b78a919ec4b82	72	2
work/ext7/2-2s2-1pc2-1p__min.351__T	de1fc96f90d1cb24861435e9b013b5aa	12	1
work/ext7/4-2s2-2__group.7030__X111	1abdd35c45cc5367686009648c69bcb1	864	1
work/ext7/4-1s2-2__group.5816__C	7d204c31ccda54e0c71530afca378aca	192	1
work/ext7/2-1c2-1s1c1__min.207__T	9185a2924910bf5e363bcb30645bb62c	8	2
work/ext7/4-2s2-2__group.6642__X01	6eda63b555beef2c961062af3503cd42	108	1
work/ext7/5-1s1__group.7353__T	2203e59487ccfa002ae8abb09810a0ae	1920	1
work/ext7/3s3__group.4372__X01	83c1de37198e888f8939b6ccd73d6d8d	48	2
work/ext7/4-2s1c1__group.5930__X100	4f1c2f1f4882fe6ddd1e9bbced5b441b	144	3
work/ext7/4-1s2-2__group.5468__X101	62031209b127f35efe6cfc70ac5dd3ac	192	2
work/ext7/4-1s2-1__group.5252__T	d61a0a858540dad0ad16f730960819c2	64	1
work/ext7/4-1s2-2__group.5609__C	664db4cbccb95d5b2e707f66df68aafd	768	1
work/ext7/2-2s2-1s2-1__group.2471__C	5f7f89a2a244df2ed1baefb0407a412c	384	1
work/ext7/2-1s2-1s1s1__group.1327__X011	a810db472cb6d986108c9fbbca900504	16	2
work/ext7/3s2-1s1__group.4035__X01	c3e9031c2ab5c8e405010e7f2659354e	96	1
work/ext7/2-2s2-2s2-1__group.3394__X1010	8c4e6e2d6f7ab71b76db12545cc5c8a9	288	1
work/ext7/2-2s2-2s2-2__group.3630__X100	2ac45985f54a4885c553dc24b585aa2b	216	1
work/ext7/2-2s2-2s2-1__group.3376__T	b7dfc94a8cd8aeb0dd6719edb568df46	288	1
work/ext7/4-1s1s1__group.4685__X010	e748fa04e87215158723846f809132df	192	1
work/ext7/4-2s1s1__group.6005__X10100	8f934e9436d083fb107345721ea1aaf9	1152	1
work/ext7/2-2s2-1s2-1__group.2580__C	7f474e143b902ee3dd635aa08d530735	192	1
work/ext7/4-1s2-2__group.5500__X001	3e3b27f0653fc662b08ca8e82598584c	2304	1
work/ext7/4-1s2-1__min.519__X110	fc8948ecaef31c3842a16e8b327f6012	32	1
work/ext7/3s2-1s1__group.4045__T	cb6a1fafb9fbad6cd2e092840561c096	96	1
work/ext7/2-2s2-1s2-1__group.2666__X111	85b93c9617f5e50bddcfac74978124f5	96	1
work/ext7/4-1s2-1__group.5103__X110	75922501a6b551cc7503c2e69848e692	256	1
work/ext7/2-2s2-2s2-1__group.3453__X001	dff75066338dede2c314eabcdaa26f2c	72	2
work/ext7/4-1s2-1__group.5069__X001	0560ef12959722da3feec12fa6112050	256	1
work/ext7/2-2s1s1s1s1__group.1892__X11000	929765fc3cb2aca2c0ce63319233a2e4	96	2
work/ext7/4-2s2-1__group.6619__X001	762dd54911673ca3a35c36542145bc8d	96	1
work/ext7/4-2ps2-1__group.5872__X0010	dcf1dcc95ea8cc5d07f96976334452bf	192	2
work/ext7/6-1__group.7456__X11	1485091f08008c6f5c81d1f01fdf7a71	23040	1
work/ext7/4-3s2-2__group.7304__X011	a657ca1630dd67ec4b79f26e3106465a	240	1
work/ext7/2-2s2-1s1s1__group.2431__X1100	a2464e3d61dc30f572debe009e1cca7b	96	6
work/ext7/4-1s2-1__group.5028__T	a096a226b189a3a512feaae27c0e483f	192	1
work/ext7/2-2s2-1s1s1__group.2390__X1101	e634ecee30323109df6b6937963d1b9f	96	3
work/ext7/2-2s2-1s1s1__group.2386__X1001	9b72c49dd70b62838d0d8b86ca8cb619	96	2
work/ext7/2-2s2-2s1c1__group.2786__X100	c097076c205d8af80e77684e9a6ab612	72	3
work/ext7/2-2c2-2s1s1__group.1642__X11	fec1195c1aff8747df3cc80766b3d8e9	12	2
work/ext7/4-1s2-1__group.5167__X011	9030710e7782b1940eaaba4ad9d5edc6	4608	2
work/ext7/4-1s1c1__group.4474__C	5027d36c7e470cc21f762b9585279f98	32	2
work/ext7/4-2s2-1__group.6480__X0011	eb2bb30227ab2030f8fcca071374aaba	288	1
work/ext7/2-2s2-2s2-1__group.3297__X110	7840b7b98230a2fe84f778b6b9907c84	144	1
work/ext7/4-2s2-2__group.6710__X0010	8e0500655f16ae1d889915d3918ab243	1728	2
work/ext7/2-2s2-2s2-1__group.3470__X10	bf79a0c73c71e23d1bba24ab978e048f	72	1
work/ext7/2-2s2-1s2-1__group.2559__X01	220fe8ceea4177b3a107ef153450755d	48	1
work/ext7/2-2s2-2s2-2__group.3706__T	e58af9b8c7e65506b5f539ed0a446924	432	1
work/ext7/2-2s2-2s2-1__group.3272__C	b98cd45497863cb1d1098addf9f4cf4b	288	1
work/ext7/2-1s2-1s2-1__group.1569__X100	5f1d626c14450f732ee347b4daae7379	64	1
work/ext7/4-3ps2-2__group.7160__T	73f96895675742b7005df31d94efb69d	60	1
work/ext7/4-1s1s1__group.4828__X1000	0cfe3d5e9162538f873f887f7f623d3d	64	2
work/ext7/4-2s2-1__group.6614__X111	974e730340fd2f44531a4bca6b538132	96	1
work/ext7/6-2__group.7524__X010	af8f29d172d338c02c72c50d5733462a	144	1
work/ext7/4-2s1s1__group.6235__X10000	2471f2eeacdcf15f74c6e83cb4f734a5	576	1
work/ext7/4-1s2-1__group.5009__X111	5ffc666e1e14b64efc952aca463b1820	128	1
work/ext7/2-2s2-1s2-1__group.2528__X00101	a32234a8079ef628998af8107b89a872	384	1
work/ext7/6-2__group.7574__T	fcf5ab853629bf8f83c77d2c70849b31	432	1
work/ext7/4-1s2-2__group.5804__X0001	9efdb95ecf7c6f3478e330af532c85c2	96	1
work/ext7/4-1s2-2__group.5752__T	0a69bf290755ceb7c6a860cbf4282d45	768	1
work/ext7/2-2s2-2s2-1__group.3329__X1001	b48689e417a0ce110b402ce6608be477	288	1
work/ext7/3s2-2s1__group.4159__T	7e7aaa89654e84da199db2105cfbe5b0	24	2
work/ext7/2-2s2-2s2-1__group.3350__X0100	4596fed5d4de40f4fb1ac638af36253e	288	1
work/ext7/4-3s2-2__min.646__X10	b66dac1fa39f4dc75aa47b5f29fee755	60	1
work/ext7/3s1c1s1__group.3790__C	a980049988b370e5007913ae34b45f77	96	4
work/ext7/2-1s2-1s1s1__group.1439__X1010	ee9e2b9b07e881d7415d048b72ef9485	64	2
work/ext7/4-1s2-2__group.5738__T	3540dfc56d66f2d97a0145abc26fe1bf	72	1
work/ext7/2-1s1c1s1s1__group.1156__C	faabd82a39a8a7c6638fbb4e39669c34	32	4
work/ext7/4-2s2-2__group.6828__X0001	5cae8c4f202ff2b716acc29cdf8bc7b5	288	2
work/ext7/3s3__group.4381__C	6d35f0d7107ac35f3ebf911ad1177281	1152	1
work/ext7/4-1s2-1__group.5195__X100	215620e68f26ec032c4a4734adf79c31	64	1
work/ext7/4-2s2-1__group.6473__X0001	cd9fc110457d5a6ce3a41e559bea2746	288	2
work/ext7/4-1ps2-2__group.4433__C	248172f36be0e060d496c209ee0f9b76	96	1
work/ext7/4-1s2-2__group.5760__X0010	78be5e926d82655545970801c0b9f7e3	768	2
work/ext7/4-2s2-2__group.6649__T	6264580be87ad41da7bd47c0ff2e79ef	144	1
work/ext7/3s2-2s1__group.4165__X010	0cae9571bff51e3c41be2fac7bd0c952	288	2
work/ext7/2-2s2-1s1c1__group.1920__X01	d8c693aee66144db2e30c9ba6badc625	24	2
work/ext7/4-2s2-1__group.6585__C	78e6989083aa61cae35f2b0503256b1c	144	1
work/ext7/2-1c2-1s1s1__group.1091__X001	cadb7a162b6af80eb01c1b502016f66c	16	4
work/ext7/4-2s2-2__group.6827__X0110	c6dae4495da31d213d72ab4dcb0815bf	288	2
work/ext7/4-1s2-1__group.5238__C	c35baeabf80fa122f5e8ea768a3d1374	128	1
work/ext7/6-2__group.7557__C	a98d033d474545c71efe1cac3b8b5235	51840	1
work/ext7/3s2-2s1__group.4229__C	561e9302322d72d3c861c457f0dc1b59	576	2
work/ext7/2-2s2-2s2-1__group.3266__X011	e4da1bf6cc96b4cd2b05b7756a32ba3f	144	1
work/ext7/4-2s2-2__group.7051__X1101	b1f262be72fe9c2895c32a36989426da	864	2
work/ext7/2-1s2-1s1c1__group.1298__X0100	2056d32cdbfdd4b55829f2fef95a62c7	64	3
work/ext7/4-1s2-2__group.5751__X1011	ed2e87349ef7b31d846f1ad1f64e87f3	768	2
work/ext7/4-2s2-2__group.6722__X010	0531171fdea8f9f3772e6549e2a0bc5d	216	1
work/ext7/2-2s2-1s2-1__group.2538__X10111	87af2c7fb92f4b9daf1709bbfcfab137	384	1
work/ext7/2-2s2-2s1s1__group.2969__C	77f1e6460b017d00f51af96774e510e2	72	4
work/ext7/4-1s2-1__group.5157__X11	21a03e2f6006cedd106cc847c3245173	384	1
work/ext7/2-2s2-1s1c1__group.1952__X11	e517d092d6164ab4fa145bd9528a2f86	24	2
work/ext7/2-2s2-2s1s1__group.2846__X1010	bdb6e51f5f22cdbb073d1955051639fd	144	2
work/ext7/4-1s2-1__group.5282__X011	f52af88d6546c2defe7334f4967df05c	768	1
work/ext7/2-2s2-2s1s1__group.3035__X001	66722293de61e49693da1f2250910804	72	1
work/ext7/2-2s2-1s2-1__group.2581__T	7020e8bbddc3b6067f9785e5a02379dc	96	1
work/ext7/2-2s2-1s1s1__group.2261__C	14d7e428ffdee9a6a52c500d977d153c	96	3
work/ext7/4-1s2-1__group.5072__X110	bb83bd1481b29d359eed1b8045474457	256	1
work/ext7/3s2-2s1__group.4266__X10	8a1e1ddac5cc7ec8d4c667e938b9d192	48	2
work/ext7/4-2s2-1__group.6348__T	ba48ab94c674128ffb6419576151d2f5	144	1
work/ext7/4-1s2-2__group.5618__C	64f8a0e5a861b8489bac0570ce16853e	768	1
work/ext7/2-1s2-1s1c1__group.1295__X110	2e9a86e1f6e8f53e5f1f08660f72a4b4	32	1
work/ext7/4-2s2-1__group.6452__X011	7781799f3bde9d3d916618c79ed6d56b	288	1
work/ext7/4-2s1s1__group.6043__X110	5365052790476f62d2016c8d991de8a4	144	3
work/ext7/2-2s2-1s2-1__group.2506__X0111	9ecb4457e4d5db8008cacf38a93e0296	192	1
work/ext7/2-2s2-2s2-2__group.3629__C	79b149d7dce25984a0e6dee7e27e5a26	432	1
work/ext7/2-2s2-2s2-1__group.3307__C	b177d034870ad2e554a2cc89ab7473b7	48	1
work/ext7/2-2s2-1s1s1__group.2242__X101	30fd507b9b5022c15f135a6284e2b677	48	3
work/ext7/4-1s2-1__group.5076__X010	e12ff32310f9d9aa17f065c985d42238	256	1
work/ext7/4-1s2-2__group.5452__C	1b579ef50fcf0dcd6a46b64141ba5d0f	384	1
work/ext7/2-2s2-2s2-2__group.3763__X00001	c4b43f63c749421b88aa0b4b4a4053d5	864	6
work/ext7/4-1s1s1__group.4626__X010	99da4e30cb4403ea7a5994aa0b4725e4	128	2
work/ext7/4-3ps2-1__group.7138__X011	a800fc5df2bb56330920e259fe169755	80	2
work/ext7/2-2s2-2s2-1__group.3507__X0100	c104aae84b18e70d95faa62f7794c2c7	96	1
work/ext7/2-2s2-1s1s1__group.2178__X001	ea907727e6a41357557c669210b493d1	48	2
work/ext7/2-2s2-1s2-1__min.389__C	31fcdfdcaefb5c065ed503856a43d3f4	96	1
work/ext7/2-2s2-2s1c1__group.2720__X01	daa04c12627845f0605563c92ad4742e	18	2
work/ext7/4-1s2-1__group.5064__X101	3ff3cbc00e712d3a0be51f72fdda7ea0	256	1
work/ext7/4-1s1c1__group.4462__C	7b4d2ce57d15b518d527f337f6c69402	256	3
work/ext7/4-2s2-1__group.6316__X0100	aa5fbc1799a490c4b38a0a0aba4b82ea	1152	1
work/ext7/4-2s2-2__group.6866__X011	afd9b48f6fe1f1aa7b4c9604a5f78240	432	1
work/ext7/4-2s1s1__group.6101__X00011	827a8158136ca32166c439ca06628acf	192	3
work/ext7/2-2s2-2s2-1__group.3286__X011	22ea895b2af31f8c81734093eeee75ca	144	1
work/ext7/4-2s2-2__group.6940__X010	4b4f3414b9d39825433c895b325ec527	432	1
work/ext7/2-2s2-2s2-2__group.3710__X1111	408b7b64d09a1befd361b71f125a4b81	432	1
work/ext7/2-2s2-2s2-1__group.3442__X11	05e131beac69545c35e191b2e775676a	72	1
work/ext7/2-2s2-2s2-2__group.3714__X0001	522379eb4808e9ae38ffa48db827a184	432	1
work/ext7/2-2s2-2s1s1__group.2940__C	dc5d568406a3130ae8beee7d275decb4	576	2
work/ext7/2-2s2-2s2-2__group.3684__X0001	769e28d2da9c27d7ff6d83d5415509d1	432	2
work/ext7/2-1s2-1s2-1__group.1523__X0100	9415d786a8f5db77e644ba3258c51f2d	128	1
work/ext7/4-1s2-1__group.5127__T	38849b34258611f3da08d67c698d2189	32	1
work/ext7/2-2s2-1s1c1__group.1926__X11	92080c78a09b1f1815e083e78ca5a83e	24	2
work/ext7/4-2s2-1__group.6450__X100	0a1473f6b90b39c500f999ca00128c1b	288	2
work/ext7/2-2s2-1s1s1__group.2076__X01	45584a64c32350b1671f809da5a71713	24	3
work/ext7/3s2-1s1__group.4009__X01	a1491d332d5d77cd1219741e1dd5f1f7	96	2
work/ext7/4-1s2-2__group.5627__X0010	cd6e5c73b84190611bd0ca9c6b37af9b	384	1
work/ext7/3s2-1s1__group.3958__C	c39f1fe628169b990286b61119a8442b	384	1
work/ext7/4-1s2-2__group.5453__T	ebce7c5034c6ff992a1b70253706441b	192	1
work/ext7/4-1s1s1__group.4863__X100	1cc5c807e5544006cfd494a78fc9ea60	64	3
work/ext7/4-1s2-1__group.5087__X0010	d666ae08335677d2c2a3b8c28b065b40	256	2
work/ext7/4-2s2-2__group.6992__X101	a6741d26bd88536c7f6c12ffc418a65e	72	1
work/ext7/2-2s2-2s2-1__group.3408__X010	e3d2680170f0d1839a66c0375e7a8605	48	1
work/ext7/2-2s1s1s1s1__group.1900__X11001	e20b9a602e1fc5f008f4954765ad53f6	96	1
work/ext7/4-2s2-2__group.6969__X101	d98f2cebaae89ce4a2db150db734bd86	48	1
work/ext7/4-2s2-2__group.6700__X101	e16ee89751897ebe2c824e21fc734d30	144	1
work/ext7/2-2s2-2s1c1__group.2735__T	70716c98c7bf41f81990171a88d8aafa	288	2
work/ext7/2-1s2-1s1s1__group.1310__C	f515bf775ff69caaa266e58f824703c0	256	1
work/ext7/4-1s1c1__group.4451__T	34f70b9f9e90626915627466c3d6753f	1152	2
work/ext7/6-1__group.7451__X010	d7e800d7c3b4865d31a5320929d7af83	2304	1
work/ext7/4-1s1s1__group.4626__X110	ca33f4a102d0c80aab3b735d5e6ba1c4	128	2
work/ext7/2-2s2-1pc2-1p__group.1904__C	eeb9c65227192f6f1fd923150f815165	48	1
work/ext7/2-1s2-1s2-1__group.1513__X1000	979ef91e6e85e8eea2ec18407a9716e8	128	1
work/ext7/4-1s2-2__group.5485__X1100	8b49bda625448aa73970f2be28f32cf5	192	1
work/ext7/4-2s2-2__group.7022__C	d809a3e5dacc249713957cce8fbe05dd	1728	1
work/ext7/6-1__group.7462__X10	95011f023f1ed39762025a5119cc78e5	384	2
work/ext7/4-1s2-2__group.5777__X0101	b50cc0e6ff5cfa00038dae6da65d8c36	96	3
work/ext7/2-2s2-1s2-1__group.2459__X0100	bcd5c08b382a6c456768b5095679901b	192	2
work/ext7/2-2s2-1s2-1__group.2454__C	ffe0111250eed53694a634b6f3d0b6a4	384	1
work/ext7/2-2s2-2s2-2__group.3667__X001	a3a9355ac224403dd5ee791b80893a1b	36	2
work/ext7/2-2s2-1s1s1__group.2398__X1101	9e179c8fb1a12f576950d5547a7a1219	96	2
work/ext7/2-1s2-1s2-1__group.1540__X10111	80671e55bf11555aa5302efc36f194f8	256	2
work/ext7/3s2-2s1__group.4103__X11	e98701d62034aaa05641c6281458946e	144	1
work/ext7/2-2s2-2s2-1__group.3166__X011	547d54828469da4c11b68263fb1f7e1a	144	2
work/ext7/4-2s2-2__min.617__X11	b4db06f040b30078759a786f345c5e0a	24	1
work/ext7/2-2s2-2s1s1__group.2897__C	fc29bdc912f13029b14c8c3eb0b0c56f	288	4
work/ext7/4-1s2-2__group.5474__X0010	1a9d8597f59c9df70c46b2729c537e2d	192	2
work/ext7/6-1__group.7496__X01	ee97485e4679ea432d7396aee97c7ee9	96	1
work/ext7/4-1s2-1__group.5224__X010	d9bcf26dfe4b3aa436556ae7582194b6	64	2
work/ext7/3s2-1s1__group.4011__X10	dd43552299b7efe7bc333519e9999ca5	96	1
work/ext7/2-2s2-1s1s1__group.2103__X010011	9501523b1f5abd0ee6552303ded491bc	384	4
work/ext7/4-1s2-1__group.5026__T	53255789e4af6c28c9030111db3b06f6	192	1
work/ext7/3s2-1s1__group.3985__C	1f5de971fae0325fb6ac8a74430dd819	768	2
work/ext7/4-1ps1c1__min.467__T	ac2c00085d1c4fb939a7718e1ff913e3	8	2
work/ext7/4-1s2-2__group.5749__X0011	52e30dfe0dec2308869608bee7c3c6ea	768	2
work/ext7/2-2s2-1s1s1__group.2074__T	73dff62079dcd30dc417455b348804df	24	3
work/ext7/3s2-2s1__group.4260__X101	fc0f5fc80ed59e99893ab164e09cfd83	288	1
work/ext7/6-1__group.7479__X01	e4950f80d661337e151cd08b8652f16c	576	2
work/ext7/2-2s2-2s2-1__group.3437__X00010	c8ac11311a8fb767517de25eecde6e15	576	2
work/ext7/6-2__group.7584__C	1e740dd4a0eb86398f96cecd90fc4013	103680	1
work/ext7/2-2s2-2s2-2__group.3698__T	d77b4e8c6eb393191cc947be3b30754b	432	1
work/ext7/2-2s2-1s1s1__group.2149__C	c78bbe7a7270a53dd3e38813312d384f	96	4
work/ext7/4-2s2-2__group.6962__X101	738269e363d47fbd96369e80d97c000f	432	1
work/ext7/4-2s2-1__group.6622__T	e58ac739de9e37db30030d3581599295	96	1
work/ext7/2-2s2-2s1s1__group.3054__X110	585096ae8417f7e8f26dc90a549735ae	72	2
work/ext7/2-2s2-1s1s1__group.2159__T	b3464a4848c8897f577032a82cfd8f49	48	2
work/ext7/4-3ps1c1__group.7099__X01	7ae587a34b0b74ed557fe0fdb1388b7f	20	3
work/ext7/2-2s2-2s1s1__group.2825__X0011	13272e29ee2e509ffee074d8acb69a75	144	2
work/ext7/6-2__group.7523__X01	589bc60461ab48d7f84975f87c263399	1296	1
work/ext7/2-2s2-2s1s1__group.3117__X101	3d3e848b85c21fb4bad3f7f9ba5316b6	72	4
work/ext7/4-1s1s1__group.4823__X100	05fc5eccfe3aed530679e1536d24d811	64	3
work/ext7/2-2s2-1s1s1__group.2186__T	200fed41d42e9d7c05bcd7f9a5f86596	48	4
work/ext7/4-1s1c1__group.4551__T	267f21840ce8ad601420011c50ebbf9e	64	1
work/ext7/4-2s2-1__group.6596__C	c32294794dc2924302673ce9901a0bc1	192	1
work/ext7/2-1s2-1s1s1__group.1453__X0101	4b6953b58353a0bb771f41f063b31fb9	64	2
work/ext7/4-1s1c1__group.4558__X110	3cb61e12b3157615c6871e4c91a8107f	64	2
work/ext7/3s2-2s1__group.4267__T	18c59ef83b1a10d4d902227710bc920e	48	3
work/ext7/4-2s2-2__group.7069__X001	5ab340f8095a0cbdb0de9286f9f5ca07	864	1
work/ext7/4-2s2-2__group.6845__X011	8fa7f6258bf3e8e0112a9926a57f15d6	432	2
work/ext7/2-2s1c1s1c1__group.1743__T	c9239503958dd1e2a9541ee24ec3325c	24	3
work/ext7/2-2s2-2s2-2__group.3585__X101	95d9babaebd73faeaee5946a6b1026fc	216	2
work/ext7/4-3s2-2__group.7313__X01	0e10f707b110eee8afea3f08a27507b6	360	1
work/ext7/4-2s2-2__group.6668__C	f4ba51574da2d89e10701d3b8c7b6040	288	1
work/ext7/4-1s2-1__group.4951__X0101	ea534d329e2de25a1bf9b9b1ae47bb1c	128	2
work/ext7/4-1s2-1__group.5172__X10	1356b423a33d648ced6876d234fcd44a	48	1
work/ext7/2-2s2-1s2-1__group.2579__X000010	d1b5121a354be4636db4f224d8b3d579	768	2
work/ext7/4-2s2-2__group.6760__T	d8ab9976f18eee53f1db39989cd942d1	216	1
work/ext7/4-2s2-2__group.6638__X01	cdfea9a4070b064f9deba282e8af0541	108	1
work/ext7/2-1c2-1s2-1__group.1097__C	df23c126e555870386be9834f92726d9	64	1
work/ext7/4-2s2-2__group.7048__X0101	94695097041952c21f8eb245210754f8	864	2
work/ext7/4-2s1c1__group.5973__X1000	f91c8d3e220d17787c9724d9dd7b4066	576	1
work/ext7/4-2s2-1__group.6422__X011	9af5a61b13fd639096abdf8be3fce87e	288	1
work/ext7/3s3__group.4379__X01	d198f52a25583faea7631faab51e9dac	576	1
work/ext7/2-2s2-2s2-2__group.3692__X0111	2707a1507ab4dfe9c2d57956ee6a52ff	432	2
work/ext7/4-3s2-1__group.7247__T	0d23595ef8d58a49d7407e1cd10c287f	40	1
work/ext7/2-2s2-2s2-2__group.3622__X110	3126ed6235b87cadd58f5cfd739f0d2f	216	1
work/ext7/2-2c2-2s2-1__min.304__X01	f93febb06d22497fa2301274694ab12d	24	2
work/ext7/4-1s2-2__group.5463__X01001	4f368219ad64ffc88e8ab8b481a5f106	192	2
work/ext7/4-2s2-2__group.6712__T	5ec719d8b0998b89dc9625d3da2897c7	1728	1
work/ext7/4-1s2-2__group.5558__X010	ea3e30ac90893c05a93cf1ebb60fa7e7	3456	1
work/ext7/4-2s2-1__group.6319__T	54868e4179bb5fd264a8b7c27a1a0e94	1152	1
work/ext7/2-2s2-2s2-1__group.3503__X0011	3df2ba8b4928f4aea9bb5ce40c1511a0	96	4
work/ext7/2-2s2-2s2-2__group.3668__C	c4832aa1c60b8e8ccb2c75c9e089278a	72	1
work/ext7/2-2s2-2s2-1__group.3367__X0100	27b8a0e36ed02c8814625c98059dd46a	288	1
work/ext7/4-3s2-1__group.7269__C	d492d076c19705bffb241f3999757315	1920	1
work/ext7/2-2s2-1s2-1__group.2467__X1101	7bcba8b006127678b15da93ec3dd1e46	192	1
work/ext7/2-2s2-2s2-1__group.3348__T	8a3aaa1f1ee9db2141750a00817ca4ff	288	1
work/ext7/2-2s2-2s2-1__group.3359__X1010	369dc8a94e531164efeb0d352e32d376	288	1
work/ext7/4-1s2-1__group.5193__T	7955cd5a45676c1f0aca1ab5b12adaad	64	1
work/ext7/4-2s2-1__group.6530__C	5dc1eddf40a6fe9c9eacf8568981d672	1152	1
work/ext7/4-3ps2-1__group.7134__X100	8c984ada8ed1a4311d05bea0e78f65cb	80	1
work/ext7/4-2s1s1__group.6152__X1011	34966f33f11f0187697abab3006b325d	288	2
work/ext7/2-1s2-1s2-1__group.1546__T	344ae1d2933e8272ea83e65c439ea2f8	256	1
work/ext7/4-2s2-2__group.6720__X11010	8ea3462ceb08d0590ef27166468c0337	1728	2
work/ext7/4-2s2-2__group.6701__T	5c687c928898ba47fc25ed79090c15b5	144	1
work/ext7/2-2s2-1s1s1__group.2189__X001	dbfa2b54107b69ca5bc197b481b8db94	48	3
work/ext7/2-2s2-1s1s1__group.2323__X0001	e2ab5642a6d868e4e28ce1bd367f121a	96	3
work/ext7/2-2s2-1s2-1__group.2623__X111	c7a6620ff42c6b8c59d827a825f2c472	96	1
work/ext7/2-2s2-2s1s1__group.2877__X0001	53a862e988120c9446884abaa5d3fbaa	144	2
work/ext7/4-2s1s1__group.6016__T	b1ec51da8a841e1c60faf78dc352ed02	144	2
work/ext7/4-2s2-1__group.6321__X0001	f47616426cafc502aeb9e177d12dc108	1152	1
work/ext7/2-2s2-2s2-2__group.3641__X111	d3e99a8bc7d871fc923d4b0a2e8f53f6	216	1
work/ext7/4-1s2-2__group.5716__X101	86d161733c97c8516bc67d321e5a981f	576	2
work/ext7/4-1s2-2__group.5316__T	d4e819897552c41e332bc3100d3a6f34	1152	1
work/ext7/2-2s2-1s2-1__group.2541__X01111	21f78c91ce3c8abaee37ad1a0f817710	384	2
work/ext7/6-2__group.7573__X01	871aba97f8a78a53f6a4c57eeb716319	432	2
work/ext7/4-3s2-2__group.7307__X010	ce439c1004ebd9f63d7d3e19a4984054	240	2
work/ext7/4-2ps1c1__group.5856__X11	f91b20a317439a159af13cde7fc8708f	24	2
work/ext7/4-2ps2-2__group.5885__T	3ce265a494e8b00556827bdaca8f8287	144	1
work/ext7/2-2s2-2s2-1__group.3402__T	63621d03c40ea67fad52bd71fd127bcd	288	1
work/ext7/4-1s2-2__group.5372__C	289b34bc94c13afef3faabe8a4454c1c	288	1
work/ext7/4-2s2-1__group.6535__X0011	4913a88ca072d206f39a7254b0733a28	576	2
work/ext7/4-1s2-2__group.5566__X010	77784c6bb263bd366a9a84cae7c92b34	3456	1
work/ext7/2-2s2-1s2-1__group.2502__X1011	a2b7b716cb9d96f8067cbefca573b88e	192	1
work/ext7/2-2s1s1s1s1__group.1823__X011	3bc824efa3ffb18b6eb4298df09c2471	24	3
work/ext7/2-2s2-1s1s1__group.2182__C	d7101f298c3f76dd49ee8b9979731963	96	2
work/ext7/3s2-2s1__group.4295__X1011	d317f41826099521dbe7433b92e47947	576	2
work/ext7/4-2s2-2__group.6961__X10	32ba284ea9bfc1b0a30c69e10a5c039e	432	1
work/ext7/4-1s2-1__min.525__C	64566b6f3fd8822a39feb3e6291d4f8c	128	1
work/ext7/2-2s2-2s2-1__group.3478__X11	4cbdee3bbda187c949705fdf8ecc6a33	72	1
work/ext7/6-2__group.7617__C	c53e3d386beb40a0b40c31942c5f77ae	1728	1
work/ext7/4-1s2-2__group.5718__X111	778385d0aa325083797e601868a01941	576	1
work/ext7/4-2s2-1__group.6572__X0001	6fbfa29925fb7fdf333eb28137e528a5	576	1
work/ext7/2-2s2-2s2-1__group.3441__X11	062b3d392ca4d81155a323d14203cdf3	72	1
work/ext7/4-3s2-1__group.7255__X11	825d597f1c30cac6b9ac4db6b1b78244	480	1
work/ext7/4-1s2-1__group.5209__X0001	62def6e196ec6a38a1134a3eb05bf0c2	64	2
work/ext7/4-1s2-1__group.5153__X110	11f757286cd2486f844b3deae427da6d	384	2
work/ext7/2-2s2-2s1c1__group.2803__X011	b71b1d0c16834b5cffb1c7b9f3472f8a	72	3
work/ext7/2-1s2-1s2-1__group.1578__X100	7b028fd1f86253bff37ba9e7d652c7b5	64	1
work/ext7/2-2s2-1s1s1__group.2194__X101	fc9d2d90aa6c1ecdf864bd773f5c3977	48	3
work/ext7/4-1s2-1__group.5092__X011	e52d4d253ca45cbecd32dc3efa9edcdc	256	1
work/ext7/4-2s2-1__group.6612__T	468df90fb58264e89ea69c5b5c6ffa8e	96	1
work/ext7/2-2s2-1s2-1__group.2623__T	880af59b18dc387b58bf8f7c883e4bad	96	1
work/ext7/2-2s2-2s2-2__group.3612__T	5b0ab32666df9416fbee2910a0700494	216	1
work/ext7/3s2-2s1__group.4052__X00011	35cbc80cab9caca5f6e392272e3f615b	1152	1
work/ext7/4-1s2-2__group.5465__X100	841ebf7289c4c35fd9c163e670326125	192	2
work/ext7/2-1s2-1s1s1__group.1429__X011	5dca5c95516fd8a4b702d2b6539987de	32	6
work/ext7/4-1s2-2__group.5320__X010	571e5561ef7ec092530f838143542e20	1152	1
work/ext7/2-1s2-1s1s1__group.1312__X11101	94038fbb729020526f0606113a9ebd2c	128	2
work/ext7/2-2c2-2s1s1__group.1652__C	29a451d4a16d19daec366f0f1c60f530	48	2
work/ext7/2-2c2-2s2-1__group.1658__X11	fffaee017dded7151c19b20d4cd5f86b	24	1
work/ext7/2-2s2-2s2-1__group.3215__C	5b9d8e70887e36e2b7e4c2f127ff147c	288	1
work/ext7/4-1s2-2__group.5387__T	e06faf041e2beef6bfae986c0a696b48	1728	1
work/ext7/4-2s2-1__group.6413__X100	2cd9f238b3cc653272e1fa046cfd62f0	288	2
work/ext7/2-2s2-1s1c1__group.1961__X100	7fc132ef80c99053a4ce292137cf46e9	48	3
work/ext7/4-2s2-1__group.6536__X0110	92dac13d1b8076bd28201f4bf23e7aef	576	1
work/ext7/2-2s2-2s1s1__group.2896__X1110	d1694099634b95a9bb101d6047907a8b	144	4
work/ext7/4-1s1c1__group.4538__X01	7cb696e51b573ddba6174b699d363925	48	1
work/ext7/4-2s2-1__min.591__X10	80bfd49fb2d5520569c27a2a482ca7db	288	1
work/ext7/3s3__group.4358__X11	20bcaaee315f8c1591d24dd7deda9e4b	192	1
work/ext7/2-2s2-1s2-1__group.2448__X0010	8f7dc87c87fc8a3ad253f625a4c27a48	192	4
work/ext7/4-1s2-1__group.5088__C	ecd06c45b22a2577508e61483cf66f59	512	1
work/ext7/4-1s2-2__group.5571__X001	a7fa3bdf3ae059b4d41ce961fdbf35fe	384	2
work/ext7/2-2s2-1s1c1__group.1979__X011	ada710b64df14fd2fc9aa5ad17bbc8c0	48	2
work/ext7/4-2s2-1__group.6498__X111	4aad42e1c46cf8b33524e892eaf0c46d	288	1
work/ext7/4-2s1c1__group.5945__X0101	fa1cae78401eec76b3f15c6aa6885750	288	4
work/ext7/4-3s2-2__group.7303__X100	21665a5d2d45ebe12f98ccbc8464be9b	240	1
work/ext7/2-2s2-2s2-1__group.3485__X01	3bf54fdfac00889d8bcce9465f7ff557	72	2
work/ext7/4-2s1c1__group.5950__X001	9fca3c646a5774c9c1a1a9e584867d93	288	2
work/ext7/3s3__group.4393__X01	41eb558e1f237f52c480b5bed73ae71c	576	1
work/ext7/4-1s2-2__group.5709__X11	0ace058f2f4af80a522361f3d3955134	576	1
work/ext7/4-2s2-2__group.7065__X0011	835f5bd78e2c6ba3f76a70094e49aee1	864	1
work/ext7/4-1s1s1__group.4865__X011	3ed51cea9f153103a18642b8082c7261	64	4
work/ext7/4-1s1c1__group.4547__X100	adfd9f0872199995a7df1750bb9e1d77	64	2
work/ext7/2-2s2-1s1c1__group.1962__X101	a223801e8cd2b5871463a1178148126d	48	2
work/ext7/2-2s2-2s1c1__group.2727__C	1f48bf6a1a3a6674fb2b0b14e4447626	36	2
work/ext7/2-1s1c1s1s1__min.230__T	23109e5b9299905d45eb3cb1c259d587	8	3
work/ext7/3s2-2s1__group.4172__T	aa5385c4ea3df8cf59498166b76d6661	288	2
work/ext7/2-1s2-1s2-1__group.1541__X10111	4f84bf9d54e54cde3ec32c6039750eb4	256	2
work/ext7/2-2s2-2s2-1__group.3193__X011	ad10be174f752287a2137ec9ee5ff605	144	2
work/ext7/4-2s2-2__group.6965__T	954b2fb940273cb5354d7194974f8e13	48	1
work/ext7/4-3s2-1__group.7249__X10	fd5a23e44a2ea688b8a37e16f6e6ea4e	480	1
work/ext7/2-2s2-1s1s1__group.2340__X0011	688092ee2d773e90252fdc2932f1ccda	96	4
work/ext7/4-1s2-2__group.5339__C	9da84e3839ec56ee133b8c8355b2eed0	2304	1
work/ext7/4-2s2-2__group.6923__X110	1adfeea76eb6433f6359f3344e53d421	432	2
work/ext7/4-1s2-1__group.5186__X0001	4e62e1048b92859bc44cab439ea4a205	512	2
work/ext7/4-2s2-2__group.7041__X1100	d079dbdb05b79d12965326a132569130	864	2
work/ext7/2-2s2-2s1s1__group.2942__X01101	215a62311844a2385dd72cdc26be8bb2	288	2
work/ext7/4-1s2-2__group.5438__C	15f2349217ffac05ba8dfc6eaa2b6287	384	1
work/ext7/4-1s1c1__group.4554__T	9eb37e8d7003c956e2d921838c89654c	64	2
work/ext7/2-2s2-1s2-1__group.2518__C	405dc4c97fcc456d9a8bb504ef8e80b7	384	1
work/ext7/4-1s2-1__group.4990__X101	edfafc6813d3b0cab775e5d57f9ff444	128	1
work/ext7/4-1s2-2__group.5843__T	af07d991b34a3873c8e5e59bb63a43a1	96	1
work/ext7/4-1s2-2__group.5765__X001	9b7d1baf76b09eec4612da0c9c4785ea	864	1
work/ext7/2-2s2-2s2-2__group.3553__X0001	864acbce25bcd38421f49671c0c1655e	108	2
work/ext7/4-2s1s1__group.6064__T	bd14ff9f9b9ef22b3aecde5bafdbd7b1	144	3
work/ext7/2-2s2-2s1s1__group.2849__X1100	08efa5742ce60f29ba749d9526c755e7	144	4
work/ext7/2-2s2-2s1s1__group.3009__C	8e34cb03454a04dc25fc0c912642bc26	72	2
work/ext7/4-2s2-2__group.6828__X0111	97ffbb6a323e2214e4e48ac512e5ee12	288	2
work/ext7/2-2s2-1s2-1__group.2602__C	29af7d9cf0fb10fb0d7e810ddee2ef65	192	1
work/ext7/4-2s1s1__group.6019__X011	e11c7c64ccfda57e119b6727473b7ba4	144	3
work/ext7/4-1s2-2__group.5441__T	62b586fb9554b2369389c3c3f9229334	192	1
work/ext7/2-2s2-2s2-1__group.3444__C	171c62168e450cdb311b00c6b1a53311	144	1
work/ext7/2-1s2-1s1s1__group.1384__X100	080966661f4929d4b2bb997a15347bc6	32	4
work/ext7/2-2s2-1s1c1__group.1942__C	10536b9531bea1b60e5fc26806e42e14	48	2
work/ext7/2-2s2-2s2-2__group.3738__X101	c7b8bfb5b51a13eac288a4032ec090f8	72	1
work/ext7/4-1s2-2__group.5657__C	1edd612ee03a270ad4e7ca8c51b0c010	96	1
work/ext7/4-1s2-2__group.5589__X011	895e56cf4ff0212da7a665ad168d45bf	384	1
work/ext7/4-2s1c1__group.5915__X011	f2d4f76e281ab9f0ef9c2c6e57a758ae	144	3
work/ext7/4-2s2-1__group.6535__X1011	8fa9b8d5359bc2eeb52010587a71cb1c	576	2
work/ext7/4-1s2-2__group.5711__C	a05bd665841936979c6838984d594bcd	1152	1
work/ext7/2-2s2-1s1s1__group.2057__X01	9040c5cc8351f4a5c6bb6a4ff9a76b6b	24	3
work/ext7/4-2s2-1__group.6562__X0111	c61cb076bd7ea8440c77358a5f6c3132	576	1
work/ext7/4-1s2-2__group.5608__X0101	4ef806dc01ce8144f94f73170813a956	384	2
work/ext7/4-1s2-1__group.5208__T	f52e0faf6539b1ebccb47954e6d19a41	64	1
work/ext7/2-2s2-2s1s1__group.2833__C	5b15e84df479f70e2a46add7f662a3b8	288	5
work/ext7/2-2s1c1s1c1__min.320__C	764c1afa3cd2268867fee489102cc2ea	12	3
work/ext7/4-2s2-1__group.6495__X101	f5e285acb1ea607bfccb7795032fa1d5	288	1
work/ext7/2-1s2-1s1s1__group.1317__C	ec985703724b68928c0a2ec13f56f388	256	2
work/ext7/2-2s2-1s2-1__group.2552__X010	e6797da3b3881031107ee0a82444a0ab	48	1
work/ext7/4-2s2-2__group.6702__C	669fe1917ee23d08df8e5cbd0d9a7192	288	1
work/ext7/4-2s2-2__group.6677__X011	15c9e2931e63a15d673a1ad85631bbcf	144	1
work/ext7/3s2-1s1__group.3907__X010	4b11d395f04652b38a1e5f8a5a043e51	192	2
work/ext7/3s2-2s1__group.4332__X001	41b89178ad0f36db76c9370995c01269	72	1
work/ext7/4-2s2-2__group.6787__T	b00880777f4423d42e7fed3711613646	216	1
work/ext7/2-2s2-1s1c1__group.1969__X101	96d955f4a9c4789691a848767823cfec	48	3
work/ext7/4-2ps2-2__group.5887__X011	717f1b7eba3911f649acfa4930a7de1c	144	2
work/ext7/4-2s2-2__group.6957__C	0ee0c60508b15698f3f8960bb0b81152	864	1
work/ext7/3s2-1s1__group.3888__X001	e4f72d3cb2c0b24ad93d43b409f593dc	192	3
work/ext7/4-2s2-1__group.6479__X1010	e64983c7f596c59c1329b4e7f5641c82	288	2
work/ext7/3s2-2s1__group.4299__X1011	4b834236f917e3ef72d59f5cb65c320d	576	2
work/ext7/4-1s2-2__group.5486__X0001	fc8a9e10987d0313310289b6be492759	192	1
work/ext7/3s2-2s1__group.4052__X00100	68ba287987a486a593e56abc6652c2df	1152	3
work/ext7/2-2s2-2s1s1__group.2859__C	dd638facba5e4b24b3c8d30394afb452	288	3
work/ext7/4-1s1c1__group.4545__T	7650e955085787fd92354866e3382a2f	64	2
work/ext7/3s2-2s1__group.4278__X11	5ca17aa6ed29e11ec3fba9b357f6dbf0	48	2
work/ext7/2-2s2-2s2-1__group.3422__X101	f5afa30ac42411228b82ab75e2d28438	48	2
work/ext7/2-2s2-1s2-1__group.2478__X1011	95c37aeefabe21c11614e4289d15aaa3	192	1
work/ext7/2-2s2-2s2-1__group.3477__X10	0176b0a126fb15d85e34344c949fb8be	72	1
work/ext7/2-2s2-1s2-1__group.2627__T	baed4657f364a216d7a8136690ce4e3c	96	1
work/ext7/4-1s2-1__group.5078__T	32808fa4fa85edf9f95be5d94ce57433	256	1
work/ext7/2-2s2-2s2-1__group.3347__X1010	f9935a93333a95e6799c9fb1d91542fc	288	2
work/ext7/2-2s2-2s2-1__group.3467__X01	3ee3848d3f83dc310648f3ca9bf55c6b	72	1
work/ext7/4-1s2-1__group.5068__T	f79709c9822ebcbacc53328077a9f7e0	256	1
work/ext7/2-2s2-1pc2-1p__group.1907__T	a2705e09f54a2b8341dfbe8c54ec6b59	48	1
work/ext7/4-1s2-2__group.5563__X010	8ee06afe21ab1ca2c898497a481528d4	3456	1
work/ext7/4-1s2-2__group.5416__C	67ac9af8409e500001854c73e5478346	384	1
work/ext7/4-1s2-2__group.5583__X111	90e3862d1beea836da51f5afb77e2898	384	1
work/ext7/3s1c1s1__group.3822__X011	88ef6ec80e51060b7cf01e83ca65c6a5	96	2
work/ext7/4-1s2-2__group.5741__C	69dc7e6396d6162bb808a6f25be83255	144	1
work/ext7/2-2s2-2s2-1__group.3437__X11010	74c272a9d2bfc6c0b184ed9a9728fd4a	576	1
work/ext7/2-2s2-2s1s1__group.2833__X1001	7d19a1816c6602e54791d2d8d6c7a253	144	2
work/ext7/2-2s2-2s2-1__group.3259__X001	db8937bea91d4249b7b04092ff6b64f3	144	1
work/ext7/2-2s2-1s2-1__group.2538__T	76d91864ab8ec64f430b213003323289	384	1
work/ext7/2-2s2-2s2-1__group.3336__X0001	879b5d9b4575d974bf6bdab8693a8fae	288	1
work/ext7/4-2s2-1__group.6443__X110	99dd44ab829f9ac5c7e1ed7cf0c86e13	288	1
work/ext7/4-2s2-2__group.6880__X0110	23cd9781c5ba67c5ea0a866fa5815623	432	4
work/ext7/4-1s2-2__group.5527__X010	8c98902a2e53c4a1670f6b93a61effe3	288	1
work/ext7/4-1s2-2__group.5518__X001	9e90fbdae1758b903c6b9dbba159c6a6	288	1
work/ext7/4-1s2-2__group.5618__X101	5431b95213e1472a50bd169fa4bd7514	384	1
work/ext7/4-1s2-2__group.5728__X011	494f3680b49a8ad203c2785b0d0944b4	576	1
work/ext7/2-2s2-2s2-1__group.3318__X0100	ee62760d847c04a4d7e3469e76974216	288	1
work/ext7/4-1s2-1__group.5149__X110	26bb2bdf837fa937d8b7a4f9da06bfcd	384	2
work/ext7/4-1ps2-1__group.4421__C	cc8b433c04f3126fe641171291bc3665	64	1
work/ext7/4-1s2-1__group.4980__C	149a05bd3800887a4a051d023bfd9e58	256	1
work/ext7/4-2s2-2__group.7071__X011	55cd140e5a6823d8d072fcbfff3d6d1e	864	1
work/ext7/4-2s2-2__group.6978__T	b31dd787ebf5baf657f293af092708b8	72	1
work/ext7/4-1s2-1__group.5147__C	289dbc319def9de0fa3d463797ae0902	768	1
work/ext7/6-2__group.7541__X01	545ea80c9964283b582c56dc22f9fecd	216	1
work/ext7/2-2s2-2s1c1__group.2709__C	c338249448a4a859b3a281fb3a8560eb	288	3
work/ext7/2-2s2-2s2-2__group.3605__T	5dc4115d69e55f769638f280b341c9c0	216	1
work/ext7/4-2s2-2__group.6860__X011	05321001a990a1c27d8ac25297f70508	432	1
work/ext7/2-2s2-2s2-2__group.3574__C	6d498f22f15710b69be7fc90d4ef8a6c	432	1
work/ext7/4-2s2-1__group.6443__X101	f032dbde5aee67759a92648912aa3f0b	288	1
work/ext7/4-1ps2-1__group.4418__C	a02a38084fddcdc2378e983964b72f80	256	1
work/ext7/2-2s2-2s2-1__group.3463__X11	3f03822071fffecab1ded34247939348	72	1
work/ext7/4-1s1s1__group.4743__C	b5ce31a6316c6fefd8072e11310ac01d	64	2
work/ext7/2-2s2-1s1s1__group.2046__X00110	e0e7581453bca659abd8dab3a9ba7067	192	1
work/ext7/4-2s1c1__group.5947__X001	036ebb560bb7403f2b599aeba8231cd5	288	2
work/ext7/3s2-2s1__group.4181__X101	8af90284c27ad45e5cc31419fedb9018	288	1
work/ext7/3s2-1s1__group.3912__X101	d9c9f90a4d729dadbf7007bc49b2b263	192	1
work/ext7/2-2s2-1s2-1__group.2623__X101	e618fc5b2f0b8364d98b47fa53e6a19a	96	1
work/ext7/4-1s1s1__group.4698__X0001	b33d4d046ee93636ad149160b081473c	256	3
work/ext7/3s2-2s1__group.4205__X111	17b0b2c41b201511d7c664e7c41fdf5f	288	1
work/ext7/1c1c1c1s1s1__group.1046__X111	902ff7a40ba516ab15862e3ea9f16551	8	2
work/ext7/3s2-1s1__group.3973__X0011	3223cc0d82b95ef39d1a61778d48299d	384	3
work/ext7/2-2s2-1s1s1__group.2201__X111	f42b4fe6edc2c63e83edd462071adb00	48	3
work/ext7/2-2s2-1s1c1__group.1928__C	d0e472141e9e533b38485ae995eb36a9	48	2
work/ext7/2-2s2-1s2-1__group.2544__X01	b2bc84af303887e91027fb87d8019dcb	48	1
work/ext7/2-2s2-1s1s1__group.2040__X00111	325c44cbd788f362e5fa78cd467dcec8	192	3
work/ext7/2-2s2-2s2-1__group.3306__T	3ff1cb635fb6dd76c196d9015eebbf44	192	1
work/ext7/2-1s1c1c1c1__group.1102__X111	96413d6c69077ee22697895293bd01d0	16	2
work/ext7/4-2s2-2__group.6987__C	69df52b210374c62d3dd6a92a7b16a84	144	1
work/ext7/4-2ps2-1__group.5882__X011	51bcbb3862d5fa711a1c26e631bdf8ab	96	1
work/ext7/2-2s2-2s2-2__group.3735__X101	96ce2387bd7f5575f32646d9c3391783	72	2
work/ext7/4-2s2-2__group.6826__X0101	d0cb0148379c7761b281af01b7c5b793	288	1
work/ext7/4-2s1c1__group.5958__X01	8f5f491093ccdc8ccc8939e9a1caf7a2	36	2
work/ext7/4-2s2-1__group.6626__C	6905bfa81c88b407575ac4c1e0a69a51	192	1
work/ext7/2-1s2-1s1s1__group.1347__T	c82bbc14b437662cc5f96a952a6c4356	32	2
work/ext7/2-2c2-2s2-2__group.1676__T	102e576278841061f8ba63bf46f51077	36	1
work/ext7/2-2s2-2s2-1__group.3174__X010	cfc734b60e1d193a00aab7413ada59d8	144	1
work/ext7/2-1s2-1s2-1__group.1605__X001	55214a7c71b8b4e76b9fa3fafcc2f275	64	2
work/ext7/4-2s2-1__group.6535__X1110	fac561aac4cb057460fa49d8395a453a	576	1
work/ext7/2-2s2-2s2-1__group.3438__X00111	dca372abde3707a38da42807af128551	576	2
work/ext7/4-2s1s1__group.6222__X1010	03ccb754f8db20a6c3a76e200db54668	576	8
work/ext7/2-2c2-2s2-2__group.1674__T	15b0512b9aff14f7c7c9c1d34ffc3161	36	1
work/ext7/2-2s2-1s2-1__group.2485__T	ed4262ef12ce5f01aeccf6771fed99bf	192	1
work/ext7/2-1s2-1s1s1__group.1340__C	a8ad9bc0ac2ade2ff4748a8eba147279	512	1
work/ext7/2-1s2-1s2-1__group.1517__X0101	f3baf12379391b568407cf7fdd613bf8	128	4
work/ext7/2-2s2-1s2-1__group.2541__X11100	c4ab6c152327b14c033f3e2f484151a6	384	1
work/ext7/4-3s1s1__group.7197__X11	ce1dfa14a8d30317e942f02b60c71e75	240	2
work/ext7/4-2s2-2__group.6831__X00001	644937836f0dc5d32172910e07ba7481	3456	1
work/ext7/4-1ps2-2__group.4439__C	3a01f6eafc77e06b8ec3410db2bcb811	96	1
work/ext7/2-2s2-2s2-1__group.3326__X1101	b95e3f25e44cc744432970adc67e09ce	288	2
work/ext7/4-2s2-1__group.6362__T	f5d4e6bab5cb6bd1fe5121fde9ce0cb7	144	1
work/ext7/4-2s2-1__group.6587__X11	7aa47e8ca794ef17bd0e8e50860bd5f1	72	1
work/ext7/2-2s2-1s2-1__group.2651__X001	8fe38a3a186c6cd024ffe4ec4aee5b0e	96	2
work/ext7/2-2s2-2s2-1__group.3256__T	463067007ebde1e98aa6a787dcc60c43	144	1
work/ext7/4-1s2-2__group.5756__X0011	d98992dd5adabcafdb47bfc110459ee5	768	2
work/ext7/2-2s2-1s2-1__group.2598__X101	81eb23ad9b07a4fa676ffca1d96a81e8	96	1
work/ext7/6-2__group.7500__T	6464c44f59f2f0b096672eba2d93549e	108	1
work/ext7/4-2s2-1__group.6580__C	b96d2dd0faf650379f926734a9db5259	144	1
work/ext7/2-1s2-1s2-1__group.1521__X0010	053b90fc5bfe786aea9edfed40f8b06c	128	4
work/ext7/4-1s1s1__group.4623__X100	760dd9e89c56393aab1d9ebb6069a0d4	128	3
work/ext7/2-1s2-1s2-1__group.1599__X0100	5b2d1b3717e5b978005d2ffdef084e12	64	1
work/ext7/2-2s2-2s2-1__group.3163__X001111	fe1542e4feffcd45688166c912bddc7f	1152	4
work/ext7/2-2s2-1s2-1__group.2535__C	14d3958bd6ed327d7414e9448afb8fbb	768	1
work/ext7/4-2s2-2__group.6720__X10011	7fc0844955634b53a4d914c4506790e9	1728	1
work/ext7/2-1s2-1s2-1__group.1532__X0100	2d9a09307643ae9eed19668beb3525c8	128	2
work/ext7/2-2s2-1s1s1__group.2353__X1001	d7db39db5dd4b4d8d8673bbbc5edcd7e	96	2
work/ext7/4-1s2-2__group.5435__T	45256a92a303050e4ba0e6798dbbb91c	192	1
work/ext7/4-3s2-2__min.646__T	b26d561290e4c5772866d79638421ee5	60	1
work/ext7/6-2__group.7520__X01	27ca6a5a8ced84df3c52fa68faa88a85	1296	2
work/ext7/4-1s1s1__group.4750__X110	7999c4008daf11882fdd2d44020e4412	32	2
work/ext7/3s2-1s1__group.4023__X01	3bed0b375a75c3ffbfe78bcc5ce01da9	96	3
work/ext7/4-2s1s1__group.6114__X1000	4a26aa6a3e723600dcd93b398ac3654a	288	3
work/ext7/2-2s2-2s2-1__group.3339__X0111	9382f3c5a0e182dfbcf8e9ea6bc42729	288	2
work/ext7/2-1s1c1s1s1__group.1183__X1100	2d8aedef24c28006bf03fb5fb0b7b584	32	2
work/ext7/4-2s2-1__group.6479__X0100	8d38be10a33ca471053f6ec872ac4cd3	288	1
work/ext7/4-2s2-1__group.6314__X0100	42325943bbcaa6bedd2bf7ccff2f200c	1152	1
work/ext7/2-2s2-2s2-1__group.3451__X10	220e6468ed00f90d790ef409edd7d293	72	1
work/ext7/2-2s2-1s1s1__group.2080__C	ae39c87ea091d59bb4386c7a3af43f2d	48	2
work/ext7/4-2s2-2__group.6902__X001	94cdce4f613aa1b1aecd319a1d68c7fb	432	1
work/ext7/6-2p__min.663__C	d55f4e5b5c6ffd56ba6dd2ead0a4e988	18	1
work/ext7/4-1s2-2__group.5324__X001	af8bd8c84b507677972aac1250cea4dd	1152	2
work/ext7/3s2-2s1__group.4195__X011	c4f96994a07026e1905b3356b708c62f	288	2
work/ext7/3s2-2s1__group.4288__X0011	9dc0b40abcd36220794714e139fe1c3a	576	1
work/ext7/4-2s2-1__group.6315__X0101	441270cd43146a125d9d4f960a81c690	1152	1
work/ext7/2-2s2-1s2-1__group.2588__C	b322e82cd58d574f8e60968d6a08f7e1	192	1
work/ext7/2-2s2-1s2-1__group.2540__X10110	0992f64e09d76488f00531ad87b1528a	384	2
work/ext7/2-2s2-1s1s1__group.2232__X011	ffbf1c2cdfdcdb81d5d6fd15817e9d87	48	3
work/ext7/4-2s2-2__group.6891__X110	27327d0cf21ddb6a6df3a660fa32630c	432	1
work/ext7/4-2s2-1__group.6548__X101	e7680d6cc30d87439a3e1ce17f88eb79	576	2
work/ext7/5-2s1__group.7402__X10	f1b04aaf2eacc8310b55e87cf46035df	240	1
work/ext7/4-1s1c1__group.4556__X110	98b1d55069930e89f570beee3bf893db	64	2
work/ext7/4-1s1c1__min.485__X01	ee2ba0259cd63205575120336366ae97	32	3
work/ext7/4-2s2-1__group.6380__C	56125f95b54c386928fd69f137495467	288	1
work/ext7/2-2s2-2s2-1__group.3177__X010	e4e871c1790ab5d3f82ae3821e28c395	144	2
work/ext7/2-2s2-2s2-1__group.3395__X0101	61307f2405c8146b07cf04531f6eefbd	288	2
work/ext7/2-2s2-1s2-1__group.2594__X101	45944ff2c43f924fec4ae303e185b1d1	96	1
work/ext7/2-2s2-1s1s1__group.2364__X0111	0d14fea49c41ec412f95d35943ee3da7	96	8
work/ext7/2-2s2-1s1c1__group.2022__X0010	c4e182ff6f64f5ae59cd2129013f6ae8	96	3
work/ext7/4-1s1s1__group.4877__X001	d1e877e5297e9f3f30afc6e711c8b3bd	64	4
work/ext7/2-2s2-1s1s1__group.2337__X0111	10d4a13cd7382d6a3e9ec4c0435dc0c4	96	4
work/ext7/6-1__group.7496__T	2a90b2a3445e848712a4cc67e83ebd25	96	1
work/ext7/4-1s2-1__group.5151__X100	6344e56e2e5ad7ac7ac6ca55354f1d46	384	2
work/ext7/4-1s2-2__group.5599__X0110	265eab633e78229a366ef31d7f2aff08	384	2
work/ext7/2-2s2-2s2-1__group.3342__X0100	c594d0da592c4c64e718cf78e4d83292	288	1
work/ext7/4-1s2-1__group.5123__X11	96bdebb07726c84c3b0e35e3ac5b78d6	32	1
work/ext7/5-1s1__group.7383__X111	f5313f6ffa59b7b20e70785ef774f924	7680	1
work/ext7/2-1s2-1s1s1__group.1416__X010	0cd57c2937d56914e29340e7afc865b6	32	4
work/ext7/4-3s2-2__group.7294__C	aac7db81f3e224127d2139936112ebd4	2880	1
work/ext7/2-2s2-1s1c1__group.1989__X010	154a52cd853153226bbbd7274d3ea980	48	2
work/ext7/2-2s2-2s2-1__group.3390__X0111	348fc750b4632c25fe491cebcf086fff	288	1
work/ext7/2-1s2-1s1s1__group.1479__X0001	adb4c03b6a6a5008f10fd208b9ddd052	64	5
work/ext7/2-1c2-1s2-1__group.1100__X111	a63e780ae15975ac6b3149f11c92b1a6	32	1
work/ext7/4-2s2-1__group.6529__T	d4e46e8468acf4f213d9734ba09bc118	576	1
work/ext7/4-2s2-2__group.6862__C	a8f90a152122bfe5b9c7ac7ad9588f6f	864	1
work/ext7/2-2s2-1s1s1__group.2364__X0001	861a9647b87cba54666ba4c78e3873ba	96	3
work/ext7/2-1s2-1s2-1__group.1544__X10000	768ce2ec60803f76823802c1a03ef854	256	2
work/ext7/3s2-1s1__group.3949__X111	c5f2ecd146a5f06c206791e18fd81c9e	192	1
work/ext7/2-2s1c1s1c1__group.1745__C	c7b47c7d45fc184e7aa47dad63dff7d0	96	3
work/ext7/3s1s1s1__group.3863__X101	e1347897b46c60ed8c1779b14f1f5dc7	96	8
work/ext7/2-2s2-2s2-1__group.3258__X111	6ae662283b70f49dbd54aac99d2c525f	144	1
work/ext7/2-2s2-2s2-1__group.3494__X10	dc0fed7db6d9cdc89833751a8ab37a72	72	1
work/ext7/2-2s2-1s2-1__group.2614__T	bdbd6516c747537103733a737cc3e3d3	96	1
work/ext7/2-1s2-1s2-1__group.1518__X1010	de3d20c776107e83565070ab68abdb29	128	2
work/ext7/2-2s2-1s1s1__group.2278__X111	3466ec91e541b6ab5a0fa5e96879fb11	48	2
work/ext7/6-2__max.23__X001	f15923f968c332e8eaa53e7940d5ff8a	10368	2
work/ext7/4-2s1s1__group.6212__X100	c83326df145bafcecd69419ff5e43104	48	2
work/ext7/4-1s2-1__group.4953__X1101	be26fcd1070e0556fd8e9eacc9b39120	128	2
work/ext7/2-1s2-1s1s1__group.1360__X111	1c415bd715dd6e1c8622133f46d46736	32	3
work/ext7/4-2s1s1__group.6005__X11001	53b6787663c29c0af1d577c2373a0270	1152	3
work/ext7/2-1s2-1s1c1__group.1271__X1000	f3ce1ee8f980d1f644062a0da529127c	32	5
work/ext7/4-3ps2-2__group.7159__X11	3743a9f1654628fb416845bd4efe1d69	60	1
work/ext7/4-1s1c1__group.4451__X01	549c88d8593a1d38533925cc35b5a94e	1152	3
work/ext7/2-1s2-1s2-1__group.1558__X100	aad9e45ace983dd4804556973a91a2f6	32	1
work/ext7/4-2s2-1__group.6588__C	8a11382c57c3243e36a4b76a49a02570	144	1
work/ext7/2-2s2-1s1s1__group.2169__X110	f7afb850e40f17ab2c6d523921fd97a9	48	2
work/ext7/4-1s2-2__group.5757__X0011	a6790f5119b3f2de34261b58fd23f720	768	2
work/ext7/2-2s2-2s2-1__group.3332__X1000	13b2c30d25a5f5845bfc747a0c705ffa	288	1
work/ext7/4-2s2-2__group.6789__T	4fd2d7e049cd3fe2ebcf2907b726bfec	216	1
work/ext7/4-1s2-1__group.5098__X110	bfcb4380c7b4b05107ae7fae600e135b	256	2
work/ext7/2-2s2-1s2-1__group.2486__C	6dc1c12b6f2fdf15f2e39097bcc4292f	384	1
work/ext7/2-2s2-2s2-1__group.3427__X01000	c14785f048e4e4ac321b972b5ca38ebe	576	2
work/ext7/2-2s2-2s2-2__group.3714__T	92f4e3f4839940af879147389fb9bd69	432	1
work/ext7/4-1s2-1__group.4981__C	76036b287bb2991adcaaccc522123648	256	1
work/ext7/4-1s2-2__group.5514__C	ca6dd0ec29682b13b78e10a5615a9549	576	1
work/ext7/4-2s2-1__group.6359__X01	7aae7469510e717f3d8372240f7b9d11	144	1
work/ext7/4-2s2-2__group.6926__X001	2cd567c2031dba1890d880863aea9f92	432	1
work/ext7/4-2s2-1__min.598__T	90ce63cc044d56ff0ab339ec2498c1a9	48	1
work/ext7/2-2s2-2s2-2__group.3563__X0010	7c9ad9bf37154d2078f5bf72051eb50e	144	1
work/ext7/4-2s1c1__group.5987__X10	d91c8b78f5ae49d881e7043e8fb76982	72	1
work/ext7/2-1s1c1c1s1__group.1123__X10	d216790c86f11a2451f4d2956fa51ede	8	2
work/ext7/2-2s2-2s1c1__group.2791__T	5308b74dd8c001dd42dc158531b72467	72	2
work/ext7/2-2s2-1s1c1__group.1945__X10	609d471aa1145f60e40578244962c7d2	24	1
work/ext7/4-1s1s1__group.4829__X1010	531c356f218eb877013cdcd46346a665	64	3
work/ext7/4-2s2-1__group.6391__X1100	ca43d82ae3896a154f0e3572c707ffff	192	1
work/ext7/2-1s2-1s2-1__group.1591__X1100	7d08331efb95997386b6205d48e8a759	64	1
work/ext7/2-2s2-2s2-2__group.3685__X0011	679d76619369dff1112ed15e5457756b	432	4
work/ext7/2-2s2-1s2-1__group.2569__X010	b9d1caad18b25d3354ae41c9eb2b9949	48	2
work/ext7/3s1c1s1__group.3810__X10	aafa2fe6d7183b97c4578a0ee545662d	48	3
work/ext7/2-2s2-2s2-1__group.3484__X11	53ace082b5a829cb11c3f60a0f1be175	72	1
work/ext7/2-2s2-1s1c1__group.2006__X010	0636206686bd7ace73c705af4709c90c	48	1
work/ext7/4-2s2-2__group.6900__X100	8677fc8f575a44041ff16075986a409e	432	2
work/ext7/4-2s2-2__group.7070__X010	71f3b7662ae9ea7562be70708cc5e20f	864	1
work/ext7/2-2s2-2s2-1__group.3389__X0101	ad8bf140d9b656d66af142c99a99c408	288	1
work/ext7/2-2s2-1s2-1__group.2458__X1100	2a3a24b7cbdffc87cfcafbb864af2559	192	1
work/ext7/4-2s2-2__group.6890__X0100	29134ffbb179285f20cfc202ba580705	432	2
work/ext7/2-2s1s1s1s1__group.1854__X0101	353661e381c9632f532201ab80729841	48	3
work/ext7/2-2s2-2s2-2__group.3762__X01111	def3af717f9c6d2c7f09620aa1298662	864	3
work/ext7/2-2s2-2s2-1__group.3435__X10011	686314d821c23fbd03f90ba1be5b7d13	576	2
work/ext7/4-2s1c1__group.5911__X100	5d87c66ab1e5ad5ef0b417d6a7c8ae14	144	1
work/ext7/2-2s2-2s2-1__group.3394__X0010	2bc2ef83de61322dafdfd8c12e0687ab	288	1
work/ext7/2-2s1c1s1c1__group.1738__C	d22d817786254bf2f2b38b604ad751ec	48	4
work/ext7/4-1s2-2__group.5546__T	ec51b2810c76ddd44d6d88b5dee9403e	288	1
work/ext7/2-2s2-1s2-1__group.2613__X100	51586cc4cacfb289623b1e0a1d74abbb	96	1
work/ext7/4-2s2-2__group.6776__X001	17abd1f5e468d70c822dd0407a1df94e	216	1
work/ext7/2-2s2-2s2-1__group.3300__T	8c51613c779a23a24937815d7ee45e74	144	1
work/ext7/4-1s2-2__group.5363__X101	88a6fd4f0b8682a91e9b8e950b98ada3	144	1
work/ext7/2-1s2-1s1c1__group.1306__X1100	03a12af9fe8725b6407ebc11ba4f96f4	64	2
work/ext7/4-1s2-2__group.5319__C	8850dbf6aa9471435f6f754555e4f1cd	2304	1
work/ext7/4-2s2-2__group.7052__X0100	318c7a09b7df8f749f7ce7bc35c410ce	864	1
work/ext7/4-1s2-1__group.5091__T	a3d6f27b869955a6b75d8f27f397fb5c	256	1
work/ext7/2-1s2-1s2-1__min.279__X01	60220bf7f1b25faadea399cd38a153d8	16	2
work/ext7/2-2s2-2s2-2__group.3697__X0111	4fc3149d8f2fff56c8f1a4ac8855d8ec	432	2
work/ext7/4-1s2-1__group.5263__C	2de744d12e3b0746434131357102a480	1536	1
work/ext7/3s2-2s1__group.4276__X01	b6bd9bac0ab5e3be10f4f4d320cb8acc	48	1
work/ext7/2-1s2-1s1c1__group.1278__X110	de15a616c4daca6e544da289ecb6efd4	32	2
work/ext7/2-2s2-1s2-1__group.2485__X0100	d43ea44c65a97c4beb6c1675808a419d	192	1
work/ext7/4-1s2-1__group.5022__C	09bf81899531f5523868185f75ef04d4	384	1
work/ext7/2-2s2-1s2-1__group.2594__X001	ce16b70aa9ab92993a94873ec4e39f3b	96	1
work/ext7/3s1s1s1__group.3848__X001	dd20f5357bf0149d26dd3975eea90d3b	96	4
work/ext7/4-1s2-1__group.4944__X100	7ed5988b68f5465619990822abf6f288	128	1
work/ext7/4-3ps2-2__group.7162__C	742c81bc05b27dc0de188de333ba19be	120	1
work/ext7/3s2-1s1__group.3930__T	58ea68ebfa58a6a7bdc761a6e4a8e4d9	192	2
work/ext7/2-2s2-2s2-1__group.3408__X001	f40c04b4d7c7885fe2f55b203c570541	48	1
work/ext7/3s1s1s1__group.3833__X0100	c839bc38363fa850c7ad11259e90e822	192	7
work/ext7/2-2s2-2s1s1__group.2862__X0100	669e263264648c5b51981e5f240af46d	144	2
work/ext7/2-2s2-1s1c1__group.1962__T	b8dac1fb45fedc47c8ffd90705689c6d	48	2
work/ext7/3s2-2s1__group.4062__T	d3ab639feb1099b16c8222f46df7675b	144	2
work/ext7/4-1s2-2__group.5582__X010	9a609a29ea4d64508f6627be55c4bc56	384	1
work/ext7/4-2s1s1__group.6151__X0101	281774b6a69c82160ae7e87444d30470	288	1
work/ext7/5-1s1__group.7353__C	52d9826b2632b163fb0ff3eeb16d2299	3840	2
work/ext7/2-2s2-2s2-1__group.3315__X1010	dad1335bc3771e8d0047d813a91fbf93	288	2
work/ext7/4-1s2-2__group.5331__C	46344269060beab9012d411a3357bfe7	2304	1
work/ext7/4-3s2-2__group.7279__C	a45bb0efca51fddef583ac685f14c118	240	1
work/ext7/3s2-1s1__group.4008__X10	99d6934a7970396ddaf34ab2a8da0cb7	96	2
work/ext7/2-2s2-2s2-2__group.3579__X001	8ddcdfe28bf428d8effc7df19ea47e9e	216	1
work/ext7/2-1s2-1s2-1__group.1544__X00110	bce7273a878277be9787c76fd962ab9c	256	2
work/ext7/4-1s2-1__group.5280__X1010	8f16e792797282687029072acbe3653e	768	2
work/ext7/2-2s2-1s2-1__group.2677__X011	314f000756fdc198a63e4b3fb8ab96b6	96	2
work/ext7/4-2s2-2__group.7022__X101	c1be3422657b42b2156fb208e6a688e0	864	1
work/ext7/4-2s2-2__group.7003__X01	885cfde67b7dd0379eb6a622e8646225	72	1
work/ext7/4-2s2-1__group.6491__X0010	ff441888585c148adb225c1a90e9db10	288	1
work/ext7/4-1s2-1__group.5171__C	38b04a45e7a81ebadb11e28dade2e868	96	1
work/ext7/4-1s1c1__group.4474__X01	fde6449ade0301f230db93ea01da0c74	16	1
work/ext7/4-1s2-1__group.5093__X001	124a3ccde0a73d47897b6b33f19545f9	256	1
work/ext7/2-2s1s1s1s1__group.1891__X00101	177b55c0378fdad6a33dd8527d78bd30	96	3
work/ext7/4-2s2-1__group.6501__X001	260c141525ac67a85b4723de6f2cee96	288	2
work/ext7/4-2s1s1__group.6051__X0011	3d8858e64e5325d17abdc665774407c7	144	3
work/ext7/3s2-2s1__group.4057__X11	1abf6e7e442ac57d62902371b422ef57	144	1
work/ext7/2-2s2-2s2-1__group.3257__C	4da604d011bcaccfd04ea95b6f703f9d	288	1
work/ext7/2-2s2-2s1s1__group.3074__X011	aad170b481daf29aeecddbc6a8357db8	72	3
work/ext7/4-1s2-1__group.4945__X00101	ab2f51e6feb6bc1eaa05975e4a13b8d0	128	2
work/ext7/4-2s1s1__group.6203__X110	523baafb07409057620439aa85a3477d	48	6
work/ext7/2-2s2-2s1c1__group.2708__X0010	c310bed273b634bd1aceea088eff132f	144	1
work/ext7/4-1s2-2__group.5589__X111	cbd7865288800ec7cef3a9561752f329	384	1
work/ext7/2-2s2-2s2-2__group.3704__C	5c697014183a638c501b6abd99d8853e	864	1
work/ext7/4-1s2-2__group.5482__X0101	b8428bef9d092072746d1a22ad9e49e8	192	1
work/ext7/4-2s2-1__group.6486__T	c4d1f088074ddfc6a4bced06be41fde0	288	1
work/ext7/4-1s2-2__group.5444__X101	bbec7e6462ea75337e8a7a6f7b05b415	192	1
work/ext7/4-2s2-1__group.6479__X1000	ac4b0eaadf958d80fc3cd24935e64016	288	1
work/ext7/3s2-1s1__group.3982__X1011	bbef8c58434210ba5d789ac44d0624d0	384	2
work/ext7/3s3__group.4396__X101	d448fde2c44336a41543d15396626066	96	2
work/ext7/2-2s2-1s2-1__group.2679__X100	206e043cbc7821367ce525f55727efb4	96	1
work/ext7/2-1s2-1s2-1__group.1514__X0110	a5f8dde268f754be0c8ba6e9c4ffde28	128	4
work/ext7/4-2s1c1__group.5948__X001	d512a69b9bb5b78934e84f5a613b903f	288	2
work/ext7/4-2s2-2__group.6947__X100	57174686fcfd9b4f6749844e752a30e9	432	1
work/ext7/4-2s1c1__group.5963__X11	1fafd317a174d071581c26ab2725943b	36	3
work/ext7/2-2s2-1s2-1__group.2456__X0010	f8f772ac7ec876106b85b5991151a3ee	192	1
work/ext7/2-2s2-2s2-2__group.3696__X0001	784138395c04eb7418a3cb09d08c33f2	432	2
work/ext7/2-2s2-1s2-1__group.2511__X1000	2c0bc0d98feda49cf771f5c348afdab2	192	4
work/ext7/4-2s2-2__group.6710__X0101	e1a7eb58a3d08e550167f9a59638a43b	1728	2
work/ext7/4-1s2-2__group.5748__X0111	7b2588da2bbd1d07f43543c4bb907fbd	768	2
work/ext7/4-2s2-2__group.7059__X1001	0e0db97ea307182637bc1d59eee78c54	864	1
work/ext7/4-2s1c1__group.6003__X10	5d6e7af4a2041dee5cb488a4fcee44f0	72	2
work/ext7/4-1s2-2__group.5833__X1101	faabc90c91e3b85588bb3c88a1d4110f	96	1
work/ext7/2-2s2-2s2-1__group.3249__X011	ce90d91805844592dfe2d3aa3a935908	144	2
work/ext7/4-1s2-2__group.5484__X0001	7f9c8fb2075f32716c60fbf154da438b	192	1
work/ext7/4-2s1s1__group.6055__C	a4f227ebd0cbe3ce949aa65d33042310	288	3
work/ext7/4-1s2-2__group.5652__C	46fe776b7c2b0eea0d515d9f015b9968	96	1
work/ext7/3s1c1c1__min.431__C	3be607b57b926a0096754094366b6a9a	24	2
work/ext7/2-1s2-1s2-1__group.1523__X1011	85e579e71ddf9e5fc0a39769e1a16c7d	128	1
work/ext7/2-2s2-2s1s1__group.2855__X0001	9d77aa726985f784c7c1cd2f3bf7c43a	144	2
work/ext7/2-1s2-1s1s1__group.1360__X100	f9af71867bd31f9c26b34ba03989ce06	32	4
work/ext7/2-2s2-1s2-1__group.2622__X001	1475cb50daa801b23ea530d47bd1323c	96	2
work/ext7/2-2s2-1s2-1__group.2473__X0001	7075c719ef0bc2bdc6b3baeff6a6cc5f	192	1
work/ext7/2-2s2-1s2-1__group.2470__X1100	c4a2b1c023a41e457aad4257358de0c3	192	2
work/ext7/4-1s2-2__group.5485__X0011	ef24ce074018b64b3b8c7ca105cd0871	192	2
work/ext7/4-1s2-1__group.5074__X001	88ac124eb40917aa8e139821bce90478	256	1
work/ext7/4-2s2-1__group.6541__X010	0d8aa261721f3501c78ab3f2d4dcc49f	576	1
work/ext7/4-1s2-1__group.5119__X010	db18bc5075d04cc00accdfb3d0ccf802	32	2
work/ext7/2-2s2-1s2-1__group.2510__X1001	46e64a5289e89054e1acff180730812a	192	2
work/ext7/4-1s2-2__group.5355__X10	ff32a4884138a48a2f44aec6af413acc	144	1
work/ext7/2-2s2-1s1s1__group.2308__X0101	f482102dcfabd79213093a9c97ae7c48	96	3
work/ext7/4-2s2-2__group.6822__C	efd9d40382dbab1915863cd6f2a789ab	576	1
work/ext7/2-2s2-2s1s1__group.2994__C	103a1f1cfdcf988d1672aa9dc0b71fbb	72	4
work/ext7/2-2s1c1c1s1__group.1717__X001	feeb529f228d0b733db0048ee8c53605	24	2
work/ext7/2-2s2-2s2-1__group.3470__T	5fa6d9ae871dbfa5fc4b751505a0f10f	72	1
work/ext7/2-2s2-1s1s1__group.2115__X011	da5ff93f78aecbb9bc8cdbc0412cdcb3	48	3
work/ext7/2-2s2-1s2-1__group.2531__X00010	f9855e43db2129b0e6c0bdaff5e6a6d6	384	2
work/ext7/4-1s1c1__group.4520__C	82fd121fd4bcb34d8134de158aa38993	768	2
work/ext7/4-2s2-2__group.7083__X010	068384d510e3184908d757e77547dee7	864	1
work/ext7/5-2s1__group.7406__C	4190a329237cc8a6993fa62a01b38734	720	2
work/ext7/2-2s2-1s1c1__group.1988__X100	ef708a1e3e1002b88177d4ad6c828bfe	48	2
work/ext7/4-2s2-2__group.6816__X0100	49ce95fca9f4ba306acb635f9f1c236e	288	2
work/ext7/2-2s2-2s2-1__group.3277__X001	2c2027ab808060f6dcbb330a82188874	144	1
work/ext7/4-1s1s1__group.4687__X011	ba8641636e9381bbc3075cc504c7af85	2304	1
work/ext7/2-2s2-1s2-1__group.2631__X101	152ebe2238e54e42bab5859f023e29f4	96	1
work/ext7/2-2c2-2s2-2__group.1683__X100	d2cfbb9a829189bf8376aa7710495ca5	72	2
work/ext7/2-2s1s1s1s1__group.1859__X0101	c01672427100fda34dbe3240a6397495	48	2
work/ext7/4-1s2-1__group.4987__X100	6ca0e06dd97896d612dc199b43466708	128	1
work/ext7/4-1s2-2__group.5841__X001	ebfa27a2123a5fd44a4500004797e8ba	96	1
work/ext7/4-2s2-1__group.6390__X1111	ba2dc0633ef9dce26f71a40bf9ad2860	192	1
work/ext7/2-2s1c1s1s1__group.1798__T	8a1aa8612a4ec1ae0d39b6375c7c1268	48	5
work/ext7/4-2s2-2__group.6774__C	f1c70865dc958552e31bbd642303b744	432	1
work/ext7/2-2s2-2s2-1__group.3192__T	990d646365031a9708f0ed1d8b66af91	144	1
work/ext7/2-1s2-1s2-1__group.1598__X011	310ae4b03943f157a41a5fb8c82183ad	64	2
work/ext7/3s2-2s1__group.4203__X110	15038d5e044fa6f974dde86f1cc51c37	288	1
work/ext7/3s2-1s1__group.3949__X011	7f9529761b1f57d4908b1340f390e936	192	1
work/ext7/4-1s2-2__group.5502__X101	cff10c35cb3554ba68719d2b4a2c5fa0	2304	2
work/ext7/4-1s2-2__group.5816__X0010	1579da0a69ab086542a4d4b2964805b7	96	2
work/ext7/4-2s2-2__group.7086__X100	e9017aca52d1cbbd785dc84657c9e903	864	2
work/ext7/2-2s2-2s2-2__group.3761__X10101	c61de44959691aff6e6c391edd6e8921	864	1
work/ext7/4-1s2-2__group.5765__X011	b40d3bcd2415a4865cd4d42ee9c89bd4	864	1
work/ext7/3s2-2s1__group.4168__X101	2689c72ebef58fb8f2bb843fc6d4535e	288	1
work/ext7/2-2s2-2s2-1__group.3279__X101	ee56c3c33121ae6c43df144ba06d2da2	144	1
work/ext7/4-2s2-1__group.6431__X010	d40d34a4941a0903bbb12d2211a39d7d	288	1
work/ext7/2-2s2-2s2-1__group.3466__C	942493e82829ad97e9846502fbf4e245	144	1
work/ext7/2-2s2-1s2-1__group.2636__X101	1431b8ba64759c5f2045295550dc5ba9	96	1
work/ext7/4-1s2-2__group.5679__X01	700ef7c7e4ce5f10fd9771dfc2bd322e	48	1
work/ext7/4-1s2-2__group.5393__X010	d70d58c1993bbc53c275ba9c50c031cd	192	1
work/ext7/2-1s2-1s2-1__group.1544__C	fef72d6054b5c81fcb066e339d093581	512	1
work/ext7/2-2s2-1s2-1__group.2493__T	ae999d367748a8eff7df4167dc657bf1	192	1
work/ext7/4-3s2-1__group.7271__X110	4a4b0634fe1a095cf8842df058ed7066	960	1
work/ext7/4-2s2-2__group.6674__X001	3b4569a3a35587394cb80451384709c3	144	1
work/ext7/2-2s2-1s1s1__group.2074__C	ab20131ad6ab66580d3c21f9c0cd0552	48	3
work/ext7/3s2-1s1__min.458__X01	4fb979069771874abbdeedfdf5819620	48	1
work/ext7/4-2s2-1__group.6538__X0101	7ed68b1d8fa88b7efc09ef2ac0b5163c	576	2
work/ext7/4-2s2-1__group.6551__X0011	50c11185f7f420bca93d95ad74b3987a	576	2
work/ext7/4-2s1s1__group.6228__X0011	32a97beb96ff314044ea5642ce8167be	576	2
work/ext7/4-1s2-1__group.5135__C	fd6ac6fc24416dbfe22d59f5feae5455	64	1
work/ext7/2-2s2-1s1s1__group.2036__X00110	0c313849cc5185b0b8fc246a667634e6	192	4
work/ext7/2-2s2-2s2-2__group.3588__C	c73ab4f1f488d010fd39136d69f96a36	432	1
work/ext7/2-2s2-2s2-1__group.3222__X101	dea465a235473d2aea2d7bc780582590	144	2
work/ext7/4-1s1c1__group.4566__X110	da330a35bb197a5969f07338646be1fb	64	2
work/ext7/2-2s2-1s2-1__group.2689__X0011	8316b0a0b65c4cb9cfa53e3698806073	96	4
work/ext7/2-2s2-2s2-2__group.3682__X0001	949689f3d125796826fd5fbf99c875a6	432	2
work/ext7/3s2-2s1__group.4088__C	74ce1e3a910057e70fbbf91c3bd287d5	288	2
work/ext7/4-1s2-1__group.5161__X001	39ee47225c20a01c7f7850bc84cf2496	384	1
work/ext7/2-2s2-1s1s1__group.2121__X111	74273af9c9b7e7255bb425473da20a57	48	2
work/ext7/4-1s2-1__min.512__C	f9cd63348f99187f01f0853ed2224025	64	1
work/ext7/2-2s2-2s1s1__group.3148__X111	3827e8cc162d0a8aee929d9a0743d444	72	2
work/ext7/4-1s2-1__group.5205__X111	3a9effba0691c39bdfa8364593d9a841	64	1
work/ext7/4-1s2-1__group.5096__T	48ba145873ff1e829547f46ec4e3a0b8	256	1
work/ext7/4-2s2-2__group.7040__X1100	96b08c30d377bd612fa79c0e81e8b59b	864	1
work/ext7/4-2s2-2__group.6981__X01	0b7f111cda121ccf2aaef6c06edf94cd	72	1
work/ext7/4-1s2-2__group.5836__X1011	71f62f88efeb67c7049aa3157c70cd25	96	2
work/ext7/4-2s2-2__group.6824__X0010	672f85a673208367ea5b33562aac0569	288	2
work/ext7/2-2s2-2s2-1__group.3327__X0111	8ffc73c4db54d9ef12f81db2497e2811	288	2
work/ext7/2-2s2-2s1s1__group.2876__X0001	25b4a191d93c4fc9eafb951304f2c29b	144	3
work/ext7/2-2s2-1s2-1__group.2493__X1010	c111b238b540e2815b4b4687d3290adf	192	2
work/ext7/4-2s2-1__group.6559__T	f66393999861483af2b6fbfab27ad4b8	576	1
work/ext7/2-1s2-1s1s1__group.1435__X11000	13e4609a85a97e1774baa54f301d39c5	64	4
work/ext7/2-1s2-1s1c1__group.1291__X100	77b3f8e7810988ee911cc2358c9a28fc	32	3
work/ext7/2-2s2-1s1s1__group.2040__X10101	56e35fdb832f06a6922a11a9ab30373c	192	2
work/ext7/2-2s2-1s2-1__group.2698__X1000	7e8e826e1b3bf973ef6a3ed5f83a8639	96	1
work/ext7/3s2-2s1__group.4213__X111	5c1ea14dee80c6792cfa6c52d28c446b	288	2
work/ext7/2-2s2-2s2-2__group.3663__X10	27b80df2258e53d4dc9abf79cf3e3616	36	1
work/ext7/4-1s2-2__group.5521__X10	c324681d43495312c8aa7603ba056e20	288	2
work/ext7/2-2s2-2s2-2__group.3736__C	44eef729fc80b7f7c3b2d5a53604674d	144	1
work/ext7/3s2-1s1__group.3977__X0111	25750a3fd022499e1ad867f4ce46994c	384	2
work/ext7/2-1s2-1s2-1__group.1521__C	b2729831b3e3bab23f3b918ae6ab1ed0	256	1
work/ext7/4-2s2-1__group.6563__X1010	553298e096222eee63cb77555178270c	576	1
work/ext7/6-2__group.7550__T	94fd0ec035aea0422f12c29ea3bb7a84	2592	1
work/ext7/2-1s2-1s2-1__group.1533__X0100	a9339028f10d5d4ece29da9c05f87b68	128	2
work/ext7/4-1s1s1__group.4610__X000010	e2cd8c82849a52ca7ad673561d35e874	128	10
work/ext7/2-2s2-2s1s1__group.3139__X100	2c93bd4feb5afe4e821afc1908eee2a4	72	4
work/ext7/4-1s2-2__group.5810__X110	bfaf3a9e6acaa4502db048e9599d802e	96	2
work/ext7/6-2__group.7534__C	4e67e19a91e0abae95c9ca5581f64e70	324	1
work/ext7/2-2s2-1s2-1__group.2553__T	22ddb6c5d3f76699b8b8c9efefe076b3	48	1
work/ext7/4-2s2-2__group.6846__C	f5abb8e21dd8099446c02bd050251b2a	864	1
work/ext7/4-1s1s1__group.4612__T	73f5af86b32263da7d74e28bc8c49064	128	2
work/ext7/4-2s1s1__group.6054__T	df15aee6ffef67658f46d03dd1ae43b3	144	2
work/ext7/2-2s2-1s2-1__group.2536__X01000	31e00776f74e47d9fef823b58f1d4093	384	4
work/ext7/4-1s2-2__group.5326__X10	195bb6185bda2466edbbea4d77b1d878	1152	1
work/ext7/6-1__group.7435__C	68b7e7b6c6803b9b4b890322288b4071	384	1
work/ext7/2-2s2-1s2-1__group.2446__X0100	8ee6b488084ef3b7e64e8f1899e07979	192	2
work/ext7/3s2-1s1__group.3972__X1010	f738e3731452aae934b83870a448a747	384	3
work/ext7/2-1s2-1s1c1__group.1284__X011	7d9a9ed7d1329c2f0dea1f1bd224a2f9	32	3
work/ext7/4-1s2-2__group.5433__T	d30407882fcbc8f6040bb951f871cf54	192	1
work/ext7/4-2s2-1__group.6452__X100	e213c3d0f53e21914764c3d489e06c7f	288	1
work/ext7/4-2s1s1__group.6226__X00011	c67cf1ee3e500d7b15f42f7bb549690d	576	1
work/ext7/2-1s1c1s1s1__group.1142__C	a0f0be8d6670757e9aad04611f3955dc	32	2
work/ext7/2-2s2-1s2-1__group.2684__X101	598d7e02738374c83f8414f82e668c0e	96	1
work/ext7/2-2s2-2s2-2__group.3732__C	10dc6bf16523080b0f0b3d3589f4af85	144	1
work/ext7/3s2-2s1__group.4137__X010	0ec39e6936689edab49f13a2f1135924	144	2
work/ext7/2-2s1s1s1s1__group.1847__C	9ac6a99ed5d4b846dc9380f85456cc6c	96	7
work/ext7/2-2s2-2s2-1__group.3368__X0101	13fe922f43d9f3de7c7dc4d11e2a25bc	288	2
work/ext7/2-1s2-1s1s1__group.1438__T	50acdb67bd73457f83cc1af22502766d	64	3
work/ext7/2-2s2-2s2-2__group.3731__X011	d86f3f10f4e47a960c14940a53afeaf4	72	1
work/ext7/4-1s2-2__group.5745__C	c801c71847b21bc3242b44a3e98780c5	144	1
work/ext7/2-2s2-1s2-1__group.2698__T	a387110280b3f163cac1a81db43f5769	96	1
work/ext7/4-2s1s1__group.6221__C	c6f91907ce633f4c0e96d4ca6af7cfd2	96	2
work/ext7/2-2s2-1s2-1__group.2637__X110	8742d7fcd283181906208af11825c50b	96	1
work/ext7/2-2s2-1s2-1__group.2539__X11011	df22b599ad2eaef98921558c2ece827b	384	2
work/ext7/4-2s2-2__group.6886__X001	eaf6614999bfba0bee4a2f3ee780bf59	432	1
work/ext7/4-1s2-2__group.5635__T	d56a4f66fa61720001f30fb7f0c41b8a	384	1
work/ext7/2-2s2-2s2-1__group.3209__X110	24d3f69c402a6c57df2b90c9fe52e9b5	144	1
work/ext7/3s1c1s1__group.3795__C	f5815ebc2fd542e3a3789c4af2941cb9	96	2
work/ext7/4-1s1c1__group.4471__X100	20fc1725b4a90dd5a72a76a76d4a98bb	16	1
work/ext7/4-1s2-2__group.5389__T	05e6057955a755d96e96f08e482432ef	1728	1
work/ext7/4-1s2-1__group.4947__C	ff0d5effc91e9f4232d1192a8febeca0	256	1
work/ext7/4-2s2-1__group.6594__X100	2c4b0391d114549f0dbe50d6d8d21381	96	2
work/ext7/4-1s2-2__group.5486__T	f4c94df8c70e5a28efc5e6752f7cd1b2	192	1
work/ext7/2-1s1c1s1c1__group.1126__X101	3b3c42088976d14e9f1af808f01eafd4	16	3
work/ext7/2-1s2-1s1s1__group.1318__X01101	5877efae4a12c3aa0dd6a3d92830c124	128	3
work/ext7/4-1s1c1__group.4533__X01	3ae38cddc1e2afa7a272c0728ed67335	48	2
work/ext7/2-2s2-2s2-1__group.3360__X1101	0e35bd06c772d7a81c277c6fc47dc426	288	2
work/ext7/2-2s2-2s1c1__group.2811__C	5b0596c4a7f4fca224c33b5a68035d48	144	2
work/ext7/4-1s2-1__group.5254__T	1b0c4579e1810babc3d70e58001b0009	64	1
work/ext7/2-2s2-2s2-1__group.3276__X100	bd772c61f7c590a6d2916077bf486680	144	1
work/ext7/4-2s2-2__group.6873__X001	a4a690e38789d7d3dfa71562bdaca139	432	2
work/ext7/4-3ps2-1__group.7138__X100	76661bde10b14551539cbd587b77dcfb	80	1
work/ext7/4-1s2-2__group.5505__X101	dc1a5efc1283130a04ced05398df721c	2304	1
work/ext7/2-2s2-2s1c1__group.2795__X010	dc1ac4e9b316dce39211fdcdb1d68835	72	2
work/ext7/4-1s2-2__group.5780__X0001	247f14b95f83b09cbed3aa25662c23b2	96	4
work/ext7/2-2s1c1c1s1__min.317__T	37ad8067bdea9da30aabbf046e2aceb5	6	2
work/ext7/2-2s2-1s2-1__group.2471__T	f8e6abcc8afc65b7fdcee3ee1034b58d	192	1
work/ext7/2-2s2-2s1c1__group.2746__X10	db01e48d907e791da1f10620db04a70b	36	1
work/ext7/4-2s2-2__group.6937__T	bca9949719c82ff94bc33d8b0850530f	432	1
work/ext7/2-1s2-1s1s1__group.1370__X010	468d716e33f4267c77e4fbf1cb14a396	32	2
work/ext7/4-3s1c1__group.7187__X11	eb50dbeff8392b5057fdfd56bdbf361e	40	3
work/ext7/4-2s2-1__group.6471__C	d7767ae8027cb8d24c6d648564be2bdc	576	1
work/ext7/4-1s2-2__group.5439__X011	4bf27054a728c9c736c3a7509b72bb59	192	2
work/ext7/2-2s1s1s1s1__group.1861__C	10774e5a1bd0d2b7994a4f6b69d7dba1	96	6
work/ext7/2-2s2-1s1s1__group.2307__X1101	764cc028dbb8d67627540bf7a54af504	96	1
work/ext7/2-2s2-2s2-1__group.3387__X1010	9a7821c9358d863500c66d25f79e1cfb	288	1
work/ext7/4-2s2-1__group.6339__X101	6e307d4fbb709cd6317fd4823342ad18	144	2
work/ext7/2-2s2-1s1c1__group.2003__X100	595335ccb593058fda6bb7adb2395fb5	48	2
work/ext7/4-1s1s1__group.4847__X0110	1e696f8a915a7df7e532ef6040160de5	64	1
work/ext7/4-2s2-1__group.6620__X010	b078e8a27713b325d22b3b7f8ab24edf	96	1
work/ext7/2-2s2-2s1s1__group.2824__X1111	32b89949d4d73210265bdd58c47781f2	144	2
work/ext7/2-2s2-2s1s1__group.3027__X011	e9830e74d1b0daf81ab3f1959f21da26	72	4
work/ext7/3s2-2s1__group.4095__X10	2a8517f2f712ae326e6edf7644de1134	144	1
work/ext7/2-1s2-1s1s1__group.1314__X01110	747fad141fa7c75239238f5cb6245fcc	128	4
work/ext7/3s2-1s1__group.4041__X11	89681d6b77ce40c52446b43ed25d541f	96	1
work/ext7/2-1s2-1s1c1__group.1307__X0110	57ccedd76cd2720eebd7a271d05c5c3c	64	3
work/ext7/2-2s2-2s2-2__group.3749__T	53968254d5651b9a5b207ff28ba11794	72	1
work/ext7/2-2s2-2s1s1__group.2885__X0011	c3580daa315fcbc477c12145065c11c2	144	3
work/ext7/2-2s2-2s2-1__group.3395__X1111	fb16f3840de64aae945420ac4f98c080	288	1
work/ext7/2-2s2-1s1s1__group.2354__X1000	072a0862b994eca3ee90fefaab2e34e1	96	2
work/ext7/4-2s2-1__group.6585__X10	0e5a37d14f00c1c475116a896bb53b12	72	1
work/ext7/4-1s1s1__group.4668__X01	288e7bbf0d46581611fb9b2784cd5c84	192	2
work/ext7/4-1s2-2__group.5685__X11	47433de88a5555937ab7655806172405	576	1
work/ext7/4-2s2-1__group.6560__X001	24daaef4bf56d1dee498ef58259f06f0	576	1
work/ext7/2-2s2-1s2-1__group.2688__C	ff48aef8ff32984791570431bd7bd82d	192	1
work/ext7/3s2-1s1__group.3987__X11111	1695fa2713c88d6c70e12fd33e5f442e	768	1
work/ext7/2-2pc2-2ps2-2__group.1623__C	a6a5d638c692169d41e3b2fd2004f7db	24	1
work/ext7/2-1s2-1s2-1__group.1537__X1011	a876dbb9a18b7b6a68af8a48a031da04	128	1
work/ext7/2-2s2-2s1s1__group.3013__X0011	bc8b43d1ebdf6486e739f49ec411f574	48	6
work/ext7/4-1s1s1__group.4851__X110	32c27343c333cb7fea68e429762fd91d	64	2
work/ext7/4-2s2-2__group.6744__X101	40f9366a2aa8e942102b0255545b355c	216	1
work/ext7/2-2s2-2s2-1__min.417__T	04cc68c2ed358858790773ddd68e686a	24	1
work/ext7/4-1s2-1__group.5184__X1000	8f4d0689aea3e1552566805299ab8a7f	512	1
work/ext7/4-2s1s1__group.6119__X001	936a47ef0099743118586bc6a4a9c6e7	288	3
work/ext7/3s2-2s1__group.4101__T	67e4ed120f098e40a59730fc65a0fd06	144	1
work/ext7/4-2s2-1__group.6393__X1011	42f14a601871f2a19401b18138748423	192	2
work/ext7/2-1s2-1s1s1__group.1348__T	3a16028eb475fbbcbc5b95856a53ffd6	32	3
work/ext7/2-2s2-2s2-1__group.3387__X1111	915854ae872db83536b78194ae8f4aeb	288	1
work/ext7/2-2s2-2s2-1__group.3205__X010	09aa54d2842bd835bfbfa4e3ddab3ad7	144	1
work/ext7/4-2s1s1__group.6215__C	d96211359b69f39777f9ed07c7808231	96	2
work/ext7/4-2s1s1__group.6214__X001	15a6fff28a9ee56bd8665c74b87351f5	48	2
work/ext7/4-1s2-1__group.5202__X001	27fa0a012358250786b37b0bdcf732f5	64	1
work/ext7/4-2s2-2__group.6685__X101	6f930358e64ec8f67338c8dba084d618	144	1
work/ext7/2-2s2-2s1c1__group.2774__X1011	b414ddb93e810b712f23f34af0e06073	48	3
work/ext7/4-2s2-1__group.6395__C	a00516a60d30192261dfadcd710eda88	384	1
work/ext7/4-1s2-1__group.5115__C	f96d9625c6b74a0b119ff2d7a557c2b9	576	1
work/ext7/2-2s2-1s2-1__group.2564__C	b7ada10c28248bfeacdfc50c18d41aa0	96	1
work/ext7/2-1s2-1s1c1__group.1296__T	1cf0431a82ef68f61feefc91e0f9caec	32	2
work/ext7/4-1s2-2__min.544__C	386d7ee2e30d3517231e109e1ee74341	144	1
work/ext7/2-2s2-2s2-2__group.3654__T	bb43f1948d53796cc16d6ccf24b8232e	36	1
work/ext7/4-2s2-1__group.6313__X1110	9c255383cebde4b9f887ea5ce66aeae3	1152	1
work/ext7/4-1s2-1__group.5209__T	3b3771d51da0d0f8224654b4b4d839e2	64	1
work/ext7/2-2s2-2s2-1__group.3192__C	6f21ed076e580f6862c3e977cbefda26	288	1
work/ext7/2-2s2-2s2-1__min.416__T	27f326f712359ea6967e36b24616cfe0	24	1
work/ext7/2-2s2-1s2-1__group.2473__X0101	59b1610846038413be804c2fbd7dc0cd	192	1
work/ext7/4-1ps2-1__group.4419__X01	2c3f20a5edb46e46f05b4be2a9f4cbfc	16	2
work/ext7/2-2s2-1s2-1__group.2512__X0100	ff88a888e5fdd1971b2806777ff67aa9	192	1
work/ext7/4-2s2-2__group.6746__X011	77b78b90d72d2aa5934b4f72b582fdf3	216	1
work/ext7/2-1s1c1c1s1__group.1107__X111	a843f742137b4fe41d6840e1291cb706	16	2
work/ext7/4-2s1c1__min.565__T	4c6f0a23e38fe33b647899408157fc19	12	1
work/ext7/2-1s2-1s2-1__group.1536__C	1410eca43f9b8f3a1852a6e634ebaca8	256	1
work/ext7/2-2s2-2s2-2__group.3699__C	5bcbaa7d1bb819b0922fe9a4d04341d6	864	1
work/ext7/2-2s2-1s2-1__group.2693__X0010	4a434f9f52450dd4799b70872965d9e2	96	2
work/ext7/2-2s2-1s1s1__group.2046__X01110	944b83250123cbe7031488589c26efd5	192	2
work/ext7/2-2s2-1s1s1__group.2384__X0011	df29a6daae23b17a66a961aac6e0043c	96	6
work/ext7/2-2s2-2s2-2__group.3703__X1000	6c4c5ce74c88f1b4584b8edfe650bf26	432	1
work/ext7/2-2s2-2s2-1__group.3201__X001	3c259e8f277b1989267cce192d1fcdb3	144	1
work/ext7/4-2s2-1__group.6613__T	d193f3a87a47a8bdb1d8bbfebcf8be17	96	1
work/ext7/4-2s2-1__group.6315__X0111	2b7495a9f84930ca57b538f28e9ca4c8	1152	1
work/ext7/4-1s2-2__group.5594__X100	a4ca3f767571fbaa9a615670eb876e34	384	1
work/ext7/2-2s2-2s2-2__group.3520__X11	53436cd23eb70d48785d5aad8838bbe2	108	1
work/ext7/2-2s2-1s1s1__group.2186__X100	5a4bba4650ae6d467acbd548c7dff9d0	48	4
work/ext7/4-2s2-2__group.7029__X001	3d336ed0b7e4956a7b0f7367b9019fe4	864	1
work/ext7/2-2s2-2s2-2__group.3734__T	9067fbbd4b0c938f3e82a589dd0ac05d	72	1
work/ext7/4-2s1s1__group.6224__X0010	3037a46b468f70bcd6943e27a497e9ba	576	1
work/ext7/4-2s2-1__min.587__C	fdf6e2752acdf2796b0cf9b19e919a37	288	1
work/ext7/2-1s2-1s1s1__group.1458__X1010	154f9a333840bbf39bb255438ef733a1	64	2
work/ext7/4-2s1s1__group.6156__T	4acc8fd5986d3ce7953f52b77767bf41	288	2
work/ext7/3s2-2s1__group.4337__X001	81a8dff589360dca7f4946c4aafaba48	96	1
work/ext7/2-2s2-1s2-1__group.2516__X1110	521a5d6486ad4f8ff3c4cbcb90952509	192	1
work/ext7/2-2s2-1s1s1__group.2034__X11001	7d740256a7d19c874f63d8ef3ba79231	192	1
work/ext7/4-1s2-2__group.5307__X10	84c0e06ccad1717552c6ce29f5d2ce7f	1152	1
work/ext7/4-2s2-2__group.6895__X0110	469e30397e55d7548d498de61d55e786	432	1
work/ext7/4-1s2-2__group.5508__X101	35f1a9ac351c15672a82af0d34f99fd1	2304	1
work/ext7/2-1s2-1s1s1__group.1434__X1010	7aab4a5a5112a4c7576d08536283e7f5	64	2
work/ext7/3s2-1s1__group.3917__X100	6d83e438f38dc3b6123d5e1060d074a8	192	3
work/ext7/4-2s2-1__group.6510__X001	35503080963059b88d6b316ffd455f1e	48	1
work/ext7/4-1s2-2__group.5390__C	65d5a74a55af90e1b14c706db94bfa1f	3456	1
work/ext7/2-1s1c1c1s1__group.1110__C	8ba2f7efb4624c76b5b8240197e4b81c	32	2
work/ext7/2-2s2-2s1s1__group.2845__X0101	d08cafe7a2027f0a3dc7fb5a959fa09c	144	4
work/ext7/4-1s2-1__group.5032__T	d0570a9fb1d0b0db9d82ceebda5a74b5	192	1
work/ext7/4-1s2-2__group.5315__X111	4380fa1697add1851ca7f61d5285c3e7	1152	1
work/ext7/4-1s2-2__group.5464__X01001	2e2c83c3c7172882f8bcb2a85c372dc0	192	4
work/ext7/2-2s2-2s1s1__group.3125__X011	065bd21815069106136ed54816b637a8	72	3
work/ext7/2-2s2-2s1s1__group.2826__X0011	6c2683e25f4f2e61a190a302fd9767a7	144	3
work/ext7/4-1s1s1__group.4926__X11	921935741484c3d191728aacc66491b3	96	2
work/ext7/2-1s2-1s2-1__group.1508__X1000	c694fa6755028abe54e8c397d9cc8bd0	128	1
work/ext7/2-1s2-1s2-1__group.1544__X01100	aee25fd3ef17e7de8b732711326fc4ac	256	2
work/ext7/4-1s2-2__group.5364__C	3598d4d8251c78326930f4ebf6933d50	288	1
work/ext7/2-2s2-2s2-1__group.3371__X1100	8e9e5312b32fd7b0a4416cac7d7aef9e	288	1
work/ext7/4-2s2-1__group.6390__X0010	55cb6d5c7576f75abf735ff255da99a0	192	1
work/ext7/4-1s2-2__group.5482__C	17e0ea96411d167fed63571ed3632ff1	384	1
work/ext7/2-2s1s1s1s1__group.1880__X1010	957620648e44f6afb73f0739fbcdc3d5	48	4
work/ext7/4-1s2-2__min.551__X11	9ede4ee79d7030410ed3455df604131b	96	1
work/ext7/4-2s2-2__group.6775__X010	3f23cdd6699c11ce77e05d83e89bd6a0	216	1
work/ext7/6-1__group.7478__C	342074c8c59ddbabc3ed7de920e76219	1152	1
work/ext7/2-2s2-2s2-1__group.3217__X001	2d2dc27d66fd9168259132545771788e	144	1
work/ext7/4-1s2-1__group.5184__X0100	24caf461613b39a59857e25ad46cba8f	512	1
work/ext7/2-2s2-2s1s1__group.2944__X10100	31d9ce7573c397c63157e92959a9f618	288	2
work/ext7/4-1s2-1__group.4955__X0001	b4bea2453dfcf2ea2621d49bc48baaac	128	1
work/ext7/2-2s2-1s2-1__group.2476__X0100	e0883cbe1a19b47665ace45219aea000	192	2
work/ext7/4-3s2-2__group.7318__C	d666e80a6784c0fc43fae3b0b80d3842	720	1
work/ext7/4-1s2-2__group.5411__C	3daf5bb56c66a95c4f0d5c5740210cb6	384	1
work/ext7/4-3s2-2__group.7318__T	8fe0aecd4097d9407a4783bd6261fac2	360	1
work/ext7/2-1s2-1s2-1__group.1526__X0011	74c10e7eac91562296cc55305464703c	128	1
work/ext7/2-2s2-2s2-1__group.3263__X110	0fd93c1c11037be2c70b71d9ba5ba9b0	144	1
work/ext7/4-2s2-2__group.6675__X010	2f63787dcaa0965dad170305a843492f	144	1
work/ext7/4-1s2-1__group.5142__X100	8cfd8a9ba0d39f762c4eea57fb816904	384	2
work/ext7/4-1s2-2__group.5654__X011	b42e0314138750403164d60b4b596f76	48	2
work/ext7/2-2s2-1s2-1__group.2687__X0010	cb3e342d4e9fed7e777573b3284eb218	96	2
work/ext7/4-3s2-1__min.642__T	5129aa187d8665ff0b1458231ec23745	240	1
work/ext7/2-2s2-1s1c1__group.2001__X011	2ef441ab56e261186fad7e8e7bcb59be	48	1
work/ext7/4-2ps2-2__group.5888__X001	f1281bf00775508a2deec15a061208f0	144	1
work/ext7/4-1s1c1__group.4467__C	30e678368c947a51881fb2ae3b2d3687	288	2
work/ext7/4-2s2-2__group.6949__T	20ba4d15b0f1155272f8cc2f56f7e1fc	432	1
work/ext7/2-2s2-1s1s1__group.2030__X01000	51ca5c17e13471a5c20a71773af6109b	192	2
work/ext7/6-2__group.7503__C	2cb22eca1df13053bdc1ba1d420ca6c9	216	1
work/ext7/4-2s2-1__group.6593__X100	32f37c0935e190cffc7c4fd6f5ff8c31	96	2
work/ext7/3s2-1s1__group.4005__T	ad60835c15a95f05a83104403ad6985f	96	2
work/ext7/4-1s2-2__group.5526__T	f1b4728eee19df8ee950aa7935e6c958	288	1
work/ext7/4-1ps2-1__min.474__X11	7d43d2a02abd0f5850504434ae96dd02	32	1
work/ext7/4-1s2-2__group.5759__X00100	9a0474b8955450b24132412b7b6fb880	768	3
work/ext7/4-1s2-1__group.5056__X010	99119a767ecb7e066682f304d41fe9e0	2304	1
work/ext7/2-2s2-1s2-1__group.2494__X0011	71250319eaae4a6144491d45961f2543	192	1
work/ext7/4-2s2-1__group.6456__C	efb814a5ca6425abaf2177ef910460ad	576	1
work/ext7/3s2-2s1__group.4180__X010	913b8b4ccd25d8589fe165353ef5d5ba	288	2
work/ext7/4-2s2-2__group.6968__X101	d73f79f4acd4a0c81fed64cad951381a	48	1
work/ext7/2-2s1s1s1s1__group.1824__C	186dcabcfe355276e897d481fda03dbc	48	6
work/ext7/2-2s2-1s1c1__group.2023__X0100	e5e07c2bbd4902253f14998d4fc62be7	96	1
work/ext7/2-1pc2-1ps2-1__group.1088__T	53af53d9b1dd272c4f07cbe623b95bae	32	1
work/ext7/2-2s2-1s1s1__group.2085__X10	791d65cc8cca79f8bcda7aab50282f16	24	4
work/ext7/2-2s2-2s2-2__group.3549__X010	0cffd705128ba68903c9ffcf5a247cf7	108	1
work/ext7/2-2s2-2s2-1__group.3217__X101	616306e1d682232010ecfe23483d33ae	144	1
work/ext7/4-2s2-2__group.7059__C	850522301a0850217d6edb5555a8a06f	1728	1
work/ext7/2-2s2-2s1c1__group.2777__T	61bad146b12932fb4c2109172134abb9	72	2
work/ext7/2-2s2-2s1c1__group.2796__X010	87b6a12078eb6afb9c95d791de90137d	72	1
work/ext7/2-1s1s1s1s1__group.1196__T	1d11618b165f117eb0cf32220b86514c	16	2
work/ext7/2-2s2-1s2-1__min.387__X11	2d5ff8ad8cb939f5116ab3c1e891e563	24	1
work/ext7/4-1s2-1__min.521__X11	01af3cab4db70ca43668362054afa7ce	32	1
work/ext7/2-2s2-1s1s1__group.2412__X0100	d77ac1a767d73901115e6a7461ba37bb	96	3
work/ext7/4-1s2-1__group.5129__X01	0b2df4b44f153b2e3e5f5dcfd5c03798	32	1
work/ext7/3s2-2s1__group.4288__X1110	1e67e97348c3245a7a803d5dff078e0c	576	2
work/ext7/2-2s2-2s2-1__group.3341__X0001	749481ed0fc6e8f256a325e01ec50f44	288	2
work/ext7/6-2__group.7617__X010	d32856020d25a9fc3b337a6b508d137a	864	2
work/ext7/4-2s2-2__group.6784__X010	741ba0dc9ba7d6bb403085c7819aad29	216	1
work/ext7/4-2s2-1__group.6313__X0110	3814da2a5446a795e13dfe17b95c8cb7	1152	2
work/ext7/4-2s2-2__group.6868__T	0f3436e4b0ab2449210f37aefc8e77f3	432	1
work/ext7/4-3ps2-2__group.7145__T	80d68370773b8cc4f91c4173a4c5de66	120	1
work/ext7/2-2s1c1c1s1__group.1721__X100	0dd7cd1e467513527d433f0424622c8c	24	4
work/ext7/4-2ps2-2__group.5907__X10	7d5b2036ea7afd1839bea5cf43236cf2	72	1
work/ext7/4-2s2-1__group.6573__T	1c5f4a087044cfb30cd844b2cba6bef1	72	1
work/ext7/2-1c2-1s1c1__group.1089__X010	e6f065fca1211430fe9d883271ce0e9a	16	2
work/ext7/2-2s2-2s1c1__group.2746__X01	0a67f11be72b82bbfee11297d2570e51	36	2
work/ext7/4-1s2-1__group.5199__X101	97530aaafcb418933615e4c60a4f8fe1	64	1
work/ext7/4-1s1s1__group.4686__X001	677221e9706ba52c5db35633be19d262	192	1
work/ext7/2-2s2-1s1c1__group.1946__X10	94a7b4cf8119ec08c0f59bffd339da12	24	2
work/ext7/4-1s2-2__group.5510__X101	0e658e64c7ceffae2dc698bce92a2dec	2304	2
work/ext7/2-2s2-2s2-2__group.3576__X111	1d557927f2754794808931c2f22f13ce	216	1
work/ext7/2-2s2-1s1s1__group.2363__X1000	2e388a4e2b52cd167d9e24ebbe38a1f8	96	4
work/ext7/3s2-1s1__group.3991__X01	aac9869023689a6d4a9a60e7c1104a93	96	2
work/ext7/2-2s1c1c1s1__group.1700__X11	8aaf3093c83ebcd6e1ab4a4c8b51b878	12	3
work/ext7/2-2s2-2s2-1__group.3378__X0111	3f3e0139663202127cac0532f7c276bc	288	2
work/ext7/2-2s2-2s2-2__group.3613__X100	1a8d031be759963ac6386953cba48e28	216	1
work/ext7/2-2s2-2s1s1__group.3109__T	1310804ccca6a0e16bcf59e9bb57fe2b	72	3
work/ext7/2-2s2-1s2-1__group.2620__X010	6da79154afd2cd212e1906eaa1feaf27	96	1
work/ext7/4-3s2-2__group.7290__X101	81cd42d4e41dce505e63b5163e67038e	1440	1
work/ext7/4-1s1c1__group.4511__X0001	aff291938928f49a17c6079d8f6b0d68	32	1
work/ext7/3s2-1s1__group.3970__X1010	e8969e274025071fce58b97fe499af7d	384	3
work/ext7/4-1s2-2__group.5591__X101	78f8990e3ce68ce3b315885c61b13f29	384	2
work/ext7/4-1s2-1__group.4948__X001	4467fe47aa76f0b6f77ce0c3b76f8398	128	2
work/ext7/2-2s2-1s2-1__group.2529__X00110	0123e5d396e7c59fe070cfd19c1d1919	384	4
work/ext7/4-1s2-2__group.5538__X111	596e68516b1fc6673370e7ad0a2b5901	288	1
work/ext7/4-3s1c1__group.7185__T	88d5a61e4164dc528b946efbc668b888	240	2
work/ext7/2-2s2-1s2-1__group.2499__X0011	0e9cbc291a27124a7a0b657597d506f0	192	2
work/ext7/4-1s2-2__group.5417__X100	cad81f413fb00af12bf54999916d70b7	192	1
work/ext7/4-1s1s1__group.4621__X0010	a7ddb737e31af3aeed86afdb03c05568	128	3
work/ext7/2-1s2-1s2-1__group.1517__C	7e296ce11ca764faf9d12dff59f44b18	256	1
work/ext7/2-2s2-1s2-1__group.2559__C	2c0a58421de6d3f69227038673457728	96	1
work/ext7/2-1s2-1s1s1__group.1396__C	9fecf7e6acbe0d4fac4d5f7d73a4f91d	64	4
work/ext7/2-2c2-2s2-2__group.1672__X10	37d687d14ca8378404a40e69fbada21a	36	1
work/ext7/4-1s2-1__group.5031__X11	83e321101e85ae061dd78db749bc8ebc	192	1
work/ext7/2-2s2-1s2-1__group.2663__X110	d12ae2f5e4253f0e34b20ed1a128af74	96	1
work/ext7/2-2s2-2s2-1__group.3429__X01010	c8210b7f94e103b6acd39c3b1497b384	576	4
work/ext7/2-2s1s1s1s1__group.1875__C	0a8c4a995252cdf984c5c538a1f343c7	96	5
work/ext7/4-1s2-1__group.5083__X0011	9370d644cf09de767ab4f3ed3345c024	256	2
work/ext7/2-2s2-2s2-1__group.3370__X0101	667be2800925c23aa132f1af55ad0b74	288	1
work/ext7/4-1s2-1__group.4935__X100	66af8a130d4ab6da166c2696b7310b9c	1152	1
work/ext7/2-1s2-1s2-1__group.1571__C	a85d38857d5d607aa0dec15d4588a8fc	128	1
work/ext7/3s2-2s1__group.4105__X10	90e49975406faa96fcc5c7178ed8d028	144	2
work/ext7/4-1s2-1__group.5252__X11	f927b44ffcbd1dc861cbe0fe101e73e2	64	1
work/ext7/2-2s2-1s2-1__group.2481__T	403baa4463ca37c30ca7d286d64967ad	192	1
work/ext7/2-1s2-1s1c1__group.1259__X100	1bc9cfc1212f45747b5222cec5620d46	16	3
work/ext7/4-1s1c1__group.4562__X101	1b09cb492d10bca4abbec5747ad11072	64	1
work/ext7/2-2s2-1c2-1__group.1914__X1001	318309047eec9c3fcaa156eda5c9f195	96	2
work/ext7/4-1s1c1__group.4473__X11	2ab3f2f664f1aeda663aec963b512c64	16	2
work/ext7/4-2s2-1__group.6455__X100	08eb4b41d6886b43db14f82c12bf3d91	288	1
work/ext7/2-2s2-2s1c1__group.2796__X110	c2d6e812a600f3b869ca504ed10c5a02	72	4
work/ext7/4-1s2-2__group.5386__C	8e37124833857890ed7774fe74942752	3456	1
work/ext7/4-1s2-1__group.4950__X011	63ff40b77dd0dd0724475080c74935bd	128	1
work/ext7/4-2s2-2__group.7027__X010	13bc5c4ceb2c2c623092f2d2e5238854	864	2
work/ext7/2-2s2-2s2-1__group.3265__T	dbc840cad8a70905a9fd8f2e0c0c09b7	144	1
work/ext7/2-1s1s1s1s1__group.1197__C	f3ce1b1e6759b3d4d19ae70c32220a26	32	3
work/ext7/2-2s2-2s1s1__group.3010__C	05981a6ba4a58b5ef5661a09d073bd14	96	1
work/ext7/4-2s2-2__group.6962__C	3225666b2584a344c00c878033299c96	864	1
work/ext7/4-1s1c1__group.4562__C	976d41d14d34ec24fd371d30f6013cd2	128	2
work/ext7/4-1s2-1__group.5175__X10100	5f855615952c7a870096fe4641c3abd9	512	2
work/ext7/2-2s2-2s1s1__group.2825__X0111	db2776b7e5e8f8a27b95968fd5f314a0	144	3
work/ext7/4-1s2-1__group.5040__T	2b6fd2aede8a432d5c8ffdd73aa6bdcb	192	1
work/ext7/2-2s2-2s2-1__group.3280__X110	05fc32c16e1bab25d3c4dcbdc75d6a03	144	1
work/ext7/4-2s2-2__group.6732__X100	2adada9f1ae1ab6289233d261ecefce8	216	2
work/ext7/4-2s2-2__group.7062__X011	fad761867213db164461ea7628363e34	864	1
work/ext7/4-1s2-1__group.4986__X010	3a914efeafe7fc525e38056842352974	128	2
work/ext7/4-2s2-1__group.6495__T	d34f911c33a35d6f80cefe1490ab0a69	288	1
work/ext7/2-2s2-2s1c1__group.2812__X001	369577aeb46c8acb38ea4788a08c469d	72	1
work/ext7/4-1s2-2__group.5465__T	ce9ce6829a3694afaeafb88b1c5433bd	192	1
work/ext7/4-2s2-1__group.6449__X011	4a69369082a92abfd433aabaaabf9345	288	1
work/ext7/4-2s1c1__group.5974__X01	39fa078fc5f43544906a2f3cf6d73efa	72	1
work/ext7/2-2s2-1s1c1__group.1968__T	8550f18bab64ebd64331976e0e3ef64c	48	2
work/ext7/2-2s2-1s1s1__group.2322__X0100	8c421f40d948da40a0338ed0da23af06	96	1
work/ext7/2-2s2-2s2-1__group.3173__X111	7d24a5268fa192a3f2f4cdad204dc2b5	144	1
work/ext7/4-3s2-2__group.7281__C	19786b94ade0c15784d92ff81ad6dbdd	240	1
work/ext7/4-1s2-1__group.5095__X0111	7aa6992eb9c4abb6aaf49d8167296cdc	256	1
work/ext7/2-2s2-2s1s1__group.2837__T	a465103aa62755bbd11491ea164990d5	144	2
work/ext7/4-2s1c1__group.5994__X101	3e66af89a3b31b6b18d797bbe4fc7c69	72	1
work/ext7/4-1s2-2__group.5610__X1101	6cc9fb6644505c410c802edccf42d967	384	1
work/ext7/4-1s2-2__group.5802__X1000	275941ddc335dd17135c1068781a78e9	96	1
work/ext7/2-2s2-2s2-1__group.3248__X110	fd53b45f7bbd6a41a5accb47a2f613ab	144	2
work/ext7/2-2s2-2s2-1__group.3193__X100	28f2d9f3f7309a8f749e6b6649ae6f01	144	1
work/ext7/2-2s2-1s1c1__group.1998__T	56c3f3ea56977d4b520ac65b19199349	48	2
work/ext7/4-3ps2-2__group.7147__X111	0db557af35b97df4d0b56df90b04684a	120	1
work/ext7/4-1s2-2__group.5439__X101	f5626db0d5645f6ba519aebb46f420dd	192	1
work/ext7/4-2s2-2__group.7066__C	448dea14682dca67862c1bd2613277d5	1728	1
work/ext7/4-3ps2-2__group.7143__X011	bc17d9d3e8aa93e61ca496a5e3a06610	120	1
work/ext7/4-1s2-2__min.550__X10	766fd47507044b0d329adf340b21a6e7	96	1
work/ext7/4-3ps2-2__group.7155__X01	768b57d14122437ebde1ff83cd487d44	30	1
work/ext7/4-2s2-2__group.7058__X0101	fd89f317e723195146833f635ba5463f	864	2
work/ext7/2-2s2-2s1c1__group.2797__C	3316396017ead3d1f09b5d19567220df	144	2
work/ext7/4-2s2-2__group.6687__C	e67307c47e337dbcd506babcf5f6b932	288	1
work/ext7/4-1s2-1__group.5215__X0010	ba77cf1abbd9094cfee8ad4d021e0816	64	2
work/ext7/2-2s2-2s1s1__group.2887__C	9110be20450d3ca78fa73e8ca082a7c9	288	3
work/ext7/4-1s2-2__group.5452__X011	5b792458f311b9469c5887e3b3dbb3fc	192	1
work/ext7/2-1s1c1c1s1__group.1115__C	ebba8e9c5086a4be21a7b0ecc4a88654	32	3
work/ext7/4-2s2-1__group.6547__X100	ec9afb4001e15e0e24f2682d8230523c	576	1
work/ext7/4-3ps2-1__group.7135__X100	a7295fbb9d055e859e4f2618d749a307	80	1
work/ext7/2-2s2-1s1s1__group.2032__X11111	acb2444fbc68904ebf668e7026ba9b8c	192	3
work/ext7/2-2s2-2s2-2__group.3595__X010	33d995232bf82109ef08f16766c0cc6b	216	1
work/ext7/2-2s2-2s2-1__group.3206__X011	5ecc9652bc4529a3d49673b341b661fd	144	1
work/ext7/4-1s2-1__group.5021__X0001	4df5ba95289f6b8b17f11ba460bbd40d	1536	2
work/ext7/2-2s2-1s1s1__group.2152__X011	75c00f405626bc7f43e2e1cd5be4e241	48	2
work/ext7/2-1s2-1s1c1__group.1277__X101	a6cfd1c5fcba5f662e03313b49612f94	32	1
work/ext7/2-2s2-2s2-1__group.3317__X1101	9cd4711b0dea94b15c3f6cef8352a15f	288	1
work/ext7/1c1s1c1s1s1__group.1057__X010	b76e8f0b83e50d4f39627cf8fc320b8d	8	3
work/ext7/3s2-2s1__group.4216__X011	d6a91c67b9babbb2ecaacc7d4ae8f078	288	1
work/ext7/4-1s2-1__group.5020__X001	9e24857d7901df482255bbbbb0612a1a	1536	2
work/ext7/4-1s2-2__group.5348__X010	2beeb6b1d1921b30ad436bc18c6d13c6	144	1
work/ext7/2-2s2-2s2-1__group.3338__X1110	ca7bb6e47f304574454a3b7584a13a26	288	1
work/ext7/4-2s1c1__group.5932__X101	792a51830be79f985981064cc0d63292	144	1
work/ext7/2-2s2-1s2-1__group.2484__X0110	ba41db3e8fc0e94500353c21b4d0c103	192	2
work/ext7/4-1s2-1__group.5017__C	81e2f67b534620098fc98fd88f745393	3072	1
work/ext7/4-2s1s1__group.6106__C	f9d45b33383db752bc9133c542ffcde8	48	3
work/ext7/2-2s2-1s1s1__group.2113__X001	3825f1b191ba7e77e767bbd3814a2fd1	48	4
work/ext7/4-1s2-1__group.4965__X0110	3119a0aebc8d9fa536dfad0b85b25aa3	128	1
work/ext7/2-2s2-2s2-1__group.3198__T	1243f54c7580c663c986aede902f7379	144	1
work/ext7/2-2s2-2s2-1__group.3217__T	dbecacc6d5dbf0bb7b10a46ce3768b29	144	1
work/ext7/4-2s2-2__group.6703__T	ce85a91639993525bf2c31f477a1de6b	144	1
work/ext7/4-2s2-2__group.6921__X11	3883ff2489d8f094971fc25755ec0042	432	1
work/ext7/2-2s2-2s2-1__group.3167__X110	8c8ff6a0250de644e5db2036d314c982	144	1
work/ext7/2-2s2-2s1s1__group.2861__C	d57d718d0259471e4357a03452700b2c	288	3
work/ext7/2-1pc2-1ps1c1__min.201__C	8e5c5a4bee010c052473481108adf297	8	2
work/ext7/2-2s2-1s2-1__group.2507__X0110	f1a06c7899ba4beea2174d03774f95ac	192	1
work/ext7/3s3__group.4363__X10	14e4e6ebc06eccdfa17e8fef7f21a529	288	1
work/ext7/4-2s1s1__group.6239__X110	1a62e1ab0fea148f3ce24601ead57a85	72	4
work/ext7/2-2s2-1s1c1__group.1919__X10	0e6fa7944184068bd6a65b8525a18bd5	24	1
work/ext7/4-2s2-1__group.6321__X1011	6ddb5f27662b42ccd7e6a22d12e9ecaa	1152	1
work/ext7/4-1s1s1__group.4627__X101	10d6aa83eadb9baecf0ec29893c5ab98	128	2
work/ext7/2-2s2-1s1s1__group.2338__X0011	fbec838f6841eda420e888d4bc6f3b2e	96	3
work/ext7/4-1s2-2__group.5349__X01	7fa5fd604e5657e7a5beee607a552e09	144	1
work/ext7/2-2c2-2s1s1__group.1648__X101	a2269f8df7318028cefcecc57f268052	24	2
work/ext7/4-1s1s1__group.4648__X011	78938d6c5ece90f6c45b8fb7198a98f4	16	4
work/ext7/2-2s2-1s1s1__group.2202__X111	6121633b6f80a08eb74b0479bedf1620	48	3
work/ext7/2-1c2-1s1s1__group.1091__X010	f505c3d2f000d5563d4a532a6b60fab4	16	2
work/ext7/4-2s2-2__group.7061__X0110	4282ef4773ac32f4f77997d363801fba	864	1
work/ext7/2-1s2-1s2-1__group.1541__X10101	c503fd889dcd304ee155d7f89645e6a4	256	1
work/ext7/2-2s2-1s1s1__group.2361__X0100	96ff90dc102307d73bbfa45e7389fdf9	96	3
work/ext7/2-2s2-2s2-1__group.3178__X010	136f970c485e4cd22104af10d15e462c	144	2
work/ext7/2-2s2-1s2-1__group.2634__C	d85a3a743a4df3484bba6628cff9544e	192	1
work/ext7/2-2s2-2s1s1__group.3011__X0110	ce9249e957694576373ab91e280c1bf4	48	4
work/ext7/4-2s2-2__group.7041__X1110	c422734411eb94b58abbac46c02fb29f	864	2
work/ext7/2-2s2-1s1s1__group.2169__C	56afb3964b7eab6c0d0fd1611668af5e	96	2
work/ext7/2-2s2-1s2-1__group.2602__T	fc3b91fea37356fa2a650043da455d60	96	1
work/ext7/4-2s2-1__group.6391__X0110	7962ecf31d0bcaedc66b4061c3ab0c47	192	1
work/ext7/4-1s1c1__group.4463__C	07cd20e0591c1dc047d138f2b5fc503a	256	3
work/ext7/2-2s2-1s1c1__group.1997__X101	9e5e1163a3d030e0b0d255daf9a88406	48	2
work/ext7/2-1s2-1s1s1__group.1349__X010	3635e49d0395e28ccaa9322e303889d6	32	2
work/ext7/2-2s2-2s1s1__group.2958__C	834a50c74021ca8b0403d775c3dfd119	72	3
work/ext7/4-1s2-1__group.5233__X0010	5f4b74f7ebfa273b72d6c37d5212e649	64	2
work/ext7/4-1s2-2__group.5447__X110	e1f769efd6957adbc177582b3aa21ead	192	1
work/ext7/2-2s2-2s1s1__group.2934__C	2dc7b2c8b4c6cb4372fee3193d9afe05	576	1
work/ext7/4-1s2-1__group.4964__X1100	957eb55fdaea8bc95ed58b4c4e2e24ef	128	1
work/ext7/4-1s1c1__group.4562__X001	b1e5f7ada79bd80862d80aaeb15621d6	64	2
work/ext7/2-1s2-1s1s1__group.1328__X001	78134b7ea885cad60dbee3565dba5c54	16	7
work/ext7/4-1s2-2__group.5809__C	21b63ff90032e76d9f0fbfe12615ff93	192	1
work/ext7/4-2s2-1__group.6392__X0110	0feba11126e396d55de8ac9faabe4f97	192	1
work/ext7/2-2s2-2s1s1__group.2851__X1011	5340f483b2134686dd05aa16b44408c4	144	3
work/ext7/4-1s2-1__group.5017__X010	f409a74595d63dfec03f8a57861f6940	1536	1
work/ext7/4-2s2-1__group.6421__X001	1017471ab5002dd5ad54431f693458b7	288	1
work/ext7/2-1c2-1s1s1__group.1092__X110	cfccdf1e8d550fc69765e1dd7f187b04	16	3
work/ext7/4-1s2-1__group.5073__X010	934552978cad051a8aada91869a19208	256	1
work/ext7/2-2s2-2s2-2__group.3749__X011	2c7c4fd6ad9ed053c345713ac52b8e39	72	2
work/ext7/2-2s2-2s1s1__group.2922__X010	49374b69287ec3607941a1f085e8fb12	24	2
work/ext7/2-2s2-2s2-2__group.3698__X0001	4343366db64028245b1d4ab268e0ed52	432	1
work/ext7/2-2s2-2s2-1__min.419__X01	0c2ed5e21ac2aa18ab4ac0ae073fd38a	36	1
work/ext7/6-1__group.7439__X01	e919a25dc8982f412d48d8299ea2dcc3	192	1
work/ext7/2-2s2-2s2-2__group.3599__X100	95a25a9242b0fedecd644abd33b17b90	216	1
work/ext7/4-2s2-1__group.6531__X1010	bdd19f09149dc3cc5c329c3e047c3bfe	576	1
work/ext7/6-2__group.7565__X010	1ba94765caf9a0442abe03dff497a106	324	1
work/ext7/4-2s2-2__group.6923__C	690c3f6b1e6f1f0c553e46554c320baa	864	1
work/ext7/2-2s2-2s2-1__group.3353__X0001	a68116b8a2664a23153759647ed96d1d	288	1
work/ext7/4-2s2-2__group.6915__T	69918499d647b5c6aa30823953981fdc	432	1
work/ext7/2-2s2-2s2-1__group.3428__X10001	7eceb6410f742f88e1f05f087ac6270a	576	2
work/ext7/4-1ps1s1__group.4411__C	a14bc7447b40ce0ff68abb91264840cd	64	1
work/ext7/2-2s2-1s2-1__group.2683__X110	f1dceb16325322c77976f6a11642f769	96	1
work/ext7/2-1s2-1s2-1__group.1560__X0110	bd9c229e75d486f4c604d14a03380bc6	32	1
work/ext7/4-2s2-2__group.6903__X111	424f03439f88f2ff92d15ee56ad0fad1	432	1
work/ext7/2-2s2-2s1c1__min.403__X1	b56355c14eb49011146208b3b3fe1317	6	1
work/ext7/3s1s1s1__group.3842__X1011	dcce46e21f5cd8a4f4fc11ec25ba15d6	192	1
work/ext7/4-2s1s1__group.6053__C	940d437cb095748eee5b2251ce1b8150	288	5
work/ext7/4-2s2-1__group.6442__X0001	ca184a08267ca0d832267797756a79ea	288	1
work/ext7/2-2c2-2s2-2__group.1680__X101	385a8ce0cefa84456639866713194f73	72	2
work/ext7/2-2s2-1s1c1__group.2025__X0111	307abb9f52d1dbb2ccaa357669f76044	96	3
work/ext7/4-2s2-2__group.6664__X011	5c9a4b9d324afd96967212b7c530fa3c	144	1
work/ext7/4-1s2-2__group.5619__X101	17bd8e48b3fd611c09247c73bdc43a66	384	1
work/ext7/2-2s2-2s2-1__group.3272__X010	a44540c9516c25975aff56faf80655a9	144	1
work/ext7/2-2s2-2s2-2__group.3633__X010	fe3b95fd0faa025d60927d30fdabe6bf	216	1
work/ext7/1c1s1c1s1s1__group.1060__X110	bc9115af4a2fcebf4d33b2453313290d	8	3
work/ext7/4-2s2-2__group.7077__X0010	f99a3f0ec1e9c0f0aca2463fcb3a2176	864	1
work/ext7/2-1s2-1s1s1__group.1313__C	b33a654ff541718a887bb17b65fa8700	256	3
work/ext7/2-2s2-2s2-1__group.3284__X100	cb111481bf0f527b3760f599bc1ca7fd	144	2
work/ext7/3s2-2s1__group.4241__X011	a644f8b0fe6a95fdfcb1b0a06cd3cfb7	288	1
work/ext7/4-2s2-1__group.6515__X011	953090732f67149592a983b2136b0467	576	2
work/ext7/4-2s1c1__group.5940__X11	032d553c47d8186bfaa48aa0572b7f05	24	1
work/ext7/4-2s2-1__group.6596__X010	9452f107955665d9e1f89ed70b404d5b	96	1
work/ext7/4-3s2-1__max.19__X1111	3fa3419683d1df3b622aa845abedf3b9	1920	1
work/ext7/4-2s2-1__group.6428__X111	b37e9f548aea8254ac8305052d6cac1a	288	1
work/ext7/4-1s2-2__group.5815__X0101	9113c64e12ad82a11c1711594a0ceb43	96	2
work/ext7/2-1s1s1s1s1__group.1221__X1010	27c8907622a06c9ccc3447a045ff6cfe	32	2
work/ext7/2-2s2-2s2-2__group.3527__T	c1cfd448271c1bac5c15c73dba68552a	108	1
work/ext7/4-3s2-1__group.7243__T	f09402959e95da617c025bda9cfe821b	240	1
work/ext7/4-1s2-2__group.5666__C	62d5bb6fa7ddfcfd1726c4115fffd99b	96	1
work/ext7/2-2s2-1s2-1__group.2625__T	6a8f6ed0c37fc85b7515d78ce69a886d	96	1
work/ext7/4-2s2-1__group.6486__X010	bba3c69586b4f8144ce5d944c5e713b6	288	1
work/ext7/3s3__group.4345__X010	ac66a4d9f08f1e16a2d67854479348f0	1152	2
work/ext7/2-2s1s1s1s1__group.1896__X10001	9cd1d3becc0c35f0a30cf99ca3b90836	96	15
work/ext7/2-2s2-2s2-2__group.3515__X11	55ab870f0d89b6ab9cc9df0a9c0787a9	108	1
work/ext7/2-2s2-1s2-1__group.2499__X1011	e495da2265619cd588776390808913ab	192	2
work/ext7/2-2s2-1s2-1__group.2556__C	fdcddf31b82e9a3aed4ef206aef2adfc	96	1
work/ext7/4-1s2-2__group.5603__X001	88ee7b0952cdfdecc1b407b2141fe9ca	384	2
work/ext7/4-1s2-1__group.5074__X010	ff1982df60a550c6feb7e4002efe5444	256	1
work/ext7/4-2s2-2__group.6941__X101	549fbdc93ffcd187ff92cd61ceb1ce71	432	2
work/ext7/2-2s2-2s2-2__group.3551__X1000	d17544013f9fde2299abc3f0025689a0	108	1
work/ext7/3c3__group.3772__T	bac9d3d0350d0cc451712f165f3a773a	48	1
work/ext7/2-1s2-1s1c1__min.258__C	e522745fe7fe1b1c5959bb247d58d78e	16	2
work/ext7/4-2s1s1__group.6170__X1000	9152a73e3f54918b084965081224297d	288	2
work/ext7/4-2s2-2__group.7027__X011	f63e92553767d1da462739f21dea4f44	864	2
work/ext7/2-2s2-1s2-1__group.2447__X0010	7e1050f22ea5cd3f489d139293eb9549	192	1
work/ext7/2-2s2-2s1c1__group.2734__C	fc2588761dee9e50114d8a673eb138ba	48	3
work/ext7/4-1s2-2__group.5762__X10000	dafc7e45e5a24bb08225ccee6c72f6de	768	1
work/ext7/2-2c2-2s2-1__group.1656__T	93d13248abef13a023470ed281dd0592	24	1
work/ext7/2-1s2-1s1s1__group.1399__X010	9f84363b6cd3d9d5163b7810d67455db	32	2
work/ext7/3s2-2s1__group.4091__C	abc3b7dca56ff7b13ab11944c36a129f	288	2
work/ext7/2-2s2-1s2-1__group.2662__X100	131cac2cb76a0cce43e0cf20dcee822c	96	1
work/ext7/2-1s2-1s2-1__group.1581__X100	5c097bc625f45dd7f31a4132660eeedd	64	1
work/ext7/2-2c2-2s2-2__group.1681__X100	7059333991889b8b1dc3b6347e99590d	72	1
work/ext7/2-2s2-2s1s1__group.3010__X1101	b7132bfa17b5075781b5c1acce827d91	48	1
work/ext7/4-1s2-2__group.5579__X011	10b27462db74726686754d8171913048	384	1
work/ext7/2-2s2-1c2-1__group.1911__X100	46511e1a2e7710e7534c20b4abe41c89	48	1
work/ext7/2-2s2-2s2-1__group.3414__X100	5dc35102f3fe6f401dded5f4668fafd6	48	1
work/ext7/2-2s2-2s2-1__group.3217__X111	d8aa9513760d21dc1a4debcc49e4b802	144	1
work/ext7/4-2s2-2__group.6899__X010	42d9713f41dca92f4dffe259325b4071	432	1
work/ext7/2-2s2-2s1s1__group.3069__X100	a8a65af85680fcaa10b68a2a703596e8	72	2
work/ext7/2-1s2-1s2-1__group.1540__X01100	21bf1463c4457bfac4e58f62a03a9378	256	1
work/ext7/2-2s2-1s2-1__group.2511__X0101	68aba75970f8e977b79a34214dd0b121	192	1
work/ext7/4-1s1s1__group.4631__X1110	2df4bb3095291012f433c4e4d2e2a29c	128	2
work/ext7/3s3__group.4366__X001	d4ea20ebf548aadb07a8827b858ca8c5	288	1
work/ext7/4-2s1c1__group.5964__X101	89de4ccc47b181b2a2bf43f19de8f804	48	2
work/ext7/4-2s2-1__group.6440__T	d62dd045821031b00709d0eec763a8ea	288	1
work/ext7/2-2s2-1s2-1__group.2586__T	226045ee40546dde9948c2dd84c4c484	96	1
work/ext7/2-2s2-1s2-1__group.2449__X0110	14dc03638c2d9512294be3c3527e4ff8	192	2
work/ext7/4-1s2-1__group.5095__X0101	747b7493cfc43b365167349b335e4a0c	256	1
work/ext7/4-1s2-2__group.5479__X001	4a33dcea77a902ec0e35040a6939d1da	192	1
work/ext7/4-2s2-2__group.6715__X0011	72583e4179e85c52c306570b1c33ef54	1728	1
work/ext7/2-2s2-2s2-1__group.3178__T	342368bc608dac86ecf565ffeeb11fc8	144	1
work/ext7/2-2s2-2s2-2__group.3692__X0100	e23343dc3db9d533ac25726b290d55f9	432	2
work/ext7/2-2s2-2s2-1__group.3392__X0101	f7311babc705047032cb387490baaa86	288	2
work/ext7/3s2-2s1__group.4292__X1000	d76cf94406af487d62a54c93bf006e03	576	2
work/ext7/4-1s2-2__group.5448__X100	e97a99fe1bfe54793e4ee01a77d9aea3	192	1
work/ext7/4-1s2-2__group.5443__T	a3707e7db8be94d148715fa5ffd6bb2b	192	1
work/ext7/2-2s2-2s2-2__group.3765__X11011	9437778a0839a6cbe2421a03c862e68d	864	1
work/ext7/5-2s1__group.7392__X10	4b68a61e1970e6fdad6ec852571224b3	1440	2
work/ext7/4-1s1s1__group.4779__X11	3c4cac822544edc13c446f5f2e955ad3	384	2
work/ext7/2-2s2-2s2-1__group.3307__X01	9245cec655544dd19d5f9a2314eaac27	24	1
work/ext7/2-2s2-2s2-2__group.3622__T	5323f27863a71761888cba7dfebd4f03	216	1
work/ext7/4-1s2-2__group.5839__X0110	9249003607fab9dfd698799721b60359	96	2
work/ext7/2-2s2-2s2-1__group.3467__X11	e20e523a6191afcda794d30223c1b527	72	1
work/ext7/4-1s2-1__group.5091__X0001	56c91371fc996136b00bd9304076b21c	256	1
work/ext7/2-2s1c1c1c1__group.1697__C	4f9fc7008472f716e0a7910b0b97d1e4	12	2
work/ext7/2-2s2-2s2-1__group.3371__X0110	3ded9636e094840434dae9fe53cfe836	288	1
work/ext7/2-2s1c1c1s1__group.1717__X101	a5c4209b662230890f0d0f823be8bb67	24	3
work/ext7/4-2s2-1__group.6603__X101	5f2d83e59bbb363fb325a3660ee16d59	96	1
work/ext7/4-1s2-2__group.5377__C	2e13d8304824b96769fd85f7e5835419	288	1
work/ext7/2-2s2-1s1s1__group.2406__X1001	17bece58b3c28070b37bfa298a832c76	96	1
work/ext7/4-2s1s1__group.6016__X010	95cbae5c69832d1ae83d03f399202058	144	2
work/ext7/4-1s2-2__group.5487__X100	2c9692c4990452357abcdaff4198c37b	192	2
work/ext7/4-1s2-2__group.5515__X11	f0beeb68b926525b75329dbfc9c1a791	288	1
work/ext7/4-1s2-2__group.5734__X101	c37c9bd2d289a23df1b72504cb4961df	6912	1
work/ext7/3s1c1s1__group.3819__X010	f6baea6cc8250fd359ff92d5d5f70d21	96	2
work/ext7/2-2s2-2s2-2__group.3603__X010	3d2fafc916445dcd8bf31b2116270a1b	216	1
work/ext7/3s2-1s1__group.3920__C	c87cf1c75136d336f2f5c06e1f231dc0	384	2
work/ext7/2-2s2-2s2-1__group.3370__X0100	d61f88ca94297786f31898415bb4af5c	288	1
work/ext7/4-1s1c1__group.4474__X10	998d999e29733ed245d7abe9c343f0dc	16	2
work/ext7/2-2s2-1s1s1__group.2101__C	3e3ac144343c928c43ee94e7f9850416	48	3
work/ext7/2-2s2-1s2-1__group.2510__X0110	ff286db88b368120bd192ef9b9529d9e	192	1
work/ext7/4-1s2-1__group.5077__T	b502baa1407cf9a1c459a735db34539b	256	1
work/ext7/4-2s2-1__group.6568__X0011	473d2eddac2dc60867f91ff85955c74a	576	4
work/ext7/2-2s2-2s1c1__group.2714__C	281b5cc152d124ec14cc006f1e777d56	288	3
work/ext7/5-1s1__group.7382__X101	77643c4781e12568455437df247a319a	640	1
work/ext7/2-2s2-2s2-1__group.3479__X11	fa500c6d1642b8c183f96b52504578ef	72	1
work/ext7/4-1s1c1__group.4495__X10	b8f8ac79f45dffc843be43190f9ff246	24	4
work/ext7/4-1s2-1__group.5254__X010	2b67ed77ac687073245a5cfe27a4f479	64	1
work/ext7/4-2s2-2__group.6673__X101	6804f84d20767e18e4d50fef4e3144c6	144	1
work/ext7/2-1s2-1s1s1__group.1443__T	7c0b56a6e6fbde7777837833a3c42b25	64	2
work/ext7/2-2s2-2s2-2__group.3628__X011	60e1d1aa795f2734967e7c9c69c43046	216	2
work/ext7/4-3s2-2__group.7290__X001	8bbc900981b94386b0fdb634d1274ed8	1440	1
work/ext7/4-1s1c1__group.4510__X110	a7e8a1b970c42a0d1dd073b11b4d219f	32	1
work/ext7/2-2s2-2s2-1__group.3396__X1001	94ff9354b4d78f1c5946e94be9957656	288	2
work/ext7/4-1s2-2__group.5578__X111	718f099cc25fff66edf88f7023fc0de0	384	1
work/ext7/4-2s2-2__group.6867__X001	b8a5a53749f1855576b51967346ff41b	432	1
work/ext7/4-3s2-1__group.7272__X101	f6f0534031f400525bddd9770d49be08	960	2
work/ext7/3s3__group.4359__X1000	0e4ed8dc308264af7b5a48bcfc1ec6a5	2304	1
work/ext7/2-2s2-1s2-1__group.2639__X010	fda8cbbdb52b083263057f4c5c7c921c	96	2
work/ext7/4-2s2-2__group.6682__X001	fb85d16a15f4013d84fa796cf7bd0123	144	1
work/ext7/4-1s2-1__group.5276__C	e9b51524d48fe939151725a6bf242ecb	1536	1
work/ext7/2-2c2-2s2-2__group.1680__X010	8e1d6c89fdeb8e712b1f06eb25ac278f	72	1
work/ext7/4-2s2-1__group.6420__X110	dd405a7220aab623a2b6fa8e48c65f45	288	1
work/ext7/4-2s2-2__group.6897__T	ff804694fd4cefbb4f1c1a6e9b92876d	432	1
work/ext7/2-2s2-1s2-1__group.2571__X001	761e77223c284c21bb04cbf8b4b0c5cb	48	4
work/ext7/4-1s1s1__group.4733__X110	3f62ab7cc5451d2331186fdd412ef379	32	3
work/ext7/2-1s2-1s1s1__group.1403__C	3a6da8fd18cd076fb157e1fd7edbd7cd	64	2
work/ext7/2-2s2-1s1c1__group.2020__X1101	616ba16abaaf143bdba16ec50c939bb5	96	2
work/ext7/2-1s2-1s1s1__group.1434__C	aa8f3aa8ba01352a495a996ca136c684	128	1
work/ext7/2-2s2-2s2-2__group.3641__X001	2c40b39528ca1d74649b92474c668d8e	216	3
work/ext7/4-1s2-2__group.5760__C	b58ba523524f6182469cc08e046c1630	1536	1
work/ext7/2-2s2-2s2-1__group.3168__X011	511cce6bad20fd783d4f459d5844263e	144	2
work/ext7/3s2-2s1__group.4268__X01	918dd3e6fb42410a9b1c4622452ad6f0	48	1
work/ext7/2-2s2-1s2-1__group.2657__X011	e6d8914d3215ef2cc93b2c92c5811432	96	1
work/ext7/3s1c1c1__group.3787__X100	a6fe19363f4af14df13e3de7f7db4fdb	96	2
work/ext7/3s2-2s1__group.4308__X0110	a7ab768feaf893d10ae10e1c99a5681b	576	1
work/ext7/4-2s2-2__group.7056__X0101	84210ca5305cec3a7d6e8f20a3b9dfec	864	2
work/ext7/2-2s2-1s2-1__group.2540__X00110	8a759752ce5c2d341be97268015cebd6	384	1
work/ext7/2-2s2-2s2-2__group.3714__X1011	053a46ddecde1848d34f111aed990a2e	432	1
work/ext7/2-2s2-2s2-2__group.3719__X0111	c8f8ea6933aa0b3ee39ac5a7344a8324	432	4
work/ext7/2-1s2-1s1s1__group.1461__X1110	22504a68747eb6572beffa3773b7cc25	64	2
work/ext7/4-2s2-2__group.7063__X1100	5adc5222b0c6ac5fcefafb91370c7949	864	2
work/ext7/2-2s2-1s1s1__group.2398__X0001	9eb5a99db79899e9c99aaf2a1d804447	96	2
work/ext7/3s2-2s1__group.4100__C	6afeb0ec201d323fcb8f03f059b43f95	288	2
work/ext7/3s2-1s1__group.3937__T	fb3b52fb2ab8272d4c0336bb67f0c49b	192	2
work/ext7/2-2s2-1s1c1__group.1976__X100	6e105334dd721cd23cde44006c6d544c	48	2
work/ext7/2-2s2-2s2-2__group.3661__X10	aa86fafe8e1a24298cc7e18cd52b6e43	36	1
work/ext7/4-2s2-2__group.6885__X100	b228b0048cfeebc3a784c200f9c45fb9	432	1
work/ext7/4-1s2-2__group.5843__X001	67e0691fd079643f0b2cda4565932625	96	1
work/ext7/4-1s2-2__group.5754__X1110	b056665c93cc4331939b837eab9af6a7	768	1
work/ext7/4-1s2-1__group.5124__X01	c8c5b00c5158d184fca785e215ffd77e	32	1
work/ext7/2-2s2-1s1c1__group.1962__X010	15e85fd593e4ce4576ab1134636f8dd3	48	1
work/ext7/4-2s2-2__group.6901__X011	16f452472ee046542a2e320cfb83b4ca	432	1
work/ext7/6-2__group.7537__C	bada31c666d0f216f02e270da850619c	432	1
work/ext7/4-1s2-2__group.5346__X010	88c1639978cd4460ec01ce34332ec896	144	1
work/ext7/2-2pc2-2ps2-2__group.1631__C	340cec7f0d4d583cd10cb3d3ce9d469a	72	1
work/ext7/4-3ps2-2__group.7167__X01	ccdb8844581b2d8f6021bc8b7673681d	60	2
work/ext7/2-2s2-2s2-2__group.3643__X100	6a3fbafd89b6b0f60efcefd66bc76dcc	216	1
work/ext7/4-2s2-2__group.6830__X1100	9abc85a981d5972ff7fab1014e805c51	288	1
work/ext7/4-2s2-1__group.6317__X1111	bd686101cf3327f85c64f45e8d714e1e	1152	1
work/ext7/3s2-2s1__group.4085__X11	88d569e67537e58918d2806de5d0ddd3	144	1
work/ext7/4-2s2-2__group.7059__X0100	e13d41e1e3805f5e42fa5b9932f62240	864	2
work/ext7/3s2-1s1__group.3989__X10	9ddd01f2df11351958678b6461ac20ff	96	2
work/ext7/2-2s2-2s2-1__group.3456__X10	412a56e55443de4046f60e62804a65ba	72	1
work/ext7/4-2s2-1__group.6333__X001	ab742d97e07aa0d3060cb5c1d8a7d275	144	1
work/ext7/2-2s2-1s1s1__group.2305__X0101	e90038318b875ed64c5cdb0bd22654a4	96	1
work/ext7/2-1s2-1s1c1__group.1258__X00111	35a46157e16f22ccab8514684fe64baa	128	4
work/ext7/2-2s2-1s2-1__group.2449__X0111	feff968b5a9e8e42c5503ea917a48428	192	2
work/ext7/4-2ps2-2__group.5904__X10	25432214a2be3e7a40a6db060292486c	72	1
work/ext7/4-2s2-1__group.6436__T	3c746ba01594b21354447a1d9875babd	288	1
work/ext7/2-2s2-1s2-1__group.2578__C	0dc03d380772accb521cc1c10cf65bd9	96	1
work/ext7/4-2s1s1__group.6225__X1000	ec772bed79824212b7580e9574d21e7c	576	2
work/ext7/2-2s1s1s1s1__group.1867__X1001	767cc7e655cc460702e26fb6444e2969	48	2
work/ext7/2-2s2-2s2-1__group.3239__X111	219b9bcd940a85084a8ea61e90d0704e	144	1
work/ext7/4-1s1c1__group.4459__X010	d2e770aa9e25dbb2f89ef72500a72aa0	128	2
work/ext7/2-2s2-1s2-1__group.2482__X1001	26d158fc8f0dd08fa71f9a8479008311	192	1
work/ext7/4-1s2-2__group.5576__X111	2e8b37d6fa46ca988f8d9599cccd2042	384	1
work/ext7/4-2s1c1__group.6001__C	0b921bbe4b4312ec1f4a584de142400e	144	2
work/ext7/4-2s2-1__group.6574__C	05e53e85253454126a3d64d81c6e3c64	144	1
work/ext7/2-2s2-1s2-1__group.2634__X001	902d7f721a33bf5a8f2bccc58c319d04	96	2
work/ext7/4-2s1c1__group.5912__X110	413c33e32c609bfa44254c037e823cd4	144	3
work/ext7/4-1s2-1__group.5181__X0010	77bd72feca9af53d621ac555356437df	512	1
work/ext7/4-1s2-2__group.5499__X0010	0c3031792fb85a758361d346903f5877	2304	1
work/ext7/4-1s2-2__group.5503__X100	1398a4d59c7f092d700f6d198341addb	2304	1
work/ext7/4-1s2-2__group.5365__C	ceb654fdf9c68de6299f73cbac519bd4	288	1
work/ext7/2-2s2-2s2-2__group.3600__X001	8f4b92897baa7f5e218f1131fdf0c160	216	2
work/ext7/4-1s2-2__group.5730__X001	35e66d1f2b1559ec1607a391c0e98386	6912	1
work/ext7/4-1s2-2__group.5397__T	73ead10c906f47a64cda2c7918def89c	192	1
work/ext7/2-1s1c1s1s1__group.1152__C	44aab780072c6566b44a464058153914	32	6
work/ext7/2-1s2-1s1c1__group.1258__X00011	6c12a31478d3edd45d95f9d095209ae2	128	6
work/ext7/2-2s2-2s1s1__group.3061__X010	0cc8fcb1d1bcc6f78e244f315f5e0a91	72	4
work/ext7/2-2s2-2s2-2__group.3596__X100	4f581293e144f479082b5ca87d2eb9b3	216	1
work/ext7/3s2-2s1__group.4198__C	7dd5fc9ceb7995fab14ad6c0d324b188	576	2
work/ext7/2-2s2-1s2-1__group.2536__X11010	2783e94be052ad8ce831113623038902	384	2
work/ext7/2-2s2-2s2-1__group.3373__X1111	f1ae6560e748ba7eaed9e6c5541e4d08	288	1
work/ext7/4-2s1s1__group.6165__X1110	05b3209e47358846b5743b1d65e4e5fc	288	3
work/ext7/4-2s2-2__group.6933__X010	883e5b89a279c6516bb4238a4e8007ff	432	1
work/ext7/6-2__group.7612__T	f78115da22f9bbfcb64ea7f1df5daf6e	72	1
work/ext7/2-1s2-1s1s1__group.1321__X00001	8ecf0ef7d76258baf6cfc8ed8cdc4df4	128	3
work/ext7/4-2s1c1__min.570__C	d76418fe737aa65df6d64d30dc906b6b	48	2
work/ext7/2-2s1c1c1s1__group.1719__X101	7cf3ed52efcb1b2517ce0df2b47939c7	24	3
work/ext7/2-1c2-1s1s1__group.1091__X111	822501fb74382bce8bbbf7ac1815451c	16	3
work/ext7/4-1s2-2__group.5496__T	ec198fa97d50fb81241b01cc071a7fbb	192	1
work/ext7/2-2s2-2s2-1__group.3427__X01101	a9cb79942a9bbe4998f7bd3a07b00a13	576	2
work/ext7/4-3ps2-2__group.7170__C	08d3e5a332417fbf180736fcdcf23021	120	1
work/ext7/4-1s2-1__group.5034__X101	d61af552269c0280fd5d529481a5dc1e	192	1
work/ext7/2-2s2-2s2-1__group.3375__X1001	237bcaebeb80f08186d64f6b05f260c7	288	1
work/ext7/4-2s2-2__group.6718__X0100	a9c66ca99c8ed6d6b3ab9ee1d8a7f580	1728	2
work/ext7/4-2s2-1__group.6531__C	772adf5fcb5bbb5c931aca96fb38b8f2	1152	1
work/ext7/2-2s2-2s2-1__group.3382__X1011	aee464d5222f4720e0ebf58cde2e39a6	288	2
work/ext7/2-2s2-1s2-1__group.2646__C	c7c019afa8d7e6bb503a29900a8a35f9	192	1
work/ext7/4-2s2-2__group.6882__C	e07963f5d2aeb01b423f8de07938e065	864	1
work/ext7/4-1s2-1__group.5081__T	6440c3b698c9c69141f708e4b5e7bd23	256	1
work/ext7/4-1s1s1__group.4629__C	2fee55536c4f9a96881631f988e55d0c	256	2
work/ext7/2-2s2-2s2-2__group.3603__T	e64eb40662f0068061f2ac6397be9ae2	216	1
work/ext7/3s2-1s1__group.3983__C	7a3a5e28a5c1ee5b7be8f238968417ed	768	1
work/ext7/2-1s2-1s1s1__group.1328__T	9e577f1c8d5c03569fda29acbc17afec	16	4
work/ext7/4-2s2-1__group.6344__X100	eb5de41d70d64eb4388f17c3c3be387e	144	1
work/ext7/2-1s2-1s2-1__group.1586__X100	2aedb94dae2ab46b82184522a333d081	64	1
work/ext7/4-1s2-2__group.5400__X10	77b9a0956a40b25afdb54abc1b069670	192	1
work/ext7/2-2s2-1s1c1__group.1986__X001	8d64c66f7849a6fe29453a7c97c02dc8	48	2
work/ext7/4-1s2-2__group.5837__X1000	64c50e0187e68ff81cf4b92f38f39f62	96	2
work/ext7/6-1__group.7471__X10	03848fc446fee29b2421252fc3fcd23d	384	1
work/ext7/2-2c2-2s2-2__min.308__X01	4359beadd9cad114bd63c96ce06cd5ce	18	1
work/ext7/3s2-2s1__group.4296__X1111	95bccb13547e432ebedecaddecaa0ff8	576	1
work/ext7/4-1s2-2__group.5536__X010	858a13588a25c4d38470906e6939667d	288	1
work/ext7/4-1s2-1__group.5133__X001	8403338e2e036201288ae1700cd0e577	32	1
work/ext7/2-1s2-1s2-1__group.1537__X0010	24656514cc9407fa4a5b964c248e5994	128	1
work/ext7/6-2__group.7575__C	52a881f288c6d17c37c223dfda7755f2	864	1
work/ext7/2-2s2-2s2-1__group.3268__T	25f80f03a972166fad9341f6ec78423d	144	1
work/ext7/3s2-1s1__group.3886__X010	2b568a0331afc91cab3a0243689ce092	192	1
work/ext7/4-1s2-1__group.4931__X10000	cf53570afb2e4639586d2665434c4ceb	1024	1
work/ext7/2-2s2-1s2-1__group.2495__X0100	7c6dcef82bb1ab9cafb4ddafbb5fd35a	192	2
work/ext7/4-2s2-1__min.594__T	059524fd830d71a0ef641a6713508b4a	36	1
work/ext7/4-2s2-2__group.7042__X0001	a254869c0ded753ea71e251f9d4fcc3c	864	1
work/ext7/2-2s2-1s2-1__group.2518__X1111	8c432670af64148a4f52bb184c451db8	192	1
work/ext7/2-2s2-2s2-2__group.3716__X0001	78e4a5f83ed602abd278d81f5385fc3d	432	1
work/ext7/2-2s2-2s2-2__group.3616__X011	93a04c0d7dc1235f58d8e943f215cb5d	216	1
work/ext7/2-2s2-2s2-1__group.3221__X101	44b2adcfc83105372dbbbe972dcad2f1	144	1
work/ext7/4-2s2-1__group.6315__X0001	03f4c37e4177c590f475fa300d0f9176	1152	1
work/ext7/4-2s2-1__group.6390__X1110	7c64f140346e083a067a676b286876f0	192	1
work/ext7/4-2s1c1__group.5911__X011	499bf0b737f1e1ed1580aa5b150a453b	144	2
work/ext7/2-2s2-2s2-1__group.3212__X101	11cd324ce28e52a91fd82c613b8a25ab	144	2
work/ext7/4-1s2-2__group.5604__X010	77868c830b465fd9402a99c59db00e6b	384	1
work/ext7/2-2s2-1s1c1__group.2001__X110	b944c4a5d43addd22608a250ac9c2620	48	2
work/ext7/4-1s2-2__group.5478__C	d6fcd454de4215ae5f7caacee9cd4364	384	1
work/ext7/2-2s2-1s1c1__group.2005__C	0697bec65d050e28323d360feef5871e	96	2
work/ext7/2-2s2-2s2-2__group.3631__X010	21c0d7bf04d723419e6fba080b2ce363	216	1
work/ext7/4-1s2-1__group.4974__X101	e950d6bd83da29a347deed84c2843829	128	1
work/ext7/4-2s1c1__group.5924__X011	3a8605fe59ccf7b6fc55ccf176edbcf8	144	2
work/ext7/2-1s2-1s1s1__group.1347__C	fe217ac4b5c0637f6c8eeaf3f6fe9ded	64	3
work/ext7/2-2s2-2s2-2__group.3692__T	2fda1784d01c321a3ca9ee7b183ad18c	432	1
work/ext7/2-2s2-2s2-1__group.3475__T	954dd50daa6329ce39fa9a994e0862b0	72	1
work/ext7/2-2c2-2s2-1__group.1662__X001	d2b8a78d1224ec44e37631223d422572	48	2
work/ext7/4-1s2-1__group.5133__T	cc4558edef4c270973d290dad82c2e87	32	1
work/ext7/4-1s2-2__group.5474__X0110	728b9d255ed8d546174df66f8547ed40	192	2
work/ext7/2-2s2-1s1s1__group.2123__X100	dd60aea885e6b1e99856c58d0c63686b	48	4
work/ext7/6-2__group.7570__X11	a536546ffbc8acea161c3a22ff087274	432	1
work/ext7/4-3s2-2__group.7290__T	734efae5c9da93d313acc0ed169d52ad	1440	1
work/ext7/2-2s2-1s2-1__group.2590__X011	16aa2bdae424d729b63d8f4c5d242c43	96	2
work/ext7/4-1s2-2__group.5608__X1010	4e1ce2fca6854c3f030255f711971ab9	384	1
work/ext7/2-2s2-2s2-1__group.3318__X1101	affce380f1bed42e9007f64d305ae560	288	1
work/ext7/4-1s2-2__group.5449__X010	d153e5ad2f4e938e67691f35b96df62c	192	1
work/ext7/2-2s2-2s2-1__group.3451__T	31c51a8147cff4115f2a7b1dcd0339ff	72	1
work/ext7/2-2c2-2s2-2__group.1668__X100	b739f7c287763d7a1d444560df20b270	24	1
work/ext7/4-3ps2-1__group.7138__X001	73043005f6b27de3e671fe9b1a232aa5	80	2
work/ext7/4-1s2-2__group.5455__C	277f5b01ee7597ae77b4e94548b497c4	384	1
work/ext7/4-1s2-2__group.5424__X01	bb573694ce0691847f735585b64071ea	192	2
work/ext7/4-1s2-2__group.5528__C	e464f441f36b61786cb83ceb41a067de	576	1
work/ext7/2-1s1c1c1s1__group.1115__X101	a442ba5a520723aa4d9af7cb750eb278	16	3
work/ext7/2-2s2-2s2-1__group.3387__X1011	bd0c8b6eb85cd240fb9b70a2d4ee39da	288	1
work/ext7/5-1s1__group.7352__X10	0bf1e365a424ff44385db11ae75c0ffa	1920	1
work/ext7/5-1s1__group.7382__X111	64f9fd48f5f2627834f32b77091e106e	640	1
work/ext7/2-2s2-2s1s1__group.3019__X001000	1445cdabe5ac449615ab80fe03c58d48	576	1
work/ext7/4-2s2-2__group.6650__X110	cd9c35e62af92d635a695a333e2749d5	144	1
work/ext7/2-2pc2-2ps2-2__group.1628__C	7c15afb7b4d2e15823e6ac0e6cb8027a	36	1
work/ext7/4-1s2-2__group.5416__X001	e2a830a30450be01c0a909a3143ff60b	192	1
work/ext7/4-2s2-2__group.6915__X001	262cba25537c7a53e6fcce223e1d5035	432	1
work/ext7/3s2-2s1__group.4296__X0111	d768ec6d9ea770dc623a63cf4adb6ebe	576	1
work/ext7/2-2s2-1s2-1__group.2595__X010	962a71a0df34dea7ebce15540219c611	96	1
work/ext7/4-1s2-2__group.5452__X110	2918945f66017b965c06fdd0ec324a2c	192	1
work/ext7/4-2s2-1__group.6475__X001	126832e2e5b741c4d6095ae73f0b3aa2	288	2
work/ext7/3s2-1s1__group.4016__T	09cef95cbbdca6eb5f36ac90fd037ca1	96	1
work/ext7/4-1s2-1__group.5219__X0011	9ccd69c0e8c7f867a332eef0c7164e9d	64	1
work/ext7/4-1s1s1__group.4810__C	7bd49e0c47718126e5e76999b381320c	96	7
work/ext7/2-1c2-1s1s1__group.1091__X011	b534cbf52df747a6d8b7caee740ef544	16	2
work/ext7/4-1s2-1__group.4943__T	feea6d36eee8d0da1d36d6108d69e9bc	128	1
work/ext7/2-1s2-1s1s1__group.1377__C	b1cf8905d028b72f5aa166b73334754d	64	3
work/ext7/2-1s2-1s2-1__group.1552__X011	931527a12eff05bc81c6c437a33eb77e	32	1
work/ext7/4-1s1s1__group.4744__C	86f7f192ca53c1a78e538522ec272045	64	2
work/ext7/2-2s2-2s1c1__group.2783__X110	f749c6624ae86fc8fca30caa733d2802	72	2
work/ext7/4-3s2-2__group.7295__X101	24b4b16c4d86aac7b86e6b056a905f55	1440	2
work/ext7/2-2s2-2s2-1__group.3314__X0101	97c93ba42f229151bc2a778d914e0dc3	288	1
work/ext7/4-2s2-2__group.6889__X1100	dc4ccffaae69ab2307be136bbeaad391	432	4
work/ext7/4-3s1s1__group.7201__C	57f6348d4bde16e590fbd39916ef9a93	480	3
work/ext7/4-2s2-1__group.6488__X011	6f0cb88036d72a63fe1d7c991f327d9d	288	1
work/ext7/4-1ps2-1__group.4418__X0001	fdf3c3a7fa71a5fd5e868ec71176f7eb	128	2
work/ext7/2-1s2-1s1s1__group.1455__X1000	2eedddd51831722713570e626f366fe5	64	2
work/ext7/2-2s2-1s1c1__group.1923__C	578ddc1ae44dd787a8847b63ab0dcc0d	48	2
work/ext7/4-2s1c1__group.5976__C	3e6564156186f7e2c7850ed68a82c6f8	144	3
work/ext7/2-2s2-1s2-1__group.2662__X111	cb9b2d50ca3485dccdb5b95f357ccaca	96	1
work/ext7/2-2s2-2s2-2__group.3598__X011	e8f7d37fd67642af7d514fca37425a59	216	1
work/ext7/4-2s2-1__group.6537__X0010	8fdde655344a7e4da1e4d8ddbd5b72b7	576	2
work/ext7/4-1s2-2__group.5537__X011	5857702d678a12ef023c11791e73e1f1	288	1
work/ext7/4-1s1s1__group.4810__X100	32835bc8615e3193c158ae4e41b16ffd	48	4
work/ext7/4-2s2-2__group.6995__X001	49a85985fe9d355501d6d10c615b541b	72	1
work/ext7/4-2s2-1__group.6617__X011	b2a2a1a0916015d1171e7fd020342ca3	96	2
work/ext7/4-2s2-2__group.7005__T	6af98e2d5eadf077d499b2a0e0fd7a29	72	1
work/ext7/4-1s2-2__group.5308__C	776971dffa8ae7b13fabf8deb234791b	2304	1
work/ext7/4-1s2-2__group.5494__T	c90069bd6f2c83e6748997ddfb04377c	192	1
work/ext7/4-1s2-2__group.5537__X111	b2d30616a7241f0345e657463c4d30bd	288	1
work/ext7/2-2s2-1s2-1__group.2608__X101	a93e8f38a38d0148b5ea23671224847e	96	1
work/ext7/4-2s1s1__group.6174__X11	fe03cd1645e40077175c51d7a2c5cf8d	36	2
work/ext7/4-1s2-2__group.5471__T	77e094747bf9bf7074cd42568148bb5e	192	1
work/ext7/4-2s2-1__group.6391__X1101	1b33ee2a975923556eb2e3785469d6cf	192	1
work/ext7/2-2s2-2s2-1__group.3371__X1101	3311c27cf60bbb743b47abe4219c82ca	288	1
work/ext7/4-1s1c1__group.4463__T	729a6bce02bc2fe412350f79ee94705a	128	2
work/ext7/2-2s2-1s1c1__group.1966__X011	e18451f2fa9e241d7054b9c92af2449b	48	3
work/ext7/4-2s2-2__group.6934__X001	b4dd577ab12b4f60b7b48267a5b418da	432	1
work/ext7/3s2-1s1__group.3894__T	26163269b78cead5e76ce3c3c8b77f93	192	2
work/ext7/2-2s2-1s1c1__group.1928__X01	504edafd828d23e408f44b6d24f752a2	24	3
work/ext7/2-1s2-1s2-1__group.1531__T	78afefb366ef3f2267edcacc95767d8c	128	1
work/ext7/2-2s2-2s2-1__group.3464__X11	1cd8f3984ef0448036e0c8c01ab8410e	72	1
work/ext7/2-2s2-2s2-1__group.3434__X00100	a0156ff1c94716da4eac6466012ecb98	576	2
work/ext7/2-2s1c1s1s1__group.1746__X101	cd073c9201bfe083587fde048fe3fbf5	24	2
work/ext7/4-2s1s1__group.6270__X100	7780e524c102eea7c2dc3304a01d78e9	72	4
work/ext7/2-2s2-1s2-1__min.400__X11	6c044417b9d8f35f8ad16773e0f97069	48	1
work/ext7/2-2s2-1s2-1__group.2470__X1000	e65ad3dadf8721176fc57969eda51e15	192	1
work/ext7/4-1s2-2__group.5510__T	0e3e2e16d6e59f45340926523879181f	2304	1
work/ext7/4-2s2-1__group.6398__X0100	5e2df3825bd051dd3db4842f37ea079f	192	2
work/ext7/3s2-1s1__group.3967__X1011	4fc0645c1798734e0d3386fe2cd3ae10	384	3
work/ext7/2-1s2-1s2-1__group.1523__X0010	da1108f5b842247f17e6cffd4a9a753d	128	1
work/ext7/4-2s1c1__group.5972__T	18e4d93e7bb93fb7454eaff1c9a5d7c9	48	2
work/ext7/4-2s2-2__group.6650__X100	b457fe49a86fd25accb77bf6c3aac840	144	1
work/ext7/2-1s2-1s2-1__group.1568__T	dca87a2ad22be9276ed8c992ad914bed	64	1
work/ext7/2-2s2-1s2-1__group.2545__X01	6505cd79713439c1f9ea50c4a04e4973	48	1
work/ext7/2-2s2-1s1s1__group.2085__C	75a90c5c5e36af5a8c95298a882d658c	48	4
work/ext7/4-2s2-1__group.6495__X100	323bcf0d0329d2a1d734bc82536b141b	288	1
work/ext7/2-2c2-2s1s1__group.1651__X100	103797619b5208848cb00d0aa54f0476	24	2
work/ext7/2-2s2-1s2-1__group.2641__X010	68b21b4ebceacb72a01d95897004bbec	96	2
work/ext7/2-2s2-2s2-1__group.3502__X0010	4cc0c9cc8b3e984aecc419d84b3f6680	96	2
work/ext7/4-2s2-2__group.7025__X100	dbfef2cfb83c3b563f33ab96bdec2b50	864	1
work/ext7/2-2s2-1s2-1__min.395__X11	2508efeba8a17df7c033554d80ce18f1	48	1
work/ext7/4-1s2-1__group.5280__X0001	406e52443a74087838f303515695a996	768	2
work/ext7/4-1s2-2__group.5335__C	d190dbb455767cc2f0409d0d759b8aa8	2304	1
work/ext7/4-2s2-2__min.611__C	4877efb2f3f331c32c92b30fbadb4b65	24	1
work/ext7/4-2s2-2__group.6734__C	73cbfdd34d0b748567e637ef3c3f9987	432	1
work/ext7/2-2c2-2s2-2__group.1686__X010	67b690b41c51f872219e0269a8f50694	72	1
work/ext7/2-1s2-1s1c1__min.256__C	4b51cfcb808dddbc10c0531027f5781e	16	2
work/ext7/2-2s2-1s2-1__group.2466__X1100	e4fefa4483054aa77f9cdd294c80d5f9	192	1
work/ext7/4-2s1c1__group.5990__C	ac9823ae80279e4eb7627fa38a0da86c	144	2
work/ext7/2-1s1c1s1s1__min.238__X11	b8a5e81c0b60c892c21ce7c9d72c5c00	8	3
work/ext7/2-2s2-2s1c1__group.2730__X100	cef1419106a0e12e9ee8858f3d0c24ec	24	2
work/ext7/4-3s2-1__group.7247__C	f2aa7cab8170f4dc3eb12ea0506c5106	80	1
work/ext7/2-1s2-1s2-1__group.1601__X001	687ce7346cf829231cf58a8d8c710ae1	64	1
work/ext7/4-2s2-1__group.6517__X010	f3cb935181cfa562421de47cd58a6480	576	1
work/ext7/4-1s1s1__group.4674__X010	7526db81033a1fc468bdf33cc2dc1052	192	4
work/ext7/4-2ps1s1__group.5867__X100	398f1e4c9d174c920995bd4eacc57ea8	48	2
work/ext7/4-3s1s1__group.7214__X01	d338ab06920ed2e961ec4506a3bc04af	40	2
work/ext7/4-2s2-1__group.6570__X00010	10c4af854157cbd76411e4d60cc7fc49	576	1
work/ext7/3s2-2s1__group.4088__X10	a0f31d21ed46bb75261a3112d986f7c7	144	1
work/ext7/4-1s1s1__group.4746__C	d7af132c402b20a7565eb5c7c7c9f415	64	3
work/ext7/6-3__group.7626__C	8a9939b80d939d98526019bfbbf34a3e	672	1
work/ext7/3s1c1s1__group.3827__X101	8ea2e9856f7868294b97b39add76d3df	96	4
work/ext7/4-2s1c1__group.5993__C	794a45487848a67d386c8159949ea4f7	144	3
work/ext7/4-2s2-2__group.6965__X101	08fc40786774a5584cc828d67198401a	48	1
work/ext7/4-1s1s1__group.4630__X1011	2717c790183fe042e3ab4d4ab8496b7c	128	3
work/ext7/4-1s2-1__group.4992__X010	949b3631f10ca2320b6344c3d5489f84	128	4
work/ext7/2-2s2-2s2-1__group.3494__C	01592567ee02277124ff7f4cb8b26da3	144	1
work/ext7/2-2s2-2s1c1__group.2738__C	da9c7301990b125a476561461026da4c	72	2
work/ext7/2-2s2-1s2-1__group.2667__T	656e94b7d8540c71fcfd15faf0a1cb63	96	1
work/ext7/2-2s2-2s1s1__group.2835__X1010	4d0541676db647ef8d0febb6669104f5	144	3
work/ext7/3s1c1s1__group.3823__X010	3f6e1bed91c12da8ce3910b237fdd25e	96	3
work/ext7/2-1s2-1s2-1__group.1542__X00001	6683355466de6fbb8bbf72487b815bbd	256	6
work/ext7/4-1s2-2__group.5692__X001	3675c6803aa7b69809558c09782a5932	576	1
work/ext7/3s2-1s1__group.3895__X010	331bd724c17a695b9fd2784b0aad2afd	192	2
work/ext7/2-2s2-2s1s1__group.3077__X110	5a1b540d9be2fb4ab42d4f5af7b061f4	72	2
work/ext7/2-2s2-2s2-1__group.3177__T	1fc693a4d7cb942b7acad32e07c46f5d	144	1
work/ext7/4-3s2-1__group.7246__T	dc5457dc67f01709e4227f0949d69e7f	40	1
work/ext7/2-2s2-2s1c1__group.2789__C	12035df530c6fd04163e02cb69dc0caa	144	3
work/ext7/3s1s1s1__group.3836__X1001	faf35a699dd76ef1e68a5290f770e573	192	8
work/ext7/2-2s2-1s2-1__group.2530__X00010	9c5d2e26047f6c97b1de087c0658b409	384	4
work/ext7/4-2s2-2__group.6825__X0100	fd0c278587c80f94d3af1d15deb0c49a	288	2
work/ext7/2-1s2-1s1s1__group.1408__X011	74b4bf4734a0de65fd9f8bbfd9692d13	32	2
work/ext7/2-2s2-2s2-1__group.3323__X0100	d5d45b3f74d3182e0431aaa2601c0960	288	1
work/ext7/2-2s2-2s1c1__group.2716__X1010	2e2abf6b9698fcd50849aebc988a59ff	144	2
work/ext7/4-3s2-1__group.7261__X01	b9951bc06daf8a98e8d9a43146d145ea	480	1
work/ext7/4-1s2-1__group.5026__X10	b7bb84654627f9b8fc3c0a5e31440116	192	1
work/ext7/4-1s2-2__group.5782__X011	57d6d18c1b68ed4313f9d795ad88665d	96	2
work/ext7/4-2s1s1__group.6252__X101	3431092a0f2910e944b1284828fd925b	72	7
work/ext7/4-2s2-2__group.6973__X01100	763857efad45db1e68d82650346e4e60	576	1
work/ext7/4-1s2-1__group.5153__C	97e820f4d4ae212cf230086798c2719e	768	1
work/ext7/2-2s1c1s1s1__group.1794__C	f24466a5966dc2fb3b5ae9b2ee30a255	96	8
work/ext7/4-1s2-1__group.5236__X101	f2d06a51cb8369c31721bf0d1dfa8bf1	64	1
work/ext7/4-1s2-1__group.5134__X011	70e347ba32022884da3fa10bd6860e6e	32	2
work/ext7/4-2s2-2__group.7024__X011	f340a066401dd5fdaa052f352fc62f8f	864	1
work/ext7/4-2s2-1__group.6447__C	5f95f688f6204b3aae53bc3c2eefa840	576	1
work/ext7/4-1ps1s1__group.4413__X100	0b8ed853ffaf311c6a3530c38d9563f6	32	2
work/ext7/4-1s1s1__group.4846__C	7dca2c082dc7e93a9ca96a12a3b057d4	128	1
work/ext7/4-1s2-2__group.5531__X10	088fd689613f14149d8c7ce268c1147e	288	1
work/ext7/4-1s1c1__group.4507__T	8dc04af51e381f55be9dfdce7d269967	32	2
work/ext7/2-2s2-1s1s1__group.2180__X111	853f1f36ca73a699adafb45fca3b8f2f	48	3
work/ext7/4-1s2-1__group.5010__C	f3f08f5f9346611a320cd4599df7c358	256	1
work/ext7/3s2-2s1__group.4125__C	c6e4f618e1faf1a5d3ead834238faa4b	288	2
work/ext7/4-1ps2-2__group.4435__X01	645682016a7624ac146a439f56b241a2	48	2
work/ext7/4-1s2-1__group.5074__X110	9def1845272abb8693b490539846ab74	256	1
work/ext7/4-1ps1s1__group.4409__X01	4a7524de5aeb9525a08f5e478bfe64cf	16	2
work/ext7/2-2s2-2s2-1__group.3411__X001	81cc310443be8a9c7bc308a289ade2ea	48	1
work/ext7/4-1s2-1__group.5179__X1011	b9834bc4828c0083a1aa3a2965d1ef45	512	2
work/ext7/4-2s2-2__group.6896__T	5cef020b9e1d1ccd4e2eeda7da107abf	432	1
work/ext7/2-1s2-1s2-1__group.1533__X0110	240cc0070f75f33ec082ac0edec8fcc8	128	2
work/ext7/4-2s2-2__group.6925__X010	4aa77ceceed0e8861ca5e211b5c3db4c	432	1
work/ext7/3s3__group.4387__T	20168f52d5520fd480f31bb9f8dcea26	576	1
work/ext7/2-1s1c1c1c1__group.1106__T	40a61bfa8bbe87c04d45eda13b23f932	8	1
work/ext7/2-2s2-2s2-2__group.3643__X010	c6b409fbf86194bac47ece61cfa32448	216	1
work/ext7/2-1s2-1s2-1__group.1565__X011	d49d4b1a646308c72de99515ca4dca1d	64	3
work/ext7/4-2s2-2__group.6802__X10	4def7a9764a198143165215458e7d1b6	216	1
work/ext7/6-2__group.7510__X11	bb5fbcb2dae325b32496e4e3f4479d01	1296	1
work/ext7/4-2ps2-1__group.5872__X0011	4d68dfb62475d72958eae0d0ac3dda53	192	4
work/ext7/2-2s2-2s1c1__group.2790__C	d4cab13feb424869a30b8089a7fe11d3	144	2
work/ext7/2-2s2-2s2-1__group.3207__X100	153b1f8cc8cc496e0a657f06217d9d24	144	2
work/ext7/1c1c1c1s1s1__group.1046__T	29710081fbdd8f1ba27d97d1c5bdce71	8	3
work/ext7/4-2s1c1__group.5957__T	2616096818001d8410917e9f9ed7f882	36	2
work/ext7/4-2s2-1__group.6465__X011	d8647645c3eecfdd8ff94af083c9b6b3	288	1
work/ext7/4-1s2-2__group.5387__X0001	d1795423f94c240ed3baca021bac6910	1728	1
work/ext7/2-2s2-2s2-2__group.3537__C	79c7edcbbe10f74d3ff1f4baf712150b	216	1
work/ext7/2-1s2-1s1s1__group.1457__X0001	700922f2becd0f27a44d31ebeb2f54d5	64	2
work/ext7/4-3ps1c1__group.7092__T	baefecf214ce01f82d9345322a1f3256	10	2
work/ext7/4-2s1s1__group.6226__X01011	a239ecf4e00d7158640490fd4df9eb46	576	1
work/ext7/2-2s2-2s2-2__group.3515__T	2d01bc89f144f29a8820dcf265be5e04	108	1
work/ext7/4-2s2-2__group.6633__C	4aa78bda8021709e588f18c06c1ad070	216	1
work/ext7/2-2s2-1s2-1__group.2516__X0011	5166c4c9961a88509a3d44477aadc77e	192	1
work/ext7/4-1s2-2__group.5479__X100	459d1bcbbf0bcc8c5df694cd1a14ae6a	192	1
work/ext7/2-2s2-2s2-2__group.3693__X1011	a4ad235dfc3dea418ece4fa7fe3e220b	432	1
work/ext7/4-1s1s1__group.4724__C	d7cc1b15dfb25ad7f5ef788d0f6d1aa5	64	3
work/ext7/2-2s2-2s2-1__group.3256__X110	fdacd0717eb93dac18b81c29dc22bcf2	144	1
work/ext7/4-1s2-2__group.5609__X1101	260c58ac48e66804534d14b5f9129eba	384	1
work/ext7/4-1s2-1__group.5089__T	cbea967d7f0711e4b84964b2c48fa8aa	256	1
work/ext7/4-1s1s1__group.4731__X1001	63eada1895f71862cfec13ee174d2424	32	4
work/ext7/3s1c1s1__group.3791__C	aa0a3e20f6cfe757221bf5c1f53d4801	96	2
work/ext7/3s2-2s1__group.4170__C	4da65ac6620573ec14435b00facae10a	576	2
work/ext7/2-2s2-2s2-1__group.3509__X1000	29a131e0c1185e44e7f0ab0e66102a72	96	2
work/ext7/2-2s2-2s2-2__group.3625__X110	dc9393841ba7ba53d952263b2bca92d5	216	2
work/ext7/2-1s2-1s2-1__group.1589__X010	728e1a961082988371bcaa0e89a10fa9	64	1
work/ext7/2-2s2-2s2-2__group.3677__X0011	2c0cf73b7cd65aaa2379d527a46ee968	432	3
work/ext7/6-2__group.7519__X11	962b711dfe2ca702590984862e27e270	1296	1
work/ext7/4-2s2-2__group.7087__X010	8dd55ef5834f0d298300f8beee4b7bf3	864	1
work/ext7/4-2s2-2__group.6861__C	7307923415a2894318ac184527ca518d	864	1
work/ext7/4-1s2-2__group.5382__X01001	e319c7bc788033223e5f93aad2f32c14	1536	1
work/ext7/2-1s1s1s1s1__group.1247__X11010	bcc1729df25a9e37f13ab7f0dfd250ed	64	14
work/ext7/6-3__group.7630__C	0bb6f10638cfb6aae9f8d552529f8258	10080	1
work/ext7/4-2s2-1__group.6563__X0010	0d285e8cfe18daf2898cd43381ef1eb0	576	1
work/ext7/4-1s2-2__min.534__T	41e752b4326285f68c12412d785cdca8	24	1
work/ext7/2-2s2-2s1s1__group.2846__X0110	4d2cfe232689863c9373c4aa9551eee2	144	4
work/ext7/2-2s2-2s2-1__group.3395__X0100	4758eaf51e1ae4d20fd873c393211df4	288	1
work/ext7/2-2s2-2s2-1__group.3292__C	ed13ade6005a9444407a13dde2b8bd82	288	1
work/ext7/2-2s2-1s2-1__min.384__C	52e7e4f95147ab49d042ebc4049fb2cb	48	1
work/ext7/4-1s2-2__group.5827__X010	777530d121c231209e21238596282906	96	2
work/ext7/4-2s2-2__group.7042__X0110	8a36f67130d56273580598ef551267cd	864	1
work/ext7/4-2s1s1__group.6159__X1001	b8f9b43082067cb73e204fcadf3dd60d	288	1
work/ext7/4-2s2-2__group.6687__T	f061f6c3abae241248a133e4d42da994	144	1
work/ext7/6-2__group.7531__X01	018fb7a2ab92351250b4f3510e1cd6a0	162	1
work/ext7/4-1s2-1__group.5270__T	8a4ed8bb8c07c2f96b9764a2c96bfc2f	768	1
work/ext7/2-1s1c1c1s1__group.1108__X010	732e3105d0da91a299da545708585a98	16	2
work/ext7/4-1s1c1__group.4484__X10	61b393988a25eed745fac63e0639be91	192	1
work/ext7/2-2s2-1s1s1__group.2346__X0001	746fb66b8f91f09fd6042cb553a54d21	96	2
work/ext7/4-1s2-2__group.5508__C	86d42b92921f6d6658ea5fd65650ef1c	4608	1
work/ext7/4-1s2-2__group.5462__X00111	417098ad50140e09c8705fc2df1e9137	192	6
work/ext7/4-2s2-1__group.6400__X1010	8e63907102ce03caa976e629b6c33550	192	1
work/ext7/4-1s2-2__group.5416__X111	6eeeb70d9d4e512323129690588b8015	192	1
work/ext7/2-2s2-1s1c1__group.2004__X110	2a1b593815f7f848667c8b9459675782	48	2
work/ext7/2-2s2-2s2-1__group.3281__T	4bf8985e2bff998fe9e73ce81cac2ddd	144	1
work/ext7/4-1s2-1__group.5044__X01	03a677cad4148f99b8a08b6330e69163	192	1
work/ext7/2-2s2-1s1c1__group.1942__X01	3281cedfb153aea73389078de67bafed	24	1
work/ext7/2-1s2-1s1c1__group.1298__X1100	fd05241883c49f7deb11560dec5bf1df	64	2
work/ext7/6-2__group.7570__T	30508164cbae2deae79cfaf5730f298c	432	1
work/ext7/2-2s2-2s2-1__group.3495__T	3e2d4e71b6ee505ebbde9d71d79cf208	72	1
work/ext7/2-2s2-2s2-2__group.3541__X101	789232691c2e2257ad45b76cd6b73935	108	1
work/ext7/4-1s2-2__group.5431__X01	5e3234bbefd078798e7bc512ad7f28b3	192	1
work/ext7/4-1s1c1__group.4501__T	46cd3d5c1273b2d8410701491098236e	32	1
work/ext7/4-2s2-1__group.6382__X010	2904b305aeee3eee6ff543f5c426ecd4	144	2
work/ext7/2-1s2-1s1s1__group.1392__X010	82d668405c44c24c5bd2a4957e372a6e	32	3
work/ext7/4-2s1s1__group.6101__X01011	7af70e9b6b9ef5610bf603daf8f7fd5f	192	3
work/ext7/4-1s2-1__group.5284__X010	fc2c1241fae56a267ac1d1a4c8cbde54	768	2
work/ext7/2-2s2-2s2-1__group.3472__C	ae2b46f62c12626d182b755c0e14e81b	144	1
work/ext7/4-1s2-1__group.4968__X11000	9622cb88cdb9785e8b31d94b88248300	128	1
work/ext7/4-1s1c1__group.4509__X111	557a6b547c444079a4d65b7ee7e1a023	32	2
work/ext7/2-2s2-1s1s1__group.2399__X0101	53214556dfeceb1dc5a700376bd797ab	96	4
work/ext7/4-1s2-1__group.4978__X001	3f1fdc5db40289e2b7fc41e3622f20d4	128	1
work/ext7/2-1s2-1s1c1__group.1290__X010	5b80f737249b040651f321de0302c524	32	3
work/ext7/4-1s2-2__group.5509__X101	473a1fc6ec1fbc1582a82c1e72b1f7af	2304	1
work/ext7/2-2s2-2s2-1__group.3438__X00001	e30aa0f2aba7de545448004e4386b57e	576	1
work/ext7/2-2s2-2s2-2__group.3552__C	613b67d9f45569206224e4b5ab3ad97a	216	1
work/ext7/2-2s2-1s1c1__group.2009__X011	d73cb7df4d6dc9a057f7975fdb32c64e	48	2
work/ext7/6-3__group.7621__C	d2044fc2d51ca220e32f929180167f4e	336	1
work/ext7/4-3ps2-2__group.7157__X01	8457872afbeab3db0acd2f00b94e78f1	60	1
work/ext7/2-1s2-1s1s1__group.1450__X0111	dcf433c6173dfa53c4a6bcdcf8122e71	64	4
work/ext7/2-2s2-1s2-1__group.2477__X0001	a4c720106dfc56e70156bb66c44a6ff1	192	2
work/ext7/4-2s2-2__group.7043__C	164aa44a21a05406305e24dee0f764d4	1728	1
work/ext7/2-1s1s1s1s1__group.1220__X1000	24aad8a2b613c98416014e7812a85c66	32	4
work/ext7/4-1s2-1__group.5148__X010	4d300e46b5475ea04b25040a55146c12	384	1
work/ext7/2-2s2-2s1c1__group.2700__C	4f3038efc31bee512b85b9675a6ac4cb	24	2
work/ext7/4-2s1s1__group.6092__T	dd3f6ee0cfa7c8b5e2f81a80bd247a4b	144	2
work/ext7/4-2ps2-2__group.5889__X011	407f25e1fc8d2fc404f370d73ddf7aca	144	1
work/ext7/2-2s2-2s2-1__group.3305__X010	3da8de7317709e828b09763017a2d690	144	2
work/ext7/5-1s1__group.7359__C	49f272b6f1fa7cc74e01efaad4cdaa31	640	2
work/ext7/2-2s2-1s1c1__min.361__X1	deae3ccbb784f5a0e6055fb1b7a89a52	12	2
work/ext7/4-3s2-1__group.7241__T	7e5f0c02d9fa8c82ca63009e06bda3a8	160	1
work/ext7/2-2s2-2s2-1__group.3280__X111	184f2f435c51478c4a5f174da8b94946	144	1
work/ext7/4-2s2-2__group.7073__X0110	c9b452ad6a36f7cb913437df17c05a2d	864	1
work/ext7/4-1s2-2__group.5570__C	5d85ef7b768ff97a5c888bffe3a33934	6912	1
work/ext7/3s2-1s1__group.3891__X100	085e2884ccdfb9fbc748af341de29d2d	192	2
work/ext7/4-1ps2-1__group.4418__X0101	70ec9f946a2876cd5dc93c58f062bdf3	128	4
work/ext7/4-2s1s1__group.6178__C	bf9b6e5d5b0d10e7c05b3c88b45b0375	72	3
work/ext7/4-2s2-2__group.6716__C	8e24c7242d838aa1428c12f351a85aff	3456	1
work/ext7/2-2s2-2s2-1__group.3352__T	47002582ec16b173cfff8fadd761e189	288	1
work/ext7/4-2ps2-1__group.5883__X010	64ae2c52f1f2ce3fb1216a322f21dbc9	96	2
work/ext7/4-2s2-1__group.6353__X100	f3aa4d0de0cb40cb559fc3e937c686d9	144	1
work/ext7/2-2s2-1s1c1__group.2025__X1000	ef58033b71abf9536e7a11689425c8c5	96	2
work/ext7/4-1s2-2__group.5672__X11	969c26a8da34cc8e43b15f09f16687ec	48	1
work/ext7/4-1s2-2__group.5845__X101	05d9a51ffbe4c7e815ad16aad45c6642	96	1
work/ext7/4-2s2-2__group.6744__X110	95fe758e05c30ea77cbb3ac94dd4bc2d	216	2
work/ext7/2-2s2-2s2-1__group.3197__X101	9005e81bf68065fc1f973c92af1bf3ea	144	1
work/ext7/2-1s2-1s1c1__group.1295__T	78178db0420b1fae6f23b83d60856c1c	32	2
work/ext7/2-2s2-2s1s1__group.2825__X1110	c27f1f325faa32b9030bd64e234f9d43	144	3
work/ext7/3s3__group.4376__X10	144e1e8f00e0f6ac373cdd61917f7446	576	1
work/ext7/2-2s2-2s2-1__group.3456__C	86aa26fbc9dcbd702518436bcae98026	144	1
work/ext7/2-2pc2-2ps2-2__group.1634__X001	9cc0a8114ec1135417a437b14695870a	72	1
work/ext7/4-1s2-2__group.5484__X1101	6f6601366bc961fdf3e7531ea8a515b7	192	1
work/ext7/2-2s2-2s2-1__group.3288__X100	6cbde746cb3264a530fcb8c31db3706f	144	2
work/ext7/4-2s2-1__group.6558__T	5e9e2b742a713002077a8080b936b610	576	1
work/ext7/4-2s2-2__group.6717__X0001	690e4f35795a1d017d15dccda3195167	1728	1
work/ext7/2-2s2-1s2-1__group.2530__X00001	0c43f99860c5bb465faf76f8f46ba4ec	384	2
work/ext7/2-2s1c1c1s1__group.1716__X110	dfa97e2cc996cd07a8f7d39840c2ee95	24	4
work/ext7/4-2s2-2__group.6635__X100	8862221535faebb0ec0a057beff3e75e	108	1
work/ext7/4-1s1c1__group.4507__X001	2c0a079d80086c0931bd79764c728ca3	32	1
work/ext7/2-2s2-1s1s1__group.2047__X00011	bf010c3a893ebab1480762f01f18bbeb	192	5
work/ext7/4-2s2-2__group.6969__X011	f2fa91291775f8911e50e1b70e41540f	48	2
work/ext7/4-2s1s1__group.6035__X010	88699fcfbd35648fb81df976bc8b94a9	144	3
work/ext7/2-1s2-1s2-1__group.1509__X1111	1fa24f1f11c92d629f2892c1266ddc04	128	1
work/ext7/4-2s2-1__group.6448__X111	5e9fc8575a3b04268445b7d86f658e08	288	1
work/ext7/3s2-2s1__group.4072__X01	4f33ad284e1fe4c3e0a1827de9a9125d	144	1
work/ext7/2-2s2-1s1s1__group.2034__T	05dc8c2b1c37bbdc06874ea827753a9a	192	2
work/ext7/2-2s2-1s2-1__group.2628__X001	fcba82521497695a20315e15231b3518	96	2
work/ext7/2-2s2-1s1c1__group.1991__T	bcb304c5fd62602c09e85d6a6d9aa7fa	48	2
work/ext7/4-1s2-2__group.5472__X1001	a45c12d9ac9942b00a3a689cefec5f16	192	1
work/ext7/4-3s2-2__group.7282__X11	6e03cb6696df1f489d2f86e08a8941a6	120	1
work/ext7/4-1s2-2__group.5813__T	aa94554da90d7648fd0aff872194aeee	96	1
work/ext7/2-1s2-1s1c1__group.1265__T	fb6c4b3f6c98acdc5713136e1b04890e	16	2
work/ext7/4-2s2-2__group.6935__X10	acfcb1d87077e0c0728b347781e15192	432	1
work/ext7/4-3s2-2__group.7341__X10	162aaa64da4a8b7b97de3682f678e2c5	720	1
work/ext7/4-2ps2-1__group.5877__X11	8265584f96da5e0c87b3a5d8cad196b2	48	1
work/ext7/4-2s1s1__group.6131__X101	e4821edeb51912f2b82be64f71200b60	288	2
work/ext7/3s3__group.4374__X01	b59ffae3006bc62db83399d30d74a763	576	1
work/ext7/2-2s2-2s2-2__group.3651__X01010	283eff5ad745859f73b298735628d34d	288	2
work/ext7/4-1s2-1__group.4974__X011	d375b77673c21af3823df684e6ae34f9	128	1
work/ext7/2-2s2-2s2-1__group.3390__X0011	74fc1925b2fcfb8e9ca39f046ebf0e28	288	2
work/ext7/6-1__group.7417__X011	115128d4f909481fda9a35b03ca0547d	1152	2
work/ext7/4-1s2-2__group.5786__X110	75aa1e441a6d54a1659f95ff3eba55ab	96	1
work/ext7/2-2s2-2s1s1__group.2948__C	23807db5b4d32bdcfd6e6b5b8e54b02e	72	2
work/ext7/2-2s2-1s1c1__group.1976__T	f1d242f83394e9d247d2fd7e618e50dc	48	2
work/ext7/2-2s2-1s1s1__group.2341__X1100	a6f07e40a9dad661451f025446d90fbb	96	2
work/ext7/2-2s2-1s1s1__group.2406__X0101	179722b8080f2ef0609a51116616d47e	96	1
work/ext7/2-1s1s1s1s1__group.1248__X10011	b5d0a74de6605e57f40f41e4ff0d29cd	64	10
work/ext7/2-2s2-2s2-1__group.3263__X001	a252788d7174bac55c5e1f2d21ad91b7	144	1
work/ext7/4-1s2-1__group.5046__T	7a991684e922312c76bdf228a8c3ea4a	192	1
work/ext7/4-1s2-2__group.5699__X100	3d803badfa38414815afc6598ae8883e	576	1
work/ext7/2-2s2-2s2-1__group.3429__X11010	b7a7c9e78e8c1e4e3961d9c39c2418e8	576	2
work/ext7/4-1s2-1__group.5196__X001	dd1593ada5e77de75219f96107c4bbc5	64	2
work/ext7/3s2-2s1__group.4054__C	25de4f052923d57cede6697d95c5d95e	288	2
work/ext7/2-2s2-2s1s1__group.3019__X001101	da96356f1061a4c696a6357e5b8e8f50	576	4
work/ext7/2-2s1c1s1s1__group.1774__C	55b854827070d47ac38166b44018e2fc	48	4
work/ext7/2-2s2-1s1c1__group.1931__C	98daae3c4fc4fdd1d18bea7124a87b77	48	2
work/ext7/4-1s1c1__group.4551__X001	6add5f16f399cbb06e7f5eb2ec07bfe6	64	4
work/ext7/2-2s1c1s1c1__group.1745__X1000	2f56383328288d4d630a8342d6a6fcb3	48	2
work/ext7/2-2s2-2s2-1__group.3188__X101	a89259bef8c0505166f4d2a7a4676707	144	1
work/ext7/2-2s2-2s2-1__group.3343__X0011	2a4a4b84dc26111e7c362a59e0510314	288	1
work/ext7/2-1s2-1s2-1__group.1594__T	c2326f160d7fb9df77177894e986a8c5	64	1
work/ext7/2-2s2-2s2-1__group.3348__X1001	e99adf5e478f8dc2277de69108bbab7c	288	1
work/ext7/4-1s2-2__group.5753__X0001	34d5e6a1de4e959da4ea5a19dcbb0c1b	768	1
work/ext7/4-1s2-2__group.5506__X010	351876b83faf384a5d72e760b17f82a8	2304	1
work/ext7/2-2s2-2s2-2__group.3589__X001	9460c84ec6f6e7139a831bc57e23015d	216	3
work/ext7/4-1s1c1__group.4571__X10	17d08a2421db337a0c9412110421fd4c	96	2
work/ext7/4-1s2-2__group.5599__T	f3bffa849dcac24c400ddcfaaced2afa	384	1
work/ext7/4-1s1s1__group.4911__X01	f3fa02c0c5cbd944a757c6f313aa9baa	96	1
work/ext7/2-2s2-1s1s1__group.2047__X00101	4a6657635b3e4cd2732ee649ce424558	192	2
work/ext7/4-2s1c1__group.5997__X001	2652eca09e81e54ee41c0c8f5c17b6a8	72	1
work/ext7/4-1s1c1__group.4490__X010	612d5e91329699266065bfbe585b5d58	192	3
work/ext7/4-2s2-1__group.6505__X01	5dbc3b0ca727f2d0d3b1d6cf9793c656	48	1
work/ext7/4-2s2-2__group.6730__T	fd7d35af46a479c3bb225814c67361f1	216	1
work/ext7/4-1s2-1__group.5142__X011	1cf65490da1a4b74e7314f3d91c75152	384	1
work/ext7/4-2s2-1__group.6363__C	2fdfd0170737063dd7aa99829f5206ff	288	1
work/ext7/3s2-1s1__group.3948__X101	73f890af25d67cde421b945f595b9a74	192	1
work/ext7/2-2s2-2s2-1__group.3433__X10000	9ac6b980838cd743f91e2cccb8f2449d	576	2
work/ext7/4-1s1c1__group.4458__X001	72a8a5435b22452e1cd39f4ba4793f7c	128	3
work/ext7/4-1s2-2__group.5428__X100	86210c41c548adcbdc219f3547d66c2d	192	1
work/ext7/2-2s2-2s2-1__group.3410__T	8edf5a6dc8120f3c3883933175dd688a	48	1
work/ext7/4-1s1c1__group.4450__T	d5973feb039c4237fb2da55fd005aaa9	1152	2
work/ext7/2-2s2-1s1c1__group.1967__X010	2c05c8a72298e2653b34e9fec2d879e3	48	1
work/ext7/2-2s1c1s1s1__group.1802__C	f87b5943ea07ecbe732dfd0937e0161c	96	5
work/ext7/2-1s2-1s2-1__group.1540__T	bf633a4dc43d539af602ad907e481138	256	1
work/ext7/4-1s1s1__group.4797__X1000	80c1327bd9310dd6e03ea6d7552eb180	4608	1
work/ext7/4-1s2-1__group.4949__X001	c451a0f57057f24a167c57fd71c135bc	128	2
work/ext7/4-1s2-1__group.5128__C	5b7d701f7fc8762797218832832d6abd	64	1
work/ext7/4-1s1s1__group.4651__X001	61e34404c190aec7105f6ce1fd040b09	16	3
work/ext7/4-2s2-2__group.6676__X010	04dc3193beb3018d4686c3afc98bc24f	144	1
work/ext7/4-1s2-1__group.5041__C	ae8d09da01d2550646cb4126e1d02138	384	1
work/ext7/6-2__group.7527__X11	70539f64968ba49311e935df114635fd	144	1
work/ext7/3s2-2s1__group.4082__X10	5a1072f438f5bea5cfc267f458f053b3	144	1
work/ext7/2-1s2-1s1s1__group.1352__C	490a24ac36bdd4d732504dd717ec4a75	64	2
work/ext7/3s3__group.4368__C	e098a015f69ea19bc6d034643235a339	576	1
work/ext7/2-2s2-2s2-1__group.3510__T	8132d126115b5d2e561020fbbdf5bfcc	96	1
work/ext7/3s1s1s1__group.3870__X011	727b904741d3fac10a32eddbb22713eb	96	2
work/ext7/4-1s2-1__min.510__X10	708a6f5c274320e8792d6803c5a1b1ce	16	1
work/ext7/4-3s2-2__max.20__X1010	a6f727f7f0c0971dd655d82ab4bd3af7	2880	1
work/ext7/2-2s2-1s1s1__group.2032__X01111	9304874a16fb73677ce2e96289ee5189	192	4
work/ext7/3s3__group.4344__X100	e6b7cc86772e57bc54d008ae50c26a8a	1152	1
work/ext7/4-1s2-2__group.5608__T	d5c5cb7a0a9a7dd7a0ba3c8b9e3c3779	384	1
work/ext7/2-2s2-1s1s1__group.2312__X0111	0264990c8ffbde3ec4098dc3b780cc8c	96	2
work/ext7/4-1s2-2__group.5398__X01	91cb7ccb076a603082d504f1cc07d996	192	1
work/ext7/4-1ps1s1__group.4417__C	0508eb2cd29601dacab5cdec9ea2ac14	128	1
work/ext7/4-2s1s1__group.6205__X101	03ecd9c79189aaf6a98177e751efec34	48	2
work/ext7/4-2s2-2__group.6720__T	a827202c088eb98f76c3ebe5d70f2125	1728	1
work/ext7/6-1__group.7418__X001	43d10a48e89023c7ba298132f6c54d0d	1152	1
work/ext7/4-1s2-2__group.5572__X110	001bc9b49a2c1b5e92972342cad934c0	384	1
work/ext7/5-2s1__group.7399__C	2a26e8a2095b5152f3af7a42ed8c5ea8	480	2
work/ext7/3s2-1s1__group.3936__X010	5b05522f4e050878cb6263dfe77898fe	192	1
work/ext7/6-2__group.7550__X100	2fcdd9d345d19d618b03d1956c2fdc7f	2592	1
work/ext7/4-1s2-2__group.5615__T	887a487b8c664bbf5aee25185bcbf27d	384	1
work/ext7/4-1s2-1__group.5257__X11	2cb3fff3202af0e87c6b523cfb454f62	64	1
work/ext7/4-1s1c1__group.4507__X011	39f6e83b67e2ba557c962050611ba747	32	3
work/ext7/4-1s2-1__group.5083__X1000	6b0f45f972f93a5e7dc54ea6ec8c690c	256	1
work/ext7/4-2s2-1__group.6528__X010	44b4f90d7e3aa3457ba369996c6c1c23	576	1
work/ext7/4-1s1c1__group.4578__X01	978a56dc5c7b33f1d6688bec0268dbf7	96	1
work/ext7/4-2s2-2__group.6827__X1001	1a227daa96cc3b4ba48ec912d03dbad5	288	1
work/ext7/3s3__group.4350__X110	1fd1648d54f167232fc862e658f467d9	1152	1
work/ext7/4-1s1c1__group.4493__C	cee3937f075775009d8e3b2b49bbc792	48	2
work/ext7/2-2s2-1s2-1__min.385__X10	e497a7fa0fb797fd148259188b9f7f53	24	1
work/ext7/2-2s2-1s2-1__group.2569__X100	69a83f7c7d1f3bb3d487b4e9a02f5c49	48	1
work/ext7/4-1s2-1__group.5261__X001	432cf25f287011c37b986e1211f4aba1	64	1
work/ext7/4-2s1s1__group.6220__C	a8986d34749a20dc6e65061c1de68b42	96	3
work/ext7/4-1s2-2__group.5847__C	6eea0d3fb80cc949c6932f6a9b86f787	192	1
work/ext7/4-2s1c1__group.5997__C	55abcbdda2e21332d65db7d2dba9d0f0	144	2
work/ext7/6-2__group.7547__T	b20735c371af586f943ee2f0e47a93f5	216	1
work/ext7/4-1s1c1__group.4513__X011	f385580aa940ba56dcf96aa2f1778a2c	32	3
work/ext7/2-2s2-2s2-2__group.3695__X1100	accc71a8186c6f2de168cc9b2def6e67	432	4
work/ext7/4-1s1c1__group.4509__X101	88b8930d7c94ce49be6e14d444f6d45b	32	2
work/ext7/4-3s2-2__group.7286__C	1a3296c6725cf0e085e61270cc37d716	240	1
work/ext7/2-1s2-1s1c1__group.1280__X101	cfe1713951e7942f099e90281bf3f659	32	2
work/ext7/4-1s2-2__group.5472__X1010	f3680b58b6357e4c4f89b2dadcdbd3ca	192	1
work/ext7/4-3ps2-2__group.7159__X01	21c0425c538697dd9b7fc174c8d85d7b	60	1
work/ext7/4-1s1s1__group.4804__C	6d862fc4ac4ca17bdf8a82000071e03d	96	3
work/ext7/2-2s2-2s2-2__group.3715__X1001	87d07c16919388d437aa307a31eca192	432	1
work/ext7/2-2s2-1s2-1__group.2660__X101	ee1cfbb033632ed7fa85f21ee3540531	96	1
work/ext7/4-1s2-1__group.5244__X110	0a7b2b3548e04651be6c0549afdc1fdf	64	1
work/ext7/4-2s2-2__group.6974__X01	db8c9d210e29fc4c0395dbb015bf060a	72	1
work/ext7/6-1__group.7480__C	c0b706f9bd8771669ee19560d0b70558	1152	1
work/ext7/3s2-1s1__group.3926__X111	7454869797da6903dabe5f24507c3e19	192	2
work/ext7/4-2s2-2__group.6819__X0011	367ab933ec383dc059fa41c4186f0702	288	1
work/ext7/2-2s2-2s2-1__group.3316__X1000	a59eed54825a4b933b173bb7cee82239	288	1
work/ext7/2-2s2-2s2-1__group.3195__X111	9a105b9f25250722248bf07d97d107c0	144	1
work/ext7/2-2s2-1s1s1__group.2174__C	8cf89f96e970b9886cada7bc0822e2aa	96	3
work/ext7/4-2ps2-2__group.5894__T	dacae19c5c18406e28423458ff59fcc0	24	1
work/ext7/3s2-1s1__group.3949__C	393fb81362303fdd966c7235a415b12f	384	1
work/ext7/2-2s2-2s1c1__group.2810__X001	df84b124c67e8d6b60ba9a021cd4349d	72	2
work/ext7/4-2s1c1__group.6001__X10	9903a733696855ad0f40e275c3f2069f	72	2
work/ext7/3s2-1s1__group.3971__X1110	7aacd498d81805e33c42792497b12ce9	384	1
work/ext7/4-2s2-1__group.6444__X010	d2c606fe3ed54c248db04537e12ab56e	288	1
work/ext7/4-1s2-2__group.5655__X01	acfa3051cc43a2b323caa22a5bc14615	48	1
work/ext7/2-2s2-2s2-2__group.3696__X1001	c03cf463318e2d43b18933c8ce0c5ed5	432	1
work/ext7/4-2s2-2__group.6898__T	edad8be58ca85193a1924cfd0e21ef3d	432	1
work/ext7/2-2s1c1c1s1__group.1722__C	c13f92f7e66ceb68366321587a8290d2	48	2
work/ext7/4-2s2-1__group.6547__X001	a6fbb1be53dd417eb2df3f48f15181c4	576	1
work/ext7/2-2s2-1s2-1__group.2451__X1001	677092cc67b92e30f17051866a5b23a6	192	2
work/ext7/4-1s2-2__group.5692__X101	f5d354752493e9afe0787c1e47825249	576	1
work/ext7/2-2s2-2s2-2__group.3602__X010	7455299f42c7b6534400cfabe09323a9	216	2
work/ext7/2-2s2-2s1s1__group.2938__X00101	defae2ae7bbed9f91a64cbf336eea613	288	4
work/ext7/2-2s2-1s2-1__group.2577__X101	35934d5c68c13abdc7a13d753e96e6ff	48	2
work/ext7/4-1s2-1__group.5179__T	0c2d7a0ec13a5b3326c7406777a98a5d	512	1
work/ext7/4-2s2-2__group.6925__X001	4af748fdabda8f74d71f068ac5adc82a	432	1
work/ext7/2-2s2-2s2-2__group.3709__X1000	5a41c8004f35c30529de2299bb9d7b17	432	1
work/ext7/4-1s1s1__group.4789__X1001	61921be737ef74f7cef57b9330769dd5	384	1
work/ext7/5-1s1__group.7368__X11	996ccddea0b1be8f90e85f87ee80e249	320	1
work/ext7/3s2-1s1__group.3903__X111	21c96b7691c47e6fbda95bd7ca33c2b1	192	2
work/ext7/4-1s1s1__group.4600__C	b979ad1d22396b1285d18f449ec313e8	256	4
work/ext7/2-1s2-1s1c1__group.1281__T	ed1a2e0b83c51efff424e6d78b6d4559	32	2
work/ext7/2-1s2-1s1s1__group.1324__X01	e7540a3ae568bbae151e5015ae31479c	16	2
work/ext7/4-1s2-1__group.5177__X0010	f739188f979fe0b096aa5e456240b766	512	2
work/ext7/2-2s2-1s1c1__group.1991__X100	7de0c7750e3be4e0ffaf663927240756	48	1
work/ext7/4-2s2-2__group.6681__X001	ba5e362760e3eb986b29eeba7f143042	144	1
work/ext7/2-1s2-1s1s1__group.1330__X010	70f08be2c4d8cda6fbd6304356e7eae4	16	2
work/ext7/2-2s2-1s1c1__group.1933__X11	fbbe6faba118a4b34f2ec17c3d17e851	24	2
work/ext7/4-1s2-1__group.4965__X1100	56bd69f15246a745de8c73c6cde52e7b	128	1
work/ext7/2-2s2-2s1s1__group.2866__X1000	59d8d6a26ef3605027bdec5ff0ff8dca	144	4
work/ext7/2-1s2-1s1s1__group.1354__X011	4cf84d31c1016b44945646c4f7a79f6e	32	2
work/ext7/4-2s2-2__group.7070__C	822a0d9ea8b29f65cacdd87eb6232813	1728	1
work/ext7/2-2s2-2s1s1__group.2819__X10	6285250c8d6186661c434c1734aca7c4	12	4
work/ext7/2-2s2-2s2-1__group.3373__X0110	0c4d7a8bb3fbf3590c0d414d89b1be57	288	1
work/ext7/4-1s2-2__group.5458__X100	6ccd0568c1ba847eed6c07a71931debc	192	1
work/ext7/2-2s2-2s2-1__group.3288__C	177368348b0e22899c63186b38df41c3	288	1
work/ext7/4-2s2-1__group.6498__X011	73f703f2a2218a81b028ac84d5fd7223	288	1
work/ext7/4-1s2-1__group.5233__X1100	86fc32314a6d895371871d2252c093f1	64	1
work/ext7/4-2s1s1__group.6043__C	3517f36bf38e4e93034dbbecf4e4af19	288	1
work/ext7/4-1s2-1__group.5183__X0100	da44f167d48afac6cfdc64103acf451c	512	1
work/ext7/2-2s2-2s2-2__group.3689__C	6bae135093addff7778944ceaa82398d	864	1
work/ext7/2-2s2-2s1s1__group.3098__X101	9b6da95974d24c90d030e52a8af93602	72	2
work/ext7/4-2s2-2__group.6655__C	d6785a53837d7805992b2b77ee35052f	288	1
work/ext7/2-2s2-2s2-2__group.3739__X100	46b3f0261bb3d7074b52e3e8c004c5f9	72	1
work/ext7/3s2-2s1__group.4174__X110	06880df1d40584351cb82811241fb203	288	2
work/ext7/3s3__group.4369__X011	d06e7c83ad24c54cab57097ba20f4b22	384	2
work/ext7/4-2s1c1__group.5980__X11	366ade995c09e1e39113eb84efc093c1	72	2
work/ext7/4-3s1s1__group.7224__X110	0ca1b5e3e320c4aaad31a65ef71135c4	480	2
work/ext7/4-1s1s1__group.4679__X01	f0ec32b141cf11b78bac31e31acf957d	192	3
work/ext7/6-2__group.7514__C	600aafe0f9071c97a870b4e50e178a75	2592	1
work/ext7/4-2s2-2__group.6769__X100	aa7ce10f6f53b003e1181f751929af81	216	1
work/ext7/4-2s2-2__group.6715__X0100	f49c03e1549933924be0b46416680a24	1728	2
work/ext7/4-2s1s1__group.6017__X110	d7580b8002a2e0c0dfbf10fb4fb8f26e	144	4
work/ext7/4-2s2-2__group.6978__C	00ff02a39dc0125dfbca803ef3be6ef7	144	1
work/ext7/4-2ps2-2__group.5894__C	591688d7e83ef9efa520329c4defd2dd	48	1
work/ext7/2-2s2-1s2-1__group.2678__X011	114eea9e6c01f8b23eae091e79fb6498	96	2
work/ext7/2-2s2-2s2-2__group.3615__X110	881a425b92183c9463e02208f9c0560a	216	1
work/ext7/3s1c1s1__group.3826__C	a6ea5a242d7a34a1f05cbe4e9d31fd5b	192	2
work/ext7/2-2s2-2s2-1__group.3305__X001	20917520394958a42f268503681978c2	144	2
work/ext7/2-2s2-1s1c1__group.1978__X110	bb4c5bd806194f60da9496f1053269f6	48	2
work/ext7/2-2s2-2s2-2__group.3768__C	b7aabba9a7b064f209221d22bbe0d098	1728	1
work/ext7/4-2s2-2__group.6806__X11	e97a9a3a9bd336c07aabc6c3947be1a2	216	1
work/ext7/4-3ps2-1__min.631__X1	254b6ff54f0a4eebb0e35bdd830f3b51	20	1
work/ext7/4-2s1c1__group.6003__X11	f95c69078f593074b593041731e2b50e	72	2
work/ext7/3s2-1s1__group.3970__X0101	9988b78e94ab35138b4d818c646bb5d9	384	2
work/ext7/2-2s2-1s1c1__group.1981__X110	57a7560377d28be02b5ce19bb886ba8e	48	1
work/ext7/4-1s2-1__group.5259__X010	b5dc617db0e200f23e5fb7c865e80394	64	1
work/ext7/2-2s2-1s1s1__group.2034__X00001	58b88823b1e98e3692861e6f5aad831c	192	1
work/ext7/2-2s2-1s2-1__group.2446__X0111	93dbd5a0060a53ed2c17138c25187ef7	192	2
work/ext7/2-2s2-2s1s1__group.2830__C	880c318f8165d081700fe8a62a72c18b	288	1
work/ext7/2-2s2-2s2-2__group.3519__X11	51b61c2c2932be9ce25a56cfd195e956	108	1
work/ext7/2-2s2-1s2-1__group.2699__C	c01e6d1b0b3e91540e92368c199f351e	192	1
work/ext7/4-1s2-2__group.5826__C	8379a29f1888fc70a6d2250284237802	192	1
work/ext7/2-2s2-2s2-1__group.3320__X1001	104e0d147adfc8a8e2bd5423bbc16412	288	1
work/ext7/2-2s2-2s2-2__group.3719__X0011	b260a7a01e98c9f9e5809b8fa30580bb	432	4
work/ext7/4-2s2-1__group.6418__X110	f7303359f8c39d9012ac58f433bf9662	288	1
work/ext7/4-1s2-2__group.5630__X011	2f29c6aa7e02c990fa6f0aee3d2cc3c6	384	1
work/ext7/3s2-1s1__group.4017__X01	89fd779ab837231e0c547620afc90794	96	2
work/ext7/2-2s2-1s2-1__group.2686__X011	8474cc944eb603697fc04550696276cb	96	2
work/ext7/3s2-2s1__group.4290__X0100	fb7a82276ffbcc5fc5c1a0007d44d831	576	3
work/ext7/2-2s2-1s2-1__group.2626__X111	d198894853e3805e4b16d2bb6a23e00c	96	1
work/ext7/2-2s2-2s2-1__group.3364__X1110	2bb596918304e0c01987fd152b1a3646	288	1
work/ext7/4-1s2-2__group.5440__X101	3d932d18fcf5c011c05a22e32ac0c9cb	192	1
work/ext7/4-1s2-2__group.5706__C	da9d9fc24bcc6a8b6937bd4512215359	1152	1
work/ext7/4-2s2-2__group.6855__X101	844b9a0946b28ad4ff4c6a81f53cd98a	432	1
work/ext7/2-2s2-2s1s1__group.3128__X011	acda79f67883c042ba29324af1cce7b4	72	7
work/ext7/4-1s2-2__group.5752__X1011	43224d57091513a179f99f90b87ab097	768	1
work/ext7/2-2s2-2s1c1__min.405__T	3f0f71f43f98b5fb7c9bb8498f1c1af5	9	1
work/ext7/3s1s1s1__group.3863__T	329bbfa72c5cfa4680088d7f89f0de3c	96	4
work/ext7/2-2s2-2s2-2__group.3581__T	0f72a95f709b4b9b44689d30ed2fa511	216	1
work/ext7/2-2s2-2s2-1__group.3491__C	4651d7b8874d7c708f21214fae4249de	144	1
work/ext7/2-2s2-2s1c1__group.2802__X100	386afda82be2230ffe3e97eaa2d280ad	72	2
work/ext7/4-1s2-1__group.5222__X100	e1ee926c98d1284cf972c0655c86e18e	64	1
work/ext7/4-2s2-2__group.6693__X001	963be55d7f00e4c6399464c042e8a270	144	2
work/ext7/4-1s2-2__group.5567__C	9a4c59470c2a4fa8ecae561ee47125f2	6912	1
work/ext7/4-2s2-2__group.6673__T	26db131d31fd9852303d0fb681098350	144	1
work/ext7/2-2s2-2s2-2__group.3756__X001	0acee05b40fd496718eedf37da723725	72	2
work/ext7/2-2s2-1s2-1__group.2488__X0111	e488e6f267edb957017c2424cb326a69	192	2
work/ext7/4-3ps1s1__group.7102__T	3b593db24d2571a70a63e785026ad57d	20	3
work/ext7/4-1s2-2__group.5541__T	6cac2946f2619e62310daeaa573d4b64	288	1
work/ext7/2-1s2-1s1s1__min.261__T	eff029a3e61cd5eaf071865854c09d80	16	4
work/ext7/4-2s2-1__group.6398__X1100	fffce2f1dfb7e105769ca5dc037ad19f	192	4
work/ext7/4-1s1s1__group.4861__X001	6fa558359007df0fb6a013de335ab3c5	64	4
work/ext7/4-1s2-2__group.5457__X111	6a54c5ff4063b8411fbc491dd74f6d13	192	1
work/ext7/2-2s2-1s1c1__group.1917__C	89f1cd44319eadc135aacb1be318e137	48	2
work/ext7/2-2s1c1c1s1__group.1721__T	8174cf7a60a2da8a53f419afc5585fd4	24	4
work/ext7/6-2__group.7528__C	32a8ee974e9b237e6fee78a35db76be8	288	1
work/ext7/4-2s2-1__group.6602__T	8523e9d884106a2590cc76498f8dc5bf	96	1
work/ext7/2-2s2-2s2-2__group.3604__X0011	b57321826793c006c951cfe33d26d868	216	2
work/ext7/4-1s2-1__group.5079__X001001	a43db002b278fb75539b063e51ce9fb7	256	12
work/ext7/2-2s2-2s2-1__group.3395__X1001	4144f508fde6996d669a1ecb73cabcef	288	1
work/ext7/4-1s2-2__group.5312__C	91cfb160f1598016ca9646bcb207ef2c	2304	1
work/ext7/2-2s2-2s2-1__group.3367__X0011	de1fc1ea6d460ac62487d385edd15300	288	2
work/ext7/4-2s1c1__group.5984__X10	f6c0540b422d20bc10cf2fe8cb8646b2	72	2
work/ext7/4-1s2-1__group.5014__X010	4d1b302e1c3b845c840b95ae457790e2	1536	1
work/ext7/4-1s2-1__group.5052__X10	6f914a8534814bf7fd1a0539016cd729	2304	1
work/ext7/2-2s2-1s1s1__group.2406__X1101	680c325015adce70c3045c0878e963ae	96	1
work/ext7/3s3__group.4353__T	bf0c3a600bef057d0c34b99d22b68f73	144	1
work/ext7/2-2s2-1s1s1__group.2326__X0100	62b7e2d3102e76d0946cff3df2569fbe	96	2
work/ext7/2-2c2-2s2-2__group.1684__X011	1f9d2e495141c391eae96d1246126593	72	2
work/ext7/2-2s2-2s1c1__group.2720__T	86b719aa971af87c762adeb0e90f56fa	18	1
work/ext7/4-2s2-2__group.6795__X11	d0a2a12c181e8aba76e48603173031f8	216	1
work/ext7/2-2s2-2s2-1__group.3394__X0100	a809787b4fd5c870b67e53cc8539e45a	288	1
work/ext7/1c1s1c1s1s1__group.1057__T	6feeb90bef0f669f57150ea43a5d8e7d	8	5
work/ext7/4-1s2-2__group.5772__X01	48f4a6c3dc1c1e24828caa291c064282	96	1
work/ext7/2-2s2-1s2-1__group.2569__C	7b7c8b162bc1534022729d267ce06e52	96	1
work/ext7/4-1s2-2__group.5644__C	1de0bb132bf366d9b70440557f6c6183	864	1
work/ext7/2-2pc2-2ps2-2__group.1630__X10	9223e737f3311cdc3903137776bdad4e	36	1
work/ext7/1s1s1s1s1s1__group.1070__X0101	e4a66b6a46191976700375ef79c8da64	16	2
work/ext7/4-2s2-2__group.6831__X00100	24408c0d3343f1701c95d5b710c8b9b2	3456	2
work/ext7/4-1s2-2__group.5853__X10	1d913f87abe8478d6b08104c33163c27	96	1
work/ext7/2-2s2-2s2-2__group.3640__T	02aec1ef4ad61720d67384d6335114be	216	1
work/ext7/4-1s2-2__group.5452__X111	aecaf0ee0bd20a16261e1b4e40d3546c	192	1
work/ext7/4-1s2-1__group.5010__X1001	63623faa0b39b7f272b062afa5ccb6a4	128	1
work/ext7/2-2s2-1s1s1__group.2031__X01111	d830f429f07ad5cd04a9f1bc808d176f	192	3
work/ext7/4-2s2-2__group.6859__X011	d920cab63198a4a4d9df91034d7a31c2	432	1
work/ext7/4-1s2-1__group.5176__X1100	3373ef292efd841324e96f6b7d95a94d	512	1
work/ext7/4-1s2-2__group.5758__X0110	28a64322c69f64e02eabe0120290549a	768	2
work/ext7/4-1s2-2__group.5753__X1111	fea83fc883cf18f826fffd91d4cc784a	768	1
work/ext7/2-2s2-2s2-1__group.3380__X0010	3b424bc43ab1ac0f7a2f5bcd3f7c2b5d	288	2
work/ext7/4-2s2-2__group.6706__X0011	85e819acc30331fa065cb996447d6424	1728	1
work/ext7/4-2s2-1__group.6524__X100	3fe47d2b8c9704e8cc1ebd9b8d2b2cf6	576	1
work/ext7/2-2s2-1s2-1__group.2595__X101	a244e14232d75ddb00ae678b1d039cfd	96	1
work/ext7/2-2s2-2s2-2__group.3761__C	e7e6a96c22c3cac0fee6739da2a0d5a2	1728	1
work/ext7/2-2s2-1s1s1__group.2357__X1100	7048e5a624059f3c1a98ea60ae5d73d6	96	2
work/ext7/2-2s2-1s2-1__group.2485__X1101	63c9d65a1578606fca9d87f0664483c1	192	1
work/ext7/2-2s2-2s2-1__group.3426__X00001	54bcaaa75a75223822c255fbf74b8e62	576	2
work/ext7/2-1s2-1s2-1__group.1598__T	a0ed7bcadae344af61a02aba9f4db5f5	64	1
work/ext7/4-2s2-2__group.6636__X01	72bc0ba3a44b428fa43b80b1e68bdb51	108	1
work/ext7/2-2s2-1s1s1__group.2365__X0100	f8a7504fd1fc377fb695cbf12e21b00d	96	6
work/ext7/4-2s2-1__group.6537__X0110	a2b9ffc44840e6c17b4fe13dcca3a093	576	1
work/ext7/4-2s2-1__group.6464__X100	b70d79c0a8c3730b0c1e8ac5b628d6f5	288	1
work/ext7/4-2s2-2__group.6816__X0110	51820e78ae2b494d7056ad0b9ad52a4b	288	2
work/ext7/2-2pc2-2ps1c1__group.1612__X1	02cf3b7333d6fdd11c41d3eb4bb1d177	6	1
work/ext7/3s2-1s1__group.3970__X1111	cc04df872ecd5d0b4b221bb2f20387a9	384	2
work/ext7/4-2s2-1__group.6569__X0010	5a9c514fe7141847daa818ba0963e919	576	1
work/ext7/2-2s2-1s2-1__group.2551__X010	568a8b91ba91972515a4a71aadaa235f	48	1
work/ext7/2-2s1c1s1s1__group.1793__T	c2bc0a46c72d7a3d41f68f4e6d685a8b	48	4
work/ext7/2-1s2-1s1s1__group.1370__X101	714892231299fc74632ef4785bc37c0e	32	2
work/ext7/3s2-1s1__group.3920__X011	8ccd1ae7a1bed057525f1dd6e5de09cd	192	2
work/ext7/2-2s2-1s2-1__group.2574__X010	3bdc3609483d4d497a92dffc9a6054b3	48	2
work/ext7/2-2s2-2s1c1__group.2784__X011	bb0260f1ada7f6380f5e7bdb5fba3bae	72	3
work/ext7/4-2s2-2__group.6714__C	191496d121522001dd3f453194126a27	3456	1
work/ext7/6-1__group.7440__C	3c3244845860823ad679055ba2eccbd8	384	1
work/ext7/3s2-2s1__group.4165__T	f4ebb88e8d3ab5eb5407e2c439dd6635	288	2
work/ext7/2-2s2-2s2-2__group.3542__X01	454a8f8759f343bf821b943f1163cdd1	108	3
work/ext7/4-2s1s1__group.6299__T	9502a2044e489f9b6b020ad6abd10455	96	2
work/ext7/2-1s2-1s1s1__group.1450__X0101	581eb402c17d6ee3493517251267fe51	64	8
work/ext7/2-1s2-1s1s1__group.1329__C	9227b4177cf67aa4a642f43a213e3c5e	32	4
work/ext7/2-1s2-1s1c1__group.1296__X001	3305ad62eb8e56c6b94f040e92f3aa54	32	1
work/ext7/2-2s2-1s2-1__group.2515__X0001	8d35e4066c0257934861c3132e96ca1d	192	2
work/ext7/4-1s2-1__group.5187__X1011	5fa8f1f4e906917f218f2cbd21bd8819	512	2
work/ext7/2-2s2-2s2-1__group.3346__X0100	6fb4272fd0ff595b82b5e4f6f0c3add1	288	1
work/ext7/6-2__group.7574__X011	3b70e224e4e0f410b4c5d74543f01fc2	432	3
work/ext7/2-2s2-1s2-1__group.2504__X0100	e1b59e4960a5a3258427cd58ec5fb27f	192	1
work/ext7/4-1s2-1__group.5220__X1000	bb53552f1d4d18e3bbcf4d3140cad099	64	2
work/ext7/4-1s2-1__group.4997__C	761c623fab03ddfa89825d60fd0c7a38	256	1
work/ext7/4-2s2-1__group.6552__X0011	f9c4f5eaf730ad6464f71cab5d37556a	576	1
work/ext7/4-1s2-2__group.5726__T	880c3350adbf66435b958dcc8053a8e9	576	1
work/ext7/4-2s2-2__group.6823__X1110	e4e150458d7b8e1699e87e1c066fbce4	288	1
work/ext7/2-2s2-2s1s1__group.2813__T	8874c1f971f376b8712800c664549b56	12	3
work/ext7/3s1c1c1__group.3773__T	513499a63b6bd2f68873fb28785cf1e4	24	1
work/ext7/2-2s2-2s1c1__group.2772__X11	fd4e8612f60b4a855a8497e4b6ee018b	36	2
work/ext7/4-2s2-2__group.7035__C	6558ad3ca9f57c38b7a46278b52e959a	1728	1
work/ext7/4-1s2-2__min.538__X10	6deb13a4a0451660e1d9da3e1381a2de	48	1
work/ext7/2-2s2-2s2-1__group.3362__X1000	53610ca0b78705abdd7b77d18afb4511	288	1
work/ext7/4-2s2-1__group.6422__X111	be9e8d447e12d8024aa7db6fb4a2c8e0	288	1
work/ext7/4-1s2-1__group.5187__X0101	ba3d7501a160cfd7d81c86965ed552d9	512	1
work/ext7/4-1s2-1__group.4932__C	4b68070a40814826d5c280a8001b8e28	2304	1
work/ext7/2-2s2-2s2-1__group.3292__X111	05c34b4c6fb10aab6c34c12b8c263185	144	1
work/ext7/2-2s2-2s1s1__group.2895__X1100	4888f171318b05f4b61e8f3695a872ba	144	6
work/ext7/4-1s2-1__group.5113__X1000	3ed4c17c9469b1fd95865451fa09f287	256	1
work/ext7/4-1s2-1__group.5051__C	4a6e5fd7a396c59443885109a2acbc6a	4608	1
work/ext7/4-2s1c1__group.5963__C	0f69f6637f9931c7cac5505b98b05029	72	3
work/ext7/2-2s2-2s1s1__group.2863__T	1051d500761a57d363a16e9b7ca6881d	144	2
work/ext7/2-1s2-1s1c1__group.1292__X101	440594a6cd27de6e33a589cf57dff01c	32	2
work/ext7/4-1s2-2__group.5632__X0001	d4a464b8703793b1d18b3c64955d221b	384	1
work/ext7/2-2s2-2s2-1__group.3229__X001	240cf65b1a8644d801eb84c825d9a756	144	1
work/ext7/4-1s2-1__group.5062__X001	8d15c77eaeb289c6fc944a7604a9d33c	256	2
work/ext7/3s2-2s1__group.4222__X011	fbbc0dae75b7c9ee977865702e2855fc	288	2
work/ext7/4-2s2-2__group.6804__X11	d3a8e2316a323a61bcd1a045207d0893	216	1
work/ext7/2-2s1c1c1c1__group.1695__T	a346957e7199734504aca127196bd627	6	1
work/ext7/3s2-2s1__group.4170__X101	18b46d9d14d71e6127f4de3a64d0a39f	288	2
work/ext7/4-2s2-2__group.7088__X010	8123af81cba164ab4659ba5f9343776d	864	1
work/ext7/4-1s1s1__group.4607__C	49877262db9e5f22e8dfb876a46fae58	256	3
work/ext7/4-2s2-2__group.6924__X101	2860af28134829a87a9b3f5bc9d82e96	432	1
work/ext7/2-2s2-1s1s1__group.2246__C	062ec0fc4b4cb1a1a9a48ff18b974303	96	4
work/ext7/4-2s2-2__group.6712__X0001	5431941e097136f9f59cedea108c3cdf	1728	1
work/ext7/4-2s2-2__group.7057__X1010	ce86fbd7f2c3e6f5e42bcd4b70a6c6a3	864	4
work/ext7/4-2s2-1__group.6351__X01	ccc9352312dff4b78563fcafd377e4dd	144	1
work/ext7/4-1ps2-1__group.4427__X001	dc7d82c1e897c4b7362747d4c8fe1445	64	2
work/ext7/3s3__group.4363__C	9fc4fe38e0d7d6fc16b5a056a567f182	576	1
work/ext7/4-1s2-1__group.5269__X11	d0c8bd777e740134a0c9e1d7bc69ba22	768	1
work/ext7/4-2s2-2__group.6992__X001	6e0192832b269ba0a8385d1d068a81ea	72	1
work/ext7/4-2s1s1__group.6273__T	3f1a3d349b3710ef7cfc8fb5ab433e31	72	2
work/ext7/4-2s2-2__group.6866__X010	ef64ec83f941c596284fc14346fb4bfc	432	1
work/ext7/4-1s2-1__group.5065__C	1d64857dae3644f79c9333a327c55399	512	1
work/ext7/6-2p__group.7618__T	0b02c5420772feb6b883f94f073bf388	18	1
work/ext7/4-1s1s1__group.4723__X010	1372ddafb4b4972b2fc8b195920ccbf1	32	3
work/ext7/3s3__group.4344__X101	30d24a8c71ef525fa5a7f334140786c5	1152	1
work/ext7/4-3ps2-2__group.7148__C	c6dc27a2de6e679b0ca484f971f102ad	480	1
work/ext7/3s2-1s1__group.3997__X01	36780e0e1bd12f7b727390886cd1ae29	96	1
work/ext7/2-2s2-1s2-1__group.2484__X1101	9325974e208f67b78eb98e8e0d23bc7d	192	1
work/ext7/4-1s2-1__group.5016__C	80986e477fd61815899c4d7567028ec7	3072	1
work/ext7/4-2s2-1__group.6380__X010	b3b264a50d372b579a38a626437e71c9	144	1
work/ext7/2-1s2-1s1s1__group.1459__X0100	e3c85c12058c2b67edc31d4d5274e1c5	64	3
work/ext7/2-1s2-1s1s1__group.1453__X1101	560d3b8dce3307eb8af2e693ad484b99	64	2
work/ext7/2-1s2-1s1c1__group.1258__X00001	9ca727bb8157e144c4e4e5c43519f0c2	128	1
work/ext7/4-3s2-2__group.7280__X01	14aeb06a60364de465df89e1b6eedf4a	120	2
work/ext7/4-2s2-2__group.6690__X110	ea362ac4083a014664af0f673fac9250	144	1
work/ext7/4-2s2-1__min.598__X11	05ccfd573da24cef9d55f96ca572a3f9	48	1
work/ext7/4-2s2-2__group.7085__T	b46a580e223fc26761d4858f7a042a19	864	1
work/ext7/4-1s1s1__group.4727__C	1eacb8ca87f5ed531dd39047b030ced1	64	4
work/ext7/4-2s2-2__group.7008__X01	cb2293ca0b128c9c9b77b97262985e1e	72	1
work/ext7/2-2s2-1s1c1__group.1978__X011	3fa5e53f7c2d8cfedf8bd4ae0394954c	48	2
work/ext7/4-1s2-2__group.5320__T	991e0ba7b43228d2a6afafbb2f9c6a70	1152	1
work/ext7/4-1s2-1__group.4994__X0001	392ddd0d7ae4da66aa54f49763630a58	128	1
work/ext7/2-2s2-2s2-1__group.3274__X011	72d62f529830dd136f402dedcc4b88b9	144	1
work/ext7/4-1s1s1__group.4689__X001	0d8cd2194678ea2ad91d7a6653ab8fac	2304	1
work/ext7/2-2s2-1s2-1__group.2595__X100	b82257bb84e1c269498d6b3de7cf5453	96	1
work/ext7/4-1s2-2__group.5734__X011	f18f4f7deffe0d884d9f606d141b6c8a	6912	1
work/ext7/6-1__group.7445__C	693ad01fbe2441564d2b02c0ba22b320	384	1
work/ext7/2-2s2-1s2-1__group.2634__X010	0404eb0f0bba9a7bde1d4959fc147f9d	96	1
work/ext7/4-2s2-1__group.6425__C	fc34ccf14749b0b3fe01f878f64cca65	576	1
work/ext7/2-2s2-2s2-1__group.3439__X00010	d955e8cfd4252443933fa75baba8fe49	576	2
work/ext7/2-2s2-2s2-1__group.3330__X0111	8167cd798ea8bf5aa26776973bf96ff8	288	1
work/ext7/2-2s2-2s1s1__group.2959__C	73dfd2bb93a9dea5967ebcfd355b19df	72	3
work/ext7/4-3ps2-2__group.7142__T	92a72cf783b703f9ed470f65fcba812f	120	1
work/ext7/3s2-2s1__group.4282__X11	5f37d280cdfa07ca97e4ab503245d2e4	48	1
work/ext7/4-1s1c1__group.4512__T	25c1da46ffb0634a889bdccb24f037a8	32	2
work/ext7/2-1s1c1c1s1__group.1113__X101	05c83b2773b7b498987ae9e3e86e4552	16	4
work/ext7/4-1s2-2__group.5394__T	a04a6e3c66b940b46aafa506741b6e8a	192	1
work/ext7/4-1s2-1__group.5128__X110	dc94142067f514ab21e4845b36b1d961	32	1
work/ext7/4-2s2-2__group.6859__T	240d1197575d3346a3ca05575ce4a69c	432	1
work/ext7/3s2-2s1__group.4322__X10	55b58e766cda4107059331dab25b991d	72	1
work/ext7/2-2s2-2s2-1__group.3207__C	7e8ddb9da882c1f55c59b24c27a83fd3	288	1
work/ext7/4-1s2-2__group.5455__X010	22e6b57634578d0ec048f28314e908ec	192	1
work/ext7/2-2s2-2s2-1__group.3437__X10011	d8d204d802bfae84f1fae2550deeeaae	576	2
work/ext7/2-2s2-1s1c1__group.1944__X10	14c5b5e2b921725830d21634e557d55a	24	2
work/ext7/6-1__group.7470__T	6d94c836b4f5492736d91ac7c66d3719	384	1
work/ext7/4-2s2-2__group.6983__C	1d4d03165f56aaf87af0fd5aa3d2c25e	144	1
work/ext7/4-1s2-2__group.5462__X10000	607e638fd8b760178925d2a6506c2855	192	1
work/ext7/4-2s2-2__group.6937__X001	b859f0438e7b0bf77f3542ddcc0a4eb5	432	1
work/ext7/2-2s2-2s2-1__group.3433__X01011	409864468c2732f145d6ccae378dd5cb	576	1
work/ext7/4-2s2-2__group.6885__C	81ebe036212089200b39860efc18285a	864	1
work/ext7/2-2s2-2s2-1__group.3247__X100	6478789db1aad3af531f6ac989406129	144	2
work/ext7/2-2s2-2s2-2__group.3556__C	3d24ec312566dfc7ff3888caad1246b5	288	1
work/ext7/3s2-2s1__group.4246__C	d687a79edf32955bb04b29f9fe036199	576	2
work/ext7/4-3s2-1__group.7260__C	f10e4f6f0e9e6b8938a4f30e51479f13	960	1
work/ext7/4-2s2-1__group.6470__X111	0c3a98695328e88b387d21e118e0cd59	288	1
work/ext7/2-2s2-1s1s1__group.2325__X1011	f8dec82422e1089407bd444ccadc4cce	96	2
work/ext7/4-2s1c1__group.5994__T	18aed979f9c7b67d746b7edd0a66d3c3	72	2
work/ext7/4-1s2-1__group.5247__X110	9aed0ae271892af0f9f5fd6a771f904a	64	1
work/ext7/4-1s2-2__group.5357__T	c253c9c7a1787756a79303b751a42070	144	1
work/ext7/4-2s2-2__group.6697__X101	acfd7a54af989ee3991bb482f1c86591	144	1
work/ext7/4-2s2-2__group.7076__X001	622a864e434e6f3692405d73b10463c4	864	1
work/ext7/2-1s2-1s1c1__min.252__X11	f728900dbe2955f8d2ed9e798c787cea	16	1
work/ext7/4-2s2-2__group.6898__X100	cec409ddbb8efc0460ab2520d0dc37b2	432	1
work/ext7/2-2s2-1s2-1__group.2611__X100	a15c4e360a773f3ca0db09e495e62a22	96	1
work/ext7/2-1s2-1s1c1__group.1290__C	9e39bb03d69fd97d30b8525136900e5f	64	2
work/ext7/3s2-2s1__group.4085__X01	db77eaf4ea34721be562b44b975b2dc5	144	2
work/ext7/2-2s2-1s1c1__group.1993__X001	d130ced6eda9b03c6bab89f8b8c1dcbe	48	1
work/ext7/3s2-1s1__group.3943__X110	002eb2c2468c9f8360cd9350e006e749	192	1
work/ext7/2-2s2-2s1s1__group.3048__X011	4157ff2a0c386064007510990f8cece6	72	3
work/ext7/4-1s2-2__group.5613__X101	fdbf616c40c74491a19282f21406e503	384	1
work/ext7/2-1s2-1s1s1__group.1379__C	41afb59fade2d7bf4dff9b8594c0810d	64	3
work/ext7/4-1s2-1__group.5021__T	78c67f7e4074feef008a7fbdef67fa99	1536	1
work/ext7/4-1s2-2__group.5848__X101	2685f8aca801b35f60db8239a8e59629	96	1
work/ext7/4-2s2-2__group.6752__X11	5b4c5344713273744163f1b997a16902	216	1
work/ext7/4-1s2-1__group.5293__T	41d342c52d5c4d3b00cd6ba4e2f75f95	96	1
work/ext7/4-1s2-1__group.5158__T	7775a3480b6be2598e883ff8f1fa3aaf	384	1
work/ext7/4-2s2-2__group.6827__T	df6cfbab0c763a4bef47ff9f74190905	288	1
work/ext7/2-2s2-1s2-1__group.2504__T	f8e5ce8e1f9f41c56d798702f42f637f	192	1
work/ext7/2-2s2-2s2-2__group.3612__X110	8469d2d3ef609d7047d0c012f5148936	216	1
work/ext7/4-2s2-1__group.6462__X111	17a44ef2bcd42374a7d290d376a0fe6e	288	1
work/ext7/4-2s2-2__group.7046__X100	cc78e5a7116b33dd596142abef501893	864	2
work/ext7/2-2s2-2s2-1__group.3240__T	f11e60e1f71a3f8aaa45fb2e3af0de58	144	1
work/ext7/3s2-1s1__group.3905__X011	8255cc48bb16ae7c68179dfd3dfb8416	192	3
work/ext7/4-1s2-2__group.5404__X111	39eca2259cb0114374995804834476c5	192	1
work/ext7/2-1s2-1s1s1__group.1451__X1010	878aeaab7e6187ab35b266cfb0d13489	64	2
work/ext7/4-1s2-2__group.5370__X10	2a32ddc587921b69634f56aa03905eef	144	1
work/ext7/4-2s1s1__group.6100__C	9736952011fb8719e664879691364ab3	288	4
work/ext7/4-2s2-2__group.6871__X100	78ad195ef2ce33bed8e3a5347e8a7e60	432	1
work/ext7/2-2s2-1s1c1__group.2024__X0110	bd33a8d985bac8be03567da8dabf4aec	96	3
work/ext7/4-1s2-2__group.5506__X101	eaa9bad3a4150da7c22fe1ef76921d15	2304	1
work/ext7/2-2s2-2s2-1__group.3288__X010	51994b2cae01412899e1eb166622a0ce	144	1
work/ext7/2-1s1c1s1c1__group.1137__X01	c27c8650255ca3ac40721c18b684ebc6	8	4
work/ext7/3s2-1s1__group.3968__X0010	de66d9d05f7239022f56b8b08198d144	384	2
work/ext7/4-1s2-2__group.5473__X1001	4f1a4bb2242b45602e96a22549051866	192	1
work/ext7/4-2s2-2__group.6806__X01	a1a7d4e6a3e10f2ffccff0d1b5107d21	216	1
work/ext7/4-2s2-1__group.6544__X101	9da79bd741c66e3819f3eebe4f25779a	576	1
work/ext7/2-2s2-2s2-1__group.3398__X1000	7f7a1531a4721104dbecda49ac150a46	288	2
work/ext7/2-2s2-1s2-1__group.2599__X011	118e53720c55fe34f5507a102b5f4d4a	96	1
work/ext7/2-2s2-1s2-1__group.2637__X101	e6ebef225e90c2f0dae632f87ecc802a	96	1
work/ext7/2-1s2-1s1s1__group.1484__X1001	6722c3278aed9f38ab9e39ae70b0a5b2	64	3
work/ext7/4-3s2-2__group.7297__C	c30c4e80193feb68473931216943724a	2880	1
work/ext7/2-1s2-1s1c1__group.1290__X100	f75df1e11fb4b22e8d2721a9e4ce923c	32	3
work/ext7/4-1s1s1__group.4895__X100	d4c3824e8ae0999f1be3c33b2c0e09fd	768	2
work/ext7/2-2s2-2s2-2__group.3687__X1001	745f13a6b4fd5b616813e055a8c534ff	432	1
work/ext7/4-1s2-1__group.5099__X0101	08e90ba3afb69e77a4e0ba7b98b77239	256	1
work/ext7/2-1s1s1s1s1__group.1226__X1011	01b3606a2bb302b4662f7f2c0a266106	32	2
work/ext7/6-1__group.7440__X001	3d884c177a09aeb625f3c8775dfd9524	192	1
work/ext7/4-1s1s1__group.4749__C	e503b1446ef3e877df586673d820a025	64	3
work/ext7/2-2s2-1s2-1__group.2589__C	ff7633c342168e21a3dc50a0f4f2efdb	192	1
work/ext7/3s2-2s1__group.4283__C	80d3913ef5c2348f6c7dd79a56f3c681	96	2
work/ext7/2-2s2-1s2-1__group.2643__X001	7f05c72c150fe30175bd252bb7445953	96	2
work/ext7/2-2s2-2s2-1__group.3372__X0110	1961c4d297e1431e4468ba5ceee0db24	288	1
work/ext7/2-2s2-2s2-1__group.3433__X00101	db15f22b1b6337c220a6f0b97604b008	576	2
work/ext7/3s2-2s1__group.4119__X100	7b6816f2164e345e0c0b3217dddd9898	144	1
work/ext7/4-1s2-2__group.5813__X11	2b2db65dbdbdc0c092d13ee5da0869c6	96	1
work/ext7/2-1s1c1s1s1__group.1175__X0101	28d14ac81d977eae0952715bb4b8a74c	32	3
work/ext7/2-2s2-2s2-1__group.3346__X1110	5738733a3b2a692bb13995398a1a17f9	288	1
work/ext7/4-1s2-2__group.5839__X0111	ebd103cb09202ebf15e3fe4b0f3686e1	96	2
work/ext7/4-2s2-1__group.6461__X011	7e468be147e1a43c9558c0d78c30feee	288	1
work/ext7/4-2s2-1__group.6463__T	1f92fc08cd95719f5a107f879c8f0ce1	288	1
work/ext7/4-2s2-2__group.6911__X101	8ce586f24fb9fb84f128f6aa46a71d7e	432	1
work/ext7/4-2s2-1__group.6591__X110	0abb7ca27dcda66b87069f0f512e7e4d	96	1
work/ext7/4-1s2-2__group.5798__X010	8ae041a6876e53e718d864087c0a2c65	96	2
work/ext7/2-2s1c1s1s1__group.1768__X010	060a87f98fa78440a4d1f7f0d50053ee	24	6
work/ext7/4-1s1s1__group.4896__X111	3587d0dd498b8911fb6d8c0596968827	768	2
work/ext7/4-1s2-2__group.5315__X100	dc02ed2189ddc19f06d67dadfe1c076d	1152	1
work/ext7/4-1s2-1__group.5197__X0011	fed9bbda897cb78b83c060811b316df9	64	3
work/ext7/4-1s1s1__min.502__X10	889efcf4818e62bcdbc0dd6fff4a6d8e	8	3
work/ext7/4-1s2-2__group.5488__X01011	2cbba1eed08642981e3c9a278582713a	192	2
work/ext7/2-2s2-2s2-1__group.3209__X001	e9cce11a0eb8e4dfa3b0486f7759b4ad	144	1
work/ext7/2-2s2-1s1c1__group.1915__X11000	b3ca2bdbbf2e5348c1b4a82590fe14fe	192	3
work/ext7/3s2-1s1__group.3924__C	f6a50c0d80d146f6cf5e357294bca368	384	2
work/ext7/2-2s2-1s2-1__group.2465__X1111	109848ce9ebc82f48ddc1fab90f2aa52	192	1
work/ext7/2-2c2-2c2-2__min.299__C	29737e2f19f17c1a313599d14afe2484	12	1
work/ext7/2-2s2-1s2-1__group.2454__X0001	73ba5cee37711c4f7836f0817aa0f56d	192	1
work/ext7/2-2s2-2s2-1__group.3492__X100	733e5b5bd114b49da9e6e07c148e4093	72	1
work/ext7/3s2-2s1__group.4303__C	85b085abb8941f15af4cc346c27ad687	1152	1
work/ext7/4-1s2-1__group.5258__X010	488f4fc71b2496260121f0ef39d2f618	64	2
work/ext7/3s1s1s1__group.3835__T	96dd9595443e7011d6caa8d631904e33	192	3
work/ext7/4-1s1s1__group.4791__C	9cfd344b5edc21590bccd7c57f360a1b	768	2
work/ext7/4-1s1c1__group.4531__X01	3febaa413df2b096a087c24df26bb6f8	48	1
work/ext7/4-2s1s1__group.6190__X101	b2e128f757f26e1f86dc4318aa24bddd	48	4
work/ext7/4-1s2-2__group.5701__X101	72e6f7f88fc2028aa3872da71c0f1500	576	1
work/ext7/2-2s2-2s2-2__group.3760__X01001	e7a122381a75b2076cc9555771a77bed	864	4
work/ext7/4-2s2-2__group.6856__C	b77a048fc782ecf3381783760a93ff31	864	1
work/ext7/2-1s2-1s1c1__group.1279__C	5f4ae9914420179d089890b613e9a7ef	64	2
work/ext7/2-2s2-1s1s1__group.2185__X100	cbfaef78d97bc21e07a356b4ff9bb490	48	3
work/ext7/4-1s2-1__min.512__X10	19d9e5d54e31d66b92f06ba4c17226e1	32	2
work/ext7/4-1s2-2__group.5466__X001	6c1800f9b6aa72af91e8aed4e44a29fd	192	2
work/ext7/2-2s2-1s2-1__group.2444__X1010	bf3532792f9dcb315f91db1449309a2b	192	2
work/ext7/4-2s2-1__group.6314__X1101	846f1af42ec029fdfbdb619d402ae9cf	1152	1
work/ext7/1s1s1s1s1s1__group.1072__X0110	3ee1b5cf538972d67494f276f30ce744	16	14
work/ext7/1s1s1s1s1s1__group.1072__X0100	8d90b69be28fedd60293fa8830d392c4	16	16
work/ext7/4-2s1c1__group.5964__C	c1bf4555bf8573da41dcd5cd75ddea58	96	3
work/ext7/2-2s2-1s1c1__group.2024__X0111	50c7762bd11136c5023fa091c0502e87	96	4
work/ext7/4-2ps2-2__group.5902__C	9891137b7ed7a791597d20501b541553	144	1
work/ext7/4-2s2-2__group.6907__X010	81bfddbf966f6d3dd7f1f396a57b4e0b	432	1
work/ext7/4-2s2-1__group.6458__X0010	da082d7ee8464336dcae50ec57a0b32c	288	2
work/ext7/4-1s1c1__group.4506__X100	1981a0e8740315a170d808c91a68a7db	32	1
work/ext7/4-2s2-2__group.7059__T	455d13770031cb9ebceaad595fedf104	864	1
work/ext7/4-1s2-1__group.5086__X100	bf886757d21e713e677747e21e06095c	256	1
work/ext7/2-2s2-2s2-2__group.3589__X100	920dd2162e7f6d3b82a3140c7b72c6d5	216	1
work/ext7/4-1s2-2__group.5585__X010	85f873e242ca0e6e86e6ec3e80fe473c	384	2
work/ext7/4-1s1c1__group.4530__T	6d538a60f50acd0685b32c24836d3968	48	1
work/ext7/4-2s2-2__group.6909__C	3a5c7879fd18d2d61d44b4aef2278010	864	1
work/ext7/4-1s2-1__group.5193__X100	73c963d646fd38df8ba92ade3fc159cd	64	1
work/ext7/2-2s2-2s2-1__group.3374__T	92656b92d605aa74faba600c4fd5406e	288	1
work/ext7/4-1s2-2__group.5824__T	2c9fe34dd44f16f4fbff87c2df16e342	96	1
work/ext7/3s2-2s1__group.4176__X111	a2cfe03e648564ee498adacd23ce1ae4	288	1
work/ext7/4-1s2-2__group.5821__X001	a0a8c2a6c5b0c9effcef92ec5c4c3fc9	96	1
work/ext7/2-1s2-1s1c1__group.1306__X1010	d82dd50ef2439d16b2ddebba7c2c8774	64	2
work/ext7/2-2s2-2s1s1__group.3078__X110	a99be20ba40f6ab2ed61ab5571c33bb4	72	1
work/ext7/2-2s2-1s2-1__group.2510__X0111	1b3ab1ccad636e900c5433d5236d309e	192	1
work/ext7/4-2s2-2__group.7080__X1000	7b4e056d221da6bb4666b1ed7cc6f391	864	1
work/ext7/2-2s1c1s1s1__group.1777__C	a6b66238ec8c0909bf3f46535670da5b	48	3
work/ext7/2-1s2-1s2-1__group.1529__C	7052a486de59863a570f3ff0d2d046f8	256	1
work/ext7/2-2s2-2s1s1__group.3118__X110	4e9761d95e82d9d52fbc1b39e4417b7b	72	4
work/ext7/2-1s1c1s1s1__group.1148__X111	d7510328b2f06b947451f928667dbfee	16	3
work/ext7/2-1c2-1s2-1__group.1101__X1110	c74892ad4f57adc8aca92629f52090c2	64	2
work/ext7/2-2s2-2s2-1__group.3342__C	9892bb38b84cecd2248adfee15d1f32c	576	1
work/ext7/4-1s2-1__group.5178__X0100	35527616e4527d97839eae3e41954359	512	1
work/ext7/2-2s2-1s1s1__group.2040__X01001	99f04189b82b7060f93b912bd757ae36	192	2
work/ext7/3s2-2s1__group.4289__X1000	204a501258a0c10d2ca4d57e86f54d2b	576	2
work/ext7/4-1ps2-2__group.4436__X01	d15d7ccf2149e8fbdf957b236d02cd65	48	1
work/ext7/2-2c2-2s2-2__group.1681__X010	7780bd9cafe65f45b4615568ace6dde3	72	1
work/ext7/4-1ps2-2__group.4445__X001	d00674be20ff263abf031ca38472ce0c	96	2
work/ext7/6-2__group.7516__X001	fe9bc9c5b2372625c75b3d29e6cea52b	1296	2
work/ext7/4-3ps2-1__group.7124__X01	d04526158db233b228a3d018d7ea55f0	40	1
work/ext7/4-1s2-2__group.5689__C	cb16f40584ae736dd3cc477b247e82ff	1152	1
work/ext7/3s2-1s1__group.3887__X010	987e5ccebad841fe328de6f640742cd0	192	1
work/ext7/4-2s2-1__min.599__X01	635480792405e95be5787fb49291c815	48	1
work/ext7/4-2s1s1__group.6005__X00111	40b05fab91bbc0b9bca5d878dc27e557	1152	2
work/ext7/4-1s2-1__group.5128__X101	42916f8b4cf6faa726559e6f9715b1c5	32	2
work/ext7/4-1s2-2__group.5601__T	b8de0860c950e66ee7a404386a3e5934	384	1
work/ext7/4-1s1s1__group.4900__X111	998a5b88115f110d72572dfc56de092b	768	2
work/ext7/4-2ps2-2__group.5888__C	33a65e2e5d4a965b4e1176e0d847b5e5	288	1
work/ext7/6-2__group.7507__X01	f1307106e8425cf375b77619bd9925e9	108	2
work/ext7/2-2s2-2s1s1__group.2862__X1000	99434e613b7f65699e98f879d0ade90f	144	3
work/ext7/2-2s2-1s2-1__group.2698__X0001	0be3804537b9259f9acfd35c4eb7d7c5	96	2
work/ext7/2-1s2-1s1c1__group.1275__X001	867c8385fbc3defef1b163c3aa35d4fc	32	1
work/ext7/4-2s2-1__group.6417__X010	d027780abb1e33629cc7ff7aadaae1d8	288	1
work/ext7/4-1s2-2__min.540__X10	4a95b864cd1f76d89c69848690b754fe	48	1
work/ext7/2-2s2-2s1s1__group.2860__X0111	60fe021d8d579a873193feb0f3563789	144	3
work/ext7/4-2s2-2__group.7008__X10	ddc4a50e1485afc6cbf061bb0990fda8	72	1
work/ext7/2-2s2-1s2-1__group.2622__X110	ca3232010e9d4eb363811891898341c5	96	1
work/ext7/2-1s2-1s2-1__group.1578__X011	6ae2cc14b562a35ff368ed628017e795	64	1
work/ext7/2-1c2-1s2-1__min.216__X11	f260c11e08bdf802317d78497496ae10	16	1
work/ext7/2-2s2-2s2-1__group.3291__X110	a2297d415f196bf3a4618449fda48d69	144	1
work/ext7/4-2s2-1__group.6459__X0011	99d88fe81f884464cb56cc082a7ca1c6	288	2
work/ext7/2-2s2-2s2-2__group.3695__X0001	64a7d1c77e3b91ffad3feec891a82589	432	1
work/ext7/2-2s2-2s1s1__group.2962__C	88195f15d7cc8daaf6bc3ef64d2e3644	72	2
work/ext7/2-2s2-2s2-1__group.3405__C	60b31a1c1275acaa103521074cf6ec48	96	1
work/ext7/4-3s1s1__group.7223__C	368ef0512951841fe9804be04eb75ff9	960	2
work/ext7/4-2s2-2__group.6834__X01	38188d5be65d2e6dde7bec8e5c27dbc3	36	2
work/ext7/4-1s1s1__group.4849__X100	9cda9378d62cd7c7c15048f5627fca75	64	2
work/ext7/4-1s1s1__group.4618__X1010	91e4f3ddbf0f12626ae6778a952f498c	128	4
work/ext7/4-1s2-2__group.5421__X001	14eb75dff78bee2f15c5e0749d7fce99	192	1
work/ext7/2-2s2-2s2-2__group.3683__T	4e1ead95f5ff54eb5d423431ee8ec5ed	432	1
work/ext7/4-1s2-2__group.5754__C	39dc5a15b2db19ae186528c3841595a0	1536	1
work/ext7/2-2s2-1s1s1__group.2362__X0101	38e93056cc64595ccd51d667da6cab42	96	1
work/ext7/4-2s1c1__group.5988__C	db0f69e8d725ed0e4691bb202e71b04c	144	2
work/ext7/2-2s2-2s2-1__group.3182__X011	db98bbc862107c1dc04bc1f309f40833	144	1
work/ext7/4-1s2-2__group.5726__C	f1c5290cacb86b11ad3bf19191633f1b	1152	1
work/ext7/4-1ps2-2__group.4445__X100	c64f05e941b8df5aaf6304c71f154edc	96	1
work/ext7/4-2s1c1__group.5962__T	a7e3159cef149c43b39a967e7e3e14ad	36	2
work/ext7/4-1s2-1__group.5106__X011	9713e2486ddce13d1c9310d0f0e8edcf	256	2
work/ext7/3s2-2s1__group.4099__T	e83e2a3564543c96c89896a292de23fc	144	1
work/ext7/4-2s1s1__group.6122__X011	a234f35ccd337321b8b05bdf778f6a2b	288	4
work/ext7/4-1s1c1__group.4545__C	a14ab38d3394bbb85871c0f72fe2ede6	128	3
work/ext7/2-2s2-2s2-2__group.3762__X00100	81892ab001ee59c031c4b7b102f4e076	864	3
work/ext7/4-2ps1c1__group.5857__T	c9eece790a9acd4df8e130178b7531cf	24	1
work/ext7/4-1s2-1__group.5004__C	4bb48af3cb51299aa4db901901095a18	256	1
work/ext7/2-2c2-2s1s1__group.1641__X10	47dfade307fa503fdb1705dd2820a211	12	3
work/ext7/2-2s2-2s2-2__group.3522__C	9b825354c6a4c765739e8f9b90f6f8ab	216	1
work/ext7/4-2s2-2__group.7035__X100	beb3343f0f89c57b841f609ae43bb3bd	864	1
work/ext7/2-2s2-2s2-1__group.3508__X0001	cb2abec8e677e7c4190afd543f14860a	96	2
work/ext7/4-2s2-2__group.6857__X011	3af2453432be0478a58d72791d2c19ce	432	1
work/ext7/4-1s2-1__group.5096__X1001	261f0fd4fe87af628bd7467ac5aea6e8	256	1
work/ext7/2-2s2-2s2-2__group.3615__X001	c4101ca076c4ab7c87a563ec82253042	216	4
work/ext7/2-2s1c1c1s1__group.1718__C	dbc8c026e32aa1e4b134fbd689c04962	48	2
work/ext7/4-3s2-1__group.7262__X11	0a1d4b09da6571f6003834895a1a5478	480	1
work/ext7/2-2s2-1s1s1__group.2031__X10001	1e5eb1504836391af12bd162dcc1f1a8	192	3
work/ext7/4-1s2-2__group.5526__X0100	38cab868d5383cf6cb63510d1bdcadf0	288	1
work/ext7/4-1s2-1__group.4963__X0001	a34759bc110415d98baaee80831ffa6f	128	1
work/ext7/2-2s2-1s2-1__group.2488__X1001	f912484c84b33c6f3fdbeb6e9f90e889	192	1
work/ext7/3s2-2s1__group.4166__X001	445d3800b6d279292d26792c65b2cc77	288	1
work/ext7/2-2s2-2s2-1__group.3324__X1000	5506c5fa4dc73806d2db8e9217327c68	288	1
work/ext7/3s2-1s1__group.3971__T	5843222a9613e631558395b59db70ec3	384	2
work/ext7/2-2s2-1s1s1__group.2338__X1111	8cb0427c7dcbf7f4579726e49fc0b1b2	96	5
work/ext7/5-1s1__group.7363__T	2e9a8c8d6ea94de10f1fefcf13378a87	320	2
work/ext7/2-1s2-1s1c1__group.1301__X0011	c28a21250f8624cd631a69399e13b9af	64	3
work/ext7/4-2s1s1__group.6153__X0101	d4585f092a708f96d4b4439cf589d5ac	288	6
work/ext7/4-1s2-2__group.5704__C	a6846c15000c76024b7d3dccbd17a438	1152	1
work/ext7/3s2-2s1__group.4166__X101	c4a645edef39beef420dc10dd6db1999	288	3
work/ext7/2-2s2-2s2-2__group.3768__X00111	7de8ee88ba4b3fa8c66eb7d0d9b663ce	864	2
work/ext7/4-1s1s1__group.4723__C	9f40b81326a989dff6a30cc033bfa2dd	64	3
work/ext7/2-2s2-1s2-1__group.2586__C	f4a82917369997ff7c924937f2051d91	192	1
work/ext7/2-2pc2-2ps2-2__group.1633__X10	90eaaadeba30699ca42459ddcfdcacce	36	1
work/ext7/4-1s2-2__group.5631__X010001	0bd93612fd667261e7d0a092c08102f3	384	9
work/ext7/4-1s2-2__group.5515__X10	16e00fce6dddbfb5efd4f3d88e0583d3	288	1
work/ext7/2-2s2-2s2-2__group.3764__X00001	25313c8954cba7e11afeaa158d51a07f	864	4
work/ext7/2-2s2-1s1c1__group.1947__X11	9965569067741448fe867be75c59f392	24	2
work/ext7/4-1s2-1__group.4981__X011	560dd90d540cbd4e9455a700e78653c0	128	2
work/ext7/2-2s2-2s2-1__group.3438__X00110	d38c9128e30b9ec5604b48d7abde36d3	576	2
work/ext7/2-2s2-2s1s1__group.2868__C	a4f610d2cf10d0d39792ae9e35a0a2a9	288	2
work/ext7/4-1s2-2__group.5580__X1000	ed0a2060a8425d72262ccc5b79c1b6ac	384	1
work/ext7/3s2-1s1__group.3930__X100	31ecfd7e1539e81f4b01435a0b5cbfa1	192	2
work/ext7/4-1s2-1__group.5113__X1011	fc4fcb74ece31a4dccca0da9c2a6dbd7	256	1
work/ext7/2-1s2-1s1s1__group.1321__X11101	1cd79b6c37986a6212595ce0e758d13c	128	4
work/ext7/2-2s2-2s1c1__group.2811__X001	4f57528d1c9d1ea62cd25c42b630f0e4	72	1
work/ext7/3s2-1s1__group.3958__X101	cd6c076bcb9e3f930731cb74eb4eec3d	192	2
work/ext7/2-1s2-1s1s1__group.1314__X11000	5abde4275622308215a748bc8a454dbc	128	5
work/ext7/2-2s2-2s2-2__group.3626__X010	28802d9a1645b5b313a179bbbc20ca59	216	2
work/ext7/4-2s2-2__group.7053__X1010	958f4d6e451d383a81aa2bb1dc80b780	864	1
work/ext7/4-1s2-2__group.5415__X001	68b2623a40489a9f6bfd24232e90e8f9	192	1
work/ext7/4-1s2-2__group.5482__X0010	2b018501bbfa898719320d39017ed139	192	2
work/ext7/4-1s1c1__group.4463__X110	3667913583e5d26cadba4c149f4a34fa	128	3
work/ext7/2-2s2-1s1s1__group.2106__X011	5f214814d11f2e09db9a9dc54975a6ab	48	2
work/ext7/4-1s2-2__group.5728__X100	122b16328b62da4a7c9701787fddc610	576	2
work/ext7/2-2s2-1s2-1__group.2527__X00001	a4a0fdc8164c0ba6c04154126621b608	384	4
work/ext7/2-2s2-1s1s1__group.2352__X1001	ce3bf85b13dece1a719577bdc578c96c	96	3
work/ext7/2-1s2-1s2-1__group.1553__C	303e89aebc13d613107cd01a6e7c7e89	64	1
work/ext7/4-1s2-2__group.5572__X001	d042bedfbf5f418a6d7d6dfedff1f3fc	384	1
work/ext7/4-2s2-2__group.6649__X111	b64f3b42202c1053b3fc3c4af472e65d	144	1
work/ext7/4-1s2-2__group.5434__X101	e2ab91bd53d16c160cc35a14d7365ad4	192	1
work/ext7/2-2s2-2s2-1__group.3366__X0110	aedbad86cde8745b5444e1c47760a871	288	1
work/ext7/4-2s2-2__group.6666__X100	32bbf63697e62251214e7d19e20810b3	144	1
work/ext7/2-2s2-1s2-1__group.2628__C	157adaceb794abcfa948d29d35221bc5	192	1
work/ext7/4-2s2-2__group.7070__T	17867af1353d2f41831b42758169b833	864	1
work/ext7/4-1s2-2__group.5432__X01	a9cf1f6dd91936eddbd2f76cf200103f	192	1
work/ext7/2-1s1s1s1s1__group.1200__X001	efc1010a2f7f12def1f2660d900fb71c	16	9
work/ext7/4-2s1s1__group.6006__C	51c27c8591355540c0bc7ff8191213f2	288	4
work/ext7/2-1s1c1s1s1__group.1148__X101	583119baa68c097cdba6afe43f15e586	16	3
work/ext7/4-3s2-1__group.7276__X001	fd1049daa525b9f0e42ab911f97f1ee2	960	1
work/ext7/4-2s2-1__group.6431__X100	7ce4e8a709512e66e57f0bd5a5a6c4e4	288	2
work/ext7/4-2s2-2__group.6864__X011	8a2dabdccd3cc4e16338bc4340cea06f	432	1
work/ext7/4-1s2-2__min.543__T	95767f6707cca4f67291b551408ebf7c	48	1
work/ext7/2-1s2-1s1s1__group.1342__C	fc732eebf2e190ffca02e659b63171cd	64	1
work/ext7/4-2s2-1__group.6510__X101	525a31355f6c795025db2a11794c4236	48	1
work/ext7/6-1__group.7451__C	c77f5722a41fd1dd84afb7ab8ca6049f	4608	1
work/ext7/2-2s2-1s1s1__group.2300__C	456510bfd2f2156c64571a03ca18b526	96	3
work/ext7/2-1s1s1s1s1__group.1218__X0100	14b4995663d3c72401a8246e5e9fe886	32	9
work/ext7/2-2s2-1s2-1__group.2653__X011	5508c37d938db11e1285f5a4f23c8824	96	1
work/ext7/3s2-1s1__group.3974__X0010	0bf5a464ecb382f3fdfb48147f8e797d	384	3
work/ext7/4-1s2-2__group.5463__C	39f13b9c38e54307fdb4f73c7fa596e9	384	1
work/ext7/2-1s2-1s2-1__group.1518__C	6ea8f06d77c19ab64da79ae73c150264	256	1
work/ext7/2-2s2-1s2-1__group.2655__X010	3bfe56884ea3ee42886c4757d04c11ac	96	1
work/ext7/3s1s1s1__group.3831__C	91995c1eb1a32e1f68bff5ef21e27da9	384	1
work/ext7/2-2s2-1s1s1__group.2412__X1101	feef648b99e0e95983f43f21a2ad6ec3	96	2
work/ext7/2-2s2-2s1s1__group.3121__X110	1576923739a4174101948133372c882f	72	3
work/ext7/4-2s1c1__group.5967__X110	f9074318d8ad71090a67799acec7c163	48	3
work/ext7/4-1ps2-2__group.4443__X011	7df8763fd1ce1c1061c61e94fe569186	96	2
work/ext7/4-2s2-1__group.6346__C	07150c7e29ae87468258ef45b022ee38	288	1
work/ext7/3s1c1c1__group.3777__T	d01e34fc2e8cc980e8abbc89820ae3da	24	2
work/ext7/4-1s2-1__group.5178__X0001	6f703d5b7aa3c43b86d86a9a3fc7fa8d	512	2
work/ext7/4-2s2-2__group.6803__X11	073b06775be0be90ef62d8957cd9b66a	216	1
work/ext7/2-1s2-1s2-1__group.1512__X00001	c3e279a477a6b812546f101368e83d5c	128	1
work/ext7/4-2s2-1__group.6325__X01	d192b1a4b0150ff7c93ce73cdc942a71	144	2
work/ext7/4-2s2-2__group.6720__X10100	4ff4fe8b1839c20991fddd895dc61de7	1728	2
work/ext7/2-2s2-1s2-1__group.2531__X10101	37ce9e01559dfd891c9cb0da51cced0b	384	1
work/ext7/2-1s2-1s1s1__group.1399__C	8c6f9fd04a69945b4ccb9e3237e5bc99	64	4
work/ext7/4-2s2-1__group.6517__X001	c75bba4671ef91be0a3a04dd7c79c40c	576	1
work/ext7/2-2s2-1s1s1__group.2245__X101	3ed673a598ab97f772f73da793308a61	48	3
work/ext7/2-2s2-2s2-1__group.3251__X011	5b0b4cf466cdf5aa5cce75874fe942ac	144	2
work/ext7/2-1s2-1s1c1__group.1286__X010	d83cbdd1ddde48dea1d96f4bcdf5005c	32	5
work/ext7/5-1s1__group.7383__X100	5cc61e3835a4d7f820011ba01406f202	7680	1
work/ext7/3s2-2s1__group.4135__C	68a49787a1f4afa556fb5ba712154ef7	288	2
work/ext7/2-2s2-1s2-1__group.2463__T	fcfa838a8925ed669c362ec72457985c	192	1
work/ext7/3s2-2s1__group.4291__X0101	41cab33c819ad54a33d722820f9c5b28	576	2
work/ext7/2-2c2-2s1s1__group.1650__X011	1ffe5cc3fbb67c60f8541ab0ea42ee3a	24	4
work/ext7/4-1s2-1__group.4951__X0100	ae2247592358a442a8ad348aa3ba0394	128	2
work/ext7/2-2s2-2s2-1__group.3290__T	087b37441e65ee994f09ef17b90b1767	144	1
work/ext7/2-2s2-2s2-1__group.3361__X0111	f42680c3ed89dde634333f8a0c316578	288	1
work/ext7/2-2s2-1c2-1__group.1911__X110	55e3ff9c334039a35cc1da9a892eea25	48	1
work/ext7/2-2pc2-2ps1c1__group.1609__X01	77cbc3ee608304c4f71f5a210c050d0e	12	2
work/ext7/3s1c1c1__group.3784__X01	05a590542758e3d1ac45f3d7d4bec007	48	2
work/ext7/4-1ps2-2__min.477__C	7ca29fb65fd40b8173f4670e15646963	48	1
work/ext7/4-2s2-1__group.6412__X010	9c39035fd0891cbcbd55c1ebd0b5c70a	288	4
work/ext7/6-2p__group.7620__C	e7d4b734656f77a9b7f17940cd6b2c0b	72	1
work/ext7/2-2c2-2s2-2__group.1667__X0100	ef25e739f975519c78be02cae88dd3b6	144	2
work/ext7/2-2s2-2s1s1__group.3024__X111	a13c8abb9134c88a3860744b77adc86c	72	3
work/ext7/3s2-2s1__group.4112__C	f6448eaec62d30780c4e55b34389ae2a	288	2
work/ext7/4-2s2-2__group.6964__T	dff4aa6c2d9487b72fda679a80a41631	48	1
work/ext7/2-2s2-1s1s1__group.2204__X110	a043e2735dbff173199ad61eeed522b9	48	4
work/ext7/4-2s2-2__group.7005__X100	76a5e3d522a380e7fb639ed9630a8139	72	1
work/ext7/4-2s2-2__group.7054__X0110	db379b7388b384ae0df53a9e855b265c	864	1
work/ext7/2-2s1s1s1s1__group.1806__X100001	1a9e32354935125bfce15934e3bb6461	192	13
work/ext7/2-1s2-1s1s1__group.1370__X011	eb46a7186e9bfa6c23f3db9e5f90e386	32	2
work/ext7/4-2s2-2__group.6767__X100	d55c06bb7bff6ee714b1934e45459afd	216	1
work/ext7/6-2__group.7603__X01	c164bc38a4431658be3edbfc5a6b1fda	648	1
work/ext7/2-2s2-2s1s1__group.2835__C	0cd70cfc559e170c5ea36589036f63ee	288	1
work/ext7/4-1s2-2__group.5598__C	99e8e25d58aa3f8f5b30d615679a31c9	768	1
work/ext7/4-1s2-1__group.5245__X011	c9d5361e049d586038e55ae8bb18fa92	64	1
work/ext7/4-2s2-2__group.6846__X110	b09cbf99edcdc4687fe8152e8586c946	432	1
work/ext7/4-2s2-2__group.6676__X101	6f9dd3ea8c656edd58c48c1fa20b0917	144	1
work/ext7/4-1s2-1__group.5116__X0011	31789512290feffa198d94d729e45e60	3072	2
work/ext7/5-2s1__group.7400__T	1485f0e04a26402bfd1a24a1794a9285	240	2
work/ext7/2-2s2-2s1c1__group.2791__X010	154da2711a6757cf60f639fe01cded49	72	1
work/ext7/4-1s2-2__group.5634__T	57a698bb203af42b947d6c8ead08a14d	384	1
work/ext7/3s1c1s1__group.3805__X10	882d46fc220be4a3e599688da04bb8e5	48	2
work/ext7/4-3s1s1__group.7213__X10	c9ee7067efdfd7428cd127f14e124d2c	40	3
work/ext7/4-1s2-1__group.5108__X0001	bd7628b3f3d33bb5d7df7faf2c4e1d2f	256	4
work/ext7/2-2s2-2s2-1__group.3279__X111	396adbd6330bacf44621413719bdb922	144	1
work/ext7/4-1s2-2__group.5357__C	9ecdc7b54af5b292581b1e2f79035a18	288	1
work/ext7/4-1s2-2__group.5577__T	b97ebe8ccfe75d94b26bc96f12f64b26	384	1
work/ext7/6-2__group.7515__C	3376d4083041ec3414e0b4e5d4bb2362	2592	1
work/ext7/4-1s2-1__group.5088__X0101	97e61c0d4526c0d98d0b6d570086486b	256	6
work/ext7/4-1s2-2__group.5385__T	ec93b63d59a5afa0dc70ef78b7bdfe16	1728	1
work/ext7/4-1s2-2__group.5473__X0001	d036d6027e8bcd4235f050db40047400	192	1
work/ext7/4-2s2-2__group.6976__X01	8c6e9d54fe7cd9c4ad0b80f5a0f2a456	72	1
work/ext7/4-3s2-1__group.7239__X100	0c19cc8e3f2c31aede76cc9f4fed337c	160	1
work/ext7/4-2s1c1__group.5926__C	eab995ddc1561cfb67d2bf2340cdd649	288	3
work/ext7/2-2s2-1s2-1__group.2538__X00001	8ee06d53d3de533b660832fe024b8525	384	2
work/ext7/4-1s1c1__group.4571__T	c3162fa8b1b34782269421a11b33d2c4	96	2
work/ext7/2-1s1c1s1s1__group.1170__C	4c5419a4be14ad1efc8c7b2bbe142c6c	32	4
work/ext7/4-1s2-1__group.5064__C	361fe1a676f758a77fbb3b5201c26379	512	1
work/ext7/4-1s2-1__group.5188__X0010	aad5eb9e3f3c334c115bfd58f0a5e18a	512	2
work/ext7/2-2s2-2s2-1__group.3395__X0110	420345e292ceeea3bfdbc1d916c16369	288	1
work/ext7/4-1s2-1__group.5030__X011	801ae67a2b5760d6fd08e2b17b1bbd14	192	1
work/ext7/4-2s2-2__group.6716__X01000	59ed56a73e89063f6121e343aeeb7af5	1728	2
work/ext7/2-2s2-1s2-1__group.2476__X1000	b5c6a758a66e7373d0e44fcf098c97cd	192	1
work/ext7/2-2s2-1s1s1__group.2052__C	b0ef45b6103f5b1544b5bdcdc8fcba1f	48	2
work/ext7/4-1s2-2__group.5707__X1101	ce943b892beb27815d9396e1324dbe2f	576	1
work/ext7/2-2s2-2s2-1__group.3382__T	7016f42b21f27414edc4b12c8d29ff56	288	1
work/ext7/2-2s2-2s2-2__group.3736__X010	fc56cbbbd61a65ec5cf752afa285eb22	72	1
work/ext7/4-1s1s1__group.4594__X001	5a87cdfc298cc3ccfbfb4eec76f8fd86	128	4
work/ext7/2-2s2-1s2-1__group.2667__X011	d1839c3d4a7758db049505eecdd77a65	96	1
work/ext7/2-2s1s1s1s1__group.1814__C	0e9e380a2f5fb32fb8eb56509bb8ec39	48	11
work/ext7/4-1s2-2__group.5803__C	bd032dbd97943fed10450ace59eddccb	192	1
work/ext7/2-2s2-1s1s1__group.2090__C	d45cd688297903c09a61d0b2eee116ca	48	3
work/ext7/4-3s2-2__min.647__C	4ccebd87571676c109689cfeef76e4fb	120	1
work/ext7/4-1s2-2__group.5826__X001	39ef0ad569dd4b2cbfc8d7e8963369fa	96	1
work/ext7/4-2s2-2__group.6777__X001	121288097a37a370aebd8a4817a2b722	216	1
work/ext7/2-2s2-2s2-1__group.3432__X01111	ef7c6d2e3a2902ff0c9220ac41bd65e5	576	2
work/ext7/2-1s2-1s2-1__group.1516__X0100	d5daf6ddfc4154b620777588bb31a300	128	1
work/ext7/3s2-2s1__group.4194__X110	4b61d7d463967f82ba6c0ff05dbe230c	288	3
work/ext7/2-2s2-2s2-1__group.3202__X111	1cd5299e0659e48dd1c91583b5e124bf	144	1
work/ext7/2-2s1s1s1s1__group.1892__X01101	c26b27748ed4a1d59566b5d81524b7d3	96	6
work/ext7/2-2s2-2s1s1__group.2843__X0101	da3a1a23111f0102c7a71c8a3afa5e84	144	3
work/ext7/4-2s1c1__group.5936__C	b5a8e0fcceb5f5798111ad36164fcea3	48	3
work/ext7/2-2s2-2s1s1__group.3155__X111	e91b005ffbf0775603844021e69cfcb0	72	4
work/ext7/4-2s2-2__group.6719__C	5f094449d675a1ff73d0fe6c9347602d	3456	1
work/ext7/4-2s1c1__group.5938__X11	d8c134ea1e7c5a017cb510b620c8356b	24	2
work/ext7/4-2s2-1__group.6397__X1010	432107bb82fca1b36a13385e3616d5dd	192	2
work/ext7/4-1s2-2__group.5732__X011	70278817975e4a8889b203703fed1006	6912	1
work/ext7/4-1s2-2__group.5341__X10	a759ff3e1b9136f298a2702760e149ac	1152	1
work/ext7/2-2s2-1s1s1__group.2232__C	56b407770aa3fcc1ff2adc139f781b4b	96	3
work/ext7/4-2s2-2__group.7037__T	c89bc5309368b9332794387e5361a225	864	1
work/ext7/2-2s2-2s2-1__group.3477__C	beea396592029a15772038de846e54db	144	1
work/ext7/3s1s1s1__group.3848__C	d11e9a74fffc7c7e7a73ef579506fdd8	192	1
work/ext7/4-1s1c1__group.4459__X111	695511132ad0268ec65c1ce80e08a21c	128	2
work/ext7/4-1s2-2__group.5407__X011	c35522882202cb3c5b1f40792bbe527a	192	1
work/ext7/4-1s2-2__group.5427__T	89d2b502231a0c51270de9d1acdce213	192	1
work/ext7/4-1s2-1__group.5060__X010	5f87607a01435d03cdfb5be184ec3849	2304	1
work/ext7/4-2s2-1__group.6618__X010	0941e593fefa856b3ffda0fdc18436c5	96	1
work/ext7/4-1s2-2__group.5388__T	730b7fe3203b2ae3802ca2cd9200a6fd	1728	1
work/ext7/4-2s2-1__group.6534__T	4a8d99c3ae2c2c6571a50a54e94b0b77	576	1
work/ext7/4-2s2-1__group.6461__C	d278b03ae06619c6d44cf789aa4d2f24	576	1
work/ext7/4-1s2-1__group.5180__X0001	d1ca2885f98668f040026915346473de	512	2
work/ext7/4-1s2-1__group.5112__X0011	3eb5949ec2d33dc2c63dad5e3d0c2058	256	1
work/ext7/4-2s2-1__group.6339__C	ed1527a5462496bb1f3d2cd7c7063979	288	1
work/ext7/2-2s2-1s1s1__group.2309__X1010	50a636ff79f81fc6b9217f6f31af1a24	96	2
work/ext7/4-2s2-2__group.6899__X101	ece58b5a7caccacf4e9361c1d8120b79	432	1
work/ext7/2-1s2-1s1s1__group.1311__X00010	bb2536bd14765d0ae89377ec6a6f10e4	128	2
work/ext7/4-1s2-2__group.5753__C	789e9506047a8b16337daab0b4666ab0	1536	1
work/ext7/4-3ps2-2__group.7171__X10	2b96df5d60180297eb4b789e525b748d	60	1
work/ext7/2-2s2-1s2-1__group.2585__X101	0410691d6ccd326e7d873ad9820f0914	96	1
work/ext7/4-1s2-2__group.5348__T	5665a0bd7478b432c7bf9cb318154910	144	1
work/ext7/2-1s1s1s1s1__group.1237__C	90ebdaa65fa5166750f6efad193288fd	64	6
work/ext7/2-2s2-2s2-1__group.3203__X011	28490855a0e52969925f94724c29e97b	144	1
work/ext7/4-2s2-2__group.7080__X1101	da5a8244666c43ae31c58b3677f36400	864	1
work/ext7/2-1s2-1s1c1__group.1278__X101	e230b35921bd82eecd3f965bcad2f764	32	2
work/ext7/2-2s1c1c1s1__group.1699__X11	873e95137cbe713ef2fed1e4fe873fa0	12	3
work/ext7/2-1c2-1s1s1__group.1090__X011	598743cfadb718ded6c3ece148915a5c	16	2
work/ext7/2-2s2-2s2-1__group.3320__X1111	9ad1c9826bbc27f6682dd24b9e109e08	288	1
work/ext7/4-1ps2-2__group.4444__T	9bae535e030117b0ed9b0dcced420c7a	96	1
work/ext7/2-1s2-1s2-1__group.1518__X1011	aa5af2dfbde8f3cb59b5ce6618cc41c1	128	2
work/ext7/2-1s2-1s1s1__group.1397__T	dd0bbde802cceadcd19fa9866a4af62e	32	4
work/ext7/2-2s2-2s1s1__group.2983__C	68a79b09addc87d965acdf54c637e67b	72	3
work/ext7/4-2s2-1__group.6430__X010	3a2b8a65c18a8ab6cde100a5a047c870	288	1
work/ext7/2-2s2-2s1c1__group.2798__T	e20eb2c96d827c09971fda6ebf8ab253	72	2
work/ext7/3s1c1s1__group.3826__X110	06025f14cf334e97fe8fb7d8d0644da5	96	2
work/ext7/4-2s2-2__group.6734__T	204a214d4aaf5f3f46ce233245e9f071	216	1
work/ext7/2-2s2-2s1s1__group.2944__C	244117cf6f1d3fc6a9eaf0af8bd744a0	576	1
work/ext7/2-2s2-2s2-2__group.3574__T	3f3011fe943505deffb115576ed9b2c4	216	1
work/ext7/2-1c2-1s1s1__min.212__T	a259cf98838062c044fecf2aa1e8ee8a	8	2
work/ext7/4-1s2-2__group.5763__X001	12f0c5d4cb673853cbc4a3e67719acad	768	1
work/ext7/4-1s2-2__group.5307__X01	03575ceaa1210b10c0a8e6b8356549da	1152	2
work/ext7/2-2s2-1s1s1__group.2197__C	e541fecfd18b38f92b02577fcc557337	96	3
work/ext7/2-1s2-1s1s1__group.1495__X1101	fd572c4fa680f06842bcec8ce9401fd2	64	2
work/ext7/4-2s1c1__group.5965__X110	6dfc55fc4f8e76c4221449da210ca036	48	2
work/ext7/4-1s2-2__group.5464__X00011	ed3bc31b107a272094b25714af9804c6	192	1
work/ext7/3s2-1s1__group.3966__X0100	3879573cb0cd494d22d186fc6e67535f	384	1
work/ext7/2-2s2-1s1s1__group.2056__X11	03a60b78f272246f839734d85c4a49bd	24	2
work/ext7/2-2s2-1s1s1__group.2039__X10000	dd388e810e61ce7d59384f6eb604e9fb	192	1
work/ext7/3s2-2s1__group.4052__X11011	aa5f1d9e5213195f81f3a28a179cd3c9	1152	1
work/ext7/2-2s2-2s2-1__group.3347__X0110	8241d1da9300c8fd40768c4ccdc633b3	288	1
work/ext7/2-2s2-2s2-1__group.3241__X111	3b7dcf7f89b49668b898d6569da0a8ee	144	1
work/ext7/2-1s2-1s1s1__group.1336__X11	36ec59e9deaf26823a6fa2f2aff5d5c8	16	3
work/ext7/4-1s1s1__group.4621__X0100	2b5cf1131540d1c6c0c7720b3c7aa4f0	128	2
work/ext7/2-2s2-2s2-1__group.3367__X0110	a0bcf9626ff70f21dacfa4ea38c09da7	288	1
work/ext7/4-1s2-1__group.5080__T	413fcad0c7b24a1d090a26dbe58bb35f	256	1
work/ext7/4-1s2-2__group.5437__T	af9289968cd2e0a7c3e118196d031629	192	1
work/ext7/2-2s2-1s2-1__group.2671__X101	69cee60afe8f829b12f092f36b57f5bd	96	1
work/ext7/2-2s2-2s2-2__group.3605__X100	89dfe7171e949f3e548d8a3d053dcbe0	216	1
work/ext7/2-2s2-1s1s1__group.2213__C	4b3df878b3777c2bc15a3be6e0b63a71	96	4
work/ext7/6-3__group.7629__C	fbe791b6127adff5f43b367c9cfe3b1b	10080	1
work/ext7/4-1s2-1__group.5238__X001	2f5a25c252bec8179a7a32376428b60d	64	1
work/ext7/4-2s1c1__group.5953__X010	1b4a3c2bd64292528bbfbf5ba8e51ac4	288	1
work/ext7/4-2s2-2__group.6925__X101	b00960db6ab36d82c19dc6666cb9df10	432	1
work/ext7/4-1s2-1__group.4984__C	78894225aec38b7a5a571c8726af91b8	256	1
work/ext7/3s3__group.4359__C	1a47bea02855634b493bd6496f24994d	4608	1
work/ext7/4-2s2-2__group.6792__X10	d120e4b3a1fed3d4b631b9802b66c642	216	1
work/ext7/4-1s2-2__group.5437__X100	66da1a5f210cb3e79ce309d29b210551	192	1
work/ext7/2-1c2-1s2-1__group.1098__X100	db27d9e503922f24a3e0ccebcf3ee00e	32	2
work/ext7/4-1s1c1__group.4476__X01	790c86303cd95f8a1399ccfb9507cf44	16	1
work/ext7/2-1s1c1s1s1__group.1139__T	3d08bd2ab341e09c412ade1950a39206	16	5
work/ext7/4-2s2-2__group.7000__X110	10afc95e13697614a38d515fd0a4c3aa	72	2
work/ext7/4-2s2-1__group.6555__T	aebc3945dee7c9ffb35b31a153bee72d	576	1
work/ext7/2-2s2-2s2-1__group.3336__X0101	2a35de51e32a9920700a7473bbb287b2	288	1
work/ext7/2-2s2-1s2-1__group.2511__X1010	c0ebe662faae43ffeba88e2781c66ba1	192	2
work/ext7/3s2-1s1__group.3966__X1110	b9250c1005fb9d6d61a3ab14ac85bdb3	384	1
work/ext7/4-2s2-1__group.6498__X100	b98f0404cd6f6b7b1417f79d08d30c1d	288	1
work/ext7/4-1s2-1__group.5073__X011	cde37a09d18f500e7fe522cbc811a03c	256	1
work/ext7/4-2s2-1__group.6489__X100	a3bbc4373f91146018edf13026100de2	288	2
work/ext7/6-1__group.7445__X10	50d5e37ac25273bfe8d76e6f2177b249	192	2
work/ext7/4-1s2-2__group.5714__T	a1bcdc1d374f47a8d78229389547793e	576	1
work/ext7/2-2s2-2s2-2__group.3559__X0101	108a4989284ad1b3d183d47cfcbb2dc5	144	2
work/ext7/4-1ps2-1__group.4430__X101	ba5e8f15f85b20dd680633de258e5d3b	64	1
work/ext7/6-1__group.7434__X10	2a94a39907236db2f0e026e7bcb9f11c	192	1
work/ext7/3s1c1s1__group.3793__X01	dacf56aedbaf5fd2e864d7bb48007100	48	4
work/ext7/2-2s2-1s1s1__group.2299__C	b02e1014ac734b548a7513e845c91596	96	3
work/ext7/4-2s2-1__group.6601__X111	773c91f65411e1dbf34787332e21ec3d	96	1
work/ext7/4-2s1c1__group.5933__X001	20056a0cff546a0e2fadbaf1ab8ce868	144	2
work/ext7/4-2s2-2__group.6973__X10100	271f305ba92bc2d56df7e5943dde242b	576	1
work/ext7/2-2s2-1s1c1__group.1922__X01	8f768896ffd0443831d77156a8b755fe	24	3
work/ext7/2-1s1c1s1c1__group.1137__C	d17a60ab869d5336d44d930ec3926b7c	16	3
work/ext7/2-2s2-1s1c1__group.1951__T	d706f811bd9260f008625d4fcce276da	24	2
work/ext7/4-1s2-1__group.5129__T	a56675171caa124ed292df264d605388	32	1
work/ext7/3s2-2s1__group.4289__X0001	65ad99f1b009a00c1a367cd7f7ec5bde	576	2
work/ext7/4-1s1c1__min.487__C	2b3693f0984a48b4efb3e5545f056316	16	2
work/ext7/4-2s1c1__group.5998__X101	31d01f66c8504f6e8a4b5bcb7ea9b118	72	1
work/ext7/2-1s2-1s1s1__group.1359__X110	9fc09cef4bbcebac2b17b2781592c716	32	3
work/ext7/2-2s2-2s1s1__group.3088__X110	fc9f0b58d312dbaaa48c10a4016d5fe4	72	6
work/ext7/4-2s1s1__group.6032__T	2bac43300149442973ebbfa79629860b	144	2
work/ext7/4-1s2-2__group.5526__X0101	4154f93fd464982c107202c580a17d4e	288	3
work/ext7/3s1c1s1__group.3788__X1111	a5e5d851f7cf6be588a6ecc58304c547	192	4
work/ext7/4-2s2-2__group.6959__X110	44c0cf1570b2e58445781ec7f969105a	432	1
work/ext7/2-2s2-2s2-2__group.3644__X0001	fd5f91f35baa6cb612daddb5404aaafc	216	4
work/ext7/3s1c1s1__group.3820__T	b34e4236280a23381f506266b5aef8e2	96	4
work/ext7/4-1s1s1__group.4905__X11	90663846b6883df791d369e5613a5b15	96	2
work/ext7/2-1s2-1s1s1__group.1431__X110	67c8762fab4a789c3adb6933c2b4a4f6	32	4
work/ext7/2-2s2-2s2-2__group.3701__X0101	63a957c2e70f5a62f671ccafcd835420	432	2
work/ext7/2-2s2-2s2-1__group.3422__X010	d6ef4babb4d04e468335aa9e2c97648c	48	1
work/ext7/4-2s2-2__group.6895__X1000	e3b378e14d49dfb7c28a427927b168dd	432	4
work/ext7/6-2__max.23__T	39e2e086c8c1b0840d4f32b8d66d0b9a	10368	1
work/ext7/2-2s2-2s2-2__group.3649__X010	3775f4eeb4152ad0ccd4261e60dc8542	24	4
work/ext7/4-1ps2-2__group.4445__T	0584c7e9565e3dbab390bfe1601ce4dc	96	1
work/ext7/3s3__group.4348__C	d06db954ce516076b68f7f5e7104e80c	2304	1
work/ext7/2-2s2-1s1s1__group.2067__X01	c3c3e307512e4e58d38e7972283af3ea	24	2
work/ext7/4-2s2-1__group.6522__X0011	d51afec90d9c410c8691673366de5d22	576	1
work/ext7/6-2__group.7587__X010	d001f248c3922492998cc49aa0e4b51c	54	1
work/ext7/4-1s2-2__group.5533__C	f3079c36c3d90100398ad934bd16b42a	576	1
work/ext7/4-2s2-1__group.6415__X010	71ef22d5d31ed01d8fe17e32c802f04b	288	1
work/ext7/2-2s2-1s1c1__group.2016__X1001	ea8d9a636e1f921de7a8fb87db40dad7	96	2
work/ext7/4-2s2-2__group.7077__X0011	1a07cdcfad0a2975fa786d4dd36c412f	864	1
work/ext7/4-1s2-1__group.5077__X100	f461392d29e68e65b6438b3723ae79ff	256	1
work/ext7/4-1s2-1__group.5292__X11	4a97f51eaaeffff3d75e7834eabeb0bd	96	1
work/ext7/6-2p__group.7620__X01	1183f3c6f81968af75dd3758dc9cf9b9	36	2
work/ext7/4-2s1s1__group.6266__X01	93f5e5caee962912f199006d601ac7e8	72	3
work/ext7/2-2s2-2s2-1__group.3330__X0001	6d9535d6661d7ffc1f2ad6e64f3c0df2	288	2
work/ext7/3s3__min.464__X01	6fbf19948525914fe7dfcf043d33452d	24	1
work/ext7/4-2s2-2__group.6711__T	ea4f5366ddbdf1256641358c6120bf7f	1728	1
work/ext7/2-2s2-2s2-2__group.3684__X0010	75fcceff6521946302ade9f52844f205	432	1
work/ext7/4-1s1c1__group.4562__X010	c7efb37a07ce3350cda0d414ae6e9a0e	64	3
work/ext7/2-2s2-2s1s1__group.2884__X1101	2f91996acadefe463ddd3e67ff38ca84	144	2
work/ext7/4-1s2-1__group.5083__C	22184415f5bc3b278689df0ae4d362d9	512	1
work/ext7/4-1s2-1__group.5066__X0011	362c842b00bb8966be26c6765b7196a4	256	4
work/ext7/2-2s2-2s2-2__group.3694__X0010	20d1b5f04d78be59e2e41c11adc28093	432	1
work/ext7/4-3s1s1__group.7205__T	4b4e8f699ca8c335c24b0512526a1863	240	2
work/ext7/2-2s2-2s2-1__group.3405__X101	9b3aba12c5ce5795446c478a72339ab7	48	2
work/ext7/4-1s2-1__group.5133__C	f598aec771028b93e7d883a2bf9bad39	64	1
work/ext7/2-2s2-2s1s1__group.3050__X011	6a21942bf68e159e11916d329d8e4700	72	2
work/ext7/2-1s2-1s2-1__group.1599__X0011	a50ac9d1f6e19e0074b530008e77a50a	64	1
work/ext7/4-1s2-2__group.5355__X11	0392be4ce087c3aeaf2a8ac47fa6f388	144	1
work/ext7/2-1s2-1s2-1__group.1507__T	c3e1e8a868e973028eb8a2bef954e9f4	128	1
work/ext7/4-2s2-1__group.6569__X1101	59113d2d2fae8a47c236bb3dccc4d2f1	576	2
work/ext7/4-2s2-2__group.6975__X01	995d032a2d1d50920c1a6c652a5e58f4	72	1
work/ext7/2-2s2-2s2-1__group.3355__X0100	eb7053983fc68ea7dd3479a0edb74981	288	1
work/ext7/4-1s2-2__group.5735__X001	52a1da538199a8ac48399dcdb7676b8a	6912	2
work/ext7/2-1s2-1s1s1__group.1452__X0010	27d917c51a6ab23fea933707b65d5cdd	64	4
work/ext7/2-2s2-2s2-1__group.3413__X010	407a812f2f5ae32ad9f07aa2b19058c0	48	2
work/ext7/3s2-2s1__group.4256__X110	03e469b100b622de8775db6bd328ab6c	288	1
work/ext7/4-2s2-1__group.6553__C	14b8197653139762552f6bcbdbaa427c	1152	1
work/ext7/2-2s2-1s1s1__group.2030__X01001	5a504d35fffe035c56aff3c6918bbf2a	192	4
work/ext7/4-2s1c1__group.6001__X11	5c6d2fbbff116265f35692488f3ef9c7	72	1
work/ext7/2-1c2-1s1s1__group.1092__X010	68b5f7c75b652b1e3128b928a53f096c	16	2
work/ext7/2-1c2-1s1s1__min.210__T	39d72adb9d6bf7249d9b5d28cecfc526	8	4
work/ext7/4-1s1s1__group.4850__X110	6757e54e8822b9d7867f92a135745915	64	2
work/ext7/6-2__group.7567__T	1c44d10f9bb61e19a521265bed4da7ef	432	1
work/ext7/4-1s2-1__group.5096__C	a67fe402c8af78cf5788e6c6f11e4171	512	1
work/ext7/3s2-1s1__group.4012__T	d2744c3d3b3fad7783b0dbe2716a6d45	96	1
work/ext7/2-2s2-1s2-1__group.2492__X1111	106906ee58772e0e9577c94d62b68d38	192	1
work/ext7/4-1s2-1__group.4991__X010	cf5a895683a4cc024405cb0634a7ed64	128	1
work/ext7/2-2s2-1s1s1__group.2104__X101	7a815f28da405c5de596a3cb8102e287	48	2
work/ext7/2-2s2-1s2-1__group.2615__T	74943a8640855f75c9762b74735b48e3	96	1
work/ext7/4-1s2-2__group.5632__X0010	f611b396fb34b4a97980283416d8932b	384	2
work/ext7/2-2s2-2s1c1__group.2716__X0010	e613581bd4cdc87d1b500ce0fb412d2f	144	4
work/ext7/3s2-2s1__group.4334__X101	d244dbb74dfbd308bb36c866a2c5259a	96	1
work/ext7/4-1s1s1__group.4709__X1110	8bdb98a85b8212c28886f0fc985c1e98	256	1
work/ext7/4-2s2-2__group.7047__T	da83eda7f7031d8604b0e32db54df234	864	1
work/ext7/3s2-1s1__group.3897__X100	0a06686fcf726bf98c8e2b59dd24bfb3	192	2
work/ext7/2-2s2-2s1s1__group.2899__X1110	4959959f6d0ed8bf01a149c7cd2cd429	144	4
work/ext7/6-2__min.662__C	7a4c2bb22674e364d8b83fb4c2ffca06	72	1
work/ext7/2-2s2-1s1c1__group.2023__X0110	162a17358245813f5bbec26e4afd6da9	96	4
work/ext7/2-2s2-1s2-1__group.2516__X0101	09d2b8978785722c90f4b4d1f03b0202	192	1
work/ext7/4-2s2-1__group.6625__X110	7e1f61189cb399b4609c574b488d98f2	96	2
work/ext7/2-2s2-1s2-1__group.2456__X1001	e922efcaaf4ab33b79eeb85b9076ed55	192	1
work/ext7/2-2s2-2s2-1__group.3306__X00101	6470ba5bc65803a9944fe3652166cde7	192	8
work/ext7/4-3s2-1__group.7270__X011	f0f049dc4a6300f84400ea77e21b21ea	960	1
work/ext7/3s2-2s1__group.4264__T	bef6f50cd55b0831bdbec540aaec931f	48	2
work/ext7/3s2-1s1__group.3915__X100	ca5ef0a527e9c80d807ffb308f9ff48f	192	2
work/ext7/4-2s2-1__group.6388__X1000	bd6a1fb4546ab8e2633694558aab4850	192	2
work/ext7/6-2__group.7538__T	65f4fab4d5801ddabb9cecae793c1038	216	1
work/ext7/3s2-1s1__group.4025__X10	7f58257afa973324f829cc60ded37f96	96	1
work/ext7/2-2s2-2s1s1__group.3064__X101	eb2eaf0a611dfdd52c473dd42fcb6187	72	4
work/ext7/4-1s1s1__group.4689__X011	be594fcfb4a6254ade0ef0060b24125c	2304	1
work/ext7/4-1s2-2__group.5571__T	0c55da71845e7ad0cb28d20dbe3bab7a	384	1
work/ext7/4-1s1c1__group.4494__T	1f1927e5400b2e8856036bc869a7aea6	24	1
work/ext7/2-1s2-1s2-1__min.279__T	ac1f7f8524d874f24bfd36bf821b8e80	16	1
work/ext7/2-2s2-2s2-1__group.3346__X0111	7a45566b632dd15177e2b159c308521f	288	2
work/ext7/4-1s2-1__group.5008__T	cc94c27e3457629bf9e49d59f57aa831	128	1
work/ext7/4-1s2-1__group.4943__X0100	fddc522f7b343b0ac151ca53b70302bc	128	1
work/ext7/2-2s2-2s2-1__group.3401__C	cfbe05c105c6138d658f8f59a23ed26f	576	1
work/ext7/4-2s2-1__group.6319__C	08e547174dcaf9a09f186cb329294d3a	2304	1
work/ext7/2-2s2-2s2-1__group.3183__X011	1673e9a21eac15d539610ec1cc690833	144	1
work/ext7/2-2s2-2s2-1__group.3395__C	9d789188f0d014c06973f58dffc476b6	576	1
work/ext7/2-1s2-1s1c1__group.1299__X0100	3ecd2a4cb41a1b618e53e1630561064b	64	3
work/ext7/6-2__group.7512__X01	8e4655aaa04e359ad760885b07993434	1296	1
work/ext7/6-2__group.7550__X101	ee86b93292bc83c748150288e7f4b059	2592	1
work/ext7/4-1s2-1__group.5008__X011	95609eba51f5f8cb3f27ce677f5c9691	128	1
work/ext7/4-2s2-1__group.6444__X001	c69f23b6c2175a142b5319913ebcf9ae	288	1
work/ext7/2-2s2-1s1c1__group.1930__X01	0719e90debbcd2369a85cf65d0a76aa4	24	1
work/ext7/4-2s2-2__group.6843__X11	dcc1929f824b580dafaa0e76e58ec26f	432	1
work/ext7/4-2s2-1__group.6597__T	a22eae2ce1894ab881222ca0f98687c6	96	1
work/ext7/2-2s2-2s2-1__group.3180__X100	44dc2935f11ed20352f54dd7d87447bd	144	1
work/ext7/2-2s2-1s1s1__group.2399__X1101	9114cbc77ce5fe6d01d16ed6d3ff543b	96	2
work/ext7/4-1s2-2__group.5706__T	f931d88a3972bbe3dadc04bad07987f9	576	1
work/ext7/4-1s1c1__group.4494__C	350870af74c8351d58f788975062e5bb	48	2
work/ext7/2-2s2-1s2-1__group.2612__X111	924187b0a40cbbefacf7d4cf2be84c89	96	1
work/ext7/3s2-2s1__group.4220__X110	5d63de690da7d9d2c499609d45b35340	288	2
work/ext7/4-2s1s1__group.6156__C	c81b8e0f21b365c954c9b3a976ffc57f	576	3
work/ext7/4-1s2-2__group.5422__X100	741f9981735cafbfc646a69c2d917659	192	1
work/ext7/2-2s2-1s2-1__group.2541__X00111	1e4d05898fb3223e087308d2e19b85f4	384	2
work/ext7/3s2-1s1__group.3976__X1111	6c012e1b2bc84b5456a258159917b4da	384	1
work/ext7/4-3s2-1__group.7278__X010	e16e2c787bdf46b00fbd6de3287b65b2	960	1
work/ext7/2-2s2-1s2-1__group.2494__X1011	243979f7ff680937399f28cc25df5945	192	1
work/ext7/4-1s2-2__group.5439__C	0fcf4929e9aece749acc66ae62b1caba	384	1
work/ext7/2-2s2-2s2-1__group.3167__X001	4ffcd1302cebcd505fb58822aba98c56	144	2
work/ext7/2-2s2-1s1s1__group.2368__X0110	6c28950841f18de4bead1126049c426a	96	8
work/ext7/2-2s2-1s2-1__group.2531__X11101	68b543107b6ed901b86fcf6142504b23	384	1
work/ext7/2-2s2-2s1s1__group.3135__X100	5110059784ba65713e4b94cfae78d56f	72	2
work/ext7/2-2s2-2s1c1__group.2769__X01	0b2fc87d85f5feae7475da3fc81ab7cc	36	3
work/ext7/4-2s2-2__group.6711__X1001	f9c317169f84264cf0c482a204fee432	1728	2
work/ext7/4-2s2-1__group.6432__T	35d44426540b34f1369039ace9cf579b	288	1
work/ext7/4-1s2-1__group.4937__X010	2d9c24bb16325634c6b5ab93b4e680ce	128	2
work/ext7/4-3s2-2__group.7292__C	f7d2dc7b8bfc42e6b6a45b461003d3dc	2880	1
work/ext7/2-2s2-2s2-1__group.3368__X0110	ac3bd3b88c1e69b8a377647dedfd87b2	288	1
work/ext7/2-1s2-1s1c1__group.1283__C	6fd714f0fb5a5a492a9dd4c9bba6caab	64	2
work/ext7/4-2s2-2__group.6707__X0001	73a9fa64c2b0bb63f088f884e2c0fad9	1728	1
work/ext7/6-2__group.7592__T	cb51693a028145207a6e88b273246b02	648	1
work/ext7/4-1s2-1__group.5223__X010	4d8180a5e074a2cb3dc51d4efed661c9	64	2
work/ext7/4-2s2-1__group.6551__X0010	bcdd87d4d9ca08504d2e7d6de8f73b26	576	2
work/ext7/4-1s2-2__group.5585__C	beafa0c198acd5731713d6737e9068fd	768	1
work/ext7/4-2s1c1__group.5936__X10	0d02c147c79d34760610227c19645304	24	2
work/ext7/2-2s2-1s1s1__group.2149__X111	59f2e498e9d94d22ede131579f367c3c	48	2
work/ext7/4-2s2-2__group.7060__T	7dbbe501e5430c4746b607a0be9858d5	864	1
work/ext7/4-2s2-2__group.6950__X101	0c8d246cb4365f9b663e5f6cd68191e5	432	1
work/ext7/2-1s2-1s1s1__group.1361__X010	a71d2a764d88083410021f7d3d0803de	32	3
work/ext7/2-2s2-2s2-2__group.3559__X0010	077f62dd2a1c8c5b1fdfb43036ad052d	144	4
work/ext7/4-1s2-2__group.5849__X001	05dfd982698f55cbf18e9ede51c5d8b5	96	1
work/ext7/3s2-1s1__group.3969__C	6f9c1c727b69cf3145c8bc164dc87be3	768	3
work/ext7/4-1s2-1__group.5142__T	1d1868be680343a69bad4bd62b149914	384	1
work/ext7/4-1s2-1__group.5182__X1101	fb1fd7b506677d1b8bd7e78f54102925	512	1
work/ext7/2-2s2-2s1s1__group.2876__X1001	3a6c813d34b53caa16be9cd6a0450e4c	144	3
work/ext7/2-2s2-1s1s1__group.2054__T	8b85ba822038867941f11c0fe479c2cf	24	3
work/ext7/2-2s2-2s1c1__group.2788__X010	3cd5051fb6e52cffdb460c6d73c1b755	72	2
work/ext7/2-1s2-1s2-1__group.1521__X1111	dadc57bcfaf349c2efbbd8724f80b4d4	128	1
work/ext7/2-2s2-2s2-2__group.3602__X001	8dd6cd2572e9e50f36bd7abc9e3ca93d	216	2
work/ext7/2-2s2-1s1c1__group.1939__X01	283732d7ae3e2caab5e736d5846f9bd8	24	1
work/ext7/6-2__group.7571__T	fc982b799686a68013e80d1bfa0e7f9a	432	1
work/ext7/4-2s2-2__group.6635__C	d04fe6b1aae154f83362791808ae4082	216	1
work/ext7/2-2s2-1s1c1__group.1999__T	67a7d3b0c19bacc42c74b9db1a8a4b1e	48	2
work/ext7/2-2s2-1s1s1__group.2246__X110	820cd6b8bb7596d0c2a6a420262fe892	48	2
work/ext7/2-2s2-1s2-1__group.2544__X10	3ec3ad68405d961940a6620315abdd4b	48	2
work/ext7/2-2s1c1c1s1__group.1705__T	998f6462c8b5a10e0e7e9a1a391bba58	12	3
work/ext7/3s2-2s1__group.4220__X100	a74d7a681f09161e6a4d463fb4a5b524	288	2
work/ext7/4-2s1s1__group.6158__T	c7f006793be9d4c7043b3a3ba0cd898d	288	2
work/ext7/3s3__group.4380__C	c12d4dd87ebdb1030c80fde614ab2755	1152	1
work/ext7/4-2s2-2__group.6771__X001	a7f1f32c914ca5effbab6f01503c9865	216	1
work/ext7/4-1s2-2__group.5844__C	a2fc234cdd7c34fbf74f92ff9e8bd049	192	1
work/ext7/4-2s2-1__group.6579__X01	5e3daac88ca9df706047dac106ba903a	72	1
work/ext7/4-2s2-1__group.6565__C	96b567b0740a378674fd7e746ab16578	1152	1
work/ext7/3s1s1s1__group.3839__X1100	14f8445e41eb3891b8ea0a788cf65433	192	2
work/ext7/2-2s1c1s1c1__group.1737__T	5c9e1da14382f2d22070a45bc153c91c	12	2
work/ext7/2-2s2-2s2-2__group.3695__X0110	976576d8bc9453849ddbf45e2221501a	432	2
work/ext7/4-3s1c1__group.7185__X11	1c6ca905a6c0595f02f2cae991e9a249	240	3
work/ext7/2-2s2-2s1c1__group.2780__X001	b1715caffe8ad6b8395484ed59746286	72	3
work/ext7/2-1s2-1s2-1__group.1558__X110	2ea72ac9664bf80c795fb7d6aca4ab1e	32	1
work/ext7/4-2s2-2__group.6850__X100	0b4fcb48d56ebc564697ee6fc51ea164	432	1
work/ext7/2-2s2-2s1s1__group.2850__X1010	f80b92f4524008448439a335323f880a	144	2
work/ext7/4-2s2-2__group.6945__X100	df24df15eaf0631105a7c8063672b47b	432	1
work/ext7/4-1s2-2__group.5366__C	da4af697aad15f65d97452dff50e6387	288	1
work/ext7/2-2s2-2s2-1__group.3261__T	33242d0ae31e705bbfac0eb2c3f93641	144	1
work/ext7/4-2s2-1__group.6367__C	fce8b821ef0f539583e26ab5b81374bb	288	1
work/ext7/2-1s2-1s1s1__group.1459__X0101	91276dab739cc9f7a9fa5b9544346fb5	64	4
work/ext7/4-2s1s1__group.6151__X0111	a0543b33511f594e0b4b750e6bbde6e8	288	1
work/ext7/4-2s2-2__group.6843__X10	b3e43c67021665ff60d9d41583ec2609	432	1
work/ext7/2-2s2-2s2-2__group.3766__C	137b45d40a18225ae6010180e98ed0b8	1728	1
work/ext7/4-1s2-2__group.5713__X010	fda1a99d1be487687c63539740fc7a8a	576	2
work/ext7/2-2s2-2s2-1__group.3348__X0110	4d6a367de9f036cf7b4702ddb94f407d	288	1
work/ext7/2-2s2-2s2-2__group.3588__X110	418b736e95e16f76719aa5d1cdc707fc	216	2
work/ext7/3s2-2s1__group.4215__X010	fbf41d5650e56479952cf44167bc6cdf	288	3
work/ext7/4-1s1s1__group.4909__X10	3b8c78b675ce03ac896df8c5dac226d2	96	3
work/ext7/4-1s2-2__group.5732__C	cdedf64c737d24b20f94d262cffdaf20	13824	1
work/ext7/2-2s2-2s2-2__group.3577__C	13931a4c4729e888dca5bb80c3ba6e8e	432	1
work/ext7/4-1s2-1__group.5188__X0111	72ba22ac2add235054bd9001e24caea6	512	1
work/ext7/2-2s2-2s2-2__group.3575__X101	ebca4679b75ef8045ef788fabaebc436	216	2
work/ext7/2-1s2-1s2-1__min.278__X01	facdb1843fe7748ed910e3aa96753084	16	3
work/ext7/4-1s2-2__group.5737__T	b36bf1ca0b48d6b73f5100edda71b2a9	72	1
work/ext7/2-2s2-1s1s1__group.2162__X011	f0b0fe21979f0a8ac4557a0953c10d98	48	4
work/ext7/4-1s2-2__group.5423__T	726b106cb7127a86c297241fce7ff4b4	192	1
work/ext7/3s1s1s1__group.3832__T	91235e1dcb64c131b2571c635efe2cd3	192	3
work/ext7/2-2s2-2s2-1__group.3414__C	8599f8b50c3c5142c6e09c991bd81694	96	1
work/ext7/2-2s2-1c2-1__min.355__T	31447e4a332269aef2e2fbca03bebb78	24	1
work/ext7/4-2s2-2__group.6980__X11	8400539f4b7ea1f3f2d653b23cb9ab59	72	1
work/ext7/4-2s2-1__group.6536__X0101	9b30ea23c6d1ec33cfcec85007ff54a1	576	1
work/ext7/6-1__group.7429__X01	02b035bdb2ad8e9883a493471f2a3122	1536	1
work/ext7/4-1s2-1__group.5304__T	fedcff824c7004498f268c1aa68a5253	96	1
work/ext7/4-2s2-2__group.7090__X0100	7114510b79ef87c6f23a5eea6a86c8c0	96	2
work/ext7/4-3s2-2__group.7294__X101	5f7430a4ba834b2794cf87967c1dbda1	1440	2
work/ext7/2-2s2-2s2-2__group.3718__X1000	18b26ff3f5e64fbd9ce7ce1a1959bf47	432	2
work/ext7/4-1s2-1__group.4953__X0010	6e022a43357897aed951d8c6dda229b0	128	1
work/ext7/2-2s1c1s1s1__group.1754__X101	552e31ad621e19fb71cd523dac92fc91	24	3
work/ext7/3s2-1s1__group.3963__X100	0c28b2632ca62e8388f247369702ea95	192	3
work/ext7/4-2s2-2__group.7080__X1111	564c58238c38e21dca61d63104cfaa2b	864	1
work/ext7/4-1s2-2__group.5772__X10	452371b79da1652ed73a6608c518d5ac	96	1
work/ext7/4-3ps2-2__group.7171__C	5bf856fda506cc5d8ddf1d1b39fd2307	120	1
work/ext7/2-2s2-2s2-2__group.3758__C	4e03738e6e77ea01aa7fe4571a0fb7af	144	1
work/ext7/4-1s2-2__group.5700__X001	c030ec95784bc06a2e5724886da15560	576	1
work/ext7/2-2s2-2s2-2__group.3717__X0001	aea9effdb022020e98054a29a95fc1ec	432	2
work/ext7/4-3s2-1__group.7238__X001	c56e621bf4c4e2f37c027e950c602271	160	1
work/ext7/2-2s2-1s1s1__group.2034__X01100	a32408761b665629e2df695286edf78b	192	2
work/ext7/4-2s2-1__group.6551__X1100	e24b0a3142fe2da7abe9e5ffe6227b29	576	2
work/ext7/2-1s1s1s1s1__group.1209__X0011	dc3961e7751e85a496ec57552e538096	32	10
work/ext7/4-2s2-1__group.6533__X1000	6a6c2dfde796f60c9b73ea5665ea45ce	576	1
work/ext7/4-2s2-1__group.6392__X0001	c817f29d7bbd16dbf11b270bb86757ad	192	2
work/ext7/2-2s2-2s2-1__group.3295__X110	3179bad47cd17d726446ec506b818bb0	144	1
work/ext7/4-1s1s1__group.4731__C	339a22462b695aebdb41b5aba7ced0e9	64	5
work/ext7/2-2c2-2s2-2__group.1683__T	3c123398e250f209d7e471a07241320f	72	1
work/ext7/2-2s2-1s2-1__group.2449__X1010	5e9a7d91b3cfaaa03670799700f4f386	192	2
work/ext7/4-3ps2-2__group.7142__X010	9d8139eb3a5e4d7abb52f3f77f11a0a4	120	1
work/ext7/4-3s2-2__group.7292__X011	f4dec88c0fd7b9d355f8774989d82d01	1440	2
work/ext7/2-1s1c1c1s1__group.1116__X1101	36647bb8e5bf0576e586d49660fa5d7c	32	2
work/ext7/4-1s2-1__group.5004__X111	e370716d25ff227e38901262f16dcc78	128	1
work/ext7/4-2s2-2__group.6719__X1101	11889947aa6545a18e57497cb93c36ff	1728	2
work/ext7/2-2s2-2s1c1__group.2704__X01	c01f8e7deb642f24b426dfabaaaecda6	12	3
work/ext7/2-2s2-1s1s1__group.2375__X1110	9b5b9ae4c2f3e685f3526f9afcf1ea0f	96	3
work/ext7/3s2-2s1__group.4071__C	a8dae136f356fa514a5d8a3a4f93cf37	288	2
work/ext7/2-1s2-1s1s1__group.1312__X00001	724dff67e8fd812a4584fe75acd1b594	128	2
work/ext7/3s2-2s1__group.4180__X110	866be8503ea805afe310977612d3de15	288	1
work/ext7/5-2s1__max.21__X110	6fa92266603e11322cabdd2ff04c2c40	2880	1
work/ext7/3s2-1s1__group.3899__T	2eb59053f153ab2198ba42ccda486273	192	2
work/ext7/2-2s2-2s2-2__group.3704__X0001	907b5768b053f938c1b0463f79190fe2	432	6
work/ext7/2-2s2-2s1c1__group.2784__T	ac7340722587c1d1cc4b535aba06ec83	72	2
work/ext7/2-2s2-2s1s1__group.3020__X011	2237f27b3ae27be6b7baa4cab91405c8	72	2
work/ext7/4-1s2-2__group.5720__X01	8bcb4de463676ac9e4e486ae6d75ffab	576	1
work/ext7/2-1s2-1s1s1__group.1312__X10110	5f6384e012b4d052e708d72143de64b4	128	8
work/ext7/2-2s2-2s2-2__group.3516__X10	d61fc2d2887a4b259ab0bb66339befab	108	1
work/ext7/2-2s2-1s1s1__group.2421__X0100	9499f4641d9a9c07b75ffddf0de91709	96	2
work/ext7/3s2-1s1__group.3904__X010	c07a62c7f0b8570142c7208040cd9e8f	192	2
work/ext7/2-2s2-2s1c1__group.2744__T	dfa7107460190e5429012c650057575e	36	2
work/ext7/4-2s2-2__group.6711__X1100	4d2087425d85377536f43cc9d7ccbb97	1728	2
work/ext7/4-2s2-2__group.6796__X01	3770976ce45676c4358b3d5dcf5eded6	216	1
work/ext7/4-1s2-2__group.5469__X01001	fcc37ff654353298d316d849a10bd38a	192	4
work/ext7/2-2s2-2s1s1__group.2878__X0101	d40fb2d2796fc3acfea2312dced1c932	144	2
work/ext7/2-1s1c1c1s1__group.1114__X110	7b510a19e2baf7528aac54a2b7e9a5c0	16	3
work/ext7/4-1ps2-1__group.4426__X110	0dc9d6a971a174c7eb03e20cee0b8f7d	64	1
work/ext7/4-2s2-1__group.6516__X1001	cf06fca91d76cef48150186e7e142642	576	1
work/ext7/4-2ps2-2__group.5909__X10	303211092a4049fea7a4f2e671a31784	72	1
work/ext7/4-1s1s1__group.4615__X0101	13378f28b39afb1640490d414d802270	128	5
work/ext7/1c1c1s1c1s1__min.181__X11	2746e9121cd3de77e34cf4d0f1b1ea35	4	5
work/ext7/2-1s2-1s2-1__group.1607__X010	327ac16112a047637017ae77e912d041	64	3
work/ext7/2-2s2-2s1c1__group.2808__X011	52e809a418c878b2244fbfbab0b527e4	72	3
work/ext7/4-3s2-2__group.7314__C	1a21a071bf41537ca3612f364d541886	720	1
work/ext7/6-2__group.7571__C	68d9a032af1e8628471b332932871ab6	864	1
work/ext7/4-2s2-1__group.6453__X001	fcb16f07f624a534c07596c47748adea	288	1
work/ext7/4-2s2-2__group.6853__X111	30e5ce0ab74a5e49b532ca0bf7591d5b	432	1
work/ext7/2-2s2-1s1s1__group.2415__X1100	7d39f23305b29e34ee820773839b1eb6	96	2
work/ext7/4-1s2-2__group.5511__X001	106647ea11631b00772f6e52437acd76	288	2
work/ext7/4-1s2-2__min.528__X01	86f2f8bae1702a04bbbc5b17eb2c81ce	24	3
work/ext7/4-1s2-2__group.5634__X01000	3b2e1cdc209b5e9faafb3b47e23e78a9	384	1
work/ext7/2-2s2-1s1c1__group.1945__T	6cd5bfd73e0fe47c22a891eb0578dc56	24	2
work/ext7/2-2s1c1s1s1__group.1748__X110	bab2481ad1d5777de162b2a67f41b3c7	24	8
work/ext7/2-2s2-1s1s1__group.2107__X101	3713b07331a03541d6ecdc6dc5f8c93b	48	1
work/ext7/4-1s1s1__group.4898__X110	ea3d6de3b0575eb5d750ddaa5a1f2bcb	768	6
work/ext7/4-1s1c1__group.4455__X011	869689934185cffe7a33ef7f70e9e2dc	128	3
work/ext7/2-2s2-1s1s1__group.2399__X1111	85cd7aa38072abd48ba65369ce4306e6	96	6
work/ext7/4-2s2-2__group.7072__X100	c88c9331b60df9c8f4aa2bcabc3520de	864	1
work/ext7/4-1s1s1__group.4630__X1001	249352c33163a0f2d45dace442a110bc	128	2
work/ext7/2-2s2-1s1s1__group.2028__X00111	9686ffe91d59fdd34e2c431424af8ab5	192	3
work/ext7/4-2s1s1__group.6109__X11	5b7913603e068c54451d7407b7b9e096	24	3
work/ext7/4-2s2-1__group.6604__T	52ee1a8c9de3a636a4a2caab17930434	96	1
work/ext7/3s2-2s1__group.4307__X1010	ed5e8cd41f58334b16e96e8342b2a785	576	1
work/ext7/4-3s2-1__group.7241__C	432ad4213c4bdc7c3134b944c8f277e6	320	1
work/ext7/4-2s2-1__group.6625__X100	cde344c8b7e6c1bc99caa5b175b7f55a	96	2
work/ext7/2-2s2-2s1s1__group.2835__X0101	7cef0a7d58146f2f23bddcdd19e19379	144	2
work/ext7/3s1s1s1__group.3865__X110	d260c0bc506fcef117146dc688dc0b53	96	3
work/ext7/2-2s2-1s1s1__group.2081__C	764c0b1db7c6df001742e07fbef1834a	48	3
work/ext7/4-2s2-2__group.6793__C	8574690503da4a214db169688e0746f3	432	1
work/ext7/2-2s2-2s2-1__group.3503__T	8cd91cc3ea10532156cb93ee1611217b	96	1
work/ext7/2-1s1c1c1s1__group.1111__X011	fc03a53ab45b6f087fda9917e79bb3f2	16	4
work/ext7/4-2s2-1__group.6348__X11	dd477f586717f5578e79a432eddf9ead	144	1
work/ext7/2-2s2-2s2-1__group.3460__X10	bd67248e05f8965f833bba4545572ed5	72	1
work/ext7/3s2-2s1__group.4060__X11	1b63a21e73ea33e9bf37197b91bbe133	144	2
work/ext7/4-2s2-2__group.6987__X01	70dec9be2ba9c430fedff8c2fea6371e	72	1
work/ext7/2-2pc2-2ps2-1__group.1619__C	fa5cd11ce57424dbcae2c9443131db25	48	1
work/ext7/2-2s2-1s2-1__group.2522__X1001	481e51b4dda973e987dd03858ccf25b3	192	1
work/ext7/2-2pc2-2ps2-2__group.1632__X10	cd2182388c3b5db45f99f1dcfefb536e	36	1
work/ext7/2-2s2-2s1s1__group.2896__C	4664f6fb60b19c5a159845af2f87de9c	288	6
work/ext7/3s2-1s1__group.3881__X001	2a24c95c8cf7e9e0306b3ec4e2c63d3a	192	2
work/ext7/4-1s2-1__group.5284__X011	820b35edd0f01eca23194a4b09c19b00	768	2
work/ext7/4-2s2-1__group.6537__X0011	6096fd639326dc73382e8259ba0019dd	576	2
work/ext7/4-1s2-2__group.5375__T	b357e75ca0fd0e678b6bf2a5aa119595	144	1
work/ext7/4-3ps2-2__group.7155__C	1fc43be7fc7571c91a227b6276bf64cb	60	1
work/ext7/2-2s2-1s1s1__group.2035__X10001	a21d3ac003c7e8b2551bae66ef185e10	192	2
work/ext7/3s2-2s1__group.4074__C	147e1e4b87f4b94f61294887420262d5	288	2
work/ext7/2-2s2-2s1s1__group.2822__X0100	ddcbc2d323dd7c361e968538c5f0e290	144	4
work/ext7/2-2s2-2s1s1__group.3084__X011	b6b894c5c6ff5d6e71b52aaa796d04a0	72	3
work/ext7/4-1s2-1__group.5249__T	302ca5c64c51594082ceeddb90aa109a	64	1
work/ext7/4-1s2-2__group.5521__X01	c29893aae821f21a25a6471290a1da10	288	1
work/ext7/4-1s2-1__group.5018__X010	3bca4f87087eebfb685d5e22676f5345	1536	1
work/ext7/2-2s2-2s1s1__group.2833__T	346d4dfd36f3880398dee02285c4a0f1	144	3
work/ext7/4-2s2-2__group.6869__X100	7d6def630b2b09d4ab907825429cf3ae	432	1
work/ext7/2-2s2-2s2-2__group.3627__X101	b9ff05fe76a281a86be2e6df3f496c7a	216	2
work/ext7/2-1s2-1s1s1__group.1372__X110	9fb3cdb51ca695cc6dcd3f6f0e33b306	32	3
work/ext7/2-2s2-2s2-2__group.3563__C	f9035dab2a1523f56fee1c9b6ece1b77	288	1
work/ext7/3s2-2s1__group.4155__T	187ff2f10b4955eeb17e8d165969e80c	24	2
work/ext7/2-2s2-1s2-1__group.2484__X0010	cb99c379c2eae077a3a4a290d645e17d	192	2
work/ext7/2-2s2-1c2-1__group.1908__X011	e8d1d8183fee7063696b01f1c964bd1d	48	2
work/ext7/6-1__group.7455__C	2cb4f49ba85e94738cf2ea8bc2b3e9d5	46080	1
work/ext7/3s2-2s1__group.4214__X100	3261473604bff5b94c2b8892ebd74823	288	2
work/ext7/4-1s2-2__group.5508__X010	4f96d054a9d7394c55e0637f293efa1a	2304	2
work/ext7/2-2s2-1s1c1__group.1950__C	9d402e1ddb439bf4e78c5851cee24712	48	2
work/ext7/4-2s2-1__group.6430__X011	1f77cbeffff79baa09b2d793c6231e1c	288	1
work/ext7/2-2s2-1s1s1__group.2226__C	67cac51aca47b8498f50b47df6e0cb27	96	3
work/ext7/4-3ps1s1__group.7117__C	17489ad8699a577950b7197306664ec3	80	2
work/ext7/4-1s1s1__group.4708__X00101	0fb408ad1c1518f24df3434a716b3668	256	2
work/ext7/4-2ps1c1__group.5858__C	276a2cfc82f349f48e8531de96b6f46e	48	2
work/ext7/6-2__group.7597__C	45f3b09aef34570902c6a03c5f30cfd7	1296	1
work/ext7/2-2s2-1s1s1__group.2366__X1011	9516c832e81b97973d970ce0b416de41	96	2
work/ext7/1s1s1s1s1s1__group.1078__X01001	6cef391b088aa2d49231d788eee0b13e	32	4
work/ext7/2-2s2-2s2-1__group.3290__X110	844d350253a24b70f68851d9e18083da	144	1
work/ext7/4-1s1c1__group.4460__X111	8d29758f9b91c30ae56db5e086d8de08	128	2
work/ext7/2-2s2-2s2-1__group.3200__X001	1d8bfd5ad28df23d193bd2b9e93568e7	144	1
work/ext7/4-1s2-2__group.5453__X101	04634b0d42ed62ff1eeef10431b6b381	192	1
work/ext7/4-1s2-1__group.5190__X001	952844e5e21a4771a9471089d0adc22f	576	1
work/ext7/4-1s2-1__group.4994__C	f07d16596622624a7adede0d9629ede8	256	1
work/ext7/2-2s2-1s2-1__group.2490__X0010	fe363aedf6375a33eb851b4cb18ae835	192	1
work/ext7/4-1s2-2__group.5321__X1000	9b285b3e18f25d15a68580cdf3917273	1152	1
work/ext7/2-2s2-2s2-1__group.3310__T	f180c334b45ccc0083d441dd608c20ba	24	1
work/ext7/2-2s2-2s2-2__group.3554__X10	0df4bfd010c2e878bd9496c6af386c22	108	1
work/ext7/3s2-2s1__group.4335__X011	51f1305c28df5978f49dd26e6b22548a	96	1
work/ext7/3s2-2s1__group.4178__X111	339763f876dfb379e99cdaef8e435877	288	1
work/ext7/4-2s2-1__group.6564__T	1e53bd31fa0e26ca007688af26a8d120	576	1
work/ext7/2-2s2-1s1c1__group.1991__X101	db04c9674e71b2eb9baf968aa3373cf9	48	2
work/ext7/2-2s2-1s1s1__group.2232__X001	784d38983b14f3b42676dbec7ae1fc22	48	3
work/ext7/4-2s2-1__group.6481__X101	defb26999163423054e6299f0336aa52	288	1
work/ext7/2-2s2-1s2-1__group.2481__X1100	66767443147cda2c6716feec0c89ebaa	192	1
work/ext7/2-2s2-2s2-2__group.3598__X100	8b4b6d849af2dfb908f2a1c8f70f948b	216	1
work/ext7/2-2s2-2s2-2__group.3646__X010	9b7d344e01e439bf527400057b17c855	216	2
work/ext7/2-2s2-1s1s1__group.2352__X0111	a27edcd7b01161073d940a7ddd3fb639	96	2
work/ext7/2-2s2-2s1c1__group.2768__T	a886a49929ddb9eec0fe184153e546f4	36	2
work/ext7/4-2s1s1__group.6295__X1101	955d8ea8aae2e122a4c11267e084d58c	96	4
work/ext7/4-2s2-2__group.6985__C	fa1f858f3f8b148e46a014fb7dab8eac	144	1
work/ext7/2-1s1c1s1s1__group.1140__X010	a890110cb7794e9c426b7f003cf2a566	16	5
work/ext7/3s2-1s1__group.4028__X10	e6ab5be8a51f081abfd48fa4b91ca5a0	96	2
work/ext7/4-1s2-1__group.5273__X01	162ab07efd52d140107ac40ee5de8bea	768	1
work/ext7/4-1s2-2__group.5528__T	51b32ea26a5768d6a8861a847a304e24	288	1
work/ext7/4-1s1s1__group.4879__X100	90541df3367acc3f00e4e2cc5944f83d	64	2
work/ext7/4-2s2-2__group.6950__X001	8c2f0aef25480e56991b1d3e69b468dc	432	1
work/ext7/2-2s2-1s2-1__group.2454__X1001	7afdc2a12dbd552f8dcab7d887f6cd3d	192	1
work/ext7/4-1s2-1__min.504__X01	b6cfc479cbc37c62684fc30e8de21dec	128	1
work/ext7/2-1s1s1s1s1__group.1191__X101	39fc12d474448756b4b8bda2f0a74bfc	16	4
work/ext7/4-2s2-2__group.6856__X010	a10dd34944f40e7008c99025741e3e46	432	1
work/ext7/2-2s2-1s2-1__group.2579__X000001	40484477068ce83f5dba9935530a5ded	768	4
work/ext7/2-2s2-2s2-2__group.3768__X11000	81883e76f7ae71ba960e185a4bcf26b8	864	2
work/ext7/2-1s2-1s2-1__group.1527__X0100	9dca834678f1f56a37a67a88c8664cc4	128	1
work/ext7/2-2s2-2s2-2__group.3647__X010	d934a4f6a9d233ab15b72764ef65c271	24	3
work/ext7/4-2s2-2__group.7021__T	674beed662b6e4a573ac1c233d990f27	864	1
work/ext7/2-2s2-1s1s1__group.2194__X100	48aa6a4fe8e6e67fed97f30e1f234449	48	2
work/ext7/4-1s1s1__group.4824__T	30b3c5db88a6561f8ec880616819672d	64	3
work/ext7/3s3__group.4351__C	713ab48ae43d4d24182eaf1c54de67ee	2304	1
work/ext7/4-1s1c1__group.4526__C	dc00d9cc1f2e5ada5409aaffdd35e8c4	96	3
work/ext7/3s2-1s1__group.3969__X1010	95e42f300f4b5bc68227e68a4d56f580	384	1
work/ext7/2-2s2-1s2-1__group.2685__X001	97a21d4aa5f4b5c554d4165a220beb77	96	1
work/ext7/4-3s2-2__group.7280__C	6924212f28d6e48ed9f02c73d93c7f08	240	1
work/ext7/4-2s1s1__group.6299__X0110	2c21f54f94251053028eb98c1769129d	96	2
work/ext7/4-1s2-2__group.5676__X101	64384626d955e58265ecaa428506ee00	48	1
work/ext7/4-2s2-1__group.6396__X1000	115bd13cc58a5eb3917ca41202bd496d	192	1
work/ext7/2-1s1c1s1c1__group.1130__X001	be2d9a252c32b0760e024879977f23dc	16	4
work/ext7/4-2s2-2__group.6857__T	faf05a472b202410bfb07db5eeca5bc6	432	1
work/ext7/4-1s1s1__group.4651__X100	4477ca1db8755297278f4e341d86c4c1	16	3
work/ext7/2-2s2-2s2-2__group.3532__X010	f9f215bc81a1538451da84562364433a	108	1
work/ext7/4-1s1c1__group.4496__X0111	23ae0b226212d4b8de387a652a2656b2	256	4
work/ext7/4-1s2-1__group.5118__C	5b1c60807469c41f6a6c63a8b2b89125	64	1
work/ext7/4-1s2-1__group.4960__X00111	f2cdad13f9e6e103bb368e85952addf9	128	1
work/ext7/4-2s2-1__group.6435__X100	bbebbe281f3b44a978aef4c05008961f	288	2
work/ext7/4-2s2-1__group.6318__T	358ce6c281644eb77a8ed8f58e788fc9	1152	1
work/ext7/2-2s2-1s2-1__group.2600__X101	a008c30bd78ef14614098b989844598c	96	1
work/ext7/2-2s2-2s2-2__group.3616__X010	b96a927034cc7d06598c03fb159ada44	216	1
work/ext7/3s2-1s1__group.3971__X0010	2d7e5a53ae15a5fff66dfbf6296e1d01	384	3
work/ext7/2-2s2-1s2-1__group.2490__X0101	56da935791b766a7b5b0e17ee9ab3db1	192	1
work/ext7/3s2-1s1__group.3903__T	b500d463ab172f35ea1909515fb7fd4f	192	2
work/ext7/4-2s2-1__group.6388__X1110	774512a1f3a5617ab9d4c5c07eb86be8	192	2
work/ext7/2-1s2-1s1c1__group.1291__X110	34e2681880e0172e05a9a9a1fb7b90bc	32	3
work/ext7/2-2s2-2s2-1__group.3402__X0010	55636c452bb349f1741a2d94ce86fa6f	288	2
work/ext7/2-2s2-2s1s1__group.2874__C	7f341d11e46b511332d93d80976feec5	288	5
work/ext7/4-1s2-2__group.5485__X0100	117bf8f44627726a31d5edce545e3e4c	192	1
work/ext7/4-1s2-2__group.5710__X11	2966b34aa613b91876bd8cbc4ba9ff32	576	1
work/ext7/4-1s2-1__group.5178__X1000	b66242bf8f769c97f8808f0d08b88609	512	1
work/ext7/2-1s2-1s1c1__group.1296__X111	80387eb261bbef4e6c0c2f4e402164b4	32	3
work/ext7/2-2s2-2s1c1__group.2716__C	0669ccd6a254c47bb0cfaa494d96cc9d	288	2
work/ext7/2-2s1c1s1s1__group.1760__C	a0ccc16a019600f6a6b600ba13e4545c	48	4
work/ext7/4-1s2-1__group.4951__C	18ed2ed84d1622bad5c0b7eeb0b1b628	256	1
work/ext7/2-2s2-2s2-2__group.3558__C	25ecc630eba4db0c359a8af2bbe4ebf6	288	1
work/ext7/4-2s2-2__group.6940__X110	1d4dc2367d2d6180f109b5eef57430be	432	1
work/ext7/2-2s2-2s1s1__group.2854__X1100	b9840befa95951d598d0050e4f87e443	144	5
work/ext7/4-1s1s1__group.4676__X001	9835bbef043b65e0965ad1881de3c3a6	192	2
work/ext7/3s2-1s1__group.3930__X010	6b23bcff53f53b87da89669d4cd6a4b9	192	2
work/ext7/4-1s2-2__group.5670__X001	91e7d6c645e3f98c291f3c60c34b3482	48	2
work/ext7/4-1s1s1__group.4695__X01	79df3b4540c38d12e2ba3acaf70815ac	24	1
work/ext7/4-2s2-2__group.7038__X011	008413d0c0e97246e982e0128b987c14	864	1
work/ext7/4-1s2-1__group.5090__X001	a411120b7d528c6187b18fb558271183	256	1
work/ext7/4-2s2-1__group.6333__C	01ee95d6a20f1def9284d7c41bc373b5	288	1
work/ext7/2-2s2-2s1c1__group.2706__X10	f987fec2f13329541f77730602bb9706	12	1
work/ext7/2-2s2-1s2-1__group.2638__X110	8e0217b9d54628dfb798dc642d6ca83d	96	1
work/ext7/4-3s1c1__group.7189__T	3a811f91cf8759efe128b5038fadb151	40	2
work/ext7/2-2s2-2s1s1__group.2900__C	8c12c0be77683032dd8941b59c214bbc	288	4
work/ext7/2-2s2-2s1c1__group.2796__X100	ac6c6cf0fbc93c022a00a250595193bc	72	3
work/ext7/4-2s2-2__group.6633__X10	8b86f6f7d09cbf249ea41a1e3ed06cda	108	2
work/ext7/3s3__group.4382__T	f5d91d12f8a8fd08b40616e9af326c7a	576	1
work/ext7/2-1s2-1s1s1__group.1364__X100	12a8e3497d1a03dc9199182527646766	32	2
work/ext7/2-2s2-2s2-1__group.3167__X011	8d98cc4ccf2f76709c4e3e7ce390a286	144	2
work/ext7/2-2s2-2s2-1__group.3424__X10000	8c5a9dfc7eea228ed3efea3fb22110a4	576	1
work/ext7/2-2s2-2s2-2__group.3757__C	739b033ab3d6e9ff921a2cbfbb389a25	144	1
work/ext7/2-2s2-2s2-2__group.3570__C	cd835c95cade6ac9e96acc8287242f53	36	1
work/ext7/4-2s2-2__group.6912__X001	b96412807a7d06f8a1e0f8221052455a	432	1
work/ext7/4-2s2-2__group.6815__X0100	5fc00ff818d96090a52fe1b4ca348fb2	288	2
work/ext7/4-2s2-1__group.6471__X011	6a284130b9eb51b7c57f91a9932c1c8d	288	1
work/ext7/2-2s2-2s2-1__group.3340__T	e86acb8d8b91078c725dccd69a6c18b2	288	1
work/ext7/2-1s2-1s2-1__group.1582__X100	fef4862a71cfdbf3ed1b36a4f2a27f29	64	1
work/ext7/3s2-2s1__group.4251__X101	6011e4c79a82748ce32f56a4c5b8258a	288	1
work/ext7/4-1s2-2__group.5787__X111	8e0c5c8c0dc28db90c180d9844ef4b33	96	1
work/ext7/4-2s2-2__group.6823__X0100	33d9e75764e31a95f6ca1ab157cc1bbf	288	1
work/ext7/4-2s2-1__group.6491__C	0eda89da38963abc77194e9b76696112	576	1
work/ext7/4-2s2-2__group.6689__X011	98bc9950d9d9ecfa8d7a1c1e89a9e9a4	144	1
work/ext7/2-2s2-2s2-2__group.3760__X00100	8caa8bb9c1b9a9e5e685b5ec1535afc3	864	4
work/ext7/2-1s2-1s2-1__group.1569__X110	8f01998ea110f4bbd7aee4a6b3352b01	64	1
work/ext7/2-2s2-2s2-1__group.3482__X10	d01d238690f9ad773d90ae2daaf24841	72	1
work/ext7/2-2s2-2s1c1__group.2791__X101	71c6952c8b041a40e9ce03b4cae732fe	72	3
work/ext7/2-1s2-1s1s1__group.1400__X110	4ba8817bd52f5afd8e0f6661293df8c3	32	4
work/ext7/4-2s2-1__group.6562__X0001	63c6ffd6585774e833c30330608f7e36	576	1
work/ext7/2-1s2-1s2-1__group.1561__X010	5da6a346f7354481727b1486fed63557	32	1
work/ext7/2-2s2-2s2-1__group.3343__X1100	396e3a7948c92f66366fd084525f8688	288	2
work/ext7/4-1s2-2__group.5744__X01	982a65066725f4d327b91c435edc6e31	72	2
work/ext7/4-1s2-2__group.5675__X01	f5bc0b96ae2bc4e98095533b9f76f293	48	1
work/ext7/4-1s2-1__group.5017__X100	d213acfeb1f717517e462aa4fad111cf	1536	1
work/ext7/2-2s2-2s2-1__group.3501__T	2a5a2a42f4c90ccbd7c1a58589ee0641	72	1
work/ext7/2-2s2-1s2-1__group.2697__X001	19b6c2d8416021548e56226e02af4bd2	96	1
work/ext7/2-1s2-1s2-1__group.1599__X1000	72ecd32e928f4b2048f0b02e0c31bfca	64	2
work/ext7/6-2__group.7593__X01	42329431d2907fc8b6a7bbd3fa068cea	648	1
work/ext7/4-1s2-2__group.5828__X101	2609bc13a15c1d6842b54e116570090e	96	1
work/ext7/2-2s2-2s2-1__group.3455__X101	0b51648dab9cfca2f8a37e7d37822fec	72	1
work/ext7/4-2s1c1__group.5989__C	9ac37e8c8c877ab6c2d84a3a32e53044	144	2
work/ext7/2-2s2-2s2-1__group.3280__C	4f9c28f1f343f797054397c4f4057f59	288	1
work/ext7/4-2s2-1__group.6394__X0001	e30b1b12330762c459de06c552acc5c2	192	2
work/ext7/4-1s2-1__group.5183__X0101	320f391d77f0be6ac9d195a007e0c118	512	1
work/ext7/4-2s2-1__group.6471__X100	cc9b4c34433282da0083a836edf9ccb8	288	1
work/ext7/4-2s2-1__group.6533__X0101	74ea055bcd331ad06a4f959f1db07ee6	576	1
work/ext7/2-2s2-2s1s1__group.3083__T	5b5e466ad13c4310603bc36dad728e02	72	2
work/ext7/2-2s2-2s2-1__min.415__T	73b7588a58523c22e949bf6de7a169d4	24	1
work/ext7/4-1s2-1__group.5252__X10	c77a22f2de08adb05aa1c54200d44fd2	64	1
work/ext7/4-2s1s1__group.6175__X11	2d05bed8059b79b7c3e2527e17c6426d	36	2
work/ext7/2-2s2-2s2-2__group.3540__T	e802c95dddbb32607186b78c73ae55ba	108	1
work/ext7/2-2s2-2s2-1__group.3198__X111	977cd13b97d59026eca72c265d88e9e4	144	1
work/ext7/4-1s2-1__group.4984__X110	d50ba48f3cbcd39a6f7f881e547a105c	128	2
work/ext7/3s2-2s1__group.4202__X111	d25bd111c3f60fa7e883e6a0daa28c59	288	2
work/ext7/4-1s2-2__group.5692__C	a53ebb4b52af7a04bbc5c612874683a6	1152	1
work/ext7/6-1__min.656__T	12185e296376fac34f40b6fb007d9331	96	1
work/ext7/4-1s1c1__group.4454__X11	d30f7b218e8e0133be7cf32c3f0eddb5	1152	1
work/ext7/4-2s2-1__group.6582__C	66e7ea710dbfc59df517b40eaeb08d0b	144	1
work/ext7/4-3s2-1__group.7273__X001	f438ab482aaebc9233d44377bad7a258	960	1
work/ext7/2-2s2-2s1s1__group.2841__C	ecac1b8211a2a70a486b50b5729a9074	288	2
work/ext7/2-2s2-1s1s1__group.2033__X00110	33dde94ffe7717e6451f6d0e70ee731c	192	3
work/ext7/4-1s2-2__group.5417__X010	bc6acd02757a0381d2a090889bc1c91f	192	2
work/ext7/2-2s2-2s2-2__group.3571__X011	99e2d886ed99d1cba41193734085ffe9	216	1
work/ext7/2-1s2-1s1s1__group.1490__X0111	38a6b3c899008bc8cb4d256b7bb21362	64	5
work/ext7/2-2s2-2s1s1__group.2939__X00101	b809135b6206516ccb9e4c24d28d16be	288	4
work/ext7/2-2s2-1s2-1__min.386__T	aba59a8405baf22b49523226d25229a9	24	1
work/ext7/4-1s1s1__group.4731__X1000	03ad5369bedf13a29cab00343f789854	32	2
work/ext7/2-2s2-2s2-2__group.3765__X01101	979f43801bc973eddd9e3727d041e307	864	2
work/ext7/4-2s2-1__group.6451__T	3dc0f9361a6932b86db6173509ee7f4a	288	1
work/ext7/4-1s2-1__group.4984__X001	17edd7e653a48a324c2e50b5a5d6682c	128	1
work/ext7/4-1s1s1__group.4746__X0100	1b043eda8c28bfd8825ce80320eff152	32	2
work/ext7/4-1s2-2__group.5317__X011	ef8713d2edfe3cc333897b2bc8da22dd	1152	2
work/ext7/5-1s1__group.7361__C	813cfb4908a1ca7fadf2b77118f201d1	640	2
work/ext7/4-2s2-1__group.6546__X010	606d6e6804dfb1764b033117f28cee10	576	1
work/ext7/4-3s2-2__group.7279__X10	d33ebe4304a6205216629bc5674eafb0	120	1
work/ext7/2-1s1c1c1s1__group.1110__X101	35997f65b90f620a1c72e1b432beb620	16	2
work/ext7/4-1s2-2__group.5456__X001	83b9aaa6a3f4cb06002d1ff383ee38dc	192	1
work/ext7/2-2s2-1s2-1__group.2502__X1010	7f8526d612cdd3b29ca2518ea138bc98	192	1
work/ext7/4-2s2-1__group.6482__X100	23242911bb09eaa9acbb6aa745ffb53f	288	1
work/ext7/4-1s2-2__group.5596__X101	6095903def5b5626f6948888381bd2e0	384	1
work/ext7/4-2s2-2__group.6815__X0010	73ae22b54d63b8c779aa97584ce33b6d	288	1
work/ext7/4-2s2-2__group.6946__X011	90f5424cf646409c5f3b38c0b0ffdbc2	432	1
work/ext7/4-3ps2-1__group.7130__X11	78eb4a2168d939f0e09f9353bdeaab46	40	1
work/ext7/4-2s2-1__group.6602__X100	108a579b36a4047faaa4192442a69d19	96	1
work/ext7/4-2s1c1__group.5922__T	cec1be805db3a6302bc0292c27e6112e	144	2
work/ext7/4-1s2-1__group.5201__X010	7036c6ebe47b847b26c256c5b06b9389	64	1
work/ext7/2-2s2-1s2-1__group.2612__X011	5cb35570c4a8362f67489f6f23d7477d	96	1
work/ext7/6-2__group.7511__C	43eca12dfdad5f7727c452361064d225	2592	1
work/ext7/4-1s2-2__group.5627__X1010	5e03b2ed4764b3d5394dd2fc49b43737	384	1
work/ext7/4-2s1c1__group.6004__X0100	df164d4983fd2aefa887b3e724c411cd	96	2
work/ext7/4-2s2-2__group.6738__X10	3ec8b122d033698009efa1441799f63a	216	1
work/ext7/4-1ps1s1__group.4411__X100	da248e56026602eca4013cb9c7f83dc6	32	1
work/ext7/2-2s2-2s2-2__group.3708__X1010	8c13c24bc45924704627677be15cdf3e	432	1
work/ext7/4-3s2-2__group.7298__C	1f4f57726de4b82591caead26f14d037	2880	1
work/ext7/2-2s2-2s2-1__group.3250__X010	4ae631dcd3e0bb71d58d30d23132a653	144	1
work/ext7/4-1s2-2__group.5647__X01	3a770e3a0cb10744d4e13e6878b0300a	48	1
work/ext7/2-2s2-2s2-2__group.3762__X00011	45cd338fbee76b4e46c9e91f562a1ecc	864	3
work/ext7/2-2s2-1s1c1__group.1951__X11	2ec7b0fb11e2e378ec0b591accfd4ad2	24	1
work/ext7/2-2s2-2s2-1__group.3450__C	193bb76f5816ab384d18d81a03419fa6	144	1
work/ext7/2-2s2-1s1s1__group.2327__X1101	f0b86fc3d6559504d9e9a3e69f6e7c1a	96	1
work/ext7/4-2s2-1__group.6585__X11	c6f5e4edd8cac26abdebfc233543cbf8	72	1
work/ext7/4-1s2-2__group.5420__X001	0c542df5066907639814daac9ada599d	192	1
work/ext7/2-1s2-1s1c1__group.1258__X00010	fc98bd722b93743cfdccf4f150326c62	128	5
work/ext7/2-2s2-2s2-1__group.3407__X011	c68ee7aefdaad4b73588116205fe1cf1	48	1
work/ext7/4-3s2-1__group.7247__X10	6dc0d4c80d51c1898830075196b76ebf	40	1
work/ext7/4-2s1s1__group.6180__C	a86d1685bd141de47450a4de9c86b56a	72	4
work/ext7/2-2s2-2s2-1__group.3319__X1001	9dc2a6dc22e0ee07692415f10d84e6f5	288	1
work/ext7/2-2s2-2s2-1__group.3189__C	c73aecec8ecb80940e96f80460ac71a2	288	1
work/ext7/4-2s1s1__group.6147__X0011	0ab8f71947a211a61fcaed5fe4c22bac	288	1
work/ext7/2-2s2-1s2-1__group.2458__X0100	003ef700197fbb473f38bc872b6f9cb9	192	1
work/ext7/2-2s1s1s1s1__group.1820__C	6005dc947aea66dbac9a20205d6b44a5	48	5
work/ext7/2-2c2-2c2-2__group.1635__T	763921cf85e6c5c6d9cc68249e72d318	12	1
work/ext7/2-2s2-1s2-1__group.2444__X0010	d48b24591b96969bf7600da0583567f5	192	1
work/ext7/3s2-1s1__group.4018__X11	2ff7c7e4674505050ddc4ed2a27e394b	96	1
work/ext7/2-2s2-1s2-1__group.2558__C	0fa4af741b5616eeb0b06b8ed623ea60	96	1
work/ext7/4-1s2-1__group.5041__T	d1f3b8689af0b772165baf3815124c80	192	1
work/ext7/2-1s2-1s1c1__group.1266__T	39b2250d34df3b4c7cb06e36b167a44e	16	2
work/ext7/2-2s2-2s2-1__group.3342__X1101	a431dd5d7a3caa2042f4e07766ded8aa	288	2
work/ext7/2-2s2-1s1c1__group.2019__X0111	04d36625aac3ee0eeaafc935a71f14a0	96	3
work/ext7/2-2s2-1s2-1__group.2697__X101	30e120deab5aba94b3f8376be25678b2	96	1
work/ext7/4-1s2-1__group.5202__X110	29a22495a5a6d8ff74b32f4eff0f2bbd	64	1
work/ext7/2-2s2-1s2-1__group.2665__X110	2300a30ec25ae7399f119b56ee616b97	96	1
work/ext7/4-3ps2-2__group.7145__C	08bcb53aec0aa7d1ca65f8fcc1064d07	240	1
work/ext7/2-2s2-2s1c1__group.2763__X001	b7ac6dd4f73c2c120f10c6d78b79a928	36	3
work/ext7/2-2s2-2s2-1__group.3432__X11001	6939f00c59b9f4be407d2d6668abf6d8	576	1
work/ext7/3s2-1s1__min.456__X10	271fb718d9c3cc8a2fac4dad1a073c80	48	1
work/ext7/4-1s2-2__group.5749__X0111	c2723b36331f318ac3ffb4a5cbb40774	768	2
work/ext7/4-1s2-1__group.5027__X10	65052378b399e412cd6fdbe8fd407390	192	1
work/ext7/3s3__group.4344__T	4d55c48fe153e571ccb4f6170cf6560b	1152	1
work/ext7/4-2s2-1__group.6449__C	2ec6564a00723f3134aca522bd5555e3	576	1
work/ext7/2-2s2-1s2-1__group.2594__X110	5a58408bea835c5bc9ef63ff7ef17c0d	96	1
work/ext7/2-2s2-1s1s1__group.2231__X100	8548e94b3f9b42bfdb446c5917e3eef9	48	4
work/ext7/2-2s2-1s2-1__group.2471__X0001	7587c9f0018d88a7e54294c4efe02945	192	2
work/ext7/3s2-1s1__group.3954__C	49f42beea5f0bde260bd8e216a49e1cc	384	2
work/ext7/2-2s2-2s2-2__group.3687__C	662a311fa5a998361480c900d8dcca44	864	1
work/ext7/2-2s2-1s1s1__group.2376__X1110	cfd0d42405ce3984f8c335e0ea97d9de	96	2
work/ext7/2-2s1s1s1s1__group.1891__X11101	95876abbe158c4108abd9b99445e1286	96	2
work/ext7/3s1s1s1__group.3864__X101	76da2faa66253f11ee543f98e0f69a47	96	1
work/ext7/2-2s2-2s1s1__group.2830__T	0b19f214208456c8a4dcd55d651d7476	144	2
work/ext7/4-1s1c1__group.4479__T	ad216dab7c4e78ca9dc0f9a7b4573b6c	192	2
work/ext7/4-2s2-2__group.6672__X011	367beaa6c85ec8a6f0a02afe4f156220	144	2
work/ext7/2-1s2-1s2-1__group.1603__T	d55f0b56f72ade8b2ee754fb41559c09	64	1
work/ext7/2-2s2-1s1s1__group.2365__X1010	20a83edcbf7834736392f584bc1fb911	96	2
work/ext7/4-2s1s1__group.6029__T	bc01bc6913c789913ff4541d0f4cb52b	144	2
work/ext7/4-1s2-2__group.5585__X001	2aeb911d7b17da5a5e76e33f0446eea4	384	1
work/ext7/4-1s2-2__group.5380__X10	ff4f7d46d20136e35ea5bf9b3d536f51	144	1
work/ext7/2-2s1c1s1s1__group.1793__X1001	0a181135fd99d12a4388f9af98c34cd4	48	5
work/ext7/2-2s1c1c1s1__group.1716__X011	f5ae26f4db32dc10831a438ec7526a2e	24	3
work/ext7/3s2-2s1__group.4139__C	7f836fb93091a3d4608a74292d096512	288	2
work/ext7/2-2s2-2s1s1__group.2850__X1110	e16a2b158edb4cd7bd3b1f2748a25251	144	3
work/ext7/4-2s2-2__group.6923__X100	80691eb3e6c6d001f381c0296c7a3ea7	432	2
work/ext7/6-1__group.7466__C	e606035c7ad78600663a44812d2d591e	768	1
work/ext7/4-2s2-1__group.6315__X0010	fd174886d563c31e15139d0a7eaea06c	1152	1
work/ext7/3s2-2s1__group.4293__X0111	18aab2e82b2c7e4d7230de5f73fd3853	576	2
work/ext7/4-1s2-2__group.5776__T	a8ea3104f358aea8408646eed9c8849e	96	1
work/ext7/4-2s2-2__group.7044__X0001	1d3b3a9ad2c779113780d0ab8f394a4b	864	1
work/ext7/5-2s1__group.7397__T	13ec0acb8abfb0a32a582abf5307024d	1440	2
work/ext7/6-1__group.7467__X001	23ec558e0bfe4294888268e8b2361f1a	384	2
work/ext7/4-1s1s1__group.4793__X011	29b3d52f50b534eb5c6472fdabf5f449	384	2
work/ext7/4-2s2-2__group.6822__X1010	d7d8e38896556754bfce9f75d68eea7a	288	1
work/ext7/4-2s2-1__group.6521__X100	3c2e86aafb2e504eb1fbf6d4703aeddc	576	2
work/ext7/4-1s1c1__group.4537__C	3e1296b9ef18f581fcee47262ab46be7	96	2
work/ext7/2-2s2-1s2-1__group.2492__X0100	3f2f5f512bc8a212fc8e3842909b5214	192	2
work/ext7/4-1s2-1__group.5127__X010	b108925ad43c73cfb9b168b571d26b8d	32	1
work/ext7/2-2s2-2s2-1__group.3346__X0010	9b8ceaa5e94d3140f1d2f5a2d94be586	288	2
work/ext7/4-2s2-2__group.7060__X1010	867e411525213a11708af77cedf6e3d7	864	1
work/ext7/2-2s2-1s1s1__group.2370__X1101	f529c80155a58e404a409e34cf6b3a3a	96	4
work/ext7/4-2s2-1__group.6398__T	727c2cc305b6753561a77d97df766577	192	1
work/ext7/4-1s2-2__group.5777__X1001	1ce075cdc3ebd20e04cce9c218a70cc4	96	2
work/ext7/4-2s1c1__group.5934__X110	68d7e3b292f5321c637bd01957f01576	144	2
work/ext7/4-2s2-2__group.6762__C	5e6ae98c553dd7e651254827b78b62d8	432	1
work/ext7/2-2s2-2s2-2__group.3596__C	bebcd9ca6a7ca8ae58cad6695273902c	432	1
work/ext7/2-2s2-1s2-1__group.2468__X0001	9ce984b2eb840d9da6628a842987df3b	192	1
work/ext7/4-1s2-1__group.5100__X1010	a22dc6bdec567ea1ee622859fd0ac5d3	256	1
work/ext7/4-2s2-2__group.6896__X001	b9f2a64184a8c6b7df3d1c50044e6e51	432	1
work/ext7/4-1s2-2__group.5734__C	84207d6b2a89d186a6170d6696d28cfc	13824	1
work/ext7/4-2s2-2__group.6876__X010	fb5c8a255aabecd334dfd2981a32c391	432	1
work/ext7/4-3s2-2__group.7322__T	ea8424ccac49bbcb2c913d8cd00720a1	720	1
work/ext7/4-2s1s1__group.6297__X1001	9f76209be2f0a7ff0db505e605f50f29	96	2
work/ext7/2-2s2-1s2-1__group.2515__X0100	3690d1d0fee020e964fe16b23325cc03	192	1
work/ext7/4-1s2-2__group.5833__X1001	72bf7758e51836f50e21fbfccd1c34b7	96	3
work/ext7/2-2s2-2s1s1__group.2895__X0010	612fad86e24397b0882fd30f2a54f21e	144	2
work/ext7/4-2s2-2__group.6886__C	7e45ca8900900e9649a335939bef7250	864	1
work/ext7/2-2s2-1s1s1__group.2200__X110	a99807e3866f54237b825a50c8c86895	48	2
work/ext7/4-1s2-1__min.522__T	2f0536b78d792ae858a8948ecc526c1a	32	1
work/ext7/2-2s2-1s1s1__group.2327__X1100	591fa16bad10e5f8be8beabd78c5aed6	96	1
work/ext7/4-1s2-2__group.5415__X111	0117f07737586bc7a5484e685a6c8e51	192	1
work/ext7/3s2-2s1__group.4083__T	e27319458e812723488218cdbf832145	144	1
work/ext7/4-1s2-2__group.5769__X011	5774f1e9c1cc6133cbfb1f9bedbc35d5	864	1
work/ext7/3s2-2s1__group.4196__C	b34c211bf5fc43c5dbefde741038644b	576	2
work/ext7/2-2s2-2s2-2__group.3678__X0011	4545644f81b7aca5de4c3601477d342b	432	2
work/ext7/2-2s2-1s2-1__group.2520__C	d2641ab8496b3998ccd9b2b32ee8b346	384	1
work/ext7/2-2s2-2s1s1__group.2915__X001	d468c8b2466b86b5a0a3e6d7b5823adb	24	2
work/ext7/2-2s2-2s2-1__group.3366__X0001	07071a001eddbb63cdf1e0b16155b249	288	2
work/ext7/4-2s1s1__group.6071__X110	0ed408f98434821379b951a80bab4101	144	4
work/ext7/4-1s2-1__group.5133__X110	3672fd76e7098f11df997f677962a11f	32	1
work/ext7/4-1s2-2__group.5334__C	c453db4e0434cc0a1e89ade912a5fab4	2304	1
work/ext7/3s1c1s1__group.3807__C	4fd4ad89853284b3c8ec217ff56f2ca9	96	2
work/ext7/2-2s2-2s2-2__group.3604__T	e3d9bdbec504e4ac98fede5f0b08d2ee	216	1
work/ext7/4-1s1c1__group.4467__T	e37349f0032ce7bb5e2f6311d12f21a9	144	1
work/ext7/4-1s1c1__group.4509__C	dacfa2b0777c8eedc3069cb2bdb46ddf	64	2
work/ext7/4-2s2-2__group.6890__X1011	2af4c04552c91ca9a1d5897eac7b3bff	432	1
work/ext7/2-1s2-1s1s1__group.1490__X1010	c3823cc90b7ab7c85c768c55a1a2e002	64	4
work/ext7/2-2s2-1s1s1__group.2303__C	f7e4ebd9b059046023113ee56f832cd2	96	3
work/ext7/2-2s2-1s2-1__group.2567__C	f8cc4f72b7b512cee5aa3d3fd7431d60	96	1
work/ext7/4-2s2-1__group.6615__X001	b7851e81fd3b1677359d493b202caf99	96	2
work/ext7/6-1__group.7461__X010	1845708e34c9256ea17dbd329a77ad30	384	1
work/ext7/2-2s2-2s2-1__group.3396__X1011	c3d6234854214ad2982164683d708c9c	288	2
work/ext7/2-1s2-1s1s1__group.1308__X01000	06053b96ef638b1af0fe7d94bf6051f4	128	3
work/ext7/2-2s2-2s2-1__group.3173__X100	7742aec361a278027d8dd0b767b8af50	144	1
work/ext7/2-2s2-1s2-1__group.2572__X010	f94fd6d016f93a2d57b48a288a62134f	48	4
work/ext7/4-1s2-1__group.5082__X10000	2eb8d6eb624fefcddddc3278449d2cff	256	1
work/ext7/4-2s2-2__group.6688__X010	878127c96a469ee00a8740d4140be24a	144	2
work/ext7/2-2s2-2s2-2__group.3565__C	067b7e425ab22e6e4adb13717e492dec	288	1
work/ext7/2-2s2-2s2-1__group.3424__X11000	6d5139a915be306236337c74419a4008	576	1
work/ext7/4-1s2-2__group.5846__X100	94b80201ab4f3b729ff495d8b89d20d0	96	1
work/ext7/4-1s1c1__group.4469__X101	4e4f0cc43a9d4cb1317d11c5f68a3f37	16	1
work/ext7/2-2s2-1s2-1__group.2650__X100	37a17bd24cea018853f4c6d76b4d9356	96	1
work/ext7/4-2s2-1__group.6400__X0100	9ed48828ebcca9ca8f7e954a7b363300	192	1
work/ext7/3s2-1s1__group.4004__T	ee40ceee356925f72ebe9088addb0cb5	96	1
work/ext7/4-3s2-1__group.7236__X011	a8b15cb3dd6f9b7b337ed2f512e8b7bd	160	2
work/ext7/4-1s2-1__group.4960__X01001	a491c8fb1440d39b210a8f4c47eaf561	128	3
work/ext7/2-2s2-2s1s1__group.3012__X0011	5fa8b6f8de62cacaea3241010239ea78	48	8
work/ext7/4-3s2-2__group.7306__X010	bb167e1c5cbe4ec363e9fbdbf33dead5	240	1
work/ext7/4-1s2-2__group.5698__T	9a287ec0a7a8e37f500b5b036297e691	576	1
work/ext7/4-1s2-1__group.5040__X11	6f5f61840123738dcc3874a852d69133	192	1
work/ext7/2-2s2-2s2-2__group.3713__X1010	16dcf6235d2583aa10d14c1f94e01bd8	432	1
work/ext7/2-1s2-1s1s1__group.1440__X0110	35772e08bfbc88e7652542669ae00455	64	3
work/ext7/2-2s2-2s2-2__group.3748__X101	ff2a3df83c382415916d2959874163c3	72	2
work/ext7/4-1s2-1__min.516__X10	1d70fcde120872c4945ae7918d89cc3e	32	1
work/ext7/4-1s2-1__group.5237__X011	03390741bdcecd2ed3cce4f38aa91500	64	1
work/ext7/2-2pc2-2pc2-2p__min.290__T	9b3109b93fdb91bf1013251418743841	3	1
work/ext7/4-3s1c1__group.7180__C	4a74dd353bbc95225091410cef00f658	480	2
work/ext7/4-1s1c1__min.484__X01	8efad43e173fc7adf9cfa514a687df6f	32	2
work/ext7/4-2s1c1__group.5996__X100	31c79dffda392f1ae5232351a479508c	72	2
work/ext7/4-2s1s1__group.6177__C	759b18cac5c93aaffc82105c55ddf1d5	72	3
work/ext7/4-2s2-2__group.6831__X10001	3f99e837c133e0817f8d245bc2bdefa7	3456	1
work/ext7/2-1s2-1s2-1__group.1588__T	913d5ab9546bfb87ee426d17e3380c5d	64	1
work/ext7/4-2s2-2__group.7046__X101	1f7100def303d819e3a016e9a809c47f	864	2
work/ext7/6-2__group.7561__X10	1b4f8ed7dcb9330da9e8f6d5742185f7	324	1
work/ext7/4-3s2-2__group.7291__X101	9d98469e973c0a35a700d5f9ebd62e63	1440	1
work/ext7/2-2s2-2s1c1__group.2761__X001	c7f84105be0cd3627e4c572b2524dfe8	36	1
work/ext7/2-2s2-2s2-1__group.3303__X100	1bd9f72b0c5412dacf8e7b4846cb5628	144	1
work/ext7/4-1s2-2__group.5499__X1110	e2efb3b540b21da51cb6aa56795a16d7	2304	2
work/ext7/4-1s2-1__group.5247__X001	57abb303f374e17cbcce06e311ca86ce	64	1
work/ext7/2-2s2-1s1s1__group.2363__X1010	5e0c0c68fd4d53072f31ba97057614a5	96	6
work/ext7/4-2s2-1__group.6484__X010	cd6b8890fb852e7f1522b7742eb2e3f1	288	1
work/ext7/3s2-2s1__group.4097__X10	c4542da135874614c4b3965c05cf5ec2	144	2
work/ext7/2-2s2-2s2-1__group.3486__C	e6580b6c7c3c7e638d492a0101440521	144	1
work/ext7/3s2-1s1__group.3903__X101	69032561dc3798f7e0ed0ed24a40e9b9	192	2
work/ext7/4-1s2-1__group.5169__X011	506878ce05cda58ea788918bd6c69628	4608	2
work/ext7/4-2s2-1__group.6311__T	695f785a8193d83c4916c60415625bea	1152	1
work/ext7/2-2s2-2s2-2__group.3539__X001	f0b8303be4bb633f731063f37fc795d5	108	2
work/ext7/2-1s2-1s1c1__group.1284__T	d2e36eed50f938c71476a10d95c0a2a9	32	2
work/ext7/4-2s2-2__group.7063__X1001	47bde66ed31cf425176e8c27284ba67f	864	2
work/ext7/4-1s2-1__group.5202__X011	52db34799aa27a376fd45ebbab1a7565	64	1
work/ext7/4-1s2-1__group.4950__X010	02022f6268a29727d0ef48ed42fddfbd	128	1
work/ext7/4-1s2-2__group.5535__X001	5734cc27a398d60fd2ba13083b8d05e5	288	1
work/ext7/4-3s2-1__group.7276__X101	b01307b7c17c2ae07081b965e2b80ad2	960	2
work/ext7/4-1s2-1__group.5043__T	408b2031d1d858c29678f59258e3e4b0	192	1
work/ext7/3s2-1s1__group.4003__X11	dc557a094bc5a36f475ab774a2a2c571	96	1
work/ext7/4-1s2-2__group.5527__X011	75b0a281c2baeb8181d7c816fef3ffd3	288	1
work/ext7/4-1s2-2__group.5818__X111	16799e45dcdfa95ca791d4bc5d838c0a	96	1
work/ext7/2-2s2-1s2-1__group.2604__T	c10cddd5f6a64f0afe9be5ac3dcc2fa0	96	1
work/ext7/4-1s2-2__group.5763__X101	61d64534ed7ec70fb3361aaa3cd37a09	768	1
work/ext7/2-2s2-2s1s1__group.2837__X0101	bcaa0b2913dd7bcf3c8b944793a21451	144	3
work/ext7/4-2s2-2__group.7042__X0010	aee8f51d177267df7abdc162004a4e99	864	1
work/ext7/2-2s2-2s2-1__group.3377__X1010	693331aee6bd4eddd21917f2c170de73	288	2
work/ext7/2-2s2-2s2-1__group.3193__X001	78128ab1b68b9e03c80cc5c127ea7b81	144	2
work/ext7/2-2s2-1s2-1__group.2477__C	a17fab3c83f4b26611e5eaad6d30dea4	384	1
work/ext7/4-2s2-1__group.6438__X001	5e2cf9d05c1e6d42c90e1cc39106a4b8	288	1
work/ext7/4-1s2-1__group.5153__X100	260ac8967566ee01712364ca6baed4a7	384	1
work/ext7/4-1s2-2__group.5483__T	4008b71bc5955f0f0efcd6481b35a939	192	1
work/ext7/2-2s2-2s2-2__group.3766__X01100	ff2d9183109f479a210b965a20c19c20	864	4
work/ext7/4-2s2-2__group.6664__X100	1786bc0e3033b6fc4a84ab46b73698b6	144	2
work/ext7/4-2s1c1__group.5954__X010	7344266528a38e13b102708db7fe04a9	288	2
work/ext7/4-2s2-2__group.6789__X100	7351cf5d52650c7069d8b7b1ed8365d2	216	2
work/ext7/3s2-2s1__group.4205__X110	c98d670e47171cee0829bbcbff62178c	288	3
work/ext7/2-2s2-2s2-2__group.3712__X1011	59dfff4bb29705488846be68668a4d96	432	1
work/ext7/4-1s2-1__group.5100__X1100	6d82985b86d99ccd60210de54f44773f	256	2
work/ext7/2-2s1c1c1s1__group.1703__X10	acc000e2ae3e41e0883fecf4a76e4c6e	12	2
work/ext7/3s2-2s1__group.4215__X011	1449407120478490e7ecf635cc558ee2	288	3
work/ext7/4-2s1s1__group.6138__X1010	7d4ee4e12381596877fba7f05b0da9ca	288	2
work/ext7/4-1s1s1__group.4674__C	0385903a6bab2e2f7071ea7662cfa985	384	2
work/ext7/2-2s2-1s1s1__group.2182__X001	03d4ea57a4d4966e171572f819c917d8	48	2
work/ext7/3s2-2s1__group.4234__X101	b089e59455b594b3b98aac99ed9b1c1d	288	2
work/ext7/4-2s2-1__group.6541__T	18b0e07ca907ca94a934a4782ec616ee	576	1
work/ext7/2-2s2-1s2-1__group.2538__X10001	5ae4278a78c43a2b58fde8baa433b305	384	1
work/ext7/3s3__group.4352__X101	64e5f80f3972300709a6564fe870d24d	1152	1
work/ext7/4-2s1c1__group.5923__T	dcc9cb4a2e0ff11e2582af4076039308	144	2
work/ext7/4-2s2-2__group.6704__X001	8d45f47d91e18375debfd72281e8f2fb	144	1
work/ext7/4-2s2-2__group.6980__T	9ddb526e2c845dff7818d51839a540e5	72	1
work/ext7/4-1s2-2__group.5751__X1001	b4d28d75684f97d06dcaae30b2aed45a	768	2
work/ext7/2-2s2-2s1c1__group.2757__X10	9dbf4fb06bfdc6222dac668cd23c0db0	36	2
work/ext7/4-1s2-1__group.5300__X001	cdf0a842a294b228b0a1a0a21159ded6	96	3
work/ext7/2-2s2-1s2-1__group.2538__X11110	1fa1b5d88f246f69f0ea8398ad1dac13	384	1
work/ext7/2-2s2-2s2-2__group.3639__X001	13e2b4d18cadc5b516036e4758624c13	216	1
work/ext7/2-2s2-1s2-1__group.2447__C	76965f67f0296eacba28c256058244be	384	1
work/ext7/4-1s2-2__group.5828__X100	e3e0c4699518580056cd2c85be7753e6	96	1
work/ext7/4-1s1s1__group.4666__X101	52a28949b8a81f447eb73a8439a3af4e	192	3
work/ext7/4-1s2-1__group.5230__C	b7d15e6c7a5a17aad41bdae95995071c	128	1
work/ext7/4-1s2-2__group.5371__C	a62e2d8f77f8be03d11831dcde1bc41d	288	1
work/ext7/4-1s2-1__group.5269__X01	ecc9d7e2c187219f1464889624224711	768	1
work/ext7/2-2s2-1s1c1__group.2014__X0001	29719d9e708542028d0cf1288d87cf88	96	3
work/ext7/4-2s1c1__group.5924__X100	bafeefada5997322f228dd5aa1a42ca4	144	2
work/ext7/4-1s2-1__group.5281__X010	1a89b493c1a589eb05f33666823debb5	768	1
work/ext7/4-1s2-1__group.4935__X101	322dc0c3033472fc6e76975318aa503e	1152	2
work/ext7/3s2-2s1__group.4269__X10	de4832ace2f0829f3fc16ae3368745c1	48	1
work/ext7/4-3ps2-1__group.7121__X0010	6eb23f5c364b18aa3df1e0616e9a436c	160	1
work/ext7/2-2s2-2s2-1__group.3195__X011	a20f39d14fbf4c769d6bb5a0c2ac1854	144	1
work/ext7/4-3s2-1__group.7244__C	d09edd40ebd73fd0cd3958ee846c5102	640	1
work/ext7/3s2-2s1__group.4164__X011	5c099ad28141ac1e6386b569957241ac	288	1
work/ext7/4-2s1c1__group.5999__T	f32d0b4d9ae08f084893b47e07931de2	72	2
work/ext7/4-1s2-2__group.5499__X1000	1a6d6c167b7680b57bbec877fe394d87	2304	2
work/ext7/2-2s2-1s1c1__group.1923__T	1ac31feac00b9988c1295b25e3bc5426	24	2
work/ext7/4-1s2-2__group.5678__X11	75dc7d0274ec8ac8537b0960d47ed366	48	1
work/ext7/4-2s2-2__group.6684__C	450fe813c775b49e9a4676d591fe8664	288	1
work/ext7/2-2s1c1s1s1__min.335__X11	d8b4338b1586f50b5c51862d9898986d	12	5
work/ext7/2-2s2-1s1s1__group.2420__X1001	70b9e9e557378ad4a6039e5ccaccd176	96	2
work/ext7/3s2-2s1__group.4295__X0011	07cdf4e700e2edea7cff1a020477fbd4	576	1
work/ext7/2-2s2-1s2-1__group.2446__X1001	d350a4cf9dcba063292c768e6df603ad	192	1
work/ext7/1c1s1c1s1c1__group.1055__C	aa952b161d0364bcd524c7b1a3761d5e	16	3
work/ext7/4-2s1s1__group.6204__C	b882e06c3a48d608b815836e5d3e23aa	96	3
work/ext7/6-1__group.7423__X11	7b6c4bebe36e01636ef389dba48a89d5	1152	1
work/ext7/2-1s2-1s2-1__group.1576__C	a513f6f3a361caa20f778bdf4483f614	128	1
work/ext7/4-2s1c1__group.5966__X100	b8bc1b270e1a3d456a3f68b875f5b893	48	3
work/ext7/4-1ps2-2__group.4447__X111	497ad8b766b1f9bf87c61cd2fd3c8d19	96	1
work/ext7/4-1s1s1__group.4680__T	3bf72c829988dbcf4ffde6730345aa85	192	3
work/ext7/4-1s2-1__group.4963__X0111	bf735547954469b16782d8b6e6a4a4ff	128	1
work/ext7/4-1s2-2__group.5845__X011	0199b73afaf2cbb87a154662ffbe5c8a	96	2
work/ext7/4-1s2-2__group.5618__X100	f93e9e2175a404480aafa9393a67ca86	384	1
work/ext7/4-1s2-1__group.5184__X0001	786ac6e80984b4097516ae3b8ab3754b	512	2
work/ext7/4-2s2-2__group.6814__C	a340e73598ffd335b1936185d017dc73	48	1
work/ext7/4-3s1c1__group.7178__T	f0de5dfd50123bccec1402b4355ceb4a	120	1
work/ext7/4-1s2-2__group.5738__X01	50db55a60183abe1257131109100c6c7	72	3
work/ext7/2-2s2-2s2-1__group.3321__X1001	03c62a5387b070272208c82b46047dbd	288	2
work/ext7/4-2s2-2__group.6829__X1010	881ca43fe2a918e39915af123fa77ab5	288	1
work/ext7/4-2s1s1__group.6011__X010	0ebd2d8c0a322d98f7c68a7024d64366	144	4
work/ext7/2-2s2-2s2-1__group.3169__X100	3eb01282bf6c62fa410abcdeeb49f428	144	1
work/ext7/2-2s1c1c1c1__group.1695__C	3bcebd0b6aa565940898e5d74e135a6e	12	2
work/ext7/2-2s2-2s2-1__group.3327__X0011	3f0f5e5c02e679aaf7f98d6d300119d8	288	4
work/ext7/2-2s2-2s2-1__group.3491__X001	8fce2de5557b95e103230ae9f82cb57f	72	2
work/ext7/4-2s2-2__group.6951__X101	a31479f0048c34a226c86b47fae0161c	432	2
work/ext7/2-2s1c1c1s1__group.1704__X10	927e03d228cb2984ff52723f34934f6a	12	2
work/ext7/2-2s2-2s2-1__group.3289__X010	3fb82b359a4fd6189b1092510a4d4fde	144	1
work/ext7/2-2s2-2s2-2__group.3738__X111	7bd951b89fbe0524189c88bba7612e62	72	1
work/ext7/2-2s2-2s2-1__group.3245__X110	04b582e8f89e34d30456f55933265725	144	2
work/ext7/2-2s1c1s1s1__group.1793__X0101	b287bf3b4c14b74a3184e39504e97f3c	48	6
work/ext7/4-3ps2-2__group.7142__C	dffedd35e7c61df0a68d3d380df344aa	240	1
work/ext7/2-2s2-2s1c1__group.2700__X11	040d1653c1fb21881a51e8390126b51a	12	1
work/ext7/2-2s2-1s1s1__group.2036__X11001	9838625341e97647b66e9b93081e8459	192	2
work/ext7/6-3__group.7627__C	053bdf8fe2d939a11e7c3dd2bd47f04b	84	1
work/ext7/4-3ps2-1__group.7126__X11	ae2fbbd772d666e94415dc96cba2b60b	40	1
work/ext7/4-1s2-2__group.5454__X011	7488a982e4fbb7a9c2283f8d47722033	192	2
work/ext7/4-3s2-2__group.7331__C	5f21d9510a3736e90ce5db391954f2cb	1440	1
work/ext7/4-1s2-1__group.5225__T	2153f1a053f3d23ce691fcb0da6284de	64	1
work/ext7/2-2s2-2s1c1__group.2751__X01	bc056ff664a79cea13b0a94023ad609c	36	1
work/ext7/4-2s1c1__group.5989__X01	aaaac40955d5b755633f934ff2a16f8b	72	3
work/ext7/4-2s2-1__group.6438__X010	0ad8a04397db465fd4c39dfcd0cc1e11	288	1
work/ext7/2-2s2-1s2-1__group.2528__X10110	1f272f1fd28ee64c846ff7045d12a6aa	384	2
work/ext7/4-1s2-2__group.5850__C	fd7a265e25a0a1433cd62003e5433ff9	192	1
work/ext7/2-1s1s1s1s1__group.1215__C	dac88a3d08969017b5b3b732aa2d20cd	64	7
work/ext7/5-1s1__group.7348__X01	ee57a922fd5fc60965bc9501ad2f021b	160	2
work/ext7/2-2s2-1s1s1__group.2352__X1101	3dfdd0ae70d431f8bd9e32cab58e450a	96	2
work/ext7/2-1s2-1s2-1__group.1516__C	a8f109f4d275036a55b25431a2287c38	256	1
work/ext7/1c1s1s1s1s1__group.1062__X0111	22de614bf2e91564c66892e13dae3796	16	7
work/ext7/4-1s2-2__group.5589__X101	a9486a1b00f0605b1fc38c31e3e56b0d	384	1
work/ext7/3s2-1s1__group.4034__X11	3a9044c14703bedadb16ed59fe875378	96	2
work/ext7/4-1s2-2__group.5692__X110	20c1986686db36130bd6d6bd18f3f42d	576	2
work/ext7/4-2s2-1__min.592__X01	d3c4bcb1b1cc3fab489e7ccc63fab771	288	2
work/ext7/2-2s2-1s2-1__group.2680__X001	5c4c0e9cf039e07eba8435c5b234aa98	96	2
work/ext7/2-2s1c1c1s1__group.1721__X111	7d5c7477968879e1b0a2c16d074533fb	24	2
work/ext7/4-2s2-1__group.6560__X100	ba68bb525e48f2b1dda96827e5c05457	576	1
work/ext7/2-2s2-2s2-1__group.3276__X111	30d164f53000d83382c9420d1d1cbb3d	144	1
work/ext7/2-1s2-1s2-1__group.1561__X101	0ae251fd4d78cd2911fd038a60d43c97	32	1
work/ext7/2-2s2-2s2-1__group.3510__X0111	c5958e2020ab9400c780888168104fc6	96	2
work/ext7/2-2s1s1s1s1__group.1869__X0001	97b7ffba009378df556f7d7fd841e539	48	4
work/ext7/4-2s2-2__group.7061__X0010	11c9a4d93f604a242a12181c14216a2a	864	1
work/ext7/2-2s2-2s2-1__group.3397__X1000	048e8d8c326ef1a86382dee74a8df95a	288	2
work/ext7/4-2s2-1__group.6318__X1001	de431b4bb248401cf8caadc34fdb23d2	1152	1
work/ext7/2-1s2-1s2-1__min.283__X01	c30d8ea7fb35eb42dc52c49b8e4dd1c0	16	1
work/ext7/2-2s2-2s2-1__group.3275__X111	4a72867481372c54cab05cb5e5bf0746	144	1
work/ext7/2-2s2-2s2-1__group.3238__X001	6365b60792e089e07ab0ba99a3782fbe	144	1
work/ext7/3s2-1s1__group.3976__X0100	f106665f063c304084e98c0d1faf6a16	384	1
work/ext7/4-1s2-1__group.5287__X010	80c33c76d71f164a0aca04fd90d11550	768	1
work/ext7/2-2s2-2s2-2__group.3666__C	793e427b46de9acd344ff68b83c97bbf	72	1
work/ext7/2-1s2-1s2-1__group.1520__C	f5df4aa5d46a64223c5bb70923313870	256	1
work/ext7/2-1s1s1s1s1__group.1188__X000100	df676b5f5103d6c2867dfe20c3beacb4	128	7
work/ext7/2-2s2-2s2-1__group.3439__X00001	89e86a3c6adcfd4607c0555b6408a0e8	576	1
work/ext7/5-2s1__group.7403__X10	9b39f7158e077767078bb62e1c06ba51	240	1
work/ext7/4-2s2-2__group.7057__X0100	ac3e74873911ad21533b9c79fbb567d7	864	1
work/ext7/2-2s2-2s2-1__group.3238__C	fe13620813f8e76f5403b11fb082c111	288	1
work/ext7/2-2s2-1s2-1__group.2527__X00011	edc79bf7dd6055420a5851977a9ffb84	384	4
work/ext7/2-2s2-2s2-2__group.3648__X011	a1372dbae016389197a15ff98ab84c6f	24	1
work/ext7/4-2s2-2__group.6719__X0010	b34314755f09f06583af1d55e8f000f3	1728	1
work/ext7/4-2s1s1__group.6039__C	290b518f60471a8ab4561ee74be51590	288	2
work/ext7/4-1s1c1__group.4496__X1010	71607ea0f0f3215416b856be6f9585be	256	2
work/ext7/4-1s1s1__group.4792__X001	cfb3b79908dde10ba5ccd6a8bdbb4869	384	2
work/ext7/4-2s2-1__group.6342__X111	69101c90394a5cf1915f7b90e90dbde7	144	1
work/ext7/3s2-2s1__group.4192__T	ffc30725c1b9b765d1208ca7473d168b	288	2
work/ext7/4-2s2-2__group.6969__C	db4c0a92d1301c8d7d022444664adb9b	96	1
work/ext7/4-2s2-1__group.6457__T	6b290409a2a8d2dcbf7e9693c3870c4a	288	1
work/ext7/2-2s2-2s1c1__group.2792__C	ee79159e7ee7ea06d459285b4a6b0a7c	144	2
work/ext7/2-2s2-2s2-2__group.3556__X1100	6e0444d7f39c60995983c300298e483f	144	2
work/ext7/4-2s1s1__group.6295__X1100	e76aefcab24589afda7cadac9a2daf21	96	3
work/ext7/4-1s2-2__group.5566__T	62831aa5867597014251d9ce5b8aa0b3	3456	1
work/ext7/3s2-1s1__group.3962__C	cbbd87055a3ba93a30ad1dedb85d1e24	384	2
work/ext7/4-1s2-1__group.4965__C	1c447fda794cefb2c5d7ba59f57f3240	256	1
work/ext7/4-2s1s1__group.6043__X100	b47a3d38600d854b3f67c64315954be9	144	2
work/ext7/2-2s2-2s2-1__group.3209__X100	1381673610cc736b64adb5ee65a53fa1	144	1
work/ext7/4-1s1s1__group.4621__X1110	0e41fa39b5d1a1c69aecdddd95464030	128	4
work/ext7/2-2s2-2s1c1__group.2708__X1010	010ee0e3b03cea97aff4728db3bf8ba9	144	3
work/ext7/1c1s1c1s1c1__min.186__X11	d45420970085cc05bf9515633568a847	4	4
work/ext7/4-1s2-1__group.4955__X0110	4c777e0b5502184aa494120796ab0834	128	2
work/ext7/2-2s2-2s2-1__group.3331__X1000	2eb686414129c9c2cc6130c39a12ee90	288	1
work/ext7/4-1s2-1__group.5043__X01	c0206ff068c143ba6b3162f8c528e730	192	1
work/ext7/4-2s2-2__group.6682__X110	f7e23fe381508f5d4aa4eb1dd5897773	144	1
work/ext7/4-1s1c1__group.4534__X101	00199d5da626ae1f832353150664ca65	48	5
work/ext7/6-1__group.7462__T	82dd9e89c2cd892fb41b7445e98f04ed	384	1
work/ext7/3s2-2s1__group.4172__X111	d7546c012191ebb8216a73be8f75dade	288	2
work/ext7/4-2s1s1__group.6101__X01000	a8ed29981fda015c5bd16b56cfe53e0a	192	2
work/ext7/2-2s2-1s2-1__group.2504__X0001	3289b574dc605496a3008417683311bc	192	1
work/ext7/2-2s2-1s2-1__group.2464__X0101	ba16fcef7d0cc2938d339e7fd5ca54ad	192	2
work/ext7/4-2s2-2__group.7028__X010	0546648e2c5f85dc1803faac57b5d216	864	2
work/ext7/4-1s1s1__group.4910__X10	14a64e3e5af896975683f662b7a76ba1	96	4
work/ext7/2-2s2-1c2-1__group.1909__X101	82b9c6eac16898b3641142ad5659e611	48	1
work/ext7/2-2s2-1s1s1__group.2029__X00100	8fa5a392878c9c35786f6c75e45a12fb	192	2
work/ext7/2-2s2-1s2-1__group.2475__X0011	c0f6cb0d776bd083845a5af6209219d5	192	1
work/ext7/4-1s2-2__group.5423__C	31591260679a698914557e6cfd886acb	384	1
work/ext7/4-1s2-2__group.5762__C	b25b67afeaa42b5fb5ac608e0245be49	1536	1
work/ext7/2-1s1c1s1s1__group.1162__X011	c96f045991d3343491e1781989076236	16	5
work/ext7/2-2s2-1s2-1__group.2541__X11001	097fd00c45db9a08f1f1162875c95c6a	384	1
work/ext7/4-2s2-2__group.6874__X110	432d640127964a5a918f6784fdcb4164	432	1
work/ext7/4-3s1s1__group.7195__X1000	070d2786c032c50a26b1705477f2a1b8	160	2
work/ext7/4-2s2-1__group.6371__X010	67f3e956f2b0682b552f806f73b94089	144	1
work/ext7/4-1s2-1__group.4962__X0001	8b2e7cdb07e01bf5c8450da3cfc782e3	128	1
work/ext7/4-2s2-2__group.6818__X1101	3322fd55e3fc8d452dcf65d581d10d27	288	1
work/ext7/3s2-2s1__group.4085__X10	30203c8a421774c1fd37a77b522c755f	144	1
work/ext7/4-1s1c1__group.4526__T	5ff74f31b6cf2b746643307c4d5e6f06	48	2
work/ext7/2-2s1c1s1s1__group.1786__C	b6fdd797dd81f517ca2f872e71a412a1	48	6
work/ext7/2-2s1c1c1s1__group.1722__X001	b56b6d2e9428f03cc65931e7e8ba9e5e	24	2
work/ext7/4-2s1s1__group.6211__T	0ad5c7ba79b5eee67d6d5bc983c31e8c	48	2
work/ext7/4-2s2-2__group.6989__X11	c0acfe10b8dadf3e5765e124c173e710	72	1
work/ext7/4-1s2-2__group.5795__C	148ba57bf730ae4b6581414634224909	192	1
work/ext7/4-2s1c1__group.5932__C	b68b637985501bfb6b371482d41e43a5	288	2
work/ext7/2-1s1c1s1c1__group.1128__C	9cab66e9a6f7b32c5e348e0457f7525e	32	2
work/ext7/2-2s2-1s1s1__group.2036__X01010	2fc229ee78a74a3e1410ecacb436bfac	192	3
work/ext7/2-2s2-2s1s1__group.3019__X011000	9713899bc99d20c052ef786ab87d2332	576	2
work/ext7/4-1s2-2__group.5838__X0110	897339e7446a36dbc690cfd2b36dec9d	96	1
work/ext7/4-1s2-1__group.5207__T	978097f70c6252978bedf1c3f7818c1d	64	1
work/ext7/4-1s2-1__group.5199__T	1e7a6f3e72cfab233e813649c2fbbbd1	64	1
work/ext7/2-1s2-1s1s1__group.1308__X01011	c6899d9e70c9d01a6313bd7b9055a034	128	3
work/ext7/2-1s2-1s2-1__group.1573__X1011	529d52e0b17923a706d8309d813f2dbd	64	1
work/ext7/4-1s2-2__group.5834__X1010	c41c1aed4bf51aedf40f642334f1c54f	96	3
work/ext7/3s2-2s1__group.4062__C	b12e742bc7a1b3bb853f87c278b84e85	288	2
work/ext7/2-2s2-1s2-1__group.2459__X1001	3121014f42b208bfe69a0e0c12768229	192	2
work/ext7/6-2__group.7617__X011	a3d3252836ea5194a149587834b22602	864	2
work/ext7/2-1s2-1s1c1__group.1306__X1101	910757b92a4ca806d7f2e6f91de699a4	64	3
work/ext7/4-2s2-2__group.6792__X01	d0585d2d579341c60da38d5572a51ccc	216	1
work/ext7/4-1s1s1__group.4619__C	f6f96251e97547fa2a339414502d4700	256	2
work/ext7/2-1s2-1s2-1__group.1576__X100	5211993f7dc28d97270563d17f8d3d6d	64	2
work/ext7/2-2s2-2s2-1__group.3400__X0011	c5c86fc5901203ef6f2dcf67118bbb09	288	1
work/ext7/2-2s2-1s2-1__group.2610__X100	f657b170a30a4ce62349ddfe3e1933d8	96	1
work/ext7/2-2s2-2s2-1__group.3227__X110	85822f5850e038a47dd039d592cf8a3a	144	1
work/ext7/4-2s2-2__group.6697__X010	b21ed30dd7c67802d0191fbf27e21e8c	144	2
work/ext7/4-1s2-1__group.5148__X100	6976c293087ed51cc3e5d14ae6302f3e	384	1
work/ext7/4-2s2-2__group.7070__X100	649070f44a835c818fd0997990e43003	864	1
work/ext7/4-1s2-1__max.16__X0101	303906ca5cbbec46e155dcc257f08aa4	9216	4
work/ext7/2-2s2-2s2-2__group.3751__X101	35e6fe0c040488b1af98dfc809ffd82f	72	2
work/ext7/2-2s2-2s2-1__group.3383__X1111	921c721b51f2b86d5bde955f99fd34a3	288	1
work/ext7/2-2s1c1c1c1__group.1692__T	c79e7798c14d2d9dfc82625d917c13cf	24	2
work/ext7/3s2-2s1__group.4268__T	7a8ee7efdd5426f4ccd8bdb38baf52ee	48	3
work/ext7/4-2s2-1__group.6546__T	559e29e38c8b8c6e27610f12f5a0eda0	576	1
work/ext7/4-2s2-2__group.6947__X011	541bea7a9679d3d8072084d1bae05dd6	432	1
work/ext7/2-2s2-1s2-1__group.2610__X101	19764f3c45f103ea07a1e07591e6a42c	96	1
work/ext7/6-1__group.7487__X10	68bb4515981df82444a09d1a1df53836	768	1
work/ext7/4-1s2-2__group.5488__X10001	71611418a378810066d3280499a3319a	192	3
work/ext7/6-3__group.7627__X10	b2e3f45795fb8631b20529bd5643d387	42	1
work/ext7/4-2s1s1__group.6118__X011	67cb8779302c1e00692ea21c096e332e	288	3
work/ext7/3s2-2s1__group.4078__X10	5d2cdc64f0fae3fe4ea92c5f8db35afc	144	2
work/ext7/4-1s2-2__group.5741__T	647ac037f860da17fc79d08154c7a3e9	72	1
work/ext7/2-2s2-2s2-2__group.3696__X0100	e7d97d637593f996cea0cc564d5dbf0c	432	2
work/ext7/2-2s2-2s2-1__group.3272__X011	51e3898971a395db86e7bb86e9bbe711	144	1
work/ext7/4-2s2-2__group.7055__T	c1bb0d72d6aff623d6cbd76385d78bcd	864	1
work/ext7/4-1s2-2__group.5619__X001	b9c19b9f54086cc48741d6d649c3787e	384	1
work/ext7/4-2ps2-2__group.5898__X100	93a01846efe2e5bad759742aa4610f44	48	1
work/ext7/4-1s1c1__group.4479__X01	050eb36ad74269920fd70562927e2b54	192	1
work/ext7/3s2-1s1__group.3960__T	37fccc9f3ad185f07e86252e3c7c1bc6	192	1
work/ext7/2-2s2-1s1s1__group.2044__C	78a1938dc144885d43dffb637d33e61b	384	9
work/ext7/2-1s2-1s1s1__group.1435__X10010	554e17edd3d5e8f7a6078e26e25d1155	64	1
work/ext7/6-1__group.7441__X001	46e696e88814244a5aef33b86a820be8	192	1
work/ext7/2-2s2-2s2-2__group.3674__X01	1cc4643046a78dfc2b83d672746ced8a	36	2
work/ext7/4-1s2-1__group.5112__X0001	14637e249af3171a3f66c46b8e9a7450	256	2
work/ext7/4-1s2-2__group.5662__X011	1cc43070ab542d6f53c2f5e1dfb04cad	48	2
work/ext7/2-2s2-2s2-1__group.3342__X1111	bd47a4dfe71de5aec283958049e13f74	288	1
work/ext7/4-3ps2-2__group.7166__X11	52fdce9aa3ac4ae389a63d255fc78959	60	1
work/ext7/3s3__group.4387__X10	462488828733fd456248be99481a0c3b	576	2
work/ext7/4-2s2-2__group.6891__C	0906b605480a08293ab3b6921490a99f	864	1
work/ext7/4-1s2-2__group.5633__C	c5f46b2f950b4eff2d54e680f8a9babd	768	1
work/ext7/4-2s2-2__group.6642__T	bdd2f68b3ce98f787faba9a8a1b208d6	108	1
work/ext7/4-3s2-1__group.7278__X001	983afae83a69d1a21e7226d5288b5a98	960	2
work/ext7/2-2s2-1s1c1__group.1985__X100	01652226f4b16715507572a86db2ef93	48	2
work/ext7/3s2-2s1__group.4058__C	5ce98deb1ded0732c79c6fad0d7138cc	288	1
work/ext7/4-2s1c1__group.5921__T	1d0db4abcd6f4058d352d2228cccb2ce	144	2
work/ext7/2-2s2-2s1s1__group.2881__X1001	d5e8155256bc6c517a7da5177402e843	144	3
work/ext7/2-2s2-1s1s1__group.2070__C	7373340563a31b7d26b66fa777486d27	48	3
work/ext7/4-3s1c1__group.7191__C	9efd512738d7dc1e0c5dfcf6a6245e0c	960	3
work/ext7/5-2s1__group.7402__X11	f2ca1050e4933f8ff011679b0c9dc489	240	1
work/ext7/4-1s2-2__group.5623__X0010	464a366878ad1469328238c18d323033	384	2
work/ext7/2-1s1c1c1s1__group.1107__X101	e0c19dfc938ba66c93a9f09986e7353e	16	3
work/ext7/4-3s1s1__group.7229__X111	2ad519923a40969e303d0cabe5e71838	80	3
work/ext7/4-2s2-1__group.6480__X1100	6d44867253370580d1b584d407a23ef2	288	4
work/ext7/4-2s2-2__group.7033__T	4d19505d8b243d78d1a9e9d2ffb8a292	864	1
work/ext7/4-2s2-1__group.6338__C	ac787805d7cb7be725dd78d7150d4445	288	1
work/ext7/2-1s2-1s1s1__group.1313__X00111	1079bfb3683c17ead69d1fd1c651768c	128	6
work/ext7/6-2__group.7580__X01	d6316720b4aae5778a5a8d9bec9f7851	5184	2
work/ext7/4-2s2-1__group.6423__X011	b73d2a7899d9fadee97d5af4116d9bcc	288	1
work/ext7/4-1s2-2__group.5398__X11	bdfdc6228ee83704a9997f730ac0ee42	192	1
work/ext7/2-1s2-1s2-1__group.1510__X1101	3c6b06f08aeb15524ef80e86f7a53e14	128	1
work/ext7/4-3s2-1__group.7267__T	7dbb9e71380a97fb4006fdef3873a861	80	1
work/ext7/3s2-2s1__group.4191__T	f36455c01b908093b7de96af67e1759d	288	2
work/ext7/4-2s2-1__group.6319__X0011	c492f0c1e06d58e66ccc83a7a65a11a8	1152	1
work/ext7/2-2s2-1s1c1__group.2023__X1100	4e8caffcf3feba0f8fe8d8413d7fe229	96	3
work/ext7/2-2s2-2s1c1__group.2792__X010	a7f58096501186080788a0a261d00f22	72	2
work/ext7/2-2s2-1pc2-1p__group.1905__X11	7c2151a7391c4255a968d61fbb8112bb	24	1
work/ext7/4-1s2-1__group.4961__X00110	1f59e6c4c77473ba0eb4d096fd05b72c	128	3
work/ext7/4-1s2-2__group.5625__X0111	1bebfa842a4e55d097a550bc8e9aa9ee	384	2
work/ext7/4-1s1c1__group.4472__C	2630a6aae322b782fd0933588f7b4178	32	2
work/ext7/3s2-2s1__group.4127__C	a98f55cd2f52770019525fc5748baa3a	288	2
work/ext7/4-2s2-1__group.6625__C	87e82461324459a7c4c2b87b17fbab29	192	1
work/ext7/2-2s2-2s2-1__group.3504__X0110	5b79c58015f6a51ca1096e3a8d05f2c6	96	4
work/ext7/2-1s2-1s2-1__group.1599__X0111	88dcab616e4eac78a43ed3ade7b3eca2	64	1
work/ext7/4-3s1s1__group.7209__C	1e26837f8edfde963aec02d8097faacc	480	3
work/ext7/4-2s2-2__group.6822__X0101	7189e5a907ed096885e9515494b8ae9a	288	2
work/ext7/2-2s2-1s1c1__group.1982__X100	c6d89bbf050b0ce4f0f7f0029ce134a2	48	2
work/ext7/4-2s1c1__group.5934__T	55d53bc2f3ed8ea39b9469468fcdcc19	144	2
work/ext7/4-2s2-2__group.6681__X100	e142b03e51676f131ebfdd996a63cdd1	144	1
work/ext7/3s2-2s1__group.4304__X0111	a6bc974eafa5fd7f779de7904b0bca95	576	1
work/ext7/4-1s1c1__group.4498__X011	939010411b2b77ab3c086af77a4dce99	288	3
work/ext7/4-2s1s1__group.6165__X0110	2a34ac36c5623ee37975c1204d287991	288	3
work/ext7/2-2s2-1s1s1__group.2028__X10010	52a9bedb43cd43df48e290b33a0d4aa1	192	3
work/ext7/2-1s1s1s1s1__group.1194__C	119b51ad2a4eca9cc1dac2e9ae49949e	32	5
work/ext7/2-2s2-2s2-1__group.3452__X01	de53f42758ab85dbfaf789ce07201a09	72	2
work/ext7/4-1s1s1__group.4893__X011	84e7cb8eb46ebfda501a32e152ae45a0	768	1
work/ext7/2-2s2-2s1c1__group.2725__T	eb331534d38b4ebcb8bc91bdb2a3646a	18	1
work/ext7/4-1s1s1__group.4876__X010	57e61c517c64fc0bc7187f73b5b55131	64	4
work/ext7/4-1s2-2__group.5838__X0001	048013365b1ddb444e2bf5f6aeba88d2	96	1
work/ext7/2-2s2-1s1s1__group.2339__X1011	20bd618a71f5b67498ebda6084efcf92	96	4
work/ext7/4-1s2-2__group.5332__X01	3615a47f6599ca40eca043c0eb82468e	1152	1
work/ext7/4-1s2-1__group.4945__C	f18118e0ca40977ab0f875fd7d45e9a8	256	1
work/ext7/4-2s1s1__group.6238__X10	8cd78983589d1cd1e66a5a2104e3c40f	72	2
work/ext7/4-2s2-1__group.6402__T	7fa282d4f557ae3e50854a09ce951a68	24	1
work/ext7/4-1s2-2__group.5800__X0001	309d36e4967143e1e01489153177aa63	96	4
work/ext7/2-2s1c1s1s1__group.1782__X101	f3b14408bda337f3538ba3d433418e11	24	3
work/ext7/3s2-1s1__group.3904__X001	b53cfb5fd11730d03ad61ee46a003516	192	1
work/ext7/2-2s2-2s2-2__group.3532__C	333bd5aef4c5d3b4b1e899ba1c02c86a	216	1
work/ext7/4-1s1s1__group.4613__X11010	bfc79202c74442e2ef7a3e8c4c00ed4c	128	2
work/ext7/2-2s2-1s2-1__group.2688__X0011	23c4a48fb807122aa9adabd5407b13dc	96	4
work/ext7/2-2s1c1c1c1__group.1687__X10	1f71d05c47b1b082267adb86a2b1c580	12	1
work/ext7/6-2__group.7556__T	b83eb3c95dcac60ed9be928b6c40b73c	2592	1
work/ext7/4-2s2-2__group.7010__C	49c8e1aa9f16a038bd43ca67cddb4d52	144	1
work/ext7/2-2s2-2s2-1__group.3353__X0101	0d54e6513e42e2235241f2839ac991fd	288	1
work/ext7/4-1s2-2__group.5785__X11	36df7f1e181b57486aef462bdbd65966	96	1
work/ext7/4-1s1s1__group.4674__X011	bbf547e46c85b92828f4146a84c4848e	192	3
work/ext7/2-2s2-2s2-2__group.3617__C	1ec7592446f013d6e3795af493dc4000	432	1
work/ext7/4-1s2-1__group.5116__X0101	6e69176907f4920c60ba58b2cc9c8f1a	3072	1
work/ext7/4-2s2-2__group.6989__X10	076f9f2ed78d232a2e9ed910fa3cffe4	72	1
work/ext7/4-2s1c1__group.5958__C	781db846bba03cd2a72206b3d493a91c	72	2
work/ext7/3s2-1s1__group.3975__X0011	b02d9b62b8324f147fa730a84eb6fc0a	384	1
work/ext7/4-2s2-1__group.6562__X1001	c492de92ce162984fc1c239e3979566a	576	1
work/ext7/2-2s2-1s1c1__group.1977__X111	6742c86b978f23fb4d9f401a8757335d	48	2
work/ext7/4-1s1s1__group.4894__C	2c3facd26df5c033348b5704e031c03d	1536	1
work/ext7/2-2s2-2s2-2__group.3718__X0010	b0b10dcbb0eeb25e57bb30b4b85c99ec	432	1
work/ext7/2-1s1c1c1c1__group.1104__X11	5f3d7f0506b44eb08776f290940ab632	8	1
work/ext7/3s2-1s1__group.4017__X11	1356ffbc949476ffeef4ef7212160b69	96	1
work/ext7/4-2s2-2__group.6731__T	3480052cc778719f7627cfe5e2ecb26d	216	1
work/ext7/2-2s2-2s2-2__group.3653__X11	b5f8ce807d9ab17ee51fa3c96660b4f0	36	1
work/ext7/4-1s2-2__group.5419__C	49bc2dd124bc3252afb61f6b76e53e78	384	1
work/ext7/4-1s2-1__group.5183__X0011	805da34ea43fb34a3f9f2ac565de07d0	512	1
work/ext7/4-1s2-2__group.5622__X011	a415dbb97df638e9ae2946026bb2daab	384	1
work/ext7/2-2s2-1s2-1__group.2529__X00011	234f99cc8fa1d06431a963456458f1b2	384	2
work/ext7/4-1s2-2__group.5794__T	98ea8600f8403b747ccd4d8f0ca01c1a	96	1
work/ext7/3s2-2s1__group.4299__T	dc3656ea465040143902bdec686b6816	576	2
work/ext7/3s3__min.465__T	71d0c9c2258dce0b2300c4b968fe48a1	24	1
work/ext7/2-2s2-2s2-1__group.3260__C	8ea5091814249c3297274db2f31ec73c	288	1
work/ext7/2-1s2-1s1c1__group.1293__T	80777918f977086637c0a0982f17fc64	32	2
work/ext7/2-2s2-1s2-1__group.2524__X0110	a75e948a4964e3f47c94bebe7472ea82	192	2
work/ext7/2-2s2-2s2-2__group.3753__X001	fa53030e42fb7a5c7221e318eedca786	72	2
work/ext7/2-2s2-2s1s1__group.2951__C	61cb1b5d3d1400c0aed8d491ae1bd9a2	72	2
work/ext7/2-2s2-2s2-1__group.3347__X0101	2f5f65cfac725b9125f0950ebb68048f	288	1
work/ext7/4-2s2-2__group.6959__C	371c0233925deedf1b0a4075b96bf03d	864	1
work/ext7/2-2s2-1s1s1__group.2038__X01110	d8f17d44c5badae7fc09f83a45a391ad	192	4
work/ext7/2-2s2-1s1s1__group.2296__C	5e4a2c7ea9e7c7f62be185ae190fea40	96	3
work/ext7/4-2s2-2__group.6703__C	23b5efa243714a6857d61f6feecb62c2	288	1
work/ext7/2-2s2-2s2-1__group.3185__X101	4f489e3af4968b6ca9142b9ca5d9ccc6	144	1
work/ext7/2-2s2-2s2-2__group.3675__X100	e944a626742a8e6dcbd6493002d2d097	36	1
work/ext7/3s2-2s1__group.4259__X111	09e8286f7b63526d731df184a7260f63	288	1
work/ext7/2-1s2-1s2-1__group.1559__C	c7f44659b9c7a09f455fab96ba363115	64	1
work/ext7/2-2s2-2s1c1__group.2769__T	f06a1333d283134ac43d261756b70ef0	36	1
work/ext7/2-2s2-1s1s1__group.2144__C	89d862875d62f5e22a658f4d6d4691b0	96	3
work/ext7/3s2-2s1__group.4304__X1100	0bde60c26e544fa16151ac3bf93dcfc3	576	2
work/ext7/4-2s2-2__group.6684__X010	9f672b56f9ade80899d9f479b9295b5a	144	1
work/ext7/4-1s2-2__group.5523__X11	94443b2f437430fa5459c3b2d4d65980	288	1
work/ext7/2-1s2-1s2-1__group.1547__X01001	b62b9028867b354a9b4883c573093210	256	2
work/ext7/4-2s2-1__group.6360__X01	2e5c6b56c50ba686e23743b13eb087cc	144	1
work/ext7/4-2s1s1__group.6092__C	68d812e58a7bb5a7a78a2134705b9255	288	3
work/ext7/2-2s2-1s2-1__group.2574__C	0ba8d8ffef7a0c40ddd6a568184eeab2	96	1
work/ext7/4-2s2-2__group.6802__X11	0e623f33319306a83375e385c2a98282	216	1
work/ext7/2-2s2-1s2-1__group.2572__C	3cf6c47a0b4bc026e0e9659d92f2a468	96	1
work/ext7/4-1s1c1__group.4502__X01	bbf3e3a2091f9478576c0b2e0a17c4ae	32	1
work/ext7/2-2s1c1c1c1__group.1690__X10	848541fc689f18124bbf30445e7ce768	12	2
work/ext7/4-2s2-2__group.6875__T	eb2a2f375e5179033f784c9770bc8d69	432	1
work/ext7/3s2-2s1__group.4278__X01	d9ad0d8185a13772143a1dcebe365560	48	1
work/ext7/4-1s2-1__group.5107__C	33f35ac6e177d907e21b08f5e8e091e9	512	1
work/ext7/3s2-2s1__group.4135__X11	9db654dffe474f408a24d96d35309b62	144	1
work/ext7/3s2-2s1__group.4303__X1010	180c1f5eaeb60eca90d0ef0be4f96680	576	1
work/ext7/4-3s2-1__max.19__X1110	c5f964b37b7c93cd0ae7a1702d90be77	1920	1
work/ext7/4-2s2-1__group.6395__X0101	05bd86572e64c662878134a1475f96c0	192	2
work/ext7/2-2s2-1s2-1__group.2527__X01110	7565dfc14cee0edeb3d3e6f56fa9d540	384	2
work/ext7/4-1s2-2__group.5470__X001	32a59c6411291858de5b9a9bc2dfa556	192	2
work/ext7/4-1s2-2__group.5322__C	2010c5c9b3cc327ac51408a72b07f158	2304	1
work/ext7/2-2s2-1s2-1__group.2509__T	e468079d564b3192d2ef726d3abbf090	192	1
work/ext7/4-2s2-1__group.6357__X10	84b04cdd1b589e735dad6db75212bb89	144	1
work/ext7/4-2s2-2__group.6688__C	4ba26ce49da7a3542b8d5b3f38dbefaa	288	1
work/ext7/4-1s2-1__group.5009__X100	61de270c88d2505e1f8c7622ee8e2340	128	1
work/ext7/4-2s2-2__group.7079__X0100	45c50ac12533d2cc780cac0b4ea99042	864	2
work/ext7/4-1s2-2__group.5371__X01	501312c21afd5371817d31fef46566ef	144	1
work/ext7/3s3__group.4365__C	53bfd5e8043d33f463ab6f2092085452	576	1
work/ext7/4-1s1c1__group.4497__C	dc8025fd9249dac3064dd366c2151265	576	2
work/ext7/4-1s1s1__group.4696__T	507e8cfcf8cf877adf000832578e7ac0	256	3
work/ext7/2-2s2-1s1c1__group.1970__X001	f988de3d62ec80a8f10866ccd367d2b2	48	1
work/ext7/2-2c2-2s2-2__group.1676__X01	b81120a000a7eb5c137a2b809e5400d2	36	1
work/ext7/4-2s1s1__group.6152__X1101	71ccf9b24c45e3622d4f99dfe5251600	288	3
work/ext7/3s2-1s1__group.3999__T	635983656457f2291b13f80cf3235f8f	96	3
work/ext7/2-2s2-1s1s1__group.2103__X110001	f097d817363129f01f8cfd2c743a4b52	384	1
work/ext7/4-1s2-2__group.5626__X0100	3d2b0922f32f652aab7ae8eaa429f8e8	384	1
work/ext7/2-2s2-1s2-1__group.2686__C	00ae670fcf8983e1e44312653b773e5f	192	1
work/ext7/2-2s2-1s1c1__group.1960__X101	6e60f54f64e5678354354e55d3940019	48	3
work/ext7/4-1s2-1__group.4942__T	5957b703985feef64cd6c59012c2d7b8	128	1
work/ext7/4-1ps2-2__group.4444__X101	0dade8dff97b296c019c0c92a58d3af6	96	1
work/ext7/2-2s2-1s2-1__group.2681__X011	447463c36affbe4bf5d08faae1d40795	96	1
work/ext7/2-2s2-1s1s1__group.2176__C	d4aff2e17957eab58cb2a206d47db29f	96	4
work/ext7/2-1s2-1s2-1__group.1599__X0001	0ca678208a66946039b1c32e5b230c7a	64	1
work/ext7/5-1s1__group.7377__X11	f4373491be6de1004777b5d08ff5d672	640	1
work/ext7/2-2s2-1s2-1__group.2674__X111	0b6377c89663593a8dc6c6d59cc97804	96	1
work/ext7/4-3ps1s1__group.7116__X110	e006044089370b61c4014ef03600c99b	40	4
work/ext7/4-1s2-1__group.5266__C	fe2afe7cec34d9bbe582825ecdde88ad	1536	1
work/ext7/4-1s2-1__group.5027__X01	857752ab1c9c6d32148145a366ae4fc0	192	2
work/ext7/4-1s2-2__group.5583__C	32532971d214b068c64f9890c29ac136	768	1
work/ext7/4-2s2-2__group.6883__C	30f40c6cdc8ead1b9c78fa9b97edf485	864	1
work/ext7/2-1s1c1c1s1__group.1110__X111	585cbd62cad7959c98adaea0eb4d317e	16	2
work/ext7/4-1s1c1__group.4458__C	bdb5b4838b0494c81b1f71c127b22cc2	256	2
work/ext7/2-2s2-1s1c1__group.1982__X111	da37bf3cbb868e8ee8779f832449fea4	48	2
work/ext7/4-2s2-2__group.7066__X011	31ee02f9a7ca89df58a38e9a3ecbe20d	864	1
work/ext7/4-2s2-1__group.6460__X010	1b3fa6b5b76ade4df883c55006db5393	288	1
work/ext7/4-2s2-2__group.6722__T	08620116c5cb85d24cfa83e252b5fce8	216	1
work/ext7/2-2s2-2s2-1__group.3358__X0010	a4b2061cc8b224c7d623aaa7c1c93e31	288	2
work/ext7/4-1s2-2__group.5484__X1110	d51f4eba70a6e26d53329117daeb4f77	192	1
work/ext7/3s1c1c1__group.3787__T	b24843d934af22b48d3409666f693e92	96	2
work/ext7/3s2-2s1__group.4143__X01	f6b4aef15dd214ed8eb84795a56e0903	144	1
work/ext7/6-3__group.7632__X10	f6ab980692e95145033eae740d6d5eb7	84	1
work/ext7/4-2s2-2__group.7064__X011	e3ad382c0e4e42b5a6cc4feabf1c4cb7	864	1
work/ext7/3s2-1s1__group.3914__X001	6703974214b99c5751dfa4ea187f1381	192	2
work/ext7/2-2s2-1s2-1__group.2529__X10011	37c1d5f433947fbe2256c8876fd171ac	384	2
work/ext7/2-2s2-1s1s1__group.2164__C	a60ce5933c546f04278ce169489f60fa	96	2
work/ext7/2-1s2-1s1s1__group.1309__X10110	cfe28ec18851b112bdac874c328b7bec	128	2
work/ext7/3s2-1s1__group.3949__X010	b9960303101fb6d74d39714c76313019	192	2
work/ext7/2-2s2-2s2-2__group.3527__X011	a2c96aba7ae0570ca7c1ce2455c70b8a	108	1
work/ext7/4-2s2-1__group.6439__T	0c6a1dffce0bc85266287107aceedc3c	288	1
work/ext7/4-2s2-2__group.7084__X001	f8d7d19a1102906066e301e9054f8c1a	864	1
work/ext7/2-2s2-1s2-1__group.2626__X010	ab2f5b18d5051c169b1379dbbd36e4d4	96	2
work/ext7/2-2s2-2s1c1__group.2810__X101	042f591d28ff460bb6daf3585897b621	72	2
work/ext7/4-1s2-1__group.5241__X010	ecf8b73e53899200eb84913a2198f8c2	64	2
work/ext7/2-2s2-2s1s1__group.2817__C	ca46f4e1bd767bc588ec489e6808d343	24	3
work/ext7/2-1s2-1s2-1__group.1583__T	424a348d1f214cb7cae3d5768b47187d	64	1
work/ext7/2-2s2-2s1s1__group.3030__X101	c6b23807ff9e13224928856175813340	72	2
work/ext7/4-1s2-1__group.5245__X111	3695cdcd23093c00dabc771d061fb512	64	1
work/ext7/2-2s2-1s1c1__group.1987__X011	73c130a778026dc427c8ea631f29db86	48	3
work/ext7/3s2-2s1__group.4342__X111	4c1f190ecd657897dd376c761d1ad835	96	1
work/ext7/4-1s2-1__group.5295__X01	1c635a164f59cc9304219a3d80cb36cd	96	1
work/ext7/4-2s2-2__group.6994__X001	20e8343a71279dd1e697938fe7ff32cf	72	1
work/ext7/4-1s2-2__group.5468__X110	bd2d5158af745e7ad8db77f861d33c68	192	1
work/ext7/4-3s2-2__group.7301__X001	903366b811859b26a4d4c3f5ae0f2e48	240	2
work/ext7/2-2s2-1s2-1__group.2614__X010	47d17f21893d02e1b7966dfd82e09593	96	1
work/ext7/2-2s2-1s1s1__group.2190__T	bd45f5a419f547d08a7116cc8f1ef0aa	48	3
work/ext7/4-2s2-1__group.6437__X010	18085690915120a297ccf3a70f0bb160	288	1
work/ext7/4-1s1c1__group.4529__T	87e228b2f138c4acb48392277325bfce	48	2
work/ext7/4-2s2-2__group.6832__X10	cd3132ec03c92decfc6180af7819e282	36	1
work/ext7/4-1s2-1__group.5218__X001	c56e365b0b9f79eb7764b261e31fa8f1	64	2
work/ext7/2-1s2-1s1s1__group.1320__X11100	2c8c8d3e7a6831fa4017006d2a0ca5f4	128	2
work/ext7/2-2s2-2s1s1__group.2953__T	a462dcfeb0f2dd9088e89c3a0e307fde	36	3
work/ext7/2-2s2-2s2-1__group.3214__T	73bf812f5b07f803a69b97dc78aacdbd	144	1
work/ext7/4-2s1s1__group.6155__C	da0bbf2883b681ee65853daebceb9158	576	3
work/ext7/2-2s2-2s1s1__group.2822__X0010	5f20140910b86872b2a408e74f3725f8	144	3
work/ext7/4-1s2-1__group.4993__X110	b4b3c2a6e808102e01b310eb315dfb40	128	2
work/ext7/2-1s1c1c1c1__min.218__X1	f696ce37ac94982329d848a9ea45d1a1	4	1
work/ext7/4-2s2-2__min.624__T	0626bbdf72359cab6871003123436891	72	1
work/ext7/2-2s2-1s2-1__group.2591__X001	306e9eea384f3aee2c8ba05aff872294	96	2
work/ext7/3s2-2s1__group.4147__T	411bdae3e439e47f97ec0d50cccae195	144	1
work/ext7/4-1s2-2__group.5508__T	6b8273a632dfdaa9cc2e048196e77123	2304	1
work/ext7/2-2s2-2s2-2__group.3572__C	0fe1c9b5bd074905a88c4696d17657cb	432	1
work/ext7/4-2s2-2__group.6722__X001	20bac8d69aad7f2d1fa295f88a79c13f	216	1
work/ext7/4-1s2-2__group.5777__X0011	1d2c2cefe75aa8903be84a30c59d2646	96	3
work/ext7/2-2s2-2s2-1__group.3362__T	7a6736ae2ea101fe3d95d8758002f4ac	288	1
work/ext7/3s2-1s1__group.3892__X010	c7ff0137e8a6c12912faa7a887fa5d97	192	2
work/ext7/4-1s2-1__group.5237__X010	e35d36900c2918a6be0c318db7cbc418	64	1
work/ext7/4-2s1c1__group.5945__X0100	66b39a8e1b7106073fc0632a3108c9cd	288	1
work/ext7/3s2-2s1__group.4298__X1100	92c6eb2a60aedf0f8dff3f38ff61d325	576	1
work/ext7/4-1s2-2__group.5504__T	0620257c8c283d680e5cc67fb56289f2	2304	1
work/ext7/4-2s2-1__group.6546__X100	61daee2d817cb0f7ad438114d8d0d28d	576	2
work/ext7/4-1s2-2__group.5416__X101	3b0fd2ef64be9d71cce28b9947995a0b	192	1
work/ext7/4-1s2-1__group.5214__X1011	565632939c353c8d0182b7b439e78f83	64	2
work/ext7/2-2s2-2s2-1__group.3171__C	98eb32978fa60b27632898c60aa7e3e9	288	1
work/ext7/4-1s2-2__group.5759__T	c43bb8fa03232d9a62c8d590f119ad08	768	1
work/ext7/2-1s2-1s1c1__group.1306__X1001	1ee3bdeafd0f30ee93935326dbf78dac	64	1
work/ext7/4-1s1c1__group.4520__X11	0a1a27ec2ee524df44ca58a3a7e65931	384	2
work/ext7/2-2s2-1s2-1__group.2522__X1011	7fbe348cc994ec36543761bb7965b77c	192	2
work/ext7/4-3s1c1__group.7190__X10	5bd4c186b6e24cc39f468d279d350195	40	2
work/ext7/2-2s2-1pc2-1p__min.350__C	b93f73a1254fc7b72ec0aa464a9755cd	24	1
work/ext7/4-1s2-1__group.5099__X1101	780993740fee0ae7c685d8782cc05111	256	1
work/ext7/2-2s2-2s1s1__group.2954__C	321222308f27a813e47200fa6a82b921	72	4
work/ext7/4-1s2-2__group.5577__X0001	c089f830271bc97cbebef108fbed19ae	384	3
work/ext7/4-1s2-1__group.5106__X111	7866deb31ea8df8533a69dad38b7dc87	256	1
work/ext7/4-1s2-1__group.4991__C	5f820bd437b50aaa780237bc83c68dc8	256	1
work/ext7/2-2s2-2s2-1__group.3178__X101	df1aec4f45b41bb1714710100266ff7f	144	1
work/ext7/2-2s2-2s2-1__group.3348__X1101	3cbbbefcd61754c67035045603a60510	288	1
work/ext7/2-2s2-1s1s1__group.2248__X001	c01a1010872036a14bbbb7b2683bf53b	48	2
work/ext7/6-2__group.7577__X101	03f5b7e68c7722924c2d2d3072764980	432	1
work/ext7/2-2s2-1s1c1__min.359__X1	3961b1b99c848dd0ff0f4a97a54fc222	12	2
work/ext7/4-1s2-1__group.5080__X0010	5e7198b67f4e431d158fe1c27b3350bf	256	1
work/ext7/4-2s2-1__group.6399__X1111	34ad18dc8e00cfb1c95fb7ef6f5939c3	192	1
work/ext7/4-1s2-1__group.5076__C	dc5571be09783357e60c3f626ae22979	512	1
work/ext7/2-2s2-1s1s1__group.2199__X111	efa1b1f176b182e7fc5a55ae2d8e118d	48	4
work/ext7/6-1__group.7427__X01	dc0df2c40ed2ee1b7f74783e9904a911	1536	1
work/ext7/4-1s1c1__group.4509__X011	c0151e60eeb7fbf182541b422edb28eb	32	3
work/ext7/4-1s2-2__group.5439__X001	48699c416948aa83653b76771eea5d25	192	1
work/ext7/2-1s1c1c1s1__group.1117__X11	98a1336828845e4f03b7b3b696bdb0f5	8	3
work/ext7/2-2s2-1s2-1__group.2676__X011	d366dc25394641d69cc1c876b88fdbc4	96	2
work/ext7/2-2s2-2s2-1__group.3320__X1100	2b895a88078c31822b16cdd5b69c0be4	288	1
work/ext7/4-2s2-1__group.6335__X01	5b0792aff2fa71077ffb9893fa8c4679	144	1
work/ext7/6-2__group.7609__X10	c65b7992b12e0c258344c0aafe2e63e7	72	1
work/ext7/2-1s1c1s1c1__min.227__C	aec79b9d196b66f65bce8b4a2a2e06ac	16	3
work/ext7/2-2s2-2s2-1__group.3398__X0101	ae0d848430e290a30ca872df4d613fe5	288	1
work/ext7/4-2s2-1__group.6320__X00101	95d1287887c369136842c13e46869c3d	1152	2
work/ext7/4-1s1c1__group.4557__T	91f0d9816fc925fec2a30a2c51664b9c	64	2
work/ext7/4-2s2-1__group.6514__X011	ff8281d7ca7ed54cfbd9a56005c06b86	576	1
work/ext7/2-2s1s1s1s1__group.1869__X0101	037c2a0da646bcfb2a39cb193c9121cd	48	2
work/ext7/4-2s1c1__group.5955__X01	1cbc965a8fa059a9a0272b701127a173	36	2
work/ext7/2-2s2-2s2-1__group.3416__X011	1b48aba7bd968580e36ab8c6464434ee	48	2
work/ext7/3s2-1s1__group.3887__X100	dc3819a414c1f4ce6b029d049fabc618	192	2
work/ext7/2-2s2-2s2-2__group.3682__X1001	5b556c8150431a6c5a05fc01b6e0e802	432	2
work/ext7/4-2s2-1__group.6616__X111	67cff2600b7140c315407783dd2007d5	96	1
work/ext7/4-1s2-2__group.5596__X110	3703f7f6230e0162b25649d4c85056b8	384	1
work/ext7/4-3ps2-1__group.7138__C	05c0ad74bfae0cbeb1f624525c9114e8	160	1
work/ext7/4-2s1s1__group.6297__X0011	b2f7135fe55d245f0f4c61ef43a50bc9	96	3
work/ext7/4-2s2-1__group.6495__X011	81a43d408e498de86784d887e18e41e6	288	1
work/ext7/4-1s2-2__group.5794__C	a5f19ef267842bab1a3a367d921fbba9	192	1
work/ext7/3s2-2s1__group.4185__C	39ad43fbba4c302084fb8f6fba0e3092	576	1
work/ext7/4-2s2-2__group.6957__X001	7f734164d4d044a5eb7dea5301e4d2df	432	1
work/ext7/4-2s2-2__group.6925__X110	dd6251771db324de6919b9fd51c9295c	432	1
work/ext7/2-2s2-1s1s1__group.2363__X0011	47528b322c9037dd00b89f7ea46f95ef	96	4
work/ext7/2-2s2-1s2-1__group.2659__T	6a591df9b966a69e02c8f8910bea2e30	96	1
work/ext7/2-2s2-1s1c1__group.2005__X101	4da757c5e034106872dec4f0270685c6	48	1
work/ext7/4-2s1c1__min.571__X11	62ec206d783163dcebc1d7be2359aba2	24	2
work/ext7/4-2s2-2__group.7087__T	fb7ef3d2b797cfc737fe609c626bad49	864	1
work/ext7/4-1s1s1__group.4747__X0001	88612a182834c818c5825a3044582d52	32	2
work/ext7/2-2s2-2s2-1__group.3416__X001	d3a822aa8b3b28647e08a16763b6273a	48	2
work/ext7/4-2s2-1__group.6616__X001	078bcb7b0103facfe0ddc3c5caa22f11	96	2
work/ext7/2-2s2-1s2-1__group.2539__X11111	ccb71a60106e1ed3f17a31a84ccc38fd	384	1
work/ext7/4-2s2-1__group.6400__X0010	5f17704ebc6f9acab5319d83a6472488	192	2
work/ext7/4-2s2-2__group.6883__X010	ae8883c7f8e056cf455032c54db7c04d	432	1
work/ext7/3s3__group.4356__T	6fee4221b0cc1d07477f94748eecd961	192	1
work/ext7/4-2s2-1__group.6393__X0100	b025e8af4519ca5dc9c4299e5ed19ed7	192	1
work/ext7/2-2s2-1s1c1__group.1934__X01	191ca067a530b2a31562df637699dc81	24	1
work/ext7/2-2s2-2s2-2__group.3752__X100	fe0df0c9e22c0e5456bb37d2268f71aa	72	2
work/ext7/4-1s2-2__group.5496__X01	6bc747cdf58ece31796f367e842193a3	192	1
work/ext7/6-2__group.7576__X011	82dfb946c24e760fd4f1ca9f0c627315	432	1
work/ext7/2-1s2-1s1c1__group.1271__X0001	ff13efa026fcb04ebfaddd99d5635b4c	32	1
work/ext7/4-2s2-2__group.7053__X1111	99041bd50d8aa574e32551b559f088d2	864	1
work/ext7/4-2s2-2__group.6998__T	c87e275a561c1c27bf30b8de4fb1479d	72	1
work/ext7/4-2s2-2__group.6713__X0110	47d010d8c9aaec1f0046149823ea1e3d	1728	1
work/ext7/4-1s1s1__group.4801__X01	4995fa074d65504dd5c2dd280b4dce9b	48	3
work/ext7/3s3__group.4399__T	366322a089f8f5548eacc444a2ae73f2	96	1
work/ext7/2-1s2-1s1c1__group.1282__C	283e401170049121059ea132f3e94263	64	2
work/ext7/3s2-2s1__group.4248__C	0b1d661b2267a82e635f88ff25de5e50	576	1
work/ext7/2-2s2-2s1s1__group.2838__T	f2c6631495649a44f64c1421d249d886	144	2
work/ext7/4-1s2-2__group.5670__X100	bd8e20b0c30ad43534983c735fc15f3f	48	1
work/ext7/4-1s2-2__group.5602__X0010	319b6e98baff24c9ba45860f7023ceb3	384	2
work/ext7/2-2s1s1s1s1__group.1893__X01101	7e35e8b561102adecd6babc30b2d82d0	96	2
work/ext7/4-1s2-1__group.5015__X011	19267fc8601b670406903f7902406562	1536	2
work/ext7/6-1__group.7428__T	90913c20255ee7cd14cc2faa914f9bb3	1536	1
work/ext7/2-2s2-1s1s1__group.2312__X0101	13ffa045fdf8639836fe7144b4178d2e	96	3
work/ext7/4-2s1c1__group.5930__X001	0dafe2d56d4a861b3b278cc41b637b41	144	2
work/ext7/4-2s2-2__group.7040__X1000	e6d9f748eb368f9d61bfc7bff3bbe487	864	1
work/ext7/2-2s2-2s1c1__group.2753__T	45662e6107726a9a9c455d2a0d23beb8	36	2
work/ext7/4-1s2-2__group.5539__T	637569d7661feb369ebe32603d2ded8c	288	1
work/ext7/6-2__group.7548__X01	45b1e148ae4b1144193e82d28b29e7a2	216	1
work/ext7/2-1s2-1s2-1__group.1564__X001101	4cb700cb3e6c68e014731290149e730e	512	3
work/ext7/2-1s1c1s1c1__group.1127__T	58007b8d6bb23d223fd16873422ac7a8	16	2
work/ext7/4-1s2-1__group.4939__T	048c5b426da6e9d881ff3b66993d05a2	128	1
work/ext7/2-2s2-1s1c1__group.2000__X111	6c5a889407525c84a6296bbb5b991736	48	2
work/ext7/3s3__group.4351__X001	8622466c09b142f24ec5b1e64495fe9c	1152	1
work/ext7/4-2s2-2__group.6721__X1001	a9229dd06b6e7992920fa7a02b1af3d4	1728	2
work/ext7/2-2s2-2s2-2__group.3572__X110	4eb4e134ce58c8a721a4f5d19b68f395	216	1
work/ext7/2-1s2-1s2-1__group.1525__C	3c3a9a635234b382c7b04aa0847a1330	256	1
work/ext7/6-1__min.655__T	1691c0125154135ec85be78acd0147ec	576	1
work/ext7/4-1s2-1__group.5066__X1101	6fc9d2c965d23156f2f510f725261edc	256	1
work/ext7/4-1s2-2__group.5588__X010	2856915714fddd5d24d1f92dc0c4b9cb	384	1
work/ext7/2-2s2-2s2-1__group.3256__X001	0b1683e7db20234c09c6c7938328024e	144	1
work/ext7/4-2s2-1__group.6364__X10	cfc1e055ffecfdcbf8b53e1027ee25b9	144	1
work/ext7/2-2s2-2s2-2__group.3676__X0001	0f7f8fdc7bf89a97aae28a3315d4377d	432	1
work/ext7/4-2s2-2__group.7059__X1101	207539654f4d0c2c8a725f4205cdca8e	864	2
work/ext7/2-2s2-1s2-1__group.2578__T	625570bc3ffa092cfb3ab1c76d0f65fa	48	1
work/ext7/4-1s2-1__group.5182__X0100	d0be6a2cb7f6b3bf12fc6d8db8a16201	512	1
work/ext7/2-2s2-2s2-1__group.3379__X1010	e774645065e5a2ea6c961d05ee7a1078	288	4
work/ext7/2-2s2-2s2-2__group.3764__T	3329543539431c7f6c80b3b59015dcad	864	1
work/ext7/4-2s1s1__group.6298__X1100	517c214ffabe401f9702e4badf0a6221	96	3
work/ext7/2-2s2-2s1c1__group.2738__X11	b61e3158e01d97dc603afd1064ae12fe	36	2
work/ext7/2-2s2-2s2-1__group.3408__T	3ed9d6aedbce52afd55a1d9ddfe8b3c9	48	1
work/ext7/2-1s1c1s1s1__group.1139__X010	b213d3a954a737e495a747ddaebd970e	16	3
work/ext7/3s2-2s1__group.4163__T	d395c4c43ac80c406b66eedb0c87e1ca	24	1
work/ext7/2-2s2-2s2-1__group.3303__X101	d8577a84c2b3b318e9d232057ba5b8d2	144	1
work/ext7/4-2s2-2__group.6888__C	ae900e43d8d0e8d7020700539a786ab5	864	1
work/ext7/4-1s2-1__group.4975__X001	3f4ab06a41c1bf5b6e0dfb90dc2442a9	128	1
work/ext7/4-1s2-2__group.5480__X111	fbc1c65954a04f287799bd51e1b6002e	192	1
work/ext7/4-2s2-1__group.6406__X001	5731f9b5c36311b69f977d56a0870288	288	1
work/ext7/2-2s2-1s2-1__group.2665__X010	57828d451bb438db8b8680e8373ae015	96	1
work/ext7/4-1s2-1__group.5233__T	35de1b21248404d3d48107f604a6f141	64	1
work/ext7/4-2s2-1__group.6401__C	a282c503637a8cba59ab6013070823d8	384	1
work/ext7/2-1s2-1s2-1__min.284__C	f9731eabc19a36ff6a5c4d50561c2635	64	1
work/ext7/4-2s2-2__group.6696__X101	93d5a625ca81c22d45d173515e65469b	144	1
work/ext7/2-2s2-2s2-1__group.3366__X0101	052e10df104e5ecc75cf08e41986f92e	288	2
work/ext7/2-2s2-1s2-1__group.2553__X001	ccfb9325b80caa3587f833a54b44f77f	48	4
work/ext7/4-2s2-2__group.6679__X101	9d7293989a98033070dba5d453c4679a	144	1
work/ext7/2-1s2-1s1c1__group.1299__X1010	b8f60ccc372c6fc92b63f3ae352cd863	64	2
work/ext7/4-1s2-1__group.5269__T	8a6cea286f91f7639ab5c95197890595	768	1
work/ext7/2-2s2-1s2-1__group.2688__X0100	881d6d48d15375069d5327930acbc268	96	2
work/ext7/2-2s2-2s2-1__group.3388__X1110	b1b117d40682e976301299ed5e27be3c	288	1
work/ext7/4-2s2-2__group.6632__T	bd948ddb8a75ebedaf8d918ca9e9f493	108	1
work/ext7/4-2s1s1__group.6030__X1100	e5ead977dbbb480949079dc179b9c90f	144	6
work/ext7/2-2s2-2s1s1__group.2920__X011	e3842836f846fa8a0f880ccab228ed84	24	7
work/ext7/2-2s2-1s1c1__group.1998__X101	27003e5bead6d2046db37e942743ba56	48	3
work/ext7/2-2s2-2s2-2__group.3530__C	bf5c67f7df5a1e98fef7b7d8c70963f2	216	1
work/ext7/2-2c2-2s2-2__min.306__X01	462e252fc3b0e798e73593f13a64779e	12	2
work/ext7/3s2-1s1__group.4004__X01	19e5c997cf9a507dd1f6ce187f0f565f	96	2
work/ext7/4-1s2-2__group.5824__C	107482e6fc5bfc26b854f41462cb81b8	192	1
work/ext7/4-2s2-1__group.6567__X1011	6ac1d2b98c93c2a85ebd02cdbe4aa0ca	576	1
work/ext7/2-2s2-2s2-1__group.3400__X0101	d508c3925ddebaa5e973f823bd13c67f	288	1
work/ext7/3s2-2s1__group.4226__X101	9604b506db8b179f1b8c49c6ff778ac9	288	2
work/ext7/4-2s2-2__group.6899__X110	236d9d7ab4f619201edcff39aae582de	432	1
work/ext7/4-2s2-1__group.6481__X010	9b02c62af9e99942e6d749882eeeb60c	288	1
work/ext7/2-2s2-1s2-1__group.2642__X001	bbbdea1cb970a9a55ffb589cec7d4f1f	96	1
work/ext7/6-2__group.7570__X10	df38a257b77dd52d945c48b56c83c15b	432	1
work/ext7/2-2s2-1s2-1__group.2654__X011	51de7537c1d4d13167208bdfdee4a097	96	1
work/ext7/4-2s1c1__group.5932__X010	12e1f2cb4e96e8604caa5499154bb12a	144	3
work/ext7/4-2s2-2__group.7049__X101	55188b625d8cf90a94974cc9c6cc935c	864	2
work/ext7/4-2s2-2__group.6907__C	6b105b43eb8a5d5a8977fbaa08600214	864	1
work/ext7/2-2s2-2s1s1__group.2939__X01101	6a12547443c9a10a2eae059ffe2c4604	288	4
work/ext7/2-2s2-2s2-1__group.3259__X101	b9a9ec1289045fda38f8f082acdee238	144	1
work/ext7/2-2s2-2s2-2__group.3768__X01010	81654428362a92369073a9e918617f1c	864	1
work/ext7/2-2s2-2s2-1__group.3386__C	82deaa71c6f2aa3e8ef18ace34053868	576	1
work/ext7/4-1s1s1__group.4828__X0011	d4df5c93a826ef37b2038248bad2d80d	64	4
work/ext7/2-2pc2-2ps1c1__group.1609__T	5a9502d3dd8b539e48e163fc4cd6bce0	12	2
work/ext7/2-2s2-2s1c1__group.2711__X0110	a05f3faebd4f567766d96510052662a5	144	5
work/ext7/4-1s2-2__group.5322__X0110	7c910ae827c9cf9756fe25cd6fe46d4d	1152	2
work/ext7/4-3s2-2__group.7328__C	df3d85fd524441062bffea330371b564	1440	1
work/ext7/2-2s2-1s2-1__group.2697__X110	e8c8dc4fcad7f072b34da667ba31a328	96	1
work/ext7/2-2s2-2s2-2__group.3700__X1010	60b562953bfaf83b72b7f79ae3b1d1ad	432	1
work/ext7/2-2s2-2s2-1__group.3341__X1110	4bba7d068f36dfe2bd48ad9566b26e18	288	1
work/ext7/4-1s2-2__group.5766__T	a0b1048e1d6def5b4e4484664b21143d	864	1
work/ext7/4-1s1s1__group.4850__T	0754998f434dbf7f8ffef6f189a14c7d	64	2
work/ext7/4-1s2-1__group.4942__X011	cf3f7d3645c72d5684fe99eb0f8b0138	128	1
work/ext7/2-2s2-1s2-1__group.2457__X1100	bdfd054bc2bf6ef740800ff49f97f8dd	192	1
work/ext7/4-1s2-1__group.5234__X0011	b1a5c2fe856b0a17333b9904d5f4dd35	64	2
work/ext7/4-3s2-1__group.7271__C	596efb85511669b6806a4d151a1ac124	1920	1
work/ext7/2-2s2-1s2-1__group.2637__X010	e30ac60066074eb90613ea2ffd07efdb	96	1
work/ext7/4-2s2-2__group.6762__X11	fd9f75c49b4f71feb33f0e6498c3b1e0	216	1
work/ext7/4-1s2-1__group.5082__X00110	ccdbff541c47adb94d2fa6f240be6213	256	2
work/ext7/4-1s2-2__group.5518__X101	333c95d6173576e246f0b062f843e5a8	288	1
work/ext7/4-1s2-1__group.5284__T	28792e6d497184e216ffe2aecd51bcf8	768	1
work/ext7/6-1__group.7421__C	0c9dcff08243935b889e941fe384cdb5	2304	1
work/ext7/2-2s2-2s2-2__group.3578__X001	62c2dd374095253e11ee6f8d5707e6d0	216	3
work/ext7/4-1s2-1__group.5137__X01	5ff0f3925ce015b01c53f52c4bdf298a	32	1
work/ext7/2-1s2-1s1s1__group.1312__X01100	3f573b21458e8a0a232d809727551d94	128	4
work/ext7/2-1s2-1s1c1__group.1274__X001	17b67629355ebd0e9395184a967eac54	32	3
work/ext7/4-2s2-2__group.6824__X1100	638693060589fabb1d2041806cdc93cd	288	1
work/ext7/4-2ps1c1__group.5859__X100	cd0c964e20aaedb2c14edd95600e459c	48	3
work/ext7/2-2s2-2s2-1__group.3334__X0001	e3b4d59fb31e962e1622be598b98b2d8	288	2
work/ext7/4-2s2-1__group.6457__X010	8ac0fc451260ebb61e9c67d1ffa8315c	288	2
work/ext7/4-2s2-2__group.6868__X0111	7511d3161895871680e46631aaba20a8	432	1
work/ext7/4-2s2-1__group.6389__C	2dc58158cec8efbe02b8bbedb4cb7d64	384	1
work/ext7/4-2s2-2__group.6635__X101	a831e603ffd678e81dd949cbd6b1d41e	108	1
work/ext7/2-2s2-1s2-1__group.2547__X11	ce4e7fe6893bd403dd9d9751b1fe176d	48	1
work/ext7/2-2s2-1s2-1__group.2632__X001	dea033a18da053f5dab4811e73f7e56f	96	1
work/ext7/4-3ps2-2__group.7140__X001	49298a658aff81d259b48f7afae315ec	120	2
work/ext7/2-2s2-1s2-1__group.2607__T	39ce674043e8ef2683f35b72ca9659f8	96	1
work/ext7/2-1pc2-1ps2-1__group.1086__T	abe680b5bccadc1e183a3af5b4309104	16	1
work/ext7/4-2s2-2__group.6910__C	5af43ee7b93d611374e42c305409a419	864	1
work/ext7/2-2s2-2s1s1__group.2942__X11101	1d2c54308e01c11a1d0f61d29fd7d33c	288	1
work/ext7/4-2s1s1__group.6176__C	eb1a5b26f50f7bb17e2e73ea8d4d48ef	72	3
work/ext7/4-2s2-2__group.6915__X011	3058f4e9ef4bae8b1a908271ef9ba39d	432	1
work/ext7/4-1s2-2__group.5590__X011	662da2bc195ba535eb53cf14f3572a97	384	2
work/ext7/4-1s2-2__group.5786__X011	41034dde24d2d661bd25c46688e7e033	96	1
work/ext7/1c1c1s1c1c1__group.1047__T	ce7b52d72e096047f395350631d64a75	4	2
work/ext7/4-1s1s1__group.4659__C	fefc0901bccd3b201a105c44ad9b1b2a	32	3
work/ext7/2-2s2-2s2-2__group.3611__X010	66677b5ef9bebefeafbb152412cd866c	216	1
work/ext7/2-1s2-1s1s1__group.1406__C	598c7bd2ab0d334397143694373b5fe1	64	4
work/ext7/2-2s2-2s2-1__group.3243__C	522212d2c70ab5b6ce517c1f2fe81abc	288	1
work/ext7/5-1s1__group.7351__T	1084d61923cf94cc5d756c2cfc17e5a6	1920	2
work/ext7/3s2-2s1__group.4128__C	912f95b484ca3a539a7c165846c08811	288	2
work/ext7/2-2pc2-2ps2-2__group.1624__C	83bb978e58bf382c85f80da3edb6dbf2	36	1
work/ext7/2-2s2-2s2-1__group.3365__X0100	43e25613063610d6e6a2915b8c4bc474	288	1
work/ext7/2-2s2-1s1s1__group.2376__X1111	e9c1f7055a05e0cf8af5e4fd5fdefbf9	96	3
work/ext7/3s2-2s1__group.4208__X100	9715e827925ccd353fca269ae3a790b3	288	2
work/ext7/6-2__group.7542__C	a6fcb7f44d6c78a1d64a3395e99ddef7	432	1
work/ext7/3s3__group.4356__X01	2e114e1e7e98fc2febbc904cd007a109	192	1
work/ext7/4-1s2-2__group.5434__X010	6b0b4ae0f50540d845234a686aa8677e	192	2
work/ext7/4-2s2-1__group.6564__X1101	2b1a4e7ffa7bb448a5d392fc7cebef2e	576	1
work/ext7/4-1s1s1__group.4862__X010	c31edd8d742e2bd6ecef390a658ae3d8	64	5
work/ext7/4-1s1s1__group.4723__X011	9a6b097d50dfc52b428c340f54a3e011	32	4
work/ext7/4-2s2-1__group.6618__X101	b99c2ba489461257e27ecbacc2bebf79	96	1
work/ext7/4-1s2-2__group.5634__X10001	9059817b0f8c74499f040d48b4b8f5e3	384	1
work/ext7/2-2s2-2s2-2__group.3616__X001	08298f4ff7d9009338e2cc2778845201	216	1
work/ext7/2-2s2-2s2-2__group.3754__X110	4f35a587bb6fc902d0157b076419b7d4	72	1
work/ext7/3s2-2s1__group.4314__T	74804a9750a4ac63158c971a0bbf21b1	72	1
work/ext7/2-2s2-2s1s1__group.2826__X1011	778a193421ea65c7b382a281310af04d	144	2
work/ext7/2-1c2-1s1c1__min.209__T	bd625c7d01e7ee26cda42b391d7409a4	8	2
work/ext7/4-1s2-1__group.5071__X011	d66207141becdc6ea7b3cbed38fbc7a4	256	2
work/ext7/4-1s2-1__group.5282__X101	28319e54474817fa1656ba0ba432db98	768	1
work/ext7/2-1s2-1s1c1__group.1286__C	d6d53fd8288d83352b83373f9f15cc57	64	2
work/ext7/4-2s2-2__group.6736__X001	7df45fb4f83742ccd6ec19e1ae11d8aa	216	1
work/ext7/4-1s2-2__group.5702__T	a93b390e6fc8192b75e4741a48b970cd	576	1
work/ext7/3s2-2s1__group.4254__X111	a18c0dedd83ea0d109139dcdb02e813b	288	1
work/ext7/2-1s2-1s1s1__group.1313__X00110	ab403ba18d17b282250370a5678efbac	128	5
work/ext7/3s3__min.465__X01	b4f0be1e31000bfb679e5d5c156f6351	24	1
work/ext7/2-1s2-1s1c1__group.1282__X010	cfa1c328a9980ad78d5ec34f3ad695a1	32	2
work/ext7/4-2s2-1__group.6535__X0111	d9ffcd52cc221c3c35f2f9d85dc80e2e	576	1
work/ext7/4-1s2-1__group.5048__X0111	b080064b2d42ae52bfa0cafc2a39bba8	192	3
work/ext7/4-2s2-1__group.6581__C	7c4dc81c3db065e0336c584473c469a2	144	1
work/ext7/4-1s2-1__group.5015__X100	55e9496843c7267ab5f5ce4e02e20da0	1536	1
work/ext7/2-2s2-1s2-1__group.2517__X0011	5c8df114aad3b77a6fbd33501c963288	192	2
work/ext7/2-1pc2-1ps2-1__min.204__X11	593ada59dcc0c55e65a8909ce5087d8c	16	1
work/ext7/4-1s2-2__group.5724__X10	321a1b23ace5404a778ba7c4dd666a70	576	1
work/ext7/2-2s2-1s2-1__group.2495__X0011	abf9b103e7474cb1ec3dd9c3d9c59c1f	192	2
work/ext7/4-2s2-2__group.6666__X001	5f42e05031a2562dbbe0df89be7104ff	144	1
work/ext7/3s2-1s1__group.3995__X10	b8f93125e9d3025963ee8ab34b5dbbaf	96	2
work/ext7/4-2s2-2__group.6791__X001	8a2f718c6af15e3a75d0533c0468da70	216	1
work/ext7/2-2s2-1s2-1__group.2468__T	b83254edc67d4b451b612fe31af3bb33	192	1
work/ext7/2-2pc2-2ps2-2__group.1631__X01	3b3c22f0fb745f1070a6da7482f613c2	36	1
work/ext7/6-2__group.7605__X01	a9e4b5c8b5a5a56ea6b7296fb3ed7478	648	1
work/ext7/4-1s1s1__group.4595__X011	dc246ff244703944c2071eade72ee6fe	128	2
work/ext7/4-1s2-2__group.5837__X0101	b18732bbc40d77628fb27624fd7a75fc	96	2
work/ext7/4-1s2-1__group.5039__C	80e17f537f468996b6bb3bf4aa46cc24	384	1
work/ext7/4-2s2-1__group.6529__X010	c942b5af4e6ed4f2615fcb064e9ffde8	576	1
work/ext7/4-2s2-2__group.7019__X01	a00b671b7e4ac72754ef9393d7a8336d	72	1
work/ext7/4-1s2-2__group.5409__X100	fcabe5d461abd50fd946be214893e0e1	192	1
work/ext7/2-2s2-1s2-1__group.2695__T	ae5c998569193f86da718eea9cc8d6d8	96	1
work/ext7/4-1s2-1__group.5302__X011	f501ae022fee4054cf056d3ac32d1cb2	96	2
work/ext7/3s2-2s1__group.4298__X0100	076b8fd2a40e7b0190166b0047ce8e73	576	1
work/ext7/4-3s2-1__group.7244__X1100	6b2e7a7a9338ec5f47448a32ff39ea0d	320	1
work/ext7/4-1s2-1__group.5176__X1101	08578bbd42569fa328789d3c5b9a389d	512	1
work/ext7/4-1s2-1__group.5278__C	4271635ac6cd57eee03f7443a601110c	1536	1
work/ext7/2-2s2-2s2-1__group.3347__T	76802591ae5e30b08202a66dfa57804e	288	1
work/ext7/4-2s2-2__group.7069__C	68b420d091c845fd85c137c35743b923	1728	1
work/ext7/4-2ps2-2__min.563__X1	3fd88ab4b1a5721a47f8fae82354d5e8	12	1
work/ext7/4-2s2-2__group.6713__X1011	c76cf313727be832abefad1309feefd4	1728	1
work/ext7/2-2c2-2s2-2__group.1670__X10	f8e2e87893df6d537db785c1300270b9	36	1
work/ext7/4-2s2-2__group.6968__T	d81b05fe21fa18cc4e7fa1f21d537b66	48	1
work/ext7/4-1s1s1__group.4678__X0001	1a6113101821d12cb9ef0998f4c66e1a	192	2
work/ext7/4-1s2-1__group.5188__X1000	b75bc260cde4ca402835b6999b13c406	512	1
work/ext7/2-2s2-1s2-1__group.2490__T	7461f4c084136e75aff60ee24d00e5a7	192	1
work/ext7/2-2s2-1s1c1__group.2015__X1001	315361ed7eb5318c2f29f76b0a30b246	96	2
work/ext7/4-1ps1s1__group.4414__C	514b256f3086e0f7c16834a74d61c9a5	64	3
work/ext7/4-2s2-2__group.7032__T	057e1c7588b3283a267001fa67d6d458	864	1
work/ext7/2-2s1c1c1c1__group.1691__T	72900ac3815dcfc20921007ee82079f8	12	2
work/ext7/4-1s1c1__group.4472__X100	1a216eb70f0e8c71ee5c3397014a4257	16	1
work/ext7/4-1s2-2__group.5634__X10100	92c9cc9e935159221d0fd563e6c365e0	384	2
work/ext7/4-2s2-2__group.6996__X01	e8c6cdfa857f7407f18f637b5ab98e05	72	1
work/ext7/4-1s2-2__group.5536__X101	aa6c2d8c938cba9bcfb76268a43f6785	288	1
work/ext7/4-1s2-1__group.5301__X10	91a6fadc0590ab819f5f278d30b07dab	96	1
work/ext7/2-2s2-1s1c1__group.2012__C	d6a63b2a194527c147c6ae93ed3b8da7	192	3
work/ext7/4-2s2-2__group.6980__C	6c2532a7e88f275340cd9de7d7c9ecb5	144	1
work/ext7/2-2s2-1s2-1__group.2543__T	8bfa3ab78127edf9a150a587fd5dd01b	48	1
work/ext7/2-2s2-2s2-1__min.421__X01	dc05616d3d3797dc3b384796806fcbc2	36	1
work/ext7/4-1s1c1__group.4551__X011	8ab2534bf1e3f6c8cb35369426bdba16	64	4
work/ext7/2-2s1s1s1s1__group.1806__X011001	0b7dac7062f483b7db4ed00f952435f5	192	1
work/ext7/2-2c2-2s2-2__group.1677__C	e863b365500126b54b3ac718125d72a7	72	1
work/ext7/4-2s2-2__group.6942__X100	1ee3f70442af01040891e223a13946b2	432	1
work/ext7/4-2s2-2__group.7051__T	5bcdd23aa5fd4a44e59280cfe09622aa	864	1
work/ext7/1c1s1c1s1c1__group.1055__X010	21a64060d594cbddfa8936b36f276ddf	8	6
work/ext7/4-2s2-1__group.6317__X0100	8b5fc7a350cede5856b1e673cc60ba3e	1152	1
work/ext7/4-1s2-2__group.5751__C	c249b9c39052b143f40dec223aed4719	1536	1
work/ext7/3s2-2s1__group.4106__X10	67255f202e331f6bb226024b4fd88e91	144	2
work/ext7/2-2s2-2s2-1__group.3271__C	98460165283be11f33e37778a26bf631	288	1
work/ext7/5-2s1__group.7412__T	ffc02bee1ba7eb1c4eafd38041f3811e	720	1
work/ext7/4-1s1c1__group.4517__C	c15ee4331b09e99d79ebed5e92a255cf	64	2
work/ext7/6-1__group.7428__X10	25bb3b5a6c0754c3aa24e35ab10bfb29	1536	1
work/ext7/3s2-2s1__group.4115__X011	a740c836dcaebbdfe3cab5b373a997c9	144	2
work/ext7/2-2s2-2s2-2__group.3679__X1010	cd0bf7aa81ca481f216e648b4bf95b49	432	1
work/ext7/4-1s2-2__group.5514__X01	62cb2fd2c0163c23f2d76893590a210d	288	1
work/ext7/4-2s2-2__group.6718__X0111	ba6ac000c10449483b23cda9e7e0ca9a	1728	2
work/ext7/4-1s2-2__group.5398__C	429edb44d8138430c105443d9227a1fa	384	1
work/ext7/3s2-2s1__group.4248__X001	a042f9d5f9fd1cdeb634041e36d725f4	288	1
work/ext7/2-2s2-2s2-1__group.3382__X0010	4f8bf0522dfe99676123ade6ef2ba6e1	288	2
work/ext7/3s2-1s1__group.4034__T	b3f729112a42cf00d462e7e1da98b482	96	1
work/ext7/3s2-2s1__group.4279__C	e4090a914e57c8d1218dea93f512df4f	96	2
work/ext7/4-2s2-2__group.6648__T	07a92de95ce9c389a952e67e436f548f	108	1
work/ext7/4-2ps2-1__min.561__X11	d16b657d15893b64b212aa481514e36a	48	1
work/ext7/4-1s2-1__group.5070__X010	41d891d737b4d09299de0b7925b22078	256	1
work/ext7/4-2s2-1__group.6347__X01	e452b452bf6fb35b3016040bea8ece99	144	1
work/ext7/4-2s2-2__group.7018__C	8e23cd13aeb614666d2c3cc625a309d8	144	1
work/ext7/2-2s2-2s1s1__group.2874__X0010	b2ed3e597731df4e462e70b2add48f34	144	3
work/ext7/4-1s2-1__group.5006__X110	d21c1b9122ba68eaa7d5930be7b4d8bc	128	2
work/ext7/4-2s2-2__group.7049__T	8b59836b5fe9d72a4d3321cd3ddf420c	864	1
work/ext7/4-1s2-2__group.5609__X0010	70f8c41b7cf8b504a00a46c979f5d266	384	2
work/ext7/4-1s2-2__group.5613__X001	4c1107495c41b52105a6e11754d435d3	384	1
work/ext7/4-2s2-1__min.600__T	4eed533b6fe4991ce0f6ddbee5d94412	48	1
work/ext7/3s2-1s1__group.3881__X100	bccedffff8c686327f9c842bebd8af84	192	1
work/ext7/3s1c1s1__group.3798__X10	52ba86d2f6d723baf3c2c0526e63aa14	48	3
work/ext7/2-2s2-1s2-1__group.2487__C	0afa2fc10a42518d58bb705eabbc244f	384	1
work/ext7/2-2s2-1s1s1__group.2030__X11001	eb0fae1942010fb61009714218564ccc	192	2
work/ext7/4-3s1c1__group.7177__X01	d35147a04fefe3b80d08f071786b7dfe	120	1
work/ext7/2-1s2-1s2-1__group.1565__C	5bcab402faa4619a393f73f62991150c	128	1
work/ext7/4-2s2-1__group.6433__T	3cc1ead90f9de5fd23f2b871c858f867	288	1
work/ext7/2-2s2-2s2-1__group.3342__X1001	4e4dba8b074bc18040d0e8e632a9e6f2	288	2
work/ext7/3s2-1s1__group.3928__C	aa688f5ab0dc277a950ebb44cad40fa4	384	2
work/ext7/4-3ps2-1__group.7137__T	f13cbd593f12f1190809d3b32e2b15d3	80	1
work/ext7/4-1s1s1__group.4647__X0010	87319379f3febc569c2f28eccef70278	1536	2
work/ext7/4-1s2-2__group.5342__X01	037f3d81e585abe2d0c148fdc8933170	1152	1
work/ext7/2-2s1c1c1c1__group.1688__X01	2c75de0c532f1f0e7653ce001ee13290	12	2
work/ext7/4-1s2-2__group.5676__X111	a54c26d3ce9235b210e2d543b175f280	48	1
work/ext7/2-2s2-2s2-1__group.3461__X01	74cc64840a4876233c8a22af7a99c461	72	2
work/ext7/2-2s2-1s1c1__group.1958__X101	d11b9c75c878ac0783df7505820fef1d	48	2
work/ext7/2-2s2-2s1c1__group.2717__X0110	4c71c30816f431e87b23451fc9583376	144	3
work/ext7/4-1s2-1__group.4978__X011	2061d0d5b2b1b3c20883a9843a67a5f4	128	1
work/ext7/5-2s1__group.7394__C	ddcafcc36a447d8b61f87c0a217f1435	2880	2
work/ext7/2-2s2-2s2-1__group.3299__T	4b75598ebaba832e45cce86c0799a7b4	144	1
work/ext7/2-2s2-2s2-1__group.3185__T	e5ad09f1ac387127ef6b1cdd31963065	144	1
work/ext7/2-2s2-2s2-1__group.3220__X101	3c4eb6bef58a5147f6f1798f54b53669	144	2
work/ext7/2-2s2-1s2-1__group.2470__X1001	ad07ca613854ff731d31b786811eae11	192	1
work/ext7/2-2s2-2s1s1__group.3091__X010	8283d04702c783704fb1af04577a8f96	72	3
work/ext7/2-2s2-2s1s1__group.2933__X11001	490bc387912eaa0dbc7d60e3e95123cb	288	3
work/ext7/2-2s2-2s1s1__group.2918__X010	430affebd853b7d9db949584839f4aab	24	4
work/ext7/6-1__group.7451__T	c408dd21394ca22ee4e23f6e8bf08430	2304	1
work/ext7/3s2-1s1__group.4038__X01	261a0dc17225786f6b587b405ab92c19	96	3
work/ext7/4-2s2-2__group.6707__X0011	3052c2e8110cc651919e84aadabe4f5f	1728	1
work/ext7/2-1s1c1s1s1__group.1176__X1111	1af4af491e2d301ec4ec6186c980c4fc	32	5
work/ext7/4-1s2-2__group.5598__X001	aaa101591107de73959b9fc13c08ff91	384	2
work/ext7/2-2s2-2s1c1__group.2801__C	48aa5824fe1f4a7afaa341ec09ccb3ac	144	3
work/ext7/2-2s2-2s2-1__group.3481__X01	2147123f782547b7beefd59df746b439	72	1
work/ext7/2-1s2-1s1s1__group.1489__X0001	298c48993d22d950ee2030595282c2ba	64	3
work/ext7/4-2s2-2__group.6819__X1001	5dab9915fce942745d46ad9a7a59e106	288	1
work/ext7/3s2-2s1__group.4291__X0111	d58b47817fda79e9cc0f7a5ed4661b1b	576	2
work/ext7/2-1s2-1s2-1__group.1510__X1011	74f9d6da0faed672abc21532b2e66cc4	128	2
work/ext7/4-1s1s1__group.4828__X1100	d40dc61c25ebd5cfc92b64b83075ea0d	64	2
work/ext7/4-1s1s1__group.4860__X01	2cb33a985701d6643c3fcaf2ee6aeda6	64	2
work/ext7/4-1s2-2__group.5729__X111	96997d8bbb5d7ed3d23785dd58e26779	6912	1
work/ext7/4-2s2-2__group.7072__C	dbaa44709f0c7d6f961f338352043615	1728	1
work/ext7/4-1s2-1__group.5045__X11	b5936b806a9b8a2ae5e6c50e489b0938	192	1
work/ext7/4-1s2-2__group.5708__X010	06812287bd66eb7f7146a62fb5b9df15	576	2
work/ext7/4-2s2-2__group.7036__C	f95b0f160afd9634999dc56e1ec59086	1728	1
work/ext7/2-2s2-1s1s1__group.2034__X10000	97db1567dbed6944151d02da4d74c612	192	2
work/ext7/2-2c2-2s2-1__group.1663__X100	1bab2904f9e852ce5ffb56a711fff318	48	1
work/ext7/2-2s2-1s2-1__group.2474__X0011	d8fc11f58d3846d3c14e67b98627855d	192	1
work/ext7/2-2s2-1s1s1__group.2384__X1001	eb38880b931660700c1021a9e43e401e	96	2
work/ext7/4-2s2-2__group.6943__X011	4f749a5ed9450d84516998c7719aa8ea	432	1
work/ext7/4-2s2-2__group.6826__X0001	524ad69bc8920961156aa2468114c913	288	1
work/ext7/6-1__min.655__C	28c666c419ad20103b2b8f2078c5b2b2	1152	1
work/ext7/2-1s2-1s2-1__group.1603__C	e2698b2b9730d24a3fcc367c95aaac5c	128	1
work/ext7/2-2s2-2s2-1__group.3164__X110	281ddf4737062597e6b173aedc4d681d	144	1
work/ext7/2-2s2-2s2-1__group.3349__X1000	d6da1695143b84355bb2391fb3ad173b	288	1
work/ext7/4-1s1c1__group.4558__X101	be6a866a0985bb7166aa1da6b045ce63	64	3
work/ext7/2-2s2-2s2-2__group.3612__X001	b6a7a4869b3492d86d0b07f4b7e92af6	216	2
work/ext7/4-1s1s1__group.4704__C	25eee125db599e7f77b1fd2f5222ebb9	512	3
work/ext7/2-2s2-2s2-2__group.3628__C	04e364af7b8cb3e0052d68a614b3fafa	432	1
work/ext7/2-2s2-2s1s1__group.2942__X10101	c25f525ad0ddc6a946c37ec99b7f8bef	288	1
work/ext7/2-2s2-1s2-1__group.2489__X0001	e9387eb007bb01c3b1449ab3ac9f742d	192	2
work/ext7/4-2s2-2__group.6639__X01	ada62b41e1afd6176fcdbb4c06568de9	108	1
work/ext7/2-2s2-1s2-1__group.2533__X00011	9a391a9967aad19b62565ddacbdfac0d	384	2
work/ext7/4-1s2-2__group.5425__X11	4f5a32331a4781827cbc4643c7b32790	192	1
work/ext7/4-2s2-1__min.606__T	dcda90bbbe3e33f007de9558a671d99a	72	1
work/ext7/2-2s2-1s1s1__group.2372__X0001	9ab883f61ec2a0e1604b5c2bd1b69f7f	96	2
work/ext7/4-2s2-2__group.6776__T	ca83edf2c578b970225eeae4c286dd02	216	1
work/ext7/4-1ps2-2__group.4445__X010	56a872f120e26996856257783c1fd188	96	2
work/ext7/3s1s1s1__group.3834__T	1e424719b7295471c48166c27b686e7f	192	3
work/ext7/4-1s2-2__group.5473__X0110	0296409bf2658f19e7cab788a08f0d53	192	2
work/ext7/4-2s2-2__group.6954__X101	78366bc7383b32f37466a4ad6df61d49	432	1
work/ext7/2-1s2-1s1s1__group.1456__X0110	2beb202ea38ad483d8126127ababf171	64	3
work/ext7/4-2s2-2__group.6981__X10	06ec1fc3bfc69ba71bca9674769b86d5	72	1
work/ext7/2-2s2-2s2-1__group.3286__X101	c80af3a48e86610d0b57ec65002c957f	144	2
work/ext7/4-2s2-2__group.6753__C	40c906dc65b8173fa5b5b7c6e4b97289	432	1
work/ext7/2-2s2-1s2-1__group.2510__X1000	ba9397d03abd43a418805578e373309a	192	2
work/ext7/2-2s2-2s2-1__group.3360__C	ecf2a7cca029ff372f46abdf0e6ec811	576	1
work/ext7/4-2s2-1__group.6600__X010	20972b6860f049893b4088f5ff13a69b	96	1
work/ext7/4-1s2-2__min.533__C	fbf2cee25a8f96c19222de3ff1f666df	48	1
work/ext7/4-2s2-2__group.6960__T	628d523f56d9f4d227090e8b4e4987e0	432	1
work/ext7/4-1s2-2__group.5345__X001	30d84ea727ae649d018fd81a943220df	144	1
work/ext7/4-2s2-1__group.6324__X10	03b320b9e9897091e075c4f70fae5603	144	1
work/ext7/4-1s1s1__group.4722__X001	63addfe8ce3c4f4362ab516d16063089	32	4
work/ext7/4-2s2-1__group.6509__X10	ddea6688684db47cc18a3da65aadac4a	48	1
work/ext7/4-1s2-1__group.5036__T	aef16ecb7071dca892045fa2b0bca6f6	192	1
work/ext7/2-2c2-2s1s1__group.1644__C	487eb894d096664489359e4b0195e44e	24	4
work/ext7/4-1ps1s1__group.4408__X01	62f4f4c794eb13251afbddf84c119f9f	16	2
work/ext7/4-2ps2-1__group.5874__X01	68c21fc8e1cdc747889fcdc6122971ad	24	2
work/ext7/4-2s2-1__group.6622__X010	b489b458110c95d34fc6d24804cdd7e5	96	2
work/ext7/2-2s2-2s2-2__group.3632__X110	c2c0c2820fa0ec7a0a957bb96221d3f0	216	2
work/ext7/4-1s2-2__group.5813__X01	c75659d25b6e0cd02d6634a806463b26	96	1
work/ext7/2-2s2-2s2-2__group.3716__X1011	1b02e4d8d64360c7ecaf00435a125e49	432	1
work/ext7/2-2s2-2s2-2__group.3752__X001	a5ab8883978eff1aae601f6f11634208	72	2
work/ext7/2-2s2-1s2-1__group.2652__X101	4b290ab0a22b8d29b32d14b524e9235f	96	1
work/ext7/2-2s2-1s1c1__group.1938__X01	fe02ab85d12a408f1be6d0aec938f13d	24	2
work/ext7/4-3ps1s1__group.7103__T	b82593f30924c39f03ea6288d69f3add	20	2
work/ext7/4-1s1s1__group.4676__X011	b06bc5353580f0d8ab2e2a7cf17de8ee	192	2
work/ext7/4-2s2-2__group.6859__X100	5781cb8043bde148d0a94d2d7dfe54fe	432	1
work/ext7/4-2ps2-2__group.5902__T	2519bd7cfc7a3a680447a762ee4818ca	72	1
work/ext7/4-2s2-2__group.6662__X111	372ca1371b08adc08b3bede960730ce6	144	1
work/ext7/4-1s2-2__group.5522__X01	91b2b5fffa2b799a9b42ffc92e2da900	288	1
work/ext7/2-2s2-1c2-1__min.356__X11	ee30766c873e3a2e50634f53341c1060	24	1
work/ext7/4-2s2-2__group.6906__T	c5e635a45c178d875339c0435dde0ce5	432	1
work/ext7/3s2-1s1__group.4033__X01	5368e4749b56cf6c18784ab1c682f816	96	1
work/ext7/2-1s2-1s2-1__group.1533__X1000	b73c40c81ee6d7b66303b70c3115f1b0	128	1
work/ext7/2-2s2-2s2-1__group.3342__X0101	2fef7a471b173338dcf9571ac2e79f72	288	2
work/ext7/2-2s1s1s1s1__group.1879__C	bada88c2b28c38757649ca4da36c52bb	96	3
work/ext7/2-2s2-1s1c1__group.1993__X010	32f45d7741bb33b097464245e484bc52	48	3
work/ext7/2-2s2-2s2-1__group.3267__X011	b1ff1198855a3207a28e796a0163b635	144	1
work/ext7/4-2s2-1__group.6576__X01	e543a3b64eba95dbad1a13be69cee291	72	1
work/ext7/4-2s2-2__group.6720__X00100	951d9fa575754eddd35560407897d67b	1728	2
work/ext7/4-2s1c1__group.5992__X01	c95676ab8d9ba3169fbfd1fcc0de1db8	72	1
work/ext7/4-1s2-1__group.5110__X1101	d4d4449300eb9c9883d755a49b5d6c4e	256	1
work/ext7/2-2s2-2s2-1__group.3332__T	02d81f0dd5e0f53425a102b912025a6a	288	1
work/ext7/2-2s2-1c2-1__group.1908__X010	2466de2a58f819093837dd036d5b4f63	48	1
work/ext7/2-2s2-1s2-1__group.2463__X1010	fce5db7dfac91697094b8ee4b426e091	192	1
work/ext7/4-1s2-2__group.5680__X111	0027b6f85ca23e0a3ce3b216c8070890	48	1
work/ext7/2-2s2-1s2-1__group.2566__X101	6f167a62bfa02c2917e5c76d0614a623	48	2
work/ext7/2-2s2-2s1s1__group.2877__X1000	6e9036224593c2bfe525ee9598fe4899	144	3
work/ext7/4-1s1s1__group.4600__T	9034c0005d4a08549e181f6f781b693e	128	4
work/ext7/4-3s2-2__group.7311__T	394b94f307d499ee0b8fe1a8b26b725c	360	1
work/ext7/2-2s2-2s2-1__group.3393__X1001	bdb2719d5e8529624601cb2e919787a4	288	2
work/ext7/2-2s2-1s2-1__group.2525__X10001	64d186c7a1dbb0a89bc6c00536f586c2	192	4
work/ext7/2-2s2-2s2-2__group.3709__X0011	ce3f025547d35a459e53b09ba39e9ccf	432	1
work/ext7/2-1s2-1s1c1__group.1277__X011	e434431ca4cc790e2c54cb0efc72bd54	32	2
work/ext7/4-1s1c1__min.481__X11	14ee11704ec88fb180abbff58b93dddf	16	1
work/ext7/2-2s2-2s2-1__group.3471__T	e2c8a638a3013385092951218c6b8157	72	1
work/ext7/4-2s2-1__group.6549__X100	a7f272983ab260e9df652ddc00e1f16f	576	1
work/ext7/4-2s2-2__group.7076__X010	fe9d2b568acc3cbe01477217ee46525c	864	1
work/ext7/2-2s2-1s2-1__group.2571__X100	e1a0c315599e2717de7b7d72057e0651	48	1
work/ext7/4-2s2-2__group.6695__X110	ad640c9bb6b56170b67eb2879e56af52	144	1
work/ext7/2-2s2-2s2-1__group.3253__X010	6577b89e5a5a8725166c6c91c97de8a7	144	1
work/ext7/4-1s2-2__group.5608__X1011	7e323f8fe27cae99e6acefb900b65bbf	384	1
work/ext7/4-1s1s1__group.4778__X11	f6ad8eb1e5d28eaaf003cc8423f36154	384	3
work/ext7/2-2s2-2s2-1__group.3374__X1101	166affeb401cd43bc4eac66b7e1eb289	288	1
work/ext7/2-2s2-2s2-1__group.3227__X010	b5e1807553840e14bbb2beaefc18977a	144	1
work/ext7/4-1s2-2__group.5585__X110	7f9e65f2704e6c0c5ac73a1722fe093e	384	1
work/ext7/4-1s2-1__group.5142__X110	7c412e1674b8cd3695594042178bf1b4	384	2
work/ext7/2-1s2-1s2-1__group.1599__X1100	5321b8716aa565d02d073a5d705d58fa	64	2
work/ext7/2-1s1s1s1s1__group.1216__C	06ea577d750a35c757382dafe90c5c6d	64	5
work/ext7/4-3s2-2__min.648__X10	6d0d1d4d091e795a9ec21a3f0ea2b604	60	1
work/ext7/4-2s2-1__group.6452__X110	86c07646e14854854559dc2e6a5a94a3	288	1
work/ext7/4-2s2-1__group.6403__T	fdeabdea449af4468561a6dc8e6dede8	24	1
work/ext7/4-1s2-2__group.5504__X001	1c2a4ac396550761b0bdb2a259e33e7b	2304	1
work/ext7/2-2s2-2s2-1__group.3343__X0001	62d3afb5e73c8324dd26937ea822d3b2	288	1
work/ext7/2-2s2-1s2-1__group.2538__X10010	a592ac305a420d29b6bbff61074c721b	384	2
work/ext7/4-1s2-1__group.5187__X0111	466cf4059ac29987e5d3265d5d6c62d9	512	1
work/ext7/4-1s2-2__group.5505__X111	5c0a8654d0240a3f01818c966b2316dd	2304	1
work/ext7/4-2s2-2__group.6854__C	22535000e8a7be64b350094127da43c6	864	1
work/ext7/3s2-1s1__group.3981__X0101	9198cd23693aa04a1dcfdb4e71d8c490	384	2
work/ext7/4-1s1c1__group.4464__X010	d85345cf3960b7bcbe658dd6fc288b8a	128	1
work/ext7/4-1s2-2__group.5587__X011	02172d8c6262d6ce14374a6ce34380c8	384	1
work/ext7/4-2s1c1__min.573__C	592f4a7947db0a05e9995534c6a6b27b	72	2
work/ext7/2-2s2-1s2-1__group.2494__X0100	b54c24d6617182db9fc3d99e509e8839	192	1
work/ext7/3s3__group.4377__X01	cb12beda3233bcaa9a996f8a1ce05028	576	1
work/ext7/4-1s2-2__group.5477__X100	9f3c71692bb12e0d99a078e53a74e743	192	1
work/ext7/2-2s2-2s1s1__group.2982__C	4c45fdf52173ee9e529f28544f875b64	72	3
work/ext7/4-2s2-1__group.6451__X011	100190d216203be4c076e9e3f5a5981e	288	1
work/ext7/4-1s2-2__group.5592__X101	8a298152b5242bbdb35af0871f50c5d7	384	1
work/ext7/2-2s2-1s1c1__group.1980__X011	ebc57151385d00502f76710876be323e	48	3
work/ext7/2-2s2-1s1s1__group.2105__X100	1851834a977b2b693bb6638831ef31eb	48	2
work/ext7/4-2s1s1__group.6169__X1010	301637e8c09d10ae8ebb4bd3e8686d74	288	2
work/ext7/2-1s2-1s1c1__group.1298__X0001	4c99c89a07805f1d32f24a7da1fd2327	64	1
work/ext7/2-1s2-1s1s1__group.1347__X0101	af01dfbb7326e9ecd35a414cfa43c436	32	4
work/ext7/3s2-2s1__group.4191__X101	1e9bd5efea76640ba8e2071e1d369939	288	1
work/ext7/4-2s2-1__group.6438__X011	ab86664f2b8bd49064525c49296b4d16	288	1
work/ext7/4-1s2-1__group.5111__X1001	78de87fb08982dd0bb46142a0954d2a6	256	1
work/ext7/4-1s2-2__group.5622__X111	e4d33d878cd87611b5028d15b9b904cb	384	1
work/ext7/2-1s1s1s1s1__group.1216__X1100	f291470019d0a5a40c2b4b0088d57136	32	3
work/ext7/4-1s2-1__group.5042__C	55bdb6aa0879621eb5d89822ed0ccae8	384	1
work/ext7/2-1s2-1s2-1__group.1525__X0111	ae639b02ccacd8a285666cafa2e5edec	128	2
work/ext7/4-2s2-1__group.6382__X101	186ead444ab59162412f0bbbf1a9dd20	144	1
work/ext7/4-2s2-1__group.6563__X0011	d17fe5d0063792f0cac8fa27c9981036	576	1
work/ext7/2-2s2-2s1c1__group.2757__T	d67df31cfcd9738a38215aeaa01178a0	36	1
work/ext7/2-2c2-2s2-1__group.1664__X110	9fcb6834281ca53afb09c30137c87df4	48	1
work/ext7/2-2s2-2s2-1__group.3499__X11	7681070dab6b20940c0414010e254db6	72	1
work/ext7/2-2s2-2s1s1__group.2864__T	871ff77667356149e5568dbb94b19a67	144	2
work/ext7/4-2s2-2__group.6952__X100	0309fc8ab516a99de2d0838be53f3f87	432	2
work/ext7/6-1__group.7436__T	902702da3ef1627b1410b9feefccd555	192	1
work/ext7/4-2s2-1__group.6321__X0101	ea685b16463cfd09ce24107841e1e23b	1152	2
work/ext7/2-2s2-2s2-1__group.3185__X001	3ad81f55ceb6f402fd49f67b581dfc04	144	1
work/ext7/2-2s2-1s2-1__group.2542__X10011	2b7094e201e3038d4fac553976402f8f	384	2
work/ext7/4-1s2-1__group.5287__X011	9ce23285dde9796abc7bbb9b4e935020	768	1
work/ext7/2-1s2-1s2-1__group.1599__X1101	6e4ea8ecfeb79fe879cbef1ec7cfc002	64	2
work/ext7/3s2-2s1__group.4312__X01	2eeec467e8d8d64f7ea7466b8569f155	72	1
work/ext7/4-1s1c1__min.485__T	4f3b8e62010f415d23e1ac07c6ccee5f	32	2
work/ext7/2-2s2-1s2-1__group.2585__C	d1e9528659e91483cf49ba530a3e8cb5	192	1
work/ext7/2-2s2-1s1s1__group.2272__C	5d647d9eb7bb053fd92078e4269d2fa5	96	4
work/ext7/4-2s2-2__group.6823__X0011	d55a883a976f1a4519c508086f70286f	288	1
work/ext7/4-2s2-2__group.7035__T	8b2cd355a19ae90efe7e0f1c7bc64ddc	864	1
work/ext7/2-2s2-1s1s1__group.2268__X111	1c742b2bb99c385b5168c9152e59d369	48	2
work/ext7/2-2s2-1s2-1__min.393__X10	e9490d556448aef9e5722f527cb18693	48	1
work/ext7/4-1s2-1__group.5214__X0100	ab1244a458b73e4d914ee4dc3737cfd3	64	1
work/ext7/4-3s2-2__group.7290__X111	32b331a2dce408a1009cf691cc1a5beb	1440	1
work/ext7/2-2s2-2s2-1__group.3338__X0101	45852cf4655707f404e48c0176bf3f86	288	2
work/ext7/2-2s2-2s1s1__group.2832__X0110	a94d549beb5800fdc7d442d64e58fefb	144	4
work/ext7/4-1s1s1__group.4700__X0010	f233b0127e974f8a0e03013bd59b1810	256	3
work/ext7/2-1s2-1s2-1__group.1579__X011	2ec7f5517e1a37b3e8858c38d612de19	64	1
work/ext7/2-2s1c1c1s1__group.1720__X001	a27792990bb116c37cdd45cc2cff7811	24	2
work/ext7/4-2s2-2__group.6885__X001	c8e0eafe54b66f4b5629f7a7f24d7801	432	1
work/ext7/3s2-2s1__group.4154__T	22bcdc137334516e5c6a4631e6be12dc	24	2
work/ext7/2-2s2-2s2-1__group.3237__X100	fc387c5c56c910316cc4b788e09b22cb	144	1
work/ext7/2-2s2-2s2-2__group.3753__C	085412f18d6215f8679119099849f8ca	144	1
work/ext7/2-2s2-1s2-1__group.2659__X100	13ca4338ef9a8faa81ee050fd126a604	96	1
work/ext7/4-1s1c1__group.4475__T	cc45acc4e208822ecdaaa45db1047a80	16	2
work/ext7/6-1__group.7436__X11	6d2890153a23575badd4aca48e070215	192	1
work/ext7/4-1s1c1__group.4537__T	60b8973306b8b9df255d7e7aec9e3e99	48	2
work/ext7/4-1s2-1__group.5020__X010	9ae4f55443dfd41b3252313246cbcc31	1536	1
work/ext7/3s2-2s1__group.4260__X110	515eed83bd20ee42ef437698cfe2dce0	288	1
work/ext7/2-2s2-1s2-1__group.2513__X0111	6a4b10c64018ecfd55fe4ed6be80a063	192	4
work/ext7/2-2s2-2s2-2__group.3742__C	d6cbf89410e7f5b5f5cdf818ced1b567	144	1
work/ext7/2-2s2-2s2-2__group.3700__X1110	bad1160a9775a3ec346d6d0d03fb2f6a	432	1
work/ext7/4-1s2-2__group.5469__X00110	8ba3bf70b54b7471e0a3ba23aa03bdd7	192	4
work/ext7/4-1s2-1__group.4941__X010	ce547c2dd7345562c3f023f26635f954	128	2
work/ext7/4-1s1s1__group.4922__X10	da7416560b73c29c79e7221a0920704a	96	1
work/ext7/4-2s2-1__min.586__X10	30e5822716835c757971ea5849c52483	144	1
work/ext7/4-1s2-1__min.514__X011	1975bf4d60fc6edce4780c2243e5a44e	32	3
work/ext7/4-1s2-1__group.5013__C	4fc545674a6df4453f2e0659c9c23d97	3072	1
work/ext7/2-1s2-1s2-1__group.1568__X100	633cce3d2ed6b187076de1a128516add	64	1
work/ext7/4-2s2-2__group.6894__X100	218b7c11dbb9f5a4b6c959aa2dc470de	432	1
work/ext7/4-2s2-1__group.6456__X011	4cf5c5c221bcd4901302bdc6803bdca6	288	1
work/ext7/4-2s2-2__group.7006__X01	4e649310136904ea7a124f00d0570294	72	1
work/ext7/4-2s2-2__group.6839__T	1e4684e92755d3910e5a26ddf35553a7	36	1
work/ext7/2-1s1c1c1s1__group.1116__X1111	39bef0e39c795446d9fdcfe355fc4fec	32	2
work/ext7/4-1s1c1__min.487__X01	efa69c20755e83fa8b700c57a8e08750	8	4
work/ext7/2-2s2-2s2-2__group.3554__X01	8e5315183fbc33ec0b0fc1c9365dd2a6	108	2
work/ext7/2-2s2-1s2-1__group.2542__X01011	c516acca6a9f0b414452a6cd90e9815b	384	2
work/ext7/4-1s1s1__group.4788__X0101	78ed9ee53fd71c745ce9782b378b2a46	384	3
work/ext7/2-1s2-1s2-1__group.1542__X01001	cb330f09cb1f9f1bf9e7db07f6ee10ad	256	1
work/ext7/2-2s2-1s2-1__group.2671__X011	85e0caedfd4721cdfaa23897f939e8e3	96	1
work/ext7/4-1s1c1__group.4457__T	eaec7030f8cf9a5e565cd3c281a4c91c	128	2
work/ext7/2-2s2-2s2-1__min.422__C	84596528a5fefa196bb7f5dd1f116f93	72	1
work/ext7/4-1s2-2__group.5760__X0111	7f5f58dd59108be17184f186db977487	768	2
work/ext7/4-2s1s1__group.6030__X0110	4b8253c19782bbf44aff2bc32e5d8206	144	4
work/ext7/4-1s2-2__group.5470__X101	49cd49ff87c736e0897086480e4ece76	192	2
work/ext7/2-2s2-2s2-2__group.3606__X010	de1923b085fa07e43900da2527370f8e	216	1
work/ext7/2-2s2-1s2-1__group.2467__T	f37a47e6bcd375ed328290164ad36437	192	1
work/ext7/6-2__min.662__T	de7be0b68ce7788df03a735ae0c2422f	36	1
work/ext7/3s1s1s1__group.3845__C	8496b330fc2891f5e463785979209237	768	1
work/ext7/2-2s2-2s2-2__group.3575__X001	e3c815b2624495cc36e511c11c1f6d66	216	1
work/ext7/2-2s2-2s2-1__group.3474__X10	32e4944aa73ed87d47439bb286e3389b	72	1
work/ext7/4-1s2-2__group.5663__X101	a86b8cc2f6cefaa860d5472bc5cdc5f6	48	1
work/ext7/4-2s1s1__group.6013__C	9e6263bd2065179fa0c212341c3dad4d	288	3
work/ext7/4-1s1s1__group.4828__T	0ff81270eb98043f8d50bca751771d4d	64	2
work/ext7/4-2s2-2__group.6701__X1100	cf6d56d176c2ee3763e6092a43921ee5	144	4
work/ext7/4-1s2-2__group.5457__X001	e0ebf17e6097a15f44496cdac48f4be9	192	1
work/ext7/2-2s2-2s2-1__group.3372__X1011	8239e6b0af21612579aef77b78ae9ea3	288	1
work/ext7/2-2s2-1s2-1__group.2675__X010	bdac3f9a8d1da97817905f8f51b614b6	96	2
work/ext7/4-2s2-2__group.6962__X110	d3576d2082d24170af39c075f60cfd5e	432	1
work/ext7/1c1c1s1c1c1__group.1047__X10	938da4637d15dfb741e1ca0896c5d545	4	2
work/ext7/3s2-2s1__group.4056__X11	618211378e8495b17e28bccd9aa1521f	144	1
work/ext7/1c1c1c1s1c1__group.1045__C	b50f00c329989929f99626e1d5da6353	8	4
work/ext7/2-2s2-1s1s1__group.2126__X111	df3175de63aff5193298f7763173bc7b	48	2
work/ext7/2-2s2-1s2-1__group.2699__X1100	3afcca17a8ead659b9ef242a9af1a7db	96	1
work/ext7/4-1s1s1__group.4829__X0100	24bd42e92ce2145764db0c3be2c16db5	64	3
work/ext7/2-2s2-2s2-2__group.3524__C	3ab9f6c8a319f6274a1377fdbd2160f5	216	1
work/ext7/3s2-1s1__group.3906__X111	2307dc08e69cec42cfab8271969f793c	192	2
work/ext7/4-2s2-1__group.6388__X1010	483df28c6b09bd0a41ee87518ca08928	192	2
work/ext7/2-1s2-1s2-1__group.1598__C	4e8d0fddb6f0373a07faef80c1a622ec	128	1
work/ext7/5-1s1__group.7371__X10	9a6a7c2f4fa51cdd5d90093226f46193	3840	1
work/ext7/3s3__group.4351__X110	7950af9891b03b079685fb5444d17d05	1152	1
work/ext7/2-2c2-2s2-1__group.1665__C	e006395cd9ebcbad479aa0e5263d5f5f	96	1
work/ext7/2-2s2-2s2-1__group.3190__T	4f0c9187c004c1c74ea1cdce534490c1	144	1
work/ext7/4-1s2-2__group.5452__X010	ee442a38bf81aed6e33778ba9e0f899c	192	1
work/ext7/4-2s2-2__group.6807__T	e021455cd047fefc61683c308cc7613e	216	1
work/ext7/4-2s1c1__group.5990__T	654ebdb3d1aee073b5416893d8c01b89	72	1
work/ext7/4-1s2-2__group.5414__X1010	bb7836a541f7781bfd3409419ef1086d	192	1
work/ext7/4-1s2-2__group.5336__X10	bb49296e5139d27db9b5094a1cbf426f	1152	1
work/ext7/2-1s2-1s2-1__group.1583__X010	84f91289238ff8b7cd2938e1853ebcfd	64	2
work/ext7/2-2s2-2s2-2__group.3640__C	b80941761dc05b8267e2e73a3cfd340c	432	1
work/ext7/4-1s2-1__group.5183__X0010	fd95c5c9ecaf1c66ceb131556e159514	512	1
work/ext7/4-2s2-2__group.6822__X0100	f0518b6693362a686bb8603e4b2d276a	288	2
work/ext7/4-2s2-1__group.6355__T	081086ddb533a7bc1daca1b4d9eec846	144	1
work/ext7/4-3ps1s1__group.7115__C	fff7ee6e1a49f6936333f0f15d5f7c8d	80	1
work/ext7/4-1s2-1__group.5061__X001	125d13b3c904570eb0ba23f550a52404	256	1
work/ext7/4-2s2-1__group.6435__X101	73aad10e288567068990ab27039952d4	288	2
work/ext7/4-2s2-2__group.6702__X001	9aa2e40bd47db3b568275fdc7fc5557b	144	1
work/ext7/2-2s1s1s1s1__group.1868__X0011	068a779459025a2ce2640a89fc859b8a	48	12
work/ext7/3s2-1s1__group.3945__C	91fa45a255d6d63a21c003f0d8bd0790	384	2
work/ext7/4-1s2-2__group.5786__X100	0df028530c4e9bbbbb0fe2b947eb5b65	96	1
work/ext7/4-2s1s1__group.6307__X0010	5fd43fb1cc732bef017350e11c0d9cd1	96	1
work/ext7/4-2s2-1__group.6540__T	270028cf621cd88f7fe5658bf3fdf2d5	576	1
work/ext7/2-2s2-1s2-1__group.2573__T	083b84827da379e3bb3d1713610bbc7d	48	1
work/ext7/3s2-2s1__group.4304__X0101	510c9a72338f226ea50db814c9247724	576	1
work/ext7/4-2s1s1__group.6168__X0011	4727e56022ea7da7f8b71de9937a9391	288	1
work/ext7/4-2s1s1__group.6005__C	366b4a3b40995488a58cef0cb2f0d17a	2304	1
work/ext7/4-2s2-2__group.7056__X0011	38aac8fc5ed1719dd77773fbae55083f	864	1
work/ext7/3s2-1s1__group.3949__X001	abf5257c494016325c182c8a2eaf03f0	192	1
work/ext7/2-2s2-1s1s1__group.2395__X0001	770a41d1cd36a7e6bcd7975c3442bc04	96	3
work/ext7/2-1s2-1s2-1__group.1530__X0110	4e255969e64d0cdf8dd7c671d10d63cd	128	1
work/ext7/2-2s2-2s2-2__group.3633__X101	35817081246001406f3ea3bda2852996	216	2
work/ext7/4-2s1s1__group.6158__X100	e86999afa2e6fbebd672c617257639d9	288	2
work/ext7/4-1s1c1__group.4539__X10	add36375f42bf607a91226dc5a4ca911	48	2
work/ext7/2-2s2-1s1s1__group.2186__C	9aefc599343fa0930bacf42e8c069299	96	4
work/ext7/2-2s2-2s1s1__group.2890__X0011	95c2648ad2584411142ceb28d92fab9b	144	6
work/ext7/2-2s2-2s1s1__group.2825__X1000	a506e09edd9d91425547af5d95c74c58	144	2
work/ext7/2-2s2-1s1c1__group.1953__C	3b183e48143f5a829ddb75281eb9fe70	48	2
work/ext7/4-1s2-1__group.5050__X11	9551217d3f2f08adb03144ff408cc823	2304	1
work/ext7/3s2-1s1__group.3957__X111	cc4dcc8ae5c23d6cc1961909e0a2da4a	192	1
work/ext7/3s2-1s1__group.3884__X111	5cc7e65a92062e42a08001ba2a257584	192	2
work/ext7/2-2s2-1s1c1__group.1967__X011	b9741972917a205181a1a78b95bb48bf	48	4
work/ext7/2-2s2-2s2-2__group.3591__X001	c24b31ab47150c35b84751332e338fdf	216	2
work/ext7/4-2s2-1__min.585__C	c4ff67b367697c27b3d255a852bc81a9	24	1
work/ext7/2-1s2-1s2-1__group.1534__X0010	dec683008f26323a6157d950fea37d0c	128	6
work/ext7/4-1s2-1__group.4938__X111	bf097d7685345f5cd987529affbb4de6	128	1
work/ext7/2-1s2-1s1s1__group.1440__X0100	436e8a5f53cfabe724a62867ab1375b5	64	3
work/ext7/4-1ps2-1__group.4423__T	f90c96aa5329d870cd883fb3d4f05fc2	32	1
work/ext7/4-3ps2-2__group.7155__T	334cd5a224963b264df48061189b36fc	30	1
work/ext7/4-2s2-1__group.6567__T	700fba962d3b9cc5053062d72d6eac0b	576	1
work/ext7/3s3__group.4382__X11	77afb7a786f13e5090ba57d15e12a8ba	576	1
work/ext7/3s3__group.4348__X001	acb75848a501829fcae882599c1a20b9	1152	1
work/ext7/2-2s2-2s2-2__group.3726__C	f94c916a799d65529b57922f6afc5560	108	1
work/ext7/3s2-1s1__group.3977__X1011	24db6244dc4ff5302098da6a674ee79a	384	1
work/ext7/2-2s2-1s2-1__min.397__C	548d4e13bd6fd002f6f516ee1638f6e4	96	1
work/ext7/2-2s2-2s2-2__group.3717__T	5091ed22df373d102a3e5b6ff1c32a96	432	1
work/ext7/4-2s2-1__group.6408__T	06e372523e5b5db3cffa3d60d668d8b1	288	1
work/ext7/2-2s2-2s2-1__group.3499__C	8d315d362d2d1d87698c8a7fea5e7ef9	144	1
work/ext7/2-1c2-1s2-1__group.1099__T	eaf906448b0d9e84457f74709d4ba40e	32	1
work/ext7/4-1s2-1__group.5093__T	516489c2407e27f7f14c70f85b49e229	256	1
work/ext7/4-1s2-2__group.5811__X010	b84ff8d81866b420e0655813edfc05de	96	2
work/ext7/3s2-2s1__group.4175__C	a1478a67a0262e6e3231228ff49fc6d4	576	1
work/ext7/4-2s1s1__group.6037__X110	1643802ba8d5d43321fe473891342bd5	144	3
work/ext7/2-1s2-1s1c1__group.1292__T	adfc5165a6d71bee27e7ebf3eed2ec14	32	2
work/ext7/4-1s1s1__group.4734__C	0c429e439b826ab7ecbf3f92b4fe7f35	64	4
work/ext7/2-1s2-1s2-1__group.1567__X010	92eaabee0f23833ff4edba29cf5debf5	64	2
work/ext7/2-2s2-2s2-1__group.3375__X1100	fd3af11e6728a941d79b3138926d17bf	288	2
work/ext7/2-2s2-2s1s1__group.2893__X0110	9c9cfab8fa4f8afcae7cb3060c33ebe2	144	5
work/ext7/4-1s2-2__group.5628__X0100	57cb800a2444cdcb01815852ed799525	384	1
work/ext7/2-1s2-1s2-1__group.1531__X0010	99700fd939d2b9f239d651186be4112c	128	2
work/ext7/4-2s1s1__group.6033__X010	3b771b49df7484e1f342ab51f16e2be3	144	2
work/ext7/3s2-1s1__group.3928__X111	902162c0516c08ceb9b5f78cf792c6e0	192	2
work/ext7/2-2s2-1s1c1__group.2014__X1000	9d7da04c503bb86c3088a5d6a4e04732	96	2
work/ext7/4-2s2-1__group.6605__X110	de9f6e0b67fcfb5b93369d5fb3457b75	96	1
work/ext7/3s2-2s1__group.4192__X010	b37a3152ef13c89e7ae8cfa1c75ed060	288	3
work/ext7/4-1s2-2__group.5466__T	59c7518a06e34d63f237e6bb65f2e721	192	1
work/ext7/6-2__group.7512__X10	2bda002062f464d0eeb0c3d15cdebe2a	1296	1
work/ext7/4-1s2-2__group.5449__X110	b37ff6e7e5610ffe99a3592de70db9ec	192	1
work/ext7/4-2s2-2__group.6895__C	d39a8786eb6bf16dbb74d9e140d6a41f	864	1
work/ext7/4-2s2-2__group.6873__X011	cdbd2a636bc5df66e71f24188f6e1bf8	432	2
work/ext7/4-1s1c1__group.4513__X001	30b633ea0b4021ae7d86ac29fe2d42e4	32	1
work/ext7/4-3s2-2__group.7316__T	e69d505fc18ee8327e95b26f640d986c	360	1
work/ext7/2-2s1s1s1s1__group.1892__X01000	609ac7f845665c0295c05a25d1567fa4	96	2
work/ext7/2-2s1s1s1s1__group.1870__X0101	3de7196ac19c44a85a39e7de976b514a	48	3
work/ext7/2-2s2-1s2-1__group.2566__X011	b74686f1bb28fc6f7510b2a016f3aa81	48	1
work/ext7/4-2s2-2__group.6772__T	d91c20ea91e38bcb5ea723f745d79b39	216	1
work/ext7/4-3s1s1__group.7216__C	00516551cb0b0ad04c3f67ee3f8fd57a	80	4
work/ext7/2-2s2-1s2-1__group.2538__X00010	e5ed922e77c8719b982dac6454ad5195	384	1
work/ext7/4-1ps1c1__group.4403__X11	c1df249b31674f03c39514b9897c3369	16	1
work/ext7/4-2s2-2__group.6713__X1000	0b2b83bc6a618883fb1c5f6b5cab89a1	1728	1
work/ext7/4-2s2-1__group.6485__X011	8ceec1a6dbe313b4b1b859a0b7186922	288	1
work/ext7/2-2s2-1s1s1__group.2047__C	c6f8b4c92e51ded119bcd01bf9ad7e87	384	1
work/ext7/4-1s2-1__group.5176__C	5d50e83a11c4970a0ac7ffd5541212a8	1024	1
work/ext7/4-1s2-2__group.5730__X011	eb15617a136857ca087640be53cb5bb4	6912	1
work/ext7/2-2s2-1s1c1__group.2004__X001	358162c6180e42d411f8f3e38a3777b2	48	1
work/ext7/4-2s2-2__group.7073__X0001	ca87e0f2a61ba1266f2f8c776e00a90c	864	1
work/ext7/4-1s2-2__group.5401__X10	844224747e49fae8cfba7cec4bd5d596	192	1
work/ext7/4-1s1s1__group.4884__X110	d8a1ecc63154f37377e38c4f641f2969	64	3
work/ext7/4-2s2-2__group.6747__C	484fae140809c91cdcf27e45d8636cf2	432	1
work/ext7/4-2s2-1__group.6387__C	a59d9ad48224c46fb4d1a9d7583875fd	288	1
work/ext7/2-2s2-1s1s1__group.2040__X11101	abd1d77e0978df8ac3ba8b545309ff50	192	1
work/ext7/4-2s2-1__group.6608__X111	49dbb9f48d251667ad9c60947361bbe9	96	1
work/ext7/4-1s2-1__group.4956__X1100	cc41d00af0a9ca13a96d241a518a3e01	128	1
work/ext7/2-2s2-2s1s1__group.2987__C	c6c77b6ef7e91d3973253c0f694acc1f	72	2
work/ext7/4-2s2-2__group.7042__C	d797dcd4ce08aacf0ac2743c99142c01	1728	1
work/ext7/4-1s2-1__group.4968__X00001	d50a77712ae3d0a6ff92b2c628b747a8	128	3
work/ext7/4-1s1s1__group.4644__C	dab808ee710dcb82fcb388d3b785f258	256	5
work/ext7/2-2s2-2s2-1__group.3370__X1100	6e897e4d3bd04d09495301741b022503	288	1
work/ext7/4-2s2-1__group.6467__X010	44a2034f605cbf1b10d1acf9b2264ae9	288	1
work/ext7/2-2s2-2s2-2__group.3680__C	a6c6dce7f5e0229c7056ec44ee140fde	864	1
work/ext7/4-1s2-2__group.5363__X010	6a199ce3f9d2d6de9223fc1750c767e4	144	2
work/ext7/4-2s2-2__group.6904__C	5575f10c56293781b3d8b6d1072a8ecb	864	1
work/ext7/2-2s2-2s1c1__group.2768__C	8806d96a27bcdafc87a3891d27835476	72	2
work/ext7/4-1s2-1__group.5183__X0110	a7b882fd3681cc5ec0ab26c0c0e4b6cc	512	1
work/ext7/3s2-1s1__group.3934__X011	cc494b648be61927979838f4fc31812d	192	2
work/ext7/2-2s2-2s2-1__group.3377__X0110	1d00dd7c05b99e8b6c2ba7e39b1782b1	288	1
work/ext7/2-2s2-1s2-1__group.2532__X11000	7d4b614211be5661fe0b8e78a6b06e4b	384	2
work/ext7/4-2s2-2__group.6692__T	622e33d8927e410f5733d5ab6aed06ed	144	1
work/ext7/2-2s2-2s2-1__group.3232__X001	cd43270958406d677ef98364f65ee501	144	2
work/ext7/2-1s1c1c1c1__group.1102__X010	de2b833357f92752581405d5dc26ae30	16	1
work/ext7/4-2s2-1__group.6600__X011	52931a1d5a259d09de4cbd970d648ba3	96	1
work/ext7/2-2s2-1s2-1__group.2695__C	49f5a18ef86d0783068a1c31f23b36a9	192	1
work/ext7/4-2s1c1__group.5942__X10	dea4dfdc57a695fef4029b8a2f95aef4	24	2
work/ext7/4-3s2-1__group.7271__X111	fb27ecc6ca45c82079bd53440f9bfb0e	960	1
work/ext7/4-2s2-1__group.6401__X0111	a09f14bf4006b52ed01b358234be2afc	192	1
work/ext7/4-3ps2-2__group.7145__X001	cdb7b997203ed56a92d42b4ec955d7c4	120	1
work/ext7/1c1s1c1s1s1__group.1056__X1111	9db7224480775b6e71c22e79b1d2be7c	16	2
work/ext7/2-2s2-1s2-1__group.2473__X0011	501c10d7ddc8d09e500dcfeb78317978	192	2
work/ext7/4-1s2-1__group.5246__X010	78d949444fe9d515fad979eeab20d97b	64	1
work/ext7/2-1s2-1s2-1__group.1588__X100	a2c0e3caf8e7ea47784b18af59ea159d	64	2
work/ext7/3c3__group.3771__X01	5d585467c23e1ecf7904f6a844853a6d	24	1
work/ext7/2-1s2-1s1s1__group.1442__X0100	399fbd7962d0766fbb4fce480aa0168d	64	3
work/ext7/2-2s2-2s1s1__group.2921__X101	538dd71cea0f0f946e974333e2b5312e	24	2
work/ext7/2-2s2-2s1c1__group.2794__X100	0bd02f5e3b9097d0fae47337cbd99566	72	1
work/ext7/4-3s2-1__group.7238__X101	e124017cc846f1b3406be0d820e98af1	160	1
work/ext7/2-2s2-2s1c1__group.2718__C	49bf6bbf766a94469e7f59ab45042954	36	3
work/ext7/2-2s2-1s1s1__group.2180__X101	dee044917bacf10bed852e3e139386d1	48	3
work/ext7/2-2s2-2s2-1__group.3269__T	2d69224e896de49d274aa5de252c7ae7	144	1
work/ext7/2-1s2-1s1s1__group.1320__X11101	8d866ad0812aca7a8bfaa09cde238024	128	4
work/ext7/4-1s2-2__group.5731__X010	0e977234ceab4b285f9325ead5621d72	6912	1
work/ext7/3s1s1s1__group.3869__X100	c0436f1336b2c8a99fc8c65cd0672913	96	2
work/ext7/4-2ps1c1__group.5855__X01	63fef0869e45b42d2fd863bc791a0d2f	24	1
work/ext7/4-3s2-2__group.7291__X100	dc5d5c424d7b93bc300f18978cac40c6	1440	1
work/ext7/4-2s2-1__group.6354__X001	3b0602c6cc48ee2372c4c3c17492d2d1	144	1
work/ext7/2-2s1c1s1c1__group.1727__C	11956c4b0319d62d1e5a27d8bc528193	24	4
work/ext7/4-1s1c1__group.4476__X10	0eb95b107fbc612a23d427a54c129d7c	16	2
work/ext7/2-2s2-1s2-1__group.2667__C	d32abae22c8a48fd06117a7dc2931123	192	1
work/ext7/4-1s2-2__group.5830__C	774e8e7b46dc1867838f2525ec1c6d35	192	1
work/ext7/4-1s1c1__group.4503__T	dc38b9e211e03b74a18c428741888e12	32	2
work/ext7/2-2s2-1s1s1__group.2243__T	1b1dd46c590729cfe9568347bf8ed8b1	48	3
work/ext7/4-1s2-2__group.5705__T	a0f955d09f4e26013432f9f883c4b893	576	1
work/ext7/2-2s2-2s2-2__group.3757__T	0f820a37f311d5a8e62e510421e2eb62	72	1
work/ext7/2-2s2-1s2-1__group.2572__X001	2c2ce029160b005fb777cef2ea7cbb09	48	2
work/ext7/2-2s2-2s2-1__group.3307__X10	f0463bdd7f605f9bb64b943f4c726251	24	2
work/ext7/2-1s1c1c1s1__group.1112__T	65699f9fd455892cb424706d839e8536	16	3
work/ext7/4-1ps2-2__group.4432__X11	d99a85fe064bf1b56f2650fb0495be0f	48	1
work/ext7/4-1s1c1__group.4510__X111	ae328ff7fc8a8679626edbc50262ee13	32	3
work/ext7/2-2s2-1s1s1__group.2330__X0110	7095d74a4508ba4c1b7cf11b4497749e	96	2
work/ext7/4-2s2-2__group.6771__C	f0764554d137c90cfa36d83fb725ecea	432	1
work/ext7/4-1s2-2__group.5647__T	7c7f0015e3e166f499f1de134292a0f2	48	1
work/ext7/2-2s2-2s2-2__group.3669__X10	413ea42bfc9e9744e9a63ab8e42ac0d6	36	1
work/ext7/4-2s2-2__group.7037__X101	850b773dd9025d4ada80897ce429ab54	864	2
work/ext7/4-2s1c1__group.5965__T	7ed783e0b9f5e67c644dfcf131c3808e	48	2
work/ext7/2-2s2-1s2-1__group.2659__X111	2d3d267d1dc295f63ae266ae393c525c	96	1
work/ext7/4-2s2-2__group.6712__X1000	6fb3345ff6d75043a60450b4bbf368e9	1728	2
work/ext7/2-2s2-2s2-2__group.3714__X1010	9ec73bc67a57db8962a4a8da1fe5415b	432	1
work/ext7/3s2-2s1__group.4079__T	f60c9826def497ceaacbf9137571b2ec	144	2
work/ext7/5-1s1__group.7344__T	6bbd3623e41bc2af7468421ccdc3a699	160	2
work/ext7/4-1s2-2__group.5499__X0100	bad5ab6bce2d6aa170cb70bdb9be4b83	2304	1
work/ext7/2-1s2-1s1s1__group.1370__X001	8e12a4afd643d3941969c6bbdfc7e7ce	32	4
work/ext7/6-1__group.7469__T	1924d29aaca1a417bf03c21cd4749c55	384	1
work/ext7/4-1s2-1__group.5124__C	ccf244eccb7b7567d4230c1b7fbf6d8d	64	1
work/ext7/2-2s2-2s2-1__group.3328__X0100	1881c02165aa91994506f0abb23fd0cb	288	2
work/ext7/4-1s2-2__group.5727__C	95ea7f83e746dbf1ce0b47ff5082d2f3	1152	1
work/ext7/4-2s2-1__group.6418__C	6f9437a4a89f4a0708d41e28e0f1aba5	576	1
work/ext7/4-1s1c1__group.4486__X11	65ee99fea3d24deda69d6466f21a2d07	192	2
work/ext7/4-1s2-2__group.5848__X001	19e5714b380541df642c0d2c5336cfc9	96	1
work/ext7/2-2s2-2s2-2__group.3663__X01	d0cd5b41ce2dce1a29effa8953fe6c8c	36	1
work/ext7/4-2s2-2__group.6678__X010	8be621227babbefaccfcfc5eb2237604	144	2
work/ext7/2-2s2-2s2-1__group.3440__X10	3da96843811440683c7428ae9fe23fd2	72	1
work/ext7/2-2s2-1s2-1__group.2525__X00011	add0223d7369b7cc0d1a1154eb4c9b76	192	8
work/ext7/2-2s2-2s2-2__group.3656__X10	b30673967e8fe4d4d6815bac6c55da26	36	1
work/ext7/4-2s2-2__group.6930__C	e4f22fcec29746b33da5e642096806fd	864	1
work/ext7/2-2s2-2s1s1__group.2919__T	f1e60c67c59ced16268afe2e9fb5d980	24	3
work/ext7/4-1s2-2__group.5671__X100	649759e7df295cc9b2d1d1920b5b0dfb	48	1
work/ext7/4-2s1s1__group.6045__X101	792ed94bc81654a7a087d0bd232abc0d	144	3
work/ext7/4-2s2-2__group.6769__X001	5d0f1576a2cafefc064483dff8697266	216	1
work/ext7/2-2s2-1s1s1__group.2337__X0110	5dd41dd40b8bd73640802613207b3570	96	3
work/ext7/4-1s2-1__group.5114__C	cd89a704bff3b7ed043c05e0590507fb	576	1
work/ext7/4-2s1s1__group.6296__X1101	33be889d0990db02b56b9580f7f87eac	96	8
work/ext7/2-2s2-2s2-1__group.3373__X1000	7176f6431bd798efb391bd15c2a4418d	288	1
work/ext7/2-2s2-2s2-1__group.3386__X0110	468341d39c859039bca416a7777bdf67	288	2
work/ext7/2-2s1s1s1s1__group.1862__C	16dd185c9439e86f91781e9194376059	96	6
work/ext7/2-2s2-2s2-1__group.3319__X0111	2cd108a8d34219571c121daa7c44b6e1	288	1
work/ext7/6-2__group.7560__X01	bc8d469c1db24ebfedc458a4e7d2d421	324	1
work/ext7/2-2s2-2s2-1__group.3260__X110	2d2dca2d6f2e6af1a76ee741b9f0f34b	144	1
work/ext7/4-1s2-1__group.5097__X0011	f3e5d549f6e4425d5932fb4358e5349f	256	2
work/ext7/4-2s2-1__group.6322__X0100	d82c26ef7fb92a6c73e17029db18a9ca	1152	2
work/ext7/2-2s2-2s2-2__group.3683__X0110	caf4f8cab0239413dd4abc6b8b8cdee1	432	4
work/ext7/4-1s2-2__group.5842__C	fbfd1c5ccb8725d3edf1c7c711c89489	192	1
work/ext7/4-2s2-2__group.6949__C	320fb67b65832e27935513d1ffaa6229	864	1
work/ext7/4-2ps2-2__group.5900__X10	6a0554dd3765661e657107b977192688	72	1
work/ext7/4-1s2-1__group.4958__C	58df184fade557261fd81a01c6d959d4	256	1
work/ext7/4-3s2-1__group.7237__X111	640087b1a7f04200a4f6c651b8d26b02	160	1
work/ext7/4-2s2-2__group.7065__X0100	e6d79b2b7753870ad5c861b3eb911dbc	864	2
work/ext7/3s2-1s1__group.3977__X0001	9687d18ed7d8f8eeececbad6955dde74	384	1
work/ext7/4-1s2-2__group.5449__X101	e6db088b331d4e6cdbec73f6dcac1052	192	1
work/ext7/3s1c1s1__group.3823__X011	04ec4e4df5c26d121541b4051d187004	96	3
work/ext7/2-2s2-1s1s1__group.2032__X10011	690a802052e05b1b6a453de471ea9945	192	4
work/ext7/2-2s1s1s1s1__group.1858__X0101	73b90a3dc2debfda066b50138bf26410	48	4
work/ext7/2-2s2-2s2-1__group.3339__X1000	2907f32fa3bd0e433236df6c3279d9ad	288	1
work/ext7/4-2s2-1__group.6565__X0111	26c423ed78412135086e7ce9aceb4557	576	2
work/ext7/4-2s2-2__group.6993__X001	c5418f4b8e0483749d9fe240f1d5e91e	72	1
work/ext7/4-2ps2-2__group.5904__C	b8270a65f0c8ba5d05fe76c19b8c964f	144	1
work/ext7/2-2s2-2s2-1__group.3311__X01	257f8134c84b5ef041776aff7f07561a	24	1
work/ext7/4-2s2-2__group.6989__X01	11d4a8ad2a4038c8eedc463d3fac24f2	72	1
work/ext7/4-3s2-2__group.7302__X010	a26b503a715b8d305fb2b828e956937e	240	1
work/ext7/4-1s2-2__group.5661__C	b215f64f5ab5f4a91488d09df5af6a27	96	1
work/ext7/4-2s2-1__group.6443__X001	dcb9d37044aed2f96dab44f2bf2faecf	288	1
work/ext7/2-2s2-2s2-1__group.3236__X001	b3226a67b02c3bc59e37e74526fbc1bf	144	1
work/ext7/4-1s2-2__group.5640__X0001	32084a50cc41195d943eff960c76f3bb	432	1
work/ext7/2-2s2-1s1c1__group.2014__X1101	98ab2ac4958d7f2be080ac037035a935	96	3
work/ext7/4-3s2-2__min.645__C	d1a23fc731211e0806e045e8948dc5be	360	1
work/ext7/2-2s2-2s2-1__group.3306__X01000	7e633fce1d549476c87b40d179c9bc64	192	1
work/ext7/4-1s1c1__group.4552__X11	331be0fada87052efc607e1ab562457c	64	2
work/ext7/2-2s2-1s2-1__group.2616__X100	db455a265f33005cc30d5051e672a41a	96	1
work/ext7/4-2s1s1__group.6222__X0111	bdc94cae55025ad65d35fdb0b2ff0a98	576	2
work/ext7/2-1s2-1s1s1__group.1314__X01011	db1bb6a20576177a8c17503cc0d4e4bc	128	6
work/ext7/4-2s2-1__group.6487__X101	e97f8b601098e25df1ce2cb63b0b07eb	288	1
work/ext7/4-2s2-1__group.6394__X1100	237fabaf9778dbf4d5cf5e1a20be3192	192	2
work/ext7/2-2s2-1s1c1__group.2017__T	e74e9dcc7871e9a0e0bc7df62f91423e	96	2
work/ext7/4-1s2-2__group.5607__X0011	9176a188a7d1a233101661da82034f2d	384	2
work/ext7/2-1s2-1s1s1__group.1326__X101	249cb258eba378564fa6b2218d3c0cb4	16	2
work/ext7/2-2s2-2s2-1__group.3439__C	dc46aeec27bd9e967dfe4bba801e7b34	1152	1
work/ext7/2-1s1c1s1c1__group.1126__X010	e77cbb0b9658cb2e4782a9abd7915e94	16	2
work/ext7/4-2s1c1__group.5924__C	0db26c9c4e2d2a1f43153cc6b0a32975	288	2
work/ext7/4-2s2-1__group.6569__X0101	1ddb0e22aa7b124f2d56f4fde3ca6f69	576	1
work/ext7/4-1s2-1__group.4977__T	7b707d9c61f48c267a0cc73b5395afc8	128	1
work/ext7/3s2-2s1__group.4062__X01	06b994124be3e52e9b603c53965c0f6c	144	2
work/ext7/2-2s2-2s2-1__group.3338__X0011	abeed182dcf3c039b3c33b1996877227	288	2
work/ext7/3s2-2s1__group.4230__X101	6046c3a430c6d6de4c9db94ab85dc084	288	1
work/ext7/2-1s1c1s1s1__group.1176__C	0fe5e96106de2add82f7967e1d4bb697	64	5
work/ext7/4-2s1s1__group.6047__T	67536f9bf8bbc99cc3925dd82621df06	144	2
work/ext7/2-2s2-2s2-2__group.3636__X101	c207857a400583abfb2ebc42f995c13d	216	1
work/ext7/2-2s2-1s1c1__group.1975__C	2ab09507a2db1b93d34971e52f299ba5	96	2
work/ext7/2-2s2-2s2-2__group.3593__X100	a076e4fa0edf2726f940736df31e32bc	216	1
work/ext7/4-2s2-2__group.6811__X01	8cf59bfde701d19a228ebdcc8af33c2c	24	1
work/ext7/2-2s2-1s1s1__group.2032__X11011	7db97a8d292835f7d2581b00f0e48cc9	192	2
work/ext7/2-2s2-2s2-1__group.3295__X111	8f8d7d077d56ffce2fe97a44c3a51114	144	1
work/ext7/4-1s2-1__group.5099__X1010	aec30b783ac85b87578fa49c6a41d421	256	2
work/ext7/4-1s1c1__group.4525__X110	fbfc0421a5228a2282ebafaf9707cc54	384	3
work/ext7/2-2s2-2s2-1__group.3176__X100	26c203eac850e93785332835ff413009	144	1
work/ext7/4-1s1s1__group.4646__C	5e914653b2655117827099cc973c19d1	288	3
work/ext7/4-1s2-1__group.5010__X1000	f28874448c3828fa2685893e92eca08c	128	1
work/ext7/3s2-2s1__group.4178__X001	d50eeff5a6b697060f47b5671b94348c	288	1
work/ext7/4-1s1s1__group.4621__X1010	ec6e41ddc8fce9b699fd62605f016b00	128	5
work/ext7/2-2s2-1s2-1__group.2483__X1000	86834ca989a6c7794600e2cc439cdc1f	192	1
work/ext7/4-3ps2-2__group.7159__X10	f92cb9bf5c89212f016ce8cc62b5d7f5	60	1
work/ext7/2-2s1c1s1s1__group.1797__X1001	1fbb30fe0d776c62030669769419a30c	48	3
work/ext7/2-2s2-1s2-1__group.2530__X11010	ea05ae8c34de917c5afac0358ca4fd32	384	1
work/ext7/2-1s2-1s2-1__group.1558__X011	c776998483b28d4c71f18bf699e1757e	32	1
work/ext7/4-2s1c1__group.5935__X010	4ab3bb7fa4b4ff080b4c8ec7dd9b2202	144	2
work/ext7/2-2s2-2s1s1__group.2835__X0110	ba1b5dc83bd988f9358a71501922e91f	144	5
work/ext7/4-1s2-1__group.5096__X0110	146f5b95303beddae1e24a843d04fe30	256	2
work/ext7/4-1s2-1__group.5198__X10	832dc7c5f37eb943cdb53d79ef8df5f1	64	1
work/ext7/4-1s1s1__group.4647__X0111	a9db87472d827915826c6a9d25f4b1bf	1536	3
work/ext7/6-4p__group.7636__X11	2f74b99d44c4ecb6850257e582ff4420	120	1
work/ext7/4-2s2-2__group.7019__X10	c468cf146c9bd7c38707ae46252c54d1	72	1
work/ext7/4-2s1s1__group.6236__X0111	31902094e5696018635f92841911e45a	576	1
work/ext7/2-2s2-2s2-1__group.3499__T	21b60479a83c3b1ad11f0e99037dd26c	72	1
work/ext7/4-3s1s1__group.7224__C	1cda3b8edcd87e265c576ac5de68d93c	960	2
work/ext7/4-1s1s1__group.4630__X1110	bf2d339fe946d0563fb7dd8940a18050	128	2
work/ext7/4-1s2-1__group.4966__X011	3c1cb0270cabce82c7d85ac55b9e9254	128	1
work/ext7/4-2s1s1__group.6214__C	2ae0fe7093b47a469942d38ca5ae8dac	96	5
work/ext7/4-1s2-2__group.5576__X011	732c71ad98083ee0a0e4c7aa1d1daa7a	384	2
work/ext7/4-2s2-2__group.7077__X1000	29d1c358c910dc6adaaf4a3dff6d4df8	864	1
work/ext7/2-2s2-2s1c1__group.2786__X001	32fb9205c328af36488b844f4df6cfdc	72	1
work/ext7/4-1s2-1__group.5137__X11	e49769f23863cf68230dd3cef8743982	32	1
work/ext7/4-1s2-1__group.5075__X011	e24c421c8f83fd4a458f61fdbd068e98	256	1
work/ext7/4-2s1s1__group.6299__X1000	7fe933e43e7b4b479347005d0fa30e59	96	3
work/ext7/2-2s1c1s1s1__group.1805__C	1355e2d6f963d2abb85a81085170d1bd	192	5
work/ext7/2-2s2-1s2-1__group.2486__X0010	6b7800ffa905e8ff7f579cb353c9a30d	192	1
work/ext7/4-2s2-1__group.6622__X001	f908b9fc3c31d9eb704883dc7f23bb45	96	1
work/ext7/2-2s2-1s2-1__group.2503__X1011	273ae881ebc909a433da0659ff2b218a	192	2
work/ext7/4-3s2-2__group.7279__T	d0f149386d9d0d92b6328ceab63bf710	120	1
work/ext7/2-2s2-1s2-1__group.2687__X0110	44ab56d9b423b5c6a280b139b8822820	96	2
work/ext7/2-2s1c1c1c1__group.1697__X1	0d5b3902e145eddb0d2b1b8f48eb6655	6	1
work/ext7/4-1s2-1__group.5236__C	a1b572ad19eed89ac4aa2d3e85e2f93c	128	1
work/ext7/2-2s2-2s2-2__group.3541__T	df7c185bf4921e7fc7e4bcec752c02f5	108	1
work/ext7/2-2s2-1s2-1__group.2662__X101	7fe4e22e2cfd7ee20b720affb2d7b7c0	96	1
work/ext7/4-1s2-2__group.5394__C	2afc147d3767cd82b24d830e8c85af44	384	1
work/ext7/4-2s2-2__group.6637__T	fbea60182f082caf01aaf493e0280841	108	1
work/ext7/4-1s2-2__group.5306__X111	f774cb37b30093d43e3901a6dd2e5906	1152	1
work/ext7/4-1s2-1__group.4940__X01001	d64e5c14576c8c2ee4d6b77cb3d8be40	128	6
work/ext7/4-2s1c1__group.5952__X100	6507dccc7629e36d42474cf5b49ce3e3	288	1
work/ext7/4-2s2-1__group.6313__T	e551a7a65dae85899e14c1197e0634ab	1152	1
work/ext7/2-2s2-1s2-1__group.2465__X0111	866a1a37fc40a0242f168c4dbbdabb9a	192	2
work/ext7/4-1s2-2__group.5815__X0001	05fd46592f1b64030d69e70c102d0935	96	2
work/ext7/2-2s2-2s2-1__group.3326__X0100	5b16c99c93d126179b591c5ac4b565b5	288	2
work/ext7/4-2s2-2__group.6655__X111	eb1741cfc2679070dbcf5fecdb29ab1e	144	1
work/ext7/3s2-2s1__group.4253__X111	54e899daab70d0a6ff3114ed800300b0	288	1
work/ext7/4-1s2-2__min.530__T	fc518ca47d9690b4c030cecf83cc6e42	24	1
work/ext7/2-2s2-1s2-1__group.2444__X1100	aad6601a9e5a16973a35d85ee03c2509	192	1
work/ext7/4-1s2-2__min.532__C	cdb90aa1da3a6bd942d8f6078d81d6f3	48	1
work/ext7/2-1c2-1s1s1__group.1092__C	053e4ed3b1658c9ca61f8959deabe6f6	32	2
work/ext7/2-2s2-2s2-2__group.3732__X010	ef3e2e89aa9244012efbabd45471dd2f	72	4
work/ext7/4-2s2-2__group.6874__X001	022afbbf4fec94f19b5f179aedf8e7ff	432	1
work/ext7/2-2s2-2s1c1__group.2748__X01	491a7a36b2ad3795990e2b8443a033ff	36	2
work/ext7/4-1s2-1__group.4947__X100	57dabc4ec819a5f21de77ad1be89e1d4	128	1
work/ext7/2-2s2-2s2-2__group.3730__X001	86cf10fbe41a5246f20cc9dc6b315968	72	2
work/ext7/2-2s2-1s2-1__group.2604__X010	5e0cde0b70a8ce0a264670b9b45a3c30	96	1
work/ext7/4-2s2-2__group.7039__X1001	6d8685cd28754efbaaeb550e191a37fd	864	2
work/ext7/2-2s2-2s1s1__group.3148__X100	72bd5644a90e30da3b39c4c99c0a3a8c	72	4
work/ext7/4-2s1c1__group.5990__X100	416c1554cd289c5552a66cbea3ebb913	72	3
work/ext7/2-2s2-1s1s1__group.2199__X001	c24f84aa25803473fbb1da1d91aa5559	48	2
work/ext7/4-2s2-2__group.6662__X001	2c9bf0961ab476c6655c84eb1f107094	144	1
work/ext7/2-2s2-2s2-1__group.3182__C	a135c40d002cc674c9f275232922d1ae	288	1
work/ext7/2-2s2-2s2-1__group.3247__X011	f4a58ff67673eedd2f6fcb27de0843ef	144	1
work/ext7/2-2s2-2s2-1__group.3364__C	faad82a1d8c27e9a081ee469d9a8bb7c	576	1
work/ext7/2-2s2-2s1c1__group.2736__C	ab5c0a20644a57289790c07ab382ad26	72	2
work/ext7/4-1s2-2__group.5781__X110	af22f2cb415b829921c37ed51b4d9b23	96	2
work/ext7/4-2s1c1__group.5911__T	06e3bcdffa63089965153703adaa4ab7	144	2
work/ext7/4-1s2-2__group.5466__C	5ba79abe5dfb06261f8e5445236d1b2c	384	1
work/ext7/2-2s2-1s1c1__group.1984__C	1de9655d77aaa7c92739f8885c450e73	96	2
work/ext7/4-1s1s1__group.4732__C	a85e953b5b9f283b2a760e61af317e39	64	11
work/ext7/6-3__group.7631__C	e7ceb7bb3c9b19fd3f476078a0ab7e07	10080	1
work/ext7/4-1s1s1__group.4678__X0111	da972d62d231fc71141b0214e6cac85f	192	3
work/ext7/4-2s2-2__group.6967__X001	ac52b274ab87e4806963f47a7e855e52	48	2
work/ext7/4-1s2-1__group.5181__X0001	eb6b012c68b526a54437c37e120728f7	512	2
work/ext7/2-2s1c1s1s1__min.325__T	c056c818b39082acf1be2e3860968e6e	12	5
work/ext7/2-2s2-1s2-1__group.2508__X1010	86f44b1dec2a3e1dbd5c6d22e7413cab	192	2
work/ext7/4-3s2-1__group.7252__X01	126f98f65e96a4a896d23c990dbe35ee	480	1
work/ext7/4-1s2-2__group.5505__X110	83fbb50fb72ff338216fa83e2a2e3cd6	2304	1
work/ext7/6-1__group.7452__T	c09a6e486a881272f9f8807d94d483c0	2304	1
work/ext7/2-1s2-1s2-1__group.1531__X0001	716bb97ef7ecdf42026fd98533dae9cc	128	2
work/ext7/2-2s2-1s1s1__group.2032__X01100	f9a35f49bc8fedae7ef41803e9d1ec8c	192	3
work/ext7/2-2s2-2s2-1__group.3254__X001	ab7eb43fbcc819d8f5214e2eeb8a582a	144	1
work/ext7/2-2pc2-2ps2-1__group.1622__X101	7ea288c79fb6db4d4eaf134688bce8a7	48	2
work/ext7/2-2s2-2s1s1__group.3071__X111	86faff9ca4a50a7059825ad6c268c262	72	2
work/ext7/2-1s2-1s2-1__group.1581__X001	129099cecce9de8fdbd69db9554d1b95	64	2
work/ext7/4-1s2-2__group.5836__X0001	c2e68c2c9c402897e0b37335324e5c7d	96	2
work/ext7/2-2s2-2s2-2__group.3555__X0010	4fbd9d52885d58603f56a19f02c1194a	144	1
work/ext7/2-2s2-2s2-2__group.3554__T	15ce98a8db8ea1d0884c21562434873a	108	1
work/ext7/2-2s2-1s1s1__group.2228__C	0a40b75f00186ffdfd18695cf135054b	96	3
work/ext7/4-2ps2-2__group.5891__X011	7f9de806a7deeaa2ab4c5c3af826a434	144	2
work/ext7/4-2s2-2__group.7014__X001	e534872e8a55b710aaeee2f19b43e2ea	72	1
work/ext7/4-2s2-2__group.6927__T	dac731e8163506d81c777d756e260f26	432	1
work/ext7/4-2s1c1__group.5959__T	56b868093d749eb1038ddaff81c04f73	36	1
work/ext7/5-1s1__group.7351__X01	3e79eb8c0c11385cc5cd4428372310ea	1920	1
work/ext7/4-3ps2-2__group.7145__X111	69fc951af7a07320703e0fbca91cee72	120	1
work/ext7/4-2s1c1__group.5916__T	d9b22a235f97b2260a9de1e56244e1c0	144	1
work/ext7/4-1s2-1__group.5240__X0010	84d249e73c1a2d7472c322fef804755e	64	4
work/ext7/4-1s1s1__group.4611__C	3ec991c3d66bbb5ad68f4a1a0e5f6ed0	256	1
work/ext7/4-1s2-1__group.5275__C	0880876386c70a2704b273edabdfe429	1536	1
work/ext7/2-2s2-2s2-2__group.3563__X0101	b89f181662114f47f6005e4d198f6c31	144	2
work/ext7/2-1s2-1s1s1__group.1336__T	151b40bd093cd562df27f75e8f995028	16	3
work/ext7/2-1s2-1s1s1__group.1490__X1110	7b17b16ba642af9818ae1775dcabb822	64	4
work/ext7/4-2s2-2__group.6633__T	a9d271828e8feb6211d94026c56eaef0	108	1
work/ext7/2-1s2-1s2-1__group.1544__X10001	3baf45e90bb0d8b60179afe754b59a94	256	2
work/ext7/3s2-1s1__group.3902__X100	002e7cdc0d59a911c8eed90bcbe806c3	192	2
work/ext7/4-1s2-1__group.4968__X10011	c26c0b3a9cbbe58a44f363f7dfc7d0d4	128	2
work/ext7/2-2s2-2s2-1__group.3435__X10010	63a2e7b8a9aba3bdbdce618de4f1208b	576	2
work/ext7/2-2s2-2s1s1__group.2957__T	95cdc42f402034e6ce61dddcd9eb79dc	36	3
work/ext7/4-1s1c1__group.4559__X01	327f9c904afc1ca218b95a32409c2338	64	2
work/ext7/4-2s1s1__group.6032__X110	6620d50edd033502347dbe69584ecdac	144	6
work/ext7/4-1s2-2__group.5727__T	ae4adc98cfb15e8a37aec091d8ad7444	576	1
work/ext7/2-2s2-2s2-2__group.3654__X11	228bb5cdd7d925863148a6a6a08fc690	36	1
work/ext7/4-2s2-1__group.6533__T	63cb48eda814551a7f3c6f9b6a84b60c	576	1
work/ext7/2-1s2-1s2-1__group.1545__X01100	7d8523d1f0afb20a9a221d5ccb1bb378	256	4
work/ext7/4-2s1c1__group.5910__X010	b22ff726d148a886e127e10a57455024	144	2
work/ext7/4-1s2-2__group.5766__X011	c307ad2906c6b622e1192bc39624f5f8	864	1
work/ext7/2-1s2-1s2-1__group.1522__C	e57ccf3e06dc6c0a48fde44bd0b6ae28	256	1
work/ext7/4-2s1s1__group.6027__C	fb54f785f9b6b5f5908442673b77706b	288	4
work/ext7/3s1c1s1__group.3795__X01	45782814117304a0dfda8a3dfa8159b2	48	3
work/ext7/2-2s2-1s1c1__group.1949__C	92162afbf588fe867bf1c32bde849ddc	48	2
work/ext7/4-1s1c1__group.4534__C	c53321013865f570384869df575371e2	96	3
work/ext7/6-2__group.7524__C	0c6ca71e167f5dc8bc16729bf1e1b81e	288	1
work/ext7/4-1s1c1__group.4535__X10	58d31d4f2f6c8bcc80dd9ac7aa68e0be	48	2
work/ext7/6-2__group.7589__C	bd11295294789676aa4409537be0b20c	108	1
work/ext7/4-2s2-2__group.6718__X0001	1b5f4591eb2968490413833961fa82cf	1728	1
work/ext7/2-1s1c1c1s1__group.1113__X100	0555a4152e707de0b87c4b2551ac609a	16	3
work/ext7/3s2-1s1__group.3914__X100	c812c80b5248c0fd1ceeb5e428597797	192	2
work/ext7/2-2s2-2s2-1__group.3259__C	3a5c8f5c04e438b230032c3d27cc0bb4	288	1
work/ext7/2-2s2-1s1s1__group.2322__C	791b62f731413d017ad74c2eee9ef6c7	192	1
work/ext7/4-2s2-1__group.6538__X0110	9d74acd8dc00d23073683e73251bb9de	576	1
work/ext7/2-1s2-1s2-1__group.1513__X0100	a5ce23ebdbda6dbe019a9ed39f018c98	128	1
work/ext7/2-2s2-2s2-2__group.3712__X0011	4c1ebe1acc80e8ab6b2f708904660c5d	432	1
work/ext7/4-1s2-1__group.5087__X1100	a71862cec249b3a2c073cf51744a4740	256	1
work/ext7/4-2s2-1__group.6463__C	103e9c870048e2d1e597e6b4bf3128b7	576	1
work/ext7/4-1s1c1__group.4466__C	fecbaaba2732b271ac4950a6c787e967	288	2
work/ext7/4-2s2-1__group.6533__X0111	3993de4e635f855c422db0c98e09ffc2	576	1
work/ext7/2-2s2-2s2-1__group.3278__T	90c69b00dab17f14061be6f91ac6c18a	144	1
work/ext7/4-1ps1s1__group.4414__X010	37cbd87c0a23d00c5f00fee86820f466	32	2
work/ext7/2-1s2-1s2-1__group.1561__X100	2d341ee15de72a9910ef19333a02175f	32	1
work/ext7/2-2s2-1s1s1__group.2264__C	26ad99224d2324ccb4518d76f310c652	96	4
work/ext7/2-2s2-2s2-1__group.3265__C	5dcf2edb21b05f35c9f6f6beb5a37133	288	1
work/ext7/2-2s2-1s1s1__group.2229__T	a09d75f915c3b3319a539cf718a6c99b	48	3
work/ext7/2-2s2-1s1s1__group.2407__X0001	ecec6bff5f088ef8c01596a22be83bfe	96	3
work/ext7/2-2s2-2s2-1__min.422__X01	791146e3c5cbf7dc0da5f47498bcd1c2	36	1
work/ext7/2-2s2-2s2-1__group.3394__X1110	8945c825d310a9bb0df2265021476c21	288	1
work/ext7/3s2-1s1__group.3972__C	8277bd1c3925e3bc234a7fcd0c93ad66	768	3
work/ext7/2-1s2-1s1s1__group.1309__X10100	50ad6cdbb502e782edfd45197ea2d16c	128	2
work/ext7/3s2-2s1__group.4176__X110	47620f0fe2050a82f1377f8ed9042e80	288	1
work/ext7/4-1s2-2__group.5490__X1101	a0827cd4eee9712072e655f24d42ce1a	192	1
work/ext7/2-2s2-2s2-1__group.3390__C	e9eff00893b282d68a559b6512fb3f08	576	1
work/ext7/2-2s2-1s2-1__group.2469__T	703c0f6178fe8ef33f609eafb13c4721	192	1
work/ext7/4-2s2-1__group.6309__X0011	8cefb1ab3c92e7a112db5b0f62d8092f	1152	1
work/ext7/4-1s2-2__group.5313__X100	c77c1b156957c21e7a3adb3e7035e808	1152	2
work/ext7/4-2s2-2__group.6717__X1011	a0dd365f39fb3d379cda84c82b722495	1728	1
work/ext7/4-2s2-1__group.6319__X0001	411c7b7817e55caeaff6d42d7e415338	1152	1
work/ext7/4-1s2-2__group.5458__X010	dabcd13e9b72d04ee513d9e2546954bc	192	1
work/ext7/4-3s2-1__group.7277__X100	abadc6f61c72ab2f52c03fef6bf76aa5	960	1
work/ext7/4-2s2-1__group.6468__C	426896fc449046c04cebeb5d10243d8a	576	1
work/ext7/2-2s2-2s2-1__group.3230__X011	45e36a36df0145dc1e17c1d473235496	144	1
work/ext7/4-2s2-2__group.6912__X100	69560e0c57d170395990ad304a999a5f	432	1
work/ext7/4-1s2-2__group.5719__C	8e0b999302948bac1b76e140ac0b4596	1152	1
work/ext7/2-2s2-2s1c1__group.2776__X001	fa63ea365595c465ef48d5764316378b	72	2
work/ext7/2-2s2-2s2-1__group.3433__C	be0142ef8bc4df11778734f4339cfc8f	1152	1
work/ext7/3s2-2s1__group.4250__C	67f7d4f6f14c13c9ce553d063a15f3e3	576	1
work/ext7/2-2s2-2s2-2__group.3634__X010	a2f6f694b34b024bfa75f209ee9d2695	216	2
work/ext7/4-1s2-2__group.5497__C	35ef26cac5cb838b0bee4146d1868a75	432	1
work/ext7/4-1s2-1__group.5062__X100	b9f4e1401589c24e218e2b26ace521a4	256	1
work/ext7/4-1s1s1__group.4863__X001	a746414f177d477a23b974b06b1b6c24	64	3
work/ext7/2-2s2-2s2-2__group.3530__X11	a99b80ed14c4675e880650963f57edb4	108	1
work/ext7/4-2s2-2__group.7054__X1011	476fd78f17271c091a44acd643f896d3	864	1
work/ext7/4-2ps2-1__group.5884__X001	a4c6ed2acb7da67d1512e1b76055636f	96	1
work/ext7/4-1s2-1__group.5233__C	a41cb427e978592af7bcbd8d877e81fc	128	1
work/ext7/4-2s1s1__group.6212__X110	ace6d21c6f555a7e307abc3750e9ae54	48	2
work/ext7/2-1s1s1s1s1__group.1218__C	a5e732259494adb79d8dee5c93a0414d	64	14
work/ext7/3c3__group.3770__X01	ac2edddba682e51f2d69b6b7ad1ecfdd	24	1
work/ext7/2-2s2-1s2-1__group.2453__X1101	62c748fc70e7f3d6eafb61cbbc4a93c4	192	1
work/ext7/2-2s2-2s2-1__group.3425__X01011	a0e1f7c7b95c96c83b871015b30109a2	576	4
work/ext7/2-2s2-1s2-1__group.2457__X1000	8859216841582d871e0f90b20cbb8e45	192	1
work/ext7/2-2s2-1c2-1__group.1911__X111	fddd0cc24a31146a8a5ec18192773fb0	48	1
work/ext7/3s2-2s1__group.4174__C	2e9173cb30a92ceb0d480cbe6012cff5	576	2
work/ext7/4-1s2-1__group.5229__T	42ad1ed58380e47fc203c3c022105cbd	64	1
work/ext7/2-2s2-2s2-1__group.3262__T	1c4f7efd2d815dbf5c4333c94669bfc9	144	1
work/ext7/4-3ps2-1__group.7139__T	6b80bee3b57ff1bd215e5c48a4f647c7	80	1
work/ext7/4-2s2-2__group.6817__X0010	fd164b74843862aa8514fc2aba49ddd4	288	2
work/ext7/2-2s2-2s2-1__group.3198__X010	a5d5c87fb2207ba3e766f5c2a47fd7e1	144	1
work/ext7/3s2-2s1__group.4223__X100	f8f77732dec87c632450af010b35dcd5	288	1
work/ext7/3s2-2s1__group.4131__X10	8af8689a0b4b6ac6835d779a71fa6878	144	2
work/ext7/3s1s1s1__group.3853__X110	85f2984522aba3ad7f4d9753e33e3dbf	96	7
work/ext7/2-2s2-1s1c1__group.1927__C	c946bbf4bc17380b8a60deaab91ef081	48	2
work/ext7/2-2s2-2s2-1__group.3273__X110	47222ff0149b351c008434b062668a5a	144	1
work/ext7/4-1s1s1__group.4734__X011	1887f51cbffcec7f53b904547853fa1d	32	2
work/ext7/2-2s2-2s2-1__group.3269__X100	f8aec6a4b63120ba1d6bba6eb4848d2c	144	2
work/ext7/4-2s1s1__group.6290__X10	1247a0ee55ac5f762c250c195343760c	72	3
work/ext7/3s2-2s1__group.4337__X101	c5fbe89fe913c430fb9c473eb7cade82	96	1
work/ext7/4-2s1s1__group.6202__X001	afbdb5dc03d5d5fa4ecf08e0caa3ace8	48	1
work/ext7/4-1s2-2__group.5594__X011	6f11ea5781c51ef252045c0f4f0ebac8	384	1
work/ext7/4-1s2-1__group.5201__X100	6d002de8981b7993704f25c4aa382821	64	1
work/ext7/4-2s2-1__group.6481__T	7d2fc0cb996d974060d92c28d816fd82	288	1
work/ext7/2-2s2-2s1s1__group.2873__X1001	552f774418834539a64101ac1488c10f	144	3
work/ext7/4-1s1s1__group.4590__C	13e84db6b8d60246b780381f3ab724f8	2304	2
work/ext7/2-2s2-1s1s1__group.2236__X111	3f60962a2c7adbf6817fbd397cc4ab3c	48	4
work/ext7/4-1s2-1__group.5167__C	e3f8e3ce3d63840738efef86c95eb275	9216	1
work/ext7/2-2s2-1s2-1__group.2455__X0010	f8ea0b1055f04d12a36520ed4342cbf8	192	1
work/ext7/4-1s2-1__group.4949__T	0496c94d8b890ce2063c1e1dbf2e7444	128	1
work/ext7/4-1s2-1__group.4985__X001	d181c36c2bc9841e3137463c1b2957f0	128	1
work/ext7/4-2ps2-1__group.5874__T	386a346fba3762fb6bf17037e91f9259	24	1
work/ext7/2-2c2-2s1c1__group.1638__C	5c174adf33b9e902fc7b6052bc5715b8	24	2
work/ext7/2-2s2-2s2-1__group.3353__X0011	1e4c4a6f27d36dd23b32269b7da2b080	288	4
work/ext7/4-2s2-2__group.6888__X1100	65fbffc3a9d22547d00dd2a6225133a5	432	4
work/ext7/2-2s2-2s1c1__group.2783__T	1bffd29e48f253c5683d35c434648d57	72	2
work/ext7/4-1s2-1__group.5136__T	af85dfe1ec2aaca8382b4dce42c916d2	32	1
work/ext7/2-1s2-1s1s1__group.1351__X1000	c4a40f6b146b688c38c3baf7c0b4bc56	32	6
work/ext7/2-2s2-1s1s1__group.2371__X1001	f90ecf7ea86f6dd8af81412005b8347e	96	2
work/ext7/4-2s1s1__group.6271__X001	9c61d9c9be09764766921afab1f46721	72	2
work/ext7/2-2s1c1s1s1__group.1794__X0001	a356b5fee16426b2837b8df3e5af8f88	48	3
work/ext7/6-2__group.7520__T	c746fda5a987128538d1b3a687a13bb7	1296	1
work/ext7/4-1s2-2__group.5639__C	26d313369262eaa5d1986ef6a4a1ab07	768	1
work/ext7/2-1s2-1s2-1__group.1524__X0011	dd67324d90a8b5c2e7362752bb1f546c	128	2
work/ext7/4-1s2-2__group.5788__X1001	3efe7f72483172eea430ca49612f68b4	96	1
work/ext7/3s2-1s1__group.3940__X001	c3be642db43b68f351511f114e6b3df9	192	2
work/ext7/4-1s2-1__group.5116__X0100	35297cf20683e9da16db87ebfb127dc0	3072	2
work/ext7/4-2s1s1__group.6186__X100	a84eda41b6f4df4b91a5eb525ed01519	48	2
work/ext7/4-2s2-2__group.6853__X101	fcb1e672b51bd0dd154efc9ce4f4189f	432	1
work/ext7/4-2s2-1__group.6410__X010	4c18e3454733cbee5561ced8e56962c8	288	1
work/ext7/2-2s2-2s2-1__group.3506__X0011	2354e8dd2de934a4a2cd171a039149ce	96	4
work/ext7/2-2s2-1s1c1__group.2026__T	b77266b29a8fd063f07e317ba7c16055	96	2
work/ext7/2-1s2-1s1s1__group.1315__X00110	dc3261068e0b22d2e1ee95c8a7eb085c	128	6
work/ext7/2-1s2-1s1s1__group.1387__X101	cb0d996ef058c0cdcb1c283256eb99db	32	4
work/ext7/2-2s2-1s2-1__group.2584__T	1514a871804e852e7146c6010e478c64	96	1
work/ext7/4-3ps1s1__group.7109__X11	aa479db5c084e65f2daf9deb525ee16d	20	2
work/ext7/4-2s2-1__group.6347__X10	f7f503d2a8d438130d753f34d2ee7109	144	1
work/ext7/2-1s2-1s1s1__group.1330__X001	9aee15c6770edee6f185c4fb9cbe8844	16	3
work/ext7/4-2s2-2__group.6669__T	1caeef327c313b21f1f910be0627567b	144	1
work/ext7/4-2s2-1__group.6349__T	67a23e2070f0b98ad94404ebdb174f54	144	1
work/ext7/5-1s1__group.7355__T	83bf215baf2e84f8145cb6206affc2a6	1920	1
work/ext7/4-2s2-2__group.6785__C	4e7e09264335bfee5c6ff606ab743c14	432	1
work/ext7/2-2s2-1s2-1__group.2450__C	1b926abdd7afb21a0a75b393d21cccbc	384	1
work/ext7/2-2s2-2s1c1__group.2733__X001	2bd0dd36e72b4a68661093ae81d70d96	24	1
work/ext7/2-1s2-1s1s1__group.1361__C	58c98ae65bcc4717d6e070bc536c5d35	64	4
work/ext7/2-1s2-1s1s1__group.1453__T	debdff649cdad21303378a72b7f00bc1	64	2
work/ext7/2-2s2-2s2-2__group.3597__X100	a5e2557d8d4d464db6829c3cef3331f7	216	1
work/ext7/2-2s2-2s1s1__group.2945__X10110	f376847ecdb2b0605cca6c4b1430d15e	288	2
work/ext7/4-2s2-1__group.6606__X011	516a55c40bbbdaf0fe0bec2c8a9f92fe	96	1
work/ext7/2-2s2-2s1s1__group.2864__X1011	ddee91b773c1249c758c47e9b705beda	144	1
work/ext7/4-1s2-2__group.5797__X10	c2ab5a1e2e12b2bc525bf39faa799c2a	96	1
work/ext7/4-1s2-1__group.5111__X0100	9035f7e3eac7da28ba3f6f998ef41f06	256	1
work/ext7/4-2s1s1__group.6101__X01001	d468986263fbf3e178c693689e9cb9df	192	3
work/ext7/4-2s2-2__group.6976__X10	aa3bb4a4b5feaad2ec78bc38c91b73fc	72	1
work/ext7/2-2s2-2s2-1__group.3348__X0100	08a911d2cb5b690bf9e1130ffe925151	288	1
work/ext7/2-2s2-2s2-1__group.3166__X001	29dafaabe3c568f8dff375a3cac4b016	144	2
work/ext7/2-2s2-2s2-1__group.3295__X100	5406161a8ce4a9962ac126768acd7e24	144	1
work/ext7/3s2-1s1__group.3939__X010	9332f26b4fc4539ae60f3b38a3007114	192	2
work/ext7/2-2s2-2s1s1__group.2827__X1001	3bc55248053dd2e138616de0e3587ea3	144	2
work/ext7/2-2s2-1s2-1__group.2515__X0011	d4a29c08b3165d85bc5f50c027e56407	192	2
work/ext7/4-1s2-1__group.5296__X101	18292d010ec9533b8bafb89b8e7dac5d	96	1
work/ext7/4-1s2-1__group.4962__X0101	4bcbbb714a23a3b9c348ce4219c65b1f	128	1
work/ext7/4-2s2-2__group.6732__T	21f06c665c2e17936dadadae5e8cd90d	216	1
work/ext7/4-1s2-2__group.5650__X010	02edb33a137bfd029fc4b488b39c3200	48	3
work/ext7/2-2s2-1s1c1__group.1975__X101	4b320b4f5843a4e689f9801ef43ed560	48	2
work/ext7/4-2s2-1__group.6369__C	a9e47507198af42eaebd6d3d866630b0	288	1
work/ext7/4-2s2-1__group.6551__C	39c0b8c3e5aa0bb45782ca221e8b1736	1152	1
work/ext7/4-2ps2-1__group.5876__X11	5dbb440997c4808f2ae3fc61267e0d79	48	1
work/ext7/2-2s2-1s2-1__group.2665__T	6bfa3e9f234e2d25699b063696dc4e2b	96	1
work/ext7/6-1__group.7469__X01	6c1cb71c53488993584063e46c2ce099	384	1
work/ext7/2-2s2-2s2-2__group.3717__X0011	a04105a7166a8118cf5aa8a898dea5ce	432	2
work/ext7/4-2s2-2__min.615__X11	5e253442a971c2a45280ba8a8a6f5a26	24	1
work/ext7/2-2s2-2s2-1__group.3274__T	76ead9a433e1666e59bed4d41f262528	144	1
work/ext7/4-2s2-2__group.6640__X10	affe5be54218cbf97317517d136f2d5b	108	1
work/ext7/3s2-2s1__group.4223__X001	52a578a64cd81c2e840dbaa57981d9b4	288	2
work/ext7/4-3s2-2__group.7285__C	a6bf706c372a2fccfc07902a3fb4be12	240	1
work/ext7/4-2s2-1__group.6440__X001	047c953a7df523d0c1b660f4a239434a	288	1
work/ext7/4-2s2-1__group.6335__C	2dd3c22d9915bfb7a098540b94f91ed5	288	1
work/ext7/4-2s2-1__group.6543__X101	79f2778e89175822ed19e2afa69ed280	576	1
work/ext7/2-2s2-2s1c1__group.2809__T	76b6cccce9c8bc5a3e04162b6b45ebe4	72	2
work/ext7/2-2s2-2s1s1__group.3014__X0101	f10a8e29c5dcfdc6151e06025e0caf04	48	5
work/ext7/1c1s1c1s1s1__group.1058__T	d580d8d60be94cd730f4657deffeb905	8	5
work/ext7/2-2s2-1s1c1__group.1974__X011	e585d7925398e448e98551c16fa2bd32	48	3
work/ext7/2-2s2-2s1s1__group.2846__X1101	449e2027791da3a12bb30c153920bb97	144	3
work/ext7/2-2s2-2s2-1__group.3213__X100	781a973235c1419137aa458fd4caec03	144	2
work/ext7/2-2s1c1s1c1__group.1738__X111	c50cf80ac356786f1813983abc152581	24	4
work/ext7/3s2-1s1__group.3936__C	0f928040696fa9b6476adba60bd1a3b8	384	2
work/ext7/2-2s2-2s2-1__group.3277__C	bd5faf986db7181d7bd70afa996b4107	288	1
work/ext7/2-2s2-2s2-1__group.3170__X101	de1fd14eb8c44326f839679d525214cc	144	1
work/ext7/4-1ps2-2__group.4446__X101	1c3a044c5a48024310f97f671f889641	96	1
work/ext7/2-2s1c1s1c1__group.1730__C	332aba054662c8f4f1ef48e4a4daf8c2	24	4
work/ext7/4-1ps2-2__group.4446__X100	2f66af09bccff76f5b828fca92d49f7d	96	1
work/ext7/2-2s2-1c2-1__group.1912__X100	dffcc3ef3709d103f953c5650b72d985	48	2
work/ext7/4-2s2-1__group.6311__X11110	58fabf5a8ef4e22cc9ac5f4cb10f92f2	1152	1
work/ext7/4-2s2-2__group.6766__C	394b05dbb150d634c0f4764b343949de	432	1
work/ext7/2-1s1c1c1s1__group.1110__T	34039d0d50e13b84ca6978b543c4f93e	16	3
work/ext7/2-1s2-1s2-1__group.1518__X1100	251820855545bc937bbf003a70dc5101	128	1
work/ext7/2-2s2-1s2-1__group.2675__X111	a3066c80f4e292d43128dc98c690bf5a	96	1
work/ext7/4-1s2-2__group.5508__X011	5b5492a9face61a0977096c814614b66	2304	2
work/ext7/2-1s2-1s1s1__group.1480__X1111	627a1bbecca38250f147f552acbe356a	64	5
work/ext7/2-1s2-1s1c1__group.1284__C	e05652f3f7ce6dc944d29ca23e51c8cb	64	2
work/ext7/2-2s2-1s1c1__group.1995__X110	6080ee0182fecd02ac9254429fad1ce8	48	2
work/ext7/3s2-2s1__group.4118__X011	331197df4bf6696448a30c1fc0289142	144	2
work/ext7/2-2s2-2s2-2__group.3756__X010	905b26cbc6b0e1cacd3d1d0c42f9367c	72	2
work/ext7/4-1s2-1__group.5125__T	ae3f7b825edc186ca97f5eb49868035e	32	1
work/ext7/4-1s1s1__group.4735__C	94eb848beb7aa4affccbbbff206d6a4d	64	4
work/ext7/2-1s2-1s2-1__group.1549__X100	150ee9c8f270978496a4c9ba79062886	32	2
work/ext7/4-1s2-1__group.5244__X010	bc39d32648491ad5d84efee55996249b	64	1
work/ext7/4-1s2-2__group.5361__X100	e5e9bad8faaffdf7b1f9e193317b31f9	144	1
work/ext7/2-2s2-2s2-2__group.3556__X1000	93d9fcc77a950fe907e20273a0315807	144	2
work/ext7/2-2s2-2s1s1__group.2937__X00011	a10888268eb55018bb126280d02dcbd6	288	4
work/ext7/2-1s2-1s1s1__group.1442__X0110	1fd9f65025628c0f175a032bc7111abd	64	2
work/ext7/2-2s2-1s2-1__group.2642__X011	0eacfa32433bb7b3312ef185ecc5b905	96	2
work/ext7/4-2s2-2__group.6868__X0011	d71e22f6caa557ea601ef048833dae88	432	1
work/ext7/2-2s2-1s1c1__group.1961__C	f7b76525a19e993c675bb6d5cb9da91e	96	2
work/ext7/4-2s2-2__group.6943__C	0f03ab2a91e4e3cc374763c86feffa6e	864	1
work/ext7/4-2s2-1__group.6315__X0110	7d670d29e99629ca0ceb39f3b8616090	1152	1
work/ext7/3s2-2s1__group.4129__X11	ad7ba9eecab033cbb1f2f6b52eecf7b9	144	2
work/ext7/4-1s2-1__group.4961__X00010	876877977fc78f22b6627de4a3e10c5c	128	6
work/ext7/4-2s2-2__group.7074__T	268d7a273628c209879eaca8bab1b4eb	864	1
work/ext7/2-2s2-2s1c1__group.2725__C	8294355d37f50944f75ff4dc5c57f6d2	36	2
work/ext7/4-1s2-2__group.5735__X010	06d33a7b9cab8ba58815b07b74a939a7	6912	2
work/ext7/4-1s2-2__group.5374__T	f15e9fc1e8516d09ea87f69104d555ff	144	1
work/ext7/4-2s2-1__group.6569__C	a5c835efc00239e42639a3e810e5c02e	1152	1
work/ext7/2-2s2-2s2-1__group.3259__X100	de7f03b0c3da6b2c2fa37b72a3e966b6	144	1
work/ext7/2-2s2-1s1s1__group.2358__X0001	05ab44cc899b345025933621ec9c932a	96	2
work/ext7/4-2ps2-2__min.563__C	ed9fa85a28f6a4fffcec82a1b4b5f1e5	24	1
work/ext7/4-2s2-1__group.6614__X101	818188c9f509d3a273d74ab03ea89770	96	1
work/ext7/4-3ps2-1__group.7129__X01	0f935632f28d6c3cf7afb49a96593d0a	40	1
work/ext7/4-1s2-2__group.5663__C	1533c73b2aefe7bf31bea8061039010d	96	1
work/ext7/4-1s1s1__group.4720__X0100	80e351f4e55d61f25c27031d20f50244	32	1
work/ext7/4-2s2-2__group.7079__X0101	32ca1dc45aa186cd50a4a6276c6871cf	864	2
work/ext7/4-2s2-2__group.6861__X011	4cfbbce11999f4d32511c4eaaaa9fdc9	432	1
work/ext7/4-2s2-2__group.6714__X1110	f3e99a90c4e8189d7244bd84e3a4355b	1728	1
work/ext7/4-1s2-2__group.5609__X0110	60e5972d4a1f05aab3428c50092630a4	384	2
work/ext7/2-2s2-2s2-1__group.3261__X101	78f1de44dc28ea349b2eca231510e34e	144	1
work/ext7/4-1s2-1__group.5280__X1110	cd4911d31b9bf40a786bb3e3d0e964c0	768	1
work/ext7/2-2s2-1s2-1__group.2620__C	75eecaa21d6f89b5c782cb293d63736f	192	1
work/ext7/2-2s2-2s2-2__group.3598__X001	0cd4aaa260e1d80a8d8dbe67dd6d23ac	216	2
work/ext7/3s2-2s1__group.4115__C	32f528b95350754c64f08c8273c0d106	288	2
work/ext7/4-2s2-1__group.6516__C	3aec6246aaf24598f8d4da611ef0f092	1152	1
work/ext7/4-3ps1c1__group.7101__X101	eb2bc44bd1269d6303131f8f50275c19	40	2
work/ext7/4-1s2-2__group.5715__X011	afeec140dda745df9e7004260eb7ee1d	576	1
work/ext7/2-2s2-1s2-1__group.2445__X1110	5ac0e6b3782ede9755026b1bc1956db1	192	1
work/ext7/4-2s1c1__group.5967__X001	3068885b2484ec9f5e9296b111018b21	48	2
work/ext7/4-2s2-2__group.7067__X1110	70a89a2537858c6bd915feaca06347dd	864	2
work/ext7/4-1s1s1__group.4746__T	624fb311bf44df70144abd5e84bbf0ca	32	2
work/ext7/2-2s1s1s1s1__group.1820__X001	b4a048e29b54adcd2a30124d05defd97	24	9
work/ext7/2-2s2-1s1s1__group.2237__X111	93f7ae71a9ae0d6764d55486754d1e49	48	2
work/ext7/4-2s2-1__group.6461__X100	70ff5aef96157c04d6743398d465000e	288	2
work/ext7/2-2s2-1s1c1__group.1954__X11	3e9e7fb0bd87123c366bdae0eec5b6b6	24	2
work/ext7/4-2s1s1__group.6029__X1000	cf292adaae22986d07bef3a1c89fd28f	144	1
work/ext7/2-1s2-1s1s1__group.1399__X100	c06330b331b983c58b9c74dc7597ee9b	32	3
work/ext7/4-1s2-2__min.539__X01	ae1d44b52445308ae6c2309e165eebd8	48	1
work/ext7/4-2s2-1__group.6449__X101	ba5afc9e2aaa8c6451c6c52ee3d1c2b6	288	1
work/ext7/3s2-1s1__group.3968__T	f63a55175b21c0cd98ff509fca11280b	384	2
work/ext7/2-2s2-1s2-1__group.2675__C	d008362b709a10833e9d36ab08ab7d71	192	1
work/ext7/4-1s2-2__group.5538__X001	b08d2a1c83b98b5d872c96101ea72d3f	288	1
work/ext7/4-1s2-1__group.5212__X01	7a03fd3d769e6f9b259b8a1878e9c9c1	64	1
work/ext7/2-2s2-1s1s1__group.2365__X0111	fa5fc4306e000c455396ff205c1c3787	96	4
work/ext7/2-2s2-1s1c1__group.1965__X101	c1e44bd0cf1a1b4901cc5689d04b53df	48	3
work/ext7/4-2s2-2__group.7058__X1000	2351e14ed7705710912823ec12134cd6	864	1
work/ext7/2-2s2-2s1c1__group.2768__X01	7fdb796cc2a17ff2c7783b983da83be8	36	3
work/ext7/2-2s2-2s2-1__group.3338__C	af08d14526dcfc52f6aa04bc23abad0c	576	1
work/ext7/4-2s2-2__group.6861__X100	f9b12ff4fd6704e773d2350d0e59ba85	432	1
work/ext7/4-1s2-1__group.5281__X001	0f657262c2df543b17a5b0d79b48e335	768	1
work/ext7/2-2s2-2s2-1__group.3295__C	3bfec0b3e4b6fb1d9afece578d57d9cf	288	1
work/ext7/2-2s2-2s1s1__group.3025__C	7d06806dbc586e6875a792c2120e75d6	144	1
work/ext7/2-2s2-1s2-1__group.2486__X0100	6832110f797536e58f30664f26e9a70f	192	2
work/ext7/3s2-2s1__group.4261__T	668f4093b098f23a18ea6ac61a32e970	288	1
work/ext7/1c1c1c1s1c1__group.1045__T	0efd1e6a3491c051b6e242a043aec14b	4	3
work/ext7/2-2s2-1s2-1__group.2596__X010	e1b978ae8574694c0e2d5fe9e577e912	96	1
work/ext7/4-1s2-2__group.5660__X11	1c8a6110dae0ff356e372f3df9ec76db	48	1
work/ext7/4-3s1c1__group.7174__C	1a060e5cdd739c7cf8c82826166bd0de	240	2
work/ext7/2-2s2-1s2-1__group.2686__X110	3e1a7371d7187edf6f72e726825ebfa1	96	1
work/ext7/4-1s2-2__group.5710__T	6ac8d6892e0d582cc82072099add8116	576	1
work/ext7/4-2s2-1__max.18__X01111	e2d6e659d618bc12fbe12bc6e16d332c	2304	2
work/ext7/2-1s2-1s2-1__group.1547__X10011	243b25d2854df49a074d50387071c4f0	256	4
work/ext7/4-2s2-2__group.6750__T	2a6b3c6225158d60d6b6bbea9ac7e4d2	216	1
work/ext7/2-2s2-2s2-2__group.3642__C	0bc82b126141c0dede56a5cf54465cd0	432	1
work/ext7/4-2ps1s1__group.5864__X11	1b53d5a9be02fd5d5172b819e05103e3	24	2
work/ext7/4-1s1s1__group.4589__X001	3fcbb661bc5f8f3aa9c7813596729ec8	1152	3
work/ext7/4-1s2-2__group.5478__X0001	2a955dc90422ad4f1140307188caf365	192	1
work/ext7/4-1s2-1__group.5104__X101	23a2dcf0d2e02d9a03f6146dda4b5dc8	256	1
work/ext7/2-2s2-2s1s1__group.2850__X0110	eed228f5e5d56c9217a884d8f439d8a4	144	2
work/ext7/2-2s2-2s2-1__group.3355__T	99459db16649ca1bd9cfd38b82ea2bed	288	1
work/ext7/3s2-2s1__group.4221__X011	3f75fba81b8a8a2295ec9ef104aa28dc	288	2
work/ext7/3s2-2s1__group.4235__X001	5bfca8434c5b6bb7bd492598164d1d91	288	1
work/ext7/2-2s2-2s2-1__group.3329__T	2450a7c578ab8d4338ca48d786776969	288	1
work/ext7/2-1s2-1s1s1__group.1461__X1100	1fcca1d79c5f6cd7773b129e80ee80e5	64	2
work/ext7/4-1s1s1__group.4726__C	4c7deb3ed5a60f5395735ebeb8b2ea31	64	4
work/ext7/2-2s2-1s1c1__group.2019__C	26c6d8d9419991879c5cd5e9dbfe6a0d	192	2
work/ext7/4-1s2-2__group.5633__X1010	51c8d26a22fafc41b6052692ced06243	384	2
work/ext7/5-1s1__group.7369__X11	ddcc0dffb208c0d7b4572ae881a27cf5	3840	2
work/ext7/4-1s1c1__group.4548__C	236b78ba80842db0882837a28a9aa5fe	128	3
work/ext7/4-2s2-2__group.6735__X01	eb81c5abbceb6b1d09e2d5aa231ea577	216	1
work/ext7/2-2s2-1s1s1__group.2305__X0100	4b527110f37a14b6d6b679bb71ff06f4	96	1
work/ext7/2-2s2-2s2-2__group.3660__X10	e27f053536e56e1d434569cf91a6dac7	36	1
work/ext7/4-3ps2-2__group.7146__X010	c3edf8699dbba15a27c7b8b7393f7294	120	1
work/ext7/4-3s2-1__group.7257__X11	584e3fc9ac1edd92fe1bc05168a4dc54	480	1
work/ext7/4-2s2-1__group.6318__X1110	b3ae881d1c3fc7c701a0489d4383e201	1152	2
work/ext7/2-2s2-2s2-2__group.3689__X0111	6344792b08f8ab508879162e8dcc4e52	432	2
work/ext7/2-2s2-2s2-1__group.3255__X011	15a63760d3e02d2e68244a93b8826c70	144	1
work/ext7/2-2s2-2s2-1__group.3322__X0001	f67385fe346943cc625322edc86f064e	288	2
work/ext7/2-2s2-1s1s1__group.2119__C	67f2ec78244cfcb44dcba586b0282202	96	3
work/ext7/3s2-1s1__group.3898__C	a3ae269a3592f9aaf1bf0a6cd552c67c	384	2
work/ext7/2-2pc2-2ps2-2__group.1633__C	2ea7706c75c563a62de8f74f774ad814	72	1
work/ext7/4-2s1s1__group.6155__X011	c87f124af3ed1dddf2236104c1f035fb	288	2
work/ext7/2-1s2-1s1c1__group.1298__X1101	e6d767002f1e559d015ff9f4d2305cff	64	3
work/ext7/2-2s2-1s1c1__group.2022__X1000	4f6513885b67a7058b2c5cdc5a768c7f	96	2
work/ext7/4-1s2-1__group.5132__X001	befdce8e0fd7581c140c50d78d2271e6	32	1
work/ext7/4-1s2-2__group.5762__X11001	c01657a960dcfc28c297cee83e17a28e	768	1
work/ext7/4-1s2-2__group.5619__T	fd09de007be58422b0806d427222e1b8	384	1
work/ext7/2-2s2-2s1s1__group.2938__T	49d16917fc8f6d233de35b1384cbe101	288	5
work/ext7/2-2s2-1s2-1__group.2457__X0001	381cdaf55eab3783d328dd36d11583c1	192	1
work/ext7/2-2s2-2s2-2__group.3716__X0010	ac0c823b369c4e228f40b4c3710639f0	432	1
work/ext7/2-2s2-1s2-1__group.2631__X001	5b123bec74e3547e5ff30a364aa66580	96	1
work/ext7/2-2s2-2s2-1__group.3393__X1010	fc4d4e88da76034dcf5781ad473578db	288	2
work/ext7/4-1s2-1__group.5236__X011	1ab69a3c846a575bee454aee47bc8419	64	2
work/ext7/4-1s2-2__group.5625__X1001	e028a639d4210fa4d11eeb233ffe3a5a	384	1
work/ext7/4-2s1c1__group.5977__X101	b38d835ec65f20393a41d247111cb423	72	4
work/ext7/3s2-2s1__group.4105__C	93205bf3f72f1921e2fafe84f4558f87	288	2
work/ext7/2-2s2-2s2-1__group.3355__X0001	3c7606839ee53ce7068de57179446ba9	288	4
work/ext7/4-2s1c1__group.5928__X10	e5f230d8aafe8f004488e2e48f6cb202	144	1
work/ext7/2-2s2-1s1s1__group.2179__X101	cfe72261f12d206c6a615c721d97de2e	48	4
work/ext7/4-1s2-2__group.5517__T	fd8ee76cd76b04e9de40dd5c1dcd63c3	288	1
work/ext7/2-2s2-2s1s1__group.2884__X0011	bd6d6187969fc470cd602bb6919cce9e	144	6
work/ext7/4-1s2-2__group.5589__C	a768ae43c1553773de8a78ede70e7d21	768	1
work/ext7/4-2s2-1__group.6430__X001	9ade17bc4f609ff03dcf321734b92416	288	1
work/ext7/2-1s2-1s2-1__group.1581__C	a314b4318287b04a05504249f5cff7ec	128	1
work/ext7/4-1s2-1__group.4960__C	eeeb57d35be43dd6a49619752b15a9c4	256	1
work/ext7/2-2s2-2s2-1__group.3370__X1001	dc464cd2d7b70ff3cbeff41611da5061	288	1
work/ext7/2-2s2-1s1s1__group.2193__T	16412ea5d0468c922fe6015ab86bbe7c	48	3
work/ext7/2-2s2-1s1c1__group.1936__X11	e96df9eeeb2a2610b02142ec1af71ec2	24	3
work/ext7/4-2s2-2__group.7053__X1110	f218322f6324e8f568ec047c5adcafbf	864	1
work/ext7/4-2s2-2__group.6906__X010	eff99541bb84c13f724a4b9840afd07d	432	1
work/ext7/4-2s1c1__group.5915__X101	c775997acd9e03599f54f75c9973bc43	144	2
work/ext7/4-2s2-1__group.6367__X01	7548abd052281229f9b9507383bb167f	144	1
work/ext7/2-2s2-1s2-1__group.2676__X110	9bb6bab567047806abe6c1adde0d86e4	96	1
work/ext7/2-2s2-1c2-1__min.358__C	c9306297f8d5be2960254d16873e4cc7	48	1
work/ext7/2-2s2-1s2-1__min.387__X10	a1ad939962edba59b0c268b7a681f70f	24	1
work/ext7/4-2s2-2__group.6701__X0010	2ebe8ca012fae645992723e04f782deb	144	1
work/ext7/4-2s2-2__group.6810__X10	13c21d85b64422beaf627b840ab2fa9c	24	1
work/ext7/6-2__group.7549__X10	b79afdeb52dc1d074425392d53d5d7b1	2592	1
work/ext7/4-2s2-2__group.7001__T	a6352bbffcd72d331b4e7e1ad6f0d50d	72	1
work/ext7/2-2s2-1s2-1__group.2470__C	24d316a45be21876ff51fb3fe7b72a94	384	1
work/ext7/2-2s2-2s2-1__group.3352__X0101	f8a00cd2fa6dbd978db2b021a41e561d	288	1
work/ext7/4-3s1s1__group.7222__X111	69fdd6098cf1f30ee1b0e18e961ec13c	480	1
work/ext7/4-2s2-1__group.6330__C	2370c3dee217aefd32824b0e726a603b	288	1
work/ext7/4-2s2-1__group.6593__X011	a166d2aa05ab8ed30fb41e9df274f065	96	1
work/ext7/4-3s2-1__group.7263__C	73815331cfc35a3a074f75270a8a6814	960	1
work/ext7/4-1s2-2__group.5749__C	ee5a4ebbf50f97a7349f9e85f10b04d5	1536	1
work/ext7/4-2s2-2__group.6817__X0100	6b64bfa7c2ea27fcb4aed4a994f1f9f2	288	1
work/ext7/2-1s2-1s2-1__group.1531__X0011	9d24d0e4900a642217b8365d9f6550dc	128	2
work/ext7/4-2s1c1__group.5920__X011	d4b9fd22dbe176be64c4f6c19c1051b8	144	3
work/ext7/2-2s2-2s2-1__group.3392__X1001	d1e78ceae75fc33b6ef335f15d45f691	288	1
work/ext7/3s2-2s1__group.4165__X001	8c97eccac238a67d7f9a85ddba54a963	288	1
work/ext7/4-1s1s1__group.4807__C	16db429efde5172490b8a3e7770816b2	96	3
work/ext7/4-1s2-2__group.5483__X0011	4a98094b3f640111803e89c768fa4523	192	1
work/ext7/4-1s1s1__group.4628__X100	74b18324330c1c225820fc43f9f42efc	128	2
work/ext7/2-2s2-1s2-1__group.2664__T	17c51d626db49e248d1b09ada9e78e52	96	1
work/ext7/2-2s2-2s2-1__group.3368__X0010	18bd38317baa38efbbe14a6b867a7241	288	1
work/ext7/2-2s2-1s2-1__min.388__C	8bc8d3e753301003fa886ce88887a751	48	1
work/ext7/2-2s2-1s1s1__group.2208__X101	403c9c34f07e54fb2ad1c28da9ee93c5	48	3
work/ext7/2-2s2-1s2-1__group.2526__T	845e44dbe89272c3fb80fa030b7f9799	192	1
work/ext7/4-2s2-2__group.6950__X100	5c304bb289078862f9ad403a825be4d8	432	1
work/ext7/6-2__group.7595__T	eea9f638f29232bc79491c90f9e1549e	648	1
work/ext7/2-2s2-1s1s1__group.2346__X1101	2b04af54192ffe717cde943dbc224ba3	96	2
work/ext7/4-1s2-2__group.5546__C	4a048563ca6cede089f939262044a96a	576	1
work/ext7/3s1c1s1__group.3806__X11	88f10ad91dbe5c311df26add3669d137	48	3
work/ext7/4-1s2-2__group.5788__C	998ddecbd8cbef5539312a70e9ee77bf	192	1
work/ext7/2-1s2-1s1c1__group.1273__X101	58eaddde22f18b4e3f88d9d841405f44	32	3
work/ext7/4-2s2-2__group.7046__X001	80fb5b2efacb409bc7fe3aebd1699421	864	1
work/ext7/2-2s2-1s2-1__group.2468__C	91dd98f5434972187234d57a773b5036	384	1
work/ext7/2-2s2-2s1s1__group.3056__X100	d3890040dcf2a83f6509dc12826d18dd	72	3
work/ext7/2-2s1c1s1s1__group.1780__T	c0e0ba9a83feebcfcf31852b74ab422d	24	5
work/ext7/4-1s2-2__min.539__T	0e08652c9b7bde3ed8505aa24b99498c	48	1
work/ext7/2-2s2-1s1c1__group.2023__X0001	4a6f38c22bc757a40a8eefe12b303d4a	96	2
work/ext7/4-1s2-2__group.5413__X011	a4259e173bae9151712fce29a25cdbab	192	2
work/ext7/4-1s1s1__group.4688__X100	4c9ea2ec80e1c5374b689677e0413149	2304	2
work/ext7/4-2s2-2__group.6739__T	1b3532035b2761ec62ffad3bec6b6e76	216	1
work/ext7/4-1s2-2__group.5749__X1001	99e3f22729c4c9748a81e2cd47a89cc6	768	1
work/ext7/2-2s2-2s2-1__group.3168__X110	1fe01a05317eb42edee45e00c655e764	144	1
work/ext7/4-3s1s1__group.7207__C	bab8ad230d978555c008aba0e0f0cdaf	480	2
work/ext7/4-1s2-2__group.5488__X00001	d677db17d77aa978d099d128b75017f2	192	3
work/ext7/2-2s2-2s1s1__group.2845__X1000	a0b58c9ef9b7223a9caa567ab72b40ec	144	3
work/ext7/4-1s2-1__group.5009__X010	84470225f49a825ee42617eed6a29180	128	1
work/ext7/2-2s2-2s1c1__group.2708__X0111	cfc3b5efaac0b2228308cf3eb5155dd8	144	4
work/ext7/4-1s2-2__group.5507__X111	e34fc0e96258aa4ccdd612ec2a326722	2304	1
work/ext7/4-2s2-2__group.6647__C	630d965d97b8d837f7fd37be0c654ced	216	1
work/ext7/4-2s2-2__group.7060__C	a81d24e1f41990d541353e09f3ddc85b	1728	1
work/ext7/3s2-2s1__group.4104__X11	8492d41e30381c6e5c50bdc411b3ce90	144	2
work/ext7/2-2s2-2s2-1__group.3165__T	36f09e11a1544a248df5e78055742482	144	1
work/ext7/4-2s2-1__group.6608__X001	5f7ffe77d3b3f9c3f4b31df2648c7515	96	2
work/ext7/2-1s2-1s1s1__group.1309__X10010	16e81211503fc272983b898ff063865c	128	1
work/ext7/2-2s2-2s2-1__group.3186__T	8b8a7f4ebffa8c6b3dac4eba3e58c9a1	144	1
work/ext7/2-2s2-1s2-1__group.2541__X01010	6be953275e94b9728ab4d73d034edb48	384	2
work/ext7/4-1s1s1__group.4811__C	6079b30b0c1c110c5c8f5d14c63ab752	96	4
work/ext7/4-3s2-2__max.20__X1011	12e6aa89f72ff844e728ee3ea1311b06	2880	1
work/ext7/4-1s2-1__group.5172__T	fe6fcedee8ff118c80b734121d28ba0a	48	1
work/ext7/4-2s2-2__group.6721__X1101	0d7d55b4509cc01c20c0455dd293e41a	1728	2
work/ext7/2-1s2-1s1s1__group.1311__X00011	d887fee911458552690a945a39fad51c	128	3
work/ext7/4-1s1s1__group.4631__X0111	ea99c234cd37f7f2040c9eea610a559c	128	3
work/ext7/4-2s2-2__group.6820__X0111	1e325ae7f13750ef4b5dcce0b4a36399	288	1
work/ext7/4-2s2-1__group.6571__X1000	7cb750c96e5bc53c5444d96dbbbba1ba	576	1
work/ext7/4-1s2-1__group.5277__T	7790cda8d95ced9702b9675bb50254d5	768	1
work/ext7/2-2s2-2s2-1__group.3473__X10	b61345ed74f4b27555a00e05752ce18b	72	2
work/ext7/2-2s2-1s1s1__group.2118__X111	3fe88917526377ed72437ea0fbce8d37	48	4
work/ext7/4-1s2-1__group.5299__T	e31c66f70addfd8d8f89ceeb19c8bb67	96	1
work/ext7/2-2s2-2s2-2__group.3700__X0111	6f30a4bd2e8a9bcdb85f06e829926bcf	432	1
work/ext7/3s2-1s1__group.3900__X110	c2696131e6e4a8cc6fb62eb6173dd716	192	1
work/ext7/4-3s2-1__group.7237__X001	f1d6fe21b953c907469d55ad84c5ce1d	160	2
work/ext7/4-2s1c1__group.5937__X01	fa7ec3e4a7c76435dd43a9c5d4a8cadf	24	1
work/ext7/4-2s2-2__group.6816__X1110	07105b0cccaeda83914d3ae0a09254c1	288	1
work/ext7/2-1c2-1s2-1__group.1096__C	317f39e2d377b1df0fe5bb2a7cb5c755	64	1
work/ext7/4-1s1s1__group.4741__X110	a7322c7b220026332d91456aa7530299	32	4
work/ext7/4-2s2-1__group.6319__X0010	965ad0ae9a25868e6a07aeb8aa60bb40	1152	1
work/ext7/2-1s1s1s1s1__group.1188__X011100	3aa23151b12b2432aaa71498b060dbd4	128	1
work/ext7/4-1s2-2__group.5632__C	4da05462249ebcfbaf6cb116cc1f1fc1	768	1
work/ext7/2-2s2-1s2-1__group.2686__X001	8ca678556f1e47e5c0c72717eda08bc7	96	1
work/ext7/4-2s2-2__group.6861__X001	1551705dedd509e2d004bf83e8fcbc84	432	1
work/ext7/2-2s2-2s2-1__group.3439__X10101	3358394808543a42bad3b0de7b7f5f6c	576	1
work/ext7/4-2s1c1__group.5951__X0111	f57639588ea6e8f530d7f6ded91c9457	288	3
work/ext7/2-2s2-2s2-1__group.3361__X1010	fb0ba5143407aa11cf3ce054e9bc146b	288	2
work/ext7/2-1s2-1s2-1__group.1537__X0100	9565a1845b8aca2a779c5a4582ccb0e4	128	2
work/ext7/2-2s1s1s1s1__group.1806__X000101	9e5dc361669915a32fc786c3047b6f29	192	5
work/ext7/4-1s2-2__group.5834__X0011	e9a139ffea2f7c4f4f1e0f92e43478c1	96	1
work/ext7/2-1c2-1s2-1__group.1096__T	6edbbb98a8ba9f9c6c0f674941843a8e	32	1
work/ext7/4-2ps2-2__group.5902__X10	5f6cdbe30f4d6cae5e4ccae7a1ab45b0	72	1
work/ext7/2-2s2-2s2-2__group.3689__X1011	fd02240f0225da9f61a74d1972373c05	432	1
work/ext7/2-2s2-2s2-1__group.3438__C	95ff1b183149d326d2b16ccec27c7034	1152	1
work/ext7/2-2s2-1s1s1__group.2030__X11010	a59a42c0c0f19a11dce13f042c30bcbf	192	4
work/ext7/2-2s2-2s2-1__group.3348__C	8c067e62813859f15af3ea9767a3563b	576	1
work/ext7/2-1s2-1s1s1__group.1308__X01010	53fe3dfab0b10c82a2a97b4b56b093fc	128	2
work/ext7/3s2-2s1__group.4306__X1110	557d3ab4e32f9ddf58e35b6a7bf2fda5	576	1
work/ext7/4-2s1s1__group.6077__C	76380c3deebf1fdaac42ac7909ec8320	288	3
work/ext7/5-1s1__group.7355__C	3600689faaf15f7d5951fedcff1730d3	3840	2
work/ext7/4-1s1c1__group.4466__T	e850761d0b9fb027ce8f55dcee762c1d	144	2
work/ext7/2-1s1c1s1s1__group.1174__X0110	bb75aced50f6832679f160abe3960274	32	4
work/ext7/2-2s2-1s2-1__group.2590__X100	2996f9d96172174fd8b512a80fe99279	96	1
work/ext7/6-1__min.651__T	cd82e6200be17e2492f558d50a160396	48	1
work/ext7/4-1s2-2__group.5384__T	016516aac8863857353b3360076a0281	1728	1
work/ext7/2-2s2-2s2-1__group.3185__X010	34d7800d6e623187bc46308760e06c35	144	1
work/ext7/4-2s1c1__group.5971__T	10fee2ad7fde30c3b574e97649202905	48	2
work/ext7/2-2s2-2s2-2__group.3617__X010	863fd01437e487ce9f868ff9bce1a89c	216	1
work/ext7/4-1s2-2__group.5443__X01	3a3ecbddddd2364d56c3fa0f1129b47f	192	1
work/ext7/4-1s2-2__group.5784__C	8c5cd6c3d2e4bfdd92dc64ab4e0d1157	192	1
work/ext7/2-2s2-1s2-1__group.2455__X0001	3a828c44ebc6ca1a0502f2cccac61d18	192	2
work/ext7/4-1s2-2__group.5614__X1001	eb9c014587ad7f07cda61f69fbf61a09	384	2
work/ext7/2-2s2-2s2-1__group.3394__X0001	44bd3b7455a417f19a953864eab9eee7	288	2
work/ext7/2-2s2-1s2-1__group.2462__C	19e0fd24f86a29840800e3e9b93e5ea2	384	1
work/ext7/4-1s1c1__group.4487__X10	13aee19ba7b881234a0ecf7a8f91474d	192	1
work/ext7/2-2s2-2s2-1__group.3387__X1001	029396ce69141acc96946b8b85cf3812	288	1
work/ext7/3s2-2s1__group.4052__X00101	a03b64e80fbe2defe6f57d67545b19e1	1152	2
work/ext7/4-2s2-2__group.6997__T	cb353fc80c6dbc8bbffd2ac196bf5869	72	1
work/ext7/2-2s2-1s2-1__group.2527__X10011	3d055d5dbed207da8840dd40d1a0638c	384	1
work/ext7/2-2s2-1s1s1__group.2215__C	4d8bb8f787eeb631138552e966e216ef	96	3
work/ext7/4-1s2-2__group.5686__C	3219a66d4f7e59d175d8ab490bdf98eb	1152	1
work/ext7/4-1s2-1__group.5177__X1001	c2af0a9b7f4f5c9c5b55dc53df233e9a	512	1
work/ext7/4-2s2-1__group.6444__C	a690e1768ec06e2e0a8dfa32882b9a5c	576	1
work/ext7/2-2s2-1s2-1__group.2485__X0110	c41fbd4217aeffebbe519d51cfaff575	192	1
work/ext7/4-1s2-1__group.5253__T	fc2688c2edad6990282f04b94fdb9152	64	1
work/ext7/6-1__group.7485__X010	1cc8b1a21cdcc4941e08330dc831e3b2	768	1
work/ext7/4-1s2-1__group.5302__T	5063f4a874072e645dbf9939869ca772	96	1
work/ext7/2-2s2-1s1c1__group.2016__T	df25e5f927989cd0a590a6fbdeadacce	96	2
work/ext7/4-1s2-2__group.5598__X101	e2d7d119585e0c3b17978cf5c3a04afd	384	1
work/ext7/3s2-1s1__group.3976__X0111	e188a851323863f429890678c300092a	384	1
work/ext7/4-2s2-2__group.6818__X1000	f8745df0a770f66f66ae311a8783e2d1	288	1
work/ext7/3s1c1s1__group.3823__X111	6a54132f9da020d8c936def62b949362	96	4
work/ext7/4-2s1s1__group.6070__X101	8528285fa7ca760fac84635b3f809fc5	144	4
work/ext7/3s1c1s1__group.3799__X11	8d9bf0742750dfc43b07880fd356027a	48	2
work/ext7/4-1s2-2__group.5372__X11	fa93e7ad098bb6c2f4348dce2b0be0e4	144	1
work/ext7/2-2s2-1s1s1__group.2146__C	c354e6551e00d2606a4c1221cd3b8586	96	3
work/ext7/2-2s2-2s1c1__group.2705__C	5891b87f0f29517201f37cf90c7dbfd8	24	2
work/ext7/4-2s2-2__group.6838__T	f06a33d8c9312a533c7fb3e32d873cb1	36	1
work/ext7/4-1s1s1__group.4702__C	c9e9f54139381847e045509a66233c61	512	3
work/ext7/2-2s2-1s2-1__group.2661__C	7c1b7c01daa1c5370f6a0451e0d82705	192	1
work/ext7/4-1s2-1__group.4980__X01	c3df518382d34b5eeee917550d1b07a8	128	1
work/ext7/2-2s2-2s2-2__group.3565__X0001	c7610311bcbe119ac46d2d0fbd0e5e00	144	6
work/ext7/2-2s2-1s1c1__group.1923__X01	19b18de4d9f38b145a07a3384d31492a	24	2
work/ext7/3s2-1s1__group.3940__C	018f3d13ed203cfe6fab857ee37b7740	384	2
work/ext7/6-1__group.7464__X01	ab5acf587d366c4271b9d47712cbe904	384	2
work/ext7/2-2s2-2s2-1__group.3426__X01101	170543170dc67f4df8562111b897895f	576	2
work/ext7/2-1s2-1s1s1__group.1313__X00010	e0425519d33631f215acfe2300ac19dc	128	5
work/ext7/4-1s2-1__group.5001__X001	fb3c244fe18c4626690f2144aaedb1f8	128	1
work/ext7/4-1s1s1__group.4706__C	548e973257662d7b6edb6828388522c5	512	2
work/ext7/4-1s2-2__group.5754__X0011	001cf9319c6e7f3378b2b822807ebd89	768	1
work/ext7/2-2s2-1s1s1__group.2344__X1011	1b4a5103018d0541213d0c893c8a760b	96	2
work/ext7/4-3s2-1__group.7278__T	90c2c6989876d608c5aefc7c9924f52e	960	1
work/ext7/2-2s2-2s2-1__group.3293__X100	f1acb56af777b2f08dab6c0aea0fd84e	144	1
work/ext7/4-1s2-2__group.5518__X111	07223d049c808e731ebb1a44cdd58249	288	1
work/ext7/4-1s2-2__group.5435__X001	ebd3bc4295481b30a6500031f90522c6	192	1
work/ext7/2-2s2-2s1s1__group.2842__X0110	597d426b4a8c27dca917422e2d7009a6	144	2
work/ext7/4-2s2-2__group.6932__X110	acc211da6c0b80e987e0484b5259e5af	432	2
work/ext7/2-1s1c1c1s1__group.1113__X011	f3c9c44c0855d0ae50d5d13109c616e4	16	2
work/ext7/2-1s2-1s2-1__group.1600__X1000	d881327705134af8c569868a6ee31702	64	2
work/ext7/2-1s2-1s1c1__group.1307__X1111	339ea465e69f07fe25e2a73923c2a52c	64	2
work/ext7/2-2s2-1s1s1__group.2280__C	cfa57064baac9b4116fb326b31450b07	96	3
work/ext7/4-2s2-2__group.6984__T	f08d5daeb9a39589029eaf94866aec3f	72	1
work/ext7/2-2s2-1s2-1__group.2576__T	85bbfc639468899a0d41a08dd2893338	48	1
work/ext7/2-2s2-1s2-1__group.2643__X100	77461a5ecf638e019bfd273c5dc7a563	96	1
work/ext7/2-2s2-1pc2-1p__min.350__X1	2844aca3c966345244647b0996787780	12	1
work/ext7/4-1s2-2__group.5494__X10	d64fc0a522885946cc557cf2bee27524	192	1
work/ext7/2-2s2-1s1s1__group.2363__X0111	56c298b6fff9af4227099e391f9982c0	96	4
work/ext7/6-2__group.7529__X01	c4306473b70273c453c6518335f8ee76	144	1
work/ext7/2-2s1s1s1s1__group.1890__C	dd33b613a14b8ecbac976e7080a6e31d	192	1
work/ext7/4-1s1s1__group.4685__X101	6fd8bb00c981cb0b5e8846d3dade8725	192	3
work/ext7/4-2s2-2__group.7052__X0111	d0997a0447317eec26c1905f4fe13a96	864	1
work/ext7/4-1s2-2__group.5570__T	5db5c9887e046e9c5d634b8d24c32ee6	3456	1
work/ext7/4-2ps2-2__group.5899__C	019c5a3b4c41f1500d4d3ff2bfb868e6	144	1
work/ext7/4-1s2-1__group.5182__X0011	559d3ec743fe1823f12fa4f483206f6d	512	1
work/ext7/4-1s1c1__group.4575__T	09f57bfb86bc9376336a48ba890e3f70	96	1
work/ext7/2-1s2-1s1s1__group.1398__X010	c1f5904908b0fd950cc02979dff11233	32	4
work/ext7/4-1s2-1__group.4975__X010	d0b69753f21cf52b439ffc884a251299	128	1
work/ext7/2-1s2-1s1s1__group.1316__X10000	1b7cab5116f4a7929d05817700ee2abc	128	4
work/ext7/2-2s2-2s2-1__group.3399__X0111	1674daaee7d710d5ea0b743157ead0c7	288	1
work/ext7/2-2s2-2s2-2__group.3760__T	2f1c8a451c9762321e1cb692164b7ce8	864	1
work/ext7/4-2s2-2__group.7051__X1000	95f85db1352f32ba9d9a92cad9247210	864	1
work/ext7/4-1s2-1__group.5038__X001	29c52be2c02dfb95216fa2723bff09e7	192	1
work/ext7/2-2s2-2s2-1__group.3233__X100	b1c1c46bff56e28e88962723099ac554	144	1
work/ext7/4-2s1c1__group.5910__X100	8c06d81084fcb64b4b29a8fde9209be5	144	2
work/ext7/2-2s2-2s2-1__group.3496__X01	40cedcaf906a1f5aef161e7e69b65294	72	1
work/ext7/4-2s2-2__group.6930__X100	7d26ed20a535e894e1d2537445b347aa	432	1
work/ext7/2-2s2-1s1s1__group.2114__X100	8010325c3f71af7f23cca139bfb2bd89	48	2
work/ext7/2-2s2-2s2-1__group.3379__X0001	deb72c89f20cd7c43022e9c1e2c63c2a	288	1
work/ext7/2-2s2-1s1s1__group.2138__X110	dfd74c9042121d77731592d15cccd941	48	4
work/ext7/4-1s1s1__group.4752__X100	9ee4566f5c20a550e29fe38d75dbdd4a	32	3
work/ext7/4-2s1s1__group.6032__X010	9632fa0f0711f0c1267d96c12994af23	144	2
work/ext7/4-2s1c1__min.570__X11	5dacb0a161f911a4362482933383698a	24	1
work/ext7/4-3s1c1__group.7184__X11	d28bd2726980ce0224d76d074cd96ec4	240	3
work/ext7/2-2s2-2s2-2__group.3717__X0100	40872637db3cf4ccae5cb638d95b6092	432	1
work/ext7/2-2s2-1s2-1__group.2695__X001	48af57940e4e709e64eb9644caeace70	96	2
work/ext7/4-3s1c1__group.7192__C	6da077cff86ed19e2253f3a605376cb8	160	3
work/ext7/2-2s2-1s2-1__group.2450__X0110	9c5ff969f9b099b01b67cd4accbac10e	192	2
work/ext7/4-2ps2-2__group.5899__X01	0f0b1c39c618432e10690cf0a5a17328	72	1
work/ext7/2-2s1c1s1s1__group.1759__X011	d2a3bee67cba2b42a74a94c6a0e76ccc	24	3
work/ext7/2-2s2-1c2-1__group.1909__X010	8e50ffbaedda0fabbe87cac53b0d5c51	48	2
work/ext7/4-2s1s1__group.6035__X100	12dbc60ba70c57bf431b0297ddc6c799	144	3
work/ext7/4-1s2-1__min.525__T	ed3535ffa44aa8e33ae3a86cbfec7831	64	1
work/ext7/4-1s2-1__group.5186__X0010	46f7433fff577d8bd48e058eb384559d	512	1
work/ext7/4-1s2-1__group.5295__X10	6d4cbf3cbeb00dc308777ef76e95f97d	96	1
work/ext7/2-2s2-2s2-1__group.3329__X0111	7302e1e4bcf581baaa2280d86b289d04	288	2
work/ext7/4-1s2-2__group.5847__X011	9a40498f38b116b78ef212386874ed99	96	1
work/ext7/2-2s2-2s1c1__group.2703__C	7f8eae33316017cb764b24703375a7d5	24	3
work/ext7/4-3s1c1__group.7189__X11	58c6c1fcd97c0cd7a27f32b716424619	40	3
work/ext7/2-1s2-1s2-1__group.1514__C	23df02d98b25ceeaf638c911fbfdaee8	256	1
work/ext7/2-2s2-2s2-2__group.3695__C	641c96e52c66c9f84354c619aad2d036	864	1
work/ext7/4-2s1c1__group.5971__C	f6ee20323556a619f86b99721234ddb7	96	2
work/ext7/4-2s2-1__group.6472__T	d1e641723889964ffc9d31a244af86b9	288	1
work/ext7/4-1s2-2__group.5634__X00011	2383c29e72e6f18333b3624b9786c515	384	2
work/ext7/2-1s1c1c1s1__group.1125__X10	19b0770f729d18be4be64b5c4beea604	8	3
work/ext7/4-3ps2-1__group.7133__X100	fc33177bca2e8fc987c47ad4105b733b	80	2
work/ext7/4-2s2-2__group.6988__X10	d0548fb9fb2dd7820755df15022411cc	72	1
work/ext7/4-1s2-2__min.532__X10	dc66178f28a54638b7a07c2599b97332	24	2
work/ext7/3s1s1s1__group.3836__X1010	ee6dfc84a17a0a7476b40764c91abad6	192	2
work/ext7/2-2s2-1s2-1__group.2575__C	ebe63e9a6f202c2a0d2e79b9c1508324	96	1
work/ext7/4-2s1c1__group.6000__X01	44b628179174caae40d2a34db3295010	72	2
work/ext7/2-2s2-1s1s1__group.2063__T	a8562bc95fcc36a4938b22c82b053ba6	24	4
work/ext7/2-2s2-1s1s1__group.2336__X1000	23af9ee05564912d539ab1509d8a95bf	96	2
work/ext7/4-2s2-1__group.6582__X10	223265e8f8a2ae5a1490914a26d0bbf0	72	2
work/ext7/3s2-2s1__group.4206__X011	90e9e85f370382c6e176b3a6e74396b0	288	2
work/ext7/2-1s2-1s1c1__min.250__C	4e2844d020cbccc676f5801b0ece772c	32	2
work/ext7/4-2s2-2__group.6863__X011	0aa58e684db5198ad470d3c4873ba36c	432	1
work/ext7/2-2s2-1s2-1__group.2451__C	a91cbd1f7a6a8b46619cbd247ab297d8	384	1
work/ext7/2-2s2-2s2-1__group.3370__X0001	534830486dbc3eaeddb271f833a98770	288	1
work/ext7/2-2s2-2s2-2__group.3562__X0010	9587bfd234eb1070bdc52e108f043a66	144	1
work/ext7/4-2s2-1__group.6326__T	32ffec85bc2ac6c72cdd8d619f87568d	144	1
work/ext7/2-2s2-2s2-1__group.3406__C	abf8f45863f3f0ea3564b899b1de44c0	96	1
work/ext7/4-1s2-2__group.5395__X100	87a18094d39c0baa7e50d5f588413310	192	1
work/ext7/4-2s2-1__group.6418__T	997d0fc7ce6b740611291a7b649ec9c4	288	1
work/ext7/2-2s2-1s2-1__group.2537__X00111	6de3d7f0d43beea50f96c0fdc17f1c77	384	2
work/ext7/4-1s2-2__group.5569__X01	35cbac1e047d20caada333166474b8b4	3456	1
work/ext7/4-1s2-1__group.5154__X0001	1f93119920c95da1e31d61c884c56747	384	2
work/ext7/2-2s2-1s2-1__group.2565__X010	f156488ad917c4a1c7fcac6901b38947	48	2
work/ext7/4-2ps2-2__group.5890__T	4b9fe430c386ce520d5746dd633bbae8	144	1
work/ext7/4-2s2-2__group.6821__X0011	dc16e008dcd3583eb2e74b83f9c8aefc	288	1
work/ext7/4-1s2-2__group.5764__X0001	44521eb94cb821a21a9c41785d80fbdc	864	1
work/ext7/4-1s2-2__group.5617__X101	0113689f666c1b0d6e0f7ae44592eb8b	384	1
work/ext7/3s2-1s1__group.4029__X10	bbf593309162b48c1191b9421495b476	96	1
work/ext7/2-2c2-2s2-1__group.1664__X101	30333e3840af88989ba0e4480b4930d2	48	1
work/ext7/2-2s2-2s1s1__group.2932__C	89cccb24e359f11feb67614fc6770c21	576	1
work/ext7/2-2s2-2s2-2__min.425__X11	f0d03ab3076b982a5c8003b366ba76c0	12	1
work/ext7/2-2s2-2s2-1__group.3163__X000011	5c74ff10d8a233f3b3520ed2065e8dc9	1152	8
work/ext7/4-2s2-2__group.6827__X0010	a5a32b1f882405cfc86b2073bfee0795	288	2
work/ext7/2-2s2-2s2-1__group.3374__C	df7dfc822fb44cc34647a416875c5809	576	1
work/ext7/2-2s2-2s2-1__group.3279__X011	28db46e97bbbe2950b249987fccc3693	144	1
work/ext7/4-2s2-1__group.6627__T	3074af00080912cc897d6abf0bc4f1fa	96	1
work/ext7/2-2s2-1s2-1__group.2601__X101	bf3b6e3ca19363bc1bcc16a9d92b0222	96	1
work/ext7/4-3s1s1__group.7197__T	d4dd61539204fb2cacab3f9a374ae14e	240	3
work/ext7/2-2s2-2s2-1__group.3359__X0001	855708f0525daa4fda456342765fb355	288	1
work/ext7/3s2-1s1__group.3911__X101	607eb31ace7bd31018deff7630a07192	192	2
work/ext7/4-1s2-1__group.5128__X100	efa633cc055885e79256779040d87f55	32	1
work/ext7/4-1s2-2__group.5366__T	b997f3ead6f84a4b1a53be9dc32a02e1	144	1
work/ext7/2-2s2-2s1c1__group.2714__X1010	cf7fdfaf7cc70c12312ac0e8f7c05d48	144	2
work/ext7/2-2s2-2s2-1__group.3260__X001	d0958c484ca574c65690d221cb0700b4	144	1
work/ext7/4-2s2-2__group.7064__X101	2a29f01a888e5d56a6b890ffcdd8a4cc	864	2
work/ext7/2-1s2-1s2-1__group.1513__C	80a26daf053f7ca291eeb44ede456ce0	256	1
work/ext7/2-2s2-2s1s1__group.3131__X001	d5268e0ded27a3499eed5bc283d0e45f	72	2
work/ext7/2-2s2-2s2-1__group.3232__X110	b45f9acdb64e78315e01ebbe4368bd07	144	1
work/ext7/2-2s2-2s1s1__group.3064__X100	b8e7eac12f95a3f4fad9457375720ac2	72	3
work/ext7/2-2s2-2s2-2__group.3668__X01	ced745db37409ea44a821c11cb350f6e	36	2
work/ext7/2-2s2-2s1c1__group.2811__X010	41301ccc873111184f3125a276ae789e	72	2
work/ext7/2-2s1s1s1s1__group.1872__X1101	f2d950280bc1e6a8da8f9a8855a1674a	48	3
work/ext7/2-2s1c1c1s1__min.314__X1	52562fa5adc7e513d35d9c65ad6ca0f5	6	2
work/ext7/2-2s2-1s1s1__group.2036__X11011	924053efb5948eced9fecdb5df07606c	192	3
work/ext7/2-2s2-2s2-1__group.3351__X0110	4de5259927e727d95606a69cbe14d093	288	1
work/ext7/4-1s2-1__group.4957__X1011	29f0a960f848e29feda70bff422ac275	128	1
work/ext7/2-2s2-2s2-2__group.3549__X001	c4eac1eda322331df3ead1e8724868f3	108	1
work/ext7/2-2s2-1s1s1__group.2386__X1111	004c96fe6c4301813d52062cdd79d337	96	2
work/ext7/2-2s2-2s2-2__group.3693__X1000	78ecb8e0af85ebc08ac134c9398a2ebe	432	1
work/ext7/2-2s2-2s2-1__group.3486__X01	4e3165b0600d1f8bf793b0fd64255d85	72	2
work/ext7/2-2s2-2s2-1__group.3438__T	2f81af2052d6cb663c9a75d51ae6bcc0	576	1
work/ext7/4-2ps2-1__group.5882__C	7f6aca04316e65a750a98ab88c68bb25	192	1
work/ext7/4-1s2-1__group.5176__X0011	cfec04298afd5b9f885528a41b609289	512	2
work/ext7/3s2-2s1__group.4220__X101	e2ca84d19dedd26cd0766d95fa9ad43a	288	1
work/ext7/3s2-2s1__group.4200__X101	db5442c15f8113d8eea7f7ff197a7716	288	2
work/ext7/4-1s2-1__group.4975__X111	e5e9a80db35aee7ba000a511a1c42fc9	128	1
work/ext7/4-2s2-1__group.6474__X001	792d2cffde632e5e29be1210009f1fc8	288	1
work/ext7/2-2s2-2s2-1__group.3196__X111	002b732e3729bda1f3aaf12f6b43bc57	144	1
work/ext7/2-1s2-1s2-1__group.1532__X0001	f7942cce35ebebde0776bf854779b9c8	128	1
work/ext7/6-2__group.7550__C	cb1da524e2bd97bb0e380fd4dcef90b5	5184	1
work/ext7/4-2s2-2__group.6992__X100	1d73fed626e9ba864d8906629974b058	72	1
work/ext7/2-2s1s1s1s1__group.1808__C	04739a319d561edbf331dbcf331a9eb5	48	3
work/ext7/2-2s2-2s1c1__group.2797__X111	32466782dc61f81b6918e3e728bfcc45	72	2
work/ext7/4-2s2-2__group.6787__X11	2b8fd3e308745c58bb87e3bee94fa79a	216	1
work/ext7/3s2-1s1__group.3884__X110	25aa8bd0fb478102c6117de525f31df8	192	1
work/ext7/4-3s2-2__group.7326__X01	c45d7632566329ef6402c7ab8acf5b5d	720	1
work/ext7/2-2s2-1pc2-1p__group.1904__X10	fdb46bbac1ac22d1274f9680a6bde2e7	24	1
work/ext7/2-2s2-2s2-2__group.3681__X1000	7960c3442b5be07491297ae4234e476e	432	2
work/ext7/4-2s2-2__group.7078__X0011	a114965b37445431e97809ca93f6704b	864	1
work/ext7/4-2s2-1__group.6598__C	aaa0bd6b7b3dddfb30fcad21d855c021	192	1
work/ext7/4-1s2-2__group.5789__C	b2802f5d10bf58099e3d6cc8ec741073	192	1
work/ext7/4-2s2-2__group.6724__X11	ccc5870cd144876ad1a4ab1aa1163ab8	216	1
work/ext7/4-2s2-2__group.7053__X0100	74d5c236721690c20fb3d721d123cfc0	864	1
work/ext7/2-2s2-1s1s1__group.2233__C	dd4e5e722f07322c6ec7a82e0dd5d872	96	4
work/ext7/3s2-1s1__group.3968__X1011	e5bf727d3d317bc93f4e4e6c8ad8418f	384	2
work/ext7/3s2-1s1__group.3887__X110	75d0eb848f1ca39aafb5d856ca60d9a8	192	1
work/ext7/2-2s2-2s2-1__group.3419__X001	11fc8420bcf246a444b8727a5014e67e	48	1
work/ext7/4-2s2-1__min.598__X10	d4efbe0a33fa8acf33f234c11519fdb9	48	1
work/ext7/2-2s2-2s1c1__group.2800__X001	fd7ad41a99658a2b2ac074bc0ce61a15	72	2
work/ext7/4-1s1s1__group.4631__X0100	06c8d46a940737c6eaac8fede8904090	128	2
work/ext7/2-2c2-2s2-2__min.306__X10	50321fb6c2c61804e6a260a4ea4d0762	12	1
work/ext7/4-2s2-1__group.6391__X0001	0aad2fa1bd23e4d15d5d065ccfe7ce73	192	1
work/ext7/4-2s2-1__group.6627__X011	7b841d9c9f8158dcef2951a1247097ea	96	1
work/ext7/4-1ps2-2__group.4433__X10	249af2b7ab940ecc7d87b36a57c2874a	48	1
work/ext7/2-1s2-1s1s1__group.1485__X0111	f59a78c03b5f1990941f537f4b38dc9a	64	3
work/ext7/4-2s2-2__group.6936__T	4a563b3e6f9e14ad524a47a34a660623	432	1
work/ext7/3s2-1s1__group.3988__T	da398cf016edddc9695cb003f5d5574f	96	2
work/ext7/2-2s2-1s1s1__group.2030__T	4edfbff2f8a9a904fc1935033f698b12	192	4
work/ext7/2-2s2-2s2-1__group.3231__X100	1afa3df2459ec033ec4e3167fa2c61cd	144	2
work/ext7/3s2-2s1__group.4083__C	6a9e034f5f242cb977bc05de264a74bf	288	2
work/ext7/6-2__group.7607__X01	3fc5f190a62704e548a63419a6ae6ca7	648	1
work/ext7/4-2s2-2__group.7080__X0010	af779fc5aedd0d7a711a7a8e88908904	864	1
work/ext7/4-1s2-1__group.5248__X101	b74f22e1540386346de3dd6e07a6cd26	64	1
work/ext7/2-2s1s1s1s1__group.1830__X001	ccb0544ae07283bb9fa69f37c87503c9	24	6
work/ext7/4-1s1s1__group.4707__X01100	6d20f4f529581c7a086cb9acb246de10	256	1
work/ext7/3s2-2s1__group.4206__T	6eb85eaeae6a5a915b18638b31040c8f	288	2
work/ext7/2-2s2-1s1s1__group.2164__X011	a1fc308f3c9c1d771513c34cfa26e7d1	48	2
work/ext7/4-2s1c1__min.566__T	3608be01019a227da9b5e188510dd3f3	12	2
work/ext7/2-2s2-1s1c1__group.1939__T	b03d4954853bdcb745ac7ab86da5bf11	24	2
work/ext7/4-1s2-2__group.5619__X111	f65d8e587d755570f46ce0c977ee7212	384	1
work/ext7/2-2s2-1s1s1__group.2347__X1011	6ce037f9f725df8580377c1ee046b79b	96	4
work/ext7/2-2s2-2s2-2__group.3711__X0010	4c232f1d9ab8d79f93a02434bd07d271	432	1
work/ext7/2-1s2-1s2-1__group.1595__X0011	a5aee9c4e85076e7be05f64072a95bbd	64	1
work/ext7/2-1s2-1s2-1__group.1548__X001	bc0f0871a7c84d4479e2393d24f4eef6	32	4
work/ext7/4-1s2-2__group.5420__X100	5b48a641022524a91b59e8be62f89943	192	1
work/ext7/4-1s2-1__group.4955__X0010	421608a6d65eb0a207175864bc909c1c	128	4
work/ext7/6-2__group.7503__X11	3a17be1abf98f6d7353586f34a22517d	108	1
work/ext7/4-1s2-2__group.5616__X101	a2dd02d91e05c66f6142d90b895c2571	384	1
work/ext7/2-1s2-1s2-1__group.1544__T	0ed7f9d248e7621e21ff76f44608f9fc	256	1
work/ext7/2-2s2-2s2-1__group.3388__T	ed04cffec86e1024f634e4b3a705d6d2	288	1
work/ext7/2-2s2-1s1s1__group.2389__X1001	f732a45d3920ffe2786b5d2158b6d390	96	2
work/ext7/2-2s2-2s2-1__group.3490__X101	06635d1a46166e73b68fb2221a1646e1	72	1
work/ext7/2-1s2-1s1c1__group.1260__X010	c1f88a81ee711a04f98cbecc53d3c4ee	16	3
work/ext7/4-2s2-2__group.6949__X011	1cd12b159a6336e2f3cb5a503697d8ec	432	1
work/ext7/4-2s2-2__group.6872__X0100	e998b4d438c05472988059297d40ded4	432	1
work/ext7/4-1s2-2__group.5756__X1000	846572bad9d6fab1bba1b1c118d2183b	768	1
work/ext7/2-2s2-2s2-1__group.3311__X10	404963ebe4e645f4d9ab7c0f8ffd7b36	24	1
work/ext7/4-3s2-2__group.7310__X01	0ced1a5199aa216639707014ef821874	360	1
work/ext7/6-2__group.7506__X10	e920e09956af2b97592c04c731ddfee5	108	1
work/ext7/2-2s2-2s1s1__group.2943__X01011	7283d8819e9514c8bb73a7528dfd7cb6	288	3
work/ext7/2-2s2-1s2-1__group.2598__X110	d5d584f2c06a86f0e9fb0329d5282d96	96	1
work/ext7/2-2s1c1s1s1__group.1761__X001	e72057aeefb6603c23db77ab46e8ea06	24	4
work/ext7/4-3s2-1__group.7261__T	9f08ca1f0528d3e304f39364269cb669	480	1
work/ext7/4-2s2-2__group.6868__X0001	28af055ee975454b06db1d820b646e7d	432	1
work/ext7/4-1s1s1__group.4592__T	3d3c3563600f43b036a2c73a620a695a	128	3
work/ext7/4-1s2-1__min.515__C	84f579b61397c6cf07a5d53dbb7e7615	64	1
work/ext7/4-2s2-2__group.6650__X101	3756a8feccf50a496310dac058bce293	144	1
work/ext7/2-2s2-1s2-1__group.2573__X011	ed7b1e1dd571faa3215fae4f62c0cadd	48	1
work/ext7/2-2s2-2s2-1__group.3382__X1010	083e83065890d8063ee5fff3b9d67624	288	2
work/ext7/3s2-2s1__group.4197__X010	87ea8b769405e8ae8881f17f9db4a300	288	2
work/ext7/2-1s1c1s1s1__group.1138__X100	0bfbeaccd3bcd954b8af6ae78b550cfe	16	3
work/ext7/2-2s2-1s2-1__group.2467__C	e7b19e2637162f6d20942fba309dc43f	384	1
work/ext7/4-2s2-2__group.6812__T	b64690fc76621a820253f07e63f1791c	24	1
work/ext7/4-2s2-1__group.6611__C	256df023acd2354f9e1b70e2d53f72d1	192	1
work/ext7/4-1s2-1__group.5250__C	95aca9965784137e9795f02b77c30be0	128	1
work/ext7/4-1s2-1__group.5030__T	a008d8640453e3f22640945e5353cd60	192	1
work/ext7/2-2s2-1s2-1__group.2526__X0010	d4cb154ba7860ee701c25a01c99ebf8d	192	2
work/ext7/4-2s2-2__group.7054__X0011	f147bccebea4ca2b346c0a56c7e5a3cd	864	1
work/ext7/2-2s2-2s2-1__group.3403__C	ec2d0b6ff042d030567f3b26f776624a	72	1
work/ext7/3s2-2s1__group.4236__X001	26064b9291a68653e98aa49469fe0949	288	1
work/ext7/4-3ps2-2__group.7148__X0010	14fb1f434f9a90ac8f0373e60c549246	240	2
work/ext7/4-1s2-1__group.5187__X1010	fa4107b69e5b235f9c84905b049b7109	512	2
work/ext7/4-2s1s1__group.6116__T	f7857db7a3be8d6c7432065923ca344e	288	2
work/ext7/4-2s2-2__group.7041__X0011	4196e51baaff0fd53aa1b712837ebc8f	864	1
work/ext7/2-2s2-1s2-1__group.2696__X001	b7f2bd8cc94ac2aec05eb071d905dcb0	96	1
work/ext7/2-2s2-2s2-1__group.3269__X110	8b01ddc16ed4c3b6b9d7d3f1ac9173c0	144	1
work/ext7/6-1__group.7424__X01	4ece50df5513adcab7883568d664cf40	1152	1
work/ext7/2-2s2-2s2-1__group.3304__X101	f1761d08a7b5e72f53c826fe29cb87a9	144	1
work/ext7/2-1s2-1s2-1__group.1533__X0011	79e60c91386e3e1612ba424e5433b100	128	1
work/ext7/4-2s2-1__group.6543__T	8cb7ec6c83be99f0d809869863a781f6	576	1
work/ext7/2-2s2-2s2-1__group.3498__X01	87410c93d506d4bad79b18191d5c3244	72	1
work/ext7/2-2s2-1s1c1__group.1981__X010	622823be36ad49d452fb331a8f40ecda	48	2
work/ext7/2-2s2-2s2-2__group.3593__T	5f344485c2154666b843c4b2a4b77204	216	1
work/ext7/4-1ps2-1__group.4427__T	0f579d6ba7acafbf97014c374de9538d	64	1
work/ext7/2-2s2-2s2-1__group.3239__X001	d1c5090b688e8954ddff55e47d163ed2	144	2
work/ext7/4-2s2-2__group.6814__T	0c1d60980196767935fc77a2515928e7	24	1
work/ext7/6-1__group.7461__X011	458b4c3c604720bcd3b3324073680726	384	1
work/ext7/4-1s2-1__group.5284__X101	90ca26916d61f6e2a9eb3a5ec58d4158	768	1
work/ext7/2-2s2-2s2-2__group.3720__X1000	3741e42c23598e0e86210ef983b458d8	48	1
work/ext7/4-3s2-1__group.7245__T	53c6f9de763881017920b1af774c9a77	40	1
work/ext7/2-2s2-1s2-1__group.2462__X1011	529dcf95782c650fd12fea116c724775	192	2
work/ext7/4-2s2-2__group.6649__X110	c15be16858bcac46e98700d7f3ef7cc4	144	1
work/ext7/2-2s2-2s1c1__group.2796__C	e6b4dc7ca429204f2b50f1fe800d719d	144	3
work/ext7/4-2s2-1__group.6435__X011	ee7640c4d5463c6eaad2aa45d0fb554c	288	1
work/ext7/4-3s1s1__group.7200__C	5c5fb65bd445fea3411769e13a9ab5a1	480	3
work/ext7/3s1c1c1__group.3777__X10	54d9d1321b513e22e96ad0a50402d988	24	1
work/ext7/2-2s2-2s2-1__group.3406__X101	89887aa0ad0aebc546a55c527252716f	48	2
work/ext7/4-2s1c1__group.5912__X100	a7ea0a5e704686c22301b487c5c47de8	144	2
work/ext7/4-1s1c1__group.4472__X011	b5bbd8f359d71b29ae74fbf1085727cf	16	2
work/ext7/2-2s2-2s2-1__group.3382__X0111	6a329ab8e91d7f0436ce96d38c2c0ad6	288	1
work/ext7/4-1s2-2__group.5487__C	8bcd41c61215a9837a05a59dade3c8c5	384	1
work/ext7/3s1c1s1__group.3811__X01	6d9b033fe84b6fda28783fa5efbac814	48	3
work/ext7/2-2s2-2s2-2__group.3654__X01	7749fd5c03b8346cb501f630f1488046	36	1
work/ext7/1s1s1s1s1s1__group.1078__C	1525ffd4ab41cc6700b0ce8f2f10c465	64	16
work/ext7/4-1s2-2__group.5479__X101	51372ca5552daedc2ae956c437de2732	192	1
work/ext7/4-2s2-2__group.6646__X100	e3c44ca3421b8ead372626b8026b042f	108	1
work/ext7/4-1s2-2__group.5626__X1011	de73a3c4e5df2c87e41548c00a332ca5	384	1
work/ext7/4-2s2-2__group.7049__X010	f44fbe8bea547df2ddb550b691d9327c	864	1
work/ext7/2-2s2-2s1s1__group.2938__X10101	d87f480160d0c3bc71ef132e103eef3a	288	8
work/ext7/2-1s1s1s1s1__group.1219__X1010	e0c71a6b57f345a4423e8c7b4b5f65f6	32	3
work/ext7/4-2s2-1__group.6345__C	9c18e359995aad8ede9cfacaaf291400	288	1
work/ext7/2-2s2-2s2-2__group.3563__X0011	d4d94af4e9ffa00c104ccf43c448212a	144	1
work/ext7/5-2s1__group.7395__X11	c05aa16979a09e488f0fe675d29d519a	1440	1
work/ext7/3s2-2s1__group.4147__C	7f69945b5dd6945beb182c06a06a7bb5	288	2
work/ext7/2-2s2-2s1s1__group.2868__X1000	f921122a98f0562aed28bd3de66ef6d8	144	4
work/ext7/2-2s2-2s1s1__group.2824__X0110	30e4c2bba174fe900a85306377efe8aa	144	4
work/ext7/2-2pc2-2ps1s1__group.1617__X101	565c8b207fc67253aadca3a60dd8b951	24	1
work/ext7/4-1ps1s1__group.4406__T	d7fb310df6cfba4e258e1373f5d1fe9c	16	3
work/ext7/4-2s2-2__group.6720__X00011	e41b2131beee351d9587e43ccda741ab	1728	1
work/ext7/4-1s2-1__group.4969__X0100	6251aed3ea7c1a995629907f110b391f	128	1
work/ext7/4-1s1s1__group.4605__C	6ca49a684b7ccee2bdf2573799a617c8	256	3
work/ext7/2-1s2-1s1s1__group.1443__X0110	d08a140a2089f1b7e32cb6abeaa80055	64	3
work/ext7/4-2s2-1__group.6309__X0100	e2b46f538a7f8eb722e09e720d1356bd	1152	2
work/ext7/2-2s2-1s1s1__group.2182__X011	9d0342b96f4c6e886c9bb72a67e8b7b2	48	4
work/ext7/2-1s2-1s2-1__group.1547__X00101	f284e3074f4386cada33e50e2dc7fa90	256	1
work/ext7/2-2s2-2s2-1__group.3200__X010	8c87c733b55ed1f552728870262df427	144	1
work/ext7/3s3__min.466__C	0216a0f4182207b63f49767dfe4afe54	96	1
work/ext7/4-1s1s1__group.4881__X001	9a919642a1c2324294db1bedd11bad94	64	1
work/ext7/3s2-2s1__group.4335__C	59e76558480bdd3b678a28f9d3b8bf11	192	1
work/ext7/2-2s2-2s2-1__group.3493__C	cc30751b323190ed1103ef7dd762141f	144	1
work/ext7/4-1s2-2__group.5358__T	38f4052e66397e2c195cdf1af40ee99e	144	1
work/ext7/2-2s2-2s2-1__group.3426__X10101	20d7749ed4dd6c1c0632ef47a3b59e1e	576	1
work/ext7/4-1s2-1__group.5152__X001	97867d09fb3cde3ef82519c7d42f0ec8	384	1
work/ext7/4-2s1s1__group.6043__T	f8369c48c4dcf74b4137a09b309366e9	144	2
work/ext7/6-2__group.7613__C	787f156e151b689ba13dc96e82fb8e8d	144	1
work/ext7/2-2s2-2s2-2__group.3700__X0011	e01bd9a4eb9308fe25fc97ca575ed0ec	432	1
work/ext7/4-2s2-2__group.6711__X0001	35cb67e5be67f38d2fe3f22ed81ccf1f	1728	1
work/ext7/2-2s2-2s2-1__group.3343__X1000	b56fe50de4f5e5f607738f19fa2123e8	288	2
work/ext7/4-1s2-1__group.5083__X0101	c257b80d2b9cbabec8b38edde877c75c	256	1
work/ext7/2-2s2-1s2-1__group.2636__C	1836d012e875224770e69aba1245e571	192	1
work/ext7/6-1__group.7422__X10	e46c83ed2b56061a58000f5468645ab8	1152	1
work/ext7/4-1s1s1__group.4858__T	a7b5292fab388fe06c6e6bc75aed448a	64	3
work/ext7/2-2s2-2s2-1__group.3273__C	8c0f90cd9e4991aac069393aa75632a8	288	1
work/ext7/4-1s2-1__group.5079__X000110	9cb76d6d204b30392d9ad40e06600c33	256	1
work/ext7/2-2s2-1s2-1__group.2473__X1011	8a813b8794a4c6c958ac5547c925e2db	192	1
work/ext7/2-2s2-1s1s1__group.2100__C	a5235448884eecd499c9e8228464b8c6	48	3
work/ext7/4-1s2-1__group.5174__X01001	e41c8e9cb7c97a249a80045872c89efa	512	1
work/ext7/4-1s2-1__group.5261__X110	04386fd3d165a6c7b32d90345be7bd0d	64	1
work/ext7/6-1__group.7458__X01	071d35b058f2940dcba89648d9a4853f	288	1
work/ext7/4-1s2-1__group.5061__X011	6b9f8a90a0c15c1e67efe7c2c952bf14	256	1
work/ext7/2-2s2-2s2-1__group.3318__X1000	17acd8828e8ed9f8fc822850f3af4a8a	288	2
work/ext7/2-2s2-2s1s1__group.3149__X010	11b1de34c1d6306abfece1f959cc3744	72	2
work/ext7/2-2s2-2s2-2__group.3651__X11001	50ee8256e6f603bda6ea6dfbe57a0677	288	1
work/ext7/4-2s2-1__min.591__X11	2005f95b6bebc70788a360636588f5ed	288	1
work/ext7/3s2-1s1__group.3893__X111	43658478fa01e1eb91abbd805d432afd	192	2
work/ext7/4-1s2-1__group.5187__X0110	16b6846fdddd82dff1446b501d53df11	512	1
work/ext7/4-1s2-2__group.5734__T	4274aad9d537fe615e50eb97efe7501f	6912	1
work/ext7/4-1s1c1__group.4510__X101	5deaa60dfdd29b0d91807db1f6f7abe7	32	2
work/ext7/2-1s2-1s1c1__group.1293__X111	7137a12db3edff3e1ee862df5cbe2864	32	1
work/ext7/2-2s1s1s1s1__group.1815__C	990b0ec01124f1e3cad846a8f4de4e15	48	5
work/ext7/4-1s2-2__group.5835__C	0677e32c8de259da802ae95d395e4b1c	192	1
work/ext7/2-2s2-2s2-2__group.3536__X001	ba5f47b024e342d650180e6708302cc4	108	2
work/ext7/2-2s2-2s2-2__group.3634__C	9a0b9111387596a88ea2e76407a7dc4a	432	1
work/ext7/4-2s2-1__group.6385__X001	99b32f8cc45c85db1118cade3d14091d	144	1
work/ext7/4-1s2-2__group.5747__X0111	43c6262e936a0032156f030ce592a348	768	2
work/ext7/4-2s2-2__group.7042__X1100	24f0afb319d3d6ee2a1e03ce6954922c	864	2
work/ext7/6-2__group.7609__T	d531181477990de72834d73260bdaaf9	72	1
work/ext7/3s2-1s1__group.4021__X10	e35c627dd610e3e25bf579da4ff258f8	96	2
work/ext7/4-1s2-1__group.5235__X0001	e6d8179aecab0373e03b87d5a6ad20e1	64	4
work/ext7/4-2s2-1__group.6572__T	8d9cd010f7a8e83f8820d3685a3d82f5	576	1
work/ext7/2-2s2-2s1s1__group.2831__X0101	a6724d62641abe775a3a464292a854f9	144	1
work/ext7/4-2s2-1__group.6610__X111	4f7f0b38525a2b59a9616452f436587b	96	1
work/ext7/4-1s2-1__group.5130__X010	55a4a4c8a7f3d050f2541af9e651d5aa	32	1
work/ext7/2-2s2-2s2-1__group.3229__T	f3ddddc018dcd1ea5ee41f7c6895e7f0	144	1
work/ext7/4-1s1s1__group.4878__X110	fab531be4988ac8f5a750c2a13028db5	64	3
work/ext7/4-2s2-2__group.6862__X010	b543c327abc7bdc3e09d4e7034b05d31	432	1
work/ext7/5-1s1__group.7349__C	f02f719cddf1c2e342c3c9964d49df59	320	2
work/ext7/2-2s2-1s1c1__group.1986__X100	cf1230f2349a048057caa03aff452aaa	48	1
work/ext7/2-2s2-2s1c1__group.2745__X01	df4c007f1ad6cf5b201fdf7f10f04599	36	2
work/ext7/2-2s2-1s1s1__group.2361__X0110	9996f8d4f87f2069761830ae263a2ec3	96	4
work/ext7/4-1s1s1__group.4631__X0110	c0cf3607a89fb80a97f5461dd0dca144	128	2
work/ext7/2-2s2-2s1s1__group.3105__X010	6cf88d5e103dbfc80198d65921694116	72	4
work/ext7/6-2__group.7577__X001	e719cf3e7a375b1c0c03c15afb21f422	432	1
work/ext7/2-1s2-1s2-1__group.1538__X1011	451a7f2804ff8f8ac6fd22b0b1bda244	128	2
work/ext7/2-2s2-2s2-1__group.3323__X0011	340b271784d8ced9ddc3bfc9910182bb	288	4
work/ext7/2-2s2-1s1c1__group.2016__X1000	d25f2081f471b848ca8a007bc1529146	96	2
work/ext7/2-1s2-1s1s1__group.1439__T	f190450830cba077f95d6da1214a23f5	64	2
work/ext7/4-2s2-2__group.6984__X01	bb862d98b7d2c4e123e7544e86c2636f	72	2
work/ext7/4-1s2-2__group.5472__T	6f4bf2aaa4106d944bb866b824e6080a	192	1
work/ext7/2-2c2-2s2-2__group.1679__X001	c1e21b39af64e5067397606eaed28ff0	36	2
work/ext7/4-2s2-2__group.6956__X001	d9f0c7d2c186fb816d35977b80cdaddb	432	2
work/ext7/6-2__group.7578__X010	91ad71ddd82c9dc76e225dec17c8cf35	5184	2
work/ext7/2-2s2-1s2-1__min.394__X10	53c76de06b15e8a170e47b05a2ef6b4b	48	2
work/ext7/4-2s2-2__group.6864__X101	d43fdef6fa8849612345c78ae9e80a1f	432	1
work/ext7/4-1s2-1__group.5256__C	b734eccb38ba8e928a4248a5cf222744	128	1
work/ext7/2-1s2-1s2-1__group.1572__X001	26f6ed1eb9fdde076d58ec47d4c6b76d	64	4
work/ext7/4-3s1c1__group.7187__C	5bca3903c435e17f4b68b61e61154ee1	80	2
work/ext7/4-2s1s1__group.6121__T	45f605fed3634d8bfdefb65c21af42e9	288	4
work/ext7/2-2s2-2s2-1__group.3317__X0111	8a005321508ae75b7569a6d060065259	288	1
work/ext7/3s2-1s1__group.3964__X111	df7d4c01efd7343db39117ec0917694b	192	1
work/ext7/4-1s1c1__min.483__X10	1f2ab9056377887cefe6f2d85837254a	24	1
work/ext7/6-2__group.7611__C	3b886b6daa04307a9a64762c8e6f8638	144	1
work/ext7/4-1s1s1__group.4667__C	073b65591a0970db3fdd2b89198d0341	384	2
work/ext7/4-2s2-2__group.7089__X1000	0e724ae9c27e632112c949b2ef106c67	864	1
work/ext7/2-2s2-2s2-1__group.3419__X101	de4007e90322b87c540bc4c7cb7e1276	48	1
work/ext7/2-2s2-2s1s1__group.2890__X0001	f314267c7df641c770475e5a07ffc771	144	2
work/ext7/4-2s2-2__group.6983__T	11fcc2aa57f8991b37dc77f524a64091	72	1
work/ext7/4-1s1s1__group.4720__X1011	b3d21b693ae91aba75bf74227e0645cc	32	4
work/ext7/2-1s2-1s1s1__group.1371__C	944ff569ff15f9972e04a3840a05fca5	64	2
work/ext7/2-2s2-2s2-1__group.3171__X001	2fb2e49defcf557263475525eaa10ea8	144	2
work/ext7/4-2s1s1__group.6155__X001	097d0ac13e1c565d594a5d8ee139433b	288	2
work/ext7/3s2-2s1__group.4068__C	5678a56e9337b47b7ab0e99c81b3099d	288	2
work/ext7/4-1s2-1__group.4985__T	b90b45ebf8fb19be5894ac8006dbf8e0	128	1
work/ext7/4-2s1c1__group.5935__X011	1b33285afcb7a7fa04a926fe2891c7d4	144	2
work/ext7/4-3s2-1__group.7253__X01	576522f8d735444e498b875769f5fec8	480	1
work/ext7/4-2s2-2__group.6831__X00101	9e2ecdf436b81d504acb5cbcff798142	3456	2
work/ext7/4-1s2-1__group.5082__X00001	20f52160102d2775b6b890520441f497	256	1
work/ext7/4-2s2-1__group.6500__X001	e6419849d09120c2a89a23bf11a2bc00	288	2
work/ext7/4-2s2-1__group.6488__X001	e2f139bf7115d6004765fd5cd077fafe	288	2
work/ext7/2-2s2-2s1s1__group.2871__X1011	975315e8f8f755e443d89a5bbb2411f2	144	2
work/ext7/2-2s2-1s1s1__group.2272__X100	1274a9a1e2a392f44fda0cc9a98b0b0a	48	2
work/ext7/4-2s2-2__group.6672__X010	2028e38030fd94f6a915018cafab1ae0	144	2
work/ext7/4-1s2-1__group.4989__X010	fb89d6b993d7ada277d8b77464b150fc	128	1
work/ext7/2-2s2-2s2-1__group.3282__X011	b2c4e9269c60fc0e1aae8b4be987f3f0	144	1
work/ext7/4-1s2-2__group.5469__X00011	465c6714f47babfc8919ca2005cf1d0e	192	8
work/ext7/4-1s1s1__group.4678__X0110	5073e2731dac2861da3ec87fdd484e8f	192	3
work/ext7/4-3s2-1__group.7251__X10	b043f46c1dca13b195d6e78f1d095967	480	1
work/ext7/4-2s1s1__group.6042__X0001	c7947a25cbeb1ed129989e72e0cd5d27	144	2
work/ext7/2-2s2-1pc2-1p__group.1905__X10	24b4099fa2d0a7eda3aa0ff2cef65c9b	24	1
work/ext7/6-1__group.7481__C	836f390dc9b16092f54a27c3cbfa4814	1152	1
work/ext7/4-2s2-1__group.6356__C	bbe28a5b8bc059b0447e583830d02daa	288	1
work/ext7/6-2__group.7543__X01	6445ea0ae62fc1de63dc92ab41c2d8c8	216	2
work/ext7/2-2s2-1s1s1__group.2113__X100	c9d6f3da4b0ddc5b6e1e3d0366214f75	48	4
work/ext7/3s2-1s1__group.4019__X10	a65c1516f30c02a0a3c5a22a63bf3aa6	96	2
work/ext7/2-2s2-1s2-1__group.2608__T	a0ca1d6ef8a174a84cf93a049ea2290e	96	1
work/ext7/3s2-1s1__group.3950__X100	833c19eddcc830083cb41c3695b0290e	192	1
work/ext7/4-2s2-2__group.6742__X010	5116dfdbfd2c109a7deb86c721688e44	216	1
work/ext7/4-1s2-1__group.5086__T	8c6896aaf61707567a5946acede83554	256	1
work/ext7/2-2s2-2s1s1__group.2855__X0010	e07fc571afbef746c351a1ef418aed38	144	3
work/ext7/2-2s2-2s2-1__group.3169__X001	deae546250010f66a5aba0f767c5ed14	144	1
work/ext7/2-2s2-2s2-2__group.3580__X101	e672a75c7b2465caa7cf69aa4c0dc230	216	2
work/ext7/4-2s2-1__group.6347__C	2bd7806ecd1e47cda8dbca3966b19803	288	1
work/ext7/2-2s2-1s2-1__group.2481__X0001	ae51f6969c3e866d295edc0ceda7095f	192	1
work/ext7/2-2s2-1s2-1__group.2557__X01	b09309ffc3c0be9b316f65c93b2639e5	48	1
work/ext7/4-2s2-2__group.6721__X0110	d4278c0f397500d4271f81b4f55b59b2	1728	1
work/ext7/4-2s2-1__group.6442__X1000	0e69dea013d7c5bf0bdf91fed4f8df15	288	8
work/ext7/2-2s2-1s2-1__group.2626__C	d80a8f4d28f0b8177f28217b316e8145	192	1
work/ext7/2-2s2-1s1s1__group.2055__X10	2ee1d909c7405b955e023510864fb01b	24	3
work/ext7/2-2s2-1s2-1__group.2640__X010	50350c052d5944dee92f946d0ee64eb0	96	2
work/ext7/2-2s2-2s2-2__group.3715__X1100	dd1a1f074d58916731554450988f5449	432	2
work/ext7/4-1s1s1__group.4729__C	c0591b30118d37372adc024e25973965	64	3
work/ext7/6-1__group.7416__X10	3fe339472191ee600af20a41a0b27e22	1152	1
work/ext7/2-1s1s1s1s1__group.1219__C	d4c9693fa11ae627a19ca708d29546ed	64	4
work/ext7/3s2-2s1__group.4143__C	d898b49b61a4b12c4faf497170f6a142	288	2
work/ext7/2-2s2-2s2-1__group.3254__X101	3a4c8b189d5373ef99ee0ec07bf92d25	144	2
work/ext7/4-1ps1c1__min.468__C	05f7be01f341415c4d5e1623d92dbffe	16	2
work/ext7/2-2s2-2s1c1__group.2810__X010	cc7da366fe563309840126d62c8d1957	72	2
work/ext7/4-2s2-1__group.6610__C	452824c98e09257fb3bc3dabbe1deb1d	192	1
work/ext7/4-1s2-2__group.5423__X010	4952a342a8d014e6d6cccf18049db10c	192	2
work/ext7/2-2s2-2s2-2__group.3711__X1001	f9f92c16737b0e112f6c0b460d141adb	432	2
work/ext7/2-2s1c1s1c1__group.1745__X1101	76d98b251366d6b3abc2ae9838af28e1	48	3
work/ext7/2-2s2-1s2-1__group.2693__T	d9256b9f85131caabbf53c04ade63320	96	1
work/ext7/4-1s2-2__group.5617__C	9f3f83a20a0d29123ef9cee8aeae4ac0	768	1
work/ext7/4-2s2-2__group.6829__X1100	dd6c9dd6764fe97b28aa4b950ba69ae5	288	1
work/ext7/4-1s1c1__group.4484__C	5810ed9209fabc315b0c18f4a05ace43	384	2
work/ext7/2-2s2-1s1s1__group.2185__T	bc0a8dfa5b1861bca67c5daa39686eee	48	3
work/ext7/2-2s2-2s2-1__group.3379__T	5c3097b8be629f44c6b3db72e4637daa	288	1
work/ext7/4-2s2-2__group.6966__C	91d0b5c9291d954951383a754cea5bf7	96	1
work/ext7/4-2s2-2__group.6977__C	8b26ccae48ab72e347d4d14ac778672d	144	1
work/ext7/3s2-2s1__group.4196__X001	b3a9ab6347f3d2d873a7903ca82909fe	288	2
work/ext7/4-2ps2-2__group.5889__X001	09b10f1dee9eca70c9d6b91ab824ab16	144	1
work/ext7/2-2c2-2s2-2__group.1684__X001	240f25b1b99539169b4d6b086e7bb178	72	2
work/ext7/4-1s1c1__group.4506__X011	2d7ff61cb4810fed29cabadd73894b8f	32	3
work/ext7/3s2-2s1__group.4199__X100	95bef208399dc4b86dfabcdf2c6040ae	288	2
work/ext7/4-1s2-2__group.5406__X001	1abacc07248db5ffe821536809bfa669	192	1
work/ext7/4-1s1s1__group.4582__C	bad1853d4d2cde65123ca4c3a6f38bbf	2304	2
work/ext7/2-2s2-2s2-1__group.3277__T	f2e4b9d91828ffa62e39cd0c8fa0da38	144	1
work/ext7/4-2s2-2__group.7036__X101	6604fa67d19a5ef71fae969cfa162961	864	1
work/ext7/4-2s1s1__group.6246__X10	bca4db7e60e40d73fc873e7fa548a9a5	72	2
work/ext7/3s2-2s1__group.4236__X010	23ab5dcc736f558717d1adf04ebed711	288	2
work/ext7/3s2-1s1__group.3887__C	d3532b7a5fb420a508ca1b9c36fde327	384	1
work/ext7/2-2s2-1s2-1__group.2466__X0011	978951679f0efea8fa4ddc8499691b5a	192	4
work/ext7/3s2-2s1__group.4307__X1111	576e34ee892948eebf03cbdb2e6c661c	576	1
work/ext7/2-2s2-2s2-2__group.3530__T	9e5ded199261ae1eaaf88457aae3e0e4	108	1
work/ext7/4-2s1s1__group.6306__X1101	236e051914c0399b675a61388e21d72d	96	1
work/ext7/2-2s2-2s2-2__group.3701__X0100	cabfa7bc2f432d4e402b737bf3028550	432	2
work/ext7/4-2s1c1__group.5983__T	d95d4afe74e85104ee488e4bc169a452	72	2
work/ext7/2-2c2-2s2-2__group.1667__X1000	76bcf177046fdbdcf6010bd6773a85ee	144	2
work/ext7/2-2s2-1s1c1__group.1928__T	7d28ea3a5162fc48e786572648e28526	24	2
work/ext7/4-1s2-2__group.5394__X001	42b14fba03043e88c72ed166f63c44ee	192	3
work/ext7/2-2s2-2s2-1__group.3435__T	f8d61acfd4845f50d899265df38f5d22	576	1
work/ext7/2-2s2-2s2-2__group.3571__C	e223b2ad4efae939bb9d88937959595f	432	1
work/ext7/3s2-2s1__group.4212__C	8f94f5dea166c34eb7d83ae3b92d4184	576	1
work/ext7/4-2s1s1__group.6005__T	ed838807dbe0f40707aa42642d2d87b5	1152	2
work/ext7/2-2s2-1s1c1__min.364__C	27c82c1199109fc8c2deb418edf7a6aa	24	2
work/ext7/2-2s2-2s2-1__group.3294__X011	aef87a46ee0b002ac32e29be9f440550	144	2
work/ext7/2-2s2-2s1s1__group.2879__X1100	4edeee047ba7890d6fd7ade0f3f60bc7	144	2
work/ext7/4-1s2-1__min.506__C	1e3af009bae280700bc521dea37c3d42	32	1
work/ext7/2-2s2-1s2-1__group.2464__X0010	8e6bca396c628e27930b5b90d74e97b9	192	2
work/ext7/2-2s2-2s2-1__group.3168__X010	6737c718197e52524e38b8389e5927b0	144	2
work/ext7/2-2s2-1s1s1__group.2358__X0101	371099975b3c233c2427b28157b5e9e6	96	2
work/ext7/4-1s2-2__group.5697__T	4e9a051487d7767a7b64b9feb59bab5c	576	1
work/ext7/2-1s2-1s1c1__min.251__C	cd9c10ce1d2879060ba2e42e67d2b58c	32	2
work/ext7/4-2s2-2__group.6810__C	b24c5722014c35148efdcf1d2c50beae	48	1
work/ext7/2-2s1c1s1s1__group.1794__T	8ca429c6ccb4bbccec1bc46f172983f2	48	6
work/ext7/4-1s2-1__group.5115__X001	1f4b273e8525c0816081539e84fcfd13	288	1
work/ext7/4-2s1s1__group.6296__X1010	014210046e4de653ebc52ce0a68ee73d	96	2
work/ext7/3s2-2s1__group.4067__T	554d02e9eededc6b4436eb6ead806159	144	2
work/ext7/4-2s2-2__group.6901__T	14b8e72d0a534ffc6b1b25e0ad72b212	432	1
work/ext7/2-1s2-1s2-1__group.1567__X110	c7e5fdfc6f743b1f5b9bb4d997f260f5	64	2
work/ext7/4-1s2-1__group.5063__X100	f156dc13999f92b6a63eef3771c2ff8c	256	1
work/ext7/4-2ps2-2__group.5904__X11	c8bd72b0d7ebe3d0151361d983343072	72	1
work/ext7/2-2s2-2s2-2__group.3610__T	796f1a6a8608f26a93c77441cc06208c	216	1
work/ext7/2-2s2-1s2-1__group.2650__C	8964fb22fc1c456729369768b00ebd45	192	1
work/ext7/4-1s2-2__group.5485__X0101	567a09b8c119e005d7b4600fb503e8eb	192	1
work/ext7/4-2s2-1__group.6589__T	e88508ed9e9bf552a279afb678d98acc	72	1
work/ext7/4-1s2-2__group.5412__X011	beb96e474098e54dc62719f76764bc07	192	2
work/ext7/2-2s2-2s2-1__group.3279__C	9e87536b3053b2263939317927140bec	288	1
work/ext7/4-1s1c1__group.4512__C	9045fc79d8d5ce2d51d46a001d36c13f	64	3
work/ext7/4-1s1c1__group.4472__X111	6ba94f08f3dc067d8d05f6dc00087273	16	2
work/ext7/4-2s2-2__group.6874__X100	65070709a89811731739211ebba13c29	432	1
work/ext7/4-1s2-1__group.5062__T	80ca6de99795621e33e8f93e338c0464	256	1
work/ext7/4-2s2-1__group.6361__X01	eb3235c8bd229839cc8e2192e392816f	144	1
work/ext7/4-1s2-2__group.5736__X111	ef623d8d4effe0cac5b84f253f014d88	6912	1
work/ext7/4-2s2-1__group.6341__X110	9b666d4bba5933e9618945f35dff66a7	144	1
work/ext7/4-2s2-1__group.6412__X100	75cbe4af6e9d049dfbe94214f103c60b	288	1
work/ext7/2-2s2-2s2-1__group.3429__X01001	1e427b88d3c69d9c0b000fd30accce4e	576	1
work/ext7/4-2s1s1__group.6184__X100	9f07434a5dacb0bf470bbadd4500377d	48	4
work/ext7/4-1s2-2__group.5496__C	c8efaa5af14175c1fd01096b9e637baf	384	1
work/ext7/2-1s2-1s1c1__group.1299__C	9cafc61650dafa406f23e0505f0540de	128	3
work/ext7/4-1s2-1__group.4991__X100	13ef018acec9a0d24a793d0219308c94	128	2
work/ext7/3s2-1s1__group.3926__X011	5c04eda241896b73b36fd9550701a931	192	2
work/ext7/4-1s2-1__group.5187__X0011	76746847eb88edff6949c300d0944211	512	1
work/ext7/4-3s2-2__group.7291__T	582e4a4b11d34ff4b747c8983722e2ae	1440	1
work/ext7/4-2s2-2__group.7026__X110	821acf09f3c582044798167a6d676ea2	864	1
work/ext7/4-2s2-2__group.7059__X1011	ce4047d1e452dde829da2aa357e22bde	864	1
work/ext7/4-1s1s1__group.4748__X1100	bf9d3035261848c8aacda5bd4328c672	32	4
work/ext7/3s2-2s1__group.4148__C	2e39ce8e3bc5690c403ba63a57516a12	288	2
work/ext7/2-2s2-1s2-1__group.2474__X1001	4fa1fe741adb2cd4e6ee2c7c44fea666	192	2
work/ext7/4-1s2-2__group.5321__X0011	856e01be6ca2f3bbc65edcd502aba091	1152	6
work/ext7/4-2s2-2__group.6715__X0010	699cb5290290e050a493404bd13f0b4a	1728	1
work/ext7/3s2-1s1__group.3942__C	4fc65f5a3b3c7ca45cfef42e88c29766	384	3
work/ext7/2-2s2-2s2-1__group.3505__X0001	bb52d1ca71434f168d366fdb115e1988	96	4
work/ext7/4-1s2-1__group.5021__X0111	b5b05652daf737298bfb1934f21996b3	1536	2
work/ext7/2-2s2-1s1s1__group.2323__X1000	a378d2b391308d0861865d2b5a9ee676	96	3
work/ext7/2-2s2-1s2-1__group.2647__T	834e7566cd1c12d3e7a8334f5d6ce7d5	96	1
work/ext7/2-2s2-2s2-2__group.3515__X01	8e1262fcb2226e7781dc36d8f36a5695	108	1
work/ext7/2-2s2-2s1s1__group.3132__T	0d113d3cb0ec5c6989ceaf227e324acf	72	2
work/ext7/2-2s2-2s2-1__group.3287__X010	10ddc159adbc0c60a8639bff045a986e	144	1
work/ext7/4-2s2-2__group.7073__X0100	62ed99833fbd6aa0b814eeb57ebae536	864	1
work/ext7/2-1s1c1s1s1__group.1158__X010	01278047b0bda12c4f668130865a6536	16	4
work/ext7/4-1s2-1__group.5231__X100	50e773fe6c38a73f7e7141ef85e6586d	64	1
work/ext7/2-2s2-2s1c1__group.2795__T	65df1ab6681434ebbbd382c91ce11b2d	72	2
work/ext7/4-1s2-2__group.5582__C	26ac0e022a5e1ed2033a6509fbfdee78	768	1
work/ext7/4-1s2-2__group.5592__X011	ff2ce75b710cd74b91d7a885c7c5059d	384	1
work/ext7/4-2s2-2__group.6816__C	ce25f78e629f19559c3f7ec6b68e1b47	576	1
work/ext7/2-2s2-2s1c1__group.2764__X001	da4fc306f0e9e545ba8568ac5fa2531b	36	3
work/ext7/4-1s2-1__group.5203__C	76f2c494ca17db0ae2c30985760f30bc	128	1
work/ext7/4-2s2-2__group.6656__X011	1e595ecf51f10012634ae27965ca941c	144	1
work/ext7/4-2s1c1__group.5922__X011	013bd9fc27eb2ea9d7a0bacaeff3ebdf	144	3
work/ext7/4-1s2-1__group.5272__X01	66dad1c994e1546a23b0968008d58b14	768	1
work/ext7/2-2s2-1s1s1__group.2088__X11	f7be22b905db8242a55024c6e6a069f0	24	2
work/ext7/4-1s2-2__group.5776__C	68f984f79dcffdd1be18db88612bbbfb	192	1
work/ext7/4-1s2-1__group.5068__X111	b017312d5f8647eac4c654ad5f42d050	256	1
work/ext7/2-2s2-2s1s1__group.2882__X0011	37ade6feb6e905594deacab814bd1bbb	144	5
work/ext7/4-2s2-2__group.7073__X0010	b966d9a15ee4afc026dab97b7debd7ae	864	1
work/ext7/3s1s1s1__group.3831__X0011	7e01fe4d8772c0083c6a391ab0692762	192	4
work/ext7/2-2s2-1s1c1__group.2016__X1101	dc0e96df8eae192e9a4f3ededfd5d7b4	96	2
work/ext7/3s2-2s1__group.4153__T	c6bde11d9bbc6700688ea5c5fc4124ca	24	1
work/ext7/4-2s1c1__group.5956__T	d6b56f6e39f373d8370874fa4d0e64e6	36	1
work/ext7/4-1s2-2__group.5799__X0101	9e1849d4a712d2d95fbf7a2e100ebc0b	96	2
work/ext7/4-2s2-1__group.6398__X0101	08b0a0475e09be0d5573d4ac8c73916f	192	2
work/ext7/2-2s2-2s2-2__group.3688__X1011	207d4a625fd310bb5bbafcd9ba115605	432	1
work/ext7/4-2s2-1__group.6503__X11011	a2f5dea5c192bf9c97694f034cbe5db6	384	2
work/ext7/2-1s2-1s2-1__group.1530__X1001	a188c5364aec1c97547604d3fc93a8cd	128	1
work/ext7/6-1__group.7436__X01	83da1e02868244fbad2e754148928895	192	1
work/ext7/4-2s2-1__group.6611__X110	d7e442b2c94dd3d8e935a3ccc8e0ae76	96	2
work/ext7/2-2s2-1s2-1__group.2668__X110	0aebb47bf1a0437a240ab9b755821d0c	96	1
work/ext7/4-2s2-1__group.6531__X0111	ecec7003d24bf857a6653469d411da4d	576	2
work/ext7/2-2s2-1s2-1__group.2550__X001	0dd12e1b110403411f66b1ae5c263d4b	48	1
work/ext7/2-2s2-1s2-1__group.2660__X110	fccfbaa9ffc4ee6fcbe4527e55f057e9	96	1
work/ext7/2-2s2-1s2-1__group.2559__X10	cbb7aeb51a1343031031c870582ef8cd	48	1
work/ext7/2-2s2-2s2-2__group.3680__X1000	006f29182fc4d0baa849004ff1e9c960	432	1
work/ext7/3s2-2s1__group.4100__X10	24cecba45b9bb8e25a04fa16c90bf9c0	144	1
work/ext7/2-1c2-1s2-1__group.1097__X001	f9a75cac4d1c295127d946bb4706250f	32	1
work/ext7/4-1s2-2__group.5592__T	59aed92772fea693c9bacaaecb4a6c51	384	1
work/ext7/2-2s2-2s1s1__group.2990__C	486ba985fde7f3b67bbd6cd4f07ff258	72	3
work/ext7/4-1s2-2__group.5707__X0001	c92b91575fad49c0b90ab1fb2f599212	576	1
work/ext7/2-2s2-2s2-2__group.3598__X111	2240a65294796eff0f86609f83ae1db9	216	1
work/ext7/4-2s2-2__group.6681__C	a594535848a7f5d31f6f4ae0eca13b45	288	1
work/ext7/4-2s2-2__group.6825__X1100	945c48f0a62640f0ebc5bac5fba38b1e	288	1
work/ext7/4-2s2-2__group.6793__T	7d1f751940fcfe1a8d39af298f7a2270	216	1
work/ext7/4-2s2-1__group.6316__X1101	90735afb96538515483f6ec01d3ae277	1152	1
work/ext7/2-1s2-1s1s1__group.1376__C	fc16e0bc994411bf217173e49d3a434d	64	2
work/ext7/4-1s2-2__group.5601__X1000	babb973c8b990e7e43e8a3848c9318dc	384	1
work/ext7/4-1s1s1__group.4822__X100	d42da0d01f2beb3f7dff16ae51ffff1d	64	3
work/ext7/2-2s2-1s1c1__group.1915__X11101	9b74dacfe40e81e0eb72913338a434ae	192	3
work/ext7/4-2ps2-2__group.5895__X0001	e2c63885f5c06ccab145c8601559f0f0	288	1
work/ext7/6-2__group.7560__X11	189c08297ee8fddb4787ca7401eda2ed	324	1
work/ext7/4-1s1c1__group.4542__X01	5d304832b10a42ef4ad48c66319fc3e5	576	1
work/ext7/2-2s2-1s1c1__group.1971__X110	58e60daa1e99742590c89140c0ed9ba3	48	2
work/ext7/4-2s2-2__group.6688__X011	74167a11a063856e93061d429c79c010	144	1
work/ext7/4-1s2-1__group.4999__X111	40dbca4c4656aaa2e44e3b5cb9a31a3c	128	1
work/ext7/4-1s2-1__group.5260__X011	7577808a92322e4bf3ce86347f4c98d9	64	1
work/ext7/2-2s2-1s2-1__group.2643__X011	8d864675950816a52a315d19361b219f	96	2
work/ext7/2-2s2-2s2-2__group.3525__X100	9012bd7d7cffcf6e46f2e5cd340156ac	108	1
work/ext7/2-2s2-1s2-1__group.2592__X100	a1c22406ff289823857998c2484acb95	96	2
work/ext7/2-2s2-2s2-1__group.3379__X0100	8e92ff6538dd2fec5189a699640fa8a2	288	2
work/ext7/4-2s2-2__group.7043__X1100	e3169677c4e56b51d452b909d7c6fe7b	864	2
work/ext7/3s2-1s1__min.461__T	31da126b91eca464e181183599cc805e	48	1
work/ext7/4-2s2-2__group.7053__X1100	fcfede9987bbc5d100537c51c742fce3	864	1
work/ext7/2-2s2-2s2-1__group.3455__C	d933c85b72e884504bfebf021d6cf6fe	144	1
work/ext7/4-1s2-2__group.5631__T	b6e0b949d0b7ce8de2e51ead5298e53f	384	1
work/ext7/2-2s2-1s2-1__group.2465__C	eba107d782a0cc6b07ef7d302e197089	384	1
work/ext7/4-1s2-2__group.5606__X0010	2815673d848ba5a876fd7188e592193e	384	2
work/ext7/4-1s2-2__group.5375__X001	2e6dff2f80322cdfc27ee8b2446b2b55	144	1
work/ext7/3s2-2s1__group.4212__X101	aa97aef98c1d417bf17f0ab7c724dabd	288	1
work/ext7/2-2s1c1s1s1__group.1764__X110	f45696462f50b089e2f0e23a0bfcae43	24	5
work/ext7/2-2s2-1s1s1__group.2235__T	b51a5ef2ed4cbaf2db40e5a8801b04f8	48	4
work/ext7/4-2s2-1__group.6570__X10101	1db1e2317b8a1483a18fef3975720075	576	2
work/ext7/2-2s2-1s1s1__group.2033__X10000	9d7af043edf5c6eb037463668ca0abcd	192	4
work/ext7/4-1s2-2__group.5440__X001	c000b2718fdf08f9b65e47aa2e4e7973	192	1
work/ext7/2-2s2-2s2-2__group.3603__X011	d723efdf88b64ea770e695888c7b4d35	216	1
work/ext7/2-1s2-1s1s1__group.1386__X100	410862a7f077f985e9554bac47e7bad3	32	4
work/ext7/4-1s2-2__group.5608__X1001	d24cc639f4a8d379fe4beb99a196153f	384	1
work/ext7/4-1s2-2__group.5817__X001	f727c81e0605130c9ff83266ed46d66a	96	1
work/ext7/4-2s2-2__group.7077__X1101	4913fe0b48ad61077bc2a69ef99dc0a1	864	2
work/ext7/4-2s1s1__group.6186__C	032db0c510033e27f8813def3e200611	96	2
work/ext7/2-2s2-1s2-1__group.2656__X111	ffef8f6d0d068f951a657ad4ebeca0d3	96	1
work/ext7/4-2s2-2__group.7085__X010	f614bdc3004e43b341ee64c3052b371d	864	1
work/ext7/4-2s2-2__group.6653__T	522bd4719497fc7dfe1ea63838511eff	144	1
work/ext7/2-2s2-2s1c1__group.2736__T	552f13a7521f95887943cb6fd3c4775e	36	2
work/ext7/4-1s1c1__group.4461__X1011	cb50dd9d528d5fe41bc5256765609df2	128	5
work/ext7/2-1s2-1s2-1__group.1579__X110	d91f227a7d9b5b435e2e4a591ed8faa9	64	1
work/ext7/4-1s2-2__group.5581__X001	ffa4cd60e7d52f0b2d1db7076d69c651	384	2
work/ext7/2-2s2-2s1s1__group.2894__X0010	431d0238e9b3040192df95a16f4731a3	144	4
work/ext7/3s2-2s1__group.4052__X11000	1f2877aec4cc5f57994884abcff69b11	1152	2
work/ext7/4-2s2-2__group.7066__X101	2211f1420c86bf44ca211ee91baf0ace	864	2
work/ext7/4-2s2-2__group.6665__C	4c51b23f39b22eb193368c4f67b2323b	288	1
work/ext7/2-2c2-2s2-1__group.1664__X111	5f652e777435df860f3d0423831b0ce0	48	1
work/ext7/4-3s2-1__group.7275__X001	e8212d080f283658e529b4b1dd0112ea	960	1
work/ext7/4-3s1s1__group.7235__X1111	25294571ce5840f3ce4baa5ecaa20c09	960	1
work/ext7/4-2s2-1__group.6404__C	1b4c8d20bd79c39595a47fa3b242eabb	48	1
work/ext7/2-2s2-1c2-1__group.1914__X1101	0887a0a027c2b73be5e7fac573878659	96	1
work/ext7/2-2s2-1s1s1__group.2112__C	63a5977a51809eda5fbb32201f039230	96	2
work/ext7/2-1s1c1s1s1__group.1141__C	28a00cacc99b67c62dfca2991fc2a264	32	5
work/ext7/2-2s2-1s1c1__group.1975__X010	007233e66f6f14780b8e78ddb48bf6b2	48	3
work/ext7/2-2s2-1s2-1__group.2504__X0101	75eab769ebd5ea1ee3240b6d9954e9e4	192	1
work/ext7/2-2s2-2s2-1__group.3314__X0001	386509a1bacaef2702ecc01f4aec2799	288	2
work/ext7/2-2s2-2s2-1__group.3308__C	867a39c24cb53313a486e05858187345	48	1
work/ext7/2-1s1c1c1s1__group.1107__X010	4693aa4ab50601b4da460933ea01ff86	16	2
work/ext7/4-1s1c1__group.4529__X10	eafd001190b69b2828bb1700bbe209c2	48	1
work/ext7/3s2-1s1__group.3984__X1010	4b3dcadaec62ea192da5195f41c067c7	384	2
work/ext7/4-1ps2-2__group.4448__X011	4cc14599e6c5f6b76d339551d77ced49	96	1
work/ext7/2-2s2-2s1s1__group.2831__X1101	cbc4d1e1ecc9169112be9490e6461653	144	1
work/ext7/4-1s2-1__group.5113__X1010	a48072fd4857db2de442c7619ebdee8f	256	2
work/ext7/4-2s1s1__group.6182__C	33adf6666e6207e4f059f3ff371b009a	72	2
work/ext7/3s2-1s1__group.3967__X0011	212aeeb585297001aedef0afa3a4d4cf	384	3
work/ext7/4-1s2-1__group.4990__X010	cd04b241d525a2ba9c8e52aecd67beec	128	4
work/ext7/3s2-1s1__group.3891__X011	56abee59106ce8b3996e3b68be7ddf25	192	2
work/ext7/2-2s2-1s2-1__group.2524__X1101	0ef4ac77f6a7395f74bb3e614d198ad9	192	1
work/ext7/4-2s2-2__group.7019__X11	40148ef27ae0ba87b8e0c70f8ac03165	72	1
work/ext7/4-1s2-2__group.5451__X110	79ce52b6ad2874ac792b11480ace30a2	192	1
work/ext7/4-2s2-2__group.6925__X100	7731537f34901d3826fcb7c64085a0e6	432	1
work/ext7/4-2s2-1__group.6610__X011	9d13539a238240a1c3bd83b95157b703	96	1
work/ext7/4-2s2-1__group.6309__X0001	3ff215a9186f9321c1afca592abde4cf	1152	1
work/ext7/4-2s1s1__group.6005__X01010	a584b20f5c409908a940a11670a8ef76	1152	5
work/ext7/4-2s1c1__group.5922__X010	0c3dfa17faf22aaa7b1146f85c36ac9c	144	2
work/ext7/4-2s2-2__group.6709__X1000	48942ba3d51c4b174a634319cab0844d	1728	1
work/ext7/2-2s2-2s1c1__group.2712__X0001	4d098554d66cf3800cb54c2beefbe742	144	3
work/ext7/2-2s2-1s2-1__group.2495__C	c84220002fe0d1137434c3dddb5fdf65	384	1
work/ext7/6-2__group.7602__X01	ea33ade6ceaa93507a0847ab4ce2bbe2	648	1
work/ext7/4-1s2-2__group.5819__X001	c19b4758adb65d2998aef0377839aad3	96	1
work/ext7/4-3ps2-2__group.7166__X10	851f47da74b9e179bd8d68a93dc376df	60	1
work/ext7/2-1s2-1s2-1__group.1523__X0111	9bad1dc2d8ad27677b1b60fd85b355a5	128	1
work/ext7/2-2s2-1s1c1__group.2003__X011	eacb0abb42c54fe8ee3ac1e383b8e932	48	4
work/ext7/2-2s2-2s2-1__group.3319__X1010	8dd4711542db2baeb4caf5aad5078fa0	288	1
work/ext7/4-1s2-1__group.4979__X11	dcde171e1db6c89257b59403a69055ac	128	1
work/ext7/2-2s2-1s1s1__group.2262__C	4b4672df71ea73bd668f1c977acaf5b3	96	3
work/ext7/2-2s2-2s1c1__group.2801__T	2a164ff5688684993d16648a2e39078f	72	2
work/ext7/4-3ps1s1__group.7109__X10	58cbf43b7ff2451593c01c17019be81b	20	3
work/ext7/4-2s2-2__group.6707__X1000	4f900744a60a47ce654e5268bb5be948	1728	1
work/ext7/4-2s2-2__group.6819__X0001	d7dfd387c3c200d281212ee92c90d72c	288	2
work/ext7/4-1s2-2__min.530__C	69e81206332d98b41ea3bfe4c832915a	48	1
work/ext7/2-2s2-1s2-1__group.2583__X110	61238cc67ce0db7e58da0a8d1485bd04	96	1
work/ext7/2-2s2-2s1s1__group.3068__X010	27b6358d3192d178fad724b527e9b066	72	4
work/ext7/2-2s2-2s2-1__group.3211__T	852df0fc1db12d7f531640443132fb05	144	1
work/ext7/4-1s2-1__group.5246__X111	d4fd42dc52d844290816fd07e0640d77	64	1
work/ext7/4-2s2-2__group.6887__X001	1cb8d544c9a933dc04efbe3b5bf100da	432	2
work/ext7/2-2s2-2s2-1__group.3190__X011	d4874699b4161047c3b7bb9a19d03f59	144	1
work/ext7/4-3ps2-2__group.7150__T	ab2708564c5aea48a13a261bd2f0cd9e	30	1
work/ext7/2-2s2-1s1c1__group.1999__C	0e633da9beb2608ade09ad0a6dfd2e60	96	2
work/ext7/4-2s2-1__group.6474__C	5e3f80bc44c4f3a02823eeb523404d7e	576	1
work/ext7/2-1s2-1s2-1__group.1560__C	7ca5b325486d5aef30603d5993314235	64	1
work/ext7/4-2s2-2__group.6871__X110	487abf5668ca57ee7658a0136b57b5b4	432	1
work/ext7/2-2c2-2s2-1__group.1663__T	2642de65226311a049d29b8f4e1dd602	48	1
work/ext7/4-1s2-2__group.5656__X10	3a04d48e610af5dd32ebe9e49f3927a7	48	1
work/ext7/2-2s2-2s2-1__group.3345__X1111	f7d31cdd06ee381afd0ec5fb595a1c00	288	1
work/ext7/4-2s2-1__group.6526__X101	f3c8f3fb4961720454653e1cf7c2ad92	576	2
work/ext7/2-2s2-2s1s1__group.2875__X1101	739661403ebb53f24bb8754e57faaf48	144	2
work/ext7/2-1s2-1s1s1__group.1396__X101	550d4d8a4f0784b4723b30b5c9754d36	32	3
work/ext7/3s2-2s1__group.4081__X11	6ed44809263cdf234b619327080dcbc9	144	1
work/ext7/4-2s2-1__group.6593__T	d81a1ae1bd7ab18b58da4f361275cd6d	96	1
work/ext7/2-1s2-1s2-1__min.283__X11	a57f08a909d2c23abdd21530310db618	16	1
work/ext7/2-2s2-1s2-1__group.2582__X100	44bf794756b9b1d21680c5199e5ef318	96	2
work/ext7/4-2s2-1__group.6550__X1010	1479f35d4d364777aceff0320f110dd1	576	2
work/ext7/2-2s2-2s1s1__group.3032__T	364e983a4e9f0c1eaee89490dcd8420c	72	3
work/ext7/2-2s2-2s2-1__min.423__X100	4101a9c55f1d464e803d5946118357d0	36	1
work/ext7/4-2s2-2__group.6941__T	9ce95617e7b56c4b4351e00e7d4e7edd	432	1
work/ext7/6-2__max.24__C	a0fd3f473f1c49df27018f15ba2d61a9	207360	1
work/ext7/4-2s1c1__group.5975__C	80667773b6d27a58e42ff1c72215d9de	144	2
work/ext7/3s2-2s1__group.4152__X1011	64b82881809cd5ef019cfff18308abfd	192	1
work/ext7/4-2s2-2__group.6894__X110	cfd0bae3686b4d78750286f5ad1ab88a	432	1
work/ext7/4-2s1s1__group.6040__T	358b18b5f8f321c04f7e270c9b51abba	144	2
work/ext7/4-1s1c1__group.4465__T	5e4a19cbb5e9731f999cef139ea0c915	144	2
work/ext7/4-3ps2-2__group.7144__X001	6dda19ae8985853a25e57e0538d52fa0	120	2
work/ext7/2-2s2-1s1s1__group.2342__X1111	1e9520ab4fb97bd06a1e7b8e63be4fca	96	3
work/ext7/4-1s1s1__group.4719__X0001	cbfef953f90e90c2f153ae8e3d5bfd34	32	7
work/ext7/2-2s2-1s2-1__group.2538__X11010	ccb52bc1744b9e7bbcf5e78aebf1c75d	384	1
work/ext7/3s3__group.4363__T	dd8271e5342b6f87099d2caa349cf139	288	1
work/ext7/4-2s2-1__group.6483__X0001	9826457780dccddb50d53a7e74238145	288	2
work/ext7/3s2-1s1__group.3965__X0110	5ffd8f90a4f43b41e2fd94ce76113a9b	384	2
work/ext7/4-2s2-2__group.6774__T	2daca9ed1a4045804957fbf6ce7eec1a	216	1
work/ext7/4-1s2-1__group.5165__X010	84027ca090e37b2dbcee5ee830796003	4608	1
work/ext7/3s2-2s1__group.4220__X111	0348d7cf7de36fa0c05079977f6c4a22	288	2
work/ext7/4-2s2-2__group.6937__X010	ae193072a532234290ef5ac5e1260a0c	432	1
work/ext7/4-3ps2-2__group.7143__X110	4d266f1d3674752e89fe77945b789178	120	2
work/ext7/2-2s2-2s2-1__group.3334__X1010	9a4e61a1443c713b81a4b0592fdfde41	288	2
work/ext7/2-2s2-1s1s1__group.2163__X101	bf96d920e038d828e38c9b4fe8301de6	48	3
work/ext7/2-2s2-1s2-1__group.2679__X110	b7c716b0a2e03e62d573a19202786ce8	96	1
work/ext7/3s2-2s1__group.4085__C	6a32337d9c26f80ab9ae8cb988046f78	288	1
work/ext7/4-2s2-2__group.6754__X01	a285696fc6a3cde41addb1cf89d14cf2	216	1
work/ext7/2-2s2-2s2-2__group.3753__X011	720a81ec5e5285bc75d7be1460a45676	72	2
work/ext7/4-2s2-1__group.6438__X101	77275fc7ff39804698cad3492f5e5f3c	288	1
work/ext7/2-2s2-2s1s1__group.3044__X001	f09af94da082493abe23793cd79faa8c	72	2
work/ext7/2-2s2-1s1c1__group.1967__X001	15547d33e336999384a15d2d22cff0e1	48	3
work/ext7/4-2s1s1__group.6171__C	a8f90d0556d1ee75be679b5356f9fd63	576	3
work/ext7/2-2s2-2s2-1__group.3508__X1000	e68b0ab6df66ed1690da7318bdde424c	96	1
work/ext7/4-1s1c1__group.4512__X011	7533b3d96cb4f7b2af32f69fbb617c08	32	3
work/ext7/4-1s2-1__group.5204__X101	67cc764d2e70f60b733689893e47b3c1	64	2
work/ext7/2-2s2-2s2-1__group.3256__X100	80815fd00df8dec2073df7bca69511c0	144	1
work/ext7/3s2-1s1__group.3987__X11101	0370bb98af6562bb149270e4604fde21	768	1
work/ext7/4-1s1s1__group.4686__T	2460d636d9d669cc11379272e357086a	192	2
work/ext7/2-1s1c1s1s1__group.1181__C	b6361bea7217ec253b9b9e118051d75f	64	2
work/ext7/2-2s2-2s1s1__group.2828__X0101	c0496447e3505b7f862a0a478b448839	144	6
work/ext7/2-2s2-2s1c1__group.2740__X01	d3dad6859b69559b171315a7f0916059	36	2
work/ext7/4-3s2-2__group.7325__X10	6b51bbe997e65258770f6cd5d463ec9e	720	1
work/ext7/4-1s2-1__group.5285__X100	24f9f97b5c7a6328729f20e75ca6e286	768	1
work/ext7/3s1c1s1__group.3825__X010	9a301c60d0fe3622408ff37ec292c394	96	3
work/ext7/2-2s2-1s1s1__group.2102__C	9967d44db3b26b54601bbf7226a12946	48	3
work/ext7/2-1s2-1s2-1__group.1566__X0011	df89d4053bf243f7c172e489ef42d0fd	64	1
work/ext7/2-2s2-2s2-2__group.3706__X0101	ee734b54cc2d4e36734610ead7f7271c	432	2
work/ext7/4-2s2-2__group.6671__C	a8a3addfa4eaf3ca30bbff5d541fc814	288	1
work/ext7/3s3__group.4400__T	1e5acefa76cf4d240528c173ae611262	96	1
work/ext7/4-2s2-1__group.6431__T	549099e5704b713b8fb326043a462975	288	1
work/ext7/2-1s2-1s1s1__group.1454__X0001	21e1e0aaa239502fd2deba10cd6dbcbd	64	2
work/ext7/2-2s2-1s1s1__group.2036__X01111	695bba866b17763b201c8e860aa1eeb5	192	3
work/ext7/4-2s2-2__group.6719__X0100	b4ce49078e36b81fe3cd40e7b1275435	1728	2
work/ext7/4-1s1c1__group.4491__X111	70d185ef1c7d6eaa9d5aa4926231a28c	2304	3
work/ext7/2-2s2-2s2-1__group.3404__X001	db5909f92b9f6bcdcd74c4654f42a13f	48	2
work/ext7/2-1s2-1s2-1__group.1519__T	3836915e067f40e2286695374f1aa134	128	1
work/ext7/2-2c2-2s1c1__group.1639__X01	88a6efcdf5a736ebc9f023b1194c80c9	12	1
work/ext7/4-1s2-2__group.5509__X011	f247cdeb663e00dce2b25238e9e3a0c2	2304	2
work/ext7/4-1s2-2__group.5805__X10	3af3db3dfb842f400f8a6c3cba4e224e	96	1
work/ext7/2-2s2-2s1c1__group.2740__X11	78acafbcd6ac6021f33b0ca41311cc7f	36	2
work/ext7/4-1s2-2__group.5799__T	f37ac1bfe9d942f674391413452e964c	96	1
work/ext7/2-2s2-2s1s1__group.2831__X1001	4e8153fa5b9b2b304bcc17d12ec7e146	144	1
work/ext7/4-1s2-1__group.5158__C	117b84343389d430775827c494cb5d12	768	1
work/ext7/4-1s2-2__group.5489__X0011	69dba58adfdccc1b23106321ca5c27b1	192	4
work/ext7/4-1s2-2__group.5465__C	0f0b9588345ac38e40de649ae2a91974	384	1
work/ext7/4-1s2-1__group.5217__X010	1f13618b81bc9b331c13614e0159c519	64	1
work/ext7/2-2s1c1s1s1__group.1783__X100	901536a962eae6b40232c18079ba44e6	24	5
work/ext7/2-2s2-2s2-1__group.3491__T	a497d2ae48ad3fc9c26ac7e8c07128ff	72	1
work/ext7/3s3__group.4364__X01	018c8168ad266a2fe56340809a12f741	288	1
work/ext7/4-1s2-1__group.4950__X001	39ca75f1ed5a4a8f6f3bf25787ebabfd	128	1
work/ext7/2-2s2-1s2-1__group.2515__X0010	8a9b1d254f23182f3f00f34e0fe2b449	192	1
work/ext7/4-1s1s1__group.4616__C	5f4a16cd3c5d0b62b1ea078d3e2c4af8	256	2
work/ext7/4-2s2-2__group.6780__X001	c6673b64c73d5b5030d273670c37f52a	216	2
work/ext7/4-3ps2-2__group.7165__C	343023a4b2687b848102133c387b633a	120	1
work/ext7/4-1s1s1__group.4592__X011	ae51a3ec159f842c31b0c7c03405d4a6	128	4
work/ext7/4-1s2-1__group.5069__X011	093f98398e0405522089fd171d088648	256	1
work/ext7/4-1s2-1__group.5136__C	5b6d0ab4e1b3878f268838d909668a25	64	1
work/ext7/2-2s2-1s2-1__group.2483__X1001	f200826e705d9837199ffb4c20e30bf5	192	1
work/ext7/2-2s2-2s2-1__group.3333__X0011	742069870fd3593e2f078dddadd25eec	288	4
work/ext7/3s2-1s1__group.3934__C	39822288213bb300244273f7e075118a	384	2
work/ext7/2-2s2-2s2-1__group.3338__X1000	8b5dcd0e71958a8b0011e2241f190d19	288	1
work/ext7/4-1s2-2__group.5753__T	faed67b8c4d369afaab2559bd61b358d	768	1
work/ext7/2-2s2-2s1c1__group.2781__X010	d632f23c54686e408890f7e7c753a636	72	3
work/ext7/4-1s2-1__group.5176__X0101	a45423fd9c5982dbfe07b7a791fab0f5	512	1
work/ext7/2-2s2-2s2-1__group.3490__X100	07cd1b91a9c0b3e321a13a25f6e84d39	72	1
work/ext7/4-1s2-1__group.4953__C	340ef64bf27971ba5e8b7925643e4a18	256	1
work/ext7/2-1s2-1s1c1__min.253__T	7724defde885dc540b74ea5c5cfa83e6	16	1
work/ext7/2-2s2-2s2-1__group.3348__X1000	286db5def64efa6dde5cd1126d2a14a3	288	1
work/ext7/4-1s2-2__group.5574__X111	4495eed2d1eebe74a702a77d09bb0fee	384	1
work/ext7/4-2s2-1__group.6390__X1010	77990a979f50e3fed9e075332273446c	192	1
work/ext7/4-2ps2-1__group.5875__X11	4c16f73aecb800cbf0cd9f934b5c599d	48	1
work/ext7/4-1s2-1__group.5174__X00010	ad93c9a00756f2cca202b153fdaba882	512	3
work/ext7/2-2s2-1s1s1__group.2414__X1101	84fa04f4c1ee35c24092d20815909090	96	2
work/ext7/3s2-2s1__group.4052__X11001	82a8eff687c039a34e11c4b0f5e063e5	1152	1
work/ext7/6-1__group.7437__X10	8a9136e7abff4d23f6cd36133081db6d	192	1
work/ext7/4-1s2-1__group.4999__X001	ca619831703223c61180849bb07adfc8	128	2
work/ext7/2-2s2-2s1c1__group.2748__X10	c59ed22ad22dd64ebbb85c9723ebede0	36	2
work/ext7/4-2s1s1__group.6228__X1001	4ce3fddf1c6d1d50e8644586b0199b86	576	3
work/ext7/2-2s2-2s1s1__group.2919__X001	dbf63e3ab853e5ca8083620290ad94b4	24	2
work/ext7/4-3s1c1__min.634__T	4ed1165de8b79fb7704e63d7da3ba7a9	20	2
work/ext7/2-2s2-2s1s1__group.2936__C	8ca4fe1ce83f2febada29db299147475	576	3
work/ext7/4-2s2-1__group.6534__X1101	e59faa39a28513e1924db40eee9a436b	576	1
work/ext7/2-2s2-2s2-1__group.3366__X0010	666c164fdb6801ace65c0f42c8366d9e	288	1
work/ext7/4-1s2-2__group.5396__X11	62085fa39258d71a0693b3bc719d5708	192	1
work/ext7/2-2s2-2s2-1__group.3419__X110	a1e0b0f82577218ead7e7f5a97c329d8	48	1
work/ext7/4-2s1c1__group.5975__X010	27e4b7989a33b65a89b7359c537af19c	72	4
work/ext7/2-2s2-2s2-1__group.3183__X101	fcfcc969464ddb2fe0d1ea9005379745	144	1
work/ext7/2-2s2-2s2-1__group.3322__C	032494bc0d64d659979cd702deb86b77	576	1
work/ext7/4-1s2-2__group.5359__T	f43e439b49ff405f1f52eb00f2a984c9	144	1
work/ext7/4-2s2-1__group.6541__X001	87b3b3d9a599738e95105193a3871758	576	1
work/ext7/4-2s2-1__group.6311__X11010	221a8e43079868ecee062ce81fb05722	1152	1
work/ext7/4-1s2-2__group.5481__X0110	99457f46521c7529d176b05dfc82bd23	192	2
work/ext7/2-2s2-2s1c1__group.2789__X101	dd869ce6ae5a7d4f5ac5bfa08519e861	72	2
work/ext7/2-2s2-2s2-1__group.3178__X100	6a6038f806c38e76a984c34f250c00e8	144	1
work/ext7/2-2s2-2s2-1__group.3312__T	257d36ce5f9ca07ce671409f6f2f0b06	24	1
work/ext7/4-2s2-2__group.6810__T	b6a428c72feff01ebe36842ac588227c	24	1
work/ext7/2-2s1s1s1s1__group.1896__X00011	47b5cb9068056af2ead1dd12b613e10c	96	9
work/ext7/2-2s2-2s1s1__group.3162__X01000	66a883afbc4134872591936f4ab90e69	96	1
work/ext7/2-1s2-1s2-1__group.1606__C	6ba7c152e67efeda7207e0f7e3710f0c	128	1
work/ext7/2-1s2-1s1s1__group.1335__C	49e7800738ebb92499cd5e7b32fee89e	32	5
work/ext7/5-2s1__group.7390__X01	81d2fd6cbbb4aed1158081506797bcd7	120	1
work/ext7/2-2s2-1s2-1__group.2539__X11010	114bf36ef6293f4f02ee46b3d20acc69	384	2
work/ext7/2-1s2-1s2-1__group.1589__T	dab550c7f3e33e3388eb0bd1bffae079	64	1
work/ext7/6-2__group.7538__X01	3f2cee8eaafe56be04a3df020d1d620c	216	1
work/ext7/1c1s1c1s1c1__group.1055__X111	ba4a71036bb8acbd3186e88420cb9e1f	8	3
work/ext7/2-2s1c1s1s1__group.1799__X0101	2acbb191b8c10ce4ae3291ea52c8ee1e	48	3
work/ext7/4-2s1c1__group.5991__X001	f032aaafb303ace3ad6e999940b5b209	72	1
work/ext7/4-1s2-1__group.5000__X010	37f5689a12df91124f3e97a648fa83b4	128	2
work/ext7/2-2pc2-2ps2-1__group.1620__X01	00fe2bb196af7d1eff9b315e085d3b48	24	1
work/ext7/2-2s2-2s2-1__group.3446__C	c3447b265c2cb024bb2c8116bf6a629a	144	1
work/ext7/4-2s2-1__group.6568__X1011	c49160c8c5a03328659f6156f2c9075a	576	2
work/ext7/4-2s2-2__group.7089__X0011	27d177a9748cf3821ca9315f7a8116ac	864	2
work/ext7/6-1__group.7472__X01	414ac6dbfaa98fa87011d8c14d81da4a	384	1
work/ext7/3s1c1s1__group.3797__C	845591ea607faed083ce72ee72cbbb02	96	3
work/ext7/2-2s2-1s1c1__min.362__C	00e454ffaf239c77badd8f975716b2e1	24	2
work/ext7/2-2s2-2s1c1__group.2713__X1101	33da25d25b6659d850ba3ea69745a18a	144	3
work/ext7/4-2s2-2__group.6827__X0101	f42c7f4053925a333b93be872ef59e8d	288	1
work/ext7/2-2s2-1s1c1__group.1928__X10	d8fee7606d3e359a18bcb6fb1d9dce10	24	1
work/ext7/4-3s2-1__group.7258__C	863eba8e0b50bb4c5ff1c95119c0e50e	960	1
work/ext7/2-2s2-2s2-1__group.3231__T	c6d92115c07182e48c166051f530d696	144	1
work/ext7/2-2s2-2s1s1__group.2957__C	80e04603bb6519e86dcdad3bfe00636e	72	2
work/ext7/4-1s2-2__group.5502__C	a868c733eb2d0c90b74722f0c5891cde	4608	1
work/ext7/2-1s1c1c1s1__group.1107__T	da35134d5590790cb2fe5e3e5565171e	16	3
work/ext7/4-1s1s1__group.4619__X1010	c7f8886069041e7ab6f683d75300f3d4	128	2
work/ext7/2-2s2-2s2-1__group.3231__C	e5c959ce34a8e636793efd05d35d0374	288	1
work/ext7/2-2s2-1s1s1__group.2189__T	bf07982304bbfb4a179c305105a88e50	48	4
work/ext7/4-1s2-2__group.5485__X1101	ccf883d6f0bcce40f446e150d8a7f7c2	192	1
work/ext7/4-1s1s1__group.4770__C	40c355281e442c6fcc884340227e67bd	64	3
work/ext7/6-1__group.7421__X001	b308628b231ea693649121291e3d86b9	1152	1
work/ext7/4-1s2-1__group.5177__X0011	63ec3ea179145d8075945efe6afc4146	512	2
work/ext7/4-2s2-2__group.7044__X0011	c7850f6551c5effa75377cb89b7088c0	864	1
work/ext7/4-2s2-2__group.6950__X110	7c79bbb366c03aa3c699057e7cfc920d	432	1
work/ext7/2-2s2-1s2-1__group.2613__T	b158bb38176ad06d581e8fd210593d0f	96	1
work/ext7/4-1s2-2__group.5485__X0001	907a665dd1916adf72ecdfce5c4770cd	192	1
work/ext7/4-2s1s1__group.6064__X001	da1749dac47c7509253b4910df84c67f	144	3
work/ext7/4-2s1s1__group.6050__C	357f929e02b93686a562943d1cee1a50	288	2
work/ext7/2-2s2-2s2-1__group.3221__X001	2ba54ed4cbb55ed3e2d9f0c9a8bbb88d	144	1
work/ext7/2-2s2-2s2-1__group.3296__X011	528b88e26ef72d1c1c45f1f36ef02732	144	2
work/ext7/4-2s2-1__group.6471__X111	18657c80095b53f0ecf64ef12d16206e	288	1
work/ext7/2-2s2-2s2-1__group.3489__C	b4b3e265e202f4342669b64b8eb827c2	144	1
work/ext7/2-2s2-1s2-1__group.2654__C	2082dd52b192d9eff6e97068cc61ecf1	192	1
work/ext7/2-2s2-1s1s1__group.2175__C	2ba225f5d75cff60335a593cd2d07ec6	96	2
work/ext7/1c1s1c1s1c1__min.185__C	59c990fd1f905c755699d82c69342567	8	2
work/ext7/4-1s2-2__group.5645__X1011	b6048f229f80b7bbee61f397aebeddd1	4608	1
work/ext7/4-3ps1c1__group.7091__C	5ec616b16850ff51632ef8ad436b084b	20	2
work/ext7/4-1s2-1__group.5236__X001	b353d2095fc4de932ae1ee920fbe0a91	64	1
work/ext7/2-2s2-1s1s1__group.2366__X1111	5a08cd60f91e003ff384d2039d7495b9	96	2
work/ext7/4-3s2-1__group.7247__X01	783b57ff95670d9105935f5ebb1fc02f	40	2
work/ext7/4-2ps2-2__group.5891__C	d104d018650a6e59fdaf1796157c867f	288	1
work/ext7/4-2s2-1__group.6335__T	e27dce995f0c9ea719b300cf6d18a799	144	1
work/ext7/2-2s2-2s2-1__group.3218__X011	3038f1af1ab618f30dc37d48dc71a611	144	1
work/ext7/2-2s2-2s2-1__group.3317__X0100	2b2ea8a3f0ea97cc2ca0e405612e305e	288	2
work/ext7/2-2s2-2s1c1__group.2759__X01	455ba9b00655adea4512126bc6b0ca38	36	2
work/ext7/2-2s2-1s2-1__group.2494__X0010	639ad0abae2eb8a1ae44bf0c7520d6f7	192	1
work/ext7/4-2s1s1__group.6204__X101	decbc5b593272c32e2747689090643c0	48	2
work/ext7/2-2s1c1s1s1__group.1797__C	86b1ddc7dee0625f0d9d268416704759	96	6
work/ext7/2-2s2-1s2-1__group.2502__X1110	31af1c5ab6e209fa7b1142f34fe9a1dc	192	1
work/ext7/2-2pc2-2ps2-2__group.1629__X10	67425572418136eaeaa25163cc0d3798	36	1
work/ext7/4-2s2-2__group.6817__X0111	888009a9320b50dc20eeed49921ff57e	288	2
work/ext7/2-2s2-2s2-1__group.3436__X01111	c8d505f0c8d07e5a531f5c0432d66f04	576	1
work/ext7/2-2s2-1s1s1__group.2341__X1101	deb0560afe8c260521b0a9c8c9363ddf	96	3
work/ext7/2-2s2-2s2-1__group.3476__X11	5b4322284e1a163edaeb014c46737350	72	1
work/ext7/4-2s1s1__group.6119__X011	df3227a0269af3c1acdfe843fad72e7f	288	3
work/ext7/2-1s1s1s1s1__group.1218__X1000	b217f2919b3e8ebc1eaf853d80b2ff3e	32	9
work/ext7/2-2s2-2s2-1__group.3164__C	7d28668699815bea10d5b40fcd393fb4	288	1
work/ext7/4-2s2-1__group.6336__T	6fa2d7e36c9426db88e60acc1347217d	144	1
work/ext7/2-2s2-1s2-1__group.2495__X0001	aa0210196e44603f3f194112b94b9821	192	1
work/ext7/2-2s2-2s2-2__group.3706__X0010	6347f39c5dfa20a41656f46e56c1b602	432	1
work/ext7/2-2s2-2s2-1__group.3199__T	161ecdc696d278d7dec88ac203f70ac5	144	1
work/ext7/4-1s2-2__group.5472__X1000	f4283d9f074da2cc94a46b8ddd8f7522	192	1
work/ext7/4-1s1s1__group.4792__X101	8ca2d1a4c47a40acf2a06bb7bfcee71a	384	6
work/ext7/4-1s2-2__group.5804__X0010	d80e37fda7d6cc261e56ebfde03a15b4	96	2
work/ext7/4-1s2-2__group.5636__C	3eda666d0b7d60847a97dc7fd8ded2ee	768	1
work/ext7/4-2s1c1__group.5930__C	873c25ff79b87656ac07005f97c178cc	288	2
work/ext7/2-2s2-2s2-2__group.3587__X111	2fd1d57ab79f99f1df652e2a5f298b9b	216	1
work/ext7/4-1s1c1__group.4565__X100	e3a8fb124b9030815e9eb9e7e27f703b	64	2
work/ext7/4-2s2-1__group.6501__T	24201ba4879d0d805c3688e59ba164ee	288	1
work/ext7/5-2s1__group.7404__X10	c9de067c951752c5807d9f3271a97faf	240	1
work/ext7/2-1s2-1s1s1__group.1451__X1000	68dbe61544fad49b26fd85dad4d8b8a9	64	2
work/ext7/2-2s2-2s1s1__group.2845__X0010	27e2e22fafd0c74b2e93b278ee3dfb61	144	3
work/ext7/2-2s2-2s2-1__group.3296__T	7c793702e6af00afa8d02b16a980f999	144	1
work/ext7/2-2s1c1s1c1__group.1735__X10	0d786241bbcc157cf2a81ca8a46209d2	12	2
work/ext7/4-1s2-1__group.5097__X1000	d9ba509f5a8513d5b8456a3dbcd8d95f	256	1
work/ext7/4-1s2-2__group.5845__T	99a4132e59b617404a7dacae8a27e5aa	96	1
work/ext7/4-2s1c1__group.5994__C	ddf93bed98a197566c3e170fefff1b14	144	2
work/ext7/4-2s2-1__group.6534__X0010	424c449860e944f77822619830578a4d	576	1
work/ext7/4-2s1s1__group.6117__X0001	e521a54ce9344561650a118a62506ec7	288	2
work/ext7/4-2s1c1__group.5941__X11	0a61f25b4a5d65868ffaf780906bcf3c	24	2
work/ext7/4-1s2-2__group.5605__C	34dbecb759ba3533116cff5e40217189	768	1
work/ext7/4-2s2-1__group.6432__C	d8bc34caebba452d1fbbb998fda07a27	576	1
work/ext7/2-2s2-1s1s1__group.2322__X1101	e599e5302aa842a441c898be0bb4be2a	96	1
work/ext7/4-1s2-2__group.5819__X110	1b1730b2bc55db2f1cbc621f3490df39	96	1
work/ext7/4-1s2-2__group.5616__X011	4398868f521f2fb3026fcf6a3d10a50d	384	1
work/ext7/4-2s2-1__group.6327__X011	e462f53924fb3a3b27a47248b7d11a29	144	1
work/ext7/2-2s1s1s1s1__group.1870__C	fda01c059068af8b78b57bb967da07e5	96	14
work/ext7/4-2s2-1__group.6463__X100	f893124ba726c45b9c7153fb3f5cec55	288	1
work/ext7/4-2s1s1__group.6019__X010	b0a4414c42d51c54083fc7f4b91e16ea	144	3
work/ext7/2-2s2-2s2-1__group.3238__X011	b2a9160146a46daeffbdcc603b423744	144	2
work/ext7/4-1s2-2__group.5382__X10100	9e3844b508fe0af1fce64310dda8da1f	1536	1
work/ext7/4-2s2-2__group.6951__X010	3050ac4f3280143d90a6b511ae4fe1e3	432	1
work/ext7/4-2s2-2__group.6713__X1101	fd6bdd9e7db236af97207ebd257b10cd	1728	1
work/ext7/4-2s2-2__group.6701__C	03652e146da53fca94f34e868879759c	288	1
work/ext7/2-2s2-2s2-1__group.3347__X0001	fb9edb5ffdd247b276c5abb5629ec9a8	288	1
work/ext7/2-2s2-1s1c1__group.1968__C	5248367ed87ec01bd3fa75596c5689ad	96	2
work/ext7/2-1s2-1s1c1__group.1304__X0100	3e9daed1eeaa5fceedd6b5cbfe71bc4c	64	5
work/ext7/4-2s1s1__group.6011__T	56067a4df7d19ae2433575b3b6754ef0	144	3
work/ext7/4-1s2-2__group.5580__X0100	969eb94f3a621d76e89afa8c79699460	384	1
work/ext7/4-2s1c1__group.5910__X110	4670763d009d160b0d9f71dbf1dc8945	144	2
work/ext7/2-2s1c1s1c1__group.1742__C	097a6b7d7f30984c3e746ca7151e22ee	48	4
work/ext7/4-2s2-2__group.6854__T	48c49c5ade3e418f6673053c8902d521	432	1
work/ext7/4-1s2-1__group.5250__X10	dac1d87666e2ab0c7b34a37c96e23d4e	64	2
work/ext7/4-1s2-2__min.533__X01	4e283f94e6102fc6b59da0de7f410be8	24	2
work/ext7/4-2s2-2__group.6862__X011	0981c9b2ea3268e82b90bc0c54814692	432	1
work/ext7/4-1s2-2__group.5664__X10	094f1098ed626988ade1beccd601e0a2	48	1
work/ext7/4-2s2-2__group.6856__X111	24c5b348f574925e192d3a2cdcc11b64	432	1
work/ext7/2-2s2-1s2-1__group.2538__X00101	8af172a6471c1ba500930545cafa4f07	384	2
work/ext7/3s2-2s1__group.4293__X1010	cb1d94a1259c1cbcd6dbeb6ea6f15f7e	576	3
work/ext7/4-1s2-1__group.5237__X101	ee3cc06b2d86bf46180067a8324012a8	64	1
work/ext7/2-2s1s1s1s1__group.1891__X01101	7edf620bf18fee7866bef9030761523e	96	2
work/ext7/2-2s2-2s1c1__group.2731__X011	e40f317ed95916b6c222b3487023c61c	24	3
work/ext7/4-1s2-2__group.5629__X1101	b60e2620e7ff0702a80f95699de2b040	384	1
work/ext7/4-2s2-1__group.6627__X001	73553af6c1b0c868b4c34c3189d00456	96	2
work/ext7/4-1s1c1__group.4516__X11	a70d4b8582a1e7e631d99c2c022ea414	32	2
work/ext7/2-2s2-2s2-1__group.3246__X010	230672dbbcc762e90c8152d66c373e0b	144	1
work/ext7/2-2s2-1s1c1__group.2019__X0001	9993fac75fbc31937b95fcde94fdcabd	96	3
work/ext7/4-3s1c1__group.7181__C	5e5531d96f888c90962bfe1fd0668e32	480	2
work/ext7/4-1s2-1__group.5089__X0001	9700395aba5239b495b3e77c3ae0fac2	256	1
work/ext7/2-2s2-2s2-2__group.3703__C	e8e3ee79b65bfc71e2fe81928c3b5fef	864	1
work/ext7/2-2s2-1s1s1__group.2125__X101	d3af3e0012b9f9c3f362804487d6ccbd	48	2
work/ext7/2-2s2-1s2-1__group.2690__X1110	23ddda33ebb315c66ef4d9b413c24a48	96	1
work/ext7/2-1s2-1s1s1__group.1392__X011	4ab93ad9b3c44604cad782bb10b70266	32	4
work/ext7/2-2s2-1s2-1__group.2494__X0001	543fa7346fb0eb0d5a41dbc9d6f12867	192	1
work/ext7/2-2s1c1s1s1__group.1796__X1001	8236f6fea17367ba2e66ee242d9431ec	48	2
work/ext7/4-2s2-1__group.6501__C	8dc64b961ed8e07f41b1a3196378e0f9	576	1
work/ext7/6-1__group.7473__C	b95b476747d9906a3c800cf197194e0c	7680	1
work/ext7/4-2s2-1__group.6608__X011	bf365ea0cbb914c3d3b23ef09149eff5	96	2
work/ext7/3s2-2s1__group.4299__X0001	f2783d5a1bb63b7055fd19c1ac182572	576	2
work/ext7/3s2-2s1__group.4134__X11	21c9dc49e502e1ccec88df46a5d13bca	144	2
work/ext7/4-1s1c1__group.4483__X10	c4bea871cd09bcd0dbc6cf141d294c06	192	2
work/ext7/4-2s2-1__group.6592__T	be739902fce976394f9bf46c114ee3c3	96	1
work/ext7/2-2s2-2s1s1__group.2887__X1000	8e565b6e836436f2f183031ac2a92034	144	3
work/ext7/2-1s2-1s1s1__group.1480__X0001	c0a47b7dca97ccb08018c56b6ec21e0a	64	2
work/ext7/2-1s2-1s1s1__group.1308__X10011	ddf592f3aa27560aa9fd1e0e3706ed24	128	3
work/ext7/2-2s2-2s2-2__group.3710__X1001	7f2b5d86696784e1763ac00781d1aa3b	432	2
work/ext7/4-2ps1s1__group.5871__X1010	dc5f2b6cc05a0b539b1c5358606b2795	96	2
work/ext7/4-2s2-1__group.6370__C	020575cc5591b586f62e8f159f861a68	288	1
work/ext7/6-1__group.7424__X10	b5c929afec4b98e4d3f9a2568f3049ea	1152	1
work/ext7/4-1s2-1__group.4938__X001	366fa9a4f2776a883269226d8e978072	128	1
work/ext7/4-1s1c1__group.4474__X11	046ef041b0845e566217f8eaab7930c0	16	2
work/ext7/2-2s2-1s1s1__group.2384__X1101	debabf3c95a44cdc4f3a27d897380092	96	2
work/ext7/4-2s2-2__min.611__X10	0dc877d227f0fa40fa6774aadd90be26	12	1
work/ext7/4-2s2-1__group.6593__X001	081573d0cfb28a53abaedf419a7f0995	96	1
work/ext7/4-2s2-2__group.6889__X1000	f6d9a0457c7c48348c8e86386ca1b596	432	2
work/ext7/2-2s2-2s1s1__group.2851__C	3a727f1b0b54327bb954589975fa57c9	288	4
work/ext7/2-2s1c1s1s1__min.321__C	0393e3c7fd2c95fb355fce58699f9cad	24	2
work/ext7/3s2-1s1__group.3951__C	f26a7347f6b1a7ca1edbdf2e914b9354	384	2
work/ext7/4-1s2-2__group.5486__X0011	18ac374f5b0baedf9e413cf3f49feb3d	192	2
work/ext7/2-2s2-2s1c1__group.2705__X01	95cd5aab7b130a3c5be1b10d813f432e	12	3
work/ext7/4-1s2-1__group.4957__X1110	41712d2109fe504f675670b97d9c863d	128	2
work/ext7/2-2s2-2s1s1__group.3065__X011	3e027fbe77a3bfd44d512dfb8125841a	72	3
work/ext7/2-2s2-2s2-1__group.3468__X10	4cca9c0ff5ec73f76242ccc9cab42929	72	1
work/ext7/4-2s2-2__group.6812__C	daef9fa8ecda1015b103fba3474a32d3	48	1
work/ext7/4-2s2-2__group.6880__X0011	80cd30d819f89cd3b9d78959edbb1861	432	1
work/ext7/4-1s1s1__group.4627__C	88dc2eaf5bfab69612dbc913150efc6c	256	2
work/ext7/4-2s2-2__group.6933__C	eaceb8411a9dc88e3918471b158be85c	864	1
work/ext7/2-2s2-1s2-1__group.2525__X10000	14a0dcdb038c166567165b7ff40fa313	192	1
work/ext7/4-1s2-2__group.5661__T	fec1cc85760ce48015cc21be375acbee	48	1
work/ext7/4-1s2-2__group.5575__T	9177f63a15f2c4bc390a3e7bd10dbd8e	384	1
work/ext7/4-2s1c1__group.5912__C	82ae76a1fdca9afa5fd9d20fc830cb64	288	3
work/ext7/2-2s2-2s2-2__group.3690__X1011	2a70abf51a3e7fc19c0ffdd573ba0a43	432	2
work/ext7/4-1s2-2__group.5482__X1011	a60796c4c99734c76ac4c9ac3dc66f11	192	2
work/ext7/2-2s2-1s1s1__group.2429__X1101	7f52afab1148af29dbc6ec24dfcd6e53	96	4
work/ext7/4-2s2-1__group.6523__X0110	cdf10d1ad85f5b2634fae1ce214c0e54	576	1
work/ext7/2-2s2-1s2-1__group.2495__X0010	dfccb71250365e291d4c1e3da43058f7	192	2
work/ext7/4-2s2-1__group.6560__X010	a657eefc2d18968804acb58445212d3a	576	1
work/ext7/4-2s2-2__group.6706__C	f396af7943dd528c0be6dcb9a5766486	3456	1
work/ext7/4-1s1c1__group.4509__X110	3ecc47513fd9bce9a4a6e29bc64db9a3	32	2
work/ext7/4-1s2-2__group.5305__T	760e2aee436d2b01e22250c577546d3f	1152	1
work/ext7/4-1s1c1__group.4550__X101	f410b7dc033780ecdcd4122fde2c1c0a	64	4
work/ext7/4-1s1s1__group.4880__X110	5cf1b6cc924662dfbe0b10ceab300b2d	64	2
work/ext7/2-2s2-1s1c1__group.1937__T	0ca47a91c871f31785bfe53e273601bd	24	1
work/ext7/2-2s2-1s2-1__group.2647__X101	49c4921b6ed2bb2bdfff936671e251f5	96	2
work/ext7/3s2-1s1__group.3935__X001	bb9a686e459b4b96bd896e57d099b910	192	3
work/ext7/4-1s1c1__group.4468__T	0c6ad658c67cb8c05945ee99cf6fb2fa	16	2
work/ext7/2-2s2-2s2-2__group.3597__X110	e10f5eef5a77236b1d63de7f25c4e7e1	216	2
work/ext7/4-3s1s1__group.7207__X11	2f7b22f2479d22b770b6e906bee26ad9	240	2
work/ext7/4-1s2-1__group.5012__X101	ae3dd746cf5c4f22a7e10ab1442c413c	1536	1
work/ext7/2-2s2-2s1s1__group.2893__X0010	5b0b0ed2041fe0c43692f74a0640bf4a	144	3
work/ext7/4-3s2-1__group.7272__C	37848e0f95feeb647e4d7285cd3fa62a	1920	1
work/ext7/6-2__group.7559__C	8c85bdd7ceb549638719fd745edd8e15	648	1
work/ext7/2-2s2-1s2-1__group.2679__C	11ce9447571d18d9a602b4a0b11dbcef	192	1
work/ext7/2-2s2-2s2-2__group.3560__X1000	19f0534ac2d5272bbf20c8a729ee7fb5	144	1
work/ext7/2-2s2-1s2-1__group.2653__X001	9674b0917e17c172a2076fbf12f4c310	96	1
work/ext7/4-1s2-2__group.5344__X001	19b1f7ec40b940144d47c03882e07062	1152	1
work/ext7/2-2s2-2s1s1__group.2857__X0111	546a7cb7e0cc6a212726e1d34d367317	144	3
work/ext7/4-2s2-2__group.7067__X1001	fcaefdaeb502e8426b82a987449e1ec8	864	1
work/ext7/2-2s2-1s2-1__group.2456__X0110	44036db7c1e052603c5ee42b0934a62e	192	1
work/ext7/4-2s1s1__group.6212__T	d3583c2acd7560b65b4a17ce560ef52c	48	2
work/ext7/2-1s2-1s2-1__group.1524__X0100	86d25be3c89f74ea20ecde4e958d3494	128	1
work/ext7/2-1s2-1s1s1__group.1308__X00100	65566772bd3069928efbf3eabdf0750c	128	1
work/ext7/2-2s2-1s2-1__group.2454__X1000	6222c13898d8d5778025feb15cbc3725	192	1
work/ext7/3s1s1s1__group.3832__X1010	d1b8b9c76dbbefdd8d7dca95db62cf9f	192	2
work/ext7/4-1s2-1__group.4943__X0010	9e287eeee1d9b4ea3bcc4552cfcbedbc	128	1
work/ext7/2-2s2-2s2-1__group.3235__X110	9c1a3e7242d309a543843e5d3c38acd7	144	1
work/ext7/4-2s2-2__group.6880__X0100	edab80ed57461f98a340225eea4afff2	432	4
work/ext7/4-1s2-1__group.5071__C	2fec66d20a530407aaa3c51c1eba4939	512	1
work/ext7/4-1s1s1__group.4923__T	bbbb5c8b09617d9c2d102eae35738b32	96	2
work/ext7/4-1s2-2__group.5602__C	05e13065ddd91a23f49e24ef27522aa1	768	1
work/ext7/4-2s2-2__group.6813__X11	8ba1cf9f3019074dc9f2886407ff2ee3	24	1
work/ext7/4-1s2-2__group.5362__C	464dbba18eb16cb777a2585a0dee0335	288	1
work/ext7/4-1s1s1__group.4846__X01000	3932b0d79edccda7e74cb285a66fa4a5	64	1
work/ext7/2-2s2-2s2-2__group.3593__X011	d68e154b474d14a0751aab7b0f225a06	216	2
work/ext7/2-2s2-2s2-1__group.3196__X010	2c409d528af92c397d173706a3140eaf	144	1
work/ext7/2-2s2-2s2-2__group.3645__X001	19de4be1e0ab71976d949752c2b0a361	216	2
work/ext7/4-2s1s1__group.6118__T	03cd246dec3765e6190c58456e3ad6ac	288	3
work/ext7/2-2s2-2s2-1__group.3370__X1101	1e5628a5420c49617636408d6e09adcf	288	1
work/ext7/2-2s2-1s2-1__group.2501__X1111	e723cd137e925a97ea5d27c71c76fe55	192	1
work/ext7/4-2s1c1__group.5942__T	2f572352cf2a0920a920a8a42343212e	24	1
work/ext7/4-2s2-2__min.619__X01	b058751167fa3ad34861712a5a3f1829	36	1
work/ext7/2-1s2-1s2-1__group.1571__X0100	a681a40135ad93c74c44ecba5475fccd	64	6
work/ext7/2-2s2-2s2-1__group.3333__X0001	a05931521955592e0cee0756c4e389dc	288	4
work/ext7/4-1s2-1__group.5083__X0111	d97b74474990eb36ec77bb179e543924	256	2
work/ext7/2-2s2-2s2-2__group.3560__X0101	3f49bce8ce59fb3158d18ea5415ab29b	144	1
work/ext7/4-3ps2-2__group.7147__X001	f1e5dc72c984c105210b216e6153d787	120	1
work/ext7/2-2s2-2s1c1__group.2729__C	00323e43ae85f4b78e8df6000618a8b5	48	3
work/ext7/4-1s2-1__group.4945__X01000	2a8b251eb2a0e31eed5069009aecf0f0	128	4
work/ext7/2-2s2-1s1s1__group.2198__X010	f82a16ec6c0262621fd6a279079d6d1c	48	3
work/ext7/4-2s2-2__group.6852__X100	8d0e27468366185cbece12663e0ce572	432	1
work/ext7/4-1s2-2__group.5759__X01000	20a2e89f1a73a52672aed17c74d640f4	768	1
work/ext7/4-1s1s1__group.4882__X101	40deeb9bbe591af679fa581df96725f0	64	1
work/ext7/2-2s2-2s2-1__group.3188__X011	450be2868c5a0f895b075aca5de15e87	144	2
work/ext7/4-1s2-1__group.4946__C	9cb1da00d5478c227cb03407ca4ae6f0	256	1
work/ext7/2-2s2-2s1c1__group.2793__X100	fce77f1a078be4fcabd814d38da6c77a	72	2
work/ext7/4-2s2-1__group.6469__X010	9a05e8503ad3bc41dab43cfbb71756e7	288	1
work/ext7/4-2s2-2__group.6811__X10	b92c3aa79743f7321e61babbae47e024	24	1
work/ext7/2-2s2-1s2-1__group.2626__X100	4c72aae76ed7b7f25051853c6d9dc480	96	1
work/ext7/4-1s2-1__min.521__X01	62e51bd672159324e376e93f2b1f018e	32	1
work/ext7/4-1s2-1__group.5296__X100	2779a4bf15ad7f8b61bc36dda01b7e0d	96	1
work/ext7/2-1s2-1s1s1__group.1398__X100	d366f6fd4392ff7d685fcdccb172e0b3	32	3
work/ext7/4-1s2-2__group.5620__X100	7f9e3e87abcf4b8950b6110a1e728aa3	384	1
work/ext7/4-2s2-2__group.6851__X100	90dcb8f4cabfc386ff011e5e3e48f17c	432	1
work/ext7/4-2s2-2__group.7008__T	6d70898e0a931f987a0624908886668a	72	1
work/ext7/4-2s2-2__group.6966__X011	e704e8990fa601a5cdaae83585b0796b	48	1
work/ext7/2-1s2-1s1s1__group.1395__X011	cf7252d96a3b23dce2352af0cddd038e	32	4
work/ext7/2-2s2-1s2-1__group.2497__X0100	59f7154087dfaed1b982baa5438186a7	192	4
work/ext7/4-1s2-1__group.5210__X001	3a9b99fc78bbb647c018cdddca0c400d	64	2
work/ext7/4-2s1s1__group.6114__X0101	d2f04f1995008e07607ed71cda6ee3e5	288	6
work/ext7/3s2-2s1__group.4189__X011	5a542ec2110b75f49f6ec1887ae16c8e	288	2
work/ext7/4-1s2-2__group.5677__X010	8d9343f4712196f6567981daceef48b4	48	2
work/ext7/2-2s2-1s2-1__group.2598__X001	0a531f6a45eaef122c21405374e62520	96	1
work/ext7/2-2s2-2s2-1__group.3480__X10	a98d1935031736555a6448c3e63ca5cf	72	1
work/ext7/2-2s2-1s1c1__group.1964__C	0e6ca59c9d7740081761071cb60c2702	96	2
work/ext7/2-2s2-1s1s1__group.2396__X0111	42446924a8d2317ab03c27bc9a41ee14	96	2
work/ext7/2-2s2-1s2-1__group.2528__X10001	12249e0cb09682427433f2b770ee219c	384	1
work/ext7/4-1s2-1__group.5068__X100	0b3e47a5b3d6b16204409281cf010738	256	1
work/ext7/4-1s2-1__group.5232__X010	e80efed1951b46ab14640c33508b27d1	64	4
work/ext7/2-2s1s1s1s1__group.1859__C	9eb56e4b9582988c1593915bd454f51a	96	5
work/ext7/2-2s2-1s2-1__group.2677__X100	cab5e643f111c3a67eddfcbb85b39ddc	96	1
work/ext7/2-2s2-1s1s1__group.2031__X11011	90c665376086d8b5a934cc089a8ba887	192	3
work/ext7/2-2s2-1s1s1__group.2247__C	2a677b8b3c96fa41f13dd08561224983	96	4
work/ext7/2-2s2-2s2-2__group.3688__C	be7527cfead5aa7441798e5cf2b35c22	864	1
work/ext7/4-2s1s1__group.6144__X1001	ba489eaa8a5bf4c3b0fcb7d6aaaa1e19	288	2
work/ext7/3s2-2s1__group.4298__X0111	524ac022081da6f0308ee077adbdc946	576	2
work/ext7/2-1s2-1s1s1__group.1386__X110	b8e5a5c23f8e7725f2c10642585dd29b	32	4
work/ext7/3s2-1s1__group.3969__X0100	93af7c3edc1c0af7b23d64145400aca5	384	3
work/ext7/4-2s2-2__group.6896__X010	27b3d990667992987fc19db5a46cf5de	432	1
work/ext7/4-2s2-1__group.6488__C	0ff72cad1dd4bc8122014bd8cbff72c3	576	1
work/ext7/4-1s2-2__group.5490__X0010	395953dfff7dd372f87f527c1602344c	192	2
work/ext7/4-2s2-2__group.6718__X1010	3c459895037ba3ddd2ab5f93effa0e13	1728	1
work/ext7/2-2s2-1s1s1__group.2394__X0111	6d5742d67c7e2faa973cb43950feddc4	96	2
work/ext7/6-1__group.7430__X10	1046935967dfde027f7e5820102b44fc	1536	1
work/ext7/4-2s1s1__group.6138__X0010	96c68e66283b1648d248201d7f6bbcba	288	2
work/ext7/4-1s2-2__group.5316__X110	c8ce43be31f2db7ab99e919a70f59628	1152	1
work/ext7/4-3s2-2__group.7333__X11	c3faabe88523d098b801b30c72664c4a	720	1
work/ext7/4-2s2-1__group.6500__X011	220b51e62e14ba5207c811356fa04e20	288	2
work/ext7/4-1s1c1__group.4549__X010	b3c89b9d7362e0ddaccc4974c7ac778f	64	2
work/ext7/2-2s2-1s2-1__group.2621__X100	113936c77819e987107999d4e6b439e9	96	1
work/ext7/4-2s2-1__group.6553__X0011	631276e76be6025806d22cfe4b5b601e	576	1
work/ext7/3s2-2s1__group.4258__C	9047827ccbea8b9ee57739554cba8c20	576	2
work/ext7/2-2s2-1s2-1__group.2574__X100	620fdddb698b51cd8ae05269d104d7bf	48	1
work/ext7/2-2s2-1s1s1__group.2108__T	decf838a493a9b95ac196585f3483d7f	48	2
work/ext7/3s1c1s1__group.3796__C	057592df02862aebbf40385df2810891	96	2
work/ext7/2-2s2-1s2-1__group.2546__X10	5ea59fd53614a8131b2119b24fd007fd	48	1
work/ext7/2-2s2-1s1c1__group.1971__X111	f68aabecce9b716802a2a153432ddb3a	48	3
work/ext7/2-2s2-1s1c1__group.1980__X101	d691923bbfa8ba98f8ef30a616b682fe	48	2
work/ext7/4-2s2-1__min.603__X01	601658019789a338dbeab85f1ef9a12e	48	1
work/ext7/2-2s2-2s2-1__group.3429__X00001	049f6d6c15f44e88d6936a9df922feb2	576	1
work/ext7/4-1s2-1__min.511__X10	d56789e566ac3672cf0aa5a1582dfea4	24	1
work/ext7/4-1s1s1__group.4707__X01110	efb226014f68f43a6f36fa4daa41c0b0	256	3
work/ext7/4-1s2-1__group.5271__C	d1037974204ae4e5b2d4a0327c6d2bff	1536	1
work/ext7/3s2-2s1__group.4306__X1101	c45309a671d61a11db032bff43e23407	576	1
work/ext7/4-2s2-2__group.7009__T	3ff675cd653c3606770cb1b132f3e848	72	1
work/ext7/4-2s2-2__group.6676__X110	51d937053df097296d4d4fdd1e4a4be3	144	1
work/ext7/2-1s2-1s1s1__group.1387__X100	35167b35965e476db7a91a82741913cb	32	3
work/ext7/4-2s2-2__group.6821__X0100	3e75af1fbc2485c7aafbeaf530b258f9	288	2
work/ext7/2-2s2-2s2-1__group.3215__T	dea68fcf8ba713abeb21900bfe1cc555	144	1
work/ext7/3s2-1s1__group.4033__X10	5436ff4a628e4f020c41b9b7d8df7340	96	2
work/ext7/4-2s2-1__group.6528__C	b9854187b7f9bc74a07acb5646fae9ba	1152	1
work/ext7/4-2s2-2__group.7082__C	5d20216d09d6d3d32263e7b95aadc46d	1728	1
work/ext7/4-1s1s1__group.4617__X0010	016db44fd5bd3ceadbe830767d8d27c4	128	4
work/ext7/2-2s2-2s2-2__group.3563__X1100	6cf98ec9d6081bf669aa9236f313356c	144	4
work/ext7/2-1s2-1s2-1__group.1533__X1001	5771300fa6f5421e6927533d551f90a8	128	1
work/ext7/4-2s2-1__group.6572__X1111	7b2472954fbd1943718e0d343e2da5c9	576	1
work/ext7/2-1s2-1s1c1__group.1268__X01	929c83da86259300773445d28ac696fa	16	2
work/ext7/2-2s2-1s2-1__group.2562__X10	fb31b8c582a55723b08ae33820ac4aed	48	1
work/ext7/4-1s2-1__group.5087__X0001	2bfd6f9904eec112138d9984db4ea320	256	1
work/ext7/2-2s2-1s1s1__group.2364__X0110	16adc1ced1230869ff97df54b82c520f	96	4
work/ext7/2-2s2-1s2-1__group.2538__X01101	f0077cba9e663a8b9e61ca8ff414bce5	384	1
work/ext7/4-1s2-1__group.5002__X101	213d029f3a1ee17380dcb8ae6d749169	128	1
work/ext7/2-2s2-1s1s1__group.2192__C	f65cc69fe940264b82f37959469fc1a1	96	3
work/ext7/4-2s2-2__group.6826__T	9e8942ba2e7c6d45074677ba7828146f	288	1
work/ext7/2-2s2-1s1s1__group.2041__X11011	3c219c202586da606503638c9ee2d4c6	192	8
work/ext7/2-2s2-2s2-1__group.3253__X100	0c14cfb0c1785c8537bdd57fe70a35cb	144	1
work/ext7/4-1s2-1__group.5289__X01	aca4624184a355df323e93a0551575ed	96	1
work/ext7/4-1ps1c1__group.4401__C	5ffed98794cb72d64f29082a9211360c	32	3
work/ext7/2-2s2-1s1s1__group.2072__T	3e4ac5593da985a8cda73eca3713eff6	24	2
work/ext7/2-2s2-1s1s1__group.2394__X0001	ae5384246a3cb2110667308f7ea09a8f	96	2
work/ext7/2-1s1c1c1c1__group.1105__T	d9afe5cf3eed40e8018ecf46d866011a	8	2
work/ext7/2-1s1c1c1c1__group.1102__X011	776b33143f71cfda4d310fc334ba6fa8	16	3
work/ext7/4-3s2-2__group.7282__X01	7289fbb01f956950cfb44b0fb13280fe	120	1
work/ext7/2-2s2-2s2-2__group.3694__T	5549534c8c3a1da994bcc5a05cb09e2b	432	1
work/ext7/4-2s2-1__group.6540__X011	5c93f039e500e2d28c195b2d5de7a5dc	576	1
work/ext7/3s2-2s1__group.4232__T	d4bf5f994493dd165096ad9d8350f6a8	288	3
work/ext7/4-3s2-2__group.7324__X01	bd032e9063d9098c2b30c3b3f5d9c052	720	1
work/ext7/2-2s2-2s2-1__group.3448__X01	8e3b968aa9678aab25244214212af4f9	72	2
work/ext7/6-2__group.7511__T	544553b56b5d4c2e6a45e7ac5742a288	1296	1
work/ext7/4-2s2-1__group.6313__X0010	7c167f972aaae885b0fea7b9d427a307	1152	2
work/ext7/3s2-2s1__group.4240__T	9eda7578bfa4ec5eca4432ed11765a94	288	2
work/ext7/2-1s2-1s1s1__group.1459__X1000	7a0b0b543ea38807545809c1c0250985	64	2
work/ext7/2-2s2-1s1c1__group.1960__C	b4cb120047fdb26e27fcf744ce90dbf8	96	2
work/ext7/3s2-2s1__group.4191__X001	b7e1c0c977676d574832abdd862a64f1	288	2
work/ext7/2-2s2-2s2-2__group.3530__X10	836d037b1f2dd5eabaa273ed7b7d4c80	108	1
work/ext7/3s1s1s1__group.3852__T	e5f6df0303a17e2652ef80d7e463994c	96	4
work/ext7/4-2s2-2__group.6746__C	42ce93eb451d6eed6fdcf0483d061ae7	432	1
work/ext7/5-2s1__group.7397__C	67ab9feffa4a9dce9f0306c60ba8a7fc	2880	1
work/ext7/2-2s1c1c1s1__group.1706__X01	2466efa26dacf75eb8678e6e7ab0ec60	12	3
work/ext7/2-2s1c1s1s1__group.1751__T	8f2b5d6603d5b7972d7a6d9f8b6ec591	24	5
work/ext7/2-2s2-2s2-2__group.3529__C	275139f50a075a502944f619b9475baa	216	1
work/ext7/2-2s2-2s1s1__group.2860__C	d2a8ea3534d9a8ae21402373e728ce84	288	1
work/ext7/4-2ps1s1__group.5865__C	d4c310dc6d6194e2d51e1992d6e20578	96	1
work/ext7/2-1s1c1s1c1__group.1137__X11	2dcbc2e19bc151c042355d3907715922	8	3
work/ext7/2-2s2-2s2-1__group.3425__X01101	965d18aa9346a66575d88537e9a0836f	576	4
work/ext7/4-3s2-2__group.7307__X011	dd9ae9007175eb1eca5904d4dad93bf4	240	2
work/ext7/4-1s2-2__group.5534__T	83cec7217c36572bec21f22b9d07343d	288	1
work/ext7/4-2s2-2__group.6830__C	7af2f43cb942fb20ccbc4100133f6fca	576	1
work/ext7/4-3s2-1__max.19__X0111	f73114bcecd96b29ac1767764a347a87	1920	2
work/ext7/2-2s2-2s2-2__group.3630__X110	d68d140f81f5aa4bbc06cf85dfd6eff1	216	1
work/ext7/2-2s2-1s1c1__group.1977__X010	ca43e385f4acefa4fcc5f7f83cedeb12	48	1
work/ext7/2-2s2-1s1s1__group.2366__X0101	b4bd5701fadb93190954b416825a1987	96	2
work/ext7/2-2s2-1s2-1__group.2487__X0111	62785b477254ed4e739f5196ae4a40a8	192	2
work/ext7/2-1c2-1s2-1__min.216__C	33dad1d77a912f3c6feb45097221952e	32	1
work/ext7/2-2s2-2s1c1__group.2778__X100	28c5b3179e5f0c7699f120c757daf74c	72	1
work/ext7/4-2s1s1__group.6308__C	46ecc9a353e5c47b2eed5402993aace5	192	1
work/ext7/4-2s2-1__group.6332__T	41b719a9de1c71ab9f8d1c7fc1141355	144	1
work/ext7/3s2-2s1__group.4095__C	cada7e00ce1523ad1f781371375b676b	288	3
work/ext7/2-2s2-2s2-1__group.3350__T	069372d226c4127d43103744cf347713	288	1
work/ext7/2-1s2-1s2-1__group.1582__C	14d908ca3a259ff210afd70beee0aed4	128	1
work/ext7/4-2ps2-2__group.5892__X01	e269a91f28168b59edf38eb47896c617	24	1
work/ext7/2-2s1c1s1s1__group.1747__X001	3bbe1812e13790a77761b9aeb9354a11	24	2
work/ext7/6-2__group.7613__X01	286507a0553f69088fb0e8ad75413b72	72	1
work/ext7/2-1s2-1s2-1__group.1547__X00110	8ccd8ef90bcfa09ab198e8619e6f7270	256	1
work/ext7/4-1s2-1__group.5260__X111	d33e54e1eb1afaf3c5cbc0351f3c96d1	64	1
work/ext7/4-1s2-1__group.5274__X11	8cbb327bfdbed53dba34947e6ccc4eeb	768	1
work/ext7/2-1s2-1s1s1__group.1320__X00101	e7f416cf46445fc28b961ef14c3828cc	128	4
work/ext7/4-1s2-2__group.5669__X011	9661dde1a7984c870397a52b89fb2a61	48	2
work/ext7/4-2s2-1__group.6571__X1011	7340a9658237cc260eb855ec986e2294	576	2
work/ext7/4-2s2-2__group.6999__X11	8e3c55dbd9eb2bb188a8ac5683032897	72	1
work/ext7/2-1s2-1s2-1__group.1567__T	0dd9d5f63619f4efbc2dfc2c316b1a45	64	1
work/ext7/4-1s2-2__group.5589__X001	d7d36e09d533f67d98e3a9a2e126d6f7	384	1
work/ext7/2-2s2-2s2-1__group.3253__X110	ebbf4877c42b6feba4db5f3667ae8955	144	1
work/ext7/2-2s2-2s2-1__group.3458__X11	a7574f80f9a2ce0cd27194db4b5fe9d6	72	1
work/ext7/4-1s2-2__group.5323__X11	4d576c2981efb356f6705c4c4f3d06f0	1152	1
work/ext7/4-2s2-2__min.615__C	a135e3d46abf80475ecdba1a0af6f9b9	48	1
work/ext7/3s3__group.4392__X01	64bfcca38d650f03ec6de54a983609e1	576	1
work/ext7/3s1c1c1__group.3776__T	949f42f7c16f4cc2d5ac618feeb67918	24	1
work/ext7/4-2s2-2__group.6664__X010	704f6267db72af343e707d8fb70477ca	144	1
work/ext7/3s2-1s1__group.3936__X101	40619f1c11888da20affe17e0e02373c	192	2
work/ext7/4-2s2-2__group.6704__X011	6cc9ea9c44a6a962ddc20657a6e319ec	144	2
work/ext7/4-1s2-1__group.5077__C	3f81c80959edcda78e95bbf1b0b9ae69	512	1
work/ext7/4-2s1s1__group.6005__X10001	940c923f9080f4d35feca7a23b021eb9	1152	2
work/ext7/2-2s2-2s2-2__group.3633__C	3e74701fdd82a042b09e46c55f95fce4	432	1
work/ext7/4-2s2-2__group.6801__X01	4cdcfea7f3ad39be8cbc3b1a2d94e148	216	1
work/ext7/4-1s2-1__group.4935__X001	e71c7c131c5aa66a52ed79d867b70ec4	1152	2
work/ext7/2-2s2-2s1s1__group.2840__X0011	1d1e3235f24f850efa2d9cf6585fbc34	144	3
work/ext7/4-2s2-1__group.6424__T	7f0b3127697e9ec931d25db8185b0493	288	1
work/ext7/4-1s2-1__group.4997__T	3e9b92ead3b2c0bae4a537385b34d7ec	128	1
work/ext7/4-1s2-1__group.5181__X1101	4e642ef12eec05515e7525bb100f9613	512	1
work/ext7/3s1c1s1__group.3788__X0100	b4722b630b6e534b84b30dc99e27ff9d	192	4
work/ext7/4-1s2-2__group.5760__X0001	cd4d5bef5bd69a8f49e85c23283a3da1	768	1
work/ext7/4-1s2-1__group.5231__T	58aa84d5b87dfa1ffb051dc7c80d3c6d	64	1
work/ext7/4-2s2-1__group.6514__X001	64310418d29b109d8e66baae87fa895b	576	1
work/ext7/2-2s2-2s2-2__group.3735__X100	b82ee6be4930c239a2a3384e32d7b2cf	72	2
work/ext7/4-1s2-2__group.5659__X11	9fe1ed75d585c99999e0ad6bc0ffff27	48	1
work/ext7/2-1s2-1s2-1__group.1582__X011	0fcaf915b5de621ba2cc6e5ddc3d6091	64	1
work/ext7/3s2-2s1__group.4097__X11	d40b1940f120ca79dfb91d12e3cc9043	144	1
work/ext7/2-2s2-1s2-1__group.2619__C	d41271df90ad307370d8cc2a36e425d1	192	1
work/ext7/4-1s1s1__group.4666__X011	c657652d4bab7ee6431820ca1cd67270	192	1
work/ext7/2-2s2-2s1c1__group.2708__X0110	097f93f75af33db572f6345c91a4e2c7	144	4
work/ext7/4-2s1c1__group.5978__X10	2a431f9b2ae7f0edc8a5d2f1120a3dcb	72	1
work/ext7/4-1s2-1__group.5269__C	494b9e8c7d1f808410751e3435026d2a	1536	1
work/ext7/4-2s2-1__group.6421__X011	706c84b5175d4325747250dbd361ed37	288	1
work/ext7/2-2s2-2s2-1__group.3225__T	a6d9edc400a9aad4b545d68a56833862	144	1
work/ext7/3s2-1s1__group.3881__X011	3eeb96d0811a1b5c42bd86d1bbb3712e	192	2
work/ext7/4-2s2-2__min.622__C	c01399563facfb74d90db44d236961be	144	1
work/ext7/4-1s2-1__group.5189__C	d2d92507fb2e9d288b5664537dbaa7ee	1152	1
work/ext7/4-2s2-2__group.6820__X0101	54693cc6de8440e8df23371c6945db4e	288	1
work/ext7/2-2s2-2s2-1__group.3319__X1000	aac15470d82f22403350ffb53d7c083a	288	1
work/ext7/3s2-2s1__group.4185__X010	8668a1081379c2641514a5b0354de31a	288	1
work/ext7/4-2s2-2__group.7044__X1110	2431bab30f9442d4bbec9474293eb2ea	864	2
work/ext7/4-2s1s1__group.6265__X10	b02dcecbdbbd3c532be8d61f2d95f60d	72	3
work/ext7/4-2s2-1__group.6533__X1011	db96064b1e9442ca27a7cfec70d8a3a4	576	1
