1 7
2 97
3 16057
4 19417
5 43777
6 1091257
7 1615837
8 1954357
9 2822707
10 2839927
11 3243337
12 3400207
13 6005887
14 6503587
15 7187767
16 7641367
17 8061997
18 8741137
19 10526557
20 11086837
21 11664547
22 14520547
23 14812867
24 14834707
25 14856757
26 16025827
27 16094707
28 18916477
29 19197247
30 19634047
31 19800367
32 20112217
33 20247037
34 21321187
35 21850177
36 22587277
37 24786397
38 25009417
39 25524127
40 27305557
41 29153557
42 31563937
43 31875577
44 32836747
45 33575947
46 36319177
47 36985297
48 37055647
49 40660717
50 41214067
51 41763427
52 41927437
53 44842867
54 45974557
55 47204737
56 48660247
57 49157737
58 50685907
59 50943787
60 51255637
61 53204857
62 53266387
63 55057897
64 56431927
65 57812467
66 59877397
67 61052347
68 62757967
69 63655717
70 65689567
71 67022227
72 69296317
73 72610117
74 74283607
75 74390077
76 75085597
77 76150507
78 79413067
79 82984537
80 87423097
81 89483827
82 94752727
83 112710877
84 114405997
85 114812767
86 115198537
87 115921567
88 119279257
89 119732017
90 123821767
91 124160077
92 125847847
93 130278007
94 131118847
95 132842107
96 135941077
97 140124697
98 146022127
99 149620057
100 150733477
101 151048477
102 151659367
103 151848787
104 151946227
105 152574547
106 153090517
107 153514717
108 154597897
109 155011387
110 156896137
111 163893127
112 164221147
113 164564497
114 165601477
115 166000057
116 175258537
117 176919637
118 180646717
119 184706437
120 185938927
121 187315477
122 188722477
123 190504747
124 191128027
125 204332407
126 205137337
127 205216717
128 209823067
129 213861997
130 214187917
131 215989717
132 221389027
133 222762637
134 223136647
135 223789117
136 225443077
137 226901107
138 228667837
139 234929407
140 236608777
141 238523557
142 240293227
143 243857347
144 246843127
145 248834137
146 253746667
147 257699077
148 258145747
149 260708797
150 273649627
151 276244597
152 277682677
153 278340187
154 279328447
155 288004807
156 290181247
157 294430177
158 296095687
159 298713967
160 300466417
161 313106737
162 316650277
163 323301607
164 324805837
165 327160777
166 329549317
167 335699587
168 338861977
169 339484417
170 344941687
171 358413817
172 359772307
173 360054127
174 360876067
175 361361587
176 363720937
177 372791047
178 373434697
179 381674467
180 403629757
181 404941627
182 411454777
183 411634117
184 411746047
185 412633927
186 414572227
187 417397147
188 417962257
189 419208607
190 429747667
191 434056027
192 434863057
193 441950137
194 450614107
195 451556377
196 454544257
197 462926407
198 466193797
199 474190807
200 474225667
201 481326397
202 487027897
203 489846937
204 494319097
205 495303157
206 495588547
207 507420367
208 508055407
209 511015777
210 516518407
211 519696757
212 538281967
213 541937647
214 542460547
215 545170177
216 554504047
217 555319477
218 561116317
219 562887037
220 563069317
221 563681467
222 565204807
223 569347057
224 570197977
225 572792317
226 578791387
227 579276277
228 586313587
229 587191597
230 591130357
231 591535657
232 591914497
233 599142277
234 600976417
235 600998677
236 602699677
237 603324637
238 604313527
239 609735937
240 611984827
241 615240667
242 615306397
243 616299907
244 631585177
245 631751707
246 646616137
247 656317297
248 660329767
249 667624537
250 674084767
251 677637127
252 682324537
253 682478887
254 682715977
255 683689537
256 687979207
257 699234577
258 707326507
259 710591587
260 711574597
261 714435427
262 715571947
263 722076907
264 725565427
265 729562567
266 742987237
267 751027087
268 751751167
269 759297937
270 762112987
271 763502557
272 771517837
273 776447797
274 780885097
275 787985827
276 794929897
277 796908517
278 809895127
279 817097917
280 822943477
281 823145497
282 823568017
283 838112827
284 841897867
285 844501237
286 854248387
287 858033427
288 862920337
289 868339177
290 870132157
291 870231487
292 872922217
293 887895637
294 889753297
295 895397677
296 907438657
297 907907167
298 910537207
299 912786307
300 918492007
301 918649087
302 919496437
303 926463397
304 933449047
305 937630147
306 941357227
307 954965647
308 957236167
309 962551687
310 966397837
311 972066367
312 974334997
313 979662907
314 981328627
315 982936387
316 983290657
317 984491857
318 1002054787
319 1002248827
320 1008571507
321 1017249127
322 1017630067
323 1022665867
324 1024591147
325 1028314867
326 1032171727
327 1039275817
328 1039410007
329 1040321197
330 1041074257
331 1042652197
332 1042709947
333 1049565607
334 1053347287
335 1055142157
336 1056605647
337 1061494657
338 1061859427
339 1070307517
340 1075624717
341 1078510327
342 1079342977
343 1089330367
344 1097891017
345 1102078837
346 1109341687
347 1112588287
348 1114962127
349 1121630677
350 1121852857
351 1127582707
352 1131323647
353 1133390887
354 1134148567
355 1136784277
356 1138950217
357 1139884507
358 1140631897
359 1141694497
360 1146474727
361 1149538207
362 1150140907
363 1150877587
364 1166795797
365 1170340807
366 1170706627
367 1171622857
368 1175228767
369 1176995917
370 1181915167
371 1187684077
372 1191535057
373 1191995797
374 1203463897
375 1213608157
376 1214790667
377 1215988507
378 1216572937
379 1217986657
380 1219284877
381 1220877517
382 1227427837
383 1233468487
384 1237558237
385 1238775817
386 1239941107
387 1243320427
388 1244819617
389 1252289317
390 1266460957
391 1273334467
392 1275259747
393 1275851107
394 1282466737
395 1285729717
396 1285825897
397 1286807437
398 1287544327
399 1296408847
400 1296968077
401 1313864467
402 1314853357
403 1316136457
404 1317634387
405 1319780167
406 1324341367
407 1328809117
408 1332348877
409 1335952687
410 1343141197
411 1343203777
412 1352139067
413 1356784057
414 1370138587
415 1373905987
416 1377838867
417 1380689407
418 1382013037
419 1385146657
420 1391341867
421 1396546507
422 1399627627
423 1404151027
424 1409332357
425 1411369777
426 1411949167
427 1415950297
428 1417713877
429 1419070057
430 1426839847
431 1428677347
432 1430297497
433 1430571547
434 1437391507
435 1438486867
436 1442654947
437 1448979937
438 1454384287
439 1456907857
440 1464975427
441 1474761637
442 1481266597
443 1486616767
444 1487080027
445 1487988907
446 1492960867
447 1495515937
448 1496431747
449 1500426787
450 1503798337
451 1511101507
452 1512942787
453 1513786987
454 1525898317
455 1530077947
456 1538999587
457 1542684877
458 1550468737
459 1551439777
460 1557032287
461 1569747997
462 1593658597
463 1613552527
464 1616765317
465 1622559217
466 1624796347
467 1625326597
468 1628753377
469 1638495487
470 1647339427
471 1653593857
472 1656107347
473 1666799077
474 1669486447
475 1674508597
476 1678779997
477 1683517597
478 1700985817
479 1702266607
480 1705109167
481 1709465827
482 1713585817
483 1715351497
484 1721341747
485 1729287727
486 1731229597
487 1731633847
488 1740969397
489 1740989137
490 1741715527
491 1741748077
492 1742804797
493 1744485637
494 1746336997
495 1746342457
496 1747567177
497 1752182347
498 1768240417
499 1768535047
500 1787252557
501 1788120277
502 1789459027
503 1791698257
504 1806564157
505 1817470927
506 1818084337
507 1820729497
508 1825635937
509 1831775707
510 1838705497
511 1852717117
512 1857762157
513 1870992577
514 1873063597
515 1885835587
516 1886522497
517 1889998207
518 1901532037
519 1903822507
520 1910412937
521 1912416757
522 1916723437
523 1917262927
524 1923863647
525 1924344337
526 1925531887
527 1926245677
528 1938649117
529 1950513277
530 1958011327
531 1965818077
532 1974197497
533 1993201027
534 1994717437
535 2000525617
536 2019957337
537 2057241997
538 2058214507
539 2073929437
540 2076623947
541 2076916477
542 2092460467
543 2092932757
544 2112588757
545 2117786257
546 2131756717
547 2139006967
548 2142129877
549 2150622697
550 2157827797
551 2161030507
552 2162244307
553 2169562387
554 2176842247
555 2183874097
556 2188932997
557 2200746127
558 2203276627
559 2205797047
560 2219617987
561 2248024057
562 2248744777
563 2254764427
564 2269547167
565 2269947847
566 2278911907
567 2288938777
568 2292189787
569 2292298357
570 2299088497
571 2299224787
572 2300067937
573 2302172767
574 2310186157
575 2315429647
576 2319738007
577 2344968667
578 2346623677
579 2350360417
580 2363112877
581 2364798967
582 2369488477
583 2371905577
584 2383699597
585 2384022997
586 2384907517
587 2385521767
588 2393282527
589 2404425967
590 2418144007
591 2427206137
592 2432457607
593 2435288407
594 2436277297
595 2450182447
596 2454908707
597 2454968557
598 2461957567
599 2462301757
600 2462778667
601 2471908837
602 2480521777
603 2486133817
604 2499455587
605 2508327457
606 2515746967
607 2522705947
608 2524947697
609 2531615617
610 2534808037
611 2539584907
612 2549407027
613 2557350067
614 2560011187
615 2562055747
616 2582639947
617 2603639317
618 2622798457
619 2628849397
620 2635636177
621 2644779997
622 2649170467
623 2662721767
624 2681678887
625 2683164217
626 2686452397
627 2686926367
628 2691510457
629 2693524567
630 2721007687
631 2722151347
632 2735320657
633 2747062387
634 2752385887
635 2762499907
636 2768577727
637 2774441557
638 2782295557
639 2782534747
640 2789276587
641 2794398697
642 2804111197
643 2805528487
644 2809643647
645 2833341097
646 2837709307
647 2839004797
648 2840883037
649 2844149167
650 2844358327
651 2855350357
652 2855809207
653 2857084327
654 2859875647
655 2859878377
656 2872789807
657 2889959197
658 2914658557
659 2916517057
660 2922375217
661 2925412657
662 2932196077
663 2938968157
664 2939404537
665 2940902677
666 2941036447
667 2958322177
668 2969718877
669 2971112857
670 2976860137
671 2984329207
672 2984523457
673 2985418477
674 3005129707
675 3005758027
676 3005799607
677 3020349457
678 3024973867
679 3028738117
680 3045618127
681 3047193967
682 3051315847
683 3076177537
684 3082653517
685 3111683287
686 3116390857
687 3116657767
688 3121060837
689 3134711677
690 3147220117
691 3148524007
692 3149953897
693 3165542197
694 3173582047
695 3174374377
696 3177611527
697 3179770537
698 3181364437
699 3184130347
700 3185648017
701 3188752657
702 3192449077
703 3194073007
704 3201967117
705 3216775267
706 3222140557
707 3226150507
708 3226474957
709 3233180047
710 3240440377
711 3251282467
712 3268883197
713 3272554837
714 3304653757
715 3314854717
716 3316999237
717 3324288547
718 3327095407
719 3327370087
720 3336948607
721 3339701917
722 3350493397
723 3354580627
724 3356069527
725 3364056247
726 3367835827
727 3367876147
728 3368629207
729 3390288817
730 3395186017
731 3396427747
732 3400601917
733 3408027517
734 3412052377
735 3413660347
736 3429532147
737 3431421937
738 3432234847
739 3442851817
740 3445377487
741 3457078897
742 3457287007
743 3470474587
744 3478099057
745 3479682457
746 3481880107
747 3494482627
748 3506070847
749 3524329087
750 3532174897
751 3537025897
752 3546568297
753 3551356087
754 3579215527
755 3602417167
756 3617172187
757 3633568567
758 3645085387
759 3645136207
760 3646488397
761 3649312477
762 3649317307
763 3663112627
764 3664745797
765 3675106147
766 3683813587
767 3685923877
768 3687009367
769 3689782627
770 3691694257
771 3696461047
772 3704502157
773 3705174367
774 3724959517
775 3737909167
776 3747359167
777 3752911567
778 3753317917
779 3754831177
780 3761439037
781 3764670727
782 3764751577
783 3774012367
784 3775303447
785 3777812317
786 3781235737
787 3784522447
788 3794028097
789 3810319687
790 3811490857
791 3813889897
792 3814600957
793 3815905267
794 3818366257
795 3823998247
796 3830105677
797 3830747017
798 3843903517
799 3845259697
800 3846952507
801 3851169727
802 3873577567
803 3883347817
804 3887425177
805 3902150167
806 3910925647
807 3926451157
808 3926606137
809 3930254677
810 3934825327
811 3935301187
812 3935493967
813 3936460387
814 3937255447
815 3939572167
816 3947577577
817 3949495717
818 3951118807
819 3957728767
820 3958564777
821 3960814927
822 3964910767
823 3968892787
824 3973811197
825 3975459067
826 3975930307
827 3976699537
828 3979977637
829 3980202757
830 3989801857
831 3997962247
832 3998232307
833 3998592667
834 4000080517
835 4004802157
836 4006292107
837 4008144727
838 4034294977
839 4035708487
840 4039428847
841 4042949077
842 4051712377
843 4077909877
844 4080784987
845 4083334807
846 4090075387
847 4100483197
848 4103644537
849 4104044377
850 4105148137
851 4111631257
852 4113025447
853 4119540697
854 4121291887
855 4125431197
856 4126414207
857 4132426927
858 4140656407
859 4153834117
860 4157688247
861 4158936697
862 4172358007
863 4202451427
864 4209142027
865 4209975937
866 4230098767
867 4236714397
868 4240209427
869 4240919857
870 4247867077
871 4250372167
872 4252810267
873 4259861647
874 4268991817
875 4269957397
876 4272360217
877 4273282957
878 4274855017
879 4284169777
880 4299271507
881 4309281787
882 4322743417
883 4332468727
884 4334882257
885 4347247897
886 4347905197
887 4349953957
888 4360534807
889 4362570337
890 4366832287
891 4376872387
892 4382930467
893 4389513757
894 4396278697
895 4403270227
896 4404831787
897 4421911717
898 4424436547
899 4434207637
900 4434652627
901 4446001657
902 4452523837
903 4453566697
904 4455691057
905 4457029387
906 4461473827
907 4462633447
908 4462826227
909 4470541627
910 4487426677
911 4493182147
912 4495974937
913 4511314387
914 4519321897
915 4519989697
916 4521673687
917 4523633827
918 4524591427
919 4554063247
920 4560973507
921 4563082957
922 4573489507
923 4575857047
924 4587951997
925 4597194727
926 4599296827
927 4601075107
928 4609340287
929 4611502447
930 4615445827
931 4619102767
932 4623473287
933 4647124117
934 4655225287
935 4660202077
936 4664527447
937 4673189107
938 4679508007
939 4683096277
940 4691798467
941 4696778617
942 4699988467
943 4712979907
944 4714825387
945 4718145067
946 4728229267
947 4729199467
948 4734551737
949 4737406897
950 4740733087
951 4760662717
952 4762374427
953 4765258777
954 4769574907
955 4779206557
956 4784546017
957 4785556327
958 4795390417
959 4797418387
960 4804123057
961 4820101537
962 4836333907
963 4841054077
964 4853033947
965 4854133507
966 4863634327
967 4881804787
968 4889684197
969 4890729577
970 4892800807
971 4904838217
972 4905113947
973 4905444277
974 4919719237
975 4921606507
976 4922531347
977 4922785447
978 4925715787
979 4929617587
980 4940597017
981 4942565977
982 4949356327
983 4954029247
984 4964635927
985 4964761927
986 4984799707
987 4986905377
988 4988291377
989 4993068247
990 4998765127
991 5001260977
992 5003902357
993 5018463337
994 5022165217
995 5028375757
996 5029707577
997 5038368607
998 5044379437
999 5047680217
1000 5054057077
1001 5062465477
1002 5067758737
1003 5077020577
1004 5079062617
1005 5080662397
1006 5085206377
1007 5090413957
1008 5100663427
1009 5101520857
1010 5115782587
1011 5121946927
1012 5137210147
1013 5140760617
1014 5147235547
1015 5147681167
1016 5149626397
1017 5150497477
1018 5154217417
1019 5159178247
1020 5159684347
1021 5175913147
1022 5179399987
1023 5180226967
1024 5182339567
1025 5197110547
1026 5201424577
1027 5233950427
1028 5241015877
1029 5257297807
1030 5259964597
1031 5267250337
1032 5278293187
1033 5286396667
1034 5287354477
1035 5288131477
1036 5299166767
1037 5316752797
1038 5317048267
1039 5330619517
1040 5331414157
1041 5339624107
1042 5359860547
1043 5370010687
1044 5380581457
1045 5383245937
1046 5386350367
1047 5395972987
1048 5396687827
1049 5399729887
1050 5400057067
1051 5419822687
1052 5434058797
1053 5434777627
1054 5435952157
1055 5438589967
1056 5456835817
1057 5460379357
1058 5463317257
1059 5465602267
1060 5466536347
1061 5472070057
1062 5480412517
1063 5489439997
1064 5502889027
1065 5503101547
1066 5512252297
1067 5538455047
1068 5539744027
1069 5546022187
1070 5554782967
1071 5555734897
1072 5570108767
1073 5572533217
1074 5582456767
1075 5601357397
1076 5604138637
1077 5607760507
1078 5620330477
1079 5620990927
1080 5623575817
1081 5637215527
1082 5647609057
1083 5656803067
1084 5680338607
1085 5687626657
1086 5698428007
1087 5702276677
1088 5705158087
1089 5735965507
1090 5763023797
1091 5765974927
1092 5778007507
1093 5781063637
1094 5791539487
1095 5806705897
1096 5821509637
1097 5824770307
1098 5849451187
1099 5853971857
1100 5857595197
1101 5863162297
1102 5863515937
1103 5864527297
1104 5869640587
1105 5892947647
1106 5933145847
1107 5942052157
1108 5946121537
1109 5947293757
1110 5975250637
1111 5983254367
1112 5984113687
1113 6001958857
1114 6005063497
1115 6011721967
1116 6012111097
1117 6013381597
1118 6016815517
1119 6019226947
1120 6027427447
1121 6038912977
1122 6044790877
1123 6051325867
1124 6064053757
1125 6070754857
1126 6074593237
1127 6098980957
1128 6105617587
1129 6144469687
1130 6148802827
1131 6152939197
1132 6157241257
1133 6162526957
1134 6173884807
1135 6174870337
1136 6186953947
1137 6207436507
1138 6231276757
1139 6232800307
1140 6233921917
1141 6237305017
1142 6244554847
1143 6255153127
1144 6260835937
1145 6279431437
1146 6300834637
1147 6302108707
1148 6309788197
1149 6310265317
1150 6311776057
1151 6315150547
1152 6324873547
1153 6326193607
1154 6353482687
1155 6362038087
1156 6363634087
1157 6366366817
1158 6373715977
1159 6376411747
1160 6395038537
1161 6399438037
1162 6407756347
1163 6409226557
1164 6410396887
1165 6425494627
1166 6429333007
1167 6441399187
1168 6448257577
1169 6456043327
1170 6465448387
1171 6475921087
1172 6501482077
1173 6502369327
1174 6502833427
1175 6523796677
1176 6525704737
1177 6538809367
1178 6540834397
1179 6546980257
1180 6571707547
1181 6584786557
1182 6602480317
1183 6605134297
1184 6607181167
1185 6617806957
1186 6619153897
1187 6620502517
1188 6621852817
1189 6632355547
1190 6638606407
1191 6639733267
1192 6641073067
1193 6645532627
1194 6663431767
1195 6673580857
1196 6674137567
1197 6680812207
1198 6685586767
1199 6686276407
1200 6700381267
1201 6702522637
1202 6719292397
1203 6722739967
1204 6728916907
1205 6732800017
1206 6733446817
1207 6740868847
1208 6747199087
1209 6752079277
1210 6759471067
1211 6767953597
1212 6778868137
1213 6781150627
1214 6793851007
1215 6797589427
1216 6860027887
1217 6889756327
1218 6909262177
1219 6911664577
1220 6915081907
1221 6916495627
1222 6918141397
1223 6921614587
1224 6934779487
1225 6941306287
1226 6941368867
1227 6953276497
1228 6982032637
1229 6982735927
1230 6993456637
1231 6993880837
1232 7008663367
1233 7031524387
1234 7033181917
1235 7036639777
1236 7042551277
1237 7053132337
1238 7058149447
1239 7061641117
1240 7085592247
1241 7086762577
1242 7110155947
1243 7136095777
1244 7138866727
1245 7163639377
1246 7168304317
1247 7170735487
1248 7198739407
1249 7210987237
1250 7212562447
1251 7213349317
1252 7222149367
1253 7223948647
1254 7228739587
1255 7236387787
1256 7254002797
1257 7254221197
1258 7276820137
1259 7280498497
1260 7310816407
1261 7320125707
1262 7325666977
1263 7335708547
1264 7336959517
1265 7352888437
1266 7353502687
1267 7355179957
1268 7368846757
1269 7376036737
1270 7381546087
1271 7381750627
1272 7381856887
1273 7382442157
1274 7384029547
1275 7398762727
1276 7399880557
1277 7403192887
1278 7441193857
1279 7448843317
1280 7452340657
1281 7454895307
1282 7463786497
1283 7478884867
1284 7489055797
1285 7500999757
1286 7508747287
1287 7515858517
1288 7518716197
1289 7522959667
1290 7524017857
1291 7531049287
1292 7532570317
1293 7532691697
1294 7549744327
1295 7553989897
1296 7565985517
1297 7570394467
1298 7570666837
1299 7571992777
1300 7578593917
1301 7584474757
1302 7586522887
1303 7596656647
1304 7611141817
1305 7624761367
1306 7628439097
1307 7628498947
1308 7629919387
1309 7652583217
1310 7665456427
1311 7665701497
1312 7671276787
1313 7684386877
1314 7684502587
1315 7685361907
1316 7688283007
1317 7701288307
1318 7706824117
1319 7706900557
1320 7708706557
1321 7709751937
1322 7714696387
1323 7717385227
1324 7719491947
1325 7722724897
1326 7735456357
1327 7735759387
1328 7738310467
1329 7749058897
1330 7757234197
1331 7757736517
1332 7759205887
1333 7759678177
1334 7767325117
1335 7769289877
1336 7769910007
1337 7777286047
1338 7796192137
1339 7799077537
1340 7810519807
1341 7829939977
1342 7833107197
1343 7855629907
1344 7859615497
1345 7862362087
1346 7870654147
1347 7876174837
1348 7886181757
1349 7902348397
1350 7904630677
1351 7916475097
1352 7917357727
1353 7927451167
1354 7934906797
1355 7950213907
1356 7950574267
1357 7960999087
1358 7969600267
1359 7977231667
1360 7979609497
1361 7989890257
1362 7991681767
1363 7993841407
1364 8008375087
1365 8013016717
1366 8044508107
1367 8062991467
1368 8066538367
1369 8067133507
1370 8073453667
1371 8074266367
1372 8085374107
1373 8087065027
1374 8088825457
1375 8094049417
1376 8094962917
1377 8106077797
1378 8115675847
1379 8124578377
1380 8125403047
1381 8129986087
1382 8138897857
1383 8144527747
1384 8145056317
1385 8149792237
1386 8174011117
1387 8178247657
1388 8181891787
1389 8196034657
1390 8210597947
1391 8211701077
1392 8241897397
1393 8260326787
1394 8270010097
1395 8289409477
1396 8295315097
1397 8295547357
1398 8300787487
1399 8308474117
1400 8309931727
1401 8329644217
1402 8334519367
1403 8335533457
1404 8341545337
1405 8355405337
1406 8356732327
1407 8359134517
1408 8360627827
1409 8368935007
1410 8371105147
1411 8379045667
1412 8380323307
1413 8380423687
1414 8386409947
1415 8389246417
1416 8396049787
1417 8398391917
1418 8402239117
1419 8406099337
1420 8413333207
1421 8415659167
1422 8423206147
1423 8426275717
1424 8429260237
1425 8462176897
1426 8470900717
1427 8489046817
1428 8493009517
1429 8500027297
1430 8500145107
1431 8501831407
1432 8503880377
1433 8504932477
1434 8511965377
1435 8516290957
1436 8520892477
1437 8521987417
1438 8525042077
1439 8526458527
1440 8544760447
1441 8551266457
1442 8553406777
1443 8560005397
1444 8599914217
1445 8602662697
1446 8607517267
1447 8622110587
1448 8667765637
1449 8669535307
1450 8678379877
1451 8683277497
1452 8684651737
1453 8685007687
1454 8697086257
1455 8704517947
1456 8715950137
1457 8731454857
1458 8737508947
1459 8737967587
1460 8753879077
1461 8772566977
1462 8775114697
1463 8777100247
1464 8782892467
1465 8789995927
1466 8793054367
1467 8803332607
1468 8810075707
1469 8825849437
1470 8826245707
1471 8828486197
1472 8850475087
1473 8851064347
1474 8883671047
1475 8891276617
1476 8910955507
1477 8916109327
1478 8927421397
1479 8931891247
1480 8934517717
1481 8938832797
1482 8944538497
1483 8946097747
1484 8963052727
1485 8969526607
1486 8982339127
1487 8982460297
1488 8996816107
1489 8998165987
1490 9003024127
1491 9004107517
1492 9006578167
1493 9017689267
1494 9040441507
1495 9042271867
1496 9043870387
1497 9052625497
1498 9080395057
1499 9083078437
1500 9085333837
1501 9105857347
1502 9133969837
1503 9135251677
1504 9135328327
1505 9140344387
1506 9143757517
1507 9145554697
1508 9166472587
1509 9174897367
1510 9181078717
1511 9186479707
1512 9195173077
1513 9213629977
1514 9215401747
1515 9229714927
1516 9235329277
1517 9245347747
1518 9253027237
1519 9262073407
1520 9267690067
1521 9269545837
1522 9274794157
1523 9275489677
1524 9281905807
1525 9289594537
1526 9289666147
1527 9294129067
1528 9303654457
1529 9309843997
1530 9310132957
1531 9313228357
1532 9313896997
1533 9316763707
1534 9335773537
1535 9338994097
1536 9342130867
1537 9361721767
1538 9362797387
1539 9374051497
1540 9381254287
1541 9385442317
1542 9393304087
1543 9393383887
1544 9422142547
1545 9422259937
1546 9431661637
1547 9447257917
1548 9464064007
1549 9466429867
1550 9469052767
1551 9473714137
1552 9485149897
1553 9490118497
1554 9493273957
1555 9505417627
1556 9524933767
1557 9543366727
1558 9544710937
1559 9551277007
1560 9553564117
1561 9567369517
1562 9570536737
1563 9570993067
1564 9572656267
1565 9577776277
1566 9583690927
1567 9583776607
1568 9589425607
1569 9599794147
1570 9607403077
1571 9608494447
1572 9616718467
1573 9635949217
1574 9647009497
1575 9650357527
1576 9650716627
1577 9655409707
1578 9659640577
1579 9672622357
1580 9677653747
1581 9693262207
1582 9701810467
1583 9718428817
1584 9723165157
1585 9743280637
1586 9748812247
1587 9767011477
1588 9799137697
1589 9800397697
1590 9809613757
1591 9813576667
1592 9816203977
1593 9821881957
1594 9827390467
1595 9833278447
1596 9847787767
1597 9863807407
1598 9865089457
1599 9878731267
1600 9913945747
1601 9918513037
1602 9921301207
1603 9922075897
1604 9927772567
1605 9943412107
1606 9944612257
1607 9954756727
1608 9961201837
1609 9966607237
1610 9981301147
1611 9982037827
1612 9992606077
1613 9997432717
1614 10010234947
1615 10013193007
1616 10027408747
1617 10029667717
1618 10040132227
1619 10044471247
1620 10049422837
1621 10069153807
1622 10074128287
1623 10084823377
1624 10087294027
1625 10087925917
1626 10092466327
1627 10096625167
1628 10099214887
1629 10114033327
1630 10116181627
1631 10121018767
1632 10125968257
1633 10126126597
1634 10134056827
1635 10140216127
1636 10143055327
1637 10156119427
1638 10178179717
1639 10178485897
1640 10202774497
1641 10206589567
1642 10212643027
1643 10215495877
1644 10227199387
1645 10231439497
1646 10242676387
1647 10250770627
1648 10272201337
1649 10279986247
1650 10291330447
1651 10297183147
1652 10312249807
1653 10319787337
1654 10321895527
1655 10322987947
1656 10323216637
1657 10371026917
1658 10373779177
1659 10376260327
1660 10378199467
1661 10385131567
1662 10400421667
1663 10403641597
1664 10410932167
1665 10416366547
1666 10424993977
1667 10430175307
1668 10441029997
1669 10455428437
1670 10457883967
1671 10475641987
1672 10490324557
1673 10495348807
1674 10496828047
1675 10516391647
1676 10519883107
1677 10522200037
1678 10522370137
1679 10531444657
1680 10537161067
1681 10541076307
1682 10550313997
1683 10555324177
1684 10561081117
1685 10579967677
1686 10592678137
1687 10592898847
1688 10613393377
1689 10617386947
1690 10620980467
1691 10626589147
1692 10633617217
1693 10634218027
1694 10648112467
1695 10652406757
1696 10657076317
1697 10662038197
1698 10669662457
1699 10675580677
1700 10722393037
1701 10726134817
1702 10727541817
1703 10734892237
1704 10736490757
1705 10740464167
1706 10744413847
1707 10745284717
1708 10754608297
1709 10758050197
1710 10786964257
1711 10806478087
1712 10806587707
1713 10807837207
1714 10809019927
1715 10822609867
1716 10828664377
1717 10830124297
1718 10834396747
1719 10838614597
1720 10844041837
1721 10849674877
1722 10872197377
1723 10883240227
1724 10898525917
1725 10912877527
1726 10923818947
1727 10933808437
1728 10957060057
1729 10973536027
1730 10973849977
1731 10974756967
1732 10981457017
1733 11001392317
1734 11020381777
1735 11024275177
1736 11025132187
1737 11029448317
1738 11055959347
1739 11079268297
1740 11079793717
1741 11082547237
1742 11102155777
1743 11102891197
1744 11106395887
1745 11108188447
1746 11117578177
1747 11126927167
1748 11130558067
1749 11133349807
1750 11142650917
1751 11173519447
1752 11175770647
1753 11193080527
1754 11230879057
1755 11266409587
1756 11267040007
1757 11275710697
1758 11285922997
1759 11288981437
1760 11292765427
1761 11297669557
1762 11313687937
1763 11342546767
1764 11343657037
1765 11371433527
1766 11376434887
1767 11383164967
1768 11384860297
1769 11390529037
1770 11405258857
1771 11413869277
1772 11416538587
1773 11416608937
1774 11421838777
1775 11433261727
1776 11458563157
1777 11469239137
1778 11472172417
1779 11476421767
1780 11488282567
1781 11494555477
1782 11500985257
1783 11501657257
1784 11510271667
1785 11522016547
1786 11535410977
1787 11541885907
1788 11569755007
1789 11577536557
1790 11595601597
1791 11596122397
1792 11607818347
1793 11609584027
1794 11611274107
1795 11613862357
1796 11651956357
1797 11653662607
1798 11658712057
1799 11691109597
1800 11699595487
1801 11711418067
1802 11714156677
1803 11730293287
1804 11735119927
1805 11736680227
1806 11741023237
1807 11744455897
1808 11749638487
1809 11783900407
1810 11792824987
1811 11799182107
1812 11799567667
1813 11810143897
1814 11810882257
1815 11824440907
1816 11824812397
1817 11828388277
1818 11829111727
1819 11832256687
1820 11862540577
1821 11878201327
1822 11886937957
1823 11888733667
1824 11893239427
1825 11895475717
1826 11897577397
1827 11919046957
1828 11922360337
1829 11936420047
1830 11955600187
1831 11962961107
1832 11981649847
1833 11988631087
1834 11990386267
1835 12007411177
1836 12008205607
1837 12018779947
1838 12026103487
1839 12028884937
1840 12041436217
1841 12045566707
1842 12087757807
1843 12088118167
1844 12102111937
1845 12115628797
1846 12135331837
1847 12137734237
1848 12149827507
1849 12157926367
1850 12157948207
1851 12179046697
1852 12186808087
1853 12187353247
1854 12199834177
1855 12200100037
1856 12200252287
1857 12208808527
1858 12213959827
1859 12226919137
1860 12229679167
1861 12243252937
1862 12244156357
1863 12244492147
1864 12250106497
1865 12253627147
1866 12263753137
1867 12267600337
1868 12277399567
1869 12279403177
1870 12288570517
1871 12297672967
1872 12306674197
1873 12323645767
1874 12327708847
1875 12336557407
1876 12340478737
1877 12345564937
1878 12348124417
1879 12353625997
1880 12355722007
1881 12368427427
1882 12380044207
1883 12393526417
1884 12403317457
1885 12420171217
1886 12420661987
1887 12427104577
1888 12431969647
1889 12444505807
1890 12451293847
1891 12456091717
1892 12456530617
1893 12460760227
1894 12464231947
1895 12481250137
1896 12487411747
1897 12497311357
1898 12509258677
1899 12532976497
1900 12545174557
1901 12545892757
1902 12553993087
1903 12555018727
1904 12563484667
1905 12563851117
1906 12569146477
1907 12591774187
1908 12594287467
1909 12596719897
1910 12596853667
1911 12600023197
1912 12601112257
1913 12609596887
1914 12617022487
1915 12625348777
1916 12625826107
1917 12645873337
1918 12647186677
1919 12651850567
1920 12677770657
1921 12686184097
1922 12686968027
1923 12690612157
1924 12692850337
1925 12702736087
1926 12706360477
1927 12708275467
1928 12709741477
1929 12736549867
1930 12751087747
1931 12762973117
1932 12771295627
1933 12778692457
1934 12785428417
1935 12788209867
1936 12792147997
1937 12797900107
1938 12804614227
1939 12808413967
1940 12818032807
1941 12820792417
1942 12835176577
1943 12841254187
1944 12842644807
1945 12844211197
1946 12846233287
1947 12850973407
1948 12859004437
1949 12868349227
1950 12880376137
1951 12887334277
1952 12892136347
1953 12892862107
1954 12900803677
1955 12913546687
1956 12929101177
1957 12945107167
1958 12956782117
1959 12969976417
1960 12986676877
1961 13007539537
1962 13008000277
1963 13028373637
1964 13034957977
1965 13063079917
1966 13071264457
1967 13072077367
1968 13085666047
1969 13088592607
1970 13100309137
1971 13109574547
1972 13112799097
1973 13114772257
1974 13117548667
1975 13120849447
1976 13135728157
1977 13155646447
1978 13158941557
1979 13194222397
1980 13228099597
1981 13229276647
1982 13236420007
1983 13253644837
1984 13267057747
1985 13270196827
1986 13278987427
1987 13294107637
1988 13302756277
1989 13320075397
1990 13327730947
1991 13345411897
1992 13350472897
1993 13361112757
1994 13370961337
1995 13375364407
1996 13380941797
1997 13382943517
1998 13392793147
1999 13400482087
2000 13408976167
2001 13418010157
2002 13423355497
2003 13428403057
2004 13429131967
2005 13455397717
2006 13455748837
2007 13464032287
2008 13476871477
2009 13492467337
2010 13496915347
2011 13502080297
2012 13503613297
2013 13534173547
2014 13587682387
2015 13610451847
2016 13616841517
2017 13620174847
2018 13630857337
2019 13637453647
2020 13652260537
2021 13680537457
2022 13680560347
2023 13716927937
2024 13722856237
2025 13743433927
2026 13745524687
2027 13749474367
2028 13755279397
2029 13756382737
2030 13760473537
2031 13761074137
2032 13765235917
2033 13770098257
2034 13775612437
2035 13793898187
2036 13802301967
2037 13823551867
2038 13834938697
2039 13847735257
2040 13887686707
2041 13897812277
2042 13908729547
2043 13911983077
2044 13926561277
2045 13927403587
2046 13933958317
2047 13951457407
2048 13967430007
2049 13969158937
2050 13976275207
2051 14007603007
2052 14016991057
2053 14020855477
2054 14022290197
2055 14028819517
2056 14034207277
2057 14039908777
2058 14047569577
2059 14047873237
2060 14048370097
2061 14112464617
2062 14116281577
2063 14128506097
2064 14131211527
2065 14131278517
2066 14139536767
2067 14169406957
2068 14174315917
2069 14174340277
2070 14176194157
2071 14205174157
2072 14208470527
2073 14212100797
2074 14226690757
2075 14238490027
2076 14245232707
2077 14268706087
2078 14275931767
2079 14283329227
2080 14289076507
2081 14291877487
2082 14292603877
2083 14295653077
2084 14299260247
2085 14308047487
2086 14316208717
2087 14331938977
2088 14332909177
2089 14336381947
2090 14336970997
2091 14356881937
2092 14388729067
2093 14421271087
2094 14433602917
2095 14443597027
2096 14446365667
2097 14456066617
2098 14458483927
2099 14466914587
2100 14472213307
2101 14477367337
2102 14484752407
2103 14498785657
2104 14516936167
2105 14519810017
2106 14525584807
2107 14534569447
2108 14546987167
2109 14548565947
2110 14551585327
2111 14553398677
2112 14555622997
2113 14573845537
2114 14575724617
2115 14600586097
2116 14600723227
2117 14608161427
2118 14608459417
2119 14613897157
2120 14614169737
2121 14627643127
2122 14630447467
2123 14648059957
2124 14658518587
2125 14677747027
2126 14683975837
2127 14703442207
2128 14707828897
2129 14711186587
2130 14717210857
2131 14722996357
2132 14726848387
2133 14755165417
2134 14777145277
2135 14788341847
2136 14788837237
2137 14806764097
2138 14808557707
2139 14810089027
2140 14824487257
2141 14864757487
2142 14870861557
2143 14903440957
2144 14914737907
2145 14918475277
2146 14919863587
2147 14921458957
2148 14928407437
2149 14928481147
2150 14931117907
2151 14947222177
2152 14948727247
2153 14954713717
2154 14980457197
2155 14993416297
2156 14996359657
2157 14999307217
2158 15001422967
2159 15003987277
2160 15030429847
2161 15036788017
2162 15047822677
2163 15057276457
2164 15061813297
2165 15063654367
2166 15065130247
2167 15068632207
2168 15075243637
2169 15103492837
2170 15114705157
2171 15118443157
2172 15121685977
2173 15124503337
2174 15129748087
2175 15164509177
2176 15184559557
2177 15196635397
2178 15198144877
2179 15198998527
2180 15205605967
2181 15207359257
2182 15210929467
2183 15219294187
2184 15221401747
2185 15231884947
2186 15234287347
2187 15247319947
2188 15266727517
2189 15268581607
2190 15271708087
2191 15283303027
2192 15284195737
2193 15297962497
2194 15304681027
2195 15307209007
2196 15333686647
2197 15334947907
2198 15352657417
2199 15371168707
2200 15373025737
2201 15374671717
2202 15376407577
2203 15380525257
2204 15389932627
2205 15407822527
2206 15408479617
2207 15419279917
2208 15454756897
2209 15468487747
2210 15490710787
2211 15500670457
2212 15515531737
2213 15516664897
2214 15521219167
2215 15521265577
2216 15534924397
2217 15552952687
2218 15553120477
2219 15566859937
2220 15571251247
2221 15576681217
2222 15589722217
2223 15596898127
2224 15599430937
2225 15600114697
2226 15603143317
2227 15604300417
2228 15627409657
2229 15630214417
2230 15630877387
2231 15633471307
2232 15643162807
2233 15661027507
2234 15667436497
2235 15667670647
2236 15676192657
2237 15702268987
2238 15722066947
2239 15722919127
2240 15723943507
2241 15733380067
2242 15734081257
2243 15740649637
2244 15745034017
2245 15752998897
2246 15782129257
2247 15804330667
2248 15810343177
2249 15843776227
2250 15854801857
2251 15876320347
2252 15881641327
2253 15889548667
2254 15893694907
2255 15898454977
2256 15908643337
2257 15915832057
2258 15931477477
2259 15942004357
2260 15951901237
2261 15965215027
2262 15967145137
2263 15975270667
2264 15977047897
2265 15979414807
2266 15987691537
2267 15993384217
2268 16007371267
2269 16010284177
2270 16014360487
2271 16021711957
2272 16036882777
2273 16047626587
2274 16053799117
2275 16054984987
2276 16058300887
2277 16071248647
2278 16096571077
2279 16110414907
2280 16119108277
2281 16120054117
2282 16130357137
2283 16139811967
2284 16149634087
2285 16164753037
2286 16165208947
2287 16187963917
2288 16190830207
2289 16192422007
2290 16234063117
2291 16245369307
2292 16262564947
2293 16274638477
2294 16279424797
2295 16281094717
2296 16304166157
2297 16319120677
2298 16329044437
2299 16332310987
2300 16339496347
2301 16367223277
2302 16367606527
2303 16369860037
2304 16375440997
2305 16377873427
2306 16402123807
2307 16420899487
2308 16421490637
2309 16425844987
2310 16448580217
2311 16479774667
2312 16482530287
2313 16487536057
2314 16520570317
2315 16531602667
2316 16560158887
2317 16572724237
2318 16584864547
2319 16589574637
2320 16603386967
2321 16603969087
2322 16609822627
2323 16612497607
2324 16616668417
2325 16621861297
2326 16629107767
2327 16636751767
2328 16638150157
2329 16644122767
2330 16655925817
2331 16656838267
2332 16694431207
2333 16695088297
2334 16700275297
2335 16707654697
2336 16718700277
2337 16739471377
2338 16739885287
2339 16756818427
2340 16757302687
2341 16759090207
2342 16781189977
2343 16794911587
2344 16799911477
2345 16811176507
2346 16818363967
2347 16818906817
2348 16824692317
2349 16826964097
2350 16830641407
2351 16832065837
2352 16832384197
2353 16839123937
2354 16847032117
2355 16884176707
2356 16884531607
2357 16889014267
2358 16899560257
2359 16901674957
2360 16924982017
2361 16939616917
2362 16958757577
2363 16961539867
2364 16964865007
2365 16967043547
2366 16969836337
2367 16973388067
2368 16980564187
2369 16994686057
2370 16998435187
2371 16999164097
2372 17005254307
2373 17025702427
2374 17028535747
2375 17032498657
2376 17041689097
2377 17073087667
2378 17078012587
2379 17080138837
2380 17084091247
2381 17106128437
2382 17121236257
2383 17130703687
2384 17139254257
2385 17143176637
2386 17166103177
2387 17181170047
2388 17194677667
2389 17205041587
2390 17207490397
2391 17213649907
2392 17219386897
2393 17221439227
2394 17225901097
2395 17249338357
2396 17258655847
2397 17258930317
2398 17275800247
2399 17276784517
2400 17282016457
2401 17287086067
2402 17301348007
2403 17302755637
2404 17312399047
2405 17318014447
2406 17337617107
2407 17338131397
2408 17341113187
2409 17346314257
2410 17351187307
2411 17366843437
2412 17390336137
2413 17395396297
2414 17399334847
2415 17412196507
2416 17413065487
2417 17444923747
2418 17447978617
2419 17482619377
2420 17489051677
2421 17501851177
2422 17509988047
2423 17518598677
2424 17551894177
2425 17569875217
2426 17572903627
2427 17577408127
2428 17581456297
2429 17599982287
2430 17606989987
2431 17615813977
2432 17624103307
2433 17624500837
2434 17627123947
2435 17647585507
2436 17648325127
2437 17652676747
2438 17667104167
2439 17670596887
2440 17696567167
2441 17702768257
2442 17710883287
2443 17731849897
2444 17734494637
2445 17736110797
2446 17737391377
2447 17752239217
2448 17762340637
2449 17764022527
2450 17768876677
2451 17771948137
2452 17801831137
2453 17818095847
2454 17824030447
2455 17825122027
2456 17830460227
2457 17844913897
2458 17848330597
2459 17872138717
2460 17895983377
2461 17897426077
2462 17901281677
2463 17916264127
2464 17920235227
2465 17928292297
2466 17930170117
2467 17938139617
2468 17942136127
2469 17945444047
2470 17969643817
2471 17972338327
2472 17997731107
2473 18002751577
2474 18008196457
2475 18013104997
2476 18017795557
2477 18034749907
2478 18040995097
2479 18079334167
2480 18084266017
2481 18091469437
2482 18091535587
2483 18113700037
2484 18115209517
2485 18124203187
2486 18127241047
2487 18129235837
2488 18130653127
2489 18133637647
2490 18136421197
2491 18148194007
2492 18156322897
2493 18162720127
2494 18179779687
2495 18195990217
2496 18206131117
2497 18220737247
2498 18230929807
2499 18246762757
2500 18260945107
2501 18269326837
2502 18296803237
2503 18302535607
2504 18306465757
2505 18308267557
2506 18335161837
2507 18343154647
2508 18345289087
2509 18348630187
2510 18349859107
2511 18352925947
2512 18367166887
2513 18367240597
2514 18377381917
2515 18385454947
2516 18402206227
2517 18414131287
2518 18419391577
2519 18423481327
2520 18423607327
2521 18424457407
2522 18452276737
2523 18464237497
2524 18484123237
2525 18486247597
2526 18495229927
2527 18495502297
2528 18498414157
2529 18505705567
2530 18519273667
2531 18553563307
2532 18554809447
2533 18566401027
2534 18575683657
2535 18597764947
2536 18613735237
2537 18618141457
2538 18625366927
2539 18627644797
2540 18630796897
2541 18633470617
2542 18640491757
2543 18648034117
2544 18658885237
2545 18662910307
2546 18674023717
2547 18681269137
2548 18683417647
2549 18691600507
2550 18693210787
2551 18726415567
2552 18729582577
2553 18734087287
2554 18740973607
2555 18753554707
2556 18772792387
2557 18786994267
2558 18804411877
2559 18807114577
2560 18811943737
2561 18824246797
2562 18848938177
2563 18858998227
2564 18872925427
2565 18887219707
2566 18891294127
2567 18896008837
2568 18913140007
2569 18921900577
2570 18935082697
2571 18959642617
2572 18969257887
2573 18970977787
2574 18984083467
2575 18997061257
2576 18998353597
2577 18999774247
2578 19012786687
2579 19020076627
2580 19037722927
2581 19038901237
2582 19054583617
2583 19063628527
2584 19079918437
2585 19084747807
2586 19091667307
2587 19107516007
2588 19112061037
2589 19117055047
2590 19148173477
2591 19151577157
2592 19158885787
2593 19175029327
2594 19193330407
2595 19231880737
2596 19236060577
2597 19239436747
2598 19241037577
2599 19247651317
2600 19250863267
2601 19251530647
2602 19254425287
2603 19272801127
2604 19276589737
2605 19285499407
2606 19292487157
2607 19311752347
2608 19322849797
2609 19336389967
2610 19336557337
2611 19347031927
2612 19347391237
2613 19377230767
2614 19386889927
2615 19391686537
2616 19401410377
2617 19408846267
2618 19418213527
2619 19428251737
2620 19451774467
2621 19453532167
2622 19470968047
2623 19474695127
2624 19476354967
2625 19477220167
2626 19510242877
2627 19523453767
2628 19528138027
2629 19539301417
2630 19549328077
2631 19561454317
2632 19572282127
2633 19589336017
2634 19598530867
2635 19599122437
2636 19608686677
2637 19609329907
2638 19617472867
2639 19637639377
2640 19647017557
2641 19650531067
2642 19661338507
2643 19662831817
2644 19664825347
2645 19666264477
2646 19668413197
2647 19671630607
2648 19711928767
2649 19712134357
2650 19728149797
2651 19741326877
2652 19743183277
2653 19763338867
2654 19776152647
2655 19781685097
2656 19812966907
2657 19820395027
2658 19837985257
2659 19839002077
2660 19839395827
2661 19858052647
2662 19869428977
2663 19870274857
2664 19870697377
2665 19871732047
2666 19911112927
2667 19918795147
2668 19924534027
2669 19925135047
2670 19936126027
2671 19940433967
2672 19958722237
2673 19963290157
2674 19967389357
2675 19970213437
2676 19993575307
2677 19997494327
2678 19998834127
2679 20011833547
2680 20014236367
2681 20015594227
2682 20029444147
2683 20034088507
2684 20042810647
2685 20060797567
2686 20060902567
2687 20072707087
2688 20075535577
2689 20078035837
2690 20078410267
2691 20080242097
2692 20089087297
2693 20098434607
2694 20099447647
2695 20119275217
2696 20133927547
2697 20137811917
2698 20141256127
2699 20149164307
2700 20151338017
2701 20173873537
2702 20191054057
2703 20196675127
2704 20220869017
2705 20221449877
2706 20236981477
2707 20241833317
2708 20263871977
2709 20271768607
2710 20276487937
2711 20283010327
2712 20288800657
2713 20307230887
2714 20310930457
2715 20314098517
2716 20315804137
2717 20330995117
2718 20335301797
2719 20350575517
2720 20351748997
2721 20381374747
2722 20387846107
2723 20396485927
2724 20398464127
2725 20424213697
2726 20431389607
2727 20443406437
2728 20443680067
2729 20450804107
2730 20451338767
2731 20496942997
2732 20498049697
2733 20508370777
2734 20509255297
2735 20513084227
2736 20515509727
2737 20520768127
2738 20524121197
2739 20532243367
2740 20550932107
2741 20581614997
2742 20582376037
2743 20589673327
2744 20601906877
2745 20605318957
2746 20613449107
2747 20620285447
2748 20635843297
2749 20649228487
2750 20657311387
2751 20662201657
2752 20670687127
2753 20673863797
2754 20679023077
2755 20680197397
2756 20688930667
2757 20696301667
2758 20706233407
2759 20716161997
2760 20716815937
2761 20728881907
2762 20729804647
2763 20731917247
2764 20735491867
2765 20737140157
2766 20740765597
2767 20742216487
2768 20744496667
2769 20746342147
2770 20759098177
2771 20760297907
2772 20777776837
2773 20781488587
2774 20806779937
2775 20829601687
2776 20842654237
2777 20870233117
2778 20902395247
2779 20912850307
2780 20913607987
2781 20948350597
2782 20957186347
2783 20970888007
2784 20977365037
2785 20979141637
2786 21004731817
2787 21008198917
2788 21011894077
2789 21015878617
2790 21025750507
2791 21048589687
2792 21052605307
2793 21068303017
2794 21073315717
2795 21080686717
2796 21117257797
2797 21127808827
2798 21137029087
2799 21142289797
2800 21159162457
2801 21191658067
2802 21202192717
2803 21205334737
2804 21215808067
2805 21217968127
2806 21221652367
2807 21225379447
2808 21246601627
2809 21259442917
2810 21268514077
2811 21283720807
2812 21297805927
2813 21336167257
2814 21384658567
2815 21397794697
2816 21406308097
2817 21412214767
2818 21450571267
2819 21455744197
2820 21464769367
2821 21485099887
2822 21503271187
2823 21505893037
2824 21508205347
2825 21508905697
2826 21523317367
2827 21523617877
2828 21541310377
2829 21553444807
2830 21594003787
2831 21619279597
2832 21627171817
2833 21629513947
2834 21648226417
2835 21651309847
2836 21656266267
2837 21660345517
2838 21669012637
2839 21669255187
2840 21670841317
2841 21702106957
2842 21728318317
2843 21742336867
2844 21754196407
2845 21754640977
2846 21759232207
2847 21763123297
2848 21775173517
2849 21776576737
2850 21803123047
2851 21804318577
2852 21805017457
2853 21811189987
2854 21838341517
2855 21869918167
2856 21885495757
2857 21887193607
2858 21901766137
2859 21925855867
2860 21944811517
2861 21954144337
2862 21961279927
2863 21965443387
2864 21968818507
2865 22003079167
2866 22006081957
2867 22010438617
2868 22010737027
2869 22032984427
2870 22065935527
2871 22081236757
2872 22092117907
2873 22100094547
2874 22100886667
2875 22129107097
2876 22130160457
2877 22133420707
2878 22139675137
2879 22148424157
2880 22154596897
2881 22162960987
2882 22166658247
2883 22168491337
2884 22176630727
2885 22177539817
2886 22188479767
2887 22190565487
2888 22192514287
2889 22210556647
2890 22236646837
2891 22241427277
2892 22247638867
2893 22255816477
2894 22265768797
2895 22271489827
2896 22283070907
2897 22285327777
2898 22306236847
2899 22308863107
2900 22316135197
2901 22320495007
2902 22320645157
2903 22327935727
2904 22335464857
2905 22339480057
2906 22339737307
2907 22340337907
2908 22358790397
2909 22367190607
2910 22386093547
2911 22400494927
2912 22413505057
2913 22417790107
2914 22433570557
2915 22435977997
2916 22441274407
2917 22444220077
2918 22447366297
2919 22485115057
2920 22547109577
2921 22550212957
2922 22560820687
2923 22570463677
2924 22582828897
2925 22608151327
2926 22610096137
2927 22613888107
2928 22624651867
2929 22641177187
2930 22648819087
2931 22676398177
2932 22676603347
2933 22680547777
2934 22700064967
2935 22700726677
2936 22723118767
2937 22733058697
2938 22740141157
2939 22745260117
2940 22750590757
2941 22776753397
2942 22809252997
2943 22812519547
2944 22813569127
2945 22813681477
2946 22813898197
2947 22821868957
2948 22822636927
2949 22831176997
2950 22842868327
2951 22853951287
2952 22855575637
2953 22856397997
2954 22870160767
2955 22877681077
2956 22903543837
2957 22919065987
2958 22931282107
2959 22956719827
2960 22975404157
2961 22976990287
2962 22978225087
2963 22993147267
2964 23020475827
2965 23024394847
2966 23038328767
2967 23059575937
2968 23094478987
2969 23109381007
2970 23109489577
2971 23111373277
2972 23113899157
2973 23114609377
2974 23116687327
2975 23122021327
2976 23129211097
2977 23130566857
2978 23134668367
2979 23159949217
2980 23166629527
2981 23178573697
2982 23180031307
2983 23197894117
2984 23217634327
2985 23229841627
2986 23237432077
2987 23248541077
2988 23256231067
2989 23281957327
2990 23291382337
2991 23311899967
2992 23341764697
2993 23357505877
2994 23376643387
2995 23382839647
2996 23383869907
2997 23387557087
2998 23392815487
2999 23405704027
3000 23429608117
3001 23438578897
3002 23504713147
3003 23505320467
3004 23505902587
3005 23507928877
3006 23509621897
3007 23533112497
3008 23535037567
3009 23539113667
3010 23540677747
3011 23591625637
3012 23592629647
3013 23595179467
3014 23598831787
3015 23616227347
3016 23640897097
3017 23653221997
3018 23666116417
3019 23682299227
3020 23727899467
3021 23754179077
3022 23765474137
3023 23766623467
3024 23791574617
3025 23807767927
3026 23811269887
3027 23834662207
3028 23855195797
3029 23862853237
3030 23864264857
3031 23884101877
3032 23897827897
3033 23911911757
3034 23915872567
3035 23924328007
3036 23929187197
3037 23933207647
3038 23943409657
3039 23945534017
3040 23951633467
3041 23959328287
3042 23960171227
3043 23984830687
3044 23985135607
3045 24018251347
3046 24049216897
3047 24070279687
3048 24072707287
3049 24079700917
3050 24086178157
3051 24098422207
3052 24098922427
3053 24114410137
3054 24129427447
3055 24141782377
3056 24164283877
3057 24173045707
3058 24191463547
3059 24196393927
3060 24216846877
3061 24241340857
3062 24248641507
3063 24248941807
3064 24255523417
3065 24282052507
3066 24298826467
3067 24299457307
3068 24309453517
3069 24331004557
3070 24338285677
3071 24341249827
3072 24342574507
3073 24344985097
3074 24359678797
3075 24373322707
3076 24383190187
3077 24383807797
3078 24387625177
3079 24392842417
3080 24421452607
3081 24425438617
3082 24436044037
3083 24439172827
3084 24461242357
3085 24468071977
3086 24470163787
3087 24470709157
3088 24476754007
3089 24485157787
3090 24485779387
3091 24514684417
3092 24522642367
3093 24525613027
3094 24539270797
3095 24549808177
3096 24558394027
3097 24558441487
3098 24579089527
3099 24594876067
3100 24602846617
3101 24611325367
3102 24621622297
3103 24622721857
3104 24623354797
3105 24631637617
3106 24635757187
3107 24637050787
3108 24637417027
3109 24649559647
3110 24720149677
3111 24736090777
3112 24736910827
3113 24741943477
3114 24743040727
3115 24743158537
3116 24772533547
3117 24775520587
3118 24784751347
3119 24791066467
3120 24813248347
3121 24815653267
3122 24819628777
3123 24860461177
3124 24873868837
3125 24874607827
3126 24880192147
3127 24883754167
3128 24908922667
3129 24911402767
3130 24934816717
3131 24944309977
3132 24954005887
3133 24954228697
3134 24966604837
3135 24982115227
3136 24989576527
3137 24992919307
3138 24998579857
3139 25031610337
3140 25036133527
3141 25040400097
3142 25043578657
3143 25062900757
3144 25062993997
3145 25089661687
3146 25091997517
3147 25115478457
3148 25115910217
3149 25119764557
3150 25148749177
3151 25149637687
3152 25150910497
3153 25189532227
3154 25193848777
3155 25216053757
3156 25230812137
3157 25243293067
3158 25245033757
3159 25290357007
3160 25304881237
3161 25307156587
3162 25314216787
3163 25325235487
3164 25335523387
3165 25337468197
3166 25362963877
3167 25386559057
3168 25411350397
3169 25440182347
3170 25458227017
3171 25462798717
3172 25474050517
3173 25477395397
3174 25505720407
3175 25507804447
3176 25524667027
3177 25538661217
3178 25551948547
3179 25555034497
3180 25570985257
3181 25572707047
3182 25573654357
3183 25588445287
3184 25637724517
3185 25658153107
3186 25687181617
3187 25692829567
3188 25700880967
3189 25710334537
3190 25715677567
3191 25718984647
3192 25764981157
3193 25771092157
3194 25778912977
3195 25780849807
3196 25786397167
3197 25799117287
3198 25806989557
3199 25818612637
3200 25821443227
3201 25824817087
3202 25832426017
3203 25835956957
3204 25844909677
3205 25854006457
3206 25860797857
3207 25872491917
3208 25873880437
3209 25885798567
3210 25887331357
3211 25906730947
3212 25921622257
3213 25929647197
3214 25938483157
3215 25941492667
3216 25943673307
3217 25956287167
3218 25988089987
3219 25988605537
3220 25997666407
3221 26001111667
3222 26023217107
3223 26036429047
3224 26064860737
3225 26083179247
3226 26104543177
3227 26118368317
3228 26118758917
3229 26119531717
3230 26119649107
3231 26120989327
3232 26134453897
3233 26138826937
3234 26150448547
3235 26164803937
3236 26166748957
3237 26166896797
3238 26169091297
3239 26192029597
3240 26203607317
3241 26205247417
3242 26210317867
3243 26216455537
3244 26221098847
3245 26226924457
3246 26244046177
3247 26254025377
3248 26259004897
3249 26263215607
3250 26274289747
3251 26274655987
3252 26274764557
3253 26278897357
3254 26285318947
3255 26290596037
3256 26292084097
3257 26328201787
3258 26336103247
3259 26339605207
3260 26347562947
3261 26347743547
3262 26369329237
3263 26393550637
3264 26396803327
3265 26398087477
3266 26412439507
3267 26434406347
3268 26438093317
3269 26444334727
3270 26476263547
3271 26484786607
3272 26487563227
3273 26492654257
3274 26500936867
3275 26526839737
3276 26538670507
3277 26567038567
3278 26569482337
3279 26574950107
3280 26623509037
3281 26626506997
3282 26651259067
3283 26654381977
3284 26655334747
3285 26657245327
3286 26657984527
3287 26670711157
3288 26675037787
3289 26694213307
3290 26702851447
3291 26712523417
3292 26725160587
3293 26733028447
3294 26764912117
3295 26792934517
3296 26809913017
3297 26841830287
3298 26860303567
3299 26871432937
3300 26874773197
3301 26874783697
3302 26879575897
3303 26882170027
3304 26902853557
3305 26917737097
3306 26926298797
3307 26949124327
3308 26955319747
3309 26959120537
3310 26960841487
3311 26978649277
3312 26988659767
3313 26991394597
3314 26992129597
3315 26997292237
3316 27001757677
3317 27004927837
3318 27010768777
3319 27025582807
3320 27027528877
3321 27042353617
3322 27044264827
3323 27079986877
3324 27089476357
3325 27115194637
3326 27122096917
3327 27124168987
3328 27127971037
3329 27141304777
3330 27147123457
3331 27155563987
3332 27181542457
3333 27184110127
3334 27198158077
3335 27203275987
3336 27208211197
3337 27242403817
3338 27243616987
3339 27248837377
3340 27253739407
3341 27273689617
3342 27300581587
3343 27306705187
3344 27320518987
3345 27344986297
3346 27352645207
3347 27356464897
3348 27385079077
3349 27393723937
3350 27401891047
3351 27404688667
3352 27419359057
3353 27430461337
3354 27456598567
3355 27460406707
3356 27462959467
3357 27464225137
3358 27464935567
3359 27465359557
3360 27467049007
3361 27472679947
3362 27475283107
3363 27493567807
3364 27515430067
3365 27531144997
3366 27536178487
3367 27539658187
3368 27559384747
3369 27582054667
3370 27585639997
3371 27588280537
3372 27590493517
3373 27599293357
3374 27603991687
3375 27628408387
3376 27636992557
3377 27638025127
3378 27672896887
3379 27673502107
3380 27734781787
3381 27739980337
3382 27761192857
3383 27766881547
3384 27772781287
3385 27779197207
3386 27779781847
3387 27781506157
3388 27790459507
3389 27790949437
3390 27791732317
3391 27818077867
3392 27830897317
3393 27843642637
3394 27857882947
3395 27874473157
3396 27878244337
3397 27889240777
3398 27893575807
3399 27895292977
3400 27900982507
3401 27906141997
3402 27916673497
3403 27930003457
3404 27933663337
3405 27937805167
3406 27940798927
3407 27946581067
3408 27960989587
3409 27962958757
3410 27966492007
3411 27991940227
3412 27993717667
3413 27998932597
3414 28001164897
3415 28051251577
3416 28054610317
3417 28055693707
3418 28077936697
3419 28116883507
3420 28131571537
3421 28135453597
3422 28140169147
3423 28140572347
3424 28178817757
3425 28180482427
3426 28189701637
3427 28213426597
3428 28216833637
3429 28218994747
3430 28220809147
3431 28227392647
3432 28230107947
3433 28242047287
3434 28247555377
3435 28252259797
3436 28267647757
3437 28277853547
3438 28279820197
3439 28287874327
3440 28303458637
3441 28312535887
3442 28318035997
3443 28327541647
3444 28327957237
3445 28329033907
3446 28332360097
3447 28345126207
3448 28347808117
3449 28373822287
3450 28393953937
3451 28432850977
3452 28437062107
3453 28442802247
3454 28474468147
3455 28474910197
3456 28478727367
3457 28479236827
3458 28499496787
3459 28518188047
3460 28539675877
3461 28543514887
3462 28547889187
3463 28565321497
3464 28568621437
3465 28576987837
3466 28588354507
3467 28595234947
3468 28607218807
3469 28609835197
3470 28620152917
3471 28627103497
3472 28638338077
3473 28639038007
3474 28646902717
3475 28661063017
3476 28681676197
3477 28687712227
3478 28713447937
3479 28722415357
3480 28734528997
3481 28742380477
3482 28758565597
3483 28773780307
3484 28782162037
3485 28785459877
3486 28788101467
3487 28803790777
3488 28828632727
3489 28836812227
3490 28852695577
3491 28853034097
3492 28853829997
3493 28857250057
3494 28905436657
3495 28913446267
3496 28914818827
3497 28917960427
3498 28918589797
3499 28923370237
3500 28927218907
3501 28930643377
3502 28964011117
3503 28981218307
3504 28999836907
3505 29006333887
3506 29021912737
3507 29037989077
3508 29048597437
3509 29079051637
3510 29094317167
3511 29097119407
3512 29100945817
3513 29115447997
3514 29120623237
3515 29120713537
3516 29141171947
3517 29157237997
3518 29175009037
3519 29178131107
3520 29205724897
3521 29208785647
3522 29209264027
3523 29210052787
3524 29215786417
3525 29229720337
3526 29254783837
3527 29256425827
3528 29256665017
3529 29264944057
3530 29267093617
3531 29268290407
3532 29282543107
3533 29287149247
3534 29293718887
3535 29306042317
3536 29311605217
3537 29312004847
3538 29319525997
3539 29339566507
3540 29358900157
3541 29369595247
3542 29375810407
3543 29419227697
3544 29424263497
3545 29426509237
3546 29429732737
3547 29440038907
3548 29452869487
3549 29464725457
3550 29524536397
3551 29576316937
3552 29585087167
3553 29585559457
3554 29606825317
3555 29637700987
3556 29715350377
3557 29724657367
3558 29727252547
3559 29753696377
3560 29764182517
3561 29772514897
3562 29793047227
3563 29801440297
3564 29807453227
3565 29813863897
3566 29826508627
3567 29856788317
3568 29858839597
3569 29869155847
3570 29952516817
3571 29953742167
3572 29953893787
3573 29955820117
3574 29973101227
3575 29982279907
3576 30001104307
3577 30011220637
3578 30030534757
3579 30031493197
3580 30042705097
3581 30052036237
3582 30052189747
3583 30056516377
3584 30056881567
3585 30062869087
3586 30084256117
3587 30089997517
3588 30092123767
3589 30112333957
3590 30127603267
3591 30132904717
3592 30146721037
3593 30147229027
3594 30150615487
3595 30174944617
3596 30180482737
3597 30191959867
3598 30192109807
3599 30202337437
3600 30208289467
3601 30213087337
3602 30276950437
3603 30304407307
3604 30321057577
3605 30357529327
3606 30379120477
3607 30405291727
3608 30410296447
3609 30417152317
3610 30420296437
3611 30429980167
3612 30435104797
3613 30436836247
3614 30445979017
3615 30496008997
3616 30508564897
3617 30511107157
3618 30515015887
3619 30524301877
3620 30531006547
3621 30557083087
3622 30566355637
3623 30572742787
3624 30573574387
3625 30580773397
3626 30589095067
3627 30599720857
3628 30641094217
3629 30643873357
3630 30644662327
3631 30656113837
3632 30682906687
3633 30704015047
3634 30722293237
3635 30757618597
3636 30761244247
3637 30785669137
3638 30824678107
3639 30866125387
3640 30871951207
3641 30878669737
3642 30881093977
3643 30908265667
3644 30912830017
3645 30923466517
3646 30937222357
3647 30942356437
3648 30947296477
3649 30972333097
3650 30976270597
3651 30996258187
3652 31013312917
3653 31023857857
3654 31043465347
3655 31069436257
3656 31089161557
3657 31097060707
3658 31101806497
3659 31109531347
3660 31118909947
3661 31119910177
3662 31121507227
3663 31128641977
3664 31129276807
3665 31132397827
3666 31136760367
3667 31140400927
3668 31167271897
3669 31189141717
3670 31198046767
3671 31211079997
3672 31213572487
3673 31249643977
3674 31259461687
3675 31279084927
3676 31279804597
3677 31310522137
3678 31340483887
3679 31353517747
3680 31365660367
3681 31372933297
3682 31379572657
3683 31385105107
3684 31422525847
3685 31425742627
3686 31431740227
3687 31435275787
3688 31440899377
3689 31449234067
3690 31453594297
3691 31471608517
3692 31476401767
3693 31489351837
3694 31501720417
3695 31515904237
3696 31553708227
3697 31582706707
3698 31585382107
3699 31587918067
3700 31591131487
3701 31598657257
3702 31639251097
3703 31641082927
3704 31670967607
3705 31698942547
3706 31699794937
3707 31712433157
3708 31722537937
3709 31728158167
3710 31735659997
3711 31751207557
3712 31758339787
3713 31770677287
3714 31771075867
3715 31792936447
3716 31809288097
3717 31811657737
3718 31823656087
3719 31830943087
3720 31898394877
3721 31907287117
3722 31914991177
3723 31934779687
3724 31949241757
3725 31988390377
3726 31991304337
3727 31995791407
3728 31997046997
3729 31999315417
3730 32008072627
3731 32012845087
3732 32058452467
3733 32061587137
3734 32064709207
3735 32078488567
3736 32089291177
3737 32108952427
3738 32120822677
3739 32139161767
3740 32142876037
3741 32146077907
3742 32150158207
3743 32158798027
3744 32169946087
3745 32196455647
3746 32198652247
3747 32210695327
3748 32211747847
3749 32217942007
3750 32245653607
3751 32246494447
3752 32266860667
3753 32328152947
3754 32328986857
3755 32345768167
3756 32367617197
3757 32368018087
3758 32374155757
3759 32399321947
3760 32400338137
3761 32404505587
3762 32404748137
3763 32416766017
3764 32424127777
3765 32425473247
3766 32437403347
3767 32450319607
3768 32455614547
3769 32463939787
3770 32464665127
3771 32464862317
3772 32465771617
3773 32467941757
3774 32486265727
3775 32492994967
3776 32534805757
3777 32545711267
3778 32560236337
3779 32568654187
3780 32570431837
3781 32580756487
3782 32584220017
3783 32586517417
3784 32592762607
3785 32602551337
3786 32620491637
3787 32632752277
3788 32633487697
3789 32645850817
3790 32667963187
3791 32670236227
3792 32677422637
3793 32681012797
3794 32682445837
3795 32684555077
3796 32687343037
3797 32698021117
3798 32702790007
3799 32715567877
3800 32723782447
3801 32736405337
3802 32741548237
3803 32762380237
3804 32791929337
3805 32793532897
3806 32796535687
3807 32804960257
3808 32805645277
3809 32814433357
3810 32841572497
3811 32873234827
3812 32874924487
3813 32907129247
3814 32915327437
3815 32923732477
3816 32924269657
3817 32983295617
3818 32989283137
3819 32999811067
3820 33016451047
3821 33039139867
3822 33046482097
3823 33052361047
3824 33055992367
3825 33062541217
3826 33072409537
3827 33138755467
3828 33171244147
3829 33174130807
3830 33209063467
3831 33209563477
3832 33221061817
3833 33238839577
3834 33261299707
3835 33268355287
3836 33314352427
3837 33324364807
3838 33336979927
3839 33344329297
3840 33355673707
3841 33356407027
3842 33365792347
3843 33366458887
3844 33367438327
3845 33414622597
3846 33440316727
3847 33440327017
3848 33468473107
3849 33471317977
3850 33481330777
3851 33485292007
3852 33507718957
3853 33514275787
3854 33524140537
3855 33533602507
3856 33537960007
3857 33543375907
3858 33544167187
3859 33572598877
3860 33574631677
3861 33578978887
3862 33605775097
3863 33614097607
3864 33618060727
3865 33624661657
3866 33644267467
3867 33648669487
3868 33649766737
3869 33661407667
3870 33684513757
3871 33700182277
3872 33724301197
3873 33750531247
3874 33755779147
3875 33759764317
3876 33777792397
3877 33794096377
3878 33812286367
3879 33817798237
3880 33820154437
3881 33845409877
3882 33845793337
3883 33864615007
3884 33871462897
3885 33877970167
3886 33878079997
3887 33879829927
3888 33882428677
3889 33902655037
3890 33904897837
3891 33935761747
3892 33939692317
3893 33958075507
3894 33962268157
3895 33970276927
3896 33980086237
3897 33986630257
3898 33996247837
3899 34010709907
3900 34023517387
3901 34026233947
3902 34033105357
3903 34070176027
3904 34079177047
3905 34112867137
3906 34117210987
3907 34128499117
3908 34146790957
3909 34149207217
3910 34169403127
3911 34171474147
3912 34180801927
3913 34214457367
3914 34237147657
3915 34260738217
3916 34261366537
3917 34270257727
3918 34274578687
3919 34301997127
3920 34309257877
3921 34325676097
3922 34334316547
3923 34351232467
3924 34354354747
3925 34383453817
3926 34385774317
3927 34389909007
3928 34390419517
3929 34392803437
3930 34398400567
3931 34399247287
3932 34401839107
3933 34411196917
3934 34416155227
3935 34416475267
3936 34431002647
3937 34431712867
3938 34436329507
3939 34473438397
3940 34483066477
3941 34496536507
3942 34518365587
3943 34532636767
3944 34534999897
3945 34535963587
3946 34539348577
3947 34548952507
3948 34581793777
3949 34591741897
3950 34603594297
3951 34632285757
3952 34634642167
3953 34653658927
3954 34657708357
3955 34670459557
3956 34677055867
3957 34689669727
3958 34691541877
3959 34731785437
3960 34732449877
3961 34769221297
3962 34777551157
3963 34779720247
3964 34796790097
3965 34807426387
3966 34811939287
3967 34818398047
3968 34832680777
3969 34833078097
3970 34852243957
3971 34858633207
3972 34887265867
3973 34904723587
3974 34919642617
3975 34966227337
3976 34973714047
3977 34977053467
3978 34987933567
3979 34998056827
3980 35004394417
3981 35010190207
3982 35018810917
3983 35046820087
3984 35055752857
3985 35056639477
3986 35067879097
3987 35074477297
3988 35075440987
3989 35080717027
3990 35082053257
3991 35092548847
3992 35100295117
3993 35104000567
3994 35116306987
3995 35120601067
3996 35186890087
3997 35189152627
3998 35212028557
3999 35231007727
4000 35232388897
4001 35243251987
4002 35254882837
4003 35267648947
4004 35270311117
4005 35277149977
4006 35282593387
4007 35292233227
4008 35302882327
4009 35311670827
4010 35312212207
4011 35323820167
4012 35351148727
4013 35351151877
4014 35351632357
4015 35355013147
4016 35365186387
4017 35384544187
4018 35416773097
4019 35425941907
4020 35465123917
4021 35470949737
4022 35476955947
4023 35484795877
4024 35493659557
4025 35513973487
4026 35516389537
4027 35527556497
4028 35529694087
4029 35537670517
4030 35538605017
4031 35543846407
4032 35589961987
4033 35595697717
4034 35617218727
4035 35629758877
4036 35673808057
4037 35673908437
4038 35674371907
4039 35706733957
4040 35722236367
4041 35732409607
4042 35750764447
4043 35750995867
4044 35760793417
4045 35791860817
4046 35814990847
4047 35822686717
4048 35826526987
4049 35870248147
4050 35897334367
4051 35898200197
4052 35905192777
4053 35918860837
4054 35926378837
4055 35935587967
4056 35938923607
4057 35956702417
4058 35969406367
4059 35989925677
4060 35991477157
4061 36019385317
4062 36019573477
4063 36033422137
4064 36100075717
4065 36108999457
4066 36124233697
4067 36134316847
4068 36147547687
4069 36150450097
4070 36154934857
4071 36155536507
4072 36159743017
4073 36182180467
4074 36182271397
4075 36194593987
4076 36205328557
4077 36220993087
4078 36229081237
4079 36241022887
4080 36243731467
4081 36264765067
4082 36294081277
4083 36298915057
4084 36337277017
4085 36346518067
4086 36366692767
4087 36369246367
4088 36394937977
4089 36410578147
4090 36415343677
4091 36424102987
4092 36429535267
4093 36439316647
4094 36445811107
4095 36462149947
4096 36471460297
4097 36473869837
4098 36475991257
4099 36502287457
4100 36505354927
4101 36508333777
4102 36514522267
4103 36531109327
4104 36537943147
4105 36578859127
4106 36581909797
4107 36594844537
4108 36628688137
4109 36632900737
4110 36635143537
4111 36665001547
4112 36679352527
4113 36686551537
4114 36702282427
4115 36713703067
4116 36722778007
4117 36733432777
4118 36773021557
4119 36778598107
4120 36782234887
4121 36820000027
4122 36830006947
4123 36853634887
4124 36854438977
4125 36865150027
4126 36867489007
4127 36868087507
4128 36874589107
4129 36876773107
4130 36886625047
4131 36886889437
4132 36901006057
4133 36914595997
4134 36916976347
4135 36928045867
4136 36928313827
4137 36964611907
4138 36981262177
4139 36987118447
4140 37002348277
4141 37029058597
4142 37052982007
4143 37066991317
4144 37073952187
4145 37097213887
4146 37103159827
4147 37110413227
4148 37148509747
4149 37150397227
4150 37159207357
4151 37190940877
4152 37201472167
4153 37204827547
4154 37232135107
4155 37233948457
4156 37237120507
4157 37251256447
4158 37253449687
4159 37257807397
4160 37277799187
4161 37287116677
4162 37293145987
4163 37306108237
4164 37306466287
4165 37319466127
4166 37320631207
4167 37322329267
4168 37350210967
4169 37364186677
4170 37365071197
4171 37420937287
4172 37454264707
4173 37454363197
4174 37464164317
4175 37466719387
4176 37483609897
4177 37489577887
4178 37494940657
4179 37499038387
4180 37513689667
4181 37515577987
4182 37541457127
4183 37560029317
4184 37566487027
4185 37581242047
4186 37604336587
4187 37611330007
4188 37612798957
4189 37615149487
4190 37617660247
4191 37630939387
4192 37646413027
4193 37652785057
4194 37676108287
4195 37697107027
4196 37697852107
4197 37704745147
4198 37729858207
4199 37740207217
4200 37744455097
4201 37761922477
4202 37773571597
4203 37781533957
4204 37785084427
4205 37799224357
4206 37802598007
4207 37813310527
4208 37820737177
4209 37847127667
4210 37863735307
4211 37893585127
4212 37894218277
4213 37910256607
4214 37919595937
4215 37946674807
4216 37956374497
4217 37970525767
4218 37982806777
4219 37991176117
4220 37993922497
4221 37997805397
4222 38014329247
4223 38014966387
4224 38015201167
4225 38016717367
4226 38019878707
4227 38025520987
4228 38044698817
4229 38051275387
4230 38066688757
4231 38072344477
4232 38073298717
4233 38079773857
4234 38084072557
4235 38099527717
4236 38123303497
4237 38138425597
4238 38138558737
4239 38139184537
4240 38176492087
4241 38189053027
4242 38226281827
4243 38238836677
4244 38255294167
4245 38265497437
4246 38276972467
4247 38291518537
4248 38292968167
4249 38345435407
4250 38346164107
4251 38396365867
4252 38416158367
4253 38418555937
4254 38432916157
4255 38449879747
4256 38458008217
4257 38476586497
4258 38490556537
4259 38509350697
4260 38524549237
4261 38561431537
4262 38577414637
4263 38596428457
4264 38612809507
4265 38614127677
4266 38623621567
4267 38631517357
4268 38634473737
4269 38635020367
4270 38637747427
4271 38642461717
4272 38680587217
4273 38706195877
4274 38729295037
4275 38729479417
4276 38732431597
4277 38739420607
4278 38766038947
4279 38780731387
4280 38800800667
4281 38801431297
4282 38801666077
4283 38803004827
4284 38813824447
4285 38817593527
4286 38831137897
4287 38834135227
4288 38839641007
4289 38860182997
4290 38861807977
4291 38861986057
4292 38864992207
4293 38873570287
4294 38905302967
4295 38906091937
4296 38913415897
4297 38925418447
4298 38931148297
4299 38948535667
4300 38955063727
4301 38982859957
4302 38984120167
4303 38992981117
4304 39001444117
4305 39002301967
4306 39006611587
4307 39056124967
4308 39064700107
4309 39090998197
4310 39103766617
4311 39110033857
4312 39126613567
4313 39151235857
4314 39155130727
4315 39155593567
4316 39173583847
4317 39222773407
4318 39226762567
4319 39251306527
4320 39275809747
4321 39280711357
4322 39282262837
4323 39283564417
4324 39284399377
4325 39300079447
4326 39335082877
4327 39338293987
4328 39343760707
4329 39350133997
4330 39352861897
4331 39355527847
4332 39364839247
4333 39369782857
4334 39374611807
4335 39374838397
4336 39379864957
4337 39382363117
4338 39387031627
4339 39390397297
4340 39407553457
4341 39408281317
4342 39417683857
4343 39421408837
4344 39428002837
4345 39443893117
4346 39446632987
4347 39462317887
4348 39462697987
4349 39473648437
4350 39474220057
4351 39492904807
4352 39502408987
4353 39570617617
4354 39577099477
4355 39600573907
4356 39603382447
4357 39615106117
4358 39619075537
4359 39623771767
4360 39646036597
4361 39667532617
4362 39669866767
4363 39672042577
4364 39681273547
4365 39682586677
4366 39715691287
4367 39749774287
4368 39767064427
4369 39767470147
4370 39816130297
4371 39821393527
4372 39852559837
4373 39865370257
4374 39872274847
4375 39874028137
4376 39878952847
4377 39887369647
4378 39908343187
4379 39910927867
4380 39911266387
4381 39913426447
4382 39918688207
4383 39921210727
4384 39938145337
4385 39958048297
4386 39965668147
4387 39969241717
4388 39980038447
4389 40015189927
4390 40055808967
4391 40115337667
4392 40130445907
4393 40140783577
4394 40167360127
4395 40168412017
4396 40179441427
4397 40191054637
4398 40196940727
4399 40217973067
4400 40267592077
4401 40267988347
4402 40275340657
4403 40287027367
4404 40289697307
4405 40292972887
4406 40300942597
4407 40310352487
4408 40315176817
4409 40317068917
4410 40327898197
4411 40345315177
4412 40349697457
4413 40354472017
4414 40355709337
4415 40377080197
4416 40380717187
4417 40414988347
4418 40443311257
4419 40455717007
4420 40467029497
4421 40474158997
4422 40474898407
4423 40503546817
4424 40507194307
4425 40520082007
4426 40535079577
4427 40540253977
4428 40543563157
4429 40553237437
4430 40554726127
4431 40581252067
4432 40582329367
4433 40624101097
4434 40648494697
4435 40650996427
4436 40685196187
4437 40709834437
4438 40713316867
4439 40729900567
4440 40756182277
4441 40769046667
4442 40772936917
4443 40781822437
4444 40838408197
4445 40874929087
4446 40927064527
4447 40936817557
4448 40973894317
4449 40979344657
4450 40986919147
4451 40991586187
4452 40995282187
4453 41005108087
4454 41019655207
4455 41027302567
4456 41034473647
4457 41043734437
4458 41047615237
4459 41072496457
4460 41073372157
4461 41079673627
4462 41089716247
4463 41106431407
4464 41115148297
4465 41115768427
4466 41116392127
4467 41118506827
4468 41147057587
4469 41150824147
4470 41157414577
4471 41157550867
4472 41170547767
4473 41174747347
4474 41192189317
4475 41195402107
4476 41199054427
4477 41199970447
4478 41203952677
4479 41208251797
4480 41214162877
4481 41226086257
4482 41228144047
4483 41232355387
4484 41266542127
4485 41275828327
4486 41282846317
4487 41283959527
4488 41294016217
4489 41312585047
4490 41319488377
4491 41335118257
4492 41340840127
4493 41344278247
4494 41362419727
4495 41366151637
4496 41376352597
4497 41376969367
4498 41378877637
4499 41380846597
4500 41385350047
4501 41393294347
4502 41396461357
4503 41414817667
4504 41420865247
4505 41439876757
4506 41441950717
4507 41464925137
4508 41473527367
4509 41482569757
4510 41484379747
4511 41484431617
4512 41494618717
4513 41498773567
4514 41502590947
4515 41528527207
4516 41534438707
4517 41537091637
4518 41543305537
4519 41545896307
4520 41546240287
4521 41562701347
4522 41565055447
4523 41565126007
4524 41565511567
4525 41572530817
4526 41574487387
4527 41586379267
4528 41589177517
4529 41619674137
4530 41634588547
4531 41636550997
4532 41665107427
4533 41692222207
4534 41699493877
4535 41708975587
4536 41722260397
4537 41726251657
4538 41740904197
4539 41767031347
4540 41793253207
4541 41800012687
4542 41801387977
4543 41812759057
4544 41842947187
4545 41849261887
4546 41899232647
4547 41903411647
4548 41908835317
4549 41917505797
4550 41917779637
4551 41918166457
4552 41934034057
4553 41967055297
4554 41979393217
4555 41990594407
4556 42038711707
4557 42069318997
4558 42076744597
4559 42077292067
4560 42087627217
4561 42091279117
4562 42108941587
4563 42119469307
4564 42125230237
4565 42131524147
4566 42142165057
4567 42151188967
4568 42152194027
4569 42164502547
4570 42174168847
4571 42176641597
4572 42179157187
4573 42197668687
4574 42200047987
4575 42204847957
4576 42204957787
4577 42218965417
4578 42219439387
4579 42229591627
4580 42247634827
4581 42251854357
4582 42313503637
4583 42318739357
4584 42324025687
4585 42336480997
4586 42359373097
4587 42368786557
4588 42370762657
4589 42377599207
4590 42378924937
4591 42401417407
4592 42445470157
4593 42447637147
4594 42448226407
4595 42454724437
4596 42459118057
4597 42479171167
4598 42489773857
4599 42504706957
4600 42509323387
4601 42510874657
4602 42512272207
4603 42519106027
4604 42534109477
4605 42538239967
4606 42554176657
4607 42564401767
4608 42585837517
4609 42636672427
4610 42639399697
4611 42642569857
4612 42686273797
4613 42759688327
4614 42771120307
4615 42777134497
4616 42785944837
4617 42808302067
4618 42808894477
4619 42812444107
4620 42821794567
4621 42832722337
4622 42847516627
4623 42857955307
4624 42879735247
4625 42884529967
4626 42895015057
4627 42909790867
4628 42973991647
4629 42997715347
4630 43003390597
4631 43008508717
4632 43010986087
4633 43019087467
4634 43024271107
4635 43031168347
4636 43065450007
4637 43099918777
4638 43107232447
4639 43117876507
4640 43151588647
4641 43160066347
4642 43173993757
4643 43179402307
4644 43257224107
4645 43323433327
4646 43345209487
4647 43346462977
4648 43358081857
4649 43384467937
4650 43403357857
4651 43407250417
4652 43430851687
4653 43435840027
4654 43464526867
4655 43465218607
4656 43479280837
4657 43485328417
4658 43489727917
4659 43490002597
4660 43501012267
4661 43509384547
4662 43513433137
4663 43516467427
4664 43516948747
4665 43523889037
4666 43524867637
4667 43552417537
4668 43561202677
4669 43571601247
4670 43611883027
4671 43614327847
4672 43616319277
4673 43619647777
4674 43625998177
4675 43656592867
4676 43680412537
4677 43687426957
4678 43702142707
4679 43733243497
4680 43766498047
4681 43769229937
4682 43784683837
4683 43789820017
4684 43803679807
4685 43807761577
4686 43837365277
4687 43851124897
4688 43856928877
4689 43858656757
4690 43873739797
4691 43879222477
4692 43900502407
4693 43909445467
4694 43915261207
4695 43929278287
4696 43974130087
4697 43978521397
4698 43981948597
4699 43992526927
4700 43997181577
4701 44010872947
4702 44039003287
4703 44065573957
4704 44066974657
4705 44072221087
4706 44074240027
4707 44088412717
4708 44089326637
4709 44089917577
4710 44103867877
4711 44117487847
4712 44120825377
4713 44135156827
4714 44138768617
4715 44138928007
4716 44148628747
4717 44159930527
4718 44165707627
4719 44166088777
4720 44170258537
4721 44187661867
4722 44188604347
4723 44194492747
4724 44202554647
4725 44222855767
4726 44236402027
4727 44263132087
4728 44271830497
4729 44276622487
4730 44312866177
4731 44314583767
4732 44315554177
4733 44321965267
4734 44331036637
4735 44338029007
4736 44344833427
4737 44352636397
4738 44376401887
4739 44395060807
4740 44412209197
4741 44412282907
4742 44417152597
4743 44417995327
4744 44428083517
4745 44428948297
4746 44431149937
4747 44446994227
4748 44473078747
4749 44488527817
4750 44497980337
4751 44511453517
4752 44511650077
4753 44529862957
4754 44557328857
4755 44557339357
4756 44557853227
4757 44561280217
4758 44562894907
4759 44572089967
4760 44612628157
4761 44613980767
4762 44627095687
4763 44628939067
4764 44635759027
4765 44646482047
4766 44659805287
4767 44665058017
4768 44668160347
4769 44686870297
4770 44695068277
4771 44706005077
4772 44710263667
4773 44727036787
4774 44746715467
4775 44754620497
4776 44762718097
4777 44764488397
4778 44769927607
4779 44774338237
4780 44776013407
4781 44778175357
4782 44798610667
4783 44833066627
4784 44837694607
4785 44871629977
4786 44882008807
4787 44900929807
4788 44903280337
4789 44905440397
4790 44907910627
4791 44913877357
4792 44918109487
4793 44918636167
4794 44928249127
4795 44929829167
4796 44948322817
4797 45001411447
4798 45016741867
4799 45022728337
4800 45048782407
4801 45096067057
4802 45110121307
4803 45117293857
4804 45124199287
4805 45125474827
4806 45127150417
4807 45144586297
4808 45160028857
4809 45182899117
4810 45210599167
4811 45214683247
4812 45245938597
4813 45254892577
4814 45258988207
4815 45285351817
4816 45286478047
4817 45296050687
4818 45339728377
4819 45342800677
4820 45344959477
4821 45348404737
4822 45350408557
4823 45352180327
4824 45355187737
4825 45385473307
4826 45389493967
4827 45403394287
4828 45403618357
4829 45415209937
4830 45420705427
4831 45446629297
4832 45453012877
4833 45453333967
4834 45453615787
4835 45460208737
4836 45464715547
4837 45506469637
4838 45538379977
4839 45538580947
4840 45547852237
4841 45551459407
4842 45555183127
4843 45645253597
4844 45657873967
4845 45666096517
4846 45668570527
4847 45692231857
4848 45693549607
4849 45700317067
4850 45719689567
4851 45728691637
4852 45732533377
4853 45740718967
4854 45742162507
4855 45743297767
4856 45753872107
4857 45762662707
4858 45770205067
4859 45783876487
4860 45798166357
4861 45798832897
4862 45814942627
4863 45817488247
4864 45830923417
4865 45834985447
4866 45877254877
4867 45885079057
4868 45889354867
4869 45894471517
4870 45903315037
4871 45927012487
4872 45931853827
4873 45938315317
4874 45942321697
4875 45953602687
4876 45958076107
4877 45959240137
4878 45974182687
4879 45979902037
4880 45997894837
4881 45998984947
4882 46003347487
4883 46017783937
4884 46041253327
4885 46088597827
4886 46113185467
4887 46158962737
4888 46159651117
4889 46173367057
4890 46178994217
4891 46187918587
4892 46192284487
4893 46214067787
4894 46233385057
4895 46257417247
4896 46273131337
4897 46340477917
4898 46352775097
4899 46367971747
4900 46379366767
4901 46428312517
4902 46465186837
4903 46468885357
4904 46475069227
4905 46477953157
4906 46482230227
4907 46493203567
4908 46505214307
4909 46507351477
4910 46531260817
4911 46544138227
4912 46546648777
4913 46555208797
4914 46583872327
4915 46585615327
4916 46604135647
4917 46616583187
4918 46621657207
4919 46631487307
4920 46645443067
4921 46648842337
4922 46662371797
4923 46680889807
4924 46693745167
4925 46732975687
4926 46734434557
4927 46736007667
4928 46743354517
4929 46749682867
4930 46756793257
4931 46768747297
4932 46790885497
4933 46792906327
4934 46794712957
4935 46817032177
4936 46817033437
4937 46823846467
4938 46839661147
4939 46840594387
4940 46850171227
4941 46856062147
4942 46903346377
4943 46905429157
4944 46914223117
4945 46927316197
4946 46932992917
4947 46983100387
4948 46985614927
4949 47005126027
4950 47026810417
4951 47033684977
4952 47050598587
4953 47052050317
4954 47063461717
4955 47066057317
4956 47070187597
4957 47073796657
4958 47080494817
4959 47083663717
4960 47101732747
4961 47106379417
4962 47111828497
4963 47123481397
4964 47125059337
4965 47130247597
4966 47133125857
4967 47145942787
4968 47146324777
4969 47157127597
4970 47171197807
4971 47176449487
4972 47179590037
4973 47228781487
4974 47234352157
4975 47271977647
4976 47308295467
4977 47308792117
4978 47311308757
4979 47327028097
4980 47379457117
4981 47406817807
4982 47407203577
4983 47416652737
4984 47426845507
4985 47429747077
4986 47433591757
4987 47449243477
4988 47449995487
4989 47484773587
4990 47514572377
4991 47519209597
4992 47523905827
4993 47525733247
4994 47529957187
4995 47545383157
4996 47549496427
4997 47558285767
4998 47576440267
4999 47578260127
5000 47589193777
5001 47594331007
5002 47604380767
5003 47614825117
5004 47629482067
5005 47657010757
5006 47682663307
5007 47688821767
5008 47695247767
5009 47704148197
5010 47705130367
5011 47723265757
5012 47733750007
5013 47737123867
5014 47751968977
5015 47768494507
5016 47771027737
5017 47774319487
5018 47785259227
5019 47792219467
5020 47795479087
5021 47810086267
5022 47819351467
5023 47823864157
5024 47873759107
5025 47896160437
5026 47897631907
5027 47904379417
5028 47923697737
5029 47925367657
5030 47939157517
5031 47945635597
5032 47959460947
5033 47985073177
5034 48001805767
5035 48004264657
5036 48010245457
5037 48026750407
5038 48032895007
5039 48035891077
5040 48058860667
5041 48060320587
5042 48064560487
5043 48068524237
5044 48100055737
5045 48104779897
5046 48109378897
5047 48109392967
5048 48130966057
5049 48134420557
5050 48145723387
5051 48147775927
5052 48158073697
5053 48195829807
5054 48195940687
5055 48202557577
5056 48208213507
5057 48228088537
5058 48247825177
5059 48264478387
5060 48272650957
5061 48311245387
5062 48311893447
5063 48339959737
5064 48371494807
5065 48384718087
5066 48398619667
5067 48406113307
5068 48423795307
5069 48429097807
5070 48478324327
5071 48479287387
5072 48488828737
5073 48490333807
5074 48493787467
5075 48514710187
5076 48518238397
5077 48520445917
5078 48541917157
5079 48550012867
5080 48556607497
5081 48575270197
5082 48578509867
5083 48595316587
5084 48621883897
5085 48630756607
5086 48636803977
5087 48668865517
5088 48696609877
5089 48699267427
5090 48707593927
5091 48741990877
5092 48774312397
5093 48790394827
5094 48819166927
5095 48838330897
5096 48838354837
5097 48842724097
5098 48844845937
5099 48851788537
5100 48852045157
5101 48859072387
5102 48896727277
5103 48898022347
5104 48898662217
5105 48912699877
5106 48914132077
5107 48915956977
5108 48926062177
5109 48933528097
5110 48970474447
5111 48979081507
5112 48980394637
5113 48991240927
5114 49010491417
5115 49024357297
5116 49044252067
5117 49074318187
5118 49078943857
5119 49095663427
5120 49114715467
5121 49147009267
5122 49151640817
5123 49154130577
5124 49156620967
5125 49160018977
5126 49190115967
5127 49190315887
5128 49194943867
5129 49201921117
5130 49205154277
5131 49223606347
5132 49237930867
5133 49249825897
5134 49258233247
5135 49294959937
5136 49295590777
5137 49297982677
5138 49320616057
5139 49321001827
5140 49326263797
5141 49328212387
5142 49332593197
5143 49360115797
5144 49373667517
5145 49382697307
5146 49425525547
5147 49430357017
5148 49431678547
5149 49441096417
5150 49443819697
5151 49456046737
5152 49479023047
5153 49533351727
5154 49541648407
5155 49545618247
5156 49554479407
5157 49563293947
5158 49601383537
5159 49602781507
5160 49610396107
5161 49618194667
5162 49670993077
5163 49680747367
5164 49696993387
5165 49700814337
5166 49713108997
5167 49713690067
5168 49725460777
5169 49731058957
5170 49736109877
5171 49741455217
5172 49765972297
5173 49772721277
5174 49802764927
5175 49846283017
5176 49848867697
5177 49853340067
5178 49854973447
5179 49877847907
5180 49878014437
5181 49890148657
5182 49894741147
5183 49898520307
5184 49956286477
5185 50012677147
5186 50035808227
5187 50045543827
5188 50050416457
5189 50103654187
5190 50122545367
5191 50144371087
5192 50147563507
5193 50162434237
5194 50168945917
5195 50184628927
5196 50185180807
5197 50185515967
5198 50210705257
5199 50238141127
5200 50242607407
5201 50251953877
5202 50257936357
5203 50258141107
5204 50273174587
5205 50292894007
5206 50293354747
5207 50295164317
5208 50303738197
5209 50317773547
5210 50320462597
5211 50337691627
5212 50343513037
5213 50354052097
5214 50363719657
5215 50432074867
5216 50438282887
5217 50445493447
5218 50446618627
5219 50451323047
5220 50478480457
5221 50481860827
5222 50501429047
5223 50519100757
5224 50563355737
5225 50563968727
5226 50574415597
5227 50578496317
5228 50603533567
5229 50608921537
5230 50612727157
5231 50616791497
5232 50618680027
5233 50630975107
5234 50643298957
5235 50655999337
5236 50664618997
5237 50669547277
5238 50684807347
5239 50700803047
5240 50705810707
5241 50715744967
5242 50739365767
5243 50741748637
5244 50749020727
5245 50778788647
5246 50780574277
5247 50786225587
5248 50790553267
5249 50817970657
5250 50847561757
5251 50848122877
5252 50850599617
5253 50852952247
5254 50867893327
5255 50871659467
5256 50878113817
5257 50893907287
5258 50902703767
5259 50903007427
5260 50928111667
5261 50957306497
5262 51022287847
5263 51032818087
5264 51080707537
5265 51084649657
5266 51096588997
5267 51108799867
5268 51131772817
5269 51137000137
5270 51142932427
5271 51159197977
5272 51177016057
5273 51181438657
5274 51187145407
5275 51215685877
5276 51217974667
5277 51259029457
5278 51259826197
5279 51274447657
5280 51297881347
5281 51303536227
5282 51306959647
5283 51323680267
5284 51328679317
5285 51355420927
5286 51365070847
5287 51367473247
5288 51375610537
5289 51378515257
5290 51382906567
5291 51406094557
5292 51427043527
5293 51439642477
5294 51451373917
5295 51466653097
5296 51486920197
5297 51498630637
5298 51540347137
5299 51550113607
5300 51558802567
5301 51569058127
5302 51573703537
5303 51602739817
5304 51607692667
5305 51621723607
5306 51628064347
5307 51637837957
5308 51640254427
5309 51648655687
5310 51682146277
5311 51694408807
5312 51700875757
5313 51719077507
5314 51725180317
5315 51727453357
5316 51735912577
5317 51746082667
5318 51755715367
5319 51766372237
5320 51768110827
5321 51771599977
5322 51800108947
5323 51805913557
5324 51812410537
5325 51820724227
5326 51823153507
5327 51832042177
5328 51833959267
5329 51837908527
5330 51839996557
5331 51854036947
5332 51871193107
5333 51881050927
5334 51884698417
5335 51890546287
5336 51894667537
5337 51896393947
5338 51900294697
5339 51902762827
5340 51907327177
5341 51920696407
5342 51945802537
5343 51947193577
5344 51952003837
5345 51960649327
5346 51967384867
5347 51991532767
5348 51997872457
5349 52007538757
5350 52019713297
5351 52038738877
5352 52039297477
5353 52047329767
5354 52050298117
5355 52062915127
5356 52067187577
5357 52094255947
5358 52106066137
5359 52115654947
5360 52116780757
5361 52145611867
5362 52149637357
5363 52157144437
5364 52159301137
5365 52181984077
5366 52224345907
5367 52226224147
5368 52257433507
5369 52259779207
5370 52272966997
5371 52298167837
5372 52308255397
5373 52310269927
5374 52313843707
5375 52354261777
5376 52363052377
5377 52372237987
5378 52374598807
5379 52374629887
5380 52387359247
5381 52415548177
5382 52427418217
5383 52439344537
5384 52442480257
5385 52454121817
5386 52466963947
5387 52493674687
5388 52507823227
5389 52518660907
5390 52536950227
5391 52543000327
5392 52570419607
5393 52600984687
5394 52608778627
5395 52662003127
5396 52690459177
5397 52712775667
5398 52721031817
5399 52733160577
5400 52733985247
5401 52742163907
5402 52793520667
5403 52794992347
5404 52795511047
5405 52801162147
5406 52807268737
5407 52826605957
5408 52832149957
5409 52835008477
5410 52847340307
5411 52856850577
5412 52883275717
5413 52894381357
5414 52924143397
5415 52950203347
5416 52975360297
5417 52985674447
5418 52993564567
5419 53086708387
5420 53091496807
5421 53092941607
5422 53094002317
5423 53095903027
5424 53108827687
5425 53117432227
5426 53123186647
5427 53130555757
5428 53139795337
5429 53142454357
5430 53155560037
5431 53155947067
5432 53157112357
5433 53175266857
5434 53177058367
5435 53184105967
5436 53188224907
5437 53197536307
5438 53224082827
5439 53238063157
5440 53246234677
5441 53255979307
5442 53263491637
5443 53294236267
5444 53294727037
5445 53299206547
5446 53299526167
5447 53319992977
5448 53339018137
5449 53340040207
5450 53342977267
5451 53377110877
5452 53406266647
5453 53408718817
5454 53418046807
5455 53418543457
5456 53463036157
5457 53485108207
5458 53498155297
5459 53500374787
5460 53502663157
5461 53507311927
5462 53507476147
5463 53507964607
5464 53510692507
5465 53511499747
5466 53545780147
5467 53554811197
5468 53555521417
5469 53574410287
5470 53589083407
5471 53592613297
5472 53605634977
5473 53610730627
5474 53670274237
5475 53680960507
5476 53718062257
5477 53728263217
5478 53740253377
5479 53743151167
5480 53754429007
5481 53784592777
5482 53797343767
5483 53802825607
5484 53806289347
5485 53825877097
5486 53833009117
5487 53835327097
5488 53885135527
5489 53917579477
5490 53918965267
5491 53962644007
5492 53990281057
5493 53997112987
5494 53999320087
5495 54002430607
5496 54023582017
5497 54025074277
5498 54026798377
5499 54040944817
5500 54060051037
5501 54064097947
5502 54110202187
5503 54110656417
5504 54111755557
5505 54127202947
5506 54168015607
5507 54173105797
5508 54185633137
5509 54194868307
5510 54209570407
5511 54217645117
5512 54229165087
5513 54254999077
5514 54264495277
5515 54265337377
5516 54310762267
5517 54327715567
5518 54327819097
5519 54337534957
5520 54340203007
5521 54370489627
5522 54372419737
5523 54400497787
5524 54401006827
5525 54415719217
5526 54429997747
5527 54469573507
5528 54472162177
5529 54476184937
5530 54524892127
5531 54536792407
5532 54556907677
5533 54566753947
5534 54586747207
5535 54598129627
5536 54607821337
5537 54618007387
5538 54627429667
5539 54640225807
5540 54646199467
5541 54656977087
5542 54678900037
5543 54692108827
5544 54692547307
5545 54706130107
5546 54733335187
5547 54735637207
5548 54759842227
5549 54761723827
5550 54779186587
5551 54783529387
5552 54802549717
5553 54829104427
5554 54847168417
5555 54854409007
5556 54856322107
5557 54874539607
5558 54879517867
5559 54882664927
5560 54896347057
5561 54904891747
5562 54959119207
5563 54985814827
5564 54995630857
5565 55018631737
5566 55040993587
5567 55071152947
5568 55101383917
5569 55102407457
5570 55120343137
5571 55133743657
5572 55139737057
5573 55144963327
5574 55149439897
5575 55165210687
5576 55184598097
5577 55188142897
5578 55198225207
5579 55201077637
5580 55207556137
5581 55221506227
5582 55235595127
5583 55259814427
5584 55282023607
5585 55308541357
5586 55324113277
5587 55339264147
5588 55376978467
5589 55417486837
5590 55439609497
5591 55439706727
5592 55456781197
5593 55465896247
5594 55484433997
5595 55489403857
5596 55493888617
5597 55522557187
5598 55529143837
5599 55541022067
5600 55555972177
5601 55562655427
5602 55566362977
5603 55574898007
5604 55591327147
5605 55591478347
5606 55595249527
5607 55597334197
5608 55601365987
5609 55663453117
5610 55671514177
5611 55676602687
5612 55678789417
5613 55682106367
5614 55699638427
5615 55755690157
5616 55789380457
5617 55800244387
5618 55814565337
5619 55842538387
5620 55844920837
5621 55850938597
5622 55873661017
5623 55884227797
5624 55887616777
5625 55891153387
5626 55894197757
5627 55915105777
5628 55921901797
5629 55922995477
5630 55925748157
5631 55927195057
5632 55939077907
5633 55948284517
5634 55954485397
5635 55963015177
5636 55983899677
5637 55990341217
5638 56018300197
5639 56024500237
5640 56037570217
5641 56042212267
5642 56043471217
5643 56052200917
5644 56056670557
5645 56060850607
5646 56072981677
5647 56086540327
5648 56092011247
5649 56109670147
5650 56112330217
5651 56121233797
5652 56144193097
5653 56162227477
5654 56170652887
5655 56172464977
5656 56187519667
5657 56219989867
5658 56251220017
5659 56273233267
5660 56289948427
5661 56327131447
5662 56335681807
5663 56342509957
5664 56345080147
5665 56345386957
5666 56345433577
5667 56369531077
5668 56374548397
5669 56388898327
5670 56397191437
5671 56420285557
5672 56441691067
5673 56467262767
5674 56487614917
5675 56489000917
5676 56492220217
5677 56503051597
5678 56506133137
5679 56514190627
5680 56519456167
5681 56532751267
5682 56535414487
5683 56536627237
5684 56538731647
5685 56554199407
5686 56573310247
5687 56574706537
5688 56645592457
5689 56682816007
5690 56696920447
5691 56702531437
5692 56725106017
5693 56727662347
5694 56742953077
5695 56748174937
5696 56771219497
5697 56793022537
5698 56800879687
5699 56808218557
5700 56823291517
5701 56840349607
5702 56843591797
5703 56847843457
5704 56850202807
5705 56858017747
5706 56862954217
5707 56865048337
5708 56875406167
5709 56880789517
5710 56896052107
5711 56944190197
5712 56957436577
5713 56975837197
5714 56991892537
5715 56995965067
5716 57001674127
5717 57022743637
5718 57022934317
5719 57024985597
5720 57054484297
5721 57057130717
5722 57080567977
5723 57081266647
5724 57082994317
5725 57095333287
5726 57102233257
5727 57102487357
5728 57129322837
5729 57129956617
5730 57131248117
5731 57133018837
5732 57141700657
5733 57148214857
5734 57165304447
5735 57173090407
5736 57187141927
5737 57194046307
5738 57201938737
5739 57205253377
5740 57205292857
5741 57232578577
5742 57285171397
5743 57286874077
5744 57290065237
5745 57295082557
5746 57306837937
5747 57336097447
5748 57337382227
5749 57354600757
5750 57369500257
5751 57379779547
5752 57386602447
5753 57392110327
5754 57410144707
5755 57438372697
5756 57443832487
5757 57451119277
5758 57460568437
5759 57463057567
5760 57470607907
5761 57479069227
5762 57480257827
5763 57487676497
5764 57510085807
5765 57514362667
5766 57548823247
5767 57553195867
5768 57583874977
5769 57591383737
5770 57599327827
5771 57627676357
5772 57631947547
5773 57658688947
5774 57675586597
5775 57698034127
5776 57723110437
5777 57744258277
5778 57750580957
5779 57754222777
5780 57769871977
5781 57780694327
5782 57786917257
5783 57798492877
5784 57815642107
5785 57828307627
5786 57841414987
5787 57845806087
5788 57851951737
5789 57852358507
5790 57854454727
5791 57858847297
5792 57912830527
5793 57947612617
5794 57951904177
5795 57961646917
5796 57981749377
5797 58002729007
5798 58003914247
5799 58010417737
5800 58037838487
5801 58037905477
5802 58053238417
5803 58070667367
5804 58072652707
5805 58095802477
5806 58097961277
5807 58127192017
5808 58137101917
5809 58148454307
5810 58158418177
5811 58178825137
5812 58180120627
5813 58187391667
5814 58199749957
5815 58200928057
5816 58201751467
5817 58214195857
5818 58226270227
5819 58234573207
5820 58290848377
5821 58293837517
5822 58293970447
5823 58304673517
5824 58308547387
5825 58329113737
5826 58330888657
5827 58337312977
5828 58362282607
5829 58375745497
5830 58376237737
5831 58403927497
5832 58405523707
5833 58414701337
5834 58417061107
5835 58430706067
5836 58528934197
5837 58540530397
5838 58579290937
5839 58580260087
5840 58636984657
5841 58646187697
5842 58646579347
5843 58671216337
5844 58680519967
5845 58717730707
5846 58743012397
5847 58801338847
5848 58817340217
5849 58826675767
5850 58832880637
5851 58834948087
5852 58893564127
5853 58899296497
5854 58903511197
5855 58908682237
5856 58917443017
5857 58922245087
5858 58922311027
5859 58938195847
5860 58951568227
5861 58958948677
5862 58968696037
5863 58982198827
5864 58989620857
5865 58997196607
5866 58999372837
5867 59003289337
5868 59044692517
5869 59048493727
5870 59057044297
5871 59065810747
5872 59088053737
5873 59089183327
5874 59113255837
5875 59114265307
5876 59116570687
5877 59121147637
5878 59136570667
5879 59151143407
5880 59172299227
5881 59190375187
5882 59199772267
5883 59205103537
5884 59209672927
5885 59265772327
5886 59288076427
5887 59302411447
5888 59315684497
5889 59316686827
5890 59335187617
5891 59354993977
5892 59390511067
5893 59397696637
5894 59405037397
5895 59414292517
5896 59429694757
5897 59435105827
5898 59465651797
5899 59466795457
5900 59469874897
5901 59489340007
5902 59506168357
5903 59507224867
5904 59523387097
5905 59525956657
5906 59532176647
5907 59543185057
5908 59543213827
5909 59545330837
5910 59556331057
5911 59572927357
5912 59593257667
5913 59623263517
5914 59636834347
5915 59639389207
5916 59640456637
5917 59640562687
5918 59641692277
5919 59670566227
5920 59686331977
5921 59688436387
5922 59689328047
5923 59695261177
5924 59706448507
5925 59729511967
5926 59736726937
5927 59753079427
5928 59779965517
5929 59820969277
5930 59858790907
5931 59862121717
5932 59881613707
5933 59891963767
5934 59902831057
5935 59906611477
5936 59929707697
5937 59950565947
5938 59952574807
5939 59954367367
5940 59963778307
5941 59973963937
5942 59995605067
5943 59999950177
5944 60025565767
5945 60051454357
5946 60065791057
5947 60081509557
5948 60095771287
5949 60114634747
5950 60151763797
5951 60153401587
5952 60154647727
5953 60174791767
5954 60176857327
5955 60185039347
5956 60217904557
5957 60218534137
5958 60257774107
5959 60260796637
5960 60281389447
5961 60291109507
5962 60331640767
5963 60333253567
5964 60336271267
5965 60349496017
5966 60362316727
5967 60367414687
5968 60383900107
5969 60398478307
5970 60410573677
5971 60411234337
5972 60417503677
5973 60425464987
5974 60430024087
5975 60477106507
5976 60480079057
5977 60485650777
5978 60489349087
5979 60496498957
5980 60519082567
5981 60524059357
5982 60537940357
5983 60539722417
5984 60548836627
5985 60549961177
5986 60561096847
5987 60571762957
5988 60572172247
5989 60573579877
5990 60607092307
5991 60608030377
5992 60627700867
5993 60643682917
5994 60647324317
5995 60668385847
5996 60693971407
5997 60703746277
5998 60736352767
5999 60736741057
6000 60743973457
6001 60745893277
6002 60771934117
6003 60778017187
6004 60781474207
6005 60784485397
6006 60786941767
6007 60818928337
6008 60832102687
6009 60853330117
6010 60856577137
6011 60860885077
6012 60915470377
6013 60924967837
6014 60931717657
6015 60932576977
6016 60938192587
6017 60946031677
6018 60949250767
6019 60962196007
6020 60977436337
6021 60990681667
6022 61010883877
6023 61014289867
6024 61033853047
6025 61040697997
6026 61054982617
6027 61111325827
6028 61111932517
6029 61116345457
6030 61129212577
6031 61132192477
6032 61135049527
6033 61144123627
6034 61178120737
6035 61205008087
6036 61216703617
6037 61241745277
6038 61267596487
6039 61286322187
6040 61298786947
6041 61323162487
6042 61340372827
6043 61383250207
6044 61410010297
6045 61421496667
6046 61431664027
6047 61445581777
6048 61445914417
6049 61447152577
6050 61485788797
6051 61501139797
6052 61528824937
6053 61555552687
6054 61573171477
6055 61587453997
6056 61591669537
6057 61595546137
6058 61596739147
6059 61597684777
6060 61601901997
6061 61610958037
6062 61616664997
6063 61627309687
6064 61638663127
6065 61650711037
6066 61660416397
6067 61686635107
6068 61695163417
6069 61745211877
6070 61767621187
6071 61784546557
6072 61795662277
6073 61803017317
6074 61836229447
6075 61850456947
6076 61860860977
6077 61863096007
6078 61901574727
6079 61901663767
6080 61903782037
6081 61923519727
6082 61940994667
6083 61956981337
6084 62053224127
6085 62057049277
6086 62060178067
6087 62071684387
6088 62081523727
6089 62089596967
6090 62095768447
6091 62110208047
6092 62140450777
6093 62140960237
6094 62142296257
6095 62145716527
6096 62147972137
6097 62172936097
6098 62175825067
6099 62194974757
6100 62223006397
6101 62228364547
6102 62233276657
6103 62241617017
6104 62241963727
6105 62246664367
6106 62263714687
6107 62276438167
6108 62281602277
6109 62343199267
6110 62366566177
6111 62391884827
6112 62393981467
6113 62395078297
6114 62403912157
6115 62405722777
6116 62413422427
6117 62418853027
6118 62461379077
6119 62477583517
6120 62508052417
6121 62518812607
6122 62557775377
6123 62560139557
6124 62574855517
6125 62578178557
6126 62583618187
6127 62585192767
6128 62585711467
6129 62624602207
6130 62631130477
6131 62646018427
6132 62658257017
6133 62687384647
6134 62691968737
6135 62720229487
6136 62723437867
6137 62784121567
6138 62794424587
6139 62830627957
6140 62843066047
6141 62885854387
6142 62892123727
6143 62903942737
6144 62904782527
6145 62922764617
6146 62924236927
6147 62941012567
6148 62995900057
6149 63000589777
6150 63002435257
6151 63028025227
6152 63030783577
6153 63043895347
6154 63052654657
6155 63064026787
6156 63084110977
6157 63085407937
6158 63090321517
6159 63098025577
6160 63104613697
6161 63120029377
6162 63153503587
6163 63154645777
6164 63188027797
6165 63199660957
6166 63212067547
6167 63252372637
6168 63255964477
6169 63258942277
6170 63261348037
6171 63301427587
6172 63308553937
6173 63323291737
6174 63361543237
6175 63391372477
6176 63393325267
6177 63409701907
6178 63425952757
6179 63455961967
6180 63456737287
6181 63468729757
6182 63469344007
6183 63469462867
6184 63526277527
6185 63527027017
6186 63540709147
6187 63545352457
6188 63547662037
6189 63572547667
6190 63589327507
6191 63617279977
6192 63633534187
6193 63642081397
6194 63650649187
6195 63707571997
6196 63727481887
6197 63749925637
6198 63784384117
6199 63784481347
6200 63793934917
6201 63798563107
6202 63838298257
6203 63848102947
6204 63854945587
6205 63915377287
6206 63921565567
6207 63948999337
6208 63967271647
6209 63978824797
6210 63979477477
6211 63988576567
6212 64013242747
6213 64021609567
6214 64044409057
6215 64053108937
6216 64059537247
6217 64090077757
6218 64095753637
6219 64096759537
6220 64096802167
6221 64112243467
6222 64113029077
6223 64127172997
6224 64139054377
6225 64196962717
6226 64201459027
6227 64203693007
6228 64206812557
6229 64224537187
6230 64232930677
6231 64261872667
6232 64281655717
6233 64307216917
6234 64311456607
6235 64317785167
6236 64319823427
6237 64322237377
6238 64363607587
6239 64380353617
6240 64389286597
6241 64456560517
6242 64458607387
6243 64471243927
6244 64499551927
6245 64507997287
6246 64543268677
6247 64559609827
6248 64594496497
6249 64648712407
6250 64652356117
6251 64697458867
6252 64698857677
6253 64705965547
6254 64709761927
6255 64718275747
6256 64736751967
6257 64738209577
6258 64749989527
6259 64761408067
6260 64783168267
6261 64811630617
6262 64816339657
6263 64828207177
6264 64836418177
6265 64847011627
6266 64889827897
6267 64896617827
6268 64913074477
6269 64957204717
6270 64960645567
6271 64988637937
6272 65011137547
6273 65054812717
6274 65072577457
6275 65072627437
6276 65081308207
6277 65094092797
6278 65118211507
6279 65148463267
6280 65183264677
6281 65186221267
6282 65188741477
6283 65189208307
6284 65192165107
6285 65193254167
6286 65194720177
6287 65215575697
6288 65231195917
6289 65251608337
6290 65253707917
6291 65259127387
6292 65264414977
6293 65294417047
6294 65311150897
6295 65311352917
6296 65319940237
6297 65332954777
6298 65338399657
6299 65360871337
6300 65362467757
6301 65391206047
6302 65402323027
6303 65420241697
6304 65470253197
6305 65493220687
6306 65501608087
6307 65506806637
6308 65520297247
6309 65526553987
6310 65536090507
6311 65536868977
6312 65549792587
6313 65550122917
6314 65571630067
6315 65575406707
6316 65596795207
6317 65615402257
6318 65638796677
6319 65644098337
6320 65655394237
6321 65657153197
6322 65659118797
6323 65677274557
6324 65685705637
6325 65687824117
6326 65691557287
6327 65709851017
6328 65713488007
6329 65717475277
6330 65717800777
6331 65734825687
6332 65735104987
6333 65747011147
6334 65764678867
6335 65775415957
6336 65783094187
6337 65785373107
6338 65789543707
6339 65793380827
6340 65794924957
6341 65806187257
6342 65821402177
6343 65823754807
6344 65832440407
6345 65839227397
6346 65845536847
6347 65861555647
6348 65873889997
6349 65883432607
6350 65885740087
6351 65886805207
6352 65929855627
6353 65933292697
6354 65960517517
6355 65964615247
6356 65965466377
6357 65973494677
6358 65977686487
6359 65989995427
6360 66004970737
6361 66014452447
6362 66029016997
6363 66039066547
6364 66053829757
6365 66053998177
6366 66064280407
6367 66085520857
6368 66103270687
6369 66127455127
6370 66158077747
6371 66167292547
6372 66172254007
6373 66186816457
6374 66210644317
6375 66221908927
6376 66236982727
6377 66260889967
6378 66283710667
6379 66301549747
6380 66317759857
6381 66318391957
6382 66318442357
6383 66329535187
6384 66331779457
6385 66336540367
6386 66386643217
6387 66389710477
6388 66391637437
6389 66416495137
6390 66429130837
6391 66443220577
6392 66466212217
6393 66476765347
6394 66488361757
6395 66488391787
6396 66509511697
6397 66512175547
6398 66515559697
6399 66536349697
6400 66554755357
6401 66567825547
6402 66586434907
6403 66630720967
6404 66665807557
6405 66707400577
6406 66728841997
6407 66730045507
6408 66731741887
6409 66742772347
6410 66753892477
6411 66762535237
6412 66787039717
6413 66822405817
6414 66858890377
6415 66913203937
6416 66929037937
6417 66987017677
6418 67015399807
6419 67027454437
6420 67039540147
6421 67051637827
6422 67075325407
6423 67090123687
6424 67095778147
6425 67102105657
6426 67106566057
6427 67108604737
6428 67136200837
6429 67167288817
6430 67232733637
6431 67234125307
6432 67238949847
6433 67242243697
6434 67245671947
6435 67255540477
6436 67265859247
6437 67297276087
6438 67303858747
6439 67322486587
6440 67337806087
6441 67371906727
6442 67393805107
6443 67396977997
6444 67406110477
6445 67426937437
6446 67431318667
6447 67447339777
6448 67453384627
6449 67463627587
6450 67492162597
6451 67493710717
6452 67495545697
6453 67501550647
6454 67508775067
6455 67510172827
6456 67526937757
6457 67560805717
6458 67589084737
6459 67633941367
6460 67634662087
6461 67669039297
6462 67694772907
6463 67709408857
6464 67721007787
6465 67725986677
6466 67737048007
6467 67741418737
6468 67758535837
6469 67770868717
6470 67781007727
6471 67788632617
6472 67799113507
6473 67807211107
6474 67834141087
6475 67850672707
6476 67856155177
6477 67860676057
6478 67873763047
6479 67880652937
6480 67882795567
6481 67912168267
6482 67924133857
6483 67945664317
6484 67965555517
6485 67975825987
6486 67984388107
6487 67995419407
6488 68001729067
6489 68014927567
6490 68019204427
6491 68051341987
6492 68057185237
6493 68074733257
6494 68078906167
6495 68083653217
6496 68096123647
6497 68125291177
6498 68135563537
6499 68160840817
6500 68162579197
6501 68164594777
6502 68193231637
6503 68199578257
6504 68200546357
6505 68201969107
6506 68220856927
6507 68269661347
6508 68275280527
6509 68293419907
6510 68330108377
6511 68374692637
6512 68378025757
6513 68384772217
6514 68426177707
6515 68433335137
6516 68459115157
6517 68476839787
6518 68483969497
6519 68489827657
6520 68489945467
6521 68517427327
6522 68539628737
6523 68540628967
6524 68575192237
6525 68580758287
6526 68581112767
6527 68611951267
6528 68616903907
6529 68621881957
6530 68666147437
6531 68707656877
6532 68753376817
6533 68767552027
6534 68785739917
6535 68786505367
6536 68806737817
6537 68810417437
6538 68827787377
6539 68838027607
6540 68859698767
6541 68882598007
6542 68930597497
6543 68932243267
6544 68972483677
6545 68972639287
6546 68982508867
6547 68984211337
6548 68991276787
6549 68991650587
6550 69004489777
6551 69007569217
6552 69011609197
6553 69013774927
6554 69034894207
6555 69039278167
6556 69053466397
6557 69069084517
6558 69070352707
6559 69090158227
6560 69142262587
6561 69173989597
6562 69226242847
6563 69229526617
6564 69241590277
6565 69255256657
6566 69280951627
6567 69304622197
6568 69314733067
6569 69331527817
6570 69340252687
6571 69370884757
6572 69408032917
6573 69421486357
6574 69428142727
6575 69435376597
6576 69440555617
6577 69453676417
6578 69460314097
6579 69477670387
6580 69493331977
6581 69508878067
6582 69520433107
6583 69532348927
6584 69540499657
6585 69542499067
6586 69544647577
6587 69552395317
6588 69589527097
6589 69590673067
6590 69597945997
6591 69629313697
6592 69633989977
6593 69634502797
6594 69635403697
6595 69666509317
6596 69669172747
6597 69675602527
6598 69696351157
6599 69698718487
6600 69712573027
6601 69723536287
6602 69752310907
6603 69781441897
6604 69782754397
6605 69785666047
6606 69790485757
6607 69852648907
6608 69853930957
6609 69873100387
6610 69886579657
6611 69901734307
6612 69910838857
6613 69916740067
6614 69923768347
6615 69924284527
6616 69944573047
6617 69949811287
6618 70001376157
6619 70020846937
6620 70028803837
6621 70045372207
6622 70046072137
6623 70057401637
6624 70077113917
6625 70080380467
6626 70109718307
6627 70114273627
6628 70119396157
6629 70127859157
6630 70132485877
6631 70156722397
6632 70164770227
6633 70170554677
6634 70182042517
6635 70192199167
6636 70198400677
6637 70203294517
6638 70206775267
6639 70246055767
6640 70283019337
6641 70293544957
6642 70304144077
6643 70331002867
6644 70356033607
6645 70376058157
6646 70386220897
6647 70399276807
6648 70416137707
6649 70417026847
6650 70437231577
6651 70484750587
6652 70504614067
6653 70569760897
6654 70570668517
6655 70575419347
6656 70623537697
6657 70636637707
6658 70643781277
6659 70649475427
6660 70662233557
6661 70698173797
6662 70753785997
6663 70787567437
6664 70803641257
6665 70809706057
6666 70816683517
6667 70832390257
6668 70835850637
6669 70838105617
6670 70850639257
6671 70861771567
6672 70871556307
6673 70882538257
6674 70914909337
6675 70929978517
6676 70958020867
6677 71035192297
6678 71035810117
6679 71045206357
6680 71045820397
6681 71057406517
6682 71058368737
6683 71121624307
6684 71123314177
6685 71138585587
6686 71149823737
6687 71152409677
6688 71229186097
6689 71231022757
6690 71235635827
6691 71245377937
6692 71279172187
6693 71290777417
6694 71308310527
6695 71309407567
6696 71317067527
6697 71325267187
6698 71330497867
6699 71330701357
6700 71335085527
6701 71365850317
6702 71399473417
6703 71404831567
6704 71427954667
6705 71433497407
6706 71441952217
6707 71446226557
6708 71447168197
6709 71451260047
6710 71465997007
6711 71489823397
6712 71494078207
6713 71510528977
6714 71516480587
6715 71527959397
6716 71561537137
6717 71574688177
6718 71604172807
6719 71609882077
6720 71613583957
6721 71618642857
6722 71626715047
6723 71634487147
6724 71644386757
6725 71651064757
6726 71662410217
6727 71718825037
6728 71722868797
6729 71732274067
6730 71741941627
6731 71763793807
6732 71778150667
6733 71780010217
6734 71795803897
6735 71799893437
6736 71804137117
6737 71839663447
6738 71839939807
6739 71854648627
6740 71864594437
6741 71890973377
6742 71892895507
6743 71913860647
6744 71939946427
6745 71963927797
6746 71980296247
6747 71981918077
6748 72012892657
6749 72022195237
6750 72037475677
6751 72050306677
6752 72058478407
6753 72061954957
6754 72131797597
6755 72149739367
6756 72150101197
6757 72155296387
6758 72157025527
6759 72172526467
6760 72200179687
6761 72206318407
6762 72212041537
6763 72216136117
6764 72232472437
6765 72238366087
6766 72238972567
6767 72252163927
6768 72258944617
6769 72267824257
6770 72276862237
6771 72279706897
6772 72296910727
6773 72300247837
6774 72331908277
6775 72343148737
6776 72367181977
6777 72391747777
6778 72402496207
6779 72417058657
6780 72417697267
6781 72424916017
6782 72435553357
6783 72439200007
6784 72445423147
6785 72454018447
6786 72490335007
6787 72505898737
6788 72528065497
6789 72538609597
6790 72555845767
6791 72560514067
6792 72561737527
6793 72588201937
6794 72597643747
6795 72634810597
6796 72653751757
6797 72656173687
6798 72661739317
6799 72704525347
6800 72712015627
6801 72730778287
6802 72731904517
6803 72738843757
6804 72742443997
6805 72750022057
6806 72764014777
6807 72770363917
6808 72776745397
6809 72782484487
6810 72797116027
6811 72816189487
6812 72860760097
6813 72869793037
6814 72890447797
6815 72911427217
6816 72922442767
6817 72933343657
6818 72939610477
6819 72955604077
6820 72956157007
6821 72970254937
6822 72979780327
6823 72991330117
6824 73022580217
6825 73028785717
6826 73030377517
6827 73054169047
6828 73062175717
6829 73065742567
6830 73079593117
6831 73084245457
6832 73119482197
6833 73130751427
6834 73167559177
6835 73169406127
6836 73180115077
6837 73183500487
6838 73222105207
6839 73222522267
6840 73226702947
6841 73231193797
6842 73257297007
6843 73279420927
6844 73296682087
6845 73369313107
6846 73372433077
6847 73377453967
6848 73382267587
6849 73384343437
6850 73390372327
6851 73406995297
6852 73423495417
6853 73458277297
6854 73504732657
6855 73542384187
6856 73562801017
6857 73563512917
6858 73574906677
6859 73626609097
6860 73628108287
6861 73662781597
6862 73684903417
6863 73687808137
6864 73692226957
6865 73709074837
6866 73709627347
6867 73719964387
6868 73729879957
6869 73731321607
6870 73736167777
6871 73745675737
6872 73747656877
6873 73755637507
6874 73797823987
6875 73816612687
6876 73860606217
6877 73938227257
6878 73947494977
6879 73948506337
6880 73991704597
6881 73993752727
6882 74004280237
6883 74043119737
6884 74056846597
6885 74118478867
6886 74146134187
6887 74152942807
6888 74193289267
6889 74200344847
6890 74201137597
6891 74220215467
6892 74246330437
6893 74270581657
6894 74275507837
6895 74275864837
6896 74286275797
6897 74289481027
6898 74309207377
6899 74318596477
6900 74341156777
6901 74353544257
6902 74380944217
6903 74394143767
6904 74398130617
6905 74411900737
6906 74435494867
6907 74438317687
6908 74444615797
6909 74452496467
6910 74461455697
6911 74518236967
6912 74529695827
6913 74544945187
6914 74553403357
6915 74559462067
6916 74563007917
6917 74580960397
6918 74613066877
6919 74623046077
6920 74628326947
6921 74661511357
6922 74661689227
6923 74664204607
6924 74678661637
6925 74691962617
6926 74695867777
6927 74713796737
6928 74713899847
6929 74721459217
6930 74734181227
6931 74746862287
6932 74748800167
6933 74771156347
6934 74832407467
6935 74844662017
6936 74854978057
6937 74874886897
6938 74875671457
6939 74889526837
6940 74897461267
6941 74903545807
6942 74904974857
6943 74910179077
6944 74935322377
6945 74944548307
6946 74944855537
6947 74949027607
6948 74965043887
6949 74974110847
6950 74987341057
6951 75018767557
6952 75026957767
6953 75031979917
6954 75035936527
6955 75113076667
6956 75132199267
6957 75177322387
6958 75191688277
6959 75209066827
6960 75245207617
6961 75250593487
6962 75281293177
6963 75297367417
6964 75314887927
6965 75320442007
6966 75345578167
6967 75368581357
6968 75382267057
6969 75402218527
6970 75404278837
6971 75404735167
6972 75433305037
6973 75454043377
6974 75480639457
6975 75494407057
6976 75497205727
6977 75507346627
6978 75511693837
6979 75515850997
6980 75529711837
6981 75533058187
6982 75563121367
6983 75566356417
6984 75572247337
6985 75581607457
6986 75586700587
6987 75606385567
6988 75617382007
6989 75627664237
6990 75638513047
6991 75640700407
6992 75655818517
6993 75669192997
6994 75684131977
6995 75708441157
6996 75724778527
6997 75726605947
6998 75745627537
6999 75767860237
7000 75770782177
7001 75777171637
7002 75799716397
7003 75799752307
7004 75832195837
7005 75841870327
7006 75845037547
7007 75880369837
7008 75883147927
7009 75885524707
7010 75898700947
7011 75919133107
7012 75928550767
7013 75944751007
7014 75977913367
7015 75984256207
7016 76002658087
7017 76033082677
7018 76034654947
7019 76047077917
7020 76051472587
7021 76064906497
7022 76077182887
7023 76083142897
7024 76098968497
7025 76118827777
7026 76136746447
7027 76149511717
7028 76162249057
7029 76170032287
7030 76234821067
7031 76246798207
7032 76250079667
7033 76262195407
7034 76263992797
7035 76271412307
7036 76271430787
7037 76275719407
7038 76277106667
7039 76280180227
7040 76280901787
7041 76282843447
7042 76290654607
7043 76312610107
7044 76315831717
7045 76321807477
7046 76326816607
7047 76341042847
7048 76351835377
7049 76355570647
7050 76372806397
7051 76374813787
7052 76376733607
7053 76392061297
7054 76415244457
7055 76422044047
7056 76438978657
7057 76445383447
7058 76449276847
7059 76477202437
7060 76562714857
7061 76573705837
7062 76580760787
7063 76592703277
7064 76595754787
7065 76630408567
7066 76647687157
7067 76655186467
7068 76666319827
7069 76669896757
7070 76673821657
7071 76679174977
7072 76716499957
7073 76735224607
7074 76761039067
7075 76765825177
7076 76768318717
7077 76769637937
7078 76776475537
7079 76786739917
7080 76790909467
7081 76806527377
7082 76823256607
7083 76828404547
7084 76875514477
7085 76877778067
7086 76882129057
7087 76884534817
7088 76900051087
7089 76903412137
7090 76966484587
7091 76969412407
7092 76989182437
7093 76999205737
7094 77026096237
7095 77036394427
7096 77061382747
7097 77076737317
7098 77092366987
7099 77141017897
7100 77167622167
7101 77228505787
7102 77232151807
7103 77263179937
7104 77275503577
7105 77276724517
7106 77285988877
7107 77315093617
7108 77327299447
7109 77372660917
7110 77375846827
7111 77382194287
7112 77386948267
7113 77415470257
7114 77445139897
7115 77451014227
7116 77451327127
7117 77472671527
7118 77501517547
7119 77511088087
7120 77528984707
7121 77541426367
7122 77556919537
7123 77558401507
7124 77570815447
7125 77581285417
7126 77585574877
7127 77599287037
7128 77599403797
7129 77613669307
7130 77622647227
7131 77633730607
7132 77635824517
7133 77637045037
7134 77651464057
7135 77737173247
7136 77738553787
7137 77739685477
7138 77740344037
7139 77741303737
7140 77742696667
7141 77751563287
7142 77763730477
7143 77765344747
7144 77770224937
7145 77770983877
7146 77778620317
7147 77800268587
7148 77848772917
7149 77859129697
7150 77861505427
7151 77865197227
7152 77867383537
7153 77878142467
7154 77889623167
7155 77891426017
7156 77896645357
7157 77943383797
7158 77946837247
7159 77955033967
7160 77963123587
7161 77965205947
7162 77991221167
7163 78007183477
7164 78017674447
7165 78028316407
7166 78047547157
7167 78064558207
7168 78073519957
7169 78074811037
7170 78076568737
7171 78082371457
7172 78089121697
7173 78124928797
7174 78143225047
7175 78147702037
7176 78153437767
7177 78164519887
7178 78192143917
7179 78194624857
7180 78214457677
7181 78232567867
7182 78249146737
7183 78263941027
7184 78274605037
7185 78289244977
7186 78335015107
7187 78383350597
7188 78385154707
7189 78388198237
7190 78421114477
7191 78438126577
7192 78445679227
7193 78478918867
7194 78511242697
7195 78515597257
7196 78522480847
7197 78543697147
7198 78569818417
7199 78572397637
7200 78577587157
7201 78604511257
7202 78610523347
7203 78630438697
7204 78630748237
7205 78635386717
7206 78646552207
7207 78681415987
7208 78682069717
7209 78689159947
7210 78704775547
7211 78732765817
7212 78735867097
7213 78763710577
7214 78767807467
7215 78772088107
7216 78815862397
7217 78844229197
7218 78848285767
7219 78867753187
7220 78875798917
7221 78886941307
7222 78896892787
7223 78901754287
7224 78910952707
7225 78938291557
7226 78956906377
7227 78974987797
7228 78980761957
7229 78992390287
7230 79004640427
7231 79026595717
7232 79034734057
7233 79036133707
7234 79041207517
7235 79056172957
7236 79057736827
7237 79093334137
7238 79109330467
7239 79122216907
7240 79123720927
7241 79163910097
7242 79170103417
7243 79174551007
7244 79183357987
7245 79194947467
7246 79197021847
7247 79197418117
7248 79197863737
7249 79198449427
7250 79211376187
7251 79212417997
7252 79231109047
7253 79249792747
7254 79254658657
7255 79286636827
7256 79293109447
7257 79313481337
7258 79332797977
7259 79361604727
7260 79367371537
7261 79376009887
7262 79384638787
7263 79391954557
7264 79435207207
7265 79446238507
7266 79488842887
7267 79496726707
7268 79505397607
7269 79524348847
7270 79557771187
7271 79563578527
7272 79572459217
7273 79573248187
7274 79577504257
7275 79580647957
7276 79584162727
7277 79618795507
7278 79639958467
7279 79646837857
7280 79666240597
7281 79667903587
7282 79709888887
7283 79770537937
7284 79824982327
7285 79831236757
7286 79841478247
7287 79844519467
7288 79863258187
7289 79871658397
7290 79875030997
7291 79894022557
7292 79902716347
7293 79920288727
7294 79936671247
7295 79939467187
7296 79943500447
7297 79985691547
7298 80015257237
7299 80022990907
7300 80037966637
7301 80038813567
7302 80103865477
7303 80113973827
7304 80119073257
7305 80144528407
7306 80169704047
7307 80171540077
7308 80178576547
7309 80181446617
7310 80200567537
7311 80201418877
7312 80212067977
7313 80217725167
7314 80226916657
7315 80268431977
7316 80274614587
7317 80328875437
7318 80338800667
7319 80360572417
7320 80363132737
7321 80399635357
7322 80408398657
7323 80434229917
7324 80439327037
7325 80481516877
7326 80484383797
7327 80485864087
7328 80488107517
7329 80511751417
7330 80514604267
7331 80547717067
7332 80592840187
7333 80609133877
7334 80610364267
7335 80625241507
7336 80633807197
7337 80639690767
7338 80658357667
7339 80661420937
7340 80669815477
7341 80712534307
7342 80733042277
7343 80742894637
7344 80832067357
7345 80847289417
7346 80861419267
7347 80863953337
7348 80883793087
7349 80895220447
7350 80907658537
7351 80923605937
7352 80948979817
7353 80957820397
7354 80988921187
7355 81008979757
7356 81010192717
7357 81011955247
7358 81013344817
7359 81015278287
7360 81023938267
7361 81032136457
7362 81041882557
7363 81043181617
7364 81051278587
7365 81054147397
7366 81078007597
7367 81081570667
7368 81088714237
7369 81112507237
7370 81117577897
7371 81126782827
7372 81160687957
7373 81165317407
7374 81172576477
7375 81179369977
7376 81202790017
7377 81205739047
7378 81207770377
7379 81219974107
7380 81220055167
7381 81221878597
7382 81227956627
7383 81234700357
7384 81241906297
7385 81244398997
7386 81248042917
7387 81270227317
7388 81271444687
7389 81276431767
7390 81287863747
7391 81295616107
7392 81300291967
7393 81318351547
7394 81340580677
7395 81348358447
7396 81353682577
7397 81382575007
7398 81407297677
7399 81407907937
7400 81468158407
7401 81480145837
7402 81482185777
7403 81489530527
7404 81507404047
7405 81534840967
7406 81548283067
7407 81556577017
7408 81562725187
7409 81585262387
7410 81622689217
7411 81656428027
7412 81695842297
7413 81761438107
7414 81767223817
7415 81769372117
7416 81774368227
7417 81775034977
7418 81812063227
7419 81815590387
7420 81823395877
7421 81828096937
7422 81830652847
7423 81835797217
7424 81863797567
7425 81866299507
7426 81877466257
7427 81913484827
7428 81938861227
7429 81940573147
7430 81954949117
7431 81987828817
7432 81998473087
7433 82007777767
7434 82015756717
7435 82020855727
7436 82038416557
7437 82040390347
7438 82065119947
7439 82080519877
7440 82082880697
7441 82110827077
7442 82133510857
7443 82137295057
7444 82156729927
7445 82183797457
7446 82210111717
7447 82237268287
7448 82237740577
7449 82268103007
7450 82315937437
7451 82318919857
7452 82320310477
7453 82340619997
7454 82349634457
7455 82349869237
7456 82350212377
7457 82356984877
7458 82358223037
7459 82363447207
7460 82379935987
7461 82414304377
7462 82425574867
7463 82445484757
7464 82464525037
7465 82479370147
7466 82524498307
7467 82528516657
7468 82530683227
7469 82554995977
7470 82560234007
7471 82618351087
7472 82633037017
7473 82642535737
7474 82642720747
7475 82648549717
7476 82656151927
7477 82664752057
7478 82676372407
7479 82708140787
7480 82710515467
7481 82718901817
7482 82720299577
7483 82720793707
7484 82734480457
7485 82734670297
7486 82735516597
7487 82747667407
7488 82751530567
7489 82772532247
7490 82783512517
7491 82795958797
7492 82814455177
7493 82826488177
7494 82835874757
7495 82911228217
7496 82911230527
7497 82916143897
7498 82918085137
7499 82930405627
7500 82949400967
7501 82957348207
7502 82958078377
7503 82970495887
7504 82995778627
7505 83028609607
7506 83036534167
7507 83052595387
7508 83071309957
7509 83094421297
7510 83120523247
7511 83125420237
7512 83131923307
7513 83132507737
7514 83139734257
7515 83160669997
7516 83161431247
7517 83178227047
7518 83191322647
7519 83234459377
7520 83238811207
7521 83283353047
7522 83284817167
7523 83295701887
7524 83313498127
7525 83313700357
7526 83384104537
7527 83384984857
7528 83385862657
7529 83408455297
7530 83415136237
7531 83430380767
7532 83433158437
7533 83460158137
7534 83465828977
7535 83472599377
7536 83479270867
7537 83489502907
7538 83494555087
7539 83499760777
7540 83508830677
7541 83524229137
7542 83529240787
7543 83530869337
7544 83531521807
7545 83568139087
7546 83569223317
7547 83584047637
7548 83596018267
7549 83601703177
7550 83614667947
7551 83683175617
7552 83703975067
7553 83714224537
7554 83717219137
7555 83742143197
7556 83751966577
7557 83772528727
7558 83778723307
7559 83787128977
7560 83790393217
7561 83791843897
7562 83799987907
7563 83827676827
7564 83830295947
7565 83848137547
7566 83859854707
7567 83862154627
7568 83893215937
7569 83910049117
7570 83936992957
7571 83945667847
7572 83962437187
7573 83965853887
7574 83969675677
7575 83982378367
7576 83987339197
7577 83998401577
7578 84001000537
7579 84012198157
7580 84039845707
7581 84056551207
7582 84069128317
7583 84091166557
7584 84100557127
7585 84103102537
7586 84119022847
7587 84128248147
7588 84150557077
7589 84202722337
7590 84205884937
7591 84209176687
7592 84217389787
7593 84222994897
7594 84247738567
7595 84288384277
7596 84292607797
7597 84297619657
7598 84313194727
7599 84342116137
7600 84342865417
7601 84361277587
7602 84362975227
7603 84406234807
7604 84409293247
7605 84424997467
7606 84470625637
7607 84501719707
7608 84515088727
7609 84529223407
7610 84529472887
7611 84544385197
7612 84561435307
7613 84568250857
7614 84577798297
7615 84588105727
7616 84622270627
7617 84642369727
7618 84656168407
7619 84670554037
7620 84717999127
7621 84720677677
7622 84744119347
7623 84744875767
7624 84747407737
7625 84750327367
7626 84798853537
7627 84819748957
7628 84823092787
7629 84830947837
7630 84861451387
7631 84867908677
7632 84899025847
7633 84929268157
7634 84937867237
7635 84939923347
7636 84945340297
7637 84948765607
7638 84981703057
7639 85002063187
7640 85029590197
7641 85041859027
7642 85053491977
7643 85089837727
7644 85097664007
7645 85130373607
7646 85140124957
7647 85146551377
7648 85163844037
7649 85165336507
7650 85182544537
7651 85194376357
7652 85194927397
7653 85212258487
7654 85233502297
7655 85235636737
7656 85236543517
7657 85240638937
7658 85246462657
7659 85246558207
7660 85252697347
7661 85258287547
7662 85265035897
7663 85268187997
7664 85271901427
7665 85281075697
7666 85281595027
7667 85313202967
7668 85328290627
7669 85365307117
7670 85376157397
7671 85404203107
7672 85428645007
7673 85460346607
7674 85466245087
7675 85489848667
7676 85495421647
7677 85514075737
7678 85528016797
7679 85543403707
7680 85552144957
7681 85568967427
7682 85575742657
7683 85577888437
7684 85600058977
7685 85606978267
7686 85645156687
7687 85665848617
7688 85685180167
7689 85695466387
7690 85705884487
7691 85706260807
7692 85733904787
7693 85741691587
7694 85744925797
7695 85751697667
7696 85770905317
7697 85795916737
7698 85798333207
7699 85812917077
7700 85850301067
7701 85865838127
7702 85886415607
7703 85895879467
7704 85934900407
7705 85952042707
7706 85953858157
7707 85954725667
7708 85959819217
7709 85970114047
7710 85973834197
7711 85976490697
7712 86008841197
7713 86033842117
7714 86034930337
7715 86041497247
7716 86044424017
7717 86055197857
7718 86059223347
7719 86061210787
7720 86062843117
7721 86098984327
7722 86135643817
7723 86141459347
7724 86147525197
7725 86164729237
7726 86183389417
7727 86193026737
7728 86207162677
7729 86248848937
7730 86274176617
7731 86279650267
7732 86288709037
7733 86291895787
7734 86294292517
7735 86294844397
7736 86300592727
7737 86337416437
7738 86352323917
7739 86352353947
7740 86354867227
7741 86360904727
7742 86368564687
7743 86384972407
7744 86409198637
7745 86441836837
7746 86475685057
7747 86491773997
7748 86496850537
7749 86515377577
7750 86523429397
7751 86549736727
7752 86555563807
7753 86560467937
7754 86600160457
7755 86617674877
7756 86624813827
7757 86643599167
7758 86652259147
7759 86653884127
7760 86657010607
7761 86658389677
7762 86665594777
7763 86703089647
7764 86715981757
7765 86718001537
7766 86726072887
7767 86788415167
7768 86819524147
7769 86846738257
7770 86851459687
7771 86854243237
7772 86873820487
7773 86875528837
7774 86901808447
7775 86926124557
7776 86938987897
7777 86951043577
7778 86956074967
7779 86979721177
7780 86995021567
7781 87012695167
7782 87017183707
7783 87027633097
7784 87033820327
7785 87041766937
7786 87042845287
7787 87044723317
7788 87059132047
7789 87083665297
7790 87109272067
7791 87111818737
7792 87131097787
7793 87133216057
7794 87142855897
7795 87155363287
7796 87172989847
7797 87179173717
7798 87203319097
7799 87219236047
7800 87244990237
7801 87248998087
7802 87253109887
7803 87269855077
7804 87357764437
7805 87361364677
7806 87367025017
7807 87392362147
7808 87403158247
7809 87412969867
7810 87417199267
7811 87476513347
7812 87489617767
7813 87493680217
7814 87526619767
7815 87548789677
7816 87556351777
7817 87565580017
7818 87566418757
7819 87608622457
7820 87609418987
7821 87613918027
7822 87641909347
7823 87658421437
7824 87672696817
7825 87675325597
7826 87687670657
7827 87700789987
7828 87701029177
7829 87723913087
7830 87738167047
7831 87741670057
7832 87744108157
7833 87755334757
7834 87771829417
7835 87779767837
7836 87804577027
7837 87833567737
7838 87834884227
7839 87843613927
7840 87852896767
7841 87853507867
7842 87858322957
7843 87876800647
7844 87888200287
7845 87894103387
7846 87908530807
7847 87932160847
7848 87937235917
7849 87964447927
7850 88003810327
7851 88035677827
7852 88042478257
7853 88059081277
7854 88081847587
7855 88112499187
7856 88115408737
7857 88130096767
7858 88145512447
7859 88174757257
7860 88189378087
7861 88196722837
7862 88246922707
7863 88260562207
7864 88285930627
7865 88293210277
7866 88300381987
7867 88329605587
7868 88332689437
7869 88345742197
7870 88357104877
7871 88359100717
7872 88361903797
7873 88372153267
7874 88424732647
7875 88435156207
7876 88455865357
7877 88467036727
7878 88468506937
7879 88469021227
7880 88470045607
7881 88477498507
7882 88488531487
7883 88498306987
7884 88509926497
7885 88515369067
7886 88527773767
7887 88542278047
7888 88542382207
7889 88554992287
7890 88556340277
7891 88565047927
7892 88572483817
7893 88587500917
7894 88603835137
7895 88640604457
7896 88683296827
7897 88687480237
7898 88781218567
7899 88783372537
7900 88783540117
7901 88796133187
7902 88810219777
7903 88821002857
7904 88825447297
7905 88855862647
7906 88860631747
7907 88863566917
7908 88871895517
7909 88886853817
7910 88893451177
7911 88906348117
7912 88909677667
7913 88911366487
7914 88952990167
7915 89025364777
7916 89046447307
7917 89054705137
7918 89095792057
7919 89097845647
7920 89125975567
7921 89137268107
7922 89149968487
7923 89160974797
7924 89162307457
7925 89184179797
7926 89207699167
7927 89254603717
7928 89255788537
7929 89259618727
7930 89276497897
7931 89285919127
7932 89316277147
7933 89327665237
7934 89347853587
7935 89359585867
7936 89365512487
7937 89367011467
7938 89377576147
7939 89381838097
7940 89421470767
7941 89423404237
7942 89432741257
7943 89441863867
7944 89489274097
7945 89541656917
7946 89554936057
7947 89569434667
7948 89584939387
7949 89591947717
7950 89595741787
7951 89603674327
7952 89612746117
7953 89619530587
7954 89621052877
7955 89634040747
7956 89661166027
7957 89683147987
7958 89701563307
7959 89705051197
7960 89707437217
7961 89709003607
7962 89740677067
7963 89743373887
7964 89755001377
7965 89757291847
7966 89800609177
7967 89810330497
7968 89812647637
7969 89830255507
7970 89869200007
7971 89880028867
7972 89893647577
7973 89914571557
7974 89914864927
7975 89940450697
7976 89941137817
7977 89961741757
7978 90014891497
7979 90026242837
7980 90036023167
7981 90050706787
7982 90075703297
7983 90087155437
7984 90087845917
7985 90093011077
7986 90108019357
7987 90118719277
7988 90120054247
7989 90123348307
7990 90136695277
7991 90155382127
7992 90160782067
7993 90169136917
7994 90176049907
7995 90224941057
7996 90228321637
7997 90254881807
7998 90282389287
7999 90335352967
8000 90341294497
8001 90344839297
8002 90357761227
8003 90359985757
8004 90360269887
8005 90364762837
8006 90396592327
8007 90420002077
8008 90434588677
8009 90442061107
8010 90450779047
8011 90454634437
8012 90503087947
8013 90571455967
8014 90573564787
8015 90588893947
8016 90593581357
8017 90608287657
8018 90641655817
8019 90641694877
8020 90652321927
8021 90657085147
8022 90661065487
8023 90716008837
8024 90720095227
8025 90728899897
8026 90762532447
8027 90767108557
8028 90799462207
8029 90836860057
8030 90873619927
8031 90962219977
8032 90970843417
8033 90971080087
8034 90978229747
8035 90988432807
8036 90990776407
8037 90994401847
8038 91041216517
8039 91046579077
8040 91093446667
8041 91103566987
8042 91111633507
8043 91117087417
8044 91151508727
8045 91160441077
8046 91168243207
8047 91179897157
8048 91186822537
8049 91191224347
8050 91201277257
8051 91218800077
8052 91257301897
8053 91261290217
8054 91272068467
8055 91282616137
8056 91336376767
8057 91373580577
8058 91412843647
8059 91424620867
8060 91460570557
8061 91477642507
8062 91546629607
8063 91555693627
8064 91560085147
8065 91563083527
8066 91584397897
8067 91600937707
8068 91610117227
8069 91611289867
8070 91639699507
8071 91642679197
8072 91661606287
8073 91662136117
8074 91662918157
8075 91665556387
8076 91673739247
8077 91676953717
8078 91680478987
8079 91704314407
8080 91709504977
8081 91714380337
8082 91719487957
8083 91725403867
8084 91733106457
8085 91774105597
8086 91779447577
8087 91799678557
8088 91813169797
8089 91835103457
8090 91839726607
8091 91876714747
8092 91911954847
8093 91928387137
8094 91937869477
8095 91971706357
8096 91997934097
8097 92005910527
8098 92031759217
8099 92032170817
8100 92069345647
8101 92119200067
8102 92122698247
8103 92123563237
8104 92137999897
8105 92146567687
8106 92165845687
8107 92198428237
8108 92251654207
8109 92255659537
8110 92291254327
8111 92298867247
8112 92299420387
8113 92302718857
8114 92315606557
8115 92323456987
8116 92329705327
8117 92345616817
8118 92371224217
8119 92378640787
8120 92430011617
8121 92430043957
8122 92431671457
8123 92438714227
8124 92450573767
8125 92470458667
8126 92473451167
8127 92491802857
8128 92492657347
8129 92499054997
8130 92515575277
8131 92517411517
8132 92536579687
8133 92558395327
8134 92585010097
8135 92586784177
8136 92597474857
8137 92612306317
8138 92613347077
8139 92616016387
8140 92622434617
8141 92636707897
8142 92636835997
8143 92646535897
8144 92661843007
8145 92673731737
8146 92687593627
8147 92692174567
8148 92699707267
8149 92714098567
8150 92722790047
8151 92731655827
8152 92769208657
8153 92769603457
8154 92770060837
8155 92795454667
8156 92810930617
8157 92811987547
8158 92820567727
8159 92835220057
8160 92839925527
8161 92853679267
8162 92858309767
8163 92866103917
8164 92868211687
8165 92879557357
8166 92891644117
8167 92919947707
8168 92930844817
8169 92970947887
8170 92991752587
8171 93004024567
8172 93020412757
8173 93035337667
8174 93038607577
8175 93049794697
8176 93064607887
8177 93066326527
8178 93088240237
8179 93089954047
8180 93095897887
8181 93126445327
8182 93129157477
8183 93162421267
8184 93165564127
8185 93180011917
8186 93182178487
8187 93208790947
8188 93210046327
8189 93230593987
8190 93237857887
8191 93238373857
8192 93243035647
8193 93255128497
8194 93256860787
8195 93259457647
8196 93293937547
8197 93316437157
8198 93322014337
8199 93337352737
8200 93343518127
8201 93352341487
8202 93375582187
8203 93378527647
8204 93495691687
8205 93505211617
8206 93524490877
8207 93526106617
8208 93538781587
8209 93551794867
8210 93560862667
8211 93588773557
8212 93590018647
8213 93601006897
8214 93614362477
8215 93628015837
8216 93628306687
8217 93639109297
8218 93644282647
8219 93649607407
8220 93653422267
8221 93656820067
8222 93670718497
8223 93683313457
8224 93732151687
8225 93736848757
8226 93780919147
8227 93785093527
8228 93796988557
8229 93810937387
8230 93853760167
8231 93858948637
8232 93872223997
8233 93880087657
8234 93881009137
8235 93918126007
8236 93939777847
8237 94003591807
8238 94030945357
8239 94055051257
8240 94071311557
8241 94100701687
8242 94127321917
8243 94130842357
8244 94147121347
8245 94150151647
8246 94179303847
8247 94213078357
8248 94219559377
8249 94220758267
8250 94225229167
8251 94274832007
8252 94276422337
8253 94284800707
8254 94285693627
8255 94307777017
8256 94316016787
8257 94323604087
8258 94336784947
8259 94362976567
8260 94368435517
8261 94392157957
8262 94398796897
8263 94406041897
8264 94407541087
8265 94418322067
8266 94420394137
8267 94421674927
8268 94427869297
8269 94478275597
8270 94493757637
8271 94497124357
8272 94499129437
8273 94516606897
8274 94524618817
8275 94541113477
8276 94548585487
8277 94572778117
8278 94586747527
8279 94588732867
8280 94607246467
8281 94608270007
8282 94655744077
8283 94658810497
8284 94669375387
8285 94676590357
8286 94690061017
8287 94703484427
8288 94720452637
8289 94752624217
8290 94753889047
8291 94758497287
8292 94766607697
8293 94770025237
8294 94786787857
8295 94795730917
8296 94819705147
8297 94846144567
8298 94854101467
8299 94860988627
8300 94861777177
8301 94885708987
8302 94892747347
8303 94904185417
8304 94925965357
8305 94950730867
8306 94956659377
8307 94957867717
8308 94961662837
8309 94986606427
8310 94998051007
8311 95008597417
8312 95024654437
8313 95029257217
8314 95040560047
8315 95045804587
8316 95101031017
8317 95103304057
8318 95103813517
8319 95113161037
8320 95153762647
8321 95160273277
8322 95160353917
8323 95161105927
8324 95213101717
8325 95213323477
8326 95230680817
8327 95285671837
8328 95290420987
8329 95294465797
8330 95294779747
8331 95314299247
8332 95329688677
8333 95383996567
8334 95396297527
8335 95404075297
8336 95405635597
8337 95407989487
8338 95422043527
8339 95432495017
8340 95433702307
8341 95451624127
8342 95453321137
8343 95459156197
8344 95466860887
8345 95491750087
8346 95496866737
8347 95516372587
8348 95537639287
8349 95541307567
8350 95560390477
8351 95604455197
8352 95606313697
8353 95655014167
8354 95666712847
8355 95667493837
8356 95692634617
8357 95699026597
8358 95713095757
8359 95720723377
8360 95736615967
8361 95750873497
8362 95783335717
8363 95801728147
8364 95803881907
8365 95823226897
8366 95840489737
8367 95870520997
8368 95881552297
8369 95889490507
8370 95945100607
8371 95957914177
8372 95985280747
8373 96010634887
8374 96018707497
8375 96022284427
8376 96024097567
8377 96028539697
8378 96039527527
8379 96076180087
8380 96099697147
8381 96105958297
8382 96128751067
8383 96135967507
8384 96143649517
8385 96166271557
8386 96178975297
8387 96180881887
8388 96184965967
8389 96212815327
8390 96243936067
8391 96247196317
8392 96254474077
8393 96257445997
8394 96277778407
8395 96285914437
8396 96319537537
8397 96338426407
8398 96351839317
8399 96355651027
8400 96356005297
8401 96389537677
8402 96393436957
8403 96423362797
8404 96426115057
8405 96457127857
8406 96475852927
8407 96478201987
8408 96486134737
8409 96493997767
8410 96509875867
8411 96521150977
8412 96548553457
8413 96560414047
8414 96622036867
8415 96623840767
8416 96633897247
8417 96644259067
8418 96682259617
8419 96690744037
8420 96702584257
8421 96736719967
8422 96750571987
8423 96762937627
8424 96789049447
8425 96816920017
8426 96824577247
8427 96852277927
8428 96924520867
8429 96942900277
8430 96947183227
8431 96950138557
8432 96994350907
8433 97020970297
8434 97027529227
8435 97043556427
8436 97055128267
8437 97083736567
8438 97095430837
8439 97118007517
8440 97119464077
8441 97154090767
8442 97163088427
8443 97163849677
8444 97177822447
8445 97179375187
8446 97190520517
8447 97197140137
8448 97197924277
8449 97219321597
8450 97236244657
8451 97367556817
8452 97377346597
8453 97392968077
8454 97415895667
8455 97493858377
8456 97499075617
8457 97502542717
8458 97509432187
8459 97531534687
8460 97532693887
8461 97564389817
8462 97568933587
8463 97575973207
8464 97583377597
8465 97631058517
8466 97646921077
8467 97665224467
8468 97678862917
8469 97699403437
8470 97704540667
8471 97734502417
8472 97750546627
8473 97751967487
8474 97753156087
8475 97767365737
8476 97799942827
8477 97813631677
8478 97830437977
8479 97831508767
8480 97835627707
8481 97837478017
8482 97839151297
8483 97847205007
8484 97851331927
8485 97851916567
8486 97885527907
8487 97886381767
8488 97887537817
8489 97918083157
8490 97919279527
8491 97924072777
8492 97950349027
8493 97972099987
8494 97975700227
8495 98011204927
8496 98015367547
8497 98031541957
8498 98053964077
8499 98071104487
8500 98114615227
8501 98132430157
8502 98143667257
8503 98152596247
8504 98157416167
8505 98170482577
8506 98193890227
8507 98200765837
8508 98208206347
8509 98217764917
8510 98234774497
8511 98311628407
8512 98312567527
8513 98322082207
8514 98340572917
8515 98340792367
8516 98410867267
8517 98411821087
8518 98429981047
8519 98449038757
8520 98479283797
8521 98517720937
8522 98561032387
8523 98568023287
8524 98574579277
8525 98581838347
8526 98585286967
8527 98600211877
8528 98604386467
8529 98606499907
8530 98615282527
8531 98630441797
8532 98639726737
8533 98663198857
8534 98667954097
8535 98698256467
8536 98719508467
8537 98744222107
8538 98759060497
8539 98776475377
8540 98844897787
8541 98854521037
8542 98857064557
8543 98860206157
8544 98878910227
8545 98921667277
8546 98941031587
8547 98970954487
8548 98973903307
8549 98987534407
8550 98988254077
8551 98998186867
8552 99001563247
8553 99003400537
8554 99040059187
8555 99047348497
8556 99052625797
8557 99071828617
8558 99087515617
8559 99100633267
8560 99103415767
8561 99112092967
8562 99112178437
8563 99115150357
8564 99118527367
8565 99131036227
8566 99183840307
8567 99193715977
8568 99195868687
8569 99210479437
8570 99210748447
8571 99231202237
8572 99233528617
8573 99247813657
8574 99261286837
8575 99262851547
8576 99285100627
8577 99288706327
8578 99296004877
8579 99316533847
8580 99353108077
8581 99401085727
8582 99409622437
8583 99410132737
8584 99423151897
8585 99434883127
8586 99441849037
8587 99461890597
8588 99475348867
8589 99482621587
8590 99485095807
8591 99486425317
8592 99510056407
8593 99514241077
8594 99526867327
8595 99542813467
8596 99551540437
8597 99555477727
8598 99582499057
8599 99596108737
8600 99599168017
8601 99622370917
8602 99643932457
8603 99655448017
8604 99657321217
8605 99664085107
8606 99677385877
8607 99687685957
8608 99688186177
8609 99702104137
8610 99711473497
8611 99740106997
8612 99741303577
8613 99749190127
8614 99777618037
8615 99789405757
8616 99813913597
8617 99814950997
8618 99829806607
8619 99842086567
8620 99853159657
8621 99880444117
8622 99881282857
8623 99902561107
8624 99925305577
8625 99990290497
8626 99998911417
8627 100006222567
8628 100044906877
8629 100062897157
8630 100079478127
8631 100092597877
8632 100114908067
8633 100119880027
8634 100120852537
8635 100125360607
8636 100132406107
8637 100135739437
8638 100154302597
8639 100193729677
8640 100212668317
8641 100219658167
8642 100225797307
8643 100232146237
8644 100237687717
8645 100241903677
8646 100255323517
8647 100273432657
8648 100289804887
8649 100295430997
8650 100386480907
8651 100396822777
8652 100399072717
8653 100419803917
8654 100424712457
8655 100438452547
8656 100463579467
8657 100517857537
8658 100529272297
8659 100535193037
8660 100537123777
8661 100551293737
8662 100559290957
8663 100560928537
8664 100562989057
8665 100565639887
8666 100578793027
8667 100613062717
8668 100620773707
8669 100624970977
8670 100649604817
8671 100654864897
8672 100664924947
8673 100675168327
8674 100687604107
8675 100712672647
8676 100714241977
8677 100715294077
8678 100737952027
8679 100744499407
8680 100744660057
8681 100745118907
8682 100753110037
8683 100805088607
8684 100819003837
8685 100856383207
8686 100874666017
8687 100875244357
8688 100880694907
8689 100929660187
8690 100932519547
8691 100958941537
8692 100968386917
8693 100973494327
8694 100999141417
8695 101018931187
8696 101019545437
8697 101065117327
8698 101088791257
8699 101115661177
8700 101141173867
8701 101171277787
8702 101173339357
8703 101213005837
8704 101236642597
8705 101259724327
8706 101271515617
8707 101279830777
8708 101283315307
8709 101313088687
8710 101320539907
8711 101323915867
8712 101330576437
8713 101340671137
8714 101412713527
8715 101421849157
8716 101433809287
8717 101447299897
8718 101449373017
8719 101454708067
8720 101463747097
8721 101484498877
8722 101493242017
8723 101503959367
8724 101526210547
8725 101526271657
8726 101542709617
8727 101542712977
8728 101578033087
8729 101588422207
8730 101594165077
8731 101610005587
8732 101657911627
8733 101681664517
8734 101729289367
8735 101747345587
8736 101792854057
8737 101848591837
8738 101850310267
8739 101850999067
8740 101852007067
8741 101865833887
8742 101882667697
8743 101891301217
8744 101897243797
8745 101901331447
8746 101903565217
8747 101906826937
8748 101907215227
8749 101908551457
8750 101917623877
8751 101945349757
8752 101960384287
8753 101974836697
8754 101989298767
8755 102009121927
8756 102012847747
8757 102023015317
8758 102024170527
8759 102024529417
8760 102038580097
8761 102047944627
8762 102057260857
8763 102061361107
8764 102062109967
8765 102071746867
8766 102086846497
8767 102087541597
8768 102095125537
8769 102106950217
8770 102121664917
8771 102150125167
8772 102167093377
8773 102181419157
8774 102230495947
8775 102245911837
8776 102264107497
8777 102270865507
8778 102278445667
8779 102278530297
8780 102278748487
8781 102286228267
8782 102316447687
8783 102339660877
8784 102341479057
8785 102368540707
8786 102370430287
8787 102389136667
8788 102404195347
8789 102456758137
8790 102525763927
8791 102530616817
8792 102547164607
8793 102554320147
8794 102556940527
8795 102565268077
8796 102585172507
8797 102585507457
8798 102604267807
8799 102607137037
8800 102612788557
8801 102639166027
8802 102663039877
8803 102666465817
8804 102702029527
8805 102706363927
8806 102708801187
8807 102740460997
8808 102771827437
8809 102809403787
8810 102832743187
8811 102846410197
8812 102858717667
8813 102879190147
8814 102886799287
8815 102897404707
8816 102908327437
8817 102929807077
8818 102938725987
8819 102946899817
8820 102955378567
8821 102994551757
8822 103010001037
8823 103015168507
8824 103020720697
8825 103068664327
8826 103093111477
8827 103143083497
8828 103156742317
8829 103164103447
8830 103178120317
8831 103195390927
8832 103210422307
8833 103228750057
8834 103232189647
8835 103232551057
8836 103250631427
8837 103297241137
8838 103316547277
8839 103323478117
8840 103323934657
8841 103326901537
8842 103344186217
8843 103375141687
8844 103402815277
8845 103405370137
8846 103411210027
8847 103422351157
8848 103422804757
8849 103423745977
8850 103429363897
8851 103443076267
8852 103452685867
8853 103459077427
8854 103459616077
8855 103468555357
8856 103469369737
8857 103474127287
8858 103475673937
8859 103493177647
8860 103496548147
8861 103497328927
8862 103514731207
8863 103529791357
8864 103532779237
8865 103537155847
8866 103584779647
8867 103590164257
8868 103606354207
8869 103620722197
8870 103629528127
8871 103641702877
8872 103657207387
8873 103666635967
8874 103692893527
8875 103714548517
8876 103748950297
8877 103755420397
8878 103792997377
8879 103805616907
8880 103806030397
8881 103831525867
8882 103834864867
8883 103838168167
8884 103839042397
8885 103839931747
8886 103846014187
8887 103858506877
8888 103892172817
8889 103922327137
8890 103965660427
8891 103979499847
8892 104004152167
8893 104014226077
8894 104033023807
8895 104043952417
8896 104048924377
8897 104049975847
8898 104059291867
8899 104066748337
8900 104085147697
8901 104100018427
8902 104102643637
8903 104113468087
8904 104116245967
8905 104131696297
8906 104157086767
8907 104177864377
8908 104283093907
8909 104323513027
8910 104336417947
8911 104378159647
8912 104407226377
8913 104411348677
8914 104458200097
8915 104506316347
8916 104517870547
8917 104528644807
8918 104530130977
8919 104534194477
8920 104571416347
8921 104586184597
8922 104586523747
8923 104613242467
8924 104635769587
8925 104638344397
8926 104647733077
8927 104667140437
8928 104674251037
8929 104680812277
8930 104722856587
8931 104731977937
8932 104734294657
8933 104743744867
8934 104748052807
8935 104797530907
8936 104822005567
8937 104831468377
8938 104840291317
8939 104843352067
8940 104853998647
8941 104869611937
8942 104879800297
8943 104912477557
8944 104916928927
8945 104927564377
8946 104931911797
8947 104942958007
8948 104972788507
8949 104981270827
8950 104983208917
8951 105019166167
8952 105040562437
8953 105106395337
8954 105113247637
8955 105134547097
8956 105151631017
8957 105164894827
8958 105166070407
8959 105172753237
8960 105218765287
8961 105245646547
8962 105261757957
8963 105311772817
8964 105318715207
8965 105319221097
8966 105321581077
8967 105325487077
8968 105337769347
8969 105377079667
8970 105401856727
8971 105462346807
8972 105465870397
8973 105484376857
8974 105488514487
8975 105524587447
8976 105525522997
8977 105531202867
8978 105554803087
8979 105580858837
8980 105583992457
8981 105592066747
8982 105608344477
8983 105625548097
8984 105635605837
8985 105646604797
8986 105680287117
8987 105696446407
8988 105699285397
8989 105774404287
8990 105782979217
8991 105797273287
8992 105815201617
8993 105825649327
8994 105828966697
8995 105829705687
8996 105831887797
8997 105852858817
8998 105879697867
8999 105880767397
9000 105892626937
9001 105929640907
9002 105979872277
9003 105987952237
9004 105989114587
9005 105990079957
9006 106023292927
9007 106024534867
9008 106030644817
9009 106043958187
9010 106069213837
9011 106070767207
9012 106123764277
9013 106125877717
9014 106151899027
9015 106158782827
9016 106167068587
9017 106205413537
9018 106220043817
9019 106234685647
9020 106241449747
9021 106243300057
9022 106243391197
9023 106247702917
9024 106273366597
9025 106294955857
9026 106297168837
9027 106316665447
9028 106334586637
9029 106336243747
9030 106341198697
9031 106358640457
9032 106397411707
9033 106409802127
9034 106413930517
9035 106415926147
9036 106428970927
9037 106429134517
9038 106453715647
9039 106460272267
9040 106461583087
9041 106465984897
9042 106499188837
9043 106510930567
9044 106530458257
9045 106531653577
9046 106550511157
9047 106605685717
9048 106606371577
9049 106612542847
9050 106645156897
9051 106672754467
9052 106683218767
9053 106730504047
9054 106743815527
9055 106751527777
9056 106759298197
9057 106784927647
9058 106809221917
9059 106868830417
9060 106901498647
9061 106926200737
9062 106929339607
9063 106929584677
9064 106929884767
9065 106930764037
9066 106960135687
9067 106966887607
9068 106975248547
9069 106985102167
9070 106993762147
9071 107017585387
9072 107029527037
9073 107050537537
9074 107061522427
9075 107061687907
9076 107075741947
9077 107087252677
9078 107097214447
9079 107099533897
9080 107102569027
9081 107135122807
9082 107139804127
9083 107147519107
9084 107190129577
9085 107194149187
9086 107207566717
9087 107210242537
9088 107248213477
9089 107255763607
9090 107262425857
9091 107309397187
9092 107329593727
9093 107338112797
9094 107339125627
9095 107374659517
9096 107380824907
9097 107391850117
9098 107401862917
9099 107404380817
9100 107423606107
9101 107431001257
9102 107433971917
9103 107434414177
9104 107434472137
9105 107472791677
9106 107481188527
9107 107537423167
9108 107551438987
9109 107554959427
9110 107557500217
9111 107586906517
9112 107595846427
9113 107596892857
9114 107597181397
9115 107625413167
9116 107631644287
9117 107661866017
9118 107670508987
9119 107693155387
9120 107693285797
9121 107699231737
9122 107717962057
9123 107719643737
9124 107723512987
9125 107726982817
9126 107797686247
9127 107800006537
9128 107803525717
9129 107805494887
9130 107810416657
9131 107827481467
9132 107840708527
9133 107864050027
9134 107866007647
9135 107871497467
9136 107880478747
9137 107887472587
9138 107905111747
9139 107913799447
9140 107948232097
9141 107954728237
9142 107970407257
9143 108006491767
9144 108021325117
9145 108037587727
9146 108040213987
9147 108041224927
9148 108074614507
9149 108079773157
9150 108079831747
9151 108081472897
9152 108125814607
9153 108149953267
9154 108175412617
9155 108190475287
9156 108197721547
9157 108219471457
9158 108224876647
9159 108303905107
9160 108353469937
9161 108377457817
9162 108379355797
9163 108416607697
9164 108428240017
9165 108430694077
9166 108469222567
9167 108472433887
9168 108493479037
9169 108500904637
9170 108568004257
9171 108577182937
9172 108621256477
9173 108667074067
9174 108677635597
9175 108680472487
9176 108683953237
9177 108693825127
9178 108715694947
9179 108728550097
9180 108737173537
9181 108761654917
9182 108763994737
9183 108772636867
9184 108778523587
9185 108801060997
9186 108805040287
9187 108830563477
9188 108880316257
9189 108919137907
9190 108933169057
9191 108946948207
9192 108962309707
9193 108967783147
9194 108980650057
9195 109000833577
9196 109014430237
9197 109027677037
9198 109038633157
9199 109043349127
9200 109045219177
9201 109047904237
9202 109049300527
9203 109051781467
9204 109082626057
9205 109086663937
9206 109114521067
9207 109121523097
9208 109127790127
9209 109139853997
9210 109156489357
9211 109183330507
9212 109209543337
9213 109222271227
9214 109226800087
9215 109235438227
9216 109242902047
9217 109260963937
9218 109262259637
9219 109263035587
9220 109266489247
9221 109271723917
9222 109294405807
9223 109344425287
9224 109352897107
9225 109366440637
9226 109385208337
9227 109405961377
9228 109450961017
9229 109484687017
9230 109488435097
9231 109504518577
9232 109514706937
9233 109516309027
9234 109527673807
9235 109527736597
9236 109558793287
9237 109564354717
9238 109577436037
9239 109586398837
9240 109592795437
9241 109618997767
9242 109623285127
9243 109625859517
9244 109685414467
9245 109696726957
9246 109705623607
9247 109724058877
9248 109741570567
9249 109772943097
9250 109798967557
9251 109803348367
9252 109819408327
9253 109834922287
9254 109873211797
9255 109875292057
9256 109876111897
9257 109895407537
9258 109906447237
9259 109910997727
9260 109913747887
9261 109941476077
9262 109981681207
9263 109997352457
9264 109999200667
9265 110103078637
9266 110116100317
9267 110122092247
9268 110128795027
9269 110134919887
9270 110143231267
9271 110144998417
9272 110187333787
9273 110206141597
9274 110206512667
9275 110237261077
9276 110253272527
9277 110255528557
9278 110296804897
9279 110299216117
9280 110302396147
9281 110309311027
9282 110312059717
9283 110353132987
9284 110370413887
9285 110373515167
9286 110373679177
9287 110374293427
9288 110389488607
9289 110410019887
9290 110416999867
9291 110431422457
9292 110449522357
9293 110482424947
9294 110483869537
9295 110498591377
9296 110504041507
9297 110555383567
9298 110562773677
9299 110577113737
9300 110608914667
9301 110633566777
9302 110637020437
9303 110640880447
9304 110648043547
9305 110674287457
9306 110691243067
9307 110760197617
9308 110772297187
9309 110775284437
9310 110793727477
9311 110818178827
9312 110848187617
9313 110849859007
9314 110869101517
9315 110869989817
9316 110871403537
9317 110895682477
9318 110901942787
9319 110902262827
9320 110909640967
9321 110924637277
9322 110963202517
9323 110976328357
9324 110990086297
9325 111006038317
9326 111022985527
9327 111033378217
9328 111055630447
9329 111065739007
9330 111068602357
9331 111157589437
9332 111161654827
9333 111174276667
9334 111187758037
9335 111189097837
9336 111190325497
9337 111217819117
9338 111231188137
9339 111255714667
9340 111256271167
9341 111265935367
9342 111277396327
9343 111284390797
9344 111289649827
9345 111289796197
9346 111305556487
9347 111311960857
9348 111313957747
9349 111315119467
9350 111323292247
9351 111323655337
9352 111324200077
9353 111357085657
9354 111419784517
9355 111425655697
9356 111457289887
9357 111457488547
9358 111458478487
9359 111473323597
9360 111480886327
9361 111509123977
9362 111521953717
9363 111536398147
9364 111536967457
9365 111544624897
9366 111588293347
9367 111607512547
9368 111647345977
9369 111658473457
9370 111668603857
9371 111691190197
9372 111695148277
9373 111700180717
9374 111710852707
9375 111710857117
9376 111726721357
9377 111742926007
9378 111744474757
9379 111754528927
9380 111769841077
9381 111770797417
9382 111783788647
9383 111793206517
9384 111817549297
9385 111835756927
9386 111849399577
9387 111858195847
9388 111899815117
9389 111933524107
9390 111941722297
9391 111954678877
9392 112004326867
9393 112013785057
9394 112056708217
9395 112097187607
9396 112103210617
9397 112103508607
9398 112119339037
9399 112123067587
9400 112133717737
9401 112136021857
9402 112142677177
9403 112154452507
9404 112163497207
9405 112166314147
9406 112173256747
9407 112176368737
9408 112204643137
9409 112205538997
9410 112243029247
9411 112259068837
9412 112266931027
9413 112282517437
9414 112309666867
9415 112347701017
9416 112348633207
9417 112388717797
9418 112406409877
9419 112408370017
9420 112436537107
9421 112454123137
9422 112458243967
9423 112476731947
9424 112524570787
9425 112530129067
9426 112538973637
9427 112539357097
9428 112553635627
9429 112581143947
9430 112602078217
9431 112609101037
9432 112609603357
9433 112622522137
9434 112623270157
9435 112624321627
9436 112633197487
9437 112648025377
9438 112672840447
9439 112679636887
9440 112731241027
9441 112743106027
9442 112745589487
9443 112748715967
9444 112764249877
9445 112794855907
9446 112797653317
9447 112826512147
9448 112859625157
9449 112904867347
9450 112906299547
9451 112911493687
9452 112923044947
9453 112953590917
9454 112957870297
9455 112976889787
9456 112981568797
9457 113012573407
9458 113015477287
9459 113016577897
9460 113020075447
9461 113033595667
9462 113034607447
9463 113071223257
9464 113072272207
9465 113083685707
9466 113108215387
9467 113134768837
9468 113139513577
9469 113152932787
9470 113216586937
9471 113220555727
9472 113230877857
9473 113243043367
9474 113273506597
9475 113303602327
9476 113316845767
9477 113338515457
9478 113346751867
9479 113350615447
9480 113391451627
9481 113404014667
9482 113424817267
9483 113430691597
9484 113438054617
9485 113441125657
9486 113456936767
9487 113471069347
9488 113478977737
9489 113484611407
9490 113496024277
9491 113510825707
9492 113521641967
9493 113532307237
9494 113546375347
9495 113550527677
9496 113575488277
9497 113588583457
9498 113602370797
9499 113631187837
9500 113666092357
9501 113673910237
9502 113674563127
9503 113696598007
9504 113747945947
9505 113752553137
9506 113772446647
9507 113779689967
9508 113793130807
9509 113803572007
9510 113811095257
9511 113844527887
9512 113855359687
9513 113864194177
9514 113865873757
9515 113877542407
9516 113884529107
9517 113899662967
9518 113918966797
9519 113958054307
9520 113980887607
9521 113988007867
9522 113993181007
9523 114037723687
9524 114045239587
9525 114045268147
9526 114045703897
9527 114112638457
9528 114117775477
9529 114120042847
9530 114132243217
9531 114143349487
9532 114152265037
9533 114164843197
9534 114166074427
9535 114212084797
9536 114254560237
9537 114262714327
9538 114267376957
9539 114277076647
9540 114290582167
9541 114299934097
9542 114313167037
9543 114320005687
9544 114321130657
9545 114344692867
9546 114367284667
9547 114372391867
9548 114372981127
9549 114373286887
9550 114377267437
9551 114397204837
9552 114408377257
9553 114408916747
9554 114418001557
9555 114422668177
9556 114436303687
9557 114443131207
9558 114460577587
9559 114481205467
9560 114506720677
9561 114513246427
9562 114523113697
9563 114528334507
9564 114539983627
9565 114553368817
9566 114572268397
9567 114579378367
9568 114617007217
9569 114623944147
9570 114649181737
9571 114669580297
9572 114678597487
9573 114685170697
9574 114690892357
9575 114705682447
9576 114731558857
9577 114745724827
9578 114778785757
9579 114779579347
9580 114781266697
9581 114795202927
9582 114796407487
9583 114803717377
9584 114805734217
9585 114811048477
9586 114829012927
9587 114840283627
9588 114841307167
9589 114853835137
9590 114854551447
9591 114896360977
9592 114980832217
9593 114980840197
9594 114982369627
9595 114985250197
9596 115000321687
9597 115028077597
9598 115043742547
9599 115061142727
9600 115068599407
9601 115072008967
9602 115091372647
9603 115097969797
9604 115101822877
9605 115108061347
9606 115117952347
9607 115119132757
9608 115146913237
9609 115150034887
9610 115215146857
9611 115232093227
9612 115233021637
9613 115244256217
9614 115245060517
9615 115274801347
9616 115313332357
9617 115373301217
9618 115413042457
9619 115417124227
9620 115441599727
9621 115475912467
9622 115481681587
9623 115502068597
9624 115503110617
9625 115516023517
9626 115527356377
9627 115596547597
9628 115605890287
9629 115615461667
9630 115642064887
9631 115647063937
9632 115654899457
9633 115655963317
9634 115684459057
9635 115718984737
9636 115744017787
9637 115747658557
9638 115772904337
9639 115787667547
9640 115793340067
9641 115828865557
9642 115848529327
9643 115857808597
9644 115880820607
9645 115902186217
9646 115921546327
9647 115929778957
9648 115959688837
9649 115972622527
9650 116009557117
9651 116034912937
9652 116053069537
9653 116057999917
9654 116077887967
9655 116081129107
9656 116095674127
9657 116100656797
9658 116138316727
9659 116185745437
9660 116204292637
9661 116208749467
9662 116213552167
9663 116220081067
9664 116229494737
9665 116251220077
9666 116272147627
9667 116278746037
9668 116332815997
9669 116336039707
9670 116364297937
9671 116397653287
9672 116399620147
9673 116413213447
9674 116428801117
9675 116440564057
9676 116446745407
9677 116503026457
9678 116507979937
9679 116524756207
9680 116526312307
9681 116542798777
9682 116563200697
9683 116564972257
9684 116565553537
9685 116585002267
9686 116615709097
9687 116631945247
9688 116632616197
9689 116643560977
9690 116658145057
9691 116658220027
9692 116678954797
9693 116712796087
9694 116717106547
9695 116739020467
9696 116832971527
9697 116846019877
9698 116861893777
9699 116903413717
9700 116903723467
9701 116908997197
9702 116969932477
9703 116983928977
9704 116994653047
9705 117021724987
9706 117023481007
9707 117027540517
9708 117052569367
9709 117075516907
9710 117084984547
9711 117132195067
9712 117167036797
9713 117169934797
9714 117179814457
9715 117188435587
9716 117195397717
9717 117202880227
9718 117207300097
9719 117247037977
9720 117287721907
9721 117295951177
9722 117302473567
9723 117306003037
9724 117309388237
9725 117311706427
9726 117328012927
9727 117330867877
9728 117332614027
9729 117340209517
9730 117364208317
9731 117396182077
9732 117440024827
9733 117450406807
9734 117455353567
9735 117563485927
9736 117583896247
9737 117611487727
9738 117625025377
9739 117686390527
9740 117706841377
9741 117735302677
9742 117746808577
9743 117753567637
9744 117757187827
9745 117759936517
9746 117768207367
9747 117773274247
9748 117774108157
9749 117777300997
9750 117787261297
9751 117825587767
9752 117846957577
9753 117872480767
9754 117966182767
9755 117968574457
9756 117971389087
9757 117993678697
9758 117999947827
9759 118002543007
9760 118019003227
9761 118024048267
9762 118030273717
9763 118031758837
9764 118037575207
9765 118055283877
9766 118060436437
9767 118079386417
9768 118095252547
9769 118102987897
9770 118117657237
9771 118120476697
9772 118124521507
9773 118129480867
9774 118179229237
9775 118187389207
9776 118195666987
9777 118208276437
9778 118211162887
9779 118225976497
9780 118235573707
9781 118245297337
9782 118259166577
9783 118263659737
9784 118268846737
9785 118291885837
9786 118306211197
9787 118309062577
9788 118337196067
9789 118344858337
9790 118344976567
9791 118386045637
9792 118395897787
9793 118448336047
9794 118467785197
9795 118472769127
9796 118501603387
9797 118532262127
9798 118534017517
9799 118536251287
9800 118570463647
9801 118575096037
9802 118588770397
9803 118625022277
9804 118660206097
9805 118687350487
9806 118734800407
9807 118738465117
9808 118765280857
9809 118799619217
9810 118801164187
9811 118809968857
9812 118836447547
9813 118857643897
9814 118861057867
9815 118866763777
9816 118869744937
9817 118882898077
9818 118890907687
9819 118907955697
9820 118949492017
9821 119022359707
9822 119024885377
9823 119039834647
9824 119058570217
9825 119059684687
9826 119071510627
9827 119078861257
9828 119088761917
9829 119094384037
9830 119102363197
9831 119126763307
9832 119149234147
9833 119156570707
9834 119190677857
9835 119196585787
9836 119220008767
9837 119230589827
9838 119256481777
9839 119265816067
9840 119282476207
9841 119291221447
9842 119293539637
9843 119294524747
9844 119303464447
9845 119324000347
9846 119328447097
9847 119346200707
9848 119346497437
9849 119354247907
9850 119360421067
9851 119370120967
9852 119381794237
9853 119388348967
9854 119399911987
9855 119439946387
9856 119448917167
9857 119450503087
9858 119465310187
9859 119477934337
9860 119488555717
9861 119488883737
9862 119489004907
9863 119520699577
9864 119536981297
9865 119547341647
9866 119587554337
9867 119590537597
9868 119590848187
9869 119590917487
9870 119612230597
9871 119650986727
9872 119696882857
9873 119698846357
9874 119711263027
9875 119742432697
9876 119744053057
9877 119755776727
9878 119798510467
9879 119800740877
9880 119840003737
9881 119844620167
9882 119871239557
9883 119880825007
9884 119888837347
9885 119890519027
9886 119892596557
9887 119900518807
9888 119920807537
9889 119959473577
9890 119959985137
9891 119969005687
9892 119970428437
9893 120000242767
9894 120010490767
9895 120026399947
9896 120026996977
9897 120027832147
9898 120055262137
9899 120083695087
9900 120105959917
9901 120107079007
9902 120111176947
9903 120116571847
9904 120117425287
9905 120118408297
9906 120133880677
9907 120139587637
9908 120149832697
9909 120168154147
9910 120222233767
9911 120312319987
9912 120324817507
9913 120326355967
9914 120342679267
9915 120350526337
9916 120352692277
9917 120363344737
9918 120368741947
9919 120375148627
9920 120381524437
9921 120396948307
9922 120406300447
9923 120410825527
9924 120413782117
9925 120418283257
9926 120494505487
9927 120514438267
9928 120537733357
9929 120554468257
9930 120568842337
9931 120584759287
9932 120593379997
9933 120654433297
9934 120657977257
9935 120678047377
9936 120698449507
9937 120702001237
9938 120711883207
9939 120733082287
9940 120745337887
9941 120747283747
9942 120755246527
9943 120755590507
9944 120756701617
9945 120760119577
9946 120816349387
9947 120818705587
9948 120836762857
9949 120858099487
9950 120879402097
9951 120886348477
9952 120888340747
9953 120888620257
9954 120890757847
9955 120892303237
9956 120898187227
9957 120919671277
9958 120928559107
9959 120942174247
9960 120954431947
9961 120956485537
9962 120968249527
9963 120985248817
9964 121001418397
9965 121024315117
9966 121036978957
9967 121039788757
9968 121048901917
9969 121110937807
9970 121121270437
9971 121130785537
9972 121164923767
9973 121174927327
9974 121199975707
9975 121208750557
9976 121240667407
9977 121262926777
9978 121263170377
9979 121283394637
9980 121305453667
9981 121318505587
9982 121365000847
9983 121365300097
9984 121377981997
9985 121396847977
9986 121415021587
9987 121416851107
9988 121472799517
9989 121500911167
9990 121506229837
9991 121528089577
9992 121535321977
9993 121554617617
9994 121565780377
9995 121570986067
9996 121578510997
9997 121608913957
9998 121620215527
9999 121624750057
10000 121655095267
