k 14 8 333333333 14728389
k 14 11 333333333 14726518
k 14 3 333333333 14730089
k 14 0 333333333 14735239
k 14 12 333333333 14729099
k 14 9 333333333 14723473
k 14 7 333333333 14728272
k 14 4 333333333 14732112
k 14 2 333333333 14731209
k 14 6 333333333 14734270
k 14 5 333333333 14732651
k 14 1 333333333 14732615
k 14 13 333333333 14722115
k 14 10 333333333 14727342
k 14 15 333333333 14717502
k 14 14 333333333 14717510
k 14 20 333333333 14717452
k 14 18 333333333 14715844
k 14 16 333333333 14721159
k 14 19 333333333 14715858
k 14 22 333333333 14715264
k 14 17 333333333 14722660
k 14 23 333333333 14713772
k 14 24 333333333 14714673
k 14 21 333333333 14721641
k 14 26 333333333 14716270
k 14 25 333333333 14713675
k 14 27 333333333 14704737
k 14 30 333333333 14702200
k 14 29 333333333 14709002
k 14 31 333333333 14707422
k 14 34 333333333 14703343
k 14 35 333333333 14698163
k 14 33 333333333 14702237
k 14 28 333333333 14709420
k 14 37 333333333 14696500
k 14 32 333333333 14707227
k 14 38 333333333 14694567
k 14 36 333333333 14701591
k 14 41 333333333 14694305
k 14 40 333333333 14694004
k 14 39 333333333 14702277
k 14 42 333333333 14698588
k 14 43 333333333 14698558
k 14 44 333333333 14691664
k 14 48 333333333 14683559
k 14 45 333333333 14691982
k 14 49 333333333 14686875
k 14 46 333333333 14690671
k 14 51 333333333 14682739
k 14 47 333333333 14693453
k 14 53 333333333 14680408
k 14 50 333333333 14687601
k 14 55 333333333 14687054
k 14 52 333333333 14688086
k 14 54 333333333 14683148
k 14 56 333333333 14680402
k 14 59 333333333 14681643
k 14 60 333333333 14675789
k 14 57 333333333 14677890
k 14 64 333333333 14676473
k 14 58 333333333 14683693
k 14 63 333333333 14675284
k 14 66 333333333 14675657
k 14 68 333333333 14671329
k 14 62 333333333 14676002
k 14 67 333333333 14668757
k 14 61 333333333 14672729
k 14 65 333333333 14674173
k 14 69 333333333 14666522
k 14 71 333333333 14664440
k 14 70 333333333 14674213
k 14 74 333333333 14665409
k 14 72 333333333 14666769
k 14 73 333333333 14663894
k 14 76 333333333 14666542
k 14 75 333333333 14657273
k 14 80 333333333 14662547
k 14 78 333333333 14657576
k 14 77 333333333 14666301
k 14 79 333333333 14659678
k 14 81 333333333 14660535
k 14 82 333333333 14654717
k 14 83 333333333 14660806
k 14 84 333333333 14653355
k 14 85 333333333 14662348
k 14 86 333333333 14659210
k 14 88 333333333 14650712
k 14 91 333333333 14650667
k 14 89 333333333 14649871
k 14 87 333333333 14655461
k 14 94 333333333 14650205
k 14 93 333333333 14642019
k 14 90 333333333 14650362
k 14 92 333333333 14648957
k 14 95 333333333 14649164
k 14 96 333333333 14640588
k 14 97 333333333 14644614
k 14 100 333333333 14641891
k 14 99 333333333 14642648
k 14 98 333333333 14643594
k 14 104 333333333 14633228
k 14 101 333333333 14644159
k 14 103 333333333 14636085
k 14 105 333333333 14639497
k 14 102 333333333 14636899
k 14 106 333333333 14635055
k 14 107 333333333 14629558
k 14 108 333333333 14635123
k 14 109 333333333 14631140
k 14 110 333333333 14636633
k 14 111 333333333 14635984
k 14 113 333333333 14627832
k 14 114 333333333 14627214
k 14 112 333333333 14632363
k 14 118 333333333 14628170
k 14 117 333333333 14630028
k 14 115 333333333 14630218
k 14 116 333333333 14626733
k 14 120 333333333 14621076
k 14 119 333333333 14626743
k 14 122 333333333 14623365
k 14 121 333333333 14621746
k 14 123 333333333 14620457
k 14 124 333333333 14621747
k 14 125 333333333 14615894
k 14 127 333333333 14618225
k 14 128 333333333 14622025
k 14 126 333333333 14618885
k 14 131 333333333 14612599
k 14 132 333333333 14616397
k 14 135 333333333 14610429
k 14 129 333333333 14623258
k 14 130 333333333 14613027
k 14 134 333333333 14608309
k 14 133 333333333 14611655
k 14 136 333333333 14607058
k 14 137 333333333 14609593
k 14 138 333333333 14612296
k 14 139 333333333 14612681
k 14 140 333333333 14611134
k 14 146 333333333 14596082
k 14 142 333333333 14605746
k 14 141 333333333 14606595
k 14 144 333333333 14600693
k 14 143 333333333 14605608
k 14 148 333333333 14597868
k 14 145 333333333 14599315
k 14 147 333333333 14597351
k 14 149 333333333 14595395
k 14 150 333333333 14595449
k 14 151 333333333 14593564
k 14 152 333333333 14592370
k 14 153 333333333 14592022
k 14 156 333333333 14591480
k 14 157 333333333 14597967
k 14 154 333333333 14594695
k 14 155 333333333 14597823
k 14 160 333333333 14589554
k 14 159 333333333 14587942
k 14 161 333333333 14588431
k 14 163 333333333 14584864
k 14 158 333333333 14594171
k 14 162 333333333 14586906
k 14 165 333333333 14586551
k 14 164 333333333 14587990
k 14 166 333333333 14586565
k 14 167 333333333 14588487
k 14 168 333333333 14585405
k 14 169 333333333 14582430
k 14 171 333333333 14577337
k 14 170 333333333 14585386
k 14 174 333333333 14584483
k 14 172 333333333 14578670
k 14 176 333333333 14574906
k 14 177 333333333 14574987
k 14 175 333333333 14579516
k 14 173 333333333 14582207
k 14 178 333333333 14570043
k 14 179 333333333 14577681
k 14 180 333333333 14571640
k 14 181 333333333 14571074
k 14 183 333333333 14567905
k 14 182 333333333 14566161
k 14 184 333333333 14569630
k 14 185 333333333 14571777
k 14 186 333333333 14572204
k 14 190 333333333 14565198
k 14 187 333333333 14569507
k 14 189 333333333 14564211
k 14 188 333333333 14562655
k 14 191 333333333 14565757
k 14 193 333333333 14558402
k 14 192 333333333 14565625
k 14 194 333333333 14562091
k 14 195 333333333 14556668
k 14 196 333333333 14565394
k 14 200 333333333 14554035
k 14 197 333333333 14558449
k 14 204 333333333 14558001
k 14 199 333333333 14558181
k 14 201 333333333 14559303
k 14 198 333333333 14556423
k 14 205 333333333 14552399
k 14 202 333333333 14555094
k 14 203 333333333 14560378
k 14 206 333333333 14549860
k 14 207 333333333 14556066
k 14 208 333333333 14549207
k 14 209 333333333 14549019
k 14 210 333333333 14552544
k 14 211 333333333 14549203
k 14 212 333333333 14545407
k 14 215 333333333 14544178
k 14 213 333333333 14547763
k 14 217 333333333 14548342
k 14 218 333333333 14544122
k 14 214 333333333 14547395
k 14 216 333333333 14547466
k 14 219 333333333 14540909
k 14 221 333333333 14539911
k 14 220 333333333 14539616
k 14 223 333333333 14540348
k 14 222 333333333 14541758
k 14 224 333333333 14538348
k 14 225 333333333 14533809
k 14 226 333333333 14535337
k 14 227 333333333 14534272
k 14 228 333333333 14535423
k 14 229 333333333 14530990
k 14 232 333333333 14530614
k 14 233 333333333 14532002
k 14 230 333333333 14532247
k 14 231 333333333 14531735
k 14 234 333333333 14529695
k 14 235 333333333 14532252
k 14 237 333333333 14523397
k 14 236 333333333 14532757
k 14 238 333333333 14525014
k 14 239 333333333 14520836
k 14 240 333333333 14525902
k 14 241 333333333 14525352
k 14 243 333333333 14521787
k 14 242 333333333 14524108
k 14 246 333333333 14521584
k 14 245 333333333 14522380
k 14 244 333333333 14522218
k 14 247 333333333 14521719
k 14 248 333333333 14521494
k 14 249 333333333 14525578
k 14 250 333333333 14518251
k 14 251 333333333 14518762
k 14 252 333333333 14516549
k 14 253 333333333 14514339
k 14 258 333333333 14511538
k 14 254 333333333 14517140
k 14 260 333333333 14507900
k 14 255 333333333 14508393
k 14 259 333333333 14511843
k 14 257 333333333 14508920
k 14 256 333333333 14511001
k 14 261 333333333 14504964
k 14 262 333333333 14506685
k 14 263 333333333 14509085
k 14 264 333333333 14509769
k 14 265 333333333 14514498
k 14 266 333333333 14503539
k 14 269 333333333 14503901
k 14 267 333333333 14504704
k 14 268 333333333 14502030
k 14 270 333333333 14503431
k 14 272 333333333 14502179
k 14 271 333333333 14499549
k 14 274 333333333 14498721
k 14 273 333333333 14501353
k 14 275 333333333 14502146
k 14 277 333333333 14498390
k 14 278 333333333 14493434
k 14 276 333333333 14502968
k 14 279 333333333 14490803
k 14 280 333333333 14494256
k 14 281 333333333 14498463
k 14 285 333333333 14486844
k 14 283 333333333 14491589
k 14 284 333333333 14492623
k 14 287 333333333 14488402
k 14 282 333333333 14494276
k 14 286 333333333 14492702
k 14 289 333333333 14490331
k 14 288 333333333 14486715
k 14 291 333333333 14486262
k 14 290 333333333 14489295
k 14 293 333333333 14487626
k 14 292 333333333 14482071
k 14 298 333333333 14473766
k 14 295 333333333 14478183
k 14 297 333333333 14483771
k 14 294 333333333 14483267
k 14 296 333333333 14484330
k 14 301 333333333 14482005
k 14 299 333333333 14482265
k 14 302 333333333 14479609
k 14 300 333333333 14479654
k 14 303 333333333 14477366
k 14 304 333333333 14477497
k 14 306 333333333 14481142
k 14 305 333333333 14478498
k 14 307 333333333 14474675
k 14 308 333333333 14476887
k 14 312 333333333 14472749
k 14 310 333333333 14470715
k 14 309 333333333 14468511
k 14 311 333333333 14473222
k 14 314 333333333 14470241
k 14 313 333333333 14469430
k 14 316 333333333 14469360
k 14 315 333333333 14470981
k 14 317 333333333 14467599
k 14 318 333333333 14467293
k 14 320 333333333 14462945
k 14 319 333333333 14462012
k 14 321 333333333 14465138
k 14 322 333333333 14461763
k 14 323 333333333 14464220
k 14 325 333333333 14465226
k 14 327 333333333 14455535
k 14 324 333333333 14466553
k 14 328 333333333 14454518
k 14 326 333333333 14460774
k 14 330 333333333 14459230
k 14 329 333333333 14460235
k 14 332 333333333 14458971
k 14 331 333333333 14464950
k 14 333 333333333 14454296
k 14 334 333333333 14454223
k 14 335 333333333 14456784
k 14 336 333333333 14456642
k 14 337 333333333 14453462
k 14 339 333333333 14450456
k 14 338 333333333 14458038
k 14 340 333333333 14449164
k 14 342 333333333 14450421
k 14 341 333333333 14455124
k 14 343 333333333 14448253
k 14 344 333333333 14446993
k 14 345 333333333 14453758
k 14 346 333333333 14441128
k 14 347 333333333 14443381
k 14 348 333333333 14448622
k 14 349 333333333 14440625
k 14 351 333333333 14443643
k 14 350 333333333 14448163
k 14 352 333333333 14441208
k 14 353 333333333 14441470
k 14 355 333333333 14438135
k 14 354 333333333 14436890
k 14 356 333333333 14444915
k 14 358 333333333 14436798
k 14 357 333333333 14435664
k 14 359 333333333 14437289
k 14 360 333333333 14434230
k 14 361 333333333 14442601
k 14 362 333333333 14436035
k 14 363 333333333 14436842
k 14 365 333333333 14434632
k 14 366 333333333 14430052
k 14 367 333333333 14430870
k 14 364 333333333 14431141
k 14 369 333333333 14429230
k 14 368 333333333 14433004
k 14 371 333333333 14423306
k 14 372 333333333 14431912
k 14 375 333333333 14424631
k 14 370 333333333 14428322
k 14 374 333333333 14428124
k 14 373 333333333 14427676
k 14 376 333333333 14428500
k 14 377 333333333 14423463
k 14 379 333333333 14421601
k 14 378 333333333 14429632
k 14 381 333333333 14420653
k 14 383 333333333 14423151
k 14 380 333333333 14421353
k 14 382 333333333 14423190
k 14 384 333333333 14419985
k 14 385 333333333 14418491
k 14 386 333333333 14421805
k 14 387 333333333 14418292
k 14 389 333333333 14415486
k 14 388 333333333 14426066
k 14 390 333333333 14415376
k 14 391 333333333 14415169
k 14 392 333333333 14410643
k 14 393 333333333 14420300
k 14 396 333333333 14415343
k 14 397 333333333 14410756
k 14 395 333333333 14415675
k 14 398 333333333 14410293
k 14 394 333333333 14413071
k 14 400 333333333 14416007
k 14 401 333333333 14411014
k 14 399 333333333 14411977
k 14 402 333333333 14409213
k 14 403 333333333 14407301
k 14 404 333333333 14407018
k 14 405 333333333 14402967
k 14 406 333333333 14404368
k 14 409 333333333 14407894
k 14 407 333333333 14403353
k 14 408 333333333 14403878
k 14 412 333333333 14402876
k 14 411 333333333 14405202
k 14 413 333333333 14406281
k 14 410 333333333 14404276
k 14 416 333333333 14398878
k 14 414 333333333 14397256
k 14 417 333333333 14398305
k 14 415 333333333 14401440
k 14 418 333333333 14399675
k 14 419 333333333 14402980
k 14 420 333333333 14396223
k 14 421 333333333 14396692
k 14 422 333333333 14395125
k 14 424 333333333 14395532
k 14 426 333333333 14389063
k 14 425 333333333 14394154
k 14 423 333333333 14394756
k 14 427 333333333 14390060
k 14 428 333333333 14388879
k 14 429 333333333 14391276
k 14 430 333333333 14386193
k 14 431 333333333 14387261
k 14 432 333333333 14390244
k 14 433 333333333 14388313
k 14 434 333333333 14383684
k 14 436 333333333 14387430
k 14 437 333333333 14384539
k 14 435 333333333 14379740
k 14 438 333333333 14384565
k 14 439 333333333 14381977
k 14 440 333333333 14384097
k 14 441 333333333 14381817
k 14 442 333333333 14383173
k 14 443 333333333 14377706
k 14 444 333333333 14383160
k 14 445 333333333 14383327
k 14 446 333333333 14376781
k 14 447 333333333 14377328
k 14 448 333333333 14373871
k 14 449 333333333 14379071
k 14 451 333333333 14371405
k 14 453 333333333 14370362
k 14 452 333333333 14372882
k 14 454 333333333 14376449
k 14 450 333333333 14377214
k 14 455 333333333 14371030
k 14 456 333333333 14365492
k 14 457 333333333 14370340
k 14 458 333333333 14369809
k 14 459 333333333 14371193
k 14 460 333333333 14361580
k 14 461 333333333 14368833
k 14 462 333333333 14372343
k 14 463 333333333 14364426
k 14 464 333333333 14369056
k 14 466 333333333 14372174
k 14 467 333333333 14364741
k 14 465 333333333 14364962
k 14 468 333333333 14361192
k 14 469 333333333 14364312
k 14 470 333333333 14362834
k 14 471 333333333 14361628
k 14 472 333333333 14364599
k 14 473 333333333 14360194
k 14 474 333333333 14358614
k 14 475 333333333 14353520
k 14 476 333333333 14361763
k 14 477 333333333 14356191
k 14 478 333333333 14358311
k 14 479 333333333 14358960
k 14 481 333333333 14356496
k 14 480 333333333 14358144
k 14 482 333333333 14354775
k 14 483 333333333 14354763
k 14 485 333333333 14356649
k 14 484 333333333 14353172
k 14 486 333333333 14354588
k 14 487 333333333 14352728
k 14 488 333333333 14349335
k 14 489 333333333 14356709
k 14 490 333333333 14353947
k 14 491 333333333 14351266
k 14 492 333333333 14348280
k 14 493 333333333 14349750
k 14 495 333333333 14345610
k 14 494 333333333 14347122
k 14 497 333333333 14349486
k 14 496 333333333 14346008
k 14 498 333333333 14342947
k 14 499 333333333 14344350
k 14 500 333333333 14341917
k 14 501 333333333 14344722
k 14 502 333333333 14343222
k 14 503 333333333 14343278
k 14 504 333333333 14342661
k 14 505 333333333 14341563
k 14 506 333333333 14341124
k 14 507 333333333 14332894
k 14 508 333333333 14338473
k 14 510 333333333 14335230
k 14 509 333333333 14339130
k 14 511 333333333 14337101
k 14 512 333333333 14334943
k 14 513 333333333 14335588
k 14 514 333333333 14330581
k 14 515 333333333 14335774
k 14 516 333333333 14331859
k 14 517 333333333 14328485
k 14 518 333333333 14329801
k 14 521 333333333 14333740
k 14 519 333333333 14330844
k 14 520 333333333 14330398
k 14 523 333333333 14326985
k 14 522 333333333 14330703
k 14 524 333333333 14328872
k 14 525 333333333 14330859
k 14 527 333333333 14327046
k 14 526 333333333 14325744
k 14 529 333333333 14322071
k 14 528 333333333 14329423
k 14 531 333333333 14324578
k 14 530 333333333 14327435
k 14 532 333333333 14321123
k 14 533 333333333 14323607
k 14 535 333333333 14315790
k 14 534 333333333 14321739
k 14 538 333333333 14316590
k 14 536 333333333 14322090
k 14 537 333333333 14324385
k 14 539 333333333 14320823
k 14 540 333333333 14313232
k 14 541 333333333 14318551
k 14 542 333333333 14318229
k 14 543 333333333 14320591
k 14 545 333333333 14314026
k 14 544 333333333 14314489
k 14 546 333333333 14319316
k 14 547 333333333 14319264
k 14 548 333333333 14312884
k 14 549 333333333 14316505
k 14 550 333333333 14305625
k 14 552 333333333 14310116
k 14 551 333333333 14312236
k 14 553 333333333 14309417
k 14 554 333333333 14309899
k 14 555 333333333 14310782
k 14 556 333333333 14306203
k 14 557 333333333 14311210
k 14 558 333333333 14307848
k 14 559 333333333 14304242
k 14 560 333333333 14300363
k 14 561 333333333 14301027
k 14 562 333333333 14308739
k 14 563 333333333 14302208
k 14 564 333333333 14303781
k 14 565 333333333 14307997
k 14 566 333333333 14306790
k 14 567 333333333 14302408
k 14 570 333333333 14300612
k 14 568 333333333 14305746
k 14 569 333333333 14299400
k 14 571 333333333 14306853
k 14 572 333333333 14294012
k 14 573 333333333 14301296
k 14 574 333333333 14306557
k 14 576 333333333 14296025
k 14 575 333333333 14295359
k 14 578 333333333 14297915
k 14 577 333333333 14299969
k 14 579 333333333 14292930
k 14 580 333333333 14296658
k 14 581 333333333 14290466
k 14 582 333333333 14295561
k 14 583 333333333 14301341
k 14 584 333333333 14291307
k 14 585 333333333 14288200
k 14 586 333333333 14292012
k 14 587 333333333 14289362
k 14 588 333333333 14289125
k 14 590 333333333 14286700
k 14 591 333333333 14285294
k 14 589 333333333 14285538
k 14 592 333333333 14287202
k 14 594 333333333 14279183
k 14 595 333333333 14283650
k 14 593 333333333 14290618
k 14 596 333333333 14281809
k 14 597 333333333 14283554
k 14 598 333333333 14282016
k 14 599 333333333 14283835
k 14 600 333333333 14283908
k 14 601 333333333 14280207
k 14 602 333333333 14278850
k 14 603 333333333 14283200
k 14 604 333333333 14285932
k 14 605 333333333 14282887
k 14 606 333333333 14279861
k 14 607 333333333 14273607
k 14 609 333333333 14273783
k 14 608 333333333 14279313
k 14 610 333333333 14276293
k 14 611 333333333 14273354
k 14 612 333333333 14272057
k 14 614 333333333 14275039
k 14 613 333333333 14275592
k 14 615 333333333 14271771
k 14 616 333333333 14275186
k 14 617 333333333 14275300
k 14 618 333333333 14270881
k 14 619 333333333 14274404
k 14 620 333333333 14267062
k 14 621 333333333 14271512
k 14 623 333333333 14274799
k 14 622 333333333 14268241
k 14 624 333333333 14272420
k 14 625 333333333 14272331
k 14 626 333333333 14271847
k 14 627 333333333 14264038
k 14 628 333333333 14271110
k 14 629 333333333 14266318
k 14 630 333333333 14267675
k 14 631 333333333 14266989
k 14 634 333333333 14261611
k 14 633 333333333 14262532
k 14 632 333333333 14265819
k 14 635 333333333 14265722
k 14 636 333333333 14263361
k 14 637 333333333 14262021
k 14 638 333333333 14262811
k 14 639 333333333 14255728
k 14 640 333333333 14261622
k 14 642 333333333 14258581
k 14 641 333333333 14259665
k 14 643 333333333 14261827
k 14 644 333333333 14257939
k 14 645 333333333 14258294
k 14 646 333333333 14263351
k 14 647 333333333 14259299
k 14 648 333333333 14254693
k 14 649 333333333 14251926
k 14 650 333333333 14252862
k 14 651 333333333 14250586
k 14 652 333333333 14250774
k 14 653 333333333 14248159
k 14 654 333333333 14255554
k 14 655 333333333 14253772
k 14 656 333333333 14248883
k 14 657 333333333 14249876
k 14 658 333333333 14250077
k 14 661 333333333 14246008
k 14 660 333333333 14245622
k 14 659 333333333 14243351
k 14 662 333333333 14250698
k 14 663 333333333 14246609
k 14 665 333333333 14244986
k 14 664 333333333 14246953
k 14 666 333333333 14237627
k 14 669 333333333 14250076
k 14 667 333333333 14246581
k 14 668 333333333 14239918
k 14 670 333333333 14239112
k 14 671 333333333 14239800
k 14 672 333333333 14243150
k 14 673 333333333 14243039
k 14 675 333333333 14233127
k 14 674 333333333 14240734
k 14 676 333333333 14239910
k 14 677 333333333 14241078
k 14 678 333333333 14238033
k 14 680 333333333 14235504
k 14 679 333333333 14241867
k 14 681 333333333 14241071
k 14 682 333333333 14241732
k 14 683 333333333 14229140
k 14 684 333333333 14242419
k 14 685 333333333 14238801
k 14 686 333333333 14232665
k 14 687 333333333 14231941
k 14 688 333333333 14229734
k 14 689 333333333 14231726
k 14 690 333333333 14228448
k 14 691 333333333 14232490
k 14 692 333333333 14229170
k 14 693 333333333 14229767
k 14 694 333333333 14231626
k 14 695 333333333 14229831
k 14 697 333333333 14229427
k 14 698 333333333 14221677
k 14 696 333333333 14228199
k 14 699 333333333 14222903
k 14 700 333333333 14228508
k 14 702 333333333 14227906
k 14 701 333333333 14227028
k 14 704 333333333 14221952
k 14 703 333333333 14224203
k 14 705 333333333 14223133
k 14 706 333333333 14222897
k 14 707 333333333 14224738
k 14 708 333333333 14222148
k 14 709 333333333 14219769
k 14 711 333333333 14223009
k 14 712 333333333 14214527
k 14 710 333333333 14217788
k 14 713 333333333 14218233
k 14 715 333333333 14217007
k 14 714 333333333 14215754
k 14 716 333333333 14213808
k 14 717 333333333 14216048
k 14 718 333333333 14220961
k 14 719 333333333 14217692
k 14 720 333333333 14211156
k 14 721 333333333 14221617
k 14 723 333333333 14213244
k 14 722 333333333 14212129
k 14 724 333333333 14215329
k 14 725 333333333 14215413
k 14 726 333333333 14214290
k 14 727 333333333 14213538
k 14 728 333333333 14211915
k 14 729 333333333 14211211
k 14 730 333333333 14210065
k 14 731 333333333 14215472
k 14 732 333333333 14206496
k 14 733 333333333 14206704
k 14 734 333333333 14209543
k 14 735 333333333 14209090
k 14 736 333333333 14205366
k 14 739 333333333 14205039
k 14 737 333333333 14204012
k 14 738 333333333 14211588
k 14 740 333333333 14202438
k 14 741 333333333 14207817
k 14 742 333333333 14198867
k 14 743 333333333 14204458
k 14 744 333333333 14202210
k 14 745 333333333 14199468
k 14 746 333333333 14205998
k 14 748 333333333 14197948
k 14 747 333333333 14202432
k 14 749 333333333 14202600
k 14 751 333333333 14200022
k 14 750 333333333 14203007
k 14 752 333333333 14199738
k 14 753 333333333 14198178
k 14 754 333333333 14192651
k 14 755 333333333 14198427
k 14 756 333333333 14199858
k 14 758 333333333 14190741
k 14 757 333333333 14200915
k 14 759 333333333 14195152
k 14 760 333333333 14186980
k 14 761 333333333 14193996
k 14 762 333333333 14187942
k 14 763 333333333 14194740
k 14 766 333333333 14195953
k 14 767 333333333 14190346
k 14 765 333333333 14188135
k 14 764 333333333 14190209
k 14 768 333333333 14186817
k 14 769 333333333 14189827
k 14 770 333333333 14188377
k 14 771 333333333 14187419
k 14 772 333333333 14186248
k 14 774 333333333 14186766
k 14 775 333333333 14188186
k 14 776 333333333 14187708
k 14 773 333333333 14189261
k 14 777 333333333 14184622
k 14 778 333333333 14184135
k 14 779 333333333 14184421
k 14 781 333333333 14178988
k 14 780 333333333 14184818
k 14 783 333333333 14177341
k 14 782 333333333 14187010
k 14 789 333333333 14178953
k 14 784 333333333 14179262
k 14 786 333333333 14179768
k 14 785 333333333 14181300
k 14 788 333333333 14180574
k 14 787 333333333 14179829
k 14 790 333333333 14177179
k 14 791 333333333 14178620
k 14 792 333333333 14174006
k 14 794 333333333 14174976
k 14 793 333333333 14174989
k 14 795 333333333 14171217
k 14 796 333333333 14176266
k 14 798 333333333 14175718
k 14 797 333333333 14169405
k 14 799 333333333 14172718
k 14 800 333333333 14168638
k 14 801 333333333 14173331
k 14 803 333333333 14173031
k 14 804 333333333 14172760
k 14 802 333333333 14175780
k 14 805 333333333 14171586
k 14 811 333333333 14172177
k 14 806 333333333 14164303
k 14 807 333333333 14170184
k 14 808 333333333 14165452
k 14 809 333333333 14173534
k 14 810 333333333 14163893
k 14 812 333333333 14164086
k 14 813 333333333 14171264
k 14 814 333333333 14160156
k 14 815 333333333 14167648
k 14 816 333333333 14164611
k 14 817 333333333 14164591
k 14 820 333333333 14164355
k 14 818 333333333 14166314
k 14 819 333333333 14162961
k 14 822 333333333 14161049
k 14 823 333333333 14162148
k 14 821 333333333 14157165
k 14 824 333333333 14160309
k 14 825 333333333 14157523
k 14 826 333333333 14157787
k 14 827 333333333 14166194
k 14 832 333333333 14153422
k 14 828 333333333 14158068
k 14 829 333333333 14156824
k 14 830 333333333 14155282
k 14 831 333333333 14155952
k 14 833 333333333 14154428
k 14 834 333333333 14157962
k 14 835 333333333 14156431
k 14 836 333333333 14157819
k 14 837 333333333 14150159
k 14 838 333333333 14153084
k 14 839 333333333 14153046
k 14 840 333333333 14154260
k 14 842 333333333 14148795
k 14 841 333333333 14150641
k 14 843 333333333 14153603
k 14 845 333333333 14146812
k 14 846 333333333 14148955
k 14 844 333333333 14149757
k 14 847 333333333 14146908
k 14 848 333333333 14149141
k 14 849 333333333 14147727
k 14 850 333333333 14144772
k 14 855 333333333 14150381
k 14 852 333333333 14147888
k 14 851 333333333 14147671
k 14 853 333333333 14150968
k 14 854 333333333 14148029
k 14 856 333333333 14150047
k 14 857 333333333 14143934
k 14 858 333333333 14145340
k 14 859 333333333 14145507
k 14 860 333333333 14142543
k 14 861 333333333 14138417
k 14 865 333333333 14136580
k 14 862 333333333 14140031
k 14 863 333333333 14140190
k 14 864 333333333 14142135
k 14 866 333333333 14136822
k 14 868 333333333 14138131
k 14 867 333333333 14145857
k 14 869 333333333 14138302
k 14 870 333333333 14142004
k 14 871 333333333 14140107
k 14 872 333333333 14136463
k 14 876 333333333 14136981
k 14 873 333333333 14134716
k 14 874 333333333 14137622
k 14 875 333333333 14131645
k 14 877 333333333 14132023
k 14 878 333333333 14134459
k 14 879 333333333 14129370
k 14 881 333333333 14138933
k 14 880 333333333 14131121
k 14 882 333333333 14128412
k 14 883 333333333 14137425
k 14 887 333333333 14129506
k 14 884 333333333 14132420
k 14 885 333333333 14131196
k 14 886 333333333 14128919
k 14 888 333333333 14128653
k 14 889 333333333 14129700
k 14 890 333333333 14123990
k 14 891 333333333 14132367
k 14 893 333333333 14127381
k 14 892 333333333 14126095
k 14 895 333333333 14124620
k 14 898 333333333 14123639
k 14 896 333333333 14122885
k 14 894 333333333 14125784
k 14 897 333333333 14124884
k 14 899 333333333 14128251
k 14 900 333333333 14117599
k 14 902 333333333 14123036
k 14 901 333333333 14119984
k 14 903 333333333 14118838
k 14 904 333333333 14121236
k 14 909 333333333 14116957
k 14 905 333333333 14118877
k 14 907 333333333 14121179
k 14 906 333333333 14121177
k 14 908 333333333 14118356
k 14 910 333333333 14121928
k 14 912 333333333 14113269
k 14 911 333333333 14118240
k 14 913 333333333 14117077
k 14 914 333333333 14115814
k 14 915 333333333 14118800
k 14 916 333333333 14110230
k 14 917 333333333 14122025
k 14 919 333333333 14113339
k 14 918 333333333 14114374
k 14 920 333333333 14113007
k 14 921 333333333 14112973
k 14 922 333333333 14110880
k 14 923 333333333 14112049
k 14 924 333333333 14107309
k 14 926 333333333 14113589
k 14 925 333333333 14109467
k 14 927 333333333 14107547
k 14 932 333333333 14110165
k 14 928 333333333 14105098
k 14 929 333333333 14112769
k 14 930 333333333 14109234
k 14 931 333333333 14112035
k 14 933 333333333 14104051
k 14 935 333333333 14108165
k 14 934 333333333 14107829
k 14 936 333333333 14103876
k 14 937 333333333 14111225
k 14 938 333333333 14104256
k 14 939 333333333 14104516
k 14 940 333333333 14101926
k 14 942 333333333 14097999
k 14 941 333333333 14100990
k 14 943 333333333 14099055
k 14 944 333333333 14101793
k 14 945 333333333 14098614
k 14 946 333333333 14105720
k 14 947 333333333 14095042
k 14 948 333333333 14095123
k 14 950 333333333 14103908
k 14 949 333333333 14099595
k 14 955 333333333 14098393
k 14 951 333333333 14097553
k 14 953 333333333 14097949
k 14 952 333333333 14096657
k 14 954 333333333 14099699
k 14 956 333333333 14093577
k 14 957 333333333 14100530
k 14 959 333333333 14097789
k 14 958 333333333 14095963
k 14 960 333333333 14094055
k 14 961 333333333 14093008
k 14 965 333333333 14092323
k 14 962 333333333 14092611
k 14 963 333333333 14091038
k 14 964 333333333 14097932
k 14 966 333333333 14087530
k 14 967 333333333 14090249
k 14 968 333333333 14084820
k 14 969 333333333 14083536
k 14 970 333333333 14093277
k 14 971 333333333 14093182
k 14 976 333333333 14084491
k 14 972 333333333 14087379
k 14 973 333333333 14089683
k 14 974 333333333 14092830
k 14 975 333333333 14087018
k 14 977 333333333 14085016
k 14 978 333333333 14085041
k 14 979 333333333 14086637
k 14 980 333333333 14082469
k 14 982 333333333 14084396
k 14 983 333333333 14084018
k 14 981 333333333 14083280
k 14 984 333333333 14084751
k 14 986 333333333 14079909
k 14 985 333333333 14081368
k 14 989 333333333 14079082
k 14 987 333333333 14082073
k 14 988 333333333 14082705
k 14 990 333333333 14084750
k 14 991 333333333 14079076
k 14 992 333333333 14077771
k 14 993 333333333 14081516
k 14 994 333333333 14073516
k 14 999 333333333 14078367
k 14 995 333333333 14074925
k 14 996 333333333 14077587
k 14 997 333333333 14075730
k 14 998 333333333 14080016
k 14 1000 333333333 14075053
k 14 1001 333333333 14078998
k 14 1002 333333333 14078741
k 14 1003 333333333 14071789
k 14 1004 333333333 14073333
k 14 1009 333333333 14074250
k 14 1005 333333333 14073229
k 14 1006 333333333 14072924
k 14 1007 333333333 14069591
k 14 1008 333333333 14073187
k 14 1011 333333333 14075114
k 14 1010 333333333 14076477
k 14 1012 333333333 14066542
k 14 1013 333333333 14066125
k 14 1014 333333333 14066889
k 14 1015 333333333 14069304
k 14 1017 333333333 14068030
k 14 1016 333333333 14066430
k 14 1019 333333333 14064286
k 14 1018 333333333 14063811
k 14 1022 333333333 14065075
k 14 1020 333333333 14065312
k 14 1021 333333333 14065762
k 14 1023 333333333 14064361
k 14 1026 333333333 14065714
k 14 1024 333333333 14066870
k 14 1025 333333333 14062926
k 14 1027 333333333 14061270
k 14 1028 333333333 14065807
k 14 1032 333333333 14063316
k 14 1030 333333333 14065257
k 14 1031 333333333 14061673
k 14 1029 333333333 14061805
k 14 1033 333333333 14058520
k 14 1034 333333333 14056486
k 14 1035 333333333 14059835
k 14 1036 333333333 14057335
k 14 1037 333333333 14054411
k 14 1039 333333333 14053990
k 14 1038 333333333 14059599
k 14 1040 333333333 14058295
k 14 1043 333333333 14056385
k 14 1041 333333333 14056405
k 14 1042 333333333 14058293
k 14 1044 333333333 14054874
k 14 1045 333333333 14058498
k 14 1046 333333333 14054450
k 14 1047 333333333 14052603
k 14 1048 333333333 14057029
k 14 1049 333333333 14054453
k 14 1050 333333333 14049395
k 14 1055 333333333 14052674
k 14 1051 333333333 14056494
k 14 1053 333333333 14055268
k 14 1052 333333333 14055936
k 14 1054 333333333 14050185
k 14 1056 333333333 14048335
k 14 1057 333333333 14054319
k 14 1058 333333333 14051483
k 14 1059 333333333 14050911
k 14 1060 333333333 14045036
k 14 1061 333333333 14046345
k 14 1065 333333333 14048476
k 14 1063 333333333 14051903
k 14 1062 333333333 14043232
k 14 1064 333333333 14049744
k 14 1068 333333333 14046855
k 14 1067 333333333 14045579
k 14 1066 333333333 14043474
k 14 1069 333333333 14042555
k 14 1071 333333333 14039831
k 14 1070 333333333 14046243
k 14 1072 333333333 14042129
k 14 1076 333333333 14043379
k 14 1073 333333333 14042796
k 14 1074 333333333 14040462
k 14 1075 333333333 14041625
k 14 1078 333333333 14041290
k 14 1079 333333333 14036245
k 14 1077 333333333 14042888
k 14 1080 333333333 14041479
k 14 1082 333333333 14034622
k 14 1081 333333333 14041161
k 14 1083 333333333 14036797
k 14 1084 333333333 14036947
k 14 1087 333333333 14041377
k 14 1085 333333333 14036917
k 14 1086 333333333 14040234
k 14 1088 333333333 14031071
k 14 1089 333333333 14035519
k 14 1090 333333333 14038509
k 14 1091 333333333 14033426
k 14 1093 333333333 14025356
k 14 1092 333333333 14035005
k 14 1095 333333333 14034935
k 14 1094 333333333 14036208
k 14 1099 333333333 14033473
k 14 1096 333333333 14030920
k 14 1097 333333333 14031538
k 14 1098 333333333 14029273
k 14 1100 333333333 14037526
k 14 1102 333333333 14031335
k 14 1101 333333333 14036394
k 14 1103 333333333 14024310
k 14 1104 333333333 14030777
k 14 1105 333333333 14028834
k 14 1110 333333333 14030548
k 14 1106 333333333 14033704
k 14 1107 333333333 14027962
k 14 1111 333333333 14025770
k 14 1109 333333333 14028438
k 14 1108 333333333 14028920
k 14 1112 333333333 14025695
k 14 1113 333333333 14024907
k 14 1114 333333333 14024661
k 14 1115 333333333 14020184
k 14 1116 333333333 14026154
k 14 1120 333333333 14017690
k 14 1117 333333333 14026753
k 14 1118 333333333 14025237
k 14 1119 333333333 14025941
k 14 1121 333333333 14023472
k 14 1122 333333333 14017644
k 14 1124 333333333 14014105
k 14 1123 333333333 14017645
k 14 1125 333333333 14022407
k 14 1127 333333333 14017321
k 14 1126 333333333 14020847
k 14 1128 333333333 14019201
k 14 1131 333333333 14015622
k 14 1129 333333333 14018600
k 14 1130 333333333 14024386
k 14 1132 333333333 14009929
k 14 1133 333333333 14014918
k 14 1134 333333333 14014874
k 14 1136 333333333 14018516
k 14 1135 333333333 14019228
k 14 1137 333333333 14015771
k 14 1138 333333333 14011144
k 14 1139 333333333 14014446
k 14 1143 333333333 14012999
k 14 1141 333333333 14014402
k 14 1140 333333333 14012326
k 14 1142 333333333 14011246
k 14 1144 333333333 14008879
k 14 1145 333333333 14010586
k 14 1147 333333333 14011268
k 14 1146 333333333 14009400
k 14 1148 333333333 14005641
k 14 1149 333333333 14011827
k 14 1150 333333333 14009589
k 14 1154 333333333 14007664
k 14 1152 333333333 14006781
k 14 1153 333333333 14014250
k 14 1151 333333333 14012153
k 14 1156 333333333 14000868
k 14 1157 333333333 14010229
k 14 1155 333333333 14008449
k 14 1158 333333333 14005994
k 14 1159 333333333 14001557
k 14 1161 333333333 14004604
k 14 1160 333333333 14011519
k 14 1165 333333333 14000678
k 14 1163 333333333 14001461
k 14 1162 333333333 14006345
k 14 1164 333333333 14005431
k 14 1166 333333333 14001792
k 14 1168 333333333 14003197
k 14 1167 333333333 14003998
k 14 1169 333333333 13996514
k 14 1170 333333333 14002026
k 14 1171 333333333 13997441
k 14 1176 333333333 14000743
k 14 1172 333333333 14001782
k 14 1173 333333333 13996230
k 14 1175 333333333 14001280
k 14 1174 333333333 14001979
k 14 1177 333333333 14000354
k 14 1179 333333333 13998049
k 14 1178 333333333 13999786
k 14 1180 333333333 13997975
k 14 1181 333333333 13996074
k 14 1182 333333333 13995555
k 14 1183 333333333 13996693
k 14 1186 333333333 13992232
k 14 1184 333333333 13987887
k 14 1185 333333333 13991724
k 14 1187 333333333 13992035
k 14 1189 333333333 13997940
k 14 1188 333333333 13990536
k 14 1190 333333333 13989652
k 14 1191 333333333 13997639
k 14 1192 333333333 13993309
k 14 1193 333333333 13987739
k 14 1194 333333333 13990687
k 14 1195 333333333 13996618
k 14 1196 333333333 13995720
k 14 1198 333333333 13988118
k 14 1197 333333333 13994924
k 14 1199 333333333 13989748
k 14 1200 333333333 13987742
k 14 1204 333333333 13988672
k 14 1201 333333333 13987513
k 14 1202 333333333 13985011
k 14 1203 333333333 13989951
k 14 1207 333333333 13987466
k 14 1205 333333333 13979000
k 14 1206 333333333 13985974
k 14 1211 333333333 13981768
k 14 1209 333333333 13987601
k 14 1210 333333333 13985055
k 14 1208 333333333 13984950
k 14 1212 333333333 13990511
k 14 1213 333333333 13982447
k 14 1214 333333333 13983182
k 14 1222 333333333 13980394
k 14 1217 333333333 13984318
k 14 1215 333333333 13978641
k 14 1216 333333333 13983186
k 14 1219 333333333 13980343
k 14 1218 333333333 13982267
k 14 1220 333333333 13983825
k 14 1221 333333333 13979332
k 14 1223 333333333 13978257
k 14 1224 333333333 13980896
k 14 1225 333333333 13978564
k 14 1226 333333333 13979638
k 14 1227 333333333 13973042
k 14 1228 333333333 13980385
k 14 1229 333333333 13976727
k 14 1230 333333333 13978408
k 14 1231 333333333 13971529
k 14 1232 333333333 13976692
k 14 1233 333333333 13972956
k 14 1235 333333333 13976829
k 14 1234 333333333 13971885
k 14 1236 333333333 13970970
k 14 1237 333333333 13972186
k 14 1238 333333333 13973336
k 14 1239 333333333 13973347
k 14 1243 333333333 13971097
k 14 1240 333333333 13969713
k 14 1241 333333333 13968290
k 14 1242 333333333 13969776
k 14 1244 333333333 13967741
k 14 1246 333333333 13974348
k 14 1247 333333333 13970613
k 14 1245 333333333 13967452
k 14 1248 333333333 13967919
k 14 1249 333333333 13966591
k 14 1250 333333333 13968517
k 14 1251 333333333 13968672
k 14 1254 333333333 13963762
k 14 1252 333333333 13970490
k 14 1253 333333333 13967017
k 14 1257 333333333 13965220
k 14 1255 333333333 13965853
k 14 1256 333333333 13962774
k 14 1259 333333333 13961503
k 14 1258 333333333 13961217
k 14 1260 333333333 13961628
k 14 1261 333333333 13963592
k 14 1266 333333333 13959311
k 14 1262 333333333 13966685
k 14 1263 333333333 13960544
k 14 1265 333333333 13962204
k 14 1264 333333333 13961834
k 14 1268 333333333 13962154
k 14 1267 333333333 13960000
k 14 1270 333333333 13956802
k 14 1269 333333333 13959938
k 14 1271 333333333 13958839
k 14 1276 333333333 13956852
k 14 1274 333333333 13962006
k 14 1273 333333333 13958862
k 14 1272 333333333 13958555
k 14 1275 333333333 13954653
k 14 1277 333333333 13958299
k 14 1278 333333333 13962851
k 14 1279 333333333 13953143
k 14 1280 333333333 13954131
k 14 1282 333333333 13954274
k 14 1281 333333333 13957782
k 14 1283 333333333 13947568
k 14 1284 333333333 13956204
k 14 1285 333333333 13955940
k 14 1286 333333333 13952720
k 14 1288 333333333 13956527
k 14 1287 333333333 13952301
k 14 1289 333333333 13953289
k 14 1290 333333333 13951017
k 14 1291 333333333 13953227
k 14 1292 333333333 13950452
k 14 1294 333333333 13951116
k 14 1296 333333333 13947064
k 14 1293 333333333 13944469
k 14 1295 333333333 13952837
k 14 1300 333333333 13944658
k 14 1297 333333333 13946957
k 14 1298 333333333 13949913
k 14 1299 333333333 13948609
k 14 1301 333333333 13945786
k 14 1302 333333333 13950874
k 14 1303 333333333 13949100
k 14 1304 333333333 13943151
k 14 1306 333333333 13941014
k 14 1305 333333333 13948285
k 14 1311 333333333 13942515
k 14 1307 333333333 13947330
k 14 1308 333333333 13947979
k 14 1310 333333333 13944816
k 14 1309 333333333 13941989
k 14 1312 333333333 13946892
k 14 1313 333333333 13939257
k 14 1314 333333333 13942868
k 14 1315 333333333 13939634
k 14 1316 333333333 13942656
k 14 1317 333333333 13944074
k 14 1321 333333333 13937935
k 14 1318 333333333 13940024
k 14 1319 333333333 13943259
k 14 1320 333333333 13939513
k 14 1322 333333333 13943154
k 14 1325 333333333 13942992
k 14 1324 333333333 13942041
k 14 1323 333333333 13940472
k 14 1326 333333333 13942766
k 14 1327 333333333 13936153
k 14 1328 333333333 13939355
k 14 1332 333333333 13936157
k 14 1329 333333333 13933936
k 14 1330 333333333 13936874
k 14 1331 333333333 13937191
k 14 1333 333333333 13942426
k 14 1334 333333333 13931020
k 14 1335 333333333 13932578
k 14 1336 333333333 13936087
k 14 1337 333333333 13936992
k 14 1339 333333333 13923713
k 14 1338 333333333 13938280
k 14 1340 333333333 13933461
k 14 1343 333333333 13928724
k 14 1341 333333333 13930635
k 14 1342 333333333 13929506
k 14 1344 333333333 13937246
k 14 1346 333333333 13931699
k 14 1345 333333333 13928187
k 14 1347 333333333 13928033
k 14 1348 333333333 13929446
k 14 1349 333333333 13935865
k 14 1350 333333333 13930007
k 14 1351 333333333 13926020
k 14 1355 333333333 13927478
k 14 1352 333333333 13928672
k 14 1353 333333333 13927387
k 14 1354 333333333 13922793
k 14 1357 333333333 13922165
k 14 1356 333333333 13928738
k 14 1358 333333333 13930319
k 14 1360 333333333 13927104
k 14 1359 333333333 13927227
k 14 1366 333333333 13925564
k 14 1361 333333333 13925263
k 14 1362 333333333 13926377
k 14 1363 333333333 13923113
k 14 1365 333333333 13922071
k 14 1364 333333333 13924966
k 14 1367 333333333 13926027
k 14 1368 333333333 13922282
k 14 1369 333333333 13919671
k 14 1370 333333333 13918620
k 14 1371 333333333 13923925
k 14 1375 333333333 13921275
k 14 1374 333333333 13919660
k 14 1373 333333333 13920883
k 14 1372 333333333 13918688
k 14 1377 333333333 13917353
k 14 1376 333333333 13920769
k 14 1378 333333333 13918136
k 14 1380 333333333 13928633
k 14 1379 333333333 13915453
k 14 1381 333333333 13914864
k 14 1382 333333333 13913012
k 14 1383 333333333 13913186
k 14 1384 333333333 13913913
k 14 1386 333333333 13915159
k 14 1385 333333333 13916923
k 14 1387 333333333 13913674
k 14 1388 333333333 13910418
k 14 1389 333333333 13911884
k 14 1390 333333333 13913604
k 14 1392 333333333 13912991
k 14 1391 333333333 13910520
k 14 1394 333333333 13910254
k 14 1393 333333333 13919052
k 14 1396 333333333 13915176
k 14 1397 333333333 13911447
k 14 1399 333333333 13913058
k 14 1395 333333333 13911541
k 14 1398 333333333 13909386
k 14 1400 333333333 13907697
k 14 1401 333333333 13912509
k 14 1402 333333333 13912491
k 14 1403 333333333 13904263
k 14 1406 333333333 13907143
k 14 1405 333333333 13906078
k 14 1404 333333333 13913087
k 14 1411 333333333 13904765
k 14 1407 333333333 13910404
k 14 1408 333333333 13904920
k 14 1412 333333333 13903858
k 14 1409 333333333 13907051
k 14 1410 333333333 13904691
k 14 1414 333333333 13900032
k 14 1413 333333333 13902812
k 14 1416 333333333 13907724
k 14 1415 333333333 13905150
k 14 1421 333333333 13898212
k 14 1417 333333333 13902500
k 14 1418 333333333 13902932
k 14 1419 333333333 13900614
k 14 1420 333333333 13906955
k 14 1422 333333333 13904240
k 14 1423 333333333 13908133
k 14 1425 333333333 13898658
k 14 1426 333333333 13896360
k 14 1424 333333333 13905696
k 14 1427 333333333 13899905
k 14 1428 333333333 13895331
k 14 1431 333333333 13899913
k 14 1429 333333333 13897370
k 14 1430 333333333 13904693
k 14 1432 333333333 13896117
k 14 1434 333333333 13896584
k 14 1433 333333333 13898095
k 14 1435 333333333 13898582
k 14 1436 333333333 13899262
k 14 1437 333333333 13896219
k 14 1438 333333333 13894172
k 14 1440 333333333 13893192
k 14 1439 333333333 13898652
k 14 1443 333333333 13889341
k 14 1441 333333333 13891299
k 14 1442 333333333 13894149
k 14 1444 333333333 13893492
k 14 1445 333333333 13887404
k 14 1446 333333333 13889269
k 14 1447 333333333 13893070
k 14 1448 333333333 13892027
k 14 1449 333333333 13891729
k 14 1455 333333333 13888157
k 14 1450 333333333 13890854
k 14 1451 333333333 13887180
k 14 1452 333333333 13888947
k 14 1453 333333333 13887573
k 14 1454 333333333 13889939
k 14 1456 333333333 13886411
k 14 1457 333333333 13891214
k 14 1459 333333333 13883863
k 14 1458 333333333 13885832
k 14 1460 333333333 13888328
k 14 1464 333333333 13886416
k 14 1461 333333333 13889305
k 14 1462 333333333 13885152
k 14 1463 333333333 13882871
k 14 1465 333333333 13884723
k 14 1467 333333333 13887133
k 14 1466 333333333 13889394
k 14 1468 333333333 13884076
k 14 1469 333333333 13883638
k 14 1470 333333333 13878779
k 14 1471 333333333 13882588
k 14 1472 333333333 13878980
k 14 1473 333333333 13880057
k 14 1475 333333333 13878349
k 14 1474 333333333 13884513
k 14 1476 333333333 13882714
k 14 1477 333333333 13879056
k 14 1478 333333333 13882907
k 14 1479 333333333 13878730
k 14 1481 333333333 13877652
k 14 1480 333333333 13885208
k 14 1482 333333333 13882463
k 14 1483 333333333 13882212
k 14 1484 333333333 13882358
k 14 1488 333333333 13875931
k 14 1485 333333333 13884362
k 14 1486 333333333 13876546
k 14 1487 333333333 13875429
k 14 1489 333333333 13872859
k 14 1491 333333333 13872577
k 14 1490 333333333 13878663
k 14 1492 333333333 13879055
k 14 1493 333333333 13872290
k 14 1494 333333333 13882599
k 14 1495 333333333 13873202
k 14 1499 333333333 13870544
k 14 1497 333333333 13871410
k 14 1496 333333333 13875901
k 14 1498 333333333 13873573
k 14 1500 333333333 13871572
k 14 1501 333333333 13869286
k 14 1502 333333333 13873347
k 14 1503 333333333 13873582
k 14 1504 333333333 13868310
k 14 1505 333333333 13867182
k 14 1510 333333333 13870633
k 14 1506 333333333 13875775
k 14 1507 333333333 13864379
k 14 1508 333333333 13870756
k 14 1509 333333333 13865558
k 14 1511 333333333 13869106
k 14 1512 333333333 13867261
k 14 1513 333333333 13865314
k 14 1514 333333333 13867070
k 14 1515 333333333 13871018
k 14 1516 333333333 13862353
k 14 1520 333333333 13867509
k 14 1517 333333333 13877073
k 14 1518 333333333 13867431
k 14 1521 333333333 13866113
k 14 1519 333333333 13865538
k 14 1522 333333333 13864880
k 14 1523 333333333 13863797
k 14 1525 333333333 13864308
k 14 1526 333333333 13863202
k 14 1524 333333333 13861887
k 14 1527 333333333 13869049
k 14 1531 333333333 13858609
k 14 1528 333333333 13860196
k 14 1529 333333333 13860163
k 14 1530 333333333 13863226
k 14 1532 333333333 13861380
k 14 1533 333333333 13860704
k 14 1534 333333333 13859502
k 14 1535 333333333 13864268
k 14 1536 333333333 13863705
k 14 1537 333333333 13857203
k 14 1538 333333333 13858299
k 14 1539 333333333 13858497
k 14 1540 333333333 13857492
k 14 1542 333333333 13857792
k 14 1541 333333333 13857072
k 14 1543 333333333 13857641
k 14 1544 333333333 13858945
k 14 1545 333333333 13853485
k 14 1546 333333333 13860020
k 14 1547 333333333 13859052
k 14 1548 333333333 13850178
k 14 1549 333333333 13854858
k 14 1550 333333333 13860889
k 14 1555 333333333 13856383
k 14 1551 333333333 13850300
k 14 1552 333333333 13852815
k 14 1553 333333333 13851240
k 14 1554 333333333 13852744
k 14 1556 333333333 13851920
k 14 1557 333333333 13852376
k 14 1558 333333333 13852628
k 14 1559 333333333 13856381
k 14 1560 333333333 13852071
k 14 1561 333333333 13847039
k 14 1565 333333333 13852990
k 14 1562 333333333 13854976
k 14 1563 333333333 13853248
k 14 1564 333333333 13851163
k 14 1566 333333333 13849387
k 14 1567 333333333 13852712
k 14 1568 333333333 13850734
k 14 1569 333333333 13847755
k 14 1570 333333333 13849660
k 14 1571 333333333 13845379
k 14 1572 333333333 13846550
k 14 1576 333333333 13848253
k 14 1573 333333333 13850644
k 14 1574 333333333 13847643
k 14 1575 333333333 13845106
k 14 1577 333333333 13844755
k 14 1578 333333333 13845420
k 14 1579 333333333 13840460
k 14 1580 333333333 13838148
k 14 1581 333333333 13842135
k 14 1582 333333333 13845611
k 14 1583 333333333 13841185
k 14 1584 333333333 13845365
k 14 1587 333333333 13842869
k 14 1585 333333333 13835909
k 14 1586 333333333 13843283
k 14 1588 333333333 13840180
k 14 1589 333333333 13837895
k 14 1590 333333333 13840348
k 14 1591 333333333 13843703
k 14 1592 333333333 13846296
k 14 1593 333333333 13839765
k 14 1594 333333333 13841267
k 14 1595 333333333 13837312
k 14 1599 333333333 13838789
k 14 1596 333333333 13834604
k 14 1597 333333333 13840029
k 14 1598 333333333 13842798
k 14 1600 333333333 13837208
k 14 1601 333333333 13837180
k 14 1602 333333333 13843953
k 14 1603 333333333 13837437
k 14 1604 333333333 13830227
k 14 1605 333333333 13830527
k 14 1610 333333333 13835908
k 14 1606 333333333 13835011
k 14 1607 333333333 13836072
k 14 1608 333333333 13839283
k 14 1609 333333333 13832965
k 14 1611 333333333 13833122
k 14 1612 333333333 13835505
k 14 1613 333333333 13832166
k 14 1614 333333333 13836964
k 14 1615 333333333 13831468
k 14 1616 333333333 13835639
k 14 1620 333333333 13825713
k 14 1617 333333333 13826462
k 14 1618 333333333 13830157
k 14 1619 333333333 13833578
k 14 1622 333333333 13826373
k 14 1621 333333333 13830879
k 14 1623 333333333 13828228
k 14 1624 333333333 13831444
k 14 1626 333333333 13828552
k 14 1625 333333333 13828370
k 14 1627 333333333 13828078
k 14 1631 333333333 13826268
k 14 1628 333333333 13829324
k 14 1629 333333333 13829639
k 14 1632 333333333 13828604
k 14 1630 333333333 13827144
k 14 1633 333333333 13824589
k 14 1634 333333333 13824568
k 14 1636 333333333 13828497
k 14 1635 333333333 13824102
k 14 1637 333333333 13824261
k 14 1638 333333333 13826961
k 14 1639 333333333 13827235
k 14 1642 333333333 13823161
k 14 1640 333333333 13820732
k 14 1641 333333333 13820162
k 14 1644 333333333 13820145
k 14 1643 333333333 13826565
k 14 1645 333333333 13824652
k 14 1646 333333333 13822761
k 14 1647 333333333 13820615
k 14 1648 333333333 13818026
k 14 1649 333333333 13819247
k 14 1651 333333333 13813590
k 14 1650 333333333 13819634
k 14 1654 333333333 13821667
k 14 1652 333333333 13824706
k 14 1653 333333333 13817342
k 14 1655 333333333 13818526
k 14 1656 333333333 13816388
k 14 1657 333333333 13821939
k 14 1658 333333333 13824804
k 14 1661 333333333 13817535
k 14 1660 333333333 13817551
k 14 1659 333333333 13824139
k 14 1666 333333333 13814622
k 14 1662 333333333 13812614
k 14 1663 333333333 13812680
k 14 1665 333333333 13813759
k 14 1664 333333333 13813867
k 14 1667 333333333 13812733
k 14 1668 333333333 13817636
k 14 1669 333333333 13814897
k 14 1670 333333333 13811016
k 14 1671 333333333 13816689
k 14 1676 333333333 13814944
k 14 1672 333333333 13814827
k 14 1673 333333333 13809937
k 14 1674 333333333 13810918
k 14 1675 333333333 13815542
k 14 1677 333333333 13812735
k 14 1680 333333333 13810168
k 14 1678 333333333 13811614
k 14 1679 333333333 13812394
k 14 1681 333333333 13807724
k 14 1682 333333333 13807944
k 14 1683 333333333 13807587
k 14 1684 333333333 13805425
k 14 1686 333333333 13804745
k 14 1685 333333333 13804750
k 14 1687 333333333 13806861
k 14 1688 333333333 13806105
k 14 1689 333333333 13811176
k 14 1690 333333333 13804996
k 14 1691 333333333 13805496
k 14 1693 333333333 13810049
k 14 1694 333333333 13806892
k 14 1692 333333333 13811858
k 14 1695 333333333 13802392
k 14 1699 333333333 13810733
k 14 1696 333333333 13808574
k 14 1697 333333333 13811057
k 14 1698 333333333 13807332
k 14 1700 333333333 13802500
k 14 1701 333333333 13805686
k 14 1703 333333333 13804354
k 14 1704 333333333 13804818
k 14 1702 333333333 13801545
k 14 1705 333333333 13799042
k 14 1710 333333333 13800034
k 14 1706 333333333 13806124
k 14 1707 333333333 13800792
k 14 1708 333333333 13803690
k 14 1709 333333333 13800195
k 14 1711 333333333 13795030
k 14 1712 333333333 13798550
k 14 1713 333333333 13803251
k 14 1715 333333333 13797060
k 14 1714 333333333 13798571
k 14 1720 333333333 13797791
k 14 1717 333333333 13799777
k 14 1716 333333333 13800913
k 14 1718 333333333 13797944
k 14 1719 333333333 13790508
k 14 1721 333333333 13798634
k 14 1722 333333333 13803297
k 14 1723 333333333 13801214
k 14 1724 333333333 13796401
k 14 1726 333333333 13799926
k 14 1725 333333333 13794662
k 14 1727 333333333 13798294
k 14 1730 333333333 13788990
k 14 1728 333333333 13790900
k 14 1729 333333333 13798347
k 14 1731 333333333 13796445
k 14 1732 333333333 13790767
k 14 1734 333333333 13788720
k 14 1733 333333333 13795778
k 14 1735 333333333 13787229
k 14 1736 333333333 13791998
k 14 1737 333333333 13791976
k 14 1738 333333333 13790391
k 14 1740 333333333 13790207
k 14 1739 333333333 13790670
k 14 1742 333333333 13787640
k 14 1741 333333333 13792574
k 14 1743 333333333 13788716
k 14 1744 333333333 13787664
k 14 1746 333333333 13785152
k 14 1745 333333333 13782841
k 14 1748 333333333 13788900
k 14 1747 333333333 13788084
k 14 1749 333333333 13786031
k 14 1750 333333333 13786615
k 14 1755 333333333 13792056
k 14 1752 333333333 13792602
k 14 1751 333333333 13784920
k 14 1754 333333333 13787395
k 14 1753 333333333 13784897
k 14 1756 333333333 13785088
k 14 1757 333333333 13788834
k 14 1758 333333333 13784715
k 14 1759 333333333 13786673
k 14 1760 333333333 13784128
k 14 1762 333333333 13779049
k 14 1765 333333333 13780884
k 14 1761 333333333 13783971
k 14 1763 333333333 13782247
k 14 1766 333333333 13780683
k 14 1767 333333333 13778194
k 14 1764 333333333 13785659
k 14 1768 333333333 13784736
k 14 1769 333333333 13779740
k 14 1770 333333333 13782454
k 14 1776 333333333 13777065
k 14 1771 333333333 13784345
k 14 1772 333333333 13784736
k 14 1774 333333333 13778345
k 14 1773 333333333 13783829
k 14 1775 333333333 13781844
k 14 1777 333333333 13781245
k 14 1778 333333333 13780789
k 14 1780 333333333 13777986
k 14 1781 333333333 13776756
k 14 1779 333333333 13782848
k 14 1783 333333333 13775746
k 14 1782 333333333 13778309
k 14 1785 333333333 13775824
k 14 1784 333333333 13777217
k 14 1787 333333333 13775375
k 14 1786 333333333 13772941
k 14 1788 333333333 13775438
k 14 1791 333333333 13773330
k 14 1790 333333333 13775880
k 14 1789 333333333 13774892
k 14 1792 333333333 13773171
k 14 1794 333333333 13770484
k 14 1793 333333333 13773204
k 14 1798 333333333 13766722
k 14 1796 333333333 13770400
k 14 1795 333333333 13771979
k 14 1797 333333333 13773770
k 14 1799 333333333 13776179
k 14 1800 333333333 13775481
k 14 1801 333333333 13771640
k 14 1802 333333333 13771702
k 14 1803 333333333 13768689
k 14 1805 333333333 13773384
k 14 1804 333333333 13771657
k 14 1809 333333333 13766621
k 14 1806 333333333 13771800
k 14 1807 333333333 13766447
k 14 1811 333333333 13768286
k 14 1808 333333333 13769490
k 14 1810 333333333 13769483
k 14 1812 333333333 13769137
k 14 1813 333333333 13765085
k 14 1815 333333333 13763388
k 14 1814 333333333 13772455
k 14 1816 333333333 13767664
k 14 1820 333333333 13767708
k 14 1817 333333333 13766034
k 14 1818 333333333 13763838
k 14 1819 333333333 13767063
k 14 1821 333333333 13758128
k 14 1824 333333333 13765545
k 14 1823 333333333 13765381
k 14 1822 333333333 13769517
k 14 1825 333333333 13758726
k 14 1826 333333333 13766280
k 14 1831 333333333 13763351
k 14 1827 333333333 13766741
k 14 1828 333333333 13762938
k 14 1830 333333333 13763267
k 14 1829 333333333 13757620
k 14 1832 333333333 13762950
k 14 1833 333333333 13764322
k 14 1834 333333333 13756937
k 14 1835 333333333 13753808
k 14 1836 333333333 13766198
k 14 1837 333333333 13757377
k 14 1838 333333333 13758025
k 14 1839 333333333 13760469
k 14 1840 333333333 13762644
k 14 1841 333333333 13756965
k 14 1842 333333333 13765572
k 14 1843 333333333 13763583
k 14 1844 333333333 13753015
k 14 1845 333333333 13757718
k 14 1847 333333333 13757663
k 14 1846 333333333 13756157
k 14 1848 333333333 13754396
k 14 1849 333333333 13751736
k 14 1850 333333333 13755941
k 14 1855 333333333 13753482
k 14 1852 333333333 13754997
k 14 1851 333333333 13754491
k 14 1853 333333333 13753462
k 14 1854 333333333 13755697
k 14 1856 333333333 13751685
k 14 1857 333333333 13756660
k 14 1858 333333333 13754257
k 14 1859 333333333 13752871
k 14 1860 333333333 13754402
k 14 1865 333333333 13747903
k 14 1861 333333333 13755814
k 14 1863 333333333 13755339
k 14 1862 333333333 13750915
k 14 1864 333333333 13752178
k 14 1868 333333333 13753171
k 14 1866 333333333 13750657
k 14 1867 333333333 13752857
k 14 1869 333333333 13756579
k 14 1870 333333333 13746685
k 14 1871 333333333 13749493
k 14 1875 333333333 13747824
k 14 1872 333333333 13750041
k 14 1873 333333333 13748134
k 14 1874 333333333 13746538
k 14 1877 333333333 13745839
k 14 1876 333333333 13750679
k 14 1879 333333333 13742731
k 14 1878 333333333 13750513
k 14 1881 333333333 13751374
k 14 1880 333333333 13748766
k 14 1882 333333333 13750399
k 14 1883 333333333 13745505
k 14 1886 333333333 13739553
k 14 1884 333333333 13743363
k 14 1885 333333333 13746395
k 14 1887 333333333 13745524
k 14 1889 333333333 13744481
k 14 1888 333333333 13744389
k 14 1891 333333333 13744544
k 14 1890 333333333 13740897
k 14 1892 333333333 13744949
k 14 1893 333333333 13742736
k 14 1895 333333333 13738456
k 14 1894 333333333 13741366
k 14 1897 333333333 13742506
k 14 1898 333333333 13740143
k 14 1896 333333333 13747890
k 14 1899 333333333 13745517
k 14 1900 333333333 13736843
k 14 1902 333333333 13742590
k 14 1901 333333333 13745702
k 14 1905 333333333 13737277
k 14 1903 333333333 13740945
k 14 1904 333333333 13732520
k 14 1911 333333333 13736523
k 14 1906 333333333 13739145
k 14 1907 333333333 13739192
k 14 1908 333333333 13740865
k 14 1910 333333333 13745211
k 14 1909 333333333 13742737
k 14 1912 333333333 13736937
k 14 1913 333333333 13737829
k 14 1914 333333333 13735429
k 14 1916 333333333 13738034
k 14 1920 333333333 13734560
k 14 1915 333333333 13736018
k 14 1917 333333333 13737345
k 14 1918 333333333 13736456
k 14 1919 333333333 13740353
k 14 1921 333333333 13738519
k 14 1922 333333333 13738337
k 14 1923 333333333 13734471
k 14 1924 333333333 13728701
k 14 1925 333333333 13735610
k 14 1926 333333333 13732406
k 14 1930 333333333 13731864
k 14 1927 333333333 13729418
k 14 1928 333333333 13733460
k 14 1929 333333333 13733380
k 14 1932 333333333 13731133
k 14 1931 333333333 13728628
k 14 1933 333333333 13730140
k 14 1934 333333333 13730515
k 14 1935 333333333 13735373
k 14 1936 333333333 13725368
k 14 1937 333333333 13727553
k 14 1939 333333333 13725954
k 14 1938 333333333 13734977
k 14 1940 333333333 13727029
k 14 1941 333333333 13726668
k 14 1942 333333333 13724401
k 14 1943 333333333 13724565
k 14 1944 333333333 13722087
k 14 1946 333333333 13726199
k 14 1945 333333333 13730725
k 14 1947 333333333 13723392
k 14 1948 333333333 13721039
k 14 1949 333333333 13729486
k 14 1950 333333333 13723982
k 14 1955 333333333 13729403
k 14 1953 333333333 13727821
k 14 1951 333333333 13724815
k 14 1952 333333333 13725353
k 14 1954 333333333 13719977
k 14 1957 333333333 13728264
k 14 1956 333333333 13726935
k 14 1958 333333333 13721314
k 14 1959 333333333 13727300
k 14 1960 333333333 13719156
k 14 1961 333333333 13719178
k 14 1965 333333333 13722810
k 14 1962 333333333 13716662
k 14 1964 333333333 13721920
k 14 1963 333333333 13725843
k 14 1966 333333333 13717907
k 14 1967 333333333 13721360
k 14 1968 333333333 13718914
k 14 1969 333333333 13724929
k 14 1971 333333333 13721300
k 14 1970 333333333 13721585
k 14 1976 333333333 13716934
k 14 1972 333333333 13714652
k 14 1973 333333333 13717819
k 14 1974 333333333 13719277
k 14 1975 333333333 13722361
k 14 1977 333333333 13716118
k 14 1978 333333333 13714316
k 14 1979 333333333 13716333
k 14 1980 333333333 13716635
k 14 1981 333333333 13712969
k 14 1982 333333333 13722345
k 14 1983 333333333 13715256
k 14 1986 333333333 13714467
k 14 1984 333333333 13711916
k 14 1985 333333333 13716106
k 14 1987 333333333 13708864
k 14 1988 333333333 13716753
k 14 1989 333333333 13714517
k 14 1990 333333333 13714167
k 14 1991 333333333 13713162
k 14 1992 333333333 13707503
k 14 1993 333333333 13720274
k 14 1995 333333333 13715168
k 14 1994 333333333 13711882
k 14 1996 333333333 13709255
k 14 1998 333333333 13710116
k 14 1997 333333333 13712124
k 14 1999 333333333 13711251
k 14 2001 333333333 13716582
k 14 2000 333333333 13710362
k 14 2003 333333333 13709732
k 14 2002 333333333 13709159
k 14 2004 333333333 13705591
k 14 2011 333333333 13708174
k 14 2005 333333333 13708163
k 14 2006 333333333 13710448
k 14 2008 333333333 13715244
k 14 2007 333333333 13703077
k 14 2009 333333333 13710281
k 14 2010 333333333 13702316
k 14 2012 333333333 13705567
k 14 2013 333333333 13708920
k 14 2014 333333333 13707580
k 14 2015 333333333 13703067
k 14 2016 333333333 13711518
k 14 2019 333333333 13705635
k 14 2017 333333333 13702279
k 14 2018 333333333 13704215
k 14 2021 333333333 13707796
k 14 2024 333333333 13702641
k 14 2023 333333333 13700592
k 14 2022 333333333 13706044
k 14 2020 333333333 13696103
k 14 2025 333333333 13704550
k 14 2026 333333333 13703724
k 14 2031 333333333 13701769
k 14 2027 333333333 13700858
k 14 2028 333333333 13701246
k 14 2029 333333333 13700757
k 14 2030 333333333 13702126
k 14 2032 333333333 13697801
k 14 2033 333333333 13701850
k 14 2035 333333333 13699877
k 14 2034 333333333 13697171
k 14 2037 333333333 13701439
k 14 2038 333333333 13700329
k 14 2039 333333333 13697456
k 14 2036 333333333 13701352
k 14 2041 333333333 13697256
k 14 2040 333333333 13698019
k 14 2042 333333333 13698829
k 14 2043 333333333 13700600
k 14 2044 333333333 13696409
k 14 2046 333333333 13697525
k 14 2047 333333333 13697124
k 14 2045 333333333 13701667
k 14 2048 333333333 13700031
k 14 2050 333333333 13698135
k 14 2049 333333333 13702827
k 14 2054 333333333 13699629
k 14 2051 333333333 13696677
k 14 2052 333333333 13692880
k 14 2053 333333333 13700627
k 14 2055 333333333 13692058
k 14 2057 333333333 13690814
k 14 2056 333333333 13693499
k 14 2058 333333333 13694081
k 14 2059 333333333 13693485
k 14 2060 333333333 13687859
k 14 2061 333333333 13696135
k 14 2065 333333333 13688629
k 14 2062 333333333 13694446
k 14 2063 333333333 13687420
k 14 2064 333333333 13700374
k 14 2066 333333333 13689328
k 14 2067 333333333 13693014
k 14 2068 333333333 13688022
k 14 2069 333333333 13687169
k 14 2070 333333333 13689730
k 14 2071 333333333 13691895
k 14 2076 333333333 13686269
k 14 2072 333333333 13689195
k 14 2073 333333333 13685785
k 14 2074 333333333 13685343
k 14 2075 333333333 13687435
k 14 2077 333333333 13693459
k 14 2079 333333333 13694957
k 14 2078 333333333 13691055
k 14 2080 333333333 13686034
k 14 2081 333333333 13685313
k 14 2082 333333333 13688823
k 14 2086 333333333 13678547
k 14 2083 333333333 13686865
k 14 2084 333333333 13687790
k 14 2085 333333333 13686045
k 14 2088 333333333 13685008
k 14 2087 333333333 13685003
k 14 2089 333333333 13682236
k 14 2090 333333333 13684578
k 14 2092 333333333 13684035
k 14 2091 333333333 13686778
k 14 2093 333333333 13682344
k 14 2094 333333333 13679654
k 14 2095 333333333 13682688
k 14 2097 333333333 13680138
k 14 2096 333333333 13680690
k 14 2098 333333333 13679239
k 14 2099 333333333 13680067
k 14 2100 333333333 13679020
k 14 2101 333333333 13680578
k 14 2102 333333333 13686324
k 14 2103 333333333 13679642
k 14 2104 333333333 13684030
k 14 2110 333333333 13679671
k 14 2105 333333333 13675413
k 14 2106 333333333 13680224
k 14 2107 333333333 13676757
k 14 2108 333333333 13681824
k 14 2109 333333333 13679153
k 14 2111 333333333 13680401
k 14 2112 333333333 13677559
k 14 2113 333333333 13679324
k 14 2114 333333333 13680461
k 14 2115 333333333 13678435
k 14 2116 333333333 13679108
k 14 2117 333333333 13682581
k 14 2119 333333333 13675392
k 14 2118 333333333 13675726
k 14 2120 333333333 13678588
k 14 2121 333333333 13673793
k 14 2122 333333333 13668447
k 14 2123 333333333 13679495
k 14 2124 333333333 13670289
k 14 2125 333333333 13665091
k 14 2127 333333333 13668255
k 14 2126 333333333 13674516
k 14 2132 333333333 13667086
k 14 2128 333333333 13672883
k 14 2129 333333333 13672103
k 14 2130 333333333 13670567
k 14 2131 333333333 13674134
k 14 2133 333333333 13668763
k 14 2134 333333333 13671795
k 14 2135 333333333 13674653
k 14 2136 333333333 13669224
k 14 2137 333333333 13668679
k 14 2138 333333333 13672368
k 14 2142 333333333 13664297
k 14 2139 333333333 13673140
k 14 2140 333333333 13671795
k 14 2141 333333333 13674263
k 14 2143 333333333 13665286
k 14 2145 333333333 13668923
k 14 2144 333333333 13664044
k 14 2146 333333333 13663967
k 14 2147 333333333 13666103
k 14 2149 333333333 13668478
k 14 2148 333333333 13666242
k 14 2150 333333333 13666537
k 14 2153 333333333 13665509
k 14 2151 333333333 13666962
k 14 2152 333333333 13665796
k 14 2154 333333333 13663219
k 14 2156 333333333 13668877
k 14 2155 333333333 13665658
k 14 2157 333333333 13663708
k 14 2158 333333333 13663844
k 14 2159 333333333 13668924
k 14 2160 333333333 13668624
k 14 2161 333333333 13663620
k 14 2165 333333333 13663133
k 14 2162 333333333 13663836
k 14 2163 333333333 13663372
k 14 2164 333333333 13666951
k 14 2166 333333333 13667177
k 14 2167 333333333 13667552
k 14 2168 333333333 13662351
k 14 2170 333333333 13658184
k 14 2169 333333333 13662153
k 14 2171 333333333 13660177
k 14 2176 333333333 13667036
k 14 2172 333333333 13660331
k 14 2175 333333333 13662582
k 14 2173 333333333 13658187
k 14 2174 333333333 13658229
k 14 2177 333333333 13659429
k 14 2178 333333333 13657655
k 14 2179 333333333 13668008
k 14 2180 333333333 13660891
k 14 2181 333333333 13659908
k 14 2182 333333333 13660112
k 14 2186 333333333 13659154
k 14 2183 333333333 13658246
k 14 2184 333333333 13661404
k 14 2185 333333333 13654322
k 14 2187 333333333 13657687
k 14 2189 333333333 13652602
k 14 2190 333333333 13655098
k 14 2188 333333333 13659981
k 14 2191 333333333 13656970
k 14 2192 333333333 13657150
k 14 2193 333333333 13656269
k 14 2196 333333333 13657825
k 14 2195 333333333 13654670
k 14 2197 333333333 13657021
k 14 2194 333333333 13651416
k 14 2198 333333333 13651659
k 14 2200 333333333 13653629
k 14 2199 333333333 13656731
k 14 2201 333333333 13647116
k 14 2202 333333333 13655356
k 14 2203 333333333 13654528
k 14 2204 333333333 13650559
k 14 2205 333333333 13650122
k 14 2210 333333333 13649809
k 14 2206 333333333 13653224
k 14 2207 333333333 13646437
k 14 2208 333333333 13651423
k 14 2211 333333333 13654034
k 14 2209 333333333 13651393
k 14 2212 333333333 13648211
k 14 2213 333333333 13649138
k 14 2214 333333333 13651320
k 14 2215 333333333 13650595
k 14 2216 333333333 13651397
k 14 2220 333333333 13650624
k 14 2218 333333333 13650074
k 14 2217 333333333 13650946
k 14 2219 333333333 13649037
k 14 2222 333333333 13646548
k 14 2221 333333333 13650546
k 14 2223 333333333 13642493
k 14 2224 333333333 13645318
k 14 2225 333333333 13644914
k 14 2226 333333333 13648796
k 14 2227 333333333 13641902
k 14 2231 333333333 13645290
k 14 2228 333333333 13643006
k 14 2229 333333333 13647071
k 14 2230 333333333 13646299
k 14 2232 333333333 13646036
k 14 2234 333333333 13647548
k 14 2233 333333333 13643372
k 14 2235 333333333 13647362
k 14 2236 333333333 13644528
k 14 2237 333333333 13644717
k 14 2238 333333333 13640320
k 14 2239 333333333 13641419
k 14 2242 333333333 13639022
k 14 2240 333333333 13641282
k 14 2241 333333333 13641469
k 14 2243 333333333 13644299
k 14 2244 333333333 13646067
k 14 2245 333333333 13638725
k 14 2247 333333333 13644703
k 14 2246 333333333 13634405
k 14 2249 333333333 13640893
k 14 2248 333333333 13639922
k 14 2250 333333333 13637832
k 14 2254 333333333 13635715
k 14 2251 333333333 13636739
k 14 2252 333333333 13637873
k 14 2253 333333333 13643958
k 14 2255 333333333 13640228
k 14 2256 333333333 13642533
k 14 2257 333333333 13643707
k 14 2258 333333333 13633929
k 14 2259 333333333 13639540
k 14 2261 333333333 13642695
k 14 2260 333333333 13638477
k 14 2265 333333333 13636425
k 14 2263 333333333 13640347
k 14 2262 333333333 13642972
k 14 2264 333333333 13632302
k 14 2266 333333333 13637380
k 14 2267 333333333 13636883
k 14 2268 333333333 13633369
k 14 2269 333333333 13637387
k 14 2270 333333333 13626707
k 14 2271 333333333 13631220
k 14 2272 333333333 13637178
k 14 2276 333333333 13635515
k 14 2273 333333333 13641687
k 14 2274 333333333 13630485
k 14 2275 333333333 13635597
k 14 2278 333333333 13634544
k 14 2277 333333333 13632684
k 14 2280 333333333 13638441
k 14 2279 333333333 13636480
k 14 2281 333333333 13630868
k 14 2282 333333333 13625429
k 14 2283 333333333 13629250
k 14 2287 333333333 13626151
k 14 2284 333333333 13637801
k 14 2285 333333333 13628466
k 14 2286 333333333 13632734
k 14 2288 333333333 13631384
k 14 2289 333333333 13626834
k 14 2290 333333333 13633180
k 14 2291 333333333 13628146
k 14 2292 333333333 13622953
k 14 2294 333333333 13628395
k 14 2293 333333333 13622981
k 14 2298 333333333 13624937
k 14 2295 333333333 13632361
k 14 2297 333333333 13627495
k 14 2296 333333333 13629408
k 14 2299 333333333 13621404
k 14 2301 333333333 13630923
k 14 2300 333333333 13623348
k 14 2302 333333333 13622824
k 14 2304 333333333 13623846
k 14 2303 333333333 13624297
k 14 2309 333333333 13623180
k 14 2306 333333333 13624124
k 14 2305 333333333 13628767
k 14 2307 333333333 13621839
k 14 2308 333333333 13620756
k 14 2310 333333333 13623780
k 14 2311 333333333 13622402
k 14 2312 333333333 13624322
k 14 2313 333333333 13620579
k 14 2314 333333333 13622595
k 14 2315 333333333 13620381
k 14 2317 333333333 13622601
k 14 2316 333333333 13623439
k 14 2319 333333333 13623648
k 14 2318 333333333 13622914
k 14 2320 333333333 13619965
k 14 2321 333333333 13619373
k 14 2322 333333333 13626548
k 14 2323 333333333 13624147
k 14 2324 333333333 13626733
k 14 2325 333333333 13622743
k 14 2326 333333333 13623377
k 14 2332 333333333 13615093
k 14 2327 333333333 13622884
k 14 2329 333333333 13613660
k 14 2328 333333333 13612500
k 14 2330 333333333 13616054
k 14 2331 333333333 13617129
k 14 2333 333333333 13619772
k 14 2336 333333333 13612141
k 14 2335 333333333 13614557
k 14 2334 333333333 13617451
k 14 2337 333333333 13617304
k 14 2338 333333333 13612705
k 14 2339 333333333 13621525
k 14 2341 333333333 13618959
k 14 2340 333333333 13608521
k 14 2343 333333333 13617738
k 14 2342 333333333 13615898
k 14 2344 333333333 13613324
k 14 2345 333333333 13609297
k 14 2347 333333333 13610259
k 14 2346 333333333 13612193
k 14 2348 333333333 13608638
k 14 2350 333333333 13609571
k 14 2349 333333333 13610469
k 14 2354 333333333 13612055
k 14 2351 333333333 13610854
k 14 2352 333333333 13616276
k 14 2353 333333333 13615109
k 14 2355 333333333 13610015
k 14 2356 333333333 13609245
k 14 2357 333333333 13612321
k 14 2358 333333333 13614226
k 14 2359 333333333 13609766
k 14 2360 333333333 13617573
k 14 2361 333333333 13610610
k 14 2365 333333333 13608206
k 14 2362 333333333 13607319
k 14 2363 333333333 13611195
k 14 2364 333333333 13608706
k 14 2366 333333333 13607102
k 14 2367 333333333 13607301
k 14 2368 333333333 13611465
k 14 2369 333333333 13609497
k 14 2371 333333333 13606492
k 14 2370 333333333 13605069
k 14 2372 333333333 13610587
k 14 2376 333333333 13606600
k 14 2373 333333333 13606767
k 14 2374 333333333 13605554
k 14 2375 333333333 13607450
k 14 2377 333333333 13605493
k 14 2378 333333333 13603236
k 14 2379 333333333 13608349
k 14 2380 333333333 13605275
k 14 2381 333333333 13607420
k 14 2382 333333333 13603338
k 14 2383 333333333 13608998
k 14 2387 333333333 13610182
k 14 2384 333333333 13603046
k 14 2386 333333333 13602477
k 14 2385 333333333 13601987
k 14 2388 333333333 13605263
k 14 2389 333333333 13607095
k 14 2390 333333333 13603868
k 14 2391 333333333 13606212
k 14 2392 333333333 13607192
k 14 2393 333333333 13602431
k 14 2395 333333333 13597758
k 14 2394 333333333 13601393
k 14 2398 333333333 13596705
k 14 2396 333333333 13602514
k 14 2397 333333333 13600735
k 14 2399 333333333 13605022
k 14 2401 333333333 13602079
k 14 2400 333333333 13600072
k 14 2402 333333333 13599226
k 14 2403 333333333 13593603
k 14 2404 333333333 13600597
k 14 2405 333333333 13602799
k 14 2410 333333333 13594894
k 14 2406 333333333 13602396
k 14 2407 333333333 13600860
k 14 2408 333333333 13596584
k 14 2409 333333333 13596663
k 14 2411 333333333 13601090
k 14 2412 333333333 13594646
k 14 2414 333333333 13597850
k 14 2415 333333333 13594729
k 14 2413 333333333 13598163
k 14 2416 333333333 13590820
k 14 2417 333333333 13593873
k 14 2420 333333333 13600986
k 14 2418 333333333 13594104
k 14 2419 333333333 13594015
k 14 2421 333333333 13587539
k 14 2422 333333333 13591409
k 14 2423 333333333 13597390
k 14 2424 333333333 13591215
k 14 2425 333333333 13596841
k 14 2426 333333333 13597193
k 14 2428 333333333 13591707
k 14 2427 333333333 13596143
k 14 2429 333333333 13597611
k 14 2432 333333333 13595298
k 14 2430 333333333 13590615
k 14 2431 333333333 13589489
k 14 2433 333333333 13591140
k 14 2434 333333333 13590294
k 14 2435 333333333 13597278
k 14 2436 333333333 13596580
k 14 2437 333333333 13591998
k 14 2438 333333333 13595539
k 14 2439 333333333 13591234
k 14 2444 333333333 13587101
k 14 2440 333333333 13591540
k 14 2441 333333333 13590255
k 14 2442 333333333 13592734
k 14 2443 333333333 13592064
k 14 2445 333333333 13592932
k 14 2446 333333333 13594789
k 14 2447 333333333 13589436
k 14 2449 333333333 13583509
k 14 2448 333333333 13590208
k 14 2450 333333333 13588075
k 14 2454 333333333 13584705
k 14 2451 333333333 13586719
k 14 2452 333333333 13585054
k 14 2453 333333333 13586289
k 14 2455 333333333 13587109
k 14 2457 333333333 13587802
k 14 2456 333333333 13586972
k 14 2458 333333333 13588687
k 14 2459 333333333 13586994
k 14 2460 333333333 13580591
k 14 2461 333333333 13589537
k 14 2462 333333333 13580250
k 14 2465 333333333 13581031
k 14 2463 333333333 13583748
k 14 2464 333333333 13586901
k 14 2467 333333333 13578880
k 14 2466 333333333 13584835
k 14 2468 333333333 13580662
k 14 2469 333333333 13586897
k 14 2470 333333333 13580880
k 14 2471 333333333 13586385
k 14 2474 333333333 13581338
k 14 2473 333333333 13582823
k 14 2477 333333333 13581250
k 14 2472 333333333 13586600
k 14 2475 333333333 13577734
k 14 2476 333333333 13581474
k 14 2478 333333333 13578327
k 14 2479 333333333 13579682
k 14 2480 333333333 13577945
k 14 2482 333333333 13579447
k 14 2481 333333333 13579056
k 14 2483 333333333 13581291
k 14 2488 333333333 13576962
k 14 2484 333333333 13578775
k 14 2485 333333333 13577734
k 14 2486 333333333 13580279
k 14 2487 333333333 13574040
k 14 2489 333333333 13572070
k 14 2490 333333333 13579029
k 14 2491 333333333 13581231
k 14 2492 333333333 13581208
k 14 2493 333333333 13577568
k 14 2494 333333333 13569362
k 14 2496 333333333 13577564
k 14 2495 333333333 13576743
k 14 2498 333333333 13573683
k 14 2497 333333333 13576128
k 14 2499 333333333 13574194
k 14 2500 333333333 13574383
k 14 2501 333333333 13576771
k 14 2502 333333333 13580148
k 14 2503 333333333 13575503
k 14 2505 333333333 13574091
k 14 2504 333333333 13570847
k 14 2506 333333333 13569957
k 14 2507 333333333 13575328
k 14 2511 333333333 13569274
k 14 2508 333333333 13574581
k 14 2510 333333333 13570406
k 14 2509 333333333 13569403
k 14 2512 333333333 13574743
k 14 2513 333333333 13570412
k 14 2514 333333333 13574642
k 14 2515 333333333 13575531
k 14 2516 333333333 13572639
k 14 2517 333333333 13573823
k 14 2518 333333333 13573144
k 14 2522 333333333 13569686
k 14 2520 333333333 13569312
k 14 2519 333333333 13562121
k 14 2521 333333333 13566829
k 14 2524 333333333 13572268
k 14 2523 333333333 13565848
k 14 2525 333333333 13572148
k 14 2526 333333333 13563820
k 14 2527 333333333 13570362
k 14 2528 333333333 13568600
k 14 2533 333333333 13565999
k 14 2529 333333333 13568780
k 14 2531 333333333 13566840
k 14 2532 333333333 13571492
k 14 2530 333333333 13568142
k 14 2534 333333333 13569038
k 14 2535 333333333 13569475
k 14 2536 333333333 13564510
k 14 2537 333333333 13566812
k 14 2538 333333333 13567737
k 14 2543 333333333 13562919
k 14 2539 333333333 13561077
k 14 2540 333333333 13567311
k 14 2541 333333333 13563754
k 14 2542 333333333 13562867
k 14 2544 333333333 13569916
k 14 2545 333333333 13560981
k 14 2546 333333333 13568251
k 14 2547 333333333 13558767
k 14 2548 333333333 13561579
k 14 2549 333333333 13567241
k 14 2550 333333333 13565039
k 14 2552 333333333 13561686
k 14 2553 333333333 13560900
k 14 2551 333333333 13560659
k 14 2554 333333333 13565799
k 14 2555 333333333 13558247
k 14 2556 333333333 13559837
k 14 2557 333333333 13561478
k 14 2558 333333333 13563897
k 14 2559 333333333 13552612
k 14 2560 333333333 13557377
k 14 2561 333333333 13556245
k 14 2566 333333333 13559923
k 14 2562 333333333 13561072
k 14 2563 333333333 13560338
k 14 2564 333333333 13556800
k 14 2567 333333333 13551275
k 14 2565 333333333 13561419
k 14 2568 333333333 13559580
k 14 2569 333333333 13557835
k 14 2570 333333333 13555453
k 14 2571 333333333 13562017
k 14 2573 333333333 13556679
k 14 2574 333333333 13555616
k 14 2576 333333333 13553564
k 14 2572 333333333 13564139
k 14 2575 333333333 13556401
k 14 2577 333333333 13559423
k 14 2578 333333333 13558312
k 14 2579 333333333 13556982
k 14 2580 333333333 13553992
k 14 2581 333333333 13554206
k 14 2582 333333333 13557960
k 14 2583 333333333 13557436
k 14 2588 333333333 13556129
k 14 2584 333333333 13553661
k 14 2585 333333333 13556269
k 14 2586 333333333 13550465
k 14 2587 333333333 13554334
k 14 2589 333333333 13548509
k 14 2590 333333333 13557588
k 14 2591 333333333 13550504
k 14 2592 333333333 13552142
k 14 2593 333333333 13548069
k 14 2594 333333333 13556942
k 14 2595 333333333 13550635
k 14 2598 333333333 13551310
k 14 2597 333333333 13550540
k 14 2596 333333333 13551273
k 14 2599 333333333 13552103
k 14 2600 333333333 13553211
k 14 2601 333333333 13554223
k 14 2602 333333333 13550338
k 14 2603 333333333 13544161
k 14 2604 333333333 13552754
k 14 2606 333333333 13556271
k 14 2605 333333333 13544640
k 14 2607 333333333 13553464
k 14 2610 333333333 13547361
k 14 2608 333333333 13545342
k 14 2609 333333333 13551450
k 14 2612 333333333 13545311
k 14 2611 333333333 13551588
k 14 2613 333333333 13545764
k 14 2614 333333333 13548541
k 14 2615 333333333 13541869
k 14 2616 333333333 13543215
k 14 2617 333333333 13547485
k 14 2618 333333333 13544449
k 14 2622 333333333 13548595
k 14 2619 333333333 13547995
k 14 2620 333333333 13546432
k 14 2621 333333333 13548183
k 14 2623 333333333 13550030
k 14 2624 333333333 13547505
k 14 2625 333333333 13544867
k 14 2626 333333333 13541413
k 14 2627 333333333 13543717
k 14 2630 333333333 13547077
k 14 2628 333333333 13539268
k 14 2629 333333333 13545609
k 14 2633 333333333 13541752
k 14 2631 333333333 13547579
k 14 2632 333333333 13542735
k 14 2634 333333333 13545177
k 14 2635 333333333 13546051
k 14 2636 333333333 13542827
k 14 2637 333333333 13540665
k 14 2638 333333333 13540496
k 14 2639 333333333 13546999
k 14 2645 333333333 13539972
k 14 2640 333333333 13541977
k 14 2641 333333333 13541735
k 14 2642 333333333 13542210
k 14 2644 333333333 13542942
k 14 2643 333333333 13537812
k 14 2646 333333333 13548457
k 14 2647 333333333 13541436
k 14 2648 333333333 13538778
k 14 2649 333333333 13541418
k 14 2650 333333333 13537860
k 14 2654 333333333 13535241
k 14 2651 333333333 13540139
k 14 2652 333333333 13541159
k 14 2653 333333333 13536352
k 14 2655 333333333 13537057
k 14 2656 333333333 13538245
k 14 2658 333333333 13533390
k 14 2657 333333333 13545206
k 14 2659 333333333 13533474
k 14 2661 333333333 13533566
k 14 2660 333333333 13532738
k 14 2662 333333333 13539241
k 14 2663 333333333 13544161
k 14 2665 333333333 13532755
k 14 2664 333333333 13537422
k 14 2666 333333333 13526438
k 14 2667 333333333 13532605
k 14 2668 333333333 13528677
k 14 2669 333333333 13536906
k 14 2670 333333333 13537241
k 14 2671 333333333 13533622
k 14 2672 333333333 13529594
k 14 2673 333333333 13536350
k 14 2675 333333333 13526264
k 14 2678 333333333 13529823
k 14 2674 333333333 13533521
k 14 2676 333333333 13529809
k 14 2677 333333333 13531697
k 14 2679 333333333 13529147
k 14 2680 333333333 13535684
k 14 2681 333333333 13535416
k 14 2682 333333333 13531839
k 14 2683 333333333 13531636
k 14 2684 333333333 13532226
k 14 2689 333333333 13525371
k 14 2685 333333333 13531060
k 14 2686 333333333 13530742
k 14 2687 333333333 13529440
k 14 2688 333333333 13530088
k 14 2690 333333333 13525645
k 14 2691 333333333 13524398
k 14 2692 333333333 13531678
k 14 2693 333333333 13529237
k 14 2699 333333333 13522719
k 14 2694 333333333 13528768
k 14 2695 333333333 13524176
k 14 2696 333333333 13532972
k 14 2697 333333333 13525089
k 14 2698 333333333 13527996
k 14 2700 333333333 13527964
k 14 2701 333333333 13532551
k 14 2702 333333333 13526962
k 14 2703 333333333 13523680
k 14 2704 333333333 13525451
k 14 2705 333333333 13526093
k 14 2707 333333333 13525397
k 14 2706 333333333 13526530
k 14 2708 333333333 13523038
k 14 2709 333333333 13522760
k 14 2710 333333333 13520876
k 14 2711 333333333 13530790
k 14 2712 333333333 13527029
k 14 2714 333333333 13524991
k 14 2713 333333333 13521046
k 14 2715 333333333 13526152
k 14 2716 333333333 13520081
k 14 2717 333333333 13526532
k 14 2722 333333333 13521734
k 14 2718 333333333 13524919
k 14 2719 333333333 13521571
k 14 2721 333333333 13525881
k 14 2720 333333333 13519950
k 14 2723 333333333 13519007
k 14 2725 333333333 13515356
k 14 2724 333333333 13516578
k 14 2726 333333333 13529232
k 14 2727 333333333 13520244
k 14 2728 333333333 13520938
k 14 2729 333333333 13521330
k 14 2730 333333333 13514732
k 14 2732 333333333 13521916
k 14 2731 333333333 13519268
k 14 2734 333333333 13519085
k 14 2733 333333333 13521408
k 14 2736 333333333 13513933
k 14 2735 333333333 13518100
k 14 2737 333333333 13517378
k 14 2739 333333333 13514266
k 14 2738 333333333 13519779
k 14 2740 333333333 13520665
k 14 2745 333333333 13517334
k 14 2741 333333333 13516317
k 14 2742 333333333 13514952
k 14 2743 333333333 13518149
k 14 2744 333333333 13524395
k 14 2746 333333333 13515130
k 14 2747 333333333 13518614
k 14 2748 333333333 13514403
k 14 2750 333333333 13515874
k 14 2749 333333333 13517399
k 14 2755 333333333 13511828
k 14 2751 333333333 13512364
k 14 2752 333333333 13514173
k 14 2753 333333333 13515539
k 14 2754 333333333 13512978
k 14 2756 333333333 13514558
k 14 2757 333333333 13516132
k 14 2758 333333333 13517548
k 14 2759 333333333 13518629
k 14 2760 333333333 13510647
k 14 2761 333333333 13511396
k 14 2762 333333333 13510959
k 14 2765 333333333 13514043
k 14 2764 333333333 13507460
k 14 2763 333333333 13517685
k 14 2766 333333333 13508025
k 14 2767 333333333 13507213
k 14 2768 333333333 13507947
k 14 2769 333333333 13506280
k 14 2770 333333333 13506725
k 14 2771 333333333 13507510
k 14 2772 333333333 13506127
k 14 2773 333333333 13510216
k 14 2777 333333333 13506134
k 14 2774 333333333 13510385
k 14 2775 333333333 13504738
k 14 2776 333333333 13513875
k 14 2779 333333333 13510447
k 14 2778 333333333 13510784
k 14 2780 333333333 13503648
k 14 2782 333333333 13510276
k 14 2781 333333333 13506911
k 14 2783 333333333 13510133
k 14 2784 333333333 13511948
k 14 2788 333333333 13504915
k 14 2786 333333333 13511023
k 14 2785 333333333 13506578
k 14 2787 333333333 13501279
k 14 2789 333333333 13508558
k 14 2790 333333333 13507080
k 14 2791 333333333 13505353
k 14 2792 333333333 13505164
k 14 2793 333333333 13505699
k 14 2794 333333333 13501934
k 14 2799 333333333 13504636
k 14 2797 333333333 13508632
k 14 2795 333333333 13503637
k 14 2796 333333333 13506932
k 14 2798 333333333 13506142
k 14 2800 333333333 13506190
k 14 2802 333333333 13505684
k 14 2801 333333333 13502753
k 14 2803 333333333 13502026
k 14 2805 333333333 13501116
k 14 2804 333333333 13493654
k 14 2806 333333333 13500729
k 14 2807 333333333 13503656
k 14 2809 333333333 13503205
k 14 2808 333333333 13499791
k 14 2811 333333333 13500047
k 14 2812 333333333 13508488
k 14 2810 333333333 13503496
k 14 2813 333333333 13505448
k 14 2814 333333333 13498817
k 14 2815 333333333 13503869
k 14 2816 333333333 13500848
k 14 2817 333333333 13502956
k 14 2818 333333333 13501124
k 14 2819 333333333 13500746
k 14 2822 333333333 13498732
k 14 2821 333333333 13501210
k 14 2820 333333333 13497511
k 14 2823 333333333 13501302
k 14 2825 333333333 13498965
k 14 2824 333333333 13495628
k 14 2826 333333333 13497490
k 14 2827 333333333 13492940
k 14 2828 333333333 13494072
k 14 2829 333333333 13499368
k 14 2834 333333333 13500191
k 14 2830 333333333 13498141
k 14 2831 333333333 13495761
k 14 2832 333333333 13492480
k 14 2833 333333333 13496331
k 14 2836 333333333 13489766
k 14 2835 333333333 13495393
k 14 2837 333333333 13499566
k 14 2838 333333333 13495382
k 14 2840 333333333 13493811
k 14 2839 333333333 13489835
k 14 2844 333333333 13493538
k 14 2841 333333333 13494687
k 14 2842 333333333 13495639
k 14 2843 333333333 13494670
k 14 2845 333333333 13496990
k 14 2846 333333333 13492699
k 14 2848 333333333 13489785
k 14 2847 333333333 13487319
k 14 2850 333333333 13503489
k 14 2849 333333333 13497438
k 14 2851 333333333 13496257
k 14 2855 333333333 13488935
k 14 2852 333333333 13492477
k 14 2854 333333333 13496474
k 14 2853 333333333 13491531
k 14 2856 333333333 13493000
k 14 2857 333333333 13492503
k 14 2859 333333333 13492093
k 14 2858 333333333 13490849
k 14 2860 333333333 13486076
k 14 2861 333333333 13489036
k 14 2862 333333333 13493449
k 14 2866 333333333 13486701
k 14 2863 333333333 13492798
k 14 2864 333333333 13490334
k 14 2865 333333333 13485155
k 14 2867 333333333 13486205
k 14 2869 333333333 13491269
k 14 2868 333333333 13490459
k 14 2870 333333333 13488405
k 14 2871 333333333 13486860
k 14 2872 333333333 13483507
k 14 2873 333333333 13484102
k 14 2874 333333333 13485115
k 14 2875 333333333 13479611
k 14 2877 333333333 13486865
k 14 2876 333333333 13483659
k 14 2878 333333333 13480783
k 14 2879 333333333 13485573
k 14 2880 333333333 13483338
k 14 2881 333333333 13489283
k 14 2882 333333333 13490174
k 14 2883 333333333 13484323
k 14 2885 333333333 13480821
k 14 2884 333333333 13484503
k 14 2886 333333333 13484418
k 14 2890 333333333 13486941
k 14 2887 333333333 13483262
k 14 2888 333333333 13483502
k 14 2889 333333333 13486886
k 14 2891 333333333 13489665
k 14 2892 333333333 13484211
k 14 2893 333333333 13487224
k 14 2894 333333333 13481640
k 14 2895 333333333 13482375
k 14 2901 333333333 13474856
k 14 2896 333333333 13474650
k 14 2897 333333333 13483144
k 14 2898 333333333 13488838
k 14 2899 333333333 13481362
k 14 2900 333333333 13482372
k 14 2902 333333333 13482116
k 14 2903 333333333 13484689
k 14 2904 333333333 13479278
k 14 2906 333333333 13480294
k 14 2905 333333333 13478647
k 14 2910 333333333 13477517
k 14 2907 333333333 13483482
k 14 2908 333333333 13476282
k 14 2911 333333333 13480349
k 14 2909 333333333 13476644
k 14 2912 333333333 13479407
k 14 2913 333333333 13479547
k 14 2915 333333333 13475453
k 14 2914 333333333 13472520
k 14 2916 333333333 13473271
k 14 2917 333333333 13483692
k 14 2918 333333333 13472364
k 14 2921 333333333 13480697
k 14 2919 333333333 13475938
k 14 2920 333333333 13473921
k 14 2922 333333333 13473668
k 14 2923 333333333 13477315
k 14 2925 333333333 13466992
k 14 2924 333333333 13476974
k 14 2926 333333333 13476008
k 14 2927 333333333 13474189
k 14 2928 333333333 13474286
k 14 2929 333333333 13478196
k 14 2933 333333333 13475692
k 14 2931 333333333 13476152
k 14 2930 333333333 13469312
k 14 2932 333333333 13474676
k 14 2935 333333333 13470469
k 14 2934 333333333 13475480
k 14 2936 333333333 13473443
k 14 2937 333333333 13475929
k 14 2938 333333333 13477016
k 14 2939 333333333 13473799
k 14 2940 333333333 13473607
k 14 2944 333333333 13473528
k 14 2942 333333333 13468683
k 14 2943 333333333 13471004
k 14 2941 333333333 13474213
k 14 2945 333333333 13467706
k 14 2947 333333333 13473333
k 14 2946 333333333 13471308
k 14 2949 333333333 13473222
k 14 2948 333333333 13469355
k 14 2950 333333333 13472113
k 14 2955 333333333 13468810
k 14 2951 333333333 13470484
k 14 2953 333333333 13474395
k 14 2952 333333333 13468544
k 14 2954 333333333 13466894
k 14 2956 333333333 13466747
k 14 2957 333333333 13476142
k 14 2958 333333333 13466059
k 14 2959 333333333 13467313
k 14 2960 333333333 13470805
k 14 2961 333333333 13465545
k 14 2965 333333333 13472388
k 14 2962 333333333 13472304
k 14 2963 333333333 13464719
k 14 2964 333333333 13467227
k 14 2966 333333333 13462528
k 14 2968 333333333 13469572
k 14 2967 333333333 13470268
k 14 2970 333333333 13464813
k 14 2969 333333333 13463839
k 14 2971 333333333 13464747
k 14 2972 333333333 13473446
k 14 2973 333333333 13461294
k 14 2974 333333333 13461921
k 14 2975 333333333 13469722
k 14 2976 333333333 13463080
k 14 2977 333333333 13464684
k 14 2978 333333333 13469043
k 14 2979 333333333 13460182
k 14 2980 333333333 13465455
k 14 2982 333333333 13463088
k 14 2981 333333333 13464011
k 14 2983 333333333 13464643
k 14 2984 333333333 13462566
k 14 2985 333333333 13457718
k 14 2986 333333333 13463734
k 14 2990 333333333 13459842
k 14 2987 333333333 13460674
k 14 2989 333333333 13468011
k 14 2988 333333333 13458661
k 14 2991 333333333 13458589
k 14 2992 333333333 13460986
k 14 2993 333333333 13459280
k 14 2994 333333333 13453890
k 14 2995 333333333 13462641
k 14 2996 333333333 13463382
k 14 3001 333333333 13456076
k 14 2998 333333333 13458326
k 14 2997 333333333 13458946
k 14 3000 333333333 13454177
k 14 3002 333333333 13459373
k 14 2999 333333333 13453925
k 14 3003 333333333 13457868
k 14 3004 333333333 13465152
k 14 3005 333333333 13452718
k 14 3006 333333333 13462615
k 14 3007 333333333 13460678
k 14 3011 333333333 13457733
k 14 3008 333333333 13459758
k 14 3009 333333333 13462355
k 14 3010 333333333 13456520
k 14 3013 333333333 13458946
k 14 3014 333333333 13456786
k 14 3012 333333333 13455172
k 14 3015 333333333 13456775
k 14 3016 333333333 13463834
k 14 3017 333333333 13454429
k 14 3018 333333333 13449591
k 14 3019 333333333 13456040
k 14 3020 333333333 13459491
k 14 3022 333333333 13457979
k 14 3021 333333333 13457287
k 14 3023 333333333 13453167
k 14 3024 333333333 13456224
k 14 3026 333333333 13450988
k 14 3027 333333333 13458448
k 14 3025 333333333 13455791
k 14 3028 333333333 13458562
k 14 3030 333333333 13458676
k 14 3029 333333333 13450429
k 14 3035 333333333 13455103
k 14 3032 333333333 13449731
k 14 3031 333333333 13452463
k 14 3033 333333333 13450690
k 14 3034 333333333 13452839
k 14 3036 333333333 13449941
k 14 3037 333333333 13455407
k 14 3038 333333333 13448540
k 14 3039 333333333 13442230
k 14 3040 333333333 13450734
k 14 3045 333333333 13446607
k 14 3041 333333333 13449955
k 14 3043 333333333 13455163
k 14 3042 333333333 13450214
k 14 3044 333333333 13453078
k 14 3047 333333333 13451491
k 14 3046 333333333 13451418
k 14 3048 333333333 13444828
k 14 3049 333333333 13444253
k 14 3050 333333333 13452818
k 14 3052 333333333 13444004
k 14 3051 333333333 13450319
k 14 3055 333333333 13448249
k 14 3053 333333333 13446317
k 14 3054 333333333 13444741
k 14 3056 333333333 13449287
k 14 3057 333333333 13443162
k 14 3058 333333333 13446035
k 14 3059 333333333 13447091
k 14 3061 333333333 13445179
k 14 3060 333333333 13444733
k 14 3062 333333333 13457535
k 14 3063 333333333 13443979
k 14 3067 333333333 13446183
k 14 3064 333333333 13445431
k 14 3065 333333333 13450189
k 14 3066 333333333 13442631
k 14 3072 333333333 13444121
k 14 3068 333333333 13445515
k 14 3069 333333333 13440788
k 14 3071 333333333 13439325
k 14 3070 333333333 13443969
k 14 3074 333333333 13446484
k 14 3073 333333333 13446374
k 14 3078 333333333 13440469
k 14 3075 333333333 13445375
k 14 3076 333333333 13444932
k 14 3077 333333333 13443564
k 14 3079 333333333 13442773
k 14 3082 333333333 13439358
k 14 3080 333333333 13442390
k 14 3081 333333333 13441992
k 14 3083 333333333 13441259
k 14 3084 333333333 13442315
k 14 3085 333333333 13440889
k 14 3089 333333333 13442490
k 14 3086 333333333 13443449
k 14 3087 333333333 13439021
k 14 3088 333333333 13440514
k 14 3090 333333333 13440036
k 14 3094 333333333 13438162
k 14 3091 333333333 13444122
k 14 3093 333333333 13441381
k 14 3092 333333333 13436108
k 14 3095 333333333 13433032
k 14 3097 333333333 13438438
k 14 3096 333333333 13440779
k 14 3100 333333333 13435378
k 14 3098 333333333 13436880
k 14 3099 333333333 13438902
k 14 3101 333333333 13435340
k 14 3105 333333333 13436556
k 14 3102 333333333 13435574
k 14 3103 333333333 13442389
k 14 3104 333333333 13439024
k 14 3106 333333333 13440999
k 14 3107 333333333 13436967
k 14 3108 333333333 13440853
k 14 3112 333333333 13441263
k 14 3109 333333333 13435867
k 14 3111 333333333 13433302
k 14 3110 333333333 13437036
k 14 3116 333333333 13433952
k 14 3113 333333333 13438152
k 14 3114 333333333 13437281
k 14 3117 333333333 13436633
k 14 3115 333333333 13438590
k 14 3118 333333333 13427296
k 14 3123 333333333 13438491
k 14 3119 333333333 13437120
k 14 3120 333333333 13437708
k 14 3122 333333333 13436002
k 14 3121 333333333 13431515
k 14 3127 333333333 13429201
k 14 3126 333333333 13432244
k 14 3124 333333333 13435199
k 14 3125 333333333 13431451
k 14 3128 333333333 13429144
k 14 3130 333333333 13433170
k 14 3129 333333333 13433844
k 14 3131 333333333 13431645
k 14 3133 333333333 13435470
k 14 3132 333333333 13427117
k 14 3134 333333333 13432763
k 14 3138 333333333 13434193
k 14 3137 333333333 13435516
k 14 3136 333333333 13431508
k 14 3135 333333333 13429281
k 14 3139 333333333 13436543
k 14 3140 333333333 13426890
k 14 3141 333333333 13426291
k 14 3146 333333333 13429879
k 14 3142 333333333 13430542
k 14 3144 333333333 13427042
k 14 3145 333333333 13430554
k 14 3143 333333333 13432935
k 14 3149 333333333 13423391
k 14 3147 333333333 13426335
k 14 3148 333333333 13429035
k 14 3151 333333333 13426654
k 14 3150 333333333 13430655
k 14 3152 333333333 13427000
k 14 3156 333333333 13423706
k 14 3153 333333333 13423891
k 14 3154 333333333 13427113
k 14 3155 333333333 13426210
k 14 3157 333333333 13427691
k 14 3161 333333333 13423727
k 14 3160 333333333 13424239
k 14 3159 333333333 13427141
k 14 3158 333333333 13423326
k 14 3162 333333333 13426906
k 14 3163 333333333 13424368
k 14 3167 333333333 13424178
k 14 3165 333333333 13425103
k 14 3164 333333333 13423291
k 14 3166 333333333 13428027
k 14 3168 333333333 13424684
k 14 3172 333333333 13429185
k 14 3169 333333333 13428922
k 14 3171 333333333 13424333
k 14 3170 333333333 13424499
k 14 3173 333333333 13418092
k 14 3175 333333333 13415731
k 14 3174 333333333 13423150
k 14 3178 333333333 13421542
k 14 3177 333333333 13425250
k 14 3176 333333333 13420502
k 14 3179 333333333 13418080
k 14 3181 333333333 13425184
k 14 3180 333333333 13422658
k 14 3183 333333333 13421848
k 14 3182 333333333 13419993
k 14 3184 333333333 13422079
k 14 3190 333333333 13416378
k 14 3185 333333333 13420688
k 14 3186 333333333 13417839
k 14 3187 333333333 13417779
k 14 3189 333333333 13411926
k 14 3188 333333333 13423803
k 14 3191 333333333 13423632
k 14 3196 333333333 13421347
k 14 3192 333333333 13417212
k 14 3193 333333333 13421255
k 14 3194 333333333 13417352
k 14 3195 333333333 13417742
k 14 3199 333333333 13416928
k 14 3197 333333333 13417466
k 14 3198 333333333 13421344
k 14 3200 333333333 13417138
k 14 3201 333333333 13418694
k 14 3202 333333333 13420521
k 14 3206 333333333 13421784
k 14 3203 333333333 13418239
k 14 3204 333333333 13419735
k 14 3205 333333333 13418852
k 14 3207 333333333 13416158
k 14 3209 333333333 13415445
k 14 3211 333333333 13414433
k 14 3208 333333333 13418334
k 14 3210 333333333 13417421
k 14 3212 333333333 13411752
k 14 3217 333333333 13413700
k 14 3213 333333333 13412548
k 14 3214 333333333 13417944
k 14 3215 333333333 13415920
k 14 3218 333333333 13412621
k 14 3216 333333333 13418610
k 14 3219 333333333 13411318
k 14 3223 333333333 13416202
k 14 3220 333333333 13414615
k 14 3221 333333333 13416435
k 14 3222 333333333 13415463
k 14 3224 333333333 13411422
k 14 3225 333333333 13415931
k 14 3227 333333333 13416271
k 14 3226 333333333 13410499
k 14 3228 333333333 13412029
k 14 3234 333333333 13407644
k 14 3230 333333333 13404838
k 14 3231 333333333 13410613
k 14 3229 333333333 13414108
k 14 3232 333333333 13408624
k 14 3233 333333333 13411994
k 14 3235 333333333 13409181
k 14 3237 333333333 13408107
k 14 3240 333333333 13414527
k 14 3236 333333333 13411793
k 14 3239 333333333 13407583
k 14 3238 333333333 13408932
k 14 3243 333333333 13403680
k 14 3241 333333333 13410957
k 14 3242 333333333 13408970
k 14 3245 333333333 13411723
k 14 3244 333333333 13408995
k 14 3246 333333333 13404245
k 14 3247 333333333 13408529
k 14 3248 333333333 13404068
k 14 3251 333333333 13407541
k 14 3249 333333333 13406679
k 14 3252 333333333 13406171
k 14 3250 333333333 13408996
k 14 3255 333333333 13402330
k 14 3253 333333333 13409351
k 14 3254 333333333 13411232
k 14 3256 333333333 13410212
k 14 3257 333333333 13410233
k 14 3263 333333333 13408019
k 14 3258 333333333 13403767
k 14 3259 333333333 13414517
k 14 3260 333333333 13403944
k 14 3261 333333333 13404019
k 14 3262 333333333 13413523
k 14 3264 333333333 13407026
k 14 3267 333333333 13402157
k 14 3265 333333333 13407347
k 14 3266 333333333 13402320
k 14 3268 333333333 13410977
k 14 3269 333333333 13408519
k 14 3272 333333333 13402179
k 14 3270 333333333 13405067
k 14 3271 333333333 13398446
k 14 3279 333333333 13398343
k 14 3274 333333333 13403685
k 14 3273 333333333 13403495
k 14 3275 333333333 13404915
k 14 3276 333333333 13400915
k 14 3277 333333333 13406209
k 14 3278 333333333 13396278
k 14 3280 333333333 13400336
k 14 3284 333333333 13398793
k 14 3281 333333333 13397889
k 14 3283 333333333 13398518
k 14 3282 333333333 13409770
k 14 3285 333333333 13404032
k 14 3287 333333333 13401440
k 14 3286 333333333 13401281
k 14 3289 333333333 13400672
k 14 3288 333333333 13404044
k 14 3291 333333333 13395288
k 14 3290 333333333 13396911
k 14 3292 333333333 13398255
k 14 3293 333333333 13395342
k 14 3295 333333333 13395974
k 14 3294 333333333 13397260
k 14 3300 333333333 13397904
k 14 3296 333333333 13404751
k 14 3298 333333333 13398525
k 14 3297 333333333 13399546
k 14 3299 333333333 13400709
k 14 3301 333333333 13401249
k 14 3308 333333333 13398885
k 14 3303 333333333 13401450
k 14 3302 333333333 13396843
k 14 3304 333333333 13399546
k 14 3305 333333333 13400715
k 14 3306 333333333 13399217
k 14 3307 333333333 13396161
k 14 3310 333333333 13394352
k 14 3309 333333333 13396801
k 14 3311 333333333 13393986
k 14 3313 333333333 13392841
k 14 3312 333333333 13396570
k 14 3314 333333333 13399047
k 14 3315 333333333 13399867
k 14 3316 333333333 13395981
k 14 3323 333333333 13392082
k 14 3318 333333333 13396834
k 14 3317 333333333 13389376
k 14 3319 333333333 13392768
k 14 3320 333333333 13390739
k 14 3321 333333333 13394575
k 14 3322 333333333 13393522
k 14 3324 333333333 13389968
k 14 3325 333333333 13391181
k 14 3330 333333333 13392590
k 14 3326 333333333 13397238
k 14 3327 333333333 13393971
k 14 3328 333333333 13385599
k 14 3329 333333333 13391173
k 14 3331 333333333 13387812
k 14 3332 333333333 13388219
k 14 3334 333333333 13394445
k 14 3335 333333333 13391004
k 14 3333 333333333 13392586
k 14 3336 333333333 13393075
k 14 3337 333333333 13394410
k 14 3340 333333333 13389633
k 14 3338 333333333 13388197
k 14 3339 333333333 13393595
k 14 3345 333333333 13392729
k 14 3341 333333333 13391685
k 14 3343 333333333 13387993
k 14 3342 333333333 13386683
k 14 3344 333333333 13386829
k 14 3346 333333333 13383147
k 14 3348 333333333 13382603
k 14 3349 333333333 13388533
k 14 3352 333333333 13379801
k 14 3347 333333333 13384458
k 14 3350 333333333 13385093
k 14 3351 333333333 13388068
k 14 3355 333333333 13389646
k 14 3353 333333333 13389101
k 14 3354 333333333 13385389
k 14 3356 333333333 13385459
k 14 3357 333333333 13388750
k 14 3358 333333333 13390152
k 14 3359 333333333 13383876
k 14 3363 333333333 13385727
k 14 3360 333333333 13384654
k 14 3361 333333333 13381497
k 14 3367 333333333 13384908
k 14 3362 333333333 13384641
k 14 3364 333333333 13384670
k 14 3365 333333333 13378529
k 14 3366 333333333 13384638
k 14 3368 333333333 13383798
k 14 3369 333333333 13390017
k 14 3370 333333333 13387630
k 14 3374 333333333 13381625
k 14 3372 333333333 13386095
k 14 3371 333333333 13384353
k 14 3373 333333333 13384522
k 14 3377 333333333 13383795
k 14 3375 333333333 13381895
k 14 3376 333333333 13386520
k 14 3379 333333333 13379927
k 14 3380 333333333 13379145
k 14 3378 333333333 13382802
k 14 3381 333333333 13379227
k 14 3385 333333333 13379590
k 14 3382 333333333 13382639
k 14 3383 333333333 13386596
k 14 3389 333333333 13383356
k 14 3384 333333333 13376870
k 14 3387 333333333 13378933
k 14 3386 333333333 13379860
k 14 3388 333333333 13379132
k 14 3390 333333333 13383012
k 14 3391 333333333 13371783
k 14 3394 333333333 13378270
k 14 3393 333333333 13380390
k 14 3396 333333333 13380104
k 14 3392 333333333 13381629
k 14 3395 333333333 13372949
k 14 3397 333333333 13378514
k 14 3399 333333333 13382127
k 14 3398 333333333 13375884
k 14 3401 333333333 13373727
k 14 3400 333333333 13377810
k 14 3402 333333333 13377176
k 14 3403 333333333 13372849
k 14 3408 333333333 13379713
k 14 3404 333333333 13383316
k 14 3405 333333333 13379889
k 14 3406 333333333 13374294
k 14 3412 333333333 13375988
k 14 3407 333333333 13376602
k 14 3409 333333333 13376432
k 14 3410 333333333 13374062
k 14 3411 333333333 13376252
k 14 3413 333333333 13375031
k 14 3418 333333333 13376057
k 14 3415 333333333 13380320
k 14 3416 333333333 13371926
k 14 3414 333333333 13371249
k 14 3417 333333333 13377082
k 14 3422 333333333 13374647
k 14 3419 333333333 13378581
k 14 3423 333333333 13376041
k 14 3420 333333333 13370217
k 14 3424 333333333 13370748
k 14 3421 333333333 13371354
k 14 3425 333333333 13375143
k 14 3426 333333333 13377178
k 14 3428 333333333 13372266
k 14 3427 333333333 13377403
k 14 3429 333333333 13376432
k 14 3430 333333333 13370713
k 14 3431 333333333 13368925
k 14 3433 333333333 13372160
k 14 3432 333333333 13373011
k 14 3434 333333333 13371635
k 14 3435 333333333 13369381
k 14 3436 333333333 13373664
k 14 3441 333333333 13374452
k 14 3438 333333333 13369606
k 14 3439 333333333 13370059
k 14 3437 333333333 13370552
k 14 3440 333333333 13369952
k 14 3446 333333333 13367356
k 14 3442 333333333 13375074
k 14 3445 333333333 13376212
k 14 3444 333333333 13364090
k 14 3443 333333333 13366972
k 14 3447 333333333 13368368
k 14 3451 333333333 13369366
k 14 3448 333333333 13375024
k 14 3449 333333333 13370112
k 14 3450 333333333 13366759
k 14 3454 333333333 13363719
k 14 3452 333333333 13366833
k 14 3453 333333333 13363722
k 14 3456 333333333 13364613
k 14 3455 333333333 13370209
k 14 3457 333333333 13364688
k 14 3459 333333333 13366463
k 14 3458 333333333 13364196
k 14 3460 333333333 13359867
k 14 3462 333333333 13366621
k 14 3461 333333333 13368786
k 14 3469 333333333 13364294
k 14 3463 333333333 13360630
k 14 3464 333333333 13364249
k 14 3466 333333333 13362644
k 14 3465 333333333 13363049
k 14 3467 333333333 13364205
k 14 3468 333333333 13364844
k 14 3470 333333333 13363111
k 14 3475 333333333 13364701
k 14 3471 333333333 13366860
k 14 3472 333333333 13367899
k 14 3473 333333333 13360933
k 14 3474 333333333 13368503
k 14 3477 333333333 13367118
k 14 3476 333333333 13359218
k 14 3478 333333333 13365447
k 14 3479 333333333 13362750
k 14 3480 333333333 13362823
k 14 3481 333333333 13361091
k 14 3483 333333333 13359103
k 14 3482 333333333 13361285
k 14 3485 333333333 13363753
k 14 3484 333333333 13365246
k 14 3490 333333333 13368410
k 14 3486 333333333 13362567
k 14 3488 333333333 13362388
k 14 3489 333333333 13360308
k 14 3487 333333333 13358965
k 14 3491 333333333 13360528
k 14 3498 333333333 13362114
k 14 3492 333333333 13362046
k 14 3493 333333333 13361758
k 14 3494 333333333 13359629
k 14 3495 333333333 13360387
k 14 3496 333333333 13359296
k 14 3497 333333333 13356244
k 14 3499 333333333 13356769
k 14 3500 333333333 13356674
k 14 3501 333333333 13356649
k 14 3502 333333333 13354118
k 14 3503 333333333 13363344
k 14 3504 333333333 13358757
k 14 3506 333333333 13359418
k 14 3505 333333333 13355594
k 14 3507 333333333 13361003
k 14 3514 333333333 13358422
k 14 3508 333333333 13361852
k 14 3509 333333333 13347617
k 14 3510 333333333 13359878
k 14 3511 333333333 13353138
k 14 3512 333333333 13353451
k 14 3513 333333333 13354766
k 14 3519 333333333 13357197
k 14 3515 333333333 13359509
k 14 3517 333333333 13354938
k 14 3518 333333333 13357646
k 14 3516 333333333 13355495
k 14 3522 333333333 13353578
k 14 3520 333333333 13356513
k 14 3521 333333333 13352729
k 14 3523 333333333 13356815
k 14 3524 333333333 13358864
k 14 3525 333333333 13352344
k 14 3526 333333333 13353406
k 14 3527 333333333 13350302
k 14 3528 333333333 13352074
k 14 3529 333333333 13358738
k 14 3534 333333333 13351058
k 14 3530 333333333 13353600
k 14 3531 333333333 13354114
k 14 3533 333333333 13351839
k 14 3532 333333333 13351960
k 14 3535 333333333 13351928
k 14 3537 333333333 13351506
k 14 3538 333333333 13349650
k 14 3536 333333333 13352987
k 14 3543 333333333 13349674
k 14 3540 333333333 13355995
k 14 3539 333333333 13351234
k 14 3541 333333333 13343543
k 14 3542 333333333 13348707
k 14 3544 333333333 13350811
k 14 3545 333333333 13349512
k 14 3548 333333333 13348119
k 14 3546 333333333 13347922
k 14 3547 333333333 13351178
k 14 3549 333333333 13347754
k 14 3553 333333333 13351758
k 14 3550 333333333 13350395
k 14 3552 333333333 13351813
k 14 3551 333333333 13346505
k 14 3558 333333333 13343477
k 14 3555 333333333 13352515
k 14 3554 333333333 13353708
k 14 3556 333333333 13346925
k 14 3557 333333333 13356033
k 14 3559 333333333 13345294
k 14 3564 333333333 13350751
k 14 3560 333333333 13344350
k 14 3561 333333333 13344991
k 14 3562 333333333 13345313
k 14 3563 333333333 13346194
k 14 3568 333333333 13348049
k 14 3565 333333333 13344548
k 14 3566 333333333 13346718
k 14 3567 333333333 13344936
k 14 3569 333333333 13347477
k 14 3570 333333333 13344326
k 14 3571 333333333 13347612
k 14 3572 333333333 13343918
k 14 3574 333333333 13348572
k 14 3573 333333333 13342144
k 14 3579 333333333 13344011
k 14 3575 333333333 13342653
k 14 3576 333333333 13337583
k 14 3577 333333333 13342367
k 14 3578 333333333 13341697
k 14 3582 333333333 13338792
k 14 3580 333333333 13347521
k 14 3581 333333333 13342711
k 14 3584 333333333 13342044
k 14 3583 333333333 13338389
k 14 3587 333333333 13340994
k 14 3586 333333333 13345181
k 14 3585 333333333 13344659
k 14 3589 333333333 13340629
k 14 3588 333333333 13345729
k 14 3591 333333333 13340287
k 14 3590 333333333 13343168
k 14 3592 333333333 13343248
k 14 3593 333333333 13338084
k 14 3599 333333333 13336721
k 14 3594 333333333 13336868
k 14 3596 333333333 13339379
k 14 3595 333333333 13340827
k 14 3598 333333333 13342892
k 14 3602 333333333 13338724
k 14 3597 333333333 13339767
k 14 3600 333333333 13343460
k 14 3601 333333333 13337759
k 14 3603 333333333 13340480
k 14 3604 333333333 13335084
k 14 3608 333333333 13337574
k 14 3605 333333333 13338172
k 14 3606 333333333 13337047
k 14 3607 333333333 13339016
k 14 3613 333333333 13335118
k 14 3609 333333333 13340261
k 14 3610 333333333 13343237
k 14 3611 333333333 13337231
k 14 3612 333333333 13334038
k 14 3615 333333333 13337656
k 14 3614 333333333 13339743
k 14 3616 333333333 13338581
k 14 3619 333333333 13336539
k 14 3617 333333333 13333425
k 14 3623 333333333 13338835
k 14 3620 333333333 13336073
k 14 3618 333333333 13331889
k 14 3621 333333333 13336974
k 14 3622 333333333 13336706
k 14 3624 333333333 13340110
k 14 3625 333333333 13335901
k 14 3626 333333333 13332990
k 14 3627 333333333 13334152
k 14 3628 333333333 13337125
k 14 3629 333333333 13336456
k 14 3631 333333333 13338498
k 14 3630 333333333 13335981
k 14 3633 333333333 13336927
k 14 3632 333333333 13335057
k 14 3635 333333333 13329543
k 14 3634 333333333 13335934
k 14 3636 333333333 13330804
k 14 3637 333333333 13338430
k 14 3638 333333333 13326583
k 14 3644 333333333 13332105
k 14 3639 333333333 13335387
k 14 3641 333333333 13331283
k 14 3640 333333333 13334402
k 14 3642 333333333 13333927
k 14 3646 333333333 13335493
k 14 3643 333333333 13333949
k 14 3645 333333333 13327763
k 14 3647 333333333 13329017
k 14 3649 333333333 13328763
k 14 3648 333333333 13330137
k 14 3653 333333333 13331582
k 14 3650 333333333 13330750
k 14 3651 333333333 13331102
k 14 3652 333333333 13331975
k 14 3658 333333333 13325410
k 14 3654 333333333 13336188
k 14 3655 333333333 13331899
k 14 3656 333333333 13327194
k 14 3657 333333333 13329814
k 14 3659 333333333 13327388
k 14 3660 333333333 13328464
k 14 3664 333333333 13325838
k 14 3661 333333333 13328166
k 14 3663 333333333 13325246
k 14 3668 333333333 13324983
k 14 3662 333333333 13322093
k 14 3665 333333333 13326076
k 14 3666 333333333 13333290
k 14 3667 333333333 13329586
k 14 3671 333333333 13326209
k 14 3669 333333333 13330539
k 14 3670 333333333 13325325
k 14 3672 333333333 13333364
k 14 3673 333333333 13326462
k 14 3675 333333333 13325215
k 14 3674 333333333 13324807
k 14 3678 333333333 13328986
k 14 3676 333333333 13321128
k 14 3677 333333333 13329123
k 14 3679 333333333 13330040
k 14 3680 333333333 13321775
k 14 3681 333333333 13322821
k 14 3682 333333333 13327584
k 14 3684 333333333 13319429
k 14 3683 333333333 13329302
k 14 3688 333333333 13325754
k 14 3685 333333333 13325533
k 14 3687 333333333 13320769
k 14 3686 333333333 13324744
k 14 3690 333333333 13328368
k 14 3689 333333333 13322943
k 14 3691 333333333 13316618
k 14 3694 333333333 13322035
k 14 3692 333333333 13326471
k 14 3693 333333333 13322059
k 14 3699 333333333 13324794
k 14 3695 333333333 13323854
k 14 3696 333333333 13324635
k 14 3703 333333333 13323378
k 14 3698 333333333 13318085
k 14 3697 333333333 13322592
k 14 3700 333333333 13322334
k 14 3702 333333333 13325132
k 14 3701 333333333 13320404
k 14 3704 333333333 13319345
k 14 3709 333333333 13318851
k 14 3705 333333333 13326663
k 14 3707 333333333 13320996
k 14 3706 333333333 13320567
k 14 3708 333333333 13319404
k 14 3712 333333333 13324423
k 14 3710 333333333 13323579
k 14 3711 333333333 13313006
k 14 3714 333333333 13319105
k 14 3713 333333333 13317881
k 14 3715 333333333 13324528
k 14 3716 333333333 13324755
k 14 3717 333333333 13320015
k 14 3718 333333333 13317047
k 14 3719 333333333 13315773
k 14 3724 333333333 13318047
k 14 3720 333333333 13318775
k 14 3722 333333333 13316723
k 14 3723 333333333 13319619
k 14 3721 333333333 13319130
k 14 3725 333333333 13320654
k 14 3726 333333333 13316935
k 14 3727 333333333 13319038
k 14 3728 333333333 13318638
k 14 3733 333333333 13315886
k 14 3729 333333333 13318492
k 14 3730 333333333 13315773
k 14 3731 333333333 13321113
k 14 3732 333333333 13316311
k 14 3734 333333333 13318459
k 14 3735 333333333 13320970
k 14 3738 333333333 13313191
k 14 3736 333333333 13315653
k 14 3739 333333333 13314928
k 14 3737 333333333 13315084
k 14 3743 333333333 13312221
k 14 3740 333333333 13317203
k 14 3748 333333333 13309233
k 14 3741 333333333 13312379
k 14 3742 333333333 13318228
k 14 3745 333333333 13317115
k 14 3744 333333333 13318810
k 14 3746 333333333 13316327
k 14 3747 333333333 13312935
k 14 3749 333333333 13309899
k 14 3754 333333333 13314197
k 14 3750 333333333 13317196
k 14 3751 333333333 13316395
k 14 3752 333333333 13314196
k 14 3753 333333333 13311132
k 14 3756 333333333 13310209
k 14 3755 333333333 13315383
k 14 3758 333333333 13310561
k 14 3757 333333333 13313701
k 14 3760 333333333 13315135
k 14 3761 333333333 13312359
k 14 3759 333333333 13309223
k 14 3762 333333333 13310673
k 14 3764 333333333 13310072
k 14 3763 333333333 13313314
k 14 3769 333333333 13309657
k 14 3765 333333333 13305059
k 14 3766 333333333 13311183
k 14 3768 333333333 13312879
k 14 3767 333333333 13312800
k 14 3770 333333333 13307478
k 14 3772 333333333 13308714
k 14 3771 333333333 13309687
k 14 3773 333333333 13308938
k 14 3777 333333333 13314591
k 14 3775 333333333 13302499
k 14 3774 333333333 13309417
k 14 3776 333333333 13304762
k 14 3779 333333333 13306257
k 14 3778 333333333 13314573
k 14 3780 333333333 13309874
k 14 3783 333333333 13305682
k 14 3781 333333333 13311379
k 14 3782 333333333 13305608
k 14 3788 333333333 13309093
k 14 3784 333333333 13310271
k 14 3785 333333333 13302701
k 14 3786 333333333 13314109
k 14 3787 333333333 13305440
k 14 3789 333333333 13306758
k 14 3792 333333333 13308807
k 14 3790 333333333 13312995
k 14 3791 333333333 13301421
k 14 3793 333333333 13304833
k 14 3798 333333333 13301921
k 14 3794 333333333 13305054
k 14 3796 333333333 13300270
k 14 3797 333333333 13303727
k 14 3795 333333333 13307321
k 14 3804 333333333 13305489
k 14 3799 333333333 13307946
k 14 3800 333333333 13307175
k 14 3801 333333333 13302868
k 14 3802 333333333 13306354
k 14 3803 333333333 13305092
k 14 3805 333333333 13306818
k 14 3806 333333333 13305168
k 14 3808 333333333 13305483
k 14 3807 333333333 13303698
k 14 3813 333333333 13308792
k 14 3809 333333333 13304417
k 14 3810 333333333 13301548
k 14 3812 333333333 13300562
k 14 3811 333333333 13304398
k 14 3814 333333333 13303210
k 14 3815 333333333 13301007
k 14 3817 333333333 13303713
k 14 3818 333333333 13304055
k 14 3816 333333333 13295943
k 14 3820 333333333 13303332
k 14 3821 333333333 13303014
k 14 3819 333333333 13297793
k 14 3823 333333333 13292796
k 14 3822 333333333 13301597
k 14 3824 333333333 13301970
k 14 3826 333333333 13298283
k 14 3825 333333333 13297340
k 14 3827 333333333 13298157
k 14 3828 333333333 13299930
k 14 3834 333333333 13302809
k 14 3830 333333333 13302183
k 14 3829 333333333 13306740
k 14 3831 333333333 13294022
k 14 3832 333333333 13297727
k 14 3836 333333333 13298445
k 14 3835 333333333 13293819
k 14 3833 333333333 13299886
k 14 3837 333333333 13301440
k 14 3839 333333333 13298361
k 14 3843 333333333 13293678
k 14 3838 333333333 13298648
k 14 3840 333333333 13292969
k 14 3841 333333333 13294816
k 14 3848 333333333 13295591
k 14 3842 333333333 13294746
k 14 3844 333333333 13293393
k 14 3845 333333333 13295299
k 14 3846 333333333 13296578
k 14 3847 333333333 13294367
k 14 3850 333333333 13300089
k 14 3849 333333333 13297945
k 14 3853 333333333 13296271
k 14 3851 333333333 13295485
k 14 3857 333333333 13293697
k 14 3852 333333333 13292299
k 14 3855 333333333 13293967
k 14 3854 333333333 13293396
k 14 3856 333333333 13293419
k 14 3858 333333333 13298129
k 14 3859 333333333 13300622
k 14 3861 333333333 13298738
k 14 3860 333333333 13295884
k 14 3862 333333333 13296387
k 14 3863 333333333 13286830
k 14 3864 333333333 13292992
k 14 3865 333333333 13292683
k 14 3867 333333333 13290168
k 14 3866 333333333 13290886
k 14 3868 333333333 13292964
k 14 3869 333333333 13289049
k 14 3870 333333333 13293088
k 14 3871 333333333 13293378
k 14 3872 333333333 13284543
k 14 3879 333333333 13293534
k 14 3873 333333333 13294662
k 14 3875 333333333 13286212
k 14 3874 333333333 13292378
k 14 3876 333333333 13290034
k 14 3877 333333333 13286148
k 14 3878 333333333 13289533
k 14 3880 333333333 13288355
k 14 3881 333333333 13286780
k 14 3882 333333333 13287355
k 14 3883 333333333 13291254
k 14 3887 333333333 13292549
k 14 3884 333333333 13288975
k 14 3885 333333333 13288208
k 14 3894 333333333 13288761
k 14 3886 333333333 13286894
k 14 3888 333333333 13291749
k 14 3893 333333333 13288462
k 14 3889 333333333 13284293
k 14 3890 333333333 13293709
k 14 3891 333333333 13287698
k 14 3892 333333333 13288972
k 14 3898 333333333 13287959
k 14 3895 333333333 13289264
k 14 3896 333333333 13288858
k 14 3897 333333333 13285459
k 14 3901 333333333 13286957
k 14 3899 333333333 13287278
k 14 3900 333333333 13290121
k 14 3903 333333333 13284613
k 14 3904 333333333 13284346
k 14 3902 333333333 13280430
k 14 3905 333333333 13287165
k 14 3906 333333333 13288451
k 14 3908 333333333 13288303
k 14 3907 333333333 13289185
k 14 3909 333333333 13290409
k 14 3913 333333333 13284651
k 14 3911 333333333 13281713
k 14 3910 333333333 13288608
k 14 3912 333333333 13288356
k 14 3914 333333333 13280738
k 14 3915 333333333 13278886
k 14 3917 333333333 13284883
k 14 3919 333333333 13284879
k 14 3923 333333333 13277319
k 14 3916 333333333 13279222
k 14 3920 333333333 13277790
k 14 3918 333333333 13286491
k 14 3921 333333333 13286984
k 14 3922 333333333 13283197
k 14 3924 333333333 13286275
k 14 3925 333333333 13281826
k 14 3926 333333333 13280983
k 14 3927 333333333 13274093
k 14 3928 333333333 13282051
k 14 3932 333333333 13283146
k 14 3929 333333333 13285788
k 14 3938 333333333 13285305
k 14 3935 333333333 13276739
k 14 3931 333333333 13287067
k 14 3930 333333333 13285906
k 14 3933 333333333 13283792
k 14 3934 333333333 13281425
k 14 3936 333333333 13282127
k 14 3937 333333333 13283620
k 14 3939 333333333 13281689
k 14 3943 333333333 13276314
k 14 3940 333333333 13277683
k 14 3941 333333333 13277380
k 14 3942 333333333 13272863
k 14 3945 333333333 13276858
k 14 3944 333333333 13283136
k 14 3947 333333333 13280170
k 14 3946 333333333 13278652
k 14 3949 333333333 13285372
k 14 3948 333333333 13280320
k 14 3951 333333333 13279998
k 14 3950 333333333 13282066
k 14 3952 333333333 13278053
k 14 3954 333333333 13275879
k 14 3953 333333333 13279107
k 14 3958 333333333 13281878
k 14 3955 333333333 13283228
k 14 3956 333333333 13277920
k 14 3957 333333333 13278234
k 14 3959 333333333 13276973
k 14 3960 333333333 13274099
k 14 3962 333333333 13274957
k 14 3961 333333333 13278659
k 14 3964 333333333 13275511
k 14 3963 333333333 13270920
k 14 3965 333333333 13276924
k 14 3967 333333333 13272825
k 14 3966 333333333 13273988
k 14 3969 333333333 13277481
k 14 3968 333333333 13272517
k 14 3970 333333333 13274922
k 14 3971 333333333 13274375
k 14 3972 333333333 13279969
k 14 3973 333333333 13277558
k 14 3980 333333333 13278793
k 14 3974 333333333 13272069
k 14 3975 333333333 13277329
k 14 3976 333333333 13273420
k 14 3982 333333333 13273728
k 14 3977 333333333 13277640
k 14 3978 333333333 13273475
k 14 3979 333333333 13274052
k 14 3981 333333333 13277602
k 14 3983 333333333 13271433
k 14 3988 333333333 13270602
k 14 3984 333333333 13275000
k 14 3985 333333333 13272205
k 14 3986 333333333 13269774
k 14 3992 333333333 13273732
k 14 3987 333333333 13268206
k 14 3991 333333333 13272195
k 14 3989 333333333 13275344
k 14 3990 333333333 13269244
k 14 3993 333333333 13266342
k 14 3995 333333333 13269112
k 14 3994 333333333 13269095
k 14 3996 333333333 13271678
k 14 3998 333333333 13269486
k 14 3997 333333333 13272631
k 14 4002 333333333 13272587
k 14 3999 333333333 13269507
k 14 4001 333333333 13272924
k 14 4000 333333333 13267252
k 14 4003 333333333 13266587
k 14 4006 333333333 13267368
k 14 4004 333333333 13271769
k 14 4005 333333333 13268711
k 14 4007 333333333 13267963
k 14 4009 333333333 13272810
k 14 4008 333333333 13269829
k 14 4011 333333333 13265779
k 14 4010 333333333 13267465
k 14 4013 333333333 13269195
k 14 4012 333333333 13263914
k 14 4014 333333333 13270455
k 14 4015 333333333 13267864
k 14 4016 333333333 13266168
k 14 4017 333333333 13263665
k 14 4024 333333333 13272029
k 14 4019 333333333 13271989
k 14 4018 333333333 13264388
k 14 4020 333333333 13268179
k 14 4021 333333333 13264956
k 14 4026 333333333 13269068
k 14 4023 333333333 13264323
k 14 4022 333333333 13266211
k 14 4025 333333333 13259544
k 14 4027 333333333 13267635
k 14 4032 333333333 13268226
k 14 4029 333333333 13269335
k 14 4028 333333333 13266664
k 14 4031 333333333 13266173
k 14 4030 333333333 13260527
k 14 4037 333333333 13264635
k 14 4034 333333333 13265550
k 14 4033 333333333 13258329
k 14 4035 333333333 13262863
k 14 4036 333333333 13267099
k 14 4038 333333333 13264718
k 14 4040 333333333 13264215
k 14 4039 333333333 13267870
k 14 4042 333333333 13262685
k 14 4041 333333333 13258443
k 14 4047 333333333 13266941
k 14 4043 333333333 13266239
k 14 4044 333333333 13265639
k 14 4045 333333333 13265273
k 14 4046 333333333 13260486
k 14 4048 333333333 13258652
k 14 4049 333333333 13266487
k 14 4050 333333333 13255319
k 14 4051 333333333 13262782
k 14 4052 333333333 13268750
k 14 4055 333333333 13264280
k 14 4054 333333333 13255188
k 14 4053 333333333 13262056
k 14 4057 333333333 13258128
k 14 4056 333333333 13255840
k 14 4058 333333333 13258461
k 14 4061 333333333 13261150
k 14 4060 333333333 13262064
k 14 4059 333333333 13266508
k 14 4062 333333333 13262340
k 14 4063 333333333 13255390
k 14 4067 333333333 13259649
k 14 4064 333333333 13261769
k 14 4065 333333333 13260601
k 14 4066 333333333 13253164
k 14 4070 333333333 13259034
k 14 4068 333333333 13258630
k 14 4069 333333333 13259091
k 14 4071 333333333 13263330
k 14 4072 333333333 13255815
k 14 4078 333333333 13264978
k 14 4074 333333333 13255591
k 14 4073 333333333 13252870
k 14 4075 333333333 13261449
k 14 4082 333333333 13254199
k 14 4076 333333333 13257297
k 14 4077 333333333 13259634
k 14 4079 333333333 13252726
k 14 4080 333333333 13252711
k 14 4081 333333333 13255354
k 14 4083 333333333 13258355
k 14 4084 333333333 13253673
k 14 4085 333333333 13252532
k 14 4087 333333333 13250106
k 14 4086 333333333 13258274
k 14 4091 333333333 13251741
k 14 4088 333333333 13256612
k 14 4089 333333333 13257840
k 14 4090 333333333 13257127
k 14 4092 333333333 13253563
k 14 4093 333333333 13251086
k 14 4094 333333333 13253735
k 14 4095 333333333 13252336
k 14 4096 333333333 13251255
k 14 4097 333333333 13253604
k 14 4100 333333333 13251571
k 14 4102 333333333 13249325
k 14 4099 333333333 13250844
k 14 4098 333333333 13253160
k 14 4101 333333333 13255201
k 14 4104 333333333 13252031
k 14 4103 333333333 13250604
k 14 4105 333333333 13250132
k 14 4108 333333333 13246350
k 14 4106 333333333 13252877
k 14 4107 333333333 13253560
k 14 4109 333333333 13250816
k 14 4112 333333333 13258480
k 14 4110 333333333 13245986
k 14 4113 333333333 13254283
k 14 4111 333333333 13247539
k 14 4114 333333333 13252235
k 14 4115 333333333 13253184
k 14 4116 333333333 13252707
k 14 4118 333333333 13254456
k 14 4124 333333333 13249996
k 14 4117 333333333 13249324
k 14 4119 333333333 13251372
k 14 4126 333333333 13246544
k 14 4120 333333333 13249904
k 14 4122 333333333 13246261
k 14 4123 333333333 13252537
k 14 4121 333333333 13249660
k 14 4125 333333333 13249134
k 14 4127 333333333 13249496
k 14 4128 333333333 13245901
k 14 4129 333333333 13241442
k 14 4132 333333333 13253269
k 14 4130 333333333 13250292
k 14 4135 333333333 13244066
k 14 4133 333333333 13250527
k 14 4131 333333333 13251489
k 14 4134 333333333 13249622
k 14 4137 333333333 13246335
k 14 4136 333333333 13247957
k 14 4138 333333333 13250262
k 14 4139 333333333 13244861
k 14 4140 333333333 13242516
k 14 4141 333333333 13245962
k 14 4144 333333333 13244058
k 14 4146 333333333 13244476
k 14 4143 333333333 13244599
k 14 4142 333333333 13246486
k 14 4145 333333333 13239620
k 14 4147 333333333 13241685
k 14 4149 333333333 13245774
k 14 4148 333333333 13248406
k 14 4150 333333333 13244985
k 14 4151 333333333 13245231
k 14 4153 333333333 13242923
k 14 4152 333333333 13247641
k 14 4156 333333333 13244861
k 14 4154 333333333 13245905
k 14 4155 333333333 13238102
k 14 4157 333333333 13240913
k 14 4159 333333333 13244741
k 14 4158 333333333 13243938
k 14 4160 333333333 13242177
k 14 4162 333333333 13238324
k 14 4161 333333333 13241043
k 14 4168 333333333 13243430
k 14 4163 333333333 13244035
k 14 4164 333333333 13243720
k 14 4165 333333333 13245487
k 14 4167 333333333 13242805
k 14 4171 333333333 13245727
k 14 4166 333333333 13243150
k 14 4169 333333333 13239532
k 14 4170 333333333 13243489
k 14 4172 333333333 13244702
k 14 4173 333333333 13240692
k 14 4177 333333333 13232481
k 14 4174 333333333 13239945
k 14 4182 333333333 13237840
k 14 4175 333333333 13242368
k 14 4178 333333333 13235247
k 14 4180 333333333 13237467
k 14 4176 333333333 13241260
k 14 4179 333333333 13241881
k 14 4181 333333333 13237910
k 14 4183 333333333 13241913
k 14 4184 333333333 13238939
k 14 4185 333333333 13240957
k 14 4188 333333333 13237767
k 14 4186 333333333 13244002
k 14 4187 333333333 13237028
k 14 4190 333333333 13237225
k 14 4191 333333333 13240131
k 14 4189 333333333 13238768
k 14 4193 333333333 13239856
k 14 4194 333333333 13235859
k 14 4192 333333333 13238519
k 14 4196 333333333 13238335
k 14 4195 333333333 13231386
k 14 4198 333333333 13236048
k 14 4197 333333333 13233243
k 14 4200 333333333 13232510
k 14 4199 333333333 13233549
k 14 4203 333333333 13236192
k 14 4201 333333333 13238447
k 14 4202 333333333 13240823
k 14 4204 333333333 13236067
k 14 4205 333333333 13238232
k 14 4207 333333333 13233430
k 14 4206 333333333 13237335
k 14 4209 333333333 13236651
k 14 4213 333333333 13233041
k 14 4208 333333333 13234233
k 14 4210 333333333 13234847
k 14 4212 333333333 13234260
k 14 4215 333333333 13230093
k 14 4211 333333333 13237823
k 14 4214 333333333 13236199
k 14 4216 333333333 13234265
k 14 4217 333333333 13229475
k 14 4223 333333333 13229115
k 14 4218 333333333 13230547
k 14 4219 333333333 13232380
k 14 4227 333333333 13235454
k 14 4222 333333333 13236560
k 14 4220 333333333 13230817
k 14 4221 333333333 13227596
k 14 4225 333333333 13233397
k 14 4224 333333333 13232805
k 14 4226 333333333 13233976
k 14 4229 333333333 13232831
k 14 4228 333333333 13231680
k 14 4232 333333333 13228677
k 14 4230 333333333 13233884
k 14 4231 333333333 13234292
k 14 4235 333333333 13229476
k 14 4233 333333333 13235128
k 14 4234 333333333 13234747
k 14 4236 333333333 13231282
k 14 4238 333333333 13234647
k 14 4237 333333333 13229403
k 14 4239 333333333 13227506
k 14 4240 333333333 13231312
k 14 4241 333333333 13230517
k 14 4242 333333333 13222832
k 14 4243 333333333 13227322
k 14 4244 333333333 13235135
k 14 4247 333333333 13230091
k 14 4245 333333333 13228937
k 14 4246 333333333 13233000
k 14 4248 333333333 13227770
k 14 4249 333333333 13230617
k 14 4250 333333333 13227154
k 14 4251 333333333 13234730
k 14 4252 333333333 13230499
k 14 4253 333333333 13229059
k 14 4258 333333333 13230310
k 14 4254 333333333 13230338
k 14 4259 333333333 13229211
k 14 4255 333333333 13228054
k 14 4256 333333333 13231124
k 14 4257 333333333 13229482
k 14 4261 333333333 13226942
k 14 4260 333333333 13224826
k 14 4263 333333333 13232970
k 14 4262 333333333 13228151
k 14 4268 333333333 13225707
k 14 4264 333333333 13225333
k 14 4270 333333333 13225721
k 14 4266 333333333 13228523
k 14 4265 333333333 13225836
k 14 4267 333333333 13226273
k 14 4269 333333333 13223829
k 14 4271 333333333 13223835
k 14 4272 333333333 13225275
k 14 4273 333333333 13228653
k 14 4274 333333333 13225490
k 14 4275 333333333 13222787
k 14 4278 333333333 13223475
k 14 4280 333333333 13227259
k 14 4276 333333333 13221412
k 14 4277 333333333 13227391
k 14 4279 333333333 13221595
k 14 4281 333333333 13221766
k 14 4282 333333333 13224316
k 14 4283 333333333 13228334
k 14 4284 333333333 13224545
k 14 4285 333333333 13225647
k 14 4286 333333333 13223468
k 14 4287 333333333 13225780
k 14 4290 333333333 13220416
k 14 4291 333333333 13221466
k 14 4288 333333333 13222209
k 14 4289 333333333 13223668
k 14 4292 333333333 13217075
k 14 4293 333333333 13221946
k 14 4294 333333333 13219112
k 14 4296 333333333 13221707
k 14 4295 333333333 13220547
k 14 4297 333333333 13217813
k 14 4298 333333333 13220906
k 14 4302 333333333 13224049
k 14 4299 333333333 13220193
k 14 4303 333333333 13221134
k 14 4301 333333333 13221761
k 14 4300 333333333 13221848
k 14 4304 333333333 13218654
k 14 4305 333333333 13219118
k 14 4306 333333333 13218759
k 14 4307 333333333 13224713
k 14 4313 333333333 13211546
k 14 4308 333333333 13216373
k 14 4310 333333333 13218059
k 14 4309 333333333 13218783
k 14 4315 333333333 13210585
k 14 4311 333333333 13225610
k 14 4312 333333333 13217435
k 14 4314 333333333 13221882
k 14 4316 333333333 13216297
k 14 4317 333333333 13220371
k 14 4318 333333333 13217135
k 14 4319 333333333 13219457
k 14 4322 333333333 13218568
k 14 4321 333333333 13218136
k 14 4326 333333333 13214181
k 14 4320 333333333 13217692
k 14 4323 333333333 13212815
k 14 4324 333333333 13217231
k 14 4325 333333333 13215739
k 14 4327 333333333 13214758
k 14 4329 333333333 13222702
k 14 4328 333333333 13215723
k 14 4331 333333333 13219544
k 14 4330 333333333 13211989
k 14 4334 333333333 13216542
k 14 4336 333333333 13212851
k 14 4332 333333333 13223188
k 14 4333 333333333 13218360
k 14 4335 333333333 13212196
k 14 4337 333333333 13215487
k 14 4338 333333333 13214168
k 14 4340 333333333 13214330
k 14 4341 333333333 13209176
k 14 4339 333333333 13216662
k 14 4346 333333333 13213505
k 14 4342 333333333 13218926
k 14 4347 333333333 13214302
k 14 4343 333333333 13212381
k 14 4345 333333333 13207347
k 14 4344 333333333 13211302
k 14 4348 333333333 13214087
k 14 4349 333333333 13215491
k 14 4351 333333333 13214042
k 14 4350 333333333 13218164
k 14 4352 333333333 13214897
k 14 4353 333333333 13209478
k 14 4356 333333333 13213312
k 14 4354 333333333 13211096
k 14 4355 333333333 13214328
k 14 4358 333333333 13215254
k 14 4357 333333333 13213837
k 14 4359 333333333 13209585
k 14 4360 333333333 13204741
k 14 4361 333333333 13210114
k 14 4362 333333333 13208814
k 14 4363 333333333 13211346
k 14 4368 333333333 13212884
k 14 4364 333333333 13207314
k 14 4366 333333333 13210377
k 14 4365 333333333 13214871
k 14 4371 333333333 13210269
k 14 4367 333333333 13208972
k 14 4370 333333333 13211739
k 14 4369 333333333 13209401
k 14 4372 333333333 13202702
k 14 4373 333333333 13209283
k 14 4374 333333333 13211307
k 14 4375 333333333 13209345
k 14 4378 333333333 13209945
k 14 4376 333333333 13207056
k 14 4382 333333333 13209983
k 14 4377 333333333 13203348
k 14 4380 333333333 13207762
k 14 4381 333333333 13210585
k 14 4379 333333333 13208378
k 14 4383 333333333 13212841
k 14 4384 333333333 13210977
k 14 4385 333333333 13205830
k 14 4390 333333333 13209380
k 14 4386 333333333 13208590
k 14 4387 333333333 13210118
k 14 4392 333333333 13203318
k 14 4389 333333333 13206992
k 14 4388 333333333 13203553
k 14 4391 333333333 13203504
k 14 4393 333333333 13206556
k 14 4394 333333333 13208036
k 14 4395 333333333 13208188
k 14 4396 333333333 13206823
k 14 4397 333333333 13204142
k 14 4398 333333333 13209305
k 14 4400 333333333 13200347
k 14 4399 333333333 13204724
k 14 4403 333333333 13205413
k 14 4401 333333333 13204639
k 14 4402 333333333 13206944
k 14 4404 333333333 13209770
k 14 4405 333333333 13207821
k 14 4406 333333333 13205286
k 14 4407 333333333 13207653
k 14 4413 333333333 13202455
k 14 4408 333333333 13203673
k 14 4409 333333333 13203540
k 14 4410 333333333 13206202
k 14 4415 333333333 13206274
k 14 4411 333333333 13204023
k 14 4414 333333333 13203734
k 14 4412 333333333 13205702
k 14 4416 333333333 13201303
k 14 4417 333333333 13203053
k 14 4418 333333333 13203105
k 14 4419 333333333 13206561
k 14 4420 333333333 13204108
k 14 4422 333333333 13197765
k 14 4421 333333333 13198582
k 14 4426 333333333 13205475
k 14 4423 333333333 13202649
k 14 4424 333333333 13207227
k 14 4425 333333333 13201929
k 14 4427 333333333 13203100
k 14 4428 333333333 13203019
k 14 4429 333333333 13200584
k 14 4430 333333333 13202280
k 14 4435 333333333 13199527
k 14 4431 333333333 13200986
k 14 4432 333333333 13201913
k 14 4437 333333333 13201891
k 14 4434 333333333 13201327
k 14 4433 333333333 13198040
k 14 4436 333333333 13198785
k 14 4438 333333333 13203488
k 14 4439 333333333 13199049
k 14 4440 333333333 13199784
k 14 4443 333333333 13192341
k 14 4441 333333333 13199036
k 14 4442 333333333 13197911
k 14 4445 333333333 13195099
k 14 4448 333333333 13198035
k 14 4444 333333333 13199903
k 14 4447 333333333 13197698
k 14 4446 333333333 13202634
k 14 4450 333333333 13199461
k 14 4449 333333333 13202300
k 14 4451 333333333 13197861
k 14 4453 333333333 13189556
k 14 4452 333333333 13192997
k 14 4458 333333333 13196605
k 14 4454 333333333 13194091
k 14 4459 333333333 13198956
k 14 4455 333333333 13199594
k 14 4456 333333333 13197751
k 14 4457 333333333 13194136
k 14 4460 333333333 13200370
k 14 4461 333333333 13198016
k 14 4462 333333333 13197414
k 14 4463 333333333 13197388
k 14 4464 333333333 13192547
k 14 4468 333333333 13186464
k 14 4465 333333333 13200538
k 14 4470 333333333 13192363
k 14 4467 333333333 13195506
k 14 4466 333333333 13195704
k 14 4469 333333333 13194845
k 14 4471 333333333 13194595
k 14 4472 333333333 13193921
k 14 4473 333333333 13193497
k 14 4474 333333333 13197349
k 14 4475 333333333 13189861
k 14 4479 333333333 13195150
k 14 4476 333333333 13194175
k 14 4481 333333333 13193131
k 14 4477 333333333 13189421
k 14 4478 333333333 13192840
k 14 4480 333333333 13190300
k 14 4482 333333333 13190796
k 14 4483 333333333 13191500
k 14 4484 333333333 13191446
k 14 4485 333333333 13188934
k 14 4486 333333333 13192550
k 14 4487 333333333 13194245
k 14 4490 333333333 13189334
k 14 4488 333333333 13191047
k 14 4489 333333333 13190270
k 14 4492 333333333 13191553
k 14 4491 333333333 13189519
k 14 4493 333333333 13195144
k 14 4494 333333333 13192932
k 14 4495 333333333 13196758
k 14 4497 333333333 13191202
k 14 4496 333333333 13190713
k 14 4499 333333333 13189355
k 14 4502 333333333 13188734
k 14 4498 333333333 13187770
k 14 4505 333333333 13188567
k 14 4500 333333333 13188980
k 14 4501 333333333 13191210
k 14 4503 333333333 13185169
k 14 4504 333333333 13191113
k 14 4506 333333333 13188476
k 14 4507 333333333 13181987
k 14 4508 333333333 13191388
k 14 4509 333333333 13190630
k 14 4513 333333333 13189933
k 14 4510 333333333 13189002
k 14 4515 333333333 13193068
k 14 4511 333333333 13183798
k 14 4512 333333333 13191111
k 14 4514 333333333 13185228
k 14 4516 333333333 13186979
k 14 4517 333333333 13185938
k 14 4518 333333333 13188766
k 14 4519 333333333 13188271
k 14 4524 333333333 13186117
k 14 4520 333333333 13187643
k 14 4526 333333333 13186836
k 14 4521 333333333 13188347
k 14 4523 333333333 13185768
k 14 4522 333333333 13187629
k 14 4527 333333333 13190318
k 14 4525 333333333 13187507
k 14 4528 333333333 13186515
k 14 4529 333333333 13185073
k 14 4531 333333333 13192114
k 14 4530 333333333 13179434
k 14 4534 333333333 13185061
k 14 4533 333333333 13186387
k 14 4532 333333333 13180811
k 14 4536 333333333 13186038
k 14 4535 333333333 13184026
k 14 4537 333333333 13187172
k 14 4538 333333333 13184762
k 14 4539 333333333 13184657
k 14 4540 333333333 13184542
k 14 4541 333333333 13184292
k 14 4542 333333333 13180204
k 14 4543 333333333 13183681
k 14 4546 333333333 13183206
k 14 4549 333333333 13185110
k 14 4545 333333333 13186489
k 14 4544 333333333 13183910
k 14 4547 333333333 13182169
k 14 4548 333333333 13183706
k 14 4550 333333333 13180895
k 14 4551 333333333 13181954
k 14 4552 333333333 13183514
k 14 4553 333333333 13181306
k 14 4558 333333333 13178733
k 14 4554 333333333 13180452
k 14 4555 333333333 13176297
k 14 4559 333333333 13180331
k 14 4556 333333333 13181523
k 14 4557 333333333 13178114
k 14 4560 333333333 13183504
k 14 4561 333333333 13180286
k 14 4562 333333333 13176194
k 14 4563 333333333 13188662
k 14 4564 333333333 13183888
k 14 4568 333333333 13180807
k 14 4565 333333333 13184746
k 14 4571 333333333 13178276
k 14 4566 333333333 13178144
k 14 4567 333333333 13181135
k 14 4569 333333333 13182696
k 14 4570 333333333 13183768
k 14 4573 333333333 13184367
k 14 4572 333333333 13176227
k 14 4574 333333333 13177272
k 14 4575 333333333 13179500
k 14 4579 333333333 13178601
k 14 4576 333333333 13173628
k 14 4577 333333333 13183290
k 14 4581 333333333 13176310
k 14 4578 333333333 13178793
k 14 4580 333333333 13178433
k 14 4582 333333333 13176924
k 14 4583 333333333 13179743
k 14 4585 333333333 13177458
k 14 4584 333333333 13179115
k 14 4586 333333333 13170717
k 14 4587 333333333 13180029
k 14 4590 333333333 13179695
k 14 4593 333333333 13169811
k 14 4588 333333333 13180732
k 14 4589 333333333 13176639
k 14 4591 333333333 13175545
k 14 4592 333333333 13176905
k 14 4594 333333333 13176004
k 14 4595 333333333 13177856
k 14 4596 333333333 13178806
k 14 4597 333333333 13173604
k 14 4598 333333333 13173577
k 14 4602 333333333 13171657
k 14 4600 333333333 13166186
k 14 4599 333333333 13173620
k 14 4601 333333333 13175627
k 14 4603 333333333 13179206
k 14 4604 333333333 13174152
k 14 4607 333333333 13177503
k 14 4606 333333333 13169334
k 14 4605 333333333 13172410
k 14 4608 333333333 13169342
k 14 4613 333333333 13170717
k 14 4609 333333333 13171605
k 14 4610 333333333 13170186
k 14 4617 333333333 13174919
k 14 4611 333333333 13172956
k 14 4612 333333333 13175968
k 14 4615 333333333 13174581
k 14 4614 333333333 13177721
k 14 4616 333333333 13171684
k 14 4618 333333333 13173888
k 14 4620 333333333 13173527
k 14 4619 333333333 13173275
k 14 4623 333333333 13175351
k 14 4621 333333333 13173588
k 14 4626 333333333 13170635
k 14 4622 333333333 13176605
k 14 4625 333333333 13164830
k 14 4624 333333333 13171107
k 14 4627 333333333 13173688
k 14 4629 333333333 13171565
k 14 4628 333333333 13172291
k 14 4631 333333333 13168955
k 14 4630 333333333 13169837
k 14 4635 333333333 13170703
k 14 4632 333333333 13167752
k 14 4637 333333333 13172512
k 14 4633 333333333 13167859
k 14 4634 333333333 13167683
k 14 4636 333333333 13170993
k 14 4638 333333333 13168784
k 14 4639 333333333 13167557
k 14 4640 333333333 13166548
k 14 4641 333333333 13167066
k 14 4643 333333333 13163852
k 14 4646 333333333 13162562
k 14 4644 333333333 13167460
k 14 4642 333333333 13167932
k 14 4645 333333333 13167204
k 14 4648 333333333 13167223
k 14 4647 333333333 13170006
k 14 4649 333333333 13167960
k 14 4651 333333333 13166483
k 14 4650 333333333 13170974
k 14 4652 333333333 13169902
k 14 4653 333333333 13170082
k 14 4657 333333333 13163398
k 14 4654 333333333 13161589
k 14 4661 333333333 13167198
k 14 4655 333333333 13168369
k 14 4658 333333333 13168912
k 14 4656 333333333 13163964
k 14 4660 333333333 13163945
k 14 4659 333333333 13169442
k 14 4662 333333333 13164341
k 14 4664 333333333 13170405
k 14 4663 333333333 13170668
k 14 4665 333333333 13163428
k 14 4668 333333333 13164500
k 14 4670 333333333 13165590
k 14 4666 333333333 13164049
k 14 4667 333333333 13167031
k 14 4669 333333333 13166243
k 14 4671 333333333 13166493
k 14 4673 333333333 13162498
k 14 4672 333333333 13162672
k 14 4675 333333333 13163065
k 14 4674 333333333 13163797
k 14 4676 333333333 13169273
k 14 4680 333333333 13158723
k 14 4681 333333333 13162835
k 14 4677 333333333 13159719
k 14 4678 333333333 13169397
k 14 4679 333333333 13162551
k 14 4683 333333333 13164639
k 14 4682 333333333 13159289
k 14 4684 333333333 13166918
k 14 4685 333333333 13166561
k 14 4687 333333333 13166496
k 14 4686 333333333 13166220
k 14 4688 333333333 13161262
k 14 4689 333333333 13161579
k 14 4691 333333333 13161794
k 14 4692 333333333 13162248
k 14 4690 333333333 13163455
k 14 4693 333333333 13158877
k 14 4694 333333333 13161249
k 14 4695 333333333 13160530
k 14 4696 333333333 13158981
k 14 4697 333333333 13161196
k 14 4704 333333333 13161336
k 14 4699 333333333 13159637
k 14 4698 333333333 13160373
k 14 4705 333333333 13154389
k 14 4701 333333333 13153927
k 14 4700 333333333 13162800
k 14 4702 333333333 13160298
k 14 4703 333333333 13161582
k 14 4706 333333333 13163813
k 14 4707 333333333 13161134
k 14 4708 333333333 13157054
k 14 4709 333333333 13158430
k 14 4712 333333333 13159128
k 14 4710 333333333 13154377
k 14 4715 333333333 13157688
k 14 4711 333333333 13155440
k 14 4713 333333333 13159850
k 14 4714 333333333 13156396
k 14 4716 333333333 13157912
k 14 4717 333333333 13162803
k 14 4719 333333333 13158384
k 14 4718 333333333 13162243
k 14 4720 333333333 13160816
k 14 4724 333333333 13156555
k 14 4721 333333333 13155198
k 14 4726 333333333 13153677
k 14 4722 333333333 13160130
k 14 4723 333333333 13156407
k 14 4725 333333333 13164567
k 14 4727 333333333 13153480
k 14 4728 333333333 13156545
k 14 4729 333333333 13150658
k 14 4731 333333333 13160251
k 14 4730 333333333 13160294
k 14 4732 333333333 13157357
k 14 4733 333333333 13157594
k 14 4735 333333333 13159711
k 14 4737 333333333 13157241
k 14 4734 333333333 13153523
k 14 4736 333333333 13153508
k 14 4738 333333333 13152610
k 14 4739 333333333 13159268
k 14 4740 333333333 13153205
k 14 4741 333333333 13153888
k 14 4742 333333333 13154141
k 14 4748 333333333 13150886
k 14 4743 333333333 13160391
k 14 4744 333333333 13148163
k 14 4749 333333333 13152831
k 14 4745 333333333 13156460
k 14 4746 333333333 13154044
k 14 4747 333333333 13155326
k 14 4750 333333333 13153451
k 14 4751 333333333 13156228
k 14 4753 333333333 13156601
k 14 4752 333333333 13152852
k 14 4757 333333333 13149066
k 14 4754 333333333 13154409
k 14 4755 333333333 13149638
k 14 4760 333333333 13154555
k 14 4756 333333333 13151717
k 14 4758 333333333 13147679
k 14 4759 333333333 13151523
k 14 4762 333333333 13150928
k 14 4761 333333333 13151926
k 14 4763 333333333 13148229
k 14 4764 333333333 13156227
k 14 4768 333333333 13152171
k 14 4765 333333333 13151406
k 14 4771 333333333 13147055
k 14 4767 333333333 13147640
k 14 4766 333333333 13151762
k 14 4769 333333333 13154418
k 14 4770 333333333 13150524
k 14 4772 333333333 13147130
k 14 4773 333333333 13146724
k 14 4774 333333333 13150690
k 14 4776 333333333 13151805
k 14 4775 333333333 13146376
k 14 4777 333333333 13149355
k 14 4779 333333333 13154261
k 14 4781 333333333 13152541
k 14 4778 333333333 13151662
k 14 4780 333333333 13147259
k 14 4782 333333333 13145023
k 14 4783 333333333 13147449
k 14 4784 333333333 13152493
k 14 4785 333333333 13145684
k 14 4786 333333333 13153214
k 14 4787 333333333 13151306
k 14 4792 333333333 13146339
k 14 4788 333333333 13146283
k 14 4789 333333333 13148051
k 14 4790 333333333 13149986
k 14 4793 333333333 13148043
k 14 4791 333333333 13151839
k 14 4794 333333333 13146251
k 14 4795 333333333 13148998
k 14 4796 333333333 13141678
k 14 4798 333333333 13148088
k 14 4797 333333333 13141353
k 14 4802 333333333 13148907
k 14 4799 333333333 13146830
k 14 4800 333333333 13148132
k 14 4806 333333333 13150804
k 14 4801 333333333 13137997
k 14 4804 333333333 13144880
k 14 4803 333333333 13149741
k 14 4807 333333333 13144393
k 14 4805 333333333 13147020
k 14 4808 333333333 13144655
k 14 4813 333333333 13142928
k 14 4809 333333333 13145828
k 14 4816 333333333 13141743
k 14 4810 333333333 13146641
k 14 4811 333333333 13136909
k 14 4814 333333333 13147518
k 14 4812 333333333 13147147
k 14 4817 333333333 13146505
k 14 4815 333333333 13145684
k 14 4821 333333333 13143198
k 14 4818 333333333 13145425
k 14 4819 333333333 13140912
k 14 4820 333333333 13138034
k 14 4823 333333333 13139028
k 14 4825 333333333 13144743
k 14 4822 333333333 13144835
k 14 4824 333333333 13141532
k 14 4832 333333333 13144467
k 14 4826 333333333 13139802
k 14 4829 333333333 13141657
k 14 4830 333333333 13140649
k 14 4827 333333333 13137822
k 14 4828 333333333 13145766
k 14 4831 333333333 13138942
k 14 4833 333333333 13140327
k 14 4836 333333333 13142307
k 14 4834 333333333 13141800
k 14 4837 333333333 13133481
k 14 4835 333333333 13137501
k 14 4840 333333333 13139294
k 14 4838 333333333 13138595
k 14 4839 333333333 13142819
k 14 4841 333333333 13141431
k 14 4842 333333333 13142235
k 14 4843 333333333 13142497
k 14 4848 333333333 13133548
k 14 4844 333333333 13137974
k 14 4845 333333333 13142683
k 14 4846 333333333 13140674
k 14 4850 333333333 13137735
k 14 4847 333333333 13139491
k 14 4849 333333333 13138356
k 14 4852 333333333 13133796
k 14 4851 333333333 13140420
k 14 4853 333333333 13144012
k 14 4858 333333333 13140025
k 14 4854 333333333 13142624
k 14 4862 333333333 13136737
k 14 4855 333333333 13142727
k 14 4856 333333333 13136929
k 14 4857 333333333 13143975
k 14 4861 333333333 13131863
k 14 4860 333333333 13136881
k 14 4865 333333333 13136576
k 14 4863 333333333 13129057
k 14 4859 333333333 13135982
k 14 4864 333333333 13132106
k 14 4866 333333333 13136010
k 14 4868 333333333 13133670
k 14 4870 333333333 13139248
k 14 4867 333333333 13132862
k 14 4869 333333333 13131804
k 14 4876 333333333 13134619
k 14 4871 333333333 13134854
k 14 4872 333333333 13137223
k 14 4873 333333333 13138785
k 14 4874 333333333 13131340
k 14 4875 333333333 13132957
k 14 4877 333333333 13133045
k 14 4878 333333333 13139147
k 14 4881 333333333 13134438
k 14 4879 333333333 13136626
k 14 4882 333333333 13135304
k 14 4880 333333333 13128794
k 14 4885 333333333 13136490
k 14 4883 333333333 13130637
k 14 4884 333333333 13130829
k 14 4887 333333333 13132757
k 14 4888 333333333 13135743
k 14 4886 333333333 13130453
k 14 4893 333333333 13126808
k 14 4895 333333333 13138032
k 14 4889 333333333 13136168
k 14 4890 333333333 13131891
k 14 4891 333333333 13135342
k 14 4892 333333333 13131049
k 14 4894 333333333 13139674
k 14 4897 333333333 13131575
k 14 4896 333333333 13131724
k 14 4898 333333333 13131790
k 14 4899 333333333 13132619
k 14 4903 333333333 13127093
k 14 4904 333333333 13130402
k 14 4902 333333333 13134975
k 14 4900 333333333 13127503
k 14 4901 333333333 13130025
k 14 4905 333333333 13137928
k 14 4910 333333333 13124403
k 14 4908 333333333 13135761
k 14 4907 333333333 13133848
k 14 4906 333333333 13129505
k 14 4909 333333333 13131142
k 14 4911 333333333 13134568
k 14 4914 333333333 13131963
k 14 4912 333333333 13130268
k 14 4915 333333333 13133439
k 14 4913 333333333 13134123
k 14 4920 333333333 13138067
k 14 4917 333333333 13128572
k 14 4916 333333333 13127055
k 14 4918 333333333 13128335
k 14 4921 333333333 13126656
k 14 4923 333333333 13128678
k 14 4926 333333333 13126992
k 14 4919 333333333 13132303
k 14 4924 333333333 13130833
k 14 4922 333333333 13129572
k 14 4928 333333333 13129581
k 14 4925 333333333 13132326
k 14 4927 333333333 13135257
k 14 4930 333333333 13127698
k 14 4929 333333333 13127149
k 14 4936 333333333 13128892
k 14 4931 333333333 13124570
k 14 4933 333333333 13121294
k 14 4940 333333333 13124765
k 14 4934 333333333 13127279
k 14 4932 333333333 13129155
k 14 4938 333333333 13127824
k 14 4937 333333333 13123749
k 14 4935 333333333 13131166
k 14 4939 333333333 13126398
k 14 4943 333333333 13126378
k 14 4941 333333333 13121978
k 14 4942 333333333 13122302
k 14 4944 333333333 13130731
k 14 4945 333333333 13128354
k 14 4948 333333333 13129590
k 14 4946 333333333 13125947
k 14 4947 333333333 13122394
k 14 4949 333333333 13124599
k 14 4955 333333333 13125695
k 14 4950 333333333 13123827
k 14 4951 333333333 13123094
k 14 4953 333333333 13120537
k 14 4952 333333333 13122868
k 14 4954 333333333 13117315
k 14 4959 333333333 13118677
k 14 4956 333333333 13129209
k 14 4957 333333333 13120427
k 14 4960 333333333 13121453
k 14 4958 333333333 13125054
k 14 4964 333333333 13123277
k 14 4962 333333333 13128026
k 14 4961 333333333 13127587
k 14 4965 333333333 13123143
k 14 4963 333333333 13123598
k 14 4966 333333333 13124628
k 14 4968 333333333 13124103
k 14 4967 333333333 13123604
k 14 4970 333333333 13122214
k 14 4969 333333333 13122483
k 14 4973 333333333 13123809
k 14 4971 333333333 13123809
k 14 4972 333333333 13117638
k 14 4975 333333333 13122557
k 14 4974 333333333 13120870
k 14 4983 333333333 13123063
k 14 4976 333333333 13121553
k 14 4977 333333333 13123325
k 14 4985 333333333 13115671
k 14 4978 333333333 13112752
k 14 4980 333333333 13120126
k 14 4979 333333333 13116180
k 14 4982 333333333 13119393
k 14 4981 333333333 13120523
k 14 4984 333333333 13116081
k 14 4988 333333333 13119853
k 14 4986 333333333 13113923
k 14 4987 333333333 13118865
k 14 4989 333333333 13111061
k 14 4990 333333333 13113587
k 14 4993 333333333 13121973
k 14 4994 333333333 13119735
k 14 4991 333333333 13116555
k 14 5000 333333333 13112723
k 14 4992 333333333 13114832
k 14 4995 333333333 13117644
k 14 4996 333333333 13118505
k 14 4998 333333333 13118224
k 14 4997 333333333 13119930
k 14 4999 333333333 13117678
k 14 5004 333333333 13119641
k 14 5002 333333333 13118981
k 14 5001 333333333 13119144
k 14 5005 333333333 13116312
k 14 5003 333333333 13120630
k 14 5008 333333333 13112217
k 14 5007 333333333 13113304
k 14 5006 333333333 13113139
k 14 5010 333333333 13119890
k 14 5009 333333333 13114650
k 14 5011 333333333 13113035
k 14 5012 333333333 13115702
k 14 5015 333333333 13118831
k 14 5013 333333333 13118987
k 14 5014 333333333 13115142
k 14 5018 333333333 13114865
k 14 5016 333333333 13115669
k 14 5017 333333333 13121501
k 14 5020 333333333 13114912
k 14 5019 333333333 13114983
k 14 5027 333333333 13107891
k 14 5022 333333333 13115210
k 14 5021 333333333 13121725
k 14 5030 333333333 13112842
k 14 5024 333333333 13116968
k 14 5023 333333333 13116514
k 14 5025 333333333 13113403
k 14 5026 333333333 13115443
k 14 5033 333333333 13110860
k 14 5028 333333333 13110643
k 14 5029 333333333 13115174
k 14 5031 333333333 13117638
k 14 5032 333333333 13108487
k 14 5034 333333333 13112863
k 14 5035 333333333 13113680
k 14 5038 333333333 13111085
k 14 5037 333333333 13107797
k 14 5036 333333333 13115091
k 14 5043 333333333 13112834
k 14 5039 333333333 13116177
k 14 5041 333333333 13114858
k 14 5040 333333333 13108063
k 14 5042 333333333 13109676
k 14 5044 333333333 13117825
k 14 5045 333333333 13114868
k 14 5046 333333333 13109908
k 14 5049 333333333 13110173
k 14 5047 333333333 13111852
k 14 5050 333333333 13117526
k 14 5048 333333333 13115852
k 14 5053 333333333 13107682
k 14 5052 333333333 13117110
k 14 5051 333333333 13108362
k 14 5054 333333333 13113194
k 14 5056 333333333 13111776
k 14 5055 333333333 13112072
k 14 5061 333333333 13103808
k 14 5057 333333333 13108737
k 14 5063 333333333 13108483
k 14 5058 333333333 13113268
k 14 5059 333333333 13107129
k 14 5060 333333333 13113166
k 14 5065 333333333 13110861
k 14 5062 333333333 13107307
k 14 5064 333333333 13105896
k 14 5071 333333333 13106992
k 14 5067 333333333 13104669
k 14 5066 333333333 13113103
k 14 5073 333333333 13109948
k 14 5069 333333333 13105177
k 14 5068 333333333 13115781
k 14 5072 333333333 13106081
k 14 5070 333333333 13106156
k 14 5077 333333333 13109621
k 14 5074 333333333 13106015
k 14 5075 333333333 13111686
k 14 5076 333333333 13107262
k 14 5078 333333333 13112486
k 14 5079 333333333 13104631
k 14 5080 333333333 13106603
k 14 5083 333333333 13106464
k 14 5081 333333333 13108052
k 14 5084 333333333 13101761
k 14 5088 333333333 13100024
k 14 5085 333333333 13109496
k 14 5082 333333333 13102033
k 14 5086 333333333 13110944
k 14 5087 333333333 13107157
k 14 5089 333333333 13107751
k 14 5091 333333333 13106672
k 14 5094 333333333 13109863
k 14 5090 333333333 13105839
k 14 5095 333333333 13103419
k 14 5092 333333333 13104062
k 14 5093 333333333 13107087
k 14 5098 333333333 13101706
k 14 5096 333333333 13104097
k 14 5097 333333333 13099720
k 14 5099 333333333 13105492
k 14 5100 333333333 13107572
k 14 5101 333333333 13104477
k 14 5102 333333333 13101788
k 14 5105 333333333 13102124
k 14 5107 333333333 13100752
k 14 5103 333333333 13104583
k 14 5104 333333333 13103061
k 14 5106 333333333 13102270
k 14 5110 333333333 13101046
k 14 5109 333333333 13100170
k 14 5108 333333333 13105771
k 14 5117 333333333 13105568
k 14 5111 333333333 13105125
k 14 5118 333333333 13099615
k 14 5112 333333333 13098952
k 14 5114 333333333 13104189
k 14 5113 333333333 13097479
k 14 5115 333333333 13104221
k 14 5116 333333333 13098954
k 14 5122 333333333 13104014
k 14 5119 333333333 13107259
k 14 5120 333333333 13097784
k 14 5121 333333333 13096912
k 14 5123 333333333 13099355
k 14 5124 333333333 13101999
k 14 5125 333333333 13098943
k 14 5127 333333333 13100539
k 14 5126 333333333 13097360
k 14 5128 333333333 13101452
k 14 5129 333333333 13095502
k 14 5133 333333333 13098802
k 14 5130 333333333 13098824
k 14 5132 333333333 13106074
k 14 5131 333333333 13097080
k 14 5134 333333333 13099118
k 14 5135 333333333 13098690
k 14 5139 333333333 13095267
k 14 5140 333333333 13097720
k 14 5137 333333333 13093323
k 14 5138 333333333 13101747
k 14 5136 333333333 13098228
k 14 5144 333333333 13098334
k 14 5141 333333333 13101082
k 14 5142 333333333 13101504
k 14 5143 333333333 13093636
k 14 5145 333333333 13097694
k 14 5146 333333333 13099900
k 14 5150 333333333 13093210
k 14 5147 333333333 13100802
k 14 5151 333333333 13092371
k 14 5148 333333333 13099394
k 14 5149 333333333 13099242
k 14 5155 333333333 13094831
k 14 5152 333333333 13102314
k 14 5153 333333333 13097263
k 14 5154 333333333 13094598
k 14 5156 333333333 13098313
k 14 5157 333333333 13095108
k 14 5161 333333333 13096735
k 14 5158 333333333 13097562
k 14 5163 333333333 13094798
k 14 5159 333333333 13094458
k 14 5160 333333333 13095804
k 14 5162 333333333 13088578
k 14 5166 333333333 13093885
k 14 5164 333333333 13096592
k 14 5165 333333333 13095558
k 14 5168 333333333 13090928
k 14 5167 333333333 13091996
k 14 5169 333333333 13095253
k 14 5172 333333333 13095370
k 14 5174 333333333 13090705
k 14 5171 333333333 13095805
k 14 5170 333333333 13099000
k 14 5173 333333333 13095347
k 14 5175 333333333 13090060
k 14 5178 333333333 13096634
k 14 5176 333333333 13090058
k 14 5177 333333333 13098274
k 14 5179 333333333 13088645
k 14 5184 333333333 13092934
k 14 5180 333333333 13093435
k 14 5185 333333333 13093069
k 14 5181 333333333 13085581
k 14 5182 333333333 13092837
k 14 5183 333333333 13092402
k 14 5190 333333333 13096357
k 14 5186 333333333 13091129
k 14 5188 333333333 13092894
k 14 5189 333333333 13093388
k 14 5187 333333333 13092958
k 14 5191 333333333 13091925
k 14 5194 333333333 13094358
k 14 5192 333333333 13094038
k 14 5196 333333333 13090282
k 14 5193 333333333 13088807
k 14 5195 333333333 13091346
k 14 5200 333333333 13084835
k 14 5197 333333333 13089649
k 14 5198 333333333 13090544
k 14 5199 333333333 13088483
k 14 5201 333333333 13086020
k 14 5206 333333333 13092654
k 14 5202 333333333 13094833
k 14 5203 333333333 13092345
k 14 5204 333333333 13089079
k 14 5208 333333333 13090283
k 14 5207 333333333 13090332
k 14 5205 333333333 13091623
k 14 5211 333333333 13089167
k 14 5209 333333333 13090959
k 14 5210 333333333 13088244
k 14 5212 333333333 13083318
k 14 5213 333333333 13086969
k 14 5216 333333333 13091765
k 14 5214 333333333 13092466
k 14 5220 333333333 13088148
k 14 5217 333333333 13087959
k 14 5219 333333333 13085965
k 14 5215 333333333 13087423
k 14 5218 333333333 13092022
k 14 5223 333333333 13083952
k 14 5221 333333333 13090241
k 14 5222 333333333 13088009
k 14 5224 333333333 13086961
k 14 5228 333333333 13085375
k 14 5230 333333333 13086635
k 14 5225 333333333 13085826
k 14 5226 333333333 13082275
k 14 5227 333333333 13084521
k 14 5229 333333333 13086041
k 14 5235 333333333 13085544
k 14 5232 333333333 13087519
k 14 5231 333333333 13087268
k 14 5233 333333333 13087868
k 14 5234 333333333 13081017
k 14 5236 333333333 13088318
k 14 5239 333333333 13087619
k 14 5240 333333333 13084265
k 14 5237 333333333 13092159
k 14 5238 333333333 13088859
k 14 5241 333333333 13093381
k 14 5245 333333333 13082146
k 14 5242 333333333 13084160
k 14 5243 333333333 13085059
k 14 5244 333333333 13088556
k 14 5246 333333333 13078818
k 14 5249 333333333 13083852
k 14 5251 333333333 13082295
k 14 5247 333333333 13082674
k 14 5248 333333333 13089358
k 14 5252 333333333 13085183
k 14 5250 333333333 13081190
k 14 5256 333333333 13080898
k 14 5254 333333333 13075132
k 14 5253 333333333 13080304
k 14 5255 333333333 13091596
k 14 5257 333333333 13082982
k 14 5258 333333333 13085361
k 14 5262 333333333 13085437
k 14 5265 333333333 13084642
k 14 5259 333333333 13083706
k 14 5260 333333333 13086031
k 14 5264 333333333 13077951
k 14 5261 333333333 13081972
k 14 5267 333333333 13078994
k 14 5263 333333333 13080200
k 14 5266 333333333 13080795
k 14 5268 333333333 13080679
k 14 5269 333333333 13082128
k 14 5273 333333333 13085797
k 14 5274 333333333 13082358
k 14 5270 333333333 13080561
k 14 5271 333333333 13080702
k 14 5272 333333333 13080603
k 14 5275 333333333 13083549
k 14 5279 333333333 13079833
k 14 5276 333333333 13082568
k 14 5278 333333333 13077283
k 14 5277 333333333 13084752
k 14 5280 333333333 13082941
k 14 5284 333333333 13077885
k 14 5285 333333333 13085373
k 14 5281 333333333 13081761
k 14 5282 333333333 13080117
k 14 5283 333333333 13078407
k 14 5286 333333333 13081202
k 14 5290 333333333 13076855
k 14 5287 333333333 13082266
k 14 5288 333333333 13081491
k 14 5289 333333333 13081267
k 14 5291 333333333 13078194
k 14 5295 333333333 13081007
k 14 5293 333333333 13079674
k 14 5292 333333333 13080045
k 14 5296 333333333 13075396
k 14 5294 333333333 13076746
k 14 5298 333333333 13078357
k 14 5297 333333333 13076991
k 14 5301 333333333 13081507
k 14 5299 333333333 13078173
k 14 5300 333333333 13076684
k 14 5302 333333333 13076948
k 14 5303 333333333 13076445
k 14 5306 333333333 13078905
k 14 5309 333333333 13080811
k 14 5304 333333333 13079631
k 14 5305 333333333 13077225
k 14 5308 333333333 13082738
k 14 5307 333333333 13077500
k 14 5310 333333333 13075180
k 14 5313 333333333 13070054
k 14 5314 333333333 13074932
k 14 5311 333333333 13076776
k 14 5312 333333333 13075727
k 14 5315 333333333 13078684
k 14 5318 333333333 13070203
k 14 5319 333333333 13076874
k 14 5317 333333333 13084706
k 14 5316 333333333 13065232
k 14 5320 333333333 13076878
k 14 5325 333333333 13079821
k 14 5321 333333333 13075356
k 14 5322 333333333 13077032
k 14 5324 333333333 13070712
k 14 5323 333333333 13074546
k 14 5330 333333333 13070502
k 14 5331 333333333 13073042
k 14 5326 333333333 13077465
k 14 5327 333333333 13070227
k 14 5328 333333333 13074298
k 14 5329 333333333 13071595
k 14 5335 333333333 13075001
k 14 5332 333333333 13081891
k 14 5333 333333333 13078283
k 14 5334 333333333 13071157
k 14 5336 333333333 13072045
k 14 5340 333333333 13069111
k 14 5337 333333333 13069985
k 14 5341 333333333 13072812
k 14 5339 333333333 13073539
k 14 5338 333333333 13075647
k 14 5342 333333333 13068993
k 14 5343 333333333 13074638
k 14 5344 333333333 13073266
k 14 5346 333333333 13073612
k 14 5345 333333333 13074376
k 14 5347 333333333 13071182
k 14 5348 333333333 13067140
k 14 5353 333333333 13066727
k 14 5351 333333333 13072183
k 14 5349 333333333 13068105
k 14 5352 333333333 13075031
k 14 5350 333333333 13064824
k 14 5354 333333333 13073216
k 14 5355 333333333 13069911
k 14 5359 333333333 13074808
k 14 5356 333333333 13074443
k 14 5358 333333333 13071669
k 14 5357 333333333 13065079
k 14 5363 333333333 13074937
k 14 5364 333333333 13072440
k 14 5360 333333333 13065525
k 14 5361 333333333 13073408
k 14 5362 333333333 13075743
k 14 5365 333333333 13064284
k 14 5370 333333333 13068409
k 14 5366 333333333 13066751
k 14 5367 333333333 13071608
k 14 5369 333333333 13073659
k 14 5368 333333333 13070739
k 14 5371 333333333 13069105
k 14 5374 333333333 13074314
k 14 5372 333333333 13064912
k 14 5375 333333333 13064156
k 14 5373 333333333 13069886
k 14 5376 333333333 13069567
k 14 5377 333333333 13072671
k 14 5380 333333333 13066608
k 14 5378 333333333 13070378
k 14 5379 333333333 13069277
k 14 5386 333333333 13068339
k 14 5382 333333333 13064565
k 14 5388 333333333 13067478
k 14 5383 333333333 13066845
k 14 5381 333333333 13067998
k 14 5384 333333333 13066180
k 14 5385 333333333 13067497
k 14 5387 333333333 13062138
k 14 5389 333333333 13066815
k 14 5392 333333333 13066236
k 14 5390 333333333 13064611
k 14 5391 333333333 13064128
k 14 5393 333333333 13067890
k 14 5394 333333333 13063923
k 14 5395 333333333 13064828
k 14 5397 333333333 13065549
k 14 5396 333333333 13070097
k 14 5398 333333333 13066986
k 14 5404 333333333 13062809
k 14 5400 333333333 13061563
k 14 5399 333333333 13063400
k 14 5401 333333333 13062626
k 14 5402 333333333 13064809
k 14 5403 333333333 13065561
k 14 5405 333333333 13061615
k 14 5409 333333333 13060384
k 14 5410 333333333 13060496
k 14 5406 333333333 13058221
k 14 5407 333333333 13061663
k 14 5408 333333333 13061075
k 14 5413 333333333 13064449
k 14 5411 333333333 13066242
k 14 5412 333333333 13057486
k 14 5414 333333333 13064854
k 14 5416 333333333 13062058
k 14 5415 333333333 13060622
k 14 5420 333333333 13066854
k 14 5417 333333333 13061541
k 14 5418 333333333 13062191
k 14 5421 333333333 13061984
k 14 5419 333333333 13060211
k 14 5422 333333333 13063408
k 14 5425 333333333 13061557
k 14 5423 333333333 13058565
k 14 5424 333333333 13058952
k 14 5426 333333333 13058533
k 14 5431 333333333 13058814
k 14 5427 333333333 13062042
k 14 5434 333333333 13066087
k 14 5428 333333333 13060016
k 14 5430 333333333 13060663
k 14 5429 333333333 13067193
k 14 5433 333333333 13060048
k 14 5432 333333333 13056191
k 14 5437 333333333 13059304
k 14 5435 333333333 13063734
k 14 5436 333333333 13061767
k 14 5438 333333333 13057729
k 14 5439 333333333 13060638
k 14 5441 333333333 13059622
k 14 5443 333333333 13059486
k 14 5440 333333333 13061361
k 14 5442 333333333 13060112
k 14 5449 333333333 13056808
k 14 5444 333333333 13065555
k 14 5445 333333333 13059950
k 14 5446 333333333 13059904
k 14 5448 333333333 13059560
k 14 5447 333333333 13057966
k 14 5450 333333333 13057409
k 14 5454 333333333 13056440
k 14 5451 333333333 13057137
k 14 5455 333333333 13056481
k 14 5452 333333333 13057405
k 14 5453 333333333 13057256
k 14 5458 333333333 13059536
k 14 5456 333333333 13056586
k 14 5457 333333333 13058791
k 14 5459 333333333 13057605
k 14 5460 333333333 13060001
k 14 5465 333333333 13058214
k 14 5461 333333333 13054478
k 14 5462 333333333 13056456
k 14 5467 333333333 13057071
k 14 5463 333333333 13056907
k 14 5464 333333333 13057900
k 14 5466 333333333 13057586
k 14 5470 333333333 13059308
k 14 5468 333333333 13057335
k 14 5469 333333333 13058368
k 14 5471 333333333 13057238
k 14 5475 333333333 13057589
k 14 5472 333333333 13051300
k 14 5478 333333333 13055100
k 14 5473 333333333 13046995
k 14 5476 333333333 13054293
k 14 5474 333333333 13056740
k 14 5477 333333333 13048300
k 14 5479 333333333 13055022
k 14 5482 333333333 13053488
k 14 5480 333333333 13055545
k 14 5481 333333333 13054424
k 14 5486 333333333 13056664
k 14 5483 333333333 13051862
k 14 5488 333333333 13051582
k 14 5484 333333333 13052544
k 14 5485 333333333 13057471
k 14 5494 333333333 13053183
k 14 5489 333333333 13047201
k 14 5487 333333333 13053321
k 14 5490 333333333 13056509
k 14 5491 333333333 13052115
k 14 5492 333333333 13053467
k 14 5493 333333333 13054042
k 14 5495 333333333 13053035
k 14 5497 333333333 13049052
k 14 5499 333333333 13055300
k 14 5496 333333333 13046879
k 14 5498 333333333 13058628
k 14 5500 333333333 13051156
k 14 5502 333333333 13047386
k 14 5501 333333333 13052772
k 14 5504 333333333 13054340
k 14 5503 333333333 13050676
k 14 5510 333333333 13049249
k 14 5505 333333333 13050882
k 14 5506 333333333 13046116
k 14 5507 333333333 13053197
k 14 5508 333333333 13055078
k 14 5511 333333333 13048732
k 14 5509 333333333 13046471
k 14 5512 333333333 13048733
k 14 5515 333333333 13051831
k 14 5513 333333333 13047351
k 14 5514 333333333 13050434
k 14 5516 333333333 13051834
k 14 5519 333333333 13053650
k 14 5517 333333333 13049913
k 14 5524 333333333 13049682
k 14 5518 333333333 13050361
k 14 5520 333333333 13051389
k 14 5522 333333333 13054500
k 14 5523 333333333 13046352
k 14 5521 333333333 13047024
k 14 5527 333333333 13051410
k 14 5525 333333333 13053156
k 14 5526 333333333 13048763
k 14 5531 333333333 13044004
k 14 5528 333333333 13045685
k 14 5533 333333333 13044513
k 14 5529 333333333 13046678
k 14 5530 333333333 13050874
k 14 5532 333333333 13043745
k 14 5539 333333333 13047810
k 14 5534 333333333 13048756
k 14 5535 333333333 13047304
k 14 5536 333333333 13050682
k 14 5537 333333333 13047267
k 14 5538 333333333 13044471
k 14 5540 333333333 13041620
k 14 5542 333333333 13047507
k 14 5541 333333333 13050529
k 14 5544 333333333 13047694
k 14 5543 333333333 13046921
k 14 5545 333333333 13046908
k 14 5548 333333333 13043808
k 14 5546 333333333 13053786
k 14 5547 333333333 13042772
k 14 5555 333333333 13049095
k 14 5549 333333333 13044662
k 14 5550 333333333 13054064
k 14 5551 333333333 13043146
k 14 5552 333333333 13043037
k 14 5557 333333333 13044011
k 14 5553 333333333 13044327
k 14 5554 333333333 13047383
k 14 5556 333333333 13043184
k 14 5560 333333333 13042152
k 14 5558 333333333 13044906
k 14 5559 333333333 13044295
k 14 5561 333333333 13046851
k 14 5563 333333333 13047959
k 14 5562 333333333 13044159
k 14 5568 333333333 13041499
k 14 5565 333333333 13043599
k 14 5564 333333333 13038785
k 14 5566 333333333 13039636
k 14 5567 333333333 13043411
k 14 5572 333333333 13041799
k 14 5569 333333333 13045483
k 14 5570 333333333 13044914
k 14 5571 333333333 13037954
k 14 5573 333333333 13043303
k 14 5576 333333333 13040950
k 14 5574 333333333 13045673
k 14 5578 333333333 13036271
k 14 5575 333333333 13040540
k 14 5577 333333333 13037780
k 14 5583 333333333 13043274
k 14 5582 333333333 13039069
k 14 5579 333333333 13043961
k 14 5581 333333333 13039250
k 14 5580 333333333 13046788
k 14 5584 333333333 13040475
k 14 5588 333333333 13035513
k 14 5585 333333333 13038458
k 14 5586 333333333 13042160
k 14 5590 333333333 13046033
k 14 5587 333333333 13041067
k 14 5589 333333333 13040944
k 14 5591 333333333 13037281
k 14 5593 333333333 13037487
k 14 5592 333333333 13043716
k 14 5599 333333333 13042507
k 14 5596 333333333 13037536
k 14 5595 333333333 13037508
k 14 5597 333333333 13037687
k 14 5594 333333333 13038138
k 14 5602 333333333 13037110
k 14 5598 333333333 13041126
k 14 5600 333333333 13041784
k 14 5601 333333333 13039504
k 14 5606 333333333 13037947
k 14 5603 333333333 13037844
k 14 5604 333333333 13032308
k 14 5605 333333333 13038793
k 14 5607 333333333 13035973
k 14 5608 333333333 13035017
k 14 5613 333333333 13040027
k 14 5611 333333333 13036132
k 14 5610 333333333 13040915
k 14 5609 333333333 13041973
k 14 5614 333333333 13037365
k 14 5612 333333333 13037393
k 14 5617 333333333 13039017
k 14 5615 333333333 13035209
k 14 5616 333333333 13041723
k 14 5618 333333333 13036338
k 14 5622 333333333 13036985
k 14 5620 333333333 13033332
k 14 5619 333333333 13031381
k 14 5623 333333333 13037709
k 14 5621 333333333 13037187
k 14 5629 333333333 13031374
k 14 5625 333333333 13038313
k 14 5626 333333333 13039719
k 14 5624 333333333 13038699
k 14 5628 333333333 13040502
k 14 5627 333333333 13037504
k 14 5633 333333333 13036740
k 14 5630 333333333 13036872
k 14 5636 333333333 13033239
k 14 5631 333333333 13033489
k 14 5632 333333333 13034703
k 14 5634 333333333 13034805
k 14 5635 333333333 13035209
k 14 5638 333333333 13035164
k 14 5637 333333333 13032868
k 14 5644 333333333 13034618
k 14 5639 333333333 13031982
k 14 5641 333333333 13038341
k 14 5640 333333333 13033157
k 14 5646 333333333 13038555
k 14 5643 333333333 13036279
k 14 5642 333333333 13033028
k 14 5645 333333333 13035661
k 14 5647 333333333 13031418
k 14 5651 333333333 13036457
k 14 5649 333333333 13033630
k 14 5648 333333333 13034616
k 14 5650 333333333 13031062
k 14 5652 333333333 13032620
k 14 5653 333333333 13034383
k 14 5657 333333333 13028897
k 14 5654 333333333 13033297
k 14 5655 333333333 13030677
k 14 5656 333333333 13036011
k 14 5658 333333333 13031116
k 14 5662 333333333 13033653
k 14 5659 333333333 13027505
k 14 5660 333333333 13035410
k 14 5661 333333333 13035177
k 14 5663 333333333 13029036
k 14 5667 333333333 13028749
k 14 5664 333333333 13032219
k 14 5665 333333333 13034331
k 14 5666 333333333 13033127
k 14 5668 333333333 13034701
k 14 5673 333333333 13033147
k 14 5669 333333333 13028167
k 14 5670 333333333 13032791
k 14 5671 333333333 13029079
k 14 5672 333333333 13028976
k 14 5678 333333333 13029589
k 14 5674 333333333 13026688
k 14 5675 333333333 13030383
k 14 5676 333333333 13027868
k 14 5682 333333333 13027061
k 14 5677 333333333 13029259
k 14 5679 333333333 13031928
k 14 5681 333333333 13032976
k 14 5680 333333333 13029748
k 14 5683 333333333 13031421
k 14 5688 333333333 13027310
k 14 5684 333333333 13028736
k 14 5686 333333333 13030729
k 14 5685 333333333 13029449
k 14 5692 333333333 13032626
k 14 5687 333333333 13030757
k 14 5689 333333333 13029500
k 14 5690 333333333 13033433
k 14 5691 333333333 13034054
k 14 5697 333333333 13020176
k 14 5693 333333333 13024484
k 14 5696 333333333 13028630
k 14 5694 333333333 13030446
k 14 5695 333333333 13026750
k 14 5698 333333333 13026111
k 14 5702 333333333 13032583
k 14 5699 333333333 13028806
k 14 5700 333333333 13030843
k 14 5701 333333333 13031562
k 14 5707 333333333 13027180
k 14 5703 333333333 13026806
k 14 5704 333333333 13026526
k 14 5705 333333333 13024178
k 14 5706 333333333 13029763
k 14 5708 333333333 13026160
k 14 5712 333333333 13023258
k 14 5710 333333333 13028472
k 14 5709 333333333 13027394
k 14 5711 333333333 13021872
k 14 5713 333333333 13032568
k 14 5717 333333333 13023986
k 14 5714 333333333 13031826
k 14 5715 333333333 13023165
k 14 5716 333333333 13023136
k 14 5718 333333333 13021505
k 14 5719 333333333 13022930
k 14 5723 333333333 13025011
k 14 5721 333333333 13025015
k 14 5720 333333333 13022983
k 14 5727 333333333 13021932
k 14 5722 333333333 13026486
k 14 5724 333333333 13019279
k 14 5725 333333333 13024493
k 14 5726 333333333 13029112
k 14 5728 333333333 13026886
k 14 5734 333333333 13023874
k 14 5729 333333333 13028684
k 14 5730 333333333 13018954
k 14 5731 333333333 13027823
k 14 5737 333333333 13021881
k 14 5733 333333333 13025930
k 14 5732 333333333 13025723
k 14 5735 333333333 13021100
k 14 5736 333333333 13020421
k 14 5738 333333333 13022351
k 14 5742 333333333 13025640
k 14 5739 333333333 13027044
k 14 5740 333333333 13022182
k 14 5741 333333333 13015907
k 14 5743 333333333 13027548
k 14 5747 333333333 13025123
k 14 5744 333333333 13022849
k 14 5745 333333333 13021706
k 14 5746 333333333 13022858
k 14 5749 333333333 13019714
k 14 5748 333333333 13023704
k 14 5753 333333333 13017361
k 14 5750 333333333 13022325
k 14 5752 333333333 13019362
k 14 5751 333333333 13024456
k 14 5757 333333333 13020319
k 14 5754 333333333 13024165
k 14 5756 333333333 13023715
k 14 5755 333333333 13019802
k 14 5758 333333333 13015821
k 14 5759 333333333 13019906
k 14 5764 333333333 13019615
k 14 5760 333333333 13022202
k 14 5761 333333333 13021160
k 14 5762 333333333 13017613
k 14 5763 333333333 13016650
k 14 5768 333333333 13015905
k 14 5766 333333333 13019963
k 14 5765 333333333 13017363
k 14 5772 333333333 13015275
k 14 5767 333333333 13021762
k 14 5769 333333333 13015953
k 14 5770 333333333 13020888
k 14 5771 333333333 13014603
k 14 5774 333333333 13016886
k 14 5773 333333333 13016066
k 14 5779 333333333 13019174
k 14 5776 333333333 13017898
k 14 5775 333333333 13018921
k 14 5777 333333333 13015428
k 14 5782 333333333 13012785
k 14 5778 333333333 13020125
k 14 5780 333333333 13019345
k 14 5781 333333333 13018838
k 14 5783 333333333 13019222
k 14 5787 333333333 13019366
k 14 5784 333333333 13017913
k 14 5786 333333333 13016786
k 14 5785 333333333 13015398
k 14 5789 333333333 13014349
k 14 5793 333333333 13016566
k 14 5788 333333333 13023113
k 14 5790 333333333 13020564
k 14 5791 333333333 13018663
k 14 5792 333333333 13020123
k 14 5798 333333333 13008863
k 14 5794 333333333 13017506
k 14 5795 333333333 13018528
k 14 5796 333333333 13016634
k 14 5797 333333333 13013319
k 14 5802 333333333 13015052
k 14 5799 333333333 13014885
k 14 5800 333333333 13014554
k 14 5803 333333333 13019186
k 14 5801 333333333 13017268
k 14 5804 333333333 13013052
k 14 5806 333333333 13007687
k 14 5808 333333333 13010569
k 14 5805 333333333 13017786
k 14 5807 333333333 13008971
k 14 5813 333333333 13012584
k 14 5809 333333333 13014143
k 14 5810 333333333 13014977
k 14 5811 333333333 13011742
k 14 5816 333333333 13015696
k 14 5812 333333333 13017403
k 14 5814 333333333 13011992
k 14 5815 333333333 13010520
k 14 5817 333333333 13014050
k 14 5820 333333333 13014601
k 14 5818 333333333 13011568
k 14 5819 333333333 13012571
k 14 5823 333333333 13016653
k 14 5821 333333333 13017866
k 14 5827 333333333 13011025
k 14 5822 333333333 13016216
k 14 5825 333333333 13014658
k 14 5824 333333333 13014175
k 14 5826 333333333 13009330
k 14 5828 333333333 13013494
k 14 5832 333333333 13007335
k 14 5829 333333333 13009837
k 14 5831 333333333 13010740
k 14 5830 333333333 13003005
k 14 5835 333333333 13011515
k 14 5833 333333333 13009316
k 14 5837 333333333 13013553
k 14 5836 333333333 13014240
k 14 5838 333333333 13015279
k 14 5834 333333333 13007281
k 14 5843 333333333 13005196
k 14 5839 333333333 13003797
k 14 5840 333333333 13012871
k 14 5841 333333333 13017895
k 14 5842 333333333 13006050
k 14 5847 333333333 13010885
k 14 5844 333333333 13007566
k 14 5846 333333333 13004241
k 14 5849 333333333 13010727
k 14 5845 333333333 13013851
k 14 5848 333333333 13012673
k 14 5853 333333333 13009175
k 14 5850 333333333 13007890
k 14 5851 333333333 13010106
k 14 5852 333333333 13007888
k 14 5858 333333333 13010083
k 14 5854 333333333 13008807
k 14 5855 333333333 13011883
k 14 5856 333333333 13005915
k 14 5861 333333333 13006949
k 14 5857 333333333 13011260
k 14 5860 333333333 13006634
k 14 5859 333333333 13004601
k 14 5862 333333333 13002017
k 14 5864 333333333 13010252
k 14 5863 333333333 13007095
k 14 5868 333333333 13008716
k 14 5865 333333333 13006636
k 14 5867 333333333 13007627
k 14 5866 333333333 13001206
k 14 5872 333333333 13007144
k 14 5869 333333333 13007496
k 14 5870 333333333 13005175
k 14 5871 333333333 13003743
k 14 5873 333333333 13003855
k 14 5877 333333333 13003829
k 14 5874 333333333 13009715
k 14 5876 333333333 13009833
k 14 5875 333333333 13012540
k 14 5879 333333333 13001406
k 14 5878 333333333 13009472
k 14 5883 333333333 13006732
k 14 5880 333333333 13009481
k 14 5882 333333333 13003492
k 14 5881 333333333 13003122
k 14 5888 333333333 13003572
k 14 5884 333333333 13010147
k 14 5885 333333333 13003642
k 14 5886 333333333 13005931
k 14 5887 333333333 13006418
k 14 5892 333333333 13004986
k 14 5889 333333333 13003756
k 14 5891 333333333 13005264
k 14 5890 333333333 13007952
k 14 5894 333333333 13004157
k 14 5893 333333333 13002478
k 14 5895 333333333 13004492
k 14 5898 333333333 13008125
k 14 5896 333333333 13006841
k 14 5897 333333333 13004304
k 14 5903 333333333 13009970
k 14 5899 333333333 13007013
k 14 5900 333333333 13004644
k 14 5901 333333333 13002622
k 14 5902 333333333 13005444
k 14 5907 333333333 12991949
k 14 5904 333333333 13003197
k 14 5905 333333333 13001343
k 14 5906 333333333 13004416
k 14 5908 333333333 13000757
k 14 5910 333333333 13000451
k 14 5909 333333333 12994880
k 14 5913 333333333 13001293
k 14 5911 333333333 13005426
k 14 5912 333333333 12997871
k 14 5918 333333333 13000012
k 14 5915 333333333 13001788
k 14 5914 333333333 13003165
k 14 5916 333333333 13000061
k 14 5917 333333333 13002902
k 14 5923 333333333 13000933
k 14 5919 333333333 12999768
k 14 5920 333333333 13000617
k 14 5921 333333333 12996179
k 14 5925 333333333 13005397
k 14 5922 333333333 13003130
k 14 5924 333333333 12998207
k 14 5928 333333333 13004077
k 14 5926 333333333 13000583
k 14 5927 333333333 13003907
k 14 5933 333333333 12992555
k 14 5929 333333333 13002254
k 14 5930 333333333 12997271
k 14 5931 333333333 12999244
k 14 5932 333333333 13000510
k 14 5937 333333333 13000903
k 14 5935 333333333 12999113
k 14 5934 333333333 13000536
k 14 5936 333333333 12995106
k 14 5940 333333333 13000567
k 14 5938 333333333 12998484
k 14 5939 333333333 13002519
k 14 5943 333333333 12997132
k 14 5941 333333333 12999207
k 14 5942 333333333 13001044
k 14 5948 333333333 12997380
k 14 5945 333333333 12999105
k 14 5946 333333333 12997438
k 14 5944 333333333 13003013
k 14 5947 333333333 13000369
k 14 5952 333333333 12995354
k 14 5949 333333333 12995519
k 14 5950 333333333 12993454
k 14 5951 333333333 13000062
k 14 5955 333333333 12995075
k 14 5953 333333333 12997258
k 14 5954 333333333 12999493
k 14 5958 333333333 12994741
k 14 5957 333333333 12992683
k 14 5956 333333333 12994335
k 14 5963 333333333 12998670
k 14 5959 333333333 13002345
k 14 5960 333333333 12997330
k 14 5961 333333333 13001250
k 14 5962 333333333 12996976
k 14 5967 333333333 12995172
k 14 5966 333333333 12992078
k 14 5964 333333333 12997077
k 14 5965 333333333 12995149
k 14 5970 333333333 12997524
k 14 5968 333333333 12994176
k 14 5969 333333333 12996271
k 14 5973 333333333 13000663
k 14 5971 333333333 12998021
k 14 5972 333333333 12993365
k 14 5974 333333333 12996441
k 14 5975 333333333 12994541
k 14 5978 333333333 12991450
k 14 5976 333333333 12993892
k 14 5977 333333333 12993916
k 14 5982 333333333 12995827
k 14 5981 333333333 12989508
k 14 5980 333333333 12993161
k 14 5979 333333333 12991964
k 14 5985 333333333 12993502
k 14 5983 333333333 12997067
k 14 5984 333333333 12994156
k 14 5990 333333333 12995751
k 14 5986 333333333 12991853
k 14 5987 333333333 12989176
k 14 5988 333333333 12998887
k 14 5989 333333333 12990766
k 14 5993 333333333 12988498
k 14 5991 333333333 12988901
k 14 5992 333333333 12991495
k 14 5997 333333333 12996323
k 14 5994 333333333 12996002
k 14 5996 333333333 12993860
k 14 5995 333333333 12989603
k 14 6000 333333333 12995221
k 14 5998 333333333 12990910
k 14 5999 333333333 12991393
k 14 6005 333333333 12991004
k 14 6001 333333333 12991349
k 14 6002 333333333 12986921
k 14 6008 333333333 12994151
k 14 6004 333333333 12986195
k 14 6006 333333333 12995488
k 14 6003 333333333 12991656
k 14 6007 333333333 12990120
k 14 6012 333333333 12987601
k 14 6009 333333333 12985599
k 14 6010 333333333 12991967
k 14 6011 333333333 12988790
k 14 6015 333333333 12981893
k 14 6013 333333333 12988738
k 14 6018 333333333 12992083
k 14 6014 333333333 12987613
k 14 6016 333333333 12990451
k 14 6017 333333333 12994918
k 14 6019 333333333 12989428
k 14 6020 333333333 12987431
k 14 6021 333333333 12994348
k 14 6023 333333333 12987323
k 14 6022 333333333 12986078
k 14 6027 333333333 12989629
k 14 6024 333333333 12988093
k 14 6025 333333333 12984574
k 14 6026 333333333 12983940
k 14 6029 333333333 12992231
k 14 6028 333333333 12993465
k 14 6030 333333333 12982277
k 14 6036 333333333 12986881
k 14 6031 333333333 12986794
k 14 6032 333333333 12983810
k 14 6034 333333333 12990451
k 14 6033 333333333 12989805
k 14 6038 333333333 12990111
k 14 6035 333333333 12983934
k 14 6037 333333333 12988373
k 14 6042 333333333 12985658
k 14 6039 333333333 12987926
k 14 6040 333333333 12984264
k 14 6041 333333333 12985917
k 14 6045 333333333 12984592
k 14 6043 333333333 12985711
k 14 6044 333333333 12985963
k 14 6050 333333333 12984305
k 14 6047 333333333 12984818
k 14 6046 333333333 12982419
k 14 6048 333333333 12987117
k 14 6049 333333333 12985187
k 14 6053 333333333 12988521
k 14 6051 333333333 12981706
k 14 6052 333333333 12985753
k 14 6057 333333333 12987449
k 14 6054 333333333 12982327
k 14 6055 333333333 12987080
k 14 6056 333333333 12985301
k 14 6060 333333333 12981781
k 14 6059 333333333 12989090
k 14 6058 333333333 12981659
k 14 6065 333333333 12981921
k 14 6061 333333333 12983867
k 14 6063 333333333 12986045
k 14 6064 333333333 12991572
k 14 6062 333333333 12982683
k 14 6068 333333333 12982163
k 14 6066 333333333 12983347
k 14 6067 333333333 12976662
k 14 6072 333333333 12986363
k 14 6069 333333333 12987534
k 14 6070 333333333 12977585
k 14 6071 333333333 12982083
k 14 6075 333333333 12985453
k 14 6073 333333333 12985441
k 14 6080 333333333 12980045
k 14 6074 333333333 12984597
k 14 6076 333333333 12983413
k 14 6077 333333333 12983987
k 14 6078 333333333 12986779
k 14 6079 333333333 12982697
k 14 6083 333333333 12986042
k 14 6081 333333333 12974497
k 14 6082 333333333 12979724
k 14 6087 333333333 12975970
k 14 6085 333333333 12982789
k 14 6084 333333333 12979731
k 14 6086 333333333 12980927
k 14 6089 333333333 12982193
k 14 6088 333333333 12978181
k 14 6095 333333333 12982224
k 14 6090 333333333 12984207
k 14 6091 333333333 12979263
k 14 6092 333333333 12979070
k 14 6096 333333333 12974144
k 14 6098 333333333 12976941
k 14 6093 333333333 12979105
k 14 6094 333333333 12981736
k 14 6097 333333333 12980473
k 14 6102 333333333 12986017
k 14 6099 333333333 12977601
k 14 6101 333333333 12978733
k 14 6100 333333333 12976408
k 14 6104 333333333 12974762
k 14 6103 333333333 12978997
k 14 6109 333333333 12977482
k 14 6105 333333333 12980412
k 14 6106 333333333 12985523
k 14 6107 333333333 12980979
k 14 6108 333333333 12980984
k 14 6111 333333333 12975935
k 14 6110 333333333 12977662
k 14 6112 333333333 12974849
k 14 6113 333333333 12976311
k 14 6117 333333333 12983800
k 14 6115 333333333 12973386
k 14 6116 333333333 12976074
k 14 6114 333333333 12976100
k 14 6119 333333333 12974756
k 14 6118 333333333 12976118
k 14 6120 333333333 12978425
k 14 6127 333333333 12979074
k 14 6121 333333333 12977475
k 14 6122 333333333 12982464
k 14 6123 333333333 12974342
k 14 6124 333333333 12976287
k 14 6128 333333333 12974420
k 14 6126 333333333 12976387
k 14 6125 333333333 12981030
k 14 6132 333333333 12971591
k 14 6129 333333333 12972777
k 14 6131 333333333 12971851
k 14 6130 333333333 12976071
k 14 6133 333333333 12973966
k 14 6135 333333333 12977812
k 14 6140 333333333 12978351
k 14 6136 333333333 12974248
k 14 6137 333333333 12975589
k 14 6134 333333333 12972101
k 14 6139 333333333 12978644
k 14 6138 333333333 12975103
k 14 6143 333333333 12981265
k 14 6141 333333333 12977900
k 14 6142 333333333 12974758
k 14 6148 333333333 12973082
k 14 6144 333333333 12969461
k 14 6145 333333333 12972623
k 14 6146 333333333 12971910
k 14 6149 333333333 12976733
k 14 6147 333333333 12979838
k 14 6155 333333333 12970321
k 14 6150 333333333 12971603
k 14 6152 333333333 12968770
k 14 6151 333333333 12977463
k 14 6154 333333333 12973794
k 14 6153 333333333 12976260
k 14 6156 333333333 12974331
k 14 6157 333333333 12974702
k 14 6158 333333333 12979568
k 14 6162 333333333 12973645
k 14 6159 333333333 12969844
k 14 6160 333333333 12972192
k 14 6161 333333333 12980825
k 14 6164 333333333 12975061
k 14 6163 333333333 12971824
k 14 6172 333333333 12973234
k 14 6165 333333333 12975449
k 14 6167 333333333 12966574
k 14 6166 333333333 12970157
k 14 6169 333333333 12973858
k 14 6168 333333333 12969764
k 14 6173 333333333 12970766
k 14 6170 333333333 12976630
k 14 6171 333333333 12971618
k 14 6177 333333333 12975272
k 14 6174 333333333 12968891
k 14 6175 333333333 12971448
k 14 6176 333333333 12977114
k 14 6178 333333333 12970699
k 14 6179 333333333 12967105
k 14 6185 333333333 12971588
k 14 6180 333333333 12972502
k 14 6181 333333333 12971147
k 14 6182 333333333 12964979
k 14 6183 333333333 12967235
k 14 6184 333333333 12966834
k 14 6187 333333333 12970847
k 14 6188 333333333 12966805
k 14 6186 333333333 12971577
k 14 6193 333333333 12968849
k 14 6189 333333333 12972641
k 14 6190 333333333 12974655
k 14 6191 333333333 12974722
k 14 6192 333333333 12964260
k 14 6194 333333333 12966115
k 14 6201 333333333 12968464
k 14 6195 333333333 12965568
k 14 6197 333333333 12972399
k 14 6196 333333333 12965526
k 14 6199 333333333 12969650
k 14 6200 333333333 12962818
k 14 6202 333333333 12964928
k 14 6198 333333333 12966684
k 14 6203 333333333 12970843
k 14 6208 333333333 12968328
k 14 6204 333333333 12964885
k 14 6205 333333333 12969879
k 14 6206 333333333 12967901
k 14 6209 333333333 12965881
k 14 6207 333333333 12969327
k 14 6217 333333333 12970588
k 14 6210 333333333 12966641
k 14 6211 333333333 12969836
k 14 6212 333333333 12965297
k 14 6214 333333333 12965617
k 14 6213 333333333 12969260
k 14 6216 333333333 12964762
k 14 6218 333333333 12965826
k 14 6215 333333333 12966899
k 14 6222 333333333 12964981
k 14 6219 333333333 12963644
k 14 6220 333333333 12965029
k 14 6221 333333333 12971219
k 14 6223 333333333 12962789
k 14 6224 333333333 12967305
k 14 6231 333333333 12967654
k 14 6225 333333333 12968053
k 14 6226 333333333 12965704
k 14 6227 333333333 12963510
k 14 6229 333333333 12965875
k 14 6228 333333333 12965202
k 14 6232 333333333 12970984
k 14 6233 333333333 12966664
k 14 6230 333333333 12963488
k 14 6238 333333333 12964873
k 14 6235 333333333 12964686
k 14 6234 333333333 12963548
k 14 6237 333333333 12965155
k 14 6236 333333333 12961827
k 14 6239 333333333 12961628
k 14 6246 333333333 12967195
k 14 6240 333333333 12961085
k 14 6241 333333333 12965903
k 14 6242 333333333 12962313
k 14 6245 333333333 12960990
k 14 6243 333333333 12961562
k 14 6247 333333333 12965839
k 14 6244 333333333 12964954
k 14 6248 333333333 12962155
k 14 6253 333333333 12960920
k 14 6250 333333333 12963915
k 14 6249 333333333 12961081
k 14 6252 333333333 12958829
k 14 6251 333333333 12962656
k 14 6254 333333333 12959382
k 14 6262 333333333 12966860
k 14 6255 333333333 12961358
k 14 6256 333333333 12965225
k 14 6258 333333333 12962949
k 14 6259 333333333 12967506
k 14 6257 333333333 12957654
k 14 6260 333333333 12960687
k 14 6263 333333333 12963040
k 14 6261 333333333 12958204
k 14 6268 333333333 12963379
k 14 6264 333333333 12959736
k 14 6265 333333333 12967089
k 14 6266 333333333 12958589
k 14 6267 333333333 12964842
k 14 6269 333333333 12960567
k 14 6276 333333333 12957032
k 14 6271 333333333 12959573
k 14 6270 333333333 12960418
k 14 6273 333333333 12961870
k 14 6272 333333333 12958691
k 14 6274 333333333 12959364
k 14 6275 333333333 12956290
k 14 6277 333333333 12958142
k 14 6278 333333333 12957579
k 14 6279 333333333 12955804
k 14 6283 333333333 12962296
k 14 6280 333333333 12956339
k 14 6284 333333333 12955063
k 14 6281 333333333 12966052
k 14 6282 333333333 12967873
k 14 6292 333333333 12961224
k 14 6285 333333333 12957630
k 14 6286 333333333 12957553
k 14 6287 333333333 12957654
k 14 6290 333333333 12961211
k 14 6288 333333333 12958697
k 14 6289 333333333 12953167
k 14 6291 333333333 12958776
k 14 6294 333333333 12959000
k 14 6296 333333333 12953254
k 14 6293 333333333 12956660
k 14 6295 333333333 12959446
k 14 6297 333333333 12960046
k 14 6299 333333333 12955963
k 14 6298 333333333 12956418
k 14 6300 333333333 12959638
k 14 6307 333333333 12953066
k 14 6301 333333333 12957237
k 14 6303 333333333 12952824
k 14 6302 333333333 12961410
k 14 6305 333333333 12960847
k 14 6304 333333333 12956630
k 14 6308 333333333 12953017
k 14 6306 333333333 12957597
k 14 6312 333333333 12954179
k 14 6309 333333333 12953903
k 14 6310 333333333 12956409
k 14 6311 333333333 12951922
k 14 6313 333333333 12951228
k 14 6315 333333333 12949473
k 14 6321 333333333 12949665
k 14 6314 333333333 12961585
k 14 6316 333333333 12956662
k 14 6319 333333333 12958611
k 14 6317 333333333 12959711
k 14 6318 333333333 12960577
k 14 6320 333333333 12954061
k 14 6323 333333333 12956805
k 14 6322 333333333 12948346
k 14 6324 333333333 12955777
k 14 6328 333333333 12952802
k 14 6325 333333333 12949205
k 14 6329 333333333 12952285
k 14 6326 333333333 12955399
k 14 6327 333333333 12952581
k 14 6330 333333333 12959358
k 14 6336 333333333 12948014
k 14 6332 333333333 12958260
k 14 6333 333333333 12955270
k 14 6331 333333333 12955239
k 14 6334 333333333 12954793
k 14 6337 333333333 12949960
k 14 6335 333333333 12952710
k 14 6339 333333333 12953747
k 14 6341 333333333 12954003
k 14 6338 333333333 12953545
k 14 6340 333333333 12955486
k 14 6342 333333333 12954363
k 14 6345 333333333 12952160
k 14 6343 333333333 12946935
k 14 6344 333333333 12956538
k 14 6352 333333333 12950075
k 14 6346 333333333 12953582
k 14 6347 333333333 12945370
k 14 6348 333333333 12951144
k 14 6349 333333333 12948943
k 14 6350 333333333 12950404
k 14 6353 333333333 12951908
k 14 6351 333333333 12955426
k 14 6354 333333333 12952490
k 14 6357 333333333 12945084
k 14 6355 333333333 12952574
k 14 6356 333333333 12953750
k 14 6358 333333333 12947076
k 14 6360 333333333 12951530
k 14 6359 333333333 12952481
k 14 6366 333333333 12948301
k 14 6361 333333333 12944876
k 14 6363 333333333 12951703
k 14 6362 333333333 12953794
k 14 6367 333333333 12951355
k 14 6364 333333333 12953476
k 14 6365 333333333 12947909
k 14 6369 333333333 12945430
k 14 6368 333333333 12946375
k 14 6373 333333333 12943648
k 14 6370 333333333 12948633
k 14 6371 333333333 12952073
k 14 6375 333333333 12949216
k 14 6372 333333333 12946282
k 14 6374 333333333 12946546
k 14 6382 333333333 12948418
k 14 6376 333333333 12953119
k 14 6378 333333333 12942301
k 14 6377 333333333 12943704
k 14 6379 333333333 12953714
k 14 6380 333333333 12946864
k 14 6381 333333333 12948455
k 14 6384 333333333 12948488
k 14 6387 333333333 12949630
k 14 6383 333333333 12949651
k 14 6385 333333333 12948632
k 14 6386 333333333 12951298
k 14 6390 333333333 12946924
k 14 6388 333333333 12948232
k 14 6389 333333333 12946421
k 14 6397 333333333 12950713
k 14 6391 333333333 12948756
k 14 6392 333333333 12947303
k 14 6393 333333333 12939539
k 14 6395 333333333 12947148
k 14 6394 333333333 12945722
k 14 6396 333333333 12947556
k 14 6398 333333333 12949591
k 14 6402 333333333 12950240
k 14 6399 333333333 12946533
k 14 6400 333333333 12941220
k 14 6401 333333333 12950505
k 14 6403 333333333 12949077
k 14 6405 333333333 12946027
k 14 6404 333333333 12947090
k 14 6412 333333333 12942122
k 14 6406 333333333 12938193
k 14 6408 333333333 12943436
k 14 6407 333333333 12944265
k 14 6409 333333333 12945598
k 14 6410 333333333 12943632
k 14 6411 333333333 12945572
k 14 6413 333333333 12948859
k 14 6418 333333333 12938826
k 14 6415 333333333 12945912
k 14 6414 333333333 12946454
k 14 6420 333333333 12946382
k 14 6417 333333333 12945016
k 14 6416 333333333 12948588
k 14 6419 333333333 12938300
k 14 6427 333333333 12938400
k 14 6421 333333333 12945825
k 14 6422 333333333 12945097
k 14 6423 333333333 12947335
k 14 6424 333333333 12948524
k 14 6425 333333333 12943823
k 14 6426 333333333 12946428
k 14 6428 333333333 12941954
k 14 6431 333333333 12940320
k 14 6430 333333333 12940839
k 14 6429 333333333 12942638
k 14 6432 333333333 12942856
k 14 6433 333333333 12943417
k 14 6435 333333333 12950491
k 14 6434 333333333 12945372
k 14 6442 333333333 12937537
k 14 6436 333333333 12938173
k 14 6437 333333333 12943311
k 14 6439 333333333 12934104
k 14 6440 333333333 12941406
k 14 6438 333333333 12943386
k 14 6441 333333333 12940518
k 14 6443 333333333 12938202
k 14 6448 333333333 12939365
k 14 6444 333333333 12940722
k 14 6445 333333333 12940272
k 14 6446 333333333 12938921
k 14 6447 333333333 12941039
k 14 6450 333333333 12940584
k 14 6449 333333333 12939683
k 14 6457 333333333 12935949
k 14 6451 333333333 12939612
k 14 6452 333333333 12939722
k 14 6454 333333333 12942749
k 14 6453 333333333 12939056
k 14 6455 333333333 12941384
k 14 6458 333333333 12933218
k 14 6456 333333333 12936116
k 14 6459 333333333 12939691
k 14 6463 333333333 12940499
k 14 6460 333333333 12944775
k 14 6461 333333333 12936385
k 14 6465 333333333 12938042
k 14 6462 333333333 12937597
k 14 6464 333333333 12940098
k 14 6466 333333333 12939793
k 14 6471 333333333 12935016
k 14 6467 333333333 12937660
k 14 6468 333333333 12943737
k 14 6469 333333333 12934693
k 14 6470 333333333 12939641
k 14 6472 333333333 12936414
k 14 6474 333333333 12934100
k 14 6477 333333333 12935677
k 14 6473 333333333 12944577
k 14 6475 333333333 12939215
k 14 6476 333333333 12940826
k 14 6481 333333333 12938367
k 14 6478 333333333 12938743
k 14 6479 333333333 12937079
k 14 6480 333333333 12936461
k 14 6482 333333333 12938504
k 14 6487 333333333 12937299
k 14 6483 333333333 12939021
k 14 6486 333333333 12935371
k 14 6484 333333333 12938911
k 14 6485 333333333 12935389
k 14 6488 333333333 12938590
k 14 6492 333333333 12933792
k 14 6489 333333333 12930560
k 14 6490 333333333 12939478
k 14 6493 333333333 12932732
k 14 6491 333333333 12936432
k 14 6497 333333333 12936530
k 14 6494 333333333 12932623
k 14 6502 333333333 12937110
k 14 6495 333333333 12933014
k 14 6496 333333333 12937469
k 14 6498 333333333 12940259
k 14 6501 333333333 12931467
k 14 6499 333333333 12934244
k 14 6500 333333333 12932398
k 14 6503 333333333 12932038
k 14 6504 333333333 12938553
k 14 6508 333333333 12930143
k 14 6505 333333333 12932012
k 14 6510 333333333 12933410
k 14 6507 333333333 12933581
k 14 6506 333333333 12938641
k 14 6509 333333333 12938879
k 14 6511 333333333 12937596
k 14 6517 333333333 12931983
k 14 6512 333333333 12933809
k 14 6513 333333333 12931648
k 14 6514 333333333 12931780
k 14 6515 333333333 12934931
k 14 6516 333333333 12933614
k 14 6519 333333333 12932149
k 14 6521 333333333 12934201
k 14 6518 333333333 12929193
k 14 6520 333333333 12934993
k 14 6523 333333333 12941640
k 14 6526 333333333 12936706
k 14 6522 333333333 12929175
k 14 6524 333333333 12927433
k 14 6525 333333333 12935219
k 14 6527 333333333 12923770
k 14 6532 333333333 12928351
k 14 6529 333333333 12933525
k 14 6528 333333333 12934184
k 14 6530 333333333 12932592
k 14 6533 333333333 12932677
k 14 6531 333333333 12929559
k 14 6534 333333333 12928851
k 14 6537 333333333 12928885
k 14 6535 333333333 12931649
k 14 6536 333333333 12929907
k 14 6538 333333333 12932831
k 14 6539 333333333 12935178
k 14 6542 333333333 12931420
k 14 6546 333333333 12928777
k 14 6541 333333333 12933597
k 14 6540 333333333 12937833
k 14 6543 333333333 12935674
k 14 6545 333333333 12933531
k 14 6544 333333333 12929941
k 14 6547 333333333 12931317
k 14 6549 333333333 12930899
k 14 6548 333333333 12929041
k 14 6554 333333333 12928927
k 14 6550 333333333 12928220
k 14 6551 333333333 12927372
k 14 6555 333333333 12927474
k 14 6552 333333333 12928034
k 14 6553 333333333 12929480
k 14 6562 333333333 12927898
k 14 6556 333333333 12928768
k 14 6557 333333333 12928266
k 14 6558 333333333 12931748
k 14 6560 333333333 12930621
k 14 6559 333333333 12927657
k 14 6561 333333333 12931947
k 14 6564 333333333 12933445
k 14 6563 333333333 12929462
k 14 6567 333333333 12929903
k 14 6565 333333333 12925219
k 14 6566 333333333 12928120
k 14 6568 333333333 12928645
k 14 6570 333333333 12928442
k 14 6569 333333333 12930409
k 14 6571 333333333 12924561
k 14 6577 333333333 12927454
k 14 6573 333333333 12929350
k 14 6572 333333333 12929783
k 14 6574 333333333 12928978
k 14 6575 333333333 12924369
k 14 6579 333333333 12927090
k 14 6576 333333333 12926656
k 14 6578 333333333 12931969
k 14 6583 333333333 12927876
k 14 6580 333333333 12924161
k 14 6581 333333333 12928482
k 14 6582 333333333 12924302
k 14 6586 333333333 12921607
k 14 6584 333333333 12922470
k 14 6591 333333333 12924218
k 14 6588 333333333 12924257
k 14 6587 333333333 12923163
k 14 6585 333333333 12926243
k 14 6589 333333333 12927692
k 14 6590 333333333 12926768
k 14 6592 333333333 12924746
k 14 6594 333333333 12929455
k 14 6593 333333333 12929489
k 14 6595 333333333 12927864
k 14 6598 333333333 12922718
k 14 6596 333333333 12923069
k 14 6600 333333333 12926488
k 14 6597 333333333 12927860
k 14 6599 333333333 12923748
k 14 6601 333333333 12922495
k 14 6607 333333333 12927977
k 14 6602 333333333 12923141
k 14 6603 333333333 12917189
k 14 6604 333333333 12927681
k 14 6606 333333333 12923884
k 14 6605 333333333 12921942
k 14 6610 333333333 12923136
k 14 6608 333333333 12930109
k 14 6612 333333333 12926715
k 14 6609 333333333 12923508
k 14 6611 333333333 12926178
k 14 6616 333333333 12922374
k 14 6613 333333333 12929768
k 14 6614 333333333 12921382
k 14 6615 333333333 12929241
k 14 6622 333333333 12920158
k 14 6617 333333333 12921364
k 14 6619 333333333 12920359
k 14 6618 333333333 12921160
k 14 6620 333333333 12921577
k 14 6621 333333333 12917300
k 14 6624 333333333 12928649
k 14 6623 333333333 12922226
k 14 6627 333333333 12923654
k 14 6625 333333333 12923489
k 14 6626 333333333 12920234
k 14 6631 333333333 12924099
k 14 6628 333333333 12922842
k 14 6629 333333333 12923456
k 14 6637 333333333 12920808
k 14 6630 333333333 12923918
k 14 6632 333333333 12917120
k 14 6636 333333333 12921324
k 14 6633 333333333 12921793
k 14 6634 333333333 12920461
k 14 6635 333333333 12917285
k 14 6639 333333333 12918714
k 14 6638 333333333 12926309
k 14 6642 333333333 12921534
k 14 6640 333333333 12921169
k 14 6641 333333333 12917970
k 14 6645 333333333 12916585
k 14 6643 333333333 12923285
k 14 6644 333333333 12924867
k 14 6646 333333333 12923620
k 14 6652 333333333 12917057
k 14 6647 333333333 12915302
k 14 6648 333333333 12919167
k 14 6649 333333333 12917043
k 14 6650 333333333 12919677
k 14 6654 333333333 12917366
k 14 6651 333333333 12916607
k 14 6653 333333333 12918835
k 14 6657 333333333 12915434
k 14 6655 333333333 12918671
k 14 6656 333333333 12914069
k 14 6661 333333333 12914833
k 14 6658 333333333 12922454
k 14 6659 333333333 12922364
k 14 6660 333333333 12919418
k 14 6666 333333333 12915627
k 14 6663 333333333 12923916
k 14 6662 333333333 12919592
k 14 6664 333333333 12922574
k 14 6669 333333333 12919291
k 14 6665 333333333 12918802
k 14 6667 333333333 12915958
k 14 6668 333333333 12917075
k 14 6672 333333333 12920204
k 14 6670 333333333 12917108
k 14 6671 333333333 12914105
k 14 6673 333333333 12917592
k 14 6676 333333333 12908510
k 14 6674 333333333 12910899
k 14 6675 333333333 12916226
k 14 6680 333333333 12914268
k 14 6677 333333333 12916331
k 14 6679 333333333 12919505
k 14 6678 333333333 12918128
k 14 6684 333333333 12918526
k 14 6681 333333333 12916797
k 14 6682 333333333 12920234
k 14 6683 333333333 12917873
k 14 6685 333333333 12915772
k 14 6688 333333333 12915643
k 14 6686 333333333 12913332
k 14 6691 333333333 12915845
k 14 6687 333333333 12920510
k 14 6689 333333333 12912340
k 14 6690 333333333 12915583
k 14 6695 333333333 12917136
k 14 6692 333333333 12912888
k 14 6693 333333333 12911765
k 14 6694 333333333 12916809
k 14 6696 333333333 12917705
k 14 6698 333333333 12911919
k 14 6700 333333333 12912072
k 14 6697 333333333 12910695
k 14 6702 333333333 12913784
k 14 6699 333333333 12915723
k 14 6701 333333333 12916437
k 14 6706 333333333 12915033
k 14 6704 333333333 12914668
k 14 6703 333333333 12914323
k 14 6705 333333333 12916421
k 14 6712 333333333 12917242
k 14 6708 333333333 12915657
k 14 6707 333333333 12912763
k 14 6709 333333333 12908666
k 14 6714 333333333 12910028
k 14 6710 333333333 12915150
k 14 6713 333333333 12912983
k 14 6711 333333333 12912466
k 14 6715 333333333 12909117
k 14 6717 333333333 12909502
k 14 6716 333333333 12910492
k 14 6718 333333333 12910483
k 14 6721 333333333 12914697
k 14 6719 333333333 12913055
k 14 6720 333333333 12910796
k 14 6725 333333333 12911596
k 14 6722 333333333 12913515
k 14 6723 333333333 12910217
k 14 6724 333333333 12917269
k 14 6730 333333333 12910815
k 14 6728 333333333 12910840
k 14 6726 333333333 12911833
k 14 6727 333333333 12909683
k 14 6729 333333333 12905705
k 14 6733 333333333 12911977
k 14 6731 333333333 12907781
k 14 6736 333333333 12910989
k 14 6732 333333333 12912587
k 14 6734 333333333 12918157
k 14 6735 333333333 12909918
k 14 6740 333333333 12906722
k 14 6739 333333333 12909850
k 14 6738 333333333 12915694
k 14 6737 333333333 12917099
k 14 6742 333333333 12908154
k 14 6745 333333333 12910674
k 14 6741 333333333 12908336
k 14 6743 333333333 12909663
k 14 6747 333333333 12905159
k 14 6744 333333333 12907266
k 14 6746 333333333 12906080
k 14 6748 333333333 12909060
k 14 6751 333333333 12912893
k 14 6749 333333333 12909317
k 14 6750 333333333 12905639
k 14 6756 333333333 12911634
k 14 6752 333333333 12908036
k 14 6754 333333333 12907576
k 14 6759 333333333 12908182
k 14 6753 333333333 12908877
k 14 6757 333333333 12908987
k 14 6758 333333333 12905597
k 14 6755 333333333 12910728
k 14 6763 333333333 12910072
k 14 6760 333333333 12907224
k 14 6761 333333333 12907199
k 14 6762 333333333 12907052
k 14 6766 333333333 12903469
k 14 6764 333333333 12909181
k 14 6769 333333333 12908179
k 14 6765 333333333 12908235
k 14 6767 333333333 12909002
k 14 6768 333333333 12901052
k 14 6774 333333333 12907710
k 14 6770 333333333 12908764
k 14 6771 333333333 12909163
k 14 6772 333333333 12906461
k 14 6773 333333333 12902949
k 14 6775 333333333 12907169
k 14 6778 333333333 12908321
k 14 6776 333333333 12908493
k 14 6777 333333333 12908791
k 14 6780 333333333 12897672
k 14 6779 333333333 12905687
k 14 6781 333333333 12907104
k 14 6784 333333333 12901511
k 14 6782 333333333 12909929
k 14 6783 333333333 12901705
k 14 6785 333333333 12904642
k 14 6786 333333333 12906455
k 14 6787 333333333 12897049
k 14 6790 333333333 12908798
k 14 6788 333333333 12910986
k 14 6793 333333333 12904056
k 14 6789 333333333 12904011
k 14 6792 333333333 12905414
k 14 6791 333333333 12905589
k 14 6796 333333333 12904356
k 14 6795 333333333 12903458
k 14 6794 333333333 12898780
k 14 6802 333333333 12905748
k 14 6797 333333333 12906915
k 14 6804 333333333 12904882
k 14 6799 333333333 12902217
k 14 6798 333333333 12906534
k 14 6801 333333333 12902309
k 14 6800 333333333 12900132
k 14 6803 333333333 12900705
k 14 6805 333333333 12904586
k 14 6808 333333333 12905773
k 14 6806 333333333 12903525
k 14 6807 333333333 12902892
k 14 6811 333333333 12902999
k 14 6809 333333333 12904175
k 14 6813 333333333 12903778
k 14 6810 333333333 12901923
k 14 6812 333333333 12896537
k 14 6816 333333333 12906209
k 14 6815 333333333 12903131
k 14 6814 333333333 12900555
k 14 6820 333333333 12901953
k 14 6818 333333333 12900142
k 14 6817 333333333 12906196
k 14 6819 333333333 12906048
k 14 6823 333333333 12899424
k 14 6821 333333333 12898075
k 14 6825 333333333 12905906
k 14 6822 333333333 12898926
k 14 6824 333333333 12904651
k 14 6831 333333333 12898632
k 14 6826 333333333 12899952
k 14 6827 333333333 12907236
k 14 6829 333333333 12902960
k 14 6830 333333333 12894242
k 14 6828 333333333 12903767
k 14 6835 333333333 12901742
k 14 6832 333333333 12900044
k 14 6833 333333333 12899952
k 14 6837 333333333 12900863
k 14 6834 333333333 12896853
k 14 6836 333333333 12899762
k 14 6838 333333333 12901431
k 14 6840 333333333 12902835
k 14 6839 333333333 12896972
k 14 6841 333333333 12900668
k 14 6846 333333333 12900909
k 14 6842 333333333 12903690
k 14 6844 333333333 12901393
k 14 6843 333333333 12902421
k 14 6849 333333333 12898308
k 14 6845 333333333 12898329
k 14 6847 333333333 12902638
k 14 6850 333333333 12899311
k 14 6848 333333333 12894445
k 14 6853 333333333 12896748
k 14 6851 333333333 12902034
k 14 6852 333333333 12895906
k 14 6856 333333333 12893778
k 14 6860 333333333 12892103
k 14 6854 333333333 12894040
k 14 6855 333333333 12898295
k 14 6859 333333333 12896803
k 14 6861 333333333 12897853
k 14 6857 333333333 12899750
k 14 6865 333333333 12895688
k 14 6858 333333333 12891257
k 14 6862 333333333 12897814
k 14 6864 333333333 12897461
k 14 6863 333333333 12892121
k 14 6868 333333333 12902550
k 14 6866 333333333 12899330
k 14 6869 333333333 12899404
k 14 6867 333333333 12892918
k 14 6871 333333333 12898688
k 14 6870 333333333 12897262
k 14 6875 333333333 12893628
k 14 6872 333333333 12895569
k 14 6873 333333333 12895097
k 14 6874 333333333 12896800
k 14 6880 333333333 12898437
k 14 6876 333333333 12897509
k 14 6877 333333333 12890703
k 14 6878 333333333 12894698
k 14 6879 333333333 12896238
k 14 6882 333333333 12894002
k 14 6881 333333333 12894497
k 14 6883 333333333 12898297
k 14 6886 333333333 12891712
k 14 6884 333333333 12891904
k 14 6885 333333333 12900881
k 14 6890 333333333 12897183
k 14 6887 333333333 12894808
k 14 6895 333333333 12894820
k 14 6888 333333333 12893694
k 14 6889 333333333 12895570
k 14 6891 333333333 12896578
k 14 6892 333333333 12896307
k 14 6893 333333333 12892192
k 14 6894 333333333 12894615
k 14 6898 333333333 12890488
k 14 6896 333333333 12894924
k 14 6897 333333333 12890896
k 14 6901 333333333 12892829
k 14 6900 333333333 12893790
k 14 6903 333333333 12891865
k 14 6899 333333333 12895264
k 14 6902 333333333 12886147
k 14 6904 333333333 12893861
k 14 6905 333333333 12892662
k 14 6910 333333333 12895145
k 14 6906 333333333 12893165
k 14 6908 333333333 12888346
k 14 6907 333333333 12891515
k 14 6909 333333333 12890672
k 14 6913 333333333 12893177
k 14 6911 333333333 12892164
k 14 6915 333333333 12898605
k 14 6912 333333333 12892354
k 14 6914 333333333 12893965
k 14 6916 333333333 12896688
k 14 6920 333333333 12889955
k 14 6917 333333333 12887088
k 14 6918 333333333 12889852
k 14 6919 333333333 12887155
k 14 6921 333333333 12892152
k 14 6925 333333333 12893733
k 14 6923 333333333 12888026
k 14 6924 333333333 12894356
k 14 6922 333333333 12888194
k 14 6927 333333333 12886358
k 14 6926 333333333 12891293
k 14 6928 333333333 12886308
k 14 6931 333333333 12890829
k 14 6930 333333333 12890091
k 14 6929 333333333 12898155
k 14 6936 333333333 12894413
k 14 6932 333333333 12888929
k 14 6933 333333333 12889252
k 14 6940 333333333 12889343
k 14 6934 333333333 12891043
k 14 6935 333333333 12889049
k 14 6938 333333333 12889671
k 14 6937 333333333 12883998
k 14 6939 333333333 12892344
k 14 6943 333333333 12889044
k 14 6941 333333333 12885147
k 14 6942 333333333 12896729
k 14 6946 333333333 12879539
k 14 6944 333333333 12886683
k 14 6949 333333333 12888608
k 14 6945 333333333 12886275
k 14 6947 333333333 12887951
k 14 6948 333333333 12889838
k 14 6950 333333333 12889354
k 14 6951 333333333 12886816
k 14 6955 333333333 12887471
k 14 6952 333333333 12888504
k 14 6954 333333333 12886576
k 14 6953 333333333 12887868
k 14 6956 333333333 12890059
k 14 6958 333333333 12892168
k 14 6957 333333333 12885343
k 14 6960 333333333 12880271
k 14 6959 333333333 12885297
k 14 6961 333333333 12888634
k 14 6966 333333333 12890583
k 14 6962 333333333 12886545
k 14 6963 333333333 12886611
k 14 6964 333333333 12886974
k 14 6965 333333333 12886594
k 14 6971 333333333 12889832
k 14 6967 333333333 12888067
k 14 6968 333333333 12886373
k 14 6973 333333333 12889449
k 14 6969 333333333 12885054
k 14 6970 333333333 12891374
k 14 6972 333333333 12889759
k 14 6976 333333333 12889853
k 14 6974 333333333 12889174
k 14 6975 333333333 12881949
k 14 6981 333333333 12888760
k 14 6977 333333333 12889773
k 14 6984 333333333 12882058
k 14 6978 333333333 12884929
k 14 6979 333333333 12889520
k 14 6980 333333333 12885400
k 14 6982 333333333 12888905
k 14 6983 333333333 12887401
k 14 6985 333333333 12886410
k 14 6988 333333333 12883178
k 14 6986 333333333 12883374
k 14 6987 333333333 12883975
k 14 6991 333333333 12882130
k 14 6989 333333333 12882685
k 14 6993 333333333 12882669
k 14 6990 333333333 12879286
k 14 6992 333333333 12886376
k 14 6994 333333333 12885721
k 14 6995 333333333 12886937
k 14 6996 333333333 12883943
k 14 7000 333333333 12881215
k 14 6997 333333333 12878783
k 14 6998 333333333 12882614
k 14 6999 333333333 12886697
k 14 7003 333333333 12889008
k 14 7001 333333333 12884118
k 14 7002 333333333 12883934
k 14 7005 333333333 12881640
k 14 7004 333333333 12884790
k 14 7006 333333333 12881560
k 14 7011 333333333 12880788
k 14 7007 333333333 12888029
k 14 7008 333333333 12880790
k 14 7009 333333333 12879072
k 14 7010 333333333 12887331
k 14 7015 333333333 12880748
k 14 7013 333333333 12882719
k 14 7012 333333333 12888143
k 14 7014 333333333 12878681
k 14 7018 333333333 12880049
k 14 7016 333333333 12880885
k 14 7017 333333333 12882991
k 14 7019 333333333 12879108
k 14 7021 333333333 12881769
k 14 7020 333333333 12879251
k 14 7026 333333333 12875599
k 14 7022 333333333 12876554
k 14 7030 333333333 12882652
k 14 7023 333333333 12881434
k 14 7025 333333333 12880919
k 14 7024 333333333 12881947
k 14 7027 333333333 12883647
k 14 7028 333333333 12880114
k 14 7029 333333333 12880786
k 14 7034 333333333 12880591
k 14 7031 333333333 12883187
k 14 7032 333333333 12873732
k 14 7036 333333333 12883693
k 14 7033 333333333 12880161
k 14 7035 333333333 12882722
k 14 7038 333333333 12877035
k 14 7037 333333333 12877663
k 14 7041 333333333 12879470
k 14 7040 333333333 12884702
k 14 7039 333333333 12880221
k 14 7042 333333333 12877809
k 14 7045 333333333 12881771
k 14 7043 333333333 12880458
k 14 7044 333333333 12879676
k 14 7048 333333333 12882112
k 14 7046 333333333 12875081
k 14 7051 333333333 12879125
k 14 7047 333333333 12878163
k 14 7049 333333333 12880447
k 14 7050 333333333 12880821
k 14 7057 333333333 12877917
k 14 7052 333333333 12874162
k 14 7055 333333333 12878418
k 14 7054 333333333 12879009
k 14 7053 333333333 12880333
k 14 7056 333333333 12879569
k 14 7060 333333333 12872361
k 14 7058 333333333 12880196
k 14 7059 333333333 12877264
k 14 7062 333333333 12874739
k 14 7061 333333333 12874093
k 14 7063 333333333 12877361
k 14 7064 333333333 12875030
k 14 7066 333333333 12877497
k 14 7065 333333333 12878731
k 14 7072 333333333 12876695
k 14 7068 333333333 12874405
k 14 7067 333333333 12878589
k 14 7069 333333333 12876804
k 14 7075 333333333 12876856
k 14 7070 333333333 12877472
k 14 7071 333333333 12877583
k 14 7074 333333333 12874631
k 14 7073 333333333 12876486
k 14 7079 333333333 12873246
k 14 7076 333333333 12877400
k 14 7077 333333333 12869004
k 14 7078 333333333 12874881
k 14 7081 333333333 12874425
k 14 7080 333333333 12877478
k 14 7085 333333333 12875238
k 14 7082 333333333 12877559
k 14 7083 333333333 12875301
k 14 7084 333333333 12876343
k 14 7086 333333333 12878952
k 14 7087 333333333 12875452
k 14 7090 333333333 12873212
k 14 7089 333333333 12874552
k 14 7088 333333333 12875706
k 14 7094 333333333 12871802
k 14 7091 333333333 12874187
k 14 7096 333333333 12875395
k 14 7092 333333333 12874288
k 14 7093 333333333 12874522
k 14 7095 333333333 12871513
k 14 7102 333333333 12872977
k 14 7098 333333333 12874682
k 14 7097 333333333 12876827
k 14 7100 333333333 12876572
k 14 7099 333333333 12873425
k 14 7101 333333333 12873646
k 14 7105 333333333 12874838
k 14 7103 333333333 12870576
k 14 7104 333333333 12875440
k 14 7107 333333333 12868274
k 14 7106 333333333 12874100
k 14 7108 333333333 12873830
k 14 7109 333333333 12873896
k 14 7111 333333333 12870051
k 14 7110 333333333 12878116
k 14 7117 333333333 12871416
k 14 7112 333333333 12872192
k 14 7113 333333333 12870408
k 14 7115 333333333 12865059
k 14 7120 333333333 12867164
k 14 7114 333333333 12869147
k 14 7116 333333333 12872548
k 14 7118 333333333 12872966
k 14 7119 333333333 12873322
k 14 7124 333333333 12874355
k 14 7121 333333333 12874605
k 14 7122 333333333 12865164
k 14 7126 333333333 12868485
k 14 7123 333333333 12877016
k 14 7125 333333333 12869749
k 14 7130 333333333 12867454
k 14 7127 333333333 12870897
k 14 7128 333333333 12867354
k 14 7131 333333333 12871510
k 14 7129 333333333 12874837
k 14 7132 333333333 12866972
k 14 7135 333333333 12870132
k 14 7133 333333333 12874834
k 14 7134 333333333 12871558
k 14 7138 333333333 12865315
k 14 7136 333333333 12865130
k 14 7137 333333333 12871199
k 14 7141 333333333 12868797
k 14 7139 333333333 12865732
k 14 7140 333333333 12870480
k 14 7147 333333333 12865877
k 14 7142 333333333 12865299
k 14 7143 333333333 12876659
k 14 7144 333333333 12870826
k 14 7145 333333333 12868499
k 14 7146 333333333 12868415
k 14 7150 333333333 12862924
k 14 7148 333333333 12866200
k 14 7153 333333333 12863728
k 14 7149 333333333 12867957
k 14 7152 333333333 12862047
k 14 7151 333333333 12868206
k 14 7154 333333333 12870294
k 14 7156 333333333 12866300
k 14 7155 333333333 12866925
k 14 7162 333333333 12868722
k 14 7157 333333333 12866710
k 14 7158 333333333 12865985
k 14 7160 333333333 12868631
k 14 7159 333333333 12866964
k 14 7164 333333333 12865378
k 14 7161 333333333 12869015
k 14 7163 333333333 12865350
k 14 7165 333333333 12868769
k 14 7169 333333333 12867012
k 14 7166 333333333 12866809
k 14 7167 333333333 12866128
k 14 7168 333333333 12867301
k 14 7171 333333333 12861350
k 14 7170 333333333 12860410
k 14 7176 333333333 12869335
k 14 7172 333333333 12869672
k 14 7173 333333333 12861565
k 14 7177 333333333 12863008
k 14 7175 333333333 12865107
k 14 7174 333333333 12864291
k 14 7178 333333333 12861348
k 14 7180 333333333 12865625
k 14 7179 333333333 12868182
k 14 7184 333333333 12867175
k 14 7181 333333333 12865184
k 14 7182 333333333 12863769
k 14 7186 333333333 12868580
k 14 7183 333333333 12862307
k 14 7185 333333333 12860243
k 14 7193 333333333 12865081
k 14 7187 333333333 12861844
k 14 7190 333333333 12860129
k 14 7188 333333333 12864272
k 14 7189 333333333 12866492
k 14 7191 333333333 12867049
k 14 7195 333333333 12869798
k 14 7192 333333333 12863547
k 14 7198 333333333 12863275
k 14 7194 333333333 12864245
k 14 7196 333333333 12863305
k 14 7197 333333333 12861066
k 14 7199 333333333 12863840
k 14 7201 333333333 12869319
k 14 7200 333333333 12861652
k 14 7207 333333333 12865454
k 14 7202 333333333 12867477
k 14 7203 333333333 12862988
k 14 7204 333333333 12866094
k 14 7205 333333333 12865611
k 14 7206 333333333 12861212
k 14 7209 333333333 12863948
k 14 7208 333333333 12861796
k 14 7210 333333333 12857670
k 14 7214 333333333 12856585
k 14 7212 333333333 12864523
k 14 7211 333333333 12861944
k 14 7213 333333333 12866603
k 14 7216 333333333 12857985
k 14 7215 333333333 12863191
k 14 7222 333333333 12861404
k 14 7218 333333333 12864811
k 14 7220 333333333 12858556
k 14 7217 333333333 12863060
k 14 7219 333333333 12863858
k 14 7221 333333333 12854884
k 14 7225 333333333 12862894
k 14 7223 333333333 12864356
k 14 7224 333333333 12865379
k 14 7229 333333333 12857947
k 14 7226 333333333 12863416
k 14 7227 333333333 12860349
k 14 7231 333333333 12857920
k 14 7228 333333333 12865619
k 14 7230 333333333 12864944
k 14 7232 333333333 12860291
k 14 7237 333333333 12859194
k 14 7234 333333333 12858772
k 14 7235 333333333 12860735
k 14 7233 333333333 12860155
k 14 7236 333333333 12860820
k 14 7240 333333333 12862159
k 14 7238 333333333 12866518
k 14 7243 333333333 12858008
k 14 7239 333333333 12860897
k 14 7242 333333333 12858176
k 14 7241 333333333 12860889
k 14 7244 333333333 12859458
k 14 7247 333333333 12860750
k 14 7245 333333333 12854135
k 14 7252 333333333 12859223
k 14 7248 333333333 12857239
k 14 7246 333333333 12860034
k 14 7249 333333333 12856078
k 14 7254 333333333 12860891
k 14 7250 333333333 12859580
k 14 7251 333333333 12851687
k 14 7253 333333333 12856949
k 14 7255 333333333 12856913
k 14 7259 333333333 12859419
k 14 7258 333333333 12860184
k 14 7256 333333333 12859697
k 14 7257 333333333 12859174
k 14 7261 333333333 12862621
k 14 7260 333333333 12858436
k 14 7265 333333333 12854276
k 14 7262 333333333 12855939
k 14 7263 333333333 12857111
k 14 7264 333333333 12856979
k 14 7266 333333333 12855715
k 14 7267 333333333 12854192
k 14 7270 333333333 12856766
k 14 7268 333333333 12855846
k 14 7269 333333333 12858582
k 14 7274 333333333 12852115
k 14 7273 333333333 12857186
k 14 7271 333333333 12854898
k 14 7272 333333333 12858448
k 14 7276 333333333 12857472
k 14 7275 333333333 12857753
k 14 7282 333333333 12856299
k 14 7277 333333333 12856070
k 14 7278 333333333 12853957
k 14 7279 333333333 12859566
k 14 7280 333333333 12854705
k 14 7281 333333333 12852143
k 14 7285 333333333 12852743
k 14 7283 333333333 12849933
k 14 7284 333333333 12853452
k 14 7289 333333333 12850715
k 14 7287 333333333 12855119
k 14 7286 333333333 12854741
k 14 7288 333333333 12856296
k 14 7291 333333333 12848483
k 14 7290 333333333 12853877
k 14 7297 333333333 12851856
k 14 7292 333333333 12852762
k 14 7293 333333333 12850719
k 14 7294 333333333 12851830
k 14 7300 333333333 12854148
k 14 7296 333333333 12855662
k 14 7295 333333333 12851960
k 14 7298 333333333 12853181
k 14 7299 333333333 12853236
k 14 7301 333333333 12857013
k 14 7304 333333333 12845219
k 14 7302 333333333 12845181
k 14 7303 333333333 12847302
k 14 7306 333333333 12853443
k 14 7310 333333333 12852456
k 14 7305 333333333 12852765
k 14 7307 333333333 12853942
k 14 7308 333333333 12849745
k 14 7309 333333333 12855117
k 14 7311 333333333 12853638
k 14 7312 333333333 12851737
k 14 7316 333333333 12851155
k 14 7314 333333333 12851176
k 14 7313 333333333 12855450
k 14 7315 333333333 12855903
k 14 7319 333333333 12853946
k 14 7317 333333333 12851391
k 14 7320 333333333 12852518
k 14 7318 333333333 12843734
k 14 7321 333333333 12850444
k 14 7327 333333333 12851255
k 14 7323 333333333 12855789
k 14 7322 333333333 12845647
k 14 7324 333333333 12850694
k 14 7325 333333333 12855072
k 14 7326 333333333 12843798
k 14 7331 333333333 12855746
k 14 7329 333333333 12850519
k 14 7333 333333333 12853357
k 14 7328 333333333 12848512
k 14 7330 333333333 12850791
k 14 7332 333333333 12852427
k 14 7334 333333333 12851694
k 14 7336 333333333 12848395
k 14 7335 333333333 12850749
k 14 7342 333333333 12848392
k 14 7338 333333333 12850059
k 14 7337 333333333 12852875
k 14 7339 333333333 12851803
k 14 7344 333333333 12849693
k 14 7340 333333333 12846176
k 14 7341 333333333 12847565
k 14 7343 333333333 12849003
k 14 7345 333333333 12851322
k 14 7346 333333333 12844962
k 14 7349 333333333 12848569
k 14 7347 333333333 12851933
k 14 7348 333333333 12851776
k 14 7351 333333333 12848705
k 14 7355 333333333 12844582
k 14 7350 333333333 12853446
k 14 7352 333333333 12847345
k 14 7353 333333333 12848188
k 14 7354 333333333 12849786
k 14 7356 333333333 12855387
k 14 7357 333333333 12848553
k 14 7361 333333333 12849350
k 14 7358 333333333 12847143
k 14 7359 333333333 12846451
k 14 7360 333333333 12851040
k 14 7364 333333333 12848929
k 14 7362 333333333 12845882
k 14 7365 333333333 12848409
k 14 7363 333333333 12850753
k 14 7368 333333333 12852452
k 14 7367 333333333 12845430
k 14 7372 333333333 12844645
k 14 7369 333333333 12843575
k 14 7366 333333333 12840792
k 14 7370 333333333 12849751
k 14 7376 333333333 12854029
k 14 7371 333333333 12851726
k 14 7373 333333333 12843055
k 14 7374 333333333 12845925
k 14 7378 333333333 12849081
k 14 7375 333333333 12848411
k 14 7377 333333333 12849345
k 14 7379 333333333 12845090
k 14 7382 333333333 12842970
k 14 7381 333333333 12851444
k 14 7386 333333333 12848049
k 14 7380 333333333 12841014
k 14 7383 333333333 12845889
k 14 7384 333333333 12847635
k 14 7385 333333333 12841475
k 14 7390 333333333 12840547
k 14 7389 333333333 12842176
k 14 7388 333333333 12839351
k 14 7387 333333333 12840975
k 14 7391 333333333 12845673
k 14 7394 333333333 12847036
k 14 7392 333333333 12839685
k 14 7393 333333333 12847040
k 14 7396 333333333 12838374
k 14 7401 333333333 12848170
k 14 7395 333333333 12846677
k 14 7397 333333333 12839203
k 14 7398 333333333 12844628
k 14 7399 333333333 12846198
k 14 7400 333333333 12839815
k 14 7406 333333333 12843778
k 14 7402 333333333 12844072
k 14 7404 333333333 12846631
k 14 7403 333333333 12837700
k 14 7405 333333333 12844918
k 14 7409 333333333 12843695
k 14 7410 333333333 12844134
k 14 7407 333333333 12838212
k 14 7408 333333333 12844659
k 14 7414 333333333 12842565
k 14 7411 333333333 12842244
k 14 7416 333333333 12839906
k 14 7413 333333333 12838857
k 14 7412 333333333 12841527
k 14 7415 333333333 12844027
k 14 7421 333333333 12844876
k 14 7418 333333333 12842155
k 14 7420 333333333 12842035
k 14 7422 333333333 12841604
k 14 7417 333333333 12842794
k 14 7419 333333333 12843742
k 14 7423 333333333 12844116
k 14 7427 333333333 12843055
k 14 7424 333333333 12838282
k 14 7426 333333333 12840137
k 14 7425 333333333 12837406
k 14 7431 333333333 12843339
k 14 7428 333333333 12841457
k 14 7429 333333333 12838972
k 14 7434 333333333 12844744
k 14 7430 333333333 12842840
k 14 7432 333333333 12836370
k 14 7433 333333333 12843567
k 14 7435 333333333 12840639
k 14 7436 333333333 12843271
k 14 7438 333333333 12844543
k 14 7437 333333333 12842361
k 14 7442 333333333 12840436
k 14 7439 333333333 12837404
k 14 7440 333333333 12836338
k 14 7445 333333333 12840106
k 14 7441 333333333 12837393
k 14 7443 333333333 12843145
k 14 7444 333333333 12838470
k 14 7446 333333333 12837850
k 14 7451 333333333 12841053
k 14 7447 333333333 12840276
k 14 7448 333333333 12839082
k 14 7449 333333333 12840272
k 14 7450 333333333 12836632
k 14 7453 333333333 12840034
k 14 7456 333333333 12840349
k 14 7452 333333333 12835020
k 14 7454 333333333 12840524
k 14 7455 333333333 12839422
k 14 7457 333333333 12838713
k 14 7458 333333333 12838092
k 14 7461 333333333 12835540
k 14 7459 333333333 12845345
k 14 7460 333333333 12840343
k 14 7466 333333333 12840624
k 14 7462 333333333 12838740
k 14 7464 333333333 12836544
k 14 7463 333333333 12836205
k 14 7467 333333333 12836876
k 14 7465 333333333 12835935
k 14 7468 333333333 12845836
k 14 7473 333333333 12831817
k 14 7469 333333333 12833011
k 14 7470 333333333 12837080
k 14 7471 333333333 12835287
k 14 7472 333333333 12841782
k 14 7476 333333333 12835894
k 14 7474 333333333 12840059
k 14 7480 333333333 12834136
k 14 7475 333333333 12833350
k 14 7477 333333333 12837076
k 14 7478 333333333 12836479
k 14 7479 333333333 12839849
k 14 7481 333333333 12832723
k 14 7483 333333333 12842236
k 14 7482 333333333 12839523
k 14 7488 333333333 12833210
k 14 7484 333333333 12835335
k 14 7485 333333333 12830387
k 14 7490 333333333 12835797
k 14 7487 333333333 12835132
k 14 7486 333333333 12836282
k 14 7489 333333333 12840475
k 14 7491 333333333 12834098
k 14 7496 333333333 12836877
k 14 7493 333333333 12832373
k 14 7492 333333333 12837281
k 14 7495 333333333 12836356
k 14 7494 333333333 12839225
k 14 7498 333333333 12837168
k 14 7501 333333333 12834117
k 14 7497 333333333 12834538
k 14 7499 333333333 12836855
k 14 7500 333333333 12830119
k 14 7502 333333333 12833684
k 14 7503 333333333 12838226
k 14 7506 333333333 12834222
k 14 7504 333333333 12839241
k 14 7505 333333333 12832858
k 14 7511 333333333 12835883
k 14 7508 333333333 12836440
k 14 7507 333333333 12838346
k 14 7512 333333333 12832846
k 14 7509 333333333 12836796
k 14 7510 333333333 12832544
k 14 7513 333333333 12835001
k 14 7518 333333333 12839649
k 14 7514 333333333 12837569
k 14 7515 333333333 12832161
k 14 7516 333333333 12832482
k 14 7521 333333333 12830500
k 14 7517 333333333 12834364
k 14 7519 333333333 12835580
k 14 7524 333333333 12835523
k 14 7520 333333333 12831258
k 14 7522 333333333 12834957
k 14 7523 333333333 12830987
k 14 7525 333333333 12829278
k 14 7526 333333333 12831551
k 14 7528 333333333 12831897
k 14 7527 333333333 12832375
k 14 7532 333333333 12831392
k 14 7529 333333333 12833415
k 14 7530 333333333 12835581
k 14 7535 333333333 12832980
k 14 7531 333333333 12837029
k 14 7533 333333333 12834388
k 14 7534 333333333 12833700
k 14 7536 333333333 12833843
k 14 7541 333333333 12834003
k 14 7537 333333333 12828150
k 14 7539 333333333 12830192
k 14 7538 333333333 12827608
k 14 7540 333333333 12831369
k 14 7543 333333333 12831017
k 14 7546 333333333 12830191
k 14 7542 333333333 12828074
k 14 7544 333333333 12829182
k 14 7545 333333333 12827449
k 14 7547 333333333 12831889
k 14 7551 333333333 12828627
k 14 7548 333333333 12829364
k 14 7549 333333333 12828543
k 14 7550 333333333 12832545
k 14 7556 333333333 12827327
k 14 7552 333333333 12830427
k 14 7555 333333333 12835277
k 14 7553 333333333 12833441
k 14 7557 333333333 12825152
k 14 7554 333333333 12834108
k 14 7558 333333333 12832284
k 14 7562 333333333 12831784
k 14 7559 333333333 12835963
k 14 7560 333333333 12828070
k 14 7561 333333333 12824793
k 14 7566 333333333 12831264
k 14 7563 333333333 12831661
k 14 7564 333333333 12828787
k 14 7565 333333333 12831214
k 14 7570 333333333 12826799
k 14 7567 333333333 12826658
k 14 7568 333333333 12826302
k 14 7569 333333333 12822184
k 14 7571 333333333 12828034
k 14 7573 333333333 12825071
k 14 7572 333333333 12825863
k 14 7577 333333333 12822515
k 14 7574 333333333 12829511
k 14 7575 333333333 12826871
k 14 7581 333333333 12825311
k 14 7576 333333333 12828732
k 14 7578 333333333 12827557
k 14 7579 333333333 12823780
k 14 7580 333333333 12830989
k 14 7586 333333333 12828168
k 14 7582 333333333 12829539
k 14 7584 333333333 12826986
k 14 7583 333333333 12826376
k 14 7585 333333333 12825589
k 14 7588 333333333 12826896
k 14 7587 333333333 12825469
k 14 7591 333333333 12824797
k 14 7589 333333333 12823860
k 14 7590 333333333 12822824
k 14 7592 333333333 12821848
k 14 7594 333333333 12821183
k 14 7596 333333333 12824920
k 14 7593 333333333 12827175
k 14 7595 333333333 12830217
k 14 7601 333333333 12828761
k 14 7597 333333333 12829267
k 14 7598 333333333 12825971
k 14 7599 333333333 12825565
k 14 7603 333333333 12824796
k 14 7600 333333333 12830838
k 14 7602 333333333 12827520
k 14 7604 333333333 12819754
k 14 7608 333333333 12828779
k 14 7605 333333333 12826650
k 14 7606 333333333 12823282
k 14 7611 333333333 12830739
k 14 7607 333333333 12823241
k 14 7609 333333333 12819662
k 14 7615 333333333 12818294
k 14 7610 333333333 12820276
k 14 7613 333333333 12819211
k 14 7612 333333333 12819528
k 14 7614 333333333 12825429
k 14 7616 333333333 12826540
k 14 7617 333333333 12824327
k 14 7619 333333333 12820445
k 14 7622 333333333 12819616
k 14 7618 333333333 12826145
k 14 7620 333333333 12822169
k 14 7625 333333333 12819516
k 14 7621 333333333 12820656
k 14 7623 333333333 12822115
k 14 7624 333333333 12825358
k 14 7626 333333333 12819437
k 14 7632 333333333 12822674
k 14 7627 333333333 12824320
k 14 7628 333333333 12820543
k 14 7629 333333333 12817819
k 14 7630 333333333 12828971
k 14 7633 333333333 12826218
k 14 7631 333333333 12817661
k 14 7636 333333333 12821898
k 14 7634 333333333 12824189
k 14 7635 333333333 12821225
k 14 7637 333333333 12819502
k 14 7638 333333333 12821502
k 14 7641 333333333 12819637
k 14 7639 333333333 12823198
k 14 7646 333333333 12818151
k 14 7640 333333333 12821669
k 14 7643 333333333 12816446
k 14 7642 333333333 12822063
k 14 7648 333333333 12820102
k 14 7645 333333333 12824379
k 14 7644 333333333 12820905
k 14 7647 333333333 12824565
k 14 7649 333333333 12824650
k 14 7653 333333333 12819539
k 14 7650 333333333 12820469
k 14 7651 333333333 12823493
k 14 7652 333333333 12820031
k 14 7655 333333333 12824109
k 14 7654 333333333 12822023
k 14 7659 333333333 12823640
k 14 7657 333333333 12817793
k 14 7656 333333333 12821702
k 14 7658 333333333 12821047
k 14 7660 333333333 12815670
k 14 7661 333333333 12819320
k 14 7662 333333333 12817444
k 14 7664 333333333 12818495
k 14 7668 333333333 12814433
k 14 7663 333333333 12823109
k 14 7665 333333333 12820453
k 14 7667 333333333 12817593
k 14 7670 333333333 12814905
k 14 7666 333333333 12819434
k 14 7669 333333333 12817568
k 14 7671 333333333 12816644
k 14 7672 333333333 12820278
k 14 7677 333333333 12818475
k 14 7673 333333333 12817269
k 14 7674 333333333 12817496
k 14 7678 333333333 12816957
k 14 7675 333333333 12815298
k 14 7676 333333333 12813704
k 14 7682 333333333 12816216
k 14 7679 333333333 12821603
k 14 7680 333333333 12815651
k 14 7681 333333333 12814644
k 14 7683 333333333 12816215
k 14 7684 333333333 12820361
k 14 7687 333333333 12817204
k 14 7685 333333333 12817740
k 14 7690 333333333 12813531
k 14 7686 333333333 12813989
k 14 7688 333333333 12816614
k 14 7693 333333333 12818324
k 14 7689 333333333 12820551
k 14 7692 333333333 12820404
k 14 7691 333333333 12816136
k 14 7699 333333333 12810337
k 14 7694 333333333 12815347
k 14 7695 333333333 12816481
k 14 7696 333333333 12816490
k 14 7697 333333333 12813067
k 14 7698 333333333 12816873
k 14 7701 333333333 12814289
k 14 7700 333333333 12819703
k 14 7704 333333333 12813851
k 14 7703 333333333 12814117
k 14 7702 333333333 12821028
k 14 7705 333333333 12814662
k 14 7706 333333333 12813678
k 14 7707 333333333 12812969
k 14 7708 333333333 12815569
k 14 7714 333333333 12815805
k 14 7710 333333333 12819023
k 14 7709 333333333 12814838
k 14 7711 333333333 12818159
k 14 7716 333333333 12820071
k 14 7712 333333333 12809384
k 14 7713 333333333 12815991
k 14 7715 333333333 12816588
k 14 7722 333333333 12822213
k 14 7718 333333333 12815112
k 14 7717 333333333 12819145
k 14 7719 333333333 12813759
k 14 7723 333333333 12811389
k 14 7720 333333333 12812600
k 14 7721 333333333 12814932
k 14 7727 333333333 12809433
k 14 7724 333333333 12813503
k 14 7725 333333333 12809535
k 14 7726 333333333 12815418
k 14 7728 333333333 12815341
k 14 7729 333333333 12815665
k 14 7731 333333333 12806841
k 14 7730 333333333 12812209
k 14 7735 333333333 12809285
k 14 7732 333333333 12812870
k 14 7733 333333333 12815990
k 14 7734 333333333 12810808
k 14 7738 333333333 12809196
k 14 7736 333333333 12814810
k 14 7737 333333333 12815379
k 14 7739 333333333 12814094
k 14 7744 333333333 12810867
k 14 7741 333333333 12813675
k 14 7742 333333333 12808384
k 14 7743 333333333 12807951
k 14 7746 333333333 12814913
k 14 7740 333333333 12818026
k 14 7745 333333333 12809609
k 14 7750 333333333 12813553
k 14 7747 333333333 12811441
k 14 7748 333333333 12808904
k 14 7749 333333333 12811537
k 14 7751 333333333 12814597
k 14 7754 333333333 12803318
k 14 7752 333333333 12812973
k 14 7753 333333333 12813936
k 14 7758 333333333 12814748
k 14 7756 333333333 12813325
k 14 7755 333333333 12812510
k 14 7757 333333333 12809387
k 14 7761 333333333 12807332
k 14 7759 333333333 12806415
k 14 7760 333333333 12811239
k 14 7762 333333333 12814704
k 14 7764 333333333 12813861
k 14 7766 333333333 12808250
k 14 7763 333333333 12812125
k 14 7765 333333333 12808546
k 14 7769 333333333 12808214
k 14 7767 333333333 12813746
k 14 7773 333333333 12813410
k 14 7768 333333333 12815162
k 14 7770 333333333 12808515
k 14 7771 333333333 12807866
k 14 7772 333333333 12809821
k 14 7774 333333333 12806797
k 14 7778 333333333 12807441
k 14 7775 333333333 12802271
k 14 7781 333333333 12810284
k 14 7776 333333333 12803744
k 14 7777 333333333 12810486
k 14 7780 333333333 12804813
k 14 7779 333333333 12810572
k 14 7783 333333333 12806184
k 14 7782 333333333 12807380
k 14 7784 333333333 12807602
k 14 7789 333333333 12808174
k 14 7785 333333333 12806467
k 14 7787 333333333 12810565
k 14 7786 333333333 12808269
k 14 7791 333333333 12809124
k 14 7788 333333333 12803216
k 14 7790 333333333 12806495
k 14 7796 333333333 12804519
k 14 7792 333333333 12806670
k 14 7793 333333333 12806287
k 14 7795 333333333 12808739
k 14 7794 333333333 12803547
k 14 7799 333333333 12806118
k 14 7797 333333333 12805693
k 14 7803 333333333 12807125
k 14 7798 333333333 12810935
k 14 7800 333333333 12809455
k 14 7802 333333333 12810235
k 14 7801 333333333 12807069
k 14 7806 333333333 12806767
k 14 7804 333333333 12801912
k 14 7805 333333333 12806043
k 14 7807 333333333 12808204
k 14 7811 333333333 12804803
k 14 7809 333333333 12801682
k 14 7808 333333333 12808060
k 14 7810 333333333 12805248
k 14 7813 333333333 12805422
k 14 7812 333333333 12807756
k 14 7814 333333333 12804986
k 14 7818 333333333 12805595
k 14 7815 333333333 12805974
k 14 7816 333333333 12806950
k 14 7817 333333333 12802924
k 14 7819 333333333 12804466
k 14 7822 333333333 12804161
k 14 7820 333333333 12801999
k 14 7826 333333333 12809610
k 14 7821 333333333 12804028
k 14 7823 333333333 12807141
k 14 7824 333333333 12802694
k 14 7825 333333333 12806994
k 14 7829 333333333 12802496
k 14 7827 333333333 12804044
k 14 7828 333333333 12803083
k 14 7830 333333333 12801586
k 14 7834 333333333 12804183
k 14 7831 333333333 12803103
k 14 7832 333333333 12805225
k 14 7836 333333333 12797739
k 14 7833 333333333 12801511
k 14 7835 333333333 12800732
k 14 7841 333333333 12803404
k 14 7837 333333333 12807801
k 14 7838 333333333 12804121
k 14 7839 333333333 12798903
k 14 7840 333333333 12804977
k 14 7845 333333333 12799879
k 14 7842 333333333 12802973
k 14 7843 333333333 12801012
k 14 7848 333333333 12800034
k 14 7844 333333333 12805367
k 14 7846 333333333 12801910
k 14 7847 333333333 12803756
k 14 7851 333333333 12802230
k 14 7849 333333333 12806327
k 14 7850 333333333 12800257
k 14 7852 333333333 12800998
k 14 7856 333333333 12803864
k 14 7853 333333333 12799906
k 14 7854 333333333 12806446
k 14 7855 333333333 12801035
k 14 7859 333333333 12801944
k 14 7857 333333333 12801430
k 14 7858 333333333 12795307
k 14 7863 333333333 12801493
k 14 7860 333333333 12801931
k 14 7861 333333333 12797307
k 14 7862 333333333 12804014
k 14 7864 333333333 12802508
k 14 7867 333333333 12803018
k 14 7865 333333333 12800184
k 14 7871 333333333 12800115
k 14 7866 333333333 12796592
k 14 7869 333333333 12798727
k 14 7868 333333333 12809500
k 14 7870 333333333 12802012
k 14 7874 333333333 12800447
k 14 7872 333333333 12799893
k 14 7873 333333333 12797783
k 14 7879 333333333 12799654
k 14 7875 333333333 12808947
k 14 7876 333333333 12800111
k 14 7877 333333333 12802133
k 14 7881 333333333 12801231
k 14 7878 333333333 12805559
k 14 7880 333333333 12792753
k 14 7886 333333333 12797580
k 14 7882 333333333 12797745
k 14 7884 333333333 12798390
k 14 7883 333333333 12797745
k 14 7885 333333333 12796137
k 14 7887 333333333 12800241
k 14 7889 333333333 12798101
k 14 7888 333333333 12795515
k 14 7893 333333333 12798096
k 14 7890 333333333 12798665
k 14 7891 333333333 12799885
k 14 7892 333333333 12799764
k 14 7896 333333333 12800033
k 14 7894 333333333 12796653
k 14 7895 333333333 12797457
k 14 7897 333333333 12799561
k 14 7902 333333333 12803157
k 14 7898 333333333 12801163
k 14 7899 333333333 12794977
k 14 7900 333333333 12793053
k 14 7904 333333333 12800711
k 14 7901 333333333 12796681
k 14 7903 333333333 12797381
k 14 7908 333333333 12794523
k 14 7905 333333333 12800003
k 14 7906 333333333 12791200
k 14 7907 333333333 12796537
k 14 7912 333333333 12796290
k 14 7909 333333333 12796344
k 14 7910 333333333 12795563
k 14 7916 333333333 12792252
k 14 7914 333333333 12800430
k 14 7911 333333333 12795653
k 14 7913 333333333 12797591
k 14 7915 333333333 12790823
k 14 7917 333333333 12797511
k 14 7919 333333333 12792363
k 14 7918 333333333 12801894
k 14 7923 333333333 12796265
k 14 7920 333333333 12793936
k 14 7921 333333333 12797846
k 14 7922 333333333 12790786
k 14 7926 333333333 12795419
k 14 7925 333333333 12794876
k 14 7924 333333333 12792101
k 14 7932 333333333 12798879
k 14 7929 333333333 12794944
k 14 7927 333333333 12794351
k 14 7928 333333333 12792195
k 14 7930 333333333 12799719
k 14 7931 333333333 12790861
k 14 7934 333333333 12793589
k 14 7933 333333333 12796269
k 14 7938 333333333 12791719
k 14 7935 333333333 12796705
k 14 7936 333333333 12795719
k 14 7937 333333333 12794260
k 14 7941 333333333 12793208
k 14 7939 333333333 12791615
k 14 7940 333333333 12791178
k 14 7942 333333333 12794379
k 14 7947 333333333 12793631
k 14 7943 333333333 12790491
k 14 7944 333333333 12798590
k 14 7949 333333333 12793152
k 14 7945 333333333 12793834
k 14 7946 333333333 12792461
k 14 7948 333333333 12799100
k 14 7953 333333333 12792891
k 14 7950 333333333 12790848
k 14 7951 333333333 12795929
k 14 7952 333333333 12792792
k 14 7957 333333333 12794802
k 14 7955 333333333 12795265
k 14 7954 333333333 12785098
k 14 7960 333333333 12799696
k 14 7958 333333333 12795034
k 14 7959 333333333 12791088
k 14 7956 333333333 12795517
k 14 7961 333333333 12793548
k 14 7962 333333333 12791852
k 14 7964 333333333 12791164
k 14 7963 333333333 12799157
k 14 7968 333333333 12794110
k 14 7965 333333333 12791358
k 14 7966 333333333 12794388
k 14 7967 333333333 12791676
k 14 7971 333333333 12793641
k 14 7970 333333333 12791994
k 14 7969 333333333 12791138
k 14 7977 333333333 12794222
k 14 7973 333333333 12787934
k 14 7974 333333333 12790339
k 14 7972 333333333 12792199
k 14 7976 333333333 12789782
k 14 7975 333333333 12790946
k 14 7979 333333333 12794260
k 14 7978 333333333 12791227
k 14 7983 333333333 12790495
k 14 7980 333333333 12791354
k 14 7981 333333333 12794735
k 14 7986 333333333 12786663
k 14 7982 333333333 12790435
k 14 7984 333333333 12791009
k 14 7985 333333333 12784380
k 14 7987 333333333 12794258
k 14 7992 333333333 12784390
k 14 7988 333333333 12788291
k 14 7989 333333333 12789713
k 14 7990 333333333 12788560
k 14 7991 333333333 12792125
k 14 7994 333333333 12785233
k 14 7993 333333333 12788615
k 14 7997 333333333 12784514
k 14 7995 333333333 12790553
k 14 7996 333333333 12789000
k 14 7998 333333333 12786790
k 14 8002 333333333 12791833
k 14 7999 333333333 12784755
k 14 8000 333333333 12789091
k 14 8007 333333333 12788029
k 14 8004 333333333 12790391
k 14 8001 333333333 12787825
k 14 8003 333333333 12786060
k 14 8006 333333333 12787071
k 14 8005 333333333 12789455
k 14 8009 333333333 12789915
k 14 8008 333333333 12783822
k 14 8010 333333333 12791553
k 14 8013 333333333 12788647
k 14 8011 333333333 12792675
k 14 8016 333333333 12789273
k 14 8012 333333333 12784915
k 14 8014 333333333 12782239
k 14 8015 333333333 12782081
k 14 8022 333333333 12782793
k 14 8017 333333333 12783830
k 14 8018 333333333 12784399
k 14 8019 333333333 12787118
k 14 8020 333333333 12789323
k 14 8021 333333333 12784740
k 14 8025 333333333 12790379
k 14 8023 333333333 12787803
k 14 8027 333333333 12781487
k 14 8024 333333333 12785210
k 14 8026 333333333 12790337
k 14 8031 333333333 12784003
k 14 8028 333333333 12786529
k 14 8029 333333333 12788173
k 14 8030 333333333 12788152
k 14 8034 333333333 12785271
k 14 8033 333333333 12793276
k 14 8032 333333333 12787887
k 14 8037 333333333 12786289
k 14 8035 333333333 12785295
k 14 8036 333333333 12788203
k 14 8039 333333333 12783288
k 14 8038 333333333 12786705
k 14 8040 333333333 12790083
k 14 8042 333333333 12778239
k 14 8041 333333333 12783407
k 14 8043 333333333 12785612
k 14 8044 333333333 12779707
k 14 8049 333333333 12790337
k 14 8045 333333333 12783159
k 14 8052 333333333 12787082
k 14 8047 333333333 12787897
k 14 8048 333333333 12786792
k 14 8046 333333333 12791002
k 14 8050 333333333 12784792
k 14 8051 333333333 12788855
k 14 8055 333333333 12779888
k 14 8054 333333333 12786496
k 14 8053 333333333 12786656
k 14 8059 333333333 12782262
k 14 8056 333333333 12784246
k 14 8061 333333333 12780133
k 14 8057 333333333 12781939
k 14 8058 333333333 12784567
k 14 8060 333333333 12784127
k 14 8062 333333333 12781303
k 14 8067 333333333 12778891
k 14 8063 333333333 12784612
k 14 8064 333333333 12780796
k 14 8066 333333333 12785471
k 14 8065 333333333 12783592
k 14 8070 333333333 12778901
k 14 8068 333333333 12786436
k 14 8069 333333333 12784462
k 14 8072 333333333 12779766
k 14 8071 333333333 12783723
k 14 8073 333333333 12786920
k 14 8077 333333333 12781326
k 14 8074 333333333 12781178
k 14 8075 333333333 12788455
k 14 8078 333333333 12781093
k 14 8076 333333333 12785034
k 14 8082 333333333 12780405
k 14 8079 333333333 12779105
k 14 8080 333333333 12784267
k 14 8085 333333333 12783798
k 14 8081 333333333 12786461
k 14 8084 333333333 12784519
k 14 8083 333333333 12779641
k 14 8088 333333333 12785119
k 14 8086 333333333 12779094
k 14 8087 333333333 12782275
k 14 8089 333333333 12781646
k 14 8093 333333333 12783205
k 14 8090 333333333 12781486
k 14 8091 333333333 12780773
k 14 8096 333333333 12780961
k 14 8092 333333333 12783745
k 14 8097 333333333 12778709
k 14 8094 333333333 12780979
k 14 8095 333333333 12780947
k 14 8100 333333333 12780009
k 14 8099 333333333 12775273
k 14 8098 333333333 12783725
k 14 8104 333333333 12781277
k 14 8101 333333333 12783340
k 14 8107 333333333 12783984
k 14 8102 333333333 12776326
k 14 8103 333333333 12781965
k 14 8105 333333333 12783729
k 14 8106 333333333 12778388
k 14 8112 333333333 12777983
k 14 8108 333333333 12780900
k 14 8110 333333333 12777010
k 14 8109 333333333 12785581
k 14 8111 333333333 12781392
k 14 8115 333333333 12782226
k 14 8113 333333333 12779529
k 14 8114 333333333 12779175
k 14 8117 333333333 12779327
k 14 8116 333333333 12776180
k 14 8122 333333333 12775926
k 14 8118 333333333 12778359
k 14 8119 333333333 12781449
k 14 8120 333333333 12776439
k 14 8121 333333333 12781702
k 14 8123 333333333 12778565
k 14 8127 333333333 12779208
k 14 8124 333333333 12781596
k 14 8125 333333333 12775093
k 14 8130 333333333 12777323
k 14 8126 333333333 12779039
k 14 8129 333333333 12778052
k 14 8128 333333333 12777477
k 14 8132 333333333 12776286
k 14 8131 333333333 12773996
k 14 8134 333333333 12776977
k 14 8133 333333333 12779690
k 14 8135 333333333 12774053
k 14 8138 333333333 12773408
k 14 8136 333333333 12774616
k 14 8141 333333333 12776594
k 14 8137 333333333 12781286
k 14 8140 333333333 12774742
k 14 8139 333333333 12774993
k 14 8142 333333333 12775967
k 14 8145 333333333 12773166
k 14 8143 333333333 12772987
k 14 8144 333333333 12780174
k 14 8150 333333333 12778011
k 14 8146 333333333 12774594
k 14 8147 333333333 12780716
k 14 8152 333333333 12775980
k 14 8148 333333333 12781052
k 14 8149 333333333 12774114
k 14 8151 333333333 12779367
k 14 8157 333333333 12774072
k 14 8153 333333333 12779789
k 14 8154 333333333 12771810
k 14 8156 333333333 12774424
k 14 8155 333333333 12778093
k 14 8158 333333333 12774153
k 14 8160 333333333 12773909
k 14 8159 333333333 12777655
k 14 8163 333333333 12774670
k 14 8161 333333333 12770036
k 14 8162 333333333 12773907
k 14 8164 333333333 12774707
k 14 8167 333333333 12771634
k 14 8165 333333333 12777253
k 14 8166 333333333 12777940
k 14 8173 333333333 12777992
k 14 8168 333333333 12769735
k 14 8169 333333333 12778610
k 14 8170 333333333 12774720
k 14 8172 333333333 12772094
k 14 8171 333333333 12772885
k 14 8175 333333333 12771703
k 14 8174 333333333 12769712
k 14 8179 333333333 12775872
k 14 8176 333333333 12769977
k 14 8177 333333333 12773870
k 14 8178 333333333 12768677
k 14 8182 333333333 12774126
k 14 8180 333333333 12770121
k 14 8181 333333333 12775507
k 14 8188 333333333 12773901
k 14 8183 333333333 12771437
k 14 8184 333333333 12768806
k 14 8187 333333333 12774723
k 14 8186 333333333 12773472
k 14 8185 333333333 12773767
k 14 8190 333333333 12774459
k 14 8189 333333333 12772149
k 14 8194 333333333 12767715
k 14 8191 333333333 12772085
k 14 8192 333333333 12777630
k 14 8193 333333333 12770428
k 14 8197 333333333 12770375
k 14 8196 333333333 12778362
k 14 8195 333333333 12773206
k 14 8203 333333333 12771391
k 14 8198 333333333 12775443
k 14 8199 333333333 12773072
k 14 8200 333333333 12764839
k 14 8201 333333333 12770688
k 14 8202 333333333 12771209
k 14 8205 333333333 12770460
k 14 8204 333333333 12772090
k 14 8209 333333333 12767841
k 14 8206 333333333 12770105
k 14 8207 333333333 12770212
k 14 8208 333333333 12771024
k 14 8212 333333333 12767349
k 14 8210 333333333 12772599
k 14 8211 333333333 12776388
k 14 8213 333333333 12770860
k 14 8218 333333333 12769829
k 14 8214 333333333 12770893
k 14 8216 333333333 12766463
k 14 8217 333333333 12777764
k 14 8215 333333333 12764637
k 14 8220 333333333 12770127
k 14 8219 333333333 12773756
k 14 8224 333333333 12769571
k 14 8221 333333333 12763716
k 14 8222 333333333 12767059
k 14 8223 333333333 12770146
k 14 8228 333333333 12765417
k 14 8225 333333333 12768279
k 14 8226 333333333 12771479
k 14 8233 333333333 12768652
k 14 8227 333333333 12771426
k 14 8229 333333333 12771251
k 14 8230 333333333 12770304
k 14 8231 333333333 12769587
k 14 8232 333333333 12769288
k 14 8235 333333333 12772431
k 14 8234 333333333 12767918
k 14 8239 333333333 12765150
k 14 8237 333333333 12764722
k 14 8236 333333333 12768925
k 14 8242 333333333 12764880
k 14 8240 333333333 12773400
k 14 8238 333333333 12770429
k 14 8241 333333333 12766395
k 14 8243 333333333 12767334
k 14 8248 333333333 12768649
k 14 8244 333333333 12767798
k 14 8245 333333333 12762750
k 14 8246 333333333 12773129
k 14 8247 333333333 12768731
k 14 8250 333333333 12772552
k 14 8249 333333333 12762814
k 14 8253 333333333 12768497
k 14 8251 333333333 12766112
k 14 8252 333333333 12763804
k 14 8258 333333333 12765820
k 14 8255 333333333 12768943
k 14 8254 333333333 12766905
k 14 8256 333333333 12763922
k 14 8257 333333333 12764503
k 14 8263 333333333 12769697
k 14 8259 333333333 12765788
k 14 8260 333333333 12764085
k 14 8261 333333333 12763800
k 14 8265 333333333 12767016
k 14 8262 333333333 12771101
k 14 8264 333333333 12768214
k 14 8266 333333333 12764799
k 14 8268 333333333 12767939
k 14 8267 333333333 12765316
k 14 8273 333333333 12765115
k 14 8270 333333333 12764894
k 14 8269 333333333 12763138
k 14 8271 333333333 12767913
k 14 8277 333333333 12770814
k 14 8272 333333333 12763524
k 14 8275 333333333 12767193
k 14 8274 333333333 12767343
k 14 8276 333333333 12765686
k 14 8281 333333333 12765421
k 14 8278 333333333 12767788
k 14 8279 333333333 12765024
k 14 8280 333333333 12761224
k 14 8283 333333333 12766910
k 14 8282 333333333 12760046
k 14 8287 333333333 12760131
k 14 8285 333333333 12766157
k 14 8284 333333333 12760332
k 14 8286 333333333 12761334
k 14 8292 333333333 12767260
k 14 8288 333333333 12766385
k 14 8290 333333333 12764369
k 14 8289 333333333 12762404
k 14 8291 333333333 12764574
k 14 8293 333333333 12762830
k 14 8296 333333333 12760678
k 14 8294 333333333 12761924
k 14 8298 333333333 12764747
k 14 8295 333333333 12766236
k 14 8297 333333333 12758882
k 14 8300 333333333 12761247
k 14 8302 333333333 12764453
k 14 8299 333333333 12768165
k 14 8301 333333333 12764034
k 14 8308 333333333 12762635
k 14 8303 333333333 12764930
k 14 8305 333333333 12762941
k 14 8306 333333333 12767736
k 14 8304 333333333 12763929
k 14 8310 333333333 12761610
k 14 8307 333333333 12768018
k 14 8309 333333333 12759314
k 14 8314 333333333 12765869
k 14 8311 333333333 12761937
k 14 8312 333333333 12762932
k 14 8313 333333333 12765190
k 14 8315 333333333 12759766
k 14 8317 333333333 12761243
k 14 8316 333333333 12760289
k 14 8322 333333333 12766174
k 14 8319 333333333 12758959
k 14 8320 333333333 12758153
k 14 8318 333333333 12763536
k 14 8321 333333333 12757293
k 14 8325 333333333 12759302
k 14 8323 333333333 12757425
k 14 8324 333333333 12760228
k 14 8326 333333333 12755744
k 14 8330 333333333 12768622
k 14 8327 333333333 12758754
k 14 8332 333333333 12761664
k 14 8329 333333333 12761091
k 14 8328 333333333 12758952
k 14 8331 333333333 12759811
k 14 8337 333333333 12759908
k 14 8333 333333333 12756959
k 14 8335 333333333 12765105
k 14 8334 333333333 12757748
k 14 8336 333333333 12757570
k 14 8341 333333333 12752903
k 14 8338 333333333 12759454
k 14 8339 333333333 12755876
k 14 8343 333333333 12757162
k 14 8340 333333333 12757295
k 14 8342 333333333 12755299
k 14 8344 333333333 12755618
k 14 8347 333333333 12756407
k 14 8346 333333333 12759457
k 14 8345 333333333 12763696
k 14 8352 333333333 12756581
k 14 8348 333333333 12761575
k 14 8349 333333333 12757718
k 14 8350 333333333 12757100
k 14 8351 333333333 12758999
k 14 8355 333333333 12759981
k 14 8353 333333333 12760692
k 14 8354 333333333 12761756
k 14 8356 333333333 12758281
k 14 8359 333333333 12758095
k 14 8357 333333333 12751721
k 14 8358 333333333 12758425
k 14 8362 333333333 12757692
k 14 8360 333333333 12756012
k 14 8361 333333333 12758470
k 14 8367 333333333 12756079
k 14 8363 333333333 12757586
k 14 8364 333333333 12763442
k 14 8366 333333333 12757608
k 14 8365 333333333 12760289
k 14 8368 333333333 12752214
k 14 8371 333333333 12760421
k 14 8369 333333333 12758056
k 14 8370 333333333 12758409
k 14 8374 333333333 12758667
k 14 8372 333333333 12755458
k 14 8377 333333333 12759697
k 14 8373 333333333 12756941
k 14 8375 333333333 12756915
k 14 8376 333333333 12757578
k 14 8378 333333333 12755421
k 14 8380 333333333 12757175
k 14 8383 333333333 12751864
k 14 8379 333333333 12757495
k 14 8381 333333333 12757679
k 14 8386 333333333 12755255
k 14 8382 333333333 12753953
k 14 8384 333333333 12753911
k 14 8388 333333333 12750801
k 14 8385 333333333 12756922
k 14 8387 333333333 12755050
k 14 8389 333333333 12756581
k 14 8391 333333333 12753888
k 14 8394 333333333 12758332
k 14 8390 333333333 12754741
k 14 8397 333333333 12758864
k 14 8393 333333333 12755837
k 14 8392 333333333 12754592
k 14 8396 333333333 12752420
k 14 8395 333333333 12753773
k 14 8400 333333333 12755322
k 14 8398 333333333 12755556
k 14 8399 333333333 12751830
k 14 8401 333333333 12752593
k 14 8402 333333333 12752051
k 14 8405 333333333 12751132
k 14 8403 333333333 12753828
k 14 8407 333333333 12752629
k 14 8404 333333333 12750662
k 14 8406 333333333 12755253
k 14 8412 333333333 12752384
k 14 8410 333333333 12753182
k 14 8408 333333333 12750118
k 14 8409 333333333 12755884
k 14 8411 333333333 12751614
k 14 8413 333333333 12756874
k 14 8417 333333333 12754971
k 14 8414 333333333 12751619
k 14 8415 333333333 12753756
k 14 8419 333333333 12750901
k 14 8416 333333333 12750888
k 14 8422 333333333 12756129
k 14 8420 333333333 12748740
k 14 8418 333333333 12754312
k 14 8421 333333333 12755461
k 14 8423 333333333 12757571
k 14 8426 333333333 12750127
k 14 8425 333333333 12754343
k 14 8424 333333333 12750134
k 14 8428 333333333 12753686
k 14 8431 333333333 12755020
k 14 8427 333333333 12755102
k 14 8429 333333333 12747183
k 14 8430 333333333 12755016
k 14 8433 333333333 12746783
k 14 8432 333333333 12751249
k 14 8435 333333333 12748970
k 14 8436 333333333 12752937
k 14 8434 333333333 12751887
k 14 8441 333333333 12753840
k 14 8437 333333333 12749135
k 14 8438 333333333 12752898
k 14 8442 333333333 12758500
k 14 8440 333333333 12753025
k 14 8439 333333333 12752714
k 14 8446 333333333 12753089
k 14 8443 333333333 12750627
k 14 8444 333333333 12747816
k 14 8445 333333333 12755992
k 14 8447 333333333 12747563
k 14 8451 333333333 12748765
k 14 8448 333333333 12748806
k 14 8449 333333333 12747714
k 14 8454 333333333 12747415
k 14 8450 333333333 12749155
k 14 8453 333333333 12752084
k 14 8452 333333333 12753314
k 14 8457 333333333 12753749
k 14 8456 333333333 12751971
k 14 8455 333333333 12749251
k 14 8462 333333333 12750019
k 14 8458 333333333 12752101
k 14 8459 333333333 12746823
k 14 8460 333333333 12745365
k 14 8465 333333333 12754114
k 14 8461 333333333 12748041
k 14 8469 333333333 12749724
k 14 8463 333333333 12748044
k 14 8464 333333333 12746444
k 14 8466 333333333 12756834
k 14 8468 333333333 12753589
k 14 8467 333333333 12750909
k 14 8470 333333333 12752950
k 14 8471 333333333 12745339
k 14 8472 333333333 12750970
k 14 8476 333333333 12746389
k 14 8473 333333333 12747647
k 14 8474 333333333 12749196
k 14 8475 333333333 12743537
k 14 8478 333333333 12750111
k 14 8477 333333333 12746621
k 14 8479 333333333 12739575
k 14 8480 333333333 12740470
k 14 8486 333333333 12745425
k 14 8481 333333333 12744730
k 14 8482 333333333 12745782
k 14 8483 333333333 12746072
k 14 8484 333333333 12749878
k 14 8487 333333333 12744596
k 14 8485 333333333 12754727
k 14 8491 333333333 12746747
k 14 8488 333333333 12745558
k 14 8489 333333333 12746101
k 14 8490 333333333 12743371
k 14 8495 333333333 12747033
k 14 8492 333333333 12745043
k 14 8493 333333333 12745717
k 14 8494 333333333 12748114
k 14 8500 333333333 12746258
k 14 8496 333333333 12743048
k 14 8497 333333333 12747748
k 14 8498 333333333 12751216
k 14 8499 333333333 12743405
k 14 8502 333333333 12744862
k 14 8501 333333333 12746063
k 14 8503 333333333 12741941
k 14 8506 333333333 12744992
k 14 8504 333333333 12744572
k 14 8510 333333333 12743937
k 14 8507 333333333 12741843
k 14 8505 333333333 12740468
k 14 8508 333333333 12749907
k 14 8515 333333333 12742072
k 14 8511 333333333 12746537
k 14 8509 333333333 12745385
k 14 8512 333333333 12747109
k 14 8513 333333333 12743337
k 14 8514 333333333 12743920
k 14 8516 333333333 12746930
k 14 8518 333333333 12746238
k 14 8517 333333333 12739454
k 14 8520 333333333 12743457
k 14 8519 333333333 12745007
k 14 8524 333333333 12740330
k 14 8521 333333333 12741743
k 14 8522 333333333 12742953
k 14 8523 333333333 12746814
k 14 8525 333333333 12744613
k 14 8526 333333333 12736599
k 14 8531 333333333 12743106
k 14 8527 333333333 12743793
k 14 8529 333333333 12743219
k 14 8528 333333333 12744811
k 14 8530 333333333 12743870
k 14 8533 333333333 12746390
k 14 8535 333333333 12741141
k 14 8532 333333333 12748181
k 14 8534 333333333 12742918
k 14 8536 333333333 12736322
k 14 8537 333333333 12745181
k 14 8541 333333333 12741501
k 14 8539 333333333 12740845
k 14 8538 333333333 12748627
k 14 8540 333333333 12751267
k 14 8546 333333333 12743051
k 14 8542 333333333 12741292
k 14 8543 333333333 12742806
k 14 8544 333333333 12746782
k 14 8547 333333333 12737772
k 14 8545 333333333 12738698
k 14 8548 333333333 12747112
k 14 8552 333333333 12740876
k 14 8549 333333333 12742758
k 14 8550 333333333 12741323
k 14 8556 333333333 12745932
k 14 8551 333333333 12742507
k 14 8554 333333333 12737505
k 14 8553 333333333 12738376
k 14 8560 333333333 12744750
k 14 8555 333333333 12739609
k 14 8558 333333333 12741818
k 14 8557 333333333 12741200
k 14 8559 333333333 12740242
k 14 8561 333333333 12744252
k 14 8563 333333333 12742293
k 14 8562 333333333 12747147
k 14 8566 333333333 12742818
k 14 8564 333333333 12739939
k 14 8570 333333333 12740532
k 14 8565 333333333 12739875
k 14 8567 333333333 12748191
k 14 8568 333333333 12738007
k 14 8569 333333333 12735737
k 14 8571 333333333 12738151
k 14 8576 333333333 12739967
k 14 8572 333333333 12742613
k 14 8574 333333333 12740073
k 14 8573 333333333 12741393
k 14 8575 333333333 12740149
k 14 8578 333333333 12740135
k 14 8577 333333333 12738960
k 14 8580 333333333 12742505
k 14 8579 333333333 12737949
k 14 8581 333333333 12738513
k 14 8586 333333333 12742073
k 14 8582 333333333 12739042
k 14 8584 333333333 12735785
k 14 8583 333333333 12737774
k 14 8585 333333333 12738620
k 14 8591 333333333 12737276
k 14 8587 333333333 12741651
k 14 8589 333333333 12739504
k 14 8593 333333333 12743546
k 14 8588 333333333 12739172
k 14 8590 333333333 12741462
k 14 8592 333333333 12737845
k 14 8596 333333333 12732456
k 14 8594 333333333 12742861
k 14 8595 333333333 12744259
k 14 8601 333333333 12735668
k 14 8597 333333333 12738771
k 14 8598 333333333 12737531
k 14 8599 333333333 12736757
k 14 8600 333333333 12739692
k 14 8604 333333333 12739266
k 14 8602 333333333 12737418
k 14 8605 333333333 12739783
k 14 8603 333333333 12741014
k 14 8606 333333333 12742783
k 14 8608 333333333 12737852
k 14 8607 333333333 12734570
k 14 8611 333333333 12737510
k 14 8609 333333333 12736119
k 14 8610 333333333 12739521
k 14 8616 333333333 12731549
k 14 8612 333333333 12740892
k 14 8614 333333333 12741951
k 14 8613 333333333 12735948
k 14 8615 333333333 12732777
k 14 8621 333333333 12733610
k 14 8617 333333333 12733957
k 14 8618 333333333 12735156
k 14 8619 333333333 12728783
k 14 8620 333333333 12736343
k 14 8623 333333333 12740606
k 14 8622 333333333 12732300
k 14 8626 333333333 12736896
k 14 8625 333333333 12735790
k 14 8624 333333333 12737555
k 14 8631 333333333 12736647
k 14 8627 333333333 12736233
k 14 8628 333333333 12737491
k 14 8629 333333333 12733048
k 14 8630 333333333 12738709
k 14 8636 333333333 12736220
k 14 8632 333333333 12741369
k 14 8635 333333333 12731169
k 14 8634 333333333 12734550
k 14 8638 333333333 12738629
k 14 8633 333333333 12733280
k 14 8637 333333333 12728914
k 14 8641 333333333 12729953
k 14 8639 333333333 12736854
k 14 8640 333333333 12734374
k 14 8642 333333333 12735267
k 14 8646 333333333 12738262
k 14 8644 333333333 12733611
k 14 8643 333333333 12733971
k 14 8650 333333333 12731167
k 14 8645 333333333 12733700
k 14 8647 333333333 12730875
k 14 8649 333333333 12731125
k 14 8648 333333333 12735597
k 14 8651 333333333 12734265
k 14 8653 333333333 12735463
k 14 8652 333333333 12734142
k 14 8657 333333333 12731481
k 14 8654 333333333 12738195
k 14 8655 333333333 12732003
k 14 8660 333333333 12733658
k 14 8656 333333333 12735453
k 14 8658 333333333 12732571
k 14 8659 333333333 12734247
k 14 8661 333333333 12732387
k 14 8666 333333333 12734159
k 14 8663 333333333 12729293
k 14 8662 333333333 12732289
k 14 8664 333333333 12729357
k 14 8665 333333333 12731840
k 14 8667 333333333 12734683
k 14 8668 333333333 12731429
k 14 8671 333333333 12735258
k 14 8669 333333333 12729239
k 14 8670 333333333 12727200
k 14 8672 333333333 12732095
k 14 8676 333333333 12727648
k 14 8673 333333333 12731174
k 14 8674 333333333 12734513
k 14 8675 333333333 12728216
k 14 8682 333333333 12731207
k 14 8678 333333333 12732632
k 14 8679 333333333 12730584
k 14 8677 333333333 12733390
k 14 8680 333333333 12728904
k 14 8683 333333333 12727405
k 14 8681 333333333 12734703
k 14 8687 333333333 12730305
k 14 8684 333333333 12729411
k 14 8685 333333333 12729604
k 14 8686 333333333 12731514
k 14 8688 333333333 12730393
k 14 8691 333333333 12734397
k 14 8689 333333333 12729662
k 14 8696 333333333 12723456
k 14 8690 333333333 12732146
k 14 8692 333333333 12735246
k 14 8693 333333333 12730579
k 14 8694 333333333 12733224
k 14 8695 333333333 12727200
k 14 8697 333333333 12726867
k 14 8698 333333333 12730787
k 14 8703 333333333 12728239
k 14 8700 333333333 12726469
k 14 8699 333333333 12731912
k 14 8705 333333333 12733871
k 14 8702 333333333 12730892
k 14 8701 333333333 12729909
k 14 8704 333333333 12724815
k 14 8706 333333333 12726210
k 14 8712 333333333 12723645
k 14 8709 333333333 12726653
k 14 8707 333333333 12727305
k 14 8708 333333333 12732296
k 14 8710 333333333 12728774
k 14 8711 333333333 12727726
k 14 8713 333333333 12727744
k 14 8716 333333333 12728433
k 14 8714 333333333 12727672
k 14 8715 333333333 12732274
k 14 8717 333333333 12734135
k 14 8721 333333333 12731529
k 14 8718 333333333 12726752
k 14 8719 333333333 12729340
k 14 8720 333333333 12725695
k 14 8723 333333333 12728456
k 14 8727 333333333 12724890
k 14 8724 333333333 12726457
k 14 8722 333333333 12731997
k 14 8725 333333333 12728652
k 14 8728 333333333 12725759
k 14 8726 333333333 12725322
k 14 8732 333333333 12724310
k 14 8730 333333333 12727399
k 14 8729 333333333 12731543
k 14 8731 333333333 12727220
k 14 8734 333333333 12726747
k 14 8737 333333333 12728492
k 14 8733 333333333 12725793
k 14 8735 333333333 12728075
k 14 8741 333333333 12726317
k 14 8736 333333333 12725607
k 14 8738 333333333 12724507
k 14 8739 333333333 12728907
k 14 8740 333333333 12722328
k 14 8742 333333333 12729602
k 14 8743 333333333 12724656
k 14 8748 333333333 12730377
k 14 8744 333333333 12730031
k 14 8745 333333333 12720808
k 14 8746 333333333 12723252
k 14 8751 333333333 12724622
k 14 8747 333333333 12724892
k 14 8749 333333333 12719280
k 14 8750 333333333 12722460
k 14 8757 333333333 12721490
k 14 8752 333333333 12722469
k 14 8754 333333333 12726249
k 14 8753 333333333 12727464
k 14 8755 333333333 12723916
k 14 8756 333333333 12727241
k 14 8758 333333333 12725389
k 14 8762 333333333 12722564
k 14 8759 333333333 12730277
k 14 8760 333333333 12724424
k 14 8763 333333333 12724824
k 14 8761 333333333 12724239
k 14 8766 333333333 12723008
k 14 8764 333333333 12726871
k 14 8765 333333333 12721124
k 14 8772 333333333 12721132
k 14 8767 333333333 12722482
k 14 8769 333333333 12720436
k 14 8768 333333333 12718852
k 14 8770 333333333 12721912
k 14 8773 333333333 12723982
k 14 8771 333333333 12725370
k 14 8778 333333333 12726734
k 14 8775 333333333 12722352
k 14 8774 333333333 12723690
k 14 8776 333333333 12722865
k 14 8777 333333333 12723843
k 14 8781 333333333 12722612
k 14 8779 333333333 12725193
k 14 8786 333333333 12727370
k 14 8780 333333333 12723282
k 14 8785 333333333 12724246
k 14 8783 333333333 12718830
k 14 8782 333333333 12720146
k 14 8784 333333333 12722239
k 14 8787 333333333 12718670
k 14 8788 333333333 12722558
k 14 8793 333333333 12725723
k 14 8791 333333333 12722692
k 14 8790 333333333 12721220
k 14 8789 333333333 12723923
k 14 8792 333333333 12722656
k 14 8795 333333333 12721393
k 14 8794 333333333 12725090
k 14 8796 333333333 12718051
k 14 8802 333333333 12720470
k 14 8798 333333333 12718502
k 14 8799 333333333 12724359
k 14 8797 333333333 12723181
k 14 8800 333333333 12724248
k 14 8801 333333333 12721254
k 14 8803 333333333 12719990
k 14 8808 333333333 12717615
k 14 8805 333333333 12719717
k 14 8804 333333333 12714671
k 14 8806 333333333 12720817
k 14 8807 333333333 12718427
k 14 8811 333333333 12724227
k 14 8809 333333333 12721061
k 14 8810 333333333 12713957
k 14 8817 333333333 12720235
k 14 8813 333333333 12715280
k 14 8812 333333333 12722189
k 14 8814 333333333 12714766
k 14 8815 333333333 12721918
k 14 8816 333333333 12720168
k 14 8818 333333333 12727309
k 14 8823 333333333 12719317
k 14 8819 333333333 12717305
k 14 8820 333333333 12716636
k 14 8821 333333333 12718576
k 14 8822 333333333 12721747
k 14 8826 333333333 12716793
k 14 8824 333333333 12715045
k 14 8825 333333333 12720100
k 14 8832 333333333 12724295
k 14 8827 333333333 12715763
k 14 8828 333333333 12716871
k 14 8829 333333333 12721649
k 14 8830 333333333 12719623
k 14 8831 333333333 12722009
k 14 8833 333333333 12720246
k 14 8838 333333333 12721584
k 14 8834 333333333 12717706
k 14 8836 333333333 12714176
k 14 8835 333333333 12717784
k 14 8837 333333333 12720992
k 14 8841 333333333 12712410
k 14 8839 333333333 12715361
k 14 8840 333333333 12722761
k 14 8847 333333333 12719003
k 14 8843 333333333 12720042
k 14 8844 333333333 12714963
k 14 8842 333333333 12719995
k 14 8845 333333333 12719863
k 14 8846 333333333 12709643
k 14 8848 333333333 12718166
k 14 8853 333333333 12717178
k 14 8849 333333333 12718673
k 14 8850 333333333 12718035
k 14 8851 333333333 12715669
k 14 8852 333333333 12723603
k 14 8856 333333333 12711964
k 14 8854 333333333 12718186
k 14 8855 333333333 12715368
k 14 8857 333333333 12721588
k 14 8862 333333333 12713258
k 14 8859 333333333 12714767
k 14 8858 333333333 12712610
k 14 8860 333333333 12709953
k 14 8861 333333333 12715818
k 14 8863 333333333 12717652
k 14 8864 333333333 12715194
k 14 8868 333333333 12712410
k 14 8865 333333333 12715726
k 14 8866 333333333 12716819
k 14 8867 333333333 12717336
k 14 8872 333333333 12713463
k 14 8869 333333333 12709362
k 14 8877 333333333 12720509
k 14 8871 333333333 12719565
k 14 8870 333333333 12715213
k 14 8873 333333333 12715258
k 14 8874 333333333 12714019
k 14 8875 333333333 12713438
k 14 8876 333333333 12714356
k 14 8879 333333333 12720214
k 14 8878 333333333 12717811
k 14 8883 333333333 12715673
k 14 8880 333333333 12715851
k 14 8881 333333333 12709751
k 14 8882 333333333 12714141
k 14 8885 333333333 12710411
k 14 8884 333333333 12716391
k 14 8886 333333333 12709881
k 14 8887 333333333 12710858
k 14 8888 333333333 12712062
k 14 8892 333333333 12715506
k 14 8889 333333333 12713182
k 14 8891 333333333 12714352
k 14 8890 333333333 12718852
k 14 8894 333333333 12712727
k 14 8898 333333333 12719423
k 14 8893 333333333 12712402
k 14 8895 333333333 12714057
k 14 8896 333333333 12716994
k 14 8897 333333333 12712478
k 14 8903 333333333 12715691
k 14 8899 333333333 12716491
k 14 8900 333333333 12717635
k 14 8901 333333333 12714788
k 14 8902 333333333 12711844
k 14 8907 333333333 12712832
k 14 8904 333333333 12713997
k 14 8906 333333333 12717303
k 14 8905 333333333 12717440
k 14 8908 333333333 12714563
k 14 8910 333333333 12710448
k 14 8909 333333333 12713939
k 14 8913 333333333 12713197
k 14 8911 333333333 12712356
k 14 8912 333333333 12713683
k 14 8918 333333333 12713095
k 14 8914 333333333 12710698
k 14 8915 333333333 12712699
k 14 8922 333333333 12711258
k 14 8916 333333333 12712993
k 14 8917 333333333 12707466
k 14 8919 333333333 12713043
k 14 8921 333333333 12713128
k 14 8920 333333333 12713158
k 14 8925 333333333 12706157
k 14 8928 333333333 12714023
k 14 8926 333333333 12711339
k 14 8924 333333333 12711947
k 14 8923 333333333 12710228
k 14 8927 333333333 12713932
k 14 8931 333333333 12712566
k 14 8929 333333333 12711094
k 14 8930 333333333 12706667
k 14 8932 333333333 12711177
k 14 8935 333333333 12707521
k 14 8933 333333333 12709445
k 14 8937 333333333 12715362
k 14 8934 333333333 12706967
k 14 8936 333333333 12710520
k 14 8938 333333333 12708081
k 14 8943 333333333 12710557
k 14 8940 333333333 12715421
k 14 8939 333333333 12715118
k 14 8941 333333333 12709429
k 14 8942 333333333 12709051
k 14 8949 333333333 12708758
k 14 8944 333333333 12708978
k 14 8945 333333333 12705722
k 14 8946 333333333 12713527
k 14 8947 333333333 12710416
k 14 8952 333333333 12704731
k 14 8950 333333333 12707130
k 14 8948 333333333 12706406
k 14 8951 333333333 12707696
k 14 8953 333333333 12709607
k 14 8954 333333333 12706673
k 14 8958 333333333 12709062
k 14 8956 333333333 12707889
k 14 8955 333333333 12710142
k 14 8957 333333333 12706564
k 14 8963 333333333 12704080
k 14 8959 333333333 12710447
k 14 8961 333333333 12704242
k 14 8960 333333333 12706407
k 14 8967 333333333 12711623
k 14 8962 333333333 12709159
k 14 8964 333333333 12706940
k 14 8965 333333333 12704521
k 14 8966 333333333 12705167
k 14 8969 333333333 12710717
k 14 8973 333333333 12709181
k 14 8970 333333333 12707322
k 14 8968 333333333 12705449
k 14 8971 333333333 12709391
k 14 8972 333333333 12705625
k 14 8977 333333333 12709731
k 14 8974 333333333 12705638
k 14 8975 333333333 12706648
k 14 8976 333333333 12710149
k 14 8978 333333333 12704976
k 14 8980 333333333 12702439
k 14 8982 333333333 12707328
k 14 8979 333333333 12706471
k 14 8981 333333333 12714210
k 14 8983 333333333 12704065
k 14 8988 333333333 12703881
k 14 8984 333333333 12707175
k 14 8986 333333333 12705520
k 14 9000 333333333 93
k 14 8985 333333333 12712527
k 14 8987 333333333 12705045
k 14 8994 333333333 12711980
k 14 8989 333333333 12708528
k 14 8990 333333333 12704271
k 14 8991 333333333 12707934
k 14 8992 333333333 12707894
k 14 8995 333333333 12706020
k 14 8993 333333333 12706261
k 14 8997 333333333 12702969
k 14 8996 333333333 12701500
k 14 8998 333333333 12708911
k 14 8999 333333333 12706629
d 14 135780321665
k 15 0 3333333333 127045196
k 15 2 3333333333 127014680
k 15 1 3333333333 127045319
k 15 11 3333333333 126961802
k 15 7 3333333333 126997908
k 15 6 3333333333 126996826
k 15 9 3333333333 126973453
k 15 3 3333333333 127003573
k 15 8 3333333333 126999299
k 15 5 3333333333 127024428
k 15 13 3333333333 126957437
k 15 12 3333333333 126951879
k 15 10 3333333333 126972328
k 15 4 3333333333 127026391
k 15 14 3333333333 126967781
k 15 15 3333333333 126944480
k 15 16 3333333333 126932280
k 15 17 3333333333 126921940
k 15 20 3333333333 126904074
k 15 18 3333333333 126912567
k 15 23 3333333333 126863849
k 15 25 3333333333 126881041
k 15 19 3333333333 126899747
k 15 21 3333333333 126903445
k 15 22 3333333333 126889843
k 15 27 3333333333 126821864
k 15 24 3333333333 126875161
k 15 26 3333333333 126846449
k 15 29 3333333333 126826791
k 15 28 3333333333 126840148
k 15 30 3333333333 126811176
k 15 32 3333333333 126799322
k 15 36 3333333333 126774038
k 15 31 3333333333 126817777
k 15 33 3333333333 126807099
k 15 34 3333333333 126790837
k 15 37 3333333333 126754036
k 15 38 3333333333 126749145
k 15 35 3333333333 126793273
k 15 39 3333333333 126737914
k 15 41 3333333333 126730341
k 15 40 3333333333 126736989
k 15 45 3333333333 126708902
k 15 44 3333333333 126713566
k 15 47 3333333333 126678596
k 15 43 3333333333 126715063
k 15 42 3333333333 126709949
k 15 46 3333333333 126708412
k 15 48 3333333333 126690808
k 15 53 3333333333 126636361
k 15 51 3333333333 126668527
k 15 49 3333333333 126684351
k 15 52 3333333333 126652750
k 15 55 3333333333 126626403
k 15 54 3333333333 126634476
k 15 50 3333333333 126662647
k 15 63 3333333333 126574440
k 15 59 3333333333 126613650
k 15 57 3333333333 126604192
k 15 58 3333333333 126609743
k 15 61 3333333333 126585590
k 15 56 3333333333 126606127
k 15 60 3333333333 126601948
k 15 62 3333333333 126584290
k 15 64 3333333333 126557826
k 15 65 3333333333 126559948
k 15 67 3333333333 126557143
k 15 69 3333333333 126533974
k 15 66 3333333333 126541576
k 15 68 3333333333 126529931
k 15 72 3333333333 126504216
k 15 75 3333333333 126484299
k 15 74 3333333333 126483906
k 15 70 3333333333 126511404
k 15 73 3333333333 126493854
k 15 71 3333333333 126518281
k 15 82 3333333333 126439263
k 15 79 3333333333 126446670
k 15 78 3333333333 126457845
k 15 77 3333333333 126467989
k 15 76 3333333333 126481755
k 15 81 3333333333 126425144
k 15 83 3333333333 126439391
k 15 80 3333333333 126447718
k 15 84 3333333333 126419683
k 15 89 3333333333 126386867
k 15 86 3333333333 126419572
k 15 85 3333333333 126418403
k 15 87 3333333333 126402030
k 15 88 3333333333 126403266
k 15 90 3333333333 126369049
k 15 92 3333333333 126378264
k 15 91 3333333333 126388850
k 15 93 3333333333 126364901
k 15 94 3333333333 126343846
k 15 95 3333333333 126343570
k 15 97 3333333333 126323255
k 15 96 3333333333 126327400
k 15 101 3333333333 126307733
k 15 99 3333333333 126298551
k 15 98 3333333333 126310813
k 15 100 3333333333 126301698
k 15 105 3333333333 126277831
k 15 104 3333333333 126282849
k 15 106 3333333333 126249116
k 15 102 3333333333 126282076
k 15 103 3333333333 126274548
k 15 107 3333333333 126259726
k 15 108 3333333333 126243865
k 15 109 3333333333 126243198
k 15 110 3333333333 126248163
k 15 111 3333333333 126221183
k 15 112 3333333333 126222885
k 15 116 3333333333 126177835
k 15 113 3333333333 126220026
k 15 118 3333333333 126175606
k 15 119 3333333333 126177557
k 15 117 3333333333 126191014
k 15 115 3333333333 126193270
k 15 114 3333333333 126216933
k 15 123 3333333333 126147931
k 15 120 3333333333 126173158
k 15 121 3333333333 126140539
k 15 124 3333333333 126138604
k 15 122 3333333333 126134761
k 15 125 3333333333 126131667
k 15 126 3333333333 126097867
k 15 127 3333333333 126118549
k 15 128 3333333333 126107596
k 15 130 3333333333 126109036
k 15 131 3333333333 126085792
k 15 129 3333333333 126102100
k 15 133 3333333333 126075277
k 15 132 3333333333 126081726
k 15 134 3333333333 126062833
k 15 135 3333333333 126055468
k 15 136 3333333333 126052465
k 15 138 3333333333 126035706
k 15 137 3333333333 126047352
k 15 139 3333333333 126023944
k 15 140 3333333333 126026441
k 15 141 3333333333 126008264
k 15 143 3333333333 125998375
k 15 145 3333333333 125971891
k 15 142 3333333333 126015441
k 15 144 3333333333 125986243
k 15 147 3333333333 125975569
k 15 146 3333333333 125985431
k 15 149 3333333333 125950634
k 15 148 3333333333 125970286
k 15 152 3333333333 125945127
k 15 150 3333333333 125964441
k 15 151 3333333333 125960144
k 15 153 3333333333 125928575
k 15 154 3333333333 125909785
k 15 155 3333333333 125921224
k 15 160 3333333333 125887601
k 15 157 3333333333 125920370
k 15 156 3333333333 125909542
k 15 159 3333333333 125917531
k 15 158 3333333333 125902013
k 15 161 3333333333 125885567
k 15 162 3333333333 125871438
k 15 163 3333333333 125874634
k 15 167 3333333333 125841951
k 15 166 3333333333 125859142
k 15 164 3333333333 125883331
k 15 165 3333333333 125857347
k 15 168 3333333333 125854599
k 15 172 3333333333 125814834
k 15 171 3333333333 125826460
k 15 169 3333333333 125823846
k 15 170 3333333333 125818354
k 15 175 3333333333 125779963
k 15 174 3333333333 125782945
k 15 173 3333333333 125807273
k 15 176 3333333333 125784492
k 15 177 3333333333 125776879
k 15 181 3333333333 125765422
k 15 180 3333333333 125758652
k 15 179 3333333333 125765690
k 15 178 3333333333 125781474
k 15 185 3333333333 125728789
k 15 184 3333333333 125729635
k 15 182 3333333333 125731346
k 15 183 3333333333 125737999
k 15 186 3333333333 125706842
k 15 187 3333333333 125713160
k 15 188 3333333333 125692864
k 15 189 3333333333 125705267
k 15 194 3333333333 125666307
k 15 195 3333333333 125668031
k 15 192 3333333333 125677766
k 15 191 3333333333 125681537
k 15 190 3333333333 125683546
k 15 193 3333333333 125666107
k 15 200 3333333333 125630359
k 15 199 3333333333 125630719
k 15 197 3333333333 125644037
k 15 198 3333333333 125631044
k 15 196 3333333333 125648666
k 15 203 3333333333 125604680
k 15 202 3333333333 125609697
k 15 201 3333333333 125624715
k 15 206 3333333333 125585503
k 15 204 3333333333 125581282
k 15 205 3333333333 125599252
k 15 207 3333333333 125588789
k 15 208 3333333333 125567148
k 15 209 3333333333 125559898
k 15 214 3333333333 125542891
k 15 211 3333333333 125547514
k 15 215 3333333333 125544139
k 15 213 3333333333 125525962
k 15 210 3333333333 125558133
k 15 212 3333333333 125545581
k 15 216 3333333333 125525231
k 15 217 3333333333 125516383
k 15 218 3333333333 125501514
k 15 222 3333333333 125493487
k 15 219 3333333333 125517553
k 15 220 3333333333 125491891
k 15 223 3333333333 125462749
k 15 221 3333333333 125495310
k 15 224 3333333333 125483964
k 15 225 3333333333 125474938
k 15 226 3333333333 125462260
k 15 227 3333333333 125461087
k 15 230 3333333333 125448563
k 15 229 3333333333 125435733
k 15 228 3333333333 125452592
k 15 231 3333333333 125428694
k 15 232 3333333333 125415018
k 15 237 3333333333 125397504
k 15 233 3333333333 125428430
k 15 235 3333333333 125396338
k 15 234 3333333333 125434839
k 15 236 3333333333 125391797
k 15 239 3333333333 125378608
k 15 238 3333333333 125398349
k 15 242 3333333333 125353646
k 15 240 3333333333 125381175
k 15 244 3333333333 125356676
k 15 243 3333333333 125365620
k 15 241 3333333333 125371451
k 15 245 3333333333 125354872
k 15 247 3333333333 125328940
k 15 246 3333333333 125332774
k 15 248 3333333333 125321297
k 15 250 3333333333 125315104
k 15 249 3333333333 125321249
k 15 251 3333333333 125302790
k 15 252 3333333333 125276637
k 15 253 3333333333 125297192
k 15 254 3333333333 125291130
k 15 256 3333333333 125290829
k 15 257 3333333333 125287813
k 15 255 3333333333 125292616
k 15 259 3333333333 125257729
k 15 258 3333333333 125262095
k 15 260 3333333333 125246634
k 15 261 3333333333 125249022
k 15 262 3333333333 125236757
k 15 263 3333333333 125230445
k 15 264 3333333333 125241503
k 15 265 3333333333 125214380
k 15 266 3333333333 125216096
k 15 268 3333333333 125198079
k 15 270 3333333333 125200010
k 15 267 3333333333 125217896
k 15 269 3333333333 125185445
k 15 271 3333333333 125179344
k 15 272 3333333333 125165504
k 15 274 3333333333 125176347
k 15 273 3333333333 125166166
k 15 275 3333333333 125161731
k 15 276 3333333333 125156318
k 15 277 3333333333 125152708
k 15 278 3333333333 125152596
k 15 279 3333333333 125124599
k 15 280 3333333333 125123725
k 15 281 3333333333 125132153
k 15 285 3333333333 125097764
k 15 282 3333333333 125114040
k 15 283 3333333333 125108856
k 15 284 3333333333 125081235
k 15 286 3333333333 125088762
k 15 289 3333333333 125077863
k 15 287 3333333333 125080145
k 15 288 3333333333 125080804
k 15 290 3333333333 125074663
k 15 291 3333333333 125062389
k 15 293 3333333333 125045010
k 15 292 3333333333 125053783
k 15 294 3333333333 125053365
k 15 295 3333333333 125030306
k 15 297 3333333333 125022454
k 15 296 3333333333 125029338
k 15 298 3333333333 125026254
k 15 299 3333333333 125004198
k 15 300 3333333333 125017579
k 15 301 3333333333 124999601
k 15 305 3333333333 124974420
k 15 303 3333333333 125003345
k 15 302 3333333333 124998769
k 15 304 3333333333 124990862
k 15 306 3333333333 124975661
k 15 307 3333333333 124959463
k 15 308 3333333333 124964558
k 15 309 3333333333 124937896
k 15 312 3333333333 124949605
k 15 310 3333333333 124954043
k 15 311 3333333333 124938029
k 15 313 3333333333 124925632
k 15 319 3333333333 124899532
k 15 314 3333333333 124924442
k 15 315 3333333333 124923296
k 15 316 3333333333 124926072
k 15 317 3333333333 124905424
k 15 318 3333333333 124898364
k 15 321 3333333333 124882812
k 15 320 3333333333 124893222
k 15 322 3333333333 124886679
k 15 323 3333333333 124882408
k 15 326 3333333333 124870864
k 15 325 3333333333 124879223
k 15 324 3333333333 124870714
k 15 327 3333333333 124828752
k 15 328 3333333333 124851069
k 15 330 3333333333 124824748
k 15 329 3333333333 124850630
k 15 332 3333333333 124825131
k 15 331 3333333333 124823567
k 15 333 3333333333 124796490
k 15 335 3333333333 124791085
k 15 334 3333333333 124817327
k 15 336 3333333333 124805463
k 15 338 3333333333 124785590
k 15 337 3333333333 124795141
k 15 339 3333333333 124763013
k 15 340 3333333333 124779154
k 15 341 3333333333 124774630
k 15 343 3333333333 124756932
k 15 344 3333333333 124737435
k 15 342 3333333333 124764352
k 15 346 3333333333 124740475
k 15 345 3333333333 124735787
k 15 347 3333333333 124738881
k 15 348 3333333333 124733089
k 15 349 3333333333 124740041
k 15 350 3333333333 124727442
k 15 351 3333333333 124710703
k 15 353 3333333333 124706804
k 15 352 3333333333 124678578
k 15 355 3333333333 124702698
k 15 354 3333333333 124690614
k 15 356 3333333333 124701328
k 15 359 3333333333 124670476
k 15 358 3333333333 124670329
k 15 357 3333333333 124688082
k 15 360 3333333333 124660075
k 15 361 3333333333 124656715
k 15 363 3333333333 124637306
k 15 362 3333333333 124645483
k 15 364 3333333333 124637238
k 15 365 3333333333 124633517
k 15 367 3333333333 124617377
k 15 369 3333333333 124623100
k 15 366 3333333333 124625476
k 15 368 3333333333 124603256
k 15 371 3333333333 124608534
k 15 373 3333333333 124573533
k 15 372 3333333333 124613720
k 15 370 3333333333 124606945
k 15 374 3333333333 124578384
k 15 375 3333333333 124587557
k 15 376 3333333333 124573913
k 15 377 3333333333 124574174
k 15 378 3333333333 124553394
k 15 379 3333333333 124558550
k 15 381 3333333333 124559754
k 15 380 3333333333 124563907
k 15 382 3333333333 124546016
k 15 383 3333333333 124526799
k 15 384 3333333333 124517903
k 15 385 3333333333 124525230
k 15 386 3333333333 124506211
k 15 387 3333333333 124515473
k 15 388 3333333333 124501799
k 15 389 3333333333 124499233
k 15 391 3333333333 124501170
k 15 390 3333333333 124498731
k 15 392 3333333333 124477453
k 15 394 3333333333 124465462
k 15 395 3333333333 124479059
k 15 393 3333333333 124488810
k 15 396 3333333333 124455028
k 15 397 3333333333 124451175
k 15 398 3333333333 124446926
k 15 399 3333333333 124456320
k 15 400 3333333333 124442611
k 15 401 3333333333 124439183
k 15 402 3333333333 124438876
k 15 403 3333333333 124419785
k 15 404 3333333333 124413353
k 15 405 3333333333 124402195
k 15 406 3333333333 124404963
k 15 407 3333333333 124417895
k 15 410 3333333333 124375548
k 15 409 3333333333 124401055
k 15 411 3333333333 124389722
k 15 408 3333333333 124397790
k 15 412 3333333333 124381973
k 15 414 3333333333 124380618
k 15 413 3333333333 124364198
k 15 415 3333333333 124346118
k 15 416 3333333333 124339754
k 15 418 3333333333 124344117
k 15 419 3333333333 124331115
k 15 417 3333333333 124349283
k 15 422 3333333333 124327626
k 15 420 3333333333 124336416
k 15 421 3333333333 124332458
k 15 423 3333333333 124315132
k 15 424 3333333333 124304712
k 15 426 3333333333 124297342
k 15 425 3333333333 124298690
k 15 427 3333333333 124289485
k 15 429 3333333333 124292043
k 15 428 3333333333 124274508
k 15 430 3333333333 124277204
k 15 431 3333333333 124273292
k 15 432 3333333333 124269242
k 15 433 3333333333 124250298
k 15 435 3333333333 124253420
k 15 434 3333333333 124251335
k 15 436 3333333333 124239962
k 15 437 3333333333 124244660
k 15 440 3333333333 124212727
k 15 438 3333333333 124239070
k 15 439 3333333333 124222574
k 15 441 3333333333 124209392
k 15 442 3333333333 124207580
k 15 443 3333333333 124225462
k 15 444 3333333333 124210354
k 15 445 3333333333 124202620
k 15 446 3333333333 124198987
k 15 447 3333333333 124172088
k 15 448 3333333333 124183331
k 15 449 3333333333 124179685
k 15 451 3333333333 124167276
k 15 450 3333333333 124177149
k 15 452 3333333333 124170186
k 15 453 3333333333 124152111
k 15 454 3333333333 124146665
k 15 455 3333333333 124139461
k 15 456 3333333333 124155027
k 15 457 3333333333 124141274
k 15 459 3333333333 124132166
k 15 458 3333333333 124121571
k 15 460 3333333333 124128916
k 15 461 3333333333 124107874
k 15 464 3333333333 124098718
k 15 462 3333333333 124105990
k 15 463 3333333333 124117590
k 15 465 3333333333 124094187
k 15 467 3333333333 124076331
k 15 466 3333333333 124088074
k 15 468 3333333333 124086809
k 15 469 3333333333 124067620
k 15 471 3333333333 124063145
k 15 470 3333333333 124067641
k 15 472 3333333333 124059303
k 15 473 3333333333 124067282
k 15 475 3333333333 124044754
k 15 474 3333333333 124043903
k 15 476 3333333333 124040533
k 15 478 3333333333 124028236
k 15 477 3333333333 124038745
k 15 479 3333333333 124028403
k 15 480 3333333333 124024757
k 15 481 3333333333 124011073
k 15 482 3333333333 124001267
k 15 484 3333333333 124004804
k 15 483 3333333333 123997641
k 15 485 3333333333 123990225
k 15 486 3333333333 123981169
k 15 487 3333333333 123984778
k 15 489 3333333333 123973590
k 15 488 3333333333 123959413
k 15 490 3333333333 123977589
k 15 492 3333333333 123952294
k 15 491 3333333333 123965963
k 15 495 3333333333 123937883
k 15 493 3333333333 123954107
k 15 494 3333333333 123943126
k 15 496 3333333333 123950214
k 15 498 3333333333 123924819
k 15 497 3333333333 123927231
k 15 499 3333333333 123934065
k 15 500 3333333333 123919557
k 15 501 3333333333 123912500
k 15 502 3333333333 123917938
k 15 503 3333333333 123898610
k 15 504 3333333333 123899005
k 15 505 3333333333 123891269
k 15 507 3333333333 123876373
k 15 506 3333333333 123895102
k 15 508 3333333333 123873476
k 15 509 3333333333 123864593
k 15 510 3333333333 123876461
k 15 512 3333333333 123850327
k 15 511 3333333333 123861118
k 15 513 3333333333 123856544
k 15 514 3333333333 123846670
k 15 515 3333333333 123841832
k 15 517 3333333333 123835522
k 15 516 3333333333 123847156
k 15 518 3333333333 123821441
k 15 519 3333333333 123825242
k 15 520 3333333333 123807633
k 15 521 3333333333 123803170
k 15 523 3333333333 123806511
k 15 522 3333333333 123815158
k 15 524 3333333333 123801891
k 15 525 3333333333 123787055
k 15 526 3333333333 123791278
k 15 528 3333333333 123777065
k 15 527 3333333333 123786734
k 15 529 3333333333 123773282
k 15 530 3333333333 123778827
k 15 531 3333333333 123787976
k 15 533 3333333333 123768558
k 15 534 3333333333 123756574
k 15 532 3333333333 123752393
k 15 535 3333333333 123738795
k 15 536 3333333333 123741234
k 15 538 3333333333 123717310
k 15 539 3333333333 123708364
k 15 537 3333333333 123740721
k 15 542 3333333333 123702526
k 15 541 3333333333 123703368
k 15 540 3333333333 123713362
k 15 543 3333333333 123698881
k 15 544 3333333333 123701277
k 15 545 3333333333 123698375
k 15 546 3333333333 123681580
k 15 548 3333333333 123652476
k 15 547 3333333333 123684186
k 15 550 3333333333 123668193
k 15 549 3333333333 123673021
k 15 553 3333333333 123667243
k 15 555 3333333333 123637212
k 15 554 3333333333 123641252
k 15 556 3333333333 123631600
k 15 552 3333333333 123658977
k 15 551 3333333333 123664493
k 15 557 3333333333 123630102
k 15 559 3333333333 123624157
k 15 558 3333333333 123634864
k 15 560 3333333333 123613686
k 15 561 3333333333 123604707
k 15 563 3333333333 123607489
k 15 562 3333333333 123605227
k 15 564 3333333333 123585194
k 15 565 3333333333 123577564
k 15 566 3333333333 123596637
k 15 567 3333333333 123597958
k 15 570 3333333333 123568991
k 15 568 3333333333 123559471
k 15 569 3333333333 123574618
k 15 571 3333333333 123577141
k 15 573 3333333333 123557701
k 15 572 3333333333 123550718
k 15 574 3333333333 123546698
k 15 576 3333333333 123536407
k 15 575 3333333333 123540800
k 15 577 3333333333 123533575
k 15 578 3333333333 123533701
k 15 580 3333333333 123505529
k 15 579 3333333333 123512880
k 15 581 3333333333 123530361
k 15 582 3333333333 123525651
k 15 583 3333333333 123519675
k 15 584 3333333333 123515834
k 15 585 3333333333 123499504
k 15 586 3333333333 123490278
k 15 587 3333333333 123487480
k 15 588 3333333333 123473490
k 15 592 3333333333 123466939
k 15 590 3333333333 123475742
k 15 591 3333333333 123468093
k 15 589 3333333333 123486359
k 15 593 3333333333 123467796
k 15 594 3333333333 123457221
k 15 596 3333333333 123438686
k 15 599 3333333333 123423069
k 15 595 3333333333 123443574
k 15 597 3333333333 123443028
k 15 598 3333333333 123440398
k 15 600 3333333333 123433697
k 15 601 3333333333 123431230
k 15 602 3333333333 123424219
k 15 604 3333333333 123413576
k 15 605 3333333333 123396654
k 15 606 3333333333 123415767
k 15 603 3333333333 123409889
k 15 607 3333333333 123399690
k 15 608 3333333333 123388911
k 15 610 3333333333 123393747
k 15 609 3333333333 123369968
k 15 612 3333333333 123376454
k 15 611 3333333333 123365025
k 15 613 3333333333 123354269
k 15 614 3333333333 123369795
k 15 615 3333333333 123346548
k 15 616 3333333333 123360846
k 15 617 3333333333 123354132
k 15 619 3333333333 123342652
k 15 618 3333333333 123340179
k 15 620 3333333333 123334825
k 15 622 3333333333 123332150
k 15 621 3333333333 123335752
k 15 624 3333333333 123313388
k 15 625 3333333333 123306491
k 15 623 3333333333 123318335
k 15 626 3333333333 123313823
k 15 627 3333333333 123293085
k 15 629 3333333333 123304748
k 15 628 3333333333 123306518
k 15 631 3333333333 123285700
k 15 630 3333333333 123275900
k 15 632 3333333333 123274935
k 15 633 3333333333 123277935
k 15 634 3333333333 123261878
k 15 635 3333333333 123245299
k 15 636 3333333333 123252164
k 15 638 3333333333 123249451
k 15 637 3333333333 123247227
k 15 639 3333333333 123239453
k 15 640 3333333333 123243463
k 15 641 3333333333 123239497
k 15 642 3333333333 123229424
k 15 643 3333333333 123215507
k 15 644 3333333333 123216760
k 15 645 3333333333 123219436
k 15 646 3333333333 123215607
k 15 647 3333333333 123209834
k 15 649 3333333333 123211977
k 15 650 3333333333 123193872
k 15 648 3333333333 123188315
k 15 652 3333333333 123173763
k 15 651 3333333333 123181219
k 15 653 3333333333 123175549
k 15 655 3333333333 123169894
k 15 654 3333333333 123198316
k 15 656 3333333333 123170183
k 15 657 3333333333 123163221
k 15 658 3333333333 123178081
k 15 659 3333333333 123141257
k 15 660 3333333333 123161975
k 15 661 3333333333 123137596
k 15 662 3333333333 123142051
k 15 663 3333333333 123140314
k 15 664 3333333333 123136801
k 15 665 3333333333 123126206
k 15 666 3333333333 123127698
k 15 667 3333333333 123117152
k 15 668 3333333333 123110834
k 15 669 3333333333 123104570
k 15 672 3333333333 123103717
k 15 671 3333333333 123102764
k 15 670 3333333333 123124281
k 15 684 3333333333 123053720
k 15 673 3333333333 123100773
k 15 674 3333333333 123085761
k 15 675 3333333333 123081361
k 15 677 3333333333 123073188
k 15 676 3333333333 123069030
k 15 678 3333333333 123077045
k 15 679 3333333333 123069752
k 15 681 3333333333 123044766
k 15 680 3333333333 123053217
k 15 682 3333333333 123060866
k 15 683 3333333333 123044247
k 15 685 3333333333 123040420
k 15 686 3333333333 123037671
k 15 687 3333333333 123025502
k 15 688 3333333333 123036525
k 15 689 3333333333 123013794
k 15 691 3333333333 123000220
k 15 690 3333333333 123015436
k 15 692 3333333333 123014889
k 15 693 3333333333 122997149
k 15 695 3333333333 122988866
k 15 694 3333333333 123008608
k 15 696 3333333333 122987739
k 15 697 3333333333 122983816
k 15 698 3333333333 122975480
k 15 699 3333333333 122981582
k 15 700 3333333333 122976512
k 15 701 3333333333 122971472
k 15 702 3333333333 122945543
k 15 703 3333333333 122935248
k 15 704 3333333333 122956621
k 15 705 3333333333 122952232
k 15 706 3333333333 122953291
k 15 708 3333333333 122955775
k 15 707 3333333333 122928174
k 15 709 3333333333 122916411
k 15 710 3333333333 122932440
k 15 712 3333333333 122928809
k 15 711 3333333333 122937727
k 15 713 3333333333 122925851
k 15 714 3333333333 122897620
k 15 715 3333333333 122901144
k 15 716 3333333333 122896019
k 15 717 3333333333 122893217
k 15 718 3333333333 122891022
k 15 719 3333333333 122899832
k 15 720 3333333333 122893563
k 15 729 3333333333 122846608
k 15 722 3333333333 122861321
k 15 723 3333333333 122871862
k 15 721 3333333333 122891835
k 15 724 3333333333 122878972
k 15 726 3333333333 122861555
k 15 725 3333333333 122856538
k 15 727 3333333333 122856291
k 15 728 3333333333 122858758
k 15 735 3333333333 122805637
k 15 730 3333333333 122833851
k 15 731 3333333333 122833326
k 15 732 3333333333 122838909
k 15 733 3333333333 122830174
k 15 734 3333333333 122814353
k 15 736 3333333333 122808096
k 15 737 3333333333 122822114
k 15 738 3333333333 122814292
k 15 739 3333333333 122811953
k 15 740 3333333333 122802081
k 15 741 3333333333 122801973
k 15 742 3333333333 122789915
k 15 743 3333333333 122785967
k 15 744 3333333333 122784802
k 15 745 3333333333 122792069
k 15 746 3333333333 122775056
k 15 747 3333333333 122765909
k 15 748 3333333333 122758695
k 15 749 3333333333 122748603
k 15 750 3333333333 122755968
k 15 752 3333333333 122751264
k 15 751 3333333333 122749579
k 15 753 3333333333 122730177
k 15 754 3333333333 122744921
k 15 755 3333333333 122753638
k 15 756 3333333333 122724251
k 15 757 3333333333 122724145
k 15 758 3333333333 122738325
k 15 759 3333333333 122715820
k 15 760 3333333333 122713171
k 15 761 3333333333 122698081
k 15 762 3333333333 122695090
k 15 763 3333333333 122689126
k 15 764 3333333333 122690129
k 15 766 3333333333 122676810
k 15 765 3333333333 122693147
k 15 767 3333333333 122681585
k 15 768 3333333333 122682735
k 15 769 3333333333 122664669
k 15 772 3333333333 122668235
k 15 770 3333333333 122669858
k 15 771 3333333333 122659689
k 15 773 3333333333 122666439
k 15 784 3333333333 122611265
k 15 774 3333333333 122648485
k 15 775 3333333333 122654314
k 15 776 3333333333 122629007
k 15 777 3333333333 122629037
k 15 779 3333333333 122634588
k 15 778 3333333333 122645245
k 15 780 3333333333 122640126
k 15 781 3333333333 122627873
k 15 782 3333333333 122626810
k 15 783 3333333333 122620524
k 15 785 3333333333 122610295
k 15 786 3333333333 122608197
k 15 788 3333333333 122589122
k 15 787 3333333333 122588908
k 15 789 3333333333 122584986
k 15 790 3333333333 122586428
k 15 791 3333333333 122575165
k 15 792 3333333333 122588897
k 15 794 3333333333 122575747
k 15 795 3333333333 122575936
k 15 793 3333333333 122570383
k 15 796 3333333333 122549185
k 15 797 3333333333 122537214
k 15 798 3333333333 122538877
k 15 799 3333333333 122529483
k 15 800 3333333333 122555915
k 15 801 3333333333 122540257
k 15 802 3333333333 122543930
k 15 803 3333333333 122510095
k 15 804 3333333333 122546659
k 15 805 3333333333 122517821
k 15 806 3333333333 122525524
k 15 807 3333333333 122507396
k 15 809 3333333333 122514578
k 15 808 3333333333 122510438
k 15 810 3333333333 122509212
k 15 812 3333333333 122486899
k 15 811 3333333333 122500075
k 15 813 3333333333 122490137
k 15 814 3333333333 122478559
k 15 815 3333333333 122499061
k 15 816 3333333333 122489517
k 15 818 3333333333 122468893
k 15 817 3333333333 122471250
k 15 819 3333333333 122467256
k 15 820 3333333333 122483653
k 15 821 3333333333 122456701
k 15 829 3333333333 122415697
k 15 823 3333333333 122456111
k 15 822 3333333333 122444951
k 15 824 3333333333 122450081
k 15 826 3333333333 122434136
k 15 825 3333333333 122431548
k 15 827 3333333333 122429240
k 15 828 3333333333 122424081
k 15 836 3333333333 122394170
k 15 830 3333333333 122421228
k 15 832 3333333333 122404553
k 15 831 3333333333 122413003
k 15 833 3333333333 122412320
k 15 834 3333333333 122408990
k 15 835 3333333333 122391388
k 15 837 3333333333 122401430
k 15 838 3333333333 122385382
k 15 839 3333333333 122377493
k 15 840 3333333333 122382288
k 15 841 3333333333 122379419
k 15 842 3333333333 122368036
k 15 843 3333333333 122371940
k 15 844 3333333333 122367985
k 15 845 3333333333 122359063
k 15 846 3333333333 122350495
k 15 847 3333333333 122339609
k 15 848 3333333333 122350342
k 15 849 3333333333 122351651
k 15 850 3333333333 122317435
k 15 851 3333333333 122330696
k 15 853 3333333333 122334324
k 15 852 3333333333 122342384
k 15 854 3333333333 122321792
k 15 855 3333333333 122316844
k 15 856 3333333333 122331036
k 15 857 3333333333 122317378
k 15 858 3333333333 122299059
k 15 859 3333333333 122297744
k 15 861 3333333333 122300160
k 15 860 3333333333 122292761
k 15 863 3333333333 122293248
k 15 862 3333333333 122295948
k 15 864 3333333333 122282899
k 15 865 3333333333 122283323
k 15 866 3333333333 122266099
k 15 867 3333333333 122282426
k 15 869 3333333333 122263363
k 15 868 3333333333 122270673
k 15 872 3333333333 122234356
k 15 870 3333333333 122256999
k 15 871 3333333333 122263032
k 15 873 3333333333 122240278
k 15 884 3333333333 122201802
k 15 874 3333333333 122236621
k 15 875 3333333333 122240649
k 15 876 3333333333 122237342
k 15 877 3333333333 122230090
k 15 878 3333333333 122221368
k 15 879 3333333333 122222258
k 15 880 3333333333 122223601
k 15 881 3333333333 122202438
k 15 882 3333333333 122215028
k 15 883 3333333333 122217788
k 15 885 3333333333 122201580
k 15 886 3333333333 122202021
k 15 888 3333333333 122192766
k 15 887 3333333333 122196600
k 15 889 3333333333 122185358
k 15 890 3333333333 122185760
k 15 892 3333333333 122179629
k 15 891 3333333333 122183251
k 15 894 3333333333 122164163
k 15 893 3333333333 122178830
k 15 896 3333333333 122146001
k 15 895 3333333333 122143480
k 15 897 3333333333 122159153
k 15 898 3333333333 122155717
k 15 899 3333333333 122135727
k 15 900 3333333333 122130927
k 15 901 3333333333 122150648
k 15 902 3333333333 122138984
k 15 903 3333333333 122149504
k 15 904 3333333333 122119802
k 15 906 3333333333 122115123
k 15 905 3333333333 122126480
k 15 907 3333333333 122102908
k 15 908 3333333333 122108988
k 15 910 3333333333 122095149
k 15 909 3333333333 122117759
k 15 911 3333333333 122101770
k 15 912 3333333333 122082695
k 15 913 3333333333 122083590
k 15 914 3333333333 122095685
k 15 915 3333333333 122086923
k 15 916 3333333333 122076910
k 15 917 3333333333 122093135
k 15 918 3333333333 122067135
k 15 919 3333333333 122073261
k 15 920 3333333333 122065733
k 15 921 3333333333 122059481
k 15 922 3333333333 122056961
k 15 923 3333333333 122062579
k 15 929 3333333333 122029278
k 15 924 3333333333 122046466
k 15 925 3333333333 122057170
k 15 926 3333333333 122026750
k 15 927 3333333333 122045828
k 15 928 3333333333 122029484
k 15 938 3333333333 121995757
k 15 930 3333333333 122021291
k 15 931 3333333333 122025990
k 15 932 3333333333 122002988
k 15 933 3333333333 122016346
k 15 934 3333333333 122008261
k 15 936 3333333333 121992382
k 15 935 3333333333 122017903
k 15 937 3333333333 122007009
k 15 939 3333333333 121998239
k 15 940 3333333333 121995924
k 15 941 3333333333 121982457
k 15 942 3333333333 121981211
k 15 943 3333333333 121960247
k 15 944 3333333333 121961167
k 15 945 3333333333 121972767
k 15 946 3333333333 121960045
k 15 947 3333333333 121971353
k 15 948 3333333333 121971590
k 15 949 3333333333 121945062
k 15 950 3333333333 121954633
k 15 951 3333333333 121942202
k 15 952 3333333333 121938934
k 15 953 3333333333 121933731
k 15 954 3333333333 121942679
k 15 955 3333333333 121942560
k 15 956 3333333333 121918180
k 15 957 3333333333 121913207
k 15 958 3333333333 121916070
k 15 959 3333333333 121921983
k 15 960 3333333333 121925732
k 15 961 3333333333 121897047
k 15 962 3333333333 121899897
k 15 963 3333333333 121893296
k 15 964 3333333333 121884886
k 15 965 3333333333 121899830
k 15 967 3333333333 121890333
k 15 966 3333333333 121903308
k 15 968 3333333333 121878096
k 15 969 3333333333 121877070
k 15 970 3333333333 121879431
k 15 972 3333333333 121860947
k 15 971 3333333333 121866624
k 15 973 3333333333 121872450
k 15 974 3333333333 121863430
k 15 976 3333333333 121844332
k 15 975 3333333333 121852699
k 15 977 3333333333 121844045
k 15 985 3333333333 121822840
k 15 978 3333333333 121845716
k 15 979 3333333333 121836995
k 15 980 3333333333 121848687
k 15 981 3333333333 121821517
k 15 982 3333333333 121822346
k 15 983 3333333333 121836491
k 15 984 3333333333 121836891
k 15 986 3333333333 121807700
k 15 992 3333333333 121784138
k 15 987 3333333333 121806589
k 15 988 3333333333 121811968
k 15 990 3333333333 121776827
k 15 991 3333333333 121789118
k 15 989 3333333333 121792247
k 15 993 3333333333 121786062
k 15 994 3333333333 121776721
k 15 995 3333333333 121772970
k 15 997 3333333333 121770138
k 15 996 3333333333 121769479
k 15 998 3333333333 121768460
k 15 999 3333333333 121758002
k 15 1000 3333333333 121769198
k 15 1001 3333333333 121742883
k 15 1002 3333333333 121754470
k 15 1004 3333333333 121757012
k 15 1003 3333333333 121754325
k 15 1005 3333333333 121741394
k 15 1006 3333333333 121746167
k 15 1007 3333333333 121736082
k 15 1008 3333333333 121726791
k 15 1010 3333333333 121710114
k 15 1009 3333333333 121739664
k 15 1011 3333333333 121701563
k 15 1012 3333333333 121715852
k 15 1013 3333333333 121723430
k 15 1014 3333333333 121710816
k 15 1015 3333333333 121691523
k 15 1016 3333333333 121699832
k 15 1017 3333333333 121707785
k 15 1018 3333333333 121702042
k 15 1019 3333333333 121683565
k 15 1020 3333333333 121698126
k 15 1021 3333333333 121680306
k 15 1022 3333333333 121683142
k 15 1023 3333333333 121674466
k 15 1025 3333333333 121660423
k 15 1024 3333333333 121686408
k 15 1029 3333333333 121665582
k 15 1026 3333333333 121671256
k 15 1027 3333333333 121649994
k 15 1028 3333333333 121661708
k 15 1040 3333333333 121607128
k 15 1030 3333333333 121656380
k 15 1031 3333333333 121647809
k 15 1033 3333333333 121632670
k 15 1032 3333333333 121633196
k 15 1034 3333333333 121629136
k 15 1035 3333333333 121635962
k 15 1036 3333333333 121622200
k 15 1038 3333333333 121620446
k 15 1037 3333333333 121621147
k 15 1039 3333333333 121627494
k 15 1041 3333333333 121611841
k 15 1042 3333333333 121598987
k 15 1043 3333333333 121592891
k 15 1044 3333333333 121605935
k 15 1045 3333333333 121589296
k 15 1046 3333333333 121603828
k 15 1047 3333333333 121599036
k 15 1048 3333333333 121572042
k 15 1049 3333333333 121586888
k 15 1051 3333333333 121574649
k 15 1050 3333333333 121572448
k 15 1053 3333333333 121573076
k 15 1054 3333333333 121556360
k 15 1052 3333333333 121575509
k 15 1055 3333333333 121561849
k 15 1056 3333333333 121546228
k 15 1057 3333333333 121550249
k 15 1058 3333333333 121545972
k 15 1059 3333333333 121546114
k 15 1060 3333333333 121542180
k 15 1061 3333333333 121533563
k 15 1062 3333333333 121546344
k 15 1063 3333333333 121535519
k 15 1064 3333333333 121528043
k 15 1065 3333333333 121513319
k 15 1067 3333333333 121523088
k 15 1066 3333333333 121523922
k 15 1068 3333333333 121507997
k 15 1069 3333333333 121508668
k 15 1070 3333333333 121510495
k 15 1072 3333333333 121505582
k 15 1071 3333333333 121499123
k 15 1073 3333333333 121488740
k 15 1074 3333333333 121492081
k 15 1075 3333333333 121479992
k 15 1076 3333333333 121496739
k 15 1077 3333333333 121492892
k 15 1078 3333333333 121472783
k 15 1085 3333333333 121462235
k 15 1079 3333333333 121479586
k 15 1082 3333333333 121459669
k 15 1081 3333333333 121464365
k 15 1080 3333333333 121477787
k 15 1084 3333333333 121465341
k 15 1083 3333333333 121463957
k 15 1086 3333333333 121464335
k 15 1093 3333333333 121415706
k 15 1087 3333333333 121446734
k 15 1088 3333333333 121444639
k 15 1090 3333333333 121426948
k 15 1089 3333333333 121413720
k 15 1091 3333333333 121426912
k 15 1092 3333333333 121422254
k 15 1094 3333333333 121416819
k 15 1095 3333333333 121411854
k 15 1097 3333333333 121404390
k 15 1096 3333333333 121421433
k 15 1098 3333333333 121396904
k 15 1099 3333333333 121403304
k 15 1100 3333333333 121416841
k 15 1101 3333333333 121401883
k 15 1102 3333333333 121390630
k 15 1103 3333333333 121387263
k 15 1104 3333333333 121388266
k 15 1105 3333333333 121386331
k 15 1106 3333333333 121379532
k 15 1107 3333333333 121377559
k 15 1108 3333333333 121380205
k 15 1109 3333333333 121370684
k 15 1110 3333333333 121378123
k 15 1111 3333333333 121366932
k 15 1112 3333333333 121360308
k 15 1113 3333333333 121356096
k 15 1114 3333333333 121350697
k 15 1115 3333333333 121335947
k 15 1117 3333333333 121320103
k 15 1116 3333333333 121348560
k 15 1118 3333333333 121341056
k 15 1120 3333333333 121334230
k 15 1119 3333333333 121337115
k 15 1121 3333333333 121325246
k 15 1122 3333333333 121321588
k 15 1125 3333333333 121325547
k 15 1123 3333333333 121334215
k 15 1124 3333333333 121321945
k 15 1129 3333333333 121292647
k 15 1126 3333333333 121318606
k 15 1127 3333333333 121307305
k 15 1128 3333333333 121289873
k 15 1140 3333333333 121256385
k 15 1131 3333333333 121305912
k 15 1130 3333333333 121287801
k 15 1132 3333333333 121287509
k 15 1134 3333333333 121283804
k 15 1133 3333333333 121287216
k 15 1136 3333333333 121286873
k 15 1135 3333333333 121283410
k 15 1137 3333333333 121287347
k 15 1138 3333333333 121256880
k 15 1139 3333333333 121281575
k 15 1142 3333333333 121257120
k 15 1141 3333333333 121253922
k 15 1143 3333333333 121257036
k 15 1144 3333333333 121242499
k 15 1145 3333333333 121255062
k 15 1146 3333333333 121220186
k 15 1147 3333333333 121224342
k 15 1149 3333333333 121226513
k 15 1148 3333333333 121237787
k 15 1150 3333333333 121240219
k 15 1151 3333333333 121223316
k 15 1152 3333333333 121213506
k 15 1153 3333333333 121235316
k 15 1154 3333333333 121220045
k 15 1155 3333333333 121218119
k 15 1156 3333333333 121208026
k 15 1157 3333333333 121197399
k 15 1158 3333333333 121184647
k 15 1159 3333333333 121201020
k 15 1160 3333333333 121186438
k 15 1161 3333333333 121187783
k 15 1162 3333333333 121195238
k 15 1163 3333333333 121199562
k 15 1164 3333333333 121186434
k 15 1165 3333333333 121171497
k 15 1166 3333333333 121165752
k 15 1167 3333333333 121183341
k 15 1168 3333333333 121150447
k 15 1169 3333333333 121161027
k 15 1170 3333333333 121149702
k 15 1171 3333333333 121169875
k 15 1172 3333333333 121152025
k 15 1173 3333333333 121142543
k 15 1174 3333333333 121135198
k 15 1175 3333333333 121147658
k 15 1177 3333333333 121133900
k 15 1176 3333333333 121140111
k 15 1178 3333333333 121129659
k 15 1186 3333333333 121099170
k 15 1179 3333333333 121124312
k 15 1180 3333333333 121128930
k 15 1181 3333333333 121116565
k 15 1182 3333333333 121120911
k 15 1183 3333333333 121111968
k 15 1184 3333333333 121114233
k 15 1185 3333333333 121109722
k 15 1193 3333333333 121078414
k 15 1187 3333333333 121092972
k 15 1188 3333333333 121127661
k 15 1189 3333333333 121084489
k 15 1190 3333333333 121090170
k 15 1191 3333333333 121083600
k 15 1192 3333333333 121087273
k 15 1194 3333333333 121083745
k 15 1196 3333333333 121089912
k 15 1195 3333333333 121086999
k 15 1197 3333333333 121063046
k 15 1198 3333333333 121044526
k 15 1199 3333333333 121057317
k 15 1200 3333333333 121061715
k 15 1201 3333333333 121060875
k 15 1202 3333333333 121054528
k 15 1203 3333333333 121039575
k 15 1204 3333333333 121052210
k 15 1205 3333333333 121043998
k 15 1206 3333333333 121046843
k 15 1207 3333333333 121035171
k 15 1209 3333333333 121035666
k 15 1210 3333333333 121049826
k 15 1208 3333333333 121031149
k 15 1211 3333333333 121031708
k 15 1212 3333333333 121032812
k 15 1213 3333333333 121023869
k 15 1214 3333333333 121021982
k 15 1215 3333333333 121008778
k 15 1216 3333333333 121016022
k 15 1217 3333333333 121008322
k 15 1218 3333333333 121011275
k 15 1220 3333333333 120992927
k 15 1219 3333333333 121008752
k 15 1221 3333333333 120995028
k 15 1222 3333333333 120972000
k 15 1223 3333333333 120976460
k 15 1225 3333333333 120967251
k 15 1224 3333333333 120989305
k 15 1229 3333333333 120959988
k 15 1226 3333333333 120966604
k 15 1227 3333333333 120958427
k 15 1228 3333333333 120959896
k 15 1230 3333333333 120967156
k 15 1231 3333333333 120976186
k 15 1232 3333333333 120942002
k 15 1240 3333333333 120919510
k 15 1233 3333333333 120940819
k 15 1234 3333333333 120941932
k 15 1235 3333333333 120958957
k 15 1236 3333333333 120931030
k 15 1239 3333333333 120932912
k 15 1238 3333333333 120933480
k 15 1237 3333333333 120963006
k 15 1241 3333333333 120929209
k 15 1242 3333333333 120912373
k 15 1243 3333333333 120924406
k 15 1247 3333333333 120900693
k 15 1244 3333333333 120904728
k 15 1246 3333333333 120887587
k 15 1245 3333333333 120933041
k 15 1248 3333333333 120902585
k 15 1249 3333333333 120900151
k 15 1250 3333333333 120895671
k 15 1251 3333333333 120888943
k 15 1252 3333333333 120888990
k 15 1253 3333333333 120892560
k 15 1254 3333333333 120863073
k 15 1255 3333333333 120876885
k 15 1256 3333333333 120882614
k 15 1257 3333333333 120882637
k 15 1258 3333333333 120852502
k 15 1259 3333333333 120879543
k 15 1261 3333333333 120853842
k 15 1260 3333333333 120861852
k 15 1262 3333333333 120849966
k 15 1263 3333333333 120852112
k 15 1264 3333333333 120836404
k 15 1265 3333333333 120841227
k 15 1266 3333333333 120851822
k 15 1267 3333333333 120831311
k 15 1268 3333333333 120840661
k 15 1269 3333333333 120844885
k 15 1270 3333333333 120837947
k 15 1271 3333333333 120815941
k 15 1272 3333333333 120812454
k 15 1273 3333333333 120817634
k 15 1275 3333333333 120810241
k 15 1274 3333333333 120803102
k 15 1276 3333333333 120814861
k 15 1277 3333333333 120802528
k 15 1278 3333333333 120814703
k 15 1279 3333333333 120802586
k 15 1280 3333333333 120792212
k 15 1281 3333333333 120793504
k 15 1282 3333333333 120792540
k 15 1286 3333333333 120773017
k 15 1283 3333333333 120792343
k 15 1284 3333333333 120776699
k 15 1285 3333333333 120785606
k 15 1297 3333333333 120763220
k 15 1287 3333333333 120772519
k 15 1288 3333333333 120766850
k 15 1289 3333333333 120745752
k 15 1290 3333333333 120781858
k 15 1291 3333333333 120757812
k 15 1294 3333333333 120750812
k 15 1293 3333333333 120767284
k 15 1295 3333333333 120748634
k 15 1292 3333333333 120760247
k 15 1296 3333333333 120741630
k 15 1298 3333333333 120731699
k 15 1299 3333333333 120726712
k 15 1300 3333333333 120732917
k 15 1301 3333333333 120725251
k 15 1302 3333333333 120724399
k 15 1304 3333333333 120719736
k 15 1303 3333333333 120731855
k 15 1305 3333333333 120711830
k 15 1306 3333333333 120704815
k 15 1307 3333333333 120691750
k 15 1308 3333333333 120703998
k 15 1309 3333333333 120712327
k 15 1310 3333333333 120704974
k 15 1311 3333333333 120677764
k 15 1312 3333333333 120701728
k 15 1313 3333333333 120695969
k 15 1314 3333333333 120688871
k 15 1315 3333333333 120681599
k 15 1316 3333333333 120697516
k 15 1317 3333333333 120691805
k 15 1319 3333333333 120669918
k 15 1318 3333333333 120673590
k 15 1320 3333333333 120655973
k 15 1321 3333333333 120650503
k 15 1322 3333333333 120671556
k 15 1323 3333333333 120665321
k 15 1324 3333333333 120678042
k 15 1325 3333333333 120648792
k 15 1326 3333333333 120654057
k 15 1329 3333333333 120648182
k 15 1328 3333333333 120653444
k 15 1327 3333333333 120664913
k 15 1331 3333333333 120648063
k 15 1330 3333333333 120660483
k 15 1333 3333333333 120622814
k 15 1332 3333333333 120633640
k 15 1334 3333333333 120615845
k 15 1336 3333333333 120624337
k 15 1341 3333333333 120613245
k 15 1335 3333333333 120622878
k 15 1338 3333333333 120607128
k 15 1337 3333333333 120601626
k 15 1339 3333333333 120601123
k 15 1340 3333333333 120622052
k 15 1342 3333333333 120607944
k 15 1343 3333333333 120590473
k 15 1350 3333333333 120576870
k 15 1345 3333333333 120601342
k 15 1344 3333333333 120600936
k 15 1346 3333333333 120587765
k 15 1347 3333333333 120577031
k 15 1348 3333333333 120575432
k 15 1349 3333333333 120578020
k 15 1351 3333333333 120568956
k 15 1352 3333333333 120574668
k 15 1353 3333333333 120574717
k 15 1354 3333333333 120557775
k 15 1355 3333333333 120570042
k 15 1356 3333333333 120574960
k 15 1357 3333333333 120533904
k 15 1358 3333333333 120556539
k 15 1359 3333333333 120549817
k 15 1361 3333333333 120525769
k 15 1362 3333333333 120550169
k 15 1360 3333333333 120542685
k 15 1363 3333333333 120519991
k 15 1364 3333333333 120545669
k 15 1365 3333333333 120520561
k 15 1366 3333333333 120531934
k 15 1367 3333333333 120520224
k 15 1368 3333333333 120524436
k 15 1369 3333333333 120521145
k 15 1371 3333333333 120505545
k 15 1370 3333333333 120523130
k 15 1372 3333333333 120506079
k 15 1373 3333333333 120498611
k 15 1375 3333333333 120488997
k 15 1376 3333333333 120482537
k 15 1374 3333333333 120510495
k 15 1377 3333333333 120508674
k 15 1378 3333333333 120481847
k 15 1379 3333333333 120493715
k 15 1380 3333333333 120484694
k 15 1381 3333333333 120480048
k 15 1382 3333333333 120468509
k 15 1386 3333333333 120459697
k 15 1383 3333333333 120484626
k 15 1384 3333333333 120473772
k 15 1385 3333333333 120470351
k 15 1387 3333333333 120470624
k 15 1397 3333333333 120437667
k 15 1390 3333333333 120464324
k 15 1389 3333333333 120464664
k 15 1388 3333333333 120459037
k 15 1391 3333333333 120453967
k 15 1392 3333333333 120452993
k 15 1393 3333333333 120447929
k 15 1395 3333333333 120441455
k 15 1394 3333333333 120428972
k 15 1396 3333333333 120431988
k 15 1398 3333333333 120428328
k 15 1399 3333333333 120431437
k 15 1400 3333333333 120431262
k 15 1402 3333333333 120410265
k 15 1404 3333333333 120428901
k 15 1401 3333333333 120441403
k 15 1403 3333333333 120419920
k 15 1405 3333333333 120407640
k 15 1406 3333333333 120402202
k 15 1407 3333333333 120413326
k 15 1408 3333333333 120404242
k 15 1409 3333333333 120393872
k 15 1410 3333333333 120391565
k 15 1411 3333333333 120396781
k 15 1412 3333333333 120390625
k 15 1413 3333333333 120387771
k 15 1414 3333333333 120373073
k 15 1415 3333333333 120380158
k 15 1417 3333333333 120372346
k 15 1416 3333333333 120374355
k 15 1418 3333333333 120361774
k 15 1419 3333333333 120370530
k 15 1420 3333333333 120369707
k 15 1421 3333333333 120355575
k 15 1422 3333333333 120356526
k 15 1423 3333333333 120343695
k 15 1424 3333333333 120357985
k 15 1425 3333333333 120357839
k 15 1426 3333333333 120362900
k 15 1427 3333333333 120334132
k 15 1428 3333333333 120353590
k 15 1429 3333333333 120333965
k 15 1430 3333333333 120329780
k 15 1431 3333333333 120335936
k 15 1433 3333333333 120331377
k 15 1432 3333333333 120325791
k 15 1434 3333333333 120321542
k 15 1435 3333333333 120322998
k 15 1436 3333333333 120320222
k 15 1438 3333333333 120312462
k 15 1437 3333333333 120322603
k 15 1443 3333333333 120285648
k 15 1439 3333333333 120305600
k 15 1440 3333333333 120300531
k 15 1441 3333333333 120305705
k 15 1442 3333333333 120285649
k 15 1453 3333333333 120260602
k 15 1444 3333333333 120292362
k 15 1445 3333333333 120287767
k 15 1446 3333333333 120281659
k 15 1447 3333333333 120284672
k 15 1448 3333333333 120282368
k 15 1449 3333333333 120264601
k 15 1450 3333333333 120267370
k 15 1452 3333333333 120265563
k 15 1451 3333333333 120262802
k 15 1454 3333333333 120270571
k 15 1455 3333333333 120256094
k 15 1456 3333333333 120262037
k 15 1457 3333333333 120252554
k 15 1458 3333333333 120261884
k 15 1459 3333333333 120242528
k 15 1460 3333333333 120239940
k 15 1462 3333333333 120231799
k 15 1461 3333333333 120252163
k 15 1463 3333333333 120241455
k 15 1465 3333333333 120232539
k 15 1466 3333333333 120220988
k 15 1464 3333333333 120237587
k 15 1467 3333333333 120227116
k 15 1468 3333333333 120222367
k 15 1469 3333333333 120214893
k 15 1470 3333333333 120198207
k 15 1471 3333333333 120211852
k 15 1472 3333333333 120210412
k 15 1473 3333333333 120209137
k 15 1474 3333333333 120207546
k 15 1476 3333333333 120200271
k 15 1475 3333333333 120214745
k 15 1477 3333333333 120192172
k 15 1478 3333333333 120186665
k 15 1480 3333333333 120192454
k 15 1479 3333333333 120192690
k 15 1481 3333333333 120187742
k 15 1482 3333333333 120177407
k 15 1486 3333333333 120158378
k 15 1483 3333333333 120191283
k 15 1485 3333333333 120156261
k 15 1484 3333333333 120161753
k 15 1487 3333333333 120174576
k 15 1488 3333333333 120158804
k 15 1490 3333333333 120155559
k 15 1489 3333333333 120159008
k 15 1497 3333333333 120139204
k 15 1491 3333333333 120158600
k 15 1492 3333333333 120134800
k 15 1493 3333333333 120133085
k 15 1494 3333333333 120142843
k 15 1495 3333333333 120136302
k 15 1496 3333333333 120147281
k 15 1498 3333333333 120134789
k 15 1499 3333333333 120131507
k 15 1500 3333333333 120127768
k 15 1505 3333333333 120115631
k 15 1501 3333333333 120132828
k 15 1502 3333333333 120122451
k 15 1504 3333333333 120114253
k 15 1503 3333333333 120134428
k 15 1506 3333333333 120108328
k 15 1508 3333333333 120091420
k 15 1507 3333333333 120114788
k 15 1509 3333333333 120098259
k 15 1510 3333333333 120096096
k 15 1511 3333333333 120096060
k 15 1512 3333333333 120106969
k 15 1513 3333333333 120097700
k 15 1514 3333333333 120095369
k 15 1515 3333333333 120088250
k 15 1516 3333333333 120083872
k 15 1518 3333333333 120069599
k 15 1517 3333333333 120069334
k 15 1519 3333333333 120076309
k 15 1520 3333333333 120062591
k 15 1522 3333333333 120060148
k 15 1521 3333333333 120078729
k 15 1523 3333333333 120049559
k 15 1524 3333333333 120052079
k 15 1525 3333333333 120062429
k 15 1526 3333333333 120036323
k 15 1527 3333333333 120055660
k 15 1528 3333333333 120037622
k 15 1529 3333333333 120050548
k 15 1530 3333333333 120058003
k 15 1531 3333333333 120043158
k 15 1532 3333333333 120037190
k 15 1533 3333333333 120034392
k 15 1534 3333333333 120031838
k 15 1535 3333333333 120016247
k 15 1536 3333333333 120044529
k 15 1537 3333333333 120023424
k 15 1538 3333333333 120014564
k 15 1543 3333333333 120028759
k 15 1539 3333333333 120008848
k 15 1540 3333333333 119989994
k 15 1541 3333333333 120013557
k 15 1542 3333333333 120004468
k 15 1553 3333333333 119973420
k 15 1544 3333333333 120014258
k 15 1545 3333333333 119985178
k 15 1546 3333333333 119986006
k 15 1547 3333333333 120002326
k 15 1548 3333333333 120000938
k 15 1550 3333333333 119986007
k 15 1549 3333333333 119999555
k 15 1551 3333333333 119963690
k 15 1552 3333333333 119962903
k 15 1554 3333333333 119979208
k 15 1555 3333333333 119961098
k 15 1556 3333333333 119966179
k 15 1557 3333333333 119976684
k 15 1558 3333333333 119958269
k 15 1559 3333333333 119954262
k 15 1560 3333333333 119949637
k 15 1561 3333333333 119948960
k 15 1562 3333333333 119950035
k 15 1563 3333333333 119948359
k 15 1564 3333333333 119957807
k 15 1565 3333333333 119927519
k 15 1566 3333333333 119953622
k 15 1567 3333333333 119947726
k 15 1568 3333333333 119941660
k 15 1569 3333333333 119948347
k 15 1570 3333333333 119938389
k 15 1571 3333333333 119909733
k 15 1572 3333333333 119921152
k 15 1573 3333333333 119913356
k 15 1574 3333333333 119905509
k 15 1575 3333333333 119913785
k 15 1576 3333333333 119905995
k 15 1577 3333333333 119887439
k 15 1578 3333333333 119900741
k 15 1579 3333333333 119899645
k 15 1581 3333333333 119894084
k 15 1580 3333333333 119901673
k 15 1582 3333333333 119903327
k 15 1583 3333333333 119893573
k 15 1586 3333333333 119903857
k 15 1584 3333333333 119883338
k 15 1585 3333333333 119888360
k 15 1587 3333333333 119882006
k 15 1588 3333333333 119878768
k 15 1590 3333333333 119886742
k 15 1589 3333333333 119869538
k 15 1592 3333333333 119854882
k 15 1591 3333333333 119871460
k 15 1593 3333333333 119853063
k 15 1598 3333333333 119865854
k 15 1594 3333333333 119854691
k 15 1595 3333333333 119845181
k 15 1596 3333333333 119865189
k 15 1597 3333333333 119850813
k 15 1600 3333333333 119838719
k 15 1599 3333333333 119849068
k 15 1608 3333333333 119839267
k 15 1601 3333333333 119852004
k 15 1604 3333333333 119838611
k 15 1602 3333333333 119832019
k 15 1603 3333333333 119836521
k 15 1605 3333333333 119828516
k 15 1606 3333333333 119821755
k 15 1607 3333333333 119835231
k 15 1609 3333333333 119808181
k 15 1610 3333333333 119809735
k 15 1611 3333333333 119808128
k 15 1612 3333333333 119803579
k 15 1613 3333333333 119797562
k 15 1614 3333333333 119814432
k 15 1615 3333333333 119817290
k 15 1616 3333333333 119800522
k 15 1618 3333333333 119771532
k 15 1617 3333333333 119788710
k 15 1619 3333333333 119798430
k 15 1620 3333333333 119798416
k 15 1622 3333333333 119787130
k 15 1621 3333333333 119788508
k 15 1623 3333333333 119777388
k 15 1624 3333333333 119785565
k 15 1625 3333333333 119778296
k 15 1626 3333333333 119760134
k 15 1628 3333333333 119784922
k 15 1627 3333333333 119768900
k 15 1629 3333333333 119766544
k 15 1630 3333333333 119740018
k 15 1631 3333333333 119757002
k 15 1633 3333333333 119753620
k 15 1632 3333333333 119767467
k 15 1635 3333333333 119745557
k 15 1634 3333333333 119742781
k 15 1636 3333333333 119726282
k 15 1637 3333333333 119750148
k 15 1638 3333333333 119760324
k 15 1639 3333333333 119730487
k 15 1643 3333333333 119729930
k 15 1640 3333333333 119729986
k 15 1642 3333333333 119725447
k 15 1641 3333333333 119722392
k 15 1644 3333333333 119720826
k 15 1654 3333333333 119689055
k 15 1645 3333333333 119720893
k 15 1646 3333333333 119721714
k 15 1647 3333333333 119720689
k 15 1648 3333333333 119706179
k 15 1649 3333333333 119714163
k 15 1650 3333333333 119704762
k 15 1651 3333333333 119708329
k 15 1652 3333333333 119713102
k 15 1653 3333333333 119700656
k 15 1655 3333333333 119689331
k 15 1656 3333333333 119690999
k 15 1657 3333333333 119682964
k 15 1659 3333333333 119701438
k 15 1658 3333333333 119684103
k 15 1660 3333333333 119683951
k 15 1662 3333333333 119658251
k 15 1661 3333333333 119696730
k 15 1663 3333333333 119672021
k 15 1664 3333333333 119660234
k 15 1665 3333333333 119661484
k 15 1666 3333333333 119661080
k 15 1668 3333333333 119671404
k 15 1667 3333333333 119666086
k 15 1669 3333333333 119664960
k 15 1670 3333333333 119644590
k 15 1671 3333333333 119641109
k 15 1672 3333333333 119641314
k 15 1673 3333333333 119660891
k 15 1675 3333333333 119640031
k 15 1674 3333333333 119636034
k 15 1676 3333333333 119630678
k 15 1677 3333333333 119634500
k 15 1678 3333333333 119632666
k 15 1679 3333333333 119622455
k 15 1680 3333333333 119637893
k 15 1682 3333333333 119610928
k 15 1681 3333333333 119633691
k 15 1683 3333333333 119619756
k 15 1684 3333333333 119607232
k 15 1685 3333333333 119624562
k 15 1686 3333333333 119599946
k 15 1687 3333333333 119609815
k 15 1688 3333333333 119604991
k 15 1689 3333333333 119591581
k 15 1690 3333333333 119594765
k 15 1691 3333333333 119585793
k 15 1693 3333333333 119582999
k 15 1692 3333333333 119601532
k 15 1700 3333333333 119575061
k 15 1694 3333333333 119589802
k 15 1696 3333333333 119563289
k 15 1695 3333333333 119608152
k 15 1697 3333333333 119572121
k 15 1699 3333333333 119585027
k 15 1698 3333333333 119567374
k 15 1708 3333333333 119561338
k 15 1701 3333333333 119568429
k 15 1703 3333333333 119560417
k 15 1702 3333333333 119571049
k 15 1704 3333333333 119567180
k 15 1705 3333333333 119557592
k 15 1706 3333333333 119550740
k 15 1707 3333333333 119563053
k 15 1709 3333333333 119559368
k 15 1711 3333333333 119529050
k 15 1710 3333333333 119541044
k 15 1712 3333333333 119540183
k 15 1713 3333333333 119547488
k 15 1714 3333333333 119538576
k 15 1715 3333333333 119539202
k 15 1716 3333333333 119538303
k 15 1717 3333333333 119534737
k 15 1718 3333333333 119532154
k 15 1719 3333333333 119509579
k 15 1720 3333333333 119518578
k 15 1722 3333333333 119516117
k 15 1721 3333333333 119519270
k 15 1723 3333333333 119506189
k 15 1725 3333333333 119506109
k 15 1724 3333333333 119501188
k 15 1726 3333333333 119509503
k 15 1727 3333333333 119476362
k 15 1728 3333333333 119493187
k 15 1729 3333333333 119503245
k 15 1730 3333333333 119492339
k 15 1731 3333333333 119492493
k 15 1732 3333333333 119485855
k 15 1734 3333333333 119482514
k 15 1733 3333333333 119485397
k 15 1735 3333333333 119488963
k 15 1736 3333333333 119467027
k 15 1738 3333333333 119467712
k 15 1737 3333333333 119471689
k 15 1739 3333333333 119469845
k 15 1740 3333333333 119472963
k 15 1741 3333333333 119472032
k 15 1743 3333333333 119475689
k 15 1742 3333333333 119443878
k 15 1745 3333333333 119453224
k 15 1744 3333333333 119457460
k 15 1746 3333333333 119448095
k 15 1747 3333333333 119451646
k 15 1748 3333333333 119449012
k 15 1749 3333333333 119443581
k 15 1750 3333333333 119449309
k 15 1756 3333333333 119416349
k 15 1751 3333333333 119424643
k 15 1752 3333333333 119442526
k 15 1753 3333333333 119420722
k 15 1755 3333333333 119431042
k 15 1754 3333333333 119425744
k 15 1757 3333333333 119409951
k 15 1765 3333333333 119412942
k 15 1758 3333333333 119432922
k 15 1759 3333333333 119427444
k 15 1760 3333333333 119401153
k 15 1761 3333333333 119397082
k 15 1762 3333333333 119392935
k 15 1763 3333333333 119418344
k 15 1764 3333333333 119396761
k 15 1766 3333333333 119378427
k 15 1768 3333333333 119380303
k 15 1767 3333333333 119395193
k 15 1770 3333333333 119388208
k 15 1769 3333333333 119394506
k 15 1771 3333333333 119380731
k 15 1772 3333333333 119376541
k 15 1773 3333333333 119388447
k 15 1774 3333333333 119373039
k 15 1775 3333333333 119369492
k 15 1776 3333333333 119384762
k 15 1777 3333333333 119360931
k 15 1779 3333333333 119358031
k 15 1778 3333333333 119356765
k 15 1780 3333333333 119356172
k 15 1781 3333333333 119364372
k 15 1782 3333333333 119358699
k 15 1783 3333333333 119358648
k 15 1784 3333333333 119348079
k 15 1785 3333333333 119357603
k 15 1786 3333333333 119358415
k 15 1788 3333333333 119349266
k 15 1789 3333333333 119334971
k 15 1787 3333333333 119348085
k 15 1790 3333333333 119349378
k 15 1791 3333333333 119334969
k 15 1792 3333333333 119337826
k 15 1793 3333333333 119325735
k 15 1794 3333333333 119344107
k 15 1795 3333333333 119322680
k 15 1796 3333333333 119305468
k 15 1800 3333333333 119314766
k 15 1797 3333333333 119292113
k 15 1798 3333333333 119311795
k 15 1799 3333333333 119311957
k 15 1801 3333333333 119305171
k 15 1802 3333333333 119310491
k 15 1811 3333333333 119283969
k 15 1803 3333333333 119294164
k 15 1805 3333333333 119297750
k 15 1804 3333333333 119301871
k 15 1807 3333333333 119279473
k 15 1806 3333333333 119294157
k 15 1808 3333333333 119284077
k 15 1809 3333333333 119289584
k 15 1810 3333333333 119298341
k 15 1813 3333333333 119280987
k 15 1812 3333333333 119284406
k 15 1814 3333333333 119266094
k 15 1817 3333333333 119264433
k 15 1815 3333333333 119276531
k 15 1816 3333333333 119270535
k 15 1818 3333333333 119276268
k 15 1819 3333333333 119274275
k 15 1820 3333333333 119263897
k 15 1822 3333333333 119245650
k 15 1821 3333333333 119283903
k 15 1823 3333333333 119241679
k 15 1824 3333333333 119257394
k 15 1825 3333333333 119254603
k 15 1827 3333333333 119248974
k 15 1826 3333333333 119241797
k 15 1828 3333333333 119238668
k 15 1829 3333333333 119239130
k 15 1830 3333333333 119241839
k 15 1831 3333333333 119238124
k 15 1832 3333333333 119227132
k 15 1833 3333333333 119219228
k 15 1834 3333333333 119219868
k 15 1835 3333333333 119228258
k 15 1836 3333333333 119215776
k 15 1837 3333333333 119227650
k 15 1838 3333333333 119212973
k 15 1839 3333333333 119214565
k 15 1840 3333333333 119207550
k 15 1841 3333333333 119217535
k 15 1842 3333333333 119193538
k 15 1843 3333333333 119212863
k 15 1844 3333333333 119184211
k 15 1845 3333333333 119206463
k 15 1846 3333333333 119185509
k 15 1847 3333333333 119195632
k 15 1848 3333333333 119174216
k 15 1849 3333333333 119169972
k 15 1850 3333333333 119189472
k 15 1857 3333333333 119163418
k 15 1851 3333333333 119181284
k 15 1852 3333333333 119175849
k 15 1853 3333333333 119178485
k 15 1854 3333333333 119178170
k 15 1855 3333333333 119186814
k 15 1856 3333333333 119173134
k 15 1858 3333333333 119165343
k 15 1865 3333333333 119140850
k 15 1859 3333333333 119166832
k 15 1860 3333333333 119148025
k 15 1861 3333333333 119134692
k 15 1862 3333333333 119147887
k 15 1863 3333333333 119156808
k 15 1864 3333333333 119152875
k 15 1866 3333333333 119161699
k 15 1867 3333333333 119133005
k 15 1868 3333333333 119132344
k 15 1869 3333333333 119137916
k 15 1870 3333333333 119145465
k 15 1871 3333333333 119136286
k 15 1873 3333333333 119114875
k 15 1872 3333333333 119133609
k 15 1875 3333333333 119117560
k 15 1874 3333333333 119111559
k 15 1876 3333333333 119125682
k 15 1877 3333333333 119112229
k 15 1878 3333333333 119120854
k 15 1879 3333333333 119092204
k 15 1880 3333333333 119116535
k 15 1882 3333333333 119111100
k 15 1881 3333333333 119107288
k 15 1883 3333333333 119107597
k 15 1884 3333333333 119101742
k 15 1885 3333333333 119079092
k 15 1886 3333333333 119082822
k 15 1887 3333333333 119080590
k 15 1888 3333333333 119099328
k 15 1889 3333333333 119100213
k 15 1891 3333333333 119075323
k 15 1890 3333333333 119081076
k 15 1892 3333333333 119069835
k 15 1893 3333333333 119058622
k 15 1894 3333333333 119063732
k 15 1895 3333333333 119075195
k 15 1896 3333333333 119082301
k 15 1898 3333333333 119056006
k 15 1897 3333333333 119074075
k 15 1899 3333333333 119064087
k 15 1900 3333333333 119064206
k 15 1901 3333333333 119063663
k 15 1902 3333333333 119043288
k 15 1903 3333333333 119051612
k 15 1904 3333333333 119032637
k 15 1905 3333333333 119052481
k 15 1906 3333333333 119043127
k 15 1907 3333333333 119031052
k 15 1914 3333333333 119025279
k 15 1908 3333333333 119038836
k 15 1909 3333333333 119036373
k 15 1910 3333333333 119027867
k 15 1912 3333333333 119038823
k 15 1913 3333333333 119022169
k 15 1911 3333333333 119034414
k 15 1922 3333333333 119004098
k 15 1915 3333333333 119025311
k 15 1916 3333333333 119019091
k 15 1917 3333333333 119014710
k 15 1918 3333333333 119026174
k 15 1919 3333333333 119010940
k 15 1920 3333333333 119010476
k 15 1921 3333333333 119019333
k 15 1923 3333333333 119016112
k 15 1924 3333333333 119001189
k 15 1925 3333333333 118995179
k 15 1926 3333333333 118998686
k 15 1928 3333333333 118994586
k 15 1927 3333333333 118998471
k 15 1929 3333333333 118989352
k 15 1931 3333333333 118997660
k 15 1930 3333333333 118992999
k 15 1932 3333333333 118984392
k 15 1933 3333333333 118968891
k 15 1934 3333333333 118977917
k 15 1935 3333333333 118966734
k 15 1936 3333333333 118969123
k 15 1937 3333333333 118965954
k 15 1938 3333333333 118969396
k 15 1939 3333333333 118959429
k 15 1941 3333333333 118959304
k 15 1940 3333333333 118952236
k 15 1942 3333333333 118956739
k 15 1943 3333333333 118968280
k 15 1944 3333333333 118955371
k 15 1945 3333333333 118946065
k 15 1946 3333333333 118960882
k 15 1947 3333333333 118934945
k 15 1948 3333333333 118942928
k 15 1949 3333333333 118948924
k 15 1950 3333333333 118924306
k 15 1951 3333333333 118925786
k 15 1952 3333333333 118940537
k 15 1953 3333333333 118930393
k 15 1957 3333333333 118925667
k 15 1954 3333333333 118923141
k 15 1955 3333333333 118923437
k 15 1956 3333333333 118926215
k 15 1959 3333333333 118917486
k 15 1958 3333333333 118925373
k 15 1960 3333333333 118910192
k 15 1961 3333333333 118905201
k 15 1968 3333333333 118909861
k 15 1962 3333333333 118891933
k 15 1963 3333333333 118905223
k 15 1964 3333333333 118893949
k 15 1965 3333333333 118899627
k 15 1966 3333333333 118899350
k 15 1967 3333333333 118912410
k 15 1969 3333333333 118884749
k 15 1970 3333333333 118897879
k 15 1971 3333333333 118890418
k 15 1976 3333333333 118876686
k 15 1973 3333333333 118881020
k 15 1972 3333333333 118868264
k 15 1974 3333333333 118869217
k 15 1975 3333333333 118878007
k 15 1977 3333333333 118886469
k 15 1978 3333333333 118866639
k 15 1979 3333333333 118859973
k 15 1980 3333333333 118883895
k 15 1981 3333333333 118873469
k 15 1982 3333333333 118867605
k 15 1983 3333333333 118873174
k 15 1984 3333333333 118866081
k 15 1985 3333333333 118847980
k 15 1986 3333333333 118856627
k 15 1987 3333333333 118855758
k 15 1988 3333333333 118842754
k 15 1989 3333333333 118838858
k 15 1990 3333333333 118851741
k 15 1991 3333333333 118838904
k 15 1992 3333333333 118835351
k 15 1993 3333333333 118843928
k 15 1994 3333333333 118824930
k 15 1995 3333333333 118830754
k 15 1996 3333333333 118828259
k 15 1997 3333333333 118822542
k 15 1999 3333333333 118820068
k 15 1998 3333333333 118821240
k 15 2000 3333333333 118810511
k 15 2002 3333333333 118810924
k 15 2001 3333333333 118813477
k 15 2003 3333333333 118807893
k 15 2004 3333333333 118808226
k 15 2005 3333333333 118813250
k 15 2006 3333333333 118793535
k 15 2007 3333333333 118792617
k 15 2008 3333333333 118794257
k 15 2014 3333333333 118783596
k 15 2009 3333333333 118797189
k 15 2010 3333333333 118794828
k 15 2011 3333333333 118790920
k 15 2013 3333333333 118784114
k 15 2012 3333333333 118784225
k 15 2023 3333333333 118755092
k 15 2015 3333333333 118781423
k 15 2016 3333333333 118784052
k 15 2017 3333333333 118779045
k 15 2018 3333333333 118760857
k 15 2020 3333333333 118765294
k 15 2019 3333333333 118755556
k 15 2021 3333333333 118771314
k 15 2022 3333333333 118772251
k 15 2024 3333333333 118748415
k 15 2025 3333333333 118752285
k 15 2026 3333333333 118758209
k 15 2028 3333333333 118749839
k 15 2027 3333333333 118758100
k 15 2029 3333333333 118742789
k 15 2030 3333333333 118733181
k 15 2033 3333333333 118739396
k 15 2031 3333333333 118728498
k 15 2032 3333333333 118745782
k 15 2034 3333333333 118741583
k 15 2035 3333333333 118736581
k 15 2036 3333333333 118747095
k 15 2037 3333333333 118736743
k 15 2038 3333333333 118722706
k 15 2039 3333333333 118720681
k 15 2040 3333333333 118720597
k 15 2041 3333333333 118731139
k 15 2042 3333333333 118722326
k 15 2043 3333333333 118714499
k 15 2045 3333333333 118712783
k 15 2044 3333333333 118731470
k 15 2046 3333333333 118710043
k 15 2047 3333333333 118714484
k 15 2049 3333333333 118706589
k 15 2048 3333333333 118700776
k 15 2050 3333333333 118710367
k 15 2051 3333333333 118699752
k 15 2052 3333333333 118688273
k 15 2053 3333333333 118684945
k 15 2054 3333333333 118691811
k 15 2057 3333333333 118678702
k 15 2056 3333333333 118682810
k 15 2055 3333333333 118690696
k 15 2058 3333333333 118684427
k 15 2060 3333333333 118682078
k 15 2059 3333333333 118685913
k 15 2061 3333333333 118692195
k 15 2062 3333333333 118650162
k 15 2063 3333333333 118689487
k 15 2064 3333333333 118673742
k 15 2069 3333333333 118655625
k 15 2065 3333333333 118677747
k 15 2066 3333333333 118670291
k 15 2068 3333333333 118666757
k 15 2067 3333333333 118659276
k 15 2070 3333333333 118638762
k 15 2071 3333333333 118646760
k 15 2079 3333333333 118630315
k 15 2072 3333333333 118650570
k 15 2074 3333333333 118650819
k 15 2073 3333333333 118643792
k 15 2075 3333333333 118627612
k 15 2076 3333333333 118630857
k 15 2078 3333333333 118656799
k 15 2077 3333333333 118640411
k 15 2080 3333333333 118636591
k 15 2081 3333333333 118615503
k 15 2082 3333333333 118628036
k 15 2083 3333333333 118622433
k 15 2085 3333333333 118618363
k 15 2084 3333333333 118618455
k 15 2086 3333333333 118609493
k 15 2087 3333333333 118619815
k 15 2088 3333333333 118607529
k 15 2090 3333333333 118591717
k 15 2089 3333333333 118614265
k 15 2091 3333333333 118607857
k 15 2092 3333333333 118605929
k 15 2093 3333333333 118614328
k 15 2094 3333333333 118580929
k 15 2095 3333333333 118589689
k 15 2097 3333333333 118579012
k 15 2096 3333333333 118604322
k 15 2098 3333333333 118594598
k 15 2099 3333333333 118593365
k 15 2100 3333333333 118587638
k 15 2101 3333333333 118584912
k 15 2102 3333333333 118583654
k 15 2103 3333333333 118573715
k 15 2104 3333333333 118563282
k 15 2105 3333333333 118569174
k 15 2107 3333333333 118591465
k 15 2106 3333333333 118568967
k 15 2108 3333333333 118559379
k 15 2109 3333333333 118572175
k 15 2114 3333333333 118560473
k 15 2110 3333333333 118556878
k 15 2111 3333333333 118560445
k 15 2113 3333333333 118547987
k 15 2112 3333333333 118548686
k 15 2115 3333333333 118555364
k 15 2116 3333333333 118550489
k 15 2117 3333333333 118536973
k 15 2118 3333333333 118540085
k 15 2124 3333333333 118506144
k 15 2119 3333333333 118530391
k 15 2120 3333333333 118520867
k 15 2121 3333333333 118537365
k 15 2122 3333333333 118522796
k 15 2123 3333333333 118538771
k 15 2125 3333333333 118534827
k 15 2126 3333333333 118519998
k 15 2128 3333333333 118531642
k 15 2127 3333333333 118524685
k 15 2133 3333333333 118498729
k 15 2129 3333333333 118517039
k 15 2131 3333333333 118515879
k 15 2130 3333333333 118498261
k 15 2132 3333333333 118510205
k 15 2134 3333333333 118515246
k 15 2135 3333333333 118518288
k 15 2136 3333333333 118499110
k 15 2137 3333333333 118511155
k 15 2138 3333333333 118483141
k 15 2139 3333333333 118503092
k 15 2140 3333333333 118485992
k 15 2142 3333333333 118495080
k 15 2141 3333333333 118497847
k 15 2143 3333333333 118491241
k 15 2144 3333333333 118489110
k 15 2145 3333333333 118480009
k 15 2147 3333333333 118467132
k 15 2146 3333333333 118494222
k 15 2149 3333333333 118461474
k 15 2148 3333333333 118487819
k 15 2150 3333333333 118467188
k 15 2151 3333333333 118477681
k 15 2152 3333333333 118479214
k 15 2153 3333333333 118471105
k 15 2154 3333333333 118449850
k 15 2155 3333333333 118455919
k 15 2156 3333333333 118458394
k 15 2157 3333333333 118457312
k 15 2158 3333333333 118434477
k 15 2159 3333333333 118460231
k 15 2161 3333333333 118427802
k 15 2160 3333333333 118449668
k 15 2163 3333333333 118432913
k 15 2164 3333333333 118444931
k 15 2162 3333333333 118436643
k 15 2165 3333333333 118439494
k 15 2171 3333333333 118417029
k 15 2166 3333333333 118431746
k 15 2167 3333333333 118420194
k 15 2168 3333333333 118433276
k 15 2169 3333333333 118435706
k 15 2170 3333333333 118425703
k 15 2172 3333333333 118432052
k 15 2180 3333333333 118407548
k 15 2173 3333333333 118429486
k 15 2174 3333333333 118417860
k 15 2175 3333333333 118418175
k 15 2177 3333333333 118397489
k 15 2178 3333333333 118411826
k 15 2176 3333333333 118411379
k 15 2179 3333333333 118395477
k 15 2181 3333333333 118403133
k 15 2182 3333333333 118391476
k 15 2183 3333333333 118381706
k 15 2184 3333333333 118408644
k 15 2185 3333333333 118398577
k 15 2187 3333333333 118382289
k 15 2186 3333333333 118394524
k 15 2189 3333333333 118384343
k 15 2188 3333333333 118380330
k 15 2190 3333333333 118406000
k 15 2191 3333333333 118373238
k 15 2192 3333333333 118380653
k 15 2193 3333333333 118348606
k 15 2194 3333333333 118371522
k 15 2195 3333333333 118382389
k 15 2197 3333333333 118374344
k 15 2198 3333333333 118354345
k 15 2196 3333333333 118358098
k 15 2199 3333333333 118367442
k 15 2200 3333333333 118358109
k 15 2201 3333333333 118357853
k 15 2202 3333333333 118374136
k 15 2203 3333333333 118348400
k 15 2204 3333333333 118348794
k 15 2206 3333333333 118357990
k 15 2205 3333333333 118342055
k 15 2207 3333333333 118343067
k 15 2208 3333333333 118335843
k 15 2209 3333333333 118333387
k 15 2211 3333333333 118326052
k 15 2210 3333333333 118338679
k 15 2212 3333333333 118342298
k 15 2214 3333333333 118317447
k 15 2213 3333333333 118326411
k 15 2215 3333333333 118336032
k 15 2216 3333333333 118308612
k 15 2217 3333333333 118327506
k 15 2218 3333333333 118325619
k 15 2219 3333333333 118314129
k 15 2220 3333333333 118303914
k 15 2221 3333333333 118305415
k 15 2227 3333333333 118297136
k 15 2222 3333333333 118313153
k 15 2223 3333333333 118310664
k 15 2224 3333333333 118313629
k 15 2226 3333333333 118290651
k 15 2225 3333333333 118282733
k 15 2228 3333333333 118294315
k 15 2236 3333333333 118273043
k 15 2229 3333333333 118305181
k 15 2230 3333333333 118299653
k 15 2231 3333333333 118295152
k 15 2232 3333333333 118294209
k 15 2233 3333333333 118279688
k 15 2234 3333333333 118293301
k 15 2235 3333333333 118278524
k 15 2237 3333333333 118286773
k 15 2238 3333333333 118268184
k 15 2239 3333333333 118279507
k 15 2240 3333333333 118272853
k 15 2241 3333333333 118274124
k 15 2242 3333333333 118263769
k 15 2243 3333333333 118267180
k 15 2244 3333333333 118262038
k 15 2245 3333333333 118256069
k 15 2246 3333333333 118263283
k 15 2247 3333333333 118258187
k 15 2248 3333333333 118270217
k 15 2249 3333333333 118262282
k 15 2250 3333333333 118260210
k 15 2251 3333333333 118246066
k 15 2252 3333333333 118243682
k 15 2253 3333333333 118237908
k 15 2255 3333333333 118227596
k 15 2254 3333333333 118238645
k 15 2256 3333333333 118244103
k 15 2257 3333333333 118227501
k 15 2258 3333333333 118223152
k 15 2259 3333333333 118222879
k 15 2260 3333333333 118232144
k 15 2261 3333333333 118213682
k 15 2262 3333333333 118226620
k 15 2264 3333333333 118206873
k 15 2263 3333333333 118197060
k 15 2265 3333333333 118201069
k 15 2266 3333333333 118215483
k 15 2271 3333333333 118206884
k 15 2267 3333333333 118212445
k 15 2268 3333333333 118213746
k 15 2269 3333333333 118213394
k 15 2270 3333333333 118207973
k 15 2272 3333333333 118212964
k 15 2273 3333333333 118185228
k 15 2281 3333333333 118176918
k 15 2274 3333333333 118181907
k 15 2275 3333333333 118199793
k 15 2276 3333333333 118202945
k 15 2277 3333333333 118183643
k 15 2278 3333333333 118191141
k 15 2279 3333333333 118181081
k 15 2280 3333333333 118178737
k 15 2282 3333333333 118181960
k 15 2283 3333333333 118170512
k 15 2284 3333333333 118173544
k 15 2285 3333333333 118173669
k 15 2288 3333333333 118169585
k 15 2286 3333333333 118145832
k 15 2287 3333333333 118167988
k 15 2289 3333333333 118177272
k 15 2290 3333333333 118170006
k 15 2291 3333333333 118151297
k 15 2292 3333333333 118166320
k 15 2293 3333333333 118159397
k 15 2294 3333333333 118170409
k 15 2295 3333333333 118148483
k 15 2296 3333333333 118151707
k 15 2297 3333333333 118159907
k 15 2298 3333333333 118145704
k 15 2299 3333333333 118146945
k 15 2300 3333333333 118134869
k 15 2301 3333333333 118141421
k 15 2302 3333333333 118122092
k 15 2303 3333333333 118131181
k 15 2304 3333333333 118114439
k 15 2305 3333333333 118139798
k 15 2306 3333333333 118127157
k 15 2307 3333333333 118124715
k 15 2308 3333333333 118118734
k 15 2309 3333333333 118116269
k 15 2310 3333333333 118123542
k 15 2311 3333333333 118119002
k 15 2312 3333333333 118121202
k 15 2313 3333333333 118112459
k 15 2314 3333333333 118108854
k 15 2315 3333333333 118108274
k 15 2316 3333333333 118104148
k 15 2317 3333333333 118109708
k 15 2318 3333333333 118103814
k 15 2319 3333333333 118102604
k 15 2320 3333333333 118093556
k 15 2321 3333333333 118088593
k 15 2328 3333333333 118084873
k 15 2322 3333333333 118071410
k 15 2323 3333333333 118093325
k 15 2324 3333333333 118085155
k 15 2325 3333333333 118086324
k 15 2327 3333333333 118079606
k 15 2326 3333333333 118092659
k 15 2329 3333333333 118087500
k 15 2336 3333333333 118058384
k 15 2330 3333333333 118074752
k 15 2331 3333333333 118089040
k 15 2332 3333333333 118069275
k 15 2333 3333333333 118056618
k 15 2334 3333333333 118072323
k 15 2335 3333333333 118072226
k 15 2337 3333333333 118060329
k 15 2338 3333333333 118076276
k 15 2340 3333333333 118050652
k 15 2339 3333333333 118062187
k 15 2341 3333333333 118044642
k 15 2342 3333333333 118029731
k 15 2344 3333333333 118027679
k 15 2343 3333333333 118043106
k 15 2345 3333333333 118040014
k 15 2346 3333333333 118060609
k 15 2348 3333333333 118055195
k 15 2347 3333333333 118025567
k 15 2349 3333333333 118027273
k 15 2350 3333333333 118037103
k 15 2351 3333333333 118036838
k 15 2352 3333333333 118049914
k 15 2353 3333333333 118037339
k 15 2356 3333333333 118026347
k 15 2354 3333333333 118023679
k 15 2355 3333333333 118025631
k 15 2357 3333333333 118029177
k 15 2358 3333333333 118028238
k 15 2359 3333333333 118016987
k 15 2360 3333333333 118033794
k 15 2361 3333333333 118002914
k 15 2362 3333333333 118008589
k 15 2363 3333333333 118001092
k 15 2364 3333333333 118022128
k 15 2365 3333333333 118011381
k 15 2366 3333333333 118011784
k 15 2371 3333333333 117981446
k 15 2367 3333333333 118001798
k 15 2368 3333333333 118005132
k 15 2369 3333333333 117997401
k 15 2370 3333333333 117997025
k 15 2372 3333333333 117985561
k 15 2373 3333333333 117975463
k 15 2374 3333333333 117968070
k 15 2381 3333333333 117977325
k 15 2375 3333333333 117977958
k 15 2376 3333333333 117979244
k 15 2378 3333333333 117975330
k 15 2377 3333333333 117984095
k 15 2379 3333333333 117986119
k 15 2380 3333333333 117977549
k 15 2382 3333333333 117955600
k 15 2384 3333333333 117977484
k 15 2383 3333333333 117974012
k 15 2385 3333333333 117964218
k 15 2389 3333333333 117961999
k 15 2386 3333333333 117971825
k 15 2387 3333333333 117958828
k 15 2388 3333333333 117959779
k 15 2390 3333333333 117940528
k 15 2391 3333333333 117930774
k 15 2392 3333333333 117942217
k 15 2393 3333333333 117959113
k 15 2395 3333333333 117935646
k 15 2394 3333333333 117933535
k 15 2397 3333333333 117936000
k 15 2398 3333333333 117928172
k 15 2396 3333333333 117940284
k 15 2399 3333333333 117937415
k 15 2400 3333333333 117949869
k 15 2401 3333333333 117937715
k 15 2402 3333333333 117930135
k 15 2403 3333333333 117907271
k 15 2405 3333333333 117928646
k 15 2404 3333333333 117915586
k 15 2407 3333333333 117913981
k 15 2406 3333333333 117918232
k 15 2409 3333333333 117915313
k 15 2408 3333333333 117897571
k 15 2412 3333333333 117886176
k 15 2410 3333333333 117911186
k 15 2411 3333333333 117909120
k 15 2413 3333333333 117892865
k 15 2414 3333333333 117906657
k 15 2415 3333333333 117895019
k 15 2416 3333333333 117886165
k 15 2417 3333333333 117889732
k 15 2418 3333333333 117892720
k 15 2419 3333333333 117891166
k 15 2420 3333333333 117888330
k 15 2421 3333333333 117903783
k 15 2422 3333333333 117884344
k 15 2423 3333333333 117883814
k 15 2428 3333333333 117859465
k 15 2425 3333333333 117884884
k 15 2424 3333333333 117874639
k 15 2427 3333333333 117870850
k 15 2426 3333333333 117884671
k 15 2429 3333333333 117869292
k 15 2430 3333333333 117873789
k 15 2438 3333333333 117846325
k 15 2431 3333333333 117881989
k 15 2432 3333333333 117875747
k 15 2433 3333333333 117870343
k 15 2434 3333333333 117849435
k 15 2435 3333333333 117872374
k 15 2436 3333333333 117844640
k 15 2437 3333333333 117851838
k 15 2439 3333333333 117862850
k 15 2440 3333333333 117853515
k 15 2441 3333333333 117847802
k 15 2442 3333333333 117831542
k 15 2445 3333333333 117830520
k 15 2443 3333333333 117829652
k 15 2444 3333333333 117848219
k 15 2446 3333333333 117837020
k 15 2448 3333333333 117818082
k 15 2449 3333333333 117840797
k 15 2447 3333333333 117840994
k 15 2450 3333333333 117829065
k 15 2451 3333333333 117830345
k 15 2452 3333333333 117824325
k 15 2453 3333333333 117824363
k 15 2454 3333333333 117815896
k 15 2455 3333333333 117817536
k 15 2456 3333333333 117817317
k 15 2457 3333333333 117812889
k 15 2458 3333333333 117798854
k 15 2459 3333333333 117812037
k 15 2460 3333333333 117794553
k 15 2461 3333333333 117807211
k 15 2462 3333333333 117801577
k 15 2463 3333333333 117798035
k 15 2464 3333333333 117801405
k 15 2465 3333333333 117806815
k 15 2466 3333333333 117783050
k 15 2467 3333333333 117802408
k 15 2468 3333333333 117796904
k 15 2471 3333333333 117798138
k 15 2469 3333333333 117792352
k 15 2470 3333333333 117775804
k 15 2472 3333333333 117786045
k 15 2473 3333333333 117795139
k 15 2474 3333333333 117769641
k 15 2475 3333333333 117781451
k 15 2476 3333333333 117771664
k 15 2477 3333333333 117762229
k 15 2483 3333333333 117780017
k 15 2478 3333333333 117777398
k 15 2479 3333333333 117766330
k 15 2480 3333333333 117754182
k 15 2481 3333333333 117765759
k 15 2482 3333333333 117758536
k 15 2484 3333333333 117773787
k 15 2485 3333333333 117754145
k 15 2492 3333333333 117743559
k 15 2486 3333333333 117752446
k 15 2487 3333333333 117750994
k 15 2488 3333333333 117738199
k 15 2490 3333333333 117746718
k 15 2489 3333333333 117754482
k 15 2491 3333333333 117748109
k 15 2493 3333333333 117745079
k 15 2495 3333333333 117726416
k 15 2494 3333333333 117746840
k 15 2496 3333333333 117736661
k 15 2497 3333333333 117725710
k 15 2498 3333333333 117748126
k 15 2499 3333333333 117729524
k 15 2500 3333333333 117714452
k 15 2501 3333333333 117725137
k 15 2502 3333333333 117722308
k 15 2503 3333333333 117714514
k 15 2504 3333333333 117718148
k 15 2505 3333333333 117695556
k 15 2506 3333333333 117725859
k 15 2507 3333333333 117696006
k 15 2508 3333333333 117712074
k 15 2509 3333333333 117707412
k 15 2510 3333333333 117708922
k 15 2511 3333333333 117693634
k 15 2512 3333333333 117693894
k 15 2513 3333333333 117707266
k 15 2514 3333333333 117688314
k 15 2515 3333333333 117685437
k 15 2516 3333333333 117707174
k 15 2517 3333333333 117724278
k 15 2520 3333333333 117701139
k 15 2518 3333333333 117695285
k 15 2519 3333333333 117691317
k 15 2521 3333333333 117688959
k 15 2522 3333333333 117687187
k 15 2523 3333333333 117672913
k 15 2528 3333333333 117683325
k 15 2524 3333333333 117674065
k 15 2525 3333333333 117684839
k 15 2526 3333333333 117677764
k 15 2527 3333333333 117662768
k 15 2529 3333333333 117660803
k 15 2530 3333333333 117674944
k 15 2531 3333333333 117662878
k 15 2538 3333333333 117641625
k 15 2534 3333333333 117658281
k 15 2532 3333333333 117655379
k 15 2533 3333333333 117663261
k 15 2535 3333333333 117647141
k 15 2536 3333333333 117656581
k 15 2537 3333333333 117650924
k 15 2539 3333333333 117645493
k 15 2540 3333333333 117636441
k 15 2542 3333333333 117642965
k 15 2541 3333333333 117650921
k 15 2546 3333333333 117640143
k 15 2543 3333333333 117639244
k 15 2544 3333333333 117633444
k 15 2545 3333333333 117635888
k 15 2547 3333333333 117646240
k 15 2549 3333333333 117628579
k 15 2548 3333333333 117644396
k 15 2550 3333333333 117629967
k 15 2551 3333333333 117624632
k 15 2552 3333333333 117635984
k 15 2553 3333333333 117612543
k 15 2556 3333333333 117609789
k 15 2554 3333333333 117618286
k 15 2555 3333333333 117610904
k 15 2557 3333333333 117626213
k 15 2558 3333333333 117611227
k 15 2559 3333333333 117623244
k 15 2560 3333333333 117605625
k 15 2561 3333333333 117602326
k 15 2562 3333333333 117626374
k 15 2563 3333333333 117601821
k 15 2564 3333333333 117616871
k 15 2565 3333333333 117605181
k 15 2566 3333333333 117593832
k 15 2567 3333333333 117598256
k 15 2569 3333333333 117576299
k 15 2568 3333333333 117584631
k 15 2571 3333333333 117590360
k 15 2570 3333333333 117582563
k 15 2572 3333333333 117609259
k 15 2573 3333333333 117577951
k 15 2574 3333333333 117588569
k 15 2577 3333333333 117579970
k 15 2576 3333333333 117578109
k 15 2575 3333333333 117580408
k 15 2578 3333333333 117573790
k 15 2579 3333333333 117555805
k 15 2584 3333333333 117545832
k 15 2580 3333333333 117569709
k 15 2581 3333333333 117560942
k 15 2582 3333333333 117551895
k 15 2583 3333333333 117547620
k 15 2585 3333333333 117547333
k 15 2586 3333333333 117551823
k 15 2587 3333333333 117544551
k 15 2594 3333333333 117539020
k 15 2588 3333333333 117555909
k 15 2589 3333333333 117545151
k 15 2591 3333333333 117553727
k 15 2590 3333333333 117544759
k 15 2592 3333333333 117548270
k 15 2593 3333333333 117541278
k 15 2595 3333333333 117531566
k 15 2596 3333333333 117538134
k 15 2599 3333333333 117532040
k 15 2597 3333333333 117527432
k 15 2598 3333333333 117546849
k 15 2602 3333333333 117529895
k 15 2600 3333333333 117534487
k 15 2601 3333333333 117514218
k 15 2603 3333333333 117523896
k 15 2604 3333333333 117517632
k 15 2605 3333333333 117524742
k 15 2606 3333333333 117518882
k 15 2607 3333333333 117523282
k 15 2608 3333333333 117518325
k 15 2609 3333333333 117517041
k 15 2610 3333333333 117511536
k 15 2611 3333333333 117513382
k 15 2613 3333333333 117513797
k 15 2612 3333333333 117493964
k 15 2614 3333333333 117498946
k 15 2615 3333333333 117501484
k 15 2616 3333333333 117470026
k 15 2617 3333333333 117485882
k 15 2619 3333333333 117492028
k 15 2618 3333333333 117491765
k 15 2620 3333333333 117492336
k 15 2621 3333333333 117478170
k 15 2622 3333333333 117471736
k 15 2623 3333333333 117477827
k 15 2628 3333333333 117465835
k 15 2624 3333333333 117475758
k 15 2626 3333333333 117482103
k 15 2625 3333333333 117489646
k 15 2627 3333333333 117490235
k 15 2629 3333333333 117459609
k 15 2630 3333333333 117478717
k 15 2631 3333333333 117473046
k 15 2633 3333333333 117467981
k 15 2632 3333333333 117465923
k 15 2638 3333333333 117441952
k 15 2634 3333333333 117457499
k 15 2635 3333333333 117453674
k 15 2637 3333333333 117453336
k 15 2636 3333333333 117460717
k 15 2639 3333333333 117440047
k 15 2640 3333333333 117432166
k 15 2641 3333333333 117459465
k 15 2642 3333333333 117445199
k 15 2648 3333333333 117420280
k 15 2643 3333333333 117434815
k 15 2644 3333333333 117448812
k 15 2645 3333333333 117428672
k 15 2647 3333333333 117445500
k 15 2646 3333333333 117437279
k 15 2649 3333333333 117431269
k 15 2650 3333333333 117431392
k 15 2651 3333333333 117431503
k 15 2652 3333333333 117425289
k 15 2653 3333333333 117429810
k 15 2654 3333333333 117423737
k 15 2656 3333333333 117425495
k 15 2655 3333333333 117417297
k 15 2657 3333333333 117422859
k 15 2658 3333333333 117412402
k 15 2659 3333333333 117396932
k 15 2660 3333333333 117424066
k 15 2661 3333333333 117406580
k 15 2662 3333333333 117402952
k 15 2663 3333333333 117406428
k 15 2664 3333333333 117425842
k 15 2666 3333333333 117387088
k 15 2665 3333333333 117404873
k 15 2667 3333333333 117400891
k 15 2670 3333333333 117384778
k 15 2668 3333333333 117411436
k 15 2669 3333333333 117383189
k 15 2671 3333333333 117385509
k 15 2672 3333333333 117387423
k 15 2673 3333333333 117381993
k 15 2674 3333333333 117381631
k 15 2675 3333333333 117384673
k 15 2676 3333333333 117389392
k 15 2677 3333333333 117370652
k 15 2678 3333333333 117376026
k 15 2680 3333333333 117362959
k 15 2679 3333333333 117361843
k 15 2685 3333333333 117356400
k 15 2681 3333333333 117362417
k 15 2684 3333333333 117386172
k 15 2682 3333333333 117372661
k 15 2683 3333333333 117367708
k 15 2686 3333333333 117369325
k 15 2687 3333333333 117351305
k 15 2688 3333333333 117367678
k 15 2695 3333333333 117349657
k 15 2689 3333333333 117355093
k 15 2690 3333333333 117370679
k 15 2691 3333333333 117358330
k 15 2692 3333333333 117359211
k 15 2693 3333333333 117347875
k 15 2694 3333333333 117340692
k 15 2696 3333333333 117342076
k 15 2698 3333333333 117333286
k 15 2697 3333333333 117334788
k 15 2699 3333333333 117329534
k 15 2703 3333333333 117325240
k 15 2700 3333333333 117354847
k 15 2701 3333333333 117366442
k 15 2702 3333333333 117352241
k 15 2704 3333333333 117345098
k 15 2705 3333333333 117335964
k 15 2706 3333333333 117331034
k 15 2707 3333333333 117329696
k 15 2708 3333333333 117323879
k 15 2709 3333333333 117312924
k 15 2710 3333333333 117307832
k 15 2712 3333333333 117330170
k 15 2713 3333333333 117310629
k 15 2711 3333333333 117318175
k 15 2714 3333333333 117315242
k 15 2715 3333333333 117321246
k 15 2716 3333333333 117307543
k 15 2717 3333333333 117297669
k 15 2718 3333333333 117303331
k 15 2719 3333333333 117294799
k 15 2720 3333333333 117300006
k 15 2721 3333333333 117277146
k 15 2722 3333333333 117288325
k 15 2723 3333333333 117296065
k 15 2724 3333333333 117288717
k 15 2726 3333333333 117291445
k 15 2725 3333333333 117304971
k 15 2728 3333333333 117293975
k 15 2727 3333333333 117296041
k 15 2729 3333333333 117282549
k 15 2730 3333333333 117271317
k 15 2731 3333333333 117289089
k 15 2732 3333333333 117262440
k 15 2733 3333333333 117265118
k 15 2734 3333333333 117269951
k 15 2735 3333333333 117256660
k 15 2741 3333333333 117262949
k 15 2736 3333333333 117276247
k 15 2737 3333333333 117283283
k 15 2738 3333333333 117264119
k 15 2740 3333333333 117267287
k 15 2742 3333333333 117266651
k 15 2739 3333333333 117271141
k 15 2743 3333333333 117264891
k 15 2750 3333333333 117253582
k 15 2744 3333333333 117253159
k 15 2745 3333333333 117249975
k 15 2747 3333333333 117239289
k 15 2748 3333333333 117249519
k 15 2746 3333333333 117250814
k 15 2749 3333333333 117245518
k 15 2751 3333333333 117229279
k 15 2752 3333333333 117247065
k 15 2753 3333333333 117227003
k 15 2754 3333333333 117236107
k 15 2755 3333333333 117240764
k 15 2756 3333333333 117217983
k 15 2758 3333333333 117234695
k 15 2757 3333333333 117228125
k 15 2759 3333333333 117223088
k 15 2760 3333333333 117235323
k 15 2761 3333333333 117226798
k 15 2762 3333333333 117218131
k 15 2763 3333333333 117237298
k 15 2764 3333333333 117232290
k 15 2765 3333333333 117210143
k 15 2766 3333333333 117212730
k 15 2767 3333333333 117203402
k 15 2768 3333333333 117211489
k 15 2769 3333333333 117198906
k 15 2770 3333333333 117207613
k 15 2771 3333333333 117220856
k 15 2772 3333333333 117207792
k 15 2773 3333333333 117200636
k 15 2774 3333333333 117200926
k 15 2775 3333333333 117206592
k 15 2776 3333333333 117183343
k 15 2777 3333333333 117197159
k 15 2778 3333333333 117191870
k 15 2779 3333333333 117192748
k 15 2780 3333333333 117187004
k 15 2785 3333333333 117177275
k 15 2783 3333333333 117180137
k 15 2781 3333333333 117199388
k 15 2784 3333333333 117174091
k 15 2782 3333333333 117173749
k 15 2786 3333333333 117171785
k 15 2787 3333333333 117173080
k 15 2788 3333333333 117177308
k 15 2789 3333333333 117169726
k 15 2791 3333333333 117160895
k 15 2790 3333333333 117170833
k 15 2795 3333333333 117144592
k 15 2792 3333333333 117168222
k 15 2793 3333333333 117173580
k 15 2794 3333333333 117158845
k 15 2796 3333333333 117167768
k 15 2797 3333333333 117165308
k 15 2798 3333333333 117151766
k 15 2799 3333333333 117149579
k 15 2806 3333333333 117157116
k 15 2800 3333333333 117153847
k 15 2801 3333333333 117145639
k 15 2802 3333333333 117144754
k 15 2805 3333333333 117157648
k 15 2804 3333333333 117151819
k 15 2803 3333333333 117144580
k 15 2807 3333333333 117138238
k 15 2808 3333333333 117141466
k 15 2809 3333333333 117155052
k 15 2811 3333333333 117132038
k 15 2810 3333333333 117130472
k 15 2812 3333333333 117127975
k 15 2813 3333333333 117143916
k 15 2814 3333333333 117117485
k 15 2815 3333333333 117124351
k 15 2816 3333333333 117131443
k 15 2817 3333333333 117116487
k 15 2819 3333333333 117119613
k 15 2820 3333333333 117111550
k 15 2818 3333333333 117104756
k 15 2821 3333333333 117126138
k 15 2822 3333333333 117111073
k 15 2823 3333333333 117123707
k 15 2824 3333333333 117109703
k 15 2825 3333333333 117112941
k 15 2826 3333333333 117102007
k 15 2827 3333333333 117107023
k 15 2828 3333333333 117097572
k 15 2829 3333333333 117097351
k 15 2830 3333333333 117108637
k 15 2831 3333333333 117084278
k 15 2833 3333333333 117075698
k 15 2832 3333333333 117101890
k 15 2834 3333333333 117083891
k 15 2835 3333333333 117091337
k 15 2836 3333333333 117091435
k 15 2837 3333333333 117069955
k 15 2842 3333333333 117072330
k 15 2838 3333333333 117064911
k 15 2839 3333333333 117078147
k 15 2840 3333333333 117067122
k 15 2841 3333333333 117077058
k 15 2843 3333333333 117075538
k 15 2844 3333333333 117075572
k 15 2852 3333333333 117051967
k 15 2846 3333333333 117066462
k 15 2845 3333333333 117076689
k 15 2847 3333333333 117070361
k 15 2848 3333333333 117056852
k 15 2849 3333333333 117055944
k 15 2850 3333333333 117074586
k 15 2851 3333333333 117066162
k 15 2854 3333333333 117060140
k 15 2853 3333333333 117064005
k 15 2855 3333333333 117055701
k 15 2856 3333333333 117053193
k 15 2859 3333333333 117053056
k 15 2857 3333333333 117060561
k 15 2858 3333333333 117022608
k 15 2860 3333333333 117018524
k 15 2862 3333333333 117042340
k 15 2863 3333333333 117041177
k 15 2861 3333333333 117029950
k 15 2864 3333333333 117025675
k 15 2865 3333333333 117019520
k 15 2866 3333333333 117027825
k 15 2868 3333333333 117013666
k 15 2867 3333333333 117020366
k 15 2869 3333333333 117010176
k 15 2870 3333333333 117020653
k 15 2871 3333333333 117034812
k 15 2872 3333333333 117029699
k 15 2873 3333333333 117022845
k 15 2877 3333333333 117020292
k 15 2876 3333333333 117006763
k 15 2875 3333333333 117021965
k 15 2874 3333333333 117010371
k 15 2878 3333333333 117011533
k 15 2880 3333333333 117011383
k 15 2879 3333333333 116994900
k 15 2883 3333333333 116990121
k 15 2881 3333333333 117012334
k 15 2882 3333333333 117001748
k 15 2885 3333333333 117004112
k 15 2884 3333333333 117001926
k 15 2886 3333333333 116998363
k 15 2887 3333333333 116981337
k 15 2888 3333333333 116991645
k 15 2889 3333333333 116985715
k 15 2890 3333333333 116985897
k 15 2891 3333333333 116999202
k 15 2892 3333333333 116990187
k 15 2898 3333333333 116972949
k 15 2893 3333333333 117002666
k 15 2894 3333333333 116968810
k 15 2895 3333333333 116981180
k 15 2896 3333333333 116981059
k 15 2897 3333333333 116975511
k 15 2899 3333333333 116967631
k 15 2900 3333333333 116980521
k 15 2907 3333333333 116948934
k 15 2901 3333333333 116960972
k 15 2902 3333333333 116973316
k 15 2903 3333333333 116954509
k 15 2905 3333333333 116962856
k 15 2904 3333333333 116963864
k 15 2906 3333333333 116948483
k 15 2909 3333333333 116948303
k 15 2908 3333333333 116955179
k 15 2910 3333333333 116951284
k 15 2911 3333333333 116954091
k 15 2912 3333333333 116947283
k 15 2913 3333333333 116936261
k 15 2915 3333333333 116937239
k 15 2914 3333333333 116926843
k 15 2916 3333333333 116942499
k 15 2917 3333333333 116944209
k 15 2918 3333333333 116929991
k 15 2919 3333333333 116936752
k 15 2920 3333333333 116930889
k 15 2921 3333333333 116923968
k 15 2923 3333333333 116917763
k 15 2922 3333333333 116925015
k 15 2924 3333333333 116934669
k 15 2926 3333333333 116909736
k 15 2925 3333333333 116937034
k 15 2927 3333333333 116917974
k 15 2928 3333333333 116911355
k 15 2929 3333333333 116919589
k 15 2930 3333333333 116907060
k 15 2931 3333333333 116916931
k 15 2932 3333333333 116913586
k 15 2933 3333333333 116915714
k 15 2934 3333333333 116912764
k 15 2935 3333333333 116908155
k 15 2936 3333333333 116905249
k 15 2937 3333333333 116900452
k 15 2942 3333333333 116905118
k 15 2938 3333333333 116893951
k 15 2939 3333333333 116907330
k 15 2940 3333333333 116891608
k 15 2941 3333333333 116907134
k 15 2943 3333333333 116880589
k 15 2944 3333333333 116898552
k 15 2945 3333333333 116882841
k 15 2946 3333333333 116869647
k 15 2947 3333333333 116891869
k 15 2948 3333333333 116859253
k 15 2952 3333333333 116875564
k 15 2949 3333333333 116879426
k 15 2950 3333333333 116888738
k 15 2951 3333333333 116872299
k 15 2953 3333333333 116873942
k 15 2954 3333333333 116873887
k 15 2955 3333333333 116881754
k 15 2956 3333333333 116876746
k 15 2963 3333333333 116845916
k 15 2957 3333333333 116876016
k 15 2958 3333333333 116863312
k 15 2959 3333333333 116863519
k 15 2960 3333333333 116878181
k 15 2961 3333333333 116859856
k 15 2962 3333333333 116869554
k 15 2964 3333333333 116854086
k 15 2965 3333333333 116857727
k 15 2966 3333333333 116856538
k 15 2967 3333333333 116860883
k 15 2969 3333333333 116861538
k 15 2968 3333333333 116845265
k 15 2970 3333333333 116856820
k 15 2971 3333333333 116848766
k 15 2972 3333333333 116863474
k 15 2973 3333333333 116835796
k 15 2974 3333333333 116857606
k 15 2975 3333333333 116830722
k 15 2976 3333333333 116836438
k 15 2977 3333333333 116839279
k 15 2978 3333333333 116838940
k 15 2979 3333333333 116833248
k 15 2980 3333333333 116821074
k 15 2981 3333333333 116838171
k 15 2982 3333333333 116831055
k 15 2983 3333333333 116810319
k 15 2984 3333333333 116819019
k 15 2985 3333333333 116808075
k 15 2986 3333333333 116820598
k 15 2987 3333333333 116823029
k 15 2989 3333333333 116812238
k 15 2988 3333333333 116820363
k 15 2990 3333333333 116818450
k 15 2991 3333333333 116828904
k 15 2992 3333333333 116798463
k 15 2993 3333333333 116818142
k 15 2999 3333333333 116810620
k 15 2994 3333333333 116805093
k 15 2995 3333333333 116812982
k 15 2997 3333333333 116813037
k 15 2996 3333333333 116786823
k 15 2998 3333333333 116807502
k 15 3000 3333333333 116804589
k 15 3001 3333333333 116790547
k 15 3002 3333333333 116789248
k 15 3008 3333333333 116787653
k 15 3003 3333333333 116796165
k 15 3004 3333333333 116769958
k 15 3005 3333333333 116778875
k 15 3006 3333333333 116805117
k 15 3007 3333333333 116774196
k 15 3009 3333333333 116772324
k 15 3010 3333333333 116775550
k 15 3011 3333333333 116773638
k 15 3012 3333333333 116766813
k 15 3013 3333333333 116779864
k 15 3017 3333333333 116761649
k 15 3014 3333333333 116774314
k 15 3015 3333333333 116758289
k 15 3018 3333333333 116757571
k 15 3019 3333333333 116764832
k 15 3016 3333333333 116770832
k 15 3020 3333333333 116770038
k 15 3021 3333333333 116752673
k 15 3022 3333333333 116765239
k 15 3023 3333333333 116751670
k 15 3024 3333333333 116764486
k 15 3025 3333333333 116741124
k 15 3026 3333333333 116745274
k 15 3027 3333333333 116738701
k 15 3028 3333333333 116729009
k 15 3029 3333333333 116725117
k 15 3030 3333333333 116730228
k 15 3031 3333333333 116739711
k 15 3032 3333333333 116732305
k 15 3033 3333333333 116724102
k 15 3034 3333333333 116735900
k 15 3035 3333333333 116716905
k 15 3036 3333333333 116727413
k 15 3037 3333333333 116728215
k 15 3038 3333333333 116740901
k 15 3042 3333333333 116722015
k 15 3039 3333333333 116719664
k 15 3040 3333333333 116730986
k 15 3041 3333333333 116720357
k 15 3043 3333333333 116726117
k 15 3044 3333333333 116717517
k 15 3045 3333333333 116702996
k 15 3047 3333333333 116698163
k 15 3046 3333333333 116715759
k 15 3048 3333333333 116712679
k 15 3049 3333333333 116701991
k 15 3053 3333333333 116696456
k 15 3050 3333333333 116688998
k 15 3051 3333333333 116708188
k 15 3052 3333333333 116698627
k 15 3054 3333333333 116704788
k 15 3055 3333333333 116679742
k 15 3056 3333333333 116693746
k 15 3064 3333333333 116689193
k 15 3057 3333333333 116679287
k 15 3058 3333333333 116688547
k 15 3059 3333333333 116683993
k 15 3060 3333333333 116700354
k 15 3061 3333333333 116675150
k 15 3062 3333333333 116681687
k 15 3063 3333333333 116695159
k 15 3065 3333333333 116681753
k 15 3066 3333333333 116680453
k 15 3067 3333333333 116680352
k 15 3068 3333333333 116705345
k 15 3069 3333333333 116662897
k 15 3070 3333333333 116670803
k 15 3071 3333333333 116663207
k 15 3072 3333333333 116673739
k 15 3073 3333333333 116654863
k 15 3074 3333333333 116662249
k 15 3075 3333333333 116666087
k 15 3076 3333333333 116670457
k 15 3077 3333333333 116663225
k 15 3078 3333333333 116665468
k 15 3079 3333333333 116649013
k 15 3080 3333333333 116661834
k 15 3081 3333333333 116660994
k 15 3082 3333333333 116644919
k 15 3083 3333333333 116646164
k 15 3084 3333333333 116646118
k 15 3085 3333333333 116637356
k 15 3086 3333333333 116652547
k 15 3087 3333333333 116647322
k 15 3088 3333333333 116637056
k 15 3090 3333333333 116640533
k 15 3089 3333333333 116647194
k 15 3091 3333333333 116644360
k 15 3092 3333333333 116628532
k 15 3093 3333333333 116611033
k 15 3099 3333333333 116625380
k 15 3094 3333333333 116640920
k 15 3095 3333333333 116632926
k 15 3097 3333333333 116625271
k 15 3096 3333333333 116631669
k 15 3098 3333333333 116617512
k 15 3100 3333333333 116612705
k 15 3101 3333333333 116629431
k 15 3102 3333333333 116629096
k 15 3104 3333333333 116617164
k 15 3103 3333333333 116614195
k 15 3108 3333333333 116612142
k 15 3105 3333333333 116628099
k 15 3106 3333333333 116612575
k 15 3107 3333333333 116607673
k 15 3109 3333333333 116601375
k 15 3110 3333333333 116594616
k 15 3112 3333333333 116603385
k 15 3111 3333333333 116601126
k 15 3113 3333333333 116589651
k 15 3119 3333333333 116583792
k 15 3114 3333333333 116588428
k 15 3115 3333333333 116593153
k 15 3116 3333333333 116587529
k 15 3117 3333333333 116604478
k 15 3118 3333333333 116573468
k 15 3120 3333333333 116584170
k 15 3121 3333333333 116583494
k 15 3122 3333333333 116591914
k 15 3123 3333333333 116578735
k 15 3124 3333333333 116575938
k 15 3125 3333333333 116572715
k 15 3126 3333333333 116582896
k 15 3127 3333333333 116578372
k 15 3128 3333333333 116577179
k 15 3129 3333333333 116571608
k 15 3130 3333333333 116573111
k 15 3131 3333333333 116574553
k 15 3133 3333333333 116549757
k 15 3132 3333333333 116570894
k 15 3134 3333333333 116564559
k 15 3135 3333333333 116569082
k 15 3136 3333333333 116566446
k 15 3137 3333333333 116552584
k 15 3138 3333333333 116545060
k 15 3140 3333333333 116545946
k 15 3142 3333333333 116549525
k 15 3139 3333333333 116558175
k 15 3141 3333333333 116557196
k 15 3143 3333333333 116541762
k 15 3144 3333333333 116550998
k 15 3145 3333333333 116543825
k 15 3147 3333333333 116556621
k 15 3146 3333333333 116555201
k 15 3148 3333333333 116547447
k 15 3149 3333333333 116540128
k 15 3154 3333333333 116534691
k 15 3150 3333333333 116531043
k 15 3151 3333333333 116544842
k 15 3152 3333333333 116533726
k 15 3153 3333333333 116537445
k 15 3155 3333333333 116517230
k 15 3156 3333333333 116536392
k 15 3157 3333333333 116516687
k 15 3164 3333333333 116511607
k 15 3158 3333333333 116539647
k 15 3159 3333333333 116526511
k 15 3162 3333333333 116520035
k 15 3161 3333333333 116515872
k 15 3160 3333333333 116520501
k 15 3163 3333333333 116519893
k 15 3165 3333333333 116515480
k 15 3166 3333333333 116509374
k 15 3167 3333333333 116501525
k 15 3169 3333333333 116510611
k 15 3168 3333333333 116505517
k 15 3170 3333333333 116501605
k 15 3172 3333333333 116487303
k 15 3171 3333333333 116489700
k 15 3173 3333333333 116505173
k 15 3174 3333333333 116500154
k 15 3175 3333333333 116494780
k 15 3176 3333333333 116476427
k 15 3177 3333333333 116501457
k 15 3178 3333333333 116493735
k 15 3179 3333333333 116482595
k 15 3180 3333333333 116489035
k 15 3181 3333333333 116486990
k 15 3182 3333333333 116482753
k 15 3183 3333333333 116483383
k 15 3184 3333333333 116491165
k 15 3185 3333333333 116478059
k 15 3186 3333333333 116485937
k 15 3188 3333333333 116474400
k 15 3187 3333333333 116491044
k 15 3191 3333333333 116474890
k 15 3189 3333333333 116458621
k 15 3190 3333333333 116493641
k 15 3192 3333333333 116472913
k 15 3193 3333333333 116475289
k 15 3194 3333333333 116461857
k 15 3199 3333333333 116451508
k 15 3195 3333333333 116469612
k 15 3196 3333333333 116467261
k 15 3197 3333333333 116464296
k 15 3198 3333333333 116451199
k 15 3200 3333333333 116470223
k 15 3201 3333333333 116456403
k 15 3202 3333333333 116468659
k 15 3205 3333333333 116442721
k 15 3203 3333333333 116441968
k 15 3204 3333333333 116446948
k 15 3206 3333333333 116447797
k 15 3209 3333333333 116438572
k 15 3207 3333333333 116443512
k 15 3208 3333333333 116438399
k 15 3211 3333333333 116429190
k 15 3210 3333333333 116450247
k 15 3212 3333333333 116441258
k 15 3213 3333333333 116432576
k 15 3221 3333333333 116416157
k 15 3214 3333333333 116429651
k 15 3215 3333333333 116424816
k 15 3216 3333333333 116409397
k 15 3218 3333333333 116424660
k 15 3217 3333333333 116426564
k 15 3219 3333333333 116426588
k 15 3220 3333333333 116423839
k 15 3222 3333333333 116407312
k 15 3223 3333333333 116414232
k 15 3224 3333333333 116413209
k 15 3225 3333333333 116423831
k 15 3226 3333333333 116400561
k 15 3227 3333333333 116423104
k 15 3228 3333333333 116421442
k 15 3229 3333333333 116395571
k 15 3231 3333333333 116409231
k 15 3230 3333333333 116418631
k 15 3233 3333333333 116404840
k 15 3232 3333333333 116399250
k 15 3234 3333333333 116392606
k 15 3235 3333333333 116396439
k 15 3236 3333333333 116396743
k 15 3237 3333333333 116396285
k 15 3238 3333333333 116391566
k 15 3239 3333333333 116381497
k 15 3240 3333333333 116383301
k 15 3241 3333333333 116391629
k 15 3242 3333333333 116382026
k 15 3243 3333333333 116393210
k 15 3244 3333333333 116391045
k 15 3245 3333333333 116391308
k 15 3246 3333333333 116382436
k 15 3247 3333333333 116385611
k 15 3248 3333333333 116374229
k 15 3249 3333333333 116380894
k 15 3250 3333333333 116369369
k 15 3256 3333333333 116365368
k 15 3251 3333333333 116352529
k 15 3252 3333333333 116370957
k 15 3253 3333333333 116369412
k 15 3254 3333333333 116354188
k 15 3255 3333333333 116371165
k 15 3257 3333333333 116359207
k 15 3258 3333333333 116362006
k 15 3259 3333333333 116363940
k 15 3260 3333333333 116353993
k 15 3265 3333333333 116352811
k 15 3261 3333333333 116357902
k 15 3262 3333333333 116354601
k 15 3263 3333333333 116375383
k 15 3264 3333333333 116344983
k 15 3266 3333333333 116358260
k 15 3268 3333333333 116345115
k 15 3267 3333333333 116335510
k 15 3269 3333333333 116330094
k 15 3270 3333333333 116349448
k 15 3275 3333333333 116339781
k 15 3271 3333333333 116344333
k 15 3272 3333333333 116343469
k 15 3273 3333333333 116338736
k 15 3274 3333333333 116335211
k 15 3276 3333333333 116319048
k 15 3277 3333333333 116339691
k 15 3278 3333333333 116325864
k 15 3279 3333333333 116311387
k 15 3280 3333333333 116327534
k 15 3281 3333333333 116314011
k 15 3282 3333333333 116320342
k 15 3283 3333333333 116324921
k 15 3284 3333333333 116315842
k 15 3285 3333333333 116307694
k 15 3286 3333333333 116306793
k 15 3287 3333333333 116314732
k 15 3288 3333333333 116295114
k 15 3289 3333333333 116308442
k 15 3290 3333333333 116302457
k 15 3291 3333333333 116305264
k 15 3292 3333333333 116307331
k 15 3293 3333333333 116316789
k 15 3294 3333333333 116284842
k 15 3295 3333333333 116283872
k 15 3299 3333333333 116296918
k 15 3296 3333333333 116296525
k 15 3297 3333333333 116293529
k 15 3298 3333333333 116309781
k 15 3300 3333333333 116297899
k 15 3301 3333333333 116280372
k 15 3302 3333333333 116288643
k 15 3303 3333333333 116280530
k 15 3305 3333333333 116283176
k 15 3304 3333333333 116284798
k 15 3306 3333333333 116290091
k 15 3310 3333333333 116269931
k 15 3307 3333333333 116284463
k 15 3308 3333333333 116292628
k 15 3309 3333333333 116274061
k 15 3311 3333333333 116265887
k 15 3312 3333333333 116273884
k 15 3313 3333333333 116270469
k 15 3321 3333333333 116247392
k 15 3314 3333333333 116268144
k 15 3315 3333333333 116287631
k 15 3316 3333333333 116261410
k 15 3317 3333333333 116273200
k 15 3318 3333333333 116269784
k 15 3319 3333333333 116249801
k 15 3320 3333333333 116246316
k 15 3322 3333333333 116263937
k 15 3323 3333333333 116257438
k 15 3324 3333333333 116242519
k 15 3325 3333333333 116249669
k 15 3326 3333333333 116242318
k 15 3327 3333333333 116259574
k 15 3328 3333333333 116257296
k 15 3329 3333333333 116248893
k 15 3330 3333333333 116236936
k 15 3331 3333333333 116236443
k 15 3332 3333333333 116258535
k 15 3334 3333333333 116224285
k 15 3333 3333333333 116239826
k 15 3335 3333333333 116239764
k 15 3336 3333333333 116225395
k 15 3337 3333333333 116229898
k 15 3338 3333333333 116245136
k 15 3340 3333333333 116231175
k 15 3339 3333333333 116220091
k 15 3341 3333333333 116214595
k 15 3342 3333333333 116235614
k 15 3343 3333333333 116227447
k 15 3344 3333333333 116221316
k 15 3345 3333333333 116213920
k 15 3346 3333333333 116227838
k 15 3347 3333333333 116228714
k 15 3348 3333333333 116214137
k 15 3349 3333333333 116205992
k 15 3350 3333333333 116209937
k 15 3351 3333333333 116215704
k 15 3356 3333333333 116210181
k 15 3352 3333333333 116203758
k 15 3353 3333333333 116198688
k 15 3354 3333333333 116209468
k 15 3355 3333333333 116207137
k 15 3358 3333333333 116212046
k 15 3357 3333333333 116199860
k 15 3359 3333333333 116205938
k 15 3360 3333333333 116206386
k 15 3361 3333333333 116196588
k 15 3362 3333333333 116187884
k 15 3366 3333333333 116189287
k 15 3363 3333333333 116205437
k 15 3364 3333333333 116194468
k 15 3365 3333333333 116180776
k 15 3367 3333333333 116193969
k 15 3368 3333333333 116187834
k 15 3369 3333333333 116184620
k 15 3370 3333333333 116173368
k 15 3377 3333333333 116175506
k 15 3371 3333333333 116174369
k 15 3372 3333333333 116187969
k 15 3373 3333333333 116167291
k 15 3374 3333333333 116197396
k 15 3375 3333333333 116178288
k 15 3376 3333333333 116174825
k 15 3378 3333333333 116178189
k 15 3379 3333333333 116163367
k 15 3380 3333333333 116157296
k 15 3381 3333333333 116162790
k 15 3382 3333333333 116169280
k 15 3383 3333333333 116148079
k 15 3384 3333333333 116150189
k 15 3385 3333333333 116162270
k 15 3386 3333333333 116128554
k 15 3387 3333333333 116168452
k 15 3388 3333333333 116142651
k 15 3389 3333333333 116150526
k 15 3391 3333333333 116154572
k 15 3390 3333333333 116155983
k 15 3392 3333333333 116150653
k 15 3393 3333333333 116143003
k 15 3394 3333333333 116142259
k 15 3395 3333333333 116141110
k 15 3396 3333333333 116152782
k 15 3397 3333333333 116138500
k 15 3399 3333333333 116139355
k 15 3398 3333333333 116132455
k 15 3400 3333333333 116134252
k 15 3401 3333333333 116141272
k 15 3402 3333333333 116128506
k 15 3403 3333333333 116129670
k 15 3404 3333333333 116134215
k 15 3405 3333333333 116125704
k 15 3406 3333333333 116127595
k 15 3412 3333333333 116118331
k 15 3407 3333333333 116123136
k 15 3408 3333333333 116103891
k 15 3409 3333333333 116099301
k 15 3410 3333333333 116126026
k 15 3411 3333333333 116105489
k 15 3413 3333333333 116116258
k 15 3414 3333333333 116113993
k 15 3415 3333333333 116100791
k 15 3416 3333333333 116110491
k 15 3421 3333333333 116102319
k 15 3419 3333333333 116111132
k 15 3417 3333333333 116114983
k 15 3418 3333333333 116098289
k 15 3420 3333333333 116091892
k 15 3422 3333333333 116103702
k 15 3423 3333333333 116100504
k 15 3424 3333333333 116081136
k 15 3425 3333333333 116096758
k 15 3426 3333333333 116099285
k 15 3427 3333333333 116086372
k 15 3431 3333333333 116082254
k 15 3428 3333333333 116082838
k 15 3429 3333333333 116087633
k 15 3430 3333333333 116075248
k 15 3433 3333333333 116075700
k 15 3432 3333333333 116084853
k 15 3434 3333333333 116095108
k 15 3435 3333333333 116079358
k 15 3436 3333333333 116064531
k 15 3437 3333333333 116092995
k 15 3438 3333333333 116081861
k 15 3439 3333333333 116072288
k 15 3440 3333333333 116077926
k 15 3441 3333333333 116067160
k 15 3442 3333333333 116066280
k 15 3443 3333333333 116052356
k 15 3444 3333333333 116074845
k 15 3445 3333333333 116071471
k 15 3447 3333333333 116051202
k 15 3446 3333333333 116081926
k 15 3448 3333333333 116067392
k 15 3449 3333333333 116060794
k 15 3450 3333333333 116049122
k 15 3452 3333333333 116061601
k 15 3451 3333333333 116047705
k 15 3453 3333333333 116050431
k 15 3456 3333333333 116046715
k 15 3454 3333333333 116031350
k 15 3455 3333333333 116049128
k 15 3457 3333333333 116054051
k 15 3458 3333333333 116050916
k 15 3459 3333333333 116044319
k 15 3460 3333333333 116029523
k 15 3462 3333333333 116046395
k 15 3461 3333333333 116038364
k 15 3463 3333333333 116037173
k 15 3468 3333333333 116033017
k 15 3464 3333333333 116046223
k 15 3466 3333333333 116044610
k 15 3465 3333333333 116024134
k 15 3467 3333333333 116019991
k 15 3469 3333333333 116012601
k 15 3470 3333333333 116015002
k 15 3478 3333333333 116015780
k 15 3471 3333333333 116025350
k 15 3473 3333333333 116012477
k 15 3472 3333333333 116021944
k 15 3474 3333333333 116024825
k 15 3475 3333333333 116017276
k 15 3476 3333333333 116019884
k 15 3477 3333333333 116020306
k 15 3479 3333333333 116007929
k 15 3480 3333333333 116012973
k 15 3481 3333333333 116009214
k 15 3482 3333333333 116001046
k 15 3483 3333333333 115987424
k 15 3484 3333333333 115995891
k 15 3485 3333333333 116010293
k 15 3486 3333333333 115988995
k 15 3487 3333333333 115981013
k 15 3488 3333333333 116010791
k 15 3489 3333333333 116002464
k 15 3491 3333333333 116004939
k 15 3490 3333333333 115994672
k 15 3492 3333333333 115992834
k 15 3493 3333333333 115979172
k 15 3494 3333333333 115999903
k 15 3495 3333333333 115998859
k 15 3496 3333333333 115981459
k 15 3497 3333333333 115977303
k 15 3498 3333333333 115986288
k 15 3499 3333333333 115994676
k 15 3500 3333333333 115987514
k 15 3501 3333333333 115967445
k 15 3503 3333333333 115996265
k 15 3502 3333333333 115983080
k 15 3504 3333333333 115959303
k 15 3505 3333333333 115975759
k 15 3506 3333333333 115971978
k 15 3507 3333333333 115967030
k 15 3508 3333333333 115960257
k 15 3513 3333333333 115970191
k 15 3509 3333333333 115971656
k 15 3510 3333333333 115974095
k 15 3511 3333333333 115956131
k 15 3512 3333333333 115959708
k 15 3514 3333333333 115968414
k 15 3516 3333333333 115945150
k 15 3515 3333333333 115949652
k 15 3517 3333333333 115944357
k 15 3518 3333333333 115951164
k 15 3519 3333333333 115954086
k 15 3523 3333333333 115936006
k 15 3520 3333333333 115939975
k 15 3522 3333333333 115942500
k 15 3521 3333333333 115952996
k 15 3524 3333333333 115940013
k 15 3525 3333333333 115947315
k 15 3526 3333333333 115932997
k 15 3527 3333333333 115926821
k 15 3534 3333333333 115931332
k 15 3528 3333333333 115935659
k 15 3530 3333333333 115919704
k 15 3529 3333333333 115946317
k 15 3532 3333333333 115943390
k 15 3531 3333333333 115923206
k 15 3533 3333333333 115940731
k 15 3535 3333333333 115926991
k 15 3537 3333333333 115923291
k 15 3536 3333333333 115921459
k 15 3538 3333333333 115930218
k 15 3539 3333333333 115912130
k 15 3540 3333333333 115915309
k 15 3541 3333333333 115913409
k 15 3542 3333333333 115935361
k 15 3543 3333333333 115913815
k 15 3544 3333333333 115906831
k 15 3545 3333333333 115913858
k 15 3546 3333333333 115918168
k 15 3547 3333333333 115905943
k 15 3548 3333333333 115902305
k 15 3549 3333333333 115916398
k 15 3550 3333333333 115890234
k 15 3552 3333333333 115902067
k 15 3551 3333333333 115907388
k 15 3553 3333333333 115905919
k 15 3556 3333333333 115887379
k 15 3554 3333333333 115899900
k 15 3555 3333333333 115898489
k 15 3557 3333333333 115885345
k 15 3558 3333333333 115878244
k 15 3559 3333333333 115903359
k 15 3560 3333333333 115883055
k 15 3561 3333333333 115897127
k 15 3562 3333333333 115880058
k 15 3563 3333333333 115880355
k 15 3568 3333333333 115876683
k 15 3564 3333333333 115871762
k 15 3565 3333333333 115892288
k 15 3566 3333333333 115878778
k 15 3567 3333333333 115867857
k 15 3569 3333333333 115866903
k 15 3570 3333333333 115878107
k 15 3571 3333333333 115883675
k 15 3578 3333333333 115857975
k 15 3574 3333333333 115875176
k 15 3573 3333333333 115866200
k 15 3572 3333333333 115874937
k 15 3575 3333333333 115872825
k 15 3576 3333333333 115861966
k 15 3577 3333333333 115856461
k 15 3579 3333333333 115862191
k 15 3580 3333333333 115857991
k 15 3581 3333333333 115872194
k 15 3582 3333333333 115863137
k 15 3583 3333333333 115861574
k 15 3584 3333333333 115859095
k 15 3586 3333333333 115841091
k 15 3585 3333333333 115848758
k 15 3588 3333333333 115859597
k 15 3589 3333333333 115831390
k 15 3587 3333333333 115845284
k 15 3590 3333333333 115851404
k 15 3591 3333333333 115860544
k 15 3592 3333333333 115854871
k 15 3593 3333333333 115841421
k 15 3594 3333333333 115832741
k 15 3595 3333333333 115829260
k 15 3596 3333333333 115836701
k 15 3597 3333333333 115841656
k 15 3598 3333333333 115857414
k 15 3599 3333333333 115838167
k 15 3600 3333333333 115817955
k 15 3601 3333333333 115832687
k 15 3602 3333333333 115827462
k 15 3603 3333333333 115820954
k 15 3604 3333333333 115831783
k 15 3605 3333333333 115801740
k 15 3606 3333333333 115825002
k 15 3607 3333333333 115825867
k 15 3608 3333333333 115816698
k 15 3609 3333333333 115821442
k 15 3613 3333333333 115806761
k 15 3610 3333333333 115796899
k 15 3611 3333333333 115809223
k 15 3612 3333333333 115807930
k 15 3614 3333333333 115806089
k 15 3617 3333333333 115802179
k 15 3615 3333333333 115799720
k 15 3616 3333333333 115794674
k 15 3618 3333333333 115806369
k 15 3619 3333333333 115803923
k 15 3624 3333333333 115793360
k 15 3620 3333333333 115791301
k 15 3621 3333333333 115796634
k 15 3622 3333333333 115795707
k 15 3623 3333333333 115792055
k 15 3625 3333333333 115784954
k 15 3626 3333333333 115780905
k 15 3627 3333333333 115781153
k 15 3634 3333333333 115774290
k 15 3628 3333333333 115780374
k 15 3630 3333333333 115767912
k 15 3629 3333333333 115779184
k 15 3631 3333333333 115787211
k 15 3632 3333333333 115790429
k 15 3633 3333333333 115771131
k 15 3636 3333333333 115777800
k 15 3635 3333333333 115786661
k 15 3637 3333333333 115782069
k 15 3638 3333333333 115760556
k 15 3639 3333333333 115758014
k 15 3640 3333333333 115760512
k 15 3641 3333333333 115761305
k 15 3642 3333333333 115770959
k 15 3643 3333333333 115758023
k 15 3645 3333333333 115761192
k 15 3644 3333333333 115784143
k 15 3646 3333333333 115756614
k 15 3647 3333333333 115757758
k 15 3648 3333333333 115762917
k 15 3649 3333333333 115760683
k 15 3650 3333333333 115744715
k 15 3651 3333333333 115745171
k 15 3652 3333333333 115769459
k 15 3653 3333333333 115743495
k 15 3656 3333333333 115748506
k 15 3654 3333333333 115734927
k 15 3655 3333333333 115745035
k 15 3657 3333333333 115738391
k 15 3659 3333333333 115729497
k 15 3658 3333333333 115761954
k 15 3660 3333333333 115731979
k 15 3662 3333333333 115733181
k 15 3661 3333333333 115748372
k 15 3663 3333333333 115739863
k 15 3664 3333333333 115739859
k 15 3668 3333333333 115726199
k 15 3665 3333333333 115726591
k 15 3666 3333333333 115737025
k 15 3667 3333333333 115717474
k 15 3669 3333333333 115725532
k 15 3670 3333333333 115740024
k 15 3671 3333333333 115716077
k 15 3672 3333333333 115722974
k 15 3673 3333333333 115712993
k 15 3674 3333333333 115723674
k 15 3679 3333333333 115702887
k 15 3675 3333333333 115726768
k 15 3676 3333333333 115711723
k 15 3678 3333333333 115712055
k 15 3677 3333333333 115707791
k 15 3680 3333333333 115714423
k 15 3681 3333333333 115699282
k 15 3682 3333333333 115718105
k 15 3683 3333333333 115705155
k 15 3684 3333333333 115695665
k 15 3689 3333333333 115691825
k 15 3685 3333333333 115689631
k 15 3687 3333333333 115707134
k 15 3686 3333333333 115679637
k 15 3688 3333333333 115685815
k 15 3691 3333333333 115686532
k 15 3690 3333333333 115687349
k 15 3693 3333333333 115693866
k 15 3692 3333333333 115675168
k 15 3694 3333333333 115686476
k 15 3695 3333333333 115697458
k 15 3696 3333333333 115683423
k 15 3697 3333333333 115680697
k 15 3698 3333333333 115693041
k 15 3699 3333333333 115673169
k 15 3700 3333333333 115666401
k 15 3701 3333333333 115670862
k 15 3702 3333333333 115679856
k 15 3703 3333333333 115674010
k 15 3705 3333333333 115691527
k 15 3704 3333333333 115694099
k 15 3707 3333333333 115667179
k 15 3706 3333333333 115675821
k 15 3708 3333333333 115671000
k 15 3709 3333333333 115672389
k 15 3713 3333333333 115660629
k 15 3710 3333333333 115682978
k 15 3711 3333333333 115662609
k 15 3712 3333333333 115671030
k 15 3714 3333333333 115674891
k 15 3715 3333333333 115663439
k 15 3716 3333333333 115653043
k 15 3717 3333333333 115656571
k 15 3719 3333333333 115671721
k 15 3718 3333333333 115642447
k 15 3724 3333333333 115644294
k 15 3720 3333333333 115659320
k 15 3721 3333333333 115648977
k 15 3722 3333333333 115647460
k 15 3723 3333333333 115658867
k 15 3725 3333333333 115648494
k 15 3726 3333333333 115632792
k 15 3727 3333333333 115652795
k 15 3734 3333333333 115631896
k 15 3728 3333333333 115622546
k 15 3729 3333333333 115631869
k 15 3730 3333333333 115630671
k 15 3731 3333333333 115643297
k 15 3732 3333333333 115631204
k 15 3733 3333333333 115617980
k 15 3735 3333333333 115606530
k 15 3736 3333333333 115612250
k 15 3737 3333333333 115626819
k 15 3738 3333333333 115627201
k 15 3739 3333333333 115629368
k 15 3740 3333333333 115602590
k 15 3741 3333333333 115628581
k 15 3742 3333333333 115627693
k 15 3743 3333333333 115632991
k 15 3745 3333333333 115612487
k 15 3744 3333333333 115609986
k 15 3746 3333333333 115617237
k 15 3747 3333333333 115611000
k 15 3748 3333333333 115616207
k 15 3750 3333333333 115603684
k 15 3749 3333333333 115614141
k 15 3752 3333333333 115600531
k 15 3751 3333333333 115603514
k 15 3753 3333333333 115600212
k 15 3756 3333333333 115587296
k 15 3754 3333333333 115606129
k 15 3755 3333333333 115603315
k 15 3757 3333333333 115596483
k 15 3758 3333333333 115593519
k 15 3759 3333333333 115603247
k 15 3760 3333333333 115577672
k 15 3761 3333333333 115609874
k 15 3762 3333333333 115597394
k 15 3763 3333333333 115576952
k 15 3764 3333333333 115572878
k 15 3766 3333333333 115570365
k 15 3768 3333333333 115587584
k 15 3765 3333333333 115589248
k 15 3767 3333333333 115596859
k 15 3769 3333333333 115575481
k 15 3770 3333333333 115575137
k 15 3771 3333333333 115562207
k 15 3773 3333333333 115573622
k 15 3772 3333333333 115572641
k 15 3774 3333333333 115553177
k 15 3775 3333333333 115589225
k 15 3776 3333333333 115559241
k 15 3780 3333333333 115579723
k 15 3777 3333333333 115562938
k 15 3778 3333333333 115566686
k 15 3779 3333333333 115564176
k 15 3781 3333333333 115547559
k 15 3782 3333333333 115560446
k 15 3783 3333333333 115556500
k 15 3784 3333333333 115566138
k 15 3791 3333333333 115556613
k 15 3785 3333333333 115557487
k 15 3788 3333333333 115543062
k 15 3786 3333333333 115563877
k 15 3787 3333333333 115566513
k 15 3789 3333333333 115534824
k 15 3790 3333333333 115548211
k 15 3793 3333333333 115528750
k 15 3792 3333333333 115557569
k 15 3794 3333333333 115558545
k 15 3795 3333333333 115536475
k 15 3796 3333333333 115543570
k 15 3797 3333333333 115537629
k 15 3798 3333333333 115545029
k 15 3799 3333333333 115545162
k 15 3800 3333333333 115522376
k 15 3801 3333333333 115545349
k 15 3802 3333333333 115529958
k 15 3803 3333333333 115537830
k 15 3804 3333333333 115554679
k 15 3805 3333333333 115520783
k 15 3806 3333333333 115531199
k 15 3807 3333333333 115529922
k 15 3808 3333333333 115527662
k 15 3809 3333333333 115521715
k 15 3813 3333333333 115503176
k 15 3810 3333333333 115525338
k 15 3811 3333333333 115524635
k 15 3812 3333333333 115520557
k 15 3814 3333333333 115522980
k 15 3815 3333333333 115523435
k 15 3816 3333333333 115507479
k 15 3817 3333333333 115521516
k 15 3818 3333333333 115508677
k 15 3819 3333333333 115516773
k 15 3824 3333333333 115502608
k 15 3820 3333333333 115507162
k 15 3821 3333333333 115511911
k 15 3822 3333333333 115508977
k 15 3823 3333333333 115489307
k 15 3825 3333333333 115496231
k 15 3826 3333333333 115490744
k 15 3827 3333333333 115485820
k 15 3828 3333333333 115504119
k 15 3829 3333333333 115498206
k 15 3830 3333333333 115485678
k 15 3834 3333333333 115491501
k 15 3831 3333333333 115489663
k 15 3832 3333333333 115485766
k 15 3833 3333333333 115493330
k 15 3835 3333333333 115479346
k 15 3836 3333333333 115498710
k 15 3837 3333333333 115479977
k 15 3838 3333333333 115487198
k 15 3839 3333333333 115490568
k 15 3840 3333333333 115486428
k 15 3841 3333333333 115497252
k 15 3845 3333333333 115483681
k 15 3842 3333333333 115476801
k 15 3843 3333333333 115475265
k 15 3846 3333333333 115470770
k 15 3844 3333333333 115468246
k 15 3847 3333333333 115474591
k 15 3848 3333333333 115469561
k 15 3850 3333333333 115471530
k 15 3849 3333333333 115451617
k 15 3851 3333333333 115456582
k 15 3852 3333333333 115464428
k 15 3853 3333333333 115449387
k 15 3854 3333333333 115467080
k 15 3856 3333333333 115467372
k 15 3855 3333333333 115467656
k 15 3858 3333333333 115460335
k 15 3857 3333333333 115442076
k 15 3859 3333333333 115461908
k 15 3860 3333333333 115449861
k 15 3861 3333333333 115447624
k 15 3862 3333333333 115461274
k 15 3863 3333333333 115445080
k 15 3864 3333333333 115446211
k 15 3865 3333333333 115462540
k 15 3866 3333333333 115444195
k 15 3869 3333333333 115443373
k 15 3867 3333333333 115433571
k 15 3868 3333333333 115444661
k 15 3870 3333333333 115423131
k 15 3872 3333333333 115417714
k 15 3871 3333333333 115439563
k 15 3873 3333333333 115446052
k 15 3874 3333333333 115433298
k 15 3875 3333333333 115440359
k 15 3876 3333333333 115436497
k 15 3881 3333333333 115411574
k 15 3877 3333333333 115437618
k 15 3878 3333333333 115434392
k 15 3879 3333333333 115438581
k 15 3880 3333333333 115425201
k 15 3882 3333333333 115401241
k 15 3883 3333333333 115429762
k 15 3884 3333333333 115407718
k 15 3891 3333333333 115409597
k 15 3885 3333333333 115421081
k 15 3887 3333333333 115410001
k 15 3886 3333333333 115423580
k 15 3888 3333333333 115404627
k 15 3889 3333333333 115408541
k 15 3890 3333333333 115427497
k 15 3892 3333333333 115408202
k 15 3893 3333333333 115402138
k 15 3894 3333333333 115391973
k 15 3895 3333333333 115402645
k 15 3896 3333333333 115401681
k 15 3897 3333333333 115394076
k 15 3898 3333333333 115397892
k 15 3899 3333333333 115376026
k 15 3900 3333333333 115399594
k 15 3901 3333333333 115390229
k 15 3902 3333333333 115392312
k 15 3903 3333333333 115383093
k 15 3904 3333333333 115391941
k 15 3905 3333333333 115382029
k 15 3906 3333333333 115381552
k 15 3907 3333333333 115405943
k 15 3908 3333333333 115387604
k 15 3909 3333333333 115383319
k 15 3910 3333333333 115368026
k 15 3913 3333333333 115375810
k 15 3911 3333333333 115385896
k 15 3912 3333333333 115385010
k 15 3914 3333333333 115388622
k 15 3915 3333333333 115368228
k 15 3916 3333333333 115385352
k 15 3917 3333333333 115361274
k 15 3918 3333333333 115367718
k 15 3919 3333333333 115355958
k 15 3920 3333333333 115372381
k 15 3921 3333333333 115363582
k 15 3925 3333333333 115382385
k 15 3922 3333333333 115351092
k 15 3923 3333333333 115366314
k 15 3924 3333333333 115360217
k 15 3926 3333333333 115365110
k 15 3927 3333333333 115370045
k 15 3928 3333333333 115348955
k 15 3930 3333333333 115368064
k 15 3931 3333333333 115351980
k 15 3929 3333333333 115360993
k 15 3936 3333333333 115353413
k 15 3932 3333333333 115331694
k 15 3933 3333333333 115364569
k 15 3934 3333333333 115346368
k 15 3935 3333333333 115365704
k 15 3937 3333333333 115337716
k 15 3938 3333333333 115332287
k 15 3939 3333333333 115347403
k 15 3940 3333333333 115354836
k 15 3941 3333333333 115347310
k 15 3946 3333333333 115320710
k 15 3942 3333333333 115332148
k 15 3944 3333333333 115352277
k 15 3945 3333333333 115331304
k 15 3943 3333333333 115350104
k 15 3947 3333333333 115345092
k 15 3948 3333333333 115328211
k 15 3949 3333333333 115336807
k 15 3950 3333333333 115340508
k 15 3951 3333333333 115314753
k 15 3952 3333333333 115334475
k 15 3953 3333333333 115326556
k 15 3954 3333333333 115315464
k 15 3955 3333333333 115322178
k 15 3956 3333333333 115329962
k 15 3957 3333333333 115327233
k 15 3958 3333333333 115321806
k 15 3959 3333333333 115322457
k 15 3960 3333333333 115319197
k 15 3961 3333333333 115307120
k 15 3962 3333333333 115312025
k 15 3963 3333333333 115296840
k 15 3964 3333333333 115307256
k 15 3965 3333333333 115294528
k 15 3966 3333333333 115311998
k 15 3970 3333333333 115306929
k 15 3967 3333333333 115308842
k 15 3968 3333333333 115303728
k 15 3969 3333333333 115308393
k 15 3971 3333333333 115300741
k 15 3972 3333333333 115289515
k 15 3974 3333333333 115281387
k 15 3973 3333333333 115283357
k 15 3975 3333333333 115299390
k 15 3976 3333333333 115283886
k 15 3981 3333333333 115288869
k 15 3977 3333333333 115281608
k 15 3978 3333333333 115284058
k 15 3979 3333333333 115288956
k 15 3980 3333333333 115271632
k 15 3982 3333333333 115288843
k 15 3983 3333333333 115304449
k 15 3984 3333333333 115268384
k 15 3985 3333333333 115276939
k 15 3988 3333333333 115280729
k 15 3991 3333333333 115276666
k 15 3986 3333333333 115282019
k 15 3987 3333333333 115273578
k 15 3989 3333333333 115266796
k 15 3990 3333333333 115270661
k 15 3992 3333333333 115264353
k 15 3993 3333333333 115265094
k 15 3995 3333333333 115264062
k 15 3994 3333333333 115280779
k 15 3996 3333333333 115253596
k 15 3997 3333333333 115253031
k 15 3998 3333333333 115266037
k 15 4001 3333333333 115264707
k 15 3999 3333333333 115255545
k 15 4000 3333333333 115264382
k 15 4002 3333333333 115254540
k 15 4003 3333333333 115270333
k 15 4004 3333333333 115253628
k 15 4005 3333333333 115242648
k 15 4006 3333333333 115254579
k 15 4007 3333333333 115256604
k 15 4009 3333333333 115251442
k 15 4008 3333333333 115245001
k 15 4010 3333333333 115239584
k 15 4011 3333333333 115232450
k 15 4013 3333333333 115240350
k 15 4012 3333333333 115259873
k 15 4014 3333333333 115231808
k 15 4015 3333333333 115236132
k 15 4016 3333333333 115242546
k 15 4017 3333333333 115241895
k 15 4018 3333333333 115230391
k 15 4019 3333333333 115219603
k 15 4020 3333333333 115226932
k 15 4021 3333333333 115225940
k 15 4022 3333333333 115205944
k 15 4023 3333333333 115226531
k 15 4026 3333333333 115217652
k 15 4024 3333333333 115233076
k 15 4025 3333333333 115212735
k 15 4027 3333333333 115221831
k 15 4028 3333333333 115220521
k 15 4029 3333333333 115219530
k 15 4030 3333333333 115222703
k 15 4031 3333333333 115217604
k 15 4032 3333333333 115232392
k 15 4033 3333333333 115215415
k 15 4038 3333333333 115207783
k 15 4034 3333333333 115218225
k 15 4035 3333333333 115199807
k 15 4037 3333333333 115193848
k 15 4036 3333333333 115210075
k 15 4039 3333333333 115206266
k 15 4040 3333333333 115220706
k 15 4041 3333333333 115200075
k 15 4048 3333333333 115196341
k 15 4042 3333333333 115202739
k 15 4043 3333333333 115201551
k 15 4044 3333333333 115191379
k 15 4045 3333333333 115213562
k 15 4046 3333333333 115206282
k 15 4047 3333333333 115195824
k 15 4049 3333333333 115186549
k 15 4050 3333333333 115208024
k 15 4051 3333333333 115185116
k 15 4052 3333333333 115181726
k 15 4053 3333333333 115199784
k 15 4054 3333333333 115203791
k 15 4055 3333333333 115175887
k 15 4056 3333333333 115175874
k 15 4057 3333333333 115191867
k 15 4059 3333333333 115185461
k 15 4058 3333333333 115176852
k 15 4060 3333333333 115172847
k 15 4061 3333333333 115187813
k 15 4062 3333333333 115171393
k 15 4063 3333333333 115166286
k 15 4064 3333333333 115166592
k 15 4065 3333333333 115174234
k 15 4066 3333333333 115169922
k 15 4067 3333333333 115173111
k 15 4070 3333333333 115136710
k 15 4068 3333333333 115161967
k 15 4069 3333333333 115166559
k 15 4071 3333333333 115174693
k 15 4072 3333333333 115155144
k 15 4073 3333333333 115181084
k 15 4074 3333333333 115167798
k 15 4075 3333333333 115156439
k 15 4076 3333333333 115144613
k 15 4077 3333333333 115149336
k 15 4082 3333333333 115139861
k 15 4078 3333333333 115142968
k 15 4079 3333333333 115142904
k 15 4080 3333333333 115147183
k 15 4081 3333333333 115153474
k 15 4083 3333333333 115154776
k 15 4084 3333333333 115133825
k 15 4085 3333333333 115137495
k 15 4086 3333333333 115161628
k 15 4087 3333333333 115141169
k 15 4092 3333333333 115141299
k 15 4088 3333333333 115116856
k 15 4089 3333333333 115147954
k 15 4090 3333333333 115136773
k 15 4091 3333333333 115124720
k 15 4093 3333333333 115134501
k 15 4094 3333333333 115127619
k 15 4095 3333333333 115133613
k 15 4096 3333333333 115124583
k 15 4097 3333333333 115124936
k 15 4098 3333333333 115128266
k 15 4102 3333333333 115119194
k 15 4099 3333333333 115115646
k 15 4100 3333333333 115103774
k 15 4101 3333333333 115128017
k 15 4103 3333333333 115140108
k 15 4104 3333333333 115109565
k 15 4105 3333333333 115142842
k 15 4106 3333333333 115134008
k 15 4107 3333333333 115116848
k 15 4108 3333333333 115113636
k 15 4109 3333333333 115122483
k 15 4110 3333333333 115114038
k 15 4111 3333333333 115106714
k 15 4112 3333333333 115112227
k 15 4113 3333333333 115096801
k 15 4114 3333333333 115100356
k 15 4116 3333333333 115114581
k 15 4115 3333333333 115091314
k 15 4117 3333333333 115096558
k 15 4119 3333333333 115090656
k 15 4118 3333333333 115080367
k 15 4120 3333333333 115099097
k 15 4121 3333333333 115087227
k 15 4122 3333333333 115092570
k 15 4123 3333333333 115097676
k 15 4124 3333333333 115092895
k 15 4127 3333333333 115085491
k 15 4125 3333333333 115101867
k 15 4126 3333333333 115100457
k 15 4128 3333333333 115096485
k 15 4129 3333333333 115081443
k 15 4130 3333333333 115091326
k 15 4131 3333333333 115070238
k 15 4132 3333333333 115072894
k 15 4133 3333333333 115080352
k 15 4139 3333333333 115080784
k 15 4134 3333333333 115084455
k 15 4135 3333333333 115075772
k 15 4137 3333333333 115081603
k 15 4136 3333333333 115084591
k 15 4138 3333333333 115071317
k 15 4140 3333333333 115086258
k 15 4141 3333333333 115073473
k 15 4142 3333333333 115075071
k 15 4148 3333333333 115062797
k 15 4143 3333333333 115069818
k 15 4144 3333333333 115069316
k 15 4145 3333333333 115069499
k 15 4146 3333333333 115044061
k 15 4147 3333333333 115052599
k 15 4149 3333333333 115065655
k 15 4150 3333333333 115048134
k 15 4151 3333333333 115072620
k 15 4152 3333333333 115054131
k 15 4153 3333333333 115061094
k 15 4154 3333333333 115056740
k 15 4155 3333333333 115064388
k 15 4157 3333333333 115041854
k 15 4156 3333333333 115049908
k 15 4158 3333333333 115047153
k 15 4159 3333333333 115052047
k 15 4160 3333333333 115050885
k 15 4161 3333333333 115041116
k 15 4162 3333333333 115042958
k 15 4163 3333333333 115044181
k 15 4164 3333333333 115031531
k 15 4166 3333333333 115035343
k 15 4165 3333333333 115047166
k 15 4167 3333333333 115035163
k 15 4170 3333333333 115031365
k 15 4168 3333333333 115032699
k 15 4169 3333333333 115030706
k 15 4171 3333333333 115038937
k 15 4172 3333333333 115024787
k 15 4173 3333333333 115029589
k 15 4174 3333333333 115021061
k 15 4175 3333333333 115028494
k 15 4176 3333333333 115023559
k 15 4177 3333333333 115015714
k 15 4178 3333333333 115017883
k 15 4180 3333333333 115014315
k 15 4179 3333333333 115028204
k 15 4182 3333333333 115025540
k 15 4181 3333333333 115012232
k 15 4184 3333333333 115001769
k 15 4183 3333333333 115014020
k 15 4185 3333333333 115006190
k 15 4186 3333333333 115015370
k 15 4187 3333333333 115017059
k 15 4188 3333333333 115009265
k 15 4189 3333333333 115003466
k 15 4190 3333333333 115007504
k 15 4195 3333333333 115005598
k 15 4191 3333333333 115014003
k 15 4192 3333333333 115001112
k 15 4193 3333333333 114996582
k 15 4194 3333333333 114986773
k 15 4196 3333333333 114998531
k 15 4198 3333333333 114993182
k 15 4197 3333333333 115002677
k 15 4205 3333333333 114963577
k 15 4199 3333333333 114990938
k 15 4200 3333333333 114989534
k 15 4201 3333333333 114979189
k 15 4202 3333333333 114977519
k 15 4204 3333333333 114989650
k 15 4203 3333333333 114995116
k 15 4206 3333333333 114983722
k 15 4209 3333333333 114988181
k 15 4208 3333333333 114987286
k 15 4207 3333333333 114980581
k 15 4210 3333333333 114967108
k 15 4212 3333333333 114986885
k 15 4211 3333333333 114973634
k 15 4213 3333333333 114971858
k 15 4214 3333333333 114982399
k 15 4215 3333333333 114951986
k 15 4216 3333333333 114987953
k 15 4217 3333333333 114967643
k 15 4218 3333333333 114964428
k 15 4219 3333333333 114953260
k 15 4220 3333333333 114974386
k 15 4223 3333333333 114945914
k 15 4221 3333333333 114947568
k 15 4222 3333333333 114966817
k 15 4224 3333333333 114961825
k 15 4227 3333333333 114955518
k 15 4225 3333333333 114959232
k 15 4226 3333333333 114962574
k 15 4228 3333333333 114952777
k 15 4229 3333333333 114945044
k 15 4230 3333333333 114944956
k 15 4232 3333333333 114954173
k 15 4231 3333333333 114945715
k 15 4233 3333333333 114950350
k 15 4239 3333333333 114930313
k 15 4234 3333333333 114955296
k 15 4236 3333333333 114940140
k 15 4235 3333333333 114948788
k 15 4237 3333333333 114933776
k 15 4238 3333333333 114937553
k 15 4240 3333333333 114947003
k 15 4241 3333333333 114943822
k 15 4242 3333333333 114945760
k 15 4243 3333333333 114930835
k 15 4244 3333333333 114923687
k 15 4248 3333333333 114922041
k 15 4246 3333333333 114939422
k 15 4245 3333333333 114921470
k 15 4247 3333333333 114917824
k 15 4249 3333333333 114923340
k 15 4250 3333333333 114941936
k 15 4252 3333333333 114922195
k 15 4251 3333333333 114924705
k 15 4253 3333333333 114922254
k 15 4254 3333333333 114913802
k 15 4255 3333333333 114923480
k 15 4259 3333333333 114903873
k 15 4256 3333333333 114910287
k 15 4257 3333333333 114919537
k 15 4258 3333333333 114923448
k 15 4260 3333333333 114913156
k 15 4261 3333333333 114919421
k 15 4262 3333333333 114922655
k 15 4263 3333333333 114906378
k 15 4264 3333333333 114917243
k 15 4265 3333333333 114903880
k 15 4266 3333333333 114909926
k 15 4267 3333333333 114896846
k 15 4270 3333333333 114895588
k 15 4269 3333333333 114910919
k 15 4268 3333333333 114923306
k 15 4271 3333333333 114908093
k 15 4272 3333333333 114907314
k 15 4273 3333333333 114894860
k 15 4274 3333333333 114904406
k 15 4275 3333333333 114895092
k 15 4276 3333333333 114882564
k 15 4277 3333333333 114894160
k 15 4278 3333333333 114887190
k 15 4280 3333333333 114866702
k 15 4279 3333333333 114884699
k 15 4282 3333333333 114878496
k 15 4281 3333333333 114893506
k 15 4283 3333333333 114890814
k 15 4284 3333333333 114875420
k 15 4285 3333333333 114883368
k 15 4286 3333333333 114869549
k 15 4287 3333333333 114881199
k 15 4288 3333333333 114867096
k 15 4290 3333333333 114864903
k 15 4289 3333333333 114861150
k 15 4295 3333333333 114871280
k 15 4291 3333333333 114889172
k 15 4293 3333333333 114877204
k 15 4292 3333333333 114868957
k 15 4294 3333333333 114858765
k 15 4296 3333333333 114863964
k 15 4297 3333333333 114859559
k 15 4298 3333333333 114877207
k 15 4299 3333333333 114869190
k 15 4305 3333333333 114854649
k 15 4300 3333333333 114847233
k 15 4301 3333333333 114870945
k 15 4302 3333333333 114846423
k 15 4303 3333333333 114856776
k 15 4304 3333333333 114851388
k 15 4306 3333333333 114852087
k 15 4307 3333333333 114860265
k 15 4309 3333333333 114848628
k 15 4308 3333333333 114845900
k 15 4310 3333333333 114855876
k 15 4311 3333333333 114858357
k 15 4312 3333333333 114845334
k 15 4314 3333333333 114845371
k 15 4313 3333333333 114840038
k 15 4315 3333333333 114850859
k 15 4316 3333333333 114822689
k 15 4317 3333333333 114845695
k 15 4319 3333333333 114841924
k 15 4318 3333333333 114851346
k 15 4320 3333333333 114834027
k 15 4321 3333333333 114834834
k 15 4323 3333333333 114824982
k 15 4322 3333333333 114839055
k 15 4324 3333333333 114835223
k 15 4327 3333333333 114823938
k 15 4325 3333333333 114826463
k 15 4326 3333333333 114843885
k 15 4328 3333333333 114832629
k 15 4329 3333333333 114818907
k 15 4330 3333333333 114827737
k 15 4331 3333333333 114828461
k 15 4332 3333333333 114820100
k 15 4333 3333333333 114828125
k 15 4334 3333333333 114818224
k 15 4335 3333333333 114813882
k 15 4339 3333333333 114812784
k 15 4336 3333333333 114808252
k 15 4337 3333333333 114815845
k 15 4338 3333333333 114812641
k 15 4340 3333333333 114806415
k 15 4341 3333333333 114816240
k 15 4342 3333333333 114809787
k 15 4343 3333333333 114803295
k 15 4344 3333333333 114808137
k 15 4345 3333333333 114803689
k 15 4350 3333333333 114800426
k 15 4346 3333333333 114808446
k 15 4347 3333333333 114789990
k 15 4348 3333333333 114801846
k 15 4349 3333333333 114787774
k 15 4351 3333333333 114797659
k 15 4352 3333333333 114795035
k 15 4353 3333333333 114797426
k 15 4354 3333333333 114796471
k 15 4355 3333333333 114806928
k 15 4360 3333333333 114774096
k 15 4356 3333333333 114796213
k 15 4357 3333333333 114801304
k 15 4358 3333333333 114800325
k 15 4359 3333333333 114804734
k 15 4361 3333333333 114765147
k 15 4362 3333333333 114791051
k 15 4364 3333333333 114794683
k 15 4363 3333333333 114788936
k 15 4365 3333333333 114776815
k 15 4366 3333333333 114775121
k 15 4367 3333333333 114779875
k 15 4368 3333333333 114779207
k 15 4369 3333333333 114769576
k 15 4370 3333333333 114775755
k 15 4371 3333333333 114781674
k 15 4373 3333333333 114769686
k 15 4372 3333333333 114762343
k 15 4375 3333333333 114753086
k 15 4374 3333333333 114760662
k 15 4376 3333333333 114775028
k 15 4378 3333333333 114777901
k 15 4377 3333333333 114770754
k 15 4379 3333333333 114760160
k 15 4380 3333333333 114762395
k 15 4381 3333333333 114754919
k 15 4384 3333333333 114759487
k 15 4382 3333333333 114763009
k 15 4383 3333333333 114759291
k 15 4385 3333333333 114744222
k 15 4387 3333333333 114767566
k 15 4386 3333333333 114736565
k 15 4388 3333333333 114754472
k 15 4389 3333333333 114736750
k 15 4390 3333333333 114751492
k 15 4396 3333333333 114733372
k 15 4391 3333333333 114747171
k 15 4392 3333333333 114758695
k 15 4393 3333333333 114750812
k 15 4394 3333333333 114731055
k 15 4395 3333333333 114742125
k 15 4397 3333333333 114737480
k 15 4398 3333333333 114738889
k 15 4399 3333333333 114754547
k 15 4400 3333333333 114736136
k 15 4401 3333333333 114725542
k 15 4405 3333333333 114734578
k 15 4402 3333333333 114733080
k 15 4403 3333333333 114726180
k 15 4404 3333333333 114729706
k 15 4406 3333333333 114724279
k 15 4407 3333333333 114720432
k 15 4408 3333333333 114722288
k 15 4409 3333333333 114709963
k 15 4410 3333333333 114727063
k 15 4411 3333333333 114724622
k 15 4412 3333333333 114708211
k 15 4416 3333333333 114699802
k 15 4413 3333333333 114731275
k 15 4415 3333333333 114725075
k 15 4414 3333333333 114716187
k 15 4417 3333333333 114707318
k 15 4418 3333333333 114714157
k 15 4419 3333333333 114693874
k 15 4421 3333333333 114710892
k 15 4420 3333333333 114711559
k 15 4422 3333333333 114708044
k 15 4423 3333333333 114689316
k 15 4424 3333333333 114699693
k 15 4427 3333333333 114701508
k 15 4425 3333333333 114692531
k 15 4426 3333333333 114703369
k 15 4428 3333333333 114697815
k 15 4429 3333333333 114703161
k 15 4430 3333333333 114694918
k 15 4431 3333333333 114706342
k 15 4432 3333333333 114697611
k 15 4433 3333333333 114700707
k 15 4434 3333333333 114700668
k 15 4435 3333333333 114693228
k 15 4436 3333333333 114681844
k 15 4439 3333333333 114677058
k 15 4437 3333333333 114688044
k 15 4438 3333333333 114697794
k 15 4440 3333333333 114680139
k 15 4441 3333333333 114680157
k 15 4442 3333333333 114695138
k 15 4443 3333333333 114694533
k 15 4444 3333333333 114688495
k 15 4446 3333333333 114682669
k 15 4445 3333333333 114673929
k 15 4451 3333333333 114665067
k 15 4447 3333333333 114676114
k 15 4448 3333333333 114685701
k 15 4449 3333333333 114692233
k 15 4450 3333333333 114676670
k 15 4452 3333333333 114678975
k 15 4453 3333333333 114676850
k 15 4454 3333333333 114660486
k 15 4455 3333333333 114662865
k 15 4456 3333333333 114656875
k 15 4461 3333333333 114665723
k 15 4457 3333333333 114656470
k 15 4458 3333333333 114677682
k 15 4459 3333333333 114651823
k 15 4460 3333333333 114667855
k 15 4462 3333333333 114661803
k 15 4463 3333333333 114668316
k 15 4464 3333333333 114648287
k 15 4465 3333333333 114635589
k 15 4466 3333333333 114649934
k 15 4467 3333333333 114653475
k 15 4468 3333333333 114647722
k 15 4469 3333333333 114652687
k 15 4471 3333333333 114648390
k 15 4470 3333333333 114645426
k 15 4472 3333333333 114641187
k 15 4473 3333333333 114652140
k 15 4475 3333333333 114646901
k 15 4474 3333333333 114641365
k 15 4476 3333333333 114633969
k 15 4478 3333333333 114640692
k 15 4477 3333333333 114638806
k 15 4479 3333333333 114622413
k 15 4480 3333333333 114645949
k 15 4481 3333333333 114634269
k 15 4484 3333333333 114622215
k 15 4482 3333333333 114631520
k 15 4483 3333333333 114622561
k 15 4485 3333333333 114649020
k 15 4486 3333333333 114640833
k 15 4487 3333333333 114631464
k 15 4488 3333333333 114638543
k 15 4489 3333333333 114626059
k 15 4490 3333333333 114609309
k 15 4491 3333333333 114621998
k 15 4492 3333333333 114626292
k 15 4493 3333333333 114610766
k 15 4496 3333333333 114627505
k 15 4494 3333333333 114628883
k 15 4495 3333333333 114624105
k 15 4498 3333333333 114610094
k 15 4497 3333333333 114604031
k 15 4499 3333333333 114609456
k 15 4500 3333333333 114616876
k 15 4501 3333333333 114604588
k 15 4508 3333333333 114609436
k 15 4502 3333333333 114606721
k 15 4503 3333333333 114606790
k 15 4504 3333333333 114607332
k 15 4505 3333333333 114599463
k 15 4506 3333333333 114603580
k 15 4507 3333333333 114601031
k 15 4509 3333333333 114600959
k 15 4510 3333333333 114594597
k 15 4511 3333333333 114609567
k 15 4512 3333333333 114616032
k 15 4516 3333333333 114596130
k 15 4513 3333333333 114583743
k 15 4514 3333333333 114596887
k 15 4515 3333333333 114607195
k 15 4517 3333333333 114595239
k 15 4518 3333333333 114589660
k 15 4519 3333333333 114580344
k 15 4520 3333333333 114583326
k 15 4521 3333333333 114572568
k 15 4522 3333333333 114595865
k 15 4523 3333333333 114564830
k 15 4524 3333333333 114601143
k 15 4525 3333333333 114580865
k 15 4527 3333333333 114590111
k 15 4526 3333333333 114589543
k 15 4528 3333333333 114572581
k 15 4529 3333333333 114593344
k 15 4530 3333333333 114575399
k 15 4531 3333333333 114580088
k 15 4532 3333333333 114578787
k 15 4533 3333333333 114574476
k 15 4534 3333333333 114566054
k 15 4535 3333333333 114580856
k 15 4536 3333333333 114575481
k 15 4537 3333333333 114572597
k 15 4538 3333333333 114559465
k 15 4540 3333333333 114567113
k 15 4539 3333333333 114560149
k 15 4541 3333333333 114562599
k 15 4542 3333333333 114567276
k 15 4543 3333333333 114547766
k 15 4544 3333333333 114546255
k 15 4545 3333333333 114561890
k 15 4546 3333333333 114555876
k 15 4547 3333333333 114558765
k 15 4548 3333333333 114534426
k 15 4553 3333333333 114547269
k 15 4549 3333333333 114548951
k 15 4550 3333333333 114550735
k 15 4551 3333333333 114575770
k 15 4552 3333333333 114559105
k 15 4554 3333333333 114548032
k 15 4555 3333333333 114550099
k 15 4556 3333333333 114561402
k 15 4557 3333333333 114539096
k 15 4563 3333333333 114557253
k 15 4558 3333333333 114535818
k 15 4560 3333333333 114552029
k 15 4559 3333333333 114546034
k 15 4561 3333333333 114533851
k 15 4562 3333333333 114527255
k 15 4564 3333333333 114541760
k 15 4565 3333333333 114510050
k 15 4566 3333333333 114519824
k 15 4567 3333333333 114533497
k 15 4568 3333333333 114531361
k 15 4569 3333333333 114525850
k 15 4572 3333333333 114533685
k 15 4570 3333333333 114545758
k 15 4571 3333333333 114523280
k 15 4573 3333333333 114524439
k 15 4575 3333333333 114510027
k 15 4574 3333333333 114523906
k 15 4576 3333333333 114516687
k 15 4577 3333333333 114519760
k 15 4578 3333333333 114541786
k 15 4579 3333333333 114526447
k 15 4581 3333333333 114516054
k 15 4580 3333333333 114505743
k 15 4584 3333333333 114511842
k 15 4582 3333333333 114496218
k 15 4583 3333333333 114525987
k 15 4585 3333333333 114510372
k 15 4586 3333333333 114494769
k 15 4587 3333333333 114508090
k 15 4588 3333333333 114513912
k 15 4589 3333333333 114525177
k 15 4590 3333333333 114484084
k 15 4591 3333333333 114502716
k 15 4592 3333333333 114488110
k 15 4593 3333333333 114488448
k 15 4596 3333333333 114494886
k 15 4595 3333333333 114510119
k 15 4594 3333333333 114509691
k 15 4597 3333333333 114491271
k 15 4598 3333333333 114499182
k 15 4599 3333333333 114493426
k 15 4600 3333333333 114500284
k 15 4601 3333333333 114473564
k 15 4602 3333333333 114484425
k 15 4608 3333333333 114490634
k 15 4603 3333333333 114481785
k 15 4604 3333333333 114481017
k 15 4605 3333333333 114493733
k 15 4606 3333333333 114493443
k 15 4607 3333333333 114486774
k 15 4609 3333333333 114462741
k 15 4610 3333333333 114472212
k 15 4611 3333333333 114472322
k 15 4612 3333333333 114468906
k 15 4613 3333333333 114474205
k 15 4617 3333333333 114476513
k 15 4614 3333333333 114475104
k 15 4615 3333333333 114472480
k 15 4616 3333333333 114465478
k 15 4618 3333333333 114459467
k 15 4619 3333333333 114459906
k 15 4620 3333333333 114462265
k 15 4621 3333333333 114459774
k 15 4622 3333333333 114458137
k 15 4624 3333333333 114467739
k 15 4623 3333333333 114472946
k 15 4625 3333333333 114473463
k 15 4626 3333333333 114452662
k 15 4628 3333333333 114460366
k 15 4627 3333333333 114466829
k 15 4629 3333333333 114449085
k 15 4630 3333333333 114465421
k 15 4631 3333333333 114456387
k 15 4632 3333333333 114456585
k 15 4633 3333333333 114434905
k 15 4634 3333333333 114462238
k 15 4636 3333333333 114437942
k 15 4635 3333333333 114445246
k 15 4637 3333333333 114448685
k 15 4638 3333333333 114437814
k 15 4641 3333333333 114434981
k 15 4639 3333333333 114437038
k 15 4640 3333333333 114426905
k 15 4642 3333333333 114466487
k 15 4643 3333333333 114434717
k 15 4644 3333333333 114441987
k 15 4645 3333333333 114439878
k 15 4646 3333333333 114432496
k 15 4647 3333333333 114443986
k 15 4648 3333333333 114433175
k 15 4649 3333333333 114443181
k 15 4650 3333333333 114442955
k 15 4653 3333333333 114427405
k 15 4651 3333333333 114435500
k 15 4652 3333333333 114425299
k 15 4654 3333333333 114411397
k 15 4655 3333333333 114428105
k 15 4656 3333333333 114417106
k 15 4657 3333333333 114409680
k 15 4658 3333333333 114430194
k 15 4665 3333333333 114433898
k 15 4659 3333333333 114422309
k 15 4660 3333333333 114418964
k 15 4661 3333333333 114404243
k 15 4662 3333333333 114413616
k 15 4663 3333333333 114424059
k 15 4664 3333333333 114424711
k 15 4666 3333333333 114407663
k 15 4667 3333333333 114412577
k 15 4668 3333333333 114408601
k 15 4669 3333333333 114410488
k 15 4673 3333333333 114398629
k 15 4670 3333333333 114402116
k 15 4671 3333333333 114411389
k 15 4672 3333333333 114421460
k 15 4674 3333333333 114404976
k 15 4675 3333333333 114382800
k 15 4676 3333333333 114400022
k 15 4677 3333333333 114399265
k 15 4679 3333333333 114402683
k 15 4678 3333333333 114406660
k 15 4680 3333333333 114376376
k 15 4681 3333333333 114405949
k 15 4682 3333333333 114395211
k 15 4684 3333333333 114388017
k 15 4683 3333333333 114394250
k 15 4685 3333333333 114377786
k 15 4686 3333333333 114386562
k 15 4687 3333333333 114384482
k 15 4688 3333333333 114390242
k 15 4689 3333333333 114371994
k 15 4690 3333333333 114382934
k 15 4691 3333333333 114370244
k 15 4692 3333333333 114373868
k 15 4693 3333333333 114361812
k 15 4694 3333333333 114384088
k 15 4695 3333333333 114385322
k 15 4697 3333333333 114381575
k 15 4696 3333333333 114368914
k 15 4698 3333333333 114385567
k 15 4699 3333333333 114385742
k 15 4700 3333333333 114360220
k 15 4701 3333333333 114374368
k 15 4702 3333333333 114370409
k 15 4703 3333333333 114375860
k 15 4704 3333333333 114363918
k 15 4710 3333333333 114374107
k 15 4705 3333333333 114373653
k 15 4706 3333333333 114364850
k 15 4707 3333333333 114369671
k 15 4708 3333333333 114357897
k 15 4709 3333333333 114351370
k 15 4711 3333333333 114363653
k 15 4712 3333333333 114354404
k 15 4713 3333333333 114344989
k 15 4714 3333333333 114335022
k 15 4719 3333333333 114342854
k 15 4715 3333333333 114366289
k 15 4716 3333333333 114345191
k 15 4717 3333333333 114357514
k 15 4718 3333333333 114357450
k 15 4720 3333333333 114348783
k 15 4721 3333333333 114369932
k 15 4722 3333333333 114357932
k 15 4723 3333333333 114347465
k 15 4724 3333333333 114337585
k 15 4725 3333333333 114350397
k 15 4726 3333333333 114329257
k 15 4729 3333333333 114331229
k 15 4727 3333333333 114338106
k 15 4728 3333333333 114343885
k 15 4730 3333333333 114342683
k 15 4731 3333333333 114340334
k 15 4732 3333333333 114329615
k 15 4733 3333333333 114329898
k 15 4734 3333333333 114326244
k 15 4735 3333333333 114313463
k 15 4736 3333333333 114327659
k 15 4737 3333333333 114313024
k 15 4738 3333333333 114333645
k 15 4741 3333333333 114326546
k 15 4739 3333333333 114324268
k 15 4740 3333333333 114318663
k 15 4742 3333333333 114328796
k 15 4743 3333333333 114330313
k 15 4744 3333333333 114323991
k 15 4745 3333333333 114321485
k 15 4746 3333333333 114326436
k 15 4747 3333333333 114302321
k 15 4748 3333333333 114327006
k 15 4749 3333333333 114303105
k 15 4750 3333333333 114312502
k 15 4753 3333333333 114299852
k 15 4751 3333333333 114314916
k 15 4752 3333333333 114303675
k 15 4754 3333333333 114305035
k 15 4755 3333333333 114311121
k 15 4756 3333333333 114300428
k 15 4757 3333333333 114298184
k 15 4758 3333333333 114303681
k 15 4759 3333333333 114295143
k 15 4765 3333333333 114306415
k 15 4760 3333333333 114317542
k 15 4761 3333333333 114303357
k 15 4762 3333333333 114326204
k 15 4763 3333333333 114298011
k 15 4764 3333333333 114289900
k 15 4766 3333333333 114290195
k 15 4767 3333333333 114283656
k 15 4768 3333333333 114291707
k 15 4769 3333333333 114284584
k 15 4774 3333333333 114281874
k 15 4770 3333333333 114295240
k 15 4771 3333333333 114277510
k 15 4772 3333333333 114284867
k 15 4773 3333333333 114273704
k 15 4776 3333333333 114282015
k 15 4775 3333333333 114294451
k 15 4777 3333333333 114282924
k 15 4778 3333333333 114286899
k 15 4779 3333333333 114293056
k 15 4781 3333333333 114274568
k 15 4780 3333333333 114274316
k 15 4782 3333333333 114280527
k 15 4783 3333333333 114269652
k 15 4784 3333333333 114267229
k 15 4785 3333333333 114279676
k 15 4786 3333333333 114269877
k 15 4787 3333333333 114260989
k 15 4788 3333333333 114270995
k 15 4789 3333333333 114254944
k 15 4790 3333333333 114246862
k 15 4791 3333333333 114266099
k 15 4792 3333333333 114268836
k 15 4793 3333333333 114256527
k 15 4794 3333333333 114259722
k 15 4795 3333333333 114255853
k 15 4798 3333333333 114262631
k 15 4796 3333333333 114269401
k 15 4797 3333333333 114268606
k 15 4799 3333333333 114260552
k 15 4800 3333333333 114256898
k 15 4801 3333333333 114256294
k 15 4802 3333333333 114246867
k 15 4803 3333333333 114254261
k 15 4804 3333333333 114243706
k 15 4805 3333333333 114255948
k 15 4810 3333333333 114222279
k 15 4806 3333333333 114240302
k 15 4807 3333333333 114246467
k 15 4808 3333333333 114252849
k 15 4809 3333333333 114238776
k 15 4811 3333333333 114248667
k 15 4812 3333333333 114242873
k 15 4813 3333333333 114225261
k 15 4814 3333333333 114235144
k 15 4815 3333333333 114225172
k 15 4820 3333333333 114231869
k 15 4817 3333333333 114228240
k 15 4816 3333333333 114239338
k 15 4818 3333333333 114230360
k 15 4819 3333333333 114231967
k 15 4821 3333333333 114217077
k 15 4822 3333333333 114228774
k 15 4824 3333333333 114225097
k 15 4823 3333333333 114233329
k 15 4825 3333333333 114222839
k 15 4826 3333333333 114224132
k 15 4830 3333333333 114221515
k 15 4827 3333333333 114227793
k 15 4828 3333333333 114225149
k 15 4829 3333333333 114221656
k 15 4833 3333333333 114223256
k 15 4831 3333333333 114226231
k 15 4832 3333333333 114216906
k 15 4834 3333333333 114222664
k 15 4835 3333333333 114208497
k 15 4836 3333333333 114201903
k 15 4838 3333333333 114221569
k 15 4837 3333333333 114199128
k 15 4839 3333333333 114201574
k 15 4841 3333333333 114205273
k 15 4840 3333333333 114211666
k 15 4842 3333333333 114209927
k 15 4843 3333333333 114203436
k 15 4844 3333333333 114201499
k 15 4845 3333333333 114198252
k 15 4846 3333333333 114203474
k 15 4847 3333333333 114195869
k 15 4848 3333333333 114212103
k 15 4849 3333333333 114204439
k 15 4850 3333333333 114197460
k 15 4851 3333333333 114196637
k 15 4854 3333333333 114191669
k 15 4852 3333333333 114176967
k 15 4853 3333333333 114206689
k 15 4855 3333333333 114188442
k 15 4856 3333333333 114170796
k 15 4857 3333333333 114192984
k 15 4858 3333333333 114187049
k 15 4859 3333333333 114193445
k 15 4860 3333333333 114185378
k 15 4861 3333333333 114186344
k 15 4866 3333333333 114168317
k 15 4862 3333333333 114193694
k 15 4863 3333333333 114193873
k 15 4864 3333333333 114176694
k 15 4865 3333333333 114193436
k 15 4867 3333333333 114187145
k 15 4868 3333333333 114181574
k 15 4869 3333333333 114162894
k 15 4870 3333333333 114171289
k 15 4876 3333333333 114180157
k 15 4871 3333333333 114169079
k 15 4872 3333333333 114169900
k 15 4874 3333333333 114159449
k 15 4873 3333333333 114175275
k 15 4875 3333333333 114157896
k 15 4877 3333333333 114158519
k 15 4878 3333333333 114168208
k 15 4879 3333333333 114174625
k 15 4880 3333333333 114173115
k 15 4881 3333333333 114164795
k 15 4882 3333333333 114150974
k 15 4883 3333333333 114164928
k 15 4885 3333333333 114163071
k 15 4884 3333333333 114159945
k 15 4886 3333333333 114133028
k 15 4887 3333333333 114141056
k 15 4888 3333333333 114164203
k 15 4889 3333333333 114152750
k 15 4890 3333333333 114152939
k 15 4891 3333333333 114140821
k 15 4892 3333333333 114158170
k 15 4893 3333333333 114137966
k 15 4894 3333333333 114144839
k 15 4895 3333333333 114143219
k 15 4898 3333333333 114136766
k 15 4896 3333333333 114148878
k 15 4897 3333333333 114150470
k 15 4899 3333333333 114153241
k 15 4900 3333333333 114131779
k 15 4901 3333333333 114113079
k 15 4902 3333333333 114136890
k 15 4903 3333333333 114141590
k 15 4904 3333333333 114132896
k 15 4905 3333333333 114137064
k 15 4906 3333333333 114129754
k 15 4910 3333333333 114129130
k 15 4907 3333333333 114147739
k 15 4908 3333333333 114138071
k 15 4909 3333333333 114132570
k 15 4912 3333333333 114128411
k 15 4911 3333333333 114127789
k 15 4913 3333333333 114125032
k 15 4914 3333333333 114120705
k 15 4915 3333333333 114104543
k 15 4917 3333333333 114125055
k 15 4921 3333333333 114109375
k 15 4916 3333333333 114113557
k 15 4918 3333333333 114111135
k 15 4919 3333333333 114117631
k 15 4920 3333333333 114121200
k 15 4922 3333333333 114111223
k 15 4925 3333333333 114107540
k 15 4923 3333333333 114104349
k 15 4924 3333333333 114119037
k 15 4926 3333333333 114102151
k 15 4931 3333333333 114109795
k 15 4927 3333333333 114118916
k 15 4928 3333333333 114111544
k 15 4929 3333333333 114093608
k 15 4930 3333333333 114091581
k 15 4932 3333333333 114093355
k 15 4933 3333333333 114089674
k 15 4937 3333333333 114109253
k 15 4934 3333333333 114104913
k 15 4935 3333333333 114109511
k 15 4936 3333333333 114090346
k 15 4938 3333333333 114100294
k 15 4939 3333333333 114089987
k 15 4940 3333333333 114084561
k 15 4941 3333333333 114085201
k 15 4948 3333333333 114078865
k 15 4943 3333333333 114081076
k 15 4942 3333333333 114089045
k 15 4944 3333333333 114080094
k 15 4945 3333333333 114087611
k 15 4946 3333333333 114082733
k 15 4947 3333333333 114093036
k 15 4949 3333333333 114089456
k 15 4950 3333333333 114072913
k 15 4951 3333333333 114068728
k 15 4952 3333333333 114082816
k 15 4955 3333333333 114070822
k 15 4953 3333333333 114058507
k 15 4954 3333333333 114067298
k 15 4956 3333333333 114055094
k 15 4957 3333333333 114078354
k 15 4958 3333333333 114065612
k 15 4959 3333333333 114064293
k 15 4960 3333333333 114064368
k 15 4961 3333333333 114087327
k 15 4962 3333333333 114079965
k 15 4967 3333333333 114073293
k 15 4963 3333333333 114050135
k 15 4964 3333333333 114056576
k 15 4965 3333333333 114073248
k 15 4966 3333333333 114062478
k 15 4968 3333333333 114052241
k 15 4970 3333333333 114069777
k 15 4969 3333333333 114048891
k 15 4977 3333333333 114051912
k 15 4971 3333333333 114045403
k 15 4972 3333333333 114066319
k 15 4973 3333333333 114053478
k 15 4974 3333333333 114060305
k 15 4975 3333333333 114062369
k 15 4976 3333333333 114059681
k 15 4983 3333333333 114050480
k 15 4978 3333333333 114053373
k 15 4979 3333333333 114049521
k 15 4980 3333333333 114042767
k 15 4981 3333333333 114049333
k 15 4982 3333333333 114032291
k 15 4984 3333333333 114048057
k 15 4985 3333333333 114044822
k 15 4987 3333333333 114042271
k 15 4986 3333333333 114047145
k 15 4992 3333333333 114028867
k 15 4988 3333333333 114041826
k 15 4989 3333333333 114038510
k 15 4990 3333333333 114025336
k 15 4991 3333333333 114041741
k 15 4993 3333333333 114035259
k 15 4994 3333333333 114031625
k 15 4995 3333333333 114034115
k 15 4996 3333333333 114035736
k 15 4997 3333333333 114023182
k 15 4999 3333333333 114017096
k 15 4998 3333333333 114032797
k 15 5002 3333333333 114018563
k 15 5000 3333333333 114033369
k 15 5001 3333333333 114020690
k 15 5003 3333333333 114025753
k 15 5004 3333333333 114021494
k 15 5005 3333333333 114024836
k 15 5006 3333333333 114045482
k 15 5007 3333333333 114012833
k 15 5012 3333333333 114008751
k 15 5008 3333333333 114027599
k 15 5009 3333333333 113999407
k 15 5010 3333333333 114015939
k 15 5011 3333333333 114019137
k 15 5014 3333333333 114016399
k 15 5013 3333333333 114029807
k 15 5015 3333333333 114006253
k 15 5016 3333333333 114011118
k 15 5017 3333333333 113993398
k 15 5022 3333333333 114010089
k 15 5018 3333333333 114005573
k 15 5019 3333333333 114008592
k 15 5020 3333333333 114005362
k 15 5021 3333333333 114010648
k 15 5023 3333333333 114002374
k 15 5027 3333333333 113998182
k 15 5024 3333333333 114000394
k 15 5025 3333333333 113998531
k 15 5026 3333333333 114010633
k 15 5028 3333333333 113995594
k 15 5032 3333333333 113991786
k 15 5029 3333333333 113998756
k 15 5030 3333333333 113981256
k 15 5031 3333333333 113989941
k 15 5038 3333333333 113990166
k 15 5033 3333333333 113979774
k 15 5034 3333333333 113984039
k 15 5035 3333333333 113979327
k 15 5036 3333333333 113958710
k 15 5037 3333333333 113984707
k 15 5039 3333333333 113969389
k 15 5040 3333333333 113988406
k 15 5041 3333333333 113970886
k 15 5043 3333333333 113976233
k 15 5042 3333333333 113994837
k 15 5047 3333333333 113974825
k 15 5044 3333333333 113966982
k 15 5045 3333333333 113975696
k 15 5046 3333333333 113978539
k 15 5048 3333333333 113966991
k 15 5050 3333333333 113969590
k 15 5049 3333333333 113964540
k 15 5051 3333333333 113967700
k 15 5052 3333333333 113969916
k 15 5053 3333333333 113967149
k 15 5056 3333333333 113974784
k 15 5054 3333333333 113958849
k 15 5055 3333333333 113968495
k 15 5058 3333333333 113975162
k 15 5057 3333333333 113959376
k 15 5059 3333333333 113960753
k 15 5060 3333333333 113960661
k 15 5061 3333333333 113957938
k 15 5062 3333333333 113955896
k 15 5063 3333333333 113965674
k 15 5068 3333333333 113950445
k 15 5064 3333333333 113953956
k 15 5065 3333333333 113963559
k 15 5066 3333333333 113956888
k 15 5067 3333333333 113955493
k 15 5071 3333333333 113942703
k 15 5069 3333333333 113948619
k 15 5070 3333333333 113948248
k 15 5072 3333333333 113960129
k 15 5078 3333333333 113926977
k 15 5073 3333333333 113965110
k 15 5074 3333333333 113935968
k 15 5075 3333333333 113954196
k 15 5076 3333333333 113934858
k 15 5077 3333333333 113937666
k 15 5079 3333333333 113936947
k 15 5083 3333333333 113937199
k 15 5080 3333333333 113938072
k 15 5081 3333333333 113919948
k 15 5082 3333333333 113922482
k 15 5084 3333333333 113925200
k 15 5085 3333333333 113932167
k 15 5086 3333333333 113925638
k 15 5087 3333333333 113937263
k 15 5094 3333333333 113922174
k 15 5088 3333333333 113927330
k 15 5089 3333333333 113945537
k 15 5090 3333333333 113913041
k 15 5091 3333333333 113924551
k 15 5093 3333333333 113922353
k 15 5092 3333333333 113918769
k 15 5095 3333333333 113936790
k 15 5096 3333333333 113913671
k 15 5097 3333333333 113918615
k 15 5101 3333333333 113919940
k 15 5098 3333333333 113910926
k 15 5099 3333333333 113921621
k 15 5100 3333333333 113922295
k 15 5102 3333333333 113916050
k 15 5103 3333333333 113920993
k 15 5104 3333333333 113920712
k 15 5105 3333333333 113913896
k 15 5106 3333333333 113899836
k 15 5107 3333333333 113896889
k 15 5108 3333333333 113908757
k 15 5112 3333333333 113901093
k 15 5109 3333333333 113906956
k 15 5110 3333333333 113888375
k 15 5111 3333333333 113918991
k 15 5113 3333333333 113891387
k 15 5116 3333333333 113900658
k 15 5114 3333333333 113908536
k 15 5115 3333333333 113899114
k 15 5117 3333333333 113890239
k 15 5118 3333333333 113894227
k 15 5123 3333333333 113891677
k 15 5119 3333333333 113896049
k 15 5120 3333333333 113878684
k 15 5121 3333333333 113888458
k 15 5122 3333333333 113885100
k 15 5128 3333333333 113884670
k 15 5124 3333333333 113891041
k 15 5125 3333333333 113888901
k 15 5126 3333333333 113890230
k 15 5127 3333333333 113888836
k 15 5129 3333333333 113884310
k 15 5130 3333333333 113884117
k 15 5133 3333333333 113885647
k 15 5131 3333333333 113892104
k 15 5132 3333333333 113877849
k 15 5138 3333333333 113885686
k 15 5134 3333333333 113881429
k 15 5135 3333333333 113875979
k 15 5136 3333333333 113881251
k 15 5137 3333333333 113884814
k 15 5139 3333333333 113869022
k 15 5140 3333333333 113884163
k 15 5141 3333333333 113866967
k 15 5142 3333333333 113864724
k 15 5143 3333333333 113866231
k 15 5145 3333333333 113861360
k 15 5144 3333333333 113877977
k 15 5148 3333333333 113865663
k 15 5146 3333333333 113855289
k 15 5147 3333333333 113868393
k 15 5149 3333333333 113866079
k 15 5151 3333333333 113876503
k 15 5150 3333333333 113862616
k 15 5152 3333333333 113859179
k 15 5158 3333333333 113848388
k 15 5154 3333333333 113847957
k 15 5153 3333333333 113854663
k 15 5155 3333333333 113858325
k 15 5156 3333333333 113859642
k 15 5157 3333333333 113855310
k 15 5160 3333333333 113850455
k 15 5159 3333333333 113834003
k 15 5161 3333333333 113837131
k 15 5162 3333333333 113841263
k 15 5167 3333333333 113844372
k 15 5163 3333333333 113853345
k 15 5165 3333333333 113845054
k 15 5164 3333333333 113845613
k 15 5166 3333333333 113852858
k 15 5168 3333333333 113829248
k 15 5169 3333333333 113843768
k 15 5173 3333333333 113832173
k 15 5170 3333333333 113837658
k 15 5172 3333333333 113827140
k 15 5171 3333333333 113846540
k 15 5174 3333333333 113832397
k 15 5177 3333333333 113821430
k 15 5175 3333333333 113840512
k 15 5176 3333333333 113828583
k 15 5184 3333333333 113816993
k 15 5178 3333333333 113835480
k 15 5179 3333333333 113836657
k 15 5180 3333333333 113831599
k 15 5181 3333333333 113834666
k 15 5182 3333333333 113828644
k 15 5183 3333333333 113837261
k 15 5185 3333333333 113805699
k 15 5187 3333333333 113815214
k 15 5186 3333333333 113818738
k 15 5189 3333333333 113810111
k 15 5188 3333333333 113804867
k 15 5192 3333333333 113813703
k 15 5190 3333333333 113811405
k 15 5191 3333333333 113832491
k 15 5193 3333333333 113794474
k 15 5195 3333333333 113810266
k 15 5194 3333333333 113819717
k 15 5196 3333333333 113796567
k 15 5197 3333333333 113809189
k 15 5198 3333333333 113808924
k 15 5199 3333333333 113803189
k 15 5202 3333333333 113791213
k 15 5200 3333333333 113823758
k 15 5201 3333333333 113808713
k 15 5204 3333333333 113801531
k 15 5203 3333333333 113804182
k 15 5205 3333333333 113800523
k 15 5206 3333333333 113796154
k 15 5214 3333333333 113795912
k 15 5207 3333333333 113807974
k 15 5208 3333333333 113810272
k 15 5209 3333333333 113782529
k 15 5210 3333333333 113807362
k 15 5211 3333333333 113777820
k 15 5212 3333333333 113798566
k 15 5213 3333333333 113782928
k 15 5217 3333333333 113794907
k 15 5215 3333333333 113795945
k 15 5216 3333333333 113792252
k 15 5218 3333333333 113787710
k 15 5221 3333333333 113789635
k 15 5219 3333333333 113801065
k 15 5220 3333333333 113792693
k 15 5222 3333333333 113772831
k 15 5223 3333333333 113777992
k 15 5224 3333333333 113764392
k 15 5229 3333333333 113771656
k 15 5225 3333333333 113791540
k 15 5226 3333333333 113778947
k 15 5227 3333333333 113781562
k 15 5228 3333333333 113782167
k 15 5230 3333333333 113771628
k 15 5231 3333333333 113780572
k 15 5233 3333333333 113776134
k 15 5232 3333333333 113763260
k 15 5239 3333333333 113764830
k 15 5234 3333333333 113766744
k 15 5235 3333333333 113763114
k 15 5236 3333333333 113764667
k 15 5237 3333333333 113761520
k 15 5238 3333333333 113778272
k 15 5240 3333333333 113767276
k 15 5241 3333333333 113746757
k 15 5242 3333333333 113768858
k 15 5243 3333333333 113752752
k 15 5246 3333333333 113761414
k 15 5244 3333333333 113764885
k 15 5245 3333333333 113765751
k 15 5247 3333333333 113763610
k 15 5248 3333333333 113750840
k 15 5249 3333333333 113758613
k 15 5250 3333333333 113765538
k 15 5251 3333333333 113754549
k 15 5253 3333333333 113740245
k 15 5252 3333333333 113751330
k 15 5254 3333333333 113753501
k 15 5258 3333333333 113753994
k 15 5255 3333333333 113752686
k 15 5256 3333333333 113747659
k 15 5257 3333333333 113761334
k 15 5262 3333333333 113733852
k 15 5259 3333333333 113731947
k 15 5260 3333333333 113727574
k 15 5261 3333333333 113757502
k 15 5263 3333333333 113735338
k 15 5269 3333333333 113732848
k 15 5264 3333333333 113753786
k 15 5265 3333333333 113746037
k 15 5266 3333333333 113731434
k 15 5267 3333333333 113739799
k 15 5268 3333333333 113734003
k 15 5273 3333333333 113716106
k 15 5270 3333333333 113747124
k 15 5271 3333333333 113735246
k 15 5272 3333333333 113717767
k 15 5275 3333333333 113726948
k 15 5274 3333333333 113741477
k 15 5276 3333333333 113726523
k 15 5278 3333333333 113738613
k 15 5277 3333333333 113725013
k 15 5279 3333333333 113723768
k 15 5284 3333333333 113698752
k 15 5280 3333333333 113710679
k 15 5281 3333333333 113727732
k 15 5282 3333333333 113717507
k 15 5283 3333333333 113722691
k 15 5285 3333333333 113705403
k 15 5286 3333333333 113708510
k 15 5287 3333333333 113707233
k 15 5291 3333333333 113693448
k 15 5288 3333333333 113703911
k 15 5289 3333333333 113701406
k 15 5290 3333333333 113721702
k 15 5294 3333333333 113702612
k 15 5292 3333333333 113705505
k 15 5293 3333333333 113710210
k 15 5295 3333333333 113695994
k 15 5297 3333333333 113694385
k 15 5296 3333333333 113701009
k 15 5298 3333333333 113715583
k 15 5302 3333333333 113702152
k 15 5300 3333333333 113691602
k 15 5299 3333333333 113694424
k 15 5301 3333333333 113701671
k 15 5303 3333333333 113690894
k 15 5304 3333333333 113701117
k 15 5306 3333333333 113702817
k 15 5305 3333333333 113675919
k 15 5307 3333333333 113693803
k 15 5308 3333333333 113694208
k 15 5313 3333333333 113678435
k 15 5309 3333333333 113695060
k 15 5310 3333333333 113696087
k 15 5311 3333333333 113691091
k 15 5312 3333333333 113696241
k 15 5314 3333333333 113683455
k 15 5315 3333333333 113684589
k 15 5319 3333333333 113682972
k 15 5316 3333333333 113676415
k 15 5317 3333333333 113671535
k 15 5318 3333333333 113672010
k 15 5320 3333333333 113672707
k 15 5323 3333333333 113677548
k 15 5321 3333333333 113691329
k 15 5322 3333333333 113678671
k 15 5330 3333333333 113670560
k 15 5324 3333333333 113658196
k 15 5325 3333333333 113686684
k 15 5326 3333333333 113683469
k 15 5327 3333333333 113661259
k 15 5329 3333333333 113657233
k 15 5328 3333333333 113660268
k 15 5331 3333333333 113662182
k 15 5332 3333333333 113668949
k 15 5333 3333333333 113649550
k 15 5335 3333333333 113663234
k 15 5334 3333333333 113674993
k 15 5338 3333333333 113664420
k 15 5336 3333333333 113685343
k 15 5337 3333333333 113650723
k 15 5339 3333333333 113660789
k 15 5341 3333333333 113653425
k 15 5340 3333333333 113642197
k 15 5342 3333333333 113657103
k 15 5343 3333333333 113670512
k 15 5344 3333333333 113658046
k 15 5348 3333333333 113644795
k 15 5345 3333333333 113648678
k 15 5346 3333333333 113643930
k 15 5347 3333333333 113644510
k 15 5350 3333333333 113652817
k 15 5349 3333333333 113640562
k 15 5351 3333333333 113649504
k 15 5352 3333333333 113642867
k 15 5359 3333333333 113637137
k 15 5353 3333333333 113628187
k 15 5354 3333333333 113649090
k 15 5355 3333333333 113651568
k 15 5356 3333333333 113645243
k 15 5357 3333333333 113645866
k 15 5358 3333333333 113643309
k 15 5360 3333333333 113654510
k 15 5363 3333333333 113639266
k 15 5361 3333333333 113649006
k 15 5362 3333333333 113639466
k 15 5364 3333333333 113621460
k 15 5367 3333333333 113628302
k 15 5365 3333333333 113643914
k 15 5366 3333333333 113630519
k 15 5368 3333333333 113606919
k 15 5375 3333333333 113629219
k 15 5369 3333333333 113636982
k 15 5370 3333333333 113634526
k 15 5371 3333333333 113616276
k 15 5373 3333333333 113617966
k 15 5372 3333333333 113630047
k 15 5374 3333333333 113627733
k 15 5376 3333333333 113598847
k 15 5377 3333333333 113604141
k 15 5379 3333333333 113616706
k 15 5378 3333333333 113623100
k 15 5383 3333333333 113615119
k 15 5380 3333333333 113621913
k 15 5381 3333333333 113612778
k 15 5382 3333333333 113615625
k 15 5384 3333333333 113603529
k 15 5385 3333333333 113608210
k 15 5386 3333333333 113619047
k 15 5388 3333333333 113589109
k 15 5387 3333333333 113609523
k 15 5389 3333333333 113600318
k 15 5392 3333333333 113607966
k 15 5390 3333333333 113599601
k 15 5391 3333333333 113597782
k 15 5394 3333333333 113607045
k 15 5393 3333333333 113597883
k 15 5395 3333333333 113610805
k 15 5396 3333333333 113602572
k 15 5397 3333333333 113587631
k 15 5398 3333333333 113595879
k 15 5399 3333333333 113587064
k 15 5404 3333333333 113598697
k 15 5400 3333333333 113598139
k 15 5401 3333333333 113613801
k 15 5402 3333333333 113582563
k 15 5403 3333333333 113604945
k 15 5407 3333333333 113579388
k 15 5405 3333333333 113590444
k 15 5406 3333333333 113586013
k 15 5408 3333333333 113581459
k 15 5414 3333333333 113584387
k 15 5409 3333333333 113568927
k 15 5410 3333333333 113587935
k 15 5411 3333333333 113600525
k 15 5412 3333333333 113581938
k 15 5413 3333333333 113568290
k 15 5415 3333333333 113583783
k 15 5419 3333333333 113579751
k 15 5417 3333333333 113586905
k 15 5416 3333333333 113591404
k 15 5418 3333333333 113580006
k 15 5420 3333333333 113566085
k 15 5421 3333333333 113575999
k 15 5422 3333333333 113570305
k 15 5423 3333333333 113584706
k 15 5424 3333333333 113572219
k 15 5430 3333333333 113549795
k 15 5425 3333333333 113566360
k 15 5426 3333333333 113565999
k 15 5427 3333333333 113572109
k 15 5428 3333333333 113550875
k 15 5429 3333333333 113580102
k 15 5432 3333333333 113572713
k 15 5431 3333333333 113570309
k 15 5433 3333333333 113554056
k 15 5437 3333333333 113553469
k 15 5434 3333333333 113572593
k 15 5435 3333333333 113562428
k 15 5436 3333333333 113560933
k 15 5439 3333333333 113553885
k 15 5438 3333333333 113554996
k 15 5440 3333333333 113568715
k 15 5441 3333333333 113545734
k 15 5442 3333333333 113556494
k 15 5443 3333333333 113561359
k 15 5444 3333333333 113542359
k 15 5448 3333333333 113550152
k 15 5445 3333333333 113552719
k 15 5446 3333333333 113530616
k 15 5447 3333333333 113551111
k 15 5449 3333333333 113555105
k 15 5452 3333333333 113534713
k 15 5450 3333333333 113530231
k 15 5451 3333333333 113556839
k 15 5454 3333333333 113546085
k 15 5453 3333333333 113524964
k 15 5459 3333333333 113532183
k 15 5455 3333333333 113536722
k 15 5456 3333333333 113541730
k 15 5457 3333333333 113530158
k 15 5458 3333333333 113530426
k 15 5464 3333333333 113525680
k 15 5461 3333333333 113534558
k 15 5460 3333333333 113522736
k 15 5462 3333333333 113554452
k 15 5463 3333333333 113533961
k 15 5465 3333333333 113524251
k 15 5466 3333333333 113525498
k 15 5469 3333333333 113534247
k 15 5467 3333333333 113522072
k 15 5468 3333333333 113524014
k 15 5474 3333333333 113540565
k 15 5470 3333333333 113526889
k 15 5472 3333333333 113521570
k 15 5471 3333333333 113506984
k 15 5473 3333333333 113532369
k 15 5475 3333333333 113510387
k 15 5476 3333333333 113517932
k 15 5477 3333333333 113512960
k 15 5478 3333333333 113517143
k 15 5481 3333333333 113511567
k 15 5479 3333333333 113511401
k 15 5480 3333333333 113494540
k 15 5484 3333333333 113511645
k 15 5482 3333333333 113503285
k 15 5483 3333333333 113504124
k 15 5485 3333333333 113506347
k 15 5486 3333333333 113495769
k 15 5487 3333333333 113511966
k 15 5488 3333333333 113499799
k 15 5489 3333333333 113495859
k 15 5493 3333333333 113511067
k 15 5490 3333333333 113506534
k 15 5491 3333333333 113502080
k 15 5492 3333333333 113497683
k 15 5494 3333333333 113498961
k 15 5496 3333333333 113482885
k 15 5495 3333333333 113494147
k 15 5497 3333333333 113508347
k 15 5498 3333333333 113498412
k 15 5504 3333333333 113485271
k 15 5499 3333333333 113505333
k 15 5500 3333333333 113503216
k 15 5501 3333333333 113499962
k 15 5502 3333333333 113492451
k 15 5503 3333333333 113496560
k 15 5505 3333333333 113476902
k 15 5509 3333333333 113469148
k 15 5506 3333333333 113493309
k 15 5507 3333333333 113489740
k 15 5508 3333333333 113473194
k 15 5510 3333333333 113477116
k 15 5513 3333333333 113493045
k 15 5512 3333333333 113474665
k 15 5511 3333333333 113480590
k 15 5520 3333333333 113469295
k 15 5514 3333333333 113477542
k 15 5515 3333333333 113471850
k 15 5516 3333333333 113469677
k 15 5517 3333333333 113455199
k 15 5518 3333333333 113470625
k 15 5521 3333333333 113469121
k 15 5519 3333333333 113469191
k 15 5522 3333333333 113478985
k 15 5523 3333333333 113472791
k 15 5525 3333333333 113475040
k 15 5524 3333333333 113463426
k 15 5528 3333333333 113460403
k 15 5526 3333333333 113467391
k 15 5527 3333333333 113458397
k 15 5529 3333333333 113457015
k 15 5530 3333333333 113466297
k 15 5531 3333333333 113475682
k 15 5532 3333333333 113445594
k 15 5533 3333333333 113442077
k 15 5535 3333333333 113463563
k 15 5534 3333333333 113460953
k 15 5538 3333333333 113467683
k 15 5536 3333333333 113447817
k 15 5537 3333333333 113438721
k 15 5540 3333333333 113455447
k 15 5539 3333333333 113449546
k 15 5541 3333333333 113451917
k 15 5542 3333333333 113443983
k 15 5550 3333333333 113446070
k 15 5545 3333333333 113447480
k 15 5543 3333333333 113446765
k 15 5544 3333333333 113448388
k 15 5546 3333333333 113456982
k 15 5547 3333333333 113442847
k 15 5548 3333333333 113438710
k 15 5549 3333333333 113438612
k 15 5553 3333333333 113426547
k 15 5551 3333333333 113435187
k 15 5552 3333333333 113444347
k 15 5554 3333333333 113430325
k 15 5557 3333333333 113419305
k 15 5556 3333333333 113442609
k 15 5555 3333333333 113439513
k 15 5565 3333333333 113429789
k 15 5558 3333333333 113445972
k 15 5559 3333333333 113428801
k 15 5560 3333333333 113433871
k 15 5561 3333333333 113432973
k 15 5562 3333333333 113437547
k 15 5564 3333333333 113434948
k 15 5563 3333333333 113416338
k 15 5566 3333333333 113419743
k 15 5567 3333333333 113422876
k 15 5569 3333333333 113420191
k 15 5568 3333333333 113420056
k 15 5572 3333333333 113420938
k 15 5571 3333333333 113415534
k 15 5570 3333333333 113428041
k 15 5573 3333333333 113418412
k 15 5574 3333333333 113416864
k 15 5575 3333333333 113412689
k 15 5576 3333333333 113413717
k 15 5577 3333333333 113412994
k 15 5578 3333333333 113395563
k 15 5579 3333333333 113398181
k 15 5580 3333333333 113422906
k 15 5582 3333333333 113410565
k 15 5581 3333333333 113419681
k 15 5584 3333333333 113412450
k 15 5583 3333333333 113400085
k 15 5585 3333333333 113408289
k 15 5586 3333333333 113397075
k 15 5587 3333333333 113403364
k 15 5588 3333333333 113416380
k 15 5589 3333333333 113401870
k 15 5595 3333333333 113388945
k 15 5590 3333333333 113390796
k 15 5591 3333333333 113403384
k 15 5592 3333333333 113397282
k 15 5593 3333333333 113415873
k 15 5594 3333333333 113387089
k 15 5597 3333333333 113396530
k 15 5596 3333333333 113370658
k 15 5598 3333333333 113394738
k 15 5600 3333333333 113410238
k 15 5599 3333333333 113383093
k 15 5604 3333333333 113396060
k 15 5601 3333333333 113404868
k 15 5602 3333333333 113396571
k 15 5603 3333333333 113389416
k 15 5605 3333333333 113390736
k 15 5610 3333333333 113383222
k 15 5606 3333333333 113376911
k 15 5607 3333333333 113389763
k 15 5608 3333333333 113390505
k 15 5609 3333333333 113370536
k 15 5611 3333333333 113388392
k 15 5612 3333333333 113369841
k 15 5615 3333333333 113378402
k 15 5613 3333333333 113396574
k 15 5614 3333333333 113370934
k 15 5620 3333333333 113367900
k 15 5616 3333333333 113379784
k 15 5617 3333333333 113362181
k 15 5618 3333333333 113388743
k 15 5619 3333333333 113383450
k 15 5621 3333333333 113388912
k 15 5622 3333333333 113383195
k 15 5623 3333333333 113349413
k 15 5624 3333333333 113354511
k 15 5627 3333333333 113359884
k 15 5625 3333333333 113372998
k 15 5626 3333333333 113374483
k 15 5630 3333333333 113374826
k 15 5628 3333333333 113364409
k 15 5629 3333333333 113359286
k 15 5631 3333333333 113367914
k 15 5632 3333333333 113355122
k 15 5633 3333333333 113352052
k 15 5634 3333333333 113361943
k 15 5639 3333333333 113358771
k 15 5635 3333333333 113346145
k 15 5636 3333333333 113365145
k 15 5637 3333333333 113348716
k 15 5638 3333333333 113353984
k 15 5640 3333333333 113368924
k 15 5642 3333333333 113345194
k 15 5641 3333333333 113346469
k 15 5643 3333333333 113342141
k 15 5644 3333333333 113352623
k 15 5649 3333333333 113339009
k 15 5645 3333333333 113348414
k 15 5646 3333333333 113350394
k 15 5647 3333333333 113344728
k 15 5648 3333333333 113342420
k 15 5655 3333333333 113343301
k 15 5650 3333333333 113346384
k 15 5651 3333333333 113344194
k 15 5652 3333333333 113332759
k 15 5653 3333333333 113344587
k 15 5654 3333333333 113336383
k 15 5656 3333333333 113349806
k 15 5659 3333333333 113335313
k 15 5657 3333333333 113337443
k 15 5658 3333333333 113338260
k 15 5664 3333333333 113322755
k 15 5660 3333333333 113330811
k 15 5661 3333333333 113308443
k 15 5662 3333333333 113324061
k 15 5663 3333333333 113330056
k 15 5665 3333333333 113330554
k 15 5666 3333333333 113304203
k 15 5667 3333333333 113315446
k 15 5668 3333333333 113333067
k 15 5669 3333333333 113314276
k 15 5671 3333333333 113306973
k 15 5670 3333333333 113314737
k 15 5674 3333333333 113316845
k 15 5672 3333333333 113316897
k 15 5673 3333333333 113314740
k 15 5675 3333333333 113325951
k 15 5676 3333333333 113323177
k 15 5677 3333333333 113320205
k 15 5678 3333333333 113326583
k 15 5679 3333333333 113299218
k 15 5680 3333333333 113308103
k 15 5681 3333333333 113308533
k 15 5684 3333333333 113309611
k 15 5682 3333333333 113303153
k 15 5683 3333333333 113313361
k 15 5686 3333333333 113303246
k 15 5685 3333333333 113298578
k 15 5687 3333333333 113294792
k 15 5688 3333333333 113298897
k 15 5696 3333333333 113289532
k 15 5689 3333333333 113293109
k 15 5690 3333333333 113308443
k 15 5691 3333333333 113323289
k 15 5692 3333333333 113291072
k 15 5693 3333333333 113286800
k 15 5695 3333333333 113290185
k 15 5694 3333333333 113283596
k 15 5699 3333333333 113292675
k 15 5697 3333333333 113288078
k 15 5698 3333333333 113298007
k 15 5700 3333333333 113289733
k 15 5703 3333333333 113292167
k 15 5701 3333333333 113295655
k 15 5702 3333333333 113290684
k 15 5711 3333333333 113282729
k 15 5704 3333333333 113287971
k 15 5705 3333333333 113295211
k 15 5706 3333333333 113298819
k 15 5707 3333333333 113274611
k 15 5708 3333333333 113271258
k 15 5709 3333333333 113284718
k 15 5710 3333333333 113297437
k 15 5712 3333333333 113289894
k 15 5713 3333333333 113270765
k 15 5715 3333333333 113280383
k 15 5714 3333333333 113260555
k 15 5718 3333333333 113282854
k 15 5716 3333333333 113299913
k 15 5717 3333333333 113277183
k 15 5719 3333333333 113278077
k 15 5720 3333333333 113272161
k 15 5721 3333333333 113265425
k 15 5722 3333333333 113278496
k 15 5723 3333333333 113261349
k 15 5724 3333333333 113268349
k 15 5725 3333333333 113285570
k 15 5728 3333333333 113263433
k 15 5726 3333333333 113275774
k 15 5727 3333333333 113249192
k 15 5730 3333333333 113246929
k 15 5729 3333333333 113276195
k 15 5731 3333333333 113268883
k 15 5732 3333333333 113257139
k 15 5733 3333333333 113251190
k 15 5734 3333333333 113238156
k 15 5740 3333333333 113249736
k 15 5735 3333333333 113255412
k 15 5736 3333333333 113256270
k 15 5737 3333333333 113252837
k 15 5738 3333333333 113262323
k 15 5739 3333333333 113263701
k 15 5743 3333333333 113251695
k 15 5741 3333333333 113244713
k 15 5742 3333333333 113252294
k 15 5744 3333333333 113254094
k 15 5745 3333333333 113244818
k 15 5749 3333333333 113227374
k 15 5746 3333333333 113246371
k 15 5747 3333333333 113234947
k 15 5748 3333333333 113252707
k 15 5750 3333333333 113238323
k 15 5755 3333333333 113244922
k 15 5751 3333333333 113244337
k 15 5752 3333333333 113239728
k 15 5754 3333333333 113235261
k 15 5753 3333333333 113241537
k 15 5756 3333333333 113235739
k 15 5757 3333333333 113235228
k 15 5758 3333333333 113230376
k 15 5760 3333333333 113216928
k 15 5759 3333333333 113233295
k 15 5765 3333333333 113233692
k 15 5761 3333333333 113240582
k 15 5762 3333333333 113235936
k 15 5763 3333333333 113215878
k 15 5764 3333333333 113223985
k 15 5766 3333333333 113224573
k 15 5767 3333333333 113234780
k 15 5769 3333333333 113239831
k 15 5768 3333333333 113229995
k 15 5770 3333333333 113236620
k 15 5773 3333333333 113215477
k 15 5771 3333333333 113214698
k 15 5772 3333333333 113208455
k 15 5775 3333333333 113228889
k 15 5774 3333333333 113214529
k 15 5776 3333333333 113212828
k 15 5777 3333333333 113209165
k 15 5778 3333333333 113209883
k 15 5779 3333333333 113213232
k 15 5780 3333333333 113200707
k 15 5785 3333333333 113202313
k 15 5782 3333333333 113197845
k 15 5781 3333333333 113212640
k 15 5783 3333333333 113211512
k 15 5784 3333333333 113199356
k 15 5788 3333333333 113202518
k 15 5786 3333333333 113202156
k 15 5787 3333333333 113208403
k 15 5789 3333333333 113209777
k 15 5790 3333333333 113185268
k 15 5795 3333333333 113199004
k 15 5791 3333333333 113191668
k 15 5792 3333333333 113183920
k 15 5793 3333333333 113186818
k 15 5794 3333333333 113200704
k 15 5800 3333333333 113198158
k 15 5796 3333333333 113196614
k 15 5797 3333333333 113204780
k 15 5798 3333333333 113197679
k 15 5799 3333333333 113181458
k 15 5801 3333333333 113190867
k 15 5802 3333333333 113185349
k 15 5805 3333333333 113189881
k 15 5803 3333333333 113187457
k 15 5804 3333333333 113210273
k 15 5810 3333333333 113186954
k 15 5806 3333333333 113180316
k 15 5807 3333333333 113178358
k 15 5808 3333333333 113187560
k 15 5809 3333333333 113180894
k 15 5811 3333333333 113171637
k 15 5812 3333333333 113173799
k 15 5813 3333333333 113175835
k 15 5814 3333333333 113181158
k 15 5815 3333333333 113175831
k 15 5817 3333333333 113173848
k 15 5816 3333333333 113171206
k 15 5820 3333333333 113189622
k 15 5818 3333333333 113183280
k 15 5819 3333333333 113170653
k 15 5821 3333333333 113168212
k 15 5822 3333333333 113179035
k 15 5823 3333333333 113175403
k 15 5824 3333333333 113163955
k 15 5825 3333333333 113172683
k 15 5826 3333333333 113171006
k 15 5827 3333333333 113154197
k 15 5830 3333333333 113171392
k 15 5828 3333333333 113170258
k 15 5829 3333333333 113182038
k 15 5832 3333333333 113142709
k 15 5831 3333333333 113169449
k 15 5833 3333333333 113175813
k 15 5834 3333333333 113141122
k 15 5842 3333333333 113168467
k 15 5835 3333333333 113160982
k 15 5836 3333333333 113153751
k 15 5837 3333333333 113153459
k 15 5838 3333333333 113142817
k 15 5839 3333333333 113160847
k 15 5840 3333333333 113170355
k 15 5841 3333333333 113154891
k 15 5845 3333333333 113147752
k 15 5843 3333333333 113164387
k 15 5844 3333333333 113137625
k 15 5846 3333333333 113155248
k 15 5849 3333333333 113149625
k 15 5847 3333333333 113146924
k 15 5848 3333333333 113137317
k 15 5850 3333333333 113144458
k 15 5857 3333333333 113146118
k 15 5851 3333333333 113134174
k 15 5852 3333333333 113151669
k 15 5853 3333333333 113139298
k 15 5856 3333333333 113145155
k 15 5854 3333333333 113137517
k 15 5855 3333333333 113128274
k 15 5858 3333333333 113130661
k 15 5859 3333333333 113141898
k 15 5861 3333333333 113136489
k 15 5860 3333333333 113121398
k 15 5865 3333333333 113132896
k 15 5862 3333333333 113127308
k 15 5863 3333333333 113113910
k 15 5864 3333333333 113131823
k 15 5867 3333333333 113136523
k 15 5866 3333333333 113125509
k 15 5868 3333333333 113120345
k 15 5870 3333333333 113115811
k 15 5869 3333333333 113114745
k 15 5871 3333333333 113126064
k 15 5874 3333333333 113120342
k 15 5872 3333333333 113123829
k 15 5873 3333333333 113123562
k 15 5876 3333333333 113128957
k 15 5875 3333333333 113125829
k 15 5877 3333333333 113122672
k 15 5878 3333333333 113117027
k 15 5879 3333333333 113125532
k 15 5886 3333333333 113098534
k 15 5880 3333333333 113110307
k 15 5881 3333333333 113124200
k 15 5882 3333333333 113115150
k 15 5883 3333333333 113110883
k 15 5884 3333333333 113107377
k 15 5885 3333333333 113104469
k 15 5889 3333333333 113111472
k 15 5887 3333333333 113116669
k 15 5888 3333333333 113104825
k 15 5890 3333333333 113103809
k 15 5894 3333333333 113102833
k 15 5891 3333333333 113100544
k 15 5892 3333333333 113101870
k 15 5893 3333333333 113122535
k 15 5895 3333333333 113118521
k 15 5896 3333333333 113125212
k 15 5901 3333333333 113087841
k 15 5897 3333333333 113091045
k 15 5898 3333333333 113098319
k 15 5899 3333333333 113095074
k 15 5900 3333333333 113105220
k 15 5902 3333333333 113086687
k 15 5903 3333333333 113085932
k 15 5905 3333333333 113086533
k 15 5904 3333333333 113080131
k 15 5911 3333333333 113086657
k 15 5906 3333333333 113086735
k 15 5907 3333333333 113096573
k 15 5908 3333333333 113091848
k 15 5909 3333333333 113089698
k 15 5910 3333333333 113082595
k 15 5912 3333333333 113082734
k 15 5914 3333333333 113077690
k 15 5913 3333333333 113082607
k 15 5915 3333333333 113082920
k 15 5916 3333333333 113092905
k 15 5917 3333333333 113083234
k 15 5918 3333333333 113079391
k 15 5920 3333333333 113073008
k 15 5919 3333333333 113082397
k 15 5921 3333333333 113079535
k 15 5922 3333333333 113079194
k 15 5923 3333333333 113077148
k 15 5924 3333333333 113059275
k 15 5925 3333333333 113090354
k 15 5926 3333333333 113074890
k 15 5932 3333333333 113055273
k 15 5927 3333333333 113082358
k 15 5928 3333333333 113061531
k 15 5929 3333333333 113070646
k 15 5931 3333333333 113064344
k 15 5930 3333333333 113068623
k 15 5933 3333333333 113049802
k 15 5934 3333333333 113054846
k 15 5935 3333333333 113060633
k 15 5941 3333333333 113056815
k 15 5936 3333333333 113061724
k 15 5937 3333333333 113045246
k 15 5938 3333333333 113061836
k 15 5939 3333333333 113055024
k 15 5940 3333333333 113062067
k 15 5947 3333333333 113047774
k 15 5942 3333333333 113053573
k 15 5943 3333333333 113048038
k 15 5944 3333333333 113056516
k 15 5945 3333333333 113048624
k 15 5946 3333333333 113053088
k 15 5948 3333333333 113062575
k 15 5950 3333333333 113052835
k 15 5949 3333333333 113061906
k 15 5956 3333333333 113041659
k 15 5951 3333333333 113046204
k 15 5952 3333333333 113060582
k 15 5953 3333333333 113043695
k 15 5954 3333333333 113027617
k 15 5955 3333333333 113041860
k 15 5957 3333333333 113048203
k 15 5958 3333333333 113052294
k 15 5959 3333333333 113044095
k 15 5961 3333333333 113038723
k 15 5960 3333333333 113031771
k 15 5963 3333333333 113024795
k 15 5962 3333333333 113047261
k 15 5965 3333333333 113024614
k 15 5964 3333333333 113035721
k 15 5966 3333333333 113022834
k 15 5967 3333333333 113037989
k 15 5968 3333333333 113033805
k 15 5969 3333333333 113026420
k 15 5970 3333333333 113035126
k 15 5971 3333333333 113036202
k 15 5972 3333333333 113021208
k 15 5976 3333333333 113022423
k 15 5973 3333333333 113022598
k 15 5974 3333333333 113015783
k 15 5975 3333333333 113017822
k 15 5978 3333333333 113019456
k 15 5977 3333333333 113034393
k 15 5979 3333333333 113026858
k 15 5980 3333333333 113020406
k 15 5987 3333333333 113009518
k 15 5981 3333333333 113026358
k 15 5982 3333333333 113017215
k 15 5983 3333333333 113014351
k 15 5984 3333333333 113016872
k 15 5985 3333333333 113008048
k 15 5986 3333333333 113005539
k 15 5988 3333333333 113010729
k 15 5991 3333333333 113013751
k 15 5989 3333333333 113009394
k 15 5990 3333333333 113018322
k 15 5992 3333333333 112994765
k 15 5995 3333333333 113011452
k 15 5993 3333333333 113008489
k 15 5994 3333333333 113006322
k 15 6003 3333333333 113005051
k 15 5996 3333333333 112999211
k 15 5997 3333333333 113001266
k 15 5998 3333333333 112997328
k 15 5999 3333333333 113011291
k 15 6000 3333333333 113000322
k 15 6002 3333333333 113000299
k 15 6001 3333333333 112999891
k 15 6004 3333333333 113004524
k 15 6005 3333333333 113002505
k 15 6007 3333333333 112997404
k 15 6006 3333333333 112991000
k 15 6010 3333333333 112986420
k 15 6008 3333333333 112989837
k 15 6009 3333333333 112995530
k 15 6011 3333333333 112995750
k 15 6013 3333333333 112995633
k 15 6012 3333333333 112986918
k 15 6014 3333333333 112987556
k 15 6015 3333333333 112976071
k 15 6016 3333333333 112986485
k 15 6017 3333333333 112984907
k 15 6020 3333333333 113004439
k 15 6018 3333333333 112982239
k 15 6019 3333333333 112973752
k 15 6022 3333333333 112981600
k 15 6021 3333333333 112989134
k 15 6023 3333333333 112984962
k 15 6024 3333333333 112971999
k 15 6025 3333333333 112980076
k 15 6032 3333333333 112963893
k 15 6027 3333333333 112987449
k 15 6026 3333333333 112972147
k 15 6028 3333333333 112974934
k 15 6029 3333333333 112960694
k 15 6030 3333333333 112969780
k 15 6031 3333333333 112977703
k 15 6035 3333333333 112969830
k 15 6033 3333333333 112980173
k 15 6034 3333333333 112975569
k 15 6036 3333333333 112962270
k 15 6040 3333333333 112975032
k 15 6037 3333333333 112978676
k 15 6038 3333333333 112974751
k 15 6039 3333333333 112966747
k 15 6042 3333333333 112963700
k 15 6041 3333333333 112953831
k 15 6047 3333333333 112955516
k 15 6043 3333333333 112949515
k 15 6044 3333333333 112952280
k 15 6045 3333333333 112951467
k 15 6046 3333333333 112961829
k 15 6048 3333333333 112956507
k 15 6049 3333333333 112973200
k 15 6051 3333333333 112943187
k 15 6050 3333333333 112949836
k 15 6057 3333333333 112946792
k 15 6052 3333333333 112958092
k 15 6053 3333333333 112945833
k 15 6054 3333333333 112972779
k 15 6055 3333333333 112935900
k 15 6056 3333333333 112940694
k 15 6058 3333333333 112937155
k 15 6059 3333333333 112939574
k 15 6060 3333333333 112949523
k 15 6061 3333333333 112954432
k 15 6064 3333333333 112933086
k 15 6062 3333333333 112932429
k 15 6063 3333333333 112947755
k 15 6066 3333333333 112931637
k 15 6065 3333333333 112932818
k 15 6067 3333333333 112939367
k 15 6068 3333333333 112926227
k 15 6069 3333333333 112929767
k 15 6070 3333333333 112944196
k 15 6071 3333333333 112945899
k 15 6076 3333333333 112913941
k 15 6072 3333333333 112926720
k 15 6073 3333333333 112929750
k 15 6074 3333333333 112928764
k 15 6075 3333333333 112930368
k 15 6077 3333333333 112931330
k 15 6078 3333333333 112916901
k 15 6079 3333333333 112919796
k 15 6080 3333333333 112918275
k 15 6081 3333333333 112930817
k 15 6086 3333333333 112920518
k 15 6082 3333333333 112919197
k 15 6083 3333333333 112918513
k 15 6085 3333333333 112917443
k 15 6084 3333333333 112926109
k 15 6087 3333333333 112912417
k 15 6093 3333333333 112917094
k 15 6088 3333333333 112914183
k 15 6089 3333333333 112916347
k 15 6090 3333333333 112912438
k 15 6091 3333333333 112925123
k 15 6092 3333333333 112916682
k 15 6094 3333333333 112899450
k 15 6096 3333333333 112901877
k 15 6095 3333333333 112903714
k 15 6097 3333333333 112908144
k 15 6102 3333333333 112909032
k 15 6098 3333333333 112908390
k 15 6099 3333333333 112913000
k 15 6100 3333333333 112904808
k 15 6101 3333333333 112918366
k 15 6103 3333333333 112908641
k 15 6104 3333333333 112913314
k 15 6105 3333333333 112901380
k 15 6106 3333333333 112902641
k 15 6107 3333333333 112899492
k 15 6109 3333333333 112889395
k 15 6108 3333333333 112911838
k 15 6112 3333333333 112909038
k 15 6110 3333333333 112902044
k 15 6111 3333333333 112889664
k 15 6113 3333333333 112891681
k 15 6114 3333333333 112892387
k 15 6115 3333333333 112882491
k 15 6116 3333333333 112883332
k 15 6117 3333333333 112899665
k 15 6122 3333333333 112875289
k 15 6118 3333333333 112881286
k 15 6119 3333333333 112877334
k 15 6120 3333333333 112879511
k 15 6121 3333333333 112872878
k 15 6124 3333333333 112903470
k 15 6123 3333333333 112882512
k 15 6125 3333333333 112875249
k 15 6126 3333333333 112880098
k 15 6132 3333333333 112878146
k 15 6127 3333333333 112883130
k 15 6128 3333333333 112872913
k 15 6129 3333333333 112898828
k 15 6130 3333333333 112876331
k 15 6131 3333333333 112854826
k 15 6137 3333333333 112875308
k 15 6133 3333333333 112877125
k 15 6134 3333333333 112862219
k 15 6135 3333333333 112871921
k 15 6136 3333333333 112884084
k 15 6138 3333333333 112893990
k 15 6141 3333333333 112868813
k 15 6139 3333333333 112867273
k 15 6140 3333333333 112870806
k 15 6142 3333333333 112864884
k 15 6147 3333333333 112861011
k 15 6143 3333333333 112869954
k 15 6144 3333333333 112875229
k 15 6145 3333333333 112861812
k 15 6146 3333333333 112866426
k 15 6148 3333333333 112862913
k 15 6149 3333333333 112851069
k 15 6150 3333333333 112857151
k 15 6151 3333333333 112865726
k 15 6153 3333333333 112854219
k 15 6152 3333333333 112851242
k 15 6157 3333333333 112852054
k 15 6154 3333333333 112850489
k 15 6155 3333333333 112857961
k 15 6156 3333333333 112867886
k 15 6158 3333333333 112865278
k 15 6159 3333333333 112868367
k 15 6160 3333333333 112863049
k 15 6161 3333333333 112842517
k 15 6162 3333333333 112856123
k 15 6166 3333333333 112850393
k 15 6163 3333333333 112846979
k 15 6164 3333333333 112850797
k 15 6165 3333333333 112839958
k 15 6168 3333333333 112854157
k 15 6167 3333333333 112838321
k 15 6169 3333333333 112848692
k 15 6170 3333333333 112836657
k 15 6171 3333333333 112836468
k 15 6177 3333333333 112843354
k 15 6172 3333333333 112845411
k 15 6173 3333333333 112843010
k 15 6174 3333333333 112840126
k 15 6175 3333333333 112846861
k 15 6176 3333333333 112845188
k 15 6178 3333333333 112832403
k 15 6181 3333333333 112823745
k 15 6179 3333333333 112834973
k 15 6180 3333333333 112828867
k 15 6182 3333333333 112829978
k 15 6186 3333333333 112822035
k 15 6183 3333333333 112823321
k 15 6184 3333333333 112849753
k 15 6185 3333333333 112834858
k 15 6193 3333333333 112815851
k 15 6187 3333333333 112831375
k 15 6188 3333333333 112845694
k 15 6190 3333333333 112823779
k 15 6189 3333333333 112819771
k 15 6191 3333333333 112809653
k 15 6192 3333333333 112815549
k 15 6195 3333333333 112815971
k 15 6194 3333333333 112821760
k 15 6197 3333333333 112824775
k 15 6196 3333333333 112828447
k 15 6201 3333333333 112808493
k 15 6198 3333333333 112811120
k 15 6199 3333333333 112811251
k 15 6200 3333333333 112817949
k 15 6202 3333333333 112815532
k 15 6203 3333333333 112805611
k 15 6204 3333333333 112793490
k 15 6205 3333333333 112807363
k 15 6206 3333333333 112823321
k 15 6207 3333333333 112811152
k 15 6210 3333333333 112791388
k 15 6208 3333333333 112781721
k 15 6209 3333333333 112806567
k 15 6212 3333333333 112811563
k 15 6211 3333333333 112800749
k 15 6213 3333333333 112806249
k 15 6214 3333333333 112791099
k 15 6215 3333333333 112803290
k 15 6216 3333333333 112814932
k 15 6222 3333333333 112794278
k 15 6217 3333333333 112802465
k 15 6218 3333333333 112807342
k 15 6219 3333333333 112783614
k 15 6220 3333333333 112791426
k 15 6221 3333333333 112799698
k 15 6225 3333333333 112784485
k 15 6223 3333333333 112795731
k 15 6224 3333333333 112784018
k 15 6226 3333333333 112787473
k 15 6227 3333333333 112790241
k 15 6231 3333333333 112786823
k 15 6228 3333333333 112797001
k 15 6229 3333333333 112787931
k 15 6230 3333333333 112788617
k 15 6237 3333333333 112791727
k 15 6232 3333333333 112789333
k 15 6233 3333333333 112799541
k 15 6234 3333333333 112769991
k 15 6235 3333333333 112783225
k 15 6236 3333333333 112785908
k 15 6238 3333333333 112772507
k 15 6239 3333333333 112778579
k 15 6242 3333333333 112771111
k 15 6240 3333333333 112787606
k 15 6241 3333333333 112793991
k 15 6246 3333333333 112765803
k 15 6243 3333333333 112773391
k 15 6244 3333333333 112764127
k 15 6245 3333333333 112778658
k 15 6248 3333333333 112760003
k 15 6249 3333333333 112774422
k 15 6247 3333333333 112777092
k 15 6250 3333333333 112781738
k 15 6251 3333333333 112772728
k 15 6252 3333333333 112768361
k 15 6253 3333333333 112770443
k 15 6254 3333333333 112761802
k 15 6257 3333333333 112745988
k 15 6255 3333333333 112771739
k 15 6256 3333333333 112737660
k 15 6258 3333333333 112757601
k 15 6259 3333333333 112766047
k 15 6260 3333333333 112760993
k 15 6262 3333333333 112753790
k 15 6261 3333333333 112763298
k 15 6268 3333333333 112765069
k 15 6263 3333333333 112768108
k 15 6264 3333333333 112770321
k 15 6265 3333333333 112760176
k 15 6266 3333333333 112762035
k 15 6267 3333333333 112753724
k 15 6269 3333333333 112754996
k 15 6270 3333333333 112743766
k 15 6271 3333333333 112765195
k 15 6277 3333333333 112737808
k 15 6272 3333333333 112766165
k 15 6273 3333333333 112744040
k 15 6274 3333333333 112744394
k 15 6275 3333333333 112740310
k 15 6276 3333333333 112749124
k 15 6283 3333333333 112737600
k 15 6278 3333333333 112752706
k 15 6279 3333333333 112745670
k 15 6280 3333333333 112742316
k 15 6281 3333333333 112745190
k 15 6282 3333333333 112744968
k 15 6284 3333333333 112748528
k 15 6286 3333333333 112732283
k 15 6285 3333333333 112731441
k 15 6292 3333333333 112740263
k 15 6287 3333333333 112728305
k 15 6288 3333333333 112728549
k 15 6289 3333333333 112726592
k 15 6291 3333333333 112724789
k 15 6290 3333333333 112731050
k 15 6293 3333333333 112726987
k 15 6294 3333333333 112721452
k 15 6295 3333333333 112712397
k 15 6297 3333333333 112719922
k 15 6296 3333333333 112721072
k 15 6299 3333333333 112730459
k 15 6298 3333333333 112728944
k 15 6301 3333333333 112738084
k 15 6300 3333333333 112726642
k 15 6302 3333333333 112718056
k 15 6303 3333333333 112713046
k 15 6304 3333333333 112717346
k 15 6305 3333333333 112722602
k 15 6306 3333333333 112712340
k 15 6307 3333333333 112725324
k 15 6312 3333333333 112708732
k 15 6308 3333333333 112708780
k 15 6309 3333333333 112722062
k 15 6310 3333333333 112718426
k 15 6311 3333333333 112711402
k 15 6314 3333333333 112711569
k 15 6313 3333333333 112700496
k 15 6315 3333333333 112722110
k 15 6316 3333333333 112702824
k 15 6322 3333333333 112712713
k 15 6317 3333333333 112714346
k 15 6318 3333333333 112709834
k 15 6319 3333333333 112703426
k 15 6320 3333333333 112700075
k 15 6321 3333333333 112710011
k 15 6327 3333333333 112700270
k 15 6323 3333333333 112692422
k 15 6324 3333333333 112701342
k 15 6325 3333333333 112672333
k 15 6326 3333333333 112705826
k 15 6328 3333333333 112697071
k 15 6331 3333333333 112701899
k 15 6329 3333333333 112702344
k 15 6330 3333333333 112701092
k 15 6332 3333333333 112694957
k 15 6337 3333333333 112700442
k 15 6333 3333333333 112680707
k 15 6334 3333333333 112687758
k 15 6335 3333333333 112688071
k 15 6336 3333333333 112675388
k 15 6338 3333333333 112711686
k 15 6339 3333333333 112693373
k 15 6341 3333333333 112686595
k 15 6340 3333333333 112688276
k 15 6343 3333333333 112686954
k 15 6342 3333333333 112684322
k 15 6347 3333333333 112683861
k 15 6344 3333333333 112682629
k 15 6345 3333333333 112695200
k 15 6346 3333333333 112677039
k 15 6348 3333333333 112685229
k 15 6349 3333333333 112688836
k 15 6350 3333333333 112673900
k 15 6351 3333333333 112684845
k 15 6352 3333333333 112663024
k 15 6353 3333333333 112672998
k 15 6356 3333333333 112678262
k 15 6354 3333333333 112673113
k 15 6355 3333333333 112674418
k 15 6358 3333333333 112683468
k 15 6357 3333333333 112689065
k 15 6359 3333333333 112681811
k 15 6360 3333333333 112663907
k 15 6361 3333333333 112651893
k 15 6368 3333333333 112660420
k 15 6362 3333333333 112667791
k 15 6363 3333333333 112674110
k 15 6364 3333333333 112669540
k 15 6365 3333333333 112659621
k 15 6366 3333333333 112663980
k 15 6367 3333333333 112683637
k 15 6371 3333333333 112649665
k 15 6369 3333333333 112669880
k 15 6370 3333333333 112658615
k 15 6372 3333333333 112651267
k 15 6376 3333333333 112662508
k 15 6373 3333333333 112657877
k 15 6374 3333333333 112649677
k 15 6375 3333333333 112651517
k 15 6377 3333333333 112648018
k 15 6383 3333333333 112659610
k 15 6378 3333333333 112654167
k 15 6379 3333333333 112644757
k 15 6380 3333333333 112646105
k 15 6381 3333333333 112656265
k 15 6382 3333333333 112658788
k 15 6384 3333333333 112650478
k 15 6385 3333333333 112647151
k 15 6387 3333333333 112643633
k 15 6386 3333333333 112652018
k 15 6388 3333333333 112632848
k 15 6392 3333333333 112636686
k 15 6389 3333333333 112654155
k 15 6390 3333333333 112635917
k 15 6391 3333333333 112649249
k 15 6393 3333333333 112645783
k 15 6394 3333333333 112645728
k 15 6395 3333333333 112645666
k 15 6396 3333333333 112634029
k 15 6397 3333333333 112643558
k 15 6398 3333333333 112632692
k 15 6400 3333333333 112648719
k 15 6399 3333333333 112624946
k 15 6403 3333333333 112627992
k 15 6401 3333333333 112632839
k 15 6402 3333333333 112632075
k 15 6404 3333333333 112644669
k 15 6405 3333333333 112635080
k 15 6406 3333333333 112648170
k 15 6407 3333333333 112622749
k 15 6408 3333333333 112634217
k 15 6409 3333333333 112627211
k 15 6413 3333333333 112616880
k 15 6410 3333333333 112634244
k 15 6411 3333333333 112620809
k 15 6412 3333333333 112607117
k 15 6415 3333333333 112629158
k 15 6414 3333333333 112613565
k 15 6416 3333333333 112617764
k 15 6417 3333333333 112618137
k 15 6418 3333333333 112625658
k 15 6424 3333333333 112613203
k 15 6419 3333333333 112619755
k 15 6420 3333333333 112617048
k 15 6421 3333333333 112616265
k 15 6422 3333333333 112617129
k 15 6428 3333333333 112600653
k 15 6423 3333333333 112612566
k 15 6425 3333333333 112595313
k 15 6426 3333333333 112609155
k 15 6427 3333333333 112614229
k 15 6429 3333333333 112589209
k 15 6430 3333333333 112614500
k 15 6433 3333333333 112608898
k 15 6431 3333333333 112600838
k 15 6432 3333333333 112609042
k 15 6438 3333333333 112605168
k 15 6434 3333333333 112599279
k 15 6435 3333333333 112598892
k 15 6436 3333333333 112592538
k 15 6437 3333333333 112602676
k 15 6439 3333333333 112595194
k 15 6440 3333333333 112617218
k 15 6441 3333333333 112600318
k 15 6443 3333333333 112598547
k 15 6442 3333333333 112576062
k 15 6445 3333333333 112596337
k 15 6444 3333333333 112587935
k 15 6448 3333333333 112595766
k 15 6446 3333333333 112588470
k 15 6447 3333333333 112591470
k 15 6449 3333333333 112603828
k 15 6450 3333333333 112581842
k 15 6451 3333333333 112584499
k 15 6452 3333333333 112584912
k 15 6453 3333333333 112582246
k 15 6458 3333333333 112595899
k 15 6454 3333333333 112581556
k 15 6455 3333333333 112582195
k 15 6456 3333333333 112579711
k 15 6457 3333333333 112597320
k 15 6460 3333333333 112585513
k 15 6459 3333333333 112572559
k 15 6461 3333333333 112574866
k 15 6462 3333333333 112569811
k 15 6468 3333333333 112587121
k 15 6463 3333333333 112576910
k 15 6465 3333333333 112597723
k 15 6464 3333333333 112582827
k 15 6466 3333333333 112585802
k 15 6467 3333333333 112565630
k 15 6473 3333333333 112560076
k 15 6469 3333333333 112567333
k 15 6470 3333333333 112575276
k 15 6471 3333333333 112574225
k 15 6472 3333333333 112570139
k 15 6474 3333333333 112563883
k 15 6477 3333333333 112558483
k 15 6475 3333333333 112566217
k 15 6476 3333333333 112564606
k 15 6483 3333333333 112570695
k 15 6478 3333333333 112563939
k 15 6479 3333333333 112550767
k 15 6480 3333333333 112568663
k 15 6481 3333333333 112561165
k 15 6482 3333333333 112572214
k 15 6484 3333333333 112555495
k 15 6485 3333333333 112568083
k 15 6486 3333333333 112556662
k 15 6487 3333333333 112571257
k 15 6489 3333333333 112554146
k 15 6488 3333333333 112541260
k 15 6492 3333333333 112554355
k 15 6490 3333333333 112540279
k 15 6491 3333333333 112557780
k 15 6493 3333333333 112552717
k 15 6494 3333333333 112550493
k 15 6497 3333333333 112547058
k 15 6495 3333333333 112553926
k 15 6496 3333333333 112550224
k 15 6498 3333333333 112546949
k 15 6499 3333333333 112547630
k 15 6502 3333333333 112539977
k 15 6501 3333333333 112563604
k 15 6500 3333333333 112530507
k 15 6504 3333333333 112543236
k 15 6503 3333333333 112544934
k 15 6505 3333333333 112539545
k 15 6506 3333333333 112538442
k 15 6507 3333333333 112546584
k 15 6514 3333333333 112521424
k 15 6508 3333333333 112530752
k 15 6509 3333333333 112543822
k 15 6510 3333333333 112537254
k 15 6511 3333333333 112531796
k 15 6512 3333333333 112541744
k 15 6513 3333333333 112526695
k 15 6517 3333333333 112543716
k 15 6515 3333333333 112541713
k 15 6516 3333333333 112533186
k 15 6518 3333333333 112512884
k 15 6522 3333333333 112526096
k 15 6519 3333333333 112542799
k 15 6520 3333333333 112524131
k 15 6529 3333333333 112525731
k 15 6521 3333333333 112532688
k 15 6523 3333333333 112511007
k 15 6524 3333333333 112527698
k 15 6526 3333333333 112524066
k 15 6525 3333333333 112524443
k 15 6527 3333333333 112511017
k 15 6528 3333333333 112504782
k 15 6530 3333333333 112516758
k 15 6531 3333333333 112499706
k 15 6533 3333333333 112517958
k 15 6532 3333333333 112522918
k 15 6536 3333333333 112516877
k 15 6534 3333333333 112524135
k 15 6535 3333333333 112523701
k 15 6537 3333333333 112510464
k 15 6539 3333333333 112512135
k 15 6538 3333333333 112516418
k 15 6541 3333333333 112509701
k 15 6540 3333333333 112516621
k 15 6542 3333333333 112504140
k 15 6543 3333333333 112521488
k 15 6544 3333333333 112531520
k 15 6546 3333333333 112510196
k 15 6545 3333333333 112500311
k 15 6548 3333333333 112507805
k 15 6547 3333333333 112511530
k 15 6549 3333333333 112493036
k 15 6550 3333333333 112506633
k 15 6551 3333333333 112501426
k 15 6552 3333333333 112488780
k 15 6559 3333333333 112485821
k 15 6553 3333333333 112510333
k 15 6554 3333333333 112486983
k 15 6555 3333333333 112516675
k 15 6556 3333333333 112486413
k 15 6557 3333333333 112486730
k 15 6558 3333333333 112492251
k 15 6561 3333333333 112484975
k 15 6560 3333333333 112501192
k 15 6562 3333333333 112504571
k 15 6563 3333333333 112476906
k 15 6567 3333333333 112488091
k 15 6564 3333333333 112498667
k 15 6565 3333333333 112484184
k 15 6574 3333333333 112476922
k 15 6566 3333333333 112473902
k 15 6568 3333333333 112477309
k 15 6569 3333333333 112474241
k 15 6570 3333333333 112493844
k 15 6571 3333333333 112495741
k 15 6572 3333333333 112480639
k 15 6573 3333333333 112477706
k 15 6575 3333333333 112475597
k 15 6578 3333333333 112479491
k 15 6576 3333333333 112488032
k 15 6577 3333333333 112466663
k 15 6581 3333333333 112479287
k 15 6579 3333333333 112484949
k 15 6580 3333333333 112483215
k 15 6582 3333333333 112481801
k 15 6583 3333333333 112484519
k 15 6584 3333333333 112477465
k 15 6585 3333333333 112491587
k 15 6586 3333333333 112476009
k 15 6587 3333333333 112485391
k 15 6588 3333333333 112459194
k 15 6589 3333333333 112476144
k 15 6590 3333333333 112450720
k 15 6593 3333333333 112487177
k 15 6591 3333333333 112464165
k 15 6592 3333333333 112466052
k 15 6594 3333333333 112466829
k 15 6595 3333333333 112454850
k 15 6596 3333333333 112461971
k 15 6597 3333333333 112466221
k 15 6598 3333333333 112465355
k 15 6599 3333333333 112478042
k 15 6604 3333333333 112450171
k 15 6600 3333333333 112445401
k 15 6601 3333333333 112468563
k 15 6602 3333333333 112438818
k 15 6603 3333333333 112463373
k 15 6605 3333333333 112457611
k 15 6606 3333333333 112463695
k 15 6607 3333333333 112459094
k 15 6608 3333333333 112435696
k 15 6614 3333333333 112441360
k 15 6609 3333333333 112464426
k 15 6610 3333333333 112450014
k 15 6612 3333333333 112450745
k 15 6613 3333333333 112442020
k 15 6611 3333333333 112449138
k 15 6619 3333333333 112431673
k 15 6615 3333333333 112448788
k 15 6616 3333333333 112437827
k 15 6617 3333333333 112429775
k 15 6618 3333333333 112432019
k 15 6620 3333333333 112434777
k 15 6623 3333333333 112429976
k 15 6621 3333333333 112436717
k 15 6622 3333333333 112438730
k 15 6629 3333333333 112418808
k 15 6624 3333333333 112438888
k 15 6625 3333333333 112439675
k 15 6626 3333333333 112428015
k 15 6627 3333333333 112445218
k 15 6628 3333333333 112435793
k 15 6630 3333333333 112431569
k 15 6631 3333333333 112436782
k 15 6632 3333333333 112416316
k 15 6633 3333333333 112420891
k 15 6635 3333333333 112421365
k 15 6634 3333333333 112418587
k 15 6638 3333333333 112428903
k 15 6636 3333333333 112424149
k 15 6637 3333333333 112427510
k 15 6639 3333333333 112397659
k 15 6640 3333333333 112420649
k 15 6641 3333333333 112432268
k 15 6642 3333333333 112419078
k 15 6643 3333333333 112429937
k 15 6648 3333333333 112417467
k 15 6644 3333333333 112417895
k 15 6645 3333333333 112419621
k 15 6646 3333333333 112408760
k 15 6647 3333333333 112425220
k 15 6650 3333333333 112409641
k 15 6649 3333333333 112420081
k 15 6651 3333333333 112413431
k 15 6652 3333333333 112422397
k 15 6658 3333333333 112401878
k 15 6653 3333333333 112396837
k 15 6654 3333333333 112411796
k 15 6655 3333333333 112417261
k 15 6656 3333333333 112417329
k 15 6657 3333333333 112403979
k 15 6663 3333333333 112388526
k 15 6659 3333333333 112400605
k 15 6660 3333333333 112420540
k 15 6661 3333333333 112407269
k 15 6662 3333333333 112386070
k 15 6664 3333333333 112410498
k 15 6667 3333333333 112400818
k 15 6665 3333333333 112395247
k 15 6666 3333333333 112408418
k 15 6673 3333333333 112391783
k 15 6668 3333333333 112392002
k 15 6669 3333333333 112397804
k 15 6670 3333333333 112390251
k 15 6671 3333333333 112411774
k 15 6672 3333333333 112395207
k 15 6674 3333333333 112407139
k 15 6675 3333333333 112403757
k 15 6676 3333333333 112387983
k 15 6677 3333333333 112396141
k 15 6679 3333333333 112388498
k 15 6678 3333333333 112376898
k 15 6682 3333333333 112393046
k 15 6680 3333333333 112384184
k 15 6681 3333333333 112381631
k 15 6683 3333333333 112404376
k 15 6684 3333333333 112374385
k 15 6685 3333333333 112378678
k 15 6686 3333333333 112396593
k 15 6687 3333333333 112382748
k 15 6688 3333333333 112385999
k 15 6692 3333333333 112388306
k 15 6689 3333333333 112368686
k 15 6690 3333333333 112398793
k 15 6691 3333333333 112381218
k 15 6694 3333333333 112389755
k 15 6693 3333333333 112385467
k 15 6695 3333333333 112376902
k 15 6696 3333333333 112388429
k 15 6703 3333333333 112374605
k 15 6697 3333333333 112383546
k 15 6698 3333333333 112377384
k 15 6700 3333333333 112373941
k 15 6699 3333333333 112357812
k 15 6701 3333333333 112391243
k 15 6702 3333333333 112378610
k 15 6704 3333333333 112367742
k 15 6707 3333333333 112364105
k 15 6705 3333333333 112379134
k 15 6706 3333333333 112368427
k 15 6708 3333333333 112365610
k 15 6711 3333333333 112378956
k 15 6709 3333333333 112359330
k 15 6710 3333333333 112361295
k 15 6712 3333333333 112353588
k 15 6719 3333333333 112359302
k 15 6714 3333333333 112352141
k 15 6713 3333333333 112360609
k 15 6715 3333333333 112356313
k 15 6716 3333333333 112375087
k 15 6717 3333333333 112339633
k 15 6718 3333333333 112372860
k 15 6720 3333333333 112351050
k 15 6721 3333333333 112357428
k 15 6723 3333333333 112357995
k 15 6722 3333333333 112340501
k 15 6724 3333333333 112349023
k 15 6727 3333333333 112330347
k 15 6725 3333333333 112361262
k 15 6726 3333333333 112356612
k 15 6729 3333333333 112350570
k 15 6728 3333333333 112349835
k 15 6731 3333333333 112349052
k 15 6730 3333333333 112344423
k 15 6732 3333333333 112334628
k 15 6733 3333333333 112345060
k 15 6734 3333333333 112344253
k 15 6736 3333333333 112343823
k 15 6735 3333333333 112354701
k 15 6739 3333333333 112341561
k 15 6737 3333333333 112337663
k 15 6738 3333333333 112330501
k 15 6740 3333333333 112335785
k 15 6742 3333333333 112344830
k 15 6741 3333333333 112327673
k 15 6743 3333333333 112321463
k 15 6744 3333333333 112339389
k 15 6749 3333333333 112326248
k 15 6745 3333333333 112336384
k 15 6746 3333333333 112338352
k 15 6747 3333333333 112328866
k 15 6748 3333333333 112324237
k 15 6751 3333333333 112333334
k 15 6750 3333333333 112323031
k 15 6752 3333333333 112331957
k 15 6753 3333333333 112319205
k 15 6754 3333333333 112344676
k 15 6759 3333333333 112325475
k 15 6757 3333333333 112323929
k 15 6755 3333333333 112339431
k 15 6756 3333333333 112333137
k 15 6758 3333333333 112332065
k 15 6760 3333333333 112308072
k 15 6764 3333333333 112321052
k 15 6761 3333333333 112311244
k 15 6762 3333333333 112306483
k 15 6763 3333333333 112319552
k 15 6765 3333333333 112329497
k 15 6769 3333333333 112310137
k 15 6766 3333333333 112316617
k 15 6767 3333333333 112312899
k 15 6768 3333333333 112312421
k 15 6775 3333333333 112307895
k 15 6772 3333333333 112315107
k 15 6770 3333333333 112307507
k 15 6773 3333333333 112317863
k 15 6771 3333333333 112309235
k 15 6774 3333333333 112298779
k 15 6777 3333333333 112293723
k 15 6776 3333333333 112321918
k 15 6778 3333333333 112309358
k 15 6780 3333333333 112303300
k 15 6779 3333333333 112310313
k 15 6784 3333333333 112316866
k 15 6781 3333333333 112310364
k 15 6782 3333333333 112313102
k 15 6783 3333333333 112307591
k 15 6786 3333333333 112289280
k 15 6785 3333333333 112305648
k 15 6788 3333333333 112297740
k 15 6787 3333333333 112280867
k 15 6789 3333333333 112316392
k 15 6793 3333333333 112304196
k 15 6790 3333333333 112301198
k 15 6791 3333333333 112305374
k 15 6792 3333333333 112281580
k 15 6794 3333333333 112307138
k 15 6795 3333333333 112298273
k 15 6796 3333333333 112279803
k 15 6797 3333333333 112290660
k 15 6798 3333333333 112288560
k 15 6804 3333333333 112277174
k 15 6799 3333333333 112289943
k 15 6802 3333333333 112282337
k 15 6800 3333333333 112283913
k 15 6801 3333333333 112288482
k 15 6803 3333333333 112288746
k 15 6809 3333333333 112278925
k 15 6806 3333333333 112288757
k 15 6805 3333333333 112288204
k 15 6807 3333333333 112272246
k 15 6808 3333333333 112275132
k 15 6810 3333333333 112281561
k 15 6813 3333333333 112276192
k 15 6811 3333333333 112280502
k 15 6812 3333333333 112256621
k 15 6819 3333333333 112282711
k 15 6814 3333333333 112278049
k 15 6816 3333333333 112265470
k 15 6815 3333333333 112274164
k 15 6818 3333333333 112277410
k 15 6817 3333333333 112287309
k 15 6821 3333333333 112276294
k 15 6820 3333333333 112272461
k 15 6822 3333333333 112264306
k 15 6823 3333333333 112270681
k 15 6825 3333333333 112276310
k 15 6824 3333333333 112286021
k 15 6828 3333333333 112269168
k 15 6826 3333333333 112245450
k 15 6827 3333333333 112275113
k 15 6829 3333333333 112272022
k 15 6831 3333333333 112257482
k 15 6830 3333333333 112263994
k 15 6832 3333333333 112261423
k 15 6833 3333333333 112257444
k 15 6834 3333333333 112254469
k 15 6838 3333333333 112253395
k 15 6835 3333333333 112269303
k 15 6836 3333333333 112250987
k 15 6837 3333333333 112248744
k 15 6840 3333333333 112253104
k 15 6839 3333333333 112254649
k 15 6841 3333333333 112264298
k 15 6842 3333333333 112242235
k 15 6849 3333333333 112251150
k 15 6843 3333333333 112272219
k 15 6845 3333333333 112252038
k 15 6844 3333333333 112246687
k 15 6846 3333333333 112252726
k 15 6847 3333333333 112240061
k 15 6848 3333333333 112257511
k 15 6853 3333333333 112254983
k 15 6850 3333333333 112245772
k 15 6851 3333333333 112241263
k 15 6852 3333333333 112248319
k 15 6854 3333333333 112237561
k 15 6857 3333333333 112240721
k 15 6855 3333333333 112234360
k 15 6856 3333333333 112233981
k 15 6858 3333333333 112233854
k 15 6864 3333333333 112243262
k 15 6860 3333333333 112244379
k 15 6859 3333333333 112231110
k 15 6861 3333333333 112238743
k 15 6862 3333333333 112234925
k 15 6863 3333333333 112254637
k 15 6865 3333333333 112238293
k 15 6866 3333333333 112233103
k 15 6867 3333333333 112226438
k 15 6869 3333333333 112225093
k 15 6868 3333333333 112221793
k 15 6873 3333333333 112233397
k 15 6870 3333333333 112243721
k 15 6871 3333333333 112226825
k 15 6872 3333333333 112224924
k 15 6874 3333333333 112237389
k 15 6875 3333333333 112236406
k 15 6876 3333333333 112211157
k 15 6877 3333333333 112235954
k 15 6878 3333333333 112230113
k 15 6879 3333333333 112221283
k 15 6880 3333333333 112215908
k 15 6882 3333333333 112223060
k 15 6881 3333333333 112226398
k 15 6884 3333333333 112204553
k 15 6883 3333333333 112216420
k 15 6885 3333333333 112231480
k 15 6886 3333333333 112228864
k 15 6887 3333333333 112204197
k 15 6888 3333333333 112212037
k 15 6895 3333333333 112205525
k 15 6889 3333333333 112217897
k 15 6890 3333333333 112206711
k 15 6891 3333333333 112200544
k 15 6892 3333333333 112219170
k 15 6894 3333333333 112203105
k 15 6893 3333333333 112223023
k 15 6897 3333333333 112206120
k 15 6896 3333333333 112221999
k 15 6898 3333333333 112212653
k 15 6899 3333333333 112216244
k 15 6903 3333333333 112215621
k 15 6900 3333333333 112200461
k 15 6901 3333333333 112213311
k 15 6902 3333333333 112200205
k 15 6904 3333333333 112211496
k 15 6905 3333333333 112189705
k 15 6910 3333333333 112200263
k 15 6906 3333333333 112196889
k 15 6907 3333333333 112200639
k 15 6909 3333333333 112202031
k 15 6908 3333333333 112191497
k 15 6911 3333333333 112182834
k 15 6914 3333333333 112184795
k 15 6912 3333333333 112202642
k 15 6913 3333333333 112203419
k 15 6915 3333333333 112192398
k 15 6920 3333333333 112181565
k 15 6916 3333333333 112188061
k 15 6917 3333333333 112188521
k 15 6918 3333333333 112206189
k 15 6919 3333333333 112176906
k 15 6921 3333333333 112196139
k 15 6922 3333333333 112181214
k 15 6923 3333333333 112187515
k 15 6924 3333333333 112184772
k 15 6926 3333333333 112189038
k 15 6925 3333333333 112177548
k 15 6930 3333333333 112185353
k 15 6927 3333333333 112175925
k 15 6928 3333333333 112175510
k 15 6929 3333333333 112173595
k 15 6931 3333333333 112181711
k 15 6932 3333333333 112162487
k 15 6933 3333333333 112177805
k 15 6934 3333333333 112170825
k 15 6935 3333333333 112185019
k 15 6939 3333333333 112169141
k 15 6936 3333333333 112174120
k 15 6937 3333333333 112176842
k 15 6938 3333333333 112164176
k 15 6940 3333333333 112163734
k 15 6941 3333333333 112175807
k 15 6942 3333333333 112167944
k 15 6943 3333333333 112157154
k 15 6944 3333333333 112172818
k 15 6950 3333333333 112155706
k 15 6945 3333333333 112181623
k 15 6946 3333333333 112171440
k 15 6948 3333333333 112161796
k 15 6947 3333333333 112156802
k 15 6949 3333333333 112173410
k 15 6955 3333333333 112161879
k 15 6951 3333333333 112151945
k 15 6952 3333333333 112148409
k 15 6953 3333333333 112141182
k 15 6954 3333333333 112168116
k 15 6956 3333333333 112130394
k 15 6959 3333333333 112162998
k 15 6957 3333333333 112165397
k 15 6958 3333333333 112149025
k 15 6965 3333333333 112143986
k 15 6960 3333333333 112172936
k 15 6961 3333333333 112157266
k 15 6962 3333333333 112169955
k 15 6963 3333333333 112156169
k 15 6964 3333333333 112162173
k 15 6966 3333333333 112133752
k 15 6967 3333333333 112151461
k 15 6968 3333333333 112158145
k 15 6969 3333333333 112152043
k 15 6971 3333333333 112152282
k 15 6970 3333333333 112138073
k 15 6974 3333333333 112138764
k 15 6972 3333333333 112150337
k 15 6973 3333333333 112138413
k 15 6975 3333333333 112144413
k 15 6976 3333333333 112131248
k 15 6977 3333333333 112144661
k 15 6978 3333333333 112132526
k 15 6979 3333333333 112141257
k 15 6984 3333333333 112138420
k 15 6980 3333333333 112146935
k 15 6981 3333333333 112139112
k 15 6982 3333333333 112146798
k 15 6983 3333333333 112142673
k 15 6986 3333333333 112136065
k 15 6985 3333333333 112134960
k 15 6987 3333333333 112132205
k 15 6988 3333333333 112135929
k 15 6994 3333333333 112116226
k 15 6989 3333333333 112138007
k 15 6990 3333333333 112131142
k 15 6991 3333333333 112149118
k 15 6993 3333333333 112121251
k 15 6992 3333333333 112129011
k 15 6999 3333333333 112116847
k 15 6995 3333333333 112134799
k 15 6996 3333333333 112124826
k 15 6997 3333333333 112125534
k 15 6998 3333333333 112130533
k 15 7000 3333333333 112130242
k 15 7003 3333333333 112100822
k 15 7001 3333333333 112123245
k 15 7002 3333333333 112123346
k 15 7004 3333333333 112125757
k 15 7009 3333333333 112093950
k 15 7005 3333333333 112098018
k 15 7006 3333333333 112133130
k 15 7007 3333333333 112114469
k 15 7008 3333333333 112122693
k 15 7011 3333333333 112109060
k 15 7010 3333333333 112127183
k 15 7012 3333333333 112109694
k 15 7013 3333333333 112115069
k 15 7015 3333333333 112119707
k 15 7014 3333333333 112095705
k 15 7016 3333333333 112109501
k 15 7019 3333333333 112109138
k 15 7017 3333333333 112106559
k 15 7018 3333333333 112109489
k 15 7020 3333333333 112101572
k 15 7021 3333333333 112115209
k 15 7022 3333333333 112116739
k 15 7023 3333333333 112094113
k 15 7024 3333333333 112116956
k 15 7025 3333333333 112115017
k 15 7028 3333333333 112103196
k 15 7026 3333333333 112118460
k 15 7027 3333333333 112094358
k 15 7031 3333333333 112098458
k 15 7029 3333333333 112101470
k 15 7030 3333333333 112098834
k 15 7032 3333333333 112098796
k 15 7034 3333333333 112097519
k 15 7033 3333333333 112094621
k 15 7040 3333333333 112084257
k 15 7035 3333333333 112084510
k 15 7036 3333333333 112102788
k 15 7037 3333333333 112086288
k 15 7038 3333333333 112095393
k 15 7039 3333333333 112090893
k 15 7043 3333333333 112098623
k 15 7041 3333333333 112081172
k 15 7042 3333333333 112078889
k 15 7044 3333333333 112095520
k 15 7045 3333333333 112087146
k 15 7049 3333333333 112085067
k 15 7046 3333333333 112074920
k 15 7048 3333333333 112088117
k 15 7047 3333333333 112084433
k 15 7050 3333333333 112084359
k 15 7055 3333333333 112094946
k 15 7052 3333333333 112078257
k 15 7051 3333333333 112077168
k 15 7053 3333333333 112079347
k 15 7054 3333333333 112064803
k 15 7056 3333333333 112045561
k 15 7057 3333333333 112064401
k 15 7060 3333333333 112073869
k 15 7058 3333333333 112068328
k 15 7059 3333333333 112079657
k 15 7065 3333333333 112076247
k 15 7061 3333333333 112079233
k 15 7063 3333333333 112089706
k 15 7062 3333333333 112069059
k 15 7064 3333333333 112078923
k 15 7066 3333333333 112068225
k 15 7067 3333333333 112067932
k 15 7069 3333333333 112060761
k 15 7068 3333333333 112067540
k 15 7072 3333333333 112070047
k 15 7070 3333333333 112062650
k 15 7071 3333333333 112052799
k 15 7075 3333333333 112056664
k 15 7073 3333333333 112063798
k 15 7074 3333333333 112052211
k 15 7076 3333333333 112065351
k 15 7077 3333333333 112077712
k 15 7078 3333333333 112063330
k 15 7079 3333333333 112073110
k 15 7084 3333333333 112039379
k 15 7080 3333333333 112058795
k 15 7081 3333333333 112063209
k 15 7082 3333333333 112048690
k 15 7083 3333333333 112052510
k 15 7085 3333333333 112056159
k 15 7086 3333333333 112059461
k 15 7087 3333333333 112038317
k 15 7088 3333333333 112049471
k 15 7089 3333333333 112056250
k 15 7090 3333333333 112056131
k 15 7094 3333333333 112041755
k 15 7091 3333333333 112051883
k 15 7092 3333333333 112062677
k 15 7093 3333333333 112034689
k 15 7095 3333333333 112037219
k 15 7096 3333333333 112056110
k 15 7101 3333333333 112037473
k 15 7097 3333333333 112022029
k 15 7098 3333333333 112046531
k 15 7099 3333333333 112040242
k 15 7100 3333333333 112037442
k 15 7105 3333333333 112045161
k 15 7102 3333333333 112034117
k 15 7103 3333333333 112033922
k 15 7104 3333333333 112043696
k 15 7111 3333333333 112018261
k 15 7106 3333333333 112041384
k 15 7107 3333333333 112036567
k 15 7108 3333333333 112039650
k 15 7109 3333333333 112038655
k 15 7110 3333333333 112053317
k 15 7113 3333333333 112040255
k 15 7112 3333333333 112040903
k 15 7114 3333333333 112029811
k 15 7115 3333333333 112020946
k 15 7116 3333333333 112031167
k 15 7117 3333333333 112028730
k 15 7120 3333333333 112022773
k 15 7118 3333333333 112023846
k 15 7119 3333333333 112020931
k 15 7122 3333333333 112031049
k 15 7121 3333333333 112019992
k 15 7123 3333333333 112022969
k 15 7124 3333333333 112029998
k 15 7130 3333333333 112025834
k 15 7125 3333333333 112018886
k 15 7126 3333333333 112016390
k 15 7127 3333333333 112022708
k 15 7128 3333333333 112026465
k 15 7129 3333333333 112003275
k 15 7132 3333333333 112020603
k 15 7131 3333333333 112018889
k 15 7133 3333333333 112020043
k 15 7134 3333333333 112017223
k 15 7139 3333333333 112009858
k 15 7135 3333333333 112023785
k 15 7136 3333333333 112018482
k 15 7137 3333333333 112009820
k 15 7138 3333333333 112017300
k 15 7140 3333333333 112011809
k 15 7141 3333333333 112015948
k 15 7145 3333333333 112004478
k 15 7142 3333333333 112019400
k 15 7143 3333333333 112021092
k 15 7144 3333333333 112011888
k 15 7146 3333333333 111997533
k 15 7149 3333333333 111998955
k 15 7147 3333333333 112004141
k 15 7148 3333333333 111989114
k 15 7156 3333333333 112008874
k 15 7150 3333333333 112030082
k 15 7151 3333333333 111988218
k 15 7152 3333333333 111996864
k 15 7153 3333333333 112002395
k 15 7154 3333333333 112010272
k 15 7155 3333333333 111997764
k 15 7157 3333333333 111990925
k 15 7158 3333333333 112001156
k 15 7159 3333333333 111993400
k 15 7161 3333333333 111989798
k 15 7160 3333333333 111993018
k 15 7162 3333333333 111983502
k 15 7164 3333333333 111988187
k 15 7163 3333333333 111989797
k 15 7165 3333333333 111994714
k 15 7166 3333333333 111987165
k 15 7167 3333333333 112008442
k 15 7168 3333333333 111981095
k 15 7169 3333333333 111998906
k 15 7170 3333333333 112000778
k 15 7174 3333333333 111998598
k 15 7171 3333333333 111983536
k 15 7172 3333333333 111987889
k 15 7173 3333333333 111973806
k 15 7177 3333333333 111985918
k 15 7175 3333333333 111977292
k 15 7176 3333333333 111991905
k 15 7178 3333333333 111969842
k 15 7180 3333333333 111978651
k 15 7179 3333333333 111971775
k 15 7185 3333333333 111972719
k 15 7181 3333333333 111998496
k 15 7182 3333333333 111988923
k 15 7183 3333333333 111983315
k 15 7184 3333333333 111976128
k 15 7186 3333333333 111975261
k 15 7189 3333333333 111975118
k 15 7187 3333333333 111978097
k 15 7188 3333333333 111964869
k 15 7190 3333333333 111957616
k 15 7191 3333333333 111992200
k 15 7195 3333333333 111950128
k 15 7192 3333333333 111974333
k 15 7194 3333333333 111961680
k 15 7193 3333333333 111956148
k 15 7201 3333333333 111970669
k 15 7196 3333333333 111981837
k 15 7197 3333333333 111967452
k 15 7198 3333333333 111973245
k 15 7199 3333333333 111959931
k 15 7200 3333333333 111959902
k 15 7202 3333333333 111954959
k 15 7203 3333333333 111967039
k 15 7206 3333333333 111959851
k 15 7204 3333333333 111958972
k 15 7205 3333333333 111957157
k 15 7207 3333333333 111962208
k 15 7210 3333333333 111960853
k 15 7208 3333333333 111955692
k 15 7209 3333333333 111949570
k 15 7211 3333333333 111964453
k 15 7212 3333333333 111944220
k 15 7213 3333333333 111942183
k 15 7214 3333333333 111953043
k 15 7215 3333333333 111968238
k 15 7218 3333333333 111945230
k 15 7216 3333333333 111934224
k 15 7217 3333333333 111941580
k 15 7222 3333333333 111935086
k 15 7220 3333333333 111947049
k 15 7219 3333333333 111941606
k 15 7221 3333333333 111941075
k 15 7223 3333333333 111946559
k 15 7224 3333333333 111942085
k 15 7230 3333333333 111935480
k 15 7225 3333333333 111945342
k 15 7226 3333333333 111949774
k 15 7228 3333333333 111949933
k 15 7227 3333333333 111939818
k 15 7229 3333333333 111935048
k 15 7233 3333333333 111947800
k 15 7231 3333333333 111962663
k 15 7232 3333333333 111931305
k 15 7234 3333333333 111939668
k 15 7235 3333333333 111942392
k 15 7236 3333333333 111923098
k 15 7239 3333333333 111925977
k 15 7237 3333333333 111923248
k 15 7238 3333333333 111931441
k 15 7240 3333333333 111933981
k 15 7241 3333333333 111937917
k 15 7245 3333333333 111917387
k 15 7243 3333333333 111910196
k 15 7242 3333333333 111922122
k 15 7244 3333333333 111931966
k 15 7246 3333333333 111923779
k 15 7247 3333333333 111931842
k 15 7251 3333333333 111925228
k 15 7248 3333333333 111919672
k 15 7249 3333333333 111914276
k 15 7250 3333333333 111925376
k 15 7256 3333333333 111916736
k 15 7252 3333333333 111920282
k 15 7253 3333333333 111917839
k 15 7254 3333333333 111919525
k 15 7255 3333333333 111928063
k 15 7258 3333333333 111922365
k 15 7257 3333333333 111930744
k 15 7259 3333333333 111922236
k 15 7262 3333333333 111906794
k 15 7260 3333333333 111918494
k 15 7261 3333333333 111915076
k 15 7266 3333333333 111919143
k 15 7263 3333333333 111924371
k 15 7264 3333333333 111918057
k 15 7265 3333333333 111914622
k 15 7267 3333333333 111916095
k 15 7268 3333333333 111903498
k 15 7269 3333333333 111900222
k 15 7270 3333333333 111897657
k 15 7274 3333333333 111900033
k 15 7271 3333333333 111920283
k 15 7272 3333333333 111913834
k 15 7273 3333333333 111911509
k 15 7275 3333333333 111908787
k 15 7277 3333333333 111900435
k 15 7276 3333333333 111885745
k 15 7278 3333333333 111914494
k 15 7279 3333333333 111893137
k 15 7280 3333333333 111902520
k 15 7285 3333333333 111897193
k 15 7281 3333333333 111889681
k 15 7282 3333333333 111894676
k 15 7283 3333333333 111900875
k 15 7284 3333333333 111887705
k 15 7286 3333333333 111906982
k 15 7290 3333333333 111901562
k 15 7288 3333333333 111893984
k 15 7287 3333333333 111902914
k 15 7289 3333333333 111887527
k 15 7291 3333333333 111896851
k 15 7295 3333333333 111880507
k 15 7292 3333333333 111886914
k 15 7293 3333333333 111862667
k 15 7294 3333333333 111880860
k 15 7301 3333333333 111882370
k 15 7296 3333333333 111882803
k 15 7297 3333333333 111875705
k 15 7298 3333333333 111875939
k 15 7299 3333333333 111885750
k 15 7300 3333333333 111880805
k 15 7302 3333333333 111877568
k 15 7303 3333333333 111886406
k 15 7304 3333333333 111893291
k 15 7305 3333333333 111872816
k 15 7306 3333333333 111875285
k 15 7310 3333333333 111879102
k 15 7307 3333333333 111876994
k 15 7308 3333333333 111868784
k 15 7309 3333333333 111880903
k 15 7311 3333333333 111886546
k 15 7312 3333333333 111876171
k 15 7313 3333333333 111881782
k 15 7314 3333333333 111859001
k 15 7315 3333333333 111873395
k 15 7317 3333333333 111865857
k 15 7316 3333333333 111858229
k 15 7320 3333333333 111877178
k 15 7318 3333333333 111867278
k 15 7319 3333333333 111870474
k 15 7321 3333333333 111867458
k 15 7322 3333333333 111867585
k 15 7323 3333333333 111872747
k 15 7324 3333333333 111871945
k 15 7325 3333333333 111859330
k 15 7332 3333333333 111855576
k 15 7326 3333333333 111848470
k 15 7327 3333333333 111862530
k 15 7328 3333333333 111869537
k 15 7329 3333333333 111881462
k 15 7330 3333333333 111868952
k 15 7331 3333333333 111866004
k 15 7335 3333333333 111854287
k 15 7333 3333333333 111840779
k 15 7334 3333333333 111867617
k 15 7336 3333333333 111846136
k 15 7337 3333333333 111854357
k 15 7340 3333333333 111843795
k 15 7338 3333333333 111855327
k 15 7339 3333333333 111854774
k 15 7341 3333333333 111850771
k 15 7347 3333333333 111842429
k 15 7342 3333333333 111838904
k 15 7343 3333333333 111858809
k 15 7344 3333333333 111839251
k 15 7345 3333333333 111845439
k 15 7346 3333333333 111835434
k 15 7348 3333333333 111838131
k 15 7349 3333333333 111834453
k 15 7352 3333333333 111840949
k 15 7350 3333333333 111830551
k 15 7351 3333333333 111832817
k 15 7356 3333333333 111842487
k 15 7353 3333333333 111841203
k 15 7354 3333333333 111847872
k 15 7355 3333333333 111854692
k 15 7357 3333333333 111826325
k 15 7358 3333333333 111832741
k 15 7359 3333333333 111840035
k 15 7360 3333333333 111823641
k 15 7361 3333333333 111842517
k 15 7364 3333333333 111832382
k 15 7362 3333333333 111835579
k 15 7363 3333333333 111836078
k 15 7367 3333333333 111837425
k 15 7365 3333333333 111818079
k 15 7366 3333333333 111830641
k 15 7368 3333333333 111825402
k 15 7369 3333333333 111840644
k 15 7370 3333333333 111822969
k 15 7376 3333333333 111834301
k 15 7371 3333333333 111822927
k 15 7372 3333333333 111830218
k 15 7373 3333333333 111821420
k 15 7374 3333333333 111840834
k 15 7375 3333333333 111837539
k 15 7379 3333333333 111824237
k 15 7377 3333333333 111834618
k 15 7378 3333333333 111827563
k 15 7380 3333333333 111830296
k 15 7381 3333333333 111807500
k 15 7382 3333333333 111834982
k 15 7385 3333333333 111806932
k 15 7383 3333333333 111838848
k 15 7384 3333333333 111820813
k 15 7386 3333333333 111819974
k 15 7391 3333333333 111818871
k 15 7387 3333333333 111802526
k 15 7388 3333333333 111819756
k 15 7389 3333333333 111808974
k 15 7390 3333333333 111798880
k 15 7392 3333333333 111806119
k 15 7393 3333333333 111791456
k 15 7397 3333333333 111812421
k 15 7394 3333333333 111812591
k 15 7395 3333333333 111821822
k 15 7396 3333333333 111815263
k 15 7401 3333333333 111794873
k 15 7398 3333333333 111813939
k 15 7399 3333333333 111799774
k 15 7400 3333333333 111797462
k 15 7402 3333333333 111797485
k 15 7403 3333333333 111799911
k 15 7404 3333333333 111808468
k 15 7405 3333333333 111809312
k 15 7408 3333333333 111783505
k 15 7406 3333333333 111790716
k 15 7407 3333333333 111796426
k 15 7412 3333333333 111794375
k 15 7409 3333333333 111797176
k 15 7410 3333333333 111806065
k 15 7411 3333333333 111792882
k 15 7413 3333333333 111814436
k 15 7414 3333333333 111783783
k 15 7415 3333333333 111803351
k 15 7420 3333333333 111791336
k 15 7417 3333333333 111806215
k 15 7416 3333333333 111799093
k 15 7418 3333333333 111792245
k 15 7419 3333333333 111787469
k 15 7423 3333333333 111793980
k 15 7421 3333333333 111785412
k 15 7422 3333333333 111778318
k 15 7424 3333333333 111789768
k 15 7425 3333333333 111787521
k 15 7426 3333333333 111787832
k 15 7430 3333333333 111786498
k 15 7427 3333333333 111776756
k 15 7428 3333333333 111789165
k 15 7429 3333333333 111795652
k 15 7431 3333333333 111783328
k 15 7432 3333333333 111795952
k 15 7435 3333333333 111767063
k 15 7433 3333333333 111778199
k 15 7434 3333333333 111777737
k 15 7436 3333333333 111769790
k 15 7437 3333333333 111786005
k 15 7441 3333333333 111765324
k 15 7438 3333333333 111784453
k 15 7439 3333333333 111777944
k 15 7440 3333333333 111772809
k 15 7447 3333333333 111762588
k 15 7442 3333333333 111779531
k 15 7443 3333333333 111766081
k 15 7444 3333333333 111764934
k 15 7445 3333333333 111769394
k 15 7446 3333333333 111764658
k 15 7448 3333333333 111769513
k 15 7449 3333333333 111758691
k 15 7450 3333333333 111768263
k 15 7452 3333333333 111760298
k 15 7451 3333333333 111772093
k 15 7456 3333333333 111747224
k 15 7453 3333333333 111755173
k 15 7454 3333333333 111748228
k 15 7455 3333333333 111771209
k 15 7457 3333333333 111750607
k 15 7458 3333333333 111751803
k 15 7459 3333333333 111777797
k 15 7460 3333333333 111737270
k 15 7462 3333333333 111767417
k 15 7461 3333333333 111754406
k 15 7465 3333333333 111765232
k 15 7463 3333333333 111756454
k 15 7464 3333333333 111766267
k 15 7467 3333333333 111753421
k 15 7466 3333333333 111756661
k 15 7468 3333333333 111756982
k 15 7469 3333333333 111756377
k 15 7470 3333333333 111742480
k 15 7477 3333333333 111750570
k 15 7471 3333333333 111763631
k 15 7472 3333333333 111741079
k 15 7473 3333333333 111749522
k 15 7474 3333333333 111736202
k 15 7476 3333333333 111763714
k 15 7475 3333333333 111749243
k 15 7480 3333333333 111749088
k 15 7478 3333333333 111755173
k 15 7479 3333333333 111749189
k 15 7481 3333333333 111748475
k 15 7485 3333333333 111753702
k 15 7482 3333333333 111752950
k 15 7483 3333333333 111736007
k 15 7484 3333333333 111754615
k 15 7486 3333333333 111735424
k 15 7492 3333333333 111728699
k 15 7487 3333333333 111741120
k 15 7488 3333333333 111738825
k 15 7489 3333333333 111744848
k 15 7491 3333333333 111722306
k 15 7490 3333333333 111724520
k 15 7493 3333333333 111724204
k 15 7494 3333333333 111723972
k 15 7496 3333333333 111741170
k 15 7495 3333333333 111732258
k 15 7501 3333333333 111744396
k 15 7497 3333333333 111726232
k 15 7498 3333333333 111722538
k 15 7499 3333333333 111735882
k 15 7500 3333333333 111714250
k 15 7502 3333333333 111724113
k 15 7503 3333333333 111725642
k 15 7504 3333333333 111729011
k 15 7505 3333333333 111729774
k 15 7506 3333333333 111732254
k 15 7507 3333333333 111719267
k 15 7509 3333333333 111723954
k 15 7508 3333333333 111727161
k 15 7511 3333333333 111720691
k 15 7510 3333333333 111716210
k 15 7512 3333333333 111713166
k 15 7513 3333333333 111725427
k 15 7514 3333333333 111704981
k 15 7515 3333333333 111720168
k 15 7522 3333333333 111707944
k 15 7516 3333333333 111712538
k 15 7517 3333333333 111717542
k 15 7518 3333333333 111715417
k 15 7519 3333333333 111703354
k 15 7520 3333333333 111703708
k 15 7521 3333333333 111695342
k 15 7524 3333333333 111708646
k 15 7523 3333333333 111702224
k 15 7525 3333333333 111709587
k 15 7527 3333333333 111701870
k 15 7526 3333333333 111713221
k 15 7530 3333333333 111702053
k 15 7528 3333333333 111693559
k 15 7529 3333333333 111703565
k 15 7531 3333333333 111697972
k 15 7537 3333333333 111704805
k 15 7532 3333333333 111699841
k 15 7533 3333333333 111700364
k 15 7534 3333333333 111704173
k 15 7535 3333333333 111692077
k 15 7536 3333333333 111700280
k 15 7538 3333333333 111700174
k 15 7539 3333333333 111687926
k 15 7542 3333333333 111696871
k 15 7540 3333333333 111705345
k 15 7541 3333333333 111697762
k 15 7546 3333333333 111680046
k 15 7543 3333333333 111699765
k 15 7544 3333333333 111695439
k 15 7545 3333333333 111691591
k 15 7547 3333333333 111680522
k 15 7548 3333333333 111684100
k 15 7549 3333333333 111696277
k 15 7550 3333333333 111700598
k 15 7551 3333333333 111684268
k 15 7554 3333333333 111676440
k 15 7552 3333333333 111667441
k 15 7553 3333333333 111690900
k 15 7557 3333333333 111693855
k 15 7555 3333333333 111693883
k 15 7556 3333333333 111682952
k 15 7558 3333333333 111676665
k 15 7559 3333333333 111676779
k 15 7560 3333333333 111687120
k 15 7561 3333333333 111679821
k 15 7566 3333333333 111686353
k 15 7562 3333333333 111684885
k 15 7563 3333333333 111658047
k 15 7564 3333333333 111673466
k 15 7565 3333333333 111693926
k 15 7569 3333333333 111695198
k 15 7567 3333333333 111668057
k 15 7568 3333333333 111679155
k 15 7570 3333333333 111667286
k 15 7571 3333333333 111666537
k 15 7576 3333333333 111663935
k 15 7572 3333333333 111664623
k 15 7573 3333333333 111672739
k 15 7574 3333333333 111653559
k 15 7575 3333333333 111669245
k 15 7581 3333333333 111668848
k 15 7577 3333333333 111656397
k 15 7578 3333333333 111674832
k 15 7579 3333333333 111667824
k 15 7580 3333333333 111663601
k 15 7582 3333333333 111663382
k 15 7583 3333333333 111670720
k 15 7586 3333333333 111668360
k 15 7585 3333333333 111655558
k 15 7584 3333333333 111669601
k 15 7587 3333333333 111661333
k 15 7591 3333333333 111647643
k 15 7588 3333333333 111664054
k 15 7589 3333333333 111664443
k 15 7590 3333333333 111659560
k 15 7592 3333333333 111660739
k 15 7594 3333333333 111662109
k 15 7593 3333333333 111662694
k 15 7595 3333333333 111652937
k 15 7596 3333333333 111653347
k 15 7598 3333333333 111662683
k 15 7597 3333333333 111657282
k 15 7602 3333333333 111654032
k 15 7599 3333333333 111646892
k 15 7600 3333333333 111660748
k 15 7601 3333333333 111656562
k 15 7603 3333333333 111641982
k 15 7604 3333333333 111662181
k 15 7605 3333333333 111647319
k 15 7606 3333333333 111649286
k 15 7607 3333333333 111646321
k 15 7608 3333333333 111637903
k 15 7611 3333333333 111639915
k 15 7609 3333333333 111640127
k 15 7610 3333333333 111642721
k 15 7613 3333333333 111650227
k 15 7612 3333333333 111650320
k 15 7614 3333333333 111646357
k 15 7616 3333333333 111626446
k 15 7615 3333333333 111635166
k 15 7623 3333333333 111633194
k 15 7617 3333333333 111634135
k 15 7618 3333333333 111621848
k 15 7619 3333333333 111627779
k 15 7620 3333333333 111639944
k 15 7621 3333333333 111640543
k 15 7626 3333333333 111643481
k 15 7622 3333333333 111633127
k 15 7624 3333333333 111624485
k 15 7625 3333333333 111643712
k 15 7627 3333333333 111610438
k 15 7631 3333333333 111621845
k 15 7628 3333333333 111612748
k 15 7630 3333333333 111635069
k 15 7629 3333333333 111631119
k 15 7637 3333333333 111628112
k 15 7632 3333333333 111626987
k 15 7633 3333333333 111629297
k 15 7634 3333333333 111638392
k 15 7635 3333333333 111615361
k 15 7638 3333333333 111616800
k 15 7636 3333333333 111612107
k 15 7639 3333333333 111621816
k 15 7640 3333333333 111619096
k 15 7642 3333333333 111624051
k 15 7641 3333333333 111625341
k 15 7646 3333333333 111626821
k 15 7643 3333333333 111630433
k 15 7644 3333333333 111632335
k 15 7645 3333333333 111629308
k 15 7647 3333333333 111621385
k 15 7648 3333333333 111611814
k 15 7649 3333333333 111612782
k 15 7650 3333333333 111611808
k 15 7651 3333333333 111610746
k 15 7652 3333333333 111605134
k 15 7655 3333333333 111605907
k 15 7653 3333333333 111602587
k 15 7654 3333333333 111612643
k 15 7657 3333333333 111596809
k 15 7656 3333333333 111610052
k 15 7658 3333333333 111603776
k 15 7659 3333333333 111610625
k 15 7660 3333333333 111608241
k 15 7667 3333333333 111605643
k 15 7661 3333333333 111599897
k 15 7662 3333333333 111616581
k 15 7663 3333333333 111612735
k 15 7664 3333333333 111615200
k 15 7665 3333333333 111587507
k 15 7666 3333333333 111583474
k 15 7670 3333333333 111602663
k 15 7668 3333333333 111595749
k 15 7669 3333333333 111615101
k 15 7671 3333333333 111608791
k 15 7675 3333333333 111583225
k 15 7672 3333333333 111604457
k 15 7673 3333333333 111606445
k 15 7674 3333333333 111598299
k 15 7676 3333333333 111589962
k 15 7682 3333333333 111591988
k 15 7677 3333333333 111603839
k 15 7678 3333333333 111592803
k 15 7679 3333333333 111577062
k 15 7680 3333333333 111580188
k 15 7681 3333333333 111591679
k 15 7683 3333333333 111591603
k 15 7684 3333333333 111576053
k 15 7686 3333333333 111582838
k 15 7685 3333333333 111594778
k 15 7691 3333333333 111578912
k 15 7687 3333333333 111582053
k 15 7688 3333333333 111595069
k 15 7689 3333333333 111585359
k 15 7690 3333333333 111588334
k 15 7692 3333333333 111585013
k 15 7693 3333333333 111592711
k 15 7695 3333333333 111576294
k 15 7694 3333333333 111581584
k 15 7696 3333333333 111586371
k 15 7697 3333333333 111583472
k 15 7699 3333333333 111590165
k 15 7698 3333333333 111567545
k 15 7701 3333333333 111569977
k 15 7700 3333333333 111585355
k 15 7702 3333333333 111569352
k 15 7704 3333333333 111576344
k 15 7703 3333333333 111584873
k 15 7705 3333333333 111556898
k 15 7712 3333333333 111565357
k 15 7706 3333333333 111572144
k 15 7707 3333333333 111568627
k 15 7708 3333333333 111563162
k 15 7710 3333333333 111556807
k 15 7709 3333333333 111583100
k 15 7711 3333333333 111577139
k 15 7714 3333333333 111574134
k 15 7713 3333333333 111580767
k 15 7715 3333333333 111571827
k 15 7716 3333333333 111585866
k 15 7720 3333333333 111569977
k 15 7717 3333333333 111559259
k 15 7718 3333333333 111571622
k 15 7719 3333333333 111563508
k 15 7727 3333333333 111562975
k 15 7721 3333333333 111543016
k 15 7722 3333333333 111559079
k 15 7723 3333333333 111557775
k 15 7725 3333333333 111562474
k 15 7724 3333333333 111553253
k 15 7726 3333333333 111564134
k 15 7728 3333333333 111557472
k 15 7729 3333333333 111561533
k 15 7731 3333333333 111568066
k 15 7730 3333333333 111559637
k 15 7732 3333333333 111548357
k 15 7735 3333333333 111543361
k 15 7733 3333333333 111551832
k 15 7734 3333333333 111553994
k 15 7736 3333333333 111549823
k 15 7737 3333333333 111556867
k 15 7738 3333333333 111544431
k 15 7739 3333333333 111541806
k 15 7740 3333333333 111534657
k 15 7741 3333333333 111552998
k 15 7744 3333333333 111533623
k 15 7742 3333333333 111552614
k 15 7743 3333333333 111539620
k 15 7747 3333333333 111537428
k 15 7745 3333333333 111528369
k 15 7746 3333333333 111529129
k 15 7748 3333333333 111542722
k 15 7749 3333333333 111541610
k 15 7750 3333333333 111528356
k 15 7756 3333333333 111546408
k 15 7751 3333333333 111547094
k 15 7752 3333333333 111551445
k 15 7754 3333333333 111524226
k 15 7753 3333333333 111537742
k 15 7755 3333333333 111526924
k 15 7759 3333333333 111532059
k 15 7757 3333333333 111546169
k 15 7758 3333333333 111532882
k 15 7760 3333333333 111535181
k 15 7761 3333333333 111526876
k 15 7765 3333333333 111531284
k 15 7762 3333333333 111545564
k 15 7763 3333333333 111538878
k 15 7764 3333333333 111539342
k 15 7771 3333333333 111513907
k 15 7766 3333333333 111525180
k 15 7767 3333333333 111536516
k 15 7769 3333333333 111526647
k 15 7768 3333333333 111537816
k 15 7770 3333333333 111531049
k 15 7772 3333333333 111514768
k 15 7773 3333333333 111527989
k 15 7776 3333333333 111513869
k 15 7774 3333333333 111514612
k 15 7775 3333333333 111521295
k 15 7777 3333333333 111519813
k 15 7780 3333333333 111524574
k 15 7778 3333333333 111512301
k 15 7779 3333333333 111507165
k 15 7781 3333333333 111508572
k 15 7782 3333333333 111520214
k 15 7784 3333333333 111526260
k 15 7783 3333333333 111520201
k 15 7785 3333333333 111510068
k 15 7788 3333333333 111516151
k 15 7786 3333333333 111522743
k 15 7787 3333333333 111514156
k 15 7792 3333333333 111512321
k 15 7789 3333333333 111524034
k 15 7790 3333333333 111520190
k 15 7791 3333333333 111518038
k 15 7793 3333333333 111501801
k 15 7794 3333333333 111517758
k 15 7795 3333333333 111510574
k 15 7800 3333333333 111493734
k 15 7796 3333333333 111521211
k 15 7798 3333333333 111505271
k 15 7797 3333333333 111500724
k 15 7799 3333333333 111489805
k 15 7801 3333333333 111499351
k 15 7803 3333333333 111498384
k 15 7802 3333333333 111504275
k 15 7804 3333333333 111504970
k 15 7805 3333333333 111502722
k 15 7806 3333333333 111502825
k 15 7807 3333333333 111482438
k 15 7810 3333333333 111480071
k 15 7808 3333333333 111489330
k 15 7809 3333333333 111504626
k 15 7811 3333333333 111501628
k 15 7813 3333333333 111487117
k 15 7812 3333333333 111500105
k 15 7816 3333333333 111499370
k 15 7814 3333333333 111476191
k 15 7815 3333333333 111494894
k 15 7817 3333333333 111491983
k 15 7822 3333333333 111489874
k 15 7818 3333333333 111470136
k 15 7819 3333333333 111490569
k 15 7820 3333333333 111498795
k 15 7821 3333333333 111481538
k 15 7828 3333333333 111482850
k 15 7823 3333333333 111482755
k 15 7824 3333333333 111484097
k 15 7825 3333333333 111493347
k 15 7826 3333333333 111474085
k 15 7827 3333333333 111484755
k 15 7829 3333333333 111481250
k 15 7830 3333333333 111467683
k 15 7832 3333333333 111472183
k 15 7831 3333333333 111476477
k 15 7837 3333333333 111466666
k 15 7833 3333333333 111484784
k 15 7834 3333333333 111466408
k 15 7835 3333333333 111472405
k 15 7836 3333333333 111463684
k 15 7838 3333333333 111479384
k 15 7839 3333333333 111491147
k 15 7840 3333333333 111475666
k 15 7841 3333333333 111492124
k 15 7842 3333333333 111470644
k 15 7845 3333333333 111457813
k 15 7843 3333333333 111467583
k 15 7844 3333333333 111467235
k 15 7847 3333333333 111472359
k 15 7846 3333333333 111459353
k 15 7848 3333333333 111489532
k 15 7849 3333333333 111483613
k 15 7850 3333333333 111451955
k 15 7851 3333333333 111466589
k 15 7857 3333333333 111470552
k 15 7852 3333333333 111453003
k 15 7853 3333333333 111474685
k 15 7854 3333333333 111454254
k 15 7856 3333333333 111442898
k 15 7855 3333333333 111463017
k 15 7858 3333333333 111468420
k 15 7860 3333333333 111463647
k 15 7859 3333333333 111459673
k 15 7861 3333333333 111454930
k 15 7866 3333333333 111471842
k 15 7862 3333333333 111460990
k 15 7863 3333333333 111449425
k 15 7864 3333333333 111456891
k 15 7865 3333333333 111448913
k 15 7873 3333333333 111452992
k 15 7867 3333333333 111456676
k 15 7868 3333333333 111446033
k 15 7869 3333333333 111460056
k 15 7870 3333333333 111453127
k 15 7871 3333333333 111456195
k 15 7872 3333333333 111440754
k 15 7874 3333333333 111452037
k 15 7876 3333333333 111447488
k 15 7875 3333333333 111452928
k 15 7881 3333333333 111442707
k 15 7877 3333333333 111443682
k 15 7878 3333333333 111448014
k 15 7879 3333333333 111441931
k 15 7880 3333333333 111446786
k 15 7882 3333333333 111439253
k 15 7883 3333333333 111451781
k 15 7884 3333333333 111441247
k 15 7885 3333333333 111441503
k 15 7886 3333333333 111433796
k 15 7889 3333333333 111443406
k 15 7887 3333333333 111431552
k 15 7888 3333333333 111449541
k 15 7890 3333333333 111444126
k 15 7891 3333333333 111440185
k 15 7892 3333333333 111431391
k 15 7893 3333333333 111430944
k 15 7894 3333333333 111437492
k 15 7895 3333333333 111439432
k 15 7901 3333333333 111430797
k 15 7896 3333333333 111436390
k 15 7897 3333333333 111421991
k 15 7898 3333333333 111428799
k 15 7899 3333333333 111434233
k 15 7900 3333333333 111438471
k 15 7902 3333333333 111429049
k 15 7905 3333333333 111439728
k 15 7903 3333333333 111419780
k 15 7904 3333333333 111431743
k 15 7906 3333333333 111408190
k 15 7910 3333333333 111429827
k 15 7907 3333333333 111439993
k 15 7908 3333333333 111411973
k 15 7909 3333333333 111421502
k 15 7911 3333333333 111427397
k 15 7917 3333333333 111411458
k 15 7912 3333333333 111426002
k 15 7914 3333333333 111421043
k 15 7913 3333333333 111418708
k 15 7915 3333333333 111419058
k 15 7916 3333333333 111426185
k 15 7918 3333333333 111414266
k 15 7919 3333333333 111421838
k 15 7921 3333333333 111418734
k 15 7920 3333333333 111412239
k 15 7922 3333333333 111412037
k 15 7923 3333333333 111418660
k 15 7926 3333333333 111422215
k 15 7924 3333333333 111410851
k 15 7925 3333333333 111415742
k 15 7927 3333333333 111417806
k 15 7928 3333333333 111412424
k 15 7929 3333333333 111410105
k 15 7930 3333333333 111400982
k 15 7931 3333333333 111415645
k 15 7934 3333333333 111415393
k 15 7932 3333333333 111411154
k 15 7933 3333333333 111404940
k 15 7938 3333333333 111406320
k 15 7935 3333333333 111404476
k 15 7937 3333333333 111399434
k 15 7936 3333333333 111409021
k 15 7939 3333333333 111405173
k 15 7940 3333333333 111388807
k 15 7946 3333333333 111387055
k 15 7941 3333333333 111397508
k 15 7942 3333333333 111397698
k 15 7943 3333333333 111389286
k 15 7944 3333333333 111399230
k 15 7945 3333333333 111390715
k 15 7949 3333333333 111385967
k 15 7947 3333333333 111388135
k 15 7948 3333333333 111379858
k 15 7950 3333333333 111379845
k 15 7951 3333333333 111394621
k 15 7952 3333333333 111391783
k 15 7955 3333333333 111389483
k 15 7953 3333333333 111389572
k 15 7954 3333333333 111398129
k 15 7956 3333333333 111403705
k 15 7957 3333333333 111393166
k 15 7958 3333333333 111377380
k 15 7961 3333333333 111381030
k 15 7959 3333333333 111392866
k 15 7960 3333333333 111395495
k 15 7962 3333333333 111357158
k 15 7963 3333333333 111376016
k 15 7967 3333333333 111373137
k 15 7964 3333333333 111380379
k 15 7965 3333333333 111388017
k 15 7966 3333333333 111393538
k 15 7968 3333333333 111386128
k 15 7973 3333333333 111386515
k 15 7969 3333333333 111383278
k 15 7970 3333333333 111397522
k 15 7971 3333333333 111374457
k 15 7972 3333333333 111370327
k 15 7974 3333333333 111368764
k 15 7975 3333333333 111374035
k 15 7978 3333333333 111375474
k 15 7976 3333333333 111379708
k 15 7977 3333333333 111365346
k 15 7983 3333333333 111367060
k 15 7979 3333333333 111370838
k 15 7980 3333333333 111369114
k 15 7981 3333333333 111389708
k 15 7982 3333333333 111369521
k 15 7984 3333333333 111361291
k 15 7986 3333333333 111362998
k 15 7985 3333333333 111355943
k 15 7990 3333333333 111371953
k 15 7987 3333333333 111376394
k 15 7989 3333333333 111365839
k 15 7988 3333333333 111372844
k 15 7991 3333333333 111362108
k 15 7993 3333333333 111361044
k 15 7992 3333333333 111345572
k 15 7994 3333333333 111359755
k 15 7996 3333333333 111349719
k 15 7995 3333333333 111374557
k 15 7997 3333333333 111345815
k 15 8001 3333333333 111355437
k 15 7998 3333333333 111356345
k 15 7999 3333333333 111347770
k 15 8000 3333333333 111358063
k 15 8002 3333333333 111370872
k 15 8006 3333333333 111362867
k 15 8003 3333333333 111364721
k 15 8004 3333333333 111368718
k 15 8005 3333333333 111354267
k 15 8007 3333333333 111343493
k 15 8012 3333333333 111359836
k 15 8008 3333333333 111355526
k 15 8009 3333333333 111352051
k 15 8010 3333333333 111347624
k 15 8011 3333333333 111350257
k 15 8017 3333333333 111341729
k 15 8013 3333333333 111348540
k 15 8014 3333333333 111346760
k 15 8015 3333333333 111345230
k 15 8016 3333333333 111341635
k 15 8018 3333333333 111335830
k 15 8019 3333333333 111345089
k 15 8020 3333333333 111342805
k 15 8022 3333333333 111344541
k 15 8021 3333333333 111337586
k 15 8027 3333333333 111343419
k 15 8023 3333333333 111341569
k 15 8024 3333333333 111334234
k 15 8025 3333333333 111336871
k 15 8026 3333333333 111336662
k 15 8028 3333333333 111316171
k 15 8029 3333333333 111334103
k 15 8031 3333333333 111322724
k 15 8030 3333333333 111340606
k 15 8035 3333333333 111333525
k 15 8032 3333333333 111344275
k 15 8033 3333333333 111335825
k 15 8034 3333333333 111330862
k 15 8036 3333333333 111322333
k 15 8037 3333333333 111332046
k 15 8038 3333333333 111328758
k 15 8039 3333333333 111327248
k 15 8040 3333333333 111330482
k 15 8041 3333333333 111348462
k 15 8046 3333333333 111316670
k 15 8042 3333333333 111315358
k 15 8043 3333333333 111333393
k 15 8045 3333333333 111316399
k 15 8044 3333333333 111329908
k 15 8047 3333333333 111337526
k 15 8051 3333333333 111310591
k 15 8048 3333333333 111309980
k 15 8049 3333333333 111332657
k 15 8050 3333333333 111330952
k 15 8056 3333333333 111331577
k 15 8053 3333333333 111321722
k 15 8052 3333333333 111316582
k 15 8054 3333333333 111326443
k 15 8055 3333333333 111321699
k 15 8062 3333333333 111299530
k 15 8057 3333333333 111314610
k 15 8058 3333333333 111304571
k 15 8059 3333333333 111309827
k 15 8060 3333333333 111320740
k 15 8061 3333333333 111309908
k 15 8063 3333333333 111295137
k 15 8064 3333333333 111319318
k 15 8065 3333333333 111327492
k 15 8066 3333333333 111300154
k 15 8068 3333333333 111306198
k 15 8071 3333333333 111306925
k 15 8067 3333333333 111312897
k 15 8069 3333333333 111317867
k 15 8070 3333333333 111308227
k 15 8072 3333333333 111302634
k 15 8073 3333333333 111319362
k 15 8074 3333333333 111321330
k 15 8075 3333333333 111292586
k 15 8076 3333333333 111300279
k 15 8080 3333333333 111284451
k 15 8077 3333333333 111319825
k 15 8078 3333333333 111289077
k 15 8079 3333333333 111317476
k 15 8082 3333333333 111294126
k 15 8081 3333333333 111292079
k 15 8083 3333333333 111310150
k 15 8084 3333333333 111284072
k 15 8085 3333333333 111299927
k 15 8091 3333333333 111285926
k 15 8086 3333333333 111293438
k 15 8087 3333333333 111296211
k 15 8089 3333333333 111304806
k 15 8088 3333333333 111310412
k 15 8090 3333333333 111289869
k 15 8092 3333333333 111304293
k 15 8095 3333333333 111304911
k 15 8093 3333333333 111278683
k 15 8094 3333333333 111293513
k 15 8096 3333333333 111281233
k 15 8100 3333333333 111285205
k 15 8097 3333333333 111301111
k 15 8098 3333333333 111289648
k 15 8099 3333333333 111291806
k 15 8101 3333333333 111278554
k 15 8107 3333333333 111288984
k 15 8102 3333333333 111284533
k 15 8104 3333333333 111282240
k 15 8103 3333333333 111298204
k 15 8105 3333333333 111273600
k 15 8106 3333333333 111289801
k 15 8108 3333333333 111269666
k 15 8109 3333333333 111290527
k 15 8111 3333333333 111282638
k 15 8110 3333333333 111283185
k 15 8112 3333333333 111278599
k 15 8113 3333333333 111281020
k 15 8116 3333333333 111281599
k 15 8114 3333333333 111282243
k 15 8115 3333333333 111263533
k 15 8117 3333333333 111281703
k 15 8119 3333333333 111280164
k 15 8118 3333333333 111268945
k 15 8120 3333333333 111286270
k 15 8121 3333333333 111258049
k 15 8124 3333333333 111269183
k 15 8122 3333333333 111270001
k 15 8123 3333333333 111273151
k 15 8128 3333333333 111254785
k 15 8125 3333333333 111265976
k 15 8127 3333333333 111275674
k 15 8126 3333333333 111257749
k 15 8129 3333333333 111269866
k 15 8130 3333333333 111244026
k 15 8136 3333333333 111264700
k 15 8131 3333333333 111268502
k 15 8132 3333333333 111263832
k 15 8134 3333333333 111269997
k 15 8133 3333333333 111255525
k 15 8135 3333333333 111271366
k 15 8139 3333333333 111252350
k 15 8137 3333333333 111263731
k 15 8138 3333333333 111257237
k 15 8140 3333333333 111249324
k 15 8141 3333333333 111256984
k 15 8145 3333333333 111259029
k 15 8142 3333333333 111241306
k 15 8143 3333333333 111256652
k 15 8144 3333333333 111257001
k 15 8146 3333333333 111253245
k 15 8147 3333333333 111233189
k 15 8149 3333333333 111244784
k 15 8148 3333333333 111244813
k 15 8151 3333333333 111234638
k 15 8150 3333333333 111259133
k 15 8152 3333333333 111235002
k 15 8153 3333333333 111240531
k 15 8156 3333333333 111240652
k 15 8154 3333333333 111253258
k 15 8155 3333333333 111241715
k 15 8157 3333333333 111250184
k 15 8158 3333333333 111257565
k 15 8164 3333333333 111238010
k 15 8159 3333333333 111247136
k 15 8161 3333333333 111254517
k 15 8160 3333333333 111226176
k 15 8162 3333333333 111247741
k 15 8163 3333333333 111236038
k 15 8165 3333333333 111237970
k 15 8168 3333333333 111238158
k 15 8166 3333333333 111240457
k 15 8167 3333333333 111234990
k 15 8173 3333333333 111235965
k 15 8169 3333333333 111223614
k 15 8170 3333333333 111248381
k 15 8171 3333333333 111237667
k 15 8172 3333333333 111228217
k 15 8174 3333333333 111230054
k 15 8175 3333333333 111232388
k 15 8176 3333333333 111230402
k 15 8177 3333333333 111232168
k 15 8180 3333333333 111233934
k 15 8178 3333333333 111229332
k 15 8179 3333333333 111211580
k 15 8183 3333333333 111228032
k 15 8181 3333333333 111204669
k 15 8182 3333333333 111222160
k 15 8184 3333333333 111225398
k 15 8186 3333333333 111229463
k 15 8185 3333333333 111231145
k 15 8192 3333333333 111214508
k 15 8187 3333333333 111238572
k 15 8188 3333333333 111223665
k 15 8190 3333333333 111241363
k 15 8189 3333333333 111240265
k 15 8191 3333333333 111218968
k 15 8193 3333333333 111206269
k 15 8195 3333333333 111205765
k 15 8194 3333333333 111206658
k 15 8196 3333333333 111220569
k 15 8197 3333333333 111222621
k 15 8201 3333333333 111204527
k 15 8198 3333333333 111239234
k 15 8199 3333333333 111197664
k 15 8200 3333333333 111214914
k 15 8202 3333333333 111222902
k 15 8208 3333333333 111208205
k 15 8203 3333333333 111222004
k 15 8204 3333333333 111229268
k 15 8205 3333333333 111216995
k 15 8206 3333333333 111213774
k 15 8207 3333333333 111221571
k 15 8209 3333333333 111220865
k 15 8212 3333333333 111200307
k 15 8210 3333333333 111213526
k 15 8211 3333333333 111203478
k 15 8217 3333333333 111203141
k 15 8213 3333333333 111214190
k 15 8214 3333333333 111197620
k 15 8215 3333333333 111209303
k 15 8216 3333333333 111203656
k 15 8218 3333333333 111195784
k 15 8219 3333333333 111201710
k 15 8220 3333333333 111201048
k 15 8221 3333333333 111207239
k 15 8222 3333333333 111206627
k 15 8224 3333333333 111197738
k 15 8223 3333333333 111196253
k 15 8225 3333333333 111192062
k 15 8226 3333333333 111198028
k 15 8227 3333333333 111186341
k 15 8228 3333333333 111197616
k 15 8230 3333333333 111194110
k 15 8229 3333333333 111201594
k 15 8231 3333333333 111188446
k 15 8237 3333333333 111201088
k 15 8232 3333333333 111190561
k 15 8234 3333333333 111190514
k 15 8233 3333333333 111185522
k 15 8235 3333333333 111193949
k 15 8236 3333333333 111193402
k 15 8238 3333333333 111181574
k 15 8241 3333333333 111184853
k 15 8239 3333333333 111191630
k 15 8240 3333333333 111196634
k 15 8246 3333333333 111168482
k 15 8242 3333333333 111181996
k 15 8243 3333333333 111182920
k 15 8244 3333333333 111181409
k 15 8245 3333333333 111175006
k 15 8247 3333333333 111173213
k 15 8253 3333333333 111173159
k 15 8248 3333333333 111188485
k 15 8249 3333333333 111182832
k 15 8250 3333333333 111169301
k 15 8251 3333333333 111173869
k 15 8252 3333333333 111167911
k 15 8256 3333333333 111183644
k 15 8254 3333333333 111174498
k 15 8255 3333333333 111176181
k 15 8258 3333333333 111165661
k 15 8257 3333333333 111175605
k 15 8259 3333333333 111154887
k 15 8262 3333333333 111175602
k 15 8260 3333333333 111161017
k 15 8261 3333333333 111178274
k 15 8263 3333333333 111168272
k 15 8264 3333333333 111178034
k 15 8266 3333333333 111172993
k 15 8265 3333333333 111158805
k 15 8268 3333333333 111167916
k 15 8267 3333333333 111162596
k 15 8269 3333333333 111168661
k 15 8270 3333333333 111164014
k 15 8274 3333333333 111165166
k 15 8271 3333333333 111160392
k 15 8272 3333333333 111168247
k 15 8273 3333333333 111164903
k 15 8275 3333333333 111153539
k 15 8276 3333333333 111175294
k 15 8281 3333333333 111164798
k 15 8277 3333333333 111162103
k 15 8278 3333333333 111164083
k 15 8279 3333333333 111165046
k 15 8280 3333333333 111158850
k 15 8282 3333333333 111143631
k 15 8285 3333333333 111155890
k 15 8283 3333333333 111166371
k 15 8284 3333333333 111140600
k 15 8286 3333333333 111161308
k 15 8291 3333333333 111151261
k 15 8287 3333333333 111153833
k 15 8288 3333333333 111159876
k 15 8289 3333333333 111160528
k 15 8290 3333333333 111155205
k 15 8292 3333333333 111149305
k 15 8293 3333333333 111157756
k 15 8294 3333333333 111149614
k 15 8297 3333333333 111149718
k 15 8295 3333333333 111143603
k 15 8296 3333333333 111154302
k 15 8299 3333333333 111147216
k 15 8298 3333333333 111150768
k 15 8301 3333333333 111143521
k 15 8300 3333333333 111147957
k 15 8303 3333333333 111141070
k 15 8302 3333333333 111133930
k 15 8309 3333333333 111142281
k 15 8304 3333333333 111145823
k 15 8305 3333333333 111136415
k 15 8306 3333333333 111137884
k 15 8307 3333333333 111148842
k 15 8308 3333333333 111145058
k 15 8310 3333333333 111152729
k 15 8311 3333333333 111130638
k 15 8314 3333333333 111149693
k 15 8312 3333333333 111147003
k 15 8313 3333333333 111135583
k 15 8318 3333333333 111124004
k 15 8315 3333333333 111135687
k 15 8316 3333333333 111133358
k 15 8317 3333333333 111124809
k 15 8319 3333333333 111125785
k 15 8320 3333333333 111132974
k 15 8326 3333333333 111143655
k 15 8321 3333333333 111130453
k 15 8322 3333333333 111126962
k 15 8323 3333333333 111138405
k 15 8324 3333333333 111118078
k 15 8325 3333333333 111132465
k 15 8329 3333333333 111124330
k 15 8327 3333333333 111115193
k 15 8328 3333333333 111107111
k 15 8330 3333333333 111119537
k 15 8332 3333333333 111135321
k 15 8331 3333333333 111104804
k 15 8335 3333333333 111115292
k 15 8333 3333333333 111125901
k 15 8334 3333333333 111116105
k 15 8336 3333333333 111124683
k 15 8337 3333333333 111116255
k 15 8338 3333333333 111125324
k 15 8339 3333333333 111114938
k 15 8341 3333333333 111126575
k 15 8340 3333333333 111129563
k 15 8342 3333333333 111115305
k 15 8343 3333333333 111120879
k 15 8347 3333333333 111106486
k 15 8346 3333333333 111116143
k 15 8344 3333333333 111099386
k 15 8345 3333333333 111110904
k 15 8348 3333333333 111119745
k 15 8354 3333333333 111113516
k 15 8349 3333333333 111129952
k 15 8350 3333333333 111126001
k 15 8351 3333333333 111094250
k 15 8352 3333333333 111101762
k 15 8353 3333333333 111105361
k 15 8355 3333333333 111092572
k 15 8358 3333333333 111103719
k 15 8356 3333333333 111105467
k 15 8357 3333333333 111102663
k 15 8363 3333333333 111096427
k 15 8359 3333333333 111113219
k 15 8360 3333333333 111117127
k 15 8361 3333333333 111106018
k 15 8362 3333333333 111096770
k 15 8364 3333333333 111098281
k 15 8365 3333333333 111105948
k 15 8366 3333333333 111085955
k 15 8367 3333333333 111089084
k 15 8368 3333333333 111103968
k 15 8370 3333333333 111083334
k 15 8369 3333333333 111087663
k 15 8371 3333333333 111097532
k 15 8373 3333333333 111088203
k 15 8372 3333333333 111104653
k 15 8374 3333333333 111104257
k 15 8376 3333333333 111099612
k 15 8375 3333333333 111093823
k 15 8383 3333333333 111087252
k 15 8377 3333333333 111089302
k 15 8378 3333333333 111086728
k 15 8379 3333333333 111083846
k 15 8380 3333333333 111088274
k 15 8381 3333333333 111083865
k 15 8382 3333333333 111090787
k 15 8386 3333333333 111093193
k 15 8384 3333333333 111093245
k 15 8385 3333333333 111102243
k 15 8387 3333333333 111093107
k 15 8391 3333333333 111075033
k 15 8389 3333333333 111072757
k 15 8388 3333333333 111089494
k 15 8390 3333333333 111084909
k 15 8392 3333333333 111082087
k 15 8398 3333333333 111078647
k 15 8393 3333333333 111082489
k 15 8394 3333333333 111095221
k 15 8395 3333333333 111091760
k 15 8396 3333333333 111083549
k 15 8397 3333333333 111080965
k 15 8399 3333333333 111079981
k 15 8402 3333333333 111079231
k 15 8400 3333333333 111066539
k 15 8401 3333333333 111074536
k 15 8403 3333333333 111063721
k 15 8404 3333333333 111077952
k 15 8407 3333333333 111075392
k 15 8405 3333333333 111076323
k 15 8406 3333333333 111059739
k 15 8408 3333333333 111075922
k 15 8409 3333333333 111068026
k 15 8410 3333333333 111075468
k 15 8411 3333333333 111073070
k 15 8412 3333333333 111072446
k 15 8414 3333333333 111062076
k 15 8413 3333333333 111064070
k 15 8415 3333333333 111060411
k 15 8416 3333333333 111069342
k 15 8419 3333333333 111063740
k 15 8418 3333333333 111073830
k 15 8417 3333333333 111064839
k 15 8420 3333333333 111058107
k 15 8421 3333333333 111052021
k 15 8427 3333333333 111040879
k 15 8422 3333333333 111062637
k 15 8423 3333333333 111059926
k 15 8424 3333333333 111062764
k 15 8425 3333333333 111061883
k 15 8426 3333333333 111055188
k 15 8428 3333333333 111067268
k 15 8431 3333333333 111035644
k 15 8429 3333333333 111058373
k 15 8430 3333333333 111056870
k 15 8436 3333333333 111039067
k 15 8433 3333333333 111056241
k 15 8432 3333333333 111058166
k 15 8434 3333333333 111064328
k 15 8435 3333333333 111042961
k 15 8437 3333333333 111045149
k 15 8438 3333333333 111035247
k 15 8443 3333333333 111040417
k 15 8440 3333333333 111056773
k 15 8439 3333333333 111059456
k 15 8441 3333333333 111045726
k 15 8442 3333333333 111046684
k 15 8444 3333333333 111046552
k 15 8446 3333333333 111047333
k 15 8445 3333333333 111044374
k 15 8448 3333333333 111033870
k 15 8447 3333333333 111040326
k 15 8449 3333333333 111046231
k 15 8453 3333333333 111040445
k 15 8450 3333333333 111053767
k 15 8451 3333333333 111038487
k 15 8452 3333333333 111039870
k 15 8455 3333333333 111047300
k 15 8454 3333333333 111033289
k 15 8456 3333333333 111053668
k 15 8459 3333333333 111033455
k 15 8457 3333333333 111031657
k 15 8458 3333333333 111042031
k 15 8460 3333333333 111048868
k 15 8464 3333333333 111034889
k 15 8461 3333333333 111035218
k 15 8462 3333333333 111049275
k 15 8463 3333333333 111039703
k 15 8465 3333333333 111038193
k 15 8471 3333333333 111041211
k 15 8467 3333333333 111036820
k 15 8466 3333333333 111034087
k 15 8468 3333333333 111029478
k 15 8469 3333333333 111043797
k 15 8470 3333333333 111019228
k 15 8472 3333333333 111032304
k 15 8475 3333333333 111026032
k 15 8473 3333333333 111029132
k 15 8474 3333333333 111014837
k 15 8476 3333333333 111020642
k 15 8477 3333333333 111034573
k 15 8478 3333333333 111037361
k 15 8480 3333333333 111031294
k 15 8479 3333333333 111005320
k 15 8482 3333333333 111017870
k 15 8481 3333333333 111019680
k 15 8483 3333333333 111005704
k 15 8484 3333333333 111015028
k 15 8487 3333333333 111011928
k 15 8485 3333333333 111018827
k 15 8486 3333333333 111020846
k 15 8488 3333333333 111014992
k 15 8489 3333333333 110999768
k 15 8493 3333333333 111019764
k 15 8490 3333333333 111006396
k 15 8491 3333333333 111009674
k 15 8492 3333333333 111014367
k 15 8499 3333333333 110998635
k 15 8494 3333333333 111014322
k 15 8495 3333333333 111011860
k 15 8496 3333333333 111016226
k 15 8497 3333333333 111008514
k 15 8498 3333333333 111017073
k 15 8500 3333333333 111006543
k 15 8501 3333333333 111006518
k 15 8504 3333333333 111012552
k 15 8502 3333333333 111007246
k 15 8503 3333333333 110999795
k 15 8508 3333333333 111025438
k 15 8505 3333333333 110996489
k 15 8506 3333333333 111000108
k 15 8507 3333333333 110983459
k 15 8509 3333333333 110997849
k 15 8510 3333333333 110989677
k 15 8511 3333333333 111005116
k 15 8512 3333333333 110999129
k 15 8513 3333333333 110991473
k 15 8516 3333333333 111009718
k 15 8514 3333333333 110994590
k 15 8515 3333333333 111007084
k 15 8519 3333333333 111008192
k 15 8517 3333333333 110991784
k 15 8518 3333333333 111008015
k 15 8522 3333333333 110998665
k 15 8520 3333333333 110971663
k 15 8521 3333333333 110996781
k 15 8528 3333333333 110996052
k 15 8523 3333333333 110999634
k 15 8524 3333333333 111004757
k 15 8525 3333333333 110986055
k 15 8526 3333333333 110990846
k 15 8527 3333333333 110995433
k 15 8529 3333333333 111003672
k 15 8531 3333333333 110986702
k 15 8530 3333333333 110981110
k 15 8532 3333333333 110994357
k 15 8533 3333333333 110977167
k 15 8537 3333333333 110985718
k 15 8534 3333333333 110986754
k 15 8535 3333333333 110988631
k 15 8536 3333333333 110973764
k 15 8538 3333333333 110986552
k 15 8544 3333333333 110979174
k 15 8539 3333333333 110985025
k 15 8540 3333333333 110968680
k 15 8541 3333333333 110983691
k 15 8542 3333333333 110987418
k 15 8543 3333333333 110988436
k 15 8545 3333333333 110976561
k 15 8548 3333333333 110986280
k 15 8546 3333333333 110977216
k 15 8547 3333333333 110983189
k 15 8553 3333333333 110973025
k 15 8550 3333333333 110975250
k 15 8549 3333333333 110975266
k 15 8551 3333333333 110972468
k 15 8552 3333333333 110966048
k 15 8554 3333333333 110966042
k 15 8555 3333333333 110961605
k 15 8556 3333333333 110979144
k 15 8557 3333333333 110962073
k 15 8558 3333333333 110958506
k 15 8560 3333333333 110961021
k 15 8559 3333333333 110970742
k 15 8561 3333333333 110973990
k 15 8563 3333333333 110964169
k 15 8562 3333333333 110973737
k 15 8564 3333333333 110957992
k 15 8565 3333333333 110960507
k 15 8566 3333333333 110973686
k 15 8573 3333333333 110969024
k 15 8567 3333333333 110975162
k 15 8568 3333333333 110953207
k 15 8569 3333333333 110953252
k 15 8570 3333333333 110951419
k 15 8571 3333333333 110944394
k 15 8572 3333333333 110957363
k 15 8574 3333333333 110969977
k 15 8576 3333333333 110959644
k 15 8575 3333333333 110960066
k 15 8577 3333333333 110944074
k 15 8581 3333333333 110957885
k 15 8579 3333333333 110967178
k 15 8578 3333333333 110955744
k 15 8580 3333333333 110937527
k 15 8582 3333333333 110950253
k 15 8583 3333333333 110943498
k 15 8589 3333333333 110950769
k 15 8584 3333333333 110963088
k 15 8585 3333333333 110961394
k 15 8586 3333333333 110951379
k 15 8587 3333333333 110960399
k 15 8588 3333333333 110959423
k 15 8592 3333333333 110939901
k 15 8590 3333333333 110954541
k 15 8591 3333333333 110946333
k 15 8593 3333333333 110942493
k 15 8594 3333333333 110943795
k 15 8598 3333333333 110937463
k 15 8595 3333333333 110945944
k 15 8596 3333333333 110947302
k 15 8597 3333333333 110954745
k 15 8599 3333333333 110950613
k 15 8600 3333333333 110935550
k 15 8601 3333333333 110934126
k 15 8602 3333333333 110944532
k 15 8604 3333333333 110934377
k 15 8603 3333333333 110938313
k 15 8605 3333333333 110944084
k 15 8606 3333333333 110937227
k 15 8609 3333333333 110937874
k 15 8607 3333333333 110932723
k 15 8608 3333333333 110941313
k 15 8610 3333333333 110934181
k 15 8611 3333333333 110925362
k 15 8617 3333333333 110927354
k 15 8612 3333333333 110940388
k 15 8613 3333333333 110922344
k 15 8614 3333333333 110926595
k 15 8615 3333333333 110939041
k 15 8616 3333333333 110931238
k 15 8618 3333333333 110940811
k 15 8621 3333333333 110934117
k 15 8619 3333333333 110927486
k 15 8620 3333333333 110919485
k 15 8626 3333333333 110931756
k 15 8622 3333333333 110924288
k 15 8623 3333333333 110929950
k 15 8624 3333333333 110921893
k 15 8625 3333333333 110909910
k 15 8627 3333333333 110917162
k 15 8628 3333333333 110920624
k 15 8629 3333333333 110928695
k 15 8633 3333333333 110920042
k 15 8630 3333333333 110918218
k 15 8631 3333333333 110913227
k 15 8632 3333333333 110919643
k 15 8634 3333333333 110923198
k 15 8635 3333333333 110908766
k 15 8636 3333333333 110908662
k 15 8637 3333333333 110940050
k 15 8638 3333333333 110916876
k 15 8639 3333333333 110918760
k 15 8644 3333333333 110905826
k 15 8640 3333333333 110903492
k 15 8641 3333333333 110907460
k 15 8642 3333333333 110919783
k 15 8643 3333333333 110917824
k 15 8645 3333333333 110908575
k 15 8646 3333333333 110908957
k 15 8650 3333333333 110901389
k 15 8647 3333333333 110902519
k 15 8648 3333333333 110905820
k 15 8649 3333333333 110897052
k 15 8654 3333333333 110916746
k 15 8651 3333333333 110920288
k 15 8652 3333333333 110909449
k 15 8653 3333333333 110900839
k 15 8655 3333333333 110918508
k 15 8657 3333333333 110906846
k 15 8656 3333333333 110901028
k 15 8661 3333333333 110909581
k 15 8658 3333333333 110903218
k 15 8659 3333333333 110902842
k 15 8660 3333333333 110899854
k 15 8662 3333333333 110887991
k 15 8665 3333333333 110901896
k 15 8663 3333333333 110892889
k 15 8664 3333333333 110899801
k 15 8666 3333333333 110900544
k 15 8667 3333333333 110897302
k 15 8672 3333333333 110894206
k 15 8668 3333333333 110889081
k 15 8669 3333333333 110887945
k 15 8670 3333333333 110883113
k 15 8671 3333333333 110892547
k 15 8673 3333333333 110886916
k 15 8674 3333333333 110896919
k 15 8677 3333333333 110890726
k 15 8675 3333333333 110885878
k 15 8676 3333333333 110898530
k 15 8678 3333333333 110899890
k 15 8679 3333333333 110901476
k 15 8682 3333333333 110876421
k 15 8680 3333333333 110896664
k 15 8681 3333333333 110907690
k 15 8683 3333333333 110900122
k 15 8684 3333333333 110875571
k 15 8689 3333333333 110888689
k 15 8685 3333333333 110890602
k 15 8686 3333333333 110895757
k 15 8687 3333333333 110885794
k 15 8688 3333333333 110882104
k 15 8690 3333333333 110880072
k 15 8691 3333333333 110883687
k 15 8694 3333333333 110877352
k 15 8692 3333333333 110871607
k 15 8693 3333333333 110892922
k 15 8699 3333333333 110885676
k 15 8695 3333333333 110875269
k 15 8696 3333333333 110883840
k 15 8697 3333333333 110885243
k 15 8698 3333333333 110884477
k 15 8700 3333333333 110866168
k 15 8701 3333333333 110877316
k 15 8702 3333333333 110882633
k 15 8703 3333333333 110876400
k 15 8706 3333333333 110861775
k 15 8704 3333333333 110872105
k 15 8705 3333333333 110881420
k 15 8709 3333333333 110861345
k 15 8707 3333333333 110860299
k 15 8708 3333333333 110852988
k 15 8710 3333333333 110851284
k 15 8711 3333333333 110850899
k 15 8712 3333333333 110857545
k 15 8718 3333333333 110857010
k 15 8713 3333333333 110864234
k 15 8715 3333333333 110873628
k 15 8714 3333333333 110864485
k 15 8716 3333333333 110874680
k 15 8717 3333333333 110868270
k 15 8719 3333333333 110874387
k 15 8721 3333333333 110849896
k 15 8720 3333333333 110863233
k 15 8722 3333333333 110851523
k 15 8723 3333333333 110848257
k 15 8727 3333333333 110860158
k 15 8725 3333333333 110863541
k 15 8724 3333333333 110863195
k 15 8726 3333333333 110867566
k 15 8728 3333333333 110848113
k 15 8734 3333333333 110856807
k 15 8729 3333333333 110869975
k 15 8730 3333333333 110851182
k 15 8731 3333333333 110876245
k 15 8732 3333333333 110855739
k 15 8733 3333333333 110849091
k 15 8735 3333333333 110860600
k 15 8738 3333333333 110837109
k 15 8736 3333333333 110852001
k 15 8737 3333333333 110846693
k 15 8743 3333333333 110839243
k 15 8740 3333333333 110840284
k 15 8739 3333333333 110849933
k 15 8741 3333333333 110829931
k 15 8742 3333333333 110851365
k 15 8744 3333333333 110864349
k 15 8745 3333333333 110850074
k 15 8746 3333333333 110848984
k 15 8747 3333333333 110836506
k 15 8748 3333333333 110817539
k 15 8750 3333333333 110859195
k 15 8749 3333333333 110852189
k 15 8751 3333333333 110847893
k 15 8753 3333333333 110855931
k 15 8752 3333333333 110825343
k 15 8755 3333333333 110847820
k 15 8756 3333333333 110851867
k 15 8754 3333333333 110831915
k 15 8757 3333333333 110842637
k 15 8763 3333333333 110833883
k 15 8759 3333333333 110834436
k 15 8758 3333333333 110827233
k 15 8760 3333333333 110827192
k 15 8761 3333333333 110833913
k 15 8762 3333333333 110842395
k 15 8766 3333333333 110830419
k 15 8764 3333333333 110835489
k 15 8765 3333333333 110827846
k 15 8767 3333333333 110827398
k 15 8772 3333333333 110815299
k 15 8768 3333333333 110838460
k 15 8769 3333333333 110829485
k 15 8770 3333333333 110833162
k 15 8771 3333333333 110838940
k 15 8773 3333333333 110825091
k 15 8774 3333333333 110814214
k 15 8778 3333333333 110808833
k 15 8776 3333333333 110831857
k 15 8775 3333333333 110823047
k 15 8777 3333333333 110816498
k 15 8779 3333333333 110823658
k 15 8782 3333333333 110842351
k 15 8780 3333333333 110835155
k 15 8781 3333333333 110816219
k 15 8783 3333333333 110817711
k 15 8785 3333333333 110828029
k 15 8784 3333333333 110816850
k 15 8789 3333333333 110810238
k 15 8786 3333333333 110824388
k 15 8787 3333333333 110817025
k 15 8788 3333333333 110822332
k 15 8790 3333333333 110824708
k 15 8791 3333333333 110812428
k 15 8792 3333333333 110828210
k 15 8794 3333333333 110838447
k 15 8793 3333333333 110808705
k 15 8795 3333333333 110812061
k 15 8796 3333333333 110798274
k 15 8800 3333333333 110800377
k 15 8797 3333333333 110812408
k 15 8798 3333333333 110811951
k 15 8799 3333333333 110808515
k 15 8801 3333333333 110817646
k 15 8807 3333333333 110791019
k 15 8802 3333333333 110797627
k 15 8803 3333333333 110803677
k 15 8804 3333333333 110804599
k 15 8805 3333333333 110807366
k 15 8806 3333333333 110796065
k 15 8808 3333333333 110819028
k 15 8811 3333333333 110816470
k 15 8809 3333333333 110799384
k 15 8810 3333333333 110800953
k 15 8812 3333333333 110804609
k 15 8816 3333333333 110810259
k 15 8813 3333333333 110807057
k 15 8814 3333333333 110804005
k 15 8815 3333333333 110796129
k 15 8817 3333333333 110803652
k 15 8818 3333333333 110785839
k 15 8819 3333333333 110806097
k 15 8820 3333333333 110785627
k 15 8823 3333333333 110803516
k 15 8821 3333333333 110803045
k 15 8822 3333333333 110794951
k 15 8824 3333333333 110787114
k 15 8827 3333333333 110788828
k 15 8825 3333333333 110796280
k 15 8828 3333333333 110783324
k 15 8826 3333333333 110801490
k 15 8829 3333333333 110801520
k 15 8835 3333333333 110796047
k 15 8830 3333333333 110794089
k 15 8831 3333333333 110791684
k 15 8832 3333333333 110787190
k 15 8833 3333333333 110774595
k 15 8834 3333333333 110793225
k 15 8836 3333333333 110795692
k 15 8839 3333333333 110786305
k 15 8837 3333333333 110805318
k 15 8838 3333333333 110775059
k 15 8840 3333333333 110789160
k 15 8844 3333333333 110782236
k 15 8841 3333333333 110789590
k 15 8842 3333333333 110789479
k 15 8843 3333333333 110791306
k 15 8845 3333333333 110787855
k 15 8846 3333333333 110775307
k 15 8847 3333333333 110777804
k 15 8851 3333333333 110775931
k 15 8848 3333333333 110765390
k 15 8849 3333333333 110776653
k 15 8850 3333333333 110781605
k 15 8852 3333333333 110774496
k 15 8855 3333333333 110779298
k 15 8853 3333333333 110766737
k 15 8854 3333333333 110774907
k 15 8857 3333333333 110760884
k 15 8856 3333333333 110767027
k 15 8858 3333333333 110765448
k 15 8862 3333333333 110763323
k 15 8859 3333333333 110771915
k 15 8860 3333333333 110764908
k 15 8861 3333333333 110782500
k 15 8863 3333333333 110773723
k 15 8864 3333333333 110759810
k 15 8865 3333333333 110783207
k 15 8867 3333333333 110768468
k 15 8866 3333333333 110779489
k 15 8868 3333333333 110767081
k 15 8869 3333333333 110783988
k 15 8873 3333333333 110758093
k 15 8870 3333333333 110759963
k 15 8871 3333333333 110760096
k 15 8872 3333333333 110760922
k 15 8874 3333333333 110768570
k 15 8880 3333333333 110774200
k 15 8875 3333333333 110762293
k 15 8876 3333333333 110763432
k 15 8878 3333333333 110739581
k 15 8877 3333333333 110754695
k 15 8879 3333333333 110764057
k 15 8881 3333333333 110762866
k 15 8884 3333333333 110749785
k 15 8882 3333333333 110760161
k 15 8883 3333333333 110757160
k 15 8885 3333333333 110766420
k 15 8889 3333333333 110763846
k 15 8886 3333333333 110761940
k 15 8887 3333333333 110745617
k 15 8888 3333333333 110751717
k 15 8890 3333333333 110753348
k 15 8891 3333333333 110746202
k 15 8892 3333333333 110739412
k 15 8893 3333333333 110740870
k 15 8896 3333333333 110736860
k 15 8894 3333333333 110758361
k 15 8895 3333333333 110754418
k 15 8900 3333333333 110742281
k 15 8897 3333333333 110743329
k 15 8898 3333333333 110740827
k 15 8899 3333333333 110742157
k 15 8901 3333333333 110745576
k 15 8902 3333333333 110754208
k 15 8908 3333333333 110732348
k 15 8903 3333333333 110726364
k 15 8904 3333333333 110747152
k 15 8905 3333333333 110756798
k 15 8906 3333333333 110745346
k 15 8907 3333333333 110739761
k 15 8909 3333333333 110733145
k 15 8911 3333333333 110732100
k 15 8910 3333333333 110726830
k 15 8912 3333333333 110735391
k 15 8913 3333333333 110740286
k 15 8917 3333333333 110716797
k 15 8914 3333333333 110724984
k 15 8915 3333333333 110725304
k 15 8916 3333333333 110722281
k 15 8918 3333333333 110729485
k 15 8919 3333333333 110732465
k 15 8920 3333333333 110738400
k 15 8924 3333333333 110732999
k 15 8921 3333333333 110717839
k 15 8922 3333333333 110718710
k 15 8923 3333333333 110726761
k 15 8925 3333333333 110723282
k 15 8928 3333333333 110734732
k 15 8926 3333333333 110720669
k 15 8927 3333333333 110723105
k 15 8929 3333333333 110732351
k 15 8930 3333333333 110718398
k 15 8931 3333333333 110730177
k 15 8935 3333333333 110726245
k 15 8932 3333333333 110735939
k 15 8934 3333333333 110714255
k 15 8933 3333333333 110720612
k 15 8936 3333333333 110718784
k 15 8937 3333333333 110735312
k 15 8938 3333333333 110705952
k 15 8940 3333333333 110714860
k 15 8939 3333333333 110717207
k 15 8941 3333333333 110706083
k 15 8942 3333333333 110705124
k 15 8946 3333333333 110703866
k 15 8943 3333333333 110712710
k 15 8944 3333333333 110721204
k 15 8945 3333333333 110720037
k 15 8947 3333333333 110719542
k 15 8953 3333333333 110709434
k 15 8948 3333333333 110717379
k 15 8949 3333333333 110719896
k 15 8950 3333333333 110716190
k 15 8951 3333333333 110721046
k 15 8952 3333333333 110700052
k 15 8954 3333333333 110700124
k 15 8957 3333333333 110704466
k 15 8955 3333333333 110709265
k 15 8956 3333333333 110719622
k 15 8958 3333333333 110706192
k 15 8962 3333333333 110691505
k 15 8959 3333333333 110711222
k 15 8960 3333333333 110693784
k 15 8961 3333333333 110706301
k 15 8964 3333333333 110705150
k 15 8963 3333333333 110697302
k 15 8965 3333333333 110692513
k 15 8966 3333333333 110685426
k 15 8969 3333333333 110714175
k 15 8967 3333333333 110703662
k 15 8968 3333333333 110697037
k 15 8973 3333333333 110701573
k 15 8970 3333333333 110691059
k 15 8971 3333333333 110700087
k 15 8972 3333333333 110700259
k 15 8975 3333333333 110687173
k 15 8974 3333333333 110692259
k 15 8981 3333333333 110681752
k 15 8976 3333333333 110698184
k 15 8977 3333333333 110695677
k 15 8978 3333333333 110694668
k 15 8979 3333333333 110685054
k 15 8980 3333333333 110696120
k 15 8982 3333333333 110689267
k 15 8984 3333333333 110697296
k 15 8983 3333333333 110678474
k 15 8985 3333333333 110685284
k 15 8986 3333333333 110690314
k 15 9000 3333333333 102
k 15 8990 3333333333 110680872
k 15 8987 3333333333 110694192
k 15 8988 3333333333 110687665
k 15 8989 3333333333 110677776
k 15 8991 3333333333 110681845
k 15 8993 3333333333 110687856
k 15 8992 3333333333 110688611
k 15 8994 3333333333 110684892
k 15 8997 3333333333 110691039
k 15 8995 3333333333 110677284
k 15 8996 3333333333 110684007
k 15 8998 3333333333 110682697
k 15 8999 3333333333 110668752
d 15 1177209242304
