Z	carat/tables/qcatalog/dim5/dir.1,1,1,1,1/ordnung.1/(5)^1/min.58	1	1	1	method=0	log2H=0.00	image=0	bad=0
Z	carat/tables/qcatalog/dim5/dir.1,1,1,1,1/ordnung.2/(5)^1/group.206	1	1	1	method=0	log2H=0.00	image=0	bad=0
father: level 1 number of orbits 1 lengths 9
father: level 1 number of orbits 2 lengths 3
father: level 1 number of orbits 3 lengths 9
father: level 1 number of orbits 4 lengths 1
father: level 1 number of orbits 5 lengths 3
father: level 2 number of orbits 1 lengths 9
father: level 2 number of orbits 2 lengths 18
father: level 2 number of orbits 3 lengths 9
father: level 2 number of orbits 4 lengths 9
father: level 1 number of orbits 1 lengths 9
father: level 1 number of orbits 2 lengths 3
father: level 2 number of orbits 5 lengths 18
father: level 1 number of orbits 3 lengths 9
father: level 2 number of orbits 1 lengths 1
father: level 1 number of orbits 4 lengths 1
father: level 1 number of orbits 5 lengths 3
father: level 2 number of orbits 2 lengths 9
father: level 2 number of orbits 1 lengths 9
father: level 2 number of orbits 1 lengths 6
father: level 1 number of orbits 1 lengths 9
father: level 1 number of orbits 2 lengths 3
father: level 2 number of orbits 2 lengths 18
father: level 1 number of orbits 3 lengths 9
father: level 3 number of orbits 1 lengths 3
father: level 2 number of orbits 3 lengths 9
father: level 1 number of orbits 4 lengths 1
father: level 1 number of orbits 5 lengths 3
father: level 2 number of orbits 4 lengths 9
father: level 3 number of orbits 2 lengths 18
father: level 2 number of orbits 1 lengths 9
father: level 2 number of orbits 5 lengths 18
father: level 3 number of orbits 1 lengths 6
father: level 2 number of orbits 1 lengths 1
father: level 2 number of orbits 2 lengths 18
father: level 2 number of orbits 2 lengths 9
father: level 2 number of orbits 3 lengths 9
father: level 2 number of orbits 1 lengths 6
father: level 4 number of orbits 1 lengths 12
father: level 2 number of orbits 4 lengths 9
father: level 3 number of orbits 1 lengths 3
father: level 2 number of orbits 5 lengths 18
father: level 1 number of orbits 1 lengths 6
father: level 2 number of orbits 1 lengths 1
father: level 3 number of orbits 2 lengths 18
father: level 1 number of orbits 2 lengths 9
father: level 3 number of orbits 1 lengths 6
father: level 2 number of orbits 2 lengths 9
father: level 1 number of orbits 3 lengths 9
father: level 2 number of orbits 1 lengths 6
father: level 2 number of orbits 1 lengths 9
father: level 3 number of orbits 1 lengths 3
father: level 1 number of orbits 1 lengths 3
father: level 3 number of orbits 2 lengths 18
father: level 2 number of orbits 2 lengths 36
father: level 1 number of orbits 2 lengths 9
father: level 3 number of orbits 1 lengths 6
father: level 1 number of orbits 3 lengths 3
father: level 2 number of orbits 1 lengths 6
father: level 1 number of orbits 4 lengths 9
father: level 2 number of orbits 2 lengths 18
father: level 2 number of orbits 1 lengths 9
father: level 3 number of orbits 1 lengths 18
father: level 2 number of orbits 2 lengths 18
father: level 2 number of orbits 1 lengths 6
father: level 2 number of orbits 2 lengths 18
father: level 2 number of orbits 3 lengths 18
father: level 3 number of orbits 1 lengths 18
father: level 1 number of orbits 1 lengths 3
father: level 1 number of orbits 2 lengths 6
father: level 1 number of orbits 3 lengths 2
father: level 1 number of orbits 4 lengths 6
Z	carat/tables/qcatalog/dim5/dir.1,1;1;1;1/ordnung.4/(1)^1(4)^2(32)^1/min.70	1	14	14	method=1	log2H=7.00	image=0	bad=0
Z	carat/tables/qcatalog/dim5/dir.1,1;1,1;1/ordnung.4/(1)^1(8)^2/min.66	1	10	10	method=1	log2H=6.00	image=0	bad=0
father: level 1 number of orbits 5 lengths 1
father: level 1 number of orbits 6 lengths 3
father: level 1 number of orbits 7 lengths 1
father: level 1 number of orbits 8 lengths 3
Z	carat/tables/qcatalog/dim5/dir.1,1;1,1;1/ordnung.4/(1)^1(8)^2/min.66	2	6	6	method=1	log2H=4.00	image=0	bad=0
father: level 2 number of orbits 1 lengths 6
Z	carat/tables/qcatalog/dim5/dir.1,1;1;1;1/ordnung.4/(1)^1(4)^2(32)^1/min.70	2	16	16	method=1	log2H=5.00	image=0	bad=0
father: level 2 number of orbits 2 lengths 12
father: level 2 number of orbits 3 lengths 3
father: level 2 number of orbits 4 lengths 3
Z	carat/tables/qcatalog/dim5/dir.1,1;1,1;1/ordnung.4/(1)^1(8)^2/min.66	3	10	10	method=1	log2H=4.00	image=0	bad=0
father: level 2 number of orbits 5 lengths 6
father: level 1 number of orbits 1 lengths 14
father: level 2 number of orbits 1 lengths 3
father: level 1 number of orbits 2 lengths 1
father: level 2 number of orbits 2 lengths 6
father: level 1 number of orbits 3 lengths 7
Z	carat/tables/qcatalog/dim5/dir.1,1;1,1;1/ordnung.4/(1)^1(8)^2/min.66	4	4	4	method=1	log2H=3.00	image=0	bad=0
father: level 2 number of orbits 3 lengths 6
father: level 2 number of orbits 1 lengths 7
father: level 2 number of orbits 4 lengths 6
father: level 2 number of orbits 5 lengths 12
father: level 2 number of orbits 1 lengths 1
Z	carat/tables/qcatalog/dim5/dir.1,1;1,1;1/ordnung.4/(1)^1(8)^2/min.66	5	6	6	method=1	log2H=4.00	image=0	bad=0
father: level 2 number of orbits 2 lengths 42
father: level 2 number of orbits 2 lengths 6
father: level 2 number of orbits 1 lengths 3
father: level 2 number of orbits 2 lengths 6
father: level 3 number of orbits 1 lengths 3
father: level 1 number of orbits 1 lengths 14
Z	carat/tables/qcatalog/dim5/dir.1,1;1,1;1/ordnung.4/(1)^1(8)^2/min.66	6	4	4	method=1	log2H=2.00	image=0	bad=0
Z	carat/tables/qcatalog/dim5/dir.1,1;1,1;1/ordnung.4/(1)^1(8)^2/min.68	1	20	20	method=1	log2H=7.00	image=0	bad=0
father: level 1 number of orbits 2 lengths 1
father: level 1 number of orbits 3 lengths 7
father: level 3 number of orbits 2 lengths 12
father: level 2 number of orbits 1 lengths 7
Z	carat/tables/qcatalog/dim5/dir.1,1;1,1;1/ordnung.4/(1)^1(8)^2/min.66	7	3	3	method=1	log2H=2.00	image=0	bad=0
father: level 3 number of orbits 1 lengths 6
father: level 3 number of orbits 2 lengths 6
Z	carat/tables/qcatalog/dim5/dir.1,1;1,1;1/ordnung.4/(1)^1(8)^2/min.68	2	12	12	method=1	log2H=5.00	image=0	bad=0
father: level 2 number of orbits 2 lengths 42
Z	carat/tables/qcatalog/dim5/dir.1,1;1,1;1/ordnung.4/(1)^1(8)^2/min.66	8	2	2	method=1	log2H=1.00	image=0	bad=0
Z	carat/tables/qcatalog/dim5/dir.1,1;1,1;1/ordnung.4/(1)^1(8)^2/min.66	9	3	3	method=1	log2H=2.00	image=0	bad=0
Z	carat/tables/qcatalog/dim5/dir.1,1;1,1;1/ordnung.4/(1)^1(8)^2/min.68	3	20	20	method=1	log2H=5.00	image=0	bad=0
Z	carat/tables/qcatalog/dim5/dir.1,1;1,1;1/ordnung.4/(1)^1(8)^2/min.68	4	10	10	method=1	log2H=5.00	image=0	bad=0
Z	carat/tables/qcatalog/dim5/dir.1,1;1,1;1/ordnung.4/(1)^1(8)^2/min.68	5	10	10	method=1	log2H=4.00	image=0	bad=0
Z	carat/tables/qcatalog/dim5/dir.1,1,1;1;1/ordnung.4/(1)^1(4)^1(12)^1/min.65	1	6	6	method=1	log2H=5.00	image=0	bad=0
father: level 1 number of orbits 1 lengths 21
Z	carat/tables/qcatalog/dim5/dir.1,1,1;1;1/ordnung.4/(1)^1(4)^1(12)^1/min.65	2	4	4	method=1	log2H=3.00	image=0	bad=0
Z	carat/tables/qcatalog/dim5/dir.1,1;1,1;1/ordnung.4/(1)^1(8)^2/min.68	6	16	16	method=1	log2H=5.00	image=0	bad=0
Z	carat/tables/qcatalog/dim5/dir.1,1,1;1;1/ordnung.4/(1)^1(4)^1(12)^1/min.65	3	2	2	method=1	log2H=3.00	image=0	bad=0
Z	carat/tables/qcatalog/dim5/dir.1,1;1;1;1/ordnung.4/(1)^1(4)^2(32)^1/min.70	3	8	8	method=1	log2H=5.00	image=0	bad=0
father: level 2 number of orbits 1 lengths 42
Z	carat/tables/qcatalog/dim5/dir.1,1;1;1;1/ordnung.4/(1)^1(4)^2(32)^1/min.70	4	10	10	method=1	log2H=4.00	image=0	bad=0
Z	carat/tables/qcatalog/dim5/dir.1,1,1;1;1/ordnung.4/(1)^1(4)^1(12)^1/min.63	1	13	13	method=1	log2H=8.00	image=0	bad=0
Z	carat/tables/qcatalog/dim5/dir.1,1;1;1;1/ordnung.4/(1)^1(4)^2(32)^1/min.70	5	3	3	method=1	log2H=4.00	image=0	bad=0
Z	carat/tables/qcatalog/dim5/dir.1,1,1;1;1/ordnung.4/(1)^1(4)^1(12)^1/min.63	2	14	14	method=1	log2H=6.00	image=0	bad=0
Z	carat/tables/qcatalog/dim5/dir.1,1,1;1;1/ordnung.4/(1)^1(4)^1(12)^1/min.63	3	4	4	method=1	log2H=6.00	image=0	bad=0
Z	carat/tables/qcatalog/dim5/dir.1,1;1,1;1/ordnung.4/(1)^1(8)^2/min.68	7	6	6	method=1	log2H=3.00	image=0	bad=0
Z	carat/tables/qcatalog/dim5/dir.1,1,1;1;1/ordnung.4/(1)^1(4)^1(12)^1/min.63	4	6	6	method=1	log2H=5.00	image=0	bad=0
Z	carat/tables/qcatalog/dim5/dir.1,1;1,1;1/ordnung.4/(1)^1(8)^2/min.68	8	4	4	method=1	log2H=3.00	image=0	bad=0
Z	carat/tables/qcatalog/dim5/dir.1,1;1;1;1/ordnung.8/(1)^1(4)^2(8)^1/group.213	1	80	80	method=1	log2H=10.00	image=0	bad=0
Z	carat/tables/qcatalog/dim5/dir.1,1,1;1;1/ordnung.4/(1)^1(4)^1(12)^1/min.65	4	2	2	method=1	log2H=2.00	image=0	bad=0
Z	carat/tables/qcatalog/dim5/dir.1,1,1;1;1/ordnung.4/(1)^1(4)^1(12)^1/min.63	5	8	8	method=1	log2H=6.00	image=0	bad=0
Z	carat/tables/qcatalog/dim5/dir.1,1;1,1;1/ordnung.4/(1)^1(8)^2/min.68	9	6	6	method=1	log2H=3.00	image=0	bad=0
Z	carat/tables/qcatalog/dim5/dir.1,1,1;1;1/ordnung.4/(1)^1(4)^1(12)^1/min.65	5	3	3	method=1	log2H=3.00	image=0	bad=0
Z	carat/tables/qcatalog/dim5/dir.1,1;1,1;1/ordnung.4/(1)^1(8)^2/min.68	10	3	3	method=1	log2H=2.00	image=0	bad=0
Z	carat/tables/qcatalog/dim5/dir.1,1,1;1,1/ordnung.2/(1)^1(24)^1/min.62	1	2	2	method=1	log2H=3.00	image=0	bad=0
Z	carat/tables/qcatalog/dim5/dir.1,1,1;1;1/ordnung.4/(1)^1(4)^1(12)^1/min.63	6	6	6	method=1	log2H=4.00	image=0	bad=0
Z	carat/tables/qcatalog/dim5/dir.1,1;1;1;1/ordnung.4/(1)^1(4)^2(32)^1/min.70	6	4	4	method=1	log2H=4.00	image=0	bad=0
Z	carat/tables/qcatalog/dim5/dir.1,1;1,1;1/ordnung.4/(1)^1(8)^2/min.68	11	6	6	method=1	log2H=3.00	image=0	bad=0
father: level 1 number of orbits 1 lengths 6
father: level 1 number of orbits 2 lengths 4
Z	carat/tables/qcatalog/dim5/dir.1,1;1;1;1/ordnung.4/(1)^1(4)^2(32)^1/min.70	7	14	14	method=1	log2H=5.00	image=0	bad=0
father: level 1 number of orbits 3 lengths 4
father: level 1 number of orbits 4 lengths 6
father: level 1 number of orbits 5 lengths 4
father: level 1 number of orbits 6 lengths 1
Z	carat/tables/qcatalog/dim5/dir.1,1;1;1;1/ordnung.4/(1)^1(4)^2(32)^1/min.70	8	6	6	method=1	log2H=3.00	image=0	bad=0
father: level 1 number of orbits 7 lengths 1
father: level 2 number of orbits 1 lengths 4
father: level 1 number of orbits 1 lengths 10
father: level 2 number of orbits 2 lengths 6
father: level 1 number of orbits 2 lengths 10
Z	carat/tables/qcatalog/dim5/dir.1,1;1;1;1/ordnung.4/(1)^1(4)^2(32)^1/min.70	9	5	5	method=1	log2H=3.00	image=0	bad=0
father: level 1 number of orbits 3 lengths 5
father: level 1 number of orbits 4 lengths 1
father: level 2 number of orbits 1 lengths 10
Z	carat/tables/qcatalog/dim5/dir.1,1;1;1;1/ordnung.8/(1)^1(4)^2(8)^1/group.215	1	344	344	method=1	log2H=11.00	image=0	bad=0
Z	carat/tables/qcatalog/dim5/dir.1,1,1;1,1/ordnung.2/(1)^1(24)^1/min.62	2	2	2	method=1	log2H=2.00	image=0	bad=0
father: level 2 number of orbits 2 lengths 15
Z	carat/tables/qcatalog/dim5/dir.1,1;1;1;1/ordnung.8/(1)^1(4)^2(8)^1/group.213	2	56	56	method=1	log2H=7.00	image=0	bad=0
Z	carat/tables/qcatalog/dim5/dir.1,1;1;1;1/ordnung.4/(1)^1(4)^2(32)^1/min.70	10	5	5	method=1	log2H=3.00	image=0	bad=0
Z	carat/tables/qcatalog/dim5/dir.1,1,1;1;1/ordnung.4/(1)^1(4)^1(12)^1/min.65	6	2	2	method=1	log2H=1.00	image=0	bad=0
father: level 2 number of orbits 3 lengths 30
father: level 2 number of orbits 3 lengths 12
father: level 2 number of orbits 4 lengths 10
Z	carat/tables/qcatalog/dim5/dir.1,1,1;1,1/ordnung.2/(1)^1(24)^1/min.62	3	2	2	method=1	log2H=1.00	image=0	bad=0
father: level 2 number of orbits 5 lengths 10
Z	carat/tables/qcatalog/dim5/dir.1,1;1;1;1/ordnung.4/(1)^1(4)^2(32)^1/min.70	11	4	4	method=1	log2H=2.00	image=0	bad=0
father: level 2 number of orbits 4 lengths 12
Z	carat/tables/qcatalog/dim5/dir.1,1;1;1;1/ordnung.8/(1)^1(4)^2(8)^1/group.215	2	88	88	method=1	log2H=8.00	image=0	bad=0
Z	carat/tables/qcatalog/dim5/dir.1,1;1;1;1/ordnung.8/(1)^1(4)^2(8)^1/group.213	3	32	32	method=1	log2H=7.00	image=0	bad=0
father: level 2 number of orbits 5 lengths 3
Z	carat/tables/qcatalog/dim5/dir.1,1;1;1;1/ordnung.4/(1)^1(4)^2(32)^1/min.70	12	6	6	method=1	log2H=5.00	image=0	bad=0
father: level 2 number of orbits 6 lengths 6
father: level 2 number of orbits 7 lengths 6
father: level 2 number of orbits 8 lengths 6
father: level 2 number of orbits 1 lengths 15
father: level 2 number of orbits 1 lengths 12
Z	carat/tables/qcatalog/dim5/dir.1,1;1;1;1/ordnung.4/(1)^1(4)^2(32)^1/min.70	13	5	5	method=1	log2H=3.00	image=0	bad=0
father: level 2 number of orbits 2 lengths 4
father: level 3 number of orbits 1 lengths 5
Z	carat/tables/qcatalog/dim5/dir.1,1;1;1;1/ordnung.8/(1)^1(4)^2(8)^1/group.215	3	192	192	method=1	log2H=8.00	image=0	bad=0
father: level 3 number of orbits 2 lengths 10
Z	carat/tables/qcatalog/dim5/dir.1,1;1;1;1/ordnung.8/(1)^1(4)^2(8)^1/group.213	4	20	20	method=1	log2H=5.00	image=0	bad=0
father: level 1 number of orbits 1 lengths 6
father: level 3 number of orbits 3 lengths 10
father: level 2 number of orbits 3 lengths 12
father: level 1 number of orbits 2 lengths 9
father: level 1 number of orbits 3 lengths 9
father: level 3 number of orbits 1 lengths 15
father: level 2 number of orbits 1 lengths 4
Z	carat/tables/qcatalog/dim5/dir.1,1;1;1;1/ordnung.4/(1)^1(4)^2(32)^1/min.70	14	3	3	method=1	log2H=2.00	image=0	bad=0
father: level 4 number of orbits 1 lengths 1
father: level 2 number of orbits 1 lengths 9
father: level 2 number of orbits 1 lengths 3
father: level 2 number of orbits 2 lengths 36
Z	carat/tables/qcatalog/dim5/dir.1,1;1;1;1/ordnung.8/(1)^1(4)^2(8)^1/group.215	4	80	80	method=1	log2H=8.00	image=0	bad=0
father: level 2 number of orbits 1 lengths 6
Z	carat/tables/qcatalog/dim5/dir.1,1;1;1;1/ordnung.8/(1)^1(4)^2(8)^1/group.213	5	6	6	method=1	log2H=5.00	image=0	bad=0
father: level 2 number of orbits 2 lengths 18
father: level 3 number of orbits 1 lengths 4
father: level 3 number of orbits 2 lengths 1
Z	carat/tables/qcatalog/dim5/dir.1,1;1;1;1/ordnung.4/(1)^1(4)^2(32)^1/min.70	15	8	8	method=1	log2H=5.00	image=0	bad=0
father: level 3 number of orbits 1 lengths 18
father: level 3 number of orbits 3 lengths 4
Z	carat/tables/qcatalog/dim5/dir.1,1;1;1;1/ordnung.8/(1)^1(4)^2(8)^1/group.215	5	36	36	method=1	log2H=6.00	image=0	bad=0
Z	carat/tables/qcatalog/dim5/dir.1,1;1;1;1/ordnung.4/(1)^1(4)^2(32)^1/min.70	16	6	6	method=1	log2H=3.00	image=0	bad=0
father: level 3 number of orbits 4 lengths 4
Z	carat/tables/qcatalog/dim5/dir.1,1;1;1;1/ordnung.8/(1)^1(4)^2(8)^1/group.213	6	4	4	method=1	log2H=4.00	image=0	bad=0
Z	carat/tables/qcatalog/dim5/dir.1,1;1;1;1/ordnung.4/(1)^1(4)^2(32)^1/min.70	17	4	4	method=1	log2H=3.00	image=0	bad=0
Z	carat/tables/qcatalog/dim5/dir.1,1;1;1;1/ordnung.8/(1)^1(4)^2(8)^1/group.215	6	52	52	method=1	log2H=8.00	image=0	bad=0
father: level 3 number of orbits 1 lengths 6
Z	carat/tables/qcatalog/dim5/dir.1,1;1;1;1/ordnung.4/(1)^1(4)^2(32)^1/min.70	18	2	2	method=1	log2H=2.00	image=0	bad=0
Z	carat/tables/qcatalog/dim5/dir.1,1;1;1;1/ordnung.8/(1)^1(4)^2(8)^1/group.213	7	56	56	method=1	log2H=7.00	image=0	bad=0
father: level 3 number of orbits 2 lengths 6
Z	carat/tables/qcatalog/dim5/dir.1,1;1;1;1/ordnung.8/(1)^1(4)^2(8)^1/group.215	7	32	32	method=1	log2H=6.00	image=0	bad=0
Z	carat/tables/qcatalog/dim5/dir.1,1;1;1;1/ordnung.8/(1)^1(4)^2(8)^1/group.215	8	16	16	method=1	log2H=6.00	image=0	bad=0
Z	carat/tables/qcatalog/dim5/dir.1,1;1;1;1/ordnung.8/(1)^1(4)^2(8)^1/group.213	8	12	12	method=1	log2H=4.00	image=0	bad=0
father: level 3 number of orbits 1 lengths 12
father: level 3 number of orbits 1 lengths 3
Z	carat/tables/qcatalog/dim5/dir.1,1;1;1;1/ordnung.8/(1)^1(4)^2(8)^1/group.215	9	14	14	method=1	log2H=5.00	image=0	bad=0
Z	carat/tables/qcatalog/dim5/dir.1,1;1;1;1/ordnung.8/(1)^1(4)^2(8)^1/group.213	9	10	10	method=1	log2H=4.00	image=0	bad=0
father: level 4 number of orbits 1 lengths 1
father: level 4 number of orbits 1 lengths 2
father: level 4 number of orbits 2 lengths 2
Z	carat/tables/qcatalog/dim5/dir.1,1;1;1;1/ordnung.8/(1)^1(4)^2(8)^1/group.213	10	10	10	method=1	log2H=4.00	image=0	bad=0
father: level 5 number of orbits 1 lengths 2
Z	carat/tables/qcatalog/dim5/dir.1,1;1,1;1/ordnung.4/(1)^1(8)^2/min.67	1	6	6	method=1	log2H=5.00	image=0	bad=0
father: level 1 number of orbits 1 lengths 10
Z	carat/tables/qcatalog/dim5/dir.1,1;1;1;1/ordnung.8/(1)^1(4)^2(8)^1/group.215	10	160	160	method=1	log2H=8.00	image=0	bad=0
Z	carat/tables/qcatalog/dim5/dir.1,1;1,1;1/ordnung.4/(1)^1(8)^2/min.67	2	4	4	method=1	log2H=3.00	image=0	bad=0
father: level 1 number of orbits 2 lengths 10
father: level 1 number of orbits 3 lengths 5
father: level 1 number of orbits 4 lengths 1
father: level 2 number of orbits 1 lengths 10
Z	carat/tables/qcatalog/dim5/dir.1,1;1,1;1/ordnung.4/(1)^1(8)^2/min.67	3	6	6	method=1	log2H=3.00	image=0	bad=0
Z	carat/tables/qcatalog/dim5/dir.1,1;1;1;1/ordnung.8/(1)^1(4)^2(8)^1/group.213	11	4	4	method=1	log2H=2.00	image=0	bad=0
father: level 2 number of orbits 2 lengths 15
Z	carat/tables/qcatalog/dim5/dir.1,1;1,1;1/ordnung.4/(1)^1(8)^2/min.67	4	3	3	method=1	log2H=2.00	image=0	bad=0
father: level 2 number of orbits 3 lengths 30
father: level 2 number of orbits 4 lengths 10
Z	carat/tables/qcatalog/dim5/dir.1,1;1;1;1/ordnung.8/(1)^1(4)^2(8)^1/group.215	11	32	32	method=1	log2H=5.00	image=0	bad=0
father: level 2 number of orbits 5 lengths 10
Z	carat/tables/qcatalog/dim5/dir.1,1;1,1;1/ordnung.4/(1)^1(8)^2/min.67	5	4	4	method=1	log2H=3.00	image=0	bad=0
father: level 2 number of orbits 1 lengths 15
Z	carat/tables/qcatalog/dim5/dir.1,1;1,1;1/ordnung.4/(1)^1(8)^2/min.67	6	2	2	method=1	log2H=1.00	image=0	bad=0
father: level 3 number of orbits 1 lengths 5
Z	carat/tables/qcatalog/dim5/dir.1,1;1;1;1/ordnung.8/(1)^1(4)^2(8)^1/group.213	12	14	14	method=1	log2H=7.00	image=0	bad=0
father: level 3 number of orbits 2 lengths 10
Z	carat/tables/qcatalog/dim5/dir.1,1;1;1;1/ordnung.8/(1)^1(4)^2(8)^1/group.215	12	14	14	method=1	log2H=5.00	image=0	bad=0
Z	carat/tables/qcatalog/dim5/dir.1,1;1,1;1/ordnung.4/(1)^1(8)^2/min.67	7	2	2	method=1	log2H=1.00	image=0	bad=0
father: level 3 number of orbits 3 lengths 10
father: level 1 number of orbits 1 lengths 6
father: level 1 number of orbits 2 lengths 9
Z	carat/tables/qcatalog/dim5/dir.1,1;1,1;1/ordnung.4/(1)^1(8)^2/min.67	8	1	1	method=0	log2H=0.00	image=0	bad=0
father: level 1 number of orbits 3 lengths 9
father: level 3 number of orbits 1 lengths 15
father: level 4 number of orbits 1 lengths 1
Z	carat/tables/qcatalog/dim5/dir.1,1;1,1;1/ordnung.4/(1)^1(8)^2/min.67	9	2	2	method=1	log2H=1.00	image=0	bad=0
father: level 2 number of orbits 1 lengths 9
Z	carat/tables/qcatalog/dim5/dir.1,1;1;1;1/ordnung.8/(1)^1(4)^2(8)^1/group.215	13	14	14	method=1	log2H=5.00	image=0	bad=0
Z	carat/tables/qcatalog/dim5/dir.1,1;1;1;1/ordnung.8/(1)^1(4)^2(8)^1/group.213	13	10	10	method=1	log2H=4.00	image=0	bad=0
Z	carat/tables/qcatalog/dim5/dir.1,1;1;1;1/ordnung.8/(1)^1(4)^2(8)^1/group.215	14	5	5	method=1	log2H=3.00	image=0	bad=0
father: level 2 number of orbits 2 lengths 36
Z	carat/tables/qcatalog/dim5/dir.1,1;1;1;1/ordnung.8/(1)^1(4)^2(8)^1/group.213	14	3	3	method=1	log2H=2.00	image=0	bad=0
father: level 2 number of orbits 1 lengths 6
father: level 2 number of orbits 2 lengths 18
father: level 3 number of orbits 1 lengths 18
Z	carat/tables/qcatalog/dim5/dir.1,1;1;1;1/ordnung.8/(1)^1(4)^2(8)^1/group.213	15	22	22	method=1	log2H=7.00	image=0	bad=0
Z	carat/tables/qcatalog/dim5/dir.1,1;1;1;1/ordnung.8/(1)^1(4)^2(8)^1/group.215	15	96	96	method=1	log2H=8.00	image=0	bad=0
Z	carat/tables/qcatalog/dim5/dir.1,1;1;1;1/ordnung.8/(1)^1(4)^2(8)^1/group.215	16	20	20	method=1	log2H=5.00	image=0	bad=0
Z	carat/tables/qcatalog/dim5/dir.1,1;1;1;1/ordnung.8/(1)^1(4)^2(8)^1/group.213	16	12	12	method=1	log2H=4.00	image=0	bad=0
Z	carat/tables/qcatalog/dim5/dir.1,1;1;1;1/ordnung.8/(1)^1(4)^2(8)^1/group.213	17	8	8	method=1	log2H=4.00	image=0	bad=0
Z	carat/tables/qcatalog/dim5/dir.1,1;1;1;1/ordnung.8/(1)^1(4)^2(8)^1/group.215	17	24	24	method=1	log2H=5.00	image=0	bad=0
Z	carat/tables/qcatalog/dim5/dir.1,1;1;1;1/ordnung.8/(1)^1(4)^2(8)^1/group.215	18	20	20	method=1	log2H=5.00	image=0	bad=0
Z	carat/tables/qcatalog/dim5/dir.1,1;1;1;1/ordnung.16/(1)^1(4)^2(8)^1/group.211	1	1400	1400	method=1	log2H=15.00	image=0	bad=0
Z	carat/tables/qcatalog/dim5/dir.1,1;1;1;1/ordnung.8/(1)^1(4)^2(8)^1/group.215	19	6	6	method=1	log2H=3.00	image=0	bad=0
Z	carat/tables/qcatalog/dim5/dir.1,1;1;1;1/ordnung.8/(1)^1(4)^2(8)^1/group.215	20	46	46	method=1	log2H=8.00	image=0	bad=0
father: level 1 number of orbits 1 lengths 7
Z	carat/tables/qcatalog/dim5/dir.1,1;1;1;1/ordnung.8/(1)^1(4)^2(8)^1/group.215	21	24	24	method=1	log2H=5.00	image=0	bad=0
father: level 1 number of orbits 2 lengths 7
father: level 1 number of orbits 3 lengths 1
father: level 1 number of orbits 4 lengths 7
father: level 2 number of orbits 1 lengths 7
father: level 2 number of orbits 2 lengths 42
Z	carat/tables/qcatalog/dim5/dir.1,1;1;1;1/ordnung.8/(1)^1(4)^2(8)^1/group.215	22	14	14	method=1	log2H=5.00	image=0	bad=0
father: level 1 number of orbits 1 lengths 14
father: level 1 number of orbits 2 lengths 1
father: level 1 number of orbits 3 lengths 7
father: level 2 number of orbits 1 lengths 7
Z	carat/tables/qcatalog/dim5/dir.1,1;1,1;1/ordnung.8/(1)^1(8)^2/group.210	1	55	55	method=1	log2H=10.00	image=0	bad=0
Z	carat/tables/qcatalog/dim5/dir.1,1;1;1;1/ordnung.8/(1)^1(4)^2(8)^1/group.215	23	3	3	method=1	log2H=2.00	image=0	bad=0
father: level 2 number of orbits 2 lengths 42
Z	carat/tables/qcatalog/dim5/dir.1,1;1;1;1/ordnung.16/(1)^1(4)^2(8)^1/group.211	2	672	672	method=1	log2H=11.00	image=0	bad=0
Z	carat/tables/qcatalog/dim5/dir.1,1;1;1;1/ordnung.8/(1)^1(4)^2(8)^1/group.215	24	88	88	method=1	log2H=8.00	image=0	bad=0
father: level 1 number of orbits 1 lengths 9
father: level 1 number of orbits 2 lengths 3
father: level 1 number of orbits 3 lengths 9
Z	carat/tables/qcatalog/dim5/dir.1,1;1,1;1/ordnung.8/(1)^1(8)^2/group.210	2	30	30	method=1	log2H=7.00	image=0	bad=0
Z	carat/tables/qcatalog/dim5/dir.1,1;1;1;1/ordnung.8/(1)^1(4)^2(8)^1/group.215	25	32	32	method=1	log2H=5.00	image=0	bad=0
father: level 1 number of orbits 4 lengths 1
father: level 1 number of orbits 5 lengths 3
father: level 2 number of orbits 1 lengths 9
Z	carat/tables/qcatalog/dim5/dir.1,1;1;1;1/ordnung.16/(1)^1(4)^2(8)^1/group.211	3	296	296	method=1	log2H=11.00	image=0	bad=0
Z	carat/tables/qcatalog/dim5/dir.1,1;1;1;1/ordnung.8/(1)^1(4)^2(8)^1/group.215	26	20	20	method=1	log2H=5.00	image=0	bad=0
father: level 2 number of orbits 2 lengths 18
father: level 2 number of orbits 3 lengths 9
Z	carat/tables/qcatalog/dim5/dir.1,1,1;1;1/ordnung.8/(1)^1(4)^1(12)^1/group.209	1	46	46	method=1	log2H=10.00	image=0	bad=0
Z	carat/tables/qcatalog/dim5/dir.1,1;1;1;1/ordnung.8/(1)^1(4)^2(8)^1/group.215	27	20	20	method=1	log2H=5.00	image=0	bad=0
father: level 1 number of orbits 1 lengths 21
Z	carat/tables/qcatalog/dim5/dir.1,1;1,1;1/ordnung.8/(1)^1(8)^2/group.210	3	46	46	method=1	log2H=7.00	image=0	bad=0
father: level 2 number of orbits 4 lengths 9
Z	carat/tables/qcatalog/dim5/dir.1,1,1;1;1/ordnung.8/(1)^1(4)^1(12)^1/group.209	2	28	28	method=1	log2H=7.00	image=0	bad=0
Z	carat/tables/qcatalog/dim5/dir.1,1;1;1;1/ordnung.16/(1)^1(4)^2(8)^1/group.211	4	96	96	method=1	log2H=8.00	image=0	bad=0
father: level 2 number of orbits 1 lengths 42
Z	carat/tables/qcatalog/dim5/dir.1,1,1;1;1/ordnung.8/(1)^1(4)^1(12)^1/group.209	3	8	8	method=1	log2H=7.00	image=0	bad=0
father: level 2 number of orbits 5 lengths 18
father: level 2 number of orbits 1 lengths 1
Z	carat/tables/qcatalog/dim5/dir.1,1;1,1;1/ordnung.8/(1)^1(8)^2/group.210	4	13	13	method=1	log2H=5.00	image=0	bad=0
Z	carat/tables/qcatalog/dim5/dir.1,1,1;1;1/ordnung.4/(1)^1(4)^1(12)^1/min.64	1	16	16	method=1	log2H=6.00	image=0	bad=0
Z	carat/tables/qcatalog/dim5/dir.1,1;1;1;1/ordnung.16/(1)^1(4)^2(8)^1/group.211	5	28	28	method=1	log2H=8.00	image=0	bad=0
father: level 2 number of orbits 2 lengths 9
Z	carat/tables/qcatalog/dim5/dir.1,1,1;1;1/ordnung.8/(1)^1(4)^1(12)^1/group.209	4	6	6	method=1	log2H=5.00	image=0	bad=0
father: level 2 number of orbits 1 lengths 6
Z	carat/tables/qcatalog/dim5/dir.1,1,1;1;1/ordnung.4/(1)^1(4)^1(12)^1/min.64	2	8	8	method=1	log2H=4.00	image=0	bad=0
father: level 3 number of orbits 1 lengths 3
Z	carat/tables/qcatalog/dim5/dir.1,1,1;1;1/ordnung.8/(1)^1(4)^1(12)^1/group.209	5	16	16	method=1	log2H=7.00	image=0	bad=0
Z	carat/tables/qcatalog/dim5/dir.1,1;1;1;1/ordnung.16/(1)^1(4)^2(8)^1/group.211	6	16	16	method=1	log2H=6.00	image=0	bad=0
Z	carat/tables/qcatalog/dim5/dir.1,1;1,1;1/ordnung.8/(1)^1(8)^2/group.210	5	31	31	method=1	log2H=7.00	image=0	bad=0
Z	carat/tables/qcatalog/dim5/dir.1;1;1;1;1/ordnung.32/(1)^1(4)^4/group.221	1	9608	9608	method=2	log2H=20.00	image=240	bad=0
father: level 3 number of orbits 2 lengths 18
father: level 3 number of orbits 1 lengths 6
Z	carat/tables/qcatalog/dim5/dir.1,1,1;1;1/ordnung.8/(1)^1(4)^1(12)^1/group.209	6	6	6	method=1	log2H=4.00	image=0	bad=0
father: level 1 number of orbits 1 lengths 9
father: level 1 number of orbits 2 lengths 3
father: level 4 number of orbits 1 lengths 12
Z	carat/tables/qcatalog/dim5/dir.1,1,1;1;1/ordnung.4/(1)^1(4)^1(12)^1/min.64	3	6	6	method=1	log2H=4.00	image=0	bad=0
father: level 1 number of orbits 3 lengths 9
father: level 1 number of orbits 4 lengths 1
father: level 1 number of orbits 5 lengths 3
father: level 2 number of orbits 1 lengths 9
father: level 2 number of orbits 2 lengths 18
Z	carat/tables/qcatalog/dim5/dir.1,1,1;1;1/ordnung.4/(1)^1(4)^1(12)^1/min.64	4	4	4	method=1	log2H=4.00	image=0	bad=0
father: level 2 number of orbits 3 lengths 9
father: level 2 number of orbits 4 lengths 9
father: level 2 number of orbits 5 lengths 18
Z	carat/tables/qcatalog/dim5/dir.1,1,1;1;1/ordnung.4/(1)^1(4)^1(12)^1/min.64	5	3	3	method=1	log2H=3.00	image=0	bad=0
Z	carat/tables/qcatalog/dim5/dir.1,1,1;1,1/ordnung.4/(1)^1(24)^1/group.208	1	4	4	method=1	log2H=5.00	image=0	bad=0
father: level 2 number of orbits 1 lengths 1
Z	carat/tables/qcatalog/dim5/dir.1,1;1,1;1/ordnung.8/(1)^1(8)^2/group.210	6	12	12	method=1	log2H=4.00	image=0	bad=0
father: level 2 number of orbits 2 lengths 9
father: level 2 number of orbits 1 lengths 6
Z	carat/tables/qcatalog/dim5/dir.1,1,1;1;1/ordnung.4/(1)^1(4)^1(12)^1/min.64	6	6	6	method=1	log2H=4.00	image=0	bad=0
Z	carat/tables/qcatalog/dim5/dir.1,1;1,1;1/ordnung.8/(1)^1(8)^2/group.210	7	6	6	method=1	log2H=4.00	image=0	bad=0
Z	carat/tables/qcatalog/dim5/dir.1,1;1;1;1/ordnung.16/(1)^1(4)^2(8)^1/group.211	7	640	640	method=1	log2H=11.00	image=0	bad=0
Z	carat/tables/qcatalog/dim5/dir.1,1,1;1;1/ordnung.4/(1)^1(4)^1(12)^1/min.64	7	3	3	method=1	log2H=2.00	image=0	bad=0
Z	carat/tables/qcatalog/dim5/dir.1,1,1;1,1/ordnung.4/(1)^1(24)^1/group.208	2	4	4	method=1	log2H=3.00	image=0	bad=0
father: level 3 number of orbits 1 lengths 3
father: level 3 number of orbits 2 lengths 18
Z	carat/tables/qcatalog/dim5/dir.1,1;1,1;1/ordnung.8/(1)^1(8)^2/group.210	8	3	3	method=1	log2H=2.00	image=0	bad=0
father: level 3 number of orbits 1 lengths 6
Z	carat/tables/qcatalog/dim5/dir.1,1,1;1,1/ordnung.4/(1)^1(24)^1/group.208	3	2	2	method=1	log2H=1.00	image=0	bad=0
Z	carat/tables/qcatalog/dim5/dir.1,1;1,1;1/ordnung.8/(1)^1(8)^2/group.210	9	9	9	method=1	log2H=4.00	image=0	bad=0
Z	carat/tables/qcatalog/dim5/dir.1;1;1;1;1/ordnung.16/(1)^1(4)^4/group.219	1	360	360	method=1	log2H=15.00	image=0	bad=0
father: level 1 number of orbits 1 lengths 6
father: level 1 number of orbits 2 lengths 3
father: level 1 number of orbits 3 lengths 2
father: level 1 number of orbits 4 lengths 6
father: level 1 number of orbits 5 lengths 1
father: level 1 number of orbits 6 lengths 3
father: level 1 number of orbits 7 lengths 1
father: level 1 number of orbits 8 lengths 3
father: level 2 number of orbits 1 lengths 6
father: level 2 number of orbits 2 lengths 12
father: level 2 number of orbits 3 lengths 3
father: level 2 number of orbits 4 lengths 6
father: level 2 number of orbits 5 lengths 6
father: level 2 number of orbits 6 lengths 6
father: level 2 number of orbits 7 lengths 12
Z	carat/tables/qcatalog/dim5/dir.1,1;1;1;1/ordnung.8/(1)^1(4)^2(32)^1/group.212	1	68	68	method=1	log2H=10.00	image=0	bad=0
father: level 2 number of orbits 1 lengths 3
father: level 2 number of orbits 2 lengths 3
father: level 2 number of orbits 3 lengths 6
father: level 2 number of orbits 1 lengths 1
father: level 2 number of orbits 2 lengths 6
father: level 2 number of orbits 1 lengths 3
father: level 2 number of orbits 2 lengths 6
father: level 1 number of orbits 1 lengths 2
Z	carat/tables/qcatalog/dim5/dir.1,1;1;1;1/ordnung.16/(1)^1(4)^2(8)^1/group.211	8	72	72	method=1	log2H=7.00	image=0	bad=0
father: level 3 number of orbits 1 lengths 3
father: level 1 number of orbits 2 lengths 4
Z	carat/tables/qcatalog/dim5/dir.1,1;1;1;1/ordnung.8/(1)^1(4)^2(32)^1/group.212	2	56	56	method=1	log2H=7.00	image=0	bad=0
father: level 1 number of orbits 3 lengths 2
father: level 3 number of orbits 2 lengths 12
father: level 3 number of orbits 1 lengths 6
father: level 1 number of orbits 4 lengths 4
father: level 3 number of orbits 2 lengths 6
father: level 1 number of orbits 5 lengths 4
Z	carat/tables/qcatalog/dim5/dir.1,1;1;1;1/ordnung.8/(1)^1(4)^2(32)^1/group.212	3	26	26	method=1	log2H=7.00	image=0	bad=0
father: level 1 number of orbits 6 lengths 4
Z	carat/tables/qcatalog/dim5/dir.1,1;1;1;1/ordnung.16/(1)^1(4)^2(8)^1/group.211	9	56	56	method=1	log2H=7.00	image=0	bad=0
father: level 1 number of orbits 7 lengths 4
father: level 1 number of orbits 8 lengths 1
father: level 1 number of orbits 9 lengths 1
father: level 2 number of orbits 1 lengths 2
Z	carat/tables/qcatalog/dim5/dir.1,1;1;1;1/ordnung.8/(1)^1(4)^2(32)^1/group.212	4	16	16	method=1	log2H=5.00	image=0	bad=0
Z	carat/tables/qcatalog/dim5/dir.1;1;1;1;1/ordnung.16/(1)^1(4)^4/group.219	2	226	226	method=1	log2H=11.00	image=0	bad=0
father: level 2 number of orbits 2 lengths 4
father: level 2 number of orbits 3 lengths 4
Z	carat/tables/qcatalog/dim5/dir.1,1;1;1;1/ordnung.8/(1)^1(4)^2(32)^1/group.212	5	6	6	method=1	log2H=5.00	image=0	bad=0
father: level 2 number of orbits 4 lengths 4
Z	carat/tables/qcatalog/dim5/dir.1,1;1;1;1/ordnung.8/(1)^1(4)^2(8)^1/group.214	1	192	192	method=1	log2H=12.00	image=0	bad=0
father: level 2 number of orbits 5 lengths 1
Z	carat/tables/qcatalog/dim5/dir.1,1;1;1;1/ordnung.16/(1)^1(4)^2(8)^1/group.211	10	48	48	method=1	log2H=7.00	image=0	bad=0
father: level 2 number of orbits 6 lengths 2
father: level 2 number of orbits 7 lengths 2
Z	carat/tables/qcatalog/dim5/dir.1,1;1;1;1/ordnung.8/(1)^1(4)^2(32)^1/group.212	6	8	8	method=1	log2H=5.00	image=0	bad=0
father: level 2 number of orbits 8 lengths 2
father: level 2 number of orbits 1 lengths 4
father: level 2 number of orbits 2 lengths 8
Z	carat/tables/qcatalog/dim5/dir.1,1;1;1;1/ordnung.8/(1)^1(4)^2(8)^1/group.214	2	176	176	method=1	log2H=9.00	image=0	bad=0
Z	carat/tables/qcatalog/dim5/dir.1,1;1;1;1/ordnung.16/(1)^1(4)^2(8)^1/group.211	11	10	10	method=1	log2H=4.00	image=0	bad=0
Z	carat/tables/qcatalog/dim5/dir.1,1;1;1;1/ordnung.8/(1)^1(4)^2(32)^1/group.212	7	48	48	method=1	log2H=7.00	image=0	bad=0
father: level 2 number of orbits 3 lengths 8
Z	carat/tables/qcatalog/dim5/dir.1;1;1;1;1/ordnung.16/(1)^1(4)^4/group.219	3	52	52	method=1	log2H=8.00	image=0	bad=0
Z	carat/tables/qcatalog/dim5/dir.1,1;1;1;1/ordnung.8/(1)^1(4)^2(32)^1/group.212	8	10	10	method=1	log2H=4.00	image=0	bad=0
Z	carat/tables/qcatalog/dim5/dir.1,1;1;1;1/ordnung.8/(1)^1(4)^2(8)^1/group.214	3	74	74	method=1	log2H=9.00	image=0	bad=0
father: level 2 number of orbits 4 lengths 4
Z	carat/tables/qcatalog/dim5/dir.1,1;1;1;1/ordnung.8/(1)^1(4)^2(32)^1/group.212	9	10	10	method=1	log2H=4.00	image=0	bad=0
Z	carat/tables/qcatalog/dim5/dir.1,1;1;1;1/ordnung.16/(1)^1(4)^2(8)^1/group.211	12	110	110	method=1	log2H=11.00	image=0	bad=0
father: level 2 number of orbits 5 lengths 4
Z	carat/tables/qcatalog/dim5/dir.1,1;1;1;1/ordnung.8/(1)^1(4)^2(8)^1/group.214	4	48	48	method=1	log2H=7.00	image=0	bad=0
Z	carat/tables/qcatalog/dim5/dir.1,1;1;1;1/ordnung.8/(1)^1(4)^2(8)^1/group.216	1	180	180	method=1	log2H=10.00	image=0	bad=0
Z	carat/tables/qcatalog/dim5/dir.1,1;1;1;1/ordnung.8/(1)^1(4)^2(32)^1/group.212	10	7	7	method=1	log2H=4.00	image=0	bad=0
father: level 2 number of orbits 6 lengths 4
Z	carat/tables/qcatalog/dim5/dir.1,1;1;1;1/ordnung.8/(1)^1(4)^2(8)^1/group.214	5	14	14	method=1	log2H=7.00	image=0	bad=0
Z	carat/tables/qcatalog/dim5/dir.1;1;1;1;1/ordnung.16/(1)^1(4)^4/group.219	4	11	11	method=1	log2H=6.00	image=0	bad=0
Z	carat/tables/qcatalog/dim5/dir.1,1;1;1;1/ordnung.16/(1)^1(4)^2(8)^1/group.211	13	56	56	method=1	log2H=7.00	image=0	bad=0
Z	carat/tables/qcatalog/dim5/dir.1,1;1;1;1/ordnung.8/(1)^1(4)^2(32)^1/group.212	11	4	4	method=1	log2H=2.00	image=0	bad=0
Z	carat/tables/qcatalog/dim5/dir.1,1;1;1;1/ordnung.8/(1)^1(4)^2(8)^1/group.214	6	16	16	method=1	log2H=6.00	image=0	bad=0
Z	carat/tables/qcatalog/dim5/dir.1,1;1;1;1/ordnung.8/(1)^1(4)^2(8)^1/group.216	2	96	96	method=1	log2H=7.00	image=0	bad=0
father: level 2 number of orbits 1 lengths 8
Z	carat/tables/qcatalog/dim5/dir.1,1;1;1;1/ordnung.16/(1)^1(4)^2(8)^1/group.211	14	4	4	method=1	log2H=3.00	image=0	bad=0
Z	carat/tables/qcatalog/dim5/dir.1,1;1;1;1/ordnung.8/(1)^1(4)^2(8)^1/group.216	3	60	60	method=1	log2H=7.00	image=0	bad=0
father: level 2 number of orbits 2 lengths 4
father: level 1 number of orbits 1 lengths 3
Z	carat/tables/qcatalog/dim5/dir.1,1;1;1;1/ordnung.8/(1)^1(4)^2(8)^1/group.214	7	160	160	method=1	log2H=9.00	image=0	bad=0
father: level 2 number of orbits 3 lengths 1
Z	carat/tables/qcatalog/dim5/dir.1,1;1;1;1/ordnung.8/(1)^1(4)^2(32)^1/group.212	12	14	14	method=1	log2H=7.00	image=0	bad=0
father: level 1 number of orbits 1 lengths 3
Z	carat/tables/qcatalog/dim5/dir.1;1;1;1;1/ordnung.16/(1)^1(4)^4/group.219	5	4	4	method=1	log2H=5.00	image=0	bad=0
father: level 1 number of orbits 1 lengths 2
Z	carat/tables/qcatalog/dim5/dir.2-1',2-1';1/ordnung.8/(1)^1(8)^2/group.222	1	4	4	method=1	log2H=3.00	image=0	bad=0
Z	carat/tables/qcatalog/dim5/dir.1,1;1;1;1/ordnung.8/(1)^1(4)^2(8)^1/group.216	4	40	40	method=1	log2H=7.00	image=0	bad=0
father: level 1 number of orbits 2 lengths 1
father: level 2 number of orbits 1 lengths 2
father: level 2 number of orbits 2 lengths 4
father: level 1 number of orbits 1 lengths 1
Z	carat/tables/qcatalog/dim5/dir.1,1;1;1;1/ordnung.8/(1)^1(4)^2(8)^1/group.214	8	36	36	method=1	log2H=6.00	image=0	bad=0
Z	carat/tables/qcatalog/dim5/dir.2-1',2-1';1/ordnung.8/(1)^1(8)^2/group.222	2	3	3	method=1	log2H=2.00	image=0	bad=0
father: level 1 number of orbits 1 lengths 3
father: level 2 number of orbits 3 lengths 4
Z	carat/tables/qcatalog/dim5/dir.2-1',2-1';1/ordnung.4/(1)^1(8)^2/min.74	1	1	1	method=0	log2H=0.00	image=0	bad=0
Z	carat/tables/qcatalog/dim5/dir.2-1,2-1;1/ordnung.8/(1)^1(4)^2(8)^2/min.76	1	8	8	method=1	log2H=4.00	image=0	bad=0
Z	carat/tables/qcatalog/dim5/dir.2-1',2-1';1/ordnung.4/(1)^1(8)^2/min.74	2	1	1	method=0	log2H=0.00	image=0	bad=0
Z	carat/tables/qcatalog/dim5/dir.1,1;1;1;1/ordnung.8/(1)^1(4)^2(32)^1/group.212	13	10	10	method=1	log2H=4.00	image=0	bad=0
Z	carat/tables/qcatalog/dim5/dir.2-1,2-1;1/ordnung.8/(1)^1(4)^2(8)^2/min.76	2	6	6	method=1	log2H=3.00	image=0	bad=0
Z	carat/tables/qcatalog/dim5/dir.1,1;1;1;1/ordnung.16/(1)^1(4)^2(8)^1/group.211	15	226	226	method=1	log2H=11.00	image=0	bad=0
Z	carat/tables/qcatalog/dim5/dir.1,1;1;1;1/ordnung.8/(1)^1(4)^2(8)^1/group.214	9	28	28	method=1	log2H=6.00	image=0	bad=0
Z	carat/tables/qcatalog/dim5/dir.2-1,2-1;1/ordnung.8/(1)^1(4)^2(8)^2/min.76	3	10	10	method=1	log2H=4.00	image=0	bad=0
Z	carat/tables/qcatalog/dim5/dir.1,1;1;1;1/ordnung.8/(1)^1(4)^2(32)^1/group.212	14	2	2	method=1	log2H=1.00	image=0	bad=0
father: level 2 number of orbits 4 lengths 4
Z	carat/tables/qcatalog/dim5/dir.2-1,2-1;1/ordnung.8/(1)^1(4)^2(8)^2/min.76	4	6	6	method=1	log2H=3.00	image=0	bad=0
Z	carat/tables/qcatalog/dim5/dir.2-1,2-1;1/ordnung.8/(1)^1(4)^2(8)^2/min.76	5	3	3	method=1	log2H=2.00	image=0	bad=0
Z	carat/tables/qcatalog/dim5/dir.1,1;1;1;1/ordnung.8/(1)^1(4)^2(8)^1/group.216	5	24	24	method=1	log2H=5.00	image=0	bad=0
Z	carat/tables/qcatalog/dim5/dir.2-1,2-1;1/ordnung.8/(1)^1(4)^2(8)^2/min.76	6	3	3	method=1	log2H=2.00	image=0	bad=0
Z	carat/tables/qcatalog/dim5/dir.1,1;1;1;1/ordnung.8/(1)^1(4)^2(8)^1/group.214	10	24	24	method=1	log2H=6.00	image=0	bad=0
Z	carat/tables/qcatalog/dim5/dir.1,1;1;1;1/ordnung.8/(1)^1(4)^2(32)^1/group.212	15	22	22	method=1	log2H=7.00	image=0	bad=0
Z	carat/tables/qcatalog/dim5/dir.2-1,2-1;1/ordnung.8/(1)^1(4)^2(8)^2/min.76	7	3	3	method=1	log2H=2.00	image=0	bad=0
father: level 2 number of orbits 1 lengths 8
father: level 2 number of orbits 1 lengths 2
Z	carat/tables/qcatalog/dim5/dir.1,1;1;1;1/ordnung.16/(1)^1(4)^2(8)^1/group.211	16	72	72	method=1	log2H=7.00	image=0	bad=0
Z	carat/tables/qcatalog/dim5/dir.1,1;1;1;1/ordnung.8/(1)^1(4)^2(8)^1/group.214	11	10	10	method=1	log2H=4.00	image=0	bad=0
Z	carat/tables/qcatalog/dim5/dir.1,1;1;1;1/ordnung.8/(1)^1(4)^2(32)^1/group.212	16	12	12	method=1	log2H=4.00	image=0	bad=0
father: level 3 number of orbits 1 lengths 4
father: level 3 number of orbits 2 lengths 2
Z	carat/tables/qcatalog/dim5/dir.1,1;1;1;1/ordnung.8/(1)^1(4)^2(8)^1/group.216	6	30	30	method=1	log2H=7.00	image=0	bad=0
father: level 3 number of orbits 3 lengths 2
father: level 3 number of orbits 1 lengths 1
father: level 3 number of orbits 2 lengths 4
Z	carat/tables/qcatalog/dim5/dir.1,1;1;1;1/ordnung.8/(1)^1(4)^2(8)^1/group.216	7	18	18	method=1	log2H=5.00	image=0	bad=0
father: level 3 number of orbits 3 lengths 4
Z	carat/tables/qcatalog/dim5/dir.1,1;1;1;1/ordnung.16/(1)^1(4)^2(8)^1/group.211	17	32	32	method=1	log2H=7.00	image=0	bad=0
Z	carat/tables/qcatalog/dim5/dir.1,1;1;1;1/ordnung.8/(1)^1(4)^2(8)^1/group.214	12	36	36	method=1	log2H=9.00	image=0	bad=0
Z	carat/tables/qcatalog/dim5/dir.1,1;1;1;1/ordnung.8/(1)^1(4)^2(32)^1/group.212	17	6	6	method=1	log2H=4.00	image=0	bad=0
father: level 3 number of orbits 1 lengths 4
Z	carat/tables/qcatalog/dim5/dir.1,1;1;1;1/ordnung.8/(1)^1(4)^2(8)^1/group.216	8	10	10	method=1	log2H=5.00	image=0	bad=0
father: level 3 number of orbits 1 lengths 1
father: level 3 number of orbits 1 lengths 4
Z	carat/tables/qcatalog/dim5/dir.1,1;1;1;1/ordnung.8/(1)^1(4)^2(8)^1/group.214	13	28	28	method=1	log2H=6.00	image=0	bad=0
father: level 3 number of orbits 2 lengths 4
Z	carat/tables/qcatalog/dim5/dir.1,1;1;1;1/ordnung.8/(1)^1(4)^2(8)^1/group.216	9	10	10	method=1	log2H=4.00	image=0	bad=0
Z	carat/tables/qcatalog/dim5/dir.1,1;1;1;1/ordnung.8/(1)^1(4)^2(32)^1/group.212	18	2	2	method=1	log2H=2.00	image=0	bad=0
Z	carat/tables/qcatalog/dim5/dir.1,1;1;1;1/ordnung.8/(1)^1(4)^2(8)^1/group.214	14	4	4	method=1	log2H=3.00	image=0	bad=0
father: level 1 number of orbits 1 lengths 3
father: level 3 number of orbits 1 lengths 8
father: level 1 number of orbits 1 lengths 2
father: level 1 number of orbits 2 lengths 1
father: level 1 number of orbits 1 lengths 1
father: level 3 number of orbits 1 lengths 2
Z	carat/tables/qcatalog/dim5/dir.2-1,2-1;1/ordnung.8/(1)^1(4)^2(8)^2/min.78	1	6	6	method=1	log2H=4.00	image=0	bad=0
Z	carat/tables/qcatalog/dim5/dir.2-1,2-1;1/ordnung.8/(1)^1(4)^2(8)^2/min.78	2	4	4	method=1	log2H=2.00	image=0	bad=0
father: level 4 number of orbits 1 lengths 1
Z	carat/tables/qcatalog/dim5/dir.2-1,2-1;1/ordnung.8/(1)^1(4)^2(8)^2/min.78	3	9	9	method=1	log2H=4.00	image=0	bad=0
father: level 4 number of orbits 1 lengths 2
Z	carat/tables/qcatalog/dim5/dir.2-1,2-1;1/ordnung.8/(1)^1(4)^2(8)^2/min.78	4	4	4	method=1	log2H=2.00	image=0	bad=0
Z	carat/tables/qcatalog/dim5/dir.1;1;1;1;1/ordnung.16/(1)^1(4)^4/group.219	6	226	226	method=1	log2H=11.00	image=0	bad=0
father: level 4 number of orbits 2 lengths 2
Z	carat/tables/qcatalog/dim5/dir.2-1,2-1;1/ordnung.8/(1)^1(4)^2(8)^2/min.78	5	2	2	method=1	log2H=1.00	image=0	bad=0
Z	carat/tables/qcatalog/dim5/dir.2-1,2-1;1/ordnung.8/(1)^1(4)^2(8)^2/min.78	6	3	3	method=1	log2H=2.00	image=0	bad=0
Z	carat/tables/qcatalog/dim5/dir.1,1;1;1;1/ordnung.8/(1)^1(4)^2(8)^1/group.214	15	66	66	method=1	log2H=9.00	image=0	bad=0
father: level 5 number of orbits 1 lengths 2
Z	carat/tables/qcatalog/dim5/dir.2-1,2-1;1/ordnung.8/(1)^1(4)^2(8)^2/min.78	7	3	3	method=1	log2H=2.00	image=0	bad=0
Z	carat/tables/qcatalog/dim5/dir.1,1;1;1;1/ordnung.8/(1)^1(4)^2(8)^1/group.216	10	80	80	method=1	log2H=7.00	image=0	bad=0
Z	carat/tables/qcatalog/dim5/dir.1,1;1;1;1/ordnung.8/(1)^1(4)^2(8)^1/group.216	11	16	16	method=1	log2H=4.00	image=0	bad=0
Z	carat/tables/qcatalog/dim5/dir.1;1;1;1;1/ordnung.16/(1)^1(4)^4/group.219	7	31	31	method=1	log2H=7.00	image=0	bad=0
father: level 1 number of orbits 1 lengths 3
Z	carat/tables/qcatalog/dim5/dir.1,1;1;1;1/ordnung.8/(1)^1(4)^2(8)^1/group.214	16	36	36	method=1	log2H=6.00	image=0	bad=0
Z	carat/tables/qcatalog/dim5/dir.1,1;1;1;1/ordnung.8/(1)^1(4)^2(8)^1/group.216	12	52	52	method=1	log2H=7.00	image=0	bad=0
Z	carat/tables/qcatalog/dim5/dir.2-1',2-1';1/ordnung.4/(1)^1(8)^2/min.75	1	3	3	method=1	log2H=2.00	image=0	bad=0
Z	carat/tables/qcatalog/dim5/dir.2-1',2-1';1/ordnung.4/(1)^1(8)^2/min.75	2	2	2	method=1	log2H=1.00	image=0	bad=0
Z	carat/tables/qcatalog/dim5/dir.1,1;1;1;1/ordnung.8/(1)^1(4)^2(8)^1/group.214	17	16	16	method=1	log2H=6.00	image=0	bad=0
Z	carat/tables/qcatalog/dim5/dir.1,1;1;1;1/ordnung.8/(1)^1(4)^2(8)^1/group.216	13	10	10	method=1	log2H=4.00	image=0	bad=0
father: level 1 number of orbits 1 lengths 6
father: level 1 number of orbits 2 lengths 3
father: level 1 number of orbits 3 lengths 2
father: level 1 number of orbits 4 lengths 6
father: level 1 number of orbits 5 lengths 1
father: level 1 number of orbits 6 lengths 3
father: level 1 number of orbits 7 lengths 1
father: level 1 number of orbits 8 lengths 3
father: level 2 number of orbits 1 lengths 6
Z	carat/tables/qcatalog/dim5/dir.1,1;1;1;1/ordnung.8/(1)^1(4)^2(8)^1/group.216	14	12	12	method=1	log2H=4.00	image=0	bad=0
father: level 2 number of orbits 2 lengths 12
father: level 2 number of orbits 3 lengths 3
father: level 2 number of orbits 4 lengths 6
father: level 2 number of orbits 5 lengths 6
Z	carat/tables/qcatalog/dim5/dir.1;1;1;1;1/ordnung.16/(1)^1(4)^2(8)^2/group.217	1	1540	1540	method=1	log2H=15.00	image=0	bad=0
Z	carat/tables/qcatalog/dim5/dir.1;1;1;1;1/ordnung.16/(1)^1(4)^4/group.219	8	52	52	method=1	log2H=7.00	image=0	bad=0
father: level 2 number of orbits 6 lengths 6
father: level 2 number of orbits 7 lengths 12
father: level 2 number of orbits 1 lengths 3
Z	carat/tables/qcatalog/dim5/dir.1,1;1;1;1/ordnung.8/(1)^1(4)^2(8)^1/group.216	15	10	10	method=1	log2H=4.00	image=0	bad=0
father: level 2 number of orbits 2 lengths 3
father: level 2 number of orbits 3 lengths 6
father: level 2 number of orbits 1 lengths 1
father: level 2 number of orbits 2 lengths 6
father: level 2 number of orbits 1 lengths 3
father: level 2 number of orbits 2 lengths 6
Z	carat/tables/qcatalog/dim5/dir.1,1;1;1;1/ordnung.8/(1)^1(4)^2(8)^1/group.216	16	3	3	method=1	log2H=2.00	image=0	bad=0
father: level 3 number of orbits 1 lengths 3
Z	carat/tables/qcatalog/dim5/dir.1;1;1;1;1/ordnung.16/(1)^1(4)^4/group.219	9	8	8	method=1	log2H=4.00	image=0	bad=0
father: level 3 number of orbits 2 lengths 12
father: level 3 number of orbits 1 lengths 6
father: level 3 number of orbits 2 lengths 6
Z	carat/tables/qcatalog/dim5/dir.1,1;1;1;1/ordnung.8/(1)^1(4)^2(8)^1/group.216	17	12	12	method=1	log2H=4.00	image=0	bad=0
father: level 4 number of orbits 1 lengths 12
Z	carat/tables/qcatalog/dim5/dir.1,1;1;1;1/ordnung.8/(1)^1(4)^2(8)^1/group.216	18	10	10	method=1	log2H=4.00	image=0	bad=0
Z	carat/tables/qcatalog/dim5/dir.1;1;1;1;1/ordnung.16/(1)^1(4)^4/group.219	10	8	8	method=1	log2H=4.00	image=0	bad=0
father: level 1 number of orbits 1 lengths 2
father: level 1 number of orbits 2 lengths 1
father: level 1 number of orbits 1 lengths 3
father: level 1 number of orbits 1 lengths 1
Z	carat/tables/qcatalog/dim5/dir.1;1;1;1;1/ordnung.16/(1)^1(4)^4/group.219	11	7	7	method=1	log2H=4.00	image=0	bad=0
Z	carat/tables/qcatalog/dim5/dir.1,1;1;1;1/ordnung.8/(1)^1(4)^2(8)^1/group.216	19	4	4	method=1	log2H=2.00	image=0	bad=0
Z	carat/tables/qcatalog/dim5/dir.2-1,2-1;1/ordnung.16/(1)^1(4)^2(8)^2/group.223	1	36	36	method=1	log2H=6.00	image=0	bad=0
Z	carat/tables/qcatalog/dim5/dir.1,1;1;1;1/ordnung.8/(1)^1(4)^2(8)^1/group.216	20	30	30	method=1	log2H=7.00	image=0	bad=0
father: level 1 number of orbits 1 lengths 15
Z	carat/tables/qcatalog/dim5/dir.2-1,2-1;1/ordnung.16/(1)^1(4)^2(8)^2/group.223	2	12	12	method=1	log2H=4.00	image=0	bad=0
Z	carat/tables/qcatalog/dim5/dir.1,1;1;1;1/ordnung.8/(1)^1(4)^2(8)^1/group.216	21	12	12	method=1	log2H=4.00	image=0	bad=0
Z	carat/tables/qcatalog/dim5/dir.1,1,1,1;1/ordnung.2/(1)^1(16)^1/min.59	1	2	2	method=1	log2H=1.00	image=0	bad=0
Z	carat/tables/qcatalog/dim5/dir.1,1,1,1;1/ordnung.2/(1)^1(16)^1/min.59	2	1	1	method=0	log2H=0.00	image=0	bad=0
Z	carat/tables/qcatalog/dim5/dir.1;1;1;1;1/ordnung.16/(1)^1(4)^2(8)^2/group.217	2	640	640	method=1	log2H=11.00	image=0	bad=0
Z	carat/tables/qcatalog/dim5/dir.1,1;1;1;1/ordnung.8/(1)^1(4)^2(8)^1/group.216	22	12	12	method=1	log2H=4.00	image=0	bad=0
Z	carat/tables/qcatalog/dim5/dir.2-1,2-1;1/ordnung.16/(1)^1(4)^2(8)^2/group.223	3	3	3	method=1	log2H=2.00	image=0	bad=0
Z	carat/tables/qcatalog/dim5/dir.1,1;1;1;1/ordnung.8/(1)^1(4)^2(8)^1/group.216	23	2	2	method=1	log2H=1.00	image=0	bad=0
Z	carat/tables/qcatalog/dim5/dir.1,1;1;1;1/ordnung.4/(1)^1(4)^2(32)^1/min.69	1	20	20	method=1	log2H=6.00	image=0	bad=0
Z	carat/tables/qcatalog/dim5/dir.1,1;1;1;1/ordnung.4/(1)^1(4)^2(32)^1/min.69	2	16	16	method=1	log2H=4.00	image=0	bad=0
Z	carat/tables/qcatalog/dim5/dir.2-1,2-1;1/ordnung.16/(1)^1(4)^2(8)^2/group.223	4	20	20	method=1	log2H=6.00	image=0	bad=0
Z	carat/tables/qcatalog/dim5/dir.1,1;1;1;1/ordnung.8/(1)^1(4)^2(8)^1/group.216	24	52	52	method=1	log2H=7.00	image=0	bad=0
Z	carat/tables/qcatalog/dim5/dir.1,1;1;1;1/ordnung.4/(1)^1(4)^2(32)^1/min.69	3	9	9	method=1	log2H=4.00	image=0	bad=0
Z	carat/tables/qcatalog/dim5/dir.1;1;1;1;1/ordnung.16/(1)^1(4)^4/group.219	12	114	114	method=1	log2H=11.00	image=0	bad=0
Z	carat/tables/qcatalog/dim5/dir.1,1;1;1;1/ordnung.4/(1)^1(4)^2(32)^1/min.69	4	8	8	method=1	log2H=4.00	image=0	bad=0
Z	carat/tables/qcatalog/dim5/dir.1,1;1;1;1/ordnung.8/(1)^1(4)^2(8)^1/group.216	25	16	16	method=1	log2H=4.00	image=0	bad=0
Z	carat/tables/qcatalog/dim5/dir.1,1;1;1;1/ordnung.4/(1)^1(4)^2(32)^1/min.69	5	6	6	method=1	log2H=3.00	image=0	bad=0
Z	carat/tables/qcatalog/dim5/dir.2-1,2-1;1/ordnung.16/(1)^1(4)^2(8)^2/group.223	5	12	12	method=1	log2H=4.00	image=0	bad=0
Z	carat/tables/qcatalog/dim5/dir.1;1;1;1;1/ordnung.16/(1)^1(4)^2(8)^2/group.217	3	80	80	method=1	log2H=8.00	image=0	bad=0
Z	carat/tables/qcatalog/dim5/dir.1,1;1;1;1/ordnung.4/(1)^1(4)^2(32)^1/min.69	6	6	6	method=1	log2H=4.00	image=0	bad=0
Z	carat/tables/qcatalog/dim5/dir.1,1;1;1;1/ordnung.4/(1)^1(4)^2(32)^1/min.69	7	6	6	method=1	log2H=3.00	image=0	bad=0
Z	carat/tables/qcatalog/dim5/dir.2-1,2-1;1/ordnung.16/(1)^1(4)^2(8)^2/group.223	6	6	6	method=1	log2H=3.00	image=0	bad=0
Z	carat/tables/qcatalog/dim5/dir.1,1;1;1;1/ordnung.4/(1)^1(4)^2(32)^1/min.69	8	4	4	method=1	log2H=3.00	image=0	bad=0
Z	carat/tables/qcatalog/dim5/dir.1,1;1;1;1/ordnung.4/(1)^1(4)^2(32)^1/min.69	9	5	5	method=1	log2H=3.00	image=0	bad=0
Z	carat/tables/qcatalog/dim5/dir.1;1;1;1;1/ordnung.16/(1)^1(4)^4/group.219	13	22	22	method=1	log2H=7.00	image=0	bad=0
Z	carat/tables/qcatalog/dim5/dir.2-1,2-1;1/ordnung.16/(1)^1(4)^2(8)^2/group.223	7	6	6	method=1	log2H=3.00	image=0	bad=0
Z	carat/tables/qcatalog/dim5/dir.1,1;1;1;1/ordnung.8/(1)^1(4)^2(8)^1/group.216	26	12	12	method=1	log2H=4.00	image=0	bad=0
Z	carat/tables/qcatalog/dim5/dir.1,1;1;1;1/ordnung.4/(1)^1(4)^2(32)^1/min.69	10	12	12	method=1	log2H=4.00	image=0	bad=0
father: level 1 number of orbits 1 lengths 3
Z	carat/tables/qcatalog/dim5/dir.1,1;1;1;1/ordnung.4/(1)^1(4)^2(32)^1/min.69	11	4	4	method=1	log2H=2.00	image=0	bad=0
father: level 1 number of orbits 1 lengths 7
father: level 1 number of orbits 1 lengths 1
father: level 1 number of orbits 2 lengths 1
father: level 1 number of orbits 3 lengths 1
father: level 1 number of orbits 1 lengths 3
father: level 1 number of orbits 1 lengths 1
Z	carat/tables/qcatalog/dim5/dir.1,1;1;1;1/ordnung.4/(1)^1(4)^2(32)^1/min.69	12	9	9	method=1	log2H=4.00	image=0	bad=0
Z	carat/tables/qcatalog/dim5/dir.2-1;1,1,1/ordnung.4/(1)^1(4)^1(12)^1/min.79	1	3	3	method=1	log2H=6.00	image=0	bad=0
father: level 1 number of orbits 1 lengths 7
Z	carat/tables/qcatalog/dim5/dir.2-1;1,1,1/ordnung.4/(1)^1(4)^1(12)^1/min.79	2	4	4	method=1	log2H=5.00	image=0	bad=0
Z	carat/tables/qcatalog/dim5/dir.1,1;1;1;1/ordnung.4/(1)^1(4)^2(32)^1/min.69	13	3	3	method=1	log2H=2.00	image=0	bad=0
Z	carat/tables/qcatalog/dim5/dir.2-1,2-1;1/ordnung.8/(1)^1(4)^2(8)^2/min.77	1	4	4	method=1	log2H=3.00	image=0	bad=0
Z	carat/tables/qcatalog/dim5/dir.1,1;1;1;1/ordnung.8/(1)^1(4)^2(8)^1/group.216	27	10	10	method=1	log2H=4.00	image=0	bad=0
Z	carat/tables/qcatalog/dim5/dir.2-1;1,1,1/ordnung.8/(1)^1(2)^2(4)^1(12)^1/group.225	1	10	10	method=1	log2H=7.00	image=0	bad=0
Z	carat/tables/qcatalog/dim5/dir.2-1,2-1;1/ordnung.8/(1)^1(4)^2(8)^2/min.77	2	3	3	method=1	log2H=2.00	image=0	bad=0
Z	carat/tables/qcatalog/dim5/dir.1,1;1;1;1/ordnung.4/(1)^1(4)^2(32)^1/min.69	14	4	4	method=1	log2H=2.00	image=0	bad=0
Z	carat/tables/qcatalog/dim5/dir.2-1,2-1;1/ordnung.8/(1)^1(4)^2(8)^2/min.77	3	8	8	method=1	log2H=3.00	image=0	bad=0
Z	carat/tables/qcatalog/dim5/dir.2-1;1,1,1/ordnung.8/(1)^1(2)^2(4)^1(12)^1/group.225	2	10	10	method=1	log2H=6.00	image=0	bad=0
Z	carat/tables/qcatalog/dim5/dir.2-1,2-1;1/ordnung.8/(1)^1(4)^2(8)^2/min.77	4	4	4	method=1	log2H=2.00	image=0	bad=0
Z	carat/tables/qcatalog/dim5/dir.1,1;1;1;1/ordnung.4/(1)^1(4)^2(32)^1/min.69	15	3	3	method=1	log2H=2.00	image=0	bad=0
Z	carat/tables/qcatalog/dim5/dir.2-1,2-1;1/ordnung.8/(1)^1(4)^2(8)^2/min.77	5	3	3	method=1	log2H=2.00	image=0	bad=0
Z	carat/tables/qcatalog/dim5/dir.1,1;1;1;1/ordnung.4/(1)^1(4)^2(32)^1/min.69	16	2	2	method=1	log2H=1.00	image=0	bad=0
Z	carat/tables/qcatalog/dim5/dir.2-1,2-1;1/ordnung.8/(1)^1(4)^2(8)^2/min.77	6	2	2	method=1	log2H=1.00	image=0	bad=0
Z	carat/tables/qcatalog/dim5/dir.1,1;1;1;1/ordnung.4/(1)^1(4)^2(32)^1/min.69	17	3	3	method=1	log2H=2.00	image=0	bad=0
Z	carat/tables/qcatalog/dim5/dir.2-1,2-1;1/ordnung.8/(1)^1(4)^2(8)^2/min.77	7	4	4	method=1	log2H=3.00	image=0	bad=0
Z	carat/tables/qcatalog/dim5/dir.2-1,2-1;1/ordnung.8/(1)^1(4)^2(8)^2/min.77	8	4	4	method=1	log2H=2.00	image=0	bad=0
Z	carat/tables/qcatalog/dim5/dir.1,1;1;1;1/ordnung.4/(1)^1(4)^2(32)^1/min.69	18	3	3	method=1	log2H=2.00	image=0	bad=0
father: level 1 number of orbits 1 lengths 7
Z	carat/tables/qcatalog/dim5/dir.2-1,2-1;1/ordnung.8/(1)^1(4)^2(8)^2/min.77	9	2	2	method=1	log2H=1.00	image=0	bad=0
Z	carat/tables/qcatalog/dim5/dir.1,1;1;1;1/ordnung.4/(1)^1(4)^2(32)^1/min.69	19	2	2	method=1	log2H=1.00	image=0	bad=0
Z	carat/tables/qcatalog/dim5/dir.2-1,2-1;1/ordnung.8/(1)^1(4)^2(8)^2/min.77	10	2	2	method=1	log2H=1.00	image=0	bad=0
Z	carat/tables/qcatalog/dim5/dir.1,1;1;1;1/ordnung.4/(1)^1(4)^2(32)^1/min.69	20	6	6	method=1	log2H=4.00	image=0	bad=0
Z	carat/tables/qcatalog/dim5/dir.2-1;1,1,1/ordnung.16/(1)^1(2)^2(4)^1(12)^1/group.224	1	20	20	method=1	log2H=8.00	image=0	bad=0
Z	carat/tables/qcatalog/dim5/dir.1,1;1;1;1/ordnung.4/(1)^1(4)^2(32)^1/min.69	21	4	4	method=1	log2H=2.00	image=0	bad=0
Z	carat/tables/qcatalog/dim5/dir.1;1;1;1;1/ordnung.16/(1)^1(4)^4/group.219	14	22	22	method=1	log2H=7.00	image=0	bad=0
Z	carat/tables/qcatalog/dim5/dir.1,1;1;1;1/ordnung.4/(1)^1(4)^2(32)^1/min.69	22	3	3	method=1	log2H=2.00	image=0	bad=0
Z	carat/tables/qcatalog/dim5/dir.1,1;1;1;1/ordnung.4/(1)^1(4)^2(32)^1/min.69	23	1	1	method=0	log2H=0.00	image=0	bad=0
Z	carat/tables/qcatalog/dim5/dir.2-1;1,1,1/ordnung.16/(1)^1(2)^2(4)^1(12)^1/group.224	2	10	10	method=1	log2H=6.00	image=0	bad=0
Z	carat/tables/qcatalog/dim5/dir.1,1;1;1;1/ordnung.4/(1)^1(4)^2(32)^1/min.69	24	9	9	method=1	log2H=4.00	image=0	bad=0
Z	carat/tables/qcatalog/dim5/dir.1;1;1;1;1/ordnung.16/(1)^1(4)^2(8)^2/group.217	4	376	376	method=1	log2H=11.00	image=0	bad=0
Z	carat/tables/qcatalog/dim5/dir.1,1;1;1;1/ordnung.4/(1)^1(4)^2(32)^1/min.69	25	4	4	method=1	log2H=2.00	image=0	bad=0
Z	carat/tables/qcatalog/dim5/dir.1,1;1;1;1/ordnung.4/(1)^1(4)^2(32)^1/min.69	26	4	4	method=1	log2H=2.00	image=0	bad=0
Z	carat/tables/qcatalog/dim5/dir.1,1;1;1;1/ordnung.4/(1)^1(4)^2(32)^1/min.69	27	3	3	method=1	log2H=2.00	image=0	bad=0
Z	carat/tables/qcatalog/dim5/dir.1,1;1;1;1/ordnung.4/(1)^1(4)^2(32)^1/min.69	28	2	2	method=1	log2H=1.00	image=0	bad=0
Z	carat/tables/qcatalog/dim5/dir.1;1;1;1;1/ordnung.16/(1)^1(4)^4/group.219	15	27	27	method=1	log2H=7.00	image=0	bad=0
father: level 1 number of orbits 1 lengths 15
Z	carat/tables/qcatalog/dim5/dir.1;1;1;1;1/ordnung.8/(1)^1(4)^2(8)^2/min.72	1	162	162	method=1	log2H=10.00	image=0	bad=0
Z	carat/tables/qcatalog/dim5/dir.1,1,1,1;1/ordnung.4/(1)^1(16)^1/group.207	1	4	4	method=1	log2H=5.00	image=0	bad=0
Z	carat/tables/qcatalog/dim5/dir.1;1;1;1;1/ordnung.16/(1)^1(4)^2(8)^2/group.217	5	96	96	method=1	log2H=8.00	image=0	bad=0
Z	carat/tables/qcatalog/dim5/dir.1;1;1;1;1/ordnung.16/(1)^1(4)^4/group.219	16	36	36	method=1	log2H=11.00	image=0	bad=0
Z	carat/tables/qcatalog/dim5/dir.1,1,1,1;1/ordnung.4/(1)^1(16)^1/group.207	2	2	2	method=1	log2H=3.00	image=0	bad=0
father: level 1 number of orbits 1 lengths 1
father: level 1 number of orbits 2 lengths 3
father: level 1 number of orbits 3 lengths 3
father: level 1 number of orbits 4 lengths 3
father: level 2 number of orbits 1 lengths 3
father: level 2 number of orbits 1 lengths 6
Z	carat/tables/qcatalog/dim5/dir.1;1;1;1;1/ordnung.16/(1)^1(4)^2(8)^2/group.217	6	20	20	method=1	log2H=6.00	image=0	bad=0
Z	carat/tables/qcatalog/dim5/dir.2-1;1,1;1/ordnung.16/(1)^1(2)^2(4)^2(32)^1/group.229	1	80	80	method=1	log2H=8.00	image=0	bad=0
Z	carat/tables/qcatalog/dim5/dir.2-1;1,1;1/ordnung.16/(1)^1(2)^2(4)^2(32)^1/group.229	2	20	20	method=1	log2H=6.00	image=0	bad=0
father: level 1 number of orbits 1 lengths 7
Z	carat/tables/qcatalog/dim5/dir.2-1;1,1;1/ordnung.16/(1)^1(2)^2(4)^2(32)^1/group.229	3	36	36	method=1	log2H=6.00	image=0	bad=0
Z	carat/tables/qcatalog/dim5/dir.1;1;1;1;1/ordnung.16/(1)^1(4)^2(8)^2/group.217	7	33	33	method=1	log2H=8.00	image=0	bad=0
Z	carat/tables/qcatalog/dim5/dir.2-1;1,1,1/ordnung.4/(1)^1(4)^1(12)^1/min.80	1	1	1	method=0	log2H=0.00	image=0	bad=0
Z	carat/tables/qcatalog/dim5/dir.2-1;1,1,1/ordnung.4/(1)^1(4)^1(12)^1/min.80	2	1	1	method=0	log2H=0.00	image=0	bad=0
Z	carat/tables/qcatalog/dim5/dir.2-1;1,1;1/ordnung.16/(1)^1(2)^2(4)^2(32)^1/group.229	4	24	24	method=1	log2H=5.00	image=0	bad=0
Z	carat/tables/qcatalog/dim5/dir.2-1;1,1;1/ordnung.16/(1)^1(2)^2(4)^2(32)^1/group.229	5	12	12	method=1	log2H=4.00	image=0	bad=0
father: level 1 number of orbits 1 lengths 1
father: level 1 number of orbits 2 lengths 3
father: level 1 number of orbits 3 lengths 3
father: level 1 number of orbits 4 lengths 3
Z	carat/tables/qcatalog/dim5/dir.1;1;1;1;1/ordnung.8/(1)^1(4)^2(8)^2/min.72	2	56	56	method=1	log2H=7.00	image=0	bad=0
Z	carat/tables/qcatalog/dim5/dir.1;1;1;1;1/ordnung.16/(1)^1(4)^2(8)^2/group.217	8	11	11	method=1	log2H=6.00	image=0	bad=0
father: level 2 number of orbits 1 lengths 3
father: level 1 number of orbits 1 lengths 1
father: level 2 number of orbits 1 lengths 6
father: level 1 number of orbits 2 lengths 3
father: level 1 number of orbits 3 lengths 3
father: level 1 number of orbits 4 lengths 3
Z	carat/tables/qcatalog/dim5/dir.2-1;1,1;1/ordnung.16/(1)^1(2)^2(4)^2(32)^1/group.229	6	20	20	method=1	log2H=5.00	image=0	bad=0
father: level 2 number of orbits 1 lengths 3
father: level 2 number of orbits 1 lengths 6
Z	carat/tables/qcatalog/dim5/dir.2-1;1,1;1/ordnung.16/(1)^1(2)^2(4)^2(32)^1/group.229	7	6	6	method=1	log2H=3.00	image=0	bad=0
Z	carat/tables/qcatalog/dim5/dir.1;1;1;1;1/ordnung.8/(1)^1(4)^2(8)^2/min.72	3	72	72	method=1	log2H=7.00	image=0	bad=0
Z	carat/tables/qcatalog/dim5/dir.2-1;1,1;1/ordnung.16/(1)^1(2)^2(4)^2(8)^1/group.235	1	128	128	method=1	log2H=10.00	image=0	bad=0
Z	carat/tables/qcatalog/dim5/dir.2-1;1,1;1/ordnung.16/(1)^1(2)^2(4)^2(8)^1/group.233	1	160	160	method=1	log2H=9.00	image=0	bad=0
father: level 1 number of orbits 1 lengths 6
father: level 1 number of orbits 2 lengths 4
father: level 1 number of orbits 3 lengths 1
father: level 1 number of orbits 4 lengths 4
father: level 1 number of orbits 5 lengths 6
Z	carat/tables/qcatalog/dim5/dir.2-1;1,1;1/ordnung.16/(1)^1(2)^2(4)^2(8)^1/group.233	2	40	40	method=1	log2H=7.00	image=0	bad=0
father: level 1 number of orbits 6 lengths 4
father: level 1 number of orbits 7 lengths 1
father: level 2 number of orbits 1 lengths 4
father: level 2 number of orbits 2 lengths 3
father: level 2 number of orbits 3 lengths 6
Z	carat/tables/qcatalog/dim5/dir.1;1;1;1;1/ordnung.8/(1)^1(4)^2(8)^2/min.72	4	14	14	method=1	log2H=5.00	image=0	bad=0
Z	carat/tables/qcatalog/dim5/dir.2-1;1,1;1/ordnung.16/(1)^1(2)^2(4)^2(8)^1/group.233	3	72	72	method=1	log2H=7.00	image=0	bad=0
father: level 2 number of orbits 4 lengths 6
Z	carat/tables/qcatalog/dim5/dir.2-1;1,1;1/ordnung.16/(1)^1(2)^2(4)^2(8)^1/group.235	2	32	32	method=1	log2H=8.00	image=0	bad=0
father: level 2 number of orbits 5 lengths 12
father: level 2 number of orbits 6 lengths 12
Z	carat/tables/qcatalog/dim5/dir.2-1;1,1;1/ordnung.16/(1)^1(2)^2(4)^2(8)^1/group.235	3	52	52	method=1	log2H=7.00	image=0	bad=0
father: level 2 number of orbits 7 lengths 6
father: level 2 number of orbits 8 lengths 6
father: level 1 number of orbits 1 lengths 1
father: level 2 number of orbits 1 lengths 12
father: level 1 number of orbits 2 lengths 3
father: level 1 number of orbits 3 lengths 3
Z	carat/tables/qcatalog/dim5/dir.2-1;1,1;1/ordnung.16/(1)^1(2)^2(4)^2(8)^1/group.235	4	40	40	method=1	log2H=7.00	image=0	bad=0
father: level 1 number of orbits 4 lengths 3
father: level 2 number of orbits 2 lengths 4
father: level 2 number of orbits 1 lengths 3
Z	carat/tables/qcatalog/dim5/dir.2-1;1,1;1/ordnung.16/(1)^1(2)^2(4)^2(8)^1/group.233	4	40	40	method=1	log2H=6.00	image=0	bad=0
father: level 2 number of orbits 1 lengths 6
father: level 2 number of orbits 3 lengths 12
father: level 2 number of orbits 1 lengths 4
father: level 2 number of orbits 2 lengths 3
Z	carat/tables/qcatalog/dim5/dir.2-1;1,1;1/ordnung.16/(1)^1(2)^2(4)^2(8)^1/group.235	5	16	16	method=1	log2H=5.00	image=0	bad=0
father: level 1 number of orbits 1 lengths 1
father: level 1 number of orbits 2 lengths 3
father: level 1 number of orbits 3 lengths 3
father: level 1 number of orbits 4 lengths 3
father: level 2 number of orbits 1 lengths 3
father: level 3 number of orbits 1 lengths 1
father: level 2 number of orbits 1 lengths 6
father: level 3 number of orbits 2 lengths 4
father: level 3 number of orbits 3 lengths 4
father: level 1 number of orbits 1 lengths 1
father: level 1 number of orbits 2 lengths 3
father: level 1 number of orbits 3 lengths 3
Z	carat/tables/qcatalog/dim5/dir.2-1;1,1;1/ordnung.16/(1)^1(2)^2(4)^2(8)^1/group.235	6	34	34	method=1	log2H=7.00	image=0	bad=0
father: level 3 number of orbits 4 lengths 4
father: level 1 number of orbits 4 lengths 3
father: level 2 number of orbits 1 lengths 3
father: level 3 number of orbits 1 lengths 6
father: level 2 number of orbits 1 lengths 6
Z	carat/tables/qcatalog/dim5/dir.2-1;1,1;1/ordnung.16/(1)^1(4)^2(8)^1/group.237	1	80	80	method=1	log2H=8.00	image=0	bad=0
father: level 3 number of orbits 2 lengths 3
Z	carat/tables/qcatalog/dim5/dir.2-1;1,1;1/ordnung.16/(1)^1(2)^2(4)^2(8)^1/group.233	5	18	18	method=1	log2H=5.00	image=0	bad=0
father: level 3 number of orbits 1 lengths 6
father: level 1 number of orbits 1 lengths 1
Z	carat/tables/qcatalog/dim5/dir.2-1;1,1;1/ordnung.16/(1)^1(2)^2(4)^2(8)^1/group.235	7	10	10	method=1	log2H=4.00	image=0	bad=0
father: level 1 number of orbits 2 lengths 3
father: level 1 number of orbits 3 lengths 3
father: level 3 number of orbits 2 lengths 12
Z	carat/tables/qcatalog/dim5/dir.2-1;1,1;1/ordnung.16/(1)^1(4)^2(8)^1/group.237	2	20	20	method=1	log2H=6.00	image=0	bad=0
father: level 1 number of orbits 4 lengths 3
father: level 2 number of orbits 1 lengths 3
father: level 2 number of orbits 1 lengths 6
Z	carat/tables/qcatalog/dim5/dir.1;1;1;1;1/ordnung.8/(1)^1(4)^2(8)^2/min.72	5	72	72	method=1	log2H=7.00	image=0	bad=0
father: level 3 number of orbits 1 lengths 12
Z	carat/tables/qcatalog/dim5/dir.1;1;1;1;1/ordnung.16/(1)^1(4)^2(8)^2/group.217	9	408	408	method=1	log2H=11.00	image=0	bad=0
Z	carat/tables/qcatalog/dim5/dir.2-1;1,1;1/ordnung.16/(1)^1(4)^2(8)^1/group.237	3	36	36	method=1	log2H=6.00	image=0	bad=0
father: level 1 number of orbits 1 lengths 7
father: level 4 number of orbits 1 lengths 1
father: level 1 number of orbits 1 lengths 7
Z	carat/tables/qcatalog/dim5/dir.2-1;1,1;1/ordnung.16/(1)^1(2)^2(4)^2(8)^1/group.233	6	40	40	method=1	log2H=6.00	image=0	bad=0
Z	carat/tables/qcatalog/dim5/dir.2-1;1,1;1/ordnung.16/(1)^1(2)^2(4)^2(8)^1/group.231	1	80	80	method=1	log2H=8.00	image=0	bad=0
father: level 1 number of orbits 1 lengths 7
Z	carat/tables/qcatalog/dim5/dir.2-1;1,1;1/ordnung.16/(1)^1(4)^2(8)^1/group.237	4	24	24	method=1	log2H=5.00	image=0	bad=0
Z	carat/tables/qcatalog/dim5/dir.2-1;1,1,1/ordnung.8/(1)^1(2)^2(4)^1(12)^1/group.226	1	6	6	method=1	log2H=7.00	image=0	bad=0
Z	carat/tables/qcatalog/dim5/dir.2-1;1,1;1/ordnung.4/(1)^1(4)^2(32)^1/min.81	1	3	3	method=1	log2H=2.00	image=0	bad=0
Z	carat/tables/qcatalog/dim5/dir.2-1;1,1;1/ordnung.4/(1)^1(4)^2(32)^1/min.81	2	2	2	method=1	log2H=1.00	image=0	bad=0
Z	carat/tables/qcatalog/dim5/dir.2-1;1,1;1/ordnung.16/(1)^1(2)^2(4)^2(8)^1/group.231	2	20	20	method=1	log2H=6.00	image=0	bad=0
Z	carat/tables/qcatalog/dim5/dir.2-1;1,1;1/ordnung.16/(1)^1(4)^2(8)^1/group.237	5	12	12	method=1	log2H=4.00	image=0	bad=0
Z	carat/tables/qcatalog/dim5/dir.2-1;1,1;1/ordnung.4/(1)^1(4)^2(32)^1/min.81	3	3	3	method=1	log2H=2.00	image=0	bad=0
Z	carat/tables/qcatalog/dim5/dir.2-1;1,1,1/ordnung.8/(1)^1(2)^2(4)^1(12)^1/group.226	2	4	4	method=1	log2H=5.00	image=0	bad=0
Z	carat/tables/qcatalog/dim5/dir.2-1;1,1,1/ordnung.8/(1)^1(2)^2(4)^1(12)^1/group.227	1	4	4	method=1	log2H=4.00	image=0	bad=0
Z	carat/tables/qcatalog/dim5/dir.2-1;1,1;1/ordnung.4/(1)^1(4)^2(32)^1/min.81	4	2	2	method=1	log2H=1.00	image=0	bad=0
Z	carat/tables/qcatalog/dim5/dir.2-1;1,1;1/ordnung.4/(1)^1(4)^2(32)^1/min.81	5	2	2	method=1	log2H=1.00	image=0	bad=0
Z	carat/tables/qcatalog/dim5/dir.2-1;1,1;1/ordnung.16/(1)^1(2)^2(4)^2(8)^1/group.233	7	12	12	method=1	log2H=4.00	image=0	bad=0
Z	carat/tables/qcatalog/dim5/dir.2-1;1,1;1/ordnung.4/(1)^1(4)^2(32)^1/min.81	6	2	2	method=1	log2H=1.00	image=0	bad=0
Z	carat/tables/qcatalog/dim5/dir.2-1;1,1;1/ordnung.16/(1)^1(4)^2(8)^1/group.237	6	20	20	method=1	log2H=5.00	image=0	bad=0
Z	carat/tables/qcatalog/dim5/dir.2-1;1,1;1/ordnung.16/(1)^1(2)^2(4)^2(8)^1/group.231	3	36	36	method=1	log2H=6.00	image=0	bad=0
Z	carat/tables/qcatalog/dim5/dir.2-1;1,1,1/ordnung.8/(1)^1(2)^2(4)^1(12)^1/group.227	2	3	3	method=1	log2H=3.00	image=0	bad=0
Z	carat/tables/qcatalog/dim5/dir.2-1;1,1;1/ordnung.4/(1)^1(4)^2(32)^1/min.81	7	2	2	method=1	log2H=1.00	image=0	bad=0
Z	carat/tables/qcatalog/dim5/dir.2-1;1,1;1/ordnung.4/(1)^1(4)^2(32)^1/min.81	8	1	1	method=0	log2H=0.00	image=0	bad=0
Z	carat/tables/qcatalog/dim5/dir.2-1;1,1,1/ordnung.8/(1)^1(2)^2(4)^1(12)^1/group.227	3	4	4	method=1	log2H=4.00	image=0	bad=0
Z	carat/tables/qcatalog/dim5/dir.1;1;1;1;1/ordnung.8/(1)^1(4)^2(8)^2/min.72	6	24	24	method=1	log2H=5.00	image=0	bad=0
Z	carat/tables/qcatalog/dim5/dir.2-1;1,1;1/ordnung.16/(1)^1(2)^2(4)^2(8)^1/group.231	4	24	24	method=1	log2H=5.00	image=0	bad=0
Z	carat/tables/qcatalog/dim5/dir.2-1;1,1;1/ordnung.16/(1)^1(4)^2(8)^1/group.237	7	6	6	method=1	log2H=3.00	image=0	bad=0
Z	carat/tables/qcatalog/dim5/dir.2-1;1,1,1/ordnung.8/(1)^1(2)^2(4)^1(12)^1/group.227	4	3	3	method=1	log2H=3.00	image=0	bad=0
Z	carat/tables/qcatalog/dim5/dir.2-1;1,1;1/ordnung.16/(1)^1(2)^2(4)^2(8)^1/group.231	5	9	9	method=1	log2H=4.00	image=0	bad=0
Z	carat/tables/qcatalog/dim5/dir.2-1;1,1;1/ordnung.16/(1)^1(2)^2(4)^2(8)^1/group.231	6	24	24	method=1	log2H=5.00	image=0	bad=0
Z	carat/tables/qcatalog/dim5/dir.2-1;1,1;1/ordnung.16/(1)^1(2)^2(4)^2(8)^1/group.231	7	8	8	method=1	log2H=3.00	image=0	bad=0
Z	carat/tables/qcatalog/dim5/dir.2-1;1,1;1/ordnung.16/(1)^1(2)^2(4)^2(8)^1/group.231	8	80	80	method=1	log2H=8.00	image=0	bad=0
father: level 1 number of orbits 1 lengths 1
father: level 1 number of orbits 2 lengths 3
father: level 1 number of orbits 3 lengths 3
father: level 1 number of orbits 4 lengths 3
father: level 2 number of orbits 1 lengths 3
father: level 2 number of orbits 1 lengths 6
Z	carat/tables/qcatalog/dim5/dir.2-1;1,1;1/ordnung.16/(1)^1(2)^2(4)^2(8)^1/group.231	9	20	20	method=1	log2H=6.00	image=0	bad=0
Z	carat/tables/qcatalog/dim5/dir.1;1;1;1;1/ordnung.8/(1)^1(4)^2(8)^2/min.72	7	20	20	method=1	log2H=5.00	image=0	bad=0
Z	carat/tables/qcatalog/dim5/dir.2-1;1,1;1/ordnung.16/(1)^1(2)^2(4)^2(8)^1/group.231	10	36	36	method=1	log2H=6.00	image=0	bad=0
Z	carat/tables/qcatalog/dim5/dir.2-1;1,1;1/ordnung.16/(1)^1(2)^2(4)^2(8)^1/group.231	11	24	24	method=1	log2H=5.00	image=0	bad=0
father: level 1 number of orbits 1 lengths 1
father: level 1 number of orbits 2 lengths 3
father: level 1 number of orbits 3 lengths 3
father: level 1 number of orbits 4 lengths 3
father: level 2 number of orbits 1 lengths 3
father: level 2 number of orbits 1 lengths 6
Z	carat/tables/qcatalog/dim5/dir.2-1;1,1;1/ordnung.16/(1)^1(2)^2(4)^2(8)^1/group.231	12	12	12	method=1	log2H=4.00	image=0	bad=0
father: level 1 number of orbits 1 lengths 1
father: level 1 number of orbits 1 lengths 1
father: level 1 number of orbits 2 lengths 3
father: level 1 number of orbits 2 lengths 3
father: level 1 number of orbits 3 lengths 3
father: level 1 number of orbits 3 lengths 3
father: level 1 number of orbits 4 lengths 3
father: level 1 number of orbits 4 lengths 3
father: level 2 number of orbits 1 lengths 3
father: level 2 number of orbits 1 lengths 3
father: level 2 number of orbits 1 lengths 6
Z	carat/tables/qcatalog/dim5/dir.2-1;1,1;1/ordnung.16/(1)^1(2)^2(4)^2(8)^1/group.231	13	20	20	method=1	log2H=5.00	image=0	bad=0
father: level 2 number of orbits 1 lengths 6
father: level 3 number of orbits 1 lengths 12
Z	carat/tables/qcatalog/dim5/dir.1;1;1;1;1/ordnung.8/(1)^1(4)^2(8)^2/min.72	8	10	10	method=1	log2H=4.00	image=0	bad=0
Z	carat/tables/qcatalog/dim5/dir.2-1;1,1;1/ordnung.16/(1)^1(2)^2(4)^2(8)^1/group.231	14	6	6	method=1	log2H=3.00	image=0	bad=0
father: level 3 number of orbits 1 lengths 12
Z	carat/tables/qcatalog/dim5/dir.2-1;1,1;1/ordnung.16/(1)^1(2)^2(4)^2(8)^1/group.236	1	240	240	method=1	log2H=10.00	image=0	bad=0
Z	carat/tables/qcatalog/dim5/dir.2-1;1,1;1/ordnung.4/(1)^1(4)^2(32)^1/min.82	1	3	3	method=1	log2H=4.00	image=0	bad=0
Z	carat/tables/qcatalog/dim5/dir.1;1;1;1;1/ordnung.16/(1)^1(4)^2(8)^2/group.217	10	576	576	method=1	log2H=11.00	image=0	bad=0
Z	carat/tables/qcatalog/dim5/dir.2-1;1,1;1/ordnung.4/(1)^1(4)^2(32)^1/min.82	2	3	3	method=1	log2H=4.00	image=0	bad=0
Z	carat/tables/qcatalog/dim5/dir.2-1;1,1;1/ordnung.4/(1)^1(4)^2(32)^1/min.82	3	4	4	method=1	log2H=3.00	image=0	bad=0
Z	carat/tables/qcatalog/dim5/dir.2-1;1,1;1/ordnung.4/(1)^1(4)^2(32)^1/min.82	4	4	4	method=1	log2H=3.00	image=0	bad=0
Z	carat/tables/qcatalog/dim5/dir.2-1;1,1;1/ordnung.4/(1)^1(4)^2(32)^1/min.82	5	4	4	method=1	log2H=3.00	image=0	bad=0
Z	carat/tables/qcatalog/dim5/dir.2-1;1,1;1/ordnung.16/(1)^1(2)^2(4)^2(8)^1/group.236	2	60	60	method=1	log2H=8.00	image=0	bad=0
Z	carat/tables/qcatalog/dim5/dir.2-1;1,1;1/ordnung.4/(1)^1(4)^2(32)^1/min.82	6	4	4	method=1	log2H=3.00	image=0	bad=0
Z	carat/tables/qcatalog/dim5/dir.2-1;1,1;1/ordnung.4/(1)^1(4)^2(32)^1/min.82	7	4	4	method=1	log2H=2.00	image=0	bad=0
Z	carat/tables/qcatalog/dim5/dir.2-1;1,1;1/ordnung.4/(1)^1(4)^2(32)^1/min.82	8	3	3	method=1	log2H=2.00	image=0	bad=0
Z	carat/tables/qcatalog/dim5/dir.2-1;1,1;1/ordnung.16/(1)^1(2)^2(4)^2(8)^1/group.236	3	120	120	method=1	log2H=8.00	image=0	bad=0
father: level 1 number of orbits 1 lengths 1
Z	carat/tables/qcatalog/dim5/dir.1;1;1;1;1/ordnung.8/(1)^1(4)^2(8)^2/min.72	9	13	13	method=1	log2H=5.00	image=0	bad=0
father: level 1 number of orbits 2 lengths 3
father: level 1 number of orbits 3 lengths 3
Z	carat/tables/qcatalog/dim5/dir.1;1;1;1;1/ordnung.16/(1)^1(4)^2(8)^2/group.217	11	80	80	method=1	log2H=7.00	image=0	bad=0
Z	carat/tables/qcatalog/dim5/dir.2-1;1,1;1/ordnung.16/(1)^1(2)^2(4)^2(8)^1/group.236	4	80	80	method=1	log2H=7.00	image=0	bad=0
father: level 1 number of orbits 4 lengths 3
father: level 2 number of orbits 1 lengths 3
father: level 2 number of orbits 1 lengths 6
Z	carat/tables/qcatalog/dim5/dir.2-1;1,1;1/ordnung.16/(1)^1(2)^2(4)^2(32)^1/group.230	1	80	80	method=1	log2H=8.00	image=0	bad=0
Z	carat/tables/qcatalog/dim5/dir.2-1;1,1;1/ordnung.16/(1)^1(2)^2(4)^2(8)^1/group.236	5	36	36	method=1	log2H=6.00	image=0	bad=0
Z	carat/tables/qcatalog/dim5/dir.2-1;1,1;1/ordnung.16/(1)^1(2)^2(4)^2(8)^1/group.236	6	72	72	method=1	log2H=7.00	image=0	bad=0
Z	carat/tables/qcatalog/dim5/dir.2-1;1,1;1/ordnung.16/(1)^1(2)^2(4)^2(32)^1/group.230	2	20	20	method=1	log2H=6.00	image=0	bad=0
Z	carat/tables/qcatalog/dim5/dir.1;1;1;1;1/ordnung.8/(1)^1(4)^2(8)^2/min.72	10	6	6	method=1	log2H=4.00	image=0	bad=0
father: level 1 number of orbits 1 lengths 1
Z	carat/tables/qcatalog/dim5/dir.2-1;1,1;1/ordnung.16/(1)^1(2)^2(4)^2(8)^1/group.236	7	24	24	method=1	log2H=5.00	image=0	bad=0
father: level 1 number of orbits 2 lengths 3
father: level 1 number of orbits 3 lengths 3
father: level 1 number of orbits 4 lengths 3
father: level 2 number of orbits 1 lengths 3
father: level 2 number of orbits 1 lengths 6
Z	carat/tables/qcatalog/dim5/dir.2-1;1,1;1/ordnung.32/(1)^1(2)^2(4)^2(8)^1/group.238	1	960	960	method=1	log2H=12.00	image=0	bad=0
father: level 1 number of orbits 1 lengths 1
father: level 1 number of orbits 2 lengths 3
father: level 1 number of orbits 3 lengths 3
father: level 1 number of orbits 4 lengths 3
father: level 2 number of orbits 1 lengths 3
father: level 1 number of orbits 1 lengths 1
father: level 1 number of orbits 1 lengths 1
Z	carat/tables/qcatalog/dim5/dir.2-1;1,1;1/ordnung.16/(1)^1(2)^2(4)^2(32)^1/group.230	3	36	36	method=1	log2H=6.00	image=0	bad=0
father: level 2 number of orbits 1 lengths 6
father: level 1 number of orbits 2 lengths 3
father: level 1 number of orbits 2 lengths 3
father: level 1 number of orbits 3 lengths 3
father: level 1 number of orbits 4 lengths 3
father: level 1 number of orbits 3 lengths 3
father: level 2 number of orbits 1 lengths 3
father: level 1 number of orbits 4 lengths 3
father: level 1 number of orbits 1 lengths 7
father: level 2 number of orbits 1 lengths 6
father: level 2 number of orbits 1 lengths 3
Z	carat/tables/qcatalog/dim5/dir.2-1;1,1;1/ordnung.16/(1)^1(2)^2(4)^2(32)^1/group.230	4	32	32	method=1	log2H=6.00	image=0	bad=0
father: level 2 number of orbits 1 lengths 6
Z	carat/tables/qcatalog/dim5/dir.2-1;1,1;1/ordnung.32/(1)^1(2)^2(4)^2(8)^1/group.238	2	120	120	method=1	log2H=9.00	image=0	bad=0
Z	carat/tables/qcatalog/dim5/dir.2-1;1,1,1/ordnung.8/(1)^1(4)^1(12)^1/group.228	1	4	4	method=1	log2H=4.00	image=0	bad=0
father: level 3 number of orbits 1 lengths 12
Z	carat/tables/qcatalog/dim5/dir.2-1;1,1,1/ordnung.8/(1)^1(4)^1(12)^1/group.228	2	3	3	method=1	log2H=3.00	image=0	bad=0
Z	carat/tables/qcatalog/dim5/dir.2-1;1,1;1/ordnung.16/(1)^1(2)^2(4)^2(32)^1/group.230	5	26	26	method=1	log2H=6.00	image=0	bad=0
Z	carat/tables/qcatalog/dim5/dir.1;1;1;1;1/ordnung.8/(1)^1(4)^2(8)^2/min.72	11	44	44	method=1	log2H=7.00	image=0	bad=0
father: level 1 number of orbits 1 lengths 1
Z	carat/tables/qcatalog/dim5/dir.2-1;1,1;1/ordnung.16/(1)^1(2)^2(4)^2(8)^1/group.232	1	120	120	method=1	log2H=9.00	image=0	bad=0
Z	carat/tables/qcatalog/dim5/dir.2-1;1,1;1/ordnung.16/(1)^1(2)^2(4)^2(8)^1/group.234	1	80	80	method=1	log2H=8.00	image=0	bad=0
father: level 1 number of orbits 2 lengths 3
father: level 1 number of orbits 3 lengths 3
Z	carat/tables/qcatalog/dim5/dir.2-1;1,1;1/ordnung.32/(1)^1(2)^2(4)^2(8)^1/group.238	3	240	240	method=1	log2H=9.00	image=0	bad=0
Z	carat/tables/qcatalog/dim5/dir.2-1;1,1;1/ordnung.16/(1)^1(2)^2(4)^2(32)^1/group.230	6	20	20	method=1	log2H=5.00	image=0	bad=0
father: level 1 number of orbits 4 lengths 3
father: level 2 number of orbits 1 lengths 3
Z	carat/tables/qcatalog/dim5/dir.2-1;1,1;1/ordnung.16/(1)^1(2)^2(4)^2(8)^1/group.232	2	20	20	method=1	log2H=6.00	image=0	bad=0
father: level 2 number of orbits 1 lengths 6
Z	carat/tables/qcatalog/dim5/dir.2-1;1,1;1/ordnung.16/(1)^1(2)^2(4)^2(8)^1/group.234	2	20	20	method=1	log2H=6.00	image=0	bad=0
Z	carat/tables/qcatalog/dim5/dir.2-1;1,1;1/ordnung.16/(1)^1(2)^2(4)^2(32)^1/group.230	7	10	10	method=1	log2H=4.00	image=0	bad=0
Z	carat/tables/qcatalog/dim5/dir.2-1;1,1;1/ordnung.32/(1)^1(2)^2(4)^2(8)^1/group.238	4	160	160	method=1	log2H=8.00	image=0	bad=0
Z	carat/tables/qcatalog/dim5/dir.2-1;1,1;1/ordnung.16/(1)^1(2)^2(4)^2(8)^1/group.234	3	40	40	method=1	log2H=6.00	image=0	bad=0
Z	carat/tables/qcatalog/dim5/dir.1;1;1;1;1/ordnung.32/(1)^1(4)^4/group.221	2	3272	3272	method=1	log2H=15.00	image=0	bad=0
Z	carat/tables/qcatalog/dim5/dir.2-1;1,1;1/ordnung.16/(1)^1(2)^2(4)^2(8)^1/group.234	4	24	24	method=1	log2H=5.00	image=0	bad=0
Z	carat/tables/qcatalog/dim5/dir.2-1;1,1;1/ordnung.16/(1)^1(2)^2(4)^2(8)^1/group.232	3	54	54	method=1	log2H=7.00	image=0	bad=0
Z	carat/tables/qcatalog/dim5/dir.2-1;1,1;1/ordnung.32/(1)^1(2)^2(4)^2(8)^1/group.238	5	36	36	method=1	log2H=6.00	image=0	bad=0
Z	carat/tables/qcatalog/dim5/dir.2-1;1,1;1/ordnung.16/(1)^1(2)^2(4)^2(32)^1/group.230	8	80	80	method=1	log2H=8.00	image=0	bad=0
Z	carat/tables/qcatalog/dim5/dir.2-1;1,1;1/ordnung.16/(1)^1(2)^2(4)^2(8)^1/group.234	5	12	12	method=1	log2H=4.00	image=0	bad=0
Z	carat/tables/qcatalog/dim5/dir.2-1;1,1;1/ordnung.8/(1)^1(2)^2(4)^2(32)^1/group.239	1	20	20	method=1	log2H=6.00	image=0	bad=0
Z	carat/tables/qcatalog/dim5/dir.1;1;1;1;1/ordnung.8/(1)^1(4)^2(8)^2/min.72	12	80	80	method=1	log2H=7.00	image=0	bad=0
Z	carat/tables/qcatalog/dim5/dir.2-1;1,1;1/ordnung.16/(1)^1(2)^2(4)^2(8)^1/group.234	6	20	20	method=1	log2H=5.00	image=0	bad=0
Z	carat/tables/qcatalog/dim5/dir.2-1;1,1;1/ordnung.8/(1)^1(2)^2(4)^2(32)^1/group.239	2	10	10	method=1	log2H=5.00	image=0	bad=0
Z	carat/tables/qcatalog/dim5/dir.2-1;1,1;1/ordnung.16/(1)^1(2)^2(4)^2(8)^1/group.232	4	40	40	method=1	log2H=6.00	image=0	bad=0
Z	carat/tables/qcatalog/dim5/dir.2-1;1,1;1/ordnung.32/(1)^1(2)^2(4)^2(8)^1/group.238	6	144	144	method=1	log2H=8.00	image=0	bad=0
Z	carat/tables/qcatalog/dim5/dir.2-1;1,1;1/ordnung.8/(1)^1(2)^2(4)^2(32)^1/group.239	3	18	18	method=1	log2H=5.00	image=0	bad=0
Z	carat/tables/qcatalog/dim5/dir.2-1;1,1;1/ordnung.16/(1)^1(2)^2(4)^2(8)^1/group.234	7	8	8	method=1	log2H=3.00	image=0	bad=0
Z	carat/tables/qcatalog/dim5/dir.2-1;1,1;1/ordnung.16/(1)^1(2)^2(4)^2(32)^1/group.230	9	20	20	method=1	log2H=6.00	image=0	bad=0
Z	carat/tables/qcatalog/dim5/dir.2-1;1,1;1/ordnung.8/(1)^1(2)^2(4)^2(32)^1/group.239	4	16	16	method=1	log2H=5.00	image=0	bad=0
Z	carat/tables/qcatalog/dim5/dir.1;1;1;1;1/ordnung.8/(1)^1(4)^2(8)^2/min.72	13	12	12	method=1	log2H=4.00	image=0	bad=0
Z	carat/tables/qcatalog/dim5/dir.2-1;1,1;1/ordnung.8/(1)^1(2)^2(4)^2(32)^1/group.239	5	12	12	method=1	log2H=4.00	image=0	bad=0
Z	carat/tables/qcatalog/dim5/dir.2-1;1,1;1/ordnung.16/(1)^1(2)^2(4)^2(8)^1/group.234	8	80	80	method=1	log2H=8.00	image=0	bad=0
Z	carat/tables/qcatalog/dim5/dir.2-1;1,1;1/ordnung.16/(1)^1(2)^2(4)^2(8)^1/group.232	5	12	12	method=1	log2H=4.00	image=0	bad=0
Z	carat/tables/qcatalog/dim5/dir.2-1;1,1;1/ordnung.16/(1)^1(2)^2(4)^2(32)^1/group.230	10	36	36	method=1	log2H=6.00	image=0	bad=0
Z	carat/tables/qcatalog/dim5/dir.2-1;1,1;1/ordnung.8/(1)^1(2)^2(4)^2(32)^1/group.239	6	13	13	method=1	log2H=5.00	image=0	bad=0
Z	carat/tables/qcatalog/dim5/dir.2-1;1,1;1/ordnung.16/(1)^1(2)^2(4)^2(8)^1/group.234	9	20	20	method=1	log2H=6.00	image=0	bad=0
Z	carat/tables/qcatalog/dim5/dir.1;1;1;1;1/ordnung.16/(1)^1(4)^2(8)^2/group.217	12	80	80	method=1	log2H=7.00	image=0	bad=0
Z	carat/tables/qcatalog/dim5/dir.1;1;1;1;1/ordnung.8/(1)^1(4)^2(8)^2/min.72	14	12	12	method=1	log2H=4.00	image=0	bad=0
father: level 1 number of orbits 1 lengths 21
Z	carat/tables/qcatalog/dim5/dir.2-1;1,1;1/ordnung.16/(1)^1(2)^2(4)^2(32)^1/group.230	11	32	32	method=1	log2H=6.00	image=0	bad=0
Z	carat/tables/qcatalog/dim5/dir.2-1;1,1;1/ordnung.16/(1)^1(2)^2(4)^2(8)^1/group.234	10	36	36	method=1	log2H=6.00	image=0	bad=0
Z	carat/tables/qcatalog/dim5/dir.2-1;1,1;1/ordnung.16/(1)^1(2)^2(4)^2(8)^1/group.232	6	32	32	method=1	log2H=6.00	image=0	bad=0
Z	carat/tables/qcatalog/dim5/dir.2-1;1,1;1/ordnung.8/(1)^1(2)^2(4)^2(32)^1/group.239	7	10	10	method=1	log2H=4.00	image=0	bad=0
Z	carat/tables/qcatalog/dim5/dir.2-1;1,1;1/ordnung.32/(1)^1(2)^2(4)^2(8)^1/group.238	7	24	24	method=1	log2H=5.00	image=0	bad=0
father: level 2 number of orbits 1 lengths 42
Z	carat/tables/qcatalog/dim5/dir.2-1;1,1;1/ordnung.8/(1)^1(2)^2(4)^2(32)^1/group.239	8	6	6	method=1	log2H=3.00	image=0	bad=0
Z	carat/tables/qcatalog/dim5/dir.2-1;1,1;1/ordnung.16/(1)^1(2)^2(4)^2(8)^1/group.234	11	24	24	method=1	log2H=5.00	image=0	bad=0
Z	carat/tables/qcatalog/dim5/dir.2-1;1,1;1/ordnung.16/(1)^1(2)^2(4)^2(8)^1/group.232	7	10	10	method=1	log2H=4.00	image=0	bad=0
father: level 1 number of orbits 1 lengths 1
Z	carat/tables/qcatalog/dim5/dir.2-1;1,1;1/ordnung.16/(1)^1(2)^2(4)^2(32)^1/group.230	12	12	12	method=1	log2H=4.00	image=0	bad=0
father: level 1 number of orbits 2 lengths 3
father: level 1 number of orbits 3 lengths 3
father: level 1 number of orbits 4 lengths 3
father: level 2 number of orbits 1 lengths 3
Z	carat/tables/qcatalog/dim5/dir.2-1;1,1;1/ordnung.8/(1)^1(2)^2(4)^2(32)^1/group.239	9	20	20	method=1	log2H=6.00	image=0	bad=0
father: level 2 number of orbits 1 lengths 6
Z	carat/tables/qcatalog/dim5/dir.1;1;1;1;1/ordnung.8/(1)^1(4)^2(8)^2/min.72	15	10	10	method=1	log2H=4.00	image=0	bad=0
Z	carat/tables/qcatalog/dim5/dir.2-1;1,1;1/ordnung.16/(1)^1(2)^2(4)^2(8)^1/group.234	12	12	12	method=1	log2H=4.00	image=0	bad=0
Z	carat/tables/qcatalog/dim5/dir.2-1;1,1;1/ordnung.8/(1)^1(2)^2(4)^2(32)^1/group.239	10	10	10	method=1	log2H=5.00	image=0	bad=0
Z	carat/tables/qcatalog/dim5/dir.1;1;1;1;1/ordnung.32/(1)^1(4)^4/group.221	3	344	344	method=1	log2H=11.00	image=0	bad=0
Z	carat/tables/qcatalog/dim5/dir.2-1;1,1;1/ordnung.16/(1)^1(2)^2(4)^2(32)^1/group.230	13	26	26	method=1	log2H=6.00	image=0	bad=0
father: level 1 number of orbits 1 lengths 1
father: level 1 number of orbits 2 lengths 3
father: level 1 number of orbits 3 lengths 3
Z	carat/tables/qcatalog/dim5/dir.2-1;1,1;1/ordnung.8/(1)^1(2)^2(4)^2(32)^1/group.239	11	18	18	method=1	log2H=5.00	image=0	bad=0
father: level 1 number of orbits 4 lengths 3
father: level 2 number of orbits 1 lengths 3
Z	carat/tables/qcatalog/dim5/dir.2-1;1,1;1/ordnung.16/(1)^1(2)^2(4)^2(8)^1/group.234	13	20	20	method=1	log2H=5.00	image=0	bad=0
father: level 2 number of orbits 1 lengths 6
Z	carat/tables/qcatalog/dim5/dir.2-1;1,1;1/ordnung.8/(1)^1(2)^2(4)^2(32)^1/min.83	1	24	24	method=1	log2H=7.00	image=0	bad=0
Z	carat/tables/qcatalog/dim5/dir.2-1;1,1;1/ordnung.8/(1)^1(2)^2(4)^2(32)^1/group.239	12	16	16	method=1	log2H=5.00	image=0	bad=0
Z	carat/tables/qcatalog/dim5/dir.2-1;1,1;1/ordnung.8/(1)^1(2)^2(4)^2(32)^1/min.83	2	12	12	method=1	log2H=6.00	image=0	bad=0
Z	carat/tables/qcatalog/dim5/dir.2-1;1,1;1/ordnung.8/(1)^1(2)^2(4)^2(32)^1/group.239	13	13	13	method=1	log2H=5.00	image=0	bad=0
Z	carat/tables/qcatalog/dim5/dir.2-1;1,1;1/ordnung.16/(1)^1(2)^2(4)^2(8)^1/group.234	14	6	6	method=1	log2H=3.00	image=0	bad=0
Z	carat/tables/qcatalog/dim5/dir.2-1;1,1;1/ordnung.8/(1)^1(2)^2(4)^2(32)^1/min.83	3	16	16	method=1	log2H=5.00	image=0	bad=0
Z	carat/tables/qcatalog/dim5/dir.2-1;1,1;1/ordnung.8/(1)^1(2)^2(4)^2(32)^1/group.239	14	12	12	method=1	log2H=4.00	image=0	bad=0
Z	carat/tables/qcatalog/dim5/dir.2-1;1,1;1/ordnung.16/(1)^1(2)^2(4)^2(32)^1/group.230	14	10	10	method=1	log2H=4.00	image=0	bad=0
Z	carat/tables/qcatalog/dim5/dir.2-1;1,1;1/ordnung.8/(1)^1(2)^2(4)^2(32)^1/min.83	4	10	10	method=1	log2H=5.00	image=0	bad=0
Z	carat/tables/qcatalog/dim5/dir.2-1;1,1;1/ordnung.8/(1)^1(2)^2(4)^2(32)^1/min.85	1	30	30	method=1	log2H=7.00	image=0	bad=0
Z	carat/tables/qcatalog/dim5/dir.2-1;1,1;1/ordnung.8/(1)^1(2)^2(4)^2(32)^1/group.239	15	10	10	method=1	log2H=4.00	image=0	bad=0
Z	carat/tables/qcatalog/dim5/dir.2-1;1,1;1/ordnung.8/(1)^1(2)^2(4)^2(32)^1/min.85	2	10	10	method=1	log2H=5.00	image=0	bad=0
Z	carat/tables/qcatalog/dim5/dir.1;1;1;1;1/ordnung.32/(1)^1(4)^4/group.221	4	38	38	method=1	log2H=8.00	image=0	bad=0
Z	carat/tables/qcatalog/dim5/dir.1;1;1;1;1/ordnung.16/(1)^1(4)^2(8)^2/group.217	13	46	46	method=1	log2H=7.00	image=0	bad=0
Z	carat/tables/qcatalog/dim5/dir.2-1;1,1;1/ordnung.16/(1)^1(2)^2(4)^2(32)^1/group.230	15	6	6	method=1	log2H=3.00	image=0	bad=0
Z	carat/tables/qcatalog/dim5/dir.2-1;1,1;1/ordnung.8/(1)^1(2)^2(4)^2(32)^1/min.83	5	8	8	method=1	log2H=4.00	image=0	bad=0
Z	carat/tables/qcatalog/dim5/dir.2-1;1,1;1/ordnung.8/(1)^1(2)^2(4)^2(32)^1/min.85	3	27	27	method=1	log2H=6.00	image=0	bad=0
Z	carat/tables/qcatalog/dim5/dir.1,1,1;1,1/ordnung.2/(1)^1(24)^1/min.61	1	2	2	method=1	log2H=2.00	image=0	bad=0
Z	carat/tables/qcatalog/dim5/dir.2-1;1,1;1/ordnung.8/(1)^1(2)^2(4)^2(32)^1/min.85	4	20	20	method=1	log2H=5.00	image=0	bad=0
Z	carat/tables/qcatalog/dim5/dir.2-1;1,1;1/ordnung.8/(1)^1(2)^2(4)^2(32)^1/min.83	6	10	10	method=1	log2H=5.00	image=0	bad=0
Z	carat/tables/qcatalog/dim5/dir.1,1,1;1,1/ordnung.2/(1)^1(24)^1/min.61	2	2	2	method=1	log2H=1.00	image=0	bad=0
Z	carat/tables/qcatalog/dim5/dir.2-1;1,1;1/ordnung.8/(1)^1(2)^2(4)^2(32)^1/min.83	7	5	5	method=1	log2H=3.00	image=0	bad=0
Z	carat/tables/qcatalog/dim5/dir.2-1;1,1;1/ordnung.8/(1)^1(2)^2(4)^2(32)^1/min.85	5	12	12	method=1	log2H=4.00	image=0	bad=0
Z	carat/tables/qcatalog/dim5/dir.1;1;1;1;1/ordnung.32/(1)^1(4)^4/group.221	5	7	7	method=1	log2H=6.00	image=0	bad=0
Z	carat/tables/qcatalog/dim5/dir.2-1;1,1;1/ordnung.8/(1)^1(2)^2(4)^2(32)^1/min.85	6	16	16	method=1	log2H=5.00	image=0	bad=0
Z	carat/tables/qcatalog/dim5/dir.1,1,1;1,1/ordnung.2/(1)^1(24)^1/min.61	3	1	1	method=0	log2H=0.00	image=0	bad=0
Z	carat/tables/qcatalog/dim5/dir.2-1;1,1;1/ordnung.8/(1)^1(2)^2(4)^2(32)^1/min.85	7	10	10	method=1	log2H=4.00	image=0	bad=0
Z	carat/tables/qcatalog/dim5/dir.1;1;1;1;1/ordnung.8/(1)^1(4)^2(8)^2/min.72	16	12	12	method=1	log2H=4.00	image=0	bad=0
father: level 1 number of orbits 1 lengths 1
father: level 1 number of orbits 2 lengths 3
father: level 1 number of orbits 3 lengths 3
father: level 1 number of orbits 4 lengths 3
father: level 2 number of orbits 1 lengths 3
father: level 2 number of orbits 1 lengths 6
father: level 1 number of orbits 1 lengths 1
father: level 1 number of orbits 2 lengths 3
father: level 1 number of orbits 3 lengths 3
father: level 1 number of orbits 4 lengths 3
father: level 2 number of orbits 1 lengths 3
father: level 2 number of orbits 1 lengths 6
father: level 3 number of orbits 1 lengths 12
Z	carat/tables/qcatalog/dim5/dir.1;1;1;1;1/ordnung.8/(1)^1(4)^2(8)^2/min.72	17	4	4	method=1	log2H=2.00	image=0	bad=0
father: level 1 number of orbits 1 lengths 1
father: level 1 number of orbits 2 lengths 3
father: level 1 number of orbits 3 lengths 3
father: level 1 number of orbits 4 lengths 3
father: level 2 number of orbits 1 lengths 3
father: level 2 number of orbits 1 lengths 6
Z	carat/tables/qcatalog/dim5/dir.2-1;1,1;1/ordnung.8/(1)^1(2)^2(4)^2(32)^1/group.241	1	16	16	method=1	log2H=5.00	image=0	bad=0
Z	carat/tables/qcatalog/dim5/dir.2-1;1,1;1/ordnung.8/(1)^1(2)^2(4)^2(32)^1/group.241	2	8	8	method=1	log2H=4.00	image=0	bad=0
father: level 1 number of orbits 1 lengths 1
father: level 1 number of orbits 2 lengths 1
father: level 1 number of orbits 3 lengths 1
father: level 1 number of orbits 4 lengths 1
father: level 1 number of orbits 5 lengths 1
father: level 1 number of orbits 6 lengths 1
father: level 1 number of orbits 7 lengths 1
father: level 1 number of orbits 8 lengths 1
father: level 1 number of orbits 9 lengths 1
Z	carat/tables/qcatalog/dim5/dir.2-1;1,1;1/ordnung.8/(1)^1(4)^2(8)^1/group.244	1	32	32	method=1	log2H=8.00	image=0	bad=0
father: level 1 number of orbits 10 lengths 1
Z	carat/tables/qcatalog/dim5/dir.2-1;1,1;1/ordnung.8/(1)^1(2)^2(4)^2(32)^1/group.241	3	12	12	method=1	log2H=4.00	image=0	bad=0
father: level 1 number of orbits 11 lengths 1
father: level 2 number of orbits 1 lengths 1
Z	carat/tables/qcatalog/dim5/dir.1;1;1;1;1/ordnung.16/(1)^1(4)^2(8)^2/group.217	14	52	52	method=1	log2H=7.00	image=0	bad=0
father: level 2 number of orbits 2 lengths 1
father: level 2 number of orbits 3 lengths 1
father: level 2 number of orbits 4 lengths 1
father: level 1 number of orbits 1 lengths 1
Z	carat/tables/qcatalog/dim5/dir.1;1;1;1;1/ordnung.8/(1)^1(4)^2(8)^2/min.72	18	3	3	method=1	log2H=2.00	image=0	bad=0
Z	carat/tables/qcatalog/dim5/dir.2-1;1,1;1/ordnung.8/(1)^1(2)^2(4)^2(32)^1/group.241	4	8	8	method=1	log2H=4.00	image=0	bad=0
father: level 2 number of orbits 1 lengths 1
father: level 1 number of orbits 2 lengths 3
Z	carat/tables/qcatalog/dim5/dir.2-1;1,1;1/ordnung.8/(1)^1(4)^2(8)^1/group.244	2	16	16	method=1	log2H=7.00	image=0	bad=0
father: level 1 number of orbits 3 lengths 3
father: level 2 number of orbits 2 lengths 1
father: level 1 number of orbits 4 lengths 3
father: level 2 number of orbits 3 lengths 1
father: level 2 number of orbits 1 lengths 3
father: level 2 number of orbits 1 lengths 1
father: level 2 number of orbits 2 lengths 1
father: level 2 number of orbits 1 lengths 6
father: level 2 number of orbits 3 lengths 1
Z	carat/tables/qcatalog/dim5/dir.2-1;1,1;1/ordnung.8/(1)^1(2)^2(4)^2(32)^1/group.241	5	8	8	method=1	log2H=4.00	image=0	bad=0
Z	carat/tables/qcatalog/dim5/dir.2-1;1,1;1/ordnung.8/(1)^1(4)^2(8)^1/group.244	3	26	26	method=1	log2H=6.00	image=0	bad=0
father: level 2 number of orbits 1 lengths 1
father: level 2 number of orbits 2 lengths 1
father: level 2 number of orbits 3 lengths 1
Z	carat/tables/qcatalog/dim5/dir.2-1;1,1;1/ordnung.8/(1)^1(2)^2(4)^2(32)^1/group.241	6	6	6	method=1	log2H=3.00	image=0	bad=0
Z	carat/tables/qcatalog/dim5/dir.2-1;1,1;1/ordnung.8/(1)^1(4)^2(8)^1/group.244	4	20	20	method=1	log2H=6.00	image=0	bad=0
father: level 1 number of orbits 1 lengths 1
father: level 1 number of orbits 2 lengths 3
father: level 3 number of orbits 1 lengths 1
Z	carat/tables/qcatalog/dim5/dir.2-1;1,1;1/ordnung.8/(1)^1(2)^2(4)^2(32)^1/group.241	7	5	5	method=1	log2H=3.00	image=0	bad=0
father: level 1 number of orbits 3 lengths 3
father: level 3 number of orbits 1 lengths 2
Z	carat/tables/qcatalog/dim5/dir.2-1;1,1;1/ordnung.8/(1)^1(4)^2(8)^1/group.244	5	16	16	method=1	log2H=5.00	image=0	bad=0
father: level 1 number of orbits 4 lengths 3
father: level 3 number of orbits 2 lengths 2
father: level 2 number of orbits 1 lengths 3
Z	carat/tables/qcatalog/dim5/dir.2-1;1,1;1/ordnung.8/(1)^1(4)^2(8)^1/group.246	1	24	24	method=1	log2H=6.00	image=0	bad=0
father: level 2 number of orbits 1 lengths 6
Z	carat/tables/qcatalog/dim5/dir.2-1;1,1;1/ordnung.8/(1)^1(2)^2(4)^2(32)^1/group.241	8	16	16	method=1	log2H=5.00	image=0	bad=0
Z	carat/tables/qcatalog/dim5/dir.2-1;1,1;1/ordnung.8/(1)^1(4)^2(8)^1/group.244	6	17	17	method=1	log2H=6.00	image=0	bad=0
Z	carat/tables/qcatalog/dim5/dir.2-1;1,1;1/ordnung.8/(1)^1(4)^2(8)^1/group.246	2	8	8	method=1	log2H=4.00	image=0	bad=0
father: level 3 number of orbits 1 lengths 12
father: level 4 number of orbits 1 lengths 2
Z	carat/tables/qcatalog/dim5/dir.2-1;1,1;1/ordnung.8/(1)^1(2)^2(4)^2(32)^1/group.241	9	8	8	method=1	log2H=4.00	image=0	bad=0
Z	carat/tables/qcatalog/dim5/dir.2-1;1,1;1/ordnung.8/(1)^1(4)^2(8)^1/group.244	7	10	10	method=1	log2H=4.00	image=0	bad=0
Z	carat/tables/qcatalog/dim5/dir.2-1;1,1;1/ordnung.8/(1)^1(4)^2(8)^1/group.246	3	18	18	method=1	log2H=5.00	image=0	bad=0
Z	carat/tables/qcatalog/dim5/dir.2-1;1,1;1/ordnung.8/(1)^1(2)^2(4)^2(32)^1/group.241	10	12	12	method=1	log2H=4.00	image=0	bad=0
Z	carat/tables/qcatalog/dim5/dir.1;1;1;1;1/ordnung.16/(1)^1(4)^2(8)^2/group.217	15	16	16	method=1	log2H=4.00	image=0	bad=0
Z	carat/tables/qcatalog/dim5/dir.2-1;1,1;1/ordnung.8/(1)^1(4)^2(8)^1/group.246	4	10	10	method=1	log2H=4.00	image=0	bad=0
Z	carat/tables/qcatalog/dim5/dir.2-1;1,1;1/ordnung.8/(1)^1(2)^2(4)^2(32)^1/group.241	11	8	8	method=1	log2H=4.00	image=0	bad=0
Z	carat/tables/qcatalog/dim5/dir.2-1;1,1;1/ordnung.8/(1)^1(4)^2(8)^1/group.246	5	6	6	method=1	log2H=3.00	image=0	bad=0
Z	carat/tables/qcatalog/dim5/dir.2-1;1,1;1/ordnung.8/(1)^1(2)^2(4)^2(32)^1/group.241	12	6	6	method=1	log2H=3.00	image=0	bad=0
Z	carat/tables/qcatalog/dim5/dir.2-1;1,1;1/ordnung.8/(1)^1(4)^2(8)^1/group.246	6	10	10	method=1	log2H=4.00	image=0	bad=0
Z	carat/tables/qcatalog/dim5/dir.2-1;1,1;1/ordnung.8/(1)^1(4)^2(32)^1/group.243	1	8	8	method=1	log2H=4.00	image=0	bad=0
Z	carat/tables/qcatalog/dim5/dir.2-1;1,1;1/ordnung.8/(1)^1(2)^2(4)^2(32)^1/group.241	13	8	8	method=1	log2H=4.00	image=0	bad=0
Z	carat/tables/qcatalog/dim5/dir.2-1;1,1;1/ordnung.8/(1)^1(4)^2(8)^1/group.246	7	5	5	method=1	log2H=3.00	image=0	bad=0
Z	carat/tables/qcatalog/dim5/dir.2-1;1,1;1/ordnung.8/(1)^1(4)^2(32)^1/group.243	2	4	4	method=1	log2H=3.00	image=0	bad=0
Z	carat/tables/qcatalog/dim5/dir.2-1;1,1;1/ordnung.8/(1)^1(2)^2(4)^2(32)^1/group.241	14	5	5	method=1	log2H=3.00	image=0	bad=0
Z	carat/tables/qcatalog/dim5/dir.2-1;1,1;1/ordnung.8/(1)^1(4)^2(32)^1/group.243	3	6	6	method=1	log2H=3.00	image=0	bad=0
Z	carat/tables/qcatalog/dim5/dir.2-1;1,1;1/ordnung.8/(1)^1(2)^2(4)^2(32)^1/group.241	15	3	3	method=1	log2H=2.00	image=0	bad=0
Z	carat/tables/qcatalog/dim5/dir.1;1;1;1;1/ordnung.16/(1)^1(4)^2(8)^2/group.217	16	12	12	method=1	log2H=4.00	image=0	bad=0
Z	carat/tables/qcatalog/dim5/dir.2-1;1,1;1/ordnung.8/(1)^1(4)^2(32)^1/group.243	4	6	6	method=1	log2H=3.00	image=0	bad=0
Z	carat/tables/qcatalog/dim5/dir.2-1;1;1;1/ordnung.16/(1)^1(2)^2(4)^2(16)^2/group.248	1	256	256	method=1	log2H=8.00	image=0	bad=0
Z	carat/tables/qcatalog/dim5/dir.2-1;1,1;1/ordnung.8/(1)^1(4)^2(32)^1/group.243	5	6	6	method=1	log2H=3.00	image=0	bad=0
Z	carat/tables/qcatalog/dim5/dir.2-1;1;1;1/ordnung.16/(1)^1(2)^2(4)^2(16)^2/group.248	2	64	64	method=1	log2H=6.00	image=0	bad=0
Z	carat/tables/qcatalog/dim5/dir.2-1;1,1;1/ordnung.8/(1)^1(4)^2(32)^1/group.243	6	4	4	method=1	log2H=3.00	image=0	bad=0
Z	carat/tables/qcatalog/dim5/dir.2-1;1;1;1/ordnung.16/(1)^1(2)^2(4)^2(16)^2/group.248	3	64	64	method=1	log2H=6.00	image=0	bad=0
father: level 1 number of orbits 1 lengths 2
father: level 1 number of orbits 2 lengths 1
father: level 1 number of orbits 3 lengths 2
father: level 1 number of orbits 4 lengths 2
father: level 1 number of orbits 5 lengths 1
Z	carat/tables/qcatalog/dim5/dir.2-1;1,1;1/ordnung.8/(1)^1(4)^2(32)^1/group.243	7	4	4	method=1	log2H=2.00	image=0	bad=0
father: level 1 number of orbits 6 lengths 1
father: level 1 number of orbits 7 lengths 1
father: level 1 number of orbits 8 lengths 1
father: level 2 number of orbits 1 lengths 2
father: level 2 number of orbits 2 lengths 1
father: level 2 number of orbits 3 lengths 2
Z	carat/tables/qcatalog/dim5/dir.1;1;1;1;1/ordnung.8/(1)^1(4)^2(8)^2/min.72	19	72	72	method=1	log2H=7.00	image=0	bad=0
father: level 2 number of orbits 4 lengths 2
father: level 2 number of orbits 1 lengths 1
father: level 2 number of orbits 2 lengths 1
Z	carat/tables/qcatalog/dim5/dir.2-1;1,1;1/ordnung.8/(1)^1(4)^2(32)^1/group.243	8	2	2	method=1	log2H=1.00	image=0	bad=0
father: level 2 number of orbits 1 lengths 1
father: level 2 number of orbits 2 lengths 2
father: level 2 number of orbits 1 lengths 1
father: level 3 number of orbits 1 lengths 1
father: level 1 number of orbits 1 lengths 1
father: level 1 number of orbits 2 lengths 3
father: level 1 number of orbits 3 lengths 3
father: level 1 number of orbits 4 lengths 3
father: level 1 number of orbits 1 lengths 2
father: level 1 number of orbits 2 lengths 1
father: level 2 number of orbits 1 lengths 3
father: level 1 number of orbits 3 lengths 2
father: level 1 number of orbits 4 lengths 2
father: level 2 number of orbits 1 lengths 6
father: level 1 number of orbits 5 lengths 1
father: level 1 number of orbits 6 lengths 1
father: level 1 number of orbits 7 lengths 1
Z	carat/tables/qcatalog/dim5/dir.1;1;1;1;1/ordnung.8/(1)^1(4)^2(8)^2/min.72	20	16	16	method=1	log2H=4.00	image=0	bad=0
father: level 1 number of orbits 8 lengths 1
father: level 2 number of orbits 1 lengths 2
father: level 2 number of orbits 2 lengths 1
father: level 2 number of orbits 3 lengths 2
father: level 2 number of orbits 4 lengths 2
father: level 2 number of orbits 1 lengths 1
father: level 2 number of orbits 2 lengths 1
father: level 2 number of orbits 1 lengths 1
father: level 2 number of orbits 2 lengths 2
father: level 2 number of orbits 1 lengths 1
father: level 3 number of orbits 1 lengths 1
Z	carat/tables/qcatalog/dim5/dir.2-1;1;1;1/ordnung.16/(1)^1(2)^2(4)^2(16)^2/group.248	4	32	32	method=1	log2H=5.00	image=0	bad=0
Z	carat/tables/qcatalog/dim5/dir.2-1;1,1;1/ordnung.8/(1)^1(4)^2(8)^1/group.245	1	8	8	method=1	log2H=4.00	image=0	bad=0
Z	carat/tables/qcatalog/dim5/dir.1;1;1;1;1/ordnung.8/(1)^1(4)^2(8)^2/min.72	21	16	16	method=1	log2H=4.00	image=0	bad=0
father: level 1 number of orbits 1 lengths 2
father: level 1 number of orbits 2 lengths 1
father: level 1 number of orbits 1 lengths 1
father: level 1 number of orbits 3 lengths 2
father: level 1 number of orbits 2 lengths 3
father: level 1 number of orbits 4 lengths 2
father: level 1 number of orbits 3 lengths 3
Z	carat/tables/qcatalog/dim5/dir.2-1;1,1;1/ordnung.8/(1)^1(4)^2(8)^1/group.245	2	4	4	method=1	log2H=3.00	image=0	bad=0
father: level 1 number of orbits 4 lengths 3
father: level 1 number of orbits 5 lengths 1
father: level 2 number of orbits 1 lengths 3
father: level 1 number of orbits 6 lengths 1
father: level 1 number of orbits 7 lengths 1
father: level 1 number of orbits 8 lengths 1
father: level 2 number of orbits 1 lengths 6
father: level 2 number of orbits 1 lengths 2
Z	carat/tables/qcatalog/dim5/dir.2-1;1;1;1/ordnung.16/(1)^1(2)^2(4)^2(16)^2/group.248	5	16	16	method=1	log2H=4.00	image=0	bad=0
father: level 2 number of orbits 2 lengths 1
father: level 2 number of orbits 3 lengths 2
Z	carat/tables/qcatalog/dim5/dir.2-1;1,1;1/ordnung.8/(1)^1(4)^2(8)^1/group.245	3	6	6	method=1	log2H=3.00	image=0	bad=0
father: level 2 number of orbits 4 lengths 2
father: level 2 number of orbits 1 lengths 1
father: level 2 number of orbits 2 lengths 1
father: level 2 number of orbits 1 lengths 1
father: level 2 number of orbits 2 lengths 2
father: level 2 number of orbits 1 lengths 1
Z	carat/tables/qcatalog/dim5/dir.2-1;1,1;1/ordnung.8/(1)^1(4)^2(8)^1/group.245	4	4	4	method=1	log2H=2.00	image=0	bad=0
father: level 3 number of orbits 1 lengths 1
father: level 1 number of orbits 1 lengths 1
Z	carat/tables/qcatalog/dim5/dir.2-1;1,1;1/ordnung.8/(1)^1(4)^2(8)^1/group.245	5	4	4	method=1	log2H=2.00	image=0	bad=0
father: level 1 number of orbits 1 lengths 2
Z	carat/tables/qcatalog/dim5/dir.1;1;1;1;1/ordnung.8/(1)^1(4)^2(8)^2/min.72	22	12	12	method=1	log2H=4.00	image=0	bad=0
father: level 1 number of orbits 2 lengths 1
father: level 1 number of orbits 2 lengths 3
Z	carat/tables/qcatalog/dim5/dir.2-1;1;1;1/ordnung.16/(1)^1(2)^2(4)^2(16)^2/group.248	6	64	64	method=1	log2H=6.00	image=0	bad=0
Z	carat/tables/qcatalog/dim5/dir.2-1;1,1;1/ordnung.8/(1)^1(4)^2(8)^1/group.247	1	8	8	method=1	log2H=4.00	image=0	bad=0
father: level 1 number of orbits 3 lengths 3
Z	carat/tables/qcatalog/dim5/dir.2-1;1,1;1/ordnung.8/(1)^1(4)^2(8)^1/group.245	6	3	3	method=1	log2H=2.00	image=0	bad=0
father: level 1 number of orbits 4 lengths 3
father: level 1 number of orbits 3 lengths 2
Z	carat/tables/qcatalog/dim5/dir.2-1;1,1;1/ordnung.8/(1)^1(4)^2(8)^1/group.247	2	4	4	method=1	log2H=3.00	image=0	bad=0
Z	carat/tables/qcatalog/dim5/dir.2-1;1,1;1/ordnung.8/(1)^1(4)^2(8)^1/group.245	7	2	2	method=1	log2H=1.00	image=0	bad=0
father: level 1 number of orbits 4 lengths 2
father: level 1 number of orbits 5 lengths 1
father: level 1 number of orbits 6 lengths 1
father: level 1 number of orbits 7 lengths 1
father: level 1 number of orbits 8 lengths 1
Z	carat/tables/qcatalog/dim5/dir.2-1;1,1;1/ordnung.8/(1)^1(4)^2(8)^1/group.247	3	6	6	method=1	log2H=3.00	image=0	bad=0
father: level 2 number of orbits 1 lengths 3
Z	carat/tables/qcatalog/dim5/dir.1;1;1;1;1/ordnung.8/(1)^1(4)^2(8)^2/min.72	23	4	4	method=1	log2H=2.00	image=0	bad=0
Z	carat/tables/qcatalog/dim5/dir.1;1;1;1;1/ordnung.16/(1)^1(4)^2(8)^2/group.217	17	80	80	method=1	log2H=7.00	image=0	bad=0
father: level 2 number of orbits 1 lengths 6
Z	carat/tables/qcatalog/dim5/dir.2-1;1,1;1/ordnung.8/(1)^1(4)^2(8)^1/group.247	4	4	4	method=1	log2H=2.00	image=0	bad=0
Z	carat/tables/qcatalog/dim5/dir.2-1;1;1;1/ordnung.16/(1)^1(2)^2(4)^2(16)^2/group.248	7	48	48	method=1	log2H=6.00	image=0	bad=0
father: level 2 number of orbits 1 lengths 2
father: level 2 number of orbits 2 lengths 1
father: level 2 number of orbits 3 lengths 2
father: level 2 number of orbits 4 lengths 2
Z	carat/tables/qcatalog/dim5/dir.2-1;1,1;1/ordnung.8/(1)^1(4)^2(8)^1/group.247	5	3	3	method=1	log2H=2.00	image=0	bad=0
Z	carat/tables/qcatalog/dim5/dir.2-1;1;1;1/ordnung.16/(1)^1(2)^2(4)^2(8)^2/group.250	1	136	136	method=1	log2H=8.00	image=0	bad=0
father: level 2 number of orbits 1 lengths 1
father: level 1 number of orbits 1 lengths 1
father: level 2 number of orbits 2 lengths 1
father: level 2 number of orbits 1 lengths 1
father: level 1 number of orbits 2 lengths 3
father: level 1 number of orbits 3 lengths 3
Z	carat/tables/qcatalog/dim5/dir.2-1;1,1;1/ordnung.8/(1)^1(4)^2(8)^1/group.247	6	4	4	method=1	log2H=2.00	image=0	bad=0
father: level 1 number of orbits 4 lengths 3
Z	carat/tables/qcatalog/dim5/dir.1;1;1;1;1/ordnung.8/(1)^1(4)^2(8)^2/min.72	24	4	4	method=1	log2H=2.00	image=0	bad=0
father: level 2 number of orbits 1 lengths 3
Z	carat/tables/qcatalog/dim5/dir.2-1;1,1;1/ordnung.8/(1)^1(4)^2(8)^1/group.247	7	2	2	method=1	log2H=1.00	image=0	bad=0
Z	carat/tables/qcatalog/dim5/dir.2-1;1;1;1/ordnung.16/(1)^1(2)^2(4)^2(8)^2/group.250	2	64	64	method=1	log2H=6.00	image=0	bad=0
father: level 2 number of orbits 1 lengths 6
father: level 2 number of orbits 2 lengths 2
father: level 2 number of orbits 1 lengths 1
Z	carat/tables/qcatalog/dim5/dir.1;1;1;1;1/ordnung.8/(1)^1(4)^2(8)^2/min.72	25	16	16	method=1	log2H=4.00	image=0	bad=0
father: level 3 number of orbits 1 lengths 1
Z	carat/tables/qcatalog/dim5/dir.2-1;1;1;1/ordnung.16/(1)^1(2)^2(4)^2(16)^2/group.248	8	16	16	method=1	log2H=4.00	image=0	bad=0
father: level 3 number of orbits 1 lengths 2
Z	carat/tables/qcatalog/dim5/dir.1;1;1;1;1/ordnung.16/(1)^1(4)^2(8)^2/group.217	18	8	8	method=1	log2H=4.00	image=0	bad=0
father: level 3 number of orbits 2 lengths 2
father: level 4 number of orbits 1 lengths 2
Z	carat/tables/qcatalog/dim5/dir.2-1;1;1;1/ordnung.16/(1)^1(2)^2(4)^2(8)^2/group.250	3	40	40	method=1	log2H=6.00	image=0	bad=0
Z	carat/tables/qcatalog/dim5/dir.1;1;1;1;1/ordnung.8/(1)^1(4)^2(8)^2/min.72	26	2	2	method=1	log2H=1.00	image=0	bad=0
Z	carat/tables/qcatalog/dim5/dir.2-1;1;1;1/ordnung.16/(1)^1(2)^2(4)^2(16)^2/group.248	9	48	48	method=1	log2H=6.00	image=0	bad=0
Z	carat/tables/qcatalog/dim5/dir.2-1;1;1;1/ordnung.16/(1)^1(2)^2(4)^2(8)^2/group.250	4	32	32	method=1	log2H=5.00	image=0	bad=0
father: level 1 number of orbits 1 lengths 1
Z	carat/tables/qcatalog/dim5/dir.1;1;1;1;1/ordnung.8/(1)^1(4)^2(8)^2/min.72	27	3	3	method=1	log2H=2.00	image=0	bad=0
Z	carat/tables/qcatalog/dim5/dir.2-1;1;1;1/ordnung.16/(1)^1(2)^2(4)^2(16)^2/group.248	10	48	48	method=1	log2H=6.00	image=0	bad=0
Z	carat/tables/qcatalog/dim5/dir.2-1;1;1;1/ordnung.16/(1)^1(2)^2(4)^2(8)^2/group.250	5	16	16	method=1	log2H=4.00	image=0	bad=0
father: level 1 number of orbits 2 lengths 3
father: level 1 number of orbits 3 lengths 3
Z	carat/tables/qcatalog/dim5/dir.1;1;1;1;1/ordnung.16/(1)^1(4)^2(8)^2/group.217	19	6	6	method=1	log2H=3.00	image=0	bad=0
father: level 1 number of orbits 4 lengths 3
Z	carat/tables/qcatalog/dim5/dir.2-1;1;1;1/ordnung.16/(1)^1(2)^2(4)^2(16)^2/group.248	11	16	16	method=1	log2H=4.00	image=0	bad=0
father: level 2 number of orbits 1 lengths 3
Z	carat/tables/qcatalog/dim5/dir.2-1;1;1;1/ordnung.16/(1)^1(2)^2(4)^2(8)^2/group.250	6	20	20	method=1	log2H=5.00	image=0	bad=0
father: level 2 number of orbits 1 lengths 6
father: level 1 number of orbits 1 lengths 1
Z	carat/tables/qcatalog/dim5/dir.2-1;1;1;1/ordnung.16/(1)^1(2)^2(4)^2(16)^2/group.248	12	16	16	method=1	log2H=4.00	image=0	bad=0
Z	carat/tables/qcatalog/dim5/dir.2-1;1;1;1/ordnung.16/(1)^1(2)^2(4)^2(8)^2/group.250	7	10	10	method=1	log2H=4.00	image=0	bad=0
Z	carat/tables/qcatalog/dim5/dir.2-1;1,1;1/ordnung.8/(1)^1(2)^2(4)^2(32)^1/min.84	1	8	8	method=1	log2H=4.00	image=0	bad=0
Z	carat/tables/qcatalog/dim5/dir.1;1;1;1;1/ordnung.8/(1)^1(4)^2(8)^2/min.72	28	9	9	method=1	log2H=4.00	image=0	bad=0
father: level 1 number of orbits 2 lengths 3
father: level 1 number of orbits 3 lengths 3
father: level 1 number of orbits 4 lengths 3
father: level 2 number of orbits 1 lengths 3
Z	carat/tables/qcatalog/dim5/dir.2-1;1;1;1/ordnung.16/(1)^1(2)^2(4)^2(16)^2/group.248	13	32	32	method=1	log2H=5.00	image=0	bad=0
Z	carat/tables/qcatalog/dim5/dir.2-1;1;1;1/ordnung.16/(1)^1(2)^2(4)^2(8)^2/group.250	8	6	6	method=1	log2H=3.00	image=0	bad=0
father: level 2 number of orbits 1 lengths 6
Z	carat/tables/qcatalog/dim5/dir.2-1;1,1;1/ordnung.8/(1)^1(2)^2(4)^2(32)^1/min.84	2	4	4	method=1	log2H=3.00	image=0	bad=0
Z	carat/tables/qcatalog/dim5/dir.2-1;1;1;1/ordnung.16/(1)^1(2)^2(4)^2(8)^2/group.252	1	272	272	method=1	log2H=9.00	image=0	bad=0
father: level 1 number of orbits 1 lengths 1
father: level 1 number of orbits 2 lengths 3
father: level 3 number of orbits 1 lengths 12
father: level 1 number of orbits 3 lengths 3
father: level 1 number of orbits 4 lengths 3
father: level 2 number of orbits 1 lengths 3
Z	carat/tables/qcatalog/dim5/dir.1;1;1;1;1/ordnung.8/(1)^1(4)^2(8)^2/min.72	29	10	10	method=1	log2H=4.00	image=0	bad=0
Z	carat/tables/qcatalog/dim5/dir.2-1;1;1;1/ordnung.16/(1)^1(2)^2(4)^2(8)^2/group.250	9	6	6	method=1	log2H=3.00	image=0	bad=0
Z	carat/tables/qcatalog/dim5/dir.2-1;1;1;1/ordnung.16/(1)^1(2)^2(4)^2(16)^2/group.248	14	48	48	method=1	log2H=6.00	image=0	bad=0
father: level 2 number of orbits 1 lengths 6
Z	carat/tables/qcatalog/dim5/dir.1;1;1;1;1/ordnung.16/(1)^1(4)^2(8)^2/group.217	20	8	8	method=1	log2H=4.00	image=0	bad=0
Z	carat/tables/qcatalog/dim5/dir.2-1;1,1;1/ordnung.8/(1)^1(2)^2(4)^2(32)^1/min.84	3	6	6	method=1	log2H=3.00	image=0	bad=0
father: level 1 number of orbits 1 lengths 1
father: level 1 number of orbits 1 lengths 1
father: level 1 number of orbits 2 lengths 3
father: level 1 number of orbits 3 lengths 3
father: level 1 number of orbits 4 lengths 3
father: level 1 number of orbits 2 lengths 1
father: level 1 number of orbits 3 lengths 1
father: level 2 number of orbits 1 lengths 3
father: level 1 number of orbits 4 lengths 1
Z	carat/tables/qcatalog/dim5/dir.2-1;1;1;1/ordnung.16/(1)^1(2)^2(4)^2(8)^2/group.252	2	128	128	method=1	log2H=7.00	image=0	bad=0
father: level 1 number of orbits 5 lengths 1
father: level 2 number of orbits 1 lengths 6
father: level 1 number of orbits 6 lengths 1
Z	carat/tables/qcatalog/dim5/dir.2-1;1,1;1/ordnung.8/(1)^1(2)^2(4)^2(32)^1/min.84	4	4	4	method=1	log2H=2.00	image=0	bad=0
father: level 1 number of orbits 7 lengths 1
father: level 1 number of orbits 8 lengths 1
Z	carat/tables/qcatalog/dim5/dir.2-1;1;1;1/ordnung.16/(1)^1(2)^2(4)^2(16)^2/group.248	15	12	12	method=1	log2H=4.00	image=0	bad=0
father: level 1 number of orbits 9 lengths 1
father: level 3 number of orbits 1 lengths 12
father: level 1 number of orbits 10 lengths 1
Z	carat/tables/qcatalog/dim5/dir.1;1;1;1;1/ordnung.8/(1)^1(4)^2(8)^2/min.72	30	4	4	method=1	log2H=2.00	image=0	bad=0
father: level 1 number of orbits 11 lengths 1
Z	carat/tables/qcatalog/dim5/dir.2-1;1,1;1/ordnung.8/(1)^1(2)^2(4)^2(32)^1/min.84	5	3	3	method=1	log2H=2.00	image=0	bad=0
father: level 2 number of orbits 1 lengths 1
father: level 2 number of orbits 2 lengths 1
father: level 2 number of orbits 3 lengths 1
Z	carat/tables/qcatalog/dim5/dir.2-1;1;1;1/ordnung.16/(1)^1(2)^2(4)^2(8)^2/group.252	3	80	80	method=1	log2H=7.00	image=0	bad=0
Z	carat/tables/qcatalog/dim5/dir.2-1;1,1;1/ordnung.8/(1)^1(2)^2(4)^2(32)^1/min.84	6	4	4	method=1	log2H=2.00	image=0	bad=0
Z	carat/tables/qcatalog/dim5/dir.2-1;1;1;1/ordnung.16/(1)^1(2)^2(4)^2(16)^2/group.248	16	12	12	method=1	log2H=4.00	image=0	bad=0
Z	carat/tables/qcatalog/dim5/dir.2-1;1,1;1/ordnung.8/(1)^1(2)^2(4)^2(32)^1/min.84	7	2	2	method=1	log2H=1.00	image=0	bad=0
Z	carat/tables/qcatalog/dim5/dir.1;1;1;1;1/ordnung.8/(1)^1(4)^2(8)^2/min.72	31	4	4	method=1	log2H=2.00	image=0	bad=0
Z	carat/tables/qcatalog/dim5/dir.2-1;1,1;1/ordnung.8/(1)^1(2)^2(4)^2(32)^1/min.84	8	8	8	method=1	log2H=4.00	image=0	bad=0
Z	carat/tables/qcatalog/dim5/dir.2-1;1;1;1/ordnung.16/(1)^1(2)^2(4)^2(8)^2/group.252	4	64	64	method=1	log2H=6.00	image=0	bad=0
Z	carat/tables/qcatalog/dim5/dir.2-1;1;1;1/ordnung.16/(1)^1(2)^2(4)^2(16)^2/group.248	17	32	32	method=1	log2H=5.00	image=0	bad=0
Z	carat/tables/qcatalog/dim5/dir.2-1;1,1;1/ordnung.8/(1)^1(2)^2(4)^2(32)^1/min.84	9	4	4	method=1	log2H=3.00	image=0	bad=0
Z	carat/tables/qcatalog/dim5/dir.1;1;1;1;1/ordnung.8/(1)^1(4)^2(8)^2/min.72	32	2	2	method=1	log2H=1.00	image=0	bad=0
Z	carat/tables/qcatalog/dim5/dir.2-1;1,1;1/ordnung.8/(1)^1(2)^2(4)^2(32)^1/group.242	1	12	12	method=1	log2H=6.00	image=0	bad=0
Z	carat/tables/qcatalog/dim5/dir.2-1;1,1;1/ordnung.8/(1)^1(2)^2(4)^2(32)^1/min.84	10	6	6	method=1	log2H=3.00	image=0	bad=0
Z	carat/tables/qcatalog/dim5/dir.2-1;1;1;1/ordnung.16/(1)^1(2)^2(4)^2(8)^2/group.252	5	32	32	method=1	log2H=5.00	image=0	bad=0
Z	carat/tables/qcatalog/dim5/dir.2-1;1,1;1/ordnung.8/(1)^1(2)^2(4)^2(32)^1/group.242	2	6	6	method=1	log2H=5.00	image=0	bad=0
Z	carat/tables/qcatalog/dim5/dir.2-1;1;1;1/ordnung.16/(1)^1(2)^2(4)^2(8)^2/group.250	10	32	32	method=1	log2H=5.00	image=0	bad=0
Z	carat/tables/qcatalog/dim5/dir.2-1;1;1;1/ordnung.16/(1)^1(2)^2(4)^2(16)^2/group.248	18	12	12	method=1	log2H=4.00	image=0	bad=0
Z	carat/tables/qcatalog/dim5/dir.2-1;1,1;1/ordnung.8/(1)^1(2)^2(4)^2(32)^1/group.242	3	8	8	method=1	log2H=4.00	image=0	bad=0
Z	carat/tables/qcatalog/dim5/dir.2-1;1,1;1/ordnung.8/(1)^1(2)^2(4)^2(32)^1/group.242	4	8	8	method=1	log2H=4.00	image=0	bad=0
Z	carat/tables/qcatalog/dim5/dir.2-1;1;1;1/ordnung.16/(1)^1(2)^2(4)^2(8)^2/group.252	6	60	60	method=1	log2H=7.00	image=0	bad=0
Z	carat/tables/qcatalog/dim5/dir.2-1;1;1;1/ordnung.16/(1)^1(2)^2(4)^2(16)^2/group.248	19	6	6	method=1	log2H=3.00	image=0	bad=0
Z	carat/tables/qcatalog/dim5/dir.1;1;1;1;1/ordnung.8/(1)^1(4)^2(8)^2/min.72	33	3	3	method=1	log2H=2.00	image=0	bad=0
father: level 2 number of orbits 4 lengths 1
Z	carat/tables/qcatalog/dim5/dir.2-1;1,1;1/ordnung.8/(1)^1(2)^2(4)^2(32)^1/group.242	5	8	8	method=1	log2H=4.00	image=0	bad=0
father: level 2 number of orbits 1 lengths 1
father: level 2 number of orbits 2 lengths 1
Z	carat/tables/qcatalog/dim5/dir.1;1;1;1;1/ordnung.16/(1)^1(4)^2(8)^2/group.217	21	9	9	method=1	log2H=4.00	image=0	bad=0
Z	carat/tables/qcatalog/dim5/dir.2-1;1;1;1/ordnung.16/(1)^1(2)^2(4)^2(8)^2/group.250	11	20	20	method=1	log2H=5.00	image=0	bad=0
Z	carat/tables/qcatalog/dim5/dir.2-1;1,1;1/ordnung.8/(1)^1(2)^2(4)^2(32)^1/group.242	6	5	5	method=1	log2H=4.00	image=0	bad=0
father: level 2 number of orbits 3 lengths 1
father: level 2 number of orbits 1 lengths 1
father: level 2 number of orbits 2 lengths 1
Z	carat/tables/qcatalog/dim5/dir.2-1;1,1;1/ordnung.8/(1)^1(2)^2(4)^2(32)^1/group.242	7	4	4	method=1	log2H=2.00	image=0	bad=0
father: level 2 number of orbits 3 lengths 1
father: level 2 number of orbits 1 lengths 1
Z	carat/tables/qcatalog/dim5/dir.2-1;1;1;1/ordnung.16/(1)^1(2)^2(4)^2(16)^2/group.248	20	8	8	method=1	log2H=3.00	image=0	bad=0
Z	carat/tables/qcatalog/dim5/dir.2-1;1;1;1/ordnung.16/(1)^1(2)^2(4)^2(8)^2/group.252	7	60	60	method=1	log2H=7.00	image=0	bad=0
Z	carat/tables/qcatalog/dim5/dir.2-1;1,1;1/ordnung.8/(1)^1(2)^2(4)^2(32)^1/group.240	1	12	12	method=1	log2H=5.00	image=0	bad=0
Z	carat/tables/qcatalog/dim5/dir.2-1;1;1;1/ordnung.16/(1)^1(2)^2(4)^2(8)^2/group.250	12	8	8	method=1	log2H=3.00	image=0	bad=0
Z	carat/tables/qcatalog/dim5/dir.2-1;1,1;1/ordnung.8/(1)^1(2)^2(4)^2(32)^1/group.242	8	12	12	method=1	log2H=6.00	image=0	bad=0
father: level 2 number of orbits 2 lengths 1
father: level 2 number of orbits 3 lengths 1
Z	carat/tables/qcatalog/dim5/dir.2-1;1,1;1/ordnung.8/(1)^1(2)^2(4)^2(32)^1/group.240	2	4	4	method=1	log2H=3.00	image=0	bad=0
Z	carat/tables/qcatalog/dim5/dir.2-1;1,1;1/ordnung.8/(1)^1(2)^2(4)^2(32)^1/group.242	9	6	6	method=1	log2H=5.00	image=0	bad=0
father: level 3 number of orbits 1 lengths 1
Z	carat/tables/qcatalog/dim5/dir.2-1;1;1;1/ordnung.16/(1)^1(2)^2(4)^2(8)^2/group.252	8	18	18	method=1	log2H=5.00	image=0	bad=0
Z	carat/tables/qcatalog/dim5/dir.2-1;1,1;1/ordnung.8/(1)^1(2)^2(4)^2(32)^1/group.240	3	9	9	method=1	log2H=4.00	image=0	bad=0
Z	carat/tables/qcatalog/dim5/dir.2-1;1;1;1/ordnung.16/(1)^1(2)^2(4)^2(8)^2/group.250	13	6	6	method=1	log2H=3.00	image=0	bad=0
Z	carat/tables/qcatalog/dim5/dir.2-1;1,1;1/ordnung.8/(1)^1(2)^2(4)^2(32)^1/group.242	10	8	8	method=1	log2H=4.00	image=0	bad=0
Z	carat/tables/qcatalog/dim5/dir.2-1;1,1;1/ordnung.8/(1)^1(2)^2(4)^2(32)^1/group.240	4	8	8	method=1	log2H=3.00	image=0	bad=0
Z	carat/tables/qcatalog/dim5/dir.2-1;1,1;1/ordnung.8/(1)^1(2)^2(4)^2(32)^1/group.242	11	8	8	method=1	log2H=4.00	image=0	bad=0
Z	carat/tables/qcatalog/dim5/dir.2-1;1;1;1/ordnung.16/(1)^1(2)^2(4)^2(8)^2/group.250	14	8	8	method=1	log2H=3.00	image=0	bad=0
Z	carat/tables/qcatalog/dim5/dir.2-1;1,1;1/ordnung.8/(1)^1(2)^2(4)^2(32)^1/group.240	5	6	6	method=1	log2H=3.00	image=0	bad=0
Z	carat/tables/qcatalog/dim5/dir.2-1;1,1;1/ordnung.8/(1)^1(2)^2(4)^2(32)^1/group.242	12	4	4	method=1	log2H=3.00	image=0	bad=0
Z	carat/tables/qcatalog/dim5/dir.2-1;1;1;1/ordnung.16/(1)^1(2)^2(4)^2(8)^2/group.252	9	18	18	method=1	log2H=5.00	image=0	bad=0
Z	carat/tables/qcatalog/dim5/dir.2-1;1,1;1/ordnung.8/(1)^1(2)^2(4)^2(32)^1/min.84	11	4	4	method=1	log2H=2.00	image=0	bad=0
Z	carat/tables/qcatalog/dim5/dir.2-1;1,1;1/ordnung.8/(1)^1(2)^2(4)^2(32)^1/group.240	6	5	5	method=1	log2H=3.00	image=0	bad=0
Z	carat/tables/qcatalog/dim5/dir.2-1;1,1;1/ordnung.8/(1)^1(2)^2(4)^2(32)^1/group.242	13	8	8	method=1	log2H=4.00	image=0	bad=0
Z	carat/tables/qcatalog/dim5/dir.2-1;1;1;1/ordnung.16/(1)^1(2)^2(4)^2(8)^2/group.250	15	5	5	method=1	log2H=3.00	image=0	bad=0
Z	carat/tables/qcatalog/dim5/dir.2-1;1,1;1/ordnung.8/(1)^1(2)^2(4)^2(32)^1/group.240	7	4	4	method=1	log2H=2.00	image=0	bad=0
Z	carat/tables/qcatalog/dim5/dir.2-1;1,1;1/ordnung.8/(1)^1(2)^2(4)^2(32)^1/group.242	14	4	4	method=1	log2H=2.00	image=0	bad=0
Z	carat/tables/qcatalog/dim5/dir.2-1;1;1;1/ordnung.16/(1)^1(2)^2(4)^2(8)^2/group.252	10	64	64	method=1	log2H=6.00	image=0	bad=0
Z	carat/tables/qcatalog/dim5/dir.2-1;1,1;1/ordnung.8/(1)^1(2)^2(4)^2(32)^1/min.84	12	4	4	method=1	log2H=2.00	image=0	bad=0
Z	carat/tables/qcatalog/dim5/dir.2-1;1,1;1/ordnung.8/(1)^1(2)^2(4)^2(32)^1/group.240	8	12	12	method=1	log2H=5.00	image=0	bad=0
Z	carat/tables/qcatalog/dim5/dir.2-1;1;1;1/ordnung.16/(1)^1(2)^2(4)^2(16)^2/group.248	21	32	32	method=1	log2H=5.00	image=0	bad=0
Z	carat/tables/qcatalog/dim5/dir.2-1;1,1;1/ordnung.8/(1)^1(2)^2(4)^2(32)^1/group.242	15	3	3	method=1	log2H=2.00	image=0	bad=0
Z	carat/tables/qcatalog/dim5/dir.2-1;1,1;1/ordnung.8/(1)^1(2)^2(4)^2(32)^1/min.84	13	3	3	method=1	log2H=2.00	image=0	bad=0
Z	carat/tables/qcatalog/dim5/dir.2-1;1;1;1/ordnung.16/(1)^1(2)^2(4)^2(8)^2/group.250	16	20	20	method=1	log2H=5.00	image=0	bad=0
Z	carat/tables/qcatalog/dim5/dir.2-1;1,1;1/ordnung.8/(1)^1(2)^2(4)^2(32)^1/group.240	9	4	4	method=1	log2H=3.00	image=0	bad=0
Z	carat/tables/qcatalog/dim5/dir.2-1;1,1;1/ordnung.8/(1)^1(2)^2(4)^2(32)^1/min.84	14	2	2	method=1	log2H=1.00	image=0	bad=0
Z	carat/tables/qcatalog/dim5/dir.2-1;1;1;1/ordnung.16/(1)^1(2)^2(4)^2(8)^2/group.252	11	40	40	method=1	log2H=6.00	image=0	bad=0
Z	carat/tables/qcatalog/dim5/dir.2-1;1,1;1/ordnung.8/(1)^1(2)^2(4)^2(32)^1/group.240	10	9	9	method=1	log2H=4.00	image=0	bad=0
Z	carat/tables/qcatalog/dim5/dir.2-1;1;1;1/ordnung.16/(1)^1(2)^2(4)^2(8)^2/group.250	17	8	8	method=1	log2H=3.00	image=0	bad=0
Z	carat/tables/qcatalog/dim5/dir.2-1;1,1;1/ordnung.8/(1)^1(2)^2(4)^2(32)^1/group.240	11	8	8	method=1	log2H=3.00	image=0	bad=0
Z	carat/tables/qcatalog/dim5/dir.2-1;1;1;1/ordnung.16/(1)^1(2)^2(4)^2(8)^2/group.252	12	16	16	method=1	log2H=4.00	image=0	bad=0
Z	carat/tables/qcatalog/dim5/dir.2-1;1,1;1/ordnung.8/(1)^1(2)^2(4)^2(32)^1/group.240	12	4	4	method=1	log2H=2.00	image=0	bad=0
Z	carat/tables/qcatalog/dim5/dir.2-1;1;1;1/ordnung.16/(1)^1(2)^2(4)^2(16)^2/group.248	22	8	8	method=1	log2H=3.00	image=0	bad=0
Z	carat/tables/qcatalog/dim5/dir.2-1;1;1;1/ordnung.16/(1)^1(2)^2(4)^2(8)^2/group.254	1	256	256	method=1	log2H=8.00	image=0	bad=0
Z	carat/tables/qcatalog/dim5/dir.1;1;1;1;1/ordnung.8/(1)^1(4)^2(8)^2/min.72	34	72	72	method=1	log2H=7.00	image=0	bad=0
Z	carat/tables/qcatalog/dim5/dir.2-1;1;1;1/ordnung.16/(1)^1(2)^2(4)^2(8)^2/group.250	18	8	8	method=1	log2H=3.00	image=0	bad=0
Z	carat/tables/qcatalog/dim5/dir.2-1;1,1;1/ordnung.8/(1)^1(2)^2(4)^2(32)^1/group.240	13	6	6	method=1	log2H=3.00	image=0	bad=0
Z	carat/tables/qcatalog/dim5/dir.2-1;1;1;1/ordnung.16/(1)^1(2)^2(4)^2(8)^2/group.252	13	12	12	method=1	log2H=4.00	image=0	bad=0
Z	carat/tables/qcatalog/dim5/dir.2-1;1,1;1/ordnung.8/(1)^1(2)^2(4)^2(32)^1/group.240	14	4	4	method=1	log2H=2.00	image=0	bad=0
Z	carat/tables/qcatalog/dim5/dir.2-1;1;1;1/ordnung.16/(1)^1(2)^2(4)^2(8)^2/group.254	2	64	64	method=1	log2H=6.00	image=0	bad=0
Z	carat/tables/qcatalog/dim5/dir.2-1;1,1;1/ordnung.8/(1)^1(2)^2(4)^2(32)^1/group.240	15	2	2	method=1	log2H=1.00	image=0	bad=0
Z	carat/tables/qcatalog/dim5/dir.2-1;1;1;1/ordnung.16/(1)^1(2)^2(4)^2(8)^2/group.250	19	20	20	method=1	log2H=5.00	image=0	bad=0
Z	carat/tables/qcatalog/dim5/dir.2-1;1;1;1/ordnung.16/(1)^1(2)^2(4)^2(8)^2/group.252	14	24	24	method=1	log2H=5.00	image=0	bad=0
Z	carat/tables/qcatalog/dim5/dir.1;1;1;1;1/ordnung.8/(1)^1(4)^2(8)^2/min.72	35	10	10	method=1	log2H=4.00	image=0	bad=0
Z	carat/tables/qcatalog/dim5/dir.2-1;1;1;1/ordnung.16/(1)^1(2)^2(4)^2(8)^2/group.254	3	64	64	method=1	log2H=6.00	image=0	bad=0
Z	carat/tables/qcatalog/dim5/dir.2-1;1;1;1/ordnung.16/(1)^1(2)^2(4)^2(8)^2/group.252	15	24	24	method=1	log2H=5.00	image=0	bad=0
Z	carat/tables/qcatalog/dim5/dir.2-1;1;1;1/ordnung.16/(1)^1(2)^2(4)^2(8)^2/group.250	20	136	136	method=1	log2H=8.00	image=0	bad=0
Z	carat/tables/qcatalog/dim5/dir.2-1;1;1;1/ordnung.16/(1)^1(2)^2(4)^2(8)^2/group.254	4	32	32	method=1	log2H=5.00	image=0	bad=0
Z	carat/tables/qcatalog/dim5/dir.2-1;1;1;1/ordnung.16/(1)^1(2)^2(4)^2(16)^2/group.248	23	6	6	method=1	log2H=3.00	image=0	bad=0
Z	carat/tables/qcatalog/dim5/dir.2-1;1;1;1/ordnung.16/(1)^1(2)^2(4)^2(8)^2/group.252	16	36	36	method=1	log2H=6.00	image=0	bad=0
Z	carat/tables/qcatalog/dim5/dir.2-1;1;1;1/ordnung.16/(1)^1(2)^2(4)^2(8)^2/group.250	21	64	64	method=1	log2H=6.00	image=0	bad=0
Z	carat/tables/qcatalog/dim5/dir.2-1;1;1;1/ordnung.16/(1)^1(2)^2(4)^2(8)^2/group.254	5	16	16	method=1	log2H=4.00	image=0	bad=0
Z	carat/tables/qcatalog/dim5/dir.1;1;1;1;1/ordnung.8/(1)^1(4)^2(8)^2/min.72	36	10	10	method=1	log2H=4.00	image=0	bad=0
Z	carat/tables/qcatalog/dim5/dir.2-1;1;1;1/ordnung.16/(1)^1(2)^2(4)^2(8)^2/group.252	17	16	16	method=1	log2H=4.00	image=0	bad=0
Z	carat/tables/qcatalog/dim5/dir.2-1;1;1;1/ordnung.16/(1)^1(2)^2(4)^2(8)^2/group.250	22	36	36	method=1	log2H=6.00	image=0	bad=0
Z	carat/tables/qcatalog/dim5/dir.1;1;1;1;1/ordnung.16/(1)^1(4)^2(8)^2/group.217	22	376	376	method=1	log2H=11.00	image=0	bad=0
Z	carat/tables/qcatalog/dim5/dir.2-1;1;1;1/ordnung.16/(1)^1(2)^2(4)^2(8)^2/group.254	6	64	64	method=1	log2H=6.00	image=0	bad=0
Z	carat/tables/qcatalog/dim5/dir.2-1;1;1;1/ordnung.16/(1)^1(2)^2(4)^2(16)^2/group.248	24	12	12	method=1	log2H=4.00	image=0	bad=0
Z	carat/tables/qcatalog/dim5/dir.2-1;1;1;1/ordnung.16/(1)^1(2)^2(4)^2(8)^2/group.252	18	12	12	method=1	log2H=4.00	image=0	bad=0
Z	carat/tables/qcatalog/dim5/dir.2-1;1;1;1/ordnung.16/(1)^1(2)^2(4)^2(8)^2/group.250	23	32	32	method=1	log2H=5.00	image=0	bad=0
Z	carat/tables/qcatalog/dim5/dir.2-1;1;1;1/ordnung.16/(1)^1(2)^2(4)^2(8)^2/group.254	7	32	32	method=1	log2H=5.00	image=0	bad=0
Z	carat/tables/qcatalog/dim5/dir.1;1;1;1;1/ordnung.8/(1)^1(4)^2(8)^2/min.72	37	34	34	method=1	log2H=7.00	image=0	bad=0
Z	carat/tables/qcatalog/dim5/dir.2-1;1;1;1/ordnung.16/(1)^1(2)^2(4)^2(8)^2/group.250	24	16	16	method=1	log2H=4.00	image=0	bad=0
Z	carat/tables/qcatalog/dim5/dir.2-1;1;1;1/ordnung.16/(1)^1(2)^2(4)^2(8)^2/group.252	19	40	40	method=1	log2H=6.00	image=0	bad=0
Z	carat/tables/qcatalog/dim5/dir.2-1;1;1;1/ordnung.16/(1)^1(2)^2(4)^2(8)^2/group.254	8	16	16	method=1	log2H=4.00	image=0	bad=0
father: level 1 number of orbits 1 lengths 1
father: level 1 number of orbits 2 lengths 2
Z	carat/tables/qcatalog/dim5/dir.2-1;1;1;1/ordnung.16/(1)^1(2)^2(4)^2(16)^2/group.248	25	8	8	method=1	log2H=3.00	image=0	bad=0
Z	carat/tables/qcatalog/dim5/dir.2-1;1;1;1/ordnung.16/(1)^1(2)^2(4)^2(8)^2/group.254	9	32	32	method=1	log2H=5.00	image=0	bad=0
father: level 1 number of orbits 3 lengths 2
father: level 1 number of orbits 4 lengths 2
father: level 1 number of orbits 5 lengths 1
father: level 1 number of orbits 6 lengths 1
father: level 1 number of orbits 7 lengths 1
father: level 1 number of orbits 8 lengths 1
father: level 2 number of orbits 1 lengths 2
father: level 2 number of orbits 2 lengths 1
father: level 2 number of orbits 3 lengths 1
father: level 2 number of orbits 1 lengths 1
Z	carat/tables/qcatalog/dim5/dir.2-1;1;1;1/ordnung.16/(1)^1(2)^2(4)^2(8)^2/group.252	20	288	288	method=1	log2H=9.00	image=0	bad=0
Z	carat/tables/qcatalog/dim5/dir.1;1;1;1;1/ordnung.8/(1)^1(4)^2(8)^2/min.72	38	12	12	method=1	log2H=4.00	image=0	bad=0
father: level 2 number of orbits 2 lengths 2
father: level 2 number of orbits 3 lengths 2
father: level 2 number of orbits 1 lengths 1
father: level 2 number of orbits 2 lengths 2
father: level 2 number of orbits 1 lengths 1
father: level 1 number of orbits 1 lengths 1
father: level 1 number of orbits 2 lengths 1
father: level 1 number of orbits 3 lengths 1
father: level 1 number of orbits 4 lengths 1
father: level 3 number of orbits 1 lengths 1
father: level 1 number of orbits 5 lengths 1
father: level 1 number of orbits 6 lengths 1
father: level 1 number of orbits 7 lengths 1
father: level 1 number of orbits 8 lengths 1
Z	carat/tables/qcatalog/dim5/dir.2-1;1;1;1/ordnung.16/(1)^1(2)^2(4)^2(8)^2/group.254	10	16	16	method=1	log2H=4.00	image=0	bad=0
father: level 1 number of orbits 9 lengths 1
father: level 1 number of orbits 10 lengths 1
father: level 1 number of orbits 11 lengths 1
father: level 2 number of orbits 1 lengths 1
father: level 2 number of orbits 2 lengths 1
father: level 2 number of orbits 3 lengths 1
father: level 2 number of orbits 4 lengths 1
father: level 1 number of orbits 1 lengths 1
father: level 2 number of orbits 1 lengths 1
father: level 2 number of orbits 2 lengths 1
father: level 1 number of orbits 2 lengths 2
father: level 2 number of orbits 3 lengths 1
father: level 1 number of orbits 3 lengths 2
father: level 2 number of orbits 1 lengths 1
father: level 2 number of orbits 2 lengths 1
Z	carat/tables/qcatalog/dim5/dir.2-1;1;1;1/ordnung.16/(1)^1(2)^2(4)^2(8)^2/group.250	25	20	20	method=1	log2H=5.00	image=0	bad=0
father: level 1 number of orbits 4 lengths 2
father: level 2 number of orbits 3 lengths 1
father: level 1 number of orbits 5 lengths 1
father: level 2 number of orbits 1 lengths 1
father: level 2 number of orbits 2 lengths 1
father: level 1 number of orbits 6 lengths 1
father: level 2 number of orbits 3 lengths 1
father: level 1 number of orbits 7 lengths 1
father: level 1 number of orbits 8 lengths 1
father: level 1 number of orbits 1 lengths 15
father: level 2 number of orbits 1 lengths 2
Z	carat/tables/qcatalog/dim5/dir.2-1;1;1;1/ordnung.16/(1)^1(2)^2(4)^2(8)^2/group.252	21	128	128	method=1	log2H=7.00	image=0	bad=0
father: level 2 number of orbits 2 lengths 1
father: level 3 number of orbits 1 lengths 1
Z	carat/tables/qcatalog/dim5/dir.2-1;1;1;1/ordnung.16/(1)^1(2)^2(4)^2(8)^2/group.254	11	8	8	method=1	log2H=3.00	image=0	bad=0
Z	carat/tables/qcatalog/dim5/dir.1;1;1;1;1/ordnung.8/(1)^1(4)^2(8)^2/min.72	39	12	12	method=1	log2H=4.00	image=0	bad=0
father: level 1 number of orbits 1 lengths 1
father: level 1 number of orbits 2 lengths 1
father: level 1 number of orbits 3 lengths 1
father: level 1 number of orbits 4 lengths 1
father: level 1 number of orbits 5 lengths 1
father: level 1 number of orbits 6 lengths 1
father: level 1 number of orbits 7 lengths 1
father: level 1 number of orbits 8 lengths 1
father: level 1 number of orbits 9 lengths 1
father: level 1 number of orbits 10 lengths 1
father: level 1 number of orbits 11 lengths 1
father: level 2 number of orbits 1 lengths 1
Z	carat/tables/qcatalog/dim5/dir.1;1;1;1;1/ordnung.16/(1)^1(4)^2(8)^2/group.217	23	140	140	method=1	log2H=11.00	image=0	bad=0
Z	carat/tables/qcatalog/dim5/dir.2-1;1;1;1/ordnung.16/(1)^1(2)^2(4)^2(8)^2/group.250	26	10	10	method=1	log2H=4.00	image=0	bad=0
father: level 2 number of orbits 2 lengths 1
father: level 2 number of orbits 3 lengths 1
father: level 2 number of orbits 4 lengths 1
father: level 2 number of orbits 1 lengths 1
father: level 2 number of orbits 2 lengths 1
Z	carat/tables/qcatalog/dim5/dir.2-1;1;1;1/ordnung.16/(1)^1(2)^2(4)^2(8)^2/group.254	12	8	8	method=1	log2H=3.00	image=0	bad=0
father: level 2 number of orbits 3 lengths 1
father: level 2 number of orbits 1 lengths 1
Z	carat/tables/qcatalog/dim5/dir.2-1;1;1;1/ordnung.16/(1)^1(2)^2(4)^2(8)^2/group.252	22	72	72	method=1	log2H=7.00	image=0	bad=0
father: level 2 number of orbits 3 lengths 1
father: level 2 number of orbits 2 lengths 1
father: level 2 number of orbits 3 lengths 1
father: level 2 number of orbits 1 lengths 1
father: level 2 number of orbits 2 lengths 1
father: level 2 number of orbits 3 lengths 1
Z	carat/tables/qcatalog/dim5/dir.1,1,1,1;1/ordnung.2/(1)^1(16)^1/min.60	1	2	2	method=1	log2H=4.00	image=0	bad=0
father: level 3 number of orbits 1 lengths 1
father: level 3 number of orbits 1 lengths 2
father: level 3 number of orbits 2 lengths 2
Z	carat/tables/qcatalog/dim5/dir.2-1;1;1;1/ordnung.16/(1)^1(2)^2(4)^2(8)^2/group.250	27	6	6	method=1	log2H=3.00	image=0	bad=0
father: level 4 number of orbits 1 lengths 2
Z	carat/tables/qcatalog/dim5/dir.2-1;1;1;1/ordnung.16/(1)^1(2)^2(4)^2(8)^2/group.254	13	32	32	method=1	log2H=5.00	image=0	bad=0
Z	carat/tables/qcatalog/dim5/dir.1;1;1;1;1/ordnung.8/(1)^1(4)^2(8)^2/min.72	40	12	12	method=1	log2H=4.00	image=0	bad=0
Z	carat/tables/qcatalog/dim5/dir.1,1,1,1;1/ordnung.2/(1)^1(16)^1/min.60	2	2	2	method=1	log2H=3.00	image=0	bad=0
father: level 2 number of orbits 1 lengths 1
father: level 2 number of orbits 2 lengths 2
Z	carat/tables/qcatalog/dim5/dir.2-1;1;1;1/ordnung.16/(1)^1(2)^2(4)^2(8)^2/group.250	28	6	6	method=1	log2H=3.00	image=0	bad=0
father: level 2 number of orbits 3 lengths 2
father: level 2 number of orbits 1 lengths 1
father: level 2 number of orbits 2 lengths 2
father: level 2 number of orbits 1 lengths 1
Z	carat/tables/qcatalog/dim5/dir.2-1;1;1;1/ordnung.16/(1)^1(2)^2(4)^2(8)^2/group.254	14	32	32	method=1	log2H=5.00	image=0	bad=0
Z	carat/tables/qcatalog/dim5/dir.2-1;1;1;1/ordnung.16/(1)^1(2)^2(4)^2(8)^2/group.252	23	64	64	method=1	log2H=6.00	image=0	bad=0
father: level 3 number of orbits 1 lengths 1
father: level 3 number of orbits 1 lengths 2
father: level 3 number of orbits 2 lengths 2
father: level 4 number of orbits 1 lengths 2
Z	carat/tables/qcatalog/dim5/dir.2-1;1;1;1/ordnung.16/(1)^1(2)^2(4)^2(8)^2/group.250	29	32	32	method=1	log2H=5.00	image=0	bad=0
Z	carat/tables/qcatalog/dim5/dir.2-1;1;1;1/ordnung.16/(1)^1(2)^2(4)^2(8)^2/group.254	15	8	8	method=1	log2H=3.00	image=0	bad=0
Z	carat/tables/qcatalog/dim5/dir.2-1;1;1;1/ordnung.16/(1)^1(2)^2(4)^2(8)^2/group.252	24	32	32	method=1	log2H=5.00	image=0	bad=0
Z	carat/tables/qcatalog/dim5/dir.1;1;1;1;1/ordnung.8/(1)^1(4)^2(8)^2/min.72	41	7	7	method=1	log2H=4.00	image=0	bad=0
Z	carat/tables/qcatalog/dim5/dir.2-1;1;1;1/ordnung.16/(1)^1(2)^2(4)^2(16)^2/group.248	26	32	32	method=1	log2H=5.00	image=0	bad=0
Z	carat/tables/qcatalog/dim5/dir.2-1;1;1;1/ordnung.16/(1)^1(2)^2(4)^2(8)^2/group.254	16	4	4	method=1	log2H=2.00	image=0	bad=0
Z	carat/tables/qcatalog/dim5/dir.2-1;1;1;1/ordnung.16/(1)^1(2)^2(4)^2(8)^2/group.250	30	20	20	method=1	log2H=5.00	image=0	bad=0
Z	carat/tables/qcatalog/dim5/dir.2-1;1;1;1/ordnung.16/(1)^1(2)^2(4)^2(16)^2/group.248	27	8	8	method=1	log2H=3.00	image=0	bad=0
Z	carat/tables/qcatalog/dim5/dir.2-1;1;1;1/ordnung.16/(1)^1(2)^2(4)^2(8)^2/group.252	25	72	72	method=1	log2H=7.00	image=0	bad=0
father: level 1 number of orbits 1 lengths 3
father: level 1 number of orbits 2 lengths 3
father: level 1 number of orbits 3 lengths 3
father: level 1 number of orbits 4 lengths 1
father: level 1 number of orbits 5 lengths 1
father: level 2 number of orbits 1 lengths 3
father: level 2 number of orbits 2 lengths 3
father: level 2 number of orbits 3 lengths 3
Z	carat/tables/qcatalog/dim5/dir.2-1;1;1;1/ordnung.16/(1)^1(2)^2(4)^2(8)^2/group.254	17	32	32	method=1	log2H=5.00	image=0	bad=0
father: level 2 number of orbits 1 lengths 1
father: level 2 number of orbits 2 lengths 3
Z	carat/tables/qcatalog/dim5/dir.2-1;1;1;1/ordnung.16/(1)^1(2)^2(4)^2(8)^2/group.250	31	8	8	method=1	log2H=3.00	image=0	bad=0
Z	carat/tables/qcatalog/dim5/dir.1;1;1;1;1/ordnung.8/(1)^1(4)^2(8)^2/min.72	42	12	12	method=1	log2H=4.00	image=0	bad=0
father: level 3 number of orbits 1 lengths 1
Z	carat/tables/qcatalog/dim5/dir.2-1;1;1;1/ordnung.16/(1)^1(2)^2(4)^2(16)^2/group.248	28	2	2	method=1	log2H=1.00	image=0	bad=0
Z	carat/tables/qcatalog/dim5/dir.2-1;1;1;1/ordnung.16/(1)^1(2)^2(4)^2(8)^2/group.254	18	8	8	method=1	log2H=3.00	image=0	bad=0
Z	carat/tables/qcatalog/dim5/dir.2-1;1;1;1/ordnung.16/(1)^1(2)^2(4)^2(8)^2/group.252	26	20	20	method=1	log2H=5.00	image=0	bad=0
Z	carat/tables/qcatalog/dim5/dir.2-1;1;1;1/ordnung.16/(1)^1(2)^2(4)^2(8)^2/group.250	32	4	4	method=1	log2H=2.00	image=0	bad=0
father: level 1 number of orbits 1 lengths 2
Z	carat/tables/qcatalog/dim5/dir.2-1;1;1;1/ordnung.16/(1)^1(2)^2(4)^2(16)^2/group.248	29	8	8	method=1	log2H=3.00	image=0	bad=0
Z	carat/tables/qcatalog/dim5/dir.2-1;1;1;1/ordnung.16/(1)^1(2)^2(4)^2(8)^2/group.254	19	4	4	method=1	log2H=2.00	image=0	bad=0
father: level 1 number of orbits 2 lengths 1
father: level 1 number of orbits 1 lengths 1
father: level 1 number of orbits 3 lengths 2
Z	carat/tables/qcatalog/dim5/dir.2-1;1;1;1/ordnung.16/(1)^1(2)^2(4)^2(8)^2/group.252	27	24	24	method=1	log2H=5.00	image=0	bad=0
father: level 1 number of orbits 2 lengths 2
father: level 1 number of orbits 4 lengths 2
father: level 1 number of orbits 5 lengths 1
father: level 1 number of orbits 6 lengths 1
father: level 1 number of orbits 3 lengths 2
father: level 1 number of orbits 7 lengths 1
Z	carat/tables/qcatalog/dim5/dir.1;1;1;1;1/ordnung.16/(1)^1(4)^4/group.220	1	3044	3044	method=1	log2H=16.00	image=0	bad=0
father: level 1 number of orbits 8 lengths 1
Z	carat/tables/qcatalog/dim5/dir.1;1;1;1;1/ordnung.8/(1)^1(4)^2(8)^2/min.72	43	10	10	method=1	log2H=4.00	image=0	bad=0
father: level 1 number of orbits 4 lengths 2
father: level 2 number of orbits 1 lengths 2
father: level 2 number of orbits 2 lengths 1
father: level 1 number of orbits 5 lengths 1
Z	carat/tables/qcatalog/dim5/dir.2-1;1;1;1/ordnung.16/(1)^1(2)^2(4)^2(8)^2/group.250	33	6	6	method=1	log2H=3.00	image=0	bad=0
Z	carat/tables/qcatalog/dim5/dir.1;1;1;1;1/ordnung.16/(1)^1(4)^2(8)^2/group.217	24	30	30	method=1	log2H=7.00	image=0	bad=0
father: level 1 number of orbits 6 lengths 1
father: level 2 number of orbits 3 lengths 2
Z	carat/tables/qcatalog/dim5/dir.2-1;1;1;1/ordnung.16/(1)^1(2)^2(4)^2(8)^2/group.256	1	208	208	method=1	log2H=9.00	image=0	bad=0
Z	carat/tables/qcatalog/dim5/dir.2-1;1;1;1/ordnung.16/(1)^1(4)^4/group.264	1	52	52	method=1	log2H=8.00	image=0	bad=0
father: level 1 number of orbits 7 lengths 1
father: level 1 number of orbits 8 lengths 1
father: level 2 number of orbits 4 lengths 2
father: level 2 number of orbits 1 lengths 2
father: level 2 number of orbits 1 lengths 1
father: level 2 number of orbits 2 lengths 1
father: level 2 number of orbits 2 lengths 1
father: level 2 number of orbits 3 lengths 1
father: level 2 number of orbits 1 lengths 1
father: level 2 number of orbits 1 lengths 1
father: level 2 number of orbits 2 lengths 2
father: level 2 number of orbits 2 lengths 2
father: level 2 number of orbits 1 lengths 1
father: level 2 number of orbits 3 lengths 2
father: level 2 number of orbits 1 lengths 1
father: level 2 number of orbits 2 lengths 2
father: level 3 number of orbits 1 lengths 1
father: level 2 number of orbits 1 lengths 1
father: level 3 number of orbits 1 lengths 2
father: level 3 number of orbits 2 lengths 2
father: level 3 number of orbits 1 lengths 1
Z	carat/tables/qcatalog/dim5/dir.2-1;1;1;1/ordnung.16/(1)^1(2)^2(4)^2(8)^2/group.250	34	3	3	method=1	log2H=2.00	image=0	bad=0
father: level 4 number of orbits 1 lengths 2
Z	carat/tables/qcatalog/dim5/dir.2-1;1;1;1/ordnung.16/(1)^1(2)^2(4)^2(8)^2/group.252	28	12	12	method=1	log2H=4.00	image=0	bad=0
Z	carat/tables/qcatalog/dim5/dir.2-1;1;1;1/ordnung.16/(1)^1(2)^2(4)^2(8)^2/group.256	2	40	40	method=1	log2H=6.00	image=0	bad=0
Z	carat/tables/qcatalog/dim5/dir.2-1;1;1;1/ordnung.16/(1)^1(4)^4/group.264	2	40	40	method=1	log2H=6.00	image=0	bad=0
Z	carat/tables/qcatalog/dim5/dir.2-1;1;1;1/ordnung.16/(1)^1(2)^2(4)^2(8)^2/group.258	1	512	512	method=1	log2H=9.00	image=0	bad=0
Z	carat/tables/qcatalog/dim5/dir.2-1;1;1;1/ordnung.16/(1)^1(2)^2(4)^2(8)^2/group.250	35	20	20	method=1	log2H=5.00	image=0	bad=0
Z	carat/tables/qcatalog/dim5/dir.2-1;1;1;1/ordnung.16/(1)^1(2)^2(4)^2(8)^2/group.252	29	64	64	method=1	log2H=6.00	image=0	bad=0
Z	carat/tables/qcatalog/dim5/dir.1;1;1;1;1/ordnung.8/(1)^1(4)^2(8)^2/min.72	44	16	16	method=1	log2H=4.00	image=0	bad=0
Z	carat/tables/qcatalog/dim5/dir.2-1;1;1;1/ordnung.16/(1)^1(2)^2(4)^2(8)^2/group.256	3	96	96	method=1	log2H=7.00	image=0	bad=0
Z	carat/tables/qcatalog/dim5/dir.2-1;1;1;1/ordnung.16/(1)^1(4)^4/group.264	3	20	20	method=1	log2H=5.00	image=0	bad=0
Z	carat/tables/qcatalog/dim5/dir.2-1;1;1;1/ordnung.16/(1)^1(2)^2(4)^2(8)^2/group.254	20	8	8	method=1	log2H=3.00	image=0	bad=0
Z	carat/tables/qcatalog/dim5/dir.2-1;1;1;1/ordnung.16/(1)^1(2)^2(4)^2(8)^2/group.258	2	128	128	method=1	log2H=7.00	image=0	bad=0
Z	carat/tables/qcatalog/dim5/dir.2-1;1;1;1/ordnung.16/(1)^1(2)^2(4)^2(8)^2/group.250	36	8	8	method=1	log2H=3.00	image=0	bad=0
Z	carat/tables/qcatalog/dim5/dir.2-1;1;1;1/ordnung.16/(1)^1(2)^2(4)^2(8)^2/group.252	30	60	60	method=1	log2H=7.00	image=0	bad=0
Z	carat/tables/qcatalog/dim5/dir.2-1;1;1;1/ordnung.16/(1)^1(2)^2(4)^2(8)^2/group.256	4	48	48	method=1	log2H=6.00	image=0	bad=0
Z	carat/tables/qcatalog/dim5/dir.2-1;1;1;1/ordnung.16/(1)^1(2)^2(4)^2(8)^2/group.254	21	32	32	method=1	log2H=5.00	image=0	bad=0
Z	carat/tables/qcatalog/dim5/dir.2-1;1;1;1/ordnung.16/(1)^1(2)^2(4)^2(8)^2/group.258	3	128	128	method=1	log2H=7.00	image=0	bad=0
Z	carat/tables/qcatalog/dim5/dir.2-1;1;1;1/ordnung.16/(1)^1(2)^2(4)^2(8)^2/group.250	37	6	6	method=1	log2H=3.00	image=0	bad=0
Z	carat/tables/qcatalog/dim5/dir.2-1;1;1;1/ordnung.16/(1)^1(4)^4/group.262	1	136	136	method=1	log2H=8.00	image=0	bad=0
Z	carat/tables/qcatalog/dim5/dir.2-1;1;1;1/ordnung.16/(1)^1(2)^2(4)^2(8)^2/group.252	31	16	16	method=1	log2H=4.00	image=0	bad=0
Z	carat/tables/qcatalog/dim5/dir.2-1;1;1;1/ordnung.16/(1)^1(4)^2(8)^2/group.260	1	144	144	method=1	log2H=8.00	image=0	bad=0
Z	carat/tables/qcatalog/dim5/dir.2-1;1;1;1/ordnung.16/(1)^1(4)^4/group.264	4	10	10	method=1	log2H=4.00	image=0	bad=0
Z	carat/tables/qcatalog/dim5/dir.2-1;1;1;1/ordnung.16/(1)^1(2)^2(4)^2(8)^2/group.258	4	64	64	method=1	log2H=6.00	image=0	bad=0
Z	carat/tables/qcatalog/dim5/dir.2-1;1;1;1/ordnung.16/(1)^1(2)^2(4)^2(8)^2/group.254	22	8	8	method=1	log2H=3.00	image=0	bad=0
Z	carat/tables/qcatalog/dim5/dir.1;1;1;1;1/ordnung.8/(1)^1(4)^2(8)^2/min.72	45	9	9	method=1	log2H=4.00	image=0	bad=0
Z	carat/tables/qcatalog/dim5/dir.2-1;1;1;1/ordnung.16/(1)^1(2)^2(4)^2(8)^2/group.250	38	20	20	method=1	log2H=5.00	image=0	bad=0
Z	carat/tables/qcatalog/dim5/dir.2-1;1;1;1/ordnung.16/(1)^1(4)^2(8)^2/group.260	2	64	64	method=1	log2H=6.00	image=0	bad=0
Z	carat/tables/qcatalog/dim5/dir.2-1;1;1;1/ordnung.16/(1)^1(2)^2(4)^2(8)^2/group.252	32	12	12	method=1	log2H=4.00	image=0	bad=0
Z	carat/tables/qcatalog/dim5/dir.2-1;1;1;1/ordnung.16/(1)^1(2)^2(4)^2(8)^2/group.254	23	4	4	method=1	log2H=2.00	image=0	bad=0
Z	carat/tables/qcatalog/dim5/dir.2-1;1;1;1/ordnung.16/(1)^1(2)^2(4)^2(8)^2/group.258	5	32	32	method=1	log2H=5.00	image=0	bad=0
Z	carat/tables/qcatalog/dim5/dir.2-1;1;1;1/ordnung.16/(1)^1(2)^2(4)^2(8)^2/group.256	5	16	16	method=1	log2H=4.00	image=0	bad=0
Z	carat/tables/qcatalog/dim5/dir.2-1;1;1;1/ordnung.16/(1)^1(4)^4/group.262	2	36	36	method=1	log2H=6.00	image=0	bad=0
Z	carat/tables/qcatalog/dim5/dir.2-1;1;1;1/ordnung.16/(1)^1(2)^2(4)^2(8)^2/group.252	33	18	18	method=1	log2H=5.00	image=0	bad=0
Z	carat/tables/qcatalog/dim5/dir.2-1;1;1;1/ordnung.16/(1)^1(4)^2(8)^2/group.260	3	40	40	method=1	log2H=6.00	image=0	bad=0
Z	carat/tables/qcatalog/dim5/dir.2-1;1;1;1/ordnung.16/(1)^1(2)^2(4)^2(8)^2/group.258	6	128	128	method=1	log2H=7.00	image=0	bad=0
Z	carat/tables/qcatalog/dim5/dir.2-1;1;1;1/ordnung.16/(1)^1(4)^4/group.264	5	4	4	method=1	log2H=3.00	image=0	bad=0
Z	carat/tables/qcatalog/dim5/dir.2-1;1;1;1/ordnung.16/(1)^1(4)^4/group.262	3	64	64	method=1	log2H=6.00	image=0	bad=0
Z	carat/tables/qcatalog/dim5/dir.2-1;1;1;1/ordnung.16/(1)^1(2)^2(4)^2(8)^2/group.254	24	8	8	method=1	log2H=3.00	image=0	bad=0
Z	carat/tables/qcatalog/dim5/dir.1;1;1;1;1/ordnung.8/(1)^1(4)^2(8)^2/min.72	46	27	27	method=1	log2H=7.00	image=0	bad=0
Z	carat/tables/qcatalog/dim5/dir.2-1;1;1;1/ordnung.16/(1)^1(4)^2(8)^2/group.260	4	32	32	method=1	log2H=5.00	image=0	bad=0
Z	carat/tables/qcatalog/dim5/dir.2-1;1;1;1/ordnung.16/(1)^1(2)^2(4)^2(8)^2/group.258	7	96	96	method=1	log2H=7.00	image=0	bad=0
Z	carat/tables/qcatalog/dim5/dir.1;1;1;1;1/ordnung.16/(1)^1(4)^2(8)^2/group.217	25	30	30	method=1	log2H=7.00	image=0	bad=0
Z	carat/tables/qcatalog/dim5/dir.2-1;1;1;1/ordnung.16/(1)^1(2)^2(4)^2(8)^2/group.252	34	9	9	method=1	log2H=4.00	image=0	bad=0
Z	carat/tables/qcatalog/dim5/dir.2-1;1;1;1/ordnung.16/(1)^1(2)^2(4)^2(8)^2/group.256	6	48	48	method=1	log2H=7.00	image=0	bad=0
Z	carat/tables/qcatalog/dim5/dir.2-1;1;1;1/ordnung.16/(1)^1(4)^4/group.262	4	32	32	method=1	log2H=5.00	image=0	bad=0
Z	carat/tables/qcatalog/dim5/dir.2-1;1;1;1/ordnung.16/(1)^1(4)^4/group.264	6	4	4	method=1	log2H=3.00	image=0	bad=0
Z	carat/tables/qcatalog/dim5/dir.2-1;1;1;1/ordnung.16/(1)^1(4)^2(8)^2/group.260	5	16	16	method=1	log2H=4.00	image=0	bad=0
Z	carat/tables/qcatalog/dim5/dir.2-1;1;1;1/ordnung.16/(1)^1(2)^2(4)^2(8)^2/group.258	8	80	80	method=1	log2H=7.00	image=0	bad=0
Z	carat/tables/qcatalog/dim5/dir.1;1;1;1;1/ordnung.8/(1)^1(4)^2(8)^2/min.72	47	3	3	method=1	log2H=2.00	image=0	bad=0
Z	carat/tables/qcatalog/dim5/dir.2-1;1;1;1/ordnung.16/(1)^1(2)^2(4)^2(8)^2/group.256	7	48	48	method=1	log2H=7.00	image=0	bad=0
Z	carat/tables/qcatalog/dim5/dir.2-1;1;1;1/ordnung.16/(1)^1(2)^2(4)^2(8)^2/group.258	9	64	64	method=1	log2H=6.00	image=0	bad=0
Z	carat/tables/qcatalog/dim5/dir.2-1;1;1;1/ordnung.16/(1)^1(2)^2(4)^2(8)^2/group.254	25	8	8	method=1	log2H=3.00	image=0	bad=0
Z	carat/tables/qcatalog/dim5/dir.2-1;1;1;1/ordnung.16/(1)^1(4)^4/group.262	5	16	16	method=1	log2H=4.00	image=0	bad=0
Z	carat/tables/qcatalog/dim5/dir.2-1;1;1;1/ordnung.16/(1)^1(4)^4/group.264	7	20	20	method=1	log2H=5.00	image=0	bad=0
Z	carat/tables/qcatalog/dim5/dir.2-1;1;1;1/ordnung.16/(1)^1(4)^2(8)^2/group.260	6	48	48	method=1	log2H=6.00	image=0	bad=0
Z	carat/tables/qcatalog/dim5/dir.1;1;1;1;1/ordnung.8/(1)^1(4)^2(8)^2/min.72	48	2	2	method=1	log2H=1.00	image=0	bad=0
Z	carat/tables/qcatalog/dim5/dir.2-1;1;1;1/ordnung.16/(1)^1(2)^2(4)^2(8)^2/group.252	35	40	40	method=1	log2H=6.00	image=0	bad=0
Z	carat/tables/qcatalog/dim5/dir.2-1;1;1;1/ordnung.16/(1)^1(2)^2(4)^2(8)^2/group.258	10	32	32	method=1	log2H=5.00	image=0	bad=0
Z	carat/tables/qcatalog/dim5/dir.2-1;1;1;1/ordnung.16/(1)^1(4)^2(8)^2/group.260	7	30	30	method=1	log2H=6.00	image=0	bad=0
Z	carat/tables/qcatalog/dim5/dir.2-1;1;1;1/ordnung.16/(1)^1(2)^2(4)^2(8)^2/group.256	8	12	12	method=1	log2H=4.00	image=0	bad=0
Z	carat/tables/qcatalog/dim5/dir.2-1;1;1;1/ordnung.16/(1)^1(2)^2(4)^2(8)^2/group.258	11	24	24	method=1	log2H=5.00	image=0	bad=0
Z	carat/tables/qcatalog/dim5/dir.2-1;1;1;1/ordnung.16/(1)^1(2)^2(4)^2(8)^2/group.252	36	16	16	method=1	log2H=4.00	image=0	bad=0
Z	carat/tables/qcatalog/dim5/dir.1;1;1;1;1/ordnung.8/(1)^1(4)^2(8)^2/min.72	49	3	3	method=1	log2H=2.00	image=0	bad=0
father: level 1 number of orbits 1 lengths 2
father: level 1 number of orbits 2 lengths 1
father: level 1 number of orbits 3 lengths 2
father: level 1 number of orbits 4 lengths 2
father: level 1 number of orbits 5 lengths 1
father: level 1 number of orbits 6 lengths 1
father: level 1 number of orbits 7 lengths 1
father: level 1 number of orbits 8 lengths 1
Z	carat/tables/qcatalog/dim5/dir.2-1;1;1;1/ordnung.16/(1)^1(4)^2(8)^2/group.260	8	16	16	method=1	log2H=4.00	image=0	bad=0
father: level 2 number of orbits 1 lengths 2
Z	carat/tables/qcatalog/dim5/dir.2-1;1;1;1/ordnung.16/(1)^1(2)^2(4)^2(8)^2/group.256	9	12	12	method=1	log2H=4.00	image=0	bad=0
father: level 2 number of orbits 2 lengths 1
Z	carat/tables/qcatalog/dim5/dir.2-1;1;1;1/ordnung.16/(1)^1(2)^2(4)^2(8)^2/group.258	12	24	24	method=1	log2H=5.00	image=0	bad=0
father: level 2 number of orbits 3 lengths 2
father: level 1 number of orbits 1 lengths 2
Z	carat/tables/qcatalog/dim5/dir.2-1;1;1;1/ordnung.16/(1)^1(4)^4/group.262	6	20	20	method=1	log2H=5.00	image=0	bad=0
father: level 1 number of orbits 2 lengths 1
Z	carat/tables/qcatalog/dim5/dir.2-1;1;1;1/ordnung.16/(1)^1(2)^2(4)^2(8)^2/group.252	37	18	18	method=1	log2H=5.00	image=0	bad=0
Z	carat/tables/qcatalog/dim5/dir.2-1;1;1;1/ordnung.16/(1)^1(4)^4/group.264	8	8	8	method=1	log2H=3.00	image=0	bad=0
father: level 2 number of orbits 4 lengths 2
father: level 1 number of orbits 3 lengths 2
Z	carat/tables/qcatalog/dim5/dir.2-1;1;1;1/ordnung.16/(1)^1(2)^2(4)^2(8)^2/group.254	26	32	32	method=1	log2H=5.00	image=0	bad=0
father: level 1 number of orbits 4 lengths 2
father: level 2 number of orbits 1 lengths 1
father: level 1 number of orbits 5 lengths 1
father: level 2 number of orbits 2 lengths 1
father: level 1 number of orbits 6 lengths 1
Z	carat/tables/qcatalog/dim5/dir.2-1;1;1;1/ordnung.16/(1)^1(2)^2(4)^2(8)^2/group.256	10	48	48	method=1	log2H=6.00	image=0	bad=0
father: level 2 number of orbits 1 lengths 1
Z	carat/tables/qcatalog/dim5/dir.2-1;1;1;1/ordnung.16/(1)^1(2)^2(4)^2(8)^2/group.258	13	64	64	method=1	log2H=6.00	image=0	bad=0
father: level 1 number of orbits 7 lengths 1
father: level 2 number of orbits 2 lengths 2
father: level 1 number of orbits 8 lengths 1
father: level 2 number of orbits 1 lengths 1
father: level 2 number of orbits 1 lengths 2
father: level 2 number of orbits 2 lengths 1
father: level 2 number of orbits 3 lengths 2
Z	carat/tables/qcatalog/dim5/dir.2-1;1;1;1/ordnung.16/(1)^1(4)^4/group.264	9	5	5	method=1	log2H=3.00	image=0	bad=0
Z	carat/tables/qcatalog/dim5/dir.2-1;1;1;1/ordnung.16/(1)^1(4)^4/group.262	7	10	10	method=1	log2H=4.00	image=0	bad=0
father: level 2 number of orbits 4 lengths 2
father: level 3 number of orbits 1 lengths 1
father: level 2 number of orbits 1 lengths 1
Z	carat/tables/qcatalog/dim5/dir.2-1;1;1;1/ordnung.16/(1)^1(2)^2(4)^2(8)^2/group.252	38	36	36	method=1	log2H=6.00	image=0	bad=0
Z	carat/tables/qcatalog/dim5/dir.2-1;1;1;1/ordnung.16/(1)^1(2)^2(4)^2(8)^2/group.258	14	64	64	method=1	log2H=6.00	image=0	bad=0
father: level 2 number of orbits 2 lengths 1
Z	carat/tables/qcatalog/dim5/dir.2-1;1;1;1/ordnung.16/(1)^1(2)^2(4)^2(8)^2/group.256	11	12	12	method=1	log2H=4.00	image=0	bad=0
Z	carat/tables/qcatalog/dim5/dir.1;1;1;1;1/ordnung.16/(1)^1(4)^2(8)^2/group.217	26	56	56	method=1	log2H=7.00	image=0	bad=0
father: level 2 number of orbits 1 lengths 1
father: level 2 number of orbits 2 lengths 2
Z	carat/tables/qcatalog/dim5/dir.2-1;1;1;1/ordnung.16/(1)^1(4)^4/group.264	10	10	10	method=1	log2H=5.00	image=0	bad=0
Z	carat/tables/qcatalog/dim5/dir.2-1;1;1;1/ordnung.16/(1)^1(4)^4/group.262	8	6	6	method=1	log2H=3.00	image=0	bad=0
father: level 2 number of orbits 1 lengths 1
Z	carat/tables/qcatalog/dim5/dir.2-1;1;1;1/ordnung.16/(1)^1(4)^2(8)^2/group.260	9	12	12	method=1	log2H=4.00	image=0	bad=0
father: level 3 number of orbits 1 lengths 1
Z	carat/tables/qcatalog/dim5/dir.2-1;1;1;1/ordnung.16/(1)^1(2)^2(4)^2(8)^2/group.256	12	12	12	method=1	log2H=4.00	image=0	bad=0
Z	carat/tables/qcatalog/dim5/dir.2-1;1;1;1/ordnung.16/(1)^1(2)^2(4)^2(8)^2/group.252	39	12	12	method=1	log2H=4.00	image=0	bad=0
father: level 1 number of orbits 1 lengths 2
father: level 1 number of orbits 2 lengths 1
Z	carat/tables/qcatalog/dim5/dir.2-1;1;1;1/ordnung.16/(1)^1(2)^2(4)^2(8)^2/group.258	15	16	16	method=1	log2H=4.00	image=0	bad=0
father: level 1 number of orbits 3 lengths 2
father: level 1 number of orbits 4 lengths 2
father: level 1 number of orbits 5 lengths 1
father: level 1 number of orbits 6 lengths 1
father: level 1 number of orbits 7 lengths 1
father: level 1 number of orbits 8 lengths 1
father: level 2 number of orbits 1 lengths 2
father: level 2 number of orbits 2 lengths 1
Z	carat/tables/qcatalog/dim5/dir.2-1;1;1;1/ordnung.16/(1)^1(4)^4/group.264	11	8	8	method=1	log2H=3.00	image=0	bad=0
father: level 2 number of orbits 3 lengths 2
Z	carat/tables/qcatalog/dim5/dir.2-1;1;1;1/ordnung.16/(1)^1(4)^4/group.262	9	6	6	method=1	log2H=3.00	image=0	bad=0
father: level 2 number of orbits 4 lengths 2
father: level 2 number of orbits 1 lengths 1
father: level 2 number of orbits 2 lengths 1
Z	carat/tables/qcatalog/dim5/dir.2-1;1;1;1/ordnung.16/(1)^1(2)^2(4)^2(8)^2/group.258	16	8	8	method=1	log2H=3.00	image=0	bad=0
father: level 2 number of orbits 1 lengths 1
Z	carat/tables/qcatalog/dim5/dir.2-1;1;1;1/ordnung.16/(1)^1(2)^2(4)^2(8)^2/group.256	13	32	32	method=1	log2H=6.00	image=0	bad=0
father: level 2 number of orbits 2 lengths 2
Z	carat/tables/qcatalog/dim5/dir.2-1;1;1;1/ordnung.16/(1)^1(2)^2(4)^2(8)^2/group.252	40	4	4	method=1	log2H=2.00	image=0	bad=0
father: level 2 number of orbits 1 lengths 1
father: level 3 number of orbits 1 lengths 1
Z	carat/tables/qcatalog/dim5/dir.2-1;1;1;1/ordnung.16/(1)^1(4)^4/group.264	12	10	10	method=1	log2H=5.00	image=0	bad=0
Z	carat/tables/qcatalog/dim5/dir.2-1;1;1;1/ordnung.16/(1)^1(4)^4/group.262	10	32	32	method=1	log2H=5.00	image=0	bad=0
father: level 1 number of orbits 1 lengths 2
Z	carat/tables/qcatalog/dim5/dir.2-1;1;1;1/ordnung.16/(1)^1(2)^2(4)^2(8)^2/group.258	17	64	64	method=1	log2H=6.00	image=0	bad=0
father: level 1 number of orbits 2 lengths 1
Z	carat/tables/qcatalog/dim5/dir.2-1;1;1;1/ordnung.16/(1)^1(2)^2(4)^2(8)^2/group.256	14	12	12	method=1	log2H=4.00	image=0	bad=0
father: level 1 number of orbits 3 lengths 2
Z	carat/tables/qcatalog/dim5/dir.2-1;1;1;1/ordnung.16/(1)^1(2)^2(4)^2(8)^2/group.252	41	12	12	method=1	log2H=4.00	image=0	bad=0
Z	carat/tables/qcatalog/dim5/dir.1;1;1;1;1/ordnung.16/(1)^1(4)^4/group.220	2	1200	1200	method=1	log2H=12.00	image=0	bad=0
Z	carat/tables/qcatalog/dim5/dir.2-1;1;1;1/ordnung.16/(1)^1(4)^4/group.262	11	6	6	method=1	log2H=3.00	image=0	bad=0
Z	carat/tables/qcatalog/dim5/dir.2-1;1;1;1/ordnung.16/(1)^1(2)^2(4)^2(8)^2/group.256	15	6	6	method=1	log2H=3.00	image=0	bad=0
Z	carat/tables/qcatalog/dim5/dir.2-1;1;1;1/ordnung.16/(1)^1(2)^2(4)^2(8)^2/group.258	18	24	24	method=1	log2H=5.00	image=0	bad=0
father: level 1 number of orbits 4 lengths 2
father: level 1 number of orbits 5 lengths 1
father: level 1 number of orbits 6 lengths 1
Z	carat/tables/qcatalog/dim5/dir.2-1;1;1;1/ordnung.16/(1)^1(4)^4/group.262	12	3	3	method=1	log2H=2.00	image=0	bad=0
father: level 1 number of orbits 7 lengths 1
father: level 1 number of orbits 8 lengths 1
father: level 2 number of orbits 1 lengths 2
Z	carat/tables/qcatalog/dim5/dir.1;1;1;1;1/ordnung.16/(1)^1(4)^2(8)^2/group.217	27	48	48	method=1	log2H=7.00	image=0	bad=0
father: level 2 number of orbits 2 lengths 1
father: level 2 number of orbits 3 lengths 2
Z	carat/tables/qcatalog/dim5/dir.2-1;1;1;1/ordnung.16/(1)^1(2)^2(4)^2(8)^2/group.258	19	20	20	method=1	log2H=5.00	image=0	bad=0
father: level 2 number of orbits 4 lengths 2
Z	carat/tables/qcatalog/dim5/dir.2-1;1;1;1/ordnung.16/(1)^1(2)^2(4)^2(8)^2/group.256	16	32	32	method=1	log2H=6.00	image=0	bad=0
father: level 2 number of orbits 1 lengths 1
Z	carat/tables/qcatalog/dim5/dir.2-1;1;1;1/ordnung.16/(1)^1(4)^2(8)^2/group.260	10	32	32	method=1	log2H=5.00	image=0	bad=0
Z	carat/tables/qcatalog/dim5/dir.2-1;1;1;1/ordnung.16/(1)^1(2)^2(4)^2(8)^2/group.251	1	272	272	method=1	log2H=9.00	image=0	bad=0
Z	carat/tables/qcatalog/dim5/dir.2-1;1;1;1/ordnung.16/(1)^1(2)^2(4)^2(8)^2/group.258	20	16	16	method=1	log2H=4.00	image=0	bad=0
Z	carat/tables/qcatalog/dim5/dir.2-1;1;1;1/ordnung.16/(1)^1(2)^2(4)^2(8)^2/group.256	17	12	12	method=1	log2H=4.00	image=0	bad=0
Z	carat/tables/qcatalog/dim5/dir.2-1;1;1;1/ordnung.16/(1)^1(4)^2(8)^2/group.260	11	30	30	method=1	log2H=6.00	image=0	bad=0
Z	carat/tables/qcatalog/dim5/dir.2-1;1;1;1/ordnung.16/(1)^1(2)^2(4)^2(8)^2/group.251	2	128	128	method=1	log2H=7.00	image=0	bad=0
Z	carat/tables/qcatalog/dim5/dir.2-1;1;1;1/ordnung.16/(1)^1(4)^4/group.262	13	20	20	method=1	log2H=5.00	image=0	bad=0
Z	carat/tables/qcatalog/dim5/dir.2-1;1;1;1/ordnung.16/(1)^1(2)^2(4)^2(8)^2/group.258	21	64	64	method=1	log2H=6.00	image=0	bad=0
father: level 2 number of orbits 2 lengths 1
Z	carat/tables/qcatalog/dim5/dir.2-1;1;1;1/ordnung.16/(1)^1(2)^2(4)^2(8)^2/group.256	18	8	8	method=1	log2H=3.00	image=0	bad=0
father: level 2 number of orbits 1 lengths 1
father: level 2 number of orbits 2 lengths 2
Z	carat/tables/qcatalog/dim5/dir.2-1;1;1;1/ordnung.16/(1)^1(4)^2(8)^2/group.260	12	8	8	method=1	log2H=3.00	image=0	bad=0
Z	carat/tables/qcatalog/dim5/dir.2-1;1;1;1/ordnung.16/(1)^1(2)^2(4)^2(8)^2/group.251	3	72	72	method=1	log2H=7.00	image=0	bad=0
father: level 2 number of orbits 1 lengths 1
Z	carat/tables/qcatalog/dim5/dir.1;1;1;1;1/ordnung.16/(1)^1(4)^4/group.220	3	160	160	method=1	log2H=9.00	image=0	bad=0
father: level 3 number of orbits 1 lengths 1
father: level 3 number of orbits 1 lengths 2
father: level 3 number of orbits 2 lengths 2
father: level 4 number of orbits 1 lengths 2
Z	carat/tables/qcatalog/dim5/dir.2-1;1;1;1/ordnung.16/(1)^1(2)^2(4)^2(8)^2/group.251	4	64	64	method=1	log2H=6.00	image=0	bad=0
Z	carat/tables/qcatalog/dim5/dir.2-1;1;1;1/ordnung.16/(1)^1(2)^2(4)^2(8)^2/group.256	19	32	32	method=1	log2H=6.00	image=0	bad=0
Z	carat/tables/qcatalog/dim5/dir.2-1;1;1;1/ordnung.16/(1)^1(4)^4/group.262	14	8	8	method=1	log2H=3.00	image=0	bad=0
Z	carat/tables/qcatalog/dim5/dir.2-1;1;1;1/ordnung.16/(1)^1(2)^2(4)^2(8)^2/group.258	22	16	16	method=1	log2H=4.00	image=0	bad=0
Z	carat/tables/qcatalog/dim5/dir.2-1;1;1;1/ordnung.32/(1)^1(2)^2(4)^2(8)^2/group.266	1	2112	2112	method=1	log2H=12.00	image=0	bad=0
Z	carat/tables/qcatalog/dim5/dir.2-1;1;1;1/ordnung.16/(1)^1(2)^2(4)^2(8)^2/group.251	5	32	32	method=1	log2H=5.00	image=0	bad=0
Z	carat/tables/qcatalog/dim5/dir.2-1;1;1;1/ordnung.16/(1)^1(2)^2(4)^2(8)^2/group.256	20	224	224	method=1	log2H=9.00	image=0	bad=0
Z	carat/tables/qcatalog/dim5/dir.1;1;1;1;1/ordnung.16/(1)^1(4)^2(8)^2/group.217	28	72	72	method=1	log2H=7.00	image=0	bad=0
Z	carat/tables/qcatalog/dim5/dir.1;1;1;1;1/ordnung.16/(1)^1(4)^4/group.220	4	19	19	method=1	log2H=7.00	image=0	bad=0
Z	carat/tables/qcatalog/dim5/dir.2-1;1;1;1/ordnung.16/(1)^1(4)^2(8)^2/group.260	13	6	6	method=1	log2H=3.00	image=0	bad=0
Z	carat/tables/qcatalog/dim5/dir.2-1;1;1;1/ordnung.16/(1)^1(4)^4/group.262	15	4	4	method=1	log2H=2.00	image=0	bad=0
Z	carat/tables/qcatalog/dim5/dir.2-1;1;1;1/ordnung.16/(1)^1(2)^2(4)^2(8)^2/group.251	6	40	40	method=1	log2H=6.00	image=0	bad=0
Z	carat/tables/qcatalog/dim5/dir.2-1;1;1;1/ordnung.16/(1)^1(4)^4/group.262	16	20	20	method=1	log2H=5.00	image=0	bad=0
Z	carat/tables/qcatalog/dim5/dir.2-1;1;1;1/ordnung.16/(1)^1(2)^2(4)^2(8)^2/group.251	7	20	20	method=1	log2H=5.00	image=0	bad=0
Z	carat/tables/qcatalog/dim5/dir.2-1;1;1;1/ordnung.32/(1)^1(2)^2(4)^2(8)^2/group.266	2	512	512	method=1	log2H=9.00	image=0	bad=0
Z	carat/tables/qcatalog/dim5/dir.2-1;1;1;1/ordnung.16/(1)^1(4)^2(8)^2/group.260	14	16	16	method=1	log2H=4.00	image=0	bad=0
Z	carat/tables/qcatalog/dim5/dir.2-1;1;1;1/ordnung.16/(1)^1(4)^4/group.262	17	8	8	method=1	log2H=3.00	image=0	bad=0
Z	carat/tables/qcatalog/dim5/dir.2-1;1;1;1/ordnung.16/(1)^1(2)^2(4)^2(8)^2/group.256	21	40	40	method=1	log2H=6.00	image=0	bad=0
Z	carat/tables/qcatalog/dim5/dir.2-1;1;1;1/ordnung.16/(1)^1(2)^2(4)^2(8)^2/group.258	23	8	8	method=1	log2H=3.00	image=0	bad=0
Z	carat/tables/qcatalog/dim5/dir.2-1;1;1;1/ordnung.16/(1)^1(2)^2(4)^2(8)^2/group.251	8	18	20	method=1	log2H=5.00	image=0	bad=0
Z	carat/tables/qcatalog/dim5/dir.2-1;1;1;1/ordnung.16/(1)^1(4)^4/group.262	18	6	6	method=1	log2H=3.00	image=0	bad=0
Z	carat/tables/qcatalog/dim5/dir.2-1;1;1;1/ordnung.16/(1)^1(2)^2(4)^2(8)^2/group.249	1	136	136	method=1	log2H=8.00	image=0	bad=0
Z	carat/tables/qcatalog/dim5/dir.2-1;1;1;1/ordnung.16/(1)^1(4)^2(8)^2/group.260	15	12	12	method=1	log2H=4.00	image=0	bad=0
Z	carat/tables/qcatalog/dim5/dir.2-1;1;1;1/ordnung.16/(1)^1(2)^2(4)^2(8)^2/group.251	9	12	12	method=1	log2H=4.00	image=0	bad=0
Z	carat/tables/qcatalog/dim5/dir.1;1;1;1;1/ordnung.16/(1)^1(4)^2(8)^2/group.217	29	34	34	method=1	log2H=7.00	image=0	bad=0
Z	carat/tables/qcatalog/dim5/dir.2-1;1;1;1/ordnung.16/(1)^1(4)^4/group.262	19	20	20	method=1	log2H=5.00	image=0	bad=0
Z	carat/tables/qcatalog/dim5/dir.2-1;1;1;1/ordnung.16/(1)^1(2)^2(4)^2(8)^2/group.249	2	64	64	method=1	log2H=6.00	image=0	bad=0
Z	carat/tables/qcatalog/dim5/dir.2-1;1;1;1/ordnung.32/(1)^1(2)^2(4)^2(8)^2/group.266	3	272	272	method=1	log2H=9.00	image=0	bad=0
Z	carat/tables/qcatalog/dim5/dir.2-1;1;1;1/ordnung.16/(1)^1(4)^2(8)^2/group.260	16	24	24	method=1	log2H=5.00	image=0	bad=0
Z	carat/tables/qcatalog/dim5/dir.2-1;1;1;1/ordnung.16/(1)^1(2)^2(4)^2(8)^2/group.251	10	64	64	method=1	log2H=6.00	image=0	bad=0
Z	carat/tables/qcatalog/dim5/dir.2-1;1;1;1/ordnung.16/(1)^1(2)^2(4)^2(8)^2/group.258	24	16	16	method=1	log2H=4.00	image=0	bad=0
Z	carat/tables/qcatalog/dim5/dir.2-1;1;1;1/ordnung.16/(1)^1(2)^2(4)^2(8)^2/group.249	3	40	40	method=1	log2H=6.00	image=0	bad=0
Z	carat/tables/qcatalog/dim5/dir.2-1;1;1;1/ordnung.16/(1)^1(4)^2(8)^2/group.260	17	8	8	method=1	log2H=3.00	image=0	bad=0
Z	carat/tables/qcatalog/dim5/dir.2-1;1;1;1/ordnung.16/(1)^1(2)^2(4)^2(8)^2/group.251	11	40	40	method=1	log2H=6.00	image=0	bad=0
Z	carat/tables/qcatalog/dim5/dir.2-1;1;1;1/ordnung.16/(1)^1(2)^2(4)^2(8)^2/group.249	4	32	32	method=1	log2H=5.00	image=0	bad=0
Z	carat/tables/qcatalog/dim5/dir.2-1;1;1;1/ordnung.32/(1)^1(2)^2(4)^2(8)^2/group.266	4	256	256	method=1	log2H=8.00	image=0	bad=0
Z	carat/tables/qcatalog/dim5/dir.2-1;1;1;1/ordnung.16/(1)^1(2)^2(4)^2(8)^2/group.256	22	96	96	method=1	log2H=7.00	image=0	bad=0
Z	carat/tables/qcatalog/dim5/dir.2-1;1;1;1/ordnung.16/(1)^1(4)^2(8)^2/group.260	18	12	12	method=1	log2H=4.00	image=0	bad=0
Z	carat/tables/qcatalog/dim5/dir.2-1;1;1;1/ordnung.16/(1)^1(2)^2(4)^2(8)^2/group.258	25	16	16	method=1	log2H=4.00	image=0	bad=0
Z	carat/tables/qcatalog/dim5/dir.2-1;1;1;1/ordnung.16/(1)^1(2)^2(4)^2(8)^2/group.249	5	16	16	method=1	log2H=4.00	image=0	bad=0
Z	carat/tables/qcatalog/dim5/dir.2-1;1;1;1/ordnung.16/(1)^1(4)^2(8)^2/group.260	19	20	20	method=1	log2H=5.00	image=0	bad=0
Z	carat/tables/qcatalog/dim5/dir.2-1;1;1;1/ordnung.16/(1)^1(2)^2(4)^2(8)^2/group.256	23	48	48	method=1	log2H=6.00	image=0	bad=0
Z	carat/tables/qcatalog/dim5/dir.2-1;1;1;1/ordnung.16/(1)^1(2)^2(4)^2(8)^2/group.251	12	16	16	method=1	log2H=4.00	image=0	bad=0
Z	carat/tables/qcatalog/dim5/dir.1;1;1;1;1/ordnung.16/(1)^1(4)^4/group.220	5	752	752	method=1	log2H=12.00	image=0	bad=0
Z	carat/tables/qcatalog/dim5/dir.2-1;1;1;1/ordnung.32/(1)^1(2)^2(4)^2(8)^2/group.266	5	64	64	method=1	log2H=6.00	image=0	bad=0
Z	carat/tables/qcatalog/dim5/dir.2-1;1;1;1/ordnung.16/(1)^1(2)^2(4)^2(8)^2/group.256	24	16	16	method=1	log2H=4.00	image=0	bad=0
Z	carat/tables/qcatalog/dim5/dir.2-1;1;1;1/ordnung.16/(1)^1(4)^2(8)^2/group.260	20	6	6	method=1	log2H=3.00	image=0	bad=0
Z	carat/tables/qcatalog/dim5/dir.2-1;1;1;1/ordnung.16/(1)^1(2)^2(4)^2(8)^2/group.258	26	64	64	method=1	log2H=6.00	image=0	bad=0
Z	carat/tables/qcatalog/dim5/dir.2-1;1;1;1/ordnung.16/(1)^1(2)^2(4)^2(8)^2/group.251	13	12	16	method=1	log2H=4.00	image=0	bad=0
father: level 1 number of orbits 1 lengths 2
father: level 1 number of orbits 2 lengths 1
Z	carat/tables/qcatalog/dim5/dir.2-1;1;1;1/ordnung.16/(1)^1(2)^2(4)^2(8)^2/group.249	6	30	30	method=1	log2H=6.00	image=0	bad=0
father: level 1 number of orbits 3 lengths 2
Z	carat/tables/qcatalog/dim5/dir.2-1;1;1;1/ordnung.16/(1)^1(2)^2(4)^2(8)^2/group.256	25	60	60	method=1	log2H=7.00	image=0	bad=0
father: level 1 number of orbits 4 lengths 2
father: level 1 number of orbits 5 lengths 1
father: level 1 number of orbits 6 lengths 1
father: level 1 number of orbits 7 lengths 1
father: level 1 number of orbits 8 lengths 1
Z	carat/tables/qcatalog/dim5/dir.2-1;1;1;1/ordnung.16/(1)^1(4)^2(8)^2/group.260	21	2	2	method=1	log2H=1.00	image=0	bad=0
father: level 2 number of orbits 1 lengths 2
father: level 2 number of orbits 2 lengths 1
father: level 2 number of orbits 3 lengths 2
father: level 2 number of orbits 4 lengths 2
Z	carat/tables/qcatalog/dim5/dir.2-1;1;1;1/ordnung.16/(1)^1(2)^2(4)^2(8)^2/group.251	14	12	12	method=1	log2H=4.00	image=0	bad=0
father: level 2 number of orbits 1 lengths 1
father: level 2 number of orbits 2 lengths 1
Z	carat/tables/qcatalog/dim5/dir.2-1;1;1;1/ordnung.16/(1)^1(2)^2(4)^2(8)^2/group.258	27	512	512	method=1	log2H=9.00	image=0	bad=0
father: level 2 number of orbits 1 lengths 1
father: level 2 number of orbits 2 lengths 2
father: level 2 number of orbits 1 lengths 1
father: level 3 number of orbits 1 lengths 1
Z	carat/tables/qcatalog/dim5/dir.2-1;1;1;1/ordnung.16/(1)^1(2)^2(4)^2(8)^2/group.256	26	16	16	method=1	log2H=5.00	image=0	bad=0
Z	carat/tables/qcatalog/dim5/dir.2-1;1;1;1/ordnung.16/(1)^1(2)^2(4)^2(8)^2/group.251	15	9	10	method=1	log2H=4.00	image=0	bad=0
father: level 1 number of orbits 1 lengths 2
father: level 1 number of orbits 2 lengths 1
father: level 1 number of orbits 3 lengths 2
father: level 1 number of orbits 4 lengths 2
Z	carat/tables/qcatalog/dim5/dir.2-1;1;1;1/ordnung.16/(1)^1(4)^2(8)^2/group.260	22	6	6	method=1	log2H=3.00	image=0	bad=0
father: level 1 number of orbits 5 lengths 1
father: level 1 number of orbits 6 lengths 1
father: level 1 number of orbits 7 lengths 1
father: level 1 number of orbits 8 lengths 1
Z	carat/tables/qcatalog/dim5/dir.2-1;1;1;1/ordnung.16/(1)^1(2)^2(4)^2(8)^2/group.258	28	128	128	method=1	log2H=7.00	image=0	bad=0
father: level 2 number of orbits 1 lengths 2
father: level 2 number of orbits 2 lengths 1
father: level 2 number of orbits 3 lengths 2
father: level 1 number of orbits 1 lengths 1
father: level 2 number of orbits 4 lengths 2
father: level 1 number of orbits 2 lengths 2
father: level 1 number of orbits 3 lengths 2
father: level 2 number of orbits 1 lengths 1
father: level 1 number of orbits 4 lengths 2
father: level 2 number of orbits 2 lengths 1
Z	carat/tables/qcatalog/dim5/dir.2-1;1;1;1/ordnung.16/(1)^1(2)^2(4)^2(8)^2/group.256	27	16	16	method=1	log2H=4.00	image=0	bad=0
Z	carat/tables/qcatalog/dim5/dir.1;1;1;1;1/ordnung.16/(1)^1(4)^2(8)^2/group.217	30	114	114	method=1	log2H=11.00	image=0	bad=0
father: level 2 number of orbits 1 lengths 1
father: level 1 number of orbits 5 lengths 1
father: level 2 number of orbits 2 lengths 2
father: level 1 number of orbits 6 lengths 1
father: level 2 number of orbits 1 lengths 1
Z	carat/tables/qcatalog/dim5/dir.2-1;1;1;1/ordnung.16/(1)^1(2)^2(4)^2(8)^2/group.251	16	36	36	method=1	log2H=6.00	image=0	bad=0
father: level 1 number of orbits 7 lengths 1
father: level 3 number of orbits 1 lengths 1
father: level 3 number of orbits 1 lengths 2
father: level 1 number of orbits 8 lengths 1
Z	carat/tables/qcatalog/dim5/dir.2-1;1;1;1/ordnung.16/(1)^1(2)^2(4)^2(8)^2/group.249	7	30	30	method=1	log2H=6.00	image=0	bad=0
father: level 3 number of orbits 2 lengths 2
father: level 2 number of orbits 1 lengths 2
father: level 2 number of orbits 2 lengths 1
father: level 2 number of orbits 3 lengths 1
father: level 2 number of orbits 1 lengths 1
father: level 4 number of orbits 1 lengths 2
father: level 2 number of orbits 2 lengths 2
Z	carat/tables/qcatalog/dim5/dir.2-1;1;1;1/ordnung.16/(1)^1(2)^2(4)^2(8)^2/group.258	29	128	128	method=1	log2H=7.00	image=0	bad=0
father: level 2 number of orbits 3 lengths 2
father: level 2 number of orbits 1 lengths 1
father: level 2 number of orbits 2 lengths 2
Z	carat/tables/qcatalog/dim5/dir.2-1;1;1;1/ordnung.16/(1)^1(2)^2(4)^2(8)^2/group.256	28	6	6	method=1	log2H=3.00	image=0	bad=0
Z	carat/tables/qcatalog/dim5/dir.2-1;1;1;1/ordnung.16/(1)^1(2)^2(4)^2(8)^2/group.251	17	16	16	method=1	log2H=4.00	image=0	bad=0
Z	carat/tables/qcatalog/dim5/dir.2-1;1;1;1/ordnung.32/(1)^1(2)^2(4)^2(8)^2/group.266	6	160	160	method=1	log2H=8.00	image=0	bad=0
Z	carat/tables/qcatalog/dim5/dir.2-1;1;1;1/ordnung.16/(1)^1(2)^2(4)^2(8)^2/group.249	8	12	12	method=1	log2H=4.00	image=0	bad=0
Z	carat/tables/qcatalog/dim5/dir.1;1;1;1;1/ordnung.16/(1)^1(4)^4/group.220	6	176	176	method=1	log2H=9.00	image=0	bad=0
father: level 2 number of orbits 1 lengths 1
Z	carat/tables/qcatalog/dim5/dir.2-1;1;1;1/ordnung.16/(1)^1(2)^2(4)^2(8)^2/group.256	29	48	48	method=1	log2H=6.00	image=0	bad=0
father: level 3 number of orbits 1 lengths 1
Z	carat/tables/qcatalog/dim5/dir.2-1;1;1;1/ordnung.16/(1)^1(2)^2(4)^2(8)^2/group.258	30	64	64	method=1	log2H=6.00	image=0	bad=0
Z	carat/tables/qcatalog/dim5/dir.2-1;1;1;1/ordnung.16/(1)^1(2)^2(4)^2(8)^2/group.251	18	12	12	method=1	log2H=4.00	image=0	bad=0
father: level 1 number of orbits 1 lengths 1
father: level 1 number of orbits 2 lengths 2
Z	carat/tables/qcatalog/dim5/dir.2-1;1;1;1/ordnung.16/(1)^1(2)^2(4)^2(8)^2/group.249	9	12	12	method=1	log2H=4.00	image=0	bad=0
Z	carat/tables/qcatalog/dim5/dir.2-1;1;1;1/ordnung.16/(1)^1(2)^2(4)^2(8)^2/group.256	30	12	12	method=1	log2H=4.00	image=0	bad=0
father: level 1 number of orbits 3 lengths 2
Z	carat/tables/qcatalog/dim5/dir.2-1;1;1;1/ordnung.16/(1)^1(2)^2(4)^2(8)^2/group.258	31	32	32	method=1	log2H=5.00	image=0	bad=0
father: level 1 number of orbits 4 lengths 2
father: level 1 number of orbits 5 lengths 1
father: level 1 number of orbits 6 lengths 1
father: level 1 number of orbits 7 lengths 1
Z	carat/tables/qcatalog/dim5/dir.2-1;1;1;1/ordnung.16/(1)^1(2)^2(4)^2(8)^2/group.251	19	36	36	method=1	log2H=6.00	image=0	bad=0
father: level 1 number of orbits 8 lengths 1
father: level 2 number of orbits 1 lengths 2
father: level 2 number of orbits 2 lengths 1
father: level 2 number of orbits 3 lengths 1
Z	carat/tables/qcatalog/dim5/dir.2-1;1;1;1/ordnung.16/(1)^1(2)^2(4)^2(8)^2/group.256	31	9	9	method=1	log2H=4.00	image=0	bad=0
father: level 1 number of orbits 1 lengths 1
father: level 2 number of orbits 1 lengths 1
father: level 1 number of orbits 1 lengths 3
Z	carat/tables/qcatalog/dim5/dir.2-1;1;1;1/ordnung.16/(1)^1(2)^2(4)^2(8)^2/group.249	10	32	32	method=1	log2H=5.00	image=0	bad=0
father: level 2 number of orbits 2 lengths 2
father: level 1 number of orbits 2 lengths 3
father: level 1 number of orbits 2 lengths 3
father: level 2 number of orbits 3 lengths 2
Z	carat/tables/qcatalog/dim5/dir.2-1;1;1;1/ordnung.16/(1)^1(2)^2(4)^2(8)^2/group.258	32	128	128	method=1	log2H=7.00	image=0	bad=0
father: level 1 number of orbits 3 lengths 3
father: level 2 number of orbits 1 lengths 1
father: level 1 number of orbits 3 lengths 3
father: level 2 number of orbits 2 lengths 2
father: level 1 number of orbits 4 lengths 1
father: level 1 number of orbits 5 lengths 1
father: level 2 number of orbits 1 lengths 3
father: level 2 number of orbits 1 lengths 1
father: level 1 number of orbits 4 lengths 3
Z	carat/tables/qcatalog/dim5/dir.1;1;1;1;1/ordnung.16/(1)^1(4)^4/group.220	7	40	40	method=1	log2H=7.00	image=0	bad=0
father: level 2 number of orbits 2 lengths 3
father: level 2 number of orbits 3 lengths 3
father: level 2 number of orbits 1 lengths 1
father: level 2 number of orbits 2 lengths 3
Z	carat/tables/qcatalog/dim5/dir.2-1;1;1;1/ordnung.16/(1)^1(2)^2(4)^2(8)^2/group.256	32	48	48	method=1	log2H=7.00	image=0	bad=0
father: level 1 number of orbits 5 lengths 3
father: level 3 number of orbits 1 lengths 1
Z	carat/tables/qcatalog/dim5/dir.2-1;1;1;1/ordnung.16/(1)^1(2)^2(4)^2(8)^2/group.249	11	20	20	method=1	log2H=5.00	image=0	bad=0
Z	carat/tables/qcatalog/dim5/dir.2-1;1;1;1/ordnung.32/(1)^1(2)^2(4)^2(8)^2/group.266	7	40	40	method=1	log2H=6.00	image=0	bad=0
Z	carat/tables/qcatalog/dim5/dir.1;1;1;1;1/ordnung.16/(1)^1(4)^2(8)^2/group.217	31	6	6	method=1	log2H=4.00	image=0	bad=0
father: level 3 number of orbits 1 lengths 1
father: level 1 number of orbits 6 lengths 3
father: level 3 number of orbits 1 lengths 2
Z	carat/tables/qcatalog/dim5/dir.2-1;1;1;1/ordnung.16/(1)^1(2)^2(4)^2(8)^2/group.258	33	96	96	method=1	log2H=7.00	image=0	bad=0
father: level 3 number of orbits 2 lengths 2
father: level 1 number of orbits 7 lengths 3
father: level 4 number of orbits 1 lengths 2
father: level 1 number of orbits 8 lengths 3
Z	carat/tables/qcatalog/dim5/dir.2-1;1;1;1/ordnung.16/(1)^1(2)^2(4)^2(8)^2/group.256	33	12	12	method=1	log2H=4.00	image=0	bad=0
father: level 1 number of orbits 9 lengths 1
father: level 1 number of orbits 10 lengths 1
Z	carat/tables/qcatalog/dim5/dir.2-1;1;1;1/ordnung.16/(1)^1(2)^2(4)^2(8)^2/group.249	12	8	8	method=1	log2H=3.00	image=0	bad=0
father: level 1 number of orbits 11 lengths 1
Z	carat/tables/qcatalog/dim5/dir.2-1;1;1;1/ordnung.16/(1)^1(2)^2(4)^2(8)^2/group.258	34	32	32	method=1	log2H=5.00	image=0	bad=0
father: level 1 number of orbits 12 lengths 1
Z	carat/tables/qcatalog/dim5/dir.1;1;1;1;1/ordnung.16/(1)^1(4)^4/group.220	8	11	11	method=1	log2H=6.00	image=0	bad=0
father: level 1 number of orbits 1 lengths 1
father: level 1 number of orbits 2 lengths 2
father: level 2 number of orbits 1 lengths 3
father: level 1 number of orbits 3 lengths 2
father: level 1 number of orbits 4 lengths 2
Z	carat/tables/qcatalog/dim5/dir.2-1;1;1;1/ordnung.16/(1)^1(2)^2(4)^2(8)^2/group.256	34	10	10	method=1	log2H=4.00	image=0	bad=0
father: level 1 number of orbits 5 lengths 1
father: level 1 number of orbits 6 lengths 1
father: level 1 number of orbits 7 lengths 1
father: level 1 number of orbits 8 lengths 1
father: level 2 number of orbits 2 lengths 3
father: level 2 number of orbits 1 lengths 2
father: level 2 number of orbits 2 lengths 1
father: level 2 number of orbits 3 lengths 1
father: level 2 number of orbits 1 lengths 1
father: level 2 number of orbits 2 lengths 2
father: level 2 number of orbits 3 lengths 3
Z	carat/tables/qcatalog/dim5/dir.2-1;1;1;1/ordnung.16/(1)^1(2)^2(4)^2(8)^2/group.249	13	6	8	method=1	log2H=3.00	image=0	bad=0
father: level 2 number of orbits 3 lengths 2
Z	carat/tables/qcatalog/dim5/dir.2-1;1;1;1/ordnung.16/(1)^1(2)^2(4)^2(8)^2/group.258	35	64	64	method=1	log2H=6.00	image=0	bad=0
father: level 2 number of orbits 1 lengths 1
father: level 2 number of orbits 4 lengths 1
father: level 2 number of orbits 2 lengths 2
father: level 2 number of orbits 1 lengths 1
father: level 2 number of orbits 5 lengths 1
father: level 3 number of orbits 1 lengths 1
Z	carat/tables/qcatalog/dim5/dir.2-1;1;1;1/ordnung.16/(1)^1(2)^2(4)^2(8)^2/group.256	35	40	40	method=1	log2H=6.00	image=0	bad=0
father: level 2 number of orbits 1 lengths 3
father: level 2 number of orbits 2 lengths 6
Z	carat/tables/qcatalog/dim5/dir.2-1;1;1;1/ordnung.16/(1)^1(2)^2(4)^2(8)^2/group.249	14	12	12	method=1	log2H=4.00	image=0	bad=0
Z	carat/tables/qcatalog/dim5/dir.2-1;1;1;1/ordnung.32/(1)^1(2)^2(4)^2(8)^2/group.265	1	2112	2112	method=1	log2H=12.00	image=0	bad=0
Z	carat/tables/qcatalog/dim5/dir.2-1;1;1;1/ordnung.16/(1)^1(2)^2(4)^2(8)^2/group.258	36	32	32	method=1	log2H=5.00	image=0	bad=0
Z	carat/tables/qcatalog/dim5/dir.2-1;1;1;1/ordnung.16/(1)^1(2)^2(4)^2(8)^2/group.256	36	12	12	method=1	log2H=4.00	image=0	bad=0
father: level 2 number of orbits 3 lengths 6
father: level 2 number of orbits 4 lengths 3
father: level 2 number of orbits 5 lengths 3
Z	carat/tables/qcatalog/dim5/dir.2-1;1;1;1/ordnung.16/(1)^1(2)^2(4)^2(8)^2/group.249	15	12	12	method=1	log2H=4.00	image=0	bad=0
father: level 2 number of orbits 6 lengths 3
Z	carat/tables/qcatalog/dim5/dir.2-1;1;1;1/ordnung.32/(1)^1(2)^2(4)^2(8)^2/group.266	8	24	24	method=1	log2H=5.00	image=0	bad=0
father: level 2 number of orbits 7 lengths 3
Z	carat/tables/qcatalog/dim5/dir.2-1;1;1;1/ordnung.16/(1)^1(2)^2(4)^2(8)^2/group.256	37	12	12	method=1	log2H=4.00	image=0	bad=0
Z	carat/tables/qcatalog/dim5/dir.1;1;1;1;1/ordnung.16/(1)^1(4)^2(8)^2/group.217	32	2	2	method=1	log2H=2.00	image=0	bad=0
father: level 2 number of orbits 1 lengths 3
Z	carat/tables/qcatalog/dim5/dir.2-1;1;1;1/ordnung.16/(1)^1(2)^2(4)^2(8)^2/group.249	16	20	20	method=1	log2H=5.00	image=0	bad=0
father: level 2 number of orbits 2 lengths 6
Z	carat/tables/qcatalog/dim5/dir.2-1;1;1;1/ordnung.32/(1)^1(2)^2(4)^2(8)^2/group.265	2	512	512	method=1	log2H=9.00	image=0	bad=0
father: level 2 number of orbits 3 lengths 3
Z	carat/tables/qcatalog/dim5/dir.2-1;1;1;1/ordnung.16/(1)^1(4)^4/group.261	1	408	408	method=1	log2H=10.00	image=0	bad=0
Z	carat/tables/qcatalog/dim5/dir.2-1;1;1;1/ordnung.16/(1)^1(2)^2(4)^2(8)^2/group.258	37	24	24	method=1	log2H=5.00	image=0	bad=0
Z	carat/tables/qcatalog/dim5/dir.2-1;1;1;1/ordnung.16/(1)^1(2)^2(4)^2(8)^2/group.256	38	32	32	method=1	log2H=6.00	image=0	bad=0
father: level 2 number of orbits 4 lengths 3
Z	carat/tables/qcatalog/dim5/dir.2-1;1;1;1/ordnung.16/(1)^1(4)^4/group.263	1	60	60	method=1	log2H=8.00	image=0	bad=0
father: level 2 number of orbits 5 lengths 3
Z	carat/tables/qcatalog/dim5/dir.2-1;1;1;1/ordnung.16/(1)^1(2)^2(4)^2(8)^2/group.249	17	8	8	method=1	log2H=3.00	image=0	bad=0
father: level 2 number of orbits 6 lengths 3
Z	carat/tables/qcatalog/dim5/dir.2-1;1;1;1/ordnung.16/(1)^1(4)^4/group.261	2	72	72	method=1	log2H=7.00	image=0	bad=0
Z	carat/tables/qcatalog/dim5/dir.2-1;1;1;1/ordnung.16/(1)^1(2)^2(4)^2(8)^2/group.258	38	16	16	method=1	log2H=4.00	image=0	bad=0
father: level 2 number of orbits 1 lengths 3
Z	carat/tables/qcatalog/dim5/dir.2-1;1;1;1/ordnung.16/(1)^1(2)^2(4)^2(8)^2/group.256	39	10	10	method=1	log2H=4.00	image=0	bad=0
father: level 2 number of orbits 2 lengths 3
Z	carat/tables/qcatalog/dim5/dir.2-1;1;1;1/ordnung.16/(1)^1(2)^2(4)^2(8)^2/group.255	1	144	144	method=1	log2H=8.00	image=0	bad=0
Z	carat/tables/qcatalog/dim5/dir.2-1;1;1;1/ordnung.16/(1)^1(2)^2(4)^2(8)^2/group.249	18	8	8	method=1	log2H=3.00	image=0	bad=0
father: level 2 number of orbits 3 lengths 3
Z	carat/tables/qcatalog/dim5/dir.2-1;1;1;1/ordnung.16/(1)^1(4)^4/group.263	2	40	40	method=1	log2H=6.00	image=0	bad=0
Z	carat/tables/qcatalog/dim5/dir.2-1;1;1;1/ordnung.32/(1)^1(2)^2(4)^2(8)^2/group.265	3	288	288	method=1	log2H=9.00	image=0	bad=0
father: level 2 number of orbits 4 lengths 3
Z	carat/tables/qcatalog/dim5/dir.2-1;1;1;1/ordnung.16/(1)^1(4)^4/group.261	3	192	192	method=1	log2H=8.00	image=0	bad=0
father: level 2 number of orbits 5 lengths 3
Z	carat/tables/qcatalog/dim5/dir.2-1;1;1;1/ordnung.16/(1)^1(2)^2(4)^2(8)^2/group.258	39	64	64	method=1	log2H=6.00	image=0	bad=0
Z	carat/tables/qcatalog/dim5/dir.2-1;1;1;1/ordnung.32/(1)^1(2)^2(4)^2(8)^2/group.266	9	12	12	method=1	log2H=4.00	image=0	bad=0
Z	carat/tables/qcatalog/dim5/dir.2-1;1;1;1/ordnung.16/(1)^1(2)^2(4)^2(8)^2/group.256	40	3	3	method=1	log2H=2.00	image=0	bad=0
father: level 2 number of orbits 1 lengths 1
father: level 2 number of orbits 2 lengths 3
Z	carat/tables/qcatalog/dim5/dir.2-1;1;1;1/ordnung.16/(1)^1(4)^4/group.263	3	24	24	method=1	log2H=5.00	image=0	bad=0
Z	carat/tables/qcatalog/dim5/dir.2-1;1;1;1/ordnung.16/(1)^1(2)^2(4)^2(8)^2/group.255	2	40	40	method=1	log2H=6.00	image=0	bad=0
father: level 1 number of orbits 1 lengths 1
Z	carat/tables/qcatalog/dim5/dir.2-1;1;1;1/ordnung.16/(1)^1(4)^4/group.261	4	96	96	method=1	log2H=7.00	image=0	bad=0
father: level 2 number of orbits 3 lengths 3
father: level 1 number of orbits 2 lengths 1
father: level 1 number of orbits 3 lengths 1
father: level 2 number of orbits 4 lengths 3
Z	carat/tables/qcatalog/dim5/dir.1;1;1;1;1/ordnung.16/(1)^1(4)^2(8)^2/group.217	33	6	6	method=1	log2H=4.00	image=0	bad=0
father: level 1 number of orbits 4 lengths 1
father: level 1 number of orbits 5 lengths 1
Z	carat/tables/qcatalog/dim5/dir.2-1;1;1;1/ordnung.16/(1)^1(2)^2(4)^2(8)^2/group.258	40	96	96	method=1	log2H=7.00	image=0	bad=0
father: level 1 number of orbits 6 lengths 1
father: level 1 number of orbits 7 lengths 1
Z	carat/tables/qcatalog/dim5/dir.2-1;1;1;1/ordnung.16/(1)^1(2)^2(4)^2(8)^2/group.255	3	64	64	method=1	log2H=6.00	image=0	bad=0
father: level 1 number of orbits 8 lengths 1
Z	carat/tables/qcatalog/dim5/dir.2-1;1;1;1/ordnung.16/(1)^1(4)^4/group.263	4	12	12	method=1	log2H=4.00	image=0	bad=0
father: level 1 number of orbits 1 lengths 1
father: level 1 number of orbits 9 lengths 1
father: level 1 number of orbits 2 lengths 2
father: level 1 number of orbits 10 lengths 1
father: level 1 number of orbits 3 lengths 2
father: level 1 number of orbits 11 lengths 1
Z	carat/tables/qcatalog/dim5/dir.2-1;1;1;1/ordnung.32/(1)^1(2)^2(4)^2(8)^2/group.265	4	256	256	method=1	log2H=8.00	image=0	bad=0
father: level 1 number of orbits 4 lengths 2
Z	carat/tables/qcatalog/dim5/dir.2-1;1;1;1/ordnung.16/(1)^1(4)^4/group.261	5	32	32	method=1	log2H=5.00	image=0	bad=0
father: level 2 number of orbits 1 lengths 1
father: level 2 number of orbits 1 lengths 6
father: level 1 number of orbits 5 lengths 1
father: level 2 number of orbits 2 lengths 1
father: level 1 number of orbits 6 lengths 1
father: level 2 number of orbits 3 lengths 1
father: level 1 number of orbits 7 lengths 1
father: level 2 number of orbits 4 lengths 1
father: level 1 number of orbits 8 lengths 1
father: level 2 number of orbits 1 lengths 1
father: level 2 number of orbits 2 lengths 1
father: level 2 number of orbits 1 lengths 2
father: level 2 number of orbits 3 lengths 1
father: level 2 number of orbits 2 lengths 1
father: level 2 number of orbits 1 lengths 1
father: level 2 number of orbits 3 lengths 1
father: level 2 number of orbits 2 lengths 1
father: level 2 number of orbits 3 lengths 1
father: level 2 number of orbits 1 lengths 1
Z	carat/tables/qcatalog/dim5/dir.2-1;1;1;1/ordnung.16/(1)^1(2)^2(4)^2(8)^2/group.258	41	16	16	method=1	log2H=4.00	image=0	bad=0
father: level 2 number of orbits 1 lengths 1
father: level 2 number of orbits 2 lengths 1
father: level 2 number of orbits 3 lengths 1
father: level 2 number of orbits 2 lengths 2
Z	carat/tables/qcatalog/dim5/dir.2-1;1;1;1/ordnung.16/(1)^1(4)^4/group.263	5	6	6	method=1	log2H=4.00	image=0	bad=0
Z	carat/tables/qcatalog/dim5/dir.2-1;1;1;1/ordnung.16/(1)^1(2)^2(4)^2(8)^2/group.256	41	10	10	method=1	log2H=4.00	image=0	bad=0
father: level 3 number of orbits 1 lengths 1
Z	carat/tables/qcatalog/dim5/dir.2-1;1;1;1/ordnung.16/(1)^1(2)^2(4)^2(8)^2/group.249	19	20	20	method=1	log2H=5.00	image=0	bad=0
father: level 2 number of orbits 3 lengths 2
Z	carat/tables/qcatalog/dim5/dir.2-1;1;1;1/ordnung.16/(1)^1(2)^2(4)^2(8)^2/group.255	4	32	32	method=1	log2H=5.00	image=0	bad=0
father: level 2 number of orbits 1 lengths 1
father: level 2 number of orbits 2 lengths 2
Z	carat/tables/qcatalog/dim5/dir.2-1;1;1;1/ordnung.16/(1)^1(4)^4/group.261	6	60	60	method=1	log2H=7.00	image=0	bad=0
father: level 2 number of orbits 1 lengths 1
father: level 3 number of orbits 1 lengths 3
Z	carat/tables/qcatalog/dim5/dir.2-1;1;1;1/ordnung.16/(1)^1(2)^2(4)^2(8)^2/group.258	42	12	12	method=1	log2H=4.00	image=0	bad=0
father: level 3 number of orbits 2 lengths 3
Z	carat/tables/qcatalog/dim5/dir.2-1;1;1;1/ordnung.16/(1)^1(4)^4/group.263	6	4	4	method=1	log2H=3.00	image=0	bad=0
father: level 3 number of orbits 1 lengths 1
Z	carat/tables/qcatalog/dim5/dir.2-1;1;1;1/ordnung.16/(1)^1(2)^2(4)^2(8)^2/group.255	5	16	16	method=1	log2H=4.00	image=0	bad=0
father: level 3 number of orbits 3 lengths 3
father: level 3 number of orbits 1 lengths 1
father: level 1 number of orbits 1 lengths 1
father: level 1 number of orbits 2 lengths 1
Z	carat/tables/qcatalog/dim5/dir.2-1;1;1;1/ordnung.32/(1)^1(2)^2(4)^2(8)^2/group.266	10	256	256	method=1	log2H=8.00	image=0	bad=0
father: level 3 number of orbits 2 lengths 3
Z	carat/tables/qcatalog/dim5/dir.2-1;1;1;1/ordnung.32/(1)^1(2)^2(4)^2(8)^2/group.265	5	64	64	method=1	log2H=6.00	image=0	bad=0
Z	carat/tables/qcatalog/dim5/dir.2-1;1;1;1/ordnung.16/(1)^1(4)^4/group.261	7	30	30	method=1	log2H=6.00	image=0	bad=0
father: level 1 number of orbits 3 lengths 1
father: level 3 number of orbits 1 lengths 1
father: level 1 number of orbits 4 lengths 1
Z	carat/tables/qcatalog/dim5/dir.1;1;1;1;1/ordnung.16/(1)^1(4)^4/group.220	9	816	816	method=1	log2H=12.00	image=0	bad=0
Z	carat/tables/qcatalog/dim5/dir.2-1;1;1;1/ordnung.16/(1)^1(4)^4/group.263	7	24	24	method=1	log2H=5.00	image=0	bad=0
father: level 1 number of orbits 5 lengths 1
Z	carat/tables/qcatalog/dim5/dir.2-1;1;1;1/ordnung.16/(1)^1(2)^2(4)^2(8)^2/group.258	43	64	64	method=1	log2H=6.00	image=0	bad=0
Z	carat/tables/qcatalog/dim5/dir.2-1;1;1;1/ordnung.16/(1)^1(2)^2(4)^2(8)^2/group.249	20	144	144	method=1	log2H=8.00	image=0	bad=0
father: level 3 number of orbits 2 lengths 3
father: level 1 number of orbits 6 lengths 1
Z	carat/tables/qcatalog/dim5/dir.2-1;1;1;1/ordnung.16/(1)^1(2)^2(4)^2(8)^2/group.255	6	36	36	method=1	log2H=6.00	image=0	bad=0
father: level 1 number of orbits 7 lengths 1
father: level 1 number of orbits 8 lengths 1
father: level 3 number of orbits 3 lengths 3
father: level 1 number of orbits 9 lengths 1
father: level 1 number of orbits 10 lengths 1
Z	carat/tables/qcatalog/dim5/dir.2-1;1;1;1/ordnung.16/(1)^1(4)^4/group.261	8	18	18	method=1	log2H=5.00	image=0	bad=0
father: level 1 number of orbits 11 lengths 1
father: level 3 number of orbits 1 lengths 3
father: level 2 number of orbits 1 lengths 1
Z	carat/tables/qcatalog/dim5/dir.2-1;1;1;1/ordnung.16/(1)^1(4)^4/group.263	8	8	8	method=1	log2H=3.00	image=0	bad=0
father: level 2 number of orbits 2 lengths 1
father: level 2 number of orbits 3 lengths 1
Z	carat/tables/qcatalog/dim5/dir.2-1;1;1;1/ordnung.16/(1)^1(2)^2(4)^2(8)^2/group.258	44	24	24	method=1	log2H=5.00	image=0	bad=0
father: level 2 number of orbits 4 lengths 1
father: level 2 number of orbits 1 lengths 1
father: level 2 number of orbits 2 lengths 1
father: level 2 number of orbits 3 lengths 1
Z	carat/tables/qcatalog/dim5/dir.2-1;1;1;1/ordnung.16/(1)^1(4)^4/group.263	9	6	6	method=1	log2H=3.00	image=0	bad=0
father: level 2 number of orbits 1 lengths 1
Z	carat/tables/qcatalog/dim5/dir.2-1;1;1;1/ordnung.32/(1)^1(2)^2(4)^2(8)^2/group.265	6	240	240	method=1	log2H=9.00	image=0	bad=0
father: level 2 number of orbits 2 lengths 1
Z	carat/tables/qcatalog/dim5/dir.2-1;1;1;1/ordnung.16/(1)^1(4)^4/group.261	9	12	12	method=1	log2H=4.00	image=0	bad=0
father: level 2 number of orbits 3 lengths 1
father: level 3 number of orbits 2 lengths 6
Z	carat/tables/qcatalog/dim5/dir.2-1;1;1;1/ordnung.16/(1)^1(2)^2(4)^2(8)^2/group.249	21	64	64	method=1	log2H=6.00	image=0	bad=0
father: level 2 number of orbits 1 lengths 1
Z	carat/tables/qcatalog/dim5/dir.2-1;1;1;1/ordnung.16/(1)^1(2)^2(4)^2(8)^2/group.258	45	12	12	method=1	log2H=4.00	image=0	bad=0
father: level 2 number of orbits 2 lengths 1
Z	carat/tables/qcatalog/dim5/dir.2-1;1;1;1/ordnung.32/(1)^1(2)^2(4)^2(8)^2/group.266	11	144	144	method=1	log2H=8.00	image=0	bad=0
father: level 3 number of orbits 1 lengths 3
father: level 2 number of orbits 3 lengths 1
father: level 3 number of orbits 1 lengths 1
Z	carat/tables/qcatalog/dim5/dir.2-1;1;1;1/ordnung.16/(1)^1(4)^4/group.263	10	10	10	method=1	log2H=5.00	image=0	bad=0
father: level 3 number of orbits 2 lengths 3
Z	carat/tables/qcatalog/dim5/dir.2-1;1;1;1/ordnung.16/(1)^1(2)^2(4)^2(8)^2/group.258	46	16	16	method=1	log2H=4.00	image=0	bad=0
father: level 3 number of orbits 1 lengths 2
father: level 3 number of orbits 1 lengths 3
Z	carat/tables/qcatalog/dim5/dir.1;1;1;1;1/ordnung.16/(1)^1(4)^4/group.220	10	55	55	method=1	log2H=8.00	image=0	bad=0
father: level 3 number of orbits 2 lengths 1
father: level 3 number of orbits 3 lengths 2
father: level 3 number of orbits 1 lengths 1
Z	carat/tables/qcatalog/dim5/dir.2-1;1;1;1/ordnung.16/(1)^1(2)^2(4)^2(8)^2/group.255	7	36	36	method=1	log2H=6.00	image=0	bad=0
Z	carat/tables/qcatalog/dim5/dir.2-1;1;1;1/ordnung.16/(1)^1(4)^4/group.263	11	8	8	method=1	log2H=3.00	image=0	bad=0
Z	carat/tables/qcatalog/dim5/dir.2-1;1;1;1/ordnung.16/(1)^1(4)^4/group.261	10	96	96	method=1	log2H=7.00	image=0	bad=0
father: level 4 number of orbits 1 lengths 1
father: level 4 number of orbits 1 lengths 2
Z	carat/tables/qcatalog/dim5/dir.2-1;1;1;1/ordnung.16/(1)^1(2)^2(4)^2(8)^2/group.258	47	64	64	method=1	log2H=6.00	image=0	bad=0
father: level 4 number of orbits 1 lengths 2
Z	carat/tables/qcatalog/dim5/dir.2-1;1;1;1/ordnung.32/(1)^1(2)^2(4)^2(8)^2/group.266	12	32	32	method=1	log2H=5.00	image=0	bad=0
father: level 4 number of orbits 2 lengths 2
Z	carat/tables/qcatalog/dim5/dir.2-1;1;1;1/ordnung.16/(1)^1(4)^4/group.261	11	12	12	method=1	log2H=4.00	image=0	bad=0
Z	carat/tables/qcatalog/dim5/dir.2-1;1;1;1/ordnung.32/(1)^1(2)^2(4)^2(8)^2/group.265	7	200	200	method=1	log2H=9.00	image=0	bad=0
father: level 5 number of orbits 1 lengths 2
Z	carat/tables/qcatalog/dim5/dir.2-1;1;1;1/ordnung.16/(1)^1(2)^2(4)^2(8)^2/group.258	48	16	16	method=1	log2H=4.00	image=0	bad=0
Z	carat/tables/qcatalog/dim5/dir.2-1;1;1;1/ordnung.16/(1)^1(4)^4/group.261	12	9	9	method=1	log2H=4.00	image=0	bad=0
Z	carat/tables/qcatalog/dim5/dir.2-1;1;1;1/ordnung.16/(1)^1(2)^2(4)^2(8)^2/group.255	8	9	9	method=1	log2H=4.00	image=0	bad=0
Z	carat/tables/qcatalog/dim5/dir.2-1;1;1;1/ordnung.16/(1)^1(2)^2(4)^2(8)^2/group.249	22	36	36	method=1	log2H=6.00	image=0	bad=0
Z	carat/tables/qcatalog/dim5/dir.2-1;1;1;1/ordnung.16/(1)^1(2)^2(4)^2(8)^2/group.258	49	12	12	method=1	log2H=4.00	image=0	bad=0
Z	carat/tables/qcatalog/dim5/dir.2-1;1;1;1/ordnung.32/(1)^1(2)^2(4)^2(8)^2/group.265	8	36	36	method=1	log2H=6.00	image=0	bad=0
Z	carat/tables/qcatalog/dim5/dir.2-1;1;1;1/ordnung.32/(1)^1(2)^2(4)^2(8)^2/group.266	13	16	16	method=1	log2H=4.00	image=0	bad=0
Z	carat/tables/qcatalog/dim5/dir.2-1;1;1;1/ordnung.16/(1)^1(4)^4/group.263	12	10	10	method=1	log2H=5.00	image=0	bad=0
Z	carat/tables/qcatalog/dim5/dir.2-1;1;1;1/ordnung.32/(1)^1(2)^2(4)^4/group.268	1	3168	3168	method=1	log2H=13.00	image=0	bad=0
Z	carat/tables/qcatalog/dim5/dir.2-1;1;1;1/ordnung.16/(1)^1(2)^2(4)^2(8)^2/group.255	9	9	9	method=1	log2H=4.00	image=0	bad=0
Z	carat/tables/qcatalog/dim5/dir.2-1;1;1;1/ordnung.16/(1)^1(2)^2(4)^2(8)^2/group.258	50	24	24	method=1	log2H=5.00	image=0	bad=0
Z	carat/tables/qcatalog/dim5/dir.2-1;1;1;1/ordnung.16/(1)^1(2)^2(4)^2(8)^2/group.249	23	32	32	method=1	log2H=5.00	image=0	bad=0
Z	carat/tables/qcatalog/dim5/dir.2-1;1;1;1/ordnung.16/(1)^1(2)^2(4)^2(8)^2/group.255	10	32	32	method=1	log2H=5.00	image=0	bad=0
Z	carat/tables/qcatalog/dim5/dir.2-1;1;1;1/ordnung.16/(1)^1(2)^2(4)^2(8)^2/group.258	51	16	16	method=1	log2H=4.00	image=0	bad=0
Z	carat/tables/qcatalog/dim5/dir.1;1;1;1;1/ordnung.16/(1)^1(4)^4/group.220	11	100	100	method=1	log2H=8.00	image=0	bad=0
Z	carat/tables/qcatalog/dim5/dir.2-1;1;1;1/ordnung.32/(1)^1(2)^2(4)^2(8)^2/group.265	9	36	36	method=1	log2H=6.00	image=0	bad=0
Z	carat/tables/qcatalog/dim5/dir.2-1;1;1;1/ordnung.16/(1)^1(2)^2(4)^2(8)^2/group.249	24	16	16	method=1	log2H=4.00	image=0	bad=0
Z	carat/tables/qcatalog/dim5/dir.2-1;1;1;1/ordnung.32/(1)^1(2)^2(4)^2(8)^2/group.266	14	24	24	method=1	log2H=5.00	image=0	bad=0
Z	carat/tables/qcatalog/dim5/dir.2-1;1;1;1/ordnung.32/(1)^1(2)^2(4)^4/group.268	2	272	272	method=1	log2H=9.00	image=0	bad=0
Z	carat/tables/qcatalog/dim5/dir.2-1;1;1;1/ordnung.16/(1)^1(2)^2(4)^2(8)^2/group.255	11	12	12	method=1	log2H=4.00	image=0	bad=0
Z	carat/tables/qcatalog/dim5/dir.2-1;1;1;1/ordnung.16/(1)^1(2)^2(4)^2(8)^2/group.258	52	64	64	method=1	log2H=6.00	image=0	bad=0
Z	carat/tables/qcatalog/dim5/dir.2-1;1;1;1/ordnung.16/(1)^1(4)^4/group.261	13	60	60	method=1	log2H=7.00	image=0	bad=0
Z	carat/tables/qcatalog/dim5/dir.2-1;1;1;1/ordnung.16/(1)^1(2)^2(4)^2(8)^2/group.255	12	12	12	method=1	log2H=4.00	image=0	bad=0
Z	carat/tables/qcatalog/dim5/dir.2-1;1;1;1/ordnung.16/(1)^1(2)^2(4)^2(8)^2/group.258	53	16	16	method=1	log2H=4.00	image=0	bad=0
father: level 1 number of orbits 1 lengths 1
Z	carat/tables/qcatalog/dim5/dir.2-1;1;1;1/ordnung.32/(1)^1(2)^2(4)^2(8)^2/group.265	10	256	256	method=1	log2H=8.00	image=0	bad=0
father: level 1 number of orbits 2 lengths 2
father: level 1 number of orbits 3 lengths 2
father: level 1 number of orbits 4 lengths 2
Z	carat/tables/qcatalog/dim5/dir.2-1;1;1;1/ordnung.16/(1)^1(2)^2(4)^2(8)^2/group.255	13	24	24	method=1	log2H=5.00	image=0	bad=0
father: level 1 number of orbits 5 lengths 1
father: level 1 number of orbits 6 lengths 1
Z	carat/tables/qcatalog/dim5/dir.2-1;1;1;1/ordnung.16/(1)^1(2)^2(4)^2(8)^2/group.258	54	4	4	method=1	log2H=2.00	image=0	bad=0
Z	carat/tables/qcatalog/dim5/dir.2-1;1;1;1/ordnung.16/(1)^1(4)^4/group.261	14	24	24	method=1	log2H=5.00	image=0	bad=0
father: level 1 number of orbits 7 lengths 1
Z	carat/tables/qcatalog/dim5/dir.2-1;1;1;1/ordnung.32/(1)^1(2)^2(4)^2(8)^2/group.266	15	12	12	method=1	log2H=4.00	image=0	bad=0
father: level 1 number of orbits 8 lengths 1
father: level 2 number of orbits 1 lengths 2
father: level 2 number of orbits 2 lengths 1
father: level 2 number of orbits 3 lengths 1
Z	carat/tables/qcatalog/dim5/dir.2-1;1;1;1/ordnung.32/(1)^1(2)^2(4)^4/group.268	3	768	768	method=1	log2H=10.00	image=0	bad=0
father: level 2 number of orbits 1 lengths 1
father: level 1 number of orbits 1 lengths 3
Z	carat/tables/qcatalog/dim5/dir.2-1;1;1;1/ordnung.16/(1)^1(2)^2(4)^2(8)^2/group.255	14	8	8	method=1	log2H=3.00	image=0	bad=0
Z	carat/tables/qcatalog/dim5/dir.2-1;1;1;1/ordnung.16/(1)^1(4)^4/group.261	15	12	12	method=1	log2H=4.00	image=0	bad=0
father: level 1 number of orbits 2 lengths 1
Z	carat/tables/qcatalog/dim5/dir.2-1;1;1;1/ordnung.16/(1)^1(2)^2(4)^2(8)^2/group.258	55	16	16	method=1	log2H=4.00	image=0	bad=0
Z	carat/tables/qcatalog/dim5/dir.1;1;1;1;1/ordnung.32/(1)^1(4)^4/group.221	6	3100	3100	method=1	log2H=15.00	image=0	bad=0
father: level 2 number of orbits 2 lengths 2
father: level 1 number of orbits 3 lengths 6
Z	carat/tables/qcatalog/dim5/dir.2-1;1;1;1/ordnung.32/(1)^1(2)^2(4)^2(8)^2/group.265	11	144	144	method=1	log2H=8.00	image=0	bad=0
father: level 2 number of orbits 3 lengths 2
Z	carat/tables/qcatalog/dim5/dir.2-1;1;1;1/ordnung.16/(1)^1(2)^2(4)^2(8)^2/group.249	25	36	36	method=1	log2H=6.00	image=0	bad=0
father: level 2 number of orbits 1 lengths 1
father: level 2 number of orbits 2 lengths 2
father: level 2 number of orbits 1 lengths 1
father: level 3 number of orbits 1 lengths 1
father: level 1 number of orbits 4 lengths 6
Z	carat/tables/qcatalog/dim5/dir.2-1;1;1;1/ordnung.16/(1)^1(4)^4/group.261	16	56	56	method=1	log2H=7.00	image=0	bad=0
father: level 1 number of orbits 5 lengths 2
father: level 1 number of orbits 6 lengths 1
Z	carat/tables/qcatalog/dim5/dir.2-1;1;1;1/ordnung.32/(1)^1(2)^2(4)^2(8)^2/group.266	16	144	144	method=1	log2H=8.00	image=0	bad=0
Z	carat/tables/qcatalog/dim5/dir.2-1;1;1;1/ordnung.32/(1)^1(2)^2(4)^4/group.268	4	384	384	method=1	log2H=9.00	image=0	bad=0
father: level 1 number of orbits 7 lengths 3
Z	carat/tables/qcatalog/dim5/dir.2-1;1;1;1/ordnung.16/(1)^1(2)^2(4)^2(8)^2/group.249	26	10	10	method=1	log2H=4.00	image=0	bad=0
father: level 1 number of orbits 8 lengths 3
father: level 1 number of orbits 9 lengths 1
Z	carat/tables/qcatalog/dim5/dir.2-1;1;1;1/ordnung.16/(1)^1(2)^2(4)^2(8)^2/group.255	15	4	4	method=1	log2H=2.00	image=0	bad=0
father: level 2 number of orbits 1 lengths 1
Z	carat/tables/qcatalog/dim5/dir.2-1;1;1;1/ordnung.16/(1)^1(4)^4/group.261	17	24	24	method=1	log2H=5.00	image=0	bad=0
Z	carat/tables/qcatalog/dim5/dir.2-1;1;1;1/ordnung.32/(1)^1(2)^2(4)^2(8)^2/group.265	12	32	32	method=1	log2H=5.00	image=0	bad=0
father: level 2 number of orbits 2 lengths 6
Z	carat/tables/qcatalog/dim5/dir.2-1;1;1;1/ordnung.16/(1)^1(2)^2(4)^2(8)^2/group.249	27	16	16	method=1	log2H=4.00	image=0	bad=0
father: level 2 number of orbits 3 lengths 6
Z	carat/tables/qcatalog/dim5/dir.2-1;1;1;1/ordnung.16/(1)^1(4)^4/group.261	18	12	12	method=1	log2H=4.00	image=0	bad=0
Z	carat/tables/qcatalog/dim5/dir.2-1;1;1;1/ordnung.16/(1)^1(2)^2(4)^2(8)^2/group.257	1	216	216	method=1	log2H=9.00	image=0	bad=0
father: level 2 number of orbits 4 lengths 6
Z	carat/tables/qcatalog/dim5/dir.2-1;1;1;1/ordnung.32/(1)^1(2)^2(4)^2(8)^2/group.265	13	16	16	method=1	log2H=4.00	image=0	bad=0
Z	carat/tables/qcatalog/dim5/dir.2-1;1;1;1/ordnung.32/(1)^1(2)^2(4)^2(8)^2/group.266	17	32	32	method=1	log2H=5.00	image=0	bad=0
father: level 2 number of orbits 5 lengths 3
Z	carat/tables/qcatalog/dim5/dir.2-1;1;1;1/ordnung.16/(1)^1(2)^2(4)^2(8)^2/group.249	28	6	6	method=1	log2H=3.00	image=0	bad=0
father: level 2 number of orbits 6 lengths 3
Z	carat/tables/qcatalog/dim5/dir.2-1;1;1;1/ordnung.16/(1)^1(2)^2(4)^2(8)^2/group.257	2	40	40	method=1	log2H=6.00	image=0	bad=0
father: level 2 number of orbits 7 lengths 3
father: level 2 number of orbits 8 lengths 3
Z	carat/tables/qcatalog/dim5/dir.2-1;1;1;1/ordnung.32/(1)^1(2)^2(4)^4/group.268	5	64	64	method=1	log2H=6.00	image=0	bad=0
Z	carat/tables/qcatalog/dim5/dir.2-1;1;1;1/ordnung.16/(1)^1(2)^2(4)^2(8)^2/group.257	3	96	96	method=1	log2H=7.00	image=0	bad=0
Z	carat/tables/qcatalog/dim5/dir.2-1;1;1;1/ordnung.16/(1)^1(2)^2(4)^2(8)^2/group.249	29	32	32	method=1	log2H=5.00	image=0	bad=0
father: level 2 number of orbits 1 lengths 6
Z	carat/tables/qcatalog/dim5/dir.2-1;1;1;1/ordnung.16/(1)^1(2)^2(4)^2(8)^2/group.255	16	20	20	method=1	log2H=5.00	image=0	bad=0
father: level 2 number of orbits 2 lengths 1
Z	carat/tables/qcatalog/dim5/dir.2-1;1;1;1/ordnung.32/(1)^1(2)^2(4)^2(8)^2/group.265	14	48	48	method=1	log2H=6.00	image=0	bad=0
Z	carat/tables/qcatalog/dim5/dir.2-1;1;1;1/ordnung.16/(1)^1(2)^2(4)^2(8)^2/group.257	4	48	48	method=1	log2H=6.00	image=0	bad=0
Z	carat/tables/qcatalog/dim5/dir.2-1;1;1;1/ordnung.32/(1)^1(2)^2(4)^2(8)^2/group.266	18	24	24	method=1	log2H=5.00	image=0	bad=0
Z	carat/tables/qcatalog/dim5/dir.2-1;1;1;1/ordnung.16/(1)^1(2)^2(4)^2(8)^2/group.249	30	30	30	method=1	log2H=6.00	image=0	bad=0
father: level 2 number of orbits 3 lengths 3
Z	carat/tables/qcatalog/dim5/dir.2-1;1;1;1/ordnung.16/(1)^1(2)^2(4)^2(8)^2/group.257	5	16	16	method=1	log2H=4.00	image=0	bad=0
Z	carat/tables/qcatalog/dim5/dir.2-1;1;1;1/ordnung.16/(1)^1(2)^2(4)^2(8)^2/group.255	17	8	8	method=1	log2H=3.00	image=0	bad=0
Z	carat/tables/qcatalog/dim5/dir.2-1;1;1;1/ordnung.16/(1)^1(2)^2(4)^2(8)^2/group.253	1	384	384	method=1	log2H=9.00	image=0	bad=0
father: level 2 number of orbits 1 lengths 3
Z	carat/tables/qcatalog/dim5/dir.1;1;1;1;1/ordnung.32/(1)^1(4)^4/group.221	7	210	210	method=1	log2H=10.00	image=0	bad=0
Z	carat/tables/qcatalog/dim5/dir.2-1;1;1;1/ordnung.32/(1)^1(2)^2(4)^2(8)^2/group.265	15	40	40	method=1	log2H=6.00	image=0	bad=0
Z	carat/tables/qcatalog/dim5/dir.2-1;1;1;1/ordnung.16/(1)^1(2)^2(4)^2(8)^2/group.249	31	8	8	method=1	log2H=3.00	image=0	bad=0
Z	carat/tables/qcatalog/dim5/dir.2-1;1;1;1/ordnung.16/(1)^1(2)^2(4)^2(8)^2/group.257	6	36	36	method=1	log2H=6.00	image=0	bad=0
Z	carat/tables/qcatalog/dim5/dir.2-1;1;1;1/ordnung.16/(1)^1(2)^2(4)^2(8)^2/group.255	18	6	6	method=1	log2H=3.00	image=0	bad=0
Z	carat/tables/qcatalog/dim5/dir.2-1;1;1;1/ordnung.16/(1)^1(2)^2(4)^2(8)^2/group.253	2	64	64	method=1	log2H=6.00	image=0	bad=0
Z	carat/tables/qcatalog/dim5/dir.2-1;1;1;1/ordnung.16/(1)^1(4)^4/group.261	19	56	56	method=1	log2H=7.00	image=0	bad=0
father: level 2 number of orbits 2 lengths 6
Z	carat/tables/qcatalog/dim5/dir.2-1;1;1;1/ordnung.32/(1)^1(2)^2(4)^2(8)^2/group.266	19	136	136	method=1	log2H=8.00	image=0	bad=0
Z	carat/tables/qcatalog/dim5/dir.2-1;1;1;1/ordnung.16/(1)^1(2)^2(4)^2(8)^2/group.257	7	18	18	method=1	log2H=5.00	image=0	bad=0
Z	carat/tables/qcatalog/dim5/dir.2-1;1;1;1/ordnung.16/(1)^1(2)^2(4)^2(8)^2/group.255	19	24	24	method=1	log2H=5.00	image=0	bad=0
Z	carat/tables/qcatalog/dim5/dir.2-1;1;1;1/ordnung.16/(1)^1(2)^2(4)^2(8)^2/group.253	3	96	96	method=1	log2H=7.00	image=0	bad=0
Z	carat/tables/qcatalog/dim5/dir.2-1;1;1;1/ordnung.32/(1)^1(2)^2(4)^4/group.268	6	240	240	method=1	log2H=9.00	image=0	bad=0
Z	carat/tables/qcatalog/dim5/dir.2-1;1;1;1/ordnung.16/(1)^1(2)^2(4)^2(8)^2/group.257	8	9	9	method=1	log2H=4.00	image=0	bad=0
Z	carat/tables/qcatalog/dim5/dir.2-1;1;1;1/ordnung.32/(1)^1(2)^2(4)^2(8)^2/group.265	16	144	144	method=1	log2H=8.00	image=0	bad=0
Z	carat/tables/qcatalog/dim5/dir.2-1;1;1;1/ordnung.16/(1)^1(2)^2(4)^2(8)^2/group.249	32	8	8	method=1	log2H=3.00	image=0	bad=0
father: level 2 number of orbits 3 lengths 12
Z	carat/tables/qcatalog/dim5/dir.2-1;1;1;1/ordnung.16/(1)^1(2)^2(4)^2(8)^2/group.253	4	64	64	method=1	log2H=6.00	image=0	bad=0
Z	carat/tables/qcatalog/dim5/dir.2-1;1;1;1/ordnung.16/(1)^1(2)^2(4)^2(8)^2/group.255	20	160	160	method=1	log2H=8.00	image=0	bad=0
Z	carat/tables/qcatalog/dim5/dir.2-1;1;1;1/ordnung.16/(1)^1(2)^2(4)^2(8)^2/group.257	9	6	6	method=1	log2H=3.00	image=0	bad=0
Z	carat/tables/qcatalog/dim5/dir.1;1;1;1;1/ordnung.16/(1)^1(4)^4/group.220	12	1104	1104	method=1	log2H=12.00	image=0	bad=0
Z	carat/tables/qcatalog/dim5/dir.2-1;1;1;1/ordnung.16/(1)^1(2)^2(4)^2(8)^2/group.249	33	9	9	method=1	log2H=4.00	image=0	bad=0
Z	carat/tables/qcatalog/dim5/dir.2-1;1;1;1/ordnung.16/(1)^1(2)^2(4)^2(8)^2/group.253	5	48	48	method=1	log2H=6.00	image=0	bad=0
father: level 2 number of orbits 4 lengths 6
Z	carat/tables/qcatalog/dim5/dir.2-1;1;1;1/ordnung.16/(1)^1(2)^2(4)^2(8)^2/group.257	10	48	48	method=1	log2H=6.00	image=0	bad=0
Z	carat/tables/qcatalog/dim5/dir.2-1;1;1;1/ordnung.16/(1)^1(2)^2(4)^2(8)^2/group.255	21	40	40	method=1	log2H=6.00	image=0	bad=0
Z	carat/tables/qcatalog/dim5/dir.2-1;1;1;1/ordnung.32/(1)^1(2)^2(4)^2(8)^2/group.265	17	32	32	method=1	log2H=5.00	image=0	bad=0
Z	carat/tables/qcatalog/dim5/dir.2-1;1;1;1/ordnung.16/(1)^1(2)^2(4)^2(8)^2/group.249	34	6	6	method=1	log2H=3.00	image=0	bad=0
Z	carat/tables/qcatalog/dim5/dir.2-1;1;1;1/ordnung.16/(1)^1(2)^2(4)^2(8)^2/group.253	6	96	96	method=1	log2H=7.00	image=0	bad=0
father: level 1 number of orbits 1 lengths 3
Z	carat/tables/qcatalog/dim5/dir.2-1;1;1;1/ordnung.16/(1)^1(2)^2(4)^2(8)^2/group.255	22	64	64	method=1	log2H=6.00	image=0	bad=0
father: level 1 number of orbits 2 lengths 3
father: level 1 number of orbits 3 lengths 3
father: level 2 number of orbits 5 lengths 6
father: level 1 number of orbits 4 lengths 1
father: level 1 number of orbits 5 lengths 1
father: level 2 number of orbits 1 lengths 3
father: level 2 number of orbits 2 lengths 3
father: level 2 number of orbits 1 lengths 3
Z	carat/tables/qcatalog/dim5/dir.2-1;1;1;1/ordnung.16/(1)^1(2)^2(4)^2(8)^2/group.257	11	8	8	method=1	log2H=3.00	image=0	bad=0
father: level 1 number of orbits 1 lengths 1
Z	carat/tables/qcatalog/dim5/dir.2-1;1;1;1/ordnung.16/(1)^1(2)^2(4)^2(8)^2/group.253	7	48	48	method=1	log2H=6.00	image=0	bad=0
father: level 1 number of orbits 2 lengths 1
father: level 1 number of orbits 3 lengths 1
father: level 1 number of orbits 4 lengths 1
Z	carat/tables/qcatalog/dim5/dir.2-1;1;1;1/ordnung.16/(1)^1(2)^2(4)^2(8)^2/group.249	35	24	24	method=1	log2H=5.00	image=0	bad=0
father: level 1 number of orbits 5 lengths 1
father: level 1 number of orbits 6 lengths 1
father: level 1 number of orbits 7 lengths 1
father: level 1 number of orbits 8 lengths 1
Z	carat/tables/qcatalog/dim5/dir.2-1;1;1;1/ordnung.32/(1)^1(2)^2(4)^4/group.268	7	60	60	method=1	log2H=7.00	image=0	bad=0
father: level 1 number of orbits 9 lengths 1
father: level 1 number of orbits 10 lengths 1
father: level 2 number of orbits 3 lengths 3
father: level 1 number of orbits 11 lengths 1
father: level 2 number of orbits 1 lengths 1
father: level 2 number of orbits 2 lengths 1
father: level 2 number of orbits 3 lengths 1
Z	carat/tables/qcatalog/dim5/dir.2-1;1;1;1/ordnung.32/(1)^1(2)^2(4)^2(8)^2/group.265	18	24	24	method=1	log2H=5.00	image=0	bad=0
father: level 2 number of orbits 4 lengths 1
father: level 2 number of orbits 1 lengths 1
father: level 2 number of orbits 1 lengths 1
father: level 2 number of orbits 2 lengths 1
father: level 2 number of orbits 2 lengths 6
father: level 2 number of orbits 3 lengths 1
Z	carat/tables/qcatalog/dim5/dir.2-1;1;1;1/ordnung.16/(1)^1(2)^2(4)^2(8)^2/group.255	23	32	32	method=1	log2H=5.00	image=0	bad=0
father: level 2 number of orbits 1 lengths 1
father: level 2 number of orbits 2 lengths 1
father: level 2 number of orbits 2 lengths 3
father: level 2 number of orbits 3 lengths 1
father: level 2 number of orbits 1 lengths 1
father: level 2 number of orbits 2 lengths 1
father: level 2 number of orbits 3 lengths 1
Z	carat/tables/qcatalog/dim5/dir.2-1;1;1;1/ordnung.16/(1)^1(2)^2(4)^2(8)^2/group.253	8	16	16	method=1	log2H=4.00	image=0	bad=0
father: level 3 number of orbits 1 lengths 1
father: level 3 number of orbits 1 lengths 1
Z	carat/tables/qcatalog/dim5/dir.2-1;1;1;1/ordnung.16/(1)^1(2)^2(4)^2(8)^2/group.249	36	8	8	method=1	log2H=3.00	image=0	bad=0
Z	carat/tables/qcatalog/dim5/dir.2-1;1;1;1/ordnung.32/(1)^1(2)^2(4)^4/group.268	8	36	36	method=1	log2H=6.00	image=0	bad=0
Z	carat/tables/qcatalog/dim5/dir.2-1;1;1;1/ordnung.16/(1)^1(2)^2(4)^2(8)^2/group.253	9	48	48	method=1	log2H=6.00	image=0	bad=0
father: level 2 number of orbits 3 lengths 6
Z	carat/tables/qcatalog/dim5/dir.1;1;1;1;1/ordnung.16/(1)^1(4)^4/group.220	13	160	160	method=1	log2H=8.00	image=0	bad=0
Z	carat/tables/qcatalog/dim5/dir.2-1;1;1;1/ordnung.16/(1)^1(2)^2(4)^2(8)^2/group.249	37	9	9	method=1	log2H=4.00	image=0	bad=0
father: level 2 number of orbits 1 lengths 1
Z	carat/tables/qcatalog/dim5/dir.2-1;1;1;1/ordnung.16/(1)^1(2)^2(4)^2(8)^2/group.253	10	24	24	method=1	log2H=5.00	image=0	bad=0
Z	carat/tables/qcatalog/dim5/dir.2-1;1;1;1/ordnung.16/(1)^1(2)^2(4)^2(8)^2/group.255	24	16	16	method=1	log2H=4.00	image=0	bad=0
Z	carat/tables/qcatalog/dim5/dir.2-1;1;1;1/ordnung.16/(1)^1(2)^2(4)^2(8)^2/group.257	12	6	6	method=1	log2H=3.00	image=0	bad=0
Z	carat/tables/qcatalog/dim5/dir.2-1;1;1;1/ordnung.32/(1)^1(2)^2(4)^2(8)^2/group.265	19	144	144	method=1	log2H=8.00	image=0	bad=0
Z	carat/tables/qcatalog/dim5/dir.1;1;1;1;1/ordnung.32/(1)^1(4)^4/group.221	8	360	360	method=1	log2H=10.00	image=0	bad=0
father: level 3 number of orbits 1 lengths 2
father: level 3 number of orbits 2 lengths 1
father: level 3 number of orbits 3 lengths 1
Z	carat/tables/qcatalog/dim5/dir.2-1;1;1;1/ordnung.16/(1)^1(2)^2(4)^2(8)^2/group.257	13	36	36	method=1	log2H=6.00	image=0	bad=0
father: level 3 number of orbits 1 lengths 3
Z	carat/tables/qcatalog/dim5/dir.2-1;1;1;1/ordnung.16/(1)^1(2)^2(4)^2(8)^2/group.255	25	48	48	method=1	log2H=6.00	image=0	bad=0
Z	carat/tables/qcatalog/dim5/dir.2-1;1;1;1/ordnung.32/(1)^1(2)^2(4)^4/group.268	9	12	12	method=1	log2H=4.00	image=0	bad=0
Z	carat/tables/qcatalog/dim5/dir.2-1;1;1;1/ordnung.16/(1)^1(2)^2(4)^2(8)^2/group.253	11	16	16	method=1	log2H=4.00	image=0	bad=0
father: level 3 number of orbits 2 lengths 6
Z	carat/tables/qcatalog/dim5/dir.2-1;1;1;1/ordnung.16/(1)^1(2)^2(4)^2(8)^2/group.259	1	768	768	method=1	log2H=10.00	image=0	bad=0
Z	carat/tables/qcatalog/dim5/dir.2-1;1;1;1/ordnung.16/(1)^1(2)^2(4)^2(8)^2/group.257	14	12	12	method=1	log2H=4.00	image=0	bad=0
Z	carat/tables/qcatalog/dim5/dir.2-1;1;1;1/ordnung.16/(1)^1(2)^2(4)^2(8)^2/group.249	38	20	20	method=1	log2H=5.00	image=0	bad=0
father: level 3 number of orbits 3 lengths 6
father: level 3 number of orbits 1 lengths 3
Z	carat/tables/qcatalog/dim5/dir.2-1;1;1;1/ordnung.16/(1)^1(2)^2(4)^2(8)^2/group.255	26	12	12	method=1	log2H=4.00	image=0	bad=0
Z	carat/tables/qcatalog/dim5/dir.2-1;1;1;1/ordnung.16/(1)^1(2)^2(4)^2(8)^2/group.259	2	192	192	method=1	log2H=8.00	image=0	bad=0
Z	carat/tables/qcatalog/dim5/dir.2-1;1;1;1/ordnung.16/(1)^1(2)^2(4)^2(8)^2/group.253	12	16	16	method=1	log2H=4.00	image=0	bad=0
father: level 3 number of orbits 2 lengths 6
father: level 1 number of orbits 1 lengths 3
father: level 1 number of orbits 2 lengths 3
Z	carat/tables/qcatalog/dim5/dir.2-1;1;1;1/ordnung.16/(1)^1(2)^2(4)^2(8)^2/group.249	39	6	6	method=1	log2H=3.00	image=0	bad=0
father: level 1 number of orbits 3 lengths 3
father: level 1 number of orbits 4 lengths 1
father: level 1 number of orbits 5 lengths 1
father: level 3 number of orbits 1 lengths 3
father: level 2 number of orbits 1 lengths 3
father: level 2 number of orbits 2 lengths 3
Z	carat/tables/qcatalog/dim5/dir.1;1;1;1;1/ordnung.32/(1)^1(4)^4/group.221	9	24	24	method=1	log2H=6.00	image=0	bad=0
father: level 2 number of orbits 3 lengths 3
father: level 2 number of orbits 1 lengths 1
Z	carat/tables/qcatalog/dim5/dir.2-1;1;1;1/ordnung.16/(1)^1(2)^2(4)^2(8)^2/group.257	15	6	6	method=1	log2H=3.00	image=0	bad=0
father: level 2 number of orbits 2 lengths 3
Z	carat/tables/qcatalog/dim5/dir.2-1;1;1;1/ordnung.16/(1)^1(2)^2(4)^2(8)^2/group.259	3	192	192	method=1	log2H=8.00	image=0	bad=0
father: level 3 number of orbits 1 lengths 3
father: level 3 number of orbits 1 lengths 1
Z	carat/tables/qcatalog/dim5/dir.2-1;1;1;1/ordnung.32/(1)^1(2)^2(4)^4/group.268	10	384	384	method=1	log2H=9.00	image=0	bad=0
Z	carat/tables/qcatalog/dim5/dir.2-1;1;1;1/ordnung.16/(1)^1(2)^2(4)^2(8)^2/group.249	40	2	2	method=1	log2H=1.00	image=0	bad=0
Z	carat/tables/qcatalog/dim5/dir.2-1;1;1;1/ordnung.32/(1)^1(2)^2(4)^4/group.270	1	816	816	method=1	log2H=12.00	image=0	bad=0
Z	carat/tables/qcatalog/dim5/dir.2-1;1;1;1/ordnung.16/(1)^1(2)^2(4)^2(8)^2/group.255	27	12	12	method=1	log2H=4.00	image=0	bad=0
father: level 3 number of orbits 2 lengths 6
Z	carat/tables/qcatalog/dim5/dir.2-1;1;1;1/ordnung.32/(1)^1(2)^2(4)^2(8)^2/group.265	20	2176	2176	method=1	log2H=12.00	image=0	bad=0
Z	carat/tables/qcatalog/dim5/dir.2-1;1;1;1/ordnung.16/(1)^1(2)^2(4)^2(8)^2/group.259	4	96	96	method=1	log2H=7.00	image=0	bad=0
father: level 4 number of orbits 1 lengths 1
Z	carat/tables/qcatalog/dim5/dir.2-1;1;1;1/ordnung.16/(1)^1(2)^2(4)^2(8)^2/group.249	41	6	6	method=1	log2H=3.00	image=0	bad=0
Z	carat/tables/qcatalog/dim5/dir.2-1;1;1;1/ordnung.16/(1)^1(2)^2(4)^2(8)^2/group.255	28	6	6	method=1	log2H=3.00	image=0	bad=0
Z	carat/tables/qcatalog/dim5/dir.2-1;1;1;1/ordnung.16/(1)^1(2)^2(4)^2(8)^2/group.259	5	48	48	method=1	log2H=6.00	image=0	bad=0
Z	carat/tables/qcatalog/dim5/dir.2-1;1;1;1/ordnung.32/(1)^1(2)^2(4)^4/group.270	2	288	288	method=1	log2H=9.00	image=0	bad=0
Z	carat/tables/qcatalog/dim5/dir.1;1;1;1;1/ordnung.16/(1)^1(4)^4/group.220	14	144	144	method=1	log2H=8.00	image=0	bad=0
Z	carat/tables/qcatalog/dim5/dir.2-1;1;1;1/ordnung.16/(1)^1(2)^2(4)^2(8)^2/group.255	29	32	32	method=1	log2H=5.00	image=0	bad=0
Z	carat/tables/qcatalog/dim5/dir.2-1;1;1;1/ordnung.16/(1)^1(2)^2(4)^2(8)^2/group.253	13	48	48	method=1	log2H=6.00	image=0	bad=0
Z	carat/tables/qcatalog/dim5/dir.2-1;1;1;1/ordnung.16/(1)^1(2)^2(4)^2(8)^2/group.257	16	32	32	method=1	log2H=6.00	image=0	bad=0
Z	carat/tables/qcatalog/dim5/dir.2-1;1;1;1/ordnung.16/(1)^1(2)^2(4)^2(8)^2/group.259	6	128	128	method=1	log2H=7.00	image=0	bad=0
Z	carat/tables/qcatalog/dim5/dir.1;1;1;1;1/ordnung.32/(1)^1(4)^4/group.221	10	24	24	method=1	log2H=6.00	image=0	bad=0
Z	carat/tables/qcatalog/dim5/dir.1;1;1;1;1/ordnung.8/(1)^1(4)^2(8)^2/min.73	1	408	408	method=1	log2H=11.00	image=0	bad=0
Z	carat/tables/qcatalog/dim5/dir.2-1;1;1;1/ordnung.32/(1)^1(2)^2(4)^2(8)^2/group.265	21	512	512	method=1	log2H=9.00	image=0	bad=0
Z	carat/tables/qcatalog/dim5/dir.2-1;1;1;1/ordnung.16/(1)^1(2)^2(4)^2(8)^2/group.255	30	12	12	method=1	log2H=4.00	image=0	bad=0
Z	carat/tables/qcatalog/dim5/dir.2-1;1;1;1/ordnung.16/(1)^1(2)^2(4)^2(8)^2/group.257	17	12	12	method=1	log2H=4.00	image=0	bad=0
Z	carat/tables/qcatalog/dim5/dir.2-1;1;1;1/ordnung.16/(1)^1(2)^2(4)^2(8)^2/group.253	14	48	48	method=1	log2H=6.00	image=0	bad=0
Z	carat/tables/qcatalog/dim5/dir.2-1;1;1;1/ordnung.32/(1)^1(2)^2(4)^4/group.268	11	24	24	method=1	log2H=5.00	image=0	bad=0
Z	carat/tables/qcatalog/dim5/dir.2-1;1;1;1/ordnung.32/(1)^1(2)^2(4)^4/group.270	3	192	192	method=1	log2H=8.00	image=0	bad=0
Z	carat/tables/qcatalog/dim5/dir.2-1;1;1;1/ordnung.32/(1)^1(2)^2(4)^4/group.272	1	752	752	method=1	log2H=12.00	image=0	bad=0
Z	carat/tables/qcatalog/dim5/dir.2-1;1;1;1/ordnung.16/(1)^1(2)^2(4)^2(8)^2/group.257	18	8	8	method=1	log2H=3.00	image=0	bad=0
Z	carat/tables/qcatalog/dim5/dir.1;1;1;1;1/ordnung.16/(1)^1(4)^4/group.220	15	18	18	method=1	log2H=5.00	image=0	bad=0
Z	carat/tables/qcatalog/dim5/dir.2-1;1;1;1/ordnung.32/(1)^1(2)^2(4)^2(8)^2/group.265	22	272	272	method=1	log2H=9.00	image=0	bad=0
Z	carat/tables/qcatalog/dim5/dir.1;1;1;1;1/ordnung.8/(1)^1(4)^2(8)^2/min.73	2	60	60	method=1	log2H=8.00	image=0	bad=0
Z	carat/tables/qcatalog/dim5/dir.2-1;1;1;1/ordnung.16/(1)^1(2)^2(4)^2(8)^2/group.257	19	32	32	method=1	log2H=6.00	image=0	bad=0
Z	carat/tables/qcatalog/dim5/dir.2-1;1;1;1/ordnung.32/(1)^1(2)^2(4)^4/group.268	12	18	18	method=1	log2H=5.00	image=0	bad=0
Z	carat/tables/qcatalog/dim5/dir.2-1;1;1;1/ordnung.16/(1)^1(2)^2(4)^2(8)^2/group.255	31	6	6	method=1	log2H=3.00	image=0	bad=0
Z	carat/tables/qcatalog/dim5/dir.2-1;1;1;1/ordnung.16/(1)^1(2)^2(4)^2(8)^2/group.259	7	96	96	method=1	log2H=7.00	image=0	bad=0
Z	carat/tables/qcatalog/dim5/dir.2-1;1;1;1/ordnung.32/(1)^1(2)^2(4)^4/group.270	4	48	48	method=1	log2H=6.00	image=0	bad=0
Z	carat/tables/qcatalog/dim5/dir.1;1;1;1;1/ordnung.32/(1)^1(4)^4/group.221	11	12	12	method=1	log2H=5.00	image=0	bad=0
Z	carat/tables/qcatalog/dim5/dir.2-1;1;1;1/ordnung.16/(1)^1(2)^2(4)^2(8)^2/group.253	15	8	8	method=1	log2H=3.00	image=0	bad=0
Z	carat/tables/qcatalog/dim5/dir.2-1;1;1;1/ordnung.32/(1)^1(2)^2(4)^2(8)^2/group.265	23	256	256	method=1	log2H=8.00	image=0	bad=0
Z	carat/tables/qcatalog/dim5/dir.2-1;1;1;1/ordnung.16/(1)^1(2)^2(4)^2(8)^2/group.255	32	36	36	method=1	log2H=6.00	image=0	bad=0
Z	carat/tables/qcatalog/dim5/dir.2-1;1;1;1/ordnung.32/(1)^1(2)^2(4)^4/group.272	2	272	272	method=1	log2H=9.00	image=0	bad=0
Z	carat/tables/qcatalog/dim5/dir.2-1;1;1;1/ordnung.16/(1)^1(2)^2(4)^2(8)^2/group.259	8	32	32	method=1	log2H=5.00	image=0	bad=0
Z	carat/tables/qcatalog/dim5/dir.2-1;1;1;1/ordnung.32/(1)^1(2)^2(4)^4/group.270	5	16	16	method=1	log2H=5.00	image=0	bad=0
Z	carat/tables/qcatalog/dim5/dir.1;1;1;1;1/ordnung.8/(1)^1(4)^2(8)^2/min.73	3	144	144	method=1	log2H=8.00	image=0	bad=0
Z	carat/tables/qcatalog/dim5/dir.2-1;1;1;1/ordnung.32/(1)^1(2)^2(4)^4/group.268	13	216	216	method=1	log2H=9.00	image=0	bad=0
Z	carat/tables/qcatalog/dim5/dir.2-1;1;1;1/ordnung.16/(1)^1(2)^2(4)^2(8)^2/group.255	33	8	8	method=1	log2H=3.00	image=0	bad=0
Z	carat/tables/qcatalog/dim5/dir.2-1;1;1;1/ordnung.16/(1)^1(2)^2(4)^2(8)^2/group.259	9	96	96	method=1	log2H=7.00	image=0	bad=0
Z	carat/tables/qcatalog/dim5/dir.2-1;1;1;1/ordnung.16/(1)^1(2)^2(4)^2(8)^2/group.253	16	6	6	method=1	log2H=3.00	image=0	bad=0
Z	carat/tables/qcatalog/dim5/dir.2-1;1;1;1/ordnung.16/(1)^1(2)^2(4)^2(8)^2/group.255	34	6	6	method=1	log2H=3.00	image=0	bad=0
Z	carat/tables/qcatalog/dim5/dir.2-1;1;1;1/ordnung.32/(1)^1(2)^2(4)^4/group.272	3	160	160	method=1	log2H=8.00	image=0	bad=0
Z	carat/tables/qcatalog/dim5/dir.2-1;1;1;1/ordnung.32/(1)^1(2)^2(4)^2(8)^2/group.265	24	64	64	method=1	log2H=6.00	image=0	bad=0
Z	carat/tables/qcatalog/dim5/dir.2-1;1;1;1/ordnung.16/(1)^1(2)^2(4)^2(8)^2/group.259	10	32	32	method=1	log2H=5.00	image=0	bad=0
Z	carat/tables/qcatalog/dim5/dir.2-1;1;1;1/ordnung.32/(1)^1(2)^2(4)^4/group.270	6	8	8	method=1	log2H=4.00	image=0	bad=0
Z	carat/tables/qcatalog/dim5/dir.2-1;1;1;1/ordnung.32/(1)^1(2)^2(4)^4/group.268	14	48	48	method=1	log2H=6.00	image=0	bad=0
Z	carat/tables/qcatalog/dim5/dir.2-1;1;1;1/ordnung.16/(1)^1(2)^2(4)^2(8)^2/group.255	35	24	24	method=1	log2H=5.00	image=0	bad=0
Z	carat/tables/qcatalog/dim5/dir.2-1;1;1;1/ordnung.16/(1)^1(2)^2(4)^2(8)^2/group.253	17	48	48	method=1	log2H=6.00	image=0	bad=0
Z	carat/tables/qcatalog/dim5/dir.2-1;1;1;1/ordnung.16/(1)^1(2)^2(4)^2(8)^2/group.259	11	24	24	method=1	log2H=5.00	image=0	bad=0
Z	carat/tables/qcatalog/dim5/dir.1;1;1;1;1/ordnung.8/(1)^1(4)^2(8)^2/min.73	4	144	144	method=1	log2H=8.00	image=0	bad=0
Z	carat/tables/qcatalog/dim5/dir.2-1;1;1;1/ordnung.16/(1)^1(2)^2(4)^2(8)^2/group.255	36	8	8	method=1	log2H=3.00	image=0	bad=0
Z	carat/tables/qcatalog/dim5/dir.2-1;1;1;1/ordnung.16/(1)^1(2)^2(4)^2(8)^2/group.253	18	12	12	method=1	log2H=4.00	image=0	bad=0
Z	carat/tables/qcatalog/dim5/dir.1;1;1;1;1/ordnung.16/(1)^1(4)^4/group.220	16	18	18	method=1	log2H=5.00	image=0	bad=0
Z	carat/tables/qcatalog/dim5/dir.2-1;1;1;1/ordnung.16/(1)^1(2)^2(4)^2(8)^2/group.259	12	16	16	method=1	log2H=4.00	image=0	bad=0
Z	carat/tables/qcatalog/dim5/dir.2-1;1;1;1/ordnung.32/(1)^1(2)^2(4)^4/group.268	15	24	24	method=1	log2H=5.00	image=0	bad=0
Z	carat/tables/qcatalog/dim5/dir.2-1;1;1;1/ordnung.32/(1)^1(2)^2(4)^4/group.270	7	160	160	method=1	log2H=8.00	image=0	bad=0
Z	carat/tables/qcatalog/dim5/dir.2-1;1;1;1/ordnung.32/(1)^1(2)^2(4)^4/group.272	4	40	40	method=1	log2H=6.00	image=0	bad=0
Z	carat/tables/qcatalog/dim5/dir.2-1;1;1;1/ordnung.16/(1)^1(2)^2(4)^2(8)^2/group.255	37	12	12	method=1	log2H=4.00	image=0	bad=0
Z	carat/tables/qcatalog/dim5/dir.2-1;1;1;1/ordnung.32/(1)^1(2)^2(4)^2(8)^2/group.265	25	288	288	method=1	log2H=9.00	image=0	bad=0
Z	carat/tables/qcatalog/dim5/dir.2-1;1;1;1/ordnung.16/(1)^1(2)^2(4)^2(8)^2/group.253	19	6	6	method=1	log2H=3.00	image=0	bad=0
Z	carat/tables/qcatalog/dim5/dir.1;1;1;1;1/ordnung.8/(1)^1(4)^2(8)^2/min.73	5	40	40	method=1	log2H=6.00	image=0	bad=0
Z	carat/tables/qcatalog/dim5/dir.2-1;1;1;1/ordnung.16/(1)^1(2)^2(4)^2(8)^2/group.255	38	20	20	method=1	log2H=5.00	image=0	bad=0
Z	carat/tables/qcatalog/dim5/dir.2-1;1;1;1/ordnung.16/(1)^1(2)^2(4)^2(8)^2/group.259	13	96	96	method=1	log2H=7.00	image=0	bad=0
Z	carat/tables/qcatalog/dim5/dir.2-1;1;1;1/ordnung.16/(1)^1(2)^2(4)^2(8)^2/group.253	20	16	16	method=1	log2H=4.00	image=0	bad=0
Z	carat/tables/qcatalog/dim5/dir.2-1;1;1;1/ordnung.32/(1)^1(2)^2(4)^4/group.272	5	24	24	method=1	log2H=6.00	image=0	bad=0
Z	carat/tables/qcatalog/dim5/dir.2-1;1;1;1/ordnung.32/(1)^1(2)^2(4)^4/group.270	8	32	32	method=1	log2H=5.00	image=0	bad=0
Z	carat/tables/qcatalog/dim5/dir.2-1;1;1;1/ordnung.16/(1)^1(2)^2(4)^2(8)^2/group.255	39	8	8	method=1	log2H=3.00	image=0	bad=0
Z	carat/tables/qcatalog/dim5/dir.2-1;1;1;1/ordnung.16/(1)^1(2)^2(4)^2(8)^2/group.253	21	48	48	method=1	log2H=6.00	image=0	bad=0
Z	carat/tables/qcatalog/dim5/dir.2-1;1;1;1/ordnung.16/(1)^1(2)^2(4)^2(8)^2/group.259	14	96	96	method=1	log2H=7.00	image=0	bad=0
Z	carat/tables/qcatalog/dim5/dir.2-1;1;1;1/ordnung.16/(1)^1(2)^2(4)^2(8)^2/group.255	40	2	2	method=1	log2H=1.00	image=0	bad=0
father: level 1 number of orbits 1 lengths 2
Z	carat/tables/qcatalog/dim5/dir.2-1;1;1;1/ordnung.32/(1)^1(2)^2(4)^4/group.270	9	16	16	method=1	log2H=4.00	image=0	bad=0
father: level 1 number of orbits 2 lengths 1
father: level 1 number of orbits 3 lengths 1
father: level 1 number of orbits 4 lengths 1
father: level 1 number of orbits 5 lengths 2
Z	carat/tables/qcatalog/dim5/dir.2-1;1;1;1/ordnung.16/(1)^1(2)^2(4)^2(8)^2/group.259	15	24	24	method=1	log2H=5.00	image=0	bad=0
father: level 1 number of orbits 6 lengths 2
Z	carat/tables/qcatalog/dim5/dir.2-1;1;1;1/ordnung.16/(1)^1(2)^2(4)^2(8)^2/group.253	22	12	12	method=1	log2H=4.00	image=0	bad=0
father: level 1 number of orbits 7 lengths 1
Z	carat/tables/qcatalog/dim5/dir.1;1;1;1;1/ordnung.8/(1)^1(4)^2(8)^2/min.73	6	160	160	method=1	log2H=8.00	image=0	bad=0
father: level 1 number of orbits 8 lengths 1
father: level 2 number of orbits 1 lengths 1
Z	carat/tables/qcatalog/dim5/dir.2-1;1;1;1/ordnung.32/(1)^1(2)^2(4)^4/group.272	6	8	8	method=1	log2H=4.00	image=0	bad=0
father: level 2 number of orbits 2 lengths 2
father: level 2 number of orbits 3 lengths 2
father: level 2 number of orbits 4 lengths 2
father: level 2 number of orbits 1 lengths 1
father: level 2 number of orbits 2 lengths 1
father: level 2 number of orbits 3 lengths 1
Z	carat/tables/qcatalog/dim5/dir.1;1;1;1;1/ordnung.16/(1)^1(4)^4/group.220	17	160	160	method=1	log2H=8.00	image=0	bad=0
father: level 2 number of orbits 1 lengths 1
Z	carat/tables/qcatalog/dim5/dir.2-1;1;1;1/ordnung.32/(1)^1(2)^2(4)^4/group.268	16	224	224	method=1	log2H=9.00	image=0	bad=0
Z	carat/tables/qcatalog/dim5/dir.2-1;1;1;1/ordnung.16/(1)^1(2)^2(4)^2(8)^2/group.255	41	8	8	method=1	log2H=3.00	image=0	bad=0
Z	carat/tables/qcatalog/dim5/dir.2-1;1;1;1/ordnung.16/(1)^1(2)^2(4)^2(8)^2/group.259	16	12	12	method=1	log2H=4.00	image=0	bad=0
father: level 2 number of orbits 2 lengths 2
Z	carat/tables/qcatalog/dim5/dir.2-1;1;1;1/ordnung.16/(1)^1(2)^2(4)^2(8)^2/group.253	23	12	12	method=1	log2H=4.00	image=0	bad=0
father: level 3 number of orbits 1 lengths 1
Z	carat/tables/qcatalog/dim5/dir.2-1;1;1;1/ordnung.32/(1)^1(2)^2(4)^4/group.270	10	60	60	method=1	log2H=8.00	image=0	bad=0
father: level 1 number of orbits 1 lengths 2
father: level 1 number of orbits 2 lengths 1
father: level 1 number of orbits 3 lengths 1
father: level 1 number of orbits 4 lengths 1
father: level 1 number of orbits 5 lengths 2
Z	carat/tables/qcatalog/dim5/dir.2-1;1;1;1/ordnung.16/(1)^1(2)^2(4)^2(8)^2/group.259	17	96	96	method=1	log2H=7.00	image=0	bad=0
Z	carat/tables/qcatalog/dim5/dir.1;1;1;1;1/ordnung.8/(1)^1(4)^2(8)^2/min.73	7	48	48	method=1	log2H=6.00	image=0	bad=0
Z	carat/tables/qcatalog/dim5/dir.2-1;1;1;1/ordnung.32/(1)^1(2)^2(4)^2(8)^2/group.265	26	40	40	method=1	log2H=6.00	image=0	bad=0
father: level 1 number of orbits 6 lengths 2
Z	carat/tables/qcatalog/dim5/dir.2-1;1;1;1/ordnung.32/(1)^1(2)^2(4)^4/group.272	7	144	144	method=1	log2H=8.00	image=0	bad=0
father: level 1 number of orbits 7 lengths 1
father: level 1 number of orbits 8 lengths 1
father: level 2 number of orbits 1 lengths 1
father: level 2 number of orbits 2 lengths 2
father: level 2 number of orbits 3 lengths 2
father: level 2 number of orbits 4 lengths 2
father: level 2 number of orbits 1 lengths 1
father: level 2 number of orbits 2 lengths 1
father: level 2 number of orbits 3 lengths 1
father: level 2 number of orbits 1 lengths 1
father: level 2 number of orbits 2 lengths 2
father: level 3 number of orbits 1 lengths 1
Z	carat/tables/qcatalog/dim5/dir.1;1;1;1;1/ordnung.16/(1)^1(4)^4/group.220	18	16	16	method=1	log2H=5.00	image=0	bad=0
father: level 1 number of orbits 1 lengths 3
father: level 1 number of orbits 2 lengths 3
father: level 1 number of orbits 3 lengths 3
Z	carat/tables/qcatalog/dim5/dir.2-1;1;1;1/ordnung.16/(1)^1(2)^2(4)^2(8)^2/group.253	24	12	12	method=1	log2H=4.00	image=0	bad=0
Z	carat/tables/qcatalog/dim5/dir.2-1;1;1;1/ordnung.32/(1)^1(2)^2(4)^4/group.268	17	48	48	method=1	log2H=6.00	image=0	bad=0
Z	carat/tables/qcatalog/dim5/dir.2-1;1;1;1/ordnung.32/(1)^1(2)^2(4)^4/group.270	11	24	24	method=1	log2H=5.00	image=0	bad=0
Z	carat/tables/qcatalog/dim5/dir.2-1;1;1;1/ordnung.32/(1)^1(2)^2(4)^4/group.272	8	24	24	method=1	log2H=5.00	image=0	bad=0
Z	carat/tables/qcatalog/dim5/dir.2-1;1;1;1/ordnung.32/(1)^1(2)^2(4)^2(8)^2/group.265	27	48	48	method=1	log2H=6.00	image=0	bad=0
Z	carat/tables/qcatalog/dim5/dir.1;1;1;1;1/ordnung.16/(1)^1(4)^4/group.220	19	12	12	method=1	log2H=4.00	image=0	bad=0
Z	carat/tables/qcatalog/dim5/dir.2-1;1;1;1/ordnung.32/(1)^1(2)^2(4)^4/group.268	18	24	24	method=1	log2H=5.00	image=0	bad=0
Z	carat/tables/qcatalog/dim5/dir.2-1;1;1;1/ordnung.32/(1)^1(2)^2(4)^4/group.270	12	60	60	method=1	log2H=8.00	image=0	bad=0
Z	carat/tables/qcatalog/dim5/dir.2-1;1;1;1/ordnung.32/(1)^1(2)^2(4)^4/group.272	9	18	20	method=1	log2H=5.00	image=0	bad=0
Z	carat/tables/qcatalog/dim5/dir.2-1;1;1;1/ordnung.32/(1)^1(2)^2(4)^2(8)^2/group.265	28	12	12	method=1	log2H=4.00	image=0	bad=0
Z	carat/tables/qcatalog/dim5/dir.2-1;1;1;1/ordnung.16/(1)^1(2)^2(4)^2(8)^2/group.253	25	8	8	method=1	log2H=3.00	image=0	bad=0
Z	carat/tables/qcatalog/dim5/dir.2-1;1;1;1/ordnung.16/(1)^1(2)^2(4)^2(8)^2/group.259	18	24	24	method=1	log2H=5.00	image=0	bad=0
father: level 1 number of orbits 4 lengths 1
father: level 1 number of orbits 5 lengths 1
father: level 2 number of orbits 1 lengths 3
father: level 2 number of orbits 2 lengths 3
Z	carat/tables/qcatalog/dim5/dir.1;1;1;1;1/ordnung.16/(1)^1(4)^4/group.220	20	16	16	method=1	log2H=5.00	image=0	bad=0
Z	carat/tables/qcatalog/dim5/dir.2-1;1;1;1/ordnung.32/(1)^1(2)^2(4)^4/group.272	10	60	60	method=1	log2H=8.00	image=0	bad=0
Z	carat/tables/qcatalog/dim5/dir.1;1;1;1;1/ordnung.8/(1)^1(4)^2(8)^2/min.73	8	48	48	method=1	log2H=6.00	image=0	bad=0
Z	carat/tables/qcatalog/dim5/dir.2-1;1;1;1/ordnung.32/(1)^1(2)^2(4)^2(8)^2/group.265	29	256	256	method=1	log2H=8.00	image=0	bad=0
father: level 2 number of orbits 3 lengths 3
father: level 2 number of orbits 1 lengths 1
father: level 2 number of orbits 2 lengths 3
Z	carat/tables/qcatalog/dim5/dir.2-1;1;1;1/ordnung.16/(1)^1(2)^2(4)^2(8)^2/group.259	19	12	12	method=1	log2H=4.00	image=0	bad=0
father: level 3 number of orbits 1 lengths 1
Z	carat/tables/qcatalog/dim5/dir.2-1;1;1;1/ordnung.16/(1)^1(2)^2(4)^2(8)^2/group.253	26	48	48	method=1	log2H=6.00	image=0	bad=0
Z	carat/tables/qcatalog/dim5/dir.1;1;1;1;1/ordnung.16/(1)^1(4)^4/group.220	21	6	6	method=1	log2H=4.00	image=0	bad=0
Z	carat/tables/qcatalog/dim5/dir.2-1;1;1;1/ordnung.32/(1)^1(2)^2(4)^4/group.272	11	24	24	method=1	log2H=5.00	image=0	bad=0
Z	carat/tables/qcatalog/dim5/dir.2-1;1;1;1/ordnung.32/(1)^1(2)^2(4)^4/group.267	1	2112	2112	method=1	log2H=12.00	image=0	bad=0
Z	carat/tables/qcatalog/dim5/dir.2-1;1;1;1/ordnung.16/(1)^1(2)^2(4)^2(8)^2/group.253	27	384	384	method=1	log2H=9.00	image=0	bad=0
Z	carat/tables/qcatalog/dim5/dir.2-1;1;1;1/ordnung.32/(1)^1(2)^2(4)^2(8)^2/group.265	30	216	216	method=1	log2H=9.00	image=0	bad=0
Z	carat/tables/qcatalog/dim5/dir.2-1;1;1;1/ordnung.16/(1)^1(2)^2(4)^2(8)^2/group.259	20	16	16	method=1	log2H=4.00	image=0	bad=0
Z	carat/tables/qcatalog/dim5/dir.2-1;1;1;1/ordnung.32/(1)^1(2)^2(4)^4/group.272	12	52	52	method=1	log2H=8.00	image=0	bad=0
Z	carat/tables/qcatalog/dim5/dir.2-1;1;1;1/ordnung.16/(1)^1(2)^2(4)^2(8)^2/group.253	28	64	64	method=1	log2H=6.00	image=0	bad=0
Z	carat/tables/qcatalog/dim5/dir.2-1;1;1;1/ordnung.16/(1)^1(2)^2(4)^2(8)^2/group.259	21	96	96	method=1	log2H=7.00	image=0	bad=0
Z	carat/tables/qcatalog/dim5/dir.2-1;1;1;1/ordnung.32/(1)^1(2)^2(4)^4/group.267	2	512	512	method=1	log2H=9.00	image=0	bad=0
Z	carat/tables/qcatalog/dim5/dir.2-1;1;1;1/ordnung.16/(1)^1(2)^2(4)^2(8)^2/group.253	29	96	96	method=1	log2H=7.00	image=0	bad=0
Z	carat/tables/qcatalog/dim5/dir.2-1;1;1;1/ordnung.16/(1)^1(2)^2(4)^2(8)^2/group.259	22	16	16	method=1	log2H=4.00	image=0	bad=0
Z	carat/tables/qcatalog/dim5/dir.2-1;1;1;1/ordnung.16/(1)^1(2)^2(4)^2(8)^2/group.253	30	64	64	method=1	log2H=6.00	image=0	bad=0
Z	carat/tables/qcatalog/dim5/dir.2-1;1;1;1/ordnung.16/(1)^1(2)^2(4)^2(8)^2/group.259	23	12	12	method=1	log2H=4.00	image=0	bad=0
father: level 1 number of orbits 1 lengths 2
father: level 1 number of orbits 2 lengths 1
father: level 1 number of orbits 3 lengths 1
father: level 1 number of orbits 4 lengths 1
Z	carat/tables/qcatalog/dim5/dir.2-1;1;1;1/ordnung.32/(1)^1(2)^2(4)^4/group.267	3	160	160	method=1	log2H=8.00	image=0	bad=0
father: level 1 number of orbits 5 lengths 2
father: level 1 number of orbits 6 lengths 2
Z	carat/tables/qcatalog/dim5/dir.2-1;1;1;1/ordnung.32/(1)^1(2)^2(4)^2(8)^2/group.265	31	32	32	method=1	log2H=5.00	image=0	bad=0
Z	carat/tables/qcatalog/dim5/dir.2-1;1;1;1/ordnung.32/(1)^1(2)^2(4)^4/group.268	19	208	208	method=1	log2H=9.00	image=0	bad=0
Z	carat/tables/qcatalog/dim5/dir.1;1;1;1;1/ordnung.8/(1)^1(4)^2(8)^2/min.73	9	24	24	method=1	log2H=5.00	image=0	bad=0
father: level 1 number of orbits 7 lengths 1
father: level 1 number of orbits 8 lengths 1
father: level 2 number of orbits 1 lengths 1
Z	carat/tables/qcatalog/dim5/dir.2-1;1;1;1/ordnung.16/(1)^1(2)^2(4)^2(8)^2/group.259	24	24	24	method=1	log2H=5.00	image=0	bad=0
father: level 2 number of orbits 2 lengths 2
Z	carat/tables/qcatalog/dim5/dir.2-1;1;1;1/ordnung.16/(1)^1(2)^2(4)^2(8)^2/group.253	31	16	16	method=1	log2H=4.00	image=0	bad=0
father: level 2 number of orbits 3 lengths 2
father: level 2 number of orbits 4 lengths 2
father: level 2 number of orbits 1 lengths 1
father: level 2 number of orbits 2 lengths 1
father: level 2 number of orbits 3 lengths 1
father: level 2 number of orbits 1 lengths 1
father: level 2 number of orbits 2 lengths 2
Z	carat/tables/qcatalog/dim5/dir.1;1;1;1;1/ordnung.16/(1)^1(4)^4/group.220	22	218	218	method=1	log2H=12.00	image=0	bad=0
father: level 3 number of orbits 1 lengths 2
father: level 3 number of orbits 2 lengths 1
father: level 3 number of orbits 3 lengths 2
father: level 4 number of orbits 1 lengths 2
Z	carat/tables/qcatalog/dim5/dir.2-1;1;1;1/ordnung.16/(1)^1(2)^2(4)^2(8)^2/group.253	32	96	96	method=1	log2H=7.00	image=0	bad=0
Z	carat/tables/qcatalog/dim5/dir.1;1;1;1;1/ordnung.8/(1)^1(4)^2(8)^2/min.73	10	20	20	method=1	log2H=6.00	image=0	bad=0
Z	carat/tables/qcatalog/dim5/dir.2-1;1;1;1/ordnung.16/(1)^1(2)^2(4)^2(8)^2/group.259	25	24	24	method=1	log2H=5.00	image=0	bad=0
Z	carat/tables/qcatalog/dim5/dir.2-1;1;1;1/ordnung.16/(1)^1(2)^2(4)^2(8)^2/group.253	33	48	48	method=1	log2H=6.00	image=0	bad=0
father: level 1 number of orbits 1 lengths 3
father: level 1 number of orbits 1 lengths 1
father: level 1 number of orbits 2 lengths 3
father: level 1 number of orbits 2 lengths 1
father: level 1 number of orbits 3 lengths 1
father: level 1 number of orbits 3 lengths 3
father: level 1 number of orbits 4 lengths 1
father: level 1 number of orbits 5 lengths 1
Z	carat/tables/qcatalog/dim5/dir.2-1;1;1;1/ordnung.16/(1)^1(2)^2(4)^2(8)^2/group.259	26	96	96	method=1	log2H=7.00	image=0	bad=0
father: level 1 number of orbits 4 lengths 1
father: level 1 number of orbits 5 lengths 1
Z	carat/tables/qcatalog/dim5/dir.2-1;1;1;1/ordnung.32/(1)^1(2)^2(4)^4/group.267	4	40	40	method=1	log2H=6.00	image=0	bad=0
Z	carat/tables/qcatalog/dim5/dir.2-1;1;1;1/ordnung.8/(1)^1(4)^2(8)^2/min.89	1	32	32	method=1	log2H=6.00	image=0	bad=0
father: level 1 number of orbits 6 lengths 1
father: level 1 number of orbits 7 lengths 1
father: level 1 number of orbits 8 lengths 1
father: level 2 number of orbits 1 lengths 3
father: level 1 number of orbits 9 lengths 1
father: level 1 number of orbits 1 lengths 3
Z	carat/tables/qcatalog/dim5/dir.2-1;1;1;1/ordnung.16/(1)^1(2)^2(4)^2(8)^2/group.253	34	16	16	method=1	log2H=4.00	image=0	bad=0
father: level 1 number of orbits 10 lengths 1
Z	carat/tables/qcatalog/dim5/dir.1;1;1;1;1/ordnung.8/(1)^1(4)^2(8)^2/min.73	11	15	15	method=1	log2H=6.00	image=0	bad=0
father: level 1 number of orbits 11 lengths 1
father: level 2 number of orbits 2 lengths 3
father: level 2 number of orbits 1 lengths 1
father: level 2 number of orbits 3 lengths 3
father: level 2 number of orbits 2 lengths 1
father: level 2 number of orbits 3 lengths 1
father: level 1 number of orbits 2 lengths 3
father: level 2 number of orbits 1 lengths 1
father: level 2 number of orbits 4 lengths 1
father: level 1 number of orbits 3 lengths 3
father: level 2 number of orbits 2 lengths 3
Z	carat/tables/qcatalog/dim5/dir.2-1;1;1;1/ordnung.8/(1)^1(4)^2(8)^2/min.89	2	24	24	method=1	log2H=5.00	image=0	bad=0
father: level 2 number of orbits 1 lengths 1
father: level 2 number of orbits 2 lengths 1
father: level 2 number of orbits 3 lengths 1
father: level 3 number of orbits 1 lengths 1
father: level 2 number of orbits 1 lengths 1
father: level 2 number of orbits 2 lengths 1
father: level 2 number of orbits 3 lengths 1
father: level 2 number of orbits 1 lengths 1
father: level 2 number of orbits 2 lengths 1
father: level 2 number of orbits 3 lengths 1
Z	carat/tables/qcatalog/dim5/dir.2-1;1;1;1/ordnung.8/(1)^1(4)^2(8)^2/min.89	3	20	20	method=1	log2H=5.00	image=0	bad=0
father: level 3 number of orbits 1 lengths 2
father: level 3 number of orbits 2 lengths 1
father: level 3 number of orbits 3 lengths 2
Z	carat/tables/qcatalog/dim5/dir.2-1;1;1;1/ordnung.16/(1)^1(2)^2(4)^2(8)^2/group.253	35	48	48	method=1	log2H=6.00	image=0	bad=0
father: level 4 number of orbits 1 lengths 2
Z	carat/tables/qcatalog/dim5/dir.2-1;1;1;1/ordnung.8/(1)^1(4)^2(8)^2/min.89	4	16	16	method=1	log2H=5.00	image=0	bad=0
father: level 1 number of orbits 1 lengths 1
father: level 1 number of orbits 2 lengths 1
father: level 1 number of orbits 3 lengths 1
father: level 1 number of orbits 4 lengths 1
father: level 1 number of orbits 5 lengths 1
father: level 1 number of orbits 6 lengths 1
father: level 1 number of orbits 7 lengths 1
father: level 1 number of orbits 8 lengths 1
father: level 1 number of orbits 9 lengths 1
father: level 1 number of orbits 10 lengths 1
Z	carat/tables/qcatalog/dim5/dir.1;1;1;1;1/ordnung.8/(1)^1(4)^2(8)^2/min.73	12	10	10	method=1	log2H=5.00	image=0	bad=0
father: level 1 number of orbits 11 lengths 1
Z	carat/tables/qcatalog/dim5/dir.2-1;1;1;1/ordnung.8/(1)^1(4)^2(8)^2/min.89	5	12	12	method=1	log2H=4.00	image=0	bad=0
Z	carat/tables/qcatalog/dim5/dir.2-1;1;1;1/ordnung.16/(1)^1(2)^2(4)^2(8)^2/group.253	36	24	24	method=1	log2H=5.00	image=0	bad=0
Z	carat/tables/qcatalog/dim5/dir.2-1;1;1;1/ordnung.32/(1)^1(2)^2(4)^4/group.267	5	272	272	method=1	log2H=9.00	image=0	bad=0
Z	carat/tables/qcatalog/dim5/dir.2-1;1;1;1/ordnung.8/(1)^1(4)^2(8)^2/min.89	6	12	12	method=1	log2H=4.00	image=0	bad=0
Z	carat/tables/qcatalog/dim5/dir.2-1;1;1;1/ordnung.32/(1)^1(2)^2(4)^2(8)^2/group.265	32	24	24	method=1	log2H=5.00	image=0	bad=0
Z	carat/tables/qcatalog/dim5/dir.2-1;1;1;1/ordnung.8/(1)^1(4)^2(8)^2/min.89	7	8	8	method=1	log2H=3.00	image=0	bad=0
father: level 1 number of orbits 1 lengths 2
father: level 1 number of orbits 2 lengths 1
father: level 1 number of orbits 3 lengths 1
father: level 1 number of orbits 4 lengths 1
Z	carat/tables/qcatalog/dim5/dir.2-1;1;1;1/ordnung.16/(1)^1(2)^2(4)^2(8)^2/group.253	37	16	16	method=1	log2H=4.00	image=0	bad=0
father: level 1 number of orbits 5 lengths 2
father: level 1 number of orbits 6 lengths 2
father: level 1 number of orbits 7 lengths 1
father: level 1 number of orbits 8 lengths 1
father: level 2 number of orbits 1 lengths 1
father: level 2 number of orbits 2 lengths 2
Z	carat/tables/qcatalog/dim5/dir.2-1;1;1;1/ordnung.8/(1)^1(4)^2(8)^2/min.89	8	8	8	method=1	log2H=3.00	image=0	bad=0
father: level 2 number of orbits 3 lengths 2
father: level 2 number of orbits 4 lengths 2
father: level 2 number of orbits 1 lengths 1
father: level 2 number of orbits 2 lengths 1
father: level 2 number of orbits 3 lengths 1
father: level 2 number of orbits 1 lengths 1
Z	carat/tables/qcatalog/dim5/dir.1;1;1;1;1/ordnung.8/(1)^1(4)^2(8)^2/min.73	13	10	10	method=1	log2H=5.00	image=0	bad=0
father: level 2 number of orbits 2 lengths 1
father: level 2 number of orbits 3 lengths 1
Z	carat/tables/qcatalog/dim5/dir.2-1;1;1;1/ordnung.8/(1)^1(4)^2(8)^2/min.89	9	6	6	method=1	log2H=3.00	image=0	bad=0
father: level 2 number of orbits 4 lengths 1
father: level 1 number of orbits 4 lengths 1
father: level 1 number of orbits 5 lengths 1
father: level 2 number of orbits 1 lengths 1
father: level 2 number of orbits 1 lengths 3
Z	carat/tables/qcatalog/dim5/dir.2-1;1;1;1/ordnung.32/(1)^1(2)^2(4)^4/group.267	6	256	256	method=1	log2H=8.00	image=0	bad=0
father: level 2 number of orbits 2 lengths 1
father: level 2 number of orbits 2 lengths 3
father: level 2 number of orbits 3 lengths 3
father: level 2 number of orbits 3 lengths 1
father: level 2 number of orbits 1 lengths 1
father: level 2 number of orbits 2 lengths 3
father: level 2 number of orbits 1 lengths 1
father: level 2 number of orbits 1 lengths 1
father: level 2 number of orbits 2 lengths 1
father: level 2 number of orbits 2 lengths 2
father: level 3 number of orbits 1 lengths 1
Z	carat/tables/qcatalog/dim5/dir.2-1;1;1;1/ordnung.32/(1)^1(2)^2(4)^2(8)^2/group.265	33	36	36	method=1	log2H=6.00	image=0	bad=0
father: level 2 number of orbits 3 lengths 1
Z	carat/tables/qcatalog/dim5/dir.2-1;1;1;1/ordnung.8/(1)^1(4)^2(8)^2/min.89	10	15	15	method=1	log2H=5.00	image=0	bad=0
father: level 2 number of orbits 1 lengths 1
father: level 2 number of orbits 2 lengths 1
father: level 2 number of orbits 3 lengths 1
father: level 1 number of orbits 1 lengths 3
father: level 1 number of orbits 2 lengths 3
father: level 1 number of orbits 3 lengths 3
father: level 3 number of orbits 1 lengths 1
Z	carat/tables/qcatalog/dim5/dir.2-1;1;1;1/ordnung.32/(1)^1(4)^4/group.273	1	752	752	method=1	log2H=12.00	image=0	bad=0
father: level 1 number of orbits 4 lengths 1
Z	carat/tables/qcatalog/dim5/dir.2-1;1;1;1/ordnung.8/(1)^1(4)^2(8)^2/min.89	11	12	12	method=1	log2H=4.00	image=0	bad=0
father: level 1 number of orbits 5 lengths 1
father: level 2 number of orbits 1 lengths 3
father: level 2 number of orbits 2 lengths 3
father: level 3 number of orbits 1 lengths 1
father: level 3 number of orbits 1 lengths 2
Z	carat/tables/qcatalog/dim5/dir.2-1;1;1;1/ordnung.16/(1)^1(2)^2(4)^2(8)^2/group.253	38	8	8	method=1	log2H=3.00	image=0	bad=0
father: level 3 number of orbits 2 lengths 2
Z	carat/tables/qcatalog/dim5/dir.2-1;1;1;1/ordnung.8/(1)^1(4)^2(8)^2/min.89	12	6	6	method=1	log2H=3.00	image=0	bad=0
father: level 2 number of orbits 3 lengths 3
father: level 4 number of orbits 1 lengths 2
Z	carat/tables/qcatalog/dim5/dir.2-1;1;1;1/ordnung.32/(1)^1(2)^2(4)^4/group.267	7	64	64	method=1	log2H=6.00	image=0	bad=0
Z	carat/tables/qcatalog/dim5/dir.2-1;1;1;1/ordnung.32/(1)^1(2)^2(4)^2(8)^2/group.265	34	18	18	method=1	log2H=5.00	image=0	bad=0
Z	carat/tables/qcatalog/dim5/dir.1;1;1;1;1/ordnung.8/(1)^1(4)^2(8)^2/min.73	14	144	144	method=1	log2H=8.00	image=0	bad=0
father: level 2 number of orbits 1 lengths 1
father: level 2 number of orbits 2 lengths 3
Z	carat/tables/qcatalog/dim5/dir.2-1;1;1;1/ordnung.32/(1)^1(4)^4/group.273	2	272	272	method=1	log2H=9.00	image=0	bad=0
Z	carat/tables/qcatalog/dim5/dir.1;1;1;1;1/ordnung.16/(1)^1(4)^4/group.220	23	752	752	method=1	log2H=12.00	image=0	bad=0
father: level 3 number of orbits 1 lengths 1
Z	carat/tables/qcatalog/dim5/dir.2-1;1;1;1/ordnung.32/(1)^1(2)^2(4)^4/group.267	8	24	24	method=1	log2H=5.00	image=0	bad=0
Z	carat/tables/qcatalog/dim5/dir.2-1;1;1;1/ordnung.8/(1)^1(4)^2(8)^2/min.89	13	5	5	method=1	log2H=3.00	image=0	bad=0
Z	carat/tables/qcatalog/dim5/dir.1;1;1;1;1/ordnung.8/(1)^1(4)^2(8)^2/min.73	15	24	24	method=1	log2H=5.00	image=0	bad=0
Z	carat/tables/qcatalog/dim5/dir.2-1;1;1;1/ordnung.32/(1)^1(2)^2(4)^2(8)^2/group.265	35	160	160	method=1	log2H=8.00	image=0	bad=0
Z	carat/tables/qcatalog/dim5/dir.2-1;1;1;1/ordnung.32/(1)^1(4)^4/group.273	3	160	160	method=1	log2H=8.00	image=0	bad=0
Z	carat/tables/qcatalog/dim5/dir.2-1;1;1;1/ordnung.8/(1)^1(4)^2(8)^2/min.89	14	8	8	method=1	log2H=3.00	image=0	bad=0
Z	carat/tables/qcatalog/dim5/dir.2-1;1;1;1/ordnung.32/(1)^1(2)^2(4)^4/group.267	9	12	12	method=1	log2H=4.00	image=0	bad=0
Z	carat/tables/qcatalog/dim5/dir.1;1;1;1;1/ordnung.8/(1)^1(4)^2(8)^2/min.73	16	24	24	method=1	log2H=5.00	image=0	bad=0
Z	carat/tables/qcatalog/dim5/dir.2-1;1;1;1/ordnung.16/(1)^1(2)^2(4)^2(8)^2/group.253	39	64	64	method=1	log2H=6.00	image=0	bad=0
Z	carat/tables/qcatalog/dim5/dir.2-1;1;1;1/ordnung.32/(1)^1(2)^2(4)^2(8)^2/group.265	36	32	32	method=1	log2H=5.00	image=0	bad=0
Z	carat/tables/qcatalog/dim5/dir.2-1;1;1;1/ordnung.32/(1)^1(4)^4/group.273	4	40	40	method=1	log2H=6.00	image=0	bad=0
Z	carat/tables/qcatalog/dim5/dir.1;1;1;1;1/ordnung.16/(1)^1(4)^4/group.220	24	60	60	method=1	log2H=8.00	image=0	bad=0
Z	carat/tables/qcatalog/dim5/dir.2-1;1;1;1/ordnung.8/(1)^1(4)^2(8)^2/min.89	15	10	10	method=1	log2H=4.00	image=0	bad=0
father: level 1 number of orbits 1 lengths 1
father: level 1 number of orbits 2 lengths 1
father: level 1 number of orbits 3 lengths 1
father: level 1 number of orbits 4 lengths 1
father: level 1 number of orbits 5 lengths 1
father: level 1 number of orbits 6 lengths 1
father: level 1 number of orbits 7 lengths 1
father: level 1 number of orbits 8 lengths 1
father: level 1 number of orbits 9 lengths 1
father: level 1 number of orbits 10 lengths 1
father: level 1 number of orbits 11 lengths 1
father: level 2 number of orbits 1 lengths 1
Z	carat/tables/qcatalog/dim5/dir.2-1;1;1;1/ordnung.16/(1)^1(2)^2(4)^2(8)^2/group.253	40	48	48	method=1	log2H=6.00	image=0	bad=0
father: level 2 number of orbits 2 lengths 1
father: level 2 number of orbits 3 lengths 1
Z	carat/tables/qcatalog/dim5/dir.1;1;1;1;1/ordnung.8/(1)^1(4)^2(8)^2/min.73	17	4	4	method=1	log2H=3.00	image=0	bad=0
father: level 2 number of orbits 4 lengths 1
father: level 2 number of orbits 1 lengths 1
father: level 2 number of orbits 2 lengths 1
father: level 2 number of orbits 3 lengths 1
father: level 2 number of orbits 1 lengths 1
Z	carat/tables/qcatalog/dim5/dir.2-1;1;1;1/ordnung.32/(1)^1(2)^2(4)^4/group.267	10	144	144	method=1	log2H=8.00	image=0	bad=0
father: level 2 number of orbits 2 lengths 1
father: level 2 number of orbits 3 lengths 1
father: level 2 number of orbits 1 lengths 1
father: level 2 number of orbits 2 lengths 1
father: level 2 number of orbits 3 lengths 1
Z	carat/tables/qcatalog/dim5/dir.2-1;1;1;1/ordnung.32/(1)^1(4)^4/group.273	5	16	16	method=1	log2H=5.00	image=0	bad=0
father: level 3 number of orbits 1 lengths 2
Z	carat/tables/qcatalog/dim5/dir.2-1;1;1;1/ordnung.8/(1)^1(4)^2(8)^2/min.89	16	6	6	method=1	log2H=3.00	image=0	bad=0
Z	carat/tables/qcatalog/dim5/dir.2-1;1;1;1/ordnung.16/(1)^1(2)^2(4)^2(8)^2/group.253	41	8	8	method=1	log2H=3.00	image=0	bad=0
Z	carat/tables/qcatalog/dim5/dir.2-1;1;1;1/ordnung.32/(1)^1(2)^2(4)^2(8)^2/group.265	37	36	36	method=1	log2H=6.00	image=0	bad=0
Z	carat/tables/qcatalog/dim5/dir.1;1;1;1;1/ordnung.8/(1)^1(4)^2(8)^2/min.73	18	4	4	method=1	log2H=3.00	image=0	bad=0
father: level 3 number of orbits 2 lengths 1
Z	carat/tables/qcatalog/dim5/dir.2-1;1;1;1/ordnung.8/(1)^1(2)^2(4)^2(16)^2/min.87	1	48	48	method=1	log2H=6.00	image=0	bad=0
Z	carat/tables/qcatalog/dim5/dir.2-1;1;1;1/ordnung.16/(1)^1(2)^2(4)^2(8)^2/group.253	42	8	8	method=1	log2H=3.00	image=0	bad=0
father: level 3 number of orbits 3 lengths 2
Z	carat/tables/qcatalog/dim5/dir.2-1;1;1;1/ordnung.8/(1)^1(4)^2(8)^2/min.89	17	8	8	method=1	log2H=3.00	image=0	bad=0
Z	carat/tables/qcatalog/dim5/dir.2-1;1;1;1/ordnung.32/(1)^1(2)^2(4)^4/group.267	11	256	256	method=1	log2H=8.00	image=0	bad=0
Z	carat/tables/qcatalog/dim5/dir.2-1;1;1;1/ordnung.32/(1)^1(4)^4/group.273	6	8	8	method=1	log2H=4.00	image=0	bad=0
Z	carat/tables/qcatalog/dim5/dir.2-1;1;1;1/ordnung.8/(1)^1(2)^2(4)^2(16)^2/min.87	2	24	24	method=1	log2H=5.00	image=0	bad=0
Z	carat/tables/qcatalog/dim5/dir.1;1;1;1;1/ordnung.16/(1)^1(4)^4/group.220	25	52	52	method=1	log2H=8.00	image=0	bad=0
father: level 4 number of orbits 1 lengths 2
Z	carat/tables/qcatalog/dim5/dir.2-1;1;1;1/ordnung.8/(1)^1(2)^2(4)^2(16)^2/min.87	3	16	16	method=1	log2H=4.00	image=0	bad=0
Z	carat/tables/qcatalog/dim5/dir.2-1;1;1;1/ordnung.16/(1)^1(2)^2(4)^2(8)^2/group.253	43	48	48	method=1	log2H=6.00	image=0	bad=0
Z	carat/tables/qcatalog/dim5/dir.2-1;1;1;1/ordnung.8/(1)^1(2)^2(4)^2(16)^2/min.87	4	16	16	method=1	log2H=4.00	image=0	bad=0
Z	carat/tables/qcatalog/dim5/dir.2-1;1;1;1/ordnung.32/(1)^1(2)^2(4)^2(8)^2/group.265	38	136	136	method=1	log2H=8.00	image=0	bad=0
Z	carat/tables/qcatalog/dim5/dir.2-1;1;1;1/ordnung.32/(1)^1(2)^2(4)^4/group.271	1	752	752	method=1	log2H=12.00	image=0	bad=0
Z	carat/tables/qcatalog/dim5/dir.1;1;1;1;1/ordnung.8/(1)^1(4)^2(8)^2/min.73	19	144	144	method=1	log2H=8.00	image=0	bad=0
Z	carat/tables/qcatalog/dim5/dir.2-1;1;1;1/ordnung.16/(1)^1(2)^2(4)^2(8)^2/group.253	44	12	12	method=1	log2H=4.00	image=0	bad=0
Z	carat/tables/qcatalog/dim5/dir.2-1;1;1;1/ordnung.8/(1)^1(2)^2(4)^2(16)^2/min.87	5	8	8	method=1	log2H=3.00	image=0	bad=0
Z	carat/tables/qcatalog/dim5/dir.2-1;1;1;1/ordnung.32/(1)^1(2)^2(4)^4/group.267	12	32	32	method=1	log2H=5.00	image=0	bad=0
Z	carat/tables/qcatalog/dim5/dir.2-1;1;1;1/ordnung.32/(1)^1(4)^4/group.273	7	144	144	method=1	log2H=8.00	image=0	bad=0
Z	carat/tables/qcatalog/dim5/dir.2-1;1;1;1/ordnung.8/(1)^1(4)^2(8)^2/min.89	18	6	6	method=1	log2H=3.00	image=0	bad=0
Z	carat/tables/qcatalog/dim5/dir.2-1;1;1;1/ordnung.8/(1)^1(2)^2(4)^2(16)^2/min.87	6	24	24	method=1	log2H=5.00	image=0	bad=0
Z	carat/tables/qcatalog/dim5/dir.2-1;1;1;1/ordnung.16/(1)^1(2)^2(4)^2(8)^2/group.253	45	8	8	method=1	log2H=3.00	image=0	bad=0
Z	carat/tables/qcatalog/dim5/dir.2-1;1;1;1/ordnung.8/(1)^1(2)^2(4)^2(16)^2/min.87	7	18	18	method=1	log2H=5.00	image=0	bad=0
Z	carat/tables/qcatalog/dim5/dir.2-1;1;1;1/ordnung.8/(1)^1(4)^2(8)^2/min.89	19	5	5	method=1	log2H=3.00	image=0	bad=0
Z	carat/tables/qcatalog/dim5/dir.2-1;1;1;1/ordnung.32/(1)^1(2)^2(4)^2(8)^2/group.265	39	24	24	method=1	log2H=5.00	image=0	bad=0
Z	carat/tables/qcatalog/dim5/dir.2-1;1;1;1/ordnung.8/(1)^1(2)^2(4)^2(16)^2/min.87	8	18	18	method=1	log2H=5.00	image=0	bad=0
Z	carat/tables/qcatalog/dim5/dir.2-1;1;1;1/ordnung.32/(1)^1(2)^2(4)^4/group.271	2	272	272	method=1	log2H=9.00	image=0	bad=0
Z	carat/tables/qcatalog/dim5/dir.2-1;1;1;1/ordnung.32/(1)^1(2)^2(4)^4/group.267	13	16	16	method=1	log2H=4.00	image=0	bad=0
Z	carat/tables/qcatalog/dim5/dir.2-1;1;1;1/ordnung.8/(1)^1(4)^2(8)^2/min.89	20	10	10	method=1	log2H=4.00	image=0	bad=0
Z	carat/tables/qcatalog/dim5/dir.2-1;1;1;1/ordnung.32/(1)^1(4)^4/group.273	8	24	24	method=1	log2H=5.00	image=0	bad=0
Z	carat/tables/qcatalog/dim5/dir.2-1;1;1;1/ordnung.16/(1)^1(2)^2(4)^2(8)^2/group.253	46	16	16	method=1	log2H=4.00	image=0	bad=0
Z	carat/tables/qcatalog/dim5/dir.2-1;1;1;1/ordnung.8/(1)^1(2)^2(4)^2(16)^2/min.87	9	12	12	method=1	log2H=4.00	image=0	bad=0
Z	carat/tables/qcatalog/dim5/dir.2-1;1;1;1/ordnung.8/(1)^1(4)^2(8)^2/min.89	21	3	3	method=1	log2H=2.00	image=0	bad=0
Z	carat/tables/qcatalog/dim5/dir.1;1;1;1;1/ordnung.16/(1)^1(4)^4/group.220	26	88	88	method=1	log2H=8.00	image=0	bad=0
Z	carat/tables/qcatalog/dim5/dir.2-1;1;1;1/ordnung.8/(1)^1(2)^2(4)^2(16)^2/min.87	10	8	8	method=1	log2H=3.00	image=0	bad=0
Z	carat/tables/qcatalog/dim5/dir.1;1;1;1;1/ordnung.8/(1)^1(4)^2(8)^2/min.73	20	32	32	method=1	log2H=5.00	image=0	bad=0
Z	carat/tables/qcatalog/dim5/dir.2-1;1;1;1/ordnung.8/(1)^1(4)^2(8)^2/min.89	22	5	5	method=1	log2H=3.00	image=0	bad=0
Z	carat/tables/qcatalog/dim5/dir.2-1;1;1;1/ordnung.8/(1)^1(2)^2(4)^2(16)^2/min.87	11	8	8	method=1	log2H=3.00	image=0	bad=0
Z	carat/tables/qcatalog/dim5/dir.2-1;1;1;1/ordnung.16/(1)^1(2)^2(4)^2(8)^2/group.253	47	48	48	method=1	log2H=6.00	image=0	bad=0
Z	carat/tables/qcatalog/dim5/dir.2-1;1;1;1/ordnung.32/(1)^1(2)^2(4)^2(8)^2/group.265	40	4	4	method=1	log2H=2.00	image=0	bad=0
Z	carat/tables/qcatalog/dim5/dir.2-1;1;1;1/ordnung.32/(1)^1(2)^2(4)^4/group.267	14	24	24	method=1	log2H=5.00	image=0	bad=0
Z	carat/tables/qcatalog/dim5/dir.2-1;1;1;1/ordnung.32/(1)^1(4)^4/group.273	9	12	12	method=1	log2H=4.00	image=0	bad=0
Z	carat/tables/qcatalog/dim5/dir.2-1;1;1;1/ordnung.8/(1)^1(2)^2(4)^2(16)^2/min.87	12	8	8	method=1	log2H=3.00	image=0	bad=0
Z	carat/tables/qcatalog/dim5/dir.2-1;1;1;1/ordnung.8/(1)^1(2)^2(4)^2(16)^2/min.87	13	16	16	method=1	log2H=4.00	image=0	bad=0
Z	carat/tables/qcatalog/dim5/dir.2-1;1;1;1/ordnung.16/(1)^1(2)^2(4)^2(8)^2/group.253	48	16	16	method=1	log2H=4.00	image=0	bad=0
Z	carat/tables/qcatalog/dim5/dir.2-1;1;1;1/ordnung.8/(1)^1(2)^2(4)^2(16)^2/min.87	14	12	12	method=1	log2H=4.00	image=0	bad=0
Z	carat/tables/qcatalog/dim5/dir.2-1;1;1;1/ordnung.32/(1)^1(2)^2(4)^4/group.271	3	160	160	method=1	log2H=8.00	image=0	bad=0
Z	carat/tables/qcatalog/dim5/dir.2-1;1;1;1/ordnung.8/(1)^1(4)^2(8)^2/min.91	1	48	48	method=1	log2H=6.00	image=0	bad=0
Z	carat/tables/qcatalog/dim5/dir.2-1;1;1;1/ordnung.8/(1)^1(2)^2(4)^2(16)^2/min.87	15	6	6	method=1	log2H=3.00	image=0	bad=0
Z	carat/tables/qcatalog/dim5/dir.2-1;1;1;1/ordnung.16/(1)^1(2)^2(4)^2(8)^2/group.253	49	8	8	method=1	log2H=3.00	image=0	bad=0
Z	carat/tables/qcatalog/dim5/dir.2-1;1;1;1/ordnung.32/(1)^1(2)^2(4)^4/group.267	15	144	144	method=1	log2H=8.00	image=0	bad=0
Z	carat/tables/qcatalog/dim5/dir.1;1;1;1;1/ordnung.16/(1)^1(4)^4/group.220	27	43	43	method=1	log2H=8.00	image=0	bad=0
Z	carat/tables/qcatalog/dim5/dir.2-1;1;1;1/ordnung.32/(1)^1(4)^4/group.273	10	60	60	method=1	log2H=8.00	image=0	bad=0
Z	carat/tables/qcatalog/dim5/dir.2-1;1;1;1/ordnung.8/(1)^1(2)^2(4)^2(16)^2/min.87	16	4	4	method=1	log2H=2.00	image=0	bad=0
Z	carat/tables/qcatalog/dim5/dir.1;1;1;1;1/ordnung.8/(1)^1(4)^2(8)^2/min.73	21	32	32	method=1	log2H=5.00	image=0	bad=0
Z	carat/tables/qcatalog/dim5/dir.2-1;1;1;1/ordnung.32/(1)^1(2)^2(4)^2(8)^2/group.265	41	24	24	method=1	log2H=5.00	image=0	bad=0
Z	carat/tables/qcatalog/dim5/dir.2-1;1;1;1/ordnung.8/(1)^1(2)^2(4)^2(16)^2/min.87	17	12	12	method=1	log2H=4.00	image=0	bad=0
Z	carat/tables/qcatalog/dim5/dir.2-1;1;1;1/ordnung.8/(1)^1(4)^2(8)^2/min.91	2	16	16	method=1	log2H=4.00	image=0	bad=0
Z	carat/tables/qcatalog/dim5/dir.2-1;1;1;1/ordnung.16/(1)^1(2)^2(4)^2(8)^2/group.253	50	12	12	method=1	log2H=4.00	image=0	bad=0
Z	carat/tables/qcatalog/dim5/dir.2-1;1;1;1/ordnung.8/(1)^1(2)^2(4)^2(16)^2/min.87	18	6	6	method=1	log2H=3.00	image=0	bad=0
Z	carat/tables/qcatalog/dim5/dir.2-1;1;1;1/ordnung.32/(1)^1(2)^2(4)^4/group.267	16	24	24	method=1	log2H=5.00	image=0	bad=0
Z	carat/tables/qcatalog/dim5/dir.2-1;1;1;1/ordnung.8/(1)^1(2)^2(4)^2(16)^2/min.87	19	6	6	method=1	log2H=3.00	image=0	bad=0
Z	carat/tables/qcatalog/dim5/dir.1;1;1;1;1/ordnung.8/(1)^1(4)^2(8)^2/min.73	22	24	24	method=1	log2H=5.00	image=0	bad=0
Z	carat/tables/qcatalog/dim5/dir.2-1;1;1;1/ordnung.16/(1)^1(2)^2(4)^2(8)^2/group.253	51	8	8	method=1	log2H=3.00	image=0	bad=0
Z	carat/tables/qcatalog/dim5/dir.2-1;1;1;1/ordnung.32/(1)^1(4)^4/group.273	11	24	24	method=1	log2H=5.00	image=0	bad=0
Z	carat/tables/qcatalog/dim5/dir.2-1;1;1;1/ordnung.8/(1)^1(2)^2(4)^2(16)^2/min.87	20	8	8	method=1	log2H=3.00	image=0	bad=0
Z	carat/tables/qcatalog/dim5/dir.2-1;1;1;1/ordnung.8/(1)^1(2)^2(4)^2(16)^2/min.87	21	12	12	method=1	log2H=4.00	image=0	bad=0
Z	carat/tables/qcatalog/dim5/dir.2-1;1;1;1/ordnung.16/(1)^1(2)^2(4)^2(8)^2/group.253	52	8	8	method=1	log2H=3.00	image=0	bad=0
Z	carat/tables/qcatalog/dim5/dir.2-1;1;1;1/ordnung.8/(1)^1(2)^2(4)^2(16)^2/min.87	22	8	8	method=1	log2H=3.00	image=0	bad=0
Z	carat/tables/qcatalog/dim5/dir.2-1;1;1;1/ordnung.32/(1)^1(2)^2(4)^4/group.267	17	12	12	method=1	log2H=4.00	image=0	bad=0
Z	carat/tables/qcatalog/dim5/dir.2-1;1;1;1/ordnung.8/(1)^1(2)^2(4)^2(16)^2/min.87	23	4	4	method=1	log2H=2.00	image=0	bad=0
Z	carat/tables/qcatalog/dim5/dir.2-1;1;1;1/ordnung.8/(1)^1(4)^2(8)^2/min.91	3	24	24	method=1	log2H=5.00	image=0	bad=0
Z	carat/tables/qcatalog/dim5/dir.1;1;1;1;1/ordnung.8/(1)^1(4)^2(8)^2/min.73	23	24	24	method=1	log2H=5.00	image=0	bad=0
father: level 1 number of orbits 1 lengths 2
father: level 1 number of orbits 2 lengths 1
Z	carat/tables/qcatalog/dim5/dir.2-1;1;1;1/ordnung.8/(1)^1(2)^2(4)^2(16)^2/min.87	24	4	4	method=1	log2H=2.00	image=0	bad=0
Z	carat/tables/qcatalog/dim5/dir.2-1;1;1;1/ordnung.32/(1)^1(4)^4/group.273	12	52	52	method=1	log2H=8.00	image=0	bad=0
father: level 1 number of orbits 3 lengths 1
father: level 1 number of orbits 4 lengths 1
father: level 1 number of orbits 5 lengths 2
Z	carat/tables/qcatalog/dim5/dir.2-1;1;1;1/ordnung.8/(1)^1(4)^2(8)^2/min.91	4	16	16	method=1	log2H=4.00	image=0	bad=0
father: level 1 number of orbits 6 lengths 2
father: level 1 number of orbits 7 lengths 1
father: level 1 number of orbits 8 lengths 1
father: level 2 number of orbits 1 lengths 1
father: level 2 number of orbits 2 lengths 2
Z	carat/tables/qcatalog/dim5/dir.2-1;1;1;1/ordnung.8/(1)^1(2)^2(4)^2(16)^2/min.87	25	6	6	method=1	log2H=3.00	image=0	bad=0
father: level 2 number of orbits 3 lengths 2
father: level 2 number of orbits 4 lengths 2
father: level 2 number of orbits 1 lengths 1
father: level 2 number of orbits 2 lengths 1
Z	carat/tables/qcatalog/dim5/dir.2-1;1;1;1/ordnung.8/(1)^1(4)^2(8)^2/min.91	5	12	12	method=1	log2H=4.00	image=0	bad=0
father: level 2 number of orbits 3 lengths 1
Z	carat/tables/qcatalog/dim5/dir.2-1;1;1;1/ordnung.16/(1)^1(2)^2(4)^2(8)^2/group.253	53	48	48	method=1	log2H=6.00	image=0	bad=0
father: level 2 number of orbits 1 lengths 1
father: level 2 number of orbits 2 lengths 2
Z	carat/tables/qcatalog/dim5/dir.2-1;1;1;1/ordnung.8/(1)^1(2)^2(4)^2(16)^2/min.87	26	4	4	method=1	log2H=2.00	image=0	bad=0
Z	carat/tables/qcatalog/dim5/dir.2-1;1;1;1/ordnung.32/(1)^1(2)^2(4)^4/group.271	4	40	40	method=1	log2H=6.00	image=0	bad=0
father: level 3 number of orbits 1 lengths 2
father: level 3 number of orbits 2 lengths 1
Z	carat/tables/qcatalog/dim5/dir.1;1;1;1;1/ordnung.8/(1)^1(4)^2(8)^2/min.73	24	8	8	method=1	log2H=3.00	image=0	bad=0
father: level 3 number of orbits 3 lengths 2
Z	carat/tables/qcatalog/dim5/dir.2-1;1;1;1/ordnung.32/(1)^1(2)^2(4)^4/group.267	18	32	32	method=1	log2H=5.00	image=0	bad=0
father: level 4 number of orbits 1 lengths 2
Z	carat/tables/qcatalog/dim5/dir.2-1;1;1;1/ordnung.8/(1)^1(2)^2(4)^2(16)^2/min.87	27	12	12	method=1	log2H=4.00	image=0	bad=0
Z	carat/tables/qcatalog/dim5/dir.2-1;1;1;1/ordnung.8/(1)^1(4)^2(8)^2/min.91	6	24	24	method=1	log2H=5.00	image=0	bad=0
Z	carat/tables/qcatalog/dim5/dir.2-1;1;1;1/ordnung.16/(1)^1(2)^2(4)^2(8)^2/group.253	54	2	2	method=1	log2H=1.00	image=0	bad=0
Z	carat/tables/qcatalog/dim5/dir.2-1;1;1;1/ordnung.8/(1)^1(4)^2(8)^2/min.91	7	12	12	method=1	log2H=4.00	image=0	bad=0
Z	carat/tables/qcatalog/dim5/dir.1;1;1;1;1/ordnung.8/(1)^1(4)^2(8)^2/min.73	25	8	8	method=1	log2H=3.00	image=0	bad=0
Z	carat/tables/qcatalog/dim5/dir.2-1;1;1;1/ordnung.8/(1)^1(2)^2(4)^2(16)^2/min.87	28	2	2	method=1	log2H=1.00	image=0	bad=0
Z	carat/tables/qcatalog/dim5/dir.2-1;1;1;1/ordnung.16/(1)^1(2)^2(4)^2(8)^2/group.253	55	8	8	method=1	log2H=3.00	image=0	bad=0
Z	carat/tables/qcatalog/dim5/dir.2-1;1;1;1/ordnung.32/(1)^1(2)^2(4)^4/group.269	1	4224	4224	method=1	log2H=13.00	image=0	bad=0
Z	carat/tables/qcatalog/dim5/dir.2-1;1;1;1/ordnung.8/(1)^1(4)^2(8)^2/min.91	8	8	8	method=1	log2H=3.00	image=0	bad=0
Z	carat/tables/qcatalog/dim5/dir.1;1;1;1;1/ordnung.16/(1)^1(4)^4/group.220	28	88	88	method=1	log2H=8.00	image=0	bad=0
Z	carat/tables/qcatalog/dim5/dir.2-1;1;1;1/ordnung.8/(1)^1(4)^2(8)^2/min.91	9	12	12	method=1	log2H=4.00	image=0	bad=0
Z	carat/tables/qcatalog/dim5/dir.2-1;1;1;1/ordnung.32/(1)^1(2)^2(4)^4/group.267	19	136	136	method=1	log2H=8.00	image=0	bad=0
Z	carat/tables/qcatalog/dim5/dir.2-1;1;1;1/ordnung.32/(1)^1(2)^2(4)^4/group.271	5	16	16	method=1	log2H=5.00	image=0	bad=0
Z	carat/tables/qcatalog/dim5/dir.2-1;1;1;1/ordnung.8/(1)^1(2)^2(4)^2(16)^2/min.87	29	4	4	method=1	log2H=2.00	image=0	bad=0
Z	carat/tables/qcatalog/dim5/dir.2-1;1;1;1/ordnung.8/(1)^1(4)^2(8)^2/min.90	1	12	12	method=1	log2H=4.00	image=0	bad=0
Z	carat/tables/qcatalog/dim5/dir.2-1;1;1;1/ordnung.8/(1)^1(4)^2(8)^2/min.91	10	12	12	method=1	log2H=4.00	image=0	bad=0
Z	carat/tables/qcatalog/dim5/dir.2-1;1;1;1/ordnung.8/(1)^1(4)^2(8)^2/min.90	2	8	8	method=1	log2H=3.00	image=0	bad=0
Z	carat/tables/qcatalog/dim5/dir.2-1;1;1;1/ordnung.8/(1)^1(2)^2(4)^2(16)^2/min.87	30	48	48	method=1	log2H=6.00	image=0	bad=0
Z	carat/tables/qcatalog/dim5/dir.2-1;1;1;1/ordnung.8/(1)^1(4)^2(8)^2/min.90	3	8	8	method=1	log2H=3.00	image=0	bad=0
Z	carat/tables/qcatalog/dim5/dir.1;1;1;1;1/ordnung.8/(1)^1(4)^2(8)^2/min.73	26	160	160	method=1	log2H=8.00	image=0	bad=0
Z	carat/tables/qcatalog/dim5/dir.2-1;1;1;1/ordnung.8/(1)^1(4)^2(8)^2/min.91	11	8	8	method=1	log2H=3.00	image=0	bad=0
Z	carat/tables/qcatalog/dim5/dir.2-1;1;1;1/ordnung.8/(1)^1(4)^2(8)^2/min.90	4	6	6	method=1	log2H=3.00	image=0	bad=0
Z	carat/tables/qcatalog/dim5/dir.2-1;1;1;1/ordnung.8/(1)^1(2)^2(4)^2(16)^2/min.87	31	24	24	method=1	log2H=5.00	image=0	bad=0
Z	carat/tables/qcatalog/dim5/dir.2-1;1;1;1/ordnung.8/(1)^1(4)^2(8)^2/min.90	5	6	6	method=1	log2H=3.00	image=0	bad=0
Z	carat/tables/qcatalog/dim5/dir.2-1;1;1;1/ordnung.8/(1)^1(4)^2(8)^2/min.91	12	8	8	method=1	log2H=3.00	image=0	bad=0
Z	carat/tables/qcatalog/dim5/dir.2-1;1;1;1/ordnung.8/(1)^1(4)^2(8)^2/min.90	6	4	4	method=1	log2H=2.00	image=0	bad=0
Z	carat/tables/qcatalog/dim5/dir.1;1;1;1;1/ordnung.8/(1)^1(4)^2(8)^2/min.73	27	32	32	method=1	log2H=5.00	image=0	bad=0
Z	carat/tables/qcatalog/dim5/dir.2-1;1;1;1/ordnung.8/(1)^1(4)^2(8)^2/min.90	7	4	4	method=1	log2H=2.00	image=0	bad=0
Z	carat/tables/qcatalog/dim5/dir.2-1;1;1;1/ordnung.8/(1)^1(4)^2(8)^2/min.91	13	16	16	method=1	log2H=4.00	image=0	bad=0
Z	carat/tables/qcatalog/dim5/dir.2-1;1;1;1/ordnung.8/(1)^1(2)^2(4)^2(16)^2/min.87	32	16	16	method=1	log2H=4.00	image=0	bad=0
Z	carat/tables/qcatalog/dim5/dir.1;1;1;1;1/ordnung.16/(1)^1(4)^4/group.220	29	144	144	method=1	log2H=8.00	image=0	bad=0
Z	carat/tables/qcatalog/dim5/dir.2-1;1;1;1/ordnung.8/(1)^1(4)^2(8)^2/min.90	8	4	4	method=1	log2H=2.00	image=0	bad=0
Z	carat/tables/qcatalog/dim5/dir.2-1;1;1;1/ordnung.32/(1)^1(2)^2(4)^4/group.267	20	2112	2112	method=1	log2H=12.00	image=0	bad=0
Z	carat/tables/qcatalog/dim5/dir.2-1;1;1;1/ordnung.8/(1)^1(4)^2(8)^2/min.91	14	12	12	method=1	log2H=4.00	image=0	bad=0
Z	carat/tables/qcatalog/dim5/dir.2-1;1;1;1/ordnung.8/(1)^1(4)^2(8)^2/min.90	9	3	3	method=1	log2H=2.00	image=0	bad=0
Z	carat/tables/qcatalog/dim5/dir.2-1;1;1;1/ordnung.8/(1)^1(4)^2(8)^2/min.91	15	4	4	method=1	log2H=2.00	image=0	bad=0
Z	carat/tables/qcatalog/dim5/dir.2-1;1;1;1/ordnung.32/(1)^1(2)^2(4)^4/group.271	6	8	8	method=1	log2H=4.00	image=0	bad=0
Z	carat/tables/qcatalog/dim5/dir.2-1;1;1;1/ordnung.8/(1)^1(2)^2(4)^2(16)^2/min.87	33	16	16	method=1	log2H=4.00	image=0	bad=0
Z	carat/tables/qcatalog/dim5/dir.2-1;1;1;1/ordnung.32/(1)^1(2)^2(4)^4/group.269	2	1024	1024	method=1	log2H=10.00	image=0	bad=0
Z	carat/tables/qcatalog/dim5/dir.2-1;1;1;1/ordnung.8/(1)^1(4)^2(8)^2/min.90	10	6	6	method=1	log2H=3.00	image=0	bad=0
Z	carat/tables/qcatalog/dim5/dir.1;1;1;1;1/ordnung.8/(1)^1(4)^2(8)^2/min.73	28	24	24	method=1	log2H=5.00	image=0	bad=0
Z	carat/tables/qcatalog/dim5/dir.2-1;1;1;1/ordnung.8/(1)^1(4)^2(8)^2/min.90	11	4	4	method=1	log2H=2.00	image=0	bad=0
Z	carat/tables/qcatalog/dim5/dir.2-1;1;1;1/ordnung.8/(1)^1(2)^2(4)^2(16)^2/min.87	34	16	16	method=1	log2H=4.00	image=0	bad=0
Z	carat/tables/qcatalog/dim5/dir.2-1;1;1;1/ordnung.8/(1)^1(4)^2(8)^2/min.91	16	4	4	method=1	log2H=2.00	image=0	bad=0
Z	carat/tables/qcatalog/dim5/dir.2-1;1;1;1/ordnung.8/(1)^1(4)^2(8)^2/min.90	12	2	2	method=1	log2H=1.00	image=0	bad=0
Z	carat/tables/qcatalog/dim5/dir.2-1;1;1;1/ordnung.8/(1)^1(2)^2(4)^2(16)^2/min.87	35	24	24	method=1	log2H=5.00	image=0	bad=0
father: level 1 number of orbits 1 lengths 1
father: level 1 number of orbits 2 lengths 1
Z	carat/tables/qcatalog/dim5/dir.2-1;1;1;1/ordnung.8/(1)^1(4)^2(8)^2/min.90	13	2	2	method=1	log2H=1.00	image=0	bad=0
father: level 1 number of orbits 3 lengths 1
Z	carat/tables/qcatalog/dim5/dir.2-1;1;1;1/ordnung.32/(1)^1(2)^2(4)^4/group.267	21	512	512	method=1	log2H=9.00	image=0	bad=0
father: level 1 number of orbits 4 lengths 1
father: level 2 number of orbits 1 lengths 1
father: level 1 number of orbits 1 lengths 1
Z	carat/tables/qcatalog/dim5/dir.1;1;1;1;1/ordnung.8/(1)^1(4)^2(8)^2/min.73	29	8	8	method=1	log2H=3.00	image=0	bad=0
father: level 1 number of orbits 2 lengths 1
father: level 1 number of orbits 3 lengths 1
father: level 1 number of orbits 4 lengths 1
Z	carat/tables/qcatalog/dim5/dir.2-1;1;1;1/ordnung.8/(1)^1(4)^2(8)^2/min.90	14	4	4	method=1	log2H=2.00	image=0	bad=0
father: level 2 number of orbits 1 lengths 1
father: level 2 number of orbits 1 lengths 2
father: level 2 number of orbits 2 lengths 2
father: level 3 number of orbits 1 lengths 2
Z	carat/tables/qcatalog/dim5/dir.2-1;1;1;1/ordnung.8/(1)^1(4)^2(8)^2/min.91	17	12	12	method=1	log2H=4.00	image=0	bad=0
Z	carat/tables/qcatalog/dim5/dir.2-1;1;1;1/ordnung.8/(1)^1(4)^2(8)^2/min.90	15	4	4	method=1	log2H=2.00	image=0	bad=0
Z	carat/tables/qcatalog/dim5/dir.2-1;1;1;1/ordnung.8/(1)^1(4)^2(8)^2/min.91	18	6	6	method=1	log2H=3.00	image=0	bad=0
Z	carat/tables/qcatalog/dim5/dir.2-1;1;1;1/ordnung.8/(1)^1(2)^2(4)^2(16)^2/min.87	36	18	18	method=1	log2H=5.00	image=0	bad=0
Z	carat/tables/qcatalog/dim5/dir.2-1;1;1;1/ordnung.8/(1)^1(4)^2(8)^2/min.91	19	4	4	method=1	log2H=2.00	image=0	bad=0
Z	carat/tables/qcatalog/dim5/dir.2-1;1;1;1/ordnung.8/(1)^1(2)^2(4)^2(16)^2/min.87	37	12	12	method=1	log2H=4.00	image=0	bad=0
Z	carat/tables/qcatalog/dim5/dir.2-1;1;1;1/ordnung.32/(1)^1(2)^2(4)^4/group.267	22	160	160	method=1	log2H=8.00	image=0	bad=0
Z	carat/tables/qcatalog/dim5/dir.2-1;1;1;1/ordnung.32/(1)^1(2)^2(4)^4/group.271	7	144	144	method=1	log2H=8.00	image=0	bad=0
Z	carat/tables/qcatalog/dim5/dir.2-1;1;1;1/ordnung.8/(1)^1(2)^2(4)^2(16)^2/min.87	38	12	12	method=1	log2H=4.00	image=0	bad=0
Z	carat/tables/qcatalog/dim5/dir.2-1;1;1;1/ordnung.8/(1)^1(4)^2(8)^2/min.91	20	8	8	method=1	log2H=3.00	image=0	bad=0
Z	carat/tables/qcatalog/dim5/dir.2-1;2-1;1/ordnung.16/(1)^1(2)^2(4)^2(8)^2/group.276	1	36	36	method=1	log2H=6.00	image=0	bad=0
Z	carat/tables/qcatalog/dim5/dir.2-1;1;1;1/ordnung.8/(1)^1(2)^2(4)^2(16)^2/min.87	39	8	8	method=1	log2H=3.00	image=0	bad=0
Z	carat/tables/qcatalog/dim5/dir.2-1;1;1;1/ordnung.32/(1)^1(2)^2(4)^4/group.269	3	320	320	method=1	log2H=9.00	image=0	bad=0
Z	carat/tables/qcatalog/dim5/dir.2-1;1;1;1/ordnung.8/(1)^1(4)^2(8)^2/min.91	21	12	12	method=1	log2H=4.00	image=0	bad=0
Z	carat/tables/qcatalog/dim5/dir.2-1;1;1;1/ordnung.8/(1)^1(2)^2(4)^2(16)^2/min.87	40	8	8	method=1	log2H=3.00	image=0	bad=0
Z	carat/tables/qcatalog/dim5/dir.2-1;1;1;1/ordnung.8/(1)^1(4)^2(8)^2/min.91	22	8	8	method=1	log2H=3.00	image=0	bad=0
Z	carat/tables/qcatalog/dim5/dir.2-1;1;1;1/ordnung.8/(1)^1(2)^2(4)^2(16)^2/min.87	41	8	8	method=1	log2H=3.00	image=0	bad=0
Z	carat/tables/qcatalog/dim5/dir.2-1;1;1;1/ordnung.32/(1)^1(2)^2(4)^4/group.271	8	24	24	method=1	log2H=5.00	image=0	bad=0
Z	carat/tables/qcatalog/dim5/dir.1;1;1;1;1/ordnung.8/(1)^1(4)^2(8)^2/min.73	30	24	24	method=1	log2H=5.00	image=0	bad=0
Z	carat/tables/qcatalog/dim5/dir.2-1;1;1;1/ordnung.8/(1)^1(4)^2(8)^2/min.91	23	6	6	method=1	log2H=3.00	image=0	bad=0
Z	carat/tables/qcatalog/dim5/dir.1;1;1;1;1/ordnung.16/(1)^1(4)^4/group.220	30	218	218	method=1	log2H=12.00	image=0	bad=0
Z	carat/tables/qcatalog/dim5/dir.2-1;2-1;1/ordnung.16/(1)^1(2)^2(4)^2(8)^2/group.276	2	12	12	method=1	log2H=4.00	image=0	bad=0
Z	carat/tables/qcatalog/dim5/dir.2-1;1;1;1/ordnung.8/(1)^1(2)^2(4)^2(16)^2/min.87	42	12	12	method=1	log2H=4.00	image=0	bad=0
Z	carat/tables/qcatalog/dim5/dir.2-1;1;1;1/ordnung.32/(1)^1(2)^2(4)^4/group.267	23	40	40	method=1	log2H=6.00	image=0	bad=0
Z	carat/tables/qcatalog/dim5/dir.2-1;1;1;1/ordnung.8/(1)^1(4)^2(8)^2/min.90	16	3	3	method=1	log2H=2.00	image=0	bad=0
Z	carat/tables/qcatalog/dim5/dir.2-1;1;1;1/ordnung.8/(1)^1(4)^2(8)^2/min.91	24	6	6	method=1	log2H=3.00	image=0	bad=0
Z	carat/tables/qcatalog/dim5/dir.2-1;1;1;1/ordnung.8/(1)^1(2)^2(4)^2(16)^2/min.87	43	18	18	method=1	log2H=5.00	image=0	bad=0
Z	carat/tables/qcatalog/dim5/dir.2-1;1;1;1/ordnung.8/(1)^1(4)^2(8)^2/min.91	25	4	4	method=1	log2H=2.00	image=0	bad=0
Z	carat/tables/qcatalog/dim5/dir.2-1;2-1;1/ordnung.16/(1)^1(2)^2(4)^2(8)^2/group.276	3	36	36	method=1	log2H=6.00	image=0	bad=0
Z	carat/tables/qcatalog/dim5/dir.2-1;1;1;1/ordnung.8/(1)^1(2)^2(4)^2(16)^2/min.87	44	6	6	method=1	log2H=3.00	image=0	bad=0
Z	carat/tables/qcatalog/dim5/dir.2-1;1;1;1/ordnung.8/(1)^1(4)^2(8)^2/min.90	17	4	4	method=1	log2H=2.00	image=0	bad=0
father: level 1 number of orbits 1 lengths 1
father: level 1 number of orbits 2 lengths 1
father: level 1 number of orbits 3 lengths 1
Z	carat/tables/qcatalog/dim5/dir.2-1;1;1;1/ordnung.8/(1)^1(4)^2(8)^2/min.91	26	4	4	method=1	log2H=2.00	image=0	bad=0
father: level 1 number of orbits 4 lengths 1
father: level 2 number of orbits 1 lengths 1
Z	carat/tables/qcatalog/dim5/dir.2-1;1;1;1/ordnung.8/(1)^1(2)^2(4)^2(16)^2/min.87	45	5	5	method=1	log2H=3.00	image=0	bad=0
Z	carat/tables/qcatalog/dim5/dir.2-1;1;1;1/ordnung.8/(1)^1(4)^2(8)^2/min.90	18	2	2	method=1	log2H=1.00	image=0	bad=0
father: level 1 number of orbits 1 lengths 1
Z	carat/tables/qcatalog/dim5/dir.2-1;1;1;1/ordnung.32/(1)^1(2)^2(4)^4/group.271	9	12	12	method=1	log2H=4.00	image=0	bad=0
father: level 1 number of orbits 2 lengths 1
father: level 1 number of orbits 3 lengths 1
father: level 1 number of orbits 4 lengths 1
Z	carat/tables/qcatalog/dim5/dir.2-1;2-1;1/ordnung.16/(1)^1(2)^2(4)^2(8)^2/group.276	4	24	24	method=1	log2H=5.00	image=0	bad=0
father: level 2 number of orbits 1 lengths 1
father: level 2 number of orbits 1 lengths 2
father: level 2 number of orbits 2 lengths 2
Z	carat/tables/qcatalog/dim5/dir.2-1;1;1;1/ordnung.8/(1)^1(4)^2(8)^2/min.91	27	12	12	method=1	log2H=4.00	image=0	bad=0
Z	carat/tables/qcatalog/dim5/dir.2-1;1;1;1/ordnung.8/(1)^1(2)^2(4)^2(16)^2/min.87	46	12	12	method=1	log2H=4.00	image=0	bad=0
father: level 3 number of orbits 1 lengths 2
Z	carat/tables/qcatalog/dim5/dir.2-1;1;1;1/ordnung.8/(1)^1(4)^2(8)^2/min.90	19	2	2	method=1	log2H=1.00	image=0	bad=0
Z	carat/tables/qcatalog/dim5/dir.2-1;1;1;1/ordnung.32/(1)^1(2)^2(4)^4/group.267	24	272	272	method=1	log2H=9.00	image=0	bad=0
Z	carat/tables/qcatalog/dim5/dir.2-1;1;1;1/ordnung.8/(1)^1(4)^2(8)^2/min.91	28	2	2	method=1	log2H=1.00	image=0	bad=0
Z	carat/tables/qcatalog/dim5/dir.2-1;1;1;1/ordnung.8/(1)^1(2)^2(4)^2(16)^2/min.87	47	6	6	method=1	log2H=3.00	image=0	bad=0
Z	carat/tables/qcatalog/dim5/dir.2-1;2-1;1/ordnung.16/(1)^1(2)^2(4)^2(8)^2/group.276	5	12	12	method=1	log2H=4.00	image=0	bad=0
Z	carat/tables/qcatalog/dim5/dir.2-1;1;1;1/ordnung.8/(1)^1(4)^2(8)^2/min.91	29	4	4	method=1	log2H=2.00	image=0	bad=0
Z	carat/tables/qcatalog/dim5/dir.2-1;1;1;1/ordnung.8/(1)^1(2)^2(4)^2(16)^2/min.87	48	5	5	method=1	log2H=3.00	image=0	bad=0
Z	carat/tables/qcatalog/dim5/dir.2-1;1;1;1/ordnung.8/(1)^1(4)^2(8)^2/min.90	20	4	4	method=1	log2H=2.00	image=0	bad=0
Z	carat/tables/qcatalog/dim5/dir.2-1;1;1;1/ordnung.64/(1)^1(2)^2(4)^4/group.274	1	11456	11456	method=1	log2H=16.00	image=0	bad=0
Z	carat/tables/qcatalog/dim5/dir.1;1;1;1;1/ordnung.32/(1)^1(4)^4/group.221	12	1540	1540	method=1	log2H=15.00	image=0	bad=0
Z	carat/tables/qcatalog/dim5/dir.2-1;2-1;1/ordnung.16/(1)^1(2)^2(4)^2(8)^2/group.276	6	24	24	method=1	log2H=5.00	image=0	bad=0
Z	carat/tables/qcatalog/dim5/dir.2-1;1;1;1/ordnung.8/(1)^1(4)^2(8)^2/min.90	21	1	1	method=0	log2H=0.00	image=0	bad=0
Z	carat/tables/qcatalog/dim5/dir.2-1;1;1;1/ordnung.8/(1)^1(2)^2(4)^2(16)^2/min.87	49	8	8	method=1	log2H=3.00	image=0	bad=0
Z	carat/tables/qcatalog/dim5/dir.2-1;1;1;1/ordnung.32/(1)^1(2)^2(4)^4/group.271	10	60	60	method=1	log2H=8.00	image=0	bad=0
Z	carat/tables/qcatalog/dim5/dir.2-1;1;1;1/ordnung.8/(1)^1(4)^2(8)^2/min.90	22	2	2	method=1	log2H=1.00	image=0	bad=0
Z	carat/tables/qcatalog/dim5/dir.2-1;1;1;1/ordnung.8/(1)^1(2)^2(4)^2(16)^2/min.87	50	12	12	method=1	log2H=4.00	image=0	bad=0
Z	carat/tables/qcatalog/dim5/dir.2-1;1;1;1/ordnung.32/(1)^1(2)^2(4)^4/group.267	25	256	256	method=1	log2H=8.00	image=0	bad=0
Z	carat/tables/qcatalog/dim5/dir.2-1;2-1;1/ordnung.16/(1)^1(2)^2(4)^2(8)^2/group.276	7	72	72	method=1	log2H=7.00	image=0	bad=0
Z	carat/tables/qcatalog/dim5/dir.2-1;1;1;1/ordnung.8/(1)^1(2)^2(4)^2(16)^2/min.87	51	6	6	method=1	log2H=3.00	image=0	bad=0
Z	carat/tables/qcatalog/dim5/dir.1;1;1;1;1/ordnung.8/(1)^1(4)^2(8)^2/min.73	31	8	8	method=1	log2H=3.00	image=0	bad=0
Z	carat/tables/qcatalog/dim5/dir.2-1;2-1;1/ordnung.16/(1)^1(2)^2(4)^2(8)^2/group.276	8	24	24	method=1	log2H=5.00	image=0	bad=0
Z	carat/tables/qcatalog/dim5/dir.2-1;1;1;1/ordnung.8/(1)^1(2)^2(4)^2(16)^2/min.87	52	8	8	method=1	log2H=3.00	image=0	bad=0
father: level 1 number of orbits 1 lengths 1
father: level 1 number of orbits 2 lengths 1
father: level 1 number of orbits 3 lengths 1
father: level 1 number of orbits 4 lengths 1
Z	carat/tables/qcatalog/dim5/dir.2-1;2-1;1/ordnung.16/(1)^1(2)^2(4)^2(8)^2/group.278	1	12	12	method=1	log2H=4.00	image=0	bad=0
father: level 2 number of orbits 1 lengths 1
Z	carat/tables/qcatalog/dim5/dir.2-1;1;1;1/ordnung.8/(1)^1(2)^2(4)^2(16)^2/min.87	53	6	6	method=1	log2H=3.00	image=0	bad=0
father: level 1 number of orbits 1 lengths 1
father: level 1 number of orbits 2 lengths 1
Z	carat/tables/qcatalog/dim5/dir.2-1;2-1;1/ordnung.16/(1)^1(2)^2(4)^2(8)^2/group.276	9	18	18	method=1	log2H=5.00	image=0	bad=0
father: level 1 number of orbits 3 lengths 1
father: level 1 number of orbits 4 lengths 1
father: level 2 number of orbits 1 lengths 1
Z	carat/tables/qcatalog/dim5/dir.2-1;1;1;1/ordnung.32/(1)^1(2)^2(4)^4/group.269	4	80	80	method=1	log2H=7.00	image=0	bad=0
Z	carat/tables/qcatalog/dim5/dir.2-1;1;1;1/ordnung.8/(1)^1(2)^2(4)^2(16)^2/min.87	54	6	6	method=1	log2H=3.00	image=0	bad=0
Z	carat/tables/qcatalog/dim5/dir.2-1;2-1;1/ordnung.16/(1)^1(2)^2(4)^2(8)^2/group.278	2	6	6	method=1	log2H=3.00	image=0	bad=0
Z	carat/tables/qcatalog/dim5/dir.2-1;1;1;1/ordnung.32/(1)^1(2)^2(4)^4/group.267	26	64	64	method=1	log2H=6.00	image=0	bad=0
Z	carat/tables/qcatalog/dim5/dir.2-1;2-1;1/ordnung.16/(1)^1(2)^2(4)^2(8)^2/group.276	10	18	18	method=1	log2H=5.00	image=0	bad=0
Z	carat/tables/qcatalog/dim5/dir.1;1;1;1;1/ordnung.8/(1)^1(4)^2(8)^2/min.73	32	24	24	method=1	log2H=5.00	image=0	bad=0
Z	carat/tables/qcatalog/dim5/dir.2-1;1;1;1/ordnung.8/(1)^1(2)^2(4)^2(16)^2/min.87	55	12	12	method=1	log2H=4.00	image=0	bad=0
Z	carat/tables/qcatalog/dim5/dir.2-1;2-1;1/ordnung.16/(1)^1(2)^2(4)^2(8)^2/group.278	3	12	12	method=1	log2H=4.00	image=0	bad=0
Z	carat/tables/qcatalog/dim5/dir.2-1;1;1;1/ordnung.32/(1)^1(2)^2(4)^4/group.271	11	24	24	method=1	log2H=5.00	image=0	bad=0
Z	carat/tables/qcatalog/dim5/dir.2-1;1;1;1/ordnung.8/(1)^1(2)^2(4)^2(16)^2/min.87	56	6	6	method=1	log2H=3.00	image=0	bad=0
father: level 1 number of orbits 1 lengths 2
father: level 1 number of orbits 2 lengths 1
Z	carat/tables/qcatalog/dim5/dir.2-1;2-1;1/ordnung.16/(1)^1(2)^2(4)^2(8)^2/min.92	1	8	8	method=1	log2H=3.00	image=0	bad=0
father: level 1 number of orbits 3 lengths 1
father: level 2 number of orbits 1 lengths 1
Z	carat/tables/qcatalog/dim5/dir.2-1;2-1;1/ordnung.16/(1)^1(2)^2(4)^2(8)^2/group.278	4	12	12	method=1	log2H=4.00	image=0	bad=0
Z	carat/tables/qcatalog/dim5/dir.2-1;1;1;1/ordnung.8/(1)^1(2)^2(4)^2(16)^2/min.87	57	3	3	method=1	log2H=2.00	image=0	bad=0
Z	carat/tables/qcatalog/dim5/dir.2-1;1;1;1/ordnung.32/(1)^1(2)^2(4)^4/group.267	27	24	24	method=1	log2H=5.00	image=0	bad=0
Z	carat/tables/qcatalog/dim5/dir.2-1;2-1;1/ordnung.16/(1)^1(2)^2(4)^2(8)^2/min.92	2	4	4	method=1	log2H=2.00	image=0	bad=0
Z	carat/tables/qcatalog/dim5/dir.1;1;1;1;1/ordnung.8/(1)^1(4)^2(8)^2/min.73	33	8	8	method=1	log2H=3.00	image=0	bad=0
Z	carat/tables/qcatalog/dim5/dir.2-1;1;1;1/ordnung.8/(1)^1(2)^2(4)^2(16)^2/min.87	58	6	6	method=1	log2H=3.00	image=0	bad=0
Z	carat/tables/qcatalog/dim5/dir.2-1;2-1;1/ordnung.16/(1)^1(2)^2(4)^2(8)^2/group.278	5	6	6	method=1	log2H=3.00	image=0	bad=0
Z	carat/tables/qcatalog/dim5/dir.2-1;1;1;1/ordnung.64/(1)^1(2)^2(4)^4/group.274	2	2112	2112	method=1	log2H=12.00	image=0	bad=0
Z	carat/tables/qcatalog/dim5/dir.2-1;2-1;1/ordnung.16/(1)^1(2)^2(4)^2(8)^2/min.92	3	4	4	method=1	log2H=2.00	image=0	bad=0
Z	carat/tables/qcatalog/dim5/dir.2-1;2-1;1/ordnung.16/(1)^1(2)^2(4)^2(8)^2/min.92	4	6	6	method=1	log2H=3.00	image=0	bad=0
Z	carat/tables/qcatalog/dim5/dir.1;1;1;1;1/ordnung.8/(1)^1(4)^2(8)^2/min.73	34	4	4	method=1	log2H=2.00	image=0	bad=0
Z	carat/tables/qcatalog/dim5/dir.2-1;1;1;1/ordnung.32/(1)^1(2)^2(4)^4/group.271	12	52	52	method=1	log2H=8.00	image=0	bad=0
Z	carat/tables/qcatalog/dim5/dir.2-1;2-1;1/ordnung.16/(1)^1(2)^2(4)^2(8)^2/group.276	11	12	12	method=1	log2H=4.00	image=0	bad=0
Z	carat/tables/qcatalog/dim5/dir.2-1;1;1;1/ordnung.32/(1)^1(2)^2(4)^4/group.269	5	544	544	method=1	log2H=10.00	image=0	bad=0
Z	carat/tables/qcatalog/dim5/dir.2-1;1;1;1/ordnung.32/(1)^1(2)^2(4)^4/group.267	28	12	12	method=1	log2H=4.00	image=0	bad=0
Z	carat/tables/qcatalog/dim5/dir.2-1;2-1;1/ordnung.16/(1)^1(2)^2(4)^2(8)^2/group.278	6	12	12	method=1	log2H=4.00	image=0	bad=0
Z	carat/tables/qcatalog/dim5/dir.2-1;2-1;1/ordnung.16/(1)^1(2)^2(4)^2(8)^2/min.92	5	4	4	method=1	log2H=2.00	image=0	bad=0
Z	carat/tables/qcatalog/dim5/dir.2-1;2-1;1/ordnung.16/(1)^1(2)^2(4)^2(8)^2/group.276	12	9	9	method=1	log2H=4.00	image=0	bad=0
Z	carat/tables/qcatalog/dim5/dir.2-1;2-1;1/ordnung.16/(1)^1(2)^2(4)^2(8)^2/group.278	7	24	24	method=1	log2H=5.00	image=0	bad=0
Z	carat/tables/qcatalog/dim5/dir.2-1;2-1;1/ordnung.16/(1)^1(2)^2(4)^2(8)^2/min.92	6	3	3	method=1	log2H=2.00	image=0	bad=0
Z	carat/tables/qcatalog/dim5/dir.2-1;2-1;1/ordnung.16/(1)^1(2)^2(4)^2(8)^2/group.276	13	12	12	method=1	log2H=4.00	image=0	bad=0
Z	carat/tables/qcatalog/dim5/dir.2-1;2-1;1/ordnung.16/(1)^1(2)^2(4)^2(8)^2/group.278	8	12	12	method=1	log2H=4.00	image=0	bad=0
Z	carat/tables/qcatalog/dim5/dir.2-1;1;1;1/ordnung.32/(1)^1(2)^2(4)^4/group.269	6	512	512	method=1	log2H=9.00	image=0	bad=0
Z	carat/tables/qcatalog/dim5/dir.2-1;2-1;1/ordnung.16/(1)^1(2)^2(4)^2(8)^2/group.276	14	4	4	method=1	log2H=2.00	image=0	bad=0
Z	carat/tables/qcatalog/dim5/dir.2-1;1;1;1/ordnung.32/(1)^1(2)^2(4)^4/group.267	29	144	144	method=1	log2H=8.00	image=0	bad=0
Z	carat/tables/qcatalog/dim5/dir.2-1;2-1;1/ordnung.16/(1)^1(2)^2(4)^2(8)^2/group.278	9	6	6	method=1	log2H=3.00	image=0	bad=0
Z	carat/tables/qcatalog/dim5/dir.2-1;2-1;1/ordnung.128/(1)^1(2)^4(4)^4/group.275	1	2080	2080	method=1	log2H=12.00	image=0	bad=0
Z	carat/tables/qcatalog/dim5/dir.2-1;2-1;1/ordnung.16/(1)^1(2)^2(4)^2(8)^2/group.276	15	12	12	method=1	log2H=4.00	image=0	bad=0
Z	carat/tables/qcatalog/dim5/dir.2-1;2-1;1/ordnung.16/(1)^1(2)^2(4)^2(8)^2/group.278	10	6	6	method=1	log2H=3.00	image=0	bad=0
father: level 1 number of orbits 1 lengths 1
father: level 1 number of orbits 2 lengths 1
father: level 1 number of orbits 3 lengths 1
Z	carat/tables/qcatalog/dim5/dir.1;1;1;1;1/ordnung.32/(1)^1(4)^4/group.221	13	140	140	method=1	log2H=10.00	image=0	bad=0
father: level 1 number of orbits 4 lengths 1
Z	carat/tables/qcatalog/dim5/dir.2-1;1;1;1/ordnung.32/(1)^1(2)^2(4)^4/group.269	7	128	128	method=1	log2H=7.00	image=0	bad=0
father: level 2 number of orbits 1 lengths 1
Z	carat/tables/qcatalog/dim5/dir.2-1;2-1;1/ordnung.16/(1)^1(2)^2(4)^2(8)^2/group.278	11	6	6	method=1	log2H=3.00	image=0	bad=0
Z	carat/tables/qcatalog/dim5/dir.2-1;1;1;1/ordnung.32/(1)^1(2)^2(4)^4/group.267	30	256	256	method=1	log2H=8.00	image=0	bad=0
Z	carat/tables/qcatalog/dim5/dir.2-1;2-1;1/ordnung.16/(1)^1(2)^2(4)^2(8)^2/group.278	12	3	3	method=1	log2H=2.00	image=0	bad=0
Z	carat/tables/qcatalog/dim5/dir.2-1;2-1;1/ordnung.16/(1)^1(2)^2(4)^2(8)^2/min.92	7	8	8	method=1	log2H=3.00	image=0	bad=0
Z	carat/tables/qcatalog/dim5/dir.1;1;1;1;1/ordnung.8/(1)^1(4)^2(8)^2/min.73	35	6	6	method=1	log2H=3.00	image=0	bad=0
Z	carat/tables/qcatalog/dim5/dir.2-1;2-1;1/ordnung.16/(1)^1(2)^2(4)^2(8)^2/group.278	13	4	4	method=1	log2H=2.00	image=0	bad=0
Z	carat/tables/qcatalog/dim5/dir.2-1;2-1;1/ordnung.16/(1)^1(2)^2(4)^2(8)^2/min.92	8	4	4	method=1	log2H=2.00	image=0	bad=0
Z	carat/tables/qcatalog/dim5/dir.2-1;1;1;1/ordnung.32/(1)^1(2)^2(4)^4/group.269	8	48	48	method=1	log2H=6.00	image=0	bad=0
Z	carat/tables/qcatalog/dim5/dir.2-1;1;1;1/ordnung.64/(1)^1(2)^2(4)^4/group.274	3	1280	1280	method=1	log2H=11.00	image=0	bad=0
Z	carat/tables/qcatalog/dim5/dir.2-1;1;1;1/ordnung.32/(1)^1(2)^2(4)^4/group.267	31	32	32	method=1	log2H=5.00	image=0	bad=0
Z	carat/tables/qcatalog/dim5/dir.2-1;2-1;1/ordnung.16/(1)^1(2)^2(4)^2(8)^2/group.278	14	2	2	method=1	log2H=1.00	image=0	bad=0
Z	carat/tables/qcatalog/dim5/dir.2-1;2-1;1/ordnung.128/(1)^1(2)^4(4)^4/group.275	2	256	256	method=1	log2H=8.00	image=0	bad=0
Z	carat/tables/qcatalog/dim5/dir.2-1;2-1;1/ordnung.16/(1)^1(2)^2(4)^2(8)^2/group.278	15	4	4	method=1	log2H=2.00	image=0	bad=0
Z	carat/tables/qcatalog/dim5/dir.2-1;2-1;1/ordnung.16/(1)^1(2)^2(4)^2(8)^2/min.92	9	4	4	method=1	log2H=2.00	image=0	bad=0
Z	carat/tables/qcatalog/dim5/dir.2-1;2-1;1/ordnung.16/(1)^1(2)^2(4)^2(8)^2/min.94	1	12	12	method=1	log2H=4.00	image=0	bad=0
Z	carat/tables/qcatalog/dim5/dir.1;1;1;1;1/ordnung.8/(1)^1(4)^2(8)^2/min.73	36	4	4	method=1	log2H=2.00	image=0	bad=0
Z	carat/tables/qcatalog/dim5/dir.2-1;2-1;1/ordnung.16/(1)^1(2)^2(4)^2(8)^2/min.92	10	4	4	method=1	log2H=2.00	image=0	bad=0
Z	carat/tables/qcatalog/dim5/dir.2-1;1;1;1/ordnung.32/(1)^1(2)^2(4)^4/group.267	32	16	16	method=1	log2H=4.00	image=0	bad=0
Z	carat/tables/qcatalog/dim5/dir.2-1;1;1;1/ordnung.32/(1)^1(2)^2(4)^4/group.271	13	752	752	method=1	log2H=12.00	image=0	bad=0
Z	carat/tables/qcatalog/dim5/dir.2-1;2-1;1/ordnung.16/(1)^1(2)^2(4)^2(8)^2/min.94	2	6	6	method=1	log2H=3.00	image=0	bad=0
Z	carat/tables/qcatalog/dim5/dir.2-1;2-1;1/ordnung.16/(1)^1(2)^2(4)^2(8)^2/min.94	3	6	6	method=1	log2H=3.00	image=0	bad=0
father: level 1 number of orbits 1 lengths 2
father: level 1 number of orbits 2 lengths 1
father: level 1 number of orbits 3 lengths 1
father: level 2 number of orbits 1 lengths 1
Z	carat/tables/qcatalog/dim5/dir.2-1;1;1;1/ordnung.32/(1)^1(2)^2(4)^4/group.269	9	24	24	method=1	log2H=5.00	image=0	bad=0
Z	carat/tables/qcatalog/dim5/dir.2-1;1;1;1/ordnung.64/(1)^1(2)^2(4)^4/group.274	4	160	160	method=1	log2H=8.00	image=0	bad=0
Z	carat/tables/qcatalog/dim5/dir.2-1;1;1;1/ordnung.32/(1)^1(2)^2(4)^4/group.267	33	24	24	method=1	log2H=5.00	image=0	bad=0
Z	carat/tables/qcatalog/dim5/dir.2-1;1;1;1/ordnung.32/(1)^1(2)^2(4)^4/group.271	14	288	288	method=1	log2H=9.00	image=0	bad=0
Z	carat/tables/qcatalog/dim5/dir.2-1;2-1;1/ordnung.16/(1)^1(4)^4/group.281	1	6	6	method=1	log2H=3.00	image=0	bad=0
Z	carat/tables/qcatalog/dim5/dir.2-1;2-1;1/ordnung.16/(1)^1(2)^2(4)^2(8)^2/min.92	11	4	4	method=1	log2H=2.00	image=0	bad=0
Z	carat/tables/qcatalog/dim5/dir.2-1;2-1;1/ordnung.16/(1)^1(4)^4/group.281	2	4	4	method=1	log2H=2.00	image=0	bad=0
Z	carat/tables/qcatalog/dim5/dir.2-1;2-1;1/ordnung.16/(1)^1(2)^2(4)^2(8)^2/min.92	12	3	3	method=1	log2H=2.00	image=0	bad=0
Z	carat/tables/qcatalog/dim5/dir.2-1;2-1;1/ordnung.16/(1)^1(4)^4/group.281	3	4	4	method=1	log2H=2.00	image=0	bad=0
Z	carat/tables/qcatalog/dim5/dir.1;1;1;1;1/ordnung.8/(1)^1(4)^2(8)^2/min.73	37	60	60	method=1	log2H=8.00	image=0	bad=0
Z	carat/tables/qcatalog/dim5/dir.2-1;2-1;1/ordnung.16/(1)^1(4)^4/group.281	4	3	3	method=1	log2H=2.00	image=0	bad=0
Z	carat/tables/qcatalog/dim5/dir.2-1;1;1;1/ordnung.32/(1)^1(2)^2(4)^4/group.267	34	144	144	method=1	log2H=8.00	image=0	bad=0
father: level 1 number of orbits 1 lengths 1
father: level 1 number of orbits 2 lengths 1
Z	carat/tables/qcatalog/dim5/dir.2-1;1;1;1/ordnung.32/(1)^1(2)^2(4)^4/group.271	15	160	160	method=1	log2H=8.00	image=0	bad=0
father: level 1 number of orbits 3 lengths 1
father: level 1 number of orbits 4 lengths 1
father: level 2 number of orbits 1 lengths 1
Z	carat/tables/qcatalog/dim5/dir.2-1;2-1;1/ordnung.16/(1)^1(4)^4/group.281	5	3	3	method=1	log2H=2.00	image=0	bad=0
father: level 1 number of orbits 1 lengths 1
father: level 1 number of orbits 2 lengths 1
father: level 1 number of orbits 3 lengths 1
father: level 1 number of orbits 4 lengths 1
Z	carat/tables/qcatalog/dim5/dir.2-1;1;1;1/ordnung.64/(1)^1(2)^2(4)^4/group.274	5	64	64	method=1	log2H=7.00	image=0	bad=0
father: level 2 number of orbits 1 lengths 1
father: level 2 number of orbits 1 lengths 2
Z	carat/tables/qcatalog/dim5/dir.2-1;2-1;1/ordnung.16/(1)^1(2)^2(4)^2(8)^2/min.94	4	4	4	method=1	log2H=2.00	image=0	bad=0
father: level 2 number of orbits 2 lengths 2
father: level 3 number of orbits 1 lengths 2
Z	carat/tables/qcatalog/dim5/dir.2-1;2-1;1/ordnung.16/(1)^1(2)^2(4)^2(8)^2/min.94	5	4	4	method=1	log2H=2.00	image=0	bad=0
Z	carat/tables/qcatalog/dim5/dir.1;1;1;1;1/ordnung.8/(1)^1(4)^2(8)^2/min.73	38	20	20	method=1	log2H=5.00	image=0	bad=0
Z	carat/tables/qcatalog/dim5/dir.2-1;2-1;1/ordnung.16/(1)^1(2)^2(4)^2(8)^2/min.94	6	3	3	method=1	log2H=2.00	image=0	bad=0
Z	carat/tables/qcatalog/dim5/dir.1;1;1;1;1/ordnung.32/(1)^1(4)^4/group.221	14	124	124	method=1	log2H=10.00	image=0	bad=0
father: level 1 number of orbits 1 lengths 1
father: level 1 number of orbits 2 lengths 1
father: level 1 number of orbits 3 lengths 1
father: level 1 number of orbits 4 lengths 1
Z	carat/tables/qcatalog/dim5/dir.2-1;2-1;1/ordnung.16/(1)^1(2)^2(4)^2(8)^2/group.277	1	18	18	method=1	log2H=5.00	image=0	bad=0
father: level 2 number of orbits 1 lengths 1
father: level 1 number of orbits 1 lengths 1
father: level 1 number of orbits 2 lengths 1
father: level 1 number of orbits 3 lengths 1
father: level 1 number of orbits 4 lengths 1
father: level 2 number of orbits 1 lengths 1
Z	carat/tables/qcatalog/dim5/dir.2-1;1;1;1/ordnung.32/(1)^1(2)^2(4)^4/group.271	16	40	40	method=1	log2H=6.00	image=0	bad=0
Z	carat/tables/qcatalog/dim5/dir.2-1;2-1;1/ordnung.128/(1)^1(2)^4(4)^4/group.275	3	144	144	method=1	log2H=8.00	image=0	bad=0
father: level 1 number of orbits 1 lengths 1
father: level 1 number of orbits 1 lengths 1
father: level 1 number of orbits 2 lengths 1
father: level 1 number of orbits 2 lengths 1
father: level 1 number of orbits 3 lengths 1
father: level 1 number of orbits 3 lengths 1
father: level 1 number of orbits 4 lengths 1
father: level 1 number of orbits 4 lengths 1
Z	carat/tables/qcatalog/dim5/dir.2-1;2-1;1/ordnung.16/(1)^1(2)^2(4)^2(8)^2/group.277	2	8	8	method=1	log2H=3.00	image=0	bad=0
Z	carat/tables/qcatalog/dim5/dir.2-1;1;1;1/ordnung.32/(1)^1(2)^2(4)^4/group.269	10	288	288	method=1	log2H=9.00	image=0	bad=0
father: level 2 number of orbits 1 lengths 1
father: level 2 number of orbits 1 lengths 2
father: level 2 number of orbits 2 lengths 2
father: level 3 number of orbits 1 lengths 2
Z	carat/tables/qcatalog/dim5/dir.2-1;1;1;1/ordnung.64/(1)^1(2)^2(4)^4/group.274	6	16	16	method=1	log2H=5.00	image=0	bad=0
father: level 1 number of orbits 5 lengths 1
father: level 1 number of orbits 6 lengths 1
father: level 1 number of orbits 7 lengths 1
Z	carat/tables/qcatalog/dim5/dir.1;1;1;1;1/ordnung.8/(1)^1(4)^2(8)^2/min.73	39	24	24	method=1	log2H=5.00	image=0	bad=0
father: level 1 number of orbits 8 lengths 1
father: level 1 number of orbits 9 lengths 1
father: level 1 number of orbits 10 lengths 1
father: level 1 number of orbits 11 lengths 1
father: level 2 number of orbits 1 lengths 1
father: level 2 number of orbits 2 lengths 1
Z	carat/tables/qcatalog/dim5/dir.2-1;2-1;1/ordnung.16/(1)^1(2)^2(4)^2(8)^2/group.277	3	18	18	method=1	log2H=5.00	image=0	bad=0
Z	carat/tables/qcatalog/dim5/dir.2-1;2-1;1/ordnung.16/(1)^1(2)^2(4)^2(8)^2/group.277	4	12	12	method=1	log2H=4.00	image=0	bad=0
Z	carat/tables/qcatalog/dim5/dir.2-1;2-1;1/ordnung.16/(1)^1(2)^2(4)^2(8)^2/min.93	1	24	24	method=1	log2H=5.00	image=0	bad=0
Z	carat/tables/qcatalog/dim5/dir.1;1;1;1;1/ordnung.8/(1)^1(4)^2(8)^2/min.73	40	8	8	method=1	log2H=3.00	image=0	bad=0
Z	carat/tables/qcatalog/dim5/dir.2-1;2-1;1/ordnung.16/(1)^1(2)^2(4)^2(8)^2/group.279	1	18	18	method=1	log2H=5.00	image=0	bad=0
Z	carat/tables/qcatalog/dim5/dir.2-1;2-1;1/ordnung.16/(1)^1(2)^2(4)^2(8)^2/group.277	5	8	8	method=1	log2H=3.00	image=0	bad=0
Z	carat/tables/qcatalog/dim5/dir.2-1;1;1;1/ordnung.32/(1)^1(2)^2(4)^4/group.267	35	20	20	method=1	log2H=5.00	image=0	bad=0
father: level 1 number of orbits 1 lengths 2
father: level 1 number of orbits 2 lengths 1
father: level 1 number of orbits 3 lengths 1
father: level 2 number of orbits 1 lengths 1
Z	carat/tables/qcatalog/dim5/dir.2-1;2-1;1/ordnung.16/(1)^1(2)^2(4)^2(8)^2/min.93	2	12	12	method=1	log2H=4.00	image=0	bad=0
Z	carat/tables/qcatalog/dim5/dir.2-1;2-1;1/ordnung.16/(1)^1(2)^2(4)^2(8)^2/group.279	2	8	8	method=1	log2H=3.00	image=0	bad=0
Z	carat/tables/qcatalog/dim5/dir.1;1;1;1;1/ordnung.8/(1)^1(4)^2(8)^2/min.73	41	4	4	method=1	log2H=2.00	image=0	bad=0
Z	carat/tables/qcatalog/dim5/dir.2-1;2-1;1/ordnung.16/(1)^1(2)^2(4)^2(8)^2/min.93	3	12	12	method=1	log2H=4.00	image=0	bad=0
Z	carat/tables/qcatalog/dim5/dir.2-1;2-1;1/ordnung.16/(1)^1(4)^4/group.282	1	21	21	method=1	log2H=6.00	image=0	bad=0
Z	carat/tables/qcatalog/dim5/dir.2-1;1;1;1/ordnung.32/(1)^1(2)^2(4)^4/group.267	36	12	12	method=1	log2H=4.00	image=0	bad=0
Z	carat/tables/qcatalog/dim5/dir.2-1;2-1;1/ordnung.16/(1)^1(4)^4/group.282	2	12	12	method=1	log2H=4.00	image=0	bad=0
Z	carat/tables/qcatalog/dim5/dir.2-1;2-1;1/ordnung.16/(1)^1(2)^2(4)^2(8)^2/min.93	4	12	12	method=1	log2H=4.00	image=0	bad=0
Z	carat/tables/qcatalog/dim5/dir.2-1;1;1;1/ordnung.32/(1)^1(2)^2(4)^4/group.269	11	512	512	method=1	log2H=9.00	image=0	bad=0
father: level 1 number of orbits 1 lengths 2
father: level 1 number of orbits 2 lengths 1
Z	carat/tables/qcatalog/dim5/dir.2-1;2-1;1/ordnung.16/(1)^1(2)^2(4)^2(8)^2/group.277	6	12	12	method=1	log2H=4.00	image=0	bad=0
Z	carat/tables/qcatalog/dim5/dir.2-1;2-1;1/ordnung.16/(1)^1(4)^4/group.282	3	12	12	method=1	log2H=5.00	image=0	bad=0
Z	carat/tables/qcatalog/dim5/dir.2-1;1;1;1/ordnung.64/(1)^1(2)^2(4)^4/group.274	7	1088	1088	method=1	log2H=11.00	image=0	bad=0
father: level 1 number of orbits 3 lengths 1
father: level 2 number of orbits 1 lengths 1
father: level 2 number of orbits 1 lengths 2
father: level 2 number of orbits 2 lengths 2
father: level 3 number of orbits 1 lengths 2
Z	carat/tables/qcatalog/dim5/dir.2-1;2-1;1/ordnung.16/(1)^1(2)^2(4)^2(8)^2/min.93	5	8	8	method=1	log2H=3.00	image=0	bad=0
Z	carat/tables/qcatalog/dim5/dir.2-1;2-1;1/ordnung.16/(1)^1(4)^4/group.282	4	6	6	method=1	log2H=3.00	image=0	bad=0
Z	carat/tables/qcatalog/dim5/dir.1;1;1;1;1/ordnung.8/(1)^1(4)^2(8)^2/min.73	42	144	144	method=1	log2H=8.00	image=0	bad=0
Z	carat/tables/qcatalog/dim5/dir.2-1;2-1;1/ordnung.16/(1)^1(2)^2(4)^2(8)^2/min.93	6	9	9	method=1	log2H=4.00	image=0	bad=0
Z	carat/tables/qcatalog/dim5/dir.2-1;2-1;1/ordnung.16/(1)^1(4)^4/group.282	5	6	6	method=1	log2H=4.00	image=0	bad=0
Z	carat/tables/qcatalog/dim5/dir.2-1;2-1;1/ordnung.128/(1)^1(2)^4(4)^4/group.275	4	20	20	method=1	log2H=5.00	image=0	bad=0
Z	carat/tables/qcatalog/dim5/dir.2-1;1;1;1/ordnung.32/(1)^1(2)^2(4)^4/group.267	37	32	32	method=1	log2H=5.00	image=0	bad=0
father: level 2 number of orbits 3 lengths 1
father: level 2 number of orbits 4 lengths 1
Z	carat/tables/qcatalog/dim5/dir.2-1;1;1;1/ordnung.32/(1)^1(2)^2(4)^4/group.269	12	64	64	method=1	log2H=6.00	image=0	bad=0
father: level 2 number of orbits 1 lengths 1
father: level 2 number of orbits 2 lengths 1
father: level 2 number of orbits 3 lengths 1
father: level 2 number of orbits 1 lengths 1
father: level 2 number of orbits 2 lengths 1
father: level 2 number of orbits 3 lengths 1
father: level 2 number of orbits 1 lengths 1
father: level 2 number of orbits 2 lengths 1
father: level 2 number of orbits 3 lengths 1
Z	carat/tables/qcatalog/dim5/dir.2-1;2-1;1/ordnung.16/(1)^1(4)^2(8)^2/group.280	1	30	30	method=1	log2H=6.00	image=0	bad=0
Z	carat/tables/qcatalog/dim5/dir.1;1;1;1;1/ordnung.32/(1)^1(4)^4/group.221	15	162	162	method=1	log2H=10.00	image=0	bad=0
Z	carat/tables/qcatalog/dim5/dir.2-1;1;1;1/ordnung.32/(1)^1(2)^2(4)^4/group.271	17	16	16	method=1	log2H=5.00	image=0	bad=0
Z	carat/tables/qcatalog/dim5/dir.1;1;1;1;1/ordnung.8/(1)^1(4)^2(8)^2/min.73	43	24	24	method=1	log2H=5.00	image=0	bad=0
father: level 3 number of orbits 1 lengths 2
Z	carat/tables/qcatalog/dim5/dir.2-1;2-1;1/ordnung.16/(1)^1(2)^2(4)^2(8)^2/group.277	7	36	36	method=1	log2H=6.00	image=0	bad=0
Z	carat/tables/qcatalog/dim5/dir.2-1;2-1;1/ordnung.16/(1)^1(4)^2(8)^2/group.280	2	16	16	method=1	log2H=4.00	image=0	bad=0
Z	carat/tables/qcatalog/dim5/dir.2-1;1;1;1/ordnung.32/(1)^1(2)^2(4)^4/group.269	13	32	32	method=1	log2H=5.00	image=0	bad=0
Z	carat/tables/qcatalog/dim5/dir.2-1;1;1;1/ordnung.64/(1)^1(2)^2(4)^4/group.274	8	96	96	method=1	log2H=7.00	image=0	bad=0
Z	carat/tables/qcatalog/dim5/dir.2-1;2-1;1/ordnung.16/(1)^1(2)^2(4)^2(8)^2/group.277	8	16	16	method=1	log2H=4.00	image=0	bad=0
Z	carat/tables/qcatalog/dim5/dir.2-1;2-1;1/ordnung.16/(1)^1(2)^2(4)^2(8)^2/group.279	3	18	18	method=1	log2H=5.00	image=0	bad=0
father: level 3 number of orbits 2 lengths 1
Z	carat/tables/qcatalog/dim5/dir.2-1;2-1;1/ordnung.16/(1)^1(4)^2(8)^2/group.280	3	28	28	method=1	log2H=6.00	image=0	bad=0
father: level 3 number of orbits 3 lengths 2
Z	carat/tables/qcatalog/dim5/dir.2-1;1;1;1/ordnung.32/(1)^1(2)^2(4)^4/group.271	18	8	8	method=1	log2H=4.00	image=0	bad=0
Z	carat/tables/qcatalog/dim5/dir.2-1;2-1;1/ordnung.16/(1)^1(2)^2(4)^2(8)^2/group.277	9	9	9	method=1	log2H=4.00	image=0	bad=0
Z	carat/tables/qcatalog/dim5/dir.2-1;2-1;1/ordnung.16/(1)^1(2)^2(4)^2(8)^2/group.279	4	12	12	method=1	log2H=4.00	image=0	bad=0
Z	carat/tables/qcatalog/dim5/dir.2-1;1;1;1/ordnung.32/(1)^1(2)^2(4)^4/group.269	14	48	48	method=1	log2H=6.00	image=0	bad=0
Z	carat/tables/qcatalog/dim5/dir.2-1;2-1;1/ordnung.16/(1)^1(2)^2(4)^2(8)^2/group.277	10	6	6	method=1	log2H=3.00	image=0	bad=0
Z	carat/tables/qcatalog/dim5/dir.2-1;2-1;1/ordnung.16/(1)^1(4)^2(8)^2/group.280	4	9	9	method=1	log2H=4.00	image=0	bad=0
father: level 4 number of orbits 1 lengths 2
Z	carat/tables/qcatalog/dim5/dir.2-1;2-1;1/ordnung.16/(1)^1(2)^2(4)^2(8)^2/group.279	5	8	8	method=1	log2H=3.00	image=0	bad=0
Z	carat/tables/qcatalog/dim5/dir.2-1;2-1;1/ordnung.128/(1)^1(2)^4(4)^4/group.275	5	72	72	method=1	log2H=7.00	image=0	bad=0
Z	carat/tables/qcatalog/dim5/dir.2-1;1;1;1/ordnung.32/(1)^1(2)^2(4)^4/group.267	38	144	144	method=1	log2H=8.00	image=0	bad=0
Z	carat/tables/qcatalog/dim5/dir.2-1;1;1;1/ordnung.64/(1)^1(2)^2(4)^4/group.274	9	48	48	method=1	log2H=6.00	image=0	bad=0
Z	carat/tables/qcatalog/dim5/dir.2-1;1;1;1/ordnung.32/(1)^1(2)^2(4)^4/group.271	19	144	144	method=1	log2H=8.00	image=0	bad=0
Z	carat/tables/qcatalog/dim5/dir.2-1;2-1;1/ordnung.16/(1)^1(2)^2(4)^2(8)^2/group.279	6	12	12	method=1	log2H=4.00	image=0	bad=0
Z	carat/tables/qcatalog/dim5/dir.2-1;2-1;1/ordnung.16/(1)^1(2)^2(4)^2(8)^2/group.277	11	6	6	method=1	log2H=3.00	image=0	bad=0
Z	carat/tables/qcatalog/dim5/dir.1;1;1;1;1/ordnung.8/(1)^1(4)^2(8)^2/min.73	44	24	24	method=1	log2H=5.00	image=0	bad=0
Z	carat/tables/qcatalog/dim5/dir.2-1;2-1;1/ordnung.16/(1)^1(2)^2(4)^2(8)^2/group.279	7	36	36	method=1	log2H=6.00	image=0	bad=0
Z	carat/tables/qcatalog/dim5/dir.2-1;2-1;1/ordnung.16/(1)^1(2)^2(4)^2(8)^2/group.277	12	5	5	method=1	log2H=3.00	image=0	bad=0
Z	carat/tables/qcatalog/dim5/dir.2-1;1;1;1/ordnung.32/(1)^1(2)^2(4)^4/group.269	15	272	272	method=1	log2H=9.00	image=0	bad=0
Z	carat/tables/qcatalog/dim5/dir.2-1;2-1;1/ordnung.16/(1)^1(2)^2(4)^2(8)^2/group.279	8	16	16	method=1	log2H=4.00	image=0	bad=0
Z	carat/tables/qcatalog/dim5/dir.2-1;2-1;1/ordnung.16/(1)^1(2)^2(4)^2(8)^2/group.277	13	6	6	method=1	log2H=3.00	image=0	bad=0
Z	carat/tables/qcatalog/dim5/dir.2-1;1;1;1/ordnung.32/(1)^1(2)^2(4)^4/group.271	20	32	32	method=1	log2H=5.00	image=0	bad=0
Z	carat/tables/qcatalog/dim5/dir.2-1;2-1;1/ordnung.16/(1)^1(2)^2(4)^2(8)^2/group.279	9	9	9	method=1	log2H=4.00	image=0	bad=0
Z	carat/tables/qcatalog/dim5/dir.1;1;1;1;1/ordnung.8/(1)^1(4)^2(8)^2/min.73	45	10	10	method=1	log2H=5.00	image=0	bad=0
Z	carat/tables/qcatalog/dim5/dir.2-1;2-1;1/ordnung.16/(1)^1(2)^2(4)^2(8)^2/group.277	14	2	2	method=1	log2H=1.00	image=0	bad=0
Z	carat/tables/qcatalog/dim5/dir.2-1;2-1;1/ordnung.16/(1)^1(2)^2(4)^2(8)^2/group.279	10	9	9	method=1	log2H=4.00	image=0	bad=0
Z	carat/tables/qcatalog/dim5/dir.2-1;1;1;1/ordnung.32/(1)^1(2)^2(4)^4/group.269	16	40	40	method=1	log2H=6.00	image=0	bad=0
Z	carat/tables/qcatalog/dim5/dir.2-1;2-1;1/ordnung.16/(1)^1(2)^2(4)^2(8)^2/group.277	15	6	6	method=1	log2H=3.00	image=0	bad=0
Z	carat/tables/qcatalog/dim5/dir.2-1;2-1;1/ordnung.16/(1)^1(2)^2(4)^2(8)^2/group.279	11	6	6	method=1	log2H=3.00	image=0	bad=0
Z	carat/tables/qcatalog/dim5/dir.2-1;1;1;1/ordnung.64/(1)^1(2)^2(4)^4/group.274	10	408	408	method=1	log2H=11.00	image=0	bad=0
Z	carat/tables/qcatalog/dim5/dir.2-1;2-1;1/ordnung.16/(1)^1(2)^2(4)^2(8)^2/group.279	12	6	6	method=1	log2H=3.00	image=0	bad=0
Z	carat/tables/qcatalog/dim5/dir.1;1;1;1;1/ordnung.8/(1)^1(4)^2(8)^2/min.73	46	20	20	method=1	log2H=5.00	image=0	bad=0
Z	carat/tables/qcatalog/dim5/dir.2-1;2-1;1/ordnung.16/(1)^1(4)^2(8)^2/group.280	5	9	9	method=1	log2H=4.00	image=0	bad=0
Z	carat/tables/qcatalog/dim5/dir.2-1;1;1;1/ordnung.32/(1)^1(2)^2(4)^4/group.269	17	24	24	method=1	log2H=5.00	image=0	bad=0
Z	carat/tables/qcatalog/dim5/dir.2-1;2-1;1/ordnung.16/(1)^1(2)^2(4)^2(8)^2/group.279	13	6	6	method=1	log2H=3.00	image=0	bad=0
Z	carat/tables/qcatalog/dim5/dir.2-1;1;1;1/ordnung.32/(1)^1(2)^2(4)^4/group.271	21	20	20	method=1	log2H=5.00	image=0	bad=0
Z	carat/tables/qcatalog/dim5/dir.2-1;2-1;1/ordnung.16/(1)^1(4)^2(8)^2/group.280	6	6	6	method=1	log2H=3.00	image=0	bad=0
Z	carat/tables/qcatalog/dim5/dir.2-1;2-1;1/ordnung.16/(1)^1(2)^2(4)^2(8)^2/group.279	14	3	3	method=1	log2H=2.00	image=0	bad=0
Z	carat/tables/qcatalog/dim5/dir.2-1;2-1;1/ordnung.16/(1)^1(2)^2(4)^2(8)^2/group.279	15	6	6	method=1	log2H=3.00	image=0	bad=0
Z	carat/tables/qcatalog/dim5/dir.2-1;2-1;1/ordnung.16/(1)^1(4)^2(8)^2/group.280	7	3	3	method=1	log2H=2.00	image=0	bad=0
Z	carat/tables/qcatalog/dim5/dir.2-1;1;1;1/ordnung.32/(1)^1(2)^2(4)^4/group.269	18	64	64	method=1	log2H=6.00	image=0	bad=0
Z	carat/tables/qcatalog/dim5/dir.1;1;1;1;1/ordnung.8/(1)^1(4)^2(8)^2/min.73	47	60	60	method=1	log2H=8.00	image=0	bad=0
Z	carat/tables/qcatalog/dim5/dir.2-1;1;1;1/ordnung.32/(1)^1(2)^2(4)^4/group.271	22	60	60	method=1	log2H=8.00	image=0	bad=0
Z	carat/tables/qcatalog/dim5/dir.2-1;1;1;1/ordnung.64/(1)^1(2)^2(4)^4/group.274	11	80	80	method=1	log2H=7.00	image=0	bad=0
Z	carat/tables/qcatalog/dim5/dir.2-1;2-1;1/ordnung.16/(1)^1(4)^2(8)^2/group.280	8	6	6	method=1	log2H=3.00	image=0	bad=0
Z	carat/tables/qcatalog/dim5/dir.2-1;1;1;1/ordnung.8/(1)^1(2)^2(4)^2(16)^2/min.88	1	24	24	method=1	log2H=5.00	image=0	bad=0
Z	carat/tables/qcatalog/dim5/dir.1;1;1;1;1/ordnung.8/(1)^1(4)^2(8)^2/min.73	48	20	20	method=1	log2H=5.00	image=0	bad=0
Z	carat/tables/qcatalog/dim5/dir.2-1;1;1;1/ordnung.8/(1)^1(2)^2(4)^2(16)^2/min.88	2	12	12	method=1	log2H=4.00	image=0	bad=0
Z	carat/tables/qcatalog/dim5/dir.2-1;1;1;1/ordnung.32/(1)^1(2)^2(4)^4/group.271	23	24	24	method=1	log2H=5.00	image=0	bad=0
Z	carat/tables/qcatalog/dim5/dir.2-1;1;1;1/ordnung.32/(1)^1(2)^2(4)^4/group.269	19	272	272	method=1	log2H=9.00	image=0	bad=0
Z	carat/tables/qcatalog/dim5/dir.2-1;1;1;1/ordnung.8/(1)^1(2)^2(4)^2(16)^2/min.88	3	8	8	method=1	log2H=3.00	image=0	bad=0
father: level 1 number of orbits 1 lengths 1
father: level 1 number of orbits 2 lengths 1
father: level 1 number of orbits 3 lengths 1
father: level 1 number of orbits 4 lengths 1
father: level 2 number of orbits 1 lengths 1
Z	carat/tables/qcatalog/dim5/dir.2-1;1;1;1/ordnung.8/(1)^1(2)^2(4)^2(16)^2/min.88	4	8	8	method=1	log2H=3.00	image=0	bad=0
Z	carat/tables/qcatalog/dim5/dir.2-1;1;1;1/ordnung.8/(1)^1(2)^2(4)^2(16)^2/min.88	5	4	4	method=1	log2H=2.00	image=0	bad=0
Z	carat/tables/qcatalog/dim5/dir.1;1;1;1;1/ordnung.8/(1)^1(4)^2(8)^2/min.73	49	20	20	method=1	log2H=5.00	image=0	bad=0
Z	carat/tables/qcatalog/dim5/dir.2-1;1;1;1/ordnung.8/(1)^1(2)^2(4)^2(16)^2/min.88	6	12	12	method=1	log2H=4.00	image=0	bad=0
Z	carat/tables/qcatalog/dim5/dir.2-1;2-1;1/ordnung.16/(1)^1(4)^4/group.283	1	8	8	method=1	log2H=3.00	image=0	bad=0
Z	carat/tables/qcatalog/dim5/dir.2-1;1;1;1/ordnung.32/(1)^1(2)^2(4)^4/group.271	24	60	60	method=1	log2H=8.00	image=0	bad=0
Z	carat/tables/qcatalog/dim5/dir.2-1;1;1;1/ordnung.8/(1)^1(2)^2(4)^2(16)^2/min.88	7	6	6	method=1	log2H=3.00	image=0	bad=0
Z	carat/tables/qcatalog/dim5/dir.2-1;2-1;1/ordnung.16/(1)^1(4)^4/group.283	2	4	4	method=1	log2H=2.00	image=0	bad=0
Z	carat/tables/qcatalog/dim5/dir.2-1;1;1;1/ordnung.8/(1)^1(2)^2(4)^2(16)^2/min.88	8	6	6	method=1	log2H=3.00	image=0	bad=0
Z	carat/tables/qcatalog/dim5/dir.2-1;1;1;1/ordnung.8/(1)^1(2)^2(4)^2(16)^2/min.88	9	8	8	method=1	log2H=3.00	image=0	bad=0
father: level 1 number of orbits 1 lengths 2
Z	carat/tables/qcatalog/dim5/dir.2-1;2-1;1/ordnung.16/(1)^1(4)^4/group.283	3	4	4	method=1	log2H=2.00	image=0	bad=0
father: level 1 number of orbits 2 lengths 1
father: level 1 number of orbits 3 lengths 1
father: level 2 number of orbits 1 lengths 1
father: level 2 number of orbits 1 lengths 1
father: level 2 number of orbits 2 lengths 1
father: level 2 number of orbits 3 lengths 1
father: level 2 number of orbits 4 lengths 1
Z	carat/tables/qcatalog/dim5/dir.1;1;1;1;1/ordnung.8/(1)^1(4)^2(8)^2/min.73	50	24	24	method=1	log2H=5.00	image=0	bad=0
Z	carat/tables/qcatalog/dim5/dir.2-1;1;1;1/ordnung.8/(1)^1(2)^2(4)^2(16)^2/min.88	10	8	8	method=1	log2H=3.00	image=0	bad=0
father: level 3 number of orbits 1 lengths 1
father: level 3 number of orbits 2 lengths 1
Z	carat/tables/qcatalog/dim5/dir.2-1;2-1;1/ordnung.16/(1)^1(4)^4/group.283	4	6	6	method=1	log2H=3.00	image=0	bad=0
Z	carat/tables/qcatalog/dim5/dir.2-1;1;1;1/ordnung.8/(1)^1(2)^2(4)^2(16)^2/min.88	11	4	4	method=1	log2H=2.00	image=0	bad=0
father: level 1 number of orbits 1 lengths 2
father: level 1 number of orbits 2 lengths 1
Z	carat/tables/qcatalog/dim5/dir.2-1;1;1;1/ordnung.64/(1)^1(2)^2(4)^4/group.274	12	376	376	method=1	log2H=11.00	image=0	bad=0
father: level 1 number of orbits 3 lengths 1
father: level 2 number of orbits 1 lengths 1
Z	carat/tables/qcatalog/dim5/dir.2-1;2-1;1/ordnung.16/(1)^1(4)^4/group.283	5	4	4	method=1	log2H=2.00	image=0	bad=0
Z	carat/tables/qcatalog/dim5/dir.2-1;1;1;1/ordnung.8/(1)^1(2)^2(4)^2(16)^2/min.88	12	4	4	method=1	log2H=2.00	image=0	bad=0
Z	carat/tables/qcatalog/dim5/dir.2-1;2-1;1/ordnung.16/(1)^1(4)^4/group.283	6	3	3	method=1	log2H=2.00	image=0	bad=0
Z	carat/tables/qcatalog/dim5/dir.1;1;1;1;1/ordnung.8/(1)^1(4)^2(8)^2/min.73	51	32	32	method=1	log2H=5.00	image=0	bad=0
Z	carat/tables/qcatalog/dim5/dir.2-1;1;1;1/ordnung.8/(1)^1(2)^2(4)^2(16)^2/min.88	13	8	8	method=1	log2H=3.00	image=0	bad=0
Z	carat/tables/qcatalog/dim5/dir.2-1;1;1;1/ordnung.8/(1)^1(2)^2(4)^2(16)^2/min.88	14	6	6	method=1	log2H=3.00	image=0	bad=0
Z	carat/tables/qcatalog/dim5/dir.2-1;1;1;1/ordnung.8/(1)^1(2)^2(4)^2(16)^2/min.88	15	4	4	method=1	log2H=2.00	image=0	bad=0
Z	carat/tables/qcatalog/dim5/dir.2-1;1;1;1/ordnung.8/(1)^1(2)^2(4)^2(16)^2/min.88	16	4	4	method=1	log2H=2.00	image=0	bad=0
Z	carat/tables/qcatalog/dim5/dir.1;1;1;1;1/ordnung.8/(1)^1(4)^2(8)^2/min.73	52	24	24	method=1	log2H=5.00	image=0	bad=0
Z	carat/tables/qcatalog/dim5/dir.2-1;1;1;1/ordnung.8/(1)^1(2)^2(4)^2(16)^2/min.88	17	6	6	method=1	log2H=3.00	image=0	bad=0
Z	carat/tables/qcatalog/dim5/dir.2-1;1;1;1/ordnung.8/(1)^1(2)^2(4)^2(16)^2/min.88	18	2	2	method=1	log2H=1.00	image=0	bad=0
Z	carat/tables/qcatalog/dim5/dir.2-1;1;1;1/ordnung.8/(1)^1(2)^2(4)^2(16)^2/min.88	19	2	2	method=1	log2H=1.00	image=0	bad=0
father: level 1 number of orbits 1 lengths 1
father: level 1 number of orbits 2 lengths 1
father: level 1 number of orbits 3 lengths 1
father: level 1 number of orbits 4 lengths 1
Z	carat/tables/qcatalog/dim5/dir.2-1;1;1;1/ordnung.8/(1)^1(2)^2(4)^2(16)^2/min.88	20	4	4	method=1	log2H=2.00	image=0	bad=0
father: level 2 number of orbits 1 lengths 1
Z	carat/tables/qcatalog/dim5/dir.2-1;1;1;1/ordnung.8/(1)^1(2)^2(4)^2(16)^2/min.88	21	6	6	method=1	log2H=3.00	image=0	bad=0
Z	carat/tables/qcatalog/dim5/dir.2-1;1;1;1/ordnung.8/(1)^1(2)^2(4)^2(16)^2/min.88	22	4	4	method=1	log2H=2.00	image=0	bad=0
Z	carat/tables/qcatalog/dim5/dir.1;1;1;1;1/ordnung.8/(1)^1(4)^2(8)^2/min.73	53	60	60	method=1	log2H=8.00	image=0	bad=0
Z	carat/tables/qcatalog/dim5/dir.2-1;1;1;1/ordnung.8/(1)^1(2)^2(4)^2(16)^2/min.88	23	2	2	method=1	log2H=1.00	image=0	bad=0
Z	carat/tables/qcatalog/dim5/dir.2-1;1;1;1/ordnung.8/(1)^1(2)^2(4)^2(16)^2/min.88	24	2	2	method=1	log2H=1.00	image=0	bad=0
father: level 1 number of orbits 1 lengths 2
Z	carat/tables/qcatalog/dim5/dir.2-1;2-1;1/ordnung.32/(1)^1(2)^2(4)^4/group.290	1	96	96	method=1	log2H=7.00	image=0	bad=0
father: level 1 number of orbits 2 lengths 1
father: level 1 number of orbits 3 lengths 1
father: level 2 number of orbits 1 lengths 1
father: level 2 number of orbits 1 lengths 2
Z	carat/tables/qcatalog/dim5/dir.2-1;1;1;1/ordnung.8/(1)^1(2)^2(4)^2(16)^2/min.88	25	3	3	method=1	log2H=2.00	image=0	bad=0
father: level 2 number of orbits 2 lengths 2
father: level 3 number of orbits 1 lengths 2
father: level 1 number of orbits 1 lengths 1
father: level 1 number of orbits 1 lengths 1
father: level 1 number of orbits 2 lengths 1
father: level 1 number of orbits 2 lengths 1
father: level 1 number of orbits 3 lengths 1
Z	carat/tables/qcatalog/dim5/dir.2-1;1;1;1/ordnung.8/(1)^1(2)^2(4)^2(16)^2/min.88	26	2	2	method=1	log2H=1.00	image=0	bad=0
father: level 1 number of orbits 3 lengths 1
father: level 1 number of orbits 4 lengths 1
father: level 2 number of orbits 1 lengths 1
father: level 1 number of orbits 1 lengths 2
father: level 1 number of orbits 2 lengths 1
father: level 1 number of orbits 3 lengths 1
Z	carat/tables/qcatalog/dim5/dir.2-1;1;1;1/ordnung.8/(1)^1(2)^2(4)^2(16)^2/min.88	27	6	6	method=1	log2H=3.00	image=0	bad=0
Z	carat/tables/qcatalog/dim5/dir.2-1;2-1;1/ordnung.32/(1)^1(2)^2(4)^4/group.290	2	24	24	method=1	log2H=5.00	image=0	bad=0
Z	carat/tables/qcatalog/dim5/dir.1;1;1;1;1/ordnung.8/(1)^1(4)^2(8)^2/min.73	54	20	20	method=1	log2H=5.00	image=0	bad=0
Z	carat/tables/qcatalog/dim5/dir.2-1;1;1;1/ordnung.8/(1)^1(2)^2(4)^2(16)^2/min.88	28	1	1	method=0	log2H=0.00	image=0	bad=0
Z	carat/tables/qcatalog/dim5/dir.2-1;1;1;1/ordnung.8/(1)^1(2)^2(4)^2(16)^2/min.88	29	2	2	method=1	log2H=1.00	image=0	bad=0
father: level 1 number of orbits 4 lengths 1
father: level 1 number of orbits 5 lengths 1
father: level 1 number of orbits 6 lengths 1
father: level 2 number of orbits 1 lengths 1
father: level 1 number of orbits 7 lengths 1
father: level 1 number of orbits 8 lengths 1
father: level 1 number of orbits 9 lengths 1
father: level 1 number of orbits 10 lengths 1
father: level 1 number of orbits 1 lengths 1
father: level 1 number of orbits 2 lengths 1
father: level 1 number of orbits 11 lengths 1
father: level 1 number of orbits 3 lengths 1
father: level 1 number of orbits 4 lengths 1
Z	carat/tables/qcatalog/dim5/dir.2-1;2-1;1/ordnung.32/(1)^1(2)^2(4)^4/group.290	3	24	24	method=1	log2H=5.00	image=0	bad=0
father: level 2 number of orbits 1 lengths 1
Z	carat/tables/qcatalog/dim5/dir.2-1;2-1;1/ordnung.16/(1)^1(4)^6(8)^2/group.287	1	40	40	method=1	log2H=6.00	image=0	bad=0
father: level 2 number of orbits 2 lengths 1
father: level 2 number of orbits 3 lengths 1
father: level 2 number of orbits 4 lengths 1
father: level 2 number of orbits 1 lengths 1
father: level 2 number of orbits 2 lengths 1
father: level 2 number of orbits 3 lengths 1
father: level 1 number of orbits 1 lengths 2
father: level 1 number of orbits 2 lengths 1
Z	carat/tables/qcatalog/dim5/dir.1;1;1;1;1/ordnung.8/(1)^1(4)^2(8)^2/min.73	55	20	20	method=1	log2H=5.00	image=0	bad=0
father: level 1 number of orbits 3 lengths 1
father: level 2 number of orbits 1 lengths 1
father: level 2 number of orbits 1 lengths 2
father: level 2 number of orbits 2 lengths 2
father: level 3 number of orbits 1 lengths 2
father: level 1 number of orbits 1 lengths 1
Z	carat/tables/qcatalog/dim5/dir.2-1;2-1;1/ordnung.32/(1)^1(2)^2(4)^4/group.290	4	16	16	method=1	log2H=4.00	image=0	bad=0
father: level 1 number of orbits 2 lengths 1
Z	carat/tables/qcatalog/dim5/dir.2-1;2-1;1/ordnung.16/(1)^1(4)^6(8)^2/group.287	2	16	16	method=1	log2H=4.00	image=0	bad=0
father: level 1 number of orbits 3 lengths 1
father: level 1 number of orbits 4 lengths 1
father: level 2 number of orbits 1 lengths 1
Z	carat/tables/qcatalog/dim5/dir.2-1;2-1;1/ordnung.16/(1)^1(4)^6(8)^2/min.96	1	34	34	method=1	log2H=7.00	image=0	bad=0
father: level 1 number of orbits 1 lengths 2
father: level 1 number of orbits 2 lengths 1
father: level 1 number of orbits 3 lengths 1
father: level 2 number of orbits 1 lengths 1
father: level 2 number of orbits 1 lengths 2
father: level 2 number of orbits 2 lengths 2
father: level 3 number of orbits 1 lengths 2
Z	carat/tables/qcatalog/dim5/dir.2-1;2-1;1/ordnung.16/(1)^1(4)^6(8)^2/min.96	2	18	18	method=1	log2H=5.00	image=0	bad=0
father: level 1 number of orbits 1 lengths 1
father: level 1 number of orbits 2 lengths 1
father: level 1 number of orbits 3 lengths 1
father: level 1 number of orbits 4 lengths 1
father: level 2 number of orbits 1 lengths 1
father: level 1 number of orbits 1 lengths 2
father: level 1 number of orbits 2 lengths 1
Z	carat/tables/qcatalog/dim5/dir.2-1;2-1;1/ordnung.16/(1)^1(4)^6(8)^2/group.287	3	64	64	method=1	log2H=6.00	image=0	bad=0
Z	carat/tables/qcatalog/dim5/dir.1;1;1;1;1/ordnung.8/(1)^1(4)^2(8)^2/min.73	56	10	10	method=1	log2H=5.00	image=0	bad=0
father: level 2 number of orbits 1 lengths 1
father: level 2 number of orbits 1 lengths 1
father: level 2 number of orbits 2 lengths 1
Z	carat/tables/qcatalog/dim5/dir.2-1;2-1;1/ordnung.16/(1)^1(4)^6(8)^2/min.96	3	13	13	method=1	log2H=5.00	image=0	bad=0
father: level 2 number of orbits 3 lengths 1
father: level 2 number of orbits 1 lengths 1
father: level 2 number of orbits 2 lengths 1
father: level 2 number of orbits 3 lengths 1
father: level 3 number of orbits 1 lengths 2
father: level 3 number of orbits 2 lengths 1
father: level 3 number of orbits 3 lengths 2
Z	carat/tables/qcatalog/dim5/dir.2-1;2-1;1/ordnung.16/(1)^1(4)^6(8)^2/min.96	4	9	9	method=1	log2H=4.00	image=0	bad=0
father: level 4 number of orbits 1 lengths 2
Z	carat/tables/qcatalog/dim5/dir.2-1;2-1;1/ordnung.16/(1)^1(4)^6(8)^2/group.287	4	12	12	method=1	log2H=4.00	image=0	bad=0
Z	carat/tables/qcatalog/dim5/dir.2-1;2-1;1/ordnung.16/(1)^1(4)^6(8)^2/min.96	5	6	6	method=1	log2H=4.00	image=0	bad=0
Z	carat/tables/qcatalog/dim5/dir.1;1;1;1;1/ordnung.16/(1)^1(4)^4/group.218	1	3100	3100	method=1	log2H=15.00	image=0	bad=0
Z	carat/tables/qcatalog/dim5/dir.2-1;2-1;1/ordnung.32/(1)^1(2)^2(4)^4/group.290	5	8	8	method=1	log2H=3.00	image=0	bad=0
Z	carat/tables/qcatalog/dim5/dir.2-1;2-1;1/ordnung.16/(1)^1(4)^6(8)^2/group.285	1	21	21	method=1	log2H=6.00	image=0	bad=0
father: level 2 number of orbits 1 lengths 2
father: level 1 number of orbits 3 lengths 1
father: level 2 number of orbits 1 lengths 1
father: level 2 number of orbits 2 lengths 2
father: level 3 number of orbits 1 lengths 2
Z	carat/tables/qcatalog/dim5/dir.2-1;2-1;1/ordnung.32/(1)^1(2)^2(4)^4/group.294	1	64	64	method=1	log2H=6.00	image=0	bad=0
Z	carat/tables/qcatalog/dim5/dir.2-1;2-1;1/ordnung.16/(1)^1(4)^6(8)^2/min.96	6	10	10	method=1	log2H=4.00	image=0	bad=0
father: level 1 number of orbits 1 lengths 1
father: level 1 number of orbits 2 lengths 1
father: level 1 number of orbits 3 lengths 1
father: level 1 number of orbits 4 lengths 1
father: level 2 number of orbits 1 lengths 1
Z	carat/tables/qcatalog/dim5/dir.2-1;2-1;1/ordnung.16/(1)^1(4)^6(8)^2/min.96	7	6	6	method=1	log2H=3.00	image=0	bad=0
Z	carat/tables/qcatalog/dim5/dir.2-1;2-1;1/ordnung.16/(1)^1(4)^6(8)^2/group.285	2	9	9	method=1	log2H=4.00	image=0	bad=0
Z	carat/tables/qcatalog/dim5/dir.2-1;2-1;1/ordnung.32/(1)^1(2)^2(4)^4/group.290	6	12	12	method=1	log2H=4.00	image=0	bad=0
Z	carat/tables/qcatalog/dim5/dir.2-1;2-1;1/ordnung.32/(1)^1(2)^2(4)^4/group.294	2	16	16	method=1	log2H=4.00	image=0	bad=0
Z	carat/tables/qcatalog/dim5/dir.2-1;2-1;1/ordnung.16/(1)^1(4)^6(8)^2/min.96	8	10	10	method=1	log2H=4.00	image=0	bad=0
Z	carat/tables/qcatalog/dim5/dir.2-1;1;1;1/ordnung.8/(1)^1(2)^2(4)^2(16)^2/min.86	1	32	32	method=1	log2H=5.00	image=0	bad=0
Z	carat/tables/qcatalog/dim5/dir.2-1;2-1;1/ordnung.16/(1)^1(4)^6(8)^2/group.285	3	30	30	method=1	log2H=6.00	image=0	bad=0
Z	carat/tables/qcatalog/dim5/dir.2-1;2-1;1/ordnung.16/(1)^1(4)^6(8)^2/min.96	9	32	32	method=1	log2H=6.00	image=0	bad=0
Z	carat/tables/qcatalog/dim5/dir.2-1;1;1;1/ordnung.8/(1)^1(2)^2(4)^2(16)^2/min.86	2	16	16	method=1	log2H=4.00	image=0	bad=0
Z	carat/tables/qcatalog/dim5/dir.2-1;2-1;1/ordnung.16/(1)^1(4)^6(8)^2/min.96	10	12	12	method=1	log2H=4.00	image=0	bad=0
Z	carat/tables/qcatalog/dim5/dir.2-1;2-1;1/ordnung.32/(1)^1(2)^2(4)^4/group.294	3	16	16	method=1	log2H=4.00	image=0	bad=0
Z	carat/tables/qcatalog/dim5/dir.2-1;1;1;1/ordnung.8/(1)^1(2)^2(4)^2(16)^2/min.86	3	16	16	method=1	log2H=4.00	image=0	bad=0
Z	carat/tables/qcatalog/dim5/dir.2-1;2-1;1/ordnung.16/(1)^1(4)^6(8)^2/group.285	4	9	9	method=1	log2H=4.00	image=0	bad=0
Z	carat/tables/qcatalog/dim5/dir.2-1;1;1;1/ordnung.8/(1)^1(2)^2(4)^2(16)^2/min.86	4	12	12	method=1	log2H=4.00	image=0	bad=0
Z	carat/tables/qcatalog/dim5/dir.2-1;2-1;1/ordnung.32/(1)^1(2)^2(4)^2(8)^2/group.288	1	192	192	method=1	log2H=8.00	image=0	bad=0
Z	carat/tables/qcatalog/dim5/dir.2-1;2-1;1/ordnung.16/(1)^1(4)^6(8)^2/min.96	11	10	10	method=1	log2H=4.00	image=0	bad=0
Z	carat/tables/qcatalog/dim5/dir.2-1;1;1;1/ordnung.8/(1)^1(2)^2(4)^2(16)^2/min.86	5	8	8	method=1	log2H=3.00	image=0	bad=0
Z	carat/tables/qcatalog/dim5/dir.2-1;2-1;1/ordnung.16/(1)^1(4)^6(8)^2/group.285	5	7	7	method=1	log2H=4.00	image=0	bad=0
Z	carat/tables/qcatalog/dim5/dir.2-1;2-1;1/ordnung.16/(1)^1(4)^6(8)^2/group.287	5	12	12	method=1	log2H=4.00	image=0	bad=0
Z	carat/tables/qcatalog/dim5/dir.2-1;2-1;1/ordnung.16/(1)^1(4)^6(8)^2/min.96	12	20	20	method=1	log2H=5.00	image=0	bad=0
Z	carat/tables/qcatalog/dim5/dir.2-1;2-1;1/ordnung.32/(1)^1(2)^2(4)^4/group.294	4	16	16	method=1	log2H=4.00	image=0	bad=0
Z	carat/tables/qcatalog/dim5/dir.2-1;1;1;1/ordnung.8/(1)^1(2)^2(4)^2(16)^2/min.86	6	16	16	method=1	log2H=4.00	image=0	bad=0
father: level 1 number of orbits 1 lengths 2
father: level 1 number of orbits 2 lengths 1
father: level 1 number of orbits 3 lengths 1
father: level 2 number of orbits 1 lengths 1
father: level 2 number of orbits 1 lengths 2
father: level 1 number of orbits 1 lengths 1
Z	carat/tables/qcatalog/dim5/dir.2-1;2-1;1/ordnung.32/(1)^1(2)^2(4)^2(8)^2/group.288	2	24	24	method=1	log2H=5.00	image=0	bad=0
Z	carat/tables/qcatalog/dim5/dir.2-1;1;1;1/ordnung.8/(1)^1(2)^2(4)^2(16)^2/min.86	7	12	12	method=1	log2H=4.00	image=0	bad=0
Z	carat/tables/qcatalog/dim5/dir.2-1;2-1;1/ordnung.16/(1)^1(4)^6(8)^2/min.96	13	8	8	method=1	log2H=3.00	image=0	bad=0
father: level 2 number of orbits 2 lengths 2
Z	carat/tables/qcatalog/dim5/dir.2-1;2-1;1/ordnung.16/(1)^1(4)^6(8)^2/group.285	6	6	6	method=1	log2H=3.00	image=0	bad=0
father: level 1 number of orbits 2 lengths 1
father: level 1 number of orbits 3 lengths 1
father: level 1 number of orbits 4 lengths 1
father: level 2 number of orbits 1 lengths 1
Z	carat/tables/qcatalog/dim5/dir.2-1;2-1;1/ordnung.16/(1)^1(4)^6(8)^2/group.287	6	8	8	method=1	log2H=3.00	image=0	bad=0
Z	carat/tables/qcatalog/dim5/dir.2-1;1;1;1/ordnung.8/(1)^1(2)^2(4)^2(16)^2/min.86	8	12	12	method=1	log2H=4.00	image=0	bad=0
Z	carat/tables/qcatalog/dim5/dir.1;1;1;1;1/ordnung.32/(1)^1(4)^4/group.221	16	360	360	method=1	log2H=15.00	image=0	bad=0
father: level 1 number of orbits 1 lengths 1
father: level 1 number of orbits 2 lengths 1
father: level 1 number of orbits 3 lengths 1
father: level 1 number of orbits 4 lengths 1
Z	carat/tables/qcatalog/dim5/dir.2-1;2-1;1/ordnung.16/(1)^1(4)^6(8)^2/min.96	14	9	9	method=1	log2H=4.00	image=0	bad=0
father: level 2 number of orbits 1 lengths 1
Z	carat/tables/qcatalog/dim5/dir.2-1;1;1;1/ordnung.8/(1)^1(2)^2(4)^2(16)^2/min.86	9	8	8	method=1	log2H=3.00	image=0	bad=0
Z	carat/tables/qcatalog/dim5/dir.2-1;2-1;1/ordnung.16/(1)^1(4)^6(8)^2/group.285	7	3	3	method=1	log2H=2.00	image=0	bad=0
father: level 1 number of orbits 1 lengths 1
father: level 1 number of orbits 2 lengths 1
father: level 1 number of orbits 3 lengths 1
father: level 1 number of orbits 4 lengths 1
Z	carat/tables/qcatalog/dim5/dir.1;1;1;1;1/ordnung.8/(1)^1(4)^2(8)^2/min.73	57	60	60	method=1	log2H=8.00	image=0	bad=0
father: level 2 number of orbits 1 lengths 1
Z	carat/tables/qcatalog/dim5/dir.2-1;2-1;1/ordnung.16/(1)^1(4)^6(8)^2/min.96	15	13	13	method=1	log2H=5.00	image=0	bad=0
father: level 3 number of orbits 1 lengths 2
Z	carat/tables/qcatalog/dim5/dir.2-1;2-1;1/ordnung.16/(1)^1(4)^6(8)^2/group.287	7	8	8	method=1	log2H=3.00	image=0	bad=0
Z	carat/tables/qcatalog/dim5/dir.2-1;2-1;1/ordnung.32/(1)^1(2)^2(4)^2(8)^2/group.288	3	24	24	method=1	log2H=5.00	image=0	bad=0
Z	carat/tables/qcatalog/dim5/dir.2-1;1;1;1/ordnung.8/(1)^1(2)^2(4)^2(16)^2/min.86	10	8	8	method=1	log2H=3.00	image=0	bad=0
Z	carat/tables/qcatalog/dim5/dir.2-1;2-1;1/ordnung.32/(1)^1(2)^2(4)^4/group.294	5	8	8	method=1	log2H=3.00	image=0	bad=0
Z	carat/tables/qcatalog/dim5/dir.2-1;2-1;1/ordnung.16/(1)^1(4)^6(8)^2/min.96	16	12	12	method=1	log2H=4.00	image=0	bad=0
Z	carat/tables/qcatalog/dim5/dir.2-1;1;1;1/ordnung.8/(1)^1(2)^2(4)^2(16)^2/min.86	11	8	8	method=1	log2H=3.00	image=0	bad=0
Z	carat/tables/qcatalog/dim5/dir.2-1;1;1;1/ordnung.8/(1)^1(2)^2(4)^2(16)^2/min.86	12	8	8	method=1	log2H=3.00	image=0	bad=0
father: level 1 number of orbits 1 lengths 2
father: level 1 number of orbits 2 lengths 1
father: level 1 number of orbits 3 lengths 1
father: level 2 number of orbits 1 lengths 1
Z	carat/tables/qcatalog/dim5/dir.2-1;2-1;1/ordnung.16/(1)^1(4)^6(8)^2/min.96	17	22	22	method=1	log2H=6.00	image=0	bad=0
father: level 1 number of orbits 1 lengths 1
Z	carat/tables/qcatalog/dim5/dir.2-1;2-1;1/ordnung.16/(1)^1(4)^6(8)^2/group.285	8	6	6	method=1	log2H=3.00	image=0	bad=0
father: level 1 number of orbits 2 lengths 1
father: level 1 number of orbits 3 lengths 1
Z	carat/tables/qcatalog/dim5/dir.2-1;1;1;1/ordnung.8/(1)^1(2)^2(4)^2(16)^2/min.86	13	12	12	method=1	log2H=4.00	image=0	bad=0
father: level 1 number of orbits 4 lengths 1
Z	carat/tables/qcatalog/dim5/dir.2-1;2-1;1/ordnung.32/(1)^1(2)^2(4)^4/group.294	6	8	8	method=1	log2H=3.00	image=0	bad=0
Z	carat/tables/qcatalog/dim5/dir.2-1;2-1;1/ordnung.32/(1)^1(2)^2(4)^2(8)^2/group.288	4	48	48	method=1	log2H=6.00	image=0	bad=0
father: level 2 number of orbits 1 lengths 1
Z	carat/tables/qcatalog/dim5/dir.2-1;2-1;1/ordnung.16/(1)^1(4)^6(8)^2/min.96	18	9	9	method=1	log2H=4.00	image=0	bad=0
father: level 1 number of orbits 1 lengths 2
father: level 1 number of orbits 2 lengths 1
father: level 1 number of orbits 3 lengths 1
father: level 2 number of orbits 1 lengths 1
Z	carat/tables/qcatalog/dim5/dir.2-1;1;1;1/ordnung.8/(1)^1(2)^2(4)^2(16)^2/min.86	14	8	8	method=1	log2H=3.00	image=0	bad=0
father: level 2 number of orbits 1 lengths 2
Z	carat/tables/qcatalog/dim5/dir.2-1;2-1;1/ordnung.16/(1)^1(4)^6(8)^2/group.284	1	28	28	method=1	log2H=7.00	image=0	bad=0
father: level 2 number of orbits 2 lengths 2
Z	carat/tables/qcatalog/dim5/dir.2-1;2-1;1/ordnung.32/(1)^1(2)^2(4)^4/group.292	1	64	64	method=1	log2H=6.00	image=0	bad=0
father: level 3 number of orbits 1 lengths 2
Z	carat/tables/qcatalog/dim5/dir.2-1;2-1;1/ordnung.32/(1)^1(2)^2(4)^4/group.291	1	192	192	method=1	log2H=8.00	image=0	bad=0
Z	carat/tables/qcatalog/dim5/dir.2-1;1;1;1/ordnung.8/(1)^1(2)^2(4)^2(16)^2/min.86	15	4	4	method=1	log2H=2.00	image=0	bad=0
Z	carat/tables/qcatalog/dim5/dir.2-1;2-1;1/ordnung.16/(1)^1(4)^6(8)^2/min.96	19	14	14	method=1	log2H=5.00	image=0	bad=0
Z	carat/tables/qcatalog/dim5/dir.2-1;2-1;1/ordnung.16/(1)^1(4)^6(8)^2/group.287	8	4	4	method=1	log2H=2.00	image=0	bad=0
Z	carat/tables/qcatalog/dim5/dir.2-1;1;1;1/ordnung.8/(1)^1(2)^2(4)^2(16)^2/min.86	16	4	4	method=1	log2H=2.00	image=0	bad=0
Z	carat/tables/qcatalog/dim5/dir.2-1;2-1;1/ordnung.32/(1)^1(2)^2(4)^2(8)^2/group.288	5	12	12	method=1	log2H=4.00	image=0	bad=0
Z	carat/tables/qcatalog/dim5/dir.2-1;2-1;1/ordnung.16/(1)^1(4)^6(8)^2/group.284	2	12	12	method=1	log2H=4.00	image=0	bad=0
Z	carat/tables/qcatalog/dim5/dir.2-1;2-1;1/ordnung.16/(1)^1(4)^6(8)^2/group.285	9	30	30	method=1	log2H=6.00	image=0	bad=0
Z	carat/tables/qcatalog/dim5/dir.2-1;1;1;1/ordnung.8/(1)^1(2)^2(4)^2(16)^2/min.86	17	8	8	method=1	log2H=3.00	image=0	bad=0
Z	carat/tables/qcatalog/dim5/dir.2-1;2-1;1/ordnung.16/(1)^1(4)^6(8)^2/group.287	9	4	4	method=1	log2H=2.00	image=0	bad=0
Z	carat/tables/qcatalog/dim5/dir.1;1;1;1;1/ordnung.8/(1)^1(4)^2(8)^2/min.73	58	4	4	method=1	log2H=3.00	image=0	bad=0
Z	carat/tables/qcatalog/dim5/dir.2-1;1;1;1/ordnung.8/(1)^1(2)^2(4)^2(16)^2/min.86	18	6	6	method=1	log2H=3.00	image=0	bad=0
Z	carat/tables/qcatalog/dim5/dir.2-1;2-1;1/ordnung.16/(1)^1(4)^6(8)^2/group.284	3	8	8	method=1	log2H=4.00	image=0	bad=0
Z	carat/tables/qcatalog/dim5/dir.2-1;2-1;1/ordnung.32/(1)^1(2)^2(4)^2(8)^2/group.288	6	12	12	method=1	log2H=4.00	image=0	bad=0
Z	carat/tables/qcatalog/dim5/dir.2-1;1;1;1/ordnung.8/(1)^1(2)^2(4)^2(16)^2/min.86	19	6	6	method=1	log2H=3.00	image=0	bad=0
Z	carat/tables/qcatalog/dim5/dir.2-1;2-1;1/ordnung.32/(1)^1(2)^2(4)^6/group.296	1	36	36	method=1	log2H=6.00	image=0	bad=0
Z	carat/tables/qcatalog/dim5/dir.2-1;2-1;1/ordnung.32/(1)^1(2)^2(4)^4/group.292	2	16	16	method=1	log2H=4.00	image=0	bad=0
Z	carat/tables/qcatalog/dim5/dir.2-1;2-1;1/ordnung.16/(1)^1(4)^6(8)^2/group.287	10	8	8	method=1	log2H=3.00	image=0	bad=0
Z	carat/tables/qcatalog/dim5/dir.2-1;1;1;1/ordnung.8/(1)^1(2)^2(4)^2(16)^2/min.86	20	6	6	method=1	log2H=3.00	image=0	bad=0
Z	carat/tables/qcatalog/dim5/dir.2-1;2-1;1/ordnung.32/(1)^1(2)^2(4)^4/group.291	2	32	32	method=1	log2H=5.00	image=0	bad=0
Z	carat/tables/qcatalog/dim5/dir.2-1;1;1;1/ordnung.8/(1)^1(2)^2(4)^2(16)^2/min.86	21	8	8	method=1	log2H=3.00	image=0	bad=0
father: level 1 number of orbits 1 lengths 1
father: level 1 number of orbits 2 lengths 1
father: level 1 number of orbits 3 lengths 1
father: level 1 number of orbits 4 lengths 1
father: level 2 number of orbits 1 lengths 1
Z	carat/tables/qcatalog/dim5/dir.2-1;2-1;1/ordnung.32/(1)^1(2)^2(4)^6/group.296	2	24	24	method=1	log2H=5.00	image=0	bad=0
Z	carat/tables/qcatalog/dim5/dir.2-1;2-1;1/ordnung.32/(1)^1(2)^2(4)^2(8)^2/group.288	7	16	16	method=1	log2H=4.00	image=0	bad=0
Z	carat/tables/qcatalog/dim5/dir.2-1;1;1;1/ordnung.8/(1)^1(2)^2(4)^2(16)^2/min.86	22	6	6	method=1	log2H=3.00	image=0	bad=0
Z	carat/tables/qcatalog/dim5/dir.2-1;2-1;1/ordnung.16/(1)^1(4)^6(8)^2/group.287	11	8	8	method=1	log2H=3.00	image=0	bad=0
Z	carat/tables/qcatalog/dim5/dir.2-1;2-1;1/ordnung.32/(1)^1(2)^2(4)^4/group.292	3	16	16	method=1	log2H=4.00	image=0	bad=0
Z	carat/tables/qcatalog/dim5/dir.2-1;1;1;1/ordnung.8/(1)^1(2)^2(4)^2(16)^2/min.86	23	4	4	method=1	log2H=2.00	image=0	bad=0
Z	carat/tables/qcatalog/dim5/dir.2-1;2-1;1/ordnung.16/(1)^1(4)^6(8)^2/group.285	10	10	10	method=1	log2H=4.00	image=0	bad=0
Z	carat/tables/qcatalog/dim5/dir.1;1;1;1;1/ordnung.8/(1)^1(4)^2(8)^2/min.73	59	2	2	method=1	log2H=2.00	image=0	bad=0
Z	carat/tables/qcatalog/dim5/dir.2-1;1;1;1/ordnung.8/(1)^1(2)^2(4)^2(16)^2/min.86	24	4	4	method=1	log2H=2.00	image=0	bad=0
Z	carat/tables/qcatalog/dim5/dir.2-1;2-1;1/ordnung.32/(1)^1(2)^2(4)^2(8)^2/group.288	8	4	4	method=1	log2H=2.00	image=0	bad=0
Z	carat/tables/qcatalog/dim5/dir.2-1;2-1;1/ordnung.16/(1)^1(4)^6(8)^2/group.284	4	3	3	method=1	log2H=2.00	image=0	bad=0
Z	carat/tables/qcatalog/dim5/dir.2-1;1;1;1/ordnung.8/(1)^1(2)^2(4)^2(16)^2/min.86	25	4	4	method=1	log2H=2.00	image=0	bad=0
Z	carat/tables/qcatalog/dim5/dir.2-1;2-1;1/ordnung.16/(1)^1(4)^6(8)^2/group.287	12	36	36	method=1	log2H=6.00	image=0	bad=0
Z	carat/tables/qcatalog/dim5/dir.2-1;2-1;1/ordnung.32/(1)^1(2)^2(4)^4/group.292	4	16	16	method=1	log2H=4.00	image=0	bad=0
Z	carat/tables/qcatalog/dim5/dir.2-1;2-1;1/ordnung.32/(1)^1(2)^2(4)^4/group.295	1	64	64	method=1	log2H=6.00	image=0	bad=0
Z	carat/tables/qcatalog/dim5/dir.2-1;2-1;1/ordnung.32/(1)^1(2)^2(4)^6/group.296	3	48	48	method=1	log2H=7.00	image=0	bad=0
Z	carat/tables/qcatalog/dim5/dir.2-1;1;1;1/ordnung.8/(1)^1(2)^2(4)^2(16)^2/min.86	26	4	4	method=1	log2H=2.00	image=0	bad=0
Z	carat/tables/qcatalog/dim5/dir.2-1;2-1;1/ordnung.32/(1)^1(2)^2(4)^4/group.291	3	48	48	method=1	log2H=6.00	image=0	bad=0
Z	carat/tables/qcatalog/dim5/dir.2-1;1;1;1/ordnung.8/(1)^1(2)^2(4)^2(16)^2/min.86	27	8	8	method=1	log2H=3.00	image=0	bad=0
Z	carat/tables/qcatalog/dim5/dir.2-1;2-1;1/ordnung.16/(1)^1(4)^6(8)^2/group.287	13	16	16	method=1	log2H=4.00	image=0	bad=0
Z	carat/tables/qcatalog/dim5/dir.2-1;1;1;1/ordnung.8/(1)^1(2)^2(4)^2(16)^2/min.86	28	2	2	method=1	log2H=1.00	image=0	bad=0
Z	carat/tables/qcatalog/dim5/dir.2-1;2-1;1/ordnung.32/(1)^1(2)^2(4)^2(8)^2/group.288	9	16	16	method=1	log2H=4.00	image=0	bad=0
Z	carat/tables/qcatalog/dim5/dir.2-1;2-1;1/ordnung.32/(1)^1(2)^2(4)^4/group.295	2	24	24	method=1	log2H=5.00	image=0	bad=0
Z	carat/tables/qcatalog/dim5/dir.2-1;2-1;1/ordnung.32/(1)^1(2)^2(4)^6/group.296	4	14	14	method=1	log2H=5.00	image=0	bad=0
Z	carat/tables/qcatalog/dim5/dir.2-1;1;1;1/ordnung.8/(1)^1(2)^2(4)^2(16)^2/min.86	29	4	4	method=1	log2H=2.00	image=0	bad=0
Z	carat/tables/qcatalog/dim5/dir.2-1;2-1;1/ordnung.16/(1)^1(4)^6(8)^2/group.285	11	6	6	method=1	log2H=3.00	image=0	bad=0
Z	carat/tables/qcatalog/dim5/dir.2-1;2-1;1/ordnung.32/(1)^1(2)^2(4)^4/group.291	4	48	48	method=1	log2H=6.00	image=0	bad=0
Z	carat/tables/qcatalog/dim5/dir.2-1;2-1;1/ordnung.16/(1)^1(4)^6(8)^2/group.287	14	6	6	method=1	log2H=3.00	image=0	bad=0
father: level 1 number of orbits 1 lengths 6
father: level 1 number of orbits 2 lengths 4
Z	carat/tables/qcatalog/dim5/dir.2-1;2-1;1/ordnung.32/(1)^1(2)^2(4)^6/group.296	5	24	24	method=1	log2H=6.00	image=0	bad=0
Z	carat/tables/qcatalog/dim5/dir.2-1;2-1;1/ordnung.32/(1)^1(2)^2(4)^2(8)^2/group.288	10	96	96	method=1	log2H=7.00	image=0	bad=0
Z	carat/tables/qcatalog/dim5/dir.2-1;2-1;1/ordnung.16/(1)^1(4)^6(8)^2/group.284	5	7	7	method=1	log2H=4.00	image=0	bad=0
Z	carat/tables/qcatalog/dim5/dir.2-1;2-1;1/ordnung.32/(1)^1(2)^2(4)^4/group.295	3	16	16	method=1	log2H=4.00	image=0	bad=0
father: level 1 number of orbits 3 lengths 6
father: level 1 number of orbits 4 lengths 4
Z	carat/tables/qcatalog/dim5/dir.2-1;2-1;1/ordnung.32/(1)^1(2)^2(4)^4/group.292	5	8	8	method=1	log2H=3.00	image=0	bad=0
Z	carat/tables/qcatalog/dim5/dir.2-1;2-1;1/ordnung.16/(1)^1(4)^6(8)^2/group.287	15	3	3	method=1	log2H=2.00	image=0	bad=0
father: level 1 number of orbits 5 lengths 4
Z	carat/tables/qcatalog/dim5/dir.2-1;2-1;1/ordnung.32/(1)^1(2)^2(4)^4/group.291	5	16	16	method=1	log2H=4.00	image=0	bad=0
Z	carat/tables/qcatalog/dim5/dir.1;1;1;1;1/ordnung.8/(1)^1(4)^2(8)^2/min.73	60	4	4	method=1	log2H=3.00	image=0	bad=0
father: level 1 number of orbits 6 lengths 1
father: level 1 number of orbits 7 lengths 1
father: level 2 number of orbits 1 lengths 6
Z	carat/tables/qcatalog/dim5/dir.2-1;2-1;1/ordnung.32/(1)^1(2)^2(4)^6/group.296	6	96	96	method=1	log2H=7.00	image=0	bad=0
Z	carat/tables/qcatalog/dim5/dir.2-1;2-1;1/ordnung.32/(1)^1(2)^2(4)^4/group.295	4	16	16	method=1	log2H=4.00	image=0	bad=0
father: level 2 number of orbits 2 lengths 4
Z	carat/tables/qcatalog/dim5/dir.2-1;2-1;1/ordnung.32/(1)^1(2)^2(4)^2(8)^2/group.288	11	48	48	method=1	log2H=6.00	image=0	bad=0
Z	carat/tables/qcatalog/dim5/dir.2-1;2-1;1/ordnung.32/(1)^1(2)^2(4)^4/group.292	6	12	12	method=1	log2H=4.00	image=0	bad=0
Z	carat/tables/qcatalog/dim5/dir.2-1;2-1;1/ordnung.16/(1)^1(4)^6(8)^2/group.287	16	6	6	method=1	log2H=3.00	image=0	bad=0
Z	carat/tables/qcatalog/dim5/dir.2-1;2-1;1/ordnung.32/(1)^1(2)^2(4)^4/group.291	6	24	24	method=1	log2H=5.00	image=0	bad=0
Z	carat/tables/qcatalog/dim5/dir.2-1;2-1;1/ordnung.16/(1)^1(4)^6(8)^2/group.284	6	31	31	method=1	log2H=7.00	image=0	bad=0
father: level 2 number of orbits 3 lengths 12
Z	carat/tables/qcatalog/dim5/dir.2-1;2-1;1/ordnung.16/(1)^1(4)^6(8)^2/group.285	12	12	12	method=1	log2H=4.00	image=0	bad=0
Z	carat/tables/qcatalog/dim5/dir.2-1;2-1;1/ordnung.32/(1)^1(2)^2(4)^6/group.296	7	40	40	method=1	log2H=6.00	image=0	bad=0
father: level 2 number of orbits 4 lengths 12
Z	carat/tables/qcatalog/dim5/dir.2-1;2-1;1/ordnung.32/(1)^1(2)^2(4)^4/group.292	7	64	64	method=1	log2H=6.00	image=0	bad=0
father: level 2 number of orbits 5 lengths 3
Z	carat/tables/qcatalog/dim5/dir.2-1;2-1;1/ordnung.32/(1)^1(2)^2(4)^2(8)^2/group.288	12	80	80	method=1	log2H=7.00	image=0	bad=0
father: level 2 number of orbits 6 lengths 6
father: level 1 number of orbits 1 lengths 2
father: level 1 number of orbits 2 lengths 1
Z	carat/tables/qcatalog/dim5/dir.2-1;2-1;1/ordnung.16/(1)^1(4)^6(8)^2/group.285	13	4	4	method=1	log2H=2.00	image=0	bad=0
father: level 1 number of orbits 3 lengths 1
Z	carat/tables/qcatalog/dim5/dir.2-1;2-1;1/ordnung.32/(1)^1(2)^2(4)^4/group.295	5	8	8	method=1	log2H=3.00	image=0	bad=0
father: level 2 number of orbits 1 lengths 1
father: level 2 number of orbits 1 lengths 2
father: level 2 number of orbits 2 lengths 2
father: level 3 number of orbits 1 lengths 2
father: level 2 number of orbits 7 lengths 6
father: level 1 number of orbits 1 lengths 2
father: level 1 number of orbits 2 lengths 1
father: level 1 number of orbits 3 lengths 1
father: level 2 number of orbits 1 lengths 1
father: level 1 number of orbits 1 lengths 1
father: level 2 number of orbits 1 lengths 2
father: level 1 number of orbits 2 lengths 1
father: level 1 number of orbits 3 lengths 1
father: level 1 number of orbits 4 lengths 1
father: level 2 number of orbits 2 lengths 2
father: level 2 number of orbits 8 lengths 6
Z	carat/tables/qcatalog/dim5/dir.2-1;2-1;1/ordnung.32/(1)^1(2)^2(4)^4/group.292	8	16	16	method=1	log2H=4.00	image=0	bad=0
Z	carat/tables/qcatalog/dim5/dir.2-1;2-1;1/ordnung.32/(1)^1(2)^2(4)^6/group.296	8	16	16	method=1	log2H=4.00	image=0	bad=0
father: level 3 number of orbits 1 lengths 2
Z	carat/tables/qcatalog/dim5/dir.2-1;2-1;1/ordnung.16/(1)^1(4)^6(8)^2/group.284	7	12	12	method=1	log2H=4.00	image=0	bad=0
Z	carat/tables/qcatalog/dim5/dir.2-1;2-1;1/ordnung.32/(1)^1(2)^2(4)^2(8)^2/group.288	13	24	24	method=1	log2H=5.00	image=0	bad=0
Z	carat/tables/qcatalog/dim5/dir.2-1;2-1;1/ordnung.16/(1)^1(4)^6(8)^2/group.285	14	6	6	method=1	log2H=3.00	image=0	bad=0
father: level 2 number of orbits 1 lengths 12
Z	carat/tables/qcatalog/dim5/dir.2-1;2-1;1/ordnung.32/(1)^1(2)^2(4)^4/group.295	6	12	12	method=1	log2H=4.00	image=0	bad=0
father: level 1 number of orbits 1 lengths 1
father: level 2 number of orbits 2 lengths 4
father: level 1 number of orbits 2 lengths 1
father: level 2 number of orbits 1 lengths 1
father: level 1 number of orbits 3 lengths 1
Z	carat/tables/qcatalog/dim5/dir.2-1;2-1;1/ordnung.32/(1)^1(2)^2(4)^6/group.296	9	16	16	method=1	log2H=4.00	image=0	bad=0
father: level 1 number of orbits 4 lengths 1
Z	carat/tables/qcatalog/dim5/dir.2-1;2-1;1/ordnung.32/(1)^1(2)^2(4)^4/group.292	9	16	16	method=1	log2H=4.00	image=0	bad=0
Z	carat/tables/qcatalog/dim5/dir.2-1;2-1;1/ordnung.16/(1)^1(4)^6(8)^2/group.284	8	37	37	method=1	log2H=7.00	image=0	bad=0
father: level 2 number of orbits 3 lengths 4
father: level 2 number of orbits 1 lengths 1
father: level 1 number of orbits 1 lengths 2
Z	carat/tables/qcatalog/dim5/dir.2-1;2-1;1/ordnung.16/(1)^1(4)^6(8)^2/group.285	15	24	24	method=1	log2H=6.00	image=0	bad=0
father: level 1 number of orbits 2 lengths 1
father: level 1 number of orbits 3 lengths 1
father: level 2 number of orbits 1 lengths 1
father: level 1 number of orbits 1 lengths 2
father: level 1 number of orbits 2 lengths 1
father: level 1 number of orbits 3 lengths 1
father: level 2 number of orbits 1 lengths 1
Z	carat/tables/qcatalog/dim5/dir.2-1;2-1;1/ordnung.32/(1)^1(2)^2(4)^2(8)^2/group.288	14	24	24	method=1	log2H=5.00	image=0	bad=0
father: level 2 number of orbits 1 lengths 12
Z	carat/tables/qcatalog/dim5/dir.2-1;2-1;1/ordnung.16/(1)^1(4)^6(8)^2/group.284	9	9	9	method=1	log2H=4.00	image=0	bad=0
father: level 2 number of orbits 2 lengths 3
Z	carat/tables/qcatalog/dim5/dir.2-1;2-1;1/ordnung.32/(1)^1(2)^2(4)^4/group.292	10	16	16	method=1	log2H=4.00	image=0	bad=0
Z	carat/tables/qcatalog/dim5/dir.2-1;2-1;1/ordnung.16/(1)^1(4)^6(8)^2/group.285	16	12	12	method=1	log2H=4.00	image=0	bad=0
Z	carat/tables/qcatalog/dim5/dir.2-1;2-1;1/ordnung.32/(1)^1(2)^2(4)^6/group.296	10	8	8	method=1	log2H=3.00	image=0	bad=0
father: level 3 number of orbits 1 lengths 4
Z	carat/tables/qcatalog/dim5/dir.2-1;2-1;1/ordnung.16/(1)^1(4)^6(8)^2/group.284	10	9	9	method=1	log2H=4.00	image=0	bad=0
father: level 3 number of orbits 2 lengths 6
Z	carat/tables/qcatalog/dim5/dir.2-1;2-1;1/ordnung.32/(1)^1(2)^2(4)^2(8)^2/group.288	15	40	40	method=1	log2H=6.00	image=0	bad=0
Z	carat/tables/qcatalog/dim5/dir.2-1;2-1;1/ordnung.16/(1)^1(4)^6(8)^2/group.285	17	30	30	method=1	log2H=6.00	image=0	bad=0
father: level 3 number of orbits 3 lengths 6
father: level 3 number of orbits 1 lengths 1
Z	carat/tables/qcatalog/dim5/dir.2-1;2-1;1/ordnung.32/(1)^1(2)^2(4)^6/group.296	11	12	12	method=1	log2H=4.00	image=0	bad=0
Z	carat/tables/qcatalog/dim5/dir.2-1;2-1;1/ordnung.32/(1)^1(2)^2(4)^4/group.292	11	8	8	method=1	log2H=3.00	image=0	bad=0
father: level 3 number of orbits 2 lengths 4
Z	carat/tables/qcatalog/dim5/dir.2-1;2-1;1/ordnung.16/(1)^1(4)^6(8)^2/group.284	11	8	8	method=1	log2H=4.00	image=0	bad=0
father: level 3 number of orbits 3 lengths 4
Z	carat/tables/qcatalog/dim5/dir.2-1;2-1;1/ordnung.16/(1)^1(4)^6(8)^2/min.97	1	14	14	method=1	log2H=5.00	image=0	bad=0
Z	carat/tables/qcatalog/dim5/dir.2-1;2-1;1/ordnung.16/(1)^1(4)^6(8)^2/group.285	18	9	9	method=1	log2H=4.00	image=0	bad=0
Z	carat/tables/qcatalog/dim5/dir.2-1;2-1;1/ordnung.32/(1)^1(2)^2(4)^6/group.296	12	88	88	method=1	log2H=8.00	image=0	bad=0
Z	carat/tables/qcatalog/dim5/dir.2-1;2-1;1/ordnung.32/(1)^1(2)^2(4)^4/group.292	12	8	8	method=1	log2H=3.00	image=0	bad=0
father: level 3 number of orbits 1 lengths 12
Z	carat/tables/qcatalog/dim5/dir.2-1;2-1;1/ordnung.16/(1)^1(4)^6(8)^2/group.284	12	3	3	method=1	log2H=2.00	image=0	bad=0
father: level 1 number of orbits 1 lengths 2
father: level 1 number of orbits 2 lengths 1
father: level 3 number of orbits 1 lengths 3
father: level 1 number of orbits 3 lengths 1
father: level 2 number of orbits 1 lengths 1
Z	carat/tables/qcatalog/dim5/dir.2-1;2-1;1/ordnung.16/(1)^1(4)^6(8)^2/min.97	2	6	6	method=1	log2H=3.00	image=0	bad=0
father: level 4 number of orbits 1 lengths 1
father: level 4 number of orbits 1 lengths 2
Z	carat/tables/qcatalog/dim5/dir.2-1;2-1;1/ordnung.32/(1)^1(2)^2(4)^6/group.296	13	24	24	method=1	log2H=5.00	image=0	bad=0
father: level 4 number of orbits 2 lengths 2
father: level 1 number of orbits 1 lengths 2
father: level 1 number of orbits 2 lengths 1
father: level 1 number of orbits 3 lengths 1
Z	carat/tables/qcatalog/dim5/dir.2-1;2-1;1/ordnung.16/(1)^1(4)^6(8)^2/group.284	13	8	8	method=1	log2H=4.00	image=0	bad=0
father: level 2 number of orbits 1 lengths 1
father: level 5 number of orbits 1 lengths 2
Z	carat/tables/qcatalog/dim5/dir.2-1;2-1;1/ordnung.16/(1)^1(4)^6(8)^2/min.97	3	6	6	method=1	log2H=3.00	image=0	bad=0
Z	carat/tables/qcatalog/dim5/dir.1;1;1;1;1/ordnung.16/(1)^1(4)^4/group.218	2	672	672	method=1	log2H=11.00	image=0	bad=0
Z	carat/tables/qcatalog/dim5/dir.2-1;2-1;1/ordnung.16/(1)^1(4)^6(8)^2/group.285	19	9	9	method=1	log2H=4.00	image=0	bad=0
Z	carat/tables/qcatalog/dim5/dir.2-1;2-1;1/ordnung.32/(1)^1(2)^2(4)^6/group.296	14	18	18	method=1	log2H=5.00	image=0	bad=0
Z	carat/tables/qcatalog/dim5/dir.2-1;2-1;1/ordnung.32/(1)^1(2)^2(4)^6/group.300	1	78	78	method=1	log2H=8.00	image=0	bad=0
Z	carat/tables/qcatalog/dim5/dir.2-1;2-1;1/ordnung.16/(1)^1(4)^6(8)^2/min.97	4	5	5	method=1	log2H=3.00	image=0	bad=0
Z	carat/tables/qcatalog/dim5/dir.2-1;2-1;1/ordnung.32/(1)^1(2)^2(4)^6/group.302	1	72	72	method=1	log2H=7.00	image=0	bad=0
Z	carat/tables/qcatalog/dim5/dir.2-1;2-1;1/ordnung.16/(1)^1(4)^6(8)^2/min.97	5	3	3	method=1	log2H=2.00	image=0	bad=0
Z	carat/tables/qcatalog/dim5/dir.2-1;2-1;1/ordnung.32/(1)^1(2)^2(4)^6/group.296	15	9	9	method=1	log2H=4.00	image=0	bad=0
Z	carat/tables/qcatalog/dim5/dir.2-1;2-1;1/ordnung.32/(1)^1(2)^2(4)^6/group.300	2	24	24	method=1	log2H=5.00	image=0	bad=0
Z	carat/tables/qcatalog/dim5/dir.2-1;2-1;1/ordnung.16/(1)^1(4)^6(8)^2/min.97	6	4	4	method=1	log2H=2.00	image=0	bad=0
father: level 1 number of orbits 1 lengths 1
father: level 1 number of orbits 2 lengths 1
father: level 1 number of orbits 3 lengths 1
father: level 1 number of orbits 4 lengths 1
father: level 2 number of orbits 1 lengths 1
Z	carat/tables/qcatalog/dim5/dir.2-1;2-1;1/ordnung.32/(1)^1(2)^2(4)^6/group.302	2	32	32	method=1	log2H=5.00	image=0	bad=0
father: level 1 number of orbits 1 lengths 1
Z	carat/tables/qcatalog/dim5/dir.2-1;2-1;1/ordnung.16/(1)^1(4)^6(8)^2/min.97	7	2	2	method=1	log2H=1.00	image=0	bad=0
father: level 1 number of orbits 2 lengths 1
father: level 1 number of orbits 3 lengths 1
father: level 1 number of orbits 4 lengths 1
father: level 2 number of orbits 1 lengths 1
Z	carat/tables/qcatalog/dim5/dir.2-1;2-1;1/ordnung.16/(1)^1(4)^6(8)^2/group.285	20	8	8	method=1	log2H=3.00	image=0	bad=0
Z	carat/tables/qcatalog/dim5/dir.2-1;2-1;1/ordnung.32/(1)^1(2)^2(4)^6/group.298	1	176	176	method=1	log2H=9.00	image=0	bad=0
Z	carat/tables/qcatalog/dim5/dir.2-1;2-1;1/ordnung.32/(1)^1(2)^2(4)^6/group.296	16	6	6	method=1	log2H=3.00	image=0	bad=0
Z	carat/tables/qcatalog/dim5/dir.2-1;2-1;1/ordnung.16/(1)^1(4)^6(8)^2/min.97	8	4	4	method=1	log2H=2.00	image=0	bad=0
Z	carat/tables/qcatalog/dim5/dir.2-1;2-1;1/ordnung.32/(1)^1(2)^2(4)^6/group.300	3	24	24	method=1	log2H=6.00	image=0	bad=0
Z	carat/tables/qcatalog/dim5/dir.1;1;1;1;1/ordnung.16/(1)^1(4)^4/group.218	3	46	46	method=1	log2H=8.00	image=0	bad=0
Z	carat/tables/qcatalog/dim5/dir.2-1;2-1;1/ordnung.32/(1)^1(2)^2(4)^6/group.296	17	10	10	method=1	log2H=4.00	image=0	bad=0
Z	carat/tables/qcatalog/dim5/dir.2-1;2-1;1/ordnung.16/(1)^1(4)^6(8)^2/min.97	9	12	12	method=1	log2H=4.00	image=0	bad=0
Z	carat/tables/qcatalog/dim5/dir.2-1;2-1;1/ordnung.32/(1)^1(2)^2(4)^6/group.298	2	48	48	method=1	log2H=6.00	image=0	bad=0
Z	carat/tables/qcatalog/dim5/dir.2-1;2-1;1/ordnung.32/(1)^1(2)^2(4)^6/group.304	1	64	64	method=1	log2H=6.00	image=0	bad=0
Z	carat/tables/qcatalog/dim5/dir.2-1;2-1;1/ordnung.16/(1)^1(4)^6(8)^2/min.97	10	4	4	method=1	log2H=2.00	image=0	bad=0
Z	carat/tables/qcatalog/dim5/dir.2-1;2-1;1/ordnung.32/(1)^1(2)^2(4)^6/group.302	3	24	24	method=1	log2H=5.00	image=0	bad=0
Z	carat/tables/qcatalog/dim5/dir.2-1;2-1;1/ordnung.32/(1)^1(2)^2(4)^6/group.300	4	6	6	method=1	log2H=3.00	image=0	bad=0
Z	carat/tables/qcatalog/dim5/dir.2-1;2-1;1/ordnung.32/(1)^1(2)^2(4)^6/group.296	18	3	3	method=1	log2H=2.00	image=0	bad=0
Z	carat/tables/qcatalog/dim5/dir.2-1;2-1;1/ordnung.16/(1)^1(4)^6(8)^2/group.285	21	4	4	method=1	log2H=2.00	image=0	bad=0
Z	carat/tables/qcatalog/dim5/dir.2-1;2-1;1/ordnung.32/(1)^1(2)^2(4)^6/group.304	2	16	16	method=1	log2H=4.00	image=0	bad=0
father: level 1 number of orbits 1 lengths 1
Z	carat/tables/qcatalog/dim5/dir.2-1;2-1;1/ordnung.32/(1)^1(2)^2(4)^6/group.300	5	12	12	method=1	log2H=5.00	image=0	bad=0
father: level 1 number of orbits 2 lengths 1
father: level 1 number of orbits 3 lengths 1
father: level 1 number of orbits 4 lengths 1
father: level 2 number of orbits 1 lengths 1
Z	carat/tables/qcatalog/dim5/dir.2-1;2-1;1/ordnung.32/(1)^1(2)^2(4)^6/group.296	19	10	10	method=1	log2H=4.00	image=0	bad=0
father: level 1 number of orbits 1 lengths 1
Z	carat/tables/qcatalog/dim5/dir.2-1;2-1;1/ordnung.32/(1)^1(2)^2(4)^6/group.298	3	36	36	method=1	log2H=6.00	image=0	bad=0
Z	carat/tables/qcatalog/dim5/dir.2-1;2-1;1/ordnung.16/(1)^1(4)^6(8)^2/min.97	11	4	4	method=1	log2H=2.00	image=0	bad=0
father: level 1 number of orbits 2 lengths 1
Z	carat/tables/qcatalog/dim5/dir.2-1;2-1;1/ordnung.32/(1)^1(2)^2(4)^6/group.302	4	12	12	method=1	log2H=4.00	image=0	bad=0
father: level 1 number of orbits 3 lengths 1
father: level 1 number of orbits 4 lengths 1
father: level 2 number of orbits 1 lengths 1
Z	carat/tables/qcatalog/dim5/dir.2-1;2-1;1/ordnung.16/(1)^1(4)^6(8)^2/min.97	12	10	10	method=1	log2H=4.00	image=0	bad=0
father: level 1 number of orbits 1 lengths 1
Z	carat/tables/qcatalog/dim5/dir.2-1;2-1;1/ordnung.16/(1)^1(4)^6(8)^2/group.285	22	8	8	method=1	log2H=3.00	image=0	bad=0
father: level 1 number of orbits 2 lengths 1
father: level 1 number of orbits 3 lengths 1
Z	carat/tables/qcatalog/dim5/dir.2-1;2-1;1/ordnung.32/(1)^1(2)^2(4)^6/group.304	3	16	16	method=1	log2H=4.00	image=0	bad=0
father: level 1 number of orbits 4 lengths 1
father: level 2 number of orbits 1 lengths 1
Z	carat/tables/qcatalog/dim5/dir.2-1;2-1;1/ordnung.32/(1)^1(2)^2(4)^6/group.302	5	10	10	method=1	log2H=4.00	image=0	bad=0
Z	carat/tables/qcatalog/dim5/dir.2-1;2-1;1/ordnung.16/(1)^1(4)^6(8)^2/min.97	13	4	4	method=1	log2H=2.00	image=0	bad=0
Z	carat/tables/qcatalog/dim5/dir.2-1;2-1;1/ordnung.32/(1)^1(2)^2(4)^6/group.304	4	16	16	method=1	log2H=4.00	image=0	bad=0
Z	carat/tables/qcatalog/dim5/dir.2-1;2-1;1/ordnung.16/(1)^1(4)^6(8)^2/min.97	14	3	3	method=1	log2H=2.00	image=0	bad=0
Z	carat/tables/qcatalog/dim5/dir.2-1;2-1;1/ordnung.16/(1)^1(4)^6(8)^2/min.97	15	6	6	method=1	log2H=3.00	image=0	bad=0
Z	carat/tables/qcatalog/dim5/dir.2-1;2-1;1/ordnung.32/(1)^1(2)^2(4)^2(8)^2/group.289	1	64	64	method=1	log2H=6.00	image=0	bad=0
Z	carat/tables/qcatalog/dim5/dir.2-1;2-1;1/ordnung.32/(1)^1(2)^2(4)^6/group.298	4	18	18	method=1	log2H=5.00	image=0	bad=0
father: level 1 number of orbits 1 lengths 1
father: level 1 number of orbits 2 lengths 1
father: level 1 number of orbits 3 lengths 1
father: level 1 number of orbits 4 lengths 1
father: level 2 number of orbits 1 lengths 1
father: level 2 number of orbits 1 lengths 2
father: level 2 number of orbits 2 lengths 2
Z	carat/tables/qcatalog/dim5/dir.2-1;2-1;1/ordnung.16/(1)^1(4)^6(8)^2/min.97	16	6	6	method=1	log2H=3.00	image=0	bad=0
father: level 3 number of orbits 1 lengths 2
father: level 1 number of orbits 1 lengths 1
father: level 1 number of orbits 2 lengths 1
father: level 1 number of orbits 3 lengths 1
Z	carat/tables/qcatalog/dim5/dir.2-1;2-1;1/ordnung.32/(1)^1(2)^2(4)^6/group.304	5	8	8	method=1	log2H=3.00	image=0	bad=0
father: level 1 number of orbits 4 lengths 1
father: level 2 number of orbits 1 lengths 1
father: level 1 number of orbits 1 lengths 1
Z	carat/tables/qcatalog/dim5/dir.2-1;2-1;1/ordnung.32/(1)^1(2)^2(4)^2(8)^2/group.289	2	16	16	method=1	log2H=4.00	image=0	bad=0
father: level 1 number of orbits 2 lengths 1
father: level 1 number of orbits 3 lengths 1
Z	carat/tables/qcatalog/dim5/dir.2-1;2-1;1/ordnung.16/(1)^1(4)^6(8)^2/min.97	17	10	10	method=1	log2H=4.00	image=0	bad=0
father: level 1 number of orbits 4 lengths 1
Z	carat/tables/qcatalog/dim5/dir.2-1;2-1;1/ordnung.32/(1)^1(2)^2(4)^4/group.293	1	64	64	method=1	log2H=6.00	image=0	bad=0
father: level 2 number of orbits 1 lengths 1
Z	carat/tables/qcatalog/dim5/dir.2-1;2-1;1/ordnung.32/(1)^1(2)^2(4)^6/group.298	5	10	10	method=1	log2H=4.00	image=0	bad=0
Z	carat/tables/qcatalog/dim5/dir.2-1;2-1;1/ordnung.32/(1)^1(2)^2(4)^6/group.304	6	8	8	method=1	log2H=3.00	image=0	bad=0
father: level 1 number of orbits 1 lengths 1
Z	carat/tables/qcatalog/dim5/dir.2-1;2-1;1/ordnung.16/(1)^1(4)^6(8)^2/min.97	18	5	5	method=1	log2H=3.00	image=0	bad=0
father: level 1 number of orbits 2 lengths 1
Z	carat/tables/qcatalog/dim5/dir.2-1;2-1;1/ordnung.32/(1)^1(2)^2(4)^2(8)^2/group.289	3	16	16	method=1	log2H=4.00	image=0	bad=0
father: level 1 number of orbits 3 lengths 1
father: level 1 number of orbits 4 lengths 1
Z	carat/tables/qcatalog/dim5/dir.2-1;2-1;1/ordnung.32/(1)^1(2)^2(4)^4/group.293	2	16	16	method=1	log2H=4.00	image=0	bad=0
father: level 2 number of orbits 1 lengths 1
Z	carat/tables/qcatalog/dim5/dir.2-1;2-1;1/ordnung.16/(1)^1(4)^6(8)^2/min.97	19	7	7	method=1	log2H=4.00	image=0	bad=0
Z	carat/tables/qcatalog/dim5/dir.1;1;1;1;1/ordnung.16/(1)^1(4)^4/group.218	4	1088	1088	method=1	log2H=11.00	image=0	bad=0
Z	carat/tables/qcatalog/dim5/dir.2-1;2-1;1/ordnung.32/(1)^1(2)^2(4)^6/group.304	7	64	64	method=1	log2H=6.00	image=0	bad=0
Z	carat/tables/qcatalog/dim5/dir.2-1;2-1;1/ordnung.32/(1)^1(2)^2(4)^6/group.298	6	20	20	method=1	log2H=5.00	image=0	bad=0
Z	carat/tables/qcatalog/dim5/dir.2-1;2-1;1/ordnung.32/(1)^1(2)^2(4)^2(8)^2/group.289	4	16	16	method=1	log2H=4.00	image=0	bad=0
Z	carat/tables/qcatalog/dim5/dir.2-1;2-1;1/ordnung.32/(1)^1(2)^2(4)^4/group.293	3	16	16	method=1	log2H=4.00	image=0	bad=0
Z	carat/tables/qcatalog/dim5/dir.2-1;2-1;1/ordnung.32/(1)^1(2)^2(4)^6/group.304	8	16	16	method=1	log2H=4.00	image=0	bad=0
Z	carat/tables/qcatalog/dim5/dir.2-1;2-1;1/ordnung.32/(1)^1(2)^2(4)^6/group.298	7	6	6	method=1	log2H=3.00	image=0	bad=0
Z	carat/tables/qcatalog/dim5/dir.2-1;2-1;1/ordnung.32/(1)^1(2)^2(4)^2(8)^2/group.289	5	8	8	method=1	log2H=3.00	image=0	bad=0
Z	carat/tables/qcatalog/dim5/dir.2-1;2-1;1/ordnung.32/(1)^1(2)^2(4)^4/group.293	4	16	16	method=1	log2H=4.00	image=0	bad=0
Z	carat/tables/qcatalog/dim5/dir.2-1;2-1;1/ordnung.32/(1)^1(2)^2(4)^6/group.298	8	20	20	method=1	log2H=5.00	image=0	bad=0
Z	carat/tables/qcatalog/dim5/dir.2-1;2-1;1/ordnung.32/(1)^1(2)^2(4)^6/group.304	9	16	16	method=1	log2H=4.00	image=0	bad=0
father: level 1 number of orbits 1 lengths 1
father: level 1 number of orbits 2 lengths 1
father: level 1 number of orbits 3 lengths 1
father: level 1 number of orbits 4 lengths 1
father: level 2 number of orbits 1 lengths 1
Z	carat/tables/qcatalog/dim5/dir.2-1;2-1;1/ordnung.32/(1)^1(2)^2(4)^2(8)^2/group.289	6	8	8	method=1	log2H=3.00	image=0	bad=0
father: level 1 number of orbits 1 lengths 1
father: level 1 number of orbits 2 lengths 1
father: level 1 number of orbits 3 lengths 1
father: level 1 number of orbits 4 lengths 1
father: level 2 number of orbits 1 lengths 1
Z	carat/tables/qcatalog/dim5/dir.1;1;1;1;1/ordnung.16/(1)^1(4)^4/group.218	5	192	192	method=1	log2H=8.00	image=0	bad=0
Z	carat/tables/qcatalog/dim5/dir.2-1;2-1;1/ordnung.32/(1)^1(2)^2(4)^6/group.304	10	16	16	method=1	log2H=4.00	image=0	bad=0
Z	carat/tables/qcatalog/dim5/dir.2-1;2-1;1/ordnung.32/(1)^1(2)^2(4)^6/group.298	9	192	192	method=1	log2H=8.00	image=0	bad=0
Z	carat/tables/qcatalog/dim5/dir.2-1;2-1;1/ordnung.16/(1)^1(4)^6(8)^2/min.95	1	30	30	method=1	log2H=6.00	image=0	bad=0
Z	carat/tables/qcatalog/dim5/dir.2-1;2-1;1/ordnung.32/(1)^1(2)^2(4)^4/group.293	5	8	8	method=1	log2H=3.00	image=0	bad=0
father: level 1 number of orbits 1 lengths 2
father: level 1 number of orbits 2 lengths 1
father: level 1 number of orbits 3 lengths 1
father: level 2 number of orbits 1 lengths 1
father: level 2 number of orbits 1 lengths 2
father: level 2 number of orbits 2 lengths 2
father: level 3 number of orbits 1 lengths 2
Z	carat/tables/qcatalog/dim5/dir.2-1;2-1;1/ordnung.16/(1)^1(4)^6(8)^2/min.95	2	6	6	method=1	log2H=3.00	image=0	bad=0
father: level 1 number of orbits 1 lengths 2
father: level 1 number of orbits 2 lengths 1
father: level 1 number of orbits 3 lengths 1
father: level 2 number of orbits 1 lengths 1
Z	carat/tables/qcatalog/dim5/dir.2-1;2-1;1/ordnung.32/(1)^1(2)^2(4)^6/group.303	1	128	128	method=1	log2H=7.00	image=0	bad=0
Z	carat/tables/qcatalog/dim5/dir.2-1;2-1;1/ordnung.16/(1)^1(4)^6(8)^2/min.95	3	9	9	method=1	log2H=4.00	image=0	bad=0
Z	carat/tables/qcatalog/dim5/dir.2-1;2-1;1/ordnung.32/(1)^1(2)^2(4)^4/group.293	6	8	8	method=1	log2H=3.00	image=0	bad=0
Z	carat/tables/qcatalog/dim5/dir.2-1;2-1;1/ordnung.16/(1)^1(4)^6(8)^2/min.95	4	9	9	method=1	log2H=4.00	image=0	bad=0
Z	carat/tables/qcatalog/dim5/dir.2-1;2-1;1/ordnung.32/(1)^1(2)^2(4)^6/group.304	11	8	8	method=1	log2H=3.00	image=0	bad=0
Z	carat/tables/qcatalog/dim5/dir.2-1;2-1;1/ordnung.32/(1)^1(2)^2(4)^6/group.303	2	32	32	method=1	log2H=5.00	image=0	bad=0
Z	carat/tables/qcatalog/dim5/dir.1;1;1;1;1/ordnung.16/(1)^1(4)^4/group.218	6	20	20	method=1	log2H=6.00	image=0	bad=0
Z	carat/tables/qcatalog/dim5/dir.2-1;2-1;1/ordnung.16/(1)^1(4)^6(8)^2/min.95	5	6	6	method=1	log2H=3.00	image=0	bad=0
Z	carat/tables/qcatalog/dim5/dir.2-1;2-1;1/ordnung.32/(1)^1(2)^2(4)^6/group.298	10	32	32	method=1	log2H=5.00	image=0	bad=0
Z	carat/tables/qcatalog/dim5/dir.2-1;2-1;1/ordnung.16/(1)^1(4)^6(8)^2/group.286	1	38	38	method=1	log2H=7.00	image=0	bad=0
Z	carat/tables/qcatalog/dim5/dir.2-1;2-1;1/ordnung.16/(1)^1(4)^6(8)^2/min.95	6	3	3	method=1	log2H=2.00	image=0	bad=0
Z	carat/tables/qcatalog/dim5/dir.2-1;2-1;1/ordnung.32/(1)^1(2)^2(4)^6/group.304	12	8	8	method=1	log2H=3.00	image=0	bad=0
Z	carat/tables/qcatalog/dim5/dir.2-1;2-1;1/ordnung.16/(1)^1(4)^6(8)^2/group.286	2	18	18	method=1	log2H=5.00	image=0	bad=0
Z	carat/tables/qcatalog/dim5/dir.2-1;2-1;1/ordnung.16/(1)^1(4)^6(8)^2/min.95	7	6	6	method=1	log2H=3.00	image=0	bad=0
Z	carat/tables/qcatalog/dim5/dir.2-1;2-1;1/ordnung.32/(1)^1(2)^2(4)^4/group.293	7	64	64	method=1	log2H=6.00	image=0	bad=0
father: level 1 number of orbits 1 lengths 1
father: level 1 number of orbits 2 lengths 1
father: level 1 number of orbits 3 lengths 1
father: level 1 number of orbits 4 lengths 1
Z	carat/tables/qcatalog/dim5/dir.2-1;2-1;1/ordnung.16/(1)^1(4)^6(8)^2/min.95	8	2	2	method=1	log2H=1.00	image=0	bad=0
Z	carat/tables/qcatalog/dim5/dir.2-1;2-1;1/ordnung.32/(1)^1(2)^2(4)^6/group.303	3	32	32	method=1	log2H=5.00	image=0	bad=0
father: level 2 number of orbits 1 lengths 1
father: level 1 number of orbits 1 lengths 2
father: level 1 number of orbits 2 lengths 1
Z	carat/tables/qcatalog/dim5/dir.2-1;2-1;1/ordnung.16/(1)^1(4)^6(8)^2/group.286	3	52	52	method=1	log2H=7.00	image=0	bad=0
father: level 1 number of orbits 3 lengths 1
father: level 2 number of orbits 1 lengths 1
father: level 1 number of orbits 1 lengths 1
father: level 1 number of orbits 2 lengths 1
Z	carat/tables/qcatalog/dim5/dir.2-1;2-1;1/ordnung.16/(1)^1(4)^6(8)^2/min.95	9	6	6	method=1	log2H=3.00	image=0	bad=0
father: level 1 number of orbits 3 lengths 1
father: level 1 number of orbits 4 lengths 1
father: level 1 number of orbits 1 lengths 2
father: level 2 number of orbits 1 lengths 1
father: level 1 number of orbits 2 lengths 1
father: level 1 number of orbits 3 lengths 1
father: level 2 number of orbits 1 lengths 1
Z	carat/tables/qcatalog/dim5/dir.2-1;2-1;1/ordnung.32/(1)^1(2)^2(4)^6/group.303	4	48	48	method=1	log2H=6.00	image=0	bad=0
Z	carat/tables/qcatalog/dim5/dir.2-1;2-1;1/ordnung.16/(1)^1(4)^6(8)^2/min.95	10	18	18	method=1	log2H=5.00	image=0	bad=0
father: level 1 number of orbits 1 lengths 1
Z	carat/tables/qcatalog/dim5/dir.2-1;2-1;1/ordnung.16/(1)^1(4)^6(8)^2/group.286	4	15	15	method=1	log2H=5.00	image=0	bad=0
father: level 1 number of orbits 2 lengths 1
father: level 1 number of orbits 3 lengths 1
father: level 1 number of orbits 4 lengths 1
Z	carat/tables/qcatalog/dim5/dir.2-1;2-1;1/ordnung.32/(1)^1(4)^4/group.312	1	36	36	method=1	log2H=6.00	image=0	bad=0
Z	carat/tables/qcatalog/dim5/dir.2-1;2-1;1/ordnung.16/(1)^1(4)^6(8)^2/min.95	11	4	4	method=1	log2H=2.00	image=0	bad=0
father: level 2 number of orbits 1 lengths 1
father: level 1 number of orbits 1 lengths 1
father: level 1 number of orbits 2 lengths 1
father: level 1 number of orbits 3 lengths 1
father: level 1 number of orbits 4 lengths 1
Z	carat/tables/qcatalog/dim5/dir.2-1;2-1;1/ordnung.16/(1)^1(4)^6(8)^2/group.286	5	14	14	method=1	log2H=5.00	image=0	bad=0
father: level 2 number of orbits 1 lengths 1
Z	carat/tables/qcatalog/dim5/dir.2-1;2-1;1/ordnung.16/(1)^1(4)^6(8)^2/min.95	12	6	6	method=1	log2H=3.00	image=0	bad=0
father: level 1 number of orbits 1 lengths 1
father: level 1 number of orbits 1 lengths 2
father: level 1 number of orbits 2 lengths 1
father: level 1 number of orbits 2 lengths 1
Z	carat/tables/qcatalog/dim5/dir.2-1;2-1;1/ordnung.32/(1)^1(2)^2(4)^6/group.298	11	32	32	method=1	log2H=5.00	image=0	bad=0
father: level 1 number of orbits 3 lengths 1
Z	carat/tables/qcatalog/dim5/dir.2-1;2-1;1/ordnung.32/(1)^1(2)^2(4)^6/group.303	5	16	16	method=1	log2H=4.00	image=0	bad=0
father: level 1 number of orbits 3 lengths 1
father: level 2 number of orbits 1 lengths 1
father: level 2 number of orbits 1 lengths 2
father: level 1 number of orbits 4 lengths 1
Z	carat/tables/qcatalog/dim5/dir.2-1;2-1;1/ordnung.32/(1)^1(4)^4/group.312	2	16	16	method=1	log2H=4.00	image=0	bad=0
father: level 2 number of orbits 1 lengths 1
Z	carat/tables/qcatalog/dim5/dir.2-1;2-1;1/ordnung.16/(1)^1(4)^6(8)^2/min.95	13	12	12	method=1	log2H=4.00	image=0	bad=0
father: level 1 number of orbits 1 lengths 2
father: level 1 number of orbits 2 lengths 1
father: level 2 number of orbits 1 lengths 2
father: level 2 number of orbits 2 lengths 2
Z	carat/tables/qcatalog/dim5/dir.2-1;2-1;1/ordnung.16/(1)^1(4)^6(8)^2/group.286	6	12	12	method=1	log2H=4.00	image=0	bad=0
father: level 3 number of orbits 1 lengths 2
Z	carat/tables/qcatalog/dim5/dir.2-1;2-1;1/ordnung.16/(1)^1(4)^6(8)^2/min.95	14	4	4	method=1	log2H=2.00	image=0	bad=0
Z	carat/tables/qcatalog/dim5/dir.2-1;2-1;1/ordnung.32/(1)^1(2)^2(4)^6/group.303	6	24	24	method=1	log2H=5.00	image=0	bad=0
father: level 1 number of orbits 3 lengths 1
Z	carat/tables/qcatalog/dim5/dir.2-1;2-1;1/ordnung.32/(1)^1(4)^4/group.312	3	12	12	method=1	log2H=4.00	image=0	bad=0
father: level 2 number of orbits 1 lengths 1
Z	carat/tables/qcatalog/dim5/dir.2-1;2-1;1/ordnung.32/(1)^1(2)^2(4)^4/group.293	8	16	16	method=1	log2H=4.00	image=0	bad=0
Z	carat/tables/qcatalog/dim5/dir.2-1;2-1;1/ordnung.16/(1)^1(4)^6(8)^2/min.95	15	5	5	method=1	log2H=3.00	image=0	bad=0
Z	carat/tables/qcatalog/dim5/dir.2-1;2-1;1/ordnung.16/(1)^1(4)^6(8)^2/group.286	7	6	6	method=1	log2H=3.00	image=0	bad=0
father: level 1 number of orbits 1 lengths 1
father: level 1 number of orbits 2 lengths 1
father: level 1 number of orbits 3 lengths 1
father: level 1 number of orbits 4 lengths 1
father: level 2 number of orbits 1 lengths 1
father: level 2 number of orbits 1 lengths 2
father: level 2 number of orbits 2 lengths 2
Z	carat/tables/qcatalog/dim5/dir.2-1;2-1;1/ordnung.16/(1)^1(4)^6(8)^2/min.95	16	18	18	method=1	log2H=5.00	image=0	bad=0
Z	carat/tables/qcatalog/dim5/dir.2-1;2-1;1/ordnung.32/(1)^1(2)^2(4)^6/group.303	7	128	128	method=1	log2H=7.00	image=0	bad=0
father: level 1 number of orbits 1 lengths 1
father: level 1 number of orbits 2 lengths 1
father: level 3 number of orbits 1 lengths 2
father: level 1 number of orbits 3 lengths 1
father: level 1 number of orbits 4 lengths 1
father: level 2 number of orbits 1 lengths 1
Z	carat/tables/qcatalog/dim5/dir.2-1;2-1;1/ordnung.32/(1)^1(4)^4/group.312	4	6	6	method=1	log2H=3.00	image=0	bad=0
Z	carat/tables/qcatalog/dim5/dir.1;1;1;1;1/ordnung.16/(1)^1(4)^4/group.218	7	242	242	method=1	log2H=11.00	image=0	bad=0
father: level 2 number of orbits 2 lengths 2
Z	carat/tables/qcatalog/dim5/dir.2-1;2-1;1/ordnung.16/(1)^1(4)^6(8)^2/group.286	8	12	12	method=1	log2H=4.00	image=0	bad=0
father: level 3 number of orbits 1 lengths 2
Z	carat/tables/qcatalog/dim5/dir.2-1;2-1;1/ordnung.32/(1)^1(2)^2(4)^6/group.298	12	80	80	method=1	log2H=7.00	image=0	bad=0
Z	carat/tables/qcatalog/dim5/dir.2-1;2-1;1/ordnung.16/(1)^1(4)^6(8)^2/min.95	17	12	12	method=1	log2H=4.00	image=0	bad=0
Z	carat/tables/qcatalog/dim5/dir.2-1;2-1;1/ordnung.32/(1)^1(2)^2(4)^6/group.303	8	32	32	method=1	log2H=5.00	image=0	bad=0
father: level 1 number of orbits 1 lengths 1
father: level 1 number of orbits 2 lengths 1
father: level 1 number of orbits 3 lengths 1
father: level 1 number of orbits 4 lengths 1
father: level 2 number of orbits 1 lengths 1
Z	carat/tables/qcatalog/dim5/dir.2-1;2-1;1/ordnung.32/(1)^1(4)^4/group.312	5	6	6	method=1	log2H=3.00	image=0	bad=0
Z	carat/tables/qcatalog/dim5/dir.2-1;2-1;1/ordnung.16/(1)^1(4)^6(8)^2/group.286	9	31	31	method=1	log2H=7.00	image=0	bad=0
Z	carat/tables/qcatalog/dim5/dir.2-1;2-1;1/ordnung.32/(1)^1(2)^2(4)^4/group.293	9	16	16	method=1	log2H=4.00	image=0	bad=0
father: level 1 number of orbits 1 lengths 2
father: level 1 number of orbits 2 lengths 1
father: level 1 number of orbits 3 lengths 1
father: level 2 number of orbits 1 lengths 1
father: level 1 number of orbits 1 lengths 1
father: level 1 number of orbits 2 lengths 1
father: level 1 number of orbits 3 lengths 1
Z	carat/tables/qcatalog/dim5/dir.2-1;2-1;1/ordnung.32/(1)^1(2)^2(4)^6/group.298	13	16	16	method=1	log2H=4.00	image=0	bad=0
father: level 1 number of orbits 4 lengths 1
father: level 2 number of orbits 1 lengths 1
Z	carat/tables/qcatalog/dim5/dir.2-1;2-1;1/ordnung.32/(1)^1(2)^2(4)^6/group.310	1	96	96	method=1	log2H=7.00	image=0	bad=0
father: level 1 number of orbits 1 lengths 1
father: level 1 number of orbits 2 lengths 1
Z	carat/tables/qcatalog/dim5/dir.2-1;2-1;1/ordnung.16/(1)^1(4)^6(8)^2/group.286	10	20	20	method=1	log2H=5.00	image=0	bad=0
father: level 1 number of orbits 3 lengths 1
father: level 1 number of orbits 4 lengths 1
father: level 2 number of orbits 1 lengths 1
Z	carat/tables/qcatalog/dim5/dir.2-1;2-1;1/ordnung.16/(1)^1(4)^6(8)^2/min.95	18	6	6	method=1	log2H=3.00	image=0	bad=0
father: level 1 number of orbits 1 lengths 1
father: level 1 number of orbits 2 lengths 1
Z	carat/tables/qcatalog/dim5/dir.2-1;2-1;1/ordnung.32/(1)^1(2)^2(4)^6/group.310	2	24	24	method=1	log2H=5.00	image=0	bad=0
father: level 1 number of orbits 3 lengths 1
Z	carat/tables/qcatalog/dim5/dir.2-1;2-1;1/ordnung.32/(1)^1(2)^2(4)^6/group.303	9	32	32	method=1	log2H=5.00	image=0	bad=0
father: level 1 number of orbits 4 lengths 1
Z	carat/tables/qcatalog/dim5/dir.2-1;2-1;1/ordnung.32/(1)^1(2)^2(4)^6/group.298	14	24	24	method=1	log2H=5.00	image=0	bad=0
Z	carat/tables/qcatalog/dim5/dir.2-1;2-1;1/ordnung.16/(1)^1(4)^6(8)^2/min.95	19	6	6	method=1	log2H=3.00	image=0	bad=0
father: level 2 number of orbits 1 lengths 1
Z	carat/tables/qcatalog/dim5/dir.2-1;2-1;1/ordnung.16/(1)^1(4)^6(8)^2/group.286	11	8	8	method=1	log2H=4.00	image=0	bad=0
Z	carat/tables/qcatalog/dim5/dir.1;1;1;1;1/ordnung.16/(1)^1(4)^4/group.218	8	96	96	method=1	log2H=8.00	image=0	bad=0
father: level 1 number of orbits 1 lengths 1
Z	carat/tables/qcatalog/dim5/dir.2-1;2-1;1/ordnung.32/(1)^1(2)^2(4)^6/group.297	1	46	46	method=1	log2H=7.00	image=0	bad=0
father: level 1 number of orbits 2 lengths 1
Z	carat/tables/qcatalog/dim5/dir.2-1;2-1;1/ordnung.32/(1)^1(2)^2(4)^6/group.306	1	64	64	method=1	log2H=6.00	image=0	bad=0
father: level 1 number of orbits 3 lengths 1
father: level 1 number of orbits 4 lengths 1
Z	carat/tables/qcatalog/dim5/dir.2-1;2-1;1/ordnung.32/(1)^1(2)^2(4)^6/group.303	10	32	32	method=1	log2H=5.00	image=0	bad=0
father: level 2 number of orbits 1 lengths 1
Z	carat/tables/qcatalog/dim5/dir.2-1;2-1;1/ordnung.32/(1)^1(2)^2(4)^6/group.310	3	24	24	method=1	log2H=5.00	image=0	bad=0
Z	carat/tables/qcatalog/dim5/dir.2-1;2-1;1/ordnung.32/(1)^1(2)^2(4)^6/group.298	15	72	72	method=1	log2H=7.00	image=0	bad=0
Z	carat/tables/qcatalog/dim5/dir.2-1;2-1;1/ordnung.16/(1)^1(4)^6(8)^2/group.286	12	6	6	method=1	log2H=3.00	image=0	bad=0
Z	carat/tables/qcatalog/dim5/dir.2-1;2-1;1/ordnung.32/(1)^1(2)^2(4)^4/group.293	10	24	24	method=1	log2H=5.00	image=0	bad=0
Z	carat/tables/qcatalog/dim5/dir.2-1;2-1;1/ordnung.16/(1)^1(4)^6(8)^2/min.95	20	4	4	method=1	log2H=2.00	image=0	bad=0
Z	carat/tables/qcatalog/dim5/dir.2-1;2-1;1/ordnung.32/(1)^1(2)^2(4)^6/group.306	2	24	24	method=1	log2H=5.00	image=0	bad=0
Z	carat/tables/qcatalog/dim5/dir.2-1;2-1;1/ordnung.32/(1)^1(2)^2(4)^6/group.297	2	24	24	method=1	log2H=5.00	image=0	bad=0
Z	carat/tables/qcatalog/dim5/dir.2-1;2-1;1/ordnung.32/(1)^1(2)^2(4)^6/group.301	1	96	96	method=1	log2H=8.00	image=0	bad=0
Z	carat/tables/qcatalog/dim5/dir.2-1;2-1;1/ordnung.32/(1)^1(2)^2(4)^6/group.310	4	16	16	method=1	log2H=4.00	image=0	bad=0
Z	carat/tables/qcatalog/dim5/dir.2-1;2-1;1/ordnung.16/(1)^1(4)^6(8)^2/min.95	21	6	6	method=1	log2H=3.00	image=0	bad=0
Z	carat/tables/qcatalog/dim5/dir.2-1;2-1;1/ordnung.16/(1)^1(4)^6(8)^2/group.286	13	6	6	method=1	log2H=4.00	image=0	bad=0
Z	carat/tables/qcatalog/dim5/dir.2-1;2-1;1/ordnung.32/(1)^1(2)^2(4)^6/group.303	11	16	16	method=1	log2H=4.00	image=0	bad=0
Z	carat/tables/qcatalog/dim5/dir.1;1;1;1;1/ordnung.8/(1)^1(4)^2(8)^2/min.71	1	114	114	method=1	log2H=11.00	image=0	bad=0
Z	carat/tables/qcatalog/dim5/dir.2-1;2-1;1/ordnung.32/(1)^1(2)^2(4)^6/group.298	16	48	48	method=1	log2H=6.00	image=0	bad=0
Z	carat/tables/qcatalog/dim5/dir.2-1;2-1;1/ordnung.16/(1)^1(4)^6(8)^2/min.95	22	12	12	method=1	log2H=4.00	image=0	bad=0
Z	carat/tables/qcatalog/dim5/dir.2-1;2-1;1/ordnung.32/(1)^1(2)^2(4)^6/group.310	5	8	8	method=1	log2H=3.00	image=0	bad=0
Z	carat/tables/qcatalog/dim5/dir.2-1;2-1;1/ordnung.32/(1)^1(2)^2(4)^6/group.303	12	16	16	method=1	log2H=4.00	image=0	bad=0
Z	carat/tables/qcatalog/dim5/dir.2-1;2-1;1/ordnung.32/(1)^1(2)^2(4)^6/group.306	3	80	80	method=1	log2H=7.00	image=0	bad=0
Z	carat/tables/qcatalog/dim5/dir.1;1;1;1;1/ordnung.16/(1)^1(4)^4/group.218	9	32	32	method=1	log2H=6.00	image=0	bad=0
Z	carat/tables/qcatalog/dim5/dir.2-1;2-1;1/ordnung.32/(1)^1(2)^2(4)^6/group.297	3	68	68	method=1	log2H=8.00	image=0	bad=0
Z	carat/tables/qcatalog/dim5/dir.2-1;2-1;1/ordnung.32/(1)^1(2)^2(4)^6/group.301	2	24	24	method=1	log2H=5.00	image=0	bad=0
Z	carat/tables/qcatalog/dim5/dir.2-1;2-1;1/ordnung.16/(1)^1(4)^6(8)^2/min.95	23	8	8	method=1	log2H=3.00	image=0	bad=0
Z	carat/tables/qcatalog/dim5/dir.2-1;2-1;1/ordnung.32/(1)^1(2)^2(4)^6/group.310	6	12	12	method=1	log2H=4.00	image=0	bad=0
Z	carat/tables/qcatalog/dim5/dir.2-1;2-1;1/ordnung.32/(1)^1(2)^2(4)^6/group.306	4	32	32	method=1	log2H=5.00	image=0	bad=0
Z	carat/tables/qcatalog/dim5/dir.2-1;2-1;1/ordnung.32/(1)^1(2)^2(4)^6/group.298	17	96	96	method=1	log2H=8.00	image=0	bad=0
Z	carat/tables/qcatalog/dim5/dir.2-1;2-1;1/ordnung.16/(1)^1(4)^6(8)^2/min.95	24	18	18	method=1	log2H=5.00	image=0	bad=0
father: level 1 number of orbits 1 lengths 2
father: level 1 number of orbits 2 lengths 1
father: level 1 number of orbits 3 lengths 1
Z	carat/tables/qcatalog/dim5/dir.2-1;2-1;1/ordnung.32/(1)^1(2)^2(4)^6/group.297	4	18	18	method=1	log2H=5.00	image=0	bad=0
father: level 2 number of orbits 1 lengths 1
father: level 1 number of orbits 1 lengths 2
father: level 1 number of orbits 2 lengths 1
father: level 1 number of orbits 3 lengths 1
father: level 2 number of orbits 1 lengths 1
father: level 2 number of orbits 1 lengths 2
Z	carat/tables/qcatalog/dim5/dir.2-1;2-1;1/ordnung.32/(1)^1(2)^2(4)^6/group.310	7	96	96	method=1	log2H=7.00	image=0	bad=0
Z	carat/tables/qcatalog/dim5/dir.2-1;2-1;1/ordnung.16/(1)^1(4)^6(8)^2/min.95	25	8	8	method=1	log2H=3.00	image=0	bad=0
father: level 2 number of orbits 2 lengths 2
father: level 3 number of orbits 1 lengths 2
Z	carat/tables/qcatalog/dim5/dir.2-1;2-1;1/ordnung.32/(1)^1(2)^2(4)^6/group.301	3	24	24	method=1	log2H=5.00	image=0	bad=0
Z	carat/tables/qcatalog/dim5/dir.1;1;1;1;1/ordnung.8/(1)^1(4)^2(8)^2/min.71	2	88	88	method=1	log2H=8.00	image=0	bad=0
Z	carat/tables/qcatalog/dim5/dir.1;1;1;1;1/ordnung.16/(1)^1(4)^4/group.218	10	8	8	method=1	log2H=5.00	image=0	bad=0
Z	carat/tables/qcatalog/dim5/dir.2-1;2-1;1/ordnung.32/(1)^1(2)^2(4)^6/group.297	5	24	24	method=1	log2H=6.00	image=0	bad=0
Z	carat/tables/qcatalog/dim5/dir.2-1;2-1;1/ordnung.32/(1)^1(2)^2(4)^6/group.298	18	24	24	method=1	log2H=6.00	image=0	bad=0
Z	carat/tables/qcatalog/dim5/dir.2-1;2-1;1/ordnung.32/(1)^1(2)^2(4)^4/group.293	11	8	8	method=1	log2H=3.00	image=0	bad=0
Z	carat/tables/qcatalog/dim5/dir.2-1;2-1;1/ordnung.32/(1)^1(2)^2(4)^6/group.306	5	24	24	method=1	log2H=5.00	image=0	bad=0
Z	carat/tables/qcatalog/dim5/dir.2-1;2-1;1/ordnung.16/(1)^1(4)^6(8)^2/min.95	26	8	8	method=1	log2H=3.00	image=0	bad=0
Z	carat/tables/qcatalog/dim5/dir.2-1;2-1;1/ordnung.32/(1)^1(2)^2(4)^6/group.310	8	24	24	method=1	log2H=5.00	image=0	bad=0
Z	carat/tables/qcatalog/dim5/dir.2-1;2-1;1/ordnung.32/(1)^1(2)^2(4)^6/group.301	4	10	10	method=1	log2H=4.00	image=0	bad=0
Z	carat/tables/qcatalog/dim5/dir.2-1;2-1;1/ordnung.32/(1)^1(2)^2(4)^6/group.298	19	48	48	method=1	log2H=7.00	image=0	bad=0
Z	carat/tables/qcatalog/dim5/dir.2-1;2-1;1/ordnung.32/(1)^1(2)^2(4)^6/group.297	6	128	128	method=1	log2H=8.00	image=0	bad=0
Z	carat/tables/qcatalog/dim5/dir.2-1;2-1;1/ordnung.32/(1)^1(2)^2(4)^6/group.306	6	40	40	method=1	log2H=6.00	image=0	bad=0
Z	carat/tables/qcatalog/dim5/dir.2-1;2-1;1/ordnung.32/(1)^1(2)^2(4)^4/group.293	12	12	12	method=1	log2H=4.00	image=0	bad=0
Z	carat/tables/qcatalog/dim5/dir.2-1;2-1;1/ordnung.32/(1)^1(2)^2(4)^6/group.310	9	24	24	method=1	log2H=5.00	image=0	bad=0
Z	carat/tables/qcatalog/dim5/dir.2-1;2-1;1/ordnung.16/(1)^1(4)^6(8)^2/min.95	27	12	12	method=1	log2H=4.00	image=0	bad=0
Z	carat/tables/qcatalog/dim5/dir.2-1;2-1;1/ordnung.32/(1)^1(2)^2(4)^6/group.301	5	9	9	method=1	log2H=4.00	image=0	bad=0
Z	carat/tables/qcatalog/dim5/dir.2-1;2-1;1/ordnung.32/(1)^1(4)^6(8)^2/group.313	1	114	114	method=1	log2H=9.00	image=0	bad=0
Z	carat/tables/qcatalog/dim5/dir.2-1;2-1;1/ordnung.32/(1)^1(2)^2(4)^6/group.297	7	40	40	method=1	log2H=6.00	image=0	bad=0
Z	carat/tables/qcatalog/dim5/dir.2-1;2-1;1/ordnung.32/(1)^1(2)^2(4)^6/group.310	10	24	24	method=1	log2H=5.00	image=0	bad=0
Z	carat/tables/qcatalog/dim5/dir.1;1;1;1;1/ordnung.8/(1)^1(4)^2(8)^2/min.71	3	52	52	method=1	log2H=8.00	image=0	bad=0
Z	carat/tables/qcatalog/dim5/dir.2-1;2-1;1/ordnung.32/(1)^1(2)^2(4)^6/group.306	7	96	96	method=1	log2H=7.00	image=0	bad=0
father: level 1 number of orbits 1 lengths 1
father: level 1 number of orbits 2 lengths 1
Z	carat/tables/qcatalog/dim5/dir.2-1;2-1;1/ordnung.32/(1)^1(2)^2(4)^6/group.301	6	12	12	method=1	log2H=4.00	image=0	bad=0
father: level 1 number of orbits 3 lengths 1
father: level 1 number of orbits 4 lengths 1
father: level 2 number of orbits 1 lengths 1
Z	carat/tables/qcatalog/dim5/dir.2-1;2-1;1/ordnung.32/(1)^1(2)^2(4)^6/group.306	8	40	40	method=1	log2H=6.00	image=0	bad=0
father: level 1 number of orbits 1 lengths 1
father: level 1 number of orbits 2 lengths 1
father: level 1 number of orbits 3 lengths 1
Z	carat/tables/qcatalog/dim5/dir.2-1;2-1;1/ordnung.32/(1)^1(2)^2(4)^6/group.297	8	20	20	method=1	log2H=5.00	image=0	bad=0
father: level 1 number of orbits 4 lengths 1
father: level 2 number of orbits 1 lengths 1
Z	carat/tables/qcatalog/dim5/dir.2-1;2-1;1/ordnung.32/(1)^1(2)^2(4)^6/group.310	11	8	8	method=1	log2H=3.00	image=0	bad=0
Z	carat/tables/qcatalog/dim5/dir.2-1;2-1;1/ordnung.32/(1)^1(4)^6(8)^2/group.313	2	40	40	method=1	log2H=6.00	image=0	bad=0
Z	carat/tables/qcatalog/dim5/dir.2-1;2-1;1/ordnung.32/(1)^1(2)^2(4)^6/group.301	7	4	4	method=1	log2H=2.00	image=0	bad=0
Z	carat/tables/qcatalog/dim5/dir.2-1;2-1;1/ordnung.32/(1)^1(2)^2(4)^6/group.297	9	24	24	method=1	log2H=5.00	image=0	bad=0
father: level 1 number of orbits 1 lengths 1
Z	carat/tables/qcatalog/dim5/dir.2-1;2-1;1/ordnung.32/(1)^1(2)^2(4)^6/group.310	12	18	18	method=1	log2H=5.00	image=0	bad=0
father: level 1 number of orbits 2 lengths 1
Z	carat/tables/qcatalog/dim5/dir.2-1;2-1;1/ordnung.32/(1)^1(2)^2(4)^6/group.306	9	16	16	method=1	log2H=4.00	image=0	bad=0
father: level 1 number of orbits 3 lengths 1
father: level 1 number of orbits 4 lengths 1
father: level 2 number of orbits 1 lengths 1
Z	carat/tables/qcatalog/dim5/dir.2-1;2-1;1/ordnung.32/(1)^1(2)^2(4)^6/group.308	1	64	64	method=1	log2H=6.00	image=0	bad=0
Z	carat/tables/qcatalog/dim5/dir.2-1;2-1;1/ordnung.32/(1)^1(4)^6(8)^2/group.313	3	16	16	method=1	log2H=5.00	image=0	bad=0
Z	carat/tables/qcatalog/dim5/dir.2-1;2-1;1/ordnung.32/(1)^1(2)^2(4)^6/group.297	10	8	8	method=1	log2H=3.00	image=0	bad=0
Z	carat/tables/qcatalog/dim5/dir.1;1;1;1;1/ordnung.16/(1)^1(4)^4/group.218	11	226	226	method=1	log2H=11.00	image=0	bad=0
Z	carat/tables/qcatalog/dim5/dir.1;1;1;1;1/ordnung.8/(1)^1(4)^2(8)^2/min.71	4	28	28	method=1	log2H=6.00	image=0	bad=0
Z	carat/tables/qcatalog/dim5/dir.2-1;2-1;1/ordnung.32/(1)^1(2)^2(4)^6/group.308	2	16	16	method=1	log2H=4.00	image=0	bad=0
father: level 1 number of orbits 1 lengths 1
father: level 1 number of orbits 2 lengths 1
father: level 1 number of orbits 3 lengths 1
father: level 1 number of orbits 4 lengths 1
father: level 2 number of orbits 1 lengths 1
father: level 1 number of orbits 1 lengths 2
father: level 1 number of orbits 2 lengths 1
father: level 1 number of orbits 3 lengths 1
father: level 2 number of orbits 1 lengths 1
father: level 1 number of orbits 1 lengths 2
father: level 1 number of orbits 2 lengths 1
father: level 1 number of orbits 3 lengths 1
father: level 2 number of orbits 1 lengths 1
Z	carat/tables/qcatalog/dim5/dir.2-1;2-1;1/ordnung.32/(1)^1(4)^6(8)^2/group.313	4	6	6	method=1	log2H=3.00	image=0	bad=0
Z	carat/tables/qcatalog/dim5/dir.2-1;2-1;1/ordnung.32/(1)^1(2)^2(4)^6/group.308	3	16	16	method=1	log2H=4.00	image=0	bad=0
Z	carat/tables/qcatalog/dim5/dir.2-1;2-1;1/ordnung.32/(1)^1(2)^2(4)^6/group.297	11	18	18	method=1	log2H=5.00	image=0	bad=0
Z	carat/tables/qcatalog/dim5/dir.2-1;2-1;1/ordnung.32/(1)^1(2)^2(4)^6/group.299	1	36	36	method=1	log2H=6.00	image=0	bad=0
Z	carat/tables/qcatalog/dim5/dir.2-1;2-1;1/ordnung.32/(1)^1(2)^2(4)^6/group.308	4	16	16	method=1	log2H=4.00	image=0	bad=0
Z	carat/tables/qcatalog/dim5/dir.2-1;2-1;1/ordnung.32/(1)^1(2)^2(4)^6/group.305	1	64	64	method=1	log2H=6.00	image=0	bad=0
Z	carat/tables/qcatalog/dim5/dir.2-1;2-1;1/ordnung.32/(1)^1(4)^6(8)^2/group.313	5	12	12	method=1	log2H=5.00	image=0	bad=0
Z	carat/tables/qcatalog/dim5/dir.2-1;2-1;1/ordnung.32/(1)^1(2)^2(4)^6/group.299	2	16	16	method=1	log2H=4.00	image=0	bad=0
Z	carat/tables/qcatalog/dim5/dir.1;1;1;1;1/ordnung.8/(1)^1(4)^2(8)^2/min.71	5	20	20	method=1	log2H=6.00	image=0	bad=0
Z	carat/tables/qcatalog/dim5/dir.2-1;2-1;1/ordnung.32/(1)^1(2)^2(4)^6/group.297	12	124	124	method=1	log2H=9.00	image=0	bad=0
Z	carat/tables/qcatalog/dim5/dir.2-1;2-1;1/ordnung.32/(1)^1(2)^2(4)^6/group.305	2	16	16	method=1	log2H=4.00	image=0	bad=0
father: level 1 number of orbits 1 lengths 2
father: level 1 number of orbits 2 lengths 1
father: level 1 number of orbits 3 lengths 1
father: level 2 number of orbits 1 lengths 1
Z	carat/tables/qcatalog/dim5/dir.2-1;2-1;1/ordnung.32/(1)^1(4)^6(8)^2/group.313	6	132	132	method=1	log2H=9.00	image=0	bad=0
Z	carat/tables/qcatalog/dim5/dir.2-1;2-1;1/ordnung.32/(1)^1(2)^2(4)^6/group.308	5	8	8	method=1	log2H=3.00	image=0	bad=0
Z	carat/tables/qcatalog/dim5/dir.2-1;2-1;1/ordnung.32/(1)^1(2)^2(4)^6/group.299	3	12	12	method=1	log2H=4.00	image=0	bad=0
Z	carat/tables/qcatalog/dim5/dir.2-1;2-1;1/ordnung.32/(1)^1(2)^2(4)^6/group.305	3	16	16	method=1	log2H=4.00	image=0	bad=0
father: level 1 number of orbits 1 lengths 1
father: level 1 number of orbits 2 lengths 1
father: level 1 number of orbits 3 lengths 1
father: level 1 number of orbits 4 lengths 1
father: level 2 number of orbits 1 lengths 1
Z	carat/tables/qcatalog/dim5/dir.2-1;2-1;1/ordnung.32/(1)^1(2)^2(4)^6/group.306	10	16	16	method=1	log2H=4.00	image=0	bad=0
father: level 1 number of orbits 1 lengths 1
father: level 1 number of orbits 2 lengths 1
father: level 1 number of orbits 3 lengths 1
father: level 1 number of orbits 4 lengths 1
father: level 2 number of orbits 1 lengths 1
Z	carat/tables/qcatalog/dim5/dir.1;1;1;1;1/ordnung.8/(1)^1(4)^2(8)^2/min.71	6	10	10	method=1	log2H=5.00	image=0	bad=0
Z	carat/tables/qcatalog/dim5/dir.2-1;2-1;1/ordnung.32/(1)^1(2)^2(4)^6/group.308	6	12	12	method=1	log2H=4.00	image=0	bad=0
Z	carat/tables/qcatalog/dim5/dir.2-1;2-1;1/ordnung.32/(1)^1(2)^2(4)^6/group.301	8	12	12	method=1	log2H=4.00	image=0	bad=0
Z	carat/tables/qcatalog/dim5/dir.2-1;2-1;1/ordnung.32/(1)^1(2)^2(4)^6/group.297	13	36	36	method=1	log2H=6.00	image=0	bad=0
Z	carat/tables/qcatalog/dim5/dir.2-1;2-1;1/ordnung.32/(1)^1(2)^2(4)^6/group.305	4	16	16	method=1	log2H=4.00	image=0	bad=0
Z	carat/tables/qcatalog/dim5/dir.2-1;2-1;1/ordnung.32/(1)^1(4)^6(8)^2/group.313	7	36	36	method=1	log2H=6.00	image=0	bad=0
Z	carat/tables/qcatalog/dim5/dir.2-1;2-1;1/ordnung.32/(1)^1(2)^2(4)^6/group.299	4	6	6	method=1	log2H=3.00	image=0	bad=0
Z	carat/tables/qcatalog/dim5/dir.2-1;2-1;1/ordnung.64/(1)^1(2)^4(4)^4/group.320	1	272	272	method=1	log2H=9.00	image=0	bad=0
Z	carat/tables/qcatalog/dim5/dir.2-1;2-1;1/ordnung.32/(1)^1(2)^2(4)^6/group.308	7	64	64	method=1	log2H=6.00	image=0	bad=0
Z	carat/tables/qcatalog/dim5/dir.2-1;2-1;1/ordnung.32/(1)^1(2)^2(4)^6/group.297	14	26	26	method=1	log2H=6.00	image=0	bad=0
Z	carat/tables/qcatalog/dim5/dir.2-1;2-1;1/ordnung.32/(1)^1(2)^2(4)^6/group.299	5	6	6	method=1	log2H=3.00	image=0	bad=0
father: level 1 number of orbits 1 lengths 1
father: level 1 number of orbits 2 lengths 1
father: level 1 number of orbits 3 lengths 1
father: level 1 number of orbits 4 lengths 1
father: level 2 number of orbits 1 lengths 1
father: level 1 number of orbits 1 lengths 2
father: level 1 number of orbits 2 lengths 1
father: level 1 number of orbits 1 lengths 1
father: level 1 number of orbits 3 lengths 1
Z	carat/tables/qcatalog/dim5/dir.1;1;1;1;1/ordnung.16/(1)^1(4)^4/group.218	12	1152	1152	method=1	log2H=11.00	image=0	bad=0
father: level 1 number of orbits 2 lengths 1
father: level 2 number of orbits 1 lengths 1
father: level 1 number of orbits 3 lengths 1
Z	carat/tables/qcatalog/dim5/dir.2-1;2-1;1/ordnung.32/(1)^1(2)^2(4)^6/group.305	5	8	8	method=1	log2H=3.00	image=0	bad=0
father: level 1 number of orbits 4 lengths 1
father: level 2 number of orbits 1 lengths 1
Z	carat/tables/qcatalog/dim5/dir.2-1;2-1;1/ordnung.32/(1)^1(2)^2(4)^6/group.297	15	9	9	method=1	log2H=4.00	image=0	bad=0
father: level 1 number of orbits 1 lengths 1
father: level 1 number of orbits 2 lengths 1
father: level 1 number of orbits 3 lengths 1
father: level 1 number of orbits 4 lengths 1
father: level 2 number of orbits 1 lengths 1
Z	carat/tables/qcatalog/dim5/dir.2-1;2-1;1/ordnung.32/(1)^1(4)^6(8)^2/group.313	8	184	184	method=1	log2H=9.00	image=0	bad=0
Z	carat/tables/qcatalog/dim5/dir.2-1;2-1;1/ordnung.32/(1)^1(2)^2(4)^6/group.308	8	16	16	method=1	log2H=4.00	image=0	bad=0
Z	carat/tables/qcatalog/dim5/dir.2-1;2-1;1/ordnung.32/(1)^1(2)^2(4)^6/group.299	6	40	40	method=1	log2H=6.00	image=0	bad=0
father: level 1 number of orbits 1 lengths 2
father: level 1 number of orbits 2 lengths 1
father: level 1 number of orbits 3 lengths 1
father: level 2 number of orbits 1 lengths 1
father: level 2 number of orbits 1 lengths 2
Z	carat/tables/qcatalog/dim5/dir.2-1;2-1;1/ordnung.64/(1)^1(2)^2(4)^6/group.318	1	512	512	method=1	log2H=9.00	image=0	bad=0
father: level 2 number of orbits 2 lengths 2
Z	carat/tables/qcatalog/dim5/dir.2-1;2-1;1/ordnung.32/(1)^1(2)^2(4)^6/group.306	11	8	8	method=1	log2H=3.00	image=0	bad=0
father: level 3 number of orbits 1 lengths 2
Z	carat/tables/qcatalog/dim5/dir.1;1;1;1;1/ordnung.8/(1)^1(4)^2(8)^2/min.71	7	11	11	method=1	log2H=6.00	image=0	bad=0
Z	carat/tables/qcatalog/dim5/dir.2-1;2-1;1/ordnung.64/(1)^1(2)^4(4)^4/group.320	2	64	64	method=1	log2H=6.00	image=0	bad=0
Z	carat/tables/qcatalog/dim5/dir.2-1;2-1;1/ordnung.32/(1)^1(2)^2(4)^6/group.297	16	12	12	method=1	log2H=5.00	image=0	bad=0
Z	carat/tables/qcatalog/dim5/dir.2-1;2-1;1/ordnung.32/(1)^1(2)^2(4)^6/group.299	7	16	16	method=1	log2H=4.00	image=0	bad=0
Z	carat/tables/qcatalog/dim5/dir.2-1;2-1;1/ordnung.32/(1)^1(2)^2(4)^6/group.301	9	96	96	method=1	log2H=7.00	image=0	bad=0
Z	carat/tables/qcatalog/dim5/dir.2-1;2-1;1/ordnung.32/(1)^1(2)^2(4)^6/group.308	9	16	16	method=1	log2H=4.00	image=0	bad=0
Z	carat/tables/qcatalog/dim5/dir.2-1;2-1;1/ordnung.32/(1)^1(2)^2(4)^6/group.305	6	12	12	method=1	log2H=4.00	image=0	bad=0
Z	carat/tables/qcatalog/dim5/dir.2-1;2-1;1/ordnung.32/(1)^1(2)^2(4)^6/group.306	12	12	12	method=1	log2H=4.00	image=0	bad=0
Z	carat/tables/qcatalog/dim5/dir.2-1;2-1;1/ordnung.32/(1)^1(4)^6(8)^2/group.313	9	27	27	method=1	log2H=6.00	image=0	bad=0
father: level 1 number of orbits 1 lengths 2
father: level 1 number of orbits 2 lengths 1
father: level 1 number of orbits 3 lengths 1
father: level 2 number of orbits 1 lengths 1
father: level 2 number of orbits 1 lengths 2
father: level 2 number of orbits 2 lengths 2
father: level 3 number of orbits 1 lengths 2
Z	carat/tables/qcatalog/dim5/dir.2-1;2-1;1/ordnung.32/(1)^1(2)^2(4)^6/group.301	10	16	16	method=1	log2H=4.00	image=0	bad=0
Z	carat/tables/qcatalog/dim5/dir.2-1;2-1;1/ordnung.32/(1)^1(2)^2(4)^6/group.299	8	16	16	method=1	log2H=4.00	image=0	bad=0
Z	carat/tables/qcatalog/dim5/dir.1;1;1;1;1/ordnung.16/(1)^1(4)^4/group.218	13	96	96	method=1	log2H=7.00	image=0	bad=0
father: level 1 number of orbits 1 lengths 1
father: level 1 number of orbits 2 lengths 1
father: level 1 number of orbits 3 lengths 1
father: level 1 number of orbits 4 lengths 1
father: level 2 number of orbits 1 lengths 1
Z	carat/tables/qcatalog/dim5/dir.2-1;2-1;1/ordnung.32/(1)^1(2)^2(4)^6/group.305	7	64	64	method=1	log2H=6.00	image=0	bad=0
father: level 1 number of orbits 1 lengths 2
father: level 1 number of orbits 2 lengths 1
father: level 1 number of orbits 3 lengths 1
father: level 2 number of orbits 1 lengths 1
Z	carat/tables/qcatalog/dim5/dir.2-1;2-1;1/ordnung.32/(1)^1(2)^2(4)^6/group.306	13	96	96	method=1	log2H=7.00	image=0	bad=0
Z	carat/tables/qcatalog/dim5/dir.2-1;2-1;1/ordnung.32/(1)^1(2)^2(4)^6/group.308	10	16	16	method=1	log2H=4.00	image=0	bad=0
Z	carat/tables/qcatalog/dim5/dir.2-1;2-1;1/ordnung.32/(1)^1(2)^2(4)^6/group.297	17	16	16	method=1	log2H=5.00	image=0	bad=0
Z	carat/tables/qcatalog/dim5/dir.2-1;2-1;1/ordnung.64/(1)^1(2)^2(4)^6/group.316	1	272	272	method=1	log2H=9.00	image=0	bad=0
Z	carat/tables/qcatalog/dim5/dir.2-1;2-1;1/ordnung.32/(1)^1(4)^6(8)^2/group.313	10	24	24	method=1	log2H=6.00	image=0	bad=0
Z	carat/tables/qcatalog/dim5/dir.2-1;2-1;1/ordnung.32/(1)^1(2)^2(4)^6/group.305	8	16	16	method=1	log2H=4.00	image=0	bad=0
Z	carat/tables/qcatalog/dim5/dir.2-1;2-1;1/ordnung.32/(1)^1(2)^2(4)^6/group.311	1	64	64	method=1	log2H=6.00	image=0	bad=0
Z	carat/tables/qcatalog/dim5/dir.2-1;2-1;1/ordnung.32/(1)^1(2)^2(4)^6/group.301	11	16	16	method=1	log2H=4.00	image=0	bad=0
Z	carat/tables/qcatalog/dim5/dir.2-1;2-1;1/ordnung.32/(1)^1(2)^2(4)^6/group.299	9	6	6	method=1	log2H=3.00	image=0	bad=0
Z	carat/tables/qcatalog/dim5/dir.1;1;1;1;1/ordnung.8/(1)^1(4)^2(8)^2/min.71	8	6	6	method=1	log2H=5.00	image=0	bad=0
Z	carat/tables/qcatalog/dim5/dir.2-1;2-1;1/ordnung.64/(1)^1(2)^2(4)^6/group.318	2	64	64	method=1	log2H=6.00	image=0	bad=0
Z	carat/tables/qcatalog/dim5/dir.2-1;2-1;1/ordnung.32/(1)^1(2)^2(4)^6/group.311	2	24	24	method=1	log2H=5.00	image=0	bad=0
Z	carat/tables/qcatalog/dim5/dir.2-1;2-1;1/ordnung.32/(1)^1(2)^2(4)^6/group.301	12	40	40	method=1	log2H=6.00	image=0	bad=0
Z	carat/tables/qcatalog/dim5/dir.2-1;2-1;1/ordnung.32/(1)^1(2)^2(4)^6/group.299	10	9	9	method=1	log2H=4.00	image=0	bad=0
Z	carat/tables/qcatalog/dim5/dir.2-1;2-1;1/ordnung.32/(1)^1(4)^6(8)^2/group.314	1	88	88	method=1	log2H=8.00	image=0	bad=0
Z	carat/tables/qcatalog/dim5/dir.2-1;2-1;1/ordnung.64/(1)^1(2)^4(4)^4/group.320	3	40	40	method=1	log2H=6.00	image=0	bad=0
Z	carat/tables/qcatalog/dim5/dir.2-1;2-1;1/ordnung.32/(1)^1(2)^2(4)^6/group.305	9	16	16	method=1	log2H=4.00	image=0	bad=0
Z	carat/tables/qcatalog/dim5/dir.2-1;2-1;1/ordnung.32/(1)^1(2)^2(4)^6/group.306	14	16	16	method=1	log2H=4.00	image=0	bad=0
Z	carat/tables/qcatalog/dim5/dir.2-1;2-1;1/ordnung.32/(1)^1(2)^2(4)^6/group.297	18	6	6	method=1	log2H=3.00	image=0	bad=0
Z	carat/tables/qcatalog/dim5/dir.1;1;1;1;1/ordnung.16/(1)^1(4)^4/group.218	14	80	80	method=1	log2H=7.00	image=0	bad=0
Z	carat/tables/qcatalog/dim5/dir.2-1;2-1;1/ordnung.32/(1)^1(4)^6(8)^2/group.313	11	24	24	method=1	log2H=5.00	image=0	bad=0
Z	carat/tables/qcatalog/dim5/dir.2-1;2-1;1/ordnung.64/(1)^1(2)^2(4)^6/group.316	2	96	96	method=1	log2H=7.00	image=0	bad=0
Z	carat/tables/qcatalog/dim5/dir.2-1;2-1;1/ordnung.32/(1)^1(2)^2(4)^6/group.305	10	16	16	method=1	log2H=4.00	image=0	bad=0
Z	carat/tables/qcatalog/dim5/dir.2-1;2-1;1/ordnung.32/(1)^1(4)^6(8)^2/group.314	2	24	24	method=1	log2H=5.00	image=0	bad=0
Z	carat/tables/qcatalog/dim5/dir.2-1;2-1;1/ordnung.32/(1)^1(2)^2(4)^6/group.301	13	8	8	method=1	log2H=3.00	image=0	bad=0
Z	carat/tables/qcatalog/dim5/dir.2-1;2-1;1/ordnung.32/(1)^1(2)^2(4)^6/group.308	11	8	8	method=1	log2H=3.00	image=0	bad=0
Z	carat/tables/qcatalog/dim5/dir.2-1;2-1;1/ordnung.32/(1)^1(2)^2(4)^6/group.297	19	16	16	method=1	log2H=5.00	image=0	bad=0
Z	carat/tables/qcatalog/dim5/dir.2-1;2-1;1/ordnung.32/(1)^1(2)^2(4)^6/group.311	3	16	16	method=1	log2H=4.00	image=0	bad=0
Z	carat/tables/qcatalog/dim5/dir.2-1;2-1;1/ordnung.32/(1)^1(4)^6(8)^2/group.313	12	6	6	method=1	log2H=3.00	image=0	bad=0
Z	carat/tables/qcatalog/dim5/dir.2-1;2-1;1/ordnung.32/(1)^1(4)^6(8)^2/group.314	3	18	18	method=1	log2H=5.00	image=0	bad=0
Z	carat/tables/qcatalog/dim5/dir.2-1;2-1;1/ordnung.32/(1)^1(2)^2(4)^6/group.305	11	8	8	method=1	log2H=3.00	image=0	bad=0
Z	carat/tables/qcatalog/dim5/dir.2-1;2-1;1/ordnung.32/(1)^1(2)^2(4)^6/group.301	14	12	12	method=1	log2H=4.00	image=0	bad=0
Z	carat/tables/qcatalog/dim5/dir.2-1;2-1;1/ordnung.32/(1)^1(2)^2(4)^6/group.311	4	16	16	method=1	log2H=4.00	image=0	bad=0
Z	carat/tables/qcatalog/dim5/dir.1;1;1;1;1/ordnung.8/(1)^1(4)^2(8)^2/min.71	9	76	76	method=1	log2H=8.00	image=0	bad=0
Z	carat/tables/qcatalog/dim5/dir.1;1;1;1;1/ordnung.16/(1)^1(4)^4/group.218	15	60	60	method=1	log2H=7.00	image=0	bad=0
Z	carat/tables/qcatalog/dim5/dir.2-1;2-1;1/ordnung.64/(1)^1(2)^4(4)^4/group.320	4	12	12	method=1	log2H=4.00	image=0	bad=0
Z	carat/tables/qcatalog/dim5/dir.2-1;2-1;1/ordnung.32/(1)^1(4)^6(8)^2/group.314	4	9	9	method=1	log2H=4.00	image=0	bad=0
Z	carat/tables/qcatalog/dim5/dir.2-1;2-1;1/ordnung.32/(1)^1(2)^2(4)^6/group.301	15	40	40	method=1	log2H=6.00	image=0	bad=0
Z	carat/tables/qcatalog/dim5/dir.2-1;2-1;1/ordnung.32/(1)^1(2)^2(4)^6/group.305	12	8	8	method=1	log2H=3.00	image=0	bad=0
Z	carat/tables/qcatalog/dim5/dir.2-1;2-1;1/ordnung.32/(1)^1(2)^2(4)^6/group.306	15	16	16	method=1	log2H=4.00	image=0	bad=0
Z	carat/tables/qcatalog/dim5/dir.2-1;2-1;1/ordnung.64/(1)^1(2)^2(4)^6/group.318	3	64	64	method=1	log2H=6.00	image=0	bad=0
Z	carat/tables/qcatalog/dim5/dir.2-1;2-1;1/ordnung.32/(1)^1(4)^6(8)^2/group.313	13	24	24	method=1	log2H=5.00	image=0	bad=0
Z	carat/tables/qcatalog/dim5/dir.2-1;2-1;1/ordnung.64/(1)^1(2)^2(4)^6/group.316	3	336	336	method=1	log2H=10.00	image=0	bad=0
Z	carat/tables/qcatalog/dim5/dir.2-1;2-1;1/ordnung.32/(1)^1(2)^2(4)^6/group.311	5	8	8	method=1	log2H=3.00	image=0	bad=0
Z	carat/tables/qcatalog/dim5/dir.2-1;2-1;1/ordnung.32/(1)^1(4)^6(8)^2/group.314	5	6	6	method=1	log2H=3.00	image=0	bad=0
Z	carat/tables/qcatalog/dim5/dir.2-1;2-1;1/ordnung.32/(1)^1(2)^2(4)^6/group.301	16	24	24	method=1	log2H=5.00	image=0	bad=0
Z	carat/tables/qcatalog/dim5/dir.2-1;2-1;1/ordnung.32/(1)^1(2)^2(4)^6/group.311	6	12	12	method=1	log2H=4.00	image=0	bad=0
Z	carat/tables/qcatalog/dim5/dir.2-1;2-1;1/ordnung.32/(1)^1(2)^2(4)^6/group.306	16	48	48	method=1	log2H=6.00	image=0	bad=0
Z	carat/tables/qcatalog/dim5/dir.2-1;2-1;1/ordnung.32/(1)^1(4)^6(8)^2/group.314	6	12	12	method=1	log2H=4.00	image=0	bad=0
Z	carat/tables/qcatalog/dim5/dir.2-1;2-1;1/ordnung.64/(1)^1(2)^4(4)^4/group.320	5	20	20	method=1	log2H=5.00	image=0	bad=0
Z	carat/tables/qcatalog/dim5/dir.2-1;2-1;1/ordnung.32/(1)^1(2)^2(4)^6/group.301	17	56	56	method=1	log2H=7.00	image=0	bad=0
Z	carat/tables/qcatalog/dim5/dir.1;1;1;1;1/ordnung.8/(1)^1(4)^2(8)^2/min.71	10	60	60	method=1	log2H=8.00	image=0	bad=0
Z	carat/tables/qcatalog/dim5/dir.2-1;2-1;1/ordnung.64/(1)^1(2)^2(4)^6/group.318	4	64	64	method=1	log2H=6.00	image=0	bad=0
Z	carat/tables/qcatalog/dim5/dir.1;1;1;1;1/ordnung.16/(1)^1(4)^4/group.218	16	60	60	method=1	log2H=7.00	image=0	bad=0
Z	carat/tables/qcatalog/dim5/dir.2-1;2-1;1/ordnung.32/(1)^1(2)^2(4)^6/group.311	7	64	64	method=1	log2H=6.00	image=0	bad=0
Z	carat/tables/qcatalog/dim5/dir.2-1;2-1;1/ordnung.32/(1)^1(2)^2(4)^6/group.306	17	8	8	method=1	log2H=3.00	image=0	bad=0
Z	carat/tables/qcatalog/dim5/dir.2-1;2-1;1/ordnung.32/(1)^1(4)^6(8)^2/group.314	7	4	4	method=1	log2H=2.00	image=0	bad=0
Z	carat/tables/qcatalog/dim5/dir.2-1;2-1;1/ordnung.32/(1)^1(2)^2(4)^6/group.305	13	64	64	method=1	log2H=6.00	image=0	bad=0
Z	carat/tables/qcatalog/dim5/dir.2-1;2-1;1/ordnung.32/(1)^1(2)^2(4)^6/group.301	18	16	16	method=1	log2H=5.00	image=0	bad=0
Z	carat/tables/qcatalog/dim5/dir.2-1;2-1;1/ordnung.32/(1)^1(2)^2(4)^6/group.311	8	16	16	method=1	log2H=4.00	image=0	bad=0
Z	carat/tables/qcatalog/dim5/dir.2-1;2-1;1/ordnung.32/(1)^1(2)^2(4)^6/group.308	12	8	8	method=1	log2H=3.00	image=0	bad=0
Z	carat/tables/qcatalog/dim5/dir.2-1;2-1;1/ordnung.32/(1)^1(2)^2(4)^6/group.306	18	16	16	method=1	log2H=4.00	image=0	bad=0
Z	carat/tables/qcatalog/dim5/dir.2-1;2-1;1/ordnung.32/(1)^1(2)^2(4)^6/group.305	14	16	16	method=1	log2H=4.00	image=0	bad=0
father: level 1 number of orbits 1 lengths 1
Z	carat/tables/qcatalog/dim5/dir.2-1;2-1;1/ordnung.32/(1)^1(4)^6(8)^2/group.314	8	12	12	method=1	log2H=4.00	image=0	bad=0
father: level 1 number of orbits 2 lengths 1
father: level 1 number of orbits 3 lengths 1
father: level 1 number of orbits 4 lengths 1
father: level 2 number of orbits 1 lengths 1
Z	carat/tables/qcatalog/dim5/dir.2-1;2-1;1/ordnung.32/(1)^1(2)^2(4)^6/group.301	19	24	24	method=1	log2H=6.00	image=0	bad=0
Z	carat/tables/qcatalog/dim5/dir.2-1;2-1;1/ordnung.64/(1)^1(2)^2(4)^6/group.316	4	48	48	method=1	log2H=7.00	image=0	bad=0
Z	carat/tables/qcatalog/dim5/dir.2-1;2-1;1/ordnung.32/(1)^1(2)^2(4)^6/group.311	9	16	16	method=1	log2H=4.00	image=0	bad=0
Z	carat/tables/qcatalog/dim5/dir.2-1;2-1;1/ordnung.32/(1)^1(2)^2(4)^6/group.306	19	160	160	method=1	log2H=8.00	image=0	bad=0
Z	carat/tables/qcatalog/dim5/dir.1;1;1;1;1/ordnung.16/(1)^1(4)^4/group.218	17	12	12	method=1	log2H=4.00	image=0	bad=0
Z	carat/tables/qcatalog/dim5/dir.2-1;2-1;1/ordnung.32/(1)^1(4)^6(8)^2/group.314	9	96	96	method=1	log2H=7.00	image=0	bad=0
Z	carat/tables/qcatalog/dim5/dir.2-1;2-1;1/ordnung.32/(1)^1(2)^2(4)^6/group.305	15	16	16	method=1	log2H=4.00	image=0	bad=0
Z	carat/tables/qcatalog/dim5/dir.2-1;2-1;1/ordnung.32/(1)^1(2)^2(4)^6/group.311	10	16	16	method=1	log2H=4.00	image=0	bad=0
father: level 1 number of orbits 1 lengths 2
Z	carat/tables/qcatalog/dim5/dir.2-1;2-1;1/ordnung.32/(1)^1(2)^2(4)^6/group.306	20	24	24	method=1	log2H=5.00	image=0	bad=0
father: level 1 number of orbits 2 lengths 1
father: level 1 number of orbits 3 lengths 1
father: level 2 number of orbits 1 lengths 1
Z	carat/tables/qcatalog/dim5/dir.2-1;2-1;1/ordnung.64/(1)^1(2)^2(4)^6/group.316	5	84	84	method=1	log2H=8.00	image=0	bad=0
Z	carat/tables/qcatalog/dim5/dir.2-1;2-1;1/ordnung.32/(1)^1(4)^6(8)^2/group.314	10	16	16	method=1	log2H=4.00	image=0	bad=0
Z	carat/tables/qcatalog/dim5/dir.2-1;2-1;1/ordnung.32/(1)^1(2)^2(4)^6/group.305	16	16	16	method=1	log2H=4.00	image=0	bad=0
Z	carat/tables/qcatalog/dim5/dir.2-1;2-1;1/ordnung.64/(1)^1(2)^4(4)^4/group.324	1	768	768	method=1	log2H=10.00	image=0	bad=0
father: level 1 number of orbits 1 lengths 1
father: level 1 number of orbits 2 lengths 1
father: level 1 number of orbits 3 lengths 1
father: level 1 number of orbits 4 lengths 1
father: level 2 number of orbits 1 lengths 1
Z	carat/tables/qcatalog/dim5/dir.2-1;2-1;1/ordnung.32/(1)^1(2)^2(4)^6/group.306	21	24	24	method=1	log2H=5.00	image=0	bad=0
Z	carat/tables/qcatalog/dim5/dir.1;1;1;1;1/ordnung.16/(1)^1(4)^4/group.218	18	12	12	method=1	log2H=4.00	image=0	bad=0
Z	carat/tables/qcatalog/dim5/dir.2-1;2-1;1/ordnung.32/(1)^1(2)^2(4)^6/group.311	11	8	8	method=1	log2H=3.00	image=0	bad=0
father: level 1 number of orbits 1 lengths 1
father: level 1 number of orbits 2 lengths 1
father: level 1 number of orbits 3 lengths 1
father: level 1 number of orbits 4 lengths 1
Z	carat/tables/qcatalog/dim5/dir.2-1;2-1;1/ordnung.32/(1)^1(4)^6(8)^2/group.314	11	16	16	method=1	log2H=4.00	image=0	bad=0
father: level 2 number of orbits 1 lengths 1
Z	carat/tables/qcatalog/dim5/dir.2-1;2-1;1/ordnung.32/(1)^1(2)^2(4)^6/group.305	17	8	8	method=1	log2H=3.00	image=0	bad=0
Z	carat/tables/qcatalog/dim5/dir.2-1;2-1;1/ordnung.32/(1)^1(2)^2(4)^6/group.306	22	24	24	method=1	log2H=5.00	image=0	bad=0
Z	carat/tables/qcatalog/dim5/dir.2-1;2-1;1/ordnung.32/(1)^1(2)^2(4)^6/group.311	12	8	8	method=1	log2H=3.00	image=0	bad=0
Z	carat/tables/qcatalog/dim5/dir.2-1;2-1;1/ordnung.64/(1)^1(2)^4(4)^4/group.321	1	528	528	method=1	log2H=10.00	image=0	bad=0
Z	carat/tables/qcatalog/dim5/dir.2-1;2-1;1/ordnung.64/(1)^1(2)^2(4)^6/group.316	6	768	768	method=1	log2H=10.00	image=0	bad=0
Z	carat/tables/qcatalog/dim5/dir.2-1;2-1;1/ordnung.32/(1)^1(4)^6(8)^2/group.314	12	40	40	method=1	log2H=6.00	image=0	bad=0
Z	carat/tables/qcatalog/dim5/dir.2-1;2-1;1/ordnung.32/(1)^1(2)^2(4)^6/group.305	18	8	8	method=1	log2H=3.00	image=0	bad=0
Z	carat/tables/qcatalog/dim5/dir.2-1;2-1;1/ordnung.32/(1)^1(2)^2(4)^6/group.308	13	64	64	method=1	log2H=6.00	image=0	bad=0
Z	carat/tables/qcatalog/dim5/dir.2-1;2-1;1/ordnung.64/(1)^1(2)^4(4)^4/group.324	2	64	64	method=1	log2H=6.00	image=0	bad=0
Z	carat/tables/qcatalog/dim5/dir.2-1;2-1;1/ordnung.32/(1)^1(2)^2(4)^6/group.306	23	12	12	method=1	log2H=4.00	image=0	bad=0
Z	carat/tables/qcatalog/dim5/dir.2-1;2-1;1/ordnung.32/(1)^1(2)^2(4)^6/group.305	19	64	64	method=1	log2H=6.00	image=0	bad=0
Z	carat/tables/qcatalog/dim5/dir.1;1;1;1;1/ordnung.16/(1)^1(4)^4/group.218	19	96	96	method=1	log2H=7.00	image=0	bad=0
Z	carat/tables/qcatalog/dim5/dir.2-1;2-1;1/ordnung.64/(1)^1(2)^4(4)^4/group.322	1	512	512	method=1	log2H=9.00	image=0	bad=0
Z	carat/tables/qcatalog/dim5/dir.2-1;2-1;1/ordnung.32/(1)^1(4)^6(8)^2/group.314	13	8	8	method=1	log2H=3.00	image=0	bad=0
Z	carat/tables/qcatalog/dim5/dir.2-1;2-1;1/ordnung.32/(1)^1(2)^2(4)^6/group.308	14	24	24	method=1	log2H=5.00	image=0	bad=0
Z	carat/tables/qcatalog/dim5/dir.2-1;2-1;1/ordnung.64/(1)^1(2)^2(4)^6/group.318	5	16	16	method=1	log2H=4.00	image=0	bad=0
Z	carat/tables/qcatalog/dim5/dir.2-1;2-1;1/ordnung.64/(1)^1(2)^2(4)^6/group.316	7	160	160	method=1	log2H=8.00	image=0	bad=0
Z	carat/tables/qcatalog/dim5/dir.2-1;2-1;1/ordnung.32/(1)^1(2)^2(4)^6/group.306	24	8	8	method=1	log2H=3.00	image=0	bad=0
Z	carat/tables/qcatalog/dim5/dir.2-1;2-1;1/ordnung.32/(1)^1(4)^6(8)^2/group.314	14	12	12	method=1	log2H=4.00	image=0	bad=0
Z	carat/tables/qcatalog/dim5/dir.2-1;2-1;1/ordnung.64/(1)^1(2)^4(4)^4/group.321	2	128	128	method=1	log2H=7.00	image=0	bad=0
Z	carat/tables/qcatalog/dim5/dir.2-1;2-1;1/ordnung.32/(1)^1(2)^2(4)^6/group.308	15	16	16	method=1	log2H=4.00	image=0	bad=0
Z	carat/tables/qcatalog/dim5/dir.1;1;1;1;1/ordnung.16/(1)^1(4)^4/group.218	20	6	6	method=1	log2H=4.00	image=0	bad=0
Z	carat/tables/qcatalog/dim5/dir.2-1;2-1;1/ordnung.64/(1)^1(2)^4(4)^4/group.322	2	64	64	method=1	log2H=6.00	image=0	bad=0
Z	carat/tables/qcatalog/dim5/dir.2-1;2-1;1/ordnung.64/(1)^1(2)^4(4)^4/group.324	3	96	96	method=1	log2H=7.00	image=0	bad=0
Z	carat/tables/qcatalog/dim5/dir.2-1;2-1;1/ordnung.32/(1)^1(2)^2(4)^6/group.306	25	16	16	method=1	log2H=4.00	image=0	bad=0
Z	carat/tables/qcatalog/dim5/dir.2-1;2-1;1/ordnung.32/(1)^1(4)^6(8)^2/group.314	15	36	36	method=1	log2H=6.00	image=0	bad=0
Z	carat/tables/qcatalog/dim5/dir.2-1;2-1;1/ordnung.32/(1)^1(2)^2(4)^6/group.308	16	16	16	method=1	log2H=4.00	image=0	bad=0
Z	carat/tables/qcatalog/dim5/dir.2-1;2-1;1/ordnung.32/(1)^1(2)^2(4)^6/group.305	20	16	16	method=1	log2H=4.00	image=0	bad=0
father: level 1 number of orbits 1 lengths 2
father: level 1 number of orbits 2 lengths 1
father: level 1 number of orbits 3 lengths 1
father: level 2 number of orbits 1 lengths 1
father: level 2 number of orbits 1 lengths 2
father: level 2 number of orbits 2 lengths 2
Z	carat/tables/qcatalog/dim5/dir.2-1;2-1;1/ordnung.32/(1)^1(2)^2(4)^6/group.306	26	4	4	method=1	log2H=2.00	image=0	bad=0
father: level 3 number of orbits 1 lengths 2
Z	carat/tables/qcatalog/dim5/dir.2-1;2-1;1/ordnung.64/(1)^1(2)^2(4)^6/group.316	8	64	64	method=1	log2H=6.00	image=0	bad=0
Z	carat/tables/qcatalog/dim5/dir.2-1;2-1;1/ordnung.32/(1)^1(4)^6(8)^2/group.314	16	24	24	method=1	log2H=5.00	image=0	bad=0
Z	carat/tables/qcatalog/dim5/dir.1;1;1;1;1/ordnung.16/(1)^1(4)^4/group.218	21	6	6	method=1	log2H=3.00	image=0	bad=0
Z	carat/tables/qcatalog/dim5/dir.2-1;2-1;1/ordnung.64/(1)^1(2)^4(4)^4/group.324	4	96	96	method=1	log2H=7.00	image=0	bad=0
Z	carat/tables/qcatalog/dim5/dir.2-1;2-1;1/ordnung.32/(1)^1(2)^2(4)^6/group.308	17	8	8	method=1	log2H=3.00	image=0	bad=0
Z	carat/tables/qcatalog/dim5/dir.2-1;2-1;1/ordnung.32/(1)^1(2)^2(4)^6/group.306	27	16	16	method=1	log2H=4.00	image=0	bad=0
Z	carat/tables/qcatalog/dim5/dir.2-1;2-1;1/ordnung.32/(1)^1(4)^6(8)^2/group.314	17	52	52	method=1	log2H=7.00	image=0	bad=0
Z	carat/tables/qcatalog/dim5/dir.2-1;2-1;1/ordnung.8/(1)^1(4)^2(8)^2/min.98	1	13	13	method=1	log2H=5.00	image=0	bad=0
Z	carat/tables/qcatalog/dim5/dir.2-1;2-1;1/ordnung.64/(1)^1(2)^2(4)^6/group.316	9	64	64	method=1	log2H=6.00	image=0	bad=0
Z	carat/tables/qcatalog/dim5/dir.2-1;2-1;1/ordnung.64/(1)^1(2)^2(4)^6/group.318	6	32	32	method=1	log2H=5.00	image=0	bad=0
Z	carat/tables/qcatalog/dim5/dir.2-1;2-1;1/ordnung.64/(1)^1(2)^4(4)^4/group.322	3	64	64	method=1	log2H=6.00	image=0	bad=0
Z	carat/tables/qcatalog/dim5/dir.2-1;2-1;1/ordnung.8/(1)^1(4)^2(8)^2/min.98	2	8	8	method=1	log2H=3.00	image=0	bad=0
Z	carat/tables/qcatalog/dim5/dir.2-1;2-1;1/ordnung.32/(1)^1(2)^2(4)^6/group.308	18	12	12	method=1	log2H=4.00	image=0	bad=0
Z	carat/tables/qcatalog/dim5/dir.2-1;2-1;1/ordnung.8/(1)^1(4)^2(8)^2/min.98	3	12	12	method=1	log2H=5.00	image=0	bad=0
Z	carat/tables/qcatalog/dim5/dir.2-1;2-1;1/ordnung.32/(1)^1(4)^6(8)^2/group.314	18	16	16	method=1	log2H=5.00	image=0	bad=0
Z	carat/tables/qcatalog/dim5/dir.2-1;2-1;1/ordnung.8/(1)^1(4)^2(8)^2/min.98	4	5	5	method=1	log2H=3.00	image=0	bad=0
Z	carat/tables/qcatalog/dim5/dir.2-1;2-1;1/ordnung.64/(1)^1(2)^4(4)^4/group.324	5	16	16	method=1	log2H=4.00	image=0	bad=0
Z	carat/tables/qcatalog/dim5/dir.2-1;2-1;1/ordnung.32/(1)^1(2)^2(4)^6/group.308	19	64	64	method=1	log2H=6.00	image=0	bad=0
Z	carat/tables/qcatalog/dim5/dir.2-1;2-1;1/ordnung.8/(1)^1(4)^2(8)^2/min.98	5	6	6	method=1	log2H=3.00	image=0	bad=0
Z	carat/tables/qcatalog/dim5/dir.2-1;2-1;1/ordnung.8/(1)^1(4)^2(8)^2/min.98	6	4	4	method=1	log2H=3.00	image=0	bad=0
Z	carat/tables/qcatalog/dim5/dir.2-1;2-1;1/ordnung.32/(1)^1(4)^6(8)^2/group.314	19	24	24	method=1	log2H=6.00	image=0	bad=0
Z	carat/tables/qcatalog/dim5/dir.2-1;2-1;1/ordnung.32/(1)^1(2)^2(4)^6/group.305	21	16	16	method=1	log2H=4.00	image=0	bad=0
Z	carat/tables/qcatalog/dim5/dir.2-1;2-1;1/ordnung.8/(1)^1(4)^2(8)^2/min.98	7	3	3	method=1	log2H=2.00	image=0	bad=0
Z	carat/tables/qcatalog/dim5/dir.2-1;2-1;1/ordnung.64/(1)^1(2)^2(4)^6/group.316	10	16	16	method=1	log2H=4.00	image=0	bad=0
Z	carat/tables/qcatalog/dim5/dir.2-1;2-1;1/ordnung.8/(1)^1(4)^2(8)^2/min.98	8	4	4	method=1	log2H=3.00	image=0	bad=0
Z	carat/tables/qcatalog/dim5/dir.2-1;2-1;1/ordnung.32/(1)^1(2)^2(4)^6/group.308	20	24	24	method=1	log2H=5.00	image=0	bad=0
Z	carat/tables/qcatalog/dim5/dir.2-1;2-1;1/ordnung.64/(1)^1(2)^4(4)^4/group.324	6	48	48	method=1	log2H=6.00	image=0	bad=0
Z	carat/tables/qcatalog/dim5/dir.2-1;2-1;1/ordnung.32/(1)^1(2)^2(4)^6/group.305	22	16	16	method=1	log2H=4.00	image=0	bad=0
Z	carat/tables/qcatalog/dim5/dir.2-1;2-1;1/ordnung.64/(1)^1(2)^2(4)^6/group.318	7	512	512	method=1	log2H=9.00	image=0	bad=0
Z	carat/tables/qcatalog/dim5/dir.2-1;2-1;1/ordnung.64/(1)^1(2)^4(4)^4/group.322	4	64	64	method=1	log2H=6.00	image=0	bad=0
Z	carat/tables/qcatalog/dim5/dir.1;1;1;1;1/ordnung.8/(1)^1(4)^2(8)^2/min.71	11	20	20	method=1	log2H=5.00	image=0	bad=0
Z	carat/tables/qcatalog/dim5/dir.2-1;2-1;1/ordnung.64/(1)^1(2)^2(4)^6/group.316	11	48	48	method=1	log2H=6.00	image=0	bad=0
Z	carat/tables/qcatalog/dim5/dir.1;1;1;1;1/ordnung.16/(1)^1(4)^4/group.218	22	592	592	method=1	log2H=11.00	image=0	bad=0
Z	carat/tables/qcatalog/dim5/dir.2-1;2-1;1/ordnung.32/(1)^1(2)^2(4)^6/group.308	21	16	16	method=1	log2H=4.00	image=0	bad=0
Z	carat/tables/qcatalog/dim5/dir.2-1;2-1;1/ordnung.32/(1)^1(2)^2(4)^6/group.305	23	8	8	method=1	log2H=3.00	image=0	bad=0
father: level 1 number of orbits 1 lengths 2
father: level 1 number of orbits 2 lengths 1
father: level 1 number of orbits 3 lengths 1
father: level 1 number of orbits 1 lengths 2
father: level 2 number of orbits 1 lengths 1
father: level 1 number of orbits 2 lengths 1
father: level 1 number of orbits 3 lengths 1
father: level 2 number of orbits 1 lengths 1
father: level 2 number of orbits 1 lengths 2
Z	carat/tables/qcatalog/dim5/dir.1;1;1;1;1/ordnung.8/(1)^1(4)^2(8)^2/min.71	12	20	20	method=1	log2H=5.00	image=0	bad=0
father: level 2 number of orbits 1 lengths 2
father: level 2 number of orbits 2 lengths 2
father: level 2 number of orbits 2 lengths 2
father: level 3 number of orbits 1 lengths 2
father: level 3 number of orbits 1 lengths 2
Z	carat/tables/qcatalog/dim5/dir.2-1;2-1;1/ordnung.32/(1)^1(2)^2(4)^6/group.308	22	16	16	method=1	log2H=4.00	image=0	bad=0
Z	carat/tables/qcatalog/dim5/dir.2-1;2-1;1/ordnung.64/(1)^1(2)^2(4)^6/group.318	8	64	64	method=1	log2H=6.00	image=0	bad=0
Z	carat/tables/qcatalog/dim5/dir.2-1;2-1;1/ordnung.64/(1)^1(2)^2(4)^6/group.316	12	672	672	method=1	log2H=11.00	image=0	bad=0
Z	carat/tables/qcatalog/dim5/dir.2-1;2-1;1/ordnung.8/(1)^1(4)^2(8)^2/min.100	1	6	6	method=1	log2H=3.00	image=0	bad=0
Z	carat/tables/qcatalog/dim5/dir.2-1;2-1;1/ordnung.64/(1)^1(2)^4(4)^4/group.322	5	16	16	method=1	log2H=4.00	image=0	bad=0
Z	carat/tables/qcatalog/dim5/dir.2-1;2-1;1/ordnung.64/(1)^1(2)^4(4)^4/group.321	3	72	72	method=1	log2H=7.00	image=0	bad=0
Z	carat/tables/qcatalog/dim5/dir.2-1;2-1;1/ordnung.32/(1)^1(2)^2(4)^6/group.305	24	8	8	method=1	log2H=3.00	image=0	bad=0
Z	carat/tables/qcatalog/dim5/dir.2-1;2-1;1/ordnung.8/(1)^1(4)^2(8)^2/min.100	2	4	4	method=1	log2H=2.00	image=0	bad=0
Z	carat/tables/qcatalog/dim5/dir.1;1;1;1;1/ordnung.16/(1)^1(4)^4/group.218	23	72	72	method=1	log2H=7.00	image=0	bad=0
Z	carat/tables/qcatalog/dim5/dir.1;1;1;1;1/ordnung.8/(1)^1(4)^2(8)^2/min.71	13	13	13	method=1	log2H=5.00	image=0	bad=0
Z	carat/tables/qcatalog/dim5/dir.2-1;2-1;1/ordnung.8/(1)^1(4)^2(8)^2/min.100	3	6	6	method=1	log2H=3.00	image=0	bad=0
Z	carat/tables/qcatalog/dim5/dir.2-1;2-1;1/ordnung.8/(1)^1(4)^2(8)^2/min.99	1	6	6	method=1	log2H=3.00	image=0	bad=0
father: level 1 number of orbits 1 lengths 1
father: level 1 number of orbits 2 lengths 1
father: level 1 number of orbits 3 lengths 1
father: level 1 number of orbits 4 lengths 1
father: level 2 number of orbits 1 lengths 1
Z	carat/tables/qcatalog/dim5/dir.2-1;2-1;1/ordnung.8/(1)^1(4)^2(8)^2/min.100	4	3	3	method=1	log2H=2.00	image=0	bad=0
Z	carat/tables/qcatalog/dim5/dir.2-1;2-1;1/ordnung.8/(1)^1(4)^2(8)^2/min.99	2	4	4	method=1	log2H=2.00	image=0	bad=0
Z	carat/tables/qcatalog/dim5/dir.2-1;2-1;1/ordnung.64/(1)^1(2)^2(4)^6/group.316	13	96	96	method=1	log2H=7.00	image=0	bad=0
Z	carat/tables/qcatalog/dim5/dir.2-1;2-1;1/ordnung.8/(1)^1(4)^2(8)^2/min.100	5	3	3	method=1	log2H=2.00	image=0	bad=0
Z	carat/tables/qcatalog/dim5/dir.2-1;2-1;1/ordnung.8/(1)^1(4)^2(8)^2/min.99	3	6	6	method=1	log2H=3.00	image=0	bad=0
Z	carat/tables/qcatalog/dim5/dir.2-1;2-1;1/ordnung.32/(1)^1(2)^2(4)^6/group.308	23	8	8	method=1	log2H=3.00	image=0	bad=0
Z	carat/tables/qcatalog/dim5/dir.2-1;2-1;1/ordnung.8/(1)^1(4)^2(8)^2/min.100	6	2	2	method=1	log2H=1.00	image=0	bad=0
Z	carat/tables/qcatalog/dim5/dir.2-2',2-2';1/ordnung.12/(1)^1(2)^1(6)^1/group.325	1	2	2	method=1	log2H=1.00	image=0	bad=0
Z	carat/tables/qcatalog/dim5/dir.2-1;2-1;1/ordnung.8/(1)^1(4)^2(8)^2/min.99	4	3	3	method=1	log2H=2.00	image=0	bad=0
Z	carat/tables/qcatalog/dim5/dir.2-1;2-1;1/ordnung.8/(1)^1(4)^2(8)^2/min.100	7	2	2	method=1	log2H=1.00	image=0	bad=0
Z	carat/tables/qcatalog/dim5/dir.2-1;2-1;1/ordnung.64/(1)^1(2)^4(4)^4/group.322	6	32	32	method=1	log2H=5.00	image=0	bad=0
Z	carat/tables/qcatalog/dim5/dir.2-1;2-1;1/ordnung.64/(1)^1(2)^2(4)^6/group.318	9	64	64	method=1	log2H=6.00	image=0	bad=0
Z	carat/tables/qcatalog/dim5/dir.2-1;2-1;1/ordnung.8/(1)^1(4)^2(8)^2/min.99	5	3	3	method=1	log2H=2.00	image=0	bad=0
Z	carat/tables/qcatalog/dim5/dir.2-1;2-1;1/ordnung.8/(1)^1(4)^2(8)^2/min.100	8	2	2	method=1	log2H=1.00	image=0	bad=0
Z	carat/tables/qcatalog/dim5/dir.1;1;1;1;1/ordnung.8/(1)^1(4)^2(8)^2/min.71	14	16	16	method=1	log2H=5.00	image=0	bad=0
Z	carat/tables/qcatalog/dim5/dir.2-1;2-1;1/ordnung.8/(1)^1(4)^2(8)^2/min.99	6	2	2	method=1	log2H=1.00	image=0	bad=0
Z	carat/tables/qcatalog/dim5/dir.2-1;2-1;1/ordnung.64/(1)^1(2)^2(4)^6/group.316	14	72	72	method=1	log2H=7.00	image=0	bad=0
Z	carat/tables/qcatalog/dim5/dir.2-1;2-1;1/ordnung.8/(1)^1(4)^2(8)^2/min.99	7	2	2	method=1	log2H=1.00	image=0	bad=0
Z	carat/tables/qcatalog/dim5/dir.2-1;2-1;1/ordnung.32/(1)^1(2)^2(4)^6/group.308	24	12	12	method=1	log2H=4.00	image=0	bad=0
Z	carat/tables/qcatalog/dim5/dir.2-1;2-1;1/ordnung.64/(1)^1(2)^2(4)^4/group.315	1	512	512	method=1	log2H=9.00	image=0	bad=0
Z	carat/tables/qcatalog/dim5/dir.2-1;2-1;1/ordnung.8/(1)^1(4)^2(8)^2/min.99	8	2	2	method=1	log2H=1.00	image=0	bad=0
Z	carat/tables/qcatalog/dim5/dir.1;1;1;1;1/ordnung.16/(1)^1(4)^4/group.218	24	128	128	method=1	log2H=7.00	image=0	bad=0
Z	carat/tables/qcatalog/dim5/dir.1;1;1;1;1/ordnung.8/(1)^1(4)^2(8)^2/min.71	15	8	8	method=1	log2H=3.00	image=0	bad=0
Z	carat/tables/qcatalog/dim5/dir.2-1;2-1;1/ordnung.64/(1)^1(2)^4(4)^4/group.322	7	512	512	method=1	log2H=9.00	image=0	bad=0
Z	carat/tables/qcatalog/dim5/dir.2-2',2-2';1/ordnung.6/(1)^1(2)^1(6)^1/group.326	1	4	4	method=1	log2H=2.58	image=0	bad=0
Z	carat/tables/qcatalog/dim5/dir.2-1;2-1;1/ordnung.64/(1)^1(2)^2(4)^6/group.318	10	64	64	method=1	log2H=6.00	image=0	bad=0
Z	carat/tables/qcatalog/dim5/dir.2-1;2-1;1/ordnung.64/(1)^1(2)^2(4)^4/group.315	2	64	64	method=1	log2H=6.00	image=0	bad=0
Z	carat/tables/qcatalog/dim5/dir.2-1;2-1;1/ordnung.64/(1)^1(2)^2(4)^6/group.316	15	18	18	method=1	log2H=5.00	image=0	bad=0
Z	carat/tables/qcatalog/dim5/dir.1;1;1;1;1/ordnung.8/(1)^1(4)^2(8)^2/min.71	16	6	6	method=1	log2H=3.00	image=0	bad=0
Z	carat/tables/qcatalog/dim5/dir.2-1;2-1;1/ordnung.64/(1)^1(2)^4(4)^4/group.321	4	20	20	method=1	log2H=5.00	image=0	bad=0
Z	carat/tables/qcatalog/dim5/dir.2-1;2-1;1/ordnung.64/(1)^1(2)^4(4)^4/group.322	8	64	64	method=1	log2H=6.00	image=0	bad=0
father: level 1 number of orbits 1 lengths 1
father: level 1 number of orbits 2 lengths 1
father: level 1 number of orbits 3 lengths 1
father: level 1 number of orbits 4 lengths 1
father: level 2 number of orbits 1 lengths 1
father: level 2 number of orbits 1 lengths 2
father: level 2 number of orbits 2 lengths 2
father: level 3 number of orbits 1 lengths 2
father: level 1 number of orbits 1 lengths 1
father: level 1 number of orbits 2 lengths 1
Z	carat/tables/qcatalog/dim5/dir.1;1;1;1;1/ordnung.8/(1)^1(4)^2(8)^2/min.71	17	20	20	method=1	log2H=5.00	image=0	bad=0
father: level 1 number of orbits 3 lengths 1
father: level 1 number of orbits 4 lengths 1
father: level 2 number of orbits 1 lengths 1
father: level 1 number of orbits 1 lengths 1
father: level 1 number of orbits 2 lengths 1
father: level 1 number of orbits 3 lengths 1
father: level 1 number of orbits 4 lengths 1
father: level 2 number of orbits 1 lengths 1
Z	carat/tables/qcatalog/dim5/dir.2-1;2-1;1/ordnung.64/(1)^1(2)^2(4)^6/group.318	11	16	16	method=1	log2H=4.00	image=0	bad=0
Z	carat/tables/qcatalog/dim5/dir.1;1;1;1;1/ordnung.16/(1)^1(4)^4/group.218	25	16	16	method=1	log2H=4.00	image=0	bad=0
father: level 1 number of orbits 1 lengths 1
Z	carat/tables/qcatalog/dim5/dir.2-1;2-1;1/ordnung.64/(1)^1(2)^4(4)^4/group.321	5	36	36	method=1	log2H=6.00	image=0	bad=0
father: level 1 number of orbits 2 lengths 1
father: level 1 number of orbits 3 lengths 1
Z	carat/tables/qcatalog/dim5/dir.2-1;2-1;1/ordnung.64/(1)^1(2)^2(4)^4/group.315	3	64	64	method=1	log2H=6.00	image=0	bad=0
father: level 1 number of orbits 4 lengths 1
father: level 2 number of orbits 1 lengths 1
Z	carat/tables/qcatalog/dim5/dir.2-1;2-1;1/ordnung.64/(1)^1(2)^4(4)^4/group.322	9	64	64	method=1	log2H=6.00	image=0	bad=0
Z	carat/tables/qcatalog/dim5/dir.1;1;1;1;1/ordnung.8/(1)^1(4)^2(8)^2/min.71	18	4	4	method=1	log2H=3.00	image=0	bad=0
father: level 1 number of orbits 1 lengths 1
father: level 1 number of orbits 2 lengths 1
father: level 1 number of orbits 3 lengths 1
father: level 1 number of orbits 4 lengths 1
father: level 2 number of orbits 1 lengths 1
Z	carat/tables/qcatalog/dim5/dir.2-1;2-1;1/ordnung.64/(1)^1(2)^2(4)^6/group.318	12	32	32	method=1	log2H=5.00	image=0	bad=0
Z	carat/tables/qcatalog/dim5/dir.2-1;2-1;1/ordnung.64/(1)^1(2)^2(4)^4/group.315	4	64	64	method=1	log2H=6.00	image=0	bad=0
Z	carat/tables/qcatalog/dim5/dir.1;1;1;1;1/ordnung.8/(1)^1(4)^2(8)^2/min.71	19	4	4	method=1	log2H=3.00	image=0	bad=0
father: level 1 number of orbits 1 lengths 8
Z	carat/tables/qcatalog/dim5/dir.2-1;2-1;1/ordnung.64/(1)^1(2)^4(4)^4/group.322	10	64	64	method=1	log2H=6.00	image=0	bad=0
Z	carat/tables/qcatalog/dim5/dir.2-2',2-2';1/ordnung.3/(1)^1(6)^1(18)^1/min.101	1	2	2	method=1	log2H=1.58	image=0	bad=0
Z	carat/tables/qcatalog/dim5/dir.2-1;2-1;1/ordnung.32/(1)^1(2)^2(4)^6/group.307	1	240	240	method=1	log2H=9.00	image=0	bad=0
Z	carat/tables/qcatalog/dim5/dir.1;1;1;1;1/ordnung.16/(1)^1(4)^4/group.218	26	16	16	method=1	log2H=4.00	image=0	bad=0
Z	carat/tables/qcatalog/dim5/dir.2-2',2-2';1/ordnung.3/(1)^1(6)^1(18)^1/min.101	2	1	1	method=0	log2H=0.00	image=0	bad=0
father: level 1 number of orbits 1 lengths 1
Z	carat/tables/qcatalog/dim5/dir.1;1;1;1;1/ordnung.8/(1)^1(4)^2(8)^2/min.71	20	5	6	method=1	log2H=3.00	image=0	bad=0
Z	carat/tables/qcatalog/dim5/dir.2-1;2-1;1/ordnung.32/(1)^1(2)^2(4)^6/group.307	2	36	36	method=1	log2H=6.00	image=0	bad=0
father: level 1 number of orbits 2 lengths 1
father: level 1 number of orbits 3 lengths 1
father: level 1 number of orbits 4 lengths 1
father: level 2 number of orbits 1 lengths 1
Z	carat/tables/qcatalog/dim5/dir.2-1;2-1;1/ordnung.32/(1)^1(2)^2(4)^6/group.307	3	36	36	method=1	log2H=6.00	image=0	bad=0
Z	carat/tables/qcatalog/dim5/dir.1;1;1;1;1/ordnung.8/(1)^1(4)^2(8)^2/min.71	21	6	6	method=1	log2H=3.00	image=0	bad=0
Z	carat/tables/qcatalog/dim5/dir.2-1;2-1;1/ordnung.64/(1)^1(2)^2(4)^4/group.315	5	16	16	method=1	log2H=4.00	image=0	bad=0
Z	carat/tables/qcatalog/dim5/dir.2-1;2-1;1/ordnung.64/(1)^1(2)^4(4)^4/group.322	11	16	16	method=1	log2H=4.00	image=0	bad=0
Z	carat/tables/qcatalog/dim5/dir.2-1;2-1;1/ordnung.32/(1)^1(2)^2(4)^6/group.307	4	24	24	method=1	log2H=5.00	image=0	bad=0
Z	carat/tables/qcatalog/dim5/dir.2-1;2-1;1/ordnung.64/(1)^1(2)^2(4)^6/group.316	16	20	20	method=1	log2H=5.00	image=0	bad=0
Z	carat/tables/qcatalog/dim5/dir.2-1;2-1;1/ordnung.32/(1)^1(2)^2(4)^6/group.307	5	12	12	method=1	log2H=4.00	image=0	bad=0
Z	carat/tables/qcatalog/dim5/dir.2-1;2-1;1/ordnung.64/(1)^1(2)^2(4)^4/group.315	6	32	32	method=1	log2H=5.00	image=0	bad=0
Z	carat/tables/qcatalog/dim5/dir.2-1;2-1;1/ordnung.64/(1)^1(2)^4(4)^4/group.322	12	32	32	method=1	log2H=5.00	image=0	bad=0
Z	carat/tables/qcatalog/dim5/dir.2-1;2-1;1/ordnung.32/(1)^1(2)^2(4)^6/group.307	6	12	12	method=1	log2H=4.00	image=0	bad=0
Z	carat/tables/qcatalog/dim5/dir.2-1;2-1;1/ordnung.32/(1)^1(2)^2(4)^6/group.307	7	24	24	method=1	log2H=5.00	image=0	bad=0
Z	carat/tables/qcatalog/dim5/dir.1;1;1;1;1/ordnung.16/(1)^1(4)^4/group.218	27	60	60	method=1	log2H=7.00	image=0	bad=0
Z	carat/tables/qcatalog/dim5/dir.1;1;1;1;1/ordnung.8/(1)^1(4)^2(8)^2/min.71	22	52	52	method=1	log2H=8.00	image=0	bad=0
father: level 1 number of orbits 1 lengths 8
Z	carat/tables/qcatalog/dim5/dir.2-1;2-1;1/ordnung.32/(1)^1(2)^2(4)^6/group.307	8	4	4	method=1	log2H=2.00	image=0	bad=0
Z	carat/tables/qcatalog/dim5/dir.2-2',2-2';1/ordnung.6/(1)^1(6)^1(18)^1/group.328	1	1	1	method=0	log2H=0.00	image=0	bad=0
Z	carat/tables/qcatalog/dim5/dir.2-2',2-2';1/ordnung.6/(1)^1(6)^1(18)^1/group.328	2	1	1	method=0	log2H=0.00	image=0	bad=0
Z	carat/tables/qcatalog/dim5/dir.2-1;2-1;1/ordnung.32/(1)^1(2)^2(4)^6/group.307	9	24	24	method=1	log2H=5.00	image=0	bad=0
Z	carat/tables/qcatalog/dim5/dir.2-1;2-1;1/ordnung.64/(1)^1(2)^2(4)^6/group.316	17	40	40	method=1	log2H=6.00	image=0	bad=0
father: level 1 number of orbits 1 lengths 2
father: level 1 number of orbits 2 lengths 1
father: level 1 number of orbits 3 lengths 1
father: level 2 number of orbits 1 lengths 1
Z	carat/tables/qcatalog/dim5/dir.2-1;2-1;1/ordnung.32/(1)^1(2)^2(4)^6/group.307	10	144	144	method=1	log2H=8.00	image=0	bad=0
Z	carat/tables/qcatalog/dim5/dir.2-1;2-1;1/ordnung.32/(1)^1(2)^2(4)^6/group.309	1	96	96	method=1	log2H=7.00	image=0	bad=0
father: level 1 number of orbits 1 lengths 1
father: level 1 number of orbits 2 lengths 1
father: level 1 number of orbits 3 lengths 1
father: level 1 number of orbits 4 lengths 1
Z	carat/tables/qcatalog/dim5/dir.1;1;1;1;1/ordnung.8/(1)^1(4)^2(8)^2/min.71	23	14	14	method=1	log2H=5.00	image=0	bad=0
father: level 2 number of orbits 1 lengths 1
Z	carat/tables/qcatalog/dim5/dir.1;1;1;1;1/ordnung.16/(1)^1(4)^4/group.218	28	6	6	method=1	log2H=3.00	image=0	bad=0
Z	carat/tables/qcatalog/dim5/dir.2-1;2-1;1/ordnung.32/(1)^1(2)^2(4)^6/group.307	11	24	24	method=1	log2H=5.00	image=0	bad=0
Z	carat/tables/qcatalog/dim5/dir.2-1;2-1;1/ordnung.64/(1)^1(2)^2(4)^6/group.316	18	6	6	method=1	log2H=3.00	image=0	bad=0
Z	carat/tables/qcatalog/dim5/dir.2-1;2-1;1/ordnung.32/(1)^1(2)^2(4)^6/group.309	2	24	24	method=1	log2H=5.00	image=0	bad=0
Z	carat/tables/qcatalog/dim5/dir.2-1;2-1;1/ordnung.32/(1)^1(2)^2(4)^6/group.307	12	24	24	method=1	log2H=5.00	image=0	bad=0
Z	carat/tables/qcatalog/dim5/dir.2-1;2-1;1/ordnung.32/(1)^1(2)^2(4)^6/group.309	3	24	24	method=1	log2H=5.00	image=0	bad=0
Z	carat/tables/qcatalog/dim5/dir.1;1;1;1;1/ordnung.8/(1)^1(4)^2(8)^2/min.71	24	14	14	method=1	log2H=5.00	image=0	bad=0
Z	carat/tables/qcatalog/dim5/dir.2-1;2-1;1/ordnung.32/(1)^1(2)^2(4)^6/group.307	13	40	40	method=1	log2H=6.00	image=0	bad=0
Z	carat/tables/qcatalog/dim5/dir.2-1;2-1;1/ordnung.32/(1)^1(2)^2(4)^6/group.309	4	16	16	method=1	log2H=4.00	image=0	bad=0
father: level 1 number of orbits 1 lengths 1
father: level 1 number of orbits 2 lengths 1
father: level 1 number of orbits 3 lengths 1
father: level 1 number of orbits 4 lengths 1
father: level 2 number of orbits 1 lengths 1
Z	carat/tables/qcatalog/dim5/dir.2-1;2-1;1/ordnung.32/(1)^1(2)^2(4)^6/group.307	14	8	8	method=1	log2H=3.00	image=0	bad=0
father: level 1 number of orbits 1 lengths 1
father: level 1 number of orbits 2 lengths 1
father: level 1 number of orbits 3 lengths 1
Z	carat/tables/qcatalog/dim5/dir.2-1;2-1;1/ordnung.64/(1)^1(2)^2(4)^6/group.316	19	40	40	method=1	log2H=6.00	image=0	bad=0
father: level 1 number of orbits 4 lengths 1
father: level 2 number of orbits 1 lengths 1
Z	carat/tables/qcatalog/dim5/dir.1;1;1;1;1/ordnung.8/(1)^1(4)^2(8)^2/min.71	25	26	26	method=1	log2H=8.00	image=0	bad=0
Z	carat/tables/qcatalog/dim5/dir.2-1;2-1;1/ordnung.32/(1)^1(2)^2(4)^6/group.307	15	18	18	method=1	log2H=5.00	image=0	bad=0
Z	carat/tables/qcatalog/dim5/dir.2-1;2-1;1/ordnung.32/(1)^1(2)^2(4)^6/group.309	5	8	8	method=1	log2H=3.00	image=0	bad=0
Z	carat/tables/qcatalog/dim5/dir.1;1;1;1;1/ordnung.16/(1)^1(4)^4/group.218	29	8	8	method=1	log2H=3.00	image=0	bad=0
Z	carat/tables/qcatalog/dim5/dir.2-2,2-2;1/ordnung.12/(1)^1(2)^2(6)^2/group.330	1	4	4	method=1	log2H=2.58	image=0	bad=0
Z	carat/tables/qcatalog/dim5/dir.2-1;2-1;1/ordnung.32/(1)^1(2)^2(4)^6/group.309	6	12	12	method=1	log2H=4.00	image=0	bad=0
father: level 1 number of orbits 1 lengths 2
Z	carat/tables/qcatalog/dim5/dir.1;1;1;1;1/ordnung.8/(1)^1(4)^2(8)^2/min.71	26	10	10	method=1	log2H=5.00	image=0	bad=0
Z	carat/tables/qcatalog/dim5/dir.2-1;2-1;1/ordnung.32/(1)^1(2)^2(4)^6/group.307	16	144	144	method=1	log2H=8.00	image=0	bad=0
father: level 1 number of orbits 2 lengths 1
father: level 1 number of orbits 3 lengths 1
father: level 2 number of orbits 1 lengths 1
Z	carat/tables/qcatalog/dim5/dir.2-2,2-2;1/ordnung.12/(1)^1(2)^2(6)^2/group.330	2	4	4	method=1	log2H=2.58	image=0	bad=0
Z	carat/tables/qcatalog/dim5/dir.2-1;2-1;1/ordnung.32/(1)^1(2)^2(4)^6/group.307	17	48	48	method=1	log2H=6.00	image=0	bad=0
Z	carat/tables/qcatalog/dim5/dir.2-1;2-1;1/ordnung.32/(1)^1(2)^2(4)^6/group.309	7	96	96	method=1	log2H=7.00	image=0	bad=0
father: level 1 number of orbits 1 lengths 2
father: level 1 number of orbits 2 lengths 1
father: level 1 number of orbits 3 lengths 1
father: level 2 number of orbits 1 lengths 1
Z	carat/tables/qcatalog/dim5/dir.1;1;1;1;1/ordnung.16/(1)^1(4)^4/group.218	30	6	6	method=1	log2H=4.00	image=0	bad=0
Z	carat/tables/qcatalog/dim5/dir.1;1;1;1;1/ordnung.8/(1)^1(4)^2(8)^2/min.71	27	10	10	method=1	log2H=5.00	image=0	bad=0
Z	carat/tables/qcatalog/dim5/dir.2-1;2-1;1/ordnung.32/(1)^1(2)^2(4)^6/group.307	18	24	24	method=1	log2H=5.00	image=0	bad=0
Z	carat/tables/qcatalog/dim5/dir.2-1;2-1;1/ordnung.32/(1)^1(2)^2(4)^6/group.309	8	24	24	method=1	log2H=5.00	image=0	bad=0
Z	carat/tables/qcatalog/dim5/dir.2-1;2-1;1/ordnung.32/(1)^1(2)^2(4)^6/group.307	19	16	16	method=1	log2H=4.00	image=0	bad=0
Z	carat/tables/qcatalog/dim5/dir.2-1;2-1;1/ordnung.64/(1)^1(2)^2(4)^6/group.317	1	272	272	method=1	log2H=9.00	image=0	bad=0
Z	carat/tables/qcatalog/dim5/dir.1;1;1;1;1/ordnung.8/(1)^1(4)^2(8)^2/min.71	28	20	20	method=1	log2H=5.00	image=0	bad=0
Z	carat/tables/qcatalog/dim5/dir.2-1;2-1;1/ordnung.32/(1)^1(2)^2(4)^6/group.309	9	24	24	method=1	log2H=5.00	image=0	bad=0
Z	carat/tables/qcatalog/dim5/dir.2-1;2-1;1/ordnung.64/(1)^1(2)^4(4)^4/group.323	1	512	512	method=1	log2H=9.00	image=0	bad=0
Z	carat/tables/qcatalog/dim5/dir.2-2',2-2';1/ordnung.6/(1)^1(2)^1(6)^1/group.327	1	1	1	method=0	log2H=0.00	image=0	bad=0
Z	carat/tables/qcatalog/dim5/dir.2-1;2-1;1/ordnung.32/(1)^1(2)^2(4)^6/group.307	20	8	8	method=1	log2H=3.00	image=0	bad=0
Z	carat/tables/qcatalog/dim5/dir.2-1;2-1;1/ordnung.32/(1)^1(2)^2(4)^6/group.309	10	16	16	method=1	log2H=4.00	image=0	bad=0
Z	carat/tables/qcatalog/dim5/dir.1;1;1;1;1/ordnung.8/(1)^1(4)^2(8)^2/min.71	29	10	10	method=1	log2H=5.00	image=0	bad=0
Z	carat/tables/qcatalog/dim5/dir.2-1;2-1;1/ordnung.32/(1)^1(2)^2(4)^6/group.307	21	20	20	method=1	log2H=5.00	image=0	bad=0
Z	carat/tables/qcatalog/dim5/dir.2-1;2-1;1/ordnung.64/(1)^1(2)^2(4)^6/group.317	2	64	64	method=1	log2H=6.00	image=0	bad=0
Z	carat/tables/qcatalog/dim5/dir.2-1;2-1;1/ordnung.64/(1)^1(2)^4(4)^4/group.319	1	272	272	method=1	log2H=9.00	image=0	bad=0
Z	carat/tables/qcatalog/dim5/dir.2-1;2-1;1/ordnung.32/(1)^1(2)^2(4)^6/group.309	11	8	8	method=1	log2H=3.00	image=0	bad=0
Z	carat/tables/qcatalog/dim5/dir.2-1;2-1;1/ordnung.32/(1)^1(2)^2(4)^6/group.307	22	96	96	method=1	log2H=7.00	image=0	bad=0
Z	carat/tables/qcatalog/dim5/dir.1;1;1;1;1/ordnung.8/(1)^1(4)^2(8)^2/min.71	30	19	19	method=1	log2H=8.00	image=0	bad=0
Z	carat/tables/qcatalog/dim5/dir.2-1;2-1;1/ordnung.32/(1)^1(2)^2(4)^6/group.309	12	12	12	method=1	log2H=4.00	image=0	bad=0
Z	carat/tables/qcatalog/dim5/dir.2-1;2-1;1/ordnung.32/(1)^1(2)^2(4)^6/group.307	23	32	32	method=1	log2H=5.00	image=0	bad=0
Z	carat/tables/qcatalog/dim5/dir.1;1;1;1;1/ordnung.16/(1)^1(4)^4/group.218	31	408	408	method=1	log2H=11.00	image=0	bad=0
Z	carat/tables/qcatalog/dim5/dir.1;1;1;1;1/ordnung.8/(1)^1(4)^2(8)^2/min.71	31	3	3	method=1	log2H=3.00	image=0	bad=0
Z	carat/tables/qcatalog/dim5/dir.2-1;2-1;1/ordnung.64/(1)^1(2)^2(4)^6/group.317	3	48	48	method=1	log2H=6.00	image=0	bad=0
Z	carat/tables/qcatalog/dim5/dir.2-1;2-1;1/ordnung.64/(1)^1(2)^4(4)^4/group.323	2	64	64	method=1	log2H=6.00	image=0	bad=0
Z	carat/tables/qcatalog/dim5/dir.2-2,2-2;1/ordnung.12/(1)^1(2)^2(6)^2/group.329	1	3	3	method=1	log2H=2.00	image=0	bad=0
Z	carat/tables/qcatalog/dim5/dir.2-1;2-1;1/ordnung.32/(1)^1(2)^2(4)^6/group.307	24	120	120	method=1	log2H=8.00	image=0	bad=0
Z	carat/tables/qcatalog/dim5/dir.1;1;1;1;1/ordnung.8/(1)^1(4)^2(8)^2/min.71	32	2	2	method=1	log2H=2.00	image=0	bad=0
Z	carat/tables/qcatalog/dim5/dir.2-2,2-2;1/ordnung.12/(1)^1(2)^2(6)^2/group.329	2	4	4	method=1	log2H=2.00	image=0	bad=0
Z	carat/tables/qcatalog/dim5/dir.2-1;2-1;1/ordnung.64/(1)^1(2)^4(4)^4/group.319	2	64	64	method=1	log2H=6.00	image=0	bad=0
Z	carat/tables/qcatalog/dim5/dir.2-1;2-1;1/ordnung.32/(1)^1(2)^2(4)^6/group.307	25	24	24	method=1	log2H=5.00	image=0	bad=0
Z	carat/tables/qcatalog/dim5/dir.1;1;1;1;1/ordnung.8/(1)^1(4)^2(8)^2/min.71	33	3	3	method=1	log2H=3.00	image=0	bad=0
Z	carat/tables/qcatalog/dim5/dir.1;1;1;1;1/ordnung.16/(1)^1(4)^4/group.218	32	22	22	method=1	log2H=7.00	image=0	bad=0
Z	carat/tables/qcatalog/dim5/dir.2-1;2-1;1/ordnung.64/(1)^1(2)^2(4)^6/group.317	4	12	12	method=1	log2H=4.00	image=0	bad=0
Z	carat/tables/qcatalog/dim5/dir.2-1;2-1;1/ordnung.32/(1)^1(2)^2(4)^6/group.307	26	24	24	method=1	log2H=5.00	image=0	bad=0
father: level 1 number of orbits 1 lengths 8
father: level 1 number of orbits 1 lengths 2
Z	carat/tables/qcatalog/dim5/dir.2-1;2-1;1/ordnung.64/(1)^1(2)^4(4)^4/group.323	3	64	64	method=1	log2H=6.00	image=0	bad=0
Z	carat/tables/qcatalog/dim5/dir.2-1;2-1;1/ordnung.32/(1)^1(2)^2(4)^6/group.307	27	40	40	method=1	log2H=6.00	image=0	bad=0
Z	carat/tables/qcatalog/dim5/dir.2-1;2-1;1/ordnung.64/(1)^1(2)^2(4)^6/group.317	5	20	20	method=1	log2H=5.00	image=0	bad=0
Z	carat/tables/qcatalog/dim5/dir.2-1;2-1;1/ordnung.64/(1)^1(2)^4(4)^4/group.319	3	40	40	method=1	log2H=6.00	image=0	bad=0
Z	carat/tables/qcatalog/dim5/dir.2-2,2-2;1/ordnung.12/(1)^1(6)^4/group.332	1	2	2	method=1	log2H=1.00	image=0	bad=0
Z	carat/tables/qcatalog/dim5/dir.1;1;1;1;1/ordnung.16/(1)^1(4)^4/group.218	33	22	22	method=1	log2H=7.00	image=0	bad=0
Z	carat/tables/qcatalog/dim5/dir.2-2,2-2;1/ordnung.12/(1)^1(6)^4/group.332	2	2	2	method=1	log2H=1.00	image=0	bad=0
Z	carat/tables/qcatalog/dim5/dir.2-2,2-2;1/ordnung.12/(1)^1(6)^4/group.332	3	2	2	method=1	log2H=1.00	image=0	bad=0
Z	carat/tables/qcatalog/dim5/dir.2-1;2-1;1/ordnung.64/(1)^1(2)^4(4)^4/group.323	4	64	64	method=1	log2H=6.00	image=0	bad=0
Z	carat/tables/qcatalog/dim5/dir.2-2,2-2;1/ordnung.12/(1)^1(6)^4/group.332	4	2	2	method=1	log2H=1.00	image=0	bad=0
Z	carat/tables/qcatalog/dim5/dir.2-2,2-2;1/ordnung.12/(1)^1(6)^4/group.332	5	2	2	method=1	log2H=1.00	image=0	bad=0
Z	carat/tables/qcatalog/dim5/dir.2-1;2-1;1/ordnung.64/(1)^1(2)^4(4)^4/group.319	4	10	10	method=1	log2H=4.00	image=0	bad=0
Z	carat/tables/qcatalog/dim5/dir.2-1;2-1;1/ordnung.64/(1)^1(2)^4(4)^4/group.319	5	30	30	method=1	log2H=6.00	image=0	bad=0
Z	carat/tables/qcatalog/dim5/dir.2-1;2-1;1/ordnung.64/(1)^1(2)^4(4)^4/group.323	5	16	16	method=1	log2H=4.00	image=0	bad=0
Z	carat/tables/qcatalog/dim5/dir.2-1;2-1;1/ordnung.64/(1)^1(2)^4(4)^4/group.319	6	512	512	method=1	log2H=9.00	image=0	bad=0
Z	carat/tables/qcatalog/dim5/dir.2-1;2-1;1/ordnung.64/(1)^1(2)^4(4)^4/group.323	6	32	32	method=1	log2H=5.00	image=0	bad=0
Z	carat/tables/qcatalog/dim5/dir.2-1;2-1;1/ordnung.64/(1)^1(2)^4(4)^4/group.319	7	64	64	method=1	log2H=6.00	image=0	bad=0
Z	carat/tables/qcatalog/dim5/dir.1;1;1;1;1/ordnung.16/(1)^1(4)^4/group.218	34	576	576	method=1	log2H=11.00	image=0	bad=0
Z	carat/tables/qcatalog/dim5/dir.2-1;2-1;1/ordnung.64/(1)^1(2)^4(4)^4/group.323	7	512	512	method=1	log2H=9.00	image=0	bad=0
Z	carat/tables/qcatalog/dim5/dir.2-1;2-1;1/ordnung.64/(1)^1(2)^4(4)^4/group.319	8	64	64	method=1	log2H=6.00	image=0	bad=0
Z	carat/tables/qcatalog/dim5/dir.1;1;1;1;1/ordnung.16/(1)^1(4)^4/group.218	35	80	80	method=1	log2H=7.00	image=0	bad=0
Z	carat/tables/qcatalog/dim5/dir.2-1;2-1;1/ordnung.64/(1)^1(2)^4(4)^4/group.323	8	64	64	method=1	log2H=6.00	image=0	bad=0
Z	carat/tables/qcatalog/dim5/dir.2-1;2-1;1/ordnung.64/(1)^1(2)^4(4)^4/group.319	9	64	64	method=1	log2H=6.00	image=0	bad=0
Z	carat/tables/qcatalog/dim5/dir.1;1;1;1;1/ordnung.16/(1)^1(4)^4/group.218	36	72	72	method=1	log2H=7.00	image=0	bad=0
Z	carat/tables/qcatalog/dim5/dir.2-2;1,1,1/ordnung.12/(1)^1(3)^2/group.334	1	2	2	method=1	log2H=3.00	image=0	bad=0
Z	carat/tables/qcatalog/dim5/dir.2-1;2-1;1/ordnung.64/(1)^1(2)^4(4)^4/group.319	10	16	16	method=1	log2H=4.00	image=0	bad=0
Z	carat/tables/qcatalog/dim5/dir.2-1;2-1;1/ordnung.64/(1)^1(2)^4(4)^4/group.323	9	64	64	method=1	log2H=6.00	image=0	bad=0
Z	carat/tables/qcatalog/dim5/dir.2-1;2-1;1/ordnung.64/(1)^1(2)^4(4)^4/group.319	11	32	32	method=1	log2H=5.00	image=0	bad=0
Z	carat/tables/qcatalog/dim5/dir.1;1;1;1;1/ordnung.16/(1)^1(4)^4/group.218	37	56	56	method=1	log2H=7.00	image=0	bad=0
Z	carat/tables/qcatalog/dim5/dir.2-1;2-1;1/ordnung.64/(1)^1(2)^4(4)^4/group.323	10	96	96	method=1	log2H=7.00	image=0	bad=0
Z	carat/tables/qcatalog/dim5/dir.2-1;2-1;1/ordnung.64/(1)^1(2)^4(4)^4/group.319	12	272	272	method=1	log2H=9.00	image=0	bad=0
Z	carat/tables/qcatalog/dim5/dir.2-1;2-1;1/ordnung.64/(1)^1(2)^4(4)^4/group.319	13	64	64	method=1	log2H=6.00	image=0	bad=0
Z	carat/tables/qcatalog/dim5/dir.1;1;1;1;1/ordnung.16/(1)^1(4)^4/group.218	38	80	80	method=1	log2H=7.00	image=0	bad=0
Z	carat/tables/qcatalog/dim5/dir.2-1;2-1;1/ordnung.64/(1)^1(2)^4(4)^4/group.323	11	16	16	method=1	log2H=4.00	image=0	bad=0
father: level 1 number of orbits 1 lengths 3
father: level 1 number of orbits 2 lengths 2
father: level 2 number of orbits 1 lengths 6
Z	carat/tables/qcatalog/dim5/dir.2-1;2-1;1/ordnung.64/(1)^1(2)^4(4)^4/group.319	14	40	40	method=1	log2H=6.00	image=0	bad=0
Z	carat/tables/qcatalog/dim5/dir.2-2;1,1;1/ordnung.12/(1)^1(3)^2(24)^1/group.345	1	4	4	method=1	log2H=3.00	image=0	bad=0
Z	carat/tables/qcatalog/dim5/dir.2-2,2-2;1/ordnung.24/(1)^1(2)^2(6)^2/group.333	1	3	3	method=1	log2H=2.00	image=0	bad=0
Z	carat/tables/qcatalog/dim5/dir.2-2;1,1;1/ordnung.12/(1)^1(3)^2(24)^1/group.345	2	2	2	method=1	log2H=1.00	image=0	bad=0
Z	carat/tables/qcatalog/dim5/dir.1;1;1;1;1/ordnung.16/(1)^1(4)^4/group.218	39	44	44	method=1	log2H=7.00	image=0	bad=0
Z	carat/tables/qcatalog/dim5/dir.2-1;2-1;1/ordnung.64/(1)^1(2)^4(4)^4/group.323	12	48	48	method=1	log2H=6.00	image=0	bad=0
Z	carat/tables/qcatalog/dim5/dir.2-2;1,1;1/ordnung.12/(1)^1(3)^2(24)^1/group.345	3	4	4	method=1	log2H=3.00	image=0	bad=0
Z	carat/tables/qcatalog/dim5/dir.2-2,2-2;1/ordnung.24/(1)^1(2)^2(6)^2/group.333	2	4	4	method=1	log2H=2.00	image=0	bad=0
Z	carat/tables/qcatalog/dim5/dir.2-1;2-1;1/ordnung.64/(1)^1(2)^4(4)^4/group.319	15	12	12	method=1	log2H=4.00	image=0	bad=0
Z	carat/tables/qcatalog/dim5/dir.2-2,2-2;1/ordnung.12/(1)^1(2)^2(6)^2/group.331	1	2	2	method=1	log2H=1.00	image=0	bad=0
Z	carat/tables/qcatalog/dim5/dir.2-2;1,1;1/ordnung.12/(1)^1(3)^2(24)^1/group.345	4	2	2	method=1	log2H=1.00	image=0	bad=0
Z	carat/tables/qcatalog/dim5/dir.2-2,2-2;1/ordnung.12/(1)^1(2)^2(6)^2/group.331	2	2	2	method=1	log2H=1.00	image=0	bad=0
Z	carat/tables/qcatalog/dim5/dir.2-2,2-2;1/ordnung.12/(1)^1(2)^2(6)^2/group.331	3	2	2	method=1	log2H=1.00	image=0	bad=0
Z	carat/tables/qcatalog/dim5/dir.2-1;2-1;1/ordnung.64/(1)^1(2)^4(4)^4/group.319	16	20	20	method=1	log2H=5.00	image=0	bad=0
Z	carat/tables/qcatalog/dim5/dir.1;1;1;1;1/ordnung.16/(1)^1(4)^4/group.218	40	56	56	method=1	log2H=7.00	image=0	bad=0
father: level 1 number of orbits 1 lengths 3
father: level 1 number of orbits 2 lengths 8
father: level 2 number of orbits 1 lengths 24
father: level 1 number of orbits 1 lengths 26
Z	carat/tables/qcatalog/dim5/dir.2-2;1,1;1/ordnung.12/(1)^2(3)^1(72)^1/group.347	1	4	4	method=1	log2H=3.00	image=0	bad=0
Z	carat/tables/qcatalog/dim5/dir.2-2;1,1;1/ordnung.12/(1)^2(3)^1(72)^1/group.347	2	2	2	method=1	log2H=1.00	image=0	bad=0
Z	carat/tables/qcatalog/dim5/dir.2-2;1,1,1/ordnung.3/(1)^1(3)^1(27)^1/min.104	1	2	2	method=1	log2H=4.75	image=0	bad=0
Z	carat/tables/qcatalog/dim5/dir.2-2;1,1;1/ordnung.12/(1)^2(3)^1(72)^1/group.347	3	4	4	method=1	log2H=3.00	image=0	bad=0
Z	carat/tables/qcatalog/dim5/dir.2-2;1,1,1/ordnung.3/(1)^1(3)^1(27)^1/min.104	2	2	2	method=1	log2H=3.17	image=0	bad=0
Z	carat/tables/qcatalog/dim5/dir.2-2;1,1;1/ordnung.12/(1)^2(3)^1(72)^1/group.347	4	2	2	method=1	log2H=1.00	image=0	bad=0
Z	carat/tables/qcatalog/dim5/dir.1;1;1;1;1/ordnung.16/(1)^1(4)^4/group.218	41	72	72	method=1	log2H=7.00	image=0	bad=0
Z	carat/tables/qcatalog/dim5/dir.2-2;1,1,1/ordnung.12/(1)^2(3)^3/group.338	1	4	4	method=1	log2H=7.75	image=0	bad=0
Z	carat/tables/qcatalog/dim5/dir.1;1;1;1;1/ordnung.16/(1)^1(4)^4/group.218	42	226	226	method=1	log2H=11.00	image=0	bad=0
father: level 1 number of orbits 1 lengths 3
Z	carat/tables/qcatalog/dim5/dir.2-2;1,1;1/ordnung.12/(1)^3(24)^1/group.355	1	20	20	method=1	log2H=8.17	image=0	bad=0
father: level 1 number of orbits 1 lengths 2
Z	carat/tables/qcatalog/dim5/dir.2-2;1,1;1/ordnung.12/(1)^3(24)^1/group.355	2	12	12	method=1	log2H=6.17	image=0	bad=0
father: level 1 number of orbits 1 lengths 8
father: level 1 number of orbits 1 lengths 3
Z	carat/tables/qcatalog/dim5/dir.2-2,2-2;1/ordnung.6/(1)^1(6)^4/min.102	1	2	2	method=1	log2H=1.58	image=0	bad=0
Z	carat/tables/qcatalog/dim5/dir.2-2;1,1;1/ordnung.12/(1)^3(24)^1/group.353	1	4	4	method=1	log2H=3.00	image=0	bad=0
Z	carat/tables/qcatalog/dim5/dir.2-2,2-2;1/ordnung.6/(1)^1(6)^4/min.102	2	1	1	method=0	log2H=0.00	image=0	bad=0
Z	carat/tables/qcatalog/dim5/dir.2-2;1,1;1/ordnung.12/(1)^3(24)^1/group.353	2	2	2	method=1	log2H=1.00	image=0	bad=0
Z	carat/tables/qcatalog/dim5/dir.2-2,2-2;1/ordnung.6/(1)^1(6)^4/min.102	3	2	2	method=1	log2H=1.58	image=0	bad=0
Z	carat/tables/qcatalog/dim5/dir.2-2,2-2;1/ordnung.6/(1)^1(6)^4/min.102	4	1	1	method=0	log2H=0.00	image=0	bad=0
Z	carat/tables/qcatalog/dim5/dir.2-2,2-2;1/ordnung.6/(1)^1(6)^4/min.102	5	2	2	method=1	log2H=1.58	image=0	bad=0
Z	carat/tables/qcatalog/dim5/dir.2-2;1,1,1/ordnung.6/(1)^1(3)^2/group.341	1	4	4	method=1	log2H=7.75	image=0	bad=0
father: level 1 number of orbits 1 lengths 3
father: level 1 number of orbits 1 lengths 3
father: level 1 number of orbits 1 lengths 3
father: level 1 number of orbits 2 lengths 8
father: level 1 number of orbits 2 lengths 8
father: level 1 number of orbits 1 lengths 3
father: level 1 number of orbits 2 lengths 8
father: level 2 number of orbits 1 lengths 24
father: level 2 number of orbits 1 lengths 24
father: level 2 number of orbits 1 lengths 24
father: level 1 number of orbits 1 lengths 3
father: level 1 number of orbits 2 lengths 2
father: level 1 number of orbits 1 lengths 3
father: level 2 number of orbits 1 lengths 6
father: level 1 number of orbits 1 lengths 3
Z	carat/tables/qcatalog/dim5/dir.2-2;1,1;1/ordnung.12/(1)^3(24)^1/group.354	1	16	16	method=1	log2H=5.58	image=0	bad=0
Z	carat/tables/qcatalog/dim5/dir.2-2;1,1;1/ordnung.12/(1)^2(3)^3(24)^1/group.349	1	8	8	method=1	log2H=4.58	image=0	bad=0
Z	carat/tables/qcatalog/dim5/dir.2-2;1,1;1/ordnung.12/(1)^3(24)^1/group.354	2	6	6	method=1	log2H=3.58	image=0	bad=0
Z	carat/tables/qcatalog/dim5/dir.2-2;1,1;1/ordnung.12/(1)^2(3)^3(24)^1/group.349	2	4	4	method=1	log2H=2.58	image=0	bad=0
Z	carat/tables/qcatalog/dim5/dir.2-2;1,1;1/ordnung.12/(1)^2(3)^3(24)^1/group.351	1	8	8	method=1	log2H=6.17	image=0	bad=0
Z	carat/tables/qcatalog/dim5/dir.2-2;1,1;1/ordnung.12/(1)^2(3)^3(24)^1/group.349	3	8	8	method=1	log2H=4.58	image=0	bad=0
Z	carat/tables/qcatalog/dim5/dir.2-2;1,1;1/ordnung.12/(1)^1(3)^4(72)^1/group.346	1	4	4	method=1	log2H=3.00	image=0	bad=0
Z	carat/tables/qcatalog/dim5/dir.2-2;1,1;1/ordnung.12/(1)^2(3)^3(24)^1/group.351	2	4	4	method=1	log2H=4.17	image=0	bad=0
Z	carat/tables/qcatalog/dim5/dir.2-2;1,1;1/ordnung.12/(1)^2(3)^3(24)^1/group.349	4	4	4	method=1	log2H=2.58	image=0	bad=0
Z	carat/tables/qcatalog/dim5/dir.2-2;1,1;1/ordnung.12/(1)^1(3)^4(72)^1/group.346	2	2	2	method=1	log2H=1.00	image=0	bad=0
Z	carat/tables/qcatalog/dim5/dir.2-2;1,1;1/ordnung.12/(1)^2(3)^3(24)^1/group.351	3	8	8	method=1	log2H=4.58	image=0	bad=0
Z	carat/tables/qcatalog/dim5/dir.2-2;1,1;1/ordnung.12/(1)^2(3)^3(24)^1/group.349	5	8	8	method=1	log2H=4.58	image=0	bad=0
Z	carat/tables/qcatalog/dim5/dir.2-2;1,1;1/ordnung.12/(1)^1(3)^4(72)^1/group.346	3	4	4	method=1	log2H=3.00	image=0	bad=0
Z	carat/tables/qcatalog/dim5/dir.2-2;1,1;1/ordnung.12/(1)^2(3)^3(24)^1/group.351	4	4	4	method=1	log2H=2.58	image=0	bad=0
Z	carat/tables/qcatalog/dim5/dir.2-2;1,1;1/ordnung.12/(1)^2(3)^3(24)^1/group.349	6	4	4	method=1	log2H=2.58	image=0	bad=0
Z	carat/tables/qcatalog/dim5/dir.2-2;1,1;1/ordnung.12/(1)^1(3)^4(72)^1/group.346	4	2	2	method=1	log2H=1.00	image=0	bad=0
Z	carat/tables/qcatalog/dim5/dir.2-2;1,1;1/ordnung.12/(1)^2(3)^3(24)^1/group.351	5	8	8	method=1	log2H=6.17	image=0	bad=0
Z	carat/tables/qcatalog/dim5/dir.2-2;1,1;1/ordnung.12/(1)^1(3)^4(72)^1/group.346	5	4	4	method=1	log2H=3.00	image=0	bad=0
Z	carat/tables/qcatalog/dim5/dir.2-2;1,1;1/ordnung.12/(1)^2(3)^3(24)^1/group.351	6	4	4	method=1	log2H=4.17	image=0	bad=0
Z	carat/tables/qcatalog/dim5/dir.2-2;1,1;1/ordnung.12/(1)^1(3)^4(72)^1/group.346	6	2	2	method=1	log2H=1.00	image=0	bad=0
Z	carat/tables/qcatalog/dim5/dir.2-2;1,1;1/ordnung.12/(1)^1(3)^4(72)^1/group.346	7	4	4	method=1	log2H=3.00	image=0	bad=0
Z	carat/tables/qcatalog/dim5/dir.2-2;1,1;1/ordnung.12/(1)^1(3)^4(72)^1/group.346	8	2	2	method=1	log2H=1.00	image=0	bad=0
father: level 1 number of orbits 1 lengths 3
father: level 1 number of orbits 1 lengths 3
father: level 1 number of orbits 2 lengths 8
father: level 2 number of orbits 1 lengths 24
Z	carat/tables/qcatalog/dim5/dir.2-2;1,1;1/ordnung.12/(1)^2(3)^3(24)^1/group.348	1	8	8	method=1	log2H=4.00	image=0	bad=0
Z	carat/tables/qcatalog/dim5/dir.2-2;1,1;1/ordnung.12/(1)^2(3)^3(24)^1/group.348	2	3	3	method=1	log2H=2.00	image=0	bad=0
Z	carat/tables/qcatalog/dim5/dir.2-2;1,1;1/ordnung.12/(1)^2(3)^3(24)^1/group.348	3	8	8	method=1	log2H=4.00	image=0	bad=0
Z	carat/tables/qcatalog/dim5/dir.2-2;1,1;1/ordnung.12/(1)^2(3)^3(24)^1/group.348	4	3	3	method=1	log2H=2.00	image=0	bad=0
Z	carat/tables/qcatalog/dim5/dir.2-2;1,1;1/ordnung.12/(1)^2(3)^3(24)^1/group.348	5	8	8	method=1	log2H=4.00	image=0	bad=0
Z	carat/tables/qcatalog/dim5/dir.2-2;1,1;1/ordnung.12/(1)^2(3)^3(24)^1/group.348	6	3	3	method=1	log2H=2.00	image=0	bad=0
father: level 1 number of orbits 1 lengths 26
Z	carat/tables/qcatalog/dim5/dir.2-2;1,1,1/ordnung.6/(1)^1(3)^1(27)^1/group.340	1	1	1	method=0	log2H=0.00	image=0	bad=0
Z	carat/tables/qcatalog/dim5/dir.2-2;1,1,1/ordnung.6/(1)^1(3)^1(27)^1/group.340	2	1	1	method=0	log2H=0.00	image=0	bad=0
Z	carat/tables/qcatalog/dim5/dir.2-2;1,1,1/ordnung.24/(1)^2(3)^3/group.339	1	5	5	method=1	log2H=6.00	image=0	bad=0
father: level 1 number of orbits 1 lengths 3
father: level 1 number of orbits 1 lengths 3
Z	carat/tables/qcatalog/dim5/dir.2-2;1,1;1/ordnung.12/(1)^4(3)^1(24)^1/group.361	1	20	20	method=1	log2H=6.58	image=0	bad=0
Z	carat/tables/qcatalog/dim5/dir.2-2;1,1;1/ordnung.12/(1)^4(3)^1(24)^1/group.361	2	12	12	method=1	log2H=4.58	image=0	bad=0
Z	carat/tables/qcatalog/dim5/dir.2-2;1,1;1/ordnung.12/(1)^3(24)^1/group.352	1	4	4	method=1	log2H=3.00	image=0	bad=0
father: level 1 number of orbits 1 lengths 3
father: level 1 number of orbits 1 lengths 3
Z	carat/tables/qcatalog/dim5/dir.2-2;1,1;1/ordnung.12/(1)^3(24)^1/group.352	2	2	2	method=1	log2H=1.00	image=0	bad=0
father: level 1 number of orbits 2 lengths 2
father: level 2 number of orbits 1 lengths 6
Z	carat/tables/qcatalog/dim5/dir.2-2;1,1;1/ordnung.12/(1)^3(3)^2(72)^1/group.356	1	8	8	method=1	log2H=4.00	image=0	bad=0
Z	carat/tables/qcatalog/dim5/dir.2-2;1,1;1/ordnung.12/(1)^3(3)^2(72)^1/group.356	2	3	3	method=1	log2H=2.00	image=0	bad=0
father: level 1 number of orbits 1 lengths 2
Z	carat/tables/qcatalog/dim5/dir.2-2;1,1;1/ordnung.12/(1)^3(3)^2(72)^1/group.356	3	8	8	method=1	log2H=4.00	image=0	bad=0
father: level 1 number of orbits 1 lengths 8
Z	carat/tables/qcatalog/dim5/dir.2-2;1,1;1/ordnung.12/(1)^3(3)^2(72)^1/group.356	4	3	3	method=1	log2H=2.00	image=0	bad=0
Z	carat/tables/qcatalog/dim5/dir.2-2;1,1;1/ordnung.12/(1)^3(3)^2(72)^1/group.356	5	8	8	method=1	log2H=4.00	image=0	bad=0
Z	carat/tables/qcatalog/dim5/dir.2-2,2-2;1/ordnung.6/(1)^1(6)^4/min.103	1	2	2	method=1	log2H=1.00	image=0	bad=0
Z	carat/tables/qcatalog/dim5/dir.2-2,2-2;1/ordnung.6/(1)^1(6)^4/min.103	2	2	2	method=1	log2H=1.00	image=0	bad=0
Z	carat/tables/qcatalog/dim5/dir.2-2;1,1;1/ordnung.12/(1)^3(3)^2(72)^1/group.356	6	3	3	method=1	log2H=2.00	image=0	bad=0
Z	carat/tables/qcatalog/dim5/dir.2-2,2-2;1/ordnung.6/(1)^1(6)^4/min.103	3	2	2	method=1	log2H=1.00	image=0	bad=0
Z	carat/tables/qcatalog/dim5/dir.2-2,2-2;1/ordnung.6/(1)^1(6)^4/min.103	4	2	2	method=1	log2H=1.00	image=0	bad=0
Z	carat/tables/qcatalog/dim5/dir.2-2,2-2;1/ordnung.6/(1)^1(6)^4/min.103	5	2	2	method=1	log2H=1.00	image=0	bad=0
father: level 1 number of orbits 1 lengths 3
father: level 1 number of orbits 2 lengths 2
father: level 2 number of orbits 1 lengths 6
father: level 1 number of orbits 1 lengths 3
Z	carat/tables/qcatalog/dim5/dir.2-2;1,1;1/ordnung.12/(1)^3(3)^2(72)^1/group.357	1	8	8	method=1	log2H=4.58	image=0	bad=0
Z	carat/tables/qcatalog/dim5/dir.2-2;1,1;1/ordnung.12/(1)^3(3)^2(72)^1/group.357	2	4	4	method=1	log2H=2.58	image=0	bad=0
Z	carat/tables/qcatalog/dim5/dir.2-2;1,1;1/ordnung.12/(1)^3(3)^2(72)^1/group.357	3	4	4	method=1	log2H=3.00	image=0	bad=0
Z	carat/tables/qcatalog/dim5/dir.2-2;1,1;1/ordnung.12/(1)^3(3)^2(72)^1/group.357	4	2	2	method=1	log2H=1.00	image=0	bad=0
father: level 1 number of orbits 1 lengths 3
father: level 1 number of orbits 2 lengths 2
father: level 2 number of orbits 1 lengths 6
Z	carat/tables/qcatalog/dim5/dir.2-2;1,1;1/ordnung.12/(1)^3(3)^2(72)^1/group.357	5	8	8	method=1	log2H=4.58	image=0	bad=0
father: level 1 number of orbits 1 lengths 3
Z	carat/tables/qcatalog/dim5/dir.2-2;1,1;1/ordnung.12/(1)^3(3)^2(72)^1/group.357	6	4	4	method=1	log2H=2.58	image=0	bad=0
Z	carat/tables/qcatalog/dim5/dir.2-2;1,1;1/ordnung.12/(1)^3(3)^2(72)^1/group.359	1	8	8	method=1	log2H=6.17	image=0	bad=0
Z	carat/tables/qcatalog/dim5/dir.2-2;1,1;1/ordnung.12/(1)^3(3)^2(72)^1/group.359	2	4	4	method=1	log2H=4.17	image=0	bad=0
Z	carat/tables/qcatalog/dim5/dir.2-2;1,1;1/ordnung.12/(1)^3(3)^2(72)^1/group.359	3	8	8	method=1	log2H=6.17	image=0	bad=0
Z	carat/tables/qcatalog/dim5/dir.2-2;1,1;1/ordnung.12/(1)^3(3)^2(72)^1/group.359	4	4	4	method=1	log2H=4.17	image=0	bad=0
Z	carat/tables/qcatalog/dim5/dir.2-2;1,1;1/ordnung.12/(1)^3(3)^2(72)^1/group.359	5	8	8	method=1	log2H=6.17	image=0	bad=0
Z	carat/tables/qcatalog/dim5/dir.2-2;1,1;1/ordnung.12/(1)^3(3)^2(72)^1/group.359	6	4	4	method=1	log2H=4.17	image=0	bad=0
Z	carat/tables/qcatalog/dim5/dir.2-2;1,1,1/ordnung.6/(1)^1(3)^2/group.342	1	1	1	method=0	log2H=0.00	image=0	bad=0
father: level 1 number of orbits 1 lengths 3
Z	carat/tables/qcatalog/dim5/dir.2-2;1,1;1/ordnung.24/(1)^4(3)^1(24)^1/group.369	1	40	40	method=1	log2H=7.00	image=0	bad=0
Z	carat/tables/qcatalog/dim5/dir.2-2;1,1;1/ordnung.24/(1)^4(3)^1(24)^1/group.369	2	10	10	method=1	log2H=4.00	image=0	bad=0
father: level 1 number of orbits 1 lengths 3
Z	carat/tables/qcatalog/dim5/dir.2-2;1,1;1/ordnung.48/(1)^4(3)^1(24)^1/group.373	1	120	120	method=1	log2H=9.00	image=0	bad=0
father: level 1 number of orbits 1 lengths 3
Z	carat/tables/qcatalog/dim5/dir.2-2;1,1;1/ordnung.12/(1)^4(3)^1(24)^1/group.360	1	16	16	method=1	log2H=7.17	image=0	bad=0
Z	carat/tables/qcatalog/dim5/dir.2-2;1,1;1/ordnung.48/(1)^4(3)^1(24)^1/group.373	2	20	20	method=1	log2H=5.00	image=0	bad=0
Z	carat/tables/qcatalog/dim5/dir.2-2;1,1;1/ordnung.12/(1)^4(3)^1(24)^1/group.360	2	6	6	method=1	log2H=5.17	image=0	bad=0
father: level 1 number of orbits 1 lengths 3
father: level 1 number of orbits 1 lengths 3
father: level 1 number of orbits 1 lengths 3
Z	carat/tables/qcatalog/dim5/dir.2-2;1,1;1/ordnung.24/(1)^4(3)^1(24)^1/group.371	1	60	60	method=1	log2H=8.00	image=0	bad=0
Z	carat/tables/qcatalog/dim5/dir.2-2;1,1;1/ordnung.24/(1)^4(3)^1(24)^1/group.367	1	20	20	method=1	log2H=6.00	image=0	bad=0
Z	carat/tables/qcatalog/dim5/dir.2-2;1,1;1/ordnung.24/(1)^4(3)^1(24)^1/group.367	2	6	6	method=1	log2H=3.00	image=0	bad=0
father: level 1 number of orbits 1 lengths 3
Z	carat/tables/qcatalog/dim5/dir.2-2;1,1;1/ordnung.24/(1)^4(3)^1(24)^1/group.371	2	20	20	method=1	log2H=5.00	image=0	bad=0
father: level 1 number of orbits 1 lengths 3
father: level 1 number of orbits 1 lengths 3
father: level 1 number of orbits 2 lengths 8
father: level 1 number of orbits 1 lengths 3
Z	carat/tables/qcatalog/dim5/dir.2-2;1,1;1/ordnung.24/(1)^4(3)^1(24)^1/group.367	3	20	20	method=1	log2H=6.00	image=0	bad=0
father: level 1 number of orbits 1 lengths 3
father: level 1 number of orbits 2 lengths 2
father: level 2 number of orbits 1 lengths 6
father: level 2 number of orbits 1 lengths 24
father: level 1 number of orbits 1 lengths 3
Z	carat/tables/qcatalog/dim5/dir.2-2;1,1;1/ordnung.24/(1)^4(3)^1(24)^1/group.367	4	6	6	method=1	log2H=3.00	image=0	bad=0
father: level 1 number of orbits 2 lengths 8
father: level 1 number of orbits 1 lengths 3
father: level 1 number of orbits 1 lengths 26
father: level 1 number of orbits 1 lengths 3
Z	carat/tables/qcatalog/dim5/dir.2-2;1,1;1/ordnung.24/(1)^3(3)^2(72)^1/group.365	1	20	20	method=1	log2H=6.00	image=0	bad=0
father: level 1 number of orbits 1 lengths 3
father: level 2 number of orbits 1 lengths 24
Z	carat/tables/qcatalog/dim5/dir.2-2;1,1;1/ordnung.24/(1)^4(3)^1(24)^1/group.370	1	40	40	method=1	log2H=7.58	image=0	bad=0
Z	carat/tables/qcatalog/dim5/dir.2-2;1,1;1/ordnung.12/(1)^2(3)^3(24)^1/group.350	1	10	10	method=1	log2H=5.00	image=0	bad=0
Z	carat/tables/qcatalog/dim5/dir.2-2;1,1;1/ordnung.12/(1)^4(3)^1(24)^1/group.362	1	4	4	method=1	log2H=3.00	image=0	bad=0
Z	carat/tables/qcatalog/dim5/dir.2-2;1,1;1/ordnung.24/(1)^3(3)^2(72)^1/group.365	2	6	6	method=1	log2H=3.00	image=0	bad=0
Z	carat/tables/qcatalog/dim5/dir.2-2;1,1;1/ordnung.24/(1)^4(3)^1(24)^1/group.370	2	12	12	method=1	log2H=4.58	image=0	bad=0
Z	carat/tables/qcatalog/dim5/dir.2-2;1,1;1/ordnung.12/(1)^4(3)^1(24)^1/group.362	2	2	2	method=1	log2H=1.00	image=0	bad=0
Z	carat/tables/qcatalog/dim5/dir.2-2;1,1;1/ordnung.12/(1)^2(3)^3(24)^1/group.350	2	6	6	method=1	log2H=3.00	image=0	bad=0
Z	carat/tables/qcatalog/dim5/dir.2-2;1,1;1/ordnung.12/(1)^4(3)^1(24)^1/group.362	3	4	4	method=1	log2H=3.00	image=0	bad=0
Z	carat/tables/qcatalog/dim5/dir.2-2;1,1;1/ordnung.12/(1)^2(3)^3(24)^1/group.350	3	10	10	method=1	log2H=5.00	image=0	bad=0
father: level 1 number of orbits 1 lengths 3
Z	carat/tables/qcatalog/dim5/dir.2-2;1,1;1/ordnung.12/(1)^4(3)^1(24)^1/group.362	4	2	2	method=1	log2H=1.00	image=0	bad=0
Z	carat/tables/qcatalog/dim5/dir.2-2;1,1;1/ordnung.24/(1)^3(3)^2(72)^1/group.365	3	20	20	method=1	log2H=6.00	image=0	bad=0
father: level 1 number of orbits 2 lengths 2
father: level 2 number of orbits 1 lengths 6
Z	carat/tables/qcatalog/dim5/dir.2-2;1,1;1/ordnung.12/(1)^2(3)^3(24)^1/group.350	4	6	6	method=1	log2H=3.00	image=0	bad=0
father: level 1 number of orbits 1 lengths 3
Z	carat/tables/qcatalog/dim5/dir.2-2;1,1;1/ordnung.6/(1)^1(3)^2(24)^1/min.106	1	4	4	method=1	log2H=2.58	image=0	bad=0
father: level 1 number of orbits 2 lengths 2
Z	carat/tables/qcatalog/dim5/dir.2-2;1,1;1/ordnung.12/(1)^2(3)^3(24)^1/group.350	5	10	10	method=1	log2H=5.00	image=0	bad=0
father: level 2 number of orbits 1 lengths 6
Z	carat/tables/qcatalog/dim5/dir.2-2;1,1;1/ordnung.6/(1)^1(3)^2(24)^1/min.106	2	2	2	method=1	log2H=1.58	image=0	bad=0
Z	carat/tables/qcatalog/dim5/dir.2-2;1,1;1/ordnung.24/(1)^3(3)^2(72)^1/group.365	4	6	6	method=1	log2H=3.00	image=0	bad=0
Z	carat/tables/qcatalog/dim5/dir.2-2;1,1,1/ordnung.6/(1)^2(3)^2(27)^1/group.343	1	2	2	method=1	log2H=4.75	image=0	bad=0
Z	carat/tables/qcatalog/dim5/dir.2-2;1,1;1/ordnung.6/(1)^1(3)^2(24)^1/min.106	3	2	2	method=1	log2H=1.00	image=0	bad=0
Z	carat/tables/qcatalog/dim5/dir.2-2;1,1;1/ordnung.6/(1)^1(3)^2(24)^1/min.106	4	1	1	method=0	log2H=0.00	image=0	bad=0
Z	carat/tables/qcatalog/dim5/dir.2-2;1,1;1/ordnung.6/(1)^1(3)^2(24)^1/min.105	1	4	4	method=1	log2H=5.17	image=0	bad=0
Z	carat/tables/qcatalog/dim5/dir.2-2;1,1;1/ordnung.12/(1)^2(3)^3(24)^1/group.350	6	6	6	method=1	log2H=3.00	image=0	bad=0
Z	carat/tables/qcatalog/dim5/dir.2-2;1,1;1/ordnung.6/(1)^1(3)^2(24)^1/min.105	2	4	4	method=1	log2H=4.17	image=0	bad=0
Z	carat/tables/qcatalog/dim5/dir.2-2;1,1;1/ordnung.24/(1)^3(3)^2(72)^1/group.365	5	20	20	method=1	log2H=6.00	image=0	bad=0
Z	carat/tables/qcatalog/dim5/dir.2-2;1,1,1/ordnung.6/(1)^2(3)^2(27)^1/group.343	2	2	2	method=1	log2H=3.17	image=0	bad=0
Z	carat/tables/qcatalog/dim5/dir.2-2;1,1;1/ordnung.6/(1)^1(3)^2(24)^1/min.105	3	4	4	method=1	log2H=5.17	image=0	bad=0
Z	carat/tables/qcatalog/dim5/dir.2-2;1,1;1/ordnung.6/(1)^1(3)^2(24)^1/min.105	4	4	4	method=1	log2H=4.17	image=0	bad=0
Z	carat/tables/qcatalog/dim5/dir.2-2;1,1,1/ordnung.6/(1)^2(3)^2(27)^1/group.343	3	2	2	method=1	log2H=4.75	image=0	bad=0
Z	carat/tables/qcatalog/dim5/dir.2-2;1,1;1/ordnung.24/(1)^3(3)^2(72)^1/group.365	6	6	6	method=1	log2H=3.00	image=0	bad=0
Z	carat/tables/qcatalog/dim5/dir.2-2;1,1;1/ordnung.24/(1)^2(3)^3(24)^1/group.363	1	20	20	method=1	log2H=6.00	image=0	bad=0
father: level 1 number of orbits 1 lengths 26
Z	carat/tables/qcatalog/dim5/dir.2-2;1,1;1/ordnung.24/(1)^2(3)^3(24)^1/group.363	2	6	6	method=1	log2H=3.00	image=0	bad=0
father: level 1 number of orbits 1 lengths 3
father: level 1 number of orbits 1 lengths 3
father: level 1 number of orbits 2 lengths 2
father: level 2 number of orbits 1 lengths 6
Z	carat/tables/qcatalog/dim5/dir.2-2;1,1,1/ordnung.12/(1)^2(3)^2(27)^1/group.335	1	2	2	method=1	log2H=3.00	image=0	bad=0
Z	carat/tables/qcatalog/dim5/dir.2-2;1,1;1/ordnung.12/(1)^3(3)^2(72)^1/group.358	1	10	10	method=1	log2H=5.00	image=0	bad=0
Z	carat/tables/qcatalog/dim5/dir.2-2;1,1,1/ordnung.12/(1)^2(3)^2(27)^1/group.335	2	2	2	method=1	log2H=3.00	image=0	bad=0
Z	carat/tables/qcatalog/dim5/dir.2-2;1,1;1/ordnung.12/(1)^3(3)^2(72)^1/group.358	2	6	6	method=1	log2H=3.00	image=0	bad=0
Z	carat/tables/qcatalog/dim5/dir.2-2;1,1;1/ordnung.24/(1)^2(3)^3(24)^1/group.363	3	20	20	method=1	log2H=6.00	image=0	bad=0
Z	carat/tables/qcatalog/dim5/dir.2-2;1,1;1/ordnung.12/(1)^3(3)^2(72)^1/group.358	3	10	10	method=1	log2H=5.00	image=0	bad=0
Z	carat/tables/qcatalog/dim5/dir.2-2;1,1,1/ordnung.12/(1)^2(3)^2(27)^1/group.335	3	2	2	method=1	log2H=3.00	image=0	bad=0
father: level 1 number of orbits 1 lengths 3
Z	carat/tables/qcatalog/dim5/dir.2-2;1,1;1/ordnung.12/(1)^3(3)^2(72)^1/group.358	4	6	6	method=1	log2H=3.00	image=0	bad=0
Z	carat/tables/qcatalog/dim5/dir.2-2;1,1;1/ordnung.24/(1)^2(3)^3(24)^1/group.363	4	6	6	method=1	log2H=3.00	image=0	bad=0
Z	carat/tables/qcatalog/dim5/dir.2-2;1,1;1/ordnung.12/(1)^3(3)^2(72)^1/group.358	5	10	10	method=1	log2H=5.00	image=0	bad=0
Z	carat/tables/qcatalog/dim5/dir.2-2;1,1;1/ordnung.24/(1)^4(3)^1(24)^1/group.372	1	40	40	method=1	log2H=9.17	image=0	bad=0
Z	carat/tables/qcatalog/dim5/dir.2-2;1,1;1/ordnung.12/(1)^3(3)^2(72)^1/group.358	6	6	6	method=1	log2H=3.00	image=0	bad=0
Z	carat/tables/qcatalog/dim5/dir.2-2;1,1;1/ordnung.24/(1)^2(3)^3(24)^1/group.363	5	20	20	method=1	log2H=6.00	image=0	bad=0
Z	carat/tables/qcatalog/dim5/dir.2-2;1,1;1/ordnung.24/(1)^4(3)^1(24)^1/group.372	2	12	12	method=1	log2H=6.17	image=0	bad=0
father: level 1 number of orbits 1 lengths 1
father: level 1 number of orbits 2 lengths 1
father: level 1 number of orbits 3 lengths 1
father: level 1 number of orbits 4 lengths 1
father: level 1 number of orbits 5 lengths 2
father: level 2 number of orbits 1 lengths 1
father: level 2 number of orbits 2 lengths 2
father: level 2 number of orbits 1 lengths 2
father: level 2 number of orbits 1 lengths 2
Z	carat/tables/qcatalog/dim5/dir.2-2;1,1;1/ordnung.24/(1)^2(3)^3(24)^1/group.363	6	6	6	method=1	log2H=3.00	image=0	bad=0
father: level 2 number of orbits 1 lengths 2
father: level 3 number of orbits 1 lengths 2
father: level 1 number of orbits 1 lengths 3
father: level 1 number of orbits 2 lengths 8
father: level 2 number of orbits 1 lengths 24
Z	carat/tables/qcatalog/dim5/dir.2-2;1;1;1/ordnung.12/(1)^2(3)^1(12)^2/min.112	1	32	32	method=1	log2H=5.58	image=0	bad=0
Z	carat/tables/qcatalog/dim5/dir.2-2;1;1;1/ordnung.12/(1)^2(3)^1(12)^2/min.112	2	8	8	method=1	log2H=3.58	image=0	bad=0
Z	carat/tables/qcatalog/dim5/dir.2-2;1;1;1/ordnung.12/(1)^2(3)^1(12)^2/min.112	3	8	8	method=1	log2H=3.58	image=0	bad=0
Z	carat/tables/qcatalog/dim5/dir.2-2;1,1;1/ordnung.6/(1)^2(3)^1(72)^1/min.110	1	4	4	method=1	log2H=2.58	image=0	bad=0
Z	carat/tables/qcatalog/dim5/dir.2-2;1,1;1/ordnung.6/(1)^2(3)^1(72)^1/min.110	2	2	2	method=1	log2H=1.58	image=0	bad=0
Z	carat/tables/qcatalog/dim5/dir.2-2;1;1;1/ordnung.12/(1)^2(3)^1(12)^2/min.112	4	8	8	method=1	log2H=3.58	image=0	bad=0
Z	carat/tables/qcatalog/dim5/dir.2-2;1,1;1/ordnung.6/(1)^2(3)^1(72)^1/min.110	3	4	4	method=1	log2H=2.58	image=0	bad=0
father: level 1 number of orbits 1 lengths 3
father: level 1 number of orbits 1 lengths 1
father: level 1 number of orbits 2 lengths 1
father: level 1 number of orbits 3 lengths 1
father: level 1 number of orbits 4 lengths 1
Z	carat/tables/qcatalog/dim5/dir.2-2;1,1;1/ordnung.6/(1)^2(3)^1(72)^1/min.110	4	2	2	method=1	log2H=1.58	image=0	bad=0
father: level 1 number of orbits 5 lengths 2
Z	carat/tables/qcatalog/dim5/dir.2-2;1;1;1/ordnung.12/(1)^2(3)^1(12)^2/min.112	5	4	4	method=1	log2H=2.58	image=0	bad=0
father: level 2 number of orbits 1 lengths 1
father: level 2 number of orbits 2 lengths 2
father: level 2 number of orbits 1 lengths 2
father: level 2 number of orbits 1 lengths 2
father: level 2 number of orbits 1 lengths 2
Z	carat/tables/qcatalog/dim5/dir.2-2;1;1;1/ordnung.12/(1)^2(3)^1(12)^2/min.112	6	32	32	method=1	log2H=5.58	image=0	bad=0
father: level 3 number of orbits 1 lengths 2
Z	carat/tables/qcatalog/dim5/dir.2-2;1,1;1/ordnung.24/(1)^4(3)^1(24)^1/group.366	1	20	20	method=1	log2H=6.00	image=0	bad=0
Z	carat/tables/qcatalog/dim5/dir.2-2;1;1;1/ordnung.12/(1)^2(3)^1(12)^2/min.112	7	8	8	method=1	log2H=3.58	image=0	bad=0
Z	carat/tables/qcatalog/dim5/dir.2-2;1,1;1/ordnung.24/(1)^4(3)^1(24)^1/group.366	2	6	6	method=1	log2H=3.00	image=0	bad=0
Z	carat/tables/qcatalog/dim5/dir.2-2;1;1;1/ordnung.12/(1)^2(3)^1(12)^2/min.112	8	8	8	method=1	log2H=3.58	image=0	bad=0
Z	carat/tables/qcatalog/dim5/dir.2-2;1;1;1/ordnung.12/(1)^2(3)^1(12)^2/min.112	9	8	8	method=1	log2H=3.58	image=0	bad=0
Z	carat/tables/qcatalog/dim5/dir.2-2;1;1;1/ordnung.12/(1)^2(3)^1(12)^2/min.112	10	8	8	method=1	log2H=3.58	image=0	bad=0
Z	carat/tables/qcatalog/dim5/dir.2-2;1;1;1/ordnung.12/(1)^3(3)^2(36)^2/min.114	1	16	16	method=1	log2H=4.00	image=0	bad=0
Z	carat/tables/qcatalog/dim5/dir.2-2;1;1;1/ordnung.12/(1)^2(3)^1(12)^2/min.112	11	4	4	method=1	log2H=2.58	image=0	bad=0
Z	carat/tables/qcatalog/dim5/dir.2-2;1;1;1/ordnung.12/(1)^3(3)^2(36)^2/min.114	2	4	4	method=1	log2H=2.00	image=0	bad=0
Z	carat/tables/qcatalog/dim5/dir.2-2;1;1;1/ordnung.12/(1)^2(3)^1(12)^2/min.112	12	8	8	method=1	log2H=3.58	image=0	bad=0
Z	carat/tables/qcatalog/dim5/dir.2-2;1;1;1/ordnung.12/(1)^3(3)^2(36)^2/min.114	3	4	4	method=1	log2H=2.00	image=0	bad=0
Z	carat/tables/qcatalog/dim5/dir.2-2;1;1;1/ordnung.12/(1)^3(3)^2(36)^2/min.114	4	4	4	method=1	log2H=2.00	image=0	bad=0
Z	carat/tables/qcatalog/dim5/dir.2-2;1;1;1/ordnung.12/(1)^3(3)^2(36)^2/min.114	5	2	2	method=1	log2H=1.00	image=0	bad=0
Z	carat/tables/qcatalog/dim5/dir.2-2;1;1;1/ordnung.12/(1)^3(3)^2(36)^2/min.114	6	16	16	method=1	log2H=4.00	image=0	bad=0
Z	carat/tables/qcatalog/dim5/dir.2-2;1;1;1/ordnung.12/(1)^3(3)^2(36)^2/min.114	7	4	4	method=1	log2H=2.00	image=0	bad=0
Z	carat/tables/qcatalog/dim5/dir.2-2;1,1,1/ordnung.12/(1)^2(3)^3/group.336	1	2	2	method=1	log2H=3.00	image=0	bad=0
Z	carat/tables/qcatalog/dim5/dir.2-2;1,1,1/ordnung.12/(1)^2(3)^3/group.336	2	2	2	method=1	log2H=3.00	image=0	bad=0
Z	carat/tables/qcatalog/dim5/dir.2-2;1;1;1/ordnung.12/(1)^3(3)^2(36)^2/min.114	8	4	4	method=1	log2H=2.00	image=0	bad=0
father: level 1 number of orbits 1 lengths 2
father: level 1 number of orbits 2 lengths 1
father: level 1 number of orbits 3 lengths 1
father: level 1 number of orbits 4 lengths 2
father: level 2 number of orbits 1 lengths 1
father: level 2 number of orbits 2 lengths 4
father: level 2 number of orbits 1 lengths 2
Z	carat/tables/qcatalog/dim5/dir.2-2;1;1;1/ordnung.12/(1)^3(3)^2(36)^2/min.114	9	4	4	method=1	log2H=2.00	image=0	bad=0
father: level 2 number of orbits 1 lengths 2
father: level 3 number of orbits 1 lengths 2
father: level 1 number of orbits 1 lengths 2
father: level 1 number of orbits 2 lengths 1
father: level 1 number of orbits 3 lengths 1
father: level 1 number of orbits 4 lengths 2
Z	carat/tables/qcatalog/dim5/dir.2-2;1;1;1/ordnung.12/(1)^3(3)^2(36)^2/min.114	10	4	4	method=1	log2H=2.00	image=0	bad=0
father: level 2 number of orbits 1 lengths 1
father: level 2 number of orbits 2 lengths 4
father: level 1 number of orbits 1 lengths 2
father: level 1 number of orbits 2 lengths 1
father: level 2 number of orbits 1 lengths 2
father: level 1 number of orbits 3 lengths 1
father: level 2 number of orbits 1 lengths 1
Z	carat/tables/qcatalog/dim5/dir.2-2;1;1;1/ordnung.12/(1)^2(3)^1(12)^2/min.111	1	20	20	method=1	log2H=5.58	image=0	bad=0
father: level 1 number of orbits 1 lengths 1
father: level 1 number of orbits 2 lengths 1
father: level 1 number of orbits 3 lengths 1
father: level 1 number of orbits 4 lengths 1
Z	carat/tables/qcatalog/dim5/dir.2-2;1;1;1/ordnung.12/(1)^2(3)^1(12)^2/min.111	2	8	8	method=1	log2H=3.58	image=0	bad=0
father: level 1 number of orbits 1 lengths 3
father: level 1 number of orbits 5 lengths 2
father: level 2 number of orbits 1 lengths 1
father: level 2 number of orbits 2 lengths 2
father: level 1 number of orbits 1 lengths 3
father: level 2 number of orbits 1 lengths 2
Z	carat/tables/qcatalog/dim5/dir.2-2;1;1;1/ordnung.12/(1)^3(4)^1(12)^1/min.118	1	20	20	method=1	log2H=5.58	image=0	bad=0
father: level 2 number of orbits 1 lengths 2
Z	carat/tables/qcatalog/dim5/dir.2-2;1;1;1/ordnung.12/(1)^2(3)^1(12)^2/min.111	3	6	6	method=1	log2H=3.58	image=0	bad=0
father: level 2 number of orbits 1 lengths 2
father: level 3 number of orbits 1 lengths 2
Z	carat/tables/qcatalog/dim5/dir.2-2;1;1;1/ordnung.12/(1)^3(3)^2(36)^2/min.114	11	2	2	method=1	log2H=1.00	image=0	bad=0
father: level 2 number of orbits 1 lengths 2
father: level 1 number of orbits 1 lengths 2
Z	carat/tables/qcatalog/dim5/dir.2-2;1;1;1/ordnung.12/(1)^2(3)^1(12)^2/min.111	4	4	4	method=1	log2H=2.58	image=0	bad=0
father: level 1 number of orbits 2 lengths 1
Z	carat/tables/qcatalog/dim5/dir.2-2;1;1;1/ordnung.12/(1)^3(4)^1(12)^1/min.118	2	8	8	method=1	log2H=3.58	image=0	bad=0
father: level 1 number of orbits 3 lengths 1
father: level 1 number of orbits 4 lengths 2
father: level 2 number of orbits 1 lengths 1
father: level 2 number of orbits 2 lengths 4
father: level 2 number of orbits 1 lengths 2
Z	carat/tables/qcatalog/dim5/dir.2-2;1,1;1/ordnung.24/(1)^4(3)^1(24)^1/group.368	1	20	20	method=1	log2H=6.00	image=0	bad=0
father: level 2 number of orbits 1 lengths 2
Z	carat/tables/qcatalog/dim5/dir.2-2;1;1;1/ordnung.12/(1)^3(4)^1(12)^1/min.118	3	6	6	method=1	log2H=3.58	image=0	bad=0
Z	carat/tables/qcatalog/dim5/dir.2-2;1;1;1/ordnung.12/(1)^2(3)^1(12)^2/min.111	5	10	10	method=1	log2H=4.00	image=0	bad=0
father: level 3 number of orbits 1 lengths 2
father: level 3 number of orbits 1 lengths 2
Z	carat/tables/qcatalog/dim5/dir.2-2;1;1;1/ordnung.12/(1)^3(4)^1(12)^1/min.118	4	4	4	method=1	log2H=2.58	image=0	bad=0
Z	carat/tables/qcatalog/dim5/dir.2-2;1;1;1/ordnung.12/(1)^2(3)^1(12)^2/min.111	6	6	6	method=1	log2H=3.58	image=0	bad=0
Z	carat/tables/qcatalog/dim5/dir.2-2;1,1;1/ordnung.24/(1)^4(3)^1(24)^1/group.368	2	6	6	method=1	log2H=3.00	image=0	bad=0
Z	carat/tables/qcatalog/dim5/dir.2-2;1;1;1/ordnung.12/(1)^3(4)^1(12)^1/min.118	5	6	6	method=1	log2H=3.58	image=0	bad=0
Z	carat/tables/qcatalog/dim5/dir.2-2;1;1;1/ordnung.12/(1)^2(3)^1(12)^2/min.111	7	4	4	method=1	log2H=2.00	image=0	bad=0
Z	carat/tables/qcatalog/dim5/dir.2-2;1;1;1/ordnung.12/(1)^3(3)^2(36)^2/min.114	12	4	4	method=1	log2H=2.00	image=0	bad=0
father: level 1 number of orbits 1 lengths 3
Z	carat/tables/qcatalog/dim5/dir.2-2;1;1;1/ordnung.12/(1)^2(3)^1(12)^2/min.111	8	3	3	method=1	log2H=2.00	image=0	bad=0
father: level 1 number of orbits 2 lengths 2
father: level 2 number of orbits 1 lengths 6
Z	carat/tables/qcatalog/dim5/dir.2-2;1,1;1/ordnung.24/(1)^4(3)^1(24)^1/group.368	3	20	20	method=1	log2H=6.00	image=0	bad=0
Z	carat/tables/qcatalog/dim5/dir.2-2;1;1;1/ordnung.12/(1)^2(3)^1(12)^2/min.113	1	6	6	method=1	log2H=3.00	image=0	bad=0
father: level 1 number of orbits 1 lengths 3
Z	carat/tables/qcatalog/dim5/dir.2-2;1;1;1/ordnung.12/(1)^2(3)^1(12)^2/min.111	9	2	2	method=1	log2H=1.00	image=0	bad=0
father: level 1 number of orbits 2 lengths 8
Z	carat/tables/qcatalog/dim5/dir.2-2;1;1;1/ordnung.12/(1)^2(3)^1(12)^2/min.113	2	2	2	method=1	log2H=1.00	image=0	bad=0
father: level 2 number of orbits 1 lengths 24
father: level 1 number of orbits 1 lengths 3
Z	carat/tables/qcatalog/dim5/dir.2-2;1;1;1/ordnung.12/(1)^2(3)^1(12)^2/min.111	10	3	3	method=1	log2H=2.00	image=0	bad=0
father: level 1 number of orbits 2 lengths 2
Z	carat/tables/qcatalog/dim5/dir.2-2;1,1;1/ordnung.24/(1)^4(3)^1(24)^1/group.368	4	6	6	method=1	log2H=3.00	image=0	bad=0
father: level 2 number of orbits 1 lengths 6
father: level 1 number of orbits 1 lengths 3
father: level 1 number of orbits 2 lengths 8
Z	carat/tables/qcatalog/dim5/dir.2-2;1;1;1/ordnung.12/(1)^2(3)^1(12)^2/min.113	3	2	2	method=1	log2H=1.00	image=0	bad=0
Z	carat/tables/qcatalog/dim5/dir.2-2;1;1;1/ordnung.12/(1)^3(3)^2(36)^2/min.116	1	16	16	method=1	log2H=4.58	image=0	bad=0
father: level 2 number of orbits 1 lengths 24
Z	carat/tables/qcatalog/dim5/dir.2-2;1;1;1/ordnung.12/(1)^2(3)^1(12)^2/min.113	4	1	1	method=0	log2H=0.00	image=0	bad=0
Z	carat/tables/qcatalog/dim5/dir.2-2;1;1;1/ordnung.12/(1)^3(3)^2(36)^2/min.116	2	4	4	method=1	log2H=2.58	image=0	bad=0
Z	carat/tables/qcatalog/dim5/dir.2-2;1;1;1/ordnung.24/(1)^2(3)^1(12)^2/group.374	1	36	36	method=1	log2H=6.00	image=0	bad=0
Z	carat/tables/qcatalog/dim5/dir.2-2;1,1;1/ordnung.6/(1)^1(3)^4(72)^1/min.108	1	4	4	method=1	log2H=4.17	image=0	bad=0
Z	carat/tables/qcatalog/dim5/dir.2-2;1;1;1/ordnung.12/(1)^3(3)^2(36)^2/min.116	3	4	4	method=1	log2H=2.58	image=0	bad=0
Z	carat/tables/qcatalog/dim5/dir.2-2;1,1;1/ordnung.6/(1)^1(3)^4(72)^1/min.108	2	2	2	method=1	log2H=3.17	image=0	bad=0
Z	carat/tables/qcatalog/dim5/dir.2-2;1,1;1/ordnung.6/(1)^1(3)^4(72)^1/min.108	3	4	4	method=1	log2H=4.17	image=0	bad=0
Z	carat/tables/qcatalog/dim5/dir.2-2;1;1;1/ordnung.24/(1)^2(3)^1(12)^2/group.374	2	8	8	method=1	log2H=3.00	image=0	bad=0
Z	carat/tables/qcatalog/dim5/dir.2-2;1,1;1/ordnung.6/(1)^1(3)^4(72)^1/min.108	4	2	2	method=1	log2H=3.17	image=0	bad=0
Z	carat/tables/qcatalog/dim5/dir.2-2;1,1;1/ordnung.6/(1)^1(3)^4(72)^1/min.107	1	4	4	method=1	log2H=3.58	image=0	bad=0
Z	carat/tables/qcatalog/dim5/dir.2-2;1,1;1/ordnung.6/(1)^1(3)^4(72)^1/min.108	5	4	4	method=1	log2H=4.17	image=0	bad=0
Z	carat/tables/qcatalog/dim5/dir.2-2;1,1;1/ordnung.6/(1)^1(3)^4(72)^1/min.107	2	4	4	method=1	log2H=2.58	image=0	bad=0
Z	carat/tables/qcatalog/dim5/dir.2-2;1,1;1/ordnung.6/(1)^1(3)^4(72)^1/min.108	6	2	2	method=1	log2H=3.17	image=0	bad=0
Z	carat/tables/qcatalog/dim5/dir.2-2;1;1;1/ordnung.24/(1)^2(3)^1(12)^2/group.374	3	6	6	method=1	log2H=3.00	image=0	bad=0
Z	carat/tables/qcatalog/dim5/dir.2-2;1,1;1/ordnung.6/(1)^1(3)^4(72)^1/min.107	3	2	2	method=1	log2H=2.00	image=0	bad=0
Z	carat/tables/qcatalog/dim5/dir.2-2;1,1;1/ordnung.6/(1)^1(3)^4(72)^1/min.108	7	4	4	method=1	log2H=2.58	image=0	bad=0
Z	carat/tables/qcatalog/dim5/dir.2-2;1,1;1/ordnung.6/(1)^1(3)^4(72)^1/min.107	4	2	2	method=1	log2H=1.00	image=0	bad=0
Z	carat/tables/qcatalog/dim5/dir.2-2;1,1;1/ordnung.6/(1)^1(3)^4(72)^1/min.108	8	2	2	method=1	log2H=1.58	image=0	bad=0
Z	carat/tables/qcatalog/dim5/dir.2-2;1,1;1/ordnung.6/(1)^1(3)^4(72)^1/min.107	5	4	4	method=1	log2H=3.58	image=0	bad=0
Z	carat/tables/qcatalog/dim5/dir.2-2;1;1;1/ordnung.24/(1)^2(3)^1(12)^2/group.374	4	2	2	method=1	log2H=1.00	image=0	bad=0
Z	carat/tables/qcatalog/dim5/dir.2-2;1,1;1/ordnung.6/(1)^1(3)^4(72)^1/min.107	6	4	4	method=1	log2H=2.58	image=0	bad=0
Z	carat/tables/qcatalog/dim5/dir.2-2;1,1;1/ordnung.6/(1)^1(3)^4(72)^1/min.107	7	4	4	method=1	log2H=3.58	image=0	bad=0
father: level 1 number of orbits 1 lengths 3
father: level 1 number of orbits 1 lengths 3
Z	carat/tables/qcatalog/dim5/dir.2-2;1;1;1/ordnung.12/(1)^3(3)^2(36)^2/min.116	4	4	4	method=1	log2H=2.58	image=0	bad=0
father: level 1 number of orbits 2 lengths 1
father: level 2 number of orbits 1 lengths 1
Z	carat/tables/qcatalog/dim5/dir.2-2;1,1;1/ordnung.6/(1)^1(3)^4(72)^1/min.107	8	4	4	method=1	log2H=2.58	image=0	bad=0
Z	carat/tables/qcatalog/dim5/dir.2-2;1;1;1/ordnung.24/(1)^2(3)^1(12)^2/group.374	5	36	36	method=1	log2H=6.00	image=0	bad=0
Z	carat/tables/qcatalog/dim5/dir.2-2;1;1;1/ordnung.12/(1)^2(3)^1(12)^2/min.113	5	6	6	method=1	log2H=3.00	image=0	bad=0
Z	carat/tables/qcatalog/dim5/dir.2-2;1,1;1/ordnung.24/(1)^3(24)^1/group.364	1	20	20	method=1	log2H=6.00	image=0	bad=0
Z	carat/tables/qcatalog/dim5/dir.2-2;1;1;1/ordnung.12/(1)^3(3)^2(36)^2/min.116	5	2	2	method=1	log2H=1.58	image=0	bad=0
Z	carat/tables/qcatalog/dim5/dir.2-2;1;1;1/ordnung.24/(1)^2(3)^1(12)^2/group.374	6	6	6	method=1	log2H=3.00	image=0	bad=0
Z	carat/tables/qcatalog/dim5/dir.2-2;1;1;1/ordnung.12/(1)^2(3)^1(12)^2/min.113	6	2	2	method=1	log2H=1.00	image=0	bad=0
Z	carat/tables/qcatalog/dim5/dir.2-2;1,1;1/ordnung.24/(1)^3(24)^1/group.364	2	6	6	method=1	log2H=3.00	image=0	bad=0
Z	carat/tables/qcatalog/dim5/dir.2-2;1;1;1/ordnung.24/(1)^3(4)^1(12)^1/group.376	1	16	16	method=1	log2H=6.00	image=0	bad=0
Z	carat/tables/qcatalog/dim5/dir.2-2;1;1;1/ordnung.24/(1)^2(3)^1(12)^2/group.374	7	8	8	method=1	log2H=3.00	image=0	bad=0
Z	carat/tables/qcatalog/dim5/dir.2-2;1;1;1/ordnung.12/(1)^2(3)^1(12)^2/min.113	7	2	2	method=1	log2H=1.00	image=0	bad=0
Z	carat/tables/qcatalog/dim5/dir.2-2;1;1;1/ordnung.12/(1)^3(3)^2(36)^2/min.116	6	16	16	method=1	log2H=4.58	image=0	bad=0
Z	carat/tables/qcatalog/dim5/dir.2-2;1;1;1/ordnung.12/(1)^3(3)^2(36)^2/min.116	7	4	4	method=1	log2H=2.58	image=0	bad=0
Z	carat/tables/qcatalog/dim5/dir.2-2;1;1;1/ordnung.24/(1)^3(4)^1(12)^1/group.376	2	6	6	method=1	log2H=3.00	image=0	bad=0
father: level 1 number of orbits 1 lengths 3
father: level 1 number of orbits 2 lengths 1
father: level 2 number of orbits 1 lengths 1
Z	carat/tables/qcatalog/dim5/dir.2-2;1;1;1/ordnung.12/(1)^2(3)^1(12)^2/min.113	8	2	2	method=1	log2H=1.00	image=0	bad=0
Z	carat/tables/qcatalog/dim5/dir.2-2;1;1;1/ordnung.24/(1)^2(3)^1(12)^2/group.374	8	6	6	method=1	log2H=3.00	image=0	bad=0
Z	carat/tables/qcatalog/dim5/dir.2-2;1;1;1/ordnung.24/(1)^3(4)^1(12)^1/group.376	3	2	2	method=1	log2H=1.00	image=0	bad=0
Z	carat/tables/qcatalog/dim5/dir.2-2;1;1;1/ordnung.12/(1)^3(3)^2(36)^2/min.116	8	4	4	method=1	log2H=2.58	image=0	bad=0
Z	carat/tables/qcatalog/dim5/dir.2-2;1;1;1/ordnung.24/(1)^3(4)^1(12)^1/group.376	4	4	4	method=1	log2H=3.00	image=0	bad=0
Z	carat/tables/qcatalog/dim5/dir.2-2;1;1;1/ordnung.24/(1)^2(3)^1(12)^2/group.374	9	2	2	method=1	log2H=1.00	image=0	bad=0
Z	carat/tables/qcatalog/dim5/dir.2-2;1;1;1/ordnung.12/(1)^3(3)^2(36)^2/min.116	9	4	4	method=1	log2H=2.58	image=0	bad=0
Z	carat/tables/qcatalog/dim5/dir.2-2;1;1;1/ordnung.24/(1)^3(4)^1(12)^1/group.378	1	20	20	method=1	log2H=6.00	image=0	bad=0
Z	carat/tables/qcatalog/dim5/dir.2-2;1;1;1/ordnung.12/(1)^2(3)^1(12)^2/min.113	9	1	1	method=0	log2H=0.00	image=0	bad=0
Z	carat/tables/qcatalog/dim5/dir.2-2;1;1;1/ordnung.24/(1)^2(3)^1(12)^2/group.374	10	6	6	method=1	log2H=3.00	image=0	bad=0
Z	carat/tables/qcatalog/dim5/dir.2-2;1;1;1/ordnung.12/(1)^3(3)^2(36)^2/min.116	10	4	4	method=1	log2H=2.58	image=0	bad=0
Z	carat/tables/qcatalog/dim5/dir.2-2;1;1;1/ordnung.12/(1)^3(3)^2(36)^2/min.116	11	2	2	method=1	log2H=1.58	image=0	bad=0
father: level 1 number of orbits 1 lengths 1
Z	carat/tables/qcatalog/dim5/dir.2-2;1;1;1/ordnung.12/(1)^2(3)^1(12)^2/min.113	10	2	2	method=1	log2H=1.00	image=0	bad=0
Z	carat/tables/qcatalog/dim5/dir.2-2;1;1;1/ordnung.24/(1)^3(4)^1(12)^1/group.378	2	8	8	method=1	log2H=3.00	image=0	bad=0
father: level 1 number of orbits 2 lengths 1
father: level 1 number of orbits 3 lengths 1
father: level 1 number of orbits 4 lengths 1
father: level 1 number of orbits 5 lengths 2
father: level 2 number of orbits 1 lengths 1
father: level 2 number of orbits 2 lengths 2
Z	carat/tables/qcatalog/dim5/dir.2-2;1;1;1/ordnung.12/(1)^3(3)^2(36)^2/min.116	12	4	4	method=1	log2H=2.58	image=0	bad=0
father: level 2 number of orbits 1 lengths 2
father: level 2 number of orbits 1 lengths 2
father: level 2 number of orbits 1 lengths 2
father: level 1 number of orbits 1 lengths 3
father: level 1 number of orbits 1 lengths 2
father: level 3 number of orbits 1 lengths 2
father: level 1 number of orbits 2 lengths 1
father: level 1 number of orbits 2 lengths 8
father: level 1 number of orbits 3 lengths 1
father: level 2 number of orbits 1 lengths 1
father: level 1 number of orbits 1 lengths 1
father: level 1 number of orbits 2 lengths 1
father: level 1 number of orbits 3 lengths 1
father: level 1 number of orbits 4 lengths 1
father: level 2 number of orbits 1 lengths 24
father: level 2 number of orbits 1 lengths 1
Z	carat/tables/qcatalog/dim5/dir.2-2;1;1;1/ordnung.24/(1)^3(4)^1(12)^1/group.378	3	2	2	method=1	log2H=1.00	image=0	bad=0
father: level 1 number of orbits 1 lengths 2
Z	carat/tables/qcatalog/dim5/dir.2-2;1,1;1/ordnung.6/(1)^2(3)^1(72)^1/min.109	1	4	4	method=1	log2H=5.17	image=0	bad=0
father: level 1 number of orbits 2 lengths 1
father: level 1 number of orbits 3 lengths 1
father: level 2 number of orbits 1 lengths 1
Z	carat/tables/qcatalog/dim5/dir.2-2;1,1;1/ordnung.6/(1)^2(3)^1(72)^1/min.109	2	4	4	method=1	log2H=4.17	image=0	bad=0
father: level 1 number of orbits 1 lengths 2
Z	carat/tables/qcatalog/dim5/dir.2-2;1;1;1/ordnung.12/(1)^4(3)^1(12)^1(36)^1/min.120	1	32	32	method=1	log2H=5.58	image=0	bad=0
father: level 1 number of orbits 2 lengths 1
father: level 1 number of orbits 3 lengths 1
Z	carat/tables/qcatalog/dim5/dir.2-2;1,1;1/ordnung.6/(1)^2(3)^1(72)^1/min.109	3	4	4	method=1	log2H=3.58	image=0	bad=0
father: level 1 number of orbits 4 lengths 2
father: level 2 number of orbits 1 lengths 1
father: level 2 number of orbits 2 lengths 4
Z	carat/tables/qcatalog/dim5/dir.2-2;1;1;1/ordnung.24/(1)^3(4)^1(12)^1/group.378	4	4	4	method=1	log2H=3.00	image=0	bad=0
father: level 2 number of orbits 1 lengths 2
Z	carat/tables/qcatalog/dim5/dir.2-2;1,1;1/ordnung.6/(1)^2(3)^1(72)^1/min.109	4	4	4	method=1	log2H=2.58	image=0	bad=0
father: level 2 number of orbits 1 lengths 2
Z	carat/tables/qcatalog/dim5/dir.2-2;1;1;1/ordnung.12/(1)^4(3)^1(12)^1(36)^1/min.120	2	8	8	method=1	log2H=3.58	image=0	bad=0
father: level 3 number of orbits 1 lengths 2
Z	carat/tables/qcatalog/dim5/dir.2-2;1;1;1/ordnung.12/(1)^4(3)^1(12)^1(36)^1/min.120	3	8	8	method=1	log2H=3.58	image=0	bad=0
Z	carat/tables/qcatalog/dim5/dir.2-2;1;1;1/ordnung.24/(1)^3(4)^1(12)^1/group.380	1	36	36	method=1	log2H=6.00	image=0	bad=0
Z	carat/tables/qcatalog/dim5/dir.2-2;1;1;1/ordnung.12/(1)^4(3)^1(12)^1(36)^1/min.120	4	8	8	method=1	log2H=3.58	image=0	bad=0
father: level 1 number of orbits 1 lengths 3
father: level 1 number of orbits 2 lengths 1
father: level 2 number of orbits 1 lengths 1
Z	carat/tables/qcatalog/dim5/dir.2-2;1;1;1/ordnung.12/(1)^4(3)^1(12)^1(36)^1/min.120	5	4	4	method=1	log2H=2.58	image=0	bad=0
Z	carat/tables/qcatalog/dim5/dir.2-2;1;1;1/ordnung.12/(1)^4(3)^1(12)^1(36)^1/min.119	1	10	10	method=1	log2H=4.00	image=0	bad=0
Z	carat/tables/qcatalog/dim5/dir.2-2;1;1;1/ordnung.12/(1)^4(3)^1(12)^1(36)^1/min.120	6	32	32	method=1	log2H=5.58	image=0	bad=0
Z	carat/tables/qcatalog/dim5/dir.2-2;1;1;1/ordnung.12/(1)^4(3)^1(12)^1(36)^1/min.119	2	4	4	method=1	log2H=2.00	image=0	bad=0
father: level 1 number of orbits 1 lengths 3
father: level 1 number of orbits 2 lengths 1
Z	carat/tables/qcatalog/dim5/dir.2-2;1;1;1/ordnung.12/(1)^4(3)^1(12)^1(36)^1/min.120	7	8	8	method=1	log2H=3.58	image=0	bad=0
father: level 2 number of orbits 1 lengths 1
father: level 1 number of orbits 1 lengths 1
father: level 1 number of orbits 2 lengths 1
father: level 1 number of orbits 3 lengths 1
father: level 1 number of orbits 4 lengths 1
father: level 1 number of orbits 5 lengths 2
Z	carat/tables/qcatalog/dim5/dir.2-2;1;1;1/ordnung.12/(1)^4(3)^1(12)^1(36)^1/min.119	3	3	3	method=1	log2H=2.00	image=0	bad=0
father: level 2 number of orbits 1 lengths 1
father: level 2 number of orbits 2 lengths 2
Z	carat/tables/qcatalog/dim5/dir.2-2;1;1;1/ordnung.12/(1)^4(3)^1(12)^1(36)^1/min.120	8	8	8	method=1	log2H=3.58	image=0	bad=0
father: level 2 number of orbits 1 lengths 2
Z	carat/tables/qcatalog/dim5/dir.2-2;1;1;1/ordnung.12/(1)^3(4)^1(12)^1/min.117	1	4	4	method=1	log2H=3.00	image=0	bad=0
father: level 2 number of orbits 1 lengths 2
Z	carat/tables/qcatalog/dim5/dir.2-2;1;1;1/ordnung.24/(1)^3(4)^1(12)^1/group.380	2	8	8	method=1	log2H=3.00	image=0	bad=0
Z	carat/tables/qcatalog/dim5/dir.2-2;1;1;1/ordnung.12/(1)^4(3)^1(12)^1(36)^1/min.119	4	2	2	method=1	log2H=1.00	image=0	bad=0
father: level 2 number of orbits 1 lengths 2
Z	carat/tables/qcatalog/dim5/dir.2-2;1;1;1/ordnung.24/(1)^3(4)^1(12)^1/group.377	1	16	16	method=1	log2H=6.00	image=0	bad=0
father: level 3 number of orbits 1 lengths 2
Z	carat/tables/qcatalog/dim5/dir.2-2;1;1;1/ordnung.12/(1)^3(4)^1(12)^1/min.117	2	2	2	method=1	log2H=1.00	image=0	bad=0
Z	carat/tables/qcatalog/dim5/dir.2-2;1;1;1/ordnung.12/(1)^4(3)^1(12)^1(36)^1/min.120	9	8	8	method=1	log2H=3.58	image=0	bad=0
father: level 1 number of orbits 1 lengths 1
father: level 1 number of orbits 2 lengths 1
Z	carat/tables/qcatalog/dim5/dir.2-2;1;1;1/ordnung.12/(1)^3(4)^1(12)^1/min.117	3	1	1	method=0	log2H=0.00	image=0	bad=0
father: level 1 number of orbits 3 lengths 1
Z	carat/tables/qcatalog/dim5/dir.2-2;1;1;1/ordnung.12/(1)^4(3)^1(12)^1(36)^1/min.119	5	3	3	method=1	log2H=2.00	image=0	bad=0
father: level 1 number of orbits 4 lengths 1
father: level 1 number of orbits 5 lengths 2
father: level 2 number of orbits 1 lengths 1
father: level 2 number of orbits 2 lengths 2
father: level 2 number of orbits 1 lengths 2
Z	carat/tables/qcatalog/dim5/dir.2-2;1;1;1/ordnung.12/(1)^3(4)^1(12)^1/min.117	4	2	2	method=1	log2H=1.00	image=0	bad=0
father: level 2 number of orbits 1 lengths 2
father: level 2 number of orbits 1 lengths 2
Z	carat/tables/qcatalog/dim5/dir.2-2;1;1;1/ordnung.12/(1)^4(3)^1(12)^1(36)^1/min.119	6	10	10	method=1	log2H=4.00	image=0	bad=0
father: level 3 number of orbits 1 lengths 2
Z	carat/tables/qcatalog/dim5/dir.2-2;1;1;1/ordnung.24/(1)^3(4)^1(12)^1/group.377	2	6	6	method=1	log2H=3.00	image=0	bad=0
Z	carat/tables/qcatalog/dim5/dir.2-2;1;1;1/ordnung.12/(1)^4(3)^1(12)^1(36)^1/min.120	10	8	8	method=1	log2H=3.58	image=0	bad=0
Z	carat/tables/qcatalog/dim5/dir.2-2;1;1;1/ordnung.12/(1)^4(3)^1(12)^1(36)^1/min.119	7	4	4	method=1	log2H=2.00	image=0	bad=0
Z	carat/tables/qcatalog/dim5/dir.2-2;1;1;1/ordnung.24/(1)^3(4)^1(12)^1/group.377	3	2	2	method=1	log2H=1.00	image=0	bad=0
Z	carat/tables/qcatalog/dim5/dir.2-2;1;1;1/ordnung.24/(1)^3(4)^1(12)^1/group.380	3	6	6	method=1	log2H=3.00	image=0	bad=0
Z	carat/tables/qcatalog/dim5/dir.2-2;1,1,1/ordnung.12/(1)^2(3)^3/group.337	1	5	5	method=1	log2H=6.00	image=0	bad=0
Z	carat/tables/qcatalog/dim5/dir.2-2;1;1;1/ordnung.12/(1)^4(3)^1(12)^1(36)^1/min.119	8	3	3	method=1	log2H=2.00	image=0	bad=0
father: level 1 number of orbits 1 lengths 1
father: level 1 number of orbits 2 lengths 1
father: level 1 number of orbits 3 lengths 1
Z	carat/tables/qcatalog/dim5/dir.2-2;1;1;1/ordnung.12/(1)^4(3)^1(12)^1(36)^1/min.119	9	2	2	method=1	log2H=1.00	image=0	bad=0
father: level 1 number of orbits 4 lengths 1
father: level 1 number of orbits 5 lengths 2
Z	carat/tables/qcatalog/dim5/dir.2-2;1;1;1/ordnung.12/(1)^4(3)^1(12)^1(36)^1/min.120	11	4	4	method=1	log2H=2.58	image=0	bad=0
father: level 2 number of orbits 1 lengths 1
Z	carat/tables/qcatalog/dim5/dir.2-2;1;1;1/ordnung.24/(1)^3(4)^1(12)^1/group.380	4	2	2	method=1	log2H=1.00	image=0	bad=0
father: level 2 number of orbits 2 lengths 2
father: level 2 number of orbits 1 lengths 2
Z	carat/tables/qcatalog/dim5/dir.2-2;1;1;1/ordnung.12/(1)^4(3)^1(12)^1(36)^1/min.119	10	10	10	method=1	log2H=4.00	image=0	bad=0
father: level 2 number of orbits 1 lengths 2
father: level 2 number of orbits 1 lengths 2
Z	carat/tables/qcatalog/dim5/dir.2-2;1;1;1/ordnung.12/(1)^4(3)^1(12)^1(36)^1/min.120	12	8	8	method=1	log2H=3.58	image=0	bad=0
father: level 3 number of orbits 1 lengths 2
Z	carat/tables/qcatalog/dim5/dir.2-2;1;1;1/ordnung.12/(1)^4(3)^1(12)^1(36)^1/min.119	11	3	3	method=1	log2H=2.00	image=0	bad=0
Z	carat/tables/qcatalog/dim5/dir.2-2;1;1;1/ordnung.24/(1)^3(4)^1(12)^1/group.377	4	4	4	method=1	log2H=3.00	image=0	bad=0
Z	carat/tables/qcatalog/dim5/dir.2-2;1;1;1/ordnung.12/(1)^4(3)^1(12)^1(36)^1/min.120	13	32	32	method=1	log2H=5.58	image=0	bad=0
Z	carat/tables/qcatalog/dim5/dir.2-2;1;1;1/ordnung.24/(1)^3(4)^1(12)^1/group.380	5	6	6	method=1	log2H=3.00	image=0	bad=0
Z	carat/tables/qcatalog/dim5/dir.2-2;1;1;1/ordnung.12/(1)^3(3)^2(36)^2/min.115	1	32	32	method=1	log2H=5.58	image=0	bad=0
Z	carat/tables/qcatalog/dim5/dir.2-2;1;1;1/ordnung.12/(1)^4(3)^1(12)^1(36)^1/min.119	12	4	4	method=1	log2H=2.00	image=0	bad=0
Z	carat/tables/qcatalog/dim5/dir.2-2;1;1;1/ordnung.12/(1)^4(3)^1(12)^1(36)^1/min.120	14	8	8	method=1	log2H=3.58	image=0	bad=0
Z	carat/tables/qcatalog/dim5/dir.2-2;1;1;1/ordnung.12/(1)^4(3)^1(12)^1(36)^1/min.119	13	3	3	method=1	log2H=2.00	image=0	bad=0
Z	carat/tables/qcatalog/dim5/dir.2-2;1;1;1/ordnung.12/(1)^3(3)^2(36)^2/min.115	2	8	8	method=1	log2H=3.58	image=0	bad=0
Z	carat/tables/qcatalog/dim5/dir.2-2;1;1;1/ordnung.12/(1)^4(3)^1(12)^1(36)^1/min.120	15	8	8	method=1	log2H=3.58	image=0	bad=0
Z	carat/tables/qcatalog/dim5/dir.2-2;1;1;1/ordnung.12/(1)^4(3)^1(12)^1(36)^1/min.119	14	2	2	method=1	log2H=1.00	image=0	bad=0
Z	carat/tables/qcatalog/dim5/dir.2-2;1;1;1/ordnung.12/(1)^3(3)^2(36)^2/min.115	3	8	8	method=1	log2H=3.58	image=0	bad=0
Z	carat/tables/qcatalog/dim5/dir.2-2;1;1;1/ordnung.12/(1)^4(3)^1(12)^1(36)^1/min.120	16	8	8	method=1	log2H=3.58	image=0	bad=0
Z	carat/tables/qcatalog/dim5/dir.2-2;1;1;1/ordnung.12/(1)^4(3)^1(12)^1(36)^1/min.119	15	3	3	method=1	log2H=2.00	image=0	bad=0
Z	carat/tables/qcatalog/dim5/dir.2-2;1;1;1/ordnung.12/(1)^3(3)^2(36)^2/min.115	4	8	8	method=1	log2H=3.58	image=0	bad=0
Z	carat/tables/qcatalog/dim5/dir.2-2;1;1;1/ordnung.12/(1)^4(3)^1(12)^1(36)^1/min.120	17	4	4	method=1	log2H=2.58	image=0	bad=0
Z	carat/tables/qcatalog/dim5/dir.2-2;1;1;1/ordnung.24/(1)^3(3)^2(36)^2/group.375	1	64	64	method=1	log2H=6.00	image=0	bad=0
Z	carat/tables/qcatalog/dim5/dir.2-2;1;1;1/ordnung.12/(1)^4(3)^1(12)^1(36)^1/min.120	18	8	8	method=1	log2H=3.58	image=0	bad=0
Z	carat/tables/qcatalog/dim5/dir.2-2;1;1;1/ordnung.12/(1)^3(3)^2(36)^2/min.115	5	4	4	method=1	log2H=2.58	image=0	bad=0
father: level 1 number of orbits 1 lengths 2
father: level 1 number of orbits 2 lengths 1
father: level 1 number of orbits 3 lengths 1
father: level 2 number of orbits 1 lengths 1
Z	carat/tables/qcatalog/dim5/dir.2-2;1;1;1/ordnung.12/(1)^3(3)^2(36)^2/min.115	6	32	32	method=1	log2H=5.58	image=0	bad=0
father: level 1 number of orbits 1 lengths 2
father: level 1 number of orbits 2 lengths 1
father: level 1 number of orbits 3 lengths 1
father: level 1 number of orbits 4 lengths 2
father: level 2 number of orbits 1 lengths 1
Z	carat/tables/qcatalog/dim5/dir.2-2;1;1;1/ordnung.24/(1)^3(3)^2(36)^2/group.375	2	8	8	method=1	log2H=3.00	image=0	bad=0
father: level 2 number of orbits 2 lengths 4
father: level 2 number of orbits 1 lengths 2
Z	carat/tables/qcatalog/dim5/dir.2-2;1;1;1/ordnung.12/(1)^3(3)^2(36)^2/min.115	7	8	8	method=1	log2H=3.58	image=0	bad=0
father: level 2 number of orbits 1 lengths 2
father: level 3 number of orbits 1 lengths 2
Z	carat/tables/qcatalog/dim5/dir.2-2;1;1;1/ordnung.12/(1)^3(3)^2(36)^2/min.115	8	8	8	method=1	log2H=3.58	image=0	bad=0
Z	carat/tables/qcatalog/dim5/dir.2-2;1;1;1/ordnung.24/(1)^3(3)^2(36)^2/group.375	3	8	8	method=1	log2H=3.00	image=0	bad=0
Z	carat/tables/qcatalog/dim5/dir.2-2;1;1;1/ordnung.12/(1)^3(3)^2(36)^2/min.115	9	8	8	method=1	log2H=3.58	image=0	bad=0
father: level 1 number of orbits 1 lengths 2
father: level 1 number of orbits 2 lengths 1
father: level 1 number of orbits 3 lengths 1
father: level 1 number of orbits 4 lengths 2
father: level 2 number of orbits 1 lengths 1
father: level 2 number of orbits 2 lengths 4
father: level 2 number of orbits 1 lengths 2
Z	carat/tables/qcatalog/dim5/dir.2-2;1;1;1/ordnung.12/(1)^3(3)^2(36)^2/min.115	10	8	8	method=1	log2H=3.58	image=0	bad=0
father: level 2 number of orbits 1 lengths 2
father: level 3 number of orbits 1 lengths 2
Z	carat/tables/qcatalog/dim5/dir.2-2;1;1;1/ordnung.12/(1)^3(3)^2(36)^2/min.115	11	4	4	method=1	log2H=2.58	image=0	bad=0
father: level 1 number of orbits 1 lengths 2
Z	carat/tables/qcatalog/dim5/dir.2-2;1;1;1/ordnung.24/(1)^3(3)^2(36)^2/group.375	4	8	8	method=1	log2H=3.00	image=0	bad=0
father: level 1 number of orbits 2 lengths 1
father: level 1 number of orbits 3 lengths 1
father: level 2 number of orbits 1 lengths 1
Z	carat/tables/qcatalog/dim5/dir.2-2;1;1;1/ordnung.12/(1)^3(3)^2(36)^2/min.115	12	8	8	method=1	log2H=3.58	image=0	bad=0
Z	carat/tables/qcatalog/dim5/dir.2-2;1;1;1/ordnung.24/(1)^3(3)^2(36)^2/group.375	5	2	2	method=1	log2H=1.00	image=0	bad=0
Z	carat/tables/qcatalog/dim5/dir.2-2;1;1;1/ordnung.12/(1)^3(3)^2(36)^2/min.115	13	32	32	method=1	log2H=5.58	image=0	bad=0
Z	carat/tables/qcatalog/dim5/dir.2-2;1;1;1/ordnung.12/(1)^3(3)^2(36)^2/min.115	14	8	8	method=1	log2H=3.58	image=0	bad=0
Z	carat/tables/qcatalog/dim5/dir.2-2;1;1;1/ordnung.24/(1)^4(3)^1(12)^1(36)^1/group.382	1	36	36	method=1	log2H=6.00	image=0	bad=0
father: level 1 number of orbits 1 lengths 2
father: level 1 number of orbits 2 lengths 1
Z	carat/tables/qcatalog/dim5/dir.2-2;1;1;1/ordnung.12/(1)^3(3)^2(36)^2/min.115	15	8	8	method=1	log2H=3.58	image=0	bad=0
father: level 1 number of orbits 3 lengths 1
father: level 2 number of orbits 1 lengths 1
Z	carat/tables/qcatalog/dim5/dir.2-2;1;1;1/ordnung.24/(1)^3(3)^2(36)^2/group.375	6	64	64	method=1	log2H=6.00	image=0	bad=0
Z	carat/tables/qcatalog/dim5/dir.2-2;1;1;1/ordnung.12/(1)^3(3)^2(36)^2/min.115	16	8	8	method=1	log2H=3.58	image=0	bad=0
Z	carat/tables/qcatalog/dim5/dir.2-2;1;1;1/ordnung.12/(1)^3(3)^2(36)^2/min.115	17	4	4	method=1	log2H=2.58	image=0	bad=0
Z	carat/tables/qcatalog/dim5/dir.2-2;1;1;1/ordnung.24/(1)^4(3)^1(12)^1(36)^1/group.384	1	72	72	method=1	log2H=7.00	image=0	bad=0
Z	carat/tables/qcatalog/dim5/dir.2-2;1;1;1/ordnung.12/(1)^3(3)^2(36)^2/min.115	18	16	16	method=1	log2H=4.00	image=0	bad=0
Z	carat/tables/qcatalog/dim5/dir.2-2;1;1;1/ordnung.24/(1)^3(3)^2(36)^2/group.375	7	8	8	method=1	log2H=3.00	image=0	bad=0
Z	carat/tables/qcatalog/dim5/dir.2-2;1;1;1/ordnung.12/(1)^3(3)^2(36)^2/min.115	19	8	8	method=1	log2H=3.58	image=0	bad=0
Z	carat/tables/qcatalog/dim5/dir.2-2;1;1;1/ordnung.24/(1)^3(4)^1(12)^1/group.379	1	144	144	method=1	log2H=8.58	image=0	bad=0
Z	carat/tables/qcatalog/dim5/dir.2-2;1;1;1/ordnung.12/(1)^3(3)^2(36)^2/min.115	20	4	4	method=1	log2H=2.00	image=0	bad=0
Z	carat/tables/qcatalog/dim5/dir.2-2;1;1;1/ordnung.24/(1)^4(3)^1(12)^1(36)^1/group.384	2	16	16	method=1	log2H=4.00	image=0	bad=0
Z	carat/tables/qcatalog/dim5/dir.2-2;1;1;1/ordnung.24/(1)^3(3)^2(36)^2/group.375	8	8	8	method=1	log2H=3.00	image=0	bad=0
Z	carat/tables/qcatalog/dim5/dir.2-2;1;1;1/ordnung.12/(1)^3(3)^2(36)^2/min.115	21	4	4	method=1	log2H=2.00	image=0	bad=0
Z	carat/tables/qcatalog/dim5/dir.2-2;1;1;1/ordnung.12/(1)^3(3)^2(36)^2/min.115	22	4	4	method=1	log2H=2.00	image=0	bad=0
Z	carat/tables/qcatalog/dim5/dir.2-2;1;1;1/ordnung.24/(1)^3(4)^1(12)^1/group.379	2	32	32	method=1	log2H=5.58	image=0	bad=0
Z	carat/tables/qcatalog/dim5/dir.2-2;1;1;1/ordnung.24/(1)^4(3)^1(12)^1(36)^1/group.384	3	12	12	method=1	log2H=4.00	image=0	bad=0
Z	carat/tables/qcatalog/dim5/dir.2-2;1;1;1/ordnung.24/(1)^3(3)^2(36)^2/group.375	9	8	8	method=1	log2H=3.00	image=0	bad=0
Z	carat/tables/qcatalog/dim5/dir.2-2;1;1;1/ordnung.24/(1)^4(3)^1(12)^1(36)^1/group.382	2	8	8	method=1	log2H=3.00	image=0	bad=0
Z	carat/tables/qcatalog/dim5/dir.2-2;1;1;1/ordnung.24/(1)^4(3)^1(12)^1(36)^1/group.384	4	4	4	method=1	log2H=2.00	image=0	bad=0
Z	carat/tables/qcatalog/dim5/dir.2-2;1;1;1/ordnung.24/(1)^3(4)^1(12)^1/group.379	3	24	24	method=1	log2H=5.58	image=0	bad=0
father: level 1 number of orbits 1 lengths 2
father: level 1 number of orbits 2 lengths 1
Z	carat/tables/qcatalog/dim5/dir.2-2;1;1;1/ordnung.24/(1)^3(3)^2(36)^2/group.375	10	8	8	method=1	log2H=3.00	image=0	bad=0
father: level 1 number of orbits 3 lengths 1
father: level 2 number of orbits 1 lengths 1
Z	carat/tables/qcatalog/dim5/dir.2-2;1;1;1/ordnung.12/(1)^3(3)^2(36)^2/min.115	23	2	2	method=1	log2H=1.00	image=0	bad=0
Z	carat/tables/qcatalog/dim5/dir.2-2;1;1;1/ordnung.24/(1)^3(4)^1(12)^1/group.379	4	8	8	method=1	log2H=3.58	image=0	bad=0
Z	carat/tables/qcatalog/dim5/dir.2-2;1;1;1/ordnung.24/(1)^4(3)^1(12)^1(36)^1/group.384	5	72	72	method=1	log2H=7.00	image=0	bad=0
Z	carat/tables/qcatalog/dim5/dir.2-2;1;1;1/ordnung.24/(1)^3(3)^2(36)^2/group.375	11	2	2	method=1	log2H=1.00	image=0	bad=0
Z	carat/tables/qcatalog/dim5/dir.2-2;1;1;1/ordnung.12/(1)^3(3)^2(36)^2/min.115	24	4	4	method=1	log2H=2.00	image=0	bad=0
Z	carat/tables/qcatalog/dim5/dir.2-2;1;1;1/ordnung.24/(1)^5(12)^2/group.394	1	80	80	method=1	log2H=7.58	image=0	bad=0
Z	carat/tables/qcatalog/dim5/dir.2-2;1;1;1/ordnung.24/(1)^3(4)^1(12)^1/group.379	5	20	20	method=1	log2H=5.58	image=0	bad=0
Z	carat/tables/qcatalog/dim5/dir.2-2;1;1;1/ordnung.24/(1)^4(3)^1(12)^1(36)^1/group.384	6	10	10	method=1	log2H=4.00	image=0	bad=0
Z	carat/tables/qcatalog/dim5/dir.2-2;1;1;1/ordnung.24/(1)^4(3)^1(12)^1(36)^1/group.382	3	6	6	method=1	log2H=3.00	image=0	bad=0
Z	carat/tables/qcatalog/dim5/dir.2-2;1;1;1/ordnung.24/(1)^3(3)^2(36)^2/group.375	12	8	8	method=1	log2H=3.00	image=0	bad=0
Z	carat/tables/qcatalog/dim5/dir.2-2;1;1;1/ordnung.24/(1)^5(12)^2/group.394	2	16	16	method=1	log2H=4.58	image=0	bad=0
father: level 1 number of orbits 1 lengths 1
father: level 1 number of orbits 2 lengths 1
Z	carat/tables/qcatalog/dim5/dir.2-2;1;1;1/ordnung.24/(1)^4(3)^1(12)^1(36)^1/group.382	4	2	2	method=1	log2H=1.00	image=0	bad=0
father: level 1 number of orbits 3 lengths 1
father: level 1 number of orbits 4 lengths 1
Z	carat/tables/qcatalog/dim5/dir.2-2;1;1;1/ordnung.24/(1)^4(3)^1(12)^1(36)^1/group.384	7	16	16	method=1	log2H=4.00	image=0	bad=0
father: level 2 number of orbits 1 lengths 1
Z	carat/tables/qcatalog/dim5/dir.2-2;1;1;1/ordnung.24/(1)^5(12)^2/group.394	3	16	16	method=1	log2H=4.58	image=0	bad=0
Z	carat/tables/qcatalog/dim5/dir.2-2;1;1;1/ordnung.24/(1)^4(3)^1(12)^1(36)^1/group.384	8	12	12	method=1	log2H=4.00	image=0	bad=0
Z	carat/tables/qcatalog/dim5/dir.2-2;1;1;1/ordnung.24/(1)^5(12)^2/group.394	4	4	4	method=1	log2H=2.58	image=0	bad=0
Z	carat/tables/qcatalog/dim5/dir.2-2;1;1;1/ordnung.24/(1)^5(12)^2/group.396	1	256	256	method=1	log2H=8.58	image=0	bad=0
Z	carat/tables/qcatalog/dim5/dir.2-2;1;1;1/ordnung.24/(1)^4(3)^1(12)^1(36)^1/group.384	9	4	4	method=1	log2H=2.00	image=0	bad=0
Z	carat/tables/qcatalog/dim5/dir.2-2;1;1;1/ordnung.24/(1)^4(3)^1(12)^1(36)^1/group.382	5	6	6	method=1	log2H=3.00	image=0	bad=0
Z	carat/tables/qcatalog/dim5/dir.2-2;1;1;1/ordnung.24/(1)^5(12)^2/group.394	5	12	12	method=1	log2H=4.58	image=0	bad=0
father: level 1 number of orbits 1 lengths 2
father: level 1 number of orbits 2 lengths 1
father: level 1 number of orbits 3 lengths 1
Z	carat/tables/qcatalog/dim5/dir.2-2;1;1;1/ordnung.24/(1)^4(3)^1(12)^1(36)^1/group.384	10	10	10	method=1	log2H=4.00	image=0	bad=0
father: level 2 number of orbits 1 lengths 1
Z	carat/tables/qcatalog/dim5/dir.2-2;1;1;1/ordnung.24/(1)^5(12)^2/group.396	2	32	32	method=1	log2H=5.58	image=0	bad=0
father: level 1 number of orbits 1 lengths 2
father: level 1 number of orbits 2 lengths 1
father: level 1 number of orbits 3 lengths 1
father: level 1 number of orbits 4 lengths 2
father: level 2 number of orbits 1 lengths 1
father: level 2 number of orbits 2 lengths 4
father: level 2 number of orbits 1 lengths 2
father: level 2 number of orbits 1 lengths 2
father: level 3 number of orbits 1 lengths 2
Z	carat/tables/qcatalog/dim5/dir.2-2;1;1;1/ordnung.24/(1)^4(3)^1(12)^1(36)^1/group.384	11	72	72	method=1	log2H=7.00	image=0	bad=0
Z	carat/tables/qcatalog/dim5/dir.2-2;1;1;1/ordnung.24/(1)^5(12)^2/group.396	3	32	32	method=1	log2H=5.58	image=0	bad=0
father: level 1 number of orbits 1 lengths 2
father: level 1 number of orbits 2 lengths 1
father: level 1 number of orbits 3 lengths 1
father: level 1 number of orbits 4 lengths 2
father: level 2 number of orbits 1 lengths 1
father: level 2 number of orbits 2 lengths 4
father: level 2 number of orbits 1 lengths 2
father: level 2 number of orbits 1 lengths 2
father: level 3 number of orbits 1 lengths 2
Z	carat/tables/qcatalog/dim5/dir.2-2;1;1;1/ordnung.24/(1)^4(3)^1(12)^1(36)^1/group.382	6	36	36	method=1	log2H=6.00	image=0	bad=0
father: level 1 number of orbits 1 lengths 2
father: level 1 number of orbits 2 lengths 1
father: level 1 number of orbits 3 lengths 1
father: level 2 number of orbits 1 lengths 1
Z	carat/tables/qcatalog/dim5/dir.2-2;1;1;1/ordnung.12/(1)^4(3)^1(12)^1(36)^1/min.121	1	12	12	method=1	log2H=4.58	image=0	bad=0
Z	carat/tables/qcatalog/dim5/dir.2-2;1;1;1/ordnung.24/(1)^4(3)^1(12)^1(36)^1/group.382	7	8	8	method=1	log2H=3.00	image=0	bad=0
Z	carat/tables/qcatalog/dim5/dir.2-2;1;1;1/ordnung.12/(1)^4(3)^1(12)^1(36)^1/min.121	2	4	4	method=1	log2H=2.58	image=0	bad=0
Z	carat/tables/qcatalog/dim5/dir.2-2;1;1;1/ordnung.24/(1)^4(3)^1(12)^1(36)^1/group.384	12	16	16	method=1	log2H=4.00	image=0	bad=0
Z	carat/tables/qcatalog/dim5/dir.2-2;1;1;1/ordnung.24/(1)^5(12)^2/group.396	4	32	32	method=1	log2H=5.58	image=0	bad=0
Z	carat/tables/qcatalog/dim5/dir.2-2;1;1;1/ordnung.12/(1)^4(3)^1(12)^1(36)^1/min.121	3	4	4	method=1	log2H=2.58	image=0	bad=0
Z	carat/tables/qcatalog/dim5/dir.2-2;1;1;1/ordnung.24/(1)^4(3)^1(12)^1(36)^1/group.382	8	6	6	method=1	log2H=3.00	image=0	bad=0
Z	carat/tables/qcatalog/dim5/dir.2-2;1;1;1/ordnung.12/(1)^4(3)^1(12)^1(36)^1/min.121	4	2	2	method=1	log2H=1.58	image=0	bad=0
Z	carat/tables/qcatalog/dim5/dir.2-2;1;1;1/ordnung.12/(1)^4(3)^1(12)^1(36)^1/min.121	5	4	4	method=1	log2H=2.58	image=0	bad=0
Z	carat/tables/qcatalog/dim5/dir.2-2;1;1;1/ordnung.24/(1)^4(3)^1(12)^1(36)^1/group.382	9	2	2	method=1	log2H=1.00	image=0	bad=0
Z	carat/tables/qcatalog/dim5/dir.2-2;1;1;1/ordnung.12/(1)^4(3)^1(12)^1(36)^1/min.121	6	12	12	method=1	log2H=4.58	image=0	bad=0
Z	carat/tables/qcatalog/dim5/dir.2-2;1;1;1/ordnung.24/(1)^4(3)^1(12)^1(36)^1/group.381	1	72	72	method=1	log2H=7.58	image=0	bad=0
Z	carat/tables/qcatalog/dim5/dir.2-2;1;1;1/ordnung.12/(1)^4(3)^1(12)^1(36)^1/min.121	7	4	4	method=1	log2H=2.58	image=0	bad=0
Z	carat/tables/qcatalog/dim5/dir.2-2;1;1;1/ordnung.24/(1)^5(12)^2/group.396	5	8	8	method=1	log2H=3.58	image=0	bad=0
Z	carat/tables/qcatalog/dim5/dir.2-2;1;1;1/ordnung.12/(1)^4(3)^1(12)^1(36)^1/min.121	8	4	4	method=1	log2H=2.58	image=0	bad=0
Z	carat/tables/qcatalog/dim5/dir.2-2;1;1;1/ordnung.24/(1)^4(3)^1(12)^1(36)^1/group.382	10	36	36	method=1	log2H=6.00	image=0	bad=0
father: level 1 number of orbits 1 lengths 3
father: level 1 number of orbits 2 lengths 1
Z	carat/tables/qcatalog/dim5/dir.2-2;1;1;1/ordnung.24/(1)^4(3)^1(12)^1(36)^1/group.384	13	12	12	method=1	log2H=4.00	image=0	bad=0
Z	carat/tables/qcatalog/dim5/dir.2-2;1;1;1/ordnung.12/(1)^4(3)^1(12)^1(36)^1/min.121	9	2	2	method=1	log2H=1.58	image=0	bad=0
father: level 2 number of orbits 1 lengths 1
father: level 1 number of orbits 1 lengths 2
Z	carat/tables/qcatalog/dim5/dir.2-2;1;1;1/ordnung.24/(1)^4(3)^1(12)^1(36)^1/group.381	2	16	16	method=1	log2H=4.58	image=0	bad=0
father: level 1 number of orbits 2 lengths 1
father: level 1 number of orbits 3 lengths 1
Z	carat/tables/qcatalog/dim5/dir.2-2;1;1;1/ordnung.12/(1)^4(3)^1(12)^1(36)^1/min.121	10	6	6	method=1	log2H=3.00	image=0	bad=0
father: level 2 number of orbits 1 lengths 1
Z	carat/tables/qcatalog/dim5/dir.2-2;1;1;1/ordnung.12/(1)^4(3)^1(12)^1(36)^1/min.121	11	4	4	method=1	log2H=2.58	image=0	bad=0
Z	carat/tables/qcatalog/dim5/dir.2-2;1;1;1/ordnung.24/(1)^4(3)^1(12)^1(36)^1/group.384	14	4	4	method=1	log2H=2.00	image=0	bad=0
Z	carat/tables/qcatalog/dim5/dir.2-2;1;1;1/ordnung.24/(1)^4(3)^1(12)^1(36)^1/group.381	3	12	12	method=1	log2H=4.58	image=0	bad=0
father: level 1 number of orbits 1 lengths 2
Z	carat/tables/qcatalog/dim5/dir.2-2;1;1;1/ordnung.12/(1)^4(3)^1(12)^1(36)^1/min.121	12	2	2	method=1	log2H=1.00	image=0	bad=0
father: level 1 number of orbits 2 lengths 1
father: level 1 number of orbits 3 lengths 1
Z	carat/tables/qcatalog/dim5/dir.2-2;1;1;1/ordnung.24/(1)^5(12)^2/group.396	6	32	32	method=1	log2H=5.58	image=0	bad=0
father: level 2 number of orbits 1 lengths 1
Z	carat/tables/qcatalog/dim5/dir.2-2;1;1;1/ordnung.12/(1)^4(3)^1(12)^1(36)^1/min.121	13	2	2	method=1	log2H=1.00	image=0	bad=0
Z	carat/tables/qcatalog/dim5/dir.2-2;1;1;1/ordnung.24/(1)^4(3)^1(12)^1(36)^1/group.384	15	10	10	method=1	log2H=4.00	image=0	bad=0
Z	carat/tables/qcatalog/dim5/dir.2-2;1;1;1/ordnung.24/(1)^4(3)^1(12)^1(36)^1/group.381	4	4	4	method=1	log2H=2.58	image=0	bad=0
Z	carat/tables/qcatalog/dim5/dir.2-2;1;1;1/ordnung.12/(1)^4(3)^1(12)^1(36)^1/min.121	14	1	1	method=0	log2H=0.00	image=0	bad=0
father: level 1 number of orbits 1 lengths 1
Z	carat/tables/qcatalog/dim5/dir.2-2;1;1;1/ordnung.48/(1)^5(12)^2/group.400	1	120	120	method=1	log2H=9.00	image=0	bad=0
father: level 1 number of orbits 1 lengths 3
Z	carat/tables/qcatalog/dim5/dir.2-2;1;1;1/ordnung.24/(1)^4(3)^1(12)^1(36)^1/group.382	11	6	6	method=1	log2H=3.00	image=0	bad=0
father: level 1 number of orbits 2 lengths 1
father: level 1 number of orbits 2 lengths 1
father: level 1 number of orbits 3 lengths 1
father: level 1 number of orbits 4 lengths 1
Z	carat/tables/qcatalog/dim5/dir.2-2;1;1;1/ordnung.12/(1)^4(3)^1(12)^1(36)^1/min.121	15	2	2	method=1	log2H=1.00	image=0	bad=0
father: level 2 number of orbits 1 lengths 1
father: level 1 number of orbits 5 lengths 2
father: level 2 number of orbits 1 lengths 1
father: level 1 number of orbits 1 lengths 1
father: level 1 number of orbits 2 lengths 1
father: level 2 number of orbits 2 lengths 2
father: level 1 number of orbits 3 lengths 1
father: level 1 number of orbits 1 lengths 3
father: level 1 number of orbits 4 lengths 1
father: level 1 number of orbits 2 lengths 1
father: level 2 number of orbits 1 lengths 2
father: level 2 number of orbits 1 lengths 1
father: level 2 number of orbits 1 lengths 1
father: level 2 number of orbits 1 lengths 2
Z	carat/tables/qcatalog/dim5/dir.2-2;1;1;1/ordnung.24/(1)^4(3)^1(12)^1(36)^1/group.381	5	36	36	method=1	log2H=6.00	image=0	bad=0
father: level 2 number of orbits 1 lengths 2
father: level 3 number of orbits 1 lengths 2
Z	carat/tables/qcatalog/dim5/dir.2-2;1;1;1/ordnung.24/(1)^4(3)^1(12)^1(36)^1/group.382	12	8	8	method=1	log2H=3.00	image=0	bad=0
Z	carat/tables/qcatalog/dim5/dir.2-2;1;1;1/ordnung.48/(1)^5(12)^2/group.400	2	32	32	method=1	log2H=5.00	image=0	bad=0
Z	carat/tables/qcatalog/dim5/dir.2-2;1;1;1/ordnung.24/(1)^4(3)^1(12)^1(36)^1/group.381	6	12	12	method=1	log2H=4.58	image=0	bad=0
Z	carat/tables/qcatalog/dim5/dir.2-2;1;1;1/ordnung.24/(1)^5(12)^2/group.392	1	36	36	method=1	log2H=6.00	image=0	bad=0
Z	carat/tables/qcatalog/dim5/dir.2-2;1;1;1/ordnung.24/(1)^5(12)^2/group.388	1	20	20	method=1	log2H=6.00	image=0	bad=0
father: level 1 number of orbits 1 lengths 1
father: level 1 number of orbits 2 lengths 1
father: level 1 number of orbits 3 lengths 1
father: level 1 number of orbits 4 lengths 1
father: level 2 number of orbits 1 lengths 1
Z	carat/tables/qcatalog/dim5/dir.2-2;1;1;1/ordnung.24/(1)^4(3)^1(12)^1(36)^1/group.382	13	6	6	method=1	log2H=3.00	image=0	bad=0
Z	carat/tables/qcatalog/dim5/dir.2-2;1;1;1/ordnung.24/(1)^5(12)^2/group.395	1	64	64	method=1	log2H=6.00	image=0	bad=0
Z	carat/tables/qcatalog/dim5/dir.2-2;1;1;1/ordnung.24/(1)^5(12)^2/group.392	2	8	8	method=1	log2H=3.00	image=0	bad=0
Z	carat/tables/qcatalog/dim5/dir.2-2;1;1;1/ordnung.24/(1)^4(3)^1(12)^1(36)^1/group.381	7	8	8	method=1	log2H=3.00	image=0	bad=0
Z	carat/tables/qcatalog/dim5/dir.2-2;1;1;1/ordnung.48/(1)^5(12)^2/group.400	3	4	4	method=1	log2H=2.00	image=0	bad=0
Z	carat/tables/qcatalog/dim5/dir.2-2;1;1;1/ordnung.24/(1)^5(12)^2/group.388	2	8	8	method=1	log2H=3.00	image=0	bad=0
Z	carat/tables/qcatalog/dim5/dir.2-2;1;1;1/ordnung.24/(1)^4(3)^1(12)^1(36)^1/group.382	14	2	2	method=1	log2H=1.00	image=0	bad=0
Z	carat/tables/qcatalog/dim5/dir.2-2;1;1;1/ordnung.24/(1)^5(12)^2/group.392	3	6	6	method=1	log2H=3.00	image=0	bad=0
Z	carat/tables/qcatalog/dim5/dir.2-2;1;1;1/ordnung.24/(1)^4(3)^1(12)^1(36)^1/group.381	8	6	6	method=1	log2H=3.00	image=0	bad=0
Z	carat/tables/qcatalog/dim5/dir.2-2;1;1;1/ordnung.24/(1)^5(12)^2/group.395	2	8	8	method=1	log2H=3.00	image=0	bad=0
Z	carat/tables/qcatalog/dim5/dir.2-2;1;1;1/ordnung.24/(1)^4(3)^1(12)^1(36)^1/group.382	15	6	6	method=1	log2H=3.00	image=0	bad=0
Z	carat/tables/qcatalog/dim5/dir.2-2;1;1;1/ordnung.48/(1)^5(12)^2/group.400	4	10	10	method=1	log2H=5.00	image=0	bad=0
Z	carat/tables/qcatalog/dim5/dir.2-2;1;1;1/ordnung.24/(1)^5(12)^2/group.388	3	2	2	method=1	log2H=1.00	image=0	bad=0
Z	carat/tables/qcatalog/dim5/dir.2-2;1;1;1/ordnung.24/(1)^5(12)^2/group.392	4	2	2	method=1	log2H=1.00	image=0	bad=0
Z	carat/tables/qcatalog/dim5/dir.2-2;1;1;1/ordnung.24/(1)^5(12)^2/group.388	4	4	4	method=1	log2H=3.00	image=0	bad=0
Z	carat/tables/qcatalog/dim5/dir.2-2;1;1;1/ordnung.24/(1)^5(12)^2/group.395	3	8	8	method=1	log2H=3.00	image=0	bad=0
Z	carat/tables/qcatalog/dim5/dir.2-2;1;1;1/ordnung.24/(1)^5(12)^2/group.392	5	6	6	method=1	log2H=3.00	image=0	bad=0
Z	carat/tables/qcatalog/dim5/dir.2-2;1;1;1/ordnung.24/(1)^5(12)^2/group.388	5	20	20	method=1	log2H=6.00	image=0	bad=0
Z	carat/tables/qcatalog/dim5/dir.2-2;1;1;1/ordnung.24/(1)^5(12)^2/group.395	4	8	8	method=1	log2H=3.00	image=0	bad=0
Z	carat/tables/qcatalog/dim5/dir.2-2;1;1;1/ordnung.24/(1)^5(12)^2/group.392	6	36	36	method=1	log2H=6.00	image=0	bad=0
father: level 1 number of orbits 1 lengths 3
father: level 1 number of orbits 2 lengths 1
father: level 2 number of orbits 1 lengths 1
Z	carat/tables/qcatalog/dim5/dir.2-2;1;1;1/ordnung.24/(1)^5(12)^2/group.395	5	2	2	method=1	log2H=1.00	image=0	bad=0
Z	carat/tables/qcatalog/dim5/dir.2-2;1;1;1/ordnung.24/(1)^5(12)^2/group.388	6	8	8	method=1	log2H=3.00	image=0	bad=0
Z	carat/tables/qcatalog/dim5/dir.2-2;1;1;1/ordnung.24/(1)^5(12)^2/group.392	7	8	8	method=1	log2H=3.00	image=0	bad=0
father: level 1 number of orbits 1 lengths 2
father: level 1 number of orbits 2 lengths 1
father: level 1 number of orbits 3 lengths 1
Z	carat/tables/qcatalog/dim5/dir.2-2;1;1;1/ordnung.24/(1)^4(3)^1(12)^1(36)^1/group.386	1	128	128	method=1	log2H=7.00	image=0	bad=0
father: level 2 number of orbits 1 lengths 1
Z	carat/tables/qcatalog/dim5/dir.2-2;1;1;1/ordnung.24/(1)^5(12)^2/group.388	7	2	2	method=1	log2H=1.00	image=0	bad=0
Z	carat/tables/qcatalog/dim5/dir.2-2;1;1;1/ordnung.24/(1)^5(12)^2/group.395	6	8	8	method=1	log2H=3.00	image=0	bad=0
Z	carat/tables/qcatalog/dim5/dir.2-2;1;1;1/ordnung.24/(1)^5(12)^2/group.392	8	6	6	method=1	log2H=3.00	image=0	bad=0
father: level 1 number of orbits 1 lengths 2
father: level 1 number of orbits 2 lengths 1
father: level 1 number of orbits 3 lengths 1
father: level 2 number of orbits 1 lengths 1
Z	carat/tables/qcatalog/dim5/dir.2-2;1;1;1/ordnung.24/(1)^5(12)^2/group.388	8	4	4	method=1	log2H=3.00	image=0	bad=0
Z	carat/tables/qcatalog/dim5/dir.2-2;1;1;1/ordnung.24/(1)^5(12)^2/group.392	9	2	2	method=1	log2H=1.00	image=0	bad=0
Z	carat/tables/qcatalog/dim5/dir.2-2;1;1;1/ordnung.48/(1)^3(4)^1(12)^1/group.397	1	104	104	method=1	log2H=9.00	image=0	bad=0
Z	carat/tables/qcatalog/dim5/dir.2-2;1;1;1/ordnung.24/(1)^4(3)^1(12)^1(36)^1/group.381	9	2	2	method=1	log2H=1.00	image=0	bad=0
Z	carat/tables/qcatalog/dim5/dir.2-2;1;1;1/ordnung.24/(1)^4(3)^1(12)^1(36)^1/group.386	2	16	16	method=1	log2H=4.00	image=0	bad=0
Z	carat/tables/qcatalog/dim5/dir.2-2;1;1;1/ordnung.24/(1)^5(12)^2/group.392	10	6	6	method=1	log2H=3.00	image=0	bad=0
Z	carat/tables/qcatalog/dim5/dir.2-2;1;1;1/ordnung.24/(1)^4(3)^1(12)^1(36)^1/group.381	10	6	6	method=1	log2H=3.00	image=0	bad=0
Z	carat/tables/qcatalog/dim5/dir.2-2;1;1;1/ordnung.24/(1)^5(12)^2/group.390	1	72	72	method=1	log2H=7.58	image=0	bad=0
Z	carat/tables/qcatalog/dim5/dir.2-2;1;1;1/ordnung.24/(1)^4(3)^1(12)^1(36)^1/group.386	3	16	16	method=1	log2H=4.00	image=0	bad=0
Z	carat/tables/qcatalog/dim5/dir.2-2;1;1;1/ordnung.48/(1)^3(4)^1(12)^1/group.397	2	24	24	method=1	log2H=5.00	image=0	bad=0
father: level 1 number of orbits 1 lengths 3
father: level 1 number of orbits 2 lengths 1
father: level 2 number of orbits 1 lengths 1
Z	carat/tables/qcatalog/dim5/dir.2-2;1;1;1/ordnung.24/(1)^4(3)^1(12)^1(36)^1/group.381	11	72	72	method=1	log2H=7.58	image=0	bad=0
Z	carat/tables/qcatalog/dim5/dir.2-2;1;1;1/ordnung.24/(1)^5(12)^2/group.390	2	16	16	method=1	log2H=4.58	image=0	bad=0
Z	carat/tables/qcatalog/dim5/dir.2-2;1;1;1/ordnung.24/(1)^4(3)^1(12)^1(36)^1/group.386	4	16	16	method=1	log2H=4.00	image=0	bad=0
Z	carat/tables/qcatalog/dim5/dir.2-2;1;1;1/ordnung.48/(1)^3(4)^1(12)^1/group.397	3	4	4	method=1	log2H=2.00	image=0	bad=0
Z	carat/tables/qcatalog/dim5/dir.2-2;1;1;1/ordnung.24/(1)^4(3)^1(12)^1(36)^1/group.381	12	16	16	method=1	log2H=4.58	image=0	bad=0
father: level 1 number of orbits 1 lengths 2
father: level 1 number of orbits 2 lengths 1
Z	carat/tables/qcatalog/dim5/dir.2-2;1;1;1/ordnung.24/(1)^5(12)^2/group.390	3	12	12	method=1	log2H=4.58	image=0	bad=0
father: level 1 number of orbits 3 lengths 1
father: level 2 number of orbits 1 lengths 1
Z	carat/tables/qcatalog/dim5/dir.2-2;1;1;1/ordnung.24/(1)^4(3)^1(12)^1(36)^1/group.386	5	4	4	method=1	log2H=2.00	image=0	bad=0
Z	carat/tables/qcatalog/dim5/dir.2-2;1;1;1/ordnung.24/(1)^4(3)^1(12)^1(36)^1/group.381	13	12	12	method=1	log2H=4.58	image=0	bad=0
Z	carat/tables/qcatalog/dim5/dir.2-2;1;1;1/ordnung.48/(1)^5(12)^2/group.401	1	104	104	method=1	log2H=9.00	image=0	bad=0
Z	carat/tables/qcatalog/dim5/dir.2-2;1;1;1/ordnung.24/(1)^5(12)^2/group.390	4	4	4	method=1	log2H=2.58	image=0	bad=0
Z	carat/tables/qcatalog/dim5/dir.2-2;1;1;1/ordnung.48/(1)^3(4)^1(12)^1/group.397	4	10	10	method=1	log2H=5.00	image=0	bad=0
Z	carat/tables/qcatalog/dim5/dir.2-2;1;1;1/ordnung.24/(1)^4(3)^1(12)^1(36)^1/group.386	6	128	128	method=1	log2H=7.00	image=0	bad=0
Z	carat/tables/qcatalog/dim5/dir.2-2;1;1;1/ordnung.24/(1)^4(3)^1(12)^1(36)^1/group.381	14	4	4	method=1	log2H=2.58	image=0	bad=0
Z	carat/tables/qcatalog/dim5/dir.2-2;1;1;1/ordnung.24/(1)^5(12)^2/group.390	5	12	12	method=1	log2H=4.58	image=0	bad=0
Z	carat/tables/qcatalog/dim5/dir.2-2;1;1;1/ordnung.24/(1)^4(3)^1(12)^1(36)^1/group.381	15	12	12	method=1	log2H=4.58	image=0	bad=0
father: level 1 number of orbits 1 lengths 3
father: level 1 number of orbits 2 lengths 1
father: level 2 number of orbits 1 lengths 1
Z	carat/tables/qcatalog/dim5/dir.2-2;1;1;1/ordnung.24/(1)^5(12)^2/group.390	6	72	72	method=1	log2H=7.58	image=0	bad=0
father: level 1 number of orbits 1 lengths 3
Z	carat/tables/qcatalog/dim5/dir.2-2;1;1;1/ordnung.48/(1)^5(12)^2/group.401	2	24	24	method=1	log2H=5.00	image=0	bad=0
father: level 1 number of orbits 2 lengths 1
father: level 2 number of orbits 1 lengths 1
Z	carat/tables/qcatalog/dim5/dir.2-2;1;1;1/ordnung.24/(1)^5(12)^2/group.390	7	16	16	method=1	log2H=4.58	image=0	bad=0
father: level 1 number of orbits 1 lengths 2
father: level 1 number of orbits 2 lengths 1
father: level 1 number of orbits 3 lengths 1
father: level 2 number of orbits 1 lengths 1
Z	carat/tables/qcatalog/dim5/dir.2-2;1;1;1/ordnung.48/(1)^5(12)^2/group.401	3	4	4	method=1	log2H=2.00	image=0	bad=0
Z	carat/tables/qcatalog/dim5/dir.2-2;1;1;1/ordnung.24/(1)^4(3)^1(12)^1(36)^1/group.386	7	16	16	method=1	log2H=4.00	image=0	bad=0
Z	carat/tables/qcatalog/dim5/dir.2-2;1;1;1/ordnung.24/(1)^5(12)^2/group.390	8	12	12	method=1	log2H=4.58	image=0	bad=0
father: level 1 number of orbits 1 lengths 2
father: level 1 number of orbits 2 lengths 1
father: level 1 number of orbits 3 lengths 1
Z	carat/tables/qcatalog/dim5/dir.2-2;1;1;1/ordnung.48/(1)^5(12)^2/group.404	1	544	544	method=1	log2H=10.00	image=0	bad=0
father: level 2 number of orbits 1 lengths 1
Z	carat/tables/qcatalog/dim5/dir.2-2;1;1;1/ordnung.48/(1)^5(12)^2/group.402	1	104	104	method=1	log2H=9.00	image=0	bad=0
father: level 1 number of orbits 1 lengths 2
father: level 1 number of orbits 2 lengths 1
father: level 1 number of orbits 3 lengths 1
Z	carat/tables/qcatalog/dim5/dir.2-2;1;1;1/ordnung.24/(1)^5(12)^2/group.393	1	72	72	method=1	log2H=7.00	image=0	bad=0
Z	carat/tables/qcatalog/dim5/dir.2-2;1;1;1/ordnung.48/(1)^5(12)^2/group.401	4	10	10	method=1	log2H=5.00	image=0	bad=0
father: level 1 number of orbits 4 lengths 2
Z	carat/tables/qcatalog/dim5/dir.2-2;1;1;1/ordnung.24/(1)^5(12)^2/group.390	9	4	4	method=1	log2H=2.58	image=0	bad=0
father: level 2 number of orbits 1 lengths 1
father: level 2 number of orbits 2 lengths 4
father: level 2 number of orbits 1 lengths 2
father: level 2 number of orbits 1 lengths 2
Z	carat/tables/qcatalog/dim5/dir.2-2;1;1;1/ordnung.24/(1)^5(12)^2/group.390	10	12	12	method=1	log2H=4.58	image=0	bad=0
father: level 3 number of orbits 1 lengths 2
father: level 1 number of orbits 1 lengths 1
father: level 1 number of orbits 2 lengths 2
Z	carat/tables/qcatalog/dim5/dir.2-2;1;1;1/ordnung.24/(1)^5(12)^2/group.393	2	16	16	method=1	log2H=4.00	image=0	bad=0
father: level 2 number of orbits 1 lengths 2
Z	carat/tables/qcatalog/dim5/dir.2-2;2-1;1/ordnung.12/(1)^2(3)^1(12)^2/min.122	1	1	1	method=0	log2H=0.00	image=0	bad=0
Z	carat/tables/qcatalog/dim5/dir.2-2;1;1;1/ordnung.48/(1)^5(12)^2/group.404	2	64	64	method=1	log2H=6.00	image=0	bad=0
Z	carat/tables/qcatalog/dim5/dir.2-2;2-1;1/ordnung.12/(1)^2(3)^1(12)^2/min.122	2	1	1	method=0	log2H=0.00	image=0	bad=0
Z	carat/tables/qcatalog/dim5/dir.2-2;2-1;1/ordnung.12/(1)^2(3)^1(12)^2/min.122	3	1	1	method=0	log2H=0.00	image=0	bad=0
Z	carat/tables/qcatalog/dim5/dir.2-2;2-1;1/ordnung.12/(1)^2(3)^1(12)^2/min.122	4	1	1	method=0	log2H=0.00	image=0	bad=0
Z	carat/tables/qcatalog/dim5/dir.2-2;1;1;1/ordnung.24/(1)^5(12)^2/group.393	3	12	12	method=1	log2H=4.00	image=0	bad=0
Z	carat/tables/qcatalog/dim5/dir.2-2;1;1;1/ordnung.24/(1)^4(3)^1(12)^1(36)^1/group.386	8	16	16	method=1	log2H=4.00	image=0	bad=0
Z	carat/tables/qcatalog/dim5/dir.2-2;1;1;1/ordnung.24/(1)^5(12)^2/group.393	4	4	4	method=1	log2H=2.00	image=0	bad=0
father: level 1 number of orbits 1 lengths 1
Z	carat/tables/qcatalog/dim5/dir.2-2;2-1;1/ordnung.12/(1)^3(4)^1(12)^1/min.124	1	6	6	method=1	log2H=3.58	image=0	bad=0
Z	carat/tables/qcatalog/dim5/dir.2-2;2-1;1/ordnung.12/(1)^3(4)^1(12)^1/min.124	2	4	4	method=1	log2H=2.58	image=0	bad=0
Z	carat/tables/qcatalog/dim5/dir.2-2;1;1;1/ordnung.24/(1)^5(12)^2/group.393	5	10	10	method=1	log2H=4.00	image=0	bad=0
Z	carat/tables/qcatalog/dim5/dir.2-2;1;1;1/ordnung.24/(1)^4(3)^1(12)^1(36)^1/group.386	9	16	16	method=1	log2H=4.00	image=0	bad=0
father: level 1 number of orbits 1 lengths 26
Z	carat/tables/qcatalog/dim5/dir.2-2;1;1;1/ordnung.24/(1)^4(3)^1(12)^1(36)^1/group.386	10	16	16	method=1	log2H=4.00	image=0	bad=0
father: level 1 number of orbits 1 lengths 1
father: level 1 number of orbits 1 lengths 2
father: level 1 number of orbits 2 lengths 1
father: level 1 number of orbits 2 lengths 2
father: level 1 number of orbits 3 lengths 1
father: level 2 number of orbits 1 lengths 2
father: level 1 number of orbits 4 lengths 2
father: level 2 number of orbits 1 lengths 1
Z	carat/tables/qcatalog/dim5/dir.2-2;1;1;1/ordnung.48/(1)^5(12)^2/group.404	3	48	48	method=1	log2H=6.00	image=0	bad=0
father: level 2 number of orbits 2 lengths 4
father: level 2 number of orbits 1 lengths 2
father: level 2 number of orbits 1 lengths 2
Z	carat/tables/qcatalog/dim5/dir.2-2;2-1;1/ordnung.12/(1)^2(3)^1(12)^2/min.123	1	6	6	method=1	log2H=3.58	image=0	bad=0
father: level 3 number of orbits 1 lengths 2
Z	carat/tables/qcatalog/dim5/dir.2-2;2-1;1/ordnung.12/(1)^2(3)^1(12)^2/min.123	2	4	4	method=1	log2H=2.58	image=0	bad=0
Z	carat/tables/qcatalog/dim5/dir.2-2;2-1;1/ordnung.12/(1)^2(3)^1(12)^2/min.123	3	3	3	method=1	log2H=2.00	image=0	bad=0
Z	carat/tables/qcatalog/dim5/dir.2-2;1;1;1/ordnung.24/(1)^4(3)^1(12)^1(36)^1/group.386	11	4	4	method=1	log2H=2.00	image=0	bad=0
Z	carat/tables/qcatalog/dim5/dir.2-2;1,1,1/ordnung.6/(1)^2(3)^2(27)^1/group.344	1	2	2	method=1	log2H=3.00	image=0	bad=0
Z	carat/tables/qcatalog/dim5/dir.2-2;2-1;1/ordnung.12/(1)^2(3)^1(12)^2/min.123	4	2	2	method=1	log2H=1.00	image=0	bad=0
Z	carat/tables/qcatalog/dim5/dir.2-2;1;1;1/ordnung.48/(1)^4(3)^1(12)^1(36)^1/group.398	1	272	272	method=1	log2H=9.00	image=0	bad=0
father: level 1 number of orbits 1 lengths 2
father: level 1 number of orbits 2 lengths 1
father: level 1 number of orbits 3 lengths 1
father: level 2 number of orbits 1 lengths 1
Z	carat/tables/qcatalog/dim5/dir.2-2;1;1;1/ordnung.48/(1)^5(12)^2/group.402	2	24	24	method=1	log2H=5.00	image=0	bad=0
father: level 1 number of orbits 1 lengths 1
Z	carat/tables/qcatalog/dim5/dir.2-2;1,1,1/ordnung.6/(1)^2(3)^2(27)^1/group.344	2	2	2	method=1	log2H=3.00	image=0	bad=0
Z	carat/tables/qcatalog/dim5/dir.2-2;1;1;1/ordnung.48/(1)^5(12)^2/group.404	4	8	8	method=1	log2H=3.00	image=0	bad=0
Z	carat/tables/qcatalog/dim5/dir.2-2;2-1;1/ordnung.12/(1)^3(4)^1(12)^1/min.125	1	1	1	method=0	log2H=0.00	image=0	bad=0
Z	carat/tables/qcatalog/dim5/dir.2-2;2-1;1/ordnung.12/(1)^3(4)^1(12)^1/min.125	2	1	1	method=0	log2H=0.00	image=0	bad=0
Z	carat/tables/qcatalog/dim5/dir.2-2;1,1,1/ordnung.6/(1)^2(3)^2(27)^1/group.344	3	2	2	method=1	log2H=3.00	image=0	bad=0
Z	carat/tables/qcatalog/dim5/dir.2-2;1;1;1/ordnung.48/(1)^5(12)^2/group.402	3	4	4	method=1	log2H=2.00	image=0	bad=0
Z	carat/tables/qcatalog/dim5/dir.2-2;1;1;1/ordnung.24/(1)^4(3)^1(12)^1(36)^1/group.385	1	36	36	method=1	log2H=6.00	image=0	bad=0
Z	carat/tables/qcatalog/dim5/dir.2-2;1;1;1/ordnung.24/(1)^4(3)^1(12)^1(36)^1/group.386	12	16	16	method=1	log2H=4.00	image=0	bad=0
Z	carat/tables/qcatalog/dim5/dir.2-2;1;1;1/ordnung.48/(1)^4(3)^1(12)^1(36)^1/group.398	2	32	32	method=1	log2H=5.00	image=0	bad=0
father: level 1 number of orbits 1 lengths 2
father: level 1 number of orbits 2 lengths 1
Z	carat/tables/qcatalog/dim5/dir.2-2;1;1;1/ordnung.48/(1)^5(12)^2/group.404	5	36	36	method=1	log2H=6.00	image=0	bad=0
father: level 1 number of orbits 3 lengths 1
father: level 1 number of orbits 4 lengths 2
father: level 2 number of orbits 1 lengths 1
Z	carat/tables/qcatalog/dim5/dir.2-2;1;1;1/ordnung.48/(1)^5(12)^2/group.402	4	10	10	method=1	log2H=5.00	image=0	bad=0
father: level 2 number of orbits 2 lengths 4
father: level 2 number of orbits 1 lengths 2
father: level 2 number of orbits 1 lengths 2
father: level 3 number of orbits 1 lengths 2
Z	carat/tables/qcatalog/dim5/dir.2-2;1;1;1/ordnung.24/(1)^4(3)^1(12)^1(36)^1/group.385	2	8	8	method=1	log2H=3.00	image=0	bad=0
father: level 1 number of orbits 1 lengths 2
father: level 1 number of orbits 2 lengths 1
father: level 1 number of orbits 3 lengths 1
father: level 2 number of orbits 1 lengths 1
Z	carat/tables/qcatalog/dim5/dir.2-2;1;1;1/ordnung.24/(1)^4(3)^1(12)^1(36)^1/group.386	13	128	128	method=1	log2H=7.00	image=0	bad=0
Z	carat/tables/qcatalog/dim5/dir.2-2;1;1;1/ordnung.24/(1)^4(3)^1(12)^1(36)^1/group.385	3	6	6	method=1	log2H=3.00	image=0	bad=0
Z	carat/tables/qcatalog/dim5/dir.2-2;1;1;1/ordnung.48/(1)^4(3)^1(12)^1(36)^1/group.398	3	24	24	method=1	log2H=5.00	image=0	bad=0
father: level 1 number of orbits 1 lengths 1
Z	carat/tables/qcatalog/dim5/dir.2-2;1;1;1/ordnung.48/(1)^5(12)^2/group.402	5	104	104	method=1	log2H=9.00	image=0	bad=0
Z	carat/tables/qcatalog/dim5/dir.2-2;1;1;1/ordnung.24/(1)^4(3)^1(12)^1(36)^1/group.385	4	2	2	method=1	log2H=1.00	image=0	bad=0
Z	carat/tables/qcatalog/dim5/dir.2-2;1;1;1/ordnung.24/(1)^4(3)^1(12)^1(36)^1/group.386	14	16	16	method=1	log2H=4.00	image=0	bad=0
father: level 1 number of orbits 1 lengths 1
father: level 1 number of orbits 2 lengths 2
father: level 2 number of orbits 1 lengths 2
father: level 1 number of orbits 1 lengths 1
Z	carat/tables/qcatalog/dim5/dir.2-2;1;1;1/ordnung.24/(1)^4(3)^1(12)^1(36)^1/group.386	15	16	16	method=1	log2H=4.00	image=0	bad=0
Z	carat/tables/qcatalog/dim5/dir.2-2;1;1;1/ordnung.48/(1)^4(3)^1(12)^1(36)^1/group.398	4	4	4	method=1	log2H=2.00	image=0	bad=0
Z	carat/tables/qcatalog/dim5/dir.2-2;1;1;1/ordnung.48/(1)^5(12)^2/group.402	6	24	24	method=1	log2H=5.00	image=0	bad=0
Z	carat/tables/qcatalog/dim5/dir.2-2;1;1;1/ordnung.24/(1)^4(3)^1(12)^1(36)^1/group.383	1	40	40	method=1	log2H=6.00	image=0	bad=0
Z	carat/tables/qcatalog/dim5/dir.2-2;1;1;1/ordnung.24/(1)^4(3)^1(12)^1(36)^1/group.385	5	36	36	method=1	log2H=6.00	image=0	bad=0
Z	carat/tables/qcatalog/dim5/dir.2-2;2-1;1/ordnung.12/(1)^4(3)^1(12)^1(36)^1/min.126	1	2	2	method=1	log2H=1.58	image=0	bad=0
father: level 1 number of orbits 1 lengths 1
father: level 1 number of orbits 2 lengths 2
father: level 2 number of orbits 1 lengths 2
Z	carat/tables/qcatalog/dim5/dir.2-2;2-1;1/ordnung.12/(1)^4(3)^1(12)^1(36)^1/min.126	2	2	2	method=1	log2H=1.58	image=0	bad=0
Z	carat/tables/qcatalog/dim5/dir.2-2;2-1;1/ordnung.12/(1)^4(3)^1(12)^1(36)^1/min.126	3	1	1	method=0	log2H=0.00	image=0	bad=0
Z	carat/tables/qcatalog/dim5/dir.2-2;1;1;1/ordnung.24/(1)^4(3)^1(12)^1(36)^1/group.386	16	16	16	method=1	log2H=4.00	image=0	bad=0
Z	carat/tables/qcatalog/dim5/dir.2-2;2-1;1/ordnung.12/(1)^4(3)^1(12)^1(36)^1/min.126	4	1	1	method=0	log2H=0.00	image=0	bad=0
Z	carat/tables/qcatalog/dim5/dir.2-2;1;1;1/ordnung.24/(1)^4(3)^1(12)^1(36)^1/group.385	6	6	6	method=1	log2H=3.00	image=0	bad=0
Z	carat/tables/qcatalog/dim5/dir.2-2;2-1;1/ordnung.24/(1)^3(2)^1(6)^1(12)^2/group.412	1	16	16	method=1	log2H=4.58	image=0	bad=0
Z	carat/tables/qcatalog/dim5/dir.2-2;2-1;1/ordnung.12/(1)^4(3)^1(12)^1(36)^1/min.126	5	2	2	method=1	log2H=1.58	image=0	bad=0
Z	carat/tables/qcatalog/dim5/dir.2-2;1;1;1/ordnung.24/(1)^4(3)^1(12)^1(36)^1/group.383	2	8	8	method=1	log2H=3.00	image=0	bad=0
Z	carat/tables/qcatalog/dim5/dir.2-2;2-1;1/ordnung.12/(1)^4(3)^1(12)^1(36)^1/min.126	6	2	2	method=1	log2H=1.58	image=0	bad=0
Z	carat/tables/qcatalog/dim5/dir.2-2;2-1;1/ordnung.24/(1)^3(2)^1(6)^1(12)^2/group.412	2	8	8	method=1	log2H=3.58	image=0	bad=0
Z	carat/tables/qcatalog/dim5/dir.2-2;1;1;1/ordnung.24/(1)^4(3)^1(12)^1(36)^1/group.386	17	4	4	method=1	log2H=2.00	image=0	bad=0
Z	carat/tables/qcatalog/dim5/dir.2-2;1;1;1/ordnung.48/(1)^5(12)^2/group.402	7	4	4	method=1	log2H=2.00	image=0	bad=0
Z	carat/tables/qcatalog/dim5/dir.2-2;1;1;1/ordnung.48/(1)^4(3)^1(12)^1(36)^1/group.398	5	20	20	method=1	log2H=5.00	image=0	bad=0
Z	carat/tables/qcatalog/dim5/dir.2-2;2-1;1/ordnung.24/(1)^3(2)^1(6)^1(12)^2/group.412	3	8	8	method=1	log2H=3.00	image=0	bad=0
Z	carat/tables/qcatalog/dim5/dir.2-2;1;1;1/ordnung.24/(1)^4(3)^1(12)^1(36)^1/group.385	7	8	8	method=1	log2H=3.00	image=0	bad=0
Z	carat/tables/qcatalog/dim5/dir.2-2;1;1;1/ordnung.24/(1)^4(3)^1(12)^1(36)^1/group.383	3	8	8	method=1	log2H=3.00	image=0	bad=0
Z	carat/tables/qcatalog/dim5/dir.2-2;2-1;1/ordnung.24/(1)^3(2)^1(6)^1(12)^2/group.412	4	4	4	method=1	log2H=2.00	image=0	bad=0
Z	carat/tables/qcatalog/dim5/dir.2-2;1;1;1/ordnung.24/(1)^4(3)^1(12)^1(36)^1/group.386	18	16	16	method=1	log2H=4.00	image=0	bad=0
Z	carat/tables/qcatalog/dim5/dir.2-2;1;1;1/ordnung.24/(1)^4(3)^1(12)^1(36)^1/group.383	4	2	2	method=1	log2H=1.00	image=0	bad=0
Z	carat/tables/qcatalog/dim5/dir.2-2;1;1;1/ordnung.24/(1)^4(3)^1(12)^1(36)^1/group.385	8	6	6	method=1	log2H=3.00	image=0	bad=0
Z	carat/tables/qcatalog/dim5/dir.2-2;1;1;1/ordnung.48/(1)^5(12)^2/group.402	8	10	10	method=1	log2H=5.00	image=0	bad=0
Z	carat/tables/qcatalog/dim5/dir.2-2;1;1;1/ordnung.24/(1)^4(3)^1(12)^1(36)^1/group.385	9	2	2	method=1	log2H=1.00	image=0	bad=0
Z	carat/tables/qcatalog/dim5/dir.2-2;1;1;1/ordnung.24/(1)^4(3)^1(12)^1(36)^1/group.383	5	40	40	method=1	log2H=6.00	image=0	bad=0
father: level 1 number of orbits 1 lengths 2
father: level 1 number of orbits 2 lengths 1
father: level 1 number of orbits 3 lengths 1
father: level 2 number of orbits 1 lengths 1
Z	carat/tables/qcatalog/dim5/dir.2-2;1;1;1/ordnung.24/(1)^4(3)^1(12)^1(36)^1/group.383	6	6	6	method=1	log2H=3.00	image=0	bad=0
Z	carat/tables/qcatalog/dim5/dir.2-2;2-1;1/ordnung.192/(1)^5(2)^2(12)^2/group.408	1	256	256	method=1	log2H=8.00	image=0	bad=0
Z	carat/tables/qcatalog/dim5/dir.2-2;1;1;1/ordnung.24/(1)^4(3)^1(12)^1(36)^1/group.385	10	6	6	method=1	log2H=3.00	image=0	bad=0
father: level 1 number of orbits 1 lengths 1
father: level 1 number of orbits 2 lengths 2
father: level 2 number of orbits 1 lengths 2
father: level 1 number of orbits 1 lengths 1
father: level 1 number of orbits 2 lengths 2
father: level 2 number of orbits 1 lengths 2
father: level 1 number of orbits 1 lengths 1
Z	carat/tables/qcatalog/dim5/dir.2-2;1;1;1/ordnung.24/(1)^4(3)^1(12)^1(36)^1/group.385	11	36	36	method=1	log2H=6.00	image=0	bad=0
Z	carat/tables/qcatalog/dim5/dir.2-2;2-1;1/ordnung.24/(1)^3(2)^2(4)^1(12)^1/group.413	1	6	6	method=1	log2H=3.00	image=0	bad=0
Z	carat/tables/qcatalog/dim5/dir.2-2;1;1;1/ordnung.24/(1)^4(3)^1(12)^1(36)^1/group.383	7	8	8	method=1	log2H=3.00	image=0	bad=0
Z	carat/tables/qcatalog/dim5/dir.2-2;2-1;1/ordnung.24/(1)^3(2)^1(6)^1(12)^2/group.410	1	4	4	method=1	log2H=2.00	image=0	bad=0
Z	carat/tables/qcatalog/dim5/dir.2-2;2-1;1/ordnung.24/(1)^3(2)^2(4)^1(12)^1/group.413	2	2	2	method=1	log2H=1.00	image=0	bad=0
Z	carat/tables/qcatalog/dim5/dir.2-2;2-1;1/ordnung.24/(1)^3(2)^1(6)^1(12)^2/group.410	2	2	2	method=1	log2H=1.00	image=0	bad=0
Z	carat/tables/qcatalog/dim5/dir.2-2;1;1;1/ordnung.24/(1)^4(3)^1(12)^1(36)^1/group.385	12	8	8	method=1	log2H=3.00	image=0	bad=0
Z	carat/tables/qcatalog/dim5/dir.2-2;1;1;1/ordnung.24/(1)^4(3)^1(12)^1(36)^1/group.383	8	8	8	method=1	log2H=3.00	image=0	bad=0
Z	carat/tables/qcatalog/dim5/dir.2-2;2-1;1/ordnung.24/(1)^3(2)^1(6)^1(12)^2/group.410	3	4	4	method=1	log2H=2.00	image=0	bad=0
father: level 1 number of orbits 1 lengths 1
father: level 1 number of orbits 1 lengths 1
Z	carat/tables/qcatalog/dim5/dir.2-2;1;1;1/ordnung.24/(1)^4(3)^1(12)^1(36)^1/group.385	13	6	6	method=1	log2H=3.00	image=0	bad=0
Z	carat/tables/qcatalog/dim5/dir.2-2;2-1;1/ordnung.24/(1)^3(2)^1(6)^1(12)^2/group.410	4	2	2	method=1	log2H=1.00	image=0	bad=0
Z	carat/tables/qcatalog/dim5/dir.2-2;1;1;1/ordnung.24/(1)^4(3)^1(12)^1(36)^1/group.383	9	2	2	method=1	log2H=1.00	image=0	bad=0
Z	carat/tables/qcatalog/dim5/dir.2-2;2-1;1/ordnung.24/(1)^3(2)^1(6)^1(12)^2/group.410	5	4	4	method=1	log2H=2.00	image=0	bad=0
Z	carat/tables/qcatalog/dim5/dir.2-2;2-1;1/ordnung.24/(1)^3(2)^2(4)^1(12)^1/group.414	1	4	4	method=1	log2H=2.00	image=0	bad=0
Z	carat/tables/qcatalog/dim5/dir.2-2;1;1;1/ordnung.24/(1)^4(3)^1(12)^1(36)^1/group.385	14	2	2	method=1	log2H=1.00	image=0	bad=0
Z	carat/tables/qcatalog/dim5/dir.2-2;2-1;1/ordnung.24/(1)^3(2)^1(6)^1(12)^2/group.410	6	2	2	method=1	log2H=1.00	image=0	bad=0
Z	carat/tables/qcatalog/dim5/dir.2-2;1;1;1/ordnung.24/(1)^4(3)^1(12)^1(36)^1/group.383	10	6	6	method=1	log2H=3.00	image=0	bad=0
Z	carat/tables/qcatalog/dim5/dir.2-2;2-1;1/ordnung.24/(1)^3(2)^2(4)^1(12)^1/group.414	2	2	2	method=1	log2H=1.00	image=0	bad=0
Z	carat/tables/qcatalog/dim5/dir.2-2;2-1;1/ordnung.24/(1)^3(2)^1(6)^1(12)^2/group.410	7	4	4	method=1	log2H=2.00	image=0	bad=0
Z	carat/tables/qcatalog/dim5/dir.2-2;2-1;1/ordnung.24/(1)^3(2)^2(4)^1(12)^1/group.414	3	4	4	method=1	log2H=2.00	image=0	bad=0
Z	carat/tables/qcatalog/dim5/dir.2-2;2-1;1/ordnung.24/(1)^3(2)^1(6)^1(12)^2/group.410	8	2	2	method=1	log2H=1.00	image=0	bad=0
Z	carat/tables/qcatalog/dim5/dir.2-2;2-1;1/ordnung.192/(1)^5(2)^2(12)^2/group.408	2	16	16	method=1	log2H=4.00	image=0	bad=0
Z	carat/tables/qcatalog/dim5/dir.2-2;1;1;1/ordnung.24/(1)^4(3)^1(12)^1(36)^1/group.385	15	6	6	method=1	log2H=3.00	image=0	bad=0
father: level 1 number of orbits 1 lengths 1
father: level 1 number of orbits 2 lengths 2
father: level 2 number of orbits 1 lengths 2
Z	carat/tables/qcatalog/dim5/dir.2-2;2-1;1/ordnung.24/(1)^3(2)^2(4)^1(12)^1/group.414	4	2	2	method=1	log2H=1.00	image=0	bad=0
Z	carat/tables/qcatalog/dim5/dir.2-2;1;1;1/ordnung.24/(1)^4(3)^1(12)^1(36)^1/group.383	11	40	40	method=1	log2H=6.00	image=0	bad=0
father: level 1 number of orbits 1 lengths 1
father: level 1 number of orbits 1 lengths 2
father: level 1 number of orbits 2 lengths 1
father: level 1 number of orbits 3 lengths 1
father: level 2 number of orbits 1 lengths 1
Z	carat/tables/qcatalog/dim5/dir.2-2;1;1;1/ordnung.24/(1)^4(3)^1(12)^1(36)^1/group.383	12	8	8	method=1	log2H=3.00	image=0	bad=0
Z	carat/tables/qcatalog/dim5/dir.2-2;2-1;1/ordnung.12/(1)^4(3)^1(12)^1(36)^1/min.127	1	3	3	method=1	log2H=2.00	image=0	bad=0
Z	carat/tables/qcatalog/dim5/dir.2-2;2-1;1/ordnung.12/(1)^4(3)^1(12)^1(36)^1/min.127	2	2	2	method=1	log2H=1.00	image=0	bad=0
Z	carat/tables/qcatalog/dim5/dir.2-2;1;1;1/ordnung.24/(1)^4(3)^1(12)^1(36)^1/group.383	13	8	8	method=1	log2H=3.00	image=0	bad=0
Z	carat/tables/qcatalog/dim5/dir.2-2;2-1;1/ordnung.12/(1)^4(3)^1(12)^1(36)^1/min.127	3	3	3	method=1	log2H=2.00	image=0	bad=0
Z	carat/tables/qcatalog/dim5/dir.2-2;2-1;1/ordnung.12/(1)^4(3)^1(12)^1(36)^1/min.127	4	2	2	method=1	log2H=1.00	image=0	bad=0
Z	carat/tables/qcatalog/dim5/dir.2-2;2-1;1/ordnung.12/(1)^4(3)^1(12)^1(36)^1/min.127	5	3	3	method=1	log2H=2.00	image=0	bad=0
Z	carat/tables/qcatalog/dim5/dir.2-2;1;1;1/ordnung.24/(1)^4(3)^1(12)^1(36)^1/group.383	14	2	2	method=1	log2H=1.00	image=0	bad=0
Z	carat/tables/qcatalog/dim5/dir.2-2;2-1;1/ordnung.12/(1)^4(3)^1(12)^1(36)^1/min.127	6	2	2	method=1	log2H=1.00	image=0	bad=0
Z	carat/tables/qcatalog/dim5/dir.2-2;1;1;1/ordnung.48/(1)^5(12)^2/group.403	1	272	272	method=1	log2H=9.00	image=0	bad=0
Z	carat/tables/qcatalog/dim5/dir.2-2;1;1;1/ordnung.24/(1)^4(3)^1(12)^1(36)^1/group.383	15	6	6	method=1	log2H=3.00	image=0	bad=0
Z	carat/tables/qcatalog/dim5/dir.2-2;1;1;1/ordnung.48/(1)^4(3)^1(12)^1(36)^1/group.398	6	272	272	method=1	log2H=9.00	image=0	bad=0
father: level 1 number of orbits 1 lengths 3
father: level 1 number of orbits 2 lengths 1
father: level 2 number of orbits 1 lengths 1
father: level 1 number of orbits 1 lengths 3
father: level 1 number of orbits 2 lengths 1
father: level 2 number of orbits 1 lengths 1
Z	carat/tables/qcatalog/dim5/dir.2-2;1;1;1/ordnung.48/(1)^5(12)^2/group.403	2	32	32	method=1	log2H=5.00	image=0	bad=0
father: level 1 number of orbits 1 lengths 2
father: level 1 number of orbits 2 lengths 1
father: level 1 number of orbits 3 lengths 1
father: level 2 number of orbits 1 lengths 1
father: level 1 number of orbits 1 lengths 1
father: level 1 number of orbits 1 lengths 1
father: level 1 number of orbits 1 lengths 2
father: level 1 number of orbits 2 lengths 1
father: level 1 number of orbits 3 lengths 1
father: level 2 number of orbits 1 lengths 1
Z	carat/tables/qcatalog/dim5/dir.2-2;2-1;1/ordnung.24/(1)^3(2)^2(4)^1(12)^1/group.416	1	4	4	method=1	log2H=2.00	image=0	bad=0
father: level 1 number of orbits 1 lengths 1
father: level 1 number of orbits 2 lengths 2
father: level 2 number of orbits 1 lengths 2
Z	carat/tables/qcatalog/dim5/dir.2-2;2-1;1/ordnung.24/(1)^3(2)^2(4)^1(12)^1/group.416	2	2	2	method=1	log2H=1.00	image=0	bad=0
father: level 1 number of orbits 1 lengths 1
father: level 1 number of orbits 2 lengths 2
Z	carat/tables/qcatalog/dim5/dir.2-2;1;1;1/ordnung.24/(1)^5(12)^2/group.389	1	16	16	method=1	log2H=6.00	image=0	bad=0
Z	carat/tables/qcatalog/dim5/dir.2-2;2-1;1/ordnung.24/(1)^3(2)^2(4)^1(12)^1/group.416	3	4	4	method=1	log2H=2.00	image=0	bad=0
father: level 2 number of orbits 1 lengths 2
father: level 1 number of orbits 1 lengths 1
Z	carat/tables/qcatalog/dim5/dir.2-2;2-1;1/ordnung.24/(1)^3(2)^1(6)^1(12)^2/group.411	1	6	6	method=1	log2H=3.00	image=0	bad=0
Z	carat/tables/qcatalog/dim5/dir.2-2;2-1;1/ordnung.24/(1)^3(2)^2(4)^1(12)^1/group.416	4	2	2	method=1	log2H=1.00	image=0	bad=0
father: level 1 number of orbits 1 lengths 1
father: level 1 number of orbits 1 lengths 1
Z	carat/tables/qcatalog/dim5/dir.2-2;1;1;1/ordnung.24/(1)^5(12)^2/group.389	2	6	6	method=1	log2H=3.00	image=0	bad=0
Z	carat/tables/qcatalog/dim5/dir.2-2;2-1;1/ordnung.24/(1)^3(2)^2(4)^1(12)^1/group.415	1	6	6	method=1	log2H=3.00	image=0	bad=0
Z	carat/tables/qcatalog/dim5/dir.2-2;2-1;1/ordnung.24/(1)^3(4)^1(12)^1/group.420	1	4	4	method=1	log2H=2.00	image=0	bad=0
Z	carat/tables/qcatalog/dim5/dir.2-2;2-1;1/ordnung.24/(1)^3(2)^1(6)^1(12)^2/group.411	2	2	2	method=1	log2H=1.00	image=0	bad=0
Z	carat/tables/qcatalog/dim5/dir.2-2;2-1;1/ordnung.24/(1)^2(3)^1(12)^2/group.409	1	4	4	method=1	log2H=2.00	image=0	bad=0
Z	carat/tables/qcatalog/dim5/dir.2-2;2-1;1/ordnung.24/(1)^3(2)^2(4)^1(12)^1/group.415	2	2	2	method=1	log2H=1.00	image=0	bad=0
Z	carat/tables/qcatalog/dim5/dir.2-2;2-1;1/ordnung.24/(1)^3(4)^1(12)^1/group.420	2	2	2	method=1	log2H=1.00	image=0	bad=0
Z	carat/tables/qcatalog/dim5/dir.2-2;1;1;1/ordnung.24/(1)^5(12)^2/group.389	3	2	2	method=1	log2H=1.00	image=0	bad=0
father: level 1 number of orbits 1 lengths 1
father: level 1 number of orbits 1 lengths 1
Z	carat/tables/qcatalog/dim5/dir.2-2;2-1;1/ordnung.24/(1)^3(2)^2(4)^1(12)^1/group.415	3	6	6	method=1	log2H=3.00	image=0	bad=0
Z	carat/tables/qcatalog/dim5/dir.2-2;2-1;1/ordnung.24/(1)^3(2)^1(6)^1(12)^2/group.411	3	6	6	method=1	log2H=3.00	image=0	bad=0
Z	carat/tables/qcatalog/dim5/dir.2-2;2-1;1/ordnung.24/(1)^2(3)^1(12)^2/group.409	2	2	2	method=1	log2H=1.00	image=0	bad=0
father: level 1 number of orbits 1 lengths 2
Z	carat/tables/qcatalog/dim5/dir.2-2;2-1;1/ordnung.24/(1)^3(2)^2(4)^1(12)^1/group.415	4	2	2	method=1	log2H=1.00	image=0	bad=0
father: level 1 number of orbits 2 lengths 1
father: level 1 number of orbits 3 lengths 1
Z	carat/tables/qcatalog/dim5/dir.2-2;1;1;1/ordnung.24/(1)^5(12)^2/group.389	4	4	4	method=1	log2H=3.00	image=0	bad=0
Z	carat/tables/qcatalog/dim5/dir.2-2;1;1;1/ordnung.48/(1)^5(12)^2/group.406	1	272	272	method=1	log2H=9.00	image=0	bad=0
father: level 2 number of orbits 1 lengths 1
Z	carat/tables/qcatalog/dim5/dir.2-2;2-1;1/ordnung.24/(1)^3(2)^2(4)^1(12)^1/group.418	1	16	16	method=1	log2H=4.58	image=0	bad=0
Z	carat/tables/qcatalog/dim5/dir.2-2;1;1;1/ordnung.48/(1)^4(3)^1(12)^1(36)^1/group.398	7	32	32	method=1	log2H=5.00	image=0	bad=0
Z	carat/tables/qcatalog/dim5/dir.2-2;2-1;1/ordnung.24/(1)^3(2)^1(6)^1(12)^2/group.411	4	2	2	method=1	log2H=1.00	image=0	bad=0
father: level 1 number of orbits 1 lengths 2
father: level 1 number of orbits 2 lengths 1
father: level 1 number of orbits 3 lengths 1
father: level 2 number of orbits 1 lengths 1
Z	carat/tables/qcatalog/dim5/dir.2-2;1;1;1/ordnung.48/(1)^5(12)^2/group.403	3	24	24	method=1	log2H=5.00	image=0	bad=0
Z	carat/tables/qcatalog/dim5/dir.2-2;2-1;1/ordnung.24/(1)^3(2)^2(4)^1(12)^1/group.418	2	8	8	method=1	log2H=3.58	image=0	bad=0
Z	carat/tables/qcatalog/dim5/dir.2-2;2-1;1/ordnung.24/(1)^2(3)^1(12)^2/group.409	3	4	4	method=1	log2H=2.00	image=0	bad=0
Z	carat/tables/qcatalog/dim5/dir.2-2;2-1;1/ordnung.24/(1)^3(2)^2(4)^1(12)^1/group.418	3	16	16	method=1	log2H=4.58	image=0	bad=0
Z	carat/tables/qcatalog/dim5/dir.2-2;1;1;1/ordnung.48/(1)^5(12)^2/group.405	1	544	544	method=1	log2H=10.58	image=0	bad=0
Z	carat/tables/qcatalog/dim5/dir.2-2;2-1;1/ordnung.24/(1)^3(2)^2(4)^1(12)^1/group.418	4	8	8	method=1	log2H=3.58	image=0	bad=0
Z	carat/tables/qcatalog/dim5/dir.2-2;1;1;1/ordnung.24/(1)^5(12)^2/group.389	5	16	16	method=1	log2H=6.00	image=0	bad=0
father: level 1 number of orbits 1 lengths 1
Z	carat/tables/qcatalog/dim5/dir.2-2;2-1;1/ordnung.24/(1)^2(3)^1(12)^2/group.409	4	2	2	method=1	log2H=1.00	image=0	bad=0
Z	carat/tables/qcatalog/dim5/dir.2-2;1;1;1/ordnung.48/(1)^5(12)^2/group.403	4	4	4	method=1	log2H=2.00	image=0	bad=0
Z	carat/tables/qcatalog/dim5/dir.2-2;2-1;1/ordnung.24/(1)^3(4)^1(12)^1/group.422	1	24	24	method=1	log2H=5.58	image=0	bad=0
Z	carat/tables/qcatalog/dim5/dir.2-2;2-1;1/ordnung.24/(1)^3(4)^1(12)^1/group.422	2	8	8	method=1	log2H=3.58	image=0	bad=0
father: level 1 number of orbits 1 lengths 1
Z	carat/tables/qcatalog/dim5/dir.2-2;1;1;1/ordnung.48/(1)^4(3)^1(12)^1(36)^1/group.398	8	24	24	method=1	log2H=5.00	image=0	bad=0
Z	carat/tables/qcatalog/dim5/dir.2-2;1;1;1/ordnung.48/(1)^5(12)^2/group.406	2	32	32	method=1	log2H=5.00	image=0	bad=0
Z	carat/tables/qcatalog/dim5/dir.2-2;2-1;1/ordnung.24/(1)^3(4)^1(12)^1/group.421	1	4	4	method=1	log2H=2.00	image=0	bad=0
Z	carat/tables/qcatalog/dim5/dir.2-2;1;1;1/ordnung.24/(1)^5(12)^2/group.389	6	6	6	method=1	log2H=3.00	image=0	bad=0
Z	carat/tables/qcatalog/dim5/dir.2-2;1;1;1/ordnung.48/(1)^5(12)^2/group.405	2	64	64	method=1	log2H=6.58	image=0	bad=0
Z	carat/tables/qcatalog/dim5/dir.2-2;1;1;1/ordnung.48/(1)^5(12)^2/group.403	5	20	20	method=1	log2H=5.00	image=0	bad=0
Z	carat/tables/qcatalog/dim5/dir.2-2;2-1;1/ordnung.24/(1)^3(4)^1(12)^1/group.421	2	2	2	method=1	log2H=1.00	image=0	bad=0
Z	carat/tables/qcatalog/dim5/dir.2-2;1;1;1/ordnung.24/(1)^5(12)^2/group.391	1	72	72	method=1	log2H=7.00	image=0	bad=0
Z	carat/tables/qcatalog/dim5/dir.2-2;1;1;1/ordnung.24/(1)^5(12)^2/group.389	7	2	2	method=1	log2H=1.00	image=0	bad=0
father: level 1 number of orbits 1 lengths 1
father: level 1 number of orbits 1 lengths 1
Z	carat/tables/qcatalog/dim5/dir.2-2;2-1;1/ordnung.24/(1)^3(2)^2(4)^1(12)^1/group.419	1	16	16	method=1	log2H=4.58	image=0	bad=0
Z	carat/tables/qcatalog/dim5/dir.2-2;1;1;1/ordnung.24/(1)^5(12)^2/group.389	8	4	4	method=1	log2H=3.00	image=0	bad=0
Z	carat/tables/qcatalog/dim5/dir.2-2;1;1;1/ordnung.48/(1)^5(12)^2/group.406	3	24	24	method=1	log2H=5.00	image=0	bad=0
Z	carat/tables/qcatalog/dim5/dir.2-2;1;1;1/ordnung.24/(1)^5(12)^2/group.391	2	16	16	method=1	log2H=4.00	image=0	bad=0
Z	carat/tables/qcatalog/dim5/dir.2-2;2-1;1/ordnung.24/(1)^3(2)^2(4)^1(12)^1/group.419	2	8	8	method=1	log2H=3.58	image=0	bad=0
Z	carat/tables/qcatalog/dim5/dir.2-2;2-1;1/ordnung.24/(1)^3(4)^1(12)^1/group.424	1	4	4	method=1	log2H=2.00	image=0	bad=0
father: level 1 number of orbits 1 lengths 1
father: level 1 number of orbits 1 lengths 1
Z	carat/tables/qcatalog/dim5/dir.2-2;2-1;1/ordnung.24/(1)^3(4)^1(12)^1/group.424	2	2	2	method=1	log2H=1.00	image=0	bad=0
father: level 1 number of orbits 1 lengths 1
Z	carat/tables/qcatalog/dim5/dir.2-2;1;1;1/ordnung.48/(1)^5(12)^2/group.405	3	48	48	method=1	log2H=6.58	image=0	bad=0
Z	carat/tables/qcatalog/dim5/dir.2-2;2-1;1/ordnung.24/(1)^3(2)^2(4)^1(12)^1/group.417	1	4	4	method=1	log2H=2.00	image=0	bad=0
Z	carat/tables/qcatalog/dim5/dir.2-2;1;1;1/ordnung.48/(1)^4(3)^1(12)^1(36)^1/group.398	9	4	4	method=1	log2H=2.00	image=0	bad=0
Z	carat/tables/qcatalog/dim5/dir.2-2;2-1;1/ordnung.24/(1)^3(4)^1(12)^1/group.423	1	4	4	method=1	log2H=2.00	image=0	bad=0
Z	carat/tables/qcatalog/dim5/dir.2-2;1;1;1/ordnung.24/(1)^5(12)^2/group.391	3	12	12	method=1	log2H=4.00	image=0	bad=0
Z	carat/tables/qcatalog/dim5/dir.2-2;2-1;1/ordnung.24/(1)^3(2)^2(4)^1(12)^1/group.417	2	2	2	method=1	log2H=1.00	image=0	bad=0
Z	carat/tables/qcatalog/dim5/dir.2-2;2-1;1/ordnung.24/(1)^3(4)^1(12)^1/group.423	2	2	2	method=1	log2H=1.00	image=0	bad=0
Z	carat/tables/qcatalog/dim5/dir.2-2;1;1;1/ordnung.48/(1)^5(12)^2/group.406	4	4	4	method=1	log2H=2.00	image=0	bad=0
Z	carat/tables/qcatalog/dim5/dir.2-2;2-1;1/ordnung.24/(1)^3(2)^2(4)^1(12)^1/group.417	3	4	4	method=1	log2H=2.00	image=0	bad=0
Z	carat/tables/qcatalog/dim5/dir.2-2;1;1;1/ordnung.24/(1)^5(12)^2/group.391	4	4	4	method=1	log2H=2.00	image=0	bad=0
Z	carat/tables/qcatalog/dim5/dir.2-2;1;1;1/ordnung.48/(1)^5(12)^2/group.405	4	8	8	method=1	log2H=3.58	image=0	bad=0
Z	carat/tables/qcatalog/dim5/dir.2-2;2-1;1/ordnung.24/(1)^3(2)^2(4)^1(12)^1/group.417	4	2	2	method=1	log2H=1.00	image=0	bad=0
Z	carat/tables/qcatalog/dim5/dir.2-2;1;1;1/ordnung.24/(1)^5(12)^2/group.391	5	10	10	method=1	log2H=4.00	image=0	bad=0
Z	carat/tables/qcatalog/dim5/dir.2-2;1;1;1/ordnung.48/(1)^5(12)^2/group.406	5	20	20	method=1	log2H=5.00	image=0	bad=0
Z	carat/tables/qcatalog/dim5/dir.2-2;1;1;1/ordnung.48/(1)^5(12)^2/group.405	5	40	40	method=1	log2H=6.58	image=0	bad=0
Z	carat/tables/qcatalog/dim5/dir.2-2;1;1;1/ordnung.24/(1)^5(12)^2/group.391	6	72	72	method=1	log2H=7.00	image=0	bad=0
Z	carat/tables/qcatalog/dim5/dir.2-2;1;1;1/ordnung.48/(1)^4(3)^1(12)^1(36)^1/group.398	10	272	272	method=1	log2H=9.00	image=0	bad=0
Z	carat/tables/qcatalog/dim5/dir.2-2;1;1;1/ordnung.48/(1)^4(3)^1(12)^1(36)^1/group.398	11	20	20	method=1	log2H=5.00	image=0	bad=0
father: level 1 number of orbits 1 lengths 1
Z	carat/tables/qcatalog/dim5/dir.2-2;1;1;1/ordnung.48/(1)^5(12)^2/group.406	6	272	272	method=1	log2H=9.00	image=0	bad=0
father: level 1 number of orbits 1 lengths 1
father: level 1 number of orbits 1 lengths 1
father: level 1 number of orbits 2 lengths 2
father: level 1 number of orbits 2 lengths 2
father: level 2 number of orbits 1 lengths 2
father: level 2 number of orbits 1 lengths 2
father: level 1 number of orbits 1 lengths 1
Z	carat/tables/qcatalog/dim5/dir.2-2;2-1;1/ordnung.24/(1)^4(3)^1(12)^1(36)^1/group.426	1	4	4	method=1	log2H=2.00	image=0	bad=0
Z	carat/tables/qcatalog/dim5/dir.2-2;2-1;1/ordnung.24/(1)^4(3)^1(12)^1(36)^1/group.428	1	12	12	method=1	log2H=4.00	image=0	bad=0
father: level 1 number of orbits 1 lengths 1
Z	carat/tables/qcatalog/dim5/dir.2-2;2-1;1/ordnung.24/(1)^4(3)^1(12)^1(36)^1/group.426	2	2	2	method=1	log2H=1.00	image=0	bad=0
Z	carat/tables/qcatalog/dim5/dir.2-2;2-1;1/ordnung.24/(1)^4(3)^1(12)^1(36)^1/group.428	2	4	4	method=1	log2H=2.00	image=0	bad=0
father: level 1 number of orbits 1 lengths 1
father: level 1 number of orbits 1 lengths 1
Z	carat/tables/qcatalog/dim5/dir.2-2;2-1;1/ordnung.24/(1)^4(3)^1(12)^1(36)^1/group.426	3	4	4	method=1	log2H=2.00	image=0	bad=0
Z	carat/tables/qcatalog/dim5/dir.2-2;2-1;1/ordnung.24/(1)^5(12)^2/group.436	1	12	12	method=1	log2H=4.00	image=0	bad=0
father: level 1 number of orbits 1 lengths 1
father: level 1 number of orbits 1 lengths 1
Z	carat/tables/qcatalog/dim5/dir.2-2;2-1;1/ordnung.24/(1)^4(3)^1(12)^1(36)^1/group.428	3	12	12	method=1	log2H=4.00	image=0	bad=0
Z	carat/tables/qcatalog/dim5/dir.2-2;2-1;1/ordnung.24/(1)^4(3)^1(12)^1(36)^1/group.426	4	2	2	method=1	log2H=1.00	image=0	bad=0
father: level 1 number of orbits 1 lengths 1
Z	carat/tables/qcatalog/dim5/dir.2-2;2-1;1/ordnung.24/(1)^5(12)^2/group.436	2	4	4	method=1	log2H=2.00	image=0	bad=0
Z	carat/tables/qcatalog/dim5/dir.2-2;2-1;1/ordnung.24/(1)^5(12)^2/group.432	1	12	12	method=1	log2H=4.00	image=0	bad=0
father: level 1 number of orbits 1 lengths 1
father: level 1 number of orbits 2 lengths 2
father: level 2 number of orbits 1 lengths 2
Z	carat/tables/qcatalog/dim5/dir.2-2;2-1;1/ordnung.24/(1)^5(12)^2/group.430	1	4	4	method=1	log2H=2.00	image=0	bad=0
Z	carat/tables/qcatalog/dim5/dir.2-2;2-1;1/ordnung.24/(1)^4(3)^1(12)^1(36)^1/group.428	4	4	4	method=1	log2H=2.00	image=0	bad=0
Z	carat/tables/qcatalog/dim5/dir.2-2;2-1;1/ordnung.24/(1)^4(3)^1(12)^1(36)^1/group.426	5	4	4	method=1	log2H=2.00	image=0	bad=0
Z	carat/tables/qcatalog/dim5/dir.2-2;2-1;1/ordnung.24/(1)^5(12)^2/group.432	2	4	4	method=1	log2H=2.00	image=0	bad=0
Z	carat/tables/qcatalog/dim5/dir.2-2;2-1;1/ordnung.24/(1)^5(12)^2/group.430	2	2	2	method=1	log2H=1.00	image=0	bad=0
Z	carat/tables/qcatalog/dim5/dir.2-2;2-1;1/ordnung.24/(1)^4(3)^1(12)^1(36)^1/group.428	5	12	12	method=1	log2H=4.00	image=0	bad=0
Z	carat/tables/qcatalog/dim5/dir.2-2;1;1;1/ordnung.24/(1)^5(12)^2/group.391	7	16	16	method=1	log2H=4.00	image=0	bad=0
Z	carat/tables/qcatalog/dim5/dir.2-2;2-1;1/ordnung.24/(1)^5(12)^2/group.432	3	12	12	method=1	log2H=4.00	image=0	bad=0
Z	carat/tables/qcatalog/dim5/dir.2-2;1;1;1/ordnung.48/(1)^4(3)^1(12)^1(36)^1/group.398	12	32	32	method=1	log2H=5.00	image=0	bad=0
Z	carat/tables/qcatalog/dim5/dir.2-2;2-1;1/ordnung.24/(1)^4(3)^1(12)^1(36)^1/group.426	6	2	2	method=1	log2H=1.00	image=0	bad=0
Z	carat/tables/qcatalog/dim5/dir.2-2;2-1;1/ordnung.24/(1)^4(3)^1(12)^1(36)^1/group.425	1	8	8	method=1	log2H=3.58	image=0	bad=0
father: level 1 number of orbits 1 lengths 1
Z	carat/tables/qcatalog/dim5/dir.2-2;2-1;1/ordnung.24/(1)^5(12)^2/group.430	3	4	4	method=1	log2H=2.00	image=0	bad=0
father: level 1 number of orbits 1 lengths 1
Z	carat/tables/qcatalog/dim5/dir.2-2;2-1;1/ordnung.24/(1)^5(12)^2/group.432	4	4	4	method=1	log2H=2.00	image=0	bad=0
Z	carat/tables/qcatalog/dim5/dir.2-2;2-1;1/ordnung.24/(1)^4(3)^1(12)^1(36)^1/group.425	2	4	4	method=1	log2H=2.58	image=0	bad=0
Z	carat/tables/qcatalog/dim5/dir.2-2;2-1;1/ordnung.24/(1)^5(12)^2/group.430	4	2	2	method=1	log2H=1.00	image=0	bad=0
Z	carat/tables/qcatalog/dim5/dir.2-2;2-1;1/ordnung.24/(1)^4(3)^1(12)^1(36)^1/group.428	6	4	4	method=1	log2H=2.00	image=0	bad=0
Z	carat/tables/qcatalog/dim5/dir.2-2;2-1;1/ordnung.24/(1)^5(12)^2/group.434	1	4	4	method=1	log2H=2.00	image=0	bad=0
Z	carat/tables/qcatalog/dim5/dir.2-2;2-1;1/ordnung.24/(1)^4(3)^1(12)^1(36)^1/group.425	3	8	8	method=1	log2H=3.58	image=0	bad=0
Z	carat/tables/qcatalog/dim5/dir.2-2;1;1;1/ordnung.24/(1)^5(12)^2/group.391	8	12	12	method=1	log2H=4.00	image=0	bad=0
Z	carat/tables/qcatalog/dim5/dir.2-2;1;1;1/ordnung.48/(1)^5(12)^2/group.406	7	32	32	method=1	log2H=5.00	image=0	bad=0
Z	carat/tables/qcatalog/dim5/dir.2-2;2-1;1/ordnung.24/(1)^5(12)^2/group.434	2	2	2	method=1	log2H=1.00	image=0	bad=0
Z	carat/tables/qcatalog/dim5/dir.2-2;2-1;1/ordnung.24/(1)^4(3)^1(12)^1(36)^1/group.425	4	4	4	method=1	log2H=2.58	image=0	bad=0
Z	carat/tables/qcatalog/dim5/dir.2-2;1;1;1/ordnung.24/(1)^5(12)^2/group.391	9	4	4	method=1	log2H=2.00	image=0	bad=0
Z	carat/tables/qcatalog/dim5/dir.2-2;2-1;1/ordnung.24/(1)^5(12)^2/group.434	3	4	4	method=1	log2H=2.00	image=0	bad=0
father: level 1 number of orbits 1 lengths 1
father: level 1 number of orbits 2 lengths 2
father: level 2 number of orbits 1 lengths 2
Z	carat/tables/qcatalog/dim5/dir.2-2;2-1;1/ordnung.24/(1)^4(3)^1(12)^1(36)^1/group.425	5	4	4	method=1	log2H=2.00	image=0	bad=0
father: level 1 number of orbits 1 lengths 1
Z	carat/tables/qcatalog/dim5/dir.2-2;2-1;1/ordnung.24/(1)^5(12)^2/group.434	4	2	2	method=1	log2H=1.00	image=0	bad=0
Z	carat/tables/qcatalog/dim5/dir.2-2;2-1;1/ordnung.24/(1)^4(3)^1(12)^1(36)^1/group.425	6	2	2	method=1	log2H=1.00	image=0	bad=0
Z	carat/tables/qcatalog/dim5/dir.2-2;1;1;1/ordnung.24/(1)^5(12)^2/group.391	10	10	10	method=1	log2H=4.00	image=0	bad=0
Z	carat/tables/qcatalog/dim5/dir.2-2;2-1;1/ordnung.24/(1)^5(2)^1(6)^1(12)^1(36)^1/group.438	1	12	12	method=1	log2H=4.58	image=0	bad=0
Z	carat/tables/qcatalog/dim5/dir.2-2;2-1;1/ordnung.24/(1)^5(2)^1(6)^1(12)^1(36)^1/group.438	2	4	4	method=1	log2H=2.58	image=0	bad=0
Z	carat/tables/qcatalog/dim5/dir.2-2;1;1;1/ordnung.48/(1)^4(3)^1(12)^1(36)^1/group.398	13	24	24	method=1	log2H=5.00	image=0	bad=0
Z	carat/tables/qcatalog/dim5/dir.2-2;2-1;1/ordnung.24/(1)^5(2)^1(6)^1(12)^1(36)^1/group.438	3	6	6	method=1	log2H=3.00	image=0	bad=0
Z	carat/tables/qcatalog/dim5/dir.2-2;1;1;1/ordnung.48/(1)^5(12)^2/group.406	8	24	24	method=1	log2H=5.00	image=0	bad=0
father: level 1 number of orbits 1 lengths 1
father: level 1 number of orbits 2 lengths 1
father: level 1 number of orbits 3 lengths 1
father: level 1 number of orbits 4 lengths 1
father: level 1 number of orbits 5 lengths 2
father: level 2 number of orbits 1 lengths 1
Z	carat/tables/qcatalog/dim5/dir.2-2;2-1;1/ordnung.24/(1)^5(2)^1(6)^1(12)^1(36)^1/group.438	4	2	2	method=1	log2H=1.00	image=0	bad=0
father: level 2 number of orbits 2 lengths 2
father: level 2 number of orbits 1 lengths 2
father: level 2 number of orbits 1 lengths 2
father: level 2 number of orbits 1 lengths 2
father: level 3 number of orbits 1 lengths 2
Z	carat/tables/qcatalog/dim5/dir.2-2;2-1;1/ordnung.24/(1)^5(2)^1(6)^1(12)^1(36)^1/group.438	5	12	12	method=1	log2H=4.58	image=0	bad=0
father: level 1 number of orbits 1 lengths 1
father: level 1 number of orbits 2 lengths 1
father: level 1 number of orbits 3 lengths 1
father: level 1 number of orbits 4 lengths 1
father: level 2 number of orbits 1 lengths 1
Z	carat/tables/qcatalog/dim5/dir.2-2;2-1;1/ordnung.24/(1)^5(2)^1(6)^1(12)^1(36)^1/group.438	6	4	4	method=1	log2H=2.58	image=0	bad=0
father: level 1 number of orbits 1 lengths 1
Z	carat/tables/qcatalog/dim5/dir.2-2;1;1;1/ordnung.48/(1)^5(12)^2/group.406	9	4	4	method=1	log2H=2.00	image=0	bad=0
father: level 1 number of orbits 1 lengths 1
father: level 1 number of orbits 1 lengths 1
father: level 1 number of orbits 2 lengths 2
father: level 2 number of orbits 1 lengths 2
Z	carat/tables/qcatalog/dim5/dir.2-2;2-1;1/ordnung.24/(1)^5(12)^2/group.435	1	8	8	method=1	log2H=3.58	image=0	bad=0
Z	carat/tables/qcatalog/dim5/dir.2-2;1;1;1/ordnung.48/(1)^4(3)^1(12)^1(36)^1/group.398	14	4	4	method=1	log2H=2.00	image=0	bad=0
father: level 1 number of orbits 1 lengths 1
father: level 1 number of orbits 2 lengths 2
father: level 2 number of orbits 1 lengths 2
Z	carat/tables/qcatalog/dim5/dir.2-2;2-1;1/ordnung.24/(1)^5(12)^2/group.435	2	4	4	method=1	log2H=2.58	image=0	bad=0
father: level 1 number of orbits 1 lengths 1
father: level 1 number of orbits 1 lengths 1
father: level 1 number of orbits 1 lengths 1
Z	carat/tables/qcatalog/dim5/dir.2-2;2-1;1/ordnung.24/(1)^4(3)^1(12)^1(36)^1/group.427	1	4	4	method=1	log2H=2.00	image=0	bad=0
Z	carat/tables/qcatalog/dim5/dir.2-2;1;1;1/ordnung.48/(1)^5(12)^2/group.406	10	20	20	method=1	log2H=5.00	image=0	bad=0
Z	carat/tables/qcatalog/dim5/dir.2-2;2-1;1/ordnung.24/(1)^5(12)^2/group.431	1	8	8	method=1	log2H=3.58	image=0	bad=0
Z	carat/tables/qcatalog/dim5/dir.2-2;2-1;1/ordnung.24/(1)^4(3)^1(12)^1(36)^1/group.427	2	2	2	method=1	log2H=1.00	image=0	bad=0
Z	carat/tables/qcatalog/dim5/dir.2-2;2-1;1/ordnung.24/(1)^5(2)^1(6)^1(12)^1(36)^1/group.442	1	8	8	method=1	log2H=3.00	image=0	bad=0
Z	carat/tables/qcatalog/dim5/dir.2-2;2-1;1/ordnung.24/(1)^5(12)^2/group.431	2	4	4	method=1	log2H=2.58	image=0	bad=0
Z	carat/tables/qcatalog/dim5/dir.2-2;1;1;1/ordnung.24/(1)^4(3)^1(12)^1(36)^1/group.387	1	128	128	method=1	log2H=7.58	image=0	bad=0
Z	carat/tables/qcatalog/dim5/dir.2-2;1;1;1/ordnung.48/(1)^4(3)^1(12)^1(36)^1/group.398	15	20	20	method=1	log2H=5.00	image=0	bad=0
Z	carat/tables/qcatalog/dim5/dir.2-2;2-1;1/ordnung.24/(1)^4(3)^1(12)^1(36)^1/group.427	3	4	4	method=1	log2H=2.00	image=0	bad=0
Z	carat/tables/qcatalog/dim5/dir.2-2;2-1;1/ordnung.24/(1)^5(12)^2/group.431	3	8	8	method=1	log2H=3.58	image=0	bad=0
Z	carat/tables/qcatalog/dim5/dir.2-2;2-1;1/ordnung.24/(1)^4(3)^1(12)^1(36)^1/group.427	4	2	2	method=1	log2H=1.00	image=0	bad=0
Z	carat/tables/qcatalog/dim5/dir.2-2;2-1;1/ordnung.24/(1)^5(12)^2/group.431	4	4	4	method=1	log2H=2.58	image=0	bad=0
Z	carat/tables/qcatalog/dim5/dir.2-2;1;1;1/ordnung.24/(1)^4(3)^1(12)^1(36)^1/group.387	2	16	16	method=1	log2H=4.58	image=0	bad=0
Z	carat/tables/qcatalog/dim5/dir.2-2;2-1;1/ordnung.24/(1)^5(2)^1(6)^1(12)^1(36)^1/group.442	2	4	4	method=1	log2H=2.00	image=0	bad=0
father: level 1 number of orbits 1 lengths 1
Z	carat/tables/qcatalog/dim5/dir.2-2;2-1;1/ordnung.24/(1)^4(3)^1(12)^1(36)^1/group.427	5	4	4	method=1	log2H=2.00	image=0	bad=0
father: level 1 number of orbits 1 lengths 1
Z	carat/tables/qcatalog/dim5/dir.2-2;2-1;1/ordnung.24/(1)^4(3)^1(12)^1(36)^1/group.427	6	2	2	method=1	log2H=1.00	image=0	bad=0
Z	carat/tables/qcatalog/dim5/dir.2-2;1;1;1/ordnung.24/(1)^4(3)^1(12)^1(36)^1/group.387	3	16	16	method=1	log2H=4.58	image=0	bad=0
Z	carat/tables/qcatalog/dim5/dir.2-2;2-1;1/ordnung.24/(1)^5(12)^2/group.433	1	4	4	method=1	log2H=2.00	image=0	bad=0
Z	carat/tables/qcatalog/dim5/dir.2-2;2-1;1/ordnung.24/(1)^5(2)^1(6)^1(12)^1(36)^1/group.442	3	8	8	method=1	log2H=3.00	image=0	bad=0
Z	carat/tables/qcatalog/dim5/dir.2-2;2-1;1/ordnung.24/(1)^5(12)^2/group.433	2	2	2	method=1	log2H=1.00	image=0	bad=0
Z	carat/tables/qcatalog/dim5/dir.2-2;2-1;1/ordnung.24/(1)^5(2)^1(6)^1(12)^1(36)^1/group.442	4	4	4	method=1	log2H=2.00	image=0	bad=0
Z	carat/tables/qcatalog/dim5/dir.2-2;2-1;1/ordnung.24/(1)^5(12)^2/group.433	3	4	4	method=1	log2H=2.00	image=0	bad=0
Z	carat/tables/qcatalog/dim5/dir.2-2;1;1;1/ordnung.24/(1)^4(3)^1(12)^1(36)^1/group.387	4	16	16	method=1	log2H=4.58	image=0	bad=0
Z	carat/tables/qcatalog/dim5/dir.2-2;2-1;1/ordnung.24/(1)^5(2)^1(6)^1(12)^1(36)^1/group.442	5	8	8	method=1	log2H=3.00	image=0	bad=0
Z	carat/tables/qcatalog/dim5/dir.2-2;2-1;1/ordnung.24/(1)^5(2)^1(6)^1(12)^1(36)^1/group.442	6	4	4	method=1	log2H=2.00	image=0	bad=0
Z	carat/tables/qcatalog/dim5/dir.2-2;1;1;1/ordnung.24/(1)^4(3)^1(12)^1(36)^1/group.387	5	4	4	method=1	log2H=2.58	image=0	bad=0
Z	carat/tables/qcatalog/dim5/dir.2-2;2-1;1/ordnung.24/(1)^5(12)^2/group.433	4	2	2	method=1	log2H=1.00	image=0	bad=0
Z	carat/tables/qcatalog/dim5/dir.2-2;1;1;1/ordnung.24/(1)^4(3)^1(12)^1(36)^1/group.387	6	128	128	method=1	log2H=7.58	image=0	bad=0
father: level 1 number of orbits 1 lengths 1
Z	carat/tables/qcatalog/dim5/dir.2-2;1;1;1/ordnung.24/(1)^4(3)^1(12)^1(36)^1/group.387	7	16	16	method=1	log2H=4.58	image=0	bad=0
father: level 1 number of orbits 1 lengths 1
Z	carat/tables/qcatalog/dim5/dir.2-2;2-1;1/ordnung.24/(1)^5(2)^2(12)^2/group.446	1	12	12	method=1	log2H=4.58	image=0	bad=0
father: level 1 number of orbits 1 lengths 3
Z	carat/tables/qcatalog/dim5/dir.2-2;1;1;1/ordnung.24/(1)^4(3)^1(12)^1(36)^1/group.387	8	16	16	method=1	log2H=4.58	image=0	bad=0
father: level 1 number of orbits 2 lengths 1
father: level 2 number of orbits 1 lengths 1
Z	carat/tables/qcatalog/dim5/dir.2-2;2-1;1/ordnung.24/(1)^5(2)^2(12)^2/group.446	2	4	4	method=1	log2H=2.58	image=0	bad=0
Z	carat/tables/qcatalog/dim5/dir.2-2;2-1;1/ordnung.24/(1)^5(2)^2(12)^2/group.446	3	12	12	method=1	log2H=4.58	image=0	bad=0
Z	carat/tables/qcatalog/dim5/dir.2-2;1;1;1/ordnung.24/(1)^4(3)^1(12)^1(36)^1/group.387	9	16	16	method=1	log2H=4.58	image=0	bad=0
Z	carat/tables/qcatalog/dim5/dir.2-2;2-1;1/ordnung.24/(1)^5(2)^2(12)^2/group.446	4	4	4	method=1	log2H=2.58	image=0	bad=0
Z	carat/tables/qcatalog/dim5/dir.2-2;1;1;1/ordnung.24/(1)^4(3)^1(12)^1(36)^1/group.387	10	16	16	method=1	log2H=4.58	image=0	bad=0
Z	carat/tables/qcatalog/dim5/dir.2-2;1;1;1/ordnung.24/(1)^4(3)^1(12)^1(36)^1/group.387	11	4	4	method=1	log2H=2.58	image=0	bad=0
father: level 1 number of orbits 1 lengths 1
Z	carat/tables/qcatalog/dim5/dir.2-2;1;1;1/ordnung.24/(1)^4(3)^1(12)^1(36)^1/group.387	12	16	16	method=1	log2H=4.58	image=0	bad=0
Z	carat/tables/qcatalog/dim5/dir.2-2;1;1;1/ordnung.96/(1)^5(12)^2/group.407	1	752	752	method=1	log2H=12.00	image=0	bad=0
Z	carat/tables/qcatalog/dim5/dir.2-2;1;1;1/ordnung.24/(1)^4(3)^1(12)^1(36)^1/group.387	13	128	128	method=1	log2H=7.58	image=0	bad=0
father: level 1 number of orbits 1 lengths 1
father: level 1 number of orbits 2 lengths 2
father: level 2 number of orbits 1 lengths 2
Z	carat/tables/qcatalog/dim5/dir.2-2;1;1;1/ordnung.24/(1)^4(3)^1(12)^1(36)^1/group.387	14	16	16	method=1	log2H=4.58	image=0	bad=0
father: level 1 number of orbits 1 lengths 1
father: level 1 number of orbits 2 lengths 2
father: level 2 number of orbits 1 lengths 2
father: level 1 number of orbits 1 lengths 1
father: level 1 number of orbits 2 lengths 2
father: level 1 number of orbits 1 lengths 1
father: level 2 number of orbits 1 lengths 2
Z	carat/tables/qcatalog/dim5/dir.2-2;1;1;1/ordnung.24/(1)^4(3)^1(12)^1(36)^1/group.387	15	16	16	method=1	log2H=4.58	image=0	bad=0
Z	carat/tables/qcatalog/dim5/dir.2-2;2-1;1/ordnung.24/(1)^4(3)^1(12)^1(36)^1/group.429	1	4	4	method=1	log2H=2.00	image=0	bad=0
Z	carat/tables/qcatalog/dim5/dir.2-2;2-1;1/ordnung.24/(1)^4(3)^1(12)^1(36)^1/group.429	2	2	2	method=1	log2H=1.00	image=0	bad=0
Z	carat/tables/qcatalog/dim5/dir.2-2;1;1;1/ordnung.24/(1)^4(3)^1(12)^1(36)^1/group.387	16	16	16	method=1	log2H=4.58	image=0	bad=0
Z	carat/tables/qcatalog/dim5/dir.2-2;1;1;1/ordnung.96/(1)^5(12)^2/group.407	2	96	96	method=1	log2H=7.00	image=0	bad=0
father: level 1 number of orbits 1 lengths 1
Z	carat/tables/qcatalog/dim5/dir.2-2;2-1;1/ordnung.24/(1)^4(3)^1(12)^1(36)^1/group.429	3	4	4	method=1	log2H=2.00	image=0	bad=0
Z	carat/tables/qcatalog/dim5/dir.2-2;2-1;1/ordnung.24/(1)^4(3)^1(12)^1(36)^1/group.429	4	2	2	method=1	log2H=1.00	image=0	bad=0
Z	carat/tables/qcatalog/dim5/dir.2-2;1;1;1/ordnung.24/(1)^4(3)^1(12)^1(36)^1/group.387	17	4	4	method=1	log2H=2.58	image=0	bad=0
father: level 1 number of orbits 1 lengths 1
Z	carat/tables/qcatalog/dim5/dir.2-2;2-1;1/ordnung.24/(1)^4(3)^1(12)^1(36)^1/group.429	5	4	4	method=1	log2H=2.00	image=0	bad=0
father: level 1 number of orbits 1 lengths 1
father: level 1 number of orbits 1 lengths 1
father: level 1 number of orbits 1 lengths 1
Z	carat/tables/qcatalog/dim5/dir.2-2;2-1;1/ordnung.24/(1)^4(3)^1(12)^1(36)^1/group.429	6	2	2	method=1	log2H=1.00	image=0	bad=0
Z	carat/tables/qcatalog/dim5/dir.2-2;1;1;1/ordnung.24/(1)^4(3)^1(12)^1(36)^1/group.387	18	16	16	method=1	log2H=4.58	image=0	bad=0
father: level 1 number of orbits 1 lengths 3
father: level 1 number of orbits 2 lengths 1
father: level 2 number of orbits 1 lengths 1
father: level 1 number of orbits 1 lengths 3
father: level 1 number of orbits 2 lengths 1
father: level 2 number of orbits 1 lengths 1
Z	carat/tables/qcatalog/dim5/dir.2-2;2-1;1/ordnung.48/(1)^3(2)^2(4)^1(12)^1/group.452	1	16	16	method=1	log2H=4.00	image=0	bad=0
Z	carat/tables/qcatalog/dim5/dir.2-2;2-1;1/ordnung.48/(1)^3(2)^2(4)^1(12)^1/group.454	1	16	16	method=1	log2H=4.00	image=0	bad=0
Z	carat/tables/qcatalog/dim5/dir.2-2;2-1;1/ordnung.24/(1)^5(2)^1(6)^1(12)^1(36)^1/group.440	1	6	6	method=1	log2H=3.00	image=0	bad=0
Z	carat/tables/qcatalog/dim5/dir.2-2;1;1;1/ordnung.96/(1)^5(12)^2/group.407	3	8	8	method=1	log2H=3.00	image=0	bad=0
Z	carat/tables/qcatalog/dim5/dir.2-2;2-1;1/ordnung.24/(1)^5(2)^1(6)^1(12)^1(36)^1/group.440	2	2	2	method=1	log2H=1.00	image=0	bad=0
Z	carat/tables/qcatalog/dim5/dir.2-2;2-1;1/ordnung.48/(1)^3(2)^2(4)^1(12)^1/group.454	2	4	4	method=1	log2H=2.00	image=0	bad=0
Z	carat/tables/qcatalog/dim5/dir.2-2;2-1;1/ordnung.48/(1)^3(2)^2(4)^1(12)^1/group.452	2	4	4	method=1	log2H=2.00	image=0	bad=0
father: level 1 number of orbits 1 lengths 1
Z	carat/tables/qcatalog/dim5/dir.2-2;2-1;1/ordnung.24/(1)^5(2)^1(6)^1(12)^1(36)^1/group.440	3	6	6	method=1	log2H=3.00	image=0	bad=0
Z	carat/tables/qcatalog/dim5/dir.2-2;2-1;1/ordnung.48/(1)^3(2)^2(4)^1(12)^1/group.454	3	16	16	method=1	log2H=4.00	image=0	bad=0
Z	carat/tables/qcatalog/dim5/dir.2-2;2-1;1/ordnung.24/(1)^5(2)^1(6)^1(12)^1(36)^1/group.440	4	2	2	method=1	log2H=1.00	image=0	bad=0
Z	carat/tables/qcatalog/dim5/dir.2-2;2-1;1/ordnung.48/(1)^3(2)^2(4)^1(12)^1/group.452	3	16	16	method=1	log2H=4.00	image=0	bad=0
Z	carat/tables/qcatalog/dim5/dir.2-2;1;1;1/ordnung.48/(1)^5(12)^2/group.399	1	104	104	method=1	log2H=9.00	image=0	bad=0
Z	carat/tables/qcatalog/dim5/dir.2-2;2-1;1/ordnung.24/(1)^5(2)^1(6)^1(12)^1(36)^1/group.440	5	6	6	method=1	log2H=3.00	image=0	bad=0
Z	carat/tables/qcatalog/dim5/dir.2-2;2-1;1/ordnung.48/(1)^3(2)^2(4)^1(12)^1/group.454	4	4	4	method=1	log2H=2.00	image=0	bad=0
Z	carat/tables/qcatalog/dim5/dir.2-2;2-1;1/ordnung.24/(1)^5(2)^1(6)^1(12)^1(36)^1/group.440	6	2	2	method=1	log2H=1.00	image=0	bad=0
Z	carat/tables/qcatalog/dim5/dir.2-2;2-1;1/ordnung.48/(1)^3(2)^2(4)^1(12)^1/group.452	4	4	4	method=1	log2H=2.00	image=0	bad=0
Z	carat/tables/qcatalog/dim5/dir.2-2;2-1;1/ordnung.24/(1)^5(2)^1(6)^1(12)^1(36)^1/group.440	7	6	6	method=1	log2H=3.00	image=0	bad=0
Z	carat/tables/qcatalog/dim5/dir.2-2;1;1;1/ordnung.96/(1)^5(12)^2/group.407	4	30	30	method=1	log2H=7.00	image=0	bad=0
father: level 1 number of orbits 2 lengths 2
father: level 2 number of orbits 1 lengths 2
Z	carat/tables/qcatalog/dim5/dir.2-2;2-1;1/ordnung.24/(1)^5(2)^1(6)^1(12)^1(36)^1/group.440	8	2	2	method=1	log2H=1.00	image=0	bad=0
father: level 1 number of orbits 1 lengths 1
father: level 1 number of orbits 2 lengths 2
father: level 2 number of orbits 1 lengths 2
father: level 1 number of orbits 1 lengths 1
Z	carat/tables/qcatalog/dim5/dir.2-2;2-1;1/ordnung.24/(1)^5(2)^1(6)^1(12)^1(36)^1/group.440	9	6	6	method=1	log2H=3.00	image=0	bad=0
father: level 1 number of orbits 1 lengths 1
father: level 1 number of orbits 1 lengths 1
Z	carat/tables/qcatalog/dim5/dir.2-2;2-1;1/ordnung.24/(1)^5(2)^1(6)^1(12)^1(36)^1/group.440	10	2	2	method=1	log2H=1.00	image=0	bad=0
father: level 1 number of orbits 1 lengths 1
father: level 1 number of orbits 1 lengths 1
Z	carat/tables/qcatalog/dim5/dir.2-2;1;1;1/ordnung.48/(1)^5(12)^2/group.399	2	24	24	method=1	log2H=5.00	image=0	bad=0
father: level 1 number of orbits 1 lengths 1
father: level 1 number of orbits 1 lengths 1
Z	carat/tables/qcatalog/dim5/dir.2-2;2-1;1/ordnung.24/(1)^5(2)^1(6)^1(12)^1(36)^1/group.440	11	6	6	method=1	log2H=3.00	image=0	bad=0
Z	carat/tables/qcatalog/dim5/dir.2-2;2-1;1/ordnung.24/(1)^5(2)^1(6)^1(12)^1(36)^1/group.439	1	4	4	method=1	log2H=2.00	image=0	bad=0
Z	carat/tables/qcatalog/dim5/dir.2-2;2-1;1/ordnung.24/(1)^5(2)^1(6)^1(12)^1(36)^1/group.440	12	2	2	method=1	log2H=1.00	image=0	bad=0
Z	carat/tables/qcatalog/dim5/dir.2-2;2-1;1/ordnung.24/(1)^5(2)^1(6)^1(12)^1(36)^1/group.439	2	2	2	method=1	log2H=1.00	image=0	bad=0
Z	carat/tables/qcatalog/dim5/dir.2-2;2-1;1/ordnung.24/(1)^5(2)^2(12)^2/group.448	1	8	8	method=1	log2H=3.00	image=0	bad=0
Z	carat/tables/qcatalog/dim5/dir.2-2;2-1;1/ordnung.48/(1)^3(2)^2(4)^1(12)^1/group.456	1	64	64	method=1	log2H=6.58	image=0	bad=0
Z	carat/tables/qcatalog/dim5/dir.2-2;2-1;1/ordnung.24/(1)^5(2)^1(6)^1(12)^1(36)^1/group.439	3	4	4	method=1	log2H=2.00	image=0	bad=0
Z	carat/tables/qcatalog/dim5/dir.2-2;2-1;1/ordnung.24/(1)^5(2)^2(12)^2/group.448	2	4	4	method=1	log2H=2.00	image=0	bad=0
father: level 1 number of orbits 1 lengths 1
Z	carat/tables/qcatalog/dim5/dir.2-2;1;1;1/ordnung.48/(1)^5(12)^2/group.399	3	4	4	method=1	log2H=2.00	image=0	bad=0
Z	carat/tables/qcatalog/dim5/dir.2-2;2-1;1/ordnung.24/(1)^5(2)^2(12)^2/group.448	3	8	8	method=1	log2H=3.00	image=0	bad=0
Z	carat/tables/qcatalog/dim5/dir.2-2;2-1;1/ordnung.24/(1)^5(2)^1(6)^1(12)^1(36)^1/group.439	4	2	2	method=1	log2H=1.00	image=0	bad=0
Z	carat/tables/qcatalog/dim5/dir.2-2;2-1;1/ordnung.48/(1)^3(2)^2(4)^1(12)^1/group.456	2	16	16	method=1	log2H=4.58	image=0	bad=0
Z	carat/tables/qcatalog/dim5/dir.2-2;2-1;1/ordnung.24/(1)^5(2)^2(12)^2/group.448	4	4	4	method=1	log2H=2.00	image=0	bad=0
Z	carat/tables/qcatalog/dim5/dir.2-2;2-1;1/ordnung.24/(1)^5(2)^1(6)^1(12)^1(36)^1/group.439	5	4	4	method=1	log2H=2.00	image=0	bad=0
Z	carat/tables/qcatalog/dim5/dir.2-2;2-1;1/ordnung.24/(1)^5(2)^2(12)^2/group.448	5	8	8	method=1	log2H=3.00	image=0	bad=0
father: level 1 number of orbits 1 lengths 1
father: level 1 number of orbits 2 lengths 2
Z	carat/tables/qcatalog/dim5/dir.2-2;2-1;1/ordnung.24/(1)^5(2)^1(6)^1(12)^1(36)^1/group.439	6	2	2	method=1	log2H=1.00	image=0	bad=0
father: level 2 number of orbits 1 lengths 2
father: level 1 number of orbits 1 lengths 1
Z	carat/tables/qcatalog/dim5/dir.2-2;2-1;1/ordnung.24/(1)^5(2)^2(12)^2/group.448	6	4	4	method=1	log2H=2.00	image=0	bad=0
father: level 1 number of orbits 2 lengths 2
Z	carat/tables/qcatalog/dim5/dir.2-2;1;1;1/ordnung.48/(1)^5(12)^2/group.399	4	10	10	method=1	log2H=5.00	image=0	bad=0
father: level 2 number of orbits 1 lengths 2
father: level 1 number of orbits 1 lengths 1
Z	carat/tables/qcatalog/dim5/dir.2-2;2-1;1/ordnung.24/(1)^5(2)^1(6)^1(12)^1(36)^1/group.439	7	4	4	method=1	log2H=2.00	image=0	bad=0
father: level 1 number of orbits 1 lengths 1
Z	carat/tables/qcatalog/dim5/dir.2-2;2-1;1/ordnung.24/(1)^5(2)^2(12)^2/group.448	7	8	8	method=1	log2H=3.00	image=0	bad=0
Z	carat/tables/qcatalog/dim5/dir.2-2;2-1;1/ordnung.48/(1)^3(2)^2(4)^1(12)^1/group.455	1	24	24	method=1	log2H=5.00	image=0	bad=0
Z	carat/tables/qcatalog/dim5/dir.2-2;2-1;1/ordnung.24/(1)^5(2)^2(12)^2/group.448	8	4	4	method=1	log2H=2.00	image=0	bad=0
Z	carat/tables/qcatalog/dim5/dir.2-2;2-1;1/ordnung.24/(1)^5(2)^1(6)^1(12)^1(36)^1/group.439	8	2	2	method=1	log2H=1.00	image=0	bad=0
Z	carat/tables/qcatalog/dim5/dir.2-2;2-1;1/ordnung.24/(1)^5(2)^1(6)^1(12)^1(36)^1/group.437	1	8	8	method=1	log2H=3.58	image=0	bad=0
Z	carat/tables/qcatalog/dim5/dir.2-2;2-1;1/ordnung.24/(1)^5(2)^1(6)^1(12)^1(36)^1/group.439	9	4	4	method=1	log2H=2.00	image=0	bad=0
Z	carat/tables/qcatalog/dim5/dir.2-2;2-1;1/ordnung.24/(1)^5(2)^1(6)^1(12)^1(36)^1/group.437	2	4	4	method=1	log2H=2.58	image=0	bad=0
Z	carat/tables/qcatalog/dim5/dir.2-2;1;1;1/ordnung.48/(1)^5(12)^2/group.399	5	104	104	method=1	log2H=9.00	image=0	bad=0
father: level 1 number of orbits 1 lengths 1
Z	carat/tables/qcatalog/dim5/dir.2-2;2-1;1/ordnung.24/(1)^5(2)^1(6)^1(12)^1(36)^1/group.439	10	2	2	method=1	log2H=1.00	image=0	bad=0
Z	carat/tables/qcatalog/dim5/dir.2-2;2-1;1/ordnung.24/(1)^5(2)^1(6)^1(12)^1(36)^1/group.437	3	4	4	method=1	log2H=2.00	image=0	bad=0
father: level 1 number of orbits 1 lengths 1
father: level 1 number of orbits 1 lengths 1
father: level 1 number of orbits 1 lengths 1
Z	carat/tables/qcatalog/dim5/dir.2-2;2-1;1/ordnung.48/(1)^3(2)^2(4)^1(12)^1/group.455	2	4	4	method=1	log2H=2.00	image=0	bad=0
Z	carat/tables/qcatalog/dim5/dir.2-2;2-1;1/ordnung.24/(1)^5(2)^1(6)^1(12)^1(36)^1/group.437	4	2	2	method=1	log2H=1.00	image=0	bad=0
Z	carat/tables/qcatalog/dim5/dir.2-2;2-1;1/ordnung.24/(1)^5(2)^1(6)^1(12)^1(36)^1/group.439	11	4	4	method=1	log2H=2.00	image=0	bad=0
father: level 1 number of orbits 1 lengths 1
Z	carat/tables/qcatalog/dim5/dir.2-2;2-1;1/ordnung.24/(1)^5(2)^1(6)^1(12)^1(36)^1/group.437	5	8	8	method=1	log2H=3.58	image=0	bad=0
father: level 1 number of orbits 1 lengths 1
father: level 1 number of orbits 1 lengths 1
Z	carat/tables/qcatalog/dim5/dir.2-2;2-1;1/ordnung.24/(1)^5(2)^2(12)^2/group.444	1	6	6	method=1	log2H=3.00	image=0	bad=0
Z	carat/tables/qcatalog/dim5/dir.2-2;2-1;1/ordnung.24/(1)^5(2)^1(6)^1(12)^1(36)^1/group.437	6	4	4	method=1	log2H=2.58	image=0	bad=0
father: level 1 number of orbits 1 lengths 1
Z	carat/tables/qcatalog/dim5/dir.2-2;2-1;1/ordnung.24/(1)^5(2)^2(12)^2/group.444	2	2	2	method=1	log2H=1.00	image=0	bad=0
Z	carat/tables/qcatalog/dim5/dir.2-2;2-1;1/ordnung.24/(1)^5(2)^1(6)^1(12)^1(36)^1/group.437	7	4	4	method=1	log2H=2.00	image=0	bad=0
Z	carat/tables/qcatalog/dim5/dir.2-2;2-1;1/ordnung.24/(1)^5(2)^1(6)^1(12)^1(36)^1/group.439	12	2	2	method=1	log2H=1.00	image=0	bad=0
father: level 1 number of orbits 1 lengths 1
Z	carat/tables/qcatalog/dim5/dir.2-2;2-1;1/ordnung.24/(1)^5(2)^1(6)^1(12)^1(36)^1/group.437	8	2	2	method=1	log2H=1.00	image=0	bad=0
Z	carat/tables/qcatalog/dim5/dir.2-2;2-1;1/ordnung.24/(1)^5(2)^2(12)^2/group.444	3	6	6	method=1	log2H=3.00	image=0	bad=0
Z	carat/tables/qcatalog/dim5/dir.2-2;2-1;1/ordnung.48/(1)^3(2)^2(4)^1(12)^1/group.457	1	16	16	method=1	log2H=4.00	image=0	bad=0
Z	carat/tables/qcatalog/dim5/dir.2-2;2-1;1/ordnung.48/(1)^3(4)^1(12)^1/group.460	1	16	16	method=1	log2H=4.00	image=0	bad=0
Z	carat/tables/qcatalog/dim5/dir.2-2;2-1;1/ordnung.48/(1)^3(2)^2(4)^1(12)^1/group.453	1	16	16	method=1	log2H=4.00	image=0	bad=0
Z	carat/tables/qcatalog/dim5/dir.2-2;2-1;1/ordnung.24/(1)^5(2)^2(12)^2/group.444	4	2	2	method=1	log2H=1.00	image=0	bad=0
Z	carat/tables/qcatalog/dim5/dir.2-2;2-1;1/ordnung.24/(1)^5(2)^1(6)^1(12)^1(36)^1/group.437	9	8	8	method=1	log2H=3.58	image=0	bad=0
father: level 1 number of orbits 1 lengths 1
father: level 1 number of orbits 1 lengths 1
Z	carat/tables/qcatalog/dim5/dir.2-2;2-1;1/ordnung.48/(1)^3(2)^2(4)^1(12)^1/group.458	1	16	16	method=1	log2H=4.00	image=0	bad=0
Z	carat/tables/qcatalog/dim5/dir.2-2;2-1;1/ordnung.24/(1)^5(2)^2(12)^2/group.444	5	6	6	method=1	log2H=3.00	image=0	bad=0
Z	carat/tables/qcatalog/dim5/dir.2-2;2-1;1/ordnung.24/(1)^5(2)^1(6)^1(12)^1(36)^1/group.437	10	4	4	method=1	log2H=2.58	image=0	bad=0
father: level 1 number of orbits 1 lengths 1
Z	carat/tables/qcatalog/dim5/dir.2-2;2-1;1/ordnung.48/(1)^3(2)^2(4)^1(12)^1/group.457	2	4	4	method=1	log2H=2.00	image=0	bad=0
Z	carat/tables/qcatalog/dim5/dir.2-2;2-1;1/ordnung.48/(1)^3(2)^2(4)^1(12)^1/group.453	2	4	4	method=1	log2H=2.00	image=0	bad=0
father: level 1 number of orbits 1 lengths 1
Z	carat/tables/qcatalog/dim5/dir.2-2;2-1;1/ordnung.48/(1)^3(2)^2(4)^1(12)^1/group.458	2	4	4	method=1	log2H=2.00	image=0	bad=0
Z	carat/tables/qcatalog/dim5/dir.2-2;2-1;1/ordnung.24/(1)^5(2)^1(6)^1(12)^1(36)^1/group.437	11	8	8	method=1	log2H=3.58	image=0	bad=0
Z	carat/tables/qcatalog/dim5/dir.2-2;2-1;1/ordnung.24/(1)^5(2)^2(12)^2/group.444	6	2	2	method=1	log2H=1.00	image=0	bad=0
Z	carat/tables/qcatalog/dim5/dir.2-2;2-1;1/ordnung.48/(1)^3(4)^1(12)^1/group.460	2	4	4	method=1	log2H=2.00	image=0	bad=0
Z	carat/tables/qcatalog/dim5/dir.2-2;2-1;1/ordnung.24/(1)^5(2)^2(12)^2/group.444	7	6	6	method=1	log2H=3.00	image=0	bad=0
Z	carat/tables/qcatalog/dim5/dir.2-2;2-1;1/ordnung.24/(1)^5(2)^2(12)^2/group.447	1	8	8	method=1	log2H=3.58	image=0	bad=0
Z	carat/tables/qcatalog/dim5/dir.2-2;2-1;1/ordnung.48/(1)^3(2)^2(4)^1(12)^1/group.458	3	16	16	method=1	log2H=4.00	image=0	bad=0
Z	carat/tables/qcatalog/dim5/dir.2-2;2-1;1/ordnung.24/(1)^5(2)^2(12)^2/group.447	2	4	4	method=1	log2H=2.58	image=0	bad=0
Z	carat/tables/qcatalog/dim5/dir.2-2;2-1;1/ordnung.24/(1)^5(2)^2(12)^2/group.444	8	2	2	method=1	log2H=1.00	image=0	bad=0
Z	carat/tables/qcatalog/dim5/dir.2-2;2-1;1/ordnung.24/(1)^5(2)^1(6)^1(12)^1(36)^1/group.437	12	4	4	method=1	log2H=2.58	image=0	bad=0
Z	carat/tables/qcatalog/dim5/dir.2-2;2-1;1/ordnung.24/(1)^5(2)^2(12)^2/group.447	3	8	8	method=1	log2H=3.58	image=0	bad=0
Z	carat/tables/qcatalog/dim5/dir.2-2;2-1;1/ordnung.48/(1)^3(2)^2(4)^1(12)^1/group.458	4	4	4	method=1	log2H=2.00	image=0	bad=0
Z	carat/tables/qcatalog/dim5/dir.2-2;2-1;1/ordnung.24/(1)^5(2)^2(12)^2/group.447	4	4	4	method=1	log2H=2.58	image=0	bad=0
Z	carat/tables/qcatalog/dim5/dir.2-2;2-1;1/ordnung.24/(1)^5(2)^2(12)^2/group.447	5	8	8	method=1	log2H=3.58	image=0	bad=0
father: level 1 number of orbits 1 lengths 1
Z	carat/tables/qcatalog/dim5/dir.2-2;2-1;1/ordnung.24/(1)^5(2)^2(12)^2/group.447	6	4	4	method=1	log2H=2.58	image=0	bad=0
father: level 1 number of orbits 1 lengths 1
father: level 1 number of orbits 1 lengths 1
Z	carat/tables/qcatalog/dim5/dir.2-2;2-1;1/ordnung.24/(1)^5(2)^2(12)^2/group.447	7	8	8	method=1	log2H=3.58	image=0	bad=0
Z	carat/tables/qcatalog/dim5/dir.2-2;2-1;1/ordnung.24/(1)^5(2)^2(12)^2/group.447	8	4	4	method=1	log2H=2.58	image=0	bad=0
Z	carat/tables/qcatalog/dim5/dir.2-2;2-1;1/ordnung.48/(1)^5(12)^2/group.462	1	16	16	method=1	log2H=4.00	image=0	bad=0
Z	carat/tables/qcatalog/dim5/dir.2-2;2-1;1/ordnung.24/(1)^5(2)^2(12)^2/group.449	1	8	8	method=1	log2H=3.00	image=0	bad=0
Z	carat/tables/qcatalog/dim5/dir.2-2;1;1;1/ordnung.48/(1)^5(12)^2/group.399	6	24	24	method=1	log2H=5.00	image=0	bad=0
Z	carat/tables/qcatalog/dim5/dir.2-2;2-1;1/ordnung.24/(1)^5(2)^2(12)^2/group.449	2	4	4	method=1	log2H=2.00	image=0	bad=0
Z	carat/tables/qcatalog/dim5/dir.2-2;2-1;1/ordnung.24/(1)^5(2)^2(12)^2/group.449	3	8	8	method=1	log2H=3.00	image=0	bad=0
Z	carat/tables/qcatalog/dim5/dir.2-2;2-1;1/ordnung.48/(1)^5(12)^2/group.462	2	4	4	method=1	log2H=2.00	image=0	bad=0
Z	carat/tables/qcatalog/dim5/dir.2-2;2-1;1/ordnung.24/(1)^5(2)^2(12)^2/group.449	4	4	4	method=1	log2H=2.00	image=0	bad=0
father: level 1 number of orbits 1 lengths 1
father: level 1 number of orbits 1 lengths 1
father: level 1 number of orbits 1 lengths 1
father: level 1 number of orbits 1 lengths 1
father: level 1 number of orbits 1 lengths 1
father: level 1 number of orbits 1 lengths 1
Z	carat/tables/qcatalog/dim5/dir.2-2;2-1;1/ordnung.48/(1)^3(2)^2(4)^1(12)^1/group.459	1	16	16	method=1	log2H=4.00	image=0	bad=0
Z	carat/tables/qcatalog/dim5/dir.2-2;2-1;1/ordnung.24/(1)^5(2)^2(12)^2/group.450	1	4	4	method=1	log2H=2.00	image=0	bad=0
father: level 1 number of orbits 1 lengths 1
father: level 1 number of orbits 1 lengths 1
Z	carat/tables/qcatalog/dim5/dir.2-2;1;1;1/ordnung.48/(1)^5(12)^2/group.399	7	4	4	method=1	log2H=2.00	image=0	bad=0
father: level 1 number of orbits 1 lengths 1
father: level 1 number of orbits 2 lengths 2
father: level 2 number of orbits 1 lengths 2
Z	carat/tables/qcatalog/dim5/dir.2-2;2-1;1/ordnung.24/(1)^5(2)^2(12)^2/group.450	2	2	2	method=1	log2H=1.00	image=0	bad=0
father: level 1 number of orbits 1 lengths 1
father: level 1 number of orbits 2 lengths 2
father: level 2 number of orbits 1 lengths 2
Z	carat/tables/qcatalog/dim5/dir.2-2;2-1;1/ordnung.48/(1)^3(2)^2(4)^1(12)^1/group.459	2	4	4	method=1	log2H=2.00	image=0	bad=0
Z	carat/tables/qcatalog/dim5/dir.2-2;2-1;1/ordnung.24/(1)^5(2)^2(12)^2/group.450	3	4	4	method=1	log2H=2.00	image=0	bad=0
Z	carat/tables/qcatalog/dim5/dir.2-2;2-1;1/ordnung.24/(1)^5(2)^2(12)^2/group.450	4	2	2	method=1	log2H=1.00	image=0	bad=0
father: level 1 number of orbits 1 lengths 1
Z	carat/tables/qcatalog/dim5/dir.2-2;2-1;1/ordnung.24/(1)^5(2)^1(6)^1(12)^1(36)^1/group.443	1	8	8	method=1	log2H=3.00	image=0	bad=0
father: level 1 number of orbits 1 lengths 1
father: level 1 number of orbits 2 lengths 2
father: level 2 number of orbits 1 lengths 2
Z	carat/tables/qcatalog/dim5/dir.2-2;2-1;1/ordnung.24/(1)^5(2)^2(12)^2/group.450	5	4	4	method=1	log2H=2.00	image=0	bad=0
Z	carat/tables/qcatalog/dim5/dir.2-2;2-1;1/ordnung.24/(1)^5(2)^1(6)^1(12)^1(36)^1/group.443	2	4	4	method=1	log2H=2.00	image=0	bad=0
Z	carat/tables/qcatalog/dim5/dir.2-2;1;1;1/ordnung.48/(1)^5(12)^2/group.399	8	10	10	method=1	log2H=5.00	image=0	bad=0
Z	carat/tables/qcatalog/dim5/dir.2-2;2-1;1/ordnung.24/(1)^5(2)^2(12)^2/group.450	6	2	2	method=1	log2H=1.00	image=0	bad=0
Z	carat/tables/qcatalog/dim5/dir.2-2;2-1;1/ordnung.48/(1)^5(12)^2/group.464	1	16	16	method=1	log2H=4.00	image=0	bad=0
Z	carat/tables/qcatalog/dim5/dir.2-2;2-1;1/ordnung.24/(1)^5(2)^1(6)^1(12)^1(36)^1/group.443	3	8	8	method=1	log2H=3.00	image=0	bad=0
Z	carat/tables/qcatalog/dim5/dir.2-2;2-1;1/ordnung.24/(1)^5(2)^1(6)^1(12)^1(36)^1/group.443	4	4	4	method=1	log2H=2.00	image=0	bad=0
Z	carat/tables/qcatalog/dim5/dir.2-2;2-1;1/ordnung.48/(1)^4(3)^1(12)^1(36)^1/group.461	1	16	16	method=1	log2H=4.00	image=0	bad=0
Z	carat/tables/qcatalog/dim5/dir.2-2;2-1;1/ordnung.24/(1)^5(2)^2(12)^2/group.450	7	4	4	method=1	log2H=2.00	image=0	bad=0
Z	carat/tables/qcatalog/dim5/dir.2-2;2-1;1/ordnung.24/(1)^5(2)^1(6)^1(12)^1(36)^1/group.443	5	8	8	method=1	log2H=3.00	image=0	bad=0
Z	carat/tables/qcatalog/dim5/dir.2-2;2-1;1/ordnung.24/(1)^5(2)^2(12)^2/group.450	8	2	2	method=1	log2H=1.00	image=0	bad=0
father: level 1 number of orbits 1 lengths 1
Z	carat/tables/qcatalog/dim5/dir.2-2;2-1;1/ordnung.48/(1)^4(3)^1(12)^1(36)^1/group.461	2	4	4	method=1	log2H=2.00	image=0	bad=0
Z	carat/tables/qcatalog/dim5/dir.2-2;2-1;1/ordnung.24/(1)^5(2)^1(6)^1(12)^1(36)^1/group.443	6	4	4	method=1	log2H=2.00	image=0	bad=0
Z	carat/tables/qcatalog/dim5/dir.2-2;2-1;1/ordnung.24/(1)^5(2)^1(6)^1(12)^1(36)^1/group.443	7	8	8	method=1	log2H=3.00	image=0	bad=0
Z	carat/tables/qcatalog/dim5/dir.2-2;2-1;1/ordnung.48/(1)^5(12)^2/group.466	1	32	32	method=1	log2H=5.58	image=0	bad=0
Z	carat/tables/qcatalog/dim5/dir.2-2;2-1;1/ordnung.24/(1)^5(2)^1(6)^1(12)^1(36)^1/group.443	8	4	4	method=1	log2H=2.00	image=0	bad=0
father: level 1 number of orbits 1 lengths 1
Z	carat/tables/qcatalog/dim5/dir.2-2;2-1;1/ordnung.48/(1)^5(12)^2/group.464	2	4	4	method=1	log2H=2.00	image=0	bad=0
Z	carat/tables/qcatalog/dim5/dir.2-2;2-1;1/ordnung.48/(1)^4(3)^1(12)^1(36)^1/group.461	3	16	16	method=1	log2H=4.00	image=0	bad=0
father: level 1 number of orbits 1 lengths 1
Z	carat/tables/qcatalog/dim5/dir.2-2;2-1;1/ordnung.24/(1)^5(2)^1(6)^1(12)^1(36)^1/group.443	9	8	8	method=1	log2H=3.00	image=0	bad=0
Z	carat/tables/qcatalog/dim5/dir.2-2;2-1;1/ordnung.48/(1)^5(12)^2/group.466	2	8	8	method=1	log2H=3.58	image=0	bad=0
father: level 1 number of orbits 1 lengths 1
father: level 1 number of orbits 1 lengths 1
Z	carat/tables/qcatalog/dim5/dir.2-2;2-1;1/ordnung.24/(1)^5(2)^1(6)^1(12)^1(36)^1/group.443	10	4	4	method=1	log2H=2.00	image=0	bad=0
Z	carat/tables/qcatalog/dim5/dir.2-2;2-1;1/ordnung.48/(1)^5(12)^2/group.468	1	16	16	method=1	log2H=4.00	image=0	bad=0
Z	carat/tables/qcatalog/dim5/dir.2-2;2-1;1/ordnung.24/(1)^5(2)^1(6)^1(12)^1(36)^1/group.443	11	8	8	method=1	log2H=3.00	image=0	bad=0
Z	carat/tables/qcatalog/dim5/dir.2-2;2-1;1/ordnung.48/(1)^4(3)^1(12)^1(36)^1/group.461	4	4	4	method=1	log2H=2.00	image=0	bad=0
Z	carat/tables/qcatalog/dim5/dir.2-2;2-1;1/ordnung.48/(1)^5(12)^2/group.463	1	16	16	method=1	log2H=4.00	image=0	bad=0
Z	carat/tables/qcatalog/dim5/dir.2-2;2-1;1/ordnung.48/(1)^5(12)^2/group.463	2	4	4	method=1	log2H=2.00	image=0	bad=0
Z	carat/tables/qcatalog/dim5/dir.2-2;2-1;1/ordnung.48/(1)^5(12)^2/group.468	2	4	4	method=1	log2H=2.00	image=0	bad=0
father: level 1 number of orbits 1 lengths 1
father: level 1 number of orbits 2 lengths 2
father: level 2 number of orbits 1 lengths 2
father: level 1 number of orbits 1 lengths 1
father: level 1 number of orbits 1 lengths 1
Z	carat/tables/qcatalog/dim5/dir.2-2;2-1;1/ordnung.48/(1)^5(12)^2/group.463	3	16	16	method=1	log2H=4.00	image=0	bad=0
father: level 1 number of orbits 1 lengths 1
father: level 1 number of orbits 2 lengths 2
father: level 2 number of orbits 1 lengths 2
Z	carat/tables/qcatalog/dim5/dir.2-2;2-1;1/ordnung.48/(1)^5(12)^2/group.468	3	16	16	method=1	log2H=4.00	image=0	bad=0
father: level 1 number of orbits 1 lengths 1
father: level 1 number of orbits 2 lengths 2
father: level 2 number of orbits 1 lengths 2
Z	carat/tables/qcatalog/dim5/dir.2-2;2-1;1/ordnung.48/(1)^3(2)^1(6)^1(12)^2/group.451	1	16	16	method=1	log2H=4.00	image=0	bad=0
Z	carat/tables/qcatalog/dim5/dir.2-2;2-1;1/ordnung.48/(1)^5(12)^2/group.463	4	4	4	method=1	log2H=2.00	image=0	bad=0
father: level 1 number of orbits 1 lengths 1
Z	carat/tables/qcatalog/dim5/dir.2-2;2-1;1/ordnung.24/(1)^5(2)^1(6)^1(12)^1(36)^1/group.441	1	4	4	method=1	log2H=2.00	image=0	bad=0
Z	carat/tables/qcatalog/dim5/dir.2-2;2-1;1/ordnung.48/(1)^3(2)^1(6)^1(12)^2/group.451	2	4	4	method=1	log2H=2.00	image=0	bad=0
Z	carat/tables/qcatalog/dim5/dir.2-2;2-1;1/ordnung.48/(1)^5(12)^2/group.468	4	4	4	method=1	log2H=2.00	image=0	bad=0
Z	carat/tables/qcatalog/dim5/dir.2-2;2-1;1/ordnung.24/(1)^5(2)^1(6)^1(12)^1(36)^1/group.441	2	2	2	method=1	log2H=1.00	image=0	bad=0
Z	carat/tables/qcatalog/dim5/dir.2-2;2-1;1/ordnung.24/(1)^5(2)^1(6)^1(12)^1(36)^1/group.443	12	4	4	method=1	log2H=2.00	image=0	bad=0
Z	carat/tables/qcatalog/dim5/dir.2-2;2-1;1/ordnung.48/(1)^4(3)^1(12)^1(36)^1/group.461	5	16	16	method=1	log2H=4.00	image=0	bad=0
Z	carat/tables/qcatalog/dim5/dir.2-2;2-1;1/ordnung.24/(1)^5(2)^1(6)^1(12)^1(36)^1/group.441	3	4	4	method=1	log2H=2.00	image=0	bad=0
Z	carat/tables/qcatalog/dim5/dir.2-2;2-1;1/ordnung.24/(1)^5(2)^1(6)^1(12)^1(36)^1/group.441	4	2	2	method=1	log2H=1.00	image=0	bad=0
father: level 1 number of orbits 1 lengths 1
Z	carat/tables/qcatalog/dim5/dir.2-2;2-1;1/ordnung.48/(1)^5(12)^2/group.467	1	16	16	method=1	log2H=4.00	image=0	bad=0
father: level 1 number of orbits 1 lengths 1
father: level 1 number of orbits 2 lengths 2
Z	carat/tables/qcatalog/dim5/dir.2-2;2-1;1/ordnung.48/(1)^3(2)^1(6)^1(12)^2/group.451	3	16	16	method=1	log2H=4.00	image=0	bad=0
Z	carat/tables/qcatalog/dim5/dir.2-2;2-1;1/ordnung.24/(1)^5(2)^1(6)^1(12)^1(36)^1/group.441	5	4	4	method=1	log2H=2.00	image=0	bad=0
father: level 2 number of orbits 1 lengths 2
father: level 1 number of orbits 1 lengths 1
Z	carat/tables/qcatalog/dim5/dir.2-2;2-1;1/ordnung.24/(1)^5(2)^1(6)^1(12)^1(36)^1/group.441	6	2	2	method=1	log2H=1.00	image=0	bad=0
Z	carat/tables/qcatalog/dim5/dir.2-2;2-1;1/ordnung.24/(1)^5(2)^1(6)^1(12)^1(36)^1/group.441	7	4	4	method=1	log2H=2.00	image=0	bad=0
Z	carat/tables/qcatalog/dim5/dir.2-2;2-1;1/ordnung.48/(1)^4(3)^1(12)^1(36)^1/group.461	6	4	4	method=1	log2H=2.00	image=0	bad=0
Z	carat/tables/qcatalog/dim5/dir.2-2;2-1;1/ordnung.48/(1)^3(2)^1(6)^1(12)^2/group.451	4	4	4	method=1	log2H=2.00	image=0	bad=0
Z	carat/tables/qcatalog/dim5/dir.2-2;2-1;1/ordnung.48/(1)^5(12)^2/group.467	2	4	4	method=1	log2H=2.00	image=0	bad=0
Z	carat/tables/qcatalog/dim5/dir.2-2;2-1;1/ordnung.48/(1)^5(12)^2/group.465	1	48	48	method=1	log2H=6.00	image=0	bad=0
Z	carat/tables/qcatalog/dim5/dir.2-2;2-1;1/ordnung.24/(1)^5(2)^1(6)^1(12)^1(36)^1/group.441	8	2	2	method=1	log2H=1.00	image=0	bad=0
Z	carat/tables/qcatalog/dim5/dir.2-2;2-1;1/ordnung.24/(1)^5(2)^1(6)^1(12)^1(36)^1/group.441	9	4	4	method=1	log2H=2.00	image=0	bad=0
Z	carat/tables/qcatalog/dim5/dir.2-2;2-1;1/ordnung.48/(1)^5(12)^2/group.465	2	8	8	method=1	log2H=3.00	image=0	bad=0
Z	carat/tables/qcatalog/dim5/dir.2-2;2-1;1/ordnung.24/(1)^5(2)^1(6)^1(12)^1(36)^1/group.441	10	2	2	method=1	log2H=1.00	image=0	bad=0
Z	carat/tables/qcatalog/dim5/dir.2-2;2-1;1/ordnung.24/(1)^5(2)^1(6)^1(12)^1(36)^1/group.441	11	4	4	method=1	log2H=2.00	image=0	bad=0
Z	carat/tables/qcatalog/dim5/dir.2-2;2-1;1/ordnung.24/(1)^5(2)^1(6)^1(12)^1(36)^1/group.441	12	2	2	method=1	log2H=1.00	image=0	bad=0
Z	carat/tables/qcatalog/dim5/dir.2-2;2-1;1/ordnung.48/(1)^5(2)^1(6)^1(12)^1(36)^1/group.470	1	16	16	method=1	log2H=4.00	image=0	bad=0
father: level 1 number of orbits 1 lengths 1
father: level 1 number of orbits 1 lengths 1
father: level 1 number of orbits 1 lengths 1
father: level 1 number of orbits 1 lengths 1
father: level 1 number of orbits 1 lengths 1
father: level 1 number of orbits 2 lengths 2
father: level 2 number of orbits 1 lengths 2
father: level 1 number of orbits 1 lengths 1
Z	carat/tables/qcatalog/dim5/dir.2-2;2-1;1/ordnung.24/(1)^5(2)^2(12)^2/group.445	1	4	4	method=1	log2H=2.00	image=0	bad=0
father: level 1 number of orbits 1 lengths 1
Z	carat/tables/qcatalog/dim5/dir.2-2;2-1;1/ordnung.24/(1)^5(2)^2(12)^2/group.445	2	2	2	method=1	log2H=1.00	image=0	bad=0
Z	carat/tables/qcatalog/dim5/dir.2-2;2-1;1/ordnung.48/(1)^5(2)^1(6)^1(12)^1(36)^1/group.470	2	4	4	method=1	log2H=2.00	image=0	bad=0
father: level 1 number of orbits 1 lengths 1
father: level 1 number of orbits 2 lengths 2
father: level 2 number of orbits 1 lengths 2
Z	carat/tables/qcatalog/dim5/dir.2-2;2-1;1/ordnung.24/(1)^5(2)^2(12)^2/group.445	3	4	4	method=1	log2H=2.00	image=0	bad=0
Z	carat/tables/qcatalog/dim5/dir.2-2;2-1;1/ordnung.48/(1)^5(2)^1(6)^1(12)^1(36)^1/group.474	1	16	16	method=1	log2H=4.00	image=0	bad=0
Z	carat/tables/qcatalog/dim5/dir.2-2;2-1;1/ordnung.24/(1)^5(2)^2(12)^2/group.445	4	2	2	method=1	log2H=1.00	image=0	bad=0
Z	carat/tables/qcatalog/dim5/dir.2-2;2-1;1/ordnung.48/(1)^5(2)^1(6)^1(12)^1(36)^1/group.476	1	32	32	method=1	log2H=5.00	image=0	bad=0
Z	carat/tables/qcatalog/dim5/dir.2-2;2-1;1/ordnung.24/(1)^5(2)^2(12)^2/group.445	5	4	4	method=1	log2H=2.00	image=0	bad=0
Z	carat/tables/qcatalog/dim5/dir.2-2;2-1;1/ordnung.24/(1)^5(2)^2(12)^2/group.445	6	2	2	method=1	log2H=1.00	image=0	bad=0
father: level 1 number of orbits 1 lengths 1
Z	carat/tables/qcatalog/dim5/dir.2-2;2-1;1/ordnung.48/(1)^5(2)^1(6)^1(12)^1(36)^1/group.476	2	8	8	method=1	log2H=3.00	image=0	bad=0
Z	carat/tables/qcatalog/dim5/dir.2-2;2-1;1/ordnung.24/(1)^5(2)^2(12)^2/group.445	7	4	4	method=1	log2H=2.00	image=0	bad=0
Z	carat/tables/qcatalog/dim5/dir.2-2;2-1;1/ordnung.48/(1)^5(2)^2(12)^2/group.490	1	48	48	method=1	log2H=6.58	image=0	bad=0
father: level 1 number of orbits 1 lengths 1
father: level 1 number of orbits 1 lengths 1
Z	carat/tables/qcatalog/dim5/dir.2-2;2-1;1/ordnung.24/(1)^5(2)^2(12)^2/group.445	8	2	2	method=1	log2H=1.00	image=0	bad=0
Z	carat/tables/qcatalog/dim5/dir.2-2;2-1;1/ordnung.48/(1)^5(2)^1(6)^1(12)^1(36)^1/group.474	2	4	4	method=1	log2H=2.00	image=0	bad=0
Z	carat/tables/qcatalog/dim5/dir.2-2;2-1;1/ordnung.48/(1)^5(2)^1(6)^1(12)^1(36)^1/group.476	3	32	32	method=1	log2H=5.00	image=0	bad=0
Z	carat/tables/qcatalog/dim5/dir.2-2;2-1;1/ordnung.48/(1)^5(2)^1(6)^1(12)^1(36)^1/group.470	3	16	16	method=1	log2H=4.00	image=0	bad=0
Z	carat/tables/qcatalog/dim5/dir.2-2;2-1;1/ordnung.48/(1)^5(2)^2(12)^2/group.490	2	8	8	method=1	log2H=3.58	image=0	bad=0
Z	carat/tables/qcatalog/dim5/dir.2-2;2-1;1/ordnung.48/(1)^5(2)^2(12)^2/group.480	1	16	16	method=1	log2H=4.00	image=0	bad=0
Z	carat/tables/qcatalog/dim5/dir.2-2;2-1;1/ordnung.48/(1)^5(2)^1(6)^1(12)^1(36)^1/group.476	4	8	8	method=1	log2H=3.00	image=0	bad=0
Z	carat/tables/qcatalog/dim5/dir.2-2;2-1;1/ordnung.48/(1)^5(2)^1(6)^1(12)^1(36)^1/group.470	4	4	4	method=1	log2H=2.00	image=0	bad=0
Z	carat/tables/qcatalog/dim5/dir.2-2;2-1;1/ordnung.48/(1)^5(2)^1(6)^1(12)^1(36)^1/group.474	3	16	16	method=1	log2H=4.00	image=0	bad=0
Z	carat/tables/qcatalog/dim5/dir.2-2;2-1;1/ordnung.48/(1)^5(2)^2(12)^2/group.480	2	4	4	method=1	log2H=2.00	image=0	bad=0
father: level 1 number of orbits 1 lengths 1
father: level 1 number of orbits 1 lengths 1
Z	carat/tables/qcatalog/dim5/dir.2-2;2-1;1/ordnung.48/(1)^5(2)^1(6)^1(12)^1(36)^1/group.476	5	32	32	method=1	log2H=5.00	image=0	bad=0
father: level 1 number of orbits 1 lengths 1
Z	carat/tables/qcatalog/dim5/dir.2-2;2-1;1/ordnung.48/(1)^5(2)^2(12)^2/group.480	3	16	16	method=1	log2H=4.00	image=0	bad=0
Z	carat/tables/qcatalog/dim5/dir.2-2;2-1;1/ordnung.48/(1)^5(2)^1(6)^1(12)^1(36)^1/group.470	5	16	16	method=1	log2H=4.00	image=0	bad=0
Z	carat/tables/qcatalog/dim5/dir.2-2;2-1;1/ordnung.48/(1)^5(2)^2(12)^2/group.486	1	16	16	method=1	log2H=4.00	image=0	bad=0
Z	carat/tables/qcatalog/dim5/dir.2-2;2-1;1/ordnung.48/(1)^5(2)^1(6)^1(12)^1(36)^1/group.474	4	4	4	method=1	log2H=2.00	image=0	bad=0
Z	carat/tables/qcatalog/dim5/dir.2-2;2-1;1/ordnung.48/(1)^5(2)^1(6)^1(12)^1(36)^1/group.476	6	8	8	method=1	log2H=3.00	image=0	bad=0
father: level 1 number of orbits 1 lengths 1
Z	carat/tables/qcatalog/dim5/dir.2-2;2-1;1/ordnung.48/(1)^5(2)^2(12)^2/group.480	4	4	4	method=1	log2H=2.00	image=0	bad=0
father: level 1 number of orbits 1 lengths 1
Z	carat/tables/qcatalog/dim5/dir.2-2;2-1;1/ordnung.48/(1)^5(2)^2(12)^2/group.486	2	4	4	method=1	log2H=2.00	image=0	bad=0
father: level 1 number of orbits 1 lengths 1
father: level 1 number of orbits 1 lengths 1
father: level 1 number of orbits 2 lengths 2
Z	carat/tables/qcatalog/dim5/dir.2-2;2-1;1/ordnung.48/(1)^5(2)^1(6)^1(12)^1(36)^1/group.474	5	16	16	method=1	log2H=4.00	image=0	bad=0
father: level 1 number of orbits 1 lengths 1
father: level 2 number of orbits 1 lengths 2
Z	carat/tables/qcatalog/dim5/dir.2-2;2-1;1/ordnung.48/(1)^5(2)^1(6)^1(12)^1(36)^1/group.470	6	4	4	method=1	log2H=2.00	image=0	bad=0
father: level 1 number of orbits 1 lengths 1
Z	carat/tables/qcatalog/dim5/dir.2-2;2-1;1/ordnung.48/(1)^5(2)^2(12)^2/group.486	3	16	16	method=1	log2H=4.00	image=0	bad=0
father: level 1 number of orbits 2 lengths 2
father: level 2 number of orbits 1 lengths 2
Z	carat/tables/qcatalog/dim5/dir.2-2;2-1;1/ordnung.48/(1)^5(2)^2(12)^2/group.491	1	32	32	method=1	log2H=5.00	image=0	bad=0
Z	carat/tables/qcatalog/dim5/dir.2-2;2-1;1/ordnung.48/(1)^5(2)^2(12)^2/group.486	4	4	4	method=1	log2H=2.00	image=0	bad=0
Z	carat/tables/qcatalog/dim5/dir.2-2;2-1;1/ordnung.48/(1)^5(2)^1(6)^1(12)^1(36)^1/group.474	6	4	4	method=1	log2H=2.00	image=0	bad=0
father: level 1 number of orbits 1 lengths 1
Z	carat/tables/qcatalog/dim5/dir.2-2;2-1;1/ordnung.48/(1)^5(2)^2(12)^2/group.491	2	8	8	method=1	log2H=3.00	image=0	bad=0
Z	carat/tables/qcatalog/dim5/dir.2-2;2-1;1/ordnung.48/(1)^5(12)^2/group.469	1	16	16	method=1	log2H=4.00	image=0	bad=0
father: level 1 number of orbits 1 lengths 1
Z	carat/tables/qcatalog/dim5/dir.2-2;2-1;1/ordnung.48/(1)^5(2)^1(6)^1(12)^1(36)^1/group.472	1	16	16	method=1	log2H=4.00	image=0	bad=0
father: level 1 number of orbits 1 lengths 1
father: level 1 number of orbits 1 lengths 1
Z	carat/tables/qcatalog/dim5/dir.2-2;2-1;1/ordnung.48/(1)^5(2)^1(6)^1(12)^1(36)^1/group.472	2	4	4	method=1	log2H=2.00	image=0	bad=0
Z	carat/tables/qcatalog/dim5/dir.2-2;2-1;1/ordnung.48/(1)^5(2)^2(12)^2/group.488	1	24	24	method=1	log2H=5.00	image=0	bad=0
father: level 1 number of orbits 1 lengths 1
father: level 1 number of orbits 1 lengths 1
Z	carat/tables/qcatalog/dim5/dir.2-2;2-1;1/ordnung.48/(1)^5(12)^2/group.469	2	4	4	method=1	log2H=2.00	image=0	bad=0
Z	carat/tables/qcatalog/dim5/dir.2-2;2-1;1/ordnung.48/(1)^5(2)^2(12)^2/group.488	2	4	4	method=1	log2H=2.00	image=0	bad=0
Z	carat/tables/qcatalog/dim5/dir.2-2;2-1;1/ordnung.48/(1)^5(2)^1(6)^1(12)^1(36)^1/group.472	3	16	16	method=1	log2H=4.00	image=0	bad=0
Z	carat/tables/qcatalog/dim5/dir.2-2;2-1;1/ordnung.48/(1)^5(2)^2(12)^2/group.492	1	16	16	method=1	log2H=4.00	image=0	bad=0
Z	carat/tables/qcatalog/dim5/dir.2-2;2-1;1/ordnung.48/(1)^5(2)^2(12)^2/group.488	3	24	24	method=1	log2H=5.00	image=0	bad=0
Z	carat/tables/qcatalog/dim5/dir.2-2;2-1;1/ordnung.48/(1)^5(2)^1(6)^1(12)^1(36)^1/group.472	4	4	4	method=1	log2H=2.00	image=0	bad=0
Z	carat/tables/qcatalog/dim5/dir.2-2;2-1;1/ordnung.48/(1)^5(2)^2(12)^2/group.492	2	4	4	method=1	log2H=2.00	image=0	bad=0
Z	carat/tables/qcatalog/dim5/dir.2-2;2-1;1/ordnung.48/(1)^5(2)^2(12)^2/group.484	1	24	24	method=1	log2H=5.00	image=0	bad=0
Z	carat/tables/qcatalog/dim5/dir.2-2;2-1;1/ordnung.48/(1)^5(2)^2(12)^2/group.488	4	4	4	method=1	log2H=2.00	image=0	bad=0
Z	carat/tables/qcatalog/dim5/dir.2-2;2-1;1/ordnung.48/(1)^5(12)^2/group.469	3	16	16	method=1	log2H=4.00	image=0	bad=0
Z	carat/tables/qcatalog/dim5/dir.2-2;2-1;1/ordnung.48/(1)^5(2)^2(12)^2/group.492	3	16	16	method=1	log2H=4.00	image=0	bad=0
father: level 1 number of orbits 1 lengths 1
Z	carat/tables/qcatalog/dim5/dir.2-2;2-1;1/ordnung.48/(1)^5(2)^2(12)^2/group.484	2	4	4	method=1	log2H=2.00	image=0	bad=0
father: level 1 number of orbits 2 lengths 2
father: level 2 number of orbits 1 lengths 2
father: level 1 number of orbits 1 lengths 1
Z	carat/tables/qcatalog/dim5/dir.2-2;2-1;1/ordnung.48/(1)^5(12)^2/group.469	4	4	4	method=1	log2H=2.00	image=0	bad=0
Z	carat/tables/qcatalog/dim5/dir.2-2;2-1;1/ordnung.48/(1)^5(2)^2(12)^2/group.492	4	4	4	method=1	log2H=2.00	image=0	bad=0
Z	carat/tables/qcatalog/dim5/dir.2-2;2-1;1/ordnung.48/(1)^5(2)^1(6)^1(12)^1(36)^1/group.472	5	16	16	method=1	log2H=4.00	image=0	bad=0
Z	carat/tables/qcatalog/dim5/dir.2-2;2-1;1/ordnung.48/(1)^5(2)^1(6)^1(12)^1(36)^1/group.477	1	32	32	method=1	log2H=5.58	image=0	bad=0
Z	carat/tables/qcatalog/dim5/dir.2-2;2-1;1/ordnung.48/(1)^5(2)^2(12)^2/group.484	3	24	24	method=1	log2H=5.00	image=0	bad=0
father: level 1 number of orbits 1 lengths 1
father: level 1 number of orbits 1 lengths 1
Z	carat/tables/qcatalog/dim5/dir.2-2;2-1;1/ordnung.48/(1)^5(2)^1(6)^1(12)^1(36)^1/group.477	2	8	8	method=1	log2H=3.58	image=0	bad=0
Z	carat/tables/qcatalog/dim5/dir.2-2;2-1;1/ordnung.48/(1)^5(2)^2(12)^2/group.484	4	4	4	method=1	log2H=2.00	image=0	bad=0
Z	carat/tables/qcatalog/dim5/dir.2-2;2-1;1/ordnung.48/(1)^5(2)^1(6)^1(12)^1(36)^1/group.472	6	4	4	method=1	log2H=2.00	image=0	bad=0
Z	carat/tables/qcatalog/dim5/dir.2-2;2-1;1/ordnung.48/(1)^5(2)^1(6)^1(12)^1(36)^1/group.477	3	16	16	method=1	log2H=4.00	image=0	bad=0
Z	carat/tables/qcatalog/dim5/dir.2-2;2-1;1/ordnung.48/(1)^5(2)^2(12)^2/group.487	1	32	32	method=1	log2H=5.58	image=0	bad=0
Z	carat/tables/qcatalog/dim5/dir.2-2;2-1;1/ordnung.48/(1)^5(2)^2(12)^2/group.487	2	8	8	method=1	log2H=3.58	image=0	bad=0
Z	carat/tables/qcatalog/dim5/dir.2-2;2-1;1/ordnung.48/(1)^5(2)^1(6)^1(12)^1(36)^1/group.472	7	16	16	method=1	log2H=4.00	image=0	bad=0
father: level 1 number of orbits 1 lengths 1
father: level 1 number of orbits 1 lengths 1
Z	carat/tables/qcatalog/dim5/dir.2-2;2-1;1/ordnung.48/(1)^5(2)^2(12)^2/group.487	3	32	32	method=1	log2H=5.58	image=0	bad=0
father: level 1 number of orbits 1 lengths 1
father: level 1 number of orbits 1 lengths 1
Z	carat/tables/qcatalog/dim5/dir.2-2;2-1;1/ordnung.48/(1)^5(2)^2(12)^2/group.487	4	8	8	method=1	log2H=3.58	image=0	bad=0
Z	carat/tables/qcatalog/dim5/dir.2-2;2-1;1/ordnung.48/(1)^5(2)^1(6)^1(12)^1(36)^1/group.472	8	4	4	method=1	log2H=2.00	image=0	bad=0
Z	carat/tables/qcatalog/dim5/dir.2-2;2-1;1/ordnung.48/(1)^5(2)^2(12)^2/group.478	1	16	16	method=1	log2H=4.00	image=0	bad=0
father: level 1 number of orbits 1 lengths 1
Z	carat/tables/qcatalog/dim5/dir.2-2;2-1;1/ordnung.48/(1)^5(2)^2(12)^2/group.478	2	4	4	method=1	log2H=2.00	image=0	bad=0
father: level 1 number of orbits 1 lengths 1
father: level 1 number of orbits 1 lengths 1
father: level 1 number of orbits 1 lengths 1
Z	carat/tables/qcatalog/dim5/dir.2-2;2-1;1/ordnung.48/(1)^5(2)^1(6)^1(12)^1(36)^1/group.477	4	4	4	method=1	log2H=2.00	image=0	bad=0
father: level 1 number of orbits 1 lengths 1
father: level 1 number of orbits 1 lengths 1
father: level 1 number of orbits 1 lengths 1
father: level 1 number of orbits 1 lengths 1
Z	carat/tables/qcatalog/dim5/dir.2-2;2-1;1/ordnung.48/(1)^5(2)^2(12)^2/group.478	3	16	16	method=1	log2H=4.00	image=0	bad=0
Z	carat/tables/qcatalog/dim5/dir.2-2;2-1;1/ordnung.48/(1)^5(2)^2(12)^2/group.493	1	32	32	method=1	log2H=5.00	image=0	bad=0
Z	carat/tables/qcatalog/dim5/dir.2-2;2-1;1/ordnung.48/(1)^5(2)^1(6)^1(12)^1(36)^1/group.472	9	16	16	method=1	log2H=4.00	image=0	bad=0
Z	carat/tables/qcatalog/dim5/dir.2-2;2-1;1/ordnung.48/(1)^5(2)^2(12)^2/group.489	1	16	16	method=1	log2H=4.00	image=0	bad=0
Z	carat/tables/qcatalog/dim5/dir.2-2;2-1;1/ordnung.48/(1)^5(2)^2(12)^2/group.493	2	8	8	method=1	log2H=3.00	image=0	bad=0
Z	carat/tables/qcatalog/dim5/dir.2-2;2-1;1/ordnung.48/(1)^5(2)^2(12)^2/group.489	2	4	4	method=1	log2H=2.00	image=0	bad=0
Z	carat/tables/qcatalog/dim5/dir.2-2;2-1;1/ordnung.48/(1)^5(2)^2(12)^2/group.478	4	4	4	method=1	log2H=2.00	image=0	bad=0
Z	carat/tables/qcatalog/dim5/dir.2-2;2-1;1/ordnung.48/(1)^5(2)^1(6)^1(12)^1(36)^1/group.472	10	4	4	method=1	log2H=2.00	image=0	bad=0
Z	carat/tables/qcatalog/dim5/dir.2-2;2-1;1/ordnung.48/(1)^5(2)^2(12)^2/group.493	3	32	32	method=1	log2H=5.00	image=0	bad=0
Z	carat/tables/qcatalog/dim5/dir.2-2;2-1;1/ordnung.48/(1)^5(2)^2(12)^2/group.489	3	16	16	method=1	log2H=4.00	image=0	bad=0
father: level 1 number of orbits 1 lengths 1
Z	carat/tables/qcatalog/dim5/dir.2-2;2-1;1/ordnung.48/(1)^5(2)^1(6)^1(12)^1(36)^1/group.477	5	32	32	method=1	log2H=5.58	image=0	bad=0
father: level 1 number of orbits 1 lengths 1
Z	carat/tables/qcatalog/dim5/dir.2-2;2-1;1/ordnung.48/(1)^5(2)^2(12)^2/group.478	5	16	16	method=1	log2H=4.00	image=0	bad=0
Z	carat/tables/qcatalog/dim5/dir.2-2;2-1;1/ordnung.48/(1)^5(2)^2(12)^2/group.482	1	16	16	method=1	log2H=4.00	image=0	bad=0
Z	carat/tables/qcatalog/dim5/dir.2-2;2-1;1/ordnung.48/(1)^5(2)^2(12)^2/group.493	4	8	8	method=1	log2H=3.00	image=0	bad=0
Z	carat/tables/qcatalog/dim5/dir.2-2;2-1;1/ordnung.48/(1)^5(2)^2(12)^2/group.489	4	4	4	method=1	log2H=2.00	image=0	bad=0
Z	carat/tables/qcatalog/dim5/dir.2-2;2-1;1/ordnung.48/(1)^5(2)^1(6)^1(12)^1(36)^1/group.472	11	16	16	method=1	log2H=4.00	image=0	bad=0
Z	carat/tables/qcatalog/dim5/dir.2-2;2-1;1/ordnung.48/(1)^5(2)^2(12)^2/group.498	1	16	16	method=1	log2H=4.00	image=0	bad=0
Z	carat/tables/qcatalog/dim5/dir.2-2;2-1;1/ordnung.48/(1)^5(2)^2(12)^2/group.478	6	4	4	method=1	log2H=2.00	image=0	bad=0
father: level 1 number of orbits 1 lengths 1
father: level 1 number of orbits 1 lengths 1
Z	carat/tables/qcatalog/dim5/dir.2-2;2-1;1/ordnung.48/(1)^5(2)^2(12)^2/group.482	2	4	4	method=1	log2H=2.00	image=0	bad=0
father: level 1 number of orbits 1 lengths 1
father: level 1 number of orbits 2 lengths 2
father: level 2 number of orbits 1 lengths 2
father: level 1 number of orbits 1 lengths 1
father: level 1 number of orbits 2 lengths 2
father: level 2 number of orbits 1 lengths 2
Z	carat/tables/qcatalog/dim5/dir.2-2;2-1;1/ordnung.48/(1)^5(2)^1(6)^1(12)^1(36)^1/group.472	12	4	4	method=1	log2H=2.00	image=0	bad=0
Z	carat/tables/qcatalog/dim5/dir.2-2;2-1;1/ordnung.48/(1)^5(2)^2(12)^2/group.478	7	16	16	method=1	log2H=4.00	image=0	bad=0
Z	carat/tables/qcatalog/dim5/dir.2-2;2-1;1/ordnung.48/(1)^5(2)^2(12)^2/group.498	2	4	4	method=1	log2H=2.00	image=0	bad=0
Z	carat/tables/qcatalog/dim5/dir.2-2;2-1;1/ordnung.48/(1)^5(2)^1(6)^1(12)^1(36)^1/group.477	6	8	8	method=1	log2H=3.58	image=0	bad=0
Z	carat/tables/qcatalog/dim5/dir.2-2;2-1;1/ordnung.48/(1)^5(2)^2(12)^2/group.498	3	16	16	method=1	log2H=4.00	image=0	bad=0
Z	carat/tables/qcatalog/dim5/dir.2-2;2-1;1/ordnung.48/(1)^5(2)^2(12)^2/group.478	8	4	4	method=1	log2H=2.00	image=0	bad=0
Z	carat/tables/qcatalog/dim5/dir.2-2;2-1;1/ordnung.48/(1)^5(2)^2(12)^2/group.482	3	16	16	method=1	log2H=4.00	image=0	bad=0
Z	carat/tables/qcatalog/dim5/dir.2-2;2-1;1/ordnung.48/(1)^5(2)^1(6)^1(12)^1(36)^1/group.471	1	16	16	method=1	log2H=4.00	image=0	bad=0
Z	carat/tables/qcatalog/dim5/dir.2-2;2-1;1/ordnung.48/(1)^5(2)^2(12)^2/group.498	4	4	4	method=1	log2H=2.00	image=0	bad=0
Z	carat/tables/qcatalog/dim5/dir.2-2;2-1;1/ordnung.48/(1)^5(2)^1(6)^1(12)^1(36)^1/group.471	2	4	4	method=1	log2H=2.00	image=0	bad=0
father: level 1 number of orbits 1 lengths 1
father: level 1 number of orbits 1 lengths 1
father: level 1 number of orbits 1 lengths 1
father: level 1 number of orbits 1 lengths 1
father: level 1 number of orbits 1 lengths 1
father: level 1 number of orbits 1 lengths 1
father: level 1 number of orbits 1 lengths 1
father: level 1 number of orbits 1 lengths 1
father: level 1 number of orbits 1 lengths 1
Z	carat/tables/qcatalog/dim5/dir.2-2;2-1;1/ordnung.48/(1)^5(2)^1(6)^1(12)^1(36)^1/group.471	3	16	16	method=1	log2H=4.00	image=0	bad=0
father: level 1 number of orbits 1 lengths 1
father: level 1 number of orbits 1 lengths 1
father: level 1 number of orbits 2 lengths 2
father: level 2 number of orbits 1 lengths 2
father: level 1 number of orbits 1 lengths 1
father: level 1 number of orbits 2 lengths 2
father: level 2 number of orbits 1 lengths 2
Z	carat/tables/qcatalog/dim5/dir.2-2;2-1;1/ordnung.48/(1)^5(2)^2(12)^2/group.481	1	16	16	method=1	log2H=4.00	image=0	bad=0
Z	carat/tables/qcatalog/dim5/dir.2-2;2-1;1/ordnung.48/(1)^5(2)^2(12)^2/group.494	1	16	16	method=1	log2H=4.00	image=0	bad=0
Z	carat/tables/qcatalog/dim5/dir.2-2;2-1;1/ordnung.48/(1)^5(2)^1(6)^1(12)^1(36)^1/group.471	4	4	4	method=1	log2H=2.00	image=0	bad=0
Z	carat/tables/qcatalog/dim5/dir.2-2;2-1;1/ordnung.48/(1)^5(2)^2(12)^2/group.482	4	4	4	method=1	log2H=2.00	image=0	bad=0
Z	carat/tables/qcatalog/dim5/dir.2-2;2-1;1/ordnung.48/(1)^5(2)^2(12)^2/group.481	2	4	4	method=1	log2H=2.00	image=0	bad=0
Z	carat/tables/qcatalog/dim5/dir.2-2;2-1;1/ordnung.48/(1)^5(2)^2(12)^2/group.494	2	4	4	method=1	log2H=2.00	image=0	bad=0
Z	carat/tables/qcatalog/dim5/dir.2-2;2-1;1/ordnung.48/(1)^5(2)^1(6)^1(12)^1(36)^1/group.471	5	16	16	method=1	log2H=4.00	image=0	bad=0
Z	carat/tables/qcatalog/dim5/dir.2-2;2-1;1/ordnung.48/(1)^5(2)^1(6)^1(12)^1(36)^1/group.475	1	16	16	method=1	log2H=4.00	image=0	bad=0
Z	carat/tables/qcatalog/dim5/dir.2-2;2-1;1/ordnung.48/(1)^5(2)^2(12)^2/group.482	5	16	16	method=1	log2H=4.00	image=0	bad=0
Z	carat/tables/qcatalog/dim5/dir.2-2;2-1;1/ordnung.48/(1)^5(2)^2(12)^2/group.481	3	16	16	method=1	log2H=4.00	image=0	bad=0
Z	carat/tables/qcatalog/dim5/dir.2-2;2-1;1/ordnung.48/(1)^5(2)^2(12)^2/group.494	3	16	16	method=1	log2H=4.00	image=0	bad=0
Z	carat/tables/qcatalog/dim5/dir.2-2;2-1;1/ordnung.48/(1)^5(2)^1(6)^1(12)^1(36)^1/group.471	6	4	4	method=1	log2H=2.00	image=0	bad=0
Z	carat/tables/qcatalog/dim5/dir.2-2;2-1;1/ordnung.48/(1)^5(2)^1(6)^1(12)^1(36)^1/group.475	2	4	4	method=1	log2H=2.00	image=0	bad=0
Z	carat/tables/qcatalog/dim5/dir.2-2;2-1;1/ordnung.48/(1)^5(2)^2(12)^2/group.494	4	4	4	method=1	log2H=2.00	image=0	bad=0
Z	carat/tables/qcatalog/dim5/dir.2-2;2-1;1/ordnung.48/(1)^5(2)^1(6)^1(12)^1(36)^1/group.471	7	16	16	method=1	log2H=4.00	image=0	bad=0
Z	carat/tables/qcatalog/dim5/dir.2-2;2-1;1/ordnung.48/(1)^5(2)^1(6)^1(12)^1(36)^1/group.475	3	16	16	method=1	log2H=4.00	image=0	bad=0
Z	carat/tables/qcatalog/dim5/dir.2-2;2-1;1/ordnung.48/(1)^5(2)^2(12)^2/group.482	6	4	4	method=1	log2H=2.00	image=0	bad=0
Z	carat/tables/qcatalog/dim5/dir.2-2;2-1;1/ordnung.48/(1)^5(2)^2(12)^2/group.481	4	4	4	method=1	log2H=2.00	image=0	bad=0
Z	carat/tables/qcatalog/dim5/dir.2-2;2-1;1/ordnung.48/(1)^5(2)^1(6)^1(12)^1(36)^1/group.471	8	4	4	method=1	log2H=2.00	image=0	bad=0
Z	carat/tables/qcatalog/dim5/dir.2-2;2-1;1/ordnung.48/(1)^5(2)^2(12)^2/group.494	5	16	16	method=1	log2H=4.00	image=0	bad=0
father: level 1 number of orbits 1 lengths 1
Z	carat/tables/qcatalog/dim5/dir.2-2;2-1;1/ordnung.48/(1)^5(2)^1(6)^1(12)^1(36)^1/group.475	4	4	4	method=1	log2H=2.00	image=0	bad=0
father: level 1 number of orbits 1 lengths 1
Z	carat/tables/qcatalog/dim5/dir.2-2;2-1;1/ordnung.48/(1)^5(2)^1(6)^1(12)^1(36)^1/group.471	9	16	16	method=1	log2H=4.00	image=0	bad=0
father: level 1 number of orbits 1 lengths 1
father: level 1 number of orbits 1 lengths 1
father: level 1 number of orbits 1 lengths 1
Z	carat/tables/qcatalog/dim5/dir.2-2;2-1;1/ordnung.48/(1)^5(2)^2(12)^2/group.502	1	32	32	method=1	log2H=5.00	image=0	bad=0
father: level 1 number of orbits 1 lengths 1
Z	carat/tables/qcatalog/dim5/dir.2-2;2-1;1/ordnung.48/(1)^5(2)^2(12)^2/group.494	6	4	4	method=1	log2H=2.00	image=0	bad=0
father: level 1 number of orbits 1 lengths 1
Z	carat/tables/qcatalog/dim5/dir.2-2;2-1;1/ordnung.48/(1)^5(2)^2(12)^2/group.481	5	16	16	method=1	log2H=4.00	image=0	bad=0
Z	carat/tables/qcatalog/dim5/dir.2-2;2-1;1/ordnung.48/(1)^5(2)^1(6)^1(12)^1(36)^1/group.475	5	16	16	method=1	log2H=4.00	image=0	bad=0
Z	carat/tables/qcatalog/dim5/dir.2-2;2-1;1/ordnung.48/(1)^5(2)^2(12)^2/group.502	2	8	8	method=1	log2H=3.00	image=0	bad=0
Z	carat/tables/qcatalog/dim5/dir.2-2;2-1;1/ordnung.48/(1)^5(2)^1(6)^1(12)^1(36)^1/group.471	10	4	4	method=1	log2H=2.00	image=0	bad=0
father: level 1 number of orbits 1 lengths 1
father: level 1 number of orbits 1 lengths 1
father: level 1 number of orbits 2 lengths 2
Z	carat/tables/qcatalog/dim5/dir.2-2;2-1;1/ordnung.48/(1)^5(2)^2(12)^2/group.494	7	16	16	method=1	log2H=4.00	image=0	bad=0
father: level 2 number of orbits 1 lengths 2
Z	carat/tables/qcatalog/dim5/dir.2-2;2-1;1/ordnung.48/(1)^5(2)^2(12)^2/group.502	3	32	32	method=1	log2H=5.00	image=0	bad=0
Z	carat/tables/qcatalog/dim5/dir.2-2;2-1;1/ordnung.48/(1)^5(2)^1(6)^1(12)^1(36)^1/group.475	6	4	4	method=1	log2H=2.00	image=0	bad=0
Z	carat/tables/qcatalog/dim5/dir.2-2;2-1;1/ordnung.48/(1)^5(2)^1(6)^1(12)^1(36)^1/group.471	11	16	16	method=1	log2H=4.00	image=0	bad=0
Z	carat/tables/qcatalog/dim5/dir.2-2;2-1;1/ordnung.48/(1)^5(2)^2(12)^2/group.482	7	16	16	method=1	log2H=4.00	image=0	bad=0
Z	carat/tables/qcatalog/dim5/dir.2-2;2-1;1/ordnung.48/(1)^5(2)^2(12)^2/group.485	1	16	16	method=1	log2H=4.00	image=0	bad=0
Z	carat/tables/qcatalog/dim5/dir.2-2;2-1;1/ordnung.48/(1)^5(2)^2(12)^2/group.481	6	4	4	method=1	log2H=2.00	image=0	bad=0
Z	carat/tables/qcatalog/dim5/dir.2-2;2-1;1/ordnung.48/(1)^5(2)^2(12)^2/group.502	4	8	8	method=1	log2H=3.00	image=0	bad=0
Z	carat/tables/qcatalog/dim5/dir.2-2;2-1;1/ordnung.48/(1)^5(2)^1(6)^1(12)^1(36)^1/group.475	7	16	16	method=1	log2H=4.00	image=0	bad=0
Z	carat/tables/qcatalog/dim5/dir.2-2;2-1;1/ordnung.48/(1)^5(2)^2(12)^2/group.482	8	4	4	method=1	log2H=2.00	image=0	bad=0
Z	carat/tables/qcatalog/dim5/dir.2-2;2-1;1/ordnung.48/(1)^5(2)^2(12)^2/group.494	8	4	4	method=1	log2H=2.00	image=0	bad=0
Z	carat/tables/qcatalog/dim5/dir.2-2;2-1;1/ordnung.48/(1)^5(2)^1(6)^1(12)^1(36)^1/group.471	12	4	4	method=1	log2H=2.00	image=0	bad=0
Z	carat/tables/qcatalog/dim5/dir.2-2;2-1;1/ordnung.96/(1)^5(12)^2/group.506	1	64	64	method=1	log2H=6.00	image=0	bad=0
Z	carat/tables/qcatalog/dim5/dir.2-2;2-1;1/ordnung.48/(1)^5(2)^2(12)^2/group.485	2	4	4	method=1	log2H=2.00	image=0	bad=0
Z	carat/tables/qcatalog/dim5/dir.2-2;2-1;1/ordnung.48/(1)^5(2)^2(12)^2/group.481	7	16	16	method=1	log2H=4.00	image=0	bad=0
Z	carat/tables/qcatalog/dim5/dir.2-2;2-1;1/ordnung.48/(1)^5(2)^1(6)^1(12)^1(36)^1/group.475	8	4	4	method=1	log2H=2.00	image=0	bad=0
Z	carat/tables/qcatalog/dim5/dir.2-2;2-1;1/ordnung.48/(1)^5(2)^1(6)^1(12)^1(36)^1/group.473	1	24	24	method=1	log2H=5.00	image=0	bad=0
Z	carat/tables/qcatalog/dim5/dir.2-2;2-1;1/ordnung.48/(1)^5(2)^2(12)^2/group.481	8	4	4	method=1	log2H=2.00	image=0	bad=0
Z	carat/tables/qcatalog/dim5/dir.2-2;2-1;1/ordnung.96/(1)^5(12)^2/group.506	2	8	8	method=1	log2H=3.00	image=0	bad=0
Z	carat/tables/qcatalog/dim5/dir.2-2;2-1;1/ordnung.48/(1)^5(2)^2(12)^2/group.485	3	16	16	method=1	log2H=4.00	image=0	bad=0
Z	carat/tables/qcatalog/dim5/dir.2-2;2-1;1/ordnung.48/(1)^5(2)^1(6)^1(12)^1(36)^1/group.475	9	16	16	method=1	log2H=4.00	image=0	bad=0
Z	carat/tables/qcatalog/dim5/dir.2-2;2-1;1/ordnung.48/(1)^5(2)^1(6)^1(12)^1(36)^1/group.473	2	4	4	method=1	log2H=2.00	image=0	bad=0
Z	carat/tables/qcatalog/dim5/dir.2-2;2-1;1/ordnung.48/(1)^5(2)^1(6)^1(12)^1(36)^1/group.475	10	4	4	method=1	log2H=2.00	image=0	bad=0
Z	carat/tables/qcatalog/dim5/dir.2-2;2-1;1/ordnung.48/(1)^5(2)^2(12)^2/group.485	4	4	4	method=1	log2H=2.00	image=0	bad=0
father: level 1 number of orbits 1 lengths 1
father: level 1 number of orbits 1 lengths 1
father: level 1 number of orbits 1 lengths 1
Z	carat/tables/qcatalog/dim5/dir.2-2;2-1;1/ordnung.48/(1)^5(2)^1(6)^1(12)^1(36)^1/group.475	11	16	16	method=1	log2H=4.00	image=0	bad=0
father: level 1 number of orbits 1 lengths 1
Z	carat/tables/qcatalog/dim5/dir.2-2;2-1;1/ordnung.48/(1)^5(2)^2(12)^2/group.485	5	16	16	method=1	log2H=4.00	image=0	bad=0
Z	carat/tables/qcatalog/dim5/dir.2-2;2-1;1/ordnung.48/(1)^5(2)^1(6)^1(12)^1(36)^1/group.473	3	24	24	method=1	log2H=5.00	image=0	bad=0
Z	carat/tables/qcatalog/dim5/dir.2-2;2-1;1/ordnung.48/(1)^5(2)^1(6)^1(12)^1(36)^1/group.475	12	4	4	method=1	log2H=2.00	image=0	bad=0
Z	carat/tables/qcatalog/dim5/dir.2-2;2-1;1/ordnung.48/(1)^5(2)^2(12)^2/group.496	1	16	16	method=1	log2H=4.00	image=0	bad=0
Z	carat/tables/qcatalog/dim5/dir.2-2;2-1;1/ordnung.48/(1)^5(2)^2(12)^2/group.485	6	4	4	method=1	log2H=2.00	image=0	bad=0
Z	carat/tables/qcatalog/dim5/dir.2-2;2-1;1/ordnung.48/(1)^5(2)^2(12)^2/group.496	2	4	4	method=1	log2H=2.00	image=0	bad=0
Z	carat/tables/qcatalog/dim5/dir.2-2;2-1;1/ordnung.48/(1)^5(2)^2(12)^2/group.485	7	16	16	method=1	log2H=4.00	image=0	bad=0
Z	carat/tables/qcatalog/dim5/dir.2-2;2-1;1/ordnung.48/(1)^5(2)^2(12)^2/group.496	3	16	16	method=1	log2H=4.00	image=0	bad=0
Z	carat/tables/qcatalog/dim5/dir.2-2;2-1;1/ordnung.48/(1)^5(2)^1(6)^1(12)^1(36)^1/group.473	4	4	4	method=1	log2H=2.00	image=0	bad=0
Z	carat/tables/qcatalog/dim5/dir.2-2;2-1;1/ordnung.48/(1)^5(2)^2(12)^2/group.485	8	4	4	method=1	log2H=2.00	image=0	bad=0
father: level 1 number of orbits 1 lengths 1
Z	carat/tables/qcatalog/dim5/dir.2-2;2-1;1/ordnung.48/(1)^5(2)^2(12)^2/group.496	4	4	4	method=1	log2H=2.00	image=0	bad=0
father: level 1 number of orbits 1 lengths 1
Z	carat/tables/qcatalog/dim5/dir.2-2;2-1;1/ordnung.48/(1)^5(2)^1(6)^1(12)^1(36)^1/group.473	5	24	24	method=1	log2H=5.00	image=0	bad=0
Z	carat/tables/qcatalog/dim5/dir.2-2;2-1;1/ordnung.48/(1)^5(2)^2(12)^2/group.496	5	16	16	method=1	log2H=4.00	image=0	bad=0
Z	carat/tables/qcatalog/dim5/dir.2-2;2-1;1/ordnung.48/(1)^5(2)^2(12)^2/group.503	1	32	32	method=1	log2H=5.58	image=0	bad=0
father: level 1 number of orbits 1 lengths 1
father: level 1 number of orbits 1 lengths 1
Z	carat/tables/qcatalog/dim5/dir.2-2;2-1;1/ordnung.48/(1)^5(2)^1(6)^1(12)^1(36)^1/group.473	6	4	4	method=1	log2H=2.00	image=0	bad=0
father: level 1 number of orbits 1 lengths 1
father: level 1 number of orbits 1 lengths 1
Z	carat/tables/qcatalog/dim5/dir.2-2;2-1;1/ordnung.48/(1)^5(2)^2(12)^2/group.503	2	8	8	method=1	log2H=3.58	image=0	bad=0
Z	carat/tables/qcatalog/dim5/dir.2-2;2-1;1/ordnung.48/(1)^5(2)^2(12)^2/group.496	6	4	4	method=1	log2H=2.00	image=0	bad=0
Z	carat/tables/qcatalog/dim5/dir.2-2;2-1;1/ordnung.48/(1)^5(2)^2(12)^2/group.503	3	32	32	method=1	log2H=5.58	image=0	bad=0
father: level 1 number of orbits 1 lengths 1
father: level 1 number of orbits 1 lengths 1
Z	carat/tables/qcatalog/dim5/dir.2-2;2-1;1/ordnung.48/(1)^5(2)^2(12)^2/group.479	1	16	16	method=1	log2H=4.00	image=0	bad=0
father: level 1 number of orbits 1 lengths 1
Z	carat/tables/qcatalog/dim5/dir.2-2;2-1;1/ordnung.48/(1)^5(2)^2(12)^2/group.496	7	16	16	method=1	log2H=4.00	image=0	bad=0
father: level 1 number of orbits 1 lengths 1
Z	carat/tables/qcatalog/dim5/dir.2-2;2-1;1/ordnung.48/(1)^5(2)^2(12)^2/group.503	4	8	8	method=1	log2H=3.58	image=0	bad=0
Z	carat/tables/qcatalog/dim5/dir.2-2;2-1;1/ordnung.48/(1)^5(2)^2(12)^2/group.479	2	4	4	method=1	log2H=2.00	image=0	bad=0
Z	carat/tables/qcatalog/dim5/dir.2-2;2-1;1/ordnung.48/(1)^5(2)^2(12)^2/group.496	8	4	4	method=1	log2H=2.00	image=0	bad=0
father: level 1 number of orbits 1 lengths 1
Z	carat/tables/qcatalog/dim5/dir.2-2;2-1;1/ordnung.48/(1)^5(2)^2(12)^2/group.500	1	16	16	method=1	log2H=4.00	image=0	bad=0
Z	carat/tables/qcatalog/dim5/dir.2-2;2-1;1/ordnung.48/(1)^5(2)^2(12)^2/group.479	3	16	16	method=1	log2H=4.00	image=0	bad=0
Z	carat/tables/qcatalog/dim5/dir.2-2;2-1;1/ordnung.48/(1)^5(2)^2(12)^2/group.500	2	4	4	method=1	log2H=2.00	image=0	bad=0
Z	carat/tables/qcatalog/dim5/dir.2-2;2-1;1/ordnung.48/(1)^5(2)^2(12)^2/group.479	4	4	4	method=1	log2H=2.00	image=0	bad=0
Z	carat/tables/qcatalog/dim5/dir.2-2;2-1;1/ordnung.96/(1)^5(2)^2(12)^2/group.510	1	128	128	method=1	log2H=7.00	image=0	bad=0
Z	carat/tables/qcatalog/dim5/dir.2-2;2-1;1/ordnung.48/(1)^5(2)^2(12)^2/group.500	3	16	16	method=1	log2H=4.00	image=0	bad=0
father: level 1 number of orbits 1 lengths 1
Z	carat/tables/qcatalog/dim5/dir.2-2;2-1;1/ordnung.48/(1)^5(2)^2(12)^2/group.479	5	16	16	method=1	log2H=4.00	image=0	bad=0
father: level 1 number of orbits 1 lengths 1
father: level 1 number of orbits 2 lengths 2
father: level 2 number of orbits 1 lengths 2
father: level 1 number of orbits 1 lengths 1
Z	carat/tables/qcatalog/dim5/dir.2-2;2-1;1/ordnung.96/(1)^5(2)^2(12)^2/group.510	2	16	16	method=1	log2H=4.00	image=0	bad=0
Z	carat/tables/qcatalog/dim5/dir.2-2;2-1;1/ordnung.48/(1)^5(2)^2(12)^2/group.500	4	4	4	method=1	log2H=2.00	image=0	bad=0
father: level 1 number of orbits 1 lengths 1
father: level 1 number of orbits 1 lengths 1
father: level 1 number of orbits 1 lengths 1
Z	carat/tables/qcatalog/dim5/dir.2-2;2-1;1/ordnung.48/(1)^5(2)^2(12)^2/group.479	6	4	4	method=1	log2H=2.00	image=0	bad=0
father: level 1 number of orbits 1 lengths 1
father: level 1 number of orbits 1 lengths 1
Z	carat/tables/qcatalog/dim5/dir.2-2;2-1;1/ordnung.48/(1)^5(2)^2(12)^2/group.499	1	16	16	method=1	log2H=4.00	image=0	bad=0
Z	carat/tables/qcatalog/dim5/dir.2-2;2-1;1/ordnung.96/(1)^5(2)^1(6)^1(12)^1(36)^1/group.507	1	64	64	method=1	log2H=6.00	image=0	bad=0
father: level 1 number of orbits 1 lengths 1
Z	carat/tables/qcatalog/dim5/dir.2-2;2-1;1/ordnung.48/(1)^5(2)^2(12)^2/group.500	5	16	16	method=1	log2H=4.00	image=0	bad=0
father: level 1 number of orbits 1 lengths 1
father: level 1 number of orbits 1 lengths 1
Z	carat/tables/qcatalog/dim5/dir.2-2;2-1;1/ordnung.48/(1)^5(2)^2(12)^2/group.479	7	16	16	method=1	log2H=4.00	image=0	bad=0
Z	carat/tables/qcatalog/dim5/dir.2-2;2-1;1/ordnung.48/(1)^5(2)^2(12)^2/group.499	2	4	4	method=1	log2H=2.00	image=0	bad=0
Z	carat/tables/qcatalog/dim5/dir.2-2;2-1;1/ordnung.48/(1)^5(2)^2(12)^2/group.500	6	4	4	method=1	log2H=2.00	image=0	bad=0
Z	carat/tables/qcatalog/dim5/dir.2-2;2-1;1/ordnung.96/(1)^5(2)^1(6)^1(12)^1(36)^1/group.507	2	8	8	method=1	log2H=3.00	image=0	bad=0
Z	carat/tables/qcatalog/dim5/dir.2-2;2-1;1/ordnung.48/(1)^5(2)^2(12)^2/group.500	7	16	16	method=1	log2H=4.00	image=0	bad=0
Z	carat/tables/qcatalog/dim5/dir.2-2;2-1;1/ordnung.48/(1)^5(2)^2(12)^2/group.499	3	16	16	method=1	log2H=4.00	image=0	bad=0
Z	carat/tables/qcatalog/dim5/dir.2-2;2-1;1/ordnung.48/(1)^5(2)^2(12)^2/group.479	8	4	4	method=1	log2H=2.00	image=0	bad=0
Z	carat/tables/qcatalog/dim5/dir.2-2;2-1;1/ordnung.96/(1)^5(2)^2(12)^2/group.514	1	128	128	method=1	log2H=7.58	image=0	bad=0
father: level 1 number of orbits 1 lengths 1
father: level 1 number of orbits 1 lengths 1
Z	carat/tables/qcatalog/dim5/dir.2-2;2-1;1/ordnung.48/(1)^5(2)^2(12)^2/group.504	1	32	32	method=1	log2H=5.58	image=0	bad=0
Z	carat/tables/qcatalog/dim5/dir.2-2;2-1;1/ordnung.48/(1)^5(2)^2(12)^2/group.500	8	4	4	method=1	log2H=2.00	image=0	bad=0
father: level 1 number of orbits 1 lengths 1
Z	carat/tables/qcatalog/dim5/dir.2-2;2-1;1/ordnung.48/(1)^5(2)^2(12)^2/group.499	4	4	4	method=1	log2H=2.00	image=0	bad=0
father: level 1 number of orbits 1 lengths 1
father: level 1 number of orbits 1 lengths 1
father: level 1 number of orbits 1 lengths 1
father: level 1 number of orbits 1 lengths 1
father: level 1 number of orbits 1 lengths 1
father: level 1 number of orbits 1 lengths 1
father: level 1 number of orbits 1 lengths 1
father: level 1 number of orbits 1 lengths 1
Z	carat/tables/qcatalog/dim5/dir.2-2;2-1;1/ordnung.96/(1)^5(2)^1(6)^1(12)^1(36)^1/group.507	3	64	64	method=1	log2H=6.00	image=0	bad=0
Z	carat/tables/qcatalog/dim5/dir.2-2;2-1;1/ordnung.48/(1)^5(2)^2(12)^2/group.497	1	16	16	method=1	log2H=4.00	image=0	bad=0
father: level 1 number of orbits 1 lengths 1
Z	carat/tables/qcatalog/dim5/dir.2-2;2-1;1/ordnung.48/(1)^5(2)^2(12)^2/group.499	5	16	16	method=1	log2H=4.00	image=0	bad=0
Z	carat/tables/qcatalog/dim5/dir.2-2;2-1;1/ordnung.48/(1)^5(2)^2(12)^2/group.504	2	8	8	method=1	log2H=3.58	image=0	bad=0
Z	carat/tables/qcatalog/dim5/dir.2-2;2-1;1/ordnung.96/(1)^5(2)^2(12)^2/group.514	2	16	16	method=1	log2H=4.58	image=0	bad=0
Z	carat/tables/qcatalog/dim5/dir.2-2;2-1;1/ordnung.48/(1)^5(2)^2(12)^2/group.483	1	24	24	method=1	log2H=5.00	image=0	bad=0
Z	carat/tables/qcatalog/dim5/dir.2-2;2-1;1/ordnung.48/(1)^5(2)^2(12)^2/group.504	3	32	32	method=1	log2H=5.58	image=0	bad=0
Z	carat/tables/qcatalog/dim5/dir.2-2;2-1;1/ordnung.48/(1)^5(2)^2(12)^2/group.497	2	4	4	method=1	log2H=2.00	image=0	bad=0
Z	carat/tables/qcatalog/dim5/dir.2-2;2-1;1/ordnung.48/(1)^5(2)^2(12)^2/group.499	6	4	4	method=1	log2H=2.00	image=0	bad=0
Z	carat/tables/qcatalog/dim5/dir.2-2;2-1;1/ordnung.48/(1)^5(2)^2(12)^2/group.495	1	16	16	method=1	log2H=4.00	image=0	bad=0
father: level 1 number of orbits 1 lengths 1
Z	carat/tables/qcatalog/dim5/dir.2-2;2-1;1/ordnung.48/(1)^5(2)^2(12)^2/group.483	2	4	4	method=1	log2H=2.00	image=0	bad=0
Z	carat/tables/qcatalog/dim5/dir.2-2;2-1;1/ordnung.48/(1)^5(2)^2(12)^2/group.504	4	8	8	method=1	log2H=3.58	image=0	bad=0
Z	carat/tables/qcatalog/dim5/dir.2-2;2-1;1/ordnung.48/(1)^5(2)^2(12)^2/group.499	7	16	16	method=1	log2H=4.00	image=0	bad=0
Z	carat/tables/qcatalog/dim5/dir.2-2;2-1;1/ordnung.48/(1)^5(2)^2(12)^2/group.497	3	16	16	method=1	log2H=4.00	image=0	bad=0
Z	carat/tables/qcatalog/dim5/dir.2-2;2-1;1/ordnung.48/(1)^5(2)^2(12)^2/group.495	2	4	4	method=1	log2H=2.00	image=0	bad=0
father: level 1 number of orbits 1 lengths 1
Z	carat/tables/qcatalog/dim5/dir.2-2;2-1;1/ordnung.96/(1)^5(2)^2(12)^2/group.512	1	64	64	method=1	log2H=6.00	image=0	bad=0
father: level 1 number of orbits 1 lengths 1
Z	carat/tables/qcatalog/dim5/dir.2-2;2-1;1/ordnung.48/(1)^5(2)^2(12)^2/group.504	5	32	32	method=1	log2H=5.58	image=0	bad=0
Z	carat/tables/qcatalog/dim5/dir.2-2;2-1;1/ordnung.48/(1)^5(2)^2(12)^2/group.499	8	4	4	method=1	log2H=2.00	image=0	bad=0
Z	carat/tables/qcatalog/dim5/dir.2-2;2-1;1/ordnung.96/(1)^5(2)^2(12)^2/group.518	1	64	64	method=1	log2H=6.00	image=0	bad=0
Z	carat/tables/qcatalog/dim5/dir.2-2;2-1;1/ordnung.48/(1)^5(2)^2(12)^2/group.495	3	16	16	method=1	log2H=4.00	image=0	bad=0
Z	carat/tables/qcatalog/dim5/dir.2-2;2-1;1/ordnung.48/(1)^5(2)^2(12)^2/group.497	4	4	4	method=1	log2H=2.00	image=0	bad=0
Z	carat/tables/qcatalog/dim5/dir.2-2;2-1;1/ordnung.48/(1)^5(2)^2(12)^2/group.504	6	8	8	method=1	log2H=3.58	image=0	bad=0
Z	carat/tables/qcatalog/dim5/dir.2-2;2-1;1/ordnung.48/(1)^5(2)^2(12)^2/group.483	3	24	24	method=1	log2H=5.00	image=0	bad=0
Z	carat/tables/qcatalog/dim5/dir.2-2;2-1;1/ordnung.96/(1)^5(2)^1(6)^1(12)^1(36)^1/group.507	4	8	8	method=1	log2H=3.00	image=0	bad=0
Z	carat/tables/qcatalog/dim5/dir.2-2;2-1;1/ordnung.48/(1)^5(2)^2(12)^2/group.504	7	32	32	method=1	log2H=5.58	image=0	bad=0
Z	carat/tables/qcatalog/dim5/dir.2-2;2-1;1/ordnung.96/(1)^5(2)^2(12)^2/group.512	2	8	8	method=1	log2H=3.00	image=0	bad=0
Z	carat/tables/qcatalog/dim5/dir.2-2;2-1;1/ordnung.48/(1)^5(2)^2(12)^2/group.495	4	4	4	method=1	log2H=2.00	image=0	bad=0
Z	carat/tables/qcatalog/dim5/dir.2-2;2-1;1/ordnung.96/(1)^5(2)^2(12)^2/group.516	1	64	64	method=1	log2H=6.00	image=0	bad=0
Z	carat/tables/qcatalog/dim5/dir.2-2;2-1;1/ordnung.96/(1)^5(2)^2(12)^2/group.518	2	8	8	method=1	log2H=3.00	image=0	bad=0
Z	carat/tables/qcatalog/dim5/dir.2-2;2-1;1/ordnung.48/(1)^5(2)^2(12)^2/group.483	4	4	4	method=1	log2H=2.00	image=0	bad=0
Z	carat/tables/qcatalog/dim5/dir.2-2;2-1;1/ordnung.48/(1)^5(2)^2(12)^2/group.504	8	8	8	method=1	log2H=3.58	image=0	bad=0
Z	carat/tables/qcatalog/dim5/dir.2-2;2-1;1/ordnung.48/(1)^5(2)^2(12)^2/group.483	5	24	24	method=1	log2H=5.00	image=0	bad=0
Z	carat/tables/qcatalog/dim5/dir.2-2;2-1;1/ordnung.96/(1)^5(2)^2(12)^2/group.512	3	64	64	method=1	log2H=6.00	image=0	bad=0
Z	carat/tables/qcatalog/dim5/dir.2-2;2-1;1/ordnung.48/(1)^5(2)^2(12)^2/group.483	6	4	4	method=1	log2H=2.00	image=0	bad=0
Z	carat/tables/qcatalog/dim5/dir.2-2;2-1;1/ordnung.48/(1)^5(2)^2(12)^2/group.495	5	16	16	method=1	log2H=4.00	image=0	bad=0
Z	carat/tables/qcatalog/dim5/dir.2-2;2-1;1/ordnung.96/(1)^5(2)^2(12)^2/group.516	2	8	8	method=1	log2H=3.00	image=0	bad=0
Z	carat/tables/qcatalog/dim5/dir.2-2;2-1;1/ordnung.48/(1)^5(2)^2(12)^2/group.483	7	24	24	method=1	log2H=5.00	image=0	bad=0
Z	carat/tables/qcatalog/dim5/dir.2-2;2-1;1/ordnung.96/(1)^5(2)^1(6)^1(12)^1(36)^1/group.507	5	64	64	method=1	log2H=6.00	image=0	bad=0
father: level 1 number of orbits 1 lengths 1
father: level 1 number of orbits 1 lengths 1
Z	carat/tables/qcatalog/dim5/dir.2-2;2-1;1/ordnung.48/(1)^5(2)^2(12)^2/group.483	8	4	4	method=1	log2H=2.00	image=0	bad=0
father: level 1 number of orbits 1 lengths 1
father: level 1 number of orbits 1 lengths 1
Z	carat/tables/qcatalog/dim5/dir.2-2;2-1;1/ordnung.96/(1)^5(2)^2(12)^2/group.512	4	8	8	method=1	log2H=3.00	image=0	bad=0
father: level 1 number of orbits 1 lengths 1
father: level 1 number of orbits 1 lengths 1
father: level 1 number of orbits 1 lengths 1
father: level 1 number of orbits 1 lengths 1
Z	carat/tables/qcatalog/dim5/dir.2-2;2-1;1/ordnung.96/(1)^5(2)^2(12)^2/group.516	3	64	64	method=1	log2H=6.00	image=0	bad=0
Z	carat/tables/qcatalog/dim5/dir.2-2;2-1;1/ordnung.48/(1)^5(2)^2(12)^2/group.495	6	4	4	method=1	log2H=2.00	image=0	bad=0
Z	carat/tables/qcatalog/dim5/dir.2-2;2-1;1/ordnung.96/(1)^5(2)^2(12)^2/group.520	1	64	64	method=1	log2H=6.00	image=0	bad=0
Z	carat/tables/qcatalog/dim5/dir.2-2;2-1;1/ordnung.96/(1)^5(2)^2(12)^2/group.511	1	64	64	method=1	log2H=6.00	image=0	bad=0
Z	carat/tables/qcatalog/dim5/dir.2-2;2-1;1/ordnung.96/(1)^3(2)^2(4)^1(12)^1/group.505	1	64	64	method=1	log2H=6.00	image=0	bad=0
Z	carat/tables/qcatalog/dim5/dir.2-2;2-1;1/ordnung.48/(1)^5(2)^2(12)^2/group.495	7	16	16	method=1	log2H=4.00	image=0	bad=0
Z	carat/tables/qcatalog/dim5/dir.2-2;2-1;1/ordnung.96/(1)^5(2)^2(12)^2/group.508	1	64	64	method=1	log2H=6.00	image=0	bad=0
Z	carat/tables/qcatalog/dim5/dir.2-2;2-1;1/ordnung.96/(1)^5(2)^2(12)^2/group.520	2	8	8	method=1	log2H=3.00	image=0	bad=0
Z	carat/tables/qcatalog/dim5/dir.2-2;2-1;1/ordnung.96/(1)^3(2)^2(4)^1(12)^1/group.505	2	8	8	method=1	log2H=3.00	image=0	bad=0
Z	carat/tables/qcatalog/dim5/dir.2-2;2-1;1/ordnung.48/(1)^5(2)^2(12)^2/group.495	8	4	4	method=1	log2H=2.00	image=0	bad=0
Z	carat/tables/qcatalog/dim5/dir.2-2;2-1;1/ordnung.96/(1)^5(2)^2(12)^2/group.511	2	8	8	method=1	log2H=3.00	image=0	bad=0
Z	carat/tables/qcatalog/dim5/dir.2-2;2-1;1/ordnung.96/(1)^5(2)^1(6)^1(12)^1(36)^1/group.507	6	8	8	method=1	log2H=3.00	image=0	bad=0
Z	carat/tables/qcatalog/dim5/dir.2-2;2-1;1/ordnung.96/(1)^5(2)^2(12)^2/group.508	2	8	8	method=1	log2H=3.00	image=0	bad=0
Z	carat/tables/qcatalog/dim5/dir.2-2;2-1;1/ordnung.96/(1)^5(2)^2(12)^2/group.516	4	8	8	method=1	log2H=3.00	image=0	bad=0
Z	carat/tables/qcatalog/dim5/dir.2-2;2-1;1/ordnung.96/(1)^5(2)^2(12)^2/group.511	3	64	64	method=1	log2H=6.00	image=0	bad=0
Z	carat/tables/qcatalog/dim5/dir.2-2;2-1;1/ordnung.96/(1)^5(2)^2(12)^2/group.508	3	64	64	method=1	log2H=6.00	image=0	bad=0
father: level 1 number of orbits 1 lengths 3
Z	carat/tables/qcatalog/dim5/dir.2-2;2-1;1/ordnung.96/(1)^5(2)^2(12)^2/group.511	4	8	8	method=1	log2H=3.00	image=0	bad=0
Z	carat/tables/qcatalog/dim5/dir.2-2;2-2;1/ordnung.12/(1)^1(2)^2(6)^2/group.521	1	2	2	method=1	log2H=1.00	image=0	bad=0
father: level 1 number of orbits 1 lengths 3
Z	carat/tables/qcatalog/dim5/dir.2-2;2-2;1/ordnung.12/(1)^1(2)^2(6)^2/group.521	2	2	2	method=1	log2H=1.00	image=0	bad=0
Z	carat/tables/qcatalog/dim5/dir.2-2;2-1;1/ordnung.96/(1)^5(2)^2(12)^2/group.508	4	8	8	method=1	log2H=3.00	image=0	bad=0
father: level 1 number of orbits 1 lengths 1
father: level 1 number of orbits 1 lengths 1
Z	carat/tables/qcatalog/dim5/dir.2-2;2-2;1/ordnung.12/(1)^1(2)^2(6)^2/group.522	1	6	6	method=1	log2H=3.58	image=0	bad=0
Z	carat/tables/qcatalog/dim5/dir.2-2;2-1;1/ordnung.96/(1)^5(2)^2(12)^2/group.508	5	64	64	method=1	log2H=6.00	image=0	bad=0
father: level 1 number of orbits 1 lengths 1
father: level 1 number of orbits 1 lengths 1
Z	carat/tables/qcatalog/dim5/dir.2-2;2-2;1/ordnung.12/(1)^1(2)^2(6)^2/group.522	2	6	6	method=1	log2H=3.58	image=0	bad=0
Z	carat/tables/qcatalog/dim5/dir.2-2;2-1;1/ordnung.96/(1)^5(2)^2(12)^2/group.513	1	64	64	method=1	log2H=6.00	image=0	bad=0
Z	carat/tables/qcatalog/dim5/dir.2-2;2-1;1/ordnung.96/(1)^5(2)^2(12)^2/group.508	6	8	8	method=1	log2H=3.00	image=0	bad=0
Z	carat/tables/qcatalog/dim5/dir.2-2;2-1;1/ordnung.96/(1)^5(2)^2(12)^2/group.513	2	8	8	method=1	log2H=3.00	image=0	bad=0
Z	carat/tables/qcatalog/dim5/dir.2-2;2-1;1/ordnung.96/(1)^5(2)^2(12)^2/group.519	1	64	64	method=1	log2H=6.00	image=0	bad=0
father: level 1 number of orbits 1 lengths 1
father: level 1 number of orbits 1 lengths 1
father: level 1 number of orbits 1 lengths 1
Z	carat/tables/qcatalog/dim5/dir.2-2;2-2;1/ordnung.144/(1)^5(3)^4/group.532	1	10	10	method=1	log2H=4.00	image=0	bad=0
father: level 1 number of orbits 1 lengths 1
Z	carat/tables/qcatalog/dim5/dir.2-2;2-1;1/ordnung.96/(1)^5(2)^2(12)^2/group.508	7	64	64	method=1	log2H=6.00	image=0	bad=0
Z	carat/tables/qcatalog/dim5/dir.2-2;2-1;1/ordnung.96/(1)^5(2)^2(12)^2/group.513	3	64	64	method=1	log2H=6.00	image=0	bad=0
father: level 1 number of orbits 1 lengths 1
father: level 1 number of orbits 1 lengths 1
Z	carat/tables/qcatalog/dim5/dir.2-2;2-1;1/ordnung.48/(1)^5(2)^2(12)^2/group.501	1	32	32	method=1	log2H=5.00	image=0	bad=0
Z	carat/tables/qcatalog/dim5/dir.2-2;2-2;1/ordnung.144/(1)^4(3)^3/group.528	1	8	8	method=1	log2H=3.00	image=0	bad=0
father: level 1 number of orbits 1 lengths 1
father: level 1 number of orbits 1 lengths 1
Z	carat/tables/qcatalog/dim5/dir.2-2;2-1;1/ordnung.96/(1)^5(2)^2(12)^2/group.519	2	8	8	method=1	log2H=3.00	image=0	bad=0
Z	carat/tables/qcatalog/dim5/dir.2-2;2-1;1/ordnung.96/(1)^5(2)^2(12)^2/group.517	1	96	96	method=1	log2H=7.00	image=0	bad=0
father: level 1 number of orbits 1 lengths 1
Z	carat/tables/qcatalog/dim5/dir.2-2;2-1;1/ordnung.48/(1)^5(2)^2(12)^2/group.501	2	8	8	method=1	log2H=3.00	image=0	bad=0
Z	carat/tables/qcatalog/dim5/dir.2-2;2-1;1/ordnung.96/(1)^5(2)^2(12)^2/group.508	8	8	8	method=1	log2H=3.00	image=0	bad=0
Z	carat/tables/qcatalog/dim5/dir.2-2;2-1;1/ordnung.48/(1)^5(2)^2(12)^2/group.501	3	32	32	method=1	log2H=5.00	image=0	bad=0
Z	carat/tables/qcatalog/dim5/dir.2-2;2-1;1/ordnung.96/(1)^5(2)^2(12)^2/group.513	4	8	8	method=1	log2H=3.00	image=0	bad=0
Z	carat/tables/qcatalog/dim5/dir.2-2;2-1;1/ordnung.96/(1)^5(2)^2(12)^2/group.517	2	8	8	method=1	log2H=3.00	image=0	bad=0
Z	carat/tables/qcatalog/dim5/dir.2-2;2-1;1/ordnung.48/(1)^5(2)^2(12)^2/group.501	4	8	8	method=1	log2H=3.00	image=0	bad=0
Z	carat/tables/qcatalog/dim5/dir.2-2;2-1;1/ordnung.96/(1)^5(2)^2(12)^2/group.515	1	64	64	method=1	log2H=6.00	image=0	bad=0
Z	carat/tables/qcatalog/dim5/dir.2-2;2-1;1/ordnung.48/(1)^5(2)^2(12)^2/group.501	5	32	32	method=1	log2H=5.00	image=0	bad=0
Z	carat/tables/qcatalog/dim5/dir.2-2;2-1;1/ordnung.48/(1)^5(2)^2(12)^2/group.501	6	8	8	method=1	log2H=3.00	image=0	bad=0
father: level 1 number of orbits 1 lengths 3
Z	carat/tables/qcatalog/dim5/dir.2-2;2-1;1/ordnung.96/(1)^5(2)^2(12)^2/group.515	2	8	8	method=1	log2H=3.00	image=0	bad=0
Z	carat/tables/qcatalog/dim5/dir.2-2;2-1;1/ordnung.48/(1)^5(2)^2(12)^2/group.501	7	32	32	method=1	log2H=5.00	image=0	bad=0
Z	carat/tables/qcatalog/dim5/dir.2-2;2-1;1/ordnung.96/(1)^5(2)^2(12)^2/group.519	3	64	64	method=1	log2H=6.00	image=0	bad=0
Z	carat/tables/qcatalog/dim5/dir.2-2;2-2;1/ordnung.12/(1)^1(2)^2(6)^2/group.523	1	2	2	method=1	log2H=1.00	image=0	bad=0
Z	carat/tables/qcatalog/dim5/dir.2-2;2-2;1/ordnung.12/(1)^1(2)^2(6)^2/group.523	2	2	2	method=1	log2H=1.00	image=0	bad=0
Z	carat/tables/qcatalog/dim5/dir.2-2;2-1;1/ordnung.48/(1)^5(2)^2(12)^2/group.501	8	8	8	method=1	log2H=3.00	image=0	bad=0
Z	carat/tables/qcatalog/dim5/dir.2-2;2-1;1/ordnung.96/(1)^5(2)^2(12)^2/group.515	3	64	64	method=1	log2H=6.00	image=0	bad=0
Z	carat/tables/qcatalog/dim5/dir.2-2;2-1;1/ordnung.96/(1)^5(2)^2(12)^2/group.515	4	8	8	method=1	log2H=3.00	image=0	bad=0
Z	carat/tables/qcatalog/dim5/dir.2-2;2-2;1/ordnung.144/(1)^5(3)^4/group.533	1	6	6	method=1	log2H=3.00	image=0	bad=0
father: level 1 number of orbits 1 lengths 2
father: level 1 number of orbits 1 lengths 2
Z	carat/tables/qcatalog/dim5/dir.2-2;2-1;1/ordnung.96/(1)^5(2)^2(12)^2/group.515	5	64	64	method=1	log2H=6.00	image=0	bad=0
father: level 1 number of orbits 1 lengths 1
father: level 1 number of orbits 2 lengths 2
Z	carat/tables/qcatalog/dim5/dir.2-2;2-2;1/ordnung.18/(1)^1(3)^4/group.540	1	2	2	method=1	log2H=1.58	image=0	bad=0
father: level 2 number of orbits 1 lengths 2
father: level 1 number of orbits 1 lengths 1
Z	carat/tables/qcatalog/dim5/dir.2-2;2-2;1/ordnung.18/(1)^1(3)^4/group.540	2	2	2	method=1	log2H=1.58	image=0	bad=0
Z	carat/tables/qcatalog/dim5/dir.2-2;2-1;1/ordnung.96/(1)^5(2)^2(12)^2/group.519	4	8	8	method=1	log2H=3.00	image=0	bad=0
Z	carat/tables/qcatalog/dim5/dir.2-2;2-2;1/ordnung.12/(1)^1(2)^3(6)^4(18)^1/group.524	1	4	4	method=1	log2H=2.00	image=0	bad=0
Z	carat/tables/qcatalog/dim5/dir.2-2;2-2;1/ordnung.144/(1)^5(3)^4/group.536	1	8	8	method=1	log2H=3.00	image=0	bad=0
Z	carat/tables/qcatalog/dim5/dir.2-2;2-2;1/ordnung.144/(1)^4(3)^4(9)^1/group.530	1	6	6	method=1	log2H=3.00	image=0	bad=0
Z	carat/tables/qcatalog/dim5/dir.2-2;2-1;1/ordnung.96/(1)^5(2)^2(12)^2/group.515	6	8	8	method=1	log2H=3.00	image=0	bad=0
Z	carat/tables/qcatalog/dim5/dir.2-2;2-2;1/ordnung.12/(1)^1(2)^3(6)^4(18)^1/group.524	2	4	4	method=1	log2H=2.00	image=0	bad=0
Z	carat/tables/qcatalog/dim5/dir.2-2;2-2;1/ordnung.12/(1)^1(2)^3(6)^4(18)^1/group.524	3	4	4	method=1	log2H=2.00	image=0	bad=0
Z	carat/tables/qcatalog/dim5/dir.2-2;2-2;1/ordnung.12/(1)^1(2)^3(6)^4(18)^1/group.524	4	4	4	method=1	log2H=2.00	image=0	bad=0
Z	carat/tables/qcatalog/dim5/dir.2-2;2-2;1/ordnung.12/(1)^1(2)^3(6)^4(18)^1/group.524	5	4	4	method=1	log2H=2.00	image=0	bad=0
Z	carat/tables/qcatalog/dim5/dir.2-2;2-2;1/ordnung.12/(1)^1(2)^3(6)^4(18)^1/group.524	6	4	4	method=1	log2H=2.00	image=0	bad=0
Z	carat/tables/qcatalog/dim5/dir.2-2;2-2;1/ordnung.144/(1)^5(3)^4/group.536	2	8	8	method=1	log2H=3.00	image=0	bad=0
Z	carat/tables/qcatalog/dim5/dir.2-2;2-1;1/ordnung.96/(1)^5(2)^2(12)^2/group.515	7	64	64	method=1	log2H=6.00	image=0	bad=0
father: level 1 number of orbits 1 lengths 2
Z	carat/tables/qcatalog/dim5/dir.2-2;2-2;1/ordnung.18/(1)^1(3)^4/group.541	1	16	16	method=1	log2H=5.75	image=0	bad=0
Z	carat/tables/qcatalog/dim5/dir.2-2;2-2;1/ordnung.18/(1)^1(3)^4/group.541	2	4	4	method=1	log2H=2.58	image=0	bad=0
father: level 1 number of orbits 1 lengths 2
father: level 1 number of orbits 1 lengths 2
Z	carat/tables/qcatalog/dim5/dir.2-2;2-2;1/ordnung.144/(1)^4(3)^4(9)^1/group.530	2	6	6	method=1	log2H=3.00	image=0	bad=0
father: level 1 number of orbits 1 lengths 2
Z	carat/tables/qcatalog/dim5/dir.2-2;2-2;1/ordnung.18/(1)^2(3)^2(9)^1/group.546	1	6	6	method=1	log2H=4.17	image=0	bad=0
Z	carat/tables/qcatalog/dim5/dir.2-2;2-1;1/ordnung.96/(1)^5(2)^2(12)^2/group.515	8	8	8	method=1	log2H=3.00	image=0	bad=0
Z	carat/tables/qcatalog/dim5/dir.2-2;2-2;1/ordnung.18/(1)^1(3)^5(9)^1/group.542	1	8	8	method=1	log2H=4.17	image=0	bad=0
Z	carat/tables/qcatalog/dim5/dir.2-2;2-2;1/ordnung.18/(1)^2(3)^2(9)^1/group.546	2	6	6	method=1	log2H=4.17	image=0	bad=0
Z	carat/tables/qcatalog/dim5/dir.2-2;2-2;1/ordnung.18/(1)^1(3)^5(9)^1/group.542	2	8	8	method=1	log2H=4.17	image=0	bad=0
father: level 1 number of orbits 1 lengths 2
father: level 1 number of orbits 1 lengths 1
Z	carat/tables/qcatalog/dim5/dir.2-2;2-2;1/ordnung.18/(1)^1(3)^5(9)^1/group.542	3	16	16	method=1	log2H=5.75	image=0	bad=0
Z	carat/tables/qcatalog/dim5/dir.2-2;2-2;1/ordnung.144/(1)^5(3)^4/group.538	1	16	16	method=1	log2H=4.58	image=0	bad=0
father: level 1 number of orbits 1 lengths 1
Z	carat/tables/qcatalog/dim5/dir.2-2;2-2;1/ordnung.18/(1)^1(3)^5(9)^1/group.542	4	8	8	method=1	log2H=4.17	image=0	bad=0
Z	carat/tables/qcatalog/dim5/dir.2-2;2-2;1/ordnung.144/(1)^4(3)^4(9)^1/group.530	3	8	8	method=1	log2H=3.00	image=0	bad=0
Z	carat/tables/qcatalog/dim5/dir.2-2;2-2;1/ordnung.144/(1)^4(3)^4(9)^1/group.529	1	8	8	method=1	log2H=3.00	image=0	bad=0
Z	carat/tables/qcatalog/dim5/dir.2-2;2-2;1/ordnung.144/(1)^4(3)^4(9)^1/group.530	4	6	6	method=1	log2H=3.00	image=0	bad=0
father: level 1 number of orbits 1 lengths 2
Z	carat/tables/qcatalog/dim5/dir.2-2;2-2;1/ordnung.18/(1)^2(3)^2(9)^1/group.547	1	3	3	method=1	log2H=3.17	image=0	bad=0
Z	carat/tables/qcatalog/dim5/dir.2-2;2-1;1/ordnung.96/(1)^5(2)^2(12)^2/group.509	1	64	64	method=1	log2H=6.00	image=0	bad=0
Z	carat/tables/qcatalog/dim5/dir.2-2;2-2;1/ordnung.18/(1)^2(3)^2(9)^1/group.547	2	2	2	method=1	log2H=1.58	image=0	bad=0
father: level 1 number of orbits 1 lengths 4
father: level 1 number of orbits 2 lengths 2
father: level 1 number of orbits 3 lengths 4
father: level 2 number of orbits 1 lengths 4
Z	carat/tables/qcatalog/dim5/dir.2-2;2-2;1/ordnung.144/(1)^4(3)^4(9)^1/group.529	2	8	8	method=1	log2H=3.00	image=0	bad=0
father: level 1 number of orbits 1 lengths 2
father: level 1 number of orbits 1 lengths 2
father: level 1 number of orbits 2 lengths 2
father: level 1 number of orbits 1 lengths 2
father: level 1 number of orbits 3 lengths 2
father: level 1 number of orbits 1 lengths 4
father: level 1 number of orbits 4 lengths 4
father: level 1 number of orbits 2 lengths 2
father: level 1 number of orbits 1 lengths 3
father: level 1 number of orbits 3 lengths 4
father: level 2 number of orbits 1 lengths 4
father: level 2 number of orbits 1 lengths 4
father: level 1 number of orbits 1 lengths 2
Z	carat/tables/qcatalog/dim5/dir.2-2;2-1;1/ordnung.96/(1)^5(2)^2(12)^2/group.509	2	8	8	method=1	log2H=3.00	image=0	bad=0
Z	carat/tables/qcatalog/dim5/dir.2-2;2-2;1/ordnung.144/(1)^5(3)^4/group.534	1	6	6	method=1	log2H=3.00	image=0	bad=0
Z	carat/tables/qcatalog/dim5/dir.2-2;2-2;1/ordnung.24/(1)^1(2)^2(6)^2/group.550	1	3	3	method=1	log2H=2.00	image=0	bad=0
Z	carat/tables/qcatalog/dim5/dir.2-2;2-2;1/ordnung.18/(1)^1(3)^2(9)^2/group.539	1	1	1	method=0	log2H=0.00	image=0	bad=0
Z	carat/tables/qcatalog/dim5/dir.2-2;2-2;1/ordnung.18/(1)^2(3)^3(9)^2/group.548	1	4	4	method=1	log2H=2.58	image=0	bad=0
Z	carat/tables/qcatalog/dim5/dir.2-2;2-2;1/ordnung.144/(1)^5(3)^4/group.537	1	8	8	method=1	log2H=3.00	image=0	bad=0
Z	carat/tables/qcatalog/dim5/dir.2-2;2-2;1/ordnung.18/(1)^1(3)^2(9)^2/group.539	2	1	1	method=0	log2H=0.00	image=0	bad=0
Z	carat/tables/qcatalog/dim5/dir.2-2;2-2;1/ordnung.18/(1)^2(3)^3(9)^2/group.548	2	2	2	method=1	log2H=1.00	image=0	bad=0
Z	carat/tables/qcatalog/dim5/dir.2-2;2-2;1/ordnung.24/(1)^1(2)^2(6)^2/group.550	2	3	3	method=1	log2H=2.00	image=0	bad=0
Z	carat/tables/qcatalog/dim5/dir.2-2;2-2;1/ordnung.144/(1)^5(3)^4/group.531	1	6	6	method=1	log2H=3.00	image=0	bad=0
Z	carat/tables/qcatalog/dim5/dir.2-2;2-2;1/ordnung.18/(1)^1(3)^6(9)^2/group.544	1	6	6	method=1	log2H=4.17	image=0	bad=0
Z	carat/tables/qcatalog/dim5/dir.2-2;2-2;1/ordnung.18/(1)^2(3)^3(9)^2/group.548	3	4	4	method=1	log2H=2.58	image=0	bad=0
Z	carat/tables/qcatalog/dim5/dir.2-2;2-2;1/ordnung.144/(1)^4(3)^4(9)^1/group.529	3	8	8	method=1	log2H=3.00	image=0	bad=0
Z	carat/tables/qcatalog/dim5/dir.2-2;2-2;1/ordnung.18/(1)^2(3)^3(9)^2/group.548	4	4	4	method=1	log2H=2.58	image=0	bad=0
Z	carat/tables/qcatalog/dim5/dir.2-2;2-2;1/ordnung.18/(1)^1(3)^2(9)^2/group.539	3	1	1	method=0	log2H=0.00	image=0	bad=0
Z	carat/tables/qcatalog/dim5/dir.2-2;2-2;1/ordnung.18/(1)^1(3)^6(9)^2/group.544	2	4	4	method=1	log2H=2.58	image=0	bad=0
Z	carat/tables/qcatalog/dim5/dir.2-2;2-2;1/ordnung.18/(1)^1(3)^2(9)^2/group.539	4	1	1	method=0	log2H=0.00	image=0	bad=0
Z	carat/tables/qcatalog/dim5/dir.2-2;2-2;1/ordnung.18/(1)^2(3)^3(9)^2/group.548	5	2	2	method=1	log2H=1.00	image=0	bad=0
Z	carat/tables/qcatalog/dim5/dir.2-2;2-2;1/ordnung.18/(1)^1(3)^2(9)^2/group.539	5	1	1	method=0	log2H=0.00	image=0	bad=0
father: level 1 number of orbits 1 lengths 1
Z	carat/tables/qcatalog/dim5/dir.2-2;2-2;1/ordnung.18/(1)^2(3)^3(9)^2/group.548	6	4	4	method=1	log2H=2.58	image=0	bad=0
Z	carat/tables/qcatalog/dim5/dir.2-2;2-2;1/ordnung.144/(1)^5(3)^4/group.537	2	16	16	method=1	log2H=4.58	image=0	bad=0
father: level 1 number of orbits 1 lengths 2
Z	carat/tables/qcatalog/dim5/dir.2-2;2-2;1/ordnung.18/(1)^1(3)^6(9)^2/group.544	3	4	4	method=1	log2H=2.58	image=0	bad=0
Z	carat/tables/qcatalog/dim5/dir.2-2;2-2;1/ordnung.18/(1)^2(3)^3(9)^2/group.548	7	8	8	method=1	log2H=4.17	image=0	bad=0
father: level 1 number of orbits 1 lengths 2
Z	carat/tables/qcatalog/dim5/dir.2-2;2-2;1/ordnung.18/(1)^2(3)^3(9)^2/group.548	8	4	4	method=1	log2H=2.58	image=0	bad=0
Z	carat/tables/qcatalog/dim5/dir.2-2;2-2;1/ordnung.18/(1)^1(3)^6(9)^2/group.544	4	4	6	method=1	log2H=2.58	image=0	bad=0
Z	carat/tables/qcatalog/dim5/dir.2-2;2-2;1/ordnung.18/(1)^1(3)^5(9)^1/group.543	1	4	4	method=1	log2H=3.17	image=0	bad=0
Z	carat/tables/qcatalog/dim5/dir.2-2;2-2;1/ordnung.24/(1)^1(2)^4(6)^4/group.552	1	6	6	method=1	log2H=3.00	image=0	bad=0
Z	carat/tables/qcatalog/dim5/dir.2-2;2-2;1/ordnung.18/(1)^1(3)^5(9)^1/group.543	2	1	1	method=0	log2H=0.00	image=0	bad=0
Z	carat/tables/qcatalog/dim5/dir.2-2;2-2;1/ordnung.18/(1)^1(3)^5(9)^1/group.543	3	2	2	method=1	log2H=1.58	image=0	bad=0
Z	carat/tables/qcatalog/dim5/dir.2-2;2-2;1/ordnung.18/(1)^1(3)^6(9)^2/group.544	5	2	2	method=1	log2H=1.00	image=0	bad=0
Z	carat/tables/qcatalog/dim5/dir.2-2;2-2;1/ordnung.18/(1)^1(3)^5(9)^1/group.543	4	2	2	method=1	log2H=1.58	image=0	bad=0
Z	carat/tables/qcatalog/dim5/dir.2-2;2-2;1/ordnung.144/(1)^5(3)^4/group.534	2	8	8	method=1	log2H=3.00	image=0	bad=0
Z	carat/tables/qcatalog/dim5/dir.2-2;2-2;1/ordnung.24/(1)^1(2)^4(6)^4/group.552	2	6	6	method=1	log2H=3.00	image=0	bad=0
Z	carat/tables/qcatalog/dim5/dir.2-2;2-2;1/ordnung.18/(1)^1(3)^6(9)^2/group.544	6	4	4	method=1	log2H=2.58	image=0	bad=0
Z	carat/tables/qcatalog/dim5/dir.2-2;2-1;1/ordnung.96/(1)^5(2)^2(12)^2/group.509	3	64	64	method=1	log2H=6.00	image=0	bad=0
Z	carat/tables/qcatalog/dim5/dir.2-2;2-2;1/ordnung.18/(1)^1(3)^6(9)^2/group.544	7	2	2	method=1	log2H=1.00	image=0	bad=0
Z	carat/tables/qcatalog/dim5/dir.2-2;2-2;1/ordnung.18/(1)^1(3)^6(9)^2/group.544	8	2	2	method=1	log2H=1.00	image=0	bad=0
Z	carat/tables/qcatalog/dim5/dir.2-2;2-1;1/ordnung.96/(1)^5(2)^2(12)^2/group.509	4	8	8	method=1	log2H=3.00	image=0	bad=0
Z	carat/tables/qcatalog/dim5/dir.2-2;2-2;1/ordnung.18/(1)^1(3)^6(9)^2/group.544	9	2	2	method=1	log2H=1.00	image=0	bad=0
Z	carat/tables/qcatalog/dim5/dir.2-2;2-2;1/ordnung.144/(1)^5(3)^4/group.534	3	6	6	method=1	log2H=3.00	image=0	bad=0
father: level 1 number of orbits 1 lengths 2
Z	carat/tables/qcatalog/dim5/dir.2-2;2-2;1/ordnung.36/(1)^2(3)^2(9)^1/group.560	1	2	2	method=1	log2H=1.00	image=0	bad=0
Z	carat/tables/qcatalog/dim5/dir.2-2;2-2;1/ordnung.36/(1)^2(3)^2(9)^1/group.560	2	2	2	method=1	log2H=1.00	image=0	bad=0
father: level 1 number of orbits 1 lengths 1
father: level 1 number of orbits 1 lengths 1
father: level 1 number of orbits 1 lengths 2
Z	carat/tables/qcatalog/dim5/dir.2-2;2-2;1/ordnung.36/(1)^2(3)^5/group.564	1	8	8	method=1	log2H=4.17	image=0	bad=0
Z	carat/tables/qcatalog/dim5/dir.2-2;2-2;1/ordnung.24/(1)^1(2)^4(6)^4/group.553	1	6	6	method=1	log2H=3.58	image=0	bad=0
father: level 1 number of orbits 1 lengths 2
Z	carat/tables/qcatalog/dim5/dir.2-2;2-2;1/ordnung.288/(1)^5(3)^4/group.556	1	10	10	method=1	log2H=4.00	image=0	bad=0
Z	carat/tables/qcatalog/dim5/dir.2-2;2-2;1/ordnung.36/(1)^2(3)^5/group.564	2	4	4	method=1	log2H=2.58	image=0	bad=0
father: level 1 number of orbits 1 lengths 2
Z	carat/tables/qcatalog/dim5/dir.2-2;2-2;1/ordnung.24/(1)^1(2)^4(6)^4/group.553	2	6	6	method=1	log2H=3.58	image=0	bad=0
Z	carat/tables/qcatalog/dim5/dir.2-2;2-2;1/ordnung.36/(1)^1(3)^5(9)^1/group.558	1	2	2	method=1	log2H=1.00	image=0	bad=0
Z	carat/tables/qcatalog/dim5/dir.2-2;2-2;1/ordnung.36/(1)^1(3)^5(9)^1/group.558	2	2	2	method=1	log2H=1.00	image=0	bad=0
Z	carat/tables/qcatalog/dim5/dir.2-2;2-2;1/ordnung.36/(1)^1(3)^5(9)^1/group.558	3	2	2	method=1	log2H=1.00	image=0	bad=0
father: level 1 number of orbits 1 lengths 2
father: level 1 number of orbits 1 lengths 2
Z	carat/tables/qcatalog/dim5/dir.2-2;2-2;1/ordnung.36/(1)^1(3)^5(9)^1/group.558	4	2	2	method=1	log2H=1.00	image=0	bad=0
Z	carat/tables/qcatalog/dim5/dir.2-2;2-2;1/ordnung.36/(1)^2(3)^5/group.562	1	4	4	method=1	log2H=2.58	image=0	bad=0
Z	carat/tables/qcatalog/dim5/dir.2-2;2-2;1/ordnung.36/(1)^2(3)^5/group.562	2	4	4	method=1	log2H=2.58	image=0	bad=0
father: level 1 number of orbits 2 lengths 2
father: level 1 number of orbits 1 lengths 2
father: level 1 number of orbits 1 lengths 2
Z	carat/tables/qcatalog/dim5/dir.2-2;2-2;1/ordnung.36/(1)^2(3)^5/group.562	3	2	2	method=1	log2H=1.00	image=0	bad=0
father: level 1 number of orbits 2 lengths 2
father: level 1 number of orbits 1 lengths 1
Z	carat/tables/qcatalog/dim5/dir.2-2;2-2;1/ordnung.36/(1)^2(3)^5/group.562	4	2	2	method=1	log2H=1.00	image=0	bad=0
father: level 1 number of orbits 1 lengths 1
father: level 1 number of orbits 1 lengths 2
father: level 1 number of orbits 3 lengths 2
father: level 1 number of orbits 4 lengths 4
Z	carat/tables/qcatalog/dim5/dir.2-2;2-2;1/ordnung.36/(1)^1(3)^4/group.557	1	2	2	method=1	log2H=1.00	image=0	bad=0
father: level 2 number of orbits 1 lengths 2
father: level 2 number of orbits 1 lengths 4
Z	carat/tables/qcatalog/dim5/dir.2-2;2-2;1/ordnung.36/(1)^1(3)^4/group.557	2	2	2	method=1	log2H=1.00	image=0	bad=0
father: level 1 number of orbits 1 lengths 1
Z	carat/tables/qcatalog/dim5/dir.2-2;2-2;1/ordnung.24/(1)^1(2)^4(6)^4/group.554	1	4	4	method=1	log2H=2.00	image=0	bad=0
Z	carat/tables/qcatalog/dim5/dir.2-2;2-2;1/ordnung.18/(1)^2(3)^3(9)^2/group.549	1	4	4	method=1	log2H=3.17	image=0	bad=0
father: level 1 number of orbits 1 lengths 2
Z	carat/tables/qcatalog/dim5/dir.2-2;2-2;1/ordnung.18/(1)^2(3)^3(9)^2/group.549	2	2	2	method=1	log2H=1.58	image=0	bad=0
Z	carat/tables/qcatalog/dim5/dir.2-2;2-2;1/ordnung.36/(1)^2(3)^5/group.566	1	8	8	method=1	log2H=3.58	image=0	bad=0
Z	carat/tables/qcatalog/dim5/dir.2-2;2-2;1/ordnung.18/(1)^2(3)^3(9)^2/group.549	3	8	8	method=1	log2H=4.75	image=0	bad=0
father: level 1 number of orbits 1 lengths 2
father: level 1 number of orbits 2 lengths 2
father: level 1 number of orbits 3 lengths 2
Z	carat/tables/qcatalog/dim5/dir.2-2;2-2;1/ordnung.18/(1)^2(3)^3(9)^2/group.549	4	4	4	method=1	log2H=3.17	image=0	bad=0
father: level 1 number of orbits 4 lengths 4
Z	carat/tables/qcatalog/dim5/dir.2-2;2-2;1/ordnung.24/(1)^1(2)^4(6)^4/group.554	2	4	4	method=1	log2H=2.00	image=0	bad=0
father: level 1 number of orbits 1 lengths 2
father: level 2 number of orbits 1 lengths 4
Z	carat/tables/qcatalog/dim5/dir.2-2;2-2;1/ordnung.36/(1)^2(3)^5/group.566	2	8	8	method=1	log2H=3.58	image=0	bad=0
Z	carat/tables/qcatalog/dim5/dir.2-2;2-2;1/ordnung.18/(1)^2(3)^3(9)^2/group.549	5	4	4	method=1	log2H=3.17	image=0	bad=0
father: level 1 number of orbits 1 lengths 2
father: level 1 number of orbits 1 lengths 2
father: level 1 number of orbits 1 lengths 4
father: level 1 number of orbits 2 lengths 2
father: level 1 number of orbits 3 lengths 4
Z	carat/tables/qcatalog/dim5/dir.2-2;2-2;1/ordnung.18/(1)^2(3)^3(9)^2/group.549	6	2	2	method=1	log2H=1.58	image=0	bad=0
Z	carat/tables/qcatalog/dim5/dir.2-2;2-2;1/ordnung.36/(1)^2(3)^5/group.563	1	8	8	method=1	log2H=3.58	image=0	bad=0
Z	carat/tables/qcatalog/dim5/dir.2-2;2-2;1/ordnung.36/(1)^2(3)^5/group.566	3	8	8	method=1	log2H=3.58	image=0	bad=0
father: level 2 number of orbits 1 lengths 4
father: level 1 number of orbits 1 lengths 2
Z	carat/tables/qcatalog/dim5/dir.2-2;2-2;1/ordnung.144/(1)^5(3)^4/group.535	1	8	8	method=1	log2H=3.00	image=0	bad=0
Z	carat/tables/qcatalog/dim5/dir.2-2;2-2;1/ordnung.18/(1)^2(3)^3(9)^2/group.549	7	2	3	method=1	log2H=1.58	image=0	bad=0
Z	carat/tables/qcatalog/dim5/dir.2-2;2-2;1/ordnung.36/(1)^2(3)^5/group.563	2	4	4	method=1	log2H=2.00	image=0	bad=0
Z	carat/tables/qcatalog/dim5/dir.2-2;2-2;1/ordnung.24/(1)^1(2)^4(6)^4/group.554	3	3	3	method=1	log2H=2.00	image=0	bad=0
Z	carat/tables/qcatalog/dim5/dir.2-2;2-2;1/ordnung.36/(1)^2(3)^3(9)^2/group.561	1	2	2	method=1	log2H=1.00	image=0	bad=0
Z	carat/tables/qcatalog/dim5/dir.2-2;2-2;1/ordnung.18/(1)^2(3)^3(9)^2/group.549	8	2	2	method=1	log2H=1.58	image=0	bad=0
father: level 1 number of orbits 1 lengths 2
Z	carat/tables/qcatalog/dim5/dir.2-2;2-2;1/ordnung.36/(1)^2(3)^3(9)^2/group.561	2	2	2	method=1	log2H=1.00	image=0	bad=0
Z	carat/tables/qcatalog/dim5/dir.2-2;2-2;1/ordnung.18/(1)^1(3)^6(9)^2/group.545	1	8	8	method=1	log2H=4.75	image=0	bad=0
Z	carat/tables/qcatalog/dim5/dir.2-2;2-2;1/ordnung.36/(1)^2(3)^3(9)^2/group.561	3	2	2	method=1	log2H=1.00	image=0	bad=0
Z	carat/tables/qcatalog/dim5/dir.2-2;2-2;1/ordnung.18/(1)^1(3)^6(9)^2/group.545	2	4	4	method=1	log2H=3.17	image=0	bad=0
Z	carat/tables/qcatalog/dim5/dir.2-2;2-2;1/ordnung.36/(1)^2(3)^3(9)^2/group.561	4	2	2	method=1	log2H=1.00	image=0	bad=0
Z	carat/tables/qcatalog/dim5/dir.2-2;2-2;1/ordnung.18/(1)^1(3)^6(9)^2/group.545	3	3	3	method=1	log2H=3.17	image=0	bad=0
Z	carat/tables/qcatalog/dim5/dir.2-2;2-2;1/ordnung.36/(1)^2(3)^5/group.568	1	2	2	method=1	log2H=1.00	image=0	bad=0
Z	carat/tables/qcatalog/dim5/dir.2-2;2-2;1/ordnung.24/(1)^1(2)^4(6)^4/group.554	4	3	3	method=1	log2H=2.00	image=0	bad=0
Z	carat/tables/qcatalog/dim5/dir.2-2;2-2;1/ordnung.144/(1)^5(3)^4/group.535	2	8	8	method=1	log2H=3.00	image=0	bad=0
Z	carat/tables/qcatalog/dim5/dir.2-2;2-2;1/ordnung.36/(1)^2(3)^3(9)^2/group.561	5	2	2	method=1	log2H=1.00	image=0	bad=0
Z	carat/tables/qcatalog/dim5/dir.2-2;2-2;1/ordnung.18/(1)^1(3)^6(9)^2/group.545	4	2	2	method=1	log2H=1.58	image=0	bad=0
Z	carat/tables/qcatalog/dim5/dir.2-2;2-2;1/ordnung.36/(1)^2(3)^5/group.568	2	2	2	method=1	log2H=1.00	image=0	bad=0
father: level 1 number of orbits 1 lengths 2
Z	carat/tables/qcatalog/dim5/dir.2-2;2-2;1/ordnung.36/(1)^2(3)^3(9)^2/group.561	6	2	2	method=1	log2H=1.00	image=0	bad=0
Z	carat/tables/qcatalog/dim5/dir.2-2;2-2;1/ordnung.18/(1)^1(3)^6(9)^2/group.545	5	3	3	method=1	log2H=3.17	image=0	bad=0
Z	carat/tables/qcatalog/dim5/dir.2-2;2-2;1/ordnung.12/(1)^1(2)^3(6)^4(18)^1/group.525	1	4	4	method=1	log2H=2.58	image=0	bad=0
Z	carat/tables/qcatalog/dim5/dir.2-2;2-2;1/ordnung.36/(1)^2(3)^5/group.568	3	4	4	method=1	log2H=2.58	image=0	bad=0
Z	carat/tables/qcatalog/dim5/dir.2-2;2-2;1/ordnung.18/(1)^1(3)^6(9)^2/group.545	6	1	1	method=0	log2H=0.00	image=0	bad=0
Z	carat/tables/qcatalog/dim5/dir.2-2;2-2;1/ordnung.12/(1)^1(2)^3(6)^4(18)^1/group.525	2	4	4	method=1	log2H=2.58	image=0	bad=0
Z	carat/tables/qcatalog/dim5/dir.2-2;2-2;1/ordnung.36/(1)^2(3)^3(9)^2/group.561	7	2	2	method=1	log2H=1.00	image=0	bad=0
Z	carat/tables/qcatalog/dim5/dir.2-2;2-2;1/ordnung.12/(1)^1(2)^3(6)^4(18)^1/group.525	3	2	2	method=1	log2H=1.00	image=0	bad=0
Z	carat/tables/qcatalog/dim5/dir.2-2;2-2;1/ordnung.36/(1)^2(3)^3(9)^2/group.561	8	2	2	method=1	log2H=1.00	image=0	bad=0
Z	carat/tables/qcatalog/dim5/dir.2-2;2-2;1/ordnung.36/(1)^2(3)^5/group.565	1	8	8	method=1	log2H=4.17	image=0	bad=0
Z	carat/tables/qcatalog/dim5/dir.2-2;2-2;1/ordnung.12/(1)^1(2)^3(6)^4(18)^1/group.525	4	2	2	method=1	log2H=1.00	image=0	bad=0
Z	carat/tables/qcatalog/dim5/dir.2-2;2-2;1/ordnung.18/(1)^1(3)^6(9)^2/group.545	7	3	3	method=1	log2H=3.17	image=0	bad=0
Z	carat/tables/qcatalog/dim5/dir.2-2;2-2;1/ordnung.12/(1)^1(2)^3(6)^4(18)^1/group.525	5	4	4	method=1	log2H=2.58	image=0	bad=0
Z	carat/tables/qcatalog/dim5/dir.2-2;2-2;1/ordnung.18/(1)^1(3)^6(9)^2/group.545	8	10	10	method=1	log2H=6.34	image=0	bad=0
Z	carat/tables/qcatalog/dim5/dir.2-2;2-2;1/ordnung.36/(1)^3(3)^2/group.572	1	10	10	method=1	log2H=5.17	image=0	bad=0
Z	carat/tables/qcatalog/dim5/dir.2-2;2-2;1/ordnung.12/(1)^1(2)^3(6)^4(18)^1/group.525	6	4	4	method=1	log2H=2.58	image=0	bad=0
Z	carat/tables/qcatalog/dim5/dir.2-2;2-2;1/ordnung.36/(1)^2(3)^5/group.565	2	4	4	method=1	log2H=2.58	image=0	bad=0
Z	carat/tables/qcatalog/dim5/dir.2-2;2-2;1/ordnung.36/(1)^2(3)^5/group.565	3	4	4	method=1	log2H=2.58	image=0	bad=0
father: level 1 number of orbits 1 lengths 2
father: level 1 number of orbits 1 lengths 4
father: level 1 number of orbits 2 lengths 2
father: level 1 number of orbits 3 lengths 4
father: level 2 number of orbits 1 lengths 4
Z	carat/tables/qcatalog/dim5/dir.2-2;2-2;1/ordnung.18/(1)^1(3)^6(9)^2/group.545	9	6	6	method=1	log2H=4.75	image=0	bad=0
Z	carat/tables/qcatalog/dim5/dir.2-2;2-2;1/ordnung.36/(1)^3(3)^2/group.574	1	4	4	method=1	log2H=2.58	image=0	bad=0
father: level 1 number of orbits 1 lengths 2
Z	carat/tables/qcatalog/dim5/dir.2-2;2-2;1/ordnung.36/(1)^1(3)^6(9)^2/group.559	1	2	2	method=1	log2H=1.00	image=0	bad=0
Z	carat/tables/qcatalog/dim5/dir.2-2;2-2;1/ordnung.36/(1)^3(3)^2/group.573	1	2	2	method=1	log2H=1.00	image=0	bad=0
father: level 1 number of orbits 1 lengths 2
Z	carat/tables/qcatalog/dim5/dir.2-2;2-2;1/ordnung.36/(1)^1(3)^6(9)^2/group.559	2	2	2	method=1	log2H=1.00	image=0	bad=0
Z	carat/tables/qcatalog/dim5/dir.2-2;2-2;1/ordnung.36/(1)^2(3)^5/group.567	1	4	4	method=1	log2H=2.58	image=0	bad=0
Z	carat/tables/qcatalog/dim5/dir.2-2;2-2;1/ordnung.36/(1)^1(3)^6(9)^2/group.559	3	2	2	method=1	log2H=1.00	image=0	bad=0
father: level 1 number of orbits 1 lengths 1
father: level 1 number of orbits 2 lengths 2
Z	carat/tables/qcatalog/dim5/dir.2-2;2-2;1/ordnung.36/(1)^2(3)^5/group.567	2	4	4	method=1	log2H=2.58	image=0	bad=0
father: level 2 number of orbits 1 lengths 2
Z	carat/tables/qcatalog/dim5/dir.2-2;2-2;1/ordnung.36/(1)^2(3)^5/group.567	3	4	4	method=1	log2H=2.58	image=0	bad=0
father: level 1 number of orbits 1 lengths 1
Z	carat/tables/qcatalog/dim5/dir.2-2;2-2;1/ordnung.36/(1)^1(3)^6(9)^2/group.559	4	2	2	method=1	log2H=1.00	image=0	bad=0
Z	carat/tables/qcatalog/dim5/dir.2-2;2-2;1/ordnung.36/(1)^1(3)^6(9)^2/group.559	5	2	2	method=1	log2H=1.00	image=0	bad=0
father: level 1 number of orbits 1 lengths 2
Z	carat/tables/qcatalog/dim5/dir.2-2;2-2;1/ordnung.36/(1)^1(3)^6(9)^2/group.559	6	2	2	method=1	log2H=1.00	image=0	bad=0
Z	carat/tables/qcatalog/dim5/dir.2-2;2-2;1/ordnung.36/(1)^3(3)^3(9)^1/group.576	1	8	8	method=1	log2H=4.17	image=0	bad=0
Z	carat/tables/qcatalog/dim5/dir.2-2;2-2;1/ordnung.36/(1)^1(3)^6(9)^2/group.559	7	2	2	method=1	log2H=1.00	image=0	bad=0
Z	carat/tables/qcatalog/dim5/dir.2-2;2-2;1/ordnung.36/(1)^3(3)^3(9)^1/group.576	2	2	2	method=1	log2H=1.00	image=0	bad=0
Z	carat/tables/qcatalog/dim5/dir.2-2;2-2;1/ordnung.36/(1)^1(3)^6(9)^2/group.559	8	2	2	method=1	log2H=1.00	image=0	bad=0
Z	carat/tables/qcatalog/dim5/dir.2-2;2-2;1/ordnung.36/(1)^3(3)^3(9)^1/group.576	3	4	4	method=1	log2H=2.58	image=0	bad=0
father: level 1 number of orbits 1 lengths 2
Z	carat/tables/qcatalog/dim5/dir.2-2;2-2;1/ordnung.36/(1)^1(3)^6(9)^2/group.559	9	2	2	method=1	log2H=1.00	image=0	bad=0
Z	carat/tables/qcatalog/dim5/dir.2-2;2-2;1/ordnung.36/(1)^3(3)^3(9)^1/group.578	1	4	4	method=1	log2H=2.58	image=0	bad=0
Z	carat/tables/qcatalog/dim5/dir.2-2;2-2;1/ordnung.24/(1)^1(2)^3(6)^4(18)^1/group.551	1	4	4	method=1	log2H=2.00	image=0	bad=0
Z	carat/tables/qcatalog/dim5/dir.2-2;2-2;1/ordnung.36/(1)^3(3)^3(9)^1/group.578	2	4	4	method=1	log2H=2.58	image=0	bad=0
father: level 1 number of orbits 1 lengths 4
father: level 1 number of orbits 2 lengths 2
father: level 1 number of orbits 3 lengths 4
father: level 2 number of orbits 1 lengths 4
Z	carat/tables/qcatalog/dim5/dir.2-2;2-2;1/ordnung.36/(1)^3(3)^3(9)^1/group.578	3	4	4	method=1	log2H=2.58	image=0	bad=0
Z	carat/tables/qcatalog/dim5/dir.2-2;2-2;1/ordnung.24/(1)^1(2)^3(6)^4(18)^1/group.551	2	4	4	method=1	log2H=2.00	image=0	bad=0
father: level 1 number of orbits 1 lengths 2
father: level 1 number of orbits 1 lengths 2
Z	carat/tables/qcatalog/dim5/dir.2-2;2-2;1/ordnung.24/(1)^1(2)^3(6)^4(18)^1/group.551	3	4	4	method=1	log2H=2.00	image=0	bad=0
father: level 1 number of orbits 1 lengths 2
Z	carat/tables/qcatalog/dim5/dir.2-2;2-2;1/ordnung.36/(1)^2(3)^6(9)^1/group.569	1	6	6	method=1	log2H=4.17	image=0	bad=0
Z	carat/tables/qcatalog/dim5/dir.2-2;2-2;1/ordnung.36/(1)^4(3)^3/group.588	1	16	16	method=1	log2H=5.17	image=0	bad=0
Z	carat/tables/qcatalog/dim5/dir.2-2;2-2;1/ordnung.36/(1)^3(3)^3(9)^1/group.575	1	8	8	method=1	log2H=3.58	image=0	bad=0
Z	carat/tables/qcatalog/dim5/dir.2-2;2-2;1/ordnung.24/(1)^1(2)^3(6)^4(18)^1/group.551	4	4	4	method=1	log2H=2.00	image=0	bad=0
Z	carat/tables/qcatalog/dim5/dir.2-2;2-2;1/ordnung.36/(1)^2(3)^6(9)^1/group.569	2	4	4	method=1	log2H=2.58	image=0	bad=0
Z	carat/tables/qcatalog/dim5/dir.2-2;2-2;1/ordnung.36/(1)^3(3)^4(9)^2/group.584	1	6	6	method=1	log2H=4.17	image=0	bad=0
Z	carat/tables/qcatalog/dim5/dir.2-2;2-2;1/ordnung.36/(1)^3(3)^3(9)^1/group.575	2	8	8	method=1	log2H=3.58	image=0	bad=0
Z	carat/tables/qcatalog/dim5/dir.2-2;2-2;1/ordnung.24/(1)^1(2)^3(6)^4(18)^1/group.551	5	4	4	method=1	log2H=2.00	image=0	bad=0
Z	carat/tables/qcatalog/dim5/dir.2-2;2-2;1/ordnung.36/(1)^2(3)^6(9)^1/group.569	3	4	4	method=1	log2H=2.58	image=0	bad=0
Z	carat/tables/qcatalog/dim5/dir.2-2;2-2;1/ordnung.36/(1)^3(3)^3(9)^1/group.575	3	16	16	method=1	log2H=5.17	image=0	bad=0
Z	carat/tables/qcatalog/dim5/dir.2-2;2-2;1/ordnung.36/(1)^3(3)^4(9)^2/group.584	2	6	6	method=1	log2H=4.17	image=0	bad=0
Z	carat/tables/qcatalog/dim5/dir.2-2;2-2;1/ordnung.24/(1)^1(2)^3(6)^4(18)^1/group.551	6	4	4	method=1	log2H=2.00	image=0	bad=0
Z	carat/tables/qcatalog/dim5/dir.2-2;2-2;1/ordnung.36/(1)^2(3)^6(9)^1/group.569	4	4	6	method=1	log2H=2.58	image=0	bad=0
Z	carat/tables/qcatalog/dim5/dir.2-2;2-2;1/ordnung.36/(1)^3(3)^4(9)^2/group.584	3	6	6	method=1	log2H=4.17	image=0	bad=0
Z	carat/tables/qcatalog/dim5/dir.2-2;2-2;1/ordnung.36/(1)^2(3)^6(9)^1/group.569	5	2	2	method=1	log2H=1.00	image=0	bad=0
Z	carat/tables/qcatalog/dim5/dir.2-2;2-2;1/ordnung.36/(1)^2(3)^6(9)^1/group.569	6	4	4	method=1	log2H=2.58	image=0	bad=0
Z	carat/tables/qcatalog/dim5/dir.2-2;2-2;1/ordnung.36/(1)^2(3)^6(9)^1/group.569	7	2	2	method=1	log2H=1.00	image=0	bad=0
Z	carat/tables/qcatalog/dim5/dir.2-2;2-2;1/ordnung.36/(1)^2(3)^6(9)^1/group.569	8	2	2	method=1	log2H=1.00	image=0	bad=0
father: level 1 number of orbits 1 lengths 2
Z	carat/tables/qcatalog/dim5/dir.2-2;2-2;1/ordnung.36/(1)^3(3)^3(9)^1/group.577	1	2	2	method=1	log2H=1.00	image=0	bad=0
Z	carat/tables/qcatalog/dim5/dir.2-2;2-2;1/ordnung.36/(1)^3(3)^3(9)^1/group.577	2	2	2	method=1	log2H=1.00	image=0	bad=0
Z	carat/tables/qcatalog/dim5/dir.2-2;2-2;1/ordnung.36/(1)^3(3)^3(9)^1/group.577	3	2	2	method=1	log2H=1.00	image=0	bad=0
Z	carat/tables/qcatalog/dim5/dir.2-2;2-2;1/ordnung.36/(1)^4(3)^3/group.586	1	2	2	method=1	log2H=1.00	image=0	bad=0
father: level 1 number of orbits 1 lengths 2
Z	carat/tables/qcatalog/dim5/dir.2-2;2-2;1/ordnung.36/(1)^4(3)^3/group.586	2	4	4	method=1	log2H=2.58	image=0	bad=0
Z	carat/tables/qcatalog/dim5/dir.2-2;2-2;1/ordnung.36/(1)^4(3)^4(9)^1/group.590	1	8	8	method=1	log2H=4.17	image=0	bad=0
father: level 1 number of orbits 1 lengths 2
father: level 1 number of orbits 1 lengths 3
Z	carat/tables/qcatalog/dim5/dir.2-2;2-2;1/ordnung.36/(1)^4(3)^4(9)^1/group.590	2	4	4	method=1	log2H=2.58	image=0	bad=0
Z	carat/tables/qcatalog/dim5/dir.2-2;2-2;1/ordnung.36/(1)^4(3)^4(9)^1/group.589	1	8	8	method=1	log2H=3.58	image=0	bad=0
father: level 1 number of orbits 2 lengths 2
father: level 2 number of orbits 1 lengths 6
Z	carat/tables/qcatalog/dim5/dir.2-2;2-2;1/ordnung.36/(1)^4(3)^4(9)^1/group.589	2	4	4	method=1	log2H=2.00	image=0	bad=0
Z	carat/tables/qcatalog/dim5/dir.2-2;2-2;1/ordnung.36/(1)^4(3)^3/group.587	1	4	4	method=1	log2H=2.58	image=0	bad=0
Z	carat/tables/qcatalog/dim5/dir.2-2;2-2;1/ordnung.36/(1)^4(3)^4(9)^1/group.589	3	4	4	method=1	log2H=2.00	image=0	bad=0
Z	carat/tables/qcatalog/dim5/dir.2-2;2-2;1/ordnung.6/(1)^1(6)^4/min.128	1	1	1	method=0	log2H=0.00	image=0	bad=0
Z	carat/tables/qcatalog/dim5/dir.2-2;2-2;1/ordnung.6/(1)^1(6)^4/min.128	2	1	1	method=0	log2H=0.00	image=0	bad=0
Z	carat/tables/qcatalog/dim5/dir.2-2;2-2;1/ordnung.6/(1)^1(6)^4/min.128	3	1	1	method=0	log2H=0.00	image=0	bad=0
Z	carat/tables/qcatalog/dim5/dir.2-2;2-2;1/ordnung.36/(1)^4(3)^4(9)^1/group.590	3	16	16	method=1	log2H=5.75	image=0	bad=0
Z	carat/tables/qcatalog/dim5/dir.2-2;2-2;1/ordnung.6/(1)^1(6)^4/min.128	4	1	1	method=0	log2H=0.00	image=0	bad=0
father: level 1 number of orbits 1 lengths 2
father: level 1 number of orbits 1 lengths 2
father: level 1 number of orbits 1 lengths 2
father: level 1 number of orbits 1 lengths 2
Z	carat/tables/qcatalog/dim5/dir.2-2;2-2;1/ordnung.36/(1)^3(3)^4(9)^2/group.582	1	4	4	method=1	log2H=2.58	image=0	bad=0
father: level 1 number of orbits 1 lengths 3
father: level 1 number of orbits 2 lengths 2
father: level 2 number of orbits 1 lengths 6
Z	carat/tables/qcatalog/dim5/dir.2-2;2-2;1/ordnung.36/(1)^3(3)^4(9)^2/group.582	2	2	2	method=1	log2H=1.00	image=0	bad=0
Z	carat/tables/qcatalog/dim5/dir.2-2;2-2;1/ordnung.72/(1)^2(3)^5/group.596	1	4	4	method=1	log2H=2.00	image=0	bad=0
father: level 1 number of orbits 1 lengths 2
Z	carat/tables/qcatalog/dim5/dir.2-2;2-2;1/ordnung.36/(1)^3(3)^4(9)^2/group.582	3	4	4	method=1	log2H=2.58	image=0	bad=0
father: level 1 number of orbits 2 lengths 2
father: level 1 number of orbits 3 lengths 2
Z	carat/tables/qcatalog/dim5/dir.2-2;2-2;1/ordnung.6/(1)^1(6)^4/min.129	1	4	4	method=1	log2H=2.58	image=0	bad=0
father: level 1 number of orbits 4 lengths 4
father: level 2 number of orbits 1 lengths 4
Z	carat/tables/qcatalog/dim5/dir.2-2;2-2;1/ordnung.6/(1)^1(6)^4/min.129	2	4	4	method=1	log2H=2.58	image=0	bad=0
Z	carat/tables/qcatalog/dim5/dir.2-2;2-2;1/ordnung.6/(1)^1(6)^4/min.129	3	2	2	method=1	log2H=1.00	image=0	bad=0
father: level 1 number of orbits 1 lengths 2
father: level 1 number of orbits 1 lengths 2
Z	carat/tables/qcatalog/dim5/dir.2-2;2-2;1/ordnung.36/(1)^3(3)^4(9)^2/group.582	4	2	2	method=1	log2H=1.00	image=0	bad=0
Z	carat/tables/qcatalog/dim5/dir.2-2;2-2;1/ordnung.6/(1)^1(6)^4/min.129	4	2	2	method=1	log2H=1.00	image=0	bad=0
father: level 1 number of orbits 1 lengths 2
father: level 1 number of orbits 1 lengths 2
father: level 1 number of orbits 1 lengths 2
Z	carat/tables/qcatalog/dim5/dir.2-2;2-2;1/ordnung.72/(1)^2(3)^5/group.596	2	4	4	method=1	log2H=2.00	image=0	bad=0
Z	carat/tables/qcatalog/dim5/dir.2-2;2-2;1/ordnung.36/(1)^3(3)^4(9)^2/group.582	5	4	4	method=1	log2H=2.58	image=0	bad=0
Z	carat/tables/qcatalog/dim5/dir.2-2;2-2;1/ordnung.36/(1)^3(3)^4(9)^2/group.580	1	8	8	method=1	log2H=4.17	image=0	bad=0
Z	carat/tables/qcatalog/dim5/dir.2-2;2-2;1/ordnung.36/(1)^3(3)^4(9)^2/group.582	6	4	4	method=1	log2H=2.58	image=0	bad=0
Z	carat/tables/qcatalog/dim5/dir.2-2;2-2;1/ordnung.36/(1)^2(3)^6(9)^1/group.570	1	4	4	method=1	log2H=2.58	image=0	bad=0
Z	carat/tables/qcatalog/dim5/dir.2-2;2-2;1/ordnung.36/(1)^3(3)^4(9)^2/group.580	2	8	8	method=1	log2H=4.17	image=0	bad=0
Z	carat/tables/qcatalog/dim5/dir.2-2;2-2;1/ordnung.36/(1)^3(3)^4(9)^2/group.582	7	4	4	method=1	log2H=2.58	image=0	bad=0
Z	carat/tables/qcatalog/dim5/dir.2-2;2-2;1/ordnung.36/(1)^2(3)^6(9)^1/group.570	2	2	2	method=1	log2H=1.00	image=0	bad=0
Z	carat/tables/qcatalog/dim5/dir.2-2;2-2;1/ordnung.36/(1)^3(3)^4(9)^2/group.580	3	4	4	method=1	log2H=2.58	image=0	bad=0
Z	carat/tables/qcatalog/dim5/dir.2-2;2-2;1/ordnung.36/(1)^2(3)^6(9)^1/group.570	3	4	4	method=1	log2H=2.58	image=0	bad=0
Z	carat/tables/qcatalog/dim5/dir.2-2;2-2;1/ordnung.36/(1)^3(3)^4(9)^2/group.580	4	4	4	method=1	log2H=2.58	image=0	bad=0
Z	carat/tables/qcatalog/dim5/dir.2-2;2-2;1/ordnung.36/(1)^2(3)^6(9)^1/group.570	4	4	4	method=1	log2H=2.58	image=0	bad=0
Z	carat/tables/qcatalog/dim5/dir.2-2;2-2;1/ordnung.36/(1)^3(3)^4(9)^2/group.580	5	16	16	method=1	log2H=5.75	image=0	bad=0
Z	carat/tables/qcatalog/dim5/dir.2-2;2-2;1/ordnung.36/(1)^2(3)^6(9)^1/group.570	5	2	2	method=1	log2H=1.00	image=0	bad=0
father: level 1 number of orbits 1 lengths 2
Z	carat/tables/qcatalog/dim5/dir.2-2;2-2;1/ordnung.36/(1)^3(3)^4(9)^2/group.580	6	8	8	method=1	log2H=4.17	image=0	bad=0
father: level 1 number of orbits 1 lengths 2
father: level 1 number of orbits 1 lengths 2
Z	carat/tables/qcatalog/dim5/dir.2-2;2-2;1/ordnung.36/(1)^3(3)^4(9)^2/group.580	7	8	8	method=1	log2H=4.17	image=0	bad=0
father: level 1 number of orbits 1 lengths 2
Z	carat/tables/qcatalog/dim5/dir.2-2;2-2;1/ordnung.36/(1)^4(3)^4(9)^1/group.594	1	2	2	method=1	log2H=1.00	image=0	bad=0
Z	carat/tables/qcatalog/dim5/dir.2-2;2-2;1/ordnung.36/(1)^2(3)^6(9)^1/group.570	6	4	4	method=1	log2H=2.58	image=0	bad=0
Z	carat/tables/qcatalog/dim5/dir.2-2;2-2;1/ordnung.36/(1)^2(3)^6(9)^1/group.570	7	8	8	method=1	log2H=4.17	image=0	bad=0
Z	carat/tables/qcatalog/dim5/dir.2-2;2-2;1/ordnung.36/(1)^4(3)^4(9)^1/group.594	2	2	2	method=1	log2H=1.00	image=0	bad=0
Z	carat/tables/qcatalog/dim5/dir.2-2;2-2;1/ordnung.36/(1)^3(3)^4(9)^2/group.579	1	4	4	method=1	log2H=2.58	image=0	bad=0
father: level 1 number of orbits 1 lengths 2
Z	carat/tables/qcatalog/dim5/dir.2-2;2-2;1/ordnung.36/(1)^2(3)^6(9)^1/group.570	8	4	4	method=1	log2H=2.58	image=0	bad=0
Z	carat/tables/qcatalog/dim5/dir.2-2;2-2;1/ordnung.36/(1)^3(3)^4(9)^2/group.579	2	2	2	method=1	log2H=1.00	image=0	bad=0
Z	carat/tables/qcatalog/dim5/dir.2-2;2-2;1/ordnung.36/(1)^4(3)^4(9)^1/group.594	3	2	2	method=1	log2H=1.00	image=0	bad=0
father: level 1 number of orbits 1 lengths 2
Z	carat/tables/qcatalog/dim5/dir.2-2;2-2;1/ordnung.36/(1)^3(3)^4(9)^2/group.579	3	4	4	method=1	log2H=2.58	image=0	bad=0
Z	carat/tables/qcatalog/dim5/dir.2-2;2-2;1/ordnung.36/(1)^4(3)^4(9)^1/group.594	4	2	2	method=1	log2H=1.00	image=0	bad=0
Z	carat/tables/qcatalog/dim5/dir.2-2;2-2;1/ordnung.36/(1)^2(3)^6(9)^1/group.570	9	4	4	method=1	log2H=2.58	image=0	bad=0
father: level 1 number of orbits 1 lengths 2
Z	carat/tables/qcatalog/dim5/dir.2-2;2-2;1/ordnung.36/(1)^3(3)^4(9)^2/group.579	4	2	2	method=1	log2H=1.00	image=0	bad=0
Z	carat/tables/qcatalog/dim5/dir.2-2;2-2;1/ordnung.36/(1)^2(3)^6(9)^1/group.570	10	4	4	method=1	log2H=2.58	image=0	bad=0
Z	carat/tables/qcatalog/dim5/dir.2-2;2-2;1/ordnung.36/(1)^3(3)^4(9)^2/group.579	5	2	2	method=1	log2H=1.00	image=0	bad=0
Z	carat/tables/qcatalog/dim5/dir.2-2;2-2;1/ordnung.36/(1)^3(3)^4(9)^2/group.585	1	2	2	method=1	log2H=1.00	image=0	bad=0
Z	carat/tables/qcatalog/dim5/dir.2-2;2-2;1/ordnung.36/(1)^2(3)^6(9)^1/group.570	11	8	8	method=1	log2H=4.17	image=0	bad=0
father: level 1 number of orbits 1 lengths 2
Z	carat/tables/qcatalog/dim5/dir.2-2;2-2;1/ordnung.36/(1)^3(3)^4(9)^2/group.579	6	2	2	method=1	log2H=1.00	image=0	bad=0
Z	carat/tables/qcatalog/dim5/dir.2-2;2-2;1/ordnung.36/(1)^3(3)^4(9)^2/group.579	7	2	2	method=1	log2H=1.00	image=0	bad=0
Z	carat/tables/qcatalog/dim5/dir.2-2;2-2;1/ordnung.36/(1)^3(3)^4(9)^2/group.585	2	2	2	method=1	log2H=1.00	image=0	bad=0
father: level 1 number of orbits 1 lengths 2
Z	carat/tables/qcatalog/dim5/dir.2-2;2-2;1/ordnung.36/(1)^4(3)^4(9)^1/group.592	1	4	4	method=1	log2H=2.58	image=0	bad=0
Z	carat/tables/qcatalog/dim5/dir.2-2;2-2;1/ordnung.36/(1)^3(3)^4(9)^2/group.585	3	4	4	method=1	log2H=2.58	image=0	bad=0
father: level 1 number of orbits 1 lengths 2
Z	carat/tables/qcatalog/dim5/dir.2-2;2-2;1/ordnung.36/(1)^3(3)^4(9)^2/group.585	4	6	6	method=1	log2H=4.17	image=0	bad=0
Z	carat/tables/qcatalog/dim5/dir.2-2;2-2;1/ordnung.72/(1)^2(3)^5/group.597	1	4	4	method=1	log2H=2.00	image=0	bad=0
Z	carat/tables/qcatalog/dim5/dir.2-2;2-2;1/ordnung.72/(1)^3(3)^3(9)^1/group.600	1	4	4	method=1	log2H=2.00	image=0	bad=0
Z	carat/tables/qcatalog/dim5/dir.2-2;2-2;1/ordnung.36/(1)^4(3)^4(9)^1/group.592	2	4	4	method=1	log2H=2.58	image=0	bad=0
father: level 1 number of orbits 1 lengths 1
Z	carat/tables/qcatalog/dim5/dir.2-2;2-2;1/ordnung.36/(1)^3(3)^4(9)^2/group.583	1	4	4	method=1	log2H=2.00	image=0	bad=0
father: level 1 number of orbits 1 lengths 1
Z	carat/tables/qcatalog/dim5/dir.2-2;2-2;1/ordnung.36/(1)^4(3)^4(9)^1/group.592	3	4	4	method=1	log2H=2.58	image=0	bad=0
Z	carat/tables/qcatalog/dim5/dir.2-2;2-2;1/ordnung.36/(1)^3(3)^4(9)^2/group.585	5	4	4	method=1	log2H=2.58	image=0	bad=0
Z	carat/tables/qcatalog/dim5/dir.2-2;2-2;1/ordnung.36/(1)^4(3)^4(9)^1/group.592	4	8	8	method=1	log2H=4.17	image=0	bad=0
Z	carat/tables/qcatalog/dim5/dir.2-2;2-2;1/ordnung.72/(1)^2(3)^5/group.597	2	4	4	method=1	log2H=2.00	image=0	bad=0
Z	carat/tables/qcatalog/dim5/dir.2-2;2-2;1/ordnung.24/(1)^1(2)^4(6)^4/group.555	1	4	4	method=1	log2H=2.00	image=0	bad=0
Z	carat/tables/qcatalog/dim5/dir.2-2;2-2;1/ordnung.36/(1)^3(3)^4(9)^2/group.583	2	4	4	method=1	log2H=2.00	image=0	bad=0
Z	carat/tables/qcatalog/dim5/dir.2-2;2-2;1/ordnung.36/(1)^4(3)^4(9)^1/group.592	5	8	8	method=1	log2H=4.17	image=0	bad=0
father: level 1 number of orbits 1 lengths 1
father: level 1 number of orbits 1 lengths 1
father: level 1 number of orbits 2 lengths 2
Z	carat/tables/qcatalog/dim5/dir.2-2;2-2;1/ordnung.24/(1)^1(2)^4(6)^4/group.555	2	4	4	method=1	log2H=2.00	image=0	bad=0
Z	carat/tables/qcatalog/dim5/dir.2-2;2-2;1/ordnung.36/(1)^3(3)^4(9)^2/group.583	3	3	3	method=1	log2H=2.00	image=0	bad=0
father: level 2 number of orbits 1 lengths 2
Z	carat/tables/qcatalog/dim5/dir.2-2;2-2;1/ordnung.72/(1)^2(3)^5/group.597	3	4	4	method=1	log2H=2.00	image=0	bad=0
father: level 1 number of orbits 1 lengths 2
Z	carat/tables/qcatalog/dim5/dir.2-2;2-2;1/ordnung.72/(1)^3(3)^3(9)^1/group.600	2	4	4	method=1	log2H=2.00	image=0	bad=0
Z	carat/tables/qcatalog/dim5/dir.2-2;2-2;1/ordnung.24/(1)^1(2)^4(6)^4/group.555	3	4	4	method=1	log2H=2.00	image=0	bad=0
father: level 1 number of orbits 1 lengths 1
father: level 1 number of orbits 2 lengths 2
father: level 2 number of orbits 1 lengths 2
Z	carat/tables/qcatalog/dim5/dir.2-2;2-2;1/ordnung.24/(1)^1(2)^4(6)^4/group.555	4	4	4	method=1	log2H=2.00	image=0	bad=0
Z	carat/tables/qcatalog/dim5/dir.2-2;2-2;1/ordnung.48/(1)^1(2)^4(6)^4/group.595	1	6	6	method=1	log2H=3.00	image=0	bad=0
Z	carat/tables/qcatalog/dim5/dir.2-2;2-2;1/ordnung.72/(1)^3(3)^4(9)^2/group.602	1	4	4	method=1	log2H=2.00	image=0	bad=0
father: level 1 number of orbits 1 lengths 1
father: level 1 number of orbits 1 lengths 1
Z	carat/tables/qcatalog/dim5/dir.2-2;2-2;1/ordnung.72/(1)^3(3)^3(9)^1/group.600	3	4	4	method=1	log2H=2.00	image=0	bad=0
father: level 1 number of orbits 1 lengths 2
father: level 1 number of orbits 1 lengths 4
father: level 1 number of orbits 2 lengths 2
father: level 1 number of orbits 3 lengths 4
father: level 2 number of orbits 1 lengths 4
Z	carat/tables/qcatalog/dim5/dir.2-2;2-2;1/ordnung.48/(1)^1(2)^4(6)^4/group.595	2	6	6	method=1	log2H=3.00	image=0	bad=0
Z	carat/tables/qcatalog/dim5/dir.2-2;2-2;1/ordnung.12/(1)^1(2)^3(6)^4(18)^1/group.526	1	2	2	method=1	log2H=1.00	image=0	bad=0
Z	carat/tables/qcatalog/dim5/dir.2-2;2-2;1/ordnung.12/(1)^1(2)^3(6)^4(18)^1/group.526	2	2	2	method=1	log2H=1.00	image=0	bad=0
Z	carat/tables/qcatalog/dim5/dir.2-2;2-2;1/ordnung.72/(1)^3(3)^4(9)^2/group.602	2	4	4	method=1	log2H=2.00	image=0	bad=0
Z	carat/tables/qcatalog/dim5/dir.2-2;2-2;1/ordnung.72/(1)^2(3)^6(9)^1/group.598	1	4	4	method=1	log2H=2.00	image=0	bad=0
Z	carat/tables/qcatalog/dim5/dir.2-2;2-2;1/ordnung.12/(1)^1(2)^3(6)^4(18)^1/group.526	3	2	2	method=1	log2H=1.00	image=0	bad=0
Z	carat/tables/qcatalog/dim5/dir.2-2;2-2;1/ordnung.12/(1)^1(2)^3(6)^4(18)^1/group.526	4	2	2	method=1	log2H=1.00	image=0	bad=0
Z	carat/tables/qcatalog/dim5/dir.2-2;2-2;1/ordnung.72/(1)^3(3)^4(9)^2/group.602	3	3	3	method=1	log2H=2.00	image=0	bad=0
Z	carat/tables/qcatalog/dim5/dir.2-2;2-2;1/ordnung.12/(1)^1(2)^3(6)^4(18)^1/group.526	5	2	2	method=1	log2H=1.00	image=0	bad=0
Z	carat/tables/qcatalog/dim5/dir.2-2;2-2;1/ordnung.72/(1)^2(3)^6(9)^1/group.598	2	4	4	method=1	log2H=2.00	image=0	bad=0
Z	carat/tables/qcatalog/dim5/dir.2-2;2-2;1/ordnung.72/(1)^4(3)^3/group.606	1	16	16	method=1	log2H=4.58	image=0	bad=0
Z	carat/tables/qcatalog/dim5/dir.2-2;2-2;1/ordnung.12/(1)^1(2)^3(6)^4(18)^1/group.526	6	2	2	method=1	log2H=1.00	image=0	bad=0
Z	carat/tables/qcatalog/dim5/dir.2-2;2-2;1/ordnung.12/(1)^1(2)^3(6)^4(18)^1/group.526	7	2	2	method=1	log2H=1.00	image=0	bad=0
Z	carat/tables/qcatalog/dim5/dir.2-2;2-2;1/ordnung.12/(1)^1(2)^3(6)^4(18)^1/group.526	8	2	2	method=1	log2H=1.00	image=0	bad=0
Z	carat/tables/qcatalog/dim5/dir.2-2;2-2;1/ordnung.72/(1)^2(3)^6(9)^1/group.598	3	3	3	method=1	log2H=2.00	image=0	bad=0
Z	carat/tables/qcatalog/dim5/dir.2-2;2-2;1/ordnung.12/(1)^1(2)^3(6)^4(18)^1/group.526	9	2	2	method=1	log2H=1.00	image=0	bad=0
Z	carat/tables/qcatalog/dim5/dir.2-2;2-2;1/ordnung.72/(1)^4(3)^3/group.604	1	8	8	method=1	log2H=3.58	image=0	bad=0
Z	carat/tables/qcatalog/dim5/dir.2-2;2-2;1/ordnung.12/(1)^1(2)^3(6)^4(18)^1/group.526	10	2	2	method=1	log2H=1.00	image=0	bad=0
father: level 1 number of orbits 1 lengths 2
Z	carat/tables/qcatalog/dim5/dir.2-2;2-2;1/ordnung.12/(1)^1(2)^3(6)^4(18)^1/group.526	11	2	2	method=1	log2H=1.00	image=0	bad=0
father: level 1 number of orbits 1 lengths 2
Z	carat/tables/qcatalog/dim5/dir.2-2;2-2;1/ordnung.72/(1)^2(3)^6(9)^1/group.598	4	4	4	method=1	log2H=2.00	image=0	bad=0
Z	carat/tables/qcatalog/dim5/dir.2-2;2-2;1/ordnung.12/(1)^1(2)^3(6)^4(18)^1/group.526	12	2	2	method=1	log2H=1.00	image=0	bad=0
Z	carat/tables/qcatalog/dim5/dir.2-2;2-2;1/ordnung.36/(1)^4(3)^4(9)^1/group.591	1	2	2	method=1	log2H=1.00	image=0	bad=0
Z	carat/tables/qcatalog/dim5/dir.2-2;2-2;1/ordnung.72/(1)^2(3)^6(9)^1/group.598	5	3	3	method=1	log2H=2.00	image=0	bad=0
Z	carat/tables/qcatalog/dim5/dir.2-2;2-2;1/ordnung.36/(1)^4(3)^4(9)^1/group.591	2	2	2	method=1	log2H=1.00	image=0	bad=0
father: level 1 number of orbits 1 lengths 2
father: level 1 number of orbits 1 lengths 2
Z	carat/tables/qcatalog/dim5/dir.2-2;2-2;1/ordnung.36/(1)^4(3)^4(9)^1/group.591	3	4	4	method=1	log2H=2.58	image=0	bad=0
father: level 1 number of orbits 1 lengths 2
Z	carat/tables/qcatalog/dim5/dir.2-2;2-2;1/ordnung.72/(1)^4(3)^3/group.603	1	4	4	method=1	log2H=2.00	image=0	bad=0
Z	carat/tables/qcatalog/dim5/dir.2-2;2-2;1/ordnung.72/(1)^4(3)^3/group.607	1	8	8	method=1	log2H=3.58	image=0	bad=0
Z	carat/tables/qcatalog/dim5/dir.2-2;2-2;1/ordnung.72/(1)^2(3)^6(9)^1/group.598	6	3	3	method=1	log2H=2.00	image=0	bad=0
father: level 1 number of orbits 1 lengths 2
Z	carat/tables/qcatalog/dim5/dir.2-2;2-2;1/ordnung.72/(1)^4(3)^3/group.608	1	4	4	method=1	log2H=2.00	image=0	bad=0
Z	carat/tables/qcatalog/dim5/dir.2-2;2-2;1/ordnung.36/(1)^4(3)^4(9)^1/group.591	4	4	4	method=1	log2H=2.58	image=0	bad=0
father: level 1 number of orbits 1 lengths 4
father: level 1 number of orbits 2 lengths 2
father: level 1 number of orbits 3 lengths 4
father: level 2 number of orbits 1 lengths 4
father: level 1 number of orbits 1 lengths 3
father: level 1 number of orbits 1 lengths 2
father: level 1 number of orbits 2 lengths 2
father: level 1 number of orbits 1 lengths 2
Z	carat/tables/qcatalog/dim5/dir.2-2;2-2;1/ordnung.36/(1)^4(3)^4(9)^1/group.591	5	2	2	method=1	log2H=1.00	image=0	bad=0
Z	carat/tables/qcatalog/dim5/dir.2-2;2-2;1/ordnung.72/(1)^4(3)^4(9)^1/group.610	1	4	4	method=1	log2H=2.00	image=0	bad=0
father: level 2 number of orbits 1 lengths 6
Z	carat/tables/qcatalog/dim5/dir.2-2;2-2;1/ordnung.36/(1)^4(3)^4(9)^1/group.591	6	4	4	method=1	log2H=2.58	image=0	bad=0
Z	carat/tables/qcatalog/dim5/dir.2-2;2-2;1/ordnung.12/(1)^1(6)^4/group.527	1	2	2	method=1	log2H=1.00	image=0	bad=0
Z	carat/tables/qcatalog/dim5/dir.2-2;2-2;1/ordnung.36/(1)^2(3)^6(9)^1/group.571	1	3	3	method=1	log2H=2.00	image=0	bad=0
Z	carat/tables/qcatalog/dim5/dir.2-2;2-2;1/ordnung.72/(1)^2(3)^6(9)^1/group.598	7	3	3	method=1	log2H=2.00	image=0	bad=0
Z	carat/tables/qcatalog/dim5/dir.2-2;2-2;1/ordnung.72/(1)^4(3)^4(9)^1/group.610	2	4	4	method=1	log2H=2.00	image=0	bad=0
Z	carat/tables/qcatalog/dim5/dir.2-2;2-2;1/ordnung.36/(1)^3(3)^4(9)^2/group.581	1	4	4	method=1	log2H=2.00	image=0	bad=0
Z	carat/tables/qcatalog/dim5/dir.2-2;2-2;1/ordnung.12/(1)^1(6)^4/group.527	2	2	2	method=1	log2H=1.00	image=0	bad=0
Z	carat/tables/qcatalog/dim5/dir.2-2;2-2;1/ordnung.36/(1)^2(3)^6(9)^1/group.571	2	4	4	method=1	log2H=2.00	image=0	bad=0
Z	carat/tables/qcatalog/dim5/dir.2-2;2-2;1/ordnung.12/(1)^1(6)^4/group.527	3	2	2	method=1	log2H=1.00	image=0	bad=0
Z	carat/tables/qcatalog/dim5/dir.2-2;2-2;1/ordnung.36/(1)^3(3)^4(9)^2/group.581	2	4	4	method=1	log2H=2.00	image=0	bad=0
Z	carat/tables/qcatalog/dim5/dir.2-2;2-2;1/ordnung.12/(1)^1(6)^4/group.527	4	2	2	method=1	log2H=1.00	image=0	bad=0
Z	carat/tables/qcatalog/dim5/dir.2-2;2-2;1/ordnung.36/(1)^2(3)^6(9)^1/group.571	3	3	3	method=1	log2H=2.00	image=0	bad=0
Z	carat/tables/qcatalog/dim5/dir.2-2;2-2;1/ordnung.72/(1)^2(3)^6(9)^1/group.598	8	3	3	method=1	log2H=2.00	image=0	bad=0
Z	carat/tables/qcatalog/dim5/dir.2-2;2-2;1/ordnung.36/(1)^4(3)^4(9)^1/group.593	1	10	10	method=1	log2H=5.17	image=0	bad=0
Z	carat/tables/qcatalog/dim5/dir.2-2;2-2;1/ordnung.36/(1)^3(3)^4(9)^2/group.581	3	8	8	method=1	log2H=3.58	image=0	bad=0
Z	carat/tables/qcatalog/dim5/dir.2-2;2-2;1/ordnung.36/(1)^2(3)^6(9)^1/group.571	4	3	3	method=1	log2H=2.00	image=0	bad=0
Z	carat/tables/qcatalog/dim5/dir.2-2;2-2;1/ordnung.36/(1)^3(3)^4(9)^2/group.581	4	8	8	method=1	log2H=3.58	image=0	bad=0
Z	carat/tables/qcatalog/dim5/dir.2-2;2-2;1/ordnung.72/(1)^4(3)^4(9)^1/group.610	3	4	4	method=1	log2H=2.00	image=0	bad=0
Z	carat/tables/qcatalog/dim5/dir.2-2;2-2;1/ordnung.36/(1)^2(3)^6(9)^1/group.571	5	3	3	method=1	log2H=2.00	image=0	bad=0
Z	carat/tables/qcatalog/dim5/dir.2-2;2-2;1/ordnung.36/(1)^3(3)^4(9)^2/group.581	5	4	4	method=1	log2H=2.00	image=0	bad=0
Z	carat/tables/qcatalog/dim5/dir.2-2;2-2;1/ordnung.36/(1)^4(3)^4(9)^1/group.593	2	6	6	method=1	log2H=3.58	image=0	bad=0
Z	carat/tables/qcatalog/dim5/dir.2-2;2-2;1/ordnung.36/(1)^4(3)^4(9)^1/group.593	3	8	8	method=1	log2H=3.58	image=0	bad=0
Z	carat/tables/qcatalog/dim5/dir.2-2;2-2;1/ordnung.36/(1)^2(3)^6(9)^1/group.571	6	4	4	method=1	log2H=2.00	image=0	bad=0
Z	carat/tables/qcatalog/dim5/dir.2-2;2-2;1/ordnung.36/(1)^4(3)^4(9)^1/group.593	4	3	3	method=1	log2H=2.00	image=0	bad=0
Z	carat/tables/qcatalog/dim5/dir.2-2;2-2;1/ordnung.36/(1)^3(3)^4(9)^2/group.581	6	4	4	method=1	log2H=2.00	image=0	bad=0
Z	carat/tables/qcatalog/dim5/dir.2-2;2-2;1/ordnung.36/(1)^2(3)^6(9)^1/group.571	7	4	4	method=1	log2H=2.00	image=0	bad=0
Z	carat/tables/qcatalog/dim5/dir.2-2;2-2;1/ordnung.36/(1)^3(3)^4(9)^2/group.581	7	8	8	method=1	log2H=3.58	image=0	bad=0
Z	carat/tables/qcatalog/dim5/dir.2-2;2-2;1/ordnung.36/(1)^2(3)^6(9)^1/group.571	8	3	3	method=1	log2H=2.00	image=0	bad=0
father: level 1 number of orbits 1 lengths 2
Z	carat/tables/qcatalog/dim5/dir.2-2;2-2;1/ordnung.72/(1)^4(3)^3/group.605	1	8	8	method=1	log2H=3.58	image=0	bad=0
Z	carat/tables/qcatalog/dim5/dir.2-2;2-2;1/ordnung.72/(1)^3(3)^2/group.599	1	3	3	method=1	log2H=2.00	image=0	bad=0
Z	carat/tables/qcatalog/dim5/dir.2-2;2-2;1/ordnung.72/(1)^4(3)^3/group.605	2	4	4	method=1	log2H=2.00	image=0	bad=0
Z	carat/tables/qcatalog/dim5/dir.2-2;2-2;1/ordnung.72/(1)^4(3)^4(9)^1/group.614	1	8	8	method=1	log2H=3.58	image=0	bad=0
Z	carat/tables/qcatalog/dim5/dir.2-2;2-2;1/ordnung.72/(1)^4(3)^4(9)^1/group.614	2	4	4	method=1	log2H=2.00	image=0	bad=0
Z	carat/tables/qcatalog/dim5/dir.2-2;2-2;1/ordnung.72/(1)^4(3)^4(9)^1/group.614	3	4	4	method=1	log2H=2.00	image=0	bad=0
father: level 1 number of orbits 1 lengths 2
Z	carat/tables/qcatalog/dim5/dir.2-2;2-2;1/ordnung.72/(1)^5(3)^4/group.626	1	10	10	method=1	log2H=5.17	image=0	bad=0
Z	carat/tables/qcatalog/dim5/dir.2-2;2-2;1/ordnung.72/(1)^4(3)^4(9)^1/group.611	1	8	8	method=1	log2H=3.58	image=0	bad=0
Z	carat/tables/qcatalog/dim5/dir.2-2;2-2;1/ordnung.72/(1)^4(3)^3/group.609	1	4	4	method=1	log2H=2.00	image=0	bad=0
father: level 1 number of orbits 1 lengths 2
father: level 1 number of orbits 1 lengths 2
Z	carat/tables/qcatalog/dim5/dir.2-2;2-2;1/ordnung.72/(1)^4(3)^4(9)^1/group.611	2	4	4	method=1	log2H=2.00	image=0	bad=0
father: level 1 number of orbits 1 lengths 2
Z	carat/tables/qcatalog/dim5/dir.2-2;2-2;1/ordnung.72/(1)^4(3)^3/group.609	2	4	4	method=1	log2H=2.00	image=0	bad=0
Z	carat/tables/qcatalog/dim5/dir.2-2;2-2;1/ordnung.72/(1)^4(3)^4(9)^1/group.611	3	8	8	method=1	log2H=3.58	image=0	bad=0
father: level 1 number of orbits 1 lengths 2
Z	carat/tables/qcatalog/dim5/dir.2-2;2-2;1/ordnung.72/(1)^4(3)^4(9)^1/group.616	1	8	8	method=1	log2H=3.00	image=0	bad=0
Z	carat/tables/qcatalog/dim5/dir.2-2;2-2;1/ordnung.72/(1)^3(3)^4(9)^2/group.601	1	4	4	method=1	log2H=2.00	image=0	bad=0
Z	carat/tables/qcatalog/dim5/dir.2-2;2-2;1/ordnung.72/(1)^5(3)^4/group.630	1	8	8	method=1	log2H=3.58	image=0	bad=0
Z	carat/tables/qcatalog/dim5/dir.2-2;2-2;1/ordnung.72/(1)^4(3)^4(9)^1/group.616	2	8	8	method=1	log2H=3.00	image=0	bad=0
father: level 1 number of orbits 1 lengths 2
Z	carat/tables/qcatalog/dim5/dir.2-2;2-2;1/ordnung.72/(1)^5(3)^4/group.624	1	4	4	method=1	log2H=2.00	image=0	bad=0
Z	carat/tables/qcatalog/dim5/dir.2-2;2-2;1/ordnung.72/(1)^5(3)^4/group.630	2	8	8	method=1	log2H=3.58	image=0	bad=0
Z	carat/tables/qcatalog/dim5/dir.2-2;2-2;1/ordnung.72/(1)^4(3)^4(9)^1/group.622	1	10	10	method=1	log2H=5.17	image=0	bad=0
Z	carat/tables/qcatalog/dim5/dir.2-2;2-2;1/ordnung.72/(1)^3(3)^4(9)^2/group.601	2	4	4	method=1	log2H=2.00	image=0	bad=0
father: level 1 number of orbits 1 lengths 2
Z	carat/tables/qcatalog/dim5/dir.2-2;2-2;1/ordnung.72/(1)^4(3)^4(9)^1/group.616	3	8	8	method=1	log2H=3.00	image=0	bad=0
father: level 1 number of orbits 1 lengths 2
Z	carat/tables/qcatalog/dim5/dir.2-2;2-2;1/ordnung.72/(1)^5(3)^4/group.624	2	3	3	method=1	log2H=2.00	image=0	bad=0
Z	carat/tables/qcatalog/dim5/dir.2-2;2-2;1/ordnung.72/(1)^4(3)^4(9)^1/group.622	2	6	6	method=1	log2H=3.58	image=0	bad=0
Z	carat/tables/qcatalog/dim5/dir.2-2;2-2;1/ordnung.72/(1)^4(3)^4(9)^1/group.620	1	4	4	method=1	log2H=2.00	image=0	bad=0
Z	carat/tables/qcatalog/dim5/dir.2-2;2-2;1/ordnung.72/(1)^3(3)^4(9)^2/group.601	3	4	4	method=1	log2H=2.00	image=0	bad=0
Z	carat/tables/qcatalog/dim5/dir.2-2;2-2;1/ordnung.72/(1)^4(3)^4(9)^1/group.622	3	8	8	method=1	log2H=3.58	image=0	bad=0
Z	carat/tables/qcatalog/dim5/dir.2-2;2-2;1/ordnung.72/(1)^5(3)^4/group.627	1	4	4	method=1	log2H=2.00	image=0	bad=0
Z	carat/tables/qcatalog/dim5/dir.2-2;2-2;1/ordnung.72/(1)^4(3)^4(9)^1/group.615	1	8	8	method=1	log2H=3.58	image=0	bad=0
Z	carat/tables/qcatalog/dim5/dir.2-2;2-2;1/ordnung.72/(1)^4(3)^4(9)^1/group.622	4	3	3	method=1	log2H=2.00	image=0	bad=0
Z	carat/tables/qcatalog/dim5/dir.2-2;2-2;1/ordnung.72/(1)^3(3)^4(9)^2/group.601	4	4	4	method=1	log2H=2.00	image=0	bad=0
Z	carat/tables/qcatalog/dim5/dir.2-2;2-2;1/ordnung.72/(1)^5(3)^4/group.627	2	4	4	method=1	log2H=2.00	image=0	bad=0
Z	carat/tables/qcatalog/dim5/dir.2-2;2-2;1/ordnung.72/(1)^5(3)^4/group.628	1	8	8	method=1	log2H=3.00	image=0	bad=0
Z	carat/tables/qcatalog/dim5/dir.2-2;2-2;1/ordnung.72/(1)^3(3)^4(9)^2/group.601	5	4	4	method=1	log2H=2.00	image=0	bad=0
Z	carat/tables/qcatalog/dim5/dir.2-2;2-2;1/ordnung.72/(1)^4(3)^4(9)^1/group.615	2	8	8	method=1	log2H=3.58	image=0	bad=0
Z	carat/tables/qcatalog/dim5/dir.2-2;2-2;1/ordnung.72/(1)^5(3)^4/group.628	2	16	16	method=1	log2H=4.58	image=0	bad=0
Z	carat/tables/qcatalog/dim5/dir.2-2;2-2;1/ordnung.72/(1)^4(3)^4(9)^1/group.620	2	4	4	method=1	log2H=2.00	image=0	bad=0
father: level 1 number of orbits 1 lengths 4
father: level 1 number of orbits 2 lengths 2
father: level 1 number of orbits 3 lengths 4
father: level 2 number of orbits 1 lengths 4
Z	carat/tables/qcatalog/dim5/dir.2-2;2-2;1/ordnung.72/(1)^3(3)^4(9)^2/group.601	6	4	4	method=1	log2H=2.00	image=0	bad=0
Z	carat/tables/qcatalog/dim5/dir.2-2;2-2;1/ordnung.72/(1)^4(3)^4(9)^1/group.615	3	16	16	method=1	log2H=5.17	image=0	bad=0
Z	carat/tables/qcatalog/dim5/dir.2-2;2-2;1/ordnung.72/(1)^4(3)^4(9)^1/group.620	3	4	4	method=1	log2H=2.00	image=0	bad=0
Z	carat/tables/qcatalog/dim5/dir.2-2;2-2;1/ordnung.9/(1)^1(3)^2(9)^2/min.130	1	10	10	method=1	log2H=6.34	image=0	bad=0
father: level 1 number of orbits 1 lengths 2
father: level 1 number of orbits 1 lengths 2
Z	carat/tables/qcatalog/dim5/dir.2-2;2-2;1/ordnung.9/(1)^1(3)^2(9)^2/min.130	2	4	4	method=1	log2H=3.17	image=0	bad=0
Z	carat/tables/qcatalog/dim5/dir.2-2;2-2;1/ordnung.72/(1)^4(3)^4(9)^1/group.620	4	4	4	method=1	log2H=2.00	image=0	bad=0
Z	carat/tables/qcatalog/dim5/dir.2-2;2-2;1/ordnung.72/(1)^3(3)^4(9)^2/group.601	7	4	4	method=1	log2H=2.00	image=0	bad=0
Z	carat/tables/qcatalog/dim5/dir.2-2;2-2;1/ordnung.9/(1)^1(3)^2(9)^2/min.130	3	6	6	method=1	log2H=4.75	image=0	bad=0
Z	carat/tables/qcatalog/dim5/dir.2-2;2-2;1/ordnung.72/(1)^4(3)^4(9)^1/group.612	1	4	4	method=1	log2H=2.00	image=0	bad=0
Z	carat/tables/qcatalog/dim5/dir.2-2;2-2;1/ordnung.9/(1)^1(3)^2(9)^2/min.130	4	2	3	method=1	log2H=1.58	image=0	bad=0
father: level 1 number of orbits 1 lengths 2
Z	carat/tables/qcatalog/dim5/dir.2-2;2-2;1/ordnung.72/(1)^5(3)^4/group.625	1	6	6	method=1	log2H=3.00	image=0	bad=0
Z	carat/tables/qcatalog/dim5/dir.2-2;2-2;1/ordnung.72/(1)^4(3)^4(9)^1/group.612	2	4	4	method=1	log2H=2.00	image=0	bad=0
Z	carat/tables/qcatalog/dim5/dir.2-2;2-2;1/ordnung.9/(1)^1(3)^2(9)^2/min.130	5	3	3	method=1	log2H=3.17	image=0	bad=0
Z	carat/tables/qcatalog/dim5/dir.2-2;2-2;1/ordnung.72/(1)^4(3)^4(9)^1/group.618	1	3	3	method=1	log2H=2.00	image=0	bad=0
Z	carat/tables/qcatalog/dim5/dir.2-2;2-2;1/ordnung.72/(1)^4(3)^4(9)^1/group.612	3	4	4	method=1	log2H=2.00	image=0	bad=0
Z	carat/tables/qcatalog/dim5/dir.2-2;2-2;1/ordnung.72/(1)^4(3)^4(9)^1/group.618	2	3	3	method=1	log2H=2.00	image=0	bad=0
Z	carat/tables/qcatalog/dim5/dir.2-2;2-2;1/ordnung.72/(1)^4(3)^4(9)^1/group.612	4	4	4	method=1	log2H=2.00	image=0	bad=0
Z	carat/tables/qcatalog/dim5/dir.2-2;2-2;1/ordnung.72/(1)^4(3)^4(9)^1/group.618	3	4	4	method=1	log2H=2.00	image=0	bad=0
Z	carat/tables/qcatalog/dim5/dir.2-2;2-2;1/ordnung.72/(1)^4(3)^4(9)^1/group.612	5	4	4	method=1	log2H=2.00	image=0	bad=0
Z	carat/tables/qcatalog/dim5/dir.2-2;2-2;1/ordnung.72/(1)^4(3)^4(9)^1/group.618	4	3	3	method=1	log2H=2.00	image=0	bad=0
Z	carat/tables/qcatalog/dim5/dir.2-2;2-2;1/ordnung.72/(1)^4(3)^4(9)^1/group.612	6	4	4	method=1	log2H=2.00	image=0	bad=0
Z	carat/tables/qcatalog/dim5/dir.2-2;2-2;1/ordnung.72/(1)^5(3)^4/group.629	1	8	8	method=1	log2H=3.58	image=0	bad=0
Z	carat/tables/qcatalog/dim5/dir.2-2;2-2;1/ordnung.72/(1)^5(3)^4/group.629	2	16	16	method=1	log2H=5.17	image=0	bad=0
Z	carat/tables/qcatalog/dim5/dir.2-2;2-2;1/ordnung.72/(1)^5(3)^4/group.632	1	4	4	method=1	log2H=2.00	image=0	bad=0
father: level 1 number of orbits 1 lengths 2
Z	carat/tables/qcatalog/dim5/dir.2-2;2-2;1/ordnung.72/(1)^5(3)^4/group.632	2	4	4	method=1	log2H=2.00	image=0	bad=0
Z	carat/tables/qcatalog/dim5/dir.2-2;2-2;1/ordnung.72/(1)^4(3)^4(9)^1/group.623	1	6	6	method=1	log2H=3.00	image=0	bad=0
Z	carat/tables/qcatalog/dim5/dir.2-2;2-2;1/ordnung.72/(1)^5(3)^4/group.632	3	8	8	method=1	log2H=3.58	image=0	bad=0
Z	carat/tables/qcatalog/dim5/dir.2-2;2-2;1/ordnung.72/(1)^5(3)^4/group.632	4	8	8	method=1	log2H=3.58	image=0	bad=0
Z	carat/tables/qcatalog/dim5/dir.2-2;2-2;1/ordnung.72/(1)^4(3)^4(9)^1/group.623	2	6	6	method=1	log2H=3.00	image=0	bad=0
father: level 1 number of orbits 1 lengths 3
father: level 1 number of orbits 1 lengths 3
father: level 2 number of orbits 1 lengths 12
Z	carat/tables/qcatalog/dim5/dir.2-2;2-2;1/ordnung.72/(1)^4(3)^4(9)^1/group.623	3	8	8	method=1	log2H=3.00	image=0	bad=0
Z	carat/tables/qcatalog/dim5/dir.3;1,1/ordnung.24/(1)^3(4)^6(32)^1/group.634	1	2	2	method=1	log2H=1.00	image=0	bad=0
Z	carat/tables/qcatalog/dim5/dir.3;1,1/ordnung.24/(1)^3(4)^6(32)^1/group.634	2	3	3	method=1	log2H=2.00	image=0	bad=0
Z	carat/tables/qcatalog/dim5/dir.2-2;2-2;1/ordnung.72/(1)^5(3)^4/group.631	1	4	4	method=1	log2H=2.00	image=0	bad=0
Z	carat/tables/qcatalog/dim5/dir.2-2;2-2;1/ordnung.72/(1)^4(3)^4(9)^1/group.623	4	6	6	method=1	log2H=3.00	image=0	bad=0
Z	carat/tables/qcatalog/dim5/dir.3;1,1/ordnung.24/(1)^3(4)^6(32)^1/group.634	3	2	2	method=1	log2H=1.00	image=0	bad=0
Z	carat/tables/qcatalog/dim5/dir.3;1,1/ordnung.24/(1)^3(4)^6(32)^1/group.634	4	2	2	method=1	log2H=1.00	image=0	bad=0
father: level 1 number of orbits 1 lengths 2
Z	carat/tables/qcatalog/dim5/dir.2-2;2-2;1/ordnung.72/(1)^5(3)^4/group.631	2	4	4	method=1	log2H=2.00	image=0	bad=0
Z	carat/tables/qcatalog/dim5/dir.3;1,1/ordnung.24/(1)^3(4)^6(32)^1/group.634	5	2	2	method=1	log2H=1.00	image=0	bad=0
Z	carat/tables/qcatalog/dim5/dir.3;1,1/ordnung.24/(1)^3(4)^6(32)^1/group.634	6	1	1	method=0	log2H=0.00	image=0	bad=0
Z	carat/tables/qcatalog/dim5/dir.2-2;2-2;1/ordnung.72/(1)^5(3)^4/group.631	3	4	4	method=1	log2H=2.00	image=0	bad=0
Z	carat/tables/qcatalog/dim5/dir.2-2;2-2;1/ordnung.72/(1)^4(3)^4(9)^1/group.617	1	4	4	method=1	log2H=2.00	image=0	bad=0
Z	carat/tables/qcatalog/dim5/dir.2-2;2-2;1/ordnung.72/(1)^5(3)^4/group.631	4	4	4	method=1	log2H=2.00	image=0	bad=0
father: level 1 number of orbits 1 lengths 2
Z	carat/tables/qcatalog/dim5/dir.2-2;2-2;1/ordnung.72/(1)^4(3)^4(9)^1/group.617	2	4	4	method=1	log2H=2.00	image=0	bad=0
Z	carat/tables/qcatalog/dim5/dir.2-2;2-2;1/ordnung.72/(1)^4(3)^4(9)^1/group.617	3	8	8	method=1	log2H=3.58	image=0	bad=0
Z	carat/tables/qcatalog/dim5/dir.2-2;2-2;1/ordnung.72/(1)^4(3)^4(9)^1/group.619	1	3	3	method=1	log2H=2.00	image=0	bad=0
Z	carat/tables/qcatalog/dim5/dir.2-2;2-2;1/ordnung.72/(1)^5(3)^4/group.633	1	4	4	method=1	log2H=2.00	image=0	bad=0
Z	carat/tables/qcatalog/dim5/dir.2-2;2-2;1/ordnung.72/(1)^4(3)^4(9)^1/group.617	4	4	4	method=1	log2H=2.00	image=0	bad=0
father: level 1 number of orbits 1 lengths 3
Z	carat/tables/qcatalog/dim5/dir.2-2;2-2;1/ordnung.72/(1)^5(3)^4/group.633	2	8	8	method=1	log2H=3.58	image=0	bad=0
father: level 1 number of orbits 1 lengths 3
father: level 2 number of orbits 1 lengths 12
Z	carat/tables/qcatalog/dim5/dir.2-2;2-2;1/ordnung.72/(1)^4(3)^4(9)^1/group.617	5	8	8	method=1	log2H=3.58	image=0	bad=0
Z	carat/tables/qcatalog/dim5/dir.2-2;2-2;1/ordnung.72/(1)^4(3)^4(9)^1/group.619	2	3	3	method=1	log2H=2.00	image=0	bad=0
father: level 1 number of orbits 1 lengths 3
Z	carat/tables/qcatalog/dim5/dir.3;1,1/ordnung.24/(1)^5(4)^4(32)^1/group.638	1	4	4	method=1	log2H=4.17	image=0	bad=0
father: level 1 number of orbits 1 lengths 3
Z	carat/tables/qcatalog/dim5/dir.2-2;2-2;1/ordnung.72/(1)^4(3)^4(9)^1/group.619	3	4	4	method=1	log2H=2.00	image=0	bad=0
Z	carat/tables/qcatalog/dim5/dir.3;1,1/ordnung.24/(1)^5(4)^4(32)^1/group.638	2	6	6	method=1	log2H=5.17	image=0	bad=0
Z	carat/tables/qcatalog/dim5/dir.3;1,1/ordnung.24/(1)^3(4)^6(8)^1/group.636	1	2	2	method=1	log2H=1.00	image=0	bad=0
Z	carat/tables/qcatalog/dim5/dir.3;1,1/ordnung.24/(1)^5(4)^4(32)^1/group.638	3	4	4	method=1	log2H=4.17	image=0	bad=0
Z	carat/tables/qcatalog/dim5/dir.2-2;2-2;1/ordnung.72/(1)^4(3)^4(9)^1/group.619	4	3	3	method=1	log2H=2.00	image=0	bad=0
Z	carat/tables/qcatalog/dim5/dir.3;1,1/ordnung.24/(1)^3(4)^6(8)^1/group.636	2	4	4	method=1	log2H=2.00	image=0	bad=0
Z	carat/tables/qcatalog/dim5/dir.3;1,1/ordnung.24/(1)^5(4)^4(32)^1/group.638	4	4	4	method=1	log2H=4.17	image=0	bad=0
father: level 1 number of orbits 1 lengths 2
Z	carat/tables/qcatalog/dim5/dir.3;1,1/ordnung.24/(1)^3(4)^6(8)^1/group.636	3	1	1	method=0	log2H=0.00	image=0	bad=0
Z	carat/tables/qcatalog/dim5/dir.3;1,1/ordnung.24/(1)^3(4)^6(8)^1/group.636	4	2	2	method=1	log2H=1.00	image=0	bad=0
Z	carat/tables/qcatalog/dim5/dir.3;1,1/ordnung.24/(1)^5(4)^4(32)^1/group.638	5	4	4	method=1	log2H=4.17	image=0	bad=0
Z	carat/tables/qcatalog/dim5/dir.3;1,1/ordnung.24/(1)^3(4)^6(8)^1/group.636	5	2	2	method=1	log2H=1.00	image=0	bad=0
Z	carat/tables/qcatalog/dim5/dir.2-2;2-2;1/ordnung.72/(1)^4(3)^4(9)^1/group.621	1	8	8	method=1	log2H=3.58	image=0	bad=0
father: level 1 number of orbits 1 lengths 3
father: level 1 number of orbits 1 lengths 3
father: level 2 number of orbits 1 lengths 12
Z	carat/tables/qcatalog/dim5/dir.3;1,1/ordnung.24/(1)^5(4)^4(32)^1/group.638	6	2	2	method=1	log2H=3.17	image=0	bad=0
father: level 1 number of orbits 1 lengths 2
Z	carat/tables/qcatalog/dim5/dir.2-2;2-2;1/ordnung.72/(1)^4(3)^4(9)^1/group.621	2	8	8	method=1	log2H=3.58	image=0	bad=0
father: level 1 number of orbits 1 lengths 2
Z	carat/tables/qcatalog/dim5/dir.3;1,1/ordnung.48/(1)^5(4)^4(32)^1/group.642	1	8	8	method=1	log2H=4.00	image=0	bad=0
father: level 1 number of orbits 1 lengths 3
father: level 1 number of orbits 1 lengths 3
Z	carat/tables/qcatalog/dim5/dir.3;1,1/ordnung.48/(1)^5(4)^4(32)^1/group.642	2	8	8	method=1	log2H=4.00	image=0	bad=0
Z	carat/tables/qcatalog/dim5/dir.2-2;2-2;1/ordnung.72/(1)^4(3)^4(9)^1/group.621	3	8	8	method=1	log2H=3.58	image=0	bad=0
Z	carat/tables/qcatalog/dim5/dir.2-2;2-2;1/ordnung.72/(1)^4(3)^4(9)^1/group.613	1	8	8	method=1	log2H=3.58	image=0	bad=0
Z	carat/tables/qcatalog/dim5/dir.3;1,1/ordnung.24/(1)^5(4)^4(8)^1/group.640	1	4	4	method=1	log2H=4.17	image=0	bad=0
Z	carat/tables/qcatalog/dim5/dir.3;1,1/ordnung.48/(1)^5(4)^4(32)^1/group.642	3	8	8	method=1	log2H=4.00	image=0	bad=0
Z	carat/tables/qcatalog/dim5/dir.3;1,1/ordnung.24/(1)^5(4)^4(8)^1/group.640	2	4	4	method=1	log2H=4.17	image=0	bad=0
Z	carat/tables/qcatalog/dim5/dir.2-2;2-2;1/ordnung.72/(1)^4(3)^4(9)^1/group.621	4	8	8	method=1	log2H=3.58	image=0	bad=0
Z	carat/tables/qcatalog/dim5/dir.3;1,1/ordnung.48/(1)^5(4)^4(32)^1/group.642	4	4	4	method=1	log2H=3.00	image=0	bad=0
Z	carat/tables/qcatalog/dim5/dir.3;1,1/ordnung.24/(1)^5(4)^4(8)^1/group.640	3	2	2	method=1	log2H=3.17	image=0	bad=0
Z	carat/tables/qcatalog/dim5/dir.2-2;2-2;1/ordnung.72/(1)^4(3)^4(9)^1/group.613	2	8	8	method=1	log2H=3.58	image=0	bad=0
Z	carat/tables/qcatalog/dim5/dir.3;1,1/ordnung.24/(1)^5(4)^4(8)^1/group.640	4	4	4	method=1	log2H=4.17	image=0	bad=0
Z	carat/tables/qcatalog/dim5/dir.3;1,1/ordnung.48/(1)^5(4)^4(32)^1/group.642	5	4	4	method=1	log2H=3.00	image=0	bad=0
Z	carat/tables/qcatalog/dim5/dir.2-2;2-2;1/ordnung.72/(1)^4(3)^4(9)^1/group.621	5	8	8	method=1	log2H=3.58	image=0	bad=0
father: level 1 number of orbits 1 lengths 3
Z	carat/tables/qcatalog/dim5/dir.3;1,1/ordnung.24/(1)^5(4)^4(8)^1/group.640	5	2	2	method=1	log2H=3.17	image=0	bad=0
father: level 1 number of orbits 1 lengths 3
Z	carat/tables/qcatalog/dim5/dir.2-2;2-2;1/ordnung.72/(1)^4(3)^4(9)^1/group.613	3	4	4	method=1	log2H=2.00	image=0	bad=0
Z	carat/tables/qcatalog/dim5/dir.3;1,1/ordnung.48/(1)^5(4)^4(32)^1/group.642	6	3	3	method=1	log2H=2.00	image=0	bad=0
Z	carat/tables/qcatalog/dim5/dir.3;1,1/ordnung.48/(1)^5(4)^4(8)^1/group.644	1	8	8	method=1	log2H=4.00	image=0	bad=0
Z	carat/tables/qcatalog/dim5/dir.3;1,1/ordnung.48/(1)^5(4)^4(8)^1/group.644	2	8	8	method=1	log2H=4.00	image=0	bad=0
Z	carat/tables/qcatalog/dim5/dir.2-2;2-2;1/ordnung.72/(1)^4(3)^4(9)^1/group.613	4	4	4	method=1	log2H=2.00	image=0	bad=0
Z	carat/tables/qcatalog/dim5/dir.3;1,1/ordnung.48/(1)^5(4)^4(8)^1/group.644	3	3	3	method=1	log2H=2.00	image=0	bad=0
Z	carat/tables/qcatalog/dim5/dir.2-2;2-2;1/ordnung.72/(1)^4(3)^4(9)^1/group.613	5	8	8	method=1	log2H=3.58	image=0	bad=0
Z	carat/tables/qcatalog/dim5/dir.3;1,1/ordnung.48/(1)^5(4)^4(8)^1/group.644	4	4	4	method=1	log2H=3.00	image=0	bad=0
father: level 1 number of orbits 1 lengths 1
father: level 1 number of orbits 2 lengths 1
father: level 1 number of orbits 3 lengths 1
father: level 1 number of orbits 4 lengths 1
father: level 2 number of orbits 1 lengths 2
father: level 2 number of orbits 2 lengths 1
father: level 2 number of orbits 3 lengths 2
father: level 3 number of orbits 1 lengths 2
Z	carat/tables/qcatalog/dim5/dir.3;1,1/ordnung.48/(1)^5(4)^4(8)^1/group.644	5	3	3	method=1	log2H=2.00	image=0	bad=0
father: level 1 number of orbits 1 lengths 1
Z	carat/tables/qcatalog/dim5/dir.2-2;2-2;1/ordnung.72/(1)^4(3)^4(9)^1/group.613	6	4	4	method=1	log2H=2.00	image=0	bad=0
father: level 1 number of orbits 2 lengths 1
father: level 1 number of orbits 3 lengths 1
father: level 1 number of orbits 4 lengths 1
father: level 2 number of orbits 1 lengths 1
father: level 1 number of orbits 1 lengths 1
Z	carat/tables/qcatalog/dim5/dir.3;1;1/ordnung.24/(1)^5(4)^4(8)^2/min.134	1	8	8	method=1	log2H=3.58	image=0	bad=0
Z	carat/tables/qcatalog/dim5/dir.3;1;1/ordnung.24/(1)^5(4)^4(8)^2/min.134	2	6	7	method=1	log2H=3.58	image=0	bad=0
father: level 1 number of orbits 1 lengths 1
Z	carat/tables/qcatalog/dim5/dir.3;1;1/ordnung.24/(1)^5(4)^4(8)^2/min.134	3	4	4	method=1	log2H=2.58	image=0	bad=0
father: level 1 number of orbits 1 lengths 1
father: level 1 number of orbits 2 lengths 1
father: level 1 number of orbits 3 lengths 1
father: level 1 number of orbits 4 lengths 1
father: level 2 number of orbits 1 lengths 1
Z	carat/tables/qcatalog/dim5/dir.3;1;1/ordnung.24/(1)^5(4)^4(8)^2/min.134	4	4	4	method=1	log2H=2.58	image=0	bad=0
father: level 1 number of orbits 1 lengths 1
father: level 1 number of orbits 2 lengths 1
father: level 1 number of orbits 3 lengths 1
father: level 1 number of orbits 4 lengths 1
father: level 2 number of orbits 1 lengths 1
father: level 2 number of orbits 1 lengths 2
father: level 2 number of orbits 2 lengths 2
Z	carat/tables/qcatalog/dim5/dir.3;1;1/ordnung.24/(1)^5(4)^4(8)^2/min.134	5	4	4	method=1	log2H=2.58	image=0	bad=0
father: level 3 number of orbits 1 lengths 2
father: level 1 number of orbits 1 lengths 3
Z	carat/tables/qcatalog/dim5/dir.3;1;1/ordnung.24/(1)^5(4)^4(8)^2/min.134	6	4	6	method=1	log2H=2.58	image=0	bad=0
father: level 2 number of orbits 1 lengths 12
father: level 1 number of orbits 1 lengths 3
Z	carat/tables/qcatalog/dim5/dir.3;1;1/ordnung.24/(1)^5(4)^4(8)^2/min.134	7	4	4	method=1	log2H=2.58	image=0	bad=0
Z	carat/tables/qcatalog/dim5/dir.3;1;1/ordnung.24/(1)^5(4)^4(8)^2/min.134	8	2	3	method=1	log2H=1.58	image=0	bad=0
father: level 1 number of orbits 1 lengths 3
Z	carat/tables/qcatalog/dim5/dir.3;1;1/ordnung.48/(1)^3(4)^6(8)^2/group.650	1	16	16	method=1	log2H=4.00	image=0	bad=0
Z	carat/tables/qcatalog/dim5/dir.3;1;1/ordnung.24/(1)^5(4)^4(8)^2/min.134	9	4	6	method=1	log2H=2.58	image=0	bad=0
Z	carat/tables/qcatalog/dim5/dir.3;1,1/ordnung.12/(1)^3(4)^6(32)^1/min.131	1	4	4	method=1	log2H=4.17	image=0	bad=0
father: level 1 number of orbits 1 lengths 3
Z	carat/tables/qcatalog/dim5/dir.3;1;1/ordnung.48/(1)^3(4)^6(8)^2/group.650	2	4	4	method=1	log2H=2.00	image=0	bad=0
Z	carat/tables/qcatalog/dim5/dir.3;1;1/ordnung.24/(1)^5(4)^4(8)^2/min.134	10	8	8	method=1	log2H=3.58	image=0	bad=0
Z	carat/tables/qcatalog/dim5/dir.3;1,1/ordnung.12/(1)^3(4)^6(32)^1/min.131	2	4	4	method=1	log2H=4.17	image=0	bad=0
Z	carat/tables/qcatalog/dim5/dir.3;1;1/ordnung.24/(1)^5(4)^4(8)^2/min.134	11	6	7	method=1	log2H=3.58	image=0	bad=0
Z	carat/tables/qcatalog/dim5/dir.3;1;1/ordnung.48/(1)^3(4)^6(8)^2/group.650	3	24	24	method=1	log2H=5.00	image=0	bad=0
Z	carat/tables/qcatalog/dim5/dir.3;1,1/ordnung.12/(1)^3(4)^6(32)^1/min.131	3	2	2	method=1	log2H=3.17	image=0	bad=0
Z	carat/tables/qcatalog/dim5/dir.3;1;1/ordnung.24/(1)^5(4)^4(8)^2/min.134	12	4	4	method=1	log2H=2.58	image=0	bad=0
father: level 1 number of orbits 1 lengths 3
Z	carat/tables/qcatalog/dim5/dir.3;1,1/ordnung.12/(1)^3(4)^6(32)^1/min.131	4	4	4	method=1	log2H=4.17	image=0	bad=0
Z	carat/tables/qcatalog/dim5/dir.3;1,1/ordnung.24/(1)^3(4)^6(8)^1/group.635	1	8	8	method=1	log2H=6.17	image=0	bad=0
father: level 1 number of orbits 1 lengths 3
Z	carat/tables/qcatalog/dim5/dir.3;1;1/ordnung.24/(1)^5(4)^4(8)^2/min.134	13	4	4	method=1	log2H=2.58	image=0	bad=0
Z	carat/tables/qcatalog/dim5/dir.3;1;1/ordnung.48/(1)^3(4)^6(8)^2/group.650	4	4	4	method=1	log2H=2.00	image=0	bad=0
Z	carat/tables/qcatalog/dim5/dir.3;1,1/ordnung.12/(1)^3(4)^6(32)^1/min.131	5	2	2	method=1	log2H=3.17	image=0	bad=0
Z	carat/tables/qcatalog/dim5/dir.3;1,1/ordnung.24/(1)^3(4)^6(8)^1/group.635	2	12	12	method=1	log2H=7.17	image=0	bad=0
Z	carat/tables/qcatalog/dim5/dir.3;1,1/ordnung.12/(1)^3(4)^6(32)^1/min.131	6	2	2	method=1	log2H=3.17	image=0	bad=0
Z	carat/tables/qcatalog/dim5/dir.3;1,1/ordnung.48/(1)^5(4)^4(8)^1/group.646	1	8	8	method=1	log2H=4.00	image=0	bad=0
Z	carat/tables/qcatalog/dim5/dir.3;1;1/ordnung.48/(1)^3(4)^6(8)^2/group.650	5	12	12	method=1	log2H=4.00	image=0	bad=0
Z	carat/tables/qcatalog/dim5/dir.3;1,1/ordnung.24/(1)^3(4)^6(8)^1/group.635	3	8	8	method=1	log2H=5.17	image=0	bad=0
Z	carat/tables/qcatalog/dim5/dir.3;1;1/ordnung.24/(1)^5(4)^4(8)^2/min.134	14	4	4	method=1	log2H=2.58	image=0	bad=0
Z	carat/tables/qcatalog/dim5/dir.3;1;1/ordnung.48/(1)^3(4)^6(8)^2/group.650	6	6	6	method=1	log2H=3.00	image=0	bad=0
Z	carat/tables/qcatalog/dim5/dir.3;1,1/ordnung.24/(1)^3(4)^6(8)^1/group.635	4	8	8	method=1	log2H=6.17	image=0	bad=0
Z	carat/tables/qcatalog/dim5/dir.3;1,1/ordnung.48/(1)^5(4)^4(8)^1/group.646	2	8	8	method=1	log2H=4.00	image=0	bad=0
Z	carat/tables/qcatalog/dim5/dir.3;1,1/ordnung.48/(1)^5(4)^4(8)^1/group.646	3	4	4	method=1	log2H=2.00	image=0	bad=0
Z	carat/tables/qcatalog/dim5/dir.3;1,1/ordnung.24/(1)^3(4)^6(8)^1/group.635	5	10	10	method=1	log2H=6.17	image=0	bad=0
Z	carat/tables/qcatalog/dim5/dir.3;1;1/ordnung.48/(1)^3(4)^6(8)^2/group.650	7	4	4	method=1	log2H=2.00	image=0	bad=0
Z	carat/tables/qcatalog/dim5/dir.3;1;1/ordnung.24/(1)^5(4)^4(8)^2/min.134	15	4	4	method=1	log2H=2.58	image=0	bad=0
Z	carat/tables/qcatalog/dim5/dir.3;1,1/ordnung.48/(1)^5(4)^4(8)^1/group.646	4	4	4	method=1	log2H=3.00	image=0	bad=0
father: level 1 number of orbits 1 lengths 3
father: level 1 number of orbits 1 lengths 3
Z	carat/tables/qcatalog/dim5/dir.3;1;1/ordnung.48/(1)^3(4)^6(8)^2/group.650	8	4	4	method=1	log2H=2.00	image=0	bad=0
father: level 2 number of orbits 1 lengths 12
Z	carat/tables/qcatalog/dim5/dir.3;1;1/ordnung.24/(1)^5(4)^4(8)^2/min.134	16	8	8	method=1	log2H=3.58	image=0	bad=0
Z	carat/tables/qcatalog/dim5/dir.3;1,1/ordnung.48/(1)^5(4)^4(8)^1/group.646	5	3	3	method=1	log2H=2.00	image=0	bad=0
Z	carat/tables/qcatalog/dim5/dir.3;1;1/ordnung.24/(1)^5(4)^4(8)^2/min.134	17	4	4	method=1	log2H=2.58	image=0	bad=0
Z	carat/tables/qcatalog/dim5/dir.3;1,1/ordnung.24/(1)^5(4)^4(32)^1/group.637	1	4	4	method=1	log2H=3.00	image=0	bad=0
Z	carat/tables/qcatalog/dim5/dir.3;1;1/ordnung.48/(1)^3(4)^6(8)^2/group.650	9	8	8	method=1	log2H=3.00	image=0	bad=0
Z	carat/tables/qcatalog/dim5/dir.3;1,1/ordnung.24/(1)^5(4)^4(32)^1/group.637	2	4	4	method=1	log2H=3.00	image=0	bad=0
Z	carat/tables/qcatalog/dim5/dir.3;1;1/ordnung.48/(1)^3(4)^6(8)^2/group.650	10	6	6	method=1	log2H=3.00	image=0	bad=0
Z	carat/tables/qcatalog/dim5/dir.3;1,1/ordnung.24/(1)^5(4)^4(32)^1/group.637	3	4	4	method=1	log2H=3.00	image=0	bad=0
Z	carat/tables/qcatalog/dim5/dir.3;1;1/ordnung.48/(1)^3(4)^6(8)^2/group.650	11	8	8	method=1	log2H=3.00	image=0	bad=0
father: level 1 number of orbits 1 lengths 1
father: level 1 number of orbits 2 lengths 1
father: level 1 number of orbits 3 lengths 1
father: level 1 number of orbits 4 lengths 1
father: level 2 number of orbits 1 lengths 2
father: level 2 number of orbits 2 lengths 1
father: level 2 number of orbits 3 lengths 2
Z	carat/tables/qcatalog/dim5/dir.3;1,1/ordnung.24/(1)^5(4)^4(32)^1/group.637	4	4	4	method=1	log2H=3.00	image=0	bad=0
father: level 3 number of orbits 1 lengths 2
Z	carat/tables/qcatalog/dim5/dir.3;1;1/ordnung.48/(1)^3(4)^6(8)^2/group.650	12	2	2	method=1	log2H=1.00	image=0	bad=0
father: level 1 number of orbits 1 lengths 1
father: level 1 number of orbits 2 lengths 1
father: level 1 number of orbits 3 lengths 1
father: level 1 number of orbits 4 lengths 1
father: level 2 number of orbits 1 lengths 1
father: level 1 number of orbits 1 lengths 1
Z	carat/tables/qcatalog/dim5/dir.3;1;1/ordnung.48/(1)^3(4)^6(8)^2/group.650	13	2	2	method=1	log2H=1.00	image=0	bad=0
Z	carat/tables/qcatalog/dim5/dir.3;1,1/ordnung.24/(1)^5(4)^4(32)^1/group.637	5	4	4	method=1	log2H=3.00	image=0	bad=0
Z	carat/tables/qcatalog/dim5/dir.3;1;1/ordnung.48/(1)^3(4)^6(8)^2/group.650	14	6	6	method=1	log2H=3.00	image=0	bad=0
Z	carat/tables/qcatalog/dim5/dir.3;1;1/ordnung.48/(1)^3(4)^6(8)^2/group.650	15	4	4	method=1	log2H=2.00	image=0	bad=0
Z	carat/tables/qcatalog/dim5/dir.3;1;1/ordnung.24/(1)^3(4)^6(8)^2/min.132	1	8	8	method=1	log2H=3.58	image=0	bad=0
Z	carat/tables/qcatalog/dim5/dir.3;1;1/ordnung.48/(1)^3(4)^6(8)^2/group.650	16	1	1	method=0	log2H=0.00	image=0	bad=0
father: level 1 number of orbits 1 lengths 1
Z	carat/tables/qcatalog/dim5/dir.3;1,1/ordnung.24/(1)^5(4)^4(32)^1/group.637	6	3	3	method=1	log2H=2.00	image=0	bad=0
Z	carat/tables/qcatalog/dim5/dir.3;1;1/ordnung.24/(1)^3(4)^6(8)^2/min.132	2	8	8	method=1	log2H=3.58	image=0	bad=0
father: level 1 number of orbits 1 lengths 1
father: level 1 number of orbits 2 lengths 1
father: level 1 number of orbits 3 lengths 1
father: level 1 number of orbits 4 lengths 1
father: level 2 number of orbits 1 lengths 1
father: level 1 number of orbits 1 lengths 1
father: level 1 number of orbits 1 lengths 3
father: level 1 number of orbits 2 lengths 1
father: level 1 number of orbits 3 lengths 1
father: level 1 number of orbits 4 lengths 1
father: level 2 number of orbits 1 lengths 1
Z	carat/tables/qcatalog/dim5/dir.3;1;1/ordnung.24/(1)^3(4)^6(8)^2/min.132	3	6	6	method=1	log2H=3.58	image=0	bad=0
father: level 2 number of orbits 1 lengths 2
father: level 2 number of orbits 2 lengths 2
father: level 1 number of orbits 1 lengths 3
father: level 3 number of orbits 1 lengths 2
Z	carat/tables/qcatalog/dim5/dir.3;1;1/ordnung.24/(1)^3(4)^6(8)^2/min.132	4	4	4	method=1	log2H=2.58	image=0	bad=0
father: level 1 number of orbits 1 lengths 3
father: level 1 number of orbits 1 lengths 3
Z	carat/tables/qcatalog/dim5/dir.3;1;1/ordnung.48/(1)^3(4)^6(8)^2/group.650	17	4	4	method=1	log2H=2.00	image=0	bad=0
father: level 1 number of orbits 1 lengths 1
father: level 1 number of orbits 1 lengths 3
father: level 1 number of orbits 1 lengths 2
father: level 1 number of orbits 2 lengths 1
father: level 1 number of orbits 3 lengths 1
father: level 1 number of orbits 1 lengths 3
father: level 2 number of orbits 1 lengths 1
Z	carat/tables/qcatalog/dim5/dir.3;1;1/ordnung.24/(1)^3(4)^6(8)^2/min.132	5	4	4	method=1	log2H=2.58	image=0	bad=0
Z	carat/tables/qcatalog/dim5/dir.3;1,1/ordnung.48/(1)^5(4)^4(8)^1/group.643	1	20	20	method=1	log2H=6.00	image=0	bad=0
father: level 1 number of orbits 1 lengths 2
father: level 1 number of orbits 2 lengths 1
father: level 1 number of orbits 3 lengths 1
father: level 2 number of orbits 1 lengths 1
Z	carat/tables/qcatalog/dim5/dir.3;1;1/ordnung.24/(1)^3(4)^6(8)^2/min.132	6	4	6	method=1	log2H=2.58	image=0	bad=0
Z	carat/tables/qcatalog/dim5/dir.3;1,1/ordnung.24/(1)^5(4)^4(8)^1/group.639	1	4	4	method=1	log2H=3.00	image=0	bad=0
Z	carat/tables/qcatalog/dim5/dir.3;1;1/ordnung.48/(1)^5(4)^4(8)^2/group.654	1	16	16	method=1	log2H=4.00	image=0	bad=0
Z	carat/tables/qcatalog/dim5/dir.3;1,1/ordnung.48/(1)^5(4)^4(8)^1/group.643	2	20	20	method=1	log2H=6.00	image=0	bad=0
Z	carat/tables/qcatalog/dim5/dir.3;1,1/ordnung.24/(1)^5(4)^4(8)^1/group.639	2	6	6	method=1	log2H=4.00	image=0	bad=0
Z	carat/tables/qcatalog/dim5/dir.3;1;1/ordnung.24/(1)^3(4)^6(8)^2/min.132	7	6	6	method=1	log2H=3.58	image=0	bad=0
Z	carat/tables/qcatalog/dim5/dir.3;1;1/ordnung.48/(1)^5(4)^4(8)^2/group.654	2	4	4	method=1	log2H=2.00	image=0	bad=0
Z	carat/tables/qcatalog/dim5/dir.3;1,1/ordnung.24/(1)^5(4)^4(8)^1/group.639	3	4	4	method=1	log2H=2.00	image=0	bad=0
Z	carat/tables/qcatalog/dim5/dir.3;1;1/ordnung.24/(1)^3(4)^6(8)^2/min.132	8	2	3	method=1	log2H=1.58	image=0	bad=0
Z	carat/tables/qcatalog/dim5/dir.3;1,1/ordnung.48/(1)^5(4)^4(8)^1/group.643	3	12	12	method=1	log2H=4.00	image=0	bad=0
Z	carat/tables/qcatalog/dim5/dir.3;1,1/ordnung.24/(1)^5(4)^4(8)^1/group.639	4	4	4	method=1	log2H=3.00	image=0	bad=0
Z	carat/tables/qcatalog/dim5/dir.3;1,1/ordnung.48/(1)^3(4)^6(8)^1/group.641	1	8	8	method=1	log2H=4.00	image=0	bad=0
Z	carat/tables/qcatalog/dim5/dir.3;1;1/ordnung.24/(1)^3(4)^6(8)^2/min.132	9	4	6	method=1	log2H=2.58	image=0	bad=0
Z	carat/tables/qcatalog/dim5/dir.3;1;1/ordnung.48/(1)^5(4)^4(8)^2/group.654	3	16	16	method=1	log2H=4.00	image=0	bad=0
Z	carat/tables/qcatalog/dim5/dir.3;1;1/ordnung.48/(1)^3(4)^8/group.652	1	10	10	method=1	log2H=4.00	image=0	bad=0
father: level 1 number of orbits 1 lengths 3
Z	carat/tables/qcatalog/dim5/dir.3;1,1/ordnung.48/(1)^5(4)^4(8)^1/group.643	4	10	10	method=1	log2H=5.00	image=0	bad=0
Z	carat/tables/qcatalog/dim5/dir.3;1,1/ordnung.24/(1)^5(4)^4(8)^1/group.639	5	5	5	method=1	log2H=3.00	image=0	bad=0
Z	carat/tables/qcatalog/dim5/dir.3;1;1/ordnung.24/(1)^3(4)^6(8)^2/min.132	10	12	12	method=1	log2H=4.58	image=0	bad=0
father: level 1 number of orbits 1 lengths 3
Z	carat/tables/qcatalog/dim5/dir.3;1;1/ordnung.48/(1)^3(4)^8/group.652	2	3	3	method=1	log2H=2.00	image=0	bad=0
Z	carat/tables/qcatalog/dim5/dir.3;1;1/ordnung.48/(1)^5(4)^4(8)^2/group.654	4	4	4	method=1	log2H=2.00	image=0	bad=0
Z	carat/tables/qcatalog/dim5/dir.3;1;1/ordnung.24/(1)^3(4)^6(8)^2/min.132	11	8	8	method=1	log2H=3.58	image=0	bad=0
Z	carat/tables/qcatalog/dim5/dir.3;1,1/ordnung.48/(1)^5(4)^4(8)^1/group.643	5	10	10	method=1	log2H=4.00	image=0	bad=0
Z	carat/tables/qcatalog/dim5/dir.3;1;1/ordnung.24/(1)^3(4)^6(8)^2/min.132	12	4	4	method=1	log2H=2.58	image=0	bad=0
Z	carat/tables/qcatalog/dim5/dir.3;1;1/ordnung.48/(1)^5(4)^4(8)^2/group.654	5	12	12	method=1	log2H=4.00	image=0	bad=0
Z	carat/tables/qcatalog/dim5/dir.3;1,1/ordnung.48/(1)^3(4)^6(8)^1/group.641	2	12	12	method=1	log2H=5.00	image=0	bad=0
father: level 1 number of orbits 1 lengths 1
father: level 1 number of orbits 1 lengths 1
father: level 1 number of orbits 2 lengths 1
father: level 1 number of orbits 3 lengths 1
father: level 1 number of orbits 4 lengths 1
father: level 2 number of orbits 1 lengths 1
Z	carat/tables/qcatalog/dim5/dir.3;1;1/ordnung.48/(1)^5(4)^4(8)^2/group.654	6	4	4	method=1	log2H=2.00	image=0	bad=0
father: level 1 number of orbits 1 lengths 1
Z	carat/tables/qcatalog/dim5/dir.3;1,1/ordnung.48/(1)^3(4)^6(8)^1/group.641	3	4	4	method=1	log2H=2.00	image=0	bad=0
father: level 1 number of orbits 2 lengths 1
father: level 1 number of orbits 3 lengths 1
Z	carat/tables/qcatalog/dim5/dir.3;1;1/ordnung.48/(1)^3(4)^8/group.652	3	20	20	method=1	log2H=5.00	image=0	bad=0
father: level 1 number of orbits 4 lengths 1
father: level 2 number of orbits 1 lengths 2
father: level 2 number of orbits 2 lengths 1
father: level 2 number of orbits 3 lengths 2
Z	carat/tables/qcatalog/dim5/dir.3;1,1/ordnung.96/(1)^5(4)^4(8)^1/group.648	1	40	40	method=1	log2H=7.00	image=0	bad=0
Z	carat/tables/qcatalog/dim5/dir.3;1;1/ordnung.48/(1)^5(4)^4(8)^2/group.654	7	4	4	method=1	log2H=2.00	image=0	bad=0
Z	carat/tables/qcatalog/dim5/dir.3;1;1/ordnung.24/(1)^3(4)^6(8)^2/min.132	13	6	6	method=1	log2H=3.58	image=0	bad=0
father: level 1 number of orbits 1 lengths 3
father: level 3 number of orbits 1 lengths 2
father: level 1 number of orbits 1 lengths 3
Z	carat/tables/qcatalog/dim5/dir.3;1;1/ordnung.48/(1)^5(4)^4(8)^2/group.654	8	4	4	method=1	log2H=2.00	image=0	bad=0
Z	carat/tables/qcatalog/dim5/dir.3;1,1/ordnung.48/(1)^3(4)^6(8)^1/group.641	4	4	4	method=1	log2H=3.00	image=0	bad=0
Z	carat/tables/qcatalog/dim5/dir.3;1;1/ordnung.24/(1)^3(4)^6(8)^2/min.132	14	4	4	method=1	log2H=2.58	image=0	bad=0
Z	carat/tables/qcatalog/dim5/dir.3;1;1/ordnung.48/(1)^3(4)^8/group.652	4	4	4	method=1	log2H=2.00	image=0	bad=0
Z	carat/tables/qcatalog/dim5/dir.3;1;1/ordnung.48/(1)^5(4)^4(8)^2/group.654	9	8	8	method=1	log2H=3.00	image=0	bad=0
Z	carat/tables/qcatalog/dim5/dir.3;1,1/ordnung.96/(1)^5(4)^4(8)^1/group.648	2	40	40	method=1	log2H=7.00	image=0	bad=0
Z	carat/tables/qcatalog/dim5/dir.3;1,1/ordnung.48/(1)^5(4)^4(8)^1/group.645	1	8	8	method=1	log2H=4.00	image=0	bad=0
Z	carat/tables/qcatalog/dim5/dir.3;1;1/ordnung.24/(1)^3(4)^6(8)^2/min.132	15	4	4	method=1	log2H=2.58	image=0	bad=0
Z	carat/tables/qcatalog/dim5/dir.3;1;1/ordnung.48/(1)^5(4)^4(8)^2/group.654	10	4	4	method=1	log2H=2.00	image=0	bad=0
Z	carat/tables/qcatalog/dim5/dir.3;1,1/ordnung.48/(1)^3(4)^6(8)^1/group.641	5	5	5	method=1	log2H=3.00	image=0	bad=0
Z	carat/tables/qcatalog/dim5/dir.3;1,1/ordnung.48/(1)^5(4)^4(8)^1/group.645	2	12	12	method=1	log2H=5.00	image=0	bad=0
father: level 1 number of orbits 1 lengths 1
father: level 1 number of orbits 2 lengths 1
father: level 1 number of orbits 3 lengths 1
father: level 1 number of orbits 4 lengths 1
Z	carat/tables/qcatalog/dim5/dir.3;1;1/ordnung.48/(1)^3(4)^8/group.652	5	6	6	method=1	log2H=3.00	image=0	bad=0
father: level 2 number of orbits 1 lengths 2
father: level 2 number of orbits 2 lengths 1
father: level 2 number of orbits 3 lengths 2
father: level 3 number of orbits 1 lengths 2
Z	carat/tables/qcatalog/dim5/dir.3;1;1/ordnung.48/(1)^5(4)^4(8)^2/group.654	11	6	6	method=1	log2H=3.00	image=0	bad=0
Z	carat/tables/qcatalog/dim5/dir.3;1;1/ordnung.24/(1)^3(4)^6(8)^2/min.132	16	8	8	method=1	log2H=3.58	image=0	bad=0
father: level 1 number of orbits 1 lengths 1
father: level 1 number of orbits 2 lengths 1
father: level 1 number of orbits 3 lengths 1
Z	carat/tables/qcatalog/dim5/dir.3;1,1/ordnung.48/(1)^5(4)^4(8)^1/group.645	3	4	4	method=1	log2H=2.00	image=0	bad=0
father: level 1 number of orbits 4 lengths 1
father: level 2 number of orbits 1 lengths 1
father: level 1 number of orbits 1 lengths 1
Z	carat/tables/qcatalog/dim5/dir.3;1;1/ordnung.24/(1)^3(4)^6(8)^2/min.132	17	4	4	method=1	log2H=2.58	image=0	bad=0
Z	carat/tables/qcatalog/dim5/dir.3;1;1/ordnung.48/(1)^5(4)^4(8)^2/group.654	12	2	2	method=1	log2H=1.00	image=0	bad=0
father: level 1 number of orbits 1 lengths 1
father: level 1 number of orbits 1 lengths 1
father: level 1 number of orbits 2 lengths 1
father: level 1 number of orbits 3 lengths 1
father: level 1 number of orbits 4 lengths 1
father: level 2 number of orbits 1 lengths 1
Z	carat/tables/qcatalog/dim5/dir.3;1,1/ordnung.48/(1)^5(4)^4(8)^1/group.645	4	4	4	method=1	log2H=3.00	image=0	bad=0
Z	carat/tables/qcatalog/dim5/dir.3;1,1/ordnung.96/(1)^5(4)^4(8)^1/group.648	3	12	12	method=1	log2H=4.00	image=0	bad=0
Z	carat/tables/qcatalog/dim5/dir.3;1;1/ordnung.48/(1)^3(4)^8/group.652	6	2	2	method=1	log2H=1.00	image=0	bad=0
father: level 1 number of orbits 1 lengths 1
father: level 1 number of orbits 2 lengths 1
father: level 1 number of orbits 3 lengths 1
father: level 1 number of orbits 4 lengths 1
father: level 2 number of orbits 1 lengths 2
father: level 2 number of orbits 2 lengths 1
father: level 2 number of orbits 3 lengths 2
Z	carat/tables/qcatalog/dim5/dir.3;1;1/ordnung.48/(1)^5(4)^4(8)^2/group.654	13	2	2	method=1	log2H=1.00	image=0	bad=0
father: level 3 number of orbits 1 lengths 2
Z	carat/tables/qcatalog/dim5/dir.3;1;1/ordnung.48/(1)^5(4)^4(8)^2/group.656	1	32	32	method=1	log2H=5.00	image=0	bad=0
Z	carat/tables/qcatalog/dim5/dir.3;1,1/ordnung.48/(1)^5(4)^4(8)^1/group.645	5	5	5	method=1	log2H=3.00	image=0	bad=0
Z	carat/tables/qcatalog/dim5/dir.3;1;1/ordnung.24/(1)^5(4)^4(8)^2/min.135	1	8	8	method=1	log2H=3.58	image=0	bad=0
Z	carat/tables/qcatalog/dim5/dir.3;1;1/ordnung.48/(1)^5(4)^4(8)^2/group.654	14	4	4	method=1	log2H=2.00	image=0	bad=0
Z	carat/tables/qcatalog/dim5/dir.3;1;1/ordnung.48/(1)^3(4)^8/group.652	7	3	3	method=1	log2H=2.00	image=0	bad=0
Z	carat/tables/qcatalog/dim5/dir.3;1;1/ordnung.24/(1)^5(4)^4(8)^2/min.135	2	8	8	method=1	log2H=3.58	image=0	bad=0
Z	carat/tables/qcatalog/dim5/dir.3;1,1/ordnung.96/(1)^5(4)^4(8)^1/group.648	4	10	10	method=1	log2H=5.00	image=0	bad=0
Z	carat/tables/qcatalog/dim5/dir.3;1;1/ordnung.24/(1)^5(4)^4(8)^2/min.135	3	6	6	method=1	log2H=3.58	image=0	bad=0
Z	carat/tables/qcatalog/dim5/dir.3;1;1/ordnung.48/(1)^5(4)^4(8)^2/group.654	15	4	4	method=1	log2H=2.00	image=0	bad=0
Z	carat/tables/qcatalog/dim5/dir.3;1;1/ordnung.48/(1)^3(4)^8/group.652	8	6	6	method=1	log2H=3.00	image=0	bad=0
Z	carat/tables/qcatalog/dim5/dir.3;1;1/ordnung.24/(1)^5(4)^4(8)^2/min.135	4	4	4	method=1	log2H=2.58	image=0	bad=0
Z	carat/tables/qcatalog/dim5/dir.3;1;1/ordnung.48/(1)^5(4)^4(8)^2/group.658	1	32	32	method=1	log2H=5.00	image=0	bad=0
Z	carat/tables/qcatalog/dim5/dir.3;1;1/ordnung.48/(1)^5(4)^4(8)^2/group.654	16	1	1	method=0	log2H=0.00	image=0	bad=0
Z	carat/tables/qcatalog/dim5/dir.3;1;1/ordnung.24/(1)^5(4)^4(8)^2/min.135	5	4	4	method=1	log2H=2.58	image=0	bad=0
Z	carat/tables/qcatalog/dim5/dir.3;1;1/ordnung.48/(1)^3(4)^8/group.652	9	8	8	method=1	log2H=3.00	image=0	bad=0
Z	carat/tables/qcatalog/dim5/dir.3;1;1/ordnung.48/(1)^5(4)^4(8)^2/group.656	2	8	8	method=1	log2H=3.00	image=0	bad=0
father: level 1 number of orbits 1 lengths 1
Z	carat/tables/qcatalog/dim5/dir.3;1;1/ordnung.24/(1)^5(4)^4(8)^2/min.135	6	4	4	method=1	log2H=2.58	image=0	bad=0
father: level 1 number of orbits 1 lengths 1
Z	carat/tables/qcatalog/dim5/dir.3;1;1/ordnung.48/(1)^5(4)^4(8)^2/group.658	2	8	8	method=1	log2H=3.00	image=0	bad=0
father: level 1 number of orbits 2 lengths 1
father: level 1 number of orbits 3 lengths 1
father: level 1 number of orbits 4 lengths 1
Z	carat/tables/qcatalog/dim5/dir.3;1,1/ordnung.96/(1)^5(4)^4(8)^1/group.648	5	10	10	method=1	log2H=4.00	image=0	bad=0
father: level 2 number of orbits 1 lengths 1
Z	carat/tables/qcatalog/dim5/dir.3;1;1/ordnung.48/(1)^3(4)^8/group.652	10	2	2	method=1	log2H=1.00	image=0	bad=0
Z	carat/tables/qcatalog/dim5/dir.3;1;1/ordnung.24/(1)^5(4)^4(8)^2/min.135	7	6	6	method=1	log2H=3.58	image=0	bad=0
Z	carat/tables/qcatalog/dim5/dir.3;1;1/ordnung.48/(1)^5(4)^4(8)^2/group.654	17	4	4	method=1	log2H=2.00	image=0	bad=0
father: level 1 number of orbits 1 lengths 1
father: level 1 number of orbits 2 lengths 1
father: level 1 number of orbits 3 lengths 1
father: level 1 number of orbits 4 lengths 1
father: level 2 number of orbits 1 lengths 1
Z	carat/tables/qcatalog/dim5/dir.3;1;1/ordnung.24/(1)^5(4)^4(8)^2/min.135	8	2	2	method=1	log2H=1.58	image=0	bad=0
Z	carat/tables/qcatalog/dim5/dir.3;1;1/ordnung.48/(1)^3(4)^8/group.652	11	2	2	method=1	log2H=1.00	image=0	bad=0
father: level 1 number of orbits 1 lengths 1
Z	carat/tables/qcatalog/dim5/dir.3;1;1/ordnung.48/(1)^5(4)^4(8)^2/group.658	3	32	32	method=1	log2H=5.00	image=0	bad=0
Z	carat/tables/qcatalog/dim5/dir.3;1;1/ordnung.24/(1)^5(4)^4(8)^2/min.135	9	4	4	method=1	log2H=2.58	image=0	bad=0
father: level 1 number of orbits 1 lengths 1
father: level 1 number of orbits 2 lengths 1
father: level 1 number of orbits 3 lengths 1
father: level 1 number of orbits 4 lengths 1
father: level 2 number of orbits 1 lengths 1
Z	carat/tables/qcatalog/dim5/dir.3;1;1/ordnung.48/(1)^3(4)^8/group.652	12	6	6	method=1	log2H=3.00	image=0	bad=0
Z	carat/tables/qcatalog/dim5/dir.3;1;1/ordnung.24/(1)^5(4)^4(8)^2/min.135	10	12	12	method=1	log2H=4.58	image=0	bad=0
Z	carat/tables/qcatalog/dim5/dir.3;1;1/ordnung.48/(1)^5(4)^4(8)^2/group.656	3	32	32	method=1	log2H=5.00	image=0	bad=0
father: level 1 number of orbits 1 lengths 1
father: level 1 number of orbits 2 lengths 1
father: level 1 number of orbits 3 lengths 1
father: level 1 number of orbits 4 lengths 1
father: level 2 number of orbits 1 lengths 1
Z	carat/tables/qcatalog/dim5/dir.3;1;1/ordnung.48/(1)^5(4)^4(8)^2/group.658	4	20	20	method=1	log2H=5.00	image=0	bad=0
Z	carat/tables/qcatalog/dim5/dir.3;1;1/ordnung.24/(1)^5(4)^4(8)^2/min.135	11	8	8	method=1	log2H=3.58	image=0	bad=0
Z	carat/tables/qcatalog/dim5/dir.3;1;1/ordnung.48/(1)^5(4)^6/group.660	1	64	64	method=1	log2H=6.58	image=0	bad=0
Z	carat/tables/qcatalog/dim5/dir.3;1;1/ordnung.48/(1)^5(4)^4(8)^2/group.656	4	24	24	method=1	log2H=5.00	image=0	bad=0
Z	carat/tables/qcatalog/dim5/dir.3;1;1/ordnung.24/(1)^5(4)^4(8)^2/min.135	12	4	4	method=1	log2H=2.58	image=0	bad=0
Z	carat/tables/qcatalog/dim5/dir.3;1;1/ordnung.24/(1)^5(4)^4(8)^2/min.135	13	6	6	method=1	log2H=3.58	image=0	bad=0
Z	carat/tables/qcatalog/dim5/dir.3;1;1/ordnung.48/(1)^5(4)^6/group.660	2	16	16	method=1	log2H=4.58	image=0	bad=0
Z	carat/tables/qcatalog/dim5/dir.3;1;1/ordnung.48/(1)^3(4)^8/group.651	1	64	64	method=1	log2H=6.58	image=0	bad=0
Z	carat/tables/qcatalog/dim5/dir.3;1;1/ordnung.48/(1)^5(4)^4(8)^2/group.656	5	8	8	method=1	log2H=3.00	image=0	bad=0
Z	carat/tables/qcatalog/dim5/dir.3;1;1/ordnung.24/(1)^5(4)^4(8)^2/min.135	14	4	4	method=1	log2H=2.58	image=0	bad=0
Z	carat/tables/qcatalog/dim5/dir.3;1;1/ordnung.48/(1)^5(4)^4(8)^2/group.658	5	8	8	method=1	log2H=3.00	image=0	bad=0
Z	carat/tables/qcatalog/dim5/dir.3;1;1/ordnung.24/(1)^5(4)^4(8)^2/min.135	15	4	4	method=1	log2H=2.58	image=0	bad=0
Z	carat/tables/qcatalog/dim5/dir.3;1;1/ordnung.48/(1)^5(4)^6/group.660	3	64	64	method=1	log2H=6.58	image=0	bad=0
Z	carat/tables/qcatalog/dim5/dir.3;1;1/ordnung.48/(1)^3(4)^8/group.651	2	16	16	method=1	log2H=4.58	image=0	bad=0
Z	carat/tables/qcatalog/dim5/dir.3;1;1/ordnung.48/(1)^5(4)^4(8)^2/group.656	6	8	8	method=1	log2H=3.00	image=0	bad=0
Z	carat/tables/qcatalog/dim5/dir.3;1;1/ordnung.24/(1)^5(4)^4(8)^2/min.135	16	8	8	method=1	log2H=3.58	image=0	bad=0
Z	carat/tables/qcatalog/dim5/dir.3;1;1/ordnung.48/(1)^5(4)^4(8)^2/group.658	6	8	8	method=1	log2H=3.00	image=0	bad=0
father: level 1 number of orbits 1 lengths 1
father: level 1 number of orbits 1 lengths 1
Z	carat/tables/qcatalog/dim5/dir.3;1;1/ordnung.24/(1)^5(4)^4(8)^2/min.135	17	4	4	method=1	log2H=2.58	image=0	bad=0
father: level 1 number of orbits 2 lengths 1
Z	carat/tables/qcatalog/dim5/dir.3;1;1/ordnung.48/(1)^3(4)^8/group.651	3	96	96	method=1	log2H=7.58	image=0	bad=0
father: level 1 number of orbits 3 lengths 1
father: level 1 number of orbits 4 lengths 1
father: level 2 number of orbits 1 lengths 1
Z	carat/tables/qcatalog/dim5/dir.3;1;1/ordnung.48/(1)^5(4)^4(8)^2/group.656	7	6	6	method=1	log2H=3.00	image=0	bad=0
Z	carat/tables/qcatalog/dim5/dir.3;1;1/ordnung.48/(1)^5(4)^6/group.660	4	16	16	method=1	log2H=4.58	image=0	bad=0
father: level 1 number of orbits 1 lengths 1
father: level 1 number of orbits 2 lengths 1
father: level 1 number of orbits 3 lengths 1
father: level 1 number of orbits 4 lengths 1
father: level 2 number of orbits 1 lengths 1
Z	carat/tables/qcatalog/dim5/dir.3;1;1/ordnung.48/(1)^5(4)^4(8)^2/group.658	7	6	6	method=1	log2H=3.00	image=0	bad=0
Z	carat/tables/qcatalog/dim5/dir.3;1;1/ordnung.48/(1)^3(4)^8/group.651	4	16	16	method=1	log2H=4.58	image=0	bad=0
Z	carat/tables/qcatalog/dim5/dir.3;1;1/ordnung.48/(1)^5(4)^4(8)^2/group.658	8	8	8	method=1	log2H=3.00	image=0	bad=0
Z	carat/tables/qcatalog/dim5/dir.3;1;1/ordnung.48/(1)^3(4)^8/group.651	5	16	16	method=1	log2H=4.58	image=0	bad=0
Z	carat/tables/qcatalog/dim5/dir.3;1;1/ordnung.48/(1)^5(4)^6/group.662	1	32	32	method=1	log2H=5.58	image=0	bad=0
Z	carat/tables/qcatalog/dim5/dir.3;1;1/ordnung.48/(1)^5(4)^4(8)^2/group.656	8	8	8	method=1	log2H=3.00	image=0	bad=0
Z	carat/tables/qcatalog/dim5/dir.3;1;1/ordnung.48/(1)^5(4)^6/group.660	5	16	16	method=1	log2H=4.58	image=0	bad=0
Z	carat/tables/qcatalog/dim5/dir.3;1;1/ordnung.48/(1)^5(4)^4(8)^2/group.658	9	16	16	method=1	log2H=4.00	image=0	bad=0
Z	carat/tables/qcatalog/dim5/dir.3;1;1/ordnung.48/(1)^3(4)^8/group.651	6	24	24	method=1	log2H=5.58	image=0	bad=0
Z	carat/tables/qcatalog/dim5/dir.3;1;1/ordnung.48/(1)^5(4)^6/group.662	2	8	8	method=1	log2H=3.58	image=0	bad=0
Z	carat/tables/qcatalog/dim5/dir.3;1;1/ordnung.48/(1)^3(4)^8/group.651	7	8	8	method=1	log2H=3.58	image=0	bad=0
Z	carat/tables/qcatalog/dim5/dir.3;1;1/ordnung.48/(1)^5(4)^6/group.660	6	16	16	method=1	log2H=4.58	image=0	bad=0
Z	carat/tables/qcatalog/dim5/dir.3;1;1/ordnung.48/(1)^5(4)^4(8)^2/group.658	10	12	12	method=1	log2H=4.00	image=0	bad=0
Z	carat/tables/qcatalog/dim5/dir.3;1;1/ordnung.48/(1)^3(4)^8/group.651	8	16	16	method=1	log2H=4.58	image=0	bad=0
Z	carat/tables/qcatalog/dim5/dir.3;1;1/ordnung.48/(1)^5(4)^4(8)^2/group.656	9	16	16	method=1	log2H=4.00	image=0	bad=0
Z	carat/tables/qcatalog/dim5/dir.3;1;1/ordnung.48/(1)^5(4)^6/group.660	7	8	8	method=1	log2H=3.58	image=0	bad=0
Z	carat/tables/qcatalog/dim5/dir.3;1;1/ordnung.48/(1)^5(4)^6/group.662	3	32	32	method=1	log2H=5.58	image=0	bad=0
Z	carat/tables/qcatalog/dim5/dir.3;1;1/ordnung.48/(1)^5(4)^4(8)^2/group.658	11	8	8	method=1	log2H=3.00	image=0	bad=0
Z	carat/tables/qcatalog/dim5/dir.3;1;1/ordnung.48/(1)^3(4)^8/group.651	9	32	32	method=1	log2H=5.58	image=0	bad=0
Z	carat/tables/qcatalog/dim5/dir.3;1;1/ordnung.48/(1)^5(4)^6/group.660	8	16	16	method=1	log2H=4.58	image=0	bad=0
Z	carat/tables/qcatalog/dim5/dir.3;1;1/ordnung.48/(1)^5(4)^6/group.662	4	8	8	method=1	log2H=3.58	image=0	bad=0
Z	carat/tables/qcatalog/dim5/dir.3;1;1/ordnung.48/(1)^5(4)^4(8)^2/group.658	12	4	4	method=1	log2H=2.00	image=0	bad=0
father: level 1 number of orbits 1 lengths 1
Z	carat/tables/qcatalog/dim5/dir.3;1;1/ordnung.48/(1)^3(4)^8/group.651	10	24	24	method=1	log2H=5.58	image=0	bad=0
Z	carat/tables/qcatalog/dim5/dir.3;1;1/ordnung.48/(1)^5(4)^6/group.660	9	32	32	method=1	log2H=5.58	image=0	bad=0
father: level 1 number of orbits 1 lengths 1
father: level 1 number of orbits 2 lengths 1
father: level 1 number of orbits 3 lengths 1
father: level 1 number of orbits 4 lengths 1
Z	carat/tables/qcatalog/dim5/dir.3;1;1/ordnung.48/(1)^5(4)^6/group.662	5	8	8	method=1	log2H=3.58	image=0	bad=0
father: level 2 number of orbits 1 lengths 1
Z	carat/tables/qcatalog/dim5/dir.3;1;1/ordnung.48/(1)^5(4)^4(8)^2/group.656	10	12	12	method=1	log2H=4.00	image=0	bad=0
father: level 1 number of orbits 1 lengths 1
Z	carat/tables/qcatalog/dim5/dir.3;1;1/ordnung.48/(1)^3(4)^8/group.651	11	24	24	method=1	log2H=5.58	image=0	bad=0
father: level 1 number of orbits 2 lengths 1
father: level 1 number of orbits 3 lengths 1
father: level 1 number of orbits 4 lengths 1
father: level 2 number of orbits 1 lengths 1
Z	carat/tables/qcatalog/dim5/dir.3;1;1/ordnung.48/(1)^5(4)^6/group.660	10	16	16	method=1	log2H=4.58	image=0	bad=0
Z	carat/tables/qcatalog/dim5/dir.3;1;1/ordnung.48/(1)^5(4)^6/group.662	6	8	8	method=1	log2H=3.58	image=0	bad=0
Z	carat/tables/qcatalog/dim5/dir.3;1;1/ordnung.48/(1)^3(4)^8/group.651	12	8	8	method=1	log2H=3.58	image=0	bad=0
Z	carat/tables/qcatalog/dim5/dir.3;1;1/ordnung.48/(1)^5(4)^6/group.660	11	16	16	method=1	log2H=4.58	image=0	bad=0
Z	carat/tables/qcatalog/dim5/dir.3;1;1/ordnung.48/(1)^5(4)^6/group.662	7	4	4	method=1	log2H=2.58	image=0	bad=0
Z	carat/tables/qcatalog/dim5/dir.3;1;1/ordnung.48/(1)^3(4)^8/group.651	13	6	6	method=1	log2H=3.58	image=0	bad=0
Z	carat/tables/qcatalog/dim5/dir.3;1;1/ordnung.48/(1)^5(4)^6/group.660	12	8	8	method=1	log2H=3.58	image=0	bad=0
Z	carat/tables/qcatalog/dim5/dir.3;1;1/ordnung.48/(1)^5(4)^4(8)^2/group.656	11	8	8	method=1	log2H=3.00	image=0	bad=0
Z	carat/tables/qcatalog/dim5/dir.3;1;1/ordnung.48/(1)^5(4)^6/group.662	8	8	8	method=1	log2H=3.58	image=0	bad=0
Z	carat/tables/qcatalog/dim5/dir.3;1;1/ordnung.48/(1)^3(4)^8/group.651	14	24	24	method=1	log2H=5.58	image=0	bad=0
Z	carat/tables/qcatalog/dim5/dir.3;1;1/ordnung.48/(1)^5(4)^6/group.664	1	32	32	method=1	log2H=5.00	image=0	bad=0
father: level 1 number of orbits 1 lengths 1
Z	carat/tables/qcatalog/dim5/dir.3;1;1/ordnung.48/(1)^5(4)^6/group.660	13	6	6	method=1	log2H=3.58	image=0	bad=0
Z	carat/tables/qcatalog/dim5/dir.3;1;1/ordnung.48/(1)^5(4)^4(8)^2/group.658	13	3	3	method=1	log2H=2.00	image=0	bad=0
father: level 1 number of orbits 1 lengths 2
father: level 1 number of orbits 2 lengths 1
father: level 1 number of orbits 3 lengths 1
father: level 2 number of orbits 1 lengths 1
Z	carat/tables/qcatalog/dim5/dir.3;1;1/ordnung.48/(1)^5(4)^6/group.662	9	16	16	method=1	log2H=4.58	image=0	bad=0
father: level 1 number of orbits 1 lengths 2
father: level 1 number of orbits 2 lengths 1
father: level 1 number of orbits 3 lengths 1
father: level 1 number of orbits 1 lengths 1
father: level 2 number of orbits 1 lengths 1
father: level 1 number of orbits 1 lengths 2
Z	carat/tables/qcatalog/dim5/dir.3;1;1/ordnung.48/(1)^5(4)^6/group.660	14	16	16	method=1	log2H=4.58	image=0	bad=0
father: level 1 number of orbits 2 lengths 1
father: level 1 number of orbits 1 lengths 1
father: level 1 number of orbits 3 lengths 1
father: level 2 number of orbits 1 lengths 1
Z	carat/tables/qcatalog/dim5/dir.3;1;1/ordnung.48/(1)^5(4)^6/group.664	2	8	8	method=1	log2H=3.00	image=0	bad=0
Z	carat/tables/qcatalog/dim5/dir.3;1;1/ordnung.48/(1)^5(4)^4(8)^2/group.656	12	4	4	method=1	log2H=2.00	image=0	bad=0
Z	carat/tables/qcatalog/dim5/dir.3;1;1/ordnung.48/(1)^5(4)^6/group.662	10	8	8	method=1	log2H=3.58	image=0	bad=0
Z	carat/tables/qcatalog/dim5/dir.3;1;1/ordnung.48/(1)^5(4)^4(8)^2/group.658	14	8	8	method=1	log2H=3.00	image=0	bad=0
father: level 1 number of orbits 1 lengths 2
father: level 1 number of orbits 2 lengths 1
father: level 1 number of orbits 1 lengths 2
father: level 1 number of orbits 3 lengths 1
father: level 1 number of orbits 2 lengths 1
father: level 1 number of orbits 3 lengths 1
father: level 2 number of orbits 1 lengths 1
father: level 2 number of orbits 1 lengths 1
father: level 1 number of orbits 1 lengths 2
father: level 1 number of orbits 2 lengths 1
father: level 1 number of orbits 3 lengths 1
father: level 2 number of orbits 1 lengths 1
Z	carat/tables/qcatalog/dim5/dir.3;1;1/ordnung.48/(1)^5(4)^6/group.662	11	8	8	method=1	log2H=3.58	image=0	bad=0
Z	carat/tables/qcatalog/dim5/dir.3;1;1/ordnung.48/(1)^5(4)^4(8)^2/group.656	13	3	3	method=1	log2H=2.00	image=0	bad=0
Z	carat/tables/qcatalog/dim5/dir.3;1;1/ordnung.48/(1)^5(4)^6/group.664	3	32	32	method=1	log2H=5.00	image=0	bad=0
Z	carat/tables/qcatalog/dim5/dir.3;1;1/ordnung.48/(1)^5(4)^6/group.662	12	4	4	method=1	log2H=2.58	image=0	bad=0
Z	carat/tables/qcatalog/dim5/dir.3;1;1/ordnung.48/(1)^5(4)^4(8)^2/group.658	15	8	8	method=1	log2H=3.00	image=0	bad=0
Z	carat/tables/qcatalog/dim5/dir.3;1;1/ordnung.48/(1)^3(4)^8/group.653	1	12	12	method=1	log2H=4.00	image=0	bad=0
Z	carat/tables/qcatalog/dim5/dir.3;1;1/ordnung.48/(1)^5(4)^6/group.664	4	8	8	method=1	log2H=3.00	image=0	bad=0
Z	carat/tables/qcatalog/dim5/dir.3;1;1/ordnung.96/(1)^3(4)^8/group.666	1	72	72	method=1	log2H=7.00	image=0	bad=0
Z	carat/tables/qcatalog/dim5/dir.3;1;1/ordnung.48/(1)^3(4)^8/group.653	2	4	4	method=1	log2H=2.00	image=0	bad=0
Z	carat/tables/qcatalog/dim5/dir.3;1;1/ordnung.48/(1)^5(4)^6/group.662	13	2	2	method=1	log2H=1.58	image=0	bad=0
Z	carat/tables/qcatalog/dim5/dir.3;1;1/ordnung.48/(1)^5(4)^4(8)^2/group.658	16	2	2	method=1	log2H=1.00	image=0	bad=0
father: level 1 number of orbits 1 lengths 1
father: level 1 number of orbits 2 lengths 1
father: level 1 number of orbits 3 lengths 1
father: level 1 number of orbits 4 lengths 1
Z	carat/tables/qcatalog/dim5/dir.3;1;1/ordnung.48/(1)^5(4)^4(8)^2/group.656	14	8	8	method=1	log2H=3.00	image=0	bad=0
father: level 2 number of orbits 1 lengths 2
father: level 2 number of orbits 2 lengths 1
Z	carat/tables/qcatalog/dim5/dir.3;1;1/ordnung.48/(1)^5(4)^6/group.664	5	8	8	method=1	log2H=3.00	image=0	bad=0
father: level 2 number of orbits 3 lengths 2
Z	carat/tables/qcatalog/dim5/dir.3;1;1/ordnung.48/(1)^3(4)^8/group.653	3	16	16	method=1	log2H=5.00	image=0	bad=0
father: level 3 number of orbits 1 lengths 2
Z	carat/tables/qcatalog/dim5/dir.3;1;1/ordnung.48/(1)^5(4)^6/group.662	14	8	8	method=1	log2H=3.58	image=0	bad=0
father: level 1 number of orbits 1 lengths 1
father: level 1 number of orbits 2 lengths 1
father: level 1 number of orbits 3 lengths 1
father: level 1 number of orbits 1 lengths 1
father: level 1 number of orbits 4 lengths 1
father: level 2 number of orbits 1 lengths 1
Z	carat/tables/qcatalog/dim5/dir.3;1;1/ordnung.48/(1)^5(4)^4(8)^2/group.658	17	8	8	method=1	log2H=3.00	image=0	bad=0
father: level 1 number of orbits 1 lengths 1
father: level 1 number of orbits 2 lengths 1
father: level 1 number of orbits 3 lengths 1
Z	carat/tables/qcatalog/dim5/dir.3;1;1/ordnung.48/(1)^5(4)^6/group.664	6	8	8	method=1	log2H=3.00	image=0	bad=0
father: level 1 number of orbits 1 lengths 1
father: level 1 number of orbits 4 lengths 1
father: level 2 number of orbits 1 lengths 1
Z	carat/tables/qcatalog/dim5/dir.3;1;1/ordnung.48/(1)^3(4)^8/group.653	4	4	4	method=1	log2H=2.00	image=0	bad=0
Z	carat/tables/qcatalog/dim5/dir.3;1;1/ordnung.96/(1)^3(4)^8/group.666	2	12	12	method=1	log2H=4.00	image=0	bad=0
Z	carat/tables/qcatalog/dim5/dir.3;1;1/ordnung.48/(1)^5(4)^4(8)^2/group.656	15	8	8	method=1	log2H=3.00	image=0	bad=0
father: level 1 number of orbits 1 lengths 1
Z	carat/tables/qcatalog/dim5/dir.3;1;1/ordnung.48/(1)^3(4)^8/group.653	5	5	5	method=1	log2H=3.00	image=0	bad=0
father: level 1 number of orbits 2 lengths 1
father: level 1 number of orbits 3 lengths 1
Z	carat/tables/qcatalog/dim5/dir.3;1;1/ordnung.48/(1)^5(4)^6/group.664	7	4	4	method=1	log2H=2.00	image=0	bad=0
father: level 1 number of orbits 4 lengths 1
father: level 2 number of orbits 1 lengths 1
Z	carat/tables/qcatalog/dim5/dir.3;1;1/ordnung.48/(1)^5(4)^4(8)^2/group.656	16	2	2	method=1	log2H=1.00	image=0	bad=0
Z	carat/tables/qcatalog/dim5/dir.3;1;1/ordnung.192/(1)^5(4)^6/group.649	1	544	544	method=1	log2H=10.00	image=0	bad=0
Z	carat/tables/qcatalog/dim5/dir.3;1;1/ordnung.48/(1)^3(4)^8/group.653	6	2	2	method=1	log2H=1.00	image=0	bad=0
Z	carat/tables/qcatalog/dim5/dir.3;1;1/ordnung.96/(1)^3(4)^8/group.666	3	108	108	method=1	log2H=8.00	image=0	bad=0
Z	carat/tables/qcatalog/dim5/dir.3;1;1/ordnung.48/(1)^3(4)^8/group.653	7	4	4	method=1	log2H=2.00	image=0	bad=0
Z	carat/tables/qcatalog/dim5/dir.3;1;1/ordnung.48/(1)^5(4)^6/group.664	8	8	8	method=1	log2H=3.00	image=0	bad=0
Z	carat/tables/qcatalog/dim5/dir.3;1;1/ordnung.48/(1)^5(4)^4(8)^2/group.656	17	8	8	method=1	log2H=3.00	image=0	bad=0
Z	carat/tables/qcatalog/dim5/dir.3;1;1/ordnung.48/(1)^3(4)^8/group.653	8	6	6	method=1	log2H=3.00	image=0	bad=0
Z	carat/tables/qcatalog/dim5/dir.3;1;1/ordnung.48/(1)^5(4)^6/group.664	9	16	16	method=1	log2H=4.00	image=0	bad=0
Z	carat/tables/qcatalog/dim5/dir.3;1;1/ordnung.48/(1)^3(4)^8/group.653	9	6	6	method=1	log2H=3.00	image=0	bad=0
Z	carat/tables/qcatalog/dim5/dir.3;1;1/ordnung.24/(1)^3(4)^6(8)^2/min.133	1	8	8	method=1	log2H=3.58	image=0	bad=0
Z	carat/tables/qcatalog/dim5/dir.3;1;1/ordnung.48/(1)^5(4)^6/group.664	10	8	8	method=1	log2H=3.00	image=0	bad=0
Z	carat/tables/qcatalog/dim5/dir.3;1;1/ordnung.48/(1)^3(4)^8/group.653	10	2	2	method=1	log2H=1.00	image=0	bad=0
Z	carat/tables/qcatalog/dim5/dir.3;1;1/ordnung.48/(1)^5(4)^6/group.664	11	8	8	method=1	log2H=3.00	image=0	bad=0
Z	carat/tables/qcatalog/dim5/dir.3;1;1/ordnung.192/(1)^5(4)^6/group.649	2	48	48	method=1	log2H=6.00	image=0	bad=0
Z	carat/tables/qcatalog/dim5/dir.3;1;1/ordnung.96/(1)^3(4)^8/group.666	4	16	16	method=1	log2H=4.00	image=0	bad=0
Z	carat/tables/qcatalog/dim5/dir.3;1;1/ordnung.48/(1)^3(4)^8/group.653	11	2	2	method=1	log2H=1.00	image=0	bad=0
Z	carat/tables/qcatalog/dim5/dir.3;1;1/ordnung.48/(1)^5(4)^6/group.664	12	4	4	method=1	log2H=2.00	image=0	bad=0
Z	carat/tables/qcatalog/dim5/dir.3;1;1/ordnung.24/(1)^3(4)^6(8)^2/min.133	2	8	8	method=1	log2H=3.58	image=0	bad=0
Z	carat/tables/qcatalog/dim5/dir.3;1;1/ordnung.48/(1)^3(4)^8/group.653	12	5	5	method=1	log2H=3.00	image=0	bad=0
Z	carat/tables/qcatalog/dim5/dir.3;1;1/ordnung.48/(1)^5(4)^6/group.664	13	3	4	method=1	log2H=2.00	image=0	bad=0
father: level 1 number of orbits 1 lengths 1
father: level 1 number of orbits 1 lengths 1
father: level 1 number of orbits 2 lengths 1
father: level 1 number of orbits 3 lengths 1
father: level 1 number of orbits 4 lengths 1
father: level 2 number of orbits 1 lengths 1
Z	carat/tables/qcatalog/dim5/dir.3;1;1/ordnung.96/(1)^3(4)^8/group.666	5	18	18	method=1	log2H=5.00	image=0	bad=0
Z	carat/tables/qcatalog/dim5/dir.3;1;1/ordnung.24/(1)^3(4)^6(8)^2/min.133	3	8	8	method=1	log2H=3.58	image=0	bad=0
father: level 1 number of orbits 1 lengths 1
father: level 1 number of orbits 2 lengths 1
father: level 1 number of orbits 3 lengths 1
father: level 1 number of orbits 4 lengths 1
Z	carat/tables/qcatalog/dim5/dir.3;1;1/ordnung.48/(1)^5(4)^6/group.664	14	8	8	method=1	log2H=3.00	image=0	bad=0
father: level 2 number of orbits 1 lengths 2
father: level 2 number of orbits 2 lengths 1
father: level 2 number of orbits 3 lengths 2
father: level 3 number of orbits 1 lengths 2
Z	carat/tables/qcatalog/dim5/dir.3;1;1/ordnung.24/(1)^3(4)^6(8)^2/min.133	4	4	4	method=1	log2H=2.58	image=0	bad=0
Z	carat/tables/qcatalog/dim5/dir.3;1;1/ordnung.24/(1)^3(4)^6(8)^2/min.133	5	4	4	method=1	log2H=2.58	image=0	bad=0
Z	carat/tables/qcatalog/dim5/dir.3;1;1/ordnung.96/(1)^5(4)^6/group.668	1	256	256	method=1	log2H=8.00	image=0	bad=0
Z	carat/tables/qcatalog/dim5/dir.3;1;1/ordnung.192/(1)^5(4)^6/group.649	3	544	544	method=1	log2H=10.00	image=0	bad=0
Z	carat/tables/qcatalog/dim5/dir.3;1;1/ordnung.96/(1)^3(4)^8/group.666	6	4	4	method=1	log2H=2.00	image=0	bad=0
Z	carat/tables/qcatalog/dim5/dir.3;1;1/ordnung.24/(1)^3(4)^6(8)^2/min.133	6	4	4	method=1	log2H=2.58	image=0	bad=0
Z	carat/tables/qcatalog/dim5/dir.3;1;1/ordnung.48/(1)^5(4)^4(8)^2/group.655	1	32	32	method=1	log2H=5.58	image=0	bad=0
Z	carat/tables/qcatalog/dim5/dir.3;1;1/ordnung.24/(1)^3(4)^6(8)^2/min.133	7	8	8	method=1	log2H=3.58	image=0	bad=0
Z	carat/tables/qcatalog/dim5/dir.3;1;1/ordnung.24/(1)^3(4)^6(8)^2/min.133	8	2	2	method=1	log2H=1.58	image=0	bad=0
Z	carat/tables/qcatalog/dim5/dir.3;1;1/ordnung.96/(1)^3(4)^8/group.666	7	12	12	method=1	log2H=4.00	image=0	bad=0
Z	carat/tables/qcatalog/dim5/dir.3;1;1/ordnung.24/(1)^3(4)^6(8)^2/min.133	9	4	4	method=1	log2H=2.58	image=0	bad=0
father: level 1 number of orbits 1 lengths 3
father: level 1 number of orbits 1 lengths 3
father: level 1 number of orbits 1 lengths 1
Z	carat/tables/qcatalog/dim5/dir.3;1;1/ordnung.96/(1)^5(4)^6/group.668	2	32	32	method=1	log2H=5.00	image=0	bad=0
father: level 1 number of orbits 1 lengths 1
Z	carat/tables/qcatalog/dim5/dir.3;1;1/ordnung.24/(1)^3(4)^6(8)^2/min.133	10	16	16	method=1	log2H=4.58	image=0	bad=0
father: level 1 number of orbits 1 lengths 2
father: level 1 number of orbits 2 lengths 1
father: level 1 number of orbits 3 lengths 1
father: level 2 number of orbits 1 lengths 1
father: level 1 number of orbits 1 lengths 2
father: level 1 number of orbits 2 lengths 1
father: level 1 number of orbits 3 lengths 1
father: level 2 number of orbits 1 lengths 1
father: level 1 number of orbits 1 lengths 2
father: level 1 number of orbits 2 lengths 1
father: level 1 number of orbits 3 lengths 1
father: level 2 number of orbits 1 lengths 1
Z	carat/tables/qcatalog/dim5/dir.3;1;1/ordnung.24/(1)^3(4)^6(8)^2/min.133	11	6	6	method=1	log2H=3.58	image=0	bad=0
father: level 1 number of orbits 1 lengths 2
father: level 1 number of orbits 2 lengths 1
father: level 1 number of orbits 3 lengths 1
Z	carat/tables/qcatalog/dim5/dir.3;1;1/ordnung.96/(1)^3(4)^8/group.666	8	20	20	method=1	log2H=5.00	image=0	bad=0
father: level 2 number of orbits 1 lengths 1
Z	carat/tables/qcatalog/dim5/dir.3;1,1/ordnung.48/(1)^5(4)^4(8)^1/group.647	1	16	16	method=1	log2H=7.17	image=0	bad=0
Z	carat/tables/qcatalog/dim5/dir.3;1;1/ordnung.24/(1)^3(4)^6(8)^2/min.133	12	4	4	method=1	log2H=2.58	image=0	bad=0
father: level 1 number of orbits 1 lengths 1
Z	carat/tables/qcatalog/dim5/dir.3;1;1/ordnung.48/(1)^5(4)^4(8)^2/group.655	2	8	8	method=1	log2H=3.58	image=0	bad=0
Z	carat/tables/qcatalog/dim5/dir.3;1;1/ordnung.24/(1)^3(4)^6(8)^2/min.133	13	8	8	method=1	log2H=3.58	image=0	bad=0
Z	carat/tables/qcatalog/dim5/dir.3;1,1/ordnung.48/(1)^5(4)^4(8)^1/group.647	2	16	16	method=1	log2H=7.17	image=0	bad=0
Z	carat/tables/qcatalog/dim5/dir.3;1;1/ordnung.192/(1)^5(4)^6/group.649	4	64	64	method=1	log2H=6.00	image=0	bad=0
father: level 1 number of orbits 1 lengths 2
father: level 1 number of orbits 2 lengths 1
father: level 1 number of orbits 3 lengths 1
father: level 2 number of orbits 1 lengths 1
Z	carat/tables/qcatalog/dim5/dir.3;1;1/ordnung.96/(1)^5(4)^6/group.668	3	256	256	method=1	log2H=8.00	image=0	bad=0
father: level 1 number of orbits 1 lengths 2
father: level 1 number of orbits 2 lengths 1
father: level 1 number of orbits 3 lengths 1
Z	carat/tables/qcatalog/dim5/dir.3;1;1/ordnung.24/(1)^3(4)^6(8)^2/min.133	14	4	4	method=1	log2H=2.58	image=0	bad=0
father: level 2 number of orbits 1 lengths 1
Z	carat/tables/qcatalog/dim5/dir.3;1;1/ordnung.96/(1)^3(4)^8/group.666	9	24	24	method=1	log2H=5.00	image=0	bad=0
Z	carat/tables/qcatalog/dim5/dir.3;1,1/ordnung.48/(1)^5(4)^4(8)^1/group.647	3	8	8	method=1	log2H=5.17	image=0	bad=0
Z	carat/tables/qcatalog/dim5/dir.3;1;1/ordnung.24/(1)^3(4)^6(8)^2/min.133	15	4	4	method=1	log2H=2.58	image=0	bad=0
Z	carat/tables/qcatalog/dim5/dir.3;1;1/ordnung.96/(1)^5(4)^6/group.672	1	72	72	method=1	log2H=7.00	image=0	bad=0
Z	carat/tables/qcatalog/dim5/dir.3;1;1/ordnung.24/(1)^3(4)^6(8)^2/min.133	16	8	8	method=1	log2H=3.58	image=0	bad=0
Z	carat/tables/qcatalog/dim5/dir.3;1,1/ordnung.48/(1)^5(4)^4(8)^1/group.647	4	8	8	method=1	log2H=6.17	image=0	bad=0
Z	carat/tables/qcatalog/dim5/dir.3;1;1/ordnung.24/(1)^3(4)^6(8)^2/min.133	17	4	4	method=1	log2H=2.58	image=0	bad=0
Z	carat/tables/qcatalog/dim5/dir.3;1;1/ordnung.48/(1)^5(4)^6/group.659	1	10	10	method=1	log2H=4.00	image=0	bad=0
father: level 1 number of orbits 1 lengths 1
Z	carat/tables/qcatalog/dim5/dir.3;1;1/ordnung.96/(1)^3(4)^8/group.666	10	4	4	method=1	log2H=2.00	image=0	bad=0
father: level 1 number of orbits 1 lengths 2
father: level 1 number of orbits 2 lengths 1
father: level 1 number of orbits 3 lengths 1
father: level 2 number of orbits 1 lengths 1
Z	carat/tables/qcatalog/dim5/dir.3;1;1/ordnung.96/(1)^5(4)^6/group.668	4	32	32	method=1	log2H=5.00	image=0	bad=0
Z	carat/tables/qcatalog/dim5/dir.3;1,1/ordnung.48/(1)^5(4)^4(8)^1/group.647	5	6	6	method=1	log2H=5.17	image=0	bad=0
father: level 1 number of orbits 1 lengths 2
father: level 1 number of orbits 2 lengths 1
father: level 1 number of orbits 3 lengths 1
father: level 2 number of orbits 1 lengths 1
Z	carat/tables/qcatalog/dim5/dir.3;1;1/ordnung.48/(1)^5(4)^6/group.659	2	3	3	method=1	log2H=2.00	image=0	bad=0
Z	carat/tables/qcatalog/dim5/dir.3;1;1/ordnung.96/(1)^5(4)^6/group.670	1	72	72	method=1	log2H=7.00	image=0	bad=0
Z	carat/tables/qcatalog/dim5/dir.3;1;1/ordnung.96/(1)^5(4)^6/group.672	2	12	12	method=1	log2H=4.00	image=0	bad=0
Z	carat/tables/qcatalog/dim5/dir.3;1;1/ordnung.48/(1)^5(4)^4(8)^2/group.655	3	32	32	method=1	log2H=5.58	image=0	bad=0
Z	carat/tables/qcatalog/dim5/dir.3;1;1/ordnung.96/(1)^3(4)^8/group.666	11	3	3	method=1	log2H=2.00	image=0	bad=0
Z	carat/tables/qcatalog/dim5/dir.3;1;1/ordnung.48/(1)^5(4)^6/group.659	3	10	10	method=1	log2H=4.00	image=0	bad=0
Z	carat/tables/qcatalog/dim5/dir.3;1;1/ordnung.192/(1)^5(4)^6/group.649	5	48	48	method=1	log2H=6.00	image=0	bad=0
father: level 1 number of orbits 1 lengths 1
Z	carat/tables/qcatalog/dim5/dir.3;1;1/ordnung.48/(1)^5(4)^6/group.661	1	12	12	method=1	log2H=4.00	image=0	bad=0
father: level 1 number of orbits 1 lengths 1
father: level 1 number of orbits 2 lengths 1
father: level 1 number of orbits 3 lengths 1
father: level 1 number of orbits 4 lengths 1
father: level 2 number of orbits 1 lengths 1
Z	carat/tables/qcatalog/dim5/dir.3;1;1/ordnung.48/(1)^5(4)^6/group.659	4	4	4	method=1	log2H=2.00	image=0	bad=0
Z	carat/tables/qcatalog/dim5/dir.3;1;1/ordnung.96/(1)^5(4)^6/group.672	3	72	72	method=1	log2H=7.00	image=0	bad=0
Z	carat/tables/qcatalog/dim5/dir.3;1;1/ordnung.48/(1)^5(4)^6/group.661	2	4	4	method=1	log2H=2.00	image=0	bad=0
Z	carat/tables/qcatalog/dim5/dir.3;1;1/ordnung.48/(1)^5(4)^4(8)^2/group.655	4	24	28	method=1	log2H=5.58	image=0	bad=0
father: level 1 number of orbits 1 lengths 1
father: level 1 number of orbits 2 lengths 1
father: level 1 number of orbits 3 lengths 1
father: level 1 number of orbits 4 lengths 1
father: level 2 number of orbits 1 lengths 1
Z	carat/tables/qcatalog/dim5/dir.3;1;1/ordnung.96/(1)^3(4)^8/group.666	12	16	16	method=1	log2H=5.00	image=0	bad=0
Z	carat/tables/qcatalog/dim5/dir.3;1;1/ordnung.48/(1)^5(4)^6/group.661	3	16	16	method=1	log2H=5.00	image=0	bad=0
Z	carat/tables/qcatalog/dim5/dir.3;1;1/ordnung.48/(1)^5(4)^6/group.659	5	3	3	method=1	log2H=2.00	image=0	bad=0
Z	carat/tables/qcatalog/dim5/dir.3;1;1/ordnung.48/(1)^5(4)^4(8)^2/group.655	5	8	8	method=1	log2H=3.58	image=0	bad=0
Z	carat/tables/qcatalog/dim5/dir.3;1;1/ordnung.48/(1)^5(4)^6/group.659	6	2	2	method=1	log2H=1.00	image=0	bad=0
Z	carat/tables/qcatalog/dim5/dir.3;1;1/ordnung.48/(1)^5(4)^4(8)^2/group.655	6	8	8	method=1	log2H=3.58	image=0	bad=0
Z	carat/tables/qcatalog/dim5/dir.3;1;1/ordnung.96/(1)^5(4)^6/group.670	2	12	12	method=1	log2H=4.00	image=0	bad=0
Z	carat/tables/qcatalog/dim5/dir.3;1;1/ordnung.48/(1)^5(4)^6/group.661	4	4	4	method=1	log2H=2.00	image=0	bad=0
Z	carat/tables/qcatalog/dim5/dir.3;1;1/ordnung.48/(1)^5(4)^6/group.663	1	32	32	method=1	log2H=5.58	image=0	bad=0
Z	carat/tables/qcatalog/dim5/dir.3;1;1/ordnung.48/(1)^5(4)^6/group.659	7	3	3	method=1	log2H=2.00	image=0	bad=0
Z	carat/tables/qcatalog/dim5/dir.3;1;1/ordnung.48/(1)^5(4)^6/group.661	5	5	5	method=1	log2H=3.00	image=0	bad=0
Z	carat/tables/qcatalog/dim5/dir.3;1;1/ordnung.192/(1)^5(4)^6/group.649	6	8	8	method=1	log2H=3.00	image=0	bad=0
Z	carat/tables/qcatalog/dim5/dir.3;1;1/ordnung.48/(1)^5(4)^4(8)^2/group.655	7	8	8	method=1	log2H=3.58	image=0	bad=0
father: level 1 number of orbits 1 lengths 1
Z	carat/tables/qcatalog/dim5/dir.3;1;1/ordnung.48/(1)^5(4)^6/group.659	8	6	6	method=1	log2H=3.00	image=0	bad=0
father: level 1 number of orbits 1 lengths 1
Z	carat/tables/qcatalog/dim5/dir.3;1;1/ordnung.48/(1)^5(4)^6/group.663	2	8	8	method=1	log2H=3.58	image=0	bad=0
father: level 1 number of orbits 1 lengths 2
father: level 1 number of orbits 1 lengths 1
father: level 1 number of orbits 2 lengths 1
father: level 1 number of orbits 3 lengths 1
father: level 1 number of orbits 2 lengths 1
father: level 1 number of orbits 3 lengths 1
father: level 2 number of orbits 1 lengths 1
father: level 1 number of orbits 4 lengths 1
Z	carat/tables/qcatalog/dim5/dir.3;1;1/ordnung.96/(1)^5(4)^6/group.672	4	16	16	method=1	log2H=4.00	image=0	bad=0
father: level 2 number of orbits 1 lengths 1
Z	carat/tables/qcatalog/dim5/dir.3;1;1/ordnung.48/(1)^5(4)^6/group.661	6	2	2	method=1	log2H=1.00	image=0	bad=0
father: level 1 number of orbits 1 lengths 2
father: level 1 number of orbits 2 lengths 1
father: level 1 number of orbits 3 lengths 1
father: level 1 number of orbits 1 lengths 1
father: level 1 number of orbits 2 lengths 1
father: level 2 number of orbits 1 lengths 1
father: level 1 number of orbits 3 lengths 1
Z	carat/tables/qcatalog/dim5/dir.3;1;1/ordnung.48/(1)^5(4)^4(8)^2/group.655	8	8	8	method=1	log2H=3.58	image=0	bad=0
Z	carat/tables/qcatalog/dim5/dir.3;1;1/ordnung.48/(1)^5(4)^6/group.659	9	4	4	method=1	log2H=2.00	image=0	bad=0
father: level 1 number of orbits 4 lengths 1
Z	carat/tables/qcatalog/dim5/dir.3;1;1/ordnung.48/(1)^5(4)^6/group.663	3	32	32	method=1	log2H=5.58	image=0	bad=0
Z	carat/tables/qcatalog/dim5/dir.3;1;1/ordnung.48/(1)^5(4)^6/group.661	7	4	4	method=1	log2H=2.00	image=0	bad=0
Z	carat/tables/qcatalog/dim5/dir.3;1;1/ordnung.48/(1)^5(4)^4(8)^2/group.655	9	16	16	method=1	log2H=4.58	image=0	bad=0
Z	carat/tables/qcatalog/dim5/dir.3;1;1/ordnung.48/(1)^5(4)^6/group.659	10	2	2	method=1	log2H=1.00	image=0	bad=0
Z	carat/tables/qcatalog/dim5/dir.3;1;1/ordnung.48/(1)^5(4)^6/group.663	4	8	8	method=1	log2H=3.58	image=0	bad=0
father: level 2 number of orbits 1 lengths 1
Z	carat/tables/qcatalog/dim5/dir.3;1;1/ordnung.48/(1)^5(4)^6/group.661	8	6	6	method=1	log2H=3.00	image=0	bad=0
Z	carat/tables/qcatalog/dim5/dir.3;1;1/ordnung.96/(1)^5(4)^6/group.670	3	72	72	method=1	log2H=7.00	image=0	bad=0
Z	carat/tables/qcatalog/dim5/dir.3;1;1/ordnung.48/(1)^5(4)^4(8)^2/group.655	10	12	14	method=1	log2H=4.58	image=0	bad=0
Z	carat/tables/qcatalog/dim5/dir.3;1;1/ordnung.48/(1)^5(4)^6/group.659	11	2	2	method=1	log2H=1.00	image=0	bad=0
Z	carat/tables/qcatalog/dim5/dir.3;1;1/ordnung.96/(1)^5(4)^6/group.668	5	32	32	method=1	log2H=5.00	image=0	bad=0
Z	carat/tables/qcatalog/dim5/dir.3;1;1/ordnung.48/(1)^5(4)^6/group.663	5	8	8	method=1	log2H=3.58	image=0	bad=0
Z	carat/tables/qcatalog/dim5/dir.3;1;1/ordnung.48/(1)^5(4)^6/group.661	9	6	6	method=1	log2H=3.00	image=0	bad=0
Z	carat/tables/qcatalog/dim5/dir.3;1;1/ordnung.48/(1)^5(4)^4(8)^2/group.655	11	8	8	method=1	log2H=3.58	image=0	bad=0
Z	carat/tables/qcatalog/dim5/dir.3;1;1/ordnung.96/(1)^5(4)^6/group.674	1	72	72	method=1	log2H=7.00	image=0	bad=0
Z	carat/tables/qcatalog/dim5/dir.3;1;1/ordnung.48/(1)^5(4)^6/group.659	12	3	3	method=1	log2H=2.00	image=0	bad=0
Z	carat/tables/qcatalog/dim5/dir.3;1;1/ordnung.96/(1)^5(4)^6/group.672	5	12	12	method=1	log2H=4.00	image=0	bad=0
Z	carat/tables/qcatalog/dim5/dir.3;1;1/ordnung.48/(1)^5(4)^4(8)^2/group.655	12	4	4	method=1	log2H=2.58	image=0	bad=0
Z	carat/tables/qcatalog/dim5/dir.3;1;1/ordnung.48/(1)^5(4)^4(8)^2/group.655	13	4	4	method=1	log2H=2.58	image=0	bad=0
Z	carat/tables/qcatalog/dim5/dir.3;1;1/ordnung.48/(1)^5(4)^6/group.663	6	8	8	method=1	log2H=3.58	image=0	bad=0
Z	carat/tables/qcatalog/dim5/dir.3;1;1/ordnung.96/(1)^5(4)^6/group.670	4	16	16	method=1	log2H=4.00	image=0	bad=0
Z	carat/tables/qcatalog/dim5/dir.3;1;1/ordnung.192/(1)^5(4)^6/group.649	7	40	40	method=1	log2H=6.00	image=0	bad=0
Z	carat/tables/qcatalog/dim5/dir.3;1;1/ordnung.48/(1)^5(4)^6/group.665	1	32	32	method=1	log2H=5.00	image=0	bad=0
father: level 1 number of orbits 1 lengths 1
Z	carat/tables/qcatalog/dim5/dir.3;1;1/ordnung.48/(1)^5(4)^4(8)^2/group.655	14	8	12	method=1	log2H=3.58	image=0	bad=0
Z	carat/tables/qcatalog/dim5/dir.3;1;1/ordnung.48/(1)^5(4)^6/group.663	7	4	4	method=1	log2H=2.58	image=0	bad=0
Z	carat/tables/qcatalog/dim5/dir.3;1;1/ordnung.48/(1)^5(4)^6/group.665	2	8	8	method=1	log2H=3.00	image=0	bad=0
father: level 1 number of orbits 1 lengths 1
Z	carat/tables/qcatalog/dim5/dir.3;1;1/ordnung.96/(1)^5(4)^6/group.674	2	12	12	method=1	log2H=4.00	image=0	bad=0
Z	carat/tables/qcatalog/dim5/dir.3;1;1/ordnung.48/(1)^5(4)^4(8)^2/group.655	15	8	8	method=1	log2H=3.58	image=0	bad=0
Z	carat/tables/qcatalog/dim5/dir.3;1;1/ordnung.48/(1)^5(4)^6/group.665	3	48	48	method=1	log2H=6.00	image=0	bad=0
Z	carat/tables/qcatalog/dim5/dir.3;1;1/ordnung.96/(1)^5(4)^6/group.670	5	12	12	method=1	log2H=4.00	image=0	bad=0
Z	carat/tables/qcatalog/dim5/dir.3;1;1/ordnung.48/(1)^5(4)^6/group.663	8	8	8	method=1	log2H=3.58	image=0	bad=0
Z	carat/tables/qcatalog/dim5/dir.3;1;1/ordnung.48/(1)^5(4)^4(8)^2/group.655	16	2	3	method=1	log2H=1.58	image=0	bad=0
Z	carat/tables/qcatalog/dim5/dir.3;1;1/ordnung.96/(1)^5(4)^6/group.672	6	4	4	method=1	log2H=2.00	image=0	bad=0
Z	carat/tables/qcatalog/dim5/dir.3;1;1/ordnung.48/(1)^5(4)^6/group.661	10	2	2	method=1	log2H=1.00	image=0	bad=0
Z	carat/tables/qcatalog/dim5/dir.3;1;1/ordnung.48/(1)^5(4)^6/group.665	4	8	8	method=1	log2H=3.00	image=0	bad=0
Z	carat/tables/qcatalog/dim5/dir.3;1;1/ordnung.96/(1)^5(4)^6/group.674	3	72	72	method=1	log2H=7.00	image=0	bad=0
Z	carat/tables/qcatalog/dim5/dir.3;1;1/ordnung.48/(1)^5(4)^6/group.663	9	16	16	method=1	log2H=4.58	image=0	bad=0
Z	carat/tables/qcatalog/dim5/dir.3;1;1/ordnung.48/(1)^5(4)^4(8)^2/group.655	17	8	12	method=1	log2H=3.58	image=0	bad=0
Z	carat/tables/qcatalog/dim5/dir.3;1;1/ordnung.96/(1)^5(4)^6/group.668	6	32	32	method=1	log2H=5.00	image=0	bad=0
Z	carat/tables/qcatalog/dim5/dir.3;2-1/ordnung.192/(1)^3(2)^2(4)^8/group.676	1	48	48	method=1	log2H=6.00	image=0	bad=0
Z	carat/tables/qcatalog/dim5/dir.3;1;1/ordnung.48/(1)^5(4)^6/group.663	10	8	8	method=1	log2H=3.58	image=0	bad=0
Z	carat/tables/qcatalog/dim5/dir.3;1;1/ordnung.48/(1)^5(4)^6/group.665	5	8	8	method=1	log2H=3.00	image=0	bad=0
Z	carat/tables/qcatalog/dim5/dir.3;1;1/ordnung.96/(1)^5(4)^6/group.670	6	4	4	method=1	log2H=2.00	image=0	bad=0
Z	carat/tables/qcatalog/dim5/dir.3;1;1/ordnung.48/(1)^5(4)^6/group.663	11	8	8	method=1	log2H=3.58	image=0	bad=0
Z	carat/tables/qcatalog/dim5/dir.3;1;1/ordnung.48/(1)^5(4)^6/group.661	11	2	2	method=1	log2H=1.00	image=0	bad=0
Z	carat/tables/qcatalog/dim5/dir.3;1;1/ordnung.192/(1)^5(4)^6/group.649	8	72	72	method=1	log2H=7.00	image=0	bad=0
Z	carat/tables/qcatalog/dim5/dir.3;1;1/ordnung.96/(1)^5(4)^6/group.674	4	16	16	method=1	log2H=4.00	image=0	bad=0
Z	carat/tables/qcatalog/dim5/dir.3;1;1/ordnung.96/(1)^5(4)^6/group.668	7	8	8	method=1	log2H=3.00	image=0	bad=0
Z	carat/tables/qcatalog/dim5/dir.3;1;1/ordnung.48/(1)^5(4)^6/group.663	12	4	4	method=1	log2H=2.58	image=0	bad=0
Z	carat/tables/qcatalog/dim5/dir.3;1;1/ordnung.48/(1)^5(4)^6/group.665	6	12	12	method=1	log2H=4.00	image=0	bad=0
Z	carat/tables/qcatalog/dim5/dir.3;1;1/ordnung.96/(1)^5(4)^6/group.672	7	12	12	method=1	log2H=4.00	image=0	bad=0
Z	carat/tables/qcatalog/dim5/dir.3;1;1/ordnung.96/(1)^5(4)^6/group.670	7	10	10	method=1	log2H=4.00	image=0	bad=0
Z	carat/tables/qcatalog/dim5/dir.3;1;1/ordnung.48/(1)^5(4)^6/group.663	13	2	2	method=1	log2H=1.58	image=0	bad=0
father: level 1 number of orbits 1 lengths 1
Z	carat/tables/qcatalog/dim5/dir.3;1;1/ordnung.48/(1)^5(4)^6/group.661	12	5	5	method=1	log2H=3.00	image=0	bad=0
Z	carat/tables/qcatalog/dim5/dir.3;2-1/ordnung.192/(1)^3(2)^2(4)^8/group.676	2	8	8	method=1	log2H=3.00	image=0	bad=0
Z	carat/tables/qcatalog/dim5/dir.3;1;1/ordnung.96/(1)^5(4)^6/group.674	5	12	12	method=1	log2H=4.00	image=0	bad=0
father: level 1 number of orbits 1 lengths 1
Z	carat/tables/qcatalog/dim5/dir.3;1;1/ordnung.48/(1)^5(4)^6/group.663	14	8	8	method=1	log2H=3.58	image=0	bad=0
father: level 1 number of orbits 1 lengths 1
Z	carat/tables/qcatalog/dim5/dir.3;1;1/ordnung.48/(1)^5(4)^6/group.665	7	4	4	method=1	log2H=2.00	image=0	bad=0
father: level 1 number of orbits 2 lengths 1
father: level 1 number of orbits 3 lengths 1
father: level 1 number of orbits 1 lengths 1
father: level 1 number of orbits 4 lengths 1
father: level 1 number of orbits 2 lengths 1
father: level 1 number of orbits 3 lengths 1
father: level 1 number of orbits 4 lengths 1
father: level 2 number of orbits 1 lengths 1
father: level 2 number of orbits 1 lengths 1
Z	carat/tables/qcatalog/dim5/dir.3;1;1/ordnung.96/(1)^5(4)^6/group.672	8	20	20	method=1	log2H=5.00	image=0	bad=0
Z	carat/tables/qcatalog/dim5/dir.3;1;1/ordnung.96/(1)^5(4)^6/group.670	8	20	20	method=1	log2H=5.00	image=0	bad=0
father: level 1 number of orbits 1 lengths 1
father: level 1 number of orbits 2 lengths 1
father: level 1 number of orbits 3 lengths 1
father: level 1 number of orbits 4 lengths 1
father: level 2 number of orbits 1 lengths 1
father: level 2 number of orbits 1 lengths 2
father: level 2 number of orbits 2 lengths 2
father: level 3 number of orbits 1 lengths 2
Z	carat/tables/qcatalog/dim5/dir.3;1;1/ordnung.48/(1)^5(4)^6/group.665	8	8	8	method=1	log2H=3.00	image=0	bad=0
father: level 1 number of orbits 1 lengths 1
father: level 1 number of orbits 2 lengths 1
father: level 1 number of orbits 3 lengths 1
father: level 1 number of orbits 4 lengths 1
father: level 2 number of orbits 1 lengths 2
Z	carat/tables/qcatalog/dim5/dir.3;1;1/ordnung.192/(1)^5(4)^6/group.649	9	64	64	method=1	log2H=6.00	image=0	bad=0
father: level 2 number of orbits 2 lengths 1
father: level 2 number of orbits 3 lengths 2
Z	carat/tables/qcatalog/dim5/dir.3;1;1/ordnung.96/(1)^5(4)^6/group.672	9	16	16	method=1	log2H=4.00	image=0	bad=0
Z	carat/tables/qcatalog/dim5/dir.3;1;1/ordnung.96/(1)^5(4)^6/group.674	6	4	4	method=1	log2H=2.00	image=0	bad=0
Z	carat/tables/qcatalog/dim5/dir.3;1;1/ordnung.96/(1)^5(4)^6/group.670	9	16	16	method=1	log2H=4.00	image=0	bad=0
Z	carat/tables/qcatalog/dim5/dir.3;1;1/ordnung.96/(1)^5(4)^6/group.668	8	32	32	method=1	log2H=5.00	image=0	bad=0
father: level 3 number of orbits 1 lengths 2
father: level 1 number of orbits 1 lengths 1
father: level 1 number of orbits 1 lengths 1
Z	carat/tables/qcatalog/dim5/dir.3;1;1/ordnung.96/(1)^5(4)^6/group.672	10	4	4	method=1	log2H=2.00	image=0	bad=0
Z	carat/tables/qcatalog/dim5/dir.3;1;1/ordnung.96/(1)^5(4)^6/group.670	10	4	4	method=1	log2H=2.00	image=0	bad=0
Z	carat/tables/qcatalog/dim5/dir.3;1;1/ordnung.96/(1)^5(4)^4(8)^2/group.667	1	128	128	method=1	log2H=7.00	image=0	bad=0
Z	carat/tables/qcatalog/dim5/dir.3;1;1/ordnung.96/(1)^5(4)^6/group.674	7	12	12	method=1	log2H=4.00	image=0	bad=0
Z	carat/tables/qcatalog/dim5/dir.3;1;1/ordnung.48/(1)^5(4)^6/group.665	9	16	16	method=1	log2H=4.00	image=0	bad=0
Z	carat/tables/qcatalog/dim5/dir.3;2-1/ordnung.192/(1)^3(2)^2(4)^8/group.676	3	32	32	method=1	log2H=5.00	image=0	bad=0
Z	carat/tables/qcatalog/dim5/dir.3;1;1/ordnung.192/(1)^5(4)^6/group.649	10	8	8	method=1	log2H=3.00	image=0	bad=0
Z	carat/tables/qcatalog/dim5/dir.3;1;1/ordnung.96/(1)^5(4)^6/group.672	11	3	3	method=1	log2H=2.00	image=0	bad=0
Z	carat/tables/qcatalog/dim5/dir.3;1;1/ordnung.96/(1)^5(4)^6/group.670	11	2	2	method=1	log2H=1.00	image=0	bad=0
Z	carat/tables/qcatalog/dim5/dir.3;1;1/ordnung.96/(1)^5(4)^6/group.674	8	20	20	method=1	log2H=5.00	image=0	bad=0
Z	carat/tables/qcatalog/dim5/dir.3;1;1/ordnung.96/(1)^5(4)^4(8)^2/group.667	2	16	16	method=1	log2H=4.00	image=0	bad=0
Z	carat/tables/qcatalog/dim5/dir.3;1;1/ordnung.96/(1)^5(4)^6/group.672	12	10	10	method=1	log2H=4.00	image=0	bad=0
father: level 1 number of orbits 1 lengths 1
Z	carat/tables/qcatalog/dim5/dir.3;1;1/ordnung.48/(1)^5(4)^6/group.665	10	12	12	method=1	log2H=4.00	image=0	bad=0
father: level 1 number of orbits 1 lengths 1
Z	carat/tables/qcatalog/dim5/dir.3;1;1/ordnung.48/(1)^5(4)^4(8)^2/group.657	1	32	32	method=1	log2H=5.58	image=0	bad=0
Z	carat/tables/qcatalog/dim5/dir.3;1;1/ordnung.96/(1)^5(4)^6/group.674	9	16	16	method=1	log2H=4.00	image=0	bad=0
Z	carat/tables/qcatalog/dim5/dir.3;1;1/ordnung.192/(1)^5(4)^6/group.649	11	4	4	method=1	log2H=2.00	image=0	bad=0
Z	carat/tables/qcatalog/dim5/dir.3;1;1/ordnung.96/(1)^5(4)^6/group.670	12	10	10	method=1	log2H=4.00	image=0	bad=0
Z	carat/tables/qcatalog/dim5/dir.3;2-1/ordnung.192/(1)^5(2)^2(4)^6/group.680	1	32	32	method=1	log2H=5.00	image=0	bad=0
Z	carat/tables/qcatalog/dim5/dir.3;1;1/ordnung.48/(1)^5(4)^6/group.665	11	12	12	method=1	log2H=4.00	image=0	bad=0
Z	carat/tables/qcatalog/dim5/dir.3;1;1/ordnung.96/(1)^5(4)^4(8)^2/group.667	3	128	128	method=1	log2H=7.00	image=0	bad=0
Z	carat/tables/qcatalog/dim5/dir.3;1;1/ordnung.48/(1)^5(4)^4(8)^2/group.657	2	8	8	method=1	log2H=3.58	image=0	bad=0
Z	carat/tables/qcatalog/dim5/dir.3;1;1/ordnung.48/(1)^5(4)^6/group.665	12	4	4	method=1	log2H=2.00	image=0	bad=0
Z	carat/tables/qcatalog/dim5/dir.3;1;1/ordnung.48/(1)^5(4)^4(8)^2/group.657	3	48	48	method=1	log2H=6.58	image=0	bad=0
Z	carat/tables/qcatalog/dim5/dir.3;2-1/ordnung.192/(1)^3(2)^2(4)^8/group.676	4	8	8	method=1	log2H=3.00	image=0	bad=0
Z	carat/tables/qcatalog/dim5/dir.3;1;1/ordnung.48/(1)^5(4)^6/group.665	13	3	3	method=1	log2H=2.00	image=0	bad=0
Z	carat/tables/qcatalog/dim5/dir.3;2-1/ordnung.192/(1)^5(2)^2(4)^6/group.682	1	32	32	method=1	log2H=5.00	image=0	bad=0
Z	carat/tables/qcatalog/dim5/dir.3;1;1/ordnung.96/(1)^5(4)^6/group.668	9	64	64	method=1	log2H=6.00	image=0	bad=0
Z	carat/tables/qcatalog/dim5/dir.3;1;1/ordnung.48/(1)^5(4)^4(8)^2/group.657	4	24	24	method=1	log2H=5.58	image=0	bad=0
Z	carat/tables/qcatalog/dim5/dir.3;1;1/ordnung.48/(1)^5(4)^6/group.665	14	12	12	method=1	log2H=4.00	image=0	bad=0
Z	carat/tables/qcatalog/dim5/dir.3;1;1/ordnung.96/(1)^5(4)^4(8)^2/group.667	4	16	16	method=1	log2H=4.00	image=0	bad=0
father: level 1 number of orbits 1 lengths 1
Z	carat/tables/qcatalog/dim5/dir.3;1;1/ordnung.96/(1)^5(4)^6/group.674	10	4	4	method=1	log2H=2.00	image=0	bad=0
father: level 1 number of orbits 1 lengths 1
father: level 1 number of orbits 1 lengths 1
father: level 1 number of orbits 1 lengths 1
Z	carat/tables/qcatalog/dim5/dir.3;1;1/ordnung.192/(1)^5(4)^6/group.649	12	36	36	method=1	log2H=6.00	image=0	bad=0
father: level 1 number of orbits 1 lengths 1
father: level 1 number of orbits 1 lengths 1
father: level 1 number of orbits 1 lengths 1
Z	carat/tables/qcatalog/dim5/dir.3;1;1/ordnung.48/(1)^5(4)^4(8)^2/group.657	5	8	8	method=1	log2H=3.58	image=0	bad=0
Z	carat/tables/qcatalog/dim5/dir.3;1;1/ordnung.96/(1)^5(4)^6/group.668	10	32	32	method=1	log2H=5.00	image=0	bad=0
Z	carat/tables/qcatalog/dim5/dir.3;2-1/ordnung.192/(1)^3(2)^2(4)^8/group.676	5	6	6	method=1	log2H=3.00	image=0	bad=0
father: level 1 number of orbits 1 lengths 1
Z	carat/tables/qcatalog/dim5/dir.3;2-1/ordnung.192/(1)^5(2)^2(4)^6/group.682	2	8	8	method=1	log2H=3.00	image=0	bad=0
Z	carat/tables/qcatalog/dim5/dir.3;2-1/ordnung.192/(1)^5(2)^2(4)^6/group.680	2	8	8	method=1	log2H=3.00	image=0	bad=0
Z	carat/tables/qcatalog/dim5/dir.3;1;1/ordnung.96/(1)^5(4)^4(8)^2/group.667	5	80	80	method=1	log2H=7.00	image=0	bad=0
Z	carat/tables/qcatalog/dim5/dir.3;1;1/ordnung.48/(1)^5(4)^4(8)^2/group.657	6	12	12	method=1	log2H=4.58	image=0	bad=0
Z	carat/tables/qcatalog/dim5/dir.3;1;1/ordnung.96/(1)^5(4)^6/group.674	11	3	3	method=1	log2H=2.00	image=0	bad=0
Z	carat/tables/qcatalog/dim5/dir.3;2-1/ordnung.192/(1)^5(2)^2(4)^6/group.682	3	32	32	method=1	log2H=5.00	image=0	bad=0
Z	carat/tables/qcatalog/dim5/dir.3;1;1/ordnung.96/(1)^5(4)^4(8)^2/group.667	6	16	16	method=1	log2H=4.00	image=0	bad=0
Z	carat/tables/qcatalog/dim5/dir.3;2-1/ordnung.192/(1)^5(2)^2(4)^6/group.684	1	32	32	method=1	log2H=5.00	image=0	bad=0
Z	carat/tables/qcatalog/dim5/dir.3;2-1/ordnung.384/(1)^5(2)^2(4)^6/group.686	1	128	128	method=1	log2H=7.00	image=0	bad=0
Z	carat/tables/qcatalog/dim5/dir.3;1;1/ordnung.48/(1)^5(4)^4(8)^2/group.657	7	8	8	method=1	log2H=3.58	image=0	bad=0
Z	carat/tables/qcatalog/dim5/dir.3;2-1/ordnung.192/(1)^5(2)^2(4)^6/group.680	3	32	32	method=1	log2H=5.00	image=0	bad=0
Z	carat/tables/qcatalog/dim5/dir.3;2-1/ordnung.192/(1)^5(2)^2(4)^6/group.678	1	32	32	method=1	log2H=5.00	image=0	bad=0
Z	carat/tables/qcatalog/dim5/dir.3;1;1/ordnung.48/(1)^5(4)^4(8)^2/group.657	8	8	8	method=1	log2H=3.58	image=0	bad=0
Z	carat/tables/qcatalog/dim5/dir.3;1;1/ordnung.96/(1)^5(4)^4(8)^2/group.667	7	12	12	method=1	log2H=4.00	image=0	bad=0
Z	carat/tables/qcatalog/dim5/dir.3;2-1/ordnung.192/(1)^5(2)^2(4)^6/group.682	4	8	8	method=1	log2H=3.00	image=0	bad=0
Z	carat/tables/qcatalog/dim5/dir.3;1;1/ordnung.48/(1)^5(4)^4(8)^2/group.657	9	16	16	method=1	log2H=4.58	image=0	bad=0
Z	carat/tables/qcatalog/dim5/dir.3;1;1/ordnung.96/(1)^5(4)^6/group.668	11	32	32	method=1	log2H=5.00	image=0	bad=0
Z	carat/tables/qcatalog/dim5/dir.3;1;1/ordnung.48/(1)^5(4)^4(8)^2/group.657	10	16	16	method=1	log2H=4.58	image=0	bad=0
Z	carat/tables/qcatalog/dim5/dir.3;1;1/ordnung.96/(1)^5(4)^6/group.674	12	10	10	method=1	log2H=4.00	image=0	bad=0
Z	carat/tables/qcatalog/dim5/dir.3;1;1/ordnung.48/(1)^5(4)^4(8)^2/group.657	11	12	12	method=1	log2H=4.58	image=0	bad=0
Z	carat/tables/qcatalog/dim5/dir.3;2-1/ordnung.192/(1)^5(2)^2(4)^6/group.682	5	4	4	method=1	log2H=2.00	image=0	bad=0
Z	carat/tables/qcatalog/dim5/dir.3;2-1/ordnung.192/(1)^5(2)^2(4)^6/group.680	4	8	8	method=1	log2H=3.00	image=0	bad=0
Z	carat/tables/qcatalog/dim5/dir.3;1;1/ordnung.48/(1)^5(4)^4(8)^2/group.657	12	4	4	method=1	log2H=2.58	image=0	bad=0
Z	carat/tables/qcatalog/dim5/dir.3;1;1/ordnung.96/(1)^5(4)^4(8)^2/group.667	8	16	16	method=1	log2H=4.00	image=0	bad=0
father: level 1 number of orbits 1 lengths 1
Z	carat/tables/qcatalog/dim5/dir.3;2-1/ordnung.192/(1)^5(2)^2(4)^6/group.684	2	8	8	method=1	log2H=3.00	image=0	bad=0
Z	carat/tables/qcatalog/dim5/dir.3;1;1/ordnung.48/(1)^5(4)^4(8)^2/group.657	13	4	4	method=1	log2H=2.58	image=0	bad=0
father: level 1 number of orbits 1 lengths 1
father: level 1 number of orbits 1 lengths 1
father: level 1 number of orbits 1 lengths 2
father: level 1 number of orbits 2 lengths 1
father: level 1 number of orbits 3 lengths 1
Z	carat/tables/qcatalog/dim5/dir.3;1;1/ordnung.96/(1)^5(4)^4(8)^2/group.667	9	32	32	method=1	log2H=5.00	image=0	bad=0
father: level 2 number of orbits 1 lengths 1
Z	carat/tables/qcatalog/dim5/dir.3;1;1/ordnung.48/(1)^5(4)^4(8)^2/group.657	14	8	8	method=1	log2H=3.58	image=0	bad=0
Z	carat/tables/qcatalog/dim5/dir.3;2-1/ordnung.384/(1)^5(2)^2(4)^6/group.686	2	16	16	method=1	log2H=4.00	image=0	bad=0
father: level 1 number of orbits 1 lengths 2
Z	carat/tables/qcatalog/dim5/dir.3;1;1/ordnung.96/(1)^5(4)^6/group.668	12	8	8	method=1	log2H=3.00	image=0	bad=0
father: level 1 number of orbits 2 lengths 1
father: level 1 number of orbits 3 lengths 1
father: level 1 number of orbits 1 lengths 1
father: level 2 number of orbits 1 lengths 1
father: level 1 number of orbits 1 lengths 2
father: level 1 number of orbits 2 lengths 1
Z	carat/tables/qcatalog/dim5/dir.3;2-1/ordnung.192/(1)^5(2)^2(4)^6/group.680	5	4	4	method=1	log2H=2.00	image=0	bad=0
father: level 1 number of orbits 3 lengths 1
father: level 2 number of orbits 1 lengths 1
Z	carat/tables/qcatalog/dim5/dir.3;1;1/ordnung.48/(1)^5(4)^4(8)^2/group.657	15	12	12	method=1	log2H=4.58	image=0	bad=0
Z	carat/tables/qcatalog/dim5/dir.3;2-1/ordnung.48/(1)^3(4)^8/min.137	1	3	3	method=1	log2H=2.00	image=0	bad=0
father: level 1 number of orbits 1 lengths 2
father: level 1 number of orbits 2 lengths 1
father: level 1 number of orbits 3 lengths 1
Z	carat/tables/qcatalog/dim5/dir.3;1;1/ordnung.48/(1)^5(4)^4(8)^2/group.657	16	2	2	method=1	log2H=1.58	image=0	bad=0
Z	carat/tables/qcatalog/dim5/dir.3;1;1/ordnung.96/(1)^5(4)^4(8)^2/group.667	10	16	16	method=1	log2H=4.00	image=0	bad=0
father: level 2 number of orbits 1 lengths 1
Z	carat/tables/qcatalog/dim5/dir.3;1;1/ordnung.96/(1)^5(4)^6/group.668	13	4	4	method=1	log2H=2.00	image=0	bad=0
Z	carat/tables/qcatalog/dim5/dir.3;2-1/ordnung.192/(1)^5(2)^2(4)^6/group.684	3	32	32	method=1	log2H=5.00	image=0	bad=0
Z	carat/tables/qcatalog/dim5/dir.3;1;1/ordnung.48/(1)^5(4)^4(8)^2/group.657	17	8	8	method=1	log2H=3.58	image=0	bad=0
Z	carat/tables/qcatalog/dim5/dir.3;1;1/ordnung.96/(1)^5(4)^6/group.673	1	80	80	method=1	log2H=7.00	image=0	bad=0
Z	carat/tables/qcatalog/dim5/dir.3;2-1/ordnung.192/(1)^5(2)^2(4)^6/group.678	2	8	8	method=1	log2H=3.00	image=0	bad=0
Z	carat/tables/qcatalog/dim5/dir.3;2-1/ordnung.48/(1)^3(4)^8/min.137	2	2	2	method=1	log2H=1.00	image=0	bad=0
Z	carat/tables/qcatalog/dim5/dir.3;1;1/ordnung.96/(1)^5(4)^4(8)^2/group.667	11	24	24	method=1	log2H=5.00	image=0	bad=0
Z	carat/tables/qcatalog/dim5/dir.3;2-1/ordnung.48/(1)^3(4)^8/min.137	3	2	2	method=1	log2H=1.00	image=0	bad=0
Z	carat/tables/qcatalog/dim5/dir.3;1;1/ordnung.96/(1)^5(4)^6/group.668	14	32	32	method=1	log2H=5.00	image=0	bad=0
Z	carat/tables/qcatalog/dim5/dir.3;1;1/ordnung.96/(1)^5(4)^6/group.673	2	16	16	method=1	log2H=4.00	image=0	bad=0
Z	carat/tables/qcatalog/dim5/dir.3;2-1/ordnung.48/(1)^3(4)^8/min.137	4	2	2	method=1	log2H=1.00	image=0	bad=0
Z	carat/tables/qcatalog/dim5/dir.3;1;1/ordnung.96/(1)^5(4)^4(8)^2/group.667	12	4	4	method=1	log2H=2.00	image=0	bad=0
Z	carat/tables/qcatalog/dim5/dir.3;2-1/ordnung.384/(1)^5(2)^2(4)^6/group.686	3	128	128	method=1	log2H=7.00	image=0	bad=0
Z	carat/tables/qcatalog/dim5/dir.3;2-1/ordnung.48/(1)^3(4)^8/min.137	5	2	2	method=1	log2H=1.00	image=0	bad=0
Z	carat/tables/qcatalog/dim5/dir.3;2-1/ordnung.192/(1)^5(2)^2(4)^6/group.678	3	32	32	method=1	log2H=5.00	image=0	bad=0
Z	carat/tables/qcatalog/dim5/dir.3;1;1/ordnung.96/(1)^5(4)^6/group.673	3	72	72	method=1	log2H=7.00	image=0	bad=0
Z	carat/tables/qcatalog/dim5/dir.3;1;1/ordnung.96/(1)^5(4)^4(8)^2/group.667	13	3	3	method=1	log2H=2.00	image=0	bad=0
Z	carat/tables/qcatalog/dim5/dir.3;2-1/ordnung.192/(1)^5(2)^2(4)^6/group.684	4	8	8	method=1	log2H=3.00	image=0	bad=0
father: level 1 number of orbits 1 lengths 1
father: level 1 number of orbits 1 lengths 1
father: level 1 number of orbits 1 lengths 1
father: level 1 number of orbits 1 lengths 1
Z	carat/tables/qcatalog/dim5/dir.3;2-1/ordnung.48/(1)^5(4)^6/min.139	1	3	3	method=1	log2H=2.00	image=0	bad=0
Z	carat/tables/qcatalog/dim5/dir.3;1;1/ordnung.96/(1)^5(4)^6/group.671	1	72	72	method=1	log2H=7.00	image=0	bad=0
Z	carat/tables/qcatalog/dim5/dir.3;1;1/ordnung.96/(1)^5(4)^4(8)^2/group.667	14	16	16	method=1	log2H=4.00	image=0	bad=0
Z	carat/tables/qcatalog/dim5/dir.3;1;1/ordnung.96/(1)^5(4)^6/group.673	4	16	16	method=1	log2H=4.00	image=0	bad=0
Z	carat/tables/qcatalog/dim5/dir.3;2-1/ordnung.48/(1)^5(4)^6/min.139	2	2	2	method=1	log2H=1.00	image=0	bad=0
Z	carat/tables/qcatalog/dim5/dir.3;2-1/ordnung.48/(1)^5(4)^6/min.139	3	3	3	method=1	log2H=2.00	image=0	bad=0
Z	carat/tables/qcatalog/dim5/dir.3;2-1/ordnung.192/(1)^5(2)^2(4)^6/group.678	4	8	8	method=1	log2H=3.00	image=0	bad=0
Z	carat/tables/qcatalog/dim5/dir.3;2-1/ordnung.192/(1)^5(2)^2(4)^6/group.683	1	48	48	method=1	log2H=6.00	image=0	bad=0
Z	carat/tables/qcatalog/dim5/dir.3;2-1/ordnung.48/(1)^5(4)^6/min.139	4	2	2	method=1	log2H=1.00	image=0	bad=0
father: level 1 number of orbits 1 lengths 1
Z	carat/tables/qcatalog/dim5/dir.3;1;1/ordnung.96/(1)^5(4)^6/group.671	2	12	12	method=1	log2H=4.00	image=0	bad=0
Z	carat/tables/qcatalog/dim5/dir.3;1;1/ordnung.96/(1)^5(4)^6/group.673	5	12	12	method=1	log2H=4.00	image=0	bad=0
Z	carat/tables/qcatalog/dim5/dir.3;1;1/ordnung.96/(1)^5(4)^4(8)^2/group.667	15	16	16	method=1	log2H=4.00	image=0	bad=0
Z	carat/tables/qcatalog/dim5/dir.3;2-1/ordnung.48/(1)^5(4)^6/min.139	5	2	2	method=1	log2H=1.00	image=0	bad=0
Z	carat/tables/qcatalog/dim5/dir.3;2-1/ordnung.384/(1)^5(2)^2(4)^6/group.686	4	16	16	method=1	log2H=4.00	image=0	bad=0
father: level 1 number of orbits 1 lengths 1
Z	carat/tables/qcatalog/dim5/dir.3;1;1/ordnung.96/(1)^5(4)^6/group.671	3	108	108	method=1	log2H=8.00	image=0	bad=0
Z	carat/tables/qcatalog/dim5/dir.3;1;1/ordnung.96/(1)^5(4)^4(8)^2/group.667	16	2	2	method=1	log2H=1.00	image=0	bad=0
Z	carat/tables/qcatalog/dim5/dir.3;1;1/ordnung.96/(1)^5(4)^6/group.673	6	4	4	method=1	log2H=2.00	image=0	bad=0
Z	carat/tables/qcatalog/dim5/dir.3;2-1/ordnung.192/(1)^5(2)^2(4)^6/group.678	5	32	32	method=1	log2H=5.00	image=0	bad=0
Z	carat/tables/qcatalog/dim5/dir.3;2-1/ordnung.192/(1)^5(2)^2(4)^6/group.684	5	4	4	method=1	log2H=2.00	image=0	bad=0
father: level 1 number of orbits 1 lengths 1
father: level 1 number of orbits 1 lengths 1
Z	carat/tables/qcatalog/dim5/dir.3;2-1/ordnung.192/(1)^5(2)^2(4)^6/group.683	2	8	8	method=1	log2H=3.00	image=0	bad=0
Z	carat/tables/qcatalog/dim5/dir.3;1;1/ordnung.96/(1)^5(4)^6/group.671	4	16	16	method=1	log2H=4.00	image=0	bad=0
Z	carat/tables/qcatalog/dim5/dir.3;2-1/ordnung.192/(1)^5(2)^2(4)^6/group.681	1	32	32	method=1	log2H=5.00	image=0	bad=0
Z	carat/tables/qcatalog/dim5/dir.3;2-1/ordnung.48/(1)^5(4)^6/min.138	1	3	3	method=1	log2H=2.00	image=0	bad=0
Z	carat/tables/qcatalog/dim5/dir.3;1;1/ordnung.96/(1)^5(4)^6/group.673	7	12	12	method=1	log2H=4.00	image=0	bad=0
Z	carat/tables/qcatalog/dim5/dir.3;1;1/ordnung.96/(1)^5(4)^4(8)^2/group.667	17	16	16	method=1	log2H=4.00	image=0	bad=0
Z	carat/tables/qcatalog/dim5/dir.3;2-1/ordnung.48/(1)^5(4)^6/min.138	2	2	2	method=1	log2H=1.00	image=0	bad=0
Z	carat/tables/qcatalog/dim5/dir.3;2-1/ordnung.384/(1)^5(2)^2(4)^6/group.686	5	8	8	method=1	log2H=3.00	image=0	bad=0
Z	carat/tables/qcatalog/dim5/dir.3;2-1/ordnung.192/(1)^5(2)^2(4)^6/group.678	6	8	8	method=1	log2H=3.00	image=0	bad=0
Z	carat/tables/qcatalog/dim5/dir.3;2-1/ordnung.192/(1)^5(2)^2(4)^6/group.683	3	32	32	method=1	log2H=5.00	image=0	bad=0
Z	carat/tables/qcatalog/dim5/dir.3;2-1/ordnung.48/(1)^5(4)^6/min.138	3	2	2	method=1	log2H=1.00	image=0	bad=0
Z	carat/tables/qcatalog/dim5/dir.3;1;1/ordnung.96/(1)^5(4)^6/group.671	5	18	18	method=1	log2H=5.00	image=0	bad=0
Z	carat/tables/qcatalog/dim5/dir.3;2-1/ordnung.48/(1)^5(4)^6/min.138	4	2	2	method=1	log2H=1.00	image=0	bad=0
Z	carat/tables/qcatalog/dim5/dir.3;1;1/ordnung.96/(1)^5(4)^6/group.673	8	20	20	method=1	log2H=5.00	image=0	bad=0
Z	carat/tables/qcatalog/dim5/dir.3;2-1/ordnung.48/(1)^5(4)^6/min.138	5	2	2	method=1	log2H=1.00	image=0	bad=0
Z	carat/tables/qcatalog/dim5/dir.3;2-1/ordnung.192/(1)^5(2)^2(4)^6/group.683	4	8	8	method=1	log2H=3.00	image=0	bad=0
Z	carat/tables/qcatalog/dim5/dir.3;1;1/ordnung.96/(1)^5(4)^6/group.671	6	4	4	method=1	log2H=2.00	image=0	bad=0
Z	carat/tables/qcatalog/dim5/dir.3;2-1/ordnung.192/(1)^5(2)^2(4)^6/group.678	7	4	4	method=1	log2H=2.00	image=0	bad=0
Z	carat/tables/qcatalog/dim5/dir.3;1;1/ordnung.96/(1)^5(4)^6/group.673	9	16	16	method=1	log2H=4.00	image=0	bad=0
father: level 1 number of orbits 1 lengths 1
father: level 1 number of orbits 1 lengths 1
Z	carat/tables/qcatalog/dim5/dir.3;2-1/ordnung.192/(1)^5(2)^2(4)^6/group.681	2	8	8	method=1	log2H=3.00	image=0	bad=0
father: level 1 number of orbits 1 lengths 1
father: level 1 number of orbits 1 lengths 1
father: level 1 number of orbits 1 lengths 1
father: level 1 number of orbits 1 lengths 1
Z	carat/tables/qcatalog/dim5/dir.3;1;1/ordnung.96/(1)^5(4)^6/group.673	10	4	4	method=1	log2H=2.00	image=0	bad=0
Z	carat/tables/qcatalog/dim5/dir.3;1;1/ordnung.96/(1)^5(4)^6/group.671	7	12	12	method=1	log2H=4.00	image=0	bad=0
Z	carat/tables/qcatalog/dim5/dir.3;2-1/ordnung.192/(1)^5(2)^2(4)^6/group.683	5	6	6	method=1	log2H=3.00	image=0	bad=0
Z	carat/tables/qcatalog/dim5/dir.3;2-1/ordnung.96/(1)^3(2)^2(4)^8/group.687	1	12	12	method=1	log2H=4.00	image=0	bad=0
Z	carat/tables/qcatalog/dim5/dir.3;2-1/ordnung.192/(1)^5(2)^2(4)^6/group.678	8	32	32	method=1	log2H=5.00	image=0	bad=0
Z	carat/tables/qcatalog/dim5/dir.3;1;1/ordnung.96/(1)^5(4)^6/group.671	8	20	20	method=1	log2H=5.00	image=0	bad=0
Z	carat/tables/qcatalog/dim5/dir.3;1;1/ordnung.96/(1)^5(4)^6/group.673	11	2	2	method=1	log2H=1.00	image=0	bad=0
Z	carat/tables/qcatalog/dim5/dir.3;2-1/ordnung.192/(1)^5(2)^2(4)^6/group.681	3	48	48	method=1	log2H=6.00	image=0	bad=0
Z	carat/tables/qcatalog/dim5/dir.3;2-1/ordnung.96/(1)^3(2)^2(4)^8/group.687	2	4	4	method=1	log2H=2.00	image=0	bad=0
Z	carat/tables/qcatalog/dim5/dir.3;2-1/ordnung.192/(1)^5(2)^2(4)^6/group.677	1	32	32	method=1	log2H=5.00	image=0	bad=0
father: level 1 number of orbits 1 lengths 1
Z	carat/tables/qcatalog/dim5/dir.3;1;1/ordnung.96/(1)^5(4)^6/group.671	9	24	24	method=1	log2H=5.00	image=0	bad=0
Z	carat/tables/qcatalog/dim5/dir.3;1;1/ordnung.96/(1)^5(4)^6/group.673	12	10	10	method=1	log2H=4.00	image=0	bad=0
Z	carat/tables/qcatalog/dim5/dir.3;2-1/ordnung.96/(1)^3(2)^2(4)^8/group.687	3	12	12	method=1	log2H=4.00	image=0	bad=0
father: level 1 number of orbits 1 lengths 1
Z	carat/tables/qcatalog/dim5/dir.3;2-1/ordnung.192/(1)^5(2)^2(4)^6/group.678	9	8	8	method=1	log2H=3.00	image=0	bad=0
Z	carat/tables/qcatalog/dim5/dir.3;2-1/ordnung.48/(1)^3(4)^8/min.136	1	4	4	method=1	log2H=2.00	image=0	bad=0
Z	carat/tables/qcatalog/dim5/dir.3;2-1/ordnung.96/(1)^3(2)^2(4)^8/group.687	4	4	4	method=1	log2H=2.00	image=0	bad=0
Z	carat/tables/qcatalog/dim5/dir.3;2-1/ordnung.192/(1)^5(2)^2(4)^6/group.681	4	8	8	method=1	log2H=3.00	image=0	bad=0
Z	carat/tables/qcatalog/dim5/dir.3;1;1/ordnung.96/(1)^5(4)^6/group.671	10	4	4	method=1	log2H=2.00	image=0	bad=0
Z	carat/tables/qcatalog/dim5/dir.3;2-1/ordnung.96/(1)^3(2)^2(4)^8/group.687	5	3	3	method=1	log2H=2.00	image=0	bad=0
Z	carat/tables/qcatalog/dim5/dir.3;2-1/ordnung.48/(1)^3(4)^8/min.136	2	2	2	method=1	log2H=1.00	image=0	bad=0
Z	carat/tables/qcatalog/dim5/dir.3;1;1/ordnung.96/(1)^5(4)^6/group.671	11	3	3	method=1	log2H=2.00	image=0	bad=0
Z	carat/tables/qcatalog/dim5/dir.3;2-1/ordnung.192/(1)^5(2)^2(4)^6/group.678	10	4	4	method=1	log2H=2.00	image=0	bad=0
Z	carat/tables/qcatalog/dim5/dir.3;2-1/ordnung.48/(1)^3(4)^8/min.136	3	3	3	method=1	log2H=2.00	image=0	bad=0
Z	carat/tables/qcatalog/dim5/dir.3;2-1/ordnung.192/(1)^5(2)^2(4)^6/group.677	2	8	8	method=1	log2H=3.00	image=0	bad=0
Z	carat/tables/qcatalog/dim5/dir.3;2-1/ordnung.48/(1)^3(4)^8/min.136	4	2	2	method=1	log2H=1.00	image=0	bad=0
Z	carat/tables/qcatalog/dim5/dir.3;1;1/ordnung.96/(1)^5(4)^6/group.671	12	16	16	method=1	log2H=5.00	image=0	bad=0
Z	carat/tables/qcatalog/dim5/dir.3;2-1/ordnung.192/(1)^5(2)^2(4)^6/group.681	5	4	4	method=1	log2H=2.00	image=0	bad=0
father: level 1 number of orbits 1 lengths 1
father: level 1 number of orbits 1 lengths 1
father: level 1 number of orbits 1 lengths 1
father: level 1 number of orbits 2 lengths 1
father: level 1 number of orbits 3 lengths 1
Z	carat/tables/qcatalog/dim5/dir.3;2-1/ordnung.48/(1)^3(4)^8/min.136	5	2	2	method=1	log2H=1.00	image=0	bad=0
father: level 1 number of orbits 4 lengths 1
father: level 1 number of orbits 1 lengths 1
father: level 2 number of orbits 1 lengths 1
father: level 1 number of orbits 1 lengths 1
father: level 1 number of orbits 2 lengths 1
father: level 1 number of orbits 3 lengths 1
father: level 1 number of orbits 4 lengths 1
father: level 2 number of orbits 1 lengths 1
father: level 1 number of orbits 1 lengths 1
father: level 1 number of orbits 1 lengths 1
father: level 1 number of orbits 1 lengths 1
father: level 1 number of orbits 2 lengths 1
father: level 1 number of orbits 3 lengths 1
father: level 1 number of orbits 4 lengths 1
father: level 1 number of orbits 1 lengths 1
father: level 2 number of orbits 1 lengths 1
Z	carat/tables/qcatalog/dim5/dir.3;2-1/ordnung.192/(1)^5(2)^2(4)^6/group.677	3	32	32	method=1	log2H=5.00	image=0	bad=0
father: level 1 number of orbits 1 lengths 1
father: level 1 number of orbits 1 lengths 1
father: level 1 number of orbits 2 lengths 1
father: level 1 number of orbits 3 lengths 1
father: level 1 number of orbits 4 lengths 1
father: level 2 number of orbits 1 lengths 1
father: level 1 number of orbits 1 lengths 1
father: level 1 number of orbits 1 lengths 1
father: level 1 number of orbits 1 lengths 1
Z	carat/tables/qcatalog/dim5/dir.3;2-1/ordnung.96/(1)^3(2)^2(4)^8/group.688	1	12	12	method=1	log2H=4.00	image=0	bad=0
Z	carat/tables/qcatalog/dim5/dir.3;1;1/ordnung.96/(1)^5(4)^6/group.675	1	256	256	method=1	log2H=8.58	image=0	bad=0
Z	carat/tables/qcatalog/dim5/dir.3;2-1/ordnung.192/(1)^5(4)^6/group.685	1	32	32	method=1	log2H=5.00	image=0	bad=0
Z	carat/tables/qcatalog/dim5/dir.3;2-1/ordnung.96/(1)^3(4)^8/group.690	1	12	12	method=1	log2H=4.00	image=0	bad=0
Z	carat/tables/qcatalog/dim5/dir.3;2-1/ordnung.96/(1)^3(2)^2(4)^8/group.688	2	4	4	method=1	log2H=2.00	image=0	bad=0
Z	carat/tables/qcatalog/dim5/dir.3;1;1/ordnung.96/(1)^5(4)^6/group.669	1	128	128	method=1	log2H=7.00	image=0	bad=0
Z	carat/tables/qcatalog/dim5/dir.3;2-1/ordnung.96/(1)^3(2)^2(4)^8/group.688	3	12	12	method=1	log2H=4.00	image=0	bad=0
Z	carat/tables/qcatalog/dim5/dir.3;1;1/ordnung.96/(1)^5(4)^6/group.675	2	32	32	method=1	log2H=5.58	image=0	bad=0
Z	carat/tables/qcatalog/dim5/dir.3;2-1/ordnung.192/(1)^5(2)^2(4)^6/group.677	4	8	8	method=1	log2H=3.00	image=0	bad=0
Z	carat/tables/qcatalog/dim5/dir.3;2-1/ordnung.96/(1)^3(4)^8/group.690	2	4	4	method=1	log2H=2.00	image=0	bad=0
Z	carat/tables/qcatalog/dim5/dir.3;2-1/ordnung.96/(1)^3(2)^2(4)^8/group.688	4	4	4	method=1	log2H=2.00	image=0	bad=0
Z	carat/tables/qcatalog/dim5/dir.3;1;1/ordnung.96/(1)^5(4)^6/group.669	2	16	16	method=1	log2H=4.00	image=0	bad=0
Z	carat/tables/qcatalog/dim5/dir.3;2-1/ordnung.192/(1)^5(4)^6/group.685	2	8	8	method=1	log2H=3.00	image=0	bad=0
father: level 1 number of orbits 1 lengths 1
Z	carat/tables/qcatalog/dim5/dir.3;2-1/ordnung.96/(1)^3(2)^2(4)^8/group.688	5	8	8	method=1	log2H=3.00	image=0	bad=0
father: level 1 number of orbits 1 lengths 1
Z	carat/tables/qcatalog/dim5/dir.3;1;1/ordnung.96/(1)^5(4)^6/group.675	3	256	256	method=1	log2H=8.58	image=0	bad=0
Z	carat/tables/qcatalog/dim5/dir.3;2-1/ordnung.192/(1)^5(2)^2(4)^6/group.677	5	32	32	method=1	log2H=5.00	image=0	bad=0
father: level 1 number of orbits 1 lengths 1
Z	carat/tables/qcatalog/dim5/dir.3;1;1/ordnung.96/(1)^5(4)^6/group.669	3	128	128	method=1	log2H=7.00	image=0	bad=0
father: level 1 number of orbits 1 lengths 1
Z	carat/tables/qcatalog/dim5/dir.3;2-1/ordnung.96/(1)^3(2)^2(4)^8/group.688	6	4	4	method=1	log2H=2.00	image=0	bad=0
Z	carat/tables/qcatalog/dim5/dir.3;2-1/ordnung.96/(1)^5(4)^6/group.698	1	12	12	method=1	log2H=4.00	image=0	bad=0
Z	carat/tables/qcatalog/dim5/dir.3;2-1/ordnung.96/(1)^3(4)^8/group.690	3	8	8	method=1	log2H=3.00	image=0	bad=0
Z	carat/tables/qcatalog/dim5/dir.3;1;1/ordnung.96/(1)^5(4)^6/group.675	4	32	32	method=1	log2H=5.58	image=0	bad=0
Z	carat/tables/qcatalog/dim5/dir.3;2-1/ordnung.96/(1)^3(2)^2(4)^8/group.688	7	4	4	method=1	log2H=2.00	image=0	bad=0
father: level 1 number of orbits 1 lengths 1
Z	carat/tables/qcatalog/dim5/dir.3;2-1/ordnung.96/(1)^5(4)^6/group.702	1	8	8	method=1	log2H=3.00	image=0	bad=0
Z	carat/tables/qcatalog/dim5/dir.3;2-1/ordnung.96/(1)^5(4)^6/group.698	2	4	4	method=1	log2H=2.00	image=0	bad=0
father: level 1 number of orbits 1 lengths 1
Z	carat/tables/qcatalog/dim5/dir.3;1;1/ordnung.96/(1)^5(4)^6/group.669	4	16	16	method=1	log2H=4.00	image=0	bad=0
Z	carat/tables/qcatalog/dim5/dir.3;2-1/ordnung.96/(1)^3(4)^8/group.690	4	4	4	method=1	log2H=2.00	image=0	bad=0
Z	carat/tables/qcatalog/dim5/dir.3;2-1/ordnung.192/(1)^5(2)^2(4)^6/group.677	6	8	8	method=1	log2H=3.00	image=0	bad=0
Z	carat/tables/qcatalog/dim5/dir.3;2-1/ordnung.192/(1)^5(4)^6/group.685	3	32	32	method=1	log2H=5.00	image=0	bad=0
Z	carat/tables/qcatalog/dim5/dir.3;2-1/ordnung.96/(1)^5(2)^2(4)^6/group.696	1	12	12	method=1	log2H=4.00	image=0	bad=0
Z	carat/tables/qcatalog/dim5/dir.3;2-1/ordnung.96/(1)^5(4)^6/group.702	2	4	4	method=1	log2H=2.00	image=0	bad=0
Z	carat/tables/qcatalog/dim5/dir.3;2-1/ordnung.96/(1)^5(4)^6/group.698	3	8	8	method=1	log2H=3.00	image=0	bad=0
Z	carat/tables/qcatalog/dim5/dir.3;2-1/ordnung.96/(1)^3(2)^2(4)^8/group.688	8	8	8	method=1	log2H=3.00	image=0	bad=0
Z	carat/tables/qcatalog/dim5/dir.3;1;1/ordnung.96/(1)^5(4)^6/group.675	5	32	32	method=1	log2H=5.58	image=0	bad=0
Z	carat/tables/qcatalog/dim5/dir.3;2-1/ordnung.96/(1)^5(4)^6/group.702	3	8	8	method=1	log2H=3.00	image=0	bad=0
Z	carat/tables/qcatalog/dim5/dir.3;2-1/ordnung.96/(1)^5(2)^2(4)^6/group.696	2	4	4	method=1	log2H=2.00	image=0	bad=0
Z	carat/tables/qcatalog/dim5/dir.3;1;1/ordnung.96/(1)^5(4)^6/group.669	5	16	16	method=1	log2H=4.00	image=0	bad=0
Z	carat/tables/qcatalog/dim5/dir.3;2-1/ordnung.96/(1)^5(4)^6/group.698	4	4	4	method=1	log2H=2.00	image=0	bad=0
father: level 1 number of orbits 1 lengths 1
Z	carat/tables/qcatalog/dim5/dir.3;1;1/ordnung.96/(1)^5(4)^6/group.675	6	32	32	method=1	log2H=5.58	image=0	bad=0
Z	carat/tables/qcatalog/dim5/dir.3;2-1/ordnung.96/(1)^5(2)^2(4)^6/group.696	3	12	12	method=1	log2H=4.00	image=0	bad=0
father: level 1 number of orbits 1 lengths 1
Z	carat/tables/qcatalog/dim5/dir.3;2-1/ordnung.96/(1)^5(4)^6/group.698	5	3	3	method=1	log2H=2.00	image=0	bad=0
Z	carat/tables/qcatalog/dim5/dir.3;2-1/ordnung.96/(1)^3(2)^2(4)^8/group.688	9	4	4	method=1	log2H=2.00	image=0	bad=0
father: level 1 number of orbits 1 lengths 1
Z	carat/tables/qcatalog/dim5/dir.3;2-1/ordnung.96/(1)^5(4)^6/group.702	4	4	4	method=1	log2H=2.00	image=0	bad=0
father: level 1 number of orbits 1 lengths 1
Z	carat/tables/qcatalog/dim5/dir.3;2-1/ordnung.96/(1)^3(4)^8/group.690	5	3	3	method=1	log2H=2.00	image=0	bad=0
Z	carat/tables/qcatalog/dim5/dir.3;1;1/ordnung.96/(1)^5(4)^6/group.669	6	16	16	method=1	log2H=4.00	image=0	bad=0
Z	carat/tables/qcatalog/dim5/dir.3;2-1/ordnung.96/(1)^5(2)^2(4)^6/group.696	4	4	4	method=1	log2H=2.00	image=0	bad=0
father: level 1 number of orbits 1 lengths 1
Z	carat/tables/qcatalog/dim5/dir.3;2-1/ordnung.96/(1)^5(4)^6/group.702	5	3	3	method=1	log2H=2.00	image=0	bad=0
Z	carat/tables/qcatalog/dim5/dir.3;1;1/ordnung.96/(1)^5(4)^6/group.675	7	8	8	method=1	log2H=3.58	image=0	bad=0
father: level 1 number of orbits 1 lengths 1
Z	carat/tables/qcatalog/dim5/dir.3;2-1/ordnung.96/(1)^5(2)^2(4)^6/group.696	5	3	3	method=1	log2H=2.00	image=0	bad=0
Z	carat/tables/qcatalog/dim5/dir.3;2-1/ordnung.96/(1)^5(2)^2(4)^6/group.692	1	10	10	method=1	log2H=4.00	image=0	bad=0
Z	carat/tables/qcatalog/dim5/dir.3;1;1/ordnung.96/(1)^5(4)^6/group.669	7	4	4	method=1	log2H=2.00	image=0	bad=0
Z	carat/tables/qcatalog/dim5/dir.3;2-1/ordnung.96/(1)^3(2)^2(4)^8/group.688	10	3	3	method=1	log2H=2.00	image=0	bad=0
Z	carat/tables/qcatalog/dim5/dir.3;2-1/ordnung.96/(1)^5(4)^6/group.700	1	8	8	method=1	log2H=3.00	image=0	bad=0
Z	carat/tables/qcatalog/dim5/dir.3;2-1/ordnung.192/(1)^5(2)^2(4)^6/group.677	7	4	4	method=1	log2H=2.00	image=0	bad=0
Z	carat/tables/qcatalog/dim5/dir.3;1;1/ordnung.96/(1)^5(4)^6/group.675	8	32	32	method=1	log2H=5.58	image=0	bad=0
Z	carat/tables/qcatalog/dim5/dir.3;2-2/ordnung.144/(1)^5(4)^5(12)^1/group.703	1	4	4	method=1	log2H=2.00	image=0	bad=0
Z	carat/tables/qcatalog/dim5/dir.3;2-1/ordnung.96/(1)^5(2)^2(4)^6/group.692	2	4	4	method=1	log2H=2.00	image=0	bad=0
Z	carat/tables/qcatalog/dim5/dir.3;2-1/ordnung.96/(1)^5(4)^6/group.700	2	4	4	method=1	log2H=2.00	image=0	bad=0
Z	carat/tables/qcatalog/dim5/dir.3;1;1/ordnung.96/(1)^5(4)^6/group.669	8	16	16	method=1	log2H=4.00	image=0	bad=0
Z	carat/tables/qcatalog/dim5/dir.3;2-2/ordnung.144/(1)^5(4)^5(12)^1/group.703	2	6	6	method=1	log2H=3.00	image=0	bad=0
father: level 1 number of orbits 1 lengths 1
Z	carat/tables/qcatalog/dim5/dir.3;1;1/ordnung.96/(1)^5(4)^6/group.675	9	64	64	method=1	log2H=6.58	image=0	bad=0
Z	carat/tables/qcatalog/dim5/dir.3;2-1/ordnung.96/(1)^5(2)^2(4)^6/group.692	3	10	10	method=1	log2H=4.00	image=0	bad=0
Z	carat/tables/qcatalog/dim5/dir.3;2-1/ordnung.192/(1)^5(4)^6/group.685	4	8	8	method=1	log2H=3.00	image=0	bad=0
father: level 1 number of orbits 1 lengths 1
Z	carat/tables/qcatalog/dim5/dir.3;2-1/ordnung.96/(1)^5(4)^6/group.700	3	8	8	method=1	log2H=3.00	image=0	bad=0
Z	carat/tables/qcatalog/dim5/dir.3;2-2/ordnung.144/(1)^5(4)^5(12)^1/group.703	3	2	2	method=1	log2H=1.00	image=0	bad=0
father: level 1 number of orbits 1 lengths 1
father: level 1 number of orbits 1 lengths 1
Z	carat/tables/qcatalog/dim5/dir.3;2-1/ordnung.96/(1)^5(4)^6/group.700	4	4	4	method=1	log2H=2.00	image=0	bad=0
Z	carat/tables/qcatalog/dim5/dir.3;1;1/ordnung.96/(1)^5(4)^6/group.675	10	32	32	method=1	log2H=5.58	image=0	bad=0
Z	carat/tables/qcatalog/dim5/dir.3;2-1/ordnung.96/(1)^5(2)^2(4)^6/group.692	4	4	4	method=1	log2H=2.00	image=0	bad=0
Z	carat/tables/qcatalog/dim5/dir.3;2-1/ordnung.96/(1)^5(2)^2(4)^6/group.694	1	8	8	method=1	log2H=3.00	image=0	bad=0
Z	carat/tables/qcatalog/dim5/dir.3;2-1/ordnung.192/(1)^5(2)^2(4)^6/group.677	8	32	32	method=1	log2H=5.00	image=0	bad=0
father: level 1 number of orbits 1 lengths 1
Z	carat/tables/qcatalog/dim5/dir.3;2-1/ordnung.96/(1)^5(4)^6/group.700	5	2	2	method=1	log2H=1.00	image=0	bad=0
father: level 1 number of orbits 1 lengths 1
Z	carat/tables/qcatalog/dim5/dir.3;1;1/ordnung.96/(1)^5(4)^6/group.675	11	32	32	method=1	log2H=5.58	image=0	bad=0
father: level 1 number of orbits 1 lengths 1
Z	carat/tables/qcatalog/dim5/dir.3;2-1/ordnung.96/(1)^5(2)^2(4)^6/group.692	5	12	12	method=1	log2H=4.00	image=0	bad=0
father: level 1 number of orbits 1 lengths 1
Z	carat/tables/qcatalog/dim5/dir.3;2-1/ordnung.96/(1)^5(2)^2(4)^6/group.694	2	4	4	method=1	log2H=2.00	image=0	bad=0
father: level 1 number of orbits 1 lengths 1
Z	carat/tables/qcatalog/dim5/dir.3;2-1/ordnung.96/(1)^5(4)^6/group.699	1	8	8	method=1	log2H=3.00	image=0	bad=0
father: level 1 number of orbits 1 lengths 1
Z	carat/tables/qcatalog/dim5/dir.3;1;1/ordnung.96/(1)^5(4)^6/group.669	9	32	32	method=1	log2H=5.00	image=0	bad=0
Z	carat/tables/qcatalog/dim5/dir.3;2-1/ordnung.192/(1)^5(4)^6/group.685	5	4	4	method=1	log2H=2.00	image=0	bad=0
Z	carat/tables/qcatalog/dim5/dir.3;1;1/ordnung.96/(1)^5(4)^6/group.675	12	8	8	method=1	log2H=3.58	image=0	bad=0
Z	carat/tables/qcatalog/dim5/dir.3;2-1/ordnung.96/(1)^5(2)^2(4)^6/group.694	3	8	8	method=1	log2H=3.00	image=0	bad=0
Z	carat/tables/qcatalog/dim5/dir.3;2-1/ordnung.96/(1)^5(2)^2(4)^6/group.692	6	4	4	method=1	log2H=2.00	image=0	bad=0
Z	carat/tables/qcatalog/dim5/dir.3;2-1/ordnung.192/(1)^5(2)^2(4)^6/group.677	9	8	8	method=1	log2H=3.00	image=0	bad=0
Z	carat/tables/qcatalog/dim5/dir.3;2-1/ordnung.96/(1)^5(4)^6/group.699	2	4	4	method=1	log2H=2.00	image=0	bad=0
Z	carat/tables/qcatalog/dim5/dir.3;2-1/ordnung.96/(1)^5(2)^2(4)^6/group.692	7	3	3	method=1	log2H=2.00	image=0	bad=0
Z	carat/tables/qcatalog/dim5/dir.3;1;1/ordnung.96/(1)^5(4)^6/group.675	13	4	4	method=1	log2H=2.58	image=0	bad=0
Z	carat/tables/qcatalog/dim5/dir.3;2-1/ordnung.96/(1)^5(2)^2(4)^6/group.694	4	4	4	method=1	log2H=2.00	image=0	bad=0
Z	carat/tables/qcatalog/dim5/dir.3;2-1/ordnung.96/(1)^5(4)^6/group.699	3	12	12	method=1	log2H=4.00	image=0	bad=0
Z	carat/tables/qcatalog/dim5/dir.3;2-1/ordnung.96/(1)^5(2)^2(4)^6/group.694	5	8	8	method=1	log2H=3.00	image=0	bad=0
Z	carat/tables/qcatalog/dim5/dir.3;2-1/ordnung.192/(1)^5(2)^2(4)^6/group.679	1	32	32	method=1	log2H=5.00	image=0	bad=0
Z	carat/tables/qcatalog/dim5/dir.3;2-1/ordnung.96/(1)^5(2)^2(4)^6/group.692	8	12	12	method=1	log2H=4.00	image=0	bad=0
Z	carat/tables/qcatalog/dim5/dir.3;2-1/ordnung.96/(1)^5(4)^6/group.699	4	4	4	method=1	log2H=2.00	image=0	bad=0
Z	carat/tables/qcatalog/dim5/dir.3;1;1/ordnung.96/(1)^5(4)^6/group.675	14	32	32	method=1	log2H=5.58	image=0	bad=0
Z	carat/tables/qcatalog/dim5/dir.3;2-1/ordnung.192/(1)^5(2)^2(4)^6/group.677	10	6	6	method=1	log2H=3.00	image=0	bad=0
Z	carat/tables/qcatalog/dim5/dir.3;1;1/ordnung.96/(1)^5(4)^6/group.669	10	16	16	method=1	log2H=4.00	image=0	bad=0
father: level 1 number of orbits 1 lengths 1
Z	carat/tables/qcatalog/dim5/dir.3;2-1/ordnung.96/(1)^5(2)^2(4)^6/group.694	6	4	4	method=1	log2H=2.00	image=0	bad=0
Z	carat/tables/qcatalog/dim5/dir.3;2-1/ordnung.96/(1)^5(2)^2(4)^6/group.692	9	4	4	method=1	log2H=2.00	image=0	bad=0
Z	carat/tables/qcatalog/dim5/dir.3;2-1/ordnung.96/(1)^5(4)^6/group.699	5	2	2	method=1	log2H=1.00	image=0	bad=0
father: level 1 number of orbits 1 lengths 1
Z	carat/tables/qcatalog/dim5/dir.3;2-1/ordnung.96/(1)^5(2)^2(4)^6/group.694	7	4	4	method=1	log2H=2.00	image=0	bad=0
Z	carat/tables/qcatalog/dim5/dir.3;2-1/ordnung.96/(1)^5(2)^2(4)^6/group.692	10	3	3	method=1	log2H=2.00	image=0	bad=0
Z	carat/tables/qcatalog/dim5/dir.3;2-2/ordnung.144/(1)^7(4)^3(12)^1/group.704	1	4	4	method=1	log2H=2.00	image=0	bad=0
father: level 1 number of orbits 1 lengths 1
Z	carat/tables/qcatalog/dim5/dir.3;2-1/ordnung.96/(1)^5(2)^2(4)^6/group.694	8	8	8	method=1	log2H=3.00	image=0	bad=0
father: level 1 number of orbits 1 lengths 1
father: level 1 number of orbits 1 lengths 3
father: level 1 number of orbits 1 lengths 3
Z	carat/tables/qcatalog/dim5/dir.3;2-2/ordnung.144/(1)^7(4)^3(12)^1/group.704	2	4	4	method=1	log2H=2.00	image=0	bad=0
Z	carat/tables/qcatalog/dim5/dir.3;2-1/ordnung.192/(1)^5(2)^2(4)^6/group.679	2	8	8	method=1	log2H=3.00	image=0	bad=0
Z	carat/tables/qcatalog/dim5/dir.3;2-1/ordnung.96/(1)^5(2)^2(4)^6/group.694	9	4	4	method=1	log2H=2.00	image=0	bad=0
Z	carat/tables/qcatalog/dim5/dir.3;2-2/ordnung.12/(1)^1(2)^2(4)^6(8)^1(24)^1/min.140	1	2	2	method=1	log2H=2.00	image=0	bad=0
Z	carat/tables/qcatalog/dim5/dir.3;2-1/ordnung.96/(1)^5(4)^6/group.701	1	8	8	method=1	log2H=3.00	image=0	bad=0
Z	carat/tables/qcatalog/dim5/dir.3;2-2/ordnung.12/(1)^1(2)^2(4)^6(8)^1(24)^1/min.140	2	2	2	method=1	log2H=1.00	image=0	bad=0
Z	carat/tables/qcatalog/dim5/dir.3;2-1/ordnung.96/(1)^5(2)^2(4)^6/group.694	10	2	2	method=1	log2H=1.00	image=0	bad=0
Z	carat/tables/qcatalog/dim5/dir.3;2-1/ordnung.96/(1)^3(2)^2(4)^8/group.689	1	16	16	method=1	log2H=4.00	image=0	bad=0
Z	carat/tables/qcatalog/dim5/dir.3;2-2/ordnung.144/(1)^7(4)^3(12)^1/group.704	3	2	2	method=1	log2H=1.00	image=0	bad=0
Z	carat/tables/qcatalog/dim5/dir.3;2-2/ordnung.12/(1)^1(2)^2(4)^6(8)^1(24)^1/min.140	3	4	4	method=1	log2H=3.00	image=0	bad=0
Z	carat/tables/qcatalog/dim5/dir.3;1;1/ordnung.96/(1)^5(4)^6/group.669	11	16	16	method=1	log2H=4.00	image=0	bad=0
Z	carat/tables/qcatalog/dim5/dir.3;2-2/ordnung.12/(1)^1(2)^2(4)^6(8)^1(24)^1/min.140	4	3	3	method=1	log2H=2.00	image=0	bad=0
Z	carat/tables/qcatalog/dim5/dir.3;2-1/ordnung.96/(1)^5(4)^6/group.701	2	4	4	method=1	log2H=2.00	image=0	bad=0
Z	carat/tables/qcatalog/dim5/dir.3;2-2/ordnung.12/(1)^1(2)^2(4)^6(8)^1(24)^1/min.140	5	4	4	method=1	log2H=3.00	image=0	bad=0
Z	carat/tables/qcatalog/dim5/dir.3;2-1/ordnung.192/(1)^5(2)^2(4)^6/group.679	3	32	32	method=1	log2H=5.00	image=0	bad=0
Z	carat/tables/qcatalog/dim5/dir.3;2-1/ordnung.96/(1)^5(4)^6/group.701	3	8	8	method=1	log2H=3.00	image=0	bad=0
Z	carat/tables/qcatalog/dim5/dir.3;2-1/ordnung.96/(1)^3(2)^2(4)^8/group.689	2	4	4	method=1	log2H=2.00	image=0	bad=0
father: level 1 number of orbits 1 lengths 1
Z	carat/tables/qcatalog/dim5/dir.3;2-1/ordnung.96/(1)^5(4)^6/group.701	4	4	4	method=1	log2H=2.00	image=0	bad=0
father: level 1 number of orbits 1 lengths 1
father: level 1 number of orbits 1 lengths 1
Z	carat/tables/qcatalog/dim5/dir.3;1;1/ordnung.96/(1)^5(4)^6/group.669	12	4	4	method=1	log2H=2.00	image=0	bad=0
father: level 1 number of orbits 1 lengths 1
Z	carat/tables/qcatalog/dim5/dir.3;2-1/ordnung.192/(1)^5(2)^2(4)^6/group.679	4	8	8	method=1	log2H=3.00	image=0	bad=0
Z	carat/tables/qcatalog/dim5/dir.3;2-1/ordnung.96/(1)^5(4)^6/group.701	5	3	3	method=1	log2H=2.00	image=0	bad=0
Z	carat/tables/qcatalog/dim5/dir.3;1;1/ordnung.96/(1)^5(4)^6/group.669	13	2	2	method=1	log2H=1.00	image=0	bad=0
Z	carat/tables/qcatalog/dim5/dir.3;2-1/ordnung.96/(1)^5(2)^2(4)^6/group.697	1	8	8	method=1	log2H=3.00	image=0	bad=0
Z	carat/tables/qcatalog/dim5/dir.3;2-1/ordnung.96/(1)^3(2)^2(4)^8/group.689	3	8	8	method=1	log2H=3.00	image=0	bad=0
father: level 1 number of orbits 1 lengths 1
father: level 1 number of orbits 1 lengths 1
father: level 1 number of orbits 1 lengths 1
Z	carat/tables/qcatalog/dim5/dir.3;2-2/ordnung.144/(1)^7(4)^3(12)^1/group.707	1	4	4	method=1	log2H=2.00	image=0	bad=0
Z	carat/tables/qcatalog/dim5/dir.3;2-1/ordnung.192/(1)^5(2)^2(4)^6/group.679	5	32	32	method=1	log2H=5.00	image=0	bad=0
father: level 1 number of orbits 1 lengths 1
Z	carat/tables/qcatalog/dim5/dir.3;2-1/ordnung.96/(1)^5(2)^2(4)^6/group.697	2	4	4	method=1	log2H=2.00	image=0	bad=0
Z	carat/tables/qcatalog/dim5/dir.3;1;1/ordnung.96/(1)^5(4)^6/group.669	14	16	16	method=1	log2H=4.00	image=0	bad=0
father: level 1 number of orbits 1 lengths 1
father: level 1 number of orbits 1 lengths 1
Z	carat/tables/qcatalog/dim5/dir.3;2-2/ordnung.144/(1)^7(4)^3(12)^1/group.707	2	4	4	method=1	log2H=2.00	image=0	bad=0
Z	carat/tables/qcatalog/dim5/dir.3;2-1/ordnung.96/(1)^5(2)^2(4)^6/group.697	3	8	8	method=1	log2H=3.00	image=0	bad=0
Z	carat/tables/qcatalog/dim5/dir.3;2-1/ordnung.96/(1)^5(2)^2(4)^6/group.691	1	8	8	method=1	log2H=3.00	image=0	bad=0
Z	carat/tables/qcatalog/dim5/dir.3;2-1/ordnung.96/(1)^3(2)^2(4)^8/group.689	4	4	4	method=1	log2H=2.00	image=0	bad=0
Z	carat/tables/qcatalog/dim5/dir.3;2-2/ordnung.144/(1)^7(4)^3(12)^1/group.709	1	4	4	method=1	log2H=2.00	image=0	bad=0
Z	carat/tables/qcatalog/dim5/dir.3;2-1/ordnung.96/(1)^5(2)^2(4)^6/group.695	1	8	8	method=1	log2H=3.00	image=0	bad=0
Z	carat/tables/qcatalog/dim5/dir.3;2-2/ordnung.144/(1)^7(4)^3(12)^1/group.707	3	2	2	method=1	log2H=1.00	image=0	bad=0
Z	carat/tables/qcatalog/dim5/dir.3;2-1/ordnung.192/(1)^5(2)^2(4)^6/group.679	6	8	8	method=1	log2H=3.00	image=0	bad=0
Z	carat/tables/qcatalog/dim5/dir.3;2-2/ordnung.144/(1)^7(4)^3(12)^1/group.705	1	8	8	method=1	log2H=3.58	image=0	bad=0
Z	carat/tables/qcatalog/dim5/dir.3;2-1/ordnung.96/(1)^5(2)^2(4)^6/group.691	2	4	4	method=1	log2H=2.00	image=0	bad=0
Z	carat/tables/qcatalog/dim5/dir.3;2-1/ordnung.96/(1)^3(2)^2(4)^8/group.689	5	4	4	method=1	log2H=2.00	image=0	bad=0
Z	carat/tables/qcatalog/dim5/dir.3;2-1/ordnung.96/(1)^5(2)^2(4)^6/group.697	4	4	4	method=1	log2H=2.00	image=0	bad=0
Z	carat/tables/qcatalog/dim5/dir.3;2-2/ordnung.144/(1)^7(4)^3(12)^1/group.709	2	6	6	method=1	log2H=3.00	image=0	bad=0
Z	carat/tables/qcatalog/dim5/dir.3;2-1/ordnung.96/(1)^5(2)^2(4)^6/group.695	2	4	4	method=1	log2H=2.00	image=0	bad=0
Z	carat/tables/qcatalog/dim5/dir.3;2-2/ordnung.144/(1)^7(4)^3(12)^1/group.705	2	8	8	method=1	log2H=3.58	image=0	bad=0
Z	carat/tables/qcatalog/dim5/dir.3;2-1/ordnung.96/(1)^5(2)^2(4)^6/group.691	3	8	8	method=1	log2H=3.00	image=0	bad=0
Z	carat/tables/qcatalog/dim5/dir.3;2-2/ordnung.144/(1)^7(4)^3(12)^1/group.709	3	2	2	method=1	log2H=1.00	image=0	bad=0
Z	carat/tables/qcatalog/dim5/dir.3;2-1/ordnung.96/(1)^5(2)^2(4)^6/group.695	3	8	8	method=1	log2H=3.00	image=0	bad=0
Z	carat/tables/qcatalog/dim5/dir.3;2-1/ordnung.96/(1)^5(2)^2(4)^6/group.697	5	8	8	method=1	log2H=3.00	image=0	bad=0
Z	carat/tables/qcatalog/dim5/dir.3;2-2/ordnung.144/(1)^7(4)^3(12)^1/group.705	3	4	4	method=1	log2H=2.58	image=0	bad=0
Z	carat/tables/qcatalog/dim5/dir.3;2-1/ordnung.192/(1)^5(2)^2(4)^6/group.679	7	6	6	method=1	log2H=3.00	image=0	bad=0
Z	carat/tables/qcatalog/dim5/dir.3;2-1/ordnung.96/(1)^5(2)^2(4)^6/group.691	4	4	4	method=1	log2H=2.00	image=0	bad=0
Z	carat/tables/qcatalog/dim5/dir.3;2-1/ordnung.96/(1)^5(2)^2(4)^6/group.695	4	4	4	method=1	log2H=2.00	image=0	bad=0
Z	carat/tables/qcatalog/dim5/dir.3;2-1/ordnung.96/(1)^5(2)^2(4)^6/group.697	6	4	4	method=1	log2H=2.00	image=0	bad=0
Z	carat/tables/qcatalog/dim5/dir.3;2-1/ordnung.96/(1)^5(2)^2(4)^6/group.695	5	2	2	method=1	log2H=1.00	image=0	bad=0
Z	carat/tables/qcatalog/dim5/dir.3;2-1/ordnung.96/(1)^5(2)^2(4)^6/group.691	5	8	8	method=1	log2H=3.00	image=0	bad=0
Z	carat/tables/qcatalog/dim5/dir.3;2-1/ordnung.96/(1)^5(2)^2(4)^6/group.697	7	2	2	method=1	log2H=1.00	image=0	bad=0
Z	carat/tables/qcatalog/dim5/dir.3;2-1/ordnung.192/(1)^5(2)^2(4)^6/group.679	8	32	32	method=1	log2H=5.00	image=0	bad=0
Z	carat/tables/qcatalog/dim5/dir.3;2-1/ordnung.96/(1)^5(2)^2(4)^6/group.691	6	4	4	method=1	log2H=2.00	image=0	bad=0
Z	carat/tables/qcatalog/dim5/dir.3;2-1/ordnung.96/(1)^5(2)^2(4)^6/group.697	8	8	8	method=1	log2H=3.00	image=0	bad=0
Z	carat/tables/qcatalog/dim5/dir.3;2-1/ordnung.96/(1)^5(2)^2(4)^6/group.691	7	3	3	method=1	log2H=2.00	image=0	bad=0
Z	carat/tables/qcatalog/dim5/dir.3;2-1/ordnung.192/(1)^5(2)^2(4)^6/group.679	9	8	8	method=1	log2H=3.00	image=0	bad=0
Z	carat/tables/qcatalog/dim5/dir.3;2-1/ordnung.96/(1)^5(2)^2(4)^6/group.697	9	4	4	method=1	log2H=2.00	image=0	bad=0
father: level 1 number of orbits 1 lengths 1
father: level 1 number of orbits 1 lengths 1
Z	carat/tables/qcatalog/dim5/dir.3;2-1/ordnung.96/(1)^5(2)^2(4)^6/group.691	8	8	8	method=1	log2H=3.00	image=0	bad=0
father: level 1 number of orbits 1 lengths 1
father: level 1 number of orbits 1 lengths 1
Z	carat/tables/qcatalog/dim5/dir.3;2-2/ordnung.144/(1)^7(4)^3(12)^1/group.708	1	4	4	method=1	log2H=2.00	image=0	bad=0
Z	carat/tables/qcatalog/dim5/dir.3;2-1/ordnung.96/(1)^5(2)^2(4)^6/group.691	9	4	4	method=1	log2H=2.00	image=0	bad=0
Z	carat/tables/qcatalog/dim5/dir.3;2-1/ordnung.192/(1)^5(2)^2(4)^6/group.679	10	4	4	method=1	log2H=2.00	image=0	bad=0
Z	carat/tables/qcatalog/dim5/dir.3;2-1/ordnung.96/(1)^5(2)^2(4)^6/group.691	10	2	2	method=1	log2H=1.00	image=0	bad=0
Z	carat/tables/qcatalog/dim5/dir.3;2-2/ordnung.144/(1)^7(4)^3(12)^1/group.708	2	4	4	method=1	log2H=2.00	image=0	bad=0
Z	carat/tables/qcatalog/dim5/dir.3;2-1/ordnung.96/(1)^5(2)^2(4)^6/group.693	1	12	12	method=1	log2H=4.00	image=0	bad=0
Z	carat/tables/qcatalog/dim5/dir.3;2-2/ordnung.144/(1)^7(4)^4(12)^2/group.710	1	4	4	method=1	log2H=2.00	image=0	bad=0
Z	carat/tables/qcatalog/dim5/dir.3;2-1/ordnung.96/(1)^5(2)^2(4)^6/group.693	2	4	4	method=1	log2H=2.00	image=0	bad=0
Z	carat/tables/qcatalog/dim5/dir.3;2-1/ordnung.96/(1)^5(2)^2(4)^6/group.697	10	3	3	method=1	log2H=2.00	image=0	bad=0
Z	carat/tables/qcatalog/dim5/dir.3;2-2/ordnung.144/(1)^7(4)^4(12)^2/group.711	1	8	8	method=1	log2H=3.58	image=0	bad=0
Z	carat/tables/qcatalog/dim5/dir.3;2-2/ordnung.144/(1)^7(4)^3(12)^1/group.708	3	2	2	method=1	log2H=1.00	image=0	bad=0
Z	carat/tables/qcatalog/dim5/dir.3;2-2/ordnung.144/(1)^7(4)^3(12)^1/group.706	1	4	4	method=1	log2H=2.00	image=0	bad=0
Z	carat/tables/qcatalog/dim5/dir.3;2-2/ordnung.144/(1)^7(4)^4(12)^2/group.710	2	6	6	method=1	log2H=3.00	image=0	bad=0
Z	carat/tables/qcatalog/dim5/dir.3;2-1/ordnung.96/(1)^5(2)^2(4)^6/group.693	3	12	12	method=1	log2H=4.00	image=0	bad=0
Z	carat/tables/qcatalog/dim5/dir.3;2-2/ordnung.144/(1)^7(4)^4(12)^2/group.711	2	12	12	method=1	log2H=4.58	image=0	bad=0
Z	carat/tables/qcatalog/dim5/dir.3;2-2/ordnung.144/(1)^7(4)^3(12)^1/group.706	2	4	4	method=1	log2H=2.00	image=0	bad=0
Z	carat/tables/qcatalog/dim5/dir.3;2-2/ordnung.144/(1)^7(4)^4(12)^2/group.711	3	4	4	method=1	log2H=2.00	image=0	bad=0
Z	carat/tables/qcatalog/dim5/dir.3;2-1/ordnung.96/(1)^5(2)^2(4)^6/group.693	4	4	4	method=1	log2H=2.00	image=0	bad=0
Z	carat/tables/qcatalog/dim5/dir.3;2-2/ordnung.144/(1)^7(4)^3(12)^1/group.706	3	2	2	method=1	log2H=1.00	image=0	bad=0
Z	carat/tables/qcatalog/dim5/dir.3;2-2/ordnung.144/(1)^7(4)^4(12)^2/group.711	4	4	4	method=1	log2H=2.58	image=0	bad=0
Z	carat/tables/qcatalog/dim5/dir.3;2-1/ordnung.96/(1)^5(2)^2(4)^6/group.693	5	8	8	method=1	log2H=3.00	image=0	bad=0
Z	carat/tables/qcatalog/dim5/dir.3;2-2/ordnung.144/(1)^7(4)^4(12)^2/group.711	5	6	6	method=1	log2H=3.00	image=0	bad=0
Z	carat/tables/qcatalog/dim5/dir.3;2-2/ordnung.144/(1)^7(4)^4(12)^2/group.710	3	2	2	method=1	log2H=1.00	image=0	bad=0
Z	carat/tables/qcatalog/dim5/dir.3;2-1/ordnung.96/(1)^5(2)^2(4)^6/group.693	6	4	4	method=1	log2H=2.00	image=0	bad=0
Z	carat/tables/qcatalog/dim5/dir.3;2-2/ordnung.144/(1)^7(4)^4(12)^2/group.711	6	2	2	method=1	log2H=1.00	image=0	bad=0
Z	carat/tables/qcatalog/dim5/dir.3;2-1/ordnung.96/(1)^5(2)^2(4)^6/group.693	7	4	4	method=1	log2H=2.00	image=0	bad=0
Z	carat/tables/qcatalog/dim5/dir.3;2-1/ordnung.96/(1)^5(2)^2(4)^6/group.693	8	8	8	method=1	log2H=3.00	image=0	bad=0
Z	carat/tables/qcatalog/dim5/dir.3;2-2/ordnung.144/(1)^9(4)^2(12)^2/group.723	1	4	4	method=1	log2H=2.00	image=0	bad=0
Z	carat/tables/qcatalog/dim5/dir.3;2-1/ordnung.96/(1)^5(2)^2(4)^6/group.693	9	4	4	method=1	log2H=2.00	image=0	bad=0
Z	carat/tables/qcatalog/dim5/dir.3;2-2/ordnung.144/(1)^9(4)^2(12)^2/group.723	2	4	4	method=1	log2H=2.00	image=0	bad=0
Z	carat/tables/qcatalog/dim5/dir.3;2-1/ordnung.96/(1)^5(2)^2(4)^6/group.693	10	3	3	method=1	log2H=2.00	image=0	bad=0
Z	carat/tables/qcatalog/dim5/dir.3;2-2/ordnung.144/(1)^9(4)^2(12)^2/group.723	3	2	2	method=1	log2H=1.00	image=0	bad=0
father: level 1 number of orbits 1 lengths 3
Z	carat/tables/qcatalog/dim5/dir.3;2-2/ordnung.144/(1)^9(4)^2(12)^2/group.719	1	8	8	method=1	log2H=3.58	image=0	bad=0
father: level 1 number of orbits 1 lengths 3
Z	carat/tables/qcatalog/dim5/dir.3;2-2/ordnung.24/(1)^1(2)^4(4)^5(12)^1/group.727	1	4	4	method=1	log2H=3.00	image=0	bad=0
Z	carat/tables/qcatalog/dim5/dir.3;2-2/ordnung.144/(1)^9(4)^2(12)^2/group.719	2	8	8	method=1	log2H=3.58	image=0	bad=0
Z	carat/tables/qcatalog/dim5/dir.3;2-2/ordnung.24/(1)^1(2)^4(4)^5(12)^1/group.727	2	4	4	method=1	log2H=2.00	image=0	bad=0
Z	carat/tables/qcatalog/dim5/dir.3;2-2/ordnung.24/(1)^1(2)^4(4)^5(12)^1/group.727	3	8	8	method=1	log2H=4.00	image=0	bad=0
Z	carat/tables/qcatalog/dim5/dir.3;2-2/ordnung.144/(1)^9(4)^2(12)^2/group.719	3	4	4	method=1	log2H=2.00	image=0	bad=0
Z	carat/tables/qcatalog/dim5/dir.3;2-2/ordnung.24/(1)^1(2)^4(4)^5(12)^1/group.727	4	3	3	method=1	log2H=2.00	image=0	bad=0
Z	carat/tables/qcatalog/dim5/dir.3;2-2/ordnung.144/(1)^7(4)^4(12)^2/group.712	1	4	4	method=1	log2H=2.00	image=0	bad=0
Z	carat/tables/qcatalog/dim5/dir.3;2-2/ordnung.24/(1)^1(2)^4(4)^5(12)^1/group.727	5	4	4	method=1	log2H=3.00	image=0	bad=0
Z	carat/tables/qcatalog/dim5/dir.3;2-2/ordnung.144/(1)^9(4)^2(12)^2/group.719	4	4	4	method=1	log2H=2.58	image=0	bad=0
Z	carat/tables/qcatalog/dim5/dir.3;2-2/ordnung.144/(1)^7(4)^4(12)^2/group.713	1	4	4	method=1	log2H=2.00	image=0	bad=0
Z	carat/tables/qcatalog/dim5/dir.3;2-2/ordnung.144/(1)^9(4)^2(12)^2/group.719	5	4	4	method=1	log2H=2.00	image=0	bad=0
Z	carat/tables/qcatalog/dim5/dir.3;2-2/ordnung.144/(1)^7(4)^4(12)^2/group.712	2	8	8	method=1	log2H=3.00	image=0	bad=0
Z	carat/tables/qcatalog/dim5/dir.3;2-2/ordnung.144/(1)^7(4)^4(12)^2/group.713	2	6	6	method=1	log2H=3.00	image=0	bad=0
Z	carat/tables/qcatalog/dim5/dir.3;2-2/ordnung.144/(1)^9(4)^2(12)^2/group.719	6	2	2	method=1	log2H=1.00	image=0	bad=0
Z	carat/tables/qcatalog/dim5/dir.3;2-2/ordnung.144/(1)^7(4)^4(12)^2/group.712	3	2	2	method=1	log2H=1.00	image=0	bad=0
Z	carat/tables/qcatalog/dim5/dir.3;2-2/ordnung.144/(1)^7(4)^4(12)^2/group.713	3	4	4	method=1	log2H=2.00	image=0	bad=0
Z	carat/tables/qcatalog/dim5/dir.3;2-2/ordnung.144/(1)^7(4)^4(12)^2/group.713	4	2	2	method=1	log2H=1.00	image=0	bad=0
Z	carat/tables/qcatalog/dim5/dir.3;2-2/ordnung.144/(1)^7(4)^4(12)^2/group.713	5	6	6	method=1	log2H=3.00	image=0	bad=0
Z	carat/tables/qcatalog/dim5/dir.3;2-2/ordnung.144/(1)^9(4)^2(12)^2/group.715	1	4	4	method=1	log2H=2.00	image=0	bad=0
Z	carat/tables/qcatalog/dim5/dir.3;2-2/ordnung.288/(1)^7(4)^3(12)^1/group.731	1	8	8	method=1	log2H=3.00	image=0	bad=0
Z	carat/tables/qcatalog/dim5/dir.3;2-2/ordnung.144/(1)^9(4)^2(12)^2/group.721	1	4	4	method=1	log2H=2.00	image=0	bad=0
Z	carat/tables/qcatalog/dim5/dir.3;2-2/ordnung.144/(1)^9(4)^2(12)^2/group.715	2	4	4	method=1	log2H=2.00	image=0	bad=0
Z	carat/tables/qcatalog/dim5/dir.3;2-2/ordnung.144/(1)^7(4)^4(12)^2/group.713	6	2	2	method=1	log2H=1.00	image=0	bad=0
Z	carat/tables/qcatalog/dim5/dir.3;2-2/ordnung.144/(1)^9(4)^2(12)^2/group.721	2	6	6	method=1	log2H=3.00	image=0	bad=0
Z	carat/tables/qcatalog/dim5/dir.3;2-2/ordnung.144/(1)^9(4)^2(12)^2/group.717	1	8	8	method=1	log2H=3.58	image=0	bad=0
Z	carat/tables/qcatalog/dim5/dir.3;2-2/ordnung.144/(1)^9(4)^2(12)^2/group.715	3	4	4	method=1	log2H=2.00	image=0	bad=0
Z	carat/tables/qcatalog/dim5/dir.3;2-2/ordnung.144/(1)^9(4)^2(12)^2/group.715	4	2	2	method=1	log2H=1.00	image=0	bad=0
Z	carat/tables/qcatalog/dim5/dir.3;2-2/ordnung.144/(1)^9(4)^2(12)^2/group.721	3	4	4	method=1	log2H=2.00	image=0	bad=0
Z	carat/tables/qcatalog/dim5/dir.3;2-2/ordnung.144/(1)^9(4)^2(12)^2/group.717	2	8	8	method=1	log2H=3.58	image=0	bad=0
father: level 1 number of orbits 1 lengths 3
father: level 1 number of orbits 1 lengths 3
Z	carat/tables/qcatalog/dim5/dir.3;2-2/ordnung.144/(1)^9(4)^2(12)^2/group.715	5	4	4	method=1	log2H=2.00	image=0	bad=0
Z	carat/tables/qcatalog/dim5/dir.3;2-2/ordnung.24/(1)^1(2)^4(4)^5(12)^1/group.728	1	4	4	method=1	log2H=3.00	image=0	bad=0
Z	carat/tables/qcatalog/dim5/dir.3;2-2/ordnung.144/(1)^9(4)^2(12)^2/group.721	4	2	2	method=1	log2H=1.00	image=0	bad=0
Z	carat/tables/qcatalog/dim5/dir.3;2-2/ordnung.288/(1)^9(4)^2(12)^2/group.733	1	8	8	method=1	log2H=3.00	image=0	bad=0
Z	carat/tables/qcatalog/dim5/dir.3;2-2/ordnung.144/(1)^9(4)^2(12)^2/group.715	6	2	2	method=1	log2H=1.00	image=0	bad=0
Z	carat/tables/qcatalog/dim5/dir.3;2-2/ordnung.24/(1)^1(2)^4(4)^5(12)^1/group.728	2	3	3	method=1	log2H=2.00	image=0	bad=0
Z	carat/tables/qcatalog/dim5/dir.3;2-2/ordnung.144/(1)^9(4)^2(12)^2/group.721	5	6	6	method=1	log2H=3.00	image=0	bad=0
Z	carat/tables/qcatalog/dim5/dir.3;2-2/ordnung.144/(1)^9(4)^2(12)^2/group.725	1	4	4	method=1	log2H=2.00	image=0	bad=0
Z	carat/tables/qcatalog/dim5/dir.3;2-2/ordnung.24/(1)^1(2)^4(4)^5(12)^1/group.728	3	6	6	method=1	log2H=4.00	image=0	bad=0
Z	carat/tables/qcatalog/dim5/dir.3;2-2/ordnung.288/(1)^7(4)^3(12)^1/group.731	2	8	8	method=1	log2H=3.00	image=0	bad=0
Z	carat/tables/qcatalog/dim5/dir.3;2-2/ordnung.288/(1)^9(4)^2(12)^2/group.733	2	8	8	method=1	log2H=3.00	image=0	bad=0
Z	carat/tables/qcatalog/dim5/dir.3;2-2/ordnung.24/(1)^1(2)^4(4)^5(12)^1/group.728	4	2	2	method=1	log2H=1.00	image=0	bad=0
Z	carat/tables/qcatalog/dim5/dir.3;2-2/ordnung.144/(1)^9(4)^2(12)^2/group.724	1	4	4	method=1	log2H=2.00	image=0	bad=0
Z	carat/tables/qcatalog/dim5/dir.3;2-2/ordnung.144/(1)^9(4)^2(12)^2/group.725	2	4	4	method=1	log2H=2.00	image=0	bad=0
Z	carat/tables/qcatalog/dim5/dir.3;2-2/ordnung.24/(1)^1(2)^4(4)^5(12)^1/group.728	5	4	4	method=1	log2H=3.00	image=0	bad=0
Z	carat/tables/qcatalog/dim5/dir.3;2-2/ordnung.144/(1)^9(4)^2(12)^2/group.717	3	4	4	method=1	log2H=2.00	image=0	bad=0
Z	carat/tables/qcatalog/dim5/dir.3;2-2/ordnung.144/(1)^9(4)^2(12)^2/group.721	6	2	2	method=1	log2H=1.00	image=0	bad=0
Z	carat/tables/qcatalog/dim5/dir.3;2-2/ordnung.144/(1)^9(4)^2(12)^2/group.724	2	6	6	method=1	log2H=3.00	image=0	bad=0
Z	carat/tables/qcatalog/dim5/dir.3;2-2/ordnung.144/(1)^9(4)^2(12)^2/group.725	3	4	4	method=1	log2H=2.00	image=0	bad=0
Z	carat/tables/qcatalog/dim5/dir.3;2-2/ordnung.144/(1)^9(4)^2(12)^2/group.717	4	4	4	method=1	log2H=2.58	image=0	bad=0
Z	carat/tables/qcatalog/dim5/dir.3;2-2/ordnung.288/(1)^7(4)^3(12)^1/group.731	3	2	2	method=1	log2H=1.00	image=0	bad=0
Z	carat/tables/qcatalog/dim5/dir.3;2-2/ordnung.288/(1)^9(4)^2(12)^2/group.733	3	2	2	method=1	log2H=1.00	image=0	bad=0
Z	carat/tables/qcatalog/dim5/dir.3;2-2/ordnung.144/(1)^9(4)^2(12)^2/group.725	4	2	2	method=1	log2H=1.00	image=0	bad=0
Z	carat/tables/qcatalog/dim5/dir.3;2-2/ordnung.144/(1)^9(4)^2(12)^2/group.724	3	2	2	method=1	log2H=1.00	image=0	bad=0
Z	carat/tables/qcatalog/dim5/dir.3;2-2/ordnung.144/(1)^9(4)^2(12)^2/group.717	5	4	4	method=1	log2H=2.00	image=0	bad=0
Z	carat/tables/qcatalog/dim5/dir.3;2-2/ordnung.144/(1)^9(4)^2(12)^2/group.725	5	4	4	method=1	log2H=2.00	image=0	bad=0
Z	carat/tables/qcatalog/dim5/dir.3;2-2/ordnung.144/(1)^9(4)^2(12)^2/group.717	6	2	2	method=1	log2H=1.00	image=0	bad=0
Z	carat/tables/qcatalog/dim5/dir.3;2-2/ordnung.144/(1)^9(4)^2(12)^2/group.725	6	2	2	method=1	log2H=1.00	image=0	bad=0
Z	carat/tables/qcatalog/dim5/dir.3;2-2/ordnung.288/(1)^9(4)^2(12)^2/group.737	1	8	8	method=1	log2H=3.00	image=0	bad=0
Z	carat/tables/qcatalog/dim5/dir.3;2-2/ordnung.288/(1)^9(4)^2(12)^2/group.735	1	8	8	method=1	log2H=3.00	image=0	bad=0
father: level 1 number of orbits 1 lengths 3
father: level 1 number of orbits 1 lengths 3
Z	carat/tables/qcatalog/dim5/dir.3;2-2/ordnung.24/(1)^1(2)^2(4)^6(8)^1(24)^1/group.726	1	4	4	method=1	log2H=3.00	image=0	bad=0
Z	carat/tables/qcatalog/dim5/dir.3;2-2/ordnung.144/(1)^9(4)^2(12)^2/group.714	1	4	4	method=1	log2H=2.00	image=0	bad=0
Z	carat/tables/qcatalog/dim5/dir.3;2-2/ordnung.24/(1)^1(2)^2(4)^6(8)^1(24)^1/group.726	2	3	3	method=1	log2H=2.00	image=0	bad=0
Z	carat/tables/qcatalog/dim5/dir.3;2-2/ordnung.288/(1)^9(4)^2(12)^2/group.735	2	8	8	method=1	log2H=3.00	image=0	bad=0
Z	carat/tables/qcatalog/dim5/dir.3;2-2/ordnung.144/(1)^9(4)^2(12)^2/group.714	2	6	6	method=1	log2H=3.00	image=0	bad=0
Z	carat/tables/qcatalog/dim5/dir.3;2-2/ordnung.24/(1)^1(2)^2(4)^6(8)^1(24)^1/group.726	3	6	6	method=1	log2H=4.00	image=0	bad=0
Z	carat/tables/qcatalog/dim5/dir.3;2-2/ordnung.288/(1)^9(4)^2(12)^2/group.737	2	8	8	method=1	log2H=3.00	image=0	bad=0
Z	carat/tables/qcatalog/dim5/dir.3;2-2/ordnung.24/(1)^1(2)^2(4)^6(8)^1(24)^1/group.726	4	2	2	method=1	log2H=1.00	image=0	bad=0
Z	carat/tables/qcatalog/dim5/dir.3;2-2/ordnung.144/(1)^9(4)^2(12)^2/group.714	3	8	8	method=1	log2H=3.58	image=0	bad=0
Z	carat/tables/qcatalog/dim5/dir.3;2-2/ordnung.144/(1)^9(4)^2(12)^2/group.720	1	4	4	method=1	log2H=2.00	image=0	bad=0
Z	carat/tables/qcatalog/dim5/dir.3;2-2/ordnung.24/(1)^1(2)^2(4)^6(8)^1(24)^1/group.726	5	4	4	method=1	log2H=3.00	image=0	bad=0
father: level 1 number of orbits 1 lengths 1
father: level 1 number of orbits 1 lengths 3
father: level 1 number of orbits 1 lengths 1
Z	carat/tables/qcatalog/dim5/dir.3;2-2/ordnung.288/(1)^9(4)^2(12)^2/group.735	3	8	8	method=1	log2H=3.00	image=0	bad=0
father: level 1 number of orbits 1 lengths 3
father: level 1 number of orbits 1 lengths 1
Z	carat/tables/qcatalog/dim5/dir.3;2-2/ordnung.144/(1)^9(4)^2(12)^2/group.714	4	2	2	method=1	log2H=1.00	image=0	bad=0
Z	carat/tables/qcatalog/dim5/dir.3;2-2/ordnung.144/(1)^9(4)^2(12)^2/group.720	2	4	4	method=1	log2H=2.00	image=0	bad=0
father: level 1 number of orbits 1 lengths 1
Z	carat/tables/qcatalog/dim5/dir.3;2-2/ordnung.144/(1)^9(4)^2(12)^2/group.714	5	12	12	method=1	log2H=4.58	image=0	bad=0
Z	carat/tables/qcatalog/dim5/dir.3;2-2/ordnung.288/(1)^9(4)^2(12)^2/group.735	4	2	2	method=1	log2H=1.00	image=0	bad=0
Z	carat/tables/qcatalog/dim5/dir.3;2-2/ordnung.24/(1)^1(2)^8(4)^2(12)^2/group.729	1	4	4	method=1	log2H=2.00	image=0	bad=0
Z	carat/tables/qcatalog/dim5/dir.3;2-2/ordnung.144/(1)^9(4)^2(12)^2/group.720	3	4	4	method=1	log2H=2.00	image=0	bad=0
Z	carat/tables/qcatalog/dim5/dir.3;2-2/ordnung.288/(1)^9(4)^2(12)^2/group.737	3	2	2	method=1	log2H=1.00	image=0	bad=0
Z	carat/tables/qcatalog/dim5/dir.3;2-2/ordnung.24/(1)^1(2)^8(4)^2(12)^2/group.729	2	2	2	method=1	log2H=1.00	image=0	bad=0
Z	carat/tables/qcatalog/dim5/dir.3;2-2/ordnung.144/(1)^9(4)^2(12)^2/group.714	6	4	4	method=1	log2H=2.58	image=0	bad=0
Z	carat/tables/qcatalog/dim5/dir.3;2-2/ordnung.144/(1)^9(4)^2(12)^2/group.720	4	2	2	method=1	log2H=1.00	image=0	bad=0
Z	carat/tables/qcatalog/dim5/dir.3;2-2/ordnung.24/(1)^1(2)^8(4)^2(12)^2/group.729	3	4	4	method=1	log2H=2.00	image=0	bad=0
Z	carat/tables/qcatalog/dim5/dir.3;2-2/ordnung.48/(1)^1(2)^4(4)^5(12)^1/group.743	1	8	8	method=1	log2H=4.00	image=0	bad=0
Z	carat/tables/qcatalog/dim5/dir.3;2-2/ordnung.24/(1)^1(2)^8(4)^2(12)^2/group.729	4	2	2	method=1	log2H=1.00	image=0	bad=0
Z	carat/tables/qcatalog/dim5/dir.3;2-2/ordnung.144/(1)^9(4)^2(12)^2/group.720	5	4	4	method=1	log2H=2.00	image=0	bad=0
Z	carat/tables/qcatalog/dim5/dir.3;2-2/ordnung.288/(1)^9(4)^2(12)^2/group.735	5	8	8	method=1	log2H=3.00	image=0	bad=0
Z	carat/tables/qcatalog/dim5/dir.3;2-2/ordnung.24/(1)^1(2)^8(4)^2(12)^2/group.729	5	4	4	method=1	log2H=2.00	image=0	bad=0
Z	carat/tables/qcatalog/dim5/dir.3;2-2/ordnung.144/(1)^9(4)^2(12)^2/group.716	1	4	4	method=1	log2H=2.00	image=0	bad=0
Z	carat/tables/qcatalog/dim5/dir.3;2-2/ordnung.144/(1)^9(4)^2(12)^2/group.722	1	4	4	method=1	log2H=2.00	image=0	bad=0
Z	carat/tables/qcatalog/dim5/dir.3;2-2/ordnung.24/(1)^1(2)^8(4)^2(12)^2/group.729	6	2	2	method=1	log2H=1.00	image=0	bad=0
Z	carat/tables/qcatalog/dim5/dir.3;2-2/ordnung.144/(1)^9(4)^2(12)^2/group.720	6	2	2	method=1	log2H=1.00	image=0	bad=0
Z	carat/tables/qcatalog/dim5/dir.3;2-2/ordnung.48/(1)^1(2)^4(4)^5(12)^1/group.743	2	6	6	method=1	log2H=3.00	image=0	bad=0
Z	carat/tables/qcatalog/dim5/dir.3;2-2/ordnung.24/(1)^1(2)^8(4)^2(12)^2/group.729	7	4	4	method=1	log2H=2.00	image=0	bad=0
Z	carat/tables/qcatalog/dim5/dir.3;2-2/ordnung.144/(1)^9(4)^2(12)^2/group.716	2	4	4	method=1	log2H=2.00	image=0	bad=0
Z	carat/tables/qcatalog/dim5/dir.3;2-2/ordnung.288/(1)^9(4)^2(12)^2/group.735	6	2	2	method=1	log2H=1.00	image=0	bad=0
Z	carat/tables/qcatalog/dim5/dir.3;2-2/ordnung.144/(1)^9(4)^2(12)^2/group.718	1	8	8	method=1	log2H=3.58	image=0	bad=0
Z	carat/tables/qcatalog/dim5/dir.3;2-2/ordnung.144/(1)^9(4)^2(12)^2/group.722	2	4	4	method=1	log2H=2.00	image=0	bad=0
Z	carat/tables/qcatalog/dim5/dir.3;2-2/ordnung.288/(1)^9(4)^2(12)^2/group.734	1	8	8	method=1	log2H=3.00	image=0	bad=0
Z	carat/tables/qcatalog/dim5/dir.3;2-2/ordnung.144/(1)^9(4)^2(12)^2/group.716	3	8	8	method=1	log2H=3.58	image=0	bad=0
Z	carat/tables/qcatalog/dim5/dir.3;2-2/ordnung.24/(1)^1(2)^8(4)^2(12)^2/group.729	8	4	4	method=1	log2H=2.00	image=0	bad=0
Z	carat/tables/qcatalog/dim5/dir.3;2-2/ordnung.288/(1)^9(4)^2(12)^2/group.739	1	16	16	method=1	log2H=4.58	image=0	bad=0
Z	carat/tables/qcatalog/dim5/dir.3;2-2/ordnung.144/(1)^9(4)^2(12)^2/group.718	2	8	8	method=1	log2H=3.58	image=0	bad=0
Z	carat/tables/qcatalog/dim5/dir.3;2-2/ordnung.288/(1)^7(4)^4(12)^2/group.732	1	8	8	method=1	log2H=3.00	image=0	bad=0
Z	carat/tables/qcatalog/dim5/dir.3;2-2/ordnung.144/(1)^9(4)^2(12)^2/group.722	3	4	4	method=1	log2H=2.00	image=0	bad=0
Z	carat/tables/qcatalog/dim5/dir.3;2-2/ordnung.48/(1)^1(2)^4(4)^5(12)^1/group.743	3	12	12	method=1	log2H=5.00	image=0	bad=0
Z	carat/tables/qcatalog/dim5/dir.3;2-2/ordnung.24/(1)^1(2)^8(4)^2(12)^2/group.729	9	2	2	method=1	log2H=1.00	image=0	bad=0
Z	carat/tables/qcatalog/dim5/dir.3;2-2/ordnung.144/(1)^9(4)^2(12)^2/group.716	4	2	2	method=1	log2H=1.00	image=0	bad=0
Z	carat/tables/qcatalog/dim5/dir.3;2-2/ordnung.144/(1)^9(4)^2(12)^2/group.718	3	4	4	method=1	log2H=2.00	image=0	bad=0
Z	carat/tables/qcatalog/dim5/dir.3;2-2/ordnung.24/(1)^1(2)^8(4)^2(12)^2/group.729	10	4	4	method=1	log2H=2.00	image=0	bad=0
Z	carat/tables/qcatalog/dim5/dir.3;2-2/ordnung.144/(1)^9(4)^2(12)^2/group.722	4	2	2	method=1	log2H=1.00	image=0	bad=0
Z	carat/tables/qcatalog/dim5/dir.3;2-2/ordnung.48/(1)^1(2)^4(4)^5(12)^1/group.743	4	2	2	method=1	log2H=1.00	image=0	bad=0
Z	carat/tables/qcatalog/dim5/dir.3;2-2/ordnung.144/(1)^9(4)^2(12)^2/group.716	5	8	8	method=1	log2H=3.58	image=0	bad=0
Z	carat/tables/qcatalog/dim5/dir.3;2-2/ordnung.288/(1)^9(4)^2(12)^2/group.739	2	16	16	method=1	log2H=4.58	image=0	bad=0
Z	carat/tables/qcatalog/dim5/dir.3;2-2/ordnung.288/(1)^9(4)^2(12)^2/group.734	2	8	8	method=1	log2H=3.00	image=0	bad=0
Z	carat/tables/qcatalog/dim5/dir.3;2-2/ordnung.48/(1)^1(2)^4(4)^5(12)^1/group.743	5	4	4	method=1	log2H=3.00	image=0	bad=0
Z	carat/tables/qcatalog/dim5/dir.3;2-2/ordnung.144/(1)^9(4)^2(12)^2/group.718	4	4	4	method=1	log2H=2.58	image=0	bad=0
Z	carat/tables/qcatalog/dim5/dir.3;2-2/ordnung.144/(1)^9(4)^2(12)^2/group.722	5	4	4	method=1	log2H=2.00	image=0	bad=0
Z	carat/tables/qcatalog/dim5/dir.3;2-2/ordnung.144/(1)^9(4)^2(12)^2/group.716	6	4	4	method=1	log2H=2.58	image=0	bad=0
Z	carat/tables/qcatalog/dim5/dir.3;2-2/ordnung.144/(1)^9(4)^2(12)^2/group.722	6	2	2	method=1	log2H=1.00	image=0	bad=0
Z	carat/tables/qcatalog/dim5/dir.3;2-2/ordnung.288/(1)^7(4)^4(12)^2/group.732	2	12	12	method=1	log2H=4.00	image=0	bad=0
Z	carat/tables/qcatalog/dim5/dir.3;2-2/ordnung.144/(1)^9(4)^2(12)^2/group.718	5	4	4	method=1	log2H=2.00	image=0	bad=0
Z	carat/tables/qcatalog/dim5/dir.3;2-2/ordnung.288/(1)^9(4)^2(12)^2/group.739	3	8	8	method=1	log2H=3.00	image=0	bad=0
Z	carat/tables/qcatalog/dim5/dir.3;2-2/ordnung.288/(1)^9(4)^2(12)^2/group.734	3	8	8	method=1	log2H=3.00	image=0	bad=0
Z	carat/tables/qcatalog/dim5/dir.3;2-2/ordnung.144/(1)^9(4)^2(12)^2/group.718	6	2	2	method=1	log2H=1.00	image=0	bad=0
Z	carat/tables/qcatalog/dim5/dir.3;2-2/ordnung.288/(1)^9(4)^2(12)^2/group.741	1	8	8	method=1	log2H=3.00	image=0	bad=0
Z	carat/tables/qcatalog/dim5/dir.3;2-2/ordnung.288/(1)^7(4)^4(12)^2/group.732	3	2	2	method=1	log2H=1.00	image=0	bad=0
Z	carat/tables/qcatalog/dim5/dir.3;2-2/ordnung.288/(1)^9(4)^2(12)^2/group.739	4	4	4	method=1	log2H=2.58	image=0	bad=0
Z	carat/tables/qcatalog/dim5/dir.3;2-2/ordnung.288/(1)^9(4)^2(12)^2/group.734	4	2	2	method=1	log2H=1.00	image=0	bad=0
Z	carat/tables/qcatalog/dim5/dir.3;2-2/ordnung.288/(1)^9(4)^2(12)^2/group.738	1	8	8	method=1	log2H=3.00	image=0	bad=0
Z	carat/tables/qcatalog/dim5/dir.3;2-2/ordnung.288/(1)^9(4)^2(12)^2/group.741	2	8	8	method=1	log2H=3.00	image=0	bad=0
Z	carat/tables/qcatalog/dim5/dir.3;2-2/ordnung.288/(1)^9(4)^2(12)^2/group.739	5	8	8	method=1	log2H=3.00	image=0	bad=0
Z	carat/tables/qcatalog/dim5/dir.3;2-2/ordnung.288/(1)^9(4)^2(12)^2/group.736	1	8	8	method=1	log2H=3.00	image=0	bad=0
Z	carat/tables/qcatalog/dim5/dir.3;2-2/ordnung.288/(1)^9(4)^2(12)^2/group.734	5	8	8	method=1	log2H=3.00	image=0	bad=0
Z	carat/tables/qcatalog/dim5/dir.3;2-2/ordnung.288/(1)^9(4)^2(12)^2/group.741	3	2	2	method=1	log2H=1.00	image=0	bad=0
Z	carat/tables/qcatalog/dim5/dir.3;2-2/ordnung.288/(1)^9(4)^2(12)^2/group.739	6	2	2	method=1	log2H=1.00	image=0	bad=0
Z	carat/tables/qcatalog/dim5/dir.3;2-2/ordnung.288/(1)^9(4)^2(12)^2/group.736	2	12	12	method=1	log2H=4.00	image=0	bad=0
Z	carat/tables/qcatalog/dim5/dir.3;2-2/ordnung.288/(1)^9(4)^2(12)^2/group.738	2	8	8	method=1	log2H=3.00	image=0	bad=0
Z	carat/tables/qcatalog/dim5/dir.3;2-2/ordnung.288/(1)^9(4)^2(12)^2/group.734	6	2	2	method=1	log2H=1.00	image=0	bad=0
father: level 1 number of orbits 1 lengths 1
father: level 1 number of orbits 1 lengths 1
Z	carat/tables/qcatalog/dim5/dir.3;2-2/ordnung.288/(1)^9(4)^2(12)^2/group.736	3	2	2	method=1	log2H=1.00	image=0	bad=0
Z	carat/tables/qcatalog/dim5/dir.3;2-2/ordnung.48/(1)^1(2)^8(4)^2(12)^2/group.747	1	8	8	method=1	log2H=3.00	image=0	bad=0
father: level 1 number of orbits 1 lengths 1
Z	carat/tables/qcatalog/dim5/dir.3;2-2/ordnung.72/(1)^7(4)^3(12)^1/group.752	1	4	4	method=1	log2H=2.58	image=0	bad=0
father: level 1 number of orbits 1 lengths 1
Z	carat/tables/qcatalog/dim5/dir.3;2-2/ordnung.288/(1)^9(4)^2(12)^2/group.738	3	2	2	method=1	log2H=1.00	image=0	bad=0
Z	carat/tables/qcatalog/dim5/dir.3;2-2/ordnung.48/(1)^1(2)^8(4)^2(12)^2/group.747	2	4	4	method=1	log2H=2.00	image=0	bad=0
Z	carat/tables/qcatalog/dim5/dir.3;2-2/ordnung.72/(1)^7(4)^3(12)^1/group.752	2	6	6	method=1	log2H=3.58	image=0	bad=0
Z	carat/tables/qcatalog/dim5/dir.3;2-2/ordnung.72/(1)^7(4)^3(12)^1/group.752	3	4	4	method=1	log2H=2.58	image=0	bad=0
Z	carat/tables/qcatalog/dim5/dir.3;2-2/ordnung.48/(1)^1(2)^8(4)^2(12)^2/group.744	1	8	8	method=1	log2H=3.00	image=0	bad=0
Z	carat/tables/qcatalog/dim5/dir.3;2-2/ordnung.48/(1)^1(2)^8(4)^2(12)^2/group.747	3	8	8	method=1	log2H=3.00	image=0	bad=0
Z	carat/tables/qcatalog/dim5/dir.3;2-2/ordnung.48/(1)^1(2)^8(4)^2(12)^2/group.747	4	2	2	method=1	log2H=1.00	image=0	bad=0
Z	carat/tables/qcatalog/dim5/dir.3;2-2/ordnung.48/(1)^1(2)^8(4)^2(12)^2/group.744	2	6	6	method=1	log2H=3.00	image=0	bad=0
Z	carat/tables/qcatalog/dim5/dir.3;2-2/ordnung.48/(1)^1(2)^8(4)^2(12)^2/group.747	5	4	4	method=1	log2H=2.00	image=0	bad=0
Z	carat/tables/qcatalog/dim5/dir.3;2-2/ordnung.48/(1)^1(2)^8(4)^2(12)^2/group.744	3	12	12	method=1	log2H=4.00	image=0	bad=0
Z	carat/tables/qcatalog/dim5/dir.3;2-2/ordnung.36/(1)^5(4)^5(12)^1/group.742	1	2	2	method=1	log2H=1.58	image=0	bad=0
Z	carat/tables/qcatalog/dim5/dir.3;2-2/ordnung.48/(1)^1(2)^8(4)^2(12)^2/group.744	4	3	3	method=1	log2H=2.00	image=0	bad=0
Z	carat/tables/qcatalog/dim5/dir.3;2-2/ordnung.36/(1)^5(4)^5(12)^1/group.742	2	4	4	method=1	log2H=2.58	image=0	bad=0
Z	carat/tables/qcatalog/dim5/dir.3;2-2/ordnung.36/(1)^5(4)^5(12)^1/group.742	3	4	4	method=1	log2H=2.58	image=0	bad=0
Z	carat/tables/qcatalog/dim5/dir.3;2-2/ordnung.48/(1)^1(2)^8(4)^2(12)^2/group.744	5	4	4	method=1	log2H=2.00	image=0	bad=0
Z	carat/tables/qcatalog/dim5/dir.3;2-2/ordnung.72/(1)^5(4)^5(12)^1/group.750	1	2	2	method=1	log2H=1.00	image=0	bad=0
father: level 1 number of orbits 1 lengths 1
Z	carat/tables/qcatalog/dim5/dir.3;2-2/ordnung.72/(1)^7(4)^3(12)^1/group.754	1	2	2	method=1	log2H=1.00	image=0	bad=0
Z	carat/tables/qcatalog/dim5/dir.3;2-2/ordnung.72/(1)^5(4)^5(12)^1/group.750	2	4	4	method=1	log2H=2.00	image=0	bad=0
Z	carat/tables/qcatalog/dim5/dir.4-1';1/ordnung.16/(1)^1(4)^2(8)^2/group.760	1	4	4	method=1	log2H=2.00	image=0	bad=0
Z	carat/tables/qcatalog/dim5/dir.3;2-2/ordnung.72/(1)^7(4)^3(12)^1/group.754	2	2	2	method=1	log2H=1.00	image=0	bad=0
Z	carat/tables/qcatalog/dim5/dir.4-1';1/ordnung.16/(1)^1(4)^2(8)^2/group.760	2	2	2	method=1	log2H=1.00	image=0	bad=0
Z	carat/tables/qcatalog/dim5/dir.3;2-2/ordnung.72/(1)^5(4)^5(12)^1/group.750	3	2	2	method=1	log2H=1.00	image=0	bad=0
Z	carat/tables/qcatalog/dim5/dir.3;2-2/ordnung.72/(1)^7(4)^3(12)^1/group.754	3	2	2	method=1	log2H=1.00	image=0	bad=0
father: level 1 number of orbits 1 lengths 1
father: level 1 number of orbits 1 lengths 1
Z	carat/tables/qcatalog/dim5/dir.3;2-2/ordnung.72/(1)^5(4)^5(12)^1/group.748	1	2	2	method=1	log2H=1.00	image=0	bad=0
Z	carat/tables/qcatalog/dim5/dir.4-1';1/ordnung.16/(1)^1(4)^6(8)^2/group.762	1	4	4	method=1	log2H=2.00	image=0	bad=0
Z	carat/tables/qcatalog/dim5/dir.3;2-2/ordnung.72/(1)^7(4)^3(12)^1/group.753	1	4	4	method=1	log2H=2.58	image=0	bad=0
father: level 1 number of orbits 1 lengths 1
Z	carat/tables/qcatalog/dim5/dir.4-1';1/ordnung.16/(1)^1(4)^6(8)^2/group.762	2	2	2	method=1	log2H=1.00	image=0	bad=0
father: level 1 number of orbits 1 lengths 1
father: level 1 number of orbits 1 lengths 1
Z	carat/tables/qcatalog/dim5/dir.4-1';1/ordnung.16/(1)^1(4)^6(8)^2/group.762	3	4	4	method=1	log2H=2.00	image=0	bad=0
father: level 1 number of orbits 1 lengths 1
Z	carat/tables/qcatalog/dim5/dir.4-1';1/ordnung.16/(1)^1(4)^6(8)^2/group.762	4	2	2	method=1	log2H=1.00	image=0	bad=0
Z	carat/tables/qcatalog/dim5/dir.3;2-2/ordnung.72/(1)^7(4)^3(12)^1/group.753	2	4	4	method=1	log2H=2.58	image=0	bad=0
father: level 1 number of orbits 1 lengths 1
Z	carat/tables/qcatalog/dim5/dir.4-1';1/ordnung.8/(1)^1(4)^2(8)^2/min.142	1	1	1	method=0	log2H=0.00	image=0	bad=0
Z	carat/tables/qcatalog/dim5/dir.3;2-2/ordnung.72/(1)^5(4)^5(12)^1/group.748	2	3	3	method=1	log2H=2.00	image=0	bad=0
Z	carat/tables/qcatalog/dim5/dir.4-1';1/ordnung.8/(1)^1(4)^2(8)^2/min.142	2	1	1	method=0	log2H=0.00	image=0	bad=0
Z	carat/tables/qcatalog/dim5/dir.3;2-2/ordnung.24/(1)^1(2)^8(4)^2(12)^2/group.730	1	4	4	method=1	log2H=2.00	image=0	bad=0
father: level 1 number of orbits 1 lengths 1
Z	carat/tables/qcatalog/dim5/dir.3;2-2/ordnung.24/(1)^1(2)^8(4)^2(12)^2/group.730	2	3	3	method=1	log2H=2.00	image=0	bad=0
father: level 1 number of orbits 1 lengths 1
Z	carat/tables/qcatalog/dim5/dir.3;2-2/ordnung.72/(1)^7(4)^3(12)^1/group.753	3	4	4	method=1	log2H=2.58	image=0	bad=0
Z	carat/tables/qcatalog/dim5/dir.3;2-2/ordnung.72/(1)^5(4)^5(12)^1/group.748	3	2	2	method=1	log2H=1.00	image=0	bad=0
father: level 1 number of orbits 1 lengths 1
Z	carat/tables/qcatalog/dim5/dir.3;2-2/ordnung.24/(1)^1(2)^8(4)^2(12)^2/group.730	3	6	6	method=1	log2H=3.00	image=0	bad=0
father: level 1 number of orbits 1 lengths 1
father: level 1 number of orbits 1 lengths 1
Z	carat/tables/qcatalog/dim5/dir.3;2-2/ordnung.24/(1)^1(2)^8(4)^2(12)^2/group.730	4	3	3	method=1	log2H=2.00	image=0	bad=0
father: level 1 number of orbits 1 lengths 1
father: level 1 number of orbits 1 lengths 1
Z	carat/tables/qcatalog/dim5/dir.3;2-2/ordnung.24/(1)^1(2)^8(4)^2(12)^2/group.730	5	4	4	method=1	log2H=2.00	image=0	bad=0
Z	carat/tables/qcatalog/dim5/dir.4-1';1/ordnung.16/(1)^1(4)^6(8)^2/group.763	1	8	8	method=1	log2H=4.00	image=0	bad=0
Z	carat/tables/qcatalog/dim5/dir.3;2-2/ordnung.48/(1)^1(2)^8(4)^2(12)^2/group.745	1	8	8	method=1	log2H=3.00	image=0	bad=0
Z	carat/tables/qcatalog/dim5/dir.4-1';1/ordnung.16/(1)^1(4)^6(8)^2/group.763	2	3	3	method=1	log2H=2.00	image=0	bad=0
Z	carat/tables/qcatalog/dim5/dir.4-1';1/ordnung.16/(1)^1(4)^6(8)^2/group.761	1	8	8	method=1	log2H=3.00	image=0	bad=0
Z	carat/tables/qcatalog/dim5/dir.3;2-2/ordnung.24/(1)^1(2)^8(4)^2(12)^2/group.730	6	3	3	method=1	log2H=2.00	image=0	bad=0
Z	carat/tables/qcatalog/dim5/dir.3;2-2/ordnung.48/(1)^1(2)^8(4)^2(12)^2/group.745	2	4	4	method=1	log2H=2.00	image=0	bad=0
Z	carat/tables/qcatalog/dim5/dir.4-1';1/ordnung.16/(1)^1(4)^6(8)^2/group.761	2	4	4	method=1	log2H=2.00	image=0	bad=0
Z	carat/tables/qcatalog/dim5/dir.4-1';1/ordnung.32/(1)^1(4)^6(8)^2/group.764	1	16	16	method=1	log2H=4.00	image=0	bad=0
Z	carat/tables/qcatalog/dim5/dir.3;2-2/ordnung.24/(1)^1(2)^8(4)^2(12)^2/group.730	7	4	4	method=1	log2H=2.00	image=0	bad=0
Z	carat/tables/qcatalog/dim5/dir.3;2-2/ordnung.48/(1)^1(2)^8(4)^2(12)^2/group.745	3	8	8	method=1	log2H=3.00	image=0	bad=0
Z	carat/tables/qcatalog/dim5/dir.3;2-2/ordnung.576/(1)^9(4)^2(12)^2/max.10	1	16	16	method=1	log2H=4.00	image=0	bad=0
Z	carat/tables/qcatalog/dim5/dir.4-1';1/ordnung.32/(1)^1(4)^6(8)^2/group.764	2	4	4	method=1	log2H=2.00	image=0	bad=0
Z	carat/tables/qcatalog/dim5/dir.3;2-2/ordnung.288/(1)^9(4)^2(12)^2/group.740	1	8	8	method=1	log2H=3.00	image=0	bad=0
Z	carat/tables/qcatalog/dim5/dir.3;2-2/ordnung.48/(1)^1(2)^8(4)^2(12)^2/group.745	4	2	2	method=1	log2H=1.00	image=0	bad=0
Z	carat/tables/qcatalog/dim5/dir.3;2-2/ordnung.72/(1)^7(4)^4(12)^2/group.756	1	4	4	method=1	log2H=2.58	image=0	bad=0
Z	carat/tables/qcatalog/dim5/dir.3;2-2/ordnung.24/(1)^1(2)^8(4)^2(12)^2/group.730	8	6	6	method=1	log2H=3.00	image=0	bad=0
Z	carat/tables/qcatalog/dim5/dir.3;2-2/ordnung.48/(1)^1(2)^8(4)^2(12)^2/group.745	5	8	8	method=1	log2H=3.00	image=0	bad=0
Z	carat/tables/qcatalog/dim5/dir.3;2-2/ordnung.72/(1)^7(4)^4(12)^2/group.756	2	6	6	method=1	log2H=3.58	image=0	bad=0
Z	carat/tables/qcatalog/dim5/dir.3;2-2/ordnung.288/(1)^9(4)^2(12)^2/group.740	2	8	8	method=1	log2H=3.00	image=0	bad=0
Z	carat/tables/qcatalog/dim5/dir.3;2-2/ordnung.72/(1)^7(4)^4(12)^2/group.756	3	2	2	method=1	log2H=1.00	image=0	bad=0
Z	carat/tables/qcatalog/dim5/dir.3;2-2/ordnung.48/(1)^1(2)^8(4)^2(12)^2/group.745	6	4	4	method=1	log2H=2.00	image=0	bad=0
Z	carat/tables/qcatalog/dim5/dir.3;2-2/ordnung.24/(1)^1(2)^8(4)^2(12)^2/group.730	9	3	3	method=1	log2H=2.00	image=0	bad=0
Z	carat/tables/qcatalog/dim5/dir.3;2-2/ordnung.72/(1)^7(4)^4(12)^2/group.756	4	4	4	method=1	log2H=2.58	image=0	bad=0
father: level 1 number of orbits 1 lengths 1
Z	carat/tables/qcatalog/dim5/dir.4-1';1/ordnung.8/(1)^1(4)^2(8)^2/min.141	1	4	4	method=1	log2H=3.00	image=0	bad=0
Z	carat/tables/qcatalog/dim5/dir.4-1';1/ordnung.8/(1)^1(4)^2(8)^2/min.141	2	3	3	method=1	log2H=2.00	image=0	bad=0
Z	carat/tables/qcatalog/dim5/dir.3;2-2/ordnung.48/(1)^1(2)^8(4)^2(12)^2/group.745	7	4	4	method=1	log2H=2.00	image=0	bad=0
Z	carat/tables/qcatalog/dim5/dir.3;2-2/ordnung.72/(1)^7(4)^4(12)^2/group.756	5	3	3	method=1	log2H=2.00	image=0	bad=0
Z	carat/tables/qcatalog/dim5/dir.3;2-2/ordnung.72/(1)^9(4)^2(12)^2/group.758	1	2	2	method=1	log2H=1.00	image=0	bad=0
Z	carat/tables/qcatalog/dim5/dir.3;2-2/ordnung.72/(1)^7(4)^3(12)^1/group.751	1	2	2	method=1	log2H=1.00	image=0	bad=0
Z	carat/tables/qcatalog/dim5/dir.3;2-2/ordnung.72/(1)^7(4)^4(12)^2/group.756	6	2	2	method=1	log2H=1.00	image=0	bad=0
Z	carat/tables/qcatalog/dim5/dir.3;2-2/ordnung.24/(1)^1(2)^8(4)^2(12)^2/group.730	10	4	4	method=1	log2H=2.00	image=0	bad=0
Z	carat/tables/qcatalog/dim5/dir.3;2-2/ordnung.48/(1)^1(2)^8(4)^2(12)^2/group.745	8	8	8	method=1	log2H=3.00	image=0	bad=0
Z	carat/tables/qcatalog/dim5/dir.3;2-2/ordnung.72/(1)^9(4)^2(12)^2/group.758	2	2	2	method=1	log2H=1.00	image=0	bad=0
Z	carat/tables/qcatalog/dim5/dir.3;2-2/ordnung.72/(1)^7(4)^3(12)^1/group.751	2	3	3	method=1	log2H=2.00	image=0	bad=0
Z	carat/tables/qcatalog/dim5/dir.3;2-2/ordnung.288/(1)^9(4)^2(12)^2/group.740	3	8	8	method=1	log2H=3.00	image=0	bad=0
Z	carat/tables/qcatalog/dim5/dir.3;2-2/ordnung.72/(1)^7(4)^3(12)^1/group.751	3	2	2	method=1	log2H=1.00	image=0	bad=0
Z	carat/tables/qcatalog/dim5/dir.3;2-2/ordnung.72/(1)^9(4)^2(12)^2/group.758	3	4	4	method=1	log2H=2.58	image=0	bad=0
Z	carat/tables/qcatalog/dim5/dir.3;2-2/ordnung.48/(1)^1(2)^8(4)^2(12)^2/group.745	9	2	2	method=1	log2H=1.00	image=0	bad=0
Z	carat/tables/qcatalog/dim5/dir.3;2-2/ordnung.48/(1)^1(2)^8(4)^2(12)^2/group.745	10	4	4	method=1	log2H=2.00	image=0	bad=0
Z	carat/tables/qcatalog/dim5/dir.3;2-2/ordnung.72/(1)^9(4)^2(12)^2/group.758	4	2	2	method=1	log2H=1.00	image=0	bad=0
Z	carat/tables/qcatalog/dim5/dir.3;2-2/ordnung.72/(1)^5(4)^5(12)^1/group.749	1	4	4	method=1	log2H=2.58	image=0	bad=0
Z	carat/tables/qcatalog/dim5/dir.3;2-2/ordnung.72/(1)^5(4)^5(12)^1/group.749	2	6	6	method=1	log2H=3.58	image=0	bad=0
Z	carat/tables/qcatalog/dim5/dir.3;2-2/ordnung.72/(1)^9(4)^2(12)^2/group.758	5	4	4	method=1	log2H=2.58	image=0	bad=0
Z	carat/tables/qcatalog/dim5/dir.4-1;1/ordnung.1152/(1)^7(2)^8(4)^2/group.765	1	2	2	method=1	log2H=1.00	image=0	bad=0
Z	carat/tables/qcatalog/dim5/dir.3;2-2/ordnung.72/(1)^5(4)^5(12)^1/group.749	3	4	4	method=1	log2H=2.58	image=0	bad=0
Z	carat/tables/qcatalog/dim5/dir.3;2-2/ordnung.288/(1)^9(4)^2(12)^2/group.740	4	2	2	method=1	log2H=1.00	image=0	bad=0
Z	carat/tables/qcatalog/dim5/dir.3;2-2/ordnung.72/(1)^9(4)^2(12)^2/group.758	6	4	4	method=1	log2H=2.58	image=0	bad=0
Z	carat/tables/qcatalog/dim5/dir.3;2-2/ordnung.576/(1)^9(4)^2(12)^2/max.10	2	16	16	method=1	log2H=4.00	image=0	bad=0
Z	carat/tables/qcatalog/dim5/dir.3;2-2/ordnung.288/(1)^9(4)^2(12)^2/group.740	5	8	8	method=1	log2H=3.00	image=0	bad=0
Z	carat/tables/qcatalog/dim5/dir.4-1;1/ordnung.1152/(1)^9(2)^8/group.766	1	4	4	method=1	log2H=2.58	image=0	bad=0
Z	carat/tables/qcatalog/dim5/dir.3;2-2/ordnung.576/(1)^9(4)^2(12)^2/max.10	3	2	2	method=1	log2H=1.00	image=0	bad=0
Z	carat/tables/qcatalog/dim5/dir.3;2-2/ordnung.288/(1)^9(4)^2(12)^2/group.740	6	2	2	method=1	log2H=1.00	image=0	bad=0
Z	carat/tables/qcatalog/dim5/dir.4-1;1/ordnung.1152/(1)^7(2)^8(4)^2/group.765	2	2	2	method=1	log2H=1.00	image=0	bad=0
Z	carat/tables/qcatalog/dim5/dir.3;2-2/ordnung.72/(1)^7(4)^4(12)^2/group.755	1	2	2	method=1	log2H=1.00	image=0	bad=0
father: level 1 number of orbits 1 lengths 1
father: level 1 number of orbits 1 lengths 1
Z	carat/tables/qcatalog/dim5/dir.4-1;1/ordnung.1152/(1)^9(2)^8/group.766	2	4	4	method=1	log2H=2.58	image=0	bad=0
Z	carat/tables/qcatalog/dim5/dir.3;2-2/ordnung.72/(1)^7(4)^4(12)^2/group.755	2	4	4	method=1	log2H=2.00	image=0	bad=0
father: level 1 number of orbits 1 lengths 1
father: level 1 number of orbits 1 lengths 1
Z	carat/tables/qcatalog/dim5/dir.4-1;1/ordnung.1152/(1)^9(2)^8/group.768	1	2	2	method=1	log2H=1.00	image=0	bad=0
Z	carat/tables/qcatalog/dim5/dir.3;2-2/ordnung.72/(1)^7(4)^4(12)^2/group.755	3	4	4	method=1	log2H=2.58	image=0	bad=0
Z	carat/tables/qcatalog/dim5/dir.4-1;1/ordnung.128/(1)^1(2)^10(4)^6/group.774	1	32	32	method=1	log2H=5.00	image=0	bad=0
father: level 1 number of orbits 1 lengths 1
father: level 1 number of orbits 1 lengths 1
father: level 1 number of orbits 1 lengths 1
Z	carat/tables/qcatalog/dim5/dir.3;2-2/ordnung.72/(1)^7(4)^4(12)^2/group.755	4	2	2	method=1	log2H=1.00	image=0	bad=0
father: level 1 number of orbits 1 lengths 1
Z	carat/tables/qcatalog/dim5/dir.3;2-2/ordnung.96/(1)^1(2)^8(4)^2(12)^2/group.759	1	16	16	method=1	log2H=4.00	image=0	bad=0
father: level 1 number of orbits 1 lengths 1
father: level 1 number of orbits 1 lengths 3
father: level 1 number of orbits 1 lengths 1
father: level 1 number of orbits 1 lengths 1
father: level 1 number of orbits 1 lengths 1
Z	carat/tables/qcatalog/dim5/dir.3;2-2/ordnung.72/(1)^7(4)^4(12)^2/group.755	5	8	8	method=1	log2H=3.58	image=0	bad=0
father: level 1 number of orbits 1 lengths 1
father: level 1 number of orbits 1 lengths 1
father: level 1 number of orbits 1 lengths 1
Z	carat/tables/qcatalog/dim5/dir.4-1;1/ordnung.128/(1)^1(2)^10(4)^6/group.774	2	8	8	method=1	log2H=3.00	image=0	bad=0
Z	carat/tables/qcatalog/dim5/dir.3;2-2/ordnung.96/(1)^1(2)^8(4)^2(12)^2/group.759	2	8	8	method=1	log2H=3.00	image=0	bad=0
Z	carat/tables/qcatalog/dim5/dir.3;2-2/ordnung.72/(1)^7(4)^4(12)^2/group.755	6	4	4	method=1	log2H=2.58	image=0	bad=0
Z	carat/tables/qcatalog/dim5/dir.4-1;1/ordnung.128/(1)^1(2)^10(4)^6/group.770	1	48	48	method=1	log2H=6.00	image=0	bad=0
Z	carat/tables/qcatalog/dim5/dir.4-1;1/ordnung.128/(1)^1(2)^6(4)^10/group.776	1	60	60	method=1	log2H=8.00	image=0	bad=0
Z	carat/tables/qcatalog/dim5/dir.3;2-2/ordnung.72/(1)^9(4)^2(12)^2/group.757	1	4	4	method=1	log2H=2.58	image=0	bad=0
Z	carat/tables/qcatalog/dim5/dir.4-1;1/ordnung.128/(1)^1(2)^10(4)^6/group.774	3	32	32	method=1	log2H=5.00	image=0	bad=0
Z	carat/tables/qcatalog/dim5/dir.4-1;1/ordnung.1152/(1)^9(2)^8/group.767	1	4	4	method=1	log2H=2.00	image=0	bad=0
Z	carat/tables/qcatalog/dim5/dir.3;2-2/ordnung.96/(1)^1(2)^8(4)^2(12)^2/group.759	3	16	16	method=1	log2H=4.00	image=0	bad=0
Z	carat/tables/qcatalog/dim5/dir.3;2-2/ordnung.72/(1)^9(4)^2(12)^2/group.757	2	6	6	method=1	log2H=3.58	image=0	bad=0
Z	carat/tables/qcatalog/dim5/dir.4-1;1/ordnung.1152/(1)^9(2)^8/group.769	1	2	2	method=1	log2H=1.00	image=0	bad=0
Z	carat/tables/qcatalog/dim5/dir.3;2-2/ordnung.72/(1)^9(4)^2(12)^2/group.757	3	2	2	method=1	log2H=1.00	image=0	bad=0
Z	carat/tables/qcatalog/dim5/dir.3;2-2/ordnung.72/(1)^9(4)^2(12)^2/group.757	4	4	4	method=1	log2H=2.58	image=0	bad=0
Z	carat/tables/qcatalog/dim5/dir.4-1;1/ordnung.128/(1)^1(2)^10(4)^6/group.770	2	8	8	method=1	log2H=3.00	image=0	bad=0
Z	carat/tables/qcatalog/dim5/dir.4-1;1/ordnung.144/(1)^5(6)^4/group.780	1	1	1	method=0	log2H=0.00	image=0	bad=0
father: level 1 number of orbits 1 lengths 3
Z	carat/tables/qcatalog/dim5/dir.4-1;1/ordnung.128/(1)^1(2)^10(4)^6/group.772	1	32	32	method=1	log2H=5.00	image=0	bad=0
Z	carat/tables/qcatalog/dim5/dir.4-1;1/ordnung.128/(1)^1(2)^6(4)^10/group.776	2	8	8	method=1	log2H=3.00	image=0	bad=0
father: level 1 number of orbits 1 lengths 1
Z	carat/tables/qcatalog/dim5/dir.3;2-2/ordnung.96/(1)^1(2)^8(4)^2(12)^2/group.759	4	2	2	method=1	log2H=1.00	image=0	bad=0
Z	carat/tables/qcatalog/dim5/dir.3;2-2/ordnung.72/(1)^9(4)^2(12)^2/group.757	5	3	3	method=1	log2H=2.00	image=0	bad=0
Z	carat/tables/qcatalog/dim5/dir.3;2-2/ordnung.72/(1)^9(4)^2(12)^2/group.757	6	2	2	method=1	log2H=1.00	image=0	bad=0
Z	carat/tables/qcatalog/dim5/dir.4-1;1/ordnung.128/(1)^1(2)^10(4)^6/group.774	4	8	8	method=1	log2H=3.00	image=0	bad=0
Z	carat/tables/qcatalog/dim5/dir.4-1;1/ordnung.128/(1)^1(2)^10(4)^6/group.770	3	48	48	method=1	log2H=6.00	image=0	bad=0
Z	carat/tables/qcatalog/dim5/dir.4-1;1/ordnung.16/(1)^1(4)^6(8)^2/group.784	1	32	32	method=1	log2H=7.00	image=0	bad=0
Z	carat/tables/qcatalog/dim5/dir.3;2-2/ordnung.96/(1)^1(2)^8(4)^2(12)^2/group.759	5	4	4	method=1	log2H=2.00	image=0	bad=0
father: level 1 number of orbits 1 lengths 1
father: level 1 number of orbits 1 lengths 1
father: level 1 number of orbits 1 lengths 1
Z	carat/tables/qcatalog/dim5/dir.4-1;1/ordnung.128/(1)^1(2)^10(4)^6/group.772	2	8	8	method=1	log2H=3.00	image=0	bad=0
Z	carat/tables/qcatalog/dim5/dir.4-1;1/ordnung.16/(1)^1(4)^6(8)^2/group.784	2	6	6	method=1	log2H=3.00	image=0	bad=0
father: level 1 number of orbits 1 lengths 1
Z	carat/tables/qcatalog/dim5/dir.4-1;1/ordnung.128/(1)^1(2)^6(4)^10/group.776	3	48	48	method=1	log2H=6.00	image=0	bad=0
Z	carat/tables/qcatalog/dim5/dir.4-1;1/ordnung.16/(1)^1(4)^6(8)^2/group.784	3	12	12	method=1	log2H=4.00	image=0	bad=0
father: level 1 number of orbits 1 lengths 1
father: level 1 number of orbits 1 lengths 1
Z	carat/tables/qcatalog/dim5/dir.4-1;1/ordnung.128/(1)^1(2)^10(4)^6/group.770	4	8	8	method=1	log2H=3.00	image=0	bad=0
father: level 1 number of orbits 1 lengths 1
Z	carat/tables/qcatalog/dim5/dir.4-1;1/ordnung.128/(1)^1(2)^10(4)^6/group.772	3	32	32	method=1	log2H=5.00	image=0	bad=0
Z	carat/tables/qcatalog/dim5/dir.4-1;1/ordnung.16/(1)^1(4)^6(8)^2/group.784	4	10	10	method=1	log2H=4.00	image=0	bad=0
father: level 1 number of orbits 1 lengths 1
Z	carat/tables/qcatalog/dim5/dir.4-1;1/ordnung.128/(1)^1(2)^6(4)^10/group.778	1	48	48	method=1	log2H=6.00	image=0	bad=0
Z	carat/tables/qcatalog/dim5/dir.4-1;1/ordnung.144/(1)^9(6)^8/group.782	1	5	5	method=1	log2H=3.17	image=0	bad=0
Z	carat/tables/qcatalog/dim5/dir.4-1;1/ordnung.128/(1)^1(2)^10(4)^6/group.772	4	8	8	method=1	log2H=3.00	image=0	bad=0
Z	carat/tables/qcatalog/dim5/dir.3;2-2/ordnung.48/(1)^1(2)^8(4)^2(12)^2/group.746	1	8	8	method=1	log2H=3.00	image=0	bad=0
Z	carat/tables/qcatalog/dim5/dir.4-1;1/ordnung.128/(1)^1(2)^6(4)^10/group.776	4	40	40	method=1	log2H=6.00	image=0	bad=0
Z	carat/tables/qcatalog/dim5/dir.4-1;1/ordnung.128/(1)^1(2)^6(4)^10/group.778	2	12	12	method=1	log2H=4.00	image=0	bad=0
Z	carat/tables/qcatalog/dim5/dir.4-1;1/ordnung.128/(1)^1(2)^10(4)^6/group.770	5	48	48	method=1	log2H=6.00	image=0	bad=0
father: level 1 number of orbits 1 lengths 1
father: level 1 number of orbits 1 lengths 1
Z	carat/tables/qcatalog/dim5/dir.4-1;1/ordnung.128/(1)^1(2)^6(4)^10/group.778	3	48	48	method=1	log2H=6.00	image=0	bad=0
Z	carat/tables/qcatalog/dim5/dir.4-1;1/ordnung.128/(1)^1(2)^10(4)^6/group.772	5	32	32	method=1	log2H=5.00	image=0	bad=0
Z	carat/tables/qcatalog/dim5/dir.3;2-2/ordnung.48/(1)^1(2)^8(4)^2(12)^2/group.746	2	4	4	method=1	log2H=2.00	image=0	bad=0
Z	carat/tables/qcatalog/dim5/dir.4-1;1/ordnung.144/(1)^9(6)^8/group.781	1	2	2	method=1	log2H=1.00	image=0	bad=0
Z	carat/tables/qcatalog/dim5/dir.4-1;1/ordnung.128/(1)^1(2)^10(4)^6/group.770	6	12	12	method=1	log2H=4.00	image=0	bad=0
Z	carat/tables/qcatalog/dim5/dir.4-1;1/ordnung.128/(1)^1(2)^10(4)^6/group.775	1	64	64	method=1	log2H=6.00	image=0	bad=0
father: level 1 number of orbits 1 lengths 1
father: level 1 number of orbits 1 lengths 1
Z	carat/tables/qcatalog/dim5/dir.4-1;1/ordnung.128/(1)^1(2)^6(4)^10/group.778	4	8	8	method=1	log2H=3.00	image=0	bad=0
Z	carat/tables/qcatalog/dim5/dir.4-1;1/ordnung.16/(1)^1(4)^6(8)^2/min.143	1	10	10	method=1	log2H=4.00	image=0	bad=0
Z	carat/tables/qcatalog/dim5/dir.4-1;1/ordnung.128/(1)^1(2)^10(4)^6/group.770	7	48	48	method=1	log2H=6.00	image=0	bad=0
Z	carat/tables/qcatalog/dim5/dir.4-1;1/ordnung.128/(1)^1(2)^10(4)^6/group.772	6	8	8	method=1	log2H=3.00	image=0	bad=0
father: level 1 number of orbits 1 lengths 3
Z	carat/tables/qcatalog/dim5/dir.4-1;1/ordnung.16/(1)^1(4)^6(8)^2/min.143	2	5	6	method=1	log2H=3.00	image=0	bad=0
father: level 1 number of orbits 1 lengths 1
Z	carat/tables/qcatalog/dim5/dir.3;2-2/ordnung.48/(1)^1(2)^8(4)^2(12)^2/group.746	3	8	8	method=1	log2H=3.00	image=0	bad=0
Z	carat/tables/qcatalog/dim5/dir.4-1;1/ordnung.16/(1)^1(4)^6(8)^2/min.143	3	10	10	method=1	log2H=4.00	image=0	bad=0
Z	carat/tables/qcatalog/dim5/dir.4-1;1/ordnung.128/(1)^1(2)^10(4)^6/group.775	2	16	16	method=1	log2H=4.00	image=0	bad=0
Z	carat/tables/qcatalog/dim5/dir.4-1;1/ordnung.128/(1)^1(2)^10(4)^6/group.772	7	32	32	method=1	log2H=5.00	image=0	bad=0
Z	carat/tables/qcatalog/dim5/dir.4-1;1/ordnung.16/(1)^1(4)^6(8)^2/min.143	4	6	6	method=1	log2H=3.00	image=0	bad=0
Z	carat/tables/qcatalog/dim5/dir.4-1;1/ordnung.128/(1)^1(2)^6(4)^10/group.778	5	32	32	method=1	log2H=5.00	image=0	bad=0
Z	carat/tables/qcatalog/dim5/dir.4-1;1/ordnung.128/(1)^1(2)^10(4)^6/group.770	8	12	12	method=1	log2H=4.00	image=0	bad=0
Z	carat/tables/qcatalog/dim5/dir.4-1;1/ordnung.16/(1)^1(4)^6(8)^2/group.785	1	16	16	method=1	log2H=6.00	image=0	bad=0
Z	carat/tables/qcatalog/dim5/dir.4-1;1/ordnung.128/(1)^1(2)^6(4)^10/group.776	5	204	204	method=1	log2H=10.00	image=0	bad=0
Z	carat/tables/qcatalog/dim5/dir.4-1;1/ordnung.128/(1)^1(2)^10(4)^6/group.775	3	64	64	method=1	log2H=6.00	image=0	bad=0
father: level 1 number of orbits 1 lengths 3
father: level 1 number of orbits 1 lengths 1
Z	carat/tables/qcatalog/dim5/dir.4-1;1/ordnung.128/(1)^1(2)^10(4)^6/group.772	8	8	8	method=1	log2H=3.00	image=0	bad=0
Z	carat/tables/qcatalog/dim5/dir.3;2-2/ordnung.48/(1)^1(2)^8(4)^2(12)^2/group.746	4	2	2	method=1	log2H=1.00	image=0	bad=0
Z	carat/tables/qcatalog/dim5/dir.4-1;1/ordnung.128/(1)^1(2)^6(4)^10/group.778	6	8	8	method=1	log2H=3.00	image=0	bad=0
Z	carat/tables/qcatalog/dim5/dir.4-1;1/ordnung.16/(1)^1(4)^2(8)^2/group.783	1	9	9	method=1	log2H=6.00	image=0	bad=0
Z	carat/tables/qcatalog/dim5/dir.4-1;1/ordnung.16/(1)^1(4)^6(8)^2/group.785	2	3	3	method=1	log2H=2.00	image=0	bad=0
Z	carat/tables/qcatalog/dim5/dir.4-1;1/ordnung.128/(1)^1(2)^10(4)^6/group.775	4	16	16	method=1	log2H=4.00	image=0	bad=0
Z	carat/tables/qcatalog/dim5/dir.4-1;1/ordnung.16/(1)^1(4)^2(8)^2/group.783	2	2	2	method=1	log2H=2.00	image=0	bad=0
Z	carat/tables/qcatalog/dim5/dir.4-1;1/ordnung.128/(1)^1(2)^6(4)^10/group.776	6	10	10	method=1	log2H=5.00	image=0	bad=0
Z	carat/tables/qcatalog/dim5/dir.4-1;1/ordnung.128/(1)^1(2)^6(4)^10/group.778	7	32	32	method=1	log2H=5.00	image=0	bad=0
Z	carat/tables/qcatalog/dim5/dir.4-1;1/ordnung.16/(1)^1(4)^6(8)^2/group.785	3	6	6	method=1	log2H=3.00	image=0	bad=0
Z	carat/tables/qcatalog/dim5/dir.3;2-2/ordnung.48/(1)^1(2)^8(4)^2(12)^2/group.746	5	8	8	method=1	log2H=3.00	image=0	bad=0
Z	carat/tables/qcatalog/dim5/dir.4-1;1/ordnung.16/(1)^1(4)^2(8)^2/group.783	3	4	4	method=1	log2H=3.00	image=0	bad=0
Z	carat/tables/qcatalog/dim5/dir.4-1;1/ordnung.16/(1)^1(4)^6(8)^2/group.785	4	6	6	method=1	log2H=3.00	image=0	bad=0
Z	carat/tables/qcatalog/dim5/dir.4-1;1/ordnung.16/(1)^1(4)^2(8)^2/group.783	4	4	4	method=1	log2H=3.00	image=0	bad=0
Z	carat/tables/qcatalog/dim5/dir.3;2-2/ordnung.48/(1)^1(2)^8(4)^2(12)^2/group.746	6	4	4	method=1	log2H=2.00	image=0	bad=0
Z	carat/tables/qcatalog/dim5/dir.4-1;1/ordnung.128/(1)^1(2)^6(4)^10/group.778	8	12	12	method=1	log2H=4.00	image=0	bad=0
Z	carat/tables/qcatalog/dim5/dir.3;2-2/ordnung.48/(1)^1(2)^8(4)^2(12)^2/group.746	7	4	4	method=1	log2H=2.00	image=0	bad=0
Z	carat/tables/qcatalog/dim5/dir.4-1;1/ordnung.128/(1)^1(2)^6(4)^10/group.776	7	40	40	method=1	log2H=7.00	image=0	bad=0
Z	carat/tables/qcatalog/dim5/dir.3;2-2/ordnung.48/(1)^1(2)^8(4)^2(12)^2/group.746	8	8	8	method=1	log2H=3.00	image=0	bad=0
father: level 1 number of orbits 1 lengths 1
father: level 1 number of orbits 1 lengths 1
Z	carat/tables/qcatalog/dim5/dir.3;2-2/ordnung.48/(1)^1(2)^8(4)^2(12)^2/group.746	9	2	2	method=1	log2H=1.00	image=0	bad=0
father: level 1 number of orbits 1 lengths 1
father: level 1 number of orbits 1 lengths 1
Z	carat/tables/qcatalog/dim5/dir.3;2-2/ordnung.48/(1)^1(2)^8(4)^2(12)^2/group.746	10	4	4	method=1	log2H=2.00	image=0	bad=0
Z	carat/tables/qcatalog/dim5/dir.4-1;1/ordnung.128/(1)^1(2)^6(4)^10/group.776	8	10	10	method=1	log2H=5.00	image=0	bad=0
Z	carat/tables/qcatalog/dim5/dir.4-1;1/ordnung.128/(1)^1(2)^10(4)^6/group.771	1	32	32	method=1	log2H=5.00	image=0	bad=0
father: level 1 number of orbits 1 lengths 1
Z	carat/tables/qcatalog/dim5/dir.4-1;1/ordnung.128/(1)^1(2)^10(4)^6/group.773	1	48	48	method=1	log2H=6.00	image=0	bad=0
father: level 1 number of orbits 1 lengths 1
Z	carat/tables/qcatalog/dim5/dir.4-1;1/ordnung.192/(1)^1(2)^16/group.793	1	4	4	method=1	log2H=2.00	image=0	bad=0
Z	carat/tables/qcatalog/dim5/dir.4-1;1/ordnung.128/(1)^1(2)^10(4)^6/group.771	2	8	8	method=1	log2H=3.00	image=0	bad=0
father: level 1 number of orbits 1 lengths 1
father: level 1 number of orbits 2 lengths 2
father: level 1 number of orbits 1 lengths 1
father: level 1 number of orbits 1 lengths 1
father: level 1 number of orbits 1 lengths 1
father: level 1 number of orbits 1 lengths 1
Z	carat/tables/qcatalog/dim5/dir.4-1;1/ordnung.128/(1)^1(2)^6(4)^10/group.779	1	32	32	method=1	log2H=5.00	image=0	bad=0
Z	carat/tables/qcatalog/dim5/dir.4-1;1/ordnung.128/(1)^1(2)^10(4)^6/group.771	3	32	32	method=1	log2H=5.00	image=0	bad=0
Z	carat/tables/qcatalog/dim5/dir.4-1;1/ordnung.16/(1)^1(4)^6(8)^2/min.144	1	4	4	method=1	log2H=2.00	image=0	bad=0
Z	carat/tables/qcatalog/dim5/dir.4-1;1/ordnung.16/(1)^1(4)^6(8)^2/min.144	2	2	2	method=1	log2H=1.00	image=0	bad=0
Z	carat/tables/qcatalog/dim5/dir.4-1;1/ordnung.192/(1)^1(2)^8(4)^8/group.798	1	6	6	method=1	log2H=3.00	image=0	bad=0
Z	carat/tables/qcatalog/dim5/dir.4-1;1/ordnung.16/(1)^1(4)^6(8)^2/group.786	1	40	40	method=1	log2H=6.00	image=0	bad=0
Z	carat/tables/qcatalog/dim5/dir.4-1;1/ordnung.192/(1)^1(2)^16/group.795	1	8	8	method=1	log2H=3.00	image=0	bad=0
father: level 1 number of orbits 1 lengths 1
father: level 1 number of orbits 1 lengths 1
Z	carat/tables/qcatalog/dim5/dir.4-1;1/ordnung.128/(1)^1(2)^6(4)^10/group.779	2	8	8	method=1	log2H=3.00	image=0	bad=0
Z	carat/tables/qcatalog/dim5/dir.4-1;1/ordnung.128/(1)^1(2)^10(4)^6/group.771	4	8	8	method=1	log2H=3.00	image=0	bad=0
Z	carat/tables/qcatalog/dim5/dir.4-1;1/ordnung.16/(1)^1(4)^6(8)^2/group.786	2	4	4	method=1	log2H=2.00	image=0	bad=0
father: level 1 number of orbits 1 lengths 1
Z	carat/tables/qcatalog/dim5/dir.4-1;1/ordnung.16/(1)^1(4)^6(8)^2/min.144	3	4	4	method=1	log2H=2.00	image=0	bad=0
father: level 1 number of orbits 1 lengths 1
Z	carat/tables/qcatalog/dim5/dir.4-1;1/ordnung.16/(1)^1(4)^6(8)^2/group.788	1	8	8	method=1	log2H=3.00	image=0	bad=0
Z	carat/tables/qcatalog/dim5/dir.4-1;1/ordnung.16/(1)^1(4)^6(8)^2/min.144	4	2	2	method=1	log2H=1.00	image=0	bad=0
father: level 1 number of orbits 1 lengths 1
Z	carat/tables/qcatalog/dim5/dir.4-1;1/ordnung.16/(1)^1(4)^6(8)^2/group.788	2	4	4	method=1	log2H=2.00	image=0	bad=0
father: level 1 number of orbits 1 lengths 1
Z	carat/tables/qcatalog/dim5/dir.4-1;1/ordnung.128/(1)^1(2)^10(4)^6/group.773	2	8	8	method=1	log2H=3.00	image=0	bad=0
father: level 1 number of orbits 1 lengths 1
Z	carat/tables/qcatalog/dim5/dir.4-1;1/ordnung.16/(1)^1(4)^6(8)^2/group.786	3	4	4	method=1	log2H=2.00	image=0	bad=0
Z	carat/tables/qcatalog/dim5/dir.4-1;1/ordnung.128/(1)^1(2)^6(4)^10/group.779	3	32	32	method=1	log2H=5.00	image=0	bad=0
father: level 1 number of orbits 1 lengths 1
Z	carat/tables/qcatalog/dim5/dir.4-1;1/ordnung.16/(1)^1(4)^6(8)^2/group.788	3	8	8	method=1	log2H=3.00	image=0	bad=0
Z	carat/tables/qcatalog/dim5/dir.4-1;1/ordnung.16/(1)^1(4)^6(8)^2/min.145	1	4	4	method=1	log2H=2.00	image=0	bad=0
Z	carat/tables/qcatalog/dim5/dir.4-1;1/ordnung.16/(1)^1(4)^6(8)^2/group.786	4	8	8	method=1	log2H=3.00	image=0	bad=0
Z	carat/tables/qcatalog/dim5/dir.4-1;1/ordnung.16/(1)^1(4)^6(8)^2/group.788	4	4	4	method=1	log2H=2.00	image=0	bad=0
Z	carat/tables/qcatalog/dim5/dir.4-1;1/ordnung.16/(1)^1(4)^6(8)^2/group.790	1	4	4	method=1	log2H=2.00	image=0	bad=0
Z	carat/tables/qcatalog/dim5/dir.4-1;1/ordnung.16/(1)^1(4)^6(8)^2/min.145	2	2	2	method=1	log2H=1.00	image=0	bad=0
Z	carat/tables/qcatalog/dim5/dir.4-1;1/ordnung.192/(1)^1(2)^16/group.794	1	8	8	method=1	log2H=3.58	image=0	bad=0
Z	carat/tables/qcatalog/dim5/dir.4-1;1/ordnung.16/(1)^1(4)^6(8)^2/group.786	5	6	6	method=1	log2H=3.00	image=0	bad=0
Z	carat/tables/qcatalog/dim5/dir.4-1;1/ordnung.16/(1)^1(4)^6(8)^2/group.790	2	2	2	method=1	log2H=1.00	image=0	bad=0
Z	carat/tables/qcatalog/dim5/dir.4-1;1/ordnung.128/(1)^1(2)^6(4)^10/group.779	4	8	8	method=1	log2H=3.00	image=0	bad=0
Z	carat/tables/qcatalog/dim5/dir.4-1;1/ordnung.16/(1)^1(4)^6(8)^2/min.145	3	4	4	method=1	log2H=2.00	image=0	bad=0
Z	carat/tables/qcatalog/dim5/dir.4-1;1/ordnung.16/(1)^1(4)^6(8)^2/group.790	3	4	4	method=1	log2H=2.00	image=0	bad=0
Z	carat/tables/qcatalog/dim5/dir.4-1;1/ordnung.16/(1)^1(4)^6(8)^2/group.786	6	8	8	method=1	log2H=3.00	image=0	bad=0
Z	carat/tables/qcatalog/dim5/dir.4-1;1/ordnung.16/(1)^1(4)^6(8)^2/group.790	4	2	2	method=1	log2H=1.00	image=0	bad=0
Z	carat/tables/qcatalog/dim5/dir.4-1;1/ordnung.16/(1)^1(4)^6(8)^2/min.145	4	2	2	method=1	log2H=1.00	image=0	bad=0
Z	carat/tables/qcatalog/dim5/dir.4-1;1/ordnung.128/(1)^1(2)^10(4)^6/group.773	3	48	48	method=1	log2H=6.00	image=0	bad=0
Z	carat/tables/qcatalog/dim5/dir.4-1;1/ordnung.16/(1)^1(4)^6(8)^2/group.786	7	8	8	method=1	log2H=3.00	image=0	bad=0
Z	carat/tables/qcatalog/dim5/dir.4-1;1/ordnung.192/(1)^1(2)^8/group.796	1	4	4	method=1	log2H=2.00	image=0	bad=0
Z	carat/tables/qcatalog/dim5/dir.4-1;1/ordnung.128/(1)^1(2)^6(4)^10/group.777	1	80	80	method=1	log2H=7.00	image=0	bad=0
father: level 1 number of orbits 1 lengths 1
father: level 1 number of orbits 1 lengths 1
Z	carat/tables/qcatalog/dim5/dir.4-1;1/ordnung.192/(1)^1(2)^8(4)^8/group.797	1	5	5	method=1	log2H=4.00	image=0	bad=0
Z	carat/tables/qcatalog/dim5/dir.4-1;1/ordnung.128/(1)^1(2)^10(4)^6/group.773	4	12	12	method=1	log2H=4.00	image=0	bad=0
Z	carat/tables/qcatalog/dim5/dir.4-1;1/ordnung.192/(1)^3(2)^10(4)^4/group.799	1	2	2	method=1	log2H=1.00	image=0	bad=0
father: level 1 number of orbits 1 lengths 3
Z	carat/tables/qcatalog/dim5/dir.4-1;1/ordnung.128/(1)^1(2)^6(4)^10/group.777	2	8	8	method=1	log2H=3.00	image=0	bad=0
father: level 1 number of orbits 1 lengths 1
Z	carat/tables/qcatalog/dim5/dir.4-1;1/ordnung.192/(1)^3(2)^10(4)^4/group.799	2	1	1	method=0	log2H=0.00	image=0	bad=0
Z	carat/tables/qcatalog/dim5/dir.4-1;1/ordnung.192/(1)^3(2)^10(4)^4/group.799	3	2	2	method=1	log2H=1.00	image=0	bad=0
Z	carat/tables/qcatalog/dim5/dir.4-1;1/ordnung.192/(1)^1(2)^16/group.792	1	6	6	method=1	log2H=3.00	image=0	bad=0
Z	carat/tables/qcatalog/dim5/dir.4-1;1/ordnung.192/(1)^3(2)^10(4)^4/group.799	4	1	1	method=0	log2H=0.00	image=0	bad=0
father: level 1 number of orbits 1 lengths 1
Z	carat/tables/qcatalog/dim5/dir.4-1;1/ordnung.128/(1)^1(2)^6(4)^10/group.777	3	48	48	method=1	log2H=6.00	image=0	bad=0
Z	carat/tables/qcatalog/dim5/dir.4-1;1/ordnung.192/(1)^3(2)^8(4)^6/group.801	1	2	2	method=1	log2H=2.00	image=0	bad=0
father: level 1 number of orbits 1 lengths 1
Z	carat/tables/qcatalog/dim5/dir.4-1;1/ordnung.192/(1)^3(2)^10(4)^4/group.799	5	1	1	method=0	log2H=0.00	image=0	bad=0
Z	carat/tables/qcatalog/dim5/dir.4-1;1/ordnung.24/(1)^1(2)^2(4)^2/group.806	1	4	4	method=1	log2H=3.58	image=0	bad=0
Z	carat/tables/qcatalog/dim5/dir.4-1;1/ordnung.192/(1)^5(2)^10(4)^2/group.803	1	2	2	method=1	log2H=1.00	image=0	bad=0
Z	carat/tables/qcatalog/dim5/dir.4-1;1/ordnung.192/(1)^3(2)^8(4)^6/group.801	2	2	2	method=1	log2H=2.00	image=0	bad=0
Z	carat/tables/qcatalog/dim5/dir.4-1;1/ordnung.192/(1)^5(2)^10(4)^2/group.803	2	4	4	method=1	log2H=2.00	image=0	bad=0
Z	carat/tables/qcatalog/dim5/dir.4-1;1/ordnung.128/(1)^1(2)^6(4)^10/group.777	4	12	12	method=1	log2H=4.00	image=0	bad=0
Z	carat/tables/qcatalog/dim5/dir.4-1;1/ordnung.192/(1)^3(2)^8(4)^6/group.801	3	1	1	method=0	log2H=0.00	image=0	bad=0
Z	carat/tables/qcatalog/dim5/dir.4-1;1/ordnung.192/(1)^5(2)^10(4)^2/group.803	3	2	2	method=1	log2H=1.00	image=0	bad=0
father: level 1 number of orbits 1 lengths 1
father: level 1 number of orbits 1 lengths 1
Z	carat/tables/qcatalog/dim5/dir.4-1;1/ordnung.192/(1)^5(2)^10(4)^2/group.803	4	4	4	method=1	log2H=2.00	image=0	bad=0
Z	carat/tables/qcatalog/dim5/dir.4-1;1/ordnung.192/(1)^3(2)^8(4)^6/group.801	4	2	2	method=1	log2H=1.00	image=0	bad=0
Z	carat/tables/qcatalog/dim5/dir.4-1;1/ordnung.16/(1)^1(4)^6(8)^2/group.791	1	6	6	method=1	log2H=3.00	image=0	bad=0
Z	carat/tables/qcatalog/dim5/dir.4-1;1/ordnung.192/(1)^5(2)^10(4)^2/group.803	5	2	2	method=1	log2H=1.00	image=0	bad=0
Z	carat/tables/qcatalog/dim5/dir.4-1;1/ordnung.16/(1)^1(4)^6(8)^2/group.791	2	3	3	method=1	log2H=2.00	image=0	bad=0
Z	carat/tables/qcatalog/dim5/dir.4-1;1/ordnung.24/(1)^1(2)^4(6)^4/group.807	1	4	4	method=1	log2H=3.58	image=0	bad=0
Z	carat/tables/qcatalog/dim5/dir.4-1;1/ordnung.16/(1)^1(4)^6(8)^2/group.791	3	6	6	method=1	log2H=3.00	image=0	bad=0
Z	carat/tables/qcatalog/dim5/dir.4-1;1/ordnung.192/(1)^3(2)^8(4)^6/group.801	5	2	2	method=1	log2H=1.00	image=0	bad=0
Z	carat/tables/qcatalog/dim5/dir.4-1;1/ordnung.16/(1)^1(4)^6(8)^2/group.791	4	2	2	method=1	log2H=1.00	image=0	bad=0
Z	carat/tables/qcatalog/dim5/dir.4-1;1/ordnung.24/(1)^1(2)^4(6)^4/group.808	1	2	2	method=1	log2H=1.00	image=0	bad=0
Z	carat/tables/qcatalog/dim5/dir.4-1;1/ordnung.24/(1)^1(2)^4(6)^4/min.147	1	2	2	method=1	log2H=1.58	image=0	bad=0
father: level 1 number of orbits 1 lengths 2
father: level 1 number of orbits 2 lengths 1
father: level 1 number of orbits 1 lengths 1
father: level 1 number of orbits 1 lengths 1
father: level 1 number of orbits 1 lengths 1
father: level 1 number of orbits 1 lengths 1
father: level 1 number of orbits 1 lengths 3
father: level 1 number of orbits 1 lengths 1
Z	carat/tables/qcatalog/dim5/dir.4-1;1/ordnung.192/(1)^3(2)^10(4)^4/group.800	1	4	4	method=1	log2H=2.58	image=0	bad=0
Z	carat/tables/qcatalog/dim5/dir.4-1;1/ordnung.16/(1)^1(4)^6(8)^2/group.787	1	36	36	method=1	log2H=6.00	image=0	bad=0
Z	carat/tables/qcatalog/dim5/dir.4-1;1/ordnung.192/(1)^5(2)^8(4)^4/group.805	1	4	4	method=1	log2H=3.00	image=0	bad=0
Z	carat/tables/qcatalog/dim5/dir.4-1;1/ordnung.288/(1)^9(6)^8/group.812	1	2	2	method=1	log2H=1.00	image=0	bad=0
father: level 1 number of orbits 1 lengths 1
father: level 1 number of orbits 1 lengths 1
Z	carat/tables/qcatalog/dim5/dir.4-1;1/ordnung.192/(1)^3(2)^10(4)^4/group.800	2	8	8	method=1	log2H=3.58	image=0	bad=0
Z	carat/tables/qcatalog/dim5/dir.4-1;1/ordnung.16/(1)^1(4)^6(8)^2/group.787	2	4	4	method=1	log2H=2.00	image=0	bad=0
Z	carat/tables/qcatalog/dim5/dir.4-1;1/ordnung.32/(1)^1(2)^2(4)^6/group.814	1	8	8	method=1	log2H=3.00	image=0	bad=0
Z	carat/tables/qcatalog/dim5/dir.4-1;1/ordnung.192/(1)^5(2)^8(4)^4/group.805	2	2	2	method=1	log2H=1.00	image=0	bad=0
father: level 1 number of orbits 1 lengths 1
Z	carat/tables/qcatalog/dim5/dir.4-1;1/ordnung.192/(1)^3(2)^10(4)^4/group.800	3	4	4	method=1	log2H=2.58	image=0	bad=0
father: level 1 number of orbits 1 lengths 1
Z	carat/tables/qcatalog/dim5/dir.4-1;1/ordnung.16/(1)^1(4)^6(8)^2/group.787	3	3	3	method=1	log2H=2.00	image=0	bad=0
Z	carat/tables/qcatalog/dim5/dir.4-1;1/ordnung.192/(1)^5(2)^8(4)^4/group.805	3	4	4	method=1	log2H=2.00	image=0	bad=0
Z	carat/tables/qcatalog/dim5/dir.4-1;1/ordnung.192/(1)^3(2)^10(4)^4/group.800	4	8	8	method=1	log2H=3.58	image=0	bad=0
Z	carat/tables/qcatalog/dim5/dir.4-1;1/ordnung.16/(1)^1(4)^6(8)^2/group.787	4	8	8	method=1	log2H=3.00	image=0	bad=0
Z	carat/tables/qcatalog/dim5/dir.4-1;1/ordnung.32/(1)^1(2)^2(4)^6/group.814	2	2	2	method=1	log2H=1.00	image=0	bad=0
Z	carat/tables/qcatalog/dim5/dir.4-1;1/ordnung.192/(1)^3(2)^10(4)^4/group.800	5	4	4	method=1	log2H=2.58	image=0	bad=0
father: level 1 number of orbits 1 lengths 1
Z	carat/tables/qcatalog/dim5/dir.4-1;1/ordnung.192/(1)^5(2)^8(4)^4/group.805	4	3	3	method=1	log2H=2.00	image=0	bad=0
father: level 1 number of orbits 1 lengths 1
father: level 1 number of orbits 1 lengths 1
father: level 1 number of orbits 1 lengths 1
father: level 1 number of orbits 1 lengths 3
father: level 1 number of orbits 1 lengths 1
Z	carat/tables/qcatalog/dim5/dir.4-1;1/ordnung.32/(1)^1(2)^2(4)^6/group.814	3	4	4	method=1	log2H=2.00	image=0	bad=0
father: level 1 number of orbits 1 lengths 1
father: level 1 number of orbits 1 lengths 1
father: level 1 number of orbits 1 lengths 1
Z	carat/tables/qcatalog/dim5/dir.4-1;1/ordnung.32/(1)^1(2)^2(4)^6/group.816	1	12	12	method=1	log2H=4.00	image=0	bad=0
father: level 1 number of orbits 1 lengths 1
Z	carat/tables/qcatalog/dim5/dir.4-1;1/ordnung.32/(1)^1(4)^14(8)^2/group.820	1	8	8	method=1	log2H=3.00	image=0	bad=0
Z	carat/tables/qcatalog/dim5/dir.4-1;1/ordnung.32/(1)^1(2)^2(4)^6/group.814	4	4	4	method=1	log2H=2.00	image=0	bad=0
Z	carat/tables/qcatalog/dim5/dir.4-1;1/ordnung.16/(1)^1(4)^6(8)^2/group.787	5	8	8	method=1	log2H=3.00	image=0	bad=0
Z	carat/tables/qcatalog/dim5/dir.4-1;1/ordnung.32/(1)^1(4)^14(8)^2/group.820	2	3	3	method=1	log2H=2.00	image=0	bad=0
Z	carat/tables/qcatalog/dim5/dir.4-1;1/ordnung.16/(1)^1(4)^6(8)^2/group.789	1	4	4	method=1	log2H=2.00	image=0	bad=0
Z	carat/tables/qcatalog/dim5/dir.4-1;1/ordnung.192/(1)^5(2)^10(4)^2/group.802	1	2	2	method=1	log2H=1.58	image=0	bad=0
father: level 1 number of orbits 1 lengths 1
father: level 1 number of orbits 1 lengths 1
Z	carat/tables/qcatalog/dim5/dir.4-1;1/ordnung.32/(1)^1(4)^14(8)^2/group.820	3	6	6	method=1	log2H=3.00	image=0	bad=0
Z	carat/tables/qcatalog/dim5/dir.4-1;1/ordnung.32/(1)^1(2)^2(4)^6/group.816	2	3	3	method=1	log2H=2.00	image=0	bad=0
Z	carat/tables/qcatalog/dim5/dir.4-1;1/ordnung.16/(1)^1(4)^6(8)^2/group.789	2	2	2	method=1	log2H=1.00	image=0	bad=0
Z	carat/tables/qcatalog/dim5/dir.4-1;1/ordnung.192/(1)^5(2)^8(4)^4/group.805	5	4	4	method=1	log2H=3.00	image=0	bad=0
Z	carat/tables/qcatalog/dim5/dir.4-1;1/ordnung.32/(1)^1(4)^14(8)^2/group.820	4	4	4	method=1	log2H=2.00	image=0	bad=0
Z	carat/tables/qcatalog/dim5/dir.4-1;1/ordnung.32/(1)^1(4)^14(8)^2/group.818	1	104	104	method=1	log2H=9.00	image=0	bad=0
Z	carat/tables/qcatalog/dim5/dir.4-1;1/ordnung.32/(1)^1(2)^2(4)^6/group.813	1	24	24	method=1	log2H=5.00	image=0	bad=0
Z	carat/tables/qcatalog/dim5/dir.4-1;1/ordnung.16/(1)^1(4)^6(8)^2/group.789	3	4	4	method=1	log2H=2.00	image=0	bad=0
Z	carat/tables/qcatalog/dim5/dir.4-1;1/ordnung.32/(1)^1(2)^2(4)^6/group.816	3	6	6	method=1	log2H=3.00	image=0	bad=0
Z	carat/tables/qcatalog/dim5/dir.4-1;1/ordnung.16/(1)^1(4)^6(8)^2/group.787	6	6	6	method=1	log2H=3.00	image=0	bad=0
Z	carat/tables/qcatalog/dim5/dir.4-1;1/ordnung.32/(1)^1(2)^2(4)^6/group.813	2	6	6	method=1	log2H=3.00	image=0	bad=0
Z	carat/tables/qcatalog/dim5/dir.4-1;1/ordnung.16/(1)^1(4)^6(8)^2/group.789	4	2	2	method=1	log2H=1.00	image=0	bad=0
Z	carat/tables/qcatalog/dim5/dir.4-1;1/ordnung.32/(1)^1(2)^2(4)^6/group.816	4	4	4	method=1	log2H=2.00	image=0	bad=0
father: level 1 number of orbits 1 lengths 3
Z	carat/tables/qcatalog/dim5/dir.4-1;1/ordnung.32/(1)^1(2)^2(4)^6/group.813	3	12	12	method=1	log2H=4.00	image=0	bad=0
Z	carat/tables/qcatalog/dim5/dir.4-1;1/ordnung.256/(1)^1(2)^10(4)^6/group.810	1	128	128	method=1	log2H=7.00	image=0	bad=0
Z	carat/tables/qcatalog/dim5/dir.4-1;1/ordnung.24/(1)^1(2)^4(6)^4/min.146	1	4	5	method=1	log2H=3.00	image=0	bad=0
father: level 1 number of orbits 1 lengths 1
Z	carat/tables/qcatalog/dim5/dir.4-1;1/ordnung.192/(1)^5(2)^10(4)^2/group.802	2	4	4	method=1	log2H=2.58	image=0	bad=0
Z	carat/tables/qcatalog/dim5/dir.4-1;1/ordnung.32/(1)^1(2)^2(4)^6/group.813	4	8	8	method=1	log2H=3.00	image=0	bad=0
Z	carat/tables/qcatalog/dim5/dir.4-1;1/ordnung.16/(1)^1(4)^6(8)^2/group.787	7	6	6	method=1	log2H=3.00	image=0	bad=0
Z	carat/tables/qcatalog/dim5/dir.4-1;1/ordnung.32/(1)^1(4)^14(8)^2/group.818	2	6	6	method=1	log2H=3.00	image=0	bad=0
Z	carat/tables/qcatalog/dim5/dir.4-1;1/ordnung.192/(1)^5(2)^10(4)^2/group.802	3	2	2	method=1	log2H=1.58	image=0	bad=0
Z	carat/tables/qcatalog/dim5/dir.4-1;1/ordnung.192/(1)^5(2)^8(4)^4/group.804	1	4	4	method=1	log2H=3.58	image=0	bad=0
Z	carat/tables/qcatalog/dim5/dir.4-1;1/ordnung.192/(1)^5(2)^10(4)^2/group.802	4	4	4	method=1	log2H=2.58	image=0	bad=0
Z	carat/tables/qcatalog/dim5/dir.4-1;1/ordnung.32/(1)^1(4)^14(8)^2/group.818	3	20	20	method=1	log2H=5.00	image=0	bad=0
father: level 1 number of orbits 1 lengths 1
father: level 1 number of orbits 1 lengths 1
Z	carat/tables/qcatalog/dim5/dir.4-1;1/ordnung.192/(1)^5(2)^8(4)^4/group.804	2	2	2	method=1	log2H=1.58	image=0	bad=0
Z	carat/tables/qcatalog/dim5/dir.4-1;1/ordnung.32/(1)^1(4)^14(8)^2/group.821	1	20	20	method=1	log2H=5.00	image=0	bad=0
Z	carat/tables/qcatalog/dim5/dir.4-1;1/ordnung.256/(1)^1(2)^10(4)^6/group.810	2	16	16	method=1	log2H=4.00	image=0	bad=0
Z	carat/tables/qcatalog/dim5/dir.4-1;1/ordnung.192/(1)^5(2)^10(4)^2/group.802	5	2	2	method=1	log2H=1.58	image=0	bad=0
Z	carat/tables/qcatalog/dim5/dir.4-1;1/ordnung.192/(1)^5(2)^8(4)^4/group.804	3	4	4	method=1	log2H=2.58	image=0	bad=0
Z	carat/tables/qcatalog/dim5/dir.4-1;1/ordnung.32/(1)^1(4)^14(8)^2/group.821	2	9	9	method=1	log2H=4.00	image=0	bad=0
Z	carat/tables/qcatalog/dim5/dir.4-1;1/ordnung.32/(1)^1(4)^14(8)^2/group.818	4	20	20	method=1	log2H=5.00	image=0	bad=0
Z	carat/tables/qcatalog/dim5/dir.4-1;1/ordnung.32/(1)^1(4)^14(8)^2/group.821	3	15	16	method=1	log2H=5.00	image=0	bad=0
father: level 1 number of orbits 1 lengths 3
Z	carat/tables/qcatalog/dim5/dir.4-1;1/ordnung.32/(1)^1(4)^14(8)^2/group.821	4	10	12	method=1	log2H=4.00	image=0	bad=0
father: level 1 number of orbits 1 lengths 1
Z	carat/tables/qcatalog/dim5/dir.4-1;1/ordnung.192/(1)^5(2)^8(4)^4/group.804	4	4	4	method=1	log2H=2.58	image=0	bad=0
father: level 1 number of orbits 1 lengths 3
father: level 1 number of orbits 1 lengths 1
Z	carat/tables/qcatalog/dim5/dir.4-1;1/ordnung.256/(1)^1(2)^10(4)^6/group.810	3	128	128	method=1	log2H=7.00	image=0	bad=0
Z	carat/tables/qcatalog/dim5/dir.4-1;1/ordnung.32/(1)^1(4)^14(8)^2/group.817	1	47	47	method=1	log2H=10.00	image=0	bad=0
Z	carat/tables/qcatalog/dim5/dir.4-1;1/ordnung.192/(1)^5(2)^8(4)^4/group.804	5	4	4	method=1	log2H=3.58	image=0	bad=0
father: level 1 number of orbits 1 lengths 1
father: level 1 number of orbits 1 lengths 1
father: level 1 number of orbits 1 lengths 1
father: level 1 number of orbits 1 lengths 1
Z	carat/tables/qcatalog/dim5/dir.4-1;1/ordnung.24/(1)^3(2)^2(6)^2(12)^2/group.809	1	2	2	method=1	log2H=1.58	image=0	bad=0
Z	carat/tables/qcatalog/dim5/dir.4-1;1/ordnung.32/(1)^1(4)^14(8)^2/group.822	1	12	12	method=1	log2H=4.00	image=0	bad=0
Z	carat/tables/qcatalog/dim5/dir.4-1;1/ordnung.32/(1)^1(4)^14(8)^2/group.817	2	5	5	method=1	log2H=4.00	image=0	bad=0
father: level 1 number of orbits 1 lengths 1
Z	carat/tables/qcatalog/dim5/dir.4-1;1/ordnung.32/(1)^1(2)^2(4)^6/group.815	1	12	12	method=1	log2H=4.00	image=0	bad=0
father: level 1 number of orbits 1 lengths 1
Z	carat/tables/qcatalog/dim5/dir.4-1;1/ordnung.24/(1)^3(2)^2(6)^2(12)^2/group.809	2	2	2	method=1	log2H=1.58	image=0	bad=0
Z	carat/tables/qcatalog/dim5/dir.4-1;1/ordnung.32/(1)^1(4)^14(8)^2/group.822	2	4	4	method=1	log2H=2.00	image=0	bad=0
Z	carat/tables/qcatalog/dim5/dir.4-1;1/ordnung.32/(1)^1(2)^2(4)^6/group.815	2	3	3	method=1	log2H=2.00	image=0	bad=0
Z	carat/tables/qcatalog/dim5/dir.4-1;1/ordnung.32/(1)^1(4)^14(8)^2/group.817	3	11	11	method=1	log2H=6.00	image=0	bad=0
Z	carat/tables/qcatalog/dim5/dir.4-1;1/ordnung.256/(1)^1(2)^10(4)^6/group.810	4	16	16	method=1	log2H=4.00	image=0	bad=0
Z	carat/tables/qcatalog/dim5/dir.4-1;1/ordnung.32/(1)^1(4)^14(8)^2/group.822	3	9	9	method=1	log2H=4.00	image=0	bad=0
Z	carat/tables/qcatalog/dim5/dir.4-1;1/ordnung.32/(1)^1(2)^2(4)^6/group.815	3	6	6	method=1	log2H=3.00	image=0	bad=0
Z	carat/tables/qcatalog/dim5/dir.4-1;1/ordnung.24/(1)^3(2)^2(6)^2(12)^2/group.809	3	2	2	method=1	log2H=1.58	image=0	bad=0
Z	carat/tables/qcatalog/dim5/dir.4-1;1/ordnung.32/(1)^1(4)^14(8)^2/group.826	1	20	20	method=1	log2H=5.00	image=0	bad=0
Z	carat/tables/qcatalog/dim5/dir.4-1;1/ordnung.32/(1)^1(4)^14(8)^2/group.822	4	4	4	method=1	log2H=2.00	image=0	bad=0
Z	carat/tables/qcatalog/dim5/dir.4-1;1/ordnung.32/(1)^1(2)^2(4)^6/group.815	4	4	4	method=1	log2H=2.00	image=0	bad=0
Z	carat/tables/qcatalog/dim5/dir.4-1;1/ordnung.24/(1)^3(2)^2(6)^2(12)^2/group.809	4	2	2	method=1	log2H=1.58	image=0	bad=0
Z	carat/tables/qcatalog/dim5/dir.4-1;1/ordnung.24/(1)^3(2)^2(6)^2(12)^2/group.809	5	2	2	method=1	log2H=1.58	image=0	bad=0
Z	carat/tables/qcatalog/dim5/dir.4-1;1/ordnung.32/(1)^1(4)^14(8)^2/group.817	4	11	11	method=1	log2H=6.00	image=0	bad=0
father: level 1 number of orbits 1 lengths 1
Z	carat/tables/qcatalog/dim5/dir.4-1;1/ordnung.32/(1)^1(4)^14(8)^2/group.826	2	6	6	method=1	log2H=3.00	image=0	bad=0
father: level 1 number of orbits 1 lengths 1
Z	carat/tables/qcatalog/dim5/dir.4-1;1/ordnung.32/(1)^1(4)^14(8)^2/group.826	3	16	16	method=1	log2H=5.00	image=0	bad=0
Z	carat/tables/qcatalog/dim5/dir.4-1;1/ordnung.32/(1)^1(4)^14(8)^2/group.824	1	16	16	method=1	log2H=4.00	image=0	bad=0
Z	carat/tables/qcatalog/dim5/dir.4-1;1/ordnung.32/(1)^1(4)^14(8)^2/group.826	4	4	4	method=1	log2H=2.00	image=0	bad=0
father: level 1 number of orbits 1 lengths 3
Z	carat/tables/qcatalog/dim5/dir.4-1;1/ordnung.32/(1)^1(4)^14(8)^2/group.824	2	4	4	method=1	log2H=2.00	image=0	bad=0
father: level 1 number of orbits 1 lengths 2
father: level 1 number of orbits 2 lengths 1
father: level 1 number of orbits 1 lengths 1
father: level 1 number of orbits 1 lengths 1
father: level 1 number of orbits 1 lengths 1
Z	carat/tables/qcatalog/dim5/dir.4-1;1/ordnung.2304/(1)^9(2)^8/max.11	1	4	4	method=1	log2H=2.00	image=0	bad=0
Z	carat/tables/qcatalog/dim5/dir.4-1;1/ordnung.288/(1)^5(2)^8(4)^4/group.811	1	4	4	method=1	log2H=3.17	image=0	bad=0
Z	carat/tables/qcatalog/dim5/dir.4-1;1/ordnung.32/(1)^1(4)^14(8)^2/group.824	3	12	12	method=1	log2H=4.00	image=0	bad=0
Z	carat/tables/qcatalog/dim5/dir.4-1;1/ordnung.32/(1)^1(4)^14(8)^2/group.824	4	4	4	method=1	log2H=2.00	image=0	bad=0
Z	carat/tables/qcatalog/dim5/dir.4-1;1/ordnung.32/(1)^1(4)^6(8)^2/group.829	1	104	104	method=1	log2H=9.00	image=0	bad=0
Z	carat/tables/qcatalog/dim5/dir.4-1;1/ordnung.32/(1)^1(4)^14(8)^2/group.819	1	160	160	method=1	log2H=9.00	image=0	bad=0
Z	carat/tables/qcatalog/dim5/dir.4-1;1/ordnung.32/(1)^1(4)^6(8)^2/group.829	2	6	6	method=1	log2H=3.00	image=0	bad=0
father: level 1 number of orbits 1 lengths 1
father: level 1 number of orbits 1 lengths 1
father: level 1 number of orbits 1 lengths 1
Z	carat/tables/qcatalog/dim5/dir.4-1;1/ordnung.32/(1)^1(4)^6(8)^2/group.829	3	24	24	method=1	log2H=5.00	image=0	bad=0
father: level 1 number of orbits 1 lengths 1
Z	carat/tables/qcatalog/dim5/dir.4-1;1/ordnung.32/(1)^1(4)^14(8)^2/group.819	2	6	6	method=1	log2H=3.00	image=0	bad=0
Z	carat/tables/qcatalog/dim5/dir.4-1;1/ordnung.32/(1)^1(4)^14(8)^2/group.823	1	24	24	method=1	log2H=5.00	image=0	bad=0
Z	carat/tables/qcatalog/dim5/dir.4-1;1/ordnung.384/(1)^3(2)^10(4)^4/group.833	1	4	4	method=1	log2H=2.00	image=0	bad=0
father: level 1 number of orbits 1 lengths 1
Z	carat/tables/qcatalog/dim5/dir.4-1;1/ordnung.32/(1)^1(4)^6(8)^2/group.829	4	20	20	method=1	log2H=5.00	image=0	bad=0
father: level 1 number of orbits 1 lengths 1
father: level 1 number of orbits 1 lengths 1
Z	carat/tables/qcatalog/dim5/dir.4-1;1/ordnung.32/(1)^1(4)^14(8)^2/group.823	2	6	6	method=1	log2H=3.00	image=0	bad=0
father: level 1 number of orbits 1 lengths 1
Z	carat/tables/qcatalog/dim5/dir.4-1;1/ordnung.32/(1)^1(4)^14(8)^2/group.819	3	6	6	method=1	log2H=3.00	image=0	bad=0
Z	carat/tables/qcatalog/dim5/dir.4-1;1/ordnung.32/(1)^1(4)^14(8)^2/group.823	3	20	20	method=1	log2H=5.00	image=0	bad=0
father: level 1 number of orbits 1 lengths 1
Z	carat/tables/qcatalog/dim5/dir.4-1;1/ordnung.32/(1)^1(4)^14(8)^2/group.823	4	8	8	method=1	log2H=3.00	image=0	bad=0
father: level 1 number of orbits 1 lengths 1
father: level 1 number of orbits 1 lengths 1
Z	carat/tables/qcatalog/dim5/dir.4-1;1/ordnung.32/(1)^1(4)^14(8)^2/group.819	4	20	20	method=1	log2H=5.00	image=0	bad=0
father: level 1 number of orbits 1 lengths 1
Z	carat/tables/qcatalog/dim5/dir.4-1;1/ordnung.384/(1)^3(2)^10(4)^4/group.833	2	2	2	method=1	log2H=1.00	image=0	bad=0
father: level 1 number of orbits 1 lengths 1
Z	carat/tables/qcatalog/dim5/dir.4-1;1/ordnung.384/(1)^5(2)^10(4)^2/group.835	1	4	4	method=1	log2H=2.00	image=0	bad=0
father: level 1 number of orbits 1 lengths 1
Z	carat/tables/qcatalog/dim5/dir.4-1;1/ordnung.32/(1)^1(4)^14(8)^2/group.825	1	12	12	method=1	log2H=4.00	image=0	bad=0
father: level 1 number of orbits 1 lengths 2
father: level 1 number of orbits 2 lengths 1
Z	carat/tables/qcatalog/dim5/dir.4-1;1/ordnung.32/(1)^1(4)^14(8)^2/group.819	5	20	20	method=1	log2H=5.00	image=0	bad=0
father: level 1 number of orbits 1 lengths 1
father: level 1 number of orbits 1 lengths 1
Z	carat/tables/qcatalog/dim5/dir.4-1;1/ordnung.32/(1)^1(4)^14(8)^2/group.828	1	16	16	method=1	log2H=4.00	image=0	bad=0
Z	carat/tables/qcatalog/dim5/dir.4-1;1/ordnung.384/(1)^3(2)^10(4)^4/group.833	3	8	8	method=1	log2H=3.00	image=0	bad=0
Z	carat/tables/qcatalog/dim5/dir.4-1;1/ordnung.48/(1)^1(2)^4(4)^4/group.841	1	3	3	method=1	log2H=2.00	image=0	bad=0
father: level 1 number of orbits 1 lengths 3
father: level 1 number of orbits 1 lengths 1
Z	carat/tables/qcatalog/dim5/dir.4-1;1/ordnung.32/(1)^1(4)^14(8)^2/min.149	1	32	32	method=1	log2H=6.00	image=0	bad=0
Z	carat/tables/qcatalog/dim5/dir.4-1;1/ordnung.32/(1)^1(4)^14(8)^2/group.819	6	16	16	method=1	log2H=5.00	image=0	bad=0
father: level 1 number of orbits 1 lengths 1
father: level 1 number of orbits 1 lengths 1
Z	carat/tables/qcatalog/dim5/dir.4-1;1/ordnung.32/(1)^1(4)^14(8)^2/min.149	2	10	10	method=1	log2H=4.00	image=0	bad=0
Z	carat/tables/qcatalog/dim5/dir.4-1;1/ordnung.384/(1)^5(2)^10(4)^2/group.835	2	4	4	method=1	log2H=2.00	image=0	bad=0
Z	carat/tables/qcatalog/dim5/dir.4-1;1/ordnung.384/(1)^3(2)^10(4)^4/group.833	4	2	2	method=1	log2H=1.00	image=0	bad=0
Z	carat/tables/qcatalog/dim5/dir.4-1;1/ordnung.32/(1)^1(4)^14(8)^2/min.149	3	16	16	method=1	log2H=5.00	image=0	bad=0
Z	carat/tables/qcatalog/dim5/dir.4-1;1/ordnung.32/(1)^1(4)^14(8)^2/group.828	2	4	4	method=1	log2H=2.00	image=0	bad=0
Z	carat/tables/qcatalog/dim5/dir.4-1;1/ordnung.32/(1)^1(4)^14(8)^2/group.819	7	16	16	method=1	log2H=5.00	image=0	bad=0
Z	carat/tables/qcatalog/dim5/dir.4-1;1/ordnung.32/(1)^1(4)^14(8)^2/min.149	4	12	12	method=1	log2H=4.00	image=0	bad=0
father: level 1 number of orbits 1 lengths 1
father: level 1 number of orbits 1 lengths 1
Z	carat/tables/qcatalog/dim5/dir.4-1;1/ordnung.32/(1)^1(4)^14(8)^2/group.825	2	3	3	method=1	log2H=2.00	image=0	bad=0
Z	carat/tables/qcatalog/dim5/dir.4-1;1/ordnung.32/(1)^1(4)^14(8)^2/group.828	3	16	16	method=1	log2H=4.00	image=0	bad=0
Z	carat/tables/qcatalog/dim5/dir.4-1;1/ordnung.32/(1)^1(4)^14(8)^2/group.827	1	16	16	method=1	log2H=4.00	image=0	bad=0
Z	carat/tables/qcatalog/dim5/dir.4-1;1/ordnung.384/(1)^5(2)^8(4)^4/group.839	1	10	10	method=1	log2H=5.00	image=0	bad=0
Z	carat/tables/qcatalog/dim5/dir.4-1;1/ordnung.32/(1)^1(4)^14(8)^2/min.149	5	32	32	method=1	log2H=6.00	image=0	bad=0
Z	carat/tables/qcatalog/dim5/dir.4-1;1/ordnung.384/(1)^3(2)^10(4)^4/group.833	5	4	4	method=1	log2H=2.00	image=0	bad=0
Z	carat/tables/qcatalog/dim5/dir.4-1;1/ordnung.384/(1)^5(2)^10(4)^2/group.835	3	2	2	method=1	log2H=1.00	image=0	bad=0
Z	carat/tables/qcatalog/dim5/dir.4-1;1/ordnung.32/(1)^1(4)^6(8)^2/group.830	1	12	12	method=1	log2H=4.00	image=0	bad=0
Z	carat/tables/qcatalog/dim5/dir.4-1;1/ordnung.32/(1)^1(4)^14(8)^2/min.149	6	6	6	method=1	log2H=3.00	image=0	bad=0
Z	carat/tables/qcatalog/dim5/dir.4-1;1/ordnung.32/(1)^1(4)^14(8)^2/group.828	4	4	4	method=1	log2H=2.00	image=0	bad=0
Z	carat/tables/qcatalog/dim5/dir.4-1;1/ordnung.384/(1)^5(2)^10(4)^2/group.837	1	4	4	method=1	log2H=2.00	image=0	bad=0
Z	carat/tables/qcatalog/dim5/dir.4-1;1/ordnung.32/(1)^1(4)^14(8)^2/group.827	2	4	4	method=1	log2H=2.00	image=0	bad=0
Z	carat/tables/qcatalog/dim5/dir.4-1;1/ordnung.32/(1)^1(4)^14(8)^2/min.149	7	9	9	method=1	log2H=4.00	image=0	bad=0
Z	carat/tables/qcatalog/dim5/dir.4-1;1/ordnung.48/(1)^1(2)^4(4)^4/group.842	1	12	14	method=1	log2H=4.58	image=0	bad=0
Z	carat/tables/qcatalog/dim5/dir.4-1;1/ordnung.32/(1)^1(4)^6(8)^2/group.830	2	4	4	method=1	log2H=2.00	image=0	bad=0
Z	carat/tables/qcatalog/dim5/dir.4-1;1/ordnung.384/(1)^5(2)^8(4)^4/group.839	2	4	4	method=1	log2H=3.00	image=0	bad=0
Z	carat/tables/qcatalog/dim5/dir.4-1;1/ordnung.48/(1)^1(2)^4(4)^4/group.843	1	4	4	method=1	log2H=2.58	image=0	bad=0
Z	carat/tables/qcatalog/dim5/dir.4-1;1/ordnung.32/(1)^1(4)^14(8)^2/min.149	8	15	15	method=1	log2H=5.00	image=0	bad=0
Z	carat/tables/qcatalog/dim5/dir.4-1;1/ordnung.32/(1)^1(4)^14(8)^2/group.825	3	10	10	method=1	log2H=4.00	image=0	bad=0
Z	carat/tables/qcatalog/dim5/dir.4-1;1/ordnung.32/(1)^1(4)^14(8)^2/group.827	3	16	16	method=1	log2H=4.00	image=0	bad=0
Z	carat/tables/qcatalog/dim5/dir.4-1;1/ordnung.384/(1)^5(2)^10(4)^2/group.835	4	8	8	method=1	log2H=3.00	image=0	bad=0
Z	carat/tables/qcatalog/dim5/dir.4-1;1/ordnung.32/(1)^1(4)^14(8)^2/min.149	9	12	12	method=1	log2H=5.00	image=0	bad=0
Z	carat/tables/qcatalog/dim5/dir.4-1;1/ordnung.32/(1)^1(4)^6(8)^2/group.830	3	12	12	method=1	log2H=4.00	image=0	bad=0
Z	carat/tables/qcatalog/dim5/dir.4-1;1/ordnung.32/(1)^1(4)^14(8)^2/min.149	10	12	12	method=1	log2H=4.00	image=0	bad=0
Z	carat/tables/qcatalog/dim5/dir.4-1;1/ordnung.32/(1)^1(4)^14(8)^2/group.827	4	4	4	method=1	log2H=2.00	image=0	bad=0
Z	carat/tables/qcatalog/dim5/dir.4-1;1/ordnung.32/(1)^1(4)^14(8)^2/min.149	11	12	12	method=1	log2H=4.00	image=0	bad=0
Z	carat/tables/qcatalog/dim5/dir.4-1;1/ordnung.32/(1)^1(4)^6(8)^2/group.830	4	4	4	method=1	log2H=2.00	image=0	bad=0
Z	carat/tables/qcatalog/dim5/dir.4-1;1/ordnung.32/(1)^1(4)^14(8)^2/group.825	4	4	4	method=1	log2H=2.00	image=0	bad=0
Z	carat/tables/qcatalog/dim5/dir.4-1;1/ordnung.384/(1)^5(2)^10(4)^2/group.835	5	2	2	method=1	log2H=1.00	image=0	bad=0
Z	carat/tables/qcatalog/dim5/dir.4-1;1/ordnung.384/(1)^5(2)^8(4)^4/group.839	3	2	2	method=1	log2H=1.00	image=0	bad=0
Z	carat/tables/qcatalog/dim5/dir.4-1;1/ordnung.384/(1)^5(2)^10(4)^2/group.837	2	2	2	method=1	log2H=1.00	image=0	bad=0
Z	carat/tables/qcatalog/dim5/dir.4-1;1/ordnung.384/(1)^5(2)^8(4)^4/group.839	4	8	8	method=1	log2H=3.00	image=0	bad=0
Z	carat/tables/qcatalog/dim5/dir.4-1;1/ordnung.48/(1)^1(2)^4(6)^4/group.845	1	2	2	method=1	log2H=2.00	image=0	bad=0
Z	carat/tables/qcatalog/dim5/dir.4-1;1/ordnung.384/(1)^5(2)^10(4)^2/group.837	3	8	8	method=1	log2H=3.00	image=0	bad=0
Z	carat/tables/qcatalog/dim5/dir.4-1;1/ordnung.384/(1)^5(2)^8(4)^4/group.839	5	6	6	method=1	log2H=3.00	image=0	bad=0
Z	carat/tables/qcatalog/dim5/dir.4-1;1/ordnung.384/(1)^5(2)^10(4)^2/group.837	4	2	2	method=1	log2H=1.00	image=0	bad=0
father: level 1 number of orbits 1 lengths 1
father: level 1 number of orbits 1 lengths 1
father: level 1 number of orbits 1 lengths 1
Z	carat/tables/qcatalog/dim5/dir.4-1;1/ordnung.48/(1)^1(2)^4(4)^4/group.844	1	4	4	method=1	log2H=2.00	image=0	bad=0
father: level 1 number of orbits 1 lengths 1
Z	carat/tables/qcatalog/dim5/dir.4-1;1/ordnung.32/(1)^1(4)^6(8)^2/group.831	1	16	16	method=1	log2H=4.00	image=0	bad=0
Z	carat/tables/qcatalog/dim5/dir.4-1;1/ordnung.48/(1)^1(2)^2(4)^2/group.840	1	2	2	method=1	log2H=2.00	image=0	bad=0
Z	carat/tables/qcatalog/dim5/dir.4-1;1/ordnung.32/(1)^1(4)^6(8)^2/group.831	2	4	4	method=1	log2H=2.00	image=0	bad=0
Z	carat/tables/qcatalog/dim5/dir.4-1;1/ordnung.384/(1)^5(2)^10(4)^2/group.834	1	8	8	method=1	log2H=3.58	image=0	bad=0
Z	carat/tables/qcatalog/dim5/dir.4-1;1/ordnung.384/(1)^5(2)^10(4)^2/group.837	5	4	4	method=1	log2H=2.00	image=0	bad=0
Z	carat/tables/qcatalog/dim5/dir.4-1;1/ordnung.32/(1)^1(4)^6(8)^2/group.831	3	16	16	method=1	log2H=4.00	image=0	bad=0
Z	carat/tables/qcatalog/dim5/dir.4-1;1/ordnung.48/(1)^1(2)^8(6)^8/group.847	1	2	2	method=1	log2H=1.00	image=0	bad=0
Z	carat/tables/qcatalog/dim5/dir.4-1;1/ordnung.32/(1)^1(4)^6(8)^2/group.831	4	4	4	method=1	log2H=2.00	image=0	bad=0
Z	carat/tables/qcatalog/dim5/dir.4-1;1/ordnung.384/(1)^5(2)^10(4)^2/group.834	2	8	8	method=1	log2H=3.58	image=0	bad=0
Z	carat/tables/qcatalog/dim5/dir.4-1;1/ordnung.576/(1)^7(2)^8(4)^2/group.855	1	2	2	method=1	log2H=1.58	image=0	bad=0
Z	carat/tables/qcatalog/dim5/dir.4-1;1/ordnung.384/(1)^5(2)^10(4)^2/group.834	3	4	4	method=1	log2H=2.58	image=0	bad=0
Z	carat/tables/qcatalog/dim5/dir.4-1;1/ordnung.576/(1)^7(2)^8(4)^2/group.855	2	2	2	method=1	log2H=1.58	image=0	bad=0
Z	carat/tables/qcatalog/dim5/dir.4-1;1/ordnung.384/(1)^5(2)^10(4)^2/group.834	4	16	16	method=1	log2H=4.58	image=0	bad=0
father: level 1 number of orbits 1 lengths 3
father: level 1 number of orbits 1 lengths 1
father: level 1 number of orbits 1 lengths 1
Z	carat/tables/qcatalog/dim5/dir.4-1;1/ordnung.384/(1)^5(2)^10(4)^2/group.834	5	4	4	method=1	log2H=2.58	image=0	bad=0
father: level 1 number of orbits 1 lengths 1
Z	carat/tables/qcatalog/dim5/dir.4-1;1/ordnung.48/(1)^3(2)^2(6)^2(12)^2/group.851	1	1	1	method=0	log2H=0.00	image=0	bad=0
Z	carat/tables/qcatalog/dim5/dir.4-1;1/ordnung.48/(1)^3(2)^2(6)^2(12)^2/group.851	2	1	1	method=0	log2H=0.00	image=0	bad=0
father: level 1 number of orbits 1 lengths 1
father: level 1 number of orbits 1 lengths 1
Z	carat/tables/qcatalog/dim5/dir.4-1;1/ordnung.48/(1)^3(2)^2(6)^2(12)^2/group.851	3	2	2	method=1	log2H=1.00	image=0	bad=0
Z	carat/tables/qcatalog/dim5/dir.4-1;1/ordnung.48/(1)^1(2)^8(6)^8/group.849	1	4	4	method=1	log2H=2.00	image=0	bad=0
Z	carat/tables/qcatalog/dim5/dir.4-1;1/ordnung.48/(1)^3(2)^2(6)^2(12)^2/group.851	4	2	2	method=1	log2H=1.00	image=0	bad=0
Z	carat/tables/qcatalog/dim5/dir.4-1;1/ordnung.48/(1)^1(2)^4(6)^4/group.846	1	2	2	method=1	log2H=1.00	image=0	bad=0
Z	carat/tables/qcatalog/dim5/dir.4-1;1/ordnung.48/(1)^1(2)^8(6)^8/group.848	1	3	3	method=1	log2H=2.00	image=0	bad=0
Z	carat/tables/qcatalog/dim5/dir.4-1;1/ordnung.384/(1)^1(2)^16/group.832	1	8	8	method=1	log2H=3.00	image=0	bad=0
Z	carat/tables/qcatalog/dim5/dir.4-1;1/ordnung.48/(1)^3(2)^2(6)^2(12)^2/group.851	5	2	2	method=1	log2H=2.00	image=0	bad=0
Z	carat/tables/qcatalog/dim5/dir.4-1;1/ordnung.576/(1)^9(2)^8/group.857	1	4	4	method=1	log2H=3.17	image=0	bad=0
Z	carat/tables/qcatalog/dim5/dir.4-1;1/ordnung.384/(1)^5(2)^10(4)^2/group.838	1	4	4	method=1	log2H=2.00	image=0	bad=0
father: level 1 number of orbits 1 lengths 2
Z	carat/tables/qcatalog/dim5/dir.4-1;1/ordnung.384/(1)^5(2)^10(4)^2/group.836	1	8	8	method=1	log2H=3.00	image=0	bad=0
father: level 1 number of orbits 2 lengths 1
father: level 1 number of orbits 1 lengths 1
father: level 1 number of orbits 1 lengths 1
father: level 1 number of orbits 1 lengths 1
father: level 1 number of orbits 1 lengths 1
Z	carat/tables/qcatalog/dim5/dir.4-1;1/ordnung.384/(1)^5(2)^10(4)^2/group.838	2	4	4	method=1	log2H=2.00	image=0	bad=0
Z	carat/tables/qcatalog/dim5/dir.4-1;1/ordnung.32/(1)^1(4)^14(8)^2/min.148	1	12	12	method=1	log2H=4.00	image=0	bad=0
Z	carat/tables/qcatalog/dim5/dir.4-1;1/ordnung.32/(1)^1(4)^14(8)^2/min.148	2	2	2	method=1	log2H=1.00	image=0	bad=0
Z	carat/tables/qcatalog/dim5/dir.4-1;1/ordnung.32/(1)^1(4)^14(8)^2/min.148	3	3	3	method=1	log2H=2.00	image=0	bad=0
father: level 1 number of orbits 1 lengths 1
father: level 1 number of orbits 1 lengths 1
father: level 1 number of orbits 1 lengths 1
Z	carat/tables/qcatalog/dim5/dir.4-1;1/ordnung.384/(1)^5(2)^10(4)^2/group.838	3	2	2	method=1	log2H=1.00	image=0	bad=0
father: level 1 number of orbits 1 lengths 1
Z	carat/tables/qcatalog/dim5/dir.4-1;1/ordnung.32/(1)^1(4)^14(8)^2/min.148	4	4	4	method=1	log2H=2.00	image=0	bad=0
Z	carat/tables/qcatalog/dim5/dir.4-1;1/ordnung.32/(1)^1(4)^14(8)^2/min.148	5	4	4	method=1	log2H=2.00	image=0	bad=0
Z	carat/tables/qcatalog/dim5/dir.4-1;1/ordnung.576/(1)^7(2)^8(4)^2/group.856	1	4	4	method=1	log2H=2.58	image=0	bad=0
Z	carat/tables/qcatalog/dim5/dir.4-1;1/ordnung.64/(1)^1(2)^6(4)^10/group.863	1	8	8	method=1	log2H=3.00	image=0	bad=0
Z	carat/tables/qcatalog/dim5/dir.4-1;1/ordnung.32/(1)^1(4)^14(8)^2/min.148	6	6	6	method=1	log2H=3.00	image=0	bad=0
Z	carat/tables/qcatalog/dim5/dir.4-1;1/ordnung.64/(1)^1(2)^2(4)^6/group.859	1	32	32	method=1	log2H=5.00	image=0	bad=0
Z	carat/tables/qcatalog/dim5/dir.4-1;1/ordnung.32/(1)^1(4)^14(8)^2/min.148	7	5	6	method=1	log2H=3.00	image=0	bad=0
father: level 1 number of orbits 1 lengths 1
father: level 1 number of orbits 1 lengths 1
Z	carat/tables/qcatalog/dim5/dir.4-1;1/ordnung.64/(1)^1(2)^6(4)^10/group.863	2	4	4	method=1	log2H=2.00	image=0	bad=0
Z	carat/tables/qcatalog/dim5/dir.4-1;1/ordnung.384/(1)^5(2)^10(4)^2/group.836	2	4	4	method=1	log2H=2.00	image=0	bad=0
Z	carat/tables/qcatalog/dim5/dir.4-1;1/ordnung.64/(1)^1(2)^2(4)^6/group.859	2	4	4	method=1	log2H=2.00	image=0	bad=0
Z	carat/tables/qcatalog/dim5/dir.4-1;1/ordnung.32/(1)^1(4)^14(8)^2/min.148	8	12	12	method=1	log2H=4.00	image=0	bad=0
Z	carat/tables/qcatalog/dim5/dir.4-1;1/ordnung.384/(1)^5(2)^10(4)^2/group.838	4	8	8	method=1	log2H=3.00	image=0	bad=0
Z	carat/tables/qcatalog/dim5/dir.4-1;1/ordnung.64/(1)^1(2)^6(4)^10/group.863	3	8	8	method=1	log2H=3.00	image=0	bad=0
Z	carat/tables/qcatalog/dim5/dir.4-1;1/ordnung.64/(1)^1(2)^2(4)^6/group.859	3	16	16	method=1	log2H=4.00	image=0	bad=0
Z	carat/tables/qcatalog/dim5/dir.4-1;1/ordnung.32/(1)^1(4)^14(8)^2/min.148	9	6	6	method=1	log2H=3.00	image=0	bad=0
Z	carat/tables/qcatalog/dim5/dir.4-1;1/ordnung.576/(1)^9(2)^8/group.858	1	2	2	method=1	log2H=1.00	image=0	bad=0
father: level 1 number of orbits 1 lengths 3
Z	carat/tables/qcatalog/dim5/dir.4-1;1/ordnung.64/(1)^1(2)^6(4)^10/group.867	1	20	20	method=1	log2H=5.00	image=0	bad=0
Z	carat/tables/qcatalog/dim5/dir.4-1;1/ordnung.64/(1)^1(2)^6(4)^10/group.863	4	4	4	method=1	log2H=2.00	image=0	bad=0
father: level 1 number of orbits 1 lengths 1
father: level 1 number of orbits 1 lengths 1
Z	carat/tables/qcatalog/dim5/dir.4-1;1/ordnung.32/(1)^1(4)^14(8)^2/min.148	10	6	6	method=1	log2H=3.00	image=0	bad=0
father: level 1 number of orbits 1 lengths 1
father: level 1 number of orbits 1 lengths 1
father: level 1 number of orbits 1 lengths 1
Z	carat/tables/qcatalog/dim5/dir.4-1;1/ordnung.64/(1)^1(2)^2(4)^6/group.859	4	8	8	method=1	log2H=3.00	image=0	bad=0
father: level 1 number of orbits 1 lengths 1
Z	carat/tables/qcatalog/dim5/dir.4-1;1/ordnung.32/(1)^1(4)^14(8)^2/min.148	11	6	6	method=1	log2H=3.00	image=0	bad=0
father: level 1 number of orbits 2 lengths 1
father: level 1 number of orbits 3 lengths 1
Z	carat/tables/qcatalog/dim5/dir.4-1;1/ordnung.576/(1)^7(2)^8(4)^2/group.856	2	4	4	method=1	log2H=2.58	image=0	bad=0
father: level 1 number of orbits 1 lengths 1
father: level 1 number of orbits 1 lengths 1
father: level 1 number of orbits 1 lengths 1
Z	carat/tables/qcatalog/dim5/dir.4-1;1/ordnung.64/(1)^1(2)^6(4)^10/group.867	2	4	4	method=1	log2H=2.00	image=0	bad=0
Z	carat/tables/qcatalog/dim5/dir.4-1;1/ordnung.64/(1)^1(2)^6(4)^10/group.861	1	15	15	method=1	log2H=6.00	image=0	bad=0
Z	carat/tables/qcatalog/dim5/dir.4-1;1/ordnung.384/(1)^5(2)^10(4)^2/group.838	5	2	2	method=1	log2H=1.00	image=0	bad=0
Z	carat/tables/qcatalog/dim5/dir.4-1;1/ordnung.32/(1)^1(4)^14(8)^2/min.150	1	24	24	method=1	log2H=5.00	image=0	bad=0
Z	carat/tables/qcatalog/dim5/dir.4-1;1/ordnung.384/(1)^5(2)^10(4)^2/group.836	3	16	16	method=1	log2H=4.00	image=0	bad=0
Z	carat/tables/qcatalog/dim5/dir.4-1;1/ordnung.64/(1)^1(2)^6(4)^10/group.861	2	4	4	method=1	log2H=2.00	image=0	bad=0
father: level 1 number of orbits 1 lengths 1
Z	carat/tables/qcatalog/dim5/dir.4-1;1/ordnung.32/(1)^1(4)^14(8)^2/min.150	2	8	8	method=1	log2H=3.00	image=0	bad=0
father: level 1 number of orbits 1 lengths 1
father: level 1 number of orbits 1 lengths 1
father: level 1 number of orbits 1 lengths 1
Z	carat/tables/qcatalog/dim5/dir.4-1;1/ordnung.64/(1)^1(2)^6(4)^10/group.867	3	12	12	method=1	log2H=4.00	image=0	bad=0
Z	carat/tables/qcatalog/dim5/dir.4-1;1/ordnung.32/(1)^1(4)^14(8)^2/min.150	3	12	12	method=1	log2H=4.00	image=0	bad=0
Z	carat/tables/qcatalog/dim5/dir.4-1;1/ordnung.48/(1)^1(2)^8(6)^8/group.850	1	4	4	method=1	log2H=2.58	image=0	bad=0
Z	carat/tables/qcatalog/dim5/dir.4-1;1/ordnung.64/(1)^1(2)^6(4)^10/group.865	1	12	12	method=1	log2H=4.00	image=0	bad=0
Z	carat/tables/qcatalog/dim5/dir.4-1;1/ordnung.32/(1)^1(4)^14(8)^2/min.150	4	8	8	method=1	log2H=3.00	image=0	bad=0
Z	carat/tables/qcatalog/dim5/dir.4-1;1/ordnung.64/(1)^1(2)^6(4)^10/group.867	4	6	6	method=1	log2H=3.00	image=0	bad=0
Z	carat/tables/qcatalog/dim5/dir.4-1;1/ordnung.64/(1)^1(2)^6(4)^10/group.865	2	4	4	method=1	log2H=2.00	image=0	bad=0
Z	carat/tables/qcatalog/dim5/dir.4-1;1/ordnung.64/(1)^1(2)^6(4)^10/group.861	3	12	12	method=1	log2H=4.00	image=0	bad=0
Z	carat/tables/qcatalog/dim5/dir.4-1;1/ordnung.32/(1)^1(4)^14(8)^2/min.150	5	24	24	method=1	log2H=5.00	image=0	bad=0
Z	carat/tables/qcatalog/dim5/dir.4-1;1/ordnung.384/(1)^5(2)^10(4)^2/group.836	4	4	4	method=1	log2H=2.00	image=0	bad=0
father: level 1 number of orbits 1 lengths 1
father: level 1 number of orbits 1 lengths 1
Z	carat/tables/qcatalog/dim5/dir.4-1;1/ordnung.32/(1)^1(4)^14(8)^2/min.150	6	4	4	method=1	log2H=2.00	image=0	bad=0
Z	carat/tables/qcatalog/dim5/dir.4-1;1/ordnung.64/(1)^1(2)^6(4)^10/group.865	3	12	12	method=1	log2H=4.00	image=0	bad=0
Z	carat/tables/qcatalog/dim5/dir.4-1;1/ordnung.32/(1)^1(4)^14(8)^2/min.150	7	3	3	method=1	log2H=2.00	image=0	bad=0
Z	carat/tables/qcatalog/dim5/dir.4-1;1/ordnung.64/(1)^1(2)^6(4)^10/group.869	1	32	32	method=1	log2H=6.00	image=0	bad=0
Z	carat/tables/qcatalog/dim5/dir.4-1;1/ordnung.64/(1)^1(2)^6(4)^10/group.865	4	8	8	method=1	log2H=3.00	image=0	bad=0
Z	carat/tables/qcatalog/dim5/dir.4-1;1/ordnung.384/(1)^5(2)^10(4)^2/group.836	5	8	8	method=1	log2H=3.00	image=0	bad=0
Z	carat/tables/qcatalog/dim5/dir.4-1;1/ordnung.64/(1)^1(2)^6(4)^10/group.861	4	12	12	method=1	log2H=4.00	image=0	bad=0
Z	carat/tables/qcatalog/dim5/dir.4-1;1/ordnung.32/(1)^1(4)^14(8)^2/min.150	8	3	3	method=1	log2H=2.00	image=0	bad=0
Z	carat/tables/qcatalog/dim5/dir.4-1;1/ordnung.32/(1)^1(4)^14(8)^2/min.150	9	6	6	method=1	log2H=3.00	image=0	bad=0
Z	carat/tables/qcatalog/dim5/dir.4-1;1/ordnung.32/(1)^1(4)^14(8)^2/min.150	10	6	6	method=1	log2H=3.00	image=0	bad=0
Z	carat/tables/qcatalog/dim5/dir.4-1;1/ordnung.64/(1)^1(2)^6(4)^10/group.869	2	6	6	method=1	log2H=3.00	image=0	bad=0
Z	carat/tables/qcatalog/dim5/dir.4-1;1/ordnung.32/(1)^1(4)^14(8)^2/min.150	11	9	9	method=1	log2H=4.00	image=0	bad=0
father: level 1 number of orbits 1 lengths 1
Z	carat/tables/qcatalog/dim5/dir.4-1;1/ordnung.32/(1)^1(4)^14(8)^2/min.150	12	6	6	method=1	log2H=3.00	image=0	bad=0
Z	carat/tables/qcatalog/dim5/dir.4-1;1/ordnung.64/(1)^1(2)^6(4)^10/group.861	5	30	30	method=1	log2H=7.00	image=0	bad=0
father: level 1 number of orbits 1 lengths 1
Z	carat/tables/qcatalog/dim5/dir.4-1;1/ordnung.64/(1)^1(2)^6(4)^10/group.869	3	20	20	method=1	log2H=5.00	image=0	bad=0
Z	carat/tables/qcatalog/dim5/dir.4-1;1/ordnung.64/(1)^1(2)^6(4)^10/group.865	5	18	18	method=1	log2H=5.00	image=0	bad=0
Z	carat/tables/qcatalog/dim5/dir.4-1;1/ordnung.32/(1)^1(4)^14(8)^2/min.150	13	6	6	method=1	log2H=3.00	image=0	bad=0
father: level 1 number of orbits 1 lengths 3
father: level 1 number of orbits 1 lengths 1
father: level 1 number of orbits 1 lengths 1
Z	carat/tables/qcatalog/dim5/dir.4-1;1/ordnung.32/(1)^1(4)^14(8)^2/min.150	14	6	6	method=1	log2H=3.00	image=0	bad=0
father: level 1 number of orbits 1 lengths 1
father: level 1 number of orbits 1 lengths 1
Z	carat/tables/qcatalog/dim5/dir.4-1;1/ordnung.64/(1)^1(2)^6(4)^10/group.865	6	6	6	method=1	log2H=3.00	image=0	bad=0
Z	carat/tables/qcatalog/dim5/dir.4-1;1/ordnung.64/(1)^1(2)^6(4)^10/group.861	6	5	5	method=1	log2H=4.00	image=0	bad=0
father: level 1 number of orbits 1 lengths 1
father: level 1 number of orbits 1 lengths 1
father: level 1 number of orbits 1 lengths 1
Z	carat/tables/qcatalog/dim5/dir.4-1;1/ordnung.64/(1)^1(2)^6(4)^10/group.869	4	8	8	method=1	log2H=3.00	image=0	bad=0
Z	carat/tables/qcatalog/dim5/dir.4-1;1/ordnung.64/(1)^1(2)^6(4)^10/group.861	7	10	10	method=1	log2H=5.00	image=0	bad=0
Z	carat/tables/qcatalog/dim5/dir.4-1;1/ordnung.64/(1)^1(2)^6(4)^10/group.868	1	24	24	method=1	log2H=5.00	image=0	bad=0
Z	carat/tables/qcatalog/dim5/dir.4-1;1/ordnung.64/(1)^1(2)^6(4)^10/group.865	7	18	18	method=1	log2H=5.00	image=0	bad=0
Z	carat/tables/qcatalog/dim5/dir.4-1;1/ordnung.64/(1)^1(2)^6(4)^10/group.871	1	12	12	method=1	log2H=4.00	image=0	bad=0
Z	carat/tables/qcatalog/dim5/dir.4-1;1/ordnung.64/(1)^1(2)^6(4)^10/group.865	8	6	6	method=1	log2H=3.00	image=0	bad=0
Z	carat/tables/qcatalog/dim5/dir.4-1;1/ordnung.64/(1)^1(2)^6(4)^10/group.861	8	5	5	method=1	log2H=4.00	image=0	bad=0
Z	carat/tables/qcatalog/dim5/dir.4-1;1/ordnung.64/(1)^1(2)^6(4)^10/group.875	1	32	32	method=1	log2H=5.00	image=0	bad=0
Z	carat/tables/qcatalog/dim5/dir.4-1;1/ordnung.64/(1)^1(2)^6(4)^10/group.871	2	6	6	method=1	log2H=3.00	image=0	bad=0
Z	carat/tables/qcatalog/dim5/dir.4-1;1/ordnung.64/(1)^1(2)^6(4)^10/group.868	2	4	4	method=1	log2H=2.00	image=0	bad=0
father: level 1 number of orbits 1 lengths 1
father: level 1 number of orbits 1 lengths 1
father: level 1 number of orbits 1 lengths 1
father: level 1 number of orbits 1 lengths 1
Z	carat/tables/qcatalog/dim5/dir.4-1;1/ordnung.64/(1)^1(2)^6(4)^10/group.871	3	12	12	method=1	log2H=4.00	image=0	bad=0
Z	carat/tables/qcatalog/dim5/dir.4-1;1/ordnung.64/(1)^1(4)^14(8)^2/group.877	1	154	154	method=1	log2H=12.00	image=0	bad=0
Z	carat/tables/qcatalog/dim5/dir.4-1;1/ordnung.64/(1)^1(2)^6(4)^10/group.875	2	4	4	method=1	log2H=2.00	image=0	bad=0
Z	carat/tables/qcatalog/dim5/dir.4-1;1/ordnung.64/(1)^1(2)^6(4)^10/group.868	3	16	16	method=1	log2H=4.00	image=0	bad=0
father: level 1 number of orbits 1 lengths 1
Z	carat/tables/qcatalog/dim5/dir.4-1;1/ordnung.64/(1)^1(2)^6(4)^10/group.871	4	8	8	method=1	log2H=3.00	image=0	bad=0
father: level 1 number of orbits 1 lengths 1
Z	carat/tables/qcatalog/dim5/dir.4-1;1/ordnung.64/(1)^1(2)^6(4)^10/group.864	1	12	12	method=1	log2H=4.00	image=0	bad=0
Z	carat/tables/qcatalog/dim5/dir.4-1;1/ordnung.64/(1)^1(2)^6(4)^10/group.875	3	16	16	method=1	log2H=4.00	image=0	bad=0
father: level 1 number of orbits 1 lengths 3
father: level 1 number of orbits 1 lengths 1
Z	carat/tables/qcatalog/dim5/dir.4-1;1/ordnung.64/(1)^1(2)^6(4)^10/group.864	2	6	6	method=1	log2H=3.00	image=0	bad=0
Z	carat/tables/qcatalog/dim5/dir.4-1;1/ordnung.64/(1)^1(2)^6(4)^10/group.868	4	8	8	method=1	log2H=3.00	image=0	bad=0
Z	carat/tables/qcatalog/dim5/dir.4-1;1/ordnung.64/(1)^1(2)^6(4)^10/group.871	5	18	20	method=1	log2H=5.00	image=0	bad=0
Z	carat/tables/qcatalog/dim5/dir.4-1;1/ordnung.64/(1)^1(2)^6(4)^10/group.864	3	12	12	method=1	log2H=4.00	image=0	bad=0
Z	carat/tables/qcatalog/dim5/dir.4-1;1/ordnung.64/(1)^1(4)^14(8)^2/group.877	2	5	5	method=1	log2H=4.00	image=0	bad=0
Z	carat/tables/qcatalog/dim5/dir.4-1;1/ordnung.64/(1)^1(2)^6(4)^10/group.875	4	8	8	method=1	log2H=3.00	image=0	bad=0
Z	carat/tables/qcatalog/dim5/dir.4-1;1/ordnung.64/(1)^1(2)^6(4)^10/group.864	4	4	4	method=1	log2H=2.00	image=0	bad=0
Z	carat/tables/qcatalog/dim5/dir.4-1;1/ordnung.64/(1)^1(2)^6(4)^10/group.860	1	60	60	method=1	log2H=8.00	image=0	bad=0
Z	carat/tables/qcatalog/dim5/dir.4-1;1/ordnung.64/(1)^1(2)^6(4)^10/group.871	6	6	6	method=1	log2H=3.00	image=0	bad=0
father: level 1 number of orbits 1 lengths 1
father: level 1 number of orbits 1 lengths 1
father: level 1 number of orbits 1 lengths 1
Z	carat/tables/qcatalog/dim5/dir.4-1;1/ordnung.64/(1)^1(2)^6(4)^10/group.871	7	18	20	method=1	log2H=5.00	image=0	bad=0
Z	carat/tables/qcatalog/dim5/dir.4-1;1/ordnung.64/(1)^1(2)^6(4)^10/group.860	2	10	10	method=1	log2H=5.00	image=0	bad=0
Z	carat/tables/qcatalog/dim5/dir.4-1;1/ordnung.64/(1)^1(2)^6(4)^10/group.864	5	8	8	method=1	log2H=3.00	image=0	bad=0
father: level 1 number of orbits 1 lengths 1
Z	carat/tables/qcatalog/dim5/dir.4-1;1/ordnung.64/(1)^1(4)^14(8)^2/group.877	3	22	22	method=1	log2H=7.00	image=0	bad=0
Z	carat/tables/qcatalog/dim5/dir.4-1;1/ordnung.64/(1)^1(2)^6(4)^10/group.871	8	5	6	method=1	log2H=3.00	image=0	bad=0
Z	carat/tables/qcatalog/dim5/dir.4-1;1/ordnung.64/(1)^1(2)^6(4)^10/group.864	6	4	4	method=1	log2H=2.00	image=0	bad=0
Z	carat/tables/qcatalog/dim5/dir.4-1;1/ordnung.64/(1)^1(2)^6(4)^10/group.860	3	20	20	method=1	log2H=6.00	image=0	bad=0
father: level 1 number of orbits 1 lengths 1
Z	carat/tables/qcatalog/dim5/dir.4-1;1/ordnung.64/(1)^1(2)^6(4)^10/group.864	7	8	8	method=1	log2H=3.00	image=0	bad=0
father: level 1 number of orbits 1 lengths 1
Z	carat/tables/qcatalog/dim5/dir.4-1;1/ordnung.72/(1)^5(6)^4/group.881	1	5	5	method=1	log2H=3.17	image=0	bad=0
Z	carat/tables/qcatalog/dim5/dir.4-1;1/ordnung.64/(1)^1(2)^6(4)^10/group.864	8	6	6	method=1	log2H=3.00	image=0	bad=0
Z	carat/tables/qcatalog/dim5/dir.4-1;1/ordnung.48/(1)^5(2)^4(6)^6(12)^2/group.853	1	2	2	method=1	log2H=1.58	image=0	bad=0
Z	carat/tables/qcatalog/dim5/dir.4-1;1/ordnung.64/(1)^1(2)^6(4)^10/group.866	1	40	40	method=1	log2H=6.00	image=0	bad=0
father: level 1 number of orbits 1 lengths 1
Z	carat/tables/qcatalog/dim5/dir.4-1;1/ordnung.64/(1)^1(4)^14(8)^2/group.879	1	24	24	method=1	log2H=5.00	image=0	bad=0
father: level 1 number of orbits 1 lengths 1
father: level 1 number of orbits 1 lengths 1
father: level 1 number of orbits 1 lengths 1
father: level 1 number of orbits 1 lengths 1
father: level 1 number of orbits 1 lengths 3
Z	carat/tables/qcatalog/dim5/dir.4-1;1/ordnung.64/(1)^1(2)^6(4)^10/group.860	4	10	10	method=1	log2H=5.00	image=0	bad=0
Z	carat/tables/qcatalog/dim5/dir.4-1;1/ordnung.8/(1)^1(4)^2(8)^2/min.151	1	2	2	method=1	log2H=2.00	image=0	bad=0
father: level 1 number of orbits 1 lengths 2
father: level 1 number of orbits 2 lengths 1
Z	carat/tables/qcatalog/dim5/dir.4-1;1/ordnung.8/(1)^1(4)^2(8)^2/min.151	2	2	2	method=1	log2H=2.00	image=0	bad=0
Z	carat/tables/qcatalog/dim5/dir.4-1;1/ordnung.64/(1)^1(4)^14(8)^2/group.877	4	22	22	method=1	log2H=7.00	image=0	bad=0
Z	carat/tables/qcatalog/dim5/dir.4-1;1/ordnung.64/(1)^1(4)^14(8)^2/group.879	2	6	6	method=1	log2H=3.00	image=0	bad=0
father: level 1 number of orbits 1 lengths 1
Z	carat/tables/qcatalog/dim5/dir.4-1;1/ordnung.8/(1)^1(4)^2(8)^2/min.151	3	4	4	method=1	log2H=4.00	image=0	bad=0
Z	carat/tables/qcatalog/dim5/dir.4-1;1/ordnung.64/(1)^1(2)^6(4)^10/group.870	1	36	36	method=1	log2H=6.00	image=0	bad=0
father: level 1 number of orbits 1 lengths 1
Z	carat/tables/qcatalog/dim5/dir.4-1;1/ordnung.8/(1)^1(4)^2(8)^2/min.151	4	2	2	method=1	log2H=2.00	image=0	bad=0
Z	carat/tables/qcatalog/dim5/dir.4-1;1/ordnung.48/(1)^5(2)^4(6)^6(12)^2/group.853	2	2	2	method=1	log2H=1.58	image=0	bad=0
father: level 1 number of orbits 1 lengths 1
father: level 1 number of orbits 1 lengths 1
Z	carat/tables/qcatalog/dim5/dir.4-1;1/ordnung.64/(1)^1(4)^14(8)^2/group.879	3	18	18	method=1	log2H=5.00	image=0	bad=0
father: level 1 number of orbits 1 lengths 1
Z	carat/tables/qcatalog/dim5/dir.4-1;1/ordnung.64/(1)^1(2)^6(4)^10/group.870	2	18	18	method=1	log2H=5.00	image=0	bad=0
father: level 1 number of orbits 1 lengths 1
Z	carat/tables/qcatalog/dim5/dir.4-1;1/ordnung.64/(1)^1(2)^6(4)^10/group.870	3	36	36	method=1	log2H=6.00	image=0	bad=0
Z	carat/tables/qcatalog/dim5/dir.4-1;1/ordnung.64/(1)^1(2)^6(4)^10/group.872	1	24	24	method=1	log2H=5.00	image=0	bad=0
Z	carat/tables/qcatalog/dim5/dir.4-1;1/ordnung.64/(1)^1(2)^6(4)^10/group.866	2	8	8	method=1	log2H=3.00	image=0	bad=0
Z	carat/tables/qcatalog/dim5/dir.4-1;1/ordnung.64/(1)^1(2)^6(4)^10/group.870	4	12	12	method=1	log2H=4.00	image=0	bad=0
Z	carat/tables/qcatalog/dim5/dir.4-1;1/ordnung.64/(1)^1(4)^14(8)^2/group.879	4	8	8	method=1	log2H=3.00	image=0	bad=0
father: level 1 number of orbits 1 lengths 1
father: level 1 number of orbits 1 lengths 1
father: level 1 number of orbits 1 lengths 1
Z	carat/tables/qcatalog/dim5/dir.4-1;1/ordnung.48/(1)^5(2)^4(6)^6(12)^2/group.853	3	4	4	method=1	log2H=2.58	image=0	bad=0
Z	carat/tables/qcatalog/dim5/dir.4-1;1/ordnung.64/(1)^1(2)^6(4)^10/group.872	2	8	8	method=1	log2H=3.00	image=0	bad=0
father: level 1 number of orbits 1 lengths 1
father: level 1 number of orbits 1 lengths 1
Z	carat/tables/qcatalog/dim5/dir.4-1;1/ordnung.64/(1)^1(2)^6(4)^10/group.870	5	24	24	method=1	log2H=5.00	image=0	bad=0
Z	carat/tables/qcatalog/dim5/dir.4-1;1/ordnung.64/(1)^1(2)^6(4)^10/group.872	3	24	24	method=1	log2H=5.00	image=0	bad=0
Z	carat/tables/qcatalog/dim5/dir.4-1;1/ordnung.48/(1)^5(2)^4(6)^6(12)^2/group.853	4	2	2	method=1	log2H=1.58	image=0	bad=0
Z	carat/tables/qcatalog/dim5/dir.4-1;1/ordnung.64/(1)^1(2)^6(4)^10/group.866	3	24	24	method=1	log2H=5.00	image=0	bad=0
Z	carat/tables/qcatalog/dim5/dir.4-1;1/ordnung.64/(1)^1(2)^6(4)^10/group.870	6	8	8	method=1	log2H=3.00	image=0	bad=0
Z	carat/tables/qcatalog/dim5/dir.4-1;1/ordnung.64/(1)^1(2)^6(4)^10/group.872	4	12	12	method=1	log2H=4.00	image=0	bad=0
father: level 1 number of orbits 1 lengths 1
Z	carat/tables/qcatalog/dim5/dir.4-1;1/ordnung.64/(1)^1(2)^6(4)^10/group.862	1	12	12	method=1	log2H=4.00	image=0	bad=0
Z	carat/tables/qcatalog/dim5/dir.4-1;1/ordnung.64/(1)^1(2)^6(4)^10/group.873	1	40	40	method=1	log2H=6.00	image=0	bad=0
Z	carat/tables/qcatalog/dim5/dir.4-1;1/ordnung.64/(1)^1(2)^6(4)^10/group.870	7	24	24	method=1	log2H=5.00	image=0	bad=0
Z	carat/tables/qcatalog/dim5/dir.4-1;1/ordnung.96/(1)^1(2)^4(4)^4/group.883	1	6	6	method=1	log2H=3.00	image=0	bad=0
Z	carat/tables/qcatalog/dim5/dir.4-1;1/ordnung.64/(1)^1(2)^6(4)^10/group.870	8	12	12	method=1	log2H=4.00	image=0	bad=0
Z	carat/tables/qcatalog/dim5/dir.4-1;1/ordnung.64/(1)^1(2)^6(4)^10/group.862	2	6	6	method=1	log2H=3.00	image=0	bad=0
father: level 1 number of orbits 1 lengths 1
father: level 1 number of orbits 1 lengths 3
Z	carat/tables/qcatalog/dim5/dir.4-1;1/ordnung.64/(1)^1(2)^6(4)^10/group.862	3	12	12	method=1	log2H=4.00	image=0	bad=0
Z	carat/tables/qcatalog/dim5/dir.4-1;1/ordnung.8/(1)^1(4)^2(8)^2/min.152	1	2	2	method=1	log2H=1.00	image=0	bad=0
Z	carat/tables/qcatalog/dim5/dir.4-1;1/ordnung.8/(1)^1(4)^2(8)^2/min.152	2	2	2	method=1	log2H=1.00	image=0	bad=0
Z	carat/tables/qcatalog/dim5/dir.4-1;1/ordnung.64/(1)^1(2)^6(4)^10/group.876	1	48	48	method=1	log2H=6.00	image=0	bad=0
Z	carat/tables/qcatalog/dim5/dir.4-1;1/ordnung.64/(1)^1(2)^6(4)^10/group.862	4	6	6	method=1	log2H=3.00	image=0	bad=0
Z	carat/tables/qcatalog/dim5/dir.4-1;1/ordnung.64/(1)^1(2)^6(4)^10/group.873	2	4	4	method=1	log2H=2.00	image=0	bad=0
Z	carat/tables/qcatalog/dim5/dir.4-1;1/ordnung.8/(1)^1(4)^2(8)^2/min.152	3	4	4	method=1	log2H=3.00	image=0	bad=0
Z	carat/tables/qcatalog/dim5/dir.4-1;1/ordnung.64/(1)^1(2)^6(4)^10/group.860	5	30	30	method=1	log2H=7.00	image=0	bad=0
Z	carat/tables/qcatalog/dim5/dir.4-1;1/ordnung.64/(1)^1(2)^6(4)^10/group.866	4	12	12	method=1	log2H=4.00	image=0	bad=0
Z	carat/tables/qcatalog/dim5/dir.4-1;1/ordnung.8/(1)^1(4)^2(8)^2/min.152	4	2	2	method=1	log2H=1.00	image=0	bad=0
Z	carat/tables/qcatalog/dim5/dir.4-1;1/ordnung.64/(1)^1(2)^6(4)^10/group.876	2	6	6	method=1	log2H=3.00	image=0	bad=0
Z	carat/tables/qcatalog/dim5/dir.4-1;1/ordnung.64/(1)^1(2)^6(4)^10/group.862	5	12	12	method=1	log2H=4.00	image=0	bad=0
Z	carat/tables/qcatalog/dim5/dir.4-1;1/ordnung.64/(1)^1(2)^6(4)^10/group.873	3	4	4	method=1	log2H=2.00	image=0	bad=0
father: level 1 number of orbits 1 lengths 1
father: level 1 number of orbits 1 lengths 1
Z	carat/tables/qcatalog/dim5/dir.4-1;1/ordnung.64/(1)^1(2)^6(4)^10/group.876	3	24	24	method=1	log2H=5.00	image=0	bad=0
Z	carat/tables/qcatalog/dim5/dir.4-1;1/ordnung.64/(1)^1(2)^6(4)^10/group.862	6	4	4	method=1	log2H=2.00	image=0	bad=0
Z	carat/tables/qcatalog/dim5/dir.4-1;1/ordnung.48/(1)^5(2)^4(6)^6(12)^2/group.853	5	2	2	method=1	log2H=1.58	image=0	bad=0
Z	carat/tables/qcatalog/dim5/dir.4-1;1/ordnung.64/(1)^1(2)^6(4)^10/group.862	7	12	12	method=1	log2H=4.00	image=0	bad=0
Z	carat/tables/qcatalog/dim5/dir.4-1;1/ordnung.64/(1)^1(2)^6(4)^10/group.876	4	8	8	method=1	log2H=3.00	image=0	bad=0
Z	carat/tables/qcatalog/dim5/dir.4-1;1/ordnung.64/(1)^1(2)^6(4)^10/group.862	8	4	4	method=1	log2H=2.00	image=0	bad=0
Z	carat/tables/qcatalog/dim5/dir.4-1;1/ordnung.64/(1)^1(2)^6(4)^10/group.873	4	16	16	method=1	log2H=4.00	image=0	bad=0
Z	carat/tables/qcatalog/dim5/dir.4-1;1/ordnung.64/(1)^1(2)^6(4)^10/group.860	6	8	8	method=1	log2H=3.00	image=0	bad=0
father: level 1 number of orbits 1 lengths 1
father: level 1 number of orbits 1 lengths 1
Z	carat/tables/qcatalog/dim5/dir.4-1;1/ordnung.96/(1)^1(2)^4(4)^4/group.884	1	4	4	method=1	log2H=2.00	image=0	bad=0
Z	carat/tables/qcatalog/dim5/dir.4-1;1/ordnung.96/(1)^1(2)^8(4)^8/group.889	1	6	6	method=1	log2H=3.00	image=0	bad=0
Z	carat/tables/qcatalog/dim5/dir.4-1;1/ordnung.64/(1)^1(2)^6(4)^10/group.860	7	24	24	method=1	log2H=5.00	image=0	bad=0
Z	carat/tables/qcatalog/dim5/dir.4-1;1/ordnung.64/(1)^1(2)^6(4)^10/group.873	5	16	16	method=1	log2H=4.00	image=0	bad=0
Z	carat/tables/qcatalog/dim5/dir.4-1;1/ordnung.96/(1)^1(2)^8(4)^8/group.887	1	10	11	method=1	log2H=5.58	image=0	bad=0
Z	carat/tables/qcatalog/dim5/dir.4-1;1/ordnung.64/(1)^1(2)^6(4)^10/group.860	8	20	20	method=1	log2H=5.00	image=0	bad=0
Z	carat/tables/qcatalog/dim5/dir.4-1;1/ordnung.48/(1)^5(2)^4(6)^6(12)^2/group.852	1	2	2	method=1	log2H=1.00	image=0	bad=0
Z	carat/tables/qcatalog/dim5/dir.4-1;1/ordnung.96/(1)^1(2)^8/group.885	1	6	6	method=1	log2H=3.00	image=0	bad=0
Z	carat/tables/qcatalog/dim5/dir.4-1;1/ordnung.48/(1)^5(2)^4(6)^6(12)^2/group.852	2	2	2	method=1	log2H=1.00	image=0	bad=0
Z	carat/tables/qcatalog/dim5/dir.4-1;1/ordnung.48/(1)^5(2)^4(6)^6(12)^2/group.852	3	4	4	method=1	log2H=2.00	image=0	bad=0
Z	carat/tables/qcatalog/dim5/dir.4-1;1/ordnung.96/(1)^1(2)^8(4)^8/group.891	1	4	4	method=1	log2H=2.00	image=0	bad=0
Z	carat/tables/qcatalog/dim5/dir.4-1;1/ordnung.48/(1)^5(2)^4(6)^6(12)^2/group.852	4	2	2	method=1	log2H=1.00	image=0	bad=0
Z	carat/tables/qcatalog/dim5/dir.4-1;1/ordnung.768/(1)^5(2)^10(4)^2/group.882	1	16	16	method=1	log2H=4.00	image=0	bad=0
father: level 1 number of orbits 1 lengths 1
father: level 1 number of orbits 1 lengths 1
Z	carat/tables/qcatalog/dim5/dir.4-1;1/ordnung.576/(1)^5(2)^8(4)^4/group.854	1	1	1	method=0	log2H=0.00	image=0	bad=0
Z	carat/tables/qcatalog/dim5/dir.4-1;1/ordnung.96/(1)^1(2)^8(4)^8/group.888	1	8	8	method=1	log2H=3.58	image=0	bad=0
Z	carat/tables/qcatalog/dim5/dir.4-2';1/ordnung.24/(1)^1(2)^2(6)^2/group.895	1	2	2	method=1	log2H=1.00	image=0	bad=0
Z	carat/tables/qcatalog/dim5/dir.4-1;1/ordnung.64/(1)^1(2)^6(4)^10/group.873	6	16	16	method=1	log2H=4.00	image=0	bad=0
Z	carat/tables/qcatalog/dim5/dir.4-1;1/ordnung.48/(1)^5(2)^4(6)^6(12)^2/group.852	5	2	2	method=1	log2H=1.00	image=0	bad=0
Z	carat/tables/qcatalog/dim5/dir.4-1;1/ordnung.64/(1)^1(4)^14(8)^2/group.880	1	48	48	method=1	log2H=6.00	image=0	bad=0
Z	carat/tables/qcatalog/dim5/dir.4-2';1/ordnung.12/(1)^1(2)^2(6)^2/min.153	1	1	1	method=0	log2H=0.00	image=0	bad=0
Z	carat/tables/qcatalog/dim5/dir.4-1;1/ordnung.96/(1)^1(2)^8/group.886	1	4	4	method=1	log2H=2.58	image=0	bad=0
Z	carat/tables/qcatalog/dim5/dir.4-1;1/ordnung.96/(1)^1(2)^8(4)^8/group.890	1	6	6	method=1	log2H=3.00	image=0	bad=0
Z	carat/tables/qcatalog/dim5/dir.4-1;1/ordnung.64/(1)^1(4)^14(8)^2/group.880	2	6	6	method=1	log2H=3.00	image=0	bad=0
Z	carat/tables/qcatalog/dim5/dir.4-2';1/ordnung.24/(1)^1(2)^4(6)^4/group.897	1	3	3	method=1	log2H=2.00	image=0	bad=0
Z	carat/tables/qcatalog/dim5/dir.4-1;1/ordnung.768/(1)^5(2)^10(4)^2/group.882	2	8	8	method=1	log2H=3.00	image=0	bad=0
Z	carat/tables/qcatalog/dim5/dir.4-1;1/ordnung.64/(1)^1(2)^6(4)^10/group.873	7	12	12	method=1	log2H=4.00	image=0	bad=0
Z	carat/tables/qcatalog/dim5/dir.4-2';1/ordnung.24/(1)^1(2)^4(6)^4/group.896	1	6	6	method=1	log2H=3.58	image=0	bad=0
Z	carat/tables/qcatalog/dim5/dir.4-1;1/ordnung.64/(1)^1(4)^14(8)^2/group.880	3	40	40	method=1	log2H=6.00	image=0	bad=0
father: level 1 number of orbits 1 lengths 2
Z	carat/tables/qcatalog/dim5/dir.4-2';1/ordnung.12/(1)^1(2)^2(6)^2/min.154	1	6	6	method=1	log2H=3.58	image=0	bad=0
father: level 1 number of orbits 2 lengths 1
father: level 1 number of orbits 1 lengths 1
father: level 1 number of orbits 1 lengths 1
father: level 1 number of orbits 1 lengths 1
father: level 1 number of orbits 1 lengths 1
Z	carat/tables/qcatalog/dim5/dir.4-1;1/ordnung.64/(1)^1(4)^14(8)^2/group.880	4	8	8	method=1	log2H=3.00	image=0	bad=0
father: level 1 number of orbits 1 lengths 3
Z	carat/tables/qcatalog/dim5/dir.4-2';1/ordnung.48/(1)^1(2)^4(6)^4/group.899	1	3	3	method=1	log2H=2.00	image=0	bad=0
father: level 1 number of orbits 1 lengths 1
Z	carat/tables/qcatalog/dim5/dir.4-1;1/ordnung.768/(1)^5(2)^10(4)^2/group.882	3	4	4	method=1	log2H=2.00	image=0	bad=0
Z	carat/tables/qcatalog/dim5/dir.4-2';1/ordnung.24/(1)^1(2)^4(6)^4/group.898	1	2	2	method=1	log2H=1.00	image=0	bad=0
Z	carat/tables/qcatalog/dim5/dir.4-1;1/ordnung.64/(1)^1(4)^14(8)^2/group.878	1	40	40	method=1	log2H=6.00	image=0	bad=0
Z	carat/tables/qcatalog/dim5/dir.4-2;1/ordnung.12/(1)^1(2)^2(6)^2/min.156	1	3	3	method=1	log2H=2.00	image=0	bad=0
Z	carat/tables/qcatalog/dim5/dir.4-1;1/ordnung.64/(1)^1(2)^6(4)^10/group.873	8	80	80	method=1	log2H=7.00	image=0	bad=0
Z	carat/tables/qcatalog/dim5/dir.4-1;1/ordnung.64/(1)^1(4)^14(8)^2/group.878	2	4	4	method=1	log2H=2.00	image=0	bad=0
Z	carat/tables/qcatalog/dim5/dir.4-1;1/ordnung.64/(1)^1(2)^6(4)^10/group.873	9	12	12	method=1	log2H=4.00	image=0	bad=0
Z	carat/tables/qcatalog/dim5/dir.4-1;1/ordnung.768/(1)^5(2)^10(4)^2/group.882	4	32	32	method=1	log2H=5.00	image=0	bad=0
Z	carat/tables/qcatalog/dim5/dir.4-1;1/ordnung.64/(1)^1(4)^14(8)^2/group.878	3	6	6	method=1	log2H=3.00	image=0	bad=0
Z	carat/tables/qcatalog/dim5/dir.4-1;1/ordnung.64/(1)^1(2)^6(4)^10/group.873	10	24	24	method=1	log2H=5.00	image=0	bad=0
Z	carat/tables/qcatalog/dim5/dir.4-2;1/ordnung.144/(1)^5(3)^8(9)^4/group.903	1	3	3	method=1	log2H=2.00	image=0	bad=0
Z	carat/tables/qcatalog/dim5/dir.4-1;1/ordnung.64/(1)^1(4)^14(8)^2/group.878	4	16	16	method=1	log2H=4.00	image=0	bad=0
Z	carat/tables/qcatalog/dim5/dir.4-1;1/ordnung.64/(1)^1(2)^6(4)^10/group.873	11	12	12	method=1	log2H=4.00	image=0	bad=0
Z	carat/tables/qcatalog/dim5/dir.4-1;1/ordnung.96/(1)^3(2)^8(4)^6/group.893	1	2	2	method=1	log2H=1.58	image=0	bad=0
Z	carat/tables/qcatalog/dim5/dir.4-1;1/ordnung.96/(1)^1(2)^8(6)^8/group.892	1	4	4	method=1	log2H=2.00	image=0	bad=0
Z	carat/tables/qcatalog/dim5/dir.4-2;1/ordnung.144/(1)^5(3)^4/group.900	1	4	4	method=1	log2H=2.00	image=0	bad=0
Z	carat/tables/qcatalog/dim5/dir.4-2;1/ordnung.144/(1)^7(3)^8(9)^2/group.907	1	2	2	method=1	log2H=1.00	image=0	bad=0
Z	carat/tables/qcatalog/dim5/dir.4-1;1/ordnung.64/(1)^1(4)^14(8)^2/group.878	5	16	16	method=1	log2H=4.00	image=0	bad=0
Z	carat/tables/qcatalog/dim5/dir.4-2;1/ordnung.12/(1)^1(2)^2(6)^2/min.155	1	2	2	method=1	log2H=1.58	image=0	bad=0
Z	carat/tables/qcatalog/dim5/dir.4-2;1/ordnung.144/(1)^5(3)^8(9)^4/group.901	1	3	3	method=1	log2H=2.00	image=0	bad=0
Z	carat/tables/qcatalog/dim5/dir.4-1;1/ordnung.768/(1)^5(2)^10(4)^2/group.882	5	4	4	method=1	log2H=2.00	image=0	bad=0
Z	carat/tables/qcatalog/dim5/dir.4-1;1/ordnung.96/(1)^3(2)^8(4)^6/group.893	2	4	4	method=1	log2H=3.58	image=0	bad=0
Z	carat/tables/qcatalog/dim5/dir.4-2;1/ordnung.144/(1)^7(3)^8(9)^2/group.907	2	2	2	method=1	log2H=1.00	image=0	bad=0
Z	carat/tables/qcatalog/dim5/dir.4-1;1/ordnung.64/(1)^1(4)^14(8)^2/group.878	6	18	18	method=1	log2H=5.00	image=0	bad=0
Z	carat/tables/qcatalog/dim5/dir.4-2;1/ordnung.144/(1)^5(3)^8(9)^4/group.901	2	3	3	method=1	log2H=2.00	image=0	bad=0
Z	carat/tables/qcatalog/dim5/dir.4-1;1/ordnung.96/(1)^3(2)^8(4)^6/group.893	3	2	2	method=1	log2H=1.58	image=0	bad=0
Z	carat/tables/qcatalog/dim5/dir.4-1;1/ordnung.64/(1)^1(4)^14(8)^2/group.878	7	12	12	method=1	log2H=4.00	image=0	bad=0
Z	carat/tables/qcatalog/dim5/dir.4-1;1/ordnung.96/(1)^3(2)^8(4)^6/group.893	4	2	2	method=1	log2H=1.58	image=0	bad=0
Z	carat/tables/qcatalog/dim5/dir.4-2;1/ordnung.144/(1)^5(3)^8(9)^4/group.904	1	4	4	method=1	log2H=2.00	image=0	bad=0
Z	carat/tables/qcatalog/dim5/dir.4-2;1/ordnung.144/(1)^5(3)^8(9)^4/group.901	3	4	4	method=1	log2H=2.00	image=0	bad=0
Z	carat/tables/qcatalog/dim5/dir.4-1;1/ordnung.96/(1)^3(2)^8(4)^6/group.893	5	2	2	method=1	log2H=1.58	image=0	bad=0
Z	carat/tables/qcatalog/dim5/dir.4-1;1/ordnung.64/(1)^1(4)^14(8)^2/group.878	8	72	72	method=1	log2H=7.00	image=0	bad=0
Z	carat/tables/qcatalog/dim5/dir.4-1;1/ordnung.64/(1)^1(4)^14(8)^2/group.878	9	10	10	method=1	log2H=4.00	image=0	bad=0
Z	carat/tables/qcatalog/dim5/dir.4-2;1/ordnung.144/(1)^7(3)^8(9)^2/group.909	1	6	6	method=1	log2H=3.00	image=0	bad=0
Z	carat/tables/qcatalog/dim5/dir.4-2;1/ordnung.144/(1)^9(3)^8/group.917	1	5	5	method=1	log2H=3.00	image=0	bad=0
Z	carat/tables/qcatalog/dim5/dir.4-2;1/ordnung.144/(1)^7(3)^8(9)^2/group.908	1	6	6	method=1	log2H=3.00	image=0	bad=0
Z	carat/tables/qcatalog/dim5/dir.4-1;1/ordnung.64/(1)^1(4)^14(8)^2/group.878	10	20	20	method=1	log2H=5.00	image=0	bad=0
Z	carat/tables/qcatalog/dim5/dir.4-2;1/ordnung.144/(1)^7(3)^8(9)^2/group.911	1	3	3	method=1	log2H=2.00	image=0	bad=0
Z	carat/tables/qcatalog/dim5/dir.4-2;1/ordnung.144/(1)^7(3)^8(9)^2/group.909	2	6	6	method=1	log2H=3.00	image=0	bad=0
Z	carat/tables/qcatalog/dim5/dir.4-2;1/ordnung.144/(1)^7(3)^8(9)^2/group.913	1	5	5	method=1	log2H=3.00	image=0	bad=0
Z	carat/tables/qcatalog/dim5/dir.4-2;1/ordnung.144/(1)^7(3)^8(9)^2/group.908	2	6	6	method=1	log2H=3.00	image=0	bad=0
Z	carat/tables/qcatalog/dim5/dir.4-1;1/ordnung.64/(1)^1(4)^14(8)^2/group.878	11	12	12	method=1	log2H=4.00	image=0	bad=0
Z	carat/tables/qcatalog/dim5/dir.4-2;1/ordnung.144/(1)^7(3)^8(9)^2/group.911	2	3	3	method=1	log2H=2.00	image=0	bad=0
Z	carat/tables/qcatalog/dim5/dir.4-2;1/ordnung.144/(1)^9(3)^8/group.919	1	2	2	method=1	log2H=1.00	image=0	bad=0
father: level 1 number of orbits 1 lengths 2
Z	carat/tables/qcatalog/dim5/dir.4-2;1/ordnung.144/(1)^7(3)^8(9)^2/group.909	3	8	8	method=1	log2H=3.00	image=0	bad=0
father: level 1 number of orbits 1 lengths 2
Z	carat/tables/qcatalog/dim5/dir.4-2;1/ordnung.144/(1)^7(3)^8(9)^2/group.913	2	6	6	method=1	log2H=3.00	image=0	bad=0
Z	carat/tables/qcatalog/dim5/dir.4-2;1/ordnung.144/(1)^7(3)^8(9)^2/group.913	3	5	5	method=1	log2H=3.00	image=0	bad=0
Z	carat/tables/qcatalog/dim5/dir.4-2;1/ordnung.144/(1)^6(3)^8(9)^3/group.905	1	4	4	method=1	log2H=2.00	image=0	bad=0
Z	carat/tables/qcatalog/dim5/dir.4-2;1/ordnung.144/(1)^9(3)^8/group.918	1	6	6	method=1	log2H=3.00	image=0	bad=0
Z	carat/tables/qcatalog/dim5/dir.4-2;1/ordnung.144/(1)^9(3)^8/group.923	1	3	3	method=1	log2H=2.00	image=0	bad=0
Z	carat/tables/qcatalog/dim5/dir.4-2;1/ordnung.144/(1)^5(3)^8(9)^4/group.902	1	5	5	method=1	log2H=3.00	image=0	bad=0
Z	carat/tables/qcatalog/dim5/dir.4-2;1/ordnung.144/(1)^9(3)^8/group.921	1	6	6	method=1	log2H=3.00	image=0	bad=0
Z	carat/tables/qcatalog/dim5/dir.4-2;1/ordnung.144/(1)^6(3)^8(9)^3/group.905	2	4	4	method=1	log2H=2.00	image=0	bad=0
Z	carat/tables/qcatalog/dim5/dir.4-2;1/ordnung.144/(1)^9(3)^8/group.925	1	8	8	method=1	log2H=3.58	image=0	bad=0
Z	carat/tables/qcatalog/dim5/dir.4-2;1/ordnung.144/(1)^5(3)^8(9)^4/group.902	2	6	6	method=1	log2H=3.00	image=0	bad=0
Z	carat/tables/qcatalog/dim5/dir.4-2;1/ordnung.144/(1)^6(3)^8(9)^3/group.905	3	4	4	method=1	log2H=2.00	image=0	bad=0
Z	carat/tables/qcatalog/dim5/dir.4-2;1/ordnung.144/(1)^9(3)^8/group.920	1	3	3	method=1	log2H=2.00	image=0	bad=0
father: level 1 number of orbits 1 lengths 2
Z	carat/tables/qcatalog/dim5/dir.4-2;1/ordnung.144/(1)^9(3)^8/group.920	2	3	3	method=1	log2H=2.00	image=0	bad=0
father: level 1 number of orbits 2 lengths 1
father: level 1 number of orbits 1 lengths 1
father: level 1 number of orbits 1 lengths 1
Z	carat/tables/qcatalog/dim5/dir.4-2;1/ordnung.144/(1)^6(3)^8(9)^3/group.905	4	4	4	method=1	log2H=2.00	image=0	bad=0
Z	carat/tables/qcatalog/dim5/dir.4-2;1/ordnung.144/(1)^9(3)^8/group.924	1	4	4	method=1	log2H=2.00	image=0	bad=0
father: level 1 number of orbits 1 lengths 1
father: level 1 number of orbits 1 lengths 1
Z	carat/tables/qcatalog/dim5/dir.4-2;1/ordnung.144/(1)^7(3)^8(9)^2/group.910	1	3	3	method=1	log2H=2.00	image=0	bad=0
Z	carat/tables/qcatalog/dim5/dir.4-2;1/ordnung.144/(1)^9(3)^8/group.922	1	4	4	method=1	log2H=2.00	image=0	bad=0
Z	carat/tables/qcatalog/dim5/dir.4-2;1/ordnung.144/(1)^6(3)^8(9)^3/group.905	5	4	4	method=1	log2H=2.00	image=0	bad=0
Z	carat/tables/qcatalog/dim5/dir.4-2;1/ordnung.144/(1)^7(3)^8(9)^2/group.915	1	8	8	method=1	log2H=3.58	image=0	bad=0
Z	carat/tables/qcatalog/dim5/dir.4-2;1/ordnung.144/(1)^7(3)^8(9)^2/group.910	2	3	3	method=1	log2H=2.00	image=0	bad=0
Z	carat/tables/qcatalog/dim5/dir.4-1;1/ordnung.64/(1)^1(2)^6(4)^10/group.874	1	56	56	method=1	log2H=7.00	image=0	bad=0
Z	carat/tables/qcatalog/dim5/dir.4-2;1/ordnung.24/(1)^1(2)^4(6)^4/group.927	1	4	4	method=1	log2H=2.58	image=0	bad=0
Z	carat/tables/qcatalog/dim5/dir.4-2;1/ordnung.144/(1)^6(3)^8(9)^3/group.905	6	4	4	method=1	log2H=2.00	image=0	bad=0
Z	carat/tables/qcatalog/dim5/dir.4-2;1/ordnung.24/(1)^1(2)^4(6)^4/group.927	2	4	4	method=1	log2H=2.58	image=0	bad=0
Z	carat/tables/qcatalog/dim5/dir.4-2;1/ordnung.144/(1)^7(3)^8(9)^2/group.910	3	4	4	method=1	log2H=2.00	image=0	bad=0
Z	carat/tables/qcatalog/dim5/dir.4-2;1/ordnung.144/(1)^7(3)^8(9)^2/group.915	2	8	8	method=1	log2H=3.58	image=0	bad=0
Z	carat/tables/qcatalog/dim5/dir.4-2;1/ordnung.144/(1)^7(3)^8(9)^2/group.914	1	4	4	method=1	log2H=2.00	image=0	bad=0
Z	carat/tables/qcatalog/dim5/dir.4-1;1/ordnung.64/(1)^1(2)^6(4)^10/group.874	2	6	6	method=1	log2H=3.00	image=0	bad=0
father: level 1 number of orbits 1 lengths 2
father: level 1 number of orbits 1 lengths 2
Z	carat/tables/qcatalog/dim5/dir.4-2;1/ordnung.18/(1)^1(3)^6(9)^2/min.158	1	4	4	method=1	log2H=3.17	image=0	bad=0
Z	carat/tables/qcatalog/dim5/dir.4-2;1/ordnung.144/(1)^7(3)^8(9)^2/group.914	2	4	4	method=1	log2H=2.00	image=0	bad=0
Z	carat/tables/qcatalog/dim5/dir.4-2;1/ordnung.18/(1)^1(3)^6(9)^2/min.158	2	1	1	method=0	log2H=0.00	image=0	bad=0
Z	carat/tables/qcatalog/dim5/dir.4-2;1/ordnung.144/(1)^7(3)^8(9)^2/group.912	1	4	4	method=1	log2H=2.00	image=0	bad=0
Z	carat/tables/qcatalog/dim5/dir.4-2;1/ordnung.18/(1)^1(3)^6(9)^2/min.158	3	4	4	method=1	log2H=3.17	image=0	bad=0
Z	carat/tables/qcatalog/dim5/dir.4-2;1/ordnung.24/(1)^1(2)^4(6)^4/group.933	1	4	4	method=1	log2H=2.58	image=0	bad=0
Z	carat/tables/qcatalog/dim5/dir.4-2;1/ordnung.18/(1)^1(3)^6(9)^2/min.158	4	2	2	method=1	log2H=1.58	image=0	bad=0
Z	carat/tables/qcatalog/dim5/dir.4-2;1/ordnung.144/(1)^7(3)^8(9)^2/group.915	3	4	4	method=1	log2H=2.00	image=0	bad=0
Z	carat/tables/qcatalog/dim5/dir.4-2;1/ordnung.18/(1)^1(3)^6(9)^2/min.158	5	2	2	method=1	log2H=1.58	image=0	bad=0
Z	carat/tables/qcatalog/dim5/dir.4-2;1/ordnung.24/(1)^1(2)^4(6)^4/group.931	1	2	2	method=1	log2H=1.00	image=0	bad=0
Z	carat/tables/qcatalog/dim5/dir.4-2;1/ordnung.144/(1)^7(3)^8(9)^2/group.914	3	4	4	method=1	log2H=2.00	image=0	bad=0
Z	carat/tables/qcatalog/dim5/dir.4-1;1/ordnung.64/(1)^1(2)^6(4)^10/group.874	3	6	6	method=1	log2H=3.00	image=0	bad=0
Z	carat/tables/qcatalog/dim5/dir.4-2;1/ordnung.144/(1)^7(3)^8(9)^2/group.912	2	4	4	method=1	log2H=2.00	image=0	bad=0
Z	carat/tables/qcatalog/dim5/dir.4-2;1/ordnung.24/(1)^1(2)^4(6)^4/min.159	1	8	8	method=1	log2H=3.58	image=0	bad=0
Z	carat/tables/qcatalog/dim5/dir.4-2;1/ordnung.144/(1)^7(3)^8(9)^2/group.915	4	4	4	method=1	log2H=2.00	image=0	bad=0
father: level 1 number of orbits 1 lengths 2
Z	carat/tables/qcatalog/dim5/dir.4-1;1/ordnung.64/(1)^1(2)^6(4)^10/group.874	4	24	24	method=1	log2H=5.00	image=0	bad=0
Z	carat/tables/qcatalog/dim5/dir.4-2;1/ordnung.144/(1)^7(3)^8(9)^2/group.906	1	3	3	method=1	log2H=2.00	image=0	bad=0
father: level 1 number of orbits 1 lengths 2
Z	carat/tables/qcatalog/dim5/dir.4-2;1/ordnung.144/(1)^7(3)^8(9)^2/group.912	3	4	4	method=1	log2H=2.00	image=0	bad=0
Z	carat/tables/qcatalog/dim5/dir.4-2;1/ordnung.18/(1)^1(3)^6(9)^2/min.157	1	8	8	method=1	log2H=4.17	image=0	bad=0
Z	carat/tables/qcatalog/dim5/dir.4-2;1/ordnung.24/(1)^1(2)^4(6)^4/group.934	1	2	2	method=1	log2H=1.00	image=0	bad=0
Z	carat/tables/qcatalog/dim5/dir.4-2;1/ordnung.144/(1)^7(3)^8(9)^2/group.914	4	4	4	method=1	log2H=2.00	image=0	bad=0
Z	carat/tables/qcatalog/dim5/dir.4-2;1/ordnung.144/(1)^7(3)^8(9)^2/group.906	2	3	3	method=1	log2H=2.00	image=0	bad=0
Z	carat/tables/qcatalog/dim5/dir.4-2;1/ordnung.18/(1)^1(3)^6(9)^2/min.157	2	4	6	method=1	log2H=2.58	image=0	bad=0
Z	carat/tables/qcatalog/dim5/dir.4-2;1/ordnung.24/(1)^1(2)^4(6)^4/group.928	1	2	2	method=1	log2H=1.00	image=0	bad=0
Z	carat/tables/qcatalog/dim5/dir.4-1;1/ordnung.64/(1)^1(2)^6(4)^10/group.874	5	24	24	method=1	log2H=5.00	image=0	bad=0
Z	carat/tables/qcatalog/dim5/dir.4-2;1/ordnung.24/(1)^1(2)^4(6)^4/group.928	2	2	2	method=1	log2H=1.00	image=0	bad=0
Z	carat/tables/qcatalog/dim5/dir.4-2;1/ordnung.24/(1)^1(2)^4(6)^4/group.929	1	3	3	method=1	log2H=2.00	image=0	bad=0
Z	carat/tables/qcatalog/dim5/dir.4-2;1/ordnung.18/(1)^1(3)^6(9)^2/min.157	3	8	8	method=1	log2H=4.17	image=0	bad=0
Z	carat/tables/qcatalog/dim5/dir.4-2;1/ordnung.24/(1)^1(2)^4(6)^4/group.929	2	3	3	method=1	log2H=2.00	image=0	bad=0
Z	carat/tables/qcatalog/dim5/dir.4-2;1/ordnung.24/(1)^1(2)^4(6)^4/group.932	1	6	6	method=1	log2H=3.00	image=0	bad=0
Z	carat/tables/qcatalog/dim5/dir.4-2;1/ordnung.24/(1)^1(2)^2(6)^2/group.926	1	2	2	method=1	log2H=1.00	image=0	bad=0
Z	carat/tables/qcatalog/dim5/dir.4-1;1/ordnung.64/(1)^1(2)^6(4)^10/group.874	6	20	20	method=1	log2H=5.00	image=0	bad=0
Z	carat/tables/qcatalog/dim5/dir.4-2;1/ordnung.18/(1)^1(3)^6(9)^2/min.157	4	4	4	method=1	log2H=2.58	image=0	bad=0
Z	carat/tables/qcatalog/dim5/dir.4-2;1/ordnung.18/(1)^1(3)^6(9)^2/min.157	5	4	4	method=1	log2H=2.58	image=0	bad=0
Z	carat/tables/qcatalog/dim5/dir.4-2;1/ordnung.24/(1)^1(2)^4(6)^4/min.161	1	3	3	method=1	log2H=2.00	image=0	bad=0
Z	carat/tables/qcatalog/dim5/dir.4-1;1/ordnung.64/(1)^1(2)^6(4)^10/group.874	7	20	20	method=1	log2H=5.00	image=0	bad=0
Z	carat/tables/qcatalog/dim5/dir.4-1;1/ordnung.64/(1)^1(2)^6(4)^10/group.874	8	112	112	method=1	log2H=8.00	image=0	bad=0
Z	carat/tables/qcatalog/dim5/dir.4-2;1/ordnung.24/(1)^1(2)^4(6)^4/group.930	1	4	4	method=1	log2H=2.00	image=0	bad=0
Z	carat/tables/qcatalog/dim5/dir.4-2;1/ordnung.24/(1)^1(2)^4(6)^4/min.160	1	2	2	method=1	log2H=1.00	image=0	bad=0
Z	carat/tables/qcatalog/dim5/dir.4-2;1/ordnung.24/(1)^1(2)^4(6)^4/min.160	2	2	2	method=1	log2H=1.00	image=0	bad=0
Z	carat/tables/qcatalog/dim5/dir.4-2;1/ordnung.24/(1)^1(2)^4(6)^4/group.930	2	4	4	method=1	log2H=2.00	image=0	bad=0
Z	carat/tables/qcatalog/dim5/dir.4-1;1/ordnung.64/(1)^1(2)^6(4)^10/group.874	9	10	10	method=1	log2H=4.00	image=0	bad=0
father: level 1 number of orbits 1 lengths 1
father: level 1 number of orbits 1 lengths 1
Z	carat/tables/qcatalog/dim5/dir.4-2;1/ordnung.288/(1)^9(3)^8/group.938	1	6	6	method=1	log2H=3.00	image=0	bad=0
Z	carat/tables/qcatalog/dim5/dir.4-2;1/ordnung.288/(1)^9(3)^8/group.940	1	4	4	method=1	log2H=2.00	image=0	bad=0
Z	carat/tables/qcatalog/dim5/dir.4-2;1/ordnung.288/(1)^7(3)^8(9)^2/group.936	1	4	4	method=1	log2H=2.00	image=0	bad=0
Z	carat/tables/qcatalog/dim5/dir.4-2;1/ordnung.36/(1)^3(3)^4(9)^2/group.946	1	6	6	method=1	log2H=3.58	image=0	bad=0
Z	carat/tables/qcatalog/dim5/dir.4-1;1/ordnung.64/(1)^1(2)^6(4)^10/group.874	10	32	32	method=1	log2H=6.00	image=0	bad=0
Z	carat/tables/qcatalog/dim5/dir.4-2;1/ordnung.36/(1)^3(3)^4(9)^2/group.946	2	8	8	method=1	log2H=3.58	image=0	bad=0
Z	carat/tables/qcatalog/dim5/dir.4-2;1/ordnung.288/(1)^9(3)^8/group.940	2	4	4	method=1	log2H=2.00	image=0	bad=0
Z	carat/tables/qcatalog/dim5/dir.4-2;1/ordnung.288/(1)^9(3)^8/group.944	1	6	6	method=1	log2H=3.00	image=0	bad=0
Z	carat/tables/qcatalog/dim5/dir.4-1;1/ordnung.64/(1)^1(2)^6(4)^10/group.874	11	12	12	method=1	log2H=4.00	image=0	bad=0
Z	carat/tables/qcatalog/dim5/dir.4-2;1/ordnung.288/(1)^7(3)^8(9)^2/group.936	2	4	4	method=1	log2H=2.00	image=0	bad=0
Z	carat/tables/qcatalog/dim5/dir.4-2;1/ordnung.288/(1)^9(3)^8/group.942	1	4	4	method=1	log2H=2.00	image=0	bad=0
Z	carat/tables/qcatalog/dim5/dir.4-1;1/ordnung.96/(1)^5(2)^4(6)^6(12)^2/group.894	1	4	4	method=1	log2H=2.00	image=0	bad=0
Z	carat/tables/qcatalog/dim5/dir.4-2;1/ordnung.36/(1)^3(3)^4(9)^2/group.948	1	2	2	method=1	log2H=1.58	image=0	bad=0
Z	carat/tables/qcatalog/dim5/dir.4-2;1/ordnung.144/(1)^7(3)^8(9)^2/group.916	1	4	4	method=1	log2H=2.00	image=0	bad=0
Z	carat/tables/qcatalog/dim5/dir.4-2;1/ordnung.288/(1)^9(3)^8/group.939	1	4	4	method=1	log2H=2.00	image=0	bad=0
Z	carat/tables/qcatalog/dim5/dir.4-1;1/ordnung.96/(1)^5(2)^4(6)^6(12)^2/group.894	2	2	2	method=1	log2H=1.00	image=0	bad=0
father: level 1 number of orbits 1 lengths 2
Z	carat/tables/qcatalog/dim5/dir.4-2;1/ordnung.288/(1)^9(3)^8/group.941	1	8	8	method=1	log2H=3.00	image=0	bad=0
Z	carat/tables/qcatalog/dim5/dir.4-2;1/ordnung.36/(1)^3(3)^4(9)^2/group.947	1	4	4	method=1	log2H=2.58	image=0	bad=0
Z	carat/tables/qcatalog/dim5/dir.4-2;1/ordnung.36/(1)^3(3)^4(9)^2/group.950	1	4	4	method=1	log2H=2.58	image=0	bad=0
father: level 1 number of orbits 1 lengths 2
Z	carat/tables/qcatalog/dim5/dir.4-2;1/ordnung.288/(1)^7(3)^8(9)^2/group.935	1	6	6	method=1	log2H=3.00	image=0	bad=0
Z	carat/tables/qcatalog/dim5/dir.4-2;1/ordnung.144/(1)^7(3)^8(9)^2/group.916	2	4	4	method=1	log2H=2.00	image=0	bad=0
Z	carat/tables/qcatalog/dim5/dir.4-1;1/ordnung.96/(1)^5(2)^4(6)^6(12)^2/group.894	3	2	2	method=1	log2H=1.00	image=0	bad=0
Z	carat/tables/qcatalog/dim5/dir.4-2;1/ordnung.36/(1)^3(3)^4(9)^2/group.947	2	4	4	method=1	log2H=2.58	image=0	bad=0
Z	carat/tables/qcatalog/dim5/dir.4-2;1/ordnung.288/(1)^9(3)^8/group.943	1	4	4	method=1	log2H=2.00	image=0	bad=0
father: level 1 number of orbits 1 lengths 2
father: level 1 number of orbits 1 lengths 2
Z	carat/tables/qcatalog/dim5/dir.4-2;1/ordnung.36/(1)^3(3)^4(9)^2/group.949	1	6	6	method=1	log2H=3.58	image=0	bad=0
Z	carat/tables/qcatalog/dim5/dir.4-2;1/ordnung.36/(1)^3(3)^4(9)^2/group.950	2	4	4	method=1	log2H=2.58	image=0	bad=0
Z	carat/tables/qcatalog/dim5/dir.4-2;1/ordnung.36/(1)^1(3)^6(9)^2/group.945	1	2	2	method=1	log2H=1.00	image=0	bad=0
Z	carat/tables/qcatalog/dim5/dir.4-1;1/ordnung.96/(1)^5(2)^4(6)^6(12)^2/group.894	4	8	8	method=1	log2H=3.00	image=0	bad=0
Z	carat/tables/qcatalog/dim5/dir.4-2;1/ordnung.144/(1)^7(3)^8(9)^2/group.916	3	4	4	method=1	log2H=2.00	image=0	bad=0
Z	carat/tables/qcatalog/dim5/dir.4-2;1/ordnung.288/(1)^9(3)^8/group.937	1	6	6	method=1	log2H=3.00	image=0	bad=0
Z	carat/tables/qcatalog/dim5/dir.4-2;1/ordnung.36/(1)^4(3)^8(9)^5/min.162	1	3	3	method=1	log2H=2.00	image=0	bad=0
Z	carat/tables/qcatalog/dim5/dir.4-2;1/ordnung.36/(1)^1(3)^6(9)^2/group.945	2	2	2	method=1	log2H=1.00	image=0	bad=0
Z	carat/tables/qcatalog/dim5/dir.4-2;1/ordnung.36/(1)^4(3)^8(9)^5/min.162	2	6	6	method=1	log2H=3.58	image=0	bad=0
Z	carat/tables/qcatalog/dim5/dir.4-2;1/ordnung.48/(1)^1(2)^4(6)^4/group.956	1	4	4	method=1	log2H=2.00	image=0	bad=0
Z	carat/tables/qcatalog/dim5/dir.4-2;1/ordnung.36/(1)^1(3)^6(9)^2/group.945	3	2	2	method=1	log2H=1.00	image=0	bad=0
Z	carat/tables/qcatalog/dim5/dir.4-2;1/ordnung.36/(1)^4(3)^8(9)^5/min.162	3	3	3	method=1	log2H=2.00	image=0	bad=0
Z	carat/tables/qcatalog/dim5/dir.4-2;1/ordnung.36/(1)^3(3)^4(9)^2/group.950	3	2	2	method=1	log2H=1.00	image=0	bad=0
Z	carat/tables/qcatalog/dim5/dir.4-1;1/ordnung.96/(1)^5(2)^4(6)^6(12)^2/group.894	5	2	2	method=1	log2H=1.00	image=0	bad=0
Z	carat/tables/qcatalog/dim5/dir.4-2;1/ordnung.144/(1)^7(3)^8(9)^2/group.916	4	4	4	method=1	log2H=2.00	image=0	bad=0
father: level 1 number of orbits 1 lengths 2
Z	carat/tables/qcatalog/dim5/dir.4-2;1/ordnung.36/(1)^4(3)^8(9)^5/min.162	4	3	3	method=1	log2H=2.00	image=0	bad=0
father: level 1 number of orbits 1 lengths 2
Z	carat/tables/qcatalog/dim5/dir.4-2;1/ordnung.288/(1)^7(3)^8(9)^2/group.935	2	8	8	method=1	log2H=3.00	image=0	bad=0
Z	carat/tables/qcatalog/dim5/dir.4-2;1/ordnung.36/(1)^1(3)^6(9)^2/group.945	4	2	2	method=1	log2H=1.00	image=0	bad=0
Z	carat/tables/qcatalog/dim5/dir.4-2;1/ordnung.36/(1)^4(3)^8(9)^5/min.162	5	6	6	method=1	log2H=3.58	image=0	bad=0
Z	carat/tables/qcatalog/dim5/dir.4-2;1/ordnung.36/(1)^4(3)^8(9)^5/min.162	6	3	3	method=1	log2H=2.00	image=0	bad=0
Z	carat/tables/qcatalog/dim5/dir.4-2;1/ordnung.48/(1)^1(2)^4(6)^4/group.954	1	4	4	method=1	log2H=2.00	image=0	bad=0
Z	carat/tables/qcatalog/dim5/dir.4-2;1/ordnung.36/(1)^1(3)^6(9)^2/group.945	5	2	2	method=1	log2H=1.00	image=0	bad=0
Z	carat/tables/qcatalog/dim5/dir.4-2;1/ordnung.36/(1)^4(3)^8(9)^5/group.952	1	2	2	method=1	log2H=1.00	image=0	bad=0
Z	carat/tables/qcatalog/dim5/dir.4-2;1/ordnung.48/(1)^1(2)^8(6)^8/group.960	1	8	8	method=1	log2H=3.58	image=0	bad=0
Z	carat/tables/qcatalog/dim5/dir.4-2;1/ordnung.48/(1)^1(2)^8(6)^8/group.962	1	4	4	method=1	log2H=2.00	image=0	bad=0
Z	carat/tables/qcatalog/dim5/dir.4-2;1/ordnung.48/(1)^1(2)^4(6)^4/group.954	2	4	4	method=1	log2H=2.00	image=0	bad=0
Z	carat/tables/qcatalog/dim5/dir.4-2;1/ordnung.36/(1)^4(3)^8(9)^5/group.952	2	2	2	method=1	log2H=1.00	image=0	bad=0
Z	carat/tables/qcatalog/dim5/dir.4-2;1/ordnung.36/(1)^4(3)^8(9)^5/group.952	3	4	4	method=1	log2H=2.58	image=0	bad=0
Z	carat/tables/qcatalog/dim5/dir.4-2;1/ordnung.288/(1)^9(3)^8/group.937	2	6	6	method=1	log2H=3.00	image=0	bad=0
Z	carat/tables/qcatalog/dim5/dir.4-2;1/ordnung.48/(1)^1(2)^8(6)^8/group.957	1	8	8	method=1	log2H=3.00	image=0	bad=0
Z	carat/tables/qcatalog/dim5/dir.4-2;1/ordnung.288/(1)^7(3)^8(9)^2/group.935	3	6	6	method=1	log2H=3.00	image=0	bad=0
Z	carat/tables/qcatalog/dim5/dir.4-2;1/ordnung.36/(1)^4(3)^8(9)^5/group.952	4	2	2	method=1	log2H=1.00	image=0	bad=0
Z	carat/tables/qcatalog/dim5/dir.4-2;1/ordnung.48/(1)^1(2)^8(6)^8/group.958	1	4	4	method=1	log2H=2.00	image=0	bad=0
Z	carat/tables/qcatalog/dim5/dir.4-2;1/ordnung.36/(1)^4(3)^8(9)^5/group.952	5	4	4	method=1	log2H=2.58	image=0	bad=0
Z	carat/tables/qcatalog/dim5/dir.4-2;1/ordnung.36/(1)^4(3)^8(9)^5/group.952	6	2	2	method=1	log2H=1.00	image=0	bad=0
Z	carat/tables/qcatalog/dim5/dir.4-2;1/ordnung.48/(1)^1(2)^8(6)^8/group.958	2	4	4	method=1	log2H=2.00	image=0	bad=0
Z	carat/tables/qcatalog/dim5/dir.4-2;1/ordnung.36/(1)^4(3)^8(9)^5/group.952	7	2	2	method=1	log2H=1.00	image=0	bad=0
Z	carat/tables/qcatalog/dim5/dir.4-2;1/ordnung.48/(1)^1(2)^4(6)^4/group.955	1	4	4	method=1	log2H=2.00	image=0	bad=0
Z	carat/tables/qcatalog/dim5/dir.4-2;1/ordnung.72/(1)^5(3)^4/group.967	1	8	8	method=1	log2H=3.58	image=0	bad=0
Z	carat/tables/qcatalog/dim5/dir.4-2;1/ordnung.48/(1)^1(2)^8(6)^8/group.961	1	6	6	method=1	log2H=3.00	image=0	bad=0
Z	carat/tables/qcatalog/dim5/dir.4-2;1/ordnung.72/(1)^5(3)^4/group.969	1	2	2	method=1	log2H=1.00	image=0	bad=0
Z	carat/tables/qcatalog/dim5/dir.4-2;1/ordnung.576/(1)^9(3)^8/max.12	1	8	8	method=1	log2H=3.00	image=0	bad=0
Z	carat/tables/qcatalog/dim5/dir.4-2;1/ordnung.72/(1)^5(3)^8(9)^4/group.971	1	5	5	method=1	log2H=3.00	image=0	bad=0
Z	carat/tables/qcatalog/dim5/dir.4-2;1/ordnung.72/(1)^3(3)^4(9)^2/group.963	1	3	3	method=1	log2H=2.00	image=0	bad=0
Z	carat/tables/qcatalog/dim5/dir.4-2;1/ordnung.72/(1)^3(3)^4(9)^2/group.963	2	4	4	method=1	log2H=2.00	image=0	bad=0
father: level 1 number of orbits 1 lengths 2
Z	carat/tables/qcatalog/dim5/dir.4-2;1/ordnung.72/(1)^5(3)^4/group.968	1	4	4	method=1	log2H=2.58	image=0	bad=0
father: level 1 number of orbits 1 lengths 2
Z	carat/tables/qcatalog/dim5/dir.4-2;1/ordnung.72/(1)^5(3)^4/group.970	1	3	3	method=1	log2H=2.00	image=0	bad=0
Z	carat/tables/qcatalog/dim5/dir.4-2;1/ordnung.36/(1)^4(3)^8(9)^5/min.163	1	1	1	method=0	log2H=0.00	image=0	bad=0
Z	carat/tables/qcatalog/dim5/dir.4-2;1/ordnung.36/(1)^4(3)^8(9)^5/min.163	2	2	2	method=1	log2H=1.58	image=0	bad=0
Z	carat/tables/qcatalog/dim5/dir.4-2;1/ordnung.36/(1)^4(3)^8(9)^5/min.163	3	2	3	method=1	log2H=1.58	image=0	bad=0
Z	carat/tables/qcatalog/dim5/dir.4-2;1/ordnung.36/(1)^4(3)^8(9)^5/min.163	4	1	1	method=0	log2H=0.00	image=0	bad=0
Z	carat/tables/qcatalog/dim5/dir.4-2;1/ordnung.36/(1)^4(3)^8(9)^5/min.163	5	1	1	method=0	log2H=0.00	image=0	bad=0
Z	carat/tables/qcatalog/dim5/dir.4-2;1/ordnung.72/(1)^3(3)^4(9)^2/group.964	1	2	2	method=1	log2H=1.00	image=0	bad=0
Z	carat/tables/qcatalog/dim5/dir.4-2;1/ordnung.36/(1)^4(3)^8(9)^5/min.163	6	2	2	method=1	log2H=1.58	image=0	bad=0
Z	carat/tables/qcatalog/dim5/dir.4-2;1/ordnung.72/(1)^5(3)^8(9)^4/group.973	1	2	2	method=1	log2H=1.00	image=0	bad=0
Z	carat/tables/qcatalog/dim5/dir.4-2;1/ordnung.48/(1)^1(2)^8(6)^8/group.959	1	4	4	method=1	log2H=2.00	image=0	bad=0
Z	carat/tables/qcatalog/dim5/dir.4-2;1/ordnung.72/(1)^5(3)^8(9)^4/group.973	2	2	2	method=1	log2H=1.00	image=0	bad=0
Z	carat/tables/qcatalog/dim5/dir.4-2;1/ordnung.72/(1)^5(3)^8(9)^4/group.979	1	4	4	method=1	log2H=2.58	image=0	bad=0
Z	carat/tables/qcatalog/dim5/dir.4-2;1/ordnung.72/(1)^5(3)^8(9)^4/group.973	3	2	2	method=1	log2H=1.00	image=0	bad=0
Z	carat/tables/qcatalog/dim5/dir.4-2;1/ordnung.48/(1)^1(2)^8(6)^8/group.959	2	4	4	method=1	log2H=2.00	image=0	bad=0
Z	carat/tables/qcatalog/dim5/dir.4-2;1/ordnung.72/(1)^5(3)^8(9)^4/group.977	1	4	4	method=1	log2H=2.58	image=0	bad=0
Z	carat/tables/qcatalog/dim5/dir.4-2;1/ordnung.72/(1)^5(3)^8(9)^4/group.981	1	4	4	method=1	log2H=2.00	image=0	bad=0
Z	carat/tables/qcatalog/dim5/dir.4-2;1/ordnung.72/(1)^5(3)^8(9)^4/group.975	1	4	4	method=1	log2H=2.00	image=0	bad=0
Z	carat/tables/qcatalog/dim5/dir.4-2;1/ordnung.72/(1)^5(3)^8(9)^4/group.975	2	4	4	method=1	log2H=2.00	image=0	bad=0
Z	carat/tables/qcatalog/dim5/dir.4-2;1/ordnung.72/(1)^5(3)^8(9)^4/group.980	1	6	6	method=1	log2H=3.58	image=0	bad=0
Z	carat/tables/qcatalog/dim5/dir.4-2;1/ordnung.72/(1)^5(3)^8(9)^4/group.982	1	2	2	method=1	log2H=1.00	image=0	bad=0
father: level 1 number of orbits 1 lengths 2
father: level 1 number of orbits 1 lengths 2
father: level 1 number of orbits 1 lengths 2
father: level 1 number of orbits 1 lengths 2
Z	carat/tables/qcatalog/dim5/dir.4-2;1/ordnung.72/(1)^5(3)^8(9)^4/group.974	1	5	5	method=1	log2H=3.00	image=0	bad=0
Z	carat/tables/qcatalog/dim5/dir.4-2;1/ordnung.36/(1)^4(3)^8(9)^5/group.951	1	3	3	method=1	log2H=2.00	image=0	bad=0
Z	carat/tables/qcatalog/dim5/dir.4-2;1/ordnung.72/(1)^5(3)^8(9)^4/group.972	1	5	5	method=1	log2H=3.00	image=0	bad=0
Z	carat/tables/qcatalog/dim5/dir.4-2;1/ordnung.72/(1)^4(3)^8(9)^5/group.965	1	3	3	method=1	log2H=2.00	image=0	bad=0
Z	carat/tables/qcatalog/dim5/dir.4-2;1/ordnung.72/(1)^5(3)^8(9)^4/group.976	1	2	2	method=1	log2H=1.00	image=0	bad=0
Z	carat/tables/qcatalog/dim5/dir.4-2;1/ordnung.36/(1)^4(3)^8(9)^5/group.951	2	4	4	method=1	log2H=2.00	image=0	bad=0
Z	carat/tables/qcatalog/dim5/dir.4-2;1/ordnung.72/(1)^5(3)^8(9)^4/group.972	2	5	5	method=1	log2H=3.00	image=0	bad=0
Z	carat/tables/qcatalog/dim5/dir.4-2;1/ordnung.72/(1)^5(3)^8(9)^4/group.974	2	6	6	method=1	log2H=3.00	image=0	bad=0
Z	carat/tables/qcatalog/dim5/dir.4-2;1/ordnung.36/(1)^4(3)^8(9)^5/group.951	3	6	6	method=1	log2H=3.58	image=0	bad=0
father: level 1 number of orbits 1 lengths 2
father: level 1 number of orbits 1 lengths 2
Z	carat/tables/qcatalog/dim5/dir.4-2;1/ordnung.72/(1)^5(3)^8(9)^4/group.972	3	6	6	method=1	log2H=3.00	image=0	bad=0
Z	carat/tables/qcatalog/dim5/dir.4-2;1/ordnung.36/(1)^4(3)^8(9)^5/group.951	4	6	9	method=1	log2H=3.58	image=0	bad=0
Z	carat/tables/qcatalog/dim5/dir.4-2;1/ordnung.36/(1)^4(3)^8(9)^5/group.951	5	6	6	method=1	log2H=3.58	image=0	bad=0
Z	carat/tables/qcatalog/dim5/dir.4-2;1/ordnung.72/(1)^4(3)^8(9)^5/group.965	2	4	4	method=1	log2H=2.00	image=0	bad=0
Z	carat/tables/qcatalog/dim5/dir.4-2;1/ordnung.72/(1)^5(3)^8(9)^4/group.978	1	6	6	method=1	log2H=3.58	image=0	bad=0
father: level 1 number of orbits 1 lengths 2
Z	carat/tables/qcatalog/dim5/dir.4-2;1/ordnung.72/(1)^6(3)^8(9)^3/group.987	1	6	6	method=1	log2H=3.58	image=0	bad=0
Z	carat/tables/qcatalog/dim5/dir.4-2;1/ordnung.36/(1)^4(3)^8(9)^5/group.951	6	3	3	method=1	log2H=2.00	image=0	bad=0
father: level 1 number of orbits 1 lengths 2
Z	carat/tables/qcatalog/dim5/dir.4-2;1/ordnung.36/(1)^4(3)^8(9)^5/group.951	7	3	3	method=1	log2H=2.00	image=0	bad=0
Z	carat/tables/qcatalog/dim5/dir.4-3';1/ordnung.10/(1)^2(5)^3/group.995	1	1	1	method=0	log2H=0.00	image=0	bad=0
Z	carat/tables/qcatalog/dim5/dir.4-2;1/ordnung.72/(1)^4(3)^8(9)^5/group.965	3	3	3	method=1	log2H=2.00	image=0	bad=0
Z	carat/tables/qcatalog/dim5/dir.4-2;1/ordnung.72/(1)^6(3)^8(9)^3/group.987	2	3	3	method=1	log2H=2.00	image=0	bad=0
Z	carat/tables/qcatalog/dim5/dir.4-2;1/ordnung.36/(1)^4(3)^8(9)^5/group.953	1	4	4	method=1	log2H=2.58	image=0	bad=0
Z	carat/tables/qcatalog/dim5/dir.4-2;1/ordnung.72/(1)^5(3)^8(9)^4/group.978	2	8	8	method=1	log2H=3.58	image=0	bad=0
Z	carat/tables/qcatalog/dim5/dir.4-2;1/ordnung.72/(1)^6(3)^8(9)^3/group.987	3	6	6	method=1	log2H=3.58	image=0	bad=0
Z	carat/tables/qcatalog/dim5/dir.4-2;1/ordnung.96/(1)^1(2)^8(6)^8/group.993	1	8	8	method=1	log2H=3.00	image=0	bad=0
Z	carat/tables/qcatalog/dim5/dir.4-2;1/ordnung.72/(1)^4(3)^8(9)^5/group.965	4	3	3	method=1	log2H=2.00	image=0	bad=0
Z	carat/tables/qcatalog/dim5/dir.4-2;1/ordnung.36/(1)^4(3)^8(9)^5/group.953	2	2	2	method=1	log2H=1.00	image=0	bad=0
Z	carat/tables/qcatalog/dim5/dir.4-2;1/ordnung.72/(1)^6(3)^8(9)^3/group.987	4	3	3	method=1	log2H=2.00	image=0	bad=0
Z	carat/tables/qcatalog/dim5/dir.4-2;1/ordnung.36/(1)^4(3)^8(9)^5/group.953	3	4	4	method=1	log2H=2.58	image=0	bad=0
Z	carat/tables/qcatalog/dim5/dir.4-2;1/ordnung.72/(1)^7(3)^8(9)^2/group.989	1	2	2	method=1	log2H=1.00	image=0	bad=0
Z	carat/tables/qcatalog/dim5/dir.4-2;1/ordnung.72/(1)^4(3)^8(9)^5/group.965	5	3	3	method=1	log2H=2.00	image=0	bad=0
Z	carat/tables/qcatalog/dim5/dir.4-2;1/ordnung.36/(1)^4(3)^8(9)^5/group.953	4	4	4	method=1	log2H=2.58	image=0	bad=0
Z	carat/tables/qcatalog/dim5/dir.4-2;1/ordnung.72/(1)^7(3)^8(9)^2/group.989	2	2	2	method=1	log2H=1.00	image=0	bad=0
Z	carat/tables/qcatalog/dim5/dir.4-2;1/ordnung.36/(1)^4(3)^8(9)^5/group.953	5	4	4	method=1	log2H=2.58	image=0	bad=0
Z	carat/tables/qcatalog/dim5/dir.4-2;1/ordnung.72/(1)^6(3)^8(9)^3/group.987	5	3	3	method=1	log2H=2.00	image=0	bad=0
Z	carat/tables/qcatalog/dim5/dir.4-2;1/ordnung.72/(1)^7(3)^8(9)^2/group.989	3	2	2	method=1	log2H=1.00	image=0	bad=0
father: level 1 number of orbits 1 lengths 2
Z	carat/tables/qcatalog/dim5/dir.4-3';1/ordnung.10/(1)^2(5)^3/group.994	1	4	4	method=1	log2H=3.32	image=0	bad=0
Z	carat/tables/qcatalog/dim5/dir.4-2;1/ordnung.72/(1)^4(3)^8(9)^5/group.965	6	3	3	method=1	log2H=2.00	image=0	bad=0
father: level 1 number of orbits 1 lengths 2
Z	carat/tables/qcatalog/dim5/dir.4-2;1/ordnung.72/(1)^6(3)^8(9)^3/group.987	6	3	3	method=1	log2H=2.00	image=0	bad=0
Z	carat/tables/qcatalog/dim5/dir.4-2;1/ordnung.72/(1)^7(3)^8(9)^2/group.989	4	2	2	method=1	log2H=1.00	image=0	bad=0
Z	carat/tables/qcatalog/dim5/dir.4-2;1/ordnung.36/(1)^4(3)^8(9)^5/group.953	6	8	8	method=1	log2H=4.17	image=0	bad=0
Z	carat/tables/qcatalog/dim5/dir.4-2;1/ordnung.72/(1)^5(3)^8(9)^4/group.983	1	6	6	method=1	log2H=3.58	image=0	bad=0
Z	carat/tables/qcatalog/dim5/dir.4-3';1/ordnung.20/(1)^3(5)^6/group.1003	1	4	4	method=1	log2H=3.32	image=0	bad=0
Z	carat/tables/qcatalog/dim5/dir.4-2;1/ordnung.72/(1)^6(3)^8(9)^3/group.985	1	4	4	method=1	log2H=2.00	image=0	bad=0
Z	carat/tables/qcatalog/dim5/dir.4-2;1/ordnung.72/(1)^6(3)^8(9)^3/group.985	2	4	4	method=1	log2H=2.00	image=0	bad=0
Z	carat/tables/qcatalog/dim5/dir.4-2;1/ordnung.72/(1)^4(3)^8(9)^5/group.965	7	3	3	method=1	log2H=2.00	image=0	bad=0
Z	carat/tables/qcatalog/dim5/dir.4-2;1/ordnung.36/(1)^4(3)^8(9)^5/group.953	7	8	8	method=1	log2H=4.17	image=0	bad=0
Z	carat/tables/qcatalog/dim5/dir.4-2;1/ordnung.72/(1)^5(3)^8(9)^4/group.983	2	6	6	method=1	log2H=3.58	image=0	bad=0
Z	carat/tables/qcatalog/dim5/dir.4-2;1/ordnung.72/(1)^6(3)^8(9)^3/group.985	3	4	4	method=1	log2H=2.00	image=0	bad=0
father: level 1 number of orbits 1 lengths 4
Z	carat/tables/qcatalog/dim5/dir.4-3';1/ordnung.20/(1)^2(5)^3/group.999	1	2	2	method=1	log2H=1.00	image=0	bad=0
father: level 1 number of orbits 1 lengths 4
Z	carat/tables/qcatalog/dim5/dir.4-3';1/ordnung.5/(5)^5/min.164	1	2	2	method=1	log2H=2.32	image=0	bad=0
Z	carat/tables/qcatalog/dim5/dir.4-2;1/ordnung.72/(1)^6(3)^8(9)^3/group.985	4	4	4	method=1	log2H=2.00	image=0	bad=0
Z	carat/tables/qcatalog/dim5/dir.4-3';1/ordnung.5/(5)^5/min.164	2	1	1	method=0	log2H=0.00	image=0	bad=0
Z	carat/tables/qcatalog/dim5/dir.4-2;1/ordnung.72/(1)^5(3)^8(9)^4/group.983	3	3	3	method=1	log2H=2.00	image=0	bad=0
Z	carat/tables/qcatalog/dim5/dir.4-2;1/ordnung.36/(1)^4(3)^8(9)^5/group.953	8	4	4	method=1	log2H=2.58	image=0	bad=0
Z	carat/tables/qcatalog/dim5/dir.4-3';1/ordnung.10/(1)^2(5)^6(25)^1/group.996	1	2	2	method=1	log2H=2.32	image=0	bad=0
Z	carat/tables/qcatalog/dim5/dir.4-2;1/ordnung.72/(1)^6(3)^8(9)^3/group.985	5	4	4	method=1	log2H=2.00	image=0	bad=0
Z	carat/tables/qcatalog/dim5/dir.4-3';1/ordnung.10/(1)^2(5)^6(25)^1/group.996	2	1	1	method=0	log2H=0.00	image=0	bad=0
father: level 1 number of orbits 1 lengths 4
Z	carat/tables/qcatalog/dim5/dir.4-3';1/ordnung.10/(1)^2(5)^6(25)^1/group.997	1	2	2	method=1	log2H=1.00	image=0	bad=0
Z	carat/tables/qcatalog/dim5/dir.4-2;1/ordnung.72/(1)^5(3)^8(9)^4/group.983	4	3	3	method=1	log2H=2.00	image=0	bad=0
Z	carat/tables/qcatalog/dim5/dir.4-3';1/ordnung.10/(1)^2(5)^6(25)^1/group.996	3	2	2	method=1	log2H=2.32	image=0	bad=0
Z	carat/tables/qcatalog/dim5/dir.4-2;1/ordnung.72/(1)^6(3)^8(9)^3/group.985	6	4	4	method=1	log2H=2.00	image=0	bad=0
Z	carat/tables/qcatalog/dim5/dir.4-3';1/ordnung.10/(1)^2(5)^6(25)^1/group.997	2	2	2	method=1	log2H=1.00	image=0	bad=0
Z	carat/tables/qcatalog/dim5/dir.4-3';1/ordnung.10/(1)^2(5)^6(25)^1/group.997	3	2	2	method=1	log2H=1.00	image=0	bad=0
Z	carat/tables/qcatalog/dim5/dir.4-3';1/ordnung.20/(1)^3(5)^6/group.1001	1	4	4	method=1	log2H=2.00	image=0	bad=0
Z	carat/tables/qcatalog/dim5/dir.4-2;1/ordnung.72/(1)^5(3)^8(9)^4/group.983	5	4	4	method=1	log2H=2.00	image=0	bad=0
Z	carat/tables/qcatalog/dim5/dir.4-3';1/ordnung.40/(1)^3(5)^6/group.1004	1	4	4	method=1	log2H=2.00	image=0	bad=0
Z	carat/tables/qcatalog/dim5/dir.4-2;1/ordnung.72/(1)^7(3)^8(9)^2/group.991	1	4	4	method=1	log2H=2.58	image=0	bad=0
father: level 1 number of orbits 1 lengths 4
Z	carat/tables/qcatalog/dim5/dir.4-3';1/ordnung.10/(5)^5/group.998	1	1	1	method=0	log2H=0.00	image=0	bad=0
Z	carat/tables/qcatalog/dim5/dir.4-3';1/ordnung.10/(5)^5/group.998	2	1	1	method=0	log2H=0.00	image=0	bad=0
father: level 1 number of orbits 1 lengths 2
father: level 1 number of orbits 2 lengths 2
Z	carat/tables/qcatalog/dim5/dir.4-2;1/ordnung.72/(1)^7(3)^8(9)^2/group.991	2	4	4	method=1	log2H=2.58	image=0	bad=0
father: level 1 number of orbits 1 lengths 2
Z	carat/tables/qcatalog/dim5/dir.4-3;1/ordnung.120/(1)^10(5)^6(25)^1/group.1005	1	1	1	method=0	log2H=0.00	image=0	bad=0
father: level 1 number of orbits 1 lengths 2
father: level 1 number of orbits 1 lengths 4
Z	carat/tables/qcatalog/dim5/dir.4-3;1/ordnung.120/(1)^10(5)^6(25)^1/group.1005	2	1	1	method=0	log2H=0.00	image=0	bad=0
Z	carat/tables/qcatalog/dim5/dir.4-3';1/ordnung.20/(1)^2(5)^6(25)^1/group.1000	1	2	2	method=1	log2H=1.00	image=0	bad=0
Z	carat/tables/qcatalog/dim5/dir.4-2;1/ordnung.72/(1)^4(3)^8(9)^5/group.966	1	2	2	method=1	log2H=1.00	image=0	bad=0
Z	carat/tables/qcatalog/dim5/dir.4-3;1/ordnung.120/(1)^10(5)^6(25)^1/group.1005	3	1	1	method=0	log2H=0.00	image=0	bad=0
father: level 1 number of orbits 1 lengths 2
father: level 1 number of orbits 1 lengths 2
father: level 1 number of orbits 2 lengths 2
Z	carat/tables/qcatalog/dim5/dir.4-3';1/ordnung.20/(1)^2(5)^6(25)^1/group.1000	2	2	2	method=1	log2H=1.00	image=0	bad=0
father: level 1 number of orbits 1 lengths 2
Z	carat/tables/qcatalog/dim5/dir.4-2;1/ordnung.72/(1)^7(3)^8(9)^2/group.991	3	2	2	method=1	log2H=1.00	image=0	bad=0
Z	carat/tables/qcatalog/dim5/dir.4-3';1/ordnung.20/(1)^2(5)^6(25)^1/group.1000	3	2	2	method=1	log2H=1.00	image=0	bad=0
Z	carat/tables/qcatalog/dim5/dir.4-2;1/ordnung.72/(1)^4(3)^8(9)^5/group.966	2	2	2	method=1	log2H=1.00	image=0	bad=0
Z	carat/tables/qcatalog/dim5/dir.4-3;1/ordnung.120/(1)^10(5)^6(25)^1/group.1006	1	2	2	method=1	log2H=1.00	image=0	bad=0
Z	carat/tables/qcatalog/dim5/dir.4-3;1/ordnung.120/(1)^10(5)^6(25)^1/group.1005	4	1	1	method=0	log2H=0.00	image=0	bad=0
Z	carat/tables/qcatalog/dim5/dir.4-2;1/ordnung.72/(1)^6(3)^8(9)^3/group.988	1	2	2	method=1	log2H=1.00	image=0	bad=0
Z	carat/tables/qcatalog/dim5/dir.4-2;1/ordnung.72/(1)^4(3)^8(9)^5/group.966	3	2	2	method=1	log2H=1.00	image=0	bad=0
Z	carat/tables/qcatalog/dim5/dir.4-3;1/ordnung.120/(1)^11(5)^6/group.1008	1	2	2	method=1	log2H=1.00	image=0	bad=0
Z	carat/tables/qcatalog/dim5/dir.4-3;1/ordnung.120/(1)^10(5)^6(25)^1/group.1006	2	2	2	method=1	log2H=1.00	image=0	bad=0
Z	carat/tables/qcatalog/dim5/dir.4-2;1/ordnung.72/(1)^7(3)^8(9)^2/group.990	1	4	4	method=1	log2H=2.00	image=0	bad=0
Z	carat/tables/qcatalog/dim5/dir.4-2;1/ordnung.72/(1)^7(3)^8(9)^2/group.991	4	2	2	method=1	log2H=1.00	image=0	bad=0
Z	carat/tables/qcatalog/dim5/dir.4-3;1/ordnung.120/(1)^11(5)^6/group.1008	2	2	2	method=1	log2H=1.00	image=0	bad=0
father: level 1 number of orbits 1 lengths 2
Z	carat/tables/qcatalog/dim5/dir.4-3;1/ordnung.120/(1)^10(5)^6(25)^1/group.1006	3	2	2	method=1	log2H=1.00	image=0	bad=0
Z	carat/tables/qcatalog/dim5/dir.4-3';1/ordnung.20/(1)^3(5)^6/group.1002	1	2	2	method=1	log2H=1.00	image=0	bad=0
Z	carat/tables/qcatalog/dim5/dir.4-2;1/ordnung.72/(1)^6(3)^8(9)^3/group.988	2	2	2	method=1	log2H=1.00	image=0	bad=0
Z	carat/tables/qcatalog/dim5/dir.4-2;1/ordnung.72/(1)^7(3)^8(9)^2/group.990	2	8	8	method=1	log2H=3.58	image=0	bad=0
Z	carat/tables/qcatalog/dim5/dir.4-3';1/ordnung.20/(1)^3(5)^6/group.1002	2	2	2	method=1	log2H=1.00	image=0	bad=0
father: level 1 number of orbits 1 lengths 2
Z	carat/tables/qcatalog/dim5/dir.4-3;1/ordnung.120/(1)^10(5)^6(25)^1/group.1006	4	2	2	method=1	log2H=1.00	image=0	bad=0
Z	carat/tables/qcatalog/dim5/dir.4-2;1/ordnung.72/(1)^5(3)^8(9)^4/group.984	1	2	2	method=1	log2H=1.00	image=0	bad=0
Z	carat/tables/qcatalog/dim5/dir.4-2;1/ordnung.72/(1)^5(3)^8(9)^4/group.984	2	4	4	method=1	log2H=2.58	image=0	bad=0
Z	carat/tables/qcatalog/dim5/dir.4-2;1/ordnung.72/(1)^7(3)^8(9)^2/group.990	3	8	8	method=1	log2H=3.58	image=0	bad=0
Z	carat/tables/qcatalog/dim5/dir.4-2;1/ordnung.72/(1)^6(3)^8(9)^3/group.988	3	2	2	method=1	log2H=1.00	image=0	bad=0
Z	carat/tables/qcatalog/dim5/dir.4-2;1/ordnung.72/(1)^4(3)^8(9)^5/group.966	4	2	2	method=1	log2H=1.00	image=0	bad=0
Z	carat/tables/qcatalog/dim5/dir.4-2;1/ordnung.72/(1)^5(3)^8(9)^4/group.984	3	2	2	method=1	log2H=1.00	image=0	bad=0
Z	carat/tables/qcatalog/dim5/dir.4-2;1/ordnung.72/(1)^6(3)^8(9)^3/group.986	1	2	2	method=1	log2H=1.00	image=0	bad=0
Z	carat/tables/qcatalog/dim5/dir.4-2;1/ordnung.72/(1)^7(3)^8(9)^2/group.990	4	4	4	method=1	log2H=2.00	image=0	bad=0
Z	carat/tables/qcatalog/dim5/dir.4-2;1/ordnung.72/(1)^5(3)^8(9)^4/group.984	4	4	4	method=1	log2H=2.58	image=0	bad=0
Z	carat/tables/qcatalog/dim5/dir.4-2;1/ordnung.72/(1)^6(3)^8(9)^3/group.986	2	4	4	method=1	log2H=2.58	image=0	bad=0
Z	carat/tables/qcatalog/dim5/dir.4-2;1/ordnung.72/(1)^4(3)^8(9)^5/group.966	5	2	2	method=1	log2H=1.00	image=0	bad=0
Z	carat/tables/qcatalog/dim5/dir.4-3;1/ordnung.120/(1)^11(5)^6/group.1010	1	2	2	method=1	log2H=1.58	image=0	bad=0
Z	carat/tables/qcatalog/dim5/dir.4-2;1/ordnung.72/(1)^6(3)^8(9)^3/group.986	3	4	6	method=1	log2H=2.58	image=0	bad=0
Z	carat/tables/qcatalog/dim5/dir.4-2;1/ordnung.72/(1)^6(3)^8(9)^3/group.988	4	2	2	method=1	log2H=1.00	image=0	bad=0
Z	carat/tables/qcatalog/dim5/dir.4-2;1/ordnung.72/(1)^6(3)^8(9)^3/group.986	4	4	4	method=1	log2H=2.58	image=0	bad=0
Z	carat/tables/qcatalog/dim5/dir.4-2;1/ordnung.72/(1)^6(3)^8(9)^3/group.988	5	2	2	method=1	log2H=1.00	image=0	bad=0
Z	carat/tables/qcatalog/dim5/dir.4-2;1/ordnung.72/(1)^6(3)^8(9)^3/group.986	5	2	2	method=1	log2H=1.00	image=0	bad=0
Z	carat/tables/qcatalog/dim5/dir.4-2;1/ordnung.72/(1)^6(3)^8(9)^3/group.988	6	2	2	method=1	log2H=1.00	image=0	bad=0
father: level 1 number of orbits 1 lengths 2
father: level 1 number of orbits 2 lengths 2
Z	carat/tables/qcatalog/dim5/dir.4-2;1/ordnung.72/(1)^6(3)^8(9)^3/group.986	6	2	2	method=1	log2H=1.00	image=0	bad=0
Z	carat/tables/qcatalog/dim5/dir.4-3;1/ordnung.120/(1)^11(5)^6/group.1009	1	1	1	method=0	log2H=0.00	image=0	bad=0
Z	carat/tables/qcatalog/dim5/dir.4-3;1/ordnung.120/(1)^11(5)^6/group.1009	2	1	1	method=0	log2H=0.00	image=0	bad=0
Z	carat/tables/qcatalog/dim5/dir.4-3;1/ordnung.120/(1)^11(5)^6/group.1010	2	2	2	method=1	log2H=1.58	image=0	bad=0
father: level 1 number of orbits 1 lengths 2
father: level 1 number of orbits 2 lengths 2
Z	carat/tables/qcatalog/dim5/dir.4-3;1/ordnung.240/(1)^10(5)^6(25)^1/group.1012	1	2	2	method=1	log2H=1.00	image=0	bad=0
Z	carat/tables/qcatalog/dim5/dir.4-3;1/ordnung.120/(1)^10(5)^6(25)^1/group.1007	1	2	2	method=1	log2H=1.58	image=0	bad=0
Z	carat/tables/qcatalog/dim5/dir.4-2;1/ordnung.72/(1)^4(3)^8(9)^5/group.966	6	2	2	method=1	log2H=1.00	image=0	bad=0
Z	carat/tables/qcatalog/dim5/dir.4-3;1/ordnung.240/(1)^11(5)^6/group.1014	1	2	2	method=1	log2H=1.00	image=0	bad=0
Z	carat/tables/qcatalog/dim5/dir.4-3;1/ordnung.120/(1)^10(5)^6(25)^1/group.1007	2	2	2	method=1	log2H=1.58	image=0	bad=0
Z	carat/tables/qcatalog/dim5/dir.4-3;1/ordnung.240/(1)^11(5)^6/group.1016	1	2	2	method=1	log2H=1.00	image=0	bad=0
Z	carat/tables/qcatalog/dim5/dir.4-3;1/ordnung.240/(1)^10(5)^6(25)^1/group.1012	2	2	2	method=1	log2H=1.00	image=0	bad=0
Z	carat/tables/qcatalog/dim5/dir.4-3;1/ordnung.240/(1)^11(5)^6/group.1014	2	2	2	method=1	log2H=1.00	image=0	bad=0
Z	carat/tables/qcatalog/dim5/dir.4-3;1/ordnung.120/(1)^10(5)^6(25)^1/group.1007	3	2	3	method=1	log2H=1.58	image=0	bad=0
Z	carat/tables/qcatalog/dim5/dir.4-3;1/ordnung.240/(1)^10(5)^6(25)^1/group.1012	3	2	2	method=1	log2H=1.00	image=0	bad=0
Z	carat/tables/qcatalog/dim5/dir.4-3;1/ordnung.240/(1)^11(5)^6/group.1016	2	2	2	method=1	log2H=1.00	image=0	bad=0
Z	carat/tables/qcatalog/dim5/dir.4-3;1/ordnung.120/(1)^10(5)^6(25)^1/group.1007	4	2	3	method=1	log2H=1.58	image=0	bad=0
Z	carat/tables/qcatalog/dim5/dir.4-3;1/ordnung.240/(1)^11(5)^6/group.1018	1	4	4	method=1	log2H=2.58	image=0	bad=0
Z	carat/tables/qcatalog/dim5/dir.4-3;1/ordnung.240/(1)^10(5)^6(25)^1/group.1012	4	2	2	method=1	log2H=1.00	image=0	bad=0
Z	carat/tables/qcatalog/dim5/dir.4-3;1/ordnung.40/(1)^5(5)^12/group.1020	1	2	2	method=1	log2H=1.00	image=0	bad=0
Z	carat/tables/qcatalog/dim5/dir.4-3;1/ordnung.240/(1)^11(5)^6/group.1018	2	4	4	method=1	log2H=2.58	image=0	bad=0
Z	carat/tables/qcatalog/dim5/dir.4-3;1/ordnung.40/(1)^5(5)^12/group.1020	2	2	2	method=1	log2H=1.00	image=0	bad=0
Z	carat/tables/qcatalog/dim5/dir.4-3;1/ordnung.40/(1)^5(5)^12/group.1022	1	6	6	method=1	log2H=3.00	image=0	bad=0
Z	carat/tables/qcatalog/dim5/dir.4-3;1/ordnung.40/(1)^5(5)^12/group.1022	2	6	6	method=1	log2H=3.00	image=0	bad=0
father: level 1 number of orbits 1 lengths 2
father: level 1 number of orbits 2 lengths 2
father: level 1 number of orbits 1 lengths 2
father: level 1 number of orbits 2 lengths 2
Z	carat/tables/qcatalog/dim5/dir.4-3;1/ordnung.60/(1)^10(5)^6(25)^1/min.167	1	2	2	method=1	log2H=1.58	image=0	bad=0
Z	carat/tables/qcatalog/dim5/dir.4-3;1/ordnung.60/(1)^10(5)^6(25)^1/min.167	2	2	2	method=1	log2H=1.58	image=0	bad=0
Z	carat/tables/qcatalog/dim5/dir.4-3;1/ordnung.60/(1)^10(5)^6(25)^1/min.167	3	2	3	method=1	log2H=1.58	image=0	bad=0
Z	carat/tables/qcatalog/dim5/dir.4-3;1/ordnung.60/(1)^10(5)^6(25)^1/min.167	4	2	3	method=1	log2H=1.58	image=0	bad=0
Z	carat/tables/qcatalog/dim5/dir.4-3;1/ordnung.20/(1)^4(5)^12(25)^1/min.165	1	1	1	method=0	log2H=0.00	image=0	bad=0
Z	carat/tables/qcatalog/dim5/dir.4-3;1/ordnung.120/(1)^11(5)^6/group.1011	1	4	4	method=1	log2H=2.58	image=0	bad=0
Z	carat/tables/qcatalog/dim5/dir.4-3;1/ordnung.240/(1)^11(5)^6/group.1017	1	2	2	method=1	log2H=1.00	image=0	bad=0
Z	carat/tables/qcatalog/dim5/dir.4-3;1/ordnung.120/(1)^11(5)^6/group.1011	2	4	4	method=1	log2H=2.58	image=0	bad=0
Z	carat/tables/qcatalog/dim5/dir.4-3;1/ordnung.20/(1)^4(5)^12(25)^1/min.165	2	1	1	method=0	log2H=0.00	image=0	bad=0
Z	carat/tables/qcatalog/dim5/dir.4-3;1/ordnung.20/(1)^4(5)^12(25)^1/min.165	3	1	1	method=0	log2H=0.00	image=0	bad=0
Z	carat/tables/qcatalog/dim5/dir.4-3;1/ordnung.20/(1)^4(5)^12(25)^1/min.165	4	1	1	method=0	log2H=0.00	image=0	bad=0
Z	carat/tables/qcatalog/dim5/dir.5-1/ordnung.160/(1)^5(4)^20/group.1024	1	6	6	method=1	log2H=4.00	image=0	bad=0
Z	carat/tables/qcatalog/dim5/dir.4-3;1/ordnung.240/(1)^11(5)^6/group.1017	2	2	2	method=1	log2H=1.00	image=0	bad=0
Z	carat/tables/qcatalog/dim5/dir.4-3;1/ordnung.20/(1)^4(5)^12(25)^1/min.165	5	1	1	method=0	log2H=0.00	image=0	bad=0
Z	carat/tables/qcatalog/dim5/dir.4-3;1/ordnung.240/(1)^11(5)^6/group.1013	1	2	2	method=1	log2H=1.00	image=0	bad=0
Z	carat/tables/qcatalog/dim5/dir.4-2;1/ordnung.72/(1)^7(3)^8(9)^2/group.992	1	3	3	method=1	log2H=2.00	image=0	bad=0
Z	carat/tables/qcatalog/dim5/dir.4-3;1/ordnung.240/(1)^11(5)^6/group.1015	1	4	4	method=1	log2H=2.00	image=0	bad=0
Z	carat/tables/qcatalog/dim5/dir.4-3;1/ordnung.20/(1)^4(5)^12(25)^1/min.165	6	1	1	method=0	log2H=0.00	image=0	bad=0
Z	carat/tables/qcatalog/dim5/dir.4-3;1/ordnung.240/(1)^11(5)^6/group.1013	2	2	2	method=1	log2H=1.00	image=0	bad=0
Z	carat/tables/qcatalog/dim5/dir.4-2;1/ordnung.72/(1)^7(3)^8(9)^2/group.992	2	3	3	method=1	log2H=2.00	image=0	bad=0
Z	carat/tables/qcatalog/dim5/dir.4-3;1/ordnung.240/(1)^11(5)^6/group.1015	2	4	4	method=1	log2H=2.00	image=0	bad=0
Z	carat/tables/qcatalog/dim5/dir.4-2;1/ordnung.72/(1)^7(3)^8(9)^2/group.992	3	3	3	method=1	log2H=2.00	image=0	bad=0
Z	carat/tables/qcatalog/dim5/dir.4-2;1/ordnung.72/(1)^7(3)^8(9)^2/group.992	4	3	3	method=1	log2H=2.00	image=0	bad=0
Z	carat/tables/qcatalog/dim5/dir.5-1/ordnung.160/(1)^5(4)^20/group.1024	2	4	4	method=1	log2H=3.00	image=0	bad=0
Z	carat/tables/qcatalog/dim5/dir.5-1/ordnung.160/(1)^9(4)^16/group.1026	1	4	4	method=1	log2H=2.00	image=0	bad=0
Z	carat/tables/qcatalog/dim5/dir.5-1/ordnung.160/(1)^9(4)^16/group.1026	2	3	3	method=1	log2H=2.00	image=0	bad=0
Z	carat/tables/qcatalog/dim5/dir.5-1/ordnung.160/(1)^5(4)^20/group.1024	3	3	3	method=1	log2H=2.00	image=0	bad=0
Z	carat/tables/qcatalog/dim5/dir.4-3;1/ordnung.80/(1)^5(5)^12/group.1023	1	4	4	method=1	log2H=2.00	image=0	bad=0
Z	carat/tables/qcatalog/dim5/dir.5-1/ordnung.1920/(1)^17(4)^8/group.1028	1	2	2	method=1	log2H=1.00	image=0	bad=0
father: level 1 number of orbits 1 lengths 2
father: level 1 number of orbits 2 lengths 2
Z	carat/tables/qcatalog/dim5/dir.4-3;1/ordnung.80/(1)^5(5)^12/group.1023	2	4	4	method=1	log2H=2.00	image=0	bad=0
Z	carat/tables/qcatalog/dim5/dir.5-1/ordnung.320/(1)^17(4)^8/group.1030	1	3	3	method=1	log2H=2.00	image=0	bad=0
Z	carat/tables/qcatalog/dim5/dir.4-3;1/ordnung.40/(1)^4(5)^12(25)^1/group.1019	1	2	2	method=1	log2H=1.00	image=0	bad=0
Z	carat/tables/qcatalog/dim5/dir.5-1/ordnung.160/(1)^9(4)^16/group.1026	3	4	4	method=1	log2H=2.00	image=0	bad=0
Z	carat/tables/qcatalog/dim5/dir.4-3;1/ordnung.40/(1)^4(5)^12(25)^1/group.1019	2	2	2	method=1	log2H=1.00	image=0	bad=0
Z	carat/tables/qcatalog/dim5/dir.5-1/ordnung.1920/(1)^17(4)^8/group.1028	2	1	1	method=0	log2H=0.00	image=0	bad=0
Z	carat/tables/qcatalog/dim5/dir.4-3;1/ordnung.40/(1)^4(5)^12(25)^1/group.1019	3	2	2	method=1	log2H=1.00	image=0	bad=0
Z	carat/tables/qcatalog/dim5/dir.4-3;1/ordnung.40/(1)^4(5)^12(25)^1/group.1019	4	2	2	method=1	log2H=1.00	image=0	bad=0
Z	carat/tables/qcatalog/dim5/dir.5-1/ordnung.960/(1)^17(4)^8/group.1034	1	1	1	method=0	log2H=0.00	image=0	bad=0
Z	carat/tables/qcatalog/dim5/dir.5-1/ordnung.320/(1)^9(4)^16/group.1032	1	6	6	method=1	log2H=3.00	image=0	bad=0
Z	carat/tables/qcatalog/dim5/dir.4-3;1/ordnung.480/(1)^11(5)^6/max.13	1	4	4	method=1	log2H=2.00	image=0	bad=0
Z	carat/tables/qcatalog/dim5/dir.4-3;1/ordnung.40/(1)^5(5)^12/group.1021	1	2	2	method=1	log2H=1.00	image=0	bad=0
Z	carat/tables/qcatalog/dim5/dir.4-3;1/ordnung.40/(1)^5(5)^12/group.1021	2	2	2	method=1	log2H=1.00	image=0	bad=0
Z	carat/tables/qcatalog/dim5/dir.5-1/ordnung.320/(1)^17(4)^8/group.1030	2	2	2	method=1	log2H=1.00	image=0	bad=0
Z	carat/tables/qcatalog/dim5/dir.4-3;1/ordnung.40/(1)^4(5)^12(25)^1/group.1019	5	2	2	method=1	log2H=1.00	image=0	bad=0
Z	carat/tables/qcatalog/dim5/dir.4-3;1/ordnung.40/(1)^5(5)^12/group.1021	3	2	2	method=1	log2H=1.00	image=0	bad=0
Z	carat/tables/qcatalog/dim5/dir.4-3;1/ordnung.40/(1)^5(5)^12/group.1021	4	2	2	method=1	log2H=1.00	image=0	bad=0
Z	carat/tables/qcatalog/dim5/dir.4-3;1/ordnung.40/(1)^4(5)^12(25)^1/group.1019	6	2	2	method=1	log2H=1.00	image=0	bad=0
Z	carat/tables/qcatalog/dim5/dir.5-1/ordnung.960/(1)^17(4)^8/group.1034	2	1	1	method=0	log2H=0.00	image=0	bad=0
Z	carat/tables/qcatalog/dim5/dir.4-3;1/ordnung.480/(1)^11(5)^6/max.13	2	4	4	method=1	log2H=2.00	image=0	bad=0
Z	carat/tables/qcatalog/dim5/dir.5-1/ordnung.320/(1)^9(4)^16/group.1032	2	3	3	method=1	log2H=2.00	image=0	bad=0
Z	carat/tables/qcatalog/dim5/dir.5-1/ordnung.640/(1)^17(4)^8/group.1033	1	4	4	method=1	log2H=2.00	image=0	bad=0
Z	carat/tables/qcatalog/dim5/dir.5-1/ordnung.960/(1)^17(4)^8/group.1034	3	1	1	method=0	log2H=0.00	image=0	bad=0
Z	carat/tables/qcatalog/dim5/dir.5-2/ordnung.120/(1)^17(6)^8/group.1036	1	3	3	method=1	log2H=2.00	image=0	bad=0
Z	carat/tables/qcatalog/dim5/dir.5-1/ordnung.160/(1)^9(4)^16/group.1025	1	4	4	method=1	log2H=3.00	image=0	bad=0
Z	carat/tables/qcatalog/dim5/dir.5-1/ordnung.320/(1)^9(4)^16/group.1032	3	6	6	method=1	log2H=3.00	image=0	bad=0
Z	carat/tables/qcatalog/dim5/dir.5-2/ordnung.1440/(1)^17(6)^8/max.15	1	4	4	method=1	log2H=2.00	image=0	bad=0
father: level 1 number of orbits 1 lengths 2
father: level 1 number of orbits 2 lengths 2
Z	carat/tables/qcatalog/dim5/dir.5-2/ordnung.360/(1)^17(6)^8/group.1039	1	1	1	method=0	log2H=0.00	image=0	bad=0
Z	carat/tables/qcatalog/dim5/dir.5-2/ordnung.120/(1)^17(6)^8/group.1036	2	3	3	method=1	log2H=2.00	image=0	bad=0
Z	carat/tables/qcatalog/dim5/dir.4-3;1/ordnung.20/(1)^4(5)^12(25)^1/min.166	1	3	3	method=1	log2H=2.00	image=0	bad=0
Z	carat/tables/qcatalog/dim5/dir.5-1/ordnung.1920/(1)^17(4)^8/group.1028	3	2	2	method=1	log2H=1.00	image=0	bad=0
Z	carat/tables/qcatalog/dim5/dir.4-3;1/ordnung.20/(1)^4(5)^12(25)^1/min.166	2	3	3	method=1	log2H=2.00	image=0	bad=0
Z	carat/tables/qcatalog/dim5/dir.4-3;1/ordnung.20/(1)^4(5)^12(25)^1/min.166	3	3	3	method=1	log2H=2.00	image=0	bad=0
Z	carat/tables/qcatalog/dim5/dir.5-1/ordnung.320/(1)^17(4)^8/group.1030	3	3	3	method=1	log2H=2.00	image=0	bad=0
Z	carat/tables/qcatalog/dim5/dir.4-3;1/ordnung.20/(1)^4(5)^12(25)^1/min.166	4	3	3	method=1	log2H=2.00	image=0	bad=0
Z	carat/tables/qcatalog/dim5/dir.5-2/ordnung.120/(1)^17(6)^8/group.1036	3	3	3	method=1	log2H=2.00	image=0	bad=0
Z	carat/tables/qcatalog/dim5/dir.5-1/ordnung.160/(1)^9(4)^16/group.1025	2	3	3	method=1	log2H=2.00	image=0	bad=0
Z	carat/tables/qcatalog/dim5/dir.4-3;1/ordnung.20/(1)^4(5)^12(25)^1/min.166	5	3	3	method=1	log2H=2.00	image=0	bad=0
Z	carat/tables/qcatalog/dim5/dir.4-3;1/ordnung.20/(1)^4(5)^12(25)^1/min.166	6	3	3	method=1	log2H=2.00	image=0	bad=0
Z	carat/tables/qcatalog/dim5/dir.5-2/ordnung.360/(1)^17(6)^8/group.1039	2	1	1	method=0	log2H=0.00	image=0	bad=0
Z	carat/tables/qcatalog/dim5/dir.5-2/ordnung.120/(1)^17(6)^8/group.1036	4	3	3	method=1	log2H=2.00	image=0	bad=0
Z	carat/tables/qcatalog/dim5/dir.5-2/ordnung.1440/(1)^17(6)^8/max.15	2	1	1	method=0	log2H=0.00	image=0	bad=0
Z	carat/tables/qcatalog/dim5/dir.5-1/ordnung.160/(1)^9(4)^16/group.1025	3	3	3	method=1	log2H=2.00	image=0	bad=0
Z	carat/tables/qcatalog/dim5/dir.5-2/ordnung.360/(1)^17(6)^8/group.1039	3	2	3	method=1	log2H=1.58	image=0	bad=0
Z	carat/tables/qcatalog/dim5/dir.5-1/ordnung.640/(1)^17(4)^8/group.1033	2	2	2	method=1	log2H=1.00	image=0	bad=0
Z	carat/tables/qcatalog/dim5/dir.5-2/ordnung.360/(1)^17(6)^8/group.1039	4	2	3	method=1	log2H=1.58	image=0	bad=0
Z	carat/tables/qcatalog/dim5/dir.5-1/ordnung.1920/(1)^17(4)^8/group.1027	1	2	2	method=1	log2H=1.00	image=0	bad=0
Z	carat/tables/qcatalog/dim5/dir.5-2/ordnung.1440/(1)^17(6)^8/max.15	3	4	4	method=1	log2H=2.00	image=0	bad=0
Z	carat/tables/qcatalog/dim5/dir.5-1/ordnung.1920/(1)^17(4)^8/group.1027	2	1	1	method=0	log2H=0.00	image=0	bad=0
Z	carat/tables/qcatalog/dim5/dir.5-2/ordnung.1440/(1)^17(6)^8/max.15	4	1	1	method=0	log2H=0.00	image=0	bad=0
Z	carat/tables/qcatalog/dim5/dir.5-2/ordnung.120/(1)^17(6)^8/group.1035	1	2	2	method=1	log2H=1.00	image=0	bad=0
Z	carat/tables/qcatalog/dim5/dir.5-2/ordnung.720/(1)^17(6)^8/group.1040	1	2	2	method=1	log2H=1.00	image=0	bad=0
Z	carat/tables/qcatalog/dim5/dir.5-1/ordnung.640/(1)^17(4)^8/group.1033	3	4	4	method=1	log2H=2.00	image=0	bad=0
Z	carat/tables/qcatalog/dim5/dir.5-2/ordnung.120/(1)^17(6)^8/group.1035	2	2	2	method=1	log2H=1.00	image=0	bad=0
Z	carat/tables/qcatalog/dim5/dir.5-1/ordnung.1920/(1)^17(4)^8/group.1029	1	2	2	method=1	log2H=1.00	image=0	bad=0
Z	carat/tables/qcatalog/dim5/dir.5-2/ordnung.720/(1)^17(6)^8/group.1042	1	2	2	method=1	log2H=1.00	image=0	bad=0
Z	carat/tables/qcatalog/dim5/dir.5-2/ordnung.120/(1)^17(6)^8/group.1035	3	2	2	method=1	log2H=1.00	image=0	bad=0
Z	carat/tables/qcatalog/dim5/dir.5-2/ordnung.720/(1)^17(6)^8/group.1040	2	1	1	method=0	log2H=0.00	image=0	bad=0
Z	carat/tables/qcatalog/dim5/dir.5-2/ordnung.120/(1)^9(2)^8(12)^8/group.1037	1	3	3	method=1	log2H=2.00	image=0	bad=0
Z	carat/tables/qcatalog/dim5/dir.5-2/ordnung.120/(1)^17(6)^8/group.1035	4	2	2	method=1	log2H=1.00	image=0	bad=0
Z	carat/tables/qcatalog/dim5/dir.5-2/ordnung.720/(1)^17(6)^8/group.1042	2	1	1	method=0	log2H=0.00	image=0	bad=0
Z	carat/tables/qcatalog/dim5/dir.5-2/ordnung.120/(1)^9(2)^8(12)^8/group.1037	2	2	2	method=1	log2H=1.00	image=0	bad=0
Z	carat/tables/qcatalog/dim5/dir.5-1/ordnung.320/(1)^17(4)^8/group.1031	1	3	4	method=1	log2H=2.00	image=0	bad=0
Z	carat/tables/qcatalog/dim5/dir.5-2/ordnung.60/(1)^9(2)^8(12)^8/min.169	1	2	2	method=1	log2H=1.00	image=0	bad=0
Z	carat/tables/qcatalog/dim5/dir.5-1/ordnung.1920/(1)^17(4)^8/group.1027	3	2	2	method=1	log2H=1.00	image=0	bad=0
Z	carat/tables/qcatalog/dim5/dir.5-2/ordnung.60/(1)^9(2)^8(12)^8/min.169	2	3	3	method=1	log2H=2.00	image=0	bad=0
Z	carat/tables/qcatalog/dim5/dir.5-1/ordnung.3840/(1)^17(4)^8/max.14	1	4	4	method=1	log2H=2.00	image=0	bad=0
Z	carat/tables/qcatalog/dim5/dir.5-2/ordnung.120/(1)^9(2)^8(12)^8/group.1037	3	3	3	method=1	log2H=2.00	image=0	bad=0
Z	carat/tables/qcatalog/dim5/dir.5-2/ordnung.60/(1)^9(2)^8(12)^8/min.169	3	2	2	method=1	log2H=1.00	image=0	bad=0
Z	carat/tables/qcatalog/dim5/dir.5-2/ordnung.720/(1)^17(6)^8/group.1040	3	2	2	method=1	log2H=1.00	image=0	bad=0
Z	carat/tables/qcatalog/dim5/dir.5-2/ordnung.60/(1)^9(2)^8(12)^8/min.169	4	3	3	method=1	log2H=2.00	image=0	bad=0
Z	carat/tables/qcatalog/dim5/dir.5-2/ordnung.120/(1)^9(2)^8(12)^8/group.1037	4	2	2	method=1	log2H=1.00	image=0	bad=0
Z	carat/tables/qcatalog/dim5/dir.5-1/ordnung.80/(1)^5(4)^20/min.168	1	4	4	method=1	log2H=3.00	image=0	bad=0
Z	carat/tables/qcatalog/dim5/dir.5-2/ordnung.720/(1)^17(6)^8/group.1042	3	2	2	method=1	log2H=1.00	image=0	bad=0
Z	carat/tables/qcatalog/dim5/dir.5-1/ordnung.320/(1)^17(4)^8/group.1031	2	2	2	method=1	log2H=1.00	image=0	bad=0
Z	carat/tables/qcatalog/dim5/dir.5-2/ordnung.720/(1)^17(6)^8/group.1042	4	1	1	method=0	log2H=0.00	image=0	bad=0
Z	carat/tables/qcatalog/dim5/dir.5-2/ordnung.720/(1)^17(6)^8/group.1040	4	1	1	method=0	log2H=0.00	image=0	bad=0
Z	carat/tables/qcatalog/dim5/dir.5-1/ordnung.80/(1)^5(4)^20/min.168	2	4	4	method=1	log2H=3.00	image=0	bad=0
Z	carat/tables/qcatalog/dim5/dir.5-1/ordnung.3840/(1)^17(4)^8/max.14	2	1	1	method=0	log2H=0.00	image=0	bad=0
Z	carat/tables/qcatalog/dim5/dir.5-1/ordnung.1920/(1)^17(4)^8/group.1029	2	1	1	method=0	log2H=0.00	image=0	bad=0
Z	carat/tables/qcatalog/dim5/dir.5-1/ordnung.80/(1)^5(4)^20/min.168	3	2	2	method=1	log2H=1.00	image=0	bad=0
Z	carat/tables/qcatalog/dim5/dir.5-2/ordnung.240/(1)^17(6)^8/group.1038	1	4	4	method=1	log2H=2.00	image=0	bad=0
Z	carat/tables/qcatalog/dim5/dir.5-1/ordnung.320/(1)^17(4)^8/group.1031	3	3	4	method=1	log2H=2.00	image=0	bad=0
Z	carat/tables/qcatalog/dim5/dir.5-2/ordnung.240/(1)^17(6)^8/group.1038	2	2	2	method=1	log2H=1.00	image=0	bad=0
Z	carat/tables/qcatalog/dim5/dir.5-2/ordnung.240/(1)^17(6)^8/group.1038	3	4	4	method=1	log2H=2.00	image=0	bad=0
Z	carat/tables/qcatalog/dim5/dir.5-1/ordnung.1920/(1)^17(4)^8/group.1029	3	2	2	method=1	log2H=1.00	image=0	bad=0
Z	carat/tables/qcatalog/dim5/dir.5-2/ordnung.240/(1)^17(6)^8/group.1038	4	2	2	method=1	log2H=1.00	image=0	bad=0
Z	carat/tables/qcatalog/dim5/dir.5-1/ordnung.3840/(1)^17(4)^8/max.14	3	4	4	method=1	log2H=2.00	image=0	bad=0
Z	carat/tables/qcatalog/dim5/dir.5-2/ordnung.720/(1)^17(6)^8/group.1041	1	2	2	method=1	log2H=1.00	image=0	bad=0
Z	carat/tables/qcatalog/dim5/dir.5-2/ordnung.720/(1)^17(6)^8/group.1041	2	1	1	method=0	log2H=0.00	image=0	bad=0
Z	carat/tables/qcatalog/dim5/dir.5-2/ordnung.720/(1)^17(6)^8/group.1041	3	4	6	method=1	log2H=2.58	image=0	bad=0
Z	carat/tables/qcatalog/dim5/dir.5-2/ordnung.720/(1)^17(6)^8/group.1041	4	2	3	method=1	log2H=1.58	image=0	bad=0
