work/ext6b/3s2-1__group.698__C	001f985989901a97c198bf9458bf51fd	carat/tables/qcatalog/dim6/dir.3;2-1;1/ordnung.192/(1)^4(2)^2(4)^6/group.3897
work/ext6b/2-2s2-1s1__group.469__X111	00479dd9ceb159300ce0b66e47ebd05e	carat/tables/qcatalog/dim6/dir.2-2;2-1;1;1/ordnung.48/(1)^4(2)^2(12)^2/group.2174
work/ext6b/5-1__group.1029__C	00506363944e69798f368225d82f48bb	carat/tables/qcatalog/dim6/dir.5-1;1/ordnung.3840/(1)^16(2)^2(4)^8/group.7375
work/ext6b/2-2s2-2s1__group.530__X0110	00b9616d460c53a5669977b66b90aaef	carat/tables/qcatalog/dim6/dir.2-2;2-2;1;1/ordnung.144/(1)^5(3)^3(6)^1(18)^1/group.2866
work/ext6b/2-2s2-2s1__group.547__X01	00e15df97fdb1b1a8ae370855ad70eec	carat/tables/qcatalog/dim6/dir.2-2;2-2;1,1/ordnung.18/(1)^2(3)^2(18)^1/group.2718
work/ext6b/3s1c1__group.643__X11	00ee3066882b0513d1826c4591a09e0d	carat/tables/qcatalog/dim6/dir.3;1,1;1/ordnung.48/(1)^4(2)^2(4)^4(8)^1/group.3805
work/ext6b/5-2__group.1035__C	012284ca150cf874d7c17d244d60e2ba	carat/tables/qcatalog/dim6/dir.5-2;1/ordnung.240/(1)^16(2)^2(6)^8/group.7402
work/ext6b/2-2s2-1s1__group.430__C	013d1b7e3a6e0926215750a9b43ca854	carat/tables/qcatalog/dim6/dir.2-2;2-1;1;1/ordnung.48/(1)^4(2)^2(12)^2/group.2178
work/ext6b/2-2s1c1s1__group.363__X011	014e86e4a8c4ea18cc53d349846127a2	carat/tables/qcatalog/dim6/dir.2-2;1,1;1,1/ordnung.24/(1)^2(3)^2(12)^2/group.1738
work/ext6b/4-2ps1__group.895__T	017b67539fc9b30e16d71de7e274c82c	carat/tables/qcatalog/dim6/dir.4-2';1;1/ordnung.24/(2)^4(6)^2/group.5861
work/ext6b/4-1s1__group.796__X10	018e74f6e42be13c5a3db9a1329ba0da	carat/tables/qcatalog/dim6/dir.4-1;1;1/ordnung.192/(2)^10/group.4668
work/ext6b/2-1s2-1s1__group.278__X10	0194f4ecfdc2d6ff77a809e05bce8f11	carat/tables/qcatalog/dim6/dir.2-1;2-1;1,1/ordnung.16/(2)^4(8)^3/group.1270
work/ext6b/4-1s1__group.786__X100	01c4b8ab8ad40fa30dc198e461e72179	carat/tables/qcatalog/dim6/dir.4-1;1;1/ordnung.16/(2)^2(4)^4(8)^4/group.4656
work/ext6b/2-2s2-1s1__group.459__C	01d6170b0d4b1dc7b1bd2b990d13749d	carat/tables/qcatalog/dim6/dir.2-2;2-1;1;1/ordnung.96/(1)^2(2)^4(4)^1(12)^1/group.2307
work/ext6b/2-2s1c1c1__group.342__C	01d9ad2622c764e58ba8e670b5c8b62f	carat/tables/qcatalog/dim6/dir.2-2;1,1,1;1/ordnung.12/(1)^2(6)^2/group.1705
work/ext6b/3s2-2__group.756__T	0210f64a2816fe5c8b25c2ed193ebb66	carat/tables/qcatalog/dim6/dir.3;2-2;1/ordnung.72/(1)^6(2)^2(4)^3(12)^2(36)^1/group.4327
work/ext6b/2-1s2-1s1__group.290__X111	0213bb4b3be29791d587cd330502fdff	carat/tables/qcatalog/dim6/dir.2-1;2-1;1,1/ordnung.32/(2)^4(4)^2(8)^1/group.1277
work/ext6b/2-2c2-2s1__group.333__X011	021c7ac3e58e498a95d8ff9a7bfb6fe4	carat/tables/qcatalog/dim6/dir.2-2,2-2;1;1/ordnung.24/(2)^4(6)^2/group.1650
work/ext6b/2-2s2-1s1__group.476__X001	022a9baead9d6bbbc6a02c88c6104ae9	carat/tables/qcatalog/dim6/dir.2-2;2-1;1;1/ordnung.48/(1)^4(2)^3(6)^1(24)^1(72)^1/group.2218
work/ext6b/4-2s1__group.915__T	0239d77050a0a1df6eb22a90bfa2ec5d	carat/tables/qcatalog/dim6/dir.4-2;1;1/ordnung.144/(1)^8(3)^8(18)^2/group.6095
work/ext6b/3s1s1__group.669__X111	025ff0d6dbe630ecfc8e1b4989118af6	carat/tables/qcatalog/dim6/dir.3;1;1;1/ordnung.96/(1)^4(4)^8/group.3876
work/ext6b/2-1s2-1s1__group.306__C	026b71316b237bcee586bc62bcad5374	carat/tables/qcatalog/dim6/dir.2-1;2-1;1;1/ordnung.64/(2)^4(4)^6/group.1467
work/ext6b/3s1c1__group.645__X10	026ecc5a5b5527fb32c40ab4aabe61ed	carat/tables/qcatalog/dim6/dir.3;1,1;1/ordnung.48/(1)^4(4)^6(8)^1/group.3814
work/ext6b/2-1pc2-1ps1__group.222__T	02732d56723bbf8e871a8ac850df2ca4	carat/tables/qcatalog/dim6/dir.2-1',2-1';1;1/ordnung.8/(2)^2(8)^2/group.1084
work/ext6b/3s2-1__group.684__X001	0278fac2723328d7d00adf4f8697bf1d	carat/tables/qcatalog/dim6/dir.3;2-1;1/ordnung.192/(1)^4(2)^4(4)^4(8)^2/group.3922
work/ext6b/3s1s1__group.654__X10	027d19d325a9695b1d6dcf90a75696f9	carat/tables/qcatalog/dim6/dir.3;1;1;1/ordnung.48/(1)^4(2)^2(4)^4(8)^2/min.448
work/ext6b/4-1s1__group.844__C	029550cb4592f975f447d254b9c7e8ef	carat/tables/qcatalog/dim6/dir.4-1;1;1/ordnung.96/(2)^6(4)^4/group.4926
work/ext6b/1s1s1s1s1__group.217__X1000	029b666c99705dffde1fa5706133810d	carat/tables/qcatalog/dim6/dir.1;1;1;1;1;1/ordnung.16/(2)^2(4)^2(8)^2/group.1072
work/ext6b/2-2s2-2s1__group.536__X1000	02af753cdc42da4dd05e5c492737b21b	carat/tables/qcatalog/dim6/dir.2-2;2-2;1,1/ordnung.144/(1)^5(3)^3(6)^1/group.2714
work/ext6b/4-2s1__group.992__X11	02bacd2d8000cadbd8d58e9c7d117bf1	carat/tables/qcatalog/dim6/dir.4-2;1,1/ordnung.72/(1)^7(3)^8(9)^1(18)^1/group.6000
work/ext6b/2-2s2-1s1__group.471__X001	02beccda168b61d255a967f1d9654c3c	carat/tables/qcatalog/dim6/dir.2-2;2-1;1,1/ordnung.48/(1)^4(2)^1(6)^3(24)^1/group.1978
work/ext6b/2-1s1c1s1__group.229__X111	02c55137293f59b5ff3bcd33f1c2de73	carat/tables/qcatalog/dim6/dir.2-1;1,1;1,1/ordnung.16/(2)^4(16)^2/group.1128
work/ext6b/2-1s1c1s1__group.234__X101	02c9687b938ed67de6adee63a7ff635f	carat/tables/qcatalog/dim6/dir.2-1;1,1;1;1/ordnung.16/(2)^4(8)^3/group.1164
work/ext6b/4-2s1__group.924__C	02eb4a31627e47ba8265a382a1030a78	carat/tables/qcatalog/dim6/dir.4-2;1;1/ordnung.288/(1)^10(3)^6(6)^2/group.6146
work/ext6b/4-1s1__group.874__X011	02edf9cc7b08fd0e388612cb65e23c74	carat/tables/qcatalog/dim6/dir.4-1;1;1/ordnung.64/(2)^8(4)^8(8)^2/group.4882
work/ext6b/4-2s1__group.907__X10	02f47b3c3f26f8b9d608f47f172cdf17	carat/tables/qcatalog/dim6/dir.4-2;1;1/ordnung.144/(1)^8(3)^8(18)^2/group.6079
work/ext6b/2-1s2-1s1__group.300__X001	02fb3869740b2419911e73430195df6b	carat/tables/qcatalog/dim6/dir.2-1;2-1;1;1/ordnung.32/(2)^4(4)^4(8)^2/group.1391
work/ext6b/3s2-1__group.700__X01	030fd9db40a3ed08c7087c3897a3a622	carat/tables/qcatalog/dim6/dir.3;2-1;1/ordnung.96/(1)^4(2)^2(4)^4(8)^2/group.4007
work/ext6b/4-2s1__group.918__C	031eee58024afd7ea5509346d052ec58	carat/tables/qcatalog/dim6/dir.4-2;1;1/ordnung.288/(1)^10(3)^6(6)^2/group.6126
work/ext6b/2-2s2-1s1__group.475__X001	032aeada1ed458db9886429d8db5b581	carat/tables/qcatalog/dim6/dir.2-2;2-1;1;1/ordnung.48/(1)^4(2)^3(6)^1(12)^1(36)^1/group.2192
work/ext6b/4-2s1__group.947__C	033cc6ce8bf2e845f9c84ee4af921ce3	carat/tables/qcatalog/dim6/dir.4-2;1;1/ordnung.72/(1)^4(3)^4(18)^2/group.6244
work/ext6b/2-2s2-2s1__group.530__X1011	03402340bc0e8acf5ec6d5911f9c9ef9	carat/tables/qcatalog/dim6/dir.2-2;2-2;1;1/ordnung.144/(1)^5(3)^3(6)^1(18)^1/group.2867
work/ext6b/1c1s1c1s1__min.67__X11	034dd943120f8b301914ea7e23699952	carat/tables/qcatalog/dim6/dir.1,1;1,1;1,1/ordnung.4/(2)^1(8)^2/min.185
work/ext6b/2-2s2-2s1__group.579__X11	0352be5f2be6755ae2236eb39c14763c	carat/tables/qcatalog/dim6/dir.2-2;2-2;1,1/ordnung.36/(1)^2(3)^6(18)^1/group.2751
work/ext6b/2-1s2-1s1__group.315__X0111	035df74b8434bb02432fa77d6211af70	carat/tables/qcatalog/dim6/dir.2-1;2-1;1;1/ordnung.64/(2)^4(4)^2(8)^2/group.1442
work/ext6b/3s2-1__group.681__X011	0360b54db4e9581ca68fbd3cc1b29b96	carat/tables/qcatalog/dim6/dir.3;2-1;1/ordnung.192/(1)^4(2)^4(4)^6/group.3948
work/ext6b/2-2s2-2s1__group.611__X111	03751b424537196944f2161bde2917ff	carat/tables/qcatalog/dim6/dir.2-2;2-2;1;1/ordnung.72/(1)^5(3)^3(6)^1(18)^1/group.3116
work/ext6b/3s2-1__group.701__T	0388c66e9d35a6def0b07ec91c5f0b30	carat/tables/qcatalog/dim6/dir.3;2-1;1/ordnung.96/(1)^4(2)^2(4)^6/group.4016
work/ext6b/2-2s2-2s1__group.558__X10	03b4eee738f40339539c07e520e653ef	carat/tables/qcatalog/dim6/dir.2-2;2-2;1;1/ordnung.36/(1)^2(3)^4(6)^1(18)^1/group.2960
work/ext6b/2-2s2-1s1__group.489__T	03b8e947aa2f759e826377fb47e7762c	carat/tables/qcatalog/dim6/dir.2-2;2-1;1;1/ordnung.48/(1)^4(2)^4(24)^2/group.2271
work/ext6b/4-1s1__group.831__C	03c1d6d700c6ce8eb83e0f8a30cb4cf4	carat/tables/qcatalog/dim6/dir.4-1;1;1/ordnung.64/(2)^2(4)^6(8)^2/group.4848
work/ext6b/2-1s1c1s1__group.237__T	03c53e43d7bdf3f1a8fa5d3553c42873	carat/tables/qcatalog/dim6/dir.2-1;1,1;1;1/ordnung.16/(2)^2(4)^2(8)^1/group.1140
work/ext6b/3s2-1__group.696__T	03d4f2ad2da91b14a355f48a5e06d3de	carat/tables/qcatalog/dim6/dir.3;2-1;1/ordnung.96/(1)^4(2)^4(4)^4(8)^2/group.4038
work/ext6b/2-2s2-2s1__group.566__X10	03d8bfeda37a6ad95184592cf7a2ac3f	carat/tables/qcatalog/dim6/dir.2-2;2-2;1;1/ordnung.36/(1)^3(3)^3(6)^2/group.2985
work/ext6b/4-1s1__group.875__X110	03dd8a74f0e5fd5c88b6791fdd8f81aa	carat/tables/qcatalog/dim6/dir.4-1;1;1/ordnung.64/(2)^8(4)^8(8)^2/group.4884
work/ext6b/2-1s1c1s1__group.240__X01	04098ab147e0326ce92a2665a5affe5e	carat/tables/qcatalog/dim6/dir.2-1;1,1;1;1/ordnung.8/(2)^4(8)^2(32)^1/min.236
work/ext6b/2-1s2-1s1__min.95__X10	041035b8d8309b8fa3071616fee9451d	carat/tables/qcatalog/dim6/dir.2-1;2-1;1;1/ordnung.16/(2)^2(4)^4(8)^4/min.265
work/ext6b/2-2s2-1s1__group.485__X110	0412fca65296471e607f577942eea4a4	carat/tables/qcatalog/dim6/dir.2-2;2-1;1;1/ordnung.48/(1)^4(2)^4(24)^2/group.2266
work/ext6b/5-2__max.15__X10	04172c8e2c8d71cb84767c514f7037e5	carat/tables/qcatalog/dim6/dir.5-2;1/ordnung.1440/(1)^16(2)^2(6)^8/group.7398
work/ext6b/2-2s2-2s1__group.531__T	04237348a0a9a5dd90c79a5482ac0653	carat/tables/qcatalog/dim6/dir.2-2;2-2;1;1/ordnung.144/(1)^6(3)^2(6)^2/group.2882
work/ext6b/2-2s2-1s1__group.478__X101	042c97dccd6eb313164a30b39e7d6de9	carat/tables/qcatalog/dim6/dir.2-2;2-1;1;1/ordnung.48/(1)^4(2)^4(24)^2/group.2265
work/ext6b/2-2s2-1s1__group.488__C	0432fd334dd9adbdd165cef7067774b7	carat/tables/qcatalog/dim6/dir.2-2;2-1;1;1/ordnung.96/(1)^4(2)^4(12)^2/group.2413
work/ext6b/2-2s2-2s1__group.529__X1011	04343bf3449e6a776e89b2dd682c9759	carat/tables/qcatalog/dim6/dir.2-2;2-2;1;1/ordnung.144/(1)^5(3)^3(6)^1(18)^1/group.2845
work/ext6b/2-2s2-1s1__group.509__T	04346fa389d9f8431d171b2266fef17d	carat/tables/qcatalog/dim6/dir.2-2;2-1;1;1/ordnung.96/(1)^4(2)^4(12)^2/group.2361
work/ext6b/4-1ps1__group.764__X111	043ba8e02e3cb3ef537c6d3c41405721	carat/tables/qcatalog/dim6/dir.4-1';1;1/ordnung.32/(2)^2(4)^4(8)^4/group.4412
work/ext6b/2-1s2-1s1__min.95__X11	0443178db90e9f394594e95e288dfe13	carat/tables/qcatalog/dim6/dir.2-1;2-1;1,1/ordnung.16/(2)^1(4)^6(8)^2/min.252
work/ext6b/4-1s1__group.802__C	0480d0ad1cebe1a584d54f1075fe8993	carat/tables/qcatalog/dim6/dir.4-1;1;1/ordnung.384/(1)^4(2)^12(4)^2/group.4780
work/ext6b/3s2-1__group.690__C	04812a96038d8273fa463842668562bd	carat/tables/qcatalog/dim6/dir.3;2-1;1/ordnung.192/(1)^2(2)^2(4)^8/group.3881
work/ext6b/2-2s2-2s1__group.530__C	048a0ae4999afc100e4351a80f181d6e	carat/tables/qcatalog/dim6/dir.2-2;2-2;1;1/ordnung.288/(1)^5(3)^3(6)^1(18)^1/group.2934
work/ext6b/2-1s2-1s1__group.307__C	049d2643cb5e30344624b25c68997f42	carat/tables/qcatalog/dim6/dir.2-1;2-1;1;1/ordnung.64/(2)^4(4)^6/group.1468
work/ext6b/2-2s2-2s1__group.536__X0011	049eb9e25917d98b66070cd8de90f7dd	carat/tables/qcatalog/dim6/dir.2-2;2-2;1;1/ordnung.144/(1)^6(3)^2(6)^2/group.2904
work/ext6b/4-1s1__group.891__X10	04a2f97eda62658c9fb9ad1eec08913e	carat/tables/qcatalog/dim6/dir.4-1;1,1/ordnung.96/(2)^9(4)^8/group.4579
work/ext6b/4-1s1__group.779__T	04bd574825779da558b205d5b5df4adf	carat/tables/qcatalog/dim6/dir.4-1;1;1/ordnung.128/(2)^8(4)^10/group.4627
work/ext6b/2-2c2-2s1__group.330__X01	04d9798e6476983f28570d4101129d51	carat/tables/qcatalog/dim6/dir.2-2,2-2;1;1/ordnung.12/(2)^2(6)^4/group.1644
work/ext6b/3s2-2__group.735__X111	04f5c5770121deb9d23a92f032f32757	carat/tables/qcatalog/dim6/dir.3;2-2;1/ordnung.288/(1)^8(2)^2(4)^2(12)^2/group.4227
work/ext6b/4-1s1__group.807__T	050fdda366ac1a9b5e7993279f66c119	carat/tables/qcatalog/dim6/dir.4-1;1,1/ordnung.24/(2)^5(6)^4/group.4494
work/ext6b/2-2c2-2s1__group.330__X10	053ac7cc956a0159a9cedbcf1c07191f	carat/tables/qcatalog/dim6/dir.2-2,2-2;1,1/ordnung.12/(2)^3(6)^2/group.1637
work/ext6b/2-2s1c1s1__group.365__X100	055d43e1e154dbfc8013f8ba5fa79c22	carat/tables/qcatalog/dim6/dir.2-2;1,1;1;1/ordnung.24/(1)^4(6)^2(72)^1/group.1789
work/ext6b/4-2s1__group.905__X011	057464b59d0464f525854a67d196a823	carat/tables/qcatalog/dim6/dir.4-2;1;1/ordnung.144/(1)^6(3)^8(9)^2(18)^2/group.6039
work/ext6b/2-2s2-1s1__group.478__C	058a175118314ee92ec93417a93051d3	carat/tables/qcatalog/dim6/dir.2-2;2-1;1;1/ordnung.96/(1)^4(2)^4(12)^2/group.2398
work/ext6b/3s2-1__group.678__X101	058a970f0e2c0cf48127928f6ffe8b16	carat/tables/qcatalog/dim6/dir.3;2-1;1/ordnung.192/(1)^4(2)^4(4)^4(8)^2/group.3920
work/ext6b/4-1s1__group.849__X10	0597a58090ede2d7763de3f5f7005d39	carat/tables/qcatalog/dim6/dir.4-1;1;1/ordnung.48/(2)^10(6)^8/group.4804
work/ext6b/2-2s2-1s1__group.507__X1001	05aac9ea05da4cbf335d2347ddfc5501	carat/tables/qcatalog/dim6/dir.2-2;2-1;1;1/ordnung.96/(1)^4(2)^3(6)^1(12)^1(36)^1/group.2338
work/ext6b/2-2c2-2s1__group.331__T	05b071fc59aefbe312070d791bca492d	carat/tables/qcatalog/dim6/dir.2-2,2-2;1;1/ordnung.12/(2)^2(6)^4/group.1641
work/ext6b/4-1s1__group.873__X100	05ba1ba0a3813614edc908bae04cdc46	carat/tables/qcatalog/dim6/dir.4-1;1,1/ordnung.64/(2)^8(4)^8(8)^1/group.4560
work/ext6b/1c1s1c1s1__group.210__X100	05c27db6e27f00de44e9be1a89c5bb7c	carat/tables/qcatalog/dim6/dir.1,1;1,1;1;1/ordnung.8/(2)^2(8)^2/group.1059
work/ext6b/2-1s2-1s1__group.314__X101	05d8d8419b63bc450959ae21e5529b7f	carat/tables/qcatalog/dim6/dir.2-1;2-1;1;1/ordnung.32/(2)^2(4)^4(8)^4/group.1350
work/ext6b/2-2s2-1s1__group.418__C	05e98f67964f7c5e6c58b29b753169b8	carat/tables/qcatalog/dim6/dir.2-2;2-1;1;1/ordnung.48/(1)^2(2)^4(4)^1(12)^1/group.2130
work/ext6b/2-2s2-1s1__group.465__X111	0604ee3038d7a1581e38c51c6be7d01e	carat/tables/qcatalog/dim6/dir.2-2;2-1;1;1/ordnung.48/(1)^4(2)^2(12)^2/group.2163
work/ext6b/2-2s2-1s1__group.519__X1100	060fafe85709dae7251e06444f8bf3b1	carat/tables/qcatalog/dim6/dir.2-2;2-1;1;1/ordnung.96/(1)^4(2)^4(12)^2/group.2410
work/ext6b/4-2s1__group.970__X11	066a9977b1cda252eb166e0260473b50	carat/tables/qcatalog/dim6/dir.4-2;1,1/ordnung.72/(1)^5(3)^3(6)^1/group.5985
work/ext6b/2-2s2-1s1__group.507__T	0675193bb29c5607e49c077648c65679	carat/tables/qcatalog/dim6/dir.2-2;2-1;1;1/ordnung.96/(1)^4(2)^3(6)^1(12)^1(36)^1/group.2343
work/ext6b/3s1s1__group.674__X001	0682cc1df2edd932120be099bebed1fc	carat/tables/qcatalog/dim6/dir.3;1;1;1/ordnung.96/(1)^4(2)^2(4)^6/group.3862
work/ext6b/3s2-1__group.696__X10	06987df1b60d6342774386dc06ec21dc	carat/tables/qcatalog/dim6/dir.3;2-1;1/ordnung.96/(1)^4(2)^4(4)^4(8)^2/group.4041
work/ext6b/3s2-2__group.712__X11	06d0f4d54dc87ba838427df7084b1492	carat/tables/qcatalog/dim6/dir.3;2-2;1/ordnung.144/(1)^6(2)^2(4)^4(12)^2/group.4102
work/ext6b/2-2s2-1s1__group.414__X01	06d49b85655caa1a7e0e8913037f3fdc	carat/tables/qcatalog/dim6/dir.2-2;2-1;1,1/ordnung.24/(1)^2(2)^4(24)^1/group.1928
work/ext6b/2-1s1s1s1__group.250__T	06d79f4aa4b7466d740f5ac2163a29e3	carat/tables/qcatalog/dim6/dir.2-1;1;1;1;1/ordnung.16/(2)^4(8)^4/min.244
work/ext6b/3s2-2__group.737__X100	06d982bbb36a8295fa65859638b80723	carat/tables/qcatalog/dim6/dir.3;2-2;1/ordnung.288/(1)^8(2)^2(4)^2(12)^2/group.4223
work/ext6b/2-2s2-1s1__group.516__X1011	06dff940179abbe9ed13488276540c97	carat/tables/qcatalog/dim6/dir.2-2;2-1;1,1/ordnung.96/(1)^4(2)^3(6)^1(24)^1/group.2017
work/ext6b/4-2s1__group.904__T	070a682cbea9fc4b4d53435e5d839475	carat/tables/qcatalog/dim6/dir.4-2;1;1/ordnung.144/(1)^6(3)^8(9)^2(18)^2/group.6060
work/ext6b/5-1__group.1028__C	0715b57e9856418105d4e7503080898b	carat/tables/qcatalog/dim6/dir.5-1;1/ordnung.3840/(1)^16(2)^2(4)^8/group.7370
work/ext6b/4-2s1__group.944__C	071cf0a73281d7ae317c038e014a4de8	carat/tables/qcatalog/dim6/dir.4-2;1;1/ordnung.576/(1)^10(3)^6(6)^2/group.6226
work/ext6b/4-1s1__group.788__X01	075c4ef394a5cea2b2d541d28d0c3ba4	carat/tables/qcatalog/dim6/dir.4-1;1;1/ordnung.16/(2)^2(4)^4(8)^4/min.495
work/ext6b/4-1s1__group.892__X011	07648ccd7a577c73b0f43f86067243a5	carat/tables/qcatalog/dim6/dir.4-1;1;1/ordnung.96/(2)^10(6)^8/group.4917
work/ext6b/2-2s1s1s1__group.399__X0011	078b9ab1fb0c11b8db8ab7b2c6276f96	carat/tables/qcatalog/dim6/dir.2-2;1;1;1;1/ordnung.48/(1)^4(2)^2(12)^2/group.1870
work/ext6b/4-1s1__group.828__X010	078ea66b5a0a1480eeb9b22d216e9e82	carat/tables/qcatalog/dim6/dir.4-1;1,1/ordnung.32/(2)^1(4)^14(8)^2/group.4509
work/ext6b/2-2s2-1s1__group.510__X0101	0794098405ad4cd79efa0e015adf4291	carat/tables/qcatalog/dim6/dir.2-2;2-1;1;1/ordnung.96/(1)^4(2)^4(12)^2/group.2383
work/ext6b/4-3ps1__group.994__X1	0795b028cc21409c151fe19442af9dc2	carat/tables/qcatalog/dim6/dir.4-3';1;1/ordnung.10/(1)^1(5)^3(10)^2/min.627
work/ext6b/4-2s1__group.939__X100	0798918d33e342fec2aec4ab08c073c8	carat/tables/qcatalog/dim6/dir.4-2;1,1/ordnung.288/(1)^9(3)^7(6)^1/group.5948
work/ext6b/4-1s1__group.789__X11	07a349c12dd379821e7e742a161f41ec	carat/tables/qcatalog/dim6/dir.4-1;1;1/ordnung.16/(2)^2(4)^4(8)^4/group.4658
work/ext6b/3s2-2__group.751__C	07a6c36cda3b8512dec949d0ec6fb3a4	carat/tables/qcatalog/dim6/dir.3;2-2;1/ordnung.144/(1)^6(2)^2(4)^3(12)^1/group.4081
work/ext6b/3s2-1__group.690__X01	07d16a71b595486281d617903dbc5250	carat/tables/qcatalog/dim6/dir.3;2-1;1/ordnung.96/(1)^2(4)^10/group.4003
work/ext6b/2-2s2-1s1__group.467__X111	07d19e210cc4b6d69f994c6ca0b08e00	carat/tables/qcatalog/dim6/dir.2-2;2-1;1,1/ordnung.48/(1)^4(2)^1(6)^1(24)^1/group.1976
work/ext6b/2-2s1s1s1__min.112__X11	07d6603966b195b390e9dc9013875ac9	carat/tables/qcatalog/dim6/dir.2-2;1;1;1;1/ordnung.12/(1)^2(4)^1(12)^3/min.346
work/ext6b/2-2s2-1s1__group.485__T	07dd06b45abd074cc4476f96b5c204ca	carat/tables/qcatalog/dim6/dir.2-2;2-1;1;1/ordnung.48/(1)^4(2)^4(12)^2/group.2236
work/ext6b/4-1s1__group.790__C	07e2a6f0d4dd908bd90baee8d4e5ea1d	carat/tables/qcatalog/dim6/dir.4-1;1;1/ordnung.32/(2)^2(4)^6(8)^2/group.4763
work/ext6b/4-1s1__group.814__X11	07ff8c40b42db15f2025a44a00a56fb9	carat/tables/qcatalog/dim6/dir.4-1;1;1/ordnung.32/(2)^4(4)^4(8)^2/group.4766
work/ext6b/4-1s1__group.797__X001	080a6b35f9981f5ef7f014378efb4c98	carat/tables/qcatalog/dim6/dir.4-1;1;1/ordnung.192/(2)^10(4)^8/group.4671
work/ext6b/4-2s1__max.12__X1011	08285d4b05165f3041db3a07bc2481ae	carat/tables/qcatalog/dim6/dir.4-2;1;1/ordnung.576/(1)^10(3)^6(6)^2/group.6223
work/ext6b/2-2s2-2s1__group.607__X011	0851ec3553732f956bc26f7e6226e833	carat/tables/qcatalog/dim6/dir.2-2;2-2;1;1/ordnung.72/(1)^5(3)^1(6)^2/group.3099
work/ext6b/4-1s1__group.850__C	08586f2a59a744c540d86e335c417347	carat/tables/qcatalog/dim6/dir.4-1;1;1/ordnung.96/(2)^10(6)^8/group.4920
work/ext6b/2-2s1s1s1__group.401__T	0895c00d42b698f81006d0bec7637896	carat/tables/qcatalog/dim6/dir.2-2;1;1;1;1/ordnung.48/(1)^4(2)^2(12)^2/group.1874
work/ext6b/2-1s2-1s1__min.99__X01	08968e719ed505d4e76d8f9bb200fb16	carat/tables/qcatalog/dim6/dir.2-1;2-1;1,1/ordnung.8/(2)^1(4)^2(8)^2/min.256
work/ext6b/2-2s2-1s1__group.507__X1111	08a082b49b663abb2d767410f7efa915	carat/tables/qcatalog/dim6/dir.2-2;2-1;1;1/ordnung.96/(1)^4(2)^3(6)^1(24)^1(72)^1/group.2351
work/ext6b/2-2s2-2s1__group.626__X100	08b29d906f1b6fe3286a3bed9d762f19	carat/tables/qcatalog/dim6/dir.2-2;2-2;1,1/ordnung.72/(1)^5(3)^3(6)^1/group.2804
work/ext6b/4-2s1__group.952__C	08b53893d839d4df6e7c782b7b3a294d	carat/tables/qcatalog/dim6/dir.4-2;1;1/ordnung.72/(1)^5(3)^8(9)^3(18)^2/group.6249
work/ext6b/3s2-1__min.139__T	08c6b68a6d27c39b3c87f5b2be6a37b1	carat/tables/qcatalog/dim6/dir.3;2-1;1/ordnung.48/(1)^4(2)^2(4)^4(8)^2/min.460
work/ext6b/2-2s1c1c1__group.344__T	08d33d5d871de15afbc966b51759c9ec	carat/tables/qcatalog/dim6/dir.2-2;1,1,1,1/ordnung.6/(1)^2(3)^2(36)^1/group.1695
work/ext6b/4-1s1__group.782__C	08d91fd9f5559108e99c75630ca6b22a	carat/tables/qcatalog/dim6/dir.4-1;1;1/ordnung.288/(1)^8(2)^2(6)^8/group.4713
work/ext6b/3s2-2__group.732__X001	08dad2dba74becf3e938bd2ece0cfb61	carat/tables/qcatalog/dim6/dir.3;2-2;1/ordnung.288/(1)^6(2)^1(4)^5(12)^1(24)^1/group.4166
work/ext6b/2-2s2-2s1__group.549__X01	08f7b65162509551545a5037a8e7544f	carat/tables/qcatalog/dim6/dir.2-2;2-2;1,1/ordnung.18/(1)^2(3)^3(9)^1(18)^1/group.2723
work/ext6b/3s2-1__group.697__C	0903d691e86d7dd7c0b36ebe7d85294d	carat/tables/qcatalog/dim6/dir.3;2-1;1/ordnung.192/(1)^4(2)^4(4)^6/group.3957
work/ext6b/3s2-2__group.735__X010	0939dd25422c285de3f5a79679710793	carat/tables/qcatalog/dim6/dir.3;2-2;1/ordnung.288/(1)^8(2)^2(4)^2(12)^2/group.4252
work/ext6b/3s2-2__group.713__X10	094279ac05f8c1ac12f51c740357e3a6	carat/tables/qcatalog/dim6/dir.3;2-2;1/ordnung.144/(1)^6(2)^2(4)^4(12)^2/group.4100
work/ext6b/2-2s2-1s1__group.482__X111	0962f614eb79fef4e368b5edfa67a862	carat/tables/qcatalog/dim6/dir.2-2;2-1;1;1/ordnung.48/(1)^4(2)^4(24)^2/group.2270
work/ext6b/2-1s2-1s1__group.297__T	09a62fdb8d5b08dbe0a22240ae2e681d	carat/tables/qcatalog/dim6/dir.2-1;2-1;1;1/ordnung.32/(2)^4(4)^4(8)^2/group.1409
work/ext6b/5-1__group.1033__X11	09ace6d7c52d3ae027f8e816a21bb1da	carat/tables/qcatalog/dim6/dir.5-1;1/ordnung.640/(1)^16(2)^1(4)^8(8)^1/group.7376
work/ext6b/3s2-1__group.676__X010	09ad290c4191b3fb400dd61ce2fa874d	carat/tables/qcatalog/dim6/dir.3;2-1;1/ordnung.192/(1)^2(2)^4(4)^8/group.3886
work/ext6b/2-2s1c1s1__group.346__X11	09b13af54a39f9f37d5693dc7a7cde55	carat/tables/qcatalog/dim6/dir.2-2;1,1;1,1/ordnung.12/(3)^4(12)^2/group.1737
work/ext6b/2-2s2-1s1__group.508__X0011	09cd50c0dfb4efe94ce14904c0fe12bb	carat/tables/qcatalog/dim6/dir.2-2;2-1;1;1/ordnung.96/(1)^4(2)^4(12)^2/group.2404
work/ext6b/5-2__group.1036__C	09e4f004983d91a0cc32a941c0837196	carat/tables/qcatalog/dim6/dir.5-2;1/ordnung.240/(1)^16(2)^2(6)^8/group.7403
work/ext6b/3s2-1__group.697__X11	09e609e3cff430a60d914882aa18db48	carat/tables/qcatalog/dim6/dir.3;2-1;1/ordnung.96/(1)^4(2)^4(4)^4(8)^2/group.4027
work/ext6b/3s2-1__group.677__X010	09fcca6341f585f3eca83c95aaaecd91	carat/tables/qcatalog/dim6/dir.3;2-1;1/ordnung.192/(1)^4(2)^4(4)^6/group.3947
work/ext6b/4-2s1__group.927__T	0a2cd1cbb763b015bf8c65fe28b1b033	carat/tables/qcatalog/dim6/dir.4-2;1;1/ordnung.24/(2)^6(6)^4/group.6106
work/ext6b/4-1s1__group.798__X100	0a35e675d31ee01cf6d337b8b93e5b36	carat/tables/qcatalog/dim6/dir.4-1;1,1/ordnung.192/(2)^9(4)^8/group.4490
work/ext6b/2-2s1c1s1__group.355__C	0a401e1be9de7f381696ff547ed844ca	carat/tables/qcatalog/dim6/dir.2-2;1,1;1;1/ordnung.24/(1)^2(2)^2(24)^1/group.1747
work/ext6b/2-2s1c1s1__group.369__T	0a4328a64dcb8c7683156887e0e7baf8	carat/tables/qcatalog/dim6/dir.2-2;1,1;1,1/ordnung.24/(1)^4(12)^2/group.1742
work/ext6b/2-2s2-2s1__group.599__C	0a485eb29781287dad1d50e63cbc884b	carat/tables/qcatalog/dim6/dir.2-2;2-2;1;1/ordnung.144/(1)^4(6)^2/group.2830
work/ext6b/4-2s1__group.925__X100	0a57cf0031c8ed9522037692e99e0867	carat/tables/qcatalog/dim6/dir.4-2;1;1/ordnung.144/(1)^10(3)^6(6)^2/group.6015
work/ext6b/4-2s1__group.915__X011	0a6538373da424f9c214c9bece2ec817	carat/tables/qcatalog/dim6/dir.4-2;1;1/ordnung.144/(1)^8(3)^8(18)^2/group.6075
work/ext6b/4-3s1__group.1016__X11	0a6b0670745c80213f33997662235e03	carat/tables/qcatalog/dim6/dir.4-3;1,1/ordnung.240/(1)^11(5)^5(10)^1/group.7181
work/ext6b/4-2s1__group.909__X010	0a733ec4b49c83a5e6cc7629bc05655b	carat/tables/qcatalog/dim6/dir.4-2;1;1/ordnung.144/(1)^8(3)^8(18)^2/group.6082
work/ext6b/3s2-1__group.687__T	0a8ca0c09813aa6ae81146f46feaad98	carat/tables/qcatalog/dim6/dir.3;2-1;1/ordnung.96/(1)^2(2)^4(4)^6(8)^2/group.4002
work/ext6b/2-2s1s1s1__group.381__C	0ab52b59905288668846ab208a03511c	carat/tables/qcatalog/dim6/dir.2-2;1;1;1;1/ordnung.48/(1)^4(2)^1(6)^1(12)^1(36)^1/group.1856
work/ext6b/4-2ps1__group.896__X01	0acd5da4aad5aa7f94cd7a84c2fd865d	carat/tables/qcatalog/dim6/dir.4-2';1;1/ordnung.24/(2)^6(6)^4/group.5864
work/ext6b/3s2-1__group.695__C	0ae4cc771374b99f971c6ce69911b9a5	carat/tables/qcatalog/dim6/dir.3;2-1;1/ordnung.192/(1)^4(2)^4(4)^6/group.3956
work/ext6b/4-1s1__group.814__C	0af9de44156696125895112d7c0fdfa0	carat/tables/qcatalog/dim6/dir.4-1;1;1/ordnung.64/(2)^4(4)^6/group.4853
work/ext6b/4-1s1__group.888__X01	0b298ede7a51f06ad17d1b8a28682c34	carat/tables/qcatalog/dim6/dir.4-1;1,1/ordnung.96/(2)^9(4)^8/group.4578
work/ext6b/2-2s2-2s1__group.549__C	0b2a692bbc9ed1df1f9ea21084dd055d	carat/tables/qcatalog/dim6/dir.2-2;2-2;1;1/ordnung.36/(1)^3(3)^3(18)^2/group.2976
work/ext6b/3s1s1__group.649__X0100	0b32cb6e3f8af5af512390d103335e95	carat/tables/qcatalog/dim6/dir.3;1;1;1/ordnung.192/(1)^4(2)^2(4)^6/group.3834
work/ext6b/2-2s2-1s1__group.412__T	0b69d1b64fc583cecad7f06a4fa0aa70	carat/tables/qcatalog/dim6/dir.2-2;2-1;1,1/ordnung.24/(1)^2(2)^3(6)^1(72)^1/group.1924
work/ext6b/4-1s1__group.868__X101	0b7af656392a141c4efe6ea2136242b2	carat/tables/qcatalog/dim6/dir.4-1;1;1/ordnung.64/(2)^8(4)^8(8)^2/group.4889
work/ext6b/2-2s2-1s1__group.466__X101	0b7d730c64a447daa41adebcfbddbf24	carat/tables/qcatalog/dim6/dir.2-2;2-1;1,1/ordnung.48/(1)^4(2)^1(6)^1(24)^1/group.1974
work/ext6b/3s1c1__group.645__X01	0b8d38e3da4927e7f00c29ff3d9ead19	carat/tables/qcatalog/dim6/dir.3;1,1,1/ordnung.48/(1)^4(2)^2(4)^3(12)^1/group.3781
work/ext6b/4-1s1__group.769__X11	0be88a3277cc2c07b1b648a4d152949d	carat/tables/qcatalog/dim6/dir.4-1;1,1/ordnung.1152/(1)^8(2)^9/group.4454
work/ext6b/4-2s1__group.965__X110	0c0e4fbe9e9baa2738d6cedf1c815d09	carat/tables/qcatalog/dim6/dir.4-2;1,1/ordnung.72/(1)^3(3)^10(9)^3(18)^1/group.5975
work/ext6b/2-2s2-1s1__group.487__X110	0c2fb942c03437524cfee6f3d52bf56c	carat/tables/qcatalog/dim6/dir.2-2;2-1;1,1/ordnung.48/(1)^4(2)^3(6)^1(24)^1/group.1986
work/ext6b/2-1s2-1s1__group.309__X100	0c334516291e6147c1f41c8b430e7095	carat/tables/qcatalog/dim6/dir.2-1;2-1;1,1/ordnung.32/(2)^4(4)^4(8)^1/group.1290
work/ext6b/2-2s1c1c1__group.343__C	0c34206fce70bfeb3b8814c5820b4271	carat/tables/qcatalog/dim6/dir.2-2;1,1,1;1/ordnung.12/(1)^3(3)^1(6)^1(54)^1/group.1710
work/ext6b/2-2s2-1s1__group.410__C	0c4a8ccaa9107fd45892dfc21304a8d6	carat/tables/qcatalog/dim6/dir.2-2;2-1;1;1/ordnung.48/(1)^2(2)^3(6)^1(12)^2/group.2114
work/ext6b/3s2-1__min.137__X01	0c7123f11aa4ddd58c0dffbf0306f45f	carat/tables/qcatalog/dim6/dir.3;2-1;1/ordnung.48/(1)^2(2)^2(4)^6(8)^2/min.456
work/ext6b/3s2-1__group.691__C	0c861900d6032a21a0e5ea2e98f00617	carat/tables/qcatalog/dim6/dir.3;2-1;1/ordnung.192/(1)^4(2)^4(4)^6/group.3949
work/ext6b/2-2s1c1s1__group.366__T	0cb70b444be783c89eee779abcd736de	carat/tables/qcatalog/dim6/dir.2-2;1,1;1;1/ordnung.24/(1)^4(2)^1(6)^1(24)^1/group.1769
work/ext6b/1c1c1c1c1__group.206__X1	0ce2d464cf541837ddc16fb2e1de1451	carat/tables/qcatalog/dim6/dir.1,1,1,1,1,1/ordnung.2/(6)^1/group.1043
work/ext6b/2-2s2-1s1__group.485__X010	0ce2f41cbe7e896a126d441960939420	carat/tables/qcatalog/dim6/dir.2-2;2-1;1;1/ordnung.48/(1)^4(2)^4(12)^2/group.2258
work/ext6b/2-1s2-1s1__group.293__X101	0d2c78a55a2b2a09103da4c1bb10c543	carat/tables/qcatalog/dim6/dir.2-1;2-1;1;1/ordnung.32/(2)^4(4)^2(8)^2/group.1383
work/ext6b/2-2s2-2s1__group.615__T	0d2e4bc28d982513a824c4d7a13364f9	carat/tables/qcatalog/dim6/dir.2-2;2-2;1;1/ordnung.72/(1)^5(3)^3(6)^1(18)^1/group.3118
work/ext6b/2-1s2-1s1__min.96__T	0d2f0f02f6588b6591aa1c18dcad0d9f	carat/tables/qcatalog/dim6/dir.2-1;2-1;1,1/ordnung.16/(2)^1(4)^6(8)^2/min.250
work/ext6b/2-1s2-1s1__group.275__X01010	0d438b495f65b4a3bc085a725021a905	carat/tables/qcatalog/dim6/dir.2-1;2-1;1;1/ordnung.128/(2)^6(4)^4/group.1322
work/ext6b/2-2s2-2s1__group.597__X110	0d43eafa262563cf9946021741175325	carat/tables/qcatalog/dim6/dir.2-2;2-2;1;1/ordnung.72/(1)^3(3)^3(6)^2/group.3037
work/ext6b/4-1s1__group.784__C	0d53c6ac2d7e5fa1a4a60f8d966c4dab	carat/tables/qcatalog/dim6/dir.4-1;1;1/ordnung.32/(2)^2(4)^6(8)^2/group.4754
work/ext6b/3s2-2__group.739__X011	0d6f8f53cafd82c3085ab52b5109e539	carat/tables/qcatalog/dim6/dir.3;2-2;1/ordnung.288/(1)^8(2)^2(4)^2(12)^2/group.4258
work/ext6b/2-1s2-1s1__group.289__C	0d8be3e56ac69e98b39781cc8bd77356	carat/tables/qcatalog/dim6/dir.2-1;2-1;1;1/ordnung.64/(2)^4(4)^2(8)^2/group.1441
work/ext6b/4-2s1__group.957__X101	0da94236b3e49e4632e98fd7aa06bafc	carat/tables/qcatalog/dim6/dir.4-2;1;1/ordnung.48/(2)^10(6)^8/group.6184
work/ext6b/2-2s2-1s1__group.508__X1001	0db8100ca855bfa39cfc84eb94311d0d	carat/tables/qcatalog/dim6/dir.2-2;2-1;1;1/ordnung.96/(1)^4(2)^4(12)^2/group.2384
work/ext6b/2-2s2-1s1__group.439__X11	0db88ac1fe44d6e40f6cc92950bf8cde	carat/tables/qcatalog/dim6/dir.2-2;2-1;1;1/ordnung.24/(1)^4(2)^3(6)^1(24)^1(72)^1/group.2087
work/ext6b/4-2s1__group.932__X11	0dc4b969bf2091706e6e50466af64392	carat/tables/qcatalog/dim6/dir.4-2;1;1/ordnung.24/(2)^6(6)^4/min.583
work/ext6b/4-1s1__group.777__X0001	0dd3ada1c39239a7fecbde9cf3b2d3c9	carat/tables/qcatalog/dim6/dir.4-1;1;1/ordnung.128/(2)^8(4)^10/group.4630
work/ext6b/2-2s2-2s1__group.603__C	0de1c54be34bdab97123d3420581c373	carat/tables/qcatalog/dim6/dir.2-2;2-2;1;1/ordnung.144/(1)^5(3)^1(6)^2/group.2834
work/ext6b/4-1ps1__group.762__X11	0de7793d3226ac2e3246175dba388778	carat/tables/qcatalog/dim6/dir.4-1';1;1/ordnung.16/(2)^2(4)^4(8)^4/group.4409
work/ext6b/5-2__group.1042__C	0de8465e70fafe9a19bc8c5216e2a6ac	carat/tables/qcatalog/dim6/dir.5-2;1/ordnung.1440/(1)^16(2)^2(6)^8/group.7393
work/ext6b/2-1s2-1s1__group.290__X011	0e0d07f6a25bb29908ab3d0042c6b173	carat/tables/qcatalog/dim6/dir.2-1;2-1;1;1/ordnung.32/(2)^4(4)^2(8)^2/group.1380
work/ext6b/4-1s1__group.783__X011	0e0f61c37387cd0d173360afa02d50db	carat/tables/qcatalog/dim6/dir.4-1;1;1/ordnung.16/(2)^2(8)^4/group.4661
work/ext6b/4-1s1__group.839__X01	0e1caf0f6ad109978611c58c1d53cad9	carat/tables/qcatalog/dim6/dir.4-1;1,1/ordnung.384/(1)^4(2)^10(4)^2(8)^1/group.4519
work/ext6b/4-1s1__group.804__T	0e24e33f6205764e1e5ee4af3dce7494	carat/tables/qcatalog/dim6/dir.4-1;1;1/ordnung.192/(1)^4(2)^10(4)^4/group.4664
work/ext6b/2-2s2-1s1__group.436__C	0e2828828489501e9fdc04fa27587b14	carat/tables/qcatalog/dim6/dir.2-2;2-1;1;1/ordnung.48/(1)^4(2)^2(12)^2/group.2168
work/ext6b/1c1s1c1s1__group.210__C	0e2f80f5ddf951276a3aedbb2e130695	carat/tables/qcatalog/dim6/dir.1,1;1,1;1;1/ordnung.16/(2)^2(8)^2/group.1056
work/ext6b/2-2s2-1s1__group.517__X0101	0e3aef2d954d0cc96bf121c617ee8607	carat/tables/qcatalog/dim6/dir.2-2;2-1;1,1/ordnung.96/(1)^4(2)^3(6)^1(24)^1/group.2025
work/ext6b/2-2s2-1s1__group.417__X01	0e3d1aaa8add22482ba00cd4c8d4447e	carat/tables/qcatalog/dim6/dir.2-2;2-1;1;1/ordnung.24/(1)^2(2)^4(8)^1(24)^1/min.373
work/ext6b/3s2-1__group.681__T	0e549266bde288caf2b42f4e4f1ede24	carat/tables/qcatalog/dim6/dir.3;2-1;1/ordnung.192/(1)^4(2)^4(4)^4(8)^2/group.3928
work/ext6b/4-1s1__group.786__X010	0e57acd8dad96357e0ab6bc12e3cf729	carat/tables/qcatalog/dim6/dir.4-1;1,1/ordnung.16/(2)^1(4)^6(8)^2/group.4471
work/ext6b/4-2s1__group.905__C	0e78db87854454ee1b955879f542fe08	carat/tables/qcatalog/dim6/dir.4-2;1;1/ordnung.288/(1)^7(3)^8(9)^1(18)^2/group.6152
work/ext6b/4-1s1__group.883__C	0ea8069b802c62d069c7c7c90a7c4c9a	carat/tables/qcatalog/dim6/dir.4-1;1;1/ordnung.192/(2)^6(4)^4/group.4685
work/ext6b/4-1s1__group.770__X001	0eb54ca8c39a93e3a14fb34aabe7cb4d	carat/tables/qcatalog/dim6/dir.4-1;1;1/ordnung.128/(2)^12(4)^4(8)^2/group.4592
work/ext6b/2-2s1s1s1__group.405__C	0ec15e1447775ec938f8546b8b6318db	carat/tables/qcatalog/dim6/dir.2-2;1;1;1;1/ordnung.96/(1)^4(2)^2(12)^2/group.1894
work/ext6b/3s2-2__group.716__X011	0ef299bc106dec72a2214ebaa89c4a18	carat/tables/qcatalog/dim6/dir.3;2-2;1/ordnung.144/(1)^8(2)^2(4)^2(12)^2/group.4151
work/ext6b/4-1s1__group.778__X111	0ef2f080f2f306c1fa74c6f9e917921b	carat/tables/qcatalog/dim6/dir.4-1;1;1/ordnung.128/(2)^8(4)^8(8)^2/group.4635
work/ext6b/3s2-1__group.682__X010	0ef5b84ce74c15bea081a220eeccc7d0	carat/tables/qcatalog/dim6/dir.3;2-1;1/ordnung.192/(1)^4(2)^4(4)^6/group.3961
work/ext6b/2-1s1c1s1__group.231__X011	0efef4197525fb53be4bcf53e54753e5	carat/tables/qcatalog/dim6/dir.2-1;1,1;1;1/ordnung.16/(2)^4(8)^3/group.1167
work/ext6b/1c1s1s1s1__group.216__X111	0f1245d94b0c862caddbdeb5dc7d43e6	carat/tables/qcatalog/dim6/dir.1,1;1;1;1;1/ordnung.8/(2)^1(4)^2(8)^2/min.190
work/ext6b/2-2s1c1s1__group.365__T	0f19cbd4b4b717ccb43f58bd76d29d12	carat/tables/qcatalog/dim6/dir.2-2;1,1;1;1/ordnung.24/(1)^4(6)^2(72)^1/group.1784
work/ext6b/3s2-2__group.710__C	0f1d7f2b55e3f56b9f58b51ef65522e1	carat/tables/qcatalog/dim6/dir.3;2-2;1/ordnung.288/(1)^6(2)^2(4)^4(12)^2/group.4185
work/ext6b/4-1s1__group.808__C	0f377195e8c8372879f1552a8e232d02	carat/tables/qcatalog/dim6/dir.4-1;1;1/ordnung.48/(2)^6(6)^4/group.4811
work/ext6b/2-2s1c1c1__group.343__X10	0f443fc49d71f5127e86a5db41bd7114	carat/tables/qcatalog/dim6/dir.2-2;1,1,1,1/ordnung.6/(1)^2(3)^2(36)^1/group.1696
work/ext6b/4-2s1__group.958__X011	0f63aa218346823e4e277e41fda56d14	carat/tables/qcatalog/dim6/dir.4-2;1;1/ordnung.48/(2)^10(6)^8/group.6200
work/ext6b/2-1s1c1c1__group.225__X01	0f9877fd7444224ac813a34946611794	carat/tables/qcatalog/dim6/dir.2-1;1,1,1;1/ordnung.8/(2)^4(8)^1(24)^1/group.1123
work/ext6b/4-1s1__group.798__T	0fba3bc64729253eb95b637ef93f4ca4	carat/tables/qcatalog/dim6/dir.4-1;1;1/ordnung.192/(2)^10(4)^8/group.4674
work/ext6b/2-2s1s1s1__group.377__T	0fdafc931a495c8635f2071241a0dc7c	carat/tables/qcatalog/dim6/dir.2-2;1;1;1;1/ordnung.24/(1)^2(2)^2(4)^1(12)^1/group.1812
work/ext6b/3s2-1__group.694__C	0fe7e88ea0be57b9fe4acdc1c4eecc97	carat/tables/qcatalog/dim6/dir.3;2-1;1/ordnung.192/(1)^4(2)^4(4)^6/group.3958
work/ext6b/4-3ps1__group.999__C	10064cdcce8f7374d2c3ca75759d0c46	carat/tables/qcatalog/dim6/dir.4-3';1;1/ordnung.40/(1)^3(5)^1(10)^2/group.7113
work/ext6b/2-1s2-1s1__group.322__X0111	100753638399da0f74d1dc649dc5fda1	carat/tables/qcatalog/dim6/dir.2-1;2-1;1;1/ordnung.64/(2)^6(4)^2(8)^2/group.1506
work/ext6b/2-2s2-1s1__group.481__X011	100a7c94aee7d177591b51cd8c79f18d	carat/tables/qcatalog/dim6/dir.2-2;2-1;1;1/ordnung.48/(1)^4(2)^4(12)^2/group.2250
work/ext6b/2-2s2-1s1__group.464__X110	100ad30e1349928088987ba2db983006	carat/tables/qcatalog/dim6/dir.2-2;2-1;1;1/ordnung.48/(1)^4(2)^2(12)^2/group.2162
work/ext6b/3s2-1__group.700__C	10132ae1b728ce256cd237c110da01f3	carat/tables/qcatalog/dim6/dir.3;2-1;1/ordnung.192/(1)^4(2)^2(4)^6/group.3900
work/ext6b/3s2-1__group.694__X01	10136d2d858bc6b6894112590a045670	carat/tables/qcatalog/dim6/dir.3;2-1;1/ordnung.96/(1)^4(2)^4(4)^4(8)^2/group.4033
work/ext6b/2-2s1c1s1__group.346__X10	1016cc678bee22fd5654fb0fef5c2f2b	carat/tables/qcatalog/dim6/dir.2-2;1,1;1;1/ordnung.12/(1)^2(3)^2(6)^2(72)^1/min.328
work/ext6b/2-2s1c1s1__group.356__C	102233ac788e4bb6effb8076746b058c	carat/tables/qcatalog/dim6/dir.2-2;1,1;1;1/ordnung.24/(1)^4(6)^2(72)^1/group.1783
work/ext6b/3s2-2__group.731__X111	10248e2b675b53afc1c826c20833ec3d	carat/tables/qcatalog/dim6/dir.3;2-2;1/ordnung.288/(1)^6(2)^2(4)^3(12)^1/group.4170
work/ext6b/2-1s1c1s1__group.243__X01	1026441237c44ea0019a782c29ba25d2	carat/tables/qcatalog/dim6/dir.2-1;1,1;1;1/ordnung.8/(2)^2(4)^2(32)^1/min.232
work/ext6b/2-2s2-1s1__group.475__X011	103b168f6b1b1a0b6d2262f7c2fc7b31	carat/tables/qcatalog/dim6/dir.2-2;2-1;1;1/ordnung.48/(1)^4(2)^3(6)^1(12)^1(36)^1/group.2185
work/ext6b/4-1s1__group.885__T	1057496a2ee219bd6eff1b7df5a5a66b	carat/tables/qcatalog/dim6/dir.4-1;1,1/ordnung.96/(2)^9/group.4573
work/ext6b/2-1s2-1s1__group.321__T	10bcc89d0083989ded606b240a2d749b	carat/tables/qcatalog/dim6/dir.2-1;2-1;1,1/ordnung.64/(2)^6(4)^2(8)^1/group.1302
work/ext6b/4-2s1__group.985__T	10cfa9f35feea3912260646dc733597f	carat/tables/qcatalog/dim6/dir.4-2;1,1/ordnung.72/(1)^5(3)^10(9)^1(18)^1/group.5980
work/ext6b/4-2s1__group.901__C	10df7670b7ca1a96951dece64e137840	carat/tables/qcatalog/dim6/dir.4-2;1;1/ordnung.288/(1)^6(3)^8(9)^2(18)^2/group.6148
work/ext6b/3s2-2__group.752__X10	10e778a9861408514a54efe5315bfcef	carat/tables/qcatalog/dim6/dir.3;2-2;1/ordnung.72/(1)^6(2)^1(4)^2(12)^2(24)^1/group.4318
work/ext6b/2-2s1c1c1__group.340__C	11002c6f6686addd3e6c2a38e79a0e0f	carat/tables/qcatalog/dim6/dir.2-2;1,1,1;1/ordnung.12/(1)^2(6)^1(54)^1/group.1703
work/ext6b/4-2s1__group.961__C	11080e65200bd679cf489304f3abcc93	carat/tables/qcatalog/dim6/dir.4-2;1;1/ordnung.96/(2)^10(6)^8/group.6304
work/ext6b/2-2s2-2s1__group.628__T	110b0f87f99ea6fddf9564d10c9551f7	carat/tables/qcatalog/dim6/dir.2-2;2-2;1,1/ordnung.72/(1)^5(3)^3(6)^1/group.2808
work/ext6b/2-1s2-1s1__group.304__X101	112d3c885da5bcc93cdc7a5ebca277d3	carat/tables/qcatalog/dim6/dir.2-1;2-1;1;1/ordnung.32/(2)^4(4)^4(8)^2/group.1395
work/ext6b/4-2s1__group.971__T	1131ddfbf9bd5587d6203d8eefe8c399	carat/tables/qcatalog/dim6/dir.4-2;1,1/ordnung.72/(1)^5(3)^8(9)^3(18)^1/group.5988
work/ext6b/2-2s2-2s1__group.608__X111	11463262bb932c4de523167479cdb9bf	carat/tables/qcatalog/dim6/dir.2-2;2-2;1,1/ordnung.72/(1)^4(3)^2(6)^1/group.2792
work/ext6b/4-2s1__group.903__T	1149f1158618bc871e1494e336b08b79	carat/tables/qcatalog/dim6/dir.4-2;1;1/ordnung.144/(1)^6(3)^8(9)^2(18)^2/group.6048
work/ext6b/4-3ps1__group.1001__C	1182f3ac5a1616248f73f49eefb04686	carat/tables/qcatalog/dim6/dir.4-3';1;1/ordnung.40/(1)^4(5)^4(10)^2/group.7117
work/ext6b/3s1s1__group.661__C	119f4cd867157dc0eacfb6ec6657705a	carat/tables/qcatalog/dim6/dir.3;1;1;1/ordnung.96/(1)^4(2)^2(4)^6/group.3863
work/ext6b/4-2s1__group.993__X0111	11a7fa45574d5229a118f2fbd34a82eb	carat/tables/qcatalog/dim6/dir.4-2;1;1/ordnung.96/(2)^10(6)^8/group.6297
work/ext6b/2-1s1s1s1__group.256__C	11b46a08753aedc52a7dcfe2b03ff037	carat/tables/qcatalog/dim6/dir.2-1;1;1;1;1/ordnung.32/(2)^4(4)^2(8)^2/group.1223
work/ext6b/2-2s2-2s1__group.602__C	11b54c80614bf25956cdb7382358eddf	carat/tables/qcatalog/dim6/dir.2-2;2-2;1;1/ordnung.144/(1)^4(3)^4(18)^2/group.2829
work/ext6b/2-2s1c1c1__group.341__X1	11d43f0c395f486bde59f2e9dc09c785	carat/tables/qcatalog/dim6/dir.2-2;1,1,1;1/ordnung.6/(3)^2(6)^2/min.316
work/ext6b/2-2s2-1s1__group.470__C	11d55338570df9f7c0c32014dd3de1a1	carat/tables/qcatalog/dim6/dir.2-2;2-1;1;1/ordnung.96/(1)^4(2)^3(6)^1(12)^1(36)^1/group.2349
work/ext6b/4-3ps1__group.1002__X01	12038b04ed8e84d441bf597ebcaa4dae	carat/tables/qcatalog/dim6/dir.4-3';1,1/ordnung.20/(1)^3(5)^5(10)^1/group.7098
work/ext6b/4-1s1__group.810__X0101	12057ee81f336939281128032857d697	carat/tables/qcatalog/dim6/dir.4-1;1;1/ordnung.256/(2)^12(4)^4(8)^2/group.4696
work/ext6b/4-2s1__group.967__T	122a0b3e0d3780ea9581cf5d21e30080	carat/tables/qcatalog/dim6/dir.4-2;1,1/ordnung.72/(1)^5(3)^3(6)^1/group.5982
work/ext6b/3s2-1__group.682__X101	122d914cff9322faf2c1bd7c2bd9655c	carat/tables/qcatalog/dim6/dir.3;2-1;1/ordnung.192/(1)^4(2)^4(4)^4(8)^2/group.3925
work/ext6b/4-2s1__group.979__X100	1233867950d8468af3f9d96b326d4278	carat/tables/qcatalog/dim6/dir.4-2;1,1/ordnung.72/(1)^5(3)^8(9)^3(18)^1/group.5999
work/ext6b/4-2s1__group.914__X101	12550ed14145b7e3d69455ce5df92c21	carat/tables/qcatalog/dim6/dir.4-2;1;1/ordnung.144/(1)^8(3)^8(18)^2/group.6077
work/ext6b/4-1s1__group.775__T	1258eb40b4987bfd3244c43243b973c3	carat/tables/qcatalog/dim6/dir.4-1;1,1/ordnung.128/(2)^12(4)^4(8)^1/group.4458
work/ext6b/3s1c1__group.636__C	127be2c7c8a18b3b0d39aa7dda4195e1	carat/tables/qcatalog/dim6/dir.3;1,1;1/ordnung.48/(1)^2(2)^2(4)^6(8)^1/group.3790
work/ext6b/2-1s2-1s1__group.321__X0111	127e9e29653ca7f76f4df0e1c42bdf39	carat/tables/qcatalog/dim6/dir.2-1;2-1;1;1/ordnung.64/(2)^6(4)^2(8)^2/group.1495
work/ext6b/5-1__group.1030__T	127f89695fdaaaa0ce64fe5af2265a22	carat/tables/qcatalog/dim6/dir.5-1;1/ordnung.320/(1)^16(2)^1(4)^8(8)^1/group.7358
work/ext6b/4-1s1__group.880__X0111	128a5193d795feeec1fb34d4b1d7757c	carat/tables/qcatalog/dim6/dir.4-1;1;1/ordnung.64/(2)^2(4)^12(8)^4/group.4829
work/ext6b/4-1s1__group.843__T	129c315581314e4757c58104aba8cdb1	carat/tables/qcatalog/dim6/dir.4-1;1;1/ordnung.48/(2)^6(4)^4/group.4808
work/ext6b/4-1s1__group.866__X101	12b84c5443ef14e0dd8a652c9b54fe06	carat/tables/qcatalog/dim6/dir.4-1;1;1/ordnung.64/(2)^8(4)^8(8)^2/group.4885
work/ext6b/2-1s2-1s1__group.276__X10	12cd44ef6821dacda4229fe05e6045fb	carat/tables/qcatalog/dim6/dir.2-1;2-1;1;1/ordnung.16/(2)^4(8)^4/group.1338
work/ext6b/4-1s1__group.809__C	12de3e99cff2b6a9da86b77cc7073707	carat/tables/qcatalog/dim6/dir.4-1;1;1/ordnung.48/(1)^2(2)^4(6)^2(12)^2/group.4798
work/ext6b/2-2s1c1c1__group.339__C	12e1104543bb06aac9554e151b5377cc	carat/tables/qcatalog/dim6/dir.2-2;1,1,1;1/ordnung.48/(1)^3(3)^1(6)^2/group.1726
work/ext6b/2-1s1c1c1__min.79__X1	12e159b30f775c489f0ad37a8729e34a	carat/tables/qcatalog/dim6/dir.2-1;1,1,1;1/ordnung.4/(2)^1(4)^2(24)^1/min.220
work/ext6b/2-2s2-1s1__group.411__T	12f31e48663944e01b02f07ad631a306	carat/tables/qcatalog/dim6/dir.2-2;2-1;1;1/ordnung.24/(1)^2(2)^3(6)^1(24)^2/min.369
work/ext6b/2-2s2-2s1__group.590__C	12fc37d0db6bf0c5d9120bb79e921d7f	carat/tables/qcatalog/dim6/dir.2-2;2-2;1;1/ordnung.72/(1)^5(3)^3(6)^1(18)^1/group.3126
work/ext6b/2-2s2-1s1__group.408__X01000	130482201278b8cc1cd54503a3806792	carat/tables/qcatalog/dim6/dir.2-2;2-1;1;1/ordnung.192/(1)^4(2)^3(6)^1(12)^1(36)^1/group.2030
work/ext6b/2-2s1s1s1__group.398__X0101	130fc1e25c136f22486c82598dc3ca78	carat/tables/qcatalog/dim6/dir.2-2;1;1;1;1/ordnung.48/(1)^4(2)^1(6)^1(12)^1(36)^1/group.1853
work/ext6b/3s2-1__group.699__X01	132eea6a43cd1850bd3fa7431f2577d2	carat/tables/qcatalog/dim6/dir.3;2-1;1/ordnung.96/(1)^4(2)^2(4)^6/group.4011
work/ext6b/4-1s1__group.799__X01	134666f128124785b5878a8a0a08ae27	carat/tables/qcatalog/dim6/dir.4-1;1,1/ordnung.192/(1)^2(2)^12(4)^2(8)^1/group.4479
work/ext6b/2-2s2-2s1__group.541__C	1376ce1373d618b94ca8fa00b7e728b3	carat/tables/qcatalog/dim6/dir.2-2;2-2;1;1/ordnung.36/(1)^2(3)^2(6)^2/group.2949
work/ext6b/2-2s2-2s1__group.534__X0101	13827426d2d12c23605ef458e49db385	carat/tables/qcatalog/dim6/dir.2-2;2-2;1;1/ordnung.144/(1)^6(3)^2(6)^2/group.2894
work/ext6b/2-2s2-2s1__group.561__T	13ba4c441dfed7d5477921f5b63b5dcb	carat/tables/qcatalog/dim6/dir.2-2;2-2;1;1/ordnung.36/(1)^3(3)^3(18)^2/group.2975
work/ext6b/2-1s2-1s1__group.301__X110	13caf7eada04289bea6ebbaea2247ee9	carat/tables/qcatalog/dim6/dir.2-1;2-1;1,1/ordnung.32/(2)^4(4)^4(8)^1/group.1282
work/ext6b/3s2-1__group.676__X101	13e1d3139b794d15a6f8d1cd8898551f	carat/tables/qcatalog/dim6/dir.3;2-1;1/ordnung.192/(1)^2(2)^4(4)^6(8)^2/group.3882
work/ext6b/4-2s1__group.932__T	13ed9ca8622b953a26187c76a8aa2258	carat/tables/qcatalog/dim6/dir.4-2;1,1/ordnung.24/(2)^5(6)^4/group.5942
work/ext6b/2-2s2-2s1__group.539__X01	13f849f054f2721a3045a4b3bfabf90c	carat/tables/qcatalog/dim6/dir.2-2;2-2;1,1/ordnung.18/(3)^4(18)^1/group.2726
work/ext6b/3s2-1__group.693__C	13fc1bdabf5e220fc4f53d97c9d6b1dd	carat/tables/qcatalog/dim6/dir.3;2-1;1/ordnung.192/(1)^4(2)^4(4)^6/group.3959
work/ext6b/3s2-1__group.700__X11	14035a1cfb1166709a43178e81ee75b2	carat/tables/qcatalog/dim6/dir.3;2-1;1/ordnung.96/(1)^4(2)^2(4)^6/group.4010
work/ext6b/4-2s1__group.905__X100	143c6ce4f9bba1831ca3de6a18911361	carat/tables/qcatalog/dim6/dir.4-2;1;1/ordnung.144/(1)^7(3)^8(9)^1(18)^2/group.6072
work/ext6b/2-1s2-1s1__min.94__X10	144e6ea678416791a29e5716742c3e2b	carat/tables/qcatalog/dim6/dir.2-1;2-1;1,1/ordnung.16/(2)^4(8)^3/min.255
work/ext6b/4-3s1__group.1021__X01	1465071f01c27593a8bfbd7d518e8221	carat/tables/qcatalog/dim6/dir.4-3;1,1/ordnung.40/(1)^5(5)^11(10)^1/group.7189
work/ext6b/4-2s1__group.914__X100	148314962f67140faffe42420528ae25	carat/tables/qcatalog/dim6/dir.4-2;1;1/ordnung.144/(1)^7(3)^8(9)^1(18)^2/group.6065
work/ext6b/2-2s2-1s1__group.495__C	1483684afbd9a3e1b55953d62bc7e4db	carat/tables/qcatalog/dim6/dir.2-2;2-1;1;1/ordnung.96/(1)^4(2)^4(12)^2/group.2372
work/ext6b/2-2s2-2s1__group.528__T	1483f89cdc71c43f24d933badbf20061	carat/tables/qcatalog/dim6/dir.2-2;2-2;1;1/ordnung.144/(1)^5(3)^1(6)^2/group.2839
work/ext6b/3s2-1__group.684__X011	14a64b9abe90db4fca5b6e45afc25d95	carat/tables/qcatalog/dim6/dir.3;2-1;1/ordnung.192/(1)^4(2)^4(4)^4(8)^2/group.3919
work/ext6b/2-2s1c1c1__min.104__T	14b400ba90b255245e62cc7a7d69b326	carat/tables/qcatalog/dim6/dir.2-2;1,1,1,1/ordnung.3/(3)^2(12)^1/min.311
work/ext6b/4-1s1__group.796__X11	14bebc0483480b0a00f4c67fd0628bb8	carat/tables/qcatalog/dim6/dir.4-1;1;1/ordnung.192/(2)^10/group.4669
work/ext6b/3s2-1__group.683__T	14c42aaa8dfccb484af944e9cf6fcf4a	carat/tables/qcatalog/dim6/dir.3;2-1;1/ordnung.192/(1)^4(2)^4(4)^6/group.3960
work/ext6b/4-1s1__group.827__C	14c8805175f434c4aa870e0b6f5f373a	carat/tables/qcatalog/dim6/dir.4-1;1;1/ordnung.64/(2)^2(4)^14(8)^2/group.4844
work/ext6b/2-1s2-1s1__min.100__X10	14d64173ce5ecf0e1bb798664682e89c	carat/tables/qcatalog/dim6/dir.2-1;2-1;1;1/ordnung.8/(2)^2(8)^4/min.277
work/ext6b/4-2s1__group.993__X0100	14e5af943010cc29613137a2b4ab4b3f	carat/tables/qcatalog/dim6/dir.4-2;1,1/ordnung.96/(2)^9(6)^8/group.6004
work/ext6b/4-3s1__group.1021__X11	14e6a3ce77d0dab90f0066ce0a92c433	carat/tables/qcatalog/dim6/dir.4-3;1;1/ordnung.40/(1)^6(5)^10(10)^2/group.7218
work/ext6b/2-1s2-1s1__group.305__C	14f13f390f6bd138a15f922e682393a6	carat/tables/qcatalog/dim6/dir.2-1;2-1;1;1/ordnung.64/(2)^4(4)^6/group.1475
work/ext6b/4-2s1__group.950__C	14fab0df5e94e979dbd66508316ae817	carat/tables/qcatalog/dim6/dir.4-2;1;1/ordnung.72/(1)^4(3)^4(18)^2/group.6240
work/ext6b/2-2s2-2s1__group.631__X100	14fb9dd33cee0d75947d526ee6a73087	carat/tables/qcatalog/dim6/dir.2-2;2-2;1,1/ordnung.72/(1)^5(3)^3(6)^1/group.2807
work/ext6b/2-2s2-1s1__group.511__X0101	1515fbe295a5e903d3f7e5d3f7ba40a5	carat/tables/qcatalog/dim6/dir.2-2;2-1;1;1/ordnung.96/(1)^4(2)^4(24)^2/group.2422
work/ext6b/2-2s2-1s1__group.433__X01	1524c88b61c9bd2ee76e107bb9de15dc	carat/tables/qcatalog/dim6/dir.2-2;2-1;1,1/ordnung.24/(1)^4(2)^1(6)^1(24)^1/group.1942
work/ext6b/1c1c1c1s1__min.60__X1	1538745e779a18eff4dd0849e48019a9	carat/tables/qcatalog/dim6/dir.1,1,1,1;1,1/ordnung.2/(2)^1(16)^1/min.173
work/ext6b/4-1s1__group.869__X110	1538cf1d349c4a465bebe30101df2f78	carat/tables/qcatalog/dim6/dir.4-1;1,1/ordnung.64/(2)^8(4)^8(8)^1/group.4555
work/ext6b/2-2s2-2s1__group.528__X0111	154a7ff44b29ebb5ba02d9b8ed3e0037	carat/tables/qcatalog/dim6/dir.2-2;2-2;1;1/ordnung.144/(1)^5(3)^1(6)^2/group.2841
work/ext6b/4-2s1__group.938__X100	1557dbe5bf4925d0bbfe22d3ddcc28b6	carat/tables/qcatalog/dim6/dir.4-2;1;1/ordnung.288/(1)^10(3)^6(6)^2/group.6129
work/ext6b/2-1s1c1s1__group.246__X10	15624f830014ac20a20c48c84791ac42	carat/tables/qcatalog/dim6/dir.2-1;1,1;1;1/ordnung.8/(2)^1(4)^2(8)^2/min.229
work/ext6b/3s2-2__group.740__X101	156a5e622f5ae8333f88016f5c788ac1	carat/tables/qcatalog/dim6/dir.3;2-2;1/ordnung.288/(1)^8(2)^2(4)^1(12)^2(36)^1/group.4202
work/ext6b/1c1c1c1s1__group.207__X11	15997c1b7ebd0eaee0c2dfa7acacc064	carat/tables/qcatalog/dim6/dir.1,1,1,1;1;1/ordnung.4/(2)^2(16)^1/min.177
work/ext6b/4-3s1__group.1005__C	15b7734815bc50aa06db78cc8cd20790	carat/tables/qcatalog/dim6/dir.4-3;1;1/ordnung.240/(1)^11(5)^5(10)^1(50)^1/group.7197
work/ext6b/2-2s2-2s1__group.532__X0100	160e12321e92a0adc7fd1f95e5dc9797	carat/tables/qcatalog/dim6/dir.2-2;2-2;1;1/ordnung.144/(1)^6(3)^2(6)^2/group.2909
work/ext6b/2-2s2-2s1__group.582__X11	16196c410ed1b87a9f7587440b60a528	carat/tables/qcatalog/dim6/dir.2-2;2-2;1;1/ordnung.36/(1)^4(3)^4(18)^2/group.2999
work/ext6b/4-1s1__group.798__X101	1621f0de7c940562bcd605ad651948e8	carat/tables/qcatalog/dim6/dir.4-1;1;1/ordnung.192/(2)^10(4)^8/group.4675
work/ext6b/2-1s2-1s1__group.289__X100	16401c1c7fb148b923a9ca138e6c924f	carat/tables/qcatalog/dim6/dir.2-1;2-1;1,1/ordnung.32/(2)^4(8)^3/group.1297
work/ext6b/2-2s2-2s1__group.633__X101	16409623eebe0315ea4cd6c153d9341f	carat/tables/qcatalog/dim6/dir.2-2;2-2;1;1/ordnung.72/(1)^6(3)^2(6)^2/group.3153
work/ext6b/2-2s2-1s1__group.490__T	164b35faf7b84554b863515a6dc0dbc2	carat/tables/qcatalog/dim6/dir.2-2;2-1;1;1/ordnung.48/(1)^4(2)^4(24)^2/group.2293
work/ext6b/3s2-1__min.139__C	1691086fb4cc84a81caf61a603dc685a	carat/tables/qcatalog/dim6/dir.3;2-1;1/ordnung.96/(1)^4(2)^2(4)^6/group.4017
work/ext6b/4-1s1__group.777__X1100	16cb3405e550252f074b78a5f95b5189	carat/tables/qcatalog/dim6/dir.4-1;1;1/ordnung.128/(2)^8(4)^8(8)^2/group.4642
work/ext6b/4-2s1__group.938__X011	16e65d61c53f9ff0f24697fd78fd8b26	carat/tables/qcatalog/dim6/dir.4-2;1;1/ordnung.288/(1)^10(3)^6(6)^2/group.6120
work/ext6b/2-1s1s1s1__group.266__C	16f94a104e771a383c8f2964d8bf042e	carat/tables/qcatalog/dim6/dir.2-1;1;1;1;1/ordnung.64/(2)^4(4)^2(8)^2/group.1250
work/ext6b/2-2s2-2s1__group.532__C	1715a124f39035e8df5f98bd723febbe	carat/tables/qcatalog/dim6/dir.2-2;2-2;1;1/ordnung.288/(1)^6(3)^2(6)^2/group.2940
work/ext6b/2-2s1c1s1__group.368__T	172c2934d1a8b244d331e0bc257d0dba	carat/tables/qcatalog/dim6/dir.2-2;1,1;1;1/ordnung.24/(1)^4(2)^1(6)^1(24)^1/group.1773
work/ext6b/2-2s2-1s1__group.415__C	174254c42807e2da6289e87289f3918c	carat/tables/qcatalog/dim6/dir.2-2;2-1;1;1/ordnung.48/(1)^2(2)^4(4)^1(12)^1/group.2124
work/ext6b/2-2s2-2s1__group.615__X010	17622444ef3807018a807d1b89c72b8f	carat/tables/qcatalog/dim6/dir.2-2;2-2;1;1/ordnung.72/(1)^5(3)^3(6)^1(18)^1/group.3109
work/ext6b/2-2s2-2s1__group.613__X111	176ea9514e05e5b5afe1f2b76a446983	carat/tables/qcatalog/dim6/dir.2-2;2-2;1;1/ordnung.72/(1)^4(3)^4(18)^2/group.3070
work/ext6b/2-2s1s1s1__min.114__X11	1794d3a1fa88b1ef4cf5ab1a04725271	carat/tables/qcatalog/dim6/dir.2-2;1;1;1;1/ordnung.12/(1)^4(12)^2(36)^2/min.348
work/ext6b/3s2-1__group.699__X10	179a5a8f36224e401a99657b7e3816ba	carat/tables/qcatalog/dim6/dir.3;2-1;1/ordnung.96/(1)^4(4)^8/group.4047
work/ext6b/2-2s2-2s1__group.545__X100	17ac33c6f8e4aacac4e99622f6f0dd7c	carat/tables/qcatalog/dim6/dir.2-2;2-2;1,1/ordnung.18/(1)^2(3)^4(9)^2(18)^1/group.2724
work/ext6b/2-2s1s1s1__group.386__X110	17cba14e972960d665af4fdfa4519298	carat/tables/qcatalog/dim6/dir.2-2;1;1;1;1/ordnung.24/(1)^4(2)^1(6)^1(12)^1(36)^1/group.1822
work/ext6b/3s2-2__group.739__X110	17ddfe1a42c48245ed8e0f3ec2fd3ebb	carat/tables/qcatalog/dim6/dir.3;2-2;1/ordnung.288/(1)^8(2)^2(4)^2(12)^2/group.4228
work/ext6b/2-2s2-2s1__group.522__X01	17deac546c5916f34c88af40cd3ac609	carat/tables/qcatalog/dim6/dir.2-2;2-2;1;1/ordnung.12/(2)^2(6)^4/group.2815
work/ext6b/2-2s2-2s1__group.544__T	17e4023d07b00f2e948289b65bb30580	carat/tables/qcatalog/dim6/dir.2-2;2-2;1,1/ordnung.18/(1)^2(3)^4(9)^2(18)^1/group.2725
work/ext6b/3s2-2__group.727__T	17e674d487b2f3e3a455b0089d284411	carat/tables/qcatalog/dim6/dir.3;2-2;1/ordnung.24/(2)^5(4)^6(24)^1/group.4158
work/ext6b/4-1s1__group.864__X11	180b231d540c4077d32a33b8f73051b9	carat/tables/qcatalog/dim6/dir.4-1;1;1/ordnung.64/(2)^8(4)^8(8)^2/group.4871
work/ext6b/4-2s1__group.927__X11	18196662030d0d7b6c5ccbf9b43c05d1	carat/tables/qcatalog/dim6/dir.4-2;1;1/ordnung.24/(2)^6(6)^4/group.6108
work/ext6b/4-2s1__group.979__X001	18226d8d3c9719087d30c8f6cdb352fa	carat/tables/qcatalog/dim6/dir.4-2;1;1/ordnung.72/(1)^6(3)^8(9)^2(18)^2/group.6280
work/ext6b/4-2s1__group.930__C	182452fe83b376ccbaf8685541a57412	carat/tables/qcatalog/dim6/dir.4-2;1;1/ordnung.48/(2)^6(6)^4/group.6206
work/ext6b/3s2-2__group.753__T	1837e565be8f40c903a0f8cfcfe6887f	carat/tables/qcatalog/dim6/dir.3;2-2;1/ordnung.72/(1)^6(2)^1(4)^4(24)^1/group.4321
work/ext6b/3s2-2__group.713__T	187f64e132c0d044f9f719996355711e	carat/tables/qcatalog/dim6/dir.3;2-2;1/ordnung.144/(1)^6(2)^2(4)^4(12)^2/group.4099
work/ext6b/4-2s1__group.936__X011	188fe565120b1b0627cf301682fc5f98	carat/tables/qcatalog/dim6/dir.4-2;1;1/ordnung.288/(1)^8(3)^8(18)^2/group.6155
work/ext6b/2-2s2-1s1__group.502__C	1899c5c9d3577f2109e3f5ceae4328ab	carat/tables/qcatalog/dim6/dir.2-2;2-1;1;1/ordnung.96/(1)^4(2)^4(12)^2/group.2355
work/ext6b/4-1s1__group.830__X100	18a2a1ccfe5c949fbdc06384a5842561	carat/tables/qcatalog/dim6/dir.4-1;1;1/ordnung.32/(2)^2(4)^6(8)^2/group.4764
work/ext6b/2-2s2-1s1__group.499__C	18ddcaada13dabe5cb410cfad0378177	carat/tables/qcatalog/dim6/dir.2-2;2-1;1;1/ordnung.96/(1)^4(2)^4(12)^2/group.2362
work/ext6b/3s2-2__group.720__T	1904e601c456025870c855253bdff532	carat/tables/qcatalog/dim6/dir.3;2-2;1/ordnung.144/(1)^8(2)^1(4)^2(12)^2(72)^1/group.4104
work/ext6b/4-1s1__group.846__C	19077b3826f4827719462c1fff047a31	carat/tables/qcatalog/dim6/dir.4-1;1;1/ordnung.96/(2)^6(6)^4/group.4930
work/ext6b/2-2s2-2s1__group.524__X01	192643e36cf155e5323a4a61d599dff7	carat/tables/qcatalog/dim6/dir.2-2;2-2;1;1/ordnung.12/(2)^4(6)^4(18)^2/group.2819
work/ext6b/4-1s1__group.854__X01	19349504ee8d39a5161ec3bed5dd9193	carat/tables/qcatalog/dim6/dir.4-1;1,1/ordnung.576/(1)^4(2)^9(4)^4/group.4540
work/ext6b/4-2s1__min.155__T	1941c9af72607da759b78f43f102e1f9	carat/tables/qcatalog/dim6/dir.4-2;1;1/ordnung.12/(2)^4(6)^2/min.574
work/ext6b/4-3s1__group.1017__X11	194790c056a239d511580b67b5a6b81b	carat/tables/qcatalog/dim6/dir.4-3;1;1/ordnung.240/(1)^12(5)^4(10)^2/group.7211
work/ext6b/3s2-2__group.719__X01	1955fce82abc8beebf296bc1938274a0	carat/tables/qcatalog/dim6/dir.3;2-2;1/ordnung.144/(1)^8(2)^2(4)^1(12)^2(36)^1/group.4124
work/ext6b/2-1s1c1s1__group.235__C	1956a24e6d530eb706529256aae2586d	carat/tables/qcatalog/dim6/dir.2-1;1,1;1;1/ordnung.32/(2)^4(4)^2(8)^1/group.1177
work/ext6b/4-1s1__group.784__X001	1958f95215911f15754cc04da14b23b3	carat/tables/qcatalog/dim6/dir.4-1;1;1/ordnung.16/(2)^2(4)^4(8)^4/group.4652
work/ext6b/2-1s2-1s1__group.314__X011	19635818f57366012860bf97feed911b	carat/tables/qcatalog/dim6/dir.2-1;2-1;1;1/ordnung.32/(2)^2(4)^4(8)^4/group.1349
work/ext6b/2-2s1s1s1__group.383__X100	197e59c707ced92871cfe81089d33d9a	carat/tables/qcatalog/dim6/dir.2-2;1;1;1;1/ordnung.24/(1)^4(2)^1(6)^1(12)^1(36)^1/group.1828
work/ext6b/4-2s1__group.978__X110	19ce590d8b3e530d4c96e53dc6e2aa4b	carat/tables/qcatalog/dim6/dir.4-2;1;1/ordnung.72/(1)^6(3)^8(9)^2(18)^2/group.6273
work/ext6b/2-2s2-2s1__group.535__X1111	19d51801fcdb1c9d91efff43e637c2ab	carat/tables/qcatalog/dim6/dir.2-2;2-2;1,1/ordnung.144/(1)^5(3)^3(6)^1/group.2716
work/ext6b/2-2s2-2s1__group.578__T	19d94e41168be4f371c9158dad0e6781	carat/tables/qcatalog/dim6/dir.2-2;2-2;1;1/ordnung.36/(1)^4(3)^2(6)^1(18)^1/group.2995
work/ext6b/2-2s2-1s1__group.511__X1010	19e95b57b69afd6f14f570c5b8f403c9	carat/tables/qcatalog/dim6/dir.2-2;2-1;1;1/ordnung.96/(1)^4(2)^4(12)^2/group.2374
work/ext6b/4-1s1__group.774__T	19f4b63b6dd820b5966179eb4d459bc7	carat/tables/qcatalog/dim6/dir.4-1;1;1/ordnung.128/(2)^12(4)^4(8)^2/group.4609
work/ext6b/2-1s1s1s1__min.86__X11	19fabc7ca407ee58e282cb8f010c144e	carat/tables/qcatalog/dim6/dir.2-1;1;1;1;1/ordnung.8/(2)^4(16)^4/min.249
work/ext6b/1s1s1s1s1__group.221__C	1a231f50ccfd686eca84de39db40ba6c	carat/tables/qcatalog/dim6/dir.1;1;1;1;1;1/ordnung.64/(2)^2(4)^4/group.1080
work/ext6b/2-1s1c1s1__group.237__X010	1a456b1fe9b43e9539164b30cc83ad67	carat/tables/qcatalog/dim6/dir.2-1;1,1;1;1/ordnung.16/(2)^2(4)^2(8)^1/group.1141
work/ext6b/3s2-2__group.736__T	1a48fea052d94fc5296de85e822991cb	carat/tables/qcatalog/dim6/dir.3;2-2;1/ordnung.288/(1)^8(2)^2(4)^2(12)^2/group.4222
work/ext6b/2-2s2-1s1__group.487__X001	1a5b1522b3007ba05c20bbfea92fc366	carat/tables/qcatalog/dim6/dir.2-2;2-1;1;1/ordnung.48/(1)^4(2)^4(24)^2/group.2287
work/ext6b/3s1c1__group.648__X100	1a66a4560e139a605c2f802980ec175e	carat/tables/qcatalog/dim6/dir.3;1,1;1/ordnung.96/(1)^4(2)^2(4)^4(8)^1/group.3829
work/ext6b/4-2s1__group.973__X10	1a67c3b048b9448bfe1ae539733e5a49	carat/tables/qcatalog/dim6/dir.4-2;1,1/ordnung.72/(1)^5(3)^8(9)^3(18)^1/group.5987
work/ext6b/4-1ps1__min.141__T	1a6810774bcfbc36bcf0dfa8640b96d8	carat/tables/qcatalog/dim6/dir.4-1';1,1/ordnung.8/(2)^1(4)^2(8)^2/min.468
work/ext6b/2-2s2-1s1__group.455__X110	1a6ce4b1b3ffb54a81150c44e696e2f8	carat/tables/qcatalog/dim6/dir.2-2;2-1;1,1/ordnung.48/(1)^2(2)^4(24)^1/group.1966
work/ext6b/2-2s2-2s1__group.530__X1001	1a724ca549a941595ef640f9419df3b3	carat/tables/qcatalog/dim6/dir.2-2;2-2;1;1/ordnung.144/(1)^5(3)^3(6)^1(18)^1/group.2861
work/ext6b/3s2-2__group.737__X101	1a8901ecd7026bf55390c2437f0246f3	carat/tables/qcatalog/dim6/dir.3;2-2;1/ordnung.288/(1)^8(2)^2(4)^2(12)^2/group.4215
work/ext6b/5-2__min.169__T	1aa4fbf2cad1e8ac84c3dcc3ddd4ccba	carat/tables/qcatalog/dim6/dir.5-2;1/ordnung.60/(1)^8(2)^9(6)^1(12)^7(36)^1/min.650
work/ext6b/3s2-2__group.741__X010	1aabf18924b18719a45987c418a771d7	carat/tables/qcatalog/dim6/dir.3;2-2;1/ordnung.288/(1)^8(2)^2(4)^2(12)^2/group.4262
work/ext6b/2-2s2-2s1__group.625__X100	1ad5b85305d6d671d4a81fde49cb2dc3	carat/tables/qcatalog/dim6/dir.2-2;2-2;1;1/ordnung.72/(1)^6(3)^2(6)^2/group.3150
work/ext6b/4-2s1__group.920__X11	1ae1ef59a83024c557b29e1d97ce91db	carat/tables/qcatalog/dim6/dir.4-2;1;1/ordnung.144/(1)^10(3)^6(6)^2/group.6009
work/ext6b/2-2s1s1s1__group.406__X0011	1b567405592fdce0f3412fb4e51b4886	carat/tables/qcatalog/dim6/dir.2-2;1;1;1;1/ordnung.48/(1)^4(2)^2(12)^2/group.1866
work/ext6b/2-1s2-1s1__min.98__X10	1b6a5221840fa5d684e6d7936af8082c	carat/tables/qcatalog/dim6/dir.2-1;2-1;1;1/ordnung.8/(2)^2(8)^4/min.274
work/ext6b/2-2s2-1s1__group.408__X11010	1b6be519d0d4ba60e973fc31a1d9d8de	carat/tables/qcatalog/dim6/dir.2-2;2-1;1;1/ordnung.192/(1)^4(2)^4(12)^2/group.2037
work/ext6b/3s2-1__group.680__C	1b6d8348f81f2964a22d528a6ea6b992	carat/tables/qcatalog/dim6/dir.3;2-1;1/ordnung.384/(1)^4(2)^4(4)^6/group.3982
work/ext6b/2-1s2-1s1__group.288__X001	1b911c0070fd00278f97ce7bf2e5c295	carat/tables/qcatalog/dim6/dir.2-1;2-1;1,1/ordnung.32/(2)^4(8)^3/group.1296
work/ext6b/2-2s1c1s1__group.370__C	1bb4ae14e72f16940857dc103709b9f6	carat/tables/qcatalog/dim6/dir.2-2;1,1;1;1/ordnung.48/(1)^4(2)^1(6)^1(24)^1/group.1803
work/ext6b/3s2-2__group.722__T	1bc8e8bebf994bdcd659ba645e5a316a	carat/tables/qcatalog/dim6/dir.3;2-2;1/ordnung.144/(1)^8(2)^2(4)^2(12)^2/group.4138
work/ext6b/1c1s1s1s1__group.214__X011	1bcc44003e58cf4c782e0b88892c05b6	carat/tables/qcatalog/dim6/dir.1,1;1;1;1;1/ordnung.8/(2)^2(4)^2(32)^1/min.192
work/ext6b/3s1s1__group.650__T	1bcc4876f8f7757585518acb689074ff	carat/tables/qcatalog/dim6/dir.3;1;1;1/ordnung.48/(1)^2(2)^2(4)^6(8)^2/min.442
work/ext6b/4-1s1__group.846__X11	1bd16b154b87c7ec3d29d13a0a16d77a	carat/tables/qcatalog/dim6/dir.4-1;1;1/ordnung.48/(2)^6(6)^4/group.4814
work/ext6b/2-2s2-2s1__group.622__X100	1be3bf473fd2e6370963b6ddf999a2b9	carat/tables/qcatalog/dim6/dir.2-2;2-2;1,1/ordnung.72/(1)^4(3)^4(18)^1/group.2800
work/ext6b/2-2s2-2s1__group.540__C	1c0901d0bfa79f199f2689c19afd7633	carat/tables/qcatalog/dim6/dir.2-2;2-2;1;1/ordnung.36/(1)^2(3)^2(6)^2/group.2951
work/ext6b/3s2-1__group.677__X111	1c1cd290d65c2cab35e36e47dace2039	carat/tables/qcatalog/dim6/dir.3;2-1;1/ordnung.192/(1)^4(2)^4(4)^4(8)^2/group.3914
work/ext6b/4-1s1__min.151__X01	1c25ec9bc4ae8439df2fd1feb15f131b	carat/tables/qcatalog/dim6/dir.4-1;1;1/ordnung.8/(2)^2(8)^4/min.502
work/ext6b/2-2s2-1s1__group.476__X011	1c38a492fafe7e93fc3981a7e073c691	carat/tables/qcatalog/dim6/dir.2-2;2-1;1;1/ordnung.48/(1)^4(2)^3(6)^1(24)^1(72)^1/group.2225
work/ext6b/2-2s2-1s1__group.422__T	1c4c30cc3dd38de891f3a280906e70e2	carat/tables/qcatalog/dim6/dir.2-2;2-1;1,1/ordnung.24/(1)^2(2)^2(24)^1/group.1920
work/ext6b/4-1s1__min.148__X01	1c62004f751e7a7892fbc1f889798802	carat/tables/qcatalog/dim6/dir.4-1;1,1/ordnung.32/(2)^1(4)^14(8)^2/min.485
work/ext6b/4-2s1__group.944__X0100	1caf729948f140d8178126722bf31d2a	carat/tables/qcatalog/dim6/dir.4-2;1,1/ordnung.288/(1)^9(3)^7(6)^1/group.5951
work/ext6b/3s1c1__group.642__X01	1cb4a0d57ea609659c6605d0754ae16f	carat/tables/qcatalog/dim6/dir.3;1,1,1/ordnung.48/(1)^4(4)^5(12)^1/group.3786
work/ext6b/2-2s2-1s1__group.442__C	1cd2586f010f475e1d5d738e5bd2e1c4	carat/tables/qcatalog/dim6/dir.2-2;2-1;1;1/ordnung.48/(1)^4(2)^3(6)^1(12)^1(36)^1/group.2211
work/ext6b/3s2-2__group.734__X001	1cd3b5dd5c96aad39bc70de081a1b549	carat/tables/qcatalog/dim6/dir.3;2-2;1/ordnung.288/(1)^8(2)^2(4)^2(12)^2/group.4220
work/ext6b/4-1s1__group.770__C	1ce7e4ce0dc497894e7adf29918b21f7	carat/tables/qcatalog/dim6/dir.4-1;1;1/ordnung.256/(2)^12(4)^6/group.4704
work/ext6b/4-2s1__min.159__T	1d1d88aecaf108bbd1add83f39e3a129	carat/tables/qcatalog/dim6/dir.4-2;1,1/ordnung.24/(2)^5(6)^4/min.571
work/ext6b/3s2-2__group.705__X11	1d206411143d850ad0ef5a7f8b2c7124	carat/tables/qcatalog/dim6/dir.3;2-2;1/ordnung.144/(1)^6(2)^2(4)^3(12)^1/group.4079
work/ext6b/2-1s2-1s1__group.293__X011	1d2e3b445f5cfa7bb8fb7594ede92a69	carat/tables/qcatalog/dim6/dir.2-1;2-1;1,1/ordnung.32/(2)^4(4)^2(8)^1/group.1279
work/ext6b/2-2s1c1s1__group.373__X0101	1d4696606c82cc3259811ac5188bb6ec	carat/tables/qcatalog/dim6/dir.2-2;1,1;1;1/ordnung.48/(1)^4(2)^1(6)^1(24)^1/group.1793
work/ext6b/4-3s1__min.165__T	1d5c0ce72fd23355500ee46c209e8857	carat/tables/qcatalog/dim6/dir.4-3;1;1/ordnung.20/(1)^4(5)^12(50)^2/min.639
work/ext6b/2-1s1c1c1__group.228__X11	1d6cbb9d548f12a0498cd3144f23da92	carat/tables/qcatalog/dim6/dir.2-1;1,1,1;1/ordnung.8/(2)^1(4)^2(24)^1/group.1117
work/ext6b/4-1s1__group.807__X01	1da7f625a788670b71c150c244305275	carat/tables/qcatalog/dim6/dir.4-1;1;1/ordnung.24/(2)^6(6)^4/group.4694
work/ext6b/4-1s1__group.768__X011	1db16b291ef827197c63646ab31cbeaf	carat/tables/qcatalog/dim6/dir.4-1;1;1/ordnung.1152/(1)^8(2)^10/group.4588
work/ext6b/3s2-2__group.745__X11	1db1c865ace4f051667a9c0db6a30b8f	carat/tables/qcatalog/dim6/dir.3;2-2;1/ordnung.48/(2)^10(4)^2(12)^2/group.4275
work/ext6b/4-2s1__group.916__C	1dbc9fb7e1c234fa0e35fe19b2ba90ac	carat/tables/qcatalog/dim6/dir.4-2;1;1/ordnung.288/(1)^8(3)^8(18)^2/group.6171
work/ext6b/4-1ps1__group.762__X01	1dbe8c04162931445637a29dff16de26	carat/tables/qcatalog/dim6/dir.4-1';1;1/ordnung.16/(2)^2(4)^4(8)^4/min.470
work/ext6b/4-2s1__group.958__X110	1dde774b19621928c58e9735c8f879e6	carat/tables/qcatalog/dim6/dir.4-2;1;1/ordnung.48/(2)^10(6)^8/group.6197
work/ext6b/2-2s2-2s1__group.627__X111	1dde83a587c7018783b62f65ed74eff1	carat/tables/qcatalog/dim6/dir.2-2;2-2;1,1/ordnung.72/(1)^5(3)^3(6)^1/group.2811
work/ext6b/2-1s2-1s1__group.289__T	1e085a1188602aaf154cb956a5cb0bd9	carat/tables/qcatalog/dim6/dir.2-1;2-1;1;1/ordnung.32/(2)^4(4)^2(8)^2/group.1371
work/ext6b/4-2s1__group.919__X01	1e22d9384542d489057e1a7c2351160f	carat/tables/qcatalog/dim6/dir.4-2;1;1/ordnung.144/(1)^10(3)^6(6)^2/group.6007
work/ext6b/2-2s1s1s1__group.383__C	1e37fdfd28fdd5f209dfe3e4431d3f38	carat/tables/qcatalog/dim6/dir.2-2;1;1;1;1/ordnung.48/(1)^4(2)^1(6)^1(12)^1(36)^1/group.1860
work/ext6b/2-2s2-1s1__group.504__C	1e46714da1d96fab63676c04518a813d	carat/tables/qcatalog/dim6/dir.2-2;2-1;1;1/ordnung.96/(1)^4(2)^4(12)^2/group.2386
work/ext6b/2-1s2-1s1__group.275__X00011	1e9be6c826a6bacff7018d4b06c06e41	carat/tables/qcatalog/dim6/dir.2-1;2-1;1;1/ordnung.128/(2)^6(4)^4/group.1318
work/ext6b/2-2s2-1s1__group.463__C	1e9f07ea9bf25e33a0dd50de0dc3c4dd	carat/tables/qcatalog/dim6/dir.2-2;2-1;1;1/ordnung.96/(1)^4(2)^2(12)^2/group.2331
work/ext6b/2-2s2-1s1__group.470__X010	1ea05d082424558e810e2bf879ff56fc	carat/tables/qcatalog/dim6/dir.2-2;2-1;1;1/ordnung.48/(1)^4(2)^3(6)^1(12)^1(36)^1/group.2195
work/ext6b/4-2s1__group.983__X110	1eb47e4f808da9979d9d76d8c037fcfd	carat/tables/qcatalog/dim6/dir.4-2;1;1/ordnung.72/(1)^6(3)^8(9)^2(18)^2/group.6274
work/ext6b/3s2-2__group.711__T	1ec1773dcb0dd246ce59c6ed1a6dce18	carat/tables/qcatalog/dim6/dir.3;2-2;1/ordnung.144/(1)^6(2)^2(4)^3(12)^2(36)^1/group.4093
work/ext6b/2-1s2-1s1__group.275__X00111	1ed6d1b0fc8db891c059d27d21344d4b	carat/tables/qcatalog/dim6/dir.2-1;2-1;1;1/ordnung.128/(2)^6(4)^2(8)^2/group.1314
work/ext6b/4-2s1__group.901__X001	1ee01e4bb3f25e132a860572c80f72f9	carat/tables/qcatalog/dim6/dir.4-2;1;1/ordnung.144/(1)^5(3)^8(9)^3(18)^2/group.6031
work/ext6b/2-2s2-1s1__group.498__X110	1ef2628983108134ba92c41d66ed8fa2	carat/tables/qcatalog/dim6/dir.2-2;2-1;1;1/ordnung.48/(1)^4(2)^4(24)^2/group.2296
work/ext6b/2-2s2-2s1__group.612__X011	1ef37d80e0fd7b1d0b3babcc10d109bb	carat/tables/qcatalog/dim6/dir.2-2;2-2;1;1/ordnung.72/(1)^5(3)^3(6)^1(18)^1/group.3123
work/ext6b/2-1s2-1s1__group.289__X010	1f8745899cfd55ffdb4571a48de75269	carat/tables/qcatalog/dim6/dir.2-1;2-1;1;1/ordnung.32/(2)^4(4)^2(8)^2/group.1372
work/ext6b/2-1s1c1s1__group.236__C	1f9c81dbad3a3c7fd1021b1172bf6295	carat/tables/qcatalog/dim6/dir.2-1;1,1;1;1/ordnung.32/(2)^4(4)^2(8)^1/group.1181
work/ext6b/2-2s2-2s1__group.528__X0001	1fab4ec06729bc298a3415db40a34a3b	carat/tables/qcatalog/dim6/dir.2-2;2-2;1;1/ordnung.144/(1)^4(3)^2(6)^1(18)^1/group.2825
work/ext6b/2-2s2-1s1__group.469__C	1fae41a9cf527227c5f3434b8f8f6741	carat/tables/qcatalog/dim6/dir.2-2;2-1;1;1/ordnung.96/(1)^4(2)^2(12)^2/group.2327
work/ext6b/2-2s2-1s1__group.423__X01	1fbf771b8e7fa0b6b3dc1d7f3b96dd1c	carat/tables/qcatalog/dim6/dir.2-2;2-1;1;1/ordnung.24/(1)^2(2)^2(4)^1(12)^1/group.2058
work/ext6b/3s2-1__group.702__C	1fcbe19c5ea7b34b04a00c3cc23cae49	carat/tables/qcatalog/dim6/dir.3;2-1;1/ordnung.192/(1)^4(2)^2(4)^6/group.3896
work/ext6b/2-2s2-2s1__group.622__C	1fcca997270a8439ffc8575d277e3cab	carat/tables/qcatalog/dim6/dir.2-2;2-2;1;1/ordnung.144/(1)^5(3)^3(6)^1(18)^1/group.2862
work/ext6b/4-2s1__group.966__X01	1fd347ed14e7ab57414f80821d98cef5	carat/tables/qcatalog/dim6/dir.4-2;1,1/ordnung.72/(1)^3(3)^10(9)^3(18)^1/group.5974
work/ext6b/4-1s1__group.779__X100	1feeac0d57a9797d198071a8cc1a4ca7	carat/tables/qcatalog/dim6/dir.4-1;1;1/ordnung.128/(2)^8(4)^10/group.4628
work/ext6b/2-1s1c1c1__group.224__C	200b7beed820347fc8eccb6f80e663d5	carat/tables/qcatalog/dim6/dir.2-1;1,1,1;1/ordnung.32/(2)^4(4)^1(12)^1/group.1116
work/ext6b/1c1c1c1s1__group.207__X01	202e0b3499a8e41c7ccb65129e3c408e	carat/tables/qcatalog/dim6/dir.1,1,1,1;1,1/ordnung.4/(2)^1(16)^1/group.1045
work/ext6b/3s2-2__group.718__X10	203575ab3265df763afa0ec6b36e7cb8	carat/tables/qcatalog/dim6/dir.3;2-2;1/ordnung.144/(1)^8(2)^2(4)^2(12)^2/group.4148
work/ext6b/2-2s2-2s1__group.618__X001	206367901bf934fbfb3ae4c8f1524439	carat/tables/qcatalog/dim6/dir.2-2;2-2;1;1/ordnung.72/(1)^5(3)^3(6)^1(18)^1/group.3147
work/ext6b/2-2s2-1s1__group.441__C	20646e1db0a1fab83af4b9c7c18cb53e	carat/tables/qcatalog/dim6/dir.2-2;2-1;1;1/ordnung.48/(1)^4(2)^3(6)^1(12)^1(36)^1/group.2191
work/ext6b/1c1s1c1s1__group.210__X010	206aee9a87b31e766e84583c512662f4	carat/tables/qcatalog/dim6/dir.1,1;1,1;1;1/ordnung.8/(2)^2(8)^2/group.1058
work/ext6b/2-1s1c1s1__group.239__X10	206e82c56af26b24c5848ec0e9c80ad2	carat/tables/qcatalog/dim6/dir.2-1;1,1;1,1/ordnung.8/(2)^4(16)^2/group.1137
work/ext6b/2-2s2-2s1__group.556__X10001	207a17b584ef193efe1954073c59d3c4	carat/tables/qcatalog/dim6/dir.2-2;2-2;1;1/ordnung.288/(1)^6(3)^2(6)^2/group.2939
work/ext6b/4-1s1__group.843__C	208b13e0d0a7e515b422cfe7855214af	carat/tables/qcatalog/dim6/dir.4-1;1;1/ordnung.96/(2)^6(4)^4/group.4927
work/ext6b/4-1s1__group.878__X010	209304dd0439242eb6239123860f06c4	carat/tables/qcatalog/dim6/dir.4-1;1;1/ordnung.64/(2)^2(4)^14(8)^2/group.4835
work/ext6b/2-2s2-2s1__group.571__X01	20950c0a3c68f79e29e9430bddfb2e6c	carat/tables/qcatalog/dim6/dir.2-2;2-2;1;1/ordnung.36/(1)^2(3)^6(18)^2/group.2963
work/ext6b/4-2s1__group.948__X01	209c098998d142df7211d2c092bd8a81	carat/tables/qcatalog/dim6/dir.4-2;1,1/ordnung.36/(1)^3(3)^4(9)^1(18)^1/group.5960
work/ext6b/2-1s2-1s1__min.100__T	20a48f8e5e62b32e5f848dae9a0d6834	carat/tables/qcatalog/dim6/dir.2-1;2-1;1;1/ordnung.8/(2)^2(8)^4/min.276
work/ext6b/2-1s1s1s1__group.248__T	20cc68719a2bd40350ea8f75f9f5eb89	carat/tables/qcatalog/dim6/dir.2-1;1;1;1;1/ordnung.16/(2)^4(4)^2(16)^2/group.1200
work/ext6b/2-2s2-2s1__group.618__T	20e4cc64803c0e79cec64df8426fb58f	carat/tables/qcatalog/dim6/dir.2-2;2-2;1;1/ordnung.72/(1)^5(3)^3(6)^1(18)^1/group.3140
work/ext6b/2-1s1c1s1__group.236__X011	20f06274cbce4e1109c221923f0d4a53	carat/tables/qcatalog/dim6/dir.2-1;1,1;1;1/ordnung.16/(2)^4(8)^3/group.1162
work/ext6b/4-1s1__group.818__C	210bbab22d4ca13a31983b5f8be00d68	carat/tables/qcatalog/dim6/dir.4-1;1;1/ordnung.64/(2)^2(4)^14(8)^2/group.4832
work/ext6b/3s2-2__group.757__X001	2110f327758343d5c42ebd346b71cc13	carat/tables/qcatalog/dim6/dir.3;2-2;1/ordnung.72/(1)^8(2)^1(4)^2(12)^2(72)^1/group.4330
work/ext6b/2-2s2-2s1__group.573__X11	211406e32f3a6cbb5427f2074952d459	carat/tables/qcatalog/dim6/dir.2-2;2-2;1,1/ordnung.36/(1)^3(3)^1(6)^1/group.2753
work/ext6b/4-2s1__group.933__X11	2142bce3ba46f1d81ac76eab6dd4bbea	carat/tables/qcatalog/dim6/dir.4-2;1;1/ordnung.24/(2)^6(6)^4/group.6110
work/ext6b/2-2s2-1s1__group.513__X1110	2165bdc6e2c5a84da191af9c6d411e9f	carat/tables/qcatalog/dim6/dir.2-2;2-1;1;1/ordnung.96/(1)^4(2)^4(24)^2/group.2439
work/ext6b/2-2s2-1s1__group.474__X001	217bfe7917ac1fdde6f847e8ed0fca1b	carat/tables/qcatalog/dim6/dir.2-2;2-1;1;1/ordnung.48/(1)^4(2)^3(6)^1(12)^1(36)^1/group.2186
work/ext6b/3s2-1__group.680__X001	2181c3cae58cd2b063769f034c19f54a	carat/tables/qcatalog/dim6/dir.3;2-1;1/ordnung.192/(1)^4(2)^4(4)^6/group.3950
work/ext6b/2-2s1s1s1__group.399__X0111	218c6dd2f7a1cc5678f6347a3662b00c	carat/tables/qcatalog/dim6/dir.2-2;1;1;1;1/ordnung.48/(1)^4(2)^2(12)^2/group.1881
work/ext6b/3s2-2__group.746__T	21a5fc40620d46e1007a76c43858de4f	carat/tables/qcatalog/dim6/dir.3;2-2;1/ordnung.48/(2)^10(4)^2(12)^2/group.4271
work/ext6b/4-1ps1__min.142__X1	21afb80609f2a1960ca62404f30514f8	carat/tables/qcatalog/dim6/dir.4-1';1,1/ordnung.8/(2)^1(4)^2(8)^2/min.467
work/ext6b/2-2s2-2s1__group.624__X011	21b8523586f2da63b138b10a09e4b189	carat/tables/qcatalog/dim6/dir.2-2;2-2;1,1/ordnung.72/(1)^5(3)^3(6)^1/group.2805
work/ext6b/4-1s1__group.776__X1100	21c85f8a081a208d4b579abbfe29055f	carat/tables/qcatalog/dim6/dir.4-1;1;1/ordnung.128/(2)^8(4)^8(8)^2/group.4632
work/ext6b/3s2-1__group.677__C	21d49bfaa68bd2204d67e327206ac4e6	carat/tables/qcatalog/dim6/dir.3;2-1;1/ordnung.384/(1)^4(2)^4(4)^6/group.3983
work/ext6b/2-2s2-2s1__group.562__X10	21e9d216e2cac00b07bb4975e8047c79	carat/tables/qcatalog/dim6/dir.2-2;2-2;1;1/ordnung.36/(1)^2(3)^4(6)^1(18)^1/group.2958
work/ext6b/4-1s1__group.880__C	22462e77c1527d4d7bee923c8eec875f	carat/tables/qcatalog/dim6/dir.4-1;1;1/ordnung.128/(2)^2(4)^14(8)^2/group.4613
work/ext6b/2-2s2-2s1__group.612__X001	22536c41bba0a1f1b5ae384c87d822df	carat/tables/qcatalog/dim6/dir.2-2;2-2;1;1/ordnung.72/(1)^5(3)^3(6)^1(18)^1/group.3111
work/ext6b/2-1s1c1s1__group.239__X01	2278f27501fc0596d37bbe28c21df358	carat/tables/qcatalog/dim6/dir.2-1;1,1;1;1/ordnung.8/(2)^4(8)^2(32)^1/min.238
work/ext6b/2-2s2-1s1__group.462__X111	2296193507ecf5260de23b6c134fda64	carat/tables/qcatalog/dim6/dir.2-2;2-1;1;1/ordnung.48/(1)^4(4)^2(12)^2/group.2303
work/ext6b/2-2s1s1s1__group.378__C	22b1b498ef5cb6d412d095e3349df67e	carat/tables/qcatalog/dim6/dir.2-2;1;1;1;1/ordnung.48/(1)^2(2)^2(4)^1(12)^1/group.1846
work/ext6b/2-1s1c1s1__group.233__T	22bfc85bb75d260395429ffdf4543929	carat/tables/qcatalog/dim6/dir.2-1;1,1;1,1/ordnung.16/(2)^4(8)^2/group.1131
work/ext6b/3s2-2__group.748__X10	22d30bc9ce734fc03559ef58f87516fa	carat/tables/qcatalog/dim6/dir.3;2-2;1/ordnung.72/(1)^4(2)^1(4)^4(12)^2(24)^1/group.4310
work/ext6b/3s1c1__group.634__T	22d6e5308c3897694da829e7a15e19b3	carat/tables/qcatalog/dim6/dir.3;1,1;1/ordnung.24/(1)^2(2)^2(4)^6(32)^1/min.433
work/ext6b/3s2-2__group.716__X001	22e72d5d55ce2f2486351f239e848bca	carat/tables/qcatalog/dim6/dir.3;2-2;1/ordnung.144/(1)^8(2)^1(4)^3(12)^1(24)^1/group.4115
work/ext6b/4-1ps1__group.763__X11	22e739012003bb58653b63272faed746	carat/tables/qcatalog/dim6/dir.4-1';1,1/ordnung.16/(2)^1(4)^6(8)^2/group.4403
work/ext6b/2-1s2-1s1__group.275__X01011	2322a55009f0f391d7548de85221026b	carat/tables/qcatalog/dim6/dir.2-1;2-1;1;1/ordnung.128/(2)^6(4)^4/group.1320
work/ext6b/2-2s2-2s1__group.591__X101	2329fce153cf4f89408e41d967c14a03	carat/tables/qcatalog/dim6/dir.2-2;2-2;1;1/ordnung.36/(1)^4(3)^4(18)^2/group.2997
work/ext6b/2-2s2-1s1__group.507__X0111	233ce88ed078aee5568f685b1d27f057	carat/tables/qcatalog/dim6/dir.2-2;2-1;1;1/ordnung.96/(1)^4(2)^3(6)^1(12)^1(36)^1/group.2348
work/ext6b/2-2s1s1s1__group.376__C	23435b9e3e89cc946855169f8a4e8526	carat/tables/qcatalog/dim6/dir.2-2;1;1;1;1/ordnung.48/(1)^2(2)^2(4)^1(12)^1/group.1848
work/ext6b/2-2s2-1s1__group.476__X100	23525910333ded27b25e30888db538cd	carat/tables/qcatalog/dim6/dir.2-2;2-1;1;1/ordnung.48/(1)^4(2)^2(6)^2(36)^2/group.2179
work/ext6b/2-2s2-1s1__group.442__X01	235a460192f5adaed8cd6648a5f9d070	carat/tables/qcatalog/dim6/dir.2-2;2-1;1;1/ordnung.24/(1)^4(2)^3(6)^1(24)^1(72)^1/group.2085
work/ext6b/3s1s1__group.652__T	236175cce22022cd63d7aa2c53d51e57	carat/tables/qcatalog/dim6/dir.3;1;1;1/ordnung.48/(1)^2(2)^2(4)^6(8)^2/min.440
work/ext6b/2-2s2-2s1__group.582__X10	236d68cd94ce04ecb9f0ed23b2908cbe	carat/tables/qcatalog/dim6/dir.2-2;2-2;1,1/ordnung.36/(1)^2(3)^6(18)^1/group.2749
work/ext6b/1c1c1s1s1__group.209__C	236d8f2244b2b275e73bcd86c5dee5ef	carat/tables/qcatalog/dim6/dir.1,1,1;1;1;1/ordnung.16/(2)^2(4)^1(12)^1/group.1049
work/ext6b/3s1c1__group.634__C	2378dccb2d7d84db14710e63d2068ad1	carat/tables/qcatalog/dim6/dir.3;1,1;1/ordnung.48/(1)^2(2)^2(4)^6(32)^1/group.3789
work/ext6b/3s2-1__group.693__X10	2379c2072b9eb376699ffe1d84521f30	carat/tables/qcatalog/dim6/dir.3;2-1;1/ordnung.96/(1)^4(2)^4(4)^4(8)^2/group.4031
work/ext6b/2-1s2-1s1__group.297__X111	23925624dc3b746f5ad6336d47b0cd75	carat/tables/qcatalog/dim6/dir.2-1;2-1;1,1/ordnung.32/(2)^4(4)^4(8)^1/group.1281
work/ext6b/3s2-2__max.10__C	23952684691a90961d4752f82f8e6760	carat/tables/qcatalog/dim6/dir.3;2-2;1/ordnung.1152/(1)^8(2)^2(4)^2(12)^2/group.4052
work/ext6b/4-2s1__group.956__X111	23977614fb93daccad3dbb1b7eb0c2aa	carat/tables/qcatalog/dim6/dir.4-2;1;1/ordnung.48/(2)^6(6)^4/group.6211
work/ext6b/2-1s2-1s1__group.305__X100	239fdb45b5d42b4df5b7b69071580cff	carat/tables/qcatalog/dim6/dir.2-1;2-1;1;1/ordnung.32/(2)^4(4)^4(8)^2/group.1384
work/ext6b/2-2s2-2s1__group.537__X0010	23b7ba44e5ef1ebd12c87c2e71794b93	carat/tables/qcatalog/dim6/dir.2-2;2-2;1,1/ordnung.144/(1)^5(3)^3(6)^1/group.2715
work/ext6b/3s2-2__group.737__X111	23ca6d021fbbae9128a3976b8636e897	carat/tables/qcatalog/dim6/dir.3;2-2;1/ordnung.288/(1)^8(2)^2(4)^2(12)^2/group.4235
work/ext6b/4-2ps1__group.899__X101	23d91d22695c8252550220703b92b780	carat/tables/qcatalog/dim6/dir.4-2';1;1/ordnung.48/(2)^6(6)^4/group.5866
work/ext6b/2-1s2-1s1__group.318__X1110	23e73d12a5e3a4dc750d27daf3ea0c9a	carat/tables/qcatalog/dim6/dir.2-1;2-1;1;1/ordnung.64/(2)^4(4)^4(8)^2/group.1455
work/ext6b/2-1s2-1s1__group.323__X1011	23fb7b3e45aff2fd718242818c509b4f	carat/tables/qcatalog/dim6/dir.2-1;2-1;1;1/ordnung.64/(2)^6(4)^2(8)^2/group.1492
work/ext6b/4-1s1__min.144__X10	241620f1b877a9bfa33caac23ffbd021	carat/tables/qcatalog/dim6/dir.4-1;1,1/ordnung.16/(2)^1(4)^6(8)^2/min.480
work/ext6b/2-2s2-1s1__group.471__X010	243732051adf6f6ebf667b4c0ec3d504	carat/tables/qcatalog/dim6/dir.2-2;2-1;1;1/ordnung.48/(1)^4(2)^3(6)^1(12)^1(36)^1/group.2189
work/ext6b/4-3ps1__group.1002__X10	2453c7578fca11f60b9749b4eee110c4	carat/tables/qcatalog/dim6/dir.4-3';1;1/ordnung.20/(1)^3(5)^5(10)^1(50)^1/group.7110
work/ext6b/4-1s1__group.831__X011	2458389cd9de76612807972569d7bbdb	carat/tables/qcatalog/dim6/dir.4-1;1;1/ordnung.32/(2)^2(4)^4(8)^4/group.4753
work/ext6b/2-2s1s1s1__group.374__X010	246211ad1f4f3cc680471ea559b435f4	carat/tables/qcatalog/dim6/dir.2-2;1;1;1;1/ordnung.24/(1)^2(2)^1(6)^1(12)^2/group.1810
work/ext6b/4-2s1__group.967__X01	247e08cfdbb0def25349877ff51c4e4c	carat/tables/qcatalog/dim6/dir.4-2;1;1/ordnung.72/(1)^6(3)^2(6)^2/group.6263
work/ext6b/4-2s1__group.986__T	247e12b467e122435f84834ac410748d	carat/tables/qcatalog/dim6/dir.4-2;1;1/ordnung.72/(1)^7(3)^8(9)^1(18)^2/group.6290
work/ext6b/4-1s1__group.870__T	2493ee465e3db33d36deeb3325fc523b	carat/tables/qcatalog/dim6/dir.4-1;1,1/ordnung.64/(2)^8(4)^8(8)^1/group.4552
work/ext6b/4-2s1__group.977__X10	24ac117f15871a2b2601e1cd0f41deed	carat/tables/qcatalog/dim6/dir.4-2;1,1/ordnung.72/(1)^5(3)^8(9)^3(18)^1/group.5994
work/ext6b/4-2s1__group.909__X101	24afde1dbacae6119c46541ed39cae87	carat/tables/qcatalog/dim6/dir.4-2;1;1/ordnung.144/(1)^8(3)^8(18)^2/group.6099
work/ext6b/2-2s1c1s1__group.359__C	24b92d43c91f4d9452f1c53e5eb17662	carat/tables/qcatalog/dim6/dir.2-2;1,1;1;1/ordnung.24/(1)^4(6)^2(72)^1/group.1788
work/ext6b/4-2s1__group.921__X001	24bef92fd853780540085be464b5c027	carat/tables/qcatalog/dim6/dir.4-2;1;1/ordnung.144/(1)^10(3)^6(6)^2/group.6014
work/ext6b/2-2s2-1s1__group.508__C	24e4bc071df3fd849b926eec03a9a942	carat/tables/qcatalog/dim6/dir.2-2;2-1;1;1/ordnung.192/(1)^4(2)^4(12)^2/group.2034
work/ext6b/2-2s2-1s1__group.517__X1111	24fbc7ee1e1372832f69b04dc464f54d	carat/tables/qcatalog/dim6/dir.2-2;2-1;1;1/ordnung.96/(1)^4(2)^4(12)^2/group.2409
work/ext6b/4-1s1__group.768__X010	25196a2418779d990d02419f963264c7	carat/tables/qcatalog/dim6/dir.4-1;1;1/ordnung.1152/(1)^8(2)^10/group.4590
work/ext6b/2-2s2-2s1__group.532__X1101	25285cb066562d29e1f38f768ea1803b	carat/tables/qcatalog/dim6/dir.2-2;2-2;1;1/ordnung.144/(1)^6(3)^2(6)^2/group.2889
work/ext6b/4-1s1__group.860__X001	253702ef6c228802d346e96449f76df0	carat/tables/qcatalog/dim6/dir.4-1;1;1/ordnung.64/(2)^8(4)^8(8)^2/group.4856
work/ext6b/2-1c2-1s1__group.223__C	2546e6d7d618f747f882054133fd8aa9	carat/tables/qcatalog/dim6/dir.2-1,2-1;1;1/ordnung.32/(2)^2(4)^2(8)^2/group.1095
work/ext6b/4-2s1__group.982__X010	254868e4461ca8f29a9898ad38ad9458	carat/tables/qcatalog/dim6/dir.4-2;1,1/ordnung.72/(1)^5(3)^8(9)^3(18)^1/group.5997
work/ext6b/4-1s1__group.781__X001	254c73ad457f40411eceace0dffb96f3	carat/tables/qcatalog/dim6/dir.4-1;1;1/ordnung.144/(1)^8(2)^2(6)^8/group.4646
work/ext6b/4-3s1__group.1018__C	257572970dcbc32977fa7f678f965b5b	carat/tables/qcatalog/dim6/dir.4-3;1;1/ordnung.480/(1)^12(5)^4(10)^2/group.7227
work/ext6b/4-1s1__group.887__T	259104b05231d132e6e83c5022b59c98	carat/tables/qcatalog/dim6/dir.4-1;1,1/ordnung.96/(2)^9(4)^8/group.4575
work/ext6b/4-2s1__group.950__X01	25a10a0ad38392798b57b173006a0b0f	carat/tables/qcatalog/dim6/dir.4-2;1;1/ordnung.36/(1)^2(3)^6(18)^2/group.6174
work/ext6b/2-2s1s1s1__group.384__X001	25c56183f5dd898cc59369b3aa54841e	carat/tables/qcatalog/dim6/dir.2-2;1;1;1;1/ordnung.24/(1)^4(4)^1(12)^2(36)^1/group.1836
work/ext6b/4-2s1__group.955__X011	25f07d7fe65cc5d8a1dc99c952f6e8aa	carat/tables/qcatalog/dim6/dir.4-2;1;1/ordnung.48/(2)^6(6)^4/group.6214
work/ext6b/2-1s1c1c1__group.224__X001	25fc275158f8ad37e68f84eb1345c519	carat/tables/qcatalog/dim6/dir.2-1;1,1,1;1/ordnung.16/(2)^4(4)^1(12)^1/group.1111
work/ext6b/2-2s2-2s1__group.521__C	2602b56f4b1b62c26eff6c286035e890	carat/tables/qcatalog/dim6/dir.2-2;2-2;1;1/ordnung.24/(2)^4(6)^2/group.2917
work/ext6b/3s1s1__group.649__X1011	260a1fef8bed4e9103cdc644f5868ba7	carat/tables/qcatalog/dim6/dir.3;1;1;1/ordnung.192/(1)^4(4)^8/group.3844
work/ext6b/5-1__min.168__T	260f14e5a4ce88b8efc05dd5ab537562	carat/tables/qcatalog/dim6/dir.5-1;1/ordnung.80/(1)^4(2)^1(4)^20(8)^1/min.649
work/ext6b/2-1s2-1s1__min.98__T	2627b9bcc57381f42ad0ddc503d43f66	carat/tables/qcatalog/dim6/dir.2-1;2-1;1,1/ordnung.8/(2)^1(4)^2(8)^2/min.257
work/ext6b/3s2-2__group.741__T	262dd2408c5eabddea413e2db9fc5c1b	carat/tables/qcatalog/dim6/dir.3;2-2;1/ordnung.288/(1)^8(2)^2(4)^2(12)^2/group.4239
work/ext6b/2-2s2-1s1__group.512__X1111	2639130b3c482c975fbb35b4eac62471	carat/tables/qcatalog/dim6/dir.2-2;2-1;1;1/ordnung.96/(1)^4(2)^4(12)^2/group.2368
work/ext6b/2-2s2-2s1__group.600__X010	263e51e1bedb0aa13d983cc8a42887f3	carat/tables/qcatalog/dim6/dir.2-2;2-2;1,1/ordnung.72/(1)^2(3)^4(6)^1/group.2775
work/ext6b/2-2s2-1s1__group.469__X001	2645370aa89f3d7a559305db4415e93c	carat/tables/qcatalog/dim6/dir.2-2;2-1;1,1/ordnung.48/(1)^4(2)^1(6)^1(24)^1/group.1971
work/ext6b/4-1s1__group.792__X10	26507717a350504df8a02e96eb10278b	carat/tables/qcatalog/dim6/dir.4-1;1,1/ordnung.192/(2)^17/group.4484
work/ext6b/2-2s1s1s1__group.374__X101	2655433fe09b2da63834927b9ca71d74	carat/tables/qcatalog/dim6/dir.2-2;1;1;1;1/ordnung.24/(1)^2(4)^1(12)^3/group.1815
work/ext6b/2-1c2-1s1__group.223__X001	2660b33e2beb1fc9251ade14f0b15c3f	carat/tables/qcatalog/dim6/dir.2-1,2-1;1;1/ordnung.16/(2)^2(4)^2(8)^2/group.1091
work/ext6b/2-2s2-1s1__group.491__T	266a7ea91ad91e5a018b5d7441f68efc	carat/tables/qcatalog/dim6/dir.2-2;2-1;1,1/ordnung.48/(1)^4(2)^3(6)^1(24)^1/group.2008
work/ext6b/2-2s2-1s1__group.478__T	266aaee180f9439f8b6e32cbd37204a5	carat/tables/qcatalog/dim6/dir.2-2;2-1;1;1/ordnung.48/(1)^4(2)^4(12)^2/group.2232
work/ext6b/4-2s1__group.915__X110	269a8302367ed16f48fcf1a509f172b5	carat/tables/qcatalog/dim6/dir.4-2;1;1/ordnung.144/(1)^8(3)^8(18)^2/group.6074
work/ext6b/3s2-2__group.710__X11	269ef274878b46c8f7ba31dd6ec5e632	carat/tables/qcatalog/dim6/dir.3;2-2;1/ordnung.144/(1)^6(2)^1(4)^5(12)^1(24)^1/group.4069
work/ext6b/4-1s1__group.892__X010	269fa566f0c164bd44a007805ad63fb3	carat/tables/qcatalog/dim6/dir.4-1;1,1/ordnung.96/(2)^9(6)^8/group.4580
work/ext6b/4-1s1__group.777__X0110	26ac36968ab73547ed75cafd29afd8f9	carat/tables/qcatalog/dim6/dir.4-1;1;1/ordnung.128/(2)^8(4)^8(8)^2/group.4637
work/ext6b/2-1s2-1s1__group.299__X101	26ca7e4952dfed118824a0f56fe2df4f	carat/tables/qcatalog/dim6/dir.2-1;2-1;1,1/ordnung.32/(2)^4(4)^4(8)^1/group.1287
work/ext6b/3s1c1__group.646__C	26d0f62663c7c46a2ccbeca6b278e208	carat/tables/qcatalog/dim6/dir.3;1,1;1/ordnung.96/(1)^4(2)^2(4)^4(8)^1/group.3819
work/ext6b/2-2s2-2s1__group.583__C	26d128e6c43376e956b77add650006b3	carat/tables/qcatalog/dim6/dir.2-2;2-2;1;1/ordnung.72/(1)^4(3)^4(18)^2/group.3081
work/ext6b/4-3s1__group.1019__X01	26d528d14fd2acf74627afb3298db79d	carat/tables/qcatalog/dim6/dir.4-3;1,1/ordnung.40/(1)^4(5)^12(50)^1/group.7187
work/ext6b/3s2-2__group.750__C	26dbd25346d476f0039afb6812bb0b2e	carat/tables/qcatalog/dim6/dir.3;2-2;1/ordnung.144/(1)^4(2)^2(4)^5(12)^1/group.4056
work/ext6b/3s2-2__group.740__C	26fcc034e881a509cb64b91fd068eff3	carat/tables/qcatalog/dim6/dir.3;2-2;1/ordnung.576/(1)^8(2)^2(4)^2(12)^2/group.4307
work/ext6b/4-2s1__group.984__T	26fd2481063185aba43d9ca3d4b58c35	carat/tables/qcatalog/dim6/dir.4-2;1;1/ordnung.72/(1)^5(3)^8(9)^3(18)^2/group.6255
work/ext6b/4-1s1__group.771__X101	27001ad59424cbf37bfb88e57df97cb1	carat/tables/qcatalog/dim6/dir.4-1;1,1/ordnung.128/(2)^12(4)^4(8)^1/group.4460
work/ext6b/5-1__group.1028__T	2715ba0a8025478b1e0fbdae2bfae3dd	carat/tables/qcatalog/dim6/dir.5-1;1/ordnung.1920/(1)^16(2)^2(4)^8/group.7355
work/ext6b/2-1s2-1s1__group.282__C	271a727174ceb1a5d12db9502cd9e5af	carat/tables/qcatalog/dim6/dir.2-1;2-1;1;1/ordnung.32/(2)^2(4)^4/group.1344
work/ext6b/4-2s1__group.939__X011	27231f8a5bc5d0c02b3ffdce0963f8ee	carat/tables/qcatalog/dim6/dir.4-2;1;1/ordnung.288/(1)^10(3)^6(6)^2/group.6135
work/ext6b/2-2s2-1s1__group.476__T	272d12a20197055dbe1ea2838ccfd2f7	carat/tables/qcatalog/dim6/dir.2-2;2-1;1,1/ordnung.48/(1)^4(2)^1(6)^3(24)^1/group.1979
work/ext6b/2-2s2-1s1__group.443__X01	276c431056481dde77f6151e438e6e50	carat/tables/qcatalog/dim6/dir.2-2;2-1;1;1/ordnung.24/(1)^4(2)^3(6)^1(24)^1(72)^1/group.2092
work/ext6b/2-2s1c1s1__group.368__X011	27724927ef8c2ffc28256dd2f11e6fe2	carat/tables/qcatalog/dim6/dir.2-2;1,1;1;1/ordnung.24/(1)^4(2)^1(6)^1(24)^1/group.1777
work/ext6b/2-2s2-1s1__group.505__X0110	27864dfd59333b9bf7c799670c55f6d1	carat/tables/qcatalog/dim6/dir.2-2;2-1;1;1/ordnung.96/(1)^2(2)^4(8)^1(24)^1/group.2318
work/ext6b/2-2s1c1s1__group.371__X011	27d4485f1bcb617aea3c56f56136a830	carat/tables/qcatalog/dim6/dir.2-2;1,1;1;1/ordnung.24/(1)^4(2)^1(6)^1(24)^1/group.1764
work/ext6b/2-1s1s1s1__group.263__C	27d55895b265b90102cd1c072a161323	carat/tables/qcatalog/dim6/dir.2-1;1;1;1;1/ordnung.32/(2)^2(4)^4/group.1213
work/ext6b/4-1s1__group.862__T	27e6d76378effa81db1ed48e45e841a3	carat/tables/qcatalog/dim6/dir.4-1;1;1/ordnung.64/(2)^8(4)^8(8)^2/group.4874
work/ext6b/3s1s1__group.669__X110	28016e74b634db7a1d277032dbc6d684	carat/tables/qcatalog/dim6/dir.3;1;1;1/ordnung.96/(1)^4(2)^2(4)^6/group.3872
work/ext6b/2-2s1c1s1__group.371__X111	2812dc3ced9af758bed312b1e44340ae	carat/tables/qcatalog/dim6/dir.2-2;1,1;1;1/ordnung.24/(1)^4(2)^1(6)^1(24)^1/group.1767
work/ext6b/2-2s2-2s1__group.521__X01	283206e90107c7a322049f7f0c789629	carat/tables/qcatalog/dim6/dir.2-2;2-2;1;1/ordnung.12/(2)^2(6)^4/group.2816
work/ext6b/2-2s2-2s1__group.545__C	2839591d03828085f22b12cfec6ee617	carat/tables/qcatalog/dim6/dir.2-2;2-2;1;1/ordnung.36/(1)^2(3)^6(18)^2/group.2967
work/ext6b/2-2s2-2s1__group.535__X0101	2866ca9b7db06e573a99db488e01e6a1	carat/tables/qcatalog/dim6/dir.2-2;2-2;1;1/ordnung.144/(1)^6(3)^2(6)^2/group.2897
work/ext6b/4-2s1__group.912__X110	286a1cc08cbe23150245ac25a06a7523	carat/tables/qcatalog/dim6/dir.4-2;1;1/ordnung.144/(1)^8(3)^8(18)^2/group.6100
work/ext6b/2-2s2-2s1__group.617__X100	288238e2b6867bf1731c7b33645d3503	carat/tables/qcatalog/dim6/dir.2-2;2-2;1,1/ordnung.72/(1)^4(3)^4(18)^1/group.2801
work/ext6b/4-3s1__min.167__T	2885be0b258923d392276208da5ca7bd	carat/tables/qcatalog/dim6/dir.4-3;1,1/ordnung.60/(1)^10(5)^6(50)^1/min.636
work/ext6b/2-2s2-2s1__group.590__X101	2889a5d4d0dc333fb6eb114b8906a44d	carat/tables/qcatalog/dim6/dir.2-2;2-2;1,1/ordnung.36/(1)^3(3)^5(6)^1/group.2765
work/ext6b/2-2s2-1s1__group.508__X1011	289f50477441ebafbed2dd3007a64369	carat/tables/qcatalog/dim6/dir.2-2;2-1;1;1/ordnung.96/(1)^4(2)^4(24)^2/group.2426
work/ext6b/4-1ps1__group.763__C	28a20179a4840e252b5c3496f1b917f7	carat/tables/qcatalog/dim6/dir.4-1';1;1/ordnung.32/(2)^2(4)^6(8)^2/group.4415
work/ext6b/2-2s2-1s1__group.514__X1111	28ae2fec8254bc67be959fdc0c8884c1	carat/tables/qcatalog/dim6/dir.2-2;2-1;1;1/ordnung.96/(1)^4(2)^4(24)^2/group.2436
work/ext6b/2-1s2-1s1__min.100__X11	28c009438685864a0374bfa765a22cf8	carat/tables/qcatalog/dim6/dir.2-1;2-1;1;1/ordnung.8/(2)^2(8)^4/min.275
work/ext6b/3s2-1__group.681__X001	28c0ce502fc73c5ce9999df67b022f76	carat/tables/qcatalog/dim6/dir.3;2-1;1/ordnung.192/(1)^4(2)^4(4)^4(8)^2/group.3911
work/ext6b/4-2s1__group.901__X110	28c7ea308e8023a763f29563d8a9a7dd	carat/tables/qcatalog/dim6/dir.4-2;1;1/ordnung.144/(1)^6(3)^8(9)^2(18)^2/group.6040
work/ext6b/4-2s1__group.900__X100	28d6c2b3250fa49bb1e20931a2ebbe01	carat/tables/qcatalog/dim6/dir.4-2;1,1/ordnung.144/(1)^5(3)^3(6)^1/group.5911
work/ext6b/2-2s2-2s1__group.523__X01	28f59a498cbfb8d38e20b2b7e1127ba9	carat/tables/qcatalog/dim6/dir.2-2;2-2;1;1/ordnung.12/(2)^2(6)^4/group.2813
work/ext6b/4-1s1__group.771__X001	28f68cce707a41a5b50e54ebec95e7af	carat/tables/qcatalog/dim6/dir.4-1;1;1/ordnung.128/(2)^12(4)^4(8)^2/group.4602
work/ext6b/4-2s1__group.914__X001	2905cd0eb5a402a1c0e8d1a10f0d6d0b	carat/tables/qcatalog/dim6/dir.4-2;1,1/ordnung.144/(1)^7(3)^8(9)^1(18)^1/group.5925
work/ext6b/2-2s2-2s1__group.602__X110	290f05cd0604c07534adb0eed67efe6f	carat/tables/qcatalog/dim6/dir.2-2;2-2;1;1/ordnung.72/(1)^4(3)^4(18)^2/group.3079
work/ext6b/3s2-2__group.741__X011	2928633986801c4bc0cb8780ba2b3c39	carat/tables/qcatalog/dim6/dir.3;2-2;1/ordnung.288/(1)^8(2)^2(4)^2(12)^2/group.4238
work/ext6b/2-2s1c1s1__group.357__X01	294d383dac6f22335308bbadd8d68971	carat/tables/qcatalog/dim6/dir.2-2;1,1;1;1/ordnung.12/(1)^4(6)^2(72)^1/min.343
work/ext6b/2-1s2-1s1__group.311__X001	297aaaa197ddb4eb678fb8db5a0f58bd	carat/tables/qcatalog/dim6/dir.2-1;2-1;1;1/ordnung.32/(2)^4(4)^4(8)^2/group.1427
work/ext6b/2-2s2-2s1__group.589__C	299e901d1388e775b4aa6417f476d6af	carat/tables/qcatalog/dim6/dir.2-2;2-2;1;1/ordnung.72/(1)^5(3)^3(6)^1(18)^1/group.3125
work/ext6b/2-1s2-1s1__group.291__X011	29b5727de6442461cb4cfdd4c15f7e1b	carat/tables/qcatalog/dim6/dir.2-1;2-1;1;1/ordnung.32/(2)^4(4)^2(8)^2/group.1381
work/ext6b/4-1s1__group.847__C	29bf77914e88376b91782c4968f0dead	carat/tables/qcatalog/dim6/dir.4-1;1;1/ordnung.96/(2)^10(6)^8/group.4921
work/ext6b/3s1c1__group.637__X01	29d81aab9e95f9f8867a618e184dd826	carat/tables/qcatalog/dim6/dir.3;1,1;1/ordnung.24/(1)^4(2)^2(4)^4(32)^1/min.436
work/ext6b/2-2s2-2s1__group.625__T	29d8947dc7e8bfc341152c58c9758799	carat/tables/qcatalog/dim6/dir.2-2;2-2;1,1/ordnung.72/(1)^5(3)^3(6)^1/group.2803
work/ext6b/3s2-2__group.707__X11	29e42fbb1ee4d7d2c399ce917d7f2714	carat/tables/qcatalog/dim6/dir.3;2-2;1/ordnung.144/(1)^6(2)^1(4)^4(24)^1/group.4065
work/ext6b/2-2s2-1s1__group.494__X001	29f362a0760aec3d4ee9678d4df80ecb	carat/tables/qcatalog/dim6/dir.2-2;2-1;1;1/ordnung.48/(1)^4(2)^4(24)^2/group.2288
work/ext6b/2-2s2-2s1__group.575__X10	29f3b31a8d3c0b0bda2d09b8ed868401	carat/tables/qcatalog/dim6/dir.2-2;2-2;1;1/ordnung.36/(1)^3(3)^3(18)^2/group.2979
work/ext6b/4-2s1__group.976__X010	29fb09be21fc4c4759c3096cd14976b9	carat/tables/qcatalog/dim6/dir.4-2;1,1/ordnung.72/(1)^5(3)^8(9)^3(18)^1/group.5989
work/ext6b/2-2s2-2s1__group.552__T	2a045f0e5f2668603be85f535e1e2f66	carat/tables/qcatalog/dim6/dir.2-2;2-2;1,1/ordnung.24/(2)^5(6)^4/group.2731
work/ext6b/2-1s2-1s1__min.92__X11	2a6bdbb5c20e3d7b87fdcc126927696d	carat/tables/qcatalog/dim6/dir.2-1;2-1;1,1/ordnung.16/(2)^4(8)^3/min.254
work/ext6b/3s2-1__group.686__T	2a6cd594a1b5ad0e01d85eb4796c6474	carat/tables/qcatalog/dim6/dir.3;2-1;1/ordnung.384/(1)^4(2)^4(4)^6/group.3979
work/ext6b/4-1s1__group.816__C	2a7a2bb81c1c54606c684357af46f32e	carat/tables/qcatalog/dim6/dir.4-1;1;1/ordnung.64/(2)^4(4)^6/group.4854
work/ext6b/2-2s2-1s1__group.452__X111	2a937a0bd6171542dc6633ac2303bb1c	carat/tables/qcatalog/dim6/dir.2-2;2-1;1;1/ordnung.48/(1)^2(2)^4(8)^1(24)^1/group.2140
work/ext6b/2-2s2-2s1__group.537__X0101	2ab61f0cda1b6885b2dba6140de6086f	carat/tables/qcatalog/dim6/dir.2-2;2-2;1;1/ordnung.144/(1)^6(3)^2(6)^2/group.2907
work/ext6b/2-2s2-2s1__group.613__X011	2abee1c6c91ee8879023894836e39b6d	carat/tables/qcatalog/dim6/dir.2-2;2-2;1;1/ordnung.72/(1)^5(3)^3(6)^1(18)^1/group.3122
work/ext6b/3s2-2__group.720__X10	2ad8172d1ae0341eb3110c217f276f88	carat/tables/qcatalog/dim6/dir.3;2-2;1/ordnung.144/(1)^8(2)^2(4)^1(12)^2(36)^1/group.4129
work/ext6b/4-3s1__max.13__C	2adb33279253f5743300a3a71228b5c2	carat/tables/qcatalog/dim6/dir.4-3;1;1/ordnung.960/(1)^12(5)^4(10)^2/group.7235
work/ext6b/4-1s1__group.780__C	2af82e9142c24f6ccc6c69422379750e	carat/tables/qcatalog/dim6/dir.4-1;1;1/ordnung.288/(1)^4(2)^2(6)^4/group.4711
work/ext6b/2-2s2-1s1__group.464__T	2affda279e4633d0d562c1484e5a5c06	carat/tables/qcatalog/dim6/dir.2-2;2-1;1;1/ordnung.48/(1)^4(4)^2(12)^2/group.2301
work/ext6b/4-2s1__group.924__X110	2b0b022aa590bfd55785e6bd2564e427	carat/tables/qcatalog/dim6/dir.4-2;1;1/ordnung.144/(1)^10(3)^6(6)^2/group.6016
work/ext6b/3s2-2__group.733__X100	2b7fed024fa5e8df0062709183470e69	carat/tables/qcatalog/dim6/dir.3;2-2;1/ordnung.288/(1)^8(2)^2(4)^2(12)^2/group.4249
work/ext6b/2-2s2-1s1__group.440__T	2ba675e63eb5ede2afe5932a26bf0744	carat/tables/qcatalog/dim6/dir.2-2;2-1;1;1/ordnung.24/(1)^4(2)^3(6)^1(24)^1(72)^1/min.379
work/ext6b/1c1c1s1s1__min.64__X11	2bbdd2208f29f718d6da7bb9edecfaea	carat/tables/qcatalog/dim6/dir.1,1,1;1;1;1/ordnung.4/(2)^1(4)^2(24)^1/min.184
work/ext6b/4-3ps1__group.996__T	2bc640359dd7667c1ec605258637ff52	carat/tables/qcatalog/dim6/dir.4-3';1;1/ordnung.10/(1)^2(5)^6(50)^2/min.629
work/ext6b/2-2s1c1c1__group.336__C	2bd8c636ca952ddc464e59680c1c67a2	carat/tables/qcatalog/dim6/dir.2-2;1,1,1;1/ordnung.24/(1)^3(3)^1(6)^2/group.1720
work/ext6b/4-2s1__group.906__X10	2c0be165ccd61415ae257e242bb18d43	carat/tables/qcatalog/dim6/dir.4-2;1;1/ordnung.144/(1)^8(3)^8(18)^2/group.6090
work/ext6b/3s2-2__group.736__X011	2c0fd30a52e61613c5978399dabeefd1	carat/tables/qcatalog/dim6/dir.3;2-2;1/ordnung.288/(1)^8(2)^2(4)^2(12)^2/group.4210
work/ext6b/4-2ps1__group.895__X10	2c3480564d6d563209623cfaf0fa25d0	carat/tables/qcatalog/dim6/dir.4-2';1;1/ordnung.24/(2)^4(6)^2/group.5862
work/ext6b/4-1s1__group.865__X11	2c367aabe66b34bdbdd7800aae70163f	carat/tables/qcatalog/dim6/dir.4-1;1;1/ordnung.64/(2)^8(4)^8(8)^2/group.4873
work/ext6b/2-1s2-1s1__group.276__T	2c5e132f5456cfcbf7f8df7029e19225	carat/tables/qcatalog/dim6/dir.2-1;2-1;1,1/ordnung.16/(2)^4(8)^3/group.1267
work/ext6b/3s2-2__group.712__C	2c5e6ebdc54cc5d3b6b5d7011ee91f09	carat/tables/qcatalog/dim6/dir.3;2-2;1/ordnung.288/(1)^6(2)^2(4)^4(12)^2/group.4184
work/ext6b/2-2s2-1s1__group.498__X100	2c6661b4f8ea4f1ecea7bc631f05fba8	carat/tables/qcatalog/dim6/dir.2-2;2-1;1,1/ordnung.48/(1)^4(2)^3(6)^1(24)^1/group.1998
work/ext6b/2-2s2-1s1__group.426__X01	2c70d61b937eba489474dbf3dba793c2	carat/tables/qcatalog/dim6/dir.2-2;2-1;1;1/ordnung.24/(1)^4(6)^2(36)^2/group.2102
work/ext6b/2-2s2-2s1__group.561__X10	2c744c02b82923054bce100d69fbc3bb	carat/tables/qcatalog/dim6/dir.2-2;2-2;1;1/ordnung.36/(1)^3(3)^3(18)^2/group.2977
work/ext6b/2-2s2-2s1__group.602__X011	2c818146b52c5d89a5588b9ea7df01d3	carat/tables/qcatalog/dim6/dir.2-2;2-2;1;1/ordnung.72/(1)^4(3)^4(18)^2/group.3080
work/ext6b/2-1s2-1s1__group.281__X10	2cbe479444f05a0148c671adf456f21b	carat/tables/qcatalog/dim6/dir.2-1;2-1;1,1/ordnung.16/(2)^2(4)^2(8)^1/group.1265
work/ext6b/2-1s1c1c1__group.224__X101	2cc3f94f12bde8db7abffda284b9ea1d	carat/tables/qcatalog/dim6/dir.2-1;1,1,1;1/ordnung.16/(2)^4(4)^1(12)^1/group.1113
work/ext6b/2-2s2-2s1__group.530__X0011	2ccc8b54e87755bb87aa77c5cfb3434d	carat/tables/qcatalog/dim6/dir.2-2;2-2;1;1/ordnung.144/(1)^4(3)^4(18)^2/group.2826
work/ext6b/4-1s1__group.778__X110	2d08234fda00b4513d9613241d094f73	carat/tables/qcatalog/dim6/dir.4-1;1;1/ordnung.128/(2)^8(4)^8(8)^2/group.4640
work/ext6b/2-2s2-1s1__group.408__T	2d0da05bf849baa041fedda1360474ee	carat/tables/qcatalog/dim6/dir.2-2;2-1;1;1/ordnung.192/(1)^4(2)^4(12)^2/group.2031
work/ext6b/2-1s1s1s1__group.254__C	2d3a8e56149807ff546c8faf08371031	carat/tables/qcatalog/dim6/dir.2-1;1;1;1;1/ordnung.32/(2)^4(4)^2(8)^2/group.1236
work/ext6b/4-1s1__group.779__X011	2d4bf577946c93039eb787f57339c295	carat/tables/qcatalog/dim6/dir.4-1;1;1/ordnung.128/(2)^8(4)^8(8)^2/group.4636
work/ext6b/4-1s1__group.783__C	2d5e12456d95b1af4f218d88a6cf4369	carat/tables/qcatalog/dim6/dir.4-1;1;1/ordnung.32/(2)^2(4)^2(8)^2/group.4745
work/ext6b/2-2s1s1s1__group.407__C	2db9ad30e78325988428ed9e3307f3d6	carat/tables/qcatalog/dim6/dir.2-2;1;1;1;1/ordnung.192/(1)^4(2)^2(12)^2/group.1806
work/ext6b/4-1s1__group.776__X1001	2dbc48026f88d907931ff7df1fb22281	carat/tables/qcatalog/dim6/dir.4-1;1;1/ordnung.128/(2)^8(4)^10/group.4622
work/ext6b/4-3s1__group.1020__T	2e220acf7fc8242d0e886e2048b0ccc7	carat/tables/qcatalog/dim6/dir.4-3;1;1/ordnung.40/(1)^6(5)^10(10)^2/group.7217
work/ext6b/3s2-1__group.688__C	2e32b8638a0d812b73dd758c731877d5	carat/tables/qcatalog/dim6/dir.3;2-1;1/ordnung.192/(1)^2(2)^4(4)^8/group.3887
work/ext6b/3s2-1__group.701__X01	2e39cb6e0896696ebc6c6c8cd9b7be80	carat/tables/qcatalog/dim6/dir.3;2-1;1/ordnung.96/(1)^4(2)^2(4)^6/group.4009
work/ext6b/2-2s1s1s1__group.389__C	2e46bf91a494a15eb958a59292659ff4	carat/tables/qcatalog/dim6/dir.2-2;1;1;1;1/ordnung.48/(1)^4(2)^2(12)^2/group.1873
work/ext6b/3s2-2__group.719__X11	2e4d4e3b9e915aa078578b8255ee885a	carat/tables/qcatalog/dim6/dir.3;2-2;1/ordnung.144/(1)^8(2)^1(4)^3(12)^1(24)^1/group.4111
work/ext6b/2-1s2-1s1__group.315__C	2e4fca090bece00908c4f9a37ca51edb	carat/tables/qcatalog/dim6/dir.2-1;2-1;1;1/ordnung.128/(2)^4(4)^4/group.1308
work/ext6b/4-2ps1__group.899__X011	2e5bcaa3aaff4498ed4901da23364efe	carat/tables/qcatalog/dim6/dir.4-2';1;1/ordnung.48/(2)^6(6)^4/group.5867
work/ext6b/4-1s1__group.820__T	2e6607753a3a4ddc4672b427e8cc18e2	carat/tables/qcatalog/dim6/dir.4-1;1;1/ordnung.32/(2)^2(4)^12(8)^4/group.4717
work/ext6b/3s2-2__max.10__X0011	2e67cdd5542f3d919bfd23cd8244182b	carat/tables/qcatalog/dim6/dir.3;2-2;1/ordnung.576/(1)^8(2)^2(4)^2(12)^2/group.4298
work/ext6b/4-1s1__group.788__C	2e6c50c005c8b3616840c477f3ccefdb	carat/tables/qcatalog/dim6/dir.4-1;1;1/ordnung.32/(2)^2(4)^6(8)^2/group.4760
work/ext6b/4-1s1__group.835__C	2e742f3a7238bf514c9dc7c128647043	carat/tables/qcatalog/dim6/dir.4-1;1;1/ordnung.768/(1)^4(2)^12(4)^2/group.4897
work/ext6b/2-2s2-1s1__group.477__X001	2e7a38bbb1b1e30dccc48d6c2934212b	carat/tables/qcatalog/dim6/dir.2-2;2-1;1;1/ordnung.48/(1)^4(2)^3(6)^1(12)^1(36)^1/group.2199
work/ext6b/2-1s1s1s1__group.254__T	2e7f7904ad494c2d526a9571acfc1033	carat/tables/qcatalog/dim6/dir.2-1;1;1;1;1/ordnung.16/(2)^4(4)^2(16)^2/group.1197
work/ext6b/2-2s2-1s1__group.440__C	2e94f8b6222e3dd261ae4fc197c17aa0	carat/tables/qcatalog/dim6/dir.2-2;2-1;1;1/ordnung.48/(1)^4(2)^3(6)^1(12)^1(36)^1/group.2190
work/ext6b/4-1s1__group.877__X01101	2e9ae43cae8c822a2ddaa91256ad5bd0	carat/tables/qcatalog/dim6/dir.4-1;1;1/ordnung.64/(2)^2(4)^12(8)^4/group.4820
work/ext6b/2-2s2-2s1__group.610__T	2ea9aa9118df3901ee45be93cc91afb3	carat/tables/qcatalog/dim6/dir.2-2;2-2;1;1/ordnung.72/(1)^5(3)^3(6)^1(18)^1/group.3128
work/ext6b/3s2-1__group.685__X011	2ed3b41ab1859ef76376d7c9b62c2755	carat/tables/qcatalog/dim6/dir.3;2-1;1/ordnung.192/(1)^4(2)^2(4)^6/group.3898
work/ext6b/2-2s2-1s1__group.477__X011	2ef043211273fe036f1a4367b796a3c1	carat/tables/qcatalog/dim6/dir.2-2;2-1;1;1/ordnung.48/(1)^4(2)^3(6)^1(12)^1(36)^1/group.2204
work/ext6b/5-1__group.1031__T	2ef492a50f53ad405dce40ead0b61282	carat/tables/qcatalog/dim6/dir.5-1;1/ordnung.320/(1)^16(2)^2(4)^8/group.7361
work/ext6b/2-2s1s1s1__group.399__X1000	2eff256f085e3bbcd70c0e708f65ba42	carat/tables/qcatalog/dim6/dir.2-2;1;1;1;1/ordnung.48/(1)^4(2)^2(12)^2/group.1863
work/ext6b/3s2-2__group.718__C	2f1ef01b86e51bb90cc6bd9a23a9ec6f	carat/tables/qcatalog/dim6/dir.3;2-2;1/ordnung.288/(1)^8(2)^2(4)^2(12)^2/group.4211
work/ext6b/4-1s1__group.774__C	2f81e158cbb56c0fcb3e5ad46534e245	carat/tables/qcatalog/dim6/dir.4-1;1;1/ordnung.256/(2)^12(4)^6/group.4703
work/ext6b/2-2c2-2s1__group.333__X110	2fc474b2aa0892025e4991f9c857530c	carat/tables/qcatalog/dim6/dir.2-2,2-2;1;1/ordnung.24/(2)^4(6)^2/group.1651
work/ext6b/4-1s1__group.879__X100	2fc6ebe77a2501940b3434f881eb4ea6	carat/tables/qcatalog/dim6/dir.4-1;1,1/ordnung.64/(2)^1(4)^14(8)^2/group.4547
work/ext6b/4-1s1__group.772__T	2fd1dc926af8df216159676465a4d873	carat/tables/qcatalog/dim6/dir.4-1;1;1/ordnung.128/(2)^12(4)^4(8)^2/group.4601
work/ext6b/2-2s2-2s1__group.618__X111	2fea927e51f5d0afab10f9886065db81	carat/tables/qcatalog/dim6/dir.2-2;2-2;1,1/ordnung.72/(1)^4(3)^4(18)^1/group.2799
work/ext6b/2-1s2-1s1__group.283__X01	2fff40e5e6c9ff1369bc4751ac1785d1	carat/tables/qcatalog/dim6/dir.2-1;2-1;1;1/ordnung.16/(2)^1(4)^4(8)^1/min.260
work/ext6b/3s2-1__group.685__X111	300088c6a71ffb418315ef374c2f47e7	carat/tables/qcatalog/dim6/dir.3;2-1;1/ordnung.192/(1)^4(2)^2(4)^4(8)^2/group.3891
work/ext6b/2-1pc2-1ps1__min.75__T	30029da74fb00c102b6a0bdf456d7d4a	carat/tables/qcatalog/dim6/dir.2-1',2-1';1,1/ordnung.4/(2)^1(8)^2/min.202
work/ext6b/4-1s1__group.837__X01	30060eecf00bc79bd93fefe475a371b5	carat/tables/qcatalog/dim6/dir.4-1;1,1/ordnung.384/(1)^4(2)^12(8)^1/group.4524
work/ext6b/4-2s1__group.960__X011	301202cc5415093812d35ff1b5663006	carat/tables/qcatalog/dim6/dir.4-2;1;1/ordnung.48/(2)^10(6)^8/group.6198
work/ext6b/2-2s2-2s1__group.537__X0100	30188fec2380d13bb7aa8e0f5205da45	carat/tables/qcatalog/dim6/dir.2-2;2-2;1;1/ordnung.144/(1)^5(3)^3(6)^1(18)^1/group.2846
work/ext6b/2-2s2-1s1__group.461__X110	301e00ad2f828b9cccff1c6f0b10885e	carat/tables/qcatalog/dim6/dir.2-2;2-1;1,1/ordnung.48/(1)^3(3)^1(6)^2(24)^1/group.1968
work/ext6b/2-2s2-1s1__group.459__X100	30213ee5e5ac9b0ea1b74b1835992e94	carat/tables/qcatalog/dim6/dir.2-2;2-1;1,1/ordnung.48/(1)^2(2)^4(24)^1/group.1967
work/ext6b/4-3ps1__group.1003__C	304c8ed4592f6d245130d0b1cb48d496	carat/tables/qcatalog/dim6/dir.4-3';1;1/ordnung.40/(1)^4(5)^4(10)^2/group.7118
work/ext6b/2-2s2-1s1__group.474__X110	30513649a3d944fba7d2d91a809da5f5	carat/tables/qcatalog/dim6/dir.2-2;2-1;1,1/ordnung.48/(1)^4(2)^1(6)^3(24)^1/group.1983
work/ext6b/2-1s2-1s1__group.298__X011	305cc135aa4b80ffd4ec00efe8840fc1	carat/tables/qcatalog/dim6/dir.2-1;2-1;1;1/ordnung.32/(2)^4(4)^4(8)^2/group.1405
work/ext6b/2-2s2-1s1__group.421__T	306fe843b16173d61bec9d0b236637d4	carat/tables/qcatalog/dim6/dir.2-2;2-1;1;1/ordnung.24/(1)^2(4)^3(12)^1/group.2071
work/ext6b/5-2__group.1042__X10	3070a64b64eb2f82c9dbc4061192777c	carat/tables/qcatalog/dim6/dir.5-2;1/ordnung.720/(1)^16(2)^1(6)^8(18)^1/group.7409
work/ext6b/2-2s2-2s1__group.572__C	30865bbd94cb56297cce9ec98987224b	carat/tables/qcatalog/dim6/dir.2-2;2-2;1;1/ordnung.72/(1)^4(6)^2/group.3084
work/ext6b/2-2s1c1c1__group.337__X01	308c1d731b98ae6b6ca2714fb9d04341	carat/tables/qcatalog/dim6/dir.2-2;1,1,1;1/ordnung.12/(1)^2(3)^2(6)^1(18)^1/group.1701
work/ext6b/2-2s2-2s1__group.564__C	309bc49207146d33115ccda7c7bf2e39	carat/tables/qcatalog/dim6/dir.2-2;2-2;1;1/ordnung.72/(1)^3(3)^3(6)^2/group.3029
work/ext6b/4-2s1__group.981__X10	30a054cb1d362c38c048dc5110e6869a	carat/tables/qcatalog/dim6/dir.4-2;1;1/ordnung.72/(1)^6(3)^8(9)^2(18)^2/group.6283
work/ext6b/2-2s2-1s1__group.519__X0101	30a70c42b9c5fa3de2448fc69f6b41bf	carat/tables/qcatalog/dim6/dir.2-2;2-1;1;1/ordnung.96/(1)^4(2)^4(12)^2/group.2400
work/ext6b/3s2-1__group.681__X111	30af5f20d204e8967552fae126624338	carat/tables/qcatalog/dim6/dir.3;2-1;1/ordnung.192/(1)^4(2)^4(4)^4(8)^2/group.3909
work/ext6b/4-2s1__group.952__X10	30d6026b3edeccba039904479f075c68	carat/tables/qcatalog/dim6/dir.4-2;1;1/ordnung.36/(1)^4(3)^8(9)^4(18)^2/group.6181
work/ext6b/4-1s1__group.813__X10	30e0c6b81e7cd4a17044e21aed0af2db	carat/tables/qcatalog/dim6/dir.4-1;1;1/ordnung.32/(2)^4(4)^4(8)^2/group.4769
work/ext6b/3s1s1__group.649__X1101	30f1dbb4ac64f6f346d7448f15fe0d99	carat/tables/qcatalog/dim6/dir.3;1;1;1/ordnung.192/(1)^4(2)^2(4)^6/group.3843
work/ext6b/4-2s1__group.959__C	30fa027048dbf8d153ecb1f013c10f43	carat/tables/qcatalog/dim6/dir.4-2;1;1/ordnung.96/(2)^10(6)^8/group.6302
work/ext6b/1c1s1c1s1__min.66__X11	30fcf8319ea9bd2acf2b04f404875d50	carat/tables/qcatalog/dim6/dir.1,1;1,1;1;1/ordnung.4/(2)^2(16)^2/min.187
work/ext6b/4-2s1__group.988__X11	3114e5686ca0b50768225f318908d3b1	carat/tables/qcatalog/dim6/dir.4-2;1;1/ordnung.72/(1)^7(3)^8(9)^1(18)^2/group.6286
work/ext6b/2-2s2-2s1__group.553__X011	3121c60af92c8e86514c2196935bc6f0	carat/tables/qcatalog/dim6/dir.2-2;2-2;1;1/ordnung.24/(2)^6(6)^4/group.2929
work/ext6b/4-1s1__group.879__C	31504af3731eb68747c974ec3f001979	carat/tables/qcatalog/dim6/dir.4-1;1;1/ordnung.128/(2)^2(4)^14(8)^2/group.4612
work/ext6b/3s1c1__group.641__X01	316b6d05a7de8f2bb989ff653ec877b1	carat/tables/qcatalog/dim6/dir.3;1,1;1/ordnung.48/(1)^2(4)^8(8)^1/group.3794
work/ext6b/4-1s1__group.829__C	3174275257afa744bb03b41a875f8d3a	carat/tables/qcatalog/dim6/dir.4-1;1;1/ordnung.64/(2)^2(4)^6(8)^2/group.4846
work/ext6b/2-2s2-2s1__group.532__X0011	31810097ac57ab757d9ce19c619c4a2f	carat/tables/qcatalog/dim6/dir.2-2;2-2;1;1/ordnung.144/(1)^6(3)^2(6)^2/group.2879
work/ext6b/3s2-2__group.736__X111	31c2c286e9f75a1d22a9846df28dfa8b	carat/tables/qcatalog/dim6/dir.3;2-2;1/ordnung.288/(1)^8(2)^2(4)^2(12)^2/group.4241
work/ext6b/4-1s1__group.858__T	31d64be41058b35dbe118b0d19655bb3	carat/tables/qcatalog/dim6/dir.4-1;1,1/ordnung.576/(1)^8(2)^9/group.4543
work/ext6b/1c1s1s1s1__group.214__X111	31e2a81e08459d8c3d3711fc305335c6	carat/tables/qcatalog/dim6/dir.1,1;1;1;1;1/ordnung.8/(2)^1(4)^2(8)^2/min.191
work/ext6b/2-2s2-1s1__group.409__X11	31fbda8178c2e08a6c43f3d12386c640	carat/tables/qcatalog/dim6/dir.2-2;2-1;1;1/ordnung.24/(1)^2(4)^1(12)^3/group.2068
work/ext6b/2-2s2-2s1__group.528__X1011	31fea8b7dbc5d4abdbe8b146d73e2ccd	carat/tables/qcatalog/dim6/dir.2-2;2-2;1;1/ordnung.144/(1)^5(3)^1(6)^2/group.2833
work/ext6b/2-2s2-2s1__group.599__X111	320f008105483b0180718b8e542ad553	carat/tables/qcatalog/dim6/dir.2-2;2-2;1;1/ordnung.72/(1)^4(6)^2/group.3083
work/ext6b/2-2s1c1s1__min.107__X10	32112ad1f207d7a28f17727ed3c864b4	carat/tables/qcatalog/dim6/dir.2-2;1,1;1,1/ordnung.6/(3)^4(12)^2/min.320
work/ext6b/4-1s1__group.778__X100	32318e64e69ef9719632210bd0c2951f	carat/tables/qcatalog/dim6/dir.4-1;1,1/ordnung.128/(2)^8(4)^8(8)^1/group.4463
work/ext6b/3s2-2__group.709__C	323b9bc1216524f978c4a83ce00b2daf	carat/tables/qcatalog/dim6/dir.3;2-2;1/ordnung.288/(1)^6(2)^2(4)^3(12)^1/group.4175
work/ext6b/5-2__group.1036__T	325a652e2235aa48c06dc27edcdf4a5a	carat/tables/qcatalog/dim6/dir.5-2;1/ordnung.120/(1)^16(2)^1(6)^8(18)^1/group.7386
work/ext6b/2-2s2-1s1__group.413__X01	325b0ce042b424eec3165e1f68772420	carat/tables/qcatalog/dim6/dir.2-2;2-1;1,1/ordnung.24/(1)^2(2)^4(24)^1/group.1929
work/ext6b/4-2s1__group.924__X101	3262c18439fd135b467ce7b965dd6825	carat/tables/qcatalog/dim6/dir.4-2;1;1/ordnung.144/(1)^10(3)^6(6)^2/group.6019
work/ext6b/2-2s1s1s1__group.375__C	3279efe931a270ca9bfe733f9a588ca0	carat/tables/qcatalog/dim6/dir.2-2;1;1;1;1/ordnung.48/(1)^4(6)^2(36)^2/group.1889
work/ext6b/4-1s1__group.779__X001	328955165f55ff5d0ad3eee4a25eebe7	carat/tables/qcatalog/dim6/dir.4-1;1;1/ordnung.128/(2)^8(4)^10/group.4629
work/ext6b/3s2-2__group.750__X10	32b75a0dc474302075cc983d67e803ba	carat/tables/qcatalog/dim6/dir.3;2-2;1/ordnung.72/(1)^4(2)^2(4)^3(12)^3/group.4313
work/ext6b/5-2__group.1041__T	32f6cea87c9eeb09871b4e9bf8400247	carat/tables/qcatalog/dim6/dir.5-2;1/ordnung.720/(1)^16(2)^2(6)^8/group.7412
work/ext6b/2-2s2-2s1__group.569__X01	3306d3e60d93e0ec2263ab47ecb6e7a6	carat/tables/qcatalog/dim6/dir.2-2;2-2;1,1/ordnung.36/(1)^3(3)^4(9)^1(18)^1/group.2760
work/ext6b/4-1s1__group.866__X010	330700396620e58492b6abac77a520fa	carat/tables/qcatalog/dim6/dir.4-1;1;1/ordnung.64/(2)^8(4)^8(8)^2/group.4861
work/ext6b/3s2-1__group.686__X0100	3323fc3c7de10d8ef4920d4cdefc3074	carat/tables/qcatalog/dim6/dir.3;2-1;1/ordnung.384/(1)^4(2)^4(4)^6/group.3972
work/ext6b/2-1s2-1s1__group.292__C	33588b481285ae32b05a0d746d5c8220	carat/tables/qcatalog/dim6/dir.2-1;2-1;1;1/ordnung.64/(2)^4(4)^4/group.1446
work/ext6b/2-2s1c1c1__group.335__T	335d71bf9c5dd56509ef10162d5278cb	carat/tables/qcatalog/dim6/dir.2-2;1,1,1;1/ordnung.12/(1)^3(3)^1(6)^1(54)^1/group.1708
work/ext6b/4-2s1__group.920__C	33669db3842f474a585a9c1abab73a9c	carat/tables/qcatalog/dim6/dir.4-2;1;1/ordnung.288/(1)^10(3)^6(6)^2/group.6128
work/ext6b/2-1s2-1s1__group.308__X011	336768121c4069598bee64200dad455b	carat/tables/qcatalog/dim6/dir.2-1;2-1;1;1/ordnung.32/(2)^4(4)^4(8)^2/group.1421
work/ext6b/2-2c2-2s1__group.330__C	338ca26d1d113ab648cdee0b4d242d90	carat/tables/qcatalog/dim6/dir.2-2,2-2;1;1/ordnung.24/(2)^4(6)^2/group.1653
work/ext6b/2-1s2-1s1__group.278__C	33912ec15380b169a790dc1b467da9cb	carat/tables/qcatalog/dim6/dir.2-1;2-1;1;1/ordnung.32/(2)^4(4)^2(8)^2/group.1366
work/ext6b/2-2s2-1s1__group.506__X0101	339ea3fdc4e112f732a6021c26ad7271	carat/tables/qcatalog/dim6/dir.2-2;2-1;1;1/ordnung.96/(1)^4(2)^2(12)^2/group.2323
work/ext6b/5-1__group.1033__C	33cd12f53a70ad311281d33df30bc537	carat/tables/qcatalog/dim6/dir.5-1;1/ordnung.1280/(1)^16(2)^2(4)^8/group.7343
work/ext6b/2-2s2-2s1__group.554__C	33d96f34af99144cc677c8b4c671d3da	carat/tables/qcatalog/dim6/dir.2-2;2-2;1;1/ordnung.48/(2)^6(6)^4/group.3016
work/ext6b/3s2-1__group.695__X10	33fa6bb780d8e8e4a8b3d382bcff0df6	carat/tables/qcatalog/dim6/dir.3;2-1;1/ordnung.96/(1)^4(2)^4(4)^4(8)^2/group.4037
work/ext6b/2-2s2-1s1__group.410__X11	33facda7c9b73222608cb12dd38a62d8	carat/tables/qcatalog/dim6/dir.2-2;2-1;1;1/ordnung.24/(1)^2(2)^3(6)^1(24)^2/group.2062
work/ext6b/2-2s2-1s1__group.439__C	3411d18413b46c1e5cf622ba0ea8a1d4	carat/tables/qcatalog/dim6/dir.2-2;2-1;1;1/ordnung.48/(1)^4(2)^3(6)^1(12)^1(36)^1/group.2194
work/ext6b/4-1s1__group.798__C	3412b795ef7e1b13d87b66a99e37b9e9	carat/tables/qcatalog/dim6/dir.4-1;1;1/ordnung.384/(2)^10(4)^8/group.4789
work/ext6b/3s2-2__group.748__T	3437b42d0ecd9fe0bf53af38de2529aa	carat/tables/qcatalog/dim6/dir.3;2-2;1/ordnung.72/(1)^4(2)^2(4)^5(12)^1/group.4316
work/ext6b/4-2s1__min.160__X01	34429d16dc35722185c24f9e6b7721d7	carat/tables/qcatalog/dim6/dir.4-2;1,1/ordnung.24/(2)^5(6)^4/min.569
work/ext6b/3s1s1__group.649__X0011	3497259568dab72de34c700968de5723	carat/tables/qcatalog/dim6/dir.3;1;1;1/ordnung.192/(1)^4(2)^2(4)^6/group.3837
work/ext6b/2-2s2-1s1__group.414__X10	349b41f1b2b65f28284f588f0554c35e	carat/tables/qcatalog/dim6/dir.2-2;2-1;1;1/ordnung.24/(1)^2(2)^4(8)^1(24)^1/min.372
work/ext6b/5-1__group.1033__X10	34ab3961c98d8b660338614603163f30	carat/tables/qcatalog/dim6/dir.5-1;1/ordnung.640/(1)^16(2)^2(4)^8/group.7380
work/ext6b/2-1s1c1s1__group.243__X10	353d06b560a66abe862449eead0a9c54	carat/tables/qcatalog/dim6/dir.2-1;1,1;1,1/ordnung.8/(2)^2(16)^2/group.1133
work/ext6b/4-1s1__group.859__C	3545631f276cdaabb4daf27b6d018ce5	carat/tables/qcatalog/dim6/dir.4-1;1;1/ordnung.128/(2)^4(4)^6/group.4614
work/ext6b/4-1s1__group.831__X101	3548fd9f6e59c48ba16874b2729242f5	carat/tables/qcatalog/dim6/dir.4-1;1;1/ordnung.32/(2)^2(4)^4(8)^4/group.4750
work/ext6b/2-2s2-1s1__group.477__C	354e1ffd40e89a8b2b7c36807201c47d	carat/tables/qcatalog/dim6/dir.2-2;2-1;1;1/ordnung.96/(1)^4(2)^3(6)^1(12)^1(36)^1/group.2341
work/ext6b/4-2s1__group.903__X010	354e4b5d42703da3f39f43d85c3ee635	carat/tables/qcatalog/dim6/dir.4-2;1;1/ordnung.144/(1)^6(3)^8(9)^2(18)^2/group.6058
work/ext6b/2-2s2-1s1__group.519__X0110	35646d8ef9876f07b5c80f6ee213eab1	carat/tables/qcatalog/dim6/dir.2-2;2-1;1;1/ordnung.96/(1)^4(2)^4(12)^2/group.2367
work/ext6b/4-1s1__group.861__X001	3568351c52eb403ecb9709af18100a54	carat/tables/qcatalog/dim6/dir.4-1;1;1/ordnung.64/(2)^8(4)^8(8)^2/group.4863
work/ext6b/2-2s1s1s1__group.407__X00111	357397cab5f11db1bfd5958a7df8fb43	carat/tables/qcatalog/dim6/dir.2-2;1;1;1;1/ordnung.96/(1)^4(4)^2(12)^2/group.1902
work/ext6b/2-2s2-2s1__group.550__X010	357890522b6693a07836da2d221d7dba	carat/tables/qcatalog/dim6/dir.2-2;2-2;1,1/ordnung.24/(2)^3(6)^2/group.2729
work/ext6b/2-2s1c1c1__group.338__X01	357ac0b61b3e892bc1189234edaf23f1	carat/tables/qcatalog/dim6/dir.2-2;1,1,1;1/ordnung.12/(1)^2(3)^2(6)^1(18)^1/group.1702
work/ext6b/4-1s1__group.783__T	357c00ecab6744177d63195dc82ec3bd	carat/tables/qcatalog/dim6/dir.4-1;1;1/ordnung.16/(2)^2(4)^2(8)^2/group.4648
work/ext6b/2-2s1s1s1__group.379__C	359415408638d9b4eec041228b6170ae	carat/tables/qcatalog/dim6/dir.2-2;1;1;1;1/ordnung.48/(1)^2(2)^2(4)^1(12)^1/group.1851
work/ext6b/4-1s1__group.877__X00101	35a5eb2c3cfa4c72d7c3f38a51e307a0	carat/tables/qcatalog/dim6/dir.4-1;1;1/ordnung.64/(2)^2(4)^12(8)^4/group.4821
work/ext6b/4-2s1__group.910__X010	35a7dc81b4f5b01977c573e3867890e7	carat/tables/qcatalog/dim6/dir.4-2;1;1/ordnung.144/(1)^8(3)^8(18)^2/group.6081
work/ext6b/2-2s2-1s1__group.472__X110	35b451a22c823f73e4e8ba6da1b75d4d	carat/tables/qcatalog/dim6/dir.2-2;2-1;1,1/ordnung.48/(1)^4(2)^1(6)^3(24)^1/group.1977
work/ext6b/2-2s1s1s1__group.384__X101	35b9f258648abecc26e83f3b04aeeb0e	carat/tables/qcatalog/dim6/dir.2-2;1;1;1;1/ordnung.24/(1)^4(2)^1(6)^1(12)^1(36)^1/group.1826
work/ext6b/4-1s1__max.11__X011	35c3136ced3ae04be218881c539d9e01	carat/tables/qcatalog/dim6/dir.4-1;1;1/ordnung.2304/(1)^8(2)^10/group.4688
work/ext6b/2-2s1c1s1__group.350__X11	35e096f01cf2c11b010f50b710f58781	carat/tables/qcatalog/dim6/dir.2-2;1,1;1;1/ordnung.12/(1)^3(3)^1(6)^2(24)^1/min.339
work/ext6b/3s2-2__group.738__X101	35e831bf5c7572f583a0dc7fc6b13443	carat/tables/qcatalog/dim6/dir.3;2-2;1/ordnung.288/(1)^8(2)^2(4)^2(12)^2/group.4232
work/ext6b/3s2-1__group.697__X01	35f1ad0f50e5cdb4ace1e00f57b4060e	carat/tables/qcatalog/dim6/dir.3;2-1;1/ordnung.96/(1)^4(2)^4(4)^4(8)^2/group.4036
work/ext6b/4-3s1__group.1023__X110	35f6e1c3af790f518f9716e0c59205eb	carat/tables/qcatalog/dim6/dir.4-3;1;1/ordnung.80/(1)^6(5)^10(10)^2/group.7233
work/ext6b/3s1c1__group.638__C	35fd2bcdf12708b3a561b9bb8f3e79bd	carat/tables/qcatalog/dim6/dir.3;1,1;1/ordnung.48/(1)^4(2)^2(4)^4(32)^1/group.3796
work/ext6b/2-2s1s1s1__group.385__C	3602404873961ee8e6134f87c34e6676	carat/tables/qcatalog/dim6/dir.2-2;1;1;1;1/ordnung.48/(1)^4(2)^1(6)^1(12)^1(36)^1/group.1854
work/ext6b/3s1c1__group.637__T	361e2e5455d28de858e4c61af1d50cee	carat/tables/qcatalog/dim6/dir.3;1,1,1/ordnung.24/(1)^4(4)^5(12)^1/group.3778
work/ext6b/2-2s2-1s1__group.483__X111	362aecac9704a2f71e7c0476276e7c9d	carat/tables/qcatalog/dim6/dir.2-2;2-1;1;1/ordnung.48/(1)^4(2)^4(12)^2/group.2254
work/ext6b/4-1s1__min.151__T	36346dd04fff29f9ce93f96b9a87d407	carat/tables/qcatalog/dim6/dir.4-1;1,1/ordnung.8/(2)^1(4)^2(8)^2/min.487
work/ext6b/2-1s2-1s1__group.275__X01110	366748ec21565b651e4e07991142cdef	carat/tables/qcatalog/dim6/dir.2-1;2-1;1;1/ordnung.128/(2)^6(4)^2(8)^2/group.1315
work/ext6b/4-3s1__min.165__X10	36bc65142b6f7e0b5b4cdb6afd090229	carat/tables/qcatalog/dim6/dir.4-3;1,1/ordnung.20/(1)^4(5)^12(50)^1/min.634
work/ext6b/2-1pc2-1ps1__group.222__X10	36c87764f00c8c4ecb57a5b3eada806c	carat/tables/qcatalog/dim6/dir.2-1',2-1';1;1/ordnung.8/(2)^2(8)^2/group.1085
work/ext6b/2-2s1c1s1__group.345__T	36cc1ec3512af26d8f50066973388417	carat/tables/qcatalog/dim6/dir.2-2;1,1;1;1/ordnung.12/(1)^2(6)^2(24)^1/min.332
work/ext6b/4-2s1__group.971__X10	36d12c0937bb3b412a8244c174d61c57	carat/tables/qcatalog/dim6/dir.4-2;1;1/ordnung.72/(1)^6(3)^8(9)^2(18)^2/group.6277
work/ext6b/2-2s1c1s1__group.370__X101	3726ca5ac0b36386b4d6921a77da0698	carat/tables/qcatalog/dim6/dir.2-2;1,1;1,1/ordnung.24/(1)^4(12)^2/group.1743
work/ext6b/2-2s2-1s1__group.475__X100	37331d2588bf06630fe642d69b8773a1	carat/tables/qcatalog/dim6/dir.2-2;2-1;1;1/ordnung.48/(1)^4(2)^3(6)^1(24)^1(72)^1/group.2215
work/ext6b/2-2s2-1s1__group.501__X100	373b7299092fb0e3486d8b00dc8f72c1	carat/tables/qcatalog/dim6/dir.2-2;2-1;1;1/ordnung.48/(1)^4(2)^4(12)^2/group.2249
work/ext6b/4-2s1__group.904__C	3765d0d871df24d41b9fc4f8d60f1d4a	carat/tables/qcatalog/dim6/dir.4-2;1;1/ordnung.288/(1)^6(3)^8(9)^2(18)^2/group.6151
work/ext6b/2-2s1s1s1__group.403__X1100	379ea88ed94792be19c1a96df8dcef3c	carat/tables/qcatalog/dim6/dir.2-2;1;1;1;1/ordnung.48/(1)^4(4)^2(12)^2/group.1887
work/ext6b/2-2s2-1s1__group.447__T	37a0e009b8f91b16ceb966d070125698	carat/tables/qcatalog/dim6/dir.2-2;2-1;1;1/ordnung.24/(1)^4(2)^4(24)^2/group.2093
work/ext6b/2-2s2-2s1__min.128__X1	37a22d26fc1a8f9782b92f2d68aef769	carat/tables/qcatalog/dim6/dir.2-2;2-2;1,1/ordnung.6/(2)^2(6)^2(18)^1/min.403
work/ext6b/2-2s1c1s1__group.373__X0011	37af4deb980afa46603e502d1d22f7a8	carat/tables/qcatalog/dim6/dir.2-2;1,1;1;1/ordnung.48/(1)^4(2)^1(6)^1(24)^1/group.1797
work/ext6b/2-2s2-2s1__group.535__C	37bfc5f58cd8275af06a3e6119230528	carat/tables/qcatalog/dim6/dir.2-2;2-2;1;1/ordnung.288/(1)^6(3)^2(6)^2/group.2947
work/ext6b/2-2s2-1s1__group.507__X0100	37c5283ed9fee15d0d532267cc92fe8f	carat/tables/qcatalog/dim6/dir.2-2;2-1;1;1/ordnung.96/(1)^4(2)^2(6)^2(36)^2/group.2333
work/ext6b/2-2s2-1s1__group.412__X11	37d53e9ae60b2910a320eaa0150a65b6	carat/tables/qcatalog/dim6/dir.2-2;2-1;1;1/ordnung.24/(1)^2(2)^3(6)^1(24)^2/min.368
work/ext6b/2-1s2-1s1__group.285__X010	37db65fe9d42a3554d4e6924b0ff42f3	carat/tables/qcatalog/dim6/dir.2-1;2-1;1;1/ordnung.16/(2)^2(4)^4(8)^4/min.267
work/ext6b/2-1s2-1s1__group.298__X100	37e6754bc8180ccf98751190159d6879	carat/tables/qcatalog/dim6/dir.2-1;2-1;1;1/ordnung.32/(2)^4(4)^4(8)^2/group.1412
work/ext6b/4-2s1__group.979__X101	37e9b172f4fe78145dd893d6da77e1c6	carat/tables/qcatalog/dim6/dir.4-2;1;1/ordnung.72/(1)^6(3)^8(9)^2(18)^2/group.6284
work/ext6b/2-2s1s1s1__group.406__X1011	3804d2d09c1b65f054e1d66dc2a578c6	carat/tables/qcatalog/dim6/dir.2-2;1;1;1;1/ordnung.48/(1)^4(4)^2(12)^2/group.1888
work/ext6b/2-2s2-2s1__group.603__X111	3806d19f6d5132bd334f9ce96d71e243	carat/tables/qcatalog/dim6/dir.2-2;2-2;1;1/ordnung.72/(1)^5(3)^1(6)^2/group.3093
work/ext6b/3s2-1__group.678__X011	380cdb340d5766f8df713d82d22f29a2	carat/tables/qcatalog/dim6/dir.3;2-1;1/ordnung.192/(1)^4(2)^4(4)^6/group.3954
work/ext6b/4-1s1__group.813__X01	3810b417d5d2515742271dc990792de9	carat/tables/qcatalog/dim6/dir.4-1;1;1/ordnung.32/(2)^4(4)^4(8)^2/group.4765
work/ext6b/1s1s1s1s1__group.218__X1100	381751ed3afb415f5484c899090665cd	carat/tables/qcatalog/dim6/dir.1;1;1;1;1;1/ordnung.16/(2)^1(4)^4(8)^1/min.196
work/ext6b/2-2s2-2s1__group.594__X11	3824c1f961c356e0049908cfbd79f8e2	carat/tables/qcatalog/dim6/dir.2-2;2-2;1,1/ordnung.36/(1)^4(3)^4(18)^1/group.2770
work/ext6b/4-1s1__group.813__X11	38390975cc78e16d88001d687a63394f	carat/tables/qcatalog/dim6/dir.4-1;1;1/ordnung.32/(2)^4(4)^4(8)^2/group.4767
work/ext6b/2-1s1c1c1__group.228__C	385f482ef4df908dd70f99b5441e41ff	carat/tables/qcatalog/dim6/dir.2-1;1,1,1;1/ordnung.16/(2)^2(4)^1(12)^1/group.1107
work/ext6b/2-2s2-1s1__group.429__X01	38665f52a68b6c107efe6edf53b625b2	carat/tables/qcatalog/dim6/dir.2-2;2-1;1;1/ordnung.24/(1)^4(12)^2(36)^2/group.2072
work/ext6b/2-2s2-1s1__group.457__C	387195818114b0afaaaa18e36d12eff5	carat/tables/qcatalog/dim6/dir.2-2;2-1;1;1/ordnung.96/(1)^2(2)^4(4)^1(12)^1/group.2316
work/ext6b/3s2-1__group.693__T	38743c2e24f02f3a6e487d204c62b28c	carat/tables/qcatalog/dim6/dir.3;2-1;1/ordnung.96/(1)^4(2)^4(4)^4(8)^2/group.4045
work/ext6b/2-2pc2-2ps1__group.326__X1	389c48f696f93d5192e463a8130c5e07	carat/tables/qcatalog/dim6/dir.2-2',2-2';1;1/ordnung.6/(2)^2(6)^1(18)^1/min.292
work/ext6b/3s2-1__group.699__T	389ef5a887a80dc41c559627d4275646	carat/tables/qcatalog/dim6/dir.3;2-1;1/ordnung.96/(1)^4(2)^2(4)^4(8)^2/group.4004
work/ext6b/2-2s2-2s1__group.550__X111	38a1f74846f4ca9ab4962f2970cae7a8	carat/tables/qcatalog/dim6/dir.2-2;2-2;1;1/ordnung.24/(2)^4(6)^2/group.2915
work/ext6b/2-2s2-1s1__group.426__X10	38b943ff55873a18b6eb9bfe83649fd2	carat/tables/qcatalog/dim6/dir.2-2;2-1;1;1/ordnung.24/(1)^4(4)^1(12)^2(36)^1/group.2096
work/ext6b/4-2s1__group.957__X001	38cdba5d73e37a9a28af2f7ab79c1940	carat/tables/qcatalog/dim6/dir.4-2;1;1/ordnung.48/(2)^10(6)^8/group.6188
work/ext6b/2-2s2-1s1__group.415__T	38f6e9bc0acbc958a76ba3b6bab3bf06	carat/tables/qcatalog/dim6/dir.2-2;2-1;1;1/ordnung.24/(1)^2(2)^4(8)^1(24)^1/min.371
work/ext6b/4-2s1__group.930__T	39028054a78f83b980710ae7fe1c22ab	carat/tables/qcatalog/dim6/dir.4-2;1,1/ordnung.24/(2)^5(6)^4/group.5938
work/ext6b/2-2s2-2s1__group.598__X110	391503d51dcd331f34c286e07a64e431	carat/tables/qcatalog/dim6/dir.2-2;2-2;1,1/ordnung.72/(1)^3(3)^4(9)^1(18)^1/group.2780
work/ext6b/4-1s1__group.807__C	39196ab84d0c8a2c2e742b507bd709b6	carat/tables/qcatalog/dim6/dir.4-1;1;1/ordnung.48/(2)^6(6)^4/group.4809
work/ext6b/2-2s2-2s1__group.550__C	393ab29d776aeadc1ed8361755e96996	carat/tables/qcatalog/dim6/dir.2-2;2-2;1;1/ordnung.48/(2)^4(6)^2/group.3010
work/ext6b/4-1s1__group.811__T	3940ca21139279d19f209279c9bd7dc7	carat/tables/qcatalog/dim6/dir.4-1;1,1/ordnung.288/(1)^4(2)^9(4)^4/group.4497
work/ext6b/3s2-2__group.715__X11	394295030362d1429b5c586fc8a2cb54	carat/tables/qcatalog/dim6/dir.3;2-2;1/ordnung.144/(1)^8(2)^2(4)^2(12)^2/group.4135
work/ext6b/2-2s1c1c1__group.339__X010	3943f890e2589ea030cdc77125d44986	carat/tables/qcatalog/dim6/dir.2-2;1,1,1;1/ordnung.24/(1)^2(3)^2(6)^1(18)^1/group.1716
work/ext6b/2-1s1c1c1__min.79__C	3976f0b153ca862cd3c69f52c1106e2e	carat/tables/qcatalog/dim6/dir.2-1;1,1,1;1/ordnung.8/(2)^2(4)^1(12)^1/group.1118
work/ext6b/3s2-1__group.678__C	3994f17ed652166e7f0e249422ed643c	carat/tables/qcatalog/dim6/dir.3;2-1;1/ordnung.384/(1)^4(2)^4(4)^6/group.3975
work/ext6b/2-1s2-1s1__group.275__C	399ae2cf14e76cd530b2e0ed6149b763	carat/tables/qcatalog/dim6/dir.2-1;2-1;1;1/ordnung.256/(2)^6(4)^4/group.1340
work/ext6b/4-1s1__group.835__T	39a1acf770e61fd9d5544ee65023aa5b	carat/tables/qcatalog/dim6/dir.4-1;1;1/ordnung.384/(1)^4(2)^12(4)^2/group.4783
work/ext6b/2-2s2-2s1__group.605__X101	39a1cc805719daf7f45140a64eb8707d	carat/tables/qcatalog/dim6/dir.2-2;2-2;1;1/ordnung.72/(1)^5(3)^1(6)^2/group.3088
work/ext6b/4-2s1__group.921__C	39a7a8fb1460d1d6e415157f92aef63c	carat/tables/qcatalog/dim6/dir.4-2;1;1/ordnung.288/(1)^10(3)^6(6)^2/group.6140
work/ext6b/2-1s2-1s1__group.312__X011	39b4d40b64613cc9261fa32258efc373	carat/tables/qcatalog/dim6/dir.2-1;2-1;1;1/ordnung.32/(2)^2(4)^2(8)^2/group.1343
work/ext6b/4-1s1__group.784__X111	39bbe12d09536df56fa3cc539b8dbbdb	carat/tables/qcatalog/dim6/dir.4-1;1;1/ordnung.16/(2)^2(4)^4(8)^4/min.489
work/ext6b/4-2s1__group.950__X11	39bce39eb7fb49e91560865b7cf44d5f	carat/tables/qcatalog/dim6/dir.4-2;1;1/ordnung.36/(1)^4(3)^4(18)^2/group.6176
work/ext6b/4-2s1__group.901__T	39be90013ecc916f1ed4c7ea04110055	carat/tables/qcatalog/dim6/dir.4-2;1;1/ordnung.144/(1)^6(3)^8(9)^2(18)^2/group.6044
work/ext6b/2-2s2-2s1__group.598__X011	39f5c8fe8a41d7b1ab55d9eec3480947	carat/tables/qcatalog/dim6/dir.2-2;2-2;1;1/ordnung.72/(1)^3(3)^5(6)^1(18)^1/group.3049
work/ext6b/4-1s1__group.871__X10	3a075432de98cad5ccce0abcb8b1eafb	carat/tables/qcatalog/dim6/dir.4-1;1,1/ordnung.64/(2)^8(4)^8(8)^1/group.4557
work/ext6b/4-1s1__group.777__X1001	3a251a5a59e930c9ca88c9a35a213363	carat/tables/qcatalog/dim6/dir.4-1;1;1/ordnung.128/(2)^8(4)^10/group.4631
work/ext6b/2-1s1s1s1__group.273__X1101	3a3760c3ecafba99befb6e85128cbfab	carat/tables/qcatalog/dim6/dir.2-1;1;1;1;1/ordnung.32/(2)^2(4)^2(8)^2/group.1211
work/ext6b/4-2s1__group.937__X001	3a4bc494f76c6ece4d0b875e5d1a4474	carat/tables/qcatalog/dim6/dir.4-2;1;1/ordnung.288/(1)^10(3)^6(6)^2/group.6121
work/ext6b/1s1s1s1s1__group.217__C	3a4d31e8bc3699659239f561cf99f8ef	carat/tables/qcatalog/dim6/dir.1;1;1;1;1;1/ordnung.32/(2)^2(4)^2(8)^2/group.1076
work/ext6b/4-1ps1__group.760__X11	3a8265f8430e5f170b102401878bc24d	carat/tables/qcatalog/dim6/dir.4-1';1;1/ordnung.16/(2)^2(8)^4/group.4410
work/ext6b/4-2s1__group.940__C	3a91033b1f7435066384d89a65cc269c	carat/tables/qcatalog/dim6/dir.4-2;1;1/ordnung.576/(1)^10(3)^6(6)^2/group.6231
work/ext6b/2-2s2-1s1__group.462__X011	3aaa656c5b349b24c40f2e120f9ee5e2	carat/tables/qcatalog/dim6/dir.2-2;2-1;1;1/ordnung.48/(1)^4(2)^2(12)^2/group.2160
work/ext6b/1c1s1s1s1__group.211__X0011	3aab8876f0ffb76538d8cf90be693a3f	carat/tables/qcatalog/dim6/dir.1,1;1;1;1;1/ordnung.16/(2)^2(4)^2(8)^1/group.1064
work/ext6b/3s2-2__group.735__X001	3ab5ed81ff7d91956d69565dabed3593	carat/tables/qcatalog/dim6/dir.3;2-2;1/ordnung.288/(1)^8(2)^1(4)^3(12)^1(24)^1/group.4196
work/ext6b/4-2s1__group.953__X11	3ac3aeff834e85d8a2bb43ccef9b3c1a	carat/tables/qcatalog/dim6/dir.4-2;1,1/ordnung.36/(1)^3(3)^10(9)^3(18)^1/group.5958
work/ext6b/2-2s2-1s1__group.478__X110	3ad2f94158f0176b449879072a99c631	carat/tables/qcatalog/dim6/dir.2-2;2-1;1;1/ordnung.48/(1)^4(2)^4(12)^2/group.2238
work/ext6b/2-1s1c1c1__group.228__X10	3ade6b5b3da435b6a2f07665cfa5771c	carat/tables/qcatalog/dim6/dir.2-1;1,1,1,1/ordnung.8/(2)^2(16)^1/group.1103
work/ext6b/4-1s1__group.770__X100	3ae0bc195a3eeaf5b2e9e3cedcba359f	carat/tables/qcatalog/dim6/dir.4-1;1;1/ordnung.128/(2)^12(4)^4(8)^2/group.4599
work/ext6b/2-2s2-2s1__group.617__X111	3af82d95967c3d3935eed59c68a863ef	carat/tables/qcatalog/dim6/dir.2-2;2-2;1;1/ordnung.72/(1)^5(3)^3(6)^1(18)^1/group.3135
work/ext6b/4-2s1__group.921__X100	3b06eb87f3b78145c99d570bcb6f5c4f	carat/tables/qcatalog/dim6/dir.4-2;1;1/ordnung.144/(1)^10(3)^6(6)^2/group.6024
work/ext6b/4-2s1__group.954__X110	3b1600cfd3a6ffb0db895f03008bf356	carat/tables/qcatalog/dim6/dir.4-2;1;1/ordnung.48/(2)^6(6)^4/group.6205
work/ext6b/3s2-2__group.704__X10	3b265b8578807c28f0af74ab1a134792	carat/tables/qcatalog/dim6/dir.3;2-2;1/ordnung.144/(1)^6(2)^1(4)^4(24)^1/group.4063
work/ext6b/3s2-1__group.702__X11	3b271330525ec8981956d16391d5d7aa	carat/tables/qcatalog/dim6/dir.3;2-1;1/ordnung.96/(1)^4(4)^8/group.4051
work/ext6b/4-2s1__group.960__X111	3b392e2a7f092a8650208b025b1ec32c	carat/tables/qcatalog/dim6/dir.4-2;1;1/ordnung.48/(2)^10(6)^8/group.6187
work/ext6b/4-2s1__group.989__X01	3b3c7c02d36e4761d6c70d354970be07	carat/tables/qcatalog/dim6/dir.4-2;1,1/ordnung.72/(1)^7(3)^8(9)^1(18)^1/group.6001
work/ext6b/2-2s2-2s1__group.560__X01	3b8c3b0aaa4d4963084bcc60fcab1e01	carat/tables/qcatalog/dim6/dir.2-2;2-2;1,1/ordnung.36/(1)^2(3)^2(18)^1/group.2737
work/ext6b/2-2s1s1s1__group.381__X010	3b970380501fae782793d75a9f77771a	carat/tables/qcatalog/dim6/dir.2-2;1;1;1;1/ordnung.24/(1)^4(2)^1(6)^1(12)^1(36)^1/group.1820
work/ext6b/2-1s1s1s1__group.274__X11010	3ba632fb7b96b80402e905c401e7a8ca	carat/tables/qcatalog/dim6/dir.2-1;1;1;1;1/ordnung.64/(2)^4(4)^2(8)^2/group.1248
work/ext6b/4-1s1__group.794__X10	3bbdfddd168f2a49f0604f8bfe039cff	carat/tables/qcatalog/dim6/dir.4-1;1,1/ordnung.192/(2)^17/group.4487
work/ext6b/2-2s2-2s1__group.540__T	3bc0b0cc37598dfc21598befa636b5d2	carat/tables/qcatalog/dim6/dir.2-2;2-2;1;1/ordnung.18/(3)^4(6)^2/group.2911
work/ext6b/2-2s2-1s1__group.497__X011	3bc7b8502a7c9420aa024bf5ef9aa62e	carat/tables/qcatalog/dim6/dir.2-2;2-1;1;1/ordnung.48/(1)^4(2)^4(24)^2/group.2274
work/ext6b/3s2-1__group.678__X010	3bdfdeb87fd808506221613243a1e58a	carat/tables/qcatalog/dim6/dir.3;2-1;1/ordnung.192/(1)^4(2)^4(4)^4(8)^2/group.3926
work/ext6b/2-2s2-1s1__group.471__X011	3bf6bd08f56bdccecfd606b5117e7714	carat/tables/qcatalog/dim6/dir.2-2;2-1;1;1/ordnung.48/(1)^4(2)^3(6)^1(24)^1(72)^1/group.2216
work/ext6b/4-1s1__group.825__X001	3bfc53014f55ad3a642de3854feb114c	carat/tables/qcatalog/dim6/dir.4-1;1,1/ordnung.32/(2)^1(4)^14(8)^2/group.4507
work/ext6b/2-2s2-1s1__group.437__C	3bfcb27acf74398830ee8135f727af4e	carat/tables/qcatalog/dim6/dir.2-2;2-1;1;1/ordnung.48/(1)^4(2)^3(6)^1(12)^1(36)^1/group.2200
work/ext6b/4-3s1__group.1010__C	3c15974d52bbb5b27c28ed2082657e70	carat/tables/qcatalog/dim6/dir.4-3;1;1/ordnung.240/(1)^12(5)^4(10)^2/group.7204
work/ext6b/3s2-2__group.709__X10	3c1acf4a650260d46ef58d11f1837e4e	carat/tables/qcatalog/dim6/dir.3;2-2;1/ordnung.144/(1)^6(2)^2(4)^1(12)^3/group.4073
work/ext6b/2-2s2-2s1__group.578__X01	3c30b8ab317df173982170b98e27eae5	carat/tables/qcatalog/dim6/dir.2-2;2-2;1,1/ordnung.36/(1)^2(3)^4(6)^1/group.2739
work/ext6b/3s2-2__group.741__X111	3c358756321b291d124a92ee22b010bb	carat/tables/qcatalog/dim6/dir.3;2-2;1/ordnung.288/(1)^8(2)^2(4)^2(12)^2/group.4224
work/ext6b/5-1__group.1025__X01	3c5ba407bc30491e1ab38d8087cfe6a0	carat/tables/qcatalog/dim6/dir.5-1;1/ordnung.160/(1)^8(2)^1(4)^16(8)^1/group.7347
work/ext6b/3s2-2__group.759__X001	3ca30789f1659dbef7fe29805b8b2c38	carat/tables/qcatalog/dim6/dir.3;2-2;1/ordnung.96/(2)^10(4)^2(12)^2/group.4340
work/ext6b/2-2s1c1c1__group.338__X11	3ca704d18aec87ad64a162b9475b8d8f	carat/tables/qcatalog/dim6/dir.2-2;1,1,1,1/ordnung.12/(1)^3(3)^1(12)^1/group.1691
work/ext6b/2-2s2-2s1__group.551__X110	3d197d915a3d1cbe71827cdad7988998	carat/tables/qcatalog/dim6/dir.2-2;2-2;1;1/ordnung.24/(2)^4(6)^4(18)^2/group.2918
work/ext6b/2-2s2-1s1__group.431__T	3d2c344f54a2a084fd10c778a028343e	carat/tables/qcatalog/dim6/dir.2-2;2-1;1;1/ordnung.24/(1)^4(2)^2(12)^2/group.2081
work/ext6b/2-2s1c1s1__group.359__X10	3d639f48b71f1c550f3fed28bcdbf823	carat/tables/qcatalog/dim6/dir.2-2;1,1;1;1/ordnung.12/(1)^3(3)^1(6)^1(18)^1(72)^1/min.337
work/ext6b/4-1s1__group.821__C	3d7086590c0a1052902e83a91b65fbd8	carat/tables/qcatalog/dim6/dir.4-1;1;1/ordnung.64/(2)^2(4)^14(8)^2/group.4834
work/ext6b/2-2s2-1s1__group.451__X101	3d7d73f71afe98a6beef0c2d7ccb1158	carat/tables/qcatalog/dim6/dir.2-2;2-1;1;1/ordnung.48/(1)^2(2)^3(6)^1(24)^2/group.2118
work/ext6b/4-2s1__group.922__X010	3d8b0580550948f915536a3906ec128b	carat/tables/qcatalog/dim6/dir.4-2;1;1/ordnung.144/(1)^10(3)^6(6)^2/group.6011
work/ext6b/2-2s2-2s1__group.586__C	3da23a634ee8e145bdfdb2286d419a8b	carat/tables/qcatalog/dim6/dir.2-2;2-2;1;1/ordnung.72/(1)^5(3)^1(6)^2/group.3102
work/ext6b/3s1s1__group.666__X110	3dcba40a5be416226edb5d278e000530	carat/tables/qcatalog/dim6/dir.3;1;1;1/ordnung.96/(1)^2(2)^2(4)^8/group.3850
work/ext6b/4-2s1__group.915__C	3dfc0c05057b129675cfcb78addd18f8	carat/tables/qcatalog/dim6/dir.4-2;1;1/ordnung.288/(1)^8(3)^8(18)^2/group.6168
work/ext6b/2-2s2-1s1__group.471__X101	3dff7113796e75bab4a9bb0e8b8a7a40	carat/tables/qcatalog/dim6/dir.2-2;2-1;1;1/ordnung.48/(1)^4(2)^3(6)^1(12)^1(36)^1/group.2201
work/ext6b/2-2s2-1s1__group.412__C	3e12dbc319dfacdc73bcd13a72c5a9ce	carat/tables/qcatalog/dim6/dir.2-2;2-1;1;1/ordnung.48/(1)^2(2)^3(6)^1(12)^2/group.2116
work/ext6b/2-1s2-1s1__group.305__X101	3e43a6401fb38dabf5861ac87090e66d	carat/tables/qcatalog/dim6/dir.2-1;2-1;1;1/ordnung.32/(2)^4(4)^4(8)^2/group.1423
work/ext6b/2-2s2-1s1__group.509__X0111	3e4858183e6bdd73febaf87634e8e7dd	carat/tables/qcatalog/dim6/dir.2-2;2-1;1;1/ordnung.96/(1)^4(2)^4(12)^2/group.2397
work/ext6b/4-2s1__group.963__X101	3e53f231cec1afd5a553c11b680c0a33	carat/tables/qcatalog/dim6/dir.4-2;1;1/ordnung.72/(1)^4(3)^4(18)^2/group.6239
work/ext6b/4-1s1__group.887__X01	3e54fce35f99269c5ee4a8f6a4dab8ae	carat/tables/qcatalog/dim6/dir.4-1;1;1/ordnung.96/(2)^10(4)^8/group.4909
work/ext6b/2-2s2-1s1__group.495__X100	3e566c79a7a1d81bd365ee0b214e3bd9	carat/tables/qcatalog/dim6/dir.2-2;2-1;1;1/ordnung.48/(1)^4(2)^4(24)^2/group.2268
work/ext6b/1c1c1s1c1__min.62__C	3e7328722758d5aadd40cfe7ea785178	carat/tables/qcatalog/dim6/dir.1,1,1;1,1;1/ordnung.4/(2)^2(24)^1/min.181
work/ext6b/4-3ps1__min.164__T	3e7e4aa1ceae18ac4852d62276f4bfbe	carat/tables/qcatalog/dim6/dir.4-3';1,1/ordnung.5/(1)^1(5)^3(50)^1/min.626
work/ext6b/3s2-1__group.679__X010	3e92b064774b05c4b3b324f8d4649c4e	carat/tables/qcatalog/dim6/dir.3;2-1;1/ordnung.192/(1)^4(2)^4(4)^6/group.3933
work/ext6b/4-2s1__group.927__X10	3ecfdcd3c1cfac03d331a1e984e5f1e5	carat/tables/qcatalog/dim6/dir.4-2;1,1/ordnung.24/(2)^5(6)^4/group.5940
work/ext6b/2-2s2-2s1__group.610__X101	3edecd15cf65ba4deb81636a71952e0f	carat/tables/qcatalog/dim6/dir.2-2;2-2;1;1/ordnung.72/(1)^4(3)^4(18)^2/group.3063
work/ext6b/2-2s2-1s1__group.408__X01001	3ee4267156ee6f9cda00fdce571701a2	carat/tables/qcatalog/dim6/dir.2-2;2-1;1;1/ordnung.192/(1)^4(2)^4(12)^2/group.2033
work/ext6b/4-1s1__group.825__C	3ef0c7694f8fd9c099887a6a1fd95a66	carat/tables/qcatalog/dim6/dir.4-1;1;1/ordnung.64/(2)^2(4)^14(8)^2/group.4842
work/ext6b/2-2s2-1s1__group.490__X110	3efbf7b20f5da99a9374598d7441d6fc	carat/tables/qcatalog/dim6/dir.2-2;2-1;1,1/ordnung.48/(1)^4(2)^3(6)^1(24)^1/group.2007
work/ext6b/2-2s1s1s1__group.379__X011	3f0a9fa0364e4efef94791abac5e4cdc	carat/tables/qcatalog/dim6/dir.2-2;1;1;1;1/ordnung.24/(1)^2(2)^2(4)^1(12)^1/group.1811
work/ext6b/3s2-1__group.684__C	3f2d38a57bce53d484bb7d59ff8263aa	carat/tables/qcatalog/dim6/dir.3;2-1;1/ordnung.384/(1)^4(2)^4(4)^6/group.3984
work/ext6b/4-2ps1__group.898__X01	3f345e2dc75d55533ea76e89591193e1	carat/tables/qcatalog/dim6/dir.4-2';1;1/ordnung.24/(2)^6(6)^4/min.556
work/ext6b/4-2s1__group.953__C	3f38b660e26b59cf0ce02cb11d99d4ad	carat/tables/qcatalog/dim6/dir.4-2;1;1/ordnung.72/(1)^5(3)^8(9)^3(18)^2/group.6257
work/ext6b/2-2s2-2s1__group.551__C	3f3d97fff38113cc90d790e950992ee2	carat/tables/qcatalog/dim6/dir.2-2;2-2;1;1/ordnung.48/(2)^5(6)^4(18)^1/group.3011
work/ext6b/2-2s2-2s1__group.613__X110	3f3f056f13c6587d66629f445ad9f8f3	carat/tables/qcatalog/dim6/dir.2-2;2-2;1;1/ordnung.72/(1)^5(3)^3(6)^1(18)^1/group.3114
work/ext6b/4-2s1__group.918__X01	3f47635afd3b8785b84e8d6689c4038b	carat/tables/qcatalog/dim6/dir.4-2;1;1/ordnung.144/(1)^10(3)^6(6)^2/group.6006
work/ext6b/3s2-2__group.720__C	3f57b1c8be1b48151727044bab4d1313	carat/tables/qcatalog/dim6/dir.3;2-2;1/ordnung.288/(1)^8(2)^2(4)^2(12)^2/group.4254
work/ext6b/3s1c1__group.648__X110	3f5c0d7b6d394d2c48df1a2e6eb5398a	carat/tables/qcatalog/dim6/dir.3;1,1;1/ordnung.96/(1)^4(2)^2(4)^4(8)^1/group.3825
work/ext6b/4-2s1__group.935__X1100	3f7f0c11267825cee77c6cf49b047010	carat/tables/qcatalog/dim6/dir.4-2;1;1/ordnung.288/(1)^8(3)^8(18)^2/group.6154
work/ext6b/4-2s1__group.935__X0100	3f9c326f020263248dee328b647ce45a	carat/tables/qcatalog/dim6/dir.4-2;1,1/ordnung.288/(1)^7(3)^8(9)^1(18)^1/group.5945
work/ext6b/2-2s2-2s1__group.556__X10011	3fac50f85512edd0460326c50ed5dfbe	carat/tables/qcatalog/dim6/dir.2-2;2-2;1;1/ordnung.288/(1)^6(3)^2(6)^2/group.2935
work/ext6b/3s1s1__group.668__X101	3fc894ebcf11356e5b0616e767b0c578	carat/tables/qcatalog/dim6/dir.3;1;1;1/ordnung.96/(1)^4(2)^2(4)^6/group.3861
work/ext6b/2-2c2-2s1__group.329__C	4004187dff82bf1e51c439229f287aa8	carat/tables/qcatalog/dim6/dir.2-2,2-2;1;1/ordnung.24/(2)^4(6)^2/group.1652
work/ext6b/2-2s2-2s1__group.533__X1101	400892a5ab9cf13f2944829d4d4fed95	carat/tables/qcatalog/dim6/dir.2-2;2-2;1,1/ordnung.144/(1)^5(3)^3(6)^1/group.2711
work/ext6b/4-1s1__group.812__X001	400d4dd30558fc421e5773a227ec14a8	carat/tables/qcatalog/dim6/dir.4-1;1,1/ordnung.288/(1)^8(2)^1(6)^8/group.4498
work/ext6b/4-2s1__group.949__T	405e252cc36c1a1b43cc87ba4bb9a90d	carat/tables/qcatalog/dim6/dir.4-2;1,1/ordnung.36/(1)^3(3)^4(9)^1(18)^1/group.5959
work/ext6b/4-2s1__group.948__C	4069ea802e27477580fbc50a037de113	carat/tables/qcatalog/dim6/dir.4-2;1;1/ordnung.72/(1)^4(3)^4(18)^2/group.6242
work/ext6b/4-2s1__group.927__C	4071d9b9a7652326c11d947d3d2bc874	carat/tables/qcatalog/dim6/dir.4-2;1;1/ordnung.48/(2)^6(6)^4/group.6207
work/ext6b/2-2s1c1s1__group.364__X110	40b8d2f559618e1840fce471b1fda8fa	carat/tables/qcatalog/dim6/dir.2-2;1,1;1;1/ordnung.24/(1)^2(2)^2(24)^1/group.1748
work/ext6b/4-1s1__min.148__T	40d5f91fdc16f3b81951b1979c91ddc6	carat/tables/qcatalog/dim6/dir.4-1;1;1/ordnung.32/(2)^2(4)^12(8)^4/min.498
work/ext6b/2-2s2-2s1__group.610__X010	40d90732cd3f2f69a5866fd2b675531b	carat/tables/qcatalog/dim6/dir.2-2;2-2;1;1/ordnung.72/(1)^4(3)^4(18)^2/group.3077
work/ext6b/3s1c1__group.647__X10	40db8a54c9ddc1f9419796bffa596aa3	carat/tables/qcatalog/dim6/dir.3;1,1,1/ordnung.48/(1)^4(2)^2(4)^3(12)^1/group.3782
work/ext6b/4-2ps1__min.154__T	40e9f3f15e6f17e1decc457fd0894afb	carat/tables/qcatalog/dim6/dir.4-2';1,1/ordnung.12/(2)^3(6)^2/min.554
work/ext6b/2-1c2-1s1__min.76__X11	410acb922b12dbc5b165c827cf4c28c7	carat/tables/qcatalog/dim6/dir.2-1,2-1;1;1/ordnung.8/(2)^2(8)^4/min.211
work/ext6b/2-1s2-1s1__group.315__X0110	4117a693466910049ef529e825a0d42a	carat/tables/qcatalog/dim6/dir.2-1;2-1;1;1/ordnung.64/(2)^4(4)^2(8)^2/group.1439
work/ext6b/3s2-2__group.716__T	4118f6756786bb94a8c092ab6a6ed71a	carat/tables/qcatalog/dim6/dir.3;2-2;1/ordnung.144/(1)^8(2)^2(4)^1(12)^2(36)^1/group.4118
work/ext6b/4-1s1__group.829__X0011	41219d2ccd200c3b360821ac6bfeaf65	carat/tables/qcatalog/dim6/dir.4-1;1;1/ordnung.32/(2)^2(4)^4(8)^4/group.4748
work/ext6b/2-2s2-1s1__group.408__X00101	412b9e15cb1b0d100d9f4342537926de	carat/tables/qcatalog/dim6/dir.2-2;2-1;1;1/ordnung.192/(1)^4(2)^4(12)^2/group.2042
work/ext6b/2-1s2-1s1__group.287__X101	413493fd03ba1757e24287f8ca809c5d	carat/tables/qcatalog/dim6/dir.2-1;2-1;1;1/ordnung.16/(2)^2(4)^4(8)^4/group.1330
work/ext6b/2-2s2-2s1__group.606__T	413c7c348d2f42bb8bf67c822d0d0a2d	carat/tables/qcatalog/dim6/dir.2-2;2-2;1,1/ordnung.72/(1)^4(3)^2(6)^1/group.2790
work/ext6b/2-1s1c1s1__group.231__X010	4147741313f8f2e5ae67d2ac91140d3b	carat/tables/qcatalog/dim6/dir.2-1;1,1;1,1/ordnung.16/(2)^4(8)^2/group.1129
work/ext6b/2-2s2-1s1__group.472__X111	41694cec0ccfd22380734e842e4a97d9	carat/tables/qcatalog/dim6/dir.2-2;2-1;1;1/ordnung.48/(1)^4(2)^3(6)^1(24)^1(72)^1/group.2219
work/ext6b/4-1s1__min.145__X01	4183727ecb942f112a6992bbbbaca22b	carat/tables/qcatalog/dim6/dir.4-1;1,1/ordnung.16/(2)^1(4)^6(8)^2/min.481
work/ext6b/3s2-2__group.709__X11	4199f86c3309abbeae75f2ae219fc218	carat/tables/qcatalog/dim6/dir.3;2-2;1/ordnung.144/(1)^6(2)^2(4)^3(12)^1/group.4091
work/ext6b/2-2s1c1c1__group.338__C	419ca48f72f4ccaa6959917342225340	carat/tables/qcatalog/dim6/dir.2-2;1,1,1;1/ordnung.24/(1)^3(3)^1(6)^2/group.1724
work/ext6b/3s2-1__group.700__X10	41b85c940b5cd41c53f3c4be3063b30e	carat/tables/qcatalog/dim6/dir.3;2-1;1/ordnung.96/(1)^4(2)^2(4)^6/group.4015
work/ext6b/2-2s2-2s1__group.537__C	41c85d7196b18d7eba5c2f55c970fbdc	carat/tables/qcatalog/dim6/dir.2-2;2-2;1;1/ordnung.288/(1)^6(3)^2(6)^2/group.2944
work/ext6b/4-2s1__group.987__T	41d87381f93dc81f64a6ff71a4dd9ea1	carat/tables/qcatalog/dim6/dir.4-2;1;1/ordnung.72/(1)^7(3)^8(9)^1(18)^2/group.6287
work/ext6b/4-1s1__min.150__X11	4202f094a43c47062a989990a0ec6998	carat/tables/qcatalog/dim6/dir.4-1;1,1/ordnung.32/(2)^1(4)^14(8)^2/min.486
work/ext6b/4-3ps1__group.1000__X10	420737abc429b66619ba74cc51b7e974	carat/tables/qcatalog/dim6/dir.4-3';1;1/ordnung.20/(1)^3(5)^5(10)^1(50)^1/group.7107
work/ext6b/2-1s1c1s1__group.236__X111	4209662a8e2eca811124010f76b75743	carat/tables/qcatalog/dim6/dir.2-1;1,1;1;1/ordnung.16/(2)^4(8)^3/group.1170
work/ext6b/2-2s2-1s1__group.491__C	42126225e492d9efa5b52f2c6e203629	carat/tables/qcatalog/dim6/dir.2-2;2-1;1;1/ordnung.96/(1)^4(2)^4(12)^2/group.2393
work/ext6b/2-1s2-1s1__min.95__T	42242d094dd0072f4551562306dfebed	carat/tables/qcatalog/dim6/dir.2-1;2-1;1;1/ordnung.16/(2)^2(4)^4(8)^4/min.262
work/ext6b/3s2-1__group.701__X10	422f726eb9ce389034899e5db53f60e2	carat/tables/qcatalog/dim6/dir.3;2-1;1/ordnung.96/(1)^4(4)^8/group.4049
work/ext6b/2-1s2-1s1__group.275__T	423064ca63b1d047c5d2fdf743d826f9	carat/tables/qcatalog/dim6/dir.2-1;2-1;1;1/ordnung.128/(2)^6(4)^4/group.1317
work/ext6b/4-1s1__group.801__T	423c263b0307e54dda2fbf4387c9bb2b	carat/tables/qcatalog/dim6/dir.4-1;1;1/ordnung.192/(1)^2(2)^10(4)^6/group.4662
work/ext6b/2-1s2-1s1__group.280__T	426face351babb8794ef3f1f07f5a0e5	carat/tables/qcatalog/dim6/dir.2-1;2-1;1;1/ordnung.16/(2)^2(4)^2(8)^2/group.1325
work/ext6b/2-2s2-1s1__group.473__X010	429092d744f545bfc632b74002af05e5	carat/tables/qcatalog/dim6/dir.2-2;2-1;1;1/ordnung.48/(1)^4(2)^2(6)^2(36)^2/group.2181
work/ext6b/2-2s2-2s1__min.128__T	42ae3a70322547f11b7b059a08cfa5b7	carat/tables/qcatalog/dim6/dir.2-2;2-2;1;1/ordnung.6/(6)^6/min.413
work/ext6b/2-2s1c1c1__group.337__C	42cd7d6c98c7ec62e88f0f6d05d2fef8	carat/tables/qcatalog/dim6/dir.2-2;1,1,1;1/ordnung.24/(1)^3(3)^1(6)^2/group.1722
work/ext6b/3s2-2__group.706__X01	432872347498b65afaa622354e09df1c	carat/tables/qcatalog/dim6/dir.3;2-2;1/ordnung.144/(1)^6(2)^2(4)^3(12)^1/group.4087
work/ext6b/2-2s2-1s1__group.439__X01	4353c818dfc3b0da0dcbe952afe67380	carat/tables/qcatalog/dim6/dir.2-2;2-1;1,1/ordnung.24/(1)^4(2)^1(6)^3(24)^1/group.1950
work/ext6b/2-1s2-1s1__group.280__X011	43566854772f66f71138518ca54ee59d	carat/tables/qcatalog/dim6/dir.2-1;2-1;1;1/ordnung.16/(2)^2(8)^4/group.1335
work/ext6b/2-2s1c1c1__group.340__T	43823d43dcbee1478e108c8e35013821	carat/tables/qcatalog/dim6/dir.2-2;1,1,1;1/ordnung.6/(1)^2(6)^1(54)^1/min.315
work/ext6b/2-2s2-2s1__group.538__X0100	43a22ae31add52892d80e1abe8a16feb	carat/tables/qcatalog/dim6/dir.2-2;2-2;1;1/ordnung.144/(1)^6(3)^2(6)^2/group.2890
work/ext6b/2-2s2-2s1__group.558__T	43c733fd9f79f9f9d1125376c05ffbb7	carat/tables/qcatalog/dim6/dir.2-2;2-2;1;1/ordnung.36/(1)^2(3)^4(6)^1(18)^1/group.2959
work/ext6b/2-1s2-1s1__group.317__X0011	43d9603747fc1340556f6dd7d73debd6	carat/tables/qcatalog/dim6/dir.2-1;2-1;1;1/ordnung.64/(2)^4(4)^4(8)^2/group.1457
work/ext6b/3s2-1__min.136__C	43dab0db7f96cab6694253813bb34304	carat/tables/qcatalog/dim6/dir.3;2-1;1/ordnung.96/(1)^2(2)^2(4)^8/group.3991
work/ext6b/1c1s1s1s1__group.213__T	43dafd90a1cbb61c7da44d7ecedb75a6	carat/tables/qcatalog/dim6/dir.1,1;1;1;1;1/ordnung.8/(2)^1(4)^2(8)^2/min.189
work/ext6b/2-2s2-1s1__group.500__X001	43feee06ebac486fe614ca3f62a35ae9	carat/tables/qcatalog/dim6/dir.2-2;2-1;1,1/ordnung.48/(1)^4(2)^3(6)^1(24)^1/group.1988
work/ext6b/4-2s1__group.943__X100	44019402c1dd4b109556f78bf60d00b6	carat/tables/qcatalog/dim6/dir.4-2;1,1/ordnung.288/(1)^9(3)^7(6)^1/group.5953
work/ext6b/4-1s1__group.786__X001	44478ff66738029d3af2a9713b54d703	carat/tables/qcatalog/dim6/dir.4-1;1;1/ordnung.16/(2)^2(4)^4(8)^4/min.490
work/ext6b/2-1s2-1s1__group.308__X101	44508cc73fccbadf595ff7c3c3db9d61	carat/tables/qcatalog/dim6/dir.2-1;2-1;1;1/ordnung.32/(2)^4(4)^4(8)^2/group.1397
work/ext6b/4-2s1__group.934__X11	449c477962a5083e421e12c54f0815fc	carat/tables/qcatalog/dim6/dir.4-2;1,1/ordnung.24/(2)^5(6)^4/group.5943
work/ext6b/2-2s2-2s1__group.524__C	44d4b8fa787b017e6e9f0c978a16f0e8	carat/tables/qcatalog/dim6/dir.2-2;2-2;1;1/ordnung.24/(2)^5(6)^4(18)^1/group.2921
work/ext6b/4-2s1__group.955__X010	44d4df1de634b28247780b8a3cd8e038	carat/tables/qcatalog/dim6/dir.4-2;1,1/ordnung.48/(2)^5(6)^4/group.5966
work/ext6b/3s2-2__group.738__X011	44f0bef3744edad5fed333dec1ea749b	carat/tables/qcatalog/dim6/dir.3;2-2;1/ordnung.288/(1)^8(2)^2(4)^2(12)^2/group.4225
work/ext6b/1s1s1s1s1__min.72__X011	44f1cb063862974e847408128e2bdd2c	carat/tables/qcatalog/dim6/dir.1;1;1;1;1;1/ordnung.8/(2)^2(8)^4/min.199
work/ext6b/4-3s1__group.1016__C	44faacb313c07a1b0a3fb625e3229ebd	carat/tables/qcatalog/dim6/dir.4-3;1;1/ordnung.480/(1)^12(5)^4(10)^2/group.7224
work/ext6b/2-2c2-2s1__group.331__X10	450cdc27577a499b8edb5a124c96a205	carat/tables/qcatalog/dim6/dir.2-2,2-2;1;1/ordnung.12/(2)^2(6)^4/group.1642
work/ext6b/3s2-1__group.693__X11	4517ff51c5722cf850a4fbb3bd1ed61a	carat/tables/qcatalog/dim6/dir.3;2-1;1/ordnung.96/(1)^4(2)^4(4)^4(8)^2/group.4032
work/ext6b/2-2s2-1s1__group.480__X001	45328f7d9251702bbcd7f504a144f795	carat/tables/qcatalog/dim6/dir.2-2;2-1;1,1/ordnung.48/(1)^4(2)^3(6)^1(24)^1/group.1997
work/ext6b/5-1__group.1032__C	4556e0df98af9bb33216d74a968cf3ad	carat/tables/qcatalog/dim6/dir.5-1;1/ordnung.640/(1)^8(2)^2(4)^16/group.7382
work/ext6b/2-2s2-2s1__group.581__T	45677bbc0f95ceaca722ff772924c8ae	carat/tables/qcatalog/dim6/dir.2-2;2-2;1,1/ordnung.36/(1)^2(3)^6(18)^1/group.2748
work/ext6b/5-1__max.14__T	457b860d22c6527f8f5badbe12fc5811	carat/tables/qcatalog/dim6/dir.5-1;1/ordnung.3840/(1)^16(2)^2(4)^8/group.7372
work/ext6b/2-1s2-1s1__group.293__X111	45a33ce1adce959d6907a227b2e9859f	carat/tables/qcatalog/dim6/dir.2-1;2-1;1;1/ordnung.32/(2)^4(4)^2(8)^2/group.1378
work/ext6b/2-1s2-1s1__group.323__X0101	45b415b62fed1505003abe164cc4f1b7	carat/tables/qcatalog/dim6/dir.2-1;2-1;1;1/ordnung.64/(2)^6(4)^2(8)^2/group.1484
work/ext6b/4-2s1__group.958__C	45daf98d72b758dba66beffdcf6bae95	carat/tables/qcatalog/dim6/dir.4-2;1;1/ordnung.96/(2)^10(6)^8/group.6301
work/ext6b/2-2s2-2s1__group.633__C	45dc2e632e84bb019fd95f3982732a67	carat/tables/qcatalog/dim6/dir.2-2;2-2;1;1/ordnung.144/(1)^6(3)^2(6)^2/group.2893
work/ext6b/2-2s1c1c1__group.337__X11	45dfe11edbf05b5354af94a9caa89909	carat/tables/qcatalog/dim6/dir.2-2;1,1,1;1/ordnung.12/(1)^3(3)^1(6)^2/group.1713
work/ext6b/3s2-1__group.695__X01	45faed2884296c5050f1f2b286bbe772	carat/tables/qcatalog/dim6/dir.3;2-1;1/ordnung.96/(1)^4(2)^4(4)^4(8)^2/group.4042
work/ext6b/2-1pc2-1ps1__group.222__X11	45ffdaa79d93f910442485101ed2ac42	carat/tables/qcatalog/dim6/dir.2-1',2-1';1,1/ordnung.8/(2)^1(8)^2/group.1081
work/ext6b/2-1s2-1s1__group.306__X110	4626d4720999306ba64f0948abfed1ad	carat/tables/qcatalog/dim6/dir.2-1;2-1;1;1/ordnung.32/(2)^4(4)^4(8)^2/group.1386
work/ext6b/2-2s2-1s1__group.426__T	4633e8927896c9c0923acda897f5444a	carat/tables/qcatalog/dim6/dir.2-2;2-1;1;1/ordnung.24/(1)^4(2)^1(6)^1(12)^1(36)^1/group.2075
work/ext6b/4-1s1__group.797__C	4651b7ddab46ad3b28705cb10c3e5edd	carat/tables/qcatalog/dim6/dir.4-1;1;1/ordnung.384/(2)^10(4)^8/group.4788
work/ext6b/4-1s1__group.814__X01	4669ee1792e85baf32f878342d5da281	carat/tables/qcatalog/dim6/dir.4-1;1;1/ordnung.32/(2)^4(4)^4(8)^2/group.4768
work/ext6b/2-2s2-2s1__group.537__X1011	46887dff11f77a91b14cbe2e99f8393b	carat/tables/qcatalog/dim6/dir.2-2;2-2;1;1/ordnung.144/(1)^6(3)^2(6)^2/group.2888
work/ext6b/4-2s1__group.964__X10	4694dda867b9336b0f8990aa8c70f6a5	carat/tables/qcatalog/dim6/dir.4-2;1,1/ordnung.72/(1)^3(3)^4(9)^1(18)^1/group.5976
work/ext6b/3s2-2__group.745__X01	46d457fcfc225f1f3274067c0d7b1e35	carat/tables/qcatalog/dim6/dir.3;2-2;1/ordnung.48/(2)^9(4)^3(12)^1(24)^1/group.4284
work/ext6b/2-2s2-1s1__group.419__C	46e8b93b1a05f37c8363b5e27e0c39fe	carat/tables/qcatalog/dim6/dir.2-2;2-1;1;1/ordnung.48/(1)^2(2)^4(4)^1(12)^1/group.2132
work/ext6b/4-1s1__group.789__X10	46ea66334d89dba0d4d363ca34e1270a	carat/tables/qcatalog/dim6/dir.4-1;1;1/ordnung.16/(2)^2(4)^4(8)^4/group.4659
work/ext6b/2-1s1c1s1__group.230__X101	47079f879b22bbcb9fd8b432251fa8a9	carat/tables/qcatalog/dim6/dir.2-1;1,1;1,1/ordnung.16/(2)^4(16)^2/group.1127
work/ext6b/3s1c1__group.641__C	470e57644ffbda00e66e9602ed5b2bb2	carat/tables/qcatalog/dim6/dir.3;1,1;1/ordnung.96/(1)^2(2)^2(4)^6(8)^1/group.3817
work/ext6b/4-2s1__group.945__X11	472413a63f467df935e32fd524a01c8f	carat/tables/qcatalog/dim6/dir.4-2;1;1/ordnung.36/(3)^8(18)^2/group.6183
work/ext6b/3s1c1__group.634__X01	4733cd13ef9d23a95e45de8051f510eb	carat/tables/qcatalog/dim6/dir.3;1,1,1/ordnung.24/(1)^2(4)^7(12)^1/group.3775
work/ext6b/2-2s2-2s1__group.523__X10	476fcf7e08e09e195b6420b55566d74b	carat/tables/qcatalog/dim6/dir.2-2;2-2;1,1/ordnung.12/(2)^3(6)^2/group.2703
work/ext6b/2-1s2-1s1__group.299__X011	477849d853106e0b04bd0508b3d6a10d	carat/tables/qcatalog/dim6/dir.2-1;2-1;1;1/ordnung.32/(2)^4(4)^4(8)^2/group.1419
work/ext6b/3s2-1__group.678__X100	47788e401e515f387dc1a86720a3df72	carat/tables/qcatalog/dim6/dir.3;2-1;1/ordnung.192/(1)^4(2)^4(4)^6/group.3952
work/ext6b/2-1s2-1s1__min.100__X01	479df7f2f9c14950ac58cd665c2a1d62	carat/tables/qcatalog/dim6/dir.2-1;2-1;1,1/ordnung.8/(2)^1(4)^2(8)^2/min.258
work/ext6b/4-2s1__min.158__X01	479e44dfc7da23e977dae324f5db8837	carat/tables/qcatalog/dim6/dir.4-2;1,1/ordnung.18/(1)^2(3)^4(9)^2(18)^1/min.567
work/ext6b/3s2-2__group.736__X110	47c0aa763006bf991eb02447eeb2361f	carat/tables/qcatalog/dim6/dir.3;2-2;1/ordnung.288/(1)^8(2)^2(4)^2(12)^2/group.4216
work/ext6b/2-1s1s1s1__group.255__C	47cd1924cd76c36548a23ecc36f42fa7	carat/tables/qcatalog/dim6/dir.2-1;1;1;1;1/ordnung.32/(2)^4(4)^2(8)^2/group.1224
work/ext6b/2-2s2-2s1__group.614__X011	47d2c9539e60172b6b57a45f93de6f55	carat/tables/qcatalog/dim6/dir.2-2;2-2;1,1/ordnung.72/(1)^3(3)^5(6)^1/group.2787
work/ext6b/2-2s1c1s1__group.349__X10	47de47dc34be69c709e5e59bc41025c1	carat/tables/qcatalog/dim6/dir.2-2;1,1;1,1/ordnung.12/(1)^2(3)^2(12)^2/group.1729
work/ext6b/2-2s2-2s1__group.622__X101	47e35893fb14db911fa8087b943d09e7	carat/tables/qcatalog/dim6/dir.2-2;2-2;1;1/ordnung.72/(1)^5(3)^3(6)^1(18)^1/group.3132
work/ext6b/2-2s2-1s1__group.447__X10	47eb748d288743aecdbac5ff9af95bec	carat/tables/qcatalog/dim6/dir.2-2;2-1;1,1/ordnung.24/(1)^4(2)^3(6)^1(24)^1/group.1954
work/ext6b/2-2s2-2s1__group.590__X001	4802430dcdd0eeadc55139e305b75be7	carat/tables/qcatalog/dim6/dir.2-2;2-2;1;1/ordnung.36/(1)^4(3)^4(18)^2/group.3002
work/ext6b/4-1s1__group.787__C	4825090b881c72258bf736ea0187ac7f	carat/tables/qcatalog/dim6/dir.4-1;1;1/ordnung.32/(2)^2(4)^6(8)^2/group.4757
work/ext6b/4-2s1__group.910__X100	4825c9c58fa3747b9c53dc94b8b83535	carat/tables/qcatalog/dim6/dir.4-2;1,1/ordnung.144/(1)^7(3)^8(9)^1(18)^1/group.5922
work/ext6b/2-2s2-2s1__group.526__X01	4831e3ec204f401fa2fbfdee42472e45	carat/tables/qcatalog/dim6/dir.2-2;2-2;1,1/ordnung.12/(2)^3(6)^6/group.2706
work/ext6b/4-2s1__group.904__X010	483380c027c26cf7b78b7cbee2a00789	carat/tables/qcatalog/dim6/dir.4-2;1;1/ordnung.144/(1)^6(3)^8(9)^2(18)^2/group.6062
work/ext6b/4-2s1__group.975__X001	4847a3f72688e897317cdf0760736219	carat/tables/qcatalog/dim6/dir.4-2;1,1/ordnung.72/(1)^5(3)^8(9)^3(18)^1/group.5991
work/ext6b/2-1s1s1s1__group.265__X1000	4850513238b7e473beb0b6c1ce0b6b45	carat/tables/qcatalog/dim6/dir.2-1;1;1;1;1/ordnung.32/(2)^4(4)^2(8)^2/group.1218
work/ext6b/5-1__group.1034__C	485cd75528a13a3e22dc5486d2a9119c	carat/tables/qcatalog/dim6/dir.5-1;1/ordnung.1920/(1)^16(2)^2(4)^8/group.7354
work/ext6b/4-2s1__group.983__C	48742a90f8b2ad0bd243d586871ea695	carat/tables/qcatalog/dim6/dir.4-2;1;1/ordnung.144/(1)^6(3)^8(9)^2(18)^2/group.6047
work/ext6b/2-2s2-1s1__group.506__X0001	4877ce18c823a943867a7a5ffb26a1b9	carat/tables/qcatalog/dim6/dir.2-2;2-1;1,1/ordnung.96/(1)^4(2)^1(6)^1(24)^1/group.2013
work/ext6b/4-2s1__group.926__X11	489d5472bc54653a9ebef20669177274	carat/tables/qcatalog/dim6/dir.4-2;1;1/ordnung.24/(2)^4(6)^2/group.6102
work/ext6b/3s1c1__group.644__X11	48a7badcf534e8dfc5c33ff768c358b1	carat/tables/qcatalog/dim6/dir.3;1,1;1/ordnung.48/(1)^4(2)^2(4)^4(8)^1/group.3800
work/ext6b/4-1s1__group.831__X111	48c7726ef1c31583f373de2917cd3535	carat/tables/qcatalog/dim6/dir.4-1;1;1/ordnung.32/(2)^2(4)^4(8)^4/group.4751
work/ext6b/2-2s2-1s1__group.408__X11001	48cfa85ab5e70e80670b016f5724712e	carat/tables/qcatalog/dim6/dir.2-2;2-1;1;1/ordnung.192/(1)^4(2)^4(12)^2/group.2032
work/ext6b/2-2s2-1s1__group.470__X100	48eb43670bcd98bc92c74bcabe0e52aa	carat/tables/qcatalog/dim6/dir.2-2;2-1;1;1/ordnung.48/(1)^4(2)^2(6)^2(72)^2/group.2183
work/ext6b/4-1s1__group.797__X011	4952a66c9b986de202fd15d8790b643c	carat/tables/qcatalog/dim6/dir.4-1;1;1/ordnung.192/(2)^10(4)^8/group.4672
work/ext6b/4-1s1__group.884__C	495908ed73b22084d97a7095631d0b9a	carat/tables/qcatalog/dim6/dir.4-1;1;1/ordnung.192/(2)^6(4)^4/group.4686
work/ext6b/4-1s1__group.870__X11	4968183645cb2533c1350e13d642d8fd	carat/tables/qcatalog/dim6/dir.4-1;1;1/ordnung.64/(2)^8(4)^8(8)^2/group.4857
work/ext6b/4-1s1__min.146__T	496a6a55d1ab6e5055ab9ba87c14d096	carat/tables/qcatalog/dim6/dir.4-1;1,1/ordnung.24/(2)^5(6)^4/min.482
work/ext6b/3s1c1__group.636__T	497c05ea5cf8d12177220c8c1c4ac9cb	carat/tables/qcatalog/dim6/dir.3;1,1;1/ordnung.24/(1)^2(4)^8(8)^1/min.434
work/ext6b/2-2s2-1s1__group.425__X11	49822eac6fa5f1742722144352d3c68e	carat/tables/qcatalog/dim6/dir.2-2;2-1;1;1/ordnung.24/(1)^4(4)^1(12)^2(36)^1/group.2095
work/ext6b/4-1s1__group.855__X01	498a05a88385a50238878ad114197be0	carat/tables/qcatalog/dim6/dir.4-1;1,1/ordnung.576/(1)^6(2)^9(4)^2/group.4542
work/ext6b/4-2s1__group.960__X100	498d4fbd79439c7cea6e615e8764cd76	carat/tables/qcatalog/dim6/dir.4-2;1,1/ordnung.48/(2)^9(6)^8/group.5970
work/ext6b/3s2-1__group.677__T	49920fc8e9c28ed594daf1820e9c36c3	carat/tables/qcatalog/dim6/dir.3;2-1;1/ordnung.192/(1)^4(2)^4(4)^6/group.3946
work/ext6b/4-1s1__group.781__T	49a38c406fbfff2395c74bacf437a969	carat/tables/qcatalog/dim6/dir.4-1;1,1/ordnung.144/(1)^8(2)^1(6)^8/group.4467
work/ext6b/3s2-2__group.737__C	49affd18c540f7cd5621c8c307d7be77	carat/tables/qcatalog/dim6/dir.3;2-2;1/ordnung.576/(1)^8(2)^2(4)^2(12)^2/group.4309
work/ext6b/4-1s1__group.877__C	49bdf4128653a5efc5b28cb862161ab1	carat/tables/qcatalog/dim6/dir.4-1;1;1/ordnung.128/(2)^2(4)^14(8)^2/group.4610
work/ext6b/2-2s2-1s1__group.509__X0001	49be7d9dd8fe38eb37ddebfa53ea9f2d	carat/tables/qcatalog/dim6/dir.2-2;2-1;1;1/ordnung.96/(1)^4(2)^4(12)^2/group.2417
work/ext6b/4-2ps1__group.898__C	49c21202514d5cd6bd835622774f808c	carat/tables/qcatalog/dim6/dir.4-2';1;1/ordnung.48/(2)^6(6)^4/group.5869
work/ext6b/4-1ps1__group.764__C	49e9db980eddb1d401d404b07e1334d2	carat/tables/qcatalog/dim6/dir.4-1';1;1/ordnung.64/(2)^2(4)^6(8)^2/group.4417
work/ext6b/4-1s1__min.143__T	49f14e480ee849cfacc3e148f2aacf41	carat/tables/qcatalog/dim6/dir.4-1;1,1/ordnung.16/(2)^1(4)^6(8)^2/min.479
work/ext6b/3s2-1__group.686__X0011	49f766538bbcf32876884a55a8b1c20e	carat/tables/qcatalog/dim6/dir.3;2-1;1/ordnung.384/(1)^4(2)^4(4)^4(8)^2/group.3969
work/ext6b/3s1c1__group.646__T	49fb63a9860f59c1c7a31a34415b04db	carat/tables/qcatalog/dim6/dir.3;1,1;1/ordnung.48/(1)^4(2)^2(4)^4(8)^1/group.3810
work/ext6b/2-2s1s1s1__group.388__X101	49fbefc4105bdc94768f8d99211265d6	carat/tables/qcatalog/dim6/dir.2-2;1;1;1;1/ordnung.24/(1)^4(2)^2(12)^2/group.1833
work/ext6b/3s1s1__group.670__X101	4a03b06ec8d401ce6c9f7f20339f0c98	carat/tables/qcatalog/dim6/dir.3;1;1;1/ordnung.96/(1)^4(4)^8/group.3880
work/ext6b/4-1s1__group.823__X100	4a0905c6897fce84484bd3e3a8f9fa7a	carat/tables/qcatalog/dim6/dir.4-1;1;1/ordnung.32/(2)^2(4)^12(8)^4/group.4729
work/ext6b/2-2s2-2s1__group.529__X0100	4a1137db744d9019ff69c40162dfc56b	carat/tables/qcatalog/dim6/dir.2-2;2-2;1;1/ordnung.144/(1)^5(3)^3(6)^1(18)^1/group.2849
work/ext6b/4-2s1__group.925__X101	4a238560ede8f53bac5428d5990998e9	carat/tables/qcatalog/dim6/dir.4-2;1,1/ordnung.144/(1)^9(3)^7(6)^1/group.5934
work/ext6b/2-2s2-1s1__group.456__C	4a3f18500d5267b1a2b626768f767bbf	carat/tables/qcatalog/dim6/dir.2-2;2-1;1;1/ordnung.96/(1)^2(2)^4(4)^1(12)^1/group.2313
work/ext6b/4-1s1__group.803__C	4a549a3e136aa80510a8d0f2472b58e3	carat/tables/qcatalog/dim6/dir.4-1;1;1/ordnung.384/(1)^4(2)^12(4)^2/group.4779
work/ext6b/3s1c1__group.636__X01	4a5d5c8399e95011c88964d6d0c29333	carat/tables/qcatalog/dim6/dir.3;1,1,1/ordnung.24/(1)^2(2)^2(4)^5(12)^1/group.3774
work/ext6b/4-2s1__group.951__C	4a5e052e0e64abd75a16d1bbec554eb5	carat/tables/qcatalog/dim6/dir.4-2;1;1/ordnung.72/(1)^5(3)^8(9)^3(18)^2/group.6250
work/ext6b/2-1s2-1s1__group.285__T	4a74c494f7d287d5024dd7001310d01b	carat/tables/qcatalog/dim6/dir.2-1;2-1;1;1/ordnung.16/(2)^2(4)^4(8)^4/group.1329
work/ext6b/2-2s2-2s1__group.580__X11	4a7c7b60766be99e0e86485b746dcc0c	carat/tables/qcatalog/dim6/dir.2-2;2-2;1;1/ordnung.36/(1)^3(3)^4(9)^1(18)^2/group.2988
work/ext6b/4-1s1__group.861__X100	4a907d27ade5c688dee7bb01ec3bbada	carat/tables/qcatalog/dim6/dir.4-1;1,1/ordnung.64/(2)^8(4)^8(8)^1/group.4550
work/ext6b/2-2s2-1s1__group.464__X001	4a941a2042fff20e41a4dde5011ab748	carat/tables/qcatalog/dim6/dir.2-2;2-1;1,1/ordnung.48/(1)^4(2)^1(6)^1(24)^1/group.1975
work/ext6b/4-1s1__group.834__X11	4ac88db22ea9a887564534a6d44ad339	carat/tables/qcatalog/dim6/dir.4-1;1;1/ordnung.384/(1)^4(2)^12(8)^2/group.4785
work/ext6b/4-1s1__group.878__T	4ac97c0bb515319ea9c03e0ae4eb48e4	carat/tables/qcatalog/dim6/dir.4-1;1;1/ordnung.64/(2)^2(4)^14(8)^2/group.4837
work/ext6b/2-2s2-1s1__group.485__X111	4b1adcc3d087b93482ffd0ea2d41ca42	carat/tables/qcatalog/dim6/dir.2-2;2-1;1;1/ordnung.48/(1)^4(2)^4(12)^2/group.2257
work/ext6b/4-1s1__group.860__T	4b4d18f98849ba7470479007ae40697e	carat/tables/qcatalog/dim6/dir.4-1;1,1/ordnung.64/(2)^8(4)^8(8)^1/group.4551
work/ext6b/2-2s1c1s1__group.347__T	4b5c3da3ca58f00171c35c5930c77b53	carat/tables/qcatalog/dim6/dir.2-2;1,1;1;1/ordnung.12/(1)^2(2)^1(6)^1(72)^1/min.323
work/ext6b/2-2s2-1s1__group.443__X11	4b5dab6a171120263e77e612fb8677f8	carat/tables/qcatalog/dim6/dir.2-2;2-1;1;1/ordnung.24/(1)^4(2)^3(6)^1(24)^1(72)^1/min.376
work/ext6b/4-1s1__group.864__X01	4b8ef301cbc9474baff48e8afc56618d	carat/tables/qcatalog/dim6/dir.4-1;1;1/ordnung.64/(2)^8(4)^8(8)^2/group.4858
work/ext6b/2-2s1c1s1__group.348__C	4b9cd7691015545ecf9af5dd08042734	carat/tables/qcatalog/dim6/dir.2-2;1,1;1;1/ordnung.24/(1)^3(3)^1(6)^2(24)^1/group.1759
work/ext6b/4-1s1__group.815__X01	4bb31ffecc226af10a4cce12ffc6ea9b	carat/tables/qcatalog/dim6/dir.4-1;1;1/ordnung.32/(2)^4(4)^4(8)^2/group.4770
work/ext6b/2-2s2-1s1__group.453__T	4bb995e4b40edc3eba146c3e716f9758	carat/tables/qcatalog/dim6/dir.2-2;2-1;1;1/ordnung.48/(1)^2(2)^4(4)^1(12)^1/group.2133
work/ext6b/4-1s1__group.888__X10	4bca5edcb0d42822274ff9322a55f790	carat/tables/qcatalog/dim6/dir.4-1;1;1/ordnung.96/(2)^10(4)^8/group.4913
work/ext6b/2-2s2-1s1__group.515__X0101	4bf4d58340b35299c6fbceaaca840ceb	carat/tables/qcatalog/dim6/dir.2-2;2-1;1;1/ordnung.96/(1)^4(2)^4(12)^2/group.2387
work/ext6b/3s2-2__group.711__X01	4bf99fc8c4a73420c850c2bd45575162	carat/tables/qcatalog/dim6/dir.3;2-2;1/ordnung.144/(1)^6(2)^1(4)^5(12)^1(24)^1/group.4067
work/ext6b/2-2s2-1s1__group.426__X11	4c2178db7c4efd8e2e34d97e1aa86d9c	carat/tables/qcatalog/dim6/dir.2-2;2-1;1,1/ordnung.24/(1)^3(3)^1(6)^2(24)^1/group.1935
work/ext6b/3s1s1__group.660__X11	4c246aa4261e5cbf70c9f3ab5a0c1d75	carat/tables/qcatalog/dim6/dir.3;1;1;1/ordnung.48/(1)^4(4)^8/min.454
work/ext6b/2-1s1s1s1__group.250__X011	4c2ef9912b7eb18d060e4a00a8633d73	carat/tables/qcatalog/dim6/dir.2-1;1;1;1;1/ordnung.16/(2)^4(8)^4/min.245
work/ext6b/2-2s2-1s1__group.408__X00111	4c36e8c0aa7f47f484d3eb5c04325052	carat/tables/qcatalog/dim6/dir.2-2;2-1;1;1/ordnung.192/(1)^4(2)^4(24)^2/group.2051
work/ext6b/2-1s2-1s1__group.295__C	4c4637708939259c2d4a1eb2134f5f52	carat/tables/qcatalog/dim6/dir.2-1;2-1;1;1/ordnung.64/(2)^4(4)^4/group.1444
work/ext6b/2-1s1c1c1__group.227__X11	4c4e965efeafc82cce45b71bbd0773ae	carat/tables/qcatalog/dim6/dir.2-1;1,1,1;1/ordnung.8/(2)^4(8)^1(24)^1/group.1125
work/ext6b/2-2s2-1s1__group.508__X1101	4c4f3fd3330bec91f73b0ee8a924f18b	carat/tables/qcatalog/dim6/dir.2-2;2-1;1;1/ordnung.96/(1)^4(2)^4(12)^2/group.2401
work/ext6b/2-2s2-1s1__group.479__X011	4c6461450906f4e536912e8e55b306ab	carat/tables/qcatalog/dim6/dir.2-2;2-1;1;1/ordnung.48/(1)^4(2)^4(12)^2/group.2241
work/ext6b/2-2s1s1s1__group.394__C	4c6cea8cd2daf15e0475fd0c09c08f4c	carat/tables/qcatalog/dim6/dir.2-2;1;1;1;1/ordnung.48/(1)^4(2)^2(12)^2/group.1876
work/ext6b/2-1s2-1s1__group.283__C	4c6e277b5638b74133b5bc7adb76f54b	carat/tables/qcatalog/dim6/dir.2-1;2-1;1;1/ordnung.32/(2)^2(4)^4/group.1346
work/ext6b/2-1s2-1s1__group.314__T	4c806788b533da55ca58f445191e03df	carat/tables/qcatalog/dim6/dir.2-1;2-1;1;1/ordnung.32/(2)^2(4)^6(8)^2/group.1352
work/ext6b/4-3s1__group.1012__C	4c8b7bbc686fcb2bed75c61c6abc0a6d	carat/tables/qcatalog/dim6/dir.4-3;1;1/ordnung.480/(1)^11(5)^5(10)^1(50)^1/group.7219
work/ext6b/2-2s2-1s1__group.408__X01010	4c8e3ff9ddc1c0b45e417e4a6bedaf1a	carat/tables/qcatalog/dim6/dir.2-2;2-1;1;1/ordnung.192/(1)^4(2)^4(12)^2/group.2041
work/ext6b/3s2-2__group.759__C	4c9a73b612ac963ffda69cb0a6833edd	carat/tables/qcatalog/dim6/dir.3;2-2;1/ordnung.192/(2)^10(4)^2(12)^2/group.4152
work/ext6b/2-2s2-1s1__group.471__X110	4ca49fb0e2483dac961efca1e27af99a	carat/tables/qcatalog/dim6/dir.2-2;2-1;1;1/ordnung.48/(1)^4(2)^3(6)^1(24)^1(72)^1/group.2224
work/ext6b/2-2s2-2s1__group.528__X0010	4cbc6d4765c7d265673a5eb087e38b87	carat/tables/qcatalog/dim6/dir.2-2;2-2;1;1/ordnung.144/(1)^3(3)^3(6)^2/group.2822
work/ext6b/3s2-2__group.738__X111	4cbd374ccdbfc3d96df9af97887f011f	carat/tables/qcatalog/dim6/dir.3;2-2;1/ordnung.288/(1)^8(2)^1(4)^3(12)^1(24)^1/group.4190
work/ext6b/2-2s2-1s1__group.501__T	4cebf9e841cc381553b4649e887c3f9f	carat/tables/qcatalog/dim6/dir.2-2;2-1;1,1/ordnung.48/(1)^4(2)^3(6)^1(24)^1/group.1990
work/ext6b/4-2s1__group.901__X011	4d04e2f63915b273c7ef50e29efed2d9	carat/tables/qcatalog/dim6/dir.4-2;1;1/ordnung.144/(1)^6(3)^8(9)^2(18)^2/group.6046
work/ext6b/2-2s2-2s1__group.615__X101	4d0bd421d63b0949d183f4ee2be90cdb	carat/tables/qcatalog/dim6/dir.2-2;2-2;1,1/ordnung.72/(1)^3(3)^5(6)^1/group.2788
work/ext6b/2-1s2-1s1__group.323__X1001	4d1d3c45c507a26f6f69c8ba6929ccd9	carat/tables/qcatalog/dim6/dir.2-1;2-1;1;1/ordnung.64/(2)^6(4)^2(8)^2/group.1498
work/ext6b/2-2s2-1s1__group.489__X001	4d4fed0f9c5b7cc25cb03ada18ffcdb0	carat/tables/qcatalog/dim6/dir.2-2;2-1;1;1/ordnung.48/(1)^4(2)^4(24)^2/group.2294
work/ext6b/2-2s1c1s1__group.347__X10	4d67ab7d0f7d900157b115ffa1299fb3	carat/tables/qcatalog/dim6/dir.2-2;1,1;1;1/ordnung.12/(1)^2(2)^1(6)^1(72)^1/min.322
work/ext6b/3s2-1__group.694__X10	4d73e47ee4e6efb0394b1d61840b817a	carat/tables/qcatalog/dim6/dir.3;2-1;1/ordnung.96/(1)^4(2)^4(4)^4(8)^2/group.4046
work/ext6b/4-1s1__group.777__X1000	4d802ed6ef3deefbe10e27fb13b22fad	carat/tables/qcatalog/dim6/dir.4-1;1;1/ordnung.128/(2)^8(4)^10/group.4620
work/ext6b/2-1s1c1s1__group.235__X011	4d8e79f3f0bef41db9daa20650cb775f	carat/tables/qcatalog/dim6/dir.2-1;1,1;1;1/ordnung.16/(2)^4(8)^3/group.1165
work/ext6b/2-2s2-1s1__group.470__X011	4d95838c6f92d190c0b2b7a7ab2fe0be	carat/tables/qcatalog/dim6/dir.2-2;2-1;1;1/ordnung.48/(1)^4(2)^3(6)^1(24)^1(72)^1/group.2217
work/ext6b/2-2s2-2s1__group.548__C	4da174d6a7f8f847c1fea80f0da1d3c5	carat/tables/qcatalog/dim6/dir.2-2;2-2;1;1/ordnung.36/(1)^3(3)^3(18)^2/group.2974
work/ext6b/4-2s1__group.903__X011	4dd63f73d5e659cb4f351cd654821825	carat/tables/qcatalog/dim6/dir.4-2;1;1/ordnung.144/(1)^6(3)^8(9)^2(18)^2/group.6053
work/ext6b/4-1s1__group.803__T	4dfc7a8a3b7b2aec94bb9ba3479647f6	carat/tables/qcatalog/dim6/dir.4-1;1,1/ordnung.192/(1)^4(2)^12(8)^1/group.4483
work/ext6b/2-1s2-1s1__group.310__C	4e0c1a166ac3a9e4da8dad354ac21c32	carat/tables/qcatalog/dim6/dir.2-1;2-1;1;1/ordnung.64/(2)^4(4)^6/group.1477
work/ext6b/3s2-1__group.684__X100	4e0c9c344e2936e94e996d837f1b7577	carat/tables/qcatalog/dim6/dir.3;2-1;1/ordnung.192/(1)^4(2)^4(4)^6/group.3944
work/ext6b/3s1c1__group.648__T	4e12e59caf6759ae01c086c35a4485ac	carat/tables/qcatalog/dim6/dir.3;1,1;1/ordnung.96/(1)^4(2)^2(4)^4(8)^1/group.3823
work/ext6b/4-1s1__group.863__X11	4e1c119a4f8e990bf4f159ea769e4fc1	carat/tables/qcatalog/dim6/dir.4-1;1,1/ordnung.64/(2)^8(4)^8(8)^1/group.4563
work/ext6b/2-2s1s1s1__group.375__X111	4e200fefbfca2a30b67863d371848532	carat/tables/qcatalog/dim6/dir.2-2;1;1;1;1/ordnung.24/(1)^4(12)^2(36)^2/group.1819
work/ext6b/4-1s1__group.784__T	4e26ccfc9a6ade6b42574197e1eae0bd	carat/tables/qcatalog/dim6/dir.4-1;1,1/ordnung.16/(2)^1(4)^6(8)^2/group.4470
work/ext6b/2-1s2-1s1__group.287__C	4e31264a282a476f79d436ad36583f71	carat/tables/qcatalog/dim6/dir.2-1;2-1;1;1/ordnung.32/(2)^2(4)^6(8)^2/group.1358
work/ext6b/4-1s1__group.817__C	4e38f18f811548fae352d40d5a4cf360	carat/tables/qcatalog/dim6/dir.4-1;1;1/ordnung.64/(2)^2(4)^14(8)^2/group.4831
work/ext6b/2-2s2-2s1__group.530__X0001	4e6868bc9164281d673ecabde0e88a67	carat/tables/qcatalog/dim6/dir.2-2;2-2;1;1/ordnung.144/(1)^3(3)^5(6)^1(18)^1/group.2824
work/ext6b/4-1s1__max.11__X001	4e72aa8871ee084571166aa94db54b4f	carat/tables/qcatalog/dim6/dir.4-1;1,1/ordnung.2304/(1)^8(2)^9/group.4491
work/ext6b/2-2s2-1s1__group.499__X101	4e958afc0ca1a2343c79ed6b976855f2	carat/tables/qcatalog/dim6/dir.2-2;2-1;1;1/ordnung.48/(1)^4(2)^4(24)^2/group.2269
work/ext6b/5-2__group.1039__T	4ec44516a24c74d732cf8940e682b4c5	carat/tables/qcatalog/dim6/dir.5-2;1/ordnung.360/(1)^16(2)^1(6)^8(18)^1/group.7406
work/ext6b/5-2__group.1040__X11	4ec9454ce6266607b34a00917ac25be5	carat/tables/qcatalog/dim6/dir.5-2;1/ordnung.720/(1)^16(2)^2(6)^8/group.7413
work/ext6b/2-2s2-1s1__group.484__C	4eef49c0f4ede84932ed7fc16a66af13	carat/tables/qcatalog/dim6/dir.2-2;2-1;1;1/ordnung.96/(1)^4(2)^4(12)^2/group.2378
work/ext6b/2-1s2-1s1__group.283__X11	4efc6ed3ed7fc09d61371431c39b2507	carat/tables/qcatalog/dim6/dir.2-1;2-1;1,1/ordnung.16/(2)^2(4)^2(8)^1/group.1266
work/ext6b/4-1s1__group.789__C	4efc80f21deca7f10d2e53f3140c5c23	carat/tables/qcatalog/dim6/dir.4-1;1;1/ordnung.32/(2)^2(4)^6(8)^2/group.4761
work/ext6b/2-2s2-2s1__group.553__X100	4eff7c54ffdbe620a0f6a614a196f926	carat/tables/qcatalog/dim6/dir.2-2;2-2;1,1/ordnung.24/(2)^5(6)^4/group.2732
work/ext6b/2-1s2-1s1__group.323__X0110	4f0a35db2e9c55d9bb4d88f3cdfbc187	carat/tables/qcatalog/dim6/dir.2-1;2-1;1,1/ordnung.64/(2)^6(4)^2(8)^1/group.1307
work/ext6b/3s2-2__group.703__X11	4f0ea5e7d392b2a0e9c696a0d848d936	carat/tables/qcatalog/dim6/dir.3;2-2;1/ordnung.144/(1)^4(2)^2(4)^5(12)^1/group.4059
work/ext6b/2-1s2-1s1__group.318__X1100	4f17092d0d867850fdf1757413624abe	carat/tables/qcatalog/dim6/dir.2-1;2-1;1;1/ordnung.64/(2)^4(4)^4(8)^2/group.1462
work/ext6b/2-1s2-1s1__group.284__C	4f229b662cd29a2965ded6f8b385ed93	carat/tables/qcatalog/dim6/dir.2-1;2-1;1;1/ordnung.32/(2)^2(4)^6(8)^2/group.1357
work/ext6b/2-2s2-2s1__group.593__C	4f2aad33db1a40613e02f590e83b5267	carat/tables/qcatalog/dim6/dir.2-2;2-2;1;1/ordnung.72/(1)^5(3)^3(6)^1(18)^1/group.3138
work/ext6b/3s2-1__group.676__X011	4f2af72b0c244f9dee8ff334237cffd7	carat/tables/qcatalog/dim6/dir.3;2-1;1/ordnung.192/(1)^2(2)^4(4)^6(8)^2/group.3884
work/ext6b/2-2s2-1s1__group.434__X10	4f33e24a0c0e51e8b68370e6cdde1002	carat/tables/qcatalog/dim6/dir.2-2;2-1;1;1/ordnung.24/(1)^4(2)^1(6)^1(12)^1(36)^1/group.2080
work/ext6b/2-1s2-1s1__group.324__X1010	4f49cf411ba7ce51fb3e35f518584f3f	carat/tables/qcatalog/dim6/dir.2-1;2-1;1,1/ordnung.64/(2)^6(4)^2(8)^1/group.1305
work/ext6b/4-1s1__min.144__X01	4f4f9e678146de4d42156b08b2ec8783	carat/tables/qcatalog/dim6/dir.4-1;1;1/ordnung.16/(2)^2(4)^4(8)^4/min.494
work/ext6b/4-1s1__group.824__X010	4f52532dd2d60886b339b28265f30884	carat/tables/qcatalog/dim6/dir.4-1;1;1/ordnung.32/(2)^2(4)^12(8)^4/group.4736
work/ext6b/2-1s2-1s1__group.286__X010	4f5c991d63868e0bb55288af6756a511	carat/tables/qcatalog/dim6/dir.2-1;2-1;1;1/ordnung.16/(2)^2(4)^4(8)^4/group.1331
work/ext6b/3s2-1__group.684__X111	4f63a6e7b89ca6dfb229cdb67ceacc1d	carat/tables/qcatalog/dim6/dir.3;2-1;1/ordnung.192/(1)^4(2)^4(4)^4(8)^2/group.3908
work/ext6b/2-2s1c1s1__group.345__C	4f70172d02d2b5242d521b97e4b97d26	carat/tables/qcatalog/dim6/dir.2-2;1,1;1;1/ordnung.24/(1)^2(6)^2(24)^1/group.1755
work/ext6b/2-2s2-1s1__group.441__X11	4f73cbc542693b0439508af7d18d1d9e	carat/tables/qcatalog/dim6/dir.2-2;2-1;1;1/ordnung.24/(1)^4(2)^3(6)^1(24)^1(72)^1/min.378
work/ext6b/2-2s2-1s1__group.454__C	4f894e82bffc895394722ddca6a99959	carat/tables/qcatalog/dim6/dir.2-2;2-1;1;1/ordnung.96/(1)^2(2)^4(4)^1(12)^1/group.2310
work/ext6b/4-2s1__group.944__X1100	4fb59702dc87994217d9ad5309d947c8	carat/tables/qcatalog/dim6/dir.4-2;1;1/ordnung.288/(1)^10(3)^6(6)^2/group.6144
work/ext6b/2-2pc2-2ps1__min.101__T	4fcfb1d00dcd4efef5578b802d84e62c	carat/tables/qcatalog/dim6/dir.2-2',2-2';1,1/ordnung.3/(6)^3/min.291
work/ext6b/2-2s1c1s1__min.105__X1	4ff2d8a1a3bb9c8129a67e88690ab88f	carat/tables/qcatalog/dim6/dir.2-2;1,1;1,1/ordnung.6/(1)^2(12)^1(36)^1/min.318
work/ext6b/2-2s2-2s1__group.540__X01	4ff79b0ef20f5b1aa5998a251010c9dc	carat/tables/qcatalog/dim6/dir.2-2;2-2;1,1/ordnung.18/(1)^2(3)^2(18)^1/group.2721
work/ext6b/4-1s1__group.812__C	4ffe60d8afbc121a825dba7462ed29b0	carat/tables/qcatalog/dim6/dir.4-1;1;1/ordnung.576/(1)^8(2)^2(6)^8/group.4819
work/ext6b/2-2s1c1c1__min.104__C	5017b38315dc164b1cc5fa38f36931c5	carat/tables/qcatalog/dim6/dir.2-2;1,1,1;1/ordnung.6/(1)^2(6)^1(54)^1/min.314
work/ext6b/3s2-2__group.759__X011	50391ddff54870e63dc52cca5cfb2158	carat/tables/qcatalog/dim6/dir.3;2-2;1/ordnung.96/(2)^10(4)^2(12)^2/group.4338
work/ext6b/2-2s1c1s1__group.357__C	5055d5f0e629eb6efc1eb74ffac1bd14	carat/tables/qcatalog/dim6/dir.2-2;1,1;1;1/ordnung.24/(1)^4(6)^2(72)^1/group.1787
work/ext6b/4-2s1__group.958__X100	50740971c25868b0b69ec4df838d57e6	carat/tables/qcatalog/dim6/dir.4-2;1;1/ordnung.48/(2)^10(6)^8/group.6185
work/ext6b/2-1s2-1s1__group.303__X001	508ea32b4a18ce85b92132896426ee7f	carat/tables/qcatalog/dim6/dir.2-1;2-1;1;1/ordnung.32/(2)^4(4)^4(8)^2/group.1392
work/ext6b/4-2s1__group.903__C	508eebd4f99ed30ac6bcc370e6cfd268	carat/tables/qcatalog/dim6/dir.4-2;1;1/ordnung.288/(1)^6(3)^8(9)^2(18)^2/group.6149
work/ext6b/2-2s1c1s1__group.354__T	50c0e77f2150f67bb6765e1368921d29	carat/tables/qcatalog/dim6/dir.2-2;1,1;1,1/ordnung.12/(1)^2(4)^1(12)^1/group.1732
work/ext6b/2-2s1c1s1__group.372__C	50d0337e64144a82073582ce6d3b79b4	carat/tables/qcatalog/dim6/dir.2-2;1,1;1;1/ordnung.48/(1)^4(2)^1(6)^1(24)^1/group.1799
work/ext6b/4-2s1__group.936__X110	51014be13173cb7ab7bff5fd26fdb9cc	carat/tables/qcatalog/dim6/dir.4-2;1;1/ordnung.288/(1)^8(3)^8(18)^2/group.6156
work/ext6b/2-2s2-1s1__group.516__X1001	510ad7a0c7dfe8173030b544ab4c9359	carat/tables/qcatalog/dim6/dir.2-2;2-1;1;1/ordnung.96/(1)^4(2)^4(12)^2/group.2379
work/ext6b/4-1s1__group.878__X001	5112822562691ca0290af68b792fd1ce	carat/tables/qcatalog/dim6/dir.4-1;1;1/ordnung.64/(2)^2(4)^14(8)^2/group.4839
work/ext6b/2-2s2-2s1__group.611__T	514306bb9e9fd795f64b343e9e41eacb	carat/tables/qcatalog/dim6/dir.2-2;2-2;1;1/ordnung.72/(1)^4(3)^4(18)^2/group.3065
work/ext6b/4-1s1__group.839__C	5144dd68cfdeaf35f08bbd44f6785a0f	carat/tables/qcatalog/dim6/dir.4-1;1;1/ordnung.768/(1)^4(2)^10(4)^4/group.4894
work/ext6b/2-1s1s1s1__group.257__C	515b8cea7b98977f8ead0b7b1ea5a5d1	carat/tables/qcatalog/dim6/dir.2-1;1;1;1;1/ordnung.32/(2)^4(4)^2(8)^2/group.1226
work/ext6b/4-1s1__group.827__X001	5166848fa5324680ebb065014eb3fa1e	carat/tables/qcatalog/dim6/dir.4-1;1;1/ordnung.32/(2)^2(4)^12(8)^4/group.4742
work/ext6b/2-2s1c1c1__group.334__X01	5187154affa989854fed7d93e2af1bdf	carat/tables/qcatalog/dim6/dir.2-2;1,1,1;1/ordnung.12/(3)^2(6)^2/group.1715
work/ext6b/4-1s1__group.888__T	51c96867526675a4d827a6cd86800da2	carat/tables/qcatalog/dim6/dir.4-1;1;1/ordnung.96/(2)^10(4)^8/group.4910
work/ext6b/4-2s1__max.12__X1010	51d8a265ba46041cf64e5790a988477a	carat/tables/qcatalog/dim6/dir.4-2;1;1/ordnung.576/(1)^10(3)^6(6)^2/group.6228
work/ext6b/2-2s2-1s1__group.432__C	51ed90d63125e932753c0e8248f1f9c0	carat/tables/qcatalog/dim6/dir.2-2;2-1;1;1/ordnung.48/(1)^4(2)^2(12)^2/group.2164
work/ext6b/4-3s1__group.1018__X11	51fe436699e29e71489044bbb6c33867	carat/tables/qcatalog/dim6/dir.4-3;1;1/ordnung.240/(1)^12(5)^4(10)^2/group.7203
work/ext6b/2-2s2-2s1__group.537__T	520296ff2eda0483aeaec6efaa302ce5	carat/tables/qcatalog/dim6/dir.2-2;2-2;1;1/ordnung.144/(1)^6(3)^2(6)^2/group.2905
work/ext6b/2-1s2-1s1__group.291__X111	5213abef4c15723f1040ab541bb29f21	carat/tables/qcatalog/dim6/dir.2-1;2-1;1;1/ordnung.32/(2)^4(4)^2(8)^2/group.1374
work/ext6b/4-2s1__group.902__X0100	52336ac323f64c0dfd90e404d0c8e383	carat/tables/qcatalog/dim6/dir.4-2;1,1/ordnung.144/(1)^5(3)^8(9)^3(18)^1/group.5914
work/ext6b/2-2s2-1s1__group.486__X010	523d0754ffea2c928d4c749a4c0d0bb0	carat/tables/qcatalog/dim6/dir.2-2;2-1;1;1/ordnung.48/(1)^4(2)^4(12)^2/group.2240
work/ext6b/4-1s1__group.814__X10	526e6bfe1f230503a7ad24840b7737b1	carat/tables/qcatalog/dim6/dir.4-1;1,1/ordnung.32/(2)^4(4)^4(8)^1/group.4515
work/ext6b/3s2-1__group.685__X101	5287fca3ebe57fc9df40940e3b621df7	carat/tables/qcatalog/dim6/dir.3;2-1;1/ordnung.192/(1)^4(4)^8/group.3964
work/ext6b/2-1s1c1c1__group.228__X01	5294fd98d943dfb043877202442b46e2	carat/tables/qcatalog/dim6/dir.2-1;1,1,1;1/ordnung.8/(2)^2(4)^1(12)^1/group.1121
work/ext6b/2-1c2-1s1__group.223__X111	52a1ad4b0badce89bebec73e591b76c7	carat/tables/qcatalog/dim6/dir.2-1,2-1;1;1/ordnung.16/(2)^2(8)^4/group.1093
work/ext6b/2-2s2-1s1__group.472__X001	52ae894328720eb5539cfd35849defbb	carat/tables/qcatalog/dim6/dir.2-2;2-1;1;1/ordnung.48/(1)^4(2)^3(6)^1(24)^1(72)^1/group.2222
work/ext6b/4-2s1__group.955__X001	52c2d5e682f1a54a83df13c259b629cc	carat/tables/qcatalog/dim6/dir.4-2;1;1/ordnung.48/(2)^6(6)^4/group.6220
work/ext6b/3s2-1__group.688__X10	52c68212f788fdbc835b044747e35ad2	carat/tables/qcatalog/dim6/dir.3;2-1;1/ordnung.96/(1)^2(2)^4(4)^6(8)^2/group.4001
work/ext6b/2-1s1s1s1__group.274__X11111	52cf32f2ec85dc34c47a4b2cf36ea07a	carat/tables/qcatalog/dim6/dir.2-1;1;1;1;1/ordnung.64/(2)^4(4)^2(8)^2/group.1251
work/ext6b/2-1s2-1s1__group.300__T	52e4c681152a34a7b75446e35f96f119	carat/tables/qcatalog/dim6/dir.2-1;2-1;1;1/ordnung.32/(2)^4(4)^4(8)^2/group.1416
work/ext6b/2-1s2-1s1__group.302__T	530a315881fe7555dfe5a526b1bc8553	carat/tables/qcatalog/dim6/dir.2-1;2-1;1,1/ordnung.32/(2)^4(4)^4(8)^1/group.1288
work/ext6b/3s1c1__group.648__X101	53193ec46a89a81ebf0a9fdcdf3869c4	carat/tables/qcatalog/dim6/dir.3;1,1;1/ordnung.96/(1)^4(2)^2(4)^4(8)^1/group.3827
work/ext6b/2-2s2-2s1__group.612__T	53627e1f36466b4908dda162b5fa0cbf	carat/tables/qcatalog/dim6/dir.2-2;2-2;1;1/ordnung.72/(1)^4(3)^4(18)^2/group.3062
work/ext6b/4-1s1__group.806__T	537a85b9d733759162e4576475aefd8b	carat/tables/qcatalog/dim6/dir.4-1;1,1/ordnung.24/(2)^3(4)^2/group.4493
work/ext6b/2-2s2-2s1__group.570__T	5391b73b9e52ff483816934cf2b63056	carat/tables/qcatalog/dim6/dir.2-2;2-2;1;1/ordnung.36/(1)^2(3)^6(18)^2/group.2965
work/ext6b/2-1s2-1s1__min.92__T	539cad5de68ef5a17db0132310d015df	carat/tables/qcatalog/dim6/dir.2-1;2-1;1;1/ordnung.16/(2)^4(8)^4/min.272
work/ext6b/2-1s2-1s1__group.304__C	539f518c095b4328f817c2d2478db546	carat/tables/qcatalog/dim6/dir.2-1;2-1;1;1/ordnung.64/(2)^4(4)^6/group.1472
work/ext6b/4-2s1__group.903__X001	53a0a73c11cd4735f8747319ed8043db	carat/tables/qcatalog/dim6/dir.4-2;1,1/ordnung.144/(1)^5(3)^8(9)^3(18)^1/group.5913
work/ext6b/2-2s2-2s1__group.526__X11	53a6f28ed0401451a535f5a4bd268f3b	carat/tables/qcatalog/dim6/dir.2-2;2-2;1;1/ordnung.12/(2)^4(6)^4(18)^2/min.406
work/ext6b/4-2s1__group.917__T	53d5610937375de19d5e3ac4eee2fc1b	carat/tables/qcatalog/dim6/dir.4-2;1;1/ordnung.144/(1)^10(3)^6(6)^2/group.6010
work/ext6b/4-1s1__group.796__T	53df6f2003f6ff9cea4de1a8bdaabc6a	carat/tables/qcatalog/dim6/dir.4-1;1;1/ordnung.192/(2)^10/group.4667
work/ext6b/2-2s2-1s1__group.451__X111	541a5db3ca8b2fd20217a2f78786bbd4	carat/tables/qcatalog/dim6/dir.2-2;2-1;1;1/ordnung.48/(1)^2(2)^3(6)^1(24)^2/group.2119
work/ext6b/4-2s1__min.160__X10	5420816de0bd6d8be1b97fd53ee5a3fd	carat/tables/qcatalog/dim6/dir.4-2;1;1/ordnung.24/(2)^6(6)^4/min.580
work/ext6b/2-1s1c1s1__group.244__X11	542ab933d306f51cbc50a97eaf95fe2e	carat/tables/qcatalog/dim6/dir.2-1;1,1;1;1/ordnung.8/(2)^1(4)^2(8)^2/min.228
work/ext6b/3s2-2__group.726__C	54387aaf18199bbdc634e49724ce1a37	carat/tables/qcatalog/dim6/dir.3;2-2;1/ordnung.48/(2)^4(4)^6(8)^1(24)^1/group.4276
work/ext6b/2-1s2-1s1__group.289__X001	545ae0c80f7fb809eb9c11e41c2900c3	carat/tables/qcatalog/dim6/dir.2-1;2-1;1;1/ordnung.32/(2)^4(4)^2(8)^2/group.1370
work/ext6b/2-1s1c1s1__group.229__T	546f9ce88eaee5cb1e68d3b70a3725ed	carat/tables/qcatalog/dim6/dir.2-1;1,1;1;1/ordnung.16/(2)^4(4)^2(32)^1/group.1155
work/ext6b/4-1s1__group.792__T	54c2cf97229b150ba7e002bae6164815	carat/tables/qcatalog/dim6/dir.4-1;1;1/ordnung.192/(2)^18/group.4679
work/ext6b/2-2s2-2s1__group.616__X101	54c79b97c66bc197d6df5b2fedcb9675	carat/tables/qcatalog/dim6/dir.2-2;2-2;1;1/ordnung.72/(1)^5(3)^3(6)^1(18)^1/group.3115
work/ext6b/2-2s2-1s1__group.428__X11	54d5e13aff66470cf1b63f8805e6a836	carat/tables/qcatalog/dim6/dir.2-2;2-1;1;1/ordnung.24/(1)^4(2)^1(6)^1(12)^1(36)^1/group.2076
work/ext6b/2-2s2-1s1__group.479__X100	54d9b5833412b33d4c9dfc46ce1cb8eb	carat/tables/qcatalog/dim6/dir.2-2;2-1;1;1/ordnung.48/(1)^4(2)^4(12)^2/group.2229
work/ext6b/2-2s2-1s1__group.408__X01011	54f564e3db9ba0b8720dcbf6832f18de	carat/tables/qcatalog/dim6/dir.2-2;2-1;1;1/ordnung.192/(1)^4(2)^4(12)^2/group.2044
work/ext6b/4-2s1__max.12__X1110	550382ab3c9009a0f270f54a26217886	carat/tables/qcatalog/dim6/dir.4-2;1;1/ordnung.576/(1)^10(3)^6(6)^2/group.6222
work/ext6b/3s2-2__group.708__T	55196b2702e77ca4bb8e9090a070639e	carat/tables/qcatalog/dim6/dir.3;2-2;1/ordnung.144/(1)^6(2)^1(4)^4(24)^1/group.4066
work/ext6b/4-2s1__group.908__T	55279fe61b19f99709a008b1e588adc9	carat/tables/qcatalog/dim6/dir.4-2;1,1/ordnung.144/(1)^7(3)^8(9)^1(18)^1/group.5916
work/ext6b/3s2-2__group.725__C	552ec8ecc1cfee7d61ae052d70d3614b	carat/tables/qcatalog/dim6/dir.3;2-2;1/ordnung.288/(1)^8(2)^2(4)^2(12)^2/group.4260
work/ext6b/2-2s1s1s1__group.387__C	553e20257c540ad843a240c46a6a242e	carat/tables/qcatalog/dim6/dir.2-2;1;1;1;1/ordnung.48/(1)^4(2)^1(6)^1(12)^1(36)^1/group.1858
work/ext6b/5-1__group.1032__T	5560f9cfba217b863126271d1c0f9ea4	carat/tables/qcatalog/dim6/dir.5-1;1/ordnung.320/(1)^8(2)^2(4)^16/group.7364
work/ext6b/4-1s1__group.849__C	558e12b9dd503241273db8fd8e6d792b	carat/tables/qcatalog/dim6/dir.4-1;1;1/ordnung.96/(2)^10(6)^8/group.4919
work/ext6b/3s1c1__group.645__T	558e1b120af2ded934b6be45616cd633	carat/tables/qcatalog/dim6/dir.3;1,1;1/ordnung.48/(1)^4(2)^2(4)^4(8)^1/group.3803
work/ext6b/4-1s1__min.145__X11	55afa0bafaf248a306ab0b0eab4518f1	carat/tables/qcatalog/dim6/dir.4-1;1;1/ordnung.16/(2)^2(4)^4(8)^4/min.492
work/ext6b/3s2-2__group.739__X010	55b62bbef8038359a66e8068256c5a2f	carat/tables/qcatalog/dim6/dir.3;2-2;1/ordnung.288/(1)^8(2)^1(4)^3(12)^1(24)^1/group.4197
work/ext6b/4-2s1__group.924__X100	55df2817814da303f114990b58997d25	carat/tables/qcatalog/dim6/dir.4-2;1;1/ordnung.144/(1)^10(3)^6(6)^2/group.6018
work/ext6b/2-2s2-1s1__group.444__X11	55fca09a9845ebb80e9433c09bb6a0ee	carat/tables/qcatalog/dim6/dir.2-2;2-1;1,1/ordnung.24/(1)^4(2)^3(6)^1(24)^1/group.1951
work/ext6b/2-2c2-2s1__min.103__T	56149e6199ef8158906fd45eeaa5f366	carat/tables/qcatalog/dim6/dir.2-2,2-2;1,1/ordnung.6/(2)^2(6)^2(18)^1/min.301
work/ext6b/1c1c1s1c1__group.208__X11	56228595475f02922c55b1c3806b3378	carat/tables/qcatalog/dim6/dir.1,1,1;1,1,1/ordnung.4/(6)^2/group.1047
work/ext6b/2-2s2-2s1__group.537__X1000	563688a22fe699c7011854a76083d671	carat/tables/qcatalog/dim6/dir.2-2;2-2;1;1/ordnung.144/(1)^5(3)^3(6)^1(18)^1/group.2857
work/ext6b/2-1s1c1s1__group.242__T	5637954753a426b6b0ba5102bee99740	carat/tables/qcatalog/dim6/dir.2-1;1,1;1;1/ordnung.8/(2)^4(8)^2(32)^1/min.237
work/ext6b/3s2-1__group.693__X01	564b4f6478c2cca29279d2c1d15a97a4	carat/tables/qcatalog/dim6/dir.3;2-1;1/ordnung.96/(1)^4(2)^4(4)^4(8)^2/group.4022
work/ext6b/2-2s2-2s1__group.528__X1001	5650682c954c5a75779a2dd0420abec7	carat/tables/qcatalog/dim6/dir.2-2;2-2;1;1/ordnung.144/(1)^5(3)^1(6)^2/group.2832
work/ext6b/4-2s1__group.924__X111	56659e75859bbddfb2b9ce44c88c82ed	carat/tables/qcatalog/dim6/dir.4-2;1,1/ordnung.144/(1)^9(3)^7(6)^1/group.5935
work/ext6b/4-1s1__group.835__X11	5665f20d5a110d97b67c4b8852a5b605	carat/tables/qcatalog/dim6/dir.4-1;1,1/ordnung.384/(1)^4(2)^12(8)^1/group.4522
work/ext6b/4-1s1__group.802__X01	56b3acdc36a3ec1cf5ad9a9247e5f6e6	carat/tables/qcatalog/dim6/dir.4-1;1,1/ordnung.192/(1)^4(2)^12(8)^1/group.4482
work/ext6b/2-1s2-1s1__group.308__C	56ce1be5a1a98f00b8960d3b7e461fee	carat/tables/qcatalog/dim6/dir.2-1;2-1;1;1/ordnung.64/(2)^4(4)^6/group.1473
work/ext6b/2-2s1c1s1__group.362__C	56e80a9298e7e4b823912dd116373a8e	carat/tables/qcatalog/dim6/dir.2-2;1,1;1;1/ordnung.24/(1)^4(2)^1(6)^1(24)^1/group.1774
work/ext6b/3s2-2__group.721__X01	56f2a013dbf6d680dd52b5f1c5a7480a	carat/tables/qcatalog/dim6/dir.3;2-2;1/ordnung.144/(1)^8(2)^1(4)^3(12)^1(24)^1/group.4110
work/ext6b/2-1s2-1s1__group.280__X001	56f5fbbe088274e5e2e0c0450f891f5f	carat/tables/qcatalog/dim6/dir.2-1;2-1;1,1/ordnung.16/(2)^1(4)^2(8)^2/group.1259
work/ext6b/3s2-1__group.679__X110	570137defcae2ee8fbae390cf72171e2	carat/tables/qcatalog/dim6/dir.3;2-1;1/ordnung.192/(1)^4(2)^4(4)^4(8)^2/group.3927
work/ext6b/4-1s1__group.837__C	57098d024ee187a7c12cb13578a5bfd9	carat/tables/qcatalog/dim6/dir.4-1;1;1/ordnung.768/(1)^4(2)^12(4)^2/group.4901
work/ext6b/3s2-2__group.735__X101	57102957c17c50cfb522c88a5e2f8a0d	carat/tables/qcatalog/dim6/dir.3;2-2;1/ordnung.288/(1)^8(2)^2(4)^2(12)^2/group.4257
work/ext6b/4-1s1__group.777__C	5724bd318638451bab7f26d14aeb8881	carat/tables/qcatalog/dim6/dir.4-1;1;1/ordnung.256/(2)^8(4)^10/group.4708
work/ext6b/2-1s2-1s1__min.95__X01	57359914bfc04e63daaabef1678c12d1	carat/tables/qcatalog/dim6/dir.2-1;2-1;1;1/ordnung.16/(2)^2(4)^4(8)^4/min.261
work/ext6b/2-2s2-2s1__group.554__X111	57403633782a17a8ad8a6fccd33e7bee	carat/tables/qcatalog/dim6/dir.2-2;2-2;1,1/ordnung.24/(2)^5(6)^4/group.2733
work/ext6b/2-2s2-1s1__group.475__X101	574f8b98d040b22f2a430b7eed804f85	carat/tables/qcatalog/dim6/dir.2-2;2-1;1;1/ordnung.48/(1)^4(2)^3(6)^1(24)^1(72)^1/group.2223
work/ext6b/4-1s1__group.833__X10	57744d6bc98e295f73bfd8e3f553723d	carat/tables/qcatalog/dim6/dir.4-1;1,1/ordnung.384/(1)^2(2)^12(4)^2(8)^1/group.4518
work/ext6b/2-2s2-1s1__group.452__X101	5776337b472b7e18b4bd22c57549e702	carat/tables/qcatalog/dim6/dir.2-2;2-1;1;1/ordnung.48/(1)^2(2)^4(4)^1(12)^1/group.2125
work/ext6b/2-2s2-2s1__group.574__C	578d971c16b7a079350b6eaf50a4179b	carat/tables/qcatalog/dim6/dir.2-2;2-2;1;1/ordnung.72/(1)^4(6)^2/group.3087
work/ext6b/2-1s1s1s1__group.266__X1101	57ab7477b7545a93913d26ce55002735	carat/tables/qcatalog/dim6/dir.2-1;1;1;1;1/ordnung.32/(2)^4(8)^4/group.1245
work/ext6b/4-1s1__group.792__X01	57b3f9b7d3179ff5335bdc78afd31737	carat/tables/qcatalog/dim6/dir.4-1;1;1/ordnung.192/(2)^18/group.4681
work/ext6b/3s2-1__group.686__X1001	57de8ba8ae853a924aad8e5b7bacfe50	carat/tables/qcatalog/dim6/dir.3;2-1;1/ordnung.384/(1)^4(2)^4(4)^6/group.3986
work/ext6b/2-2s2-2s1__group.565__X11	57eb0b5b612272bbdcd6d8e449054b81	carat/tables/qcatalog/dim6/dir.2-2;2-2;1;1/ordnung.36/(1)^3(3)^3(6)^2/group.2984
work/ext6b/2-1s2-1s1__group.301__X011	57eb95b2004d0be310c12bec76f25d55	carat/tables/qcatalog/dim6/dir.2-1;2-1;1;1/ordnung.32/(2)^4(4)^4(8)^2/group.1407
work/ext6b/3s2-2__group.736__X010	57fe38e1d02afd5f21f7a32c7451cdfd	carat/tables/qcatalog/dim6/dir.3;2-2;1/ordnung.288/(1)^8(2)^2(4)^1(12)^2(36)^1/group.4201
work/ext6b/5-1__min.168__C	580f0d4fedb06a0696b71d1d9b26aa68	carat/tables/qcatalog/dim6/dir.5-1;1/ordnung.160/(1)^4(2)^2(4)^20/group.7345
work/ext6b/4-1s1__min.146__X10	5832f4bd29f9ea3243259a704b41cbdc	carat/tables/qcatalog/dim6/dir.4-1;1;1/ordnung.24/(2)^6(6)^4/min.497
work/ext6b/2-2s2-1s1__group.448__T	5842ee4ea6372a6ce66f0f0418951a82	carat/tables/qcatalog/dim6/dir.2-2;2-1;1,1/ordnung.24/(1)^4(2)^3(6)^1(24)^1/group.1953
work/ext6b/2-2s2-1s1__group.494__C	58634764f7a0d6bfe836f1ddbeb7ee29	carat/tables/qcatalog/dim6/dir.2-2;2-1;1;1/ordnung.96/(1)^4(2)^4(12)^2/group.2366
work/ext6b/2-1s2-1s1__group.324__X0101	586b002405d7f74da34fe50fca1f33b7	carat/tables/qcatalog/dim6/dir.2-1;2-1;1;1/ordnung.64/(2)^6(4)^2(8)^2/group.1505
work/ext6b/3s1s1__group.673__X010	588e1c2152ab5a4203b9bb13406b581c	carat/tables/qcatalog/dim6/dir.3;1;1;1/ordnung.96/(1)^4(2)^2(4)^6/group.3867
work/ext6b/4-1s1__group.818__X1110	58aaac56bda1f09eba5ea628958d3160	carat/tables/qcatalog/dim6/dir.4-1;1,1/ordnung.32/(2)^1(4)^14(8)^2/group.4500
work/ext6b/5-1__group.1030__X01	58b5541bcde11ee83f065abaafda45ba	carat/tables/qcatalog/dim6/dir.5-1;1/ordnung.320/(1)^16(2)^2(4)^8/group.7360
work/ext6b/3s2-2__group.746__C	58cc1747409e78a084a3c109ceb17a72	carat/tables/qcatalog/dim6/dir.3;2-2;1/ordnung.96/(2)^10(4)^2(12)^2/group.4334
work/ext6b/3s2-1__group.692__X10	58fe60aa3043d30e47ec37c7a3789670	carat/tables/qcatalog/dim6/dir.3;2-1;1/ordnung.96/(1)^4(2)^4(4)^4(8)^2/group.4035
work/ext6b/2-2s2-1s1__group.472__T	590e90bab88ce89f03795c3b6e20b09d	carat/tables/qcatalog/dim6/dir.2-2;2-1;1;1/ordnung.48/(1)^4(2)^3(6)^1(24)^1(72)^1/group.2221
work/ext6b/3s2-1__group.688__X11	591b03d93256fbc849e9d5837e3c7c3e	carat/tables/qcatalog/dim6/dir.3;2-1;1/ordnung.96/(1)^2(2)^4(4)^6(8)^2/group.3993
work/ext6b/3s2-2__group.734__X110	594f3db28c6d09cb8b8ffe38cbfe03a9	carat/tables/qcatalog/dim6/dir.3;2-2;1/ordnung.288/(1)^8(2)^2(4)^1(12)^2(36)^1/group.4207
work/ext6b/4-1s1__group.824__X101	59687363ae3c0b107735d0bcb0c2e4a6	carat/tables/qcatalog/dim6/dir.4-1;1;1/ordnung.32/(2)^2(4)^12(8)^4/group.4723
work/ext6b/2-2s1c1s1__group.351__X01	596cf25d283fc403a87f31f98bdfc479	carat/tables/qcatalog/dim6/dir.2-2;1,1;1;1/ordnung.12/(1)^3(3)^1(6)^2(24)^1/min.338
work/ext6b/3s2-1__group.678__X001	5972daa779ba664a05c291246207c1ac	carat/tables/qcatalog/dim6/dir.3;2-1;1/ordnung.192/(1)^4(2)^4(4)^6/group.3939
work/ext6b/4-1s1__group.786__X101	597564c3ed010ee55e606799d4d4524b	carat/tables/qcatalog/dim6/dir.4-1;1;1/ordnung.16/(2)^2(4)^4(8)^4/group.4655
work/ext6b/2-1s1c1s1__group.245__C	598ea310ce0413a908410979dbda5f4b	carat/tables/qcatalog/dim6/dir.2-1;1,1;1;1/ordnung.16/(2)^2(4)^2(8)^1/group.1144
work/ext6b/4-1s1__group.776__X1101	59908ecde3d5a1a574e56f1ec608b9a7	carat/tables/qcatalog/dim6/dir.4-1;1;1/ordnung.128/(2)^8(4)^8(8)^2/group.4634
work/ext6b/2-1s1c1c1__group.224__X011	59a9d0fcc08f9d1bc7c496f69c39cbfd	carat/tables/qcatalog/dim6/dir.2-1;1,1,1;1/ordnung.16/(2)^4(8)^1(24)^1/group.1114
work/ext6b/2-2s2-2s1__group.570__X10	59cb10a6ab6194c67da77dd33b738c38	carat/tables/qcatalog/dim6/dir.2-2;2-2;1,1/ordnung.36/(1)^3(3)^4(9)^1(18)^1/group.2759
work/ext6b/4-3ps1__group.1003__X11	59de0e69be5e0c5cb0bdd8ddb31671a6	carat/tables/qcatalog/dim6/dir.4-3';1,1/ordnung.20/(1)^3(5)^5(10)^1/group.7100
work/ext6b/4-2s1__group.944__X0111	59e0299da9ab4f5669ebb2edd14204cc	carat/tables/qcatalog/dim6/dir.4-2;1;1/ordnung.288/(1)^10(3)^6(6)^2/group.6114
work/ext6b/2-1s1s1s1__group.274__X11011	59f00d413934368284ed6f3c268248e8	carat/tables/qcatalog/dim6/dir.2-1;1;1;1;1/ordnung.64/(2)^4(4)^2(8)^2/group.1249
work/ext6b/2-1s1c1s1__group.232__C	59f0c7448ecf58fd5a467bb0ade47abb	carat/tables/qcatalog/dim6/dir.2-1;1,1;1;1/ordnung.32/(2)^4(4)^2(8)^1/group.1184
work/ext6b/2-1s1s1s1__group.261__X001	59fe5d6cc7db4fe3a9cb4cdc698c3cf9	carat/tables/qcatalog/dim6/dir.2-1;1;1;1;1/ordnung.16/(2)^2(4)^2(8)^2/group.1192
work/ext6b/3s2-1__group.680__X011	5a03f5cb0c300d0e0d8e25c66ccf2ac0	carat/tables/qcatalog/dim6/dir.3;2-1;1/ordnung.192/(1)^4(2)^4(4)^4(8)^2/group.3917
work/ext6b/2-2s1s1s1__min.111__X11	5a16595c260dea0b94ced3a98d553b61	carat/tables/qcatalog/dim6/dir.2-2;1;1;1;1/ordnung.12/(1)^2(4)^1(12)^3/min.345
work/ext6b/3s2-1__group.683__C	5a17ca3dbff1616cd1b006ac64b24752	carat/tables/qcatalog/dim6/dir.3;2-1;1/ordnung.384/(1)^4(2)^4(4)^6/group.3977
work/ext6b/1c1s1s1s1__group.214__C	5a389fc5193338450bf898502af9151f	carat/tables/qcatalog/dim6/dir.1,1;1;1;1;1/ordnung.16/(2)^2(4)^2(8)^1/group.1067
work/ext6b/3s2-2__group.740__T	5a6451b2144d2a412f1e3434650e93df	carat/tables/qcatalog/dim6/dir.3;2-2;1/ordnung.288/(1)^8(2)^2(4)^2(12)^2/group.4214
work/ext6b/2-2s2-1s1__group.479__X111	5a93abc21fdcea0bc7dff1db0f88abc1	carat/tables/qcatalog/dim6/dir.2-2;2-1;1;1/ordnung.48/(1)^4(2)^4(24)^2/group.2277
work/ext6b/2-2s2-2s1__group.600__T	5aaa7166304a9239f0c1490be9c42177	carat/tables/qcatalog/dim6/dir.2-2;2-2;1;1/ordnung.72/(1)^4(3)^2(6)^1(18)^1/group.3053
work/ext6b/2-2s2-1s1__group.519__C	5aafbd3fc3facf28664ecb5816d0c7b6	carat/tables/qcatalog/dim6/dir.2-2;2-1;1;1/ordnung.192/(1)^4(2)^4(12)^2/group.2047
work/ext6b/2-2s2-1s1__group.445__X11	5ab1faff054182e414b6df6d33e5e9ca	carat/tables/qcatalog/dim6/dir.2-2;2-1;1,1/ordnung.24/(1)^4(2)^3(6)^1(24)^1/group.1957
work/ext6b/4-1s1__group.851__X10	5ab5dd1666dc51771d20066e5257cc11	carat/tables/qcatalog/dim6/dir.4-1;1,1/ordnung.48/(1)^2(2)^3(6)^3(24)^1/group.4526
work/ext6b/5-1__max.14__C	5adef9a68308d5bd4a94134694dae53b	carat/tables/qcatalog/dim6/dir.5-1;1/ordnung.7680/(1)^16(2)^2(4)^8/group.7383
work/ext6b/4-2s1__group.900__X011	5ae094afb2551fb9cf915487b363f6e3	carat/tables/qcatalog/dim6/dir.4-2;1;1/ordnung.144/(1)^6(3)^2(6)^2/group.6037
work/ext6b/4-1s1__group.826__C	5af2a7cf8c590ef0f1a6ecdbc5b04686	carat/tables/qcatalog/dim6/dir.4-1;1;1/ordnung.64/(2)^2(4)^14(8)^2/group.4843
work/ext6b/2-1s1c1s1__group.242__X10	5af40d37f59f2686887f2fc22dbc9bb8	carat/tables/qcatalog/dim6/dir.2-1;1,1;1;1/ordnung.8/(2)^4(8)^2(32)^1/min.240
work/ext6b/3s1c1__group.645__X11	5b024933c19b8d7d864893bedc421b27	carat/tables/qcatalog/dim6/dir.3;1,1;1/ordnung.48/(1)^4(2)^2(4)^4(8)^1/group.3809
work/ext6b/2-2s2-1s1__group.507__X0001	5b09ac43db15f19db6989c4ce789ea67	carat/tables/qcatalog/dim6/dir.2-2;2-1;1;1/ordnung.96/(1)^4(2)^3(6)^1(12)^1(36)^1/group.2337
work/ext6b/2-2s2-1s1__group.452__T	5b108d2a02c8414c4441a78ba81f49ee	carat/tables/qcatalog/dim6/dir.2-2;2-1;1;1/ordnung.48/(1)^2(2)^4(4)^1(12)^1/group.2131
work/ext6b/2-2s1c1s1__group.366__X111	5b129fdcfe56577c6f568786da658e9e	carat/tables/qcatalog/dim6/dir.2-2;1,1;1,1/ordnung.24/(1)^4(12)^2/group.1744
work/ext6b/2-1s1s1s1__group.264__C	5b20cc38c4f356ed842c98f55a4286af	carat/tables/qcatalog/dim6/dir.2-1;1;1;1;1/ordnung.32/(2)^2(4)^4/group.1215
work/ext6b/2-1s2-1s1__group.297__X011	5b21a2373db47fc7a3166b6027ccc319	carat/tables/qcatalog/dim6/dir.2-1;2-1;1;1/ordnung.32/(2)^4(4)^4(8)^2/group.1399
work/ext6b/4-2s1__max.12__X0110	5b2cd55c93e296440a8e7981a5debdc2	carat/tables/qcatalog/dim6/dir.4-2;1;1/ordnung.576/(1)^10(3)^6(6)^2/group.6225
work/ext6b/2-2s2-2s1__group.600__X110	5b3c0e42a2bc1847c6201c5eaa442745	carat/tables/qcatalog/dim6/dir.2-2;2-2;1;1/ordnung.72/(1)^3(3)^3(18)^2/group.3027
work/ext6b/2-2s1c1s1__group.371__C	5b594a41e63f0742c83b47036bca7fa4	carat/tables/qcatalog/dim6/dir.2-2;1,1;1;1/ordnung.48/(1)^4(2)^1(6)^1(24)^1/group.1796
work/ext6b/2-2s2-1s1__group.438__C	5b65fd43c52a46e69c03bc2cd29ed5fc	carat/tables/qcatalog/dim6/dir.2-2;2-1;1;1/ordnung.48/(1)^4(2)^3(6)^1(12)^1(36)^1/group.2208
work/ext6b/2-2s2-2s1__group.556__X11101	5b6e936d29a6dc984116d9ab715dc20e	carat/tables/qcatalog/dim6/dir.2-2;2-2;1;1/ordnung.288/(1)^6(3)^2(6)^2/group.2936
work/ext6b/2-1s1s1s1__group.268__X1111	5b7039d4f2f93f3549a3b92cec807d27	carat/tables/qcatalog/dim6/dir.2-1;1;1;1;1/ordnung.32/(2)^4(4)^2(8)^2/group.1233
work/ext6b/4-1s1__group.791__X11	5b7b91c41ee7c096aef7123ee9eb5b24	carat/tables/qcatalog/dim6/dir.4-1;1,1/ordnung.16/(2)^1(4)^6(8)^2/group.4475
work/ext6b/4-3ps1__group.1004__X011	5b85dc73e6e235dcd633c93137eaefbe	carat/tables/qcatalog/dim6/dir.4-3';1;1/ordnung.40/(1)^4(5)^4(10)^2/group.7116
work/ext6b/2-2s1s1s1__group.400__C	5b975397f6ad79d95d4a299ee965d573	carat/tables/qcatalog/dim6/dir.2-2;1;1;1;1/ordnung.96/(1)^4(2)^2(12)^2/group.1898
work/ext6b/3s2-2__min.140__C	5ba031d0cbf7929b8e0ffcc2e2aa6569	carat/tables/qcatalog/dim6/dir.3;2-2;1/ordnung.24/(2)^4(4)^6(8)^1(24)^1/group.4157
work/ext6b/4-2s1__group.905__X010	5baf7d9d5d8a2655f426896eaf8e072b	carat/tables/qcatalog/dim6/dir.4-2;1;1/ordnung.144/(1)^7(3)^8(9)^1(18)^2/group.6071
work/ext6b/2-1s2-1s1__group.280__X010	5bbeb07a7515037769a6a54a3d0bedad	carat/tables/qcatalog/dim6/dir.2-1;2-1;1;1/ordnung.16/(2)^2(4)^2(8)^2/group.1327
work/ext6b/2-2s2-1s1__group.507__X1101	5bc34c3586b534d5e15f44d9f34b7f07	carat/tables/qcatalog/dim6/dir.2-2;2-1;1;1/ordnung.96/(1)^4(2)^3(6)^1(24)^1(72)^1/group.2350
work/ext6b/3s2-2__group.756__X01	5bc6e2e68df8831c69430835a6d198c6	carat/tables/qcatalog/dim6/dir.3;2-2;1/ordnung.72/(1)^6(2)^1(4)^4(12)^2(72)^1/group.4320
work/ext6b/2-2s2-2s1__group.528__X0011	5bd097bf5e8cc7f7ffcab7995ea8d6d9	carat/tables/qcatalog/dim6/dir.2-2;2-2;1;1/ordnung.144/(1)^5(3)^1(6)^2/group.2842
work/ext6b/4-1s1__group.818__X0011	5c0a5150c4d77422e685fa0d74080e00	carat/tables/qcatalog/dim6/dir.4-1;1;1/ordnung.32/(2)^2(4)^12(8)^4/group.4718
work/ext6b/3s2-1__group.679__X111	5c196b63a642073623e74d10a5eecf18	carat/tables/qcatalog/dim6/dir.3;2-1;1/ordnung.192/(1)^4(2)^4(4)^4(8)^2/group.3907
work/ext6b/2-2s2-2s1__group.620__X110	5c2bd9d34657847bbd5e0296c5775e7d	carat/tables/qcatalog/dim6/dir.2-2;2-2;1,1/ordnung.72/(1)^4(3)^4(18)^1/group.2798
work/ext6b/2-2s2-2s1__group.589__X100	5c2c1917a90ed3c1574180465ac3d2db	carat/tables/qcatalog/dim6/dir.2-2;2-2;1;1/ordnung.36/(1)^4(3)^4(18)^2/group.2996
work/ext6b/2-1s2-1s1__group.321__X0110	5c2ecd3cda6225fd9819aa4c51e962f7	carat/tables/qcatalog/dim6/dir.2-1;2-1;1;1/ordnung.64/(2)^6(4)^2(8)^2/group.1500
work/ext6b/4-1s1__group.859__X011	5c3378b14cad31f044fc5bec9ab299ce	carat/tables/qcatalog/dim6/dir.4-1;1;1/ordnung.64/(2)^4(4)^4(8)^2/group.4850
work/ext6b/4-3s1__group.1009__C	5c45af9f0828dfc57df9c1d93d717063	carat/tables/qcatalog/dim6/dir.4-3;1;1/ordnung.240/(1)^12(5)^4(10)^2/group.7207
work/ext6b/2-2s2-2s1__group.524__X10	5c46c73a1742a8f125f0f79aa043e96b	carat/tables/qcatalog/dim6/dir.2-2;2-2;1;1/ordnung.12/(2)^4(6)^4(18)^2/min.407
work/ext6b/2-1s2-1s1__group.277__X10	5c579d5923b04df59be7efc2e6122d33	carat/tables/qcatalog/dim6/dir.2-1;2-1;1;1/ordnung.16/(2)^4(8)^4/group.1336
work/ext6b/4-1ps1__group.764__X010	5c80781118e16aaf184662c28205c23d	carat/tables/qcatalog/dim6/dir.4-1';1,1/ordnung.32/(2)^1(4)^6(8)^2/group.4405
work/ext6b/2-1s2-1s1__group.304__X100	5c99025667b7821194493985556d3fab	carat/tables/qcatalog/dim6/dir.2-1;2-1;1;1/ordnung.32/(2)^4(4)^4(8)^2/group.1426
work/ext6b/4-2s1__group.911__C	5c9ead913a330fd6d8d1c494274b1f08	carat/tables/qcatalog/dim6/dir.4-2;1;1/ordnung.288/(1)^8(3)^8(18)^2/group.6162
work/ext6b/2-2s2-2s1__group.528__C	5cb9a4798440d9da349d3c180aa3e9a8	carat/tables/qcatalog/dim6/dir.2-2;2-2;1;1/ordnung.288/(1)^5(3)^1(6)^2/group.2932
work/ext6b/4-2s1__group.966__X11	5cbef7ed241c23911cf19f574d0aab1b	carat/tables/qcatalog/dim6/dir.4-2;1;1/ordnung.72/(1)^4(3)^8(9)^4(18)^2/group.6246
work/ext6b/4-1s1__group.796__X01	5cd1b87719ce4ce6cb81c16048772a78	carat/tables/qcatalog/dim6/dir.4-1;1,1/ordnung.192/(2)^9/group.4488
work/ext6b/3s2-2__group.722__X001	5cdef3adcc86ea6e188285838187e2b4	carat/tables/qcatalog/dim6/dir.3;2-2;1/ordnung.144/(1)^8(2)^2(4)^2(12)^2/group.4139
work/ext6b/2-1s1c1s1__group.238__X0011	5ce47198db12eb07245629d04c1d28ed	carat/tables/qcatalog/dim6/dir.2-1;1,1;1;1/ordnung.32/(2)^4(8)^3/group.1185
work/ext6b/2-2s2-2s1__group.525__X01	5ce7e3338cfebebd0fc3eb1b7054f78f	carat/tables/qcatalog/dim6/dir.2-2;2-2;1;1/ordnung.12/(2)^4(6)^4(18)^2/group.2820
work/ext6b/2-2s1s1s1__group.400__X1101	5cfe298254d2e760d2eaa647b05472be	carat/tables/qcatalog/dim6/dir.2-2;1;1;1;1/ordnung.48/(1)^4(2)^2(12)^2/group.1880
work/ext6b/3s2-2__group.753__C	5d11202a96c3330a674846765f57a0cc	carat/tables/qcatalog/dim6/dir.3;2-2;1/ordnung.144/(1)^6(2)^2(4)^3(12)^1/group.4085
work/ext6b/2-2s2-2s1__group.529__X0110	5d145e36308430f9eaf33a9e0d00e133	carat/tables/qcatalog/dim6/dir.2-2;2-2;1;1/ordnung.144/(1)^4(3)^4(18)^2/group.2828
work/ext6b/4-1s1__group.834__T	5d1f84f72d210bc994c7cfdde037f37b	carat/tables/qcatalog/dim6/dir.4-1;1;1/ordnung.384/(1)^4(2)^12(4)^2/group.4781
work/ext6b/3s1c1__group.646__X10	5d277973600f072d91cf6914eb94ab57	carat/tables/qcatalog/dim6/dir.3;1,1;1/ordnung.48/(1)^4(2)^2(4)^4(8)^1/group.3811
work/ext6b/4-2s1__group.958__X010	5d5da64a61f8b7c01dfdf1b3d948002e	carat/tables/qcatalog/dim6/dir.4-2;1;1/ordnung.48/(2)^10(6)^8/group.6195
work/ext6b/3s2-2__group.742__C	5d6bcc94cb3d9e10085d6a02b368da0a	carat/tables/qcatalog/dim6/dir.3;2-2;1/ordnung.72/(1)^4(2)^2(4)^5(12)^1/group.4315
work/ext6b/2-1s1c1c1__group.224__X111	5d7a8b36ee4614375f534010e73c2a59	carat/tables/qcatalog/dim6/dir.2-1;1,1,1;1/ordnung.16/(2)^4(8)^1(24)^1/group.1115
work/ext6b/4-1s1__group.780__X01	5d7ff6ad91372f2e4751182dd5c55834	carat/tables/qcatalog/dim6/dir.4-1;1,1/ordnung.144/(1)^4(2)^1(6)^4/group.4465
work/ext6b/4-2s1__group.974__X001	5da0919c4e9b26fd7ab53258bf3e2cdb	carat/tables/qcatalog/dim6/dir.4-2;1;1/ordnung.72/(1)^6(3)^8(9)^2(18)^2/group.6272
work/ext6b/2-2s2-2s1__group.583__T	5dba6cb16088bb8f4b5c5beeefc273dd	carat/tables/qcatalog/dim6/dir.2-2;2-2;1,1/ordnung.36/(1)^3(3)^4(9)^1(18)^1/group.2762
work/ext6b/4-1s1__group.847__X01	5dc178dda3c6d879d10e6f949e3476ef	carat/tables/qcatalog/dim6/dir.4-1;1,1/ordnung.48/(2)^9(6)^8/group.4538
work/ext6b/3s2-2__group.741__X101	5dc2f0e2c7dced11b3ffa4092386d3ff	carat/tables/qcatalog/dim6/dir.3;2-2;1/ordnung.288/(1)^8(2)^1(4)^3(12)^1(24)^1/group.4193
work/ext6b/2-2s2-1s1__group.504__X110	5ddc555206fa11afab18be407bf51d61	carat/tables/qcatalog/dim6/dir.2-2;2-1;1,1/ordnung.48/(1)^4(2)^3(6)^1(24)^1/group.1991
work/ext6b/4-2s1__group.921__X110	5df12c0b688b44b1ba39c0858dc4560b	carat/tables/qcatalog/dim6/dir.4-2;1;1/ordnung.144/(1)^10(3)^6(6)^2/group.6020
work/ext6b/4-1s1__group.769__C	5e41c7b0d436b321bf08b14284426097	carat/tables/qcatalog/dim6/dir.4-1;1;1/ordnung.2304/(1)^8(2)^10/group.4692
work/ext6b/3s2-2__max.10__X1010	5e6594170c2d5d47a100314ab6f07c29	carat/tables/qcatalog/dim6/dir.3;2-2;1/ordnung.576/(1)^8(2)^2(4)^2(12)^2/group.4305
work/ext6b/4-1s1__group.794__T	5e6bf5e1ceddae1fdc8f15cfb2752d79	carat/tables/qcatalog/dim6/dir.4-1;1;1/ordnung.192/(2)^18/group.4684
work/ext6b/2-1s1s1s1__group.270__C	5e6fe97a5aa7b2f473949b9a8d7b2a8a	carat/tables/qcatalog/dim6/dir.2-1;1;1;1;1/ordnung.64/(2)^4(4)^4/group.1255
work/ext6b/2-2s1c1c1__group.334__C	5ea80ec2db78c29cc5c8034d4f8f639e	carat/tables/qcatalog/dim6/dir.2-2;1,1,1;1/ordnung.24/(1)^2(6)^2/group.1717
work/ext6b/3s2-1__group.680__T	5ec0b5a3e6025b10df59faaeaec99aa2	carat/tables/qcatalog/dim6/dir.3;2-1;1/ordnung.192/(1)^4(2)^4(4)^6/group.3935
work/ext6b/2-2s2-1s1__group.424__X10	5ecaee65776a3be40f006682f71fd5ae	carat/tables/qcatalog/dim6/dir.2-2;2-1;1,1/ordnung.24/(1)^2(2)^2(24)^1/group.1919
work/ext6b/2-1s1c1s1__group.232__T	5ed50be8a741ebfd2c649d1e4d744887	carat/tables/qcatalog/dim6/dir.2-1;1,1;1;1/ordnung.16/(2)^4(8)^3/group.1168
work/ext6b/4-1s1__group.771__X010	5ee3c00fab6c112fcecf6291d7a9fec9	carat/tables/qcatalog/dim6/dir.4-1;1;1/ordnung.128/(2)^12(4)^4(8)^2/group.4598
work/ext6b/2-1s1s1s1__group.266__X0100	5ef67e1244c88fa9a20a40129b3bb82b	carat/tables/qcatalog/dim6/dir.2-1;1;1;1;1/ordnung.32/(2)^4(4)^2(8)^2/group.1228
work/ext6b/5-1__group.1024__X01	5ef7dbce6a703876d724200660cb7b38	carat/tables/qcatalog/dim6/dir.5-1;1/ordnung.160/(1)^4(2)^1(4)^20(8)^1/group.7344
work/ext6b/3s2-2__group.734__X100	5f4b4e56203b85d925ddce485728307f	carat/tables/qcatalog/dim6/dir.3;2-2;1/ordnung.288/(1)^8(2)^1(4)^2(12)^2(72)^1/group.4189
work/ext6b/2-2s2-2s1__group.555__C	5f62ff5eae92d9f01f172d39787a8f66	carat/tables/qcatalog/dim6/dir.2-2;2-2;1;1/ordnung.48/(2)^6(6)^4/group.3018
work/ext6b/3s2-2__group.755__C	5f7d8ded965d04b63316f3f6151d8570	carat/tables/qcatalog/dim6/dir.3;2-2;1/ordnung.144/(1)^6(2)^2(4)^4(12)^2/group.4098
work/ext6b/3s2-2__group.721__T	5f9068047e2e2cf8d5b3666bb5e9850a	carat/tables/qcatalog/dim6/dir.3;2-2;1/ordnung.144/(1)^8(2)^2(4)^1(12)^2(36)^1/group.4117
work/ext6b/4-1s1__group.848__T	5fa92105e712d7559dbe99348f0294af	carat/tables/qcatalog/dim6/dir.4-1;1;1/ordnung.48/(2)^10(6)^8/group.4803
work/ext6b/4-2s1__group.937__X110	5fbdbae8f99bec9a42cd86c0b5bb1eb0	carat/tables/qcatalog/dim6/dir.4-2;1;1/ordnung.288/(1)^10(3)^6(6)^2/group.6124
work/ext6b/4-2s1__group.949__C	5fbefbde194b776560317186d577d50b	carat/tables/qcatalog/dim6/dir.4-2;1;1/ordnung.72/(1)^4(3)^4(18)^2/group.6241
work/ext6b/2-2s2-1s1__group.450__X01	5fdf47bde0047e2a1ed107d036aab978	carat/tables/qcatalog/dim6/dir.2-2;2-1;1,1/ordnung.24/(1)^4(2)^3(6)^1(24)^1/group.1952
work/ext6b/3s2-1__group.694__T	5fe353a8dd8ef076908e95852468b0f0	carat/tables/qcatalog/dim6/dir.3;2-1;1/ordnung.96/(1)^4(2)^4(4)^4(8)^2/group.4021
work/ext6b/3s2-1__min.138__C	5ff1c156ccab825c328d7aa9febc52c6	carat/tables/qcatalog/dim6/dir.3;2-1;1/ordnung.96/(1)^4(2)^2(4)^6/group.4018
work/ext6b/4-2s1__group.950__X10	601228423bd6c6efe9a4e49c7cbcecc1	carat/tables/qcatalog/dim6/dir.4-2;1,1/ordnung.36/(1)^3(3)^4(9)^1(18)^1/group.5963
work/ext6b/4-2s1__group.952__X01	60336ce8d99d1c683dbc0a49ac6f33fa	carat/tables/qcatalog/dim6/dir.4-2;1,1/ordnung.36/(1)^3(3)^10(9)^3(18)^1/group.5957
work/ext6b/2-2s1c1s1__group.348__X10	6046663d382f3361687db2d8489d5d97	carat/tables/qcatalog/dim6/dir.2-2;1,1;1;1/ordnung.12/(1)^3(3)^1(6)^2(24)^1/min.340
work/ext6b/4-2s1__group.965__X001	6047bd6d42bb5bb56df54a0dc67eb8a3	carat/tables/qcatalog/dim6/dir.4-2;1;1/ordnung.72/(1)^5(3)^8(9)^3(18)^2/group.6252
work/ext6b/2-2s2-2s1__group.556__X10101	606d0657c9d70f7e5a6b8e0972f0227c	carat/tables/qcatalog/dim6/dir.2-2;2-2;1;1/ordnung.288/(1)^6(3)^2(6)^2/group.2938
work/ext6b/4-1s1__group.838__C	6098e32024e5c9d94262ae34698ed863	carat/tables/qcatalog/dim6/dir.4-1;1;1/ordnung.768/(1)^4(2)^12(4)^2/group.4895
work/ext6b/2-2s2-2s1__group.536__C	60a11cb03e288fc61cb477c9858d287c	carat/tables/qcatalog/dim6/dir.2-2;2-2;1;1/ordnung.288/(1)^6(3)^2(6)^2/group.2942
work/ext6b/2-2s2-1s1__group.438__X10	60a181b8e8e48d749f575daf6846381a	carat/tables/qcatalog/dim6/dir.2-2;2-1;1,1/ordnung.24/(1)^4(2)^1(6)^3(24)^1/group.1949
work/ext6b/2-2s1s1s1__group.403__C	60a2bbe99d0eb095af72ef07f8caa9e7	carat/tables/qcatalog/dim6/dir.2-2;1;1;1;1/ordnung.96/(1)^4(2)^2(12)^2/group.1892
work/ext6b/2-2s2-2s1__group.531__X1000	60abb91b0ecc6c1dc897b5d4fc4d8793	carat/tables/qcatalog/dim6/dir.2-2;2-2;1;1/ordnung.144/(1)^6(3)^2(6)^2/group.2883
work/ext6b/2-1s1c1s1__group.232__X011	60b00c7b2c3b0b2b61420e2a8a15c3c1	carat/tables/qcatalog/dim6/dir.2-1;1,1;1,1/ordnung.16/(2)^4(8)^2/group.1130
work/ext6b/4-1s1__group.830__T	60b04bc71ef8c9296b0032a3b71a736b	carat/tables/qcatalog/dim6/dir.4-1;1;1/ordnung.32/(2)^2(4)^6(8)^2/group.4758
work/ext6b/2-2s1c1s1__group.354__C	60c5063fe4e4ca68642f201c4b9317a2	carat/tables/qcatalog/dim6/dir.2-2;1,1;1;1/ordnung.24/(1)^2(2)^2(24)^1/group.1752
work/ext6b/4-1s1__group.779__X110	60c64a9462764f65cf1b404f9a01de9f	carat/tables/qcatalog/dim6/dir.4-1;1;1/ordnung.128/(2)^8(4)^8(8)^2/group.4641
work/ext6b/3s2-2__group.720__X11	60cfe681bf91ff5a072195f73675db3c	carat/tables/qcatalog/dim6/dir.3;2-2;1/ordnung.144/(1)^8(2)^2(4)^2(12)^2/group.4142
work/ext6b/2-1s1s1s1__group.268__X1010	60d97b116fc06dbdaac88969094e250f	carat/tables/qcatalog/dim6/dir.2-1;1;1;1;1/ordnung.32/(2)^4(4)^2(8)^2/group.1235
work/ext6b/3s2-2__group.726__X01	6108811072faeb2bb983095d91a669b9	carat/tables/qcatalog/dim6/dir.3;2-2;1/ordnung.24/(2)^3(4)^6(24)^3/group.4155
work/ext6b/4-2s1__group.935__X1101	611c81ba0a456426499ebe29d07ff800	carat/tables/qcatalog/dim6/dir.4-2;1;1/ordnung.288/(1)^8(3)^8(18)^2/group.6153
work/ext6b/2-2s2-1s1__group.518__X0110	612bb93f0c3a2265ccd8edcd2cbbcf27	carat/tables/qcatalog/dim6/dir.2-2;2-1;1;1/ordnung.96/(1)^4(2)^4(24)^2/group.2427
work/ext6b/2-1s2-1s1__group.275__X00100	61438cfc4c62f6c111da3dc764fa3fef	carat/tables/qcatalog/dim6/dir.2-1;2-1;1,1/ordnung.128/(2)^6(4)^2(8)^1/group.1258
work/ext6b/4-2s1__group.916__X111	61479e83e3b4774126d6271d08b795c7	carat/tables/qcatalog/dim6/dir.4-2;1;1/ordnung.144/(1)^8(3)^8(18)^2/group.6084
work/ext6b/4-2s1__group.936__X111	6149fbe874e349eebed6a9371f569230	carat/tables/qcatalog/dim6/dir.4-2;1;1/ordnung.288/(1)^8(3)^8(18)^2/group.6158
work/ext6b/2-2s2-1s1__min.126__X10	6150a4b4d73c902b1c8613a43b754b39	carat/tables/qcatalog/dim6/dir.2-2;2-1;1,1/ordnung.12/(1)^3(3)^1(6)^2(24)^1/min.363
work/ext6b/3s2-2__group.706__C	6150b99041614a8956f7380e2d99320f	carat/tables/qcatalog/dim6/dir.3;2-2;1/ordnung.288/(1)^6(2)^2(4)^3(12)^1/group.4177
work/ext6b/4-1s1__group.827__X011	615df789ecf5f24eee2a32559698b8f8	carat/tables/qcatalog/dim6/dir.4-1;1,1/ordnung.32/(2)^1(4)^14(8)^2/group.4510
work/ext6b/2-2s2-2s1__group.618__X011	6162cb7bd5d2e571c939f0d53684e437	carat/tables/qcatalog/dim6/dir.2-2;2-2;1;1/ordnung.72/(1)^5(3)^3(6)^1(18)^1/group.3139
work/ext6b/2-2s2-2s1__group.544__C	61727cb65be8b2a5c5efbe85e8e3f987	carat/tables/qcatalog/dim6/dir.2-2;2-2;1;1/ordnung.36/(1)^2(3)^6(18)^2/group.2962
work/ext6b/2-2s2-1s1__group.476__X111	6180d7a4c2396ce3a2407465e009da41	carat/tables/qcatalog/dim6/dir.2-2;2-1;1;1/ordnung.48/(1)^4(2)^3(6)^1(12)^1(36)^1/group.2207
work/ext6b/3s2-1__group.685__X010	61868408e547b7bd4b1e89d4da965c8b	carat/tables/qcatalog/dim6/dir.3;2-1;1/ordnung.192/(1)^4(2)^2(4)^6/group.3892
work/ext6b/2-2s2-2s1__group.530__X1110	619c19a35d5003e1cecda0d624ac157b	carat/tables/qcatalog/dim6/dir.2-2;2-2;1;1/ordnung.144/(1)^5(3)^3(6)^1(18)^1/group.2863
work/ext6b/2-2s2-2s1__min.129__T	619d399e6708da03feb178f68aac84e5	carat/tables/qcatalog/dim6/dir.2-2;2-2;1,1/ordnung.6/(2)^2(6)^2(18)^1/min.404
work/ext6b/4-2s1__group.945__C	61a110c8fa04b7b9fa04a7d8076849d7	carat/tables/qcatalog/dim6/dir.4-2;1;1/ordnung.72/(1)^2(3)^6(18)^2/group.6237
work/ext6b/3s1c1__group.643__C	61ad40f12d87776ca4c06bf4f265386a	carat/tables/qcatalog/dim6/dir.3;1,1;1/ordnung.96/(1)^4(2)^2(4)^4(8)^1/group.3821
work/ext6b/4-1s1__group.830__C	61b5ca59f7e8a70cef0bfbf2897f1d6a	carat/tables/qcatalog/dim6/dir.4-1;1;1/ordnung.64/(2)^2(4)^6(8)^2/group.4847
work/ext6b/2-2s2-2s1__group.623__T	620b510817188d2bd7ddcac856f40e9d	carat/tables/qcatalog/dim6/dir.2-2;2-2;1,1/ordnung.72/(1)^4(3)^4(18)^1/group.2797
work/ext6b/4-2s1__min.163__X10	62136f9a15fef753b5b037ba56766959	carat/tables/qcatalog/dim6/dir.4-2;1,1/ordnung.36/(1)^3(3)^10(9)^3(18)^1/min.573
work/ext6b/2-2s2-2s1__group.538__X1001	62252e68bdc5732ff4bec03d72c5efed	carat/tables/qcatalog/dim6/dir.2-2;2-2;1,1/ordnung.144/(1)^5(3)^3(6)^1/group.2717
work/ext6b/2-2s2-1s1__group.482__C	623e65c95558dba158e32e87a1908443	carat/tables/qcatalog/dim6/dir.2-2;2-1;1;1/ordnung.96/(1)^4(2)^4(12)^2/group.2406
work/ext6b/2-1s2-1s1__group.300__C	6242847241c2420e0f4e0b3e8afa1dec	carat/tables/qcatalog/dim6/dir.2-1;2-1;1;1/ordnung.64/(2)^4(4)^6/group.1471
work/ext6b/4-2s1__group.929__T	6272d938ba60930d0419b770dbf5eb03	carat/tables/qcatalog/dim6/dir.4-2;1;1/ordnung.24/(2)^6(6)^4/min.577
work/ext6b/4-3s1__group.1022__C	6290e20e7d010507cf9602b0a585f309	carat/tables/qcatalog/dim6/dir.4-3;1;1/ordnung.80/(1)^6(5)^10(10)^2/group.7231
work/ext6b/2-2s1s1s1__group.382__T	6291a13455195ba03fd53dd66d6ad262	carat/tables/qcatalog/dim6/dir.2-2;1;1;1;1/ordnung.24/(1)^4(2)^1(6)^1(12)^1(36)^1/group.1829
work/ext6b/3s2-1__min.138__X01	62a2f17d465e94c73059fcaaffe8dc1d	carat/tables/qcatalog/dim6/dir.3;2-1;1/ordnung.48/(1)^4(2)^2(4)^4(8)^2/min.459
work/ext6b/4-2s1__group.926__T	62aac47643d11906c63e765790cc7b98	carat/tables/qcatalog/dim6/dir.4-2;1;1/ordnung.24/(2)^4(6)^2/group.6103
work/ext6b/4-2s1__min.156__T	62edd7723914d2f9d1d72e8838dc59cf	carat/tables/qcatalog/dim6/dir.4-2;1,1/ordnung.12/(2)^3(6)^2/min.565
work/ext6b/4-2s1__group.978__X111	6325fa62f190bb9b04c6e9ffdfad439d	carat/tables/qcatalog/dim6/dir.4-2;1,1/ordnung.72/(1)^5(3)^8(9)^3(18)^1/group.5995
work/ext6b/2-2s2-1s1__min.124__T	63351f6421f6be21e892a7094f625993	carat/tables/qcatalog/dim6/dir.2-2;2-1;1,1/ordnung.12/(1)^2(2)^2(24)^1/min.361
work/ext6b/2-2s1c1c1__group.341__T	6345665188df7c9dba1913addd673b2b	carat/tables/qcatalog/dim6/dir.2-2;1,1,1,1/ordnung.6/(1)^2(12)^1/group.1694
work/ext6b/4-1s1__group.844__T	635566ecb834d4ed23f14ced2c1b810b	carat/tables/qcatalog/dim6/dir.4-1;1,1/ordnung.48/(2)^5(4)^4/group.4533
work/ext6b/2-1s1s1s1__group.273__X1111	6355c43f5e2c3485c2f5d8f97664f6a7	carat/tables/qcatalog/dim6/dir.2-1;1;1;1;1/ordnung.32/(2)^1(4)^4(8)^1/group.1209
work/ext6b/1s1s1s1s1__group.217__T	635eab275555d7df807cf8808b7c16bd	carat/tables/qcatalog/dim6/dir.1;1;1;1;1;1/ordnung.16/(2)^2(4)^2(8)^2/group.1071
work/ext6b/3s2-2__group.703__X01	637202c29c8a25ac53c397f764ba130a	carat/tables/qcatalog/dim6/dir.3;2-2;1/ordnung.144/(1)^4(2)^1(4)^6(24)^1/group.4053
work/ext6b/2-1s1c1s1__group.244__X01	63ae74e95399dd7cf2aef18b7cc34bde	carat/tables/qcatalog/dim6/dir.2-1;1,1;1;1/ordnung.8/(2)^2(4)^2(32)^1/min.234
work/ext6b/2-2s2-2s1__group.613__X101	63b1e655081b48a94ede209d05d08e7f	carat/tables/qcatalog/dim6/dir.2-2;2-2;1;1/ordnung.72/(1)^4(3)^4(18)^2/group.3068
work/ext6b/2-1s2-1s1__group.323__X1111	6404347e6a313a95bd6bff02e5dbf7bf	carat/tables/qcatalog/dim6/dir.2-1;2-1;1;1/ordnung.64/(2)^6(4)^2(8)^2/group.1501
work/ext6b/3s2-1__min.138__T	640c6e355f4c8ccbe523779ae9aac971	carat/tables/qcatalog/dim6/dir.3;2-1;1/ordnung.48/(1)^4(4)^8/min.461
work/ext6b/2-2s2-2s1__group.561__C	641a44ecd785753736575df7d8dee81d	carat/tables/qcatalog/dim6/dir.2-2;2-2;1;1/ordnung.72/(1)^3(3)^3(18)^2/group.3026
work/ext6b/4-2s1__group.904__X011	641db5e6b7af92bd02ba19df063cdd27	carat/tables/qcatalog/dim6/dir.4-2;1;1/ordnung.144/(1)^6(3)^8(9)^2(18)^2/group.6054
work/ext6b/2-1s2-1s1__group.282__X01	641ddd903977cb87514b670aa75b01f5	carat/tables/qcatalog/dim6/dir.2-1;2-1;1;1/ordnung.16/(2)^2(4)^2(8)^2/group.1323
work/ext6b/4-2s1__group.900__X010	642e95353a1d0e5ffd02ffc27acd06a1	carat/tables/qcatalog/dim6/dir.4-2;1;1/ordnung.144/(1)^6(3)^2(6)^2/group.6038
work/ext6b/3s2-2__max.10__X0111	6432f5e1ba5ec959ffe2e0c9ee1e5803	carat/tables/qcatalog/dim6/dir.3;2-2;1/ordnung.576/(1)^8(2)^2(4)^2(12)^2/group.4301
work/ext6b/3s1c1__group.643__T	6433ede859f78689bd72e4101fa56d33	carat/tables/qcatalog/dim6/dir.3;1,1,1/ordnung.48/(1)^4(2)^2(4)^3(12)^1/group.3784
work/ext6b/4-2s1__group.972__T	6434a48faf8676e39a2ccfcae889d4c1	carat/tables/qcatalog/dim6/dir.4-2;1,1/ordnung.72/(1)^5(3)^8(9)^3(18)^1/group.5986
work/ext6b/4-3s1__group.1015__T	647dceca53f411f9a5240ca57fe0b8bb	carat/tables/qcatalog/dim6/dir.4-3;1,1/ordnung.240/(1)^11(5)^5(10)^1/group.7186
work/ext6b/2-1s1s1s1__group.266__X0110	6483ea8cc9e43c8375e3676e607b28b5	carat/tables/qcatalog/dim6/dir.2-1;1;1;1;1/ordnung.32/(2)^4(4)^2(8)^2/group.1238
work/ext6b/2-1s2-1s1__group.312__C	649bac25c4198b2e88ef7fdc4e8d9e3c	carat/tables/qcatalog/dim6/dir.2-1;2-1;1;1/ordnung.64/(2)^2(4)^4/group.1434
work/ext6b/2-2s2-1s1__group.509__X1011	64bce6d912473c23f906a3e7be1f8a95	carat/tables/qcatalog/dim6/dir.2-2;2-1;1;1/ordnung.96/(1)^4(2)^4(24)^2/group.2442
work/ext6b/2-2s2-2s1__group.604__C	64d40480077627791a61318eb235a0d3	carat/tables/qcatalog/dim6/dir.2-2;2-2;1;1/ordnung.144/(1)^5(3)^1(6)^2/group.2835
work/ext6b/3s2-1__group.687__X11	64f39c5528aa0bc237fe997cab92f480	carat/tables/qcatalog/dim6/dir.3;2-1;1/ordnung.96/(1)^2(2)^4(4)^6(8)^2/group.3994
work/ext6b/3s2-2__group.708__X10	64fcbe42719d25b410315f459dec7fe6	carat/tables/qcatalog/dim6/dir.3;2-2;1/ordnung.144/(1)^6(2)^2(4)^3(12)^1/group.4076
work/ext6b/2-2s2-1s1__group.448__C	64fe91d417d6dbfad0739505eb181138	carat/tables/qcatalog/dim6/dir.2-2;2-1;1;1/ordnung.48/(1)^4(2)^4(12)^2/group.2237
work/ext6b/3s2-2__group.718__X01	651aa054152c47262c33c0913532aec8	carat/tables/qcatalog/dim6/dir.3;2-2;1/ordnung.144/(1)^8(2)^2(4)^1(12)^2(36)^1/group.4127
work/ext6b/1c1c1c1c1__min.58__T	652d4ad758234a046614397a6adce986	carat/tables/qcatalog/dim6/dir.1,1,1,1,1,1/ordnung.1/(6)^1/min.170
work/ext6b/3s1s1__group.649__X0010	654a3df5fd89e0cdccd45f1374be48e3	carat/tables/qcatalog/dim6/dir.3;1;1;1/ordnung.192/(1)^4(2)^2(4)^4(8)^2/group.3832
work/ext6b/2-2s2-1s1__group.505__X0101	6559f7ce68d11e8305ce6a1b84b73b99	carat/tables/qcatalog/dim6/dir.2-2;2-1;1;1/ordnung.96/(1)^2(2)^4(4)^1(12)^1/group.2317
work/ext6b/2-2s2-2s1__group.588__C	6560597f832dbcab185d72ee27f95221	carat/tables/qcatalog/dim6/dir.2-2;2-2;1;1/ordnung.72/(1)^5(3)^1(6)^2/group.3104
work/ext6b/2-2s2-1s1__group.437__X10	656ba4648311ca4e1bac863b2b66210c	carat/tables/qcatalog/dim6/dir.2-2;2-1;1,1/ordnung.24/(1)^4(2)^1(6)^3(24)^1/group.1945
work/ext6b/2-1s2-1s1__group.302__C	656bc8c4d366a50e56c506066076f73c	carat/tables/qcatalog/dim6/dir.2-1;2-1;1;1/ordnung.64/(2)^4(4)^6/group.1469
work/ext6b/4-2s1__group.968__X10	656ca73d12114246f0b883e63340eff0	carat/tables/qcatalog/dim6/dir.4-2;1;1/ordnung.72/(1)^6(3)^2(6)^2/group.6260
work/ext6b/3s2-2__group.756__C	6572b9bf2821d00ee8fece8dab5a51a8	carat/tables/qcatalog/dim6/dir.3;2-2;1/ordnung.144/(1)^6(2)^2(4)^4(12)^2/group.4097
work/ext6b/2-2s2-2s1__group.559__T	6595155bf3fac5693ad384b5c265f4f3	carat/tables/qcatalog/dim6/dir.2-2;2-2;1;1/ordnung.36/(1)^2(3)^6(18)^2/group.2968
work/ext6b/2-2s2-2s1__group.536__X0001	65965ff3fcddd96d223fd004a0ad20d7	carat/tables/qcatalog/dim6/dir.2-2;2-2;1;1/ordnung.144/(1)^5(3)^3(6)^1(18)^1/group.2850
work/ext6b/4-1s1__group.877__X00100	659f4d675b1f59dc6a89e37c864dc93e	carat/tables/qcatalog/dim6/dir.4-1;1,1/ordnung.64/(2)^1(4)^14(8)^2/group.4545
work/ext6b/4-2s1__group.937__X101	65b6516d32b5abe6f94c0e2c8df5ca74	carat/tables/qcatalog/dim6/dir.4-2;1;1/ordnung.288/(1)^10(3)^6(6)^2/group.6130
work/ext6b/2-2s2-2s1__group.555__X110	65c879f381b6da4698d11b0d95c69378	carat/tables/qcatalog/dim6/dir.2-2;2-2;1;1/ordnung.24/(2)^6(6)^4/group.2931
work/ext6b/4-1s1__group.839__X11	65eafb9c5cc2dd3f96d5fed68f3c1e55	carat/tables/qcatalog/dim6/dir.4-1;1;1/ordnung.384/(1)^4(2)^10(4)^4/group.4777
work/ext6b/2-2s2-1s1__group.408__X00011	65fedb8fffd5d8c88ec9dbe91b52ccc6	carat/tables/qcatalog/dim6/dir.2-2;2-1;1;1/ordnung.192/(1)^4(2)^4(24)^2/group.2050
work/ext6b/3s1s1__group.661__T	6602a264728599233d2d4af963df38a1	carat/tables/qcatalog/dim6/dir.3;1;1;1/ordnung.48/(1)^4(4)^8/min.452
work/ext6b/4-1s1__group.765__X01	66034aba2fb33731303af94403233abb	carat/tables/qcatalog/dim6/dir.4-1;1;1/ordnung.1152/(1)^6(2)^10(4)^2/group.4584
work/ext6b/4-2s1__group.993__X0101	6637b06aa836dea748da47f1754aaa91	carat/tables/qcatalog/dim6/dir.4-2;1;1/ordnung.96/(2)^10(6)^8/group.6296
work/ext6b/2-2s2-2s1__group.630__X011	664947616022b057bcaa0e331b6ca0dd	carat/tables/qcatalog/dim6/dir.2-2;2-2;1;1/ordnung.72/(1)^6(3)^2(6)^2/group.3154
work/ext6b/2-2s2-1s1__group.456__T	66571df4b17cd53a98565f680c2488d8	carat/tables/qcatalog/dim6/dir.2-2;2-1;1,1/ordnung.48/(1)^2(2)^4(24)^1/group.1960
work/ext6b/2-2s2-2s1__group.568__X11	666dd328bf7225d34d23b530d29751c9	carat/tables/qcatalog/dim6/dir.2-2;2-2;1;1/ordnung.36/(1)^3(3)^3(6)^2/group.2983
work/ext6b/3s2-1__group.685__X001	667018b6f5b5588348ae4d7ba2b08f19	carat/tables/qcatalog/dim6/dir.3;2-1;1/ordnung.192/(1)^4(2)^2(4)^6/group.3901
work/ext6b/2-2s2-1s1__group.444__C	667258b95ec0f54ab80faf617009ea68	carat/tables/qcatalog/dim6/dir.2-2;2-1;1;1/ordnung.48/(1)^4(2)^4(12)^2/group.2256
work/ext6b/4-1s1__group.767__C	6678b880d573ca89a82462a464824d17	carat/tables/qcatalog/dim6/dir.4-1;1;1/ordnung.2304/(1)^8(2)^10/group.4690
work/ext6b/2-2s2-2s1__group.536__X1001	667cdd76c654c3bdbff8618783517e17	carat/tables/qcatalog/dim6/dir.2-2;2-2;1;1/ordnung.144/(1)^6(3)^2(6)^2/group.2876
work/ext6b/2-2c2-2s1__group.329__X01	6681b5ad8eb2f5472d43692aef89c799	carat/tables/qcatalog/dim6/dir.2-2,2-2;1;1/ordnung.12/(2)^2(6)^4/group.1643
work/ext6b/2-2s2-1s1__group.509__X0100	66880bc2a0f4270bb8f46d9034f0ac95	carat/tables/qcatalog/dim6/dir.2-2;2-1;1;1/ordnung.96/(1)^4(2)^4(12)^2/group.2370
work/ext6b/2-2s2-1s1__group.510__X1100	668b1791ab9717839483220c64033edd	carat/tables/qcatalog/dim6/dir.2-2;2-1;1;1/ordnung.96/(1)^4(2)^4(12)^2/group.2369
work/ext6b/2-2s2-1s1__group.439__X10	668d50bc46a3b9144c2c04a62732903e	carat/tables/qcatalog/dim6/dir.2-2;2-1;1;1/ordnung.24/(1)^4(2)^2(6)^2(72)^2/min.375
work/ext6b/2-1s2-1s1__group.322__X1001	669696d499c6179300694778d2522a15	carat/tables/qcatalog/dim6/dir.2-1;2-1;1;1/ordnung.64/(2)^6(4)^2(8)^2/group.1493
work/ext6b/3s2-2__group.703__C	6696c64c98b45e99612a0e5252951fdb	carat/tables/qcatalog/dim6/dir.3;2-2;1/ordnung.288/(1)^4(2)^2(4)^5(12)^1/group.4164
work/ext6b/2-2s2-2s1__group.605__X111	669b10266305a1278e8e0dda28199a05	carat/tables/qcatalog/dim6/dir.2-2;2-2;1;1/ordnung.72/(1)^5(3)^1(6)^2/group.3089
work/ext6b/3s1s1__group.651__C	66aeff1fea927b7a7831dc5859cdb788	carat/tables/qcatalog/dim6/dir.3;1;1;1/ordnung.96/(1)^2(2)^2(4)^8/group.3847
work/ext6b/2-2s2-2s1__group.536__X0101	66b6f6c48d9c90abd0654c03141c3505	carat/tables/qcatalog/dim6/dir.2-2;2-2;1;1/ordnung.144/(1)^6(3)^2(6)^2/group.2903
work/ext6b/2-2s2-1s1__group.461__X111	66c11b27108c76567ea16fac7f6aed9c	carat/tables/qcatalog/dim6/dir.2-2;2-1;1;1/ordnung.48/(1)^4(4)^1(12)^2(36)^1/group.2298
work/ext6b/4-1s1__group.862__X11	66c65a8cd0c2fff5d403be0e139a242f	carat/tables/qcatalog/dim6/dir.4-1;1;1/ordnung.64/(2)^8(4)^8(8)^2/group.4875
work/ext6b/3s2-1__group.688__T	66c929d2c2736214c0f7fda2c2c53ba2	carat/tables/qcatalog/dim6/dir.3;2-1;1/ordnung.96/(1)^2(2)^4(4)^6(8)^2/group.3996
work/ext6b/3s1c1__group.635__X01	66dd2a4e06f69b2977e2c8ec341a21f3	carat/tables/qcatalog/dim6/dir.3;1,1;1/ordnung.24/(1)^2(4)^8(8)^1/min.435
work/ext6b/2-2s1c1c1__group.343__T	66f62ff14fe573ec780f906d20d3ee82	carat/tables/qcatalog/dim6/dir.2-2;1,1,1;1/ordnung.6/(1)^2(3)^2(18)^1(54)^1/min.312
work/ext6b/3s2-2__group.758__X001	671a48421375dc995c95149d7bdc9d2f	carat/tables/qcatalog/dim6/dir.3;2-2;1/ordnung.72/(1)^8(2)^2(4)^1(12)^2(36)^1/group.4332
work/ext6b/4-2s1__group.906__X01	671f92b3df643ee1440290b9568bb1ff	carat/tables/qcatalog/dim6/dir.4-2;1;1/ordnung.144/(1)^8(3)^8(18)^2/group.6088
work/ext6b/3s2-2__group.731__X110	6722a59d47d0a069dd0474995042049f	carat/tables/qcatalog/dim6/dir.3;2-2;1/ordnung.288/(1)^6(2)^2(4)^3(12)^1/group.4172
work/ext6b/2-1c2-1s1__min.77__X01	672ed2630b2c99a58d63d8632ce1aa97	carat/tables/qcatalog/dim6/dir.2-1,2-1;1;1/ordnung.8/(2)^2(8)^4/min.212
work/ext6b/3s1c1__group.648__X011	6752548905ad4700b3fbf21ceb5bfe46	carat/tables/qcatalog/dim6/dir.3;1,1;1/ordnung.96/(1)^4(2)^2(4)^4(8)^1/group.3820
work/ext6b/3s2-1__group.699__C	6787f8e933158d19118798af8685eb27	carat/tables/qcatalog/dim6/dir.3;2-1;1/ordnung.192/(1)^4(2)^2(4)^6/group.3899
work/ext6b/2-2s2-2s1__group.570__C	67a869d3b6f8dfc1f144c0aae63d2477	carat/tables/qcatalog/dim6/dir.2-2;2-2;1;1/ordnung.72/(1)^3(3)^5(6)^1(18)^1/group.3044
work/ext6b/2-1pc2-1ps1__min.74__X1	67ac8b391366e0285c5cfed784bf93b2	carat/tables/qcatalog/dim6/dir.2-1',2-1';1,1/ordnung.4/(2)^1(8)^2/min.201
work/ext6b/3s2-2__group.706__X11	67b03409c895c9b8f2513df8e051b4aa	carat/tables/qcatalog/dim6/dir.3;2-2;1/ordnung.144/(1)^6(2)^2(4)^3(12)^1/group.4077
work/ext6b/3s2-2__group.743__C	67c34e5787ba323e527dd01993e388d4	carat/tables/qcatalog/dim6/dir.3;2-2;1/ordnung.96/(2)^6(4)^5(12)^1/group.4342
work/ext6b/4-1s1__group.777__X0101	67d19115c15c3e516055f4d9cbdeaa0b	carat/tables/qcatalog/dim6/dir.4-1;1;1/ordnung.128/(2)^8(4)^8(8)^2/group.4644
work/ext6b/2-1s2-1s1__group.316__X1101	67fee5a438a7147ad5f6cdb92e69d260	carat/tables/qcatalog/dim6/dir.2-1;2-1;1;1/ordnung.64/(2)^4(4)^4(8)^2/group.1458
work/ext6b/4-3s1__group.1007__X01	682532ad065f67eb5802edf46f4b0959	carat/tables/qcatalog/dim6/dir.4-3;1,1/ordnung.120/(1)^10(5)^6(50)^1/group.7175
work/ext6b/4-3ps1__group.1002__X11	683ebb7d69dcc896d90fff9ebfef3e44	carat/tables/qcatalog/dim6/dir.4-3';1;1/ordnung.20/(1)^4(5)^4(10)^2/group.7111
work/ext6b/2-1c2-1s1__group.223__X011	68418a034656ae27b933e68cf88c670d	carat/tables/qcatalog/dim6/dir.2-1,2-1;1;1/ordnung.16/(2)^2(8)^4/group.1094
work/ext6b/4-2s1__group.968__X11	686e54037faa93245f7abe89b8ba8bae	carat/tables/qcatalog/dim6/dir.4-2;1;1/ordnung.72/(1)^6(3)^2(6)^2/group.6262
work/ext6b/4-1s1__group.776__X0100	68812f8cacdbb6052212573a43b82d4b	carat/tables/qcatalog/dim6/dir.4-1;1,1/ordnung.128/(2)^8(4)^8(8)^1/group.4461
work/ext6b/4-2s1__group.965__T	68893f0b1edaab9d14a4ab9b1c8074fb	carat/tables/qcatalog/dim6/dir.4-2;1;1/ordnung.72/(1)^5(3)^8(9)^3(18)^2/group.6251
work/ext6b/4-2s1__group.993__X1111	68941d0a137db4a3a2b32210812263ad	carat/tables/qcatalog/dim6/dir.4-2;1;1/ordnung.96/(2)^10(6)^8/group.6298
work/ext6b/4-2s1__group.936__C	6894d63730561f1e6ec58937f2815e24	carat/tables/qcatalog/dim6/dir.4-2;1;1/ordnung.576/(1)^8(3)^8(18)^2/group.6236
work/ext6b/5-2__group.1035__X01	68a3667dc62c1354c97ca653e677b026	carat/tables/qcatalog/dim6/dir.5-2;1/ordnung.120/(1)^16(2)^1(6)^8(18)^1/group.7385
work/ext6b/1s1s1s1s1__group.218__T	68a516d617f954df82b34caf74e6048d	carat/tables/qcatalog/dim6/dir.1;1;1;1;1;1/ordnung.16/(2)^2(4)^2(8)^2/group.1070
work/ext6b/4-1s1__group.777__X1110	68a699c4a77d2c5b1a49bb87c660a6e5	carat/tables/qcatalog/dim6/dir.4-1;1;1/ordnung.128/(2)^8(4)^8(8)^2/group.4638
work/ext6b/2-2s2-1s1__group.492__T	68b7a89371619d4445d237537b345faa	carat/tables/qcatalog/dim6/dir.2-2;2-1;1;1/ordnung.48/(1)^4(2)^4(24)^2/group.2267
work/ext6b/4-2s1__group.954__X010	68b9b1e76f308022d9ff0d81ad13b064	carat/tables/qcatalog/dim6/dir.4-2;1,1/ordnung.48/(2)^5(6)^4/group.5964
work/ext6b/4-2s1__group.957__X010	68beb4cbf5ef7ea65948cf0687386754	carat/tables/qcatalog/dim6/dir.4-2;1;1/ordnung.48/(2)^10(6)^8/group.6199
work/ext6b/4-2s1__group.972__X10	6908e7cb7775e2b559185505c0ace6ef	carat/tables/qcatalog/dim6/dir.4-2;1;1/ordnung.72/(1)^6(3)^8(9)^2(18)^2/group.6268
work/ext6b/2-1s1c1s1__group.238__X1010	69098869d6c1dd5b104675c2a7d7d1b1	carat/tables/qcatalog/dim6/dir.2-1;1,1;1;1/ordnung.32/(2)^4(4)^2(8)^1/group.1182
work/ext6b/3s2-2__group.714__X10	6919f4d46ab6e2dc7f7017d19fa5359e	carat/tables/qcatalog/dim6/dir.3;2-2;1/ordnung.144/(1)^8(2)^1(4)^2(12)^2(72)^1/group.4105
work/ext6b/2-2s2-2s1__group.606__X101	692ef1a7fe5e4be50fbb707e2e837043	carat/tables/qcatalog/dim6/dir.2-2;2-2;1;1/ordnung.72/(1)^5(3)^1(6)^2/group.3100
work/ext6b/2-1s2-1s1__group.296__X001	69309e293f27dfed3344085fad458317	carat/tables/qcatalog/dim6/dir.2-1;2-1;1;1/ordnung.32/(2)^4(4)^4(8)^2/group.1408
work/ext6b/2-2s2-1s1__group.453__X101	693577f8e119a16ee96490eac6f15888	carat/tables/qcatalog/dim6/dir.2-2;2-1;1;1/ordnung.48/(1)^2(2)^4(4)^1(12)^1/group.2129
work/ext6b/3s2-2__group.740__X001	693b45fcb090ed07a7e44099a24ee5ad	carat/tables/qcatalog/dim6/dir.3;2-2;1/ordnung.288/(1)^8(2)^2(4)^2(12)^2/group.4244
work/ext6b/4-1s1__group.840__X10	693ff39bd5d852eb1dbe44d7c83981e5	carat/tables/qcatalog/dim6/dir.4-1;1,1/ordnung.48/(2)^3(4)^2/group.4529
work/ext6b/2-2s2-2s1__group.551__X100	69633c61ca04db7ae6195c2ad54abbf4	carat/tables/qcatalog/dim6/dir.2-2;2-2;1;1/ordnung.24/(2)^5(6)^4(18)^1/group.2925
work/ext6b/2-1s1s1s1__group.260__X111	696da84d40da11a79019f44c2fbc659d	carat/tables/qcatalog/dim6/dir.2-1;1;1;1;1/ordnung.16/(2)^2(8)^4/group.1195
work/ext6b/4-1s1__max.11__C	696e7f19f4fe0ab411bfc20b1a003186	carat/tables/qcatalog/dim6/dir.4-1;1;1/ordnung.4608/(1)^8(2)^10/group.4797
work/ext6b/2-2s2-1s1__group.469__X101	697b8b50f382815ca8465d597b53278a	carat/tables/qcatalog/dim6/dir.2-2;2-1;1;1/ordnung.48/(1)^4(4)^2(12)^2/group.2300
work/ext6b/4-3s1__group.1020__C	6984c3b09263c457219799f4a15f74b9	carat/tables/qcatalog/dim6/dir.4-3;1;1/ordnung.80/(1)^6(5)^10(10)^2/group.7232
work/ext6b/4-2s1__group.922__X001	698eb3582083e583b195abcaf798a409	carat/tables/qcatalog/dim6/dir.4-2;1,1/ordnung.144/(1)^9(3)^7(6)^1/group.5931
work/ext6b/2-2s2-1s1__group.430__X01	69b7a19b3386901450dc1c960c6dc18e	carat/tables/qcatalog/dim6/dir.2-2;2-1;1;1/ordnung.24/(1)^4(2)^2(12)^2/group.2082
work/ext6b/2-2s2-1s1__group.428__X01	69c52c641f3dc1b47862faf36af63a8e	carat/tables/qcatalog/dim6/dir.2-2;2-1;1;1/ordnung.24/(1)^4(4)^1(12)^2(36)^1/group.2098
work/ext6b/4-3s1__group.1005__T	69ca308f362ac7460aa77f3da2b8830c	carat/tables/qcatalog/dim6/dir.4-3;1;1/ordnung.120/(1)^11(5)^5(10)^1(50)^1/min.638
work/ext6b/5-1__group.1025__T	69d01e52dd24849ea723bc5aad6f6590	carat/tables/qcatalog/dim6/dir.5-1;1/ordnung.160/(1)^8(2)^2(4)^16/group.7350
work/ext6b/3s1s1__group.672__X100	6a07a571238b6a12cb47a9e3f7e637f4	carat/tables/qcatalog/dim6/dir.3;1;1;1/ordnung.96/(1)^4(4)^8/group.3878
work/ext6b/2-1s2-1s1__group.276__X11	6a2925314ed47961f068a9b942ca74df	carat/tables/qcatalog/dim6/dir.2-1;2-1;1;1/ordnung.16/(2)^4(8)^4/min.268
work/ext6b/2-2s2-2s1__group.591__X001	6a64dca31d9161cbc7b6ee444b4eec29	carat/tables/qcatalog/dim6/dir.2-2;2-2;1,1/ordnung.36/(1)^3(3)^5(6)^1/group.2766
work/ext6b/2-2s2-2s1__group.556__X10100	6a833d99efb7fa08fa7f2303e5d604a6	carat/tables/qcatalog/dim6/dir.2-2;2-2;1;1/ordnung.288/(1)^6(3)^2(6)^2/group.2945
work/ext6b/3s2-2__group.737__X001	6a8c9512f5a60265891473383702ad6b	carat/tables/qcatalog/dim6/dir.3;2-2;1/ordnung.288/(1)^8(2)^2(4)^1(12)^2(36)^1/group.4203
work/ext6b/3s2-2__group.719__C	6a9bd2910a8b3d07930d0148606a45dd	carat/tables/qcatalog/dim6/dir.3;2-2;1/ordnung.288/(1)^8(2)^2(4)^2(12)^2/group.4219
work/ext6b/2-2s2-2s1__group.556__C	6abe0d2173629e784802c80a4af31952	carat/tables/qcatalog/dim6/dir.2-2;2-2;1;1/ordnung.576/(1)^6(3)^2(6)^2/group.3019
work/ext6b/3s2-2__group.753__X10	6ac2b121c2d54a21f492ff0e536a57ef	carat/tables/qcatalog/dim6/dir.3;2-2;1/ordnung.72/(1)^6(2)^2(4)^1(12)^3/group.4323
work/ext6b/3s1s1__group.654__C	6ac978d6f0eac87608f91e8b83b65340	carat/tables/qcatalog/dim6/dir.3;1;1;1/ordnung.96/(1)^4(2)^2(4)^4(8)^2/group.3852
work/ext6b/2-1s1c1s1__group.230__X011	6ad3818c042ef3e5e9d2a44c8bdd03bf	carat/tables/qcatalog/dim6/dir.2-1;1,1;1;1/ordnung.16/(2)^4(8)^2(32)^1/group.1160
work/ext6b/4-3s1__group.1006__T	6ad6b7808623a79f36283b44fc2cb075	carat/tables/qcatalog/dim6/dir.4-3;1,1/ordnung.120/(1)^10(5)^6(50)^1/group.7174
work/ext6b/4-1s1__group.836__X01	6b0f66492c8d830dabceb6309d45daef	carat/tables/qcatalog/dim6/dir.4-1;1;1/ordnung.384/(1)^4(2)^12(8)^2/group.4784
work/ext6b/3s2-1__min.136__T	6b1721272a6d14c531b7040d8394bc2f	carat/tables/qcatalog/dim6/dir.3;2-1;1/ordnung.48/(1)^2(2)^2(4)^6(8)^2/min.455
work/ext6b/4-1s1__group.868__X001	6b23f236271ab148d14608b4e2f46af6	carat/tables/qcatalog/dim6/dir.4-1;1;1/ordnung.64/(2)^8(4)^8(8)^2/group.4891
work/ext6b/2-2s2-1s1__group.457__X111	6b76ad43264483381cf9205d892eca82	carat/tables/qcatalog/dim6/dir.2-2;2-1;1;1/ordnung.48/(1)^2(2)^4(8)^1(24)^1/group.2144
work/ext6b/2-1s2-1s1__group.314__C	6b9af1175ca024565ea2bd29e4236964	carat/tables/qcatalog/dim6/dir.2-1;2-1;1;1/ordnung.64/(2)^2(4)^6(8)^2/group.1436
work/ext6b/2-1s1c1s1__group.237__X011	6ba0732f802d82b58f38e9785de11bf7	carat/tables/qcatalog/dim6/dir.2-1;1,1;1;1/ordnung.16/(2)^1(4)^2(8)^2/group.1138
work/ext6b/2-2s2-2s1__group.521__X11	6ba378d310836329cd9cc31c20eca85b	carat/tables/qcatalog/dim6/dir.2-2;2-2;1,1/ordnung.12/(2)^3(6)^2/group.2702
work/ext6b/4-1ps1__group.762__C	6ba4012b0a9b0345e89b1da1042ccc7f	carat/tables/qcatalog/dim6/dir.4-1';1;1/ordnung.32/(2)^2(4)^6(8)^2/group.4414
work/ext6b/4-1s1__group.875__X011	6bd9cff477f3581eb5cf03d0befe9c64	carat/tables/qcatalog/dim6/dir.4-1;1;1/ordnung.64/(2)^8(4)^8(8)^2/group.4879
work/ext6b/3s2-1__group.681__C	6be851f97e35619a04c2bc398bb40c28	carat/tables/qcatalog/dim6/dir.3;2-1;1/ordnung.384/(1)^4(2)^4(4)^6/group.3981
work/ext6b/4-1s1__min.143__X01	6bf7d8ea49efdfe52ed7b995d9643f5b	carat/tables/qcatalog/dim6/dir.4-1;1;1/ordnung.16/(2)^2(4)^4(8)^4/min.493
work/ext6b/2-2s2-2s1__group.570__X11	6bfe8ad6bc02dec0f8c19252bfdcb126	carat/tables/qcatalog/dim6/dir.2-2;2-2;1;1/ordnung.36/(1)^2(3)^6(18)^2/group.2964
work/ext6b/2-2s1s1s1__group.390__C	6c01cb0b62456b92e63f0cf8228a7138	carat/tables/qcatalog/dim6/dir.2-2;1;1;1;1/ordnung.48/(1)^4(2)^2(12)^2/group.1865
work/ext6b/3s2-2__max.10__X0100	6c03bf76022d03ffb75489f6b8037e39	carat/tables/qcatalog/dim6/dir.3;2-2;1/ordnung.576/(1)^8(2)^2(4)^2(12)^2/group.4292
work/ext6b/2-2s2-1s1__group.494__X011	6c0aa7eccf8d4563b2851a03cfd64241	carat/tables/qcatalog/dim6/dir.2-2;2-1;1;1/ordnung.48/(1)^4(2)^4(12)^2/group.2253
work/ext6b/2-2s2-2s1__group.576__C	6c0df4659e4bfc2780b0b63ab4ca8bad	carat/tables/qcatalog/dim6/dir.2-2;2-2;1;1/ordnung.72/(1)^4(3)^2(6)^1(18)^1/group.3051
work/ext6b/2-1s1c1s1__group.234__X011	6c125de5ed5b469134eeecc303bec113	carat/tables/qcatalog/dim6/dir.2-1;1,1;1;1/ordnung.16/(2)^4(8)^3/group.1163
work/ext6b/2-2s1c1s1__group.367__X110	6c21420f178b888484301956626abba2	carat/tables/qcatalog/dim6/dir.2-2;1,1;1;1/ordnung.24/(1)^4(2)^1(6)^1(24)^1/group.1778
work/ext6b/2-1s1s1s1__group.261__X111	6c2248f9a0f11c63b46ef355e382b879	carat/tables/qcatalog/dim6/dir.2-1;1;1;1;1/ordnung.16/(2)^1(4)^4(8)^1/min.243
work/ext6b/2-2s2-1s1__group.415__X11	6c254ef6b20e0a2e74d271f08ff20384	carat/tables/qcatalog/dim6/dir.2-2;2-1;1;1/ordnung.24/(1)^2(2)^4(8)^1(24)^1/group.2066
work/ext6b/4-2s1__group.986__X10	6c27ef6c569e405f3bf30e7150ae8701	carat/tables/qcatalog/dim6/dir.4-2;1;1/ordnung.72/(1)^7(3)^8(9)^1(18)^2/group.6291
work/ext6b/1c1c1c1s1__group.207__C	6c29df4c3766cfda06429fb661511af8	carat/tables/qcatalog/dim6/dir.1,1,1,1;1;1/ordnung.8/(2)^2(16)^1/group.1046
work/ext6b/4-1s1__group.822__C	6c5db4ecc89a14667585258e2f3e6444	carat/tables/qcatalog/dim6/dir.4-1;1;1/ordnung.64/(2)^2(4)^14(8)^2/group.4838
work/ext6b/2-2s2-2s1__group.633__X001	6c66bbcfcbf99bd3af3ff91d2cd64401	carat/tables/qcatalog/dim6/dir.2-2;2-2;1,1/ordnung.72/(1)^5(3)^3(6)^1/group.2812
work/ext6b/1c1s1s1s1__group.215__X101	6c761ea5ee334b1c68aed63e10366506	carat/tables/qcatalog/dim6/dir.1,1;1;1;1;1/ordnung.8/(2)^2(4)^2(32)^1/min.193
work/ext6b/2-2s2-2s1__group.592__C	6c792b6cddc41d0ba4ee073e00887459	carat/tables/qcatalog/dim6/dir.2-2;2-2;1;1/ordnung.72/(1)^5(3)^3(6)^1(18)^1/group.3146
work/ext6b/2-2s2-1s1__group.416__C	6c890df1d8e3b608ea7c2008f1b2b2e2	carat/tables/qcatalog/dim6/dir.2-2;2-1;1;1/ordnung.48/(1)^2(2)^4(4)^1(12)^1/group.2121
work/ext6b/2-1s2-1s1__group.294__C	6c90e925b70fa0f47512072e7571fb3a	carat/tables/qcatalog/dim6/dir.2-1;2-1;1;1/ordnung.64/(2)^4(4)^4/group.1445
work/ext6b/4-1ps1__group.764__X011	6c9728246f3da23f9f1f998128dd45e9	carat/tables/qcatalog/dim6/dir.4-1';1;1/ordnung.32/(2)^2(4)^4(8)^4/group.4413
work/ext6b/3s2-1__group.677__X100	6cc5b680b829a953a3aaa3cc2b0e7c19	carat/tables/qcatalog/dim6/dir.3;2-1;1/ordnung.192/(1)^4(2)^4(4)^6/group.3938
work/ext6b/4-1s1__group.892__X110	6cd2736acd4e657de7ecaf59e7232c8f	carat/tables/qcatalog/dim6/dir.4-1;1;1/ordnung.96/(2)^10(6)^8/group.4915
work/ext6b/3s2-2__min.140__T	6cd30d69b4149a931f60f2d0bbd301d9	carat/tables/qcatalog/dim6/dir.3;2-2;1/ordnung.12/(2)^3(4)^6(24)^3/min.463
work/ext6b/4-1s1__group.815__X11	6cfac77a2b5f064b9938da92edda2c21	carat/tables/qcatalog/dim6/dir.4-1;1,1/ordnung.32/(2)^4(4)^4(8)^1/group.4517
work/ext6b/2-2s2-2s1__group.583__X100	6cfb8d1f93c8119dabe3094906489e97	carat/tables/qcatalog/dim6/dir.2-2;2-2;1;1/ordnung.36/(1)^4(3)^4(18)^2/group.3005
work/ext6b/4-2s1__group.902__X0101	6cffc824e6143f7f8212b2cb8c3efd29	carat/tables/qcatalog/dim6/dir.4-2;1;1/ordnung.144/(1)^6(3)^8(9)^2(18)^2/group.6042
work/ext6b/2-2s2-2s1__group.585__X001	6d1a895b593e52db5353c42a2f169061	carat/tables/qcatalog/dim6/dir.2-2;2-2;1,1/ordnung.36/(1)^3(3)^4(9)^1(18)^1/group.2761
work/ext6b/3s2-1__group.686__X1011	6d6c5f4b046d0940c11857d581810306	carat/tables/qcatalog/dim6/dir.3;2-1;1/ordnung.384/(1)^4(2)^4(4)^4(8)^2/group.3968
work/ext6b/2-1s2-1s1__group.284__X010	6d88c2268324b023e3d07a80933d7fb9	carat/tables/qcatalog/dim6/dir.2-1;2-1;1;1/ordnung.16/(2)^2(4)^4(8)^4/group.1333
work/ext6b/2-2s2-1s1__group.463__X111	6d89af9885478db81664ae6e637a56fa	carat/tables/qcatalog/dim6/dir.2-2;2-1;1,1/ordnung.48/(1)^4(2)^1(6)^1(24)^1/group.1972
work/ext6b/2-2s2-2s1__group.534__C	6d9eb29446f923b08dfce18d8ad9cc9e	carat/tables/qcatalog/dim6/dir.2-2;2-2;1;1/ordnung.288/(1)^6(3)^2(6)^2/group.2941
work/ext6b/3s2-1__group.686__X1100	6dc22aba355aa2d6b1e17d62f28fd2b4	carat/tables/qcatalog/dim6/dir.3;2-1;1/ordnung.384/(1)^4(2)^4(4)^6/group.3973
work/ext6b/3s2-2__group.739__X111	6dede12fa65cf5afb0369a172e35a385	carat/tables/qcatalog/dim6/dir.3;2-2;1/ordnung.288/(1)^8(2)^2(4)^2(12)^2/group.4230
work/ext6b/4-2s1__group.908__X10	6dfca4c6045d2129b549892dae33de0f	carat/tables/qcatalog/dim6/dir.4-2;1;1/ordnung.144/(1)^8(3)^8(18)^2/group.6087
work/ext6b/4-2ps1__group.897__X01	6e192f03de9057939b35a94b66d0b3b1	carat/tables/qcatalog/dim6/dir.4-2';1;1/ordnung.24/(2)^6(6)^4/group.5863
work/ext6b/4-2ps1__group.896__C	6e21c25f35bde8f4cf5709bd6e5007aa	carat/tables/qcatalog/dim6/dir.4-2';1;1/ordnung.48/(2)^6(6)^4/group.5870
work/ext6b/2-2s2-2s1__group.561__X01	6e31d131d1953d23e73ff4425b154cad	carat/tables/qcatalog/dim6/dir.2-2;2-2;1,1/ordnung.36/(1)^2(3)^3(9)^1(18)^1/group.2738
work/ext6b/2-2s2-2s1__group.530__X1000	6e38fb4b4a88efcf77edf84b79039c15	carat/tables/qcatalog/dim6/dir.2-2;2-2;1,1/ordnung.144/(1)^4(3)^4(18)^1/group.2709
work/ext6b/2-1s1s1s1__group.260__C	6e6e68f6a830e09da3a226f08bb006cf	carat/tables/qcatalog/dim6/dir.2-1;1;1;1;1/ordnung.32/(2)^2(4)^2(8)^2/group.1210
work/ext6b/2-2s2-2s1__group.534__X0111	6e7d39f06db7a9f13ad4c1f423f7536b	carat/tables/qcatalog/dim6/dir.2-2;2-2;1;1/ordnung.144/(1)^6(3)^2(6)^2/group.2901
work/ext6b/2-2s2-1s1__group.506__X0011	6e85eea0f11b3529482971b42be114cb	carat/tables/qcatalog/dim6/dir.2-2;2-1;1;1/ordnung.96/(1)^4(4)^2(12)^2/group.2443
work/ext6b/3s2-2__group.715__X10	6e8657ed5c16cc681a4062bc439e4442	carat/tables/qcatalog/dim6/dir.3;2-2;1/ordnung.144/(1)^8(2)^2(4)^2(12)^2/group.4133
work/ext6b/2-2s2-1s1__group.440__X01	6ecb2c0a04a84dbce789bc510a0bcae2	carat/tables/qcatalog/dim6/dir.2-2;2-1;1,1/ordnung.24/(1)^4(2)^1(6)^3(24)^1/group.1947
work/ext6b/2-2s2-1s1__min.123__T	6edb0f71a80b1e711a0877cc83a29be3	carat/tables/qcatalog/dim6/dir.2-2;2-1;1,1/ordnung.12/(1)^2(2)^1(6)^1(72)^1/min.359
work/ext6b/3s2-2__group.737__X011	6ee5685634cd9fa555c1001984fd4e13	carat/tables/qcatalog/dim6/dir.3;2-2;1/ordnung.288/(1)^8(2)^2(4)^2(12)^2/group.4242
work/ext6b/4-1s1__group.847__X11	6f05a18e6f304c3b90657451d80364ed	carat/tables/qcatalog/dim6/dir.4-1;1;1/ordnung.48/(2)^10(6)^8/group.4805
work/ext6b/2-2c2-2s1__group.331__X01	6f2a9ee102c72e214a50bced1c429f8f	carat/tables/qcatalog/dim6/dir.2-2,2-2;1,1/ordnung.12/(2)^3(6)^2/group.1639
work/ext6b/4-2s1__group.955__X111	6f30a236d05d8266cae122590bb39188	carat/tables/qcatalog/dim6/dir.4-2;1;1/ordnung.48/(2)^6(6)^4/group.6213
work/ext6b/4-1s1__group.875__X111	6f34c215d455482c6b285434c287076a	carat/tables/qcatalog/dim6/dir.4-1;1;1/ordnung.64/(2)^8(4)^8(8)^2/group.4878
work/ext6b/2-2s2-1s1__group.482__X011	6f36ff395eff71daea00622fc9f7daf0	carat/tables/qcatalog/dim6/dir.2-2;2-1;1;1/ordnung.48/(1)^4(2)^4(24)^2/group.2285
work/ext6b/2-1s1c1s1__min.81__T	6f3e39c63706bb9a1254c6eacdf794e0	carat/tables/qcatalog/dim6/dir.2-1;1,1;1,1/ordnung.4/(2)^2(16)^2/min.225
work/ext6b/2-1s1c1s1__group.235__X001	6f4d5dc36b9eac857f8092b40454efb7	carat/tables/qcatalog/dim6/dir.2-1;1,1;1;1/ordnung.16/(2)^4(4)^2(32)^1/group.1151
work/ext6b/2-2s2-2s1__group.532__X0101	6f5235ad79950547918d6ffc57f1cb49	carat/tables/qcatalog/dim6/dir.2-2;2-2;1;1/ordnung.144/(1)^6(3)^2(6)^2/group.2899
work/ext6b/3s2-1__group.689__X01	6f7f6582f189c3e443fcecd13dde5342	carat/tables/qcatalog/dim6/dir.3;2-1;1/ordnung.96/(1)^2(2)^4(4)^6(8)^2/group.3997
work/ext6b/4-3s1__group.1021__T	6f8f23b2ce40f3d7dcdc7c554976c411	carat/tables/qcatalog/dim6/dir.4-3;1;1/ordnung.40/(1)^5(5)^11(10)^1(50)^1/group.7213
work/ext6b/4-1s1__group.770__X010	6f930b7da6f0cce1cb02aaa58cf8e4b3	carat/tables/qcatalog/dim6/dir.4-1;1;1/ordnung.128/(2)^12(4)^4(8)^2/group.4597
work/ext6b/2-2s2-2s1__group.587__X11	6fa6ea33b1a6ddc5c58fa895606fbd4f	carat/tables/qcatalog/dim6/dir.2-2;2-2;1,1/ordnung.36/(1)^4(3)^2(6)^1/group.2768
work/ext6b/2-1c2-1s1__min.76__T	6faedb35ea6006399a780200f174451f	carat/tables/qcatalog/dim6/dir.2-1,2-1;1,1/ordnung.8/(2)^1(4)^2(8)^2/min.208
work/ext6b/2-2s2-2s1__group.614__X010	6faf7ebd5f324c097970d6ac1e1d6fb7	carat/tables/qcatalog/dim6/dir.2-2;2-2;1;1/ordnung.72/(1)^5(3)^3(6)^1(18)^1/group.3119
work/ext6b/4-2s1__group.959__X111	6fc69a9ce4ce2bd49a601ef8749cc3d2	carat/tables/qcatalog/dim6/dir.4-2;1;1/ordnung.48/(2)^10(6)^8/group.6190
work/ext6b/2-2s2-2s1__group.612__X110	6fccca9303faaeed48e2145d4ce8b793	carat/tables/qcatalog/dim6/dir.2-2;2-2;1;1/ordnung.72/(1)^5(3)^3(6)^1(18)^1/group.3121
work/ext6b/4-2s1__group.900__C	6fd9e1445cb99386838f283923707d04	carat/tables/qcatalog/dim6/dir.4-2;1;1/ordnung.288/(1)^6(3)^2(6)^2/group.6147
work/ext6b/2-2s1c1s1__group.346__T	700382d35fd388ed08b005fe5ae00bcb	carat/tables/qcatalog/dim6/dir.2-2;1,1;1;1/ordnung.12/(1)^2(3)^2(6)^2(72)^1/min.329
work/ext6b/3s2-1__group.682__X001	7012857e5e074c169d4e952ffc978c58	carat/tables/qcatalog/dim6/dir.3;2-1;1/ordnung.192/(1)^4(2)^4(4)^4(8)^2/group.3921
work/ext6b/4-2s1__group.935__X1110	701ead5303a0137ae30b00c76a9738bc	carat/tables/qcatalog/dim6/dir.4-2;1;1/ordnung.288/(1)^8(3)^8(18)^2/group.6170
work/ext6b/3s2-2__group.745__X10	702052bf222b9135c4d08332c25755cb	carat/tables/qcatalog/dim6/dir.3;2-2;1/ordnung.48/(2)^10(4)^1(12)^2(36)^1/group.4265
work/ext6b/2-2s2-1s1__group.507__X1011	70329898d98ef77527812fec6f531c0f	carat/tables/qcatalog/dim6/dir.2-2;2-1;1;1/ordnung.96/(1)^4(2)^3(6)^1(12)^1(36)^1/group.2340
work/ext6b/4-1s1__group.770__X101	70329daeeff785777773541148cc4b05	carat/tables/qcatalog/dim6/dir.4-1;1,1/ordnung.128/(2)^12(4)^4(8)^1/group.4456
work/ext6b/2-2c2-2s1__min.102__T	7053c5183f664216f3df654084f4d518	carat/tables/qcatalog/dim6/dir.2-2,2-2;1;1/ordnung.6/(6)^6/min.302
work/ext6b/4-3ps1__group.999__X10	705d698cea6ce50ceb88c9a85dbc51b6	carat/tables/qcatalog/dim6/dir.4-3';1,1/ordnung.20/(1)^2(5)^2(10)^1/group.7096
work/ext6b/3s2-2__group.714__X11	70a1480e050edefefa6183a59034e388	carat/tables/qcatalog/dim6/dir.3;2-2;1/ordnung.144/(1)^8(2)^2(4)^1(12)^2(36)^1/group.4131
work/ext6b/2-2s2-2s1__group.610__X100	70af757631166dd1c43f3f1752b1c603	carat/tables/qcatalog/dim6/dir.2-2;2-2;1;1/ordnung.72/(1)^5(3)^3(6)^1(18)^1/group.3127
work/ext6b/2-1s2-1s1__group.319__T	70afffe663344c7988cc603a529259d3	carat/tables/qcatalog/dim6/dir.2-1;2-1;1;1/ordnung.64/(2)^6(4)^2(8)^2/group.1485
work/ext6b/2-1s1c1s1__group.237__X111	70bfebf54be58061a1954dbb2825edb3	carat/tables/qcatalog/dim6/dir.2-1;1,1;1;1/ordnung.16/(2)^2(4)^2(8)^1/group.1145
work/ext6b/2-2s1c1c1__group.334__T	70d4d6955fe3092543acb3ff714ae75f	carat/tables/qcatalog/dim6/dir.2-2;1,1,1;1/ordnung.12/(1)^2(6)^2/group.1707
work/ext6b/2-2s2-1s1__group.495__X101	70e729d10052f4c7d06e327b912bbca5	carat/tables/qcatalog/dim6/dir.2-2;2-1;1;1/ordnung.48/(1)^4(2)^4(24)^2/group.2289
work/ext6b/2-2s2-1s1__group.507__X1100	70e97417eba919fd83627acda0e48a73	carat/tables/qcatalog/dim6/dir.2-2;2-1;1,1/ordnung.96/(1)^4(2)^1(6)^3(24)^1/group.2014
work/ext6b/2-2s2-2s1__group.569__X10	70f73092b0665e3a3375cdf289924820	carat/tables/qcatalog/dim6/dir.2-2;2-2;1;1/ordnung.36/(1)^2(3)^6(18)^2/group.2966
work/ext6b/2-2s2-2s1__group.562__X01	70fce18ccb12682bfc38c964448bda15	carat/tables/qcatalog/dim6/dir.2-2;2-2;1,1/ordnung.36/(1)^3(3)^3(18)^1/group.2756
work/ext6b/4-1s1__group.770__T	70fd7a360f17b45f9d169ca9e4c2d701	carat/tables/qcatalog/dim6/dir.4-1;1;1/ordnung.128/(2)^12(4)^4(8)^2/group.4604
work/ext6b/4-2s1__group.920__X01	71002b40cc60bf770623bded65021401	carat/tables/qcatalog/dim6/dir.4-2;1,1/ordnung.144/(1)^9(3)^7(6)^1/group.5929
work/ext6b/2-2s2-2s1__group.529__X0011	712a6cb4e57c06b90c1fd6927aecb383	carat/tables/qcatalog/dim6/dir.2-2;2-2;1;1/ordnung.144/(1)^5(3)^3(6)^1(18)^1/group.2858
work/ext6b/2-2s2-2s1__group.609__X110	713e992420e85e99549e3054c23e4f3f	carat/tables/qcatalog/dim6/dir.2-2;2-2;1;1/ordnung.72/(1)^5(3)^1(6)^2/group.3101
work/ext6b/2-1s2-1s1__group.275__X10111	7150bca1ecf3fd39ff3870324f35a483	carat/tables/qcatalog/dim6/dir.2-1;2-1;1;1/ordnung.128/(2)^6(4)^2(8)^2/group.1313
work/ext6b/4-2s1__max.12__X0011	7155b97e524b63a0fd9da35894a6bfa6	carat/tables/qcatalog/dim6/dir.4-2;1;1/ordnung.576/(1)^10(3)^6(6)^2/group.6227
work/ext6b/2-2s2-1s1__group.475__C	71584f53ac5f85fd7526e6c25b68041f	carat/tables/qcatalog/dim6/dir.2-2;2-1;1;1/ordnung.96/(1)^4(2)^3(6)^1(12)^1(36)^1/group.2334
work/ext6b/2-2s1c1c1__group.335__X11	715c4e3b1f02929364150fb641363e0d	carat/tables/qcatalog/dim6/dir.2-2;1,1,1,1/ordnung.12/(1)^2(3)^2(36)^1/group.1688
work/ext6b/3s2-1__group.679__X001	715ff7eaa13e7eea61db90fcca046e9c	carat/tables/qcatalog/dim6/dir.3;2-1;1/ordnung.192/(1)^4(2)^4(4)^6/group.3940
work/ext6b/3s2-2__group.737__T	7180f148fc7eca695118cb260ba9518f	carat/tables/qcatalog/dim6/dir.3;2-2;1/ordnung.288/(1)^8(2)^1(4)^3(12)^1(24)^1/group.4194
work/ext6b/2-2s2-2s1__group.557__X10	719d854caac4e48161df999831546fab	carat/tables/qcatalog/dim6/dir.2-2;2-2;1;1/ordnung.36/(3)^4(6)^2/group.3008
work/ext6b/3s2-2__group.704__T	71a698de8dd007026c3c8db479fee1dc	carat/tables/qcatalog/dim6/dir.3;2-2;1/ordnung.144/(1)^6(2)^2(4)^1(12)^3/group.4071
work/ext6b/2-2s1c1s1__group.355__X01	71b9dacff1b3e1f550f699de4752a8ff	carat/tables/qcatalog/dim6/dir.2-2;1,1;1;1/ordnung.12/(1)^2(6)^2(24)^1/min.333
work/ext6b/3s1s1__group.649__X1111	71e372911bd45d837109ae09b7fcbfb1	carat/tables/qcatalog/dim6/dir.3;1;1;1/ordnung.192/(1)^4(2)^2(4)^6/group.3838
work/ext6b/2-1s2-1s1__group.278__X01	71e5a07dc430079dadf5d87ede989ffb	carat/tables/qcatalog/dim6/dir.2-1;2-1;1;1/ordnung.16/(2)^4(8)^4/min.269
work/ext6b/2-2s2-2s1__group.616__X011	71f18e0bbdd4736fdc0e35face0e5875	carat/tables/qcatalog/dim6/dir.2-2;2-2;1;1/ordnung.72/(1)^5(3)^3(6)^1(18)^1/group.3106
work/ext6b/4-3s1__group.1018__X10	7207660ea384f7b1427b37de54fa159b	carat/tables/qcatalog/dim6/dir.4-3;1,1/ordnung.240/(1)^11(5)^5(10)^1/group.7184
work/ext6b/2-2s2-1s1__group.425__C	7250c9336983ee72684e7eb9b4996e80	carat/tables/qcatalog/dim6/dir.2-2;2-1;1;1/ordnung.48/(1)^4(2)^1(6)^1(12)^1(36)^1/group.2155
work/ext6b/2-1s1c1c1__group.224__X010	7256013c73b6d99d696da892c845ec53	carat/tables/qcatalog/dim6/dir.2-1;1,1,1,1/ordnung.16/(2)^4(16)^1/group.1102
work/ext6b/2-1s2-1s1__group.281__X01	726eae6eac4c9a233027aedc04ad7fc1	carat/tables/qcatalog/dim6/dir.2-1;2-1;1;1/ordnung.16/(2)^2(4)^2(8)^2/group.1324
work/ext6b/4-2s1__group.923__X110	7289d400240dbf1772568c084f01c461	carat/tables/qcatalog/dim6/dir.4-2;1;1/ordnung.144/(1)^10(3)^6(6)^2/group.6026
work/ext6b/2-2s2-2s1__group.571__X11	72acf612ea355bdee1d6956db98583ac	carat/tables/qcatalog/dim6/dir.2-2;2-2;1;1/ordnung.36/(1)^3(3)^5(6)^1(18)^1/group.2989
work/ext6b/2-2s2-1s1__group.408__X01111	72ce54d617dbd57410b6ecb24dcbafba	carat/tables/qcatalog/dim6/dir.2-2;2-1;1;1/ordnung.192/(1)^4(2)^4(12)^2/group.2048
work/ext6b/2-2s2-2s1__group.600__X101	72cf74be715650a5c25a09e5d9a49aab	carat/tables/qcatalog/dim6/dir.2-2;2-2;1;1/ordnung.72/(1)^4(3)^2(6)^1(18)^1/group.3058
work/ext6b/2-1s2-1s1__group.313__X0010	72d6ec08100ec20771474378d5ce7275	carat/tables/qcatalog/dim6/dir.2-1;2-1;1,1/ordnung.32/(2)^1(4)^6(8)^2/group.1271
work/ext6b/2-2s2-2s1__group.544__X100	72da49461081125c453f55ffe5feab72	carat/tables/qcatalog/dim6/dir.2-2;2-2;1;1/ordnung.18/(3)^8(18)^2/min.412
work/ext6b/4-1s1__group.847__T	72ee0757d4af6f816d3f3db68575d1bb	carat/tables/qcatalog/dim6/dir.4-1;1;1/ordnung.48/(2)^10(6)^8/group.4800
work/ext6b/2-2s2-2s1__group.601__T	72fa72d61c36fcc39d34553099b2ee29	carat/tables/qcatalog/dim6/dir.2-2;2-2;1;1/ordnung.72/(1)^4(3)^4(18)^2/group.3064
work/ext6b/3s1s1__group.657__X11	73485707bb8a33d34d5734a263719a01	carat/tables/qcatalog/dim6/dir.3;1;1;1/ordnung.48/(1)^4(2)^2(4)^4(8)^2/min.445
work/ext6b/4-2s1__group.983__X011	736b078e4c2f95dff69d7847a7a41e95	carat/tables/qcatalog/dim6/dir.4-2;1;1/ordnung.72/(1)^6(3)^8(9)^2(18)^2/group.6269
work/ext6b/2-2s2-2s1__group.547__C	736f54c91a7a2389f1bcd45b318242a3	carat/tables/qcatalog/dim6/dir.2-2;2-2;1;1/ordnung.36/(1)^3(3)^1(6)^1(18)^1/group.2970
work/ext6b/2-2s1s1s1__group.398__X1101	7370e559c457cbf26c307b189a053928	carat/tables/qcatalog/dim6/dir.2-2;1;1;1;1/ordnung.48/(1)^4(4)^1(12)^2(36)^1/group.1883
work/ext6b/3s1c1__group.648__C	7381ed66fd89b4e751cdf9cf4ffdb571	carat/tables/qcatalog/dim6/dir.3;1,1;1/ordnung.192/(1)^4(2)^2(4)^4(8)^1/group.3788
work/ext6b/2-1s2-1s1__group.285__C	73add68022333779b36f697ad47baf9b	carat/tables/qcatalog/dim6/dir.2-1;2-1;1;1/ordnung.32/(2)^2(4)^6(8)^2/group.1356
work/ext6b/2-2s1c1s1__group.349__C	73affc0ae31ed2c67186b23fbc9dc51c	carat/tables/qcatalog/dim6/dir.2-2;1,1;1;1/ordnung.24/(1)^3(3)^1(6)^2(24)^1/group.1762
work/ext6b/2-2s1s1s1__group.396__C	73c1591ee8016e9c43977f67e5f2baea	carat/tables/qcatalog/dim6/dir.2-2;1;1;1;1/ordnung.48/(1)^4(2)^2(12)^2/group.1879
work/ext6b/2-2s2-2s1__group.577__C	73c3a95a9b9f505df10ed29d22b4d7cb	carat/tables/qcatalog/dim6/dir.2-2;2-2;1;1/ordnung.72/(1)^4(3)^2(6)^1(18)^1/group.3054
work/ext6b/4-3s1__group.1010__T	73cbb5098c7da3726ead57eafd60b2c0	carat/tables/qcatalog/dim6/dir.4-3;1;1/ordnung.120/(1)^11(5)^5(10)^1(50)^1/min.637
work/ext6b/4-1s1__group.820__X01	73edd85e440c488806585b114e8584f6	carat/tables/qcatalog/dim6/dir.4-1;1;1/ordnung.32/(2)^2(4)^12(8)^4/group.4727
work/ext6b/2-1s2-1s1__group.310__X101	73ffb83376b6a003325a9a4046706c91	carat/tables/qcatalog/dim6/dir.2-1;2-1;1,1/ordnung.32/(2)^4(4)^4(8)^1/group.1293
work/ext6b/4-1s1__group.872__T	74150e7ee16cf80bd6e08633e169cdc1	carat/tables/qcatalog/dim6/dir.4-1;1,1/ordnung.64/(2)^8(4)^8(8)^1/group.4564
work/ext6b/4-1s1__group.793__X10	74181b942eea7d87f607b84ff3ff86a9	carat/tables/qcatalog/dim6/dir.4-1;1;1/ordnung.192/(2)^18/group.4680
work/ext6b/2-2s2-1s1__group.475__X111	741d660e37740e9728b543b5e0b3cfed	carat/tables/qcatalog/dim6/dir.2-2;2-1;1;1/ordnung.48/(1)^4(2)^3(6)^1(24)^1(72)^1/group.2212
work/ext6b/4-1s1__group.783__X001	741f3560ecaa726b7a029c505e882741	carat/tables/qcatalog/dim6/dir.4-1;1;1/ordnung.16/(2)^2(4)^2(8)^2/group.4649
work/ext6b/2-2s1s1s1__group.384__C	7439475cb84c5f56e442bc45c2f2df6c	carat/tables/qcatalog/dim6/dir.2-2;1;1;1;1/ordnung.48/(1)^4(2)^1(6)^1(12)^1(36)^1/group.1855
work/ext6b/2-2s1c1c1__group.339__X011	7464d3d2ae65a2deffeba366534c077c	carat/tables/qcatalog/dim6/dir.2-2;1,1,1;1/ordnung.24/(1)^3(3)^1(6)^2/group.1721
work/ext6b/5-2__group.1039__C	74a1864228adcea2d33d3d1b5bc0466c	carat/tables/qcatalog/dim6/dir.5-2;1/ordnung.720/(1)^16(2)^2(6)^8/group.7411
work/ext6b/3s2-2__group.735__X110	74a3f166d087b507c72e2f9d73f07c7d	carat/tables/qcatalog/dim6/dir.3;2-2;1/ordnung.288/(1)^8(2)^2(4)^2(12)^2/group.4217
work/ext6b/2-2s2-1s1__group.417__X11	74a86f6a226861ae8f71b3e56753d628	carat/tables/qcatalog/dim6/dir.2-2;2-1;1,1/ordnung.24/(1)^2(2)^4(24)^1/group.1926
work/ext6b/4-1s1__group.772__C	74c297bc35a084a5812d68d2657822ab	carat/tables/qcatalog/dim6/dir.4-1;1;1/ordnung.256/(2)^12(4)^6/group.4702
work/ext6b/2-2pc2-2ps1__group.328__X1	74cfaebfba9ee20f9d0013edcaac34b1	carat/tables/qcatalog/dim6/dir.2-2',2-2';1,1/ordnung.6/(6)^3/group.1612
work/ext6b/1c1c1c1s1__min.60__C	74f9c179f5a8e6ce0765d773309ea464	carat/tables/qcatalog/dim6/dir.1,1,1,1;1;1/ordnung.4/(2)^2(16)^1/min.176
work/ext6b/2-2s2-1s1__group.434__X01	753dacee97482dc80bafe0522b35b616	carat/tables/qcatalog/dim6/dir.2-2;2-1;1,1/ordnung.24/(1)^4(2)^1(6)^1(24)^1/group.1939
work/ext6b/3s2-1__group.690__X10	7568eb6e08ef8ad27f1da9574c581738	carat/tables/qcatalog/dim6/dir.3;2-1;1/ordnung.96/(1)^2(2)^2(4)^8/group.3989
work/ext6b/2-1s2-1s1__group.290__X010	75848fb7878db2ef4c3a3350451af551	carat/tables/qcatalog/dim6/dir.2-1;2-1;1;1/ordnung.32/(2)^4(4)^2(8)^2/group.1375
work/ext6b/2-2s2-1s1__group.484__X001	759ec1bb7930d7c10c4a82f4617cd573	carat/tables/qcatalog/dim6/dir.2-2;2-1;1,1/ordnung.48/(1)^4(2)^3(6)^1(24)^1/group.1996
work/ext6b/4-1s1__group.864__X10	75b9f61aa27e4d11702fb8cb3b1b589f	carat/tables/qcatalog/dim6/dir.4-1;1,1/ordnung.64/(2)^8(4)^8(8)^1/group.4554
work/ext6b/3s2-2__group.717__X11	75bbabd9af51cf2abf5130fbe4222364	carat/tables/qcatalog/dim6/dir.3;2-2;1/ordnung.144/(1)^8(2)^2(4)^2(12)^2/group.4141
work/ext6b/4-2s1__group.919__X10	75d674cbcbb6e5bbc4f7b4525ca9e105	carat/tables/qcatalog/dim6/dir.4-2;1,1/ordnung.144/(1)^9(3)^7(6)^1/group.5928
work/ext6b/3s2-2__group.738__X001	75fd1c11bcce4f911ddb655a6d2eb3af	carat/tables/qcatalog/dim6/dir.3;2-2;1/ordnung.288/(1)^8(2)^2(4)^1(12)^2(36)^1/group.4205
work/ext6b/4-2s1__group.902__X1010	760639e0d19993a352fbb1a0cfa1ef55	carat/tables/qcatalog/dim6/dir.4-2;1;1/ordnung.144/(1)^6(3)^8(9)^2(18)^2/group.6059
work/ext6b/3s2-2__group.721__C	7628356915d8b0231c073697c508d011	carat/tables/qcatalog/dim6/dir.3;2-2;1/ordnung.288/(1)^8(2)^2(4)^2(12)^2/group.4253
work/ext6b/2-2s2-1s1__group.513__X0101	763639594f4ed0396702ee03e742a45b	carat/tables/qcatalog/dim6/dir.2-2;2-1;1;1/ordnung.96/(1)^4(2)^4(12)^2/group.2364
work/ext6b/4-1s1__group.816__X01	7638784123f730b1bb6f7bd339c295af	carat/tables/qcatalog/dim6/dir.4-1;1,1/ordnung.32/(2)^4(4)^4(8)^1/group.4516
work/ext6b/4-2s1__group.907__T	764e55de9c59837921b4db27553ee377	carat/tables/qcatalog/dim6/dir.4-2;1;1/ordnung.144/(1)^8(3)^8(18)^2/group.6089
work/ext6b/3s2-2__group.733__C	7660a6ba9fa9723bb8c2f9f3f4d5d051	carat/tables/qcatalog/dim6/dir.3;2-2;1/ordnung.576/(1)^8(2)^2(4)^2(12)^2/group.4295
work/ext6b/2-2s2-1s1__group.429__X10	766caab007ed776aa91efcd4929941ec	carat/tables/qcatalog/dim6/dir.2-2;2-1;1;1/ordnung.24/(1)^4(2)^1(6)^1(12)^1(36)^1/group.2079
work/ext6b/2-2s1c1s1__group.373__X0111	766ebe7bf0d9d1f076874985eb374112	carat/tables/qcatalog/dim6/dir.2-2;1,1;1;1/ordnung.48/(1)^4(2)^1(6)^1(24)^1/group.1794
work/ext6b/4-3s1__group.1014__C	767be1e269c8c81dd21624cab8f64267	carat/tables/qcatalog/dim6/dir.4-3;1;1/ordnung.480/(1)^12(5)^4(10)^2/group.7225
work/ext6b/4-2s1__group.906__T	767c1f0db337c23dafad25c1e674302b	carat/tables/qcatalog/dim6/dir.4-2;1;1/ordnung.144/(1)^8(3)^8(18)^2/group.6078
work/ext6b/4-2s1__group.974__X110	76b0da9dad70a20d199bae1e598f02cb	carat/tables/qcatalog/dim6/dir.4-2;1;1/ordnung.72/(1)^6(3)^8(9)^2(18)^2/group.6275
work/ext6b/1c1c1s1c1__group.208__C	76b4059b21435e26b6fee180f92bc24c	carat/tables/qcatalog/dim6/dir.1,1,1;1,1;1/ordnung.8/(2)^2(24)^1/group.1048
work/ext6b/1c1c1c1c1__group.206__C	76b92ff6d70ccb1677d38b8c4ff3e9fc	carat/tables/qcatalog/dim6/dir.1,1,1,1,1;1/ordnung.4/(2)^1(10)^1/group.1044
work/ext6b/4-2s1__group.988__X01	76bda03d7c8d2477d7fb507043dd4ee9	carat/tables/qcatalog/dim6/dir.4-2;1;1/ordnung.72/(1)^7(3)^8(9)^1(18)^2/group.6288
work/ext6b/2-2s2-2s1__group.633__X011	76bf312f5028588932934fdb3893d1b3	carat/tables/qcatalog/dim6/dir.2-2;2-2;1;1/ordnung.72/(1)^6(3)^2(6)^2/group.3152
work/ext6b/3s2-1__group.686__X0101	76c46bd81b0048468455f30b89e3cf84	carat/tables/qcatalog/dim6/dir.3;2-1;1/ordnung.384/(1)^4(2)^4(4)^6/group.3985
work/ext6b/2-2s1c1s1__group.372__X001	76d0b0de5c5d321a0ba006bedee16400	carat/tables/qcatalog/dim6/dir.2-2;1,1;1;1/ordnung.24/(1)^4(2)^1(6)^1(24)^1/group.1779
work/ext6b/4-1s1__group.882__X110	76fd64c6724475d136805a485f3f5d9b	carat/tables/qcatalog/dim6/dir.4-1;1;1/ordnung.768/(1)^4(2)^12(4)^2/group.4898
work/ext6b/3s2-2__group.746__X01	77027b6d9735a0e547c9c48d6b727fbb	carat/tables/qcatalog/dim6/dir.3;2-2;1/ordnung.48/(2)^9(4)^2(12)^2(72)^1/group.4283
work/ext6b/2-1s2-1s1__group.320__T	77033508ab87a52de2ebd5f621f072b7	carat/tables/qcatalog/dim6/dir.2-1;2-1;1;1/ordnung.64/(2)^6(4)^2(8)^2/group.1487
work/ext6b/5-2__group.1040__T	773eae6c02b4ef8d01968b20fed34f3b	carat/tables/qcatalog/dim6/dir.5-2;1/ordnung.720/(1)^16(2)^1(6)^8(18)^1/group.7410
work/ext6b/4-1s1__group.879__X110	7769c8ce64e819f2fa2410757dacda90	carat/tables/qcatalog/dim6/dir.4-1;1;1/ordnung.64/(2)^2(4)^12(8)^4/group.4823
work/ext6b/4-1s1__group.842__C	777ba8c35aafde21d41ffc82be572ba7	carat/tables/qcatalog/dim6/dir.4-1;1;1/ordnung.96/(2)^6(4)^4/group.4924
work/ext6b/4-3ps1__group.1001__T	777f9590fc03bc4cde4e0e069023dfc6	carat/tables/qcatalog/dim6/dir.4-3';1,1/ordnung.20/(1)^3(5)^5(10)^1/group.7099
work/ext6b/4-3ps1__group.994__C	7788941760f797de493290a8a969d18c	carat/tables/qcatalog/dim6/dir.4-3';1;1/ordnung.20/(1)^3(5)^1(10)^2/group.7106
work/ext6b/3s1c1__group.647__X11	7792d0fb5f5230719dd356b217c035d3	carat/tables/qcatalog/dim6/dir.3;1,1;1/ordnung.48/(1)^4(2)^2(4)^4(8)^1/group.3806
work/ext6b/2-1s1c1c1__group.228__T	779576de56c8d9e808f1094e36762d6a	carat/tables/qcatalog/dim6/dir.2-1;1,1,1;1/ordnung.8/(2)^2(4)^1(12)^1/group.1119
work/ext6b/4-1s1__group.842__T	77c17c060c49b39d0c9e29a20d67ffc7	carat/tables/qcatalog/dim6/dir.4-1;1,1/ordnung.48/(2)^5(4)^4/group.4530
work/ext6b/2-2s2-1s1__group.473__X011	77c4a42da78047cb3ea731a72b52b899	carat/tables/qcatalog/dim6/dir.2-2;2-1;1;1/ordnung.48/(1)^4(2)^3(6)^1(12)^1(36)^1/group.2187
work/ext6b/2-2s2-1s1__group.485__X101	77d569a2abda8b5a3658754aaf538f00	carat/tables/qcatalog/dim6/dir.2-2;2-1;1;1/ordnung.48/(1)^4(2)^4(12)^2/group.2235
work/ext6b/4-2s1__group.938__T	77f13d1698c25e1cdcf3c1dd2d8138ea	carat/tables/qcatalog/dim6/dir.4-2;1;1/ordnung.288/(1)^10(3)^6(6)^2/group.6134
work/ext6b/4-1s1__group.809__T	780745d2dea8d481815d72b05d3031fb	carat/tables/qcatalog/dim6/dir.4-1;1,1/ordnung.24/(1)^2(2)^3(6)^3(24)^1/group.4492
work/ext6b/4-2s1__group.925__C	780fc03f37f11fb24c877bc59b3b02d8	carat/tables/qcatalog/dim6/dir.4-2;1;1/ordnung.288/(1)^10(3)^6(6)^2/group.6145
work/ext6b/2-1s2-1s1__group.319__X1100	7849104856afa16d8f90062c6267a7eb	carat/tables/qcatalog/dim6/dir.2-1;2-1;1,1/ordnung.64/(2)^6(4)^2(8)^1/group.1303
work/ext6b/2-2s1c1s1__group.373__X0001	7851dbeb8372e2eaa9c5a9921ecb6b70	carat/tables/qcatalog/dim6/dir.2-2;1,1;1,1/ordnung.48/(1)^4(12)^2/group.1745
work/ext6b/4-1s1__group.847__X10	7861024e5e68def790c2388132fb6471	carat/tables/qcatalog/dim6/dir.4-1;1;1/ordnung.48/(2)^10(6)^8/group.4802
work/ext6b/2-1s2-1s1__group.320__X0001	7883fed6a91e93db627e491fb25195e5	carat/tables/qcatalog/dim6/dir.2-1;2-1;1;1/ordnung.64/(2)^6(4)^2(8)^2/group.1489
work/ext6b/3s2-2__group.745__C	78b12d0aa933165cad470e022ce7936e	carat/tables/qcatalog/dim6/dir.3;2-2;1/ordnung.96/(2)^10(4)^2(12)^2/group.4337
work/ext6b/4-1s1__group.834__X10	78c234861a509fab41c201e273e39f79	carat/tables/qcatalog/dim6/dir.4-1;1,1/ordnung.384/(1)^4(2)^12(8)^1/group.4523
work/ext6b/4-3ps1__group.995__T	78cb23ad0461ba74cfa9eea3df5238ba	carat/tables/qcatalog/dim6/dir.4-3';1;1/ordnung.10/(1)^1(5)^3(10)^2/min.628
work/ext6b/3s2-2__group.716__X010	78ccfc51e5caf736b187bea882446334	carat/tables/qcatalog/dim6/dir.3;2-2;1/ordnung.144/(1)^8(2)^2(4)^1(12)^2(36)^1/group.4119
work/ext6b/2-2s2-1s1__group.446__T	78deb889f2f3be92244b0b8fd4b23ffc	carat/tables/qcatalog/dim6/dir.2-2;2-1;1;1/ordnung.24/(1)^4(2)^4(24)^2/min.380
work/ext6b/2-1s2-1s1__group.296__X101	78f7898ccae97ad10ccfdea9f6029823	carat/tables/qcatalog/dim6/dir.2-1;2-1;1;1/ordnung.32/(2)^4(4)^4(8)^2/group.1410
work/ext6b/4-2ps1__min.153__T	790c9aaab0da264fa67b9976b9ffbb05	carat/tables/qcatalog/dim6/dir.4-2';1;1/ordnung.12/(2)^4(6)^2/min.555
work/ext6b/4-1s1__group.808__X10	790cf77a446890c3695ce140f7e5d369	carat/tables/qcatalog/dim6/dir.4-1;1,1/ordnung.24/(2)^5(6)^4/group.4495
work/ext6b/3s2-2__group.727__C	79126780fba0ac250974f4e209d0081f	carat/tables/qcatalog/dim6/dir.3;2-2;1/ordnung.48/(2)^6(4)^5(12)^1/group.4281
work/ext6b/2-2s2-2s1__group.552__X011	7918e3b2b006e98e3671357f78b5f9e8	carat/tables/qcatalog/dim6/dir.2-2;2-2;1;1/ordnung.24/(2)^6(6)^4/group.2928
work/ext6b/4-2s1__group.940__X110	79209ba6d91dae5ee46d65abe6127444	carat/tables/qcatalog/dim6/dir.4-2;1;1/ordnung.288/(1)^10(3)^6(6)^2/group.6136
work/ext6b/2-1s2-1s1__group.309__X011	79209daa2aae9a5df7757d3549a43497	carat/tables/qcatalog/dim6/dir.2-1;2-1;1;1/ordnung.32/(2)^4(4)^4(8)^2/group.1393
work/ext6b/2-2s2-1s1__group.435__X11	79508183c0f99b5c00958c35efeffdf2	carat/tables/qcatalog/dim6/dir.2-2;2-1;1,1/ordnung.24/(1)^4(2)^1(6)^1(24)^1/group.1940
work/ext6b/5-2__group.1038__C	79557610f826642ab463429c528fdc4c	carat/tables/qcatalog/dim6/dir.5-2;1/ordnung.480/(1)^16(2)^2(6)^8/group.7407
work/ext6b/4-1ps1__min.141__X1	795bdca7bf630b1c17e57b0de72e010a	carat/tables/qcatalog/dim6/dir.4-1';1;1/ordnung.8/(2)^2(8)^4/min.471
work/ext6b/4-3s1__group.1012__T	795ebf0464a1f4ed1f7944cbde3dab53	carat/tables/qcatalog/dim6/dir.4-3;1;1/ordnung.240/(1)^11(5)^5(10)^1(50)^1/group.7200
work/ext6b/2-1s2-1s1__group.294__X101	7965cca93e38283b906e62ada90a496d	carat/tables/qcatalog/dim6/dir.2-1;2-1;1;1/ordnung.32/(2)^4(4)^2(8)^2/group.1379
work/ext6b/1s1s1s1s1__group.219__T	798f91712d86555fff7c5c5e2e0b2b2d	carat/tables/qcatalog/dim6/dir.1;1;1;1;1;1/ordnung.16/(2)^1(4)^4(8)^1/min.197
work/ext6b/2-2s2-2s1__group.556__X10000	799d038e96a471e6868af77630e56bd0	carat/tables/qcatalog/dim6/dir.2-2;2-2;1,1/ordnung.288/(1)^5(3)^3(6)^1/group.2735
work/ext6b/2-1s2-1s1__group.318__X1101	799ebde8e744b34815e698cc860e5566	carat/tables/qcatalog/dim6/dir.2-1;2-1;1;1/ordnung.64/(2)^4(4)^4(8)^2/group.1461
work/ext6b/2-2s2-1s1__group.473__X100	79a391ed927e3d0b5df1a32fd6654179	carat/tables/qcatalog/dim6/dir.2-2;2-1;1;1/ordnung.48/(1)^4(2)^3(6)^1(12)^1(36)^1/group.2205
work/ext6b/2-2s2-1s1__group.424__C	79a8bccc00d07e781edbacf3ff96af52	carat/tables/qcatalog/dim6/dir.2-2;2-1;1;1/ordnung.48/(1)^2(2)^2(4)^1(12)^1/group.2109
work/ext6b/3s2-2__group.711__X10	79ac63ac774d1ad6a8b989e98f92cac8	carat/tables/qcatalog/dim6/dir.3;2-2;1/ordnung.144/(1)^6(2)^2(4)^3(12)^2(36)^1/group.4092
work/ext6b/2-2s2-1s1__group.487__C	79bdf8dd456304f5677ce3214692e46f	carat/tables/qcatalog/dim6/dir.2-2;2-1;1;1/ordnung.96/(1)^4(2)^4(12)^2/group.2357
work/ext6b/3s2-2__group.704__X01	79cc532f80666906efa846cd790ac6d0	carat/tables/qcatalog/dim6/dir.3;2-2;1/ordnung.144/(1)^6(2)^2(4)^3(12)^1/group.4080
work/ext6b/3s2-2__group.751__T	79db4bd206edcbcdc6962f53e8eb5533	carat/tables/qcatalog/dim6/dir.3;2-2;1/ordnung.72/(1)^6(2)^2(4)^1(12)^3/group.4324
work/ext6b/2-2s1c1c1__group.336__T	79f1ff2301fd1987e19eca919457c6ed	carat/tables/qcatalog/dim6/dir.2-2;1,1,1;1/ordnung.12/(1)^2(3)^2(6)^1(18)^1/group.1699
work/ext6b/2-2s2-1s1__group.455__T	7a14a7ba4c859b7811c7a71b666ffd32	carat/tables/qcatalog/dim6/dir.2-2;2-1;1;1/ordnung.48/(1)^2(2)^4(8)^1(24)^1/group.2146
work/ext6b/4-1s1__group.778__X010	7a28f2e45cae221bb902339ab46caaa5	carat/tables/qcatalog/dim6/dir.4-1;1;1/ordnung.128/(2)^8(4)^10/group.4624
work/ext6b/2-1s1c1s1__group.230__C	7a342ac90952e1795b67326b028dcd37	carat/tables/qcatalog/dim6/dir.2-1;1,1;1;1/ordnung.32/(2)^4(4)^2(32)^1/group.1174
work/ext6b/2-2s2-1s1__group.462__C	7a3e68cd87e95db52da1355d118eb707	carat/tables/qcatalog/dim6/dir.2-2;2-1;1;1/ordnung.96/(1)^4(2)^2(12)^2/group.2321
work/ext6b/3s2-2__group.707__C	7a447c9a79206acb4158ce7a187d2611	carat/tables/qcatalog/dim6/dir.3;2-2;1/ordnung.288/(1)^6(2)^2(4)^3(12)^1/group.4178
work/ext6b/2-1s2-1s1__group.280__X100	7a6f42452ce48e9f3e94095a7887024d	carat/tables/qcatalog/dim6/dir.2-1;2-1;1;1/ordnung.16/(2)^2(4)^2(8)^2/group.1326
work/ext6b/4-3s1__group.1023__X100	7a7c3c83057a4219350f555093ef426f	carat/tables/qcatalog/dim6/dir.4-3;1,1/ordnung.80/(1)^5(5)^11(10)^1/group.7192
work/ext6b/4-3ps1__group.998__X1	7a8849479ea238825a5cca7785183d64	carat/tables/qcatalog/dim6/dir.4-3';1,1/ordnung.10/(1)^1(5)^3(50)^1/group.7091
work/ext6b/4-1s1__group.765__X11	7ac30fb644637cd3387e7f3f446463cd	carat/tables/qcatalog/dim6/dir.4-1;1;1/ordnung.1152/(1)^6(2)^10(4)^2/group.4583
work/ext6b/3s2-2__group.720__X01	7ad064ed535cf3aed41765aad9474860	carat/tables/qcatalog/dim6/dir.3;2-2;1/ordnung.144/(1)^8(2)^2(4)^2(12)^2/group.4134
work/ext6b/3s2-2__max.10__X1011	7ae7d12342b42e65d8f9b231375141e7	carat/tables/qcatalog/dim6/dir.3;2-2;1/ordnung.576/(1)^8(2)^2(4)^2(12)^2/group.4293
work/ext6b/2-2s2-2s1__group.565__X01	7aff3ac04e4cd9217297f365da154553	carat/tables/qcatalog/dim6/dir.2-2;2-2;1,1/ordnung.36/(1)^2(3)^4(6)^1/group.2744
work/ext6b/2-2s2-1s1__group.453__C	7b0e05711b720a73633a8aee81a59259	carat/tables/qcatalog/dim6/dir.2-2;2-1;1;1/ordnung.96/(1)^2(2)^4(4)^1(12)^1/group.2309
work/ext6b/3s1c1__group.637__C	7b203c3d903c1729bbc6e92c5391624b	carat/tables/qcatalog/dim6/dir.3;1,1;1/ordnung.48/(1)^4(2)^2(4)^4(32)^1/group.3795
work/ext6b/2-1s2-1s1__group.315__X0101	7b28a538e9261cd61a9d6279d7ba142c	carat/tables/qcatalog/dim6/dir.2-1;2-1;1;1/ordnung.64/(2)^4(4)^2(8)^2/group.1438
work/ext6b/2-2s2-2s1__group.596__X111	7b2a541defa9e2677dcbbb7b846cfa7d	carat/tables/qcatalog/dim6/dir.2-2;2-2;1;1/ordnung.72/(1)^3(3)^3(6)^2/group.3032
work/ext6b/4-1s1__group.856__T	7b2cac50c6374dd896ccb941c45e9236	carat/tables/qcatalog/dim6/dir.4-1;1,1/ordnung.576/(1)^6(2)^9(4)^2/group.4541
work/ext6b/3s1s1__group.666__C	7b3bbb51608c07473a1143ae3a195239	carat/tables/qcatalog/dim6/dir.3;1;1;1/ordnung.192/(1)^2(2)^2(4)^8/group.3831
work/ext6b/2-2s2-2s1__group.614__X110	7b4b4203f9658925aab452b98fb99e03	carat/tables/qcatalog/dim6/dir.2-2;2-2;1;1/ordnung.72/(1)^5(3)^3(6)^1(18)^1/group.3117
work/ext6b/4-2s1__group.941__C	7b5824e6b378b78eecdb25552b6fe65c	carat/tables/qcatalog/dim6/dir.4-2;1;1/ordnung.576/(1)^10(3)^6(6)^2/group.6234
work/ext6b/2-2s2-1s1__group.502__T	7b75cafeeb3dce1d2c6c176345745c97	carat/tables/qcatalog/dim6/dir.2-2;2-1;1,1/ordnung.48/(1)^4(2)^3(6)^1(24)^1/group.2009
work/ext6b/2-2s1c1s1__group.360__C	7b76c62c1a38097aea018ea53399fb20	carat/tables/qcatalog/dim6/dir.2-2;1,1;1;1/ordnung.24/(1)^4(2)^1(6)^1(24)^1/group.1770
work/ext6b/2-2s1c1s1__group.348__T	7b81669b19a348e752a37add92e8d381	carat/tables/qcatalog/dim6/dir.2-2;1,1;1,1/ordnung.12/(1)^2(3)^2(12)^2/group.1728
work/ext6b/3s2-1__group.700__T	7b8482d593367a54d8ba560d4316a1ee	carat/tables/qcatalog/dim6/dir.3;2-1;1/ordnung.96/(1)^4(4)^8/group.4050
work/ext6b/4-3s1__group.1019__C	7b88919db4a69a09918ecf1e0e3d807b	carat/tables/qcatalog/dim6/dir.4-3;1;1/ordnung.80/(1)^5(5)^11(10)^1(50)^1/group.7229
work/ext6b/2-2s2-2s1__group.521__T	7b892a9506caeb4bfe3c91522043e9f1	carat/tables/qcatalog/dim6/dir.2-2;2-2;1;1/ordnung.12/(2)^4(6)^2/group.2817
work/ext6b/4-2s1__group.902__X1110	7ba9600cc1020ff390f136d988ec09dd	carat/tables/qcatalog/dim6/dir.4-2;1;1/ordnung.144/(1)^6(3)^8(9)^2(18)^2/group.6052
work/ext6b/2-2s2-1s1__group.466__C	7bb6c0f5d5086b916113a436c409dedb	carat/tables/qcatalog/dim6/dir.2-2;2-1;1;1/ordnung.96/(1)^4(2)^2(12)^2/group.2325
work/ext6b/3s2-1__group.679__T	7c0fb40782f54c98110ae81c2c1fae6a	carat/tables/qcatalog/dim6/dir.3;2-1;1/ordnung.192/(1)^4(2)^4(4)^6/group.3951
work/ext6b/2-2pc2-2ps1__group.327__T	7c225169eb2085b9f603c7f7e497c98f	carat/tables/qcatalog/dim6/dir.2-2',2-2';1;1/ordnung.6/(2)^2(6)^1(18)^1/min.293
work/ext6b/2-2s2-2s1__group.569__C	7c2b80b22021b6297533f9fe3f5b1c7f	carat/tables/qcatalog/dim6/dir.2-2;2-2;1;1/ordnung.72/(1)^3(3)^5(6)^1(18)^1/group.3048
work/ext6b/2-2s2-2s1__group.533__C	7c3ebbc4b96885b83270210a86a9341e	carat/tables/qcatalog/dim6/dir.2-2;2-2;1;1/ordnung.288/(1)^6(3)^2(6)^2/group.2943
work/ext6b/2-2s1c1s1__min.109__C	7c62bbdcb8f8f419c1e8809b314cfd1b	carat/tables/qcatalog/dim6/dir.2-2;1,1;1;1/ordnung.12/(1)^2(2)^1(6)^1(72)^1/min.321
work/ext6b/2-2s2-1s1__group.502__X100	7c7021fbb3189967504d1a687ec5436d	carat/tables/qcatalog/dim6/dir.2-2;2-1;1;1/ordnung.48/(1)^4(2)^4(12)^2/group.2251
work/ext6b/2-1s1s1s1__group.269__X1010	7c8fec5a0d27709dd9cb51b1c63e911f	carat/tables/qcatalog/dim6/dir.2-1;1;1;1;1/ordnung.32/(2)^4(4)^2(8)^2/group.1231
work/ext6b/4-2s1__min.161__X11	7ca1464e3e490eeb4219f56067dcdf19	carat/tables/qcatalog/dim6/dir.4-2;1,1/ordnung.24/(2)^5(6)^4/min.570
work/ext6b/2-2s1c1s1__group.360__T	7cb5c6c0736fca01f1b05bbb7fe3c0e3	carat/tables/qcatalog/dim6/dir.2-2;1,1;1,1/ordnung.12/(1)^4(12)^2/group.1736
work/ext6b/4-1s1__group.848__X11	7cb99086f546929bb2b3266a887100c9	carat/tables/qcatalog/dim6/dir.4-1;1,1/ordnung.48/(2)^9(6)^8/group.4539
work/ext6b/2-2s2-1s1__group.496__C	7cbc6e6ce6998b23acf74a7a7534635d	carat/tables/qcatalog/dim6/dir.2-2;2-1;1;1/ordnung.96/(1)^4(2)^4(12)^2/group.2396
work/ext6b/4-2s1__group.935__X0110	7cc13fe423277c12940b904aff40c39c	carat/tables/qcatalog/dim6/dir.4-2;1;1/ordnung.288/(1)^8(3)^8(18)^2/group.6169
work/ext6b/2-1s2-1s1__group.319__X1111	7cc330dcf79a18edb30baa95d9977aa7	carat/tables/qcatalog/dim6/dir.2-1;2-1;1;1/ordnung.64/(2)^6(4)^2(8)^2/group.1486
work/ext6b/2-2s2-2s1__group.555__X100	7ccde1be10b2f344b3ef383dc28eaaf2	carat/tables/qcatalog/dim6/dir.2-2;2-2;1,1/ordnung.24/(2)^5(6)^4/group.2734
work/ext6b/2-2s2-2s1__group.537__X0011	7d0cb6b2e2e764955e8765f9873879d7	carat/tables/qcatalog/dim6/dir.2-2;2-2;1;1/ordnung.144/(1)^6(3)^2(6)^2/group.2878
work/ext6b/2-2s2-1s1__group.458__X001	7d185bbaab535be4152d3819759be6ca	carat/tables/qcatalog/dim6/dir.2-2;2-1;1,1/ordnung.48/(1)^2(2)^4(24)^1/group.1963
work/ext6b/3s2-1__group.686__X0001	7d350794289ccd4e1e1f11c2619438e4	carat/tables/qcatalog/dim6/dir.3;2-1;1/ordnung.384/(1)^4(2)^4(4)^6/group.3970
work/ext6b/4-2s1__group.921__X010	7d37d7785fea6371b46d05e7158d7f8b	carat/tables/qcatalog/dim6/dir.4-2;1;1/ordnung.144/(1)^10(3)^6(6)^2/group.6012
work/ext6b/2-2s2-2s1__group.577__X10	7d4de4a22ac7bc137bf2c4c22e192109	carat/tables/qcatalog/dim6/dir.2-2;2-2;1;1/ordnung.36/(1)^4(3)^2(6)^1(18)^1/group.2994
work/ext6b/3s2-2__group.744__X10	7d60ba24692a715b740af27b94204f71	carat/tables/qcatalog/dim6/dir.3;2-2;1/ordnung.48/(2)^9(4)^3(12)^1(24)^1/group.4286
work/ext6b/4-2s1__min.159__X01	7d6a3bfac35d0f43b0bc0033db099245	carat/tables/qcatalog/dim6/dir.4-2;1;1/ordnung.24/(2)^6(6)^4/min.579
work/ext6b/2-2s2-1s1__group.427__X01	7da9125a289bad3258dd42a011285c30	carat/tables/qcatalog/dim6/dir.2-2;2-1;1,1/ordnung.24/(1)^3(3)^1(6)^2(24)^1/group.1934
work/ext6b/4-2s1__group.945__T	7dc071dc977f72d92beab204b8118faf	carat/tables/qcatalog/dim6/dir.4-2;1;1/ordnung.36/(1)^2(3)^6(18)^2/group.6172
work/ext6b/4-2s1__group.951__T	7dc5c092daa73b6c4b4cafc5765a3e8e	carat/tables/qcatalog/dim6/dir.4-2;1,1/ordnung.36/(1)^3(3)^10(9)^3(18)^1/group.5956
work/ext6b/4-3s1__group.1012__X01	7de1fa7dff80e8cd5711607386dc0e3f	carat/tables/qcatalog/dim6/dir.4-3;1,1/ordnung.240/(1)^10(5)^6(50)^1/group.7180
work/ext6b/2-2s2-2s1__group.529__T	7dfc0dc13021d2bba60b1859fef96c95	carat/tables/qcatalog/dim6/dir.2-2;2-2;1;1/ordnung.144/(1)^5(3)^3(6)^1(18)^1/group.2844
work/ext6b/2-2s1c1c1__group.339__X110	7e05aab03892e86848030d09b31be6b6	carat/tables/qcatalog/dim6/dir.2-2;1,1,1;1/ordnung.24/(1)^3(3)^1(6)^2/group.1725
work/ext6b/3s2-1__group.685__C	7e1d8b6468687a4ce86a8b0e517d2432	carat/tables/qcatalog/dim6/dir.3;2-1;1/ordnung.384/(1)^4(2)^2(4)^6/group.3966
work/ext6b/3s2-2__max.10__X0010	7e2288aff60ec803efa506996b358e45	carat/tables/qcatalog/dim6/dir.3;2-2;1/ordnung.576/(1)^8(2)^2(4)^1(12)^2(36)^1/group.4290
work/ext6b/2-1s2-1s1__group.309__C	7e316e92a72ec5e8b3352219e78cf2a6	carat/tables/qcatalog/dim6/dir.2-1;2-1;1;1/ordnung.64/(2)^4(4)^6/group.1478
work/ext6b/2-1s2-1s1__group.284__X001	7e454fc689c76ea91ea665b1027fe3d7	carat/tables/qcatalog/dim6/dir.2-1;2-1;1;1/ordnung.16/(2)^2(4)^4(8)^4/group.1328
work/ext6b/2-2s2-2s1__group.532__T	7e4b09017f45b6b7805f5bbed2cf7f7d	carat/tables/qcatalog/dim6/dir.2-2;2-2;1,1/ordnung.144/(1)^5(3)^3(6)^1/group.2710
work/ext6b/4-1s1__group.838__X01	7e53fc3a1089e909eb7719e1dc354b67	carat/tables/qcatalog/dim6/dir.4-1;1,1/ordnung.384/(1)^4(2)^12(8)^1/group.4521
work/ext6b/2-2s2-2s1__group.524__T	7e7209e86c86356b239d6aa839169019	carat/tables/qcatalog/dim6/dir.2-2;2-2;1,1/ordnung.12/(2)^3(6)^6/group.2705
work/ext6b/4-1s1__group.804__C	7e840753aa74c44da0d2612842c5f00b	carat/tables/qcatalog/dim6/dir.4-1;1;1/ordnung.384/(1)^4(2)^10(4)^4/group.4776
work/ext6b/2-2s2-2s1__group.550__X011	7e896e54716e59d2f814a0676baa42b0	carat/tables/qcatalog/dim6/dir.2-2;2-2;1;1/ordnung.24/(2)^4(6)^2/group.2914
work/ext6b/2-2s2-2s1__group.533__X0101	7e9087d182d38c9d5a96b1365777677f	carat/tables/qcatalog/dim6/dir.2-2;2-2;1;1/ordnung.144/(1)^6(3)^2(6)^2/group.2896
work/ext6b/1c1s1s1s1__group.211__T	7e9a182c9e14e3c5c7c70ec1d9f73bbf	carat/tables/qcatalog/dim6/dir.1,1;1;1;1;1/ordnung.16/(2)^2(4)^2(8)^1/group.1065
work/ext6b/2-2s2-1s1__group.460__X111	7eb7199bee22d32047834e8bcfa2d65a	carat/tables/qcatalog/dim6/dir.2-2;2-1;1;1/ordnung.48/(1)^2(2)^2(4)^1(12)^1/group.2110
work/ext6b/4-2s1__min.155__X10	7eda5e4412be876d6dca60e49facd283	carat/tables/qcatalog/dim6/dir.4-2;1,1/ordnung.12/(2)^3(6)^2/min.566
work/ext6b/4-1s1__group.791__C	7ee80a530453530ba40d0b8c4d5a0185	carat/tables/qcatalog/dim6/dir.4-1;1;1/ordnung.32/(2)^2(4)^6(8)^2/group.4762
work/ext6b/2-2s2-2s1__group.555__X101	7efc42fda74ba1a608ec1d72471c9600	carat/tables/qcatalog/dim6/dir.2-2;2-2;1;1/ordnung.24/(2)^6(6)^4/group.2930
work/ext6b/2-2s1c1s1__group.367__C	7f08a0f1233c29ce0fd104ca6b17efc8	carat/tables/qcatalog/dim6/dir.2-2;1,1;1;1/ordnung.48/(1)^4(2)^1(6)^1(24)^1/group.1792
work/ext6b/4-2s1__group.965__X100	7f260c73dd5b6f655d61d8d3600eb793	carat/tables/qcatalog/dim6/dir.4-2;1;1/ordnung.72/(1)^5(3)^8(9)^3(18)^2/group.6258
work/ext6b/2-2s2-1s1__group.506__X1111	7f2d4134ecd1997124c5321e47bbc8e3	carat/tables/qcatalog/dim6/dir.2-2;2-1;1;1/ordnung.96/(1)^4(2)^2(12)^2/group.2332
work/ext6b/3s1s1__group.653__C	7f2f04e87f7f912297378e3ac3507eb8	carat/tables/qcatalog/dim6/dir.3;1;1;1/ordnung.96/(1)^2(2)^2(4)^8/group.3849
work/ext6b/4-1s1__group.774__X010	7f4e9d9ba90fb1637d0200eb23689fb1	carat/tables/qcatalog/dim6/dir.4-1;1,1/ordnung.128/(2)^12(4)^4(8)^1/group.4455
work/ext6b/2-2s2-1s1__group.478__X111	7f512824bacbe937fd2f1e6e5877a885	carat/tables/qcatalog/dim6/dir.2-2;2-1;1;1/ordnung.48/(1)^4(2)^4(12)^2/group.2252
work/ext6b/2-1s1s1s1__group.248__C	7f62154cd00b467f1dbd92f1049383d1	carat/tables/qcatalog/dim6/dir.2-1;1;1;1;1/ordnung.32/(2)^4(4)^2(16)^2/group.1216
work/ext6b/2-2s2-1s1__group.495__T	7f7e9a6cb4c6bedfa806214b073be3bd	carat/tables/qcatalog/dim6/dir.2-2;2-1;1;1/ordnung.48/(1)^4(2)^4(12)^2/group.2231
work/ext6b/2-1s1c1c1__group.225__C	7fbeeaf329f1e2b90e231fc795e16fdb	carat/tables/qcatalog/dim6/dir.2-1;1,1,1;1/ordnung.16/(2)^4(4)^1(12)^1/group.1108
work/ext6b/2-1s1s1s1__group.260__X100	7fcbb5cd777c5e03c810c01f29f73c99	carat/tables/qcatalog/dim6/dir.2-1;1;1;1;1/ordnung.16/(2)^2(4)^2(8)^2/group.1191
work/ext6b/4-1s1__group.833__X11	7fd4af58cb10f5037e334880174a610d	carat/tables/qcatalog/dim6/dir.4-1;1;1/ordnung.384/(1)^2(2)^12(4)^2(8)^2/group.4772
work/ext6b/2-2pc2-2ps1__group.325__X11	7fe73630b9da939bf34768a6ffc4e0e1	carat/tables/qcatalog/dim6/dir.2-2',2-2';1;1/ordnung.12/(2)^3(6)^1/group.1614
work/ext6b/2-2s2-1s1__group.472__X101	7ff6a74bc4c4a4c3576a319c77267279	carat/tables/qcatalog/dim6/dir.2-2;2-1;1;1/ordnung.48/(1)^4(2)^3(6)^1(12)^1(36)^1/group.2193
work/ext6b/4-2s1__group.912__X001	8006450b13052e57fec0fc54163c6e71	carat/tables/qcatalog/dim6/dir.4-2;1,1/ordnung.144/(1)^7(3)^8(9)^1(18)^1/group.5923
work/ext6b/2-1s2-1s1__group.316__C	800ef8e019c3719141f9c6b5f0ba2813	carat/tables/qcatalog/dim6/dir.2-1;2-1;1;1/ordnung.128/(2)^4(4)^6/group.1309
work/ext6b/5-2__group.1040__C	8022fe9b7e477171508602edf5d3b8c3	carat/tables/qcatalog/dim6/dir.5-2;1/ordnung.1440/(1)^16(2)^2(6)^8/group.7397
work/ext6b/2-1pc2-1ps1__group.222__C	80328838578119573b4d1ac77787de7d	carat/tables/qcatalog/dim6/dir.2-1',2-1';1;1/ordnung.16/(2)^2(8)^2/group.1082
work/ext6b/2-2s2-1s1__group.470__X101	8057ee16342fabaaf7096f6f07087528	carat/tables/qcatalog/dim6/dir.2-2;2-1;1;1/ordnung.48/(1)^4(2)^3(6)^1(12)^1(36)^1/group.2209
work/ext6b/2-2s2-2s1__group.528__X1101	80688b4d8960848776674e9f1a1997f1	carat/tables/qcatalog/dim6/dir.2-2;2-2;1;1/ordnung.144/(1)^5(3)^1(6)^2/group.2838
work/ext6b/3s2-2__group.726__T	806ac33465ec67bb3d082e507414ded9	carat/tables/qcatalog/dim6/dir.3;2-2;1/ordnung.24/(2)^4(4)^6(8)^1(24)^1/group.4156
work/ext6b/4-2s1__group.963__X110	806b5ad8be0e9ee9ac1add55f954fb47	carat/tables/qcatalog/dim6/dir.4-2;1;1/ordnung.72/(1)^4(3)^4(18)^2/group.6245
work/ext6b/4-3s1__group.1015__C	806c963756714fe7a594dfcbe0880de9	carat/tables/qcatalog/dim6/dir.4-3;1;1/ordnung.480/(1)^12(5)^4(10)^2/group.7223
work/ext6b/3s2-2__group.755__T	806ffe7d8d41291c1a95cb933d92a046	carat/tables/qcatalog/dim6/dir.3;2-2;1/ordnung.72/(1)^6(2)^1(4)^4(12)^2(72)^1/group.4319
work/ext6b/1c1c1s1c1__min.61__C	809f0967250eac9ac1bff49d465663a8	carat/tables/qcatalog/dim6/dir.1,1,1;1,1;1/ordnung.4/(2)^2(24)^1/min.182
work/ext6b/2-2s2-1s1__group.481__X001	80a70aafcd56024943fd45b505ebf9f3	carat/tables/qcatalog/dim6/dir.2-2;2-1;1,1/ordnung.48/(1)^4(2)^3(6)^1(24)^1/group.1989
work/ext6b/2-2s1c1s1__group.364__X010	80b0699f012f744e0601ef34339df3ac	carat/tables/qcatalog/dim6/dir.2-2;1,1;1,1/ordnung.24/(1)^2(4)^1(12)^1/group.1739
work/ext6b/2-2s2-2s1__group.605__X110	80ec76588dbbed3d2f0fafa6152752b3	carat/tables/qcatalog/dim6/dir.2-2;2-2;1;1/ordnung.72/(1)^5(3)^1(6)^2/group.3090
work/ext6b/3s2-1__group.690__T	810e757c193cfbfe906d262e13be6e44	carat/tables/qcatalog/dim6/dir.3;2-1;1/ordnung.96/(1)^2(2)^2(4)^8/group.3990
work/ext6b/4-2s1__group.941__X011	812a585506ea2510d52b349f12c15526	carat/tables/qcatalog/dim6/dir.4-2;1;1/ordnung.288/(1)^10(3)^6(6)^2/group.6137
work/ext6b/4-3s1__group.1023__C	8146ae31211d37143f75e41a6481272e	carat/tables/qcatalog/dim6/dir.4-3;1;1/ordnung.160/(1)^6(5)^10(10)^2/group.7195
work/ext6b/3s2-2__group.731__C	814db63dfad7cef32ecbb1915a699b85	carat/tables/qcatalog/dim6/dir.3;2-2;1/ordnung.576/(1)^6(2)^2(4)^3(12)^1/group.4287
work/ext6b/3s2-1__group.683__X111	816774b054fe416ecd8c5593c74ea818	carat/tables/qcatalog/dim6/dir.3;2-1;1/ordnung.192/(1)^4(2)^4(4)^4(8)^2/group.3924
work/ext6b/4-2s1__group.909__X100	8173774dbef4b585b8221d8d7e9c949b	carat/tables/qcatalog/dim6/dir.4-2;1;1/ordnung.144/(1)^8(3)^8(18)^2/group.6085
work/ext6b/2-1s1s1s1__group.265__X1011	817be424aac298990776b793ae17b34b	carat/tables/qcatalog/dim6/dir.2-1;1;1;1;1/ordnung.32/(2)^4(8)^4/group.1244
work/ext6b/2-2s1c1c1__group.340__X1	817c78c4dc57640dec5d9c900f776d2b	carat/tables/qcatalog/dim6/dir.2-2;1,1,1,1/ordnung.6/(3)^2(12)^1/group.1697
work/ext6b/3s2-2__group.719__X10	8190de009c5c3fd4edde6ceb4ac1ef1e	carat/tables/qcatalog/dim6/dir.3;2-2;1/ordnung.144/(1)^8(2)^2(4)^1(12)^2(36)^1/group.4128
work/ext6b/2-2s2-1s1__group.488__X010	81a2ca79ed7686cc1d577211cd8f3af2	carat/tables/qcatalog/dim6/dir.2-2;2-1;1;1/ordnung.48/(1)^4(2)^4(24)^2/group.2280
work/ext6b/4-2s1__group.900__X001	81a62552fb6906ef773e531e9a130289	carat/tables/qcatalog/dim6/dir.4-2;1;1/ordnung.144/(1)^6(3)^2(6)^2/group.6036
work/ext6b/2-2s2-1s1__group.475__X110	81aac0c70ffa06458a14ce3095a5a37f	carat/tables/qcatalog/dim6/dir.2-2;2-1;1,1/ordnung.48/(1)^4(2)^1(6)^3(24)^1/group.1981
work/ext6b/4-3ps1__group.994__T	81d58ba171eddcd60a5b7b6a8535fb98	carat/tables/qcatalog/dim6/dir.4-3';1,1/ordnung.10/(1)^2(5)^2(10)^1/group.7093
work/ext6b/2-2s2-2s1__group.542__C	81d90fec0aa285237de81954b1476e49	carat/tables/qcatalog/dim6/dir.2-2;2-2;1;1/ordnung.36/(1)^2(3)^4(6)^1(18)^1/group.2956
work/ext6b/2-1s2-1s1__group.302__X001	81e51a9a1b196c5142f520344c038773	carat/tables/qcatalog/dim6/dir.2-1;2-1;1;1/ordnung.32/(2)^4(4)^4(8)^2/group.1390
work/ext6b/4-1s1__group.773__T	81ebce423a37388b29e53b4bb297fd85	carat/tables/qcatalog/dim6/dir.4-1;1;1/ordnung.128/(2)^12(4)^4(8)^2/group.4605
work/ext6b/2-1s1c1c1__group.227__T	820c403e85fe94ec8f1c89a895a146a6	carat/tables/qcatalog/dim6/dir.2-1;1,1,1;1/ordnung.8/(2)^4(8)^1(24)^1/group.1124
work/ext6b/2-1s2-1s1__group.322__X1101	82357e4c7cd1ca2569e2b9e8f4725517	carat/tables/qcatalog/dim6/dir.2-1;2-1;1;1/ordnung.64/(2)^6(4)^2(8)^2/group.1483
work/ext6b/2-2s2-2s1__group.563__X01	824e00fcb0e15e27d40edaea03f1497d	carat/tables/qcatalog/dim6/dir.2-2;2-2;1;1/ordnung.36/(1)^2(3)^4(6)^1(18)^1/group.2954
work/ext6b/2-2s2-2s1__group.531__X0001	8250e75cd663c125bd8b61b16cac5c9b	carat/tables/qcatalog/dim6/dir.2-2;2-2;1;1/ordnung.144/(1)^5(3)^3(6)^1(18)^1/group.2852
work/ext6b/4-1s1__group.797__X010	8267d113154d5754e05c8769ddb96e92	carat/tables/qcatalog/dim6/dir.4-1;1,1/ordnung.192/(2)^9(4)^8/group.4489
work/ext6b/4-3s1__max.13__X110	826bb2dc9ae851e1b75a94abc213438b	carat/tables/qcatalog/dim6/dir.4-3;1;1/ordnung.480/(1)^12(5)^4(10)^2/group.7228
work/ext6b/2-2s2-1s1__group.416__T	827ea191975bc56aa86b822f71c56b18	carat/tables/qcatalog/dim6/dir.2-2;2-1;1;1/ordnung.24/(1)^2(2)^4(8)^1(24)^1/group.2065
work/ext6b/2-1s2-1s1__group.317__X0010	82895ea99b0ca0c82122730effcb4962	carat/tables/qcatalog/dim6/dir.2-1;2-1;1,1/ordnung.64/(2)^4(4)^4(8)^1/group.1300
work/ext6b/3s1s1__group.649__C	828a60f4114aef603837fce3ab2ba686	carat/tables/qcatalog/dim6/dir.3;1;1;1/ordnung.384/(1)^4(2)^2(4)^6/group.3845
work/ext6b/2-2s2-1s1__group.510__X0001	82936f88bc21b29bd284e9d0bf0273e5	carat/tables/qcatalog/dim6/dir.2-2;2-1;1;1/ordnung.96/(1)^4(2)^4(24)^2/group.2421
work/ext6b/3s2-2__group.705__X10	82946f1ffb70d672ccc79207c03af45c	carat/tables/qcatalog/dim6/dir.3;2-2;1/ordnung.144/(1)^6(2)^2(4)^1(12)^3/group.4072
work/ext6b/2-1s2-1s1__group.305__X011	82bbdc140b5789c7744ebab173822e81	carat/tables/qcatalog/dim6/dir.2-1;2-1;1;1/ordnung.32/(2)^4(4)^4(8)^2/group.1402
work/ext6b/3s2-2__max.10__X0110	82be361ece7cb61f1dc15a546cf5aeb9	carat/tables/qcatalog/dim6/dir.3;2-2;1/ordnung.576/(1)^8(2)^2(4)^2(12)^2/group.4308
work/ext6b/1c1s1c1s1__group.210__X111	82c090fcba5d2bae043f584531c47f2c	carat/tables/qcatalog/dim6/dir.1,1;1,1;1;1/ordnung.8/(2)^2(16)^2/group.1057
work/ext6b/3s2-1__group.677__X110	82c59f7e3796b79d2ef6817caf132e03	carat/tables/qcatalog/dim6/dir.3;2-1;1/ordnung.192/(1)^4(2)^4(4)^6/group.3937
work/ext6b/4-1s1__group.771__X111	82ed287c1023a8079caafb57b171d551	carat/tables/qcatalog/dim6/dir.4-1;1;1/ordnung.128/(2)^12(4)^4(8)^2/group.4606
work/ext6b/2-2s2-1s1__group.445__C	834ac084e6f6cfeef9b91bb47a757624	carat/tables/qcatalog/dim6/dir.2-2;2-1;1;1/ordnung.48/(1)^4(2)^4(12)^2/group.2239
work/ext6b/2-1s2-1s1__group.315__X0100	836970ec4aaadc0a02b8538914318a3c	carat/tables/qcatalog/dim6/dir.2-1;2-1;1,1/ordnung.64/(2)^4(4)^2(8)^1/group.1298
work/ext6b/4-2s1__group.922__X110	8374966ddcd907f52398f767c76e1487	carat/tables/qcatalog/dim6/dir.4-2;1;1/ordnung.144/(1)^10(3)^6(6)^2/group.6021
work/ext6b/4-1s1__group.830__X001	83880d03ed6dfd39d5d0560622fef1fb	carat/tables/qcatalog/dim6/dir.4-1;1;1/ordnung.32/(2)^2(4)^6(8)^2/group.4759
work/ext6b/4-2ps1__min.153__X1	83bf75221ed4698913e46aa02e4173c3	carat/tables/qcatalog/dim6/dir.4-2';1,1/ordnung.12/(2)^3(6)^2/min.553
work/ext6b/2-2s2-2s1__group.559__X100	83d0bf6e617bfc49e9a155bceaa8fd83	carat/tables/qcatalog/dim6/dir.2-2;2-2;1;1/ordnung.36/(1)^2(3)^6(18)^2/group.2969
work/ext6b/2-2s2-2s1__group.605__C	83d68cbe077c1a99bd856d1b1fbac02b	carat/tables/qcatalog/dim6/dir.2-2;2-2;1;1/ordnung.144/(1)^5(3)^1(6)^2/group.2831
work/ext6b/2-1s1c1s1__group.239__X11	83d9ccaf3da08ba6cddcad28245dd0f8	carat/tables/qcatalog/dim6/dir.2-1;1,1;1;1/ordnung.8/(2)^4(8)^2(32)^1/min.241
work/ext6b/2-2s2-1s1__group.410__T	83dc3c85100a17d2491079a5a7f32dc8	carat/tables/qcatalog/dim6/dir.2-2;2-1;1;1/ordnung.24/(1)^2(2)^3(6)^1(24)^2/group.2061
work/ext6b/2-1s2-1s1__min.97__X01	83de675fcf6785dd2cdbf455e8c840a7	carat/tables/qcatalog/dim6/dir.2-1;2-1;1,1/ordnung.16/(2)^1(4)^6(8)^2/min.251
work/ext6b/4-1s1__group.794__C	83e2daaa77fc0b7bd8f278e86b40f559	carat/tables/qcatalog/dim6/dir.4-1;1;1/ordnung.384/(2)^18/group.4790
work/ext6b/2-2s2-2s1__group.603__X100	83ec001286db3a9f4088e44b002c3969	carat/tables/qcatalog/dim6/dir.2-2;2-2;1,1/ordnung.72/(1)^4(3)^2(6)^1/group.2794
work/ext6b/3s1s1__group.649__X0110	83efe21fd856d6cfe84f52da4dccdddd	carat/tables/qcatalog/dim6/dir.3;1;1;1/ordnung.192/(1)^4(2)^2(4)^6/group.3835
work/ext6b/4-2s1__group.986__X11	83f1bc4c36b5e67df35a24f13606b1bf	carat/tables/qcatalog/dim6/dir.4-2;1;1/ordnung.72/(1)^6(3)^8(9)^2(18)^2/group.6266
work/ext6b/2-2s1s1s1__group.385__X100	83f56265acd3982ec54e36191b662d70	carat/tables/qcatalog/dim6/dir.2-2;1;1;1;1/ordnung.24/(1)^4(2)^1(6)^1(12)^1(36)^1/group.1825
work/ext6b/4-2ps1__group.895__X11	83f92cbde711f1e608dfa8e13b3939a4	carat/tables/qcatalog/dim6/dir.4-2';1;1/ordnung.24/(2)^4(6)^2/group.5860
work/ext6b/2-2s2-2s1__group.620__T	8404565598157d3d316521c4767bafbb	carat/tables/qcatalog/dim6/dir.2-2;2-2;1;1/ordnung.72/(1)^5(3)^3(6)^1(18)^1/group.3142
work/ext6b/3s2-2__group.744__X01	840ac3baeff1ab2fc2ff49812631e295	carat/tables/qcatalog/dim6/dir.3;2-2;1/ordnung.48/(2)^10(4)^1(12)^2(36)^1/group.4268
work/ext6b/2-1s2-1s1__group.318__X0101	8425fc7c0fccfaa8d191616760e49b56	carat/tables/qcatalog/dim6/dir.2-1;2-1;1;1/ordnung.64/(2)^4(4)^4(8)^2/group.1452
work/ext6b/4-1s1__group.853__X01	842f80d83512c447bb16b6ab81caf255	carat/tables/qcatalog/dim6/dir.4-1;1,1/ordnung.48/(1)^4(2)^5(6)^7(24)^1/group.4527
work/ext6b/3s2-1__group.701__X11	84427264389437c89a4c9124b0055472	carat/tables/qcatalog/dim6/dir.3;2-1;1/ordnung.96/(1)^4(2)^2(4)^4(8)^2/group.4008
work/ext6b/4-2s1__group.935__C	8448ca323f6e1b9e96f6e5f661c4852c	carat/tables/qcatalog/dim6/dir.4-2;1;1/ordnung.576/(1)^8(3)^8(18)^2/group.6235
work/ext6b/4-1s1__group.826__X101	844d01d5a24c8a5600be355b888ec110	carat/tables/qcatalog/dim6/dir.4-1;1,1/ordnung.32/(2)^1(4)^14(8)^2/group.4508
work/ext6b/2-2s2-2s1__group.570__X01	8460d1fca79193cc6a9881fb63b03652	carat/tables/qcatalog/dim6/dir.2-2;2-2;1;1/ordnung.36/(1)^3(3)^5(6)^1(18)^1/group.2990
work/ext6b/3s2-2__group.717__C	846aead89c3f1f0db9b7336059b2de73	carat/tables/qcatalog/dim6/dir.3;2-2;1/ordnung.288/(1)^8(2)^2(4)^2(12)^2/group.4218
work/ext6b/2-2s2-1s1__group.452__X011	846b1031aac96eae9ef5b9b014ea2344	carat/tables/qcatalog/dim6/dir.2-2;2-1;1,1/ordnung.48/(1)^2(2)^4(24)^1/group.1964
work/ext6b/2-2s2-1s1__group.476__X101	8470158cbc4c51d324f0bbcecdd30e11	carat/tables/qcatalog/dim6/dir.2-2;2-1;1;1/ordnung.48/(1)^4(2)^3(6)^1(12)^1(36)^1/group.2196
work/ext6b/3s1c1__group.639__X01	84744bbd2072ce1830a3190d3df48ce6	carat/tables/qcatalog/dim6/dir.3;1,1;1/ordnung.24/(1)^4(4)^6(8)^1/min.439
work/ext6b/2-2s2-2s1__group.558__X01	84795855a3e1c4f529e726b4c6883763	carat/tables/qcatalog/dim6/dir.2-2;2-2;1;1/ordnung.36/(1)^2(3)^3(9)^1(18)^2/group.2953
work/ext6b/2-2s2-1s1__group.451__X100	847c7a3ae8000684e485b8fcc69fd9ba	carat/tables/qcatalog/dim6/dir.2-2;2-1;1,1/ordnung.48/(1)^2(2)^3(6)^1(72)^1/group.1959
work/ext6b/3s1c1__group.639__T	848d5b04e4429a48c7ae93cd22506eee	carat/tables/qcatalog/dim6/dir.3;1,1,1/ordnung.24/(1)^4(2)^2(4)^3(12)^1/group.3776
work/ext6b/2-2s2-1s1__group.514__X0011	849ecf186cb0efe3a0ae557768cf78fd	carat/tables/qcatalog/dim6/dir.2-2;2-1;1;1/ordnung.96/(1)^4(2)^4(12)^2/group.2390
work/ext6b/2-2s2-1s1__group.440__X11	84a4c45473820d6ef16bd97daf7bf9c0	carat/tables/qcatalog/dim6/dir.2-2;2-1;1;1/ordnung.24/(1)^4(2)^3(6)^1(24)^1(72)^1/group.2090
work/ext6b/2-2s2-1s1__group.449__T	84be8f49b24abe10e36beca26298f80e	carat/tables/qcatalog/dim6/dir.2-2;2-1;1,1/ordnung.24/(1)^4(2)^3(6)^1(24)^1/group.1955
work/ext6b/4-2s1__group.980__X001	84db83c0d60ddd02dd4fac3dfeb0c094	carat/tables/qcatalog/dim6/dir.4-2;1;1/ordnung.72/(1)^6(3)^8(9)^2(18)^2/group.6282
work/ext6b/4-1s1__group.892__C	84fb2359dca1a80ed06541a253ea8c1c	carat/tables/qcatalog/dim6/dir.4-1;1;1/ordnung.192/(2)^10(6)^8/group.4678
work/ext6b/2-2s2-1s1__group.408__X11000	8503a00c2071b2ccabe77d9f2baa5bca	carat/tables/qcatalog/dim6/dir.2-2;2-1;1;1/ordnung.192/(1)^4(2)^4(12)^2/group.2049
work/ext6b/2-2s2-1s1__group.511__X0011	850ba5458159eafd2d19e1b2058114cf	carat/tables/qcatalog/dim6/dir.2-2;2-1;1;1/ordnung.96/(1)^4(2)^4(12)^2/group.2365
work/ext6b/2-2s2-1s1__group.458__X101	85234b0d0ce2e60c7a633be21cc1bd2e	carat/tables/qcatalog/dim6/dir.2-2;2-1;1;1/ordnung.48/(1)^2(2)^4(8)^1(24)^1/group.2137
work/ext6b/2-2s2-2s1__group.527__X10	8544a135259ddf59e9931009f475d8cb	carat/tables/qcatalog/dim6/dir.2-2;2-2;1,1/ordnung.12/(2)^2(6)^2(18)^1/group.2700
work/ext6b/3s2-1__group.698__T	856be78209c2f556004fefc5e5e549e0	carat/tables/qcatalog/dim6/dir.3;2-1;1/ordnung.96/(1)^4(2)^2(4)^6/group.4012
work/ext6b/2-2s1c1c1__group.334__X10	85839f326e7e7dbbf8585424de76b6b1	carat/tables/qcatalog/dim6/dir.2-2;1,1,1,1/ordnung.12/(1)^2(12)^1/group.1687
work/ext6b/2-1s2-1s1__group.313__X1010	85a32cde9f8592bda30df576c9dc0c27	carat/tables/qcatalog/dim6/dir.2-1;2-1;1;1/ordnung.32/(2)^2(4)^4(8)^4/group.1347
work/ext6b/2-2s2-1s1__group.434__C	85aa9d89babe708876ec6afdbf831fe6	carat/tables/qcatalog/dim6/dir.2-2;2-1;1;1/ordnung.48/(1)^4(2)^2(12)^2/group.2161
work/ext6b/3s2-1__group.686__X0111	85c07cc1c0476b08a8e43bf41adce43e	carat/tables/qcatalog/dim6/dir.3;2-1;1/ordnung.384/(1)^4(2)^4(4)^4(8)^2/group.3967
work/ext6b/2-2s2-2s1__group.567__C	85e638fc8b6bf837f3f94677afa430f5	carat/tables/qcatalog/dim6/dir.2-2;2-2;1;1/ordnung.72/(1)^3(3)^3(6)^2/group.3041
work/ext6b/4-2s1__group.993__X0110	85ef4220d137845f4539e9a3fde66a21	carat/tables/qcatalog/dim6/dir.4-2;1;1/ordnung.96/(2)^10(6)^8/group.6299
work/ext6b/3s1c1__group.638__T	85fa0cb6922e4f887e6282fe12aa5d16	carat/tables/qcatalog/dim6/dir.3;1,1;1/ordnung.24/(1)^4(2)^2(4)^4(32)^1/min.437
work/ext6b/2-2s2-2s1__group.584__C	8607312831f1d6b955a87a9e12894983	carat/tables/qcatalog/dim6/dir.2-2;2-2;1;1/ordnung.72/(1)^4(3)^4(18)^2/group.3082
work/ext6b/2-1s1s1s1__group.249__X001	861163741de5b60f973a20905dd87305	carat/tables/qcatalog/dim6/dir.2-1;1;1;1;1/ordnung.16/(2)^4(8)^4/group.1204
work/ext6b/2-2s2-2s1__group.587__C	86185059ac651dc3ab22a756502f8219	carat/tables/qcatalog/dim6/dir.2-2;2-2;1;1/ordnung.72/(1)^5(3)^1(6)^2/group.3103
work/ext6b/3s2-2__group.730__C	86235f7daf74123150ca7e2aca3ee46f	carat/tables/qcatalog/dim6/dir.3;2-2;1/ordnung.48/(2)^10(4)^2(12)^2/group.4270
work/ext6b/4-2s1__group.966__T	8636afab041e37456d67fea11837dbb7	carat/tables/qcatalog/dim6/dir.4-2;1;1/ordnung.72/(1)^5(3)^8(9)^3(18)^2/group.6253
work/ext6b/2-2s2-1s1__group.431__C	863e694c7fc29e8ee909bafc0fca876c	carat/tables/qcatalog/dim6/dir.2-2;2-1;1;1/ordnung.48/(1)^4(2)^2(12)^2/group.2167
work/ext6b/4-2s1__group.963__C	8650ef02bce25891ec3bb358f5655e03	carat/tables/qcatalog/dim6/dir.4-2;1;1/ordnung.144/(1)^4(3)^4(18)^2/group.6029
work/ext6b/2-2s2-1s1__group.513__X0110	86526abe2707610944ef660d88b5d47b	carat/tables/qcatalog/dim6/dir.2-2;2-1;1;1/ordnung.96/(1)^4(2)^4(24)^2/group.2431
work/ext6b/2-2s2-2s1__group.621__X010	86590b4308ef03314b07687df9791073	carat/tables/qcatalog/dim6/dir.2-2;2-2;1,1/ordnung.72/(1)^4(3)^4(18)^1/group.2802
work/ext6b/4-1s1__group.788__X11	8666b23e7e918e1e659ff69c00a8b810	carat/tables/qcatalog/dim6/dir.4-1;1;1/ordnung.16/(2)^2(4)^4(8)^4/group.4660
work/ext6b/2-1s1c1c1__group.224__T	866b9b9a4e7d7ceba9496941b4b2e7ad	carat/tables/qcatalog/dim6/dir.2-1;1,1,1;1/ordnung.16/(2)^4(4)^1(12)^1/group.1109
work/ext6b/2-2s2-2s1__group.542__T	866c6433041f20ddf0d1c0d0499f7eab	carat/tables/qcatalog/dim6/dir.2-2;2-2;1,1/ordnung.18/(3)^6(6)^1/group.2727
work/ext6b/3s2-2__group.722__C	867b59331d29df51eab0b566c23cbd7b	carat/tables/qcatalog/dim6/dir.3;2-2;1/ordnung.288/(1)^8(2)^2(4)^2(12)^2/group.4250
work/ext6b/2-2s1s1s1__group.374__C	867c298a3af13f585ad9859a177e7c5a	carat/tables/qcatalog/dim6/dir.2-2;1;1;1;1/ordnung.48/(1)^2(2)^1(6)^1(12)^2/group.1845
work/ext6b/4-1s1__group.830__X010	868b3a7b174826afcf89e1885f23476d	carat/tables/qcatalog/dim6/dir.4-1;1,1/ordnung.32/(2)^1(4)^6(8)^2/group.4512
work/ext6b/3s2-2__group.728__C	86915ba829ae08cdf7b3a0eb63a156d7	carat/tables/qcatalog/dim6/dir.3;2-2;1/ordnung.48/(2)^6(4)^5(12)^1/group.4282
work/ext6b/2-1s1s1s1__group.249__T	86dc6984ddd0a517470ea45a9680b1ad	carat/tables/qcatalog/dim6/dir.2-1;1;1;1;1/ordnung.16/(2)^4(8)^4/group.1203
work/ext6b/2-2s1c1s1__group.373__X1111	86e0292f5a4847b60b5f0827299c71e8	carat/tables/qcatalog/dim6/dir.2-2;1,1;1;1/ordnung.48/(1)^4(2)^1(6)^1(24)^1/group.1798
work/ext6b/2-2s2-1s1__group.474__T	86e10cbd1e7e790bed3d2b94406a7059	carat/tables/qcatalog/dim6/dir.2-2;2-1;1;1/ordnung.48/(1)^4(2)^3(6)^1(12)^1(36)^1/group.2206
work/ext6b/3s2-1__group.692__T	86f30d006f8451620108d7f542ed67ec	carat/tables/qcatalog/dim6/dir.3;2-1;1/ordnung.96/(1)^4(2)^4(4)^4(8)^2/group.4028
work/ext6b/2-1pc2-1ps1__min.74__T	871442d449b41baee33c7c849928a8e4	carat/tables/qcatalog/dim6/dir.2-1',2-1';1;1/ordnung.4/(2)^2(16)^2/min.203
work/ext6b/2-2s2-2s1__group.551__X011	871ad4712bdf483af249e805ede2433c	carat/tables/qcatalog/dim6/dir.2-2;2-2;1;1/ordnung.24/(2)^5(6)^4(18)^1/group.2923
work/ext6b/2-2s2-1s1__group.506__X1101	8724b7690d43a03d1b61005b29095cff	carat/tables/qcatalog/dim6/dir.2-2;2-1;1;1/ordnung.96/(1)^4(2)^2(12)^2/group.2328
work/ext6b/2-2s2-1s1__group.420__C	87617a1cdda5ac3cc1324d6668d12da6	carat/tables/qcatalog/dim6/dir.2-2;2-1;1;1/ordnung.48/(1)^2(2)^2(4)^1(12)^1/group.2106
work/ext6b/3s2-2__group.746__X10	87627f43b8a33f835fdc941388220241	carat/tables/qcatalog/dim6/dir.3;2-2;1/ordnung.48/(2)^10(4)^2(12)^2/group.4272
work/ext6b/2-2s2-2s1__group.629__X011	876554ac1d834fbbee64700ce6ac14a9	carat/tables/qcatalog/dim6/dir.2-2;2-2;1;1/ordnung.72/(1)^6(3)^2(6)^2/group.3156
work/ext6b/4-2s1__group.915__X010	8772f5a7fb654139530f4db560982083	carat/tables/qcatalog/dim6/dir.4-2;1,1/ordnung.144/(1)^7(3)^8(9)^1(18)^1/group.5926
work/ext6b/3s2-2__group.729__C	87908a03f3f690cb465fe7da83046fe1	carat/tables/qcatalog/dim6/dir.3;2-2;1/ordnung.48/(2)^10(4)^2(12)^2/group.4269
work/ext6b/2-2s2-1s1__group.472__X011	87914bafae353a39907bacb2a12d3c27	carat/tables/qcatalog/dim6/dir.2-2;2-1;1;1/ordnung.48/(1)^4(2)^3(6)^1(12)^1(36)^1/group.2184
work/ext6b/3s2-1__group.685__T	87ef01562f5f933db59085ea975279db	carat/tables/qcatalog/dim6/dir.3;2-1;1/ordnung.192/(1)^4(2)^2(4)^6/group.3895
work/ext6b/4-2s1__group.960__C	87fa6bf7e7a84fa7da420d1c428465d1	carat/tables/qcatalog/dim6/dir.4-2;1;1/ordnung.96/(2)^10(6)^8/group.6303
work/ext6b/2-2s1c1s1__group.358__C	8831b64b1a8ba03473232f34e6969e32	carat/tables/qcatalog/dim6/dir.2-2;1,1;1;1/ordnung.24/(1)^4(6)^2(72)^1/group.1782
work/ext6b/5-2__group.1038__X10	8831b84000779502d6921ac8cf0d0e50	carat/tables/qcatalog/dim6/dir.5-2;1/ordnung.240/(1)^16(2)^2(6)^8/group.7404
work/ext6b/4-1s1__group.827__X101	88540477e998c0881c580e3fbf4a7f6e	carat/tables/qcatalog/dim6/dir.4-1;1;1/ordnung.32/(2)^2(4)^12(8)^4/group.4741
work/ext6b/4-1s1__group.882__X101	886bb240c96ba911b34b5259ac37752b	carat/tables/qcatalog/dim6/dir.4-1;1;1/ordnung.768/(1)^4(2)^12(8)^2/group.4902
work/ext6b/2-2s1c1s1__group.351__X11	88796c184064887dcea74600db410ac7	carat/tables/qcatalog/dim6/dir.2-2;1,1;1,1/ordnung.12/(1)^2(3)^2(12)^2/group.1731
work/ext6b/2-1s1c1s1__group.240__T	8894499dc44b5dda33c70aaf2bfc62bc	carat/tables/qcatalog/dim6/dir.2-1;1,1;1;1/ordnung.8/(2)^4(8)^2(32)^1/min.239
work/ext6b/2-1s2-1s1__group.320__X0110	88951cf7b62de0154e0f5a8669e4041f	carat/tables/qcatalog/dim6/dir.2-1;2-1;1;1/ordnung.64/(2)^6(4)^2(8)^2/group.1479
work/ext6b/2-1s1s1s1__group.272__C	889c1ccf29049454bd740d10dcf874fa	carat/tables/qcatalog/dim6/dir.2-1;1;1;1;1/ordnung.64/(2)^4(4)^4/group.1253
work/ext6b/4-2s1__group.967__X10	88bab9843592ec1a45a3f41d9ceba044	carat/tables/qcatalog/dim6/dir.4-2;1;1/ordnung.72/(1)^6(3)^2(6)^2/group.6261
work/ext6b/3s2-2__group.715__C	88c692807323dfbbfa1ef415fb77b441	carat/tables/qcatalog/dim6/dir.3;2-2;1/ordnung.288/(1)^8(2)^2(4)^2(12)^2/group.4255
work/ext6b/2-2s2-1s1__group.482__X110	88c78b1de83c62ec95fe2493456b7efa	carat/tables/qcatalog/dim6/dir.2-2;2-1;1;1/ordnung.48/(1)^4(2)^4(24)^2/group.2282
work/ext6b/2-1s2-1s1__group.280__C	88d4c9842228ac1dfa799d669a902467	carat/tables/qcatalog/dim6/dir.2-1;2-1;1;1/ordnung.32/(2)^2(4)^2(8)^2/group.1342
work/ext6b/3s2-1__group.677__X011	88ec3a80e20ee6b92e16df1f4118f4e7	carat/tables/qcatalog/dim6/dir.3;2-1;1/ordnung.192/(1)^4(2)^4(4)^4(8)^2/group.3915
work/ext6b/2-2s1c1s1__group.361__C	88ec48c49ce89fe2745a9cfa1aa457f8	carat/tables/qcatalog/dim6/dir.2-2;1,1;1;1/ordnung.24/(1)^4(2)^1(6)^1(24)^1/group.1766
work/ext6b/3s2-1__group.692__X01	88ece54a932dd4be9d3c923fe68a0128	carat/tables/qcatalog/dim6/dir.3;2-1;1/ordnung.96/(1)^4(2)^4(4)^4(8)^2/group.4040
work/ext6b/2-2s2-2s1__group.632__X011	88f5f932dac4b793f609a6d2fc57ec81	carat/tables/qcatalog/dim6/dir.2-2;2-2;1;1/ordnung.72/(1)^6(3)^2(6)^2/group.3159
work/ext6b/2-2s2-1s1__group.518__X0010	8912087d9753a30167184a7ee649790f	carat/tables/qcatalog/dim6/dir.2-2;2-1;1,1/ordnung.96/(1)^4(2)^3(6)^1(24)^1/group.2024
work/ext6b/2-2s2-1s1__group.482__X010	891fe70c715494a01a7bd0f31b19411a	carat/tables/qcatalog/dim6/dir.2-2;2-1;1,1/ordnung.48/(1)^4(2)^3(6)^1(24)^1/group.1994
work/ext6b/3s2-2__group.759__X100	893a73ee3335d8909c0e3aa7e540fbea	carat/tables/qcatalog/dim6/dir.3;2-2;1/ordnung.96/(2)^10(4)^1(12)^2(36)^1/group.4333
work/ext6b/2-2s1c1s1__group.350__X10	89415980f41eaadfbac45a099c646a7d	carat/tables/qcatalog/dim6/dir.2-2;1,1;1;1/ordnung.12/(1)^2(3)^2(6)^2(72)^1/min.330
work/ext6b/2-1s2-1s1__group.322__X1100	8948da87b23bb7f319f71b27394a4eb9	carat/tables/qcatalog/dim6/dir.2-1;2-1;1,1/ordnung.64/(2)^6(4)^2(8)^1/group.1306
work/ext6b/2-2s2-2s1__group.534__X1001	896af08ff58d59cfd7fc11572f761631	carat/tables/qcatalog/dim6/dir.2-2;2-2;1;1/ordnung.144/(1)^6(3)^2(6)^2/group.2898
work/ext6b/3s1s1__group.649__X0111	896cf7ceb9d74fd7d98d2a3f0909abb5	carat/tables/qcatalog/dim6/dir.3;1;1;1/ordnung.192/(1)^4(2)^2(4)^6/group.3833
work/ext6b/2-2s2-1s1__group.514__X0111	896f7b3441be956549b18b2d3ecff5e7	carat/tables/qcatalog/dim6/dir.2-2;2-1;1;1/ordnung.96/(1)^4(2)^4(12)^2/group.2359
work/ext6b/3s2-2__group.734__X111	897c4c36368a759d16a43b64cd8a3403	carat/tables/qcatalog/dim6/dir.3;2-2;1/ordnung.288/(1)^8(2)^2(4)^2(12)^2/group.4236
work/ext6b/4-3s1__group.1017__X01	89c179ce63fea9e1acc678bc723d70f3	carat/tables/qcatalog/dim6/dir.4-3;1,1/ordnung.240/(1)^11(5)^5(10)^1/group.7183
work/ext6b/4-2s1__group.954__X111	89c63e92afdf0602b69fbe64f145cfd0	carat/tables/qcatalog/dim6/dir.4-2;1;1/ordnung.48/(2)^6(6)^4/group.6203
work/ext6b/4-1s1__group.771__T	89c66c45be80dad9b346e578c2d3610b	carat/tables/qcatalog/dim6/dir.4-1;1;1/ordnung.128/(2)^12(4)^4(8)^2/group.4596
work/ext6b/3s2-1__group.698__X10	89d2ecd67b85a8f4f925c66e3233dc16	carat/tables/qcatalog/dim6/dir.3;2-1;1/ordnung.96/(1)^4(2)^2(4)^4(8)^2/group.4005
work/ext6b/2-2s2-2s1__group.522__C	89f03f5b7a6f89a287ddc1cc2c75c7a0	carat/tables/qcatalog/dim6/dir.2-2;2-2;1;1/ordnung.24/(2)^4(6)^2/group.2916
work/ext6b/4-1s1__group.894__X11	89f0a9bd2aab5475b5f22344eb61a9af	carat/tables/qcatalog/dim6/dir.4-1;1;1/ordnung.96/(1)^4(2)^6(6)^6(24)^2/group.4907
work/ext6b/2-1s2-1s1__group.285__X001	89f246a419cb7b314de1d6517ed05677	carat/tables/qcatalog/dim6/dir.2-1;2-1;1;1/ordnung.16/(2)^2(4)^4(8)^4/group.1332
work/ext6b/4-3ps1__group.996__X10	8a04db81cc55000ad3e8690f0757207c	carat/tables/qcatalog/dim6/dir.4-3';1,1/ordnung.10/(1)^2(5)^6(50)^1/group.7095
work/ext6b/2-2s2-2s1__group.563__X11	8a1e33f76e9b4197462d6b7dbe15a0d5	carat/tables/qcatalog/dim6/dir.2-2;2-2;1;1/ordnung.36/(1)^3(3)^3(6)^2/group.2980
work/ext6b/5-1__group.1026__T	8a55739ef10bc6fe24ca98e418470350	carat/tables/qcatalog/dim6/dir.5-1;1/ordnung.160/(1)^8(2)^1(4)^16(8)^1/group.7348
work/ext6b/2-2s2-2s1__group.630__X101	8a69807d60cef349af47eef4bb979893	carat/tables/qcatalog/dim6/dir.2-2;2-2;1,1/ordnung.72/(1)^5(3)^3(6)^1/group.2806
work/ext6b/2-2s1c1s1__group.362__X01	8a7bc4ecbdebe25b980a591227fe1655	carat/tables/qcatalog/dim6/dir.2-2;1,1;1,1/ordnung.12/(1)^4(12)^2/group.1735
work/ext6b/4-2s1__group.939__T	8a994d8c93f0a770e26b0aee540f6756	carat/tables/qcatalog/dim6/dir.4-2;1;1/ordnung.288/(1)^10(3)^6(6)^2/group.6139
work/ext6b/5-1__group.1029__T	8a9fff321bbc8ca79720d9d73ab6a049	carat/tables/qcatalog/dim6/dir.5-1;1/ordnung.1920/(1)^16(2)^1(4)^8(8)^1/group.7353
work/ext6b/2-2s2-1s1__group.470__X001	8ac18ba34c61e156af44c71d880a4080	carat/tables/qcatalog/dim6/dir.2-2;2-1;1,1/ordnung.48/(1)^4(2)^1(6)^3(24)^1/group.1984
work/ext6b/4-1s1__group.846__X01	8adf6b7450be35f60d27228adcd0bee8	carat/tables/qcatalog/dim6/dir.4-1;1,1/ordnung.48/(2)^5(6)^4/group.4535
work/ext6b/3s2-2__group.739__X101	8b0503b5f140d4353d8df18b3b1bbafb	carat/tables/qcatalog/dim6/dir.3;2-2;1/ordnung.288/(1)^8(2)^2(4)^1(12)^2(36)^1/group.4198
work/ext6b/3s2-2__max.10__T	8b05133e6c03b1bf2d5a000bdc206399	carat/tables/qcatalog/dim6/dir.3;2-2;1/ordnung.576/(1)^8(2)^2(4)^2(12)^2/group.4302
work/ext6b/4-3ps1__group.1000__T	8b1c90a427ef91362bb7a91a2e28a684	carat/tables/qcatalog/dim6/dir.4-3';1;1/ordnung.20/(1)^3(5)^5(10)^1(50)^1/group.7108
work/ext6b/4-2s1__group.977__X11	8b202c29e9cd9a6dd1f40e44f7ed9fdb	carat/tables/qcatalog/dim6/dir.4-2;1;1/ordnung.72/(1)^6(3)^8(9)^2(18)^2/group.6271
work/ext6b/2-2s2-2s1__group.568__X01	8b26a10c6ccb97f13227fc3992cd2a9b	carat/tables/qcatalog/dim6/dir.2-2;2-2;1,1/ordnung.36/(1)^2(3)^4(6)^1/group.2743
work/ext6b/2-2s1c1s1__group.352__X10	8b585fbcbd8d7a7b9062ae6922c984b9	carat/tables/qcatalog/dim6/dir.2-2;1,1;1,1/ordnung.12/(1)^2(4)^1(12)^1/group.1734
work/ext6b/4-1s1__group.799__T	8b7fb199dfcaf369bb70f00e2f7a8e7f	carat/tables/qcatalog/dim6/dir.4-1;1;1/ordnung.192/(1)^2(2)^12(4)^2(8)^2/group.4663
work/ext6b/2-2s2-1s1__group.501__C	8b82ee70057af3c17b3b29dfb3613b83	carat/tables/qcatalog/dim6/dir.2-2;2-1;1;1/ordnung.96/(1)^4(2)^4(12)^2/group.2382
work/ext6b/4-1s1__group.786__C	8b9119c8ae9256010b868ea323f8d693	carat/tables/qcatalog/dim6/dir.4-1;1;1/ordnung.32/(2)^2(4)^6(8)^2/group.4756
work/ext6b/4-2ps1__group.895__C	8ba7c1b37c378c6419ff9f059e04bcc6	carat/tables/qcatalog/dim6/dir.4-2';1;1/ordnung.48/(2)^4(6)^2/group.5865
work/ext6b/3s2-2__group.727__X01	8bb2fecc0eeb2f331c32f304dbd463f1	carat/tables/qcatalog/dim6/dir.3;2-2;1/ordnung.24/(2)^6(4)^3(12)^3/group.4161
work/ext6b/4-2s1__group.931__X10	8bb856ec540f291c15f2b0c3a45163ee	carat/tables/qcatalog/dim6/dir.4-2;1;1/ordnung.24/(2)^6(6)^4/min.582
work/ext6b/2-2pc2-2ps1__group.327__C	8bc86e4edaa6fb2be2b2c72c31bb5131	carat/tables/qcatalog/dim6/dir.2-2',2-2';1;1/ordnung.12/(2)^3(6)^1/group.1615
work/ext6b/2-1s2-1s1__group.293__C	8bd0534a9d98f44e0032901021cbaa04	carat/tables/qcatalog/dim6/dir.2-1;2-1;1;1/ordnung.64/(2)^4(4)^4/group.1449
work/ext6b/2-2s1c1s1__group.351__C	8bd62b355d2742cade7085f9c78a98a0	carat/tables/qcatalog/dim6/dir.2-2;1,1;1;1/ordnung.24/(1)^3(3)^1(6)^2(24)^1/group.1761
work/ext6b/3s2-1__group.682__X111	8c01432c6569791a17d282566e26d9f4	carat/tables/qcatalog/dim6/dir.3;2-1;1/ordnung.192/(1)^4(2)^4(4)^6/group.3931
work/ext6b/2-2s1c1s1__group.369__X110	8c06674b3803bb343af6438d9632e3fa	carat/tables/qcatalog/dim6/dir.2-2;1,1;1;1/ordnung.24/(1)^4(2)^1(6)^1(24)^1/group.1772
work/ext6b/2-2s2-2s1__group.606__X111	8c0dc3a2ddcb9c496f02635fa1cf045f	carat/tables/qcatalog/dim6/dir.2-2;2-2;1;1/ordnung.72/(1)^5(3)^1(6)^2/group.3096
work/ext6b/4-1s1__group.875__X010	8c111a831c7149421d4fe36fbf9e21ec	carat/tables/qcatalog/dim6/dir.4-1;1,1/ordnung.64/(2)^8(4)^8(8)^1/group.4566
work/ext6b/5-1__group.1032__X11	8c132c2e7c0f08b4c89787deb7935b1a	carat/tables/qcatalog/dim6/dir.5-1;1/ordnung.320/(1)^8(2)^2(4)^16/group.7365
work/ext6b/3s2-1__group.686__X0010	8c31ab1b352013b8b76e6077a03adf7e	carat/tables/qcatalog/dim6/dir.3;2-1;1/ordnung.384/(1)^4(2)^4(4)^6/group.3980
work/ext6b/2-2s1s1s1__group.400__T	8c6c9b705077f570d715e9b1d77b415e	carat/tables/qcatalog/dim6/dir.2-2;1;1;1;1/ordnung.48/(1)^4(4)^2(12)^2/group.1884
work/ext6b/2-2s2-2s1__group.613__X001	8c7e594d4b726bdb4fb6d280ee549cb1	carat/tables/qcatalog/dim6/dir.2-2;2-2;1;1/ordnung.72/(1)^5(3)^3(6)^1(18)^1/group.3124
work/ext6b/2-2s2-2s1__group.595__C	8c9271dee83c1e839f19f95ee32c64ed	carat/tables/qcatalog/dim6/dir.2-2;2-2;1;1/ordnung.96/(2)^6(6)^4/group.3162
work/ext6b/2-2s1s1s1__group.381__T	8c9a3da0f129c9d42fcd19994decbbb6	carat/tables/qcatalog/dim6/dir.2-2;1;1;1;1/ordnung.24/(1)^4(6)^2(36)^2/group.1844
work/ext6b/2-2s2-1s1__group.452__X001	8cb619cd32c6ed22e3c433d1f49e0b7c	carat/tables/qcatalog/dim6/dir.2-2;2-1;1;1/ordnung.48/(1)^2(2)^4(4)^1(12)^1/group.2127
work/ext6b/5-2__max.15__X11	8cca30aa5ce078af7f50c71da50b80f1	carat/tables/qcatalog/dim6/dir.5-2;1/ordnung.1440/(1)^16(2)^2(6)^8/group.7395
work/ext6b/4-1s1__group.837__X11	8cd681641cab395db66f1b04b3c21deb	carat/tables/qcatalog/dim6/dir.4-1;1;1/ordnung.384/(1)^4(2)^12(8)^2/group.4786
work/ext6b/4-2s1__group.959__X100	8d0fe47f536aeff8d2aa9fc70a104176	carat/tables/qcatalog/dim6/dir.4-2;1;1/ordnung.48/(2)^10(6)^8/group.6191
work/ext6b/4-1s1__group.878__X110	8d172464ac6df72c4309f76e428e1bf2	carat/tables/qcatalog/dim6/dir.4-1;1;1/ordnung.64/(2)^2(4)^12(8)^4/group.4822
work/ext6b/4-2s1__group.993__X1101	8d1beef49b5e2c49d794ccebc0a55ecb	carat/tables/qcatalog/dim6/dir.4-2;1;1/ordnung.96/(2)^10(6)^8/group.6295
work/ext6b/4-3ps1__group.1000__C	8d1e25db46c0d81c81f1c07b7399bdee	carat/tables/qcatalog/dim6/dir.4-3';1;1/ordnung.40/(1)^3(5)^5(10)^1(50)^1/group.7114
work/ext6b/2-1s1c1c1__min.79__T	8d2c2ca37eb67ed6403a5e122b76c00c	carat/tables/qcatalog/dim6/dir.2-1;1,1,1,1/ordnung.4/(2)^2(16)^1/min.219
work/ext6b/2-1s1c1c1__group.225__T	8d3b2d557c0a97646cfb7c2bb83aa25a	carat/tables/qcatalog/dim6/dir.2-1;1,1,1,1/ordnung.8/(2)^4(16)^1/group.1106
work/ext6b/4-1s1__group.894__C	8d4131d9b5468aaa368e40462769eb30	carat/tables/qcatalog/dim6/dir.4-1;1;1/ordnung.192/(1)^4(2)^6(6)^6(12)^2/group.4666
work/ext6b/2-2s2-1s1__group.408__X11111	8d448303663eb9401ffc5b00e9c4b37e	carat/tables/qcatalog/dim6/dir.2-2;2-1;1;1/ordnung.192/(1)^4(2)^4(12)^2/group.2045
work/ext6b/2-1s1c1c1__min.80__T	8d731c27eaee3868a1e0f3ead9cf001a	carat/tables/qcatalog/dim6/dir.2-1;1,1,1;1/ordnung.4/(2)^1(4)^2(24)^1/min.221
work/ext6b/2-2s2-1s1__group.474__X101	8d7b27fb46d8d07768cfe30125635645	carat/tables/qcatalog/dim6/dir.2-2;2-1;1;1/ordnung.48/(1)^4(2)^3(6)^1(24)^1(72)^1/group.2214
work/ext6b/4-2s1__min.157__X01	8d8e10c74dbd1a3344e5d1aeba7260e5	carat/tables/qcatalog/dim6/dir.4-2;1;1/ordnung.18/(3)^8(18)^2/min.575
work/ext6b/3s2-1__group.678__X110	8db349ff89ba84fef0baeeda87854760	carat/tables/qcatalog/dim6/dir.3;2-1;1/ordnung.192/(1)^4(2)^4(4)^6/group.3934
work/ext6b/2-1s1c1s1__group.235__T	8dbef443b4c38601a1f6271cfbc249f3	carat/tables/qcatalog/dim6/dir.2-1;1,1;1;1/ordnung.16/(2)^4(4)^2(32)^1/group.1154
work/ext6b/5-1__group.1033__T	8dc9356e34922a6249c64ca2dd44bb9c	carat/tables/qcatalog/dim6/dir.5-1;1/ordnung.640/(1)^16(2)^2(4)^8/group.7381
work/ext6b/2-2s2-2s1__group.535__X0011	8df4a7073520666545fcc05fd40caabf	carat/tables/qcatalog/dim6/dir.2-2;2-2;1;1/ordnung.144/(1)^6(3)^2(6)^2/group.2881
work/ext6b/2-1s2-1s1__group.279__X11	8df4bd9a4333bb9b59c1740c057bcc75	carat/tables/qcatalog/dim6/dir.2-1;2-1;1,1/ordnung.16/(2)^4(8)^3/group.1268
work/ext6b/4-1s1__group.841__T	8e0045598156d2bf0d00ec2879ba52d5	carat/tables/qcatalog/dim6/dir.4-1;1;1/ordnung.48/(2)^6(4)^4/group.4807
work/ext6b/4-1s1__group.880__X1010	8e2816ca137e6478d217f6759ec4c50e	carat/tables/qcatalog/dim6/dir.4-1;1;1/ordnung.64/(2)^2(4)^12(8)^4/group.4828
work/ext6b/2-2s2-1s1__group.507__X0101	8e285560db93ecaf0811e4229c65d229	carat/tables/qcatalog/dim6/dir.2-2;2-1;1;1/ordnung.96/(1)^4(2)^3(6)^1(12)^1(36)^1/group.2347
work/ext6b/2-2s2-1s1__group.479__C	8e49afcd1cfeae0fe5d16e5d96329a61	carat/tables/qcatalog/dim6/dir.2-2;2-1;1;1/ordnung.96/(1)^4(2)^4(12)^2/group.2394
work/ext6b/2-2s1c1s1__group.346__C	8e5799ac0d48d19ae7d466efd58ae888	carat/tables/qcatalog/dim6/dir.2-2;1,1;1;1/ordnung.24/(1)^2(3)^2(6)^2(72)^1/group.1754
work/ext6b/2-2s2-1s1__group.424__X11	8e675ebc2b4e27d22fa21f554e76e300	carat/tables/qcatalog/dim6/dir.2-2;2-1;1;1/ordnung.24/(1)^2(4)^3(12)^1/group.2069
work/ext6b/2-2s2-2s1__group.564__T	8e72d8c1d12bd7371a7e5c732e1d5b55	carat/tables/qcatalog/dim6/dir.2-2;2-2;1;1/ordnung.36/(1)^3(3)^3(6)^2/group.2981
work/ext6b/2-1s1c1s1__group.233__C	8e913328b8269985b511a279cd92af73	carat/tables/qcatalog/dim6/dir.2-1;1,1;1;1/ordnung.32/(2)^4(4)^2(8)^1/group.1176
work/ext6b/3s1s1__group.655__C	8e98c3e9b0c294b442429e0f2ce3b14e	carat/tables/qcatalog/dim6/dir.3;1;1;1/ordnung.96/(1)^4(2)^2(4)^4(8)^2/group.3859
work/ext6b/4-2s1__group.957__C	8ec61b4482879fe1a5445bc876e94be3	carat/tables/qcatalog/dim6/dir.4-2;1;1/ordnung.96/(2)^10(6)^8/group.6300
work/ext6b/2-2s2-2s1__group.546__T	8ed1dc45d375ca7ecc3038306cfa91d0	carat/tables/qcatalog/dim6/dir.2-2;2-2;1,1/ordnung.18/(1)^2(3)^2(18)^1/group.2719
work/ext6b/2-2s1s1s1__group.381__X101	8edfe9cf84cf5abcf851571c64a0698e	carat/tables/qcatalog/dim6/dir.2-2;1;1;1;1/ordnung.24/(1)^4(4)^1(12)^2(36)^1/group.1837
work/ext6b/4-2s1__group.926__X01	8ee1f58053d24a24ece8ecd9d527ed22	carat/tables/qcatalog/dim6/dir.4-2;1,1/ordnung.24/(2)^3(6)^2/group.5936
work/ext6b/2-1s2-1s1__group.288__X011	8ef19ab2bb7804ed91a17fd58818a677	carat/tables/qcatalog/dim6/dir.2-1;2-1;1;1/ordnung.32/(2)^4(8)^4/group.1432
work/ext6b/2-2s2-1s1__group.503__C	8f0d801074124cd34d28e74b89847225	carat/tables/qcatalog/dim6/dir.2-2;2-1;1;1/ordnung.96/(1)^4(2)^4(12)^2/group.2356
work/ext6b/2-2s1c1s1__min.106__T	8f27db81f5f5a0b183d612501d6e650f	carat/tables/qcatalog/dim6/dir.2-2;1,1;1,1/ordnung.6/(1)^2(12)^1(36)^1/min.319
work/ext6b/4-2s1__group.904__X001	8f316c6514a78f659991db7273e751cb	carat/tables/qcatalog/dim6/dir.4-2;1,1/ordnung.144/(1)^5(3)^8(9)^3(18)^1/group.5915
work/ext6b/2-2s2-1s1__group.443__T	8f3709647c369b8ca3230457e5c54762	carat/tables/qcatalog/dim6/dir.2-2;2-1;1,1/ordnung.24/(1)^4(2)^1(6)^3(24)^1/group.1944
work/ext6b/2-2s2-2s1__group.522__T	8f60dd204ea2f449142a4a9dc060212b	carat/tables/qcatalog/dim6/dir.2-2;2-2;1,1/ordnung.12/(2)^3(6)^2/group.2701
work/ext6b/2-2s2-1s1__group.509__X1111	8f72eb8ed39d765bb1dd691fec5bd7ad	carat/tables/qcatalog/dim6/dir.2-2;2-1;1;1/ordnung.96/(1)^4(2)^4(24)^2/group.2430
work/ext6b/4-1s1__group.792__C	8f8acb173626b5a932b072d808164347	carat/tables/qcatalog/dim6/dir.4-1;1;1/ordnung.384/(2)^18/group.4795
work/ext6b/3s2-2__group.722__X011	8fa0393714a4eefe36d35d0ed606cbbc	carat/tables/qcatalog/dim6/dir.3;2-2;1/ordnung.144/(1)^8(2)^1(4)^2(12)^2(72)^1/group.4108
work/ext6b/4-1s1__group.878__X101	8fa9b63bea1484060ac9e777a2bfd8fc	carat/tables/qcatalog/dim6/dir.4-1;1;1/ordnung.64/(2)^2(4)^12(8)^4/group.4824
work/ext6b/1s1s1s1s1__group.217__X1001	8faeb6ff98bb45ef15aa25c26104325d	carat/tables/qcatalog/dim6/dir.1;1;1;1;1;1/ordnung.16/(2)^2(8)^4/group.1074
work/ext6b/4-2s1__group.904__X110	8fcbab1f9853824938fe67ab6042cef3	carat/tables/qcatalog/dim6/dir.4-2;1;1/ordnung.144/(1)^6(3)^8(9)^2(18)^2/group.6063
work/ext6b/4-1s1__group.824__X100	8fcd559cd91afd1c68f75d1380fc422e	carat/tables/qcatalog/dim6/dir.4-1;1,1/ordnung.32/(2)^1(4)^14(8)^2/group.4506
work/ext6b/4-3s1__group.1006__X10	8fd0eacbc97d33c9b7b82e521346780b	carat/tables/qcatalog/dim6/dir.4-3;1;1/ordnung.120/(1)^11(5)^5(10)^1(50)^1/group.7194
work/ext6b/4-2s1__group.931__X01	8fe681dc26f5a3a20d8552652751e2c8	carat/tables/qcatalog/dim6/dir.4-2;1,1/ordnung.24/(2)^5(6)^4/group.5941
work/ext6b/2-2s1c1c1__group.336__X01	8fefa743b7b964bb55f2228e065479cd	carat/tables/qcatalog/dim6/dir.2-2;1,1,1,1/ordnung.12/(1)^3(3)^1(12)^1/group.1689
work/ext6b/3s2-2__group.711__X11	8ff8a98d9c0f52a8ccd85837272e237a	carat/tables/qcatalog/dim6/dir.3;2-2;1/ordnung.144/(1)^6(2)^2(4)^4(12)^2/group.4103
work/ext6b/2-2s2-1s1__group.417__C	902b60ac6939048456bd7808002068ae	carat/tables/qcatalog/dim6/dir.2-2;2-1;1;1/ordnung.48/(1)^2(2)^4(4)^1(12)^1/group.2122
work/ext6b/4-1s1__group.845__X101	90333d99f92901f23bfbc8286a956644	carat/tables/qcatalog/dim6/dir.4-1;1;1/ordnung.48/(2)^6(6)^4/group.4810
work/ext6b/4-1s1__group.800__T	903daaff717b30c76f557bc172520661	carat/tables/qcatalog/dim6/dir.4-1;1,1/ordnung.192/(1)^2(2)^12(4)^2(8)^1/group.4478
work/ext6b/2-1s2-1s1__group.303__X101	9046d7ffcbed3465d3a65f3ee0b693ff	carat/tables/qcatalog/dim6/dir.2-1;2-1;1;1/ordnung.32/(2)^4(4)^4(8)^2/group.1425
work/ext6b/4-2s1__group.933__X10	904cb679e31c724e76575d366db00034	carat/tables/qcatalog/dim6/dir.4-2;1,1/ordnung.24/(2)^5(6)^4/group.5944
work/ext6b/3s2-1__group.680__X111	9062da9edf737626db899f0bd98d2fc0	carat/tables/qcatalog/dim6/dir.3;2-1;1/ordnung.192/(1)^4(2)^4(4)^4(8)^2/group.3910
work/ext6b/4-3s1__group.1017__C	90683fe8bd5973ab04be3268b39889ed	carat/tables/qcatalog/dim6/dir.4-3;1;1/ordnung.480/(1)^12(5)^4(10)^2/group.7220
work/ext6b/2-2s2-2s1__group.528__X0101	908275d2c07c1eef5e40faa24a439701	carat/tables/qcatalog/dim6/dir.2-2;2-2;1;1/ordnung.144/(1)^5(3)^1(6)^2/group.2840
work/ext6b/2-2s2-2s1__group.562__T	9099665f9b2ffd83e1dad9e78a9c9ad1	carat/tables/qcatalog/dim6/dir.2-2;2-2;1;1/ordnung.36/(1)^2(3)^4(6)^1(18)^1/group.2955
work/ext6b/4-1s1__min.149__X10	909d47207478b0083be8aa7e93b8e89e	carat/tables/qcatalog/dim6/dir.4-1;1;1/ordnung.32/(2)^2(4)^12(8)^4/min.500
work/ext6b/3s1s1__group.651__X11	90b2d424e0d8405d2732cd8d375834e7	carat/tables/qcatalog/dim6/dir.3;1;1;1/ordnung.48/(1)^2(4)^10/min.443
work/ext6b/2-2s2-1s1__group.483__C	90b3ffc3f31bc4f58a9b3aeb47d9b2ff	carat/tables/qcatalog/dim6/dir.2-2;2-1;1;1/ordnung.96/(1)^4(2)^4(12)^2/group.2416
work/ext6b/4-2s1__group.931__X11	90bad613c2771090d8224c924586360a	carat/tables/qcatalog/dim6/dir.4-2;1;1/ordnung.24/(2)^6(6)^4/group.6112
work/ext6b/4-2s1__group.981__T	90c9cf99813cb9dc167d517518bbead2	carat/tables/qcatalog/dim6/dir.4-2;1,1/ordnung.72/(1)^5(3)^8(9)^3(18)^1/group.5996
work/ext6b/2-2s2-1s1__group.512__X0111	90dcf31ee746e91d741d6dd756063dcf	carat/tables/qcatalog/dim6/dir.2-2;2-1;1;1/ordnung.96/(1)^4(2)^4(24)^2/group.2434
work/ext6b/3s2-2__group.734__C	90e09eb65acaaa757bd68690523ae727	carat/tables/qcatalog/dim6/dir.3;2-2;1/ordnung.576/(1)^8(2)^2(4)^2(12)^2/group.4306
work/ext6b/2-2s1c1c1__group.335__X10	90f064b3e304f58d81eec7fff81d2673	carat/tables/qcatalog/dim6/dir.2-2;1,1,1;1/ordnung.12/(1)^3(3)^1(6)^1(54)^1/group.1709
work/ext6b/2-2s2-1s1__group.486__X011	91077fc02d8f6a7e77edd66320b9cf8c	carat/tables/qcatalog/dim6/dir.2-2;2-1;1;1/ordnung.48/(1)^4(2)^4(24)^2/group.2295
work/ext6b/3s1c1__group.640__C	910c4b08681b77d188b1942022dfa6db	carat/tables/qcatalog/dim6/dir.3;1,1;1/ordnung.48/(1)^4(2)^2(4)^4(8)^1/group.3802
work/ext6b/4-1s1__group.824__C	910c650638769fca056a7104b2437e18	carat/tables/qcatalog/dim6/dir.4-1;1;1/ordnung.64/(2)^2(4)^14(8)^2/group.4841
work/ext6b/2-1c2-1s1__group.223__X101	912d4327d1777c0bf7c95ce7cce85ef1	carat/tables/qcatalog/dim6/dir.2-1,2-1;1;1/ordnung.16/(2)^2(4)^2(8)^2/group.1092
work/ext6b/4-1s1__group.880__X0110	913a5b88b4061b386f1a4fd07ce3316e	carat/tables/qcatalog/dim6/dir.4-1;1;1/ordnung.64/(2)^2(4)^12(8)^4/group.4830
work/ext6b/2-1s2-1s1__group.299__T	9158913c39032a43554be97ea466c795	carat/tables/qcatalog/dim6/dir.2-1;2-1;1;1/ordnung.32/(2)^4(4)^4(8)^2/group.1418
work/ext6b/2-2s2-2s1__group.539__T	91781984a35c086410db96f55cba591a	carat/tables/qcatalog/dim6/dir.2-2;2-2;1;1/ordnung.18/(1)^2(3)^2(18)^2/min.409
work/ext6b/2-2s2-2s1__group.568__C	9180002ead072867ffbf0efc9a1204dd	carat/tables/qcatalog/dim6/dir.2-2;2-2;1;1/ordnung.72/(1)^3(3)^3(6)^2/group.3035
work/ext6b/2-2s2-1s1__min.127__T	9197d3ebf52c9cfba6f2157799cfdae9	carat/tables/qcatalog/dim6/dir.2-2;2-1;1,1/ordnung.12/(1)^3(3)^1(6)^2(24)^1/min.364
work/ext6b/3s1s1__group.658__X10	91c675a4fb0dc6d52495ac80953d0493	carat/tables/qcatalog/dim6/dir.3;1;1;1/ordnung.48/(1)^4(2)^2(4)^4(8)^2/min.447
work/ext6b/4-1s1__group.855__T	91c9b4083c526714a58a5d41fb861c7e	carat/tables/qcatalog/dim6/dir.4-1;1;1/ordnung.576/(1)^6(2)^10(4)^2/group.4817
work/ext6b/4-2s1__group.917__X110	9217835a90b10c5f4d9a2f71e89ea399	carat/tables/qcatalog/dim6/dir.4-2;1;1/ordnung.144/(1)^10(3)^6(6)^2/group.6027
work/ext6b/5-1__group.1030__C	92233f8f7e2c659c549cdcea99e293be	carat/tables/qcatalog/dim6/dir.5-1;1/ordnung.640/(1)^16(2)^2(4)^8/group.7377
work/ext6b/4-2s1__group.993__C	9238c7689eb62adeb3bdc802ab5dfe94	carat/tables/qcatalog/dim6/dir.4-2;1;1/ordnung.192/(2)^10(6)^8/group.6101
work/ext6b/2-2s2-2s1__group.582__X01	9248ae2485f10e226fe37d64745a5340	carat/tables/qcatalog/dim6/dir.2-2;2-2;1;1/ordnung.36/(1)^3(3)^4(9)^1(18)^2/group.2987
work/ext6b/4-2s1__max.12__X0010	9289204c12fff9ca996647b437f63bcc	carat/tables/qcatalog/dim6/dir.4-2;1,1/ordnung.576/(1)^9(3)^7(6)^1/group.5973
work/ext6b/2-2s2-2s1__group.536__T	9297f08d1709a4f7045bd402c49254b1	carat/tables/qcatalog/dim6/dir.2-2;2-2;1;1/ordnung.144/(1)^5(3)^3(6)^1(18)^1/group.2848
work/ext6b/4-2s1__group.967__X11	92b8af08a53b1c365e7733de36632440	carat/tables/qcatalog/dim6/dir.4-2;1;1/ordnung.72/(1)^6(3)^2(6)^2/group.6259
work/ext6b/4-1s1__group.859__X010	92c5d76149faac5862385c508f459f8a	carat/tables/qcatalog/dim6/dir.4-1;1,1/ordnung.64/(2)^4(4)^4(8)^1/group.4549
work/ext6b/2-2s2-2s1__group.614__T	92cba5daaed59125e451e5fed7e0f63b	carat/tables/qcatalog/dim6/dir.2-2;2-2;1;1/ordnung.72/(1)^5(3)^3(6)^1(18)^1/group.3110
work/ext6b/3s1s1__group.663__C	92d71ed6aa23ee3472ff61d1d6f9ce96	carat/tables/qcatalog/dim6/dir.3;1;1;1/ordnung.96/(1)^4(2)^2(4)^6/group.3875
work/ext6b/3s2-2__group.743__X01	92df67a73043009549132ad024da1eff	carat/tables/qcatalog/dim6/dir.3;2-2;1/ordnung.48/(2)^5(4)^6(24)^1/group.4277
work/ext6b/4-2s1__group.927__X01	92e413a96177a2e5613a59105676afbb	carat/tables/qcatalog/dim6/dir.4-2;1;1/ordnung.24/(2)^6(6)^4/min.576
work/ext6b/4-2s1__group.971__X01	92eb54e21c9d2da5146e58924ddf10b3	carat/tables/qcatalog/dim6/dir.4-2;1;1/ordnung.72/(1)^6(3)^8(9)^2(18)^2/group.6270
work/ext6b/2-1s1c1s1__group.238__X1111	92ecd06333fc8aa3e4dc504bf4fb1fd9	carat/tables/qcatalog/dim6/dir.2-1;1,1;1;1/ordnung.32/(2)^4(4)^2(8)^1/group.1178
work/ext6b/3s2-2__group.738__X100	92f03cdb859247bd28d93eb1f4e7b48b	carat/tables/qcatalog/dim6/dir.3;2-2;1/ordnung.288/(1)^8(2)^2(4)^2(12)^2/group.4240
work/ext6b/3s2-2__group.740__X010	9303e101df84d81303211bd24661bc99	carat/tables/qcatalog/dim6/dir.3;2-2;1/ordnung.288/(1)^8(2)^2(4)^2(12)^2/group.4231
work/ext6b/5-1__group.1024__C	931540d0cbc13c0009f132aa2318599e	carat/tables/qcatalog/dim6/dir.5-1;1/ordnung.320/(1)^4(2)^2(4)^20/group.7362
work/ext6b/2-2s2-2s1__group.619__X111	9318fe2a630e75918f7296c32775e1a7	carat/tables/qcatalog/dim6/dir.2-2;2-2;1;1/ordnung.72/(1)^5(3)^3(6)^1(18)^1/group.3131
work/ext6b/4-3s1__max.13__X101	933dbf7c7ed8c74ffac07e120d265669	carat/tables/qcatalog/dim6/dir.4-3;1;1/ordnung.480/(1)^12(5)^4(10)^2/group.7221
work/ext6b/2-1s1c1s1__group.230__X010	933ffb79081ac91fdfd37d4a8249d5c1	carat/tables/qcatalog/dim6/dir.2-1;1,1;1;1/ordnung.16/(2)^4(4)^2(32)^1/group.1147
work/ext6b/3s2-1__group.684__X010	9359cbf25f7795793f99579e06ce05c7	carat/tables/qcatalog/dim6/dir.3;2-1;1/ordnung.192/(1)^4(2)^4(4)^6/group.3943
work/ext6b/4-2s1__group.917__C	937342ea060deaf22b2ae03455786938	carat/tables/qcatalog/dim6/dir.4-2;1;1/ordnung.288/(1)^10(3)^6(6)^2/group.6142
work/ext6b/2-2s1s1s1__group.377__X001	9383d4e3f11e90b694d9cd8687af782c	carat/tables/qcatalog/dim6/dir.2-2;1;1;1;1/ordnung.24/(1)^2(2)^2(4)^1(12)^1/group.1814
work/ext6b/4-1s1__group.832__X001	938f986a306ba87567d3618a2681882f	carat/tables/qcatalog/dim6/dir.4-1;1,1/ordnung.384/(2)^17/group.4525
work/ext6b/4-2s1__group.946__C	9394d1f557243eadb1e6f9cb2d5816bb	carat/tables/qcatalog/dim6/dir.4-2;1;1/ordnung.72/(1)^4(3)^4(18)^2/group.6243
work/ext6b/4-1s1__group.776__X1000	93b3a020272d5ba73c453f7e279f8b09	carat/tables/qcatalog/dim6/dir.4-1;1;1/ordnung.128/(2)^8(4)^10/group.4615
work/ext6b/3s2-2__group.714__T	93b69356cc03e810a484f894a58ad932	carat/tables/qcatalog/dim6/dir.3;2-2;1/ordnung.144/(1)^8(2)^2(4)^2(12)^2/group.4140
work/ext6b/2-1s1c1c1__group.227__X01	93c36909d27aa9d0df663d65a9a1918a	carat/tables/qcatalog/dim6/dir.2-1;1,1,1;1/ordnung.8/(2)^4(8)^1(24)^1/min.224
work/ext6b/2-2s2-1s1__group.413__C	93c5389a52c5fe943c21b752b0559b36	carat/tables/qcatalog/dim6/dir.2-2;2-1;1;1/ordnung.48/(1)^2(2)^4(4)^1(12)^1/group.2128
work/ext6b/3s1s1__group.670__C	93c854954a1e77b1e4a1676e75926f97	carat/tables/qcatalog/dim6/dir.3;1;1;1/ordnung.192/(1)^4(2)^2(4)^6/group.3842
work/ext6b/2-1s1s1s1__group.253__X101	93d14e0d23e6c51d0dbf78375eead673	carat/tables/qcatalog/dim6/dir.2-1;1;1;1;1/ordnung.16/(2)^4(4)^2(16)^2/group.1199
work/ext6b/4-2s1__group.922__C	9414136ef2b1eea233c7b01991e5f400	carat/tables/qcatalog/dim6/dir.4-2;1;1/ordnung.288/(1)^10(3)^6(6)^2/group.6141
work/ext6b/2-2s1c1c1__group.337__T	9469e73925f7d35d144c3412f27683ff	carat/tables/qcatalog/dim6/dir.2-2;1,1,1,1/ordnung.12/(1)^3(3)^1(12)^1/group.1690
work/ext6b/3s2-1__group.692__X11	946e0333f55dcea89d299212ef4fdf1a	carat/tables/qcatalog/dim6/dir.3;2-1;1/ordnung.96/(1)^4(2)^4(4)^4(8)^2/group.4026
work/ext6b/2-2s2-2s1__group.523__X11	946e5ed1969092d3bdfda2c93c2d6d79	carat/tables/qcatalog/dim6/dir.2-2;2-2;1;1/ordnung.12/(2)^4(6)^2/group.2818
work/ext6b/3s1c1__group.644__T	949992090aea40d32fe1769cc37780f5	carat/tables/qcatalog/dim6/dir.3;1,1;1/ordnung.48/(1)^4(4)^6(8)^1/group.3813
work/ext6b/3s2-1__group.682__X011	949b504f5c78d5068eefd0d3b247ba88	carat/tables/qcatalog/dim6/dir.3;2-1;1/ordnung.192/(1)^4(2)^4(4)^6/group.3942
work/ext6b/2-2s1c1s1__group.367__X010	94c3305c88a2cdaa95dc4e5a8e0ba68c	carat/tables/qcatalog/dim6/dir.2-2;1,1;1,1/ordnung.24/(1)^4(12)^2/group.1741
work/ext6b/4-1ps1__group.760__T	94cb7eaf7c929033e3c07dcc8f3de4c9	carat/tables/qcatalog/dim6/dir.4-1';1;1/ordnung.16/(2)^2(4)^2(8)^2/group.4407
work/ext6b/2-1s1c1s1__group.240__X11	94f71f480f674c10a89dc03186b5a52e	carat/tables/qcatalog/dim6/dir.2-1;1,1;1,1/ordnung.8/(2)^4(16)^2/group.1136
work/ext6b/4-1s1__group.773__C	950e259da741c70b06f9423eb1d34b51	carat/tables/qcatalog/dim6/dir.4-1;1;1/ordnung.256/(2)^12(4)^6/group.4705
work/ext6b/4-3s1__group.1023__X101	951060207a1ed9c7d0a92363b81b6c79	carat/tables/qcatalog/dim6/dir.4-3;1;1/ordnung.80/(1)^6(5)^10(10)^2/group.7234
work/ext6b/2-1s2-1s1__group.319__X0100	952f2cc42459024f3de2ceaaf28f3bf1	carat/tables/qcatalog/dim6/dir.2-1;2-1;1;1/ordnung.64/(2)^6(4)^2(8)^2/group.1480
work/ext6b/2-1s1c1s1__group.231__X001	953bfeaab22ed5d77489b6929278fe89	carat/tables/qcatalog/dim6/dir.2-1;1,1;1;1/ordnung.16/(2)^4(8)^3/group.1169
work/ext6b/4-2s1__group.938__X001	9549cf39685232c4547511fc69da0aea	carat/tables/qcatalog/dim6/dir.4-2;1;1/ordnung.288/(1)^10(3)^6(6)^2/group.6123
work/ext6b/3s2-2__group.735__T	9550093ee48646374b20a6efca530f3d	carat/tables/qcatalog/dim6/dir.3;2-2;1/ordnung.288/(1)^8(2)^2(4)^1(12)^2(36)^1/group.4209
work/ext6b/4-1s1__group.783__X010	9561aed38338a56d1fde4c0de238c26f	carat/tables/qcatalog/dim6/dir.4-1;1,1/ordnung.16/(2)^1(4)^2(8)^2/group.4468
work/ext6b/2-1s1c1s1__group.244__X10	957bb4f5a644c52e8256d41abdb9b444	carat/tables/qcatalog/dim6/dir.2-1;1,1;1,1/ordnung.8/(2)^2(8)^2/group.1135
work/ext6b/2-2s2-2s1__group.536__X1111	9587c5b609f23d8587de4f232d050b17	carat/tables/qcatalog/dim6/dir.2-2;2-2;1;1/ordnung.144/(1)^6(3)^2(6)^2/group.2877
work/ext6b/2-2s2-2s1__group.565__C	95a3cec1692e579fe06d9f5ef19cc96d	carat/tables/qcatalog/dim6/dir.2-2;2-2;1;1/ordnung.72/(1)^3(3)^3(6)^2/group.3036
work/ext6b/3s2-2__group.733__T	95afe44ebbf0228fdfc4403ca853d351	carat/tables/qcatalog/dim6/dir.3;2-2;1/ordnung.288/(1)^8(2)^2(4)^2(12)^2/group.4246
work/ext6b/4-1s1__group.867__X110	95cb0f4f459a3ba0e2020ac4ce4e07f6	carat/tables/qcatalog/dim6/dir.4-1;1;1/ordnung.64/(2)^8(4)^8(8)^2/group.4864
work/ext6b/4-1s1__group.831__X001	95d4d8e570bb8807014257cb800e15bd	carat/tables/qcatalog/dim6/dir.4-1;1,1/ordnung.32/(2)^1(4)^6(8)^2/group.4513
work/ext6b/2-2s2-1s1__group.423__X10	95f045c3ad6cd30879a53b4736b84362	carat/tables/qcatalog/dim6/dir.2-2;2-1;1,1/ordnung.24/(1)^2(2)^2(24)^1/group.1918
work/ext6b/4-2s1__group.956__X101	960a997f2b5b63c4fbba3c08ce05232a	carat/tables/qcatalog/dim6/dir.4-2;1;1/ordnung.48/(2)^6(6)^4/group.6210
work/ext6b/2-2s2-2s1__group.537__X0001	9616c9fbc01e6d75a84639dc08f10917	carat/tables/qcatalog/dim6/dir.2-2;2-2;1;1/ordnung.144/(1)^5(3)^3(6)^1(18)^1/group.2855
work/ext6b/3s2-2__group.704__C	9628db338e78b1516d8e55a26733f65f	carat/tables/qcatalog/dim6/dir.3;2-2;1/ordnung.288/(1)^6(2)^2(4)^3(12)^1/group.4168
work/ext6b/2-2s2-2s1__group.531__X0111	962c947709a7695921eb590eac5550ef	carat/tables/qcatalog/dim6/dir.2-2;2-2;1;1/ordnung.144/(1)^6(3)^2(6)^2/group.2871
work/ext6b/1c1c1c1s1__min.59__T	9630a5778ff1d497690877f918771791	carat/tables/qcatalog/dim6/dir.1,1,1,1;1,1/ordnung.2/(2)^1(16)^1/min.174
work/ext6b/2-2s2-1s1__group.437__T	966bf434ab5f7f364a5b01318d2ffd38	carat/tables/qcatalog/dim6/dir.2-2;2-1;1;1/ordnung.24/(1)^4(2)^2(6)^2(72)^2/group.2084
work/ext6b/4-1s1__group.829__X1111	96a91135b7f6f2aba3662673393dd42d	carat/tables/qcatalog/dim6/dir.4-1;1;1/ordnung.32/(2)^2(4)^4(8)^4/group.4746
work/ext6b/5-2__max.15__C	96b6d80a4a9dc908e1c996cd90994176	carat/tables/qcatalog/dim6/dir.5-2;1/ordnung.2880/(1)^16(2)^2(6)^8/max.21
work/ext6b/2-2s1c1c1__group.339__X001	96c3b7d7318c4f7851a70eee672d992a	carat/tables/qcatalog/dim6/dir.2-2;1,1,1,1/ordnung.24/(1)^3(3)^1(12)^1/group.1692
work/ext6b/3s1s1__group.670__X111	96cf7587e88cc9f6813d86fa7dfe3e50	carat/tables/qcatalog/dim6/dir.3;1;1;1/ordnung.96/(1)^4(2)^2(4)^6/group.3869
work/ext6b/4-1s1__group.832__X101	96dcdebf30653c958a2218e2ff1ee18b	carat/tables/qcatalog/dim6/dir.4-1;1;1/ordnung.384/(2)^18/group.4792
work/ext6b/2-2s1s1s1__group.385__T	96e282445b2a984ec4e8aab58e2477d0	carat/tables/qcatalog/dim6/dir.2-2;1;1;1;1/ordnung.24/(1)^4(2)^1(6)^1(12)^1(36)^1/group.1824
work/ext6b/4-2s1__group.937__X011	96eb131f857810aeb317d4a551780578	carat/tables/qcatalog/dim6/dir.4-2;1,1/ordnung.288/(1)^9(3)^7(6)^1/group.5950
work/ext6b/5-2__group.1035__T	96f57d9adbf497187bcb2d31549db22a	carat/tables/qcatalog/dim6/dir.5-2;1/ordnung.120/(1)^16(2)^2(6)^8/group.7388
work/ext6b/2-2s2-1s1__group.478__X011	96fe0480eb55dbf76996317a5bb91b8d	carat/tables/qcatalog/dim6/dir.2-2;2-1;1;1/ordnung.48/(1)^4(2)^4(24)^2/group.2263
work/ext6b/3s2-2__group.721__X10	970ae2b5848b268465e64667eaaadd26	carat/tables/qcatalog/dim6/dir.3;2-2;1/ordnung.144/(1)^8(2)^2(4)^1(12)^2(36)^1/group.4116
work/ext6b/4-1s1__group.823__C	9710c2baa0c2438e5a354553d2d42604	carat/tables/qcatalog/dim6/dir.4-1;1;1/ordnung.64/(2)^2(4)^14(8)^2/group.4840
work/ext6b/4-1s1__group.815__C	971acf61b9deb98c19e48eb9c58d389a	carat/tables/qcatalog/dim6/dir.4-1;1;1/ordnung.64/(2)^4(4)^6/group.4855
work/ext6b/4-2s1__group.905__X111	971b33c2b39aadf3c5736c5f1f6e33b1	carat/tables/qcatalog/dim6/dir.4-2;1;1/ordnung.144/(1)^7(3)^8(9)^1(18)^2/group.6068
work/ext6b/4-2s1__group.985__X11	972301b33c861eb3f0b788014b8c0d0d	carat/tables/qcatalog/dim6/dir.4-2;1;1/ordnung.72/(1)^7(3)^8(9)^1(18)^2/group.6292
work/ext6b/2-2s2-2s1__group.559__X101	973954de8395321b59a6adec41fc4429	carat/tables/qcatalog/dim6/dir.2-2;2-2;1,1/ordnung.36/(1)^2(3)^4(9)^2(18)^1/group.2747
work/ext6b/3s2-2__group.731__X001	973ae657015f3805c844a3622981ea4b	carat/tables/qcatalog/dim6/dir.3;2-2;1/ordnung.288/(1)^6(2)^2(4)^1(12)^3/group.4167
work/ext6b/2-2s2-2s1__group.580__C	974f0cd8f74737a356028d3b086b3de9	carat/tables/qcatalog/dim6/dir.2-2;2-2;1;1/ordnung.72/(1)^4(3)^4(18)^2/group.3071
work/ext6b/3s2-2__group.751__X01	976e0f7df6357ead0b33c998a0131703	carat/tables/qcatalog/dim6/dir.3;2-2;1/ordnung.72/(1)^6(2)^1(4)^4(24)^1/group.4322
work/ext6b/4-1s1__group.852__T	977309d84427c6f59d328c4cb81ead03	carat/tables/qcatalog/dim6/dir.4-1;1,1/ordnung.48/(1)^4(2)^5(6)^7(24)^1/group.4528
work/ext6b/2-2s2-2s1__group.530__T	977f7d82e22d1d7df1dc7188ef10aebf	carat/tables/qcatalog/dim6/dir.2-2;2-2;1;1/ordnung.144/(1)^5(3)^3(6)^1(18)^1/group.2865
work/ext6b/2-1s2-1s1__group.312__X110	978130da9ccecc45f282bda1acf80fbf	carat/tables/qcatalog/dim6/dir.2-1;2-1;1;1/ordnung.32/(2)^1(4)^4(8)^1/group.1341
work/ext6b/4-1s1__group.823__X001	97a9b69f5d29da00eade0dcbb6cc6336	carat/tables/qcatalog/dim6/dir.4-1;1;1/ordnung.32/(2)^2(4)^12(8)^4/group.4722
work/ext6b/4-3ps1__group.995__X1	97b84314243fbec2ac2a30aafcbaad84	carat/tables/qcatalog/dim6/dir.4-3';1,1/ordnung.10/(1)^2(5)^2(10)^1/group.7092
work/ext6b/2-2s1c1s1__group.363__X110	97e8a6f976f2e39e0de7a7e3e0de6c24	carat/tables/qcatalog/dim6/dir.2-2;1,1;1;1/ordnung.24/(1)^3(3)^1(6)^2(24)^1/group.1758
work/ext6b/2-2s2-2s1__group.571__C	97f4b1d7f81d692198ab6af5a640e617	carat/tables/qcatalog/dim6/dir.2-2;2-2;1;1/ordnung.72/(1)^3(3)^5(6)^1(18)^1/group.3043
work/ext6b/4-1s1__group.826__X010	97f99daaa403ccead9cc9075c4117e18	carat/tables/qcatalog/dim6/dir.4-1;1;1/ordnung.32/(2)^2(4)^12(8)^4/group.4734
work/ext6b/4-1s1__group.796__C	9826b0f55a8a03f9c4692175a4cdd0df	carat/tables/qcatalog/dim6/dir.4-1;1;1/ordnung.384/(2)^10/group.4787
work/ext6b/4-2s1__group.979__T	98429886ca269b30be0419031e350182	carat/tables/qcatalog/dim6/dir.4-2;1;1/ordnung.72/(1)^6(3)^8(9)^2(18)^2/group.6281
work/ext6b/2-2s2-2s1__group.622__X110	98443697dd07d57327eb61d9da83f759	carat/tables/qcatalog/dim6/dir.2-2;2-2;1;1/ordnung.72/(1)^5(3)^3(6)^1(18)^1/group.3133
work/ext6b/4-2s1__group.951__X01	98450c75378b589ace845c82064c4648	carat/tables/qcatalog/dim6/dir.4-2;1;1/ordnung.36/(1)^4(3)^8(9)^4(18)^2/group.6179
work/ext6b/2-1s2-1s1__group.291__X010	9849e2dee75122bf7cbc3226af19fc11	carat/tables/qcatalog/dim6/dir.2-1;2-1;1;1/ordnung.32/(2)^4(4)^2(8)^2/group.1367
work/ext6b/4-1ps1__group.760__X01	98545b88296fec93f2dcf0b4f4a964c9	carat/tables/qcatalog/dim6/dir.4-1';1;1/ordnung.16/(2)^2(4)^2(8)^2/group.4406
work/ext6b/2-2s1s1s1__min.115__X01	987119b7150fbc5d07655ea95bd436df	carat/tables/qcatalog/dim6/dir.2-2;1;1;1;1/ordnung.12/(1)^4(12)^2(36)^2/min.347
work/ext6b/3s2-2__group.740__X110	9871d1ca05a5da4fa6f0fbbade2cb425	carat/tables/qcatalog/dim6/dir.3;2-2;1/ordnung.288/(1)^8(2)^2(4)^2(12)^2/group.4245
work/ext6b/3s2-2__group.725__X11	987549bb8140844a3868c37d086047cc	carat/tables/qcatalog/dim6/dir.3;2-2;1/ordnung.144/(1)^8(2)^1(4)^3(12)^1(24)^1/group.4114
work/ext6b/4-1s1__group.810__X0111	987b06a8e4bfd65d6c25c404a677158b	carat/tables/qcatalog/dim6/dir.4-1;1;1/ordnung.256/(2)^12(4)^4(8)^2/group.4698
work/ext6b/2-1s1s1s1__group.251__C	98b2ca85e5522557054af3b5b00feab9	carat/tables/qcatalog/dim6/dir.2-1;1;1;1;1/ordnung.32/(2)^4(4)^2(8)^2/group.1227
work/ext6b/2-2s2-2s1__group.596__X001	98b8aec9c76b2a3531ef5e2d302f23c3	carat/tables/qcatalog/dim6/dir.2-2;2-2;1;1/ordnung.72/(1)^2(3)^4(6)^1(18)^1/group.3021
work/ext6b/4-1s1__group.798__X001	98c773fc372f2d9651276c566854cc3c	carat/tables/qcatalog/dim6/dir.4-1;1;1/ordnung.192/(2)^10(4)^8/group.4673
work/ext6b/3s1c1__group.647__X01	98e134cd569dc31fe8877f0c489dc0e1	carat/tables/qcatalog/dim6/dir.3;1,1;1/ordnung.48/(1)^4(4)^6(8)^1/group.3816
work/ext6b/2-1s2-1s1__group.285__X100	990e6a5f0f2c27439ef1659d29faa36d	carat/tables/qcatalog/dim6/dir.2-1;2-1;1,1/ordnung.16/(2)^1(4)^6(8)^2/group.1261
work/ext6b/2-2s2-2s1__group.596__X101	9911d6c53a34d579c61a3adf13a16bcf	carat/tables/qcatalog/dim6/dir.2-2;2-2;1;1/ordnung.72/(1)^3(3)^3(6)^2/group.3033
work/ext6b/2-2s2-2s1__group.564__X11	9932a989b66bb5e548a57b91318cb44f	carat/tables/qcatalog/dim6/dir.2-2;2-2;1,1/ordnung.36/(1)^3(3)^3(18)^1/group.2755
work/ext6b/2-2pc2-2ps1__group.325__X01	9934c2cb63df60db2935723cfa0d69c1	carat/tables/qcatalog/dim6/dir.2-2',2-2';1;1/ordnung.12/(2)^2(6)^1(18)^1/group.1613
work/ext6b/2-1s2-1s1__group.322__X0001	993b4de5faf38ff341ce2a4d03d41a1d	carat/tables/qcatalog/dim6/dir.2-1;2-1;1;1/ordnung.64/(2)^6(4)^2(8)^2/group.1496
work/ext6b/2-2s1c1s1__group.353__X11	993c8234ea51778ba07ca2b7561109d9	carat/tables/qcatalog/dim6/dir.2-2;1,1;1,1/ordnung.12/(1)^2(4)^1(12)^1/group.1733
work/ext6b/3s1c1__group.642__X10	993fa271b5e20b81ef6f2400c3d09c4b	carat/tables/qcatalog/dim6/dir.3;1,1;1/ordnung.48/(1)^4(2)^2(4)^4(32)^1/group.3798
work/ext6b/2-2s2-2s1__group.537__X1001	99642ffa42838b099b9413ca0d45d313	carat/tables/qcatalog/dim6/dir.2-2;2-2;1;1/ordnung.144/(1)^6(3)^2(6)^2/group.2906
work/ext6b/2-2pc2-2ps1__group.325__C	996b85872fc4336a0e964232acbdcbb8	carat/tables/qcatalog/dim6/dir.2-2',2-2';1;1/ordnung.24/(2)^3(6)^1/group.1617
work/ext6b/4-2s1__group.984__C	998397d69d40792794b6dc64a8a20d8d	carat/tables/qcatalog/dim6/dir.4-2;1;1/ordnung.144/(1)^6(3)^8(9)^2(18)^2/group.6043
work/ext6b/2-2s2-1s1__group.416__X01	998793ab148abce82e5108f1b3b36892	carat/tables/qcatalog/dim6/dir.2-2;2-1;1,1/ordnung.24/(1)^2(2)^4(24)^1/group.1930
work/ext6b/3s2-1__group.702__X10	998bf82cfd7b93bee6ee31f01afe81b8	carat/tables/qcatalog/dim6/dir.3;2-1;1/ordnung.96/(1)^4(2)^2(4)^6/group.4020
work/ext6b/2-2s2-2s1__group.579__X10	999846fd3dbf12f4594612f0e45d81a2	carat/tables/qcatalog/dim6/dir.2-2;2-2;1;1/ordnung.36/(1)^4(3)^4(18)^2/group.3001
work/ext6b/2-2s2-1s1__group.477__X111	999ff23ab45aa30d656086d2d980f9c3	carat/tables/qcatalog/dim6/dir.2-2;2-1;1;1/ordnung.48/(1)^4(2)^3(6)^1(24)^1(72)^1/group.2228
work/ext6b/1c1s1c1s1__min.68__X11	99a390c16d0576ea0ca8afd4946644e0	carat/tables/qcatalog/dim6/dir.1,1;1,1;1;1/ordnung.4/(2)^2(16)^2/min.188
work/ext6b/2-2s1c1s1__group.366__X101	99be0ac5c875d0109722e1a88c0a4f36	carat/tables/qcatalog/dim6/dir.2-2;1,1;1;1/ordnung.24/(1)^4(2)^1(6)^1(24)^1/group.1768
work/ext6b/4-1s1__group.812__X101	99c08d4ef99e96aa0e14161101437924	carat/tables/qcatalog/dim6/dir.4-1;1;1/ordnung.288/(1)^8(2)^2(6)^8/group.4714
work/ext6b/2-1s2-1s1__group.291__C	9a04302c2a1035d04d7b4737956af5de	carat/tables/qcatalog/dim6/dir.2-1;2-1;1;1/ordnung.64/(2)^4(4)^4/group.1448
work/ext6b/2-1s1c1s1__group.231__T	9a06d45a8106205fdbe20c9d77a3cbc1	carat/tables/qcatalog/dim6/dir.2-1;1,1;1;1/ordnung.16/(2)^4(8)^3/group.1166
work/ext6b/4-1s1__group.772__X010	9a181c96a43bf0ad8e870df98c3797ff	carat/tables/qcatalog/dim6/dir.4-1;1;1/ordnung.128/(2)^12(4)^4(8)^2/group.4593
work/ext6b/2-1s2-1s1__group.291__T	9a2110efc72422d93b50a8b53e488727	carat/tables/qcatalog/dim6/dir.2-1;2-1;1,1/ordnung.32/(2)^4(4)^2(8)^1/group.1278
work/ext6b/4-2s1__group.905__X101	9a2d740436eb42830b6ce89f50934071	carat/tables/qcatalog/dim6/dir.4-2;1;1/ordnung.144/(1)^7(3)^8(9)^1(18)^2/group.6069
work/ext6b/2-1s2-1s1__group.308__X111	9a3eb52dacf9667bbf1df5a3f955f1a5	carat/tables/qcatalog/dim6/dir.2-1;2-1;1;1/ordnung.32/(2)^4(4)^4(8)^2/group.1404
work/ext6b/2-2s1c1s1__group.351__T	9a5c94d8de87a48735c81008479c71a5	carat/tables/qcatalog/dim6/dir.2-2;1,1;1;1/ordnung.12/(1)^2(3)^2(6)^2(72)^1/min.327
work/ext6b/4-1s1__group.819__X0010	9a65bbe228fcf1c2efb2cdaac82c0480	carat/tables/qcatalog/dim6/dir.4-1;1;1/ordnung.32/(2)^2(4)^12(8)^4/group.4731
work/ext6b/2-1s1s1s1__group.253__X010	9a6a51e326cd7bc77e6630894ce765bd	carat/tables/qcatalog/dim6/dir.2-1;1;1;1;1/ordnung.16/(2)^4(8)^4/group.1206
work/ext6b/4-1s1__group.825__X010	9a6bb321b5754f4e6737849062c0b104	carat/tables/qcatalog/dim6/dir.4-1;1;1/ordnung.32/(2)^2(4)^12(8)^4/group.4733
work/ext6b/3s2-2__group.759__X110	9a795028702f562060d0c1cdca1dc57a	carat/tables/qcatalog/dim6/dir.3;2-2;1/ordnung.96/(2)^10(4)^2(12)^2/group.4341
work/ext6b/4-1s1__group.867__X010	9a7c9fba6815e28c8b66292c2d7f9aba	carat/tables/qcatalog/dim6/dir.4-1;1;1/ordnung.64/(2)^8(4)^8(8)^2/group.4866
work/ext6b/4-2s1__group.915__X001	9a852f7cf1a65b11a1374b78b3a01f87	carat/tables/qcatalog/dim6/dir.4-2;1;1/ordnung.144/(1)^7(3)^8(9)^1(18)^2/group.6067
work/ext6b/4-2s1__group.942__C	9ab460f003f4ec82fc0e9a8ed59d2860	carat/tables/qcatalog/dim6/dir.4-2;1;1/ordnung.576/(1)^10(3)^6(6)^2/group.6233
work/ext6b/4-2s1__group.936__X010	9ab820ef05d5b7d414eace464529abf2	carat/tables/qcatalog/dim6/dir.4-2;1,1/ordnung.288/(1)^7(3)^8(9)^1(18)^1/group.5946
work/ext6b/3s1c1__group.648__X111	9ac0fca394ace5923d4462f89ddadb88	carat/tables/qcatalog/dim6/dir.3;1,1;1/ordnung.96/(1)^4(2)^2(4)^4(8)^1/group.3824
work/ext6b/4-2s1__group.980__T	9ad343e7127e262c06fb458e8793419e	carat/tables/qcatalog/dim6/dir.4-2;1;1/ordnung.72/(1)^6(3)^8(9)^2(18)^2/group.6279
work/ext6b/2-2s2-2s1__group.592__X11	9ae1bdefad2b452c190df3a804106ade	carat/tables/qcatalog/dim6/dir.2-2;2-2;1,1/ordnung.36/(1)^4(3)^4(18)^1/group.2772
work/ext6b/4-1s1__group.798__X010	9ae8d4c01887a5689fd6b6c3837c7386	carat/tables/qcatalog/dim6/dir.4-1;1;1/ordnung.192/(2)^10(4)^8/group.4677
work/ext6b/4-1s1__group.878__X100	9af02a78494d75dce0ce583a56325abe	carat/tables/qcatalog/dim6/dir.4-1;1,1/ordnung.64/(2)^1(4)^14(8)^2/group.4546
work/ext6b/4-1s1__group.863__T	9b20f5d39725d2cbb8e4752112caf8d5	carat/tables/qcatalog/dim6/dir.4-1;1;1/ordnung.64/(2)^8(4)^8(8)^2/group.4859
work/ext6b/2-1s1c1s1__group.234__X111	9b2cf1c52d22d3d34c29d0e868a441dd	carat/tables/qcatalog/dim6/dir.2-1;1,1;1;1/ordnung.16/(2)^4(8)^3/group.1172
work/ext6b/4-2s1__group.961__X101	9b4adb4328d74a92a8a5bacf899417bc	carat/tables/qcatalog/dim6/dir.4-2;1,1/ordnung.48/(2)^9(6)^8/group.5972
work/ext6b/4-2s1__group.904__X111	9b53b15060dd3affca9ae1dbb5f784b1	carat/tables/qcatalog/dim6/dir.4-2;1;1/ordnung.144/(1)^6(3)^8(9)^2(18)^2/group.6055
work/ext6b/4-3s1__group.1015__X11	9b59d8635fe5869d596703fe9c14037b	carat/tables/qcatalog/dim6/dir.4-3;1;1/ordnung.240/(1)^12(5)^4(10)^2/group.7202
work/ext6b/2-2s2-1s1__group.473__T	9b64615cce52e8fbb1036794f1221d59	carat/tables/qcatalog/dim6/dir.2-2;2-1;1;1/ordnung.48/(1)^4(2)^3(6)^1(24)^1(72)^1/group.2226
work/ext6b/3s2-2__group.758__C	9b653334b10b28c26ce7642d4989db58	carat/tables/qcatalog/dim6/dir.3;2-2;1/ordnung.144/(1)^8(2)^2(4)^2(12)^2/group.4136
work/ext6b/2-2s2-1s1__group.408__C	9b73b56248effa49f5fb228ef72d021f	carat/tables/qcatalog/dim6/dir.2-2;2-1;1;1/ordnung.384/(1)^4(2)^4(12)^2/group.2103
work/ext6b/2-1s1c1s1__group.229__X011	9b7b61710a2f3f9f21d7e86ca4ebc9c1	carat/tables/qcatalog/dim6/dir.2-1;1,1;1;1/ordnung.16/(2)^4(8)^2(32)^1/group.1161
work/ext6b/4-2s1__group.947__X01	9b93068daee6b6733d55c6372e390235	carat/tables/qcatalog/dim6/dir.4-2;1,1/ordnung.36/(1)^3(3)^4(9)^1(18)^1/group.5962
work/ext6b/3s2-2__group.749__C	9b9e38f4e39b7a302ed47fa41ccb944e	carat/tables/qcatalog/dim6/dir.3;2-2;1/ordnung.144/(1)^4(2)^2(4)^5(12)^1/group.4058
work/ext6b/3s2-2__group.736__X001	9bcdf31de631b0917d393b1a8da9911f	carat/tables/qcatalog/dim6/dir.3;2-2;1/ordnung.288/(1)^8(2)^1(4)^3(12)^1(24)^1/group.4195
work/ext6b/4-2s1__group.987__X10	9bd5b4eb53978277909bf9f63a72be01	carat/tables/qcatalog/dim6/dir.4-2;1;1/ordnung.72/(1)^7(3)^8(9)^1(18)^2/group.6285
work/ext6b/4-1s1__group.813__T	9be1ae9a0533d601ed4b16e0647a90af	carat/tables/qcatalog/dim6/dir.4-1;1,1/ordnung.32/(2)^4(4)^4(8)^1/group.4514
work/ext6b/2-2s2-2s1__group.569__T	9bfbd8915e64ee7e3c1ab35a83b7e0c4	carat/tables/qcatalog/dim6/dir.2-2;2-2;1;1/ordnung.36/(1)^3(3)^5(6)^1(18)^1/group.2991
work/ext6b/3s1s1__group.657__T	9c249adc1cf0b34fd3e1e8eed4b0ff2d	carat/tables/qcatalog/dim6/dir.3;1;1;1/ordnung.48/(1)^4(2)^2(4)^4(8)^2/min.449
work/ext6b/4-1s1__group.767__X11	9c3f9b6e945a426d08be15519ad1fa7f	carat/tables/qcatalog/dim6/dir.4-1;1;1/ordnung.1152/(1)^8(2)^10/group.4591
work/ext6b/3s2-1__group.686__X0110	9c52d05029c554fc37d9a8795f9f47b2	carat/tables/qcatalog/dim6/dir.3;2-1;1/ordnung.384/(1)^4(2)^4(4)^6/group.3974
work/ext6b/4-1s1__group.810__X1101	9c59f8f3f3e568257e8d001f5108cc5b	carat/tables/qcatalog/dim6/dir.4-1;1;1/ordnung.256/(2)^12(4)^4(8)^2/group.4700
work/ext6b/2-2s2-2s1__group.563__T	9cb5dfd0498a0f3589ce910e96cd6cdf	carat/tables/qcatalog/dim6/dir.2-2;2-2;1,1/ordnung.36/(1)^3(3)^3(18)^1/group.2757
work/ext6b/2-1s2-1s1__min.93__X10	9cca8b67ef73e9e37012b5a93360d5e1	carat/tables/qcatalog/dim6/dir.2-1;2-1;1;1/ordnung.16/(2)^4(8)^4/min.270
work/ext6b/3s2-2__group.733__X010	9cd0506977910e83c1f8c18f689120bd	carat/tables/qcatalog/dim6/dir.3;2-2;1/ordnung.288/(1)^8(2)^2(4)^1(12)^2(36)^1/group.4208
work/ext6b/2-2s2-1s1__group.438__T	9cd1f370c4e9bf06f0f21ca34ff729b8	carat/tables/qcatalog/dim6/dir.2-2;2-1;1;1/ordnung.24/(1)^4(2)^2(6)^2(72)^2/min.374
work/ext6b/4-1s1__group.827__X111	9cd69c73a0b52d048dc50421ea9b76b2	carat/tables/qcatalog/dim6/dir.4-1;1;1/ordnung.32/(2)^2(4)^12(8)^4/group.4743
work/ext6b/1s1s1s1s1__group.219__C	9d07e45e58379b1519ba1e14e75ee80f	carat/tables/qcatalog/dim6/dir.1;1;1;1;1;1/ordnung.32/(2)^2(4)^4/group.1079
work/ext6b/2-2s1c1s1__group.366__C	9d1b06488939f9dadd16e7c2744d0b14	carat/tables/qcatalog/dim6/dir.2-2;1,1;1;1/ordnung.48/(1)^4(2)^1(6)^1(24)^1/group.1801
work/ext6b/4-1s1__group.857__X010	9d2a7a31318842e9695f5b12edaaff57	carat/tables/qcatalog/dim6/dir.4-1;1,1/ordnung.576/(1)^8(2)^9/group.4544
work/ext6b/2-1s2-1s1__group.319__X1101	9d3f95177282c787662032b617c59759	carat/tables/qcatalog/dim6/dir.2-1;2-1;1;1/ordnung.64/(2)^6(4)^2(8)^2/group.1481
work/ext6b/4-2s1__group.983__X010	9d4f010bd4a54d11b4450d6093831eeb	carat/tables/qcatalog/dim6/dir.4-2;1,1/ordnung.72/(1)^5(3)^8(9)^3(18)^1/group.5993
work/ext6b/3s2-2__group.717__T	9d5b054ab51ca408549e89fae577323a	carat/tables/qcatalog/dim6/dir.3;2-2;1/ordnung.144/(1)^8(2)^2(4)^2(12)^2/group.4144
work/ext6b/5-1__group.1028__X10	9d5b0720f388de73ee232f8bcaafe60d	carat/tables/qcatalog/dim6/dir.5-1;1/ordnung.1920/(1)^16(2)^1(4)^8(8)^1/group.7352
work/ext6b/2-2s1s1s1__group.399__X0001	9d6d1fe403269068f0750f887e2154d6	carat/tables/qcatalog/dim6/dir.2-2;1;1;1;1/ordnung.48/(1)^4(2)^2(12)^2/group.1872
work/ext6b/3s2-1__group.685__X110	9d8e433dd7818be350e75f9784884dd1	carat/tables/qcatalog/dim6/dir.3;2-1;1/ordnung.192/(1)^4(2)^2(4)^6/group.3893
work/ext6b/3s1s1__group.667__X001	9da7b19523527626eb1a6ab8710a72a0	carat/tables/qcatalog/dim6/dir.3;1;1;1/ordnung.96/(1)^4(2)^2(4)^4(8)^2/group.3857
work/ext6b/2-2s2-1s1__group.487__T	9db0bd360e641de0af6e84223cb13826	carat/tables/qcatalog/dim6/dir.2-2;2-1;1;1/ordnung.48/(1)^4(2)^4(24)^2/group.2279
work/ext6b/2-2s1c1c1__group.338__T	9db1062f74341ca3ad26f79e600412b9	carat/tables/qcatalog/dim6/dir.2-2;1,1,1;1/ordnung.12/(1)^3(3)^1(6)^2/group.1714
work/ext6b/3s1s1__group.658__C	9dc173258977e9524c1f43e4ef591b94	carat/tables/qcatalog/dim6/dir.3;1;1;1/ordnung.96/(1)^4(2)^2(4)^4(8)^2/group.3854
work/ext6b/2-2s2-2s1__group.627__X011	9dc751f1ec0801212e01ae10d560d207	carat/tables/qcatalog/dim6/dir.2-2;2-2;1;1/ordnung.72/(1)^6(3)^2(6)^2/group.3157
work/ext6b/4-2s1__group.922__X100	9dd7a741ad983a45711b53a2f50d1ff7	carat/tables/qcatalog/dim6/dir.4-2;1;1/ordnung.144/(1)^10(3)^6(6)^2/group.6025
work/ext6b/3s1c1__group.647__T	9ddada88cb443a2bfb15ee7f58e9e635	carat/tables/qcatalog/dim6/dir.3;1,1;1/ordnung.48/(1)^4(2)^2(4)^4(8)^1/group.3801
work/ext6b/4-1s1__group.882__C	9defc4b92556f19d17d78c25fa9ba38b	carat/tables/qcatalog/dim6/dir.4-1;1;1/ordnung.1536/(1)^4(2)^12(4)^2/group.4647
work/ext6b/2-2s2-2s1__min.130__T	9e0b8ab86bd69b586286b14846f72782	carat/tables/qcatalog/dim6/dir.2-2;2-2;1,1/ordnung.9/(3)^4(18)^1/min.405
work/ext6b/2-2s2-2s1__group.599__X100	9e1d266442a2df8395b4440a80879559	carat/tables/qcatalog/dim6/dir.2-2;2-2;1,1/ordnung.72/(1)^3(3)^1(6)^1/group.2778
work/ext6b/2-2s2-2s1__group.612__X111	9e2db0d1a450ffb54f315ddb5c559f53	carat/tables/qcatalog/dim6/dir.2-2;2-2;1;1/ordnung.72/(1)^5(3)^3(6)^1(18)^1/group.3113
work/ext6b/4-1s1__group.832__X111	9e3f4a6148ffdb17f447210877267705	carat/tables/qcatalog/dim6/dir.4-1;1;1/ordnung.384/(2)^18/group.4793
work/ext6b/4-1s1__group.802__T	9e41c9b24b90566eb4775f9c44f6161c	carat/tables/qcatalog/dim6/dir.4-1;1;1/ordnung.192/(1)^4(2)^12(8)^2/group.4665
work/ext6b/2-1s2-1s1__min.92__X10	9e78b406bd1c80e564d9759500b90283	carat/tables/qcatalog/dim6/dir.2-1;2-1;1;1/ordnung.16/(2)^4(8)^4/min.273
work/ext6b/2-2s2-1s1__group.421__X10	9e965a9171579c04023c0c508cc90dde	carat/tables/qcatalog/dim6/dir.2-2;2-1;1,1/ordnung.24/(1)^2(2)^2(24)^1/group.1921
work/ext6b/4-1s1__group.785__X010	9e9de43b9d59c6e9ae29d63eb291641f	carat/tables/qcatalog/dim6/dir.4-1;1;1/ordnung.16/(2)^2(4)^4(8)^4/group.4653
work/ext6b/3s2-2__group.733__X011	9eb4e52326c1966999d96e586b0e1323	carat/tables/qcatalog/dim6/dir.3;2-2;1/ordnung.288/(1)^8(2)^2(4)^2(12)^2/group.4259
work/ext6b/2-2s2-2s1__group.531__C	9ed8ef792a34770c21547aa329d0725e	carat/tables/qcatalog/dim6/dir.2-2;2-2;1;1/ordnung.288/(1)^6(3)^2(6)^2/group.2937
work/ext6b/2-1s2-1s1__group.315__X1111	9eec009004ed4960918cf4c2b7ec14ce	carat/tables/qcatalog/dim6/dir.2-1;2-1;1;1/ordnung.64/(2)^4(4)^2(8)^2/group.1443
work/ext6b/2-1s1s1s1__group.267__X1100	9ef296ecaabc594f06a93cea4374e401	carat/tables/qcatalog/dim6/dir.2-1;1;1;1;1/ordnung.32/(2)^4(4)^2(8)^2/group.1232
work/ext6b/2-2s2-1s1__group.519__X0100	9f0a0994b36d254b7c0744251e25d801	carat/tables/qcatalog/dim6/dir.2-2;2-1;1,1/ordnung.96/(1)^4(2)^3(6)^1(24)^1/group.2018
work/ext6b/2-2s2-1s1__group.511__X0110	9f0bcf1614b37b81e125dfa3a4d15a5b	carat/tables/qcatalog/dim6/dir.2-2;2-1;1;1/ordnung.96/(1)^4(2)^4(12)^2/group.2376
work/ext6b/2-1s2-1s1__group.313__X0110	9f30fa748b050237649d629b06e3fe79	carat/tables/qcatalog/dim6/dir.2-1;2-1;1;1/ordnung.32/(2)^2(4)^4(8)^4/group.1351
work/ext6b/3s2-2__group.731__X100	9f480a6e0a06ee3d4678a9ee0ce1104b	carat/tables/qcatalog/dim6/dir.3;2-2;1/ordnung.288/(1)^6(2)^2(4)^3(12)^1/group.4174
work/ext6b/2-2s2-2s1__group.580__T	9f4c643536684ae86e2a15af85d92bb6	carat/tables/qcatalog/dim6/dir.2-2;2-2;1;1/ordnung.36/(1)^4(3)^4(18)^2/group.3000
work/ext6b/2-2s2-1s1__group.492__X010	9f5498b6d92ccfd6a03c53155142afa0	carat/tables/qcatalog/dim6/dir.2-2;2-1;1,1/ordnung.48/(1)^4(2)^3(6)^1(24)^1/group.1993
work/ext6b/2-2s1s1s1__group.374__X001	9f5a56e1bdf9fa0ea17bada137bbb0c4	carat/tables/qcatalog/dim6/dir.2-2;1;1;1;1/ordnung.24/(1)^2(2)^1(6)^1(12)^2/group.1809
work/ext6b/4-1s1__group.795__T	9f5d4f821fb0a98bf692e7b4eb6d7209	carat/tables/qcatalog/dim6/dir.4-1;1,1/ordnung.192/(2)^17/group.4486
work/ext6b/2-2s2-2s1__group.611__X001	9f5df95ff2044425c1f6b2918a0abd03	carat/tables/qcatalog/dim6/dir.2-2;2-2;1;1/ordnung.72/(1)^4(3)^4(18)^2/group.3061
work/ext6b/4-1s1__group.879__X101	9f63c07e61258e86bed673a9714f994c	carat/tables/qcatalog/dim6/dir.4-1;1;1/ordnung.64/(2)^2(4)^12(8)^4/group.4827
work/ext6b/2-1s2-1s1__group.297__C	9f8571cfacfedaf8bc391777d444125e	carat/tables/qcatalog/dim6/dir.2-1;2-1;1;1/ordnung.64/(2)^4(4)^6/group.1464
work/ext6b/2-2s2-1s1__group.434__T	9f874f02ead4a47473ad0263709ce60e	carat/tables/qcatalog/dim6/dir.2-2;2-1;1;1/ordnung.24/(1)^4(2)^1(6)^1(12)^1(36)^1/group.2077
work/ext6b/2-1c2-1s1__min.76__X01	9fb9061629948c1d5a4871c7a8aee647	carat/tables/qcatalog/dim6/dir.2-1,2-1;1;1/ordnung.8/(2)^2(8)^4/min.213
work/ext6b/2-2s2-1s1__group.518__X0111	9fc14dcc00e92d4d7bd62f84d0b51cc7	carat/tables/qcatalog/dim6/dir.2-2;2-1;1;1/ordnung.96/(1)^4(2)^4(12)^2/group.2403
work/ext6b/2-2s2-1s1__group.494__T	9fd2a90d708b9847ecc611fbe5502ab5	carat/tables/qcatalog/dim6/dir.2-2;2-1;1;1/ordnung.48/(1)^4(2)^4(24)^2/group.2278
work/ext6b/4-2s1__group.904__X100	9ffb53dc95d4caf1c72e8bb425d2bd63	carat/tables/qcatalog/dim6/dir.4-2;1;1/ordnung.144/(1)^6(3)^8(9)^2(18)^2/group.6061
work/ext6b/4-1s1__group.880__X0011	a01aec78c782a24271d5f24a8ee00bb0	carat/tables/qcatalog/dim6/dir.4-1;1;1/ordnung.64/(2)^2(4)^12(8)^4/group.4825
work/ext6b/4-3s1__group.1012__X10	a027d04fc94e6b051b2302c10fc06073	carat/tables/qcatalog/dim6/dir.4-3;1;1/ordnung.240/(1)^11(5)^5(10)^1(50)^1/group.7196
work/ext6b/4-2s1__group.958__X001	a02ba4f40981410abc33981818eea08c	carat/tables/qcatalog/dim6/dir.4-2;1,1/ordnung.48/(2)^9(6)^8/group.5968
work/ext6b/2-1s2-1s1__group.275__X10011	a08575ffc4c62e5f51c1ea5c4542dae1	carat/tables/qcatalog/dim6/dir.2-1;2-1;1;1/ordnung.128/(2)^6(4)^4/group.1319
work/ext6b/4-2s1__group.948__T	a090049f2f7b296d547b2022c3e71ac3	carat/tables/qcatalog/dim6/dir.4-2;1;1/ordnung.36/(1)^4(3)^4(18)^2/group.6177
work/ext6b/2-2s2-2s1__group.577__X11	a09b63d97fd9dc2140530195e01b94bf	carat/tables/qcatalog/dim6/dir.2-2;2-2;1;1/ordnung.36/(1)^3(3)^3(18)^2/group.2978
work/ext6b/2-2s2-1s1__group.455__C	a0a7a7e914ee3c29f94030b7f3bbc967	carat/tables/qcatalog/dim6/dir.2-2;2-1;1;1/ordnung.96/(1)^2(2)^4(4)^1(12)^1/group.2312
work/ext6b/1c1s1c1s1__min.66__T	a0b09f6f3a3bfda0f9ddfae18e94e4b2	carat/tables/qcatalog/dim6/dir.1,1;1,1;1,1/ordnung.4/(2)^1(8)^2/min.186
work/ext6b/2-1s1c1c1__group.225__X11	a0d3e2c64716bda6ff0b6554c2c201a8	carat/tables/qcatalog/dim6/dir.2-1;1,1,1;1/ordnung.8/(2)^4(8)^1(24)^1/min.222
work/ext6b/2-1s2-1s1__group.305__X111	a0dcbe86a0b599c11d835d694d273f4b	carat/tables/qcatalog/dim6/dir.2-1;2-1;1;1/ordnung.32/(2)^4(4)^4(8)^2/group.1424
work/ext6b/2-2s2-2s1__group.574__X01	a0e2beca96405403e918078755e94061	carat/tables/qcatalog/dim6/dir.2-2;2-2;1,1/ordnung.36/(1)^3(3)^1(6)^1/group.2754
work/ext6b/2-2s2-2s1__group.584__X100	a0ea910436e5c7ffaa0cd4a0b78cf22d	carat/tables/qcatalog/dim6/dir.2-2;2-2;1,1/ordnung.36/(1)^3(3)^4(9)^1(18)^1/group.2763
work/ext6b/3s2-1__group.677__X101	a104cec8d8a8f9314d4979fa317de147	carat/tables/qcatalog/dim6/dir.3;2-1;1/ordnung.192/(1)^4(2)^4(4)^4(8)^2/group.3912
work/ext6b/4-1s1__group.823__X010	a106e19e4d916a46f5390a58219f0c24	carat/tables/qcatalog/dim6/dir.4-1;1;1/ordnung.32/(2)^2(4)^12(8)^4/group.4735
work/ext6b/4-3s1__max.13__X100	a1098a8a50b0eeb387a0b720c224b099	carat/tables/qcatalog/dim6/dir.4-3;1,1/ordnung.480/(1)^11(5)^5(10)^1/group.7191
work/ext6b/3s2-2__group.708__C	a1280f283f0f107bcb4bdff73ea6b901	carat/tables/qcatalog/dim6/dir.3;2-2;1/ordnung.288/(1)^6(2)^2(4)^3(12)^1/group.4176
work/ext6b/4-2s1__group.917__X100	a13b24d406a7b62727c128951503c0a1	carat/tables/qcatalog/dim6/dir.4-2;1;1/ordnung.144/(1)^10(3)^6(6)^2/group.6022
work/ext6b/2-1s2-1s1__group.311__C	a13b507e16f659f429d66b4b4fb8c53a	carat/tables/qcatalog/dim6/dir.2-1;2-1;1;1/ordnung.64/(2)^4(4)^6/group.1476
work/ext6b/2-2s2-1s1__group.479__X001	a1ad3a79d8bc89ff4809be2b2b1ae931	carat/tables/qcatalog/dim6/dir.2-2;2-1;1,1/ordnung.48/(1)^4(2)^3(6)^1(24)^1/group.1999
work/ext6b/2-1s1s1s1__group.250__C	a1d578c606e1cb95699bbdaec43af2f7	carat/tables/qcatalog/dim6/dir.2-1;1;1;1;1/ordnung.32/(2)^4(4)^2(8)^2/group.1237
work/ext6b/2-2s2-2s1__group.528__X1000	a1d644af09737d599c18e4a8a4eeffaf	carat/tables/qcatalog/dim6/dir.2-2;2-2;1,1/ordnung.144/(1)^4(3)^2(6)^1/group.2708
work/ext6b/2-2s2-2s1__group.608__X101	a1dd01f6e843075fb9e42797506a4195	carat/tables/qcatalog/dim6/dir.2-2;2-2;1;1/ordnung.72/(1)^5(3)^1(6)^2/group.3097
work/ext6b/2-2s1c1s1__group.347__C	a1dd344265ecbc2484711bb159107bee	carat/tables/qcatalog/dim6/dir.2-2;1,1;1;1/ordnung.24/(1)^2(2)^1(6)^1(72)^1/group.1746
work/ext6b/2-2s2-1s1__min.122__X1	a1efb82fe745bbe1d38d2e4b203047d3	carat/tables/qcatalog/dim6/dir.2-2;2-1;1,1/ordnung.12/(1)^2(2)^1(6)^1(72)^1/min.360
work/ext6b/4-1s1__group.841__C	a1f828c4ccf430950b4ab01194bee4d3	carat/tables/qcatalog/dim6/dir.4-1;1;1/ordnung.96/(2)^6(4)^4/group.4925
work/ext6b/2-2s2-1s1__group.488__T	a2371dd1b6a54d64267e72ae7e52c94a	carat/tables/qcatalog/dim6/dir.2-2;2-1;1;1/ordnung.48/(1)^4(2)^4(24)^2/group.2286
work/ext6b/2-1s2-1s1__group.304__X011	a23f935f6612699d0d5205bba58d89ef	carat/tables/qcatalog/dim6/dir.2-1;2-1;1;1/ordnung.32/(2)^4(4)^4(8)^2/group.1396
work/ext6b/4-2s1__group.905__T	a269468f7aacc191d3c4715231b7e917	carat/tables/qcatalog/dim6/dir.4-2;1;1/ordnung.144/(1)^7(3)^8(9)^1(18)^2/group.6070
work/ext6b/3s1c1__group.643__X10	a2906bb9a31c38a97c86530f3bcbee3b	carat/tables/qcatalog/dim6/dir.3;1,1;1/ordnung.48/(1)^4(2)^2(4)^4(8)^1/group.3808
work/ext6b/3s2-2__group.743__T	a29b57715eeb558552c0713eb964a26f	carat/tables/qcatalog/dim6/dir.3;2-2;1/ordnung.48/(2)^6(4)^5(12)^1/group.4279
work/ext6b/4-3s1__group.1012__X11	a2ad7eb9d03173cf92ade7cb618058fd	carat/tables/qcatalog/dim6/dir.4-3;1;1/ordnung.240/(1)^11(5)^5(10)^1(50)^1/group.7201
work/ext6b/2-2s2-2s1__group.627__X101	a2c98444f670a1c9ea2794b70525518f	carat/tables/qcatalog/dim6/dir.2-2;2-2;1;1/ordnung.72/(1)^6(3)^2(6)^2/group.3161
work/ext6b/2-1s2-1s1__group.316__X1100	a2f149c0f876899efa8b82409cb69dec	carat/tables/qcatalog/dim6/dir.2-1;2-1;1;1/ordnung.64/(2)^4(4)^4(8)^2/group.1453
work/ext6b/2-2s2-2s1__group.595__X0111	a30738528ac3025807aa27d4b0bed5f6	carat/tables/qcatalog/dim6/dir.2-2;2-2;1;1/ordnung.48/(2)^6(6)^4/group.3012
work/ext6b/3s2-1__group.697__T	a31150aae056c81a67d554689d0ad754	carat/tables/qcatalog/dim6/dir.3;2-1;1/ordnung.96/(1)^4(2)^4(4)^4(8)^2/group.4044
work/ext6b/3s2-1__group.691__X10	a3172b788c2176d4a1b9c23d94751c6e	carat/tables/qcatalog/dim6/dir.3;2-1;1/ordnung.96/(1)^4(2)^4(4)^4(8)^2/group.4029
work/ext6b/3s2-2__group.717__X10	a331b8a35cdab88a0ecab0148e6b3654	carat/tables/qcatalog/dim6/dir.3;2-2;1/ordnung.144/(1)^8(2)^2(4)^1(12)^2(36)^1/group.4130
work/ext6b/4-1s1__group.849__T	a36f9ba171d2a1adee953286f36163d3	carat/tables/qcatalog/dim6/dir.4-1;1,1/ordnung.48/(2)^9(6)^8/group.4536
work/ext6b/4-2s1__group.955__X101	a373f41f7276d5a0a27aca5f99639e7a	carat/tables/qcatalog/dim6/dir.4-2;1;1/ordnung.48/(2)^6(6)^4/group.6221
work/ext6b/4-2s1__group.956__C	a385d685c541370f0e6f6f13827de231	carat/tables/qcatalog/dim6/dir.4-2;1;1/ordnung.96/(2)^6(6)^4/group.6307
work/ext6b/2-2s1s1s1__group.382__C	a387a0a16e1a5d12377d69156aa59b38	carat/tables/qcatalog/dim6/dir.2-2;1;1;1;1/ordnung.48/(1)^4(2)^1(6)^1(12)^1(36)^1/group.1859
work/ext6b/2-2s2-2s1__group.535__X1101	a38c71e48937c9c12d2a2de71809af33	carat/tables/qcatalog/dim6/dir.2-2;2-2;1;1/ordnung.144/(1)^6(3)^2(6)^2/group.2895
work/ext6b/3s2-2__group.752__T	a3ae2d3c5989745d2a809a31a4c8a173	carat/tables/qcatalog/dim6/dir.3;2-2;1/ordnung.72/(1)^6(2)^2(4)^3(12)^1/group.4325
work/ext6b/2-1s2-1s1__group.303__X010	a3b2e0ff61e0fd8761c20ce8ee7eddc9	carat/tables/qcatalog/dim6/dir.2-1;2-1;1;1/ordnung.32/(2)^4(4)^4(8)^2/group.1385
work/ext6b/2-2c2-2s1__group.329__X10	a3e2ce7e4e7b982fefc754f9560f73b9	carat/tables/qcatalog/dim6/dir.2-2,2-2;1;1/ordnung.12/(2)^4(6)^2/group.1646
work/ext6b/2-1s1c1s1__group.245__X01	a3e8f636387d5ef46867a0bf5e06acd6	carat/tables/qcatalog/dim6/dir.2-1;1,1;1;1/ordnung.8/(2)^1(4)^2(8)^2/min.230
work/ext6b/3s1s1__group.672__X101	a3f32db796ff7ace94e62e0e081c0e08	carat/tables/qcatalog/dim6/dir.3;1;1;1/ordnung.96/(1)^4(2)^2(4)^6/group.3860
work/ext6b/2-1s1s1s1__group.271__C	a3f842a62f2a58aa472f2be333499170	carat/tables/qcatalog/dim6/dir.2-1;1;1;1;1/ordnung.64/(2)^4(4)^4/group.1257
work/ext6b/2-1s1s1s1__min.89__X01	a41520feb0514a4e960ffd09004cf824	carat/tables/qcatalog/dim6/dir.2-1;1;1;1;1/ordnung.8/(2)^2(8)^4/min.248
work/ext6b/2-1s1s1s1__group.259__C	a4174a29b47abf5d3bc377de3f33d54f	carat/tables/qcatalog/dim6/dir.2-1;1;1;1;1/ordnung.32/(2)^4(4)^2(8)^2/group.1225
work/ext6b/4-3s1__group.1011__C	a431c85ea76b2e179abc9ecac12ea9f5	carat/tables/qcatalog/dim6/dir.4-3;1;1/ordnung.240/(1)^12(5)^4(10)^2/group.7208
work/ext6b/4-1s1__group.873__X110	a474b996db460dc68143bec4175b6aa4	carat/tables/qcatalog/dim6/dir.4-1;1;1/ordnung.64/(2)^8(4)^8(8)^2/group.4867
work/ext6b/4-2s1__group.923__C	a4779983cd29f20e58bca614ad3d2b1c	carat/tables/qcatalog/dim6/dir.4-2;1;1/ordnung.288/(1)^10(3)^6(6)^2/group.6143
work/ext6b/2-2s2-1s1__group.480__X101	a483d77ce73c68df1abb2ff98fbeb60d	carat/tables/qcatalog/dim6/dir.2-2;2-1;1;1/ordnung.48/(1)^4(2)^4(24)^2/group.2264
work/ext6b/4-2s1__group.914__X010	a498c34209e3fbc99c436caa83d86d87	carat/tables/qcatalog/dim6/dir.4-2;1;1/ordnung.144/(1)^8(3)^8(18)^2/group.6094
work/ext6b/4-1s1__group.889__X10	a49c8de88ad5eb0c0f5dac6c7dc2b88a	carat/tables/qcatalog/dim6/dir.4-1;1;1/ordnung.96/(2)^10(4)^8/group.4912
work/ext6b/2-2s2-1s1__group.459__X110	a4a53e28da008d180fe55610b92a7f42	carat/tables/qcatalog/dim6/dir.2-2;2-1;1;1/ordnung.48/(1)^2(2)^4(8)^1(24)^1/group.2143
work/ext6b/2-2s2-1s1__group.468__X010	a4ab0de768c38496a7f69b217df61058	carat/tables/qcatalog/dim6/dir.2-2;2-1;1,1/ordnung.48/(1)^4(2)^1(6)^1(24)^1/group.1970
work/ext6b/2-2s1c1s1__group.355__X11	a4b3ee175f9e8ff9ddb6eccbbd25737b	carat/tables/qcatalog/dim6/dir.2-2;1,1;1;1/ordnung.12/(1)^2(2)^2(24)^1/min.324
work/ext6b/4-1s1__min.152__X11	a4cc3f3405af6871d6fec3a5df3323e7	carat/tables/qcatalog/dim6/dir.4-1;1,1/ordnung.8/(2)^1(4)^2(8)^2/min.488
work/ext6b/4-1s1__group.866__T	a4ce9acda58d386e2b44b0913b647e88	carat/tables/qcatalog/dim6/dir.4-1;1,1/ordnung.64/(2)^8(4)^8(8)^1/group.4556
work/ext6b/2-2s1c1s1__group.368__X111	a4d880fa04841bf2c4177a56d96b5864	carat/tables/qcatalog/dim6/dir.2-2;1,1;1,1/ordnung.24/(1)^4(12)^2/group.1740
work/ext6b/3s2-2__group.754__X01	a52c2bc007fceccd5fd1785739729d63	carat/tables/qcatalog/dim6/dir.3;2-2;1/ordnung.72/(1)^6(2)^2(4)^3(12)^1/group.4326
work/ext6b/2-2s2-1s1__min.126__T	a52d45ada6c11bdd6434a54706376257	carat/tables/qcatalog/dim6/dir.2-2;2-1;1;1/ordnung.12/(1)^4(12)^2(36)^2/min.367
work/ext6b/2-2s1c1c1__group.341__C	a53d51403658baa5cc81c9f132744ba7	carat/tables/qcatalog/dim6/dir.2-2;1,1,1;1/ordnung.12/(1)^2(6)^2/group.1704
work/ext6b/2-1s1s1s1__group.252__X011	a54ecd40a436db47d8197d6b53e4054d	carat/tables/qcatalog/dim6/dir.2-1;1;1;1;1/ordnung.16/(2)^4(8)^4/min.246
work/ext6b/3s1s1__group.658__X11	a55a445165f8b36364e4578ae5257ec1	carat/tables/qcatalog/dim6/dir.3;1;1;1/ordnung.48/(1)^4(2)^2(4)^4(8)^2/min.446
work/ext6b/2-1s1s1s1__group.253__T	a560d03fb00b31cf3390063ad6270bb5	carat/tables/qcatalog/dim6/dir.2-1;1;1;1;1/ordnung.16/(2)^4(4)^2(16)^2/group.1198
work/ext6b/4-2s1__group.944__X0110	a56363b1b6ba98a228354aaf940282b0	carat/tables/qcatalog/dim6/dir.4-2;1;1/ordnung.288/(1)^10(3)^6(6)^2/group.6116
work/ext6b/2-2s2-1s1__group.431__X10	a56e3435aee1d37e5b1a0bfad6cfcc0c	carat/tables/qcatalog/dim6/dir.2-2;2-1;1,1/ordnung.24/(1)^4(2)^1(6)^1(24)^1/group.1938
work/ext6b/3s2-2__group.723__C	a578cb47ad4b1fc5b3ca5d1bacf3b0b7	carat/tables/qcatalog/dim6/dir.3;2-2;1/ordnung.288/(1)^8(2)^2(4)^2(12)^2/group.4247
work/ext6b/2-2s2-2s1__group.566__T	a582aaa0a15bbb5f17706883f34629c1	carat/tables/qcatalog/dim6/dir.2-2;2-2;1,1/ordnung.36/(1)^2(3)^4(6)^1/group.2745
work/ext6b/4-2s1__group.902__T	a58555e718dfe95f593e5073858dd641	carat/tables/qcatalog/dim6/dir.4-2;1;1/ordnung.144/(1)^6(3)^8(9)^2(18)^2/group.6050
work/ext6b/3s2-2__group.713__X11	a59142f9a12c0df2bf14c896e859999c	carat/tables/qcatalog/dim6/dir.3;2-2;1/ordnung.144/(1)^6(2)^1(4)^4(12)^2(72)^1/group.4061
work/ext6b/2-1s2-1s1__group.294__X010	a5a98dd2639b4c79b4c96597d85d04d7	carat/tables/qcatalog/dim6/dir.2-1;2-1;1,1/ordnung.32/(2)^4(4)^2(8)^1/group.1275
work/ext6b/2-1s2-1s1__group.277__X11	a5aabaac87e1c8f7610f9131d8d61349	carat/tables/qcatalog/dim6/dir.2-1;2-1;1,1/ordnung.16/(2)^4(8)^3/group.1269
work/ext6b/1c1c1c1s1__group.207__T	a5b776385a3f8daeb7e78da37dee7464	carat/tables/qcatalog/dim6/dir.1,1,1,1;1;1/ordnung.4/(2)^2(16)^1/min.175
work/ext6b/4-2s1__group.939__X001	a5c75986de44edd2b4007d3610808d48	carat/tables/qcatalog/dim6/dir.4-2;1;1/ordnung.288/(1)^10(3)^6(6)^2/group.6125
work/ext6b/2-1s2-1s1__group.317__X0111	a5d4e19f560ce5beca1427cb0e87502c	carat/tables/qcatalog/dim6/dir.2-1;2-1;1;1/ordnung.64/(2)^4(4)^4(8)^2/group.1460
work/ext6b/3s2-2__group.706__T	a5dd95647bcddd0808f360ef1aa69962	carat/tables/qcatalog/dim6/dir.3;2-2;1/ordnung.144/(1)^6(2)^2(4)^3(12)^1/group.4089
work/ext6b/3s2-2__group.703__X10	a5f16bd110f78ad4d493c08845c829b2	carat/tables/qcatalog/dim6/dir.3;2-2;1/ordnung.144/(1)^4(2)^2(4)^3(12)^3/group.4054
work/ext6b/2-1c2-1s1__min.78__X11	a5f6f4a444addbd91db68b58c6c52b3f	carat/tables/qcatalog/dim6/dir.2-1,2-1;1,1/ordnung.8/(2)^1(4)^2(8)^2/min.207
work/ext6b/3s2-2__group.747__C	a5f8b7be5b870d9a7b26968e1dc8dcbc	carat/tables/qcatalog/dim6/dir.3;2-2;1/ordnung.96/(2)^10(4)^2(12)^2/group.4335
work/ext6b/4-1s1__group.884__X11	a5fc85d40de31b37068098351beb2db1	carat/tables/qcatalog/dim6/dir.4-1;1;1/ordnung.96/(2)^6(4)^4/group.4928
work/ext6b/4-2s1__group.940__X100	a6026855ea90513eeef01d57c5286e8c	carat/tables/qcatalog/dim6/dir.4-2;1;1/ordnung.288/(1)^10(3)^6(6)^2/group.6131
work/ext6b/3s2-2__group.747__X10	a630b2e00e293661c2902767cf4f01af	carat/tables/qcatalog/dim6/dir.3;2-2;1/ordnung.48/(2)^10(4)^1(12)^2(36)^1/group.4267
work/ext6b/2-2s2-1s1__group.497__C	a63bb7204c98e7753a17e51386d9432f	carat/tables/qcatalog/dim6/dir.2-2;2-1;1;1/ordnung.96/(1)^4(2)^4(12)^2/group.2402
work/ext6b/2-2s2-1s1__group.437__X11	a658b59eb93788eafb268329759fcd8c	carat/tables/qcatalog/dim6/dir.2-2;2-1;1;1/ordnung.24/(1)^4(2)^3(6)^1(24)^1(72)^1/group.2089
work/ext6b/4-1s1__group.890__X10	a65ff7dd5c73448e101cc5e3322d6020	carat/tables/qcatalog/dim6/dir.4-1;1;1/ordnung.96/(2)^10(4)^8/group.4911
work/ext6b/2-2s2-1s1__group.513__C	a66e774b9a78b4eced6916a6d93ace0a	carat/tables/qcatalog/dim6/dir.2-2;2-1;1;1/ordnung.192/(1)^4(2)^4(12)^2/group.2039
work/ext6b/2-2s1c1s1__group.368__C	a67cf3634cbe56685970d41da3c170aa	carat/tables/qcatalog/dim6/dir.2-2;1,1;1;1/ordnung.48/(1)^4(2)^1(6)^1(24)^1/group.1800
work/ext6b/2-1s2-1s1__group.286__T	a6963a691fef29635502684a8cd2c4c5	carat/tables/qcatalog/dim6/dir.2-1;2-1;1,1/ordnung.16/(2)^1(4)^6(8)^2/group.1260
work/ext6b/2-2s2-2s1__group.619__C	a69a6053bbc6ed71db973c12385f8c8b	carat/tables/qcatalog/dim6/dir.2-2;2-2;1;1/ordnung.144/(1)^5(3)^3(6)^1(18)^1/group.2860
work/ext6b/4-1s1__group.823__X101	a69c2dfc7588041ccad93b7679d47c92	carat/tables/qcatalog/dim6/dir.4-1;1;1/ordnung.32/(2)^2(4)^12(8)^4/group.4724
work/ext6b/2-2s2-2s1__group.632__X001	a6d78796c5bccabf0d6028b158d14641	carat/tables/qcatalog/dim6/dir.2-2;2-2;1,1/ordnung.72/(1)^5(3)^3(6)^1/group.2810
work/ext6b/3s1s1__group.659__C	a6de8c9343d41d2411d617637eaf82be	carat/tables/qcatalog/dim6/dir.3;1;1;1/ordnung.96/(1)^4(2)^2(4)^6/group.3864
work/ext6b/2-1s2-1s1__group.318__X0100	a6e98941af6c9b428bda937ad03f6724	carat/tables/qcatalog/dim6/dir.2-1;2-1;1,1/ordnung.64/(2)^4(4)^4(8)^1/group.1301
work/ext6b/4-1s1__group.792__X11	a6ee081a5dcaf137434456bbd6da0e99	carat/tables/qcatalog/dim6/dir.4-1;1;1/ordnung.192/(2)^18/group.4683
work/ext6b/3s2-2__group.739__C	a6eff7491ccc1e3f81bc3c36945be051	carat/tables/qcatalog/dim6/dir.3;2-2;1/ordnung.576/(1)^8(2)^2(4)^2(12)^2/group.4296
work/ext6b/2-2s2-1s1__group.510__T	a7042d9f7dbfeb91a73773c7797b924f	carat/tables/qcatalog/dim6/dir.2-2;2-1;1,1/ordnung.96/(1)^4(2)^3(6)^1(24)^1/group.2019
work/ext6b/4-2s1__group.907__X01	a70c23d78a35bea7b392f6cd22f53259	carat/tables/qcatalog/dim6/dir.4-2;1,1/ordnung.144/(1)^7(3)^8(9)^1(18)^1/group.5919
work/ext6b/2-2s2-2s1__group.559__C	a70db6cf937ad205aa270bd89e5703bf	carat/tables/qcatalog/dim6/dir.2-2;2-2;1;1/ordnung.72/(1)^2(3)^6(18)^2/group.3024
work/ext6b/3s2-2__group.723__T	a70e63855853276eeb13d906487ce2a4	carat/tables/qcatalog/dim6/dir.3;2-2;1/ordnung.144/(1)^8(2)^1(4)^3(12)^1(24)^1/group.4112
work/ext6b/4-1s1__group.876__X101	a7215012a8051726f3dd57d06644ec5c	carat/tables/qcatalog/dim6/dir.4-1;1;1/ordnung.64/(2)^8(4)^8(8)^2/group.4880
work/ext6b/2-2s2-2s1__group.601__X001	a7312489146b77a5df14dd3f942df10b	carat/tables/qcatalog/dim6/dir.2-2;2-2;1;1/ordnung.72/(1)^4(3)^4(18)^2/group.3076
work/ext6b/4-1s1__group.880__X1011	a742fdf2f7ecf9d60d998783c9d8a2fc	carat/tables/qcatalog/dim6/dir.4-1;1;1/ordnung.64/(2)^2(4)^12(8)^4/group.4826
work/ext6b/3s2-2__group.731__X101	a74320ec595073eb8efb3c25f2de0cb1	carat/tables/qcatalog/dim6/dir.3;2-2;1/ordnung.288/(1)^6(2)^2(4)^3(12)^1/group.4179
work/ext6b/2-2c2-2s1__group.332__X11	a75d3a211fa102c7f84275278623d929	carat/tables/qcatalog/dim6/dir.2-2,2-2;1;1/ordnung.12/(6)^6/group.1647
work/ext6b/3s2-1__group.696__X01	a760e836ee4f2c145e7cb382536a01be	carat/tables/qcatalog/dim6/dir.3;2-1;1/ordnung.96/(1)^4(2)^4(4)^4(8)^2/group.4024
work/ext6b/2-2s2-1s1__group.509__X1010	a76377f5f80966339cbf87f13e12e1ed	carat/tables/qcatalog/dim6/dir.2-2;2-1;1;1/ordnung.96/(1)^4(2)^4(24)^2/group.2429
work/ext6b/4-1s1__group.785__C	a7944da3f9145555c29355eae8bfe487	carat/tables/qcatalog/dim6/dir.4-1;1;1/ordnung.32/(2)^2(4)^6(8)^2/group.4755
work/ext6b/2-1s1c1s1__group.237__X101	a7b478f6b62f73a5533678b5904394c7	carat/tables/qcatalog/dim6/dir.2-1;1,1;1;1/ordnung.16/(2)^2(4)^2(8)^1/group.1143
work/ext6b/2-2s2-2s1__group.617__X110	a7cb3a7a28dc76eb7e1a499cc208db79	carat/tables/qcatalog/dim6/dir.2-2;2-2;1;1/ordnung.72/(1)^5(3)^3(6)^1(18)^1/group.3141
work/ext6b/2-2s2-1s1__group.463__X010	a7dbb6a52ee360e48b35058dadaefda2	carat/tables/qcatalog/dim6/dir.2-2;2-1;1;1/ordnung.48/(1)^4(2)^2(12)^2/group.2176
work/ext6b/2-2c2-2s1__min.102__X10	a7f7ce3ea2a78044bc903fad3874de52	carat/tables/qcatalog/dim6/dir.2-2,2-2;1,1/ordnung.6/(2)^2(6)^2(18)^1/min.300
work/ext6b/4-2s1__group.984__X10	a7fb43635f311a7f2637bb29660eea89	carat/tables/qcatalog/dim6/dir.4-2;1;1/ordnung.72/(1)^5(3)^8(9)^3(18)^2/group.6256
work/ext6b/5-2__group.1037__X01	a80472cf4361d64fb2c1b7ec8a712c0d	carat/tables/qcatalog/dim6/dir.5-2;1/ordnung.120/(1)^8(2)^9(6)^1(12)^7(36)^1/group.7391
work/ext6b/2-2s2-1s1__group.463__T	a8093161681b7504f2661a6d12d2f232	carat/tables/qcatalog/dim6/dir.2-2;2-1;1;1/ordnung.48/(1)^4(2)^2(12)^2/group.2165
work/ext6b/2-1s2-1s1__group.287__X111	a815179d368664198eb4420aab418e77	carat/tables/qcatalog/dim6/dir.2-1;2-1;1;1/ordnung.16/(2)^2(4)^4(8)^4/min.263
work/ext6b/2-2s2-2s1__group.567__X10	a823655258387a7f18d5e90bfd55d5e9	carat/tables/qcatalog/dim6/dir.2-2;2-2;1,1/ordnung.36/(1)^2(3)^4(6)^1/group.2746
work/ext6b/2-2s2-2s1__group.543__T	a82dce10c218c2eb32b55a116a0e6cfd	carat/tables/qcatalog/dim6/dir.2-2;2-2;1;1/ordnung.18/(1)^2(3)^3(9)^1(18)^2/min.410
work/ext6b/4-1s1__group.806__C	a830c1ad351bc595ab4cd049148f7743	carat/tables/qcatalog/dim6/dir.4-1;1;1/ordnung.48/(2)^4(4)^2/group.4806
work/ext6b/3s1c1__group.635__T	a859264f8772aa0107335fe0eba4d093	carat/tables/qcatalog/dim6/dir.3;1,1,1/ordnung.24/(1)^2(2)^2(4)^5(12)^1/group.3773
work/ext6b/2-1s1c1s1__group.234__X110	a866551f9cdf3d4703c2e049ec5e4211	carat/tables/qcatalog/dim6/dir.2-1;1,1;1;1/ordnung.16/(2)^4(4)^2(32)^1/group.1148
work/ext6b/2-1s2-1s1__group.279__C	a87047a6279dbdf17566278d39a94c03	carat/tables/qcatalog/dim6/dir.2-1;2-1;1;1/ordnung.32/(2)^4(4)^2(8)^2/group.1364
work/ext6b/4-1s1__group.797__T	a872ea471a1dd07af3e348e6f532396c	carat/tables/qcatalog/dim6/dir.4-1;1;1/ordnung.192/(2)^10(4)^8/group.4670
work/ext6b/2-2s2-1s1__group.515__X1101	a8a882fd8612233d11ba30ad3247b893	carat/tables/qcatalog/dim6/dir.2-2;2-1;1,1/ordnung.96/(1)^4(2)^3(6)^1(24)^1/group.2016
work/ext6b/3s2-2__group.735__X100	a8ac364cca42b2852d5c1e5fd40701a3	carat/tables/qcatalog/dim6/dir.3;2-2;1/ordnung.288/(1)^8(2)^2(4)^1(12)^2(36)^1/group.4200
work/ext6b/2-2s2-1s1__group.461__X010	a8af2580640e87bea5ae801838b952e4	carat/tables/qcatalog/dim6/dir.2-2;2-1;1;1/ordnung.48/(1)^4(6)^2(36)^2/group.2304
work/ext6b/4-1s1__group.836__C	a8b9bdd5e08304e5a4ceb32beeb92137	carat/tables/qcatalog/dim6/dir.4-1;1;1/ordnung.768/(1)^4(2)^12(4)^2/group.4896
work/ext6b/4-2s1__group.941__T	a8c510c3f1c5447a163b74ffe7810084	carat/tables/qcatalog/dim6/dir.4-2;1,1/ordnung.288/(1)^9(3)^7(6)^1/group.5947
work/ext6b/2-1s2-1s1__group.316__X0101	a8d4bcb671bd3378be0a8db6ff951bfe	carat/tables/qcatalog/dim6/dir.2-1;2-1;1;1/ordnung.64/(2)^4(4)^4(8)^2/group.1450
work/ext6b/2-2s2-2s1__group.628__X011	a908472379bee1c19e921bee66aac6f7	carat/tables/qcatalog/dim6/dir.2-2;2-2;1;1/ordnung.72/(1)^6(3)^2(6)^2/group.3155
work/ext6b/3s2-2__max.10__X0001	a90bd2cc6caef6adc86eefb4feb9ee37	carat/tables/qcatalog/dim6/dir.3;2-2;1/ordnung.576/(1)^8(2)^1(4)^3(12)^1(24)^1/group.4289
work/ext6b/4-1s1__group.830__X011	a90c829725dcbf939424ef20ca5d720d	carat/tables/qcatalog/dim6/dir.4-1;1;1/ordnung.32/(2)^2(4)^4(8)^4/group.4749
work/ext6b/2-2s1c1c1__group.342__X1	a925a1fa3f12823dcefa7db18016d27b	carat/tables/qcatalog/dim6/dir.2-2;1,1,1,1/ordnung.6/(1)^2(12)^1/group.1693
work/ext6b/2-2s1s1s1__group.393__X101	a9331bf6761dd74608cde489a172ecd0	carat/tables/qcatalog/dim6/dir.2-2;1;1;1;1/ordnung.24/(1)^4(4)^2(12)^2/group.1838
work/ext6b/2-2s1c1s1__group.352__T	a933c2bd9ab7552dd6107154a42c007f	carat/tables/qcatalog/dim6/dir.2-2;1,1;1;1/ordnung.12/(1)^2(6)^2(24)^1/min.331
work/ext6b/2-2s2-2s1__group.573__C	a93ae1edff64a9b9b2f3f21eb332bc6b	carat/tables/qcatalog/dim6/dir.2-2;2-2;1;1/ordnung.72/(1)^4(6)^2/group.3085
work/ext6b/2-2s1c1s1__group.356__X11	a951b84a3a5dbb43e0392bf3ccea5371	carat/tables/qcatalog/dim6/dir.2-2;1,1;1;1/ordnung.12/(1)^4(6)^2(72)^1/min.341
work/ext6b/3s2-2__group.740__X011	a95cf4e7f4f0dc45ffd81129fa3fc75b	carat/tables/qcatalog/dim6/dir.3;2-2;1/ordnung.288/(1)^8(2)^2(4)^2(12)^2/group.4233
work/ext6b/4-2s1__group.913__X011	a9912624ab64c5075b05151e35dfe68d	carat/tables/qcatalog/dim6/dir.4-2;1;1/ordnung.144/(1)^8(3)^8(18)^2/group.6097
work/ext6b/4-1s1__group.805__T	a9bba37504466174250439c3e3c4642e	carat/tables/qcatalog/dim6/dir.4-1;1,1/ordnung.192/(1)^4(2)^10(4)^2(8)^1/group.4480
work/ext6b/2-2s2-1s1__group.509__X1110	a9df207d2d23ea0da6939d89cec9b4f3	carat/tables/qcatalog/dim6/dir.2-2;2-1;1,1/ordnung.96/(1)^4(2)^3(6)^1(24)^1/group.2022
work/ext6b/2-1s2-1s1__group.299__C	aa04591655cf514a7f1fa8585bbe8c88	carat/tables/qcatalog/dim6/dir.2-1;2-1;1;1/ordnung.64/(2)^4(4)^6/group.1470
work/ext6b/5-1__group.1024__T	aa2726682f29ee96806df634b78fb558	carat/tables/qcatalog/dim6/dir.5-1;1/ordnung.160/(1)^4(2)^2(4)^20/group.7346
work/ext6b/4-2s1__max.12__C	aa326447d0a837f593630d2022276b03	carat/tables/qcatalog/dim6/dir.4-2;1;1/ordnung.1152/(1)^10(3)^6(6)^2/group.6005
work/ext6b/3s2-2__group.709__X01	aa33fd648bcff314644fdebab90eb416	carat/tables/qcatalog/dim6/dir.3;2-2;1/ordnung.144/(1)^6(2)^1(4)^4(24)^1/group.4062
work/ext6b/3s2-2__group.731__X011	aa47a079f12b3d75b1ee7cd556812ba3	carat/tables/qcatalog/dim6/dir.3;2-2;1/ordnung.288/(1)^6(2)^2(4)^3(12)^1/group.4169
work/ext6b/3s1s1__group.662__C	aa56e3466497c06a739393818963b46c	carat/tables/qcatalog/dim6/dir.3;1;1;1/ordnung.96/(1)^4(2)^2(4)^6/group.3871
work/ext6b/2-2s2-2s1__group.598__X101	aa5c1829a91c5ed9668e55181654f9ef	carat/tables/qcatalog/dim6/dir.2-2;2-2;1;1/ordnung.72/(1)^3(3)^5(6)^1(18)^1/group.3047
work/ext6b/2-2s2-1s1__group.483__X110	aa6875cd417175bf1ea05838cfd04d75	carat/tables/qcatalog/dim6/dir.2-2;2-1;1;1/ordnung.48/(1)^4(2)^4(12)^2/group.2243
work/ext6b/4-1s1__group.823__T	aa6ab28137100a24664eca59ff33e73e	carat/tables/qcatalog/dim6/dir.4-1;1,1/ordnung.32/(2)^1(4)^14(8)^2/group.4505
work/ext6b/4-1s1__group.817__X0101	aa90bf5cc16bf9fc67e5fc4084f4b54a	carat/tables/qcatalog/dim6/dir.4-1;1;1/ordnung.32/(2)^2(4)^12(8)^4/group.4715
work/ext6b/2-2s2-1s1__group.505__C	aa9eb1f9f718f0c84c012ad6f164acda	carat/tables/qcatalog/dim6/dir.2-2;2-1;1;1/ordnung.192/(1)^2(2)^4(4)^1(12)^1/group.2028
work/ext6b/3s2-2__group.740__X111	aaa3fe88c406a20dbe05f4956f247123	carat/tables/qcatalog/dim6/dir.3;2-2;1/ordnung.288/(1)^8(2)^1(4)^3(12)^1(24)^1/group.4191
work/ext6b/2-2c2-2s1__group.333__C	aac35628ab4f8aa8fcb9860148703086	carat/tables/qcatalog/dim6/dir.2-2,2-2;1;1/ordnung.48/(2)^4(6)^2/group.1654
work/ext6b/2-1s1s1s1__group.248__X101	aaff547917fd4563751a2adea7496a59	carat/tables/qcatalog/dim6/dir.2-1;1;1;1;1/ordnung.16/(2)^4(4)^2(16)^2/group.1202
work/ext6b/2-2s2-2s1__group.597__C	ab120b87924b112f1045c72f6260a901	carat/tables/qcatalog/dim6/dir.2-2;2-2;1;1/ordnung.144/(1)^3(3)^3(6)^2/group.2823
work/ext6b/3s2-2__group.721__X11	ab134e5f2fff1922d04e24d608a27914	carat/tables/qcatalog/dim6/dir.3;2-2;1/ordnung.144/(1)^8(2)^2(4)^2(12)^2/group.4146
work/ext6b/2-1s1s1s1__group.248__X111	ab26d0587616272b00bb3652de707d01	carat/tables/qcatalog/dim6/dir.2-1;1;1;1;1/ordnung.16/(2)^4(16)^4/group.1196
work/ext6b/2-2s2-2s1__group.596__T	ab27c972e76380918d25df500aad5997	carat/tables/qcatalog/dim6/dir.2-2;2-2;1;1/ordnung.72/(1)^3(3)^3(6)^2/group.3034
work/ext6b/4-1s1__group.810__X0100	ab6f67aa19bb86cfa54656d5e90b5921	carat/tables/qcatalog/dim6/dir.4-1;1,1/ordnung.256/(2)^12(4)^4(8)^1/group.4496
work/ext6b/2-2s2-1s1__group.505__X1110	ab81098810f6056965c0418f6e0bc697	carat/tables/qcatalog/dim6/dir.2-2;2-1;1;1/ordnung.96/(1)^2(2)^4(8)^1(24)^1/group.2319
work/ext6b/2-2s2-1s1__group.474__C	abb9b0012033977309a1a20ad8bba70d	carat/tables/qcatalog/dim6/dir.2-2;2-1;1;1/ordnung.96/(1)^4(2)^3(6)^1(12)^1(36)^1/group.2335
work/ext6b/1s1s1s1s1__group.220__C	abc41c0b6bfce75d11852e93ffc02177	carat/tables/qcatalog/dim6/dir.1;1;1;1;1;1/ordnung.32/(2)^2(4)^4/group.1077
work/ext6b/2-1s1c1c1__group.227__C	abc6b0a12b540d51923e574ffbd87063	carat/tables/qcatalog/dim6/dir.2-1;1,1,1;1/ordnung.16/(2)^4(4)^1(12)^1/group.1110
work/ext6b/4-1s1__group.773__X010	abe1ff6cee99a3fd8bbceb21a641bc07	carat/tables/qcatalog/dim6/dir.4-1;1;1/ordnung.128/(2)^12(4)^4(8)^2/group.4607
work/ext6b/2-2s2-2s1__group.563__C	ac0678de0174bedb16d9822f5cc09b01	carat/tables/qcatalog/dim6/dir.2-2;2-2;1;1/ordnung.72/(1)^3(3)^3(6)^2/group.3028
work/ext6b/4-1s1__group.878__C	ac161bedaf4f1ef966352851e58378eb	carat/tables/qcatalog/dim6/dir.4-1;1;1/ordnung.128/(2)^2(4)^14(8)^2/group.4611
work/ext6b/2-2s2-1s1__group.438__X01	ac1bd3528d999982d4fbf2899da9b954	carat/tables/qcatalog/dim6/dir.2-2;2-1;1;1/ordnung.24/(1)^4(2)^3(6)^1(24)^1(72)^1/group.2088
work/ext6b/3s1s1__group.668__X011	ac267634eead6feedc25531789364638	carat/tables/qcatalog/dim6/dir.3;1;1;1/ordnung.96/(1)^4(4)^8/group.3877
work/ext6b/2-1s2-1s1__group.284__T	ac2b3e10e7073dc96213d94c09269b17	carat/tables/qcatalog/dim6/dir.2-1;2-1;1;1/ordnung.16/(2)^2(4)^4(8)^4/min.266
work/ext6b/3s2-1__group.691__T	ac34a7ad6c8d0d565c4b58b4f3a85838	carat/tables/qcatalog/dim6/dir.3;2-1;1/ordnung.96/(1)^4(2)^4(4)^4(8)^2/group.4034
work/ext6b/2-2s2-1s1__group.454__X110	ac56aec97aab19d66b6bad8d64baccb0	carat/tables/qcatalog/dim6/dir.2-2;2-1;1;1/ordnung.48/(1)^2(2)^4(8)^1(24)^1/group.2135
work/ext6b/3s1s1__group.650__C	ac5b711c88ff30d28a086fdce53ecdc8	carat/tables/qcatalog/dim6/dir.3;1;1;1/ordnung.96/(1)^2(2)^2(4)^6(8)^2/group.3846
work/ext6b/2-2s2-1s1__group.481__X100	ac5ccd2c0b5cfbe3a6b43dfecea31fc9	carat/tables/qcatalog/dim6/dir.2-2;2-1;1;1/ordnung.48/(1)^4(2)^4(12)^2/group.2260
work/ext6b/2-2s2-2s1__group.613__X010	ac5d891d5748646544b6f989c3bb6457	carat/tables/qcatalog/dim6/dir.2-2;2-2;1,1/ordnung.72/(1)^3(3)^5(6)^1/group.2783
work/ext6b/2-2s2-2s1__group.566__C	ac866dc5c1638ee721574118d027412d	carat/tables/qcatalog/dim6/dir.2-2;2-2;1;1/ordnung.72/(1)^3(3)^3(6)^2/group.3040
work/ext6b/2-2s2-2s1__group.536__X1010	ac9288ccd2048759ff4825885eccdb5b	carat/tables/qcatalog/dim6/dir.2-2;2-2;1;1/ordnung.144/(1)^6(3)^2(6)^2/group.2887
work/ext6b/4-1s1__group.890__X01	aca51db73dcbd21a49d8d3a539e7a638	carat/tables/qcatalog/dim6/dir.4-1;1,1/ordnung.96/(2)^9(4)^8/group.4577
work/ext6b/2-2s2-1s1__group.506__X0111	acaabf43e4071edbab6a3a9d18810d15	carat/tables/qcatalog/dim6/dir.2-2;2-1;1;1/ordnung.96/(1)^4(2)^2(12)^2/group.2326
work/ext6b/2-2s1c1c1__group.344__C	acbcdab45305392b62a8443b09e20d41	carat/tables/qcatalog/dim6/dir.2-2;1,1,1;1/ordnung.12/(1)^3(3)^1(6)^1(54)^1/group.1711
work/ext6b/2-1s2-1s1__group.292__X100	acc92e5131dfc203011826c74a4fc631	carat/tables/qcatalog/dim6/dir.2-1;2-1;1,1/ordnung.32/(2)^4(4)^2(8)^1/group.1276
work/ext6b/2-2s2-2s1__group.536__X0010	acd96ac085b0bd85d65e2772a3c9d4a7	carat/tables/qcatalog/dim6/dir.2-2;2-2;1;1/ordnung.144/(1)^5(3)^3(6)^1(18)^1/group.2847
work/ext6b/2-1s1s1s1__group.267__X1111	acfe9bb5a29dbe7b9661628c35897ead	carat/tables/qcatalog/dim6/dir.2-1;1;1;1;1/ordnung.32/(2)^4(4)^2(8)^2/group.1241
work/ext6b/2-2s2-1s1__group.518__X0011	ad1c9decd64d090b2fa591fd62c2c9c5	carat/tables/qcatalog/dim6/dir.2-2;2-1;1;1/ordnung.96/(1)^4(2)^4(12)^2/group.2373
work/ext6b/2-2s1s1s1__group.399__T	ad2efafb40417e3cfdac4d3315c9a732	carat/tables/qcatalog/dim6/dir.2-2;1;1;1;1/ordnung.48/(1)^4(2)^2(12)^2/group.1868
work/ext6b/3s2-1__group.688__X01	ad43310fd6063fe8454615c9cfdde886	carat/tables/qcatalog/dim6/dir.3;2-1;1/ordnung.96/(1)^2(2)^4(4)^6(8)^2/group.3998
work/ext6b/2-1s2-1s1__group.296__C	ad4d4c19bc492fa8f6c98d48f2aa5d8e	carat/tables/qcatalog/dim6/dir.2-1;2-1;1;1/ordnung.64/(2)^4(4)^6/group.1466
work/ext6b/2-2s2-1s1__group.497__X111	ad6dfd7d8b330b223d91da0c3f0046a0	carat/tables/qcatalog/dim6/dir.2-2;2-1;1;1/ordnung.48/(1)^4(2)^4(24)^2/group.2297
work/ext6b/4-1s1__group.866__X001	ad730f17da1abce0af16550afc36d72e	carat/tables/qcatalog/dim6/dir.4-1;1;1/ordnung.64/(2)^8(4)^8(8)^2/group.4887
work/ext6b/2-2s1c1s1__group.365__X010	ad803450ae43c2dafd36ee7e96405630	carat/tables/qcatalog/dim6/dir.2-2;1,1;1;1/ordnung.24/(1)^3(3)^1(6)^1(18)^1(72)^1/group.1756
work/ext6b/2-2s1c1c1__group.335__X01	ada0276cadcb1851933d4f2aa852773f	carat/tables/qcatalog/dim6/dir.2-2;1,1,1;1/ordnung.12/(1)^2(3)^2(18)^1(54)^1/group.1698
work/ext6b/2-2s1s1s1__group.386__C	adba8881ab828e08775711eae23c003e	carat/tables/qcatalog/dim6/dir.2-2;1;1;1;1/ordnung.48/(1)^4(2)^1(6)^1(12)^1(36)^1/group.1857
work/ext6b/2-2s2-2s1__group.537__X0110	adbb5d89fa849bbf1e5bbed1eab763a1	carat/tables/qcatalog/dim6/dir.2-2;2-2;1;1/ordnung.144/(1)^6(3)^2(6)^2/group.2875
work/ext6b/4-1s1__group.819__C	adc379084f5eb9c21ec7a716054b2d58	carat/tables/qcatalog/dim6/dir.4-1;1;1/ordnung.64/(2)^2(4)^14(8)^2/group.4836
work/ext6b/3s2-1__group.677__X001	add19967ff58094b4717ef48b77f88a1	carat/tables/qcatalog/dim6/dir.3;2-1;1/ordnung.192/(1)^4(2)^4(4)^4(8)^2/group.3903
work/ext6b/2-2s2-1s1__group.509__X0101	adf9c1075aec139b1c267a4ebcc07d6d	carat/tables/qcatalog/dim6/dir.2-2;2-1;1;1/ordnung.96/(1)^4(2)^4(12)^2/group.2412
work/ext6b/2-1s1c1s1__group.238__X0010	ae0e95e39626762b39e42a2c69f992ad	carat/tables/qcatalog/dim6/dir.2-1;1,1;1,1/ordnung.32/(2)^4(8)^2/group.1132
work/ext6b/4-2s1__group.900__X101	ae438059c5e64085e1e039e025e6e867	carat/tables/qcatalog/dim6/dir.4-2;1;1/ordnung.144/(1)^6(3)^2(6)^2/group.6034
work/ext6b/2-2s2-1s1__group.457__X100	ae4e836af2dc94ae76715fde4651ec74	carat/tables/qcatalog/dim6/dir.2-2;2-1;1,1/ordnung.48/(1)^2(2)^4(24)^1/group.1962
work/ext6b/4-1s1__group.784__X011	ae679547caabd8279bf46c9f1f6b94e5	carat/tables/qcatalog/dim6/dir.4-1;1;1/ordnung.16/(2)^2(4)^4(8)^4/group.4650
work/ext6b/2-2s2-1s1__group.498__C	ae70a409ad8ceafb81eb7419c7c92385	carat/tables/qcatalog/dim6/dir.2-2;2-1;1;1/ordnung.96/(1)^4(2)^4(12)^2/group.2371
work/ext6b/4-1s1__group.810__X0110	ae75638c13254fd74249b1854ccc5f95	carat/tables/qcatalog/dim6/dir.4-1;1;1/ordnung.256/(2)^12(4)^4(8)^2/group.4697
work/ext6b/4-2s1__group.902__X0010	ae76782ea21e7ea31534e60fb593590d	carat/tables/qcatalog/dim6/dir.4-2;1;1/ordnung.144/(1)^5(3)^8(9)^3(18)^2/group.6030
work/ext6b/2-1s2-1s1__group.312__X010	ae834d9d2ef1e8af465befdcf76056ad	carat/tables/qcatalog/dim6/dir.2-1;2-1;1,1/ordnung.32/(2)^2(4)^2(8)^1/group.1273
work/ext6b/2-2s2-1s1__group.477__X101	ae8d3652c2fed23fc26ba5f85b2a853d	carat/tables/qcatalog/dim6/dir.2-2;2-1;1;1/ordnung.48/(1)^4(2)^3(6)^1(24)^1(72)^1/group.2213
work/ext6b/4-2s1__group.946__T	ae8f947f4323b053fb15394fc5f61da5	carat/tables/qcatalog/dim6/dir.4-2;1,1/ordnung.36/(1)^3(3)^4(9)^1(18)^1/group.5961
work/ext6b/2-2s2-2s1__group.562__C	ae9f1949c8338da5e28e9932ba665213	carat/tables/qcatalog/dim6/dir.2-2;2-2;1;1/ordnung.72/(1)^3(3)^3(6)^2/group.3030
work/ext6b/3s2-2__group.723__X001	aea3ef82851a4284f87c8580f31aaefa	carat/tables/qcatalog/dim6/dir.3;2-2;1/ordnung.144/(1)^8(2)^2(4)^1(12)^2(36)^1/group.4120
work/ext6b/2-1s1s1s1__group.262__X110	aeb8f524189b5acb9aaaa5da4a08d781	carat/tables/qcatalog/dim6/dir.2-1;1;1;1;1/ordnung.16/(2)^1(4)^4(8)^1/min.242
work/ext6b/2-2s2-2s1__group.572__T	aec4d5562f48d0fb8cac6236c0cfb819	carat/tables/qcatalog/dim6/dir.2-2;2-2;1,1/ordnung.36/(1)^3(3)^1(6)^1/group.2752
work/ext6b/4-2s1__group.901__X010	aecf8b8f53fd373145ff7cb30df44e13	carat/tables/qcatalog/dim6/dir.4-2;1,1/ordnung.144/(1)^5(3)^8(9)^3(18)^1/group.5912
work/ext6b/2-2s2-2s1__group.594__C	aef341dc417e4521690eec247f1fc007	carat/tables/qcatalog/dim6/dir.2-2;2-2;1;1/ordnung.72/(1)^5(3)^3(6)^1(18)^1/group.3137
work/ext6b/5-2__group.1042__T	aefb268b8e96e3a20c52403c6e5519cc	carat/tables/qcatalog/dim6/dir.5-2;1/ordnung.720/(1)^16(2)^2(6)^8/group.7414
work/ext6b/2-2s2-1s1__group.483__X001	af529720c3d529153fcdfce95a28fecf	carat/tables/qcatalog/dim6/dir.2-2;2-1;1,1/ordnung.48/(1)^4(2)^3(6)^1(24)^1/group.2001
work/ext6b/3s2-1__group.680__X101	af52afc9bbd980b8b825d8a44686723a	carat/tables/qcatalog/dim6/dir.3;2-1;1/ordnung.192/(1)^4(2)^4(4)^6/group.3955
work/ext6b/5-1__group.1026__C	af608c27b2efa4cc767c0d7e122b74d2	carat/tables/qcatalog/dim6/dir.5-1;1/ordnung.320/(1)^8(2)^2(4)^16/group.7366
work/ext6b/2-1s1c1s1__group.237__X001	af627bd336098c93fce550feb4e19ae9	carat/tables/qcatalog/dim6/dir.2-1;1,1;1,1/ordnung.16/(2)^2(8)^2/group.1126
work/ext6b/3s2-2__group.730__X01	afaf93b946a78266510eba261e4ef6f0	carat/tables/qcatalog/dim6/dir.3;2-2;1/ordnung.24/(2)^9(4)^2(12)^2(72)^1/group.4162
work/ext6b/1c1s1c1s1__min.68__C	afc173ee200c71ce42d86770f603c28c	carat/tables/qcatalog/dim6/dir.1,1;1,1;1;1/ordnung.8/(2)^2(8)^2/group.1060
work/ext6b/4-2s1__min.162__X10	b00a24849ffc9f11abafdb68ec853673	carat/tables/qcatalog/dim6/dir.4-2;1;1/ordnung.36/(1)^4(3)^8(9)^4(18)^2/min.584
work/ext6b/3s1s1__group.671__C	b03a1db3ea527dc3cddbbff02ed97299	carat/tables/qcatalog/dim6/dir.3;1;1;1/ordnung.192/(1)^4(2)^2(4)^6/group.3841
work/ext6b/4-3ps1__group.999__X11	b03b0b372d6acdce002392371ff056bc	carat/tables/qcatalog/dim6/dir.4-3';1;1/ordnung.20/(1)^3(5)^1(10)^2/group.7105
work/ext6b/2-2s2-2s1__group.529__C	b0408df365cd50eade87c61d8dc7f000	carat/tables/qcatalog/dim6/dir.2-2;2-2;1;1/ordnung.288/(1)^5(3)^3(6)^1(18)^1/group.2933
work/ext6b/4-2s1__group.965__X111	b0443149b0ce0fd11288df2d24daab17	carat/tables/qcatalog/dim6/dir.4-2;1;1/ordnung.72/(1)^4(3)^8(9)^4(18)^2/group.6247
work/ext6b/2-2s2-2s1__group.572__X11	b04f8c4be36f54a9d7f35acf69da4af3	carat/tables/qcatalog/dim6/dir.2-2;2-2;1;1/ordnung.36/(1)^4(6)^2/group.3006
work/ext6b/2-2s2-2s1__group.529__X0010	b05b2b363ec6c6ad54990f642bb568a3	carat/tables/qcatalog/dim6/dir.2-2;2-2;1,1/ordnung.144/(1)^3(3)^5(6)^1/group.2707
work/ext6b/3s1s1__group.667__X111	b06259f6176ecd80944fcaa888fd76ba	carat/tables/qcatalog/dim6/dir.3;1;1;1/ordnung.96/(1)^4(2)^2(4)^4(8)^2/group.3853
work/ext6b/2-2s2-2s1__group.607__X101	b065e4404e55d3a35bd1881c717cf475	carat/tables/qcatalog/dim6/dir.2-2;2-2;1,1/ordnung.72/(1)^4(3)^2(6)^1/group.2791
work/ext6b/2-1s2-1s1__group.275__X00101	b0882511da6fbecb2821bbadc88dd885	carat/tables/qcatalog/dim6/dir.2-1;2-1;1;1/ordnung.128/(2)^6(4)^2(8)^2/group.1312
work/ext6b/2-2s2-2s1__group.597__X111	b0c8d362e75bd92b8ac4ba04cf521d99	carat/tables/qcatalog/dim6/dir.2-2;2-2;1;1/ordnung.72/(1)^3(3)^3(6)^2/group.3039
work/ext6b/4-1ps1__group.762__X10	b0ddd4b4e34393fc9269bb9a955a0d5a	carat/tables/qcatalog/dim6/dir.4-1';1,1/ordnung.16/(2)^1(4)^6(8)^2/group.4402
work/ext6b/2-2s2-1s1__group.421__C	b0e2814fb80c0b7cf07885afb84ec7de	carat/tables/qcatalog/dim6/dir.2-2;2-1;1;1/ordnung.48/(1)^2(2)^2(4)^1(12)^1/group.2105
work/ext6b/2-2s2-1s1__group.505__X0100	b0e58dd8594ad22b92c9b2e4cb5dd90d	carat/tables/qcatalog/dim6/dir.2-2;2-1;1,1/ordnung.96/(1)^2(2)^4(24)^1/group.2012
work/ext6b/4-2s1__min.159__X11	b0ed9ceda19fc1570462aff466136a89	carat/tables/qcatalog/dim6/dir.4-2;1;1/ordnung.24/(2)^6(6)^4/min.581
work/ext6b/3s2-2__group.759__X010	b0f9c5a7434ca14eb9ae70e5740e8808	carat/tables/qcatalog/dim6/dir.3;2-2;1/ordnung.96/(2)^9(4)^3(12)^1(24)^1/group.4343
work/ext6b/3s2-2__group.707__X01	b104167848850752e06c6f0564908e84	carat/tables/qcatalog/dim6/dir.3;2-2;1/ordnung.144/(1)^6(2)^2(4)^3(12)^1/group.4090
work/ext6b/4-1s1__group.823__X011	b120504154d5adba807009a3524d9b28	carat/tables/qcatalog/dim6/dir.4-1;1;1/ordnung.32/(2)^2(4)^12(8)^4/group.4737
work/ext6b/4-2s1__group.959__X011	b14276543c1d486e1d4f8b4269c9c50c	carat/tables/qcatalog/dim6/dir.4-2;1;1/ordnung.48/(2)^10(6)^8/group.6194
work/ext6b/2-2s2-1s1__group.516__X1101	b1442eb24b7801d16ffcc64813655b43	carat/tables/qcatalog/dim6/dir.2-2;2-1;1;1/ordnung.96/(1)^4(2)^4(12)^2/group.2380
work/ext6b/4-1s1__group.846__X10	b147ed2f66f6bd988d2763d5c137d30e	carat/tables/qcatalog/dim6/dir.4-1;1;1/ordnung.48/(2)^6(6)^4/group.4812
work/ext6b/4-1s1__min.152__X01	b188d6398ab57037d3820c1ee99a4359	carat/tables/qcatalog/dim6/dir.4-1;1;1/ordnung.8/(2)^2(8)^4/min.503
work/ext6b/4-2s1__group.926__X10	b1913a316c37e8fe0aacaa1dd8f7b9b8	carat/tables/qcatalog/dim6/dir.4-2;1;1/ordnung.24/(2)^4(6)^2/group.6104
work/ext6b/2-2s2-1s1__group.516__X1111	b19a90c7e731702d8b8537faa2ce517f	carat/tables/qcatalog/dim6/dir.2-2;2-1;1;1/ordnung.96/(1)^4(2)^4(12)^2/group.2408
work/ext6b/4-2s1__group.910__X110	b1a67f9c4b18b5e9f74236eabcb0528f	carat/tables/qcatalog/dim6/dir.4-2;1;1/ordnung.144/(1)^8(3)^8(18)^2/group.6083
work/ext6b/2-1s2-1s1__group.321__X0001	b1d56d9e10c4ca91313a98257905b6d3	carat/tables/qcatalog/dim6/dir.2-1;2-1;1;1/ordnung.64/(2)^6(4)^2(8)^2/group.1482
work/ext6b/4-1s1__group.777__X1010	b1da5ddbcc742ac760ff4b2e6d768fa9	carat/tables/qcatalog/dim6/dir.4-1;1;1/ordnung.128/(2)^8(4)^10/group.4618
work/ext6b/3s1c1__group.643__X01	b2165b6a21a15e53e79482128434af8d	carat/tables/qcatalog/dim6/dir.3;1,1;1/ordnung.48/(1)^4(4)^6(8)^1/group.3815
work/ext6b/2-2s2-1s1__group.410__X10	b2237606832ba2fca9e1653a0e70fb0e	carat/tables/qcatalog/dim6/dir.2-2;2-1;1,1/ordnung.24/(1)^2(2)^3(6)^1(72)^1/group.1923
work/ext6b/2-2s2-1s1__group.409__X01	b22fb40c92adc7ca7224398016635828	carat/tables/qcatalog/dim6/dir.2-2;2-1;1;1/ordnung.24/(1)^2(2)^1(6)^1(12)^2/group.2055
work/ext6b/4-1s1__group.790__X01	b2403fff9e7023b0166ed4dc968d9516	carat/tables/qcatalog/dim6/dir.4-1;1,1/ordnung.16/(2)^1(4)^6(8)^2/group.4476
work/ext6b/2-2s1s1s1__group.380__C	b243159f2580e8e4646f7667bc4eef36	carat/tables/qcatalog/dim6/dir.2-2;1;1;1;1/ordnung.48/(1)^2(2)^2(4)^1(12)^1/group.1849
work/ext6b/3s2-2__group.729__X01	b252b97d578c4d62b3297e750d719194	carat/tables/qcatalog/dim6/dir.3;2-2;1/ordnung.24/(2)^10(4)^1(12)^2(36)^1/group.4154
work/ext6b/3s2-2__group.728__T	b258cc3aeece188384a507af0ecb9a51	carat/tables/qcatalog/dim6/dir.3;2-2;1/ordnung.24/(2)^6(4)^3(12)^3/group.4160
work/ext6b/2-2s2-2s1__group.619__X011	b28b41536136898d552d86304a3ce743	carat/tables/qcatalog/dim6/dir.2-2;2-2;1;1/ordnung.72/(1)^5(3)^3(6)^1(18)^1/group.3136
work/ext6b/2-2pc2-2ps1__group.326__T	b29cc628803bde7be65f435a6c67c96d	carat/tables/qcatalog/dim6/dir.2-2',2-2';1,1/ordnung.6/(2)^2(6)^1/group.1611
work/ext6b/4-1s1__group.860__X011	b2ab5daa2c47fe7a342e9f76eddf0ba8	carat/tables/qcatalog/dim6/dir.4-1;1;1/ordnung.64/(2)^8(4)^8(8)^2/group.4862
work/ext6b/4-1s1__group.824__X001	b2b00725ed594d6e16a60241954bbf5c	carat/tables/qcatalog/dim6/dir.4-1;1;1/ordnung.32/(2)^2(4)^12(8)^4/group.4725
work/ext6b/2-2s2-1s1__group.490__C	b2b52eed22409e5f0e9d74af8eea9879	carat/tables/qcatalog/dim6/dir.2-2;2-1;1;1/ordnung.96/(1)^4(2)^4(12)^2/group.2392
work/ext6b/4-1s1__group.861__X101	b2b944e2b65c1f547a54d81aca214c12	carat/tables/qcatalog/dim6/dir.4-1;1;1/ordnung.64/(2)^8(4)^8(8)^2/group.4869
work/ext6b/3s2-2__group.716__C	b2f03d0daf595dff2d83951f80066e01	carat/tables/qcatalog/dim6/dir.3;2-2;1/ordnung.288/(1)^8(2)^2(4)^2(12)^2/group.4256
work/ext6b/3s2-1__group.676__X110	b2f27312ff286e316a09f7954db9072b	carat/tables/qcatalog/dim6/dir.3;2-1;1/ordnung.192/(1)^2(2)^4(4)^8/group.3885
work/ext6b/2-2s2-1s1__group.461__X001	b2f585ac21ace1641ec788acd99b5bd2	carat/tables/qcatalog/dim6/dir.2-2;2-1;1;1/ordnung.48/(1)^4(2)^1(6)^1(12)^1(36)^1/group.2149
work/ext6b/3s1s1__group.660__C	b2f8d9bc8376fcd897c9e598d0ac4fea	carat/tables/qcatalog/dim6/dir.3;1;1;1/ordnung.96/(1)^4(2)^2(4)^6/group.3865
work/ext6b/2-2s2-2s1__group.598__T	b3271df026b17209c60a948c227ce51f	carat/tables/qcatalog/dim6/dir.2-2;2-2;1;1/ordnung.72/(1)^3(3)^5(6)^1(18)^1/group.3045
work/ext6b/2-2s2-1s1__group.497__X010	b341a3df071adb8075101721a3a9e5f2	carat/tables/qcatalog/dim6/dir.2-2;2-1;1,1/ordnung.48/(1)^4(2)^3(6)^1(24)^1/group.2003
work/ext6b/2-2s2-2s1__group.523__C	b3912f7ded738a72e05223aad5e5e270	carat/tables/qcatalog/dim6/dir.2-2;2-2;1;1/ordnung.24/(2)^4(6)^2/group.2913
work/ext6b/2-2s2-1s1__group.460__C	b395e28efd4890dfad5e9fbee061e8dd	carat/tables/qcatalog/dim6/dir.2-2;2-1;1;1/ordnung.96/(1)^2(2)^2(4)^1(12)^1/group.2305
work/ext6b/2-2s2-1s1__group.426__C	b39bf017d919c096afa5f1364cd565a4	carat/tables/qcatalog/dim6/dir.2-2;2-1;1;1/ordnung.48/(1)^4(2)^1(6)^1(12)^1(36)^1/group.2151
work/ext6b/2-2s2-2s1__group.529__X0101	b3b0271ab3b4121386a057cf2155077d	carat/tables/qcatalog/dim6/dir.2-2;2-2;1;1/ordnung.144/(1)^5(3)^3(6)^1(18)^1/group.2843
work/ext6b/4-1s1__group.866__X110	b3b20342451b2f98ee391c29c441854e	carat/tables/qcatalog/dim6/dir.4-1;1;1/ordnung.64/(2)^8(4)^8(8)^2/group.4865
work/ext6b/2-2s2-1s1__group.458__X011	b3b2d9c371978f582632886def6199a2	carat/tables/qcatalog/dim6/dir.2-2;2-1;1;1/ordnung.48/(1)^2(2)^4(8)^1(24)^1/group.2139
work/ext6b/2-2s2-2s1__group.620__X010	b3b389a22d80f265771cef6cc921dc73	carat/tables/qcatalog/dim6/dir.2-2;2-2;1;1/ordnung.72/(1)^5(3)^3(6)^1(18)^1/group.3145
work/ext6b/1c1s1s1s1__group.212__X010	b3dc3002a4772be48e1936b419f63afe	carat/tables/qcatalog/dim6/dir.1,1;1;1;1;1/ordnung.8/(2)^2(4)^2(32)^1/min.195
work/ext6b/2-2s1c1s1__group.367__X011	b3f18b855572ec3aae2372371c78c1a0	carat/tables/qcatalog/dim6/dir.2-2;1,1;1;1/ordnung.24/(1)^4(2)^1(6)^1(24)^1/group.1765
work/ext6b/4-2s1__group.914__X110	b3f59354bc71e5b9409418715ce067f7	carat/tables/qcatalog/dim6/dir.4-2;1;1/ordnung.144/(1)^8(3)^8(18)^2/group.6093
work/ext6b/4-2s1__group.932__C	b406204f6f7c742c933d40b904aad152	carat/tables/qcatalog/dim6/dir.4-2;1;1/ordnung.48/(2)^6(6)^4/group.6215
work/ext6b/3s2-2__group.742__T	b4180fe34fe95551d3033293039163f3	carat/tables/qcatalog/dim6/dir.3;2-2;1/ordnung.36/(1)^4(2)^1(4)^4(12)^2(24)^1/group.4263
work/ext6b/4-1s1__group.776__C	b4348e91aeb4f9e92ca5df82d75732a7	carat/tables/qcatalog/dim6/dir.4-1;1;1/ordnung.256/(2)^8(4)^10/group.4707
work/ext6b/4-1s1__group.767__T	b434a5ad6e29c73f387191440a74f0e5	carat/tables/qcatalog/dim6/dir.4-1;1,1/ordnung.1152/(1)^8(2)^9/group.4453
work/ext6b/2-1s2-1s1__group.319__X0011	b45dd209b4728f99fe6504bd81d810d3	carat/tables/qcatalog/dim6/dir.2-1;2-1;1;1/ordnung.64/(2)^6(4)^2(8)^2/group.1488
work/ext6b/4-1s1__group.886__X10	b48bc178fd77c45d974024a68e5c9b7b	carat/tables/qcatalog/dim6/dir.4-1;1,1/ordnung.96/(2)^9/group.4574
work/ext6b/2-1s1s1s1__group.265__C	b4a3b8e58707db16d2b4ebe550b9df6c	carat/tables/qcatalog/dim6/dir.2-1;1;1;1;1/ordnung.64/(2)^4(4)^2(8)^2/group.1247
work/ext6b/3s2-1__group.680__X010	b4a94982794f86fa6e8272c7ec4fae3c	carat/tables/qcatalog/dim6/dir.3;2-1;1/ordnung.192/(1)^4(2)^4(4)^4(8)^2/group.3929
work/ext6b/3s1s1__group.652__X11	b4cef6c322c1b635436a71339f0611bf	carat/tables/qcatalog/dim6/dir.3;1;1;1/ordnung.48/(1)^2(4)^10/min.444
work/ext6b/3s2-2__group.708__X11	b4d5ace938969a88477c9083bcd7fa72	carat/tables/qcatalog/dim6/dir.3;2-2;1/ordnung.144/(1)^6(2)^2(4)^3(12)^1/group.4088
work/ext6b/4-1s1__group.824__X011	b4daef081f5b34e0701e34b460a878e6	carat/tables/qcatalog/dim6/dir.4-1;1;1/ordnung.32/(2)^2(4)^12(8)^4/group.4738
work/ext6b/3s2-2__group.732__X010	b4f0637343d5eca9f9dcd2c80cf5cccf	carat/tables/qcatalog/dim6/dir.3;2-2;1/ordnung.288/(1)^6(2)^2(4)^3(12)^2(36)^1/group.4180
work/ext6b/3s2-2__group.759__T	b4f5db49942a16ae63221f79d3789600	carat/tables/qcatalog/dim6/dir.3;2-2;1/ordnung.96/(2)^10(4)^2(12)^2/group.4339
work/ext6b/4-1s1__group.765__T	b514d0dd45c05375f064389d059e441f	carat/tables/qcatalog/dim6/dir.4-1;1;1/ordnung.1152/(1)^6(2)^10(4)^2/group.4582
work/ext6b/2-2s2-2s1__group.531__X0101	b516ae6cbdc53a69aa9e1112e468724f	carat/tables/qcatalog/dim6/dir.2-2;2-2;1;1/ordnung.144/(1)^6(3)^2(6)^2/group.2892
work/ext6b/2-2s2-2s1__group.523__T	b51b3cc176ab5da371a4ab94d9793039	carat/tables/qcatalog/dim6/dir.2-2;2-2;1;1/ordnung.12/(2)^2(6)^4/group.2814
work/ext6b/2-2s2-1s1__group.461__X100	b51cfe3641ba909471f34b6937c83132	carat/tables/qcatalog/dim6/dir.2-2;2-1;1;1/ordnung.48/(1)^4(2)^1(6)^1(12)^1(36)^1/group.2154
work/ext6b/2-2s2-1s1__group.427__T	b52ba783450a4bb8e084afa96749eab2	carat/tables/qcatalog/dim6/dir.2-2;2-1;1;1/ordnung.24/(1)^4(4)^1(12)^2(36)^1/group.2097
work/ext6b/2-2s1c1s1__group.363__X111	b539b97014cf72669df0741356659a6c	carat/tables/qcatalog/dim6/dir.2-2;1,1;1;1/ordnung.24/(1)^3(3)^1(6)^2(24)^1/group.1760
work/ext6b/2-2s2-1s1__group.452__C	b576950a1333e9694d3833131f4adea7	carat/tables/qcatalog/dim6/dir.2-2;2-1;1;1/ordnung.96/(1)^2(2)^4(4)^1(12)^1/group.2311
work/ext6b/2-2s2-1s1__group.511__X1111	b5be89e377f2d607e32f167639314b29	carat/tables/qcatalog/dim6/dir.2-2;2-1;1;1/ordnung.96/(1)^4(2)^4(12)^2/group.2411
work/ext6b/2-2s2-2s1__group.527__C	b5ce16ad6ea0c91ad408d031fb9f12e8	carat/tables/qcatalog/dim6/dir.2-2;2-2;1;1/ordnung.24/(2)^2(6)^4/group.2912
work/ext6b/4-1s1__group.865__T	b5ded4acc1e13ae3eae660ffe0c9473d	carat/tables/qcatalog/dim6/dir.4-1;1;1/ordnung.64/(2)^8(4)^8(8)^2/group.4870
work/ext6b/2-1s1c1s1__group.244__C	b5ed2f2d7b94508de41d2390c417fe3f	carat/tables/qcatalog/dim6/dir.2-1;1,1;1;1/ordnung.16/(2)^2(4)^2(8)^1/group.1142
work/ext6b/2-2s2-2s1__group.564__X01	b5f22a73fa398e9f2d7932a1798b6ca5	carat/tables/qcatalog/dim6/dir.2-2;2-2;1;1/ordnung.36/(1)^2(3)^4(6)^1(18)^1/group.2961
work/ext6b/4-3s1__group.1008__C	b5fd680738770f9e75e9bdc52c12b8dc	carat/tables/qcatalog/dim6/dir.4-3;1;1/ordnung.240/(1)^12(5)^4(10)^2/group.7206
work/ext6b/4-2s1__group.912__C	b61cb4a485f407e2e911a9746af4c07c	carat/tables/qcatalog/dim6/dir.4-2;1;1/ordnung.288/(1)^8(3)^8(18)^2/group.6167
work/ext6b/2-1s2-1s1__group.287__X100	b6334b9305aef28dad8f2ce5f4b3b16f	carat/tables/qcatalog/dim6/dir.2-1;2-1;1,1/ordnung.16/(2)^1(4)^6(8)^2/group.1263
work/ext6b/2-2s2-2s1__group.581__C	b6413046267c7a2386ec410557caf869	carat/tables/qcatalog/dim6/dir.2-2;2-2;1;1/ordnung.72/(1)^4(3)^4(18)^2/group.3059
work/ext6b/2-2s2-1s1__group.425__X01	b64bbc8fa4b9dfc80af7b93527e766b2	carat/tables/qcatalog/dim6/dir.2-2;2-1;1;1/ordnung.24/(1)^4(2)^1(6)^1(12)^1(36)^1/group.2073
work/ext6b/2-2s2-2s1__group.601__X110	b6589ac17cfd33c3e89bb1fe62c8d271	carat/tables/qcatalog/dim6/dir.2-2;2-2;1;1/ordnung.72/(1)^4(3)^4(18)^2/group.3075
work/ext6b/3s1s1__group.656__C	b66e1a5f73f26044c517730e4d9da99e	carat/tables/qcatalog/dim6/dir.3;1;1;1/ordnung.96/(1)^4(2)^2(4)^4(8)^2/group.3858
work/ext6b/4-2s1__group.964__C	b68e00cc0dcf3369b2fd351a7ec55263	carat/tables/qcatalog/dim6/dir.4-2;1;1/ordnung.144/(1)^4(3)^4(18)^2/group.6028
work/ext6b/4-2s1__group.955__T	b6a7b5bb5bafe6d0ab99d163bfdbcf7a	carat/tables/qcatalog/dim6/dir.4-2;1;1/ordnung.48/(2)^6(6)^4/group.6219
work/ext6b/3s1c1__group.642__T	b6b682608b0387ffbafff942a41057b1	carat/tables/qcatalog/dim6/dir.3;1,1;1/ordnung.48/(1)^4(2)^2(4)^4(32)^1/group.3797
work/ext6b/3s2-2__group.725__X01	b6c9000637cccb82ac96d98858450e0c	carat/tables/qcatalog/dim6/dir.3;2-2;1/ordnung.144/(1)^8(2)^2(4)^1(12)^2(36)^1/group.4122
work/ext6b/1c1c1c1c1__min.58__C	b6d0000d701f84c18e768abafb08091f	carat/tables/qcatalog/dim6/dir.1,1,1,1,1;1/ordnung.2/(2)^1(10)^1/min.172
work/ext6b/2-2s2-1s1__group.519__X1110	b6e86ff69a73046d58c29f372ec8d35f	carat/tables/qcatalog/dim6/dir.2-2;2-1;1;1/ordnung.96/(1)^4(2)^4(24)^2/group.2433
work/ext6b/2-2s2-1s1__group.408__X00010	b6ec1949913a1d26a7f329bf23d5c020	carat/tables/qcatalog/dim6/dir.2-2;2-1;1,1/ordnung.192/(1)^4(2)^3(6)^1(24)^1/group.1915
work/ext6b/4-1s1__group.867__X101	b70778a88759458cb214b604473eadfa	carat/tables/qcatalog/dim6/dir.4-1;1;1/ordnung.64/(2)^8(4)^8(8)^2/group.4888
work/ext6b/2-1s1c1s1__group.229__X110	b70fcd42387c1393f5de86da340e4c35	carat/tables/qcatalog/dim6/dir.2-1;1,1;1;1/ordnung.16/(2)^4(4)^2(32)^1/group.1159
work/ext6b/2-2s1s1s1__group.406__C	b71627674bd97847fd691421591a6bf9	carat/tables/qcatalog/dim6/dir.2-2;1;1;1;1/ordnung.96/(1)^4(2)^2(12)^2/group.1895
work/ext6b/3s2-2__group.705__C	b71fda5fc3604aa7d3bda38ba2dbc4d5	carat/tables/qcatalog/dim6/dir.3;2-2;1/ordnung.288/(1)^6(2)^2(4)^3(12)^1/group.4171
work/ext6b/3s2-1__group.691__X11	b74a80156ada6966bd57579a4f5062f0	carat/tables/qcatalog/dim6/dir.3;2-1;1/ordnung.96/(1)^4(2)^4(4)^4(8)^2/group.4039
work/ext6b/2-2s1c1s1__group.364__X011	b74dce852f5458608dcb5128e6db1db2	carat/tables/qcatalog/dim6/dir.2-2;1,1;1;1/ordnung.24/(1)^2(2)^2(24)^1/group.1750
work/ext6b/4-2s1__group.905__X001	b758928bcfe313ffe02bf64460e686c1	carat/tables/qcatalog/dim6/dir.4-2;1,1/ordnung.144/(1)^5(3)^10(9)^1(18)^1/group.5910
work/ext6b/2-2s2-1s1__group.477__X100	b75ec067cc813a138ef727a624262e5d	carat/tables/qcatalog/dim6/dir.2-2;2-1;1,1/ordnung.48/(1)^4(2)^1(6)^3(24)^1/group.1980
work/ext6b/2-1s2-1s1__group.296__X011	b76202d9a8e6e501aaf79e3e684b7953	carat/tables/qcatalog/dim6/dir.2-1;2-1;1;1/ordnung.32/(2)^4(4)^4(8)^2/group.1387
work/ext6b/3s2-1__group.702__X01	b77e044aa13dd264bc57840cdc9e4f5e	carat/tables/qcatalog/dim6/dir.3;2-1;1/ordnung.96/(1)^4(2)^2(4)^4(8)^2/group.4006
work/ext6b/4-1s1__min.150__X10	b7847792135f5290f31adb1317f5f7ce	carat/tables/qcatalog/dim6/dir.4-1;1;1/ordnung.32/(2)^2(4)^12(8)^4/min.499
work/ext6b/4-2s1__group.957__X111	b78b4eaa13a9cc463a4f14cf486e071c	carat/tables/qcatalog/dim6/dir.4-2;1;1/ordnung.48/(2)^10(6)^8/group.6196
work/ext6b/4-2s1__group.913__X110	b7a6b905bb182e0b677af81b41862745	carat/tables/qcatalog/dim6/dir.4-2;1,1/ordnung.144/(1)^7(3)^8(9)^1(18)^1/group.5921
work/ext6b/2-1s1s1s1__group.249__X101	b7a6c5ed7314c613a72e6183001abc19	carat/tables/qcatalog/dim6/dir.2-1;1;1;1;1/ordnung.16/(2)^4(8)^4/min.247
work/ext6b/2-2s2-1s1__group.499__X100	b7b46bbc773ff7449fb99931202cd20e	carat/tables/qcatalog/dim6/dir.2-2;2-1;1,1/ordnung.48/(1)^4(2)^3(6)^1(24)^1/group.1985
work/ext6b/4-3s1__group.1005__X01	b7cb640b770bc1b87431e566527c468a	carat/tables/qcatalog/dim6/dir.4-3;1,1/ordnung.120/(1)^10(5)^6(50)^1/group.7173
work/ext6b/4-1s1__group.766__X11	b7e232c6678f61e5fbb0c3a54132da17	carat/tables/qcatalog/dim6/dir.4-1;1;1/ordnung.1152/(1)^8(2)^10/group.4585
work/ext6b/4-2s1__group.921__T	b7ea6e7a345d888fc5a8c7a03229777d	carat/tables/qcatalog/dim6/dir.4-2;1,1/ordnung.144/(1)^9(3)^7(6)^1/group.5930
work/ext6b/4-1s1__group.785__X001	b7fb6bcbf815050bc071da2f93744ed1	carat/tables/qcatalog/dim6/dir.4-1;1;1/ordnung.16/(2)^2(4)^4(8)^4/group.4651
work/ext6b/4-2s1__group.939__C	b7fdcdf51b9e8a96c1a10ccf5f672d7c	carat/tables/qcatalog/dim6/dir.4-2;1;1/ordnung.576/(1)^10(3)^6(6)^2/group.6232
work/ext6b/2-2s2-2s1__group.541__T	b80a8b67dc6e9fc644e1adb1cc858688	carat/tables/qcatalog/dim6/dir.2-2;2-2;1,1/ordnung.18/(1)^2(3)^2(18)^1/group.2720
work/ext6b/3s2-2__group.724__T	b82cb2dfd83f16deb917f6b559cb3ab4	carat/tables/qcatalog/dim6/dir.3;2-2;1/ordnung.144/(1)^8(2)^2(4)^2(12)^2/group.4149
work/ext6b/4-2s1__group.991__X10	b83cbabb527ed3431999394055b6f659	carat/tables/qcatalog/dim6/dir.4-2;1,1/ordnung.72/(1)^7(3)^8(9)^1(18)^1/group.6003
work/ext6b/4-1s1__group.777__T	b83d6bdbc70c514f0ddbd3c465e71d91	carat/tables/qcatalog/dim6/dir.4-1;1;1/ordnung.128/(2)^8(4)^10/group.4619
work/ext6b/3s1c1__group.646__X01	b84a1dd16c208c398b1bcc3408073723	carat/tables/qcatalog/dim6/dir.3;1,1,1/ordnung.48/(1)^4(2)^2(4)^3(12)^1/group.3783
work/ext6b/2-2s2-1s1__group.409__C	b84a548b915b74a08b7125c21477ebda	carat/tables/qcatalog/dim6/dir.2-2;2-1;1;1/ordnung.48/(1)^2(2)^1(6)^1(12)^2/group.2104
work/ext6b/2-2s1c1c1__group.336__X11	b84e2957f3127f79c425f46cf7709ebf	carat/tables/qcatalog/dim6/dir.2-2;1,1,1;1/ordnung.12/(1)^3(3)^1(6)^2/group.1712
work/ext6b/2-2s2-1s1__group.465__T	b875ab1934b134f275fe9441f370b76c	carat/tables/qcatalog/dim6/dir.2-2;2-1;1,1/ordnung.48/(1)^4(2)^1(6)^1(24)^1/group.1973
work/ext6b/2-2s1s1s1__group.401__C	b89dc0cfb89205496cbf02fc40cab7d3	carat/tables/qcatalog/dim6/dir.2-2;1;1;1;1/ordnung.96/(1)^4(2)^2(12)^2/group.1899
work/ext6b/2-1s2-1s1__group.286__C	b89f4f8964186fe9cd02a970c3a01b53	carat/tables/qcatalog/dim6/dir.2-1;2-1;1;1/ordnung.32/(2)^2(4)^6(8)^2/group.1355
work/ext6b/2-1s1s1s1__group.250__X010	b8a56fc3c0bc09897967ab5bd66b151f	carat/tables/qcatalog/dim6/dir.2-1;1;1;1;1/ordnung.16/(2)^4(8)^4/group.1208
work/ext6b/4-1s1__group.801__C	b8af093fefa0c13f802b91cdaafbeba1	carat/tables/qcatalog/dim6/dir.4-1;1;1/ordnung.384/(1)^2(2)^10(4)^6/group.4771
work/ext6b/3s2-2__group.707__T	b8ba306572e454be7c0366fd140e6ac8	carat/tables/qcatalog/dim6/dir.3;2-2;1/ordnung.144/(1)^6(2)^2(4)^3(12)^1/group.4086
work/ext6b/2-1pc2-1ps1__group.222__X01	b8c2ae2a3eeca42a4a9c69a11092f2f8	carat/tables/qcatalog/dim6/dir.2-1',2-1';1;1/ordnung.8/(2)^2(16)^2/group.1083
work/ext6b/3s2-2__group.705__X01	b8c75c15ef5984f469504f63abfc124e	carat/tables/qcatalog/dim6/dir.3;2-2;1/ordnung.144/(1)^6(2)^1(4)^4(24)^1/group.4064
work/ext6b/2-1s2-1s1__group.292__X001	b8ca76f07dbad8f561e8ccadca4c625f	carat/tables/qcatalog/dim6/dir.2-1;2-1;1;1/ordnung.32/(2)^4(4)^2(8)^2/group.1373
work/ext6b/2-2s2-1s1__group.463__X110	b8d8216be896c9b887070b468ae27a56	carat/tables/qcatalog/dim6/dir.2-2;2-1;1;1/ordnung.48/(1)^4(2)^2(12)^2/group.2177
work/ext6b/3s2-2__group.718__T	b8d92ca116fa60482834a2d8df683dba	carat/tables/qcatalog/dim6/dir.3;2-2;1/ordnung.144/(1)^8(2)^1(4)^3(12)^1(24)^1/group.4109
work/ext6b/2-2s2-1s1__group.451__C	b8fa1611ea83e40be116f5e00a6b8591	carat/tables/qcatalog/dim6/dir.2-2;2-1;1;1/ordnung.96/(1)^2(2)^3(6)^1(12)^2/group.2306
work/ext6b/4-3s1__group.1013__C	b8fdbf4d2fe1b1443dc6d419bbd3f27e	carat/tables/qcatalog/dim6/dir.4-3;1;1/ordnung.480/(1)^12(5)^4(10)^2/group.7222
work/ext6b/3s1c1__group.641__X10	b90944478321cf8b541d13b717b953d1	carat/tables/qcatalog/dim6/dir.3;1,1,1/ordnung.48/(1)^2(2)^2(4)^5(12)^1/group.3780
work/ext6b/2-2s2-1s1__group.473__X110	b92c0fc7db443c09cd97024e51864c1b	carat/tables/qcatalog/dim6/dir.2-2;2-1;1,1/ordnung.48/(1)^4(2)^1(6)^3(24)^1/group.1982
work/ext6b/2-1s2-1s1__group.275__X01111	b93c88cbcf8b1be7dc510a0562ebc5d1	carat/tables/qcatalog/dim6/dir.2-1;2-1;1;1/ordnung.128/(2)^6(4)^2(8)^2/group.1316
work/ext6b/4-2s1__group.962__X111	b96d5ed190b452c8f543e7ea6dddef92	carat/tables/qcatalog/dim6/dir.4-2;1,1/ordnung.48/(2)^9(6)^8/group.5971
work/ext6b/1c1s1s1s1__group.211__X1011	b96e2c498e7ad63de1078d5147c7f797	carat/tables/qcatalog/dim6/dir.1,1;1;1;1;1/ordnung.16/(2)^2(4)^2(32)^1/group.1063
work/ext6b/2-1s1c1s1__group.229__C	b99b6947f8443b1782c5769d847b2cad	carat/tables/qcatalog/dim6/dir.2-1;1,1;1;1/ordnung.32/(2)^4(4)^2(32)^1/group.1175
work/ext6b/2-2s1c1s1__group.353__C	b9a478b7af618cc0a046e7a1a052128a	carat/tables/qcatalog/dim6/dir.2-2;1,1;1;1/ordnung.24/(1)^2(2)^2(24)^1/group.1753
work/ext6b/2-1s1s1s1__group.269__C	b9a518e4ae19efc0563e8c72a640def6	carat/tables/qcatalog/dim6/dir.2-1;1;1;1;1/ordnung.64/(2)^4(4)^4/group.1254
work/ext6b/2-1s1c1s1__group.237__X110	b9b49d04825e59e1889f3540cc45f653	carat/tables/qcatalog/dim6/dir.2-1;1,1;1;1/ordnung.16/(2)^2(4)^2(32)^1/group.1139
work/ext6b/2-2s2-1s1__group.509__X0110	b9e5c5d04ce895139321cbafdb186ccd	carat/tables/qcatalog/dim6/dir.2-2;2-1;1;1/ordnung.96/(1)^4(2)^4(12)^2/group.2377
work/ext6b/4-2s1__group.966__X10	b9faf4495e71804974836303cd2763ab	carat/tables/qcatalog/dim6/dir.4-2;1;1/ordnung.72/(1)^5(3)^8(9)^3(18)^2/group.6254
work/ext6b/2-2s2-2s1__group.599__X101	ba09ed00803a1e698c34209c7967e96b	carat/tables/qcatalog/dim6/dir.2-2;2-2;1;1/ordnung.72/(1)^4(6)^2/group.3086
work/ext6b/4-1s1__group.851__C	ba0c4da075a627c3bbd944ec336c2c89	carat/tables/qcatalog/dim6/dir.4-1;1;1/ordnung.96/(1)^2(2)^4(6)^2(12)^2/group.4904
work/ext6b/1c1c1c1c1__group.206__T	ba2f2f77d2877249329259b3809d0e67	carat/tables/qcatalog/dim6/dir.1,1,1,1,1;1/ordnung.2/(2)^1(10)^1/min.171
work/ext6b/2-1s1c1s1__group.238__X1011	ba359f941c33a4c5eadaadfa3c5354d3	carat/tables/qcatalog/dim6/dir.2-1;1,1;1;1/ordnung.32/(2)^4(4)^2(8)^1/group.1179
work/ext6b/2-1s1s1s1__group.269__X1111	ba3deeb0d71b637de80c00be020f6e3f	carat/tables/qcatalog/dim6/dir.2-1;1;1;1;1/ordnung.32/(2)^4(4)^2(8)^2/group.1234
work/ext6b/3s1c1__min.131__T	ba4d11b1fcbc79213995ed57dd2a9bcb	carat/tables/qcatalog/dim6/dir.3;1,1,1/ordnung.12/(1)^2(4)^7(12)^1/min.431
work/ext6b/2-2s1c1s1__group.363__X010	ba5f843911d7600e19dea9e98801ad84	carat/tables/qcatalog/dim6/dir.2-2;1,1;1;1/ordnung.24/(1)^3(3)^1(6)^2(24)^1/group.1763
work/ext6b/2-2s1c1s1__group.369__C	ba6139004421d3a4fd21aa658b745ef6	carat/tables/qcatalog/dim6/dir.2-2;1,1;1;1/ordnung.48/(1)^4(2)^1(6)^1(24)^1/group.1802
work/ext6b/3s2-1__group.698__X11	ba7e33028c6e05348abbec42f6b41b86	carat/tables/qcatalog/dim6/dir.3;2-1;1/ordnung.96/(1)^4(4)^8/group.4048
work/ext6b/2-1s2-1s1__group.280__X101	ba804851caf7b3d7eb4fb45a27200ba5	carat/tables/qcatalog/dim6/dir.2-1;2-1;1;1/ordnung.16/(2)^2(8)^4/group.1334
work/ext6b/2-2s1c1s1__group.364__X111	ba8197e69695ae94dc820b4d0002b74e	carat/tables/qcatalog/dim6/dir.2-2;1,1;1;1/ordnung.24/(1)^2(2)^2(24)^1/group.1751
work/ext6b/2-2s1c1s1__group.352__X11	ba8485e8907121b1d3f829d2a4ef52e3	carat/tables/qcatalog/dim6/dir.2-2;1,1;1;1/ordnung.12/(1)^2(2)^2(24)^1/min.325
work/ext6b/2-2s2-2s1__group.571__T	ba85b0b47155b82c2be05c3dbd35170e	carat/tables/qcatalog/dim6/dir.2-2;2-2;1,1/ordnung.36/(1)^3(3)^4(9)^1(18)^1/group.2758
work/ext6b/1c1c1s1c1__min.61__T	ba96ca1fbaccabcdd7d8a9ddff792e9b	carat/tables/qcatalog/dim6/dir.1,1,1;1,1,1/ordnung.2/(6)^2/min.178
work/ext6b/4-2s1__group.900__T	bab515b0b2f26a2da8ede2ece9fdcd5f	carat/tables/qcatalog/dim6/dir.4-2;1;1/ordnung.144/(1)^6(3)^2(6)^2/group.6035
work/ext6b/3s2-2__group.732__X110	bab788041cb1fc1bb7c128a9ef6236b9	carat/tables/qcatalog/dim6/dir.3;2-2;1/ordnung.288/(1)^6(2)^2(4)^4(12)^2/group.4186
work/ext6b/2-2s2-1s1__group.430__X11	bacb9c646b5a499a482e437657e59358	carat/tables/qcatalog/dim6/dir.2-2;2-1;1,1/ordnung.24/(1)^4(2)^1(6)^1(24)^1/group.1943
work/ext6b/2-2s1s1s1__group.407__X11111	baccfb2f5545cb71b942f9112508da13	carat/tables/qcatalog/dim6/dir.2-2;1;1;1;1/ordnung.96/(1)^4(2)^2(12)^2/group.1901
work/ext6b/4-2s1__group.933__C	bae45787ee9023e428257098a0002c42	carat/tables/qcatalog/dim6/dir.4-2;1;1/ordnung.48/(2)^6(6)^4/group.6218
work/ext6b/2-1s2-1s1__group.322__X1010	baea811be2f8bf9da1d2dba1c55cc997	carat/tables/qcatalog/dim6/dir.2-1;2-1;1;1/ordnung.64/(2)^6(4)^2(8)^2/group.1504
work/ext6b/4-1s1__group.832__X011	baf61011d75a91f7bed836abad04c6b5	carat/tables/qcatalog/dim6/dir.4-1;1;1/ordnung.384/(2)^18/group.4794
work/ext6b/4-1s1__group.846__T	bafc406ee45881c817574ce961812cde	carat/tables/qcatalog/dim6/dir.4-1;1;1/ordnung.48/(2)^6(6)^4/group.4813
work/ext6b/2-2c2-2s1__group.329__T	bb255a332f7490698a4fad35c4e31baf	carat/tables/qcatalog/dim6/dir.2-2,2-2;1,1/ordnung.12/(2)^3(6)^2/group.1638
work/ext6b/4-3s1__group.1021__C	bb3261c1c5267be7ee952fed61671331	carat/tables/qcatalog/dim6/dir.4-3;1;1/ordnung.80/(1)^6(5)^10(10)^2/group.7230
work/ext6b/2-2s1s1s1__group.376__T	bb3bcf387ef2c7e61de77ce6a42732a4	carat/tables/qcatalog/dim6/dir.2-2;1;1;1;1/ordnung.24/(1)^2(2)^1(6)^1(12)^2/group.1807
work/ext6b/2-2s2-2s1__group.613__X100	bb3fb18cbed3a725a41202e7d6f7522b	carat/tables/qcatalog/dim6/dir.2-2;2-2;1;1/ordnung.72/(1)^4(3)^4(18)^2/group.3073
work/ext6b/4-1s1__group.821__T	bb51727614f19702038adc1662d777f4	carat/tables/qcatalog/dim6/dir.4-1;1,1/ordnung.32/(2)^1(4)^14(8)^2/group.4501
work/ext6b/2-2s2-2s1__group.579__T	bb589539d6d5c82011005102b28db436	carat/tables/qcatalog/dim6/dir.2-2;2-2;1;1/ordnung.36/(1)^3(3)^4(9)^1(18)^2/group.2986
work/ext6b/2-2s2-1s1__group.487__X111	bb6a0d18593607dcd9b9470a59f44b62	carat/tables/qcatalog/dim6/dir.2-2;2-1;1;1/ordnung.48/(1)^4(2)^4(24)^2/group.2262
work/ext6b/2-2s2-1s1__group.510__X0011	bb984b07294d1e5bdec4a41d67510155	carat/tables/qcatalog/dim6/dir.2-2;2-1;1;1/ordnung.96/(1)^4(2)^4(24)^2/group.2435
work/ext6b/3s1s1__group.654__T	bbb11600340f538dc1185c56e438c90b	carat/tables/qcatalog/dim6/dir.3;1;1;1/ordnung.48/(1)^4(2)^2(4)^4(8)^2/min.451
work/ext6b/4-1ps1__group.761__X11	bbb8d8c47aa15530fe4a953f366329ba	carat/tables/qcatalog/dim6/dir.4-1';1;1/ordnung.16/(2)^2(4)^4(8)^4/min.469
work/ext6b/2-2s2-2s1__group.601__X100	bbc367c8b6498fe5407b2c77f2830ba3	carat/tables/qcatalog/dim6/dir.2-2;2-2;1;1/ordnung.72/(1)^3(3)^4(9)^1(18)^2/group.3042
work/ext6b/2-2s2-1s1__group.471__X111	bbcb6f018590ae3c62f4326a8134fbea	carat/tables/qcatalog/dim6/dir.2-2;2-1;1;1/ordnung.48/(1)^4(2)^3(6)^1(12)^1(36)^1/group.2188
work/ext6b/2-2s2-2s1__group.613__T	bbcc29f20e9f4c8fefac3e6b346231b5	carat/tables/qcatalog/dim6/dir.2-2;2-2;1;1/ordnung.72/(1)^5(3)^3(6)^1(18)^1/group.3112
work/ext6b/4-1s1__group.874__X110	bbcd87e7db0c2c0ec9cd616f4cc3a4c8	carat/tables/qcatalog/dim6/dir.4-1;1,1/ordnung.64/(2)^8(4)^8(8)^1/group.4562
work/ext6b/2-2s2-2s1__group.612__X100	bbe79796c3c6a67f7b3232c409acf5a1	carat/tables/qcatalog/dim6/dir.2-2;2-2;1,1/ordnung.72/(1)^3(3)^5(6)^1/group.2782
work/ext6b/4-1s1__group.865__X10	bc1843555d3955f96272ef4ab9bce7bf	carat/tables/qcatalog/dim6/dir.4-1;1,1/ordnung.64/(2)^8(4)^8(8)^1/group.4561
work/ext6b/4-1s1__group.765__X10	bc46ebcea9723959034b13643aefd39f	carat/tables/qcatalog/dim6/dir.4-1;1,1/ordnung.1152/(1)^6(2)^9(4)^2/group.4450
work/ext6b/2-1s1c1s1__group.238__C	bc5d070797f10762238da1c8a6ed61bc	carat/tables/qcatalog/dim6/dir.2-1;1,1;1;1/ordnung.64/(2)^4(4)^2(8)^1/group.1187
work/ext6b/3s1s1__group.664__C	bc77038f4c139e3a4c095f0727dff634	carat/tables/qcatalog/dim6/dir.3;1;1;1/ordnung.96/(1)^4(2)^2(4)^6/group.3874
work/ext6b/2-2s2-2s1__group.529__X1111	bc98d121bc66a341f1f893092331036b	carat/tables/qcatalog/dim6/dir.2-2;2-2;1;1/ordnung.144/(1)^5(3)^3(6)^1(18)^1/group.2856
work/ext6b/2-2s2-2s1__group.579__C	bca51b1dc81a9049184b81f710b7a2f7	carat/tables/qcatalog/dim6/dir.2-2;2-2;1;1/ordnung.72/(1)^4(3)^4(18)^2/group.3072
work/ext6b/2-2s2-1s1__group.420__X10	bcb35619c9907d526cb69a8812105c80	carat/tables/qcatalog/dim6/dir.2-2;2-1;1;1/ordnung.24/(1)^2(2)^2(4)^1(12)^1/group.2059
work/ext6b/2-2s2-1s1__group.450__C	bcbc9aac8077ef8c3943b198a073e552	carat/tables/qcatalog/dim6/dir.2-2;2-1;1;1/ordnung.48/(1)^4(2)^4(12)^2/group.2259
work/ext6b/2-2s1s1s1__group.375__X100	bcca518c1546cc1846cd6b535f2c9cb2	carat/tables/qcatalog/dim6/dir.2-2;1;1;1;1/ordnung.24/(1)^4(6)^2(36)^2/group.1843
work/ext6b/2-2s2-2s1__group.551__T	bcff61dbdbaa2f2208669fff6a491b0c	carat/tables/qcatalog/dim6/dir.2-2;2-2;1;1/ordnung.24/(2)^5(6)^4(18)^1/group.2920
work/ext6b/2-1s2-1s1__group.316__X1111	bd158c182fc46dda5b0086329c48ed68	carat/tables/qcatalog/dim6/dir.2-1;2-1;1;1/ordnung.64/(2)^4(4)^4(8)^2/group.1451
work/ext6b/2-2s2-1s1__group.495__X111	bd1b7c58dc2846d5cd7d4677738dced7	carat/tables/qcatalog/dim6/dir.2-2;2-1;1,1/ordnung.48/(1)^4(2)^3(6)^1(24)^1/group.2005
work/ext6b/4-1s1__group.768__C	bd5012113d5984ab643b0313d926c9d5	carat/tables/qcatalog/dim6/dir.4-1;1;1/ordnung.2304/(1)^8(2)^10/group.4689
work/ext6b/2-1s1c1s1__group.234__C	bd51adf97719aa019febc336184f092f	carat/tables/qcatalog/dim6/dir.2-1;1,1;1;1/ordnung.32/(2)^4(4)^2(8)^1/group.1183
work/ext6b/4-3ps1__group.1004__C	bd5604fba48c729011ddf235fc366dfa	carat/tables/qcatalog/dim6/dir.4-3';1;1/ordnung.80/(1)^4(5)^4(10)^2/group.7120
work/ext6b/2-2s2-2s1__group.530__X0010	bd5a79a0b17a63275e856f4cbd328cd9	carat/tables/qcatalog/dim6/dir.2-2;2-2;1;1/ordnung.144/(1)^5(3)^3(6)^1(18)^1/group.2870
work/ext6b/2-1s2-1s1__group.301__C	bd73879d8693c8d27322a5c2ee28f950	carat/tables/qcatalog/dim6/dir.2-1;2-1;1;1/ordnung.64/(2)^4(4)^6/group.1465
work/ext6b/2-2s2-1s1__group.485__C	bd87c2d2850ba3b16f2c9b3838ffeac3	carat/tables/qcatalog/dim6/dir.2-2;2-1;1;1/ordnung.96/(1)^4(2)^4(12)^2/group.2353
work/ext6b/2-1s1s1s1__group.252__X010	bd8d68e7755a9b7b37de6bc5b2fc5be1	carat/tables/qcatalog/dim6/dir.2-1;1;1;1;1/ordnung.16/(2)^4(8)^4/group.1205
work/ext6b/4-3s1__group.1014__T	bd92c4d0ebe94709476100a56a6780d7	carat/tables/qcatalog/dim6/dir.4-3;1;1/ordnung.240/(1)^12(5)^4(10)^2/group.7210
work/ext6b/2-2s2-1s1__group.480__C	bd94cb8585bcf0074b3f7bd112ad2a79	carat/tables/qcatalog/dim6/dir.2-2;2-1;1;1/ordnung.96/(1)^4(2)^4(12)^2/group.2388
work/ext6b/3s2-1__group.699__X11	bd9fcd8a42bd8974c1e0fd948f2f798e	carat/tables/qcatalog/dim6/dir.3;2-1;1/ordnung.96/(1)^4(2)^2(4)^6/group.4014
work/ext6b/2-2s2-2s1__group.531__X0100	bdb2ab34aa65ab2b5c3320a2e86dd7a5	carat/tables/qcatalog/dim6/dir.2-2;2-2;1,1/ordnung.144/(1)^5(3)^3(6)^1/group.2713
work/ext6b/2-2s2-1s1__group.506__C	bdc9ec5a298641b04a93afeaed43f6ee	carat/tables/qcatalog/dim6/dir.2-2;2-1;1;1/ordnung.192/(1)^4(2)^2(12)^2/group.2029
work/ext6b/4-1s1__group.832__C	bdd36979fe261d4f5d24da0bb35d73d1	carat/tables/qcatalog/dim6/dir.4-1;1;1/ordnung.768/(2)^18/group.4903
work/ext6b/2-2s2-1s1__group.515__X1011	bdd7e439454cb9691486b9e56cefcdab	carat/tables/qcatalog/dim6/dir.2-2;2-1;1;1/ordnung.96/(1)^4(2)^4(12)^2/group.2389
work/ext6b/4-3ps1__group.1002__C	bddfd2d63d81201ccda557889f584f3e	carat/tables/qcatalog/dim6/dir.4-3';1;1/ordnung.40/(1)^4(5)^4(10)^2/group.7115
work/ext6b/3s2-1__group.683__X001	be06d2cf70259f668de7538de2801d08	carat/tables/qcatalog/dim6/dir.3;2-1;1/ordnung.192/(1)^4(2)^4(4)^4(8)^2/group.3906
work/ext6b/4-2s1__group.989__X11	be1798080b64fcc12ebe5638df3f7a03	carat/tables/qcatalog/dim6/dir.4-2;1;1/ordnung.72/(1)^8(3)^8(18)^2/group.6293
work/ext6b/2-2s2-1s1__group.498__X101	be1f1a55b75a874cbb2b1938947593ba	carat/tables/qcatalog/dim6/dir.2-2;2-1;1;1/ordnung.48/(1)^4(2)^4(24)^2/group.2273
work/ext6b/2-1c2-1s1__min.77__X11	be2bea7ad1ded1370c081c2ae4c235b1	carat/tables/qcatalog/dim6/dir.2-1,2-1;1;1/ordnung.8/(2)^2(8)^4/min.210
work/ext6b/2-2s1c1c1__group.336__X10	be3dedfce8fed4cf49ff5415b39cb515	carat/tables/qcatalog/dim6/dir.2-2;1,1,1;1/ordnung.12/(1)^2(3)^2(6)^1(18)^1/group.1700
work/ext6b/2-2s1c1s1__group.353__T	be9481fafb1fe4e1bb7b5816e0b8f85b	carat/tables/qcatalog/dim6/dir.2-2;1,1;1;1/ordnung.12/(1)^2(2)^2(24)^1/min.326
work/ext6b/4-1s1__group.799__C	be9a18c0ada0305573c1ff4b78a4a5f7	carat/tables/qcatalog/dim6/dir.4-1;1;1/ordnung.384/(1)^2(2)^12(4)^4/group.4774
work/ext6b/5-1__group.1027__C	be9b9d77c5e87e04f2f492b37f559356	carat/tables/qcatalog/dim6/dir.5-1;1/ordnung.3840/(1)^16(2)^2(4)^8/group.7373
work/ext6b/3s1c1__group.644__C	beb04f7a1ada152acf7b22ef219698a8	carat/tables/qcatalog/dim6/dir.3;1,1;1/ordnung.96/(1)^4(2)^2(4)^4(8)^1/group.3822
work/ext6b/2-1s1c1c1__group.226__T	beb1991788d8617642c5bfd5d23476e8	carat/tables/qcatalog/dim6/dir.2-1;1,1,1;1/ordnung.8/(2)^4(8)^1(24)^1/min.223
work/ext6b/5-1__group.1034__T	bec1efb19d968c251aa0e5637d0e029f	carat/tables/qcatalog/dim6/dir.5-1;1/ordnung.960/(1)^16(2)^1(4)^8(8)^1/group.7384
work/ext6b/3s2-1__group.697__X10	bec3f93041609b14bbff8b911c92740e	carat/tables/qcatalog/dim6/dir.3;2-1;1/ordnung.96/(1)^4(2)^4(4)^4(8)^2/group.4043
work/ext6b/2-2s2-1s1__group.505__X0111	bed0a4cdcf80cd3901791f1d73d7fbe7	carat/tables/qcatalog/dim6/dir.2-2;2-1;1;1/ordnung.96/(1)^2(2)^4(4)^1(12)^1/group.2315
work/ext6b/2-2s1s1s1__group.391__X101	bed898180422b5f2f826ed01d4cb3fcc	carat/tables/qcatalog/dim6/dir.2-2;1;1;1;1/ordnung.24/(1)^4(2)^2(12)^2/group.1832
work/ext6b/2-2s2-2s1__group.600__X011	bedd514d5e8779f7b1515964e5bb0825	carat/tables/qcatalog/dim6/dir.2-2;2-2;1;1/ordnung.72/(1)^4(3)^2(6)^1(18)^1/group.3057
work/ext6b/3s1c1__group.642__C	bef5913b41f02678729e4d8ec3ddd116	carat/tables/qcatalog/dim6/dir.3;1,1;1/ordnung.96/(1)^4(2)^2(4)^4(32)^1/group.3818
work/ext6b/3s2-2__group.732__T	bf0c34d97ae4cbd3b3453eb5040b5fb1	carat/tables/qcatalog/dim6/dir.3;2-2;1/ordnung.288/(1)^6(2)^2(4)^4(12)^2/group.4183
work/ext6b/2-1s2-1s1__group.296__T	bf19d8458680b6a56665bcca93f2b5b7	carat/tables/qcatalog/dim6/dir.2-1;2-1;1;1/ordnung.32/(2)^4(4)^4(8)^2/group.1389
work/ext6b/2-2s2-1s1__group.444__X01	bf242f42429e9976bb4a014a74aa0018	carat/tables/qcatalog/dim6/dir.2-2;2-1;1;1/ordnung.24/(1)^4(2)^4(24)^2/group.2094
work/ext6b/2-2s2-2s1__group.538__C	bf29d7dfb1adc9a8ec7f3e9d6552dbf6	carat/tables/qcatalog/dim6/dir.2-2;2-2;1;1/ordnung.288/(1)^6(3)^2(6)^2/group.2946
work/ext6b/4-3s1__group.1009__X10	bf2bf9ed13bad4bbef9ce61b88d48f91	carat/tables/qcatalog/dim6/dir.4-3;1,1/ordnung.120/(1)^11(5)^5(10)^1/group.7179
work/ext6b/2-2s2-1s1__group.457__X101	bf4020f3e839a7fcb2ea29c21aaf0986	carat/tables/qcatalog/dim6/dir.2-2;2-1;1;1/ordnung.48/(1)^2(2)^4(8)^1(24)^1/group.2136
work/ext6b/2-2s2-1s1__group.471__T	bf488be4bbfd0490546f54b76615c1be	carat/tables/qcatalog/dim6/dir.2-2;2-1;1;1/ordnung.48/(1)^4(2)^3(6)^1(12)^1(36)^1/group.2202
work/ext6b/3s2-1__group.685__X100	bf4bd5b0500abb7fa60d0dd8b57e7ebd	carat/tables/qcatalog/dim6/dir.3;2-1;1/ordnung.192/(1)^4(2)^2(4)^6/group.3894
work/ext6b/2-2s2-1s1__group.411__C	bf4c265363480f84635a16d645cb16d6	carat/tables/qcatalog/dim6/dir.2-2;2-1;1;1/ordnung.48/(1)^2(2)^3(6)^1(12)^2/group.2112
work/ext6b/4-2s1__group.990__X01	bf5c2d1286cc39e7540268b54da327c9	carat/tables/qcatalog/dim6/dir.4-2;1;1/ordnung.72/(1)^8(3)^8(18)^2/group.6294
work/ext6b/4-2s1__group.975__X110	bf7bd639d86c33d94da42b1fecd21e97	carat/tables/qcatalog/dim6/dir.4-2;1;1/ordnung.72/(1)^6(3)^8(9)^2(18)^2/group.6276
work/ext6b/4-2s1__group.909__C	bf84987922e5048a514814dd2df6af1c	carat/tables/qcatalog/dim6/dir.4-2;1;1/ordnung.288/(1)^8(3)^8(18)^2/group.6164
work/ext6b/4-2s1__group.938__C	bfa93b8722871d72d244f587c25d1cc8	carat/tables/qcatalog/dim6/dir.4-2;1;1/ordnung.576/(1)^10(3)^6(6)^2/group.6230
work/ext6b/2-2s2-2s1__group.548__T	bfc1e300a51db03d82adc60ba7fb75cb	carat/tables/qcatalog/dim6/dir.2-2;2-2;1,1/ordnung.18/(1)^2(3)^3(9)^1(18)^1/group.2722
work/ext6b/2-2s2-1s1__group.461__T	bfc36aef1e2e0b7873e50a17eec09816	carat/tables/qcatalog/dim6/dir.2-2;2-1;1;1/ordnung.48/(1)^4(2)^1(6)^1(12)^1(36)^1/group.2153
work/ext6b/2-2s2-1s1__group.441__T	bfcd5263019930f2f2e4d0b4bd3fce24	carat/tables/qcatalog/dim6/dir.2-2;2-1;1;1/ordnung.24/(1)^4(2)^3(6)^1(24)^1(72)^1/group.2091
work/ext6b/1c1c1s1s1__min.63__C	bfe0af6788e343ac8a30ceb062e82516	carat/tables/qcatalog/dim6/dir.1,1,1;1;1;1/ordnung.8/(2)^2(4)^1(12)^1/group.1051
work/ext6b/2-1s2-1s1__group.288__X111	bfe2337ba14c217943c7ff86d5c4090b	carat/tables/qcatalog/dim6/dir.2-1;2-1;1;1/ordnung.32/(2)^4(8)^4/group.1430
work/ext6b/2-1s1c1s1__group.230__X100	c0079dbccaf4724b8365390ba20bc94d	carat/tables/qcatalog/dim6/dir.2-1;1,1;1;1/ordnung.16/(2)^4(4)^2(32)^1/group.1153
work/ext6b/2-2s1s1s1__group.402__X0111	c01417b6cb85c5689b17ed10c2b261de	carat/tables/qcatalog/dim6/dir.2-2;1;1;1;1/ordnung.48/(1)^4(4)^2(12)^2/group.1886
work/ext6b/4-2s1__group.943__X110	c02e1a8dcd33220ad0724d26830fa564	carat/tables/qcatalog/dim6/dir.4-2;1;1/ordnung.288/(1)^10(3)^6(6)^2/group.6113
work/ext6b/2-2s2-1s1__group.428__C	c0414c4cb0f90036dfaed10a90603354	carat/tables/qcatalog/dim6/dir.2-2;2-1;1;1/ordnung.48/(1)^4(2)^1(6)^1(12)^1(36)^1/group.2152
work/ext6b/2-2s2-2s1__group.525__C	c04349391eb204667f84a01341636660	carat/tables/qcatalog/dim6/dir.2-2;2-2;1;1/ordnung.24/(2)^5(6)^4(18)^1/group.2924
work/ext6b/2-2c2-2s1__group.331__X11	c046c1fc6082c527b8e2b31b1c0364f1	carat/tables/qcatalog/dim6/dir.2-2,2-2;1;1/ordnung.12/(2)^4(6)^2/group.1645
work/ext6b/3s1s1__group.649__T	c04e2f2e9440b3f1377cdfffd026d697	carat/tables/qcatalog/dim6/dir.3;1;1;1/ordnung.192/(1)^4(2)^2(4)^6/group.3839
work/ext6b/2-1s2-1s1__group.281__C	c0500a67a696a82d770b2b73b58e0bf7	carat/tables/qcatalog/dim6/dir.2-1;2-1;1;1/ordnung.32/(2)^2(4)^4/group.1345
work/ext6b/2-2s2-2s1__group.611__X101	c05c9b01936712e95bc03047866f8ad7	carat/tables/qcatalog/dim6/dir.2-2;2-2;1;1/ordnung.72/(1)^5(3)^3(6)^1(18)^1/group.3105
work/ext6b/1c1s1s1s1__group.211__X1001	c063a97c555c559598cbff72eea647cf	carat/tables/qcatalog/dim6/dir.1,1;1;1;1;1/ordnung.16/(2)^2(4)^2(8)^1/group.1068
work/ext6b/4-2s1__group.951__X10	c06ebfa8a095aee21d0a9c9e94a7c9b0	carat/tables/qcatalog/dim6/dir.4-2;1;1/ordnung.36/(1)^4(3)^8(9)^4(18)^2/group.6180
work/ext6b/4-2s1__group.903__X101	c0701f6feccdaff7c8b830fd858d9df1	carat/tables/qcatalog/dim6/dir.4-2;1;1/ordnung.144/(1)^6(3)^8(9)^2(18)^2/group.6041
work/ext6b/4-3s1__min.166__T	c097d9bc9d314a338008f35e53e07581	carat/tables/qcatalog/dim6/dir.4-3;1,1/ordnung.20/(1)^4(5)^12(50)^1/min.635
work/ext6b/3s2-2__group.733__X101	c099e0c1f849c1c18c7d7fb9a6fdccc3	carat/tables/qcatalog/dim6/dir.3;2-2;1/ordnung.288/(1)^8(2)^2(4)^2(12)^2/group.4251
work/ext6b/4-1s1__group.771__C	c0c5451f5626a0814eca37b1ada3893f	carat/tables/qcatalog/dim6/dir.4-1;1;1/ordnung.256/(2)^12(4)^6/group.4701
work/ext6b/4-3ps1__group.1002__T	c0c6b4c8db82f9e6f5bce5b4ee0f0bd4	carat/tables/qcatalog/dim6/dir.4-3';1;1/ordnung.20/(1)^3(5)^5(10)^1(50)^1/group.7109
work/ext6b/3s2-2__group.703__T	c0c86212cba155887bb0c53633fef3de	carat/tables/qcatalog/dim6/dir.3;2-2;1/ordnung.144/(1)^4(2)^2(4)^5(12)^1/group.4055
work/ext6b/4-1s1__group.778__X001	c0de3594e7c31087cc0081a89039ac39	carat/tables/qcatalog/dim6/dir.4-1;1;1/ordnung.128/(2)^8(4)^10/group.4625
work/ext6b/3s2-2__group.711__C	c0ebc1e588c9926dcc229860bd68593b	carat/tables/qcatalog/dim6/dir.3;2-2;1/ordnung.288/(1)^6(2)^2(4)^4(12)^2/group.4181
work/ext6b/1c1c1s1c1__group.208__T	c0f0b14b3e5e65ca6540147e5dd6f168	carat/tables/qcatalog/dim6/dir.1,1,1;1,1;1/ordnung.4/(2)^2(24)^1/min.179
work/ext6b/2-2s2-2s1__group.559__X001	c0f6626ac0b6d7f92a1cc7ea1a27a563	carat/tables/qcatalog/dim6/dir.2-2;2-2;1;1/ordnung.36/(3)^8(18)^2/group.3009
work/ext6b/2-1s2-1s1__group.319__X0001	c0fb42b4c28382ab0bf02aba49a8b9f5	carat/tables/qcatalog/dim6/dir.2-1;2-1;1;1/ordnung.64/(2)^6(4)^2(8)^2/group.1494
work/ext6b/1c1s1c1s1__group.210__X101	c11d62fa9a826d7433f2913bb84754ae	carat/tables/qcatalog/dim6/dir.1,1;1,1;1,1/ordnung.8/(2)^1(8)^2/group.1055
work/ext6b/4-1s1__min.147__X10	c186ef70cd99a3b04e4c2bdb40cfbcb6	carat/tables/qcatalog/dim6/dir.4-1;1,1/ordnung.24/(2)^5(6)^4/min.483
work/ext6b/2-2s1s1s1__group.399__C	c1941e48279b43e77024051dc52afbd9	carat/tables/qcatalog/dim6/dir.2-2;1;1;1;1/ordnung.96/(1)^4(2)^2(12)^2/group.1896
work/ext6b/2-2pc2-2ps1__group.327__X1	c1979263cca8815f7d4d2ecaaf9d0821	carat/tables/qcatalog/dim6/dir.2-2',2-2';1,1/ordnung.6/(2)^2(6)^1/group.1610
work/ext6b/2-2s2-2s1__group.560__C	c1bc484f317d78c108d8a56b3725ecb3	carat/tables/qcatalog/dim6/dir.2-2;2-2;1;1/ordnung.72/(1)^3(3)^1(6)^1(18)^1/group.3025
work/ext6b/2-2s1s1s1__group.400__X1100	c1c0a0837d230de8afd1426cbaf6b8c6	carat/tables/qcatalog/dim6/dir.2-2;1;1;1;1/ordnung.48/(1)^4(2)^2(12)^2/group.1875
work/ext6b/4-2s1__group.986__X01	c1e111bf4a09d1759cbb8e5c142aa7db	carat/tables/qcatalog/dim6/dir.4-2;1,1/ordnung.72/(1)^5(3)^10(9)^1(18)^1/group.5979
work/ext6b/5-2__group.1037__C	c1ec47bd8d4bcf11c1316e1fee209917	carat/tables/qcatalog/dim6/dir.5-2;1/ordnung.240/(1)^8(2)^10(12)^8/group.7405
work/ext6b/4-3s1__max.13__X111	c1fd1be293c52cab4ccbca2566a008c5	carat/tables/qcatalog/dim6/dir.4-3;1;1/ordnung.480/(1)^12(5)^4(10)^2/group.7226
work/ext6b/2-2s1s1s1__group.407__X01111	c1fdc0712744a69304d3c3638cb855a5	carat/tables/qcatalog/dim6/dir.2-2;1;1;1;1/ordnung.96/(1)^4(2)^2(12)^2/group.1897
work/ext6b/2-2s2-2s1__group.611__X011	c1ff93368894ed791fedaf4b0ae68aaf	carat/tables/qcatalog/dim6/dir.2-2;2-2;1;1/ordnung.72/(1)^5(3)^3(6)^1(18)^1/group.3108
work/ext6b/2-2s2-1s1__group.486__T	c211da772af4055873c7eef6614d3896	carat/tables/qcatalog/dim6/dir.2-2;2-1;1;1/ordnung.48/(1)^4(2)^4(12)^2/group.2247
work/ext6b/3s2-2__group.734__T	c2190bec7f26bc2d4add0bcc9e9e5b83	carat/tables/qcatalog/dim6/dir.3;2-2;1/ordnung.288/(1)^8(2)^2(4)^2(12)^2/group.4234
work/ext6b/4-2s1__group.957__X011	c23ab285f1e40d6c6c777f07b966ebb2	carat/tables/qcatalog/dim6/dir.4-2;1;1/ordnung.48/(2)^10(6)^8/group.6192
work/ext6b/2-1s1c1s1__group.245__X11	c24e8f8f93158b7a575f455a78f57780	carat/tables/qcatalog/dim6/dir.2-1;1,1;1,1/ordnung.8/(2)^2(8)^2/group.1134
work/ext6b/2-2s2-2s1__group.546__C	c25ba9cbcc5bd7e961a28e9af4781333	carat/tables/qcatalog/dim6/dir.2-2;2-2;1;1/ordnung.36/(1)^3(3)^1(6)^1(18)^1/group.2972
work/ext6b/2-2s2-1s1__group.461__C	c25e4cebdbae373f63d94fc1969286c9	carat/tables/qcatalog/dim6/dir.2-2;2-1;1;1/ordnung.96/(1)^4(2)^1(6)^1(12)^1(36)^1/group.2320
work/ext6b/2-2s1s1s1__group.402__C	c270175273b3379b41dd2b75f8a9105d	carat/tables/qcatalog/dim6/dir.2-2;1;1;1;1/ordnung.96/(1)^4(2)^2(12)^2/group.1900
work/ext6b/2-2s2-2s1__group.539__C	c27c3171f22ddfc15a7b14ae10ade68b	carat/tables/qcatalog/dim6/dir.2-2;2-2;1;1/ordnung.36/(1)^2(3)^2(18)^2/group.2948
work/ext6b/4-2ps1__group.897__T	c29ef70ecc5c2c0f28db5221732cc361	carat/tables/qcatalog/dim6/dir.4-2';1,1/ordnung.24/(2)^5(6)^4/group.5857
work/ext6b/2-2s2-1s1__group.461__X101	c2a2c7e4e489e7e059c877538c8c67ae	carat/tables/qcatalog/dim6/dir.2-2;2-1;1;1/ordnung.48/(1)^4(2)^1(6)^1(12)^1(36)^1/group.2150
work/ext6b/4-2s1__group.969__X11	c2cd2daa0e0ca48e0d13d39e06d82ac0	carat/tables/qcatalog/dim6/dir.4-2;1;1/ordnung.72/(1)^6(3)^2(6)^2/group.6264
work/ext6b/1c1c1s1s1__min.63__X10	c2d4e4fea1744c688ca14a5b640dc27a	carat/tables/qcatalog/dim6/dir.1,1,1;1;1;1/ordnung.4/(2)^1(4)^2(24)^1/min.183
work/ext6b/4-1s1__group.766__X10	c2d816e739dc5d8d73bc2fb3462a1e0f	carat/tables/qcatalog/dim6/dir.4-1;1;1/ordnung.1152/(1)^8(2)^10/group.4587
work/ext6b/4-2ps1__group.897__C	c2de749ef74ab86428a1bd8b22ad559a	carat/tables/qcatalog/dim6/dir.4-2';1;1/ordnung.48/(2)^6(6)^4/group.5868
work/ext6b/4-1s1__group.830__X110	c2f4169d05b8bad52c20eb0d2b8fe5f7	carat/tables/qcatalog/dim6/dir.4-1;1;1/ordnung.32/(2)^2(4)^4(8)^4/group.4752
work/ext6b/2-2s2-1s1__group.408__X11101	c31d0495cbdb2f3cb1ac8c86958e2a7a	carat/tables/qcatalog/dim6/dir.2-2;2-1;1;1/ordnung.192/(1)^4(2)^4(12)^2/group.2043
work/ext6b/2-2s2-2s1__group.529__X1001	c326567b4e57dc53cfc5af7e3d0d05fd	carat/tables/qcatalog/dim6/dir.2-2;2-2;1;1/ordnung.144/(1)^5(3)^3(6)^1(18)^1/group.2851
work/ext6b/4-2s1__group.929__X11	c32916ecd97319115843e2cf789ab3fb	carat/tables/qcatalog/dim6/dir.4-2;1,1/ordnung.24/(2)^5(6)^4/group.5937
work/ext6b/2-2s1c1s1__group.350__C	c32ec053c207b3aacbbe45b2b39ab1f0	carat/tables/qcatalog/dim6/dir.2-2;1,1;1;1/ordnung.24/(1)^3(3)^1(6)^2(24)^1/group.1757
work/ext6b/3s2-1__group.684__T	c33700e92c567741dc186df5d0812667	carat/tables/qcatalog/dim6/dir.3;2-1;1/ordnung.192/(1)^4(2)^4(4)^6/group.3945
work/ext6b/4-1s1__group.854__C	c3424d0cfcef9905e2d2e802ef6f15f3	carat/tables/qcatalog/dim6/dir.4-1;1;1/ordnung.1152/(1)^4(2)^10(4)^4/group.4581
work/ext6b/2-2s2-2s1__group.533__X0011	c34feb3e43b6150d2c3586239c6375ef	carat/tables/qcatalog/dim6/dir.2-2;2-2;1;1/ordnung.144/(1)^6(3)^2(6)^2/group.2880
work/ext6b/3s2-1__group.678__X111	c36137b2881fe34ae9ae82ef2b45bdec	carat/tables/qcatalog/dim6/dir.3;2-1;1/ordnung.192/(1)^4(2)^4(4)^4(8)^2/group.3904
work/ext6b/2-2s2-2s1__group.558__C	c3666bb4db5b3ae7bc96ae0acc1c9135	carat/tables/qcatalog/dim6/dir.2-2;2-2;1;1/ordnung.72/(1)^2(3)^4(6)^1(18)^1/group.3022
work/ext6b/3s2-2__group.712__X01	c369080fe0f5201476edadadde752c5e	carat/tables/qcatalog/dim6/dir.3;2-2;1/ordnung.144/(1)^6(2)^2(4)^3(12)^2(36)^1/group.4094
work/ext6b/2-1s1s1s1__group.253__C	c384bad628a556b79320f687a6a35079	carat/tables/qcatalog/dim6/dir.2-1;1;1;1;1/ordnung.32/(2)^4(4)^2(8)^2/group.1220
work/ext6b/2-1s2-1s1__group.319__X0101	c3883116a9dd34bf9512603750b22791	carat/tables/qcatalog/dim6/dir.2-1;2-1;1;1/ordnung.64/(2)^6(4)^2(8)^2/group.1497
work/ext6b/2-1s2-1s1__group.306__X001	c38b742bf7b25c917933558c4f3e9233	carat/tables/qcatalog/dim6/dir.2-1;2-1;1;1/ordnung.32/(2)^4(4)^4(8)^2/group.1414
work/ext6b/2-2s2-2s1__group.585__X101	c3a9fd55dcf68f39e02c110be88462fb	carat/tables/qcatalog/dim6/dir.2-2;2-2;1;1/ordnung.36/(1)^4(3)^4(18)^2/group.3004
work/ext6b/2-2s2-1s1__group.489__C	c3d3954cbc5f067dc0f2a79ccb2f6dd7	carat/tables/qcatalog/dim6/dir.2-2;2-1;1;1/ordnung.96/(1)^4(2)^4(12)^2/group.2420
work/ext6b/4-2s1__group.955__C	c3eb205633688e2d6fd16c49e2529ff3	carat/tables/qcatalog/dim6/dir.4-2;1;1/ordnung.96/(2)^6(6)^4/group.6308
work/ext6b/3s1c1__group.644__X10	c3f7ee9d87154897c5c3b27227e212e9	carat/tables/qcatalog/dim6/dir.3;1,1;1/ordnung.48/(1)^4(2)^2(4)^4(8)^1/group.3804
work/ext6b/2-1s2-1s1__group.308__X100	c409487b9c3647cb0508df5967fcc1c9	carat/tables/qcatalog/dim6/dir.2-1;2-1;1,1/ordnung.32/(2)^4(4)^4(8)^1/group.1289
work/ext6b/4-2s1__group.928__T	c43f1c04e8d4280526075ddc23377403	carat/tables/qcatalog/dim6/dir.4-2;1;1/ordnung.24/(2)^6(6)^4/group.6107
work/ext6b/2-2s2-2s1__group.617__X101	c456df9a65387c69d73bf2906d5c4d1f	carat/tables/qcatalog/dim6/dir.2-2;2-2;1;1/ordnung.72/(1)^5(3)^3(6)^1(18)^1/group.3134
work/ext6b/3s1s1__group.671__X011	c4676ca60efba014bded5079359ea59e	carat/tables/qcatalog/dim6/dir.3;1;1;1/ordnung.96/(1)^4(2)^2(4)^6/group.3868
work/ext6b/3s2-1__group.681__X101	c471954ef082d922032a89352132fd2c	carat/tables/qcatalog/dim6/dir.3;2-1;1/ordnung.192/(1)^4(2)^4(4)^6/group.3953
work/ext6b/2-1s1s1s1__group.261__X110	c474e00a1a97ba07cb66c1aeb194884d	carat/tables/qcatalog/dim6/dir.2-1;1;1;1;1/ordnung.16/(2)^2(4)^2(8)^2/group.1193
work/ext6b/2-2s2-1s1__group.520__X1111	c4807f6723a9af25dde1a90eb40cd2f3	carat/tables/qcatalog/dim6/dir.2-2;2-1;1,1/ordnung.96/(1)^4(2)^3(6)^1(24)^1/group.2026
work/ext6b/4-2s1__group.900__X110	c488608c59a628f532863d941d19375f	carat/tables/qcatalog/dim6/dir.4-2;1;1/ordnung.144/(1)^6(3)^2(6)^2/group.6033
work/ext6b/4-1s1__group.873__X011	c48f22f5bec377c2be86a829d967f240	carat/tables/qcatalog/dim6/dir.4-1;1;1/ordnung.64/(2)^8(4)^8(8)^2/group.4883
work/ext6b/2-2s2-1s1__group.454__T	c48fccbbe5888e9ad22f4addac9bfc1c	carat/tables/qcatalog/dim6/dir.2-2;2-1;1;1/ordnung.48/(1)^2(2)^4(8)^1(24)^1/group.2134
work/ext6b/4-2s1__group.928__X01	c4928f3b27554fcb723bd95b4b3c0445	carat/tables/qcatalog/dim6/dir.4-2;1,1/ordnung.24/(2)^5(6)^4/group.5939
work/ext6b/2-1s1c1s1__group.241__X01	c49666ec77198150aee0dc5d17f3ed3a	carat/tables/qcatalog/dim6/dir.2-1;1,1;1;1/ordnung.8/(2)^4(8)^2(32)^1/min.235
work/ext6b/2-2s2-2s1__group.553__C	c49933018f71b2349099e1644e88e372	carat/tables/qcatalog/dim6/dir.2-2;2-2;1;1/ordnung.48/(2)^6(6)^4/group.3015
work/ext6b/2-1s2-1s1__group.318__C	c49e1684db8d22a9ad49e78567eff783	carat/tables/qcatalog/dim6/dir.2-1;2-1;1;1/ordnung.128/(2)^4(4)^6/group.1311
work/ext6b/2-2s2-1s1__group.423__T	c4b7fe50d890f3c60465b15ed0102b3c	carat/tables/qcatalog/dim6/dir.2-2;2-1;1;1/ordnung.24/(1)^2(2)^1(6)^1(12)^2/group.2052
work/ext6b/2-2s2-2s1__group.595__X1010	c4c1376077ee5470a8c1f16094c9100e	carat/tables/qcatalog/dim6/dir.2-2;2-2;1;1/ordnung.48/(2)^6(6)^4/group.3013
work/ext6b/4-2s1__group.914__X111	c4debf556e091d4da8d458f130deb1bb	carat/tables/qcatalog/dim6/dir.4-2;1;1/ordnung.144/(1)^8(3)^8(18)^2/group.6091
work/ext6b/4-1s1__group.834__X01	c4e67d3bbfed7849d37ee9e514997133	carat/tables/qcatalog/dim6/dir.4-1;1;1/ordnung.384/(1)^4(2)^12(4)^2/group.4778
work/ext6b/3s2-1__group.679__C	c4f8977d22f2b7b04d9d44a7e90a37d6	carat/tables/qcatalog/dim6/dir.3;2-1;1/ordnung.384/(1)^4(2)^4(4)^6/group.3976
work/ext6b/2-1s1c1s1__min.83__T	c504c051f37fac44ec0125a86f216792	carat/tables/qcatalog/dim6/dir.2-1;1,1;1,1/ordnung.8/(2)^4(16)^2/min.227
work/ext6b/2-2s2-1s1__group.463__X011	c53ab07dc7d6a24a7b0167f2adfe4070	carat/tables/qcatalog/dim6/dir.2-2;2-1;1;1/ordnung.48/(1)^4(2)^2(12)^2/group.2172
work/ext6b/4-3s1__group.1019__X11	c5434a9d7b88128dbd6f354b3773594f	carat/tables/qcatalog/dim6/dir.4-3;1;1/ordnung.40/(1)^4(5)^12(50)^2/group.7212
work/ext6b/4-1s1__group.776__X0101	c554aa981a9454cd9c5aca44bb892aaf	carat/tables/qcatalog/dim6/dir.4-1;1;1/ordnung.128/(2)^8(4)^8(8)^2/group.4633
work/ext6b/4-2s1__group.942__X011	c559debac7c57b363fb63bcbbf977220	carat/tables/qcatalog/dim6/dir.4-2;1,1/ordnung.288/(1)^9(3)^7(6)^1/group.5954
work/ext6b/4-1s1__group.840__C	c588d4ca99ba5e878f9c1ce511c9da55	carat/tables/qcatalog/dim6/dir.4-1;1;1/ordnung.96/(2)^4(4)^2/group.4922
work/ext6b/2-2s2-2s1__group.529__X0111	c58be61101748b77bcf63ea6d6ca02a1	carat/tables/qcatalog/dim6/dir.2-2;2-2;1;1/ordnung.144/(1)^5(3)^3(6)^1(18)^1/group.2853
work/ext6b/3s2-2__group.732__C	c599ac62d5eae3cbe9da2b7ce049d8ad	carat/tables/qcatalog/dim6/dir.3;2-2;1/ordnung.576/(1)^6(2)^2(4)^4(12)^2/group.4288
work/ext6b/4-1s1__group.826__X011	c5abdcbfc110901851be1f14b5ef9f96	carat/tables/qcatalog/dim6/dir.4-1;1;1/ordnung.32/(2)^2(4)^12(8)^4/group.4740
work/ext6b/2-2s2-1s1__group.424__T	c5bc5eaf3628339ae9d323d0a5a0ff40	carat/tables/qcatalog/dim6/dir.2-2;2-1;1;1/ordnung.24/(1)^2(2)^2(4)^1(12)^1/group.2056
work/ext6b/2-2s1c1s1__group.367__X111	c5d63eb45ff7014a9ef86a685613efc0	carat/tables/qcatalog/dim6/dir.2-2;1,1;1;1/ordnung.24/(1)^4(2)^1(6)^1(24)^1/group.1780
work/ext6b/2-2s2-1s1__min.122__T	c5f5e862c83b3a3b969f7ecd41056831	carat/tables/qcatalog/dim6/dir.2-2;2-1;1;1/ordnung.12/(1)^2(4)^1(12)^3/min.366
work/ext6b/3s2-2__group.717__X01	c5f990324cfbd2a69a48d4090f84b400	carat/tables/qcatalog/dim6/dir.3;2-2;1/ordnung.144/(1)^8(2)^1(4)^2(12)^2(72)^1/group.4107
work/ext6b/2-2s2-2s1__group.562__X11	c605e72d0ba5c33de61b938f19c5db6b	carat/tables/qcatalog/dim6/dir.2-2;2-2;1;1/ordnung.36/(1)^3(3)^3(6)^2/group.2982
work/ext6b/2-1s2-1s1__group.276__X01	c60c52e54dd1cfddaba0a0662a2cb943	carat/tables/qcatalog/dim6/dir.2-1;2-1;1;1/ordnung.16/(2)^4(8)^4/group.1337
work/ext6b/1c1c1s1s1__group.209__X111	c61063e01b7416bc29ba56d80b116b96	carat/tables/qcatalog/dim6/dir.1,1,1;1;1;1/ordnung.8/(2)^2(4)^1(12)^1/group.1052
work/ext6b/2-2s2-2s1__group.578__X11	c61185f56c5cdd0959ad84b724c1f647	carat/tables/qcatalog/dim6/dir.2-2;2-2;1;1/ordnung.36/(1)^3(3)^3(18)^2/group.2973
work/ext6b/3s1s1__group.666__X111	c63fcd3035008ec27519edbe4dba6038	carat/tables/qcatalog/dim6/dir.3;1;1;1/ordnung.96/(1)^2(4)^10/group.3851
work/ext6b/3s1c1__group.641__T	c65c02101dc3476312910788c3c2e501	carat/tables/qcatalog/dim6/dir.3;1,1;1/ordnung.48/(1)^2(2)^2(4)^6(8)^1/group.3792
work/ext6b/2-2s2-1s1__group.489__X111	c66387b9cf4e64047bb438f00166142e	carat/tables/qcatalog/dim6/dir.2-2;2-1;1,1/ordnung.48/(1)^4(2)^3(6)^1(24)^1/group.2011
work/ext6b/2-2s2-2s1__group.589__T	c67c1b931590a60fac040e826219793d	carat/tables/qcatalog/dim6/dir.2-2;2-2;1,1/ordnung.36/(1)^3(3)^5(6)^1/group.2764
work/ext6b/2-2s2-2s1__group.557__X01	c6a6807d484da6d3d511b284792e7b81	carat/tables/qcatalog/dim6/dir.2-2;2-2;1,1/ordnung.36/(1)^2(3)^2(18)^1/group.2736
work/ext6b/2-2s1s1s1__group.403__X0101	c6a685c173afe9cc3f6384a2cb31dfe2	carat/tables/qcatalog/dim6/dir.2-2;1;1;1;1/ordnung.48/(1)^4(2)^2(12)^2/group.1871
work/ext6b/4-1s1__group.867__X100	c6ac7edcc06cecee9395024a622052d8	carat/tables/qcatalog/dim6/dir.4-1;1,1/ordnung.64/(2)^8(4)^8(8)^1/group.4558
work/ext6b/2-2s2-1s1__group.474__X100	c6ad3de1d0fa92b592dce9f11f9814eb	carat/tables/qcatalog/dim6/dir.2-2;2-1;1;1/ordnung.48/(1)^4(2)^3(6)^1(24)^1(72)^1/group.2227
work/ext6b/2-2s2-1s1__group.515__X1110	c6b009c9385f43bb4afb0a317f858c65	carat/tables/qcatalog/dim6/dir.2-2;2-1;1;1/ordnung.96/(1)^4(2)^4(24)^2/group.2440
work/ext6b/4-2s1__group.902__C	c6b5cb36614de34a3295ebb3700bddf8	carat/tables/qcatalog/dim6/dir.4-2;1;1/ordnung.288/(1)^6(3)^8(9)^2(18)^2/group.6150
work/ext6b/2-1s2-1s1__group.295__X101	c6b6b424d023f019bf63c95095b44a27	carat/tables/qcatalog/dim6/dir.2-1;2-1;1,1/ordnung.32/(2)^4(4)^2(8)^1/group.1274
work/ext6b/4-1s1__group.780__T	c6bcbd52732b2d005e192dee477dfd1a	carat/tables/qcatalog/dim6/dir.4-1;1;1/ordnung.144/(1)^4(2)^2(6)^4/group.4645
work/ext6b/2-2s2-1s1__group.488__X111	c6c5466f8a14a1b2cd7e6f87e913ea9c	carat/tables/qcatalog/dim6/dir.2-2;2-1;1,1/ordnung.48/(1)^4(2)^3(6)^1(24)^1/group.1992
work/ext6b/2-1s2-1s1__group.296__X010	c6d5a8f34ae7aca12df85acea40724f7	carat/tables/qcatalog/dim6/dir.2-1;2-1;1,1/ordnung.32/(2)^4(4)^4(8)^1/group.1283
work/ext6b/4-2ps1__group.899__X001	c6ebe4a0d13ef802e1ac3160ac2345dc	carat/tables/qcatalog/dim6/dir.4-2';1,1/ordnung.48/(2)^5(6)^4/group.5859
work/ext6b/2-2s2-1s1__group.418__T	c70c5c6edc37a98e63da64bef4b57b40	carat/tables/qcatalog/dim6/dir.2-2;2-1;1,1/ordnung.24/(1)^2(2)^4(24)^1/group.1927
work/ext6b/2-2s2-1s1__group.494__X101	c710d1a111e3d20f79d089175d6b0855	carat/tables/qcatalog/dim6/dir.2-2;2-1;1;1/ordnung.48/(1)^4(2)^4(12)^2/group.2261
work/ext6b/2-2s2-1s1__group.446__C	c716ad01b3102d88fc4fe8c5edb4937e	carat/tables/qcatalog/dim6/dir.2-2;2-1;1;1/ordnung.48/(1)^4(2)^4(12)^2/group.2245
work/ext6b/2-2s2-1s1__group.515__X0110	c7479c17ecee874163a006e44caa76eb	carat/tables/qcatalog/dim6/dir.2-2;2-1;1;1/ordnung.96/(1)^4(2)^4(12)^2/group.2418
work/ext6b/2-2s2-1s1__group.415__X10	c74cef0d9b1febe2c08b660c397008cc	carat/tables/qcatalog/dim6/dir.2-2;2-1;1,1/ordnung.24/(1)^2(2)^4(24)^1/group.1925
work/ext6b/2-2s2-1s1__group.462__X001	c74d5505c224ddb091961e362840862a	carat/tables/qcatalog/dim6/dir.2-2;2-1;1,1/ordnung.48/(1)^4(2)^1(6)^1(24)^1/group.1969
work/ext6b/3s1c1__group.647__C	c75580ff08c337fac35ef7d501ceb2e0	carat/tables/qcatalog/dim6/dir.3;1,1;1/ordnung.96/(1)^4(2)^2(4)^4(8)^1/group.3826
work/ext6b/2-2s2-1s1__group.468__C	c76694684b01ff93d0f3b5937e4bbcad	carat/tables/qcatalog/dim6/dir.2-2;2-1;1;1/ordnung.96/(1)^4(2)^2(12)^2/group.2322
work/ext6b/2-2s2-1s1__group.417__T	c789e08b4c6750289b51fc16ac591c6e	carat/tables/qcatalog/dim6/dir.2-2;2-1;1;1/ordnung.24/(1)^2(2)^4(8)^1(24)^1/group.2064
work/ext6b/2-2s2-1s1__min.125__X1	c797e7f645966a21536d12ba168a3383	carat/tables/qcatalog/dim6/dir.2-2;2-1;1,1/ordnung.12/(1)^2(2)^2(24)^1/min.362
work/ext6b/4-3s1__group.1014__X11	c79c976552d79ddfabcd58ee3a630035	carat/tables/qcatalog/dim6/dir.4-3;1;1/ordnung.240/(1)^12(5)^4(10)^2/group.7209
work/ext6b/4-2s1__group.940__T	c7a56097cbf74438370b42e03ff5823e	carat/tables/qcatalog/dim6/dir.4-2;1;1/ordnung.288/(1)^10(3)^6(6)^2/group.6132
work/ext6b/2-2s2-1s1__group.480__X100	c7d0687b374fb0d9d0251acdf58fe4af	carat/tables/qcatalog/dim6/dir.2-2;2-1;1;1/ordnung.48/(1)^4(2)^4(12)^2/group.2242
work/ext6b/3s2-2__group.713__X01	c7e525d62d9bb09a937a221eaf9ab2f4	carat/tables/qcatalog/dim6/dir.3;2-2;1/ordnung.144/(1)^6(2)^2(4)^3(12)^2(36)^1/group.4096
work/ext6b/2-1s2-1s1__group.307__X110	c7ea185846c42c579864f7e3a7090c7d	carat/tables/qcatalog/dim6/dir.2-1;2-1;1,1/ordnung.32/(2)^4(4)^4(8)^1/group.1285
work/ext6b/4-2s1__group.902__X0110	c8051c5c26b4b4f78ae639b8c72f8201	carat/tables/qcatalog/dim6/dir.4-2;1;1/ordnung.144/(1)^6(3)^8(9)^2(18)^2/group.6057
work/ext6b/4-1s1__group.785__X011	c819b4d33768f6df7df6bfb3a319b649	carat/tables/qcatalog/dim6/dir.4-1;1,1/ordnung.16/(2)^1(4)^6(8)^2/group.4469
work/ext6b/2-2s2-1s1__group.449__C	c82de8cdf46939b092ed0d489c9f6ab6	carat/tables/qcatalog/dim6/dir.2-2;2-1;1;1/ordnung.48/(1)^4(2)^4(12)^2/group.2248
work/ext6b/2-2pc2-2ps1__group.325__X10	c83508fcf15b41910d1195607ee239c3	carat/tables/qcatalog/dim6/dir.2-2',2-2';1,1/ordnung.12/(2)^2(6)^1/group.1609
work/ext6b/2-1s1c1s1__group.230__X110	c8688ab4c5ea5a3d9802f193f8f8c247	carat/tables/qcatalog/dim6/dir.2-1;1,1;1;1/ordnung.16/(2)^4(4)^2(32)^1/group.1152
work/ext6b/4-1s1__group.800__C	c86dee360f4bd4f9615eb6b905e6e3fb	carat/tables/qcatalog/dim6/dir.4-1;1;1/ordnung.384/(1)^2(2)^12(4)^4/group.4773
work/ext6b/3s2-1__group.683__X010	c873192eeaf838b27c806d2e2df2c25c	carat/tables/qcatalog/dim6/dir.3;2-1;1/ordnung.192/(1)^4(2)^4(4)^6/group.3941
work/ext6b/2-1s2-1s1__group.277__X01	c8773300d9667441a04dc9b6c89198ff	carat/tables/qcatalog/dim6/dir.2-1;2-1;1;1/ordnung.16/(2)^4(8)^4/group.1339
work/ext6b/3s2-1__group.689__X11	c87afe9b1eb72212b61b8440dae7fe00	carat/tables/qcatalog/dim6/dir.3;2-1;1/ordnung.96/(1)^2(2)^4(4)^6(8)^2/group.4000
work/ext6b/4-1s1__group.829__X0111	c881523a4ff7e21fba4a2e7dda5ead91	carat/tables/qcatalog/dim6/dir.4-1;1;1/ordnung.32/(2)^2(4)^4(8)^4/group.4747
work/ext6b/5-1__max.14__X11	c8878f3274a51f3dd24d72c5e4c9a45f	carat/tables/qcatalog/dim6/dir.5-1;1/ordnung.3840/(1)^16(2)^2(4)^8/group.7374
work/ext6b/5-1__group.1031__C	c89e6550acf9d8b0659c91c07cd5e8b2	carat/tables/qcatalog/dim6/dir.5-1;1/ordnung.640/(1)^16(2)^2(4)^8/group.7378
work/ext6b/2-2s2-1s1__group.458__C	c8b11f11dfee63ed6b8f45d7f610473b	carat/tables/qcatalog/dim6/dir.2-2;2-1;1;1/ordnung.96/(1)^2(2)^4(4)^1(12)^1/group.2314
work/ext6b/4-2s1__group.959__X110	c8cbe1c622ca2fd80c048e8d8d5a9d56	carat/tables/qcatalog/dim6/dir.4-2;1;1/ordnung.48/(2)^10(6)^8/group.6186
work/ext6b/4-2s1__group.905__X110	c8f84b606b0413ff966060bb3f808775	carat/tables/qcatalog/dim6/dir.4-2;1;1/ordnung.144/(1)^7(3)^8(9)^1(18)^2/group.6073
work/ext6b/4-1ps1__group.760__X10	c8f8d50a5aa3154da0d847699ffe1f1f	carat/tables/qcatalog/dim6/dir.4-1';1,1/ordnung.16/(2)^1(4)^2(8)^2/group.4401
work/ext6b/2-2s2-1s1__group.510__X1111	c93a6b37ecdbad83e03eaf7232c04d2d	carat/tables/qcatalog/dim6/dir.2-2;2-1;1;1/ordnung.96/(1)^4(2)^4(12)^2/group.2391
work/ext6b/2-2c2-2s1__group.332__C	c94f99e374e3eebe67cb591ef9533628	carat/tables/qcatalog/dim6/dir.2-2,2-2;1;1/ordnung.24/(2)^2(6)^4/group.1648
work/ext6b/4-1s1__group.768__X001	c9532890ba27e537810bae5a125aad41	carat/tables/qcatalog/dim6/dir.4-1;1,1/ordnung.1152/(1)^8(2)^9/group.4452
work/ext6b/3s2-2__group.725__T	c98e9164da76f8d050b75c8e5adb9792	carat/tables/qcatalog/dim6/dir.3;2-2;1/ordnung.144/(1)^8(2)^2(4)^1(12)^2(36)^1/group.4125
work/ext6b/2-1s2-1s1__group.292__X010	c9918affba3e518163b2557436959423	carat/tables/qcatalog/dim6/dir.2-1;2-1;1;1/ordnung.32/(2)^4(4)^2(8)^2/group.1361
work/ext6b/2-2s2-2s1__group.574__X11	c99d65a3eb4a508136abe91c21b48a2b	carat/tables/qcatalog/dim6/dir.2-2;2-2;1;1/ordnung.36/(1)^4(6)^2/group.3007
work/ext6b/5-1__group.1032__X10	c9bd739c5daa886cf1d3a2d25db27c92	carat/tables/qcatalog/dim6/dir.5-1;1/ordnung.320/(1)^8(2)^2(4)^16/group.7367
work/ext6b/2-1s2-1s1__group.297__X001	c9ce23e1fd328fd55a0f644c8ae2e89f	carat/tables/qcatalog/dim6/dir.2-1;2-1;1;1/ordnung.32/(2)^4(4)^4(8)^2/group.1406
work/ext6b/2-1s2-1s1__min.92__X01	c9de4da3fb227bb50351e6b19d393143	carat/tables/qcatalog/dim6/dir.2-1;2-1;1;1/ordnung.16/(2)^4(8)^4/min.271
work/ext6b/2-1s1s1s1__group.265__X1001	ca1209bdbf177751aa8795b58efcf573	carat/tables/qcatalog/dim6/dir.2-1;1;1;1;1/ordnung.32/(2)^4(8)^4/group.1242
work/ext6b/2-2s2-1s1__group.513__X0100	ca1216ba6e9b3cf70f326678119dcfdd	carat/tables/qcatalog/dim6/dir.2-2;2-1;1,1/ordnung.96/(1)^4(2)^3(6)^1(24)^1/group.2023
work/ext6b/3s2-2__group.714__X01	ca3756a9bccd613ce1f58c391e0b50ae	carat/tables/qcatalog/dim6/dir.3;2-2;1/ordnung.144/(1)^8(2)^2(4)^2(12)^2/group.4145
work/ext6b/2-2s2-1s1__group.440__X10	ca4e7d02ff34c76a049fae01e603a43c	carat/tables/qcatalog/dim6/dir.2-2;2-1;1;1/ordnung.24/(1)^4(2)^2(6)^2(72)^2/group.2083
work/ext6b/2-1s2-1s1__group.292__X101	ca8110c39de75c8d285bac05f03b03f7	carat/tables/qcatalog/dim6/dir.2-1;2-1;1;1/ordnung.32/(2)^4(4)^2(8)^2/group.1362
work/ext6b/3s2-2__group.732__X011	ca8df097cf25ad014fa09f915f766307	carat/tables/qcatalog/dim6/dir.3;2-2;1/ordnung.288/(1)^6(2)^2(4)^4(12)^2/group.4182
work/ext6b/2-1s2-1s1__group.303__X100	ca9baece5ea3e2e13f7ef5756786704b	carat/tables/qcatalog/dim6/dir.2-1;2-1;1;1/ordnung.32/(2)^4(4)^4(8)^2/group.1394
work/ext6b/4-1s1__group.828__C	caa12fc46fd5333e69a0a6dcb34f3e24	carat/tables/qcatalog/dim6/dir.4-1;1;1/ordnung.64/(2)^2(4)^14(8)^2/group.4845
work/ext6b/3s2-1__group.683__X011	caa1c1588a36b3f4a4f93f28657fef3e	carat/tables/qcatalog/dim6/dir.3;2-1;1/ordnung.192/(1)^4(2)^4(4)^4(8)^2/group.3923
work/ext6b/4-1s1__group.852__X01	cabb27d73d33637fb64ced0e159d9879	carat/tables/qcatalog/dim6/dir.4-1;1;1/ordnung.48/(1)^4(2)^6(6)^6(24)^2/group.4799
work/ext6b/2-2s2-1s1__group.485__X011	caea6036b4b07c8e5ea81d7911d87da8	carat/tables/qcatalog/dim6/dir.2-2;2-1;1,1/ordnung.48/(1)^4(2)^3(6)^1(24)^1/group.1995
work/ext6b/4-2s1__group.945__X01	cafb1277ecaa94d96b1a6dc53c594e3f	carat/tables/qcatalog/dim6/dir.4-2;1;1/ordnung.36/(1)^2(3)^6(18)^2/group.6173
work/ext6b/2-2s2-1s1__group.412__X01	cb01a3151b36b350dd095c8957c4b7ce	carat/tables/qcatalog/dim6/dir.2-2;2-1;1;1/ordnung.24/(1)^2(2)^3(6)^1(24)^2/group.2060
work/ext6b/2-2s2-2s1__group.529__X1101	cb059462c4d58a51814afcd5a0788813	carat/tables/qcatalog/dim6/dir.2-2;2-2;1;1/ordnung.144/(1)^5(3)^3(6)^1(18)^1/group.2854
work/ext6b/2-2s2-1s1__group.464__X111	cb0d024c3bcd8eb0864a144091bf0236	carat/tables/qcatalog/dim6/dir.2-2;2-1;1;1/ordnung.48/(1)^4(2)^2(12)^2/group.2171
work/ext6b/4-1s1__group.818__X0010	cb1796cb151e65ba392f25d7d86cb7c8	carat/tables/qcatalog/dim6/dir.4-1;1;1/ordnung.32/(2)^2(4)^12(8)^4/group.4732
work/ext6b/2-2s2-2s1__group.601__X010	cb179aa2b536dfcd31ccd85338bed00b	carat/tables/qcatalog/dim6/dir.2-2;2-2;1;1/ordnung.72/(1)^4(3)^4(18)^2/group.3067
work/ext6b/2-2s2-1s1__group.424__X01	cb1ff34427afc7f686746edaa6872c2c	carat/tables/qcatalog/dim6/dir.2-2;2-1;1;1/ordnung.24/(1)^2(2)^1(6)^1(12)^2/group.2054
work/ext6b/2-2s2-2s1__group.588__T	cb23bdde52292bf590cb052043d4385f	carat/tables/qcatalog/dim6/dir.2-2;2-2;1,1/ordnung.36/(1)^4(3)^2(6)^1/group.2769
work/ext6b/4-2s1__group.985__X01	cb46606ae38bf043b05a5822b6cd732d	carat/tables/qcatalog/dim6/dir.4-2;1;1/ordnung.72/(1)^7(3)^8(9)^1(18)^2/group.6289
work/ext6b/3s2-2__group.754__T	cb5c5222aea1b9d5b2084fe114d4240b	carat/tables/qcatalog/dim6/dir.3;2-2;1/ordnung.72/(1)^6(2)^1(4)^2(12)^2(24)^1/group.4317
work/ext6b/2-1s2-1s1__group.275__X00001	cb7abb037fd097c9768fe12b64bb985b	carat/tables/qcatalog/dim6/dir.2-1;2-1;1;1/ordnung.128/(2)^6(4)^4/group.1321
work/ext6b/2-2s2-1s1__group.499__X111	cb7b330a8714471ac605e4e6edb642b0	carat/tables/qcatalog/dim6/dir.2-2;2-1;1;1/ordnung.48/(1)^4(2)^4(24)^2/group.2284
work/ext6b/5-2__group.1038__X11	cb7b6e8500dbf9d09b5353f87a399a4e	carat/tables/qcatalog/dim6/dir.5-2;1/ordnung.240/(1)^16(2)^2(6)^8/group.7400
work/ext6b/2-2s2-2s1__group.530__X1010	cb83d9620ef10afb257820048bf55375	carat/tables/qcatalog/dim6/dir.2-2;2-2;1;1/ordnung.144/(1)^5(3)^3(6)^1(18)^1/group.2869
work/ext6b/2-2s2-2s1__group.536__X1101	cb865e42b892f07ffa62d9994166b4b1	carat/tables/qcatalog/dim6/dir.2-2;2-2;1;1/ordnung.144/(1)^6(3)^2(6)^2/group.2886
work/ext6b/3s2-2__group.715__X01	cb9c1a5bab795b4034f5e50c491a4132	carat/tables/qcatalog/dim6/dir.3;2-2;1/ordnung.144/(1)^8(2)^1(4)^2(12)^2(72)^1/group.4106
work/ext6b/4-2s1__group.950__T	cba5eeeec062b6796dd95cf6d0cfbedf	carat/tables/qcatalog/dim6/dir.4-2;1;1/ordnung.36/(1)^2(3)^6(18)^2/group.6175
work/ext6b/2-1s2-1s1__group.317__X1111	cbd1f6d08adc7322fbe94735f59b9630	carat/tables/qcatalog/dim6/dir.2-1;2-1;1;1/ordnung.64/(2)^4(4)^4(8)^2/group.1459
work/ext6b/4-1s1__group.867__X001	cbe0838e785e28a043d2a6410c30cef6	carat/tables/qcatalog/dim6/dir.4-1;1;1/ordnung.64/(2)^8(4)^8(8)^2/group.4886
work/ext6b/3s2-2__max.10__X1111	cbe973b19d6e3371ba2fbfd70f10e3a3	carat/tables/qcatalog/dim6/dir.3;2-2;1/ordnung.576/(1)^8(2)^2(4)^2(12)^2/group.4300
work/ext6b/2-2s1s1s1__group.381__X001	cbee0fad2893ec44c3ddbb4de0ff8cf6	carat/tables/qcatalog/dim6/dir.2-2;1;1;1;1/ordnung.24/(1)^4(2)^1(6)^1(12)^1(36)^1/group.1827
work/ext6b/2-1s2-1s1__group.304__X010	cc1a41549ebaec11937188ff5af549d3	carat/tables/qcatalog/dim6/dir.2-1;2-1;1;1/ordnung.32/(2)^4(4)^4(8)^2/group.1420
work/ext6b/2-2s2-1s1__group.476__C	cc1c6b22538629795a789db73c3c8bb3	carat/tables/qcatalog/dim6/dir.2-2;2-1;1;1/ordnung.96/(1)^4(2)^3(6)^1(12)^1(36)^1/group.2344
work/ext6b/4-1s1__group.864__T	cc29660dfa81cd4dbcb4b9b64f80ff1f	carat/tables/qcatalog/dim6/dir.4-1;1;1/ordnung.64/(2)^8(4)^8(8)^2/group.4872
work/ext6b/2-2s2-2s1__group.530__X1111	cc328455d6120d9988b41a2cbba9b89b	carat/tables/qcatalog/dim6/dir.2-2;2-2;1;1/ordnung.144/(1)^5(3)^3(6)^1(18)^1/group.2859
work/ext6b/2-2s1s1s1__group.398__X0001	cc37b23fd32be588883be86937575c2e	carat/tables/qcatalog/dim6/dir.2-2;1;1;1;1/ordnung.48/(1)^4(2)^1(6)^1(12)^1(36)^1/group.1861
work/ext6b/4-1s1__group.793__C	cc5e9c2d26857dfdd7b1afe9c48f29ab	carat/tables/qcatalog/dim6/dir.4-1;1;1/ordnung.384/(2)^18/group.4796
work/ext6b/2-1s2-1s1__group.311__X100	cc5f73a4ba430d9b7b993b946dad0751	carat/tables/qcatalog/dim6/dir.2-1;2-1;1,1/ordnung.32/(2)^4(4)^4(8)^1/group.1291
work/ext6b/3s1c1__group.640__T	cc6ffd07109e704068978b405e51488e	carat/tables/qcatalog/dim6/dir.3;1,1;1/ordnung.24/(1)^4(4)^6(8)^1/min.438
work/ext6b/2-1s1s1s1__group.268__X1011	cc867b006f47bfdfacd130feb8b7d281	carat/tables/qcatalog/dim6/dir.2-1;1;1;1;1/ordnung.32/(2)^4(4)^2(8)^2/group.1240
work/ext6b/2-2s2-2s1__group.560__X11	cc9b6c44c2b3f639ce8b1c5112263e53	carat/tables/qcatalog/dim6/dir.2-2;2-2;1;1/ordnung.36/(1)^3(3)^1(6)^1(18)^1/group.2971
work/ext6b/4-1s1__group.778__X101	cca8bccb3aede0c59a5470c9275d11ff	carat/tables/qcatalog/dim6/dir.4-1;1;1/ordnung.128/(2)^8(4)^8(8)^2/group.4639
work/ext6b/4-2s1__group.915__X101	ccb56a71137f81fdbe835b3bbce73653	carat/tables/qcatalog/dim6/dir.4-2;1;1/ordnung.144/(1)^7(3)^8(9)^1(18)^2/group.6064
work/ext6b/4-1s1__group.787__X001	ccc55e9f3d61bf25bc4f46c9dd6e9c1b	carat/tables/qcatalog/dim6/dir.4-1;1;1/ordnung.16/(2)^2(4)^4(8)^4/group.4654
work/ext6b/2-1s2-1s1__group.316__X0111	cce256c41421225022989ac9c7c020ce	carat/tables/qcatalog/dim6/dir.2-1;2-1;1;1/ordnung.64/(2)^4(4)^4(8)^2/group.1456
work/ext6b/3s1c1__group.648__X010	ccf22f8941d654ce6b5b540638a0a67c	carat/tables/qcatalog/dim6/dir.3;1,1;1/ordnung.96/(1)^4(4)^6(8)^1/group.3830
work/ext6b/4-2s1__group.912__X101	ccf76fcc172f40fdacbf05d7f4fc53eb	carat/tables/qcatalog/dim6/dir.4-2;1;1/ordnung.144/(1)^8(3)^8(18)^2/group.6086
work/ext6b/2-1s2-1s1__group.313__X0011	cd0ce415157d8385367d5c7d53a10e47	carat/tables/qcatalog/dim6/dir.2-1;2-1;1;1/ordnung.32/(2)^2(4)^4(8)^4/group.1348
work/ext6b/2-2s2-2s1__group.612__X101	cd3024cd11a4e4f5f37878e0e967923b	carat/tables/qcatalog/dim6/dir.2-2;2-2;1;1/ordnung.72/(1)^4(3)^4(18)^2/group.3069
work/ext6b/4-2s1__group.915__X111	cd46c290f8c57e6d3deb8f75fa96704b	carat/tables/qcatalog/dim6/dir.4-2;1;1/ordnung.144/(1)^8(3)^8(18)^2/group.6092
work/ext6b/2-2s1c1s1__group.373__X1101	cd47bdbcb64424a0c6cac9b593b9d53a	carat/tables/qcatalog/dim6/dir.2-2;1,1;1;1/ordnung.48/(1)^4(2)^1(6)^1(24)^1/group.1795
work/ext6b/2-1s1c1c1__group.227__X10	cd4ab9d5318bcf22e78efc48e5552198	carat/tables/qcatalog/dim6/dir.2-1;1,1,1,1/ordnung.8/(2)^4(16)^1/group.1105
work/ext6b/4-1s1__group.779__X010	cd4ea41306e1248f14edf52ee1683a95	carat/tables/qcatalog/dim6/dir.4-1;1,1/ordnung.128/(2)^8(4)^8(8)^1/group.4464
work/ext6b/4-1s1__group.768__T	cd5da04c54b1ca3de60ecf20851b151b	carat/tables/qcatalog/dim6/dir.4-1;1;1/ordnung.1152/(1)^8(2)^10/group.4589
work/ext6b/2-2s2-2s1__group.610__X011	cd70e85ea9c26265bcab47c0460ea747	carat/tables/qcatalog/dim6/dir.2-2;2-2;1;1/ordnung.72/(1)^5(3)^3(6)^1(18)^1/group.3130
work/ext6b/3s2-1__group.679__X101	cd8b7f1bf8202812dd238e14d99a097c	carat/tables/qcatalog/dim6/dir.3;2-1;1/ordnung.192/(1)^4(2)^4(4)^4(8)^2/group.3918
work/ext6b/2-2s1s1s1__group.380__X010	cd9629a76c3b1cea982d1046ca285a90	carat/tables/qcatalog/dim6/dir.2-2;1;1;1;1/ordnung.24/(1)^2(4)^3(12)^1/group.1816
work/ext6b/4-2s1__group.931__T	cdaf0f153ea07ac48a6a03b7368adb8e	carat/tables/qcatalog/dim6/dir.4-2;1;1/ordnung.24/(2)^6(6)^4/group.6109
work/ext6b/4-1s1__group.789__X01	cdbebe348ab89c14e63deb71f6ba8e2a	carat/tables/qcatalog/dim6/dir.4-1;1,1/ordnung.16/(2)^1(4)^6(8)^2/group.4474
work/ext6b/4-1s1__group.859__X111	cdc30d05429f7f00d824ab98c0d896d6	carat/tables/qcatalog/dim6/dir.4-1;1;1/ordnung.64/(2)^4(4)^4(8)^2/group.4849
work/ext6b/2-2s2-1s1__group.410__X01	cdd37ce26fc7b042694756a14ffde2a0	carat/tables/qcatalog/dim6/dir.2-2;2-1;1;1/ordnung.24/(1)^2(2)^3(6)^1(24)^2/min.370
work/ext6b/4-1s1__group.883__X11	cdee1575ab95a37f148a72b03f87b105	carat/tables/qcatalog/dim6/dir.4-1;1;1/ordnung.96/(2)^6(4)^4/group.4923
work/ext6b/4-1s1__group.766__T	ce03c3c90a3921d1bffc47d2eda28a2b	carat/tables/qcatalog/dim6/dir.4-1;1;1/ordnung.1152/(1)^8(2)^10/group.4586
work/ext6b/2-1s1s1s1__group.265__X1111	ce1aed77cd1c7d3d2f298d724d0f247f	carat/tables/qcatalog/dim6/dir.2-1;1;1;1;1/ordnung.32/(2)^4(8)^4/group.1243
work/ext6b/3s2-2__group.731__X010	ce1ef64a5c9881ebede6c5d296232e29	carat/tables/qcatalog/dim6/dir.3;2-2;1/ordnung.288/(1)^6(2)^1(4)^4(24)^1/group.4165
work/ext6b/4-3ps1__group.1000__X01	ce3e58c443652f1608728828b0ce2d44	carat/tables/qcatalog/dim6/dir.4-3';1;1/ordnung.20/(1)^2(5)^6(50)^2/group.7103
work/ext6b/2-1s1s1s1__group.267__X1101	ce48875aae3820471f78ab5d194c3cb9	carat/tables/qcatalog/dim6/dir.2-1;1;1;1;1/ordnung.32/(2)^4(4)^2(8)^2/group.1230
work/ext6b/2-2s2-1s1__group.446__X11	ce49a65d2f9ce9b8799a002e537579a6	carat/tables/qcatalog/dim6/dir.2-2;2-1;1,1/ordnung.24/(1)^4(2)^3(6)^1(24)^1/group.1956
work/ext6b/4-1ps1__group.761__C	ce64922ac78c8c15f8a477613945bf47	carat/tables/qcatalog/dim6/dir.4-1';1;1/ordnung.32/(2)^2(4)^6(8)^2/group.4416
work/ext6b/2-2c2-2s1__group.332__X01	ce8758dcdd4f9c41e663de7e30b302c7	carat/tables/qcatalog/dim6/dir.2-2,2-2;1,1/ordnung.12/(2)^2(6)^2(18)^1/group.1636
work/ext6b/2-2s1c1s1__group.345__X01	ce948fe260d8724d0b0bad0b702ff45f	carat/tables/qcatalog/dim6/dir.2-2;1,1;1;1/ordnung.12/(1)^2(6)^2(24)^1/min.334
work/ext6b/2-2s2-1s1__group.512__X1100	cea52874a8291837cbee4a9280b28141	carat/tables/qcatalog/dim6/dir.2-2;2-1;1;1/ordnung.96/(1)^4(2)^4(12)^2/group.2381
work/ext6b/3s2-2__group.710__X01	ceabff1e1b50acccbf518622cc625a56	carat/tables/qcatalog/dim6/dir.3;2-2;1/ordnung.144/(1)^6(2)^2(4)^3(12)^2(36)^1/group.4095
work/ext6b/3s2-2__group.749__T	ceafc549c7a8fcd003a7e955cffc662a	carat/tables/qcatalog/dim6/dir.3;2-2;1/ordnung.72/(1)^4(2)^2(4)^3(12)^3/group.4314
work/ext6b/2-2s2-1s1__group.494__X100	cec5270c4fed56098acaa9e05c0403b7	carat/tables/qcatalog/dim6/dir.2-2;2-1;1;1/ordnung.48/(1)^4(2)^4(12)^2/group.2230
work/ext6b/3s2-1__group.682__T	ced03bde5db77cbaadee3683ba9cd5f4	carat/tables/qcatalog/dim6/dir.3;2-1;1/ordnung.192/(1)^4(2)^4(4)^4(8)^2/group.3905
work/ext6b/4-1s1__group.820__C	ced3f9b1d7d95e62810bdf47f4e01688	carat/tables/qcatalog/dim6/dir.4-1;1;1/ordnung.64/(2)^2(4)^14(8)^2/group.4833
work/ext6b/3s2-1__group.694__X11	cef25b0713d6c0061a930c0ef8cb5c40	carat/tables/qcatalog/dim6/dir.3;2-1;1/ordnung.96/(1)^4(2)^4(4)^4(8)^2/group.4030
work/ext6b/4-2s1__group.900__X111	cf08abc91adb383f40c5464c45effc71	carat/tables/qcatalog/dim6/dir.4-2;1;1/ordnung.144/(1)^6(3)^2(6)^2/group.6032
work/ext6b/4-2s1__group.903__X100	cf08b651f305f3cfd0f18aa092115f71	carat/tables/qcatalog/dim6/dir.4-2;1;1/ordnung.144/(1)^6(3)^8(9)^2(18)^2/group.6049
work/ext6b/4-1s1__group.779__C	cf0b78906a01c393ee723bc4a02ebe21	carat/tables/qcatalog/dim6/dir.4-1;1;1/ordnung.256/(2)^8(4)^10/group.4710
work/ext6b/2-2s2-1s1__group.473__C	cf211a48eb985c01f48813c95c90d9eb	carat/tables/qcatalog/dim6/dir.2-2;2-1;1;1/ordnung.96/(1)^4(2)^3(6)^1(12)^1(36)^1/group.2336
work/ext6b/2-2s2-2s1__group.600__X111	cf31fe7a42a29e8f75b6add49d955ca5	carat/tables/qcatalog/dim6/dir.2-2;2-2;1;1/ordnung.72/(1)^4(3)^2(6)^1(18)^1/group.3056
work/ext6b/2-2s2-2s1__group.616__T	cf463d80b25cedfd7727ef7968124717	carat/tables/qcatalog/dim6/dir.2-2;2-2;1,1/ordnung.72/(1)^3(3)^5(6)^1/group.2785
work/ext6b/2-2s2-1s1__group.420__T	cf4e6141a3c8b9a6f5d7736090dac304	carat/tables/qcatalog/dim6/dir.2-2;2-1;1;1/ordnung.24/(1)^2(2)^2(4)^1(12)^1/group.2057
work/ext6b/4-2s1__group.917__X011	cf828ede82522553dc3e8cf5db1627a1	carat/tables/qcatalog/dim6/dir.4-2;1,1/ordnung.144/(1)^9(3)^7(6)^1/group.5933
work/ext6b/3s2-2__group.728__X01	cf84ed3ebe93553386da1a0f33549cf1	carat/tables/qcatalog/dim6/dir.3;2-2;1/ordnung.24/(2)^5(4)^6(24)^1/group.4159
work/ext6b/2-2s1c1s1__group.345__X10	cf8e7c5abb590307a27051b019220c0d	carat/tables/qcatalog/dim6/dir.2-2;1,1;1,1/ordnung.12/(1)^2(12)^1(36)^1/group.1727
work/ext6b/4-1s1__group.811__C	cf97bf444a41c65712a562275ac78de9	carat/tables/qcatalog/dim6/dir.4-1;1;1/ordnung.576/(1)^4(2)^10(4)^4/group.4816
work/ext6b/2-2s2-1s1__group.465__X110	cfa16dbfc2ee266c29c4877813f176a2	carat/tables/qcatalog/dim6/dir.2-2;2-1;1;1/ordnung.48/(1)^4(2)^2(12)^2/group.2170
work/ext6b/4-1s1__max.11__X111	cfa73219be32b46fd5a205caa2aa5985	carat/tables/qcatalog/dim6/dir.4-1;1;1/ordnung.2304/(1)^8(2)^10/group.4693
work/ext6b/2-2s1c1s1__group.372__X101	cfa7b8892ab6fc18a4f19ece7f782bee	carat/tables/qcatalog/dim6/dir.2-2;1,1;1;1/ordnung.24/(1)^4(2)^1(6)^1(24)^1/group.1771
work/ext6b/2-1s2-1s1__group.292__X110	cfa905573948a14df50b051bbf3c40e7	carat/tables/qcatalog/dim6/dir.2-1;2-1;1;1/ordnung.32/(2)^4(4)^2(8)^2/group.1368
work/ext6b/4-1s1__group.776__X0001	cfaacb81c86756a7a5faa8bc5ef9fd89	carat/tables/qcatalog/dim6/dir.4-1;1;1/ordnung.128/(2)^8(4)^10/group.4621
work/ext6b/4-2s1__group.985__X10	cfbdfbbcd33a80ef4610ecba2323a1e1	carat/tables/qcatalog/dim6/dir.4-2;1;1/ordnung.72/(1)^6(3)^8(9)^2(18)^2/group.6265
work/ext6b/2-2s2-1s1__group.505__X1111	cfc90e6de7635b7bd3130607855ead01	carat/tables/qcatalog/dim6/dir.2-2;2-1;1;1/ordnung.96/(1)^2(2)^4(4)^1(12)^1/group.2308
work/ext6b/3s1s1__group.655__T	cfd6ae39ed1fd611bdadfe9054012947	carat/tables/qcatalog/dim6/dir.3;1;1;1/ordnung.48/(1)^4(2)^2(4)^4(8)^2/min.450
work/ext6b/2-2s2-2s1__group.557__C	cfee24a6d77d5bf1da8208364a90bca3	carat/tables/qcatalog/dim6/dir.2-2;2-2;1;1/ordnung.72/(1)^2(3)^2(6)^2/group.3020
work/ext6b/3s2-1__group.695__T	d00ce4551c64a5d49c16558abb4189fe	carat/tables/qcatalog/dim6/dir.3;2-1;1/ordnung.96/(1)^4(2)^4(4)^4(8)^2/group.4023
work/ext6b/2-2s1s1s1__group.402__X1111	d012efc096da2878448a1596f962937e	carat/tables/qcatalog/dim6/dir.2-2;1;1;1;1/ordnung.48/(1)^4(2)^2(12)^2/group.1864
work/ext6b/2-2s2-2s1__group.581__X10	d024311b416b71be97aa686c4390156c	carat/tables/qcatalog/dim6/dir.2-2;2-2;1;1/ordnung.36/(1)^4(3)^4(18)^2/group.2998
work/ext6b/2-2s1s1s1__group.376__X011	d02f1614d18a3d9e0912b20f095e721c	carat/tables/qcatalog/dim6/dir.2-2;1;1;1;1/ordnung.24/(1)^2(2)^2(4)^1(12)^1/group.1813
work/ext6b/3s2-1__group.687__X01	d036ead92a37ee38723b967512df6a86	carat/tables/qcatalog/dim6/dir.3;2-1;1/ordnung.96/(1)^2(2)^4(4)^6(8)^2/group.3999
work/ext6b/3s2-2__group.706__X10	d03fc6141de6366a3e53c29762e7e41c	carat/tables/qcatalog/dim6/dir.3;2-2;1/ordnung.144/(1)^6(2)^1(4)^2(12)^2(24)^1/group.4060
work/ext6b/3s2-1__group.676__X001	d0464a9a1131b30770fdd601a510e7f9	carat/tables/qcatalog/dim6/dir.3;2-1;1/ordnung.192/(1)^2(2)^4(4)^6(8)^2/group.3883
work/ext6b/2-1s2-1s1__group.276__C	d055e6f486a40f752ae3309dd731dd2f	carat/tables/qcatalog/dim6/dir.2-1;2-1;1;1/ordnung.32/(2)^4(4)^2(8)^2/group.1363
work/ext6b/3s2-2__group.730__T	d07336833e4f61d6994c8cc5377a27c0	carat/tables/qcatalog/dim6/dir.3;2-2;1/ordnung.24/(2)^10(4)^1(12)^2(36)^1/group.4153
work/ext6b/2-2s1c1c1__group.335__C	d07a9aad1791843e11a03570d6fd3584	carat/tables/qcatalog/dim6/dir.2-2;1,1,1;1/ordnung.24/(1)^3(3)^1(6)^1(54)^1/group.1718
work/ext6b/2-2s2-1s1__group.451__X001	d0a8a862b861020acb57924eac4924f4	carat/tables/qcatalog/dim6/dir.2-2;2-1;1;1/ordnung.48/(1)^2(2)^3(6)^1(12)^2/group.2115
work/ext6b/2-1s1s1s1__group.252__C	d0e8f885bad577f988acc58aed449a8b	carat/tables/qcatalog/dim6/dir.2-1;1;1;1;1/ordnung.32/(2)^4(4)^2(8)^2/group.1221
work/ext6b/2-2s1s1s1__group.382__X100	d0f98ba7e059880469089436671f94e6	carat/tables/qcatalog/dim6/dir.2-2;1;1;1;1/ordnung.24/(1)^4(2)^1(6)^1(12)^1(36)^1/group.1823
work/ext6b/2-2s1s1s1__group.377__C	d10d55066ca65f18298f7a8be7f37e8a	carat/tables/qcatalog/dim6/dir.2-2;1;1;1;1/ordnung.48/(1)^2(2)^2(4)^1(12)^1/group.1847
work/ext6b/2-2s2-1s1__group.511__X0100	d1131612746a6741f7767e38a7588a17	carat/tables/qcatalog/dim6/dir.2-2;2-1;1,1/ordnung.96/(1)^4(2)^3(6)^1(24)^1/group.2021
work/ext6b/2-2s2-2s1__group.554__X011	d120ae7b2e168896386d300b1eb13af0	carat/tables/qcatalog/dim6/dir.2-2;2-2;1;1/ordnung.24/(2)^6(6)^4/group.2927
work/ext6b/2-1s2-1s1__group.290__X001	d1224f92b9b5b749ffee1228ecb282cb	carat/tables/qcatalog/dim6/dir.2-1;2-1;1;1/ordnung.32/(2)^4(4)^2(8)^2/group.1360
work/ext6b/4-1s1__group.891__X11	d147a7582cae453498a7f21a6a87ffea	carat/tables/qcatalog/dim6/dir.4-1;1;1/ordnung.96/(2)^10(4)^8/group.4914
work/ext6b/4-1s1__group.843__X01	d15cc488ef12c7f3c22e8b15e8c624d1	carat/tables/qcatalog/dim6/dir.4-1;1,1/ordnung.48/(2)^5(4)^4/group.4532
work/ext6b/2-2s2-1s1__group.496__X100	d184a68ef00b0bcda13f55ff7db33cf3	carat/tables/qcatalog/dim6/dir.2-2;2-1;1;1/ordnung.48/(1)^4(2)^4(24)^2/group.2292
work/ext6b/4-2s1__group.917__X001	d187a7451b9bf0a975acdc0d894dbbdb	carat/tables/qcatalog/dim6/dir.4-2;1;1/ordnung.144/(1)^10(3)^6(6)^2/group.6013
work/ext6b/2-2s2-1s1__group.499__X110	d18b188857313ea089b6885a2ac9baee	carat/tables/qcatalog/dim6/dir.2-2;2-1;1;1/ordnung.48/(1)^4(2)^4(24)^2/group.2281
work/ext6b/2-2s2-2s1__group.551__X001	d1a9eaebc90ecf6ee41eb971476f1770	carat/tables/qcatalog/dim6/dir.2-2;2-2;1;1/ordnung.24/(2)^4(6)^4(18)^2/group.2919
work/ext6b/2-2s2-1s1__group.493__C	d1aa5ce78ea3b7298ac7a305983511b3	carat/tables/qcatalog/dim6/dir.2-2;2-1;1;1/ordnung.96/(1)^4(2)^4(12)^2/group.2358
work/ext6b/2-2s2-2s1__group.575__C	d1aab43af3cf5d470f9b740c9a1136d5	carat/tables/qcatalog/dim6/dir.2-2;2-2;1;1/ordnung.72/(1)^4(3)^2(6)^1(18)^1/group.3050
work/ext6b/4-3s1__group.1013__X10	d1c1ba6e0b7844ccdc2d967800aeb78e	carat/tables/qcatalog/dim6/dir.4-3;1,1/ordnung.240/(1)^11(5)^5(10)^1/group.7185
work/ext6b/4-2s1__group.918__T	d1e183d09d8cdcf38d1a7242984a785d	carat/tables/qcatalog/dim6/dir.4-2;1,1/ordnung.144/(1)^9(3)^7(6)^1/group.5927
work/ext6b/2-2s2-1s1__group.468__X011	d1f02c6823edcaec5aaaa00f4ca59e5a	carat/tables/qcatalog/dim6/dir.2-2;2-1;1;1/ordnung.48/(1)^4(4)^2(12)^2/group.2299
work/ext6b/3s2-2__group.714__C	d1f851cbd446308bd6f22bc9dfea0e01	carat/tables/qcatalog/dim6/dir.3;2-2;1/ordnung.288/(1)^8(2)^2(4)^2(12)^2/group.4212
work/ext6b/2-1s2-1s1__group.316__X0100	d23b83c0939155f848738d7bf0a8ddb2	carat/tables/qcatalog/dim6/dir.2-1;2-1;1,1/ordnung.64/(2)^4(4)^4(8)^1/group.1299
work/ext6b/4-3ps1__group.1004__X111	d24e162bb652b85c11eb071e67976a7e	carat/tables/qcatalog/dim6/dir.4-3';1;1/ordnung.40/(1)^4(5)^4(10)^2/group.7119
work/ext6b/3s2-2__group.741__X001	d25c9543380718b3f850f2c779bdaac9	carat/tables/qcatalog/dim6/dir.3;2-2;1/ordnung.288/(1)^8(2)^2(4)^1(12)^2(36)^1/group.4204
work/ext6b/3s2-1__group.696__C	d2abfc7855c49a0f51f29e25866e877d	carat/tables/qcatalog/dim6/dir.3;2-1;1/ordnung.192/(1)^4(2)^4(4)^6/group.3963
work/ext6b/2-2s2-1s1__group.511__X0111	d2becee798d9c4e1431974ab59e1c2cb	carat/tables/qcatalog/dim6/dir.2-2;2-1;1;1/ordnung.96/(1)^4(2)^4(12)^2/group.2395
work/ext6b/4-1s1__group.766__C	d2d0d5e4d736d79d74d71f95a76cd783	carat/tables/qcatalog/dim6/dir.4-1;1;1/ordnung.2304/(1)^8(2)^10/group.4691
work/ext6b/4-2s1__group.902__X0001	d300a407229de7e7289a61a04d8553b9	carat/tables/qcatalog/dim6/dir.4-2;1;1/ordnung.144/(1)^6(3)^8(9)^2(18)^2/group.6051
work/ext6b/2-2s2-2s1__group.557__T	d3057fdadcab5c610ebb90ff8dfea41b	carat/tables/qcatalog/dim6/dir.2-2;2-2;1;1/ordnung.36/(1)^2(3)^2(6)^2/group.2950
work/ext6b/2-2s2-1s1__group.414__C	d305b5c907397048ebd317c07796a62a	carat/tables/qcatalog/dim6/dir.2-2;2-1;1;1/ordnung.48/(1)^2(2)^4(4)^1(12)^1/group.2126
work/ext6b/4-2s1__group.923__X010	d31af046fbdc020f6f5e9e62f9e33fd5	carat/tables/qcatalog/dim6/dir.4-2;1,1/ordnung.144/(1)^9(3)^7(6)^1/group.5932
work/ext6b/2-2s2-1s1__group.423__C	d359bfe9ec1f0a9ceb177d64eeeb49a6	carat/tables/qcatalog/dim6/dir.2-2;2-1;1;1/ordnung.48/(1)^2(2)^2(4)^1(12)^1/group.2107
work/ext6b/4-1s1__group.841__X01	d372f682c704b173a88e412273fd1f55	carat/tables/qcatalog/dim6/dir.4-1;1,1/ordnung.48/(2)^5(4)^4/group.4531
work/ext6b/4-2s1__group.932__X10	d3749f0e6e1e63c48ae9c4d7837b07b6	carat/tables/qcatalog/dim6/dir.4-2;1;1/ordnung.24/(2)^6(6)^4/group.6111
work/ext6b/2-1s1c1c1__group.226__X01	d3749f4a5c4abb468ea9ccfd1082ee78	carat/tables/qcatalog/dim6/dir.2-1;1,1,1;1/ordnung.8/(2)^4(8)^1(24)^1/group.1122
work/ext6b/3s1s1__group.652__C	d384d717a29290326e094e5cdd851658	carat/tables/qcatalog/dim6/dir.3;1;1;1/ordnung.96/(1)^2(2)^2(4)^8/group.3848
work/ext6b/4-2s1__group.935__X0101	d38fabc0580cc7aa13bd5d9dca1adb54	carat/tables/qcatalog/dim6/dir.4-2;1;1/ordnung.288/(1)^8(3)^8(18)^2/group.6157
work/ext6b/2-1s2-1s1__group.320__X0101	d39369441af620b13efbb8b0ff93b8cb	carat/tables/qcatalog/dim6/dir.2-1;2-1;1;1/ordnung.64/(2)^6(4)^2(8)^2/group.1499
work/ext6b/3s1s1__group.659__X01	d3ab615bf00ecf8374f535c48cb04129	carat/tables/qcatalog/dim6/dir.3;1;1;1/ordnung.48/(1)^4(4)^8/min.453
work/ext6b/2-2s2-1s1__group.436__T	d3b21214ba66fafc55f6cb282850d012	carat/tables/qcatalog/dim6/dir.2-2;2-1;1,1/ordnung.24/(1)^4(2)^1(6)^1(24)^1/group.1941
work/ext6b/2-1s2-1s1__group.289__X110	d3c33127c37c65dba641aa6e120d2635	carat/tables/qcatalog/dim6/dir.2-1;2-1;1;1/ordnung.32/(2)^4(8)^4/group.1433
work/ext6b/2-2s2-1s1__group.468__X111	d3f974d07b157e606c6c28ac4a54a0be	carat/tables/qcatalog/dim6/dir.2-2;2-1;1;1/ordnung.48/(1)^4(2)^2(12)^2/group.2158
work/ext6b/3s2-2__group.715__T	d3fb161f828ca04000f62ab501dd3c4a	carat/tables/qcatalog/dim6/dir.3;2-2;1/ordnung.144/(1)^8(2)^2(4)^1(12)^2(36)^1/group.4126
work/ext6b/2-2s2-1s1__group.458__X111	d41a4c5349bbcac6358a719934903c80	carat/tables/qcatalog/dim6/dir.2-2;2-1;1;1/ordnung.48/(1)^2(2)^4(8)^1(24)^1/group.2145
work/ext6b/2-1s2-1s1__group.297__X101	d429581100a2f2d5bf0a32fe5035a737	carat/tables/qcatalog/dim6/dir.2-1;2-1;1;1/ordnung.32/(2)^4(4)^4(8)^2/group.1398
work/ext6b/2-2s2-1s1__group.514__X1100	d433d2e4a3be3fb55e6f71796c79d0a3	carat/tables/qcatalog/dim6/dir.2-2;2-1;1,1/ordnung.96/(1)^4(2)^3(6)^1(24)^1/group.2020
work/ext6b/2-2s2-1s1__group.465__C	d43c226e8f3838999d0f7d700876fb13	carat/tables/qcatalog/dim6/dir.2-2;2-1;1;1/ordnung.96/(1)^4(2)^2(12)^2/group.2324
work/ext6b/2-2s2-2s1__group.575__T	d454ae5481d38cc1647b4464199dd78b	carat/tables/qcatalog/dim6/dir.2-2;2-2;1,1/ordnung.36/(1)^2(3)^4(6)^1/group.2740
work/ext6b/4-1s1__group.848__C	d466bd333357b08bae84bf6fcbc3fdd5	carat/tables/qcatalog/dim6/dir.4-1;1;1/ordnung.96/(2)^10(6)^8/group.4916
work/ext6b/2-2s2-1s1__group.439__T	d49671949a1fef20d275c4048460dd9a	carat/tables/qcatalog/dim6/dir.2-2;2-1;1;1/ordnung.24/(1)^4(2)^3(6)^1(24)^1(72)^1/group.2086
work/ext6b/4-3s1__group.1022__T	d49d28d4ebbb2ced234003e1bde2a5c3	carat/tables/qcatalog/dim6/dir.4-3;1,1/ordnung.40/(1)^5(5)^11(10)^1/group.7190
work/ext6b/3s2-2__group.725__X10	d4d2a0505080ddb6dea0f12df9dd0988	carat/tables/qcatalog/dim6/dir.3;2-2;1/ordnung.144/(1)^8(2)^2(4)^2(12)^2/group.4143
work/ext6b/1c1s1s1s1__group.211__X1111	d4dab6a1c1ea7e15b1b057c676397a2f	carat/tables/qcatalog/dim6/dir.1,1;1;1;1;1/ordnung.16/(2)^2(4)^2(8)^1/group.1066
work/ext6b/2-2s2-2s1__group.600__X100	d4df17e8d91531b99d120eae6294cfff	carat/tables/qcatalog/dim6/dir.2-2;2-2;1;1/ordnung.72/(1)^4(3)^2(6)^1(18)^1/group.3052
work/ext6b/4-2s1__group.915__X100	d4e3e9a796c52caf5022b22eb05a35a5	carat/tables/qcatalog/dim6/dir.4-2;1;1/ordnung.144/(1)^8(3)^8(18)^2/group.6096
work/ext6b/2-2s2-1s1__group.480__X011	d50a71e7ba58745748e690a1ef92aa9d	carat/tables/qcatalog/dim6/dir.2-2;2-1;1;1/ordnung.48/(1)^4(2)^4(12)^2/group.2255
work/ext6b/2-2s2-1s1__group.518__X1011	d50e77077e79af5733334a08e8521a09	carat/tables/qcatalog/dim6/dir.2-2;2-1;1;1/ordnung.96/(1)^4(2)^4(24)^2/group.2438
work/ext6b/3s2-2__group.741__C	d5121a2abcf46a6523ae5ed30c62d177	carat/tables/qcatalog/dim6/dir.3;2-2;1/ordnung.576/(1)^8(2)^2(4)^2(12)^2/group.4304
work/ext6b/3s1s1__group.649__X0101	d520c623368806efe5552f515e937ef5	carat/tables/qcatalog/dim6/dir.3;1;1;1/ordnung.192/(1)^4(2)^2(4)^6/group.3836
work/ext6b/4-1s1__group.881__T	d58c77ff42c705c6e4cad8fcb679b13c	carat/tables/qcatalog/dim6/dir.4-1;1,1/ordnung.72/(1)^4(2)^1(6)^4/group.4567
work/ext6b/2-1s1c1s1__group.235__X111	d58efc1aff5705514281a9462fb91ac3	carat/tables/qcatalog/dim6/dir.2-1;1,1;1;1/ordnung.16/(2)^4(8)^3/group.1171
work/ext6b/2-2s2-1s1__group.486__X110	d58f6ef4c2fa920c193c3ac5eeaeb08e	carat/tables/qcatalog/dim6/dir.2-2;2-1;1,1/ordnung.48/(1)^4(2)^3(6)^1(24)^1/group.2006
work/ext6b/2-2s2-1s1__group.433__C	d59420961b37c30a46bc04447f30e4a8	carat/tables/qcatalog/dim6/dir.2-2;2-1;1;1/ordnung.48/(1)^4(2)^2(12)^2/group.2175
work/ext6b/3s2-1__group.701__C	d5aa32461ca57537fd103462e3b559cd	carat/tables/qcatalog/dim6/dir.3;2-1;1/ordnung.192/(1)^4(2)^2(4)^6/group.3902
work/ext6b/2-2s2-2s1__group.543__X01	d5aaec6b6350a549b83731e7f3cdaea7	carat/tables/qcatalog/dim6/dir.2-2;2-2;1,1/ordnung.18/(3)^6(6)^1/group.2728
work/ext6b/4-2s1__group.923__X100	d5cb087cb009aa0b39540ba4973b1f95	carat/tables/qcatalog/dim6/dir.4-2;1;1/ordnung.144/(1)^10(3)^6(6)^2/group.6023
work/ext6b/2-2s1s1s1__group.397__X1110	d5cea3ff9df5cc18780ebb04b900cac2	carat/tables/qcatalog/dim6/dir.2-2;1;1;1;1/ordnung.48/(1)^2(4)^3(12)^1/group.1852
work/ext6b/2-1s1c1s1__group.234__T	d5e16c4ce35bb02bdb4a6caebcbe3955	carat/tables/qcatalog/dim6/dir.2-1;1,1;1;1/ordnung.16/(2)^4(4)^2(32)^1/group.1150
work/ext6b/2-2s2-2s1__group.536__X1011	d5e30536d5726d2b766bfa88a1c1a3f5	carat/tables/qcatalog/dim6/dir.2-2;2-2;1;1/ordnung.144/(1)^6(3)^2(6)^2/group.2874
work/ext6b/2-2s2-1s1__group.466__X111	d6002334d19e64204ddbdddb84f60626	carat/tables/qcatalog/dim6/dir.2-2;2-1;1;1/ordnung.48/(1)^4(4)^2(12)^2/group.2302
work/ext6b/4-2s1__group.928__X11	d604d0327b253b6b039334469549ff69	carat/tables/qcatalog/dim6/dir.4-2;1;1/ordnung.24/(2)^6(6)^4/group.6105
work/ext6b/4-2s1__group.928__C	d60af7bd3fbe09fe77e946b6b027ba34	carat/tables/qcatalog/dim6/dir.4-2;1;1/ordnung.48/(2)^6(6)^4/group.6208
work/ext6b/4-2s1__group.946__X01	d60e262d891a377d88c65028f6fd29eb	carat/tables/qcatalog/dim6/dir.4-2;1;1/ordnung.36/(1)^4(3)^4(18)^2/group.6178
work/ext6b/2-2s2-1s1__group.411__X10	d620b17652f35b6e21506ea67b2b0270	carat/tables/qcatalog/dim6/dir.2-2;2-1;1,1/ordnung.24/(1)^2(2)^3(6)^1(72)^1/group.1922
work/ext6b/2-2s1s1s1__group.395__X110	d62fd68a1450d2062bc17aeacf8cd910	carat/tables/qcatalog/dim6/dir.2-2;1;1;1;1/ordnung.24/(1)^4(4)^2(12)^2/group.1839
work/ext6b/4-1s1__group.852__C	d632ccce89f83843e0a4f9f24442a5dd	carat/tables/qcatalog/dim6/dir.4-1;1;1/ordnung.96/(1)^4(2)^6(6)^6(12)^2/group.4905
work/ext6b/2-1s2-1s1__group.298__T	d639c6397b5745cdfe0a945ed307cb73	carat/tables/qcatalog/dim6/dir.2-1;2-1;1,1/ordnung.32/(2)^4(4)^4(8)^1/group.1280
work/ext6b/2-2s2-2s1__group.577__X01	d6467088d3c98c135d204e444371706d	carat/tables/qcatalog/dim6/dir.2-2;2-2;1,1/ordnung.36/(1)^2(3)^4(6)^1/group.2742
work/ext6b/4-2s1__group.958__X101	d64ec1d9addb8436aafcea3ed178ba34	carat/tables/qcatalog/dim6/dir.4-2;1;1/ordnung.48/(2)^10(6)^8/group.6189
work/ext6b/2-2s2-1s1__group.445__X01	d654e66a04505fa2cefa9e4d23d8abf4	carat/tables/qcatalog/dim6/dir.2-2;2-1;1;1/ordnung.24/(1)^4(2)^4(24)^2/min.381
work/ext6b/3s1c1__group.639__C	d656babdc74a7a99aa91c31f3d29e75b	carat/tables/qcatalog/dim6/dir.3;1,1;1/ordnung.48/(1)^4(2)^2(4)^4(8)^1/group.3807
work/ext6b/4-1s1__group.868__X110	d684859edac2526cd7c35df55a40706a	carat/tables/qcatalog/dim6/dir.4-1;1;1/ordnung.64/(2)^8(4)^8(8)^2/group.4876
work/ext6b/2-1c2-1s1__min.77__X10	d685812f7b418ce309242992922d1fc9	carat/tables/qcatalog/dim6/dir.2-1,2-1;1,1/ordnung.8/(2)^1(4)^2(8)^2/min.209
work/ext6b/2-1s2-1s1__group.305__X110	d68c8200ab8106fbba02c04dd102ecd5	carat/tables/qcatalog/dim6/dir.2-1;2-1;1;1/ordnung.32/(2)^4(4)^4(8)^2/group.1403
work/ext6b/4-2ps1__group.898__X11	d69c8d323a5f8ba5d42a0b4d8c33f847	carat/tables/qcatalog/dim6/dir.4-2';1,1/ordnung.24/(2)^5(6)^4/group.5856
work/ext6b/4-1s1__group.770__X011	d6c71699087964d93ce21765844c7bf3	carat/tables/qcatalog/dim6/dir.4-1;1;1/ordnung.128/(2)^12(4)^4(8)^2/group.4594
work/ext6b/2-2s2-2s1__group.542__X01	d6db51003324071be9862d3282d4f60d	carat/tables/qcatalog/dim6/dir.2-2;2-2;1;1/ordnung.18/(1)^2(3)^3(9)^1(18)^2/min.411
work/ext6b/2-2s2-2s1__group.606__X011	d6e2a62d7801b23de6d644337372c693	carat/tables/qcatalog/dim6/dir.2-2;2-2;1;1/ordnung.72/(1)^5(3)^1(6)^2/group.3098
work/ext6b/2-2s2-2s1__group.533__X0100	d6e6b2abbd0612c514d2562da4bb6337	carat/tables/qcatalog/dim6/dir.2-2;2-2;1;1/ordnung.144/(1)^6(3)^2(6)^2/group.2910
work/ext6b/3s2-2__group.750__T	d6f17f8099c553f0b8b0c6acd74dafba	carat/tables/qcatalog/dim6/dir.3;2-2;1/ordnung.72/(1)^4(2)^1(4)^6(24)^1/group.4311
work/ext6b/4-1s1__group.829__X0010	d6ff5af855f472fb3adb2a5c837866d9	carat/tables/qcatalog/dim6/dir.4-1;1,1/ordnung.32/(2)^1(4)^6(8)^2/group.4511
work/ext6b/2-2s2-1s1__group.515__X1111	d7029a1e8e0fc865abcef1b29ade92ff	carat/tables/qcatalog/dim6/dir.2-2;2-1;1;1/ordnung.96/(1)^4(2)^4(24)^2/group.2424
work/ext6b/4-1s1__group.817__X0001	d71aa9b524e81da4a6aa4ab91804749a	carat/tables/qcatalog/dim6/dir.4-1;1;1/ordnung.32/(2)^2(4)^12(8)^4/group.4716
work/ext6b/1c1s1c1s1__group.210__T	d75175d52f918346e44c2c267bbd4914	carat/tables/qcatalog/dim6/dir.1,1;1,1;1;1/ordnung.8/(2)^2(8)^2/group.1061
work/ext6b/2-2s2-2s1__group.628__X101	d75342bde6c5baf502e195481be8d58b	carat/tables/qcatalog/dim6/dir.2-2;2-2;1;1/ordnung.72/(1)^6(3)^2(6)^2/group.3160
work/ext6b/2-2s1c1s1__group.363__C	d75617885bf29b7c3875423a442715de	carat/tables/qcatalog/dim6/dir.2-2;1,1;1;1/ordnung.48/(1)^3(3)^1(6)^2(24)^1/group.1791
work/ext6b/2-2s2-1s1__group.435__C	d75f3576f47182266e6dd37978fd349c	carat/tables/qcatalog/dim6/dir.2-2;2-1;1;1/ordnung.48/(1)^4(2)^2(12)^2/group.2169
work/ext6b/2-1s2-1s1__group.299__X110	d76435dce4f5a96b23fd62267feac42d	carat/tables/qcatalog/dim6/dir.2-1;2-1;1;1/ordnung.32/(2)^4(4)^4(8)^2/group.1417
work/ext6b/4-2s1__group.963__X100	d76c9a8cf1e2c8d33db24055aa203dd5	carat/tables/qcatalog/dim6/dir.4-2;1,1/ordnung.72/(1)^3(3)^4(9)^1(18)^1/group.5977
work/ext6b/3s2-2__group.755__X10	d76cb3060cc1538c5c52d3ef8cce2896	carat/tables/qcatalog/dim6/dir.3;2-2;1/ordnung.72/(1)^6(2)^2(4)^3(12)^2(36)^1/group.4328
work/ext6b/3s2-1__min.139__X10	d77145c3e2280047e3496bef311e053d	carat/tables/qcatalog/dim6/dir.3;2-1;1/ordnung.48/(1)^4(4)^8/min.462
work/ext6b/2-2s2-2s1__group.534__X1101	d78a7366cb4866b7796066433a5720a5	carat/tables/qcatalog/dim6/dir.2-2;2-2;1,1/ordnung.144/(1)^5(3)^3(6)^1/group.2712
work/ext6b/4-2s1__group.914__X011	d79e5807131976e5140eecab6e03dc4b	carat/tables/qcatalog/dim6/dir.4-2;1;1/ordnung.144/(1)^8(3)^8(18)^2/group.6076
work/ext6b/3s2-2__group.707__X10	d7baee9321d7ed0e1b0cbfa662a3d370	carat/tables/qcatalog/dim6/dir.3;2-2;1/ordnung.144/(1)^6(2)^2(4)^1(12)^3/group.4070
work/ext6b/2-1s2-1s1__group.290__X101	d7c2246611b0954fa829ef9ecbe70af1	carat/tables/qcatalog/dim6/dir.2-1;2-1;1;1/ordnung.32/(2)^4(4)^2(8)^2/group.1369
work/ext6b/2-2s1s1s1__group.397__C	d7ff9bb7c28116fb65e8a9132335a051	carat/tables/qcatalog/dim6/dir.2-2;1;1;1;1/ordnung.96/(1)^2(2)^2(4)^1(12)^1/group.1890
work/ext6b/2-2s2-2s1__group.531__X0011	d81f2d896e8fdfbdae72f14b1982c633	carat/tables/qcatalog/dim6/dir.2-2;2-2;1;1/ordnung.144/(1)^6(3)^2(6)^2/group.2884
work/ext6b/2-1s2-1s1__group.291__X001	d826d24c531a137d62e722c37c470df7	carat/tables/qcatalog/dim6/dir.2-1;2-1;1;1/ordnung.32/(2)^4(4)^2(8)^2/group.1359
work/ext6b/4-2s1__group.974__T	d839465ed03bf7dfbb321ecc9ad90eb1	carat/tables/qcatalog/dim6/dir.4-2;1,1/ordnung.72/(1)^5(3)^8(9)^3(18)^1/group.5990
work/ext6b/2-1s1s1s1__group.258__C	d858250c705a0aa3b80baf1ffcf85f55	carat/tables/qcatalog/dim6/dir.2-1;1;1;1;1/ordnung.32/(2)^4(4)^2(8)^2/group.1219
work/ext6b/3s2-2__group.734__X101	d87114f6b7ce353766fd458db78e7a9d	carat/tables/qcatalog/dim6/dir.3;2-2;1/ordnung.288/(1)^8(2)^2(4)^2(12)^2/group.4226
work/ext6b/2-2s2-1s1__group.408__X01101	d8774522c8c8c5442f8474bb38df0aaa	carat/tables/qcatalog/dim6/dir.2-2;2-1;1;1/ordnung.192/(1)^4(2)^4(12)^2/group.2035
work/ext6b/2-2s2-1s1__group.508__X0001	d88a1875f9001fd3970ce81d042d4d99	carat/tables/qcatalog/dim6/dir.2-2;2-1;1,1/ordnung.96/(1)^4(2)^3(6)^1(24)^1/group.2015
work/ext6b/2-2s2-2s1__group.525__X10	d88a6a17c18ece5bfab2e5d372673929	carat/tables/qcatalog/dim6/dir.2-2;2-2;1,1/ordnung.12/(2)^3(6)^6/group.2704
work/ext6b/3s1s1__group.667__X101	d897c9eead3148e686ee734bc0379ea0	carat/tables/qcatalog/dim6/dir.3;1;1;1/ordnung.96/(1)^4(2)^2(4)^4(8)^2/group.3856
work/ext6b/2-2s1s1s1__group.390__T	d89b6bbc7856582455ca191c9ad4f9f6	carat/tables/qcatalog/dim6/dir.2-2;1;1;1;1/ordnung.24/(1)^4(2)^2(12)^2/group.1830
work/ext6b/2-2s2-2s1__group.597__X010	d8b29ddfd8815f1d0ae55cc27c74c2c7	carat/tables/qcatalog/dim6/dir.2-2;2-2;1,1/ordnung.72/(1)^2(3)^4(6)^1/group.2776
work/ext6b/4-3s1__group.1007__T	d8b48a3167f9f609b938963bae59f0fb	carat/tables/qcatalog/dim6/dir.4-3;1;1/ordnung.120/(1)^11(5)^5(10)^1(50)^1/group.7193
work/ext6b/2-2s2-1s1__group.461__X011	d8c862e1e939b1aa65ab6f2be749ee90	carat/tables/qcatalog/dim6/dir.2-2;2-1;1;1/ordnung.48/(1)^4(2)^1(6)^1(12)^1(36)^1/group.2156
work/ext6b/2-2s2-1s1__group.429__T	d91c65aa480bfef64b39cb17b5207fc8	carat/tables/qcatalog/dim6/dir.2-2;2-1;1;1/ordnung.24/(1)^4(2)^1(6)^1(12)^1(36)^1/group.2078
work/ext6b/3s1s1__group.668__X111	d92e2c79d43a936888728631c36c7c72	carat/tables/qcatalog/dim6/dir.3;1;1;1/ordnung.96/(1)^4(2)^2(4)^6/group.3866
work/ext6b/2-2s2-2s1__group.537__X1010	d92f0ca380eb141315390d076973986d	carat/tables/qcatalog/dim6/dir.2-2;2-2;1;1/ordnung.144/(1)^6(3)^2(6)^2/group.2885
work/ext6b/2-2s2-2s1__group.598__X100	d934fb0e87cbcfe5847912b9e97c0ee3	carat/tables/qcatalog/dim6/dir.2-2;2-2;1;1/ordnung.72/(1)^2(3)^6(18)^2/group.3023
work/ext6b/3s1c1__group.635__C	d94a4142cf2cca831d3dbdaab23a0391	carat/tables/qcatalog/dim6/dir.3;1,1;1/ordnung.48/(1)^2(2)^2(4)^6(8)^1/group.3791
work/ext6b/4-1s1__group.883__X01	d94fa507b3925c7f51e8cec78ffdf0d9	carat/tables/qcatalog/dim6/dir.4-1;1,1/ordnung.96/(2)^5(4)^4/group.4571
work/ext6b/4-1s1__group.873__X001	d968df803a564fb454065d435e8ca222	carat/tables/qcatalog/dim6/dir.4-1;1;1/ordnung.64/(2)^8(4)^8(8)^2/group.4881
work/ext6b/2-1s2-1s1__group.281__T	d9b80c93a9c187cbb1703dce72412fb9	carat/tables/qcatalog/dim6/dir.2-1;2-1;1;1/ordnung.16/(2)^1(4)^4(8)^1/min.259
work/ext6b/2-2s2-2s1__group.596__X010	d9cd11e38dc2e99db0111f66a5a11b8f	carat/tables/qcatalog/dim6/dir.2-2;2-2;1,1/ordnung.72/(1)^3(3)^3(18)^1/group.2779
work/ext6b/2-2s2-1s1__group.478__X010	d9cfe1f89a63d0f9a9becc2abe528c63	carat/tables/qcatalog/dim6/dir.2-2;2-1;1,1/ordnung.48/(1)^4(2)^3(6)^1(24)^1/group.2000
work/ext6b/4-1s1__group.787__X010	d9d48594c68130cb772abe8bc3e21a8d	carat/tables/qcatalog/dim6/dir.4-1;1,1/ordnung.16/(2)^1(4)^6(8)^2/group.4472
work/ext6b/3s2-2__group.735__X011	d9eab26e0e5d67a3056e80abe9403bf1	carat/tables/qcatalog/dim6/dir.3;2-2;1/ordnung.288/(1)^8(2)^2(4)^2(12)^2/group.4229
work/ext6b/4-1s1__group.777__X1101	d9f01051e6e0433fb44e1c258c8b4901	carat/tables/qcatalog/dim6/dir.4-1;1;1/ordnung.128/(2)^8(4)^8(8)^2/group.4643
work/ext6b/2-2s2-1s1__group.442__T	da05c0c8cd3695dc319a88ecf1dbb732	carat/tables/qcatalog/dim6/dir.2-2;2-1;1,1/ordnung.24/(1)^4(2)^1(6)^3(24)^1/group.1948
work/ext6b/3s2-2__group.724__C	da09533d1b505fc5e27b96c29718808f	carat/tables/qcatalog/dim6/dir.3;2-2;1/ordnung.288/(1)^8(2)^2(4)^2(12)^2/group.4248
work/ext6b/2-2s2-2s1__group.631__X111	da1f7d4f640e9e6f3e71e67508902c0d	carat/tables/qcatalog/dim6/dir.2-2;2-2;1;1/ordnung.72/(1)^6(3)^2(6)^2/group.3158
work/ext6b/2-2s2-1s1__group.463__X100	da3de66c277017186a6907c1ac667036	carat/tables/qcatalog/dim6/dir.2-2;2-1;1;1/ordnung.48/(1)^4(2)^2(12)^2/group.2166
work/ext6b/2-2s2-2s1__group.534__X0011	da51a14da70827270fb64642b8c599f1	carat/tables/qcatalog/dim6/dir.2-2;2-2;1;1/ordnung.144/(1)^6(3)^2(6)^2/group.2908
work/ext6b/2-2s2-1s1__group.471__X100	da53b810bc96c1728afcfb18b2151398	carat/tables/qcatalog/dim6/dir.2-2;2-1;1;1/ordnung.48/(1)^4(2)^2(6)^2(72)^2/group.2182
work/ext6b/2-2s2-2s1__group.611__X100	da5bf5b8e3bf70bbc94a32beb5cca3b5	carat/tables/qcatalog/dim6/dir.2-2;2-2;1,1/ordnung.72/(1)^3(3)^5(6)^1/group.2786
work/ext6b/2-2s2-1s1__group.432__T	da676987d269cbda75422de0ab32b7b8	carat/tables/qcatalog/dim6/dir.2-2;2-1;1,1/ordnung.24/(1)^4(2)^1(6)^1(24)^1/group.1937
work/ext6b/3s2-2__group.739__T	da7a70406544a34b23df0d1ce3741fc9	carat/tables/qcatalog/dim6/dir.3;2-2;1/ordnung.288/(1)^8(2)^2(4)^2(12)^2/group.4243
work/ext6b/2-1s2-1s1__group.282__T	da8a66f282291d59f00a70ab14aab813	carat/tables/qcatalog/dim6/dir.2-1;2-1;1,1/ordnung.16/(2)^2(4)^2(8)^1/group.1264
work/ext6b/2-2s2-1s1__group.511__X0001	da97d262884c0397b5a62a071aa3cd79	carat/tables/qcatalog/dim6/dir.2-2;2-1;1;1/ordnung.96/(1)^4(2)^4(24)^2/group.2441
work/ext6b/4-1s1__group.821__X01	dabdd97252f6f6fcc2c5c3fc161ff6c2	carat/tables/qcatalog/dim6/dir.4-1;1;1/ordnung.32/(2)^2(4)^12(8)^4/group.4726
work/ext6b/2-2s2-1s1__group.443__C	dac3bc049e65276ef95a00bdfd78704c	carat/tables/qcatalog/dim6/dir.2-2;2-1;1;1/ordnung.48/(1)^4(2)^3(6)^1(12)^1(36)^1/group.2203
work/ext6b/4-2s1__group.937__X010	dad3f96b1bf4915a063795ea488c94c0	carat/tables/qcatalog/dim6/dir.4-2;1;1/ordnung.288/(1)^10(3)^6(6)^2/group.6119
work/ext6b/2-2s2-2s1__group.596__X011	dad6fd80fca6fc7f4e67e6f5e74a85cd	carat/tables/qcatalog/dim6/dir.2-2;2-2;1;1/ordnung.72/(1)^3(3)^3(6)^2/group.3031
work/ext6b/2-2s2-1s1__group.492__C	dadb5d11f24110110fa283681c7f564b	carat/tables/qcatalog/dim6/dir.2-2;2-1;1;1/ordnung.96/(1)^4(2)^4(12)^2/group.2415
work/ext6b/4-1s1__group.810__C	dadc5ac332fa3c68eb5bf844091be252	carat/tables/qcatalog/dim6/dir.4-1;1;1/ordnung.512/(2)^12(4)^6/group.4815
work/ext6b/4-2s1__group.990__T	dae51f93b39cfe6d03a82cee6b0e65bb	carat/tables/qcatalog/dim6/dir.4-2;1,1/ordnung.72/(1)^7(3)^8(9)^1(18)^1/group.6002
work/ext6b/4-2s1__group.976__X001	dae87cb8dbb6654d2e5cfb53c9127513	carat/tables/qcatalog/dim6/dir.4-2;1;1/ordnung.72/(1)^6(3)^8(9)^2(18)^2/group.6278
work/ext6b/4-2s1__group.980__X101	daee6811bda2dfb44d34cccdc2cbc212	carat/tables/qcatalog/dim6/dir.4-2;1,1/ordnung.72/(1)^5(3)^8(9)^3(18)^1/group.5998
work/ext6b/2-2s1c1s1__group.373__C	db06ef148766d7bb5a51c21bda671871	carat/tables/qcatalog/dim6/dir.2-2;1,1;1;1/ordnung.96/(1)^4(2)^1(6)^1(24)^1/group.1805
work/ext6b/2-1s1s1s1__group.262__C	db15c51d65fad01d2302d4a13d3abecf	carat/tables/qcatalog/dim6/dir.2-1;1;1;1;1/ordnung.32/(2)^2(4)^4/group.1214
work/ext6b/2-1s2-1s1__group.288__X101	db2051b2b7282b61e0acadef823cd9b3	carat/tables/qcatalog/dim6/dir.2-1;2-1;1;1/ordnung.32/(2)^4(8)^4/group.1429
work/ext6b/2-1c2-1s1__group.223__X010	db5697be480421bd4dd648c96572369f	carat/tables/qcatalog/dim6/dir.2-1,2-1;1,1/ordnung.16/(2)^1(4)^2(8)^2/group.1089
work/ext6b/2-1s1c1s1__min.84__X10	db5f2d5b40f30106b843ece55fe6d1e4	carat/tables/qcatalog/dim6/dir.2-1;1,1;1,1/ordnung.8/(2)^4(16)^2/min.226
work/ext6b/2-2s2-1s1__group.514__X0101	db642f6b2c4d4675e8d4a75da2a33977	carat/tables/qcatalog/dim6/dir.2-2;2-1;1;1/ordnung.96/(1)^4(2)^4(12)^2/group.2385
work/ext6b/3s2-2__group.723__X010	db7204d4368dde7261870e339f9a65c8	carat/tables/qcatalog/dim6/dir.3;2-2;1/ordnung.144/(1)^8(2)^2(4)^2(12)^2/group.4150
work/ext6b/2-2c2-2s1__group.331__C	db7ca23675a580823f26350236299c0c	carat/tables/qcatalog/dim6/dir.2-2,2-2;1;1/ordnung.24/(2)^4(6)^2/group.1649
work/ext6b/2-2s2-2s1__group.575__X11	db826f94c92c6bc79c31098788078b9d	carat/tables/qcatalog/dim6/dir.2-2;2-2;1;1/ordnung.36/(1)^4(3)^2(6)^1(18)^1/group.2993
work/ext6b/2-2s2-1s1__group.486__X101	db8d6ebdd97cb27087114e8ea882331e	carat/tables/qcatalog/dim6/dir.2-2;2-1;1;1/ordnung.48/(1)^4(2)^4(12)^2/group.2246
work/ext6b/2-1s1s1s1__group.248__X001	db8f93396de97e01d7c416b3d36bfc17	carat/tables/qcatalog/dim6/dir.2-1;1;1;1;1/ordnung.16/(2)^4(4)^2(16)^2/group.1201
work/ext6b/2-2s2-1s1__group.500__X010	db977a76113ba97172a40d7b2402889f	carat/tables/qcatalog/dim6/dir.2-2;2-1;1;1/ordnung.48/(1)^4(2)^4(24)^2/group.2283
work/ext6b/4-2s1__group.958__X111	dbe01655b5a09612ee462a6b71804060	carat/tables/qcatalog/dim6/dir.4-2;1;1/ordnung.48/(2)^10(6)^8/group.6193
work/ext6b/2-2s2-1s1__group.479__T	dbe07bb08c902f2fbae9bfb8712a8f65	carat/tables/qcatalog/dim6/dir.2-2;2-1;1;1/ordnung.48/(1)^4(2)^4(24)^2/group.2275
work/ext6b/2-1s1s1s1__group.267__X1110	dbe250f9bde128d37484d3f6bad9be15	carat/tables/qcatalog/dim6/dir.2-1;1;1;1;1/ordnung.32/(2)^4(4)^2(8)^2/group.1239
work/ext6b/2-2s2-1s1__group.454__X100	dc06851ebb83e42863d21f28b840a316	carat/tables/qcatalog/dim6/dir.2-2;2-1;1,1/ordnung.48/(1)^2(2)^4(24)^1/group.1961
work/ext6b/2-1s2-1s1__group.303__X011	dc22cf4916b63adbcf555a2e1146dd9d	carat/tables/qcatalog/dim6/dir.2-1;2-1;1;1/ordnung.32/(2)^4(4)^4(8)^2/group.1422
work/ext6b/3s2-1__min.136__X01	dc53bc73b751fe35296b676424ae1bbf	carat/tables/qcatalog/dim6/dir.3;2-1;1/ordnung.48/(1)^2(4)^10/min.458
work/ext6b/3s2-2__group.704__X11	dc6570ba98305d8470e61621a67465be	carat/tables/qcatalog/dim6/dir.3;2-2;1/ordnung.144/(1)^6(2)^2(4)^3(12)^1/group.4078
work/ext6b/2-2s1c1c1__group.339__X111	dc6fc4908f587df69730209d19dba8dc	carat/tables/qcatalog/dim6/dir.2-2;1,1,1;1/ordnung.24/(1)^3(3)^1(6)^2/group.1719
work/ext6b/2-1s2-1s1__group.314__X100	dc738af30005e70d75f07ea6d5808237	carat/tables/qcatalog/dim6/dir.2-1;2-1;1;1/ordnung.32/(2)^2(4)^6(8)^2/group.1353
work/ext6b/2-2s1c1s1__group.356__X10	dc8719451bacaed337be5b67e9acafd1	carat/tables/qcatalog/dim6/dir.2-2;1,1;1;1/ordnung.12/(1)^3(3)^1(6)^1(18)^1(72)^1/min.335
work/ext6b/4-1s1__group.773__X111	dc9f9f7597e165f57da0704dfa9c9e0b	carat/tables/qcatalog/dim6/dir.4-1;1,1/ordnung.128/(2)^12(4)^4(8)^1/group.4457
work/ext6b/2-2s2-1s1__group.513__X1100	dca676fcc1070c05d48ac9ae5395c677	carat/tables/qcatalog/dim6/dir.2-2;2-1;1;1/ordnung.96/(1)^4(2)^4(24)^2/group.2432
work/ext6b/2-2s2-2s1__group.535__X0010	dcd5479226c3ed85aca80709f08ec5df	carat/tables/qcatalog/dim6/dir.2-2;2-2;1;1/ordnung.144/(1)^6(3)^2(6)^2/group.2900
work/ext6b/2-2s2-1s1__group.500__C	dcd9fbc88d1a7647e44ffa282c3319e1	carat/tables/qcatalog/dim6/dir.2-2;2-1;1;1/ordnung.96/(1)^4(2)^4(12)^2/group.2375
work/ext6b/2-1s1c1s1__group.236__X101	dce320e995f85511d1d5e0adb2689ce3	carat/tables/qcatalog/dim6/dir.2-1;1,1;1;1/ordnung.16/(2)^4(4)^2(32)^1/group.1158
work/ext6b/2-2s2-1s1__group.452__X100	dce9b715c0dd35e6f465c638e325b0d8	carat/tables/qcatalog/dim6/dir.2-2;2-1;1;1/ordnung.48/(1)^2(2)^4(4)^1(12)^1/group.2123
work/ext6b/2-1s1c1s1__group.243__T	dceec910c9f500cc6e8c25dcf92eb2ce	carat/tables/qcatalog/dim6/dir.2-1;1,1;1;1/ordnung.8/(2)^2(4)^2(32)^1/min.231
work/ext6b/3s1c1__group.641__X11	dcef4d0cc1d2c8ab5ea0647cd9344eb1	carat/tables/qcatalog/dim6/dir.3;1,1;1/ordnung.48/(1)^2(2)^2(4)^6(8)^1/group.3793
work/ext6b/4-1s1__group.772__X100	dcf9a91af48e683d96467cfaad8e05ab	carat/tables/qcatalog/dim6/dir.4-1;1,1/ordnung.128/(2)^12(4)^4(8)^1/group.4459
work/ext6b/2-2s2-1s1__group.470__T	dcfa4dc406774912ecb8ae0f64f95960	carat/tables/qcatalog/dim6/dir.2-2;2-1;1;1/ordnung.48/(1)^4(2)^3(6)^1(12)^1(36)^1/group.2210
work/ext6b/2-1s1s1s1__group.251__X010	dd1c4e0c9e99997b31275303319f0571	carat/tables/qcatalog/dim6/dir.2-1;1;1;1;1/ordnung.16/(2)^4(8)^4/group.1207
work/ext6b/4-2s1__group.911__X10	dd284817e54de0e3d3a993dcc7b0317d	carat/tables/qcatalog/dim6/dir.4-2;1,1/ordnung.144/(1)^7(3)^8(9)^1(18)^1/group.5918
work/ext6b/1c1c1s1s1__group.209__X101	dd4a7ecc7ed2e66c1278b7ba3dcd8436	carat/tables/qcatalog/dim6/dir.1,1,1;1;1;1/ordnung.8/(2)^1(4)^2(24)^1/group.1050
work/ext6b/2-2s2-2s1__group.530__X0111	dd54f8e393a2bf2db5d10cef697b064f	carat/tables/qcatalog/dim6/dir.2-2;2-2;1;1/ordnung.144/(1)^5(3)^3(6)^1(18)^1/group.2868
work/ext6b/1c1s1s1s1__group.211__C	dd6f9e85ae08cd17b9c4d5d0ed1ca995	carat/tables/qcatalog/dim6/dir.1,1;1;1;1;1/ordnung.32/(2)^2(4)^2(8)^1/group.1069
work/ext6b/5-2__group.1036__X11	dd71b6e0b8094590386032987cffa8fa	carat/tables/qcatalog/dim6/dir.5-2;1/ordnung.120/(1)^16(2)^2(6)^8/group.7387
work/ext6b/2-2s2-1s1__group.509__X0011	dd765b9a3327d37f761b0f80702b5631	carat/tables/qcatalog/dim6/dir.2-2;2-1;1;1/ordnung.96/(1)^4(2)^4(12)^2/group.2363
work/ext6b/3s2-2__group.733__X001	dd9bc0d0677f46a1b3c41ed7b0b26fdb	carat/tables/qcatalog/dim6/dir.3;2-2;1/ordnung.288/(1)^8(2)^1(4)^3(12)^1(24)^1/group.4192
work/ext6b/4-2s1__group.937__C	dddd5c131834bccade5568b06986f8e8	carat/tables/qcatalog/dim6/dir.4-2;1;1/ordnung.576/(1)^10(3)^6(6)^2/group.6229
work/ext6b/3s2-1__min.137__T	ddde88223afdd9c5c1deb1f26bbc5a0f	carat/tables/qcatalog/dim6/dir.3;2-1;1/ordnung.48/(1)^2(4)^10/min.457
work/ext6b/4-2s1__group.969__X10	ddecd86767dc3900bb6ad7bb87845466	carat/tables/qcatalog/dim6/dir.4-2;1,1/ordnung.72/(1)^5(3)^3(6)^1/group.5984
work/ext6b/2-1s2-1s1__group.306__X011	ddfdb73f3b2eeb09df38ff713ee6b47b	carat/tables/qcatalog/dim6/dir.2-1;2-1;1;1/ordnung.32/(2)^4(4)^4(8)^2/group.1411
work/ext6b/2-2s2-2s1__group.578__C	de00738b4e466ee52437478ec24f5e3b	carat/tables/qcatalog/dim6/dir.2-2;2-2;1;1/ordnung.72/(1)^4(3)^2(6)^1(18)^1/group.3055
work/ext6b/2-2s2-1s1__group.496__T	de119a2ededa062788c6e05aaa58facd	carat/tables/qcatalog/dim6/dir.2-2;2-1;1;1/ordnung.48/(1)^4(2)^4(12)^2/group.2244
work/ext6b/4-1s1__group.810__X1111	de4ca9442c9e105b85028cc013a74f99	carat/tables/qcatalog/dim6/dir.4-1;1;1/ordnung.256/(2)^12(4)^4(8)^2/group.4699
work/ext6b/3s1c1__group.638__X01	de58f643d8b8f4340ee63fa419a37fa2	carat/tables/qcatalog/dim6/dir.3;1,1,1/ordnung.24/(1)^4(4)^5(12)^1/group.3779
work/ext6b/2-2s2-1s1__group.437__X01	de7b27b48759ca083fb0b03be7c92d12	carat/tables/qcatalog/dim6/dir.2-2;2-1;1;1/ordnung.24/(1)^4(2)^3(6)^1(24)^1(72)^1/min.377
work/ext6b/4-1s1__group.859__X110	de81c59962beadb294989b217596a6f8	carat/tables/qcatalog/dim6/dir.4-1;1;1/ordnung.64/(2)^4(4)^4(8)^2/group.4851
work/ext6b/5-1__group.1026__X01	de8c4dae9276548ef91d3f44868c1840	carat/tables/qcatalog/dim6/dir.5-1;1/ordnung.160/(1)^8(2)^2(4)^16/group.7349
work/ext6b/4-3s1__group.1014__X10	de9a1571584df7a50e120f6ae6944eaf	carat/tables/qcatalog/dim6/dir.4-3;1,1/ordnung.240/(1)^11(5)^5(10)^1/group.7182
work/ext6b/2-2s2-1s1__group.483__T	deb1217d00aeacb73f3dd1d5e098696d	carat/tables/qcatalog/dim6/dir.2-2;2-1;1;1/ordnung.48/(1)^4(2)^4(24)^2/group.2291
work/ext6b/4-1s1__group.819__X0001	dec1a5cd79f92544b777bcf35a290432	carat/tables/qcatalog/dim6/dir.4-1;1;1/ordnung.32/(2)^2(4)^12(8)^4/group.4720
work/ext6b/2-2s2-2s1__group.610__X001	ded1f81f86fc12cbfdc7c7065fc4d4b1	carat/tables/qcatalog/dim6/dir.2-2;2-2;1,1/ordnung.72/(1)^3(3)^5(6)^1/group.2784
work/ext6b/2-1s1s1s1__group.249__C	df00f9c82c2a2949c2e3b16f2d02003b	carat/tables/qcatalog/dim6/dir.2-1;1;1;1;1/ordnung.32/(2)^4(4)^2(8)^2/group.1222
work/ext6b/2-1s2-1s1__group.292__X011	df1ab5015bd5df7d024ae07f96a1b71f	carat/tables/qcatalog/dim6/dir.2-1;2-1;1;1/ordnung.32/(2)^4(4)^2(8)^2/group.1376
work/ext6b/3s2-2__group.758__T	df2df65d88e8eae97872c42fe9e7193f	carat/tables/qcatalog/dim6/dir.3;2-2;1/ordnung.72/(1)^8(2)^1(4)^2(12)^2(72)^1/group.4329
work/ext6b/2-2s2-1s1__group.475__T	df49cf033ca0b0b73caf136c3bec6535	carat/tables/qcatalog/dim6/dir.2-2;2-1;1;1/ordnung.48/(1)^4(2)^3(6)^1(12)^1(36)^1/group.2197
work/ext6b/2-2s2-1s1__group.453__X111	df74e987f0453dac5b2a8524004bfcf2	carat/tables/qcatalog/dim6/dir.2-2;2-1;1,1/ordnung.48/(1)^2(2)^4(24)^1/group.1965
work/ext6b/4-2s1__group.904__X101	df7728645cbd7de7c2d06361e519a8c1	carat/tables/qcatalog/dim6/dir.4-2;1;1/ordnung.144/(1)^6(3)^8(9)^2(18)^2/group.6056
work/ext6b/3s2-1__group.676__T	dfbb75891a86bbe909edc38573600173	carat/tables/qcatalog/dim6/dir.3;2-1;1/ordnung.192/(1)^2(2)^4(4)^8/group.3889
work/ext6b/3s2-2__group.724__X001	dfcb5f7c5e19ecfe5e44426c294b72c4	carat/tables/qcatalog/dim6/dir.3;2-2;1/ordnung.144/(1)^8(2)^2(4)^1(12)^2(36)^1/group.4121
work/ext6b/4-2s1__group.962__C	dfdfc7b353990dc3f0fa86740e4cbf25	carat/tables/qcatalog/dim6/dir.4-2;1;1/ordnung.96/(2)^10(6)^8/group.6305
work/ext6b/4-1s1__group.822__X10	dfe459b0edcafdbeacba142949e565b8	carat/tables/qcatalog/dim6/dir.4-1;1,1/ordnung.32/(2)^1(4)^14(8)^2/group.4504
work/ext6b/4-2s1__group.906__C	dff7b01afa49cfc237c980ed82443d1c	carat/tables/qcatalog/dim6/dir.4-2;1;1/ordnung.288/(1)^8(3)^8(18)^2/group.6161
work/ext6b/4-1s1__group.845__C	e02c8ed2c10d4efd2bbcdb01bae2d68b	carat/tables/qcatalog/dim6/dir.4-1;1;1/ordnung.96/(2)^6(6)^4/group.4929
work/ext6b/2-2s2-1s1__group.468__X110	e0307d2bf02c67dce7cf8e7d7c5bf21a	carat/tables/qcatalog/dim6/dir.2-2;2-1;1;1/ordnung.48/(1)^4(2)^2(12)^2/group.2173
work/ext6b/3s2-2__group.718__X11	e0432769ec9b309a9b12fb7a5202d28c	carat/tables/qcatalog/dim6/dir.3;2-2;1/ordnung.144/(1)^8(2)^2(4)^1(12)^2(36)^1/group.4123
work/ext6b/4-2s1__group.914__C	e0621e1d9954a45e86c0403335008028	carat/tables/qcatalog/dim6/dir.4-2;1;1/ordnung.288/(1)^8(3)^8(18)^2/group.6159
work/ext6b/2-2s2-2s1__group.609__X101	e064308d7a15ff23c68625538b545b05	carat/tables/qcatalog/dim6/dir.2-2;2-2;1,1/ordnung.72/(1)^4(3)^2(6)^1/group.2793
work/ext6b/3s1c1__group.648__X001	e069eea6c130afd8ac48e7d0c39a6ca6	carat/tables/qcatalog/dim6/dir.3;1,1,1/ordnung.96/(1)^4(2)^2(4)^3(12)^1/group.3787
work/ext6b/3s1c1__group.640__X01	e072ea6e30798cd49183d82446c50902	carat/tables/qcatalog/dim6/dir.3;1,1,1/ordnung.24/(1)^4(2)^2(4)^3(12)^1/group.3777
work/ext6b/2-2s2-1s1__group.481__X111	e07ae50dff2ad3931c67b0becfb95411	carat/tables/qcatalog/dim6/dir.2-2;2-1;1;1/ordnung.48/(1)^4(2)^4(12)^2/group.2233
work/ext6b/2-1s2-1s1__group.290__C	e087fcde94e6fb985766f2b68c809e46	carat/tables/qcatalog/dim6/dir.2-1;2-1;1;1/ordnung.64/(2)^4(4)^4/group.1447
work/ext6b/4-2s1__group.918__X10	e08c84527a168ed16897cb54cba763c7	carat/tables/qcatalog/dim6/dir.4-2;1;1/ordnung.144/(1)^10(3)^6(6)^2/group.6008
work/ext6b/2-1s1s1s1__group.267__C	e0b871a4f7b9b4568b096a061470657c	carat/tables/qcatalog/dim6/dir.2-1;1;1;1;1/ordnung.64/(2)^4(4)^4/group.1256
work/ext6b/4-2s1__min.162__T	e0bc69a007835f93796cd7e4c7a46e09	carat/tables/qcatalog/dim6/dir.4-2;1,1/ordnung.36/(1)^3(3)^10(9)^3(18)^1/min.572
work/ext6b/5-1__group.1032__X01	e0bcf8a6f672819e91460e06bfad984c	carat/tables/qcatalog/dim6/dir.5-1;1/ordnung.320/(1)^8(2)^1(4)^16(8)^1/group.7363
work/ext6b/4-2s1__group.945__X10	e0ce7c976d6a619f7e8dfa3de9587631	carat/tables/qcatalog/dim6/dir.4-2;1,1/ordnung.36/(1)^2(3)^4(9)^2(18)^1/group.5955
work/ext6b/2-1s1s1s1__group.265__X1010	e0d0929cacf524bf77e10e4ca603f121	carat/tables/qcatalog/dim6/dir.2-1;1;1;1;1/ordnung.32/(2)^4(4)^2(8)^2/group.1217
work/ext6b/2-2s2-1s1__group.507__X0011	e0d43281ae25332f430df1fafb68e8f1	carat/tables/qcatalog/dim6/dir.2-2;2-1;1;1/ordnung.96/(1)^4(2)^3(6)^1(12)^1(36)^1/group.2339
work/ext6b/4-1s1__group.778__X011	e0df765d143fb2e382a2d4acf0a27a45	carat/tables/qcatalog/dim6/dir.4-1;1;1/ordnung.128/(2)^8(4)^10/group.4626
work/ext6b/4-1ps1__group.760__C	e0fef356bd5da6359764fb349beb7a47	carat/tables/qcatalog/dim6/dir.4-1';1;1/ordnung.32/(2)^2(4)^2(8)^2/group.4411
work/ext6b/2-2s2-2s1__group.616__X111	e10600c3582ac061c1d8e05b493ab327	carat/tables/qcatalog/dim6/dir.2-2;2-2;1;1/ordnung.72/(1)^5(3)^3(6)^1(18)^1/group.3107
work/ext6b/4-3ps1__group.1000__X11	e10c638bc750793468ff0329f55910ae	carat/tables/qcatalog/dim6/dir.4-3';1,1/ordnung.20/(1)^2(5)^6(50)^1/group.7097
work/ext6b/2-2s2-1s1__group.451__X011	e10dd5611b687a6e8c1e6ed1f49ca988	carat/tables/qcatalog/dim6/dir.2-2;2-1;1;1/ordnung.48/(1)^2(2)^3(6)^1(12)^2/group.2113
work/ext6b/1c1c1s1c1__group.208__X10	e1173c0dc8ef87da25d06c0037f9aa58	carat/tables/qcatalog/dim6/dir.1,1,1;1,1;1/ordnung.4/(2)^2(24)^1/min.180
work/ext6b/3s2-2__group.709__T	e12324ad8f710f0e62e8e64a35e38fa8	carat/tables/qcatalog/dim6/dir.3;2-2;1/ordnung.144/(1)^6(2)^2(4)^3(12)^1/group.4075
work/ext6b/4-2s1__min.160__X11	e12836726b7bb607a312d3e620a27019	carat/tables/qcatalog/dim6/dir.4-2;1;1/ordnung.24/(2)^6(6)^4/min.578
work/ext6b/5-2__group.1038__T	e1301e9bb9fab30cb6160ca2d1ed555a	carat/tables/qcatalog/dim6/dir.5-2;1/ordnung.240/(1)^16(2)^2(6)^8/group.7401
work/ext6b/3s2-1__group.698__X01	e1557c712f35afe65b222a73360049a8	carat/tables/qcatalog/dim6/dir.3;2-1;1/ordnung.96/(1)^4(2)^2(4)^6/group.4013
work/ext6b/3s2-2__group.710__T	e15e47ed8ee4edb845b26e4155b41422	carat/tables/qcatalog/dim6/dir.3;2-2;1/ordnung.144/(1)^6(2)^2(4)^4(12)^2/group.4101
work/ext6b/4-1s1__group.770__X110	e1645b3a47f5b369a9c02b7966e66b9b	carat/tables/qcatalog/dim6/dir.4-1;1;1/ordnung.128/(2)^12(4)^4(8)^2/group.4608
work/ext6b/3s1s1__group.657__C	e171d80b12c21762df5d0b23ea55200c	carat/tables/qcatalog/dim6/dir.3;1;1;1/ordnung.96/(1)^4(2)^2(4)^4(8)^2/group.3855
work/ext6b/4-2s1__group.910__C	e17edd7c1a85be263ef87846c09503c0	carat/tables/qcatalog/dim6/dir.4-2;1;1/ordnung.288/(1)^8(3)^8(18)^2/group.6166
work/ext6b/4-1s1__group.778__C	e193000c8cd863692172c596355cccff	carat/tables/qcatalog/dim6/dir.4-1;1;1/ordnung.256/(2)^8(4)^10/group.4709
work/ext6b/4-1s1__group.820__X10	e1bb385375b546ca997372bc68021a6c	carat/tables/qcatalog/dim6/dir.4-1;1,1/ordnung.32/(2)^1(4)^14(8)^2/group.4502
work/ext6b/4-1s1__group.795__C	e1bd037333abef874ebf791a089f9ecd	carat/tables/qcatalog/dim6/dir.4-1;1;1/ordnung.384/(2)^18/group.4791
work/ext6b/2-1s2-1s1__group.305__X010	e1c3fda45d5a5ae38905ff2b69887d61	carat/tables/qcatalog/dim6/dir.2-1;2-1;1,1/ordnung.32/(2)^4(4)^4(8)^1/group.1292
work/ext6b/2-1s2-1s1__group.303__T	e1de0291709fd7b3ef63317a50372551	carat/tables/qcatalog/dim6/dir.2-1;2-1;1,1/ordnung.32/(2)^4(4)^4(8)^1/group.1294
work/ext6b/2-2s2-2s1__group.597__X011	e1e16bb14550999366c9c1fc3c874ba9	carat/tables/qcatalog/dim6/dir.2-2;2-2;1;1/ordnung.72/(1)^3(3)^3(6)^2/group.3038
work/ext6b/2-2s2-2s1__group.614__X101	e1ff61cd072ec8b1d66ffa3cb542a62f	carat/tables/qcatalog/dim6/dir.2-2;2-2;1;1/ordnung.72/(1)^4(3)^4(18)^2/group.3066
work/ext6b/3s2-1__group.679__X100	e205decbe4b65f6875d18d30930d798a	carat/tables/qcatalog/dim6/dir.3;2-1;1/ordnung.192/(1)^4(2)^4(4)^4(8)^2/group.3913
work/ext6b/2-2c2-2s1__group.333__X010	e208966b4e326f049a44f08b68b541fa	carat/tables/qcatalog/dim6/dir.2-2,2-2;1,1/ordnung.24/(2)^3(6)^2/group.1640
work/ext6b/2-2s1s1s1__group.397__X1111	e21a633052763364dcc3a2db77769cf6	carat/tables/qcatalog/dim6/dir.2-2;1;1;1;1/ordnung.48/(1)^2(2)^2(4)^1(12)^1/group.1850
work/ext6b/1s1s1s1s1__group.217__X0011	e222b61d7785297f0e15b2564b23365d	carat/tables/qcatalog/dim6/dir.1;1;1;1;1;1/ordnung.16/(2)^2(4)^2(8)^2/group.1073
work/ext6b/4-2s1__group.926__C	e22caaa36e67dea0d4ad0498e4d026b6	carat/tables/qcatalog/dim6/dir.4-2;1;1/ordnung.48/(2)^4(6)^2/group.6202
work/ext6b/3s2-2__group.744__T	e230ba784c238f23f366cd0b9fd19609	carat/tables/qcatalog/dim6/dir.3;2-2;1/ordnung.48/(2)^10(4)^2(12)^2/group.4273
work/ext6b/2-2s2-2s1__group.527__X01	e23a6d2f6b3d4493e9eab8027021cd29	carat/tables/qcatalog/dim6/dir.2-2;2-2;1;1/ordnung.12/(6)^6/group.2821
work/ext6b/4-1s1__group.775__C	e23d97293948cebd3a7536a0be6c77ab	carat/tables/qcatalog/dim6/dir.4-1;1;1/ordnung.256/(2)^12(4)^6/group.4706
work/ext6b/4-1s1__group.882__X100	e261467d97fc1c07c132bb60daefc67d	carat/tables/qcatalog/dim6/dir.4-1;1,1/ordnung.768/(1)^4(2)^12(8)^1/group.4568
work/ext6b/3s2-2__group.738__C	e26c4fddf097d32d8249dae5fbfde11f	carat/tables/qcatalog/dim6/dir.3;2-2;1/ordnung.576/(1)^8(2)^2(4)^2(12)^2/group.4303
work/ext6b/4-2s1__group.937__X100	e27ffeee1f807e5851ff54a7c7c623ae	carat/tables/qcatalog/dim6/dir.4-2;1;1/ordnung.288/(1)^10(3)^6(6)^2/group.6118
work/ext6b/2-1s2-1s1__min.96__X10	e28e93576830788fa18daac83ff79f0d	carat/tables/qcatalog/dim6/dir.2-1;2-1;1;1/ordnung.16/(2)^2(4)^4(8)^4/min.264
work/ext6b/4-2ps1__group.896__T	e2a898facdbd7eaf9c8ff1973bcd0aad	carat/tables/qcatalog/dim6/dir.4-2';1;1/ordnung.24/(2)^6(6)^4/min.557
work/ext6b/4-2s1__group.956__X100	e2af5f366c5118fa348d774602dde70c	carat/tables/qcatalog/dim6/dir.4-2;1,1/ordnung.48/(2)^5(6)^4/group.5965
work/ext6b/4-2s1__group.988__X10	e2c17bdf2b916d831aa2da6b4bce7981	carat/tables/qcatalog/dim6/dir.4-2;1,1/ordnung.72/(1)^5(3)^10(9)^1(18)^1/group.5978
work/ext6b/3s1c1__group.645__C	e2e69ee33024fad09a5736fdfdfcfd36	carat/tables/qcatalog/dim6/dir.3;1,1;1/ordnung.96/(1)^4(2)^2(4)^4(8)^1/group.3828
work/ext6b/2-1s2-1s1__group.319__X0111	e32d23ad782683dbe56e0ed344e675cd	carat/tables/qcatalog/dim6/dir.2-1;2-1;1;1/ordnung.64/(2)^6(4)^2(8)^2/group.1503
work/ext6b/2-2s1c1c1__group.339__T	e32e12de2c52fde03329f239d73a6d8e	carat/tables/qcatalog/dim6/dir.2-2;1,1,1;1/ordnung.24/(1)^3(3)^1(6)^2/group.1723
work/ext6b/2-1s1s1s1__group.261__C	e33b1aa54dd05e61e64fa6f59d97c863	carat/tables/qcatalog/dim6/dir.2-1;1;1;1;1/ordnung.32/(2)^2(4)^4/group.1212
work/ext6b/4-1s1__group.880__X0010	e35adbf8d485490c4a358844b0fccf36	carat/tables/qcatalog/dim6/dir.4-1;1,1/ordnung.64/(2)^1(4)^14(8)^2/group.4548
work/ext6b/4-1s1__group.868__X010	e35e1a009a0bf50adfe73d0868c0196c	carat/tables/qcatalog/dim6/dir.4-1;1,1/ordnung.64/(2)^8(4)^8(8)^1/group.4553
work/ext6b/4-1ps1__group.761__X01	e36410db7b3241ba6a720de175c34574	carat/tables/qcatalog/dim6/dir.4-1';1;1/ordnung.16/(2)^2(4)^4(8)^4/group.4408
work/ext6b/4-1s1__group.882__X111	e37f03e787cb25bbd3548780cf16b63d	carat/tables/qcatalog/dim6/dir.4-1;1;1/ordnung.768/(1)^4(2)^12(4)^2/group.4899
work/ext6b/2-2s2-1s1__group.452__X110	e390a6d036e6c6d4bfa080da8e192bf6	carat/tables/qcatalog/dim6/dir.2-2;2-1;1;1/ordnung.48/(1)^2(2)^4(8)^1(24)^1/group.2142
work/ext6b/3s2-2__group.743__X10	e39fb0f275f62365eeb98be00c26aabf	carat/tables/qcatalog/dim6/dir.3;2-2;1/ordnung.48/(2)^6(4)^3(12)^3/group.4278
work/ext6b/2-2s2-1s1__group.419__T	e3b95076afa53dae1563798a4d639e30	carat/tables/qcatalog/dim6/dir.2-2;2-1;1,1/ordnung.24/(1)^2(2)^4(24)^1/group.1931
work/ext6b/4-2s1__group.909__X110	e3bbe81b016672518139c05652fdc65f	carat/tables/qcatalog/dim6/dir.4-2;1;1/ordnung.144/(1)^8(3)^8(18)^2/group.6080
work/ext6b/3s2-2__group.740__X100	e3c4681572bd9929eb7d01d537936217	carat/tables/qcatalog/dim6/dir.3;2-2;1/ordnung.288/(1)^8(2)^2(4)^1(12)^2(36)^1/group.4206
work/ext6b/2-1s1c1c1__group.226__C	e3cf40557d3baf211b280ecad992a1e3	carat/tables/qcatalog/dim6/dir.2-1;1,1,1;1/ordnung.16/(2)^4(4)^1(12)^1/group.1112
work/ext6b/2-2s1c1c1__group.342__T	e3e660442d6039875f2d2cd1effe9e71	carat/tables/qcatalog/dim6/dir.2-2;1,1,1;1/ordnung.6/(3)^2(6)^2/min.317
work/ext6b/2-2s1s1s1__group.382__X010	e3e68f382f925ef036c63ed19eb4f302	carat/tables/qcatalog/dim6/dir.2-2;1;1;1;1/ordnung.24/(1)^4(4)^1(12)^2(36)^1/group.1835
work/ext6b/3s2-1__group.690__X11	e416dcaaab82ed0ed13f4d9861958d0c	carat/tables/qcatalog/dim6/dir.3;2-1;1/ordnung.96/(1)^2(2)^2(4)^6(8)^2/group.3988
work/ext6b/2-2s2-1s1__group.513__X0111	e41d2839d7e981c5abf08206a04a4e87	carat/tables/qcatalog/dim6/dir.2-2;2-1;1;1/ordnung.96/(1)^4(2)^4(12)^2/group.2407
work/ext6b/4-1s1__group.777__X0010	e41e61fadd9bd8d3bfcd7bd4937f951d	carat/tables/qcatalog/dim6/dir.4-1;1;1/ordnung.128/(2)^8(4)^10/group.4617
work/ext6b/5-1__group.1027__X01	e4264e4f0fde3cd296ef26f801102a20	carat/tables/qcatalog/dim6/dir.5-1;1/ordnung.1920/(1)^16(2)^1(4)^8(8)^1/group.7351
work/ext6b/3s2-2__max.10__X0101	e448e2160c603091338f41555e0a1f5b	carat/tables/qcatalog/dim6/dir.3;2-2;1/ordnung.576/(1)^8(2)^2(4)^2(12)^2/group.4299
work/ext6b/3s2-1__group.686__C	e463170db89321403767bb7758ff0c7a	carat/tables/qcatalog/dim6/dir.3;2-1;1/ordnung.768/(1)^4(2)^4(4)^6/group.3987
work/ext6b/2-2s2-2s1__group.537__X0111	e47431688bb3d805fcb0952f302c7177	carat/tables/qcatalog/dim6/dir.2-2;2-2;1;1/ordnung.144/(1)^6(3)^2(6)^2/group.2873
work/ext6b/2-2pc2-2ps1__group.325__T	e47f76d150b02b63df01e9373a76ab89	carat/tables/qcatalog/dim6/dir.2-2',2-2';1;1/ordnung.12/(2)^3(6)^1/group.1616
work/ext6b/2-2s2-1s1__group.496__X111	e486ef299f66440bbd78094bb79c0ee5	carat/tables/qcatalog/dim6/dir.2-2;2-1;1,1/ordnung.48/(1)^4(2)^3(6)^1(24)^1/group.2002
work/ext6b/2-2s2-2s1__group.547__T	e4889c089b55759ca9c71db2a3dc4bd2	carat/tables/qcatalog/dim6/dir.2-2;2-2;1;1/ordnung.18/(1)^2(3)^2(18)^2/min.408
work/ext6b/5-2__max.15__T	e4d69e6f969e987b7f8c6833de0989f5	carat/tables/qcatalog/dim6/dir.5-2;1/ordnung.1440/(1)^16(2)^2(6)^8/group.7394
work/ext6b/2-2s2-1s1__group.493__T	e4dc84dce4c54d3e719c3ed7a56582c8	carat/tables/qcatalog/dim6/dir.2-2;2-1;1,1/ordnung.48/(1)^4(2)^3(6)^1(24)^1/group.1987
work/ext6b/3s2-2__group.757__T	e4dd21ac8c3c6039d1dcaf4714c60d6f	carat/tables/qcatalog/dim6/dir.3;2-2;1/ordnung.72/(1)^8(2)^2(4)^1(12)^2(36)^1/group.4331
work/ext6b/4-1s1__group.818__X0110	e4fd7efdda7324a06df2bcd99bfee64e	carat/tables/qcatalog/dim6/dir.4-1;1;1/ordnung.32/(2)^2(4)^12(8)^4/group.4719
work/ext6b/3s2-2__group.708__X01	e5095684706afe701f61220bba49461a	carat/tables/qcatalog/dim6/dir.3;2-2;1/ordnung.144/(1)^6(2)^2(4)^1(12)^3/group.4074
work/ext6b/2-1s1c1s1__group.236__X001	e520d840dd4f35e185dbb02eac7b96c3	carat/tables/qcatalog/dim6/dir.2-1;1,1;1;1/ordnung.16/(2)^4(4)^2(32)^1/group.1149
work/ext6b/2-1s2-1s1__group.314__X010	e525f397bea1a301f870235a040f1b3b	carat/tables/qcatalog/dim6/dir.2-1;2-1;1;1/ordnung.32/(2)^2(4)^6(8)^2/group.1354
work/ext6b/4-3ps1__group.995__C	e55ac32dd6dbeedec9b271eec002a24c	carat/tables/qcatalog/dim6/dir.4-3';1;1/ordnung.20/(1)^3(5)^1(10)^2/group.7104
work/ext6b/2-2s1s1s1__group.392__X010	e56d813bbfd858c2a08eb975b9f3f2e4	carat/tables/qcatalog/dim6/dir.2-2;1;1;1;1/ordnung.24/(1)^4(4)^2(12)^2/group.1840
work/ext6b/4-2s1__group.901__X100	e577a2d01dce80f7a78d876e355dcbfd	carat/tables/qcatalog/dim6/dir.4-2;1;1/ordnung.144/(1)^6(3)^8(9)^2(18)^2/group.6045
work/ext6b/4-1s1__min.148__X10	e5825c9f58cd8fb86d7c167749a4f546	carat/tables/qcatalog/dim6/dir.4-1;1;1/ordnung.32/(2)^2(4)^12(8)^4/min.501
work/ext6b/2-2s2-1s1__group.427__C	e583ece4ee1b6f52c288ffcbc9a760f0	carat/tables/qcatalog/dim6/dir.2-2;2-1;1;1/ordnung.48/(1)^4(2)^1(6)^1(12)^1(36)^1/group.2148
work/ext6b/2-1s2-1s1__group.289__X101	e59467b49e2d2ba550e022ed4fcf3a6f	carat/tables/qcatalog/dim6/dir.2-1;2-1;1;1/ordnung.32/(2)^4(8)^4/group.1431
work/ext6b/2-1s1c1s1__group.245__T	e5abb61b176d98f07e2fa4db3f49ec92	carat/tables/qcatalog/dim6/dir.2-1;1,1;1;1/ordnung.8/(2)^2(4)^2(32)^1/min.233
work/ext6b/2-2s1s1s1__group.374__T	e6006aec1f6167067f5030734749f55c	carat/tables/qcatalog/dim6/dir.2-2;1;1;1;1/ordnung.24/(1)^2(2)^1(6)^1(12)^2/group.1808
work/ext6b/2-2s2-1s1__group.409__X10	e64ac95a6da23a40fd5575ea2a481f82	carat/tables/qcatalog/dim6/dir.2-2;2-1;1,1/ordnung.24/(1)^2(2)^1(6)^1(72)^1/group.1916
work/ext6b/2-2s2-1s1__group.459__X101	e667b09a2cdc4c801ab901fdd31c8c92	carat/tables/qcatalog/dim6/dir.2-2;2-1;1;1/ordnung.48/(1)^2(2)^4(8)^1(24)^1/group.2138
work/ext6b/2-1s2-1s1__group.311__X111	e6722a0d447ff5412a4fc2cea5c85af3	carat/tables/qcatalog/dim6/dir.2-1;2-1;1;1/ordnung.32/(2)^4(4)^4(8)^2/group.1428
work/ext6b/2-1s1c1s1__group.229__X010	e67ea78a7726aecb172e7eafaede7fbd	carat/tables/qcatalog/dim6/dir.2-1;1,1;1;1/ordnung.16/(2)^4(4)^2(32)^1/group.1157
work/ext6b/4-1s1__group.869__X001	e6948a0ec7e0935257bcc496b4c939f0	carat/tables/qcatalog/dim6/dir.4-1;1;1/ordnung.64/(2)^8(4)^8(8)^2/group.4890
work/ext6b/3s2-2__group.731__T	e6a18980223d20fbce1867487f127791	carat/tables/qcatalog/dim6/dir.3;2-2;1/ordnung.288/(1)^6(2)^2(4)^3(12)^1/group.4173
work/ext6b/2-1s1c1s1__group.238__X0111	e6d1dbfe22356c397bf2efcedcb26697	carat/tables/qcatalog/dim6/dir.2-1;1,1;1;1/ordnung.32/(2)^4(8)^3/group.1186
work/ext6b/3s2-1__group.683__X110	e6d24df7eed2ab4cc684c4126334bb6e	carat/tables/qcatalog/dim6/dir.3;2-1;1/ordnung.192/(1)^4(2)^4(4)^6/group.3932
work/ext6b/1s1s1s1s1__group.218__C	e6db4c358ad2a0a5252e4c34633f26bf	carat/tables/qcatalog/dim6/dir.1;1;1;1;1;1/ordnung.32/(2)^2(4)^4/group.1078
work/ext6b/2-1s1c1s1__group.234__X010	e6e38d4b6fb5782d7d8dc40fe8c1f8af	carat/tables/qcatalog/dim6/dir.2-1;1,1;1;1/ordnung.16/(2)^4(4)^2(32)^1/group.1156
work/ext6b/2-1s2-1s1__group.322__X0010	e6ebeaa4d709fdf1b6cbb3a9cf940733	carat/tables/qcatalog/dim6/dir.2-1;2-1;1;1/ordnung.64/(2)^6(4)^2(8)^2/group.1491
work/ext6b/2-2s2-1s1__group.441__X10	e713af717778f6ce5e8fa9a5bb463e6c	carat/tables/qcatalog/dim6/dir.2-2;2-1;1,1/ordnung.24/(1)^4(2)^1(6)^3(24)^1/group.1946
work/ext6b/2-2s1s1s1__group.401__X1010	e7417eb44cc8bb0041743c9eb64cd8de	carat/tables/qcatalog/dim6/dir.2-2;1;1;1;1/ordnung.48/(1)^4(4)^2(12)^2/group.1885
work/ext6b/4-3s1__group.1019__X10	e765b6ac25ad24d1126d331b73f23263	carat/tables/qcatalog/dim6/dir.4-3;1;1/ordnung.40/(1)^5(5)^11(10)^1(50)^1/group.7216
work/ext6b/2-2s2-1s1__group.481__X110	e781c21fd4ade87bbceb55eac4dda049	carat/tables/qcatalog/dim6/dir.2-2;2-1;1;1/ordnung.48/(1)^4(2)^4(24)^2/group.2290
work/ext6b/4-1s1__group.893__T	e7ab9d3feb67aaf26c9eec52ce97349c	carat/tables/qcatalog/dim6/dir.4-1;1,1/ordnung.96/(1)^2(2)^10(4)^4(8)^1/group.4569
work/ext6b/2-1s1s1s1__group.262__X111	e7dbad68f28996dbec63b76139e3f591	carat/tables/qcatalog/dim6/dir.2-1;1;1;1;1/ordnung.16/(2)^2(4)^2(8)^2/group.1194
work/ext6b/2-1s2-1s1__group.314__X001	e7e4024de33890cf5db292e2a899f25d	carat/tables/qcatalog/dim6/dir.2-1;2-1;1,1/ordnung.32/(2)^1(4)^6(8)^2/group.1272
work/ext6b/4-2s1__group.929__C	e7ff318a8adac2346c93c00faaa021c2	carat/tables/qcatalog/dim6/dir.4-2;1;1/ordnung.48/(2)^6(6)^4/group.6209
work/ext6b/4-2s1__group.919__C	e8167e96001d189648507dda838ef020	carat/tables/qcatalog/dim6/dir.4-2;1;1/ordnung.288/(1)^10(3)^6(6)^2/group.6127
work/ext6b/3s2-1__group.689__C	e820ff5ba822be89090fc12c3ad100bb	carat/tables/qcatalog/dim6/dir.3;2-1;1/ordnung.192/(1)^2(2)^4(4)^8/group.3888
work/ext6b/2-1s1c1c1__group.226__X11	e8558685d3066474cbfd6ab9ff344c0a	carat/tables/qcatalog/dim6/dir.2-1;1,1,1,1/ordnung.8/(2)^4(16)^1/group.1104
work/ext6b/2-1s2-1s1__group.299__X001	e86a30c2069463ef348ddb467ee8ca79	carat/tables/qcatalog/dim6/dir.2-1;2-1;1;1/ordnung.32/(2)^4(4)^4(8)^2/group.1401
work/ext6b/4-3s1__group.1021__X10	e86d73d6a2fe133b83dc857c3134006d	carat/tables/qcatalog/dim6/dir.4-3;1;1/ordnung.40/(1)^5(5)^11(10)^1(50)^1/group.7214
work/ext6b/2-1s2-1s1__group.319__X0110	e8717a9afc36a77f45ce12b86eb087a1	carat/tables/qcatalog/dim6/dir.2-1;2-1;1;1/ordnung.64/(2)^6(4)^2(8)^2/group.1490
work/ext6b/4-1ps1__group.761__T	e88991794dbdffd0348af65cdd0c8ace	carat/tables/qcatalog/dim6/dir.4-1';1,1/ordnung.16/(2)^1(4)^6(8)^2/group.4404
work/ext6b/2-1s1c1s1__group.231__C	e88bbd673556b61b75ff50f3b7954f41	carat/tables/qcatalog/dim6/dir.2-1;1,1;1;1/ordnung.32/(2)^4(4)^2(8)^1/group.1180
work/ext6b/4-1s1__group.828__X110	e8aa30ffd3ebb764d7583476b2ad0eca	carat/tables/qcatalog/dim6/dir.4-1;1;1/ordnung.32/(2)^2(4)^12(8)^4/group.4744
work/ext6b/2-2s2-2s1__group.543__C	e8dc39a43ea76523f6d12b315ea5a581	carat/tables/qcatalog/dim6/dir.2-2;2-2;1;1/ordnung.36/(1)^2(3)^4(6)^1(18)^1/group.2957
work/ext6b/2-2s2-2s1__group.528__X1111	e901eecd3a8c393d79ad36beae4dc9e7	carat/tables/qcatalog/dim6/dir.2-2;2-2;1;1/ordnung.144/(1)^5(3)^1(6)^2/group.2837
work/ext6b/2-2s2-2s1__group.534__X0110	e9029a38868f9d89b3931bf6595b790b	carat/tables/qcatalog/dim6/dir.2-2;2-2;1;1/ordnung.144/(1)^6(3)^2(6)^2/group.2891
work/ext6b/2-2s1s1s1__group.375__T	e922767a277cd8b84d18cac5614aa492	carat/tables/qcatalog/dim6/dir.2-2;1;1;1;1/ordnung.24/(1)^4(6)^2(36)^2/group.1842
work/ext6b/4-1s1__group.825__X101	e98c3170846ed3dc1d556954cdd1f41a	carat/tables/qcatalog/dim6/dir.4-1;1;1/ordnung.32/(2)^2(4)^12(8)^4/group.4730
work/ext6b/3s2-2__group.746__X11	e9a9c664abfd39579afafcf809cb5915	carat/tables/qcatalog/dim6/dir.3;2-2;1/ordnung.48/(2)^10(4)^1(12)^2(36)^1/group.4264
work/ext6b/2-2s2-2s1__group.585__C	e9ab6dc332a1b4e1254ccce42f06f53b	carat/tables/qcatalog/dim6/dir.2-2;2-2;1;1/ordnung.72/(1)^4(3)^4(18)^2/group.3078
work/ext6b/3s2-2__group.705__T	e9c23d6790cbef50e45cf875a024827a	carat/tables/qcatalog/dim6/dir.3;2-2;1/ordnung.144/(1)^6(2)^2(4)^3(12)^1/group.4083
work/ext6b/2-1s2-1s1__group.300__X011	e9ddda65a90b9e0537aa90ac5164c8e3	carat/tables/qcatalog/dim6/dir.2-1;2-1;1,1/ordnung.32/(2)^4(4)^4(8)^1/group.1286
work/ext6b/3s1s1__group.649__X1001	e9e66a3de956809d18480909aab6f67b	carat/tables/qcatalog/dim6/dir.3;1;1;1/ordnung.192/(1)^4(2)^2(4)^6/group.3840
work/ext6b/3s2-1__min.137__C	e9f9b3bbcc70a78ac588e40e1f604148	carat/tables/qcatalog/dim6/dir.3;2-1;1/ordnung.96/(1)^2(2)^2(4)^8/group.3992
work/ext6b/3s2-2__group.719__T	ea2c389f9ffb4fd0c89cb939a8588e72	carat/tables/qcatalog/dim6/dir.3;2-2;1/ordnung.144/(1)^8(2)^2(4)^2(12)^2/group.4147
work/ext6b/2-1s2-1s1__group.290__T	ea535bbf0c02c92bdb385f611b3f7b3d	carat/tables/qcatalog/dim6/dir.2-1;2-1;1;1/ordnung.32/(2)^4(4)^2(8)^2/group.1377
work/ext6b/2-2s2-1s1__group.512__X0100	ea59a90aa713ec2b64e3204260d41031	carat/tables/qcatalog/dim6/dir.2-2;2-1;1,1/ordnung.96/(1)^4(2)^3(6)^1(24)^1/group.2027
work/ext6b/2-2s1c1s1__group.364__C	ea5aff19ac71341ac754b1ebcfb721d8	carat/tables/qcatalog/dim6/dir.2-2;1,1;1;1/ordnung.48/(1)^2(2)^2(24)^1/group.1790
work/ext6b/4-1s1__group.781__C	ea8fffa34584146012258208047ccdc2	carat/tables/qcatalog/dim6/dir.4-1;1;1/ordnung.288/(1)^8(2)^2(6)^8/group.4712
work/ext6b/4-3s1__group.1010__X01	ea943dc4145f4d749055100faa086d76	carat/tables/qcatalog/dim6/dir.4-3;1,1/ordnung.120/(1)^11(5)^5(10)^1/group.7177
work/ext6b/4-1s1__group.834__C	ea9cce34aaef310dbf2b6d74213f2ebf	carat/tables/qcatalog/dim6/dir.4-1;1;1/ordnung.768/(1)^4(2)^12(4)^2/group.4900
work/ext6b/2-2s2-1s1__group.460__X010	ea9e142c969f21de1863eef719a73424	carat/tables/qcatalog/dim6/dir.2-2;2-1;1,1/ordnung.48/(1)^2(2)^2(24)^1/group.1958
work/ext6b/2-2s1c1s1__group.365__C	eab4478ab849616ad25cb35e5e2a1eec	carat/tables/qcatalog/dim6/dir.2-2;1,1;1;1/ordnung.48/(1)^4(6)^2(72)^1/group.1804
work/ext6b/2-2s2-2s1__group.552__X100	eab44cfcdae37e56f24aee4e10b978d0	carat/tables/qcatalog/dim6/dir.2-2;2-2;1;1/ordnung.24/(2)^6(6)^4/group.2926
work/ext6b/2-2s2-2s1__group.558__X11	ead4426c5c623883ae3b5fc812f42615	carat/tables/qcatalog/dim6/dir.2-2;2-2;1,1/ordnung.36/(3)^6(6)^1/group.2773
work/ext6b/4-1s1__group.766__X01	eae81ad65828c63b0e69769208b8d769	carat/tables/qcatalog/dim6/dir.4-1;1,1/ordnung.1152/(1)^8(2)^9/group.4451
work/ext6b/2-1s1s1s1__group.273__C	eb1a789fd11d5b2a4a1571f70303d830	carat/tables/qcatalog/dim6/dir.2-1;1;1;1;1/ordnung.64/(2)^2(4)^4/group.1246
work/ext6b/2-1s2-1s1__group.313__C	eb2f85e52a7bc2bea94504d251267d34	carat/tables/qcatalog/dim6/dir.2-1;2-1;1;1/ordnung.64/(2)^2(4)^6(8)^2/group.1435
work/ext6b/4-1s1__group.804__X01	eb4d44c9edd251c26e63d516ca1f0b8c	carat/tables/qcatalog/dim6/dir.4-1;1,1/ordnung.192/(1)^4(2)^10(4)^2(8)^1/group.4481
work/ext6b/3s2-2__group.757__C	eb4da05a6b6bf6142b9fdf9e51225eda	carat/tables/qcatalog/dim6/dir.3;2-2;1/ordnung.144/(1)^8(2)^2(4)^2(12)^2/group.4137
work/ext6b/2-2s1c1s1__group.358__X10	eb5031ce28d9417f0f01244700ab745d	carat/tables/qcatalog/dim6/dir.2-2;1,1;1;1/ordnung.12/(1)^4(6)^2(72)^1/min.342
work/ext6b/4-1s1__group.862__X01	eb67ec90ac66efd144bd1bc3ec587b57	carat/tables/qcatalog/dim6/dir.4-1;1,1/ordnung.64/(2)^8(4)^8(8)^1/group.4559
work/ext6b/2-2s2-2s1__group.621__X100	eb729259dfd94409b3198f9374b5464f	carat/tables/qcatalog/dim6/dir.2-2;2-2;1;1/ordnung.72/(1)^5(3)^3(6)^1(18)^1/group.3143
work/ext6b/4-2s1__group.913__C	eb7aa01f9c51fadeec303d9b6f51d3c0	carat/tables/qcatalog/dim6/dir.4-2;1;1/ordnung.288/(1)^8(3)^8(18)^2/group.6165
work/ext6b/4-1s1__group.778__T	eb7caf5aac58ed0fc57a945360020249	carat/tables/qcatalog/dim6/dir.4-1;1;1/ordnung.128/(2)^8(4)^10/group.4623
work/ext6b/2-1s1c1s1__group.237__C	eb8f05eb9b1e60435444a98695be1da9	carat/tables/qcatalog/dim6/dir.2-1;1,1;1;1/ordnung.32/(2)^2(4)^2(8)^1/group.1173
work/ext6b/2-2s1s1s1__group.392__C	eb9f4205693038f01a73052ae0964a46	carat/tables/qcatalog/dim6/dir.2-2;1;1;1;1/ordnung.48/(1)^4(2)^2(12)^2/group.1867
work/ext6b/4-1s1__group.801__X100	ebafb7a0ab7fd33f27c8753c799ff7c1	carat/tables/qcatalog/dim6/dir.4-1;1,1/ordnung.192/(1)^2(2)^10(4)^4(8)^1/group.4477
work/ext6b/2-2s1c1s1__group.359__T	ebba2b56ebfe282728e538729844b5c5	carat/tables/qcatalog/dim6/dir.2-2;1,1;1;1/ordnung.12/(1)^4(6)^2(72)^1/min.344
work/ext6b/3s2-1__group.689__T	ebc3f75b427c45a2eba368526c0b0400	carat/tables/qcatalog/dim6/dir.3;2-1;1/ordnung.96/(1)^2(2)^4(4)^6(8)^2/group.3995
work/ext6b/4-2s1__group.943__X101	ebf5542c488f815ac3eb10d6df093654	carat/tables/qcatalog/dim6/dir.4-2;1;1/ordnung.288/(1)^10(3)^6(6)^2/group.6115
work/ext6b/2-2s2-2s1__group.536__X0111	ebff0db55aff4ed1fe79d4114092b803	carat/tables/qcatalog/dim6/dir.2-2;2-2;1;1/ordnung.144/(1)^6(3)^2(6)^2/group.2902
work/ext6b/2-1s1c1c1__min.80__X1	ec15ab87b6f4044e1c611fd0e7a266e4	carat/tables/qcatalog/dim6/dir.2-1;1,1,1,1/ordnung.4/(2)^2(16)^1/min.218
work/ext6b/2-2s2-1s1__group.413__X10	ec260ec3301f752c9c6c1335052ae98a	carat/tables/qcatalog/dim6/dir.2-2;2-1;1;1/ordnung.24/(1)^2(2)^4(8)^1(24)^1/group.2067
work/ext6b/5-2__group.1038__X01	ec3b495cd303545e9f6c40da77fed3ac	carat/tables/qcatalog/dim6/dir.5-2;1/ordnung.240/(1)^16(2)^1(6)^8(18)^1/group.7399
work/ext6b/4-2s1__group.944__X1110	ec413ffd785590d2c1a84cf95a37cdf8	carat/tables/qcatalog/dim6/dir.4-2;1;1/ordnung.288/(1)^10(3)^6(6)^2/group.6138
work/ext6b/2-1c2-1s1__group.223__T	ec50b21de6a03d93134dc182a081e4e9	carat/tables/qcatalog/dim6/dir.2-1,2-1;1;1/ordnung.16/(2)^2(4)^2(8)^2/group.1090
work/ext6b/2-2s1s1s1__group.383__T	ec521afa2b561ad0f6c31c55ba7b7962	carat/tables/qcatalog/dim6/dir.2-2;1;1;1;1/ordnung.24/(1)^4(4)^1(12)^2(36)^1/group.1834
work/ext6b/2-1s2-1s1__group.318__X0111	ec553a01fb057f7cd9db8c7c948b76aa	carat/tables/qcatalog/dim6/dir.2-1;2-1;1;1/ordnung.64/(2)^4(4)^4(8)^2/group.1454
work/ext6b/2-2s2-1s1__group.507__X1000	ec56d04034802f79958ddba1684f94f3	carat/tables/qcatalog/dim6/dir.2-2;2-1;1;1/ordnung.96/(1)^4(2)^3(6)^1(12)^1(36)^1/group.2342
work/ext6b/2-2s2-1s1__group.515__X0111	ec758f31f63a99b3af39a3c72c2eddfd	carat/tables/qcatalog/dim6/dir.2-2;2-1;1;1/ordnung.96/(1)^4(2)^4(12)^2/group.2399
work/ext6b/4-3ps1__group.1004__X010	ec7e9fc2a578f65eac08c4596e4f2584	carat/tables/qcatalog/dim6/dir.4-3';1,1/ordnung.40/(1)^3(5)^5(10)^1/group.7101
work/ext6b/4-1s1__group.848__X10	ec899cd251c4d9b1ac83ed4187f5a673	carat/tables/qcatalog/dim6/dir.4-1;1;1/ordnung.48/(2)^10(6)^8/group.4801
work/ext6b/2-1s1s1s1__group.260__X001	ec8f4137bca6cb8fa2b0ad21da5c8455	carat/tables/qcatalog/dim6/dir.2-1;1;1;1;1/ordnung.16/(2)^2(4)^2(8)^2/group.1190
work/ext6b/4-1s1__group.772__X001	ec9403d9b54f93652c565bb764946ecf	carat/tables/qcatalog/dim6/dir.4-1;1;1/ordnung.128/(2)^12(4)^4(8)^2/group.4595
work/ext6b/2-1s1s1s1__group.268__C	ec9d6319b85b72e0ab16b61175740116	carat/tables/qcatalog/dim6/dir.2-1;1;1;1;1/ordnung.64/(2)^4(4)^4/group.1252
work/ext6b/4-1s1__group.853__C	ec9fcb736f69aff3ea0233999f7df2bd	carat/tables/qcatalog/dim6/dir.4-1;1;1/ordnung.96/(1)^4(2)^6(6)^6(12)^2/group.4906
work/ext6b/2-2s2-1s1__group.472__X100	ecaca5b3c828e5f1721f3c0bf9bf9e7f	carat/tables/qcatalog/dim6/dir.2-2;2-1;1;1/ordnung.48/(1)^4(2)^3(6)^1(12)^1(36)^1/group.2198
work/ext6b/4-1s1__group.790__X11	ecb8a5c9164ce0be6ddc44119ee114f8	carat/tables/qcatalog/dim6/dir.4-1;1;1/ordnung.16/(2)^2(4)^4(8)^4/min.496
work/ext6b/4-1s1__group.845__X100	ecb95512aeac00a201a69803ec1553c8	carat/tables/qcatalog/dim6/dir.4-1;1,1/ordnung.48/(2)^5(6)^4/group.4534
work/ext6b/4-1s1__group.776__T	ecb96a9f269201cfa3d899ba4e88a7b1	carat/tables/qcatalog/dim6/dir.4-1;1;1/ordnung.128/(2)^8(4)^10/group.4616
work/ext6b/4-3s1__group.1013__X11	ecc31bf16c6da80213d314c1e091cee0	carat/tables/qcatalog/dim6/dir.4-3;1;1/ordnung.240/(1)^12(5)^4(10)^2/group.7205
work/ext6b/4-2s1__group.984__X11	ecfc5516f88a4ef34a978db503f277d5	carat/tables/qcatalog/dim6/dir.4-2;1;1/ordnung.72/(1)^6(3)^8(9)^2(18)^2/group.6267
work/ext6b/2-2s2-1s1__group.472__C	ed09b7cbff2260774b9605a4eb278eb1	carat/tables/qcatalog/dim6/dir.2-2;2-1;1;1/ordnung.96/(1)^4(2)^3(6)^1(12)^1(36)^1/group.2346
work/ext6b/4-2s1__group.934__C	ed0c706656cda9b8c2e6dc83fbe5699e	carat/tables/qcatalog/dim6/dir.4-2;1;1/ordnung.48/(2)^6(6)^4/group.6217
work/ext6b/2-2s2-1s1__group.425__X10	ed29e185474bae6e2a94a615dcfc2aac	carat/tables/qcatalog/dim6/dir.2-2;2-1;1,1/ordnung.24/(1)^3(3)^1(6)^2(24)^1/group.1933
work/ext6b/2-2s2-1s1__group.508__X0111	ed35157ee8a51653db9e701abd063da5	carat/tables/qcatalog/dim6/dir.2-2;2-1;1;1/ordnung.96/(1)^4(2)^4(12)^2/group.2354
work/ext6b/2-2s2-2s1__group.576__X10	ed3fa953992bd789fe1be9f04b9e4b0b	carat/tables/qcatalog/dim6/dir.2-2;2-2;1,1/ordnung.36/(1)^2(3)^4(6)^1/group.2741
work/ext6b/2-2s1s1s1__group.391__C	ed43506b536c1e92a190de9efce51ca8	carat/tables/qcatalog/dim6/dir.2-2;1;1;1;1/ordnung.48/(1)^4(2)^2(12)^2/group.1869
work/ext6b/3s2-2__group.747__X01	ed464f2c9cf21747d1ec962c13f2e3ad	carat/tables/qcatalog/dim6/dir.3;2-2;1/ordnung.48/(2)^10(4)^2(12)^2/group.4274
work/ext6b/4-1s1__group.817__T	ed4df171812ead526bff3ce323ed8644	carat/tables/qcatalog/dim6/dir.4-1;1,1/ordnung.32/(2)^1(4)^14(8)^2/group.4499
work/ext6b/2-2s2-1s1__group.429__X11	ed9df8ccdc158d220bc616759279ceb8	carat/tables/qcatalog/dim6/dir.2-2;2-1;1,1/ordnung.24/(1)^3(3)^1(6)^2(24)^1/group.1936
work/ext6b/2-1s2-1s1__group.284__X100	edb5872e70b7449b1b005866e1c38d3d	carat/tables/qcatalog/dim6/dir.2-1;2-1;1,1/ordnung.16/(2)^1(4)^6(8)^2/group.1262
work/ext6b/3s2-2__group.752__C	edce5d7ce6dd22b83a8c1d326d9542ea	carat/tables/qcatalog/dim6/dir.3;2-2;1/ordnung.144/(1)^6(2)^2(4)^3(12)^1/group.4084
work/ext6b/5-1__group.1033__X01	edf067eb67000af49006d34a7523a5be	carat/tables/qcatalog/dim6/dir.5-1;1/ordnung.640/(1)^16(2)^2(4)^8/group.7379
work/ext6b/4-2s1__group.916__X101	edfd1f947c6a62df54b9ac4257e24401	carat/tables/qcatalog/dim6/dir.4-2;1,1/ordnung.144/(1)^7(3)^8(9)^1(18)^1/group.5924
work/ext6b/4-3ps1__group.1001__X11	ee32864a8f096fa6a920952b65fa75b4	carat/tables/qcatalog/dim6/dir.4-3';1;1/ordnung.20/(1)^4(5)^4(10)^2/group.7112
work/ext6b/2-1s2-1s1__group.304__X001	ee332a5b95f96b3722ecdded26d0c3b5	carat/tables/qcatalog/dim6/dir.2-1;2-1;1,1/ordnung.32/(2)^4(4)^4(8)^1/group.1295
work/ext6b/5-2__group.1041__X01	ee4e0908c45c090f1068de54668af895	carat/tables/qcatalog/dim6/dir.5-2;1/ordnung.720/(1)^16(2)^1(6)^8(18)^1/group.7408
work/ext6b/4-1s1__group.884__X01	ee5822d3bef18cbfbf96a3e5baedaa45	carat/tables/qcatalog/dim6/dir.4-1;1,1/ordnung.96/(2)^5(4)^4/group.4572
work/ext6b/3s2-1__group.676__C	ee674b63c64dc73817eaa53a1a02a5b2	carat/tables/qcatalog/dim6/dir.3;2-1;1/ordnung.384/(1)^2(2)^4(4)^8/group.3965
work/ext6b/4-1s1__min.149__T	ee754756921ead08c6181c4e3fc4c2c2	carat/tables/qcatalog/dim6/dir.4-1;1,1/ordnung.32/(2)^1(4)^14(8)^2/min.484
work/ext6b/4-2s1__group.938__X111	ee7be776fc420cc23ad820a36d4014bc	carat/tables/qcatalog/dim6/dir.4-2;1,1/ordnung.288/(1)^9(3)^7(6)^1/group.5952
work/ext6b/4-1s1__group.770__X111	ee7c081a5968986b413dd68340da3165	carat/tables/qcatalog/dim6/dir.4-1;1;1/ordnung.128/(2)^12(4)^4(8)^2/group.4600
work/ext6b/3s2-2__group.735__C	ee81d188fe405837cd614111b3dc45a9	carat/tables/qcatalog/dim6/dir.3;2-2;1/ordnung.576/(1)^8(2)^2(4)^2(12)^2/group.4294
work/ext6b/2-2s2-2s1__group.604__X101	ee94218448002a3f3258bdc896388a3d	carat/tables/qcatalog/dim6/dir.2-2;2-2;1;1/ordnung.72/(1)^5(3)^1(6)^2/group.3092
work/ext6b/4-2ps1__group.895__X01	eec870e69f74f5b82ec283d936dd5462	carat/tables/qcatalog/dim6/dir.4-2';1,1/ordnung.24/(2)^3(6)^2/group.5855
work/ext6b/4-1s1__group.819__X1000	eecdb0f4efd4ccaaa7ea883df6f5ee5c	carat/tables/qcatalog/dim6/dir.4-1;1,1/ordnung.32/(2)^1(4)^14(8)^2/group.4503
work/ext6b/4-1s1__group.788__T	eed0811c10d9ac882d5967d2c4605196	carat/tables/qcatalog/dim6/dir.4-1;1,1/ordnung.16/(2)^1(4)^6(8)^2/group.4473
work/ext6b/5-2__max.15__X01	ef073818c5f41a97226ab76bfc74cca9	carat/tables/qcatalog/dim6/dir.5-2;1/ordnung.1440/(1)^16(2)^1(6)^8(18)^1/group.7392
work/ext6b/4-2ps1__group.896__X10	ef1acf422b0d3f075283e12ed16931f9	carat/tables/qcatalog/dim6/dir.4-2';1,1/ordnung.24/(2)^5(6)^4/group.5858
work/ext6b/3s2-2__group.739__X001	ef37e91cbec628e19b81c1f167c29317	carat/tables/qcatalog/dim6/dir.3;2-2;1/ordnung.288/(1)^8(2)^2(4)^2(12)^2/group.4221
work/ext6b/4-2s1__group.944__X0101	ef3c39b24b1bdf6e4cbbdcb2e410ab84	carat/tables/qcatalog/dim6/dir.4-2;1;1/ordnung.288/(1)^10(3)^6(6)^2/group.6117
work/ext6b/4-3s1__group.1019__T	ef40bea6d4427785fcabd5264fa654ef	carat/tables/qcatalog/dim6/dir.4-3;1;1/ordnung.40/(1)^5(5)^11(10)^1(50)^1/group.7215
work/ext6b/2-2s2-1s1__group.454__X010	ef505fd5ed7c5eae81c5f68833b39b98	carat/tables/qcatalog/dim6/dir.2-2;2-1;1;1/ordnung.48/(1)^2(2)^4(8)^1(24)^1/group.2141
work/ext6b/2-1s2-1s1__group.315__X1101	ef5bdb27fb93d1e434fb4bb03f18874a	carat/tables/qcatalog/dim6/dir.2-1;2-1;1;1/ordnung.64/(2)^4(4)^2(8)^2/group.1440
work/ext6b/3s2-2__group.732__X111	ef89e6ff94cb7fdb7a4f970cc0a689e9	carat/tables/qcatalog/dim6/dir.3;2-2;1/ordnung.288/(1)^6(2)^2(4)^4(12)^2/group.4188
work/ext6b/4-2s1__group.954__C	ef8fc585df7371c5c5d466fe521f1bf7	carat/tables/qcatalog/dim6/dir.4-2;1;1/ordnung.96/(2)^6(6)^4/group.6306
work/ext6b/2-2s2-2s1__group.580__X10	ef981759c52d0da6556c5e5b1b277438	carat/tables/qcatalog/dim6/dir.2-2;2-2;1,1/ordnung.36/(1)^2(3)^6(18)^1/group.2750
work/ext6b/2-2s2-2s1__group.595__X0010	ef9b3ef4c7403f36bc58399d3a3201c8	carat/tables/qcatalog/dim6/dir.2-2;2-2;1,1/ordnung.48/(2)^5(6)^4/group.2774
work/ext6b/2-2s2-1s1__group.435__T	efa6165877bc8a22bf4001b0602d26ec	carat/tables/qcatalog/dim6/dir.2-2;2-1;1;1/ordnung.24/(1)^4(4)^2(12)^2/group.2100
work/ext6b/5-2__min.169__C	efbc151b5c12be9781e5616ecfbff595	carat/tables/qcatalog/dim6/dir.5-2;1/ordnung.120/(1)^8(2)^10(12)^8/group.7390
work/ext6b/3s1s1__group.669__X010	efec8ad437b97b940764b0a5e839002e	carat/tables/qcatalog/dim6/dir.3;1;1;1/ordnung.96/(1)^4(2)^2(4)^6/group.3873
work/ext6b/2-1s2-1s1__group.303__C	efedb362af4e4cccb3c3f52d04204c8a	carat/tables/qcatalog/dim6/dir.2-1;2-1;1;1/ordnung.64/(2)^4(4)^6/group.1474
work/ext6b/2-2s2-1s1__min.123__X1	f003cd1b748d84cb17b5babeac8414f1	carat/tables/qcatalog/dim6/dir.2-2;2-1;1;1/ordnung.12/(1)^2(4)^1(12)^3/min.365
work/ext6b/2-2s2-1s1__group.494__X111	f01464c0572b7403969aea271c16d565	carat/tables/qcatalog/dim6/dir.2-2;2-1;1,1/ordnung.48/(1)^4(2)^3(6)^1(24)^1/group.2004
work/ext6b/2-2s2-1s1__group.471__C	f063f89d11d9f93dd2d131a42c53f5cf	carat/tables/qcatalog/dim6/dir.2-2;2-1;1;1/ordnung.96/(1)^4(2)^3(6)^1(12)^1(36)^1/group.2345
work/ext6b/4-2s1__group.959__X101	f07bf5d6353a85e273c3493415b5ffc4	carat/tables/qcatalog/dim6/dir.4-2;1,1/ordnung.48/(2)^9(6)^8/group.5969
work/ext6b/2-2s2-1s1__group.512__X0101	f0876974ae42ebd3d2bf128f990772c5	carat/tables/qcatalog/dim6/dir.2-2;2-1;1;1/ordnung.96/(1)^4(2)^4(24)^2/group.2425
work/ext6b/2-2s2-2s1__group.595__X0011	f0dd70eecc61efc08b1f1ba1dafc2f56	carat/tables/qcatalog/dim6/dir.2-2;2-2;1;1/ordnung.48/(2)^6(6)^4/group.3017
work/ext6b/2-2s2-2s1__group.602__X010	f0e4b4abb9cab4370f3b9756c047e035	carat/tables/qcatalog/dim6/dir.2-2;2-2;1,1/ordnung.72/(1)^3(3)^4(9)^1(18)^1/group.2781
work/ext6b/4-2s1__group.914__T	f0ed4aae360660ff930f0e6fea64cbcd	carat/tables/qcatalog/dim6/dir.4-2;1;1/ordnung.144/(1)^7(3)^8(9)^1(18)^2/group.6066
work/ext6b/1c1c1s1s1__group.209__X011	f0f3902d588c34aca676c47f693fa936	carat/tables/qcatalog/dim6/dir.1,1,1;1;1;1/ordnung.8/(2)^2(4)^1(12)^1/group.1053
work/ext6b/4-1s1__group.788__X10	f0fe8c8be433eeb80dfb5d5f3c66c242	carat/tables/qcatalog/dim6/dir.4-1;1;1/ordnung.16/(2)^2(4)^4(8)^4/group.4657
work/ext6b/2-2s2-1s1__group.489__X110	f10845cc97653fa65b8a69caa234dbb4	carat/tables/qcatalog/dim6/dir.2-2;2-1;1;1/ordnung.48/(1)^4(2)^4(24)^2/group.2272
work/ext6b/4-2s1__group.954__X011	f12060b8e4dd01a0d8900a9b4022901e	carat/tables/qcatalog/dim6/dir.4-2;1;1/ordnung.48/(2)^6(6)^4/group.6204
work/ext6b/2-2s2-1s1__group.469__X011	f1410ba5ffcc9b8056c51cc56e157c7e	carat/tables/qcatalog/dim6/dir.2-2;2-1;1;1/ordnung.48/(1)^4(2)^2(12)^2/group.2159
work/ext6b/4-3s1__group.1006__C	f14313d443404de3f9ffd5e582b1a1e9	carat/tables/qcatalog/dim6/dir.4-3;1;1/ordnung.240/(1)^11(5)^5(10)^1(50)^1/group.7198
work/ext6b/2-2s2-2s1__group.526__C	f147458eca47eb4ec0d826888d241c78	carat/tables/qcatalog/dim6/dir.2-2;2-2;1;1/ordnung.24/(2)^5(6)^4(18)^1/group.2922
work/ext6b/3s2-2__group.745__T	f15cab3c0436416b72bd5b0da3d72ff1	carat/tables/qcatalog/dim6/dir.3;2-2;1/ordnung.48/(2)^10(4)^1(12)^2(36)^1/group.4266
work/ext6b/2-1s1s1s1__group.260__T	f1712413a8161a87cc2ccb95d58ab1dd	carat/tables/qcatalog/dim6/dir.2-1;1;1;1;1/ordnung.16/(2)^2(4)^2(8)^2/group.1189
work/ext6b/2-2s2-2s1__group.598__X001	f17a91fe4e4f5acd636e76c66e298e93	carat/tables/qcatalog/dim6/dir.2-2;2-2;1;1/ordnung.72/(1)^3(3)^5(6)^1(18)^1/group.3046
work/ext6b/2-2s1c1s1__group.365__X111	f18e17d28bfb119c46242c4e365ebbd2	carat/tables/qcatalog/dim6/dir.2-2;1,1;1;1/ordnung.24/(1)^4(6)^2(72)^1/group.1786
work/ext6b/2-2s2-1s1__group.467__C	f1cb423d091ef2957a36374ef28cf69f	carat/tables/qcatalog/dim6/dir.2-2;2-1;1;1/ordnung.96/(1)^4(2)^2(12)^2/group.2330
work/ext6b/2-2s2-1s1__group.409__T	f21244934670df2a981d9b280d2f8bb8	carat/tables/qcatalog/dim6/dir.2-2;2-1;1;1/ordnung.24/(1)^2(2)^1(6)^1(12)^2/group.2053
work/ext6b/3s2-1__group.692__C	f213b496b737e1dbbd8f42f316fcdcb9	carat/tables/qcatalog/dim6/dir.3;2-1;1/ordnung.192/(1)^4(2)^4(4)^6/group.3930
work/ext6b/4-1s1__group.822__X11	f2308c47c86bc26463eb64a714e251da	carat/tables/qcatalog/dim6/dir.4-1;1;1/ordnung.32/(2)^2(4)^12(8)^4/group.4728
work/ext6b/2-2s2-2s1__group.601__X101	f23dcabe35d96509ce35b6ef66e4fbbb	carat/tables/qcatalog/dim6/dir.2-2;2-2;1,1/ordnung.72/(1)^2(3)^6(18)^1/group.2777
work/ext6b/4-2s1__group.956__X110	f24ac4f4a45379a0c243eed8988ed916	carat/tables/qcatalog/dim6/dir.4-2;1;1/ordnung.48/(2)^6(6)^4/group.6212
work/ext6b/3s2-1__group.702__T	f2adb1143786607aa651e3d06b801b9c	carat/tables/qcatalog/dim6/dir.3;2-1;1/ordnung.96/(1)^4(2)^2(4)^6/group.4019
work/ext6b/2-2s2-1s1__group.425__T	f2d6817a3efff3049c0c32bf93622ede	carat/tables/qcatalog/dim6/dir.2-2;2-1;1;1/ordnung.24/(1)^4(6)^2(36)^2/group.2101
work/ext6b/5-1__group.1029__X10	f3079a4725ed2c93b63f68dc517db965	carat/tables/qcatalog/dim6/dir.5-1;1/ordnung.1920/(1)^16(2)^2(4)^8/group.7357
work/ext6b/2-2s1c1s1__group.352__C	f3288c6531e8ae90469b4e1b3d089042	carat/tables/qcatalog/dim6/dir.2-2;1,1;1;1/ordnung.24/(1)^2(2)^2(24)^1/group.1749
work/ext6b/4-3s1__group.1011__T	f34e5ba40e94a59f0682f649c71e3865	carat/tables/qcatalog/dim6/dir.4-3;1,1/ordnung.120/(1)^11(5)^5(10)^1/group.7176
work/ext6b/2-2s1c1s1__group.365__X001	f352fff713609c96a06329aa1d8ae81c	carat/tables/qcatalog/dim6/dir.2-2;1,1;1;1/ordnung.24/(1)^4(6)^2(72)^1/group.1785
work/ext6b/2-2s1s1s1__group.393__C	f37bea2b6ad387fec747dbf79716fc4c	carat/tables/qcatalog/dim6/dir.2-2;1;1;1;1/ordnung.48/(1)^4(2)^2(12)^2/group.1878
work/ext6b/2-2s2-2s1__group.615__X011	f382506cfef603377b7b5176ab41fa3d	carat/tables/qcatalog/dim6/dir.2-2;2-2;1;1/ordnung.72/(1)^5(3)^3(6)^1(18)^1/group.3120
work/ext6b/3s2-2__group.754__C	f38ac2aa7afabca657546a165d5e9e38	carat/tables/qcatalog/dim6/dir.3;2-2;1/ordnung.144/(1)^6(2)^2(4)^3(12)^1/group.4082
work/ext6b/2-2s2-1s1__group.512__X1101	f39b603991d9abfd332a967d9ca5cc27	carat/tables/qcatalog/dim6/dir.2-2;2-1;1;1/ordnung.96/(1)^4(2)^4(12)^2/group.2405
work/ext6b/3s1s1__group.671__X111	f3ac15faaa2d6cf2a47992514667009c	carat/tables/qcatalog/dim6/dir.3;1;1;1/ordnung.96/(1)^4(4)^8/group.3879
work/ext6b/2-2s2-2s1__group.604__X110	f3b367bc17b8073d2e143c325115f123	carat/tables/qcatalog/dim6/dir.2-2;2-2;1;1/ordnung.72/(1)^5(3)^1(6)^2/group.3094
work/ext6b/4-1s1__group.860__X010	f417f9f805c5c8207a21e0257599ef66	carat/tables/qcatalog/dim6/dir.4-1;1;1/ordnung.64/(2)^8(4)^8(8)^2/group.4868
work/ext6b/4-2s1__group.906__X11	f446fb99de2b4903c4a50beeec66fe2d	carat/tables/qcatalog/dim6/dir.4-2;1,1/ordnung.144/(1)^7(3)^8(9)^1(18)^1/group.5917
work/ext6b/2-2s2-2s1__group.601__X011	f457b524dfd9767ff572e5bdb67ac32d	carat/tables/qcatalog/dim6/dir.2-2;2-2;1;1/ordnung.72/(1)^4(3)^4(18)^2/group.3074
work/ext6b/3s2-2__group.729__T	f45d12627de0c7c6fd2a8e13d84284f0	carat/tables/qcatalog/dim6/dir.3;2-2;1/ordnung.24/(2)^9(4)^2(12)^2(72)^1/group.4163
work/ext6b/2-1s2-1s1__group.322__X0110	f45f4a9c3e69afcd5bc21d6bed2d20df	carat/tables/qcatalog/dim6/dir.2-1;2-1;1;1/ordnung.64/(2)^6(4)^2(8)^2/group.1502
work/ext6b/4-1s1__group.777__X0100	f47834d6230e54a9f61eec17fd7dbbaf	carat/tables/qcatalog/dim6/dir.4-1;1,1/ordnung.128/(2)^8(4)^8(8)^1/group.4462
work/ext6b/2-2s2-1s1__group.486__C	f4ac8e776ca4d629359d0f6f6b2c0d53	carat/tables/qcatalog/dim6/dir.2-2;2-1;1;1/ordnung.96/(1)^4(2)^4(12)^2/group.2419
work/ext6b/2-2s2-1s1__group.428__T	f4d6238090c7a21a36b3cc762463b1c8	carat/tables/qcatalog/dim6/dir.2-2;2-1;1,1/ordnung.24/(1)^3(3)^1(6)^2(24)^1/group.1932
work/ext6b/4-2s1__group.953__X10	f4eed252e85a777a842f6d450b728ce8	carat/tables/qcatalog/dim6/dir.4-2;1;1/ordnung.36/(1)^4(3)^8(9)^4(18)^2/group.6182
work/ext6b/2-1s1s1s1__group.274__C	f5044753c61e97a1dca6ee1fb9e9a133	carat/tables/qcatalog/dim6/dir.2-1;1;1;1;1/ordnung.128/(2)^4(4)^4/group.1188
work/ext6b/3s2-2__group.749__X10	f509777c75d6efc01315646b85391f6a	carat/tables/qcatalog/dim6/dir.3;2-2;1/ordnung.72/(1)^4(2)^1(4)^6(24)^1/group.4312
work/ext6b/2-1s2-1s1__group.277__C	f50c0d1bdf85d2e5de599a356e2ed7ef	carat/tables/qcatalog/dim6/dir.2-1;2-1;1;1/ordnung.32/(2)^4(4)^2(8)^2/group.1365
work/ext6b/3s2-2__group.738__T	f512b69ef550f951fbe946820a6e61bf	carat/tables/qcatalog/dim6/dir.3;2-2;1/ordnung.288/(1)^8(2)^2(4)^2(12)^2/group.4261
work/ext6b/2-2s1c1c1__group.344__X10	f51baee66e51bca0a509710680676056	carat/tables/qcatalog/dim6/dir.2-2;1,1,1;1/ordnung.6/(1)^2(3)^2(18)^1(54)^1/min.313
work/ext6b/2-2s2-2s1__group.552__C	f521a869a8a5b3e4cc8fb95bc138ed42	carat/tables/qcatalog/dim6/dir.2-2;2-2;1;1/ordnung.48/(2)^6(6)^4/group.3014
work/ext6b/2-2s1c1s1__group.365__X101	f521eb761efabff607bc1061b8be342c	carat/tables/qcatalog/dim6/dir.2-2;1,1;1;1/ordnung.24/(1)^4(6)^2(72)^1/group.1781
work/ext6b/3s2-2__group.744__C	f5318285f9a2ca3a811a88239f054494	carat/tables/qcatalog/dim6/dir.3;2-2;1/ordnung.96/(2)^10(4)^2(12)^2/group.4336
work/ext6b/1c1s1s1s1__group.212__T	f53e87220a2ea4c45fbfa772f8a777fe	carat/tables/qcatalog/dim6/dir.1,1;1;1;1;1/ordnung.8/(2)^2(4)^2(32)^1/min.194
work/ext6b/2-2s2-2s1__group.593__T	f54e9350c1c436ecc729d705ef87f20e	carat/tables/qcatalog/dim6/dir.2-2;2-2;1,1/ordnung.36/(1)^4(3)^4(18)^1/group.2771
work/ext6b/2-2s1s1s1__group.388__C	f56d5d6c1cfd668e2402bad6446b3114	carat/tables/qcatalog/dim6/dir.2-2;1;1;1;1/ordnung.48/(1)^4(2)^2(12)^2/group.1877
work/ext6b/4-1s1__group.808__X01	f56e92fd0a682efd35c3507edc32da3f	carat/tables/qcatalog/dim6/dir.4-1;1;1/ordnung.24/(2)^6(6)^4/group.4695
work/ext6b/4-2ps1__group.899__C	f578b03a38a552e56def7b88ef05c3d7	carat/tables/qcatalog/dim6/dir.4-2';1;1/ordnung.96/(2)^6(6)^4/group.5871
work/ext6b/2-1s2-1s1__group.301__X010	f580d6ab023bd683baff37542d1ed6bd	carat/tables/qcatalog/dim6/dir.2-1;2-1;1;1/ordnung.32/(2)^4(4)^4(8)^2/group.1400
work/ext6b/4-3ps1__group.997__T	f590efe1ed58f19ea6e38453ab69ca50	carat/tables/qcatalog/dim6/dir.4-3';1,1/ordnung.10/(1)^2(5)^6(50)^1/group.7094
work/ext6b/2-2s2-1s1__group.518__C	f5aac1a8b24b6d76357bad2e66828384	carat/tables/qcatalog/dim6/dir.2-2;2-1;1;1/ordnung.192/(1)^4(2)^4(12)^2/group.2046
work/ext6b/2-2s2-1s1__group.472__X010	f5ac20a1fa1f8e1396ef0ca9541c1ea9	carat/tables/qcatalog/dim6/dir.2-2;2-1;1;1/ordnung.48/(1)^4(2)^2(6)^2(36)^2/group.2180
work/ext6b/2-2s2-2s1__group.603__X101	f5b68f67c63e35e797c06e720505014d	carat/tables/qcatalog/dim6/dir.2-2;2-2;1;1/ordnung.72/(1)^5(3)^1(6)^2/group.3091
work/ext6b/2-1s2-1s1__group.307__X011	f5f3d9d67df00aa9a0ad009024cf6eb3	carat/tables/qcatalog/dim6/dir.2-1;2-1;1;1/ordnung.32/(2)^4(4)^4(8)^2/group.1415
work/ext6b/2-2s2-1s1__group.427__X10	f6051297257ebb3ca313fc55934dae46	carat/tables/qcatalog/dim6/dir.2-2;2-1;1;1/ordnung.24/(1)^4(2)^1(6)^1(12)^1(36)^1/group.2074
work/ext6b/4-2s1__group.984__X01	f60a990b0509abfda06e95afe374ecfb	carat/tables/qcatalog/dim6/dir.4-2;1,1/ordnung.72/(1)^5(3)^8(9)^3(18)^1/group.5992
work/ext6b/2-2s2-1s1__group.512__C	f60e14e2f62f1cf8eba70cf89021a956	carat/tables/qcatalog/dim6/dir.2-2;2-1;1;1/ordnung.192/(1)^4(2)^4(12)^2/group.2040
work/ext6b/1c1c1s1s1__group.209__T	f624aca126ebc1a4378c4fdaf0d06e1e	carat/tables/qcatalog/dim6/dir.1,1,1;1;1;1/ordnung.8/(2)^2(4)^1(12)^1/group.1054
work/ext6b/5-1__group.1031__X01	f630e2f183e86c109f8b469b81046ad2	carat/tables/qcatalog/dim6/dir.5-1;1/ordnung.320/(1)^16(2)^1(4)^8(8)^1/group.7359
work/ext6b/1c1s1s1s1__group.211__X0111	f63754a86b66eb5553477176aedf4c5f	carat/tables/qcatalog/dim6/dir.1,1;1;1;1;1/ordnung.16/(2)^1(4)^2(8)^2/group.1062
work/ext6b/2-2s2-2s1__group.624__X110	f653f133e5aeb611e41cc41471900483	carat/tables/qcatalog/dim6/dir.2-2;2-2;1;1/ordnung.72/(1)^6(3)^2(6)^2/group.3149
work/ext6b/4-1s1__group.866__X100	f66299214e5386bc7847a8e6a408afc2	carat/tables/qcatalog/dim6/dir.4-1;1;1/ordnung.64/(2)^8(4)^8(8)^2/group.4877
work/ext6b/2-2s2-1s1__group.423__X11	f67cf2a7dee7fd2aec68def043b05d48	carat/tables/qcatalog/dim6/dir.2-2;2-1;1;1/ordnung.24/(1)^2(4)^3(12)^1/group.2070
work/ext6b/2-1s2-1s1__group.296__X111	f67d0278b850dda70e13930d793e89e9	carat/tables/qcatalog/dim6/dir.2-1;2-1;1;1/ordnung.32/(2)^4(4)^4(8)^2/group.1413
work/ext6b/2-2s2-2s1__group.617__C	f688c3cfde2f2b67e02c6c81fadf3da1	carat/tables/qcatalog/dim6/dir.2-2;2-2;1;1/ordnung.144/(1)^5(3)^3(6)^1(18)^1/group.2864
work/ext6b/2-1s2-1s1__group.288__C	f68e7539ddeade06eb610753a00d300c	carat/tables/qcatalog/dim6/dir.2-1;2-1;1;1/ordnung.64/(2)^4(4)^2(8)^2/group.1437
work/ext6b/2-2s1s1s1__group.404__C	f6ad9bfac2fc8f2922aeaa35638f2beb	carat/tables/qcatalog/dim6/dir.2-2;1;1;1;1/ordnung.96/(1)^4(2)^2(12)^2/group.1893
work/ext6b/4-2s1__group.907__C	f6d5017214f950f27a7563db7624745c	carat/tables/qcatalog/dim6/dir.4-2;1;1/ordnung.288/(1)^8(3)^8(18)^2/group.6163
work/ext6b/2-2s2-1s1__group.429__C	f6fed31f13f35e6077f47e970a9b5a5e	carat/tables/qcatalog/dim6/dir.2-2;2-1;1;1/ordnung.48/(1)^4(2)^1(6)^1(12)^1(36)^1/group.2157
work/ext6b/2-2s2-2s1__group.629__X101	f70329d6d48cfadb86c61b9845eb0ed5	carat/tables/qcatalog/dim6/dir.2-2;2-2;1,1/ordnung.72/(1)^5(3)^3(6)^1/group.2809
work/ext6b/2-2s2-1s1__group.420__X11	f723f79f085483f4479c2744e3a5ab86	carat/tables/qcatalog/dim6/dir.2-2;2-1;1,1/ordnung.24/(1)^2(2)^2(24)^1/group.1917
work/ext6b/1s1s1s1s1__group.221__X11111	f727ae8795e481e5d55b56be7e11fb4f	carat/tables/qcatalog/dim6/dir.1;1;1;1;1;1/ordnung.32/(2)^1(4)^4(8)^1/group.1075
work/ext6b/4-2s1__group.917__X010	f73280d0a6d018fd14380cfdc6b4438f	carat/tables/qcatalog/dim6/dir.4-2;1;1/ordnung.144/(1)^10(3)^6(6)^2/group.6017
work/ext6b/4-1s1__group.857__T	f73c9f6c57ffb64b11f1f407efe9d55d	carat/tables/qcatalog/dim6/dir.4-1;1;1/ordnung.576/(1)^8(2)^10/group.4818
work/ext6b/2-2s2-1s1__group.503__X101	f768b0b104223e731bcda3a95e56ee5d	carat/tables/qcatalog/dim6/dir.2-2;2-1;1,1/ordnung.48/(1)^4(2)^3(6)^1(24)^1/group.2010
work/ext6b/2-2s1s1s1__group.378__T	f78fb94e02e0599a54f41ba12bad7060	carat/tables/qcatalog/dim6/dir.2-2;1;1;1;1/ordnung.24/(1)^2(4)^3(12)^1/group.1818
work/ext6b/4-1s1__group.862__X10	f7bbc1637d9bf2c914455c5a0b8d9ceb	carat/tables/qcatalog/dim6/dir.4-1;1;1/ordnung.64/(2)^8(4)^8(8)^2/group.4860
work/ext6b/3s2-2__group.713__C	f7d6b9454a28c6c5e16d59214577b42b	carat/tables/qcatalog/dim6/dir.3;2-2;1/ordnung.288/(1)^6(2)^2(4)^4(12)^2/group.4187
work/ext6b/4-2s1__min.157__T	f7de349343301d5d22b1cb7f090c576b	carat/tables/qcatalog/dim6/dir.4-2;1,1/ordnung.18/(1)^2(3)^4(9)^2(18)^1/min.568
work/ext6b/2-2s1c1s1__group.358__X01	f7fb6ab30b3fb98d81c5ebed66c9774b	carat/tables/qcatalog/dim6/dir.2-2;1,1;1;1/ordnung.12/(1)^3(3)^1(6)^1(18)^1(72)^1/min.336
work/ext6b/2-2s2-1s1__group.508__X0101	f80826dcd66d76970089e451a56c3299	carat/tables/qcatalog/dim6/dir.2-2;2-1;1;1/ordnung.96/(1)^4(2)^4(24)^2/group.2428
work/ext6b/4-2s1__group.957__T	f80aa67dcdf6fbd20dfa1aed35ec442c	carat/tables/qcatalog/dim6/dir.4-2;1,1/ordnung.48/(2)^9(6)^8/group.5967
work/ext6b/2-2s2-1s1__group.460__X110	f80b4c2f784bb2109ccb269c4f42b062	carat/tables/qcatalog/dim6/dir.2-2;2-1;1;1/ordnung.48/(1)^2(4)^3(12)^1/group.2147
work/ext6b/2-2s2-2s1__group.607__X111	f80d4339b8d43f194720b42b1431873f	carat/tables/qcatalog/dim6/dir.2-2;2-2;1;1/ordnung.72/(1)^5(3)^1(6)^2/group.3095
work/ext6b/4-2s1__group.943__C	f831cdc77e65ea52324cb7d792159728	carat/tables/qcatalog/dim6/dir.4-2;1;1/ordnung.576/(1)^10(3)^6(6)^2/group.6224
work/ext6b/2-2s1c1c1__group.334__X11	f83762798cda688dd691f2b0a0837daf	carat/tables/qcatalog/dim6/dir.2-2;1,1,1;1/ordnung.12/(1)^2(6)^2/group.1706
work/ext6b/2-2s2-1s1__group.473__X001	f839fb1e7a8c198bcc49091fd2ac5b99	carat/tables/qcatalog/dim6/dir.2-2;2-1;1;1/ordnung.48/(1)^4(2)^3(6)^1(24)^1(72)^1/group.2220
work/ext6b/5-1__max.14__X10	f83ffaa4bce44f67e05e8fdf9a954929	carat/tables/qcatalog/dim6/dir.5-1;1/ordnung.3840/(1)^16(2)^2(4)^8/group.7371
work/ext6b/1s1s1s1s1__min.71__X011	f84a372d4020f07e868ea08c72c1906c	carat/tables/qcatalog/dim6/dir.1;1;1;1;1;1/ordnung.8/(2)^2(8)^4/min.198
work/ext6b/3s1s1__group.665__C	f85ba015a395afbc12e3282e65c366c6	carat/tables/qcatalog/dim6/dir.3;1;1;1/ordnung.96/(1)^4(2)^2(4)^6/group.3870
work/ext6b/3s2-2__group.724__X011	f85bc2369b11447e7d7eed209a5b7cb4	carat/tables/qcatalog/dim6/dir.3;2-2;1/ordnung.144/(1)^8(2)^1(4)^3(12)^1(24)^1/group.4113
work/ext6b/3s2-2__group.712__T	f86106d4623c42b8f36ada106a9d9ae2	carat/tables/qcatalog/dim6/dir.3;2-2;1/ordnung.144/(1)^6(2)^1(4)^5(12)^1(24)^1/group.4068
work/ext6b/3s2-1__group.679__X011	f8626c0a486e573ae3a9cd47f82c080c	carat/tables/qcatalog/dim6/dir.3;2-1;1/ordnung.192/(1)^4(2)^4(4)^6/group.3962
work/ext6b/2-2s1s1s1__group.384__X110	f87fdb359a7df91814f91c2e0cd46efa	carat/tables/qcatalog/dim6/dir.2-2;1;1;1;1/ordnung.24/(1)^4(2)^1(6)^1(12)^1(36)^1/group.1821
work/ext6b/4-3s1__group.1007__C	f88608b8e698140d88621d8d70128ec3	carat/tables/qcatalog/dim6/dir.4-3;1;1/ordnung.240/(1)^11(5)^5(10)^1(50)^1/group.7199
work/ext6b/2-2s2-1s1__group.434__X11	f88910b02e1275126abd1a22c7be8e34	carat/tables/qcatalog/dim6/dir.2-2;2-1;1;1/ordnung.24/(1)^4(4)^2(12)^2/group.2099
work/ext6b/3s1c1__group.644__X01	f89eab5e5dd0e13b20d877f9acd942bd	carat/tables/qcatalog/dim6/dir.3;1,1,1/ordnung.48/(1)^4(2)^2(4)^3(12)^1/group.3785
work/ext6b/2-1s1s1s1__group.269__X1011	f8a133f1bcb24ee36815b193666bfa45	carat/tables/qcatalog/dim6/dir.2-1;1;1;1;1/ordnung.32/(2)^4(4)^2(8)^2/group.1229
work/ext6b/2-2s2-1s1__group.408__X00001	f8ad9d0545ca3a94cf6b0b6c736425e2	carat/tables/qcatalog/dim6/dir.2-2;2-1;1;1/ordnung.192/(1)^4(2)^4(12)^2/group.2036
work/ext6b/2-2s2-2s1__group.589__X001	f8b24f554c02994d5e905cde3c570117	carat/tables/qcatalog/dim6/dir.2-2;2-2;1;1/ordnung.36/(1)^4(3)^4(18)^2/group.3003
work/ext6b/2-2s2-1s1__group.422__C	f8b2eb9195ca34c8f133f915522936ea	carat/tables/qcatalog/dim6/dir.2-2;2-1;1;1/ordnung.48/(1)^2(2)^2(4)^1(12)^1/group.2111
work/ext6b/2-2s1s1s1__group.376__X111	f8b370112b1568eac5540026f599f9f0	carat/tables/qcatalog/dim6/dir.2-2;1;1;1;1/ordnung.24/(1)^2(4)^3(12)^1/group.1817
work/ext6b/4-1s1__group.798__X110	f8c7f67247f4d30862f43fbe9413dcb6	carat/tables/qcatalog/dim6/dir.4-1;1;1/ordnung.192/(2)^10(4)^8/group.4676
work/ext6b/5-1__group.1025__C	f8f911ecf63b59cee54c9f3c9884d3fc	carat/tables/qcatalog/dim6/dir.5-1;1/ordnung.320/(1)^8(2)^2(4)^16/group.7368
work/ext6b/2-2s2-2s1__group.531__X1100	f916d811b5ba76c9139f2d2d72f67c9f	carat/tables/qcatalog/dim6/dir.2-2;2-2;1;1/ordnung.144/(1)^6(3)^2(6)^2/group.2872
work/ext6b/2-2s2-2s1__group.551__X010	f926aaa6c2c2145c1bb701cb3842a412	carat/tables/qcatalog/dim6/dir.2-2;2-2;1,1/ordnung.24/(2)^3(6)^6/group.2730
work/ext6b/2-2s2-1s1__group.519__X0111	f94647552a930613185d2499ac8f385d	carat/tables/qcatalog/dim6/dir.2-2;2-1;1;1/ordnung.96/(1)^4(2)^4(24)^2/group.2423
work/ext6b/2-2s2-2s1__group.586__X11	f947d3a6acccb5ebdfae4236ac560c1d	carat/tables/qcatalog/dim6/dir.2-2;2-2;1,1/ordnung.36/(1)^4(3)^2(6)^1/group.2767
work/ext6b/2-2s1s1s1__group.375__X001	f94ea0baa0a24ea091b8573bb09c2032	carat/tables/qcatalog/dim6/dir.2-2;1;1;1;1/ordnung.24/(1)^4(6)^2(36)^2/group.1841
work/ext6b/2-2s2-1s1__group.464__C	f9632fcb7275ea9dd64ab660aa9f4417	carat/tables/qcatalog/dim6/dir.2-2;2-1;1;1/ordnung.96/(1)^4(2)^2(12)^2/group.2329
work/ext6b/3s2-2__group.748__C	f96b34a77d13781c97b18b84b27fd942	carat/tables/qcatalog/dim6/dir.3;2-2;1/ordnung.144/(1)^4(2)^2(4)^5(12)^1/group.4057
work/ext6b/2-2s2-2s1__group.576__X11	f97668f5ea5b64873cc9efdfe9e1c515	carat/tables/qcatalog/dim6/dir.2-2;2-2;1;1/ordnung.36/(1)^4(3)^2(6)^1(18)^1/group.2992
work/ext6b/3s1c1__group.642__X11	f982eac448428c1ba0c71c07d019ae2d	carat/tables/qcatalog/dim6/dir.3;1,1;1/ordnung.48/(1)^4(2)^2(4)^4(32)^1/group.3799
work/ext6b/2-2s2-1s1__group.484__X010	f9b3d45f24ac178b07fc156c3e9fd109	carat/tables/qcatalog/dim6/dir.2-2;2-1;1;1/ordnung.48/(1)^4(2)^4(24)^2/group.2276
work/ext6b/2-1s2-1s1__group.320__X1010	f9b87a96c24b5eb5a1a499c6bf667513	carat/tables/qcatalog/dim6/dir.2-1;2-1;1,1/ordnung.64/(2)^6(4)^2(8)^1/group.1304
work/ext6b/3s1c1__group.646__X11	f9c90ba36cd7765d17e77dd236bd0697	carat/tables/qcatalog/dim6/dir.3;1,1;1/ordnung.48/(1)^4(4)^6(8)^1/group.3812
work/ext6b/4-2s1__group.961__X011	f9e99e26b3a8c12699d38b61c504cb3c	carat/tables/qcatalog/dim6/dir.4-2;1;1/ordnung.48/(2)^10(6)^8/group.6201
work/ext6b/2-1s1c1s1__group.230__T	fa07beeb6bf02121ac50029564f40fbb	carat/tables/qcatalog/dim6/dir.2-1;1,1;1;1/ordnung.16/(2)^4(4)^2(32)^1/group.1146
work/ext6b/4-2s1__group.968__X01	fa1b9cb524841b38ae3600b3aa05e006	carat/tables/qcatalog/dim6/dir.4-2;1,1/ordnung.72/(1)^5(3)^3(6)^1/group.5983
work/ext6b/4-1s1__min.143__X10	fa1e0d9c32f7c59324a80fc9d8cc9dd1	carat/tables/qcatalog/dim6/dir.4-1;1;1/ordnung.16/(2)^2(4)^4(8)^4/min.491
work/ext6b/4-2s1__group.909__T	fa201d1706b603df07c84edf2eda4b69	carat/tables/qcatalog/dim6/dir.4-2;1,1/ordnung.144/(1)^7(3)^8(9)^1(18)^1/group.5920
work/ext6b/3s2-2__group.747__T	fa2adee0650eff23a7748e1c5c356089	carat/tables/qcatalog/dim6/dir.3;2-2;1/ordnung.48/(2)^9(4)^3(12)^1(24)^1/group.4285
work/ext6b/2-2s2-2s1__group.528__X1010	fa6646fb8f207c0da9f7d3b31d7cf117	carat/tables/qcatalog/dim6/dir.2-2;2-2;1;1/ordnung.144/(1)^5(3)^1(6)^2/group.2836
work/ext6b/4-1s1__group.818__X0001	fa696d449f38f5f432846c241060387a	carat/tables/qcatalog/dim6/dir.4-1;1;1/ordnung.32/(2)^2(4)^12(8)^4/group.4721
work/ext6b/4-2s1__group.965__X010	fa7750e5805748e9e018ee614e5f8f9f	carat/tables/qcatalog/dim6/dir.4-2;1;1/ordnung.72/(1)^4(3)^8(9)^4(18)^2/group.6248
work/ext6b/2-1s2-1s1__min.93__T	fa8388f76077db797dcaf575f51f6ae3	carat/tables/qcatalog/dim6/dir.2-1;2-1;1,1/ordnung.16/(2)^4(8)^3/min.253
work/ext6b/4-1s1__group.869__X011	fa933e6aae6e3d2cdf8467529816712a	carat/tables/qcatalog/dim6/dir.4-1;1;1/ordnung.64/(2)^8(4)^8(8)^2/group.4892
work/ext6b/4-1s1__group.836__T	faa5743e5cf9f9bdcd0bd5459e289c23	carat/tables/qcatalog/dim6/dir.4-1;1,1/ordnung.384/(1)^4(2)^12(8)^1/group.4520
work/ext6b/2-1s2-1s1__group.298__C	fab7e0888587b6aabcea54ad6832f6e0	carat/tables/qcatalog/dim6/dir.2-1;2-1;1;1/ordnung.64/(2)^4(4)^6/group.1463
work/ext6b/3s2-2__max.10__X1110	fac49d599dd7c8a795c3a32ba4fb25a9	carat/tables/qcatalog/dim6/dir.3;2-2;1/ordnung.576/(1)^8(2)^2(4)^2(12)^2/group.4297
work/ext6b/4-1s1__group.833__C	fac707957e7e2bafcb5954ad0828ae05	carat/tables/qcatalog/dim6/dir.4-1;1;1/ordnung.768/(1)^2(2)^12(4)^4/group.4893
work/ext6b/2-2s2-1s1__group.508__X1111	facebc2d9f7365dd4dcf998a8650bb57	carat/tables/qcatalog/dim6/dir.2-2;2-1;1;1/ordnung.96/(1)^4(2)^4(24)^2/group.2437
work/ext6b/3s1s1__group.650__X10	fad1c7b16e4ab315d74d382f34a7033f	carat/tables/qcatalog/dim6/dir.3;1;1;1/ordnung.48/(1)^2(2)^2(4)^6(8)^2/min.441
work/ext6b/3s2-1__group.681__X010	fada064630effd3af3fd9387461d4a1c	carat/tables/qcatalog/dim6/dir.3;2-1;1/ordnung.192/(1)^4(2)^4(4)^6/group.3936
work/ext6b/4-1s1__group.805__C	fadbbe2558bcb599a7dea3674ee87137	carat/tables/qcatalog/dim6/dir.4-1;1;1/ordnung.384/(1)^4(2)^10(4)^4/group.4775
work/ext6b/4-1s1__group.793__T	faea15b2eeef1bf56b11823121b83117	carat/tables/qcatalog/dim6/dir.4-1;1;1/ordnung.192/(2)^18/group.4682
work/ext6b/2-2s2-1s1__group.481__C	faef844d0068744d0c476733be45f39f	carat/tables/qcatalog/dim6/dir.2-2;2-1;1;1/ordnung.96/(1)^4(2)^4(12)^2/group.2352
work/ext6b/4-1s1__group.813__C	fb03ae2d7acd284675e026f1404d3274	carat/tables/qcatalog/dim6/dir.4-1;1;1/ordnung.64/(2)^4(4)^6/group.4852
work/ext6b/3s2-2__group.736__C	fb1c0f617005e2052a1a39dbc1533b8f	carat/tables/qcatalog/dim6/dir.3;2-2;1/ordnung.576/(1)^8(2)^2(4)^2(12)^2/group.4291
work/ext6b/2-2s1s1s1__group.398__C	fb48e8c06d892d97b6bbc1ae741ec411	carat/tables/qcatalog/dim6/dir.2-2;1;1;1;1/ordnung.96/(1)^4(2)^1(6)^1(12)^1(36)^1/group.1891
work/ext6b/4-1s1__group.894__X01	fb5f2f3d53d78bf50bb3f3512ec77ca3	carat/tables/qcatalog/dim6/dir.4-1;1,1/ordnung.96/(1)^4(2)^5(6)^7(24)^1/group.4570
work/ext6b/3s2-1__group.687__C	fb604f1696415c114fcd64cbd8c2b843	carat/tables/qcatalog/dim6/dir.3;2-1;1/ordnung.192/(1)^2(2)^4(4)^8/group.3890
work/ext6b/4-1s1__group.892__X111	fb6b640deac29763a03fc2337c505ecd	carat/tables/qcatalog/dim6/dir.4-1;1;1/ordnung.96/(2)^10(6)^8/group.4918
work/ext6b/2-1s2-1s1__group.306__X100	fba3f3ce6fd0c4597893cbd9306701ff	carat/tables/qcatalog/dim6/dir.2-1;2-1;1,1/ordnung.32/(2)^4(4)^4(8)^1/group.1284
work/ext6b/4-3s1__group.1008__T	fbacf6aa438a00003aa6faa99e905caa	carat/tables/qcatalog/dim6/dir.4-3;1,1/ordnung.120/(1)^11(5)^5(10)^1/group.7178
work/ext6b/2-2s2-2s1__group.591__C	fbc7831200fd923dc3f2dac44e882167	carat/tables/qcatalog/dim6/dir.2-2;2-2;1;1/ordnung.72/(1)^5(3)^3(6)^1(18)^1/group.3129
work/ext6b/2-2s1s1s1__group.395__C	fbca24caa7827bda20fca7a2da674fc8	carat/tables/qcatalog/dim6/dir.2-2;1;1;1;1/ordnung.48/(1)^4(2)^2(12)^2/group.1882
work/ext6b/4-2s1__group.937__T	fbf1d05e1cfc317804e75b5d4ca2dafe	carat/tables/qcatalog/dim6/dir.4-2;1;1/ordnung.288/(1)^10(3)^6(6)^2/group.6122
work/ext6b/3s2-1__group.691__X01	fc114d555df5cb8ed01140b9fd73dc98	carat/tables/qcatalog/dim6/dir.3;2-1;1/ordnung.96/(1)^4(2)^4(4)^4(8)^2/group.4025
work/ext6b/3s2-2__group.722__X010	fc18bd242747d4cc35716afbd288a75a	carat/tables/qcatalog/dim6/dir.3;2-2;1/ordnung.144/(1)^8(2)^2(4)^1(12)^2(36)^1/group.4132
work/ext6b/5-2__group.1037__T	fc3af7da10f814a74735f8cfb9613345	carat/tables/qcatalog/dim6/dir.5-2;1/ordnung.120/(1)^8(2)^10(12)^8/group.7389
work/ext6b/3s2-2__group.734__X010	fc48a78d4c5b92ab557a609b5e9fb0d9	carat/tables/qcatalog/dim6/dir.3;2-2;1/ordnung.288/(1)^8(2)^2(4)^2(12)^2/group.4213
work/ext6b/4-2s1__group.937__X111	fc5321cc6f294864517da033c358a3aa	carat/tables/qcatalog/dim6/dir.4-2;1;1/ordnung.288/(1)^10(3)^6(6)^2/group.6133
work/ext6b/2-2s2-2s1__group.605__X100	fc57795e1e322dfbb7f06d3f0ba29e2d	carat/tables/qcatalog/dim6/dir.2-2;2-2;1,1/ordnung.72/(1)^4(3)^2(6)^1/group.2789
work/ext6b/2-2s1c1s1__group.368__X100	fc661122a2bca39c53dd6a592bf86892	carat/tables/qcatalog/dim6/dir.2-2;1,1;1;1/ordnung.24/(1)^4(2)^1(6)^1(24)^1/group.1776
work/ext6b/4-3s1__group.1020__X10	fc8bea16090e4c1d0fbd5e40d3931263	carat/tables/qcatalog/dim6/dir.4-3;1,1/ordnung.40/(1)^5(5)^11(10)^1/group.7188
work/ext6b/2-2s2-1s1__group.447__C	fc956ad1274454647c2a0d806fefc9ca	carat/tables/qcatalog/dim6/dir.2-2;2-1;1;1/ordnung.48/(1)^4(2)^4(12)^2/group.2234
work/ext6b/3s2-1__group.686__X1110	fc9906408ec87e603fcbf65c76d604c6	carat/tables/qcatalog/dim6/dir.3;2-1;1/ordnung.384/(1)^4(2)^4(4)^6/group.3971
work/ext6b/5-1__max.14__X01	fcd34ade7175c7310910e15f438e4d03	carat/tables/qcatalog/dim6/dir.5-1;1/ordnung.3840/(1)^16(2)^1(4)^8(8)^1/group.7369
work/ext6b/2-2s2-1s1__group.510__X0111	fcd53f1593e5249f1a014133c7321a51	carat/tables/qcatalog/dim6/dir.2-2;2-1;1;1/ordnung.96/(1)^4(2)^4(12)^2/group.2360
work/ext6b/2-1s2-1s1__group.293__X001	fcd62dfa2e96be49a4e9e881e13b3483	carat/tables/qcatalog/dim6/dir.2-1;2-1;1;1/ordnung.32/(2)^4(4)^2(8)^2/group.1382
work/ext6b/2-2s2-2s1__group.529__X0001	fcd8a1dc02d4cf1599d84313e313e947	carat/tables/qcatalog/dim6/dir.2-2;2-2;1;1/ordnung.144/(1)^4(3)^4(18)^2/group.2827
work/ext6b/4-1s1__group.772__X111	fcda956c3564eff39b6310082063a695	carat/tables/qcatalog/dim6/dir.4-1;1;1/ordnung.128/(2)^12(4)^4(8)^2/group.4603
work/ext6b/2-2s2-2s1__group.582__C	fcf3e7d6457bbef9f3a8e0e858750e3f	carat/tables/qcatalog/dim6/dir.2-2;2-2;1;1/ordnung.72/(1)^4(3)^4(18)^2/group.3060
work/ext6b/4-1s1__group.825__X011	fd258ead31880ffc93a71eb4cd992a4a	carat/tables/qcatalog/dim6/dir.4-1;1;1/ordnung.32/(2)^2(4)^12(8)^4/group.4739
work/ext6b/4-1s1__group.850__X10	fd2edb476c51e3f1b19490796482fbef	carat/tables/qcatalog/dim6/dir.4-1;1,1/ordnung.48/(2)^9(6)^8/group.4537
work/ext6b/4-2s1__group.910__X101	fd669dc5cf834c8b9e6cf466f655f791	carat/tables/qcatalog/dim6/dir.4-2;1;1/ordnung.144/(1)^8(3)^8(18)^2/group.6098
work/ext6b/2-2s2-1s1__group.515__X0011	fd712f785c93eaa31a3769980ef3efc5	carat/tables/qcatalog/dim6/dir.2-2;2-1;1;1/ordnung.96/(1)^4(2)^4(12)^2/group.2414
work/ext6b/2-2s2-1s1__group.411__X01	fd7dbdbe2758fa28a37da7e6543a03d6	carat/tables/qcatalog/dim6/dir.2-2;2-1;1;1/ordnung.24/(1)^2(2)^3(6)^1(24)^2/group.2063
work/ext6b/2-2s2-2s1__group.604__X100	fd7e4c4ae252963721b526c6d5581d31	carat/tables/qcatalog/dim6/dir.2-2;2-2;1,1/ordnung.72/(1)^4(3)^2(6)^1/group.2795
work/ext6b/4-1s1__group.876__X100	fd8d55d28bf69c02cdccc7bf5077c44c	carat/tables/qcatalog/dim6/dir.4-1;1,1/ordnung.64/(2)^8(4)^8(8)^1/group.4565
work/ext6b/3s1c1__min.131__C	fda31d8e3d23af09a4fee383dcbc1393	carat/tables/qcatalog/dim6/dir.3;1,1;1/ordnung.24/(1)^2(2)^2(4)^6(32)^1/min.432
work/ext6b/3s2-2__group.734__X011	fdaf96eae05bbf6debe78f506f131d73	carat/tables/qcatalog/dim6/dir.3;2-2;1/ordnung.288/(1)^8(2)^2(4)^2(12)^2/group.4237
work/ext6b/2-1s2-1s1__group.298__X010	fdc84820ce8c78b58fce1021f5195df7	carat/tables/qcatalog/dim6/dir.2-1;2-1;1;1/ordnung.32/(2)^4(4)^4(8)^2/group.1388
work/ext6b/4-1s1__group.782__X001	fdf9e86bd9360491457250ce3de13237	carat/tables/qcatalog/dim6/dir.4-1;1,1/ordnung.144/(1)^8(2)^1(6)^8/group.4466
work/ext6b/4-2s1__group.931__C	fe0889cdd02c9670583c1d5eed71885e	carat/tables/qcatalog/dim6/dir.4-2;1;1/ordnung.48/(2)^6(6)^4/group.6216
work/ext6b/2-2s2-2s1__group.619__X001	fe0938fd59f006373c27cbf384ef8f79	carat/tables/qcatalog/dim6/dir.2-2;2-2;1,1/ordnung.72/(1)^4(3)^4(18)^1/group.2796
work/ext6b/2-1s2-1s1__group.317__C	fe27a067139948d7cf1c99a162e65549	carat/tables/qcatalog/dim6/dir.2-1;2-1;1;1/ordnung.128/(2)^4(4)^6/group.1310
work/ext6b/5-2__group.1041__C	fe27fea98681ebb94c8231a74a088113	carat/tables/qcatalog/dim6/dir.5-2;1/ordnung.1440/(1)^16(2)^2(6)^8/group.7396
work/ext6b/4-2s1__group.987__X11	fe47e8c67b58fb7bf3228ba448fc5cb1	carat/tables/qcatalog/dim6/dir.4-2;1,1/ordnung.72/(1)^5(3)^10(9)^1(18)^1/group.5981
work/ext6b/2-2s2-1s1__group.451__T	fe6968bee6699d36b404482ba5892e70	carat/tables/qcatalog/dim6/dir.2-2;2-1;1;1/ordnung.48/(1)^2(2)^3(6)^1(12)^2/group.2117
work/ext6b/4-3ps1__group.998__C	fe9435c3c7719696f0393346fcf71034	carat/tables/qcatalog/dim6/dir.4-3';1;1/ordnung.20/(1)^1(5)^3(10)^2/group.7102
work/ext6b/2-2s1s1s1__group.398__X1001	fe94b4d115cfe9c8d5f7a84b63f1869e	carat/tables/qcatalog/dim6/dir.2-2;1;1;1;1/ordnung.48/(1)^4(2)^1(6)^1(12)^1(36)^1/group.1862
work/ext6b/4-1s1__group.889__T	feb4d6ae0508f5bab88670f508d2fa04	carat/tables/qcatalog/dim6/dir.4-1;1,1/ordnung.96/(2)^9(4)^8/group.4576
work/ext6b/4-2s1__group.908__C	febb2a9200efe77ea302c85a99aa18f0	carat/tables/qcatalog/dim6/dir.4-2;1;1/ordnung.288/(1)^8(3)^8(18)^2/group.6160
work/ext6b/2-2s2-2s1__group.624__X101	fed1b88fb7f03cd1fd569be7d9f38143	carat/tables/qcatalog/dim6/dir.2-2;2-2;1;1/ordnung.72/(1)^6(3)^2(6)^2/group.3151
work/ext6b/3s2-2__group.743__X11	fed55d4a97715cadc50236f81916dcf7	carat/tables/qcatalog/dim6/dir.3;2-2;1/ordnung.48/(2)^6(4)^5(12)^1/group.4280
work/ext6b/2-1s1c1c1__min.80__C	fee5e9541c5a50bcd9654ad6e417627e	carat/tables/qcatalog/dim6/dir.2-1;1,1,1;1/ordnung.8/(2)^2(4)^1(12)^1/group.1120
work/ext6b/5-1__group.1027__T	feecd279599316ee01f65bfd59a85944	carat/tables/qcatalog/dim6/dir.5-1;1/ordnung.1920/(1)^16(2)^2(4)^8/group.7356
work/ext6b/4-1s1__group.835__X01	fefeda689646788fcdbef3cf8d418829	carat/tables/qcatalog/dim6/dir.4-1;1;1/ordnung.384/(1)^4(2)^12(4)^2/group.4782
work/ext6b/2-2s2-1s1__group.460__X011	ff0459fbc45c80b49a72443245dffe4e	carat/tables/qcatalog/dim6/dir.2-2;2-1;1;1/ordnung.48/(1)^2(2)^2(4)^1(12)^1/group.2108
work/ext6b/3s2-2__group.739__X100	ff07b9e12f0ab117dd49df9adab2addd	carat/tables/qcatalog/dim6/dir.3;2-2;1/ordnung.288/(1)^8(2)^2(4)^1(12)^2(36)^1/group.4199
work/ext6b/4-2s1__group.964__X11	ff35f9f2ca1e7f25c970fd14b75b2353	carat/tables/qcatalog/dim6/dir.4-2;1;1/ordnung.72/(1)^4(3)^4(18)^2/group.6238
work/ext6b/2-2s2-2s1__group.621__T	ff42b0f5a42bbf87d583f48461cd048d	carat/tables/qcatalog/dim6/dir.2-2;2-2;1;1/ordnung.72/(1)^5(3)^3(6)^1(18)^1/group.3144
work/ext6b/4-1s1__group.793__X01	ff500e5f07d7d48d433f1b14cdfe4bd3	carat/tables/qcatalog/dim6/dir.4-1;1,1/ordnung.192/(2)^17/group.4485
work/ext6b/4-2s1__group.940__X010	ff503f211d746b82fa7063d7811841dc	carat/tables/qcatalog/dim6/dir.4-2;1,1/ordnung.288/(1)^9(3)^7(6)^1/group.5949
work/ext6b/4-1s1__group.765__C	ff6518e8815b657f7283353323cd726d	carat/tables/qcatalog/dim6/dir.4-1;1;1/ordnung.2304/(1)^6(2)^10(4)^2/group.4687
work/ext6b/4-1s1__group.885__X10	ff6d5cfb6255e59df552dcf9091a1af7	carat/tables/qcatalog/dim6/dir.4-1;1;1/ordnung.96/(2)^10/group.4908
work/ext6b/3s2-1__group.678__T	ff7bc52e6569b932c3b078d42f06b82c	carat/tables/qcatalog/dim6/dir.3;2-1;1/ordnung.192/(1)^4(2)^4(4)^4(8)^2/group.3916
work/ext6b/3s2-1__group.682__C	ff7d7ada452b1fde72c2c0be7bfb319c	carat/tables/qcatalog/dim6/dir.3;2-1;1/ordnung.384/(1)^4(2)^4(4)^6/group.3978
work/ext6b/2-2s1c1s1__group.366__X011	ff97cc65b0df536a5a02d92dc418da40	carat/tables/qcatalog/dim6/dir.2-2;1,1;1;1/ordnung.24/(1)^4(2)^1(6)^1(24)^1/group.1775
work/ext6b/2-2s1c1s1__group.350__X01	ffa3e10d0c6ee89dce704353070169a7	carat/tables/qcatalog/dim6/dir.2-2;1,1;1,1/ordnung.12/(1)^2(3)^2(12)^2/group.1730
work/ext6b/2-2s1s1s1__group.390__X001	ffbbdcafe089c1823333c2e8b4f5d13c	carat/tables/qcatalog/dim6/dir.2-2;1;1;1;1/ordnung.24/(1)^4(2)^2(12)^2/group.1831
work/ext6b/2-2s2-1s1__group.453__X001	ffbf89dfc939edc6add9bf5257da2758	carat/tables/qcatalog/dim6/dir.2-2;2-1;1;1/ordnung.48/(1)^2(2)^4(4)^1(12)^1/group.2120
work/ext6b/2-2s2-2s1__group.557__X11	ffc3425ad6d0be91e192d9a956c2dd0b	carat/tables/qcatalog/dim6/dir.2-2;2-2;1;1/ordnung.36/(1)^2(3)^2(6)^2/group.2952
work/ext6b/2-2s2-1s1__group.408__X11011	ffc6f49761a7c574f2ef7b46cfe61352	carat/tables/qcatalog/dim6/dir.2-2;2-1;1;1/ordnung.192/(1)^4(2)^4(12)^2/group.2038
work/ext6b/2-2s2-2s1__group.624__T	fff0040fcb2e1881f5b4cfb8775e7ab3	carat/tables/qcatalog/dim6/dir.2-2;2-2;1;1/ordnung.72/(1)^6(3)^2(6)^2/group.3148
