x__4-2s2-1__group.6417__C__Z12	576	2x2x2x2	12	12	0	1	explicit
x__4-1s2-1__min.508__C__Z3	32	2x2x2x2x2x2	30	30	0	1	explicit
x__2-2s2-1s2-1__group.2592__X100__Z20	96	2x2x2	8	8	0	1	explicit
x__4-2s2-1__group.6417__C__Z10	576	2x2x2x2	12	12	0	1	explicit
x__2-2s2-1s2-1__group.2592__X100__Z7	96	2x2x2x2	16	16	0	1	explicit
x__2-2s2-1s2-1__group.2592__X100__Z14	96	2x2x2	8	8	0	1	explicit
x__2-2s2-1s2-1__group.2638__X001__Z16	96	2x2x2x2x2x2x2x2	192	192	0	0	explicit
x__2-2s2-1s2-1__group.2638__X001__Z7	96	2x2x2x2	16	16	0	0	explicit
x__2-2s2-2s2-1__group.3436__X10001__Z4	576	2x2x2x6	32	32	0	1	explicit
x__4-2s1s1__group.6204__X001__Z1	48	2x2x2x2x2x2	40	40	0	0	explicit
x__2-2s2-1s2-1__group.2638__X001__Z13	96	2x2x2x2x2x2x2	80	80	0	0	explicit
x__6-1__group.7470__C__Z7	768	2x2x2x2	16	16	0	1	explicit
x__2-2s2-2s2-1__group.3310__C__Z7	48	2x2	4	4	0	1	explicit
x__6-1__group.7470__C__Z2	768	2x2x2x2	16	16	0	1	explicit
x__4-2s2-1__group.6417__C__Z15	576	2x2x2x2x2x2x2	96	96	0	1	explicit
x__2-2s2-1s2-1__group.2592__X100__Z27	96	2x2x2x2x2x2	40	40	0	1	explicit
x__2-2s2-1s2-1__group.2592__X100__Z22	96	2x2x2x2x2x2	64	64	0	1	explicit
x__2-2s2-1s2-1__group.2592__X100__Z9	96	2x2x2x2	16	16	0	1	explicit
x__4-1s2-1__min.508__C__Z14	32	2x2x2x2	12	12	0	1	explicit
x__4-2s2-1__group.6417__C__Z8	576	2x2x2	8	8	0	1	explicit
x__2-2s2-1s2-1__group.2638__X001__Z9	96	2x2x2x2	16	16	0	0	explicit
x__2-2s2-1s2-1__group.2638__X001__Z20	96	2x2x2x2	12	12	0	0	explicit
x__2-2s2-1s2-1__group.2638__X001__Z14	96	2x2x2x2x2	24	24	0	0	explicit
x__4-2s1s1__group.6204__X001__Z8	48	2x2x2	8	8	0	0	explicit
x__2-2s2-2s2-1__group.3310__C__Z2	48	2x2x2x2	16	16	0	1	explicit
x__2-2s2-2s2-1__group.3436__X10001__Z3	576	2x2x2x2x2x2x2x6	512	512	0	1	explicit
x__6-1__group.7470__C__Z1	768	2x2x2x2x2x2	64	64	0	1	explicit
x__2-2s2-2s2-2__group.3687__X1011__Z2	432	2x2x2	8	8	0	1	explicit
x__2-2s2-1s2-1__group.2592__X100__Z18	96	2x2x2x2	16	16	0	1	explicit
x__4-1s2-1__min.508__C__Z13	32	2x2x2x2x2	20	20	0	1	explicit
x__2-2s2-1s2-1__group.2592__X100__Z8	96	2x2	4	4	0	1	explicit
x__4-2s2-1__group.6417__C__Z14	576	2x2x2	8	8	0	1	explicit
x__2-2s2-1s2-1__group.2638__X001__Z19	96	2x2x2x2x2	24	24	0	0	explicit
x__2-2s2-1s2-1__group.2592__X100__Z25	96	2x2x2x2x2x2x2	80	80	0	1	explicit
x__2-2s2-1s2-1__group.2638__X001__Z18	96	2x2x2x2x2x2	48	48	0	0	explicit
x__2-2s2-1s2-1__group.2638__X001__Z15	96	2x2x2x2x2x2	40	40	0	0	explicit
x__4-2s2-1__group.6417__C__Z1	576	2x2x2x2x2x2	64	64	0	1	explicit
x__2-2s2-2s2-1__group.3310__C__Z5	48	2x2x2x2	16	16	0	1	explicit
x__4-2s1s1__group.6204__X001__Z10	48	2x2x2	6	6	0	0	explicit
x__2-2s2-2s2-1__group.3436__X10001__Z2	576	2x2x2x2	16	16	0	1	explicit
x__2-2s2-1s2-1__group.2592__X100__Z6	96	2x2x2	8	8	0	1	explicit
x__4-1s2-1__min.508__C__Z12	32	2x2x2x2	12	12	0	1	explicit
x__2-2s2-1s2-1__group.2592__X100__Z11	96	2x2x2x2	16	16	0	1	explicit
x__2-2s2-1s2-1__group.2638__X001__Z26	96	2x2x2x2x2x2	48	48	0	0	explicit
x__6-1__group.7470__C__Z6	768	2x2x2	8	8	0	1	explicit
x__2-2s2-1s2-1__group.2638__X001__Z27	96	2x2x2x2x2	24	24	0	0	explicit
x__2-2s2-1s2-1__group.2638__X001__Z12	96	2x2x2x2x2	24	24	0	0	explicit
x__2-2s2-2s2-2__group.3687__X1011__Z1	432	2x2x6	16	16	0	1	explicit
x__4-2s2-1__group.6417__C__Z13	576	2x2x2x2x2x2x2	96	96	0	1	explicit
x__2-2s2-1s2-1__group.2592__X100__Z24	96	2x2x2x2x2	24	24	0	1	explicit
x__4-2s2-1__group.6417__C__Z6	576	2x2x2x2	12	12	0	1	explicit
x__4-2s1s1__group.6204__X001__Z4	48	2x2	3	3	0	0	explicit
x__2-2s2-2s2-1__group.3310__C__Z4	48	2x2	4	4	0	1	explicit
x__2-2s2-2s2-1__group.3436__X10001__Z5	576	2x2x2x2x2x2x2x2	256	256	0	1	explicit
x__2-2s2-1s2-1__group.2592__X100__Z1	96	2x2x2x2x2x2x2x2	160	160	0	1	explicit
x__2-2s2-1s2-1__group.2592__X100__Z16	96	2x2x2x2x2x2x2	96	96	0	1	explicit
x__2-2s2-1s2-1__group.2638__X001__Z2	96	2x2x2x2x2	24	24	0	0	explicit
x__2-2s2-1s2-1__group.2638__X001__Z21	96	2x2x2x2	12	12	0	0	explicit
x__4-1s2-1__min.508__C__Z15	32	2x2x2	6	6	0	1	explicit
x__2-2s2-1s2-1__group.2638__X001__Z24	96	2x2x2x2	16	16	0	0	explicit
x__6-1__group.7470__C__Z8	768	2x2x2	8	8	0	1	explicit
x__4-2s2-2__group.7037__T__Z1	864	2x2x2	8	8	0	1	explicit
x__2-2s2-1s2-1__group.2592__X100__Z23	96	2x2x2x2x2	32	32	0	1	explicit
x__2-2s2-2s2-1__group.3310__C__Z3	48	2x2	4	4	0	1	explicit
x__4-2s1s1__group.6204__X001__Z3	48	2x2x2	8	8	0	0	explicit
x__4-2s2-1__group.6417__C__Z7	576	2x2x2x2x2x2x2	96	96	0	1	explicit
x__4-2s2-1__group.6417__C__Z5	576	2x2x2x2x2x2	64	64	0	1	explicit
x__4-1s2-1__min.508__C__Z10	32	2x2x2x2x2x2	30	30	0	1	explicit
x__2-2s2-1s2-1__group.2592__X100__Z4	96	2x2x2x2x2	24	24	0	1	explicit
x__2-2s2-1s2-1__group.2638__X001__Z23	96	2x2	4	4	0	0	explicit
x__2-2s2-1s2-1__group.2592__X100__Z17	96	2x2x2x2x2x2	48	48	0	1	explicit
x__4-1s2-1__min.508__C__Z8	32	2x2x2x2x2x2	48	48	0	1	explicit
x__2-2s2-1s2-1__group.2638__X001__Z5	96	2x2x2x2	12	12	0	0	explicit
x__2-2s2-1s2-1__group.2638__X001__Z28	96	2x2x2x2x2x2x2	80	80	0	0	explicit
x__2-2s2-1s2-1__group.2592__X100__Z15	96	2x2x2x2	12	12	0	1	explicit
x__4-2s1s1__group.6204__X001__Z2	48	2x2x2x2	12	12	0	0	explicit
x__6-1__group.7470__C__Z14	768	2x2x2x2x2	32	32	0	1	explicit
x__4-2s2-2__group.7037__T__Z2	864	2x2x2	8	8	0	1	explicit
x__4-2s2-1__group.6417__C__Z9	576	2x2x2x2x2x2	64	64	0	1	explicit
x__4-2s2-1__group.6417__C__Z2	576	2x2x2x2	12	12	0	1	explicit
x__2-2s2-1s2-1__group.2592__X100__Z3	96	2x2x2x2x2	24	24	0	1	explicit
x__2-2s2-1s2-1__group.2638__X001__Z30	96	2x2x2x2x2x2	40	40	0	0	explicit
x__4-1s2-1__min.508__C__Z16	32	2x2x2	6	6	0	1	explicit
x__2-2s2-1s2-1__group.2592__X100__Z10	96	2x2x2x2x2x2x2	96	96	0	1	explicit
x__2-2s2-1s2-1__group.2592__X100__Z12	96	2x2x2x2x2x2	40	40	0	1	explicit
x__2-2s2-1s2-1__group.2638__X001__Z17	96	2x2x2x2x2	24	24	0	0	explicit
x__2-2s2-1s2-1__group.2638__X001__Z4	96	2x2x2x2x2	24	24	0	0	explicit
x__4-1s2-1__min.508__C__Z6	32	2x2x2x2	12	12	0	1	explicit
x__3s3__group.4359__X0011__Z3	2304	2x2x2x2x2x2x2	128	128	0	1	explicit
x__4-2s2-1__group.6406__X001__Z2	288	2x2x2	5	5	0	1	explicit
x__4-2s1s1__group.6204__X001__Z5	48	2x2x2	6	6	0	0	explicit
x__6-1__group.7470__C__Z13	768	2x2x2x2	16	16	0	1	explicit
x__2-2s2-2s2-1__group.3436__X10001__Z7	576	2x2x2x2x2x2x2x6	512	512	0	1	explicit
x__2-2s2-1s2-1__group.2592__X100__Z2	96	2x2x2x2x2	24	24	0	1	explicit
x__4-2s2-1__group.6417__C__Z3	576	2x2x2x2x2x2x2	96	96	0	1	explicit
x__4-1s2-1__min.508__C__Z11	32	2x2x2x2	16	16	0	1	explicit
x__2-2s2-1s2-1__group.2592__X100__Z26	96	2x2x2x2x2	24	24	0	1	explicit
x__2-2s2-1s2-1__group.2638__X001__Z3	96	2x2x2x2x2x2	48	48	0	0	explicit
x__2-2s2-1s2-1__group.2638__X001__Z10	96	2x2x2x2x2x2x2	96	96	0	0	explicit
x__2-2s2-1s2-1__group.2638__X001__Z8	96	2x2	4	4	0	0	explicit
x__4-1s2-1__min.508__C__Z1	32	2x2x2x2x2x2x2x2	64	64	0	1	explicit
x__4-2s2-1__group.6406__X001__Z1	288	2x2x2x2x2	16	16	0	1	explicit
x__6-1__group.7470__C__Z10	768	2x2x2	8	8	0	1	explicit
x__2-2s2-2s2-1__group.3310__C__Z6	48	2x2x2x2	16	16	0	1	explicit
x__2-2s2-2s2-1__group.3436__X10001__Z6	576	2x2x2x2	16	16	0	1	explicit
x__6-1__group.7470__C__Z12	768	2x2x2x2x2x2	64	64	0	1	explicit
x__2-2s2-1s2-1__group.2592__X100__Z5	96	2x2x2x2	12	12	0	1	explicit
x__4-2s2-1__group.6417__C__Z4	576	2x2x2	8	8	0	1	explicit
x__4-1s2-1__min.508__C__Z2	32	2x2x2x2x2	24	24	0	1	explicit
x__2-2s2-1s2-1__group.2592__X100__Z19	96	2x2x2x2	16	16	0	1	explicit
x__3s3__group.4359__X0011__Z4	2304	2x2x2x2x2x2x2	128	128	0	1	explicit
x__2-2s2-1s2-1__group.2638__X001__Z6	96	2x2x2x2	12	12	0	0	explicit
x__2-2s2-1s2-1__group.2638__X001__Z11	96	2x2x2x2x2x2	48	48	0	0	explicit
x__2-2s2-1s2-1__group.2638__X001__Z22	96	2x2x2x2	16	16	0	0	explicit
x__4-2s1s1__group.6204__X001__Z9	48	2x2	3	3	0	0	explicit
x__4-1s2-1__min.508__C__Z7	32	2x2x2x2	9	9	0	1	explicit
x__6-1__group.7470__C__Z11	768	2x2x2x2x2	32	32	0	1	explicit
x__2-2s2-2s2-1__group.3310__C__Z1	48	2x2x2x2	16	16	0	1	explicit
x__2-2s2-1s2-1__group.2592__X100__Z13	96	2x2x2x2	16	16	0	1	explicit
x__4-2s2-1__group.6417__C__Z16	576	2x2x2	8	8	0	1	explicit
x__2-2s2-2s2-1__group.3436__X10001__Z1	576	2x2x2x2x2x2x2x2	256	256	0	1	explicit
x__2-2s2-1s2-1__group.2592__X100__Z21	96	2x2x2x2	16	16	0	1	explicit
x__2-2s2-1s2-1__group.2638__X001__Z29	96	2x2x2x2x2	24	24	0	0	explicit
x__6-1__group.7470__C__Z3	768	2x2x2	8	8	0	1	explicit
x__4-1s2-1__min.508__C__Z9	32	2x2x2x2x2	24	24	0	1	explicit
x__4-2s1s1__group.6204__X001__Z7	48	2x2x2x2	12	12	0	0	explicit
x__2-2s2-1s2-1__group.2638__X001__Z25	96	2x2x2x2x2x2x2	96	96	0	0	explicit
x__4-1s2-1__min.508__C__Z5	32	2x2x2x2x2	20	20	0	1	explicit
x__2-2s2-1s2-1__group.2638__X001__Z1	96	2x2x2x2x2x2x2x2	192	192	0	0	explicit
x__2-2s2-2s2-1__group.3310__C__Z8	48	2x2	4	4	0	1	explicit
x__3s3__group.4359__X0011__Z31	2304	2x2x2x2x2x2x2x2	256	256	0	1	explicit
x__6-1__group.7470__C__Z9	768	2x2x2x2x2	32	32	0	1	explicit
x__4-2s2-1__group.6417__C__Z11	576	2x2x2x2x2x2	64	64	0	1	explicit
x__2-2s2-2s2-1__group.3436__X10001__Z8	576	2x2x2x6	32	32	0	1	explicit
x__4-1s2-1__min.508__C__Z4	32	2x2x2x2x2x2	20	20	0	1	explicit
x__4-2s1s1__group.6204__X001__Z6	48	2x2x2x2x2x2	40	40	0	0	explicit
x__4-1ps2-2__group.4447__X011__Z1	96	2x2x2x8	32	32	0	1	explicit
x__2-2s2-2s2-2__group.3746__X101__Z1	72	2x6	6	6	0	1	explicit
x__2-2s2-1s2-1__group.2461__X1100__Z1	192	2x2x2x2x2x2x2x2x2	512	512	0	1	explicit
x__6-1__group.7470__C__Z4	768	2x2	4	4	0	1	explicit
x__3s3__group.4359__X0011__Z30	2304	2x2x2x2x2x2x2	128	128	0	1	explicit
x__3s3__group.4359__X0011__Z7	2304	2x2x2x2x2x2x2x2	256	256	0	1	explicit
x__3s3__group.4359__X0011__Z29	2304	2x2x2x2x2x2x2x2	256	256	0	1	explicit
x__4-2s1c1__min.567__T__Z7	18	3x6	6	6	0	0	explicit
x__4-1ps2-2__group.4447__X011__Z6	96	2x4	6	6	0	1	explicit
x__4-2s2-1__group.6413__X011__Z3	288	2x2x2x4	18	18	0	1	explicit
x__4-1s2-2__group.5579__X111__Z3	384	2x2x2x2x2	32	32	0	1	explicit
x__4-2s2-1__group.6398__X1100__Z7	192	2x2x2x2x2x2	64	64	0	1	explicit
x__4-1s2-2__group.5634__C__Z1	768	2x2x2x2x2x2x2x2x2x2	768	768	0	1	explicit
x__4-2s2-1__group.6413__X011__Z10	288	2x2	4	4	0	1	explicit
x__2-2s2-1s2-1__group.2461__X1100__Z6	192	2x2x2x2x2	32	32	0	1	explicit
x__2-2s2-2s2-2__group.3746__X101__Z7	72	2x6	6	6	0	1	explicit
x__3s3__group.4359__X0011__Z5	2304	2x2x2x2	16	16	0	1	explicit
x__4-2s1c1__min.567__T__Z9	18	3x3x3x6	16	16	0	0	explicit
x__3s3__group.4359__X0011__Z23	2304	2x2x2x2x2	32	32	0	1	explicit
x__6-1__group.7470__C__Z5	768	2x2x2x2x2x2	64	64	0	1	explicit
x__4-1ps2-2__group.4447__X011__Z8	96	2x4	6	6	0	1	explicit
x__4-2s2-2__group.7064__X011__Z2	864	2x4	6	6	0	0	explicit
x__4-2s2-1__group.6413__X011__Z4	288	2x2x2	8	8	0	1	explicit
x__3s3__group.4359__X0011__Z9	2304	2x2x2x2x2x2x2	128	128	0	1	explicit
x__4-2s2-1__group.6413__X011__Z11	288	2x2x2x4	18	18	0	1	explicit
x__4-1s2-2__group.5579__X111__Z4	384	2x2x2	8	8	0	1	explicit
x__2-2s2-1s2-1__group.2461__X1100__Z7	192	2x2x2x2x2x2x2x2x2	512	512	0	1	explicit
x__3s3__group.4359__X0011__Z11	2304	2x2x2	8	8	0	1	explicit
x__2-2s2-2s2-2__group.3746__X101__Z2	72	2x6	6	6	0	1	explicit
x__4-2s1c1__min.567__T__Z14	18	3x3x3	4	4	0	0	explicit
x__4-1s2-2__group.5634__C__Z3	768	2x2x2x2x2x2x2x2x2x2	640	640	0	1	explicit
x__4-1ps2-2__group.4447__X011__Z7	96	2x2x2x8	32	32	0	1	explicit
x__4-2s2-1__group.6413__X011__Z5	288	2x2x2x2x4	36	36	0	1	explicit
x__3s3__group.4359__X0011__Z2	2304	2x2x2x2x2x2x2	128	128	0	1	explicit
x__4-2s2-2__group.7064__X011__Z1	864	2x4	6	6	0	0	explicit
x__2-2s2-2s2-2__group.3601__X011__Z6	216	2x6	8	8	0	1	explicit
x__4-1s2-2__group.5421__X111__Z4	192	2x2x2	8	8	0	1	explicit
x__4-1s2-2__group.5579__X111__Z2	384	2x2x2	8	8	0	1	explicit
x__3s3__group.4359__X0011__Z24	2304	2x2x2x2	16	16	0	1	explicit
x__4-2s1c1__min.567__T__Z13	18	3x3x6	8	8	0	0	explicit
x__2-2s2-1s2-1__group.2461__X1100__Z9	192	2x2x2x2x2x2	64	64	0	1	explicit
x__2-2s2-2s2-2__group.3746__X101__Z5	72	2x6	6	6	0	1	explicit
x__3s3__group.4359__X0011__Z33	2304	2x2x2x2x2x2x2x2x2x2x2	2048	2048	0	1	explicit
x__4-1ps2-2__group.4447__X011__Z5	96	2x2x2x8	32	32	0	1	explicit
x__4-2s2-1__group.6413__X011__Z2	288	2x2	4	4	0	1	explicit
x__2-2s2-2s2-1__group.3179__X001__Z4	144	2x2	4	4	0	1	explicit
x__3s3__group.4359__X0011__Z10	2304	2x2x2x2x2x2x2	128	128	0	1	explicit
x__4-1s2-2__group.5421__X111__Z8	192	2x2x2	8	8	0	1	explicit
x__2-2s2-2s2-2__group.3601__X011__Z1	216	2x6	8	8	0	1	explicit
x__4-1s2-2__group.5634__C__Z4	768	2x2x2x2x2	32	32	0	1	explicit
x__4-2s2-1__group.6398__X1100__Z5	192	2x2x2x2x2x2	64	64	0	1	explicit
x__4-1s2-1__group.5214__X0111__Z38	64	2x2x2x2	12	12	0	1	explicit
x__2-2s2-2s2-2__group.3746__X101__Z4	72	2x6	6	6	0	1	explicit
x__4-2s1c1__min.567__T__Z12	18	3x3x3	6	6	0	0	explicit
x__2-2s2-1s2-1__group.2461__X1100__Z11	192	2x2x2x2	16	16	0	1	explicit
x__4-1ps2-2__group.4447__X011__Z2	96	2x4	6	6	0	1	explicit
x__4-2s2-1__group.6413__X011__Z12	288	2x2x2	8	8	0	1	explicit
x__2-2s2-2s2-1__group.3179__X001__Z3	144	2x2x2x2	16	16	0	1	explicit
x__3s3__group.4359__X0011__Z12	2304	2x2x2x2x2x2x2	128	128	0	1	explicit
x__2-2s2-2s2-2__group.3601__X011__Z7	216	2x6	8	8	0	1	explicit
x__3s3__group.4359__X0011__Z8	2304	2x2x2x2	16	16	0	1	explicit
x__4-1s2-2__group.5421__X111__Z1	192	2x2x2x2x2	32	32	0	1	explicit
x__4-2s2-1__group.6398__X1100__Z2	192	2x2x2	8	8	0	1	explicit
x__4-2s1c1__min.567__T__Z15	18	3x3x6	8	8	0	0	explicit
x__3s3__group.4359__X0011__Z17	2304	2x2x2x2x2x2x2	128	128	0	1	explicit
x__4-1s2-1__group.5214__X0111__Z52	64	2x2x2x2x2	32	32	0	1	explicit
x__2-2s2-2s2-2__group.3746__X101__Z3	72	2x6	6	6	0	1	explicit
x__4-1ps2-2__group.4447__X011__Z3	96	2x2x2x8	32	32	0	1	explicit
x__4-2s2-1__group.6413__X011__Z7	288	2x2x2x4	24	24	0	1	explicit
x__2-2s2-1s2-1__group.2461__X1100__Z10	192	2x2x2x2x2x2	64	64	0	1	explicit
x__4-1s2-2__group.5634__C__Z2	768	2x2x2x2x2	24	24	0	1	explicit
x__2-2s2-2s2-1__group.3179__X001__Z2	144	2x2	4	4	0	1	explicit
x__4-2s2-1__group.6398__X1100__Z3	192	2x2x2x2x2x2	64	64	0	1	explicit
x__2-2s2-2s2-2__group.3601__X011__Z2	216	2x6	8	8	0	1	explicit
x__4-1s2-2__group.5421__X111__Z6	192	2x2	4	4	0	1	explicit
x__4-2s1c1__min.567__T__Z2	18	3x3x3x3	8	8	0	0	explicit
x__3s3__group.4359__X0011__Z15	2304	2x2x2x2x2x2x2x2	256	256	0	1	explicit
x__4-1s2-1__group.5214__X0111__Z39	64	2x2x2x2x2x2x2x2x2	384	384	0	1	explicit
x__4-1ps2-2__group.4447__X011__Z4	96	2x4	6	6	0	1	explicit
x__4-2s2-1__group.6413__X011__Z9	288	2x2x2x2x4	30	30	0	1	explicit
x__2-2s2-1s2-1__group.2461__X1100__Z5	192	2x2x2x2	16	16	0	1	explicit
x__4-2s1c1__min.567__T__Z10	18	3x3x3x3	8	8	0	0	explicit
x__3s3__group.4359__X0011__Z1	2304	2x2x2x2x2x2x2x2x2x2x2	2048	2048	0	1	explicit
x__2-2s2-2s2-1__group.3179__X001__Z1	144	2x2x2x2	16	16	0	1	explicit
x__4-1s2-2__group.5758__X0001__Z1	768	2x2x2x2x2x2x2	128	128	0	1	explicit
x__4-2s2-1__group.6398__X1100__Z4	192	2x2x2	8	8	0	1	explicit
x__3s3__group.4359__X0011__Z28	2304	2x2x2x2x2x2x2	128	128	0	1	explicit
x__4-1s2-2__group.5421__X111__Z7	192	2x2x2x2	16	16	0	1	explicit
x__2-2s2-2s2-2__group.3601__X011__Z5	216	2x6	8	8	0	1	explicit
x__4-2s1c1__min.567__T__Z5	18	3x3	4	4	0	0	explicit
x__4-2s2-1__group.6413__X011__Z8	288	2x2x2	8	8	0	1	explicit
x__4-1s2-1__group.5214__X0111__Z3	64	2x2x2x2x2x2x2x2	144	144	0	1	explicit
x__2-2s2-1s2-1__group.2461__X1100__Z2	192	2x2x2x2x2x2	64	64	0	1	explicit
x__2-2s2-1s2-1__group.2461__X1100__Z12	192	2x2x2x2x2	32	32	0	1	explicit
x__4-2s1c1__min.567__T__Z16	18	3x3x3	4	4	0	0	explicit
x__3s3__group.4359__X0011__Z14	2304	2x2x2x2x2x2x2	128	128	0	1	explicit
x__4-1s2-1__group.5214__X0111__Z53	64	2x2x2x2x2x2x2x2	256	256	0	1	explicit
x__4-2s2-1__group.6398__X1100__Z1	192	2x2x2x2x2x2	64	64	0	1	explicit
x__4-1s2-2__group.5758__X0001__Z2	768	2x2x2x2	16	16	0	1	explicit
x__2-2s2-2s2-2__group.3601__X011__Z4	216	2x6	8	8	0	1	explicit
x__4-1s2-2__group.5421__X111__Z5	192	2x2x2x2x2	32	32	0	1	explicit
x__4-2s2-1__group.6413__X011__Z1	288	2x2x2x2x4	30	30	0	1	explicit
x__4-2s1c1__min.567__T__Z4	18	3x3x6	8	8	0	0	explicit
x__4-1s2-1__group.5214__X0111__Z4	64	2x2x2x2x2	24	24	0	1	explicit
x__3s3__group.4359__X0011__Z21	2304	2x2x2x2x2x2x2x2x2x2x2	2048	2048	0	1	explicit
x__3s3__group.4359__X0011__Z6	2304	2x2x2x2x2x2x2	128	128	0	1	explicit
x__4-2s1c1__min.567__T__Z11	18	3x3x6	12	12	0	0	explicit
x__2-2s2-1s2-1__group.2461__X1100__Z3	192	2x2x2x2x2x2	64	64	0	1	explicit
x__2-2s2-1s2-1__group.2461__X1100__Z8	192	2x2x2x2x2x2	64	64	0	1	explicit
x__4-2s2-1__group.6398__X1100__Z6	192	2x2x2	8	8	0	1	explicit
x__4-1s2-1__group.5214__X0111__Z31	64	2x2x2x2x2x2x2x2x2	272	272	0	1	explicit
x__3s3__group.4359__X0011__Z13	2304	2x2x2x2x2x2x2x2x2x2x2	2048	2048	0	1	explicit
x__2-2s2-2s2-2__group.3601__X011__Z3	216	2x6	8	8	0	1	explicit
x__4-1s2-2__group.5758__X0001__Z3	768	2x2x2x2x2x2x2	128	128	0	1	explicit
x__4-2s1c1__min.567__T__Z3	18	3x6	8	8	0	0	explicit
x__4-1s2-2__group.5421__X111__Z2	192	2x2	4	4	0	1	explicit
x__4-2s2-1__group.6413__X011__Z6	288	2x2	4	4	0	1	explicit
x__2-2s2-1s2-1__group.2461__X1100__Z4	192	2x2x2x2x2x2	64	64	0	1	explicit
x__4-2s1c1__min.567__T__Z8	18	3x3	3	3	0	0	explicit
x__4-1s2-1__group.5214__X0111__Z37	64	2x2x2x2x2	24	24	0	1	explicit
x__4-2s2-1__group.6398__X1100__Z8	192	2x2x2	8	8	0	1	explicit
x__3s3__group.4359__X0011__Z26	2304	2x2x2x2	16	16	0	1	explicit
x__3s3__group.4359__X0011__Z27	2304	2x2x2	8	8	0	1	explicit
x__4-1s2-1__group.5214__X0111__Z24	64	2x2x2x2	16	16	0	1	explicit
x__4-1s2-1__group.5214__X0111__Z36	64	2x2x2x2x4	36	36	0	1	explicit
x__4-1s2-2__group.5579__X111__Z1	384	2x2x2x2x2	32	32	0	1	explicit
x__4-1s2-2__group.5421__X111__Z3	192	2x2x2x2	16	16	0	1	explicit
x__4-1s2-2__group.5758__X0001__Z4	768	2x2x2x2	16	16	0	1	explicit
x__4-1s2-1__group.5214__X0111__Z49	64	2x2x2x2x2x2x2x2	256	256	0	1	explicit
x__4-2s1c1__min.567__T__Z6	18	3x3x3	4	4	0	0	explicit
x__3s3__group.4359__X0011__Z25	2304	2x2x2x2x2x2x2	128	128	0	1	explicit
x__4-1s2-1__group.5214__X0111__Z43	64	2x2x2x2x2x2	48	48	0	1	explicit
x__4-1s2-1__group.5214__X0111__Z30	64	2x2x2x2x2x2	40	40	0	1	explicit
x__4-1s2-1__group.5214__X0111__Z34	64	2x2x2x2x2x2	48	48	0	1	explicit
x__5-1s1__group.7344__C__Z3	320	2x2x2	6	6	0	1	explicit
x__4-1s2-1__group.5214__X0111__Z48	64	2x2x2x2x2x2x2x2x2	384	384	0	1	explicit
x__4-1s2-1__group.5214__X0111__Z5	64	2x2x2x2x2	20	20	0	1	explicit
x__3s3__group.4359__X0011__Z18	2304	2x2x2x2	16	16	0	1	explicit
x__3s3__group.4359__X0011__Z19	2304	2x2x2	8	8	0	1	explicit
x__5-1s1__group.7344__C__Z1	320	2x2x2x2x2x2x2	48	48	0	1	explicit
x__4-2s1c1__min.567__T__Z1	18	3x3x3x6	16	16	0	0	explicit
x__4-1s2-1__group.5214__X0111__Z35	64	2x2x2x4	24	24	0	1	explicit
x__4-3s2-1__group.7275__C__Z3	1920	2x2x2x2x2x2	64	64	0	1	explicit
x__2-2s2-2s2-2__group.3767__X00110__Z4	864	2x2x2x2	16	16	0	1	explicit
x__4-1s2-1__group.5214__X0111__Z51	64	2x2x2x2x2x2	48	48	0	1	explicit
x__4-1s2-1__group.5214__X0111__Z44	64	2x2x2x2x2x2x2x2	256	256	0	1	explicit
x__3s3__group.4359__X0011__Z22	2304	2x2x2x2x2x2x2	128	128	0	1	explicit
x__4-1s2-1__group.5214__X0111__Z2	64	2x2x2x2x2x2x2x2	144	144	0	1	explicit
x__5-1s1__group.7344__C__Z4	320	2x2x2x2x2	12	12	0	1	explicit
x__4-1s2-1__group.5214__X0111__Z41	64	2x2x2x2x2x2x2x2x2	384	384	0	1	explicit
x__4-1s2-1__group.5214__X0111__Z12	64	2x2x2x2x2x2x2x2	136	136	0	1	explicit
x__2-2s2-2s2-2__group.3746__X101__Z8	72	2x6	6	6	0	1	explicit
x__5-1s1__group.7344__C__Z6	320	2x2x2	6	6	0	1	explicit
x__2-1s2-1s1s1__group.1390__X101__Z13	32	2x2x2x2x2x2x2x2x2	512	512	0	1	explicit
x__2-1s2-1s1s1__group.1390__X101__Z85	32	2x2x2x2x2x2x2	96	96	0	1	explicit
x__4-1s2-1__group.5214__X0111__Z8	64	2x2x2x2x2x2x2x2	144	144	0	1	explicit
x__3s3__group.4359__X0011__Z20	2304	2x2x2x2x2x2x2	128	128	0	1	explicit
x__4-1s2-1__group.5214__X0111__Z45	64	2x2x2x2x2x2	64	64	0	1	explicit
x__2-2s2-2s2-2__group.3767__X00110__Z5	864	2x2x2x2	12	12	0	1	explicit
x__4-1s2-1__group.5214__X0111__Z15	64	2x2x2x2x2x2	40	40	0	1	explicit
x__5-1s1__group.7344__C__Z12	320	2x2x2	8	8	0	1	explicit
x__4-1s2-1__group.5214__X0111__Z46	64	2x2x2x2	16	16	0	1	explicit
x__2-1s2-1s1s1__group.1390__X101__Z47	32	2x2x2x2x2x4	72	72	0	1	explicit
x__4-1s2-1__group.5214__X0111__Z21	64	2x2x2x2x2	32	32	0	1	explicit
x__5-1s1__group.7344__C__Z8	320	2x2x2x2x2	16	16	0	1	explicit
x__2-2s2-2s2-2__group.3746__X101__Z6	72	2x6	6	6	0	1	explicit
x__3s3__group.4359__X0011__Z32	2304	2x2x2x2x2x2x2	128	128	0	1	explicit
x__2-1s2-1s1s1__group.1390__X101__Z149	32	2x2x2x2x2x2	64	64	0	1	explicit
x__2-1s2-1s1s1__group.1390__X101__Z71	32	2x2x2x2x2x2	64	64	0	1	explicit
x__4-1s2-1__group.5214__X0111__Z42	64	2x2x2x2x2x2	48	48	0	1	explicit
x__4-1s2-1__group.5214__X0111__Z32	64	2x2x2x2x2x2x2	96	96	0	1	explicit
x__2-1s2-1s1s1__group.1390__X101__Z24	32	2x2x2x2x2x2x2	128	128	0	1	explicit
x__4-1s2-1__group.5214__X0111__Z25	64	2x2x2x2	12	12	0	1	explicit
x__5-1s1__group.7344__C__Z15	320	2x2x2	6	6	0	1	explicit
x__5-1s1__group.7344__C__Z16	320	2x2x2x2x2	24	24	0	1	explicit
x__2-2s2-2s2-2__group.3767__X00110__Z2	864	2x2x2x2	12	12	0	1	explicit
x__4-1s2-1__group.5214__X0111__Z19	64	2x2x2x2x2	32	32	0	1	explicit
x__4-1s2-1__group.5214__X0111__Z23	64	2x2x2x2x2	32	32	0	1	explicit
x__3s3__group.4359__X0011__Z16	2304	2x2x2x2x2x2x2	128	128	0	1	explicit
x__2-1s2-1s1s1__group.1390__X101__Z49	32	2x2x2x2x2x2x2	96	96	0	1	explicit
x__2-1s2-1s1s1__group.1390__X101__Z14	32	2x2x2x2x2x2x2x2x2	512	512	0	1	explicit
x__2-1s2-1s1s1__group.1390__X101__Z46	32	2x2x2x2x2x4	96	96	0	1	explicit
x__2-1s2-1s1s1__group.1390__X101__Z115	32	2x2x2x2x4	32	32	0	1	explicit
x__4-1s2-1__group.5214__X0111__Z1	64	2x2x2x2x2x2x2x2	160	160	0	1	explicit
x__2-1s2-1s1s1__group.1390__X101__Z141	32	2x2x2x2x2x4	64	64	0	1	explicit
x__4-1s2-1__group.5214__X0111__Z29	64	2x2x2x2x2x2x2x2x2	320	320	0	1	explicit
x__5-1s1__group.7344__C__Z5	320	2x2x2	6	6	0	1	explicit
x__5-1s1__group.7344__C__Z11	320	2x2x2	4	4	0	1	explicit
x__4-1s2-1__group.5214__X0111__Z22	64	2x2x2x2x2	32	32	0	1	explicit
x__2-1s2-1s1s1__group.1390__X101__Z76	32	2x2x2x2x2x2x2	96	96	0	1	explicit
x__2-1s2-1s1s1__group.1390__X101__Z171	32	2x2x2x2x2x2	64	64	0	1	explicit
x__2-1s2-1s1s1__group.1390__X101__Z123	32	2x2x2x2x2x2x2	96	96	0	1	explicit
x__4-1s2-1__group.5214__X0111__Z26	64	2x2x2x2x2x2x2x2x2x2x2x2	2112	2112	0	1	explicit
x__2-1s2-1s1s1__group.1390__X101__Z55	32	2x2x2x2x2x2x2	96	96	0	1	explicit
x__2-1s2-1s1s1__group.1390__X101__Z152	32	2x2x2x2x2x2	48	48	0	1	explicit
x__4-3s2-1__group.7275__C__Z8	1920	2x2x2	8	8	0	1	explicit
x__2-1s2-1s1s1__group.1390__X101__Z2	32	2x2x2x2x2x2x2x2x2	512	512	0	1	explicit
x__2-1s2-1s1s1__group.1390__X101__Z146	32	2x2x2x2x2	32	32	0	1	explicit
x__4-2s2-2__group.7066__X010__Z1	864	2x4	6	6	0	1	explicit
x__4-1s2-1__group.5214__X0111__Z6	64	2x2x2x2x2x2x2x2	144	144	0	1	explicit
x__5-1s1__group.7344__C__Z2	320	2x2x2x2x2	18	18	0	1	explicit
x__2-1s2-1s1s1__group.1390__X101__Z82	32	2x2x2x2x2	32	32	0	1	explicit
x__4-1s2-1__group.5214__X0111__Z16	64	2x2x2x2x2x2	64	64	0	1	explicit
x__2-1s2-1s1s1__group.1390__X101__Z22	32	2x2x2x2x2x2x2x2	192	192	0	1	explicit
x__2-1s2-1s1s1__group.1390__X101__Z97	32	2x2x2x2x4	48	48	0	1	explicit
x__2-1s2-1s1s1__group.1390__X101__Z124	32	2x2x2x2x2x2	64	64	0	1	explicit
x__2-1s2-1s1s1__group.1390__X101__Z37	32	2x2x2x2x2	32	32	0	1	explicit
x__4-1s2-1__group.5214__X0111__Z14	64	2x2x2x2x2x2x2	128	128	0	1	explicit
x__4-1s2-1__group.5214__X0111__Z10	64	2x2x2x2x2	24	24	0	1	explicit
x__2-1s2-1s1s1__group.1390__X101__Z5	32	2x2x2x2x2x2x4	192	192	0	1	explicit
x__4-3s2-1__group.7275__C__Z6	1920	2x2x2	8	8	0	1	explicit
x__2-1s2-1s1s1__group.1390__X101__Z23	32	2x2x2x2x2x2x2x2	192	192	0	1	explicit
x__4-2s2-2__group.7066__X010__Z2	864	2x4	6	6	0	1	explicit
x__4-1s2-1__group.5214__X0111__Z50	64	2x2x2x2x2x2x2x2	256	256	0	1	explicit
x__5-1s1__group.7344__C__Z9	320	2x2x2x2x2	12	12	0	1	explicit
x__2-1s2-1s1s1__group.1390__X101__Z106	32	2x2x2x4	24	24	0	1	explicit
x__2-1s2-1s1s1__group.1390__X101__Z113	32	2x2x2x4	20	20	0	1	explicit
x__4-1s2-1__group.5214__X0111__Z11	64	2x2x2x2x2	24	24	0	1	explicit
x__2-1s2-1s1s1__group.1390__X101__Z41	32	2x2x2x2x2x2x4	128	128	0	1	explicit
x__2-1s2-1s1s1__group.1390__X101__Z147	32	2x2x2x2x2x2	64	64	0	1	explicit
x__2-1s2-1s1s1__group.1390__X101__Z164	32	2x2x2x2	16	16	0	1	explicit
x__2-1s2-1s1s1__group.1390__X101__Z4	32	2x2x2x2x2x2x2x2x2	384	384	0	1	explicit
x__4-1s2-1__group.5214__X0111__Z28	64	2x2x2x2x2x2	40	40	0	1	explicit
x__4-1s2-1__group.5214__X0111__Z13	64	2x2x2x2x2x2x2x2x2x2x2x2	2112	2112	0	1	explicit
x__2-1s2-1s1s1__group.1390__X101__Z170	32	2x2x4	12	12	0	1	explicit
x__4-1s2-1__group.5214__X0111__Z7	64	2x2x2x2x2x2x2x2	160	160	0	1	explicit
x__5-1s1__group.7344__C__Z7	320	2x2x2x2x2	16	16	0	1	explicit
x__2-2s2-2s2-2__group.3767__X00110__Z1	864	2x2x2x2	12	12	0	1	explicit
x__2-1s2-1s1s1__group.1390__X101__Z63	32	2x2x2x2x2x4	96	96	0	1	explicit
x__2-1s2-1s1s1__group.1390__X101__Z40	32	2x2x2x2x2x2x4	144	144	0	1	explicit
x__4-3s2-1__group.7275__C__Z1	1920	2x2x2x2x2x2	64	64	0	1	explicit
x__2-1s2-1s1s1__group.1390__X101__Z39	32	2x2x2x2x2x2x2x2	256	256	0	1	explicit
x__2-1s2-1s1s1__group.1390__X101__Z48	32	2x2x2x2x2x4	72	72	0	1	explicit
x__2-1s2-1s1s1__group.1390__X101__Z3	32	2x2x2x2x2x2x2x2x4	768	768	0	1	explicit
x__4-1s2-1__group.5214__X0111__Z18	64	2x2x2x2x2x2x2x2x2	272	272	0	1	explicit
x__2-1s2-1s1s1__group.1390__X101__Z140	32	2x2x2x2x4	48	48	0	1	explicit
x__4-1s2-1__group.5214__X0111__Z47	64	2x2x2x2x2	32	32	0	1	explicit
x__4-1s2-1__group.5214__X0111__Z17	64	2x2x2x2x2x2	40	40	0	1	explicit
x__2-1s2-1s1s1__group.1390__X101__Z15	32	2x2x2x2x2x2x2x2	256	256	0	1	explicit
x__5-1s1__group.7344__C__Z10	320	2x2x2	4	4	0	1	explicit
x__4-1s2-1__group.5214__X0111__Z33	64	2x2x2x2x2	20	20	0	1	explicit
x__2-1s2-1s1s1__group.1390__X101__Z139	32	2x2x2x2x2x4	96	96	0	1	explicit
x__2-1s2-1s1s1__group.1390__X101__Z163	32	2x2x2x2x2x2	64	64	0	1	explicit
x__2-1s2-1s1s1__group.1390__X101__Z125	32	2x2x2x2	16	16	0	1	explicit
x__2-2s2-2s2-2__group.3767__X00110__Z6	864	2x2x2x2	12	12	0	1	explicit
x__2-1s2-1s1s1__group.1390__X101__Z25	32	2x2x2x2x2x2x2	128	128	0	1	explicit
x__2-1s2-1s1s1__group.1390__X101__Z112	32	2x2x2x2x4	40	40	0	1	explicit
x__2-1s2-1s1s1__group.1390__X101__Z52	32	2x2x2x2x2x2x2	96	96	0	1	explicit
x__4-3s2-1__group.7275__C__Z7	1920	2x2x2x2x2x2	64	64	0	1	explicit
x__5-1s1__group.7344__C__Z17	320	2x2x2	6	6	0	1	explicit
x__4-1s2-1__group.5214__X0111__Z27	64	2x2x2x2x2x2x2	128	128	0	1	explicit
x__5-1s1__group.7344__C__Z14	320	2	2	2	0	1	explicit
x__2-1s2-1s1s1__group.1390__X101__Z12	32	2x2x2x2x2x2x4	160	160	0	1	explicit
x__4-1s2-1__group.5214__X0111__Z40	64	2x2x2x2x2x2x2x2	256	256	0	1	explicit
x__2-1s2-1s1s1__group.1390__X101__Z91	32	2x2x2x2x2x2	64	64	0	1	explicit
x__2-1s2-1s1s1__group.1390__X101__Z64	32	2x2x2x2x2x4	96	96	0	1	explicit
x__2-1s2-1s1s1__group.1390__X101__Z78	32	2x2x2x2x2x2	64	64	0	1	explicit
x__4-1s2-1__group.5214__X0111__Z9	64	2x2x2x2x2x2x2x2	144	144	0	1	explicit
x__2-1s2-1s1s1__group.1390__X101__Z83	32	2x2x2x2x2x2x2	80	80	0	1	explicit
x__2-1s2-1s1s1__group.1390__X101__Z137	32	2x2x2x2x2x2	64	64	0	1	explicit
x__2-1s2-1s1s1__group.1390__X101__Z114	32	2x2x2x2x2x4	64	64	0	1	explicit
x__2-2s2-2s2-2__group.3767__X00110__Z3	864	2x2x2x2	16	16	0	1	explicit
x__2-1s2-1s1s1__group.1390__X101__Z148	32	2x2x2x2x2x2x2x2	256	256	0	1	explicit
x__5-1s1__group.7344__C__Z13	320	2x2x2x2x2	12	12	0	1	explicit
x__2-1s2-1s1s1__group.1390__X101__Z96	32	2x2x2x2x2	32	32	0	1	explicit
x__2-1s2-1s1s1__group.1390__X101__Z100	32	2x2x2x2x2x4	96	96	0	1	explicit
x__2-1s2-1s1s1__group.1390__X101__Z122	32	2x2x2x2x2	32	32	0	1	explicit
x__2-1s2-1s1s1__group.1390__X101__Z165	32	2x2x2x2	16	16	0	1	explicit
x__4-1s2-1__group.5214__X0111__Z20	64	2x2x2x2x2	20	20	0	1	explicit
x__2-1s2-1s1s1__group.1390__X101__Z101	32	2x2x2x2x2x4	96	96	0	1	explicit
x__4-3s2-1__group.7275__C__Z2	1920	2x2x2	8	8	0	1	explicit
x__2-1s2-1s1s1__group.1390__X101__Z77	32	2x2x2x2x2x2x2x2	256	256	0	1	explicit
x__2-1s2-1s1s1__group.1390__X101__Z99	32	2x2x2x4	24	24	0	1	explicit
x__2-1s2-1s1s1__group.1390__X101__Z79	32	2x2x2x2x2x2x2	96	96	0	1	explicit
x__2-1s2-1s1s1__group.1390__X101__Z117	32	2x2x2x2x4	40	40	0	1	explicit
x__2-1s2-1s1s1__group.1390__X101__Z10	32	2x2x2x2x2x2x4	192	192	0	1	explicit
x__2-1s2-1s1s1__group.1390__X101__Z45	32	2x2x2x2x2x2x4	192	192	0	1	explicit
x__2-1s2-1s1s1__group.1390__X101__Z65	32	2x2x2x2x4	48	48	0	1	explicit
x__2-1s2-1s1s1__group.1390__X101__Z138	32	2x2x2x2x2x4	72	72	0	1	explicit
x__2-1s2-1s1s1__group.1390__X101__Z90	32	2x2x2x2x2x2	64	64	0	1	explicit
x__2-1s2-1s1s1__group.1390__X101__Z36	32	2x2x2x2x2x2	64	64	0	1	explicit
x__2-1s2-1s1s1__group.1390__X101__Z20	32	2x2x2x2x2x2x2x2x2	512	512	0	1	explicit
x__2-1s2-1s1s1__group.1390__X101__Z9	32	2x2x2x2x2x2x2x2	256	256	0	1	explicit
x__2-1s2-1s1s1__group.1390__X101__Z133	32	2x2x2x2x2	32	32	0	1	explicit
x__2-1s2-1s1s1__group.1390__X101__Z108	32	2x2x2x2x4	36	36	0	1	explicit
x__2-1s2-1s1s1__group.1390__X101__Z70	32	2x2x2x2x2x2x2	128	128	0	1	explicit
x__2-1s2-1s1s1__group.1390__X101__Z72	32	2x2x2x2x2x2x2	128	128	0	1	explicit
x__4-3s2-1__group.7275__C__Z5	1920	2x2x2x2x2x2	64	64	0	1	explicit
x__2-1s2-1s1s1__group.1390__X101__Z143	32	2x2x2x2x2x4	60	60	0	1	explicit
x__2-1s2-1s1s1__group.1390__X101__Z120	32	2x2x2x4	24	24	0	1	explicit
x__2-1s2-1s1s1__group.1390__X101__Z94	32	2x2x2x2x2x2	64	64	0	1	explicit
x__2-1s2-1s1s1__group.1390__X101__Z30	32	2x2x2x2x2x2	64	64	0	1	explicit
x__2-1s2-1s1s1__group.1390__X101__Z153	32	2x2x2x2x2x2	48	48	0	1	explicit
x__2-1s2-1s1s1__group.1390__X101__Z62	32	2x2x2x2x2x4	72	72	0	1	explicit
x__2-1s2-1s1s1__group.1390__X101__Z54	32	2x2x2x2x2x2x2	96	96	0	1	explicit
x__2-1s2-1s1s1__group.1390__X101__Z27	32	2x2x2x2x2x2x2	128	128	0	1	explicit
x__2-1s2-1s1s1__group.1390__X101__Z56	32	2x2x2x2x2x2	48	48	0	1	explicit
x__2-1s2-1s1s1__group.1390__X101__Z7	32	2x2x2x2x2x2x2x2x2	384	384	0	1	explicit
x__2-1s2-1s1s1__group.1390__X101__Z130	32	2x2x2x2x2x2	64	64	0	1	explicit
x__2-1s2-1s1s1__group.1390__X101__Z84	32	2x2x2x2x2x2x2	96	96	0	1	explicit
x__2-1s2-1s1s1__group.1390__X101__Z121	32	2x2x2x2x2x2x2x2	256	256	0	1	explicit
x__2-1s2-1s1s1__group.1390__X101__Z26	32	2x2x2x2x2x2x2	128	128	0	1	explicit
x__2-1s2-1s1s1__group.1390__X101__Z129	32	2x2x2x2x2	32	32	0	1	explicit
x__2-1s2-1s1s1__group.1390__X101__Z107	32	2x2x2x2x2x4	72	72	0	1	explicit
x__2-1s2-1s1s1__group.1390__X101__Z60	32	2x2x2x2x2x4	96	96	0	1	explicit
x__2-1s2-1s1s1__group.1390__X101__Z154	32	2x2x2x2x2	32	32	0	1	explicit
x__2-1s2-1s1s1__group.1390__X101__Z131	32	2x2x2x2x2	32	32	0	1	explicit
x__2-1s2-1s1s1__group.1390__X101__Z155	32	2x2x2x2x2	32	32	0	1	explicit
x__2-1s2-1s1s1__group.1390__X101__Z142	32	2x2x2x2x4	40	40	0	1	explicit
x__4-3s2-1__group.7275__C__Z4	1920	2x2x2	8	8	0	1	explicit
x__2-1s2-1s1s1__group.1390__X101__Z69	32	2x2x2x2x2x2x2x2	256	256	0	1	explicit
x__2-1s2-1s1s1__group.1390__X101__Z151	32	2x2x2x2x2x2	64	64	0	1	explicit
x__2-1s2-1s1s1__group.1390__X101__Z44	32	2x2x2x2x2x2x4	144	144	0	1	explicit
x__2-1s2-1s1s1__group.1390__X101__Z61	32	2x2x2x2x2x2	64	64	0	1	explicit
x__2-1s2-1s1s1__group.1390__X101__Z73	32	2x2x2x2x2x2	64	64	0	1	explicit
x__2-1s2-1s1s1__group.1390__X101__Z19	32	2x2x2x2x2x2x2	128	128	0	1	explicit
x__2-1s2-1s1s1__group.1390__X101__Z159	32	2x2x2x2x2	32	32	0	1	explicit
x__2-1s2-1s1s1__group.1390__X101__Z132	32	2x2x2x2x2	32	32	0	1	explicit
x__2-1s2-1s1s1__group.1390__X101__Z31	32	2x2x2x2x2x2	64	64	0	1	explicit
x__2-1s2-1s1s1__group.1390__X101__Z136	32	2x2x2x2x2x2	64	64	0	1	explicit
x__2-1s2-1s1s1__group.1390__X101__Z18	32	2x2x2x2x2x2x2x2	192	192	0	1	explicit
x__2-1s2-1s1s1__group.1390__X101__Z51	32	2x2x2x2x2x2x2	96	96	0	1	explicit
x__2-2s2-2s2-1__group.3255__C__Z12	288	2x2x2	8	8	0	1	explicit
x__2-1s2-1s1s1__group.1390__X101__Z34	32	2x2x2x2x2x2x2	96	96	0	1	explicit
x__2-2s2-2s2-1__group.3255__C__Z20	288	2x2x2	8	8	0	1	explicit
x__2-2s2-1s2-1__group.2515__X0111__Z40	192	2x2x2x2x2x2	64	64	0	1	explicit
x__2-1s2-1s1s1__group.1390__X101__Z21	32	2x2x2x2x2x2x2x2	256	256	0	1	explicit
x__2-1s2-1s1s1__group.1390__X101__Z95	32	2x2x2x2x2x2	64	64	0	1	explicit
x__2-1s2-1s1s1__group.1390__X101__Z116	32	2x2x2x2x4	30	30	0	1	explicit
x__2-1s2-1s1s1__group.1390__X101__Z166	32	2x2x2x2x2x2x2x2	256	256	0	1	explicit
x__2-1s2-1s1s1__group.1390__X101__Z68	32	2x2x2x4	24	24	0	1	explicit
x__2-1s2-1s1s1__group.1390__X101__Z88	32	2x2x2x2x2x2	36	36	0	1	explicit
x__2-1s2-1s1s1__group.1390__X101__Z53	32	2x2x2x2x2x2x2x2	256	256	0	1	explicit
x__2-1s2-1s1s1__group.1390__X101__Z11	32	2x2x2x2x2x2x4	192	192	0	1	explicit
x__2-1s2-1s1s1__group.1390__X101__Z75	32	2x2x2x2x2	32	32	0	1	explicit
x__2-2s2-2s2-1__group.3255__C__Z15	288	2x2x2x2x2x2	64	64	0	1	explicit
x__2-1s2-1s1s1__group.1390__X101__Z134	32	2x2x2x2x2x2	48	48	0	1	explicit
x__2-1s2-1s1s1__group.1390__X101__Z169	32	2x2x4	12	12	0	1	explicit
x__2-2s2-2s2-1__group.3255__C__Z16	288	2x2x2	8	8	0	1	explicit
x__2-2s2-1s2-1__group.2515__X0111__Z47	192	2x2x2x2	16	16	0	1	explicit
x__2-1s2-1s1s1__group.1390__X101__Z104	32	2x2x2x2x4	48	48	0	1	explicit
x__2-1s2-1s1s1__group.1390__X101__Z144	32	2x2x2x2x2x2	48	48	0	1	explicit
x__2-1s2-1s1s1__group.1390__X101__Z87	32	2x2x2x2x2x2	40	40	0	1	explicit
x__2-2s2-2s2-1__group.3380__X0011__Z4	288	2x2x6	16	16	0	1	explicit
x__2-1s2-1s1s1__group.1390__X101__Z161	32	2x2x2x2x2x2	64	64	0	1	explicit
x__2-1s2-1s1s1__group.1390__X101__Z119	32	2x2x2x2x2x2x2x2	256	256	0	1	explicit
x__2-1s2-1s1s1__group.1390__X101__Z109	32	2x2x2x2x2x4	72	72	0	1	explicit
x__2-1s2-1s1s1__group.1390__X101__Z16	32	2x2x2x2x2x2x2x2x2	512	512	0	1	explicit
x__2-1s2-1s1s1__group.1390__X101__Z110	32	2x2x2x4	24	24	0	1	explicit
x__2-2s2-2s2-1__group.3255__C__Z14	288	2x2x2	8	8	0	1	explicit
x__2-2s2-2s2-1__group.3255__C__Z11	288	2x2x2x2x2x2	64	64	0	1	explicit
x__2-1s2-1s1s1__group.1390__X101__Z33	32	2x2x2x2x2x2x2	128	128	0	1	explicit
x__2-1s2-1s1s1__group.1390__X101__Z67	32	2x2x2x4	24	24	0	1	explicit
x__2-2s2-1s2-1__group.2515__X0111__Z5	192	2x2x2x2	16	16	0	1	explicit
x__2-1s2-1s1s1__group.1390__X101__Z118	32	2x2x2x2x2x2	64	64	0	1	explicit
x__2-1s2-1s1s1__group.1390__X101__Z103	32	2x2x2x4	24	24	0	1	explicit
x__2-1s2-1s1s1__group.1390__X101__Z80	32	2x2x2x2x2x2	48	48	0	1	explicit
x__2-2s2-2s2-1__group.3380__X0011__Z3	288	2x2x2x2x2x6	128	128	0	1	explicit
x__2-1s2-1s1s1__group.1390__X101__Z168	32	2x2x2x4	24	24	0	1	explicit
x__2-1s2-1s1s1__group.1390__X101__Z98	32	2x2x2x2x4	48	48	0	1	explicit
x__2-1s2-1s1s1__group.1390__X101__Z43	32	2x2x2x2x2x2x4	192	192	0	1	explicit
x__2-1s2-1s1s1__group.1390__X101__Z29	32	2x2x2x2x2x2x2x2	256	256	0	1	explicit
x__2-1s2-1s1s1__group.1390__X101__Z156	32	2x2x2x2x4	48	48	0	1	explicit
x__2-1s2-1s1s1__group.1390__X101__Z81	32	2x2x2x2x2x2	64	64	0	1	explicit
x__2-2s2-2s2-1__group.3255__C__Z10	288	2x2x2	8	8	0	1	explicit
x__2-1s2-1s1s1__group.1390__X101__Z93	32	2x2x2x2x2x2x2x2	256	256	0	1	explicit
x__2-2s2-2s2-1__group.3255__C__Z13	288	2x2x2x2x2x2	64	64	0	1	explicit
x__2-2s2-1s2-1__group.2515__X0111__Z2	192	2x2x2x2x2x2	64	64	0	1	explicit
x__2-1s2-1s1s1__group.1390__X101__Z92	32	2x2x2x2x2	32	32	0	1	explicit
x__2-2s2-2s2-1__group.3380__X0011__Z2	288	2x2x2	8	8	0	1	explicit
x__2-1s2-1s1s1__group.1390__X101__Z89	32	2x2x2x2x2	24	24	0	1	explicit
x__2-1s2-1s1s1__group.1390__X101__Z157	32	2x2x2x2x2x4	96	96	0	1	explicit
x__2-1s2-1s1s1__group.1390__X101__Z111	32	2x2x2x2x4	40	40	0	1	explicit
x__2-1s2-1s1s1__group.1390__X101__Z38	32	2x2x2x2x2	32	32	0	1	explicit
x__2-1s2-1s1s1__group.1390__X101__Z6	32	2x2x2x2x2x2x2x2x2	512	512	0	1	explicit
x__2-1s2-1s1s1__group.1390__X101__Z126	32	2x2x2x2x2x2x2x2	256	256	0	1	explicit
x__2-1s2-1s1s1__group.1390__X101__Z160	32	2x2x2x2x2	32	32	0	1	explicit
x__2-2s2-2s2-1__group.3255__C__Z17	288	2x2x2x2x2x2	64	64	0	1	explicit
x__2-1s2-1s1s1__group.1390__X101__Z128	32	2x2x2x2x2x2	64	64	0	1	explicit
x__2-1s2-1s1s1__group.1390__X101__Z102	32	2x2x2x2x4	36	36	0	1	explicit
x__2-2s2-2s2-1__group.3255__C__Z7	288	2x2x2x2x2x2	64	64	0	1	explicit
x__2-2s2-1s2-1__group.2515__X0111__Z22	192	2x2x2x2x2x2	64	64	0	1	explicit
x__2-1s2-1s1s1__group.1390__X101__Z127	32	2x2x2x2x2x2	64	64	0	1	explicit
x__2-1s2-1s1s1__group.1390__X101__Z66	32	2x2x2x4	24	24	0	1	explicit
x__2-1s2-1s1s1__group.1390__X101__Z32	32	2x2x2x2x2x2x2x2	256	256	0	1	explicit
x__2-2s2-2s2-1__group.3380__X0011__Z5	288	2x2x2x2x2x2	64	64	0	1	explicit
x__2-1s2-1s1s1__group.1390__X101__Z74	32	2x2x2x2x2x2	48	48	0	1	explicit
x__2-1s2-1s1s1__group.1390__X101__Z162	32	2x2x2x2x2x2	64	64	0	1	explicit
x__2-1s2-1s1s1__group.1390__X101__Z17	32	2x2x2x2x2x2x2x2	256	256	0	1	explicit
x__2-1s2-1s1s1__group.1390__X101__Z1	32	2x2x2x2x2x2x2x2x2x2x2	2048	2048	0	1	explicit
x__2-1s2-1s1s1__group.1390__X101__Z158	32	2x2x2x2x4	48	48	0	1	explicit
x__2-2s2-2s2-1__group.3255__C__Z19	288	2x2x2x2x2x2	64	64	0	1	explicit
x__2-1s2-1s1s1__group.1390__X101__Z86	32	2x2x2x2x2x2x2	80	80	0	1	explicit
x__2-1s2-1s1s1__group.1390__X101__Z58	32	2x2x2x2x2x2	48	48	0	1	explicit
x__2-2s2-2s2-1__group.3255__C__Z9	288	2x2x2x2x2x2	64	64	0	1	explicit
x__2-1s2-1s1s1__group.1390__X101__Z42	32	2x2x2x2x2x2x2x4	384	384	0	1	explicit
x__2-2s2-1s2-1__group.2515__X0111__Z25	192	2x2x2x2x2x2x2x2x2	512	512	0	1	explicit
x__2-1s2-1s1s1__group.1390__X101__Z59	32	2x2x2x2x2x2	64	64	0	1	explicit
x__2-1s2-1s1s1__group.1390__X101__Z35	32	2x2x2x2x2x2x2	128	128	0	1	explicit
x__2-2s2-2s2-1__group.3380__X0011__Z7	288	2x2x2x2x2x6	128	128	0	1	explicit
x__2-1s2-1s1s1__group.1390__X101__Z8	32	2x2x2x2x2x2x2x2x2	320	320	0	1	explicit
x__2-1s2-1s1s1__group.1390__X101__Z28	32	2x2x2x2x2x2x2x2x2	384	384	0	1	explicit
x__2-1s2-1s1s1__group.1390__X101__Z145	32	2x2x2x2x2x2	64	64	0	1	explicit
x__2-2s2-1s2-1__group.2515__X0111__Z4	192	2x2x2x2x2x2	64	64	0	1	explicit
x__2-1s2-1s1s1__group.1390__X101__Z167	32	2x2x2x2x2	32	32	0	1	explicit
x__2-2s2-2s2-1__group.3255__C__Z4	288	2x2x2	8	8	0	1	explicit
x__2-1s2-1s1s1__group.1390__X101__Z105	32	2x2x2x2x4	48	48	0	1	explicit
x__2-2s2-2s2-1__group.3255__C__Z8	288	2x2x2	8	8	0	1	explicit
x__2-2s2-1s2-1__group.2515__X0111__Z36	192	2x2x2x2x4	48	48	0	1	explicit
x__2-2s2-1s2-1__group.2515__X0111__Z13	192	2x2x2x2x2x2x2x2x2	512	512	0	1	explicit
x__2-1s2-1s1s1__group.1390__X101__Z135	32	2x2x2x2x2x2x2x2	256	256	0	1	explicit
x__2-2s2-2s2-1__group.3380__X0011__Z8	288	2x2x6	16	16	0	1	explicit
x__2-1s2-1s1s1__group.1390__X101__Z150	32	2x2x2x2x2	32	32	0	1	explicit
x__2-2s2-1s2-1__group.2515__X0111__Z8	192	2x2x2x2x2x2	64	64	0	1	explicit
x__2-2s2-1s2-1__group.2515__X0111__Z46	192	2x2x2x2x2x2	64	64	0	1	explicit
x__2-2s2-1s2-1__group.2515__X0111__Z7	192	2x2x2x2x2x2x2x2x2	512	512	0	1	explicit
x__4-1s2-1__group.5063__X100__Z15	256	2x2x2x2x2x2	48	48	0	1	explicit
x__4-1s2-1__group.5063__X100__Z16	256	2x2x2x2x2	32	32	0	1	explicit
x__2-2s2-2s2-1__group.3255__C__Z6	288	2x2x2	8	8	0	1	explicit
x__2-2s2-1s2-1__group.2515__X0111__Z31	192	2x2x2x2x2x2x2x2x2	512	512	0	1	explicit
x__2-2s2-2s2-1__group.3255__C__Z3	288	2x2x2x2x2x2	64	64	0	1	explicit
x__4-1s2-1__min.515__T__Z5	32	2x2x4	12	12	0	0	explicit
x__4-1s2-1__group.5063__X100__Z17	256	2x2x2x2x2	24	24	0	1	explicit
x__2-2s2-1s2-1__group.2515__X0111__Z14	192	2x2x2x2x2x2	64	64	0	1	explicit
x__2-2s2-1s2-1__group.2515__X0111__Z43	192	2x2x2x2x2x2x2x2x2	512	512	0	1	explicit
x__2-2s2-2s2-1__group.3380__X0011__Z6	288	2x2x2	8	8	0	1	explicit
x__2-1s2-1s1s1__group.1390__X101__Z50	32	2x2x2x2x2x2x2x2	256	256	0	1	explicit
x__2-2s2-1s2-1__group.2515__X0111__Z41	192	2x2x2x2	16	16	0	1	explicit
x__2-2s2-1s2-1__group.2515__X0111__Z9	192	2x2x2x2x2x2	64	64	0	1	explicit
x__4-1s2-2__group.5448__X101__Z5	192	2x2x2x2x2	32	32	0	1	explicit
x__2-2s2-2s2-1__group.3255__C__Z2	288	2x2x2	8	8	0	1	explicit
x__4-1s2-1__group.5063__X100__Z23	256	2x2x2x2	16	16	0	1	explicit
x__2-2s2-1s2-1__group.2515__X0111__Z38	192	2x2x2x2x2x2	64	64	0	1	explicit
x__4-1s2-1__group.5063__X100__Z3	256	2x2x2x2x2	32	32	0	1	explicit
x__2-2s2-2s2-1__group.3255__C__Z1	288	2x2x2x2x2x2	64	64	0	1	explicit
x__4-1s2-1__group.5063__X100__Z2	256	2x2x2x2x2	32	32	0	1	explicit
x__2-2s2-2s2-1__group.3380__X0011__Z1	288	2x2x2x2x2x2	64	64	0	1	explicit
x__2-1s2-1s1s1__group.1390__X101__Z57	32	2x2x2x2x2x2	64	64	0	1	explicit
x__4-1s2-1__min.515__T__Z2	32	2x4x4	18	24	6	0	explicit
x__2-2s2-1s2-1__group.2515__X0111__Z1	192	2x2x2x2x2x2x2x2x2	512	512	0	1	explicit
x__2-2s2-1s2-1__group.2515__X0111__Z3	192	2x2x2x2x2x2	64	64	0	1	explicit
x__2-2s2-1s2-1__group.2515__X0111__Z42	192	2x2x2x2x2	32	32	0	1	explicit
x__2-2s2-1s2-1__group.2515__X0111__Z15	192	2x2x2x2x2x2	64	64	0	1	explicit
x__2-2s2-1s2-1__group.2515__X0111__Z19	192	2x2x2x2x2x2x2x2x2	512	512	0	1	explicit
x__4-1s2-2__group.5448__X101__Z2	192	2x2	4	4	0	1	explicit
x__2-2s2-2s2-1__group.3255__C__Z5	288	2x2x2x2x2x2	64	64	0	1	explicit
x__4-1s2-1__group.5063__X100__Z9	256	2x2x2x2x2	32	32	0	1	explicit
x__4-1s2-1__min.515__T__Z11	32	2x2x4	12	12	0	0	explicit
x__2-2s2-2s2-1__group.3255__C__Z18	288	2x2x2	8	8	0	1	explicit
x__4-1s2-1__group.5063__X100__Z11	256	2x2x2x2	16	16	0	1	explicit
x__2-2s2-1s2-1__group.2515__X0111__Z6	192	2x2x2x2x2	32	32	0	1	explicit
x__4-1s2-1__min.515__T__Z3	32	2x4x4	18	24	6	0	explicit
x__2-2s2-1s2-1__group.2515__X0111__Z48	192	2x2x2x2x2	32	32	0	1	explicit
x__2-2s2-1s1s1__group.2130__X101__Z1	48	2x2x2x2x2x2x2x2x6	544	544	0	1	explicit
x__2-2s2-1s1s1__group.2130__X101__Z23	48	2x2x2x2x6	48	48	0	1	explicit
x__2-2s2-1s2-1__group.2515__X0111__Z12	192	2x2x2x2x4	48	48	0	1	explicit
x__2-2s2-1s2-1__group.2515__X0111__Z45	192	2x2x2x2x2x2	64	64	0	1	explicit
x__2-2s2-1s1s1__group.2130__X101__Z39	48	2x2x2x6	24	24	0	1	explicit
x__4-1s2-1__min.515__T__Z10	32	2x2x8	16	16	0	0	explicit
x__2-2s2-1s2-1__group.2515__X0111__Z26	192	2x2x2x2x2x2	64	64	0	1	explicit
x__4-1s2-1__group.5063__X100__Z4	256	2x2x2x2x2	32	32	0	1	explicit
x__4-1s2-1__group.5063__X100__Z24	256	2x2x2x4	24	24	0	1	explicit
x__2-2s2-1s2-1__group.2515__X0111__Z11	192	2x2x2x2	16	16	0	1	explicit
x__4-1s2-1__min.515__T__Z4	32	2x2x8	16	16	0	0	explicit
x__2-2s2-1s1s1__group.2130__X101__Z3	48	2x2x2x2x2x2x6	120	120	0	1	explicit
x__2-2s2-1s1s1__group.2130__X101__Z18	48	2x2x12	24	24	0	1	explicit
x__2-2s2-1s1s1__group.2130__X101__Z7	48	2x2x2x2x6	64	64	0	1	explicit
x__2-2s2-1s1s1__group.2130__X101__Z24	48	2x2x2x2x2x2x6	144	144	0	1	explicit
x__2-2s2-1s2-1__group.2515__X0111__Z24	192	2x2x2x2x2	32	32	0	1	explicit
x__2-2s2-1s1s1__group.2271__C__Z38	96	2x2x2x2x2x2x2x2x2x2	1024	1024	0	1	explicit
x__2-2s2-1s2-1__group.2515__X0111__Z34	192	2x2x2x2x2x2	64	64	0	1	explicit
x__2-2s2-1s1s1__group.2130__X101__Z37	48	2x2x2x6	24	24	0	1	explicit
x__4-1s2-1__min.515__T__Z1	32	2x2x4x4	36	48	12	0	explicit
x__4-1s2-1__group.5063__X100__Z18	256	2x2x2x4	24	24	0	1	explicit
x__4-1s2-2__group.5448__X101__Z7	192	2x2x2x2	16	16	0	1	explicit
x__2-2s2-1s2-1__group.2515__X0111__Z29	192	2x2x2x2	16	16	0	1	explicit
x__4-1s2-1__group.5063__X100__Z8	256	2x2x2x2x4	48	48	0	1	explicit
x__2-2s2-1s2-1__group.2515__X0111__Z21	192	2x2x2x2x2x2	64	64	0	1	explicit
x__2-2s2-1s1s1__group.2130__X101__Z27	48	2x2x2x2x6	40	40	0	1	explicit
x__2-2s2-1s1s1__group.2130__X101__Z21	48	2x2x2x2x2x6	128	128	0	1	explicit
x__2-2s2-1s1s1__group.2130__X101__Z41	48	2x2x2x6	24	24	0	1	explicit
x__2-2s2-1s2-1__group.2515__X0111__Z23	192	2x2x2x2	16	16	0	1	explicit
x__2-2s2-1s1s1__group.2130__X101__Z9	48	2x2x2x2x6	36	36	0	1	explicit
x__2-2s2-1s1s1__group.2271__C__Z54	96	2x2x2x2x2x2x2	80	80	0	1	explicit
x__2-2s2-1s2-1__group.2515__X0111__Z33	192	2x2x2x2x2x2	64	64	0	1	explicit
x__2-2s2-1s1s1__group.2130__X101__Z30	48	2x2x2x2x2x6	128	128	0	1	explicit
x__4-1s2-1__min.515__T__Z6	32	4x8	12	16	4	0	explicit
x__4-1s2-1__group.5063__X100__Z20	256	2x2x2x2x4	48	48	0	1	explicit
x__2-2s2-1s1s1__group.2130__X101__Z20	48	2x2x2x2x2x2x2x2x6	576	576	0	1	explicit
x__4-1s2-2__group.5448__X101__Z1	192	2x2x2x2x2	32	32	0	1	explicit
x__2-2s2-1s1s1__group.2130__X101__Z33	48	2x2x2x2x6	36	36	0	1	explicit
x__2-2s2-1s2-1__group.2515__X0111__Z16	192	2x2x2x2x2x2	64	64	0	1	explicit
x__2-2s2-1s2-1__group.2515__X0111__Z28	192	2x2x2x2x2x2	64	64	0	1	explicit
x__2-2s2-1s1s1__group.2130__X101__Z19	48	2x2x2x2x2x6	80	80	0	1	explicit
x__4-1s2-1__group.5063__X100__Z22	256	2x2x2x2x2	32	32	0	1	explicit
x__2-2s2-1s1s1__group.2271__C__Z53	96	2x2x2x2x2	32	32	0	1	explicit
x__2-2s2-1s2-1__group.2515__X0111__Z39	192	2x2x2x2x2x2	64	64	0	1	explicit
x__2-2s2-1s1s1__group.2130__X101__Z25	48	2x2x2x2x2x2x6	256	256	0	1	explicit
x__2-2s2-1s2-1__group.2515__X0111__Z32	192	2x2x2x2x2x2	64	64	0	1	explicit
x__2-2s2-1s1s1__group.2130__X101__Z31	48	2x2x2x6	32	32	0	1	explicit
x__4-1s2-1__min.515__T__Z8	32	2x4x4	16	20	4	0	explicit
x__2-2s2-1s1s1__group.2271__C__Z39	96	2x2x2x2x2x2x2	128	128	0	1	explicit
x__4-1s2-1__group.5063__X100__Z21	256	2x2x2x2x2	32	32	0	1	explicit
x__2-2s2-1s1s1__group.2130__X101__Z26	48	2x2x2x2x6	64	64	0	1	explicit
x__2-2s2-1s1s1__group.2130__X101__Z34	48	2x2x2x2x2x2x6	120	120	0	1	explicit
x__2-2s2-1s2-1__group.2515__X0111__Z17	192	2x2x2x2	16	16	0	1	explicit
x__4-1s2-2__group.5448__X101__Z6	192	2x2	4	4	0	1	explicit
x__4-1s2-1__group.5063__X100__Z14	256	2x2x2x2x2	32	32	0	1	explicit
x__2-2s2-1s1s1__group.2271__C__Z40	96	2x2x2x2x2x2x2	128	128	0	1	explicit
x__2-2s2-1s2-1__group.2515__X0111__Z30	192	2x2x2x2x2	32	32	0	1	explicit
x__2-2s2-1s1s1__group.2130__X101__Z22	48	2x2x2x2x2x2x6	144	144	0	1	explicit
x__2-2s2-1s2-1__group.2515__X0111__Z20	192	2x2x2x2x2x2	64	64	0	1	explicit
x__2-2s2-1s2-1__group.2515__X0111__Z35	192	2x2x2x2	16	16	0	1	explicit
x__2-2s2-1s1s1__group.2130__X101__Z36	48	2x2x2x6	18	18	0	1	explicit
x__4-1s2-1__min.515__T__Z9	32	2x4x4	18	24	6	0	explicit
x__2-2s2-1s1s1__group.2130__X101__Z10	48	2x2x2x2x2x6	72	72	0	1	explicit
x__4-1s2-2__group.5448__X101__Z8	192	2x2x2	8	8	0	1	explicit
x__4-1s2-1__group.5063__X100__Z19	256	2x2x2x2x2x2x2	128	128	0	1	explicit
x__2-2s2-1s1s1__group.2271__C__Z30	96	2x2x2x2x2x2x2x2x2x2x2x2x2	8192	8192	0	1	explicit
x__2-2s2-1s1s1__group.2130__X101__Z35	48	2x2x2x2x6	36	36	0	1	explicit
x__2-2s2-1s1s1__group.2130__X101__Z14	48	2x2x2x2x6	48	48	0	1	explicit
x__2-2s2-1s2-1__group.2515__X0111__Z10	192	2x2x2x2x2x2	64	64	0	1	explicit
x__4-1s2-1__group.5063__X100__Z1	256	2x2x2x2x2x2x2	128	128	0	1	explicit
x__2-2s2-1s1s1__group.2271__C__Z47	96	2x2x2x2x2x2	64	64	0	1	explicit
x__2-2s2-1s2-1__group.2515__X0111__Z18	192	2x2x2x2x2	32	32	0	1	explicit
x__2-2s2-1s2-1__group.2515__X0111__Z37	192	2x2x2x2x2x2x2x2x2	512	512	0	1	explicit
x__2-2s2-1s1s1__group.2130__X101__Z38	48	2x2x2x2x2x6	72	72	0	1	explicit
x__4-1s2-1__group.5063__X100__Z12	256	2x2x2x4	24	24	0	1	explicit
x__4-1s2-1__min.515__T__Z7	32	2x2x4x4	36	48	12	0	explicit
x__2-2s2-1s1s1__group.2130__X101__Z28	48	2x2x2x6	24	24	0	1	explicit
x__4-1s2-2__group.5448__X101__Z3	192	2x2x2x2	16	16	0	1	explicit
x__2-2s2-1s1s1__group.2130__X101__Z32	48	2x2x2x6	32	32	0	1	explicit
x__4-1s2-1__group.5063__X100__Z13	256	2x2x2x2x2x2x2	128	128	0	1	explicit
x__4-1s2-1__group.5063__X100__Z10	256	2x2x2x2x2	32	32	0	1	explicit
x__2-2s2-1s2-1__group.2515__X0111__Z44	192	2x2x2x2x2x2	64	64	0	1	explicit
x__2-2s2-1s1s1__group.2271__C__Z37	96	2x2x2x2x2x2x2x2x2x2	576	576	0	1	explicit
x__2-2s2-1s1s1__group.2130__X101__Z13	48	2x2x2x6	32	32	0	1	explicit
x__2-2s2-1s1s1__group.2271__C__Z49	96	2x2x2x2x2x2	64	64	0	1	explicit
x__2-2s2-1s2-1__group.2515__X0111__Z27	192	2x2x2x2x2x2	64	64	0	1	explicit
x__4-1s2-1__group.5063__X100__Z7	256	2x2x2x2x2x2x2	128	128	0	1	explicit
x__2-2s2-1s1s1__group.2130__X101__Z8	48	2x2x2x2x2x2x6	120	120	0	1	explicit
x__2-2s2-1s1s1__group.2271__C__Z48	96	2x2x2x2x2x2	64	64	0	1	explicit
x__4-1s2-1__min.515__T__Z12	32	4x8	11	14	3	0	explicit
x__2-2s2-1s1s1__group.2130__X101__Z17	48	2x2x2x2x6	48	48	0	1	explicit
x__2-2s2-1s1s1__group.2130__X101__Z2	48	2x2x2x2x2x6	128	128	0	1	explicit
x__4-1s2-2__group.5448__X101__Z4	192	2x2x2	8	8	0	1	explicit
x__4-1s2-1__group.5063__X100__Z6	256	2x2x2x2	16	16	0	1	explicit
x__2-2s2-1s1s1__group.2271__C__Z52	96	2x2x2x2x2	32	32	0	1	explicit
x__2-2s2-1s1s1__group.2130__X101__Z40	48	2x6	8	8	0	1	explicit
x__4-1s2-1__group.5063__X100__Z5	256	2x2x2x2	16	16	0	1	explicit
x__2-2s2-1s1s1__group.2271__C__Z22	96	2x2x2x2x2x2	64	64	0	1	explicit
x__2-2s2-1s1s1__group.2271__C__Z1	96	2x2x2x2x2x2x2x2x2x2x2x2x2	8192	8192	0	1	explicit
x__2-2s2-1s1s1__group.2130__X101__Z6	48	2x2x2x2x2x2x6	256	256	0	1	explicit
x__2-2s2-1s1s1__group.2271__C__Z46	96	2x2x2x2x2x2x2x2x2	512	512	0	1	explicit
x__2-2s2-1s1s1__group.2271__C__Z27	96	2x2x2x2x2x2	64	64	0	1	explicit
x__2-2s2-1s1s1__group.2271__C__Z21	96	2x2x2x2x2x2x2x2x2	512	512	0	1	explicit
x__2-2s2-1s1s1__group.2130__X101__Z5	48	2x2x2x2x2x2x6	160	160	0	1	explicit
x__2-2s2-1s1s1__group.2130__X101__Z29	48	2x2x2x2x2x6	80	80	0	1	explicit
x__2-2s2-1s1s1__group.2130__X101__Z12	48	2x2x2x6	32	32	0	1	explicit
x__2-2s2-1s1s1__group.2271__C__Z55	96	2x2x2x2x2x2x2x2x2	512	512	0	1	explicit
x__4-2s2-1__group.6614__C__Z4	192	2x2x2x2	12	12	0	1	explicit
x__2-2s2-1s1s1__group.2271__C__Z6	96	2x2x2x2x2x2x2x2x2x2	1024	1024	0	1	explicit
x__4-2s2-1__group.6459__X0100__Z2	288	2x2x2	8	8	0	1	explicit
x__2-2s2-1s1s1__group.2271__C__Z25	96	2x2x2x2x2x2	48	48	0	1	explicit
x__2-2s2-1s1s1__group.2271__C__Z41	96	2x2x2x2x2x2x2	80	80	0	1	explicit
x__2-2s2-1s1s1__group.2130__X101__Z4	48	2x2x2x2x6	36	36	0	1	explicit
x__2-2s2-1s1s1__group.2271__C__Z18	96	2x2x2x2x2x2	64	64	0	1	explicit
x__2-2s2-1s1s1__group.2130__X101__Z16	48	2x2x2x6	24	24	0	1	explicit
x__2-2s2-1s1s1__group.2130__X101__Z15	48	2x2x2x2x2x6	80	80	0	1	explicit
x__4-1s2-1__group.4961__X00011__Z7	128	2x2x2x2x2x2x2x2x2x2x2	2048	2048	0	1	explicit
x__2-2s2-1s1s1__group.2271__C__Z17	96	2x2x2x2x2x2x2x2x2	512	512	0	1	explicit
x__4-2s2-1__group.6614__C__Z5	192	2x2x2x2x2x2x2	96	96	0	1	explicit
x__2-2s2-1s1s1__group.2271__C__Z36	96	2x2x2x2x2x2x2x2x2x2	1024	1024	0	1	explicit
x__2-2s2-1s1s1__group.2271__C__Z13	96	2x2x2x2x2x2x2x2x2	512	512	0	1	explicit
x__2-2s2-1s1s1__group.2271__C__Z51	96	2x2x2x2x2x2	64	64	0	1	explicit
x__4-2s2-1__group.6459__X0100__Z1	288	2x2x2x2x2x2	40	40	0	1	explicit
x__2-2s2-1s1s1__group.2271__C__Z15	96	2x2x2x2x2x2x2	96	96	0	1	explicit
x__3s3__group.4359__C__Z14	4608	2x2x2x2x2x2	36	36	0	1	explicit
x__2-2s2-1s1s1__group.2130__X101__Z11	48	2x2x2x2x2x6	128	128	0	1	explicit
x__3s3__group.4359__C__Z20	4608	2x2x2x2x2x2x2x2x2	512	512	0	1	explicit
x__2-2s2-1s1s1__group.2271__C__Z42	96	2x2x2x2x2x2x2x2x2	512	512	0	1	explicit
x__2-2s2-1s1s1__group.2271__C__Z28	96	2x2x2	8	8	0	1	explicit
x__4-1s2-1__group.4961__X00011__Z4	128	2x2x2x2x2x2x2	128	128	0	1	explicit
x__4-2s2-1__group.6614__C__Z2	192	2x2x2	8	8	0	1	explicit
x__2-2s2-1s1s1__group.2271__C__Z31	96	2x2x2x2x2x2x2x2x2x2	768	768	0	1	explicit
x__4-1s2-1__group.4961__X00011__Z20	128	2x2x2x2x2x2x2x2x2x2x2x2	4096	4096	0	1	explicit
x__2-2s2-1s1s1__group.2271__C__Z34	96	2x2x2x2x2x2x2	96	96	0	1	explicit
x__2-2s2-1s1s1__group.2271__C__Z14	96	2x2x2x2x2x2x2x2x2x2	768	768	0	1	explicit
x__4-1s2-1__group.4961__X00011__Z19	128	2x2x2x2x2x2x2x2	256	256	0	1	explicit
x__2-2s2-1s1s1__group.2271__C__Z12	96	2x2x2x2x2	32	32	0	1	explicit
x__2-2s2-2s2-1__group.3195__X010__Z8	144	2x6	8	8	0	1	explicit
x__4-1s2-1__group.4961__X00011__Z32	128	2x2x2x2x2x4	96	96	0	1	explicit
x__2-2s2-1s1s1__group.2271__C__Z45	96	2x2x2x2x2x2	64	64	0	1	explicit
x__2-2s2-1s1s1__group.2271__C__Z10	96	2x2x2x2x2x2x2	128	128	0	1	explicit
x__4-2s2-1__group.6614__C__Z7	192	2x2x2x2x2x2	64	64	0	1	explicit
x__4-1s2-1__group.4961__X00011__Z3	128	2x2x2x2x2x2x2x2x2x2x2	2048	2048	0	1	explicit
x__2-2s2-1s1s1__group.2271__C__Z33	96	2x2x2x2x2x2x2x2x2	512	512	0	1	explicit
x__2-2s2-2s2-1__group.3195__X010__Z21	144	2x2x2x6	32	32	0	1	explicit
x__2-2s2-1s1s1__group.2271__C__Z24	96	2x2x2x2x2x2	48	48	0	1	explicit
x__2-2s2-2s2-1__group.3195__X010__Z1	144	2x2x2x6	32	32	0	1	explicit
x__2-2s2-1s1s1__group.2271__C__Z3	96	2x2x2x2x2x2x2x2x2	512	512	0	1	explicit
x__2-2s2-2s2-1__group.3195__X010__Z13	144	2x2	4	4	0	1	explicit
x__4-1s2-1__group.4961__X00011__Z18	128	2x2x2x2x2x2x2x2	256	256	0	1	explicit
x__4-1s2-1__group.4961__X00011__Z35	128	2x2x2x2x2x2x2x2x2x2x2	2048	2048	0	1	explicit
x__2-2s2-1s1s1__group.2271__C__Z44	96	2x2x2x2x2x2x2	96	96	0	1	explicit
x__4-2s2-1__group.6614__C__Z1	192	2x2x2x2x2x2x2	96	96	0	1	explicit
x__4-1s2-1__group.4961__X00011__Z26	128	2x2x2x2x2x2	64	64	0	1	explicit
x__3s3__group.4359__C__Z13	4608	2x2x2x2x2x2x2x2x2	512	512	0	1	explicit
x__2-2s2-1s1s1__group.2271__C__Z50	96	2x2x2x2x2x2x2x2x2	512	512	0	1	explicit
x__3s3__group.4359__C__Z21	4608	2x2x2x2x2x2x2x2x2x2x2x2x2x2	8256	8256	0	1	explicit
x__2-2s2-2s2-1__group.3195__X010__Z17	144	2x2x2x6	32	32	0	1	explicit
x__2-2s2-1s1s1__group.2271__C__Z23	96	2x2x2x2x2x2	48	48	0	1	explicit
x__2-2s2-2s2-1__group.3195__X010__Z6	144	6x6	16	16	0	1	explicit
x__2-2s2-2s2-1__group.3195__X010__Z14	144	2x6	8	8	0	1	explicit
x__2-2s2-1s1s1__group.2271__C__Z4	96	2x2x2x2x2x2x2x2x2	512	512	0	1	explicit
x__4-2s2-1__group.6614__C__Z6	192	2x2x2	8	8	0	1	explicit
x__4-1s2-1__group.4961__X00011__Z24	128	2x2x2x2x2x2	64	64	0	1	explicit
x__2-2s2-1s1s1__group.2271__C__Z43	96	2x2x2x2x2x2x2x2x2	512	512	0	1	explicit
x__4-1s2-1__group.4961__X00011__Z34	128	2x2x2x2x2x2x2x2x2x2x2	2048	2048	0	1	explicit
x__2-2s2-1s1s1__group.2271__C__Z32	96	2x2x2x2x2x2x2x2x2	512	512	0	1	explicit
x__2-2s2-2s2-1__group.3195__X010__Z7	144	2x2x2x6	32	32	0	1	explicit
x__2-2s2-2s2-1__group.3195__X010__Z10	144	2x2x2x6	32	32	0	1	explicit
x__4-1s2-1__group.4961__X00011__Z27	128	2x2x2x2x2x2	64	64	0	1	explicit
x__4-1s2-2__group.5837__C__Z7	192	2x2x2x2x2x2x2	72	72	0	1	explicit
x__2-2s2-1s1s1__group.2271__C__Z5	96	2x2x2x2x2x2x2	96	96	0	1	explicit
x__2-2s2-1s1s1__group.2271__C__Z7	96	2x2x2x2x2x2x2x2x2x2	1024	1024	0	1	explicit
x__4-2s2-1__group.6614__C__Z8	192	2x2x2x2	12	12	0	1	explicit
x__2-2s2-1s1s1__group.2271__C__Z11	96	2x2x2x2x2x2x2	128	128	0	1	explicit
x__4-1s2-1__group.4961__X00011__Z21	128	2x2x2x2x2x2	64	64	0	1	explicit
x__4-1s2-1__group.4961__X00011__Z33	128	2x2x2x2x2x2x2x2x2x2x2	2048	2048	0	1	explicit
x__2-2s2-2s2-1__group.3195__X010__Z9	144	2x2x2x2	16	16	0	1	explicit
x__2-2s2-1s1s1__group.2271__C__Z35	96	2x2x2x2x2x2x2x2x2x2	1024	1024	0	1	explicit
x__2-2s2-2s2-1__group.3195__X010__Z5	144	2x2x6x6	64	64	0	1	explicit
x__2-2s2-1s1s1__group.2271__C__Z2	96	2x2x2x2x2x2x2x2x2x2	768	768	0	1	explicit
x__4-1s2-1__group.4961__X00011__Z23	128	2x2x2x2x2x2	64	64	0	1	explicit
x__3s3__group.4359__C__Z9	4608	2x2x2x2x2x2x2x2x2	512	512	0	1	explicit
x__2-2s2-1s1s1__group.2271__C__Z9	96	2x2x2x2x2x2x2x2x2x2	1024	1024	0	1	explicit
x__4-2s2-2__group.6752__T__Z1	216	6x6	16	24	8	0	explicit
x__4-1s2-1__group.4961__X00011__Z11	128	2x2x2x2x2x2x2	128	128	0	1	explicit
x__3s3__group.4359__C__Z19	4608	2x2x2x2x2x2x2x2x2x2	1024	1024	0	1	explicit
x__4-1s2-2__group.5837__C__Z1	192	2x2x2x2x2x2x2x2x2x2x2x2	2112	2112	0	1	explicit
x__2-2s2-1s1s1__group.2271__C__Z16	96	2x2x2x2x2x2x2	96	96	0	1	explicit
x__2-2s2-2s2-1__group.3195__X010__Z11	144	2x2x2x6	32	32	0	1	explicit
x__2-2s2-1s1s1__group.2271__C__Z26	96	2x2x2x2x2x2x2x2x2	512	512	0	1	explicit
x__2-2s2-2s2-1__group.3195__X010__Z2	144	2x6	8	8	0	1	explicit
x__4-1s2-1__group.4961__X00011__Z38	128	2x2x2x2x2x2x2x2x2x2x2	2048	2048	0	1	explicit
x__2-2s2-1s1s1__group.2271__C__Z8	96	2x2x2x2x2x2x2	128	128	0	1	explicit
x__4-1s2-1__group.4961__X00011__Z6	128	2x2x2x2x2x2x2x2x2x2x2	2048	2048	0	1	explicit
x__4-2s2-1__group.6459__X0100__Z3	288	2x2x2x2x2x2	48	48	0	1	explicit
x__4-1s2-2__group.5837__C__Z6	192	2x2x2x2x2x2x2	96	96	0	1	explicit
x__4-1s2-1__group.4961__X00011__Z15	128	2x2x2x2x2x2x2x2	256	256	0	1	explicit
x__2-2s2-1s1s1__group.2271__C__Z19	96	2x2x2x2x2x2	64	64	0	1	explicit
x__2-2s2-2s2-1__group.3195__X010__Z3	144	2x2x2x6	32	32	0	1	explicit
x__4-1s2-1__group.4961__X00011__Z29	128	2x2x2x2x2x2	64	64	0	1	explicit
x__2-2s2-2s2-1__group.3195__X010__Z16	144	2x2	4	4	0	1	explicit
x__2-2s2-1s1s1__group.2271__C__Z29	96	2x2x2x2x2x2	64	64	0	1	explicit
x__4-2s2-1__group.6459__X0100__Z4	288	2x2x2	8	8	0	1	explicit
x__4-1s2-1__group.4961__X00011__Z1	128	2x2x2x2x2x2x2x2x2x2x2	2048	2048	0	1	explicit
x__4-1s2-1__group.4961__X00011__Z36	128	2x2x2x2x2x2x2	128	128	0	1	explicit
x__2-2s2-2s1c1__group.2707__T__Z6	144	2x2x2x2x2x2	36	36	0	1	explicit
x__3s3__group.4359__C__Z12	4608	2x2x2x2x2x2x2x2x2x2x2x2x2x2	16384	16384	0	1	explicit
x__2-2s2-2s2-1__group.3195__X010__Z4	144	2x6	8	8	0	1	explicit
x__2-2s2-1s1s1__group.2271__C__Z20	96	2x2x2x2x2x2	64	64	0	1	explicit
x__2-2s2-2s2-1__group.3195__X010__Z20	144	6x6	16	16	0	1	explicit
x__3s2-2s1__group.4226__T__Z28	288	2x2x2x2x2	32	32	0	1	explicit
x__4-1s2-2__group.5837__C__Z3	192	2x2x2x2	12	12	0	1	explicit
x__3s3__group.4359__C__Z7	4608	2x2x2x2x2	32	32	0	1	explicit
x__4-1s2-1__group.4961__X00011__Z12	128	2x2x2x2x2x2x2x2x2x2x2	2048	2048	0	1	explicit
x__3s2-2s1__group.4226__T__Z7	288	2x2x2x2x2x2x2x2	256	256	0	1	explicit
x__4-1s2-1__group.4961__X00011__Z16	128	2x2x2x2x2x2x2x2	256	256	0	1	explicit
x__4-1s2-1__group.4961__X00011__Z8	128	2x2x2x2x2x2x2x2x2x2x2	2048	2048	0	1	explicit
x__2-2s2-2s1c1__group.2707__T__Z3	144	2x2x2x2x2x2x2x2x2x2	240	240	0	1	explicit
x__2-2s2-2s2-1__group.3195__X010__Z15	144	2x6	8	8	0	1	explicit
x__3s2-2s1__group.4226__T__Z10	288	2x2x2x2x2	32	32	0	1	explicit
x__2-2s2-2s2-1__group.3195__X010__Z18	144	2x6	8	8	0	1	explicit
x__4-1s2-1__group.4961__X00011__Z31	128	2x2x2x2x2x4	96	96	0	1	explicit
x__3s3__group.4359__C__Z10	4608	2x2x2x2	16	16	0	1	explicit
x__4-1s2-2__group.5837__C__Z4	192	2x2x2x2x2x2x2	128	128	0	1	explicit
x__3s2-2s1__group.4226__T__Z23	288	2x2x2x2x2	32	32	0	1	explicit
x__3s2-2s1__group.4226__T__Z9	288	2x2x2x2x2	32	32	0	1	explicit
x__4-1s2-1__group.4961__X00011__Z28	128	2x2x2x2x2x2	64	64	0	1	explicit
x__2-2s2-2s2-1__group.3195__X010__Z12	144	2x2x2x2	16	16	0	1	explicit
x__4-1s2-1__group.4961__X00011__Z9	128	2x2x2x2x2x2x2x2x2x2x2	2048	2048	0	1	explicit
x__2-2s2-2s2-1__group.3195__X010__Z19	144	2x2x6x6	64	64	0	1	explicit
x__3s2-2s1__group.4226__T__Z26	288	2x2x2x2x2	32	32	0	1	explicit
x__3s2-2s1__group.4226__T__Z15	288	2x2x2x2x2	32	32	0	1	explicit
x__2-2s2-2s1c1__group.2707__T__Z4	144	2x2x2x2x2x2	36	36	0	1	explicit
x__4-1s2-1__group.4961__X00011__Z13	128	2x2x2x2x2x2x2x2x2x2x2x2x2x2x2x2	65536	65536	0	1	explicit
x__4-1s2-2__group.5837__C__Z5	192	2x2x2x2x2x2x2	128	128	0	1	explicit
x__3s2-2s1__group.4226__T__Z8	288	2x2x2x2x2	32	32	0	1	explicit
x__3s3__group.4359__C__Z15	4608	2x2x2x2x2	32	32	0	1	explicit
x__3s3__group.4359__C__Z6	4608	2x2x2x2x2x2x2x2x2x2	1024	1024	0	1	explicit
x__3s2-2s1__group.4226__T__Z19	288	2x2x2x2x2x2x2x2	256	256	0	1	explicit
x__2-2s2-2s2-1__group.3195__X010__Z22	144	2x6	8	8	0	1	explicit
x__4-1s2-1__group.4961__X00011__Z30	128	2x2x2x2x2x4	96	96	0	1	explicit
x__2-2s2-2s1s1__group.2855__X0010__Z11	144	2x6	8	8	0	1	explicit
x__3s2-2s1__group.4226__T__Z12	288	2x2x2x2x2	32	32	0	1	explicit
x__6-1__group.7449__T__Z5	2304	2x2x2x2x4	36	36	0	1	explicit
x__4-1s2-1__group.4961__X00011__Z17	128	2x2x2x2x2x2x2x2	256	256	0	1	explicit
x__2-2s2-2s1c1__group.2707__T__Z5	144	2x2x2x2x2x2x2x2x2x2	240	240	0	1	explicit
x__3s2-2s1__group.4226__T__Z1	288	2x2x2x2x2x2	64	64	0	1	explicit
x__4-1s2-2__group.5837__C__Z2	192	2x2x2x2	16	16	0	1	explicit
x__3s2-2s1__group.4226__T__Z21	288	2x2x2x2x2x2x2x2	256	256	0	1	explicit
x__2-2s2-2s1s1__group.2855__X0010__Z9	144	2x2x2x2x6	64	64	0	1	explicit
x__4-1s2-1__group.4961__X00011__Z14	128	2x2x2x2x2x2x2x2	256	256	0	1	explicit
x__2-2s2-2s2-1__group.3254__X011__Z14	144	2x2	4	4	0	0	explicit
x__3s3__group.4359__C__Z17	4608	2x2x2x2	10	10	0	1	explicit
x__4-2s2-2__group.6698__X001__Z2	144	2x6	8	8	0	1	explicit
x__4-1s2-1__group.4961__X00011__Z37	128	2x2x2x2x2x2x2	128	128	0	1	explicit
x__2-2s2-2s1s1__group.2855__X0010__Z3	144	2x2x2x6x6	128	128	0	1	explicit
x__3s2-2s1__group.4226__T__Z6	288	2x2x2x2x2	32	32	0	1	explicit
x__4-1s2-1__group.4961__X00011__Z10	128	2x2x2x2x2x2x2	128	128	0	1	explicit
x__2-2s2-2s1c1__group.2707__T__Z2	144	2x2x2x2x2x2	36	36	0	1	explicit
x__6-1__group.7449__T__Z7	2304	2x2x2x4	24	24	0	1	explicit
x__2-2s2-2s1c1__group.2707__T__Z1	144	2x2x2x2x2x2x2x2x2x2	240	240	0	1	explicit
x__3s2-2s1__group.4226__T__Z20	288	2x2x2x2x2	32	32	0	1	explicit
x__2-2s2-2s2-1__group.3254__X011__Z13	144	2x2x2x2	16	16	0	0	explicit
x__2-2s2-2s1s1__group.2855__X0010__Z8	144	2x2x2x2x6	64	64	0	1	explicit
x__4-2s2-2__group.6698__X001__Z3	144	2x2	4	4	0	1	explicit
x__3s3__group.4359__C__Z1	4608	2x2x2x2x2x2x2x2x2x2x2x2x2x2	8256	8256	0	1	explicit
x__4-1s2-1__group.4961__X00011__Z2	128	2x2x2x2x2x2x2x2x2x2x2	2048	2048	0	1	explicit
x__2-2s2-2s1s1__group.2855__X0010__Z4	144	2x2x2x6x6	128	128	0	1	explicit
x__3s2-2s1__group.4226__T__Z13	288	2x2x2x2x2x2	64	64	0	1	explicit
x__3s2-2s1__group.4226__T__Z3	288	2x2x2x2x2	32	32	0	1	explicit
x__6-1__group.7449__T__Z9	2304	2x2x2x2x4	48	48	0	1	explicit
x__3s2-2s1__group.4226__T__Z27	288	2x2x2x2x2x2x2x2	256	256	0	1	explicit
x__4-2s1s1__group.6077__X101__Z10	144	2x2x2	6	6	0	1	explicit
x__2-2s2-2s2-1__group.3254__X011__Z12	144	2x6	8	8	0	0	explicit
x__4-1s2-1__group.4961__X00011__Z22	128	2x2x2x2x2x2	64	64	0	1	explicit
x__4-2s1s1__group.6077__X101__Z4	144	2x2	4	4	0	1	explicit
x__4-2s2-2__group.6698__X001__Z4	144	2x2	4	4	0	1	explicit
x__2-2s2-2s1s1__group.2855__X0010__Z1	144	2x2x2x2x2x2x2x6x6	2048	2048	0	1	explicit
x__2-2s2-2s1s1__group.2855__X0010__Z5	144	6x6	16	16	0	1	explicit
x__3s2-2s1__group.4226__T__Z14	288	2x2x2x2x2	32	32	0	1	explicit
x__3s2-2s1__group.4226__T__Z4	288	2x2x2	8	8	0	1	explicit
x__4-1s2-1__group.4961__X00011__Z5	128	2x2x2x2x2x2x2	128	128	0	1	explicit
x__3s2-2s1__group.4226__T__Z18	288	2x2x2x2x2	32	32	0	1	explicit
x__2-2s2-2s2-1__group.3254__X011__Z1	144	2x2x2x6	32	32	0	0	explicit
x__4-2s1s1__group.6077__X101__Z9	144	2x2	4	4	0	1	explicit
x__6-1__group.7449__T__Z8	2304	2x2x2x2	16	16	0	1	explicit
x__4-2s2-2__group.6698__X001__Z1	144	2x6	8	8	0	1	explicit
x__4-2s1s1__group.6077__X101__Z3	144	2x2x2	8	8	0	1	explicit
x__2-2s2-2s1s1__group.2855__X0010__Z6	144	2x2x2x2x2x2x2x2x6	1024	1024	0	1	explicit
x__3s2-2s1__group.4226__T__Z22	288	2x2x2x2x2	32	32	0	1	explicit
x__3s2-2s1__group.4226__T__Z5	288	2x4	6	6	0	1	explicit
x__2-2s2-2s1s1__group.2855__X0010__Z2	144	2x2x2x6x6	128	128	0	1	explicit
x__4-1s2-1__group.4961__X00011__Z25	128	2x2x2x2x2x2	64	64	0	1	explicit
x__4-2s1s1__group.6077__X101__Z7	144	2x2x2x2	9	9	0	1	explicit
x__3s2-2s1__group.4226__T__Z11	288	2x2x2	8	8	0	1	explicit
x__2-2s2-2s2-1__group.3254__X011__Z6	144	2x2	4	4	0	0	explicit
x__6-1__group.7449__T__Z6	2304	2x2x2x2	16	16	0	1	explicit
x__4-2s1s1__group.6077__X101__Z13	144	2x2x2	8	8	0	1	explicit
x__2-2s2-2s2-1__group.3254__X011__Z10	144	2x6	8	8	0	0	explicit
x__2-1s2-1s2-1__group.1546__X01011__Z4	256	2x2x2x2x2x2x2x2x2x2x2x2	4096	4096	0	1	explicit
x__6-1__group.7449__T__Z4	2304	2x4	6	6	0	1	explicit
x__3s2-2s1__group.4226__T__Z25	288	2x2x2	8	8	0	1	explicit
x__3s2-2s1__group.4226__T__Z2	288	2x2x2x2x2	32	32	0	1	explicit
x__2-2s2-2s1s1__group.2855__X0010__Z14	144	2x2x2x2x6	64	64	0	1	explicit
x__3s3__group.4359__C__Z4	4608	2x2x2x2x2	20	20	0	1	explicit
x__3s3__group.4359__C__Z8	4608	2x2x2x2x2x2x2x2x2	512	512	0	1	explicit
x__4-2s1s1__group.6077__X101__Z11	144	2x2x2x2x2x2	36	36	0	1	explicit
x__2-2s2-2s2-1__group.3254__X011__Z8	144	2x6	8	8	0	0	explicit
x__3s2-2s1__group.4226__T__Z16	288	2x2x2	8	8	0	1	explicit
x__4-2s1s1__group.6077__X101__Z14	144	2x2	4	4	0	1	explicit
x__2-1s2-1s2-1__group.1546__X01011__Z21	256	2x2x2x2x2x2x2x2x2x2x2	2048	2048	0	1	explicit
x__6-1__group.7449__T__Z1	2304	2x2x2x2x4	48	48	0	1	explicit
x__2-2s2-2s2-1__group.3254__X011__Z11	144	2x2x2x6	32	32	0	0	explicit
x__3s2-2s1__group.4226__T__Z24	288	2x2x2x2x2	32	32	0	1	explicit
x__3s2-2s1__group.4226__T__Z17	288	2x4	6	6	0	1	explicit
x__4-2s1s1__group.6077__X101__Z16	144	2x2x2x2x2x2	36	36	0	1	explicit
x__6-1__group.7449__T__Z3	2304	2x2x4	12	12	0	1	explicit
x__2-2s2-2s2-1__group.3254__X011__Z9	144	2x2x2x6	32	32	0	0	explicit
x__2-1s2-1s2-1__group.1546__X01011__Z3	256	2x2x2x2x2x2x2x2x2x2x2x2	4096	4096	0	1	explicit
x__2-2s2-2s1s1__group.2855__X0010__Z13	144	2x2x2x2x2x2x2x2x6	1024	1024	0	1	explicit
x__4-2s1s1__group.6077__X101__Z2	144	2x2x2x2	9	9	0	1	explicit
x__2-2s2-2s2-1__group.3254__X011__Z5	144	2x2x2x2	16	16	0	0	explicit
x__2-1s2-1s2-1__group.1546__X01011__Z11	256	2x2x2x2x2x2x2x2x2	512	512	0	1	explicit
x__2-2s2-2s1s1__group.2855__X0010__Z10	144	2x2x2x2x6	64	64	0	1	explicit
x__2-1s2-1s2-1__group.1546__X01011__Z26	256	2x2x2x2x2x2x2x2x2x2x2	2048	2048	0	1	explicit
x__4-2s1s1__group.6077__X101__Z20	144	2x2x2	6	6	0	1	explicit
x__2-2s2-2s2-1__group.3254__X011__Z7	144	2x2x2x6	32	32	0	0	explicit
x__2-1s2-1s2-1__group.1546__X01011__Z33	256	2x2x2x2x2x2x2x2x2x2x2x2	4096	4096	0	1	explicit
x__6-1__group.7449__T__Z2	2304	2x2x2x2	12	12	0	1	explicit
x__2-2s2-2s1s1__group.2855__X0010__Z12	144	2x2x2x2x6	64	64	0	1	explicit
x__2-1s2-1s2-1__group.1546__X01011__Z39	256	2x2x2x2x2x2x2x2x2x2x4	3072	3072	0	1	explicit
x__2-1s2-1s2-1__group.1546__X01011__Z47	256	2x2x2x2x2x2x2x2x2x2x2	2048	2048	0	1	explicit
x__4-2s1s1__group.6077__X101__Z5	144	2x2x2	6	6	0	1	explicit
x__2-2s2-2s2-1__group.3254__X011__Z2	144	2x6	8	8	0	0	explicit
x__2-2s2-2s1s1__group.2855__X0010__Z17	144	2x6	8	8	0	1	explicit
x__4-2s1s1__group.6077__X101__Z18	144	2x2x2	8	8	0	1	explicit
x__4-2s1s1__group.6077__X101__Z19	144	2x2	4	4	0	1	explicit
x__3s3__group.4359__C__Z16	4608	2x2x2x2x2x2x2x2x2	272	272	0	1	explicit
x__3s3__group.4359__C__Z3	4608	2x2x2x2x2x2x2x2x2	272	272	0	1	explicit
x__2-1s2-1s2-1__group.1546__X01011__Z19	256	2x2x2x2x2x2x2	128	128	0	1	explicit
x__2-2s2-2s1s1__group.2855__X0010__Z15	144	2x2x2x2x6	64	64	0	1	explicit
x__2-1s2-1s2-1__group.1546__X01011__Z27	256	2x2x2x2x2x2x2x2x2x2x2x2x2x2x2x2	65536	65536	0	1	explicit
x__2-1s2-1s2-1__group.1546__X01011__Z34	256	2x2x2x2x2x2x2x2x4	768	768	0	1	explicit
x__4-2s1s1__group.6077__X101__Z15	144	2x2x2	6	6	0	1	explicit
x__2-2s2-1s2-1__group.2572__X101__Z15	48	2x2x2x2x2x12	62	69	7	0	explicit
x__2-2s2-2s2-1__group.3254__X011__Z3	144	2x2x2x6	32	32	0	0	explicit
x__2-1s2-1s2-1__group.1546__X01011__Z40	256	2x2x2x2x2x2x2x2x2x2x2	2048	2048	0	1	explicit
x__2-1s2-1s2-1__group.1546__X01011__Z37	256	2x2x2x2x2x2x2x2x2	512	512	0	1	explicit
x__4-2s1s1__group.6077__X101__Z6	144	2x2x2x2x2x2	36	36	0	1	explicit
x__2-2s2-2s1s1__group.2855__X0010__Z18	144	2x2x2x2x6	64	64	0	1	explicit
x__4-2s1s1__group.6077__X101__Z17	144	2x2x2x2	9	9	0	1	explicit
x__2-2s2-2s1s1__group.2855__X0010__Z7	144	2x2x2x6x6	128	128	0	1	explicit
x__4-2s1s1__group.6077__X101__Z12	144	2x2x2x2	9	9	0	1	explicit
x__2-2s2-1s2-1__group.2572__X101__Z12	48	2x2x12	20	22	2	0	explicit
x__2-1s2-1s2-1__group.1546__X01011__Z10	256	2x2x2x2x2x2x2x2x2	512	512	0	1	explicit
x__2-2s2-2s2-1__group.3254__X011__Z4	144	2x6	8	8	0	0	explicit
x__2-1s2-1s2-1__group.1546__X01011__Z18	256	2x2x2x2x2x2x2x2	256	256	0	1	explicit
x__4-2s1s1__group.6077__X101__Z1	144	2x2x2x2x2x2	36	36	0	1	explicit
x__2-1s2-1s2-1__group.1546__X01011__Z51	256	2x2x2x2x2x2x4	192	192	0	1	explicit
x__2-1s2-1s2-1__group.1546__X01011__Z49	256	2x2x2x2x2x2x2	128	128	0	1	explicit
x__2-2s2-2s1s1__group.2855__X0010__Z16	144	2x2x2x2x6	64	64	0	1	explicit
x__2-1s2-1s2-1__group.1546__X01011__Z30	256	2x2x2x2x2x2x2x2x2x2x2x2	4096	4096	0	1	explicit
x__2-2s2-1s2-1__group.2572__X101__Z16	48	2x2x2x6	24	24	0	0	explicit
x__2-2s2-1s2-1__group.2572__X101__Z22	48	2x2x12	16	18	2	0	explicit
x__2-2s2-1s2-1__group.2572__X101__Z9	48	2x2x2x2x2x12	92	106	14	0	explicit
x__2-1s2-1s2-1__group.1546__X01011__Z2	256	2x2x2x2x2x2x2x2x2x2x2x2	4096	4096	0	1	explicit
x__4-2s1s1__group.6077__X101__Z8	144	2x2x2	8	8	0	1	explicit
x__2-1s2-1s2-1__group.1546__X01011__Z17	256	2x2x2x2x2x2x2x2x2x2x2	2048	2048	0	1	explicit
x__2-1s2-1s2-1__group.1546__X01011__Z35	256	2x2x2x2x2x2x2x2x2x2x2x2	4096	4096	0	1	explicit
x__3s3__group.4359__C__Z2	4608	2x2x2x2x2x2x2x2x2	512	512	0	1	explicit
x__2-1s2-1s2-1__group.1546__X01011__Z20	256	2x2x2x2x2x2x2x2	256	256	0	1	explicit
x__4-1s2-1__group.5104__X101__Z9	256	2x2x2x2x4	48	48	0	0	explicit
x__2-1s2-1s2-1__group.1546__X01011__Z31	256	2x2x2x2x2x2x2x2x2	512	512	0	1	explicit
x__2-2s2-1s2-1__group.2572__X101__Z20	48	2x2x12	16	18	2	0	explicit
x__4-1s2-1__group.5104__X101__Z17	256	2x2x2x2x2	32	32	0	0	explicit
x__2-1s2-1s2-1__group.1546__X01011__Z12	256	2x2x2x2x2x2x2	128	128	0	1	explicit
x__2-2s2-1s2-1__group.2572__X101__Z13	48	2x6	8	8	0	0	explicit
x__3s3__group.4359__C__Z11	4608	2x2x2x2x2x2x2x2x2	512	512	0	1	explicit
x__2-2s2-1s2-1__group.2572__X101__Z7	48	2x6	6	7	1	0	explicit
x__2-2s2-1s2-1__group.2572__X101__Z18	48	2x2x2x6	18	18	0	0	explicit
x__2-1s2-1s2-1__group.1546__X01011__Z5	256	2x2x2x2x2x2x2x2x2	512	512	0	1	explicit
x__2-1s2-1s2-1__group.1546__X01011__Z8	256	2x2x2x2x2x2x2x2x2	512	512	0	1	explicit
x__4-1s2-1__group.5104__X101__Z8	256	2x2x2x2x2	32	32	0	0	explicit
x__2-1s2-1s2-1__group.1546__X01011__Z32	256	2x2x2x2x2x2x2x2x2x2x2x2	4096	4096	0	1	explicit
x__4-1s2-1__group.5104__X101__Z10	256	2x2x2x2x4	48	48	0	0	explicit
x__2-1s2-1s2-1__group.1546__X01011__Z36	256	2x2x2x2x2x2x2x2x2	512	512	0	1	explicit
x__2-1s2-1s2-1__group.1546__X01011__Z28	256	2x2x2x2x2x2x2x2x2x2x2x4	6144	6144	0	1	explicit
x__2-2s2-2s2-2__group.3673__C__Z11	72	2x6	8	8	0	1	explicit
x__2-2s2-1s2-1__group.2572__X101__Z14	48	2x2x12	18	19	1	0	explicit
x__2-1s2-1s2-1__group.1546__X01011__Z15	256	2x2x2x2x2x2x2x2	256	256	0	1	explicit
x__4-1s2-1__group.5104__X101__Z15	256	2x2x2x2x2x4	72	72	0	0	explicit
x__2-2s2-1s2-1__group.2572__X101__Z19	48	2x2x2x6	18	18	0	0	explicit
x__4-2s2-2__group.7014__X001__Z1	72	2	2	2	0	1	explicit
x__4-1s2-1__group.5104__X101__Z6	256	2x2x2x4	24	24	0	0	explicit
x__2-1s2-1s2-1__group.1546__X01011__Z50	256	2x2x2x2x2x2x2	128	128	0	1	explicit
x__4-1s2-1__group.5104__X101__Z4	256	2x2x2x2x2x4	72	72	0	0	explicit
x__2-2s2-2s2-2__group.3673__C__Z10	72	2x2	4	4	0	1	explicit
x__2-2s2-1s2-1__group.2572__X101__Z2	48	2x2x2x6	24	24	0	0	explicit
x__2-1s2-1s2-1__group.1546__X01011__Z45	256	2x2x2x2x2x2x4	192	192	0	1	explicit
x__2-1s2-1s2-1__group.1546__X01011__Z38	256	2x2x2x2x2x2x2	128	128	0	1	explicit
x__2-1s2-1s2-1__group.1546__X01011__Z6	256	2x2x2x2x2x2x2x2x2x2x2x2	4096	4096	0	1	explicit
x__2-2s2-1s2-1__group.2572__X101__Z21	48	2x6	6	7	1	0	explicit
x__4-1s2-1__group.5104__X101__Z12	256	2x2x2x4	24	24	0	0	explicit
x__3s2-2s1__group.4111__T__Z4	144	2x6	8	8	0	1	explicit
x__2-1s2-1s2-1__group.1546__X01011__Z23	256	2x2x2x2x2x2x2	128	128	0	1	explicit
x__3s3__group.4359__C__Z5	4608	2x2x2x2x2x2x2x2x2	272	272	0	1	explicit
x__4-1s2-1__group.5104__X101__Z1	256	2x2x2x2x2x2x2x4	288	288	0	0	explicit
x__4-1s2-1__group.5104__X101__Z3	256	2x2x2x2x4	48	48	0	0	explicit
x__2-2s2-1s2-1__group.2572__X101__Z5	48	2x2x2x6	18	18	0	0	explicit
x__2-1s2-1s2-1__group.1546__X01011__Z43	256	2x2x2x2x2x2x2x2x2x2x2	2048	2048	0	1	explicit
x__2-2s2-1s2-1__group.2572__X101__Z17	48	2x2x2x2x2x12	74	87	13	0	explicit
x__2-2s2-2s2-2__group.3673__C__Z1	72	2x2	4	4	0	1	explicit
x__2-1s2-1s2-1__group.1546__X01011__Z42	256	2x2x2x2x2x2x4	192	192	0	1	explicit
x__4-1s2-1__group.5104__X101__Z24	256	2x2x2x2x4	36	36	0	0	explicit
x__3s2-2s1__group.4111__T__Z3	144	2x2x6	16	16	0	1	explicit
x__2-1s2-1s2-1__group.1546__X01011__Z25	256	2x2x2x2x2x2x2	128	128	0	1	explicit
x__4-2s2-1__group.6614__C__Z3	192	2x2x2x2x2x2	64	64	0	1	explicit
x__3s3__group.4359__C__Z18	4608	2x2x2x2x2x2x2x2x2	272	272	0	1	explicit
x__2-1s2-1s2-1__group.1546__X01011__Z24	256	2x2x2x2x2x2x2	128	128	0	1	explicit
x__4-1s2-1__group.5104__X101__Z11	256	2x2x2x2	16	16	0	0	explicit
x__2-2s2-1s2-1__group.2572__X101__Z4	48	2x2x2x6	18	18	0	0	explicit
x__4-1s2-1__group.5104__X101__Z2	256	2x2x2x2x4	48	48	0	0	explicit
x__2-1s2-1s2-1__group.1546__X01011__Z1	256	2x2x2x2x2x2x2x2x2x2x2x2x2x2x2x2	65536	65536	0	1	explicit
x__2-2s2-1s2-1__group.2572__X101__Z10	48	2x2x2x6	24	24	0	0	explicit
x__3s2-2s1__group.4111__T__Z13	144	2x2x6	16	16	0	1	explicit
x__2-1s2-1s2-1__group.1546__X01011__Z44	256	2x2x2x2x2x2x2x2	256	256	0	1	explicit
x__2-2s2-2s2-2__group.3673__C__Z6	72	2x6	8	8	0	1	explicit
x__4-1s2-1__group.5104__X101__Z23	256	2x2x2x2x2	24	24	0	0	explicit
x__2-1s2-1s2-1__group.1546__X01011__Z16	256	2x2x2x2x2x2x2	128	128	0	1	explicit
x__3s2-2s1__group.4111__T__Z23	144	3x6	8	8	0	1	explicit
x__4-1s2-1__group.5104__X101__Z16	256	2x2x2x2x4	48	48	0	0	explicit
x__2-1s2-1s2-1__group.1546__X01011__Z22	256	2x2x2x2x2x2x2	128	128	0	1	explicit
x__2-2s2-1s2-1__group.2572__X101__Z3	48	2x2x2x2x2x12	74	87	13	0	explicit
x__4-1s2-1__group.5104__X101__Z5	256	2x2x2x4	24	24	0	0	explicit
x__2-2s2-1s2-1__group.2572__X101__Z6	48	2x2x12	16	18	2	0	explicit
x__3s2-2s1__group.4111__T__Z21	144	2x6x6	32	32	0	1	explicit
x__2-1s2-1s2-1__group.1546__X01011__Z48	256	2x2x2x2x2x2x4	192	192	0	1	explicit
x__2-1s2-1s2-1__group.1546__X01011__Z7	256	2x2x2x2x2x2x2x2x2x2x2x2	4096	4096	0	1	explicit
x__3s2-2s1__group.4111__T__Z14	144	2x2x6	12	12	0	1	explicit
x__4-1s2-1__group.5104__X101__Z22	256	2x2x2x2x2x4	72	72	0	0	explicit
x__3s2-2s1__group.4111__T__Z15	144	2x2x6	16	16	0	1	explicit
x__2-2s2-2s2-2__group.3673__C__Z8	72	2x6	8	8	0	1	explicit
x__3s2-2s1__group.4111__T__Z1	144	2x2x2x6	32	32	0	1	explicit
x__2-2s2-1s2-1__group.2572__X101__Z11	48	2x2x2x6	24	24	0	0	explicit
x__4-1s2-1__group.5104__X101__Z20	256	2x2x2x2x2x2	48	48	0	0	explicit
x__2-1s2-1s2-1__group.1546__X01011__Z29	256	2x2x2x2x2x2x2x2x2x2x2x2	4096	4096	0	1	explicit
x__2-2s2-1s2-1__group.2572__X101__Z1	48	2x2x2x2x2x12	62	69	7	0	explicit
x__3s2-2s1__group.4111__T__Z9	144	2x2x6	16	16	0	1	explicit
x__3s2-2s1__group.4111__T__Z22	144	2x6x6	32	32	0	1	explicit
x__2-1s2-1s2-1__group.1546__X01011__Z14	256	2x2x2x2x2x2x2x2x2x2x2	2048	2048	0	1	explicit
x__2-2s2-2s2-2__group.3673__C__Z5	72	2x6	8	8	0	1	explicit
x__2-1s2-1s2-1__group.1546__X01011__Z41	256	2x2x2x2x2x2x2x4	384	384	0	1	explicit
x__2-1s2-1s2-1__group.1546__X01011__Z9	256	2x2x2x2x2x2x2x2x2x2x2x2	4096	4096	0	1	explicit
x__4-1s2-1__group.5104__X101__Z13	256	2x2x2x2x2x2x4	192	192	0	0	explicit
x__3s2-2s1__group.4111__T__Z12	144	2x2x6	16	16	0	1	explicit
x__3s2-2s1__group.4111__T__Z8	144	6	4	4	0	1	explicit
x__2-2s2-2s2-2__group.3673__C__Z9	72	2x2	4	4	0	1	explicit
x__4-1s2-1__group.5104__X101__Z18	256	2x2x2x2x4	36	36	0	0	explicit
x__3s2-2s1__group.4111__T__Z7	144	2x2x6	16	16	0	1	explicit
x__3s2-2s1__group.4111__T__Z25	144	2x2x2x2x6	64	64	0	1	explicit
x__2-2s2-1s2-1__group.2572__X101__Z8	48	2x2x12	16	18	2	0	explicit
x__2-2s2-2s1c1__group.2776__X001__Z3	72	2x2x2x2x2x2	20	20	0	1	explicit
x__2-2s2-2s1c1__group.2776__X001__Z7	72	2x2x2x2x2x2	20	20	0	1	explicit
x__2-1s2-1s2-1__group.1546__X01011__Z13	256	2x2x2x2x2x2x2x2x2x2x2	2048	2048	0	1	explicit
x__4-1s2-1__group.5104__X101__Z14	256	2x2x2x2x2x2	64	64	0	0	explicit
x__2-2s2-2s2-2__group.3673__C__Z2	72	2x2	4	4	0	1	explicit
x__3s2-2s1__group.4111__T__Z30	144	2x6x6	32	32	0	1	explicit
x__3s2-2s1__group.4111__T__Z34	144	2x6x6	32	32	0	1	explicit
x__2-1s2-1s2-1__group.1546__X01011__Z46	256	2x2x2x2x2x2x2x2	256	256	0	1	explicit
x__2-1s2-1s2-1__group.1546__X01011__Z52	256	2x2x2x2x2x2x2x2x2x2x2	2048	2048	0	1	explicit
x__3s2-2s1__group.4111__T__Z2	144	2x2x2x6	24	24	0	1	explicit
x__3s2-2s1__group.4111__T__Z20	144	6x6	12	12	0	1	explicit
x__4-1s2-1__group.5104__X101__Z19	256	2x2x2x2x2x2x2x4	288	288	0	0	explicit
x__2-2s2-2s2-2__group.3673__C__Z7	72	2x6	8	8	0	1	explicit
x__2-2s2-2s1c1__group.2776__X001__Z4	72	2x2x2	6	6	0	1	explicit
x__4-3s1c1__group.7191__X010__Z1	480	2x2x2x2x2x2	20	20	0	1	explicit
x__2-2s2-1s2-1__group.2590__X010__Z22	96	2x2x2x2x2	24	24	0	1	explicit
x__3s2-2s1__group.4111__T__Z31	144	2x6x6	24	24	0	1	explicit
x__2-2s2-1s2-1__group.2590__X010__Z23	96	2x2x2x2	12	12	0	1	explicit
x__3s2-2s1__group.4111__T__Z33	144	2x2x2x6x6	128	128	0	1	explicit
x__4-1s2-1__group.5104__X101__Z7	256	2x2x2x2x2x2x4	192	192	0	0	explicit
x__2-2s2-2s2-2__group.3673__C__Z3	72	2x2	4	4	0	1	explicit
x__3s2-2s1__group.4111__T__Z27	144	2x2x2x6x6	128	128	0	1	explicit
x__3s2-2s1__group.4111__T__Z5	144	2x6	6	6	0	1	explicit
x__2-2s2-1s2-1__group.2590__X010__Z16	96	2x2x2x2	16	16	0	1	explicit
x__4-1s2-1__group.5103__X100__Z9	256	2x2x2x2x2x2	64	64	0	1	explicit
x__4-1s2-1__group.5104__X101__Z21	256	2x2x2x2x2x4	72	72	0	0	explicit
x__2-2s2-2s1c1__group.2776__X001__Z14	72	2x2x2	6	6	0	1	explicit
x__4-3s1c1__group.7191__X010__Z4	480	2x2x2	6	6	0	1	explicit
x__2-2s2-1s2-1__group.2590__X010__Z3	96	2x2x2x2x2	24	24	0	1	explicit
x__3s2-2s1__group.4111__T__Z32	144	2x6x6	32	32	0	1	explicit
x__2-2s2-1s2-1__group.2590__X010__Z19	96	2x2x2x2x2x2x2x2	160	160	0	1	explicit
x__3s2-2s1__group.4111__T__Z17	144	2x2x6x6	48	48	0	1	explicit
x__2-2s2-2s2-2__group.3673__C__Z12	72	2x6	8	8	0	1	explicit
x__3s2-2s1__group.4111__T__Z24	144	2x6x6	32	32	0	1	explicit
x__3s2-2s1__group.4111__T__Z18	144	2x6x6	32	32	0	1	explicit
x__2-2s2-1s2-1__group.2590__X010__Z6	96	2x2x2x2x2x2	40	40	0	1	explicit
x__4-1s2-1__group.5103__X100__Z1	256	2x2x2x2x2x2x2x2	192	192	0	1	explicit
x__4-1s2-1__group.5103__X100__Z24	256	2x2x2x2x2x2	48	48	0	1	explicit
x__4-3s1c1__group.7191__X010__Z3	480	2x2x2x2x2x2	20	20	0	1	explicit
x__2-2s2-2s2-2__group.3673__C__Z4	72	2x2	4	4	0	1	explicit
x__3s2-2s1__group.4111__T__Z28	144	2x2x2x6x6	96	96	0	1	explicit
x__2-2s2-2s1c1__group.2776__X001__Z13	72	2x2x2	6	6	0	1	explicit
x__2-2s2-1s2-1__group.2590__X010__Z26	96	2x2	4	4	0	1	explicit
x__2-2s2-1s2-1__group.2590__X010__Z25	96	2x2x2x2	16	16	0	1	explicit
x__2-2s2-2s1c1__group.2776__X001__Z10	72	2x2x2x2x2x2	20	20	0	1	explicit
x__4-2s2-2__group.7014__X001__Z3	72	2	2	2	0	1	explicit
x__2-2s2-1s2-1__group.2590__X010__Z20	96	2x2x2x2x2	24	24	0	1	explicit
x__4-1s2-1__group.5103__X100__Z45	256	2x2x2x2x2	32	32	0	1	explicit
x__3s2-2s1__group.4111__T__Z11	144	2x2x2x2x6	48	48	0	1	explicit
x__4-1s2-1__group.5103__X100__Z13	256	2x2x2x2x2x2x2x2x2	288	288	0	1	explicit
x__4-1s2-1__group.5103__X100__Z43	256	2x2x2x2x2x2x2	128	128	0	1	explicit
x__4-3s1c1__group.7191__X010__Z2	480	2x2x2	6	6	0	1	explicit
x__2-2s2-1s2-1__group.2590__X010__Z7	96	2x2x2x2x2x2x2	96	96	0	1	explicit
x__2-2s2-1s2-1__group.2590__X010__Z13	96	2x2x2x2x2x2x2	96	96	0	1	explicit
x__4-1s2-1__group.5103__X100__Z48	256	2x2x2x2x2	32	32	0	1	explicit
x__3s2-2s1__group.4111__T__Z10	144	2x2x2x2x6	64	64	0	1	explicit
x__2-2s2-2s1c1__group.2776__X001__Z12	72	2x2x2	6	6	0	1	explicit
x__2-2s2-2s1c1__group.2776__X001__Z16	72	2x2x2	6	6	0	1	explicit
x__4-2s2-2__group.7014__X001__Z2	72	6	4	4	0	1	explicit
x__3s2-2s1__group.4111__T__Z16	144	2x2x6x6	64	64	0	1	explicit
x__4-1s2-1__group.5103__X100__Z35	256	2x2x2x2x2	32	32	0	1	explicit
x__4-1s2-1__group.5103__X100__Z42	256	2x2x2x2	16	16	0	1	explicit
x__2-2s2-1s2-1__group.2590__X010__Z1	96	2x2x2x2x2x2	64	64	0	1	explicit
x__4-1s2-1__group.5103__X100__Z47	256	2x2x2x2	16	16	0	1	explicit
x__2-2s2-1s2-1__group.2590__X010__Z21	96	2x2x2x2x2	24	24	0	1	explicit
x__3s2-2s1__group.4111__T__Z26	144	2x2x6	16	16	0	1	explicit
x__4-2s2-2__group.6656__X100__Z2	144	2x2	4	4	0	1	explicit
x__4-1s2-1__group.5103__X100__Z44	256	2x2x2x2x2	32	32	0	1	explicit
x__2-2s2-1s2-1__group.2590__X010__Z14	96	2x2x2x2	16	16	0	1	explicit
x__4-1s2-1__group.5103__X100__Z41	256	2x2x2x2	16	16	0	1	explicit
x__4-1s2-1__group.5103__X100__Z32	256	2x2x2x2x2	32	32	0	1	explicit
x__3s2-2s1__group.4111__T__Z29	144	2x6x6	32	32	0	1	explicit
x__2-2s2-2s1c1__group.2776__X001__Z15	72	2x2x2x2x2x2	20	20	0	1	explicit
x__2-2s2-1s2-1__group.2590__X010__Z18	96	2x2x2x2	12	12	0	1	explicit
x__2-2s2-2s1c1__group.2776__X001__Z11	72	2x2x2	6	6	0	1	explicit
x__4-1s2-1__group.5103__X100__Z29	256	2x2x2x2	16	16	0	1	explicit
x__2-2s2-1s2-1__group.2590__X010__Z17	96	2x2x2	8	8	0	1	explicit
x__4-1s2-1__group.5103__X100__Z40	256	2x2x2x2x2	32	32	0	1	explicit
x__3s2-2s1__group.4111__T__Z19	144	6x6	16	16	0	1	explicit
x__2-2s2-1s2-1__group.2590__X010__Z15	96	2x2x2x2x2x2	40	40	0	1	explicit
x__4-2s2-2__group.6656__X100__Z1	144	2x2	4	4	0	1	explicit
x__4-1s2-1__group.5103__X100__Z46	256	2x2x2x2x2x2	64	64	0	1	explicit
x__2-1s1c1c1s1__group.1125__X11__Z26	8	2x2x2	4	4	0	1	explicit
x__3s2-2s1__group.4111__T__Z6	144	2x2x6	16	16	0	1	explicit
x__2-2s2-2s1c1__group.2776__X001__Z1	72	2x2x2x2x2x2	20	20	0	1	explicit
x__4-1s2-1__group.5103__X100__Z21	256	2x2x2x2x2x2	48	48	0	1	explicit
x__4-1s2-1__group.5103__X100__Z33	256	2x2x2x2x2x2	64	64	0	1	explicit
x__2-2s2-1s2-1__group.2590__X010__Z27	96	2x2x2x2	16	16	0	1	explicit
x__2-2s2-2s1c1__group.2776__X001__Z5	72	2x2x2x2x2x2	20	20	0	1	explicit
x__4-1s2-1__group.5103__X100__Z4	256	2x2x2x2x2	32	32	0	1	explicit
x__2-2s2-1s2-1__group.2590__X010__Z10	96	2x2x2x2	16	16	0	1	explicit
x__4-1s2-1__group.5103__X100__Z31	256	2x2x2x2x2x2x2x2	192	192	0	1	explicit
x__4-2s2-2__group.6690__X011__Z1	144	2x6	8	8	0	1	explicit
x__2-2s2-1s2-1__group.2590__X010__Z12	96	2x2x2x2	16	16	0	1	explicit
x__4-1s2-1__group.5103__X100__Z8	256	2x2x2x2x2x2	48	48	0	1	explicit
x__2-2s2-2s1c1__group.2776__X001__Z6	72	2x2x2	6	6	0	1	explicit
x__4-1s2-1__group.5103__X100__Z34	256	2x2x2x2x2x2x2	96	96	0	1	explicit
x__4-1s2-1__group.5103__X100__Z19	256	2x2x2x2x2x2x2x2	192	192	0	1	explicit
x__4-1s2-1__group.5103__X100__Z12	256	2x2x2x2x2x2	48	48	0	1	explicit
x__2-2s2-2s1c1__group.2776__X001__Z2	72	2x2x2	6	6	0	1	explicit
x__4-1s2-1__group.5103__X100__Z16	256	2x2x2x2x2x2	48	48	0	1	explicit
x__2-1s1c1c1s1__group.1125__X11__Z23	8	2x2x2x2	8	8	0	1	explicit
x__2-2s2-1s2-1__group.2590__X010__Z9	96	2x2x2x2	16	16	0	1	explicit
x__2-2s2-1s2-1__group.2590__X010__Z2	96	2x2x2x2x2	32	32	0	1	explicit
x__2-1s1c1c1s1__group.1125__X11__Z10	8	2x2x2	6	6	0	1	explicit
x__4-1s2-1__group.5103__X100__Z36	256	2x2x2x2x4	40	40	0	1	explicit
x__4-2s2-2__group.6690__X011__Z2	144	2x6	8	8	0	1	explicit
x__4-1s2-1__group.5103__X100__Z25	256	2x2x2x2x2x2x2x2x2	288	288	0	1	explicit
x__2-2s2-2s1c1__group.2776__X001__Z8	72	2x2x2x2x2x2	20	20	0	1	explicit
x__2-1s1c1c1s1__group.1125__X11__Z16	8	2x2x2x2x4	8	8	0	1	explicit
x__4-1s2-1__group.5103__X100__Z26	256	2x2x2x2x2x2	48	48	0	1	explicit
x__4-1s2-1__group.5103__X100__Z7	256	2x2x2x2x2x2x2	128	128	0	1	explicit
x__4-1s2-1__group.5103__X100__Z11	256	2x2x2x2x2	32	32	0	1	explicit
x__2-2s2-1s2-1__group.2590__X010__Z8	96	2x2x2x2x2x2	48	48	0	1	explicit
x__2-1s1c1c1s1__group.1125__X11__Z17	8	2x2x2x4x4	9	9	0	1	explicit
x__2-1s1c1s1c1__group.1132__X0101__Z40	32	2x2x2x2x2x2x2	96	96	0	1	explicit
x__4-1s2-1__group.5103__X100__Z38	256	2x2x2x2x2x2	48	48	0	1	explicit
x__4-1s2-1__group.5103__X100__Z22	256	2x2x2x2x2x2x2	96	96	0	1	explicit
x__2-2s2-2s1c1__group.2776__X001__Z9	72	2x2x2x2x2x2	20	20	0	1	explicit
x__2-1s1c1s1c1__group.1132__X0101__Z2	32	2x2x2x2x2x2x2x2x2x2x2x2x2x2x2	960	960	0	1	explicit
x__2-2s2-1s2-1__group.2590__X010__Z24	96	2x2x2	8	8	0	1	explicit
x__2-2s2-1s2-1__group.2590__X010__Z4	96	2x2x2x2x2x2x2	80	80	0	1	explicit
x__2-1s1c1c1s1__group.1125__X11__Z24	8	2x2x2x2	9	9	0	1	explicit
x__4-1s2-1__group.5103__X100__Z2	256	2x2x2x2x2x2x2	72	72	0	1	explicit
x__4-1s2-1__group.5103__X100__Z15	256	2x2x2x2x2x2	48	48	0	1	explicit
x__4-1s2-1__group.5103__X100__Z3	256	2x2x2x2x2x2	48	48	0	1	explicit
x__2-2s2-1s2-1__group.2590__X010__Z11	96	2x2x2	8	8	0	1	explicit
x__2-1s1c1s1c1__group.1132__X0101__Z47	32	2x2x2x2x2x2x2x2x2x2	384	384	0	1	explicit
x__2-2s2-1s2-1__group.2590__X010__Z5	96	2x2x2x2x2	24	24	0	1	explicit
x__4-1s2-1__group.5103__X100__Z39	256	2x2x2x2x2	32	32	0	1	explicit
x__4-1s2-1__group.5103__X100__Z14	256	2x2x2x2x2x2x2	72	72	0	1	explicit
x__2-1s1c1c1s1__group.1125__X11__Z9	8	2x2x2x2	8	8	0	1	explicit
x__2-1s1c1s1c1__group.1132__X0101__Z5	32	2x2x2x2x2x2x2x2x2x2x2x2	540	540	0	1	explicit
x__4-1s2-1__group.5103__X100__Z10	256	2x2x2x2x2x2	64	64	0	1	explicit
x__2-1s1c1s1c1__group.1132__X0101__Z12	32	2x2x2x2x2x2x2x2x2x2	264	264	0	1	explicit
x__4-1s2-1__group.5103__X100__Z23	256	2x2x2x2x2	24	24	0	1	explicit
x__2-1s1c1c1s1__group.1125__X11__Z11	8	2x2x4	6	6	0	1	explicit
x__2-1s1c1s1c1__group.1132__X0101__Z32	32	2x2x2x2x2x2x2x2x2x2	640	640	0	1	explicit
x__4-1s2-1__group.5103__X100__Z18	256	2x2x2x2x2	24	24	0	1	explicit
x__2-1s1c1c1s1__group.1125__X11__Z25	8	2x2x4	7	7	0	1	explicit
x__4-1s2-1__group.5103__X100__Z37	256	2x2x2x2x2x2x2x2	192	192	0	1	explicit
x__4-1s2-1__group.5103__X100__Z6	256	2x2x2x2x2	24	24	0	1	explicit
x__2-1s1c1c1s1__group.1125__X11__Z7	8	2x2x2x2	8	8	0	1	explicit
x__2-1s1c1s1c1__group.1132__X0101__Z22	32	2x2x2x2x2x2x2x2	108	108	0	1	explicit
x__4-1s2-1__group.5103__X100__Z28	256	2x2x2x2x2x2	48	48	0	1	explicit
x__4-1s2-2__group.5308__X01__Z1	1152	6	4	6	2	0	explicit
x__2-1s1c1s1c1__group.1132__X0101__Z11	32	2x2x2x2x2x2x2x2x2x2x2	528	528	0	1	explicit
x__2-1s1c1s1c1__group.1132__X0101__Z24	32	2x2x2x2x2x2x2x2	128	128	0	1	explicit
x__4-1s2-1__group.5103__X100__Z27	256	2x2x2x2x2	32	32	0	1	explicit
x__2-1s1c1c1s1__group.1125__X11__Z18	8	2x2x2x2x4	16	16	0	1	explicit
x__2-2s2-2s1c1__group.2716__X1000__Z2	144	2x2x2x2x2	20	20	0	1	explicit
x__2-1s1c1s1c1__group.1132__X0101__Z35	32	2x2x2x2x2x2x2x2x2x2	576	576	0	1	explicit
x__4-1s2-1__group.5103__X100__Z30	256	2x2x2x2	16	16	0	1	explicit
x__2-2c2-2s2-2__group.1675__X01__Z8	36	6	4	4	0	1	explicit
x__2-1s1c1s1c1__group.1132__X0101__Z4	32	2x2x2x2x2x2x2x2x2x2x2x2x2x2	2400	2400	0	1	explicit
x__4-1s2-1__group.5103__X100__Z17	256	2x2x2x2x2	24	24	0	1	explicit
x__2-1s1c1c1s1__group.1125__X11__Z6	8	2x2x2x2x4	12	12	0	1	explicit
x__2-1s1c1s1c1__group.1132__X0101__Z25	32	2x2x2x2x2x2x2	64	64	0	1	explicit
x__2-1s1c1s1c1__group.1132__X0101__Z16	32	2x2x2x2x2x2x2x2x2x2	368	368	0	1	explicit
x__2-1s1c1s1c1__group.1132__X0101__Z23	32	2x2x2x2x2x2x2x2x2x2x2	372	372	0	1	explicit
x__2-1s1c1c1s1__group.1125__X11__Z22	8	2x2x2x4	12	12	0	1	explicit
x__4-1s1c1__group.4451__C__Z3	2304	2x2x2x2x6x6	40	40	0	1	explicit
x__4-1s2-1__group.5103__X100__Z20	256	2x2x2x2x2x2	48	48	0	1	explicit
x__2-1s1c1c1s1__group.1125__X11__Z20	8	2x2x4x4	9	9	0	1	explicit
x__2-2s2-2s1c1__group.2716__X1000__Z3	144	2x2x2x2x2x2x2x2x2	120	120	0	1	explicit
x__4-1s2-1__group.5103__X100__Z5	256	2x2x2x2x2	24	24	0	1	explicit
x__2-2c2-2s2-2__group.1675__X01__Z1	36	3x3x6	16	16	0	1	explicit
x__2-1s1c1s1c1__group.1132__X0101__Z26	32	2x2x2x2x2x2x2x2x2x2	240	240	0	1	explicit
x__2-1s1c1c1s1__group.1125__X11__Z1	8	2x2x2x2x4x4	12	12	0	1	explicit
x__4-1ps1c1__group.4403__C__Z6	32	2x2x2x8x8	48	48	0	1	explicit
x__2-1s1c1s1c1__group.1132__X0101__Z13	32	2x2x2x2x2x2x2x2x2x2x2	360	360	0	1	explicit
x__2-1s1c1s1c1__group.1132__X0101__Z29	32	2x2x2x2x2x2	24	24	0	1	explicit
x__2-1s1c1s1c1__group.1132__X0101__Z8	32	2x2x2x2x2x2x2x2x2x2x2	488	488	0	1	explicit
x__2-1s1c1c1s1__group.1125__X11__Z21	8	2x2x2x2	8	8	0	1	explicit
x__2-2c2-2s2-2__group.1675__X01__Z11	36	3x3x6	8	8	0	1	explicit
x__2-2s2-2s1c1__group.2716__X1000__Z4	144	2x2x2x2x2	20	20	0	1	explicit
x__3s1c1s1__group.3794__C__Z68	96	2x2x2x2x2x2x2	72	72	0	1	explicit
x__4-1s1c1__group.4451__C__Z4	2304	2x6x6	12	12	0	1	explicit
x__3s1c1s1__group.3794__C__Z33	96	2x2x2	8	8	0	1	explicit
x__4-1ps1c1__group.4403__C__Z3	32	2x2x2x2x4x8	80	80	0	1	explicit
x__2-2c2-2s2-2__group.1675__X01__Z6	36	3x3x3x6	16	16	0	1	explicit
x__2-1s1c1c1s1__group.1125__X11__Z8	8	2x2x2x4	12	12	0	1	explicit
x__2-1s1c1s1c1__group.1132__X0101__Z20	32	2x2x2x2x2x2x2x2x2x2x2	552	552	0	1	explicit
x__2-1s1c1c1s1__group.1125__X11__Z19	8	2x2x2x2x4	12	12	0	1	explicit
x__4-1s2-2__group.5784__X001__Z3	96	2x2x2x2	12	12	0	1	explicit
x__2-1s1c1s1c1__group.1132__X0101__Z19	32	2x2x2x2x2x2x2x2x2x2x2x2x2x2	2696	2696	0	1	explicit
x__3s1c1s1__group.3794__C__Z57	96	2x2x2x2x2	32	32	0	1	explicit
x__4-1ps1c1__group.4403__C__Z4	32	2x2x2x8x8	56	56	0	1	explicit
x__3s1c1s1__group.3794__C__Z58	96	2x2x2x2x2x2x2x2x2x2x2x2	960	960	0	1	explicit
x__2-1s1c1s1c1__group.1132__X0101__Z14	32	2x2x2x2x2x2x2x2x2x2x2x2x2x2	2768	2768	0	1	explicit
x__2-2c2-2s2-2__group.1675__X01__Z3	36	3x6	8	8	0	1	explicit
x__4-1s1c1__group.4451__C__Z2	2304	2x6x6	12	12	0	1	explicit
x__2-1s1c1s1c1__group.1132__X0101__Z6	32	2x2x2x2x2x2x2x2x2x2x2x2x2x2	3904	3904	0	1	explicit
x__2-1s1c1s1c1__group.1132__X0101__Z27	32	2x2x2x2x2x2x2x2	96	96	0	1	explicit
x__4-1s2-2__group.5784__X001__Z4	96	2x2	4	4	0	1	explicit
x__4-1ps1c1__group.4403__C__Z5	32	2x2x4x8	24	24	0	1	explicit
x__3s1c1s1__group.3794__C__Z87	96	2x2x2	6	6	0	1	explicit
x__3s1c1s1__group.3794__C__Z61	96	2x2x2x2x2x2x2x2x2	120	120	0	1	explicit
x__2-1s1c1c1s1__group.1125__X11__Z14	8	2x2	4	4	0	1	explicit
x__2-1s1c1s1c1__group.1132__X0101__Z21	32	2x2x2x2x2x2x2x2x2x2	640	640	0	1	explicit
x__3s1c1s1__group.3794__C__Z67	96	2x2x2x2x2x2	48	48	0	1	explicit
x__2-1s1c1c1s1__group.1125__X11__Z12	8	2x2x2x2	9	9	0	1	explicit
x__2-2c2-2s2-2__group.1675__X01__Z4	36	3x6	8	8	0	1	explicit
x__2-1s1c1s1c1__group.1132__X0101__Z48	32	2x2x2x2x2x2x2x2x2x2	544	544	0	1	explicit
x__2-1s1c1s1c1__group.1132__X0101__Z3	32	2x2x2x2x2x2x2x2x2x2x2x2x2x2x2	3600	3600	0	1	explicit
x__2-1s1c1s1c1__group.1132__X0101__Z1	32	2x2x2x2x2x2x2x2x2x2x2x2x2x2x2x2x2x2	7440	7440	0	1	burnside
x__4-1s1c1__group.4451__C__Z1	2304	2x2x2x2x6x6	40	40	0	1	explicit
x__4-1s2-2__group.5784__X001__Z2	96	2x2	4	4	0	1	explicit
x__4-1ps1c1__group.4403__C__Z2	32	2x2x2x2x8x8	44	44	0	1	explicit
x__3s1c1s1__group.3794__C__Z95	96	2x2x2x2x2x2x2x2x2x2x2	640	640	0	1	explicit
x__3s1c1s1__group.3794__C__Z80	96	2x2x2x2x2	24	24	0	1	explicit
x__2-1s1c1s1c1__group.1132__X0101__Z18	32	2x2x2x2x2x2x2x2	128	128	0	1	explicit
x__2-1s1c1c1s1__group.1125__X11__Z15	8	2x2x2x2x4x4	12	12	0	1	explicit
x__3s1c1s1__group.3794__C__Z93	96	2x2x2x2x2	32	32	0	1	explicit
x__2-2c2-2s2-2__group.1675__X01__Z5	36	3x6	8	8	0	1	explicit
x__2-1s1c1s1c1__group.1132__X0101__Z46	32	2x2x2x2x2x2	32	32	0	1	explicit
x__2-1s1c1s1c1__group.1132__X0101__Z17	32	2x2x2x2x2x2x2x2x2x2x2	1024	1024	0	1	explicit
x__2-1s1c1s1c1__group.1132__X0101__Z39	32	2x2x2x2x2x2x2	52	52	0	1	explicit
x__2-1s1c1c1s1__group.1125__X11__Z13	8	2x2x2	4	4	0	1	explicit
x__3s1c1s1__group.3794__C__Z32	96	2x2x2x2	9	9	0	1	explicit
x__2-2s2-2s1c1__group.2716__X1000__Z1	144	2x2x2x2x2x2x2x2x2	120	120	0	1	explicit
x__2-1s1c1s1c1__group.1132__X0101__Z7	32	2x2x2x2x2x2x2x2x2x2x2x2	792	792	0	1	explicit
x__3s1c1s1__group.3794__C__Z59	96	2x2x2x2x2x2x2x2x2x2x2	400	400	0	1	explicit
x__3s1c1s1__group.3794__C__Z74	96	2x2x2x2x2x2x2x2	160	160	0	1	explicit
x__4-1s2-2__group.5784__X001__Z1	96	2x2x2x2	16	16	0	1	explicit
x__2-2c2-2s2-2__group.1675__X01__Z2	36	3x6	8	8	0	1	explicit
x__2-1s1c1s1c1__group.1132__X0101__Z42	32	2x2x2x2x2x2x2x2x2x2	384	384	0	1	explicit
x__3s1c1s1__group.3794__C__Z18	96	2x2x2x2x2x2	48	48	0	1	explicit
x__3s1c1s1__group.3794__C__Z94	96	2x2x2x2x2	32	32	0	1	explicit
x__2-1s1c1s1c1__group.1132__X0101__Z28	32	2x2x2x2x2x2x2	60	60	0	1	explicit
x__2-1s1c1s1c1__group.1132__X0101__Z41	32	2x2x2x2x2x2	64	64	0	1	explicit
x__3s1c1s1__group.3794__C__Z35	96	2x2x2	8	8	0	1	explicit
x__2-1s1c1s1c1__group.1132__X0101__Z30	32	2x2x2x2x2	16	16	0	1	explicit
x__2-1s1c1c1s1__group.1125__X11__Z4	8	2x2x2x2x4	16	16	0	1	explicit
x__2-2s2-2s1c1__group.2716__X1000__Z6	144	2x2x2x2x2	20	20	0	1	explicit
x__2-1s1c1s1c1__group.1132__X0101__Z9	32	2x2x2x2x2x2x2x2x2x2	198	198	0	1	explicit
x__3s1c1s1__group.3794__C__Z42	96	2x2x2x2x2	24	24	0	1	explicit
x__3s1c1s1__group.3794__C__Z92	96	2x2x2x2x2	32	32	0	1	explicit
x__4-1ps1c1__group.4403__C__Z7	32	2x4x8	16	16	0	1	explicit
x__2-2c2-2s2-2__group.1675__X01__Z7	36	3x3x6	12	12	0	1	explicit
x__2-1s1c1s1c1__group.1132__X0101__Z45	32	2x2x2x2x2x2x2	64	64	0	1	explicit
x__3s1c1s1__group.3794__C__Z27	96	2x2x2x2x2x2	32	32	0	1	explicit
x__3s1c1s1__group.3794__C__Z60	96	2x2x2x2x2x2x2x2	80	80	0	1	explicit
x__2-1s1c1c1s1__group.1125__X11__Z3	8	2x2x2x4x4	9	9	0	1	explicit
x__3s1c1s1__group.3794__C__Z3	96	2x2x2x2x2x2x2x2x2	120	120	0	1	explicit
x__2-1s1c1s1c1__group.1132__X0101__Z15	32	2x2x2x2x2x2x2x2x2x2x2	600	600	0	1	explicit
x__2-2s2-2s1c1__group.2716__X1000__Z8	144	2x2x2x2x2	20	20	0	1	explicit
x__2-2c2-2s2-2__group.1675__X01__Z10	36	3x3x6	8	8	0	1	explicit
x__2-1s1c1s1c1__group.1132__X0101__Z37	32	2x2x2x2x2x2x2x2x2x2	576	576	0	1	explicit
x__2-1s1c1s1c1__group.1132__X0101__Z34	32	2x2x2x2x2x2	40	40	0	1	explicit
x__3s1c1s1__group.3794__C__Z66	96	2x2x2x2x2x2x2x2x2	288	288	0	1	explicit
x__4-1ps1c1__group.4403__C__Z1	32	2x2x2x2x2x2x8x8	176	176	0	1	explicit
x__3s1c1s1__group.3794__C__Z89	96	2x2x2	6	6	0	1	explicit
x__4-1s2-2__group.5308__X01__Z3	1152	6	4	6	2	0	explicit
x__3s1c1s1__group.3794__C__Z44	96	2x2x2x2x2	20	20	0	1	explicit
x__2-1s1c1c1s1__group.1125__X11__Z2	8	2x2x2x2x4	8	8	0	1	explicit
x__2-1s1c1s1c1__group.1132__X0101__Z10	32	2x2x2x2x2x2x2x2x2x2x2x2x2x2	2160	2160	0	1	explicit
x__3s1c1s1__group.3794__C__Z69	96	2x2x2x2x2x2	48	48	0	1	explicit
x__3s1c1s1__group.3794__C__Z4	96	2x2x2x2x2x2	20	20	0	1	explicit
x__2-2c2-2s2-2__group.1675__X01__Z9	36	6	4	4	0	1	explicit
x__2-2s2-2s1c1__group.2716__X1000__Z7	144	2x2x2x2x2x2x2x2x2	120	120	0	1	explicit
x__3s1c1s1__group.3794__C__Z5	96	2x2x2x2x2x2	20	20	0	1	explicit
x__3s1c1s1__group.3794__C__Z26	96	2x2x2x2x2x2	32	32	0	1	explicit
x__2-1s1c1s1c1__group.1132__X0101__Z33	32	2x2x2x2x2x2x2	40	40	0	1	explicit
x__3s1c1s1__group.3794__C__Z62	96	2x2x2x2x2x2x2x2	60	60	0	1	explicit
x__2-1s1c1s1c1__group.1132__X0101__Z36	32	2x2x2x2x2x2x2x2x2x2x2	864	864	0	1	explicit
x__4-1s2-2__group.5308__X01__Z2	1152	6	4	6	2	0	explicit
x__2-1s1c1c1s1__group.1125__X11__Z5	8	2x2x2x4	8	8	0	1	explicit
x__3s1c1s1__group.3794__C__Z45	96	2x2x2x2x2	20	20	0	1	explicit
x__3s1c1s1__group.3794__C__Z43	96	2x2x2x2x2	20	20	0	1	explicit
x__2-1s1c1s1c1__group.1132__X0101__Z44	32	2x2x2x2x2x2x2	96	96	0	1	explicit
x__3s1c1s1__group.3794__C__Z50	96	2x2	4	4	0	1	explicit
x__3s1c1s1__group.3794__C__Z2	96	2x2x2x2x2x2x2x2x2	160	160	0	1	explicit
x__3s1c1s1__group.3794__C__Z56	96	2x2x2x2x2	24	24	0	1	explicit
x__3s1c1s1__group.3794__C__Z21	96	2x2x2x2x2x2x2x2x2	240	240	0	1	explicit
x__2-2s2-2s1c1__group.2716__X1000__Z5	144	2x2x2x2x2x2x2x2x2	120	120	0	1	explicit
x__3s1c1s1__group.3794__C__Z90	96	2x2x2x2x2x2x2x2	160	160	0	1	explicit
x__3s1c1s1__group.3794__C__Z96	96	2x2x2x2x2x2x2x2	80	80	0	1	explicit
x__3s1c1s1__group.3794__C__Z101	96	2x2x2x2x2	32	32	0	1	explicit
x__3s1c1s1__group.3794__C__Z11	96	2x2x2x2	12	12	0	1	explicit
x__3s1c1s1__group.3794__C__Z78	96	2x2x2x2x2x2x2x2x2	240	240	0	1	explicit
x__3s1c1s1__group.3794__C__Z84	96	2x2x2x2x2	32	32	0	1	explicit
x__3s1c1s1__group.3794__C__Z88	96	2x2x2x2x2	24	24	0	1	explicit
x__3s1c1s1__group.3794__C__Z51	96	2x2x2x2x2x2	48	48	0	1	explicit
x__2-1s1c1s1c1__group.1132__X0101__Z43	32	2x2x2x2x2x2x2x2	66	66	0	1	explicit
x__3s1c1s1__group.3794__C__Z34	96	2x2x2	6	6	0	1	explicit
x__3s1c1s1__group.3794__C__Z28	96	2x2x2x2x2x2	32	32	0	1	explicit
x__3s1c1s1__group.3794__C__Z99	96	2x2x2x2x2x2	48	48	0	1	explicit
x__2-2s2-1s2-1__group.2537__T__Z4	384	2x2x2x2x2x2x2x2x2	512	512	0	1	explicit
x__3s1c1s1__group.3794__C__Z36	96	2x2x2	6	6	0	1	explicit
x__2-1s1c1s1c1__group.1132__X0101__Z31	32	2x2x2x2x2x2x2x2x2x2x2x2x2x2	2664	2664	0	1	explicit
x__3s1c1s1__group.3794__C__Z100	96	2x2x2x2x2x2x2x2	160	160	0	1	explicit
x__3s1c1s1__group.3794__C__Z29	96	2x2x2x2x2x2	40	40	0	1	explicit
x__2-2s2-1s2-1__group.2537__T__Z24	384	2x2x2x2x2x2x2x2	256	256	0	1	explicit
x__3s1c1s1__group.3794__C__Z85	96	2x2x2	6	6	0	1	explicit
x__3s1c1s1__group.3794__C__Z75	96	2x2x2x2x2	24	24	0	1	explicit
x__3s1c1s1__group.3794__C__Z46	96	2x2x2x2x2	24	24	0	1	explicit
x__3s1c1s1__group.3794__C__Z17	96	2x2x2x2x2	24	24	0	1	explicit
x__3s1c1s1__group.3794__C__Z73	96	2x2x2x2x2x2	40	40	0	1	explicit
x__3s1c1s1__group.3794__C__Z52	96	2x2x2x2x2x2	48	48	0	1	explicit
x__3s2-2s1__group.4169__X111__Z10	288	2x2x2x2	16	16	0	1	explicit
x__3s1c1s1__group.3794__C__Z9	96	2x2x2x2x2x2	48	48	0	1	explicit
x__2-2s2-1s2-1__group.2537__T__Z16	384	2x2x2x2x2x2x2x2x2	512	512	0	1	explicit
x__3s1c1s1__group.3794__C__Z15	96	2x2x2x2x2	10	10	0	1	explicit
x__2-1s1c1s1c1__group.1132__X0101__Z38	32	2x2x2x2x2x2x2x2x2x2	416	416	0	1	explicit
x__3s1c1s1__group.3794__C__Z16	96	2x2x2x2x2x2x2x2x2	256	256	0	1	explicit
x__2-2s2-1s2-1__group.2537__T__Z3	384	2x2x2x2x2x2x2x2x2	512	512	0	1	explicit
x__2-2s2-1s2-1__group.2537__T__Z7	384	2x2x2x2x2x2x2x2x2x2x2x2x2	8192	8192	0	1	explicit
x__3s1c1s1__group.3794__C__Z71	96	2x2x2x2x2x2x2x2	192	192	0	1	explicit
x__3s1c1s1__group.3794__C__Z81	96	2x2x2x2x2	24	24	0	1	explicit
x__3s1c1s1__group.3794__C__Z79	96	2x2x2x2x2	24	24	0	1	explicit
x__3s1c1s1__group.3794__C__Z10	96	2x2x2x2x2x2	40	40	0	1	explicit
x__3s2-2s1__group.4169__X111__Z4	288	2x2	4	4	0	1	explicit
x__3s1c1s1__group.3794__C__Z55	96	2x2x2x2x2	32	32	0	1	explicit
x__5-1s1__group.7376__T__Z13	640	2x2x4	12	12	0	1	explicit
x__3s1c1s1__group.3794__C__Z31	96	2x2x2x2x2x2	48	48	0	1	explicit
x__3s1c1s1__group.3794__C__Z12	96	2x2x2x2	12	12	0	1	explicit
x__2-2s2-1s2-1__group.2537__T__Z11	384	2x2x2x2x2x2	64	64	0	1	explicit
x__3s1c1s1__group.3794__C__Z20	96	2x2x2	6	6	0	1	explicit
x__3s1c1s1__group.3794__C__Z76	96	2x2x2x2x2	24	24	0	1	explicit
x__5-1s1__group.7376__T__Z9	640	2x2x4	12	12	0	1	explicit
x__2-2s2-1s2-1__group.2537__T__Z2	384	2x2x2x2x2x2x2x2x2	512	512	0	1	explicit
x__3s1c1s1__group.3794__C__Z86	96	2x2x2x2x2x2	48	48	0	1	explicit
x__2-2s2-1s2-1__group.2537__T__Z9	384	2x2x2x2x2x2x2x2x2	512	512	0	1	explicit
x__3s1c1s1__group.3794__C__Z41	96	2x2x2x2x2x2x2x2x2	240	240	0	1	explicit
x__3s2-2s1__group.4169__X111__Z3	288	2x2x2x2	16	16	0	1	explicit
x__3s1c1s1__group.3794__C__Z54	96	2x2x2x2x2x2x2x2	160	160	0	1	explicit
x__3s1c1s1__group.3794__C__Z1	96	2x2x2x2x2x2x2x2x2	160	160	0	1	explicit
x__3s1c1s1__group.3794__C__Z24	96	2x2x2x2x2x2	32	32	0	1	explicit
x__5-1s1__group.7376__T__Z14	640	2x4	6	6	0	1	explicit
x__3s1c1s1__group.3794__C__Z38	96	2x2x2x2x2x2x2x2	160	160	0	1	explicit
x__5-1s1__group.7376__T__Z7	640	2x2x2x4	24	24	0	1	explicit
x__2-2s2-1s2-1__group.2537__T__Z18	384	2x2x2x2x2x2x2x2	256	256	0	1	explicit
x__3s1c1s1__group.3794__C__Z82	96	2x2x2x2x2x2x2x2	104	104	0	1	explicit
x__2-2s2-1s2-1__group.2537__T__Z5	384	2x2x2x2x2x2	64	64	0	1	explicit
x__3s1c1s1__group.3794__C__Z72	96	2x2x2x2x2x2x2x2	120	120	0	1	explicit
x__3s2-2s1__group.4169__X111__Z2	288	2x2x2x2	16	16	0	1	explicit
x__3s1c1s1__group.3794__C__Z98	96	2x2x2x2x2x2x2x2	192	192	0	1	explicit
x__3s1c1s1__group.3794__C__Z22	96	2x2x2x2x2x2	36	36	0	1	explicit
x__2-2s2-1s2-1__group.2537__T__Z8	384	2x2x2x2x2x2x2x2x2	512	512	0	1	explicit
x__4-1s2-1__group.5081__X1001__Z16	256	2x2x2x2x2x2x2	96	96	0	1	explicit
x__3s1c1s1__group.3794__C__Z6	96	2x2x2x2x2x2x2x2x2	256	256	0	1	explicit
x__3s1c1s1__group.3794__C__Z23	96	2x2x2x2x2x2	36	36	0	1	explicit
x__3s1c1s1__group.3794__C__Z7	96	2x2x2x2x2x2	48	48	0	1	explicit
x__5-1s1__group.7376__T__Z3	640	2x2x4	12	12	0	1	explicit
x__3s1c1s1__group.3794__C__Z49	96	2x2	4	4	0	1	explicit
x__5-1s1__group.7376__T__Z1	640	2x2x2x2x4	48	48	0	1	explicit
x__3s2-2s1__group.4169__X111__Z5	288	2x2	3	3	0	1	explicit
x__3s1c1s1__group.3794__C__Z25	96	2x2x2x2x2x2	40	40	0	1	explicit
x__3s1c1s1__group.3794__C__Z19	96	2x2x2x2x2x2	40	40	0	1	explicit
x__2-2s2-1s2-1__group.2537__T__Z22	384	2x2x2x2x2x2x2x2x2	512	512	0	1	explicit
x__2-2s2-1s2-1__group.2537__T__Z20	384	2x2x2x2x2x2x2x2x2	512	512	0	1	explicit
x__3s1c1s1__group.3794__C__Z53	96	2x2x2x2x2x2	48	48	0	1	explicit
x__4-1s2-1__group.5081__X1001__Z20	256	2x2x2x2x2x2x2	72	72	0	1	explicit
x__2-2s2-1s2-1__group.2537__T__Z6	384	2x2x2x2x2x2x2x2	256	256	0	1	explicit
x__3s1c1s1__group.3794__C__Z83	96	2x2x2x2x2	32	32	0	1	explicit
x__3s1c1s1__group.3794__C__Z39	96	2x2x2x2x2	24	24	0	1	explicit
x__3s1c1s1__group.3794__C__Z97	96	2x2x2x2x2x2x2x2	192	192	0	1	explicit
x__5-1s1__group.7376__T__Z4	640	2x2x4	12	12	0	1	explicit
x__2-2s2-2s2-1__group.3356__X0110__Z2	288	2x2x2	8	8	0	0	explicit
x__3s2-2s1__group.4169__X111__Z12	288	2x2x2x2	16	16	0	1	explicit
x__5-1s1__group.7376__T__Z6	640	2x2x4	12	12	0	1	explicit
x__3s1c1s1__group.3794__C__Z13	96	2x2x2x2x2x2x2x2	80	80	0	1	explicit
x__3s2-2s1__group.4169__X111__Z7	288	2x2x2x2x2x2x2	128	128	0	1	explicit
x__2-2s2-1s2-1__group.2537__T__Z14	384	2x2x2x2x2x2x2x2x2	512	512	0	1	explicit
x__3s1c1s1__group.3794__C__Z91	96	2x2x2x2x2	32	32	0	1	explicit
x__4-1s2-1__group.5081__X1001__Z6	256	2x2x2x2x2x2	48	48	0	1	explicit
x__3s1c1s1__group.3794__C__Z77	96	2x2x2x2x2	24	24	0	1	explicit
x__3s1c1s1__group.3794__C__Z30	96	2x2x2x2x2x2	48	48	0	1	explicit
x__3s1c1s1__group.3794__C__Z63	96	2x2x2x2x2x2x2x2	192	192	0	1	explicit
x__2-2s2-1s2-1__group.2537__T__Z1	384	2x2x2x2x2x2x2x2x2x2x2x2x2	8192	8192	0	1	explicit
x__4-1s2-1__group.5081__X1001__Z18	256	2x2x2x2x2x2	36	36	0	1	explicit
x__5-1s1__group.7376__T__Z5	640	2x2x4	10	10	0	1	explicit
x__2-2s2-2s2-1__group.3356__X0110__Z3	288	2x2x2x2x2x4	60	60	0	0	explicit
x__3s1c1s1__group.3794__C__Z14	96	2x2x2x2x2x2x2x2x2	120	120	0	1	explicit
x__3s2-2s1__group.4169__X111__Z9	288	2x2x2x2	16	16	0	1	explicit
x__3s2-2s1__group.4169__X111__Z14	288	2x2x2x2	16	16	0	1	explicit
x__5-1s1__group.7376__T__Z8	640	2x2x2x4	18	18	0	1	explicit
x__3s1c1s1__group.3794__C__Z65	96	2x2x2x2x2x2x2x2	160	160	0	1	explicit
x__4-1s2-1__group.5081__X1001__Z1	256	2x2x2x2x2x2x2x2x2x2	480	480	0	1	explicit
x__3s1c1s1__group.3794__C__Z64	96	2x2x2x2x2x2x2x2x2	288	288	0	1	explicit
x__3s1c1s1__group.3794__C__Z8	96	2x2x2x2x2x2	48	48	0	1	explicit
x__3s1c1s1__group.3794__C__Z48	96	2x2x2	6	6	0	1	explicit
x__2-2s2-1s2-1__group.2537__T__Z13	384	2x2x2x2x2x2x2x2x2x2x2x2x2	8192	8192	0	1	explicit
x__4-1s2-1__group.5081__X1001__Z19	256	2x2x2x2x2x2x2x2x2x2	640	640	0	1	explicit
x__2-2s2-1s2-1__group.2537__T__Z21	384	2x2x2x2x2x2x2x2x2	512	512	0	1	explicit
x__5-1s1__group.7376__T__Z2	640	2x2x2x2x4	36	36	0	1	explicit
x__2-2s2-2s2-1__group.3356__X0110__Z4	288	2x2x2	6	6	0	0	explicit
x__3s1c1s1__group.3794__C__Z40	96	2x2x2x2x2	24	24	0	1	explicit
x__3s2-2s1__group.4169__X111__Z13	288	2x2x2x2x2x2x2	128	128	0	1	explicit
x__3s2-2s1__group.4169__X111__Z8	288	2x2x2x2	16	16	0	1	explicit
x__4-1s2-1__group.5081__X1001__Z4	256	2x2x2x2x2x2x2	72	72	0	1	explicit
x__4-3s2-1__group.7273__X100__Z3	960	2x2x2x2	16	16	0	1	explicit
x__3s1c1s1__group.3794__C__Z37	96	2x2x2x2x2x2x2x2	80	80	0	1	explicit
x__3s1c1s1__group.3794__C__Z70	96	2x2x2x2x2x2x2x2	80	80	0	1	explicit
x__4-1s2-1__group.5081__X1001__Z15	256	2x2x2x2x2x2x2	72	72	0	1	explicit
x__2-2s2-1s2-1__group.2537__T__Z12	384	2x2x2x2x2x2x2x2	256	256	0	1	explicit
x__4-2s2-2__group.6823__X0110__Z2	288	2x2x6	16	16	0	1	explicit
x__2-2s2-2s2-1__group.3356__X0110__Z1	288	2x2x2x2x2x4	72	72	0	0	explicit
x__5-1s1__group.7376__T__Z11	640	2x4	5	5	0	1	explicit
x__4-1s2-1__group.5081__X1001__Z21	256	2x2x2x2x2x2x2	72	72	0	1	explicit
x__2-2s2-1s2-1__group.2537__T__Z19	384	2x2x2x2x2x2x2x2x2x2x2x2x2	8192	8192	0	1	explicit
x__3s2-2s1__group.4169__X111__Z6	288	2x2x2x2	16	16	0	1	explicit
x__3s1c1s1__group.3794__C__Z47	96	2x2x2x2x2x2	48	48	0	1	explicit
x__5-1s1__group.7376__T__Z15	640	2x2x4	12	12	0	1	explicit
x__4-1s2-1__group.5081__X1001__Z3	256	2x2x2x2x2x2x2	96	96	0	1	explicit
x__4-3s2-1__group.7273__X100__Z2	960	2x2	4	4	0	1	explicit
x__4-1s2-1__group.5081__X1001__Z12	256	2x2x2x2x2x4	80	80	0	1	explicit
x__4-2s1s1__group.6255__X10__Z41	72	2x2	4	4	0	1	explicit
x__4-2s1s1__group.6255__X10__Z38	72	2x4	6	6	0	1	explicit
x__2-2s2-1s2-1__group.2537__T__Z15	384	2x2x2x2x2x2x2x2x2	512	512	0	1	explicit
x__4-2s1s1__group.6255__X10__Z7	72	2x2x2x12	48	48	0	1	explicit
x__5-1s1__group.7376__T__Z16	640	2x2x2x2x4	48	48	0	1	explicit
x__4-2s1s1__group.6255__X10__Z4	72	2x4	6	6	0	1	explicit
x__2-2s2-1s2-1__group.2537__T__Z10	384	2x2x2x2x2x2x2x2x2	512	512	0	1	explicit
x__4-1s2-1__group.5081__X1001__Z17	256	2x2x2x2x2	24	24	0	1	explicit
x__3s2-2s1__group.4169__X111__Z1	288	2x2x2x2x2	32	32	0	1	explicit
x__5-1s1__group.7376__T__Z12	640	2x2x2x4	24	24	0	1	explicit
x__4-1s2-1__group.5081__X1001__Z2	256	2x2x2x2x2x2x2	96	96	0	1	explicit
x__4-2s1s1__group.6255__X10__Z42	72	2x4	6	6	0	1	explicit
x__4-2s1s1__group.6255__X10__Z46	72	2x12	12	12	0	1	explicit
x__4-3s2-1__group.7273__X100__Z5	960	2x2x2x2	16	16	0	1	explicit
x__4-2s1s1__group.6255__X10__Z9	72	2x2x6	16	16	0	1	explicit
x__4-2s1s1__group.6255__X10__Z52	72	2x4	6	6	0	1	explicit
x__4-1s2-1__group.5081__X1001__Z24	256	2x2x2x2x2x4	60	60	0	1	explicit
x__2-2s2-1s2-1__group.2537__T__Z23	384	2x2x2x2x2x2	64	64	0	1	explicit
x__4-2s1s1__group.6255__X10__Z5	72	2x2	4	4	0	1	explicit
x__5-1s1__group.7376__T__Z17	640	2x2x4	12	12	0	1	explicit
x__3s2-2s1__group.4169__X111__Z11	288	2x2	4	4	0	1	explicit
x__4-1s2-1__group.5081__X1001__Z5	256	2x2x2x2x2	32	32	0	1	explicit
x__4-1s2-1__group.5081__X1001__Z10	256	2x2x2x2x2x2x2	96	96	0	1	explicit
x__2-2s2-1s2-1__group.2537__T__Z17	384	2x2x2x2x2x2	64	64	0	1	explicit
x__4-2s1s1__group.6255__X10__Z16	72	2x4	6	6	0	1	explicit
x__4-2s1s1__group.6255__X10__Z8	72	2x12	12	12	0	1	explicit
x__4-2s1s1__group.6255__X10__Z39	72	2x2x2	8	8	0	1	explicit
x__4-2s1s1__group.6255__X10__Z25	72	2x4	6	6	0	1	explicit
x__4-3s2-1__group.7273__X100__Z7	960	2x2x2x2	16	16	0	1	explicit
x__4-2s1s1__group.6255__X10__Z26	72	2x4	6	6	0	1	explicit
x__4-2s1s1__group.6255__X10__Z2	72	2x4	6	6	0	1	explicit
x__5-1s1__group.7376__T__Z10	640	2x4	6	6	0	1	explicit
x__4-1s2-1__group.5081__X1001__Z23	256	2x2x2x2x2	24	24	0	1	explicit
x__4-1s1s1__group.4878__X111__Z38	64	2x2x2x2x2x4	72	72	0	1	explicit
x__4-2s1s1__group.6255__X10__Z37	72	2x4	6	6	0	1	explicit
x__4-2s1s1__group.6255__X10__Z1	72	2x2x2x4	24	24	0	1	explicit
x__4-2s1s1__group.6255__X10__Z29	72	2x2	4	4	0	1	explicit
x__4-1s2-1__group.5081__X1001__Z11	256	2x2x2x2x2	32	32	0	1	explicit
x__4-1s2-1__group.5081__X1001__Z7	256	2x2x2x2x2x2x2x2x2x2	480	480	0	1	explicit
x__4-1s1s1__group.4878__X111__Z49	64	2x2x2x4	24	24	0	1	explicit
x__4-2s1s1__group.6255__X10__Z22	72	2x2	4	4	0	1	explicit
x__4-2s1s1__group.6255__X10__Z19	72	2x12	12	12	0	1	explicit
x__4-3s2-1__group.7273__X100__Z6	960	2x2	4	4	0	1	explicit
x__4-2s1s1__group.6255__X10__Z35	72	2x2	4	4	0	1	explicit
x__4-1s2-1__group.5081__X1001__Z22	256	2x2x2x2x2x2x2	128	128	0	1	explicit
x__4-2s1s1__group.6255__X10__Z11	72	2x6	8	8	0	1	explicit
x__4-1s1s1__group.4878__X111__Z36	64	2x2x2x2x2x2x2	96	96	0	1	explicit
x__4-1s1s1__group.4878__X111__Z57	64	2x2x2	8	8	0	1	explicit
x__4-2s1s1__group.6255__X10__Z30	72	2x4	6	6	0	1	explicit
x__4-2s1s1__group.6255__X10__Z6	72	2x4	6	6	0	1	explicit
x__4-1s2-1__group.5081__X1001__Z9	256	2x2x2x2x2x2x2	96	96	0	1	explicit
x__4-2s1s1__group.6255__X10__Z14	72	2x12	12	12	0	1	explicit
x__4-2s1s1__group.6255__X10__Z10	72	2x12	12	12	0	1	explicit
x__4-2s1s1__group.6255__X10__Z32	72	2x4	6	6	0	1	explicit
x__4-1s1s1__group.4878__X111__Z40	64	2x2x2x2x2	32	32	0	1	explicit
x__4-3s2-1__group.7273__X100__Z1	960	2x2x2x2	16	16	0	1	explicit
x__4-1s1s1__group.4878__X111__Z24	64	2x2x2x2x2	24	24	0	1	explicit
x__4-1s2-1__group.5081__X1001__Z13	256	2x2x2x2x2x2x2x2x2x2	640	640	0	1	explicit
x__4-2s1s1__group.6255__X10__Z27	72	2x2x2	8	8	0	1	explicit
x__4-2s1s1__group.6255__X10__Z12	72	2x2x2x12	48	48	0	1	explicit
x__4-1s1s1__group.4878__X111__Z31	64	2x2x2x2x2x2x2	128	128	0	1	explicit
x__4-2s1s1__group.6255__X10__Z13	72	2x2x2x4	24	24	0	1	explicit
x__4-1s1s1__group.4878__X111__Z19	64	2x2x2x2	12	12	0	1	explicit
x__4-2s1s1__group.6255__X10__Z17	72	2x2x6	16	16	0	1	explicit
x__4-1s2-1__group.5081__X1001__Z8	256	2x2x2x2x2x2x2	96	96	0	1	explicit
x__4-2s1s1__group.6255__X10__Z53	72	2x2	4	4	0	1	explicit
x__4-1s1s1__group.4878__X111__Z32	64	2x2x2x2x2x2x4	192	192	0	1	explicit
x__4-2s1s1__group.6255__X10__Z50	72	2x4	6	6	0	1	explicit
x__4-1s1s1__group.4878__X111__Z47	64	2x2x2x2x2x2	48	48	0	1	explicit
x__4-3s2-1__group.7273__X100__Z8	960	2x2	4	4	0	1	explicit
x__4-2s1s1__group.6255__X10__Z18	72	2x2x2	8	8	0	1	explicit
x__4-2s1s1__group.6255__X10__Z15	72	2x12	12	12	0	1	explicit
x__4-2s1s1__group.6255__X10__Z47	72	2x6	8	8	0	1	explicit
x__4-2s1s1__group.6255__X10__Z28	72	2x4	6	6	0	1	explicit
x__4-1s2-1__group.5081__X1001__Z14	256	2x2x2x2x2x2x2	72	72	0	1	explicit
x__4-2s1s1__group.6255__X10__Z54	72	2x4	6	6	0	1	explicit
x__4-1s1s1__group.4878__X111__Z23	64	2x2x4	10	10	0	1	explicit
x__4-2s1s1__group.6255__X10__Z33	72	2x2x2	8	8	0	1	explicit
x__4-1s1s1__group.4878__X111__Z54	64	2x2x2x2x2	24	24	0	1	explicit
x__4-1s1s1__group.4878__X111__Z35	64	2x2x2x2x2x2x4	192	192	0	1	explicit
x__4-2s2-2__group.6823__X0110__Z1	288	2x2x6	16	16	0	1	explicit
x__4-2s1s1__group.6255__X10__Z20	72	2x4	6	6	0	1	explicit
x__4-2s1s1__group.6255__X10__Z40	72	2x4	6	6	0	1	explicit
x__4-1s1s1__group.4878__X111__Z26	64	2x2x2x2x4	48	48	0	1	explicit
x__4-2s1s1__group.6255__X10__Z23	72	2x2x2x4	24	24	0	1	explicit
x__4-1s1s1__group.4878__X111__Z30	64	2x2x2x2x2x2x2x4	384	384	0	1	explicit
x__4-2s1s1__group.6255__X10__Z34	72	2x4	6	6	0	1	explicit
x__4-1s1s1__group.4878__X111__Z16	64	2x2x2x4	18	18	0	1	explicit
x__4-2s1s1__group.6255__X10__Z31	72	2x2x2x4	24	24	0	1	explicit
x__4-1s1s1__group.4878__X111__Z13	64	2x2x2x2x4	48	48	0	1	explicit
x__4-3s2-1__group.7273__X100__Z4	960	2x2	4	4	0	1	explicit
x__4-2s2-2__group.6823__X0110__Z3	288	2x2x6	16	16	0	1	explicit
x__4-1s1s1__group.4878__X111__Z53	64	2x2x2x4	24	24	0	1	explicit
x__4-2s1s1__group.6255__X10__Z43	72	2x2x2x12	48	48	0	1	explicit
x__4-1s1s1__group.4878__X111__Z15	64	2x2x2x4	18	18	0	1	explicit
x__4-2s1s1__group.6255__X10__Z49	72	2x12	12	12	0	1	explicit
x__4-2s1s1__group.6255__X10__Z51	72	2x2x2	8	8	0	1	explicit
x__4-2s1s1__group.6255__X10__Z36	72	2x2x2x4	24	24	0	1	explicit
x__4-2s1s1__group.6255__X10__Z24	72	2x12	12	12	0	1	explicit
x__4-1s1s1__group.4878__X111__Z42	64	2x2x2x2x2x4	96	96	0	1	explicit
x__4-1s1s1__group.4878__X111__Z5	64	2x2x2x2x2	32	32	0	1	explicit
x__4-1s1s1__group.4878__X111__Z37	64	2x2x2x2x2x2x2	96	96	0	1	explicit
x__4-2s2-2__group.6823__X0110__Z4	288	2x2x6	16	16	0	1	explicit
x__3s2-1s1__group.3927__X010__Z41	192	2x2x2x2	16	16	0	1	explicit
x__4-1s1s1__group.4878__X111__Z21	64	2x2x2x2x2x4	96	96	0	1	explicit
x__4-2s1s1__group.6255__X10__Z3	72	2x2x2	8	8	0	1	explicit
x__4-2s1s1__group.6255__X10__Z44	72	2x12	12	12	0	1	explicit
x__4-2s1s1__group.6255__X10__Z48	72	2x2x2x4	24	24	0	1	explicit
x__4-2s1s1__group.6255__X10__Z45	72	2x2x6	16	16	0	1	explicit
x__3s2-1s1__group.3927__X010__Z47	192	2x2x2x2x2x2	64	64	0	1	explicit
x__4-1s1s1__group.4878__X111__Z14	64	2x2x2x2x2x4	72	72	0	1	explicit
x__4-1s1s1__group.4878__X111__Z1	64	2x2x2x2x2x2x2x2x4	768	768	0	1	explicit
x__3s2-1s1__group.3927__X010__Z46	192	2x2x2x2	16	16	0	1	explicit
x__4-1s1s1__group.4878__X111__Z39	64	2x2x2x2x4	48	48	0	1	explicit
x__3s2-1s1__group.3927__X010__Z22	192	2x2x2x2	16	16	0	1	explicit
x__4-1s1s1__group.4878__X111__Z45	64	2x2x2x4	20	20	0	1	explicit
x__4-1s1s1__group.4878__X111__Z12	64	2x2x2x2x2	32	32	0	1	explicit
x__4-1s1s1__group.4878__X111__Z2	64	2x2x2x2x2x4	96	96	0	1	explicit
x__4-2s1s1__group.6255__X10__Z21	72	2x6	8	8	0	1	explicit
x__3s2-1s1__group.3927__X010__Z36	192	2x2x2x2x2	32	32	0	1	explicit
x__3s2-1s1__group.3927__X010__Z78	192	2x2x2	8	8	0	1	explicit
x__4-1s1s1__group.4878__X111__Z44	64	2x2x2x2x2	24	24	0	1	explicit
x__3s2-1s1__group.3927__X010__Z65	192	2x2x2x2x2	32	32	0	1	explicit
x__3s2-1s1__group.3927__X010__Z79	192	2x2x2x2	16	16	0	1	explicit
x__3s2-1s1__group.3927__X010__Z106	192	2x2x2x2	16	16	0	1	explicit
x__3s2-1s1__group.3927__X010__Z55	192	2x2x2x2x2x2x2	128	128	0	1	explicit
x__4-1s1s1__group.4878__X111__Z52	64	2x2x2x4	20	20	0	1	explicit
x__4-2s2-2__min.624__X11__Z1	72	12	6	9	3	0	explicit
x__4-1s1s1__group.4878__X111__Z56	64	2x2x2x4	24	24	0	1	explicit
x__4-1s1s1__group.4878__X111__Z22	64	2x2x4	12	12	0	1	explicit
x__4-1s1s1__group.4878__X111__Z6	64	2x2x2x2x2x4	96	96	0	1	explicit
x__3s2-1s1__group.3927__X010__Z112	192	2x2x4	12	12	0	1	explicit
x__3s2-1s1__group.3927__X010__Z40	192	2x2x2x2x2x2	64	64	0	1	explicit
x__3s2-1s1__group.3927__X010__Z39	192	2x2x2x2x2x2	64	64	0	1	explicit
x__3s2-1s1__group.3927__X010__Z20	192	2x2x2x2	16	16	0	1	explicit
x__4-1s1s1__group.4878__X111__Z43	64	2x2x2x2x2x4	96	96	0	1	explicit
x__3s2-1s1__group.3927__X010__Z14	192	2x2x2x2x2x2	64	64	0	1	explicit
x__3s2-1s1__group.3927__X010__Z100	192	2x2x2x4	24	24	0	1	explicit
x__3s2-1s1__group.3927__X010__Z99	192	2x2x2x2x2	32	32	0	1	explicit
x__4-2s2-2__min.624__X11__Z2	72	12	6	9	3	0	explicit
x__4-1s1s1__group.4878__X111__Z3	64	2x2x2x2x2x4	96	96	0	1	explicit
x__4-1s1s1__group.4878__X111__Z51	64	2x2x2x4	24	24	0	1	explicit
x__3s2-1s1__group.3927__X010__Z114	192	2x2x4	10	10	0	1	explicit
x__3s2-1s1__group.3927__X010__Z115	192	2x2x4	10	10	0	1	explicit
x__3s2-1s1__group.3927__X010__Z76	192	2x2x2x2	16	16	0	1	explicit
x__4-1s1s1__group.4878__X111__Z55	64	2x2x2x2x2x4	96	96	0	1	explicit
x__3s2-1s1__group.3927__X010__Z80	192	2x2x2	8	8	0	1	explicit
x__3s2-1s1__group.3927__X010__Z12	192	2x2x2x2	16	16	0	1	explicit
x__3s2-1s1__group.3927__X010__Z101	192	2x2x2	8	8	0	1	explicit
x__3s2-1s1__group.3927__X010__Z70	192	2x2x2	6	6	0	1	explicit
x__4-1s1s1__group.4878__X111__Z25	64	2x2x4	12	12	0	1	explicit
x__3s2-1s1__group.3927__X010__Z52	192	2x2x2x2x2x2	64	64	0	1	explicit
x__4-1s1s1__group.4878__X111__Z20	64	2x2x4	12	12	0	1	explicit
x__4-1s1s1__group.4878__X111__Z8	64	2x2x2x2x2	32	32	0	1	explicit
x__3s2-1s1__group.3927__X010__Z113	192	2x2x4	10	10	0	1	explicit
x__3s2-1s1__group.3927__X010__Z38	192	2x2x2x2	16	16	0	1	explicit
x__3s2-1s1__group.3927__X010__Z82	192	2x2x2	8	8	0	1	explicit
x__3s2-1s1__group.3927__X010__Z74	192	2x2x2x2	16	16	0	1	explicit
x__4-1s1s1__group.4878__X111__Z58	64	2x2x4	12	12	0	1	explicit
x__3s2-1s1__group.3927__X010__Z107	192	2x2x2x2x2x2	64	64	0	1	explicit
x__4-1s1s1__group.4878__X111__Z4	64	2x2x2x2x2x4	96	96	0	1	explicit
x__3s2-1s1__group.3927__X010__Z13	192	2x2x2x2x2x2	64	64	0	1	explicit
x__3s2-1s1__group.3927__X010__Z84	192	2x2x2x2x2x2	64	64	0	1	explicit
x__3s2-1s1__group.3927__X010__Z26	192	2x2x2x2x2x2	64	64	0	1	explicit
x__3s2-1s1__group.3927__X010__Z29	192	2x2x2x2x2x2	64	64	0	1	explicit
x__3s2-1s1__group.3927__X010__Z37	192	2x2x2x2x2	32	32	0	1	explicit
x__3s2-1s1__group.3927__X010__Z98	192	2x2x2x4	24	24	0	1	explicit
x__4-1s1s1__group.4878__X111__Z46	64	2x2x2x2x2x2x4	144	144	0	1	explicit
x__3s2-1s1__group.3927__X010__Z49	192	2x2x4	12	12	0	1	explicit
x__3s2-1s1__group.3927__X010__Z73	192	2x2x2x2	16	16	0	1	explicit
x__3s2-1s1__group.3927__X010__Z15	192	2x2x2x2	16	16	0	1	explicit
x__4-1s1s1__group.4878__X111__Z34	64	2x2x2x2x2	32	32	0	1	explicit
x__3s2-1s1__group.3927__X010__Z83	192	2x2x2	8	8	0	1	explicit
x__4-1s1s1__group.4878__X111__Z18	64	2x2x2x2x2	24	24	0	1	explicit
x__3s2-1s1__group.3927__X010__Z4	192	2x2x2x2x2x2	64	64	0	1	explicit
x__3s2-1s1__group.3927__X010__Z102	192	2x2x2	8	8	0	1	explicit
x__3s2-1s1__group.3927__X010__Z104	192	2x2x2x2x2x2	64	64	0	1	explicit
x__3s2-1s1__group.3927__X010__Z53	192	2x2x2x2x2x2x2x2x2	512	512	0	1	explicit
x__4-1s1s1__group.4878__X111__Z9	64	2x2x2x2x2x2x4	144	144	0	1	explicit
x__3s2-1s1__group.3927__X010__Z30	192	2x2x2x2x2x2	64	64	0	1	explicit
x__4-1s1s1__group.4878__X111__Z28	64	2x2	4	4	0	1	explicit
x__3s2-1s1__group.3927__X010__Z85	192	2x2x2x2x2x2x2x2x2	512	512	0	1	explicit
x__4-1s1s1__group.4878__X111__Z41	64	2x2x2x2x2	32	32	0	1	explicit
x__3s2-1s1__group.3927__X010__Z23	192	2x2x2	8	8	0	1	explicit
x__3s2-1s1__group.3927__X010__Z87	192	2x2x2x2x2x2x2	128	128	0	1	explicit
x__3s2-1s1__group.3927__X010__Z3	192	2x2x2x2x2x2	64	64	0	1	explicit
x__4-1s1s1__group.4878__X111__Z33	64	2x2x2x2x4	48	48	0	1	explicit
x__3s2-1s1__group.3927__X010__Z77	192	2x2x2x2	16	16	0	1	explicit
x__3s2-1s1__group.3927__X010__Z10	192	2x2x2x2x2	32	32	0	1	explicit
x__3s2-1s1__group.3927__X010__Z54	192	2x2x2x2x2x2	64	64	0	1	explicit
x__3s2-1s1__group.3927__X010__Z16	192	2x2x2x2	16	16	0	1	explicit
x__3s2-1s1__group.3927__X010__Z64	192	2x2x2x2x2x2	64	64	0	1	explicit
x__3s2-1s1__group.3927__X010__Z71	192	2x2x2x2x2x2	64	64	0	1	explicit
x__4-1s1s1__group.4878__X111__Z27	64	2x2x2x2	16	16	0	1	explicit
x__3s2-1s1__group.3927__X010__Z45	192	2x2x2x2	16	16	0	1	explicit
x__3s2-1s1__group.3927__X010__Z24	192	2x2x2	8	8	0	1	explicit
x__3s2-1s1__group.3927__X010__Z2	192	2x2x2x2x2x2	64	64	0	1	explicit
x__3s2-1s1__group.3927__X010__Z48	192	2x2x2x2	16	16	0	1	explicit
x__3s2-1s1__group.3927__X010__Z105	192	2x2x2x2	16	16	0	1	explicit
x__4-1s1s1__group.4878__X111__Z48	64	2x2x2x2x2x2	48	48	0	1	explicit
x__4-1s1s1__group.4878__X111__Z17	64	2x2x2x2x4	48	48	0	1	explicit
x__3s2-1s1__group.3927__X010__Z62	192	2x2x2x2	16	16	0	1	explicit
x__4-1s1s1__group.4878__X111__Z50	64	2x2x2x2x4	48	48	0	1	explicit
x__3s2-1s1__group.3927__X010__Z90	192	2x2x2x2x2x2	64	64	0	1	explicit
x__4-1s1s1__group.4878__X111__Z7	64	2x2x2x2x2x2x2x2	192	192	0	1	explicit
x__3s2-1s1__group.3927__X010__Z103	192	2x2x2x2x2x2	64	64	0	1	explicit
x__3s2-1s1__group.3927__X010__Z108	192	2x2x2x2	16	16	0	1	explicit
x__3s2-1s1__group.3927__X010__Z109	192	2x2x2x2	16	16	0	1	explicit
x__3s2-1s1__group.3927__X010__Z5	192	2x2x2x2	16	16	0	1	explicit
x__3s2-1s1__group.3927__X010__Z42	192	2x2x2x2	16	16	0	1	explicit
x__3s2-1s1__group.3927__X010__Z28	192	2x2x2x2x2x2	64	64	0	1	explicit
x__3s2-1s1__group.3927__X010__Z96	192	2x2x2x2x2x4	96	96	0	1	explicit
x__3s2-1s1__group.3927__X010__Z72	192	2x2x2x2x2x2	64	64	0	1	explicit
x__3s2-1s1__group.3927__X010__Z97	192	2x2x2x2x2	32	32	0	1	explicit
x__3s2-1s1__group.3927__X010__Z50	192	2x2x4	12	12	0	1	explicit
x__3s2-1s1__group.3927__X010__Z94	192	2x2x2x2	16	16	0	1	explicit
x__3s2-1s1__group.3927__X010__Z11	192	2x2x2x2x2	32	32	0	1	explicit
x__3s2-1s1__group.3927__X010__Z25	192	2x2x2	8	8	0	1	explicit
x__4-1s1s1__group.4878__X111__Z11	64	2x2x2x2x2x2	64	64	0	1	explicit
x__3s2-1s1__group.3927__X010__Z31	192	2x2x2x2	16	16	0	1	explicit
x__3s2-1s1__group.3927__X010__Z34	192	2x2x2x2x2	32	32	0	1	explicit
x__3s2-1s1__group.3927__X010__Z89	192	2x2x2x2x2	32	32	0	1	explicit
x__3s2-1s1__group.3927__X010__Z17	192	2x2x2x2x2x2	64	64	0	1	explicit
x__3s2-1s1__group.3927__X010__Z91	192	2x2x2x2x2x2x2	128	128	0	1	explicit
x__4-1s1s1__group.4878__X111__Z10	64	2x2x2x2x2x4	72	72	0	1	explicit
x__2-2s2-1s2-1__group.2537__X10011__Z2	384	2x2x2x2x2x2x2x2	256	256	0	1	explicit
x__3s2-1s1__group.3927__X010__Z63	192	2x2x2x2	12	12	0	1	explicit
x__3s2-1s1__group.3927__X010__Z75	192	2x2x2x2x2x2	64	64	0	1	explicit
x__3s2-1s1__group.3927__X010__Z59	192	2x2x2x2x2x2x2	128	128	0	1	explicit
x__3s2-1s1__group.3927__X010__Z60	192	2x2x2x2x2x2	64	64	0	1	explicit
x__3s2-1s1__group.3927__X010__Z18	192	2x2x2x2	16	16	0	1	explicit
x__3s2-1s1__group.3927__X010__Z43	192	2x2x2x2x2x2	64	64	0	1	explicit
x__3s2-1s1__group.3927__X010__Z21	192	2x2x2x2x2x2	64	64	0	1	explicit
x__2-2s2-1s2-1__group.2537__X10011__Z30	384	2x2x2x2x2x2x2	128	128	0	1	explicit
x__2-2s2-1s2-1__group.2537__X10011__Z43	384	2x2x2x2x2x2x2x2x2x2x2x2	4096	4096	0	1	explicit
x__2-2s2-1s2-1__group.2537__X10011__Z47	384	2x2x2x2x2	32	32	0	1	explicit
x__4-1s1s1__group.4878__X111__Z29	64	2x2x2x2	16	16	0	1	explicit
x__2-2s2-1s2-1__group.2537__X10011__Z48	384	2x2x2x2x2x2x2	128	128	0	1	explicit
x__3s2-1s1__group.3903__X011__Z53	192	2x2x2x2x2x2x2	72	72	0	1	explicit
x__3s2-1s1__group.3927__X010__Z81	192	2x2x2	8	8	0	1	explicit
x__3s2-1s1__group.3927__X010__Z58	192	2x2x2x2x2x2	64	64	0	1	explicit
x__3s2-1s1__group.3927__X010__Z27	192	2x2x2x2x2x2x2x2x2	512	512	0	1	explicit
x__2-2s2-1s2-1__group.2537__X10011__Z1	384	2x2x2x2x2x2x2x2x2x2x2x2	4096	4096	0	1	explicit
x__3s2-1s1__group.3903__X011__Z64	192	2x2x2x2x2	24	24	0	1	explicit
x__3s2-1s1__group.3927__X010__Z92	192	2x2x2x2x2x2	64	64	0	1	explicit
x__3s2-1s1__group.3927__X010__Z88	192	2x2x2x2x2x2x2	128	128	0	1	explicit
x__3s2-1s1__group.3927__X010__Z19	192	2x2x2x2	16	16	0	1	explicit
x__2-2s2-1s2-1__group.2537__X10011__Z9	384	2x2x2x2x2x2x2x2	256	256	0	1	explicit
x__2-2s2-1s2-1__group.2537__X10011__Z31	384	2x2x2x2x2x2x2x2x2x2x2x2	4096	4096	0	1	explicit
x__2-2s2-1s2-1__group.2537__X10011__Z40	384	2x2x2x2x2x2x2x2	256	256	0	1	explicit
x__3s2-1s1__group.3927__X010__Z67	192	2x2x2x2x2	32	32	0	1	explicit
x__3s2-1s1__group.3927__X010__Z9	192	2x2x2x2x2x2x2	128	128	0	1	explicit
x__3s2-1s1__group.3903__X011__Z54	192	2x2x2x2	12	12	0	1	explicit
x__3s2-1s1__group.3903__X011__Z106	192	2x2x2x2x2	24	24	0	1	explicit
x__3s2-1s1__group.3903__X011__Z63	192	2x2x2x2x2	18	18	0	1	explicit
x__3s2-1s1__group.3927__X010__Z66	192	2x2x2x2	16	16	0	1	explicit
x__2-2s2-1s2-1__group.2537__X10011__Z41	384	2x2x2x2x2	32	32	0	1	explicit
x__2-2s2-1s2-1__group.2537__X10011__Z6	384	2x2x2x2x2x2x2	128	128	0	1	explicit
x__3s2-1s1__group.3927__X010__Z44	192	2x2x2x2	16	16	0	1	explicit
x__3s2-1s1__group.3903__X011__Z136	192	2x2x2x2x2	20	20	0	1	explicit
x__3s2-1s1__group.3927__X010__Z93	192	2x2x2x2x2x2	64	64	0	1	explicit
x__2-2s2-1s2-1__group.2537__X10011__Z44	384	2x2x2x2x2x2x2x2	256	256	0	1	explicit
x__3s2-1s1__group.3903__X011__Z101	192	2x2x2x2x2x2x2	80	80	0	1	explicit
x__3s2-1s1__group.3903__X011__Z96	192	2x2x2x2x2x2x2	96	96	0	1	explicit
x__3s2-1s1__group.3903__X011__Z97	192	2x2x2x2x2x2x2	96	96	0	1	explicit
x__2-2s2-1s2-1__group.2537__X10011__Z36	384	2x2x2x2x2x2x2	128	128	0	1	explicit
x__3s2-1s1__group.3927__X010__Z7	192	2x2x2x2x2x2x2	128	128	0	1	explicit
x__3s2-1s1__group.3927__X010__Z61	192	2x2x2x2x2x2	64	64	0	1	explicit
x__2-2s2-1s2-1__group.2537__X10011__Z3	384	2x2x2x2x2x2x2x2	256	256	0	1	explicit
x__3s2-1s1__group.3903__X011__Z140	192	2x2x2x2	12	12	0	1	explicit
x__2-2s2-1s2-1__group.2537__X10011__Z46	384	2x2x2x2x2x2x2x2	256	256	0	1	explicit
x__2-2s2-1s2-1__group.2537__X10011__Z45	384	2x2x2x2x2x2x2x2	256	256	0	1	explicit
x__3s2-1s1__group.3903__X011__Z100	192	2x2x2x2x2x2x2	96	96	0	1	explicit
x__3s2-1s1__group.3927__X010__Z86	192	2x2x2x2x2x2	64	64	0	1	explicit
x__3s2-1s1__group.3927__X010__Z51	192	2x2x4	12	12	0	1	explicit
x__3s2-1s1__group.3927__X010__Z6	192	2x2x2x2x2x2x2	128	128	0	1	explicit
x__2-2s2-1s2-1__group.2537__X10011__Z7	384	2x2x2x2x2x2x2x2x2x2x2x2	4096	4096	0	1	explicit
x__3s2-1s1__group.3903__X011__Z55	192	2x2x2x2x2x2x2	80	80	0	1	explicit
x__3s2-1s1__group.3903__X011__Z108	192	2x2x2x2x2	20	20	0	1	explicit
x__3s2-1s1__group.3903__X011__Z62	192	2x2x2x2x2	20	20	0	1	explicit
x__3s2-1s1__group.3927__X010__Z95	192	2x2x2x2	12	12	0	1	explicit
x__2-2s2-1s2-1__group.2537__X10011__Z38	384	2x2x2x2x2x2x2x2	256	256	0	1	explicit
x__3s2-1s1__group.3903__X011__Z149	192	2x2x2x2x2x2x2	96	96	0	1	explicit
x__2-2s2-1s2-1__group.2537__X10011__Z4	384	2x2x2x2x2x2x2x2	256	256	0	1	explicit
x__3s2-1s1__group.3903__X011__Z138	192	2x2x2x2x2x2x2	80	80	0	1	explicit
x__2-2s2-1s2-1__group.2537__X10011__Z12	384	2x2x2x2x2x2x2	128	128	0	1	explicit
x__2-2s2-1s2-1__group.2537__X10011__Z8	384	2x2x2x2x2x2x2x2	256	256	0	1	explicit
x__3s2-1s1__group.3927__X010__Z69	192	2x2x2	8	8	0	1	explicit
x__3s2-1s1__group.3903__X011__Z99	192	2x2x2x2x2x2x2	80	80	0	1	explicit
x__3s2-1s1__group.3903__X011__Z115	192	2x2x2x2x2x2x2	96	96	0	1	explicit
x__3s2-1s1__group.3903__X011__Z137	192	2x2x2x2x2x2x2	64	64	0	1	explicit
x__3s2-1s1__group.3903__X011__Z65	192	2x2x2x2x2	18	18	0	1	explicit
x__3s2-1s1__group.3927__X010__Z1	192	2x2x2x2x2x2x2x2x2	512	512	0	1	explicit
x__3s2-1s1__group.3903__X011__Z125	192	2x2x2x2x2x2x2	80	80	0	1	explicit
x__3s2-1s1__group.3927__X010__Z35	192	2x2x2x2x2x2x2	128	128	0	1	explicit
x__2-2s2-1s2-1__group.2537__X10011__Z29	384	2x2x2x2x2	32	32	0	1	explicit
x__2-2s2-1s2-1__group.2537__X10011__Z21	384	2x2x2x2x2x2x2x2	256	256	0	1	explicit
x__3s2-1s1__group.3903__X011__Z107	192	2x2x2x2x2x2	64	64	0	1	explicit
x__2-2s2-1s2-1__group.2537__X10011__Z25	384	2x2x2x2x2x2x2x2x2x2x2x2	4096	4096	0	1	explicit
x__3s2-1s1__group.3903__X011__Z52	192	2x2x2x2x2x2	64	64	0	1	explicit
x__3s2-1s1__group.3927__X010__Z56	192	2x2x2x2x2x2x2	128	128	0	1	explicit
x__2-2s2-1s2-1__group.2537__X10011__Z15	384	2x2x2x2x2x2x2x2	256	256	0	1	explicit
x__3s2-1s1__group.3927__X010__Z8	192	2x2x2x2x2	32	32	0	1	explicit
x__3s2-1s1__group.3903__X011__Z123	192	2x2x2x2x2	32	32	0	1	explicit
x__2-2s2-1s2-1__group.2537__X10011__Z42	384	2x2x2x2x2x2x2	128	128	0	1	explicit
x__3s2-1s1__group.3903__X011__Z122	192	2x2x2x2x2	32	32	0	1	explicit
x__3s2-1s1__group.3903__X011__Z91	192	2x2x2x2x2x2x2	80	80	0	1	explicit
x__3s2-1s1__group.3903__X011__Z130	192	2x2x2x2x2	24	24	0	1	explicit
x__3s2-1s1__group.3927__X010__Z32	192	2x2x2x2x2x2x2	128	128	0	1	explicit
x__3s2-1s1__group.3903__X011__Z153	192	2x2x2x2x2x2x2	96	96	0	1	explicit
x__2-2s2-1s2-1__group.2537__X10011__Z19	384	2x2x2x2x2x2x2x2x2x2x2x2	4096	4096	0	1	explicit
x__2-2s2-1s2-1__group.2537__X10011__Z16	384	2x2x2x2x2x2x2x2	256	256	0	1	explicit
x__3s2-1s1__group.3927__X010__Z110	192	2x2x4	12	12	0	1	explicit
x__3s2-1s1__group.3927__X010__Z68	192	2x2x2x2	16	16	0	1	explicit
x__3s2-1s1__group.3903__X011__Z39	192	2x2x2x2x2x2	64	64	0	1	explicit
x__2-2s2-1s2-1__group.2537__X10011__Z22	384	2x2x2x2x2x2x2x2	256	256	0	1	explicit
x__3s2-1s1__group.3903__X011__Z31	192	2x2x2x2x2x2	64	64	0	1	explicit
x__3s2-1s1__group.3903__X011__Z124	192	2x2x2x2x2	32	32	0	1	explicit
x__2-2s2-1s2-1__group.2537__X10011__Z33	384	2x2x2x2x2x2x2x2	256	256	0	1	explicit
x__3s2-1s1__group.3903__X011__Z114	192	2x2x2x2x2x2x2x2x2	320	320	0	1	explicit
x__2-2s2-1s2-1__group.2537__X10011__Z23	384	2x2x2x2x2	32	32	0	1	explicit
x__3s2-1s1__group.3903__X011__Z7	192	2x2x2x2x2	32	32	0	1	explicit
x__3s2-1s1__group.3927__X010__Z116	192	2x2x2x2x2x2	64	64	0	1	explicit
x__3s2-1s1__group.3903__X011__Z8	192	2x2x2x2x2	24	24	0	1	explicit
x__2-2s2-1s2-1__group.2537__X10011__Z26	384	2x2x2x2x2x2x2x2	256	256	0	1	explicit
x__3s2-1s1__group.3927__X010__Z57	192	2x2x2x2x2	32	32	0	1	explicit
x__3s2-1s1__group.3927__X010__Z33	192	2x2x2x2x2x2x2	128	128	0	1	explicit
x__2-2s2-1s2-1__group.2537__X10011__Z11	384	2x2x2x2x2	32	32	0	1	explicit
x__3s2-1s1__group.3903__X011__Z37	192	2x2x2	8	8	0	1	explicit
x__3s2-1s1__group.3903__X011__Z36	192	2x2x2x2	12	12	0	1	explicit
x__3s2-1s1__group.3903__X011__Z12	192	2x2x2x2x2	20	20	0	1	explicit
x__3s2-1s1__group.3903__X011__Z113	192	2x2x2x2x2x2x2x2x2	512	512	0	1	explicit
x__2-2s2-1s2-1__group.2537__X10011__Z14	384	2x2x2x2x2x2x2x2	256	256	0	1	explicit
x__3s2-1s1__group.3927__X010__Z111	192	2x2x2x2	16	16	0	1	explicit
x__2-2s2-1s2-1__group.2537__X10011__Z34	384	2x2x2x2x2x2x2x2	256	256	0	1	explicit
x__3s2-1s1__group.3903__X011__Z9	192	2x2x2x2x2	32	32	0	1	explicit
x__2-2s2-1s2-1__group.2537__X10011__Z24	384	2x2x2x2x2x2x2	128	128	0	1	explicit
x__3s2-1s1__group.3903__X011__Z154	192	2x2x2x2	16	16	0	1	explicit
x__3s2-1s1__group.3903__X011__Z30	192	2x2x2x2x2x2	64	64	0	1	explicit
x__3s2-1s1__group.3903__X011__Z38	192	2x2x2	8	8	0	1	explicit
x__2-2s2-1s2-1__group.2537__X10011__Z10	384	2x2x2x2x2x2x2x2	256	256	0	1	explicit
x__3s2-1s1__group.3903__X011__Z15	192	2x2x2x2	12	12	0	1	explicit
x__2-2s2-1s2-1__group.2537__X10011__Z18	384	2x2x2x2x2x2x2	128	128	0	1	explicit
x__3s2-1s1__group.3903__X011__Z78	192	2x2x2x2	16	16	0	1	explicit
x__3s2-1s1__group.3903__X011__Z148	192	2x2x2x2x2x2x2x2x2	512	512	0	1	explicit
x__3s2-1s1__group.3903__X011__Z83	192	2x2x2x2x2x2	64	64	0	1	explicit
x__2-2s2-1s2-1__group.2537__X10011__Z13	384	2x2x2x2x2x2x2x2x2x2x2x2	4096	4096	0	1	explicit
x__3s2-1s1__group.3903__X011__Z152	192	2x2x2x2x2	32	32	0	1	explicit
x__3s2-1s1__group.3903__X011__Z57	192	2x2x2x2x2	24	24	0	1	explicit
x__2-2s2-1s2-1__group.2537__X10011__Z35	384	2x2x2x2x2	32	32	0	1	explicit
x__2-2s2-1s2-1__group.2537__X10011__Z39	384	2x2x2x2x2x2x2x2	256	256	0	1	explicit
x__3s2-1s1__group.3903__X011__Z6	192	2x2x2x2x2x2	64	64	0	1	explicit
x__3s2-1s1__group.3903__X011__Z139	192	2x2x2x2	16	16	0	1	explicit
x__3s2-1s1__group.3903__X011__Z90	192	2x2x2x2x2x2x2	96	96	0	1	explicit
x__3s2-1s1__group.3903__X011__Z141	192	2x2x2x2	16	16	0	1	explicit
x__3s2-1s1__group.3903__X011__Z40	192	2x2x2x2x2x2x2	128	128	0	1	explicit
x__3s2-1s1__group.3903__X011__Z48	192	2x2x2x2x2	32	32	0	1	explicit
x__2-2s2-1s2-1__group.2537__X10011__Z28	384	2x2x2x2x2x2x2x2	256	256	0	1	explicit
x__2-2s2-1s2-1__group.2537__X10011__Z27	384	2x2x2x2x2x2x2x2	256	256	0	1	explicit
x__3s2-1s1__group.3903__X011__Z23	192	2x2x2x2x2	18	18	0	1	explicit
x__3s2-1s1__group.3903__X011__Z50	192	2x2x2	8	8	0	1	explicit
x__2-2s2-1s2-1__group.2537__X10011__Z5	384	2x2x2x2x2	32	32	0	1	explicit
x__3s2-1s1__group.3903__X011__Z131	192	2x2x2x2x2	24	24	0	1	explicit
x__3s2-1s1__group.3903__X011__Z1	192	2x2x2x2x2x2x2	128	128	0	1	explicit
x__2-2s2-1s2-1__group.2537__X10011__Z32	384	2x2x2x2x2x2x2x2	256	256	0	1	explicit
x__3s2-1s1__group.3903__X011__Z146	192	2x2x2x2x2x2x2	96	96	0	1	explicit
x__2-2s2-1s2-1__group.2537__X10011__Z37	384	2x2x2x2x2x2x2x2x2x2x2x2	4096	4096	0	1	explicit
x__3s2-1s1__group.3903__X011__Z82	192	2	2	2	0	1	explicit
x__3s2-1s1__group.3903__X011__Z94	192	2x2x2x2x2x2x2	96	96	0	1	explicit
x__3s2-1s1__group.3903__X011__Z41	192	2x2x2x2x2x2x2	96	96	0	1	explicit
x__3s2-1s1__group.3903__X011__Z24	192	2x2x2x2	12	12	0	1	explicit
x__3s2-1s1__group.3903__X011__Z102	192	2x2x2x2x2x2x2	64	64	0	1	explicit
x__3s2-1s1__group.3903__X011__Z59	192	2x2	4	4	0	1	explicit
x__3s2-1s1__group.3903__X011__Z109	192	2x2x2x2x2	24	24	0	1	explicit
x__2-2s2-1s2-1__group.2537__X10011__Z17	384	2x2x2x2x2	32	32	0	1	explicit
x__2-2s2-1s2-1__group.2537__X10011__Z20	384	2x2x2x2x2x2x2x2	256	256	0	1	explicit
x__3s2-1s1__group.3903__X011__Z112	192	2x2x2x2x2x2	64	64	0	1	explicit
x__3s2-1s1__group.3903__X011__Z147	192	2x2x2x2x2x2	64	64	0	1	explicit
x__3s2-1s1__group.3903__X011__Z98	192	2x2x2x2x2x2x2	80	80	0	1	explicit
x__3s2-1s1__group.3903__X011__Z103	192	2x2x2x2x2x2	64	64	0	1	explicit
x__3s2-1s1__group.3903__X011__Z46	192	2x2x2x2x2	32	32	0	1	explicit
x__3s2-1s1__group.3903__X011__Z76	192	2x2x2x2	12	12	0	1	explicit
x__3s2-1s1__group.3903__X011__Z58	192	2x2x2x2x2	20	20	0	1	explicit
x__3s2-1s1__group.3903__X011__Z84	192	2x2x2x2	16	16	0	1	explicit
x__3s2-1s1__group.3903__X011__Z66	192	2x2x2x2x2	16	16	0	1	explicit
x__3s2-1s1__group.3903__X011__Z105	192	2x2x2x2x2	20	20	0	1	explicit
x__3s2-1s1__group.3903__X011__Z129	192	2x2x2x2x2x2x2	96	96	0	1	explicit
x__3s2-1s1__group.3903__X011__Z43	192	2x2x2x2x2	24	24	0	1	explicit
x__3s2-1s1__group.3903__X011__Z73	192	2x2x2x2x2x2x2	72	72	0	1	explicit
x__3s2-1s1__group.3903__X011__Z10	192	2x2x2x2x2	24	24	0	1	explicit
x__4-1s2-2__group.5585__X110__Z3	384	2x2x2x2x6	64	64	0	1	explicit
x__3s2-1s1__group.3903__X011__Z121	192	2x2x2x2x2x2x2	128	128	0	1	explicit
x__3s2-1s1__group.3903__X011__Z93	192	2x2x2x2x2x2x2	128	128	0	1	explicit
x__3s2-1s1__group.3903__X011__Z79	192	2x2x2x2	12	12	0	1	explicit
x__3s2-1s1__group.3903__X011__Z49	192	2x2x2x2x2	24	24	0	1	explicit
x__3s2-1s1__group.3903__X011__Z92	192	2x2x2x2x2x2x2	128	128	0	1	explicit
x__3s2-1s1__group.3903__X011__Z70	192	2x2x2x2x2x2	64	64	0	1	explicit
x__3s2-1s1__group.3903__X011__Z133	192	2x2x2x2x2x2x2	96	96	0	1	explicit
x__2-1s2-1s1s1__group.1340__X001110__Z22	256	2x2x2x2x2x2x2x2x2x2x2x2x2x2x2x2x2x2x2	91520	91520	0	1	burnside
x__3s2-1s1__group.3903__X011__Z111	192	2x2x2x2x2x2	40	40	0	1	explicit
x__3s2-1s1__group.3903__X011__Z88	192	2x2x2x2x2x2x2x2x2	320	320	0	1	explicit
x__4-1s2-2__group.5585__X110__Z4	384	2x2x6	16	16	0	1	explicit
x__3s2-1s1__group.3903__X011__Z45	192	2x2x2x2x2x2x2	96	96	0	1	explicit
x__2-1s2-1s1s1__group.1340__X001110__Z23	256	2x2x2x2x2x2x2x2x2x2x2x2x2x2	8704	8704	0	1	explicit
x__3s2-1s1__group.3903__X011__Z28	192	2x2x2x2	10	10	0	1	explicit
x__3s2-1s1__group.3903__X011__Z126	192	2x2x2x2x2x2x2	96	96	0	1	explicit
x__3s2-1s1__group.3903__X011__Z25	192	2x2x2x2	16	16	0	1	explicit
x__3s2-1s1__group.3903__X011__Z67	192	2x2x2x2x2	16	16	0	1	explicit
x__3s2-1s1__group.3903__X011__Z71	192	2x2x2x2	16	16	0	1	explicit
x__3s2-1s1__group.3903__X011__Z95	192	2x2x2x2x2x2x2	128	128	0	1	explicit
x__3s2-1s1__group.3903__X011__Z134	192	2x2x2x2x2	24	24	0	1	explicit
x__3s2-1s1__group.3903__X011__Z77	192	2x2x2x2	12	12	0	1	explicit
x__3s2-1s1__group.3903__X011__Z127	192	2x2x2x2x2x2x2	80	80	0	1	explicit
x__3s2-1s1__group.3903__X011__Z44	192	2x2x2x2x2	20	20	0	1	explicit
x__4-1s2-2__group.5585__X110__Z5	384	2x2x2x2x6	64	64	0	1	explicit
x__2-1s2-1s1s1__group.1340__X001110__Z25	256	2x2x2x2x2x2x2x2x2x2x2x2x2x2x2x2x2x2x2	266240	266240	0	1	burnside
x__3s2-1s1__group.3903__X011__Z42	192	2x2x2x2x2x2x2	80	80	0	1	explicit
x__3s2-1s1__group.3903__X011__Z17	192	2x2x2x2	16	16	0	1	explicit
x__3s2-1s1__group.3903__X011__Z119	192	2x2x2x2x2x2x2	128	128	0	1	explicit
x__3s2-1s1__group.3903__X011__Z22	192	2x2x2x2x2	20	20	0	1	explicit
x__3s2-1s1__group.3903__X011__Z85	192	2x2x2x2	16	16	0	1	explicit
x__2-1s2-1s1s1__group.1340__X001110__Z39	256	2x2x2x2x2x2x2x4	192	192	0	1	explicit
x__3s2-1s1__group.3903__X011__Z51	192	2x2x2	8	8	0	1	explicit
x__3s2-1s1__group.3903__X011__Z61	192	2x2x2x2x2	20	20	0	1	explicit
x__3s2-1s1__group.3903__X011__Z150	192	2x2x2x2x2x2x2	128	128	0	1	explicit
x__3s2-1s1__group.3903__X011__Z118	192	2x2x2x2x2x2x2	128	128	0	1	explicit
x__3s2-1s1__group.3903__X011__Z89	192	2x2x2x2x2x2x2	96	96	0	1	explicit
x__3s2-1s1__group.3903__X011__Z72	192	2x2x2x2	16	16	0	1	explicit
x__3s2-1s1__group.3903__X011__Z14	192	2x2x2x2x2x2x2	72	72	0	1	explicit
x__3s2-1s1__group.3903__X011__Z110	192	2x2x2x2x2	24	24	0	1	explicit
x__4-1s2-2__group.5585__X110__Z2	384	2x2x6	16	16	0	1	explicit
x__2-1s2-1s1s1__group.1340__X001110__Z38	256	2x2x2x2x2x2x2x4	288	288	0	1	explicit
x__4-1s2-2__group.5585__X110__Z9	384	2x2x2x2x6	64	64	0	1	explicit
x__2-1s2-1s1s1__group.1340__X001110__Z13	256	2x2x2x2x2x2x2x2x2	160	160	0	1	explicit
x__3s2-1s1__group.3903__X011__Z35	192	2x2x2x2	16	16	0	1	explicit
x__3s2-1s1__group.3903__X011__Z33	192	2x2x2x2	16	16	0	1	explicit
x__3s2-1s1__group.3903__X011__Z2	192	2x2x2x2x2x2x2	96	96	0	1	explicit
x__3s2-1s1__group.3903__X011__Z69	192	2x2x2x2x2x2	64	64	0	1	explicit
x__3s2-1s1__group.3903__X011__Z120	192	2x2x2x2x2x2x2	96	96	0	1	explicit
x__3s2-1s1__group.3903__X011__Z29	192	2x2x2x2	12	12	0	1	explicit
x__2-1s2-1s1s1__group.1340__X001110__Z30	256	2x2x2x2x2x2x2x2x2x2	640	640	0	1	explicit
x__3s2-1s1__group.3903__X011__Z86	192	2x2x2x2	16	16	0	1	explicit
x__3s2-1s1__group.3903__X011__Z13	192	2x2x2x2x2x2	64	64	0	1	explicit
x__3s2-1s1__group.3903__X011__Z117	192	2x2x2x2x2x2x2	80	80	0	1	explicit
x__3s2-1s1__group.3903__X011__Z32	192	2x2x2x2	16	16	0	1	explicit
x__4-1s2-2__group.5585__X110__Z12	384	2x2x2	8	8	0	1	explicit
x__3s2-1s1__group.3903__X011__Z56	192	2x2x2x2	16	16	0	1	explicit
x__3s2-1s1__group.3903__X011__Z5	192	2x2x2x2x2	20	20	0	1	explicit
x__3s2-1s1__group.3903__X011__Z34	192	2x2x2x2x2x2	64	64	0	1	explicit
x__4-1s2-2__group.5585__X110__Z7	384	2x2x2x2x2	32	32	0	1	explicit
x__3s2-1s1__group.3903__X011__Z145	192	2x2x2x2x2x2x2	128	128	0	1	explicit
x__2-1s2-1s1s1__group.1340__X001110__Z54	256	2x2x2x2x2x2x2x2x2x2x2x2x2	4224	4224	0	1	explicit
x__2-1s2-1s1s1__group.1340__X001110__Z14	256	2x2x2x2x2x2x2x2x2x2x2x2x2x2x2x2x2x2x2	266240	266240	0	1	burnside
x__3s2-1s1__group.3903__X011__Z16	192	2x2x2x2x2x2	64	64	0	1	explicit
x__3s2-1s1__group.3903__X011__Z47	192	2x2x2x2x2	32	32	0	1	explicit
x__3s2-1s1__group.3903__X011__Z128	192	2x2x2x2x2	24	24	0	1	explicit
x__3s2-1s1__group.3903__X011__Z68	192	2x2x2x2x2	20	20	0	1	explicit
x__4-2s1c1__group.5931__X101__Z2	144	2x2x2	6	6	0	1	explicit
x__3s2-1s1__group.3903__X011__Z135	192	2x2x2x2x2	20	20	0	1	explicit
x__3s2-1s1__group.3903__X011__Z4	192	2x2x2x2x2	24	24	0	1	explicit
x__3s2-1s1__group.3903__X011__Z81	192	2x2	3	3	0	1	explicit
x__3s2-1s1__group.3903__X011__Z60	192	2x2x2x2x2x2x2	80	80	0	1	explicit
x__4-1s2-2__group.5585__X110__Z1	384	2x2x2x2x6	64	64	0	1	explicit
x__3s2-1s1__group.3903__X011__Z142	192	2x2x2x2x2x2x2x2x2	512	512	0	1	explicit
x__2-1s2-1s1s1__group.1340__X001110__Z37	256	2x2x2x2x2x2x2x2x2x2x2x2x2	5120	5120	0	1	explicit
x__3s2-1s1__group.3903__X011__Z11	192	2x2x2x2x2	24	24	0	1	explicit
x__3s2-1s1__group.3903__X011__Z132	192	2x2x2x2x2	24	24	0	1	explicit
x__3s2-1s1__group.3903__X011__Z143	192	2x2x2x2x2x2x2	96	96	0	1	explicit
x__4-2s1c1__group.5931__X101__Z1	144	2x2x2x2x2x2	15	15	0	1	explicit
x__3s2-1s1__group.3903__X011__Z3	192	2x2x2x2x2x2x2	80	80	0	1	explicit
x__3s2-1s1__group.3903__X011__Z75	192	2x2x2x2	12	12	0	1	explicit
x__2-1s2-1s1s1__group.1340__X001110__Z48	256	2x2x2x2x2x2x2x2x2x2x2x2x2	4224	4224	0	1	explicit
x__4-1s2-2__group.5585__X110__Z6	384	2x2x6	16	16	0	1	explicit
x__3s2-1s1__group.3903__X011__Z74	192	2x2x2x2	16	16	0	1	explicit
x__2-1s2-1s1s1__group.1340__X001110__Z53	256	2x2x2x2x2x2x2x2x2x2x2x2x2x2	2864	2864	0	1	explicit
x__3s2-1s1__group.3903__X011__Z104	192	2x2x2x2x2	24	24	0	1	explicit
x__3s2-1s1__group.3903__X011__Z151	192	2x2x2x2x2x2x2	128	128	0	1	explicit
x__3s2-1s1__group.3903__X011__Z18	192	2x2x2x2x2	24	24	0	1	explicit
x__2-1s2-1s1s1__group.1340__X001110__Z57	256	2x2x2x2x2x2x2x2x2x2x2x2x2x2x2x2x2x2x2	89472	89472	0	1	burnside
x__3s2-1s1__group.3903__X011__Z144	192	2x2x2x2x2x2x2	128	128	0	1	explicit
x__3s2-1s1__group.3903__X011__Z21	192	2x2x2x2x2x2	64	64	0	1	explicit
x__2-1s2-1s1s1__group.1340__X001110__Z45	256	2x2x2x2x2x2x2x2x2x2x2x2x2x2	8320	8320	0	1	explicit
x__3s2-1s1__group.3903__X011__Z80	192	2x2	4	4	0	1	explicit
x__2-1s2-1s1s1__group.1340__X001110__Z10	256	2x2x2x2x2x2x2x2x2x2x2x2x2x2x2	18432	18432	0	1	explicit
x__2-1s2-1s1s1__group.1340__X001110__Z40	256	2x2x2x2x2x2x2x2x2	320	320	0	1	explicit
x__4-1s2-2__group.5585__X110__Z8	384	2x2x2	8	8	0	1	explicit
x__3s2-1s1__group.3903__X011__Z27	192	2x2x2x2	12	12	0	1	explicit
x__2-1s2-1s1s1__group.1340__X001110__Z3	256	2x2x2x2x2x2x2x2x2x2x2x2x2x2x2x2x2x2x2	294912	294912	0	1	burnside
x__2-2s2-1s1s1__group.2150__X010__Z35	48	2x2x2x2x2x2	64	64	0	1	explicit
x__2-1s2-1s1s1__group.1340__X001110__Z46	256	2x2x2x2x2x2x2x2x2x2x2x2x2	5120	5120	0	1	explicit
x__2-1s2-1s1s1__group.1340__X001110__Z5	256	2x2x2x2x2x2x2x2x2x2x2x2x2x4	7680	7680	0	1	explicit
x__3s2-1s1__group.3903__X011__Z116	192	2x2x2x2x2x2x2	96	96	0	1	explicit
x__2-2s2-1s1s1__group.2150__X010__Z29	48	2x2x2x2x2	32	32	0	1	explicit
x__2-1s2-1s1s1__group.1340__X001110__Z7	256	2x2x2x2x2x2x2x2x2x2x2x2x2x2x2x2x2x2x2x2	178944	178944	0	1	burnside
x__3s2-1s1__group.3903__X011__Z19	192	2x2x2x2x2	20	20	0	1	explicit
x__3s2-1s1__group.3903__X011__Z87	192	2x2x2x2x2x2x2x2x2	512	512	0	1	explicit
x__2-1s2-1s1s1__group.1340__X001110__Z1	256	2x2x2x2x2x2x2x2x2x2x2x2x2x2x2x2x2x2x2x2x2x2x2x2x2	5658624	5658624	0	1	burnside
x__4-1s2-2__group.5585__X110__Z10	384	2x2x6	16	16	0	1	explicit
x__3s2-1s1__group.3903__X011__Z20	192	2x2x2x2	12	12	0	1	explicit
x__2-2s2-1s1s1__group.2150__X010__Z32	48	2x2x2x2x2x2	64	64	0	1	explicit
x__2-1s2-1s1s1__group.1340__X001110__Z44	256	2x2x2x2x2x2x2x2x2x2x2x2x2x2	8448	8448	0	1	explicit
x__2-2s2-1s1s1__group.2150__X010__Z16	48	2x2x2	8	8	0	1	explicit
x__3s2-1s1__group.3903__X011__Z26	192	2x2x2x2	9	9	0	1	explicit
x__2-2s2-1s1s1__group.2150__X010__Z21	48	2x2x2x2x2	32	32	0	1	explicit
x__2-1s2-1s1s1__group.1340__X001110__Z47	256	2x2x2x2x2x2x2x2x2x2x2x2x2x2	8448	8448	0	1	explicit
x__2-1s2-1s1s1__group.1340__X001110__Z2	256	2x2x2x2x2x2x2x2x2x2x2x2x2x2x2x2x2x2x2x2	528384	528384	0	1	burnside
x__2-2s2-1s1s1__group.2150__X010__Z3	48	2x2x2x2x2	32	32	0	1	explicit
x__2-1s2-1s1s1__group.1340__X001110__Z41	256	2x2x2x2x2x2x2x2	192	192	0	1	explicit
x__4-1s2-2__group.5585__X110__Z11	384	2x2x2x2x2	32	32	0	1	explicit
x__2-1s2-1s1s1__group.1340__X001110__Z6	256	2x2x2x2x2x2x2x2x2x2x2	640	640	0	1	explicit
x__2-1s2-1s1s1__group.1340__X001110__Z32	256	2x2x2x2x2x2x2x2x2x2x2x2x2x2	16384	16384	0	1	explicit
x__2-2s2-1s1s1__group.2150__X010__Z60	48	2x2x2x2x2x2	64	64	0	1	explicit
x__2-2s2-1s1s1__group.2150__X010__Z65	48	2x2x2x2x2	32	32	0	1	explicit
x__2-1s2-1s1s1__group.1340__X001110__Z4	256	2x2x2x2x2x2x2x2x2x2x2x2x2x2x2	18432	18432	0	1	explicit
x__2-2s2-1s1s1__group.2150__X010__Z19	48	2x2x2	8	8	0	1	explicit
x__2-2s2-1s1s1__group.2150__X010__Z11	48	2x2x2x2	16	16	0	1	explicit
x__2-2s2-1s1s1__group.2150__X010__Z48	48	2x2x2x2x2	32	32	0	1	explicit
x__2-2s2-1s1s1__group.2150__X010__Z4	48	2x2x2x2x2	32	32	0	1	explicit
x__2-1s2-1s1s1__group.1340__X001110__Z43	256	2x2x2x2x2x2x2x2x2x2x2x2x2x2x2x2x2x2x2	264192	264192	0	1	burnside
x__2-1s2-1s1s1__group.1340__X001110__Z49	256	2x2x2x2x2x2x2x2x2x2x2x2x2	5120	5120	0	1	explicit
x__2-1s2-1s1s1__group.1340__X001110__Z52	256	2x2x2x2x2x2x2x2x2x2x2x2x2x2x2x2x2x2x2	89472	89472	0	1	burnside
x__2-2s2-1s1s1__group.2150__X010__Z39	48	2x2x2x2x2x2x2x2	256	256	0	1	explicit
x__2-2s2-1s1s1__group.2150__X010__Z76	48	2x4	6	6	0	1	explicit
x__2-2s2-1s1s1__group.2150__X010__Z26	48	2x2x2x2x2	32	32	0	1	explicit
x__2-2s2-1s1s1__group.2150__X010__Z58	48	2x2x2x2x2x2	64	64	0	1	explicit
x__2-1s2-1s1s1__group.1340__X001110__Z15	256	2x2x2x2x2x2x2x2x2x2x2x2x2x2	10240	10240	0	1	explicit
x__2-2s2-1s1s1__group.2150__X010__Z18	48	2x2x2	8	8	0	1	explicit
x__2-1s2-1s1s1__group.1340__X001110__Z35	256	2x2x2x2x2x2x2x2x2	512	512	0	1	explicit
x__2-1s2-1s1s1__group.1340__X001110__Z56	256	2x2x2x2x2x2x2x2x2x2x2x2x2	4224	4224	0	1	explicit
x__2-2s2-1s1s1__group.2150__X010__Z41	48	2x2x2x2x2	32	32	0	1	explicit
x__2-2s2-1s1s1__group.2150__X010__Z5	48	2x2x4	12	12	0	1	explicit
x__2-1s2-1s1s1__group.1340__X001110__Z19	256	2x2x2x2x2x2x2x2x2x2x2x2x2x2	16384	16384	0	1	explicit
x__2-2s2-1s1s1__group.2150__X010__Z6	48	2x2x2x2x2x2	64	64	0	1	explicit
x__2-2s2-1s1s1__group.2150__X010__Z49	48	2x2x2	8	8	0	1	explicit
x__2-1s2-1s1s1__group.1340__X001110__Z11	256	2x2x2x2x2x2x2x2x2x2x2x2	2304	2304	0	1	explicit
x__2-2s2-1s1s1__group.2150__X010__Z37	48	2x2x2x2	16	16	0	1	explicit
x__2-2s2-1s1s1__group.2150__X010__Z67	48	2x2x2	8	8	0	1	explicit
x__2-2s2-1s1s1__group.2150__X010__Z10	48	2x2x2x2	16	16	0	1	explicit
x__2-2s2-1s1s1__group.2150__X010__Z27	48	2x2x2x2x2x2x2x2	256	256	0	1	explicit
x__2-2s2-1s1s1__group.2150__X010__Z2	48	2x2x2x2x2	32	32	0	1	explicit
x__2-2s2-1s1s1__group.2150__X010__Z68	48	2x2x2	8	8	0	1	explicit
x__2-2s2-1s1s1__group.2150__X010__Z46	48	2x2x2	8	8	0	1	explicit
x__2-1s2-1s1s1__group.1340__X001110__Z55	256	2x2x2x2x2x2x2x2x2x2x2x2x2x2	8320	8320	0	1	explicit
x__2-1s2-1s1s1__group.1340__X001110__Z12	256	2x2x2x2x2x2x2x2x2x2x4	960	960	0	1	explicit
x__2-2s2-1s1s1__group.2150__X010__Z8	48	2x2x2x2	16	16	0	1	explicit
x__2-2s2-1s1s1__group.2150__X010__Z71	48	2x2x2	8	8	0	1	explicit
x__2-1s2-1s1s1__group.1340__X001110__Z51	256	2x2x2x2x2x2x2x2x2x2x2x2x2x2	2992	2992	0	1	explicit
x__2-2s2-1s1s1__group.2150__X010__Z51	48	2x2x2	8	8	0	1	explicit
x__2-1s2-1s1s1__group.1340__X001110__Z26	256	2x2x2x2x2x2x2x2x2x2x2x2x2x2	8704	8704	0	1	explicit
x__2-2s2-1s1s1__group.2150__X010__Z30	48	2x2x2x2x2	32	32	0	1	explicit
x__2-2s2-1s1s1__group.2150__X010__Z20	48	2x2x2	8	8	0	1	explicit
x__2-2s2-1s1s1__group.2150__X010__Z57	48	2x2x2x2x2x2	64	64	0	1	explicit
x__2-2s2-1s1s1__group.2150__X010__Z28	48	2x2x2x2x2	32	32	0	1	explicit
x__2-2s2-1s1s1__group.2150__X010__Z12	48	2x2x2	8	8	0	1	explicit
x__2-2s2-1s1s1__group.2150__X010__Z31	48	2x2x4	12	12	0	1	explicit
x__2-1s2-1s1s1__group.1340__X001110__Z36	256	2x2x2x2x2x2x2x2x4	384	384	0	1	explicit
x__2-2s2-1s2-1__group.2696__T__Z21	96	2x2x2x2x4	36	36	0	1	explicit
x__2-2s2-1s1s1__group.2150__X010__Z25	48	2x4	6	6	0	1	explicit
x__2-2s2-1s1s1__group.2150__X010__Z69	48	2x2x2x2x2	32	32	0	1	explicit
x__2-1s2-1s1s1__group.1340__X001110__Z29	256	2x2x2x2x2x2x2x2x2x2x2x2x2x2	8704	8704	0	1	explicit
x__2-2s2-1s1s1__group.2150__X010__Z15	48	2x2x2	8	8	0	1	explicit
x__2-2s2-1s1s1__group.2150__X010__Z50	48	2x2x2x2x2	32	32	0	1	explicit
x__2-2s2-1s1s1__group.2150__X010__Z64	48	2x2x2x2x2	32	32	0	1	explicit
x__2-1s2-1s1s1__group.1340__X001110__Z8	256	2x2x2x2x2x2x2x2x2x2x2x2x2x2x2x2x2x2x2x2	528384	528384	0	1	burnside
x__2-2s2-1s1s1__group.2150__X010__Z36	48	2x2x2x2	16	16	0	1	explicit
x__2-2s2-1s1s1__group.2150__X010__Z74	48	2x2x2	8	8	0	1	explicit
x__2-2s2-1s1s1__group.2150__X010__Z17	48	2x2x2x2x2	32	32	0	1	explicit
x__2-1s2-1s1s1__group.1340__X001110__Z24	256	2x2x2x2x2x2x2x2x2x2x2x2x2x2	10240	10240	0	1	explicit
x__2-1s2-1s1s1__group.1340__X001110__Z21	256	2x2x2x2x2x2x2x2x4	480	480	0	1	explicit
x__2-2s2-1s2-1__group.2696__T__Z26	96	2x2x2x2x2x2	40	40	0	1	explicit
x__2-2s2-1s1s1__group.2150__X010__Z22	48	2x2x2	8	8	0	1	explicit
x__2-2s2-1s1s1__group.2150__X010__Z23	48	2x4	6	6	0	1	explicit
x__2-1s2-1s1s1__group.1340__X001110__Z31	256	2x2x2x2x2x2x2x2x2x2x2x2x2	5120	5120	0	1	explicit
x__2-2s2-1s1s1__group.2150__X010__Z63	48	2x2x2	8	8	0	1	explicit
x__2-2s2-1s1s1__group.2150__X010__Z56	48	2x2x4	12	12	0	1	explicit
x__2-2s2-1s1s1__group.2150__X010__Z73	48	2x2x2x2x2	32	32	0	1	explicit
x__2-2s2-1s1s1__group.2150__X010__Z38	48	2x2x2	8	8	0	1	explicit
x__2-2s2-1s1s1__group.2150__X010__Z59	48	2x2x2x2	16	16	0	1	explicit
x__2-2s2-1s1s1__group.2150__X010__Z43	48	2x2x2	8	8	0	1	explicit
x__2-2s2-1s2-1__group.2696__T__Z19	96	2x2x2x2x4	40	40	0	1	explicit
x__2-1s2-1s1s1__group.1340__X001110__Z34	256	2x2x2x2x2x2x2x4	288	288	0	1	explicit
x__2-2s2-1s2-1__group.2696__T__Z18	96	2x2x2x2x4	48	48	0	1	explicit
x__2-1s2-1s1s1__group.1340__X001110__Z16	256	2x2x2x2x2x2x2x2x2x2x2x2x4	7680	7680	0	1	explicit
x__2-2s2-1s1s1__group.2150__X010__Z24	48	2x4	6	6	0	1	explicit
x__2-2s2-1s1s1__group.2150__X010__Z14	48	2x2x2x2x2	32	32	0	1	explicit
x__2-2s2-1s1s1__group.2150__X010__Z45	48	2x2x2x2x2	32	32	0	1	explicit
x__2-1s2-1s1s1__group.1340__X001110__Z28	256	2x2x2x2x2x2x2x2x2x2	768	768	0	1	explicit
x__2-2s2-1s1s1__group.2150__X010__Z53	48	2x4	6	6	0	1	explicit
x__2-2s2-1s1s1__group.2150__X010__Z55	48	2x4	6	6	0	1	explicit
x__2-2s2-1s1s1__group.2150__X010__Z66	48	2x2x2x2x2	32	32	0	1	explicit
x__2-2s2-1s1s1__group.2150__X010__Z33	48	2x2x2x2x2x2	64	64	0	1	explicit
x__2-2s2-1s1s1__group.2150__X010__Z44	48	2x2x2x2x2	32	32	0	1	explicit
x__2-2s2-1s2-1__group.2696__T__Z10	96	2x2x2x2x2x2x2x4	256	256	0	1	explicit
x__2-2s2-1s2-1__group.2696__T__Z12	96	2x2x2x2x2x2x2	80	80	0	1	explicit
x__2-2s2-1s2-1__group.2696__T__Z20	96	2x2x2x2	16	16	0	1	explicit
x__2-1s2-1s1s1__group.1340__X001110__Z33	256	2x2x2x2x2x2x2x2x2x2	640	640	0	1	explicit
x__2-2s2-1s1s1__group.2150__X010__Z47	48	2x2x2	8	8	0	1	explicit
x__2-2s2-1s1s1__group.2150__X010__Z13	48	2x2x2x2x2	32	32	0	1	explicit
x__2-2s2-1s1s1__group.2150__X010__Z54	48	2x4	6	6	0	1	explicit
x__2-1s2-1s1s1__group.1340__X001110__Z20	256	2x2x2x2x2x2x2x2x2x2	640	640	0	1	explicit
x__2-2s2-1s1s1__group.2150__X010__Z61	48	2x2x2x2	16	16	0	1	explicit
x__2-2s2-1s1s1__group.2150__X010__Z34	48	2x2x2x2	16	16	0	1	explicit
x__2-2s2-1s1s1__group.2150__X010__Z72	48	2x2x2	8	8	0	1	explicit
x__2-2s2-1s1s1__group.2150__X010__Z52	48	2x2x2x2x2	32	32	0	1	explicit
x__2-2s2-1s1s1__group.2150__X010__Z42	48	2x2x2	8	8	0	1	explicit
x__2-2s2-1s2-1__group.2696__T__Z17	96	2x2x2x2x2x2x2	80	80	0	1	explicit
x__2-2s2-1s2-1__group.2696__T__Z15	96	2x2x2x2x4	36	36	0	1	explicit
x__2-2s2-1s2-1__group.2696__T__Z4	96	2x2x2x2x2x4	64	64	0	1	explicit
x__2-1s2-1s1s1__group.1340__X001110__Z17	256	2x2x2x2x2x2x2x2x2x2x2x2x2x2x2x2x2x2x2	264192	264192	0	1	burnside
x__2-2s2-1s1s1__group.2150__X010__Z9	48	2x2x2x2x2x2	64	64	0	1	explicit
x__2-2s2-1s1s1__group.2150__X010__Z62	48	2x2x2x2	16	16	0	1	explicit
x__2-2s2-1s1s1__group.2150__X010__Z78	48	2x2x2x2x2	32	32	0	1	explicit
x__2-2s2-1s1s1__group.2150__X010__Z70	48	2x2x2	8	8	0	1	explicit
x__2-2s2-1s1s1__group.2150__X010__Z75	48	2x4	6	6	0	1	explicit
x__2-2s2-1s2-1__group.2696__T__Z16	96	2x2x2x2x2x2x2x4	256	256	0	1	explicit
x__2-2s2-1s2-1__group.2696__T__Z3	96	2x2x2x2x2x4	72	72	0	1	explicit
x__4-1s2-1__group.5233__X0100__Z123	64	2x2x2x2x2x2x2x2	144	144	0	1	explicit
x__2-2s2-1s2-1__group.2696__T__Z23	96	2x2x2x2x2x2	48	48	0	1	explicit
x__4-1s2-1__group.5233__X0100__Z76	64	2x2x2x2x2x2	40	40	0	1	explicit
x__2-1s2-1s1s1__group.1340__X001110__Z18	256	2x2x2x2x2x2x2x2x2x2x2x2x2x2x2	32768	32768	0	1	explicit
x__2-2s2-1s1s1__group.2150__X010__Z7	48	2x2x2x2x2x2	64	64	0	1	explicit
x__2-2s2-1s1s1__group.2150__X010__Z40	48	2x2x2x2x2	32	32	0	1	explicit
x__2-2s2-1s1s1__group.2150__X010__Z77	48	2x4	6	6	0	1	explicit
x__4-1s2-1__group.5233__X0100__Z25	64	2x2x2x2x2	24	24	0	1	explicit
x__2-1s2-1s1s1__group.1340__X001110__Z9	256	2x2x2x2x2x2x2x2x2x2x2x2x2x2x2x2	33280	33280	0	1	explicit
x__2-2s2-1s2-1__group.2696__T__Z11	96	2x2x2x2x4	48	48	0	1	explicit
x__2-2s2-1s2-1__group.2696__T__Z24	96	2x2x2x2x2x2	48	48	0	1	explicit
x__2-2s2-1s2-1__group.2696__T__Z2	96	2x2x2x2x2x4	72	72	0	1	explicit
x__4-1s2-1__group.5233__X0100__Z24	64	2x2x2x2	16	16	0	1	explicit
x__4-1s2-1__group.5233__X0100__Z115	64	2x2x2x2x2	20	20	0	1	explicit
x__4-1s2-1__group.5233__X0100__Z99	64	2x2x2x2x2x2x2x2x2	320	320	0	1	explicit
x__4-1s2-1__group.5233__X0100__Z65	64	2x2x2x2x2	20	20	0	1	explicit
x__2-2s2-1s1s1__group.2150__X010__Z1	48	2x2x2x2x2x2x2x2	256	256	0	1	explicit
x__4-1s2-1__group.5233__X0100__Z136	64	2x2x2x2x2x2	40	40	0	1	explicit
x__4-1s2-1__group.5233__X0100__Z82	64	2x2x2x2x2x2x2	48	48	0	1	explicit
x__4-1s2-1__group.5233__X0100__Z1	64	2x2x2x2x2x2x2x2x2	224	224	0	1	explicit
x__2-2s2-1s2-1__group.2696__T__Z7	96	2x2x2x2x4	48	48	0	1	explicit
x__2-1s2-1s1s1__group.1340__X001110__Z27	256	2x2x2x2x2x2x2x2x2x2x2x2x2x2	10240	10240	0	1	explicit
x__2-2s2-1s2-1__group.2696__T__Z27	96	2x2x2x2x2x2x2	80	80	0	1	explicit
x__2-2s2-1s2-1__group.2696__T__Z5	96	2x2x2x2x2	24	24	0	1	explicit
x__4-1s2-1__group.5233__X0100__Z111	64	2x2x2x2x2	20	20	0	1	explicit
x__4-1s2-1__group.5233__X0100__Z55	64	2x2x2x2x2	32	32	0	1	explicit
x__2-1s2-1s1s1__group.1340__X001110__Z50	256	2x2x2x2x2x2x2x2x2x2x2x2x2	8192	8192	0	1	explicit
x__4-1s2-1__group.5233__X0100__Z112	64	2x2x2x2x2x2x2x2	144	144	0	1	explicit
x__4-1s2-1__group.5233__X0100__Z62	64	2x2x2x2x2x2x2x2	160	160	0	1	explicit
x__4-1s2-1__group.5233__X0100__Z23	64	2x2x2x2x2x2x2	56	56	0	1	explicit
x__4-1s2-1__group.5233__X0100__Z131	64	2x2x2x2x2	24	24	0	1	explicit
x__2-2s2-1s2-1__group.2696__T__Z9	96	2x2x2x2x4	48	48	0	1	explicit
x__4-1s2-1__group.5233__X0100__Z79	64	2x2x2x2x2x2x2x2x2	288	288	0	1	explicit
x__2-2s2-1s2-1__group.2696__T__Z25	96	2x2x2x2x2x2x2x4	224	224	0	1	explicit
x__4-1s2-1__group.5233__X0100__Z116	64	2x2x2x2x2	20	20	0	1	explicit
x__4-1s2-1__group.5233__X0100__Z40	64	2x2x2x2x4	40	40	0	1	explicit
x__2-1s2-1s1s1__group.1340__X001110__Z42	256	2x2x2x2x2x2x2x2x2x2x2x2x2x2x2x2x2x2x2	89472	89472	0	1	burnside
x__4-1s2-1__group.5233__X0100__Z28	64	2x2x2x2x2x2	48	48	0	1	explicit
x__4-1s2-1__group.5233__X0100__Z113	64	2x2x2x2x2x2x2x2	144	144	0	1	explicit
x__4-1s2-1__group.5233__X0100__Z97	64	2x2x2x2x2x2	40	40	0	1	explicit
x__4-1s2-1__group.5233__X0100__Z72	64	2x2x2x2x2x2x2x2x2x2x2x2	2176	2176	0	1	explicit
x__4-1s2-1__group.5233__X0100__Z7	64	2x2x2x2x2x2x2x2x2	224	224	0	1	explicit
x__4-1s2-1__group.5233__X0100__Z130	64	2x2x2x2x2	24	24	0	1	explicit
x__4-1s2-1__group.5233__X0100__Z96	64	2x2x2x2x2x2x2x2x2	176	176	0	1	explicit
x__2-2s2-1s2-1__group.2696__T__Z22	96	2x2x2x2x2x2x4	160	160	0	1	explicit
x__2-2s2-1s2-1__group.2696__T__Z8	96	2x2x4	12	12	0	1	explicit
x__4-1s2-1__group.5233__X0100__Z16	64	2x2x2x2x2x2x2x2x2x2x2x2	2112	2112	0	1	explicit
x__4-1s2-1__group.5233__X0100__Z46	64	2x2x2x2x2x2	36	36	0	1	explicit
x__4-1s2-1__group.5233__X0100__Z129	64	2x2x2x2x2x2x2x2	144	144	0	1	explicit
x__4-1s2-1__group.5233__X0100__Z10	64	2x2x2x2x2x2	40	40	0	1	explicit
x__4-1s2-1__group.5233__X0100__Z114	64	2x2x2x2x2x2x2x2	144	144	0	1	explicit
x__4-1s2-1__group.5233__X0100__Z78	64	2x2x2x2x2x2x2x2x2	176	176	0	1	explicit
x__4-1s2-1__group.5233__X0100__Z69	64	2x2x2x2x2	32	32	0	1	explicit
x__4-1s2-1__group.5233__X0100__Z63	64	2x2x2x2x2x2	40	40	0	1	explicit
x__2-2s2-1s2-1__group.2696__T__Z6	96	2x2x4x4	36	36	0	1	explicit
x__4-1s2-1__group.5233__X0100__Z44	64	2x2x2x2x2x2x2x2x2	240	240	0	1	explicit
x__4-1s2-1__group.5233__X0100__Z54	64	2x2x2x2x2	32	32	0	1	explicit
x__2-2s2-1s2-1__group.2696__T__Z14	96	2x2x2x2	16	16	0	1	explicit
x__4-1s2-1__group.5233__X0100__Z15	64	2x2x2x2x4	40	40	0	1	explicit
x__4-1s2-1__group.5233__X0100__Z108	64	2x2x2x4	20	20	0	1	explicit
x__4-1s2-1__group.5233__X0100__Z117	64	2x2x2x2x2x2x2x2	144	144	0	1	explicit
x__4-1s2-1__group.5233__X0100__Z41	64	2x2x2x2x2x2	64	64	0	1	explicit
x__4-1s2-1__group.5233__X0100__Z2	64	2x2x2x2x2x2x2x4	192	192	0	1	explicit
x__4-1s2-1__group.5233__X0100__Z29	64	2x2x2x2x2x2x2x2x2x2x2x2	2112	2112	0	1	explicit
x__4-1s2-1__group.5233__X0100__Z122	64	2x2x2x2x2x2	32	32	0	1	explicit
x__4-1s2-1__group.5233__X0100__Z47	64	2x2x2x2x2x2x2x2	160	160	0	1	explicit
x__4-1s2-1__group.5233__X0100__Z51	64	2x2x2x2x2x2x2x2	256	256	0	1	explicit
x__4-1s2-1__group.5233__X0100__Z64	64	2x2x2x2	12	12	0	1	explicit
x__2-2s2-1s2-1__group.2696__T__Z13	96	2x2x2x2x4	40	40	0	1	explicit
x__2-2s2-1s2-1__group.2696__T__Z1	96	2x2x2x2x2x2x2x2x4	448	448	0	1	explicit
x__4-1s2-1__group.5233__X0100__Z53	64	2x2x2x2x2x2x2x2	256	256	0	1	explicit
x__4-1s2-1__group.5233__X0100__Z88	64	2x2x2x2x2	20	20	0	1	explicit
x__4-1s2-1__group.5233__X0100__Z137	64	2x2x2x2x2	24	24	0	1	explicit
x__4-1s2-1__group.5233__X0100__Z12	64	2x2x2x2x2x2x2x4	192	192	0	1	explicit
x__4-1s2-1__group.5233__X0100__Z128	64	2x2x2x2x2x2x2x2	144	144	0	1	explicit
x__4-1s2-1__group.5233__X0100__Z48	64	2x2x2x2x2x2	40	40	0	1	explicit
x__4-1s2-1__group.5233__X0100__Z89	64	2x2x2x2	12	12	0	1	explicit
x__4-1s2-1__group.5233__X0100__Z13	64	2x2x2x2x2x2	48	48	0	1	explicit
x__4-1s2-1__group.5233__X0100__Z125	64	2x2x2x2	16	16	0	1	explicit
x__4-1s2-1__group.5233__X0100__Z26	64	2x2x2x2	16	16	0	1	explicit
x__4-1s2-1__group.5233__X0100__Z67	64	2x2x2x2x2x2x2x2	256	256	0	1	explicit
x__4-1s2-1__group.5233__X0100__Z43	64	2x2x2x2x2x2x2x2	160	160	0	1	explicit
x__4-1s2-1__group.5233__X0100__Z90	64	2x2x2x2	12	12	0	1	explicit
x__4-1s2-1__group.5233__X0100__Z124	64	2x2x2x2x2x2	48	48	0	1	explicit
x__4-1s2-1__group.5233__X0100__Z98	64	2x2x2x2x2x2	40	40	0	1	explicit
x__4-1s2-1__group.5233__X0100__Z9	64	2x2x2x2x2x2x2x2x2	224	224	0	1	explicit
x__4-1s2-1__group.5233__X0100__Z95	64	2x2x2x2x2x2x2	64	64	0	1	explicit
x__4-1s2-1__group.5233__X0100__Z110	64	2x2x2x2x2	20	20	0	1	explicit
x__4-1s2-1__group.5233__X0100__Z101	64	2x2x2x2x2	20	20	0	1	explicit
x__4-1s2-1__group.5233__X0100__Z83	64	2x2x2x2x2	24	24	0	1	explicit
x__4-1s2-1__group.5233__X0100__Z42	64	2x2x2x2x2x2x2x2x2	320	320	0	1	explicit
x__4-1s2-1__group.5233__X0100__Z8	64	2x2x2x2x2x2x2x4	192	192	0	1	explicit
x__4-1s2-1__group.5233__X0100__Z4	64	2x2x2x2x2x2	32	32	0	1	explicit
x__4-1s2-1__group.5233__X0100__Z85	64	2x2x2x2x2x2	40	40	0	1	explicit
x__4-1s2-1__group.5233__X0100__Z93	64	2x2x2x2x2x2x2	80	80	0	1	explicit
x__4-1s2-1__group.5233__X0100__Z138	64	2x2x2x2x2x2x2x2	144	144	0	1	explicit
x__4-1s2-1__group.5233__X0100__Z19	64	2x2x2x2x2x2	64	64	0	1	explicit
x__4-1s2-1__group.5233__X0100__Z104	64	2x2x2x4	20	20	0	1	explicit
x__4-1s2-1__group.5233__X0100__Z30	64	2x2x2x2x2x2	64	64	0	1	explicit
x__4-1s2-1__group.5233__X0100__Z126	64	2x2x2x2x2	24	24	0	1	explicit
x__4-1s2-1__group.5233__X0100__Z38	64	2x2x2x2x2	24	24	0	1	explicit
x__4-1s2-1__group.5233__X0100__Z45	64	2x2x2x2x2x2	48	48	0	1	explicit
x__4-1s2-1__group.5233__X0100__Z106	64	2x2x2x2x2	24	24	0	1	explicit
x__4-1s2-1__group.5233__X0100__Z92	64	2x2x2x2x2x2x2x2x2x2x2x2	2176	2176	0	1	explicit
x__4-1s2-1__group.5233__X0100__Z14	64	2x2x2x2	16	16	0	1	explicit
x__4-1s2-1__group.5233__X0100__Z77	64	2x2x2x2x2x2	40	40	0	1	explicit
x__4-1s2-1__group.5233__X0100__Z58	64	2x2x2x2x2x2x2x2	160	160	0	1	explicit
x__4-1s2-1__group.5233__X0100__Z71	64	2x2x2x2x2x2x2x2	256	256	0	1	explicit
x__4-1s2-1__group.5233__X0100__Z20	64	2x2x2x2x2x2x2x2x2	192	192	0	1	explicit
x__4-1s2-1__group.5233__X0100__Z132	64	2x2x2x2x2x2x2x2	144	144	0	1	explicit
x__4-1s2-1__group.5233__X0100__Z107	64	2x2x2x4	20	20	0	1	explicit
x__4-1s2-1__group.5233__X0100__Z5	64	2x2x2x2x4	28	28	0	1	explicit
x__4-1s2-1__group.5233__X0100__Z119	64	2x2x2x2x2x2x2x2	144	144	0	1	explicit
x__4-1s2-1__group.5233__X0100__Z37	64	2x2x2x2	16	16	0	1	explicit
x__4-1s2-1__group.5233__X0100__Z120	64	2x2x2x2x2x2x2x2x2	224	224	0	1	explicit
x__4-1s2-1__group.5233__X0100__Z66	64	2x2x2x2x2x2x2x2	256	256	0	1	explicit
x__4-1s2-1__group.5233__X0100__Z73	64	2x2x2x2x2x2x2	80	80	0	1	explicit
x__4-1s2-1__group.5233__X0100__Z36	64	2x2x2x2x2x2x2	56	56	0	1	explicit
x__4-1s2-1__group.5233__X0100__Z94	64	2x2x2x2x2x2	40	40	0	1	explicit
x__4-1s2-1__group.5233__X0100__Z70	64	2x2x2x2x2	32	32	0	1	explicit
x__4-1s2-1__group.5233__X0100__Z49	64	2x2x2x2	12	12	0	1	explicit
x__4-1s2-1__group.5233__X0100__Z121	64	2x2x2x2x2x2	32	32	0	1	explicit
x__4-1s2-1__group.5233__X0100__Z135	64	2x2x2x2x2x2x2x2	144	144	0	1	explicit
x__4-1s2-1__group.5233__X0100__Z22	64	2x2x2x2x2	32	32	0	1	explicit
x__4-1s2-1__group.5233__X0100__Z3	64	2x2x2x2x2x2x2x2	144	144	0	1	explicit
x__4-1s2-1__group.5233__X0100__Z100	64	2x2x2x2x2x2x2	56	56	0	1	explicit
x__4-1s2-1__group.5233__X0100__Z21	64	2x2x2x2x2x2x2x2x2	272	272	0	1	explicit
x__4-1s2-1__group.5233__X0100__Z127	64	2x2x2x2x2x2x2x2	144	144	0	1	explicit
x__4-1s2-1__group.5233__X0100__Z87	64	2x2x2x2	12	12	0	1	explicit
x__4-1s2-1__group.5233__X0100__Z39	64	2x2x2x2	16	16	0	1	explicit
x__4-1s2-1__group.5233__X0100__Z59	64	2x2x2x2x2x2x2x2x2	240	240	0	1	explicit
x__4-1s2-1__group.5233__X0100__Z31	64	2x2x2x2x2x2x2	96	96	0	1	explicit
x__4-1s2-1__group.5233__X0100__Z60	64	2x2x2x2x2x2	64	64	0	1	explicit
x__4-1s2-1__group.5233__X0100__Z134	64	2x2x2x2x2x2x2x2	144	144	0	1	explicit
x__4-1s2-1__group.5233__X0100__Z84	64	2x2x2x2x2	24	24	0	1	explicit
x__4-1s2-1__group.5233__X0100__Z6	64	2x2x2x2x2x2x2x2	144	144	0	1	explicit
x__4-1s2-1__group.5137__T__Z2	32	2x2x2x4	18	18	0	1	explicit
x__4-1s2-1__group.5233__X0100__Z17	64	2x2x2x2x2x2	64	64	0	1	explicit
x__4-1s2-1__group.5233__X0100__Z27	64	2x2x2x2x2	32	32	0	1	explicit
x__4-1s2-1__group.5233__X0100__Z118	64	2x2x2x2x2x2x2x2x2	224	224	0	1	explicit
x__4-1s2-1__group.5233__X0100__Z109	64	2x2x2x2x2x2	32	32	0	1	explicit
x__4-1s2-1__group.5233__X0100__Z75	64	2x2x2x2x2x2x2	64	64	0	1	explicit
x__4-1s2-1__group.5233__X0100__Z52	64	2x2x2x2x2x2x2x2	256	256	0	1	explicit
x__4-1s2-1__group.5233__X0100__Z80	64	2x2x2x2x2	20	20	0	1	explicit
x__4-1s2-1__group.5233__X0100__Z50	64	2x2x2x2x2	20	20	0	1	explicit
x__4-1s2-1__group.5233__X0100__Z133	64	2x2x2x2x2x2x2x2x2	224	224	0	1	explicit
x__4-1s2-1__group.5233__X0100__Z91	64	2x2x2x2x2x2	32	32	0	1	explicit
x__4-1s2-1__group.5137__T__Z12	32	2x2x4	10	10	0	1	explicit
x__4-1s2-1__group.5137__T__Z1	32	2x2x2x2x2x4	56	56	0	1	explicit
x__4-1s2-1__group.5233__X0100__Z34	64	2x2x2x2x2x2x2x2x2	288	288	0	1	explicit
x__4-1s2-2__group.5413__X011__Z6	192	2x2x2x2	16	16	0	1	explicit
x__4-1s2-1__group.5137__T__Z26	32	2x2x2x2	12	12	0	1	explicit
x__4-1s2-1__group.5218__X010__Z4	64	2x2x2x2x2x2	48	48	0	1	explicit
x__4-1s2-1__group.5233__X0100__Z18	64	2x2x2x2x2x2x2	96	96	0	1	explicit
x__4-1s2-1__group.5233__X0100__Z81	64	2x2x2x2x2	20	20	0	1	explicit
x__4-1s2-1__group.5233__X0100__Z57	64	2x2x2x2x2x2x2x2x2	320	320	0	1	explicit
x__4-1s2-1__group.5218__X010__Z12	64	2x2x2x2	12	12	0	1	explicit
x__4-1s2-1__group.5233__X0100__Z74	64	2x2x2x2x2x2	40	40	0	1	explicit
x__4-1s2-1__group.5218__X010__Z21	64	2x2x2x2x2x2	48	48	0	1	explicit
x__4-1s2-1__group.5137__T__Z11	32	2x2x4	12	12	0	1	explicit
x__4-1s2-1__group.5233__X0100__Z105	64	2x2x2x4	20	20	0	1	explicit
x__4-1s2-1__group.5137__T__Z24	32	2x2x2x2x4	32	32	0	1	explicit
x__2-1s2-1s1c1__group.1298__X0101__Z9	64	2x2x2x2x2x2x2x2x2x2x2x2	1920	1920	0	1	explicit
x__4-1s2-2__group.5413__X011__Z1	192	2x2x2x2x2x2	64	64	0	1	explicit
x__4-1s2-1__group.5137__T__Z21	32	2x2x4	9	9	0	1	explicit
x__4-1s2-1__group.5233__X0100__Z33	64	2x2x2x2x2x2x2x2x2	192	192	0	1	explicit
x__4-1s2-1__group.5218__X010__Z15	64	2x2x2x2	16	16	0	1	explicit
x__4-1s2-1__group.5233__X0100__Z86	64	2x2x2x2	12	12	0	1	explicit
x__4-1s2-1__group.5233__X0100__Z11	64	2x2x2x2x2x2	40	40	0	1	explicit
x__4-1s2-1__group.5233__X0100__Z68	64	2x2x2x2x2x2x2x2	256	256	0	1	explicit
x__4-1s2-1__group.5233__X0100__Z56	64	2x2x2x2x2x2x2x2	256	256	0	1	explicit
x__4-1s2-1__group.5218__X010__Z30	64	2x2x2x2	16	16	0	1	explicit
x__4-1s2-1__group.5137__T__Z6	32	4x4	9	9	0	1	explicit
x__4-1s2-1__group.5218__X010__Z26	64	2x2x2x2	12	12	0	1	explicit
x__4-1s2-1__group.5137__T__Z23	32	2x2x2x2	12	12	0	1	explicit
x__4-1s2-2__group.5413__X011__Z13	192	2x2x2x2x2	32	32	0	1	explicit
x__4-1s2-1__group.5137__T__Z7	32	2x2x2x4	24	24	0	1	explicit
x__2-1s2-1s1c1__group.1298__X0101__Z8	64	2x2x2x2x2x2x2x2x2x2	240	240	0	1	explicit
x__4-1s2-1__group.5233__X0100__Z102	64	2x2x2x2x2	24	24	0	1	explicit
x__4-1s2-1__group.5218__X010__Z7	64	2x2x2x2x2x2x2x2	192	192	0	1	explicit
x__4-1s2-1__group.5233__X0100__Z61	64	2x2x2x2x2x2	48	48	0	1	explicit
x__4-1s2-1__group.5218__X010__Z5	64	2x2x2x2x2	16	16	0	1	explicit
x__2-1s2-1s1c1__group.1298__X0101__Z36	64	2x2x2x2x2x2x2x2	192	192	0	1	explicit
x__2-1s2-1s1c1__group.1298__X0101__Z24	64	2x2x2x2x2x2x2x2x2x2x2	1152	1152	0	1	explicit
x__4-1s2-1__group.5233__X0100__Z32	64	2x2x2x2x2x2	64	64	0	1	explicit
x__2-1s2-1s1c1__group.1298__X0101__Z63	64	2x2x2x2x2x2x2x2	144	144	0	1	explicit
x__4-1s2-1__group.5137__T__Z16	32	2x2x2x2x4	32	32	0	1	explicit
x__4-1s2-1__group.5218__X010__Z19	64	2x2x2x2x2x2	48	48	0	1	explicit
x__4-1s2-2__group.5413__X011__Z14	192	2x2x2x2	16	16	0	1	explicit
x__4-1s2-1__group.5137__T__Z22	32	2x2x2x4	20	20	0	1	explicit
x__4-1s2-1__group.5137__T__Z17	32	2x2x2x2x2	20	20	0	1	explicit
x__2-1s2-1s1c1__group.1298__X0101__Z6	64	2x2x2x2x2x2x2x2x2x2x2x2	960	960	0	1	explicit
x__4-1s2-1__group.5218__X010__Z9	64	2x2x2x2x2	24	24	0	1	explicit
x__4-1s2-2__group.5312__X001__Z1	1152	2x2x6	16	24	8	0	explicit
x__4-1s2-1__group.5218__X010__Z2	64	2x2x2x2x2	18	18	0	1	explicit
x__2-1s2-1s1c1__group.1298__X0101__Z31	64	2x2x2x2x2x2x2	60	60	0	1	explicit
x__2-1s2-1s1c1__group.1298__X0101__Z16	64	2x2x2x2x2x2x2x2	120	120	0	1	explicit
x__2-1s2-1s1c1__group.1298__X0101__Z64	64	2x2x2x2x2x2x2x2	192	192	0	1	explicit
x__4-1s2-1__group.5137__T__Z20	32	2x2x2	8	8	0	1	explicit
x__2-1s2-1s1c1__group.1298__X0101__Z23	64	2x2x2x2x2x2x2x2	160	160	0	1	explicit
x__4-1s2-1__group.5137__T__Z25	32	2x2x2x2	12	12	0	1	explicit
x__4-1s2-1__group.5218__X010__Z27	64	2x2x2x2	12	12	0	1	explicit
x__4-1s2-1__group.5137__T__Z10	32	2x2x2x2x4	32	32	0	1	explicit
x__4-1s2-2__group.5413__X011__Z12	192	2x2x2x2	16	16	0	1	explicit
x__4-1s2-1__group.5233__X0100__Z35	64	2x2x2x2x2	32	32	0	1	explicit
x__4-1s2-1__group.5218__X010__Z8	64	2x2x2x2x2x2	48	48	0	1	explicit
x__4-1s2-1__group.5137__T__Z5	32	2x2x2x2	12	12	0	1	explicit
x__4-1s2-1__group.5218__X010__Z14	64	2x2x2	8	8	0	1	explicit
x__2-1s2-1s1c1__group.1298__X0101__Z38	64	2x2x2x2x2x2	48	48	0	1	explicit
x__2-1s2-1s1c1__group.1298__X0101__Z52	64	2x2x2x2x2x2x2x2x2x2x2	480	480	0	1	explicit
x__2-1s2-1s1c1__group.1298__X0101__Z20	64	2x2x2x2x2x2x2x2	144	144	0	1	explicit
x__4-1s2-1__group.5137__T__Z18	32	2x2x4	10	10	0	1	explicit
x__2-1s2-1s1c1__group.1298__X0101__Z40	64	2x2x2x2x2x2x2x2x2x2x2x2	960	960	0	1	explicit
x__4-1s2-1__group.5137__T__Z3	32	2x2x2x4	16	16	0	1	explicit
x__2-1s2-1s1c1__group.1298__X0101__Z1	64	2x2x2x2x2x2x2x2x2x2x2x2x2x2x2	7680	7680	0	1	explicit
x__4-1s2-2__group.5413__X011__Z10	192	2x2x2x2	16	16	0	1	explicit
x__4-1s2-2__group.5413__X011__Z4	192	2x2x2	6	6	0	1	explicit
x__4-1s2-1__group.5218__X010__Z18	64	2x2x2x2x2x2x2	64	64	0	1	explicit
x__4-1s2-1__group.5233__X0100__Z103	64	2x2x2x2x2x2	40	40	0	1	explicit
x__4-1s2-1__group.5218__X010__Z1	64	2x2x2x2x2x2x2	72	72	0	1	explicit
x__4-1s2-1__group.5218__X010__Z13	64	2x2x2x2x2	32	32	0	1	explicit
x__4-1s2-1__group.5137__T__Z15	32	2x2x4	9	9	0	1	explicit
x__2-1s2-1s1c1__group.1298__X0101__Z54	64	2x2x2x2x2x2x2x2x2	168	168	0	1	explicit
x__2-1s2-1s1c1__group.1298__X0101__Z55	64	2x2x2x2x2x2x2x2	192	192	0	1	explicit
x__4-1s2-1__group.5137__T__Z8	32	2x2x2	8	8	0	1	explicit
x__4-1s2-1__group.5137__T__Z13	32	2x2x2x2x2	20	20	0	1	explicit
x__2-1s2-1s1c1__group.1298__X0101__Z48	64	2x2x2x2x2x2x2x2x2x2	480	480	0	1	explicit
x__2-1s2-1s1c1__group.1298__X0101__Z47	64	2x2x2x2x2x2x2x2x2x2x2x2	1920	1920	0	1	explicit
x__2-1s2-1s1c1__group.1298__X0101__Z18	64	2x2x2x2x2x2x2x2x2x2x2	1152	1152	0	1	explicit
x__4-1s2-2__group.5413__X011__Z11	192	2x2x2x2x2x2x2	128	128	0	1	explicit
x__4-1s2-2__group.5413__X011__Z3	192	2x2	4	4	0	1	explicit
x__4-1s2-1__group.5218__X010__Z6	64	2x2x2x2x2x2	48	48	0	1	explicit
x__4-1s2-1__group.5218__X010__Z20	64	2x2x2x2x2	16	16	0	1	explicit
x__4-1s2-1__group.5218__X010__Z25	64	2x2x2x2x2	24	24	0	1	explicit
x__2-1s2-1s1c1__group.1298__X0101__Z21	64	2x2x2x2x2x2x2x2x2	288	288	0	1	explicit
x__2-1s2-1s1c1__group.1298__X0101__Z57	64	2x2x2x2x2x2x2x2x2	240	240	0	1	explicit
x__2-1s2-1s1c1__group.1298__X0101__Z53	64	2x2x2x2x2x2x2x2x2	240	240	0	1	explicit
x__4-1s2-1__group.5137__T__Z27	32	2x2x2x2x2	20	20	0	1	explicit
x__4-1s2-1__group.5137__T__Z4	32	2x2x2x4	18	18	0	1	explicit
x__2-1s2-1s1c1__group.1298__X0101__Z4	64	2x2x2x2x2x2x2x2x2x2x2	1280	1280	0	1	explicit
x__2-1s2-1s1c1__group.1298__X0101__Z71	64	2x2x2x2x2x2x2x2x2x2x2	1152	1152	0	1	explicit
x__2-1s2-1s1c1__group.1298__X0101__Z27	64	2x2x2x2x2x2	40	40	0	1	explicit
x__2-1s2-1s1c1__group.1298__X0101__Z70	64	2x2x2x2x2x2	36	36	0	1	explicit
x__4-1s2-2__group.5413__X011__Z7	192	2x2x2x2	16	16	0	1	explicit
x__4-1s2-1__group.5218__X010__Z10	64	2x2x2x2x2	24	24	0	1	explicit
x__4-1s2-2__group.5413__X011__Z2	192	2x2	4	4	0	1	explicit
x__4-1s2-1__group.5218__X010__Z16	64	2x2x2x2x2x2x2	72	72	0	1	explicit
x__2-1s2-1s1c1__group.1298__X0101__Z28	64	2x2x2x2x2x2x2x2	104	104	0	1	explicit
x__4-1s2-1__group.5218__X010__Z22	64	2x2x2x2x2x2x2x2	192	192	0	1	explicit
x__4-1s2-1__group.5137__T__Z14	32	2x2x2	8	8	0	1	explicit
x__2-1s2-1s1c1__group.1298__X0101__Z65	64	2x2x2x2x2x2	48	48	0	1	explicit
x__4-1s2-1__group.5137__T__Z19	32	2x2x4	12	12	0	1	explicit
x__2-1s2-1s1c1__group.1298__X0101__Z61	64	2x2x2x2x2x2x2x2	160	160	0	1	explicit
x__2-1s2-1s1c1__group.1298__X0101__Z3	64	2x2x2x2x2x2x2x2x2x2x2x2	1920	1920	0	1	explicit
x__4-1s2-2__group.5413__X011__Z9	192	2x2x2x2x2	24	24	0	1	explicit
x__2-1s2-1s1c1__group.1298__X0101__Z49	64	2x2x2x2x2x2x2x2x2x2	480	480	0	1	explicit
x__2-1s2-1s1c1__group.1298__X0101__Z46	64	2x2x2x2x2x2x2x2x2x2	240	240	0	1	explicit
x__2-1s2-1s1c1__group.1298__X0101__Z73	64	2x2x2x2x2x2x2	128	128	0	1	explicit
x__4-1s2-1__group.5218__X010__Z17	64	2x2x2x2x2	18	18	0	1	explicit
x__4-1s2-2__group.5413__X011__Z5	192	2x2x2x2	16	16	0	1	explicit
x__2-1s2-1s1c1__group.1298__X0101__Z17	64	2x2x2x2x2x2x2x2	192	192	0	1	explicit
x__4-1s2-1__group.5218__X010__Z29	64	2x2	4	4	0	1	explicit
x__4-1s2-1__group.5218__X010__Z23	64	2x2x2x2x2x2	48	48	0	1	explicit
x__4-1s2-1__group.5137__T__Z9	32	2x2x4	12	12	0	1	explicit
x__2-1s2-1s1c1__group.1298__X0101__Z59	64	2x2x2x2x2x2x2x2x2	288	288	0	1	explicit
x__2-1s2-1s1c1__group.1298__X0101__Z62	64	2x2x2x2x2x2x2x2x2x2x2	1152	1152	0	1	explicit
x__2-1s2-1s1c1__group.1298__X0101__Z2	64	2x2x2x2x2x2x2x2x2x2x2x2	960	960	0	1	explicit
x__4-1s2-2__group.5413__X011__Z8	192	2x2x2x2	16	16	0	1	explicit
x__2-1s2-1s1c1__group.1298__X0101__Z41	64	2x2x2x2x2x2x2x2x2x2x2x2	1920	1920	0	1	explicit
x__2-1s2-1s1c1__group.1298__X0101__Z22	64	2x2x2x2x2x2	36	36	0	1	explicit
x__2-1s2-1s1c1__group.1298__X0101__Z74	64	2x2x2x2x2x2x2x2	192	192	0	1	explicit
x__4-1s2-1__group.5218__X010__Z3	64	2x2x2x2x2x2x2	64	64	0	1	explicit
x__2-1s2-1s1c1__group.1298__X0101__Z56	64	2x2x2x2x2x2x2x2x2x2x2	1152	1152	0	1	explicit
x__4-1s2-1__group.5218__X010__Z28	64	2x2x2x2	16	16	0	1	explicit
x__4-1s2-1__group.5218__X010__Z11	64	2x2x2x2	12	12	0	1	explicit
x__2-1s2-1s1c1__group.1298__X0101__Z10	64	2x2x2x2x2x2x2x2x2x2	480	480	0	1	explicit
x__4-1s2-1__group.5218__X010__Z24	64	2x2x2x2x2	24	24	0	1	explicit
x__2-1s2-1s1c1__group.1298__X0101__Z5	64	2x2x2x2x2x2x2x2x2x2	416	416	0	1	explicit
x__2-1s2-1s1c1__group.1298__X0101__Z15	64	2x2x2x2x2x2x2x2x2	240	240	0	1	explicit
x__2-1s2-1s1c1__group.1298__X0101__Z66	64	2x2x2x2x2x2x2x2	104	104	0	1	explicit
x__2-1s2-1s1c1__group.1298__X0101__Z25	64	2x2x2x2x2x2x2x2	144	144	0	1	explicit
x__2-2s2-1s2-1__group.2534__X11011__Z29	384	2x2x2x2x2x2x2x2	256	256	0	1	explicit
x__2-1s2-1s1c1__group.1298__X0101__Z51	64	2x2x2x2x2x2x2x2x2x2x2	1152	1152	0	1	explicit
x__2-1s2-1s1c1__group.1298__X0101__Z42	64	2x2x2x2x2x2x2x2x2x2x2	1280	1280	0	1	explicit
x__2-2s2-1s2-1__group.2534__X11011__Z1	384	2x2x2x2x2x2x2x2x2x2x2x2	2112	2112	0	1	explicit
x__2-2s2-1s2-1__group.2534__X11011__Z13	384	2x2x2x2x2x2x2x2	256	256	0	1	explicit
x__2-1s2-1s1c1__group.1298__X0101__Z39	64	2x2x2x2x2x2x2x2x2x2x2x2x2x2x2	7680	7680	0	1	explicit
x__2-1s2-1s1c1__group.1298__X0101__Z7	64	2x2x2x2x2x2x2x2x2x2x2x2	960	960	0	1	explicit
x__2-1s2-1s1c1__group.1298__X0101__Z44	64	2x2x2x2x2x2x2x2x2x2x2x2	960	960	0	1	explicit
x__2-1s2-1s1c1__group.1298__X0101__Z32	64	2x2x2x2x2x2	30	30	0	1	explicit
x__2-1s2-1s1c1__group.1298__X0101__Z11	64	2x2x2x2x2x2x2x2x2	288	288	0	1	explicit
x__2-1s2-1s1c1__group.1298__X0101__Z12	64	2x2x2x2x2x2x2x2	160	160	0	1	explicit
x__2-2s2-1s2-1__group.2534__X11011__Z9	384	2x2x2x2x2x2x2x2	256	256	0	1	explicit
x__2-1s2-1s1c1__group.1298__X0101__Z34	64	2x2x2x2x2x2x2x2	192	192	0	1	explicit
x__2-1s2-1s1c1__group.1298__X0101__Z45	64	2x2x2x2x2x2x2x2x2x2x2x2	960	960	0	1	explicit
x__2-1s2-1s1c1__group.1298__X0101__Z13	64	2x2x2x2x2x2x2x2x2x2x2	1152	1152	0	1	explicit
x__4-1s2-1__group.4968__X01100__Z16	128	2x2x2x2x2x2	64	64	0	1	explicit
x__2-2s2-1s2-1__group.2534__X11011__Z14	384	2x2x2x2x2x2x2x2	160	160	0	1	explicit
x__2-2s2-1s2-1__group.2534__X11011__Z21	384	2x2x2x2x2x2x2	72	72	0	1	explicit
x__2-1s2-1s1c1__group.1298__X0101__Z30	64	2x2x2x2x2x2x2x2x2	184	184	0	1	explicit
x__2-1s2-1s1c1__group.1298__X0101__Z43	64	2x2x2x2x2x2x2x2x2x2	416	416	0	1	explicit
x__4-1s2-1__group.4968__X01100__Z14	128	2x2x2x2x2x2	40	40	0	1	explicit
x__2-1s2-1s1c1__group.1298__X0101__Z35	64	2x2x2x2x2x2x2	128	128	0	1	explicit
x__4-1s2-1__group.4968__X01100__Z9	128	2x2x2x2x2x2x2x4	240	240	0	1	explicit
x__2-1s2-1s1c1__group.1298__X0101__Z29	64	2x2x2x2x2x2x2x2x2	168	168	0	1	explicit
x__2-1s2-1s1c1__group.1298__X0101__Z14	64	2x2x2x2x2x2x2x2x2x2x2	480	480	0	1	explicit
x__2-2s2-1s2-1__group.2534__X11011__Z16	384	2x2x2x2x2x2x2	72	72	0	1	explicit
x__2-1s2-1s1c1__group.1298__X0101__Z33	64	2x2x2x2x2x2x2x2x2x2x2	1152	1152	0	1	explicit
x__2-1s2-1s1c1__group.1298__X0101__Z19	64	2x2x2x2x2x2x2x2x2	240	240	0	1	explicit
x__2-2s2-1s2-1__group.2534__X11011__Z2	384	2x2x2x2x2x2x2x2	256	256	0	1	explicit
x__2-2s2-2s1s1__group.3162__X01001__Z14	96	2x2x2	8	8	0	1	explicit
x__2-2s2-1s2-1__group.2534__X11011__Z31	384	2x2x2x2x2	24	24	0	1	explicit
x__2-1s2-1s1c1__group.1298__X0101__Z37	64	2x2x2x2x2x2x2	128	128	0	1	explicit
x__2-1s2-1s1c1__group.1298__X0101__Z75	64	2x2x2x2x2x2x2	128	128	0	1	explicit
x__4-1s2-1__group.4968__X01100__Z11	128	2x2x2x2x2x2x2x2	160	160	0	1	explicit
x__2-1s2-1s1c1__group.1298__X0101__Z58	64	2x2x2x2x2x2x2x2x2	184	184	0	1	explicit
x__4-1ps2-2__group.4434__X01__Z2	48	2	2	2	0	1	explicit
x__2-2s2-2s1s1__group.3162__X01001__Z10	96	2x2x2x2x2x2x2x2x2x2x2x2	752	752	0	1	explicit
x__2-2s2-1s2-1__group.2534__X11011__Z8	384	2x2x2x2x2x2x2x2	256	256	0	1	explicit
x__2-2s2-1s2-1__group.2534__X11011__Z32	384	2x2x2x2x2x2x2	72	72	0	1	explicit
x__4-2s1s1__group.6086__X110__Z1	144	2x2x2x2x2x4	96	96	0	1	explicit
x__2-1s2-1s1c1__group.1298__X0101__Z26	64	2x2x2x2x2x2x2x2	192	192	0	1	explicit
x__2-2s2-1s2-1__group.2534__X11011__Z22	384	2x2x2x2x2x2x2x2x2x2x2x2	4096	4096	0	1	explicit
x__4-1s2-1__group.4968__X01100__Z13	128	2x2x2x2x2x2	64	64	0	1	explicit
x__2-2s2-1s2-1__group.2534__X11011__Z30	384	2x2x2x2x2x2x2x2	160	160	0	1	explicit
x__2-2s2-2s1s1__group.3162__X01001__Z15	96	2x2x2x2x2x2x2	30	30	0	1	explicit
x__2-1s2-1s1c1__group.1298__X0101__Z72	64	2x2x2x2x2x2x2x2	192	192	0	1	explicit
x__2-1s2-1s1c1__group.1298__X0101__Z67	64	2x2x2x2x2x2x2x2	120	120	0	1	explicit
x__4-2s1s1__group.6086__X110__Z24	144	2x2x4	12	12	0	1	explicit
x__4-2s1s1__group.6086__X110__Z21	144	2x2x4	12	12	0	1	explicit
x__2-2s2-1s2-1__group.2534__X11011__Z20	384	2x2x2x2x2	24	24	0	1	explicit
x__2-2s2-1s2-1__group.2534__X11011__Z28	384	2x2x2x2x2x2x2x2x2x2x2x2	2112	2112	0	1	explicit
x__4-2s1s1__group.6086__X110__Z6	144	2x2x4	12	12	0	1	explicit
x__2-2s2-2s1s1__group.3162__X01001__Z11	96	2x2x2x2x2x2x2	96	96	0	1	explicit
x__2-2s2-1s2-1__group.2534__X11011__Z25	384	2x2x2x2x2x2x2x2	256	256	0	1	explicit
x__4-1s2-1__group.4968__X01100__Z18	128	2x2x2x2x2x4	96	96	0	1	explicit
x__2-2s2-1s1s1__group.2193__X101__Z33	48	2x2x2x2x2x2	64	64	0	1	explicit
x__2-2s2-1s2-1__group.2534__X11011__Z4	384	2x2x2x2x2	24	24	0	1	explicit
x__2-1s2-1s1c1__group.1298__X0101__Z50	64	2x2x2x2x2x2x2x2x2x2	368	368	0	1	explicit
x__4-2s1s1__group.6086__X110__Z23	144	2x2	4	4	0	1	explicit
x__2-2s2-2s1s1__group.3162__X01001__Z12	96	2x2x2	8	8	0	1	explicit
x__2-1s2-1s1c1__group.1298__X0101__Z60	64	2x2x2x2x2x2x2	96	96	0	1	explicit
x__4-2s1s1__group.6086__X110__Z3	144	2x2x4	12	12	0	1	explicit
x__4-1s2-1__group.4968__X01100__Z12	128	2x2x2x2x2x2x2x2x2x2x2x2	2112	2112	0	1	explicit
x__2-2s2-1s2-1__group.2534__X11011__Z18	384	2x2x2x2x2x2x2x2	256	256	0	1	explicit
x__4-2s1s1__group.6086__X110__Z8	144	2x2x2x2	16	16	0	1	explicit
x__2-2s2-1s2-1__group.2534__X11011__Z5	384	2x2x2x2x2x2x2	72	72	0	1	explicit
x__2-2s2-2s1s1__group.3162__X01001__Z16	96	2x2x2x2x2x2x2	30	30	0	1	explicit
x__2-2s2-1s2-1__group.2534__X11011__Z17	384	2x2x2x2x2x2x2x2x2x2x2x2	2112	2112	0	1	explicit
x__2-2s2-1s1s1__group.2193__X101__Z58	48	2x2x2x2x2x2	64	64	0	1	explicit
x__4-1s2-1__group.4968__X01100__Z20	128	2x2x2x2x2x2x2x2x2x2x2	2048	2048	0	1	explicit
x__2-1s2-1s1c1__group.1298__X0101__Z69	64	2x2x2x2x2x2x2	64	64	0	1	explicit
x__4-2s1s1__group.6086__X110__Z15	144	2x2x4	12	12	0	1	explicit
x__2-2s2-1s2-1__group.2534__X11011__Z24	384	2x2x2x2x2x2x2x2	256	256	0	1	explicit
x__2-1s2-1s1c1__group.1298__X0101__Z68	64	2x2x2x2x2x2x2x2	144	144	0	1	explicit
x__4-2s1s1__group.6086__X110__Z4	144	2x2x4	12	12	0	1	explicit
x__2-2s2-2s1s1__group.3162__X01001__Z2	96	2x2x2x2x2x2x2x2x2x2x2x2	752	752	0	1	explicit
x__4-2s1s1__group.6086__X110__Z20	144	2x2x2x2	16	16	0	1	explicit
x__2-2s2-1s2-1__group.2534__X11011__Z7	384	2x2x2x2x2x2x2x2	256	256	0	1	explicit
x__4-1s2-1__group.4968__X01100__Z15	128	2x2x2x2x2x2	64	64	0	1	explicit
x__2-2s2-2s1s1__group.3162__X01001__Z6	96	2x2x2	8	8	0	1	explicit
x__4-1s2-1__group.4968__X01100__Z21	128	2x2x2x2x2x2x2x2x2x2x2	2048	2048	0	1	explicit
x__2-2s2-1s2-1__group.2534__X11011__Z10	384	2x2x2x2x2	32	32	0	1	explicit
x__2-2s2-1s1s1__group.2193__X101__Z126	48	2x2x2x2x2	32	32	0	1	explicit
x__4-1s2-1__group.4968__X01100__Z5	128	2x2x2x2x2x2x2	80	80	0	1	explicit
x__4-2s1s1__group.6086__X110__Z12	144	2x2x4	12	12	0	1	explicit
x__4-2s1s1__group.6086__X110__Z5	144	2x2	4	4	0	1	explicit
x__2-2s2-1s1s1__group.2193__X101__Z69	48	2x2x2	8	8	0	1	explicit
x__2-2s2-1s2-1__group.2534__X11011__Z23	384	2x2x2x2x2x2x2x2	256	256	0	1	explicit
x__2-2s2-1s1s1__group.2193__X101__Z50	48	2x2	4	4	0	1	explicit
x__2-2s2-1s2-1__group.2534__X11011__Z27	384	2x2x2x2x2x2x2	128	128	0	1	explicit
x__4-2s1s1__group.6086__X110__Z18	144	2x2x4	12	12	0	1	explicit
x__2-2s2-2s1s1__group.3162__X01001__Z5	96	2x2x2x2x2x2x2	96	96	0	1	explicit
x__4-1s2-1__group.4968__X01100__Z23	128	2x2x2x2x2x2x2	128	128	0	1	explicit
x__2-2s2-1s1s1__group.2193__X101__Z67	48	2x2x2x2x2	32	32	0	1	explicit
x__2-2s2-1s2-1__group.2534__X11011__Z19	384	2x2x2x2x2x2x2x2	160	160	0	1	explicit
x__2-2s2-2s1s1__group.3162__X01001__Z1	96	2x2x2x2x2x2x2x2x2x2x2x2	752	752	0	1	explicit
x__4-2s1s1__group.6086__X110__Z13	144	2x2x2x2x2x4	96	96	0	1	explicit
x__4-1s2-1__group.4968__X01100__Z2	128	2x2x2x2x2x2x2x2x2x2x2	1088	1088	0	1	explicit
x__4-1s2-1__group.4968__X01100__Z19	128	2x2x2x2x2x4	72	72	0	1	explicit
x__4-2s1s1__group.6086__X110__Z2	144	2x2x2x2	16	16	0	1	explicit
x__2-2s2-1s1s1__group.2193__X101__Z68	48	2x2x2	8	8	0	1	explicit
x__2-2s2-1s1s1__group.2193__X101__Z128	48	2x2x2x2x2	32	32	0	1	explicit
x__4-2s1s1__group.6086__X110__Z11	144	2x2	4	4	0	1	explicit
x__2-2s2-1s2-1__group.2534__X11011__Z3	384	2x2x2x2x2x2x2x2	160	160	0	1	explicit
x__2-2s2-1s2-1__group.2534__X11011__Z11	384	2x2x2x2x2x2x2	128	128	0	1	explicit
x__2-2s2-1s1s1__group.2193__X101__Z93	48	2x2x2	8	8	0	1	explicit
x__2-2s2-2s1s1__group.3162__X01001__Z4	96	2x2x2	8	8	0	1	explicit
x__4-2s1s1__group.6086__X110__Z14	144	2x2x2x2	16	16	0	1	explicit
x__4-1s2-1__group.4968__X01100__Z24	128	2x2x2x2x2x2x2	128	128	0	1	explicit
x__2-2s2-1s2-1__group.2534__X11011__Z26	384	2x2x2x2x2	32	32	0	1	explicit
x__2-2s2-2s1s1__group.3162__X01001__Z8	96	2x2x2x2x2x2x2	30	30	0	1	explicit
x__2-2s2-1s1s1__group.2193__X101__Z56	48	2x2x2x2x2	32	32	0	1	explicit
x__4-2s1s1__group.6086__X110__Z16	144	2x2x4	12	12	0	1	explicit
x__2-2s2-1s1s1__group.2193__X101__Z116	48	2x2x2	8	8	0	1	explicit
x__2-2s2-2s2-2__group.3565__X0011__Z1	144	2x2x2	6	6	0	1	explicit
x__2-2s2-1s2-1__group.2534__X11011__Z15	384	2x2x2x2x2	24	24	0	1	explicit
x__4-1s2-1__group.4968__X01100__Z3	128	2x2x2x2x2x2x2x2x2x2x2	1088	1088	0	1	explicit
x__4-1s2-1__group.4968__X01100__Z10	128	2x2x2x2x2x2x2x2	256	256	0	1	explicit
x__2-2s2-1s1s1__group.2193__X101__Z118	48	2x2x2x2x2	32	32	0	1	explicit
x__2-2s2-1s1s1__group.2193__X101__Z119	48	2x2x2x2x2	32	32	0	1	explicit
x__4-2s1s1__group.6086__X110__Z22	144	2x2x4	12	12	0	1	explicit
x__2-2s2-1s2-1__group.2534__X11011__Z6	384	2x2x2x2x2x2x2x2x2x2x2x2	4096	4096	0	1	explicit
x__2-2s2-1s1s1__group.2193__X101__Z110	48	2x2x2x2x2x2	64	64	0	1	explicit
x__2-2s2-2s1s1__group.3162__X01001__Z3	96	2x2x2x2x2x2x2	96	96	0	1	explicit
x__2-2s2-1s1s1__group.2193__X101__Z57	48	2x2x2	8	8	0	1	explicit
x__4-2s1s1__group.6086__X110__Z17	144	2x2	4	4	0	1	explicit
x__4-1s2-1__group.4968__X01100__Z8	128	2x2x2x2x2x2x2x2	256	256	0	1	explicit
x__2-2s2-1s2-1__group.2534__X11011__Z12	384	2x2x2x2x2x2x2x2x2x2x2x2	2112	2112	0	1	explicit
x__2-2s2-2s1s1__group.3162__X01001__Z9	96	2x2x2x2x2x2x2x2x2x2x2x2	752	752	0	1	explicit
x__4-1s2-1__group.4968__X01100__Z4	128	2x2x2x2x2x2x2	96	96	0	1	explicit
x__2-2s2-1s1s1__group.2193__X101__Z92	48	2x2x2x2x2	32	32	0	1	explicit
x__2-2s2-2s2-2__group.3565__X0011__Z2	144	2x2x2	8	8	0	1	explicit
x__2-2s2-1s1s1__group.2193__X101__Z121	48	2x2x2	8	8	0	1	explicit
x__4-2s1s1__group.6086__X110__Z9	144	2x2x4	12	12	0	1	explicit
x__4-1ps2-2__group.4434__X01__Z1	48	2x2	4	4	0	1	explicit
x__2-2s2-1s1s1__group.2193__X101__Z51	48	2x2	4	4	0	1	explicit
x__2-2s2-1s1s1__group.2193__X101__Z129	48	2x2x2	8	8	0	1	explicit
x__4-1s2-1__group.4968__X01100__Z17	128	2x2x2x2x2x2	64	64	0	1	explicit
x__2-2s2-1s1s1__group.2193__X101__Z75	48	2x2x2	8	8	0	1	explicit
x__4-2s1s1__group.6086__X110__Z10	144	2x2x4	12	12	0	1	explicit
x__4-1s2-1__group.4968__X01100__Z1	128	2x2x2x2x2x2x2x2x2x2x2	1280	1280	0	1	explicit
x__2-2s2-1s1s1__group.2193__X101__Z66	48	2x2x2x2x2	32	32	0	1	explicit
x__2-2s2-2s1s1__group.3162__X01001__Z7	96	2x2x2x2x2x2x2	30	30	0	1	explicit
x__2-2s2-1s1s1__group.2193__X101__Z94	48	2x2x2	8	8	0	1	explicit
x__4-2s1s1__group.6086__X110__Z7	144	2x2x2x2x2x4	96	96	0	1	explicit
x__4-1s2-1__group.4968__X01100__Z25	128	2x2x2x2x2x2x2x2x2x2x2	2048	2048	0	1	explicit
x__2-2s2-1s1s1__group.2193__X101__Z144	48	2x2x2x2x2	32	32	0	1	explicit
x__2-2s2-1s1s1__group.2193__X101__Z120	48	2x2x2	8	8	0	1	explicit
x__4-1ps2-2__group.4434__X01__Z3	48	2x2	4	4	0	1	explicit
x__2-2s2-1s1s1__group.2193__X101__Z156	48	2x2x2x2x2	32	32	0	1	explicit
x__2-2s2-1s1s1__group.2193__X101__Z32	48	2x2x2x2x2x2	64	64	0	1	explicit
x__2-2s2-1s1s1__group.2193__X101__Z81	48	2x2	4	4	0	1	explicit
x__4-2s1s1__group.6086__X110__Z19	144	2x2x2x2x2x4	96	96	0	1	explicit
x__2-2s2-1s1s1__group.2193__X101__Z3	48	2x2x2x2x2	32	32	0	1	explicit
x__2-2s2-1s1s1__group.2193__X101__Z44	48	2x2x2	8	8	0	1	explicit
x__2-2s2-1s1s1__group.2193__X101__Z60	48	2x2x2x2	16	16	0	1	explicit
x__4-1s2-1__group.4968__X01100__Z6	128	2x2x2x2x2x2x2x2x2x2x2	1056	1056	0	1	explicit
x__2-2s2-1s1s1__group.2193__X101__Z143	48	2x2x2x2x2	32	32	0	1	explicit
x__2-2s2-2s1s1__group.3162__X01001__Z13	96	2x2x2x2x2x2x2	96	96	0	1	explicit
x__2-2s2-1s1s1__group.2193__X101__Z61	48	2x2x2x2x2x2	64	64	0	1	explicit
x__2-2s2-1s1s1__group.2193__X101__Z35	48	2x2x2x2x2x2	64	64	0	1	explicit
x__2-2s2-1s1s1__group.2193__X101__Z17	48	2x2x2x2x2	32	32	0	1	explicit
x__4-1ps2-2__group.4434__X01__Z4	48	2	2	2	0	1	explicit
x__2-2s2-1s1s1__group.2193__X101__Z16	48	2x2x2	8	8	0	1	explicit
x__2-2s2-1s1s1__group.2193__X101__Z134	48	2x2x2	8	8	0	1	explicit
x__4-1s2-1__group.4968__X01100__Z22	128	2x2x2x2x2x2x2x2x2x2x2	2048	2048	0	1	explicit
x__2-2s2-1s1s1__group.2193__X101__Z5	48	2x2x2	8	8	0	1	explicit
x__2-2s2-1s1s1__group.2193__X101__Z99	48	2x2x2x2x2	32	32	0	1	explicit
x__2-2s2-1s1s1__group.2193__X101__Z117	48	2x2x2x2x2x2x2x2	256	256	0	1	explicit
x__2-2s2-1s1s1__group.2193__X101__Z42	48	2x2x2	8	8	0	1	explicit
x__2-2s2-1s1s1__group.2193__X101__Z34	48	2x2x2x2	16	16	0	1	explicit
x__2-2s2-1s1s1__group.2193__X101__Z95	48	2x2x2x2x2	32	32	0	1	explicit
x__2-2s2-1s1s1__group.2193__X101__Z151	48	2x2x2x2x2	32	32	0	1	explicit
x__2-2s2-1s1s1__group.2193__X101__Z142	48	2x2x2x2x2	32	32	0	1	explicit
x__2-2s2-1s1s1__group.2193__X101__Z20	48	2x2x2	8	8	0	1	explicit
x__2-2s2-1s1s1__group.2193__X101__Z62	48	2x2x2x2	16	16	0	1	explicit
x__2-2s2-1s1s1__group.2193__X101__Z86	48	2x2x2x2x2x2	64	64	0	1	explicit
x__2-2s2-1s1s1__group.2193__X101__Z37	48	2x2x2x2	16	16	0	1	explicit
x__2-2s2-1s1s1__group.2193__X101__Z152	48	2x2x2	8	8	0	1	explicit
x__2-2s2-1s1s1__group.2193__X101__Z105	48	2x2x2x2x2x2x2x2	256	256	0	1	explicit
x__2-2s2-1s1s1__group.2193__X101__Z113	48	2x2x2x2x2x2	64	64	0	1	explicit
x__2-2s2-1s1s1__group.2193__X101__Z103	48	2x2	4	4	0	1	explicit
x__2-2s2-1s1s1__group.2193__X101__Z127	48	2x2x2	8	8	0	1	explicit
x__2-2s2-1s1s1__group.2193__X101__Z10	48	2x2x2x2	16	16	0	1	explicit
x__2-2s2-1s1s1__group.2193__X101__Z106	48	2x2x2x2x2	32	32	0	1	explicit
x__2-2s2-1s1s1__group.2193__X101__Z137	48	2x2x2x2	16	16	0	1	explicit
x__2-2s2-1s1s1__group.2193__X101__Z72	48	2x2x2	8	8	0	1	explicit
x__2-2s2-1s1s1__group.2193__X101__Z96	48	2x2x2	8	8	0	1	explicit
x__2-2s2-1s1s1__group.2193__X101__Z145	48	2x2x2	8	8	0	1	explicit
x__2-2s2-1s1s1__group.2193__X101__Z18	48	2x2x2	8	8	0	1	explicit
x__2-2s2-1s1s1__group.2193__X101__Z115	48	2x2x2x2	16	16	0	1	explicit
x__4-1s2-1__group.4968__X01100__Z7	128	2x2x2x2x2x2x2x2x2x2x2x2x2x2x2x2	33280	33280	0	1	explicit
x__2-2s2-1s1s1__group.2193__X101__Z13	48	2x2x2x2x2	32	32	0	1	explicit
x__2-2s2-1s1s1__group.2193__X101__Z43	48	2x2x2x2x2	32	32	0	1	explicit
x__2-2s2-1s1s1__group.2193__X101__Z89	48	2x2x2	8	8	0	1	explicit
x__2-2s2-1s1s1__group.2193__X101__Z52	48	2x2x2x2x2	32	32	0	1	explicit
x__2-2s2-1s1s1__group.2193__X101__Z59	48	2x2x2x2x2x2	64	64	0	1	explicit
x__2-2s2-1s1s1__group.2193__X101__Z78	48	2x2x2x2x2	32	32	0	1	explicit
x__2-2s2-1s1s1__group.2193__X101__Z73	48	2x2x2	8	8	0	1	explicit
x__2-2s2-1s1s1__group.2193__X101__Z154	48	2x2	4	4	0	1	explicit
x__2-2s2-1s1s1__group.2193__X101__Z133	48	2x2	4	4	0	1	explicit
x__2-2s2-1s1s1__group.2193__X101__Z36	48	2x2x2x2	16	16	0	1	explicit
x__2-2s2-1s1s1__group.2193__X101__Z111	48	2x2x2x2x2x2	64	64	0	1	explicit
x__2-2s2-1s1s1__group.2193__X101__Z27	48	2x2x2x2x2x2x2x2	256	256	0	1	explicit
x__2-2s2-1s1s1__group.2193__X101__Z4	48	2x2x2x2x2	32	32	0	1	explicit
x__2-2s2-1s1s1__group.2193__X101__Z54	48	2x2x2x2x2	32	32	0	1	explicit
x__2-2s2-1s1s1__group.2193__X101__Z155	48	2x2	4	4	0	1	explicit
x__2-2s2-1s1s1__group.2193__X101__Z2	48	2x2x2x2x2	32	32	0	1	explicit
x__2-2s2-1s1s1__group.2193__X101__Z85	48	2x2x2x2	16	16	0	1	explicit
x__2-2s2-1s1s1__group.2193__X101__Z15	48	2x2x2	8	8	0	1	explicit
x__2-2s2-1s1s1__group.2193__X101__Z114	48	2x2x2x2	16	16	0	1	explicit
x__2-2s2-1s1s1__group.2193__X101__Z87	48	2x2x2x2	16	16	0	1	explicit
x__2-2s2-1s1s1__group.2193__X101__Z136	48	2x2x2x2x2x2	64	64	0	1	explicit
x__2-2s2-1s1s1__group.2193__X101__Z19	48	2x2x2	8	8	0	1	explicit
x__2-2s2-1s1s1__group.2193__X101__Z107	48	2x2x2x2x2	32	32	0	1	explicit
x__2-2s2-1s1s1__group.2193__X101__Z122	48	2x2x2x2x2	32	32	0	1	explicit
x__2-2s2-1s1s1__group.2193__X101__Z148	48	2x2x2	8	8	0	1	explicit
x__3s2-2s1__group.4138__X010__Z21	144	2x2x2x6x6	128	128	0	1	explicit
x__2-2s2-1s1s1__group.2193__X101__Z14	48	2x2x2x2x2	32	32	0	1	explicit
x__2-2s2-1s1s1__group.2193__X101__Z88	48	2x2x2x2	16	16	0	1	explicit
x__2-2s2-1s1s1__group.2193__X101__Z112	48	2x2x2x2	16	16	0	1	explicit
x__2-2s2-1s1s1__group.2193__X101__Z45	48	2x2x2	8	8	0	1	explicit
x__2-2s2-1s1s1__group.2193__X101__Z71	48	2x2x2x2x2	32	32	0	1	explicit
x__2-2s2-1s1s1__group.2193__X101__Z9	48	2x2x2x2x2x2	64	64	0	1	explicit
x__2-2s2-1s1s1__group.2193__X101__Z153	48	2x2	4	4	0	1	explicit
x__2-2s2-1s1s1__group.2193__X101__Z55	48	2x2x2x2x2	32	32	0	1	explicit
x__2-2s2-1s1s1__group.2193__X101__Z132	48	2x2	4	4	0	1	explicit
x__2-2s2-1s1s1__group.2193__X101__Z41	48	2x2x2	8	8	0	1	explicit
x__2-2s2-1s1s1__group.2193__X101__Z26	48	2x2x2x2x2	32	32	0	1	explicit
x__2-2s2-1s1s1__group.2193__X101__Z31	48	2x2x2	8	8	0	1	explicit
x__3s2-2s1__group.4138__X010__Z17	144	6x6	12	12	0	1	explicit
x__2-2s2-1s1s1__group.2193__X101__Z97	48	2x2x2	8	8	0	1	explicit
x__2-2s2-1s1s1__group.2193__X101__Z40	48	2x2x2x2x2	32	32	0	1	explicit
x__2-2s2-1s1s1__group.2193__X101__Z98	48	2x2x2	8	8	0	1	explicit
x__2-2s2-1s1s1__group.2193__X101__Z102	48	2x2	4	4	0	1	explicit
x__2-2s2-1s1s1__group.2193__X101__Z104	48	2x2x2x2x2	32	32	0	1	explicit
x__2-2s2-1s1s1__group.2193__X101__Z12	48	2x2x2	8	8	0	1	explicit
x__2-2s2-1s1s1__group.2193__X101__Z130	48	2x2x2x2x2	32	32	0	1	explicit
x__2-2s2-1s1s1__group.2193__X101__Z48	48	2x2x2	8	8	0	1	explicit
x__2-2s2-1s1s1__group.2193__X101__Z100	48	2x2x2	8	8	0	1	explicit
x__2-2s2-1s1s1__group.2193__X101__Z140	48	2x2x2x2	16	16	0	1	explicit
x__2-2s2-1s1s1__group.2193__X101__Z80	48	2x2	4	4	0	1	explicit
x__2-2s2-1s1s1__group.2193__X101__Z21	48	2x2x2x2x2	32	32	0	1	explicit
x__2-2s2-1s1s1__group.2193__X101__Z63	48	2x2x2x2	16	16	0	1	explicit
x__2-2s2-1s1s1__group.2193__X101__Z146	48	2x2x2	8	8	0	1	explicit
x__2-2s2-1s1s1__group.2193__X101__Z1	48	2x2x2x2x2x2x2x2	256	256	0	1	explicit
x__3s2-2s1__group.4138__X010__Z28	144	2x6x6	32	32	0	1	explicit
x__2-2s2-1s1s1__group.2193__X101__Z53	48	2x2x2x2x2x2x2x2	256	256	0	1	explicit
x__2-2s2-1s1s1__group.2193__X101__Z76	48	2x2x2x2x2	32	32	0	1	explicit
x__2-2s2-1s1s1__group.2193__X101__Z150	48	2x2x2	8	8	0	1	explicit
x__2-2s2-1s1s1__group.2193__X101__Z24	48	2x2	4	4	0	1	explicit
x__2-2s2-1s1s1__group.2193__X101__Z70	48	2x2x2x2x2	32	32	0	1	explicit
x__3s2-2s1__group.4138__X010__Z3	144	2x6x6	32	32	0	1	explicit
x__2-2s2-1s1s1__group.2193__X101__Z39	48	2x2x2x2x2	32	32	0	1	explicit
x__3s2-2s1__group.4138__X010__Z7	144	2x2x2x6x6	128	128	0	1	explicit
x__2-2s2-1s1s1__group.2193__X101__Z74	48	2x2x2x2x2	32	32	0	1	explicit
x__2-2s2-1s1s1__group.2193__X101__Z125	48	2x2x2	8	8	0	1	explicit
x__2-2s2-1s1s1__group.2193__X101__Z28	48	2x2x2x2x2	32	32	0	1	explicit
x__2-2s2-1s1s1__group.2193__X101__Z38	48	2x2x2	8	8	0	1	explicit
x__2-2s2-1s1s1__group.2193__X101__Z101	48	2x2	4	4	0	1	explicit
x__2-2s2-1s1s1__group.2193__X101__Z82	48	2x2x2	8	8	0	1	explicit
x__2-2s2-1s1s1__group.2193__X101__Z11	48	2x2x2x2	16	16	0	1	explicit
x__2-2s2-1s1s1__group.2193__X101__Z124	48	2x2x2	8	8	0	1	explicit
x__3s2-2s1__group.4138__X010__Z10	144	2x6x6	32	32	0	1	explicit
x__2-2s2-1s1s1__group.2193__X101__Z84	48	2x2x2x2x2x2	64	64	0	1	explicit
x__2-2s2-1s1s1__group.2193__X101__Z23	48	2x2	4	4	0	1	explicit
x__3s2-2s1__group.4138__X010__Z9	144	2x6x6	32	32	0	1	explicit
x__2-2s2-1s1s1__group.2193__X101__Z147	48	2x2x2x2x2	32	32	0	1	explicit
x__2-2s2-1s1s1__group.2193__X101__Z135	48	2x2x2x2x2x2	64	64	0	1	explicit
x__2-2s2-1s1s1__group.2193__X101__Z64	48	2x2x2	8	8	0	1	explicit
x__3s2-2s1__group.4138__X010__Z2	144	2x6x6	32	32	0	1	explicit
x__3s2-2s1__group.4138__X010__Z23	144	2x6x6	32	32	0	1	explicit
x__2-2s2-1s1s1__group.2193__X101__Z141	48	2x2x2	8	8	0	1	explicit
x__2-2s2-1s1s1__group.2193__X101__Z131	48	2x2	4	4	0	1	explicit
x__2-2s2-1s1s1__group.2193__X101__Z108	48	2x2x2x2x2	32	32	0	1	explicit
x__2-2s2-1s1s1__group.2193__X101__Z91	48	2x2x2x2x2	32	32	0	1	explicit
x__2-2s2-1s1s1__group.2193__X101__Z139	48	2x2x2x2	16	16	0	1	explicit
x__2-2s2-1s1s1__group.2193__X101__Z29	48	2x2x2x2x2	32	32	0	1	explicit
x__2-2s2-1s1s1__group.2193__X101__Z109	48	2x2x2	8	8	0	1	explicit
x__3s2-2s1__group.4138__X010__Z11	144	6x6	16	16	0	1	explicit
x__3s2-2s1__group.4138__X010__Z8	144	2x6x6	32	32	0	1	explicit
x__2-2s2-1s1s1__group.2193__X101__Z90	48	2x2x2x2x2	32	32	0	1	explicit
x__3s2-2s1__group.4138__X010__Z5	144	6x6	12	12	0	1	explicit
x__2-2s2-1s1s1__group.2193__X101__Z30	48	2x2x2x2x2	32	32	0	1	explicit
x__4-1s2-1__group.5098__X010__Z1	256	2x2x2x2x2x2x2	128	128	0	0	explicit
x__4-1s2-1__group.5098__X010__Z22	256	2x2x2x2x2	32	32	0	0	explicit
x__2-2s2-1s1s1__group.2193__X101__Z22	48	2x2x2	8	8	0	1	explicit
x__2-2s2-1s1s1__group.2193__X101__Z49	48	2x2	4	4	0	1	explicit
x__2-2s2-1s1s1__group.2193__X101__Z47	48	2x2x2x2x2	32	32	0	1	explicit
x__2-2s2-1s1s1__group.2193__X101__Z65	48	2x2x2x2x2x2x2x2	256	256	0	1	explicit
x__2-2s2-1s1s1__group.2193__X101__Z7	48	2x2x2x2x2x2	64	64	0	1	explicit
x__3s2-2s1__group.4138__X010__Z6	144	2x6x6	32	32	0	1	explicit
x__2-2s2-1s1s1__group.2193__X101__Z83	48	2x2x2x2x2x2	64	64	0	1	explicit
x__3s2-2s1__group.4138__X010__Z16	144	6x6	16	16	0	1	explicit
x__4-1s2-1__group.5098__X010__Z18	256	2x2x2x2	16	16	0	0	explicit
x__3s2-2s1__group.4138__X010__Z22	144	2x6x6	32	32	0	1	explicit
x__2-2s2-1s1s1__group.2193__X101__Z149	48	2x2x2	8	8	0	1	explicit
x__2-2s2-2s2-1__group.3493__X10__Z23	72	2x12	12	12	0	1	explicit
x__4-1s2-1__group.5098__X010__Z6	256	2x2x2x2x2	24	24	0	0	explicit
x__2-2s2-1s1s1__group.2193__X101__Z8	48	2x2x2x2	16	16	0	1	explicit
x__2-2s2-1s1s1__group.2193__X101__Z6	48	2x2x2x2x2x2	64	64	0	1	explicit
x__2-2s2-1s1s1__group.2193__X101__Z25	48	2x2	4	4	0	1	explicit
x__4-1s2-1__group.5098__X010__Z13	256	2x2x2x2x2x2x2x2	192	192	0	0	explicit
x__2-2s2-1s1s1__group.2193__X101__Z123	48	2x2x2x2x2	32	32	0	1	explicit
x__3s2-2s1__group.4138__X010__Z1	144	2x2x6x6	64	64	0	1	explicit
x__2-2s2-1s1s1__group.2193__X101__Z46	48	2x2x2	8	8	0	1	explicit
x__2-2s2-1s1s1__group.2193__X101__Z77	48	2x2x2	8	8	0	1	explicit
x__3s2-2s1__group.4138__X010__Z25	144	6x6	16	16	0	1	explicit
x__3s2-2s1__group.4138__X010__Z20	144	2x6x6	32	32	0	1	explicit
x__4-1s2-1__group.5098__X010__Z3	256	2x2x2x2x2x2	48	48	0	0	explicit
x__2-2s2-2s2-1__group.3493__X10__Z11	72	6x12	24	24	0	1	explicit
x__2-2s2-2s2-1__group.3493__X10__Z22	72	6	4	4	0	1	explicit
x__4-1s2-1__group.5098__X010__Z14	256	2x2x2x2x2	32	32	0	0	explicit
x__4-1s2-1__group.5098__X010__Z8	256	2x2x2x2x2x2	48	48	0	0	explicit
x__2-2s2-2s2-1__group.3493__X10__Z10	72	3x6	8	8	0	1	explicit
x__3s2-2s1__group.4138__X010__Z26	144	2x6x6	32	32	0	1	explicit
x__2-2s2-1s2-1__group.2598__X111__Z22	96	2x2x2x2	16	16	0	1	explicit
x__3s2-2s1__group.4138__X010__Z13	144	2x2x6x6	64	64	0	1	explicit
x__2-2s2-1s1s1__group.2193__X101__Z138	48	2x2x2x2x2x2	64	64	0	1	explicit
x__3s2-2s1__group.4138__X010__Z27	144	2x2x2x6x6	128	128	0	1	explicit
x__2-2s2-1s2-1__group.2598__X111__Z20	96	2x2x2x2	16	16	0	1	explicit
x__4-3s2-1__group.7277__X010__Z1	960	2x2x2x6	32	32	0	1	explicit
x__2-2s2-2s2-1__group.3493__X10__Z16	72	3x6	8	8	0	1	explicit
x__4-3ps2-1__group.7138__C__Z4	160	2x2x2	8	8	0	1	explicit
x__4-1s2-1__group.5098__X010__Z4	256	2x2x2x2x2	32	32	0	0	explicit
x__2-2s2-2s2-1__group.3493__X10__Z25	72	2x12	12	12	0	1	explicit
x__4-1s2-1__group.5098__X010__Z15	256	2x2x2x2x2	32	32	0	0	explicit
x__2-2s2-2s2-1__group.3493__X10__Z5	72	3x6x12	48	48	0	1	explicit
x__3s2-2s1__group.4138__X010__Z19	144	2x2x2x6x6	128	128	0	1	explicit
x__3s2-2s1__group.4138__X010__Z14	144	2x6x6	32	32	0	1	explicit
x__3s2-2s1__group.4138__X010__Z18	144	2x6x6	32	32	0	1	explicit
x__2-2s2-1s2-1__group.2598__X111__Z16	96	2x2x2x2	16	16	0	1	explicit
x__4-1s2-1__group.5098__X010__Z19	256	2x2x2x2x2x2x2	128	128	0	0	explicit
x__2-2s2-1s1s1__group.2193__X101__Z79	48	2x2	4	4	0	1	explicit
x__2-2s2-1s2-1__group.2598__X111__Z23	96	2x2x2	8	8	0	1	explicit
x__2-2s2-2s2-1__group.3493__X10__Z20	72	3x6	8	8	0	1	explicit
x__2-2c2-2s2-2__group.1667__X0010__Z2	144	2x2x6	16	24	8	0	explicit
x__2-2s2-2s2-1__group.3493__X10__Z13	72	6x12	24	24	0	1	explicit
x__4-1s2-1__group.5098__X010__Z5	256	2x2x2x2x2	24	24	0	0	explicit
x__4-3s2-1__group.7277__X010__Z6	960	2x6	8	8	0	1	explicit
x__2-2s2-2s2-1__group.3493__X10__Z2	72	3x3x6	16	16	0	1	explicit
x__4-1s2-1__group.5098__X010__Z12	256	2x2x2x2x2	24	24	0	0	explicit
x__3s2-2s1__group.4138__X010__Z15	144	2x6x6	32	32	0	1	explicit
x__3s2-2s1__group.4138__X010__Z4	144	6x6	16	16	0	1	explicit
x__2-2s2-1s2-1__group.2598__X111__Z24	96	2x2x2	8	8	0	1	explicit
x__2-2s2-2s2-1__group.3493__X10__Z27	72	2x12	12	12	0	1	explicit
x__2-2s2-1s2-1__group.2598__X111__Z11	96	2x2x2	8	8	0	1	explicit
x__4-1s2-1__group.5098__X010__Z21	256	2x2x2x2x2	32	32	0	0	explicit
x__4-1s2-2__group.5847__X111__Z6	96	2x2	4	4	0	1	explicit
x__4-2s2-1__group.6532__X0001__Z5	576	2x2x2x2x2x2	48	48	0	0	explicit
x__2-2c2-2s2-2__group.1667__X0010__Z1	144	2x2x6	12	18	6	0	explicit
x__4-3s2-1__group.7277__X010__Z8	960	2x6	8	8	0	1	explicit
x__2-2s2-2s2-1__group.3493__X10__Z14	72	3x6	8	8	0	1	explicit
x__4-1s2-1__group.5098__X010__Z2	256	2x2x2x2x2x2	48	48	0	0	explicit
x__2-2s2-2s2-1__group.3493__X10__Z3	72	6x12	24	24	0	1	explicit
x__3s2-2s1__group.4138__X010__Z12	144	2x6x6	32	32	0	1	explicit
x__2-2s2-1s2-1__group.2598__X111__Z12	96	2x2x4	12	12	0	1	explicit
x__4-1s2-1__group.5098__X010__Z24	256	2x2x2x2	16	16	0	0	explicit
x__2-2s2-2s2-1__group.3493__X10__Z18	72	3x6	8	8	0	1	explicit
x__2-2s2-1s2-1__group.2598__X111__Z9	96	2x2x2x2	16	16	0	1	explicit
x__4-1s2-2__group.5309__X11__Z5	1152	2	2	2	0	1	explicit
x__4-1s2-1__group.5098__X010__Z17	256	2x2x2x2	16	16	0	0	explicit
x__4-1s2-2__group.5847__X111__Z1	96	2x2x2x2	16	16	0	1	explicit
x__2-2s2-1pc2-1p__group.1906__T__Z2	24	2x2x2	6	6	0	1	explicit
x__4-1s2-1__group.5036__X010__Z2	192	2x2	4	4	0	1	explicit
x__4-2s2-1__group.6532__X0001__Z4	576	2x2x2	8	8	0	0	explicit
x__2-2s2-2s2-1__group.3493__X10__Z4	72	3x6	8	8	0	1	explicit
x__4-3s2-1__group.7277__X010__Z3	960	2x2x2x6	32	32	0	1	explicit
x__2-2s2-2s2-1__group.3493__X10__Z1	72	3x6x12	48	48	0	1	explicit
x__3s2-2s1__group.4138__X010__Z24	144	2x6x6	32	32	0	1	explicit
x__2-2s2-2s2-1__group.3493__X10__Z26	72	6	4	4	0	1	explicit
x__2-2s2-1s2-1__group.2598__X111__Z7	96	2x2x2x2x2x2	64	64	0	1	explicit
x__2-2s2-1s2-1__group.2598__X111__Z15	96	2x2x2x2	16	16	0	1	explicit
x__4-1s2-2__group.5309__X11__Z4	1152	2x2x2	8	8	0	1	explicit
x__4-1s2-1__group.5098__X010__Z23	256	2x2x2x2	16	16	0	0	explicit
x__4-1s2-1__group.5098__X010__Z10	256	2x2x2x2x2x2	48	48	0	0	explicit
x__2-2s2-1pc2-1p__group.1906__T__Z1	24	2x2x2x4	12	12	0	1	explicit
x__4-2s2-1__group.6532__X0001__Z3	576	2x2x2x2x2x2	64	64	0	0	explicit
x__2-2s2-2s2-1__group.3493__X10__Z6	72	3x3x6	16	16	0	1	explicit
x__2-2s2-1s2-1__group.2598__X111__Z10	96	2x2x2x2	16	16	0	1	explicit
x__2-2s2-2s2-1__group.3493__X10__Z19	72	6x12	24	24	0	1	explicit
x__4-1s2-2__group.5847__X111__Z8	96	2x2	4	4	0	1	explicit
x__4-3s2-1__group.7277__X010__Z4	960	2x6	8	8	0	1	explicit
x__2-2s2-1s2-1__group.2598__X111__Z1	96	2x2x2x2x2x2	64	64	0	1	explicit
x__4-1s2-1__group.5036__X010__Z1	192	2x2x2x2	16	16	0	1	explicit
x__4-2s2-2__group.6802__X10__Z11	216	3x6	8	8	0	1	explicit
x__2-2s2-1s2-1__group.2598__X111__Z3	96	2x2x2x2	16	16	0	1	explicit
x__4-1s2-2__group.5309__X11__Z3	1152	2	2	2	0	1	explicit
x__2-2s2-2s2-1__group.3493__X10__Z15	72	6x12	24	24	0	1	explicit
x__4-1s2-1__group.5098__X010__Z9	256	2x2x2x2x2x2	48	48	0	0	explicit
x__4-1s2-1__group.5098__X010__Z11	256	2x2x2x2x2	24	24	0	0	explicit
x__6-3p__group.7634__T__Z1	14	2	2	2	0	1	explicit
x__2-2s2-2s2-1__group.3493__X10__Z21	72	2x12	12	12	0	1	explicit
x__2-2s2-1s2-1__group.2598__X111__Z17	96	2x2x2	8	8	0	1	explicit
x__2-2s2-2s2-1__group.3493__X10__Z8	72	3x6	8	8	0	1	explicit
x__4-3s2-1__group.7249__C__Z1	960	2x2x2x6	32	32	0	1	explicit
x__2-2s2-1s2-1__group.2598__X111__Z6	96	2x2x4	12	12	0	1	explicit
x__4-1s2-2__group.5847__X111__Z4	96	2x2	4	4	0	1	explicit
x__2-2s2-1s2-1__group.2598__X111__Z4	96	2x2x2x2	16	16	0	1	explicit
x__4-3s2-1__group.7277__X010__Z5	960	2x2x2x6	32	32	0	1	explicit
x__4-2s2-2__group.6802__X10__Z9	216	2	2	2	0	1	explicit
x__2-2s2-2s2-1__group.3493__X10__Z12	72	3x6	8	8	0	1	explicit
x__4-1s2-2__group.5309__X11__Z1	1152	2x2	4	4	0	1	explicit
x__4-1s2-1__group.5098__X010__Z7	256	2x2x2x2x2x2x2x2	192	192	0	0	explicit
x__4-1s2-1__group.5098__X010__Z16	256	2x2x2x2x2x2	48	48	0	0	explicit
x__2-2s2-2s2-1__group.3493__X10__Z9	72	6x12	24	24	0	1	explicit
x__2-2s2-2s2-1__group.3493__X10__Z17	72	6x12	24	24	0	1	explicit
x__6-3p__group.7634__T__Z2	14	2	2	2	0	1	explicit
x__2-2s2-1s2-1__group.2598__X111__Z21	96	2x2x2x2	16	16	0	1	explicit
x__2-2s2-1s2-1__group.2598__X111__Z5	96	2x2x2	8	8	0	1	explicit
x__4-3s2-1__group.7249__C__Z4	960	2x6	8	8	0	1	explicit
x__4-1s2-2__group.5847__X111__Z3	96	2x2x2x2	16	16	0	1	explicit
x__2-2s2-1s2-1__group.2598__X111__Z8	96	2x2x2x4	24	24	0	1	explicit
x__4-3s2-1__group.7277__X010__Z2	960	2x6	8	8	0	1	explicit
x__4-2s2-2__group.6802__X10__Z7	216	2	2	2	0	1	explicit
x__2-2s2-2s2-1__group.3493__X10__Z24	72	6	4	4	0	1	explicit
x__2-2s2-2s2-1__group.3493__X10__Z28	72	6	4	4	0	1	explicit
x__2-2s2-2s2-1__group.3493__X10__Z7	72	6x12	24	24	0	1	explicit
x__6-3p__group.7634__T__Z3	14	2	2	2	0	1	explicit
x__6-2__group.7617__X101__Z1	864	2x2	4	4	0	0	explicit
x__4-1s2-1__group.5098__X010__Z20	256	2x2x2x2x2	32	32	0	0	explicit
x__2-2s2-1s2-1__group.2598__X111__Z2	96	2x2x2x4	24	24	0	1	explicit
x__2-2s2-1s2-1__group.2598__X111__Z19	96	2x2x2x2x2x2	64	64	0	1	explicit
x__2-2s2-1s2-1__group.2598__X111__Z14	96	2x2x2x2	16	16	0	1	explicit
x__3s1c1s1__group.3789__X11__Z7	48	2x2x2x2x2	15	15	0	1	explicit
x__4-3ps2-1__group.7138__C__Z1	160	2x2x2x2x2x2	64	64	0	1	explicit
x__4-3s2-1__group.7249__C__Z3	960	2x2x2x6	32	32	0	1	explicit
x__4-2s2-2__group.6802__X10__Z6	216	6	4	4	0	1	explicit
x__4-1s2-2__group.5847__X111__Z2	96	2x2	4	4	0	1	explicit
x__3s1c1s1__group.3789__X11__Z17	48	1	1	1	0	1	trivial
x__4-2s2-2__group.6802__X10__Z4	216	6	4	4	0	1	explicit
x__4-3s2-1__group.7277__X010__Z7	960	2x2x2x6	32	32	0	1	explicit
x__2-2s2-1s2-1__group.2598__X111__Z18	96	2x2x4	12	12	0	1	explicit
x__3s1c1s1__group.3789__X11__Z24	48	2x2x2x2	12	12	0	1	explicit
x__2-2s2-1s1c1__group.1943__X01__Z11	24	2x2x2	6	6	0	1	explicit
x__3s1c1s1__group.3789__X11__Z5	48	2x2x2	8	8	0	1	explicit
x__4-2s2-2__group.6802__X10__Z1	216	6	4	4	0	1	explicit
x__3s1c1s1__group.3789__X11__Z6	48	2x2x2x2	6	6	0	1	explicit
x__4-3ps2-1__group.7138__C__Z2	160	2x2x2	8	8	0	1	explicit
x__2-2s2-1s2-1__group.2598__X111__Z13	96	2x2x2x2x2x2	64	64	0	1	explicit
x__4-3s2-1__group.7249__C__Z2	960	2x6	8	8	0	1	explicit
x__2-2s2-2s2-2__group.3566__X010011__Z1	1728	2x2x2x2x2	10	10	0	0	explicit
x__4-1s2-2__group.5847__X111__Z5	96	2x2x2x2	16	16	0	1	explicit
x__3s1c1s1__group.3789__X11__Z29	48	2x2	4	4	0	1	explicit
x__4-2s2-2__group.6802__X10__Z3	216	6	4	4	0	1	explicit
x__2-2s2-1s1c1__group.1943__X01__Z5	24	2x2	3	3	0	1	explicit
x__3s1c1s1__group.3789__X11__Z1	48	2x2x2x2x2	8	8	0	1	explicit
x__4-2s2-2__group.6802__X10__Z8	216	2	2	2	0	1	explicit
x__2-2s2-1s1c1__group.1943__X01__Z14	24	2	2	2	0	1	explicit
x__3s1c1s1__group.3789__X11__Z30	48	2x2x2x2x2x2	16	16	0	1	explicit
x__4-1s2-1__group.5277__T__Z13	768	2x2	4	4	0	1	explicit
x__4-3ps2-1__group.7138__C__Z3	160	2x2x2x2x2x2	64	64	0	1	explicit
x__2-2s2-2s2-2__group.3662__T__Z1	36	6x6	16	24	8	0	explicit
x__4-1s2-1__group.5277__T__Z11	768	2x2x4	12	12	0	1	explicit
x__4-2s2-1__group.6532__X0001__Z6	576	2x2x2	8	8	0	0	explicit
x__4-2s2-2__group.6802__X10__Z2	216	6	4	4	0	1	explicit
x__4-1s2-2__group.5847__X111__Z7	96	2x2x2x2	16	16	0	1	explicit
x__3s1c1s1__group.3789__X11__Z16	48	2x2x2	6	6	0	1	explicit
x__6-1__min.656__T__Z2	96	2x6	6	7	1	0	explicit
x__2-2s2-1s1c1__group.1943__X01__Z13	24	2x2	4	4	0	1	explicit
x__2-2s2-1s1c1__group.1943__X01__Z2	24	2x2	4	4	0	1	explicit
x__4-2s2-2__group.6802__X10__Z14	216	6	4	4	0	1	explicit
x__3s1c1s1__group.3789__X11__Z31	48	2x2x2x2	16	16	0	1	explicit
x__4-1s2-1__group.5277__T__Z12	768	2x2x2	8	8	0	1	explicit
x__2-2s2-2s2-2__group.3662__T__Z2	36	6x6	16	24	8	0	explicit
x__3s1c1s1__group.3789__X11__Z8	48	2x2	4	4	0	1	explicit
x__4-1s2-1__group.5277__T__Z9	768	2x2x2x4	24	24	0	1	explicit
x__2-2s2-2s1s1__group.2912__X111__Z20	24	2x2x2	6	6	0	1	explicit
x__4-2s2-1__group.6532__X0001__Z1	576	2x2x2x2x2x2	48	48	0	0	explicit
x__3s1c1s1__group.3789__X11__Z11	48	2	2	2	0	1	explicit
x__4-2s2-2__group.6802__X10__Z5	216	6	4	4	0	1	explicit
x__2-2s2-1s1c1__group.1943__X01__Z12	24	2x2	3	3	0	1	explicit
x__4-2s2-2__group.6802__X10__Z13	216	3x6	8	8	0	1	explicit
x__2-2s2-2s1s1__group.2912__X111__Z1	24	2x2x2x2x2x2	36	36	0	1	explicit
x__2-2s2-1s1c1__group.1943__X01__Z3	24	2x2x2	4	4	0	1	explicit
x__6-1__min.656__T__Z5	96	2x6	6	7	1	0	explicit
x__4-1s2-1__group.5277__T__Z15	768	2x2x4	12	12	0	1	explicit
x__3s1c1s1__group.3789__X11__Z32	48	2x2	4	4	0	1	explicit
x__3s1c1s1__group.3789__X11__Z25	48	2x2x2x2	12	12	0	1	explicit
x__4-1s2-2__group.5309__X11__Z2	1152	2x2	4	4	0	1	explicit
x__4-1s2-1__group.5277__T__Z7	768	2x2x2x2x4	48	48	0	1	explicit
x__4-2s2-2__group.6802__X10__Z10	216	3x6	8	8	0	1	explicit
x__4-2s2-1__group.6532__X0001__Z2	576	2x2x2	8	8	0	0	explicit
x__4-2s2-2__group.6802__X10__Z12	216	2	2	2	0	1	explicit
x__2-2s2-1s1c1__group.1943__X01__Z8	24	2x2x2x2	8	8	0	1	explicit
x__2-2s2-2s1s1__group.2912__X111__Z2	24	2x2x2x2x2x2	36	36	0	1	explicit
x__2-2s2-1s1c1__group.1943__X01__Z4	24	2x2x2	6	6	0	1	explicit
x__4-1s2-1__group.5277__T__Z4	768	2x2x2x2	16	16	0	1	explicit
x__3s1c1s1__group.3789__X11__Z21	48	2x2x2x2	8	8	0	1	explicit
x__3s1c1s1__group.3789__X11__Z22	48	2x2x2x2x2	24	24	0	1	explicit
x__2-2s2-2s1s1__group.2912__X111__Z8	24	2x2x2	6	6	0	1	explicit
x__3s1c1s1__group.3789__X11__Z18	48	2x2	4	4	0	1	explicit
x__6-1__min.656__T__Z4	96	2x6	6	7	1	0	explicit
x__4-1s2-1__group.5277__T__Z6	768	2x2x2x2	16	16	0	1	explicit
x__2-2s2-1s2-1__group.2690__X1110__Z19	96	2x2x2x2x2x2	30	30	0	1	explicit
x__2-2s2-1s1c1__group.1943__X01__Z1	24	2x2x2x2	8	8	0	1	explicit
x__4-2s2-2__group.6725__X100__Z3	216	2x2	4	4	0	1	explicit
x__2-2s2-1s2-1__group.2690__X1110__Z14	96	2x2x2x2x4	36	36	0	1	explicit
x__3s1c1s1__group.3789__X11__Z9	48	2x2x2	8	8	0	1	explicit
x__2-2s2-2s1s1__group.2912__X111__Z5	24	2	2	2	0	1	explicit
x__4-1s2-1__group.5277__T__Z3	768	2x2x2x2x4	36	36	0	1	explicit
x__2-2s2-2s1s1__group.2912__X111__Z9	24	2	2	2	0	1	explicit
x__3s1c1s1__group.3789__X11__Z19	48	2x2x2x2x2x2x2	24	24	0	1	explicit
x__2-1s2-1s1c1__group.1307__X0110__Z135	64	2x2x2x2x2x2x2x2	160	160	0	1	explicit
x__3s1c1s1__group.3789__X11__Z27	48	2x2x2	6	6	0	1	explicit
x__4-1s2-1__group.5277__T__Z1	768	2x2x2x2x4	48	48	0	1	explicit
x__2-2s2-1s2-1__group.2690__X1110__Z21	96	2x2x2	6	6	0	1	explicit
x__2-2s2-1s1c1__group.1943__X01__Z6	24	2x2	4	4	0	1	explicit
x__3s1c1s1__group.3789__X11__Z14	48	2x2	4	4	0	1	explicit
x__4-2s2-2__group.6725__X100__Z4	216	2x2	4	4	0	1	explicit
x__4-1s2-1__group.5277__T__Z2	768	2x2x2x2	16	16	0	1	explicit
x__2-2s2-1s2-1__group.2690__X1110__Z22	96	2x2x2x2x4	32	32	0	1	explicit
x__2-2s2-2s1s1__group.2912__X111__Z4	24	2x2x2	6	6	0	1	explicit
x__6-1__min.656__T__Z3	96	2x6	6	7	1	0	explicit
x__2-2s2-2s1s1__group.2912__X111__Z7	24	2x2x2	8	8	0	1	explicit
x__3s1c1s1__group.3789__X11__Z26	48	2x2	4	4	0	1	explicit
x__3s1c1s1__group.3789__X11__Z20	48	2x2x2x2x2x2	16	16	0	1	explicit
x__2-1s2-1s1c1__group.1307__X0110__Z132	64	2x2x2x2x2x2x2x4	184	184	0	1	explicit
x__2-1s2-1s1c1__group.1307__X0110__Z62	64	2x2x2x2x2x2x2x2	160	160	0	1	explicit
x__4-1s2-1__group.5277__T__Z8	768	2x2x2x2	16	16	0	1	explicit
x__2-2s2-1s1c1__group.1943__X01__Z7	24	2	2	2	0	1	explicit
x__2-2s2-1s2-1__group.2690__X1110__Z1	96	2x2x2x2x2x2x2x2x4	224	224	0	1	explicit
x__4-1s2-1__group.5277__T__Z5	768	2x2x2x2	12	12	0	1	explicit
x__4-2s2-2__group.6725__X100__Z2	216	2x2	3	3	0	1	explicit
x__2-2s2-2s1s1__group.2912__X111__Z3	24	2x2x2	8	8	0	1	explicit
x__2-2s2-1s2-1__group.2690__X1110__Z5	96	2x2x2x2x2x2	30	30	0	1	explicit
x__2-2s2-2s1s1__group.2912__X111__Z19	24	2x2x2	6	6	0	1	explicit
x__3s1c1s1__group.3789__X11__Z4	48	2x2x2	8	8	0	1	explicit
x__2-2s2-1s2-1__group.2690__X1110__Z20	96	2x2x2x2x4	32	32	0	1	explicit
x__3s1c1s1__group.3789__X11__Z10	48	2x2x2	6	6	0	1	explicit
x__3s1c1s1__group.3789__X11__Z13	48	2x2x2x2	9	9	0	1	explicit
x__2-1s2-1s1c1__group.1307__X0110__Z36	64	2x2x2x2x2x2x2x2	192	192	0	1	explicit
x__2-1s2-1s1c1__group.1307__X0110__Z104	64	2x2x2x2x2x2x2x4	168	168	0	1	explicit
x__2-2s2-1s1c1__group.1943__X01__Z9	24	2x2	4	4	0	1	explicit
x__4-1s2-1__group.5277__T__Z10	768	2x2x4	12	12	0	1	explicit
x__4-2s2-2__group.6725__X100__Z1	216	2x2	3	3	0	1	explicit
x__2-2s2-1s2-1__group.2690__X1110__Z6	96	2x2x2x2x4	32	32	0	1	explicit
x__2-2s2-2s1s1__group.2912__X111__Z14	24	2	2	2	0	1	explicit
x__6-1__min.656__T__Z8	96	2x6	6	7	1	0	explicit
x__3s1c1s1__group.3789__X11__Z3	48	2x2x2x2x2	10	10	0	1	explicit
x__2-2s2-1s2-1__group.2690__X1110__Z2	96	2x2x2x2x2x2	48	48	0	1	explicit
x__2-2s2-1s2-1__group.2690__X1110__Z18	96	2x2x2x2x2x2	27	27	0	1	explicit
x__3s1c1s1__group.3789__X11__Z12	48	2	2	2	0	1	explicit
x__3s1c1s1__group.3789__X11__Z28	48	2x2	4	4	0	1	explicit
x__2-2s2-2s1s1__group.2912__X111__Z10	24	2x2x2x2x2x2	36	36	0	1	explicit
x__2-1s2-1s1c1__group.1307__X0110__Z31	64	2x2x2x2x2x2	36	36	0	1	explicit
x__2-2s2-1s1c1__group.1943__X01__Z10	24	2x2x2	4	4	0	1	explicit
x__2-1s2-1s1c1__group.1307__X0110__Z103	64	2x2x2x2x2x2x4	104	104	0	1	explicit
x__2-2s2-1s2-1__group.2690__X1110__Z8	96	2x2x2x2x4	32	32	0	1	explicit
x__4-1s2-1__group.5277__T__Z17	768	2x2x4	12	12	0	1	explicit
x__4-1s2-1__group.5277__T__Z14	768	2x2x4	12	12	0	1	explicit
x__2-2s2-2s1s1__group.2912__X111__Z13	24	2x2x2	6	6	0	1	explicit
x__3s1c1s1__group.3789__X11__Z2	48	2x2x2x2x2	12	12	0	1	explicit
x__6-1__min.656__T__Z6	96	2x6	6	7	1	0	explicit
x__2-2s2-1s2-1__group.2690__X1110__Z3	96	2x2x2x2x2x2x2x2x4	252	252	0	1	explicit
x__2-2s2-1s2-1__group.2690__X1110__Z11	96	2x2x2x2x2x2	48	48	0	1	explicit
x__3s1c1s1__group.3789__X11__Z15	48	2x2	4	4	0	1	explicit
x__2-2s2-2s1s1__group.2912__X111__Z17	24	2x2x2	6	6	0	1	explicit
x__2-1s2-1s1c1__group.1307__X0110__Z55	64	2x2x2x2x2x2x2x2x2x2x2	1152	1152	0	1	explicit
x__2-1s2-1s1c1__group.1307__X0110__Z54	64	2x2x2x2x2x2x2x2	192	192	0	1	explicit
x__2-2s2-1s2-1__group.2690__X1110__Z9	96	2x2x2x2x2x2x2x2x4	368	368	0	1	explicit
x__2-1s2-1s1c1__group.1307__X0110__Z77	64	2x2x2x2x2x2x2x2x2x2x2x2	960	960	0	1	explicit
x__2-2s2-2s1s1__group.2912__X111__Z12	24	2x2x2	8	8	0	1	explicit
x__4-1s2-1__group.5277__T__Z16	768	2x2	4	4	0	1	explicit
x__2-1s2-1s1c1__group.1307__X0110__Z38	64	2x2x2x2x2x2x2x2x2x2x2x2x2x2x2	7680	7680	0	1	explicit
x__2-2s2-1s2-1__group.2690__X1110__Z4	96	2x2x2x2x2x2	27	27	0	1	explicit
x__2-2s2-1s2-1__group.2690__X1110__Z16	96	2x2x2x2x2x2	48	48	0	1	explicit
x__6-1__min.656__T__Z1	96	2x6	6	7	1	0	explicit
x__3s1c1s1__group.3789__X11__Z23	48	2x2x2x2	12	12	0	1	explicit
x__2-1s2-1s1c1__group.1307__X0110__Z49	64	2x2x2x2x2x2x2x2	120	120	0	1	explicit
x__2-1s2-1s1c1__group.1307__X0110__Z25	64	2x2x2x2x2x2x2x2	144	144	0	1	explicit
x__2-2s2-2s1s1__group.2912__X111__Z16	24	2x2x2	8	8	0	1	explicit
x__2-2s2-1s2-1__group.2690__X1110__Z7	96	2x2x2	6	6	0	1	explicit
x__2-1s2-1s1c1__group.1307__X0110__Z83	64	2x2x2x2x2x2x2x2x2x2	240	240	0	1	explicit
x__2-1s2-1s1c1__group.1307__X0110__Z39	64	2x2x2x2x2x2x2x2x2x2x2x2	960	960	0	1	explicit
x__2-1s2-1s1c1__group.1307__X0110__Z53	64	2x2x2x2x2x2x2x2	120	120	0	1	explicit
x__2-2s2-2s1s1__group.2912__X111__Z15	24	2x2x2	6	6	0	1	explicit
x__2-1s2-1s1c1__group.1307__X0110__Z102	64	2x2x2x2x2x2	48	48	0	1	explicit
x__2-2s2-1s2-1__group.2690__X1110__Z17	96	2x2x2x2x2x2x2x2x4	252	252	0	1	explicit
x__2-1s2-1s1c1__group.1307__X0110__Z117	64	2x2x2x2x2x2x2x2x2x2	480	480	0	1	explicit
x__2-1s2-1s1c1__group.1307__X0110__Z63	64	2x2x2x2x2x2x2x2	256	256	0	1	explicit
x__2-1s2-1s1c1__group.1307__X0110__Z82	64	2x2x2x2x2x2x2x2x2x2x2x2	960	960	0	1	explicit
x__6-1__min.656__T__Z7	96	2x6	6	7	1	0	explicit
x__2-2s2-2s1s1__group.2912__X111__Z11	24	2x2x2	6	6	0	1	explicit
x__2-2s2-1s2-1__group.2690__X1110__Z15	96	2x2x2x2x2x2x2x2x4	224	224	0	1	explicit
x__2-1s2-1s1c1__group.1307__X0110__Z30	64	2x2x2x2x2x2x2x2	144	144	0	1	explicit
x__2-1s2-1s1c1__group.1307__X0110__Z13	64	2x2x2x2x2x2x2x2x2x2x2	1152	1152	0	1	explicit
x__2-1s2-1s1c1__group.1307__X0110__Z84	64	2x2x2x2x2x2x2x2x2x2x2x2	1920	1920	0	1	explicit
x__2-2s2-2s1s1__group.2912__X111__Z6	24	2x2x2x2x2x2	36	36	0	1	explicit
x__2-1s2-1s1c1__group.1307__X0110__Z139	64	2x2x2x2x2x2	48	48	0	1	explicit
x__2-1s2-1s1c1__group.1307__X0110__Z98	64	2x2x2x2x2x2x2x2	160	160	0	1	explicit
x__2-1s2-1s1c1__group.1307__X0110__Z97	64	2x2x2x2x2x2x4	104	104	0	1	explicit
x__2-1s2-1s1c1__group.1307__X0110__Z105	64	2x2x2x2x2x2x2x4	184	184	0	1	explicit
x__2-2s2-1s2-1__group.2690__X1110__Z10	96	2x2x2x2x2x2	48	48	0	1	explicit
x__2-1s2-1s1c1__group.1307__X0110__Z145	64	2x2x2x2x2x2x2x2x2x2x2	1152	1152	0	1	explicit
x__2-2s2-2s1s1__group.2912__X111__Z18	24	2	2	2	0	1	explicit
x__2-1s2-1s1c1__group.1307__X0110__Z37	64	2x2x2x2x2x2x2	128	128	0	1	explicit
x__2-1s2-1s1c1__group.1307__X0110__Z138	64	2x2x2x2x2x2x2x2	256	256	0	1	explicit
x__2-2s2-1s2-1__group.2690__X1110__Z12	96	2x2x2x2x4	40	40	0	1	explicit
x__2-1s2-1s1c1__group.1307__X0110__Z101	64	2x2x2x2x2x2x2x2	192	192	0	1	explicit
x__2-1s2-1s1c1__group.1307__X0110__Z14	64	2x2x2x2x2x2x2x2x2x2x2	480	480	0	1	explicit
x__2-1s2-1s1c1__group.1307__X0110__Z70	64	2x2x2x2x2x2x2x2x2x2x2	1152	1152	0	1	explicit
x__2-1s2-1s1c1__group.1307__X0110__Z65	64	2x2x2x2x2x2x2	80	80	0	1	explicit
x__2-1s2-1s1c1__group.1307__X0110__Z59	64	2x2x2x2x2x2	36	36	0	1	explicit
x__2-1s2-1s1c1__group.1307__X0110__Z76	64	2x2x2x2x2x2x2x2x2x2x2x2x2x2x2	7680	7680	0	1	explicit
x__2-1s2-1s1c1__group.1307__X0110__Z90	64	2x2x2x2x2x2x2x2x2	240	240	0	1	explicit
x__2-1s2-1s1c1__group.1307__X0110__Z133	64	2x2x2x2x2x2x2x2x4	480	480	0	1	explicit
x__2-1s2-1s1c1__group.1307__X0110__Z51	64	2x2x2x2x2x2x2x2x2x2x2	480	480	0	1	explicit
x__2-1s2-1s1c1__group.1307__X0110__Z15	64	2x2x2x2x2x2x2x2x2	240	240	0	1	explicit
x__2-1s2-1s1c1__group.1307__X0110__Z142	64	2x2x2x2x2x2x2x2x2	240	240	0	1	explicit
x__2-2s2-1s2-1__group.2690__X1110__Z13	96	2x2x2	8	8	0	1	explicit
x__2-1s2-1s1c1__group.1307__X0110__Z137	64	2x2x2x2x2x2x2x2	160	160	0	1	explicit
x__2-1s2-1s1c1__group.1307__X0110__Z11	64	2x2x2x2x2x2x2x2x2x2	416	416	0	1	explicit
x__2-1s2-1s1c1__group.1307__X0110__Z32	64	2x2x2x2x2x2	30	30	0	1	explicit
x__2-1s2-1s1c1__group.1307__X0110__Z9	64	2x2x2x2x2x2x2x2x2x2x2x2	1920	1920	0	1	explicit
x__2-1s2-1s1c1__group.1307__X0110__Z91	64	2x2x2x2x2x2x2x2	120	120	0	1	explicit
x__2-1s2-1s1c1__group.1307__X0110__Z6	64	2x2x2x2x2x2x2x2x2x2x2x2	960	960	0	1	explicit
x__2-1s2-1s1c1__group.1307__X0110__Z64	64	2x2x2x2x2x2	48	48	0	1	explicit
x__2-1s2-1s1c1__group.1307__X0110__Z34	64	2x2x2x2x2x2x2x2	192	192	0	1	explicit
x__2-1s2-1s1c1__group.1307__X0110__Z143	64	2x2x2x2x2x2x2	96	96	0	1	explicit
x__2-1s2-1s1c1__group.1307__X0110__Z134	64	2x2x2x2x2x4	60	60	0	1	explicit
x__2-1s2-1s1c1__group.1307__X0110__Z129	64	2x2x2x2x2x2x2x4	288	288	0	1	explicit
x__2-1s2-1s1c1__group.1307__X0110__Z87	64	2x2x2x2x2x2x2x2x2x2	368	368	0	1	explicit
x__2-1s2-1s1c1__group.1307__X0110__Z12	64	2x2x2x2x2x2x2x2	160	160	0	1	explicit
x__2-1s2-1s1c1__group.1307__X0110__Z108	64	2x2x2x2x2x2x2x2x2x2x2	1152	1152	0	1	explicit
x__2-1s2-1s1c1__group.1307__X0110__Z16	64	2x2x2x2x2x2x2x2x2	168	168	0	1	explicit
x__2-1s2-1s1c1__group.1307__X0110__Z35	64	2x2x2x2x2x2x2	128	128	0	1	explicit
x__2-1s2-1s1c1__group.1307__X0110__Z96	64	2x2x2x2x2x2x2x2x4	480	480	0	1	explicit
x__2-1s2-1s1c1__group.1307__X0110__Z79	64	2x2x2x2x2x2x2x2x2x2x2	1280	1280	0	1	explicit
x__2-1s2-1s1c1__group.1307__X0110__Z3	64	2x2x2x2x2x2x2x2x2x2x2x2	1920	1920	0	1	explicit
x__2-1s2-1s1c1__group.1307__X0110__Z52	64	2x2x2x2x2x2x2x2x2	240	240	0	1	explicit
x__2-1s2-1s1c1__group.1307__X0110__Z40	64	2x2x2x2x2x2x2x2x2x2x2x2	1920	1920	0	1	explicit
x__2-1s2-1s1c1__group.1307__X0110__Z33	64	2x2x2x2x2x2x2x2x2x2x2	1152	1152	0	1	explicit
x__2-1s2-1s1c1__group.1307__X0110__Z144	64	2x2x2x2x2x2	48	48	0	1	explicit
x__2-1s2-1s1c1__group.1307__X0110__Z116	64	2x2x2x2x2x2x2x2x2x2x2	1280	1280	0	1	explicit
x__2-1s2-1s1c1__group.1307__X0110__Z73	64	2x2x2x2x2x2x2x2	192	192	0	1	explicit
x__2-1s2-1s1c1__group.1307__X0110__Z130	64	2x2x2x2x2x2x2x2x2x2x4	1472	1472	0	1	explicit
x__2-1s2-1s1c1__group.1307__X0110__Z24	64	2x2x2x2x2x2x2x2x2x2x2	1152	1152	0	1	explicit
x__2-1s2-1s1c1__group.1307__X0110__Z10	64	2x2x2x2x2x2x2x2x2x2	480	480	0	1	explicit
x__2-1s2-1s1c1__group.1307__X0110__Z29	64	2x2x2x2x2x2x2x2	120	120	0	1	explicit
x__2-1s2-1s1c1__group.1307__X0110__Z50	64	2x2x2x2x2x2x2x2x2x2x2	1152	1152	0	1	explicit
x__2-1s2-1s1c1__group.1307__X0110__Z46	64	2x2x2x2x2x2x2x2x2x2x2x2	1920	1920	0	1	explicit
x__2-1s2-1s1c1__group.1307__X0110__Z75	64	2x2x2x2x2x2	48	48	0	1	explicit
x__2-1s2-1s1c1__group.1307__X0110__Z99	64	2x2x2x2x2x2x2x2x2x2x2	1152	1152	0	1	explicit
x__2-1s2-1s1c1__group.1307__X0110__Z123	64	2x2x2x2x2x2x2x2x2	240	240	0	1	explicit
x__2-1s2-1s1c1__group.1307__X0110__Z78	64	2x2x2x2x2x2x2x2x2x2x2x4	2688	2688	0	1	explicit
x__2-1s2-1s1c1__group.1307__X0110__Z93	64	2x2x2x2x2x2x2x2x2x2x4	1472	1472	0	1	explicit
x__2-1s2-1s1c1__group.1307__X0110__Z111	64	2x2x2x2x2x2x2x4	256	256	0	1	explicit
x__2-1s2-1s1c1__group.1307__X0110__Z121	64	2x2x2x2x2x2x2x2x2x2x2x2	1920	1920	0	1	explicit
x__2-1s2-1s1c1__group.1307__X0110__Z23	64	2x2x2x2x2x2x2x2	160	160	0	1	explicit
x__2-1s2-1s1c1__group.1307__X0110__Z5	64	2x2x2x2x2x2x2x2x2	288	288	0	1	explicit
x__2-1s2-1s1c1__group.1307__X0110__Z131	64	2x2x2x2x2x2x2x2x4	336	336	0	1	explicit
x__2-1s2-1s1c1__group.1307__X0110__Z57	64	2x2x2x2x2x2x2x2	144	144	0	1	explicit
x__2-1s2-1s1c1__group.1307__X0110__Z20	64	2x2x2x2x2x2x2x2x2	184	184	0	1	explicit
x__2-1s2-1s1c1__group.1307__X0110__Z125	64	2x2x2x2x2x2x2x2x2x2x2	1152	1152	0	1	explicit
x__2-1s2-1s1c1__group.1307__X0110__Z8	64	2x2x2x2x2x2x2x2x2x2	240	240	0	1	explicit
x__2-1s2-1s1c1__group.1307__X0110__Z72	64	2x2x2x2x2x2x2	128	128	0	1	explicit
x__2-1s2-1s1c1__group.1307__X0110__Z47	64	2x2x2x2x2x2x2x2x2x2	480	480	0	1	explicit
x__2-1s2-1s1c1__group.1307__X0110__Z67	64	2x2x2x2x2x2x2x2	160	160	0	1	explicit
x__2-1s2-1s1c1__group.1307__X0110__Z124	64	2x2x2x2x2x2x2x2	120	120	0	1	explicit
x__2-1s2-1s1c1__group.1307__X0110__Z118	64	2x2x2x2x2x2x2x2x2x2x2x2	960	960	0	1	explicit
x__2-1s2-1s1c1__group.1307__X0110__Z2	64	2x2x2x2x2x2x2x2x2x2x2x2	960	960	0	1	explicit
x__2-1s2-1s1c1__group.1307__X0110__Z136	64	2x2x2x2x2x2x2x2x2x2x2	1280	1280	0	1	explicit
x__2-1s2-1s1c1__group.1307__X0110__Z119	64	2x2x2x2x2x2x2x2x2x2x2x2	960	960	0	1	explicit
x__2-1s2-1s2-1__group.1515__X1110__Z49	128	2x2x2x2x2x2x2x2x2	216	216	0	1	explicit
x__2-1s2-1s1c1__group.1307__X0110__Z48	64	2x2x2x2x2x2x2x2x2	240	240	0	1	explicit
x__2-1s2-1s1c1__group.1307__X0110__Z27	64	2x2x2x2x2x2	40	40	0	1	explicit
x__2-1s2-1s1c1__group.1307__X0110__Z68	64	2x2x2x2x2x2	48	48	0	1	explicit
x__2-1s2-1s1c1__group.1307__X0110__Z4	64	2x2x2x2x2x2x2x2x2x2x2	1280	1280	0	1	explicit
x__2-1s2-1s1c1__group.1307__X0110__Z122	64	2x2x2x2x2x2x2x2x2x2	480	480	0	1	explicit
x__2-1s2-1s1c1__group.1307__X0110__Z41	64	2x2x2x2x2x2x2x2x2x2x2	1280	1280	0	1	explicit
x__2-1s2-1s1c1__group.1307__X0110__Z71	64	2x2x2x2x2x2x2x2	192	192	0	1	explicit
x__2-1s2-1s1c1__group.1307__X0110__Z58	64	2x2x2x2x2x2x2x2x2	288	288	0	1	explicit
x__2-1s2-1s1c1__group.1307__X0110__Z148	64	2x2x2x2x2x2x2x4	288	288	0	1	explicit
x__2-1s2-1s1c1__group.1307__X0110__Z127	64	2x2x2x2x2x2x2x2x2	240	240	0	1	explicit
x__2-1s2-1s1c1__group.1307__X0110__Z74	64	2x2x2x2x2x2x2	128	128	0	1	explicit
x__2-1s2-1s1c1__group.1307__X0110__Z126	64	2x2x2x2x2x2x2x2x2x2x2	480	480	0	1	explicit
x__2-1s2-1s2-1__group.1515__X1110__Z71	128	2x2x2x2x2x2	40	40	0	1	explicit
x__2-1s2-1s1c1__group.1307__X0110__Z109	64	2x2x2x2x2x2x2x2	192	192	0	1	explicit
x__2-1s2-1s1c1__group.1307__X0110__Z18	64	2x2x2x2x2x2x2x2x2x2x2	1152	1152	0	1	explicit
x__2-1s2-1s1c1__group.1307__X0110__Z95	64	2x2x2x2x2x2x2x4	184	184	0	1	explicit
x__2-1s2-1s1c1__group.1307__X0110__Z114	64	2x2x2x2x2x2x2x2x2x2x2x2	960	960	0	1	explicit
x__2-1s2-1s1c1__group.1307__X0110__Z86	64	2x2x2x2x2x2x2x2x2x2	416	416	0	1	explicit
x__2-1s2-1s1c1__group.1307__X0110__Z22	64	2x2x2x2x2x2x2	60	60	0	1	explicit
x__2-1s2-1s1c1__group.1307__X0110__Z7	64	2x2x2x2x2x2x2x2x2x2x2x2	960	960	0	1	explicit
x__2-1s2-1s1c1__group.1307__X0110__Z1	64	2x2x2x2x2x2x2x2x2x2x2x2x2x2x2	7680	7680	0	1	explicit
x__2-1s2-1s1c1__group.1307__X0110__Z60	64	2x2x2x2x2x2x2x2	160	160	0	1	explicit
x__2-1s2-1s1c1__group.1307__X0110__Z141	64	2x2x2x2x2x2x2x2x2	240	240	0	1	explicit
x__2-1s2-1s1c1__group.1307__X0110__Z120	64	2x2x2x2x2x2x2x2x2x2	240	240	0	1	explicit
x__2-1s2-1s1c1__group.1307__X0110__Z80	64	2x2x2x2x2x2x2x2x2x2	480	480	0	1	explicit
x__2-1s2-1s1c1__group.1307__X0110__Z100	64	2x2x2x2x2x2x2x2	144	144	0	1	explicit
x__2-1s2-1s1c1__group.1307__X0110__Z110	64	2x2x2x2x2x2x4	160	160	0	1	explicit
x__2-1s2-1s1c1__group.1307__X0110__Z44	64	2x2x2x2x2x2x2x2x2x2x2x2	960	960	0	1	explicit
x__2-1s2-1s1c1__group.1307__X0110__Z26	64	2x2x2x2x2x2x2x2	192	192	0	1	explicit
x__2-1s2-1s1c1__group.1307__X0110__Z61	64	2x2x2x2x2x2x2x2x2x2x2	1280	1280	0	1	explicit
x__2-1s2-1s1c1__group.1307__X0110__Z85	64	2x2x2x2x2x2x2x2x2x2	480	480	0	1	explicit
x__2-1s2-1s2-1__group.1515__X1110__Z85	128	2x2x2x2x2x2x2x2x2x2x2x2x2x2	3776	3776	0	1	explicit
x__2-1s2-1s1c1__group.1307__X0110__Z94	64	2x2x2x2x2x2x2x2x4	336	336	0	1	explicit
x__2-1s2-1s1c1__group.1307__X0110__Z89	64	2x2x2x2x2x2x2x2x2x2x2	480	480	0	1	explicit
x__2-1s2-1s2-1__group.1515__X1110__Z83	128	2x2x2x2x2x2x2x2x2x2x2x2	752	752	0	1	explicit
x__2-1s2-1s1c1__group.1307__X0110__Z146	64	2x2x2x2x2x2x2x2	192	192	0	1	explicit
x__2-1s2-1s1c1__group.1307__X0110__Z106	64	2x2x2x2x2x2x2	96	96	0	1	explicit
x__2-1s2-1s1c1__group.1307__X0110__Z107	64	2x2x2x2x4	36	36	0	1	explicit
x__2-1s2-1s1c1__group.1307__X0110__Z128	64	2x2x2x2x2x2x2x2	120	120	0	1	explicit
x__2-1s2-1s1c1__group.1307__X0110__Z113	64	2x2x2x2x2x2x2x2x2x2x2x2x2x2x2	7680	7680	0	1	explicit
x__2-1s2-1s2-1__group.1515__X1110__Z3	128	2x2x2x2x2x2x2x2x2x2x2x2	1920	1920	0	1	explicit
x__2-1s2-1s1c1__group.1307__X0110__Z88	64	2x2x2x2x2x2x2x2x2x2x2	1152	1152	0	1	explicit
x__2-1s2-1s1c1__group.1307__X0110__Z19	64	2x2x2x2x2x2x2x2x2	240	240	0	1	explicit
x__2-1s2-1s1c1__group.1307__X0110__Z66	64	2x2x2x2x2x2x2x2	144	144	0	1	explicit
x__2-1s2-1s1c1__group.1307__X0110__Z56	64	2x2x2x2x2x2x2x2x2	240	240	0	1	explicit
x__2-1s2-1s1c1__group.1307__X0110__Z42	64	2x2x2x2x2x2x2x2x2	288	288	0	1	explicit
x__2-1s2-1s2-1__group.1515__X1110__Z52	128	2x2x2x2x2x2x2x2x2x2x2x2x2x2x2x2x2x2	13312	13312	0	1	burnside
x__2-1s2-1s2-1__group.1515__X1110__Z25	128	2x2x2x2x2x2x2x2x2x2	312	312	0	1	explicit
x__2-1s2-1s1c1__group.1307__X0110__Z147	64	2x2x2x2x2x2x4	192	192	0	1	explicit
x__2-1s2-1s2-1__group.1515__X1110__Z47	128	2x2x2x2x2x2x2x2x2	224	224	0	1	explicit
x__2-1s2-1s1c1__group.1307__X0110__Z43	64	2x2x2x2x2x2x2x2x2x2x2x2	960	960	0	1	explicit
x__2-1s2-1s2-1__group.1515__X1110__Z2	128	2x2x2x2x2x2x2x2x2x2x2	1152	1152	0	1	explicit
x__2-1s2-1s2-1__group.1515__X1110__Z19	128	2x2x2x2x2x2x2x2x2x2	432	432	0	1	explicit
x__2-1s2-1s1c1__group.1307__X0110__Z21	64	2x2x2x2x2x2x2x2x2	288	288	0	1	explicit
x__2-1s2-1s2-1__group.1515__X1110__Z81	128	2x2x2x2x2x2x2x2x2	288	288	0	1	explicit
x__2-1s2-1s1c1__group.1307__X0110__Z92	64	2x2x2x2x2x2x2x4	288	288	0	1	explicit
x__2-1s2-1s1c1__group.1307__X0110__Z69	64	2x2x2x2x2	24	24	0	1	explicit
x__2-1s2-1s1c1__group.1307__X0110__Z45	64	2x2x2x2x2x2x2x2x2x2	240	240	0	1	explicit
x__2-1s2-1s2-1__group.1515__X1110__Z22	128	2x2x2x2x2x2x2	56	56	0	1	explicit
x__2-1s2-1s2-1__group.1515__X1110__Z87	128	2x2x2x2x2x2x2x2x2x2x2x2x2x2	1024	1024	0	1	explicit
x__2-1s2-1s2-1__group.1515__X1110__Z78	128	2x2x2x2x2x2	32	32	0	1	explicit
x__2-1s2-1s2-1__group.1515__X1110__Z31	128	2x2x2x2x2x2x2x2x2	160	160	0	1	explicit
x__2-1s2-1s1c1__group.1307__X0110__Z140	64	2x2x2x2x2x2x2x2	120	120	0	1	explicit
x__2-1s2-1s1c1__group.1307__X0110__Z81	64	2x2x2x2x2x2x2x2x2x2x2x2	960	960	0	1	explicit
x__2-1s2-1s2-1__group.1515__X1110__Z48	128	2x2x2x2x2x2x2x2x2x2x2x2x2x2x2	4752	4752	0	1	explicit
x__2-1s2-1s2-1__group.1515__X1110__Z26	128	2x2x2x2x2x2x2x2x2x2x2x2	1216	1216	0	1	explicit
x__2-1s2-1s1c1__group.1307__X0110__Z17	64	2x2x2x2x2x2x2x2	192	192	0	1	explicit
x__2-1s2-1s2-1__group.1515__X1110__Z75	128	2x2x2x2x2x2x2x2x2x2	432	432	0	1	explicit
x__2-1s2-1s2-1__group.1515__X1110__Z5	128	2x2x2x2x2x2x2x2x2x2	480	480	0	1	explicit
x__2-1c2-1s2-1__min.216__T__Z30	16	2x2x2x2x2x2x4	76	76	0	1	explicit
x__2-1s2-1s2-1__group.1515__X1110__Z14	128	2x2x2x2x2x2x2x2x2x2	312	312	0	1	explicit
x__2-1s2-1s2-1__group.1515__X1110__Z68	128	2x2x2x2	8	8	0	1	explicit
x__2-1s2-1s2-1__group.1515__X1110__Z60	128	2x2x2x2x2x4	60	60	0	1	explicit
x__2-1s2-1s2-1__group.1515__X1110__Z73	128	2x2x2x2x2x2	32	32	0	1	explicit
x__2-1s2-1s1c1__group.1307__X0110__Z149	64	2x2x2x2x2x2x4	192	192	0	1	explicit
x__2-1s2-1s2-1__group.1515__X1110__Z40	128	2x2x2x2x2x2x2x2x2x2x2x2x2	1456	1456	0	1	explicit
x__2-1s2-1s2-1__group.1515__X1110__Z36	128	2x2x2x2x2x2x2x2x2x2x2x2x2	3072	3072	0	1	explicit
x__2-1s2-1s2-1__group.1515__X1110__Z10	128	2x2x2x2x2x2x2x2x2x2x2x2	1536	1536	0	1	explicit
x__2-1s2-1s2-1__group.1515__X1110__Z41	128	2x2x2x2x2x2x2x2	112	112	0	1	explicit
x__2-1s2-1s2-1__group.1515__X1110__Z29	128	2x2x2x2x2x2x2x2x2	160	160	0	1	explicit
x__2-1c2-1s2-1__min.216__T__Z31	16	2x2x2x4	20	20	0	1	explicit
x__2-1s2-1s1c1__group.1307__X0110__Z28	64	2x2x2x2x2x2x2x2	104	104	0	1	explicit
x__2-1c2-1s2-1__min.216__T__Z37	16	2x2x2x2x2x2x2	48	48	0	1	explicit
x__2-1s2-1s2-1__group.1515__X1110__Z39	128	2x2x2x2x2x2x2x2x2x2	352	352	0	1	explicit
x__2-1s2-1s2-1__group.1515__X1110__Z57	128	2x2x2x2x2x2x2x2x2	60	60	0	1	explicit
x__2-1s2-1s2-1__group.1515__X1110__Z13	128	2x2x2x2x2x2	48	48	0	1	explicit
x__2-1s2-1s2-1__group.1515__X1110__Z45	128	2x2x2x2x2x2x2x2x2x2x2x2	944	944	0	1	explicit
x__2-1s2-1s1c1__group.1307__X0110__Z112	64	2x2x2x2x2x2x4	160	160	0	1	explicit
x__2-1s2-1s2-1__group.1515__X1110__Z82	128	2x2x2x2x2x2x2x2x2x2x2x2	752	752	0	1	explicit
x__2-1c2-1s2-1__min.216__T__Z38	16	2x2x2x2	12	12	0	1	explicit
x__2-1s2-1s2-1__group.1515__X1110__Z46	128	2x2x2x2x2x2x2x2x2	240	240	0	1	explicit
x__2-1s2-1s2-1__group.1515__X1110__Z28	128	2x2x2x2x2x2x2x2x2	168	168	0	1	explicit
x__2-1c2-1s2-1__min.216__T__Z63	16	2x2x2x4	15	15	0	1	explicit
x__2-1c2-1s2-1__min.216__T__Z78	16	2x2x2x2x4	26	26	0	1	explicit
x__2-1s2-1s2-1__group.1515__X1110__Z37	128	2x2x2x2x2x2x2x2	192	192	0	1	explicit
x__2-1s2-1s2-1__group.1515__X1110__Z16	128	2x2x2x2x2x2x2x2x2	152	152	0	1	explicit
x__2-1s2-1s2-1__group.1515__X1110__Z50	128	2x2x2x2x2x2x2x2x2x2	248	248	0	1	explicit
x__2-1s2-1s2-1__group.1515__X1110__Z84	128	2x2x2x2x2x2x2x2x2x2x2	600	600	0	1	explicit
x__2-1s2-1s2-1__group.1515__X1110__Z94	128	2x2x2x2x2x2x2x2x2x2x2x2x2x2x2	1576	1576	0	1	explicit
x__2-1s2-1s2-1__group.1515__X1110__Z42	128	2x2x2x2x2x2x2x2x2x2	576	576	0	1	explicit
x__2-1c2-1s2-1__min.216__T__Z54	16	2x2x4	10	10	0	1	explicit
x__2-1s2-1s2-1__group.1515__X1110__Z76	128	2x2x2x2x2x2x2	72	72	0	1	explicit
x__2-1s2-1s2-1__group.1515__X1110__Z79	128	2x2x2x2x2x2x2x2x2x2	432	432	0	1	explicit
x__2-1s2-1s1c1__group.1307__X0110__Z115	64	2x2x2x2x2x2x2x2x2x2x2x4	2688	2688	0	1	explicit
x__2-1c2-1s2-1__min.216__T__Z97	16	2x2x4	10	10	0	1	explicit
x__2-1c2-1s2-1__min.216__T__Z47	16	2x2x2x2x2x4	41	41	0	1	explicit
x__2-1s2-1s2-1__group.1515__X1110__Z17	128	2x2x2x2x2x2x2x2	76	76	0	1	explicit
x__2-1s2-1s2-1__group.1515__X1110__Z11	128	2x2x2x2x2x2x2x2	144	144	0	1	explicit
x__2-1s2-1s2-1__group.1515__X1110__Z70	128	2x2x2x2x2x2x2x2	60	60	0	1	explicit
x__2-1s2-1s2-1__group.1515__X1110__Z59	128	2x2x2x2x2x2x2	96	96	0	1	explicit
x__2-1s2-1s2-1__group.1515__X1110__Z30	128	2x2x2x2x2x2x2x2x2	168	168	0	1	explicit
x__2-1s2-1s2-1__group.1515__X1110__Z58	128	2x2x2x2x2x2x2x2x2x2	312	312	0	1	explicit
x__2-1c2-1s2-1__min.216__T__Z53	16	2x2x2x2x4	36	36	0	1	explicit
x__2-1s2-1s2-1__group.1515__X1110__Z38	128	2x2x2x2x2x2x2x2x2x2x2x2x2x2x2x2	10560	10560	0	1	explicit
x__2-1s2-1s2-1__group.1515__X1110__Z12	128	2x2x2x2x2x2x2	96	96	0	1	explicit
x__2-1c2-1s2-1__min.216__T__Z1	16	2x2x2x2x2x2x4	88	88	0	1	explicit
x__2-1c2-1s2-1__min.216__T__Z71	16	2x2x4	12	12	0	1	explicit
x__2-1s2-1s2-1__group.1515__X1110__Z89	128	2x2x2x2x2x2x2x2x2x2x2x2x2	1488	1488	0	1	explicit
x__2-1c2-1s2-1__min.216__T__Z90	16	2x2x2x2x2x2	40	40	0	1	explicit
x__2-1s2-1s2-1__group.1515__X1110__Z43	128	2x2x2x2x2x2x2x2x2x2x2	544	544	0	1	explicit
x__2-1s2-1s2-1__group.1515__X1110__Z18	128	2x2x2x2x2x2x2	48	48	0	1	explicit
x__2-1c2-1s2-1__min.216__T__Z46	16	2x2x2x2x2x2x2x4	72	72	0	1	explicit
x__2-1s2-1s2-1__group.1515__X1110__Z66	128	2x2x2x2	16	16	0	1	explicit
x__2-1s2-1s2-1__group.1515__X1110__Z77	128	2x2x2x2x2x2x2	56	56	0	1	explicit
x__2-1c2-1s2-1__min.216__T__Z98	16	2x2x2	8	8	0	1	explicit
x__2-1s2-1s2-1__group.1515__X1110__Z90	128	2x2x2x2x2x2x2x2x2x2x2x2x2	1360	1360	0	1	explicit
x__2-1c2-1s2-1__min.216__T__Z64	16	2x2x2x4	12	12	0	1	explicit
x__2-1c2-1s2-1__min.216__T__Z13	16	2x2x2x2x2	14	14	0	1	explicit
x__2-1s2-1s2-1__group.1515__X1110__Z15	128	2x2x2x2x2x2x2	72	72	0	1	explicit
x__2-1c2-1s2-1__min.216__T__Z85	16	2x2x2x2x2	18	18	0	1	explicit
x__2-1s2-1s2-1__group.1515__X1110__Z93	128	2x2x2x2x2x2x2x2x2x2x2x2x2	1360	1360	0	1	explicit
x__2-1s2-1s2-1__group.1515__X1110__Z7	128	2x2x2x2x2x2x2x2	120	120	0	1	explicit
x__2-1s2-1s2-1__group.1515__X1110__Z53	128	2x2x2x2x2x2x2x2x2x2x2x2x2	1632	1632	0	1	explicit
x__2-1c2-1s2-1__min.216__T__Z41	16	2x2x2x4	15	15	0	1	explicit
x__2-1s2-1s2-1__group.1515__X1110__Z88	128	2x2x2x2x2x2x2x2x2x2x2	176	176	0	1	explicit
x__2-1s2-1s2-1__group.1515__X1110__Z27	128	2x2x2x2x2x2x2x2x2	160	160	0	1	explicit
x__2-1s2-1s2-1__group.1515__X1110__Z64	128	2x2x2x2x4	32	32	0	1	explicit
x__2-1c2-1s2-1__min.216__T__Z65	16	2x2x2x2	12	12	0	1	explicit
x__2-1c2-1s2-1__min.216__T__Z58	16	4x4	8	8	0	1	explicit
x__2-1c2-1s2-1__min.216__T__Z52	16	2x2x2x4	16	16	0	1	explicit
x__2-1s2-1s2-1__group.1515__X1110__Z23	128	2x2x2x2x2x2x2x2x2x2	300	300	0	1	explicit
x__2-1c2-1s2-1__min.216__T__Z8	16	2x2x2x2x4	30	30	0	1	explicit
x__2-1c2-1s2-1__min.216__T__Z49	16	2x2x2x2x2x4	24	24	0	1	explicit
x__2-1c2-1s2-1__min.216__T__Z15	16	2x2x4	10	10	0	1	explicit
x__2-1s2-1s2-1__group.1515__X1110__Z9	128	2x2x2x2x2x2x2	60	60	0	1	explicit
x__2-1s2-1s2-1__group.1515__X1110__Z67	128	2x2x2x2x2x2x2	40	40	0	1	explicit
x__2-1s2-1s2-1__group.1515__X1110__Z54	128	2x2x2x2x2x2x2x2x2x2x2x2	1056	1056	0	1	explicit
x__2-1s2-1s2-1__group.1515__X1110__Z20	128	2x2x2x2x2x2x2	64	64	0	1	explicit
x__2-1s2-1s2-1__group.1515__X1110__Z44	128	2x2x2x2x2x2x2x2x2x2	256	256	0	1	explicit
x__2-1c2-1s2-1__min.216__T__Z91	16	2x2x2x4	20	20	0	1	explicit
x__2-1c2-1s2-1__min.216__T__Z99	16	2x2x4	8	8	0	1	explicit
x__2-1c2-1s2-1__min.216__T__Z60	16	2x4	6	6	0	1	explicit
x__2-1s2-1s2-1__group.1515__X1110__Z63	128	2x2x2x2x2x2x2x2	60	60	0	1	explicit
x__2-1c2-1s2-1__min.216__T__Z82	16	2x2x2x2x4	26	26	0	1	explicit
x__2-1c2-1s2-1__min.216__T__Z14	16	2x2x2x2x2	14	14	0	1	explicit
x__2-1c2-1s2-1__min.216__T__Z12	16	2x2x2x2x4	21	21	0	1	explicit
x__2-1s2-1s2-1__group.1515__X1110__Z8	128	2x2x2x2x2x2x2x2	120	120	0	1	explicit
x__2-1s2-1s2-1__group.1515__X1110__Z24	128	2x2x2x2x2x2x2x2x2x2	432	432	0	1	explicit
x__2-1s2-1s2-1__group.1515__X1110__Z92	128	2x2x2x2x2x2x2x2x2x2x2x2x2x2x2x2	3424	3424	0	1	explicit
x__2-1s2-1s2-1__group.1515__X1110__Z51	128	2x2x2x2x2x2x2x2x2x2x2x2	816	816	0	1	explicit
x__2-1s2-1s2-1__group.1515__X1110__Z72	128	2x2x2x2x2x2x2	72	72	0	1	explicit
x__2-1s2-1s2-1__group.1515__X1110__Z62	128	2x2x2x2x2x2x2x2x2	176	176	0	1	explicit
x__2-1c2-1s2-1__min.216__T__Z55	16	2x2x2x4	15	15	0	1	explicit
x__2-1c2-1s2-1__min.216__T__Z94	16	2x2x2x2	12	12	0	1	explicit
x__2-1c2-1s2-1__min.216__T__Z96	16	2x2x2x2x4	26	26	0	1	explicit
x__2-1s2-1s2-1__group.1515__X1110__Z74	128	2x2x2x2x2x2	40	40	0	1	explicit
x__2-1c2-1s2-1__min.216__T__Z76	16	2x2x2x2x4	30	30	0	1	explicit
x__2-1s2-1s2-1__group.1515__X1110__Z55	128	2x2x2x2x2x2x2x2x2x2	264	264	0	1	explicit
x__2-1c2-1s2-1__min.216__T__Z9	16	2x2x2x2x2	20	20	0	1	explicit
x__2-1c2-1s2-1__min.216__T__Z48	16	2x2x2x2x2x4	38	38	0	1	explicit
x__2-1s2-1s2-1__group.1515__X1110__Z6	128	2x2x2x2x2x2x2x2x2x2	480	480	0	1	explicit
x__2-1s2-1s2-1__group.1515__X1110__Z61	128	2x2x2x2x2x2x2x2x2x2x2x2	1248	1248	0	1	explicit
x__2-1c2-1s2-1__min.216__T__Z36	16	2x2x2x2	16	16	0	1	explicit
x__2-1c2-1s2-1__min.216__T__Z62	16	2x2x2x2x2x2	30	30	0	1	explicit
x__2-1c2-1s2-1__min.216__T__Z56	16	2x2x4	10	10	0	1	explicit
x__2-1s2-1s2-1__group.1515__X1110__Z65	128	2x2x2x2x2x2	40	40	0	1	explicit
x__2-1s2-1s2-1__group.1515__X1110__Z69	128	2x2x2x2x2x2x2x2x2x2x2x2	1248	1248	0	1	explicit
x__2-1s2-1s2-1__group.1515__X1110__Z86	128	2x2x2x2x2x2x2x2x2x2x2	544	544	0	1	explicit
x__2-1c2-1s2-1__min.216__T__Z6	16	2x2x2x2x4	26	26	0	1	explicit
x__2-1c2-1s2-1__min.216__T__Z24	16	2x2x2x4	24	24	0	1	explicit
x__2-1s2-1s2-1__group.1515__X1110__Z80	128	2x2x2x2x2x2x2x2x2x2x2x2	752	752	0	1	explicit
x__2-1c2-1s2-1__min.216__T__Z77	16	2x2x2x2x2x2x4	42	42	0	1	explicit
x__2-1c2-1s2-1__min.216__T__Z68	16	2x2x2x2x4	32	32	0	1	explicit
x__2-1s2-1s2-1__group.1515__X1110__Z35	128	2x2x2x2x2x2x2x2x2x2	768	768	0	1	explicit
x__2-1c2-1s2-1__min.216__T__Z69	16	2x2x2x2x4	26	26	0	1	explicit
x__2-1c2-1s2-1__min.216__T__Z40	16	2x2x2x2x4	25	25	0	1	explicit
x__2-1s2-1s2-1__group.1515__X1110__Z56	128	2x2x2x2x2x2x2x2x2x2	120	120	0	1	explicit
x__2-1c2-1s2-1__min.216__T__Z19	16	2x2x4	9	9	0	1	explicit
x__2-1c2-1s2-1__min.216__T__Z23	16	2x2x2x2	16	16	0	1	explicit
x__2-1c2-1s2-1__min.216__T__Z83	16	2x2x4	12	12	0	1	explicit
x__2-1s2-1s2-1__group.1515__X1110__Z91	128	2x2x2x2x2x2x2x2x2x2x2x2x2	1256	1256	0	1	explicit
x__2-1c2-1s2-1__min.216__T__Z75	16	2x2x2x2	12	12	0	1	explicit
x__2-1s2-1s2-1__group.1515__X1110__Z4	128	2x2x2x2x2x2x2x2x2x2x2x2x2x2x2	4944	4944	0	1	explicit
x__2-1c2-1s2-1__min.216__T__Z22	16	2x2x4	10	10	0	1	explicit
x__2-1c2-1s2-1__min.216__T__Z18	16	2x2x4	9	9	0	1	explicit
x__2-1c2-1s2-1__min.216__T__Z95	16	2x2x2x2	12	12	0	1	explicit
x__2-1c2-1s2-1__min.216__T__Z51	16	2x2x4x4	20	20	0	1	explicit
x__2-1s2-1s2-1__group.1515__X1110__Z32	128	2x2x2x2x2x2x2x2x2x2x2x2	1216	1216	0	1	explicit
x__2-1c2-1s2-1__min.216__T__Z5	16	2x2x2x2x4	26	26	0	1	explicit
x__2-1c2-1s2-1__min.216__T__Z7	16	2x2x2x2x4	26	26	0	1	explicit
x__2-1c2-1s2-1__min.216__T__Z84	16	2x2x2x2x4	20	20	0	1	explicit
x__4-2s2-1__group.6434__T__Z6	288	2x2x6	16	16	0	0	explicit
x__2-1c2-1s2-1__min.216__T__Z72	16	2x2x4	10	10	0	1	explicit
x__2-1c2-1s2-1__min.216__T__Z61	16	2x2x2x2x2x4	32	32	0	1	explicit
x__2-1c2-1s2-1__min.216__T__Z25	16	2x2x2x2	16	16	0	1	explicit
x__2-1c2-1s2-1__min.216__T__Z87	16	2x2x2x2x2	12	12	0	1	explicit
x__2-2s1c1c1c1__group.1696__T__Z5	6	3x3x3x6	4	4	0	1	explicit
x__2-1s2-1s2-1__group.1515__X1110__Z21	128	2x2x2x2x2x2x2x2x2x2	336	336	0	1	explicit
x__2-1c2-1s2-1__min.216__T__Z34	16	2x2x2x2x2x2	28	28	0	1	explicit
x__2-1s2-1s2-1__group.1515__X1110__Z33	128	2x2x2x2x2x2x2x2x2x2x2x2x2x2	4704	4704	0	1	explicit
x__2-1s2-1s2-1__group.1515__X1110__Z1	128	2x2x2x2x2x2x2x2x2x2x2x2x2x2x2x2	12480	12480	0	1	explicit
x__2-1c2-1s2-1__min.216__T__Z21	16	2x2x2x4	24	24	0	1	explicit
x__2-1c2-1s2-1__min.216__T__Z39	16	2x2x2x2	12	12	0	1	explicit
x__2-1c2-1s2-1__min.216__T__Z93	16	2x2x2x2x4	32	32	0	1	explicit
x__2-1c2-1s2-1__min.216__T__Z70	16	2x2x2x4	15	15	0	1	explicit
x__4-2s2-1__group.6434__T__Z7	288	2x2x2x2x2	32	32	0	0	explicit
x__2-1c2-1s2-1__min.216__T__Z86	16	2x2x2x2x2x4	48	48	0	1	explicit
x__2-1c2-1s2-1__min.216__T__Z66	16	2x2x2x4	14	14	0	1	explicit
x__2-1c2-1s2-1__min.216__T__Z73	16	2x2x2x4	14	14	0	1	explicit
x__2-1c2-1s2-1__min.216__T__Z33	16	2x2x2x2x2x2	32	32	0	1	explicit
x__2-2s1c1c1c1__group.1696__T__Z2	6	3x3x3x3	2	2	0	1	explicit
x__2-1c2-1s2-1__min.216__T__Z67	16	2x2x2x2	12	12	0	1	explicit
x__2-1c2-1s2-1__min.216__T__Z17	16	2x2x4	10	10	0	1	explicit
x__2-1s2-1s2-1__group.1515__X1110__Z34	128	2x2x2x2x2x2x2x2x2	288	288	0	1	explicit
x__2-1s2-1s1s1__group.1365__C__Z257	64	2x2x2x2x2x2x2x2x2x2x2x4	1856	1856	0	1	explicit
x__2-1s2-1s1s1__group.1365__C__Z233	64	2x2x2x2x2x2x2x2	120	120	0	1	explicit
x__2-1c2-1s2-1__min.216__T__Z79	16	2x2x2x2x4	32	32	0	1	explicit
x__2-1c2-1s2-1__min.216__T__Z11	16	2x2x2x2x2	20	20	0	1	explicit
x__2-1c2-1s2-1__min.216__T__Z92	16	2x2x2x4	16	16	0	1	explicit
x__2-1c2-1s2-1__min.216__T__Z74	16	2x2x2x2x4	32	32	0	1	explicit
x__2-1s2-1s1s1__group.1365__C__Z118	64	2x2x2x2x4	48	48	0	1	explicit
x__2-1s2-1s1s1__group.1365__C__Z180	64	2x2x2x2x2x2x2x2x2x2x2x4	4608	4608	0	1	explicit
x__4-2s2-1__group.6434__T__Z5	288	2x2x2x2x6	64	64	0	0	explicit
x__2-1c2-1s2-1__min.216__T__Z50	16	2x2x2x2x2x2	28	28	0	1	explicit
x__2-1c2-1s2-1__min.216__T__Z28	16	2x2x2x4	20	20	0	1	explicit
x__2-2s1c1c1c1__group.1696__T__Z3	6	3x3x3x6	4	4	0	1	explicit
x__2-1s2-1s1s1__group.1365__C__Z250	64	2x2x2x2x2x2x2x2x2x4	1152	1152	0	1	explicit
x__2-1c2-1s2-1__min.216__T__Z16	16	2x4x4	15	15	0	1	explicit
x__2-1s2-1s1s1__group.1365__C__Z234	64	2x2x2x2x2x2x2x2	112	112	0	1	explicit
x__2-1c2-1s2-1__min.216__T__Z59	16	2x2x4	9	9	0	1	explicit
x__2-1s2-1s1s1__group.1365__C__Z144	64	2x2x2x2x2x2x2x4	216	216	0	1	explicit
x__2-1c2-1s2-1__min.216__T__Z57	16	2x2x2x2x4	30	30	0	1	explicit
x__2-1s2-1s1s1__group.1365__C__Z93	64	2x2x2x2x2x2x2x2x2x2x2x4	3168	3168	0	1	explicit
x__2-1c2-1s2-1__min.216__T__Z80	16	2x2x2x2x2x2x2	26	26	0	1	explicit
x__2-1s2-1s1s1__group.1365__C__Z127	64	2x2x2x2x2	24	24	0	1	explicit
x__2-1s2-1s1s1__group.1365__C__Z104	64	2x2x2x2x2x2x2x4	288	288	0	1	explicit
x__4-2s2-1__group.6434__T__Z2	288	2x2x2	8	8	0	0	explicit
x__2-1s2-1s1s1__group.1365__C__Z174	64	2x2x2x2x2x2x2x2x2x2x2	1536	1536	0	1	explicit
x__2-1c2-1s2-1__min.216__T__Z10	16	2x2x2x2x2	20	20	0	1	explicit
x__2-1c2-1s2-1__min.216__T__Z29	16	2x2x2x2	16	16	0	1	explicit
x__2-1c2-1s2-1__min.216__T__Z32	16	2x2x2x4	20	20	0	1	explicit
x__2-1s2-1s1s1__group.1365__C__Z204	64	2x2x2x2x2x2x2x2x4	480	480	0	1	explicit
x__2-1s2-1s1s1__group.1365__C__Z67	64	2x2x2x2x2x2	48	48	0	1	explicit
x__2-1c2-1s2-1__min.216__T__Z89	16	2x2x2x2x2x2	30	30	0	1	explicit
x__2-1s2-1s1s1__group.1365__C__Z202	64	2x2x2x2x2x2x2x2x2x2x2x4	3456	3456	0	1	explicit
x__2-2s1c1c1c1__group.1696__T__Z4	6	3x3x3x3	2	2	0	1	explicit
x__2-1s2-1s1s1__group.1365__C__Z51	64	2x2x2x2x2x2x2x2x2	512	512	0	1	explicit
x__2-1c2-1s2-1__min.216__T__Z44	16	2x2x2x2	12	12	0	1	explicit
x__4-2s2-1__group.6434__T__Z3	288	2x2x2x2x6	64	64	0	0	explicit
x__2-1s2-1s1s1__group.1365__C__Z35	64	2x2x2x2x2x2x2x2x2x4	1152	1152	0	1	explicit
x__2-1c2-1s2-1__min.216__T__Z20	16	2x2x4	12	12	0	1	explicit
x__2-1s2-1s1s1__group.1365__C__Z11	64	2x2x2x2x2x2x2x2x2x2x2x2x2	3168	3168	0	1	explicit
x__2-1s2-1s1s1__group.1365__C__Z95	64	2x2x2x2x2x4	60	60	0	1	explicit
x__2-1s2-1s1s1__group.1365__C__Z87	64	2x2x2x2x2x2x2x2x4	576	576	0	1	explicit
x__2-1c2-1s2-1__min.216__T__Z35	16	2x2x2x2	16	16	0	1	explicit
x__2-1s2-1s1s1__group.1365__C__Z203	64	2x2x2x2x2x2x2x2x2x4	1152	1152	0	1	explicit
x__2-1c2-1s2-1__min.216__T__Z42	16	2x2x2x4	15	15	0	1	explicit
x__2-1s2-1s1s1__group.1365__C__Z175	64	2x2x2x2x2x2x2x2x2x2	768	768	0	1	explicit
x__2-1s2-1s1s1__group.1365__C__Z205	64	2x2x2x2x2x2x2x2x2x4	1152	1152	0	1	explicit
x__4-2s2-1__group.6434__T__Z4	288	2x2x6	16	16	0	0	explicit
x__2-1c2-1s2-1__min.216__T__Z88	16	2x2x2x2x2	18	18	0	1	explicit
x__2-1s2-1s1s1__group.1365__C__Z110	64	2x2x2x2x2x2x2x2x2x2x2x4	2400	2400	0	1	explicit
x__2-1c2-1s2-1__min.216__T__Z4	16	2x2x2x2x2	24	24	0	1	explicit
x__2-1s2-1s1s1__group.1365__C__Z120	64	2x2x2x2x2x2x2x4	192	192	0	1	explicit
x__2-1s2-1s1s1__group.1365__C__Z61	64	2x2x2x2x2x2x2x2x2	240	240	0	1	explicit
x__2-1c2-1s2-1__min.216__T__Z26	16	2x2x2x2x2x4	52	52	0	1	explicit
x__2-1s2-1s1s1__group.1365__C__Z73	64	2x2x2x2x4	30	30	0	1	explicit
x__2-1s2-1s1s1__group.1365__C__Z103	64	2x2x2x2x2x2x2x4	288	288	0	1	explicit
x__2-1s2-1s1s1__group.1365__C__Z235	64	2x2x2x2x2x2x2x2	192	192	0	1	explicit
x__2-1c2-1s2-1__min.216__T__Z45	16	2x2x2x2	12	12	0	1	explicit
x__4-1s1s1__group.4903__C__Z1	1536	2x2x2x2x2x2x2x2x2x2x2x2x2	1504	1504	0	1	explicit
x__2-1c2-1s2-1__min.216__T__Z43	16	2x2x2x2x2	20	20	0	1	explicit
x__2-1s2-1s1s1__group.1365__C__Z181	64	2x2x2x2x2x2x2x2x2	320	320	0	1	explicit
x__2-1s2-1s1s1__group.1365__C__Z145	64	2x2x2x2x2x2x2x4	240	240	0	1	explicit
x__2-1c2-1s2-1__min.216__T__Z3	16	2x2x2x2x4	30	30	0	1	explicit
x__2-1s2-1s1s1__group.1365__C__Z128	64	2x2x2x2x2x2x2x4	216	216	0	1	explicit
x__2-1c2-1s2-1__min.216__T__Z2	16	2x2x2x2x2x2x2	48	48	0	1	explicit
x__2-1s2-1s1s1__group.1365__C__Z129	64	2x2x2x2x2	24	24	0	1	explicit
x__2-1s2-1s1s1__group.1365__C__Z59	64	2x2x2x2x2x2x2x2x2x2x2x4	2448	2448	0	1	explicit
x__2-1s2-1s1s1__group.1365__C__Z159	64	2x2x2x2x2x2x2x2x2x2x2x4	3168	3168	0	1	explicit
x__4-2s2-1__group.6434__T__Z8	288	2x2x2	8	8	0	0	explicit
x__2-1s2-1s1s1__group.1365__C__Z232	64	2x2x2x2x2x2x2x2x2	192	192	0	1	explicit
x__2-1c2-1s2-1__min.216__T__Z81	16	2x2x2x2x2	20	20	0	1	explicit
x__2-1c2-1s2-1__min.216__T__Z27	16	2x2x2x2x2x2	28	28	0	1	explicit
x__2-1s2-1s1s1__group.1365__C__Z50	64	2x2x2x2x2x2x2x2x4	640	640	0	1	explicit
x__2-1s2-1s1s1__group.1365__C__Z60	64	2x2x2x2x2x2x2x2x4	360	360	0	1	explicit
x__2-1s2-1s1s1__group.1365__C__Z117	64	2x2x2x2x4	48	48	0	1	explicit
x__2-1s2-1s1s1__group.1365__C__Z116	64	2x2x2x2x2x2x2x4	384	384	0	1	explicit
x__2-1s2-1s1s1__group.1365__C__Z29	64	2x2x2x2x2x2x2x2x2x2x2x2x4	4992	4992	0	1	explicit
x__2-1s2-1s1s1__group.1365__C__Z195	64	2x2x2x2x2x2x2x2x2x2x4	1920	1920	0	1	explicit
x__4-1s1s1__group.4903__C__Z2	1536	2x2x2x2x2x2x2x2	192	192	0	1	explicit
x__2-1s2-1s1s1__group.1365__C__Z251	64	2x2x2x2x2x2x2x2x2x4	960	960	0	1	explicit
x__2-1s2-1s1s1__group.1365__C__Z192	64	2x2x2x2x2x2x2x2x2x2x2	1536	1536	0	1	explicit
x__4-2s2-1__group.6434__T__Z1	288	2x2x2x2x2	32	32	0	0	explicit
x__2-1s2-1s1s1__group.1365__C__Z173	64	2x2x2x2x2x2x2x2x2x2x2x2x4	7680	7680	0	1	explicit
x__2-1s2-1s1s1__group.1365__C__Z94	64	2x2x2x2x2x2x2x2x4	768	768	0	1	explicit
x__2-1s2-1s1s1__group.1365__C__Z142	64	2x2x2x2x2x2x2x2x4	768	768	0	1	explicit
x__2-1s2-1s1s1__group.1365__C__Z26	64	2x2x2x2x2x2x2x2x4	640	640	0	1	explicit
x__2-1s2-1s1s1__group.1365__C__Z9	64	2x2x2x2x2x2x2x2x2	320	320	0	1	explicit
x__2-1s2-1s1s1__group.1365__C__Z34	64	2x2x2x2x2x2x2x2x2	384	384	0	1	explicit
x__2-1s2-1s1s1__group.1365__C__Z111	64	2x2x2x2x2x2x2x2x4	336	336	0	1	explicit
x__2-1s2-1s1s1__group.1365__C__Z16	64	2x2x2x2x2x2x2x2x2	384	384	0	1	explicit
x__2-1s2-1s1s1__group.1365__C__Z8	64	2x2x2x2x2x2x2x2x2x4	720	720	0	1	explicit
x__2-1s2-1s1s1__group.1365__C__Z187	64	2x2x2x2x2x2x2x2	120	120	0	1	explicit
x__2-1s2-1s1s1__group.1365__C__Z166	64	2x2x2x2x2x2x2x2x2x4	648	648	0	1	explicit
x__2-1s2-1s1s1__group.1365__C__Z143	64	2x2x2x2x2x2x2x4	240	240	0	1	explicit
x__2-1s2-1s1s1__group.1365__C__Z68	64	2x2x2x2x2x4	54	54	0	1	explicit
x__2-1s2-1s1s1__group.1365__C__Z169	64	2x2x2x2x2x2x2x2x2x2x2x2x2x2x2x4	28224	28224	0	1	burnside
x__2-1s2-1s1s1__group.1365__C__Z134	64	2x2x2x2x4	36	36	0	1	explicit
x__2-1s2-1s1s1__group.1365__C__Z158	64	2x2x2x2x2x2x2x4	208	208	0	1	explicit
x__2-1s2-1s1s1__group.1365__C__Z121	64	2x2x2x2x2x2x2x2x2	288	288	0	1	explicit
x__4-1s1s1__group.4903__C__Z3	1536	2x2x2x2	16	16	0	1	explicit
x__2-1s2-1s1s1__group.1365__C__Z186	64	2x2x2x2x2x2x2x2	160	160	0	1	explicit
x__2-1s2-1s1s1__group.1365__C__Z135	64	2x2x2x4	18	18	0	1	explicit
x__2-1s2-1s1s1__group.1365__C__Z168	64	2x2x2x2x2x2x2x2	160	160	0	1	explicit
x__2-1s2-1s1s1__group.1365__C__Z256	64	2x2x2x2x2x2x2x2x2x2x2x2x4	4800	4800	0	1	explicit
x__2-1s2-1s1s1__group.1365__C__Z66	64	2x2x2x2x2x2x2x2x4	576	576	0	1	explicit
x__2-1s2-1s1s1__group.1365__C__Z69	64	2x2x2x2x2x2x2x4	180	180	0	1	explicit
x__2-1s2-1s1s1__group.1365__C__Z189	64	2x2x2x2x2x2x2x2x4	576	576	0	1	explicit
x__2-1s2-1s1s1__group.1365__C__Z43	64	2x2x2x2x2x2x2x2x4	576	576	0	1	explicit
x__2-1s2-1s1s1__group.1365__C__Z58	64	2x2x2x2x2x2x2	72	72	0	1	explicit
x__2-1s2-1s1s1__group.1365__C__Z86	64	2x2x2x2x2x2x2x2x4	576	576	0	1	explicit
x__2-1s2-1s1s1__group.1365__C__Z33	64	2x2x2x2x2x2x2x2x2x2	768	768	0	1	explicit
x__2-1s2-1s1s1__group.1365__C__Z20	64	2x2x2x2x2x2x2x2	120	120	0	1	explicit
x__2-1s2-1s1s1__group.1365__C__Z6	64	2x2x2x2x2x2x2x2x2x2x2x2x4	5184	5184	0	1	explicit
x__2-1s2-1s1s1__group.1365__C__Z42	64	2x2x2x2x2x2x2x2x2x2x2x4	4608	4608	0	1	explicit
x__2-1s2-1s1s1__group.1365__C__Z92	64	2x2x2x2x2x2x2x4	288	288	0	1	explicit
x__2-1s2-1s1s1__group.1365__C__Z260	64	2x2x2x2x2x2x2x2x2x4	960	960	0	1	explicit
x__2-1s2-1s1s1__group.1365__C__Z21	64	2x2x2x2x2x2x2x2x2x2x2x2x4	9216	9216	0	1	explicit
x__4-1s1s1__group.4903__C__Z4	1536	2x2x2x2x2x2x2x2	60	60	0	1	explicit
x__2-1s2-1s1s1__group.1365__C__Z56	64	2x2x2x2x2x2x2x2x4	360	360	0	1	explicit
x__2-1s2-1s1s1__group.1365__C__Z57	64	2x2x2x2x2x2x2x2x2	240	240	0	1	explicit
x__2-1s2-1s1s1__group.1365__C__Z88	64	2x2x2x2x2x2x2x4	200	200	0	1	explicit
x__2-1s2-1s1s1__group.1365__C__Z167	64	2x2x2x2x2x2x2x2x4	360	360	0	1	explicit
x__2-1s2-1s1s1__group.1365__C__Z119	64	2x2x2x2x2x2x2x4	192	192	0	1	explicit
x__2-1s2-1s1s1__group.1365__C__Z18	64	2x2x2x2x2x2x2x2x4	324	324	0	1	explicit
x__2-1s2-1s1s1__group.1365__C__Z74	64	2x2x2x2x2x4	50	50	0	1	explicit
x__2-1s2-1s1s1__group.1365__C__Z258	64	2x2x2x2x2x2x2x2x2x4	960	960	0	1	explicit
x__2-1s2-1s1s1__group.1365__C__Z259	64	2x2x2x2x2x2x2x2x2x4	1152	1152	0	1	explicit
x__2-1s2-1s1s1__group.1365__C__Z102	64	2x2x2x2x2x2x2x4	288	288	0	1	explicit
x__2-1s2-1s1s1__group.1365__C__Z157	64	2x2x2x2x2x2x2x4	224	224	0	1	explicit
x__2-1s2-1s1s1__group.1365__C__Z32	64	2x2x2x2x2x2x2x2x2x2x2x4	4608	4608	0	1	explicit
x__2-1s2-1s1s1__group.1365__C__Z211	64	2x2x2x2x2x2x2x2	256	256	0	1	explicit
x__2-1s2-1s1s1__group.1365__C__Z156	64	2x2x2x2x2x2x2x4	384	384	0	1	explicit
x__2-1s2-1s1s1__group.1365__C__Z7	64	2x2x2x2x2x2x2x2x2x2x4	1296	1296	0	1	explicit
x__2-1s2-1s1s1__group.1365__C__Z172	64	2x2x2x2x2x2x2x2x2x2x2x2x2x4	18432	18432	0	1	explicit
x__2-1s2-1s1s1__group.1365__C__Z188	64	2x2x2x2x2x2x2x2x2x2x2x4	2496	2496	0	1	explicit
x__2-1s2-1s1s1__group.1365__C__Z80	64	2x2x2x2x2x2x2x2x4	768	768	0	1	explicit
x__2-1s2-1s1s1__group.1365__C__Z126	64	2x2x2x2x2x2x2x4	240	240	0	1	explicit
x__2-1s2-1s1s1__group.1365__C__Z132	64	2x2x2x2x2x2x2x4	216	216	0	1	explicit
x__2-1s2-1s1s1__group.1365__C__Z261	64	2x2x2x2x2x2x2x2x2x2	480	480	0	1	explicit
x__2-1s2-1s1s1__group.1365__C__Z28	64	2x2x2x2x2x4	50	50	0	1	explicit
x__2-1s2-1s1s1__group.1365__C__Z89	64	2x2x2x2x2x2x2x2x2	288	288	0	1	explicit
x__2-1s2-1s1s1__group.1365__C__Z244	64	2x2x2x2x2x2x2x2x4	360	360	0	1	explicit
x__2-1s2-1s1s1__group.1365__C__Z193	64	2x2x2x2x2x2x2x2x2x2x2	1280	1280	0	1	explicit
x__2-1s2-1s1s1__group.1365__C__Z81	64	2x2x2x2x2x2	64	64	0	1	explicit
x__2-1s2-1s1s1__group.1365__C__Z245	64	2x2x2x2x2x2x2x2x4	576	576	0	1	explicit
x__2-1s2-1s1s1__group.1365__C__Z208	64	2x2x2x2x2x2x2x2x2x2x2	1280	1280	0	1	explicit
x__2-1s2-1s1s1__group.1365__C__Z27	64	2x2x2x2x2x2x2	80	80	0	1	explicit
x__2-1s2-1s1s1__group.1365__C__Z1	64	2x2x2x2x2x2x2x2x2x2x2x2x2x2x2x2x4	74880	74880	0	1	burnside
x__2-1s2-1s1s1__group.1365__C__Z98	64	2x2x2x2x2x2x2x2x2	224	224	0	1	explicit
x__2-1s2-1s1s1__group.1365__C__Z36	64	2x2x2x2x2x2x2x2x4	576	576	0	1	explicit
x__2-1s2-1s1s1__group.1365__C__Z148	64	2x2x2x2x2x2x2x2x2	272	272	0	1	explicit
x__2-1s2-1s1s1__group.1365__C__Z45	64	2x2x2x2x2x2x4	144	144	0	1	explicit
x__2-1s2-1s1s1__group.1365__C__Z17	64	2x2x2x2x2x2x2x2x2x4	648	648	0	1	explicit
x__2-1s2-1s1s1__group.1365__C__Z182	64	2x2x2x2x2x2x2x4	180	180	0	1	explicit
x__2-1s2-1s1s1__group.1365__C__Z227	64	2x2x2x2x2x2x2x2x4	288	288	0	1	explicit
x__2-1s2-1s1s1__group.1365__C__Z242	64	2x2x2x2x2x2x2x2x2x2	576	576	0	1	explicit
x__2-1s2-1s1s1__group.1365__C__Z200	64	2x2x2x2x2x2x2x2x2x2x2x4	3456	3456	0	1	explicit
x__2-1s2-1s1s1__group.1365__C__Z75	64	2x2x2x2x2	24	24	0	1	explicit
x__2-1s2-1s1s1__group.1365__C__Z123	64	2x2x2x2x2x2x2x4	384	384	0	1	explicit
x__2-1s2-1s1s1__group.1365__C__Z53	64	2x2x2x2x4	40	40	0	1	explicit
x__2-1s2-1s1s1__group.1365__C__Z237	64	2x2x2x2x2x2x2x2x2x2x2x4	2432	2432	0	1	explicit
x__2-1s2-1s1s1__group.1365__C__Z161	64	2x2x2x2x2x2x2x2x2x2x2x2x2	4224	4224	0	1	explicit
x__2-1s2-1s1s1__group.1365__C__Z62	64	2x2x2x2x2x2x2	72	72	0	1	explicit
x__2-1s2-1s1s1__group.1365__C__Z52	64	2x2x2x2x2x2x2	128	128	0	1	explicit
x__2-1s2-1s1s1__group.1365__C__Z150	64	2x2x2x2x2x2x2x4	384	384	0	1	explicit
x__2-1s2-1s1s1__group.1365__C__Z149	64	2x2x2x2x2x2x2x4	384	384	0	1	explicit
x__2-1s2-1s1s1__group.1365__C__Z105	64	2x2x2x2x2x2x2x2x2x2x2x4	6144	6144	0	1	explicit
x__2-1s2-1s1s1__group.1365__C__Z194	64	2x2x2x2x2x2x2x2x2x2x4	2304	2304	0	1	explicit
x__2-1s2-1s1s1__group.1365__C__Z210	64	2x2x2x2x2x2x2x2x2x2x2	1536	1536	0	1	explicit
x__2-1s2-1s1s1__group.1365__C__Z179	64	2x2x2x2x2x2x2x2	160	160	0	1	explicit
x__2-1s2-1s1s1__group.1365__C__Z230	64	2x2x2x2x2x2x2x2x4	576	576	0	1	explicit
x__2-1s2-1s1s1__group.1365__C__Z238	64	2x2x2x2x2x2x2x2x2x2x2x2x4	9216	9216	0	1	explicit
x__2-1s2-1s1s1__group.1365__C__Z31	64	2x2x2x2x2x2x2x2x4	576	576	0	1	explicit
x__2-1s2-1s1s1__group.1365__C__Z218	64	2x2x2x2x2x2x2x2x2x2x2x2x4	4896	4896	0	1	explicit
x__2-1s2-1s1s1__group.1365__C__Z114	64	2x2x2x2x2x2x2x4	288	288	0	1	explicit
x__2-1s2-1s1s1__group.1365__C__Z178	64	2x2x2x2x2x2x2x2x2	240	240	0	1	explicit
x__2-1s2-1s1s1__group.1365__C__Z19	64	2x2x2x2x2x2x2x2	120	120	0	1	explicit
x__2-1s2-1s1s1__group.1365__C__Z63	64	2x2x2x2x2x2x2x4	180	180	0	1	explicit
x__2-1s2-1s1s1__group.1365__C__Z217	64	2x2x2x2x2x2x2x2x2	224	224	0	1	explicit
x__2-1s2-1s1s1__group.1365__C__Z160	64	2x2x2x2x2x2x2x2x2x2x2x2x2x2x2x4	37440	37440	0	1	burnside
x__2-1s2-1s1s1__group.1365__C__Z239	64	2x2x2x2x2x2x2x2x2x4	1152	1152	0	1	explicit
x__2-1s2-1s1s1__group.1365__C__Z207	64	2x2x2x2x2x2x2x2x2	320	320	0	1	explicit
x__2-1s2-1s1s1__group.1365__C__Z124	64	2x2x2x2x4	48	48	0	1	explicit
x__2-1s2-1s1s1__group.1365__C__Z84	64	2x2x2x2x2x2x2x2x2x2x2x2x4	4864	4864	0	1	explicit
x__2-1s2-1s1s1__group.1365__C__Z220	64	2x2x2x2x2x2x2x2x2x2	480	480	0	1	explicit
x__2-1s2-1s1s1__group.1365__C__Z10	64	2x2x2x2x2x2x2x2x2x2x2x2x4	4752	4752	0	1	explicit
x__2-1s2-1s1s1__group.1365__C__Z133	64	2x2x2x2x2	24	24	0	1	explicit
x__2-1s2-1s1s1__group.1365__C__Z170	64	2x2x2x2x2x2x2x2x2x2x2x2x2x2	6336	6336	0	1	explicit
x__2-1s2-1s1s1__group.1365__C__Z140	64	2x2x2x2x2x2x2x2x2x2x2x4	2384	2384	0	1	explicit
x__2-1s2-1s1s1__group.1365__C__Z97	64	2x2x2x2x2x2x2x2x2	224	224	0	1	explicit
x__2-1s2-1s1s1__group.1365__C__Z228	64	2x2x2x2x2x2x2x2x4	360	360	0	1	explicit
x__2-1s2-1s1s1__group.1365__C__Z72	64	2x2x2x2x4	36	36	0	1	explicit
x__2-1s2-1s1s1__group.1365__C__Z70	64	2x2x2x2x4	27	27	0	1	explicit
x__2-1s2-1s1s1__group.1365__C__Z39	64	2x2x2x2x2x2x2x2x2x2x2x2x4	4992	4992	0	1	explicit
x__2-1s2-1s1s1__group.1365__C__Z206	64	2x2x2x2x2x2x2x2x4	480	480	0	1	explicit
x__2-1s2-1s1s1__group.1365__C__Z216	64	2x2x2x2x2x2x2x2x2x2	480	480	0	1	explicit
x__2-1s2-1s1s1__group.1365__C__Z38	64	2x2x2x2x2x2	48	48	0	1	explicit
x__2-1s2-1s1s1__group.1365__C__Z231	64	2x2x2x2x2x2x2x4	216	216	0	1	explicit
x__2-1s2-1s1s1__group.1365__C__Z44	64	2x2x2x2x2x2x2x2x4	576	576	0	1	explicit
x__2-1s2-1s1s1__group.1365__C__Z184	64	2x2x2x2x2x2x2x2x2x2x2	2048	2048	0	1	explicit
x__2-1s2-1s1s1__group.1365__C__Z185	64	2x2x2x2x2x2x2x2x2x2x2	1536	1536	0	1	explicit
x__2-1s2-1s1s1__group.1365__C__Z221	64	2x2x2x2x2x2x2x2x2	224	224	0	1	explicit
x__2-1s2-1s1s1__group.1365__C__Z55	64	2x2x2x2x2x2	64	64	0	1	explicit
x__2-1s2-1s1s1__group.1365__C__Z154	64	2x2x2x2x2x2x2x4	208	208	0	1	explicit
x__2-1s2-1s1s1__group.1365__C__Z23	64	2x2x2x2x2x2x2x2x4	360	360	0	1	explicit
x__2-1s2-1s1s1__group.1365__C__Z113	64	2x2x2x2x2x2x2x2x4	576	576	0	1	explicit
x__2-1s2-1s1s1__group.1365__C__Z229	64	2x2x2x2x2x2x2x4	144	144	0	1	explicit
x__2-1s2-1s1s1__group.1365__C__Z112	64	2x2x2x2x2x2x2x4	288	288	0	1	explicit
x__2-1s2-1s1s1__group.1365__C__Z151	64	2x2x2x2x2x2x2x4	384	384	0	1	explicit
x__2-1s2-1s1s1__group.1365__C__Z201	64	2x2x2x2x2x2x2x2x2x2x2x2x4	9216	9216	0	1	explicit
x__2-1s2-1s1s1__group.1365__C__Z209	64	2x2x2x2x2x2x2x2x2x2x2	1536	1536	0	1	explicit
x__2-1s2-1s1s1__group.1365__C__Z77	64	2x2x2x2x4	40	40	0	1	explicit
x__2-1s2-1s1s1__group.1365__C__Z226	64	2x2x2x2x2x2x2x2	160	160	0	1	explicit
x__2-1s2-1s1s1__group.1365__C__Z65	64	2x2x2x2x2	18	18	0	1	explicit
x__2-1s2-1s1s1__group.1365__C__Z100	64	2x2x2x2x2x2x2x2x4	576	576	0	1	explicit
x__2-1s2-1s1s1__group.1365__C__Z171	64	2x2x2x2x2x2x2x2x2x2x2x2x2	2688	2688	0	1	explicit
x__2-1s2-1s1s1__group.1365__C__Z40	64	2x2x2x2x2x2x2x2x2x4	1152	1152	0	1	explicit
x__2-1s2-1s1s1__group.1365__C__Z191	64	2x2x2x2x2x2x2x2x2x2x2x2x2x4	15360	15360	0	1	explicit
x__2-1s2-1s1s1__group.1365__C__Z30	64	2x2x2x2x2x2x2x2x2x4	1152	1152	0	1	explicit
x__2-1s2-1s1s1__group.1365__C__Z115	64	2x2x2x2x2x2x2x4	384	384	0	1	explicit
x__2-1s2-1s1s1__group.1365__C__Z236	64	2x2x2x2x2x2x2x2	160	160	0	1	explicit
x__2-1s2-1s1s1__group.1365__C__Z22	64	2x2x2x2x2x2x2x2x2x2	640	640	0	1	explicit
x__2-1s2-1s1s1__group.1365__C__Z83	64	2x2x2x2	12	12	0	1	explicit
x__2-1s2-1s1s1__group.1365__C__Z255	64	2x2x2x2x2x2x2x2x2x2x2x4	1920	1920	0	1	explicit
x__2-1s2-1s1s1__group.1365__C__Z91	64	2x2x2x2x2x2x2x4	180	180	0	1	explicit
x__2-1s2-1s1s1__group.1365__C__Z4	64	2x2x2x2x2x2x2x2x2x2x2x2x4	9216	9216	0	1	explicit
x__2-1s2-1s1s1__group.1365__C__Z219	64	2x2x2x2x2x2x2x2x2x2x2x4	1920	1920	0	1	explicit
x__2-1s2-1s1s1__group.1365__C__Z90	64	2x2x2x2x2x2x2x4	192	192	0	1	explicit
x__2-1s2-1s1s1__group.1365__C__Z155	64	2x2x2x2x2x2x2x4	384	384	0	1	explicit
x__2-1s2-1s1s1__group.1365__C__Z15	64	2x2x2x2x2x2x2x2x2x2	768	768	0	1	explicit
x__2-1s2-1s1s1__group.1365__C__Z125	64	2x2x2x2x4	48	48	0	1	explicit
x__2-1s2-1s1s1__group.1365__C__Z165	64	2x2x2x2x2x2x2x2x2x2x2x4	2592	2592	0	1	explicit
x__2-1s2-1s1s1__group.1365__C__Z141	64	2x2x2x2x2x2x2x2x2x2x2x4	6144	6144	0	1	explicit
x__2-1s2-1s1s1__group.1365__C__Z262	64	2x2x2x2x2x2x2x2x2x2	448	448	0	1	explicit
x__2-1s2-1s1s1__group.1365__C__Z130	64	2x2x2x2x2x2x2x4	240	240	0	1	explicit
x__2-1s2-1s1s1__group.1365__C__Z190	64	2x2x2x2x2x2x2x4	288	288	0	1	explicit
x__2-1s2-1s1s1__group.1365__C__Z252	64	2x2x2x2x2x2x2x2x4	576	576	0	1	explicit
x__2-1s2-1s1s1__group.1365__C__Z2	64	2x2x2x2x2x2x2x2x2x2x2x2x2x2	8448	8448	0	1	explicit
x__2-1s2-1s1s1__group.1365__C__Z243	64	2x2x2x2x2x2x2x2x2x2	448	448	0	1	explicit
x__2-1s2-1s1s1__group.1365__C__Z107	64	2x2x2x2x2x2x2x2x4	768	768	0	1	explicit
x__2-1s2-1s1s1__group.1365__C__Z64	64	2x2x2x2x2x2x2	60	60	0	1	explicit
x__2-1s2-1s1s1__group.1365__C__Z47	64	2x2x2x2x2x2x4	144	144	0	1	explicit
x__2-1s2-1s1s1__group.1365__C__Z5	64	2x2x2x2x2x2x2x2x2x2x2	2048	2048	0	1	explicit
x__2-1s2-1s1s1__group.1365__C__Z183	64	2x2x2x2x2x2x2x2x2x2x2x2x2x2	6336	6336	0	1	explicit
x__2-1s2-1s1s1__group.1365__C__Z37	64	2x2x2x2x2x2x2	96	96	0	1	explicit
x__2-1s2-1s1s1__group.1365__C__Z54	64	2x2x2x2x2x4	80	80	0	1	explicit
x__2-1s2-1s1s1__group.1365__C__Z253	64	2x2x2x2x2x2x2x2x4	576	576	0	1	explicit
x__2-1s2-1s1s1__group.1365__C__Z82	64	2x2x2x2x2x4	60	60	0	1	explicit
x__2-1s2-1s1s1__group.1365__C__Z25	64	2x2x2x2x2x2x2x2x2x2	1024	1024	0	1	explicit
x__2-1s2-1s1s1__group.1365__C__Z99	64	2x2x2x2x2x2x2x4	288	288	0	1	explicit
x__2-1s2-1s1s1__group.1365__C__Z12	64	2x2x2x2x2x2x2x2x2x2x2	816	816	0	1	explicit
x__2-1s2-1s1s1__group.1365__C__Z199	64	2x2x2x2x2x2x2x2x4	576	576	0	1	explicit
x__2-1s2-1s1s1__group.1365__C__Z162	64	2x2x2x2x2x2x2x2x2x2x2x2x4	9216	9216	0	1	explicit
x__2-1s2-1s1s1__group.1365__C__Z122	64	2x2x2x2x2x2x2x4	384	384	0	1	explicit
x__2-1s2-1s1s1__group.1365__C__Z177	64	2x2x2x2x2x2x2x2x2x4	648	648	0	1	explicit
x__2-1s2-1s1s1__group.1365__C__Z264	64	2x2x2x2x2x2x2x2x2x2x2x2x4	4800	4800	0	1	explicit
x__2-1s2-1s1s1__group.1365__C__Z248	64	2x2x2x2x2x2x2x2x2x2	448	448	0	1	explicit
x__2-1s2-1s1s1__group.1365__C__Z198	64	2x2x2x2x2x2x2x2x2x2x2x4	2496	2496	0	1	explicit
x__2-1s2-1s1s1__group.1365__C__Z146	64	2x2x2x2x2x2x2x4	216	216	0	1	explicit
x__2-1s2-1s1s1__group.1365__C__Z106	64	2x2x2x2x2x2x2x2x2	512	512	0	1	explicit
x__2-1s2-1s1s1__group.1365__C__Z254	64	2x2x2x2x2x2x2x2x4	576	576	0	1	explicit
x__2-1s2-1s1s1__group.1365__C__Z76	64	2x2x2x2x2x2	64	64	0	1	explicit
x__2-1s2-1s1s1__group.1365__C__Z138	64	2x2x2x4	18	18	0	1	explicit
x__2-1s2-1s1s1__group.1365__C__Z48	64	2x2x2x2x2x2x2x2x2x2	640	640	0	1	explicit
x__2-1s2-1s1s1__group.1365__C__Z263	64	2x2x2x2x2x2x2x2x2x2	576	576	0	1	explicit
x__2-1s2-1s1s1__group.1365__C__Z147	64	2x2x2x2x2x2x2x2x2x2x2x4	3168	3168	0	1	explicit
x__2-1s2-1s1s1__group.1365__C__Z223	64	2x2x2x2x2x2x2x2	120	120	0	1	explicit
x__2-1s2-1s1s1__group.1365__C__Z78	64	2x2x2x2x2x2x2x2x2x2x2x4	3168	3168	0	1	explicit
x__2-1s2-1s1s1__group.1365__C__Z46	64	2x2x2x2x2x2x2x2x4	576	576	0	1	explicit
x__2-1s2-1s1s1__group.1365__C__Z176	64	2x2x2x2x2x2x2x2x2x2x4	1296	1296	0	1	explicit
x__2-1s2-1s1s1__group.1365__C__Z96	64	2x2x2x2x2x2x2x2x2x2x2x4	2400	2400	0	1	explicit
x__2-1s2-1s1s1__group.1365__C__Z225	64	2x2x2x2x2x2x2x2x2x2x4	1920	1920	0	1	explicit
x__2-1s2-1s1s1__group.1365__C__Z197	64	2x2x2x2x2x2x2x2	160	160	0	1	explicit
x__2-1s2-1s1s1__group.1365__C__Z131	64	2x2x2x2x2	24	24	0	1	explicit
x__2-1s2-1s1s1__group.1365__C__Z196	64	2x2x2x2x2x2x2x2	192	192	0	1	explicit
x__2-1s2-1s1s1__group.1365__C__Z13	64	2x2x2x2x2x2x2x2x2x2x2x2x4	9216	9216	0	1	explicit
x__2-1s2-1s1s1__group.1365__C__Z152	64	2x2x2x2x2x2x2x4	384	384	0	1	explicit
x__2-1s2-1s1s1__group.1365__C__Z224	64	2x2x2x2x2x2x2x2	96	96	0	1	explicit
x__4-1s1s1__group.4917__X100__Z2	96	2x2x2x6	18	18	0	1	explicit
x__2-1s2-1s1s1__group.1365__C__Z79	64	2x2x2x2x2x2x2x2x2	272	272	0	1	explicit
x__4-1s2-1__group.5219__C__Z47	128	2x2x2x2x2x2x2x2x2x2x2	2048	2048	0	1	explicit
x__4-1s2-1__group.5219__C__Z7	128	2x2x2x2x2x2x2x2x2x2x2x2	2304	2304	0	1	explicit
x__4-1s2-1__group.5219__C__Z37	128	2x2x2x2x2x2	64	64	0	1	explicit
x__2-1s2-1s1s1__group.1365__C__Z222	64	2x2x2x2x2x2x2x2x2x2x4	1008	1008	0	1	explicit
x__4-1s2-1__group.5219__C__Z45	128	2x2x2x2x2x2x2	128	128	0	1	explicit
x__2-1s2-1s1s1__group.1365__C__Z24	64	2x2x2x2x2x2x2x2x2x2x2x4	2640	2640	0	1	explicit
x__2-1s2-1s1s1__group.1365__C__Z139	64	2x2x2x4	24	24	0	1	explicit
x__2-1s2-1s1s1__group.1365__C__Z212	64	2x2x2x2x2x2x2x2	160	160	0	1	explicit
x__2-1s2-1s1s1__group.1365__C__Z71	64	2x2x2x2x2x2x2x4	288	288	0	1	explicit
x__4-1s2-1__group.5219__C__Z51	128	2x2x2x2x2x2x2	128	128	0	1	explicit
x__2-1s2-1s1s1__group.1365__C__Z153	64	2x2x2x2x2x2x2x4	224	224	0	1	explicit
x__4-2s1c1__group.5943__X10__Z1	24	2x2x2	2	2	0	1	explicit
x__4-1s1s1__group.4917__X100__Z5	96	2x2x6	12	12	0	1	explicit
x__2-1s2-1s1s1__group.1365__C__Z3	64	2x2x2x2x2x2x2x2x2x2x2x2x2x4	18432	18432	0	1	explicit
x__4-1s2-1__group.5219__C__Z42	128	2x2x2x2x2x2x2x2x2x2x2	2048	2048	0	1	explicit
x__4-1s2-1__group.5219__C__Z9	128	2x2x2x2x2x2x2x2x2x2x2x2	1632	1632	0	1	explicit
x__4-1s2-1__group.5219__C__Z30	128	2x2x2x2x2x2x2x2	256	256	0	1	explicit
x__4-1s2-1__group.5219__C__Z40	128	2x2x2x2x2x2x2	96	96	0	1	explicit
x__2-1s2-1s1s1__group.1365__C__Z136	64	2x2x2x4	24	24	0	1	explicit
x__2-1s2-1s1s1__group.1365__C__Z101	64	2x2x2x2x2x2x2x4	288	288	0	1	explicit
x__2-1s2-1s1s1__group.1365__C__Z215	64	2x2x2x2x2x2x2x2x2x2x2x4	2016	2016	0	1	explicit
x__2-1s2-1s1s1__group.1365__C__Z85	64	2x2x2x2x2x2x2x2x2x2x2x4	4608	4608	0	1	explicit
x__2-1s2-1s1s1__group.1365__C__Z41	64	2x2x2x2x2x2x2x2x4	576	576	0	1	explicit
x__2-2s2-2s2-2__group.3584__X101__Z4	216	2x2	4	4	0	1	explicit
x__4-1s2-1__group.5219__C__Z35	128	2x2x2x2x2x2	64	64	0	1	explicit
x__2-1s2-1s1s1__group.1365__C__Z163	64	2x2x2x2x2x2x2x2x2x2x2x4	4608	4608	0	1	explicit
x__2-1s2-1s1s1__group.1365__C__Z109	64	2x2x2x2x2x2x2x2x4	336	336	0	1	explicit
x__4-1s1s1__group.4917__X100__Z4	96	2x6	8	8	0	1	explicit
x__4-1s2-1__group.5219__C__Z43	128	2x2x2x2x2x2x2x2x2x2x2	2048	2048	0	1	explicit
x__4-1s2-1__group.5219__C__Z27	128	2x2x2x2x2x2	64	64	0	1	explicit
x__2-1s2-1s1s1__group.1365__C__Z14	64	2x2x2x2x2x2x2x2x2x2x4	2304	2304	0	1	explicit
x__4-1s2-1__group.5219__C__Z39	128	2x2x2x2x2x2	64	64	0	1	explicit
x__2-1s2-1s1s1__group.1365__C__Z164	64	2x2x2x2x2x2x2x2x2x2	1024	1024	0	1	explicit
x__2-1s2-1s1s1__group.1365__C__Z249	64	2x2x2x2x2x2x2x2x2x4	960	960	0	1	explicit
x__3s2-2s1__group.4080__C__Z12	288	2x2x2x6	32	32	0	1	explicit
x__4-1s2-1__group.5219__C__Z23	128	2x2x2x2x2x2x2x2x2	200	200	0	1	explicit
x__2-2s2-2s2-2__group.3584__X101__Z3	216	2x6	8	8	0	1	explicit
x__2-1s2-1s1s1__group.1365__C__Z49	64	2x2x2x2x2x2x2x4	320	320	0	1	explicit
x__4-1s2-1__group.5219__C__Z32	128	2x2x2x2x2x2x2x2	256	256	0	1	explicit
x__3s2-2s1__group.4080__C__Z5	288	2x6	8	8	0	1	explicit
x__2-1s2-1s1s1__group.1365__C__Z241	64	2x2x2x2x2x2x2x2x2x2	480	480	0	1	explicit
x__4-1s2-1__group.5219__C__Z44	128	2x2x2x2x2x2x2x2x2x2x2	2048	2048	0	1	explicit
x__3s2-2s1__group.4080__C__Z8	288	2x2x2x6	32	32	0	1	explicit
x__2-1s2-1s1s1__group.1365__C__Z247	64	2x2x2x2x2x2x2x2x2x2	448	448	0	1	explicit
x__4-1s1s1__group.4917__X100__Z3	96	2x2x6	16	16	0	1	explicit
x__4-1s2-1__group.5219__C__Z18	128	2x2x2x2x2x2x2x2x2	240	240	0	1	explicit
x__4-1s2-1__group.5219__C__Z53	128	2x2x2x2x2x2x2x2x2x2x2	2048	2048	0	1	explicit
x__2-2s2-2s2-2__group.3584__X101__Z2	216	2x2	4	4	0	1	explicit
x__2-2s1c1c1c1__group.1696__T__Z8	6	3x3x3	2	2	0	1	explicit
x__4-1s2-1__group.5219__C__Z24	128	2x2x2x2x2x2	64	64	0	1	explicit
x__2-1s2-1s1s1__group.1365__C__Z137	64	2x2x2x2x4	36	36	0	1	explicit
x__4-1s2-1__group.5219__C__Z50	128	2x2x2x2x2x2x2x2x2x2x2	2048	2048	0	1	explicit
x__2-1s2-1s2-1__group.1540__C__Z19	512	2x2x2x2x2x2x2x2x2x2x2x2x2x2	8256	8256	0	1	explicit
x__3s2-2s1__group.4080__C__Z2	288	2x2x2x6	32	32	0	1	explicit
x__3s2-2s1__group.4080__C__Z1	288	2x2x2x2x2x2x6	256	256	0	1	explicit
x__4-1s2-1__group.5219__C__Z10	128	2x2x2x2x2x2x2x2	144	144	0	1	explicit
x__2-1s2-1s1s1__group.1365__C__Z240	64	2x2x2x2x2x2x2x2x2x4	1152	1152	0	1	explicit
x__2-2s1c1c1c1__group.1696__T__Z1	6	3x3x3x6	4	4	0	1	explicit
x__4-1s1s1__group.4917__X100__Z1	96	2x2x2x2x2x6	72	72	0	1	explicit
x__2-2s2-2s2-2__group.3584__X101__Z5	216	2x2	4	4	0	1	explicit
x__4-1s2-1__group.5219__C__Z38	128	2x2x2x2x2x2	64	64	0	1	explicit
x__4-1s2-1__group.5219__C__Z20	128	2x2x2x2x2x2x2x2x2x2x2x2	1440	1440	0	1	explicit
x__2-1s2-1s1s1__group.1365__C__Z108	64	2x2x2x2x2x2	64	64	0	1	explicit
x__2-1s2-1s1s1__group.1365__C__Z246	64	2x2x2x2x2x2x2x2x2x2x2x2x4	4896	4896	0	1	explicit
x__3s2-2s1__group.4080__C__Z6	288	2x2x2x6	32	32	0	1	explicit
x__4-1s2-1__group.5219__C__Z12	128	2x2x2x2x2x2x2x2x2x2x2	1056	1056	0	1	explicit
x__4-1s2-1__group.5219__C__Z5	128	2x2x2x2x2x2x2	80	80	0	1	explicit
x__2-1s2-1s2-1__group.1540__C__Z17	512	2x2x2x2x2x2x2x2x2	288	288	0	1	explicit
x__4-1s2-1__group.5219__C__Z17	128	2x2x2x2x2x2x2x2	256	256	0	1	explicit
x__2-1s2-1s1s1__group.1365__C__Z214	64	2x2x2x2x2x2x2x2	192	192	0	1	explicit
x__4-1s2-1__group.5219__C__Z14	128	2x2x2x2x2	24	24	0	1	explicit
x__2-2s2-2s2-2__group.3584__X101__Z6	216	2x6	8	8	0	1	explicit
x__2-1s2-1s2-1__group.1540__C__Z13	512	2x2x2x2x2x2x2x2x2	512	512	0	1	explicit
x__2-2s1c1c1c1__group.1696__T__Z6	6	3x3x3x3	2	2	0	1	explicit
x__3s2-2s1__group.4080__C__Z14	288	2x2x2x6	32	32	0	1	explicit
x__2-2s2-2s2-1__group.3192__X111__Z5	144	2x2x2x2	10	10	0	1	explicit
x__4-1s2-1__group.5219__C__Z31	128	2x2x2x2x2x2x2x2x2	288	288	0	1	explicit
x__4-1s2-1__group.5219__C__Z15	128	2x2x2x2x2x2x2	96	96	0	1	explicit
x__4-1s2-1__group.5219__C__Z2	128	2x2x2x2x2x2x2x2x2x2x2	1088	1088	0	1	explicit
x__2-1s2-1s2-1__group.1540__C__Z7	512	2x2x2x2x2x2x2x2x2x2x2	1088	1088	0	1	explicit
x__2-1s2-1s1s1__group.1365__C__Z213	64	2x2x2x2x2x2x2x2	192	192	0	1	explicit
x__2-2s2-2s2-2__group.3584__X101__Z1	216	2x2	4	4	0	1	explicit
x__3s2-2s1__group.4080__C__Z13	288	2x2x2x2x2x2x6	256	256	0	1	explicit
x__2-2s2-2s2-1__group.3423__C__Z11	96	2x2x2	8	8	0	1	explicit
x__4-1s2-1__group.5219__C__Z13	128	2x2x2x2x2x2x2x2	192	192	0	1	explicit
x__2-1s2-1s2-1__group.1540__C__Z10	512	2x2x2x2x2x2x2x2x2x2x2x2x2x2	16384	16384	0	1	explicit
x__4-1s2-1__group.5219__C__Z28	128	2x2x2x2x2x2x2x2	160	160	0	1	explicit
x__4-1s2-1__group.5219__C__Z3	128	2x2x2x2x2x2x2x2x2x2x2	1088	1088	0	1	explicit
x__2-1s2-1s2-1__group.1540__C__Z14	512	2x2x2x2x2x2x2x2x2x2x2x2x2x2	8320	8320	0	1	explicit
x__4-1s2-1__group.5219__C__Z41	128	2x2x2x2x2x2x2	72	72	0	1	explicit
x__4-1s2-1__group.5219__C__Z36	128	2x2x2x2x2x2	40	40	0	1	explicit
x__4-1s2-1__group.5030__T__Z1	192	2x2x2x2x4	48	64	16	0	explicit
x__2-2s1c1c1c1__group.1696__T__Z7	6	3x3x6	4	4	0	1	explicit
x__4-1s2-1__group.5219__C__Z16	128	2x2x2x2x2x2x2x2x2x2x2x2x2x2x2x2	33280	33280	0	1	explicit
x__3s2-2s1__group.4080__C__Z11	288	6	4	4	0	1	explicit
x__2-2s2-2s2-1__group.3423__C__Z12	96	2x2x2	8	8	0	1	explicit
x__2-2s2-2s2-1__group.3423__C__Z16	96	2x2x2	8	8	0	1	explicit
x__4-1s2-1__group.5219__C__Z21	128	2x2x2x2x2x2x2x2x2x2x2x2	2176	2176	0	1	explicit
x__4-1s2-1__group.5219__C__Z4	128	2x2x2x2x2x2x2x2	192	192	0	1	explicit
x__4-1s2-1__group.5219__C__Z25	128	2x2x2x2x2x2x2	96	96	0	1	explicit
x__2-2s2-2s2-2__group.3566__X000001__Z1	1728	2x2x2x2x6	40	40	0	1	explicit
x__4-1s2-1__group.5219__C__Z46	128	2x2x2x2x2x2x2	128	128	0	1	explicit
x__4-1s2-1__group.5030__T__Z2	192	2x2x2	8	8	0	0	explicit
x__2-1s2-1s2-1__group.1540__C__Z11	512	2x2x2x2x2x2x2x2x2x2x2x2x2x2	8320	8320	0	1	explicit
x__3s2-2s1__group.4080__C__Z3	288	2x2x2x6	32	32	0	1	explicit
x__4-1s2-1__group.5219__C__Z8	128	2x2x2x2x2x2x2x2x2x2x2	1152	1152	0	1	explicit
x__2-2s2-2s2-1__group.3423__C__Z4	96	2x2x2	8	8	0	1	explicit
x__2-1s2-1s2-1__group.1540__C__Z15	512	2x2x2x2x2x2x2x2x2	512	512	0	1	explicit
x__2-2s2-2s2-1__group.3423__C__Z7	96	2x2x2	8	8	0	1	explicit
x__4-1s2-1__group.5136__X101__Z6	32	2x2x2x2	12	12	0	0	explicit
x__3s2-2s1__group.4080__C__Z7	288	2x2x2x2x6	64	64	0	1	explicit
x__2-2s2-2s2-1__group.3192__X111__Z7	144	2x2x2x2	10	10	0	1	explicit
x__3s2-2s1__group.4080__C__Z4	288	2x2x2x6	32	32	0	1	explicit
x__4-1s2-1__group.5219__C__Z48	128	2x2x2x2x2x2x2x2x2x2x2	2048	2048	0	1	explicit
x__4-1s2-1__group.5136__X101__Z12	32	2x2x4	10	12	2	0	explicit
x__4-1s2-1__group.5219__C__Z22	128	2x2x2x2x2x2	64	64	0	1	explicit
x__2-2s2-2s2-1__group.3423__C__Z3	96	2x2x2	8	8	0	1	explicit
x__2-2s2-2s2-1__group.3423__C__Z6	96	2x2x2x2x2x2	64	64	0	1	explicit
x__4-1s2-1__group.5136__X101__Z1	32	2x2x2x2x2x4	50	60	10	0	explicit
x__4-1s2-1__group.5219__C__Z26	128	2x2x2x2x2x2	64	64	0	1	explicit
x__3s2-2s1__group.4080__C__Z9	288	2x2x2x6	32	32	0	1	explicit
x__4-1s2-1__group.5219__C__Z1	128	2x2x2x2x2x2x2x2x2x2x2x2	1920	1920	0	1	explicit
x__2-1s2-1s2-1__group.1540__C__Z16	512	2x2x2x2x2x2x2x2x2x2	576	576	0	1	explicit
x__2-2s2-2s2-1__group.3192__X111__Z6	144	2x2	4	4	0	1	explicit
x__4-1s2-1__group.5219__C__Z29	128	2x2x2x2x2x2x2x2x2x2x2x2x2x2x2x2	33792	33792	0	1	explicit
x__2-1s2-1s2-1__group.1540__C__Z12	512	2x2x2x2x2x2x2x2x2x2	1024	1024	0	1	explicit
x__4-1s2-1__group.5136__X101__Z4	32	2x2x2x2	12	12	0	0	explicit
x__3s2-2s1__group.4080__C__Z10	288	2x6	8	8	0	1	explicit
x__2-2s2-2s2-1__group.3423__C__Z1	96	2x2x2x2x2x2	64	64	0	1	explicit
x__2-2s2-2s2-1__group.3423__C__Z2	96	2x2x2x2x2x2	64	64	0	1	explicit
x__4-1s2-1__group.5219__C__Z52	128	2x2x2x2x2x2x2	128	128	0	1	explicit
x__4-1s2-1__group.5136__X101__Z8	32	2x4	6	6	0	0	explicit
x__4-1s2-1__group.5219__C__Z49	128	2x2x2x2x2x2x2x2x2x2x2	2048	2048	0	1	explicit
x__2-2s2-2s2-1__group.3192__X111__Z1	144	2x2x2x2	10	10	0	1	explicit
x__4-1s2-1__group.5219__C__Z6	128	2x2x2x2x2x2x2x2x2x2x2	1088	1088	0	1	explicit
x__4-1s2-1__group.5219__C__Z19	128	2x2x2x2x2x2x2x2	256	256	0	1	explicit
x__4-1s2-1__group.5136__X101__Z3	32	2x2x2x2x2x4	46	56	10	0	explicit
x__4-1s2-1__group.5219__C__Z11	128	2x2x2x2x2x2x2x2	120	120	0	1	explicit
x__2-1s2-1s2-1__group.1540__C__Z18	512	2x2x2x2x2x2x2x2x2	288	288	0	1	explicit
x__4-1s2-1__group.5136__X101__Z21	32	2x2x4	9	10	1	0	explicit
x__4-1s2-1__group.5136__X101__Z13	32	2x2x2x4	18	18	0	0	explicit
x__2-2s2-2s2-1__group.3423__C__Z5	96	2x2x2x2x2x2	64	64	0	1	explicit
x__2-2s2-2s2-1__group.3423__C__Z8	96	2x2x2	8	8	0	1	explicit
x__2-2s2-2s2-1__group.3192__X111__Z8	144	2x2	4	4	0	1	explicit
x__2-2s2-2s1c1__group.2777__X010__Z6	72	2x2x6	12	12	0	1	explicit
x__2-2s2-2s1c1__group.2777__X010__Z4	72	2x2x6	12	12	0	1	explicit
x__2-2s2-2s2-2__group.3651__X00011__Z7	288	2x2x2x2	12	12	0	1	explicit
x__2-1s2-1s2-1__group.1540__C__Z2	512	2x2x2x2x2x2x2x2x2x2x2x2x2x2x2	32768	32768	0	1	explicit
x__4-1s2-1__group.5136__X101__Z2	32	2x2x2x2	12	12	0	0	explicit
x__2-2s2-1s2-1__group.2456__X1100__Z8	192	2x2x2x2x2x4	96	96	0	1	explicit
x__4-1s2-1__group.5136__X101__Z14	32	2x4	6	6	0	0	explicit
x__4-1s2-1__group.5219__C__Z33	128	2x2x2x2x2x2x2x2	160	160	0	1	explicit
x__4-1s2-2__group.5780__X1000__Z3	96	2x2x2	8	8	0	1	explicit
x__4-1s2-1__group.5136__X101__Z20	32	2x4	6	6	0	0	explicit
x__2-2s2-2s2-1__group.3423__C__Z10	96	2x2x2x2x2x2	64	64	0	1	explicit
x__2-2s2-2s2-1__group.3192__X111__Z4	144	2x2	4	4	0	1	explicit
x__2-2s2-2s2-1__group.3423__C__Z13	96	2x2x2x2x2x2	64	64	0	1	explicit
x__2-2s2-2s1c1__group.2777__X010__Z5	72	2x2x2x2x2x6	40	40	0	1	explicit
x__2-2s2-2s1c1__group.2777__X010__Z10	72	2x2x6	12	12	0	1	explicit
x__4-1s2-1__group.5136__X101__Z5	32	2x2x2x2	12	12	0	0	explicit
x__2-1s2-1s2-1__group.1540__C__Z6	512	2x2x2x2x2x2x2x2x2x2x2x2x2x2x2	16896	16896	0	1	explicit
x__2-2s2-1s2-1__group.2456__X1100__Z1	192	2x2x2x2x2x2x2x2x2	512	512	0	1	explicit
x__2-2s2-2s2-2__group.3651__X00011__Z5	288	2x2x2x2	12	12	0	1	explicit
x__2-1s2-1s2-1__group.1540__C__Z5	512	2x2x2x2x2x2x2x2x2x2x2	2048	2048	0	1	explicit
x__2-2s2-2s2-1__group.3192__X111__Z3	144	2x2x2x2	16	16	0	1	explicit
x__2-2s2-2s2-1__group.3423__C__Z15	96	2x2x2	8	8	0	1	explicit
x__2-2s2-2s2-1__group.3423__C__Z14	96	2x2x2x2x2x2	64	64	0	1	explicit
x__4-1s2-1__group.5136__X101__Z22	32	2x2x2x2x2x4	50	60	10	0	explicit
x__4-1s2-2__group.5780__X1000__Z4	96	2x2x2	8	8	0	1	explicit
x__2-2s2-2s1c1__group.2777__X010__Z11	72	2x2x2x2x2x6	40	40	0	1	explicit
x__2-2s2-2s1c1__group.2777__X010__Z2	72	2x2x6	12	12	0	1	explicit
x__4-1s2-1__group.5136__X101__Z27	32	2x2x2x4	18	18	0	0	explicit
x__4-1s2-1__group.5219__C__Z34	128	2x2x2x2x2x2x2x2x2x2x2x2	2112	2112	0	1	explicit
x__4-1s2-1__group.5136__X101__Z17	32	2x2x2x4	18	18	0	0	explicit
x__2-2s2-1s2-1__group.2456__X1100__Z6	192	2x2x2x2x2	32	32	0	1	explicit
x__2-1s2-1s2-1__group.1540__C__Z1	512	2x2x2x2x2x2x2x2x2x2x2x2x2x2x2x2x2x2x2x2	525312	525312	0	1	burnside
x__2-2s2-2s2-1__group.3192__X111__Z2	144	2x2	4	4	0	1	explicit
x__2-2s2-2s2-1__group.3423__C__Z9	96	2x2x2x2x2x2	64	64	0	1	explicit
x__4-1s2-2__group.5780__X1000__Z10	96	2x2x2x2x2	32	32	0	1	explicit
x__4-1s2-1__group.5136__X101__Z9	32	2x2x4	10	12	2	0	explicit
x__4-1s2-1__group.5136__X101__Z25	32	2x2x2x4	18	18	0	0	explicit
x__2-2s2-2s1c1__group.2777__X010__Z14	72	2x2x6	12	12	0	1	explicit
x__2-2s2-2s2-2__group.3651__X00011__Z2	288	2x2x2x2	12	12	0	1	explicit
x__4-1s2-2__group.5780__X1000__Z1	96	2x2x2x2x2x2x2x2x2	512	512	0	1	explicit
x__4-1s2-1__group.5136__X101__Z18	32	2x2x4	10	12	2	0	explicit
x__2-2s2-1s2-1__group.2456__X1100__Z20	192	2x2x2x2x2x4	96	96	0	1	explicit
x__2-2s2-1s2-1__group.2456__X1100__Z7	192	2x2x2x2x2x2x2x2x2	512	512	0	1	explicit
x__2-1s2-1s2-1__group.1540__C__Z4	512	2x2x2x2x2x2x2x2x2x2x2x2x2x2x2	16512	16512	0	1	explicit
x__4-1s2-1__group.5136__X101__Z28	32	2x2x2x4	16	20	4	0	explicit
x__4-1s2-1__group.5136__X101__Z7	32	2x2x2x4	20	24	4	0	explicit
x__2-2s2-1s2-1__group.2456__X1100__Z14	192	2x2x2x2x2x2	64	64	0	1	explicit
x__3s2-1s1__group.3897__X101__Z40	192	2x2x2x4	24	24	0	1	explicit
x__3s2-1s1__group.3897__X101__Z15	192	2x2x2x2x2x2x4	90	90	0	1	explicit
x__4-1s2-1__group.5136__X101__Z24	32	2x2x2x2x2x4	46	56	10	0	explicit
x__2-2s2-2s1c1__group.2777__X010__Z13	72	2x2x2x2x2x6	40	40	0	1	explicit
x__4-1s2-2__group.5780__X1000__Z6	96	2x2x2x2x2	32	32	0	1	explicit
x__4-1s2-1__group.5136__X101__Z11	32	2x2x2x2	12	12	0	0	explicit
x__2-1s2-1s2-1__group.1540__C__Z8	512	2x2x2x2x2x2x2x2x2x2x2	1088	1088	0	1	explicit
x__2-2s2-1s2-1__group.2456__X1100__Z16	192	2x2x2x2x2x2	64	64	0	1	explicit
x__2-2s2-2s2-2__group.3651__X00011__Z3	288	2x2x2x2	12	12	0	1	explicit
x__4-1s2-1__group.5136__X101__Z10	32	2x2x2x2x2x4	46	56	10	0	explicit
x__2-2s2-1s2-1__group.2456__X1100__Z9	192	2x2x2x2x2x2	64	64	0	1	explicit
x__2-2s2-1s2-1__group.2456__X1100__Z13	192	2x2x2x2x2x2x2x2x2	512	512	0	1	explicit
x__3s2-1s1__group.3897__X101__Z41	192	2x2x2x4	24	24	0	1	explicit
x__3s2-1s1__group.3897__X101__Z5	192	2x2x2x2x2x2x2	80	80	0	1	explicit
x__2-2s2-2s1c1__group.2777__X010__Z12	72	2x2x6	12	12	0	1	explicit
x__4-1s2-1__group.5136__X101__Z30	32	2x2x4	10	12	2	0	explicit
x__4-1s2-2__group.5780__X1000__Z8	96	2x2x2x2x2	32	32	0	1	explicit
x__4-1s2-1__group.5136__X101__Z23	32	2x2x2x4	18	18	0	0	explicit
x__2-2s2-1s2-1__group.2456__X1100__Z10	192	2x2x2x2x2x2	64	64	0	1	explicit
x__2-2s2-1s2-1__group.2456__X1100__Z11	192	2x2x2x2	16	16	0	1	explicit
x__2-1s2-1s2-1__group.1540__C__Z3	512	2x2x2x2x2x2x2x2x2x2x2x2x2x2x2	32768	32768	0	1	explicit
x__4-1s2-1__group.5136__X101__Z16	32	2x2x2x2x2x4	46	56	10	0	explicit
x__2-2s2-1s2-1__group.2456__X1100__Z22	192	2x2x2x2x2x2	64	64	0	1	explicit
x__4-1s2-1__group.5136__X101__Z26	32	2x2x2x4	18	18	0	0	explicit
x__3s2-1s1__group.3897__X101__Z46	192	2x2x2x4	18	18	0	1	explicit
x__2-1s2-1s2-1__group.1540__C__Z9	512	2x2x2x2x2x2x2x2	144	144	0	1	explicit
x__3s2-1s1__group.3897__X101__Z2	192	2x2x2x2x2x2	64	64	0	1	explicit
x__2-2s2-2s2-2__group.3651__X00011__Z4	288	2x2x2x2	12	12	0	1	explicit
x__4-1s2-2__group.5780__X1000__Z9	96	2x2x2x2x2	32	32	0	1	explicit
x__4-1s2-1__group.5136__X101__Z15	32	2x2x4	9	10	1	0	explicit
x__2-2s2-2s1c1__group.2777__X010__Z7	72	2x2x2x2x2x6	40	40	0	1	explicit
x__2-2s2-1s2-1__group.2456__X1100__Z17	192	2x2x2x2	16	16	0	1	explicit
x__2-2s2-1s2-1__group.2456__X1100__Z5	192	2x2x2x2	16	16	0	1	explicit
x__2-2s2-1s2-1__group.2456__X1100__Z23	192	2x2x2x2	16	16	0	1	explicit
x__3s2-1s1__group.3897__X101__Z39	192	2x2x2x2x2x4	96	96	0	1	explicit
x__3s2-1s1__group.3897__X101__Z48	192	2x2	4	4	0	1	explicit
x__3s2-1s1__group.3897__X101__Z44	192	2x2x2x4	15	15	0	1	explicit
x__3s2-1s1__group.3897__X101__Z3	192	2x2x2x2x2x2x4	144	144	0	1	explicit
x__4-1s2-1__group.5136__X101__Z29	32	2x2	4	4	0	0	explicit
x__4-1s2-1__group.5136__X101__Z19	32	2x2x2x2	12	12	0	0	explicit
x__3s2-1s1__group.3897__X101__Z9	192	2x2x2x2x2	24	24	0	1	explicit
x__4-2s2-1__group.6609__C__Z1	192	2x2x2x2x2x2	64	64	0	1	explicit
x__2-2s2-2s1c1__group.2777__X010__Z9	72	2x2x2x2x2x6	40	40	0	1	explicit
x__4-1s2-2__group.5780__X1000__Z7	96	2x2x2x2x2	32	32	0	1	explicit
x__2-2s2-1s2-1__group.2456__X1100__Z24	192	2x2x2x2x4	48	48	0	1	explicit
x__2-2s2-1s2-1__group.2456__X1100__Z2	192	2x2x2x2x2x2	64	64	0	1	explicit
x__3s2-1s1__group.3897__X101__Z45	192	2x2x2x4	24	24	0	1	explicit
x__2-2s2-1s2-1__group.2456__X1100__Z21	192	2x2x2x2x2x2	64	64	0	1	explicit
x__3s2-1s1__group.3897__X101__Z10	192	2x2x2x2x2x2	48	48	0	1	explicit
x__3s2-1s1__group.3897__X101__Z14	192	2x2x2x2x2	32	32	0	1	explicit
x__3s2-1s1__group.3897__X101__Z4	192	2x2x2x2x2	32	32	0	1	explicit
x__2-1s2-1s2-1__group.1543__C__Z1	512	2x2x2x2x2x2x2x2x2x2x2x2x2x2x2x2x2x2x2x2	175808	175808	0	1	burnside
x__3s2-1s1__group.3897__X101__Z7	192	2x2x2x2x2	32	32	0	1	explicit
x__4-2s2-1__group.6421__X100__Z3	288	2x2x4x4	36	36	0	1	explicit
x__4-2s2-1__group.6609__C__Z4	192	2x2x2	8	8	0	1	explicit
x__4-1s2-2__group.5780__X1000__Z5	96	2x2x2x2x2	32	32	0	1	explicit
x__2-2s2-2s1c1__group.2777__X010__Z8	72	2x2x6	12	12	0	1	explicit
x__2-2s2-2s2-2__group.3651__X00011__Z1	288	2x2x2x2	12	12	0	1	explicit
x__3s2-1s1__group.3897__X101__Z42	192	2x2x2x4	24	24	0	1	explicit
x__2-2s2-1s2-1__group.2456__X1100__Z12	192	2x2x2x2x4	48	48	0	1	explicit
x__3s2-1s1__group.3897__X101__Z28	192	2x2x2x2	12	12	0	1	explicit
x__2-2s2-1s2-1__group.2456__X1100__Z3	192	2x2x2x2x2x2	64	64	0	1	explicit
x__2-2s2-1s2-1__group.2456__X1100__Z19	192	2x2x2x2x2x2x2x2x2	512	512	0	1	explicit
x__3s2-1s1__group.3897__X101__Z13	192	2x2x2x2	16	16	0	1	explicit
x__3s2-1s1__group.3897__X101__Z38	192	2x2x2x2x2x4	64	64	0	1	explicit
x__4-2s2-1__group.6421__X100__Z2	288	2x4	6	6	0	1	explicit
x__3s2-1s1__group.3897__X101__Z35	192	2x2x2x4	24	24	0	1	explicit
x__4-2s2-1__group.6609__C__Z3	192	2x2x2x2x2x2	64	64	0	1	explicit
x__3s2-1s1__group.3897__X101__Z18	192	2x2x2x2	12	12	0	1	explicit
x__2-2s2-2s1c1__group.2777__X010__Z1	72	2x2x2x2x2x6	40	40	0	1	explicit
x__2-2s2-1s2-1__group.2456__X1100__Z15	192	2x2x2x2x2x2	64	64	0	1	explicit
x__2-2s2-1s2-1__group.2456__X1100__Z4	192	2x2x2x2x2x2	64	64	0	1	explicit
x__3s2-1s1__group.3897__X101__Z25	192	2x2x2x2x2x2x2	128	128	0	1	explicit
x__4-1s2-2__group.5780__X1000__Z2	96	2x2x2	8	8	0	1	explicit
x__2-2s2-1s2-1__group.2456__X1100__Z18	192	2x2x2x2x2	32	32	0	1	explicit
x__3s2-1s1__group.3897__X101__Z17	192	2x2x2x2x2	24	24	0	1	explicit
x__3s2-1s1__group.3897__X101__Z31	192	2x2x2x2x2	32	32	0	1	explicit
x__2-1s2-1s2-1__group.1543__C__Z7	512	2x2x2x2x2x2x2x2x2x2x2x2x2x2	8320	8320	0	1	explicit
x__3s2-1s1__group.3897__X101__Z32	192	2x2x2x4	24	24	0	1	explicit
x__4-2s2-1__group.6421__X100__Z5	288	2x2x4x4	36	36	0	1	explicit
x__2-2s2-2s2-2__group.3651__X00011__Z6	288	2x2x2x2	12	12	0	1	explicit
x__3s2-1s1__group.3897__X101__Z27	192	2x2x2x2x2x2x2	60	60	0	1	explicit
x__4-2s2-1__group.6609__C__Z2	192	2x2x2	8	8	0	1	explicit
x__3s2-1s1__group.3897__X101__Z21	192	2x2	4	4	0	1	explicit
x__3s2-1s1__group.3897__X101__Z22	192	2x2x2x2	12	12	0	1	explicit
x__3s2-1s1__group.3897__X101__Z23	192	2x2x2x2x2x2x2x2x2	288	288	0	1	explicit
x__3s2-1s1__group.3897__X101__Z36	192	2x2x2x2x2	18	18	0	1	explicit
x__4-2s2-1__group.6421__X100__Z1	288	2x2x4x4	36	36	0	1	explicit
x__4-1s2-2__group.5581__X100__Z10	384	2x2x12	24	24	0	1	explicit
x__3s2-1s1__group.3897__X101__Z50	192	2x2x2x4	18	18	0	1	explicit
x__4-2s2-1__group.6421__X100__Z10	288	2x4	6	6	0	1	explicit
x__3s2-1s1__group.3897__X101__Z20	192	2x2x2x4	18	18	0	1	explicit
x__2-1s2-1s2-1__group.1543__C__Z9	512	2x2x2x2x2x2x2x2x2	288	288	0	1	explicit
x__2-2s2-2s1c1__group.2777__X010__Z3	72	2x2x2x2x2x6	40	40	0	1	explicit
x__3s2-1s1__group.3897__X101__Z19	192	2x2x2x2x2x2	40	40	0	1	explicit
x__3s2-1s1__group.3897__X101__Z24	192	2x2x2x2x2x2x2	96	96	0	1	explicit
x__3s2-1s1__group.3897__X101__Z49	192	4	3	3	0	1	explicit
x__3s2-1s1__group.3897__X101__Z37	192	2x2x2x4	15	15	0	1	explicit
x__4-2s2-1__group.6421__X100__Z14	288	2x4	6	6	0	1	explicit
x__2-2s2-2s2-2__group.3651__X00011__Z8	288	2x2x2x2	12	12	0	1	explicit
x__3s2-1s1__group.3897__X101__Z33	192	2x2x2x2x2x4	60	60	0	1	explicit
x__4-1s2-2__group.5581__X100__Z8	384	2x2x2	8	8	0	1	explicit
x__4-2s2-1__group.6421__X100__Z16	288	2x4	6	6	0	1	explicit
x__3s2-1s1__group.3897__X101__Z29	192	2x2x2x2x2x2x2	80	80	0	1	explicit
x__3s2-1s1__group.3897__X101__Z26	192	2x2x2x2x2x2x2	60	60	0	1	explicit
x__3s2-1s1__group.3897__X101__Z30	192	2x2x2x2x2x4	96	96	0	1	explicit
x__3s2-1s1__group.3897__X101__Z47	192	2x2x2x2x2x4	60	60	0	1	explicit
x__3s2-1s1__group.3897__X101__Z12	192	2x2x2x2	16	16	0	1	explicit
x__4-2s2-1__group.6421__X100__Z13	288	2x2x4x4	36	36	0	1	explicit
x__3s2-1s1__group.3897__X101__Z34	192	2x2x2x2x2	32	32	0	1	explicit
x__4-2s2-1__group.6421__X100__Z11	288	2x2x4x4	36	36	0	1	explicit
x__4-1s2-2__group.5831__X1001__Z3	96	2x2x2x2x2	24	24	0	1	explicit
x__2-1s2-1s2-1__group.1543__C__Z11	512	2x2x2x2x2x2x2x2x2	288	288	0	1	explicit
x__1c1c1c1s1s1__group.1046__X011__Z7	8	2x2x2x2x2x2x2x2x2	21	21	0	1	explicit
x__1c1c1c1s1s1__group.1046__X011__Z20	8	2x2x2x2x2x2x2x2x2x2x2	30	30	0	1	explicit
x__4-1s2-2__group.5581__X100__Z1	384	2x2x2x2x12	96	96	0	1	explicit
x__3s2-1s1__group.3897__X101__Z16	192	2x2x2x2x2	24	24	0	1	explicit
x__3s2-1s1__group.3897__X101__Z1	192	2x2x2x2x2x2x2x2x4	432	432	0	1	explicit
x__4-2s2-1__group.6421__X100__Z12	288	2x4	6	6	0	1	explicit
x__4-1s2-1__group.5095__T__Z15	256	2x2x2x2x2x2x2x2	144	144	0	1	explicit
x__4-2s2-1__group.6421__X100__Z7	288	2x2x4x4	36	36	0	1	explicit
x__4-2s2-1__group.6345__X100__Z1	144	2x2x2x6	24	24	0	1	explicit
x__4-1s2-2__group.5581__X100__Z6	384	2x2x6	16	16	0	1	explicit
x__4-1s2-2__group.5831__X1001__Z4	96	2x2x2x2x2	20	20	0	1	explicit
x__3s2-1s1__group.3897__X101__Z6	192	2x2x2x2x2x2x4	192	192	0	1	explicit
x__3s2-1s1__group.3897__X101__Z11	192	2x2x2x2x2x2	64	64	0	1	explicit
x__4-1s2-1__group.5095__T__Z18	256	2x2x2x2x2x2x2	96	96	0	1	explicit
x__2-1s2-1s2-1__group.1543__C__Z12	512	2x2x2x2x2x2x2x2x2x2x2x2x2x2	2800	2800	0	1	explicit
x__2-1s2-1s2-1__group.1543__C__Z10	512	2x2x2x2x2x2x2x2x2x2x2x2x2x2	2864	2864	0	1	explicit
x__4-2s2-1__group.6421__X100__Z15	288	2x2x4x4	36	36	0	1	explicit
x__4-2s2-1__group.6345__X100__Z3	144	2x2x2x6	32	32	0	1	explicit
x__4-2s2-1__group.6421__X100__Z9	288	2x2x4x4	36	36	0	1	explicit
x__1c1c1c1s1s1__group.1046__X011__Z2	8	2x2x2x2x2x2x2x2x2x2x2	70	70	0	1	explicit
x__4-1s2-2__group.5581__X100__Z11	384	2x2x2x2x4	48	48	0	1	explicit
x__4-1s2-1__group.5095__T__Z3	256	2x2x2x2x2x2x2x2x2	240	240	0	1	explicit
x__3s2-1s1__group.3897__X101__Z43	192	2x2x2x2x2	18	18	0	1	explicit
x__3s2-1s1__group.3897__X101__Z8	192	2x2x2x2x2x2x4	90	90	0	1	explicit
x__4-1s2-2__group.5831__X1001__Z1	96	2x2x2x2x2x2x2x2x2	104	104	0	1	explicit
x__1c1c1c1s1s1__group.1046__X011__Z9	8	2x2x2x2x2x2x2x2	12	12	0	1	explicit
x__4-1s2-1__group.5095__T__Z27	256	2x2x2x2x2x2x2x2x2	320	320	0	1	explicit
x__4-2s2-1__group.6345__X100__Z4	144	2x6	8	8	0	1	explicit
x__4-1s2-2__group.5581__X100__Z5	384	2x2x2x2x12	96	96	0	1	explicit
x__4-2s2-1__group.6421__X100__Z8	288	2x4	6	6	0	1	explicit
x__2-1s2-1s2-1__group.1543__C__Z8	512	2x2x2x2x2x2x2x2x2x2	576	576	0	1	explicit
x__4-1s2-1__group.5095__T__Z4	256	2x2x2x2x2x2x2x2	144	144	0	1	explicit
x__4-1s2-2__group.5581__X100__Z7	384	2x2x2x2x4	48	48	0	1	explicit
x__2-2s2-1s1c1__group.2003__X101__Z14	48	2x2x2	6	6	0	1	explicit
x__4-1s2-1__group.5095__T__Z14	256	2x2x2x2x2x2	64	64	0	1	explicit
x__3s2-2s1__group.4228__T__Z3	288	2x2x2x2x2	32	32	0	0	explicit
x__4-2s2-1__group.6345__X100__Z2	144	2x6	8	8	0	1	explicit
x__2-1s2-1s2-1__group.1543__C__Z2	512	2x2x2x2x2x2x2x2x2x2x2x2x2x2x2	16512	16512	0	1	explicit
x__4-1s2-1__group.5095__T__Z20	256	2x2x2x2x2	32	32	0	1	explicit
x__1c1c1c1s1s1__group.1046__X011__Z18	8	2x2x2x2x2x2x2x2	11	11	0	1	explicit
x__4-2s2-1__group.6421__X100__Z6	288	2x4	6	6	0	1	explicit
x__4-1s2-1__group.5095__T__Z5	256	2x2x2x2x2x2x2	72	72	0	1	explicit
x__4-1s2-2__group.5581__X100__Z2	384	2x2x6	16	16	0	1	explicit
x__4-1s2-2__group.5581__X100__Z9	384	2x2x2x2x12	96	96	0	1	explicit
x__2-2s2-1s1c1__group.2003__X101__Z13	48	2x2x2x2x2	20	20	0	1	explicit
x__2-2s2-1s1c1__group.2003__X101__Z8	48	2x2x2x2x2x2x2x2	80	80	0	1	explicit
x__4-1s2-1__group.5095__T__Z13	256	2x2x2x2x2x2x2x2x2	320	320	0	1	explicit
x__3s2-2s1__group.4228__T__Z4	288	2x2x2x2x2	32	32	0	0	explicit
x__2-1s2-1s2-1__group.1543__C__Z6	512	2x2x2x2x2x2x2x2	60	60	0	1	explicit
x__4-1s2-1__group.5095__T__Z16	256	2x2x2x2x2x2x2x2x2x2x2x2	1920	1920	0	1	explicit
x__4-1s2-1__group.5095__T__Z2	256	2x2x2x2x2x2x2x2x2	288	288	0	1	explicit
x__4-1s2-2__group.5581__X100__Z3	384	2x2x2x2x12	96	96	0	1	explicit
x__1c1c1c1s1s1__group.1046__X011__Z8	8	2x2x2x2x2x2x2x2x2	10	10	0	1	explicit
x__1c1c1c1s1s1__group.1046__X011__Z13	8	2x2x2x2x2x2x2x2	11	11	0	1	explicit
x__3s2-2s1__group.4228__T__Z8	288	2x2x2x2x2	32	32	0	0	explicit
x__2-1s2-1s2-1__group.1543__C__Z5	512	2x2x2x2x2x2x2x2x2x2x2	408	408	0	1	explicit
x__2-2s2-1s1c1__group.2003__X101__Z2	48	2x2x2x2x2	24	24	0	1	explicit
x__2-2s2-1s1c1__group.2003__X101__Z6	48	2x2x2x2x2	20	20	0	1	explicit
x__3s2-2s1__group.4228__T__Z13	288	2x2x2x2x2x2x2x2	256	256	0	0	explicit
x__4-1s2-1__group.5095__T__Z25	256	2x2x2x2x2x2x2x2x2	288	288	0	1	explicit
x__1c1c1c1s1s1__group.1046__X011__Z5	8	2x2x2x2x2x2x2x2x2	28	28	0	1	explicit
x__3s2-2s1__group.4228__T__Z21	288	2x2x2x2x2x6	128	128	0	0	explicit
x__4-1s2-1__group.5095__T__Z11	256	2x2x2x2x2x2x2x2	160	160	0	1	explicit
x__2-2s2-1s1c1__group.2003__X101__Z5	48	2x2x2x2	12	12	0	1	explicit
x__4-1s2-1__group.5095__T__Z10	256	2x2x2x2x2x2x2x2x2x2x2	960	960	0	1	explicit
x__3s2-2s1__group.4228__T__Z1	288	2x2x2x2x2x2x2x2	256	256	0	0	explicit
x__4-1s2-2__group.5581__X100__Z4	384	2x2x12	24	24	0	1	explicit
x__1c1c1c1s1s1__group.1046__X011__Z6	8	2x2x2x2x2x2x2x2x2x2x2	30	30	0	1	explicit
x__3s2-2s1__group.4228__T__Z14	288	2x2x2x2x2	32	32	0	0	explicit
x__2-2s2-1s1c1__group.2003__X101__Z1	48	2x2x2x2x2x2x2x2	80	80	0	1	explicit
x__2-1s2-1s2-1__group.1543__C__Z4	512	2x2x2x2x2x2x2x2x2x2x2	1088	1088	0	1	explicit
x__4-1s2-1__group.5095__T__Z22	256	2x2x2x2x2x2x2x2x2x2x2	1152	1152	0	1	explicit
x__3s2-2s1__group.4228__T__Z20	288	2x2x2x2x6	64	64	0	0	explicit
x__1c1c1c1s1s1__group.1046__X011__Z4	8	2x2x2x2x2x2x2x2x2x2x2	40	40	0	1	explicit
x__2-2s2-1s1c1__group.2003__X101__Z4	48	2x2x2x2x2x2	36	36	0	1	explicit
x__4-1s2-1__group.5095__T__Z7	256	2x2x2x2x2x2x2x2	192	192	0	1	explicit
x__3s2-2s1__group.4228__T__Z6	288	2x2x2x2x2	32	32	0	0	explicit
x__4-1s2-1__group.5095__T__Z17	256	2x2x2x2x2x2x2x2x2	320	320	0	1	explicit
x__3s2-2s1__group.4228__T__Z22	288	2x2x2x2x6	64	64	0	0	explicit
x__4-1s2-2__group.5581__X100__Z12	384	2x2x4	12	12	0	1	explicit
x__2-2s2-1s1c1__group.2003__X101__Z7	48	2x2x2	6	6	0	1	explicit
x__4-1s2-1__group.5095__T__Z23	256	2x2x2x2x2x2x2x2	144	144	0	1	explicit
x__2-2s2-1s1c1__group.2003__X101__Z3	48	2x2x2x2x2x2	20	20	0	1	explicit
x__3s2-2s1__group.4228__T__Z7	288	2x2x2x2x2x2	64	64	0	0	explicit
x__3s2-2s1__group.4228__T__Z27	288	2x2x2x2x2x2x2x6	512	512	0	0	explicit
x__4-1s2-1__group.5095__T__Z9	256	2x2x2x2x2x2x2	96	96	0	1	explicit
x__4-1s2-1__group.5095__T__Z21	256	2x2x2x2x2x2x2	72	72	0	1	explicit
x__2-2s2-1s1c1__group.2003__X101__Z9	48	2x2x2x2x2	24	24	0	1	explicit
x__3s2-2s1__group.4228__T__Z25	288	2x6	8	8	0	0	explicit
x__2-1s2-1s2-1__group.1543__C__Z3	512	2x2x2x2x2x2x2x2x2x2x2x2x2x2x2	16896	16896	0	1	explicit
x__2-2s2-1s1c1__group.2003__X101__Z11	48	2x2x2x2x2x2	36	36	0	1	explicit
x__3s2-2s1__group.4228__T__Z18	288	2x2x2x2x6	64	64	0	0	explicit
x__3s2-2s1__group.4228__T__Z9	288	2x2x2x2x2	32	32	0	0	explicit
x__4-1s2-1__group.5095__T__Z24	256	2x2x2x2x2x2x2x2x2x2x2	736	736	0	1	explicit
x__4-1s2-2__group.5506__X111__Z5	2304	2x2x2x2	16	16	0	0	explicit
x__4-1s2-1__group.5095__T__Z8	256	2x2x2x2x2	32	32	0	1	explicit
x__2-2s2-1s1c1__group.2003__X101__Z12	48	2x2x2x2	12	12	0	1	explicit
x__3s2-2s1__group.4228__T__Z24	288	2x2x6	16	16	0	0	explicit
x__4-1s2-1__group.5095__T__Z19	256	2x2x2x2x2x2x2x2	160	160	0	1	explicit
x__1c1c1c1s1s1__group.1046__X011__Z1	8	2x2x2x2x2x2x2x2x2x2x2x2x2x2	180	180	0	1	explicit
x__4-2s2-1__group.6421__X100__Z4	288	2x4	6	6	0	1	explicit
x__2-2s2-1s1c1__group.2003__X101__Z10	48	2x2x2x2x2x2	20	20	0	1	explicit
x__3s2-2s1__group.4228__T__Z11	288	2x2	4	4	0	0	explicit
x__3s2-2s1__group.4228__T__Z17	288	2x2x2x2x6	64	64	0	0	explicit
x__4-1s2-1__group.5095__T__Z12	256	2x2x2x2x2x2x2x2	192	192	0	1	explicit
x__3s2-2s1__group.4228__T__Z23	288	2x2x2x2x6	64	64	0	0	explicit
x__4-1s2-1__group.5095__T__Z1	256	2x2x2x2x2x2x2x2x2x2x2x2	1920	1920	0	1	explicit
x__4-1s2-2__group.5506__X111__Z2	2304	2x2x2	8	8	0	0	explicit
x__3s2-2s1__group.4228__T__Z5	288	2x2x2	8	8	0	0	explicit
x__4-1s2-1__group.5095__T__Z26	256	2x2x2x2x2x2x2x2	112	112	0	1	explicit
x__3s2-2s1__group.4228__T__Z16	288	2x2x2x2x6	64	64	0	0	explicit
x__4-1s2-2__group.5506__X111__Z8	2304	2x2x2	8	8	0	0	explicit
x__3s2-2s1__group.4228__T__Z28	288	2x2x2x2x6	64	64	0	0	explicit
x__4-1s2-1__group.5095__T__Z6	256	2x2x2x2x2x2x2	80	80	0	1	explicit
x__3s2-2s1__group.4228__T__Z15	288	2x2x2x2x2x2x2x6	512	512	0	0	explicit
x__3s2-2s1__group.4228__T__Z2	288	2x2x2x2x2	32	32	0	0	explicit
x__4-1s1c1__group.4545__C__Z4	128	2x2x2x2x2x2x2x2x2x2x2x2x2x2x2x2x2x2x2	8518	8518	0	1	burnside
x__4-1s1c1__group.4545__C__Z9	128	2x2x2x2x2x2x2x2x2	54	54	0	1	explicit
x__4-1s2-1__group.4938__X011__Z47	128	2x2x2x2x4	36	36	0	1	explicit
x__4-1s2-2__group.5506__X111__Z12	2304	2x2x2x2x2	32	32	0	0	explicit
x__4-1s2-1__group.4938__X011__Z41	128	2x2x2x2x2	32	32	0	1	explicit
x__4-2s2-2__group.7012__X01__Z1	72	3x6	8	8	0	1	explicit
x__3s2-2s1__group.4228__T__Z10	288	2x2x2	8	8	0	0	explicit
x__4-1s2-2__group.5506__X111__Z11	2304	2x2	4	4	0	0	explicit
x__3s2-2s1__group.4228__T__Z12	288	2x2x2x2x2	32	32	0	0	explicit
x__4-1s2-1__group.4938__X011__Z49	128	2x2	4	4	0	1	explicit
x__4-2s2-2__group.7012__X01__Z3	72	6	4	4	0	1	explicit
x__4-1s2-1__group.4938__X011__Z65	128	2x2x2x4	24	24	0	1	explicit
x__3s2-2s1__group.4228__T__Z26	288	2x2x2x2x6	64	64	0	0	explicit
x__4-1s2-1__group.4938__X011__Z28	128	2x2x2x2x2x2	48	48	0	1	explicit
x__4-1s2-2__group.5506__X111__Z15	2304	2x2	4	4	0	0	explicit
x__4-1s2-1__group.4938__X011__Z63	128	2x2x2x2x2x2x2x4	384	384	0	1	explicit
x__4-1s2-2__group.5506__X111__Z10	2304	2x2x2	8	8	0	0	explicit
x__4-2s2-2__group.7012__X01__Z2	72	6	4	4	0	1	explicit
x__4-1s2-1__group.4938__X011__Z15	128	2x2x2x2x4	36	36	0	1	explicit
x__4-1s2-1__group.4938__X011__Z16	128	2x2x4	12	12	0	1	explicit
x__4-1s1c1__group.4545__C__Z7	128	2x2x2x2x2x2x2x2x2x2x2x2x2	802	802	0	1	explicit
x__3s2-2s1__group.4228__T__Z19	288	2x2x6	16	16	0	0	explicit
x__1c1c1c1s1s1__group.1046__X011__Z3	8	2x2x2x2x2x2x2x2x2x2x2	112	112	0	1	explicit
x__4-1s2-1__group.4938__X011__Z5	128	2x2x2x2	16	16	0	1	explicit
x__4-1s2-1__group.4938__X011__Z62	128	2x2x2	8	8	0	1	explicit
x__4-1s2-2__group.5506__X111__Z14	2304	2x2x2x2x2	32	32	0	0	explicit
x__4-1s2-1__group.4938__X011__Z64	128	2x2x2x2x2x2	64	64	0	1	explicit
x__4-1s2-1__group.4938__X011__Z4	128	2x2x2x2x2x2	64	64	0	1	explicit
x__4-1s2-1__group.4938__X011__Z7	128	2x2x2x2x2x2x2x4	384	384	0	1	explicit
x__4-1s1c1__group.4545__C__Z12	128	2x2x2x2x2x2x2x2x2x2x2x2x2x2x2x2x2x2x2	9144	9144	0	1	burnside
x__4-1s2-2__group.5506__X111__Z3	2304	2x2	4	4	0	0	explicit
x__4-1s2-1__group.4938__X011__Z22	128	2x2x2x2x2x2	64	64	0	1	explicit
x__4-1s2-1__group.4938__X011__Z17	128	2x2x2x4	24	24	0	1	explicit
x__4-1s2-1__group.4938__X011__Z36	128	2x2x2x2x4	48	48	0	1	explicit
x__4-1s2-1__group.4938__X011__Z56	128	2x2x2x2x4	48	48	0	1	explicit
x__4-1s1c1__group.4545__C__Z3	128	2x2x2x2x2x2x2x2x2x2x2x2x2x2x2	1266	1266	0	1	explicit
x__4-1s2-2__group.5506__X111__Z13	2304	2x2	4	4	0	0	explicit
x__4-1s2-1__group.4938__X011__Z12	128	2x2x2x2x2	32	32	0	1	explicit
x__4-1s2-1__group.4938__X011__Z10	128	2x2x2x2x2x2	48	48	0	1	explicit
x__4-1s2-1__group.4938__X011__Z8	128	2x2x2x2x2x2	64	64	0	1	explicit
x__4-1s2-1__group.4938__X011__Z20	128	2x2x2x2x4	48	48	0	1	explicit
x__4-1s2-1__group.4938__X011__Z52	128	2x2x2x2x2x2x4	192	192	0	1	explicit
x__4-1s2-2__group.5506__X111__Z4	2304	2x2x2x2	16	16	0	0	explicit
x__4-1s1c1__group.4545__C__Z15	128	2x2x2x2x2x2x2x2x2x2x2x2x2	536	536	0	1	explicit
x__4-1s2-1__group.4938__X011__Z31	128	2x2x2x2x2x2x4	192	192	0	1	explicit
x__4-1s2-1__group.4938__X011__Z51	128	2x2x2x2x2	32	32	0	1	explicit
x__4-1s2-1__group.4938__X011__Z9	128	2x2x2x2x2x2x4	192	192	0	1	explicit
x__4-1s2-1__group.4938__X011__Z2	128	2x2x2x2x2	32	32	0	1	explicit
x__4-1s1c1__group.4545__C__Z16	128	2x2x2x2x2x2x2x2x2x2x2x2x2	536	536	0	1	explicit
x__4-1s2-1__group.4938__X011__Z25	128	2x2x2x2x2x2x2x4	384	384	0	1	explicit
x__4-1s2-1__group.4938__X011__Z18	128	2x2x2x2x2	32	32	0	1	explicit
x__4-1s2-2__group.5506__X111__Z9	2304	2x2	4	4	0	0	explicit
x__4-2s2-2__group.7004__X01__Z1	72	6	4	4	0	1	explicit
x__4-1s2-1__group.4938__X011__Z38	128	2x2x2x2x2x4	96	96	0	1	explicit
x__4-1s2-1__group.4938__X011__Z55	128	2x2x2x2x2x2	64	64	0	1	explicit
x__4-1s1c1__group.4545__C__Z14	128	2x2x2x2x2x2x2x2x2x2x2x2x2x2x2x2x2x2x2	24156	24156	0	1	burnside
x__4-1s2-1__group.4938__X011__Z32	128	2x2x2x2x4	48	48	0	1	explicit
x__4-1s2-1__group.4938__X011__Z42	128	2x2x2x2x4	36	36	0	1	explicit
x__4-1s2-1__group.4938__X011__Z13	128	2x2x2x2x4	48	48	0	1	explicit
x__4-1s2-1__group.4938__X011__Z24	128	2x2x2x2x2x2	64	64	0	1	explicit
x__4-2s2-2__group.7004__X01__Z2	72	6	4	4	0	1	explicit
x__4-1s2-1__group.4938__X011__Z27	128	2x2x2x4	24	24	0	1	explicit
x__4-1s2-2__group.5506__X111__Z7	2304	2x2	4	4	0	0	explicit
x__4-1s2-1__group.4938__X011__Z39	128	2x2x2x2x2x4	96	96	0	1	explicit
x__4-1s2-1__group.4938__X011__Z44	128	2x2x2x2x4	48	48	0	1	explicit
x__4-1s2-1__group.4938__X011__Z35	128	2x2x2x2	16	16	0	1	explicit
x__4-1s2-1__group.4938__X011__Z45	128	2x2x2	8	8	0	1	explicit
x__4-1s1c1__group.4545__C__Z13	128	2x2x2x2x2x2x2x2x2x2x2x2x2x2x2x2x2x2x2	8782	8782	0	1	burnside
x__4-1s2-1__group.4938__X011__Z1	128	2x2x2x2x2x2x4	192	192	0	1	explicit
x__4-1s1c1__group.4545__C__Z11	128	2x2x2x2x2x2x2x2x2x2x2x2x2	802	802	0	1	explicit
x__2-2s2-2s1s1__group.2930__C__Z8	48	2x2	4	4	0	1	explicit
x__4-1s2-1__group.4938__X011__Z34	128	2x2x2x2x2x2	64	64	0	1	explicit
x__4-1s2-1__group.4938__X011__Z23	128	2x2x2x2x4	48	48	0	1	explicit
x__4-1s2-1__group.4938__X011__Z43	128	2x2x2x2x4	48	48	0	1	explicit
x__4-1s2-2__group.5506__X111__Z1	2304	2x2x2x2	16	16	0	0	explicit
x__4-1s2-1__group.4938__X011__Z30	128	2x2x2x4	24	24	0	1	explicit
x__4-1s2-1__group.4938__X011__Z3	128	2x2x2x2x4	48	48	0	1	explicit
x__4-1s2-1__group.4938__X011__Z50	128	2x2x2x2x2x2x4	192	192	0	1	explicit
x__4-1s2-1__group.4938__X011__Z6	128	2x2x2x2x4	48	48	0	1	explicit
x__4-1s2-1__group.4938__X011__Z33	128	2x2x2x2x4	48	48	0	1	explicit
x__4-1s2-1__group.4938__X011__Z48	128	2x2x2x4	24	24	0	1	explicit
x__2-2s2-2s1s1__group.2930__C__Z34	48	2x2x2x2x2	32	32	0	1	explicit
x__4-1s2-1__group.4938__X011__Z19	128	2x2x2x2x2x2x4	192	192	0	1	explicit
x__4-1s2-1__group.4938__X011__Z37	128	2x2x2x2x2x2x2x4	384	384	0	1	explicit
x__4-1s2-1__group.4938__X011__Z11	128	2x2x2x2x2x2	48	48	0	1	explicit
x__4-1s1c1__group.4545__C__Z18	128	2x2x2x2x2x2x2x2x2x2x2x2x2	802	802	0	1	explicit
x__4-1s2-2__group.5506__X111__Z6	2304	2x2x2x2x2	32	32	0	0	explicit
x__4-1s2-1__group.4938__X011__Z14	128	2x2x2x2x4	48	48	0	1	explicit
x__4-1s2-1__group.4938__X011__Z68	128	2x2x2x4	24	24	0	1	explicit
x__4-1s2-1__group.4938__X011__Z46	128	2x2x2x2	12	12	0	1	explicit
x__4-1s2-1__group.4938__X011__Z58	128	2x2x2x2	12	12	0	1	explicit
x__2-2s2-2s1s1__group.2930__C__Z1	48	2x2x2x2x2x2x2x2x2	272	272	0	1	explicit
x__4-1s2-1__group.4938__X011__Z26	128	2x2x2x2x2x4	96	96	0	1	explicit
x__4-1s2-1__group.4938__X011__Z54	128	2x2x2x2x2	32	32	0	1	explicit
x__4-1s1c1__group.4545__C__Z2	128	2x2x2x2x2x2x2x2x2x2x2x2x2x2x2	682	682	0	1	explicit
x__4-1s2-1__group.4938__X011__Z29	128	2x2x2x4	18	18	0	1	explicit
x__4-1s2-1__group.4938__X011__Z40	128	2x2x2x2x2x2	48	48	0	1	explicit
x__2-2s2-2s1s1__group.2930__C__Z9	48	2x2x2x2x2	20	20	0	1	explicit
x__4-1s1c1__group.4545__C__Z10	128	2x2x2x2x2x2x2	22	22	0	1	explicit
x__4-1s2-1__group.4938__X011__Z57	128	2x2x2x2x4	48	48	0	1	explicit
x__2-2s2-2s1s1__group.2930__C__Z20	48	2x2x2x2x2	20	20	0	1	explicit
x__2-2s2-2s1s1__group.2930__C__Z6	48	2x2x2x2x2	24	24	0	1	explicit
x__4-1s2-1__group.4938__X011__Z67	128	2x2x2x2	12	12	0	1	explicit
x__4-1s2-1__group.4938__X011__Z21	128	2x2x2x2x2x2x4	192	192	0	1	explicit
x__4-1s2-1__group.4938__X011__Z53	128	2x2x2x2x2x2	64	64	0	1	explicit
x__2-2s2-2s1s1__group.2930__C__Z24	48	2x2x2x2x2	32	32	0	1	explicit
x__2-2s2-2s1s1__group.2930__C__Z19	48	2x2x2x2x2	20	20	0	1	explicit
x__2-2s2-2s1s1__group.2930__C__Z31	48	2x2x2x2x2x2x2x2x2	272	272	0	1	explicit
x__2-2s2-2s1s1__group.2930__C__Z18	48	2x2	4	4	0	1	explicit
x__4-1s2-1__group.4938__X011__Z61	128	2x2x2x4	24	24	0	1	explicit
x__4-1s1c1__group.4545__C__Z5	128	2x2x2x2x2x2x2x2x2x2x2	134	134	0	1	explicit
x__2-2s2-2s1s1__group.2930__C__Z33	48	2x2x2x2x2	24	24	0	1	explicit
x__4-1s1c1__group.4545__C__Z17	128	2x2x2x2x2x2x2x2x2x2x2x2x2x2x2x2x2x2x2	23728	23728	0	1	burnside
x__4-1s2-1__group.4938__X011__Z60	128	2x2x2x2x2	32	32	0	1	explicit
x__2-2s2-2s2-1__group.3303__X001__Z15	144	2x2x2x2	16	16	0	1	explicit
x__2-2s2-2s2-1__group.3486__C__Z4	144	2x6	8	8	0	1	explicit
x__2-2s2-2s1s1__group.2930__C__Z26	48	2x2x2x2x2	24	24	0	1	explicit
x__2-2s2-2s1s1__group.2930__C__Z23	48	2x2x2x2x2	24	24	0	1	explicit
x__2-2s2-2s1s1__group.2930__C__Z4	48	2x2x2x2x2	32	32	0	1	explicit
x__2-2s2-2s1s1__group.2930__C__Z27	48	2x2x2x2x2	32	32	0	1	explicit
x__2-2s2-2s2-1__group.3303__X001__Z12	144	2x2	4	4	0	1	explicit
x__4-1s2-1__group.5186__X1010__Z16	512	2x2x2x2x2x2x2x2x2x4	1280	1536	256	0	explicit
x__2-2s2-2s1s1__group.2930__C__Z32	48	2x2x2x2x2x2x2x2x2	272	272	0	1	explicit
x__2-2s2-2s2-1__group.3486__C__Z3	144	2x2x2x6	32	32	0	1	explicit
x__4-1s2-1__group.4938__X011__Z59	128	2x2x2x2x2	24	24	0	1	explicit
x__4-1s2-1__group.5186__X1010__Z23	512	2x2x2x2x2x2x2x2x2x2	576	576	0	0	explicit
x__2-2s2-2s2-1__group.3303__X001__Z11	144	2x2x2x2	16	16	0	1	explicit
x__2-2s2-2s1s1__group.2930__C__Z21	48	2x2x2x2x2x2x2x2x2	272	272	0	1	explicit
x__2-2s2-2s1s1__group.2930__C__Z38	48	2x2	4	4	0	1	explicit
x__4-1s1c1__group.4545__C__Z6	128	2x2x2x2x2x2x2x2x2x2x2x2x2	482	482	0	1	explicit
x__2-2s2-2s2-1__group.3303__X001__Z13	144	2x2x2x2	16	16	0	1	explicit
x__2-2s2-2s1s1__group.2930__C__Z39	48	2x2x2x2x2	20	20	0	1	explicit
x__4-1s2-1__group.5186__X1010__Z11	512	2x2x2x2x2x4	72	80	8	0	explicit
x__4-1s2-1__group.5186__X1010__Z10	512	2x2x2x2x2x2x2x4	288	320	32	0	explicit
x__2-2s2-2s1s1__group.2930__C__Z7	48	2x2x2x2x2	32	32	0	1	explicit
x__2-2s2-2s2-1__group.3303__X001__Z16	144	2x2	4	4	0	1	explicit
x__4-1s2-1__group.5186__X1010__Z24	512	2x2x2x2x2x2x4	160	192	32	0	explicit
x__4-1s2-1__group.4938__X011__Z66	128	2x2x2x2x2x2	48	48	0	1	explicit
x__2-2s2-2s1s1__group.2930__C__Z28	48	2x2	4	4	0	1	explicit
x__2-2s2-2s1s1__group.2930__C__Z22	48	2x2x2x2x2x2x2x2x2	272	272	0	1	explicit
x__2-2s2-2s2-1__group.3303__X001__Z14	144	2x2	4	4	0	1	explicit
x__2-2s2-2s1s1__group.2930__C__Z5	48	2x2	4	4	0	1	explicit
x__4-1s2-1__group.5186__X1010__Z3	512	2x2x2x2x2x2x2x4	256	320	64	0	explicit
x__2-2s2-2s1s1__group.2930__C__Z35	48	2x2	4	4	0	1	explicit
x__2-2s2-2s2-1__group.3303__X001__Z10	144	2x2	4	4	0	1	explicit
x__4-1s2-1__group.5186__X1010__Z17	512	2x2x2x2x2x2x2x2	192	192	0	0	explicit
x__2-2s2-2s2-1__group.3303__X001__Z4	144	2x2	4	4	0	1	explicit
x__1c1c1c1s1s1__group.1046__X011__Z14	8	2x2x2x2x2x2	10	10	0	1	explicit
x__2-2s2-2s1s1__group.2930__C__Z25	48	2x2	4	4	0	1	explicit
x__4-1s2-1__group.5186__X1010__Z12	512	2x2x2x2x2x4	80	96	16	0	explicit
x__4-1s1c1__group.4545__C__Z1	128	2x2x2x2x2x2x2x2x2x2x2x2x2x2x2x2x2x2x2x2x2x2x2x2x2	175474	175474	0	1	burnside
x__2-2s2-2s1s1__group.2930__C__Z17	48	2x2x2x2x2	32	32	0	1	explicit
x__4-1s1s1__group.4666__X010__Z5	192	2	2	2	0	0	explicit
x__4-1s2-1__group.5186__X1010__Z4	512	2x2x2x2x2x2x2x2x2x2	576	576	0	0	explicit
x__2-2s2-2s1s1__group.2930__C__Z30	48	2x2x2x2x2	20	20	0	1	explicit
x__2-2s2-2s2-1__group.3303__X001__Z7	144	2x2x2x2	16	16	0	1	explicit
x__2-2s2-2s2-1__group.3303__X001__Z3	144	2x2x2x2	16	16	0	1	explicit
x__4-1s1s1__group.4666__X010__Z25	192	2x2x2x2x2x2x2x2	60	60	0	0	explicit
x__4-1s2-1__group.5186__X1010__Z21	512	2x2x2x2x2x2x2x2x2x2	544	544	0	0	explicit
x__2-2s2-2s1s1__group.2930__C__Z13	48	2x2x2x2x2	24	24	0	1	explicit
x__4-1s2-1__group.5186__X1010__Z15	512	2x2x2x2x2x2x4	192	256	64	0	explicit
x__2-2s2-2s1s1__group.2930__C__Z10	48	2x2x2x2x2	20	20	0	1	explicit
x__2-2s2-2s2-1__group.3303__X001__Z9	144	2x2x2x2	16	16	0	1	explicit
x__2-2s2-2s2-1__group.3303__X001__Z2	144	2x2	4	4	0	1	explicit
x__4-1s2-1__group.5186__X1010__Z5	512	2x2x2x2x2x2	48	48	0	0	explicit
x__4-1s1c1__group.4545__C__Z8	128	2x2x2x2x2x2x2x2x2x2x2x2x2	308	308	0	1	explicit
x__2-2s2-2s1s1__group.2930__C__Z37	48	2x2x2x2x2	32	32	0	1	explicit
x__4-1s1s1__group.4666__X010__Z4	192	2x2x2	8	8	0	0	explicit
x__4-1s1s1__group.4666__X010__Z6	192	2	2	2	0	0	explicit
x__4-1s2-1__group.5186__X1010__Z19	512	2x2x2x2x2x2x2x2x2	320	320	0	0	explicit
x__2-2s2-2s1s1__group.2930__C__Z14	48	2x2x2x2x2	32	32	0	1	explicit
x__1c1c1c1s1s1__group.1046__X011__Z22	8	2x2x2x2x2x2x2x2	14	14	0	1	explicit
x__2-2s2-2s2-1__group.3303__X001__Z8	144	2x2	4	4	0	1	explicit
x__2-2s2-2s2-1__group.3303__X001__Z5	144	2x2x2x2	16	16	0	1	explicit
x__2-2s2-2s1s1__group.2930__C__Z11	48	2x2x2x2x2x2x2x2x2	272	272	0	1	explicit
x__4-1s2-1__group.5186__X1010__Z9	512	2x2x2x2x2x2x2x4	256	320	64	0	explicit
x__4-1s2-1__group.5186__X1010__Z2	512	2x2x2x2x2x2x4	160	192	32	0	explicit
x__4-1s1s1__group.4666__X010__Z16	192	2x2x2x2	12	12	0	0	explicit
x__4-1s1s1__group.4666__X010__Z1	192	2x2x2x2x2x2	20	20	0	0	explicit
x__2-2s2-2s1s1__group.2930__C__Z2	48	2x2x2x2x2x2x2x2x2	272	272	0	1	explicit
x__2-2s2-2s1s1__group.2930__C__Z40	48	2x2x2x2x2	20	20	0	1	explicit
x__4-1s2-1__group.5186__X1010__Z26	512	2x2x2x2x2	32	32	0	0	explicit
x__2-2s2-2s2-1__group.3303__X001__Z6	144	2x2	4	4	0	1	explicit
x__4-1s1s1__group.4666__X010__Z3	192	2x2x2	8	8	0	0	explicit
x__2-2s2-2s2-1__group.3486__C__Z1	144	2x2x2x6	32	32	0	1	explicit
x__1c1c1c1s1s1__group.1046__X011__Z27	8	2x2x2x2x2x2x2x2	20	20	0	1	explicit
x__2-2s2-2s1s1__group.2930__C__Z29	48	2x2x2x2x2	20	20	0	1	explicit
x__4-1s2-1__group.5186__X1010__Z14	512	2x2x2x2x2	32	32	0	0	explicit
x__4-1s2-1__group.5186__X1010__Z7	512	2x2x2x2x2x2x2x2x2x2x2x2x4	6656	8704	2048	0	explicit
x__4-1s1s1__group.4666__X010__Z28	192	2x2x2x2x2	10	10	0	0	explicit
x__2-2s2-2s2-1__group.3303__X001__Z1	144	2x2x2x2	16	16	0	1	explicit
x__2-2s2-2s1s1__group.2930__C__Z3	48	2x2x2x2x2	24	24	0	1	explicit
x__2-2s2-2s2-1__group.3486__C__Z2	144	2x6	8	8	0	1	explicit
x__2-2s2-2s1s1__group.2930__C__Z15	48	2x2	4	4	0	1	explicit
x__4-1s1s1__group.4666__X010__Z24	192	2x2x2x2x2	10	10	0	0	explicit
x__4-1s1s1__group.4666__X010__Z8	192	2x2x2	8	8	0	0	explicit
x__4-1s2-1__group.5186__X1010__Z18	512	2x2x2x2x2x2x2x2x2x2x4	1664	2176	512	0	explicit
x__2-2s2-2s1s1__group.2930__C__Z16	48	2x2x2x2x2	24	24	0	1	explicit
x__4-1s2-1__group.5186__X1010__Z13	512	2x2x2x2x2x2x2x4	384	512	128	0	explicit
x__4-1s1s1__group.4666__X010__Z17	192	2x2x2x2	8	8	0	0	explicit
x__4-1s2-1__group.5186__X1010__Z1	512	2x2x2x2x2x2x2x2x2x2x4	2048	2560	512	0	explicit
x__2-2s2-2s1s1__group.2930__C__Z36	48	2x2x2x2x2	24	24	0	1	explicit
x__4-2s2-1__group.6421__X110__Z16	288	2x2	4	4	0	1	explicit
x__4-2s2-1__group.6421__X110__Z14	288	2x2	4	4	0	1	explicit
x__2-2s2-2s1s1__group.2930__C__Z12	48	2x2x2x2x2x2x2x2x2	272	272	0	1	explicit
x__4-1s1s1__group.4666__X010__Z23	192	2x2x2	8	8	0	0	explicit
x__4-1s2-1__group.5186__X1010__Z27	512	2x2x2x2x2x2x4	144	160	16	0	explicit
x__2-2s2-1s1s1__group.2337__X1110__Z88	96	2x2x2x2x2x2	64	64	0	1	explicit
x__4-1s2-1__group.5186__X1010__Z25	512	2x2x2x2x2x2x4	192	192	0	0	explicit
x__4-1s1s1__group.4666__X010__Z9	192	2x2x2	8	8	0	0	explicit
x__4-1s2-1__group.5186__X1010__Z6	512	2x2x2x2x2x2x2x4	224	288	64	0	explicit
x__4-1s1s1__group.4666__X010__Z10	192	2x2x2	4	4	0	0	explicit
x__4-2s2-1__group.6421__X110__Z9	288	2x2x2x2	16	16	0	1	explicit
x__4-2s2-1__group.6421__X110__Z3	288	2x2x2x2	16	16	0	1	explicit
x__2-2s2-1s1s1__group.2337__X1110__Z28	96	2x2x2x2	16	16	0	1	explicit
x__4-1s1s1__group.4666__X010__Z15	192	2x2x2x2x2x2	48	48	0	0	explicit
x__2-2s2-1s1s1__group.2337__X1110__Z80	96	2x2x2x2	16	16	0	1	explicit
x__2-2s2-1s1s1__group.2337__X1110__Z129	96	2x2x2x2	16	16	0	1	explicit
x__4-1s2-1__group.5186__X1010__Z20	512	2x2x2x2x2x2x2x2	160	160	0	0	explicit
x__4-1s2-1__group.5186__X1010__Z22	512	2x2x2x2x2x2x2x2x2x2x2x4	3584	4608	1024	0	explicit
x__4-2s2-1__group.6421__X110__Z7	288	2x2x2x2	16	16	0	1	explicit
x__4-2s2-1__group.6421__X110__Z4	288	2x2	4	4	0	1	explicit
x__2-2s2-1s1s1__group.2337__X1110__Z21	96	2x2x2x2x2	32	32	0	1	explicit
x__4-1s2-1__group.5186__X1010__Z8	512	2x2x2x2x2x2x2x2x4	448	576	128	0	explicit
x__4-1s1s1__group.4666__X010__Z19	192	2x2x2x2x2	24	24	0	0	explicit
x__2-2s2-1s1s1__group.2337__X1110__Z43	96	2x2x2x2x2x2x2x2	256	256	0	1	explicit
x__2-2s2-1s1s1__group.2337__X1110__Z121	96	2x2x2x2x2x2x2x2	256	256	0	1	explicit
x__4-1s1s1__group.4666__X010__Z7	192	2x2x2x2x2x2	40	40	0	0	explicit
x__4-1s1s1__group.4666__X010__Z12	192	2x2x2x2x2x2	20	20	0	0	explicit
x__2-2s2-1s1s1__group.2337__X1110__Z118	96	2x2x2x2x2x2x2x2	256	256	0	1	explicit
x__2-2s2-1s1s1__group.2337__X1110__Z143	96	2x2x2x2x2x2x2x2	256	256	0	1	explicit
x__4-2s2-1__group.6421__X110__Z10	288	2x2	4	4	0	1	explicit
x__2-2s2-1s1s1__group.2337__X1110__Z103	96	2x2x2x2	16	16	0	1	explicit
x__2-2s2-1s1s1__group.2337__X1110__Z26	96	2x2x2x2x2x2x2x2	256	256	0	1	explicit
x__2-2s2-1s1s1__group.2337__X1110__Z116	96	2x2x2x2	16	16	0	1	explicit
x__2-2s2-1s1s1__group.2337__X1110__Z74	96	2x2x2x2x2x2x2x2	256	256	0	1	explicit
x__4-1s1s1__group.4666__X010__Z26	192	2x2x2x2x2	24	24	0	0	explicit
x__4-1s1s1__group.4666__X010__Z20	192	2x2x2	8	8	0	0	explicit
x__2-2s2-1s1s1__group.2337__X1110__Z127	96	2x2x2x2	16	16	0	1	explicit
x__4-2s2-1__group.6421__X110__Z15	288	2x2x2x2	16	16	0	1	explicit
x__4-1s1s1__group.4666__X010__Z2	192	2x2x2x2x2x2	40	40	0	0	explicit
x__4-1s1s1__group.4666__X010__Z13	192	2x2x2x2x2x2x2x2x2	120	120	0	0	explicit
x__2-2s2-1s1s1__group.2337__X1110__Z16	96	2x2x2x2x2	32	32	0	1	explicit
x__2-2s2-1s1s1__group.2337__X1110__Z19	96	2x2x2x2x2x2x2x2	256	256	0	1	explicit
x__2-2s2-1s1s1__group.2337__X1110__Z56	96	2x2x2x2x2x2x2x2	256	256	0	1	explicit
x__2-2s2-1s1s1__group.2337__X1110__Z119	96	2x2x2x2x2	32	32	0	1	explicit
x__2-2s2-1s1s1__group.2337__X1110__Z111	96	2x2x2x2x2x2x2x2x2	512	512	0	1	explicit
x__4-1s1s1__group.4666__X010__Z21	192	2x2	4	4	0	0	explicit
x__4-1s1s1__group.4666__X010__Z18	192	2x2x2	4	4	0	0	explicit
x__2-2s2-1s1s1__group.2337__X1110__Z86	96	2x2x2x2x2x2x2x2x2	512	512	0	1	explicit
x__2-2s2-1s1s1__group.2337__X1110__Z29	96	2x2x2x2	16	16	0	1	explicit
x__4-2s2-1__group.6421__X110__Z12	288	2x2	4	4	0	1	explicit
x__2-2s2-1s1s1__group.2337__X1110__Z45	96	2x2x2x2x2	32	32	0	1	explicit
x__2-2s2-1s1s1__group.2337__X1110__Z69	96	2x2x2x2x2	32	32	0	1	explicit
x__4-1s1s1__group.4666__X010__Z14	192	2x2x2x2x2x2	40	40	0	0	explicit
x__2-2s2-1s1s1__group.2337__X1110__Z151	96	2x2x2x2x2x2x2x2	256	256	0	1	explicit
x__2-2s2-1s1s1__group.2337__X1110__Z44	96	2x2x2x2x2	32	32	0	1	explicit
x__2-2s2-1s1s1__group.2337__X1110__Z73	96	2x2x2x2x2	32	32	0	1	explicit
x__4-2s2-1__group.6421__X110__Z5	288	2x2x2x2	16	16	0	1	explicit
x__4-2s2-1__group.6421__X110__Z1	288	2x2x2x2	16	16	0	1	explicit
x__2-2s2-1s1s1__group.2337__X1110__Z72	96	2x2x2x2x2	32	32	0	1	explicit
x__2-2s2-1s1s1__group.2337__X1110__Z11	96	2x2x2x2x2x2	64	64	0	1	explicit
x__2-2s2-1s1s1__group.2337__X1110__Z110	96	2x2x2x2x2x2x2x2x2	512	512	0	1	explicit
x__4-1s1s1__group.4666__X010__Z22	192	2x2x2x2x2x2	20	20	0	0	explicit
x__4-1s1s1__group.4666__X010__Z27	192	2x2x2	4	4	0	0	explicit
x__2-2s2-1s1s1__group.2337__X1110__Z156	96	2x2x2x2x2x2x2x2	256	256	0	1	explicit
x__2-2s2-1s1s1__group.2337__X1110__Z94	96	2x2x2x2x2	32	32	0	1	explicit
x__2-2s2-1s1s1__group.2337__X1110__Z126	96	2x2x2x2x2	32	32	0	1	explicit
x__2-2s2-1s1s1__group.2337__X1110__Z145	96	2x2x2x2x2	32	32	0	1	explicit
x__4-2s2-1__group.6421__X110__Z2	288	2x2	4	4	0	1	explicit
x__2-2s2-1s1s1__group.2337__X1110__Z75	96	2x2x2x2x2	32	32	0	1	explicit
x__4-2s2-1__group.6421__X110__Z6	288	2x2	4	4	0	1	explicit
x__2-2s2-1s1s1__group.2337__X1110__Z144	96	2x2x2x2x2x2x2x2	256	256	0	1	explicit
x__2-2s2-1s1s1__group.2337__X1110__Z135	96	2x2x2x2x2	32	32	0	1	explicit
x__2-2s2-1s1s1__group.2337__X1110__Z35	96	2x2x2x2x2x2	64	64	0	1	explicit
x__2-2s2-1s1s1__group.2337__X1110__Z89	96	2x2x2x2	16	16	0	1	explicit
x__2-2s2-1s1s1__group.2337__X1110__Z134	96	2x2x2x2x2x2x2x2	256	256	0	1	explicit
x__2-2s2-1s1s1__group.2337__X1110__Z10	96	2x2x2x2x2x2	64	64	0	1	explicit
x__2-2s2-1s1s1__group.2337__X1110__Z87	96	2x2x2x2x2x2	64	64	0	1	explicit
x__4-2s2-1__group.6421__X110__Z11	288	2x2x2x2	16	16	0	1	explicit
x__4-1s1s1__group.4666__X010__Z11	192	2x2x2	6	6	0	0	explicit
x__4-2s2-1__group.6421__X110__Z8	288	2x2	4	4	0	1	explicit
x__2-2s2-1s1s1__group.2337__X1110__Z81	96	2x2x2x2	16	16	0	1	explicit
x__2-2s2-1s1s1__group.2337__X1110__Z33	96	2x2x2x2x2x2	64	64	0	1	explicit
x__2-2s2-1s1s1__group.2337__X1110__Z60	96	2x2x2x2x2x2	64	64	0	1	explicit
x__2-2s2-1s1s1__group.2337__X1110__Z32	96	2x2x2x2x2x2x2x2x2	512	512	0	1	explicit
x__2-2s2-1s1s1__group.2337__X1110__Z128	96	2x2x2x2	16	16	0	1	explicit
x__2-2s2-1s1s1__group.2337__X1110__Z27	96	2x2x2x2	16	16	0	1	explicit
x__2-2s2-1s1s1__group.2337__X1110__Z57	96	2x2x2x2x2	32	32	0	1	explicit
x__2-2s2-1s1s1__group.2337__X1110__Z17	96	2x2x2x2x2	32	32	0	1	explicit
x__2-2s2-1s1s1__group.2337__X1110__Z14	96	2x2x2x2x2x2x2x2	256	256	0	1	explicit
x__4-2s2-1__group.6421__X110__Z13	288	2x2x2x2	16	16	0	1	explicit
x__2-2s2-1s1s1__group.2337__X1110__Z34	96	2x2x2x2x2x2x2x2x2	512	512	0	1	explicit
x__2-2s2-1s1s1__group.2337__X1110__Z120	96	2x2x2x2x2	32	32	0	1	explicit
x__2-2s2-1s1s1__group.2337__X1110__Z117	96	2x2x2x2x2x2x2x2	256	256	0	1	explicit
x__2-2s2-1s1s1__group.2337__X1110__Z133	96	2x2x2x2x2x2x2x2	256	256	0	1	explicit
x__2-2s2-1s1s1__group.2337__X1110__Z67	96	2x2x2x2x2x2x2x2	256	256	0	1	explicit
x__2-2s2-1s1s1__group.2337__X1110__Z123	96	2x2x2x2x2	32	32	0	1	explicit
x__2-2s2-1s1s1__group.2337__X1110__Z102	96	2x2x2x2	16	16	0	1	explicit
x__2-2s2-1s1s1__group.2337__X1110__Z18	96	2x2x2x2x2x2x2x2	256	256	0	1	explicit
x__2-2s2-1s1s1__group.2337__X1110__Z142	96	2x2x2x2	16	16	0	1	explicit
x__2-2s2-1s1s1__group.2337__X1110__Z141	96	2x2x2x2x2x2	64	64	0	1	explicit
x__2-2s2-1s1s1__group.2337__X1110__Z42	96	2x2x2x2x2	32	32	0	1	explicit
x__2-2s2-1s1s1__group.2337__X1110__Z150	96	2x2x2x2x2	32	32	0	1	explicit
x__2-2s2-1s1s1__group.2337__X1110__Z149	96	2x2x2x2x2	32	32	0	1	explicit
x__2-2s2-1s1s1__group.2337__X1110__Z132	96	2x2x2x2x2x2x2x2	256	256	0	1	explicit
x__2-2s2-1s1s1__group.2337__X1110__Z92	96	2x2x2x2x2x2x2x2	256	256	0	1	explicit
x__2-2s2-1s1s1__group.2337__X1110__Z124	96	2x2x2x2x2	32	32	0	1	explicit
x__2-2s2-1s1s1__group.2337__X1110__Z113	96	2x2x2x2x2x2x2x2x2	512	512	0	1	explicit
x__2-2s2-1s1s1__group.2337__X1110__Z68	96	2x2x2x2x2	32	32	0	1	explicit
x__2-2s2-1s1s1__group.2337__X1110__Z20	96	2x2x2x2x2	32	32	0	1	explicit
x__2-2s2-1s1s1__group.2337__X1110__Z146	96	2x2x2x2x2	32	32	0	1	explicit
x__2-2s2-1s1s1__group.2337__X1110__Z52	96	2x2x2x2x2x2x2x2	256	256	0	1	explicit
x__2-2s2-1s1s1__group.2337__X1110__Z93	96	2x2x2x2x2	32	32	0	1	explicit
x__2-2s2-1s1s1__group.2337__X1110__Z24	96	2x2x2x2x2x2x2x2	256	256	0	1	explicit
x__2-2s2-1s1s1__group.2337__X1110__Z51	96	2x2x2x2	16	16	0	1	explicit
x__2-2s2-1s1s1__group.2337__X1110__Z85	96	2x2x2x2x2x2	64	64	0	1	explicit
x__2-2s2-1s1s1__group.2337__X1110__Z70	96	2x2x2x2x2x2x2x2	256	256	0	1	explicit
x__2-2s2-1s1s1__group.2337__X1110__Z109	96	2x2x2x2x2	32	32	0	1	explicit
x__2-2s2-1s1s1__group.2337__X1110__Z66	96	2x2x2x2x2x2x2x2	256	256	0	1	explicit
x__2-2s2-1s1s1__group.2337__X1110__Z105	96	2x2x2x2x2x2x2x2x2x2x2x2	4096	4096	0	1	explicit
x__2-2s2-1s1s1__group.2337__X1110__Z13	96	2x2x2x2x2x2x2x2x2x2x2x2	4096	4096	0	1	explicit
x__2-2s2-1s1s1__group.2337__X1110__Z107	96	2x2x2x2x2x2x2x2	256	256	0	1	explicit
x__2-2s2-1s1s1__group.2337__X1110__Z130	96	2x2x2x2x2x2x2x2	256	256	0	1	explicit
x__2-2s2-1s1s1__group.2337__X1110__Z58	96	2x2x2x2x2x2x2x2x2	512	512	0	1	explicit
x__2-2s2-1s1s1__group.2337__X1110__Z12	96	2x2x2x2	16	16	0	1	explicit
x__2-2s2-1s1s1__group.2337__X1110__Z71	96	2x2x2x2x2x2x2x2	256	256	0	1	explicit
x__2-2s2-1s1s1__group.2337__X1110__Z104	96	2x2x2x2x2x2x2x2	256	256	0	1	explicit
x__2-2s2-1s1s1__group.2337__X1110__Z59	96	2x2x2x2x2x2x2x2x2	512	512	0	1	explicit
x__2-2s2-1s1s1__group.2337__X1110__Z125	96	2x2x2x2x2x2x2x2	256	256	0	1	explicit
x__2-2s2-1s1s1__group.2337__X1110__Z50	96	2x2x2x2	16	16	0	1	explicit
x__2-2s2-1s1s1__group.2337__X1110__Z25	96	2x2x2x2x2	32	32	0	1	explicit
x__2-2s2-1s1s1__group.2337__X1110__Z37	96	2x2x2x2	16	16	0	1	explicit
x__2-2s2-1s1s1__group.2337__X1110__Z91	96	2x2x2x2x2x2x2x2	256	256	0	1	explicit
x__2-2s2-1s1s1__group.2337__X1110__Z138	96	2x2x2x2x2x2	64	64	0	1	explicit
x__2-2s2-1s1s1__group.2337__X1110__Z147	96	2x2x2x2x2x2x2x2	256	256	0	1	explicit
x__2-2s2-1s1s1__group.2337__X1110__Z78	96	2x2x2x2x2x2x2x2	256	256	0	1	explicit
x__2-2s2-1s1s1__group.2337__X1110__Z61	96	2x2x2x2x2x2x2x2x2	512	512	0	1	explicit
x__2-2s2-1s1s1__group.2337__X1110__Z38	96	2x2x2x2x2x2x2x2	256	256	0	1	explicit
x__2-2s2-1s1s1__group.2337__X1110__Z2	96	2x2x2x2x2x2x2x2	256	256	0	1	explicit
x__2-2s2-1s1s1__group.2337__X1110__Z84	96	2x2x2x2x2x2x2x2x2	512	512	0	1	explicit
x__2-2s2-1s1s1__group.2337__X1110__Z22	96	2x2x2x2x2x2x2x2	256	256	0	1	explicit
x__2-2s2-1s1s1__group.2337__X1110__Z30	96	2x2x2x2x2	32	32	0	1	explicit
x__2-2s2-1s1s1__group.2337__X1110__Z99	96	2x2x2x2x2x2x2x2	256	256	0	1	explicit
x__2-2s2-1s1s1__group.2337__X1110__Z65	96	2x2x2x2x2x2x2x2x2x2x2x2	4096	4096	0	1	explicit
x__2-2s2-1s1s1__group.2337__X1110__Z140	96	2x2x2x2x2x2	64	64	0	1	explicit
x__2-2s2-1s1s1__group.2337__X1110__Z112	96	2x2x2x2x2x2	64	64	0	1	explicit
x__2-2s2-1s1s1__group.2337__X1110__Z48	96	2x2x2x2x2	32	32	0	1	explicit
x__2-2s2-1s1s1__group.2337__X1110__Z152	96	2x2x2x2x2	32	32	0	1	explicit
x__2-2s2-1s1s1__group.2337__X1110__Z5	96	2x2x2x2x2	32	32	0	1	explicit
x__2-2s2-1s1s1__group.2337__X1110__Z95	96	2x2x2x2x2x2x2x2	256	256	0	1	explicit
x__2-2s2-1s1s1__group.2337__X1110__Z148	96	2x2x2x2x2	32	32	0	1	explicit
x__2-2s2-1s1s1__group.2337__X1110__Z39	96	2x2x2x2x2x2x2x2	256	256	0	1	explicit
x__4-1s2-2__group.5569__C__Z1	6912	2x2	4	4	0	1	explicit
x__2-2s2-1s1s1__group.2337__X1110__Z64	96	2x2x2x2	16	16	0	1	explicit
x__2-2s2-1s1s1__group.2337__X1110__Z106	96	2x2x2x2x2x2x2x2	256	256	0	1	explicit
x__2-2s2-1s1s1__group.2337__X1110__Z15	96	2x2x2x2x2x2x2x2	256	256	0	1	explicit
x__2-2s2-1s1s1__group.2337__X1110__Z47	96	2x2x2x2x2x2x2x2	256	256	0	1	explicit
x__2-2s2-1s1s1__group.2337__X1110__Z31	96	2x2x2x2x2x2x2x2x2	512	512	0	1	explicit
x__2-2s2-1s1s1__group.2337__X1110__Z4	96	2x2x2x2x2x2x2x2	256	256	0	1	explicit
x__2-2s2-1s1s1__group.2337__X1110__Z83	96	2x2x2x2x2x2x2x2x2	512	512	0	1	explicit
x__2-2s2-1s1s1__group.2337__X1110__Z153	96	2x2x2x2	16	16	0	1	explicit
x__4-3s1s1__group.7199__X11__Z6	240	2x2x6	12	12	0	1	explicit
x__2-2s2-1s1s1__group.2337__X1110__Z49	96	2x2x2x2	16	16	0	1	explicit
x__4-3s1s1__group.7199__X11__Z2	240	6	4	4	0	1	explicit
x__2-2s2-1s1s1__group.2337__X1110__Z131	96	2x2x2x2x2x2x2x2x2x2x2x2	4096	4096	0	1	explicit
x__2-2s2-1s1s1__group.2337__X1110__Z53	96	2x2x2x2x2x2x2x2x2x2x2x2	4096	4096	0	1	explicit
x__2-2s2-1s1s1__group.2337__X1110__Z114	96	2x2x2x2x2x2	64	64	0	1	explicit
x__2-2s2-1s1s1__group.2337__X1110__Z36	96	2x2x2x2x2x2	64	64	0	1	explicit
x__2-2s2-1s1s1__group.2337__X1110__Z40	96	2x2x2x2x2x2x2x2	256	256	0	1	explicit
x__2-2s2-1s1s1__group.2337__X1110__Z122	96	2x2x2x2x2	32	32	0	1	explicit
x__2-2s2-1s1s1__group.2337__X1110__Z3	96	2x2x2x2x2x2x2x2	256	256	0	1	explicit
x__4-3s1s1__group.7199__X11__Z1	240	2x2x6	12	12	0	1	explicit
x__2-2s2-1s1s1__group.2337__X1110__Z76	96	2x2x2x2x2x2x2x2	256	256	0	1	explicit
x__2-2s2-1s1s1__group.2337__X1110__Z154	96	2x2x2x2	16	16	0	1	explicit
x__4-3s1s1__group.7199__X11__Z5	240	6	4	4	0	1	explicit
x__2-2s2-1s1s1__group.2337__X1110__Z90	96	2x2x2x2x2x2x2x2	256	256	0	1	explicit
x__2-2s2-1s1s1__group.2337__X1110__Z41	96	2x2x2x2x2	32	32	0	1	explicit
x__2-2s2-1s1s1__group.2337__X1110__Z8	96	2x2x2x2x2x2	64	64	0	1	explicit
x__2-2s2-1s1s1__group.2337__X1110__Z139	96	2x2x2x2x2x2x2x2x2	512	512	0	1	explicit
x__2-2s2-1s1s1__group.2337__X1110__Z115	96	2x2x2x2x2x2	64	64	0	1	explicit
x__2-2s2-1s1s1__group.2337__X1110__Z77	96	2x2x2x2x2	32	32	0	1	explicit
x__4-3s1s1__group.7199__X11__Z8	240	6	4	4	0	1	explicit
x__4-3s1s1__group.7199__X11__Z16	240	6	4	4	0	1	explicit
x__2-2s2-1s1s1__group.2337__X1110__Z82	96	2x2x2x2x2	32	32	0	1	explicit
x__4-3s1s1__group.7199__X11__Z4	240	3	2	2	0	1	explicit
x__2-2s2-1s1s1__group.2337__X1110__Z62	96	2x2x2x2x2x2	64	64	0	1	explicit
x__2-2s2-1s1s1__group.2337__X1110__Z97	96	2x2x2x2x2	32	32	0	1	explicit
x__2-2s2-1s1s1__group.2337__X1110__Z79	96	2x2x2x2	16	16	0	1	explicit
x__2-2s2-1s1s1__group.2337__X1110__Z98	96	2x2x2x2x2	32	32	0	1	explicit
x__2-2s2-1s1s1__group.2337__X1110__Z6	96	2x2x2x2x2x2x2x2x2	512	512	0	1	explicit
x__2-2s2-1s1s1__group.2337__X1110__Z23	96	2x2x2x2x2	32	32	0	1	explicit
x__4-3s1s1__group.7199__X11__Z9	240	3	2	2	0	1	explicit
x__2-2s2-1s1s1__group.2337__X1110__Z100	96	2x2x2x2x2	32	32	0	1	explicit
x__4-2s2-1__group.6471__X101__Z1	288	2x2x2x2	16	16	0	0	explicit
x__4-3s1s1__group.7199__X11__Z3	240	6	4	4	0	1	explicit
x__2-2s2-1s1s1__group.2337__X1110__Z96	96	2x2x2x2x2	32	32	0	1	explicit
x__2-2s2-1s1s1__group.2337__X1110__Z136	96	2x2x2x2x2x2x2x2x2	512	512	0	1	explicit
x__2-2s2-1s1s1__group.2337__X1110__Z46	96	2x2x2x2x2	32	32	0	1	explicit
x__4-3s1s1__group.7199__X11__Z7	240	6	4	4	0	1	explicit
x__2-2s2-1s1s1__group.2337__X1110__Z1	96	2x2x2x2x2x2x2x2x2x2x2x2	4096	4096	0	1	explicit
x__4-1s2-1__group.5163__T__Z1	4608	2x2x2x2x6	64	64	0	1	explicit
x__2-2s2-1s1s1__group.2337__X1110__Z54	96	2x2x2x2x2x2x2x2	256	256	0	1	explicit
x__4-1s2-2__group.5492__X100__Z3	192	2x2x2x2x2x2	7	7	0	1	explicit
x__2-2s2-1s1s1__group.2337__X1110__Z55	96	2x2x2x2x2x2x2x2	256	256	0	1	explicit
x__4-2s2-1__group.6471__X101__Z6	288	2x2	4	4	0	0	explicit
x__4-3s1s1__group.7199__X11__Z17	240	3	2	2	0	1	explicit
x__2-2s2-1s1s1__group.2337__X1110__Z137	96	2x2x2x2x2x2x2x2x2	512	512	0	1	explicit
x__2-2s2-1s1s1__group.2337__X1110__Z63	96	2x2x2x2x2x2	64	64	0	1	explicit
x__2-2s2-1s1s1__group.2337__X1110__Z7	96	2x2x2x2x2x2x2x2x2	512	512	0	1	explicit
x__4-3s1s1__group.7199__X11__Z13	240	6	4	4	0	1	explicit
x__2-2s2-1s1s1__group.2337__X1110__Z101	96	2x2x2x2	16	16	0	1	explicit
x__4-1s2-2__group.5492__X100__Z2	192	2x2x2x2	4	4	0	1	explicit
x__4-2s2-1__group.6471__X101__Z7	288	2x2x2x2	16	16	0	0	explicit
x__4-3s1s1__group.7199__X11__Z10	240	2x2x6	12	12	0	1	explicit
x__2-2s2-2s2-2__group.3691__X0100__Z11	432	2x2x2	6	6	0	1	explicit
x__2-2s2-1s1s1__group.2337__X1110__Z108	96	2x2x2x2x2x2x2x2	256	256	0	1	explicit
x__2-2s2-2s2-2__group.3691__X0100__Z14	432	2x2x2	8	8	0	1	explicit
x__4-1s2-1__group.5163__T__Z3	4608	2x2x2x2x6	64	64	0	1	explicit
x__2-2s2-1s1s1__group.2337__X1110__Z9	96	2x2x2x2x2x2x2x2x2	512	512	0	1	explicit
x__2-2s2-1s1c1__group.1961__T__Z7	48	2x2x2x2x6	40	40	0	1	explicit
x__2-2s2-1s1s1__group.2337__X1110__Z155	96	2x2x2x2	16	16	0	1	explicit
x__4-1s2-2__group.5492__X100__Z5	192	2x2x2x2x2	8	8	0	1	explicit
x__4-3s1s1__group.7199__X11__Z14	240	6	4	4	0	1	explicit
x__4-1s2-2__group.5492__X100__Z7	192	2x2x2x2x2	8	8	0	1	explicit
x__2-2s2-1s1c1__group.1961__T__Z4	48	2x2x2x2x2x2x6	144	144	0	1	explicit
x__4-3s1s1__group.7199__X11__Z19	240	6	4	4	0	1	explicit
x__2-2s2-2s2-2__group.3691__X0100__Z16	432	2x2x2	6	6	0	1	explicit
x__4-2s2-2__group.7063__X0101__Z6	864	2x2x2	6	6	0	1	explicit
x__2-2s2-1s1c1__group.1961__T__Z6	48	2x2x2x2x2x2x6	104	104	0	1	explicit
x__4-3s1s1__group.7199__X11__Z15	240	6	4	4	0	1	explicit
x__4-1s2-2__group.5492__X100__Z11	192	2x2x2x2x2x2	7	7	0	1	explicit
x__2-2s2-1s1c1__group.1961__T__Z3	48	2x2x2x2x2x2x6	80	80	0	1	explicit
x__4-3s1s1__group.7199__X11__Z20	240	6	4	4	0	1	explicit
x__2-2s2-1s1s1__group.2372__X1011__Z32	96	2x2x2x2x2	32	32	0	1	explicit
x__4-1s2-1__group.5163__T__Z4	4608	2x2x6	16	16	0	1	explicit
x__4-1s2-2__group.5492__X100__Z9	192	2x2x2x2x2x2	7	7	0	1	explicit
x__4-1s2-2__group.5569__C__Z2	6912	2x2	4	4	0	1	explicit
x__2-2s2-2s2-2__group.3691__X0100__Z10	432	2x2x2	6	6	0	1	explicit
x__4-2s2-2__group.7063__X0101__Z1	864	2x2x2	6	6	0	1	explicit
x__2-2s2-1s1c1__group.1961__T__Z1	48	2x2x2x2x2x2x2x2x6	320	320	0	1	explicit
x__4-3s1s1__group.7199__X11__Z12	240	6	4	4	0	1	explicit
x__4-1s2-2__group.5492__X100__Z10	192	2x2	2	2	0	1	explicit
x__2-2s2-1s1c1__group.1961__T__Z2	48	2x2x2x2x2x2x6	104	104	0	1	explicit
x__4-3s1s1__group.7199__X11__Z18	240	3	2	2	0	1	explicit
x__2-2s2-1s1s1__group.2372__X1011__Z6	96	2x2x2x2x2x2x2x2x2	512	512	0	1	explicit
x__4-1s2-2__group.5492__X100__Z8	192	2x2x2x2x2	8	8	0	1	explicit
x__2-2s2-2s2-2__group.3691__X0100__Z3	432	2x2x2	6	6	0	1	explicit
x__2-2s2-1s1s1__group.2372__X1011__Z33	96	2x2x2x2x2	24	24	0	1	explicit
x__2-2s2-1s1s1__group.2372__X1011__Z68	96	2x2x2x2x2x2x2x2	256	256	0	1	explicit
x__4-1s2-1__group.5163__T__Z2	4608	2x2x6	16	16	0	1	explicit
x__2-2s2-1s1c1__group.1961__T__Z5	48	2x2x2x2x6	36	36	0	1	explicit
x__2-2s2-1s1c1__group.1961__T__Z8	48	2x2x2x6	20	20	0	1	explicit
x__4-3s1s1__group.7199__X11__Z11	240	2x2x6	12	12	0	1	explicit
x__2-2s2-2s2-2__group.3691__X0100__Z7	432	2x2x2	8	8	0	1	explicit
x__2-2s2-1s1s1__group.2372__X1011__Z73	96	2x2x2x2x2	24	24	0	1	explicit
x__2-2s2-1s1s1__group.2372__X1011__Z1	96	2x2x2x2x2x2x2x2x2x2x2x2	2112	2112	0	1	explicit
x__4-1s2-2__group.5492__X100__Z6	192	2x2x2x2x2	8	8	0	1	explicit
x__2-2s2-1s1s1__group.2372__X1011__Z34	96	2x2x2x2x2x2x2x2	144	144	0	1	explicit
x__2-2s2-1s1s1__group.2372__X1011__Z57	96	2x2x2x2x2x2x2x2	136	136	0	1	explicit
x__2-2s2-1s1c1__group.1961__T__Z14	48	2x2x2x2x2x6	80	80	0	1	explicit
x__2-2s2-2s2-2__group.3691__X0100__Z4	432	2x2x2	6	6	0	1	explicit
x__2-2s2-1s1c1__group.1961__T__Z10	48	2x2x2x2x2x2x6	104	104	0	1	explicit
x__4-2s2-1__group.6471__X101__Z5	288	2x2x2x2	16	16	0	0	explicit
x__4-1s2-2__group.5492__X100__Z1	192	2x2x2x2x2x2	7	7	0	1	explicit
x__2-2s2-1s1s1__group.2372__X1011__Z60	96	2x2x2x2x2x2x2x2	160	160	0	1	explicit
x__2-2s2-1s1s1__group.2372__X1011__Z44	96	2x2x2x2x2x2x2x2x2	512	512	0	1	explicit
x__2-2s2-2s2-2__group.3691__X0100__Z9	432	2x2x2	8	8	0	1	explicit
x__2-2s2-1s1s1__group.2372__X1011__Z45	96	2x2x2x2x2x2	64	64	0	1	explicit
x__2-2s2-1s1s1__group.2372__X1011__Z9	96	2x2x2x2	12	12	0	1	explicit
x__2-2s2-1s1c1__group.1961__T__Z11	48	2x2x2x2x2x2x6	80	80	0	1	explicit
x__2-2s2-1s1s1__group.2372__X1011__Z50	96	2x2x2x2x2	32	32	0	1	explicit
x__4-2s2-1__group.6471__X101__Z2	288	2x2	4	4	0	0	explicit
x__2-2s2-1s1c1__group.1961__T__Z13	48	2x2x2x2x2x2x6	76	76	0	1	explicit
x__2-2s2-2s2-2__group.3691__X0100__Z5	432	2x2x2	6	6	0	1	explicit
x__4-1s2-2__group.5492__X100__Z12	192	2x2	2	2	0	1	explicit
x__2-2s2-1s1s1__group.2372__X1011__Z72	96	2x2x2x2x2x2x2x2	144	144	0	1	explicit
x__2-2s2-2s2-2__group.3691__X0100__Z8	432	2x2x2	6	6	0	1	explicit
x__2-2s2-1s1s1__group.2372__X1011__Z58	96	2x2x2x2x2x2x2x2x2x2x2x2	2112	2112	0	1	explicit
x__2-2s2-1s1s1__group.2372__X1011__Z42	96	2x2x2x2x4	36	36	0	1	explicit
x__2-2s2-1s1s1__group.2372__X1011__Z59	96	2x2x2x2x2x2x2x2	256	256	0	1	explicit
x__2-2s2-1s1s1__group.2372__X1011__Z29	96	2x2x2x2x2x2x2x2	144	144	0	1	explicit
x__4-2s2-2__group.7063__X0101__Z4	864	2x2x2	8	8	0	1	explicit
x__4-2s2-1__group.6471__X101__Z3	288	2x2x2x2	16	16	0	0	explicit
x__2-2s2-1s1c1__group.1961__T__Z12	48	2x2x2x2x2x2x6	160	160	0	1	explicit
x__2-2s2-1s1s1__group.2372__X1011__Z75	96	2x2x2x4	24	24	0	1	explicit
x__2-2s2-2s2-2__group.3691__X0100__Z2	432	2x2x2	8	8	0	1	explicit
x__2-2s2-2s2-2__group.3691__X0100__Z1	432	2x2x2	6	6	0	1	explicit
x__2-2s2-1s1s1__group.2372__X1011__Z67	96	2x2x2x2x2x2x2x2	144	144	0	1	explicit
x__4-1s2-2__group.5492__X100__Z4	192	2x2x2x2	4	4	0	1	explicit
x__2-2s2-1s1s1__group.2372__X1011__Z21	96	2x2x2x2x2x2x2x2	256	256	0	1	explicit
x__2-2s2-1s1s1__group.2372__X1011__Z66	96	2x2x2x2	12	12	0	1	explicit
x__2-2s2-1s1s1__group.2372__X1011__Z16	96	2x2x2x2x2	24	24	0	1	explicit
x__4-2s2-1__group.6471__X101__Z4	288	2x2	4	4	0	0	explicit
x__2-2s2-1s1c1__group.1961__T__Z15	48	2x2x2x2x6	40	40	0	1	explicit
x__4-2s2-2__group.7063__X0101__Z3	864	2x2x2	8	8	0	1	explicit
x__2-2s2-1s1s1__group.2372__X1011__Z31	96	2x2x2x2x2	32	32	0	1	explicit
x__2-2s2-2s2-2__group.3691__X0100__Z6	432	2x2x2	8	8	0	1	explicit
x__2-2s2-2s2-2__group.3691__X0100__Z15	432	2x2x2	6	6	0	1	explicit
x__2-2s2-1s1s1__group.2372__X1011__Z61	96	2x2x2x2x4	36	36	0	1	explicit
x__2-2s2-1s1s1__group.2372__X1011__Z62	96	2x2x2x2x2x2x2x2x2	272	272	0	1	explicit
x__4-2s2-1__group.6471__X101__Z8	288	2x2	4	4	0	0	explicit
x__2-2s2-1s1s1__group.2372__X1011__Z19	96	2x2x2x2x2x2x2x2	136	136	0	1	explicit
x__2-2s2-1s1s1__group.2372__X1011__Z51	96	2x2x2x2x2	32	32	0	1	explicit
x__2-2s2-1s1s1__group.2372__X1011__Z11	96	2x2x2x2x2x2x2x2	256	256	0	1	explicit
x__2-2s2-1s1c1__group.1961__T__Z9	48	2x2x2x2x2x2x2x2x6	320	320	0	1	explicit
x__4-2s2-2__group.7063__X0101__Z2	864	2x2x2	6	6	0	1	explicit
x__2-2s2-1s1s1__group.2372__X1011__Z36	96	2x2x2x4	18	18	0	1	explicit
x__2-2s2-1s1s1__group.2372__X1011__Z35	96	2x2x2x2x2	24	24	0	1	explicit
x__2-2s2-1s1s1__group.2372__X1011__Z69	96	2x2x2x2x2	32	32	0	1	explicit
x__2-2s2-1s1s1__group.2372__X1011__Z65	96	2x2x2x2x2x2	40	40	0	1	explicit
x__2-2s2-1s1s1__group.2372__X1011__Z26	96	2x2x2x2x2x2	64	64	0	1	explicit
x__2-2s2-2s2-2__group.3691__X0100__Z12	432	2x2x2	6	6	0	1	explicit
x__2-2s2-1s1s1__group.2372__X1011__Z18	96	2x2x2x4	24	24	0	1	explicit
x__2-2s2-1s1s1__group.2372__X1011__Z52	96	2x2x2x2x2	24	24	0	1	explicit
x__2-2s2-1s1s1__group.2372__X1011__Z40	96	2x2x2x2x2x2x2x2	256	256	0	1	explicit
x__4-1ps2-2__min.478__T__Z5	24	8	4	4	0	1	explicit
x__2-2s2-1s1s1__group.2372__X1011__Z2	96	2x2x2x2x2x2x2x2	256	256	0	1	explicit
x__4-2s2-2__group.7063__X0101__Z5	864	2x2x2	6	6	0	1	explicit
x__2-2s2-1s1s1__group.2372__X1011__Z56	96	2x2x2x4	24	24	0	1	explicit
x__2-2s2-1s1s1__group.2372__X1011__Z8	96	2x2x2x2x2x2	40	40	0	1	explicit
x__2-2s2-1s1s1__group.2372__X1011__Z4	96	2x2x2x2x4	36	36	0	1	explicit
x__2-2s2-1s1s1__group.2372__X1011__Z70	96	2x2x2x2x2	32	32	0	1	explicit
x__2-2s2-1s1s1__group.2372__X1011__Z10	96	2x2x2x2x2x2x2x2	144	144	0	1	explicit
x__2-2s2-1s1s1__group.2372__X1011__Z76	96	2x2x2x2x2x2x2x2	136	136	0	1	explicit
x__2-2s2-2s2-2__group.3691__X0100__Z13	432	2x2x2	8	8	0	1	explicit
x__4-1ps2-2__min.478__T__Z2	24	4	3	3	0	1	explicit
x__2-2s2-1s1s1__group.2372__X1011__Z27	96	2x2x2x2x2x2	40	40	0	1	explicit
x__2-2s2-1s1s1__group.2372__X1011__Z5	96	2x2x2x2x2x2x2x2x2	272	272	0	1	explicit
x__2-2s2-2s1s1__group.3004__C__Z19	72	3x6	6	6	0	1	explicit
x__2-2s2-1s1s1__group.2372__X1011__Z39	96	2x2x2x2x2x2x2x2x2x2x2x2	2112	2112	0	1	explicit
x__2-2s2-1s1s1__group.2372__X1011__Z7	96	2x2x2x2x2x2	64	64	0	1	explicit
x__2-2s2-1s1s1__group.2372__X1011__Z28	96	2x2x2x2	12	12	0	1	explicit
x__4-1ps2-2__min.478__T__Z1	24	8	4	4	0	1	explicit
x__2-2s2-1s1s1__group.2372__X1011__Z48	96	2x2x2x2x2x2x2x2	144	144	0	1	explicit
x__2-2s2-1s1s1__group.2372__X1011__Z49	96	2x2x2x2x2x2x2x2	256	256	0	1	explicit
x__2-2s2-2s1s1__group.3004__C__Z13	72	2x2x6	16	16	0	1	explicit
x__2-2s2-1s1s1__group.2372__X1011__Z20	96	2x2x2x2x2x2x2x2x2x2x2x2	2112	2112	0	1	explicit
x__2-2s2-2s1s1__group.3004__C__Z8	72	2x2x2	8	8	0	1	explicit
x__2-2s2-1s1s1__group.2372__X1011__Z38	96	2x2x2x2x2x2x2x2	136	136	0	1	explicit
x__2-2s2-2s1s1__group.3004__C__Z21	72	2x6x6	18	18	0	1	explicit
x__2-2s2-1s1s1__group.2372__X1011__Z3	96	2x2x2x2x2x2x2x2	160	160	0	1	explicit
x__4-1ps2-2__min.478__T__Z6	24	4	3	3	0	1	explicit
x__2-2s2-2s1s1__group.3004__C__Z14	72	6	4	4	0	1	explicit
x__2-2s2-1s1s1__group.2372__X1011__Z17	96	2x2x2x4	18	18	0	1	explicit
x__2-2s2-1s1s1__group.2372__X1011__Z71	96	2x2x2x2x2	24	24	0	1	explicit
x__2-2s2-1s1s1__group.2372__X1011__Z41	96	2x2x2x2x2x2x2x2	160	160	0	1	explicit
x__2-2s2-1s1s1__group.2372__X1011__Z74	96	2x2x2x4	18	18	0	1	explicit
x__2-1s2-1s2-1__group.1577__X001__Z1	64	2x2x2x2x2x2x2x2	256	256	0	1	explicit
x__2-2s2-2s1s1__group.3004__C__Z1	72	2x2x2x2x2x2	36	36	0	1	explicit
x__2-2s2-1s1s1__group.2372__X1011__Z53	96	2x2x2x2x2x2x2x2	144	144	0	1	explicit
x__2-2s2-2s1s1__group.3004__C__Z20	72	2x2x2x2x2x6	72	72	0	1	explicit
x__2-2s2-1s1s1__group.2372__X1011__Z37	96	2x2x2x4	24	24	0	1	explicit
x__2-2s2-2s1s1__group.3004__C__Z22	72	2x2x6	12	12	0	1	explicit
x__2-2s2-1s1s1__group.2372__X1011__Z43	96	2x2x2x2x2x2x2x2x2	272	272	0	1	explicit
x__2-2s1c1c1c1__group.1691__T__Z2	12	6x6x6x6	6	6	0	1	explicit
x__2-1s2-1s2-1__group.1577__X001__Z8	64	2x2x2x2x4	48	48	0	1	explicit
x__2-2s2-1s1s1__group.2372__X1011__Z46	96	2x2x2x2x2x2	40	40	0	1	explicit
x__2-2s2-1s1s1__group.2372__X1011__Z25	96	2x2x2x2x2x2x2x2x2	512	512	0	1	explicit
x__2-2s2-2s1s1__group.3004__C__Z6	72	2x2x2	6	6	0	1	explicit
x__2-1s2-1s2-1__group.1577__X001__Z4	64	2x2x2x2x2x2	64	64	0	1	explicit
x__1c1c1c1s1s1__group.1046__X011__Z11	8	2x2x2x2x2x2x2x2	40	40	0	1	explicit
x__2-2s2-2s1s1__group.3004__C__Z18	72	2x6x6	24	24	0	1	explicit
x__2-2s2-1s1s1__group.2372__X1011__Z54	96	2x2x2x2x2	24	24	0	1	explicit
x__2-2s2-1s1s1__group.2372__X1011__Z30	96	2x2x2x2x2x2x2x2	256	256	0	1	explicit
x__2-2s1c1c1c1__group.1691__T__Z1	12	2x2x6x6x6x6	16	16	0	1	explicit
x__2-2s2-2s1s1__group.3004__C__Z25	72	2x2x6	12	12	0	1	explicit
x__2-2s2-1s1s1__group.2372__X1011__Z22	96	2x2x2x2x2x2x2x2	160	160	0	1	explicit
x__2-1s2-1s2-1__group.1577__X001__Z22	64	2x2x4	12	12	0	1	explicit
x__2-2s2-2s2-2__group.3617__T__Z2	216	2x2x6	16	16	0	1	explicit
x__2-2s2-1s1s1__group.2372__X1011__Z12	96	2x2x2x2x2	32	32	0	1	explicit
x__2-1s2-1s2-1__group.1577__X001__Z9	64	2x2x2x2x2x2	64	64	0	1	explicit
x__2-1s2-1s2-1__group.1577__X001__Z3	64	2x2x2x2x2x2	64	64	0	1	explicit
x__2-2s2-1s1s1__group.2372__X1011__Z64	96	2x2x2x2x2x2	64	64	0	1	explicit
x__2-2s2-2s1s1__group.3004__C__Z11	72	2x2x2x2x2x6	72	72	0	1	explicit
x__3s2-1s1__group.3918__X111__Z10	192	2x2x2x2x2x2x2x2x2	160	160	0	1	explicit
x__2-2s2-1s1s1__group.2372__X1011__Z14	96	2x2x2x2x2	24	24	0	1	explicit
x__2-1s2-1s2-1__group.1577__X001__Z7	64	2x2x2x2x2x2	64	64	0	1	explicit
x__2-2s2-2s2-2__group.3617__T__Z3	216	2x6x6	32	32	0	1	explicit
x__2-2s2-1s1s1__group.2372__X1011__Z15	96	2x2x2x2x2x2x2x2	144	144	0	1	explicit
x__2-1s2-1s2-1__group.1577__X001__Z25	64	2x4x4	18	18	0	1	explicit
x__2-2s2-2s1s1__group.3004__C__Z24	72	6	4	4	0	1	explicit
x__4-2s2-2__group.6757__C__Z2	432	2x2x2	6	6	0	1	explicit
x__2-1s2-1s2-1__group.1577__X001__Z19	64	2x2x4	12	12	0	1	explicit
x__2-2s2-2s1s1__group.3004__C__Z16	72	2x2x2x2x6x6	108	108	0	1	explicit
x__2-2s2-1s1s1__group.2372__X1011__Z63	96	2x2x2x2x2x2x2x2x2	512	512	0	1	explicit
x__3s2-1s1__group.3918__X111__Z26	192	2x2x2x2x2x2x2	40	40	0	1	explicit
x__1c1c1c1s1s1__group.1046__X011__Z25	8	2x2x2x2x2x2x2x2	34	34	0	1	explicit
x__3s2-1s1__group.3918__X111__Z20	192	2x2x2x2x2	18	18	0	1	explicit
x__2-1s2-1s2-1__group.1577__X001__Z15	64	2x2x2x4	24	24	0	1	explicit
x__2-2s2-1s1s1__group.2372__X1011__Z23	96	2x2x2x2x4	36	36	0	1	explicit
x__2-1s2-1s2-1__group.1577__X001__Z13	64	2x2x2x2x4	48	48	0	1	explicit
x__2-2s2-2s1s1__group.3004__C__Z23	72	2x2x6	16	16	0	1	explicit
x__4-2s2-2__group.6757__C__Z1	432	2x2x2	5	5	0	1	explicit
x__2-2s2-1s1s1__group.2372__X1011__Z13	96	2x2x2x2x2	32	32	0	1	explicit
x__2-1s2-1s2-1__group.1577__X001__Z26	64	2x2x2x2x2	32	32	0	1	explicit
x__2-2s2-1s1s1__group.2372__X1011__Z55	96	2x2x2x4	18	18	0	1	explicit
x__2-2s2-2s1s1__group.3004__C__Z3	72	2x2x2	8	8	0	1	explicit
x__3s2-1s1__group.3918__X111__Z19	192	2x2x2x2x2x4	48	48	0	1	explicit
x__3s2-1s1__group.3918__X111__Z27	192	2x2x2x2x2x4	30	30	0	1	explicit
x__2-2s2-1s1s1__group.2372__X1011__Z24	96	2x2x2x2x2x2x2x2x2	272	272	0	1	explicit
x__2-1s2-1s2-1__group.1577__X001__Z14	64	2x2x2x2x2	32	32	0	1	explicit
x__2-1s2-1s2-1__group.1577__X001__Z12	64	2x2x2x2x2	32	32	0	1	explicit
x__2-1s2-1s2-1__group.1577__X001__Z21	64	2x2x2x2x2	32	32	0	1	explicit
x__2-2s2-2s1s1__group.3004__C__Z15	72	2x2x6	12	12	0	1	explicit
x__4-1ps2-2__min.478__T__Z3	24	8	4	4	0	1	explicit
x__2-2s2-2s1s1__group.3004__C__Z17	72	2x6x6	18	18	0	1	explicit
x__2-2s2-2s1s1__group.3004__C__Z4	72	2	2	2	0	1	explicit
x__3s2-1s1__group.3918__X111__Z21	192	2x2x2x2x2	13	13	0	1	explicit
x__3s2-1s1__group.3918__X111__Z18	192	2x2x2x2x2x2	20	20	0	1	explicit
x__3s2-1s1__group.3918__X111__Z24	192	2x2x2x2x2x2x2x2x2	160	160	0	1	explicit
x__2-2s2-1s1s1__group.2372__X1011__Z47	96	2x2x2x2	12	12	0	1	explicit
x__4-1ps2-2__min.478__T__Z4	24	4	3	3	0	1	explicit
x__2-1s2-1s2-1__group.1577__X001__Z24	64	2x2x4	12	12	0	1	explicit
x__2-1s2-1s2-1__group.1577__X001__Z17	64	2x2x2x2x2	32	32	0	1	explicit
x__2-1s2-1s2-1__group.1577__X001__Z11	64	2x2x2x2x2	32	32	0	1	explicit
x__2-2s2-2s1s1__group.3004__C__Z12	72	2x2x6	12	12	0	1	explicit
x__2-2s2-2s1s1__group.3004__C__Z10	72	2x2x2	6	6	0	1	explicit
x__3s2-1s1__group.3918__X111__Z11	192	2x2x2x2x2x2x2	40	40	0	1	explicit
x__3s2-1s1__group.3918__X111__Z23	192	2x2x2x4	14	14	0	1	explicit
x__3s2-1s1__group.3918__X111__Z4	192	2x2x2x2x2x2x2	72	72	0	1	explicit
x__2-2s2-2s1s1__group.3004__C__Z5	72	2x2x2x2x2x2	36	36	0	1	explicit
x__2-1s2-1s2-1__group.1577__X001__Z23	64	2x2x4	12	12	0	1	explicit
x__2-1s2-1s2-1__group.1577__X001__Z10	64	2x2x2x2x2	32	32	0	1	explicit
x__2-1s2-1s2-1__group.1577__X001__Z16	64	2x2x4	12	12	0	1	explicit
x__3s2-1s1__group.3918__X111__Z9	192	2x2x2x2x2x2x2	72	72	0	1	explicit
x__2-2s2-2s1s1__group.3004__C__Z7	72	2x2x2	6	6	0	1	explicit
x__4-1s2-1__group.5182__T__Z1	512	2x2x2x2x2x2x2x2x2x2x2	2048	2048	0	1	explicit
x__3s2-1s1__group.3918__X111__Z16	192	2x2x2x2x2	20	20	0	1	explicit
x__2-2s2-2s1s1__group.3004__C__Z2	72	2x2x2	6	6	0	1	explicit
x__3s2-1s1__group.3918__X111__Z3	192	2x2x2x2x2x2x2	64	64	0	1	explicit
x__2-1s2-1s2-1__group.1577__X001__Z6	64	2x2x2x2x2x2	64	64	0	1	explicit
x__3s2-1s1__group.3918__X111__Z15	192	2x2x2x2x2x2x2	52	52	0	1	explicit
x__2-1s2-1s2-1__group.1577__X001__Z2	64	2x2x2x2x2x4	96	96	0	1	explicit
x__2-1s2-1s2-1__group.1577__X001__Z20	64	2x2x2x2	16	16	0	1	explicit
x__3s2-1s1__group.3918__X111__Z8	192	2x2x2x2x2x2x2x2x2	160	160	0	1	explicit
x__4-1s2-1__group.5182__T__Z16	512	2x2x2x2x2x2x2x2x2x2	640	640	0	1	explicit
x__2-2s2-2s1s1__group.3004__C__Z9	72	2	2	2	0	1	explicit
x__3s2-1s1__group.3918__X111__Z29	192	2x2x2x2x2	18	18	0	1	explicit
x__3s2-1s1__group.3918__X111__Z32	192	2x2x2x4	16	16	0	1	explicit
x__3s2-1s1__group.3918__X111__Z12	192	2x2x2x2x2x2x2	64	64	0	1	explicit
x__1c1c1c1s1s1__group.1046__X011__Z24	8	2x2x2x2x2x2x2x2x2x2x2	58	58	0	1	explicit
x__4-1s2-1__group.5182__T__Z51	512	2x2x2x2x2x2x2x2	256	256	0	1	explicit
x__2-1s2-1s2-1__group.1577__X001__Z5	64	2x2x2x2x4	48	48	0	1	explicit
x__2-1s2-1s2-1__group.1577__X001__Z18	64	2x2x2x2	16	16	0	1	explicit
x__4-1s2-1__group.5182__T__Z43	512	2x2x2x2x2x2x2x2x2x2x2x2	3072	3072	0	1	explicit
x__3s2-1s1__group.3918__X111__Z30	192	2x2x2x4	15	15	0	1	explicit
x__4-1s2-1__group.5182__T__Z3	512	2x2x2x2x2x2x2x2x2x2x2x2	2304	2304	0	1	explicit
x__3s2-1s1__group.3918__X111__Z17	192	2x2x2x2x2x2x2	40	40	0	1	explicit
x__4-1s2-1__group.5182__T__Z11	512	2x2x2x2x2x2	64	64	0	1	explicit
x__3s2-1s1__group.3918__X111__Z33	192	2x2x2x2	12	12	0	1	explicit
x__3s2-1s1__group.3918__X111__Z13	192	2x2x2x2x2x2x2	72	72	0	1	explicit
x__2-2s2-2s2-2__group.3617__T__Z1	216	2x2x6	16	16	0	1	explicit
x__4-1s2-1__group.5182__T__Z47	512	2x2x2x2x2x2	64	64	0	1	explicit
x__4-1s2-1__group.5182__T__Z33	512	2x2x2x2x2x2x2x2	256	256	0	1	explicit
x__3s2-1s1__group.3918__X111__Z6	192	2x2x2x2x2x2	40	40	0	1	explicit
x__4-1s2-1__group.5182__T__Z44	512	2x2x2x2x2x2x2x2x2	384	384	0	1	explicit
x__3s2-1s1__group.3918__X111__Z28	192	2x2x2x2x2x4	48	48	0	1	explicit
x__2-2s1c1s1s1__group.1793__X1001__Z11	48	2x2x2x2x2x2x2x2x2x2x2	640	640	0	1	explicit
x__4-1s2-1__group.5182__T__Z39	512	2x2x2x2x2x2x2x2	256	256	0	1	explicit
x__3s2-1s1__group.3918__X111__Z14	192	2x2x2x2x2	24	24	0	1	explicit
x__4-1s2-1__group.5182__T__Z45	512	2x2x2x2x2x2x2x2	256	256	0	1	explicit
x__3s2-1s1__group.3918__X111__Z2	192	2x2x2x2x2x2x2	40	40	0	1	explicit
x__3s2-1s1__group.3918__X111__Z1	192	2x2x2x2x2x2x2x2x2	160	160	0	1	explicit
x__4-1s2-1__group.5182__T__Z34	512	2x2x2x2x2x2x2x2	256	256	0	1	explicit
x__4-1s2-1__group.5182__T__Z40	512	2x2x2x2x2x2x2x2x2	384	384	0	1	explicit
x__4-1s2-1__group.5182__T__Z38	512	2x2x2x2x2x2x2x2	256	256	0	1	explicit
x__2-2s1c1s1s1__group.1793__X1001__Z18	48	2x2x2x2x2x2x2	48	48	0	1	explicit
x__3s2-1s1__group.3918__X111__Z5	192	2x2x2x2x2x2x2	52	52	0	1	explicit
x__4-1s2-1__group.5182__T__Z41	512	2x2x2x2x2x2	64	64	0	1	explicit
x__3s2-1s1__group.3918__X111__Z22	192	2x2x2x2x2x2	40	40	0	1	explicit
x__2-2s1c1s1s1__group.1793__X1001__Z5	48	2x2x2x2x2x2x2x2x2x2x2	1280	1280	0	1	explicit
x__4-1s2-1__group.5182__T__Z42	512	2x2x2x2x2x2x2x2	192	192	0	1	explicit
x__4-1s2-1__group.5182__T__Z7	512	2x2x2x2x2x2x2x2x2x2x2x2	3072	3072	0	1	explicit
x__4-1s2-1__group.5182__T__Z50	512	2x2x2x2x2	32	32	0	1	explicit
x__2-2s1c1s1s1__group.1793__X1001__Z28	48	2x2x2x2x2x2x2x2x2x2x2x2x2x2x2	3952	3952	0	1	explicit
x__4-1s2-1__group.5182__T__Z14	512	2x2x2x2x2x2x2x2	256	256	0	1	explicit
x__4-1s2-1__group.5182__T__Z31	512	2x2x2x2x2x2x2x2x2x2x2x2	3072	3072	0	1	explicit
x__2-2s1c1s1s1__group.1793__X1001__Z27	48	2x2x2x2x2x2x2	72	72	0	1	explicit
x__3s2-1s1__group.3918__X111__Z25	192	2x2x2x2x2x2x2	72	72	0	1	explicit
x__2-2s1c1s1s1__group.1793__X1001__Z51	48	2x2x2x2x2x2x2x2x2x2x2	608	608	0	1	explicit
x__4-1s2-1__group.5182__T__Z10	512	2x2x2x2x2x2x2x2	256	256	0	1	explicit
x__4-1s2-1__group.5182__T__Z46	512	2x2x2x2x2x2x2x2	256	256	0	1	explicit
x__2-2s1c1s1s1__group.1793__X1001__Z22	48	2x2x2x2	10	10	0	1	explicit
x__4-1s2-1__group.5182__T__Z9	512	2x2x2x2x2x2x2x2	256	256	0	1	explicit
x__4-1s2-1__group.5182__T__Z8	512	2x2x2x2x2x2x2x2x2x2	640	640	0	1	explicit
x__2-2s1c1s1s1__group.1793__X1001__Z17	48	2x2x2x2x2x2x2	72	72	0	1	explicit
x__4-1s2-1__group.5182__T__Z2	512	2x2x2x2x2x2x2x2x2	384	384	0	1	explicit
x__4-1s2-1__group.5182__T__Z13	512	2x2x2x2x2x2x2x2x2x2x2x2	3072	3072	0	1	explicit
x__3s2-1s1__group.3918__X111__Z7	192	2x2x2x2x2	20	20	0	1	explicit
x__2-2s1c1s1s1__group.1793__X1001__Z20	48	2x2x2x2x2x2x2	128	128	0	1	explicit
x__2-2s1c1s1s1__group.1793__X1001__Z12	48	2x2x2x2x2x2x2	56	56	0	1	explicit
x__4-1s2-1__group.5182__T__Z28	512	2x2x2x2x2x2x2x2x2	384	384	0	1	explicit
x__2-2s1c1s1s1__group.1793__X1001__Z14	48	2x2x2x2x2x2x2x2x2x2x2	1152	1152	0	1	explicit
x__4-1s2-1__group.5182__T__Z48	512	2x2x2x2x2x2x2	128	128	0	1	explicit
x__4-1s2-1__group.5182__T__Z18	512	2x2x2x2x2x2x2x2	192	192	0	1	explicit
x__3s2-1s1__group.3918__X111__Z31	192	2x2x2x2x2x4	46	46	0	1	explicit
x__2-2s1c1s1s1__group.1793__X1001__Z35	48	2x2x2x2x2x2x2x2	144	144	0	1	explicit
x__4-1s2-1__group.5182__T__Z35	512	2x2x2x2x2x2	64	64	0	1	explicit
x__4-1s2-1__group.5182__T__Z25	512	2x2x2x2x2x2x2x2x2x2x2	2048	2048	0	1	explicit
x__2-2s1c1s1s1__group.1793__X1001__Z43	48	2x2x2x2x2x2x2	80	80	0	1	explicit
x__4-1s2-1__group.5182__T__Z36	512	2x2x2x2x2x2x2	128	128	0	1	explicit
x__2-2s1c1s1s1__group.1793__X1001__Z15	48	2x2x2x2x2x2x2	80	80	0	1	explicit
x__2-2s1c1s1s1__group.1793__X1001__Z13	48	2x2x2x2x2x2x2	56	56	0	1	explicit
x__4-1s2-1__group.5182__T__Z23	512	2x2x2x2x2x2x2	96	96	0	1	explicit
x__4-1s2-1__group.5182__T__Z17	512	2x2x2x2x2x2	64	64	0	1	explicit
x__4-1s2-1__group.5182__T__Z27	512	2x2x2x2x2x2x2x2x2	384	384	0	1	explicit
x__2-2s1c1s1s1__group.1793__X1001__Z31	48	2x2x2x2x2x2x2x2	44	44	0	1	explicit
x__4-1s2-1__group.5182__T__Z6	512	2x2x2x2x2x2x2x2x2x2	640	640	0	1	explicit
x__2-2s1c1s1s1__group.1793__X1001__Z32	48	2x2x2x2x2x2x2x2x2x2x2	1280	1280	0	1	explicit
x__2-2s1c1s1s1__group.1793__X1001__Z44	48	2x2x2x2x2x2x2	72	72	0	1	explicit
x__4-1s2-1__group.5182__T__Z22	512	2x2x2x2x2x2x2x2x2	384	384	0	1	explicit
x__4-1s2-1__group.5182__T__Z5	512	2x2x2x2x2x2x2x2x2	288	288	0	1	explicit
x__2-2s1c1s1s1__group.1793__X1001__Z47	48	2x2x2x2x2x2x2	128	128	0	1	explicit
x__2-2s1c1s1s1__group.1793__X1001__Z23	48	2x2x2	6	6	0	1	explicit
x__4-1s2-1__group.5182__T__Z21	512	2x2x2x2x2x2x2x2x2	384	384	0	1	explicit
x__4-1s2-1__group.5182__T__Z24	512	2x2x2x2x2x2x2	128	128	0	1	explicit
x__4-1s2-1__group.5182__T__Z20	512	2x2x2x2x2x2x2x2x2	384	384	0	1	explicit
x__2-2s1c1s1s1__group.1793__X1001__Z36	48	2x2x2x2x2x2	28	28	0	1	explicit
x__2-2s1c1s1s1__group.1793__X1001__Z50	48	2x2x2	6	6	0	1	explicit
x__4-1s2-1__group.5182__T__Z32	512	2x2x2x2x2x2x2x2x2	384	384	0	1	explicit
x__2-2s1c1s1s1__group.1793__X1001__Z21	48	2x2x2x2	12	12	0	1	explicit
x__2-2s1c1s1s1__group.1793__X1001__Z45	48	2x2x2x2x2x2x2	48	48	0	1	explicit
x__2-2s1c1s1s1__group.1793__X1001__Z40	48	2x2x2x2x2x2x2	56	56	0	1	explicit
x__2-2s1c1s1s1__group.1793__X1001__Z24	48	2x2x2x2x2x2x2x2x2x2x2	608	608	0	1	explicit
x__4-1s2-1__group.5182__T__Z37	512	2x2x2x2x2x2x2x2x2x2x2	2048	2048	0	1	explicit
x__4-1s2-1__group.5182__T__Z19	512	2x2x2x2x2x2x2x2x2x2x2x2x2	5120	5120	0	1	explicit
x__2-2s1c1s1s1__group.1793__X1001__Z4	48	2x2x2x2x2x2x2x2	44	44	0	1	explicit
x__2-2s1c1s1s1__group.1793__X1001__Z38	48	2x2x2x2x2x2x2x2x2x2x2	640	640	0	1	explicit
x__4-1s2-1__group.5182__T__Z12	512	2x2x2x2x2x2x2x2	192	192	0	1	explicit
x__4-1s2-1__group.5182__T__Z29	512	2x2x2x2x2x2x2	96	96	0	1	explicit
x__2-2s1c1s1s1__group.1793__X1001__Z19	48	2x2x2x2x2x2x2	72	72	0	1	explicit
x__2-2s1c1s1s1__group.1793__X1001__Z42	48	2x2x2x2x2x2x2	80	80	0	1	explicit
x__2-2s2-2s2-1__group.3370__X1101__Z7	288	2x2x2x2x2x2	64	64	0	1	explicit
x__2-2s1c1s1s1__group.1793__X1001__Z49	48	2x2x2x2	10	10	0	1	explicit
x__4-1s2-1__group.5182__T__Z4	512	2x2x2x2x2x2x2x2x2	384	384	0	1	explicit
x__2-2s1c1s1s1__group.1793__X1001__Z48	48	2x2x2x2	12	12	0	1	explicit
x__2-2s1c1s1s1__group.1793__X1001__Z3	48	2x2x2x2x2x2x2x2x2x2x2	480	480	0	1	explicit
x__4-1s2-1__group.5182__T__Z26	512	2x2x2x2x2x2x2x2	256	256	0	1	explicit
x__2-2s1c1s1s1__group.1793__X1001__Z6	48	2x2x2x2x2x2x2x2	96	96	0	1	explicit
x__2-2s1c1s1s1__group.1793__X1001__Z29	48	2x2x2x2x2x2x2x2x2x2x2	296	296	0	1	explicit
x__4-1s2-1__group.5182__T__Z15	512	2x2x2x2x2x2x2x2	256	256	0	1	explicit
x__2-2s2-2s2-1__group.3370__X1101__Z9	288	2x2x2x2x2x2	64	64	0	1	explicit
x__2-2s1c1s1s1__group.1793__X1001__Z26	48	2x2x2x2x2x2x2	128	128	0	1	explicit
x__2-2s2-2s2-1__group.3370__X1101__Z4	288	2x2x2	8	8	0	1	explicit
x__2-2s1c1s1s1__group.1793__X1001__Z53	48	2x2x2x2x2x2x2	128	128	0	1	explicit
x__4-1s2-1__group.5182__T__Z30	512	2x2x2x2x2x2x2x2	192	192	0	1	explicit
x__2-2s1c1s1s1__group.1793__X1001__Z41	48	2x2x2x2x2x2x2x2x2x2x2	1152	1152	0	1	explicit
x__2-2s1c1s1s1__group.1793__X1001__Z33	48	2x2x2x2x2x2x2x2	96	96	0	1	explicit
x__2-2s2-2s2-1__group.3370__X1101__Z8	288	2x2x2	8	8	0	1	explicit
x__2-2s2-2s2-2__group.3635__X100__Z7	216	2x6	8	8	0	1	explicit
x__2-2s2-2s2-1__group.3370__X1101__Z5	288	2x2x2x2x2x2	64	64	0	1	explicit
x__2-2s1c1s1s1__group.1793__X1001__Z10	48	2x2x2x2x2x2x2x2x2x2x2	268	268	0	1	explicit
x__2-2s1c1s1s1__group.1793__X1001__Z16	48	2x2x2x2x2x2x2	80	80	0	1	explicit
x__4-1s2-1__group.5182__T__Z49	512	2x2x2x2x2x2x2x2	256	256	0	1	explicit
x__2-2s1c1s1s1__group.1793__X1001__Z54	48	2x2x2x2x2x2x2	72	72	0	1	explicit
x__2-2s2-1s2-1__group.2617__T__Z23	96	2x2x2x2	16	16	0	1	explicit
x__2-2s1c1s1s1__group.1793__X1001__Z34	48	2x2x2x2x2x2x2x2x2x2x2	672	672	0	1	explicit
x__2-2s2-2s2-1__group.3370__X1101__Z1	288	2x2x2x2x2x2	64	64	0	1	explicit
x__2-2s1c1s1s1__group.1793__X1001__Z46	48	2x2x2x2x2x2x2	72	72	0	1	explicit
x__2-2s2-2s2-1__group.3370__X1101__Z2	288	2x2x2	8	8	0	1	explicit
x__2-2s2-2s2-2__group.3635__X100__Z10	216	2x6	8	8	0	1	explicit
x__2-2s1c1s1s1__group.1793__X1001__Z1	48	2x2x2x2x2x2x2x2x2x2x2x2x2x2x2	3952	3952	0	1	explicit
x__2-2s2-1s2-1__group.2617__T__Z20	96	2x2x2x2x2	32	32	0	1	explicit
x__2-2s2-1s2-1__group.2617__T__Z3	96	2x2x2x2x4	48	48	0	1	explicit
x__2-2s1c1s1s1__group.1793__X1001__Z9	48	2x2x2x2x2x2	28	28	0	1	explicit
x__6-2__group.7560__X01__Z1	324	2	2	2	0	1	explicit
x__2-2s2-1s2-1__group.2617__T__Z24	96	2x2x2x4	24	24	0	1	explicit
x__2-2s2-2s2-1__group.3370__X1101__Z6	288	2x2x2	8	8	0	1	explicit
x__2-2s1c1s1s1__group.1793__X1001__Z2	48	2x2x2x2x2x2x2x2x2x2x2	296	296	0	1	explicit
x__2-2s2-2s2-2__group.3635__X100__Z2	216	2x6	8	8	0	1	explicit
x__2-2s1c1s1s1__group.1793__X1001__Z25	48	2x2x2x2x2x2x2	72	72	0	1	explicit
x__2-2s2-2s2-1__group.3370__X1101__Z10	288	2x2x2	8	8	0	1	explicit
x__2-2s2-1s2-1__group.2617__T__Z16	96	2x2x2x2x4	48	48	0	1	explicit
x__2-2s1c1s1s1__group.1793__X1001__Z8	48	2x2x2x2x2x2x2x2	144	144	0	1	explicit
x__2-2s2-2s2-1__group.3438__X00110__Z5	576	2x2x2x2x2x2x2x2	256	256	0	1	explicit
x__6-2__group.7560__X01__Z6	324	6	4	4	0	1	explicit
x__2-2s2-1s2-1__group.2617__T__Z12	96	2x2x2x4	24	24	0	1	explicit
x__2-2s1c1s1s1__group.1793__X1001__Z7	48	2x2x2x2x2x2x2x2x2x2x2	672	672	0	1	explicit
x__2-2s2-2s2-1__group.3370__X1101__Z13	288	2x2x2x2x2x2	64	64	0	1	explicit
x__3s2-2s1__group.4207__X111__Z10	288	2x2x2x2	16	16	0	1	explicit
x__2-2s2-2s2-1__group.3370__X1101__Z11	288	2x2x2x2x2x2	64	64	0	1	explicit
x__2-2s2-1s2-1__group.2617__T__Z11	96	2x2x2x2	16	16	0	1	explicit
x__2-2s2-2s2-2__group.3635__X100__Z5	216	2x6	8	8	0	1	explicit
x__3s2-2s1__group.4207__X111__Z33	288	2x2	4	4	0	1	explicit
x__2-2s1c1s1s1__group.1793__X1001__Z52	48	2x2x2x2x2x2x2	72	72	0	1	explicit
x__2-2s2-1s2-1__group.2617__T__Z15	96	2x2x2x2x4	48	48	0	1	explicit
x__2-2s2-2s2-1__group.3438__X00110__Z2	576	2x2x2x2	16	16	0	1	explicit
x__2-2s2-2s2-1__group.3370__X1101__Z14	288	2x2x2	8	8	0	1	explicit
x__3s2-2s1__group.4207__X111__Z22	288	2x2	4	4	0	1	explicit
x__2-2s2-1s2-1__group.2617__T__Z2	96	2x2x2x2x2	32	32	0	1	explicit
x__3s2-2s1__group.4207__X111__Z28	288	2x2x2x2	16	16	0	1	explicit
x__3s2-2s1__group.4207__X111__Z34	288	2x2x2x2	16	16	0	1	explicit
x__2-2s2-2s2-1__group.3370__X1101__Z16	288	2x2x2	8	8	0	1	explicit
x__1c1c1c1s1s1__group.1046__X011__Z16	8	2x2x2x2x2x2x2x2	29	29	0	1	explicit
x__6-2__group.7560__X01__Z8	324	6	4	4	0	1	explicit
x__2-2s2-2s2-2__group.3635__X100__Z4	216	2x6	8	8	0	1	explicit
x__2-2s1c1s1s1__group.1793__X1001__Z39	48	2x2x2x2x2x2x2	56	56	0	1	explicit
x__2-2s2-1s2-1__group.2617__T__Z9	96	2x2x2x2x4	48	48	0	1	explicit
x__2-2s2-2s2-1__group.3438__X00110__Z3	576	2x2x2x2x2x2x2x2	256	256	0	1	explicit
x__3s2-2s1__group.4207__X111__Z14	288	2x2x2x2	16	16	0	1	explicit
x__2-2s2-2s2-1__group.3370__X1101__Z15	288	2x2x2x2x2x2	64	64	0	1	explicit
x__2-2s2-1s2-1__group.2617__T__Z5	96	2x2x2x2	16	16	0	1	explicit
x__3s2-2s1__group.4207__X111__Z17	288	2x2	3	3	0	1	explicit
x__3s2-2s1__group.4207__X111__Z35	288	2x2x2x2x2	32	32	0	1	explicit
x__4-2s2-2__group.7026__X111__Z4	864	2x12	12	12	0	1	explicit
x__2-2s2-2s2-2__group.3635__X100__Z11	216	2x6	8	8	0	1	explicit
x__2-2s2-1s2-1__group.2617__T__Z7	96	2x2x2x2x2x2x4	192	192	0	1	explicit
x__2-2s2-2s2-2__group.3635__X100__Z6	216	2x6	8	8	0	1	explicit
x__2-2s1c1s1s1__group.1793__X1001__Z37	48	2x2x2x2x2x2x2x2x2x2x2	268	268	0	1	explicit
x__6-2__group.7560__X01__Z3	324	2	2	2	0	1	explicit
x__2-2s2-2s2-1__group.3370__X1101__Z12	288	2x2x2	8	8	0	1	explicit
x__3s2-2s1__group.4207__X111__Z13	288	2x2x2x2x2	32	32	0	1	explicit
x__3s2-2s1__group.4207__X111__Z32	288	2x2x2x2	16	16	0	1	explicit
x__2-2s2-2s2-1__group.3438__X00110__Z4	576	2x2x2x2	16	16	0	1	explicit
x__2-2s2-1s2-1__group.2617__T__Z10	96	2x2x2x2x4	48	48	0	1	explicit
x__3s2-2s1__group.4207__X111__Z42	288	2x2x2x2	16	16	0	1	explicit
x__4-2s2-2__group.7026__X111__Z3	864	2x12	12	12	0	1	explicit
x__2-2s2-1s2-1__group.2617__T__Z14	96	2x2x2x2x2	32	32	0	1	explicit
x__2-2s2-2s2-2__group.3635__X100__Z3	216	2x6	8	8	0	1	explicit
x__2-2s2-2s2-2__group.3635__X100__Z1	216	2x6	8	8	0	1	explicit
x__2-2s1c1s1s1__group.1793__X1001__Z30	48	2x2x2x2x2x2x2x2x2x2x2	480	480	0	1	explicit
x__3s2-2s1__group.4207__X111__Z8	288	2x2x2x2	16	16	0	1	explicit
x__3s2-2s1__group.4207__X111__Z40	288	2x2x2x2	16	16	0	1	explicit
x__2-2s2-2s2-1__group.3370__X1101__Z3	288	2x2x2x2x2x2	64	64	0	1	explicit
x__2-2s2-1s2-1__group.2617__T__Z17	96	2x2x2x2	16	16	0	1	explicit
x__3s2-2s1__group.4207__X111__Z29	288	2x2x2x2x2x2x2	128	128	0	1	explicit
x__2-2s2-2s2-1__group.3438__X00110__Z8	576	2x2x2x2	16	16	0	1	explicit
x__6-2__group.7560__X01__Z4	324	6	4	4	0	1	explicit
x__2-2s2-1s2-1__group.2617__T__Z13	96	2x2x2x2x2x2x4	192	192	0	1	explicit
x__2-2s2-1s2-1__group.2617__T__Z6	96	2x2x2x4	24	24	0	1	explicit
x__4-2s2-2__group.7026__X111__Z2	864	2x12	12	12	0	1	explicit
x__3s2-2s1__group.4207__X111__Z12	288	2x2x2x2	16	16	0	1	explicit
x__2-2s2-2s2-2__group.3635__X100__Z8	216	2x6	8	8	0	1	explicit
x__2-2s2-1s2-1__group.2617__T__Z21	96	2x2x2x2x4	48	48	0	1	explicit
x__3s2-2s1__group.4207__X111__Z6	288	2x2x2x2x2x2x2	128	128	0	1	explicit
x__3s2-2s1__group.4207__X111__Z37	288	2x2x2x2	16	16	0	1	explicit
x__3s2-2s1__group.4207__X111__Z16	288	2x2	4	4	0	1	explicit
x__2-2s2-1s2-1__group.2617__T__Z1	96	2x2x2x2x2x2x4	192	192	0	1	explicit
x__4-2s1c1__group.5954__X001__Z1	288	2x2x2x2x2x4	30	30	0	1	explicit
x__2-2s2-2s2-1__group.3438__X00110__Z1	576	2x2x2x2x2x2x2x2	256	256	0	1	explicit
x__2-2s2-1s2-1__group.2617__T__Z22	96	2x2x2x2x4	48	48	0	1	explicit
x__1c1c1c1s1s1__group.1046__X011__Z23	8	2x2x2x2x2	7	7	0	1	explicit
x__4-2s2-2__group.7026__X111__Z1	864	2x12	12	12	0	1	explicit
x__6-2__group.7560__X01__Z5	324	6	4	4	0	1	explicit
x__2-2s2-1s2-1__group.2617__T__Z19	96	2x2x2x2x2x2x4	192	192	0	1	explicit
x__2-2s2-2s2-2__group.3635__X100__Z9	216	2x6	8	8	0	1	explicit
x__3s2-2s1__group.4207__X111__Z30	288	2x2x2x2	16	16	0	1	explicit
x__3s2-2s1__group.4207__X111__Z15	288	2x2x2x2	16	16	0	1	explicit
x__3s2-2s1__group.4207__X111__Z1	288	2x2x2x2x2x2x2	128	128	0	1	explicit
x__3s2-2s1__group.4207__X111__Z11	288	2x2	4	4	0	1	explicit
x__2-2s2-1s2-1__group.2617__T__Z8	96	2x2x2x2x2	32	32	0	1	explicit
x__3s2-1s1__group.3907__X111__Z36	192	2x2x4	12	12	0	1	explicit
x__2-2s2-1s2-1__group.2617__T__Z18	96	2x2x2x4	24	24	0	1	explicit
x__2-2s2-2s2-1__group.3438__X00110__Z6	576	2x2x2x2	16	16	0	1	explicit
x__6-2__group.7560__X01__Z2	324	2	2	2	0	1	explicit
x__2-2s2-1s2-1__group.2617__T__Z4	96	2x2x2x2x4	48	48	0	1	explicit
x__4-1s2-2__group.5831__X1001__Z2	96	2x2x2	6	6	0	1	explicit
x__3s2-2s1__group.4207__X111__Z31	288	2x2x2x2	16	16	0	1	explicit
x__3s2-2s1__group.4207__X111__Z23	288	2x2	3	3	0	1	explicit
x__3s2-2s1__group.4207__X111__Z18	288	2x2x2x2x2	32	32	0	1	explicit
x__3s2-2s1__group.4207__X111__Z7	288	2x2x2x2	16	16	0	1	explicit
x__3s2-1s1__group.3907__X111__Z53	192	2x2x2x2x2x4	96	96	0	1	explicit
x__3s2-1s1__group.3907__X111__Z103	192	2x2x2x2x2x4	64	64	0	1	explicit
x__3s2-1s1__group.3907__X111__Z5	192	2x2x2x4	20	20	0	1	explicit
x__3s2-1s1__group.3907__X111__Z37	192	2x2x4	12	12	0	1	explicit
x__3s2-2s1__group.4207__X111__Z21	288	2x2x2x2	16	16	0	1	explicit
x__3s2-2s1__group.4207__X111__Z36	288	2x2x2x2	16	16	0	1	explicit
x__2-2s2-2s2-1__group.3438__X00110__Z7	576	2x2x2x2x2x2x2x2	256	256	0	1	explicit
x__3s2-2s1__group.4207__X111__Z24	288	2x2x2x2	16	16	0	1	explicit
x__3s2-2s1__group.4207__X111__Z9	288	2x2x2x2	16	16	0	1	explicit
x__3s2-2s1__group.4207__X111__Z27	288	2x2x2x2x2x2x2	128	128	0	1	explicit
x__3s2-1s1__group.3907__X111__Z79	192	2x2x2x2x2x2x2x2x4	768	768	0	1	explicit
x__3s2-1s1__group.3907__X111__Z31	192	2x2x2x2x2x4	96	96	0	1	explicit
x__3s2-1s1__group.3907__X111__Z91	192	2x2x2x2x2x4	96	96	0	1	explicit
x__3s2-1s1__group.3907__X111__Z129	192	2x2x2x2x2x4	64	64	0	1	explicit
x__3s2-1s1__group.3907__X111__Z4	192	2x2x2x4	24	24	0	1	explicit
x__3s2-1s1__group.3907__X111__Z102	192	2x2x2x4	20	20	0	1	explicit
x__3s2-2s1__group.4207__X111__Z19	288	2x2x2x2	16	16	0	1	explicit
x__3s2-2s1__group.4207__X111__Z38	288	2x2	4	4	0	1	explicit
x__3s2-2s1__group.4207__X111__Z41	288	2x2x2x2x2x2x2	128	128	0	1	explicit
x__3s2-1s1__group.3907__X111__Z65	192	2x2x4	12	12	0	1	explicit
x__3s2-1s1__group.3907__X111__Z41	192	2x2x2x2x2x2x4	144	144	0	1	explicit
x__3s2-2s1__group.4207__X111__Z20	288	2x2x2x2	16	16	0	1	explicit
x__3s2-1s1__group.3907__X111__Z104	192	2x2x2x2x2x4	96	96	0	1	explicit
x__3s2-2s1__group.4207__X111__Z25	288	2x2x2x2x2x2x2	128	128	0	1	explicit
x__3s2-1s1__group.3907__X111__Z23	192	2x2x2x4	24	24	0	1	explicit
x__6-2__group.7560__X01__Z7	324	6	4	4	0	1	explicit
x__3s2-1s1__group.3907__X111__Z3	192	2x2x2x2x2x4	96	96	0	1	explicit
x__3s2-1s1__group.3907__X111__Z97	192	2x2x2x4	24	24	0	1	explicit
x__3s2-2s1__group.4207__X111__Z26	288	2x2x2x2	16	16	0	1	explicit
x__3s2-2s1__group.4207__X111__Z39	288	2x2	3	3	0	1	explicit
x__3s2-2s1__group.4207__X111__Z2	288	2x2x2x2	16	16	0	1	explicit
x__3s2-1s1__group.3907__X111__Z132	192	2x2x2x2x2x4	96	96	0	1	explicit
x__3s2-1s1__group.3907__X111__Z62	192	2x2x2x4	24	24	0	1	explicit
x__3s2-1s1__group.3907__X111__Z120	192	2x2x2x2x2	24	24	0	1	explicit
x__3s2-1s1__group.3907__X111__Z40	192	2x2x2x2x2x2x4	192	192	0	1	explicit
x__3s2-1s1__group.3907__X111__Z117	192	2x2x2x2x2x4	96	96	0	1	explicit
x__3s2-1s1__group.3907__X111__Z83	192	2x2x2x2x2x4	80	80	0	1	explicit
x__3s2-1s1__group.3907__X111__Z50	192	2x2x2	8	8	0	1	explicit
x__3s2-1s1__group.3907__X111__Z107	192	2x2x2x2x2x4	96	96	0	1	explicit
x__3s2-1s1__group.3907__X111__Z63	192	2x2x4	12	12	0	1	explicit
x__3s2-2s1__group.4207__X111__Z5	288	2x2	4	4	0	1	explicit
x__1c1c1c1s1s1__group.1046__X011__Z15	8	2x2x2x2x2x2x2x2x2x2x2	58	58	0	1	explicit
x__3s2-1s1__group.3907__X111__Z60	192	2x2x2x2x2x4	96	96	0	1	explicit
x__3s2-1s1__group.3907__X111__Z139	192	2x2x2x2x2x2x4	192	192	0	1	explicit
x__3s2-1s1__group.3907__X111__Z96	192	2x2x2x4	24	24	0	1	explicit
x__3s2-1s1__group.3907__X111__Z15	192	2x2x4	12	12	0	1	explicit
x__3s2-1s1__group.3907__X111__Z38	192	2x2x4	12	12	0	1	explicit
x__3s2-1s1__group.3907__X111__Z47	192	2x2x2x2x4	36	36	0	1	explicit
x__3s2-1s1__group.3907__X111__Z35	192	2x2x2x4	24	24	0	1	explicit
x__3s2-1s1__group.3907__X111__Z64	192	2x2x2x4	24	24	0	1	explicit
x__3s2-1s1__group.3907__X111__Z68	192	2x2x2x4	18	18	0	1	explicit
x__3s2-1s1__group.3907__X111__Z77	192	2x2x4	12	12	0	1	explicit
x__3s2-1s1__group.3907__X111__Z22	192	2x2x2x4	24	24	0	1	explicit
x__3s2-2s1__group.4207__X111__Z4	288	2x2x2x2	16	16	0	1	explicit
x__3s2-1s1__group.3907__X111__Z134	192	2x2x2x2x2x2x2	128	128	0	1	explicit
x__3s2-1s1__group.3907__X111__Z106	192	2x2x2x2x2x2x2x2x4	480	480	0	1	explicit
x__3s2-1s1__group.3907__X111__Z127	192	2x2x2x4	20	20	0	1	explicit
x__3s2-1s1__group.3907__X111__Z135	192	2x2x2x2x2	32	32	0	1	explicit
x__3s2-1s1__group.3907__X111__Z69	192	2x2x2x2x2x4	96	96	0	1	explicit
x__3s2-1s1__group.3907__X111__Z100	192	2x2x2x4	24	24	0	1	explicit
x__3s2-1s1__group.3907__X111__Z90	192	2x2x2x2x2	32	32	0	1	explicit
x__3s2-1s1__group.3907__X111__Z78	192	2x2x2x2x2x4	96	96	0	1	explicit
x__3s2-1s1__group.3907__X111__Z142	192	2x2x2x2x2x4	96	96	0	1	explicit
x__3s2-1s1__group.3907__X111__Z57	192	2x2x2x2x2	24	24	0	1	explicit
x__3s2-1s1__group.3907__X111__Z128	192	2x2x2x4	20	20	0	1	explicit
x__3s2-2s1__group.4207__X111__Z3	288	2x2x2x2	16	16	0	1	explicit
x__3s2-1s1__group.3907__X111__Z39	192	2x2x2x2x2x4	96	96	0	1	explicit
x__3s2-1s1__group.3907__X111__Z12	192	2x2x2	8	8	0	1	explicit
x__3s2-1s1__group.3907__X111__Z54	192	2x2x4	12	12	0	1	explicit
x__3s2-1s1__group.3907__X111__Z6	192	2x2x2x2x4x4	144	144	0	1	explicit
x__3s2-1s1__group.3907__X111__Z56	192	2x2x2x4	24	24	0	1	explicit
x__1c1c1c1s1s1__group.1046__X011__Z12	8	2x2x2x2x2x2x2x2	14	14	0	1	explicit
x__3s2-1s1__group.3907__X111__Z99	192	2x2x2x2x2x4	96	96	0	1	explicit
x__3s2-1s1__group.3907__X111__Z109	192	2x2x2x2x2x4	80	80	0	1	explicit
x__3s2-1s1__group.3907__X111__Z85	192	2x2x2x2x2x2x4	192	192	0	1	explicit
x__3s2-1s1__group.3907__X111__Z61	192	2x2x2x4	24	24	0	1	explicit
x__3s2-1s1__group.3907__X111__Z48	192	2x2x2x2x2	32	32	0	1	explicit
x__3s2-1s1__group.3907__X111__Z110	192	2x2x2x2x2x2x4	192	192	0	1	explicit
x__4-2s1c1__group.5954__X001__Z2	288	2x2x2x2x2	16	16	0	1	explicit
x__3s2-1s1__group.3907__X111__Z118	192	2x2x2x2x2x2x4	144	144	0	1	explicit
x__3s2-1s1__group.3907__X111__Z98	192	2x2x2x4	24	24	0	1	explicit
x__3s2-1s1__group.3907__X111__Z133	192	2x2x2x2x2x2x4	192	192	0	1	explicit
x__3s2-1s1__group.3907__X111__Z1	192	2x2x2x2x2x2x4	192	192	0	1	explicit
x__3s2-1s1__group.3907__X111__Z51	192	2x2x2	8	8	0	1	explicit
x__3s2-1s1__group.3907__X111__Z136	192	2x2x2x2x2x4	96	96	0	1	explicit
x__3s2-1s1__group.3907__X111__Z95	192	2x2x2x2x2x4	96	96	0	1	explicit
x__3s2-1s1__group.3907__X111__Z52	192	2x2x2x2x2x4	96	96	0	1	explicit
x__3s2-1s1__group.3907__X111__Z71	192	2x2x2x2	16	16	0	1	explicit
x__3s2-1s1__group.3907__X111__Z70	192	2x2x2x2x2x4	96	96	0	1	explicit
x__3s2-1s1__group.3907__X111__Z25	192	2x2x2x4	24	24	0	1	explicit
x__3s2-1s1__group.3907__X111__Z29	192	2x2x2x4	20	20	0	1	explicit
x__3s2-1s1__group.3907__X111__Z111	192	2x2x2x2x2x2x4	192	192	0	1	explicit
x__3s2-1s1__group.3907__X111__Z30	192	2x2x2x2x2x4	96	96	0	1	explicit
x__3s2-1s1__group.3907__X111__Z8	192	2x2x2x2x4	48	48	0	1	explicit
x__3s2-1s1__group.3907__X111__Z130	192	2x2x2x2x2x4	96	96	0	1	explicit
x__3s2-1s1__group.3907__X111__Z74	192	2x2x2x4	24	24	0	1	explicit
x__3s2-1s1__group.3907__X111__Z28	192	2x4x4	16	16	0	1	explicit
x__3s2-1s1__group.3907__X111__Z131	192	2x2x2x2x2x2x2x2x4	768	768	0	1	explicit
x__3s2-1s1__group.3907__X111__Z59	192	2x2	4	4	0	1	explicit
x__3s2-1s1__group.3907__X111__Z55	192	2x2x2x2x2x4	96	96	0	1	explicit
x__3s2-1s1__group.3907__X111__Z76	192	2x2x4	12	12	0	1	explicit
x__3s2-1s1__group.3907__X111__Z84	192	2x2x2x2x2x2x4	192	192	0	1	explicit
x__3s2-1s1__group.3907__X111__Z126	192	2x2x2x4	24	24	0	1	explicit
x__3s2-1s1__group.3907__X111__Z16	192	2x2x2x2x4x4	120	120	0	1	explicit
x__3s2-1s1__group.3907__X111__Z9	192	2x2x2x2x2	32	32	0	1	explicit
x__3s2-1s1__group.3907__X111__Z24	192	2x4x4	18	18	0	1	explicit
x__3s2-1s1__group.3907__X111__Z105	192	2x2x2x2x2x2x2x2x4	768	768	0	1	explicit
x__3s2-1s1__group.3907__X111__Z108	192	2x2x2x2x2x4	96	96	0	1	explicit
x__3s2-1s1__group.3907__X111__Z122	192	2x2x2x4	24	24	0	1	explicit
x__3s2-1s1__group.3907__X111__Z141	192	2x2x2x2x2	32	32	0	1	explicit
x__3s2-1s1__group.3907__X111__Z92	192	2x2x2x2x2x2x4	144	144	0	1	explicit
x__3s2-1s1__group.3907__X111__Z58	192	2x2x2x2	16	16	0	1	explicit
x__3s2-1s1__group.3907__X111__Z2	192	2x2x2x2x2x2x4	144	144	0	1	explicit
x__3s2-1s1__group.3907__X111__Z46	192	2x2x2x2x4	48	48	0	1	explicit
x__3s2-1s1__group.3907__X111__Z82	192	2x2x2x2x2x4	96	96	0	1	explicit
x__3s2-1s1__group.3907__X111__Z115	192	2x2x2x2x2	32	32	0	1	explicit
x__3s2-1s1__group.3907__X111__Z7	192	2x2x2x2x4	48	48	0	1	explicit
x__3s2-1s1__group.3907__X111__Z116	192	2x2x2x2x2	32	32	0	1	explicit
x__3s2-1s1__group.3907__X111__Z119	192	2x2x2x2x2x2x2	80	80	0	1	explicit
x__3s2-1s1__group.3907__X111__Z42	192	2x2x2x2x2x4	96	96	0	1	explicit
x__3s2-1s1__group.3907__X111__Z17	192	2x2x2x4	24	24	0	1	explicit
x__3s2-1s1__group.3907__X111__Z137	192	2x2x2x2x2x2x2x2x4	768	768	0	1	explicit
x__3s2-1s1__group.3907__X111__Z140	192	2x2x2x2x2x2x2	128	128	0	1	explicit
x__3s2-1s1__group.3907__X111__Z67	192	2x2x4	12	12	0	1	explicit
x__3s2-1s1__group.3907__X111__Z66	192	2x2x4	12	12	0	1	explicit
x__3s2-1s1__group.3907__X111__Z49	192	2x2x2x2	16	16	0	1	explicit
x__3s2-1s1__group.3907__X111__Z20	192	2x2	4	4	0	1	explicit
x__3s2-1s1__group.3907__X111__Z124	192	2x2x2x4	24	24	0	1	explicit
x__4-2s1s1__group.6074__T__Z18	144	2x2x2x2	16	16	0	1	explicit
x__3s2-1s1__group.3907__X111__Z89	192	2x2x2x2x2	32	32	0	1	explicit
x__4-2s2-1__group.6537__X1010__Z9	576	2x2x2x2x2x2	64	64	0	1	explicit
x__3s2-1s1__group.3907__X111__Z125	192	2x2x2x2x2x4	96	96	0	1	explicit
x__3s2-1s1__group.3907__X111__Z13	192	2x2x2x2x2x4	96	96	0	1	explicit
x__3s2-1s1__group.3907__X111__Z34	192	2x2x2x2x2x4	96	96	0	1	explicit
x__4-2s1s1__group.6074__T__Z9	144	2x2x6	12	12	0	1	explicit
x__3s2-1s1__group.3907__X111__Z93	192	2x2x2x2x2x2x2	80	80	0	1	explicit
x__3s2-1s1__group.3907__X111__Z138	192	2x2x2x2x2x4	96	96	0	1	explicit
x__3s2-1s1__group.3907__X111__Z86	192	2x2x2x2x2x2x4	144	144	0	1	explicit
x__3s2-1s1__group.3907__X111__Z18	192	2x2x2x2x2	24	24	0	1	explicit
x__4-2s1s1__group.6074__T__Z11	144	2x2x2x2x2x2x6	144	144	0	1	explicit
x__3s2-1s1__group.3907__X111__Z11	192	2x2x2	8	8	0	1	explicit
x__3s2-1s1__group.3907__X111__Z10	192	2x2x2x4	24	24	0	1	explicit
x__3s2-1s1__group.3907__X111__Z45	192	2x2x2x2x2x4	96	96	0	1	explicit
x__3s2-1s1__group.3907__X111__Z121	192	2x2x2x2x2x4	96	96	0	1	explicit
x__3s2-1s1__group.3907__X111__Z101	192	2x2x2x4	20	20	0	1	explicit
x__4-1s2-1__min.507__X01__Z6	16	2x2	3	3	0	1	explicit
x__4-2s2-1__group.6537__X1010__Z7	576	2x2x2x2x2x2	64	64	0	1	explicit
x__4-2s1s1__group.6074__T__Z15	144	2x2x2x6	20	20	0	1	explicit
x__3s2-1s1__group.3907__X111__Z94	192	2x2x2x2x2	24	24	0	1	explicit
x__3s2-1s1__group.3907__X111__Z72	192	2x2x2x2	16	16	0	1	explicit
x__3s2-1s1__group.3907__X111__Z32	192	2x2x2x2	16	16	0	1	explicit
x__3s2-1s1__group.3907__X111__Z112	192	2x2x2x2x2x2x4	144	144	0	1	explicit
x__3s2-1s1__group.3907__X111__Z44	192	2x2x2x4	20	20	0	1	explicit
x__4-2s1s1__group.6074__T__Z16	144	2x2x2x2x2x2x2	72	72	0	1	explicit
x__3s2-1s1__group.3907__X111__Z123	192	2x2x2x4	24	24	0	1	explicit
x__3s2-1s1__group.3907__X111__Z14	192	2x2x2x2x2x4	96	96	0	1	explicit
x__3s2-1s1__group.3907__X111__Z113	192	2x2x2x2x2x2x2	128	128	0	1	explicit
x__3s2-1s1__group.3907__X111__Z33	192	2x2x2x2	16	16	0	1	explicit
x__4-2s1s1__group.6074__T__Z12	144	2x2x2x2x6	36	36	0	1	explicit
x__4-2s2-1__group.6537__X1010__Z15	576	2x2x2x2x2x2	64	64	0	1	explicit
x__4-1s2-1__min.507__X01__Z8	16	2	2	2	0	1	explicit
x__4-2s2-1__group.6537__X1010__Z11	576	2x2x2x2x2x2	64	64	0	1	explicit
x__4-2s2-1__group.6497__X001__Z3	288	2x2x2x2	16	16	0	1	explicit
x__4-1s2-1__min.507__X01__Z2	16	2x2	4	4	0	1	explicit
x__4-2s1s1__group.6074__T__Z17	144	2x2x2x2x2	18	18	0	1	explicit
x__3s2-1s1__group.3907__X111__Z27	192	2x4x4	16	16	0	1	explicit
x__3s2-1s1__group.3907__X111__Z43	192	2x2x2x4	24	24	0	1	explicit
x__3s2-1s1__group.3907__X111__Z19	192	2x2x2x4	20	20	0	1	explicit
x__3s2-1s1__group.3965__X0111__Z88	384	2x2x2x2x2x2x2	54	54	0	1	explicit
x__4-2s1s1__group.6074__T__Z13	144	2x2x2x6	32	32	0	1	explicit
x__3s2-1s1__group.3965__X0111__Z10	384	2x2x2x2x2x2x2x2x2	288	288	0	1	explicit
x__4-2s2-1__group.6537__X1010__Z12	576	2x2x4	12	12	0	1	explicit
x__4-1s2-1__min.507__X01__Z9	16	2	2	2	0	1	explicit
x__3s2-1s1__group.3965__X0111__Z16	384	2x2x2x2x2x2	48	48	0	1	explicit
x__4-2s2-1__group.6537__X1010__Z16	576	2x2x4	12	12	0	1	explicit
x__3s2-1s1__group.3907__X111__Z88	192	2x2x2x2x2	32	32	0	1	explicit
x__4-2s1s1__group.6074__T__Z10	144	2x2x2x6	20	20	0	1	explicit
x__4-1s2-1__min.507__X01__Z3	16	2x2x2	6	6	0	1	explicit
x__4-1s2-2__group.5712__X110__Z1	576	2x2x2x2	16	16	0	1	explicit
x__3s2-1s1__group.3907__X111__Z73	192	2x2x2x2x2x4	96	96	0	1	explicit
x__3s2-1s1__group.3907__X111__Z26	192	2x4x4	18	18	0	1	explicit
x__4-2s1s1__group.6074__T__Z14	144	2x2x6	12	12	0	1	explicit
x__3s2-1s1__group.3965__X0111__Z75	384	2x2x2x2x2x2x2	72	72	0	1	explicit
x__3s2-1s1__group.3965__X0111__Z73	384	2x2x2x2x2x2x2x2x2x2	768	768	0	1	explicit
x__4-1s2-1__min.507__X01__Z7	16	2x2	4	4	0	1	explicit
x__4-2s2-1__group.6537__X1010__Z1	576	2x2x2x2x2x2	64	64	0	1	explicit
x__3s2-1s1__group.3907__X111__Z75	192	2x2x4	12	12	0	1	explicit
x__2-2s2-2s1c1__group.2703__C__Z1	24	2x2x2x2x2x2	20	20	0	1	explicit
x__4-2s1s1__group.6074__T__Z19	144	2x2x2	6	6	0	1	explicit
x__4-2s2-1__group.6537__X1010__Z3	576	2x2x2x2x2x2	64	64	0	1	explicit
x__4-1s2-1__min.507__X01__Z4	16	2x2	4	4	0	1	explicit
x__3s2-1s1__group.3907__X111__Z87	192	2x2x2x2x2x2x2	128	128	0	1	explicit
x__3s2-1s1__group.3907__X111__Z114	192	2x2x2x2x2	32	32	0	1	explicit
x__3s2-1s1__group.3965__X0111__Z20	384	2x2x2x2x2x2x2x2x2x2x2x2x2x2	6528	6528	0	1	explicit
x__4-2s1s1__group.6074__T__Z5	144	2x2x2x2	10	10	0	1	explicit
x__3s2-1s1__group.3907__X111__Z81	192	2x2x2x2x2x4	96	96	0	1	explicit
x__3s2-1s1__group.3965__X0111__Z87	384	2x2x2x2x2x2x2	48	48	0	1	explicit
x__3s2-1s1__group.3965__X0111__Z81	384	2x2x2x2x2x2x2x2x2x2	448	448	0	1	explicit
x__4-1s2-1__min.507__X01__Z10	16	2x2x2	8	8	0	1	explicit
x__4-2s2-1__group.6537__X1010__Z6	576	2x2x2	8	8	0	1	explicit
x__2-2s2-2s1c1__group.2703__C__Z3	24	2x2x2	6	6	0	1	explicit
x__3s2-1s1__group.3907__X111__Z80	192	2x2x2x2x2x2x2x2x4	480	480	0	1	explicit
x__4-2s1s1__group.6074__T__Z8	144	2x2x2x6	32	32	0	1	explicit
x__4-1s2-1__min.507__X01__Z14	16	2x2	4	4	0	1	explicit
x__4-2s2-1__group.6537__X1010__Z4	576	2x2x4	12	12	0	1	explicit
x__3s2-1s1__group.3907__X111__Z21	192	2x2x2x2x2x4	96	96	0	1	explicit
x__3s2-1s1__group.3965__X0111__Z18	384	2x2x2x2x2	32	32	0	1	explicit
x__4-2s1s1__group.6074__T__Z2	144	2x2x2x2x2	18	18	0	1	explicit
x__3s2-1s1__group.3965__X0111__Z86	384	2x2x2x2x2x2x2	60	60	0	1	explicit
x__4-1s2-1__min.507__X01__Z17	16	2	2	2	0	1	explicit
x__3s2-1s1__group.3965__X0111__Z80	384	2x2x2x2	9	9	0	1	explicit
x__2-2s2-2s1c1__group.2703__C__Z4	24	2x2x2	6	6	0	1	explicit
x__4-2s2-1__group.6537__X1010__Z8	576	2x2x2	8	8	0	1	explicit
x__4-2s1s1__group.6074__T__Z1	144	2x2x2x2x2x2x2	72	72	0	1	explicit
x__4-1s2-1__min.507__X01__Z13	16	2x2	4	4	0	1	explicit
x__3s2-1s1__group.3965__X0111__Z58	384	2x2x2x2x2x2x2	96	96	0	1	explicit
x__4-2s2-1__group.6537__X1010__Z10	576	2x2x4	12	12	0	1	explicit
x__3s2-1s1__group.3965__X0111__Z27	384	2x2x2x2x2x2x2x2	120	120	0	1	explicit
x__3s2-1s1__group.3965__X0111__Z68	384	2x2x2x2x2x2x2x2x2x2	1024	1024	0	1	explicit
x__3s2-1s1__group.3965__X0111__Z40	384	2x2x2	8	8	0	1	explicit
x__4-1s2-1__min.507__X01__Z16	16	2x2	4	4	0	1	explicit
x__4-2s1s1__group.6074__T__Z3	144	2x2x2x2	16	16	0	1	explicit
x__3s2-1s1__group.3965__X0111__Z74	384	2x2x2x2x2x2x2	96	96	0	1	explicit
x__3s2-1s1__group.3965__X0111__Z72	384	2x2x2x2x2x2x2x2x2x2	576	576	0	1	explicit
x__2-2s2-2s1c1__group.2703__C__Z2	24	2x2x2x2x2x2	20	20	0	1	explicit
x__4-1s2-1__min.507__X01__Z12	16	2x2x2	6	6	0	1	explicit
x__4-2s2-1__group.6537__X1010__Z13	576	2x2x2x2x2x2	64	64	0	1	explicit
x__4-2s1s1__group.6074__T__Z6	144	2x2x2x2x2x2x6	144	144	0	1	explicit
x__3s2-1s1__group.3965__X0111__Z67	384	2x2x2x2x2x2x2x2x2x2	576	576	0	1	explicit
x__3s2-1s1__group.3965__X0111__Z2	384	2x2x2x2x2x2x2x2x2	512	512	0	1	explicit
x__4-2s2-1__group.6537__X1010__Z5	576	2x2x2x2x2x2	64	64	0	1	explicit
x__3s2-1s1__group.3965__X0111__Z47	384	2x2x2x2x2x2x2x2x2x2	544	544	0	1	explicit
x__3s2-1s1__group.3965__X0111__Z57	384	2x2x2x2x2x2x2x2x2x2	768	768	0	1	explicit
x__4-2s1s1__group.6074__T__Z4	144	2x2x2	6	6	0	1	explicit
x__4-1s2-1__min.507__X01__Z11	16	2x2	4	4	0	1	explicit
x__3s2-1s1__group.3965__X0111__Z42	384	2x2x2x2x2x2x2x2x2x2x2x2x2	4224	4224	0	1	explicit
x__4-2s2-1__group.6503__T__Z2	384	2x2x2x2x2	32	32	0	1	explicit
x__3s2-1s1__group.3965__X0111__Z19	384	2x2x2x2x2x2x2x2x2	288	288	0	1	explicit
x__4-1s2-1__min.507__X01__Z15	16	2x2	3	3	0	1	explicit
x__3s2-1s1__group.3965__X0111__Z93	384	2x2x2x2x2x2x2	72	72	0	1	explicit
x__4-2s2-1__group.6537__X1010__Z14	576	2x2x2	8	8	0	1	explicit
x__4-2s1s1__group.6074__T__Z7	144	2x2x2x2x6	36	36	0	1	explicit
x__3s2-1s1__group.3965__X0111__Z5	384	2x2x2x2x2x2x2x2x2x2	576	576	0	1	explicit
x__4-1s2-1__min.507__X01__Z18	16	2	2	2	0	1	explicit
x__3s2-1s1__group.3965__X0111__Z61	384	2x2x2x2x2x2	40	40	0	1	explicit
x__4-2s2-1__group.6537__X1010__Z2	576	2x2x2	8	8	0	1	explicit
x__3s2-1s1__group.3965__X0111__Z78	384	2x2x2x2x2x2x2	96	96	0	1	explicit
x__4-1s2-1__min.507__X01__Z1	16	2x2x2	8	8	0	1	explicit
x__3s2-1s1__group.3965__X0111__Z89	384	2x2x2x2x2x2x2	72	72	0	1	explicit
x__4-2s2-1__group.6497__X001__Z1	288	2x2x2x2	16	16	0	1	explicit
x__3s2-1s1__group.3965__X0111__Z26	384	2x2x2x2x2x2x2	128	128	0	1	explicit
x__4-2s2-1__group.6503__T__Z1	384	2x2x2x2x2x2x2x2x2	512	512	0	1	explicit
x__4-2s1s1__group.6074__T__Z20	144	2x2x2x2	10	10	0	1	explicit
x__3s2-1s1__group.3965__X0111__Z60	384	2x2x2x2x2x2x2	72	72	0	1	explicit
x__3s2-1s1__group.3965__X0111__Z4	384	2x2x2x2x2x2x2	72	72	0	1	explicit
x__3s2-1s1__group.3965__X0111__Z24	384	2x2x2x2x2x2x2x2x2x2	544	544	0	1	explicit
x__3s2-1s1__group.3965__X0111__Z85	384	2x2x2x2x2x2x2	54	54	0	1	explicit
x__3s2-1s1__group.3965__X0111__Z59	384	2x2x2x2x2x2x2	96	96	0	1	explicit
x__4-1s2-1__min.507__X01__Z5	16	2x2	4	4	0	1	explicit
x__3s2-1s1__group.3965__X0111__Z39	384	2x2x2x2x2x2x2	72	72	0	1	explicit
x__3s2-1s1__group.3965__X0111__Z8	384	2x2x2x2x2x2x2x2x2x2x2	600	600	0	1	explicit
x__3s2-1s1__group.3965__X0111__Z45	384	2x2x2x2x2x2x2x2x2x2	400	400	0	1	explicit
x__4-2s2-1__group.6497__X001__Z2	288	2x2	4	4	0	1	explicit
x__3s2-1s1__group.3965__X0111__Z44	384	2x2x2x2x2x2x2x2x2x2	1024	1024	0	1	explicit
x__3s2-1s1__group.3965__X0111__Z21	384	2x2x2x2x2x2x2x2x2	512	512	0	1	explicit
x__3s2-1s1__group.3965__X0111__Z69	384	2x2x2x2x2x2x2	80	80	0	1	explicit
x__3s2-1s1__group.3965__X0111__Z38	384	2x2x2x2x2x2x2x2x2	272	272	0	1	explicit
x__3s2-1s1__group.3965__X0111__Z3	384	2x2x2x2x2x2x2x2x2x2x2	720	720	0	1	explicit
x__3s2-1s1__group.3965__X0111__Z23	384	2x2x2x2x2x2x2	96	96	0	1	explicit
x__3s2-1s1__group.3965__X0111__Z71	384	2x2x2x2x2x2	48	48	0	1	explicit
x__3s2-1s1__group.3965__X0111__Z92	384	2x2x2	6	6	0	1	explicit
x__3s2-1s1__group.3965__X0111__Z11	384	2x2x2x2x2x2x2x2x2	512	512	0	1	explicit
x__3s2-1s1__group.3965__X0111__Z30	384	2x2x2x2x2x2x2x2x2	512	512	0	1	explicit
x__4-2s2-1__group.6497__X001__Z4	288	2x2	4	4	0	1	explicit
x__3s2-1s1__group.3965__X0111__Z6	384	2x2x2x2x2x2x2x2x2x2x2	1536	1536	0	1	explicit
x__3s2-1s1__group.3965__X0111__Z43	384	2x2x2x2x2x2x2x2x2x2	480	480	0	1	explicit
x__3s2-1s1__group.3965__X0111__Z28	384	2x2x2x2x2	24	24	0	1	explicit
x__4-1ps1c1__group.4404__C__Z3	32	2x2x2x2x2x2x2x2	120	120	0	1	explicit
x__3s2-1s1__group.3965__X0111__Z56	384	2x2x2x2x2x2x2x2x2x2	416	416	0	1	explicit
x__2-2s2-2s2-1__group.3438__X01001__Z6	576	2x2x2x2	16	16	0	1	explicit
x__3s2-1s1__group.3965__X0111__Z83	384	2x2x2x2x2x2x2	96	96	0	1	explicit
x__3s2-1s1__group.3965__X0111__Z34	384	2x2x2x2x2x2x2x2x2x2x2	648	648	0	1	explicit
x__3s2-1s1__group.3965__X0111__Z37	384	2x2x2x2x2x2	48	48	0	1	explicit
x__3s2-1s1__group.3965__X0111__Z76	384	2x2x2x2x2x2x2x2x2x2	408	408	0	1	explicit
x__3s2-1s1__group.3965__X0111__Z66	384	2x2x2x2x2x2x2x2x2x2x2x2x2	4352	4352	0	1	explicit
x__3s2-1s1__group.3965__X0111__Z29	384	2x2x2x2x2x2x2x2x2	320	320	0	1	explicit
x__4-1ps1c1__group.4404__C__Z4	32	2x2x2x2x2x2x2	80	80	0	1	explicit
x__2-2s2-2s2-2__group.3600__X001__Z2	216	2x6	8	8	0	1	explicit
x__3s2-1s1__group.3965__X0111__Z17	384	2x2x2x2x2x2x2	80	80	0	1	explicit
x__3s2-1s1__group.3965__X0111__Z51	384	2x2x2x2x2x2x2x2x2x2	432	432	0	1	explicit
x__3s2-1s1__group.3965__X0111__Z1	384	2x2x2x2x2x2x2x2x2x2x2x2x2x2	6336	6336	0	1	explicit
x__4-1s2-2__group.5668__X001__Z2	48	2x2	4	4	0	1	explicit
x__2-2s2-2s2-1__group.3438__X01001__Z8	576	2x2x2x2	16	16	0	1	explicit
x__3s2-1s1__group.3965__X0111__Z33	384	2x2x2x2x2x2x2	72	72	0	1	explicit
x__3s2-1s1__group.3965__X0111__Z77	384	2x2x2x2x2x2x2	128	128	0	1	explicit
x__3s2-1s1__group.3965__X0111__Z22	384	2x2x2x2x2x2x2x2x2x2x2	864	864	0	1	explicit
x__3s2-1s1__group.3965__X0111__Z82	384	2x2x2x2x2x2x2x2x2x2	768	768	0	1	explicit
x__3s2-1s1__group.3965__X0111__Z54	384	2x2x2x2x2x2x2	60	60	0	1	explicit
x__4-1ps1c1__group.4404__C__Z5	32	2x2x2x2x2x2	36	36	0	1	explicit
x__4-1s2-2__group.5668__X001__Z1	48	2x2x2x2x2x2	64	64	0	1	explicit
x__3s2-1s1__group.3965__X0111__Z7	384	2x2x2x2x2x2x2	128	128	0	1	explicit
x__4-2s1c1__group.5921__T__Z3	144	2x2x2x2x2x4x4	44	44	0	1	explicit
x__2-2s2-2s1s1__group.2932__X11001__Z1	288	2x2x2x2x2x2x2x2x2x2x2x2	752	752	0	1	explicit
x__4-1s2-2__group.5668__X001__Z3	48	2x2	4	4	0	1	explicit
x__3s2-1s1__group.3965__X0111__Z32	384	2x2x2x2x2x2	64	64	0	1	explicit
x__3s2-1s1__group.3965__X0111__Z48	384	2x2x2x2x2x2x2x2x2x2	768	768	0	1	explicit
x__2-2s2-2s2-1__group.3438__X01001__Z3	576	2x2x2x2x2x2x2x2	256	256	0	1	explicit
x__3s2-1s1__group.3965__X0111__Z49	384	2x2x2x2x2x2x2	72	72	0	1	explicit
x__3s2-2s1__group.4218__X001__Z7	288	2x2x2x2	16	16	0	1	explicit
x__3s2-1s1__group.3965__X0111__Z25	384	2x2x2x2x2x2x2x2x2x2x2	1536	1536	0	1	explicit
x__3s2-1s1__group.3965__X0111__Z53	384	2x2x2x2x2x2x2	96	96	0	1	explicit
x__4-1ps1c1__group.4404__C__Z2	32	2x2x2x2x2x2x2x2	60	60	0	1	explicit
x__3s2-2s1__group.4218__X001__Z21	288	2x6	8	8	0	1	explicit
x__4-1s2-2__group.5668__X001__Z6	48	2x2x2	8	8	0	1	explicit
x__4-1s2-2__group.5668__X001__Z4	48	2x2	4	4	0	1	explicit
x__3s2-1s1__group.3965__X0111__Z70	384	2x2x2x2x2x2x2x2x2x2	432	432	0	1	explicit
x__3s2-1s1__group.3965__X0111__Z35	384	2x2x2x2x2x2x2	72	72	0	1	explicit
x__3s2-1s1__group.3965__X0111__Z9	384	2x2x2x2x2x2x2	72	72	0	1	explicit
x__2-2s2-2s1s1__group.2932__X11001__Z2	288	2x2x2x2x2x2x2	96	96	0	1	explicit
x__3s2-2s1__group.4218__X001__Z6	288	2x2x2x2x2x2x2	72	72	0	1	explicit
x__2-2s2-2s2-1__group.3438__X01001__Z4	576	2x2x2x2	16	16	0	1	explicit
x__3s2-1s1__group.3965__X0111__Z15	384	2x2x2x2x2x2x2x2x2x2	432	432	0	1	explicit
x__3s2-1s1__group.3965__X0111__Z91	384	2x2x2	8	8	0	1	explicit
x__3s2-1s1__group.3965__X0111__Z13	384	2x2x2x2x2x2	64	64	0	1	explicit
x__4-1ps1c1__group.4404__C__Z7	32	2x2x2x2x2	24	24	0	1	explicit
x__3s2-2s1__group.4218__X001__Z19	288	2x2x2x6	32	32	0	1	explicit
x__4-1s2-2__group.5668__X001__Z8	48	2x2x2	8	8	0	1	explicit
x__4-1s2-2__group.5668__X001__Z10	48	2x2x2	8	8	0	1	explicit
x__3s2-1s1__group.3965__X0111__Z50	384	2x2x2x2x2x2x2	54	54	0	1	explicit
x__3s2-1s1__group.3965__X0111__Z84	384	2x2x2x2x2x2x2	96	96	0	1	explicit
x__2-2s2-2s1s1__group.2932__X11001__Z3	288	2x2x2	8	8	0	1	explicit
x__3s2-1s1__group.3965__X0111__Z63	384	2x2x2x2x2x2x2	72	72	0	1	explicit
x__3s2-2s1__group.4218__X001__Z1	288	2x2x2x2x2	20	20	0	1	explicit
x__4-1ps1c1__group.4404__C__Z1	32	2x2x2x2x2x2x2x2x2x2	240	240	0	1	explicit
x__3s2-1s1__group.3965__X0111__Z12	384	2x2x2x2x2x2	64	64	0	1	explicit
x__3s2-1s1__group.3965__X0111__Z14	384	2x2x2x2x2x2x2	96	96	0	1	explicit
x__3s2-1s1__group.3965__X0111__Z65	384	2x2x2x2x2x2x2x2x2x2	432	432	0	1	explicit
x__2-2s2-2s2-1__group.3438__X01001__Z5	576	2x2x2x2x2x2x2x2	256	256	0	1	explicit
x__4-1s2-2__group.5668__X001__Z9	48	2x2x2	8	8	0	1	explicit
x__3s2-2s1__group.4218__X001__Z10	288	2x2x2x2	12	12	0	1	explicit
x__4-1s2-2__group.5668__X001__Z17	48	2x2x2	8	8	0	1	explicit
x__3s2-2s1__group.4218__X001__Z8	288	2x2x2x2	12	12	0	1	explicit
x__3s2-1s1__group.3965__X0111__Z46	384	2x2x2x2x2x2x2x2x2	288	288	0	1	explicit
x__4-1ps1c1__group.4404__C__Z6	32	2x2x2x2x2x2x2	72	72	0	1	explicit
x__3s2-2s1__group.4218__X001__Z24	288	2x2x2x6	32	32	0	1	explicit
x__2-2s2-2s1s1__group.2932__X11001__Z4	288	2x2x2x2x2x2x2	30	30	0	1	explicit
x__3s2-1s1__group.3965__X0111__Z64	384	2x2x2x2x2x2	48	48	0	1	explicit
x__3s2-1s1__group.3965__X0111__Z62	384	2x2x2x2x2x2	32	32	0	1	explicit
x__3s2-2s1__group.4218__X001__Z17	288	2x2x2x2	16	16	0	1	explicit
x__4-1s2-2__group.5668__X001__Z7	48	2x2x2	8	8	0	1	explicit
x__2-2s2-2s2-1__group.3438__X01001__Z2	576	2x2x2x2	16	16	0	1	explicit
x__4-1s2-2__group.5668__X001__Z19	48	2x2x2	8	8	0	1	explicit
x__3s2-2s1__group.4218__X001__Z22	288	2x2x2x6	24	24	0	1	explicit
x__2-1s2-1s1s1__group.1316__C__Z163	256	2x2x2x2x2x2x2x2x2x2	1024	1024	0	1	explicit
x__2-1s2-1s1s1__group.1316__C__Z106	256	2x2x2x2x2x2x2x2x2x2x2x2x2x2x2x2x2x2x2x2x2x2x2x2x2	16842752	16842752	0	1	burnside
x__3s2-1s1__group.3965__X0111__Z79	384	2x2x2x2	12	12	0	1	explicit
x__3s2-2s1__group.4218__X001__Z4	288	2	2	2	0	1	explicit
x__2-2s2-2s2-1__group.3438__X01001__Z7	576	2x2x2x2x2x2x2x2	256	256	0	1	explicit
x__3s2-1s1__group.3965__X0111__Z90	384	2x2x2x2x2x2x2x2x2x2	408	408	0	1	explicit
x__4-1s2-2__group.5668__X001__Z14	48	2x2	4	4	0	1	explicit
x__3s2-2s1__group.4218__X001__Z16	288	2x2x2x2x2x2x2	80	80	0	1	explicit
x__3s2-1s1__group.3965__X0111__Z36	384	2x2x2x2x2x2	36	36	0	1	explicit
x__4-2s1c1__group.5921__T__Z6	144	2x2x4x4	17	17	0	1	explicit
x__2-2s2-2s2-2__group.3600__X001__Z1	216	2x6	8	8	0	1	explicit
x__3s2-2s1__group.4218__X001__Z14	288	6	4	4	0	1	explicit
x__4-1s2-2__group.5668__X001__Z18	48	2x2x2	8	8	0	1	explicit
x__3s2-2s1__group.4218__X001__Z3	288	2x2	4	4	0	1	explicit
x__3s2-1s1__group.3965__X0111__Z41	384	2x2x2x2x2x2	48	48	0	1	explicit
x__3s2-1s1__group.3965__X0111__Z52	384	2x2x2x2x2x2x2	128	128	0	1	explicit
x__2-2s2-2s2-1__group.3438__X01001__Z1	576	2x2x2x2x2x2x2x2	256	256	0	1	explicit
x__4-2s1c1__group.5921__T__Z1	144	2x2x2x2x2x4x4	44	44	0	1	explicit
x__3s2-1s1__group.3965__X0111__Z31	384	2x2x2x2x2x2	64	64	0	1	explicit
x__3s2-2s1__group.4218__X001__Z11	288	2x2x2x2x6	40	40	0	1	explicit
x__2-2s2-2s2-2__group.3600__X001__Z3	216	2x6	8	8	0	1	explicit
x__2-1s2-1s1s1__group.1316__C__Z34	256	2x2x2x2x2x2x2x2x2x2x2x2x2x2	8704	8704	0	1	explicit
x__2-1s2-1s1s1__group.1316__C__Z93	256	2x2x2x2x2x2x2x2x2x2x2x2x2	4224	4224	0	1	explicit
x__4-1s2-2__group.5668__X001__Z13	48	2x2	4	4	0	1	explicit
x__3s2-2s1__group.4218__X001__Z13	288	2x6	8	8	0	1	explicit
x__4-1s2-2__group.5668__X001__Z20	48	2x2x2	8	8	0	1	explicit
x__3s2-2s1__group.4218__X001__Z2	288	2x2x2x2	16	16	0	1	explicit
x__3s2-1s1__group.3965__X0111__Z55	384	2x2x2x2x2x2x2	48	48	0	1	explicit
x__3s2-2s1__group.4218__X001__Z18	288	2x2x2x2x2x2x6	144	144	0	1	explicit
x__2-2s2-2s2-2__group.3600__X001__Z4	216	2x6	8	8	0	1	explicit
x__4-1s2-2__group.5668__X001__Z12	48	2x2	4	4	0	1	explicit
x__4-2s1c1__group.5921__T__Z2	144	2x2x4x4	14	14	0	1	explicit
x__4-1s2-2__group.5668__X001__Z16	48	2x2x2	8	8	0	1	explicit
x__3s2-2s1__group.4218__X001__Z12	288	2x2x2x6	32	32	0	1	explicit
x__3s2-2s1__group.4218__X001__Z5	288	2x2x2x2	10	10	0	1	explicit
x__2-1s2-1s1s1__group.1316__C__Z61	256	2x2x2x2x2x2x2x2x2x2x2x2x2	8192	8192	0	1	explicit
x__2-1s2-1s1s1__group.1316__C__Z67	256	2x2x2x2x2x2x2x2x2	512	512	0	1	explicit
x__2-1s2-1s1s1__group.1316__C__Z164	256	2x2x2x2x2x2x2x2x2x2x2x2x2x2	16384	16384	0	1	explicit
x__2-1s2-1s1s1__group.1316__C__Z100	256	2x2x2x2x2x2x2x2x2x2x2x2x2	5120	5120	0	1	explicit
x__3s2-2s1__group.4218__X001__Z20	288	2x2x2x6	24	24	0	1	explicit
x__2-1s2-1s1s1__group.1316__C__Z35	256	2x2x2x2x2x2x2x2x2x2x2x2x2x2	10240	10240	0	1	explicit
x__4-1s2-2__group.5668__X001__Z15	48	2x2x2	8	8	0	1	explicit
x__4-2s1c1__group.5921__T__Z5	144	2x2x2x2x2x4x4	64	64	0	1	explicit
x__2-2s2-2s2-2__group.3600__X001__Z5	216	2x6	8	8	0	1	explicit
x__3s2-2s1__group.4218__X001__Z15	288	2x2x2x6	20	20	0	1	explicit
x__2-1s2-1s1s1__group.1316__C__Z10	256	2x2x2x2x2x2x2x2x2x2x2x2x2x2x2x2x2x2x2x2	528384	528384	0	1	burnside
x__4-1s2-2__group.5668__X001__Z11	48	2x2x2x2x2x2	64	64	0	1	explicit
x__2-1s2-1s1s1__group.1316__C__Z136	256	2x2x2x2x2x2x2x2x2	512	512	0	1	explicit
x__2-1s2-1s1s1__group.1316__C__Z130	256	2x2x2x2x2x2x2x2x2x2x2x2x2x2x2x2x2x2x2	524288	524288	0	1	burnside
x__2-1s2-1s1s1__group.1316__C__Z190	256	2x2x2x2x2x2x2x2x2x2x2x2x2	8192	8192	0	1	explicit
x__3s2-2s1__group.4218__X001__Z9	288	2x2	4	4	0	1	explicit
x__4-1s2-2__group.5668__X001__Z5	48	2x2x2	8	8	0	1	explicit
x__2-1s2-1s1s1__group.1316__C__Z56	256	2x2x2x2x2x2x2x2x2x2x2x2x2x2	16384	16384	0	1	explicit
x__2-1s2-1s1s1__group.1316__C__Z68	256	2x2x2x2x2x2x2x2x2	384	384	0	1	explicit
x__4-2s1c1__group.5921__T__Z4	144	2x2x4x4	14	14	0	1	explicit
x__3s2-2s1__group.4218__X001__Z23	288	2x2x2x2x2x2x6	160	160	0	1	explicit
x__2-1s2-1s1s1__group.1316__C__Z178	256	2x2x2x2x2x2x2x2	192	192	0	1	explicit
x__2-1s2-1s1s1__group.1316__C__Z201	256	2x2x2x2x2x2x2x2x2x2x2x2x2x2	8320	8320	0	1	explicit
x__2-1s2-1s1s1__group.1316__C__Z114	256	2x2x2x2x2x2x2x2x2x2x2	1280	1280	0	1	explicit
x__2-1s2-1s1s1__group.1316__C__Z66	256	2x2x2x2x2x2x2x2x2	512	512	0	1	explicit
x__2-1s2-1s1s1__group.1316__C__Z182	256	2x2x2x2x2x2x2x2x2	320	320	0	1	explicit
x__2-1s2-1s1s1__group.1316__C__Z58	256	2x2x2x2x2x2x2x2x2x2	1024	1024	0	1	explicit
x__2-1s2-1s1s1__group.1316__C__Z69	256	2x2x2x2x2x2x2x2x2x2x2x2x2	8192	8192	0	1	explicit
x__2-1s2-1s1s1__group.1316__C__Z33	256	2x2x2x2x2x2x2x2x2x2x2x2x2x2x2x2x2x2x2	266240	266240	0	1	burnside
x__2-1s2-1s1s1__group.1316__C__Z89	256	2x2x2x2x2x2x2x2x2x2x2x2x2	8192	8192	0	1	explicit
x__2-1s2-1s1s1__group.1316__C__Z154	256	2x2x2x2x2x2x2x2x2x2x2x2x2x2x2x2x2x2x2	264192	264192	0	1	burnside
x__2-1s2-1s1s1__group.1316__C__Z18	256	2x2x2x2x2x2x2x2x2x2x2x2	4096	4096	0	1	explicit
x__2-1s2-1s1s1__group.1316__C__Z169	256	2x2x2x2x2x2x2x2x2x2	1024	1024	0	1	explicit
x__2-1s2-1s1s1__group.1316__C__Z147	256	2x2x2x2x2x2x2x2x2x2x2x2x2	5120	5120	0	1	explicit
x__2-1s2-1s1s1__group.1316__C__Z74	256	2x2x2x2x2x2x2x2x2	512	512	0	1	explicit
x__2-1s2-1s1s1__group.1316__C__Z206	256	2x2x2x2x2x2x2x2x2x2x2x2x2	8192	8192	0	1	explicit
x__2-1s2-1s1s1__group.1316__C__Z7	256	2x2x2x2x2x2x2x2x2x2x2x2x2x2x2	32768	32768	0	1	explicit
x__2-1s2-1s1s1__group.1316__C__Z60	256	2x2x2x2x2x2x2x2x2x2	1024	1024	0	1	explicit
x__2-1s2-1s1s1__group.1316__C__Z122	256	2x2x2x2x2x2x2x2x2x2x2x2x2x2x2	32768	32768	0	1	explicit
x__2-1s2-1s1s1__group.1316__C__Z152	256	2x2x2x2x2x2x2x2	192	192	0	1	explicit
x__2-1s2-1s1s1__group.1316__C__Z92	256	2x2x2x2x2x2x2x2x2x2x2x2x2x2	8448	8448	0	1	explicit
x__2-1s2-1s1s1__group.1316__C__Z101	256	2x2x2x2x2x2x2x2x2x2x2x2x2	8192	8192	0	1	explicit
x__2-1s2-1s1s1__group.1316__C__Z42	256	2x2x2x2x2x2x2x2x2x2x2x2x2	5120	5120	0	1	explicit
x__2-1s2-1s1s1__group.1316__C__Z153	256	2x2x2x2x2x2x2x2x2	512	512	0	1	explicit
x__2-1s2-1s1s1__group.1316__C__Z184	256	2x2x2x2x2x2x2x2x2x2x2x2x2x2x2x2x2x2x2	264192	264192	0	1	burnside
x__2-1s2-1s1s1__group.1316__C__Z151	256	2x2x2x2x2x2x2x2x2x2	640	640	0	1	explicit
x__2-1s2-1s1s1__group.1316__C__Z26	256	2x2x2x2x2x2x2x2x2x2x2x2x2x2x2	32768	32768	0	1	explicit
x__2-1s2-1s1s1__group.1316__C__Z80	256	2x2x2x2x2x2x2x2x2x2x2x2x2x2	8448	8448	0	1	explicit
x__2-1s2-1s1s1__group.1316__C__Z208	256	2x2x2x2x2x2x2x2x2x2x2x2x2x2	16384	16384	0	1	explicit
x__2-1s2-1s1s1__group.1316__C__Z88	256	2x2x2x2x2x2x2x2x2x2x2x2x2	8192	8192	0	1	explicit
x__2-1s2-1s1s1__group.1316__C__Z108	256	2x2x2x2x2x2x2x2x2x2x2x2x2x2x2x2x2x2x2	294912	294912	0	1	burnside
x__2-1s2-1s1s1__group.1316__C__Z199	256	2x2x2x2x2x2x2x2x2x2x2x2x2x2	8448	8448	0	1	explicit
x__2-1s2-1s1s1__group.1316__C__Z81	256	2x2x2x2x2x2x2x2x2x2x2x2x2x2	8320	8320	0	1	explicit
x__2-1s2-1s1s1__group.1316__C__Z139	256	2x2x2x2x2x2x2x2x2x2x2x2x2x2	8704	8704	0	1	explicit
x__2-1s2-1s1s1__group.1316__C__Z198	256	2x2x2x2x2x2x2x2x2x2x2x2x2	4224	4224	0	1	explicit
x__2-1s2-1s1s1__group.1316__C__Z112	256	2x2x2x2x2x2x2x2x2x2x2x2x2x2x2	32768	32768	0	1	explicit
x__2-1s2-1s1s1__group.1316__C__Z179	256	2x2x2x2x2x2x2x2x2	512	512	0	1	explicit
x__2-1s2-1s1s1__group.1316__C__Z59	256	2x2x2x2x2x2x2x2x2x2x2x2x2x2	16384	16384	0	1	explicit
x__2-1s2-1s1s1__group.1316__C__Z39	256	2x2x2x2x2x2x2x2x2x2	768	768	0	1	explicit
x__2-1s2-1s1s1__group.1316__C__Z167	256	2x2x2x2x2x2x2x2x2x2x2x2x2x2	16384	16384	0	1	explicit
x__2-1s2-1s1s1__group.1316__C__Z19	256	2x2x2x2x2x2x2x2x2x2x2	1280	1280	0	1	explicit
x__2-1s2-1s1s1__group.1316__C__Z209	256	2x2x2x2x2x2x2x2x2x2x2x2x2	8192	8192	0	1	explicit
x__2-1s2-1s1s1__group.1316__C__Z43	256	2x2x2x2x2x2x2x2x2x2x2x2x2x2	16384	16384	0	1	explicit
x__2-1s2-1s1s1__group.1316__C__Z94	256	2x2x2x2x2x2x2x2x2x2x2x2x2x2	8448	8448	0	1	explicit
x__2-1s2-1s1s1__group.1316__C__Z155	256	2x2x2x2x2x2x2x2x2x2x2x2x2x2x2	32768	32768	0	1	explicit
x__2-1s2-1s1s1__group.1316__C__Z11	256	2x2x2x2x2x2x2x2x2x2x2x2x2x2x2x2x2x2x2x2	1048576	1048576	0	1	burnside
x__2-1s2-1s1s1__group.1316__C__Z75	256	2x2x2x2x2x2x2x2	256	256	0	1	explicit
x__2-1s2-1s1s1__group.1316__C__Z1	256	2x2x2x2x2x2x2x2x2x2x2x2x2x2x2x2x2x2x2x2x2x2x2x2x2	16842752	16842752	0	1	burnside
x__2-1s2-1s1s1__group.1316__C__Z191	256	2x2x2x2x2x2x2x2x2x2x2x2x2x2	16384	16384	0	1	explicit
x__2-1s2-1s1s1__group.1316__C__Z51	256	2x2x2x2x2x2x2x2x2x2x2x2x2x2	16384	16384	0	1	explicit
x__2-1s2-1s1s1__group.1316__C__Z52	256	2x2x2x2x2x2x2x2x2x2	640	640	0	1	explicit
x__2-1s2-1s1s1__group.1316__C__Z131	256	2x2x2x2x2x2x2x2x2x2x2x2x2x2x2	32768	32768	0	1	explicit
x__2-1s2-1s1s1__group.1316__C__Z193	256	2x2x2x2x2x2x2x2x2x2x2x2x2	8192	8192	0	1	explicit
x__2-1s2-1s1s1__group.1316__C__Z185	256	2x2x2x2x2x2x2x2x2x2x2x2x2x2	8448	8448	0	1	explicit
x__2-1s2-1s1s1__group.1316__C__Z20	256	2x2x2x2x2x2x2x2x2	320	320	0	1	explicit
x__2-1s2-1s1s1__group.1316__C__Z207	256	2x2x2x2x2x2x2x2x2x2x2x2x2	8192	8192	0	1	explicit
x__2-1s2-1s1s1__group.1316__C__Z146	256	2x2x2x2x2x2x2x2x2x2	640	640	0	1	explicit
x__2-1s2-1s1s1__group.1316__C__Z125	256	2x2x2x2x2x2x2x2x2	320	320	0	1	explicit
x__2-1s2-1s1s1__group.1316__C__Z137	256	2x2x2x2x2x2x2x2x2x2x2x2x2x2	10240	10240	0	1	explicit
x__2-1s2-1s1s1__group.1316__C__Z165	256	2x2x2x2x2x2x2x2x2x2	1024	1024	0	1	explicit
x__2-1s2-1s1s1__group.1316__C__Z99	256	2x2x2x2x2x2x2x2x2x2x2x2x2	4224	4224	0	1	explicit
x__2-1s2-1s1s1__group.1316__C__Z45	256	2x2x2x2x2x2x2x2x2x2x2x2x2x2	16384	16384	0	1	explicit
x__2-1s2-1s1s1__group.1316__C__Z158	256	2x2x2x2x2x2x2x2x2	320	320	0	1	explicit
x__2-1s2-1s1s1__group.1316__C__Z171	256	2x2x2x2x2x2x2x2x2	512	512	0	1	explicit
x__2-1s2-1s1s1__group.1316__C__Z109	256	2x2x2x2x2x2x2x2x2x2x2x2x2x2x2	18432	18432	0	1	explicit
x__2-1s2-1s1s1__group.1316__C__Z134	256	2x2x2x2x2x2x2x2x2x2x2x2x2x2	16384	16384	0	1	explicit
x__2-1s2-1s1s1__group.1316__C__Z200	256	2x2x2x2x2x2x2x2x2x2x2x2x2x2x2x2x2x2x2	264192	264192	0	1	burnside
x__2-1s2-1s1s1__group.1316__C__Z50	256	2x2x2x2x2x2x2x2x2x2x2x2x2x2x2	32768	32768	0	1	explicit
x__2-1s2-1s1s1__group.1316__C__Z148	256	2x2x2x2x2x2x2x2x2x2x2x2x2x2	16384	16384	0	1	explicit
x__2-1s2-1s1s1__group.1316__C__Z197	256	2x2x2x2x2x2x2x2x2x2x2x2x2x2	8448	8448	0	1	explicit
x__2-1s2-1s1s1__group.1316__C__Z72	256	2x2x2x2x2x2x2x2	192	192	0	1	explicit
x__2-1s2-1s1s1__group.1316__C__Z32	256	2x2x2x2x2x2x2x2x2x2x2x2x2x2	10240	10240	0	1	explicit
x__2-1s2-1s1s1__group.1316__C__Z30	256	2x2x2x2x2x2x2x2x2x2	1024	1024	0	1	explicit
x__2-1s2-1s1s1__group.1316__C__Z124	256	2x2x2x2x2x2x2x2x2x2x2	1280	1280	0	1	explicit
x__2-1s2-1s1s1__group.1316__C__Z105	256	2x2x2x2x2x2x2x2x2x2x2x2x2x2x2x2x2x2x2	264192	264192	0	1	burnside
x__2-1s2-1s1s1__group.1316__C__Z95	256	2x2x2x2x2x2x2x2x2x2x2x2x2x2x2x2x2x2x2	264192	264192	0	1	burnside
x__2-1s2-1s1s1__group.1316__C__Z149	256	2x2x2x2x2x2x2x2x2x2x2x2x2	5120	5120	0	1	explicit
x__2-1s2-1s1s1__group.1316__C__Z90	256	2x2x2x2x2x2x2x2x2x2x2x2x2	8192	8192	0	1	explicit
x__2-1s2-1s1s1__group.1316__C__Z138	256	2x2x2x2x2x2x2x2x2x2x2x2x2x2x2x2x2x2x2	266240	266240	0	1	burnside
x__2-1s2-1s1s1__group.1316__C__Z183	256	2x2x2x2x2x2x2x2x2x2x2x2x2x2x2x2x2x2x2	264192	264192	0	1	burnside
x__2-1s2-1s1s1__group.1316__C__Z16	256	2x2x2x2x2x2x2x2x2x2x2x2x2x2x2x2	33280	33280	0	1	explicit
x__2-1s2-1s1s1__group.1316__C__Z17	256	2x2x2x2x2x2x2x2x2x2x2x2x2x2x2	32768	32768	0	1	explicit
x__2-1s2-1s1s1__group.1316__C__Z86	256	2x2x2x2x2x2x2x2x2x2x2x2x2x2	16384	16384	0	1	explicit
x__2-1s2-1s1s1__group.1316__C__Z162	256	2x2x2x2x2x2x2x2x2x2x2x2x2x2	16384	16384	0	1	explicit
x__2-1s2-1s1s1__group.1316__C__Z87	256	2x2x2x2x2x2x2x2x2x2x2x2x2	8192	8192	0	1	explicit
x__2-1s2-1s1s1__group.1316__C__Z55	256	2x2x2x2x2x2x2x2x2x2x2x2x2x2x2x2x2x2x2	524288	524288	0	1	burnside
x__2-1s2-1s1s1__group.1316__C__Z36	256	2x2x2x2x2x2x2x2x2x2x2x2x2x2x2x2x2x2x2	266240	266240	0	1	burnside
x__2-1s2-1s1s1__group.1316__C__Z107	256	2x2x2x2x2x2x2x2x2x2x2x2x2x2x2x2x2x2x2x2	1048576	1048576	0	1	burnside
x__2-1s2-1s1s1__group.1316__C__Z135	256	2x2x2x2x2x2x2x2x2x2	1024	1024	0	1	explicit
x__2-1s2-1s1s1__group.1316__C__Z21	256	2x2x2x2x2x2x2x2x2x2x2x2x2x2x2x2x2x2x2	266240	266240	0	1	burnside
x__2-1s2-1s1s1__group.1316__C__Z194	256	2x2x2x2x2x2x2x2x2x2x2x2x2	8192	8192	0	1	explicit
x__2-1s2-1s1s1__group.1316__C__Z177	256	2x2x2x2x2x2x2x2	192	192	0	1	explicit
x__2-1s2-1s1s1__group.1316__C__Z64	256	2x2x2x2x2x2x2x2x2x2	1024	1024	0	1	explicit
x__2-1s2-1s1s1__group.1316__C__Z29	256	2x2x2x2x2x2x2x2x2x2x2x2x2x2	16384	16384	0	1	explicit
x__2-1s2-1s1s1__group.1316__C__Z9	256	2x2x2x2x2x2x2x2x2x2x2	1280	1280	0	1	explicit
x__2-1s2-1s1s1__group.1316__C__Z140	256	2x2x2x2x2x2x2x2x2x2x2x2x2x2	10240	10240	0	1	explicit
x__2-1s2-1s1s1__group.1316__C__Z196	256	2x2x2x2x2x2x2x2x2x2x2x2x2	5120	5120	0	1	explicit
x__2-1s2-1s1s1__group.1316__C__Z102	256	2x2x2x2x2x2x2x2x2x2x2x2x2	8192	8192	0	1	explicit
x__2-1s2-1s1s1__group.1316__C__Z160	256	2x2x2x2x2x2x2x2x2x2x2x2x2x2x2x2x2x2x2	524288	524288	0	1	burnside
x__2-1s2-1s1s1__group.1316__C__Z192	256	2x2x2x2x2x2x2x2x2x2x2x2x2	8192	8192	0	1	explicit
x__2-1s2-1s1s1__group.1316__C__Z176	256	2x2x2x2x2x2x2x2x2x2x2x2x2	5120	5120	0	1	explicit
x__2-1s2-1s1s1__group.1316__C__Z54	256	2x2x2x2x2x2x2x2x2x2x2x2x2x2	16384	16384	0	1	explicit
x__2-1s2-1s1s1__group.1316__C__Z57	256	2x2x2x2x2x2x2x2x2x2x2x2x2x2	16384	16384	0	1	explicit
x__2-1s2-1s1s1__group.1316__C__Z27	256	2x2x2x2x2x2x2x2x2x2x2x2x2x2	16384	16384	0	1	explicit
x__2-1s2-1s1s1__group.1316__C__Z8	256	2x2x2x2x2x2x2x2x2x2x2x2x2x2	10240	10240	0	1	explicit
x__2-1s2-1s1s1__group.1316__C__Z133	256	2x2x2x2x2x2x2x2x2x2x2x2x2x2x2	32768	32768	0	1	explicit
x__2-1s2-1s1s1__group.1316__C__Z141	256	2x2x2x2x2x2x2x2x2x2x2x2x2x2x2x2x2x2x2	266240	266240	0	1	burnside
x__2-1s2-1s1s1__group.1316__C__Z113	256	2x2x2x2x2x2x2x2x2x2x2x2x2x2	10240	10240	0	1	explicit
x__2-1s2-1s1s1__group.1316__C__Z166	256	2x2x2x2x2x2x2x2x2x2x2x2x2	8192	8192	0	1	explicit
x__2-1s2-1s1s1__group.1316__C__Z63	256	2x2x2x2x2x2x2x2x2x2x2x2x2x2	16384	16384	0	1	explicit
x__2-1s2-1s1s1__group.1316__C__Z37	256	2x2x2x2x2x2x2x2x2x2x2x2x2x2	8704	8704	0	1	explicit
x__2-1s2-1s1s1__group.1316__C__Z103	256	2x2x2x2x2x2x2x2x2x2x2x2x2x2	16384	16384	0	1	explicit
x__2-1s2-1s1s1__group.1316__C__Z73	256	2x2x2x2x2x2x2x2	192	192	0	1	explicit
x__2-1s2-1s1s1__group.1316__C__Z204	256	2x2x2x2x2x2x2x2x2x2x2x2x2	4224	4224	0	1	explicit
x__2-1s2-1s1s1__group.1316__C__Z170	256	2x2x2x2x2x2x2x2	256	256	0	1	explicit
x__2-1s2-1s1s1__group.1316__C__Z28	256	2x2x2x2x2x2x2x2x2x2x2x2x2x2x2	32768	32768	0	1	explicit
x__2-1s2-1s1s1__group.1316__C__Z14	256	2x2x2x2x2x2x2x2x2x2x2x2	2304	2304	0	1	explicit
x__2-1s2-1s1s1__group.1316__C__Z6	256	2x2x2x2x2x2x2x2x2x2x2x2x2x2x2x2x2x2x2	524288	524288	0	1	burnside
x__2-1s2-1s1s1__group.1316__C__Z117	256	2x2x2x2x2x2x2x2x2x2x2x2x2x2x2x2	65536	65536	0	1	explicit
x__2-1s2-1s1s1__group.1316__C__Z38	256	2x2x2x2x2x2x2x2x2x2x2x2x2x2	10240	10240	0	1	explicit
x__2-1s2-1s1s1__group.1316__C__Z44	256	2x2x2x2x2x2x2x2x2x2x2x2x2	5120	5120	0	1	explicit
x__2-1s2-1s1s1__group.1316__C__Z31	256	2x2x2x2x2x2x2x2x2	512	512	0	1	explicit
x__2-1s2-1s1s1__group.1316__C__Z53	256	2x2x2x2x2x2x2x2x2	320	320	0	1	explicit
x__2-1s2-1s1s1__group.1316__C__Z123	256	2x2x2x2x2x2x2x2x2x2x2x2	4096	4096	0	1	explicit
x__2-1s2-1s1s1__group.1316__C__Z97	256	2x2x2x2x2x2x2x2x2x2x2x2x2	4224	4224	0	1	explicit
x__2-1s2-1s1s1__group.1316__C__Z156	256	2x2x2x2x2x2x2x2x2x2x2x2x2x2	16384	16384	0	1	explicit
x__2-1s2-1s1s1__group.1316__C__Z126	256	2x2x2x2x2x2x2x2x2x2x2x2x2x2x2x2x2x2x2	266240	266240	0	1	burnside
x__2-1s2-1s1s1__group.1316__C__Z127	256	2x2x2x2x2x2x2x2x2x2x2x2x2x2x2x2x2x2x2	524288	524288	0	1	burnside
x__2-1s2-1s1s1__group.1316__C__Z115	256	2x2x2x2x2x2x2x2x2x2x2x2x2x2x2x2x2x2x2x2	528384	528384	0	1	burnside
x__2-1s2-1s1s1__group.1316__C__Z143	256	2x2x2x2x2x2x2x2x2x2x2x2x2x2	10240	10240	0	1	explicit
x__2-1s2-1s1s1__group.1316__C__Z128	256	2x2x2x2x2x2x2x2x2x2x2x2x2x2	16384	16384	0	1	explicit
x__2-1s2-1s1s1__group.1316__C__Z79	256	2x2x2x2x2x2x2x2x2x2x2x2x2x2x2x2x2x2x2	264192	264192	0	1	burnside
x__2-1s2-1s1s1__group.1316__C__Z150	256	2x2x2x2x2x2x2x2x2x2x2x2x2x2	16384	16384	0	1	explicit
x__2-2s2-1s2-1__group.2699__X1001__Z2	96	2x2x2x2x2x2	64	64	0	1	explicit
x__2-1s2-1s1s1__group.1316__C__Z159	256	2x2x2x2x2x2x2x2x2x2x2x2x2x2	16384	16384	0	1	explicit
x__2-1s2-1s1s1__group.1316__C__Z189	256	2x2x2x2x2x2x2x2x2x2x2x2x2x2	16384	16384	0	1	explicit
x__2-2s2-1s2-1__group.2699__X1001__Z14	96	2x2x2x2x2	24	24	0	1	explicit
x__2-2s2-1s2-1__group.2699__X1001__Z18	96	2x2x2x2x2x2	64	64	0	1	explicit
x__2-1s2-1s1s1__group.1316__C__Z98	256	2x2x2x2x2x2x2x2x2x2x2x2x2x2	8320	8320	0	1	explicit
x__2-1s2-1s1s1__group.1316__C__Z71	256	2x2x2x2x2x2x2x2x2x2x2x2x2	5120	5120	0	1	explicit
x__2-2s2-1s2-1__group.2699__X1001__Z21	96	2x2x2x2x2x2	40	40	0	1	explicit
x__2-1s2-1s1s1__group.1316__C__Z22	256	2x2x2x2x2x2x2x2x2x2x2x2x2x2x2x2x2x2x2	524288	524288	0	1	burnside
x__2-1s2-1s1s1__group.1316__C__Z84	256	2x2x2x2x2x2x2x2x2x2x2x2x2x2	16384	16384	0	1	explicit
x__2-1s2-1s1s1__group.1316__C__Z46	256	2x2x2x2x2x2x2x2x2x2	640	640	0	1	explicit
x__2-1s2-1s1s1__group.1316__C__Z157	256	2x2x2x2x2x2x2x2x2x2	640	640	0	1	explicit
x__2-2s2-1s2-1__group.2699__X1001__Z3	96	2x2x2x2x2x2x2x2x2	512	512	0	1	explicit
x__2-2s2-1s2-1__group.2699__X1001__Z22	96	2x2x2x2x2	32	32	0	1	explicit
x__2-1s2-1s1s1__group.1316__C__Z40	256	2x2x2x2x2x2x2x2x2x2x2x2x2x2	8704	8704	0	1	explicit
x__2-2s2-1s2-1__group.2699__X1001__Z27	96	2x2x2x2x2	32	32	0	1	explicit
x__2-1s2-1s1s1__group.1316__C__Z65	256	2x2x2x2x2x2x2x2	256	256	0	1	explicit
x__2-2c2-2s1c1__group.1636__X01__Z3	12	2x2x2	2	2	0	1	explicit
x__2-1s2-1s1s1__group.1316__C__Z15	256	2x2x2x2x2x2x2x2x2x2x2x2x2x2x2x2x2x2x2x2	528384	528384	0	1	burnside
x__2-2s2-1s2-1__group.2699__X1001__Z4	96	2x2x2x2x2x2	48	48	0	1	explicit
x__2-1s2-1s1s1__group.1316__C__Z85	256	2x2x2x2x2x2x2x2x2x2x2x2x2	8192	8192	0	1	explicit
x__2-1s2-1s1s1__group.1316__C__Z175	256	2x2x2x2x2x2x2x2	256	256	0	1	explicit
x__2-2s2-1s2-1__group.2699__X1001__Z25	96	2x2x2	8	8	0	1	explicit
x__2-1s2-1s1s1__group.1316__C__Z116	256	2x2x2x2x2x2x2x2x2x2x2x2x2x2x2x2x2x2x2x2	1048576	1048576	0	1	burnside
x__2-2s2-1s2-1__group.2699__X1001__Z11	96	2x2x2x2x2	32	32	0	1	explicit
x__2-1s2-1s1s1__group.1316__C__Z104	256	2x2x2x2x2x2x2x2x2x2x2x2x2	8192	8192	0	1	explicit
x__2-2c2-2s1c1__group.1636__X01__Z4	12	2x2x2	2	2	0	1	explicit
x__2-1s2-1s1s1__group.1316__C__Z168	256	2x2x2x2x2x2x2x2x2x2x2x2x2x2	16384	16384	0	1	explicit
x__2-1s2-1s1s1__group.1316__C__Z118	256	2x2x2x2x2x2x2x2x2x2x2x2x2x2x2	18432	18432	0	1	explicit
x__2-1s2-1s1s1__group.1316__C__Z78	256	2x2x2x2x2x2x2x2x2x2x2x2x2x2x2x2x2x2x2	264192	264192	0	1	burnside
x__2-1s2-1s1s1__group.1316__C__Z91	256	2x2x2x2x2x2x2x2x2x2x2x2x2	5120	5120	0	1	explicit
x__2-2s2-1s2-1__group.2699__X1001__Z1	96	2x2x2x2x2x2x2x2x2	288	288	0	1	explicit
x__2-1s2-1s1s1__group.1316__C__Z142	256	2x2x2x2x2x2x2x2x2x2x2x2x2x2	8704	8704	0	1	explicit
x__2-2s2-1s2-1__group.2699__X1001__Z31	96	2x2x2	6	6	0	1	explicit
x__2-2s2-1s2-1__group.2699__X1001__Z29	96	2x2x2x2x2x2	64	64	0	1	explicit
x__2-1s2-1s1s1__group.1316__C__Z181	256	2x2x2x2x2x2x2x2	192	192	0	1	explicit
x__2-1s2-1s1s1__group.1316__C__Z119	256	2x2x2x2x2x2x2x2x2x2x2x2	2304	2304	0	1	explicit
x__2-1s2-1s1s1__group.1316__C__Z5	256	2x2x2x2x2x2x2x2x2x2x2x2x2x2x2x2x2x2x2x2	528384	528384	0	1	burnside
x__2-1s2-1s1s1__group.1316__C__Z210	256	2x2x2x2x2x2x2x2x2x2x2x2x2x2x2x2x2x2x2	264192	264192	0	1	burnside
x__2-1s2-1s1s1__group.1316__C__Z161	256	2x2x2x2x2x2x2x2x2x2x2x2x2x2	16384	16384	0	1	explicit
x__2-2s2-1s2-1__group.2699__X1001__Z6	96	2x2x2x2x2	32	32	0	1	explicit
x__2-1s2-1s1s1__group.1316__C__Z70	256	2x2x2x2x2x2x2x2	256	256	0	1	explicit
x__2-2c2-2s1c1__group.1636__X01__Z5	12	2x2x2	2	2	0	1	explicit
x__2-2s2-1s2-1__group.2699__X1001__Z16	96	2x2x2x2x2	20	20	0	1	explicit
x__2-1s2-1s1s1__group.1316__C__Z110	256	2x2x2x2x2x2x2x2x2x2x2x2x2x2x2x2x2x2x2x2	528384	528384	0	1	burnside
x__2-2s2-1s2-1__group.2699__X1001__Z30	96	2x2x2x2x2	24	24	0	1	explicit
x__2-1s2-1s1s1__group.1316__C__Z132	256	2x2x2x2x2x2x2x2x2x2x2x2x2x2	16384	16384	0	1	explicit
x__2-1s2-1s1s1__group.1316__C__Z25	256	2x2x2x2x2x2x2x2x2x2x2x2x2x2x2x2x2x2x2	524288	524288	0	1	burnside
x__2-1s2-1s1s1__group.1316__C__Z41	256	2x2x2x2x2x2x2x2x2x2	640	640	0	1	explicit
x__2-2s2-1s2-1__group.2699__X1001__Z8	96	2x2x2x2x2	32	32	0	1	explicit
x__2-1s2-1s1s1__group.1316__C__Z12	256	2x2x2x2x2x2x2x2x2x2x2x2x2x2x2x2	65536	65536	0	1	explicit
x__2-1s2-1s1s1__group.1316__C__Z205	256	2x2x2x2x2x2x2x2x2x2x2x2x2	5120	5120	0	1	explicit
x__2-1s2-1s1s1__group.1316__C__Z195	256	2x2x2x2x2x2x2x2x2x2x2x2x2	8192	8192	0	1	explicit
x__2-2s2-1s2-1__group.2699__X1001__Z28	96	2x2x2x2x2x2x2x2x2	272	272	0	1	explicit
x__2-2c2-2s1c1__group.1636__X01__Z2	12	2x2x2	2	2	0	1	explicit
x__2-2s2-1s2-1__group.2699__X1001__Z24	96	2x2x2x2x2	32	32	0	1	explicit
x__2-1s2-1s1s1__group.1316__C__Z24	256	2x2x2x2x2x2x2x2x2x2x2x2x2	8192	8192	0	1	explicit
x__2-1s2-1s1s1__group.1316__C__Z3	256	2x2x2x2x2x2x2x2x2x2x2x2x2x2x2x2x2x2x2	294912	294912	0	1	burnside
x__2-1s2-1s1s1__group.1316__C__Z121	256	2x2x2x2x2x2x2x2x2x2x2x2x2x2x2x2	33280	33280	0	1	explicit
x__2-2c2-2s1c1__group.1636__X01__Z1	12	2x2x2	2	2	0	1	explicit
x__2-2s2-1s2-1__group.2699__X1001__Z9	96	2x2x2	8	8	0	1	explicit
x__2-2s2-1s2-1__group.2699__X1001__Z17	96	2x2x2x2x2x2x2x2x2	288	288	0	1	explicit
x__2-1s2-1s1s1__group.1316__C__Z96	256	2x2x2x2x2x2x2x2x2x2x2x2x2x2	8320	8320	0	1	explicit
x__2-1s2-1s1s1__group.1316__C__Z129	256	2x2x2x2x2x2x2x2x2x2x2x2x2	8192	8192	0	1	explicit
x__2-1s2-1s1s1__group.1316__C__Z186	256	2x2x2x2x2x2x2x2x2x2x2x2x2x2	8320	8320	0	1	explicit
x__4-2s2-2__min.624__X01__Z2	72	2	2	2	0	1	explicit
x__2-2s2-1s2-1__group.2699__X1001__Z23	96	2x2x2	8	8	0	1	explicit
x__2-1s2-1s1s1__group.1316__C__Z202	256	2x2x2x2x2x2x2x2x2x2x2x2x2	4224	4224	0	1	explicit
x__2-1s2-1s1s1__group.1316__C__Z145	256	2x2x2x2x2x2x2x2x2x2x2x2x2x2	8704	8704	0	1	explicit
x__2-1s2-1s1s1__group.1316__C__Z173	256	2x2x2x2x2x2x2x2x2	384	384	0	1	explicit
x__2-1s2-1s1s1__group.1316__C__Z47	256	2x2x2x2x2x2x2x2	192	192	0	1	explicit
x__2-2s2-1s2-1__group.2699__X1001__Z7	96	2x2x2	8	8	0	1	explicit
x__2-2s2-1s2-1__group.2699__X1001__Z10	96	2x2x2x2x2	32	32	0	1	explicit
x__2-1s2-1s1s1__group.1316__C__Z49	256	2x2x2x2x2x2x2x2x2x2x2x2x2x2x2x2x2x2x2	264192	264192	0	1	burnside
x__4-2s2-2__min.624__X01__Z3	72	2	2	2	0	1	explicit
x__2-2s2-1s2-1__group.2699__X1001__Z15	96	2x2x2	6	6	0	1	explicit
x__2-1s2-1s1s1__group.1316__C__Z172	256	2x2x2x2x2x2x2x2x2	512	512	0	1	explicit
x__2-1s2-1s1s1__group.1316__C__Z48	256	2x2x2x2x2x2x2x2x2	512	512	0	1	explicit
x__2-2s2-2s2-1__group.3325__X0010__Z2	288	2x2x6	16	16	0	1	explicit
x__2-1s2-1s1s1__group.1316__C__Z62	256	2x2x2x2x2x2x2x2x2x2x2x2x2x2	16384	16384	0	1	explicit
x__2-2s2-1s2-1__group.2699__X1001__Z32	96	2x2x2x2x2	20	20	0	1	explicit
x__2-1s2-1s1s1__group.1316__C__Z203	256	2x2x2x2x2x2x2x2x2x2x2x2x2x2	8320	8320	0	1	explicit
x__2-2s2-1s2-1__group.2699__X1001__Z19	96	2x2x2x2x2x2x2x2x2	512	512	0	1	explicit
x__2-2s2-1s2-1__group.2699__X1001__Z12	96	2x2x2x2x2x2x2x2x2	272	272	0	1	explicit
x__2-1s2-1s1s1__group.1316__C__Z187	256	2x2x2x2x2x2x2x2x2x2x2x2x2x2x2x2x2x2x2	524288	524288	0	1	burnside
x__4-2s2-2__min.624__X01__Z4	72	2	2	2	0	1	explicit
x__2-1s2-1s1s1__group.1316__C__Z82	256	2x2x2x2x2x2x2x2x2x2x2x2x2x2x2x2x2x2x2	524288	524288	0	1	burnside
x__2-2s2-2s2-1__group.3325__X0010__Z4	288	2x2x6	16	16	0	1	explicit
x__2-1s2-1s1s1__group.1316__C__Z2	256	2x2x2x2x2x2x2x2x2x2x2x2x2x2x2x2x2x2x2x2	1048576	1048576	0	1	burnside
x__2-1s2-1s1s1__group.1316__C__Z13	256	2x2x2x2x2x2x2x2x2x2x2x2x2x2x2	18432	18432	0	1	explicit
x__2-1s2-1s1s1__group.1316__C__Z120	256	2x2x2x2x2x2x2x2x2x2x2x2x2x2x2x2x2x2x2x2	528384	528384	0	1	burnside
x__2-2s2-1s2-1__group.2699__X1001__Z13	96	2x2x2x2x2x2	64	64	0	1	explicit
x__2-2s2-1s2-1__group.2699__X1001__Z20	96	2x2x2x2x2x2	48	48	0	1	explicit
x__2-2c2-2s1c1__group.1636__X01__Z6	12	2x2x2	2	2	0	1	explicit
x__2-2s2-1s2-1__group.2699__X1001__Z26	96	2x2x2x2x2	32	32	0	1	explicit
x__2-2s2-1s1c1__group.1986__X101__Z6	48	2x2x2x6x12	64	64	0	1	explicit
x__2-2s2-1s1c1__group.1986__X101__Z11	48	2x2x2x2x6x12	120	120	0	1	explicit
x__4-1s2-2__group.5707__X0010__Z1	576	2x2x2	8	8	0	1	explicit
x__2-1s2-1s1s1__group.1316__C__Z23	256	2x2x2x2x2x2x2x2x2x2x2x2x2x2	16384	16384	0	1	explicit
x__2-2s2-2s2-1__group.3325__X0010__Z3	288	2x2x2x2x2x6	128	128	0	1	explicit
x__4-2s2-2__min.624__X01__Z1	72	2	2	2	0	1	explicit
x__2-1s2-1s1s1__group.1316__C__Z76	256	2x2x2x2x2x2x2x2	192	192	0	1	explicit
x__2-2s2-1s1c1__group.1986__X101__Z14	48	2x2x6x6	32	32	0	1	explicit
x__2-1s2-1s1s1__group.1316__C__Z144	256	2x2x2x2x2x2x2x2x2x2	768	768	0	1	explicit
x__4-1s2-2__group.5587__C__Z9	768	2x2x2x2x2x2x2	128	128	0	1	explicit
x__2-1s2-1s1s1__group.1316__C__Z111	256	2x2x2x2x2x2x2x2x2x2x2x2x2x2x2x2x2x2x2	524288	524288	0	1	burnside
x__4-1s2-2__group.5587__C__Z3	768	2x2x2x2x2x2x2	128	128	0	1	explicit
x__2-1s2-1s1s1__group.1316__C__Z77	256	2x2x2x2x2x2x2x2x2	320	320	0	1	explicit
x__2-2s2-2s2-1__group.3292__X111__Z6	144	2x6	8	8	0	0	explicit
x__4-1s2-1__group.4987__X110__Z9	128	2x2x2x2x4	36	36	0	1	explicit
x__4-1s2-2__group.5707__X0010__Z3	576	2x2x2	8	8	0	1	explicit
x__2-2s2-2s2-1__group.3325__X0010__Z1	288	2x2x2x2x2x6	128	128	0	1	explicit
x__4-2s2-2__min.624__X01__Z6	72	2	2	2	0	1	explicit
x__2-2s2-1s1c1__group.1986__X101__Z13	48	2x2x2x2x6x6	80	80	0	1	explicit
x__2-1s2-1s1s1__group.1316__C__Z180	256	2x2x2x2x2x2x2x2	256	256	0	1	explicit
x__2-2s2-2s2-1__group.3292__X111__Z1	144	2x6x6x12	192	208	16	0	explicit
x__4-1s2-2__group.5587__C__Z7	768	2x2x2x2x2x2x2	128	128	0	1	explicit
x__4-1s2-2__group.5587__C__Z4	768	2x2x2x2	16	16	0	1	explicit
x__2-1s2-1s1s1__group.1316__C__Z188	256	2x2x2x2x2x2x2x2x2x2x2x2x2x2	16384	16384	0	1	explicit
x__4-1s2-1__group.4987__X110__Z7	128	2x2x2x2x2x2x2x4	288	288	0	1	explicit
x__4-1s2-1__group.5099__X1100__Z18	256	2x2x2x4x4	60	64	4	0	explicit
x__4-2s2-2__min.624__X01__Z5	72	2	2	2	0	1	explicit
x__2-1s2-1s1s1__group.1316__C__Z83	256	2x2x2x2x2x2x2x2x2x2x2x2x2x2	16384	16384	0	1	explicit
x__2-2s2-1s2-1__group.2699__X1001__Z5	96	2x2x2x2x2x2	40	40	0	1	explicit
x__2-2s2-1s1c1__group.1986__X101__Z12	48	2x2x6x6	24	24	0	1	explicit
x__4-1s2-2__group.5707__X0010__Z2	576	2x2x2	8	8	0	1	explicit
x__2-1s2-1s1s1__group.1316__C__Z4	256	2x2x2x2x2x2x2x2x2x2x2x2x2x2x2	18432	18432	0	1	explicit
x__2-2s2-2s2-1__group.3292__X111__Z2	144	3x6x6	32	32	0	0	explicit
x__2-1s2-1s1s1__group.1316__C__Z174	256	2x2x2x2x2x2x2x2x2x2x2x2x2	8192	8192	0	1	explicit
x__4-1s2-2__group.5587__C__Z5	768	2x2x2x2x2x2x2	128	128	0	1	explicit
x__4-1s2-2__group.5587__C__Z1	768	2x2x2x2x2x2x2	128	128	0	1	explicit
x__4-1s2-1__group.4987__X110__Z10	128	2x2x2x2x2x4	80	80	0	1	explicit
x__2-2s2-1s1c1__group.1986__X101__Z15	48	2x6x6	12	12	0	1	explicit
x__2-2s2-1s1c1__group.1986__X101__Z7	48	2x2x6x6	32	32	0	1	explicit
x__4-1s2-1__group.5099__X1100__Z20	256	2x2x2x2x2x4	72	80	8	0	explicit
x__4-1s2-1__group.5099__X1100__Z2	256	2x2x2x2x2x2x4	128	160	32	0	explicit
x__4-1s2-1__group.5099__X1100__Z19	256	2x2x2x2x2x2x2x2x2x4	864	1088	224	0	explicit
x__2-2s2-2s2-1__group.3292__X111__Z5	144	2x2x2x12	48	48	0	0	explicit
x__3s2-1s1__group.3987__X11111__Z25	768	2x2x2x2x2x2x2x2x2x2x2x2x2	4224	4224	0	1	explicit
x__3s2-1s1__group.3987__X11111__Z39	768	2x2x2x2x2x2x2x2	144	144	0	1	explicit
x__3s2-1s1__group.3987__X11111__Z8	768	2x2x2x2x2x2x2x2x2	320	320	0	1	explicit
x__4-1s2-1__group.4987__X110__Z11	128	2x2x2x4	24	24	0	1	explicit
x__2-2s2-1s1c1__group.1986__X101__Z3	48	2x2x2x2x6x6	40	40	0	1	explicit
x__4-1s2-2__group.5587__C__Z2	768	2x2x2x2	16	16	0	1	explicit
x__2-2s2-1s1c1__group.1986__X101__Z9	48	2x2x2x2x6x6	96	96	0	1	explicit
x__4-1s2-2__group.5587__C__Z6	768	2x2x2x2	16	16	0	1	explicit
x__3s2-1s1__group.3987__X11111__Z42	768	2x2x2x2x2x2x2	128	128	0	1	explicit
x__2-2s2-2s2-1__group.3292__X111__Z4	144	6x6	16	16	0	0	explicit
x__4-1s2-1__group.5099__X1100__Z5	256	2x2x2x2x2	32	32	0	0	explicit
x__4-1s2-1__group.5099__X1100__Z16	256	2x2x2x2x2x2x4	128	128	0	0	explicit
x__4-1s2-1__group.5099__X1100__Z23	256	2x2x2x2x2	20	20	0	0	explicit
x__3s2-1s1__group.3987__X11111__Z4	768	2x2x2x2x2x2x2x2	192	192	0	1	explicit
x__3s2-1s1__group.3987__X11111__Z38	768	2x2x2x2x2x2x2	96	96	0	1	explicit
x__2-2s2-1s1c1__group.1986__X101__Z4	48	2x2x2x2x6x12	108	108	0	1	explicit
x__4-1s2-1__group.4987__X110__Z2	128	2x2x2x2x2x2	48	48	0	1	explicit
x__2-2s2-1s1c1__group.1986__X101__Z8	48	2x2x2x2x2x2x6x12	240	240	0	1	explicit
x__4-2s2-2__group.6997__X01__Z1	72	2	2	2	0	1	explicit
x__2-2s2-2s2-1__group.3292__X111__Z3	144	2x2x6x12	96	104	8	0	explicit
x__3s2-1s1__group.3987__X11111__Z6	768	2x2x2x2x2x2x2x2x2x2x2x2x2	8192	8192	0	1	explicit
x__4-1s2-2__group.5587__C__Z8	768	2x2x2x2	16	16	0	1	explicit
x__4-1s2-2__group.5587__C__Z16	768	2x2x2x2	16	16	0	1	explicit
x__3s2-1s1__group.3987__X11111__Z7	768	2x2x2x2x2x2x2x2x2	512	512	0	1	explicit
x__4-1s2-1__group.5099__X1100__Z24	256	2x2x2x2x4	36	40	4	0	explicit
x__4-1s2-1__group.5099__X1100__Z11	256	2x2x2x2x2	32	32	0	0	explicit
x__2-2s2-1s1c1__group.1986__X101__Z5	48	2x2x2x2x6x6	52	52	0	1	explicit
x__2-2s2-1s1c1__group.1986__X101__Z1	48	2x2x2x2x2x2x6x12	240	240	0	1	explicit
x__4-1s2-1__group.4987__X110__Z5	128	2x2x2x2	16	16	0	1	explicit
x__3s2-1s1__group.3987__X11111__Z36	768	2x2x2x2x2x2x2x2	256	256	0	1	explicit
x__4-2s2-2__group.6997__X01__Z2	72	2	2	2	0	1	explicit
x__3s2-1s1__group.3987__X11111__Z3	768	2x2x2x2x2x2x2x2x2x2x2x2	2560	2560	0	1	explicit
x__4-1s2-1__group.4987__X110__Z12	128	2x2x4x4	25	25	0	1	explicit
x__4-1s2-2__group.5587__C__Z11	768	2x2x2x2x2x2x2	128	128	0	1	explicit
x__4-1s2-2__group.5587__C__Z12	768	2x2x2x2	16	16	0	1	explicit
x__3s2-1s1__group.3987__X11111__Z1	768	2x2x2x2x2x2x2x2x2x2x2x2x2x2x2x2x2	66560	66560	0	1	burnside
x__2-2s2-1s1c1__group.1986__X101__Z2	48	2x2x2x2x6x6	96	96	0	1	explicit
x__4-1s2-1__group.5099__X1100__Z8	256	2x2x2x2x2x2x4	128	160	32	0	explicit
x__4-1s2-1__group.5099__X1100__Z12	256	2x2x2x2x2x4	64	80	16	0	explicit
x__4-1s2-1__group.4987__X110__Z4	128	2x2x2x2x4	40	40	0	1	explicit
x__3s2-1s1__group.3987__X11111__Z9	768	2x2x2x2x2x2	48	48	0	1	explicit
x__3s2-1s1__group.3987__X11111__Z2	768	2x2x2x2x2x2x2x2x2x2x2x2	4096	4096	0	1	explicit
x__4-1s2-1__group.5150__X010__Z1	384	2x2x2x2x12	72	96	24	0	explicit
x__3s2-1s1__group.3987__X11111__Z41	768	2x2x2x2x2x2x2	96	96	0	1	explicit
x__3s2-1s1__group.3987__X11111__Z31	768	2x2x2x2x2x2x2x2	256	256	0	1	explicit
x__2-2s2-1s1c1__group.1986__X101__Z10	48	2x2x2x2x6x6	40	40	0	1	explicit
x__4-1s2-1__group.4987__X110__Z6	128	2x2x2x2x4	40	40	0	1	explicit
x__4-1s2-2__group.5587__C__Z15	768	2x2x2x2x2x2x2	128	128	0	1	explicit
x__4-1s2-2__group.5587__C__Z10	768	2x2x2x2	16	16	0	1	explicit
x__4-1s2-1__group.5099__X1100__Z6	256	2x2x2x2x4x4	92	112	20	0	explicit
x__4-1s2-1__group.5099__X1100__Z15	256	2x2x2x2x2x4	72	80	8	0	explicit
x__3s2-1s1__group.3987__X11111__Z43	768	2x2x2x2x2x2x2x2x2x2x2x2	2112	2112	0	1	explicit
x__4-1s2-1__group.4987__X110__Z3	128	2x2x2x2x4	48	48	0	1	explicit
x__3s2-1s1__group.3987__X11111__Z34	768	2x2x2x2x2x2x2x2x2x2x2x2	2112	2112	0	1	explicit
x__4-1s1s1__group.4618__X1000__Z35	128	2x2x2x2x2x2x2x4	256	256	0	1	explicit
x__4-1s2-1__group.4987__X110__Z1	128	2x2x2x2x2x2x4	144	144	0	1	explicit
x__3s2-1s1__group.3987__X11111__Z24	768	2x2x2x2x2x2x2x2x2x2x2x2	2176	2176	0	1	explicit
x__3s2-1s1__group.3987__X11111__Z40	768	2x2x2x2x2x2x2	72	72	0	1	explicit
x__4-2s2-2__group.7017__X01__Z2	72	6	4	4	0	1	explicit
x__3s2-1s1__group.3987__X11111__Z17	768	2x2x2x2x2x2x2	96	96	0	1	explicit
x__4-1s2-2__group.5587__C__Z14	768	2x2x2x2	16	16	0	1	explicit
x__4-1s2-1__group.5099__X1100__Z1	256	2x2x2x2x2x2x2x2x4	480	576	96	0	explicit
x__4-1s2-1__group.5099__X1100__Z4	256	2x2x2x2x2x4	80	80	0	0	explicit
x__4-1s2-1__group.5099__X1100__Z7	256	2x2x2x2x2x2x2x2x4	480	576	96	0	explicit
x__3s2-1s1__group.3987__X11111__Z20	768	2x2x2x2x2x2x2x2x2x2x2x2x2x2x2x2x2	66560	66560	0	1	burnside
x__4-1s1s1__group.4618__X1000__Z5	128	2x2x2x2x2x4	72	72	0	1	explicit
x__4-1s2-1__group.4987__X110__Z8	128	2x2x2x4x4	54	54	0	1	explicit
x__4-1s1s1__group.4618__X1000__Z32	128	2x2x2x2x2x2x2x2x2x4	896	896	0	1	explicit
x__3s2-1s1__group.3987__X11111__Z33	768	2x2x2x4	18	18	0	1	explicit
x__3s2-1s1__group.3987__X11111__Z23	768	2x2x2x2x2x2x2x2x2	320	320	0	1	explicit
x__4-1s2-1__group.5099__X1100__Z10	256	2x2x2x2x2x2	48	48	0	0	explicit
x__4-2s2-2__group.7017__X01__Z3	72	2	2	2	0	1	explicit
x__3s2-1s1__group.3987__X11111__Z28	768	2x2x2x2x2x2x4	144	144	0	1	explicit
x__3s2-1s1__group.3987__X11111__Z5	768	2x2x2x2x2x2x2x2x2x2x2x2x2	4224	4224	0	1	explicit
x__4-1s2-2__group.5587__C__Z13	768	2x2x2x2x2x2x2	128	128	0	1	explicit
x__4-1s2-1__group.5099__X1100__Z3	256	2x2x2x2x2x2x4	120	144	24	0	explicit
x__4-1s2-1__group.5099__X1100__Z9	256	2x2x2x2x2x2x4	144	160	16	0	explicit
x__3s2-1s1__group.3987__X11111__Z27	768	2x2x2x2x2x2x2x2	192	192	0	1	explicit
x__4-1s1s1__group.4618__X1000__Z45	128	2x2x2x2x2x2	48	48	0	1	explicit
x__4-2s2-2__group.7017__X01__Z1	72	2	2	2	0	1	explicit
x__4-1s1s1__group.4618__X1000__Z50	128	2x2x2x2x2x2x2	96	96	0	1	explicit
x__3s2-1s1__group.3987__X11111__Z32	768	2x2x2x2x2	24	24	0	1	explicit
x__4-1s1s1__group.4618__X1000__Z44	128	2x2x2x2x2x2x2	96	96	0	1	explicit
x__3s2-1s1__group.3987__X11111__Z15	768	2x2x2x2x2x2x2x2x2x2x2x2	2176	2176	0	1	explicit
x__4-1s2-1__group.5099__X1100__Z14	256	2x2x2x2x2x4	72	80	8	0	explicit
x__4-1s2-1__group.5099__X1100__Z17	256	2x2x2x2	16	16	0	0	explicit
x__3s2-1s1__group.3987__X11111__Z10	768	2x2x2x2x2x2x2x2x2x2x2x2	2176	2176	0	1	explicit
x__3s2-1s1__group.3987__X11111__Z13	768	2x2x2x2x2x2x2x2	256	256	0	1	explicit
x__4-1s1s1__group.4618__X1000__Z36	128	2x2x2x2x2x2x4	128	128	0	1	explicit
x__3s2-1s1__group.3987__X11111__Z18	768	2x2x2x2x2x2x2	128	128	0	1	explicit
x__4-1s1s1__group.4618__X1000__Z42	128	2x2x2x2x2x2	48	48	0	1	explicit
x__4-1s1s1__group.4618__X1000__Z33	128	2x2x2x2x2x2x2x2x2	384	384	0	1	explicit
x__3s2-1s1__group.3987__X11111__Z35	768	2x2x2x2x2x2x2x2x2x2x2x2	4096	4096	0	1	explicit
x__3s2-1s1__group.3987__X11111__Z12	768	2x2x2x2x2x2x2x2	256	256	0	1	explicit
x__4-1s2-1__group.5099__X1100__Z13	256	2x2x2x2x2x2x2x2x2x4	864	1088	224	0	explicit
x__4-1s2-1__group.5099__X1100__Z21	256	2x2x2x2x2x2x4	96	112	16	0	explicit
x__4-1s1s1__group.4618__X1000__Z1	128	2x2x2x2x2x2x2x2x2x2x2x2x4	6656	6656	0	1	explicit
x__4-1s1s1__group.4618__X1000__Z22	128	2x2x2x2x4	40	40	0	1	explicit
x__4-1s1s1__group.4618__X1000__Z38	128	2x2x2x2x2	32	32	0	1	explicit
x__3s2-1s1__group.3987__X11111__Z26	768	2x2x2x2x2x2x2x2x2x2x2x2	4096	4096	0	1	explicit
x__4-1s1s1__group.4618__X1000__Z21	128	2x2x2x2x2x2x2x2x4	448	448	0	1	explicit
x__3s2-1s1__group.3987__X11111__Z14	768	2x2x2x2x2x2x2x2	192	192	0	1	explicit
x__3s2-1s1__group.3987__X11111__Z11	768	2x2x2x2x2x2x2x2x2x2x2x2	4096	4096	0	1	explicit
x__4-1s1s1__group.4618__X1000__Z34	128	2x2x2x2x2x2x2	96	96	0	1	explicit
x__4-2s2-1__group.6448__T__Z2	288	2x2x2	8	8	0	1	explicit
x__4-1s1s1__group.4618__X1000__Z16	128	2x2x2x4	20	20	0	1	explicit
x__4-1s2-1__group.5099__X1100__Z22	256	2x2x2x2x2x2x2	80	80	0	0	explicit
x__3s2-1s1__group.3987__X11111__Z30	768	2x2x2x2x2x2x2x2x2	512	512	0	1	explicit
x__3s2-2s1__group.4314__T__Z2	72	3x3x6x6x6	50	50	0	1	explicit
x__4-1s1s1__group.4618__X1000__Z55	128	2x2x2x2x4	36	36	0	1	explicit
x__4-1s1s1__group.4618__X1000__Z8	128	2x2x2x2x2x2x2x2x4	312	312	0	1	explicit
x__4-1s1s1__group.4618__X1000__Z14	128	2x2x2x2x2x2x2x4	256	256	0	1	explicit
x__4-1s1s1__group.4618__X1000__Z51	128	2x2x2x2x2x2	48	48	0	1	explicit
x__3s2-1s1__group.3987__X11111__Z19	768	2x2x2x2x2x2x2x2x2x2x2x2	2112	2112	0	1	explicit
x__3s2-1s1__group.3987__X11111__Z22	768	2x2x2x2x2x2x2x2x2x2x2x2x2	8192	8192	0	1	explicit
x__4-2s2-1__group.6448__T__Z1	288	2x2x2x2x2	32	32	0	1	explicit
x__3s2-1s1__group.3987__X11111__Z16	768	2x2x2x2x2x2x2x2	160	160	0	1	explicit
x__4-1s1s1__group.4618__X1000__Z29	128	2x2x2x2x2x2x2x2x2x4	896	896	0	1	explicit
x__4-1s1s1__group.4618__X1000__Z26	128	2x2x2x2x2x2x2x4	256	256	0	1	explicit
x__3s2-2s1__group.4314__T__Z7	72	2x6x6x6	36	36	0	1	explicit
x__6-2__group.7567__X01__Z2	432	2	2	2	0	1	explicit
x__3s2-1s1__group.3987__X11111__Z37	768	2x2x2x2x2x2x2x2	256	256	0	1	explicit
x__4-1s1s1__group.4618__X1000__Z52	128	2x2x2x2x2x2x2x2x4	448	448	0	1	explicit
x__4-1s2-1__group.5150__X010__Z2	384	2x2x6	16	16	0	0	explicit
x__3s2-1s1__group.3987__X11111__Z21	768	2x2x2x2x2x2x2x2x2x2x2x2	2560	2560	0	1	explicit
x__4-1s2-1__group.4957__X0100__Z1	128	2x2x2x2x2x2x2x2x2x2	768	768	0	1	explicit
x__3s2-2s1__group.4314__T__Z9	72	3x3x6x6x6	40	40	0	1	explicit
x__3s2-1s1__group.3987__X11111__Z29	768	2x2x2x2x2x2x2x2x2x2x2x2	2112	2112	0	1	explicit
x__4-1s1s1__group.4618__X1000__Z12	128	2x2x2x2x2x4	60	60	0	1	explicit
x__4-1s1s1__group.4618__X1000__Z13	128	2x2x2x2x2x2x2x4	256	256	0	1	explicit
x__4-1s1s1__group.4618__X1000__Z4	128	2x2x2x2x2x2x2x2x4	448	448	0	1	explicit
x__4-1s1s1__group.4618__X1000__Z11	128	2x2x2x2x2x2x2	96	96	0	1	explicit
x__4-1s1s1__group.4618__X1000__Z19	128	2x2x2x2x2x2	48	48	0	1	explicit
x__4-1s2-1__group.4957__X0100__Z14	128	2x2x2x2x2x2x2	96	96	0	1	explicit
x__4-1s2-1__group.4957__X0100__Z8	128	2x2x2x2x2x2x2	96	96	0	1	explicit
x__4-1s1s1__group.4618__X1000__Z39	128	2x2x2x2x2x2x2x2x4	448	448	0	1	explicit
x__4-1s2-1__group.5006__X001__Z6	128	2x2x4x4	36	48	12	0	explicit
x__3s2-2s1__group.4314__T__Z8	72	3x6x6	24	24	0	1	explicit
x__2-2s2-2s2-1__group.3317__X0011__Z5	288	2x2x2x2x2x2	64	64	0	1	explicit
x__4-1s2-1__group.4957__X0100__Z27	128	2x2x2x2x2x2	48	48	0	1	explicit
x__4-1s1s1__group.4618__X1000__Z47	128	2x2x2x2x2x2x2x4	256	256	0	1	explicit
x__2-2s2-2s2-1__group.3323__C__Z2	576	2x2x2x6	32	32	0	1	explicit
x__4-1s1s1__group.4618__X1000__Z15	128	2x2x2x2x4	36	36	0	1	explicit
x__4-1s1s1__group.4618__X1000__Z27	128	2x2x2x2x2x2x2x2x2x2x2x4	3584	3584	0	1	explicit
x__4-1s1s1__group.4618__X1000__Z10	128	2x2x2x2x2x4	80	80	0	1	explicit
x__4-1s1s1__group.4618__X1000__Z3	128	2x2x2x2x2x2x2x2x4	512	512	0	1	explicit
x__2-2s2-2s2-1__group.3317__X0011__Z2	288	2x2x2	8	8	0	1	explicit
x__3s2-2s1__group.4314__T__Z1	72	3x3x6x6x6	40	40	0	1	explicit
x__4-1s2-1__group.4957__X0100__Z9	128	2x2x2x2x2x2x2x2x2x2	576	576	0	1	explicit
x__4-1s2-1__group.5006__X001__Z1	128	2x2x2x2x2x4	96	128	32	0	explicit
x__4-1s2-1__group.4957__X0100__Z13	128	2x2x2x2x2x2x2x2x2x2x2	1280	1280	0	1	explicit
x__4-1s1s1__group.4618__X1000__Z37	128	2x2x2x2x2x2	64	64	0	1	explicit
x__4-1s1s1__group.4618__X1000__Z40	128	2x2x2x2x2x2x2x2x2x2	640	640	0	1	explicit
x__4-1s2-1__group.4957__X0100__Z20	128	2x2x2	8	8	0	1	explicit
x__2-2s2-2s2-1__group.3323__C__Z1	576	2x2x2x2x2x2x2x6	512	512	0	1	explicit
x__4-1s2-1__group.4957__X0100__Z7	128	2x2x2x2x2x2x2x2x2	512	512	0	1	explicit
x__2-2s2-2s2-1__group.3317__X0011__Z9	288	2x2x2x2x2x2	64	64	0	1	explicit
x__3s2-2s1__group.4314__T__Z6	72	3x3x3x6x6	40	40	0	1	explicit
x__4-1s1s1__group.4618__X1000__Z23	128	2x2x2x4	20	20	0	1	explicit
x__4-1s1s1__group.4618__X1000__Z18	128	2x2x2x2x2x2	64	64	0	1	explicit
x__4-1s1s1__group.4618__X1000__Z30	128	2x2x2x2x2x2x2x4	256	256	0	1	explicit
x__4-1s2-1__group.5006__X001__Z8	128	2x2x2x4	24	32	8	0	explicit
x__4-1s2-1__group.4957__X0100__Z25	128	2x2x2x2x2x2x2x2	160	160	0	1	explicit
x__4-1s1s1__group.4618__X1000__Z17	128	2x2x2x2x2x2x2x4	256	256	0	1	explicit
x__4-1s1s1__group.4618__X1000__Z2	128	2x2x2x2x2x2x2x2x4	480	480	0	1	explicit
x__4-1s1s1__group.4618__X1000__Z49	128	2x2x2x2x2x2	48	48	0	1	explicit
x__4-1s2-2__group.5480__X100__Z17	192	2x2x2x6	32	32	0	1	explicit
x__3s2-2s1__group.4314__T__Z10	72	6x6x6	24	24	0	1	explicit
x__4-1s2-1__group.4957__X0100__Z16	128	2x2x2x2x2x2x2	96	96	0	1	explicit
x__2-2s2-2s2-1__group.3317__X0011__Z7	288	2x2x2x2x2x2	64	64	0	1	explicit
x__4-1s2-1__group.4957__X0100__Z10	128	2x2x2x2x2x2x2	96	96	0	1	explicit
x__4-1s2-1__group.5006__X001__Z10	128	2x2x2x2x4	48	48	0	0	explicit
x__4-1s1s1__group.4618__X1000__Z20	128	2x2x2x2x4	40	40	0	1	explicit
x__4-1s1s1__group.4618__X1000__Z24	128	2x2x2x2x4	40	40	0	1	explicit
x__4-1s2-2__group.5480__X100__Z28	192	2x2x2x6	32	32	0	1	explicit
x__4-1s1s1__group.4618__X1000__Z9	128	2x2x2x2x2x2x2x2x4	448	448	0	1	explicit
x__4-1s2-2__group.5480__X100__Z18	192	2x2x2x6	32	32	0	1	explicit
x__4-1s1s1__group.4618__X1000__Z28	128	2x2x2x2x2x2x2x2x2x2	640	640	0	1	explicit
x__4-1s2-1__group.4957__X0100__Z22	128	2x2x2x2x2x2x2x2x2x2	768	768	0	1	explicit
x__2-2s2-2s2-2__group.3594__C__Z1	432	2x2x6	16	16	0	1	explicit
x__2-2s2-2s2-1__group.3317__X0011__Z1	288	2x2x2x2x2x2	64	64	0	1	explicit
x__4-1s2-1__group.4957__X0100__Z11	128	2x2x2x2x2x2x2	80	80	0	1	explicit
x__6-2__group.7567__X01__Z1	432	2	2	2	0	1	explicit
x__4-1s2-1__group.5006__X001__Z11	128	2x2x4	12	12	0	0	explicit
x__4-1s2-1__group.4957__X0100__Z17	128	2x2x2x2x2	24	24	0	1	explicit
x__4-1s2-2__group.5480__X100__Z10	192	2x6	8	8	0	1	explicit
x__3s2-2s1__group.4314__T__Z3	72	6x6x6	24	24	0	1	explicit
x__4-1s1s1__group.4618__X1000__Z43	128	2x2x2x2x2x2x2x2x4	448	448	0	1	explicit
x__4-1s1s1__group.4618__X1000__Z53	128	2x2x2x2x2x2	48	48	0	1	explicit
x__2-2s2-2s2-1__group.3317__X0011__Z6	288	2x2x2	8	8	0	1	explicit
x__4-1s1s1__group.4618__X1000__Z48	128	2x2x2x2x2x4	64	64	0	1	explicit
x__4-1s2-2__group.5480__X100__Z11	192	2x2x2x2x6	64	64	0	1	explicit
x__4-1s2-1__group.4957__X0100__Z23	128	2x2x2x2x2x2	64	64	0	1	explicit
x__4-1s2-1__group.4957__X0100__Z2	128	2x2x2x2x2x2x2x2	160	160	0	1	explicit
x__4-1s2-1__group.5006__X001__Z4	128	2x2x2x4	24	24	0	0	explicit
x__4-1s1s1__group.4618__X1000__Z7	128	2x2x2x2x2x2x2x2x2x2	640	640	0	1	explicit
x__6-2__group.7567__X01__Z4	432	2	2	2	0	1	explicit
x__4-1s2-2__group.5480__X100__Z26	192	2x2x2x6	32	32	0	1	explicit
x__3s2-2s1__group.4314__T__Z4	72	6x6x6	30	30	0	1	explicit
x__4-1s1s1__group.4618__X1000__Z54	128	2x2x2	8	8	0	1	explicit
x__2-2s2-2s2-1__group.3317__X0011__Z8	288	2x2x2	8	8	0	1	explicit
x__4-1s2-2__group.5480__X100__Z16	192	2x2x2x6	32	32	0	1	explicit
x__4-1s2-1__group.4957__X0100__Z5	128	2x2x2x2	16	16	0	1	explicit
x__4-1s2-1__group.4957__X0100__Z21	128	2x2x2x2x2x2	64	64	0	1	explicit
x__4-1s1s1__group.4618__X1000__Z41	128	2x2x2x2x2x2	48	48	0	1	explicit
x__4-1s2-2__group.5480__X100__Z22	192	2x6	8	8	0	1	explicit
x__4-1s2-1__group.5006__X001__Z3	128	2x2x2x2x4	48	64	16	0	explicit
x__4-1s2-1__group.4957__X0100__Z24	128	2x2x2x2x2x2	64	64	0	1	explicit
x__4-1s2-2__group.5480__X100__Z19	192	2x2x2x2x2x6	128	128	0	1	explicit
x__3s2-2s1__group.4314__T__Z5	72	3x6x6x6x6	60	60	0	1	explicit
x__2-2s2-2s2-1__group.3317__X0011__Z10	288	2x2x2	8	8	0	1	explicit
x__6-2__group.7567__X01__Z3	432	2	2	2	0	1	explicit
x__4-1s1s1__group.4618__X1000__Z6	128	2x2x2x2x2x2x2x2x4	512	512	0	1	explicit
x__4-1s1s1__group.4618__X1000__Z31	128	2x2x2x2x2x2x2	96	96	0	1	explicit
x__4-1s2-2__group.5480__X100__Z9	192	2x2x6	12	12	0	1	explicit
x__4-1s2-1__group.4957__X0100__Z4	128	2x2x2x2x2x2	64	64	0	1	explicit
x__4-1s1s1__group.4618__X1000__Z46	128	2x2x2x2x2x4	64	64	0	1	explicit
x__4-1s2-1__group.4957__X0100__Z12	128	2x2x2x2x2x2x2x2	144	144	0	1	explicit
x__4-1s2-1__group.5006__X001__Z2	128	2x2x2x2x4	48	64	16	0	explicit
x__4-1s2-2__group.5480__X100__Z25	192	2x2x2x6	32	32	0	1	explicit
x__4-1s2-1__group.4957__X0100__Z19	128	2x2x2x2x2x2	64	64	0	1	explicit
x__4-1s2-2__group.5480__X100__Z21	192	2x2x6	12	12	0	1	explicit
x__2-2s1c1s1s1__group.1795__T__Z9	48	2x2x2x2x2x2x2	42	42	0	0	explicit
x__4-1s2-1__group.5006__X001__Z9	128	2x2x2x4	24	32	8	0	explicit
x__2-2s1c1s1s1__group.1795__T__Z10	48	2x2x2x2x2x2x2x2x2x2x2x2	508	508	0	0	explicit
x__2-2s1c1s1s1__group.1795__T__Z4	48	2x2x2x2x2x2x2x2x2	88	88	0	0	explicit
x__4-1s2-2__group.5480__X100__Z7	192	2x2x2x2x2x6	128	128	0	1	explicit
x__4-1s2-2__group.5440__X100__Z4	192	2x2x6	16	16	0	0	explicit
x__4-1s2-1__group.4957__X0100__Z3	128	2x2x2x2x2x2	64	64	0	1	explicit
x__4-1s2-2__group.5480__X100__Z24	192	2x2x2x6	32	32	0	1	explicit
x__4-1s2-1__group.5006__X001__Z5	128	2x2x2x2	16	16	0	0	explicit
x__4-1s2-2__group.5480__X100__Z20	192	2x6	8	8	0	1	explicit
x__4-1s1s1__group.4618__X1000__Z25	128	2x2x2x2x4	36	36	0	1	explicit
x__4-1s2-1__group.4957__X0100__Z15	128	2x2x2x2x2x2x2	96	96	0	1	explicit
x__4-1s2-1__group.4957__X0100__Z26	128	2x2x2x2	16	16	0	1	explicit
x__2-2s1c1s1s1__group.1795__T__Z19	48	2x2x2x2x2x2x2x2	144	144	0	0	explicit
x__2-2s1c1s1s1__group.1795__T__Z20	48	2x2x2x2x2x2x2x2	256	256	0	0	explicit
x__4-1s2-2__group.5480__X100__Z6	192	2x2x2x6	32	32	0	1	explicit
x__4-1s2-1__group.5006__X001__Z7	128	2x2x2x2x2x2x4	192	256	64	0	explicit
x__2-2s2-2s2-1__group.3317__X0011__Z3	288	2x2x2x2x2x2	64	64	0	1	explicit
x__4-1s2-2__group.5480__X100__Z23	192	2x2x2x2x6	48	48	0	1	explicit
x__4-1s2-2__group.5440__X100__Z1	192	2x2x2x2x6	48	56	8	0	explicit
x__4-1s2-1__group.5006__X001__Z12	128	2x2x4	12	16	4	0	explicit
x__2-2s1c1s1s1__group.1795__T__Z5	48	2x2x2x2x2x2x2x2x2x2x2x2	2560	2560	0	0	explicit
x__4-1s2-2__group.5480__X100__Z27	192	2x2x2x6	32	32	0	1	explicit
x__4-1s2-1__group.4957__X0100__Z6	128	2x2x2x2x2x2	48	48	0	1	explicit
x__2-2s2-2s2-1__group.3317__X0011__Z4	288	2x2x2	8	8	0	1	explicit
x__4-1s2-2__group.5480__X100__Z15	192	2x2x2x6	32	32	0	1	explicit
x__4-1s2-2__group.5440__X100__Z6	192	2x6	8	8	0	0	explicit
x__4-1s2-2__group.5480__X100__Z1	192	2x2x2x2x2x2x6	256	256	0	1	explicit
x__4-1s2-1__group.4957__X0100__Z18	128	2x2x2x2x2	32	32	0	1	explicit
x__2-2s1c1s1s1__group.1795__T__Z18	48	2x2x2x2x2x2x2x2	96	96	0	0	explicit
x__2-2s1c1s1s1__group.1795__T__Z26	48	2x2x2x2x2x2x2x2	256	256	0	0	explicit
x__4-2s2-1__group.6525__C__Z11	1152	2x2x2x2x2x2x2x2x2	256	256	0	1	explicit
x__2-2s1c1s1s1__group.1795__T__Z13	48	2x2x2x2x2x2x2x2	88	88	0	0	explicit
x__4-2s1s1__group.6029__X0001__Z19	144	2x2	4	4	0	1	explicit
x__4-2s2-1__group.6525__C__Z9	1152	2x2x2x2x2x2x2x2	160	160	0	1	explicit
x__4-2s1s1__group.6029__X0001__Z23	144	2x2x2x2x2	32	32	0	1	explicit
x__4-1s2-2__group.5440__X100__Z8	192	2x2x6	16	16	0	0	explicit
x__4-1s2-2__group.5480__X100__Z8	192	2x6	8	8	0	1	explicit
x__4-1s2-2__group.5480__X100__Z12	192	2x2x2x6	32	32	0	1	explicit
x__2-2s2-1s2-1__group.2642__X010__Z9	96	2x2x2x2	16	16	0	1	explicit
x__4-1s2-2__group.5593__X111__Z7	384	2x2x2x2x4	48	48	0	0	explicit
x__2-2s2-1s2-1__group.2642__X010__Z46	96	2x2x2x2	16	16	0	1	explicit
x__2-2s1c1s1s1__group.1795__T__Z8	48	2x2x2x2x2x2x2x2x2	240	240	0	0	explicit
x__2-2s1c1s1s1__group.1795__T__Z27	48	2x2x2x2x2x2x2x2	144	144	0	0	explicit
x__2-2s1c1s1s1__group.1795__T__Z14	48	2x2x2x2x2x2x2x2x2x2x2x2	2304	2304	0	0	explicit
x__4-2s1s1__group.6029__X0001__Z10	144	2x2x2x2x2	20	20	0	1	explicit
x__4-2s2-1__group.6525__C__Z5	1152	2x2x2x2x2x2x2x2	256	256	0	1	explicit
x__4-1s2-2__group.5440__X100__Z7	192	2x2x2x6	32	32	0	0	explicit
x__2-2s2-1s2-1__group.2642__X010__Z39	96	2x2x2x2x2x2	40	40	0	1	explicit
x__4-1s2-2__group.5480__X100__Z13	192	2x2x2x2x6	48	48	0	1	explicit
x__4-2s1s1__group.6029__X0001__Z24	144	2x2	4	4	0	1	explicit
x__4-2s1s1__group.6029__X0001__Z2	144	2x2x2x2x2	24	24	0	1	explicit
x__4-1s2-2__group.5480__X100__Z4	192	2x2x2x6	32	32	0	1	explicit
x__4-1s2-2__group.5593__X111__Z1	384	2x2x2x2x4	48	48	0	0	explicit
x__2-2s2-1s2-1__group.2642__X010__Z12	96	2x2x2x2x2x2	40	40	0	1	explicit
x__2-2s1c1s1s1__group.1795__T__Z21	48	2x2x2x2x2	24	24	0	0	explicit
x__4-2s1s1__group.6029__X0001__Z17	144	2x2x2x2x2	24	24	0	1	explicit
x__2-2s1c1s1s1__group.1795__T__Z11	48	2x2x2x2x2x2x2x2x2x2x2x2	1280	1280	0	0	explicit
x__2-2s2-1s2-1__group.2642__X010__Z37	96	2x2x2x2x2x2x2	96	96	0	1	explicit
x__2-2s1c1s1s1__group.1795__T__Z2	48	2x2x2x2x2x2x2x2x2x2x2x2	592	592	0	0	explicit
x__4-2s1s1__group.6029__X0001__Z25	144	2x2x2x2x2	20	20	0	1	explicit
x__4-1s2-2__group.5480__X100__Z3	192	2x2x2x2x6	64	64	0	1	explicit
x__4-1s2-2__group.5480__X100__Z14	192	2x2x2x6	32	32	0	1	explicit
x__4-2s2-2__group.7038__C__Z2	1728	2x2x2	8	8	0	1	explicit
x__4-2s1s1__group.6029__X0001__Z5	144	2x2x2x2x2x2x2x2x2	272	272	0	1	explicit
x__4-2s2-1__group.6525__C__Z2	1152	2x2x2x2x2	20	20	0	1	explicit
x__2-2s2-1s2-1__group.2642__X010__Z15	96	2x2x2x2	12	12	0	1	explicit
x__4-1s2-2__group.5593__X111__Z6	384	2x2x2	8	8	0	0	explicit
x__2-2s2-1s2-1__group.2642__X010__Z30	96	2x2x2x2	16	16	0	1	explicit
x__2-2s1c1s1s1__group.1795__T__Z24	48	2x2x2x2x2x2x2x2x2x2x2x2	1200	1200	0	0	explicit
x__2-2s1c1s1s1__group.1795__T__Z7	48	2x2x2x2x2x2x2x2x2x2x2x2	1200	1200	0	0	explicit
x__4-2s1s1__group.6029__X0001__Z8	144	2x2x2x2x2	32	32	0	1	explicit
x__4-1s2-2__group.5480__X100__Z2	192	2x2x2x6	32	32	0	1	explicit
x__4-2s1s1__group.6029__X0001__Z22	144	2x2x2x2x2	24	24	0	1	explicit
x__2-2s1c1s1s1__group.1795__T__Z22	48	2x2x2x2x2	20	20	0	0	explicit
x__2-2s2-1s2-1__group.2642__X010__Z14	96	2x2x2	8	8	0	1	explicit
x__4-1s2-2__group.5593__X111__Z8	384	2x2x4	12	12	0	0	explicit
x__4-2s1s1__group.6029__X0001__Z4	144	2x2	4	4	0	1	explicit
x__2-2s2-1s2-1__group.2642__X010__Z23	96	2x2x2x2x2	24	24	0	1	explicit
x__4-2s2-2__group.7038__C__Z4	1728	2x2x2	8	8	0	1	explicit
x__4-2s2-1__group.6525__C__Z3	1152	2x2x2x2x2x2x2x2x2	256	256	0	1	explicit
x__2-2s2-1s2-1__group.2642__X010__Z8	96	2x2	4	4	0	1	explicit
x__4-2s1s1__group.6029__X0001__Z6	144	2x2x2x2x2	20	20	0	1	explicit
x__2-2s1c1s1s1__group.1795__T__Z23	48	2x2x2x2	10	10	0	0	explicit
x__2-2s1c1s1s1__group.1795__T__Z16	48	2x2x2x2x2x2x2x2	160	160	0	0	explicit
x__2-2s2-1s2-1__group.2642__X010__Z31	96	2x2x2x2x2x2	64	64	0	1	explicit
x__4-1s2-2__group.5480__X100__Z5	192	2x2x2x2x2x2x6	256	256	0	1	explicit
x__4-2s1s1__group.6029__X0001__Z14	144	2x2	4	4	0	1	explicit
x__2-2s2-1s2-1__group.2642__X010__Z13	96	2x2x2x2	16	16	0	1	explicit
x__2-2s2-1s2-1__group.2642__X010__Z24	96	2x2x2x2x2	24	24	0	1	explicit
x__2-2s1c1s1s1__group.1795__T__Z25	48	2x2x2x2x2x2x2x2	144	144	0	0	explicit
x__4-2s1s1__group.6029__X0001__Z3	144	2x2x2x2x2	32	32	0	1	explicit
x__2-2s2-1s2-1__group.2642__X010__Z1	96	2x2x2x2x2x2x2x2	160	160	0	1	explicit
x__4-2s2-2__group.7038__C__Z3	1728	2x2x2	8	8	0	1	explicit
x__4-2s2-1__group.6525__C__Z4	1152	2x2x2x2	12	12	0	1	explicit
x__4-2s1s1__group.6029__X0001__Z13	144	2x2x2x2x2	32	32	0	1	explicit
x__2-2s2-1s2-1__group.2642__X010__Z36	96	2x2x2x2x2x2	40	40	0	1	explicit
x__4-2s1s1__group.6029__X0001__Z1	144	2x2x2x2x2x2x2x2x2	272	272	0	1	explicit
x__2-2s2-1s2-1__group.2642__X010__Z47	96	2x2x2	8	8	0	1	explicit
x__4-1s2-2__group.5440__X100__Z5	192	2x2x2x2x6	48	56	8	0	explicit
x__2-2s2-1s2-1__group.2642__X010__Z3	96	2x2x2x2x2	24	24	0	1	explicit
x__2-2s1c1s1s1__group.1795__T__Z17	48	2x2x2x2x2x2x2x2	144	144	0	0	explicit
x__2-2s1c1s1s1__group.1795__T__Z3	48	2x2x2x2x2x2x2x2x2x2x2x2	960	960	0	0	explicit
x__4-2s1s1__group.6029__X0001__Z16	144	2x2x2x2x2	20	20	0	1	explicit
x__2-2s2-1s2-1__group.2642__X010__Z33	96	2x2x2x2x2	24	24	0	1	explicit
x__2-2s2-1s2-1__group.2642__X010__Z52	96	2x2x2x2x2x2x2	80	80	0	1	explicit
x__4-1s2-2__group.5593__X111__Z3	384	2x2x2x2x4	48	48	0	0	explicit
x__2-2s2-1s2-1__group.2642__X010__Z40	96	2x2x2x2	16	16	0	1	explicit
x__4-2s1s1__group.6029__X0001__Z7	144	2x2x2x2x2	24	24	0	1	explicit
x__2-2s2-1s2-1__group.2642__X010__Z38	96	2x2x2x2	16	16	0	1	explicit
x__2-2s2-1s2-1__group.2642__X010__Z4	96	2x2x2x2x2	24	24	0	1	explicit
x__4-2s2-2__group.7038__C__Z1	1728	2x2x2	8	8	0	1	explicit
x__4-1s2-2__group.5440__X100__Z2	192	2x6	8	8	0	0	explicit
x__2-2s2-1s2-1__group.2642__X010__Z34	96	2x2x2x2x2x2x2	80	80	0	1	explicit
x__4-2s2-1__group.6525__C__Z12	1152	2x2x2x2	12	12	0	1	explicit
x__2-2s2-1s2-1__group.2642__X010__Z6	96	2x2x2	8	8	0	1	explicit
x__2-2s1c1s1s1__group.1795__T__Z15	48	2x2x2x2x2x2x2x2	160	160	0	0	explicit
x__4-2s1s1__group.6029__X0001__Z11	144	2x2x2x2x2x2x2x2x2	272	272	0	1	explicit
x__2-2s2-1s2-1__group.2642__X010__Z49	96	2x2x2x2x2x2	64	64	0	1	explicit
x__4-1s2-2__group.5593__X111__Z4	384	2x2x4	12	12	0	0	explicit
x__2-2s2-1s2-1__group.2642__X010__Z7	96	2x2x2x2	16	16	0	1	explicit
x__4-1s2-2__group.5440__X100__Z3	192	2x2x2x6	32	32	0	0	explicit
x__2-2s2-1s2-1__group.2642__X010__Z50	96	2x2x2x2x2	32	32	0	1	explicit
x__2-2s2-1s2-1__group.2642__X010__Z16	96	2x2x2x2x2x2x2	96	96	0	1	explicit
x__2-2s2-1s2-1__group.2642__X010__Z48	96	2x2x2x2	16	16	0	1	explicit
x__4-2s1s1__group.6029__X0001__Z9	144	2x2	4	4	0	1	explicit
x__2-2s1c1s1s1__group.1795__T__Z12	48	2x2x2x2x2x2x2x2	96	96	0	0	explicit
x__4-2s1s1__group.6029__X0001__Z18	144	2x2x2x2x2	32	32	0	1	explicit
x__4-2s2-1__group.6525__C__Z8	1152	2x2x2x2	16	16	0	1	explicit
x__4-2s2-1__group.6525__C__Z10	1152	2x2x2x2x2	20	20	0	1	explicit
x__2-2s2-1s2-1__group.2642__X010__Z25	96	2x2x2x2x2	24	24	0	1	explicit
x__2-2s1c1s1s1__group.1795__T__Z1	48	2x2x2x2x2x2x2x2x2x2x2x2x2x2x2x2	7904	7904	0	0	explicit
x__2-2s2-1s2-1__group.2642__X010__Z53	96	2x2x2x2x2	24	24	0	1	explicit
x__4-1s2-2__group.5593__X111__Z5	384	2x2x2x2x4	48	48	0	0	explicit
x__2-2s2-1s2-1__group.2642__X010__Z35	96	2x2x2x2x2	24	24	0	1	explicit
x__2-2s2-1s2-1__group.2642__X010__Z41	96	2x2x2	8	8	0	1	explicit
x__2-2s2-1s2-1__group.2642__X010__Z29	96	2x2	4	4	0	1	explicit
x__2-2s2-1s2-1__group.2642__X010__Z21	96	2x2x2x2	16	16	0	1	explicit
x__4-2s1s1__group.6029__X0001__Z12	144	2x2x2x2x2	24	24	0	1	explicit
x__2-2s2-1s2-1__group.2642__X010__Z22	96	2x2x2x2x2x2x2x2	160	160	0	1	explicit
x__4-2s1s1__group.6029__X0001__Z20	144	2x2x2x2x2	20	20	0	1	explicit
x__4-2s2-1__group.6407__X10__Z4	288	2x2	4	4	0	0	explicit
x__2-2s2-1s2-1__group.2642__X010__Z54	96	2x2x2x2x2x2	40	40	0	1	explicit
x__2-2s1c1s1s1__group.1795__T__Z6	48	2x2x2x2x2x2x2x2x2	192	192	0	0	explicit
x__4-1s2-2__group.5358__X10__Z1	144	6	4	4	0	1	explicit
x__4-2s2-1__group.6525__C__Z1	1152	2x2x2x2x2x2x2x2	160	160	0	1	explicit
x__2-2s2-1s2-1__group.2642__X010__Z32	96	2x2x2x2x2	32	32	0	1	explicit
x__4-1s2-2__group.5593__X111__Z2	384	2x2x2	8	8	0	0	explicit
x__2-2s2-1s2-1__group.2642__X010__Z26	96	2x2x2x2	12	12	0	1	explicit
x__2-2s2-1s2-1__group.2642__X010__Z11	96	2x2x2x2	16	16	0	1	explicit
x__4-2s1s1__group.6029__X0001__Z15	144	2x2x2x2x2x2x2x2x2	272	272	0	1	explicit
x__4-2s2-1__group.6407__X10__Z3	288	2x2x4	9	9	0	0	explicit
x__4-1s2-1__group.5128__X010__Z33	32	2x2x2	8	8	0	1	explicit
x__4-2s1s1__group.6029__X0001__Z21	144	2x2x2x2x2x2x2x2x2	272	272	0	1	explicit
x__2-2s2-1s2-1__group.2642__X010__Z19	96	2x2x2x2	16	16	0	1	explicit
x__2-2s2-1s2-1__group.2642__X010__Z51	96	2x2x2x2x2	24	24	0	1	explicit
x__2-2s2-1s2-1__group.2642__X010__Z27	96	2x2x2	8	8	0	1	explicit
x__4-2s2-1__group.6525__C__Z6	1152	2x2x2x2x2	24	24	0	1	explicit
x__4-1s2-1__group.5128__X010__Z24	32	2x2	4	4	0	1	explicit
x__4-1s2-1__group.5128__X010__Z21	32	2x2x2x2	12	12	0	1	explicit
x__4-1s2-2__group.5752__C__Z4	1536	2x2x2x2x2	32	32	0	1	explicit
x__4-2s2-2__group.6720__T__Z3	1728	2x2x2x2x2	24	24	0	1	explicit
x__2-1s2-1s1c1__group.1279__X001__Z6	32	2x2x2x2x2x2x2	22	22	0	1	explicit
x__2-1s2-1s1c1__group.1279__X001__Z14	32	2x2x2x2x2x4	31	31	0	1	explicit
x__2-2s2-1s2-1__group.2642__X010__Z10	96	2x2x2x2x2x2x2	96	96	0	1	explicit
x__2-2s2-1s2-1__group.2642__X010__Z5	96	2x2x2x2	12	12	0	1	explicit
x__2-2s2-2s2-1__group.3186__X100__Z22	144	2x2	4	4	0	1	explicit
x__2-2s2-1s2-1__group.2642__X010__Z18	96	2x2x2x2	16	16	0	1	explicit
x__4-1s2-1__group.5128__X010__Z18	32	2x2x2x2x2x2	48	48	0	1	explicit
x__4-1s2-1__group.5128__X010__Z12	32	2x2x2x2	16	16	0	1	explicit
x__4-1s2-1__group.5163__X111__Z4	4608	2x2	4	4	0	0	explicit
x__4-1s2-1__group.5128__X010__Z19	32	2x2x2x2	16	16	0	1	explicit
x__2-2s2-1s2-1__group.2642__X010__Z17	96	2x2x2x2x2x2	48	48	0	1	explicit
x__4-2s2-2__group.6962__X001__Z1	432	2x6	8	8	0	1	explicit
x__1c1c1c1s1s1__group.1046__X011__Z28	8	2x2x2x2x2	12	12	0	1	explicit
x__4-2s2-1__group.6525__C__Z7	1152	2x2x2x2x2x2x2x2x2	384	384	0	1	explicit
x__2-1s2-1s1c1__group.1279__X001__Z13	32	2x2x2x2x2x2x4	28	28	0	1	explicit
x__2-2s2-1s2-1__group.2642__X010__Z2	96	2x2x2x2x2	24	24	0	1	explicit
x__2-2s2-2s2-1__group.3186__X100__Z14	144	2x2	4	4	0	1	explicit
x__2-2s2-1s2-1__group.2642__X010__Z20	96	2x2x2	8	8	0	1	explicit
x__4-2s2-2__group.6720__T__Z2	1728	2x2x2x2x2	32	32	0	1	explicit
x__4-1s2-1__group.5128__X010__Z15	32	2x2x2	8	8	0	1	explicit
x__4-1s2-2__group.5752__C__Z1	1536	2x2x2x2x2x2x2x2x2	512	512	0	1	explicit
x__4-1s2-1__group.5128__X010__Z27	32	2x2x2	8	8	0	1	explicit
x__2-2s2-1s2-1__group.2642__X010__Z28	96	2x2x2x2	16	16	0	1	explicit
x__2-2s2-2s2-1__group.3186__X100__Z30	144	2x2	4	4	0	1	explicit
x__2-1s2-1s1c1__group.1279__X001__Z5	32	2x2x2x2x2x2x2	22	22	0	1	explicit
x__2-2s2-1s2-1__group.2642__X010__Z45	96	2x2x2x2	16	16	0	1	explicit
x__2-2s2-2s2-1__group.3186__X100__Z13	144	2x2x2x2	16	16	0	1	explicit
x__4-1s2-1__group.5163__X111__Z3	4608	2x2x2x2	16	16	0	0	explicit
x__2-2s2-2s2-1__group.3186__X100__Z3	144	2x2x2x2	16	16	0	1	explicit
x__4-1s2-1__group.5128__X010__Z26	32	2x2x2	8	8	0	1	explicit
x__2-2s2-2s2-1__group.3186__X100__Z11	144	2x2x2x2	16	16	0	1	explicit
x__2-2s2-1s2-1__group.2642__X010__Z43	96	2x2x2x2x2x2x2	96	96	0	1	explicit
x__4-1s2-1__group.5128__X010__Z14	32	2x2	4	4	0	1	explicit
x__4-2s2-2__group.6720__T__Z1	1728	2x2x2x2x2	24	24	0	1	explicit
x__2-1s2-1s1c1__group.1279__X001__Z2	32	2x2x2x2x2x2x2x2	20	20	0	1	explicit
x__2-2s2-2s2-1__group.3186__X100__Z31	144	2x2x2x2	16	16	0	1	explicit
x__2-2s2-1s2-1__group.2642__X010__Z42	96	2x2x2x2	12	12	0	1	explicit
x__4-1s2-1__group.5128__X010__Z20	32	2x2x2x2	16	16	0	1	explicit
x__2-2s2-2s2-1__group.3186__X100__Z4	144	2x2x2x2	16	16	0	1	explicit
x__2-2s2-2s2-1__group.3186__X100__Z12	144	2x2	4	4	0	1	explicit
x__4-1s2-2__group.5752__C__Z6	1536	2x2x2x2x2	32	32	0	1	explicit
x__4-1s2-1__group.5128__X010__Z5	32	2x2	4	4	0	1	explicit
x__2-2s2-2s2-1__group.3186__X100__Z27	144	2x2x2x2	16	16	0	1	explicit
x__2-2s2-1s2-1__group.2642__X010__Z44	96	2x2x2x2x2x2	48	48	0	1	explicit
x__4-1s2-1__group.5128__X010__Z8	32	2x2x2x2	12	12	0	1	explicit
x__4-1s2-1__group.5128__X010__Z13	32	2x2x2x2	16	16	0	1	explicit
x__2-2s2-2s2-1__group.3186__X100__Z8	144	2x2	4	4	0	1	explicit
x__4-1s2-1__group.5163__X111__Z2	4608	2x2	4	4	0	0	explicit
x__2-1s2-1s1c1__group.1279__X001__Z7	32	2x2x2x2x2x2	16	16	0	1	explicit
x__2-2s2-2s2-1__group.3294__X001__Z10	144	2x2	4	4	0	1	explicit
x__2-2s2-2s2-1__group.3186__X100__Z15	144	2x2x2x2	16	16	0	1	explicit
x__4-1s2-1__group.5128__X010__Z2	32	2x2x2x2	16	16	0	1	explicit
x__2-2s2-2s2-1__group.3186__X100__Z21	144	2x2	4	4	0	1	explicit
x__1c1c1c1s1s1__group.1046__X011__Z17	8	2x2x2x2x2x2x2x2	14	14	0	1	explicit
x__4-1s2-1__group.5128__X010__Z29	32	2x2x2x2	12	12	0	1	explicit
x__2-2s2-2s2-1__group.3186__X100__Z18	144	2x2x2x2	16	16	0	1	explicit
x__4-1s2-2__group.5752__C__Z8	1536	2x2x2x2x2	32	32	0	1	explicit
x__4-2s2-1__group.6407__X10__Z1	288	2x2x4	9	9	0	0	explicit
x__4-1s2-1__group.5128__X010__Z1	32	2x2x2x2x2x2	48	48	0	1	explicit
x__2-2s2-2s2-1__group.3186__X100__Z1	144	2x2x2x2	16	16	0	1	explicit
x__2-1s2-1s1c1__group.1279__X001__Z9	32	2x2x2x2x2x2x2x2	20	20	0	1	explicit
x__2-2s2-2s2-1__group.3294__X001__Z5	144	2x2x2x2	16	16	0	1	explicit
x__4-1s2-1__group.5128__X010__Z25	32	2x2	3	3	0	1	explicit
x__2-2s2-2s2-1__group.3186__X100__Z23	144	2x2x2x2	16	16	0	1	explicit
x__2-2s2-2s2-1__group.3186__X100__Z26	144	2x2	4	4	0	1	explicit
x__4-1s2-1__group.5128__X010__Z3	32	2x2x2	8	8	0	1	explicit
x__4-2s2-1__group.6407__X10__Z2	288	2x2	4	4	0	0	explicit
x__2-2s2-2s2-1__group.3186__X100__Z20	144	2x2	4	4	0	1	explicit
x__4-1s2-1__group.5163__X111__Z1	4608	2x2x2x2	16	16	0	0	explicit
x__4-1s2-1__group.5128__X010__Z16	32	2x2x2x2x2x2	64	64	0	1	explicit
x__2-2s2-2s2-1__group.3294__X001__Z2	144	2x2	4	4	0	1	explicit
x__2-2s2-2s2-1__group.3186__X100__Z6	144	2x2x2x2	16	16	0	1	explicit
x__4-1s2-1__group.5128__X010__Z6	32	2x2x2	8	8	0	1	explicit
x__2-1s2-1s1c1__group.1279__X001__Z11	32	2x2x2x2x2x2x2x2	40	40	0	1	explicit
x__4-1s2-2__group.5752__C__Z7	1536	2x2x2x2x2x2x2x2x2	512	512	0	1	explicit
x__2-2s2-2s2-1__group.3186__X100__Z24	144	2x2	4	4	0	1	explicit
x__4-1s2-1__group.5128__X010__Z4	32	2x2x2x2	12	12	0	1	explicit
x__2-2s2-2s2-1__group.3186__X100__Z19	144	2x2	4	4	0	1	explicit
x__4-2s2-2__group.6822__T__Z1	288	2x2x2x2	16	16	0	1	explicit
x__4-1s2-1__group.5128__X010__Z22	32	2x2x2x2	16	16	0	1	explicit
x__2-2s2-2s2-1__group.3294__X001__Z8	144	2x2	4	4	0	1	explicit
x__2-2s2-2s2-1__group.3342__X1100__Z8	288	2x2x2	8	8	0	1	explicit
x__4-1s2-1__group.5128__X010__Z11	32	2x2x2x2	12	12	0	1	explicit
x__2-2s2-2s2-1__group.3186__X100__Z7	144	2x2	4	4	0	1	explicit
x__4-1s2-1__group.5128__X010__Z7	32	2x2x2x2x2x2	40	40	0	1	explicit
x__2-2s2-2s2-1__group.3294__X001__Z3	144	2x2x2x2	16	16	0	1	explicit
x__2-1s2-1s1c1__group.1279__X001__Z10	32	2x2x2x2x2x2x2x4	56	56	0	1	explicit
x__2-2s2-2s2-1__group.3186__X100__Z32	144	2x2	4	4	0	1	explicit
x__2-2s2-2s2-1__group.3186__X100__Z10	144	2x2	4	4	0	1	explicit
x__4-1s2-1__group.5128__X010__Z31	32	2x2x2x2	16	16	0	1	explicit
x__4-1s2-1__group.5286__C__Z2	1536	2x2x2x2	16	16	0	1	explicit
x__4-2s2-2__group.6822__T__Z2	288	2x2x2x2	16	16	0	1	explicit
x__2-2s2-2s2-1__group.3342__X1100__Z6	288	2x2x2	8	8	0	1	explicit
x__2-2s2-2s2-1__group.3294__X001__Z1	144	2x2x2x2	16	16	0	1	explicit
x__2-2s2-2s2-1__group.3294__X001__Z4	144	2x2	4	4	0	1	explicit
x__2-2s2-2s2-1__group.3186__X100__Z9	144	2x2	4	4	0	1	explicit
x__4-1s2-1__group.5128__X010__Z9	32	2x2x2x2x2x2	48	48	0	1	explicit
x__4-1s2-1__group.5128__X010__Z10	32	2x2x2x2	12	12	0	1	explicit
x__2-1s2-1s1c1__group.1279__X001__Z8	32	2x2x2x2x2x2x2x2x2x2	80	80	0	1	explicit
x__4-1s2-2__group.5752__C__Z5	1536	2x2x2x2x2x2x2x2x2	512	512	0	1	explicit
x__2-2s2-2s2-1__group.3186__X100__Z5	144	2x2x2x2	16	16	0	1	explicit
x__2-2s2-2s2-1__group.3186__X100__Z17	144	2x2x2x2	16	16	0	1	explicit
x__2-2s2-2s2-1__group.3342__X1100__Z1	288	2x2x2x2x2x4	60	60	0	1	explicit
x__2-2s2-2s2-1__group.3186__X100__Z25	144	2x2x2x2	16	16	0	1	explicit
x__2-2s2-2s2-1__group.3294__X001__Z6	144	2x2	4	4	0	1	explicit
x__4-1s2-1__group.5128__X010__Z30	32	2x2x2	8	8	0	1	explicit
x__2-2s2-2s2-1__group.3294__X001__Z12	144	2x2	4	4	0	1	explicit
x__2-1s2-1s1c1__group.1279__X001__Z1	32	2x2x2x2x2x2x2x2x2x2	80	80	0	1	explicit
x__2-2s2-2s2-1__group.3186__X100__Z2	144	2x2	4	4	0	1	explicit
x__4-1s2-1__group.5286__C__Z1	1536	2x2x2x2x2x2x2	128	128	0	1	explicit
x__2-2s2-2s2-1__group.3186__X100__Z28	144	2x2	4	4	0	1	explicit
x__4-1s2-1__group.5128__X010__Z32	32	2x2	4	4	0	1	explicit
x__4-1s2-1__group.5128__X010__Z28	32	2x2x2x2x2x2	48	48	0	1	explicit
x__2-2s2-2s2-1__group.3294__X001__Z7	144	2x2x2x2	16	16	0	1	explicit
x__2-2s2-2s2-1__group.3342__X1100__Z7	288	2x2x2x2x2x4	96	96	0	1	explicit
x__4-1s2-2__group.5752__C__Z2	1536	2x2x2x2x2	32	32	0	1	explicit
x__2-2s2-2s2-1__group.3338__X0110__Z1	288	2x2x2x2x2x2	64	64	0	0	explicit
x__2-2s2-2s2-1__group.3342__X1100__Z5	288	2x2x2x2x2x4	96	96	0	1	explicit
x__2-2s2-1s2-1__group.2455__X0001__Z21	192	2x2x2x2x2x2	64	64	0	1	explicit
x__2-2s2-2s2-1__group.3186__X100__Z16	144	2x2x2x2	16	16	0	1	explicit
x__2-1s2-1s1c1__group.1279__X001__Z3	32	2x2x2x2x2x2x2x2	40	40	0	1	explicit
x__4-1s2-1__group.5128__X010__Z23	32	2x2x2x2	12	12	0	1	explicit
x__2-2s2-1s2-1__group.2455__X0001__Z13	192	2x2x2x2x2x2x2x2x2	512	512	0	1	explicit
x__2-2s2-1s2-1__group.2455__X0001__Z3	192	2x2x2x2x2x2	64	64	0	1	explicit
x__4-1s2-1__group.5128__X010__Z17	32	2x2x2x2	16	16	0	1	explicit
x__2-2s2-2s2-1__group.3294__X001__Z9	144	2x2x2x2	16	16	0	1	explicit
x__2-2s2-2s2-1__group.3342__X1100__Z9	288	2x2x2x2x2x4	60	60	0	1	explicit
x__1c1c1c1s1s1__group.1046__X011__Z10	8	2x2x2x2x2x2x2x2x2x2x2	88	88	0	1	explicit
x__2-2s2-2s2-1__group.3338__X0110__Z3	288	2x2x2x2x2x2	64	64	0	0	explicit
x__2-2s2-2s2-1__group.3342__X1100__Z4	288	2x2x2	6	6	0	1	explicit
x__2-2s2-1s2-1__group.2455__X0001__Z20	192	2x2x2x2x2x2	64	64	0	1	explicit
x__2-2s2-2s2-1__group.3186__X100__Z29	144	2x2x2x2	16	16	0	1	explicit
x__3s2-2s1__group.4240__T__Z13	288	2x2x2x2x2x2x2x6	512	512	0	1	explicit
x__2-1s2-1s1c1__group.1279__X001__Z4	32	2x2x2x2x2x2x2x2	40	40	0	1	explicit
x__2-2s2-1s2-1__group.2455__X0001__Z14	192	2x2x2x2x2x4	96	96	0	1	explicit
x__4-1s2-1__group.5166__C__Z2	9216	2x2x2	8	8	0	1	explicit
x__2-2s2-2s2-1__group.3294__X001__Z11	144	2x2x2x2	16	16	0	1	explicit
x__4-1s2-2__group.5752__C__Z3	1536	2x2x2x2x2x2x2x2x2	512	512	0	1	explicit
x__3s2-2s1__group.4240__T__Z11	288	2x2x6	12	12	0	1	explicit
x__2-2s2-2s2-1__group.3342__X1100__Z15	288	2x2x2x2x2x4	60	60	0	1	explicit
x__2-2s2-2s2-1__group.3342__X1100__Z3	288	2x2x2x2x2x4	60	60	0	1	explicit
x__4-1s2-2__group.5473__X1011__Z2	192	2x2x2	6	6	0	1	explicit
x__2-2s2-2s2-1__group.3338__X0110__Z4	288	2x2x2	8	8	0	0	explicit
x__2-2s2-1s2-1__group.2455__X0001__Z18	192	2x2x2x2x4	48	48	0	1	explicit
x__2-1s2-1s1c1__group.1279__X001__Z12	32	2x2x2x2x2x2x2	20	20	0	1	explicit
x__3s2-2s1__group.4240__T__Z14	288	2x2x2x2x6	64	64	0	1	explicit
x__2-2s2-1s2-1__group.2455__X0001__Z22	192	2x2x2x2x2x2	64	64	0	1	explicit
x__4-2s1s1__group.6018__X010__Z4	144	2x2x12	24	24	0	0	explicit
x__3s2-2s1__group.4240__T__Z5	288	2x2x6	16	16	0	1	explicit
x__3s2-2s1__group.4106__X01__Z5	144	2x2x6x6	16	16	0	1	explicit
x__2-2s2-2s2-1__group.3342__X1100__Z12	288	2x2x2	6	6	0	1	explicit
x__4-1s2-2__group.5473__X1011__Z3	192	2x2x2x2x2x2	40	40	0	1	explicit
x__2-2s2-1s2-1__group.2455__X0001__Z11	192	2x2x2x2	16	16	0	1	explicit
x__2-2s2-2s2-1__group.3338__X0110__Z2	288	2x2x2	8	8	0	0	explicit
x__3s2-2s1__group.4106__X01__Z11	144	2x6	6	6	0	1	explicit
x__2-2s2-2s2-1__group.3342__X1100__Z11	288	2x2x2x2x2x4	60	60	0	1	explicit
x__3s2-2s1__group.4240__T__Z12	288	2x2x2x2x6	64	64	0	1	explicit
x__2-2s2-1s2-1__group.2455__X0001__Z24	192	2x2x2x2x2	32	32	0	1	explicit
x__4-2s1s1__group.6018__X010__Z5	144	12	6	6	0	0	explicit
x__3s2-2s1__group.4240__T__Z2	288	2x2x2x2x6	64	64	0	1	explicit
x__3s2-2s1__group.4258__X110__Z9	288	2x2x2x6	24	24	0	1	explicit
x__3s2-2s1__group.4106__X01__Z10	144	2x2x6	8	8	0	1	explicit
x__4-1s2-2__group.5473__X1011__Z4	192	2x2x2	8	8	0	1	explicit
x__3s2-2s1__group.4258__X110__Z5	288	2x2x2x2x6	20	20	0	1	explicit
x__2-2s2-2s2-1__group.3342__X1100__Z13	288	2x2x2x2x2x4	60	60	0	1	explicit
x__2-2s2-1s2-1__group.2455__X0001__Z16	192	2x2x2x2x2x2	64	64	0	1	explicit
x__2-2s2-2s2-1__group.3342__X1100__Z16	288	2x2x2	6	6	0	1	explicit
x__3s2-2s1__group.4240__T__Z1	288	2x2x2x2x2x2x2x6	512	512	0	1	explicit
x__2-2s2-1s2-1__group.2455__X0001__Z23	192	2x2x2x2	16	16	0	1	explicit
x__4-2s1s1__group.6018__X010__Z2	144	2x2x12	24	24	0	0	explicit
x__3s2-1s1__group.3889__C__Z47	384	2x2x2x2x2x2x2x6	384	384	0	1	explicit
x__3s2-2s1__group.4240__T__Z3	288	2x2x2x2x6	64	64	0	1	explicit
x__3s2-2s1__group.4106__X01__Z7	144	2x6x6	8	8	0	1	explicit
x__3s2-1s1__group.3889__C__Z46	384	2x2x2x2x2x2x2x2x2x2x6	3072	3072	0	1	explicit
x__4-1ps2-2__group.4449__C__Z2	192	2x2x2	8	8	0	1	explicit
x__2-2s2-2s2-1__group.3342__X1100__Z14	288	2x2x2	6	6	0	1	explicit
x__3s2-2s1__group.4258__X110__Z2	288	2x2x2x2	10	10	0	1	explicit
x__3s2-2s1__group.4240__T__Z6	288	2x2x2x2x6	64	64	0	1	explicit
x__2-2s2-1s2-1__group.2455__X0001__Z6	192	2x2x2x2x4	48	48	0	1	explicit
x__2-2s2-2s2-1__group.3342__X1100__Z10	288	2x2x2	6	6	0	1	explicit
x__2-2s2-1s2-1__group.2455__X0001__Z15	192	2x2x2x2x2x2	64	64	0	1	explicit
x__3s2-2s1__group.4106__X01__Z4	144	2x2x6x6	16	16	0	1	explicit
x__3s2-2s1__group.4240__T__Z4	288	2x2x2x2x6	64	64	0	1	explicit
x__4-1s2-1__group.5166__C__Z1	9216	2x2x2x2x2x2	64	64	0	1	explicit
x__3s2-1s1__group.3889__C__Z13	384	2x2x2x2x2x2x2x2x2x6	2048	2048	0	1	explicit
x__3s2-1s1__group.3889__C__Z41	384	2x2x2x2x2x2x2x6	512	512	0	1	explicit
x__3s2-2s1__group.4106__X01__Z17	144	2x2x6x6	16	16	0	1	explicit
x__3s2-2s1__group.4258__X110__Z3	288	2x2x2x2x2x2x2	40	40	0	1	explicit
x__4-1ps2-2__group.4449__C__Z4	192	2x2x2	8	8	0	1	explicit
x__2-2s2-2s2-1__group.3342__X1100__Z2	288	2x2x2	6	6	0	1	explicit
x__2-2s2-1s2-1__group.2455__X0001__Z1	192	2x2x2x2x2x2x2x2x2	512	512	0	1	explicit
x__3s2-2s1__group.4240__T__Z8	288	2x2x2x2x6	64	64	0	1	explicit
x__2-2s2-1s2-1__group.2455__X0001__Z12	192	2x2x2x2x2	32	32	0	1	explicit
x__3s2-2s1__group.4106__X01__Z14	144	2x2x6x6	16	16	0	1	explicit
x__4-2s2-2__group.7040__T__Z1	864	2x2x2x2	12	12	0	1	explicit
x__3s2-2s1__group.4106__X01__Z9	144	6x6	6	6	0	1	explicit
x__3s2-2s1__group.4258__X110__Z4	288	2x2x2x2	12	12	0	1	explicit
x__4-1s2-2__group.5473__X1011__Z1	192	2x2x2x2x2x2	48	48	0	1	explicit
x__4-1ps2-2__group.4449__C__Z3	192	2x2x2x2x2x2	64	64	0	1	explicit
x__3s2-1s1__group.3889__C__Z48	384	2x2x2x2x2x2x2x6	384	384	0	1	explicit
x__3s2-1s1__group.3889__C__Z14	384	2x2x2x2x2x2x2x2x2x6	2048	2048	0	1	explicit
x__3s2-1s1__group.3889__C__Z54	384	2x2x2x2x2x2x6	192	192	0	1	explicit
x__3s2-2s1__group.4240__T__Z9	288	2x2x2x2x6	64	64	0	1	explicit
x__2-2s2-1s2-1__group.2455__X0001__Z8	192	2x2x2x2x2x2	64	64	0	1	explicit
x__2-2s2-1s2-1__group.2455__X0001__Z2	192	2x2x2x2x2x4	96	96	0	1	explicit
x__3s2-2s1__group.4106__X01__Z13	144	2x2x6x6	16	16	0	1	explicit
x__3s2-1s1__group.3889__C__Z18	384	2x2x2x2x2x2x6	256	256	0	1	explicit
x__2-2s2-1s2-1__group.2455__X0001__Z17	192	2x2x2x2	16	16	0	1	explicit
x__3s2-2s1__group.4106__X01__Z8	144	2x2x6	8	8	0	1	explicit
x__3s2-2s1__group.4258__X110__Z10	288	2x2x2x2x2x2x6	80	80	0	1	explicit
x__3s2-1s1__group.3889__C__Z24	384	2x2x2x2x2x6	128	128	0	1	explicit
x__4-1ps2-2__group.4449__C__Z1	192	2x2x2x2x2x2	64	64	0	1	explicit
x__3s2-1s1__group.3889__C__Z53	384	2x2x2x2x2x2x6	256	256	0	1	explicit
x__4-1s2-2__group.5473__X1011__Z6	192	2x2x2	6	6	0	1	explicit
x__3s2-2s1__group.4240__T__Z7	288	2x2x2x2x2x6	128	128	0	1	explicit
x__2-2s2-1s2-1__group.2455__X0001__Z9	192	2x2x2x2x2x2	64	64	0	1	explicit
x__3s2-1s1__group.3889__C__Z22	384	2x2x2x2x2x2x6	256	256	0	1	explicit
x__2-2s2-1s2-1__group.2455__X0001__Z5	192	2x2x2x2	16	16	0	1	explicit
x__3s2-2s1__group.4106__X01__Z3	144	6x6	6	6	0	1	explicit
x__3s2-2s1__group.4258__X110__Z8	288	2x2x2x2x2x2x6	80	80	0	1	explicit
x__3s2-2s1__group.4106__X01__Z18	144	2x2x2x6	16	16	0	1	explicit
x__2-2s2-1s2-1__group.2455__X0001__Z10	192	2x2x2x2x2x2	64	64	0	1	explicit
x__4-2s1s1__group.6018__X010__Z1	144	2x2x2x2x2x12	192	192	0	0	explicit
x__3s2-2s1__group.4240__T__Z10	288	2x2x6	16	16	0	1	explicit
x__3s2-1s1__group.3889__C__Z23	384	2x2x2x2x2x6	128	128	0	1	explicit
x__3s2-1s1__group.3889__C__Z30	384	2x2x2x2x2x2x2x2x2x2x6	4096	4096	0	1	explicit
x__4-1s2-2__group.5473__X1011__Z8	192	2x2x2	8	8	0	1	explicit
x__2-2s2-1s2-1__group.2455__X0001__Z7	192	2x2x2x2x2x2x2x2x2	512	512	0	1	explicit
x__3s2-2s1__group.4106__X01__Z2	144	2x6x6	8	8	0	1	explicit
x__2-2s2-1s2-1__group.2455__X0001__Z4	192	2x2x2x2x2x2	64	64	0	1	explicit
x__3s2-1s1__group.3889__C__Z25	384	2x2x2x2x2x6	128	128	0	1	explicit
x__3s2-1s1__group.3889__C__Z27	384	2x2x2x2x2x2x2x2x2x2x2x2x2x6	32768	32768	0	1	explicit
x__3s2-2s1__group.4258__X110__Z1	288	2x2x2x2x2	10	10	0	1	explicit
x__2-2s2-1s2-1__group.2455__X0001__Z19	192	2x2x2x2x2x2x2x2x2	512	512	0	1	explicit
x__3s2-2s1__group.4106__X01__Z16	144	2x2x2x6	16	16	0	1	explicit
x__3s2-2s1__group.4106__X01__Z12	144	2x2x6x6	16	16	0	1	explicit
x__4-2s1s1__group.6018__X010__Z6	144	2x2x12	24	24	0	0	explicit
x__4-1s2-2__group.5473__X1011__Z7	192	2x2x2x2x2x2	40	40	0	1	explicit
x__3s2-1s1__group.3889__C__Z15	384	2x2x2x2x2x2x6	256	256	0	1	explicit
x__3s2-1s1__group.3889__C__Z37	384	2x2x2x2x2x2x6	192	192	0	1	explicit
x__3s2-1s1__group.3889__C__Z19	384	2x2x2x2x2x2x6	256	256	0	1	explicit
x__3s1c1s1__group.3805__X11__Z33	48	2x2x2x2x2x2	40	40	0	1	explicit
x__3s2-2s1__group.4258__X110__Z6	288	2x2x2x6	20	20	0	1	explicit
x__3s2-1s1__group.3889__C__Z11	384	2x2x2x2x2x2x2x2x6	768	768	0	1	explicit
x__3s2-2s1__group.4106__X01__Z6	144	2x6x6	8	8	0	1	explicit
x__3s2-1s1__group.3889__C__Z35	384	2x2x2x2x2x2x2x2x2x2x6	3072	3072	0	1	explicit
x__3s2-1s1__group.3889__C__Z38	384	2x2x2x2x2x2x2x2x2x2x6	3072	3072	0	1	explicit
x__3s1c1s1__group.3805__X11__Z35	48	2x2x2x2	16	16	0	1	explicit
x__3s2-2s1__group.4106__X01__Z15	144	2x2x2x6	16	16	0	1	explicit
x__4-2s1s1__group.6018__X010__Z3	144	2x2x12	24	24	0	0	explicit
x__3s2-1s1__group.3889__C__Z12	384	2x2x2x2x2x6	128	128	0	1	explicit
x__4-1s2-2__group.5473__X1011__Z5	192	2x2x2x2x2x2	48	48	0	1	explicit
x__3s2-1s1__group.3889__C__Z39	384	2x2x2x2x2x2x2x6	512	512	0	1	explicit
x__3s2-1s1__group.3889__C__Z26	384	2x2x2x2x2x2x2x2x2x6	2048	2048	0	1	explicit
x__3s2-2s1__group.4258__X110__Z7	288	2x2x2x2x2x2x2	40	40	0	1	explicit
x__3s1c1s1__group.3805__X11__Z56	48	2x2x2x2	12	12	0	1	explicit
x__3s2-2s1__group.4106__X01__Z1	144	2x6x6	8	8	0	1	explicit
x__3s2-1s1__group.3889__C__Z36	384	2x2x2x2x2x2x6	256	256	0	1	explicit
x__3s2-1s1__group.3889__C__Z56	384	2x2x2x2x2x2x6	192	192	0	1	explicit
x__3s2-1s1__group.3889__C__Z29	384	2x2x2x2x2x2x2x2x2x2x6	4096	4096	0	1	explicit
x__3s1c1s1__group.3805__X11__Z95	48	2x2	4	4	0	1	explicit
x__3s1c1s1__group.3805__X11__Z5	48	2x2x2x2x2x2	20	20	0	1	explicit
x__3s1c1s1__group.3805__X11__Z17	48	2x2x2x2x2x2	48	48	0	1	explicit
x__3s1c1s1__group.3805__X11__Z73	48	2x2x2x2	10	10	0	1	explicit
x__3s2-1s1__group.3889__C__Z52	384	2x2x2x2x2x2x6	192	192	0	1	explicit
x__3s1c1s1__group.3805__X11__Z69	48	2x2x2x2x2	20	20	0	1	explicit
x__3s2-1s1__group.3889__C__Z49	384	2x2x2x2x2x2x2x2x2x2x6	3072	3072	0	1	explicit
x__3s2-1s1__group.3889__C__Z21	384	2x2x2x2x2x2x2x2x2x2x6	3072	3072	0	1	explicit
x__3s1c1s1__group.3805__X11__Z65	48	2x2x2x4	14	14	0	1	explicit
x__3s2-1s1__group.3889__C__Z8	384	2x2x2x2x2x2x2x6	512	512	0	1	explicit
x__3s1c1s1__group.3805__X11__Z99	48	2x2x2x2	12	12	0	1	explicit
x__3s2-1s1__group.3889__C__Z31	384	2x2x2x2x2x2x2x6	512	512	0	1	explicit
x__3s1c1s1__group.3805__X11__Z61	48	2x2x2x2x2x2	20	20	0	1	explicit
x__3s2-1s1__group.3889__C__Z16	384	2x2x2x2x2x2x6	256	256	0	1	explicit
x__3s1c1s1__group.3805__X11__Z4	48	2x2x2x2x2x2	20	20	0	1	explicit
x__3s1c1s1__group.3805__X11__Z28	48	2x2x2	6	6	0	1	explicit
x__3s1c1s1__group.3805__X11__Z74	48	2x2x2x2	16	16	0	1	explicit
x__3s1c1s1__group.3805__X11__Z51	48	2x2x2x2x2	24	24	0	1	explicit
x__3s2-1s1__group.3889__C__Z55	384	2x2x2x2x2x2x6	192	192	0	1	explicit
x__3s2-1s1__group.3889__C__Z44	384	2x2x2x2x6	48	48	0	1	explicit
x__3s2-1s1__group.3889__C__Z40	384	2x2x2x2x2x2x2x6	384	384	0	1	explicit
x__3s1c1s1__group.3805__X11__Z100	48	2x2x2x2	16	16	0	1	explicit
x__3s1c1s1__group.3805__X11__Z91	48	2x2x2x2	16	16	0	1	explicit
x__3s1c1s1__group.3805__X11__Z66	48	2x2x2x2	12	12	0	1	explicit
x__3s2-1s1__group.3889__C__Z51	384	2x2x2x2x2x2x2x6	384	384	0	1	explicit
x__3s2-1s1__group.3889__C__Z3	384	2x2x2x2x2x2x2x2x2x6	2048	2048	0	1	explicit
x__3s1c1s1__group.3805__X11__Z3	48	2x2x2x2x2x2x2x2	60	60	0	1	explicit
x__3s2-1s1__group.3889__C__Z42	384	2x2x2x2x2x2x2x6	384	384	0	1	explicit
x__3s1c1s1__group.3805__X11__Z10	48	2x2x2x2x2x2	40	40	0	1	explicit
x__3s1c1s1__group.3805__X11__Z80	48	2x4	5	5	0	1	explicit
x__3s1c1s1__group.3805__X11__Z93	48	2x2x2	6	6	0	1	explicit
x__3s1c1s1__group.3805__X11__Z92	48	2x2x2x2	12	12	0	1	explicit
x__3s2-1s1__group.3889__C__Z43	384	2x2x2x2x6	64	64	0	1	explicit
x__3s1c1s1__group.3805__X11__Z96	48	2x2x2x2	16	16	0	1	explicit
x__3s1c1s1__group.3805__X11__Z55	48	2x2x2x2	12	12	0	1	explicit
x__3s2-1s1__group.3889__C__Z5	384	2x2x2x2x2x2x6	256	256	0	1	explicit
x__3s1c1s1__group.3805__X11__Z31	48	2x2x2	6	6	0	1	explicit
x__3s2-1s1__group.3889__C__Z1	384	2x2x2x2x2x2x2x2x2x2x2x2x2x2x6	49152	49152	0	1	burnside
x__3s2-1s1__group.3889__C__Z4	384	2x2x2x2x2x2x2x2x2x2x6	3072	3072	0	1	explicit
x__3s1c1s1__group.3805__X11__Z81	48	2x2x2x2x2x2	20	20	0	1	explicit
x__3s1c1s1__group.3805__X11__Z26	48	2x2x2x2	16	16	0	1	explicit
x__3s1c1s1__group.3805__X11__Z20	48	2x2x2x2	12	12	0	1	explicit
x__3s2-1s1__group.3889__C__Z45	384	2x2x2x2x2x2x2x2x2x2x6	3072	3072	0	1	explicit
x__3s1c1s1__group.3805__X11__Z67	48	2x2x2	6	6	0	1	explicit
x__3s1c1s1__group.3805__X11__Z59	48	2x2x2x2	12	12	0	1	explicit
x__3s1c1s1__group.3805__X11__Z62	48	2x2x2x2	5	5	0	1	explicit
x__3s1c1s1__group.3805__X11__Z63	48	2x2x2x2x2x2	40	40	0	1	explicit
x__3s2-1s1__group.3889__C__Z2	384	2x2x2x2x2x2x2x2x2x6	2048	2048	0	1	explicit
x__3s1c1s1__group.3805__X11__Z8	48	2x2x2x2x2	24	24	0	1	explicit
x__3s2-1s1__group.3889__C__Z7	384	2x2x2x2x2x2x2x2x2x2x2x6	6144	6144	0	1	explicit
x__3s1c1s1__group.3805__X11__Z75	48	2x2x2x2	16	16	0	1	explicit
x__3s2-1s1__group.3889__C__Z58	384	2x2x2x2x2x2x2x2x2x2x6	3072	3072	0	1	explicit
x__3s1c1s1__group.3805__X11__Z27	48	2x2x2x2	16	16	0	1	explicit
x__3s1c1s1__group.3805__X11__Z19	48	2x2x2x2x2	20	20	0	1	explicit
x__3s2-1s1__group.3889__C__Z28	384	2x2x2x2x2x2x2x2x2x6	2048	2048	0	1	explicit
x__3s1c1s1__group.3805__X11__Z50	48	2x2x2x2x2x2	40	40	0	1	explicit
x__3s1c1s1__group.3805__X11__Z71	48	2x2x2x2	10	10	0	1	explicit
x__3s1c1s1__group.3805__X11__Z58	48	2x2x2x2x2x2	40	40	0	1	explicit
x__3s1c1s1__group.3805__X11__Z54	48	2x2x2x2x2	20	20	0	1	explicit
x__3s1c1s1__group.3805__X11__Z97	48	2x2x2x2	16	16	0	1	explicit
x__3s1c1s1__group.3805__X11__Z6	48	2x2x2x2x2x2	48	48	0	1	explicit
x__3s2-1s1__group.3889__C__Z20	384	2x2x2x2x2x2x6	256	256	0	1	explicit
x__3s1c1s1__group.3805__X11__Z72	48	2x2x2x2x2	16	16	0	1	explicit
x__3s2-1s1__group.3889__C__Z6	384	2x2x2x2x2x2x2x2x2x2x6	4096	4096	0	1	explicit
x__3s1c1s1__group.3805__X11__Z18	48	2x2x2x2x2x2	36	36	0	1	explicit
x__3s2-1s1__group.3889__C__Z9	384	2x2x2x2x2x2x2x2x2x2x2x6	6144	6144	0	1	explicit
x__3s1c1s1__group.3805__X11__Z60	48	2x2x2x2	12	12	0	1	explicit
x__3s1c1s1__group.3805__X11__Z21	48	2x2x2x2x2x2	40	40	0	1	explicit
x__3s1c1s1__group.3805__X11__Z85	48	2x2x2x2x2x2	40	40	0	1	explicit
x__3s1c1s1__group.3805__X11__Z57	48	2x2x2x2x2x2	20	20	0	1	explicit
x__3s2-1s1__group.3889__C__Z17	384	2x2x2x2x2x2x2x2x2x6	2048	2048	0	1	explicit
x__3s1c1s1__group.3805__X11__Z53	48	2x2x2x2x2	24	24	0	1	explicit
x__3s1c1s1__group.3805__X11__Z90	48	2x2x2x2	10	10	0	1	explicit
x__3s1c1s1__group.3805__X11__Z1	48	2x2x2x2x2x2x2x2	80	80	0	1	explicit
x__3s1c1s1__group.3805__X11__Z86	48	2x2x2x2	12	12	0	1	explicit
x__3s1c1s1__group.3805__X11__Z15	48	2x2x2x2	12	12	0	1	explicit
x__3s1c1s1__group.3805__X11__Z11	48	2x2x2x2x2	24	24	0	1	explicit
x__3s1c1s1__group.3805__X11__Z89	48	2x2x2x2	10	10	0	1	explicit
x__3s1c1s1__group.3805__X11__Z49	48	2x2x2x2x2	10	10	0	1	explicit
x__3s2-1s1__group.3889__C__Z34	384	2x2x2x2x2x2x2x2x2x2x6	3072	3072	0	1	explicit
x__3s1c1s1__group.3805__X11__Z94	48	2x2	4	4	0	1	explicit
x__3s2-1s1__group.3889__C__Z50	384	2x2x2x2x2x2x2x6	384	384	0	1	explicit
x__3s1c1s1__group.3805__X11__Z68	48	2x2x2x2	10	10	0	1	explicit
x__3s1c1s1__group.3805__X11__Z64	48	2x2x2x2x2	18	18	0	1	explicit
x__3s1c1s1__group.3805__X11__Z98	48	2x2x2x2x2x2	40	40	0	1	explicit
x__3s2-1s1__group.3889__C__Z10	384	2x2x2x2x2x2x2x6	512	512	0	1	explicit
x__3s1c1s1__group.3805__X11__Z7	48	2x2x2x2x2x2	48	48	0	1	explicit
x__3s1c1s1__group.3805__X11__Z44	48	2x2x2x2	16	16	0	1	explicit
x__3s1c1s1__group.3805__X11__Z12	48	2x2x2x2x2	24	24	0	1	explicit
x__3s1c1s1__group.3805__X11__Z82	48	2x2x2x2x2x2	40	40	0	1	explicit
x__3s1c1s1__group.3805__X11__Z42	48	2x2x2x2x2	24	24	0	1	explicit
x__3s1c1s1__group.3805__X11__Z16	48	2x2x2x2	12	12	0	1	explicit
x__3s1c1s1__group.3805__X11__Z2	48	2x2x2x2x2x2	20	20	0	1	explicit
x__3s1c1s1__group.3805__X11__Z101	48	2x2x2x2	16	16	0	1	explicit
x__3s1c1s1__group.3805__X11__Z32	48	2x2x2	6	6	0	1	explicit
x__3s2-1s1__group.3889__C__Z57	384	2x2x2x2x2x2x6	192	192	0	1	explicit
x__3s2-1s1__group.3889__C__Z33	384	2x2x2x2x2x2x2x2x2x2x6	4096	4096	0	1	explicit
x__3s1c1s1__group.3805__X11__Z30	48	2x2x2x2	12	12	0	1	explicit
x__3s1c1s1__group.3805__X11__Z9	48	2x2x2x2x2x2	48	48	0	1	explicit
x__3s1c1s1__group.3805__X11__Z45	48	2x2x2x2x2x2x2	40	40	0	1	explicit
x__3s1c1s1__group.3805__X11__Z88	48	2x2x2x2	10	10	0	1	explicit
x__4-1s2-2__group.5790__C__Z1	192	2x2x2x2x2x2	48	48	0	1	explicit
x__3s1c1s1__group.3805__X11__Z79	48	2x4	5	5	0	1	explicit
x__3s1c1s1__group.3805__X11__Z76	48	2x2x2	6	6	0	1	explicit
x__3s1c1s1__group.3805__X11__Z29	48	2x2x2x2	16	16	0	1	explicit
x__3s1c1s1__group.3805__X11__Z38	48	2x2x2x2x2x2x2x2	80	80	0	1	explicit
x__3s1c1s1__group.3805__X11__Z34	48	2x2x2x2	16	16	0	1	explicit
x__3s1c1s1__group.3805__X11__Z37	48	2x2x2x2	16	16	0	1	explicit
x__3s2-1s1__group.3889__C__Z32	384	2x2x2x2x2x2x2x2x2x6	2048	2048	0	1	explicit
x__3s1c1s1__group.3805__X11__Z13	48	2x2x2x2x2x2	20	20	0	1	explicit
x__3s1c1s1__group.3805__X11__Z87	48	2x2x2x2	12	12	0	1	explicit
x__4-1s2-1__group.4937__X100__Z26	128	2x2x2x2x2x2	64	64	0	1	explicit
x__3s1c1s1__group.3805__X11__Z46	48	2x2x2x2x2x2	20	20	0	1	explicit
x__3s1c1s1__group.3805__X11__Z43	48	2x2x2x2x2x2	40	40	0	1	explicit
x__4-1s2-2__group.5790__C__Z4	192	2x2x2	8	8	0	1	explicit
x__2-2s2-2s2-2__group.3762__X00111__Z8	864	2x2x2x2	16	16	0	1	explicit
x__3s1c1s1__group.3805__X11__Z40	48	2x2x2x2x2x2	48	48	0	1	explicit
x__3s1c1s1__group.3805__X11__Z52	48	2x2x2x4	16	16	0	1	explicit
x__3s1c1s1__group.3805__X11__Z36	48	2x2x2x2	16	16	0	1	explicit
x__3s1c1s1__group.3805__X11__Z39	48	2x2x2x2x2x2	20	20	0	1	explicit
x__3s1c1s1__group.3805__X11__Z14	48	2x2x2x2x2x2	40	40	0	1	explicit
x__3s1c1s1__group.3805__X11__Z41	48	2x2x2x2x2x2	48	48	0	1	explicit
x__4-1s2-1__group.4937__X100__Z2	128	2x2x2x2x2	32	32	0	1	explicit
x__4-1s2-1__group.4937__X100__Z9	128	2x2x2x2x2x2	64	64	0	1	explicit
x__3s1c1s1__group.3805__X11__Z78	48	2x2x2	6	6	0	1	explicit
x__4-1s2-2__group.5790__C__Z3	192	2x2x2x2x2x2	48	48	0	1	explicit
x__4-1s2-1__group.4937__X100__Z21	128	2x2x2x2x2x2x2	128	128	0	1	explicit
x__4-2s2-1__group.6541__X100__Z7	576	2x2x2x4	24	24	0	0	explicit
x__2-2s2-2s2-2__group.3762__X00111__Z7	864	2x2x2x2	16	16	0	1	explicit
x__4-1s2-1__group.4992__X010__Z23	128	2x2x2x2x2x2x2	72	72	0	1	explicit
x__3s1c1s1__group.3805__X11__Z48	48	2x2x2x2x2	10	10	0	1	explicit
x__3s1c1s1__group.3805__X11__Z22	48	2x2x2x2	12	12	0	1	explicit
x__4-1s2-1__group.4992__X010__Z62	128	2x2x2x2x2	20	20	0	1	explicit
x__4-1s2-1__group.4992__X010__Z7	128	2x2x2x2x2x2	48	48	0	1	explicit
x__3s1c1s1__group.3805__X11__Z47	48	2x2x2x2x2x2x2	30	30	0	1	explicit
x__4-1s2-1__group.4937__X100__Z5	128	2x2x2x2	16	16	0	1	explicit
x__4-1s2-1__group.4992__X010__Z16	128	2x2x2x2x2x2x2x2	160	160	0	1	explicit
x__4-1s2-1__group.4937__X100__Z7	128	2x2x2x2x2x2x2x2	256	256	0	1	explicit
x__4-1s2-2__group.5790__C__Z2	192	2x2x2	8	8	0	1	explicit
x__4-2s2-1__group.6541__X100__Z8	576	2x2x4	10	10	0	0	explicit
x__4-1s2-1__group.4937__X100__Z20	128	2x2x2x2x2	32	32	0	1	explicit
x__3s1c1s1__group.3805__X11__Z25	48	2x2x2x2	12	12	0	1	explicit
x__4-1s2-1__group.4992__X010__Z24	128	2x2x2x2x2	24	24	0	1	explicit
x__3s1c1s1__group.3805__X11__Z77	48	2x2x2	8	8	0	1	explicit
x__4-1s2-1__group.4992__X010__Z9	128	2x2x2x2	12	12	0	1	explicit
x__4-1s2-1__group.4992__X010__Z65	128	2x2x2x2x2	32	32	0	1	explicit
x__2-2s2-2s2-2__group.3762__X00111__Z5	864	2x2x2x2	16	16	0	1	explicit
x__3s1c1s1__group.3805__X11__Z24	48	2x2x2x2x2x2	32	32	0	1	explicit
x__4-1s2-1__group.4992__X010__Z11	128	2x2x2x2x2x2	36	36	0	1	explicit
x__4-1s2-1__group.4937__X100__Z13	128	2x2x2x2x2	32	32	0	1	explicit
x__4-1s2-1__group.4937__X100__Z6	128	2x2x2x2x2	32	32	0	1	explicit
x__4-2s2-1__group.6541__X100__Z1	576	2x2x2x2x4	36	36	0	0	explicit
x__4-1s2-2__group.5477__X001__Z1	192	2x2x2x2x2	32	32	0	1	explicit
x__4-1s2-1__group.4937__X100__Z18	128	2x2x2x2x2	24	24	0	1	explicit
x__3s1c1s1__group.3805__X11__Z83	48	2x2x2x2	12	12	0	1	explicit
x__4-1s2-1__group.4992__X010__Z47	128	2x2x2x2x2	24	24	0	1	explicit
x__4-1s2-1__group.4992__X010__Z8	128	2x2x2x2x2x2	48	48	0	1	explicit
x__4-1s2-1__group.4992__X010__Z10	128	2x2x2x2	16	16	0	1	explicit
x__4-1s2-1__group.4992__X010__Z39	128	2x2x2x2x2x2x2x2x2	384	384	0	1	explicit
x__3s1c1s1__group.3805__X11__Z23	48	2x2x2x2	12	12	0	1	explicit
x__4-1s2-1__group.4937__X100__Z14	128	2x2x2x2x2	32	32	0	1	explicit
x__2-2s2-2s2-2__group.3762__X00111__Z2	864	2x2x2x2	16	16	0	1	explicit
x__4-1s2-1__group.4937__X100__Z1	128	2x2x2x2x2x2x2	128	128	0	1	explicit
x__4-1s2-1__group.4992__X010__Z18	128	2x2x2x2x2x2	48	48	0	1	explicit
x__4-1s2-2__group.5477__X001__Z4	192	2x2x2	8	8	0	1	explicit
x__4-2s2-1__group.6541__X100__Z6	576	2x4	6	6	0	0	explicit
x__3s1c1s1__group.3805__X11__Z84	48	2x2x2x2	16	16	0	1	explicit
x__4-1s2-1__group.4992__X010__Z40	128	2x2x2x2x2x2	64	64	0	1	explicit
x__4-1s2-1__group.4937__X100__Z27	128	2x2x2x2	16	16	0	1	explicit
x__4-1s2-1__group.4992__X010__Z6	128	2x2x2x2x2x2	36	36	0	1	explicit
x__4-1s2-1__group.4937__X100__Z8	128	2x2x2x2x2x2	64	64	0	1	explicit
x__4-1s2-1__group.4992__X010__Z28	128	2x2x2x2x2x2x2x2	192	192	0	1	explicit
x__4-1s2-1__group.4992__X010__Z27	128	2x2x2x2x2x2	48	48	0	1	explicit
x__4-1s2-1__group.4992__X010__Z37	128	2x2x2x2x2	24	24	0	1	explicit
x__4-1s2-2__group.5477__X001__Z3	192	2x2x2x2x2	24	24	0	1	explicit
x__4-1s2-1__group.4937__X100__Z22	128	2x2x2x2x2x2	64	64	0	1	explicit
x__2-2s2-2s2-2__group.3762__X00111__Z3	864	2x2x2x2	16	16	0	1	explicit
x__4-1s2-1__group.4992__X010__Z70	128	2x2x2x2x2	32	32	0	1	explicit
x__3s1c1s1__group.3805__X11__Z70	48	2x2x2x2	10	10	0	1	explicit
x__4-1s2-1__group.4992__X010__Z57	128	2x2x2x2x2x2x2x2	256	256	0	1	explicit
x__4-1s2-1__group.4937__X100__Z11	128	2x2x2x2x2	32	32	0	1	explicit
x__4-1s2-1__group.4992__X010__Z1	128	2x2x2x2x2x2x2x2	256	256	0	1	explicit
x__4-1s2-1__group.4992__X010__Z49	128	2x2x2x2	16	16	0	1	explicit
x__4-1s2-1__group.4937__X100__Z30	128	2x2x2x2	16	16	0	1	explicit
x__4-1s2-1__group.4992__X010__Z20	128	2x2x2x2x2x2x2x2x2	384	384	0	1	explicit
x__4-1s2-1__group.4992__X010__Z17	128	2x2x2x2x2x2	64	64	0	1	explicit
x__4-1s2-1__group.4992__X010__Z30	128	2x2x2x2x2x2	48	48	0	1	explicit
x__4-1s2-2__group.5477__X001__Z2	192	2x2x2	6	6	0	1	explicit
x__4-1s2-1__group.4992__X010__Z48	128	2x2x2	8	8	0	1	explicit
x__4-1s2-1__group.4937__X100__Z25	128	2x2x2x2x2x2x2x2	256	256	0	1	explicit
x__4-1s2-1__group.4992__X010__Z50	128	2x2x2x2x2	24	24	0	1	explicit
x__2-2s2-2s2-2__group.3762__X00111__Z4	864	2x2x2x2	16	16	0	1	explicit
x__4-1s2-1__group.4992__X010__Z51	128	2x2x2x2x2x2x2x2	192	192	0	1	explicit
x__4-1s2-1__group.4992__X010__Z31	128	2x2x2x2x2x2x2	96	96	0	1	explicit
x__4-1s2-1__group.4937__X100__Z29	128	2x2x2x2	12	12	0	1	explicit
x__4-2s2-1__group.6541__X100__Z3	576	2x2x2x4	24	24	0	0	explicit
x__4-1s2-1__group.4992__X010__Z71	128	2x2x2x2x2x2	64	64	0	1	explicit
x__4-1s2-1__group.4992__X010__Z43	128	2x2x2x2x2x2	48	48	0	1	explicit
x__4-1s2-1__group.4992__X010__Z64	128	2x2x2	8	8	0	1	explicit
x__4-1s2-1__group.4992__X010__Z45	128	2x2x2x2x2	32	32	0	1	explicit
x__4-1s2-1__group.4992__X010__Z41	128	2x2x2x2x2x2x2	128	128	0	1	explicit
x__4-1s2-1__group.4992__X010__Z59	128	2x2x2x2x2	24	24	0	1	explicit
x__2-2s2-2s2-2__group.3762__X00111__Z1	864	2x2x2x2	16	16	0	1	explicit
x__4-1s2-1__group.4937__X100__Z28	128	2x2x2x2x2x2	48	48	0	1	explicit
x__4-1s2-1__group.4992__X010__Z69	128	2x2x2x2x2x2	64	64	0	1	explicit
x__4-1s2-1__group.4937__X100__Z24	128	2x2x2x2x2x2	64	64	0	1	explicit
x__4-1s2-1__group.4937__X100__Z16	128	2x2x2	8	8	0	1	explicit
x__4-1s2-1__group.4992__X010__Z63	128	2x2x2x2x2	32	32	0	1	explicit
x__4-2s2-1__group.6541__X100__Z4	576	2x2x4	10	10	0	0	explicit
x__4-1s2-1__group.4992__X010__Z25	128	2x2x2x2x2x2	32	32	0	1	explicit
x__4-1s2-1__group.4992__X010__Z44	128	2x2x2x2x2	32	32	0	1	explicit
x__4-1s2-1__group.4992__X010__Z36	128	2x2x2x2x2	24	24	0	1	explicit
x__4-1s2-1__group.4992__X010__Z42	128	2x2x2x2x2x2x2	72	72	0	1	explicit
x__4-1s2-1__group.4992__X010__Z46	128	2x2x2x2x2	32	32	0	1	explicit
x__4-1s2-1__group.4937__X100__Z17	128	2x2x2x2	16	16	0	1	explicit
x__4-1s2-1__group.4992__X010__Z56	128	2x2x2x2x2	32	32	0	1	explicit
x__4-1s2-1__group.4992__X010__Z66	128	2x2x2x2x2x2x2	128	128	0	1	explicit
x__4-2s2-1__group.6541__X100__Z5	576	2x2x2x2x4	36	36	0	0	explicit
x__4-1s2-1__group.4992__X010__Z4	128	2x2x2x2x2x2	48	48	0	1	explicit
x__4-1s2-1__group.4992__X010__Z55	128	2x2x2x2	16	16	0	1	explicit
x__4-1s2-1__group.4937__X100__Z4	128	2x2x2x2x2x2	64	64	0	1	explicit
x__4-1s2-1__group.4937__X100__Z23	128	2x2x2x2x2	32	32	0	1	explicit
x__2-2s2-2s2-2__group.3762__X00111__Z6	864	2x2x2x2	16	16	0	1	explicit
x__4-1s2-1__group.4992__X010__Z22	128	2x2x2x2x2x2	40	40	0	1	explicit
x__4-1s2-1__group.4992__X010__Z21	128	2x2x2x2x2x2x2	96	96	0	1	explicit
x__4-1s2-1__group.4992__X010__Z38	128	2x2x2	8	8	0	1	explicit
x__4-1s2-1__group.4992__X010__Z12	128	2x2x2x2x2x2	32	32	0	1	explicit
x__4-1s2-1__group.4937__X100__Z10	128	2x2x2x2x2x2	48	48	0	1	explicit
x__4-1s2-1__group.4992__X010__Z61	128	2x2x2x2	16	16	0	1	explicit
x__4-1s2-1__group.4992__X010__Z33	128	2x2x2x2x2	32	32	0	1	explicit
x__4-1s2-1__group.4992__X010__Z3	128	2x2x2x2x2x2	64	64	0	1	explicit
x__4-2s2-1__group.6541__X100__Z2	576	2x4	6	6	0	0	explicit
x__4-1s2-1__group.4937__X100__Z3	128	2x2x2x2x2	32	32	0	1	explicit
x__4-1s2-1__group.4937__X100__Z15	128	2x2x2x2	12	12	0	1	explicit
x__4-1s2-1__group.4992__X010__Z52	128	2x2x2x2x2	32	32	0	1	explicit
x__4-1s2-1__group.4992__X010__Z14	128	2x2x2x2x2x2x2	128	128	0	1	explicit
x__4-1s2-1__group.4992__X010__Z53	128	2x2x2x2x2	32	32	0	1	explicit
x__2-2s2-1s2-1__group.2478__X1010__Z7	192	2x2x2x2x2x2	64	64	0	1	explicit
x__4-1s2-1__group.4992__X010__Z19	128	2x2x2x2x2x2x2	80	80	0	1	explicit
x__4-1s2-1__group.4992__X010__Z15	128	2x2x2x2x2x2	48	48	0	1	explicit
x__4-1s2-1__group.4992__X010__Z35	128	2x2x2x2x2	24	24	0	1	explicit
x__4-1s2-1__group.4937__X100__Z19	128	2x2x2x2x2x2x2	128	128	0	1	explicit
x__4-1s2-1__group.4992__X010__Z2	128	2x2x2x2x2x2x2	96	96	0	1	explicit
x__4-1s2-1__group.4992__X010__Z34	128	2x2x2x2	16	16	0	1	explicit
x__4-1s2-1__group.4937__X100__Z12	128	2x2x2x2x2	24	24	0	1	explicit
x__2-2s2-1s2-1__group.2478__X1010__Z18	192	2x2x2x2x2x2	48	48	0	1	explicit
x__4-1s2-1__group.4992__X010__Z29	128	2x2x2x2x2x2x2	96	96	0	1	explicit
x__4-1s2-1__group.4992__X010__Z54	128	2x2x2x2x2x2x2	96	96	0	1	explicit
x__4-1s2-1__group.4992__X010__Z13	128	2x2	4	4	0	1	explicit
x__2-2s2-1s2-1__group.2478__X1010__Z1	192	2x2x2x2x2x2x2x2x2	272	272	0	1	explicit
x__2-2s2-1s2-1__group.2478__X1010__Z2	192	2x2x2x2x2x2	64	64	0	1	explicit
x__4-1s2-1__group.4992__X010__Z26	128	2x2x2x2x2x2x2x2	192	192	0	1	explicit
x__4-1s2-1__group.4970__X101__Z1	128	2x2x2x2x2x2x2	96	96	0	1	explicit
x__4-2s2-1__group.6399__C__Z3	384	2x2x2x2x2x2x2x2	256	256	0	1	explicit
x__4-1s2-1__group.4992__X010__Z5	128	2x2x2x2x2	32	32	0	1	explicit
x__4-1s2-1__group.4992__X010__Z32	128	2x2x2x2x2	32	32	0	1	explicit
x__2-2s2-1s2-1__group.2478__X1010__Z27	192	2x2x2x2x2x2	64	64	0	1	explicit
x__2-2s2-1s2-1__group.2478__X1010__Z6	192	2x2x2x2x2x2x2x2x2	288	288	0	1	explicit
x__4-1s2-1__group.4970__X101__Z24	128	2x2x2x4	18	18	0	1	explicit
x__2-2s2-1s2-1__group.2478__X1010__Z14	192	2x2x2x2	12	12	0	1	explicit
x__4-1s2-1__group.4970__X101__Z11	128	2x2x2x2	16	16	0	1	explicit
x__2-1s2-1s2-1__group.1554__X001__Z23	32	2x2x2x2x4x4	44	60	16	0	explicit
x__2-1s2-1s2-1__group.1554__X001__Z1	32	2x2x2x2x2x2x4x4	140	204	64	0	explicit
x__2-1s2-1s2-1__group.1554__X001__Z10	32	2x2x2x2x4x4	44	60	16	0	explicit
x__4-2s2-1__group.6406__X100__Z2	288	2x2x2	8	8	0	1	explicit
x__4-1s2-1__group.4970__X101__Z8	128	2x2x2x2x2	32	32	0	1	explicit
x__4-1s2-1__group.4992__X010__Z60	128	2x2x2x2x2x2	48	48	0	1	explicit
x__4-1s2-1__group.4992__X010__Z68	128	2x2x2x2x2x2x2	128	128	0	1	explicit
x__4-2s2-1__group.6399__C__Z4	384	2x2x2x2	16	16	0	1	explicit
x__2-2s2-1s2-1__group.2478__X1010__Z8	192	2x2x2x2x2x2	64	64	0	1	explicit
x__2-2s2-1s2-1__group.2478__X1010__Z20	192	2x2x2x2x2	20	20	0	1	explicit
x__2-2s2-1s2-1__group.2478__X1010__Z13	192	2x2x2x2x2x2	48	48	0	1	explicit
x__4-1s2-1__group.4970__X101__Z2	128	2x2x2x2x2x2	48	48	0	1	explicit
x__2-1s2-1s2-1__group.1554__X001__Z24	32	2x2x2x2x2	10	10	0	0	explicit
x__2-1s2-1s2-1__group.1554__X001__Z28	32	2x2x2x4x4	22	30	8	0	explicit
x__4-1s2-1__group.4970__X101__Z18	128	2x2x4	12	12	0	1	explicit
x__2-1s2-1s2-1__group.1554__X001__Z29	32	2x2x4	10	12	2	0	explicit
x__4-2s2-1__group.6406__X100__Z1	288	2x2x2x2x4	30	30	0	1	explicit
x__4-1s2-1__group.4970__X101__Z9	128	2x2x2x2x2	32	32	0	1	explicit
x__4-1s2-1__group.4992__X010__Z58	128	2x2x2x2x2x2	64	64	0	1	explicit
x__2-2s2-1s2-1__group.2478__X1010__Z10	192	2x2x2x2x4	30	30	0	1	explicit
x__4-2s2-1__group.6399__C__Z2	384	2x2x2x2	16	16	0	1	explicit
x__2-2s2-1s2-1__group.2478__X1010__Z29	192	2x2x2x2	12	12	0	1	explicit
x__2-1s2-1s2-1__group.1554__X001__Z25	32	2x2x2x4x4	48	72	24	0	explicit
x__2-2s2-1s2-1__group.2478__X1010__Z25	192	2x2x2x2x2x2x2x2x2	288	288	0	1	explicit
x__4-1s2-1__group.4970__X101__Z5	128	2x2x2x2	16	16	0	1	explicit
x__4-1s2-2__group.5667__C__Z8	96	2x2x2x2x2x2x2x2x2	272	272	0	1	explicit
x__2-1s2-1s2-1__group.1554__X001__Z17	32	2x4x4	8	10	2	0	explicit
x__2-1s2-1s2-1__group.1554__X001__Z16	32	2x2x2	4	4	0	0	explicit
x__4-1s2-1__group.4970__X101__Z7	128	2x2x2x2x2x2	64	64	0	1	explicit
x__4-1s2-1__group.4970__X101__Z20	128	2x2x2x4	24	24	0	1	explicit
x__4-2s2-2__group.6936__T__Z1	432	2x4	6	6	0	0	explicit
x__4-1s2-1__group.4992__X010__Z67	128	2x2x2x2x2	32	32	0	1	explicit
x__2-2s2-1s2-1__group.2478__X1010__Z28	192	2x2x2x2x2x2	64	64	0	1	explicit
x__4-1s2-1__group.4970__X101__Z4	128	2x2x2x4	24	24	0	1	explicit
x__2-2s2-1s2-1__group.2478__X1010__Z22	192	2x2x2x2x2x2	64	64	0	1	explicit
x__2-1s2-1s2-1__group.1554__X001__Z22	32	2x2x2x2x2	20	20	0	0	explicit
x__2-2s2-1s2-1__group.2478__X1010__Z16	192	2x2x2x2x2	20	20	0	1	explicit
x__4-2s2-1__group.6399__C__Z1	384	2x2x2x2x2x2x2x2	256	256	0	1	explicit
x__2-1s2-1s2-1__group.1554__X001__Z30	32	2x2x2x4x4	22	30	8	0	explicit
x__4-2s2-2__group.6936__T__Z6	432	2x4	6	6	0	0	explicit
x__2-1s2-1s2-1__group.1554__X001__Z11	32	2x2x2x4	20	24	4	0	explicit
x__2-2s2-1s1c1__group.2026__C__Z4	192	2x2x2x2x2x2x2x2x2x2x2x2	1728	1728	0	1	explicit
x__4-1s2-1__group.4970__X101__Z22	128	2x2x2x2x2x2	48	48	0	1	explicit
x__4-1s2-2__group.5667__C__Z9	96	2x2x2	8	8	0	1	explicit
x__4-1s2-1__group.4970__X101__Z3	128	2x2x2x2x2	32	32	0	1	explicit
x__2-2s2-1s2-1__group.2478__X1010__Z17	192	2x2x2x2x2x2	64	64	0	1	explicit
x__4-1s2-2__group.5667__C__Z11	96	2x2x2x2x2	32	32	0	1	explicit
x__2-2s2-1s2-1__group.2478__X1010__Z9	192	2x2x2x2	12	12	0	1	explicit
x__2-2s2-1s2-1__group.2478__X1010__Z23	192	2x2x2x2x2x2	64	64	0	1	explicit
x__2-2s2-1s2-1__group.2478__X1010__Z11	192	2x2x2x2x2x2x2x2x2	272	272	0	1	explicit
x__2-1s2-1s2-1__group.1554__X001__Z14	32	4x4x4	12	15	3	0	explicit
x__2-1s2-1s2-1__group.1554__X001__Z4	32	2x2x2x2x2	24	24	0	0	explicit
x__4-2s2-2__group.6936__T__Z3	432	2x4	6	6	0	0	explicit
x__2-2s2-1s1c1__group.2026__C__Z3	192	2x2x2x2x2x2x2x2x2x2x2x2	816	816	0	1	explicit
x__2-1s2-1s2-1__group.1554__X001__Z18	32	2x4x4	8	10	2	0	explicit
x__4-1s2-2__group.5667__C__Z7	96	2x2x2x2x2	20	20	0	1	explicit
x__4-1s2-1__group.4970__X101__Z14	128	2x2x2x2x4	36	36	0	1	explicit
x__4-1s2-1__group.4970__X101__Z21	128	2x2x2x2x2	32	32	0	1	explicit
x__2-2s2-1s2-1__group.2478__X1010__Z21	192	2x2x2x2x2x2x2x2x2	288	288	0	1	explicit
x__2-2s2-1s2-1__group.2478__X1010__Z3	192	2x2x2x2x2x2	48	48	0	1	explicit
x__4-1s2-2__group.5667__C__Z10	96	2x2x2	6	6	0	1	explicit
x__2-2s2-1s2-1__group.2478__X1010__Z24	192	2x2x2x2	12	12	0	1	explicit
x__2-1s2-1s2-1__group.1554__X001__Z13	32	2x4x4	8	10	2	0	explicit
x__2-1s2-1s2-1__group.1554__X001__Z3	32	2x2x2x2x4x4	112	160	48	0	explicit
x__4-2s2-2__group.6936__T__Z4	432	2x4	6	6	0	0	explicit
x__4-1s2-2__group.5667__C__Z12	96	2x2x2x2x2	32	32	0	1	explicit
x__2-1s2-1s2-1__group.1554__X001__Z27	32	2x2x2x4	20	24	4	0	explicit
x__2-2s2-1s1c1__group.2026__C__Z2	192	2x2x2x2x2x2x2x2x2x2x2	1152	1152	0	1	explicit
x__4-1s2-1__group.4970__X101__Z13	128	2x2x2x2x2x2x2x2	192	192	0	1	explicit
x__2-2s2-1s1s1__group.2334__X0111__Z114	96	2x2x2x2x2x2x2x2	144	144	0	1	explicit
x__4-2s2-2__group.7014__X101__Z2	72	3x12	12	18	6	0	explicit
x__4-1s2-1__group.4970__X101__Z19	128	2x2x2x2x2x2x2	128	128	0	1	explicit
x__2-2s2-1s2-1__group.2478__X1010__Z12	192	2x2x2x2x2x2	64	64	0	1	explicit
x__2-2s2-1s2-1__group.2478__X1010__Z19	192	2x2x2x2	12	12	0	1	explicit
x__2-2s2-1s2-1__group.2478__X1010__Z4	192	2x2x2x2	12	12	0	1	explicit
x__2-1s2-1s2-1__group.1554__X001__Z7	32	2x2x2x4x4	56	80	24	0	explicit
x__4-2s2-2__group.6936__T__Z5	432	2x4	6	6	0	0	explicit
x__2-1s2-1s2-1__group.1554__X001__Z2	32	2x2x2x2x2x4	56	72	16	0	explicit
x__4-1s2-2__group.5667__C__Z14	96	2x2x2x2x2	20	20	0	1	explicit
x__2-1s2-1s2-1__group.1554__X001__Z20	32	2x2x2x2x2x4	56	72	16	0	explicit
x__4-1s2-1__group.4970__X101__Z12	128	2x2x2x2x2	24	24	0	1	explicit
x__2-2s2-1s1s1__group.2334__X0111__Z35	96	2x2x2x2x2	24	24	0	1	explicit
x__2-2s2-1s1c1__group.2026__C__Z5	192	2x2x2x2x2x2x2x2	120	120	0	1	explicit
x__4-2s2-2__group.7014__X101__Z1	72	12	6	9	3	0	explicit
x__4-1s2-1__group.4970__X101__Z10	128	2x2x2x2x2	24	24	0	1	explicit
x__2-2s2-1s2-1__group.2478__X1010__Z15	192	2x2x2x2x2x2x2x2x2	272	272	0	1	explicit
x__4-2s2-2__group.6936__T__Z2	432	2x4	6	6	0	0	explicit
x__2-1s2-1s2-1__group.1554__X001__Z9	32	2x4x4	14	20	6	0	explicit
x__2-2s2-1s2-1__group.2478__X1010__Z30	192	2x2x2x2x4	30	30	0	1	explicit
x__2-2s2-1s2-1__group.2478__X1010__Z26	192	2x2x2x2x4	30	30	0	1	explicit
x__4-1s2-2__group.5667__C__Z13	96	2x2x2x2x2	24	24	0	1	explicit
x__2-1s2-1s2-1__group.1554__X001__Z5	32	2x2x4x4	11	15	4	0	explicit
x__2-1s2-1s2-1__group.1554__X001__Z21	32	2x2x2x2x4x4	96	144	48	0	explicit
x__2-2s2-1s1s1__group.2334__X0111__Z32	96	2x2x2x2x2	32	32	0	1	explicit
x__2-2s2-1s1c1__group.2026__C__Z7	192	2x2x2x2x2x2x2	96	96	0	1	explicit
x__4-1s2-1__group.4970__X101__Z15	128	2x2x2x2	16	16	0	1	explicit
x__6-2__group.7573__X10__Z1	432	6	4	6	2	0	explicit
x__2-1s2-1s2-1__group.1554__X001__Z8	32	2x2x2x4	20	24	4	0	explicit
x__2-2s2-1s2-1__group.2478__X1010__Z5	192	2x2x2x2x2	20	20	0	1	explicit
x__4-1s2-1__group.4970__X101__Z6	128	2x2x2x4	24	24	0	1	explicit
x__4-1s2-1__group.4970__X101__Z17	128	2x2x4	12	12	0	1	explicit
x__4-1s2-2__group.5667__C__Z1	96	2x2x2x2x2x2x2x2x2	272	272	0	1	explicit
x__2-1s2-1s2-1__group.1554__X001__Z19	32	2x2x2x2x2x2x4x4	124	188	64	0	explicit
x__2-1s2-1s2-1__group.1554__X001__Z12	32	2x2x2x4x4	22	30	8	0	explicit
x__2-2s2-1s1s1__group.2334__X0111__Z92	96	2x2x2x2x2	32	32	0	1	explicit
x__4-1s2-2__group.5667__C__Z5	96	2x2x2x2x2	32	32	0	1	explicit
x__2-2s2-1s1s1__group.2334__X0111__Z50	96	2x2x2x2x2x2x2x2	256	256	0	1	explicit
x__2-2s2-1s1c1__group.2026__C__Z6	192	2x2x2x2x2x2x2x2x2x2x2	1088	1088	0	1	explicit
x__2-2s2-1s1s1__group.2334__X0111__Z4	96	2x2x2x2x2	24	24	0	1	explicit
x__4-1s2-1__group.4970__X101__Z23	128	2x2x2x2	16	16	0	1	explicit
x__2-1s2-1s2-1__group.1554__X001__Z6	32	2x2x2x2	5	5	0	0	explicit
x__2-1s2-1s2-1__group.1554__X001__Z15	32	2x2	2	2	0	0	explicit
x__2-2s2-1s1s1__group.2334__X0111__Z93	96	2x2x2x2x2x2x2x2	160	160	0	1	explicit
x__4-1s2-2__group.5667__C__Z6	96	2x2x2x2x2	24	24	0	1	explicit
x__2-2s2-1s1s1__group.2334__X0111__Z66	96	2x2x2x2x2x2x2x2	144	144	0	1	explicit
x__2-2s2-1s1s1__group.2334__X0111__Z18	96	2x2x2x2	16	16	0	1	explicit
x__2-1s2-1s2-1__group.1554__X001__Z26	32	2x2x2x4	20	24	4	0	explicit
x__4-1s2-1__group.4970__X101__Z16	128	2x2x2x2x4	48	48	0	1	explicit
x__2-2s2-1s1s1__group.2334__X0111__Z33	96	2x2x2x2x2	32	32	0	1	explicit
x__2-2s2-1s1s1__group.2334__X0111__Z3	96	2x2x2x2x2x2x2x2	192	192	0	1	explicit
x__4-1s2-2__group.5667__C__Z2	96	2x2x2	8	8	0	1	explicit
x__2-2s2-1s1s1__group.2334__X0111__Z58	96	2x2x2x2	16	16	0	1	explicit
x__2-2s2-1s1s1__group.2334__X0111__Z59	96	2x2x2x2	16	16	0	1	explicit
x__2-2s2-1s1s1__group.2334__X0111__Z75	96	2x2x2x2	16	16	0	1	explicit
x__2-2s2-1s1s1__group.2334__X0111__Z21	96	2x2x2x2x2x2x2x2	256	256	0	1	explicit
x__2-2s2-1s1s1__group.2334__X0111__Z96	96	2x2x2x2	16	16	0	1	explicit
x__2-2s2-1s1s1__group.2334__X0111__Z20	96	2x2x2x2x2x2x2x2x2x2x2x2	2176	2176	0	1	explicit
x__1c1c1c1s1s1__group.1046__X011__Z19	8	2x2x2x2x2x2	9	9	0	1	explicit
x__2-2s2-1s1s1__group.2334__X0111__Z55	96	2x2x2x2x2x2x2x2	160	160	0	1	explicit
x__2-2s2-1s1s1__group.2334__X0111__Z2	96	2x2x2x2x2x2x2x2	256	256	0	1	explicit
x__2-2s2-1s1c1__group.2026__C__Z1	192	2x2x2x2x2x2x2x2x2x2x2x2x2x2x2x2	13056	13056	0	1	explicit
x__2-2s2-1s1s1__group.2334__X0111__Z111	96	2x2x2x2x2	24	24	0	1	explicit
x__2-2s2-1s1s1__group.2334__X0111__Z34	96	2x2x2x2x2x2x2x2	160	160	0	1	explicit
x__2-2s2-1s1s1__group.2334__X0111__Z70	96	2x2x2x2x2	32	32	0	1	explicit
x__4-1s2-2__group.5667__C__Z3	96	2x2x2	6	6	0	1	explicit
x__2-2s2-1s1s1__group.2334__X0111__Z45	96	2x2x2x2x2x2	64	64	0	1	explicit
x__2-2s2-1s1s1__group.2334__X0111__Z81	96	2x2x2x2x2x2x2x2x2	288	288	0	1	explicit
x__2-2s2-1s1s1__group.2334__X0111__Z109	96	2x2x2x2x2	32	32	0	1	explicit
x__2-2s2-1s1s1__group.2334__X0111__Z61	96	2x2x2x2x2x2x2x2x2	288	288	0	1	explicit
x__2-2s2-1s1s1__group.2334__X0111__Z91	96	2x2x2x2x2x2x2x2	256	256	0	1	explicit
x__2-2s2-1s1s1__group.2334__X0111__Z108	96	2x2x2x2x2	32	32	0	1	explicit
x__2-2s2-1s1s1__group.2334__X0111__Z52	96	2x2x2x2x2	32	32	0	1	explicit
x__2-2s2-1s1s1__group.2334__X0111__Z5	96	2x2x2x2x2x2x2x2x2	288	288	0	1	explicit
x__2-2s2-1s1s1__group.2334__X0111__Z112	96	2x2x2x2	16	16	0	1	explicit
x__2-2s2-1s1s1__group.2334__X0111__Z23	96	2x2x2x2x2	24	24	0	1	explicit
x__2-2s2-1s1s1__group.2334__X0111__Z84	96	2x2x2x2x2x2	48	48	0	1	explicit
x__2-2s2-1s1s1__group.2334__X0111__Z22	96	2x2x2x2x2x2x2x2	192	192	0	1	explicit
x__2-2s2-1s1s1__group.2334__X0111__Z89	96	2x2x2x2x2	32	32	0	1	explicit
x__2-2s2-1s1s1__group.2334__X0111__Z88	96	2x2x2x2x2x2x2x2	256	256	0	1	explicit
x__4-1s2-2__group.5667__C__Z4	96	2x2x2x2x2	32	32	0	1	explicit
x__2-2s2-1s1s1__group.2334__X0111__Z26	96	2x2x2x2x2x2	64	64	0	1	explicit
x__2-2s2-1s1s1__group.2334__X0111__Z95	96	2x2x2x2x2x2x2x2	192	192	0	1	explicit
x__2-2s2-1s1s1__group.2334__X0111__Z65	96	2x2x2x2	12	12	0	1	explicit
x__2-2s2-1s1s1__group.2334__X0111__Z51	96	2x2x2x2x2	32	32	0	1	explicit
x__2-2s2-1s1s1__group.2334__X0111__Z99	96	2x2x2x2x2x2x2x2x2	288	288	0	1	explicit
x__2-2s2-1s1s1__group.2334__X0111__Z113	96	2x2x2x2	16	16	0	1	explicit
x__2-2s2-1s1s1__group.2334__X0111__Z101	96	2x2x2x2x2x2	64	64	0	1	explicit
x__2-2s2-1s1s1__group.2334__X0111__Z49	96	2x2x2x2x2x2x2x2	144	144	0	1	explicit
x__2-2s2-1s1s1__group.2334__X0111__Z48	96	2x2x2x2x2x2x2x2x2x2x2x2	2176	2176	0	1	explicit
x__2-2s2-1s1s1__group.2334__X0111__Z24	96	2x2x2x2x2x2x2x2x2	288	288	0	1	explicit
x__2-2s2-1s1s1__group.2334__X0111__Z42	96	2x2x2x2x2	24	24	0	1	explicit
x__2-2s2-1s1s1__group.2334__X0111__Z43	96	2x2x2x2x2x2x2x2x2	288	288	0	1	explicit
x__2-2s2-1s1s1__group.2334__X0111__Z19	96	2x2x2x2x2x2x2x2	144	144	0	1	explicit
x__2-2s2-1s1s1__group.2334__X0111__Z57	96	2x2x2x2x2x2x2x2	192	192	0	1	explicit
x__4-1s2-1__group.5216__X0011__Z47	64	2x2x2x2x2x2x2x2	144	144	0	1	explicit
x__2-2s2-1s1s1__group.2334__X0111__Z64	96	2x2x2x2x2x2	48	48	0	1	explicit
x__2-2s2-1s1s1__group.2334__X0111__Z56	96	2x2x2x2x2	24	24	0	1	explicit
x__2-2s2-1s1s1__group.2334__X0111__Z53	96	2x2x2x2x2x2x2x2	256	256	0	1	explicit
x__2-2s2-1s1s1__group.2334__X0111__Z16	96	2x2x2x2x2	24	24	0	1	explicit
x__2-2s2-1s1s1__group.2334__X0111__Z83	96	2x2x2x2x2x2	64	64	0	1	explicit
x__2-2s2-1s1s1__group.2334__X0111__Z12	96	2x2x2x2x2	32	32	0	1	explicit
x__2-2s2-1s1s1__group.2334__X0111__Z76	96	2x2x2x2x2x2x2x2	144	144	0	1	explicit
x__2-2s2-1s1s1__group.2334__X0111__Z80	96	2x2x2x2x2	24	24	0	1	explicit
x__4-1s2-1__group.5216__X0011__Z24	64	2x2x2x2	16	16	0	1	explicit
x__2-2s2-1s1s1__group.2334__X0111__Z7	96	2x2x2x2x2x2	64	64	0	1	explicit
x__2-2s2-1s1s1__group.2334__X0111__Z68	96	2x2x2x2x2x2x2x2	256	256	0	1	explicit
x__2-2s2-1s1s1__group.2334__X0111__Z44	96	2x2x2x2x2x2x2x2x2	512	512	0	1	explicit
x__2-2s2-1s1s1__group.2334__X0111__Z90	96	2x2x2x2x2	32	32	0	1	explicit
x__4-1s2-1__group.5216__X0011__Z40	64	2x2x2x2x2x2x2x2	144	144	0	1	explicit
x__2-2s2-1s1s1__group.2334__X0111__Z98	96	2x2x2x2x2	24	24	0	1	explicit
x__2-2s2-1s1s1__group.2334__X0111__Z69	96	2x2x2x2x2	32	32	0	1	explicit
x__2-2s2-1s1s1__group.2334__X0111__Z29	96	2x2x2x2x2x2x2x2	144	144	0	1	explicit
x__2-2s2-1s1s1__group.2334__X0111__Z105	96	2x2x2x2x2x2x2x2	144	144	0	1	explicit
x__2-2s2-1s1s1__group.2334__X0111__Z77	96	2x2x2x2x2x2x2x2x2x2x2x2	2176	2176	0	1	explicit
x__2-2s2-1s1s1__group.2334__X0111__Z82	96	2x2x2x2x2x2x2x2x2	512	512	0	1	explicit
x__2-2s2-1s1s1__group.2334__X0111__Z74	96	2x2x2x2	16	16	0	1	explicit
x__2-2s2-1s1s1__group.2334__X0111__Z9	96	2x2x2x2	12	12	0	1	explicit
x__2-2s2-1s1s1__group.2334__X0111__Z10	96	2x2x2x2x2x2x2x2	144	144	0	1	explicit
x__4-1s2-1__group.5216__X0011__Z12	64	2x2x2x2x2x2x2x2	256	256	0	1	explicit
x__2-2s2-1s1s1__group.2334__X0111__Z97	96	2x2x2x2	16	16	0	1	explicit
x__2-2s2-1s1s1__group.2334__X0111__Z54	96	2x2x2x2x2	32	32	0	1	explicit
x__4-1s2-1__group.5216__X0011__Z38	64	2x2x2x4	24	24	0	1	explicit
x__4-1s2-1__group.5216__X0011__Z14	64	2x2x2x2x2x2	40	40	0	1	explicit
x__2-2s2-1s1s1__group.2334__X0111__Z11	96	2x2x2x2x2x2x2x2	256	256	0	1	explicit
x__2-2s2-1s1s1__group.2334__X0111__Z85	96	2x2x2x2	12	12	0	1	explicit
x__2-2s2-1s1s1__group.2334__X0111__Z94	96	2x2x2x2x2	24	24	0	1	explicit
x__2-2s2-1s1s1__group.2334__X0111__Z102	96	2x2x2x2x2x2	48	48	0	1	explicit
x__2-2s2-1s1s1__group.2334__X0111__Z103	96	2x2x2x2	12	12	0	1	explicit
x__2-2s2-1s1s1__group.2334__X0111__Z73	96	2x2x2x2x2	24	24	0	1	explicit
x__2-2s2-1s1s1__group.2334__X0111__Z107	96	2x2x2x2x2	32	32	0	1	explicit
x__2-2s2-1s1s1__group.2334__X0111__Z8	96	2x2x2x2x2x2	48	48	0	1	explicit
x__4-1s2-1__group.5216__X0011__Z15	64	2x2x2x2x2x2	64	64	0	1	explicit
x__2-2s2-1s1s1__group.2334__X0111__Z63	96	2x2x2x2x2x2	64	64	0	1	explicit
x__2-2s2-1s1s1__group.2334__X0111__Z38	96	2x2x2x2x2x2x2x2	144	144	0	1	explicit
x__2-2s2-1s1s1__group.2334__X0111__Z60	96	2x2x2x2x2	24	24	0	1	explicit
x__2-2s2-1s1s1__group.2334__X0111__Z106	96	2x2x2x2x2x2x2x2	256	256	0	1	explicit
x__2-2s2-1s1s1__group.2334__X0111__Z15	96	2x2x2x2x2x2x2x2	160	160	0	1	explicit
x__2-2s2-1s1s1__group.2334__X0111__Z71	96	2x2x2x2x2	32	32	0	1	explicit
x__2-2s2-1s1s1__group.2334__X0111__Z14	96	2x2x2x2x2	32	32	0	1	explicit
x__2-2s2-1s1s1__group.2334__X0111__Z87	96	2x2x2x2x2x2x2x2	144	144	0	1	explicit
x__4-1s2-1__group.5216__X0011__Z13	64	2x2x2x2x2x2x2x2x2x2x2x2	2112	2112	0	1	explicit
x__4-1s2-1__group.5216__X0011__Z31	64	2x2x2x2x2x2x2x2x2	272	272	0	1	explicit
x__2-2s2-1s1s1__group.2334__X0111__Z100	96	2x2x2x2x2x2x2x2x2	512	512	0	1	explicit
x__2-2s2-1s1s1__group.2334__X0111__Z6	96	2x2x2x2x2x2x2x2x2	512	512	0	1	explicit
x__4-1s2-1__group.5216__X0011__Z4	64	2x2x2x2x2	32	32	0	1	explicit
x__2-2s2-1s1s1__group.2334__X0111__Z110	96	2x2x2x2x2x2x2x2	160	160	0	1	explicit
x__2-2s2-1s1s1__group.2334__X0111__Z37	96	2x2x2x2	16	16	0	1	explicit
x__2-2s2-1s1s1__group.2334__X0111__Z67	96	2x2x2x2x2x2x2x2	144	144	0	1	explicit
x__2-2s2-1s1s1__group.2334__X0111__Z41	96	2x2x2x2x2x2x2x2	192	192	0	1	explicit
x__2-2s2-1s1s1__group.2334__X0111__Z13	96	2x2x2x2x2	32	32	0	1	explicit
x__2-2s2-1s1s1__group.2334__X0111__Z78	96	2x2x2x2x2x2x2x2	256	256	0	1	explicit
x__2-2s2-1s1s1__group.2334__X0111__Z86	96	2x2x2x2x2x2x2x2x2x2x2x2	2176	2176	0	1	explicit
x__2-2s2-1s1s1__group.2334__X0111__Z17	96	2x2x2x2	16	16	0	1	explicit
x__2-2s2-1s1s1__group.2334__X0111__Z27	96	2x2x2x2x2x2	48	48	0	1	explicit
x__4-1s2-1__group.5216__X0011__Z25	64	2x2x2x2	16	16	0	1	explicit
x__2-2s2-1s1s1__group.2334__X0111__Z1	96	2x2x2x2x2x2x2x2x2x2x2x2	2176	2176	0	1	explicit
x__4-1s2-1__group.5216__X0011__Z36	64	2x2x2x4	24	24	0	1	explicit
x__4-1s2-1__group.5216__X0011__Z3	64	2x2x2x2x2x2x2x2	256	256	0	1	explicit
x__2-2s2-1s1s1__group.2334__X0111__Z31	96	2x2x2x2x2	32	32	0	1	explicit
x__2-2s2-1s1s1__group.2334__X0111__Z30	96	2x2x2x2x2x2x2x2	256	256	0	1	explicit
x__2-2s2-1s1s1__group.2334__X0111__Z104	96	2x2x2x2x2x2x2x2	144	144	0	1	explicit
x__2-2s2-1s1s1__group.2334__X0111__Z79	96	2x2x2x2x2x2x2x2	192	192	0	1	explicit
x__2-2s2-1s1s1__group.2334__X0111__Z47	96	2x2x2x2	12	12	0	1	explicit
x__4-1s2-1__group.5216__X0011__Z44	64	2x2x2x2x2x2x2x2	144	144	0	1	explicit
x__2-2s2-1s1s1__group.2334__X0111__Z72	96	2x2x2x2x2x2x2x2	160	160	0	1	explicit
x__2-2s2-1s1s1__group.2334__X0111__Z28	96	2x2x2x2	12	12	0	1	explicit
x__4-1s2-1__group.5216__X0011__Z10	64	2x2x2x2x2	32	32	0	1	explicit
x__2-2s2-1s1s1__group.2334__X0111__Z62	96	2x2x2x2x2x2x2x2x2	512	512	0	1	explicit
x__4-1s2-1__group.5216__X0011__Z2	64	2x2x2x2x2x2x2x2	256	256	0	1	explicit
x__2-2s2-1s1s1__group.2334__X0111__Z36	96	2x2x2x2	16	16	0	1	explicit
x__2-2s2-1s1s1__group.2334__X0111__Z39	96	2x2x2x2x2x2x2x2x2x2x2x2	2176	2176	0	1	explicit
x__4-1s2-1__group.5216__X0011__Z22	64	2x2x2x4	24	24	0	1	explicit
x__4-1s2-1__group.5216__X0011__Z7	64	2x2x2x2x2x2x2x2	256	256	0	1	explicit
x__2-2s2-1s1s1__group.2334__X0111__Z46	96	2x2x2x2x2x2	48	48	0	1	explicit
x__2-2s2-1s1s1__group.2334__X0111__Z25	96	2x2x2x2x2x2x2x2x2	512	512	0	1	explicit
x__2-2s2-1s1s1__group.2334__X0111__Z40	96	2x2x2x2x2x2x2x2	256	256	0	1	explicit
x__4-1s2-1__group.5216__X0011__Z27	64	2x2x2x2x2x2	40	40	0	1	explicit
x__4-2s1c1__group.5927__C__Z2	288	2x2x2x4x4	34	34	0	1	explicit
x__4-1s2-1__group.5216__X0011__Z5	64	2x2x2x2x2	32	32	0	1	explicit
x__4-1s2-1__group.4990__X010__Z64	128	2x2x2x2x2	32	32	0	1	explicit
x__4-1s2-1__group.5216__X0011__Z17	64	2x2x2x2x2x2	64	64	0	1	explicit
x__4-1s2-1__group.4990__X010__Z15	128	2x2x2x2x2	32	32	0	1	explicit
x__4-1s2-1__group.5216__X0011__Z41	64	2x2x2x2x2x2x2x2	144	144	0	1	explicit
x__4-1s2-1__group.5216__X0011__Z6	64	2x2x2x2x2x2x2x2	256	256	0	1	explicit
x__4-1s2-1__group.5216__X0011__Z49	64	2x2x2x2x2	24	24	0	1	explicit
x__4-1s2-1__group.4990__X010__Z47	128	2x2x2x2x2	24	24	0	1	explicit
x__4-1s2-1__group.4990__X010__Z59	128	2x2x2x2x2	24	24	0	1	explicit
x__4-1s2-1__group.5216__X0011__Z18	64	2x2x2x2x2x2x2x2x2	288	288	0	1	explicit
x__4-1s2-1__group.4990__X010__Z53	128	2x2x2x2x2	32	32	0	1	explicit
x__4-1s2-1__group.4990__X010__Z63	128	2x2x2x2x2x2x2	128	128	0	1	explicit
x__4-1s2-1__group.4990__X010__Z20	128	2x2x2x2x2x2x2x2	256	256	0	1	explicit
x__4-1s2-1__group.4990__X010__Z67	128	2x2x2x2x2	32	32	0	1	explicit
x__4-1s2-1__group.5216__X0011__Z1	64	2x2x2x2x2x2x2x2	256	256	0	1	explicit
x__4-1s2-1__group.4990__X010__Z23	128	2x2x2x2x2x2	48	48	0	1	explicit
x__4-1s2-1__group.5216__X0011__Z46	64	2x2x2x2x2x2x2x2	144	144	0	1	explicit
x__4-1s2-1__group.5216__X0011__Z37	64	2x2x2x4	24	24	0	1	explicit
x__4-1s2-1__group.5216__X0011__Z28	64	2x2x2x2x2x2	64	64	0	1	explicit
x__4-1s2-1__group.4990__X010__Z40	128	2x2x2x2x2x2	64	64	0	1	explicit
x__4-1s2-1__group.4990__X010__Z54	128	2x2x2x2x2x2	64	64	0	1	explicit
x__4-1s2-1__group.4990__X010__Z66	128	2x2x2x2x2x2	64	64	0	1	explicit
x__2-2s2-2s2-2__group.3630__X011__Z11	216	3x6x6	32	32	0	1	explicit
x__4-1s2-1__group.4990__X010__Z51	128	2x2x2x2x2x2x2	128	128	0	1	explicit
x__4-1s2-1__group.4990__X010__Z55	128	2x2x2x2	16	16	0	1	explicit
x__4-1s2-1__group.4990__X010__Z43	128	2x2x2x2x2x2	48	48	0	1	explicit
x__4-1s2-1__group.5216__X0011__Z20	64	2x2x2x2x2	32	32	0	1	explicit
x__4-1s2-1__group.5216__X0011__Z8	64	2x2x2x2x2x2x2x2	256	256	0	1	explicit
x__4-1s2-1__group.5216__X0011__Z21	64	2x2x2x4	20	20	0	1	explicit
x__4-1s2-1__group.4990__X010__Z24	128	2x2x2x2	16	16	0	1	explicit
x__4-1s2-1__group.5216__X0011__Z48	64	2x2x2x2x2	24	24	0	1	explicit
x__4-1s2-1__group.4990__X010__Z49	128	2x2x2x2	16	16	0	1	explicit
x__4-1s2-1__group.5216__X0011__Z30	64	2x2x2x2x2x2	64	64	0	1	explicit
x__4-1s2-1__group.4990__X010__Z62	128	2x2x2x2x2	20	20	0	1	explicit
x__4-1s2-1__group.4990__X010__Z56	128	2x2x2x2x2	32	32	0	1	explicit
x__4-1s2-1__group.4990__X010__Z61	128	2x2x2x2	16	16	0	1	explicit
x__4-1s2-1__group.4990__X010__Z52	128	2x2x2x2x2	32	32	0	1	explicit
x__2-2s2-2s2-2__group.3630__X011__Z2	216	6x6	16	16	0	1	explicit
x__4-1s2-1__group.4990__X010__Z44	128	2x2x2x2x2	32	32	0	1	explicit
x__4-1s2-1__group.5216__X0011__Z16	64	2x2x2x2x2x2	40	40	0	1	explicit
x__4-1s2-1__group.4990__X010__Z48	128	2x2x2	8	8	0	1	explicit
x__4-1s2-1__group.5216__X0011__Z39	64	2x2x2x2x2x2x2x2	160	160	0	1	explicit
x__4-1s2-1__group.5216__X0011__Z26	64	2x2x2x2x2x2x2x2x2x2x2x2	2112	2112	0	1	explicit
x__4-1s2-1__group.5216__X0011__Z33	64	2x2x2x2x2	32	32	0	1	explicit
x__4-1s2-1__group.5216__X0011__Z23	64	2x2x2x2	16	16	0	1	explicit
x__2-2s2-2s2-2__group.3630__X011__Z5	216	6x6	16	16	0	1	explicit
x__4-1s2-1__group.4990__X010__Z35	128	2x2x2x2x2	24	24	0	1	explicit
x__4-1s2-1__group.4990__X010__Z45	128	2x2x2x2x2	32	32	0	1	explicit
x__4-1s2-1__group.4990__X010__Z8	128	2x2x2x2x2	32	32	0	1	explicit
x__4-1s2-1__group.4990__X010__Z39	128	2x2x2x2x2x2x2x2	256	256	0	1	explicit
x__4-1s2-1__group.4990__X010__Z65	128	2x2x2x2x2x2x2	128	128	0	1	explicit
x__4-1s2-1__group.5216__X0011__Z29	64	2x2x2x2x2x2	40	40	0	1	explicit
x__4-1s2-1__group.4990__X010__Z41	128	2x2x2x2x2x2x2	128	128	0	1	explicit
x__4-1s2-1__group.4990__X010__Z21	128	2x2x2x2x2x2	64	64	0	1	explicit
x__2-2s2-2s2-2__group.3630__X011__Z1	216	6x6	16	16	0	1	explicit
x__4-1s2-1__group.5216__X0011__Z19	64	2x2x2x2x2	20	20	0	1	explicit
x__4-1s2-1__group.5216__X0011__Z34	64	2x2x2x2	12	12	0	1	explicit
x__2-2s2-2s2-1__group.3258__X101__Z11	144	2x2x2x6	32	32	0	1	explicit
x__4-1s2-1__group.4990__X010__Z42	128	2x2x2x2x2x2	48	48	0	1	explicit
x__2-2s2-2s2-2__group.3630__X011__Z4	216	2x6	8	8	0	1	explicit
x__4-1s2-1__group.4990__X010__Z33	128	2x2x2x2x2	32	32	0	1	explicit
x__4-1s2-1__group.4990__X010__Z32	128	2x2x2x2x2	32	32	0	1	explicit
x__4-1s2-1__group.4990__X010__Z46	128	2x2x2x2x2	32	32	0	1	explicit
x__4-1s2-1__group.4990__X010__Z19	128	2x2x2x2x2	32	32	0	1	explicit
x__4-1s2-1__group.5216__X0011__Z11	64	2x2x2x2x2	32	32	0	1	explicit
x__4-1s2-1__group.4990__X010__Z31	128	2x2x2x2x2x2	64	64	0	1	explicit
x__4-1s2-1__group.4990__X010__Z37	128	2x2x2x2x2	24	24	0	1	explicit
x__2-2s2-2s2-1__group.3258__X101__Z16	144	2x6	8	8	0	1	explicit
x__4-1s2-1__group.5216__X0011__Z43	64	2x2x2x2x2	24	24	0	1	explicit
x__4-1s2-1__group.5216__X0011__Z50	64	2x2x2x2x2x2x2x2	136	136	0	1	explicit
x__2-2s2-2s2-2__group.3630__X011__Z8	216	3x6x6	32	32	0	1	explicit
x__2-2s2-2s2-2__group.3630__X011__Z3	216	2x6	8	8	0	1	explicit
x__4-1s2-1__group.4990__X010__Z6	128	2x2x2x2x2	24	24	0	1	explicit
x__4-1s2-1__group.4990__X010__Z29	128	2x2x2x2x2x2	64	64	0	1	explicit
x__4-1s2-1__group.4990__X010__Z7	128	2x2x2x2x2	32	32	0	1	explicit
x__4-1s2-1__group.5216__X0011__Z45	64	2x2x2x2x2x2x2x2	160	160	0	1	explicit
x__4-1s2-1__group.4990__X010__Z2	128	2x2x2x2x2x2	64	64	0	1	explicit
x__4-1s2-1__group.4990__X010__Z4	128	2x2x2x2x2x2	48	48	0	1	explicit
x__4-1s2-1__group.4990__X010__Z25	128	2x2x2x2x2	20	20	0	1	explicit
x__4-1s2-1__group.4990__X010__Z26	128	2x2x2x2x2x2x2	128	128	0	1	explicit
x__2-2s2-2s2-1__group.3258__X101__Z17	144	2x2x6x6	64	64	0	1	explicit
x__2-2s2-2s2-2__group.3630__X011__Z9	216	6x6	16	16	0	1	explicit
x__4-1s2-1__group.4990__X010__Z16	128	2x2x2x2x2	32	32	0	1	explicit
x__2-2s2-2s2-1__group.3258__X101__Z15	144	2x2x2x6	32	32	0	1	explicit
x__2-2s2-2s2-2__group.3630__X011__Z13	216	2x6	8	8	0	1	explicit
x__4-1s2-1__group.4990__X010__Z9	128	2x2x2	8	8	0	1	explicit
x__4-1s2-1__group.4990__X010__Z34	128	2x2x2x2	16	16	0	1	explicit
x__4-1s2-1__group.5216__X0011__Z35	64	2x2x2x2	16	16	0	1	explicit
x__4-1s2-1__group.5216__X0011__Z42	64	2x2x2x2x2	32	32	0	1	explicit
x__4-1s2-1__group.4990__X010__Z10	128	2x2x2x2	12	12	0	1	explicit
x__4-1s2-1__group.4990__X010__Z36	128	2x2x2x2x2	24	24	0	1	explicit
x__4-1s2-1__group.4990__X010__Z22	128	2x2x2x2x2	24	24	0	1	explicit
x__4-1s2-1__group.4990__X010__Z30	128	2x2x2x2x2	32	32	0	1	explicit
x__2-2s2-2s2-1__group.3258__X101__Z10	144	2x6	8	8	0	1	explicit
x__2-2s2-2s2-1__group.3258__X101__Z12	144	2x6	8	8	0	1	explicit
x__2-2s2-2s2-2__group.3630__X011__Z7	216	3x6x6	32	32	0	1	explicit
x__4-1s2-1__group.4990__X010__Z1	128	2x2x2x2x2x2x2x2	256	256	0	1	explicit
x__2-2s2-2s2-2__group.3630__X011__Z14	216	3x6x6	32	32	0	1	explicit
x__4-1s2-1__group.4990__X010__Z11	128	2x2x2x2x2	24	24	0	1	explicit
x__4-1s2-1__group.4990__X010__Z68	128	2x2x2x2x2x2	64	64	0	1	explicit
x__4-1s2-1__group.5216__X0011__Z32	64	2x2x2x2x2	20	20	0	1	explicit
x__4-1s2-1__group.5216__X0011__Z9	64	2x2x2x2x2x2x2x2	256	256	0	1	explicit
x__4-1s2-1__group.4990__X010__Z14	128	2x2x2x2x2x2x2	128	128	0	1	explicit
x__4-1s2-1__group.4990__X010__Z3	128	2x2x2x2x2x2	64	64	0	1	explicit
x__4-1s2-1__group.4990__X010__Z5	128	2x2x2x2x2	32	32	0	1	explicit
x__2-2s2-2s2-1__group.3258__X101__Z19	144	2x2x2x6	32	32	0	1	explicit
x__2-2s2-2s2-1__group.3258__X101__Z13	144	2x2x6x6	64	64	0	1	explicit
x__4-1s2-1__group.4990__X010__Z28	128	2x2x2x2x2x2x2	128	128	0	1	explicit
x__2-2s2-2s2-1__group.3258__X101__Z3	144	2x2x2x2	16	16	0	1	explicit
x__4-1s2-1__group.4990__X010__Z18	128	2x2x2x2	16	16	0	1	explicit
x__2-2s2-2s2-2__group.3630__X011__Z15	216	3x6x6	32	32	0	1	explicit
x__4-1s2-1__group.4990__X010__Z60	128	2x2x2x2x2x2	48	48	0	1	explicit
x__4-1s2-1__group.4990__X010__Z57	128	2x2x2x2x2x2x2x2	256	256	0	1	explicit
x__4-2s1c1__group.5927__C__Z1	288	2x2x2x2x2x2x4x4	100	100	0	1	explicit
x__4-1s2-1__group.4990__X010__Z13	128	2x2	4	4	0	1	explicit
x__2-2s2-2s2-1__group.3258__X101__Z14	144	6x6	16	16	0	1	explicit
x__2-2s2-2s2-1__group.3258__X101__Z7	144	2x2x2x6	32	32	0	1	explicit
x__2-2s2-1s2-1__group.2567__C__Z15	96	2x2x2	6	6	0	1	explicit
x__2-2s2-2s2-1__group.3258__X101__Z4	144	2x2	4	4	0	1	explicit
x__4-1s2-1__group.4990__X010__Z17	128	2x2x2x2x2x2	64	64	0	1	explicit
x__4-1s2-1__group.4990__X010__Z12	128	2x2x2x2	16	16	0	1	explicit
x__4-1s2-1__group.4990__X010__Z38	128	2x2x2	8	8	0	1	explicit
x__2-2s2-2s2-2__group.3630__X011__Z12	216	6x6	16	16	0	1	explicit
x__4-1s2-1__group.4990__X010__Z27	128	2x2x2x2x2	32	32	0	1	explicit
x__4-1s2-1__group.4990__X010__Z58	128	2x2x2x2x2x2	64	64	0	1	explicit
x__4-1s2-1__group.4990__X010__Z50	128	2x2x2x2x2	24	24	0	1	explicit
x__2-2s2-2s2-1__group.3258__X101__Z9	144	2x2x2x6	32	32	0	1	explicit
x__2-2s2-1s2-1__group.2567__C__Z14	96	2x2x2x2x2	24	24	0	1	explicit
x__2-2s2-1s2-1__group.2567__C__Z8	96	2x2x2x2x2	24	24	0	1	explicit
x__3s3__group.4346__X010__Z38	1152	2x2x2x2x2x2	64	64	0	1	explicit
x__2-2s2-2s2-1__group.3258__X101__Z5	144	2x2x2x6	32	32	0	1	explicit
x__2-2s2-2s2-2__group.3630__X011__Z10	216	2x6	8	8	0	1	explicit
x__3s3__group.4346__X010__Z23	1152	2x2x2x2x2	32	32	0	1	explicit
x__2-2s2-2s2-2__group.3630__X011__Z6	216	2x6	8	8	0	1	explicit
x__3s3__group.4346__X010__Z1	1152	2x2x2x2x2x2x2x2	256	256	0	1	explicit
x__3s3__group.4346__X010__Z20	1152	2x2x2x2x2	32	32	0	1	explicit
x__2-2s2-2s2-1__group.3258__X101__Z8	144	2x6	8	8	0	1	explicit
x__4-3ps1s1__group.7117__X111__Z3	40	2x2x2x2	12	12	0	1	explicit
x__2-2s2-1s2-1__group.2567__C__Z13	96	2x2x2x2x2x2	30	30	0	1	explicit
x__2-2s2-1s1c1__group.1999__X101__Z28	48	2x2x2	6	6	0	1	explicit
x__2-2s2-1s1c1__group.1999__X101__Z7	48	2x2x2	8	8	0	1	explicit
x__2-2s2-2s2-1__group.3258__X101__Z2	144	2x2	4	4	0	1	explicit
x__2-2s2-1s2-1__group.2567__C__Z6	96	2x2x2x2x2	24	24	0	1	explicit
x__3s3__group.4346__X010__Z5	1152	2x2x2x2x2	24	24	0	1	explicit
x__2-2s2-1s1c1__group.1999__X101__Z2	48	2x2x2x2x2	24	24	0	1	explicit
x__3s3__group.4346__X010__Z24	1152	2x2x2x2x2x2x2x2	256	256	0	1	explicit
x__4-3ps1s1__group.7117__X111__Z4	40	2x2	4	4	0	1	explicit
x__3s3__group.4346__X010__Z16	1152	2x2x2x2x2x2x2x2	256	256	0	1	explicit
x__2-2s2-2s2-1__group.3258__X101__Z1	144	2x2x2x2	16	16	0	1	explicit
x__3s3__group.4346__X010__Z35	1152	2x2x2x2x2x2	64	64	0	1	explicit
x__2-2s2-1s1c1__group.1999__X101__Z16	48	2x2x2x2x2	24	24	0	1	explicit
x__2-2s2-1s2-1__group.2567__C__Z2	96	2x2x2x2x2x2	64	64	0	1	explicit
x__2-2s2-1s1c1__group.1999__X101__Z25	48	2x2x2x2x2x2	36	36	0	1	explicit
x__2-2s2-2s2-1__group.3258__X101__Z20	144	2x6	8	8	0	1	explicit
x__2-2s2-1s2-1__group.2567__C__Z1	96	2x2x2x2x2x2x2x2x2	216	216	0	1	explicit
x__1c1c1c1s1s1__group.1046__X011__Z26	8	2x2x2x2x2x2x2x2	28	28	0	1	explicit
x__2-2s2-1s1c1__group.1999__X101__Z3	48	2x2x2x2x2x2	20	20	0	1	explicit
x__3s3__group.4346__X010__Z31	1152	2x2x2x2x2	32	32	0	1	explicit
x__2-2s2-2s2-1__group.3258__X101__Z6	144	2x6	8	8	0	1	explicit
x__4-3ps1s1__group.7117__X111__Z5	40	2x2x2x2	10	10	0	1	explicit
x__3s3__group.4346__X010__Z12	1152	2x2x2x2x2	32	32	0	1	explicit
x__3s3__group.4346__X010__Z29	1152	2x2x2x2	12	12	0	1	explicit
x__2-2s2-1s2-1__group.2567__C__Z5	96	2x2x2x2x2x2	30	30	0	1	explicit
x__2-2s2-1s1c1__group.1999__X101__Z22	48	2x2x2x2x2x2x2x2	80	80	0	1	explicit
x__2-2s2-1s1c1__group.1999__X101__Z11	48	2x2x2x2x2x2	36	36	0	1	explicit
x__2-2s2-2s2-1__group.3258__X101__Z18	144	6x6	16	16	0	1	explicit
x__2-2s2-1s2-1__group.2567__C__Z7	96	2x2x2	6	6	0	1	explicit
x__3s3__group.4346__X010__Z32	1152	2x2x2	8	8	0	1	explicit
x__2-2s2-1s1c1__group.1999__X101__Z4	48	2x2x2x2x2x2	40	40	0	1	explicit
x__4-3ps1s1__group.7117__X111__Z2	40	2x2x2x2	16	16	0	1	explicit
x__3s3__group.4346__X010__Z36	1152	2x2x2x2x2x2	48	48	0	1	explicit
x__2-2s2-1s2-1__group.2567__C__Z4	96	2x2x2x2x2x2	27	27	0	1	explicit
x__2-2s2-1s1c1__group.1999__X101__Z27	48	2x2x2x2x2	20	20	0	1	explicit
x__2-2s2-1s1c1__group.1999__X101__Z14	48	2x2x2	6	6	0	1	explicit
x__2-2s2-1s2-1__group.2567__C__Z9	96	2x2x2x2x2x2x2x2x2	216	216	0	1	explicit
x__3s3__group.4346__X010__Z15	1152	2x2x2x2x2	32	32	0	1	explicit
x__3s3__group.4346__X010__Z11	1152	2x2x2	6	6	0	1	explicit
x__3s3__group.4346__X010__Z6	1152	2x2x2x2x2	32	32	0	1	explicit
x__4-3ps1s1__group.7117__X111__Z1	40	2x2x2x2x2x2x2	72	72	0	1	explicit
x__2-2s2-1s2-1__group.2567__C__Z3	96	2x2x2x2x2x2x2x2x2	192	192	0	1	explicit
x__2-2s2-1s1c1__group.1999__X101__Z18	48	2x2x2x2x2x2	40	40	0	1	explicit
x__2-2s2-1s1c1__group.1999__X101__Z13	48	2x2x2x2x2	20	20	0	1	explicit
x__2-2s2-1s2-1__group.2567__C__Z12	96	2x2x2x2x2x2	27	27	0	1	explicit
x__3s3__group.4346__X010__Z2	1152	2x2x2x2x2	32	32	0	1	explicit
x__3s3__group.4346__X010__Z40	1152	2x2x2x2x2x2x2x2	256	256	0	1	explicit
x__3s3__group.4346__X010__Z10	1152	2x2x2x2x2x2	48	48	0	1	explicit
x__2-2s2-1s1c1__group.1999__X101__Z21	48	2x2x2	8	8	0	1	explicit
x__3s3__group.4346__X010__Z7	1152	2x2x2x2x2x2	64	64	0	1	explicit
x__2-2s2-1s1c1__group.1999__X101__Z20	48	2x2x2x2x2	20	20	0	1	explicit
x__2-2s2-1s2-1__group.2567__C__Z16	96	2x2x2x2x2	24	24	0	1	explicit
x__2-2s2-1s1c1__group.1999__X101__Z12	48	2x2x2x2	12	12	0	1	explicit
x__3s3__group.4346__X010__Z3	1152	2x2x2x2x2	32	32	0	1	explicit
x__2-2s2-1s1c1__group.1999__X101__Z26	48	2x2x2x2	12	12	0	1	explicit
x__1c1c1c1s1s1__group.1046__X011__Z21	8	2x2x2x2x2x2x2x2	14	14	0	1	explicit
x__3s3__group.4346__X010__Z14	1152	2x2	4	4	0	1	explicit
x__3s3__group.4346__X010__Z17	1152	2x2x2x2x2	32	32	0	1	explicit
x__2-2s2-1s1c1__group.1999__X101__Z15	48	2x2x2x2x2x2x2x2	80	80	0	1	explicit
x__2-2s2-1s1c1__group.1999__X101__Z1	48	2x2x2x2x2x2x2x2	80	80	0	1	explicit
x__2-2s2-1s2-1__group.2567__C__Z11	96	2x2x2x2x2x2x2x2x2	192	192	0	1	explicit
x__3s3__group.4346__X010__Z33	1152	2x2	4	4	0	1	explicit
x__2-2s2-1s1c1__group.1999__X101__Z19	48	2x2x2x2	12	12	0	1	explicit
x__3s3__group.4346__X010__Z37	1152	2x2x2x2x2	32	32	0	1	explicit
x__2-2s2-1s1c1__group.1999__X101__Z23	48	2x2x2x2x2	24	24	0	1	explicit
x__2-2s2-1s1c1__group.1999__X101__Z6	48	2x2x2x2x2	20	20	0	1	explicit
x__2-2s2-1s2-1__group.2567__C__Z10	96	2x2x2x2x2x2	64	64	0	1	explicit
x__3s3__group.4346__X010__Z13	1152	2x2x2x2x2	32	32	0	1	explicit
x__3s3__group.4346__X010__Z28	1152	2x2x2x2x2	32	32	0	1	explicit
x__2-2s2-1s1c1__group.1999__X101__Z10	48	2x2x2x2x2x2	20	20	0	1	explicit
x__3s3__group.4346__X010__Z34	1152	2x2x2x2x2	32	32	0	1	explicit
x__2-2s2-1s1c1__group.1999__X101__Z24	48	2x2x2x2x2x2	20	20	0	1	explicit
x__2-2s2-1s1c1__group.1999__X101__Z8	48	2x2x2x2x2x2x2x2	80	80	0	1	explicit
x__3s3__group.4346__X010__Z30	1152	2x2x2	6	6	0	1	explicit
x__3s3__group.4346__X010__Z25	1152	2x2x2x2x2x2x2x2	160	160	0	1	explicit
x__3s3__group.4346__X010__Z21	1152	2x2x2x2x2x2	40	40	0	1	explicit
x__2-2s2-1s1c1__group.1999__X101__Z17	48	2x2x2x2x2x2	20	20	0	1	explicit
x__2-2s2-1s1c1__group.1999__X101__Z5	48	2x2x2x2	12	12	0	1	explicit
x__3s3__group.4346__X010__Z9	1152	2x2x2x2x2	32	32	0	1	explicit
x__2-2s2-1s1c1__group.1999__X101__Z9	48	2x2x2x2x2	24	24	0	1	explicit
x__3s3__group.4346__X010__Z4	1152	2x2x2x2x2x2x2x2	160	160	0	1	explicit
x__3s3__group.4346__X010__Z22	1152	2x2x2x2x2	20	20	0	1	explicit
x__3s3__group.4346__X010__Z26	1152	2x2x2x2	16	16	0	1	explicit
x__3s3__group.4346__X010__Z27	1152	2x2x2	8	8	0	1	explicit
x__3s3__group.4346__X010__Z39	1152	2x2x2x2x2	32	32	0	1	explicit
x__3s3__group.4346__X010__Z19	1152	2x2x2x2x2	32	32	0	1	explicit
x__3s3__group.4346__X010__Z8	1152	2x2x2	8	8	0	1	explicit
x__3s3__group.4346__X010__Z18	1152	2x2x2x2x2x2	64	64	0	1	explicit
