carat/tables/qcatalog/dim6/dir.1,1,1,1,1,1/ordnung.1/(6)^1/min.170	1	652d4ad758234a046614397a6adce986	1	1
carat/tables/qcatalog/dim6/dir.1,1,1,1,1,1/ordnung.2/(6)^1/group.1043	2	0ce2d464cf541837ddc16fb2e1de1451	1	2
carat/tables/qcatalog/dim6/dir.1,1,1,1,1;1/ordnung.2/(2)^1(10)^1/min.171	2	ba2f2f77d2877249329259b3809d0e67	1	2
carat/tables/qcatalog/dim6/dir.1,1,1,1,1;1/ordnung.2/(2)^1(10)^1/min.172	2	b6d0000d701f84c18e768abafb08091f	1	2
carat/tables/qcatalog/dim6/dir.1,1,1,1,1;1/ordnung.4/(2)^1(10)^1/group.1044	4	76b92ff6d70ccb1677d38b8c4ff3e9fc	1	4
carat/tables/qcatalog/dim6/dir.1,1,1,1;1,1/ordnung.2/(2)^1(16)^1/min.173	2	1538745e779a18eff4dd0849e48019a9	1	2
carat/tables/qcatalog/dim6/dir.1,1,1,1;1,1/ordnung.2/(2)^1(16)^1/min.174	2	9630a5778ff1d497690877f918771791	1	2
carat/tables/qcatalog/dim6/dir.1,1,1,1;1,1/ordnung.4/(2)^1(16)^1/group.1045	4	202e0b3499a8e41c7ccb65129e3c408e	1	4
carat/tables/qcatalog/dim6/dir.1,1,1,1;1;1/ordnung.4/(2)^2(16)^1/min.175	4	a5b776385a3f8daeb7e78da37dee7464	1	4
carat/tables/qcatalog/dim6/dir.1,1,1,1;1;1/ordnung.4/(2)^2(16)^1/min.176	4	74f9c179f5a8e6ce0765d773309ea464	1	4
carat/tables/qcatalog/dim6/dir.1,1,1,1;1;1/ordnung.4/(2)^2(16)^1/min.177	4	15997c1b7ebd0eaee0c2dfa7acacc064	1	4
carat/tables/qcatalog/dim6/dir.1,1,1,1;1;1/ordnung.8/(2)^2(16)^1/group.1046	8	6c29df4c3766cfda06429fb661511af8	1	8
carat/tables/qcatalog/dim6/dir.1,1,1;1,1,1/ordnung.2/(6)^2/min.178	2	ba96ca1fbaccabcdd7d8a9ddff792e9b	1	2
carat/tables/qcatalog/dim6/dir.1,1,1;1,1,1/ordnung.4/(6)^2/group.1047	4	56228595475f02922c55b1c3806b3378	1	4
carat/tables/qcatalog/dim6/dir.1,1,1;1,1;1/ordnung.4/(2)^2(24)^1/min.179	4	c0f0b14b3e5e65ca6540147e5dd6f168	1	4
carat/tables/qcatalog/dim6/dir.1,1,1;1,1;1/ordnung.4/(2)^2(24)^1/min.180	4	e1173c0dc8ef87da25d06c0037f9aa58	1	4
carat/tables/qcatalog/dim6/dir.1,1,1;1,1;1/ordnung.4/(2)^2(24)^1/min.181	4	3e7328722758d5aadd40cfe7ea785178	1	4
carat/tables/qcatalog/dim6/dir.1,1,1;1,1;1/ordnung.4/(2)^2(24)^1/min.182	4	809f0967250eac9ac1bff49d465663a8	1	4
carat/tables/qcatalog/dim6/dir.1,1,1;1,1;1/ordnung.8/(2)^2(24)^1/group.1048	8	76b4059b21435e26b6fee180f92bc24c	1	8
carat/tables/qcatalog/dim6/dir.1,1,1;1;1;1/ordnung.16/(2)^2(4)^1(12)^1/group.1049	16	236d8f2244b2b275e73bcd86c5dee5ef	1	16
carat/tables/qcatalog/dim6/dir.2-1;1,1,1;1/ordnung.16/(2)^4(4)^1(12)^1/group.1113	16	2cc3f94f12bde8db7abffda284b9ea1d	1	10
carat/tables/qcatalog/dim6/dir.2-1;1,1,1;1/ordnung.16/(2)^4(8)^1(24)^1/group.1114	16	59a9d0fcc08f9d1bc7c496f69c39cbfd	1	10
carat/tables/qcatalog/dim6/dir.2-1;1,1,1;1/ordnung.16/(2)^4(8)^1(24)^1/group.1115	16	5d7a8b36ee4614375f534010e73c2a59	1	10
carat/tables/qcatalog/dim6/dir.2-1;1,1,1;1/ordnung.32/(2)^4(4)^1(12)^1/group.1116	32	200b7beed820347fc8eccb6f80e663d5	1	20
carat/tables/qcatalog/dim6/dir.2-1;1,1,1;1/ordnung.4/(2)^1(4)^2(24)^1/min.220	4	12e159b30f775c489f0ad37a8729e34a	1	4
carat/tables/qcatalog/dim6/dir.2-1;1,1,1;1/ordnung.4/(2)^1(4)^2(24)^1/min.221	4	8d731c27eaee3868a1e0f3ead9cf001a	1	4
carat/tables/qcatalog/dim6/dir.2-1;1,1,1;1/ordnung.8/(2)^1(4)^2(24)^1/group.1117	8	1d6cbb9d548f12a0498cd3144f23da92	1	8
carat/tables/qcatalog/dim6/dir.2-1;1,1,1;1/ordnung.8/(2)^2(4)^1(12)^1/group.1118	8	3976f0b153ca862cd3c69f52c1106e2e	1	8
carat/tables/qcatalog/dim6/dir.2-1;1,1,1;1/ordnung.8/(2)^2(4)^1(12)^1/group.1119	8	779576de56c8d9e808f1094e36762d6a	1	8
carat/tables/qcatalog/dim6/dir.2-1;1,1,1;1/ordnung.8/(2)^2(4)^1(12)^1/group.1120	8	fee5e9541c5a50bcd9654ad6e417627e	1	8
carat/tables/qcatalog/dim6/dir.2-1;1,1,1;1/ordnung.8/(2)^2(4)^1(12)^1/group.1121	8	5294fd98d943dfb043877202442b46e2	1	8
carat/tables/qcatalog/dim6/dir.2-1;1,1,1;1/ordnung.8/(2)^4(8)^1(24)^1/group.1122	8	d3749f4a5c4abb468ea9ccfd1082ee78	1	5
carat/tables/qcatalog/dim6/dir.2-1;1,1,1;1/ordnung.8/(2)^4(8)^1(24)^1/group.1123	8	0f9877fd7444224ac813a34946611794	1	5
carat/tables/qcatalog/dim6/dir.2-1;1,1,1;1/ordnung.8/(2)^4(8)^1(24)^1/group.1124	8	820c403e85fe94ec8f1c89a895a146a6	1	5
carat/tables/qcatalog/dim6/dir.2-1;1,1,1;1/ordnung.8/(2)^4(8)^1(24)^1/group.1125	8	4c4e965efeafc82cce45b71bbd0773ae	1	5
carat/tables/qcatalog/dim6/dir.2-1;1,1,1;1/ordnung.8/(2)^4(8)^1(24)^1/min.222	8	a0d3e2c64716bda6ff0b6554c2c201a8	1	5
carat/tables/qcatalog/dim6/dir.2-1;1,1,1;1/ordnung.8/(2)^4(8)^1(24)^1/min.223	8	beb1991788d8617642c5bfd5d23476e8	1	5
carat/tables/qcatalog/dim6/dir.2-1;1,1,1;1/ordnung.8/(2)^4(8)^1(24)^1/min.224	8	93c36909d27aa9d0df663d65a9a1918a	1	5
carat/tables/qcatalog/dim6/dir.2-1;1,1;1,1/ordnung.16/(2)^2(8)^2/group.1126	16	af627bd336098c93fce550feb4e19ae9	1	16
carat/tables/qcatalog/dim6/dir.2-1;1,1;1,1/ordnung.16/(2)^4(16)^2/group.1127	16	47079f879b22bbcb9fd8b432251fa8a9	1	10
carat/tables/qcatalog/dim6/dir.2-1;1;1;1;1/ordnung.16/(2)^2(4)^2(8)^2/group.1189	16	f1712413a8161a87cc2ccb95d58ab1dd	1	16
carat/tables/qcatalog/dim6/dir.2-1;1;1;1;1/ordnung.16/(2)^2(4)^2(8)^2/group.1190	16	ec8f4137bca6cb8fa2b0ad21da5c8455	1	16
carat/tables/qcatalog/dim6/dir.2-1;1;1;1;1/ordnung.16/(2)^2(4)^2(8)^2/group.1191	16	7fcbb5cd777c5e03c810c01f29f73c99	1	16
carat/tables/qcatalog/dim6/dir.2-1;1;1;1;1/ordnung.16/(2)^2(4)^2(8)^2/group.1192	16	59fe5d6cc7db4fe3a9cb4cdc698c3cf9	1	16
carat/tables/qcatalog/dim6/dir.2-1;1;1;1;1/ordnung.16/(2)^2(4)^2(8)^2/group.1193	16	c474e00a1a97ba07cb66c1aeb194884d	1	16
carat/tables/qcatalog/dim6/dir.2-1;1;1;1;1/ordnung.16/(2)^2(4)^2(8)^2/group.1194	16	e7dbad68f28996dbec63b76139e3f591	1	16
carat/tables/qcatalog/dim6/dir.2-1;1;1;1;1/ordnung.16/(2)^2(8)^4/group.1195	16	696da84d40da11a79019f44c2fbc659d	1	16
carat/tables/qcatalog/dim6/dir.2-1;1;1;1;1/ordnung.16/(2)^4(16)^4/group.1196	16	ab26d0587616272b00bb3652de707d01	1	10
carat/tables/qcatalog/dim6/dir.2-1;1;1;1;1/ordnung.16/(2)^4(4)^2(16)^2/group.1197	16	2e7f7904ad494c2d526a9571acfc1033	1	10
carat/tables/qcatalog/dim6/dir.2-1;1;1;1;1/ordnung.16/(2)^4(4)^2(16)^2/group.1198	16	a560d03fb00b31cf3390063ad6270bb5	1	10
carat/tables/qcatalog/dim6/dir.2-1;1;1;1;1/ordnung.16/(2)^4(4)^2(16)^2/group.1199	16	93d14e0d23e6c51d0dbf78375eead673	1	10
carat/tables/qcatalog/dim6/dir.2-1;1;1;1;1/ordnung.16/(2)^4(4)^2(16)^2/group.1200	16	20cc68719a2bd40350ea8f75f9f5eb89	1	10
carat/tables/qcatalog/dim6/dir.2-1;1;1;1;1/ordnung.16/(2)^4(4)^2(16)^2/group.1201	16	db8f93396de97e01d7c416b3d36bfc17	1	10
carat/tables/qcatalog/dim6/dir.2-1;1;1;1;1/ordnung.16/(2)^4(4)^2(16)^2/group.1202	16	aaff547917fd4563751a2adea7496a59	1	10
carat/tables/qcatalog/dim6/dir.2-1;1;1;1;1/ordnung.16/(2)^4(8)^4/group.1203	16	86dc6984ddd0a517470ea45a9680b1ad	1	10
carat/tables/qcatalog/dim6/dir.2-1;1;1;1;1/ordnung.16/(2)^4(8)^4/group.1204	16	861163741de5b60f973a20905dd87305	1	10
carat/tables/qcatalog/dim6/dir.2-1;1;1;1;1/ordnung.16/(2)^4(8)^4/group.1205	16	bd8d68e7755a9b7b37de6bc5b2fc5be1	1	10
carat/tables/qcatalog/dim6/dir.2-1;1;1;1;1/ordnung.16/(2)^4(8)^4/group.1206	16	9a6a51e326cd7bc77e6630894ce765bd	1	10
carat/tables/qcatalog/dim6/dir.2-1;1;1;1;1/ordnung.16/(2)^4(8)^4/group.1207	16	dd1c4e0c9e99997b31275303319f0571	1	10
carat/tables/qcatalog/dim6/dir.2-1;1;1;1;1/ordnung.16/(2)^4(8)^4/group.1208	16	b8a56fc3c0bc09897967ab5bd66b151f	1	10
carat/tables/qcatalog/dim6/dir.2-1',2-1';2-1/ordnung.32/(2)^4(8)^2/group.1088	32	d2220132adb25b698fb64a7bbf6fa023	0	20
carat/tables/qcatalog/dim6/dir.2-1',2-1';2-1/ordnung.8/(2)^2(16)^2/min.205	8	6c812a7d4bb585263c8b7e044656e3bc	0	8
carat/tables/qcatalog/dim6/dir.2-1,2-1,2-1/ordnung.8/(6)^4/min.206	8	955708591af1ec77cf0508164d5b1681	0	5
carat/tables/qcatalog/dim6/dir.2-1,2-1;1,1/ordnung.16/(2)^1(4)^2(8)^2/group.1089	16	db5697be480421bd4dd648c96572369f	1	10
carat/tables/qcatalog/dim6/dir.2-1,2-1;1,1/ordnung.8/(2)^1(4)^2(8)^2/min.207	8	a5f6f4a444addbd91db68b58c6c52b3f	1	5
carat/tables/qcatalog/dim6/dir.2-1,2-1;1,1/ordnung.8/(2)^1(4)^2(8)^2/min.208	8	6faedb35ea6006399a780200f174451f	1	5
carat/tables/qcatalog/dim6/dir.2-1,2-1;1,1/ordnung.8/(2)^1(4)^2(8)^2/min.209	8	d685812f7b418ce309242992922d1fc9	1	5
carat/tables/qcatalog/dim6/dir.2-1,2-1;1;1/ordnung.16/(2)^2(4)^2(8)^2/group.1090	16	ec50b21de6a03d93134dc182a081e4e9	1	10
carat/tables/qcatalog/dim6/dir.2-1,2-1;1;1/ordnung.16/(2)^2(4)^2(8)^2/group.1091	16	2660b33e2beb1fc9251ade14f0b15c3f	1	10
carat/tables/qcatalog/dim6/dir.2-1,2-1;1;1/ordnung.16/(2)^2(4)^2(8)^2/group.1092	16	912d4327d1777c0bf7c95ce7cce85ef1	1	10
carat/tables/qcatalog/dim6/dir.2-1,2-1;1;1/ordnung.16/(2)^2(8)^4/group.1093	16	52a1ad4b0badce89bebec73e591b76c7	1	10
carat/tables/qcatalog/dim6/dir.2-1,2-1;1;1/ordnung.16/(2)^2(8)^4/group.1094	16	68418a034656ae27b933e68cf88c670d	1	10
carat/tables/qcatalog/dim6/dir.2-1,2-1;1;1/ordnung.32/(2)^2(4)^2(8)^2/group.1095	32	2546e6d7d618f747f882054133fd8aa9	1	20
carat/tables/qcatalog/dim6/dir.2-1,2-1;1;1/ordnung.8/(2)^2(8)^4/min.210	8	be2bea7ad1ded1370c081c2ae4c235b1	1	5
carat/tables/qcatalog/dim6/dir.2-1,2-1;1;1/ordnung.8/(2)^2(8)^4/min.211	8	410acb922b12dbc5b165c827cf4c28c7	1	5
carat/tables/qcatalog/dim6/dir.2-1,2-1;1;1/ordnung.8/(2)^2(8)^4/min.212	8	672ed2630b2c99a58d63d8632ce1aa97	1	5
carat/tables/qcatalog/dim6/dir.2-1,2-1;1;1/ordnung.8/(2)^2(8)^4/min.213	8	9fb9061629948c1d5a4871c7a8aee647	1	5
carat/tables/qcatalog/dim6/dir.2-1,2-1;2-1/ordnung.16/(2)^2(8)^4/min.214	16	71406f2faf6265238f56b6187f4ffbf1	0	10
carat/tables/qcatalog/dim6/dir.2-1,2-1;2-1/ordnung.16/(2)^2(8)^4/min.215	16	3254b2b42ddb8fe5dcc7e883b4a2d02b	0	10
carat/tables/qcatalog/dim6/dir.2-1,2-1;2-1/ordnung.16/(2)^4(16)^4/min.216	16	0ed39e7e5474cb91913364c25f20c95f	0	10
carat/tables/qcatalog/dim6/dir.2-1;1,1;1;1/ordnung.16/(2)^2(4)^2(8)^1/group.1145	16	70bfebf54be58061a1954dbb2825edb3	1	16
carat/tables/qcatalog/dim6/dir.2-1;1,1;1;1/ordnung.16/(2)^4(4)^2(32)^1/group.1146	16	fa07beeb6bf02121ac50029564f40fbb	1	10
carat/tables/qcatalog/dim6/dir.2-1;1,1;1;1/ordnung.16/(2)^4(4)^2(32)^1/group.1147	16	933ffb79081ac91fdfd37d4a8249d5c1	1	10
carat/tables/qcatalog/dim6/dir.2-1;1,1;1;1/ordnung.16/(2)^4(4)^2(32)^1/group.1148	16	a866551f9cdf3d4703c2e049ec5e4211	1	10
carat/tables/qcatalog/dim6/dir.2-1;1,1;1;1/ordnung.16/(2)^4(4)^2(32)^1/group.1149	16	e520d840dd4f35e185dbb02eac7b96c3	1	10
carat/tables/qcatalog/dim6/dir.2-1;1,1;1;1/ordnung.16/(2)^4(4)^2(32)^1/group.1150	16	d5e16c4ce35bb02bdb4a6caebcbe3955	1	10
carat/tables/qcatalog/dim6/dir.2-1;1,1;1;1/ordnung.16/(2)^4(4)^2(32)^1/group.1151	16	6f4d5dc36b9eac857f8092b40454efb7	1	10
carat/tables/qcatalog/dim6/dir.2-1;1,1;1;1/ordnung.16/(2)^4(4)^2(32)^1/group.1152	16	c8688ab4c5ea5a3d9802f193f8f8c247	1	10
carat/tables/qcatalog/dim6/dir.2-1;1,1;1;1/ordnung.16/(2)^4(4)^2(32)^1/group.1153	16	c0079dbccaf4724b8365390ba20bc94d	1	10
carat/tables/qcatalog/dim6/dir.2-1;1,1;1;1/ordnung.16/(2)^4(4)^2(32)^1/group.1154	16	8dbef443b4c38601a1f6271cfbc249f3	1	10
carat/tables/qcatalog/dim6/dir.2-1;1,1;1;1/ordnung.16/(2)^4(4)^2(32)^1/group.1155	16	546f9ce88eaee5cb1e68d3b70a3725ed	1	10
carat/tables/qcatalog/dim6/dir.2-1;1,1;1;1/ordnung.16/(2)^4(4)^2(32)^1/group.1156	16	e6e38d4b6fb5782d7d8dc40fe8c1f8af	1	10
carat/tables/qcatalog/dim6/dir.2-1;1,1;1;1/ordnung.16/(2)^4(4)^2(32)^1/group.1157	16	e67ea78a7726aecb172e7eafaede7fbd	1	10
carat/tables/qcatalog/dim6/dir.2-1;1,1;1;1/ordnung.16/(2)^4(4)^2(32)^1/group.1158	16	dce320e995f85511d1d5e0adb2689ce3	1	10
carat/tables/qcatalog/dim6/dir.2-1;1,1;1;1/ordnung.16/(2)^4(4)^2(32)^1/group.1159	16	b70fcd42387c1393f5de86da340e4c35	1	10
carat/tables/qcatalog/dim6/dir.2-1;1,1;1;1/ordnung.16/(2)^4(8)^2(32)^1/group.1160	16	6ad3818c042ef3e5e9d2a44c8bdd03bf	1	10
carat/tables/qcatalog/dim6/dir.2-1;1,1;1;1/ordnung.16/(2)^4(8)^2(32)^1/group.1161	16	9b7b61710a2f3f9f21d7e86ca4ebc9c1	1	10
carat/tables/qcatalog/dim6/dir.2-1;1,1;1;1/ordnung.16/(2)^4(8)^3/group.1162	16	20f06274cbce4e1109c221923f0d4a53	1	10
carat/tables/qcatalog/dim6/dir.2-1;1,1;1;1/ordnung.16/(2)^4(8)^3/group.1163	16	6c125de5ed5b469134eeecc303bec113	1	10
carat/tables/qcatalog/dim6/dir.2-1;1,1;1;1/ordnung.16/(2)^4(8)^3/group.1164	16	02c9687b938ed67de6adee63a7ff635f	1	10
carat/tables/qcatalog/dim6/dir.1,1,1;1;1;1/ordnung.4/(2)^1(4)^2(24)^1/min.183	4	c2d4e4fea1744c688ca14a5b640dc27a	1	4
carat/tables/qcatalog/dim6/dir.1,1,1;1;1;1/ordnung.4/(2)^1(4)^2(24)^1/min.184	4	2bbdd2208f29f718d6da7bb9edecfaea	1	4
carat/tables/qcatalog/dim6/dir.1,1,1;1;1;1/ordnung.8/(2)^1(4)^2(24)^1/group.1050	8	dd4a7ecc7ed2e66c1278b7ba3dcd8436	1	8
carat/tables/qcatalog/dim6/dir.1,1,1;1;1;1/ordnung.8/(2)^2(4)^1(12)^1/group.1051	8	bfe0af6788e343ac8a30ceb062e82516	1	8
carat/tables/qcatalog/dim6/dir.1,1,1;1;1;1/ordnung.8/(2)^2(4)^1(12)^1/group.1052	8	c61063e01b7416bc29ba56d80b116b96	1	8
carat/tables/qcatalog/dim6/dir.1,1,1;1;1;1/ordnung.8/(2)^2(4)^1(12)^1/group.1053	8	f0f3902d588c34aca676c47f693fa936	1	8
carat/tables/qcatalog/dim6/dir.1,1,1;1;1;1/ordnung.8/(2)^2(4)^1(12)^1/group.1054	8	f624aca126ebc1a4378c4fdaf0d06e1e	1	8
carat/tables/qcatalog/dim6/dir.1,1;1,1;1,1/ordnung.4/(2)^1(8)^2/min.185	4	034dd943120f8b301914ea7e23699952	1	4
carat/tables/qcatalog/dim6/dir.1,1;1,1;1,1/ordnung.4/(2)^1(8)^2/min.186	4	a0b09f6f3a3bfda0f9ddfae18e94e4b2	1	4
carat/tables/qcatalog/dim6/dir.1,1;1,1;1,1/ordnung.8/(2)^1(8)^2/group.1055	8	c11d62fa9a826d7433f2913bb84754ae	1	8
carat/tables/qcatalog/dim6/dir.1,1;1,1;1;1/ordnung.16/(2)^2(8)^2/group.1056	16	0e2f80f5ddf951276a3aedbb2e130695	1	16
carat/tables/qcatalog/dim6/dir.1,1;1,1;1;1/ordnung.4/(2)^2(16)^2/min.187	4	30fcf8319ea9bd2acf2b04f404875d50	1	4
carat/tables/qcatalog/dim6/dir.1,1;1,1;1;1/ordnung.4/(2)^2(16)^2/min.188	4	99a390c16d0576ea0ca8afd4946644e0	1	4
carat/tables/qcatalog/dim6/dir.1,1;1,1;1;1/ordnung.8/(2)^2(16)^2/group.1057	8	82c090fcba5d2bae043f584531c47f2c	1	8
carat/tables/qcatalog/dim6/dir.1,1;1,1;1;1/ordnung.8/(2)^2(8)^2/group.1058	8	206aee9a87b31e766e84583c512662f4	1	8
carat/tables/qcatalog/dim6/dir.1,1;1,1;1;1/ordnung.8/(2)^2(8)^2/group.1059	8	05c27db6e27f00de44e9be1a89c5bb7c	1	8
carat/tables/qcatalog/dim6/dir.1,1;1,1;1;1/ordnung.8/(2)^2(8)^2/group.1060	8	afc173ee200c71ce42d86770f603c28c	1	8
carat/tables/qcatalog/dim6/dir.1,1;1,1;1;1/ordnung.8/(2)^2(8)^2/group.1061	8	d75175d52f918346e44c2c267bbd4914	1	8
carat/tables/qcatalog/dim6/dir.1,1;1;1;1;1/ordnung.16/(2)^1(4)^2(8)^2/group.1062	16	f63754a86b66eb5553477176aedf4c5f	1	16
carat/tables/qcatalog/dim6/dir.1,1;1;1;1;1/ordnung.16/(2)^2(4)^2(32)^1/group.1063	16	b96e2c498e7ad63de1078d5147c7f797	1	16
carat/tables/qcatalog/dim6/dir.2-1;1,1;1,1/ordnung.16/(2)^4(16)^2/group.1128	16	02c55137293f59b5ff3bcd33f1c2de73	1	10
carat/tables/qcatalog/dim6/dir.2-1;1,1;1,1/ordnung.16/(2)^4(8)^2/group.1129	16	4147741313f8f2e5ae67d2ac91140d3b	1	10
carat/tables/qcatalog/dim6/dir.2-1;1,1;1,1/ordnung.16/(2)^4(8)^2/group.1130	16	60b00c7b2c3b0b2b61420e2a8a15c3c1	1	10
carat/tables/qcatalog/dim6/dir.2-1;1,1;1,1/ordnung.16/(2)^4(8)^2/group.1131	16	22bfc85bb75d260395429ffdf4543929	1	10
carat/tables/qcatalog/dim6/dir.2-1;1,1;1,1/ordnung.32/(2)^4(8)^2/group.1132	32	ae0e95e39626762b39e42a2c69f992ad	1	20
carat/tables/qcatalog/dim6/dir.2-1;1,1;1,1/ordnung.4/(2)^2(16)^2/min.225	4	6f3e39c63706bb9a1254c6eacdf794e0	1	4
carat/tables/qcatalog/dim6/dir.2-1;1,1;1,1/ordnung.8/(2)^2(16)^2/group.1133	8	353d06b560a66abe862449eead0a9c54	1	8
carat/tables/qcatalog/dim6/dir.2-1;1,1;1,1/ordnung.8/(2)^2(8)^2/group.1134	8	c24e8f8f93158b7a575f455a78f57780	1	8
carat/tables/qcatalog/dim6/dir.2-1;1,1;1,1/ordnung.8/(2)^2(8)^2/group.1135	8	957bb4f5a644c52e8256d41abdb9b444	1	8
carat/tables/qcatalog/dim6/dir.2-1;1,1;1,1/ordnung.8/(2)^4(16)^2/group.1136	8	94f71f480f674c10a89dc03186b5a52e	1	5
carat/tables/qcatalog/dim6/dir.2-1;1,1;1,1/ordnung.8/(2)^4(16)^2/group.1137	8	206e82c56af26b24c5848ec0e9c80ad2	1	5
carat/tables/qcatalog/dim6/dir.2-1;1,1;1,1/ordnung.8/(2)^4(16)^2/min.226	8	db5f2d5b40f30106b843ece55fe6d1e4	1	5
carat/tables/qcatalog/dim6/dir.2-1;1,1;1,1/ordnung.8/(2)^4(16)^2/min.227	8	c504c051f37fac44ec0125a86f216792	1	5
carat/tables/qcatalog/dim6/dir.2-1;1,1;1;1/ordnung.16/(2)^1(4)^2(8)^2/group.1138	16	6ba0732f802d82b58f38e9785de11bf7	1	16
carat/tables/qcatalog/dim6/dir.2-1;1,1;1;1/ordnung.16/(2)^2(4)^2(32)^1/group.1139	16	b9b49d04825e59e1889f3540cc45f653	1	16
carat/tables/qcatalog/dim6/dir.2-1;1,1;1;1/ordnung.16/(2)^2(4)^2(8)^1/group.1140	16	03c53e43d7bdf3f1a8fa5d3553c42873	1	16
carat/tables/qcatalog/dim6/dir.2-1;1,1;1;1/ordnung.16/(2)^2(4)^2(8)^1/group.1141	16	1a456b1fe9b43e9539164b30cc83ad67	1	16
carat/tables/qcatalog/dim6/dir.2-1;1,1;1;1/ordnung.16/(2)^2(4)^2(8)^1/group.1142	16	b5ed2f2d7b94508de41d2390c417fe3f	1	16
carat/tables/qcatalog/dim6/dir.2-1;1,1;1;1/ordnung.16/(2)^2(4)^2(8)^1/group.1143	16	a7b478f6b62f73a5533678b5904394c7	1	16
carat/tables/qcatalog/dim6/dir.2-1;1,1;1;1/ordnung.16/(2)^2(4)^2(8)^1/group.1144	16	598ea310ce0413a908410979dbda5f4b	1	16
carat/tables/qcatalog/dim6/dir.2-1,2-1;2-1/ordnung.16/(2)^4(16)^4/min.217	16	a8d27847053179f10e60eab2ec7c8bf7	0	10
carat/tables/qcatalog/dim6/dir.2-1,2-1;2-1/ordnung.32/(2)^2(4)^2(8)^2/group.1096	32	9ade1394a676595ba84e7b4a349029e5	0	20
carat/tables/qcatalog/dim6/dir.2-1,2-1;2-1/ordnung.32/(2)^4(8)^4/group.1097	32	7cad81f4c4ab1dda86fb3ea5749cad68	0	14
carat/tables/qcatalog/dim6/dir.2-1,2-1;2-1/ordnung.32/(2)^4(8)^4/group.1098	32	7ebbaab6d20bd8d7fce686a1f4b94889	0	14
carat/tables/qcatalog/dim6/dir.2-1,2-1;2-1/ordnung.32/(2)^4(8)^4/group.1099	32	b5e884c4c948d641002d58b8b2da59db	0	14
carat/tables/qcatalog/dim6/dir.2-1,2-1;2-1/ordnung.32/(2)^4(8)^4/group.1100	32	2c3796afa3bc6e310974d5ccf4f876c3	0	14
carat/tables/qcatalog/dim6/dir.2-1,2-1;2-1/ordnung.64/(2)^4(4)^2(8)^2/group.1101	64	8d4cf735e9f101636123bb3e2392e63d	0	25
carat/tables/qcatalog/dim6/dir.2-1;1,1,1,1/ordnung.16/(2)^4(16)^1/group.1102	16	7256013c73b6d99d696da892c845ec53	1	10
carat/tables/qcatalog/dim6/dir.2-1;1,1,1,1/ordnung.4/(2)^2(16)^1/min.218	4	ec15ab87b6f4044e1c611fd0e7a266e4	1	4
carat/tables/qcatalog/dim6/dir.2-1;1,1,1,1/ordnung.4/(2)^2(16)^1/min.219	4	8d2c2ca37eb67ed6403a5e122b76c00c	1	4
carat/tables/qcatalog/dim6/dir.2-1;1,1,1,1/ordnung.8/(2)^2(16)^1/group.1103	8	3ade6b5b3da435b6a2f07665cfa5771c	1	8
carat/tables/qcatalog/dim6/dir.2-1;1,1,1,1/ordnung.8/(2)^4(16)^1/group.1104	8	e8558685d3066474cbfd6ab9ff344c0a	1	5
carat/tables/qcatalog/dim6/dir.2-1;1,1,1,1/ordnung.8/(2)^4(16)^1/group.1105	8	cd4ab9d5318bcf22e78efc48e5552198	1	5
carat/tables/qcatalog/dim6/dir.2-1;1,1,1,1/ordnung.8/(2)^4(16)^1/group.1106	8	8d3b2d557c0a97646cfb7c2bb83aa25a	1	5
carat/tables/qcatalog/dim6/dir.2-1;1,1,1;1/ordnung.16/(2)^2(4)^1(12)^1/group.1107	16	385f482ef4df908dd70f99b5441e41ff	1	16
carat/tables/qcatalog/dim6/dir.2-1;1,1,1;1/ordnung.16/(2)^4(4)^1(12)^1/group.1108	16	7fbeeaf329f1e2b90e231fc795e16fdb	1	10
carat/tables/qcatalog/dim6/dir.2-1;1,1,1;1/ordnung.16/(2)^4(4)^1(12)^1/group.1109	16	866b9b9a4e7d7ceba9496941b4b2e7ad	1	10
carat/tables/qcatalog/dim6/dir.2-1;1,1,1;1/ordnung.16/(2)^4(4)^1(12)^1/group.1110	16	abc6b0a12b540d51923e574ffbd87063	1	10
carat/tables/qcatalog/dim6/dir.2-1;1,1,1;1/ordnung.16/(2)^4(4)^1(12)^1/group.1111	16	25fc275158f8ad37e68f84eb1345c519	1	10
carat/tables/qcatalog/dim6/dir.2-1;1,1,1;1/ordnung.16/(2)^4(4)^1(12)^1/group.1112	16	e3cf40557d3baf211b280ecad992a1e3	1	10
carat/tables/qcatalog/dim6/dir.1,1;1;1;1;1/ordnung.16/(2)^2(4)^2(8)^1/group.1064	16	3aab8876f0ffb76538d8cf90be693a3f	1	16
carat/tables/qcatalog/dim6/dir.1,1;1;1;1;1/ordnung.16/(2)^2(4)^2(8)^1/group.1065	16	7e9a182c9e14e3c5c7c70ec1d9f73bbf	1	16
carat/tables/qcatalog/dim6/dir.1,1;1;1;1;1/ordnung.16/(2)^2(4)^2(8)^1/group.1066	16	d4dab6a1c1ea7e15b1b057c676397a2f	1	16
carat/tables/qcatalog/dim6/dir.1,1;1;1;1;1/ordnung.16/(2)^2(4)^2(8)^1/group.1067	16	5a389fc5193338450bf898502af9151f	1	16
carat/tables/qcatalog/dim6/dir.1,1;1;1;1;1/ordnung.16/(2)^2(4)^2(8)^1/group.1068	16	c063a97c555c559598cbff72eea647cf	1	16
carat/tables/qcatalog/dim6/dir.1,1;1;1;1;1/ordnung.32/(2)^2(4)^2(8)^1/group.1069	32	dd6f9e85ae08cd17b9c4d5d0ed1ca995	1	32
carat/tables/qcatalog/dim6/dir.1,1;1;1;1;1/ordnung.8/(2)^1(4)^2(8)^2/min.189	8	43dafd90a1cbb61c7da44d7ecedb75a6	1	8
carat/tables/qcatalog/dim6/dir.1,1;1;1;1;1/ordnung.8/(2)^1(4)^2(8)^2/min.190	8	0f1245d94b0c862caddbdeb5dc7d43e6	1	8
carat/tables/qcatalog/dim6/dir.1,1;1;1;1;1/ordnung.8/(2)^1(4)^2(8)^2/min.191	8	31e2a81e08459d8c3d3711fc305335c6	1	8
carat/tables/qcatalog/dim6/dir.1,1;1;1;1;1/ordnung.8/(2)^2(4)^2(32)^1/min.192	8	1bcc44003e58cf4c782e0b88892c05b6	1	8
carat/tables/qcatalog/dim6/dir.1,1;1;1;1;1/ordnung.8/(2)^2(4)^2(32)^1/min.193	8	6c761ea5ee334b1c68aed63e10366506	1	8
carat/tables/qcatalog/dim6/dir.1,1;1;1;1;1/ordnung.8/(2)^2(4)^2(32)^1/min.194	8	f53e87220a2ea4c45fbfa772f8a777fe	1	8
carat/tables/qcatalog/dim6/dir.1,1;1;1;1;1/ordnung.8/(2)^2(4)^2(32)^1/min.195	8	b3dc3002a4772be48e1936b419f63afe	1	8
carat/tables/qcatalog/dim6/dir.1;1;1;1;1;1/ordnung.16/(2)^1(4)^4(8)^1/min.196	16	381751ed3afb415f5484c899090665cd	1	16
carat/tables/qcatalog/dim6/dir.1;1;1;1;1;1/ordnung.16/(2)^1(4)^4(8)^1/min.197	16	798f91712d86555fff7c5c5e2e0b2b2d	1	16
carat/tables/qcatalog/dim6/dir.1;1;1;1;1;1/ordnung.16/(2)^2(4)^2(8)^2/group.1070	16	68a516d617f954df82b34caf74e6048d	1	16
carat/tables/qcatalog/dim6/dir.1;1;1;1;1;1/ordnung.16/(2)^2(4)^2(8)^2/group.1071	16	635eab275555d7df807cf8808b7c16bd	1	16
carat/tables/qcatalog/dim6/dir.1;1;1;1;1;1/ordnung.16/(2)^2(4)^2(8)^2/group.1072	16	029b666c99705dffde1fa5706133810d	1	16
carat/tables/qcatalog/dim6/dir.1;1;1;1;1;1/ordnung.16/(2)^2(4)^2(8)^2/group.1073	16	e222b61d7785297f0e15b2564b23365d	1	16
carat/tables/qcatalog/dim6/dir.1;1;1;1;1;1/ordnung.16/(2)^2(8)^4/group.1074	16	8faeb6ff98bb45ef15aa25c26104325d	1	16
carat/tables/qcatalog/dim6/dir.2-1;1;1;1;1/ordnung.32/(2)^4(4)^2(8)^2/group.1225	32	a4174a29b47abf5d3bc377de3f33d54f	1	20
carat/tables/qcatalog/dim6/dir.2-1;1;1;1;1/ordnung.32/(2)^4(4)^2(8)^2/group.1226	32	515b8cea7b98977f8ead0b7b1ea5a5d1	1	20
carat/tables/qcatalog/dim6/dir.2-1;1;1;1;1/ordnung.32/(2)^4(4)^2(8)^2/group.1227	32	98b2ca85e5522557054af3b5b00feab9	1	20
carat/tables/qcatalog/dim6/dir.2-1;1;1;1;1/ordnung.32/(2)^4(4)^2(8)^2/group.1228	32	5ef67e1244c88fa9a20a40129b3bb82b	1	20
carat/tables/qcatalog/dim6/dir.2-1;1;1;1;1/ordnung.32/(2)^4(4)^2(8)^2/group.1229	32	f8a133f1bcb24ee36815b193666bfa45	1	20
carat/tables/qcatalog/dim6/dir.2-1;1;1;1;1/ordnung.32/(2)^4(4)^2(8)^2/group.1230	32	ce48875aae3820471f78ab5d194c3cb9	1	20
carat/tables/qcatalog/dim6/dir.2-1;1;1;1;1/ordnung.32/(2)^4(4)^2(8)^2/group.1231	32	7c8fec5a0d27709dd9cb51b1c63e911f	1	20
carat/tables/qcatalog/dim6/dir.2-1;1;1;1;1/ordnung.32/(2)^4(4)^2(8)^2/group.1232	32	9ef296ecaabc594f06a93cea4374e401	1	20
carat/tables/qcatalog/dim6/dir.2-1;1;1;1;1/ordnung.32/(2)^4(4)^2(8)^2/group.1233	32	5b7039d4f2f93f3549a3b92cec807d27	1	20
carat/tables/qcatalog/dim6/dir.2-1;1;1;1;1/ordnung.32/(2)^4(4)^2(8)^2/group.1234	32	ba3deeb0d71b637de80c00be020f6e3f	1	20
carat/tables/qcatalog/dim6/dir.2-1;1;1;1;1/ordnung.32/(2)^4(4)^2(8)^2/group.1235	32	60d97b116fc06dbdaac88969094e250f	1	20
carat/tables/qcatalog/dim6/dir.2-1;1;1;1;1/ordnung.32/(2)^4(4)^2(8)^2/group.1236	32	2d3a8e56149807ff546c8faf08371031	1	20
carat/tables/qcatalog/dim6/dir.2-1;1;1;1;1/ordnung.32/(2)^4(4)^2(8)^2/group.1237	32	a1d578c606e1cb95699bbdaec43af2f7	1	20
carat/tables/qcatalog/dim6/dir.2-1;1;1;1;1/ordnung.32/(2)^4(4)^2(8)^2/group.1238	32	6483ea8cc9e43c8375e3676e607b28b5	1	20
carat/tables/qcatalog/dim6/dir.2-1;1;1;1;1/ordnung.32/(2)^4(4)^2(8)^2/group.1239	32	dbe250f9bde128d37484d3f6bad9be15	1	20
carat/tables/qcatalog/dim6/dir.2-1;1;1;1;1/ordnung.32/(2)^4(4)^2(8)^2/group.1240	32	cc867b006f47bfdfacd130feb8b7d281	1	20
carat/tables/qcatalog/dim6/dir.2-1;1;1;1;1/ordnung.32/(2)^4(4)^2(8)^2/group.1241	32	acfe9bb5a29dbe7b9661628c35897ead	1	20
carat/tables/qcatalog/dim6/dir.2-1;1;1;1;1/ordnung.32/(2)^4(8)^4/group.1242	32	ca1209bdbf177751aa8795b58efcf573	1	20
carat/tables/qcatalog/dim6/dir.2-1;1;1;1;1/ordnung.32/(2)^4(8)^4/group.1243	32	ce1aed77cd1c7d3d2f298d724d0f247f	1	20
carat/tables/qcatalog/dim6/dir.2-1;1;1;1;1/ordnung.32/(2)^4(8)^4/group.1244	32	817be424aac298990776b793ae17b34b	1	20
carat/tables/qcatalog/dim6/dir.2-1;1;1;1;1/ordnung.16/(2)^4(8)^4/min.244	16	06d79f4aa4b7466d740f5ac2163a29e3	1	10
carat/tables/qcatalog/dim6/dir.2-1;1;1;1;1/ordnung.16/(2)^4(8)^4/min.245	16	4c2ef9912b7eb18d060e4a00a8633d73	1	10
carat/tables/qcatalog/dim6/dir.2-1;1;1;1;1/ordnung.16/(2)^4(8)^4/min.246	16	a54ecd40a436db47d8197d6b53e4054d	1	10
carat/tables/qcatalog/dim6/dir.2-1;1;1;1;1/ordnung.16/(2)^4(8)^4/min.247	16	b7a6c5ed7314c613a72e6183001abc19	1	10
carat/tables/qcatalog/dim6/dir.2-1;1;1;1;1/ordnung.32/(2)^1(4)^4(8)^1/group.1209	32	6355c43f5e2c3485c2f5d8f97664f6a7	1	32
carat/tables/qcatalog/dim6/dir.2-1;1;1;1;1/ordnung.32/(2)^2(4)^2(8)^2/group.1210	32	6e6e68f6a830e09da3a226f08bb006cf	1	32
carat/tables/qcatalog/dim6/dir.2-1;1;1;1;1/ordnung.32/(2)^2(4)^2(8)^2/group.1211	32	3a3760c3ecafba99befb6e85128cbfab	1	32
carat/tables/qcatalog/dim6/dir.2-1;1;1;1;1/ordnung.32/(2)^2(4)^4/group.1212	32	e33b1aa54dd05e61e64fa6f59d97c863	1	32
carat/tables/qcatalog/dim6/dir.2-1;1;1;1;1/ordnung.32/(2)^2(4)^4/group.1213	32	27d55895b265b90102cd1c072a161323	1	32
carat/tables/qcatalog/dim6/dir.2-1;1;1;1;1/ordnung.32/(2)^2(4)^4/group.1214	32	db15c51d65fad01d2302d4a13d3abecf	1	32
carat/tables/qcatalog/dim6/dir.2-1;1;1;1;1/ordnung.32/(2)^2(4)^4/group.1215	32	5b20cc38c4f356ed842c98f55a4286af	1	32
carat/tables/qcatalog/dim6/dir.2-1;1;1;1;1/ordnung.32/(2)^4(4)^2(16)^2/group.1216	32	7f62154cd00b467f1dbd92f1049383d1	1	20
carat/tables/qcatalog/dim6/dir.2-1;1;1;1;1/ordnung.32/(2)^4(4)^2(8)^2/group.1217	32	e0d0929cacf524bf77e10e4ca603f121	1	20
carat/tables/qcatalog/dim6/dir.2-1;1;1;1;1/ordnung.32/(2)^4(4)^2(8)^2/group.1218	32	4850513238b7e473beb0b6c1ce0b6b45	1	20
carat/tables/qcatalog/dim6/dir.2-1;1;1;1;1/ordnung.32/(2)^4(4)^2(8)^2/group.1219	32	d858250c705a0aa3b80baf1ffcf85f55	1	20
carat/tables/qcatalog/dim6/dir.2-1;1;1;1;1/ordnung.32/(2)^4(4)^2(8)^2/group.1220	32	c384bad628a556b79320f687a6a35079	1	20
carat/tables/qcatalog/dim6/dir.2-1;1;1;1;1/ordnung.32/(2)^4(4)^2(8)^2/group.1221	32	d0e8f885bad577f988acc58aed449a8b	1	20
carat/tables/qcatalog/dim6/dir.2-1;1;1;1;1/ordnung.32/(2)^4(4)^2(8)^2/group.1222	32	df00f9c82c2a2949c2e3b16f2d02003b	1	20
carat/tables/qcatalog/dim6/dir.2-1;1;1;1;1/ordnung.32/(2)^4(4)^2(8)^2/group.1223	32	11b46a08753aedc52a7dcfe2b03ff037	1	20
carat/tables/qcatalog/dim6/dir.2-1;1;1;1;1/ordnung.32/(2)^4(4)^2(8)^2/group.1224	32	47cd1924cd76c36548a23ecc36f42fa7	1	20
carat/tables/qcatalog/dim6/dir.2-1;1,1;1;1/ordnung.32/(2)^4(8)^3/group.1185	32	5ce47198db12eb07245629d04c1d28ed	1	20
carat/tables/qcatalog/dim6/dir.2-1;1,1;1;1/ordnung.32/(2)^4(8)^3/group.1186	32	e6d1dbfe22356c397bf2efcedcb26697	1	20
carat/tables/qcatalog/dim6/dir.2-1;1,1;1;1/ordnung.64/(2)^4(4)^2(8)^1/group.1187	64	bc5d070797f10762238da1c8a6ed61bc	1	40
carat/tables/qcatalog/dim6/dir.2-1;1,1;1;1/ordnung.8/(2)^1(4)^2(8)^2/min.228	8	542ab933d306f51cbc50a97eaf95fe2e	1	8
carat/tables/qcatalog/dim6/dir.2-1;1,1;1;1/ordnung.8/(2)^1(4)^2(8)^2/min.229	8	15624f830014ac20a20c48c84791ac42	1	8
carat/tables/qcatalog/dim6/dir.2-1;1,1;1;1/ordnung.8/(2)^1(4)^2(8)^2/min.230	8	a3e8f636387d5ef46867a0bf5e06acd6	1	8
carat/tables/qcatalog/dim6/dir.2-1;1,1;1;1/ordnung.8/(2)^2(4)^2(32)^1/min.231	8	dceec910c9f500cc6e8c25dcf92eb2ce	1	8
carat/tables/qcatalog/dim6/dir.2-1;1,1;1;1/ordnung.8/(2)^2(4)^2(32)^1/min.232	8	1026441237c44ea0019a782c29ba25d2	1	8
carat/tables/qcatalog/dim6/dir.2-1;1,1;1;1/ordnung.8/(2)^2(4)^2(32)^1/min.233	8	e5abb61b176d98f07e2fa4db3f49ec92	1	8
carat/tables/qcatalog/dim6/dir.2-1;1,1;1;1/ordnung.8/(2)^2(4)^2(32)^1/min.234	8	63ae74e95399dd7cf2aef18b7cc34bde	1	8
carat/tables/qcatalog/dim6/dir.2-1;1,1;1;1/ordnung.8/(2)^4(8)^2(32)^1/min.235	8	c49666ec77198150aee0dc5d17f3ed3a	1	5
carat/tables/qcatalog/dim6/dir.2-1;1,1;1;1/ordnung.8/(2)^4(8)^2(32)^1/min.236	8	04098ab147e0326ce92a2665a5affe5e	1	5
carat/tables/qcatalog/dim6/dir.2-1;1,1;1;1/ordnung.8/(2)^4(8)^2(32)^1/min.237	8	5637954753a426b6b0ba5102bee99740	1	5
carat/tables/qcatalog/dim6/dir.2-1;1,1;1;1/ordnung.8/(2)^4(8)^2(32)^1/min.238	8	2278f27501fc0596d37bbe28c21df358	1	5
carat/tables/qcatalog/dim6/dir.2-1;1,1;1;1/ordnung.8/(2)^4(8)^2(32)^1/min.239	8	8894499dc44b5dda33c70aaf2bfc62bc	1	5
carat/tables/qcatalog/dim6/dir.2-1;1,1;1;1/ordnung.8/(2)^4(8)^2(32)^1/min.240	8	5af40d37f59f2686887f2fc22dbc9bb8	1	5
carat/tables/qcatalog/dim6/dir.2-1;1,1;1;1/ordnung.8/(2)^4(8)^2(32)^1/min.241	8	83d9ccaf3da08ba6cddcad28245dd0f8	1	5
carat/tables/qcatalog/dim6/dir.2-1;1;1;1;1/ordnung.128/(2)^4(4)^4/group.1188	128	f5044753c61e97a1dca6ee1fb9e9a133	1	80
carat/tables/qcatalog/dim6/dir.2-1;1;1;1;1/ordnung.16/(2)^1(4)^4(8)^1/min.242	16	aeb8f524189b5acb9aaaa5da4a08d781	1	16
carat/tables/qcatalog/dim6/dir.2-1;1;1;1;1/ordnung.16/(2)^1(4)^4(8)^1/min.243	16	6c2248f9a0f11c63b46ef355e382b879	1	16
carat/tables/qcatalog/dim6/dir.1;1;1;1;1;1/ordnung.32/(2)^1(4)^4(8)^1/group.1075	32	f727ae8795e481e5d55b56be7e11fb4f	1	32
carat/tables/qcatalog/dim6/dir.1;1;1;1;1;1/ordnung.32/(2)^2(4)^2(8)^2/group.1076	32	3a4d31e8bc3699659239f561cf99f8ef	1	32
carat/tables/qcatalog/dim6/dir.1;1;1;1;1;1/ordnung.32/(2)^2(4)^4/group.1077	32	abc41c0b6bfce75d11852e93ffc02177	1	32
carat/tables/qcatalog/dim6/dir.1;1;1;1;1;1/ordnung.32/(2)^2(4)^4/group.1078	32	e6db4c358ad2a0a5252e4c34633f26bf	1	32
carat/tables/qcatalog/dim6/dir.1;1;1;1;1;1/ordnung.32/(2)^2(4)^4/group.1079	32	9d07e45e58379b1519ba1e14e75ee80f	1	32
carat/tables/qcatalog/dim6/dir.1;1;1;1;1;1/ordnung.64/(2)^2(4)^4/group.1080	64	1a231f50ccfd686eca84de39db40ba6c	1	64
carat/tables/qcatalog/dim6/dir.1;1;1;1;1;1/ordnung.8/(2)^2(8)^4/min.198	8	f84a372d4020f07e868ea08c72c1906c	1	8
carat/tables/qcatalog/dim6/dir.1;1;1;1;1;1/ordnung.8/(2)^2(8)^4/min.199	8	44f1cb063862974e847408128e2bdd2c	1	8
carat/tables/qcatalog/dim6/dir.2-1',2-1',2-1'/ordnung.4/(6)^2/min.200	4	2e23e8533dc87392138b0cb4cab1f7a8	0	4
carat/tables/qcatalog/dim6/dir.2-1',2-1';1,1/ordnung.4/(2)^1(8)^2/min.201	4	67ac8b391366e0285c5cfed784bf93b2	1	4
carat/tables/qcatalog/dim6/dir.2-1',2-1';1,1/ordnung.4/(2)^1(8)^2/min.202	4	30029da74fb00c102b6a0bdf456d7d4a	1	4
carat/tables/qcatalog/dim6/dir.2-1',2-1';1,1/ordnung.8/(2)^1(8)^2/group.1081	8	45ffdaa79d93f910442485101ed2ac42	1	8
carat/tables/qcatalog/dim6/dir.2-1',2-1';1;1/ordnung.16/(2)^2(8)^2/group.1082	16	80328838578119573b4d1ac77787de7d	1	16
carat/tables/qcatalog/dim6/dir.2-1',2-1';1;1/ordnung.4/(2)^2(16)^2/min.203	4	871442d449b41baee33c7c849928a8e4	1	4
carat/tables/qcatalog/dim6/dir.2-1',2-1';1;1/ordnung.8/(2)^2(16)^2/group.1083	8	b8c2ae2a3eeca42a4a9c69a11092f2f8	1	8
carat/tables/qcatalog/dim6/dir.2-1',2-1';1;1/ordnung.8/(2)^2(8)^2/group.1084	8	02732d56723bbf8e871a8ac850df2ca4	1	8
carat/tables/qcatalog/dim6/dir.2-1',2-1';1;1/ordnung.8/(2)^2(8)^2/group.1085	8	36c87764f00c8c4ecb57a5b3eada806c	1	8
carat/tables/qcatalog/dim6/dir.2-1',2-1';2-1/ordnung.16/(2)^2(8)^2/group.1086	16	317b36fa996f79cb5ee2a6761c390259	0	16
carat/tables/qcatalog/dim6/dir.2-1',2-1';2-1/ordnung.16/(2)^4(16)^2/group.1087	16	4206c4652e4fc83b5f2968fe69791949	0	10
carat/tables/qcatalog/dim6/dir.2-1',2-1';2-1/ordnung.16/(2)^4(16)^2/min.204	16	f874f0f55fabdf75ab8277fff5fad7e3	0	10
carat/tables/qcatalog/dim6/dir.2-1;1,1;1;1/ordnung.16/(2)^4(8)^3/group.1165	16	4d8e79f3f0bef41db9daa20650cb775f	1	10
carat/tables/qcatalog/dim6/dir.2-1;1,1;1;1/ordnung.16/(2)^4(8)^3/group.1166	16	9a06d45a8106205fdbe20c9d77a3cbc1	1	10
carat/tables/qcatalog/dim6/dir.2-1;1,1;1;1/ordnung.16/(2)^4(8)^3/group.1167	16	0efef4197525fb53be4bcf53e54753e5	1	10
carat/tables/qcatalog/dim6/dir.2-1;1,1;1;1/ordnung.16/(2)^4(8)^3/group.1168	16	5ed50be8a741ebfd2c649d1e4d744887	1	10
carat/tables/qcatalog/dim6/dir.2-1;1,1;1;1/ordnung.16/(2)^4(8)^3/group.1169	16	953bfeaab22ed5d77489b6929278fe89	1	10
carat/tables/qcatalog/dim6/dir.2-1;1,1;1;1/ordnung.16/(2)^4(8)^3/group.1170	16	4209662a8e2eca811124010f76b75743	1	10
carat/tables/qcatalog/dim6/dir.2-1;1,1;1;1/ordnung.16/(2)^4(8)^3/group.1171	16	d58efc1aff5705514281a9462fb91ac3	1	10
carat/tables/qcatalog/dim6/dir.2-1;1,1;1;1/ordnung.16/(2)^4(8)^3/group.1172	16	9b2cf1c52d22d3d34c29d0e868a441dd	1	10
carat/tables/qcatalog/dim6/dir.2-1;1,1;1;1/ordnung.32/(2)^2(4)^2(8)^1/group.1173	32	eb8f05eb9b1e60435444a98695be1da9	1	32
carat/tables/qcatalog/dim6/dir.2-1;1,1;1;1/ordnung.32/(2)^4(4)^2(32)^1/group.1174	32	7a342ac90952e1795b67326b028dcd37	1	20
carat/tables/qcatalog/dim6/dir.2-1;1,1;1;1/ordnung.32/(2)^4(4)^2(32)^1/group.1175	32	b99b6947f8443b1782c5769d847b2cad	1	20
carat/tables/qcatalog/dim6/dir.2-1;1,1;1;1/ordnung.32/(2)^4(4)^2(8)^1/group.1176	32	8e913328b8269985b511a279cd92af73	1	20
carat/tables/qcatalog/dim6/dir.2-1;1,1;1;1/ordnung.32/(2)^4(4)^2(8)^1/group.1177	32	1956a24e6d530eb706529256aae2586d	1	20
carat/tables/qcatalog/dim6/dir.2-1;1,1;1;1/ordnung.32/(2)^4(4)^2(8)^1/group.1178	32	92ecd06333fc8aa3e4dc504bf4fb1fd9	1	20
carat/tables/qcatalog/dim6/dir.2-1;1,1;1;1/ordnung.32/(2)^4(4)^2(8)^1/group.1179	32	ba359f941c33a4c5eadaadfa3c5354d3	1	20
carat/tables/qcatalog/dim6/dir.2-1;1,1;1;1/ordnung.32/(2)^4(4)^2(8)^1/group.1180	32	e88bbd673556b61b75ff50f3b7954f41	1	20
carat/tables/qcatalog/dim6/dir.2-1;1,1;1;1/ordnung.32/(2)^4(4)^2(8)^1/group.1181	32	1f9c81dbad3a3c7fd1021b1172bf6295	1	20
carat/tables/qcatalog/dim6/dir.2-1;1,1;1;1/ordnung.32/(2)^4(4)^2(8)^1/group.1182	32	69098869d6c1dd5b104675c2a7d7d1b1	1	20
carat/tables/qcatalog/dim6/dir.2-1;1,1;1;1/ordnung.32/(2)^4(4)^2(8)^1/group.1183	32	bd51adf97719aa019febc336184f092f	1	20
carat/tables/qcatalog/dim6/dir.2-1;1,1;1;1/ordnung.32/(2)^4(4)^2(8)^1/group.1184	32	59f0c7448ecf58fd5a467bb0ade47abb	1	20
carat/tables/qcatalog/dim6/dir.2-1;2-1;1,1/ordnung.16/(2)^1(4)^6(8)^2/group.1263	16	b6334b9305aef28dad8f2ce5f4b3b16f	1	10
carat/tables/qcatalog/dim6/dir.2-1;2-1;1,1/ordnung.16/(2)^1(4)^6(8)^2/min.250	16	0d2f0f02f6588b6591aa1c18dcad0d9f	1	10
carat/tables/qcatalog/dim6/dir.2-1;2-1;1,1/ordnung.16/(2)^1(4)^6(8)^2/min.251	16	83de675fcf6785dd2cdbf455e8c840a7	1	10
carat/tables/qcatalog/dim6/dir.2-1;2-1;1,1/ordnung.16/(2)^1(4)^6(8)^2/min.252	16	0443178db90e9f394594e95e288dfe13	1	10
carat/tables/qcatalog/dim6/dir.2-1;2-1;1,1/ordnung.16/(2)^2(4)^2(8)^1/group.1264	16	da8a66f282291d59f00a70ab14aab813	1	16
carat/tables/qcatalog/dim6/dir.2-1;2-1;1,1/ordnung.16/(2)^2(4)^2(8)^1/group.1265	16	2cbe479444f05a0148c671adf456f21b	1	16
carat/tables/qcatalog/dim6/dir.2-1;2-1;1,1/ordnung.16/(2)^2(4)^2(8)^1/group.1266	16	4efc6ed3ed7fc09d61371431c39b2507	1	16
carat/tables/qcatalog/dim6/dir.2-1;2-1;1,1/ordnung.16/(2)^4(8)^3/group.1267	16	2c5e132f5456cfcbf7f8df7029e19225	1	10
carat/tables/qcatalog/dim6/dir.2-1;2-1;1,1/ordnung.16/(2)^4(8)^3/group.1268	16	8df4bd9a4333bb9b59c1740c057bcc75	1	10
carat/tables/qcatalog/dim6/dir.2-1;2-1;1,1/ordnung.16/(2)^4(8)^3/group.1269	16	a5aabaac87e1c8f7610f9131d8d61349	1	10
carat/tables/qcatalog/dim6/dir.2-1;2-1;1,1/ordnung.16/(2)^4(8)^3/group.1270	16	0194f4ecfdc2d6ff77a809e05bce8f11	1	10
carat/tables/qcatalog/dim6/dir.2-1;2-1;1,1/ordnung.16/(2)^4(8)^3/min.253	16	fa8388f76077db797dcaf575f51f6ae3	1	10
carat/tables/qcatalog/dim6/dir.2-1;2-1;1,1/ordnung.16/(2)^4(8)^3/min.254	16	2a6bdbb5c20e3d7b87fdcc126927696d	1	10
carat/tables/qcatalog/dim6/dir.2-1;2-1;1,1/ordnung.16/(2)^4(8)^3/min.255	16	144e6ea678416791a29e5716742c3e2b	1	10
carat/tables/qcatalog/dim6/dir.2-1;2-1;1,1/ordnung.32/(2)^1(4)^6(8)^2/group.1271	32	72d6ec08100ec20771474378d5ce7275	1	20
carat/tables/qcatalog/dim6/dir.2-1;2-1;1,1/ordnung.32/(2)^1(4)^6(8)^2/group.1272	32	e7e4024de33890cf5db292e2a899f25d	1	20
carat/tables/qcatalog/dim6/dir.2-1;2-1;1,1/ordnung.32/(2)^2(4)^2(8)^1/group.1273	32	ae834d9d2ef1e8af465befdcf76056ad	1	32
carat/tables/qcatalog/dim6/dir.2-1;2-1;1,1/ordnung.32/(2)^4(4)^2(8)^1/group.1274	32	c6b6b424d023f019bf63c95095b44a27	1	20
carat/tables/qcatalog/dim6/dir.2-1;2-1;1,1/ordnung.32/(2)^4(4)^2(8)^1/group.1275	32	a5a98dd2639b4c79b4c96597d85d04d7	1	20
carat/tables/qcatalog/dim6/dir.2-1;2-1;1,1/ordnung.32/(2)^4(4)^2(8)^1/group.1276	32	acc92e5131dfc203011826c74a4fc631	1	20
carat/tables/qcatalog/dim6/dir.2-1;2-1;1,1/ordnung.32/(2)^4(4)^2(8)^1/group.1277	32	0213bb4b3be29791d587cd330502fdff	1	20
carat/tables/qcatalog/dim6/dir.2-1;2-1;1,1/ordnung.32/(2)^4(4)^2(8)^1/group.1278	32	9a2110efc72422d93b50a8b53e488727	1	20
carat/tables/qcatalog/dim6/dir.2-1;2-1;1,1/ordnung.32/(2)^4(4)^2(8)^1/group.1279	32	1d2e3b445f5cfa7bb8fb7594ede92a69	1	20
carat/tables/qcatalog/dim6/dir.2-1;2-1;1,1/ordnung.32/(2)^4(4)^4(8)^1/group.1280	32	d639c6397b5745cdfe0a945ed307cb73	1	14
carat/tables/qcatalog/dim6/dir.2-1;2-1;1,1/ordnung.32/(2)^4(4)^4(8)^1/group.1281	32	23925624dc3b746f5ad6336d47b0cd75	1	14
carat/tables/qcatalog/dim6/dir.2-1;2-1;1,1/ordnung.32/(2)^4(4)^4(8)^1/group.1282	32	13caf7eada04289bea6ebbaea2247ee9	1	14
carat/tables/qcatalog/dim6/dir.2-1;2-1;1,1/ordnung.32/(2)^4(4)^4(8)^1/group.1283	32	c6d5a8f34ae7aca12df85acea40724f7	1	14
carat/tables/qcatalog/dim6/dir.2-1;2-1;1,1/ordnung.32/(2)^4(4)^4(8)^1/group.1284	32	fba3f3ce6fd0c4597893cbd9306701ff	1	14
carat/tables/qcatalog/dim6/dir.2-1;2-1;1,1/ordnung.32/(2)^4(4)^4(8)^1/group.1285	32	c7ea185846c42c579864f7e3a7090c7d	1	14
carat/tables/qcatalog/dim6/dir.2-1;2-1;1,1/ordnung.32/(2)^4(4)^4(8)^1/group.1286	32	e9ddda65a90b9e0537aa90ac5164c8e3	1	14
carat/tables/qcatalog/dim6/dir.2-1;2-1;1,1/ordnung.32/(2)^4(4)^4(8)^1/group.1287	32	26ca7e4952dfed118824a0f56fe2df4f	1	14
carat/tables/qcatalog/dim6/dir.2-1;2-1;1,1/ordnung.32/(2)^4(4)^4(8)^1/group.1288	32	530a315881fe7555dfe5a526b1bc8553	1	14
carat/tables/qcatalog/dim6/dir.2-1;2-1;1,1/ordnung.32/(2)^4(4)^4(8)^1/group.1289	32	c409487b9c3647cb0508df5967fcc1c9	1	14
carat/tables/qcatalog/dim6/dir.2-1;2-1;1,1/ordnung.32/(2)^4(4)^4(8)^1/group.1290	32	0c334516291e6147c1f41c8b430e7095	1	14
carat/tables/qcatalog/dim6/dir.2-1;2-1;1,1/ordnung.32/(2)^4(4)^4(8)^1/group.1291	32	cc5f73a4ba430d9b7b993b946dad0751	1	14
carat/tables/qcatalog/dim6/dir.2-1;2-1;1,1/ordnung.32/(2)^4(4)^4(8)^1/group.1292	32	e1c3fda45d5a5ae38905ff2b69887d61	1	14
carat/tables/qcatalog/dim6/dir.2-1;2-1;1,1/ordnung.32/(2)^4(4)^4(8)^1/group.1293	32	73ffb83376b6a003325a9a4046706c91	1	14
carat/tables/qcatalog/dim6/dir.2-1;2-1;1,1/ordnung.32/(2)^4(4)^4(8)^1/group.1294	32	e1de0291709fd7b3ef63317a50372551	1	14
carat/tables/qcatalog/dim6/dir.2-1;2-1;1,1/ordnung.32/(2)^4(4)^4(8)^1/group.1295	32	ee332a5b95f96b3722ecdded26d0c3b5	1	14
carat/tables/qcatalog/dim6/dir.2-1;2-1;1,1/ordnung.32/(2)^4(8)^3/group.1296	32	1b911c0070fd00278f97ce7bf2e5c295	1	20
carat/tables/qcatalog/dim6/dir.2-1;2-1;1;1/ordnung.16/(2)^2(4)^4(8)^4/group.1332	16	89f246a419cb7b314de1d6517ed05677	1	10
carat/tables/qcatalog/dim6/dir.2-1;2-1;1;1/ordnung.16/(2)^2(4)^4(8)^4/group.1333	16	6d88c2268324b023e3d07a80933d7fb9	1	10
carat/tables/qcatalog/dim6/dir.2-1;2-1;1;1/ordnung.16/(2)^2(4)^4(8)^4/min.261	16	57359914bfc04e63daaabef1678c12d1	1	10
carat/tables/qcatalog/dim6/dir.2-1;2-1;1;1/ordnung.16/(2)^2(4)^4(8)^4/min.262	16	42242d094dd0072f4551562306dfebed	1	10
carat/tables/qcatalog/dim6/dir.2-1;2-1;1;1/ordnung.16/(2)^2(4)^4(8)^4/min.263	16	a815179d368664198eb4420aab418e77	1	10
carat/tables/qcatalog/dim6/dir.2-1;2-1;1;1/ordnung.16/(2)^2(4)^4(8)^4/min.264	16	e28e93576830788fa18daac83ff79f0d	1	10
carat/tables/qcatalog/dim6/dir.2-1;2-1;1;1/ordnung.16/(2)^2(4)^4(8)^4/min.265	16	041035b8d8309b8fa3071616fee9451d	1	10
carat/tables/qcatalog/dim6/dir.2-1;2-1;1;1/ordnung.16/(2)^2(4)^4(8)^4/min.266	16	ac2b3e10e7073dc96213d94c09269b17	1	10
carat/tables/qcatalog/dim6/dir.2-1;2-1;1;1/ordnung.16/(2)^2(4)^4(8)^4/min.267	16	37db65fe9d42a3554d4e6924b0ff42f3	1	10
carat/tables/qcatalog/dim6/dir.2-1;2-1;1;1/ordnung.16/(2)^2(8)^4/group.1334	16	ba804851caf7b3d7eb4fb45a27200ba5	1	16
carat/tables/qcatalog/dim6/dir.2-1;2-1;1;1/ordnung.16/(2)^2(8)^4/group.1335	16	43566854772f66f71138518ca54ee59d	1	16
carat/tables/qcatalog/dim6/dir.2-1;2-1;1;1/ordnung.16/(2)^4(8)^4/group.1336	16	5c579d5923b04df59be7efc2e6122d33	1	10
carat/tables/qcatalog/dim6/dir.2-1;2-1;1;1/ordnung.16/(2)^4(8)^4/group.1337	16	c60c52e54dd1cfddaba0a0662a2cb943	1	10
carat/tables/qcatalog/dim6/dir.2-1;2-1;1;1/ordnung.16/(2)^4(8)^4/group.1338	16	12cd44ef6821dacda4229fe05e6045fb	1	10
carat/tables/qcatalog/dim6/dir.2-1;2-1;1;1/ordnung.16/(2)^4(8)^4/group.1339	16	c8773300d9667441a04dc9b6c89198ff	1	10
carat/tables/qcatalog/dim6/dir.2-1;2-1;1;1/ordnung.16/(2)^4(8)^4/min.268	16	6a2925314ed47961f068a9b942ca74df	1	10
carat/tables/qcatalog/dim6/dir.2-1;2-1;1;1/ordnung.16/(2)^4(8)^4/min.269	16	71e5a07dc430079dadf5d87ede989ffb	1	10
carat/tables/qcatalog/dim6/dir.2-1;2-1;1;1/ordnung.16/(2)^4(8)^4/min.270	16	9cca8b67ef73e9e37012b5a93360d5e1	1	10
carat/tables/qcatalog/dim6/dir.2-1;2-1;1;1/ordnung.16/(2)^4(8)^4/min.271	16	c9de4da3fb227bb50351e6b19d393143	1	10
carat/tables/qcatalog/dim6/dir.2-1;2-1;1;1/ordnung.16/(2)^4(8)^4/min.272	16	539cad5de68ef5a17db0132310d015df	1	10
carat/tables/qcatalog/dim6/dir.2-1;2-1;1;1/ordnung.32/(2)^4(4)^2(8)^2/group.1359	32	d826d24c531a137d62e722c37c470df7	1	20
carat/tables/qcatalog/dim6/dir.2-1;2-1;1;1/ordnung.32/(2)^4(4)^2(8)^2/group.1360	32	d1224f92b9b5b749ffee1228ecb282cb	1	20
carat/tables/qcatalog/dim6/dir.2-1;2-1;1;1/ordnung.32/(2)^4(4)^2(8)^2/group.1361	32	c9918affba3e518163b2557436959423	1	20
carat/tables/qcatalog/dim6/dir.2-1;2-1;1;1/ordnung.32/(2)^4(4)^2(8)^2/group.1362	32	ca8110c39de75c8d285bac05f03b03f7	1	20
carat/tables/qcatalog/dim6/dir.2-1;2-1;1;1/ordnung.32/(2)^4(4)^2(8)^2/group.1363	32	d055e6f486a40f752ae3309dd731dd2f	1	20
carat/tables/qcatalog/dim6/dir.2-1;2-1;1;1/ordnung.32/(2)^4(4)^2(8)^2/group.1364	32	a87047a6279dbdf17566278d39a94c03	1	20
carat/tables/qcatalog/dim6/dir.2-1;2-1;1;1/ordnung.32/(2)^4(4)^2(8)^2/group.1365	32	f50c0d1bdf85d2e5de599a356e2ed7ef	1	20
carat/tables/qcatalog/dim6/dir.2-1;2-1;1;1/ordnung.32/(2)^4(4)^2(8)^2/group.1366	32	33912ec15380b169a790dc1b467da9cb	1	20
carat/tables/qcatalog/dim6/dir.2-1;2-1;1;1/ordnung.32/(2)^4(4)^2(8)^2/group.1367	32	9849e2dee75122bf7cbc3226af19fc11	1	20
carat/tables/qcatalog/dim6/dir.2-1;2-1;1;1/ordnung.32/(2)^4(4)^2(8)^2/group.1368	32	cfa905573948a14df50b051bbf3c40e7	1	20
carat/tables/qcatalog/dim6/dir.2-1;2-1;1;1/ordnung.32/(2)^4(4)^2(8)^2/group.1369	32	d7c2246611b0954fa829ef9ecbe70af1	1	20
carat/tables/qcatalog/dim6/dir.2-1;2-1;1;1/ordnung.32/(2)^4(4)^2(8)^2/group.1370	32	545ae0c80f7fb809eb9c11e41c2900c3	1	20
carat/tables/qcatalog/dim6/dir.2-1;2-1;1;1/ordnung.32/(2)^4(4)^2(8)^2/group.1371	32	1e085a1188602aaf154cb956a5cb0bd9	1	20
carat/tables/qcatalog/dim6/dir.2-1;2-1;1;1/ordnung.32/(2)^4(4)^2(8)^2/group.1372	32	1f8745899cfd55ffdb4571a48de75269	1	20
carat/tables/qcatalog/dim6/dir.2-1;2-1;1;1/ordnung.32/(2)^4(4)^2(8)^2/group.1373	32	b8ca76f07dbad8f561e8ccadca4c625f	1	20
carat/tables/qcatalog/dim6/dir.2-1;2-1;1;1/ordnung.32/(2)^4(4)^2(8)^2/group.1374	32	5213abef4c15723f1040ab541bb29f21	1	20
carat/tables/qcatalog/dim6/dir.2-1;2-1;1;1/ordnung.32/(2)^4(4)^2(8)^2/group.1375	32	75848fb7878db2ef4c3a3350451af551	1	20
carat/tables/qcatalog/dim6/dir.2-1;2-1;1;1/ordnung.32/(2)^4(4)^2(8)^2/group.1376	32	df1ab5015bd5df7d024ae07f96a1b71f	1	20
carat/tables/qcatalog/dim6/dir.2-1;2-1;1;1/ordnung.32/(2)^4(4)^2(8)^2/group.1377	32	ea535bbf0c02c92bdb385f611b3f7b3d	1	20
carat/tables/qcatalog/dim6/dir.2-1;2-1;1;1/ordnung.32/(2)^4(4)^2(8)^2/group.1378	32	45a33ce1adce959d6907a227b2e9859f	1	20
carat/tables/qcatalog/dim6/dir.2-1;2-1;1;1/ordnung.32/(2)^4(4)^2(8)^2/group.1379	32	7965cca93e38283b906e62ada90a496d	1	20
carat/tables/qcatalog/dim6/dir.2-1;2-1;1;1/ordnung.32/(2)^4(4)^2(8)^2/group.1380	32	0e0d07f6a25bb29908ab3d0042c6b173	1	20
carat/tables/qcatalog/dim6/dir.2-1;2-1;1;1/ordnung.32/(2)^4(4)^2(8)^2/group.1381	32	29b5727de6442461cb4cfdd4c15f7e1b	1	20
carat/tables/qcatalog/dim6/dir.2-1;2-1;1;1/ordnung.32/(2)^4(4)^2(8)^2/group.1382	32	fcd62dfa2e96be49a4e9e881e13b3483	1	20
carat/tables/qcatalog/dim6/dir.2-1;2-1;1;1/ordnung.32/(2)^4(4)^2(8)^2/group.1383	32	0d2c78a55a2b2a09103da4c1bb10c543	1	20
carat/tables/qcatalog/dim6/dir.2-1;2-1;1;1/ordnung.32/(2)^4(4)^4(8)^2/group.1384	32	239fdb45b5d42b4df5b7b69071580cff	1	14
carat/tables/qcatalog/dim6/dir.2-1;2-1;1;1/ordnung.32/(2)^4(4)^4(8)^2/group.1385	32	a3b2e0ff61e0fd8761c20ce8ee7eddc9	1	14
carat/tables/qcatalog/dim6/dir.2-1;2-1;1;1/ordnung.32/(2)^4(4)^4(8)^2/group.1386	32	4626d4720999306ba64f0948abfed1ad	1	14
carat/tables/qcatalog/dim6/dir.2-1;2-1;1;1/ordnung.32/(2)^4(4)^4(8)^2/group.1387	32	b76202d9a8e6e501aaf79e3e684b7953	1	14
carat/tables/qcatalog/dim6/dir.2-1;2-1;1;1/ordnung.32/(2)^4(4)^4(8)^2/group.1388	32	fdc84820ce8c78b58fce1021f5195df7	1	14
carat/tables/qcatalog/dim6/dir.2-1;2-1;1;1/ordnung.32/(2)^4(4)^4(8)^2/group.1389	32	bf19d8458680b6a56665bcca93f2b5b7	1	14
carat/tables/qcatalog/dim6/dir.2-1;2-1;1;1/ordnung.32/(2)^4(4)^4(8)^2/group.1390	32	81e51a9a1b196c5142f520344c038773	1	14
carat/tables/qcatalog/dim6/dir.2-1;2-1;1;1/ordnung.32/(2)^4(4)^4(8)^2/group.1391	32	02fb3869740b2419911e73430195df6b	1	14
carat/tables/qcatalog/dim6/dir.2-1;2-1;1;1/ordnung.32/(2)^4(4)^4(8)^2/group.1392	32	508ea32b4a18ce85b92132896426ee7f	1	14
carat/tables/qcatalog/dim6/dir.2-1;2-1;1;1/ordnung.32/(2)^4(4)^4(8)^2/group.1393	32	79209daa2aae9a5df7757d3549a43497	1	14
carat/tables/qcatalog/dim6/dir.2-1;2-1;1;1/ordnung.32/(2)^4(4)^4(8)^2/group.1394	32	ca9baece5ea3e2e13f7ef5756786704b	1	14
carat/tables/qcatalog/dim6/dir.2-1;2-1;1;1/ordnung.32/(2)^4(4)^4(8)^2/group.1395	32	112d3c885da5bcc93cdc7a5ebca277d3	1	14
carat/tables/qcatalog/dim6/dir.2-1;2-1;1;1/ordnung.32/(2)^4(4)^4(8)^2/group.1396	32	a23f935f6612699d0d5205bba58d89ef	1	14
carat/tables/qcatalog/dim6/dir.2-1;2-1;1;1/ordnung.32/(2)^4(4)^4(8)^2/group.1397	32	44508cc73fccbadf595ff7c3c3db9d61	1	14
carat/tables/qcatalog/dim6/dir.2-1;2-1;1;1/ordnung.32/(2)^4(4)^4(8)^2/group.1398	32	d429581100a2f2d5bf0a32fe5035a737	1	14
carat/tables/qcatalog/dim6/dir.2-1;1;1;1;1/ordnung.32/(2)^4(8)^4/group.1245	32	57ab7477b7545a93913d26ce55002735	1	20
carat/tables/qcatalog/dim6/dir.2-1;1;1;1;1/ordnung.64/(2)^2(4)^4/group.1246	64	eb1a789fd11d5b2a4a1571f70303d830	1	64
carat/tables/qcatalog/dim6/dir.2-1;1;1;1;1/ordnung.64/(2)^4(4)^2(8)^2/group.1247	64	b4a3b8e58707db16d2b4ebe550b9df6c	1	40
carat/tables/qcatalog/dim6/dir.2-1;1;1;1;1/ordnung.64/(2)^4(4)^2(8)^2/group.1248	64	3ba632fb7b96b80402e905c401e7a8ca	1	40
carat/tables/qcatalog/dim6/dir.2-1;1;1;1;1/ordnung.64/(2)^4(4)^2(8)^2/group.1249	64	59f00d413934368284ed6f3c268248e8	1	40
carat/tables/qcatalog/dim6/dir.2-1;1;1;1;1/ordnung.64/(2)^4(4)^2(8)^2/group.1250	64	16f94a104e771a383c8f2964d8bf042e	1	40
carat/tables/qcatalog/dim6/dir.2-1;1;1;1;1/ordnung.64/(2)^4(4)^2(8)^2/group.1251	64	52cf32f2ec85dc34c47a4b2cf36ea07a	1	40
carat/tables/qcatalog/dim6/dir.2-1;1;1;1;1/ordnung.64/(2)^4(4)^4/group.1252	64	ec9d6319b85b72e0ab16b61175740116	1	40
carat/tables/qcatalog/dim6/dir.2-1;1;1;1;1/ordnung.64/(2)^4(4)^4/group.1253	64	889c1ccf29049454bd740d10dcf874fa	1	40
carat/tables/qcatalog/dim6/dir.2-1;1;1;1;1/ordnung.64/(2)^4(4)^4/group.1254	64	b9a518e4ae19efc0563e8c72a640def6	1	40
carat/tables/qcatalog/dim6/dir.2-1;1;1;1;1/ordnung.64/(2)^4(4)^4/group.1255	64	5e6fe97a5aa7b2f473949b9a8d7b2a8a	1	40
carat/tables/qcatalog/dim6/dir.2-1;1;1;1;1/ordnung.64/(2)^4(4)^4/group.1256	64	e0b871a4f7b9b4568b096a061470657c	1	40
carat/tables/qcatalog/dim6/dir.2-1;1;1;1;1/ordnung.64/(2)^4(4)^4/group.1257	64	a3f842a62f2a58aa472f2be333499170	1	40
carat/tables/qcatalog/dim6/dir.2-1;1;1;1;1/ordnung.8/(2)^2(8)^4/min.248	8	a41520feb0514a4e960ffd09004cf824	1	8
carat/tables/qcatalog/dim6/dir.2-1;1;1;1;1/ordnung.8/(2)^4(16)^4/min.249	8	19fabc7ca407ee58e282cb8f010c144e	1	5
carat/tables/qcatalog/dim6/dir.2-1;2-1;1,1/ordnung.128/(2)^6(4)^2(8)^1/group.1258	128	61438cfc4c62f6c111da3dc764fa3fef	1	50
carat/tables/qcatalog/dim6/dir.2-1;2-1;1,1/ordnung.16/(2)^1(4)^2(8)^2/group.1259	16	56f5fbbe088274e5e2e0c0450f891f5f	1	16
carat/tables/qcatalog/dim6/dir.2-1;2-1;1,1/ordnung.16/(2)^1(4)^6(8)^2/group.1260	16	a6963a691fef29635502684a8cd2c4c5	1	10
carat/tables/qcatalog/dim6/dir.2-1;2-1;1,1/ordnung.16/(2)^1(4)^6(8)^2/group.1261	16	990e6a5f0f2c27439ef1659d29faa36d	1	10
carat/tables/qcatalog/dim6/dir.2-1;2-1;1,1/ordnung.16/(2)^1(4)^6(8)^2/group.1262	16	edb5872e70b7449b1b005866e1c38d3d	1	10
carat/tables/qcatalog/dim6/dir.2-1;2-1;1;1/ordnung.32/(2)^4(4)^4(8)^2/group.1399	32	5b21a2373db47fc7a3166b6027ccc319	1	14
carat/tables/qcatalog/dim6/dir.2-1;2-1;1;1/ordnung.32/(2)^4(4)^4(8)^2/group.1400	32	f580d6ab023bd683baff37542d1ed6bd	1	14
carat/tables/qcatalog/dim6/dir.2-1;2-1;1;1/ordnung.32/(2)^4(4)^4(8)^2/group.1401	32	e86a30c2069463ef348ddb467ee8ca79	1	14
carat/tables/qcatalog/dim6/dir.2-1;2-1;1;1/ordnung.32/(2)^4(4)^4(8)^2/group.1402	32	82bbdc140b5789c7744ebab173822e81	1	14
carat/tables/qcatalog/dim6/dir.2-1;2-1;1;1/ordnung.32/(2)^4(4)^4(8)^2/group.1403	32	d68c8200ab8106fbba02c04dd102ecd5	1	14
carat/tables/qcatalog/dim6/dir.2-1;2-1;1;1/ordnung.32/(2)^4(4)^4(8)^2/group.1404	32	9a3eb52dacf9667bbf1df5a3f955f1a5	1	14
carat/tables/qcatalog/dim6/dir.2-1;2-1;1;1/ordnung.32/(2)^4(4)^4(8)^2/group.1405	32	305cc135aa4b80ffd4ec00efe8840fc1	1	14
carat/tables/qcatalog/dim6/dir.2-1;2-1;1;1/ordnung.32/(2)^4(4)^4(8)^2/group.1406	32	c9ce23e1fd328fd55a0f644c8ae2e89f	1	14
carat/tables/qcatalog/dim6/dir.2-1;2-1;1;1/ordnung.32/(2)^4(4)^4(8)^2/group.1407	32	57eb95b2004d0be310c12bec76f25d55	1	14
carat/tables/qcatalog/dim6/dir.2-1;2-1;1;1/ordnung.32/(2)^4(4)^4(8)^2/group.1408	32	69309e293f27dfed3344085fad458317	1	14
carat/tables/qcatalog/dim6/dir.2-1;2-1;1;1/ordnung.32/(2)^4(4)^4(8)^2/group.1409	32	09a62fdb8d5b08dbe0a22240ae2e681d	1	14
carat/tables/qcatalog/dim6/dir.2-1;2-1;1;1/ordnung.32/(2)^4(4)^4(8)^2/group.1410	32	78f7898ccae97ad10ccfdea9f6029823	1	14
carat/tables/qcatalog/dim6/dir.2-1;2-1;1;1/ordnung.32/(2)^4(4)^4(8)^2/group.1411	32	ddfdb73f3b2eeb09df38ff713ee6b47b	1	14
carat/tables/qcatalog/dim6/dir.2-1;2-1;1;1/ordnung.32/(2)^4(4)^4(8)^2/group.1412	32	37e6754bc8180ccf98751190159d6879	1	14
carat/tables/qcatalog/dim6/dir.2-1;2-1;1;1/ordnung.32/(2)^4(4)^4(8)^2/group.1413	32	f67d0278b850dda70e13930d793e89e9	1	14
carat/tables/qcatalog/dim6/dir.2-1;2-1;1;1/ordnung.32/(2)^4(4)^4(8)^2/group.1414	32	c38b742bf7b25c917933558c4f3e9233	1	14
carat/tables/qcatalog/dim6/dir.2-1;2-1;1;1/ordnung.32/(2)^4(4)^4(8)^2/group.1415	32	f5f3d9d67df00aa9a0ad009024cf6eb3	1	14
carat/tables/qcatalog/dim6/dir.2-1;2-1;1;1/ordnung.32/(2)^4(4)^4(8)^2/group.1416	32	52e4c681152a34a7b75446e35f96f119	1	14
carat/tables/qcatalog/dim6/dir.2-1;2-1;1;1/ordnung.32/(2)^4(4)^4(8)^2/group.1417	32	d76435dce4f5a96b23fd62267feac42d	1	14
carat/tables/qcatalog/dim6/dir.2-1;2-1;1;1/ordnung.32/(2)^4(4)^4(8)^2/group.1418	32	9158913c39032a43554be97ea466c795	1	14
carat/tables/qcatalog/dim6/dir.2-1;2-1;1,1/ordnung.32/(2)^4(8)^3/group.1297	32	16401c1c7fb148b923a9ca138e6c924f	1	20
carat/tables/qcatalog/dim6/dir.2-1;2-1;1,1/ordnung.64/(2)^4(4)^2(8)^1/group.1298	64	836970ec4aaadc0a02b8538914318a3c	1	40
carat/tables/qcatalog/dim6/dir.2-1;2-1;1,1/ordnung.64/(2)^4(4)^4(8)^1/group.1299	64	d23b83c0939155f848738d7bf0a8ddb2	1	28
carat/tables/qcatalog/dim6/dir.2-1;2-1;1,1/ordnung.64/(2)^4(4)^4(8)^1/group.1300	64	82895ea99b0ca0c82122730effcb4962	1	28
carat/tables/qcatalog/dim6/dir.2-1;2-1;1,1/ordnung.64/(2)^4(4)^4(8)^1/group.1301	64	a6e98941af6c9b428bda937ad03f6724	1	28
carat/tables/qcatalog/dim6/dir.2-1;2-1;1,1/ordnung.64/(2)^6(4)^2(8)^1/group.1302	64	10bcc89d0083989ded606b240a2d749b	1	25
carat/tables/qcatalog/dim6/dir.2-1;2-1;1,1/ordnung.64/(2)^6(4)^2(8)^1/group.1303	64	7849104856afa16d8f90062c6267a7eb	1	25
carat/tables/qcatalog/dim6/dir.2-1;2-1;1,1/ordnung.64/(2)^6(4)^2(8)^1/group.1304	64	f9b87a96c24b5eb5a1a499c6bf667513	1	25
carat/tables/qcatalog/dim6/dir.2-1;2-1;1,1/ordnung.64/(2)^6(4)^2(8)^1/group.1305	64	4f49cf411ba7ce51fb3e35f518584f3f	1	25
carat/tables/qcatalog/dim6/dir.2-1;2-1;1,1/ordnung.64/(2)^6(4)^2(8)^1/group.1306	64	8948da87b23bb7f319f71b27394a4eb9	1	25
carat/tables/qcatalog/dim6/dir.2-1;2-1;1,1/ordnung.64/(2)^6(4)^2(8)^1/group.1307	64	4f0a35db2e9c55d9bb4d88f3cdfbc187	1	25
carat/tables/qcatalog/dim6/dir.2-1;2-1;1,1/ordnung.8/(2)^1(4)^2(8)^2/min.256	8	08968e719ed505d4e76d8f9bb200fb16	1	8
carat/tables/qcatalog/dim6/dir.2-1;2-1;1,1/ordnung.8/(2)^1(4)^2(8)^2/min.257	8	2627b9bcc57381f42ad0ddc503d43f66	1	8
carat/tables/qcatalog/dim6/dir.2-1;2-1;1,1/ordnung.8/(2)^1(4)^2(8)^2/min.258	8	479df7f2f9c14950ac58cd665c2a1d62	1	8
carat/tables/qcatalog/dim6/dir.2-1;2-1;1;1/ordnung.128/(2)^4(4)^4/group.1308	128	2e4fca090bece00908c4f9a37ca51edb	1	80
carat/tables/qcatalog/dim6/dir.2-1;2-1;1;1/ordnung.128/(2)^4(4)^6/group.1309	128	800ef8e019c3719141f9c6b5f0ba2813	1	56
carat/tables/qcatalog/dim6/dir.2-1;2-1;1;1/ordnung.128/(2)^4(4)^6/group.1310	128	fe27a067139948d7cf1c99a162e65549	1	56
carat/tables/qcatalog/dim6/dir.2-1;2-1;1;1/ordnung.128/(2)^4(4)^6/group.1311	128	c49e1684db8d22a9ad49e78567eff783	1	56
carat/tables/qcatalog/dim6/dir.2-1;2-1;1;1/ordnung.128/(2)^6(4)^2(8)^2/group.1312	128	b0882511da6fbecb2821bbadc88dd885	1	50
carat/tables/qcatalog/dim6/dir.2-1;2-1;1;1/ordnung.128/(2)^6(4)^2(8)^2/group.1313	128	7150bca1ecf3fd39ff3870324f35a483	1	50
carat/tables/qcatalog/dim6/dir.2-1;2-1;1;1/ordnung.32/(2)^4(4)^4(8)^2/group.1419	32	477849d853106e0b04bd0508b3d6a10d	1	14
carat/tables/qcatalog/dim6/dir.2-1;2-1;1;1/ordnung.32/(2)^4(4)^4(8)^2/group.1420	32	cc1a41549ebaec11937188ff5af549d3	1	14
carat/tables/qcatalog/dim6/dir.2-1;2-1;1;1/ordnung.32/(2)^4(4)^4(8)^2/group.1421	32	336768121c4069598bee64200dad455b	1	14
carat/tables/qcatalog/dim6/dir.2-1;2-1;1;1/ordnung.32/(2)^4(4)^4(8)^2/group.1422	32	dc22cf4916b63adbcf555a2e1146dd9d	1	14
carat/tables/qcatalog/dim6/dir.2-1;2-1;1;1/ordnung.32/(2)^4(4)^4(8)^2/group.1423	32	3e43a6401fb38dabf5861ac87090e66d	1	14
carat/tables/qcatalog/dim6/dir.2-1;2-1;1;1/ordnung.32/(2)^4(4)^4(8)^2/group.1424	32	a0dcbe86a0b599c11d835d694d273f4b	1	14
carat/tables/qcatalog/dim6/dir.2-1;2-1;1;1/ordnung.32/(2)^4(4)^4(8)^2/group.1425	32	9046d7ffcbed3465d3a65f3ee0b693ff	1	14
carat/tables/qcatalog/dim6/dir.2-1;2-1;1;1/ordnung.32/(2)^4(4)^4(8)^2/group.1426	32	5c99025667b7821194493985556d3fab	1	14
carat/tables/qcatalog/dim6/dir.2-1;2-1;1;1/ordnung.32/(2)^4(4)^4(8)^2/group.1427	32	297aaaa197ddb4eb678fb8db5a0f58bd	1	14
carat/tables/qcatalog/dim6/dir.2-1;2-1;1;1/ordnung.32/(2)^4(4)^4(8)^2/group.1428	32	e6722a0d447ff5412a4fc2cea5c85af3	1	14
carat/tables/qcatalog/dim6/dir.2-1;2-1;1;1/ordnung.32/(2)^4(8)^4/group.1429	32	db2051b2b7282b61e0acadef823cd9b3	1	20
carat/tables/qcatalog/dim6/dir.2-1;2-1;1;1/ordnung.32/(2)^4(8)^4/group.1430	32	bfe2337ba14c217943c7ff86d5c4090b	1	20
carat/tables/qcatalog/dim6/dir.2-1;2-1;1;1/ordnung.32/(2)^4(8)^4/group.1431	32	e59467b49e2d2ba550e022ed4fcf3a6f	1	20
carat/tables/qcatalog/dim6/dir.2-1;2-1;1;1/ordnung.32/(2)^4(8)^4/group.1432	32	8ef19ab2bb7804ed91a17fd58818a677	1	20
carat/tables/qcatalog/dim6/dir.2-1;2-1;1;1/ordnung.32/(2)^4(8)^4/group.1433	32	d3c33127c37c65dba641aa6e120d2635	1	20
carat/tables/qcatalog/dim6/dir.2-1;2-1;1;1/ordnung.64/(2)^2(4)^4/group.1434	64	649bac25c4198b2e88ef7fdc4e8d9e3c	1	64
carat/tables/qcatalog/dim6/dir.2-1;2-1;1;1/ordnung.64/(2)^2(4)^6(8)^2/group.1435	64	eb2f85e52a7bc2bea94504d251267d34	1	40
carat/tables/qcatalog/dim6/dir.2-1;2-1;1;1/ordnung.64/(2)^2(4)^6(8)^2/group.1436	64	6b9af1175ca024565ea2bd29e4236964	1	40
carat/tables/qcatalog/dim6/dir.2-1;2-1;1;1/ordnung.64/(2)^4(4)^2(8)^2/group.1437	64	f68e7539ddeade06eb610753a00d300c	1	40
carat/tables/qcatalog/dim6/dir.2-1;2-1;1;1/ordnung.64/(2)^4(4)^2(8)^2/group.1438	64	7b28a538e9261cd61a9d6279d7ba142c	1	40
carat/tables/qcatalog/dim6/dir.2-1;2-1;1;1/ordnung.16/(2)^4(8)^4/min.273	16	9e78b406bd1c80e564d9759500b90283	1	10
carat/tables/qcatalog/dim6/dir.2-1;2-1;1;1/ordnung.256/(2)^6(4)^4/group.1340	256	399ae2cf14e76cd530b2e0ed6149b763	1	100
carat/tables/qcatalog/dim6/dir.2-1;2-1;1;1/ordnung.32/(2)^1(4)^4(8)^1/group.1341	32	978130da9ccecc45f282bda1acf80fbf	1	32
carat/tables/qcatalog/dim6/dir.2-1;2-1;1;1/ordnung.32/(2)^2(4)^2(8)^2/group.1342	32	88d4c9842228ac1dfa799d669a902467	1	32
carat/tables/qcatalog/dim6/dir.2-1;2-1;1;1/ordnung.32/(2)^2(4)^2(8)^2/group.1343	32	39b4d40b64613cc9261fa32258efc373	1	32
carat/tables/qcatalog/dim6/dir.2-1;2-1;1;1/ordnung.32/(2)^2(4)^4(8)^4/group.1347	32	85a32cde9f8592bda30df576c9dc0c27	1	20
carat/tables/qcatalog/dim6/dir.2-1;2-1;1;1/ordnung.32/(2)^2(4)^4(8)^4/group.1348	32	cd0ce415157d8385367d5c7d53a10e47	1	20
carat/tables/qcatalog/dim6/dir.2-1;2-1;1;1/ordnung.32/(2)^2(4)^4(8)^4/group.1349	32	19635818f57366012860bf97feed911b	1	20
carat/tables/qcatalog/dim6/dir.2-1;2-1;1;1/ordnung.32/(2)^2(4)^4(8)^4/group.1350	32	05d8d8419b63bc450959ae21e5529b7f	1	20
carat/tables/qcatalog/dim6/dir.2-1;2-1;1;1/ordnung.32/(2)^2(4)^4(8)^4/group.1351	32	9f30fa748b050237649d629b06e3fe79	1	20
carat/tables/qcatalog/dim6/dir.2-1;2-1;1;1/ordnung.32/(2)^2(4)^4/group.1344	32	271a727174ceb1a5d12db9502cd9e5af	1	32
carat/tables/qcatalog/dim6/dir.2-1;2-1;1;1/ordnung.32/(2)^2(4)^4/group.1345	32	c0500a67a696a82d770b2b73b58e0bf7	1	32
carat/tables/qcatalog/dim6/dir.2-1;2-1;1;1/ordnung.32/(2)^2(4)^4/group.1346	32	4c6e277b5638b74133b5bc7adb76f54b	1	32
carat/tables/qcatalog/dim6/dir.2-1;2-1;1;1/ordnung.32/(2)^2(4)^6(8)^2/group.1352	32	4c806788b533da55ca58f445191e03df	1	20
carat/tables/qcatalog/dim6/dir.2-1;2-1;1;1/ordnung.32/(2)^2(4)^6(8)^2/group.1353	32	dc738af30005e70d75f07ea6d5808237	1	20
carat/tables/qcatalog/dim6/dir.2-1;2-1;1;1/ordnung.32/(2)^2(4)^6(8)^2/group.1354	32	e525f397bea1a301f870235a040f1b3b	1	20
carat/tables/qcatalog/dim6/dir.2-1;2-1;1;1/ordnung.32/(2)^2(4)^6(8)^2/group.1355	32	b89f4f8964186fe9cd02a970c3a01b53	1	20
carat/tables/qcatalog/dim6/dir.2-1;2-1;1;1/ordnung.32/(2)^2(4)^6(8)^2/group.1356	32	73add68022333779b36f697ad47baf9b	1	20
carat/tables/qcatalog/dim6/dir.2-1;2-1;1;1/ordnung.32/(2)^2(4)^6(8)^2/group.1357	32	4f229b662cd29a2965ded6f8b385ed93	1	20
carat/tables/qcatalog/dim6/dir.2-1;2-1;1;1/ordnung.32/(2)^2(4)^6(8)^2/group.1358	32	4e31264a282a476f79d436ad36583f71	1	20
carat/tables/qcatalog/dim6/dir.2-1;2-1;1;1/ordnung.128/(2)^6(4)^2(8)^2/group.1314	128	1ed6d1b0fc8db891c059d27d21344d4b	1	50
carat/tables/qcatalog/dim6/dir.2-1;2-1;1;1/ordnung.128/(2)^6(4)^2(8)^2/group.1315	128	366748ec21565b651e4e07991142cdef	1	50
carat/tables/qcatalog/dim6/dir.2-1;2-1;1;1/ordnung.128/(2)^6(4)^2(8)^2/group.1316	128	b93c88cbcf8b1be7dc510a0562ebc5d1	1	50
carat/tables/qcatalog/dim6/dir.2-1;2-1;1;1/ordnung.128/(2)^6(4)^4/group.1317	128	423064ca63b1d047c5d2fdf743d826f9	1	50
carat/tables/qcatalog/dim6/dir.2-1;2-1;1;1/ordnung.128/(2)^6(4)^4/group.1318	128	1e9be6c826a6bacff7018d4b06c06e41	1	50
carat/tables/qcatalog/dim6/dir.2-1;2-1;1;1/ordnung.128/(2)^6(4)^4/group.1319	128	a08575ffc4c62e5f51c1ea5c4542dae1	1	50
carat/tables/qcatalog/dim6/dir.2-1;2-1;1;1/ordnung.128/(2)^6(4)^4/group.1320	128	2322a55009f0f391d7548de85221026b	1	50
carat/tables/qcatalog/dim6/dir.2-1;2-1;1;1/ordnung.128/(2)^6(4)^4/group.1321	128	cb7abb037fd097c9768fe12b64bb985b	1	50
carat/tables/qcatalog/dim6/dir.2-1;2-1;1;1/ordnung.128/(2)^6(4)^4/group.1322	128	0d438b495f65b4a3bc085a725021a905	1	50
carat/tables/qcatalog/dim6/dir.2-1;2-1;1;1/ordnung.16/(2)^1(4)^4(8)^1/min.259	16	d9b80c93a9c187cbb1703dce72412fb9	1	16
carat/tables/qcatalog/dim6/dir.2-1;2-1;1;1/ordnung.16/(2)^1(4)^4(8)^1/min.260	16	2fff40e5e6c9ff1369bc4751ac1785d1	1	16
carat/tables/qcatalog/dim6/dir.2-1;2-1;1;1/ordnung.16/(2)^2(4)^2(8)^2/group.1323	16	641ddd903977cb87514b670aa75b01f5	1	16
carat/tables/qcatalog/dim6/dir.2-1;2-1;1;1/ordnung.16/(2)^2(4)^2(8)^2/group.1324	16	726eae6eac4c9a233027aedc04ad7fc1	1	16
carat/tables/qcatalog/dim6/dir.2-1;2-1;1;1/ordnung.16/(2)^2(4)^2(8)^2/group.1325	16	426face351babb8794ef3f1f07f5a0e5	1	16
carat/tables/qcatalog/dim6/dir.2-1;2-1;1;1/ordnung.16/(2)^2(4)^2(8)^2/group.1326	16	7a6f42452ce48e9f3e94095a7887024d	1	16
carat/tables/qcatalog/dim6/dir.2-1;2-1;1;1/ordnung.16/(2)^2(4)^2(8)^2/group.1327	16	5bbeb07a7515037769a6a54a3d0bedad	1	16
carat/tables/qcatalog/dim6/dir.2-1;2-1;1;1/ordnung.16/(2)^2(4)^4(8)^4/group.1328	16	7e454fc689c76ea91ea665b1027fe3d7	1	10
carat/tables/qcatalog/dim6/dir.2-1;2-1;1;1/ordnung.16/(2)^2(4)^4(8)^4/group.1329	16	4a74c494f7d287d5024dd7001310d01b	1	10
carat/tables/qcatalog/dim6/dir.2-1;2-1;1;1/ordnung.16/(2)^2(4)^4(8)^4/group.1330	16	413493fd03ba1757e24287f8ca809c5d	1	10
carat/tables/qcatalog/dim6/dir.2-1;2-1;1;1/ordnung.16/(2)^2(4)^4(8)^4/group.1331	16	4f5c991d63868e0bb55288af6756a511	1	10
carat/tables/qcatalog/dim6/dir.2-1;2-1;1;1/ordnung.64/(2)^4(4)^4/group.1446	64	33588b481285ae32b05a0d746d5c8220	1	40
carat/tables/qcatalog/dim6/dir.2-1;2-1;1;1/ordnung.64/(2)^4(4)^4/group.1447	64	e087fcde94e6fb985766f2b68c809e46	1	40
carat/tables/qcatalog/dim6/dir.2-1;2-1;1;1/ordnung.64/(2)^4(4)^4/group.1448	64	9a04302c2a1035d04d7b4737956af5de	1	40
carat/tables/qcatalog/dim6/dir.2-1;2-1;1;1/ordnung.64/(2)^4(4)^4/group.1449	64	8bd0534a9d98f44e0032901021cbaa04	1	40
carat/tables/qcatalog/dim6/dir.2-1;2-1;1;1/ordnung.64/(2)^4(4)^6/group.1463	64	fab7e0888587b6aabcea54ad6832f6e0	1	28
carat/tables/qcatalog/dim6/dir.2-1;2-1;1;1/ordnung.64/(2)^4(4)^6/group.1464	64	9f8571cfacfedaf8bc391777d444125e	1	28
carat/tables/qcatalog/dim6/dir.2-1;2-1;1;1/ordnung.64/(2)^4(4)^6/group.1465	64	bd73879d8693c8d27322a5c2ee28f950	1	28
carat/tables/qcatalog/dim6/dir.2-1;2-1;1;1/ordnung.64/(2)^4(4)^6/group.1466	64	ad4d4c19bc492fa8f6c98d48f2aa5d8e	1	28
carat/tables/qcatalog/dim6/dir.2-1;2-1;1;1/ordnung.64/(2)^4(4)^6/group.1467	64	026b71316b237bcee586bc62bcad5374	1	28
carat/tables/qcatalog/dim6/dir.2-1;2-1;1;1/ordnung.64/(2)^4(4)^6/group.1468	64	049d2643cb5e30344624b25c68997f42	1	28
carat/tables/qcatalog/dim6/dir.2-1;2-1;1;1/ordnung.64/(2)^4(4)^6/group.1469	64	656bc8c4d366a50e56c506066076f73c	1	28
carat/tables/qcatalog/dim6/dir.2-1;2-1;1;1/ordnung.64/(2)^4(4)^6/group.1470	64	aa04591655cf514a7f1fa8585bbe8c88	1	28
carat/tables/qcatalog/dim6/dir.2-1;2-1;1;1/ordnung.64/(2)^4(4)^6/group.1471	64	6242847241c2420e0f4e0b3e8afa1dec	1	28
carat/tables/qcatalog/dim6/dir.2-1;2-1;1;1/ordnung.64/(2)^4(4)^6/group.1472	64	539f518c095b4328f817c2d2478db546	1	28
carat/tables/qcatalog/dim6/dir.2-1;2-1;1;1/ordnung.64/(2)^4(4)^6/group.1473	64	56ce1be5a1a98f00b8960d3b7e461fee	1	28
carat/tables/qcatalog/dim6/dir.2-1;2-1;1;1/ordnung.64/(2)^4(4)^6/group.1474	64	efedb362af4e4cccb3c3f52d04204c8a	1	28
carat/tables/qcatalog/dim6/dir.2-1;2-1;1;1/ordnung.64/(2)^4(4)^6/group.1475	64	14f13f390f6bd138a15f922e682393a6	1	28
carat/tables/qcatalog/dim6/dir.2-1;2-1;1;1/ordnung.64/(2)^4(4)^6/group.1476	64	a13b507e16f659f429d66b4b4fb8c53a	1	28
carat/tables/qcatalog/dim6/dir.2-1;2-1;1;1/ordnung.64/(2)^4(4)^6/group.1477	64	4e0c1a166ac3a9e4da8dad354ac21c32	1	28
carat/tables/qcatalog/dim6/dir.2-1;2-1;1;1/ordnung.64/(2)^4(4)^6/group.1478	64	7e316e92a72ec5e8b3352219e78cf2a6	1	28
carat/tables/qcatalog/dim6/dir.2-1;2-1;1;1/ordnung.64/(2)^6(4)^2(8)^2/group.1479	64	88951cf7b62de0154e0f5a8669e4041f	1	25
carat/tables/qcatalog/dim6/dir.2-1;2-1;1;1/ordnung.64/(2)^6(4)^2(8)^2/group.1480	64	952f2cc42459024f3de2ceaaf28f3bf1	1	25
carat/tables/qcatalog/dim6/dir.2-1;2-1;1;1/ordnung.64/(2)^6(4)^2(8)^2/group.1481	64	9d3f95177282c787662032b617c59759	1	25
carat/tables/qcatalog/dim6/dir.2-1;2-1;1;1/ordnung.64/(2)^6(4)^2(8)^2/group.1482	64	b1d56d9e10c4ca91313a98257905b6d3	1	25
carat/tables/qcatalog/dim6/dir.2-1;2-1;1;1/ordnung.64/(2)^6(4)^2(8)^2/group.1483	64	82357e4c7cd1ca2569e2b9e8f4725517	1	25
carat/tables/qcatalog/dim6/dir.2-1;2-1;1;1/ordnung.64/(2)^6(4)^2(8)^2/group.1484	64	45b415b62fed1505003abe164cc4f1b7	1	25
carat/tables/qcatalog/dim6/dir.2-1;2-1;1;1/ordnung.64/(2)^6(4)^2(8)^2/group.1485	64	70afffe663344c7988cc603a529259d3	1	25
carat/tables/qcatalog/dim6/dir.2-1;2-1;1;1/ordnung.64/(2)^6(4)^2(8)^2/group.1486	64	7cc330dcf79a18edb30baa95d9977aa7	1	25
carat/tables/qcatalog/dim6/dir.2-1;2-1;1;1/ordnung.64/(2)^6(4)^2(8)^2/group.1487	64	77033508ab87a52de2ebd5f621f072b7	1	25
carat/tables/qcatalog/dim6/dir.2-1;2-1;1;1/ordnung.64/(2)^6(4)^2(8)^2/group.1488	64	b45dd209b4728f99fe6504bd81d810d3	1	25
carat/tables/qcatalog/dim6/dir.2-1;2-1;1;1/ordnung.64/(2)^6(4)^2(8)^2/group.1489	64	7883fed6a91e93db627e491fb25195e5	1	25
carat/tables/qcatalog/dim6/dir.2-1;2-1;1;1/ordnung.64/(2)^6(4)^2(8)^2/group.1490	64	e8717a9afc36a77f45ce12b86eb087a1	1	25
carat/tables/qcatalog/dim6/dir.2-1;2-1;1;1/ordnung.64/(2)^6(4)^2(8)^2/group.1491	64	e6ebeaa4d709fdf1b6cbb3a9cf940733	1	25
carat/tables/qcatalog/dim6/dir.2-1;2-1;1;1/ordnung.64/(2)^6(4)^2(8)^2/group.1492	64	23fb7b3e45aff2fd718242818c509b4f	1	25
carat/tables/qcatalog/dim6/dir.2-1;2-1;1;1/ordnung.64/(2)^6(4)^2(8)^2/group.1493	64	669696d499c6179300694778d2522a15	1	25
carat/tables/qcatalog/dim6/dir.2-1;2-1;1;1/ordnung.64/(2)^6(4)^2(8)^2/group.1494	64	c0fb42b4c28382ab0bf02aba49a8b9f5	1	25
carat/tables/qcatalog/dim6/dir.2-1;2-1;1;1/ordnung.64/(2)^6(4)^2(8)^2/group.1495	64	127e9e29653ca7f76f4df0e1c42bdf39	1	25
carat/tables/qcatalog/dim6/dir.2-1;2-1;1;1/ordnung.64/(2)^6(4)^2(8)^2/group.1496	64	993b4de5faf38ff341ce2a4d03d41a1d	1	25
carat/tables/qcatalog/dim6/dir.2-1;2-1;1;1/ordnung.64/(2)^6(4)^2(8)^2/group.1497	64	c3883116a9dd34bf9512603750b22791	1	25
carat/tables/qcatalog/dim6/dir.2-1;2-1;1;1/ordnung.64/(2)^6(4)^2(8)^2/group.1498	64	4d1d3c45c507a26f6f69c8ba6929ccd9	1	25
carat/tables/qcatalog/dim6/dir.2-1;2-1;1;1/ordnung.64/(2)^4(4)^2(8)^2/group.1439	64	4117a693466910049ef529e825a0d42a	1	40
carat/tables/qcatalog/dim6/dir.2-1;2-1;1;1/ordnung.64/(2)^4(4)^2(8)^2/group.1440	64	ef5bdb27fb93d1e434fb4bb03f18874a	1	40
carat/tables/qcatalog/dim6/dir.2-1;2-1;1;1/ordnung.64/(2)^4(4)^2(8)^2/group.1441	64	0d8be3e56ac69e98b39781cc8bd77356	1	40
carat/tables/qcatalog/dim6/dir.2-1;2-1;1;1/ordnung.64/(2)^4(4)^2(8)^2/group.1442	64	035df74b8434bb02432fa77d6211af70	1	40
carat/tables/qcatalog/dim6/dir.2-1;2-1;1;1/ordnung.64/(2)^4(4)^2(8)^2/group.1443	64	9eec009004ed4960918cf4c2b7ec14ce	1	40
carat/tables/qcatalog/dim6/dir.2-1;2-1;1;1/ordnung.64/(2)^4(4)^4(8)^2/group.1450	64	a8d4bcb671bd3378be0a8db6ff951bfe	1	28
carat/tables/qcatalog/dim6/dir.2-1;2-1;1;1/ordnung.64/(2)^4(4)^4(8)^2/group.1451	64	bd158c182fc46dda5b0086329c48ed68	1	28
carat/tables/qcatalog/dim6/dir.2-1;2-1;1;1/ordnung.64/(2)^4(4)^4(8)^2/group.1452	64	8425fc7c0fccfaa8d191616760e49b56	1	28
carat/tables/qcatalog/dim6/dir.2-1;2-1;1;1/ordnung.64/(2)^4(4)^4(8)^2/group.1453	64	a2f149c0f876899efa8b82409cb69dec	1	28
carat/tables/qcatalog/dim6/dir.2-1;2-1;1;1/ordnung.64/(2)^4(4)^4(8)^2/group.1454	64	ec553a01fb057f7cd9db8c7c948b76aa	1	28
carat/tables/qcatalog/dim6/dir.2-1;2-1;1;1/ordnung.64/(2)^4(4)^4(8)^2/group.1455	64	23e73d12a5e3a4dc750d27daf3ea0c9a	1	28
carat/tables/qcatalog/dim6/dir.2-1;2-1;1;1/ordnung.64/(2)^4(4)^4(8)^2/group.1456	64	cce256c41421225022989ac9c7c020ce	1	28
carat/tables/qcatalog/dim6/dir.2-1;2-1;1;1/ordnung.64/(2)^4(4)^4(8)^2/group.1457	64	43d9603747fc1340556f6dd7d73debd6	1	28
carat/tables/qcatalog/dim6/dir.2-1;2-1;1;1/ordnung.64/(2)^4(4)^4(8)^2/group.1458	64	67fee5a438a7147ad5f6cdb92e69d260	1	28
carat/tables/qcatalog/dim6/dir.2-1;2-1;1;1/ordnung.64/(2)^4(4)^4(8)^2/group.1459	64	cbd1f6d08adc7322fbe94735f59b9630	1	28
carat/tables/qcatalog/dim6/dir.2-1;2-1;1;1/ordnung.64/(2)^4(4)^4(8)^2/group.1460	64	a5d4e19f560ce5beca1427cb0e87502c	1	28
carat/tables/qcatalog/dim6/dir.2-1;2-1;1;1/ordnung.64/(2)^4(4)^4(8)^2/group.1461	64	799ebde8e744b34815e698cc860e5566	1	28
carat/tables/qcatalog/dim6/dir.2-1;2-1;1;1/ordnung.64/(2)^4(4)^4(8)^2/group.1462	64	4f17092d0d867850fdf1757413624abe	1	28
carat/tables/qcatalog/dim6/dir.2-1;2-1;1;1/ordnung.64/(2)^4(4)^4/group.1444	64	4c4637708939259c2d4a1eb2134f5f52	1	40
carat/tables/qcatalog/dim6/dir.2-1;2-1;1;1/ordnung.64/(2)^4(4)^4/group.1445	64	6c90e925b70fa0f47512072e7571fb3a	1	40
carat/tables/qcatalog/dim6/dir.2-1;2-1;2-1/ordnung.32/(2)^2(4)^2(8)^2/group.1549	32	e8b9f3cd0d3a860185f61b4cd7d0d253	0	32
carat/tables/qcatalog/dim6/dir.2-1;2-1;2-1/ordnung.32/(2)^2(4)^4(8)^4/group.1550	32	3fef454533c132894ba5e8f68a37b74b	0	20
carat/tables/qcatalog/dim6/dir.2-1;2-1;2-1/ordnung.32/(2)^2(4)^4(8)^4/group.1551	32	607e0d9bd962609da055dfaef987175f	0	20
carat/tables/qcatalog/dim6/dir.2-1;2-1;2-1/ordnung.32/(2)^2(4)^4(8)^4/group.1552	32	34c3bf7d0adadb3760f392cac006eb31	0	20
carat/tables/qcatalog/dim6/dir.2-1;2-1;2-1/ordnung.32/(2)^2(4)^4(8)^4/min.284	32	ade8d6765d3fa439b9ad89c518996e83	0	20
carat/tables/qcatalog/dim6/dir.2-1;2-1;2-1/ordnung.32/(2)^2(4)^4(8)^4/min.285	32	4de2f2fb7ebabb2dd447668f29807b1f	0	20
carat/tables/qcatalog/dim6/dir.2-1;2-1;2-1/ordnung.32/(2)^2(4)^8(8)^2/group.1553	32	9e38f6c629d956b747ffc6b5a6f8c401	0	14
carat/tables/qcatalog/dim6/dir.2-1;2-1;2-1/ordnung.32/(2)^2(4)^8(8)^2/group.1554	32	0794ce620eff0259c9424c6ed21003e3	0	14
carat/tables/qcatalog/dim6/dir.2-1;2-1;2-1/ordnung.32/(2)^4(8)^4/group.1555	32	06bec0de76ca956189df90970546e563	0	20
carat/tables/qcatalog/dim6/dir.2-1;2-1;2-1/ordnung.32/(2)^4(8)^4/group.1556	32	6d5ccaa8ed72c10b270f44cf8b157c9d	0	20
carat/tables/qcatalog/dim6/dir.2-1;2-1;2-1/ordnung.32/(2)^4(8)^4/group.1557	32	1a4c36afee26d3a1be391ed510cc4413	0	20
carat/tables/qcatalog/dim6/dir.2-1;2-1;2-1/ordnung.32/(2)^4(8)^4/group.1558	32	7b5b0bbb536855ff5e8e5dfe208e3059	0	20
carat/tables/qcatalog/dim6/dir.2-1;2-1;2-1/ordnung.32/(2)^4(8)^4/group.1559	32	4a19f7dc313976f1b0b7030be95cf03b	0	20
carat/tables/qcatalog/dim6/dir.2-1;2-1;2-1/ordnung.32/(2)^4(8)^4/min.286	32	5ef4941bc69184a1c64ecc96ac59307b	0	20
carat/tables/qcatalog/dim6/dir.2-1;2-1;2-1/ordnung.32/(2)^4(8)^8/group.1560	32	057fbe0db73991e92af6163cf0ec335b	0	20
carat/tables/qcatalog/dim6/dir.2-1;2-1;2-1/ordnung.32/(2)^4(8)^8/group.1561	32	45c8e3c70e60093c801fbc336c5b85ea	0	14
carat/tables/qcatalog/dim6/dir.2-1;2-1;2-1/ordnung.32/(2)^4(8)^8/group.1562	32	548e97b0307bc0ab3fe072b3f24c74c5	0	14
carat/tables/qcatalog/dim6/dir.2-1;2-1;2-1/ordnung.32/(2)^4(8)^8/group.1563	32	c79357c32ab82b73a8dc35841804d15d	0	14
carat/tables/qcatalog/dim6/dir.2-1;2-1;2-1/ordnung.32/(2)^4(8)^8/min.287	32	3536cba5aaeb89118d2503ed2520aa23	0	20
carat/tables/qcatalog/dim6/dir.2-1;2-1;2-1/ordnung.32/(2)^4(8)^8/min.288	32	c153435c47a2da3d70fa9a8cd675277f	0	20
carat/tables/qcatalog/dim6/dir.2-2',2-2';2-2/ordnung.9/(3)^2(6)^2/min.298	9	4c1824314ed641263c7fb956440c1dd4	0	9
carat/tables/qcatalog/dim6/dir.2-2,2-2,2-2/ordnung.12/(3)^2(9)^2/group.1635	12	60b9f03ade9246fb5fd30f420905588d	0	6
carat/tables/qcatalog/dim6/dir.2-2,2-2,2-2/ordnung.6/(3)^2(9)^2/min.299	6	cf1590f942be62262e654f6a1a884530	0	3
carat/tables/qcatalog/dim6/dir.2-2,2-2;1,1/ordnung.12/(2)^2(6)^2(18)^1/group.1636	12	ce8758dcdd4f9c41e663de7e30b302c7	1	6
carat/tables/qcatalog/dim6/dir.2-2,2-2;1,1/ordnung.12/(2)^3(6)^2/group.1637	12	053ac7cc956a0159a9cedbcf1c07191f	1	6
carat/tables/qcatalog/dim6/dir.2-2,2-2;1,1/ordnung.12/(2)^3(6)^2/group.1638	12	bb255a332f7490698a4fad35c4e31baf	1	6
carat/tables/qcatalog/dim6/dir.2-2,2-2;1,1/ordnung.12/(2)^3(6)^2/group.1639	12	6f2a9ee102c72e214a50bced1c429f8f	1	6
carat/tables/qcatalog/dim6/dir.2-2,2-2;1,1/ordnung.24/(2)^3(6)^2/group.1640	24	e208966b4e326f049a44f08b68b541fa	1	12
carat/tables/qcatalog/dim6/dir.2-2,2-2;1,1/ordnung.6/(2)^2(6)^2(18)^1/min.300	6	a7f7ce3ea2a78044bc903fad3874de52	1	3
carat/tables/qcatalog/dim6/dir.2-2,2-2;1,1/ordnung.6/(2)^2(6)^2(18)^1/min.301	6	56149e6199ef8158906fd45eeaa5f366	1	3
carat/tables/qcatalog/dim6/dir.2-2,2-2;1;1/ordnung.12/(2)^2(6)^4/group.1641	12	05b071fc59aefbe312070d791bca492d	1	6
carat/tables/qcatalog/dim6/dir.2-2,2-2;1;1/ordnung.12/(2)^2(6)^4/group.1642	12	450cdc27577a499b8edb5a124c96a205	1	6
carat/tables/qcatalog/dim6/dir.2-2,2-2;1;1/ordnung.12/(2)^2(6)^4/group.1643	12	6681b5ad8eb2f5472d43692aef89c799	1	6
carat/tables/qcatalog/dim6/dir.2-2,2-2;1;1/ordnung.12/(2)^2(6)^4/group.1644	12	04d9798e6476983f28570d4101129d51	1	6
carat/tables/qcatalog/dim6/dir.2-2,2-2;1;1/ordnung.12/(2)^4(6)^2/group.1645	12	c046c1fc6082c527b8e2b31b1c0364f1	1	6
carat/tables/qcatalog/dim6/dir.2-2,2-2;1;1/ordnung.12/(2)^4(6)^2/group.1646	12	a3e2ce7e4e7b982fefc754f9560f73b9	1	6
carat/tables/qcatalog/dim6/dir.2-2,2-2;1;1/ordnung.12/(6)^6/group.1647	12	a75d3a211fa102c7f84275278623d929	1	6
carat/tables/qcatalog/dim6/dir.2-2,2-2;1;1/ordnung.24/(2)^2(6)^4/group.1648	24	c94f99e374e3eebe67cb591ef9533628	1	12
carat/tables/qcatalog/dim6/dir.2-2,2-2;1;1/ordnung.24/(2)^4(6)^2/group.1649	24	db7ca23675a580823f26350236299c0c	1	12
carat/tables/qcatalog/dim6/dir.2-2,2-2;1;1/ordnung.24/(2)^4(6)^2/group.1650	24	021c7ac3e58e498a95d8ff9a7bfb6fe4	1	12
carat/tables/qcatalog/dim6/dir.2-1;2-1;2-1/ordnung.64/(2)^4(4)^6(8)^2/group.1603	64	37659e31aaec7abc3c25657648e40142	0	22
carat/tables/qcatalog/dim6/dir.2-1;2-1;2-1/ordnung.64/(2)^4(4)^6(8)^2/group.1604	64	d70dd30dad716200500d200763f7f796	0	22
carat/tables/qcatalog/dim6/dir.2-1;2-1;2-1/ordnung.64/(2)^4(4)^6(8)^2/group.1605	64	4f51fb1d3d96f936d8c1257be966ec1c	0	22
carat/tables/qcatalog/dim6/dir.2-1;2-1;2-1/ordnung.64/(2)^4(4)^6(8)^2/group.1606	64	5a76c32e3ae697b4c34e991d75c4a40a	0	22
carat/tables/qcatalog/dim6/dir.2-1;2-1;2-1/ordnung.64/(2)^4(4)^6(8)^2/group.1607	64	88293173a80d9368d5774f5c356c17fe	0	22
carat/tables/qcatalog/dim6/dir.2-2',2-2',2-2'/ordnung.3/(3)^1(9)^1/min.290	3	aca13c2ce8934a206769fb8fa463024a	0	3
carat/tables/qcatalog/dim6/dir.2-2',2-2',2-2'/ordnung.6/(3)^1(9)^1/group.1608	6	7e8b2f77b306a389a0bbce7e81690267	0	6
carat/tables/qcatalog/dim6/dir.2-2',2-2';1,1/ordnung.12/(2)^2(6)^1/group.1609	12	c83508fcf15b41910d1195607ee239c3	1	12
carat/tables/qcatalog/dim6/dir.2-2',2-2';1,1/ordnung.3/(6)^3/min.291	3	4fcfb1d00dcd4efef5578b802d84e62c	1	3
carat/tables/qcatalog/dim6/dir.2-2',2-2';1,1/ordnung.6/(2)^2(6)^1/group.1610	6	c1979263cca8815f7d4d2ecaaf9d0821	1	6
carat/tables/qcatalog/dim6/dir.2-2',2-2';1,1/ordnung.6/(2)^2(6)^1/group.1611	6	b29cc628803bde7be65f435a6c67c96d	1	6
carat/tables/qcatalog/dim6/dir.2-2',2-2';1,1/ordnung.6/(6)^3/group.1612	6	74cfaebfba9ee20f9d0013edcaac34b1	1	6
carat/tables/qcatalog/dim6/dir.2-2',2-2';1;1/ordnung.12/(2)^2(6)^1(18)^1/group.1613	12	9934c2cb63df60db2935723cfa0d69c1	1	12
carat/tables/qcatalog/dim6/dir.2-2',2-2';1;1/ordnung.12/(2)^3(6)^1/group.1614	12	7fe73630b9da939bf34768a6ffc4e0e1	1	12
carat/tables/qcatalog/dim6/dir.2-2',2-2';1;1/ordnung.12/(2)^3(6)^1/group.1615	12	8bc86e4edaa6fb2be2b2c72c31bb5131	1	12
carat/tables/qcatalog/dim6/dir.2-2',2-2';1;1/ordnung.12/(2)^3(6)^1/group.1616	12	e47f76d150b02b63df01e9373a76ab89	1	12
carat/tables/qcatalog/dim6/dir.2-2',2-2';1;1/ordnung.24/(2)^3(6)^1/group.1617	24	996b85872fc4336a0e964232acbdcbb8	1	24
carat/tables/qcatalog/dim6/dir.2-2',2-2';1;1/ordnung.6/(2)^2(6)^1(18)^1/min.292	6	389c48f696f93d5192e463a8130c5e07	1	6
carat/tables/qcatalog/dim6/dir.2-2',2-2';1;1/ordnung.6/(2)^2(6)^1(18)^1/min.293	6	7c225169eb2085b9f603c7f7e497c98f	1	6
carat/tables/qcatalog/dim6/dir.2-2',2-2';2-1/ordnung.12/(2)^3(6)^1/min.294	12	19a4b8750c493b6bb20d3d79f602b171	0	12
carat/tables/qcatalog/dim6/dir.2-2',2-2';2-1/ordnung.12/(2)^3(6)^1/min.295	12	d6dcc73bfe010c0b2c776dea9e6ac6b1	0	12
carat/tables/qcatalog/dim6/dir.2-2',2-2';2-1/ordnung.24/(2)^3(6)^1/group.1618	24	6b04e74d8ed409e678318a171de470fc	0	24
carat/tables/qcatalog/dim6/dir.2-2',2-2';2-1/ordnung.24/(2)^5(6)^1/group.1619	24	fd37fc86e8973cf4f53ccddabdf9702a	0	15
carat/tables/qcatalog/dim6/dir.2-2',2-2';2-1/ordnung.24/(2)^5(6)^1/group.1620	24	46d0ab937e94403242abd40016bd4958	0	15
carat/tables/qcatalog/dim6/dir.2-2',2-2';2-1/ordnung.24/(2)^5(6)^1/group.1621	24	f9df9a68e42dc6a4c84ff2a96a590b7a	0	15
carat/tables/qcatalog/dim6/dir.2-2',2-2';2-1/ordnung.48/(2)^5(6)^1/group.1622	48	d2786e030520160efa400527013ca990	0	30
carat/tables/qcatalog/dim6/dir.2-2',2-2';2-2/ordnung.12/(1)^2(24)^2/group.1623	12	30966e24415e94a72be33e88bd1eddad	0	12
carat/tables/qcatalog/dim6/dir.2-2',2-2';2-2/ordnung.18/(1)^2(3)^2(6)^1(18)^1/group.1624	18	76918352f97d5d63cb369fc4aa3b33cd	0	9
carat/tables/qcatalog/dim6/dir.2-2',2-2';2-2/ordnung.18/(1)^2(3)^2(6)^1(18)^1/group.1625	18	5533d618000c09e3ca7ae209f4eb592d	0	9
carat/tables/qcatalog/dim6/dir.2-2',2-2';2-2/ordnung.18/(1)^2(6)^2/group.1626	18	822b7143f869590ceec3d16f5e1ac5ea	0	18
carat/tables/qcatalog/dim6/dir.2-2',2-2';2-2/ordnung.18/(1)^2(6)^2/group.1627	18	416423820914c78ccc5ad76374e32f2a	0	18
carat/tables/qcatalog/dim6/dir.2-2',2-2';2-2/ordnung.18/(3)^2(6)^2/group.1628	18	fcb4e7506c6e414c7d7652b47f81a7aa	0	18
carat/tables/qcatalog/dim6/dir.2-2',2-2';2-2/ordnung.36/(1)^2(3)^2(6)^1(18)^1/group.1629	36	bcfa475a5aabcbe9f8fbe6db86250237	0	18
carat/tables/qcatalog/dim6/dir.2-2',2-2';2-2/ordnung.36/(1)^2(6)^2/group.1630	36	6289e4837262b7c5df8418f2834eed2f	0	36
carat/tables/qcatalog/dim6/dir.2-2',2-2';2-2/ordnung.36/(1)^3(3)^1(6)^2/group.1631	36	44ef315a891904ad87e150a177ef69db	0	18
carat/tables/qcatalog/dim6/dir.2-2',2-2';2-2/ordnung.36/(1)^3(3)^1(6)^2/group.1632	36	4f5494c76efe9fd3b255d3f2a693ad59	0	18
carat/tables/qcatalog/dim6/dir.2-2',2-2';2-2/ordnung.36/(1)^3(3)^1(6)^2/group.1633	36	2a86103985653d23620299154bd58399	0	18
carat/tables/qcatalog/dim6/dir.2-2',2-2';2-2/ordnung.6/(1)^2(24)^2/min.296	6	6a0041dafc9e658193152e533cfd095f	0	6
carat/tables/qcatalog/dim6/dir.2-2',2-2';2-2/ordnung.6/(1)^2(24)^2/min.297	6	d189dfea4ff4d4294945f0e7df477f67	0	6
carat/tables/qcatalog/dim6/dir.2-2',2-2';2-2/ordnung.72/(1)^3(3)^1(6)^2/group.1634	72	6a83253b8d04e517e38b3dc61c7fe5b5	0	36
carat/tables/qcatalog/dim6/dir.2-1;2-1;2-1/ordnung.64/(2)^4(4)^4(8)^2/group.1583	64	6835c5bff661e11848fb4706fda3015e	0	28
carat/tables/qcatalog/dim6/dir.2-1;2-1;2-1/ordnung.64/(2)^4(4)^4(8)^2/group.1584	64	50438630e789b7f04a4fb82952205736	0	28
carat/tables/qcatalog/dim6/dir.2-1;2-1;2-1/ordnung.64/(2)^4(4)^4(8)^2/group.1585	64	f9f1a995c62148dcae9f8afa60aa3cda	0	28
carat/tables/qcatalog/dim6/dir.2-1;2-1;2-1/ordnung.64/(2)^4(4)^4(8)^2/group.1586	64	037a596aad9379e6b9e571b938aff2ac	0	28
carat/tables/qcatalog/dim6/dir.2-1;2-1;2-1/ordnung.64/(2)^4(4)^4(8)^2/group.1587	64	2b2968580e8d12fa717c6f86c7183e18	0	28
carat/tables/qcatalog/dim6/dir.2-1;2-1;2-1/ordnung.64/(2)^4(4)^4(8)^2/group.1588	64	1096e5235d41331e32b3f5f8f096ae0c	0	28
carat/tables/qcatalog/dim6/dir.2-1;2-1;2-1/ordnung.64/(2)^4(4)^4(8)^2/group.1589	64	2e75a1ecd62693c26bcb936fd8950878	0	28
carat/tables/qcatalog/dim6/dir.2-1;2-1;2-1/ordnung.64/(2)^4(4)^4(8)^2/group.1590	64	135a63341540ec3062385363e65954a6	0	28
carat/tables/qcatalog/dim6/dir.2-1;2-1;2-1/ordnung.64/(2)^4(4)^4(8)^4/group.1591	64	db7b268c311abcdabc1cd2aecadc0000	0	28
carat/tables/qcatalog/dim6/dir.2-1;2-1;2-1/ordnung.64/(2)^4(4)^4(8)^4/group.1592	64	7586bfc60dcbb9c8649fa61c550a5f9e	0	28
carat/tables/qcatalog/dim6/dir.2-1;2-1;2-1/ordnung.64/(2)^4(4)^4(8)^4/group.1593	64	8d455901b1338cd6acdb299ceed9c28c	0	28
carat/tables/qcatalog/dim6/dir.2-1;2-1;2-1/ordnung.64/(2)^4(4)^4(8)^4/group.1594	64	c4dbcb2469021f0a40b554b561dedac8	0	28
carat/tables/qcatalog/dim6/dir.2-1;2-1;2-1/ordnung.64/(2)^4(4)^4(8)^4/group.1595	64	de3c3ad1e07fc2244b17da8b90207152	0	28
carat/tables/qcatalog/dim6/dir.2-1;2-1;2-1/ordnung.64/(2)^4(4)^4(8)^4/group.1596	64	08e3af689ec8e39814d5ea8a9b9c26fe	0	28
carat/tables/qcatalog/dim6/dir.2-1;2-1;2-1/ordnung.64/(2)^4(4)^4(8)^4/group.1597	64	14afc847b5ecdeb472d947563cb380ca	0	28
carat/tables/qcatalog/dim6/dir.2-1;2-1;2-1/ordnung.64/(2)^4(4)^4(8)^4/group.1598	64	a67a81a78e0cbff414b85a8dc698a17a	0	28
carat/tables/qcatalog/dim6/dir.2-1;2-1;2-1/ordnung.64/(2)^4(4)^4(8)^4/group.1599	64	3f7ba2e1f41ac20da08e8fd9864a11b7	0	25
carat/tables/qcatalog/dim6/dir.2-1;2-1;2-1/ordnung.64/(2)^4(4)^4(8)^4/group.1600	64	2c50e876a6c60a5b40e23683a5b47305	0	25
carat/tables/qcatalog/dim6/dir.2-1;2-1;2-1/ordnung.64/(2)^4(4)^6(8)^2/group.1601	64	573491a670739dba2956d425c5611db0	0	22
carat/tables/qcatalog/dim6/dir.2-1;2-1;2-1/ordnung.64/(2)^4(4)^6(8)^2/group.1602	64	22fd030913a8b5c07f4b97e770a6de96	0	22
carat/tables/qcatalog/dim6/dir.2-2,2-2;1;1/ordnung.24/(2)^4(6)^2/group.1651	24	2fc474b2aa0892025e4991f9c857530c	1	12
carat/tables/qcatalog/dim6/dir.2-2,2-2;1;1/ordnung.24/(2)^4(6)^2/group.1652	24	4004187dff82bf1e51c439229f287aa8	1	12
carat/tables/qcatalog/dim6/dir.2-2,2-2;1;1/ordnung.24/(2)^4(6)^2/group.1653	24	338ca26d1d113ab648cdee0b4d242d90	1	12
carat/tables/qcatalog/dim6/dir.2-2,2-2;1;1/ordnung.48/(2)^4(6)^2/group.1654	48	aac35628ab4f8aa8fcb9860148703086	1	24
carat/tables/qcatalog/dim6/dir.2-2,2-2;1;1/ordnung.6/(6)^6/min.302	6	7053c5183f664216f3df654084f4d518	1	3
carat/tables/qcatalog/dim6/dir.2-2,2-2;2-1/ordnung.12/(2)^4(6)^2/min.303	12	cd7d51f3a1426dcf0385384a0a8f9ab1	0	6
carat/tables/qcatalog/dim6/dir.2-2,2-2;2-1/ordnung.24/(2)^4(6)^2/group.1655	24	fc2cbe7fd1ba44723af3cfc335e3e28c	0	12
carat/tables/qcatalog/dim6/dir.2-2,2-2;2-1/ordnung.24/(2)^4(6)^2/group.1656	24	f748380a1d200ca23acc9f47d9a05114	0	12
carat/tables/qcatalog/dim6/dir.2-2,2-2;2-1/ordnung.24/(2)^4(6)^2/group.1657	24	5fd86f1a8bab0d7e419093fcc2a4ae90	0	12
carat/tables/qcatalog/dim6/dir.2-2,2-2;2-1/ordnung.24/(2)^6(6)^2/group.1658	24	8cb2a64e100019a823e8c30d450d7cda	0	9
carat/tables/qcatalog/dim6/dir.2-2,2-2;2-1/ordnung.24/(2)^6(6)^2/group.1659	24	0ed35fd58b8026ece3a6481ba6f9ae86	0	9
carat/tables/qcatalog/dim6/dir.2-2,2-2;2-1/ordnung.24/(2)^6(6)^2/min.304	24	0d85db06bbbba084b6d7e41bfb2afd6e	0	9
carat/tables/qcatalog/dim6/dir.2-2,2-2;2-1/ordnung.24/(2)^6(6)^2/min.305	24	2d89c28bc84f50eac1e11a57e65fd9ac	0	9
carat/tables/qcatalog/dim6/dir.2-2,2-2;2-1/ordnung.48/(2)^4(6)^2/group.1660	48	0964251d3c76514c4f0929563576d68a	0	24
carat/tables/qcatalog/dim6/dir.2-2,2-2;2-1/ordnung.48/(2)^6(6)^2/group.1661	48	66f7e2dd27a9165025ac72d42b509a06	0	18
carat/tables/qcatalog/dim6/dir.2-2,2-2;2-1/ordnung.48/(2)^6(6)^2/group.1662	48	01a89d46a2f8ea426234cbf945c36478	0	18
carat/tables/qcatalog/dim6/dir.2-2,2-2;2-1/ordnung.48/(2)^6(6)^2/group.1663	48	441a8cdeee2e717ddae8993cfdcce1bf	0	15
carat/tables/qcatalog/dim6/dir.2-2,2-2;2-1/ordnung.48/(2)^6(6)^2/group.1664	48	3ac8f03b2da2499562b21bc1527d4167	0	15
carat/tables/qcatalog/dim6/dir.2-2,2-2;2-1/ordnung.48/(2)^6(6)^2/group.1665	48	25996f642824d0a9d2cdd84aa3db9823	0	15
carat/tables/qcatalog/dim6/dir.2-2,2-2;2-1/ordnung.96/(2)^6(6)^2/group.1666	96	21ada22b0cbe9665e4df28ea003453d7	0	30
carat/tables/qcatalog/dim6/dir.2-2,2-2;2-2/ordnung.12/(1)^4(24)^4/min.306	12	b8ff13da664b7baf61b85ba35dda3249	0	6
carat/tables/qcatalog/dim6/dir.2-2,2-2;2-2/ordnung.12/(1)^4(24)^4/min.307	12	9f18df06fc84357106f4f2cff6a34213	0	6
carat/tables/qcatalog/dim6/dir.2-2,2-2;2-2/ordnung.144/(1)^4(6)^4/group.1667	144	040db344337e28c562a74ba9c3bf8547	0	36
carat/tables/qcatalog/dim6/dir.2-2,2-2;2-2/ordnung.18/(1)^2(6)^3(18)^1/min.308	18	c59d76795ec1afabcf89092e47020675	0	9
carat/tables/qcatalog/dim6/dir.2-2,2-2;2-2/ordnung.18/(1)^2(6)^3(18)^1/min.309	18	0ca8efd1e50f10034f3f3bbd4c649d5d	0	9
carat/tables/qcatalog/dim6/dir.2-2,2-2;2-2/ordnung.18/(3)^4(6)^4/min.310	18	c994ca4cb4b7e4eca87996acee16d17a	0	6
carat/tables/qcatalog/dim6/dir.2-2,2-2;2-2/ordnung.24/(1)^4(24)^4/group.1668	24	815d30dbbc8c3e2c1a6d45d8de0beed6	0	12
carat/tables/qcatalog/dim6/dir.2-2,2-2;2-2/ordnung.36/(1)^2(2)^1(6)^3/group.1669	36	b6f27bcea9cae585be704443572540cb	0	18
carat/tables/qcatalog/dim6/dir.2-2,2-2;2-2/ordnung.36/(1)^2(2)^1(6)^3/group.1670	36	f7cf1af39940dc3599988f0aa60655db	0	18
carat/tables/qcatalog/dim6/dir.2-2,2-2;2-2/ordnung.36/(1)^2(2)^1(6)^3/group.1671	36	88bcabc94bc34549a9777c36ad22c2df	0	18
carat/tables/qcatalog/dim6/dir.2-2,2-2;2-2/ordnung.36/(1)^2(3)^2(6)^4/group.1672	36	a7d503ba55dfe5ea6f94fbd992ad0840	0	9
carat/tables/qcatalog/dim6/dir.2-2,2-2;2-2/ordnung.36/(1)^2(3)^2(6)^4/group.1673	36	dee32cde2d967d989b99126db8bef01e	0	9
carat/tables/qcatalog/dim6/dir.2-2,2-2;2-2/ordnung.36/(1)^2(3)^2(6)^4/group.1674	36	87314b3442cc33b0790d5dfe14875b06	0	9
carat/tables/qcatalog/dim6/dir.2-2,2-2;2-2/ordnung.36/(1)^2(3)^2(6)^4/group.1675	36	22c152f1fd264cca190667d6176a9178	0	9
carat/tables/qcatalog/dim6/dir.2-2,2-2;2-2/ordnung.36/(1)^2(6)^3(18)^1/group.1676	36	7e0c59404ec93dfd999152f0f2f73c53	0	18
carat/tables/qcatalog/dim6/dir.2-2,2-2;2-2/ordnung.36/(1)^4(6)^4/group.1677	36	d1ca360669d68ec5b7087929927fb817	0	12
carat/tables/qcatalog/dim6/dir.2-2,2-2;2-2/ordnung.36/(1)^4(6)^4/group.1678	36	7cbe8e3a3b31465fe4ad2d6ac164a1c1	0	12
carat/tables/qcatalog/dim6/dir.2-2,2-2;2-2/ordnung.36/(3)^4(6)^4/group.1679	36	4a694d03557f8a2156abb00efcb409c3	0	12
carat/tables/qcatalog/dim6/dir.2-2,2-2;2-2/ordnung.72/(1)^2(2)^1(6)^3/group.1680	72	6689e1389d3ec6e1fd06a94f94588fa7	0	36
carat/tables/qcatalog/dim6/dir.2-2,2-2;2-2/ordnung.72/(1)^2(3)^2(6)^4/group.1681	72	a42decc8d6dc84ffd3fe1663076c771d	0	18
carat/tables/qcatalog/dim6/dir.2-1;2-1;1;1/ordnung.64/(2)^6(4)^2(8)^2/group.1499	64	d39369441af620b13efbb8b0ff93b8cb	1	25
carat/tables/qcatalog/dim6/dir.2-1;2-1;1;1/ordnung.64/(2)^6(4)^2(8)^2/group.1500	64	5c2ecd3cda6225fd9819aa4c51e962f7	1	25
carat/tables/qcatalog/dim6/dir.2-1;2-1;1;1/ordnung.64/(2)^6(4)^2(8)^2/group.1501	64	6404347e6a313a95bd6bff02e5dbf7bf	1	25
carat/tables/qcatalog/dim6/dir.2-1;2-1;1;1/ordnung.64/(2)^6(4)^2(8)^2/group.1502	64	f45f4a9c3e69afcd5bc21d6bed2d20df	1	25
carat/tables/qcatalog/dim6/dir.2-1;2-1;1;1/ordnung.64/(2)^6(4)^2(8)^2/group.1503	64	e32d23ad782683dbe56e0ed344e675cd	1	25
carat/tables/qcatalog/dim6/dir.2-1;2-1;1;1/ordnung.64/(2)^6(4)^2(8)^2/group.1504	64	baea811be2f8bf9da1d2dba1c55cc997	1	25
carat/tables/qcatalog/dim6/dir.2-1;2-1;1;1/ordnung.64/(2)^6(4)^2(8)^2/group.1505	64	586b002405d7f74da34fe50fca1f33b7	1	25
carat/tables/qcatalog/dim6/dir.2-1;2-1;1;1/ordnung.64/(2)^6(4)^2(8)^2/group.1506	64	100753638399da0f74d1dc649dc5fda1	1	25
carat/tables/qcatalog/dim6/dir.2-1;2-1;1;1/ordnung.8/(2)^2(8)^4/min.274	8	1b6a5221840fa5d684e6d7936af8082c	1	8
carat/tables/qcatalog/dim6/dir.2-1;2-1;1;1/ordnung.8/(2)^2(8)^4/min.275	8	28c009438685864a0374bfa765a22cf8	1	8
carat/tables/qcatalog/dim6/dir.2-1;2-1;1;1/ordnung.8/(2)^2(8)^4/min.276	8	20a48f8e5e62b32e5f848dae9a0d6834	1	8
carat/tables/qcatalog/dim6/dir.2-1;2-1;1;1/ordnung.8/(2)^2(8)^4/min.277	8	14d64173ce5ecf0e1bb798664682e89c	1	8
carat/tables/qcatalog/dim6/dir.2-1;2-1;2-1/ordnung.128/(2)^4(4)^4/group.1507	128	8fb91bdbc9da27b5637579cf7f4a0eb7	0	80
carat/tables/qcatalog/dim6/dir.2-1;2-1;2-1/ordnung.128/(2)^4(4)^6(8)^2/group.1511	128	60cc56f6ce0b75a17f42a664054bbe93	0	50
carat/tables/qcatalog/dim6/dir.2-1;2-1;2-1/ordnung.128/(2)^4(4)^6(8)^2/group.1512	128	b9eb5ce602fb27f7de470a036da95f61	0	50
carat/tables/qcatalog/dim6/dir.2-1;2-1;2-1/ordnung.128/(2)^4(4)^6/group.1508	128	236d5ae5660712fd592421e868aa4497	0	56
carat/tables/qcatalog/dim6/dir.2-1;2-1;2-1/ordnung.128/(2)^4(4)^6/group.1509	128	01bf8813baf2df3312214a0fb80ff0fd	0	56
carat/tables/qcatalog/dim6/dir.2-1;2-1;2-1/ordnung.128/(2)^4(4)^6/group.1510	128	f95b39ac6e2455217bae3d927265e51b	0	56
carat/tables/qcatalog/dim6/dir.2-1;2-1;2-1/ordnung.128/(2)^4(4)^8/group.1513	128	de8678f095eb5b4fc217f749cd4f2779	0	38
carat/tables/qcatalog/dim6/dir.2-1;2-1;2-1/ordnung.128/(2)^4(4)^8/group.1514	128	ee6862526fe6fa0bc8fa5c587b99958d	0	38
carat/tables/qcatalog/dim6/dir.2-2;1,1,1;1/ordnung.12/(1)^2(3)^2(6)^1(18)^1/group.1701	12	308c1d731b98ae6b6ca2714fb9d04341	1	6
carat/tables/qcatalog/dim6/dir.2-2;1,1,1;1/ordnung.12/(1)^2(3)^2(6)^1(18)^1/group.1702	12	357ac0b61b3e892bc1189234edaf23f1	1	6
carat/tables/qcatalog/dim6/dir.2-2;1,1,1;1/ordnung.12/(1)^2(6)^1(54)^1/group.1703	12	11002c6f6686addd3e6c2a38e79a0e0f	1	12
carat/tables/qcatalog/dim6/dir.2-2;1,1,1;1/ordnung.12/(1)^2(6)^2/group.1704	12	a53d51403658baa5cc81c9f132744ba7	1	12
carat/tables/qcatalog/dim6/dir.2-2;1,1,1;1/ordnung.12/(1)^2(6)^2/group.1705	12	01d9ad2622c764e58ba8e670b5c8b62f	1	12
carat/tables/qcatalog/dim6/dir.2-2;1,1,1;1/ordnung.12/(1)^2(6)^2/group.1706	12	f83762798cda688dd691f2b0a0837daf	1	12
carat/tables/qcatalog/dim6/dir.2-2;1,1,1;1/ordnung.12/(1)^2(6)^2/group.1707	12	70d4d6955fe3092543acb3ff714ae75f	1	12
carat/tables/qcatalog/dim6/dir.2-2;1,1,1;1/ordnung.12/(1)^3(3)^1(6)^1(54)^1/group.1708	12	335d71bf9c5dd56509ef10162d5278cb	1	6
carat/tables/qcatalog/dim6/dir.2-2;1,1,1;1/ordnung.12/(1)^3(3)^1(6)^1(54)^1/group.1709	12	90f064b3e304f58d81eec7fff81d2673	1	6
carat/tables/qcatalog/dim6/dir.2-2;1,1,1;1/ordnung.12/(1)^3(3)^1(6)^1(54)^1/group.1710	12	0c34206fce70bfeb3b8814c5820b4271	1	6
carat/tables/qcatalog/dim6/dir.2-2;1,1,1;1/ordnung.12/(1)^3(3)^1(6)^1(54)^1/group.1711	12	acbcdab45305392b62a8443b09e20d41	1	6
carat/tables/qcatalog/dim6/dir.2-2;1,1,1;1/ordnung.12/(1)^3(3)^1(6)^2/group.1712	12	b84e2957f3127f79c425f46cf7709ebf	1	6
carat/tables/qcatalog/dim6/dir.2-2;1,1,1;1/ordnung.12/(1)^3(3)^1(6)^2/group.1713	12	45dfe11edbf05b5354af94a9caa89909	1	6
carat/tables/qcatalog/dim6/dir.2-2;1,1,1;1/ordnung.12/(1)^3(3)^1(6)^2/group.1714	12	9db1062f74341ca3ad26f79e600412b9	1	6
carat/tables/qcatalog/dim6/dir.2-2;1,1,1;1/ordnung.12/(3)^2(6)^2/group.1715	12	5187154affa989854fed7d93e2af1bdf	1	12
carat/tables/qcatalog/dim6/dir.2-2;1,1,1;1/ordnung.24/(1)^2(3)^2(6)^1(18)^1/group.1716	24	3943f890e2589ea030cdc77125d44986	1	12
carat/tables/qcatalog/dim6/dir.2-2;1,1,1;1/ordnung.24/(1)^2(6)^2/group.1717	24	5ea80ec2db78c29cc5c8034d4f8f639e	1	24
carat/tables/qcatalog/dim6/dir.2-2;1,1,1;1/ordnung.24/(1)^3(3)^1(6)^1(54)^1/group.1718	24	d07a9aad1791843e11a03570d6fd3584	1	12
carat/tables/qcatalog/dim6/dir.2-2;1,1,1;1/ordnung.24/(1)^3(3)^1(6)^2/group.1719	24	dc6fc4908f587df69730209d19dba8dc	1	12
carat/tables/qcatalog/dim6/dir.2-2;1,1,1;1/ordnung.24/(1)^3(3)^1(6)^2/group.1720	24	2bd8c636ca952ddc464e59680c1c67a2	1	12
carat/tables/qcatalog/dim6/dir.2-2;1,1,1;1/ordnung.24/(1)^3(3)^1(6)^2/group.1721	24	7464d3d2ae65a2deffeba366534c077c	1	12
carat/tables/qcatalog/dim6/dir.2-2;1,1,1;1/ordnung.24/(1)^3(3)^1(6)^2/group.1722	24	42cd7d6c98c7ec62e88f0f6d05d2fef8	1	12
carat/tables/qcatalog/dim6/dir.2-2;1,1,1;1/ordnung.24/(1)^3(3)^1(6)^2/group.1723	24	e32e12de2c52fde03329f239d73a6d8e	1	12
carat/tables/qcatalog/dim6/dir.2-2;1,1,1;1/ordnung.24/(1)^3(3)^1(6)^2/group.1724	24	419ca48f72f4ccaa6959917342225340	1	12
carat/tables/qcatalog/dim6/dir.2-2;1,1,1;1/ordnung.24/(1)^3(3)^1(6)^2/group.1725	24	7e05aab03892e86848030d09b31be6b6	1	12
carat/tables/qcatalog/dim6/dir.2-2;1,1,1;1/ordnung.48/(1)^3(3)^1(6)^2/group.1726	48	12e1104543bb06aac9554e151b5377cc	1	24
carat/tables/qcatalog/dim6/dir.2-2;1,1,1;1/ordnung.6/(1)^2(3)^2(18)^1(54)^1/min.312	6	66f62ff14fe573ec780f906d20d3ee82	1	3
carat/tables/qcatalog/dim6/dir.2-2;1,1,1;1/ordnung.6/(1)^2(3)^2(18)^1(54)^1/min.313	6	f51baee66e51bca0a509710680676056	1	3
carat/tables/qcatalog/dim6/dir.2-2;1,1,1;1/ordnung.6/(1)^2(6)^1(54)^1/min.314	6	5017b38315dc164b1cc5fa38f36931c5	1	6
carat/tables/qcatalog/dim6/dir.2-2;1,1,1;1/ordnung.6/(1)^2(6)^1(54)^1/min.315	6	43823d43dcbee1478e108c8e35013821	1	6
carat/tables/qcatalog/dim6/dir.2-2;1,1,1;1/ordnung.6/(3)^2(6)^2/min.316	6	11d43f0c395f486bde59f2e9dc09c785	1	6
carat/tables/qcatalog/dim6/dir.2-2;1,1,1;1/ordnung.6/(3)^2(6)^2/min.317	6	e3e660442d6039875f2d2cd1effe9e71	1	6
carat/tables/qcatalog/dim6/dir.2-2;1,1;1,1/ordnung.12/(1)^2(12)^1(36)^1/group.1727	12	cf8e7c5abb590307a27051b019220c0d	1	12
carat/tables/qcatalog/dim6/dir.2-2;1,1;1,1/ordnung.12/(1)^2(3)^2(12)^2/group.1728	12	7b81669b19a348e752a37add92e8d381	1	6
carat/tables/qcatalog/dim6/dir.2-2;1,1;1,1/ordnung.12/(1)^2(3)^2(12)^2/group.1729	12	47de47dc34be69c709e5e59bc41025c1	1	6
carat/tables/qcatalog/dim6/dir.2-2;1,1;1,1/ordnung.12/(1)^2(3)^2(12)^2/group.1730	12	ffa3e10d0c6ee89dce704353070169a7	1	6
carat/tables/qcatalog/dim6/dir.2-2;1,1;1,1/ordnung.12/(1)^2(3)^2(12)^2/group.1731	12	88796c184064887dcea74600db410ac7	1	6
carat/tables/qcatalog/dim6/dir.2-2;1,1;1,1/ordnung.12/(1)^2(4)^1(12)^1/group.1732	12	50c0e77f2150f67bb6765e1368921d29	1	12
carat/tables/qcatalog/dim6/dir.2-2;1,1;1,1/ordnung.12/(1)^2(4)^1(12)^1/group.1733	12	993c8234ea51778ba07ca2b7561109d9	1	12
carat/tables/qcatalog/dim6/dir.2-2;1,1;1,1/ordnung.12/(1)^2(4)^1(12)^1/group.1734	12	8b585fbcbd8d7a7b9062ae6922c984b9	1	12
carat/tables/qcatalog/dim6/dir.2-2;1,1;1,1/ordnung.12/(1)^4(12)^2/group.1735	12	8a7bc4ecbdebe25b980a591227fe1655	1	6
carat/tables/qcatalog/dim6/dir.2-2;1,1;1,1/ordnung.12/(1)^4(12)^2/group.1736	12	7cb5c6c0736fca01f1b05bbb7fe3c0e3	1	6
carat/tables/qcatalog/dim6/dir.2-2;1,1;1,1/ordnung.12/(3)^4(12)^2/group.1737	12	09b13af54a39f9f37d5693dc7a7cde55	1	6
carat/tables/qcatalog/dim6/dir.2-2;1,1;1,1/ordnung.24/(1)^2(3)^2(12)^2/group.1738	24	014e86e4a8c4ea18cc53d349846127a2	1	12
carat/tables/qcatalog/dim6/dir.2-2;1,1;1,1/ordnung.24/(1)^2(4)^1(12)^1/group.1739	24	80b0699f012f744e0601ef34339df3ac	1	24
carat/tables/qcatalog/dim6/dir.2-2;1,1;1,1/ordnung.24/(1)^4(12)^2/group.1740	24	a4d880fa04841bf2c4177a56d96b5864	1	12
carat/tables/qcatalog/dim6/dir.2-2;1,1;1,1/ordnung.24/(1)^4(12)^2/group.1741	24	94c3305c88a2cdaa95dc4e5a8e0ba68c	1	12
carat/tables/qcatalog/dim6/dir.2-2;1,1;1,1/ordnung.24/(1)^4(12)^2/group.1742	24	0a4328a64dcb8c7683156887e0e7baf8	1	12
carat/tables/qcatalog/dim6/dir.2-2;1,1;1,1/ordnung.24/(1)^4(12)^2/group.1743	24	3726ca5ac0b36386b4d6921a77da0698	1	12
carat/tables/qcatalog/dim6/dir.2-2;1,1;1,1/ordnung.24/(1)^4(12)^2/group.1744	24	5b129fdcfe56577c6f568786da658e9e	1	12
carat/tables/qcatalog/dim6/dir.2-2;1,1;1,1/ordnung.48/(1)^4(12)^2/group.1745	48	7851dbeb8372e2eaa9c5a9921ecb6b70	1	24
carat/tables/qcatalog/dim6/dir.2-2;1,1;1,1/ordnung.6/(1)^2(12)^1(36)^1/min.318	6	4ff2d8a1a3bb9c8129a67e88690ab88f	1	6
carat/tables/qcatalog/dim6/dir.2-2;1,1;1,1/ordnung.6/(1)^2(12)^1(36)^1/min.319	6	8f27db81f5f5a0b183d612501d6e650f	1	6
carat/tables/qcatalog/dim6/dir.2-2;1,1;1,1/ordnung.6/(3)^4(12)^2/min.320	6	32112ad1f207d7a28f17727ed3c864b4	1	3
carat/tables/qcatalog/dim6/dir.2-2;1,1;1;1/ordnung.12/(1)^2(2)^1(6)^1(72)^1/min.321	12	7c62bbdcb8f8f419c1e8809b314cfd1b	1	12
carat/tables/qcatalog/dim6/dir.2-2;1,1;1;1/ordnung.12/(1)^2(2)^1(6)^1(72)^1/min.322	12	4d67ab7d0f7d900157b115ffa1299fb3	1	12
carat/tables/qcatalog/dim6/dir.2-2;1,1;1;1/ordnung.12/(1)^2(2)^1(6)^1(72)^1/min.323	12	4b5c3da3ca58f00171c35c5930c77b53	1	12
carat/tables/qcatalog/dim6/dir.2-2;1,1;1;1/ordnung.12/(1)^2(2)^2(24)^1/min.324	12	a4b3ee175f9e8ff9ddb6eccbbd25737b	1	12
carat/tables/qcatalog/dim6/dir.2-2;1,1;1;1/ordnung.12/(1)^2(2)^2(24)^1/min.325	12	ba8485e8907121b1d3f829d2a4ef52e3	1	12
carat/tables/qcatalog/dim6/dir.2-2;1,1;1;1/ordnung.12/(1)^2(2)^2(24)^1/min.326	12	be9481fafb1fe4e1bb7b5816e0b8f85b	1	12
carat/tables/qcatalog/dim6/dir.2-1;2-1;2-1/ordnung.32/(2)^4(8)^8/min.289	32	ed5efa683193f043a80741abd41f24b5	0	14
carat/tables/qcatalog/dim6/dir.2-1;2-1;2-1/ordnung.512/(2)^8(4)^4/group.1564	512	e36c10f9d8a32027d028d476e6e8f645	0	125
carat/tables/qcatalog/dim6/dir.2-1;2-1;2-1/ordnung.64/(2)^2(4)^4/group.1565	64	c7ecd0ae24f7462aac1c13007b698110	0	64
carat/tables/qcatalog/dim6/dir.2-1;2-1;2-1/ordnung.64/(2)^2(4)^6(8)^2/group.1566	64	5ded8dfa754806aa8612677982b196f8	0	40
carat/tables/qcatalog/dim6/dir.2-1;2-1;2-1/ordnung.64/(2)^2(4)^6(8)^2/group.1567	64	8c7ea59ccd840c4248e59f455e6dc9e8	0	40
carat/tables/qcatalog/dim6/dir.2-1;2-1;2-1/ordnung.64/(2)^2(4)^8(8)^2/group.1568	64	9556ef1ffffccce89f9bcf09d68c5c0e	0	28
carat/tables/qcatalog/dim6/dir.2-1;2-1;2-1/ordnung.64/(2)^2(4)^8(8)^2/group.1569	64	b00ca14ab206340402aefffe6f393f42	0	28
carat/tables/qcatalog/dim6/dir.2-1;2-1;2-1/ordnung.64/(2)^2(4)^8(8)^2/group.1570	64	9334cdaa8c9abe00555d58ef81c8e6be	0	28
carat/tables/qcatalog/dim6/dir.2-1;2-1;2-1/ordnung.64/(2)^2(4)^8(8)^2/group.1571	64	ca91414e287a5dca35c1fba5302fd048	0	28
carat/tables/qcatalog/dim6/dir.2-1;2-1;2-1/ordnung.64/(2)^2(4)^8(8)^2/group.1572	64	d4e6fef00a5da01a9e7a3e80c3920c18	0	28
carat/tables/qcatalog/dim6/dir.2-1;2-1;2-1/ordnung.64/(2)^4(4)^2(8)^2/group.1573	64	68817da59e847ae0cb5212ab196aa246	0	40
carat/tables/qcatalog/dim6/dir.2-1;2-1;2-1/ordnung.64/(2)^4(4)^2(8)^2/group.1574	64	f3217f093c57d7bad5fcc16c0d1e39f8	0	40
carat/tables/qcatalog/dim6/dir.2-1;2-1;2-1/ordnung.64/(2)^4(4)^2(8)^2/group.1575	64	2a29812e7a3784906cfde21c98634136	0	40
carat/tables/qcatalog/dim6/dir.2-1;2-1;2-1/ordnung.64/(2)^4(4)^2(8)^2/group.1576	64	e2754a0cac6fefb649d990c1d281cc9c	0	40
carat/tables/qcatalog/dim6/dir.2-1;2-1;2-1/ordnung.64/(2)^4(4)^2(8)^2/group.1577	64	f6a72136522f5c54d4499b6b4ea0f2c2	0	40
carat/tables/qcatalog/dim6/dir.2-1;2-1;2-1/ordnung.64/(2)^4(4)^4(8)^2/group.1578	64	61794dd2043c7dd2a883e3bf05c602b0	0	28
carat/tables/qcatalog/dim6/dir.2-1;2-1;2-1/ordnung.64/(2)^4(4)^4(8)^2/group.1579	64	6b2534b333b32f08970901438b44ce7e	0	28
carat/tables/qcatalog/dim6/dir.2-1;2-1;2-1/ordnung.64/(2)^4(4)^4(8)^2/group.1580	64	82d441d2c76e13f0448af786b3906b36	0	28
carat/tables/qcatalog/dim6/dir.2-1;2-1;2-1/ordnung.64/(2)^4(4)^4(8)^2/group.1581	64	931fad92b828bfb0817e7674adedb676	0	28
carat/tables/qcatalog/dim6/dir.2-1;2-1;2-1/ordnung.64/(2)^4(4)^4(8)^2/group.1582	64	13d46b38d27fdbaed30086018ff9289c	0	28
carat/tables/qcatalog/dim6/dir.2-1;2-1;2-1/ordnung.128/(2)^4(4)^8/group.1515	128	12c0fb6fc580600ce8d39b6d04b4c5fa	0	44
carat/tables/qcatalog/dim6/dir.2-1;2-1;2-1/ordnung.128/(2)^4(4)^8/group.1516	128	9f196f97029f2b73a7ab74029ffc3ae5	0	38
carat/tables/qcatalog/dim6/dir.2-1;2-1;2-1/ordnung.128/(2)^4(4)^8/group.1517	128	54ea2e5ee0a2d4f37030dfddc1c58cad	0	44
carat/tables/qcatalog/dim6/dir.2-1;2-1;2-1/ordnung.128/(2)^4(4)^8/group.1518	128	52a3b8fa7d73e91cb754d0f1bb8e613a	0	38
carat/tables/qcatalog/dim6/dir.2-1;2-1;2-1/ordnung.128/(2)^4(4)^8/group.1519	128	c2088a5836c2958d6b8526f8b4698127	0	44
carat/tables/qcatalog/dim6/dir.2-1;2-1;2-1/ordnung.128/(2)^4(4)^8/group.1520	128	c1cd8ec514e9a9d51648b5a27af0c46f	0	38
carat/tables/qcatalog/dim6/dir.2-1;2-1;2-1/ordnung.128/(2)^4(4)^8/group.1521	128	f8d9fbae043886dbd629b80f90b96b95	0	44
carat/tables/qcatalog/dim6/dir.2-1;2-1;2-1/ordnung.128/(2)^4(4)^8/group.1522	128	d3c403f0096f75abe9be198fab870ae5	0	38
carat/tables/qcatalog/dim6/dir.2-1;2-1;2-1/ordnung.128/(2)^4(4)^8/group.1523	128	31ca51f82f5aa873e69bd505ed1fcadd	0	38
carat/tables/qcatalog/dim6/dir.2-1;2-1;2-1/ordnung.128/(2)^4(4)^8/group.1524	128	78ce957b9e361363e3a142726889d2b5	0	38
carat/tables/qcatalog/dim6/dir.2-1;2-1;2-1/ordnung.128/(2)^6(4)^2(8)^2/group.1525	128	b82ba084c979dbe7588ca153389f5ec9	0	50
carat/tables/qcatalog/dim6/dir.2-1;2-1;2-1/ordnung.128/(2)^6(4)^2(8)^2/group.1526	128	5dc3fa1f10ed87fb07950492acad517d	0	50
carat/tables/qcatalog/dim6/dir.2-1;2-1;2-1/ordnung.128/(2)^6(4)^2(8)^2/group.1527	128	5495358916181d37c18978c832132309	0	50
carat/tables/qcatalog/dim6/dir.2-1;2-1;2-1/ordnung.128/(2)^6(4)^2(8)^2/group.1528	128	adf79f90be8e9a4f1b0b69eae3c7b541	0	50
carat/tables/qcatalog/dim6/dir.2-1;2-1;2-1/ordnung.128/(2)^6(4)^2(8)^2/group.1529	128	bef6a9dfcddb229f2a10d5980e3dede1	0	50
carat/tables/qcatalog/dim6/dir.2-1;2-1;2-1/ordnung.128/(2)^6(4)^4(8)^2/group.1530	128	62259d2c2f7d3de76cf3ef12ab021581	0	38
carat/tables/qcatalog/dim6/dir.2-1;2-1;2-1/ordnung.128/(2)^6(4)^4(8)^2/group.1531	128	9c9a8c72f96570b0f1dbe2fdb39e1dee	0	38
carat/tables/qcatalog/dim6/dir.2-1;2-1;2-1/ordnung.128/(2)^6(4)^4(8)^2/group.1532	128	ef7478c9af2158992163b5526b72320b	0	38
carat/tables/qcatalog/dim6/dir.2-1;2-1;2-1/ordnung.128/(2)^6(4)^4(8)^2/group.1533	128	ba16c03ca7f5f4094ae1b3e2f2ae1863	0	38
carat/tables/qcatalog/dim6/dir.2-1;2-1;2-1/ordnung.128/(2)^6(4)^4(8)^2/group.1534	128	9d0a6ba101fe9e3b00dda7c1634e3245	0	32
carat/tables/qcatalog/dim6/dir.2-2,2-2;2-2/ordnung.72/(1)^4(6)^4/group.1682	72	a4093e98c6901179a7242abb47ffd0a7	0	18
carat/tables/qcatalog/dim6/dir.2-2,2-2;2-2/ordnung.72/(1)^4(6)^4/group.1683	72	65504365700698e908058b182945759f	0	18
carat/tables/qcatalog/dim6/dir.2-2,2-2;2-2/ordnung.72/(1)^4(6)^4/group.1684	72	63de2eaaf7271137998104b4a17dc709	0	24
carat/tables/qcatalog/dim6/dir.2-2,2-2;2-2/ordnung.72/(1)^4(6)^4/group.1685	72	efd545b6b89c422ba715eb71325d9ca9	0	18
carat/tables/qcatalog/dim6/dir.2-2,2-2;2-2/ordnung.72/(1)^4(6)^4/group.1686	72	29682d3c02bc85e7ac3b82ac694bb195	0	18
carat/tables/qcatalog/dim6/dir.2-2;1,1,1,1/ordnung.12/(1)^2(12)^1/group.1687	12	85839f326e7e7dbbf8585424de76b6b1	1	12
carat/tables/qcatalog/dim6/dir.2-2;1,1,1,1/ordnung.12/(1)^2(3)^2(36)^1/group.1688	12	715c4e3b1f02929364150fb641363e0d	1	6
carat/tables/qcatalog/dim6/dir.2-2;1,1,1,1/ordnung.12/(1)^3(3)^1(12)^1/group.1689	12	8fefa743b7b964bb55f2228e065479cd	1	6
carat/tables/qcatalog/dim6/dir.2-2;1,1,1,1/ordnung.12/(1)^3(3)^1(12)^1/group.1690	12	9469e73925f7d35d144c3412f27683ff	1	6
carat/tables/qcatalog/dim6/dir.2-2;1,1,1,1/ordnung.12/(1)^3(3)^1(12)^1/group.1691	12	3ca704d18aec87ad64a162b9475b8d8f	1	6
carat/tables/qcatalog/dim6/dir.2-2;1,1,1,1/ordnung.24/(1)^3(3)^1(12)^1/group.1692	24	96c3b7d7318c4f7851a70eee672d992a	1	12
carat/tables/qcatalog/dim6/dir.2-2;1,1,1,1/ordnung.3/(3)^2(12)^1/min.311	3	14b400ba90b255245e62cc7a7d69b326	1	3
carat/tables/qcatalog/dim6/dir.2-2;1,1,1,1/ordnung.6/(1)^2(12)^1/group.1693	6	a925a1fa3f12823dcefa7db18016d27b	1	6
carat/tables/qcatalog/dim6/dir.2-2;1,1,1,1/ordnung.6/(1)^2(12)^1/group.1694	6	6345665188df7c9dba1913addd673b2b	1	6
carat/tables/qcatalog/dim6/dir.2-2;1,1,1,1/ordnung.6/(1)^2(3)^2(36)^1/group.1695	6	08d33d5d871de15afbc966b51759c9ec	1	3
carat/tables/qcatalog/dim6/dir.2-2;1,1,1,1/ordnung.6/(1)^2(3)^2(36)^1/group.1696	6	0f443fc49d71f5127e86a5db41bd7114	1	3
carat/tables/qcatalog/dim6/dir.2-2;1,1,1,1/ordnung.6/(3)^2(12)^1/group.1697	6	817c78c4dc57640dec5d9c900f776d2b	1	6
carat/tables/qcatalog/dim6/dir.2-2;1,1,1;1/ordnung.12/(1)^2(3)^2(18)^1(54)^1/group.1698	12	ada0276cadcb1851933d4f2aa852773f	1	6
carat/tables/qcatalog/dim6/dir.2-2;1,1,1;1/ordnung.12/(1)^2(3)^2(6)^1(18)^1/group.1699	12	79f1ff2301fd1987e19eca919457c6ed	1	6
carat/tables/qcatalog/dim6/dir.2-2;1,1,1;1/ordnung.12/(1)^2(3)^2(6)^1(18)^1/group.1700	12	be3dedfce8fed4cf49ff5415b39cb515	1	6
carat/tables/qcatalog/dim6/dir.2-2;1,1;1;1/ordnung.24/(1)^2(2)^2(24)^1/group.1748	24	40b8d2f559618e1840fce471b1fda8fa	1	24
carat/tables/qcatalog/dim6/dir.2-2;1,1;1;1/ordnung.24/(1)^2(2)^2(24)^1/group.1749	24	f3288c6531e8ae90469b4e1b3d089042	1	24
carat/tables/qcatalog/dim6/dir.2-2;1,1;1;1/ordnung.24/(1)^2(2)^2(24)^1/group.1750	24	b74dce852f5458608dcb5128e6db1db2	1	24
carat/tables/qcatalog/dim6/dir.2-2;1,1;1;1/ordnung.24/(1)^2(2)^2(24)^1/group.1751	24	ba8197e69695ae94dc820b4d0002b74e	1	24
carat/tables/qcatalog/dim6/dir.2-2;1,1;1;1/ordnung.24/(1)^2(2)^2(24)^1/group.1752	24	60c5063fe4e4ca68642f201c4b9317a2	1	24
carat/tables/qcatalog/dim6/dir.2-2;1,1;1;1/ordnung.24/(1)^2(2)^2(24)^1/group.1753	24	b9a478b7af618cc0a046e7a1a052128a	1	24
carat/tables/qcatalog/dim6/dir.2-2;1,1;1;1/ordnung.24/(1)^2(3)^2(6)^2(72)^1/group.1754	24	8e5799ac0d48d19ae7d466efd58ae888	1	12
carat/tables/qcatalog/dim6/dir.2-2;1,1;1;1/ordnung.24/(1)^2(6)^2(24)^1/group.1755	24	4f70172d02d2b5242d521b97e4b97d26	1	24
carat/tables/qcatalog/dim6/dir.2-2;1,1;1;1/ordnung.24/(1)^3(3)^1(6)^1(18)^1(72)^1/group.1756	24	ad803450ae43c2dafd36ee7e96405630	1	12
carat/tables/qcatalog/dim6/dir.2-2;1,1;1;1/ordnung.24/(1)^3(3)^1(6)^2(24)^1/group.1757	24	c32ec053c207b3aacbbe45b2b39ab1f0	1	12
carat/tables/qcatalog/dim6/dir.2-2;1,1;1;1/ordnung.24/(1)^3(3)^1(6)^2(24)^1/group.1758	24	97e8a6f976f2e39e0de7a7e3e0de6c24	1	12
carat/tables/qcatalog/dim6/dir.2-2;1,1;1;1/ordnung.24/(1)^3(3)^1(6)^2(24)^1/group.1759	24	4b9cd7691015545ecf9af5dd08042734	1	12
carat/tables/qcatalog/dim6/dir.2-2;1,1;1;1/ordnung.24/(1)^3(3)^1(6)^2(24)^1/group.1760	24	b539b97014cf72669df0741356659a6c	1	12
carat/tables/qcatalog/dim6/dir.2-2;1,1;1;1/ordnung.24/(1)^3(3)^1(6)^2(24)^1/group.1761	24	8bd62b355d2742cade7085f9c78a98a0	1	12
carat/tables/qcatalog/dim6/dir.2-2;1,1;1;1/ordnung.24/(1)^3(3)^1(6)^2(24)^1/group.1762	24	73affc0ae31ed2c67186b23fbc9dc51c	1	12
carat/tables/qcatalog/dim6/dir.2-2;1,1;1;1/ordnung.24/(1)^3(3)^1(6)^2(24)^1/group.1763	24	ba5f843911d7600e19dea9e98801ad84	1	12
carat/tables/qcatalog/dim6/dir.2-2;1,1;1;1/ordnung.24/(1)^4(2)^1(6)^1(24)^1/group.1764	24	27d4485f1bcb617aea3c56f56136a830	1	12
carat/tables/qcatalog/dim6/dir.2-2;1,1;1;1/ordnung.24/(1)^4(2)^1(6)^1(24)^1/group.1765	24	b3f18b855572ec3aae2372371c78c1a0	1	12
carat/tables/qcatalog/dim6/dir.2-2;1,1;1;1/ordnung.24/(1)^4(2)^1(6)^1(24)^1/group.1766	24	88ec48c49ce89fe2745a9cfa1aa457f8	1	12
carat/tables/qcatalog/dim6/dir.2-2;1,1;1;1/ordnung.24/(1)^4(2)^1(6)^1(24)^1/group.1767	24	2812dc3ced9af758bed312b1e44340ae	1	12
carat/tables/qcatalog/dim6/dir.2-2;1,1;1;1/ordnung.12/(1)^2(3)^2(6)^2(72)^1/min.327	12	9a5c94d8de87a48735c81008479c71a5	1	6
carat/tables/qcatalog/dim6/dir.2-2;1,1;1;1/ordnung.12/(1)^2(3)^2(6)^2(72)^1/min.328	12	1016cc678bee22fd5654fb0fef5c2f2b	1	6
carat/tables/qcatalog/dim6/dir.2-2;1,1;1;1/ordnung.12/(1)^2(3)^2(6)^2(72)^1/min.329	12	700382d35fd388ed08b005fe5ae00bcb	1	6
carat/tables/qcatalog/dim6/dir.2-2;1,1;1;1/ordnung.12/(1)^2(3)^2(6)^2(72)^1/min.330	12	89415980f41eaadfbac45a099c646a7d	1	6
carat/tables/qcatalog/dim6/dir.2-2;1,1;1;1/ordnung.12/(1)^2(6)^2(24)^1/min.331	12	a933c2bd9ab7552dd6107154a42c007f	1	12
carat/tables/qcatalog/dim6/dir.2-2;1,1;1;1/ordnung.12/(1)^2(6)^2(24)^1/min.332	12	36cc1ec3512af26d8f50066973388417	1	12
carat/tables/qcatalog/dim6/dir.2-2;1,1;1;1/ordnung.12/(1)^2(6)^2(24)^1/min.333	12	71b9dacff1b3e1f550f699de4752a8ff	1	12
carat/tables/qcatalog/dim6/dir.2-2;1,1;1;1/ordnung.12/(1)^2(6)^2(24)^1/min.334	12	ce948fe260d8724d0b0bad0b702ff45f	1	12
carat/tables/qcatalog/dim6/dir.2-2;1,1;1;1/ordnung.12/(1)^3(3)^1(6)^1(18)^1(72)^1/min.335	12	dc8719451bacaed337be5b67e9acafd1	1	6
carat/tables/qcatalog/dim6/dir.2-2;1,1;1;1/ordnung.12/(1)^3(3)^1(6)^1(18)^1(72)^1/min.336	12	f7fb6ab30b3fb98d81c5ebed66c9774b	1	6
carat/tables/qcatalog/dim6/dir.2-2;1,1;1;1/ordnung.12/(1)^3(3)^1(6)^1(18)^1(72)^1/min.337	12	3d639f48b71f1c550f3fed28bcdbf823	1	6
carat/tables/qcatalog/dim6/dir.2-2;1,1;1;1/ordnung.12/(1)^3(3)^1(6)^2(24)^1/min.338	12	596cf25d283fc403a87f31f98bdfc479	1	6
carat/tables/qcatalog/dim6/dir.2-2;1,1;1;1/ordnung.12/(1)^3(3)^1(6)^2(24)^1/min.339	12	35e096f01cf2c11b010f50b710f58781	1	6
carat/tables/qcatalog/dim6/dir.2-2;1,1;1;1/ordnung.12/(1)^3(3)^1(6)^2(24)^1/min.340	12	6046663d382f3361687db2d8489d5d97	1	6
carat/tables/qcatalog/dim6/dir.2-2;1,1;1;1/ordnung.12/(1)^4(6)^2(72)^1/min.341	12	a951b84a3a5dbb43e0392bf3ccea5371	1	6
carat/tables/qcatalog/dim6/dir.2-2;1,1;1;1/ordnung.12/(1)^4(6)^2(72)^1/min.342	12	eb5031ce28d9417f0f01244700ab745d	1	6
carat/tables/qcatalog/dim6/dir.2-2;1,1;1;1/ordnung.12/(1)^4(6)^2(72)^1/min.343	12	294d383dac6f22335308bbadd8d68971	1	6
carat/tables/qcatalog/dim6/dir.2-2;1,1;1;1/ordnung.12/(1)^4(6)^2(72)^1/min.344	12	ebba2b56ebfe282728e538729844b5c5	1	6
carat/tables/qcatalog/dim6/dir.2-2;1,1;1;1/ordnung.24/(1)^2(2)^1(6)^1(72)^1/group.1746	24	a1dd344265ecbc2484711bb159107bee	1	24
carat/tables/qcatalog/dim6/dir.2-2;1,1;1;1/ordnung.24/(1)^2(2)^2(24)^1/group.1747	24	0a401e1be9de7f381696ff547ed844ca	1	24
carat/tables/qcatalog/dim6/dir.2-2;1,1;1;1/ordnung.24/(1)^4(2)^1(6)^1(24)^1/group.1768	24	99be0ac5c875d0109722e1a88c0a4f36	1	12
carat/tables/qcatalog/dim6/dir.2-2;1,1;1;1/ordnung.24/(1)^4(2)^1(6)^1(24)^1/group.1769	24	0cb70b444be783c89eee779abcd736de	1	12
carat/tables/qcatalog/dim6/dir.2-2;1,1;1;1/ordnung.24/(1)^4(2)^1(6)^1(24)^1/group.1770	24	7b76c62c1a38097aea018ea53399fb20	1	12
carat/tables/qcatalog/dim6/dir.2-2;1,1;1;1/ordnung.24/(1)^4(2)^1(6)^1(24)^1/group.1771	24	cfa7b8892ab6fc18a4f19ece7f782bee	1	12
carat/tables/qcatalog/dim6/dir.2-2;1,1;1;1/ordnung.24/(1)^4(2)^1(6)^1(24)^1/group.1772	24	8c06674b3803bb343af6438d9632e3fa	1	12
carat/tables/qcatalog/dim6/dir.2-2;1,1;1;1/ordnung.24/(1)^4(2)^1(6)^1(24)^1/group.1773	24	172c2934d1a8b244d331e0bc257d0dba	1	12
carat/tables/qcatalog/dim6/dir.2-2;1,1;1;1/ordnung.24/(1)^4(2)^1(6)^1(24)^1/group.1774	24	56e80a9298e7e4b823912dd116373a8e	1	12
carat/tables/qcatalog/dim6/dir.2-2;1,1;1;1/ordnung.24/(1)^4(2)^1(6)^1(24)^1/group.1775	24	ff97cc65b0df536a5a02d92dc418da40	1	12
carat/tables/qcatalog/dim6/dir.2-2;1,1;1;1/ordnung.24/(1)^4(2)^1(6)^1(24)^1/group.1776	24	fc661122a2bca39c53dd6a592bf86892	1	12
carat/tables/qcatalog/dim6/dir.2-2;1,1;1;1/ordnung.24/(1)^4(2)^1(6)^1(24)^1/group.1777	24	27724927ef8c2ffc28256dd2f11e6fe2	1	12
carat/tables/qcatalog/dim6/dir.2-2;1,1;1;1/ordnung.24/(1)^4(2)^1(6)^1(24)^1/group.1778	24	6c21420f178b888484301956626abba2	1	12
carat/tables/qcatalog/dim6/dir.2-2;1,1;1;1/ordnung.24/(1)^4(2)^1(6)^1(24)^1/group.1779	24	76d0b0de5c5d321a0ba006bedee16400	1	12
carat/tables/qcatalog/dim6/dir.2-2;1,1;1;1/ordnung.24/(1)^4(2)^1(6)^1(24)^1/group.1780	24	c5d63eb45ff7014a9ef86a685613efc0	1	12
carat/tables/qcatalog/dim6/dir.2-2;1,1;1;1/ordnung.24/(1)^4(6)^2(72)^1/group.1781	24	f521eb761efabff607bc1061b8be342c	1	12
carat/tables/qcatalog/dim6/dir.2-2;1,1;1;1/ordnung.24/(1)^4(6)^2(72)^1/group.1782	24	8831b64b1a8ba03473232f34e6969e32	1	12
carat/tables/qcatalog/dim6/dir.2-2;1,1;1;1/ordnung.24/(1)^4(6)^2(72)^1/group.1783	24	102233ac788e4bb6effb8076746b058c	1	12
carat/tables/qcatalog/dim6/dir.2-2;1,1;1;1/ordnung.24/(1)^4(6)^2(72)^1/group.1784	24	0f19cbd4b4b717ccb43f58bd76d29d12	1	12
carat/tables/qcatalog/dim6/dir.2-2;1,1;1;1/ordnung.24/(1)^4(6)^2(72)^1/group.1785	24	f352fff713609c96a06329aa1d8ae81c	1	12
carat/tables/qcatalog/dim6/dir.2-2;1,1;1;1/ordnung.24/(1)^4(6)^2(72)^1/group.1786	24	f18e17d28bfb119c46242c4e365ebbd2	1	12
carat/tables/qcatalog/dim6/dir.2-2;1,1;1;1/ordnung.24/(1)^4(6)^2(72)^1/group.1787	24	5055d5f0e629eb6efc1eb74ffac1bd14	1	12
carat/tables/qcatalog/dim6/dir.2-2;1;1;1;1/ordnung.24/(1)^4(2)^1(6)^1(12)^1(36)^1/group.1824	24	96e282445b2a984ec4e8aab58e2477d0	1	12
carat/tables/qcatalog/dim6/dir.2-2;1;1;1;1/ordnung.24/(1)^4(2)^1(6)^1(12)^1(36)^1/group.1825	24	83f56265acd3982ec54e36191b662d70	1	12
carat/tables/qcatalog/dim6/dir.2-2;1;1;1;1/ordnung.24/(1)^4(2)^1(6)^1(12)^1(36)^1/group.1826	24	35b9f258648abecc26e83f3b04aeeb0e	1	12
carat/tables/qcatalog/dim6/dir.2-2;1;1;1;1/ordnung.24/(1)^4(2)^1(6)^1(12)^1(36)^1/group.1827	24	cbee0fad2893ec44c3ddbb4de0ff8cf6	1	12
carat/tables/qcatalog/dim6/dir.2-2;1;1;1;1/ordnung.24/(1)^4(2)^1(6)^1(12)^1(36)^1/group.1828	24	197e59c707ced92871cfe81089d33d9a	1	12
carat/tables/qcatalog/dim6/dir.2-2;1;1;1;1/ordnung.24/(1)^4(2)^1(6)^1(12)^1(36)^1/group.1829	24	6291a13455195ba03fd53dd66d6ad262	1	12
carat/tables/qcatalog/dim6/dir.2-2;1;1;1;1/ordnung.24/(1)^4(2)^2(12)^2/group.1830	24	d89b6bbc7856582455ca191c9ad4f9f6	1	12
carat/tables/qcatalog/dim6/dir.2-2;1;1;1;1/ordnung.24/(1)^4(2)^2(12)^2/group.1831	24	ffbbdcafe089c1823333c2e8b4f5d13c	1	12
carat/tables/qcatalog/dim6/dir.2-2;1;1;1;1/ordnung.24/(1)^4(2)^2(12)^2/group.1832	24	bed898180422b5f2f826ed01d4cb3fcc	1	12
carat/tables/qcatalog/dim6/dir.2-2;1;1;1;1/ordnung.24/(1)^4(2)^2(12)^2/group.1833	24	49fbefc4105bdc94768f8d99211265d6	1	12
carat/tables/qcatalog/dim6/dir.2-2;1;1;1;1/ordnung.24/(1)^4(4)^1(12)^2(36)^1/group.1834	24	ec521afa2b561ad0f6c31c55ba7b7962	1	12
carat/tables/qcatalog/dim6/dir.2-2;1;1;1;1/ordnung.24/(1)^4(4)^1(12)^2(36)^1/group.1835	24	e3e68f382f925ef036c63ed19eb4f302	1	12
carat/tables/qcatalog/dim6/dir.2-2;1;1;1;1/ordnung.24/(1)^4(4)^1(12)^2(36)^1/group.1836	24	25c56183f5dd898cc59369b3aa54841e	1	12
carat/tables/qcatalog/dim6/dir.2-2;1;1;1;1/ordnung.24/(1)^4(4)^1(12)^2(36)^1/group.1837	24	8edfe9cf84cf5abcf851571c64a0698e	1	12
carat/tables/qcatalog/dim6/dir.2-2;1;1;1;1/ordnung.24/(1)^4(4)^2(12)^2/group.1838	24	a9331bf6761dd74608cde489a172ecd0	1	12
carat/tables/qcatalog/dim6/dir.2-2;1;1;1;1/ordnung.24/(1)^4(4)^2(12)^2/group.1839	24	d62fd68a1450d2062bc17aeacf8cd910	1	12
carat/tables/qcatalog/dim6/dir.2-2;1;1;1;1/ordnung.24/(1)^4(4)^2(12)^2/group.1840	24	e56d813bbfd858c2a08eb975b9f3f2e4	1	12
carat/tables/qcatalog/dim6/dir.2-2;1;1;1;1/ordnung.24/(1)^4(6)^2(36)^2/group.1841	24	f94ea0baa0a24ea091b8573bb09c2032	1	12
carat/tables/qcatalog/dim6/dir.2-2;1;1;1;1/ordnung.24/(1)^4(6)^2(36)^2/group.1842	24	e922767a277cd8b84d18cac5614aa492	1	12
carat/tables/qcatalog/dim6/dir.2-2;1;1;1;1/ordnung.24/(1)^4(6)^2(36)^2/group.1843	24	bcca518c1546cc1846cd6b535f2c9cb2	1	12
carat/tables/qcatalog/dim6/dir.2-1;2-1;2-1/ordnung.128/(2)^6(4)^4(8)^2/group.1535	128	66c5f3bef7fab192e904ce1632224458	0	32
carat/tables/qcatalog/dim6/dir.2-1;2-1;2-1/ordnung.128/(2)^6(4)^4(8)^2/group.1536	128	8a2e37d103c3476912843e328998a163	0	32
carat/tables/qcatalog/dim6/dir.2-1;2-1;2-1/ordnung.128/(2)^6(4)^4(8)^2/group.1537	128	910a77bc6aa80c0f3c8e8f70c2f11bd1	0	38
carat/tables/qcatalog/dim6/dir.2-1;2-1;2-1/ordnung.128/(2)^6(4)^4(8)^2/group.1538	128	a8ffa225bdb5edefb3a283be9abb3399	0	38
carat/tables/qcatalog/dim6/dir.2-1;2-1;2-1/ordnung.128/(2)^6(4)^4(8)^2/group.1539	128	f2dc7984645414c7f56299499d35ec49	0	38
carat/tables/qcatalog/dim6/dir.2-1;2-1;2-1/ordnung.16/(2)^1(4)^4(8)^1/min.278	16	d3dacab2a1691bdba67a75d89ec934e9	0	16
carat/tables/qcatalog/dim6/dir.2-1;2-1;2-1/ordnung.16/(2)^2(4)^4(8)^4/min.279	16	7eb1c560e3858f4367e31059a601e5b1	0	10
carat/tables/qcatalog/dim6/dir.2-1;2-1;2-1/ordnung.16/(2)^2(8)^4/min.280	16	be6f7f8fd45f2a07ac403ba5709909cd	0	16
carat/tables/qcatalog/dim6/dir.2-1;2-1;2-1/ordnung.16/(2)^2(8)^4/min.281	16	3567d1fa4743e7a7b68b577c88951685	0	16
carat/tables/qcatalog/dim6/dir.2-1;2-1;2-1/ordnung.16/(2)^4(16)^4/min.282	16	70d6b0860fb747c32f465eb062862a71	0	10
carat/tables/qcatalog/dim6/dir.2-1;2-1;2-1/ordnung.16/(2)^4(16)^4/min.283	16	edd9a7d88fcc3e17f2501c40f841a885	0	10
carat/tables/qcatalog/dim6/dir.2-1;2-1;2-1/ordnung.256/(2)^6(4)^4/group.1540	256	86f887ae2303c1a1251815cd0536e987	0	100
carat/tables/qcatalog/dim6/dir.2-1;2-1;2-1/ordnung.256/(2)^6(4)^6/group.1541	256	d968b9a98e7daf4294308a516ee496fc	0	70
carat/tables/qcatalog/dim6/dir.2-1;2-1;2-1/ordnung.256/(2)^6(4)^6/group.1542	256	e1089bb2cb3cb4eb5f162205af8b1b21	0	64
carat/tables/qcatalog/dim6/dir.2-1;2-1;2-1/ordnung.256/(2)^6(4)^6/group.1543	256	af323a9cb1514d2f84498871203e70ed	0	64
carat/tables/qcatalog/dim6/dir.2-1;2-1;2-1/ordnung.256/(2)^6(4)^6/group.1544	256	39e59ebb24ed42ce5361bb3f4d7e51d8	0	64
carat/tables/qcatalog/dim6/dir.2-1;2-1;2-1/ordnung.256/(2)^6(4)^6/group.1545	256	275a4b6e863c2d61c73c9a46d18ce037	0	64
carat/tables/qcatalog/dim6/dir.2-1;2-1;2-1/ordnung.256/(2)^6(4)^6/group.1546	256	88d82865d3847957903c05b555a0fc45	0	70
carat/tables/qcatalog/dim6/dir.2-1;2-1;2-1/ordnung.256/(2)^6(4)^6/group.1547	256	0738356850df4fa148eaaaf1db099037	0	70
carat/tables/qcatalog/dim6/dir.2-1;2-1;2-1/ordnung.32/(2)^1(4)^4(8)^1/group.1548	32	c0870138a68d7085c595512a150fa967	0	32
carat/tables/qcatalog/dim6/dir.2-2;2-1',2-1'/ordnung.12/(1)^2(4)^1(12)^1/min.350	12	54f5e2a02bfd88b33d70f26154c640b9	0	12
carat/tables/qcatalog/dim6/dir.2-2;2-1',2-1'/ordnung.12/(1)^4(12)^2/min.351	12	ac4e42d8af8b913be5536db993202e3d	0	6
carat/tables/qcatalog/dim6/dir.2-2;2-1',2-1'/ordnung.24/(1)^2(4)^1(12)^1/group.1903	24	19efd0bcfe7c0cb648fe7442aa23fd64	0	24
carat/tables/qcatalog/dim6/dir.2-2;2-1',2-1'/ordnung.24/(1)^4(12)^2/group.1904	24	3706690dc84314220e1695031c23489c	0	12
carat/tables/qcatalog/dim6/dir.2-2;2-1',2-1'/ordnung.24/(1)^4(12)^2/group.1905	24	545147b6a96cdd928106133079f4df54	0	12
carat/tables/qcatalog/dim6/dir.2-2;2-1',2-1'/ordnung.24/(1)^4(12)^2/group.1906	24	37c54338c598b07002ff23f0dcdd3c92	0	12
carat/tables/qcatalog/dim6/dir.2-2;2-1',2-1'/ordnung.48/(1)^4(12)^2/group.1907	48	4f682cf4c75a2b72746838aace4e0780	0	24
carat/tables/qcatalog/dim6/dir.2-2;2-1,2-1/ordnung.24/(1)^2(4)^3(12)^1/min.352	24	3116ff3a8619a01dad9c7fc752cbbdd7	0	15
carat/tables/qcatalog/dim6/dir.2-2;2-1,2-1/ordnung.24/(1)^2(4)^3(12)^1/min.353	24	e1ad1f567a071d3748340095a86fe029	0	15
carat/tables/qcatalog/dim6/dir.2-2;2-1,2-1/ordnung.24/(1)^2(4)^3(12)^1/min.354	24	b72a974dc75da547e66d11d6d3e8eff9	0	15
carat/tables/qcatalog/dim6/dir.2-2;2-1,2-1/ordnung.24/(1)^4(4)^2(12)^2/min.355	24	e0d072317dc90cd30d608f339bac01e1	0	9
carat/tables/qcatalog/dim6/dir.2-2;2-1,2-1/ordnung.24/(1)^4(4)^2(12)^2/min.356	24	53a5cb7d8660d2477099cc4188465ee5	0	9
carat/tables/qcatalog/dim6/dir.2-2;2-1,2-1/ordnung.24/(1)^4(4)^2(12)^2/min.357	24	55a5ed572f7ee6c37bea020950a15a31	0	9
carat/tables/qcatalog/dim6/dir.2-2;2-1,2-1/ordnung.24/(1)^4(4)^2(12)^2/min.358	24	554528ad7b2e4069b7ffb28c24f73bc7	0	9
carat/tables/qcatalog/dim6/dir.2-2;2-1,2-1/ordnung.48/(1)^2(4)^3(12)^1/group.1908	48	5f102e8aebafe7d89b7c9d5fa08ff96a	0	30
carat/tables/qcatalog/dim6/dir.2-2;2-1,2-1/ordnung.48/(1)^4(4)^2(12)^2/group.1909	48	7d84a961847b1780107cfe8c88764d76	0	18
carat/tables/qcatalog/dim6/dir.2-2;2-1,2-1/ordnung.48/(1)^4(4)^2(12)^2/group.1910	48	564aaa7e882a711a276a7b615e994560	0	18
carat/tables/qcatalog/dim6/dir.2-2;2-1,2-1/ordnung.48/(1)^4(4)^2(12)^2/group.1911	48	96cc08d047efe51d0620c8b7c7c68a53	0	15
carat/tables/qcatalog/dim6/dir.2-2;2-1,2-1/ordnung.48/(1)^4(4)^2(12)^2/group.1912	48	b2000fa6c6dc8fbb967ab6acd4322161	0	15
carat/tables/qcatalog/dim6/dir.2-2;2-1,2-1/ordnung.48/(1)^4(4)^2(12)^2/group.1913	48	b4e2e27a03b9afbf4dae1e420b397125	0	15
carat/tables/qcatalog/dim6/dir.2-2;2-1;1,1/ordnung.24/(1)^2(2)^4(24)^1/group.1928	24	06d49b85655caa1a7e0e8913037f3fdc	1	15
carat/tables/qcatalog/dim6/dir.2-2;2-1;1,1/ordnung.24/(1)^2(2)^4(24)^1/group.1929	24	325b0ce042b424eec3165e1f68772420	1	15
carat/tables/qcatalog/dim6/dir.2-2;2-1;1,1/ordnung.24/(1)^2(2)^4(24)^1/group.1930	24	998793ab148abce82e5108f1b3b36892	1	15
carat/tables/qcatalog/dim6/dir.2-2;2-1;1,1/ordnung.24/(1)^2(2)^4(24)^1/group.1931	24	e3b95076afa53dae1563798a4d639e30	1	15
carat/tables/qcatalog/dim6/dir.2-2;2-1;1,1/ordnung.24/(1)^3(3)^1(6)^2(24)^1/group.1932	24	f4d6238090c7a21a36b3cc762463b1c8	1	12
carat/tables/qcatalog/dim6/dir.2-2;2-1;1,1/ordnung.24/(1)^3(3)^1(6)^2(24)^1/group.1933	24	ed29e185474bae6e2a94a615dcfc2aac	1	12
carat/tables/qcatalog/dim6/dir.2-2;2-1;1,1/ordnung.24/(1)^3(3)^1(6)^2(24)^1/group.1934	24	7da9125a289bad3258dd42a011285c30	1	12
carat/tables/qcatalog/dim6/dir.2-2;2-1;1,1/ordnung.24/(1)^3(3)^1(6)^2(24)^1/group.1935	24	4c2178db7c4efd8e2e34d97e1aa86d9c	1	12
carat/tables/qcatalog/dim6/dir.2-2;2-1;1,1/ordnung.24/(1)^3(3)^1(6)^2(24)^1/group.1936	24	ed9df8ccdc158d220bc616759279ceb8	1	12
carat/tables/qcatalog/dim6/dir.2-2;2-1;1,1/ordnung.24/(1)^4(2)^1(6)^1(24)^1/group.1937	24	da676987d269cbda75422de0ab32b7b8	1	12
carat/tables/qcatalog/dim6/dir.2-2;2-1;1,1/ordnung.24/(1)^4(2)^1(6)^1(24)^1/group.1938	24	a56e3435aee1d37e5b1a0bfad6cfcc0c	1	12
carat/tables/qcatalog/dim6/dir.2-2;2-1;1,1/ordnung.24/(1)^4(2)^1(6)^1(24)^1/group.1939	24	753dacee97482dc80bafe0522b35b616	1	12
carat/tables/qcatalog/dim6/dir.2-2;2-1;1,1/ordnung.24/(1)^4(2)^1(6)^1(24)^1/group.1940	24	79508183c0f99b5c00958c35efeffdf2	1	12
carat/tables/qcatalog/dim6/dir.2-2;2-1;1,1/ordnung.24/(1)^4(2)^1(6)^1(24)^1/group.1941	24	d3b21214ba66fafc55f6cb282850d012	1	12
carat/tables/qcatalog/dim6/dir.2-2;2-1;1,1/ordnung.24/(1)^4(2)^1(6)^1(24)^1/group.1942	24	1524c88b61c9bd2ee76e107bb9de15dc	1	12
carat/tables/qcatalog/dim6/dir.2-2;2-1;1,1/ordnung.24/(1)^4(2)^1(6)^1(24)^1/group.1943	24	bacb9c646b5a499a482e437657e59358	1	12
carat/tables/qcatalog/dim6/dir.2-2;2-1;1,1/ordnung.24/(1)^4(2)^1(6)^3(24)^1/group.1944	24	8f3709647c369b8ca3230457e5c54762	1	9
carat/tables/qcatalog/dim6/dir.2-2;2-1;1,1/ordnung.24/(1)^4(2)^1(6)^3(24)^1/group.1945	24	656ba4648311ca4e1bac863b2b66210c	1	9
carat/tables/qcatalog/dim6/dir.2-2;2-1;1,1/ordnung.24/(1)^4(2)^1(6)^3(24)^1/group.1946	24	e713af717778f6ce5e8fa9a5bb463e6c	1	9
carat/tables/qcatalog/dim6/dir.2-2;2-1;1,1/ordnung.24/(1)^4(2)^1(6)^3(24)^1/group.1947	24	6ecb2c0a04a84dbce789bc510a0bcae2	1	9
carat/tables/qcatalog/dim6/dir.2-2;1,1;1;1/ordnung.24/(1)^4(6)^2(72)^1/group.1788	24	24b92d43c91f4d9452f1c53e5eb17662	1	12
carat/tables/qcatalog/dim6/dir.2-2;1,1;1;1/ordnung.24/(1)^4(6)^2(72)^1/group.1789	24	055d43e1e154dbfc8013f8ba5fa79c22	1	12
carat/tables/qcatalog/dim6/dir.2-2;1,1;1;1/ordnung.48/(1)^2(2)^2(24)^1/group.1790	48	ea5aff19ac71341ac754b1ebcfb721d8	1	48
carat/tables/qcatalog/dim6/dir.2-2;1,1;1;1/ordnung.48/(1)^3(3)^1(6)^2(24)^1/group.1791	48	d75617885bf29b7c3875423a442715de	1	24
carat/tables/qcatalog/dim6/dir.2-2;1,1;1;1/ordnung.48/(1)^4(2)^1(6)^1(24)^1/group.1792	48	7f08a0f1233c29ce0fd104ca6b17efc8	1	24
carat/tables/qcatalog/dim6/dir.2-2;1,1;1;1/ordnung.48/(1)^4(2)^1(6)^1(24)^1/group.1793	48	1d4696606c82cc3259811ac5188bb6ec	1	24
carat/tables/qcatalog/dim6/dir.2-2;1,1;1;1/ordnung.48/(1)^4(2)^1(6)^1(24)^1/group.1794	48	766ebe7bf0d9d1f076874985eb374112	1	24
carat/tables/qcatalog/dim6/dir.2-2;1,1;1;1/ordnung.48/(1)^4(2)^1(6)^1(24)^1/group.1795	48	cd47bdbcb64424a0c6cac9b593b9d53a	1	24
carat/tables/qcatalog/dim6/dir.2-2;1,1;1;1/ordnung.48/(1)^4(2)^1(6)^1(24)^1/group.1796	48	5b594a41e63f0742c83b47036bca7fa4	1	24
carat/tables/qcatalog/dim6/dir.2-2;1,1;1;1/ordnung.48/(1)^4(2)^1(6)^1(24)^1/group.1797	48	37af4deb980afa46603e502d1d22f7a8	1	24
carat/tables/qcatalog/dim6/dir.2-2;1,1;1;1/ordnung.48/(1)^4(2)^1(6)^1(24)^1/group.1798	48	86e0292f5a4847b60b5f0827299c71e8	1	24
carat/tables/qcatalog/dim6/dir.2-2;1,1;1;1/ordnung.48/(1)^4(2)^1(6)^1(24)^1/group.1799	48	50d0337e64144a82073582ce6d3b79b4	1	24
carat/tables/qcatalog/dim6/dir.2-2;1,1;1;1/ordnung.48/(1)^4(2)^1(6)^1(24)^1/group.1800	48	a67cf3634cbe56685970d41da3c170aa	1	24
carat/tables/qcatalog/dim6/dir.2-2;1,1;1;1/ordnung.48/(1)^4(2)^1(6)^1(24)^1/group.1801	48	9d1b06488939f9dadd16e7c2744d0b14	1	24
carat/tables/qcatalog/dim6/dir.2-2;1,1;1;1/ordnung.48/(1)^4(2)^1(6)^1(24)^1/group.1802	48	ba6139004421d3a4fd21aa658b745ef6	1	24
carat/tables/qcatalog/dim6/dir.2-2;1,1;1;1/ordnung.48/(1)^4(2)^1(6)^1(24)^1/group.1803	48	1bb4ae14e72f16940857dc103709b9f6	1	24
carat/tables/qcatalog/dim6/dir.2-2;1,1;1;1/ordnung.48/(1)^4(6)^2(72)^1/group.1804	48	eab4478ab849616ad25cb35e5e2a1eec	1	24
carat/tables/qcatalog/dim6/dir.2-2;1,1;1;1/ordnung.96/(1)^4(2)^1(6)^1(24)^1/group.1805	96	db06ef148766d7bb5a51c21bda671871	1	48
carat/tables/qcatalog/dim6/dir.2-2;1;1;1;1/ordnung.12/(1)^2(4)^1(12)^3/min.345	12	5a16595c260dea0b94ced3a98d553b61	1	12
carat/tables/qcatalog/dim6/dir.2-2;1;1;1;1/ordnung.12/(1)^2(4)^1(12)^3/min.346	12	07d6603966b195b390e9dc9013875ac9	1	12
carat/tables/qcatalog/dim6/dir.2-2;2-1,2-1/ordnung.96/(1)^4(4)^2(12)^2/group.1914	96	818a7edbdd6a0155128ed7d9fc9da537	0	30
carat/tables/qcatalog/dim6/dir.2-2;2-1;1,1/ordnung.12/(1)^2(2)^1(6)^1(72)^1/min.359	12	6edb0f71a80b1e711a0877cc83a29be3	1	12
carat/tables/qcatalog/dim6/dir.2-2;2-1;1,1/ordnung.12/(1)^2(2)^1(6)^1(72)^1/min.360	12	a1efb82fe745bbe1d38d2e4b203047d3	1	12
carat/tables/qcatalog/dim6/dir.2-2;2-1;1,1/ordnung.12/(1)^2(2)^2(24)^1/min.361	12	63351f6421f6be21e892a7094f625993	1	12
carat/tables/qcatalog/dim6/dir.2-2;2-1;1,1/ordnung.12/(1)^2(2)^2(24)^1/min.362	12	c797e7f645966a21536d12ba168a3383	1	12
carat/tables/qcatalog/dim6/dir.2-2;2-1;1,1/ordnung.12/(1)^3(3)^1(6)^2(24)^1/min.363	12	6150a4b4d73c902b1c8613a43b754b39	1	6
carat/tables/qcatalog/dim6/dir.2-2;2-1;1,1/ordnung.12/(1)^3(3)^1(6)^2(24)^1/min.364	12	9197d3ebf52c9cfba6f2157799cfdae9	1	6
carat/tables/qcatalog/dim6/dir.2-2;2-1;1,1/ordnung.192/(1)^4(2)^3(6)^1(24)^1/group.1915	192	b6ec1949913a1d26a7f329bf23d5c020	1	60
carat/tables/qcatalog/dim6/dir.2-2;2-1;1,1/ordnung.24/(1)^2(2)^1(6)^1(72)^1/group.1916	24	e64ac95a6da23a40fd5575ea2a481f82	1	24
carat/tables/qcatalog/dim6/dir.2-2;2-1;1,1/ordnung.24/(1)^2(2)^2(24)^1/group.1917	24	f723f79f085483f4479c2744e3a5ab86	1	24
carat/tables/qcatalog/dim6/dir.2-2;2-1;1,1/ordnung.24/(1)^2(2)^2(24)^1/group.1918	24	95f045c3ad6cd30879a53b4736b84362	1	24
carat/tables/qcatalog/dim6/dir.2-2;2-1;1,1/ordnung.24/(1)^2(2)^2(24)^1/group.1919	24	5ecaee65776a3be40f006682f71fd5ae	1	24
carat/tables/qcatalog/dim6/dir.2-2;2-1;1,1/ordnung.24/(1)^2(2)^2(24)^1/group.1920	24	1c4c30cc3dd38de891f3a280906e70e2	1	24
carat/tables/qcatalog/dim6/dir.2-2;2-1;1,1/ordnung.24/(1)^2(2)^2(24)^1/group.1921	24	9e965a9171579c04023c0c508cc90dde	1	24
carat/tables/qcatalog/dim6/dir.2-2;2-1;1,1/ordnung.24/(1)^2(2)^3(6)^1(72)^1/group.1922	24	d620b17652f35b6e21506ea67b2b0270	1	15
carat/tables/qcatalog/dim6/dir.2-2;2-1;1,1/ordnung.24/(1)^2(2)^3(6)^1(72)^1/group.1923	24	b2237606832ba2fca9e1653a0e70fb0e	1	15
carat/tables/qcatalog/dim6/dir.2-2;2-1;1,1/ordnung.24/(1)^2(2)^3(6)^1(72)^1/group.1924	24	0b69d1b64fc583cecad7f06a4fa0aa70	1	15
carat/tables/qcatalog/dim6/dir.2-2;2-1;1,1/ordnung.24/(1)^2(2)^4(24)^1/group.1925	24	c74cef0d9b1febe2c08b660c397008cc	1	15
carat/tables/qcatalog/dim6/dir.2-2;2-1;1,1/ordnung.24/(1)^2(2)^4(24)^1/group.1926	24	74a86f6a226861ae8f71b3e56753d628	1	15
carat/tables/qcatalog/dim6/dir.2-2;2-1;1,1/ordnung.24/(1)^2(2)^4(24)^1/group.1927	24	c70c5c6edc37a98e63da64bef4b57b40	1	15
carat/tables/qcatalog/dim6/dir.2-2;1;1;1;1/ordnung.12/(1)^4(12)^2(36)^2/min.347	12	987119b7150fbc5d07655ea95bd436df	1	6
carat/tables/qcatalog/dim6/dir.2-2;1;1;1;1/ordnung.12/(1)^4(12)^2(36)^2/min.348	12	1794d3a1fa88b1ef4cf5ab1a04725271	1	6
carat/tables/qcatalog/dim6/dir.2-2;1;1;1;1/ordnung.192/(1)^4(2)^2(12)^2/group.1806	192	2db9ad30e78325988428ed9e3307f3d6	1	96
carat/tables/qcatalog/dim6/dir.2-2;1;1;1;1/ordnung.24/(1)^2(2)^1(6)^1(12)^2/group.1807	24	bb3bcf387ef2c7e61de77ce6a42732a4	1	24
carat/tables/qcatalog/dim6/dir.2-2;1;1;1;1/ordnung.24/(1)^2(2)^1(6)^1(12)^2/group.1808	24	e6006aec1f6167067f5030734749f55c	1	24
carat/tables/qcatalog/dim6/dir.2-2;1;1;1;1/ordnung.24/(1)^2(2)^1(6)^1(12)^2/group.1809	24	9f5a56e1bdf9fa0ea17bada137bbb0c4	1	24
carat/tables/qcatalog/dim6/dir.2-2;1;1;1;1/ordnung.24/(1)^2(2)^1(6)^1(12)^2/group.1810	24	246211ad1f4f3cc680471ea559b435f4	1	24
carat/tables/qcatalog/dim6/dir.2-2;1;1;1;1/ordnung.24/(1)^2(2)^2(4)^1(12)^1/group.1811	24	3f0a9fa0364e4efef94791abac5e4cdc	1	24
carat/tables/qcatalog/dim6/dir.2-2;1;1;1;1/ordnung.24/(1)^2(2)^2(4)^1(12)^1/group.1812	24	0fdafc931a495c8635f2071241a0dc7c	1	24
carat/tables/qcatalog/dim6/dir.2-2;1;1;1;1/ordnung.24/(1)^2(2)^2(4)^1(12)^1/group.1813	24	d02f1614d18a3d9e0912b20f095e721c	1	24
carat/tables/qcatalog/dim6/dir.2-2;1;1;1;1/ordnung.24/(1)^2(2)^2(4)^1(12)^1/group.1814	24	9383d4e3f11e90b694d9cd8687af782c	1	24
carat/tables/qcatalog/dim6/dir.2-2;1;1;1;1/ordnung.24/(1)^2(4)^1(12)^3/group.1815	24	2655433fe09b2da63834927b9ca71d74	1	24
carat/tables/qcatalog/dim6/dir.2-2;1;1;1;1/ordnung.24/(1)^2(4)^3(12)^1/group.1816	24	cd9629a76c3b1cea982d1046ca285a90	1	24
carat/tables/qcatalog/dim6/dir.2-2;1;1;1;1/ordnung.24/(1)^2(4)^3(12)^1/group.1817	24	f8b370112b1568eac5540026f599f9f0	1	24
carat/tables/qcatalog/dim6/dir.2-2;1;1;1;1/ordnung.24/(1)^2(4)^3(12)^1/group.1818	24	f78fb94e02e0599a54f41ba12bad7060	1	24
carat/tables/qcatalog/dim6/dir.2-2;1;1;1;1/ordnung.24/(1)^4(12)^2(36)^2/group.1819	24	4e200fefbfca2a30b67863d371848532	1	12
carat/tables/qcatalog/dim6/dir.2-2;1;1;1;1/ordnung.24/(1)^4(2)^1(6)^1(12)^1(36)^1/group.1820	24	3b970380501fae782793d75a9f77771a	1	12
carat/tables/qcatalog/dim6/dir.2-2;1;1;1;1/ordnung.24/(1)^4(2)^1(6)^1(12)^1(36)^1/group.1821	24	f87fdb359a7df91814f91c2e0cd46efa	1	12
carat/tables/qcatalog/dim6/dir.2-2;1;1;1;1/ordnung.24/(1)^4(2)^1(6)^1(12)^1(36)^1/group.1822	24	17cba14e972960d665af4fdfa4519298	1	12
carat/tables/qcatalog/dim6/dir.2-2;1;1;1;1/ordnung.24/(1)^4(2)^1(6)^1(12)^1(36)^1/group.1823	24	d0f98ba7e059880469089436671f94e6	1	12
carat/tables/qcatalog/dim6/dir.2-2;1;1;1;1/ordnung.24/(1)^4(6)^2(36)^2/group.1844	24	8c9a3da0f129c9d42fcd19994decbbb6	1	12
carat/tables/qcatalog/dim6/dir.2-2;1;1;1;1/ordnung.48/(1)^2(2)^1(6)^1(12)^2/group.1845	48	867c298a3af13f585ad9859a177e7c5a	1	48
carat/tables/qcatalog/dim6/dir.2-2;1;1;1;1/ordnung.48/(1)^2(2)^2(4)^1(12)^1/group.1846	48	22b1b498ef5cb6d412d095e3349df67e	1	48
carat/tables/qcatalog/dim6/dir.2-2;1;1;1;1/ordnung.48/(1)^2(2)^2(4)^1(12)^1/group.1847	48	d10d55066ca65f18298f7a8be7f37e8a	1	48
carat/tables/qcatalog/dim6/dir.2-2;1;1;1;1/ordnung.48/(1)^2(2)^2(4)^1(12)^1/group.1848	48	23435b9e3e89cc946855169f8a4e8526	1	48
carat/tables/qcatalog/dim6/dir.2-2;1;1;1;1/ordnung.48/(1)^2(2)^2(4)^1(12)^1/group.1849	48	b243159f2580e8e4646f7667bc4eef36	1	48
carat/tables/qcatalog/dim6/dir.2-2;1;1;1;1/ordnung.48/(1)^2(2)^2(4)^1(12)^1/group.1850	48	e21a633052763364dcc3a2db77769cf6	1	48
carat/tables/qcatalog/dim6/dir.2-2;1;1;1;1/ordnung.48/(1)^2(2)^2(4)^1(12)^1/group.1851	48	359415408638d9b4eec041228b6170ae	1	48
carat/tables/qcatalog/dim6/dir.2-2;1;1;1;1/ordnung.48/(1)^2(4)^3(12)^1/group.1852	48	d5cea3ff9df5cc18780ebb04b900cac2	1	48
carat/tables/qcatalog/dim6/dir.2-2;1;1;1;1/ordnung.48/(1)^4(2)^1(6)^1(12)^1(36)^1/group.1853	48	130fc1e25c136f22486c82598dc3ca78	1	24
carat/tables/qcatalog/dim6/dir.2-2;1;1;1;1/ordnung.48/(1)^4(2)^1(6)^1(12)^1(36)^1/group.1854	48	3602404873961ee8e6134f87c34e6676	1	24
carat/tables/qcatalog/dim6/dir.2-2;1;1;1;1/ordnung.48/(1)^4(2)^1(6)^1(12)^1(36)^1/group.1855	48	7439475cb84c5f56e442bc45c2f2df6c	1	24
carat/tables/qcatalog/dim6/dir.2-2;1;1;1;1/ordnung.48/(1)^4(2)^1(6)^1(12)^1(36)^1/group.1856	48	0ab52b59905288668846ab208a03511c	1	24
carat/tables/qcatalog/dim6/dir.2-2;1;1;1;1/ordnung.48/(1)^4(2)^1(6)^1(12)^1(36)^1/group.1857	48	adba8881ab828e08775711eae23c003e	1	24
carat/tables/qcatalog/dim6/dir.2-2;1;1;1;1/ordnung.48/(1)^4(2)^1(6)^1(12)^1(36)^1/group.1858	48	553e20257c540ad843a240c46a6a242e	1	24
carat/tables/qcatalog/dim6/dir.2-2;1;1;1;1/ordnung.48/(1)^4(2)^1(6)^1(12)^1(36)^1/group.1859	48	a387a0a16e1a5d12377d69156aa59b38	1	24
carat/tables/qcatalog/dim6/dir.2-2;1;1;1;1/ordnung.48/(1)^4(2)^1(6)^1(12)^1(36)^1/group.1860	48	1e37fdfd28fdd5f209dfe3e4431d3f38	1	24
carat/tables/qcatalog/dim6/dir.2-2;1;1;1;1/ordnung.48/(1)^4(2)^1(6)^1(12)^1(36)^1/group.1861	48	cc37b23fd32be588883be86937575c2e	1	24
carat/tables/qcatalog/dim6/dir.2-2;1;1;1;1/ordnung.48/(1)^4(2)^1(6)^1(12)^1(36)^1/group.1862	48	fe94b4d115cfe9c8d5f7a84b63f1869e	1	24
carat/tables/qcatalog/dim6/dir.2-2;1;1;1;1/ordnung.48/(1)^4(2)^2(12)^2/group.1863	48	2eff256f085e3bbcd70c0e708f65ba42	1	24
carat/tables/qcatalog/dim6/dir.2-2;1;1;1;1/ordnung.48/(1)^4(2)^2(12)^2/group.1864	48	d012efc096da2878448a1596f962937e	1	24
carat/tables/qcatalog/dim6/dir.2-2;1;1;1;1/ordnung.48/(1)^4(2)^2(12)^2/group.1865	48	6c01cb0b62456b92e63f0cf8228a7138	1	24
carat/tables/qcatalog/dim6/dir.2-2;1;1;1;1/ordnung.48/(1)^4(2)^2(12)^2/group.1866	48	1b567405592fdce0f3412fb4e51b4886	1	24
carat/tables/qcatalog/dim6/dir.2-2;1;1;1;1/ordnung.48/(1)^4(2)^2(12)^2/group.1867	48	eb9f4205693038f01a73052ae0964a46	1	24
carat/tables/qcatalog/dim6/dir.2-2;1;1;1;1/ordnung.48/(1)^4(2)^2(12)^2/group.1868	48	ad2efafb40417e3cfdac4d3315c9a732	1	24
carat/tables/qcatalog/dim6/dir.2-2;1;1;1;1/ordnung.48/(1)^4(2)^2(12)^2/group.1869	48	ed43506b536c1e92a190de9efce51ca8	1	24
carat/tables/qcatalog/dim6/dir.2-2;1;1;1;1/ordnung.48/(1)^4(2)^2(12)^2/group.1870	48	078b9ab1fb0c11b8db8ab7b2c6276f96	1	24
carat/tables/qcatalog/dim6/dir.2-2;1;1;1;1/ordnung.48/(1)^4(2)^2(12)^2/group.1871	48	c6a685c173afe9cc3f6384a2cb31dfe2	1	24
carat/tables/qcatalog/dim6/dir.2-2;1;1;1;1/ordnung.48/(1)^4(2)^2(12)^2/group.1872	48	9d6d1fe403269068f0750f887e2154d6	1	24
carat/tables/qcatalog/dim6/dir.2-2;1;1;1;1/ordnung.48/(1)^4(2)^2(12)^2/group.1873	48	2e46bf91a494a15eb958a59292659ff4	1	24
carat/tables/qcatalog/dim6/dir.2-2;1;1;1;1/ordnung.48/(1)^4(2)^2(12)^2/group.1874	48	0895c00d42b698f81006d0bec7637896	1	24
carat/tables/qcatalog/dim6/dir.2-2;1;1;1;1/ordnung.48/(1)^4(2)^2(12)^2/group.1875	48	c1c0a0837d230de8afd1426cbaf6b8c6	1	24
carat/tables/qcatalog/dim6/dir.2-2;1;1;1;1/ordnung.48/(1)^4(2)^2(12)^2/group.1876	48	4c6cea8cd2daf15e0475fd0c09c08f4c	1	24
carat/tables/qcatalog/dim6/dir.2-2;1;1;1;1/ordnung.48/(1)^4(2)^2(12)^2/group.1877	48	f56d5d6c1cfd668e2402bad6446b3114	1	24
carat/tables/qcatalog/dim6/dir.2-2;1;1;1;1/ordnung.48/(1)^4(2)^2(12)^2/group.1878	48	f37bea2b6ad387fec747dbf79716fc4c	1	24
carat/tables/qcatalog/dim6/dir.2-2;1;1;1;1/ordnung.48/(1)^4(2)^2(12)^2/group.1879	48	73c1591ee8016e9c43977f67e5f2baea	1	24
carat/tables/qcatalog/dim6/dir.2-2;1;1;1;1/ordnung.48/(1)^4(2)^2(12)^2/group.1880	48	5cfe298254d2e760d2eaa647b05472be	1	24
carat/tables/qcatalog/dim6/dir.2-2;1;1;1;1/ordnung.48/(1)^4(2)^2(12)^2/group.1881	48	218c6dd2f7a1cc5678f6347a3662b00c	1	24
carat/tables/qcatalog/dim6/dir.2-2;1;1;1;1/ordnung.48/(1)^4(2)^2(12)^2/group.1882	48	fbca24caa7827bda20fca7a2da674fc8	1	24
carat/tables/qcatalog/dim6/dir.2-2;1;1;1;1/ordnung.48/(1)^4(4)^1(12)^2(36)^1/group.1883	48	7370e559c457cbf26c307b189a053928	1	24
carat/tables/qcatalog/dim6/dir.2-2;2-1;1,1/ordnung.48/(1)^4(2)^3(6)^1(24)^1/group.1988	48	43feee06ebac486fe614ca3f62a35ae9	1	15
carat/tables/qcatalog/dim6/dir.2-2;2-1;1,1/ordnung.48/(1)^4(2)^3(6)^1(24)^1/group.1989	48	80a70aafcd56024943fd45b505ebf9f3	1	15
carat/tables/qcatalog/dim6/dir.2-2;2-1;1,1/ordnung.48/(1)^4(2)^3(6)^1(24)^1/group.1990	48	4cebf9e841cc381553b4649e887c3f9f	1	15
carat/tables/qcatalog/dim6/dir.2-2;2-1;1,1/ordnung.48/(1)^4(2)^3(6)^1(24)^1/group.1991	48	5ddc555206fa11afab18be407bf51d61	1	15
carat/tables/qcatalog/dim6/dir.2-2;2-1;1,1/ordnung.48/(1)^4(2)^3(6)^1(24)^1/group.1992	48	c6c5466f8a14a1b2cd7e6f87e913ea9c	1	18
carat/tables/qcatalog/dim6/dir.2-2;2-1;1,1/ordnung.48/(1)^4(2)^3(6)^1(24)^1/group.1993	48	9f5498b6d92ccfd6a03c53155142afa0	1	18
carat/tables/qcatalog/dim6/dir.2-2;2-1;1,1/ordnung.48/(1)^4(2)^3(6)^1(24)^1/group.1994	48	891fe70c715494a01a7bd0f31b19411a	1	18
carat/tables/qcatalog/dim6/dir.2-2;2-1;1,1/ordnung.48/(1)^4(2)^3(6)^1(24)^1/group.1995	48	caea6036b4b07c8e5ea81d7911d87da8	1	18
carat/tables/qcatalog/dim6/dir.2-2;2-1;1,1/ordnung.48/(1)^4(2)^3(6)^1(24)^1/group.1996	48	759ec1bb7930d7c10c4a82f4617cd573	1	15
carat/tables/qcatalog/dim6/dir.2-2;2-1;1,1/ordnung.48/(1)^4(2)^3(6)^1(24)^1/group.1997	48	45328f7d9251702bbcd7f504a144f795	1	15
carat/tables/qcatalog/dim6/dir.2-2;2-1;1,1/ordnung.48/(1)^4(2)^3(6)^1(24)^1/group.1998	48	2c6661b4f8ea4f1ecea7bc631f05fba8	1	18
carat/tables/qcatalog/dim6/dir.2-2;2-1;1,1/ordnung.48/(1)^4(2)^3(6)^1(24)^1/group.1999	48	a1ad3a79d8bc89ff4809be2b2b1ae931	1	15
carat/tables/qcatalog/dim6/dir.2-2;2-1;1,1/ordnung.48/(1)^4(2)^3(6)^1(24)^1/group.2000	48	d9cfe1f89a63d0f9a9becc2abe528c63	1	15
carat/tables/qcatalog/dim6/dir.2-2;2-1;1,1/ordnung.48/(1)^4(2)^3(6)^1(24)^1/group.2001	48	af529720c3d529153fcdfce95a28fecf	1	15
carat/tables/qcatalog/dim6/dir.2-2;2-1;1,1/ordnung.48/(1)^4(2)^3(6)^1(24)^1/group.2002	48	e486ef299f66440bbd78094bb79c0ee5	1	15
carat/tables/qcatalog/dim6/dir.2-2;2-1;1,1/ordnung.48/(1)^4(2)^3(6)^1(24)^1/group.2003	48	b341a3df071adb8075101721a3a9e5f2	1	18
carat/tables/qcatalog/dim6/dir.2-2;2-1;1,1/ordnung.48/(1)^4(2)^3(6)^1(24)^1/group.2004	48	f01464c0572b7403969aea271c16d565	1	15
carat/tables/qcatalog/dim6/dir.2-2;2-1;1,1/ordnung.48/(1)^4(2)^3(6)^1(24)^1/group.2005	48	bd1b7c58dc2846d5cd7d4677738dced7	1	15
carat/tables/qcatalog/dim6/dir.2-2;2-1;1,1/ordnung.48/(1)^4(2)^3(6)^1(24)^1/group.2006	48	d58f6ef4c2fa920c193c3ac5eeaeb08e	1	18
carat/tables/qcatalog/dim6/dir.2-2;2-1;1,1/ordnung.48/(1)^4(2)^3(6)^1(24)^1/group.2007	48	3efbf7b20f5da99a9374598d7441d6fc	1	18
carat/tables/qcatalog/dim6/dir.2-2;2-1;1,1/ordnung.24/(1)^4(2)^1(6)^3(24)^1/group.1948	24	da05c0c8cd3695dc319a88ecf1dbb732	1	9
carat/tables/qcatalog/dim6/dir.2-2;2-1;1,1/ordnung.24/(1)^4(2)^1(6)^3(24)^1/group.1949	24	60a181b8e8e48d749f575daf6846381a	1	9
carat/tables/qcatalog/dim6/dir.2-2;2-1;1,1/ordnung.24/(1)^4(2)^1(6)^3(24)^1/group.1950	24	4353c818dfc3b0da0dcbe952afe67380	1	9
carat/tables/qcatalog/dim6/dir.2-2;2-1;1,1/ordnung.24/(1)^4(2)^3(6)^1(24)^1/group.1951	24	55fca09a9845ebb80e9433c09bb6a0ee	1	9
carat/tables/qcatalog/dim6/dir.2-2;2-1;1,1/ordnung.24/(1)^4(2)^3(6)^1(24)^1/group.1952	24	5fdf47bde0047e2a1ed107d036aab978	1	9
carat/tables/qcatalog/dim6/dir.2-2;2-1;1,1/ordnung.24/(1)^4(2)^3(6)^1(24)^1/group.1953	24	5842ee4ea6372a6ce66f0f0418951a82	1	9
carat/tables/qcatalog/dim6/dir.2-2;2-1;1,1/ordnung.24/(1)^4(2)^3(6)^1(24)^1/group.1954	24	47eb748d288743aecdbac5ff9af95bec	1	9
carat/tables/qcatalog/dim6/dir.2-2;2-1;1,1/ordnung.24/(1)^4(2)^3(6)^1(24)^1/group.1955	24	84be8f49b24abe10e36beca26298f80e	1	9
carat/tables/qcatalog/dim6/dir.2-2;2-1;1,1/ordnung.24/(1)^4(2)^3(6)^1(24)^1/group.1956	24	ce49a65d2f9ce9b8799a002e537579a6	1	9
carat/tables/qcatalog/dim6/dir.2-2;2-1;1,1/ordnung.24/(1)^4(2)^3(6)^1(24)^1/group.1957	24	5ab1faff054182e414b6df6d33e5e9ca	1	9
carat/tables/qcatalog/dim6/dir.2-2;2-1;1,1/ordnung.48/(1)^2(2)^2(24)^1/group.1958	48	ea9e142c969f21de1863eef719a73424	1	48
carat/tables/qcatalog/dim6/dir.2-2;2-1;1,1/ordnung.48/(1)^2(2)^3(6)^1(72)^1/group.1959	48	847c7a3ae8000684e485b8fcc69fd9ba	1	30
carat/tables/qcatalog/dim6/dir.2-2;2-1;1,1/ordnung.48/(1)^2(2)^4(24)^1/group.1960	48	66571df4b17cd53a98565f680c2488d8	1	30
carat/tables/qcatalog/dim6/dir.2-2;2-1;1,1/ordnung.48/(1)^2(2)^4(24)^1/group.1961	48	dc06851ebb83e42863d21f28b840a316	1	30
carat/tables/qcatalog/dim6/dir.2-2;2-1;1,1/ordnung.48/(1)^2(2)^4(24)^1/group.1962	48	ae4e836af2dc94ae76715fde4651ec74	1	30
carat/tables/qcatalog/dim6/dir.2-2;2-1;1,1/ordnung.48/(1)^2(2)^4(24)^1/group.1963	48	7d185bbaab535be4152d3819759be6ca	1	30
carat/tables/qcatalog/dim6/dir.2-2;2-1;1,1/ordnung.48/(1)^2(2)^4(24)^1/group.1964	48	846b1031aac96eae9ef5b9b014ea2344	1	30
carat/tables/qcatalog/dim6/dir.2-2;2-1;1,1/ordnung.48/(1)^2(2)^4(24)^1/group.1965	48	df74e987f0453dac5b2a8524004bfcf2	1	30
carat/tables/qcatalog/dim6/dir.2-2;2-1;1,1/ordnung.48/(1)^2(2)^4(24)^1/group.1966	48	1a6ce4b1b3ffb54a81150c44e696e2f8	1	30
carat/tables/qcatalog/dim6/dir.2-2;2-1;1,1/ordnung.48/(1)^2(2)^4(24)^1/group.1967	48	30213ee5e5ac9b0ea1b74b1835992e94	1	30
carat/tables/qcatalog/dim6/dir.2-2;2-1;1,1/ordnung.48/(1)^3(3)^1(6)^2(24)^1/group.1968	48	301e00ad2f828b9cccff1c6f0b10885e	1	24
carat/tables/qcatalog/dim6/dir.2-2;2-1;1,1/ordnung.48/(1)^4(2)^1(6)^1(24)^1/group.1969	48	c74d5505c224ddb091961e362840862a	1	24
carat/tables/qcatalog/dim6/dir.2-2;2-1;1,1/ordnung.48/(1)^4(2)^1(6)^1(24)^1/group.1970	48	a4ab0de768c38496a7f69b217df61058	1	24
carat/tables/qcatalog/dim6/dir.2-2;2-1;1,1/ordnung.48/(1)^4(2)^1(6)^1(24)^1/group.1971	48	2645370aa89f3d7a559305db4415e93c	1	24
carat/tables/qcatalog/dim6/dir.2-2;2-1;1,1/ordnung.48/(1)^4(2)^1(6)^1(24)^1/group.1972	48	6d89af9885478db81664ae6e637a56fa	1	24
carat/tables/qcatalog/dim6/dir.2-2;2-1;1,1/ordnung.48/(1)^4(2)^1(6)^1(24)^1/group.1973	48	b875ab1934b134f275fe9441f370b76c	1	24
carat/tables/qcatalog/dim6/dir.2-2;2-1;1,1/ordnung.48/(1)^4(2)^1(6)^1(24)^1/group.1974	48	0b7d730c64a447daa41adebcfbddbf24	1	24
carat/tables/qcatalog/dim6/dir.2-2;2-1;1,1/ordnung.48/(1)^4(2)^1(6)^1(24)^1/group.1975	48	4a941a2042fff20e41a4dde5011ab748	1	24
carat/tables/qcatalog/dim6/dir.2-2;2-1;1,1/ordnung.48/(1)^4(2)^1(6)^1(24)^1/group.1976	48	07d19e210cc4b6d69f994c6ca0b08e00	1	24
carat/tables/qcatalog/dim6/dir.2-2;2-1;1,1/ordnung.48/(1)^4(2)^1(6)^3(24)^1/group.1977	48	35b451a22c823f73e4e8ba6da1b75d4d	1	15
carat/tables/qcatalog/dim6/dir.2-2;2-1;1,1/ordnung.48/(1)^4(2)^1(6)^3(24)^1/group.1978	48	02beccda168b61d255a967f1d9654c3c	1	18
carat/tables/qcatalog/dim6/dir.2-2;2-1;1,1/ordnung.48/(1)^4(2)^1(6)^3(24)^1/group.1979	48	272d12a20197055dbe1ea2838ccfd2f7	1	15
carat/tables/qcatalog/dim6/dir.2-2;2-1;1,1/ordnung.48/(1)^4(2)^1(6)^3(24)^1/group.1980	48	b75ec067cc813a138ef727a624262e5d	1	15
carat/tables/qcatalog/dim6/dir.2-2;2-1;1,1/ordnung.48/(1)^4(2)^1(6)^3(24)^1/group.1981	48	81aac0c70ffa06458a14ce3095a5a37f	1	15
carat/tables/qcatalog/dim6/dir.2-2;2-1;1,1/ordnung.48/(1)^4(2)^1(6)^3(24)^1/group.1982	48	b92c0fc7db443c09cd97024e51864c1b	1	15
carat/tables/qcatalog/dim6/dir.2-2;2-1;1,1/ordnung.48/(1)^4(2)^1(6)^3(24)^1/group.1983	48	30513649a3d944fba7d2d91a809da5f5	1	15
carat/tables/qcatalog/dim6/dir.2-2;2-1;1,1/ordnung.48/(1)^4(2)^1(6)^3(24)^1/group.1984	48	8ac18ba34c61e156af44c71d880a4080	1	18
carat/tables/qcatalog/dim6/dir.2-2;2-1;1,1/ordnung.48/(1)^4(2)^3(6)^1(24)^1/group.1985	48	b7b46bbc773ff7449fb99931202cd20e	1	18
carat/tables/qcatalog/dim6/dir.2-2;2-1;1,1/ordnung.48/(1)^4(2)^3(6)^1(24)^1/group.1986	48	0c2fb942c03437524cfee6f3d52bf56c	1	18
carat/tables/qcatalog/dim6/dir.2-2;2-1;1,1/ordnung.48/(1)^4(2)^3(6)^1(24)^1/group.1987	48	e4dc84dce4c54d3e719c3ed7a56582c8	1	18
carat/tables/qcatalog/dim6/dir.2-2;2-1;1;1/ordnung.24/(1)^2(2)^3(6)^1(24)^2/min.369	24	12f31e48663944e01b02f07ad631a306	1	15
carat/tables/qcatalog/dim6/dir.2-2;2-1;1;1/ordnung.24/(1)^2(2)^3(6)^1(24)^2/min.370	24	cdd37ce26fc7b042694756a14ffde2a0	1	15
carat/tables/qcatalog/dim6/dir.2-2;2-1;1;1/ordnung.24/(1)^2(2)^4(8)^1(24)^1/group.2064	24	c789e08b4c6750289b51fc16ac591c6e	1	15
carat/tables/qcatalog/dim6/dir.2-2;2-1;1;1/ordnung.24/(1)^2(2)^4(8)^1(24)^1/group.2065	24	827ea191975bc56aa86b822f71c56b18	1	15
carat/tables/qcatalog/dim6/dir.2-2;2-1;1;1/ordnung.24/(1)^2(2)^4(8)^1(24)^1/group.2066	24	6c254ef6b20e0a2e74d271f08ff20384	1	15
carat/tables/qcatalog/dim6/dir.2-2;2-1;1;1/ordnung.24/(1)^2(2)^4(8)^1(24)^1/group.2067	24	ec260ec3301f752c9c6c1335052ae98a	1	15
carat/tables/qcatalog/dim6/dir.2-2;2-1;1;1/ordnung.24/(1)^2(2)^4(8)^1(24)^1/min.371	24	38f6e9bc0acbc958a76ba3b6bab3bf06	1	15
carat/tables/qcatalog/dim6/dir.2-2;2-1;1;1/ordnung.24/(1)^2(2)^4(8)^1(24)^1/min.372	24	349b41f1b2b65f28284f588f0554c35e	1	15
carat/tables/qcatalog/dim6/dir.2-2;2-1;1;1/ordnung.24/(1)^2(2)^4(8)^1(24)^1/min.373	24	0e3d1aaa8add22482ba00cd4c8d4447e	1	15
carat/tables/qcatalog/dim6/dir.2-2;2-1;1;1/ordnung.24/(1)^2(4)^1(12)^3/group.2068	24	31fbda8178c2e08a6c43f3d12386c640	1	24
carat/tables/qcatalog/dim6/dir.2-2;2-1;1;1/ordnung.24/(1)^2(4)^3(12)^1/group.2069	24	8e675ebc2b4e27d22fa21f554e76e300	1	24
carat/tables/qcatalog/dim6/dir.2-2;2-1;1;1/ordnung.24/(1)^2(4)^3(12)^1/group.2070	24	f67cf2a7dee7fd2aec68def043b05d48	1	24
carat/tables/qcatalog/dim6/dir.2-2;2-1;1;1/ordnung.24/(1)^2(4)^3(12)^1/group.2071	24	306fe843b16173d61bec9d0b236637d4	1	24
carat/tables/qcatalog/dim6/dir.2-2;2-1;1;1/ordnung.24/(1)^4(12)^2(36)^2/group.2072	24	38665f52a68b6c107efe6edf53b625b2	1	12
carat/tables/qcatalog/dim6/dir.2-2;2-1;1;1/ordnung.24/(1)^4(2)^1(6)^1(12)^1(36)^1/group.2073	24	b64bbc8fa4b9dfc80af7b93527e766b2	1	12
carat/tables/qcatalog/dim6/dir.2-2;2-1;1;1/ordnung.24/(1)^4(2)^1(6)^1(12)^1(36)^1/group.2074	24	f6051297257ebb3ca313fc55934dae46	1	12
carat/tables/qcatalog/dim6/dir.2-2;2-1;1;1/ordnung.24/(1)^4(2)^1(6)^1(12)^1(36)^1/group.2075	24	4633e8927896c9c0923acda897f5444a	1	12
carat/tables/qcatalog/dim6/dir.2-2;2-1;1;1/ordnung.24/(1)^4(2)^1(6)^1(12)^1(36)^1/group.2076	24	54d5e13aff66470cf1b63f8805e6a836	1	12
carat/tables/qcatalog/dim6/dir.2-2;2-1;1;1/ordnung.24/(1)^4(2)^1(6)^1(12)^1(36)^1/group.2077	24	9f874f02ead4a47473ad0263709ce60e	1	12
carat/tables/qcatalog/dim6/dir.2-2;2-1;1;1/ordnung.24/(1)^4(2)^1(6)^1(12)^1(36)^1/group.2078	24	d91c65aa480bfef64b39cb17b5207fc8	1	12
carat/tables/qcatalog/dim6/dir.2-2;2-1;1;1/ordnung.24/(1)^4(2)^1(6)^1(12)^1(36)^1/group.2079	24	766caab007ed776aa91efcd4929941ec	1	12
carat/tables/qcatalog/dim6/dir.2-2;2-1;1;1/ordnung.24/(1)^4(2)^1(6)^1(12)^1(36)^1/group.2080	24	4f33e24a0c0e51e8b68370e6cdde1002	1	12
carat/tables/qcatalog/dim6/dir.2-2;2-1;1;1/ordnung.24/(1)^4(2)^2(12)^2/group.2081	24	3d2c344f54a2a084fd10c778a028343e	1	12
carat/tables/qcatalog/dim6/dir.2-2;2-1;1;1/ordnung.24/(1)^4(2)^2(12)^2/group.2082	24	69b7a19b3386901450dc1c960c6dc18e	1	12
carat/tables/qcatalog/dim6/dir.2-2;2-1;1;1/ordnung.24/(1)^4(2)^2(6)^2(72)^2/group.2083	24	ca4e7d02ff34c76a049fae01e603a43c	1	9
carat/tables/qcatalog/dim6/dir.2-2;2-1;1;1/ordnung.24/(1)^4(2)^2(6)^2(72)^2/group.2084	24	966bf434ab5f7f364a5b01318d2ffd38	1	9
carat/tables/qcatalog/dim6/dir.2-2;2-1;1;1/ordnung.24/(1)^4(2)^2(6)^2(72)^2/min.374	24	9cd1f370c4e9bf06f0f21ca34ff729b8	1	9
carat/tables/qcatalog/dim6/dir.2-2;2-1;1;1/ordnung.24/(1)^4(2)^2(6)^2(72)^2/min.375	24	668d50bc46a3b9144c2c04a62732903e	1	9
carat/tables/qcatalog/dim6/dir.2-2;2-1;1;1/ordnung.24/(1)^4(2)^3(6)^1(24)^1(72)^1/group.2085	24	235a460192f5adaed8cd6648a5f9d070	1	9
carat/tables/qcatalog/dim6/dir.2-2;2-1;1;1/ordnung.24/(1)^4(2)^3(6)^1(24)^1(72)^1/group.2086	24	d49671949a1fef20d275c4048460dd9a	1	9
carat/tables/qcatalog/dim6/dir.2-2;2-1;1;1/ordnung.24/(1)^4(2)^3(6)^1(24)^1(72)^1/group.2087	24	0db88ac1fe44d6e40f6cc92950bf8cde	1	9
carat/tables/qcatalog/dim6/dir.2-2;2-1;1;1/ordnung.24/(1)^4(2)^3(6)^1(24)^1(72)^1/group.2088	24	ac1bd3528d999982d4fbf2899da9b954	1	9
carat/tables/qcatalog/dim6/dir.2-2;2-1;1;1/ordnung.24/(1)^4(2)^3(6)^1(24)^1(72)^1/group.2089	24	a658b59eb93788eafb268329759fcd8c	1	9
carat/tables/qcatalog/dim6/dir.2-2;2-1;1;1/ordnung.24/(1)^4(2)^3(6)^1(24)^1(72)^1/group.2090	24	84a4c45473820d6ef16bd97daf7bf9c0	1	9
carat/tables/qcatalog/dim6/dir.2-2;2-1;1;1/ordnung.24/(1)^4(2)^3(6)^1(24)^1(72)^1/group.2091	24	bfcd5263019930f2f2e4d0b4bd3fce24	1	9
carat/tables/qcatalog/dim6/dir.2-2;2-1;1;1/ordnung.24/(1)^4(2)^3(6)^1(24)^1(72)^1/group.2092	24	276c431056481dde77f6151e438e6e50	1	9
carat/tables/qcatalog/dim6/dir.2-2;2-1;1;1/ordnung.24/(1)^4(2)^3(6)^1(24)^1(72)^1/min.376	24	4b5dab6a171120263e77e612fb8677f8	1	9
carat/tables/qcatalog/dim6/dir.2-2;2-1;1;1/ordnung.24/(1)^4(2)^3(6)^1(24)^1(72)^1/min.377	24	de7b27b48759ca083fb0b03be7c92d12	1	9
carat/tables/qcatalog/dim6/dir.2-2;2-1;1;1/ordnung.24/(1)^4(2)^3(6)^1(24)^1(72)^1/min.378	24	4f73cbc542693b0439508af7d18d1d9e	1	9
carat/tables/qcatalog/dim6/dir.2-2;2-1;1;1/ordnung.24/(1)^4(2)^3(6)^1(24)^1(72)^1/min.379	24	2ba675e63eb5ede2afe5932a26bf0744	1	9
carat/tables/qcatalog/dim6/dir.2-2;2-1;1,1/ordnung.48/(1)^4(2)^3(6)^1(24)^1/group.2008	48	266a7ea91ad91e5a018b5d7441f68efc	1	18
carat/tables/qcatalog/dim6/dir.2-2;2-1;1,1/ordnung.48/(1)^4(2)^3(6)^1(24)^1/group.2009	48	7b75cafeeb3dce1d2c6c176345745c97	1	15
carat/tables/qcatalog/dim6/dir.2-2;2-1;1,1/ordnung.48/(1)^4(2)^3(6)^1(24)^1/group.2010	48	f768b0b104223e731bcda3a95e56ee5d	1	15
carat/tables/qcatalog/dim6/dir.2-2;2-1;1,1/ordnung.48/(1)^4(2)^3(6)^1(24)^1/group.2011	48	c66387b9cf4e64047bb438f00166142e	1	18
carat/tables/qcatalog/dim6/dir.2-2;2-1;1,1/ordnung.96/(1)^2(2)^4(24)^1/group.2012	96	b0e58dd8594ad22b92c9b2e4cb5dd90d	1	60
carat/tables/qcatalog/dim6/dir.2-2;2-1;1,1/ordnung.96/(1)^4(2)^1(6)^1(24)^1/group.2013	96	4877ce18c823a943867a7a5ffb26a1b9	1	48
carat/tables/qcatalog/dim6/dir.2-2;2-1;1,1/ordnung.96/(1)^4(2)^1(6)^3(24)^1/group.2014	96	70e97417eba919fd83627acda0e48a73	1	30
carat/tables/qcatalog/dim6/dir.2-2;2-1;1,1/ordnung.96/(1)^4(2)^3(6)^1(24)^1/group.2015	96	d88a1875f9001fd3970ce81d042d4d99	1	30
carat/tables/qcatalog/dim6/dir.2-2;2-1;1,1/ordnung.96/(1)^4(2)^3(6)^1(24)^1/group.2016	96	a8a882fd8612233d11ba30ad3247b893	1	30
carat/tables/qcatalog/dim6/dir.2-2;2-1;1,1/ordnung.96/(1)^4(2)^3(6)^1(24)^1/group.2017	96	06dff940179abbe9ed13488276540c97	1	30
carat/tables/qcatalog/dim6/dir.2-2;2-1;1,1/ordnung.96/(1)^4(2)^3(6)^1(24)^1/group.2018	96	9f0a0994b36d254b7c0744251e25d801	1	30
carat/tables/qcatalog/dim6/dir.2-2;2-1;1,1/ordnung.96/(1)^4(2)^3(6)^1(24)^1/group.2019	96	a7042d9f7dbfeb91a73773c7797b924f	1	30
carat/tables/qcatalog/dim6/dir.2-2;2-1;1,1/ordnung.96/(1)^4(2)^3(6)^1(24)^1/group.2020	96	d433d2e4a3be3fb55e6f71796c79d0a3	1	30
carat/tables/qcatalog/dim6/dir.2-2;2-1;1,1/ordnung.96/(1)^4(2)^3(6)^1(24)^1/group.2021	96	d1131612746a6741f7767e38a7588a17	1	30
carat/tables/qcatalog/dim6/dir.2-2;2-1;1,1/ordnung.96/(1)^4(2)^3(6)^1(24)^1/group.2022	96	a9df207d2d23ea0da6939d89cec9b4f3	1	30
carat/tables/qcatalog/dim6/dir.2-2;2-1;1,1/ordnung.96/(1)^4(2)^3(6)^1(24)^1/group.2023	96	ca1216ba6e9b3cf70f326678119dcfdd	1	36
carat/tables/qcatalog/dim6/dir.2-2;2-1;1,1/ordnung.96/(1)^4(2)^3(6)^1(24)^1/group.2024	96	8912087d9753a30167184a7ee649790f	1	36
carat/tables/qcatalog/dim6/dir.2-2;2-1;1,1/ordnung.96/(1)^4(2)^3(6)^1(24)^1/group.2025	96	0e3aef2d954d0cc96bf121c617ee8607	1	30
carat/tables/qcatalog/dim6/dir.2-2;2-1;1,1/ordnung.96/(1)^4(2)^3(6)^1(24)^1/group.2026	96	c4807f6723a9af25dde1a90eb40cd2f3	1	30
carat/tables/qcatalog/dim6/dir.2-2;2-1;1,1/ordnung.96/(1)^4(2)^3(6)^1(24)^1/group.2027	96	ea59a90aa713ec2b64e3204260d41031	1	30
carat/tables/qcatalog/dim6/dir.2-2;1;1;1;1/ordnung.48/(1)^4(4)^2(12)^2/group.1884	48	8c6c9b705077f570d715e9b1d77b415e	1	24
carat/tables/qcatalog/dim6/dir.2-2;1;1;1;1/ordnung.48/(1)^4(4)^2(12)^2/group.1885	48	e7417eb44cc8bb0041743c9eb64cd8de	1	24
carat/tables/qcatalog/dim6/dir.2-2;1;1;1;1/ordnung.48/(1)^4(4)^2(12)^2/group.1886	48	c01417b6cb85c5689b17ed10c2b261de	1	24
carat/tables/qcatalog/dim6/dir.2-2;1;1;1;1/ordnung.48/(1)^4(4)^2(12)^2/group.1887	48	379ea88ed94792be19c1a96df8dcef3c	1	24
carat/tables/qcatalog/dim6/dir.2-2;1;1;1;1/ordnung.48/(1)^4(4)^2(12)^2/group.1888	48	3804d2d09c1b65f054e1d66dc2a578c6	1	24
carat/tables/qcatalog/dim6/dir.2-2;1;1;1;1/ordnung.48/(1)^4(6)^2(36)^2/group.1889	48	3279efe931a270ca9bfe733f9a588ca0	1	24
carat/tables/qcatalog/dim6/dir.2-2;1;1;1;1/ordnung.96/(1)^2(2)^2(4)^1(12)^1/group.1890	96	d7ff9bb7c28116fb65e8a9132335a051	1	96
carat/tables/qcatalog/dim6/dir.2-2;1;1;1;1/ordnung.96/(1)^4(2)^1(6)^1(12)^1(36)^1/group.1891	96	fb48e8c06d892d97b6bbc1ae741ec411	1	48
carat/tables/qcatalog/dim6/dir.2-2;1;1;1;1/ordnung.96/(1)^4(2)^2(12)^2/group.1892	96	60a2bbe99d0eb095af72ef07f8caa9e7	1	48
carat/tables/qcatalog/dim6/dir.2-2;1;1;1;1/ordnung.96/(1)^4(2)^2(12)^2/group.1893	96	f6ad9bfac2fc8f2922aeaa35638f2beb	1	48
carat/tables/qcatalog/dim6/dir.2-2;1;1;1;1/ordnung.96/(1)^4(2)^2(12)^2/group.1894	96	0ec15e1447775ec938f8546b8b6318db	1	48
carat/tables/qcatalog/dim6/dir.2-2;1;1;1;1/ordnung.96/(1)^4(2)^2(12)^2/group.1895	96	b71627674bd97847fd691421591a6bf9	1	48
carat/tables/qcatalog/dim6/dir.2-2;1;1;1;1/ordnung.96/(1)^4(2)^2(12)^2/group.1896	96	c1941e48279b43e77024051dc52afbd9	1	48
carat/tables/qcatalog/dim6/dir.2-2;1;1;1;1/ordnung.96/(1)^4(2)^2(12)^2/group.1897	96	c1fdc0712744a69304d3c3638cb855a5	1	48
carat/tables/qcatalog/dim6/dir.2-2;1;1;1;1/ordnung.96/(1)^4(2)^2(12)^2/group.1898	96	5b975397f6ad79d95d4a299ee965d573	1	48
carat/tables/qcatalog/dim6/dir.2-2;1;1;1;1/ordnung.96/(1)^4(2)^2(12)^2/group.1899	96	b89dc0cfb89205496cbf02fc40cab7d3	1	48
carat/tables/qcatalog/dim6/dir.2-2;1;1;1;1/ordnung.96/(1)^4(2)^2(12)^2/group.1900	96	c270175273b3379b41dd2b75f8a9105d	1	48
carat/tables/qcatalog/dim6/dir.2-2;1;1;1;1/ordnung.96/(1)^4(2)^2(12)^2/group.1901	96	baccfb2f5545cb71b942f9112508da13	1	48
carat/tables/qcatalog/dim6/dir.2-2;1;1;1;1/ordnung.96/(1)^4(4)^2(12)^2/group.1902	96	357397cab5f11db1bfd5958a7df8fb43	1	48
carat/tables/qcatalog/dim6/dir.2-2;2-1',2-1'/ordnung.12/(1)^2(4)^1(12)^1/min.349	12	e758ebb3349ef82b03a8d02fe6ba80f1	0	12
carat/tables/qcatalog/dim6/dir.2-2;2-1;1;1/ordnung.48/(1)^2(2)^2(4)^1(12)^1/group.2111	48	f8b2eb9195ca34c8f133f915522936ea	1	48
carat/tables/qcatalog/dim6/dir.2-2;2-1;1;1/ordnung.48/(1)^2(2)^3(6)^1(12)^2/group.2112	48	bf4c265363480f84635a16d645cb16d6	1	30
carat/tables/qcatalog/dim6/dir.2-2;2-1;1;1/ordnung.48/(1)^2(2)^3(6)^1(12)^2/group.2113	48	e10dd5611b687a6e8c1e6ed1f49ca988	1	30
carat/tables/qcatalog/dim6/dir.2-2;2-1;1;1/ordnung.48/(1)^2(2)^3(6)^1(12)^2/group.2114	48	0c4a8ccaa9107fd45892dfc21304a8d6	1	30
carat/tables/qcatalog/dim6/dir.2-2;2-1;1;1/ordnung.48/(1)^2(2)^3(6)^1(12)^2/group.2115	48	d0a8a862b861020acb57924eac4924f4	1	30
carat/tables/qcatalog/dim6/dir.2-2;2-1;1;1/ordnung.48/(1)^2(2)^3(6)^1(12)^2/group.2116	48	3e12dbc319dfacdc73bcd13a72c5a9ce	1	30
carat/tables/qcatalog/dim6/dir.2-2;2-1;1;1/ordnung.48/(1)^2(2)^3(6)^1(12)^2/group.2117	48	fe6968bee6699d36b404482ba5892e70	1	30
carat/tables/qcatalog/dim6/dir.2-2;2-1;1;1/ordnung.48/(1)^2(2)^3(6)^1(24)^2/group.2118	48	3d7d73f71afe98a6beef0c2d7ccb1158	1	30
carat/tables/qcatalog/dim6/dir.2-2;2-1;1;1/ordnung.48/(1)^2(2)^3(6)^1(24)^2/group.2119	48	541a5db3ca8b2fd20217a2f78786bbd4	1	30
carat/tables/qcatalog/dim6/dir.2-2;2-1;1;1/ordnung.48/(1)^2(2)^4(4)^1(12)^1/group.2120	48	ffbf89dfc939edc6add9bf5257da2758	1	30
carat/tables/qcatalog/dim6/dir.2-2;2-1;1;1/ordnung.48/(1)^2(2)^4(4)^1(12)^1/group.2121	48	6c890df1d8e3b608ea7c2008f1b2b2e2	1	30
carat/tables/qcatalog/dim6/dir.2-2;2-1;1;1/ordnung.48/(1)^2(2)^4(4)^1(12)^1/group.2122	48	902b60ac6939048456bd7808002068ae	1	30
carat/tables/qcatalog/dim6/dir.2-2;2-1;1;1/ordnung.48/(1)^2(2)^4(4)^1(12)^1/group.2123	48	dce9b715c0dd35e6f465c638e325b0d8	1	30
carat/tables/qcatalog/dim6/dir.2-2;2-1;1;1/ordnung.48/(1)^2(2)^4(4)^1(12)^1/group.2124	48	174254c42807e2da6289e87289f3918c	1	30
carat/tables/qcatalog/dim6/dir.2-2;2-1;1;1/ordnung.48/(1)^2(2)^4(4)^1(12)^1/group.2125	48	5776337b472b7e18b4bd22c57549e702	1	30
carat/tables/qcatalog/dim6/dir.2-2;2-1;1;1/ordnung.48/(1)^2(2)^4(4)^1(12)^1/group.2126	48	d305b5c907397048ebd317c07796a62a	1	30
carat/tables/qcatalog/dim6/dir.2-2;2-1;1;1/ordnung.48/(1)^2(2)^4(4)^1(12)^1/group.2127	48	8cb619cd32c6ed22e3c433d1f49e0b7c	1	30
carat/tables/qcatalog/dim6/dir.2-2;2-1;1;1/ordnung.48/(1)^2(2)^4(4)^1(12)^1/group.2128	48	93c5389a52c5fe943c21b752b0559b36	1	30
carat/tables/qcatalog/dim6/dir.2-2;2-1;1;1/ordnung.48/(1)^2(2)^4(4)^1(12)^1/group.2129	48	693577f8e119a16ee96490eac6f15888	1	30
carat/tables/qcatalog/dim6/dir.2-2;2-1;1;1/ordnung.48/(1)^2(2)^4(4)^1(12)^1/group.2130	48	05e98f67964f7c5e6c58b29b753169b8	1	30
carat/tables/qcatalog/dim6/dir.2-2;2-1;1;1/ordnung.192/(1)^4(2)^4(12)^2/group.2045	192	8d448303663eb9401ffc5b00e9c4b37e	1	60
carat/tables/qcatalog/dim6/dir.2-2;2-1;1;1/ordnung.192/(1)^4(2)^4(12)^2/group.2046	192	f5aac1a8b24b6d76357bad2e66828384	1	72
carat/tables/qcatalog/dim6/dir.2-2;2-1;1;1/ordnung.192/(1)^4(2)^4(12)^2/group.2047	192	5aafbd3fc3facf28664ecb5816d0c7b6	1	60
carat/tables/qcatalog/dim6/dir.2-2;2-1;1;1/ordnung.192/(1)^4(2)^4(12)^2/group.2048	192	72ce54d617dbd57410b6ecb24dcbafba	1	60
carat/tables/qcatalog/dim6/dir.2-2;2-1;1;1/ordnung.192/(1)^4(2)^4(12)^2/group.2049	192	8503a00c2071b2ccabe77d9f2baa5bca	1	60
carat/tables/qcatalog/dim6/dir.2-2;2-1;1;1/ordnung.192/(1)^4(2)^4(24)^2/group.2050	192	65fedb8fffd5d8c88ec9dbe91b52ccc6	1	60
carat/tables/qcatalog/dim6/dir.2-2;2-1;1;1/ordnung.192/(1)^4(2)^4(24)^2/group.2051	192	4c36e8c0aa7f47f484d3eb5c04325052	1	60
carat/tables/qcatalog/dim6/dir.2-2;2-1;1;1/ordnung.24/(1)^2(2)^1(6)^1(12)^2/group.2052	24	c4b7fe50d890f3c60465b15ed0102b3c	1	24
carat/tables/qcatalog/dim6/dir.2-2;2-1;1;1/ordnung.24/(1)^2(2)^1(6)^1(12)^2/group.2053	24	f21244934670df2a981d9b280d2f8bb8	1	24
carat/tables/qcatalog/dim6/dir.2-2;2-1;1;1/ordnung.24/(1)^2(2)^1(6)^1(12)^2/group.2054	24	cb1ff34427afc7f686746edaa6872c2c	1	24
carat/tables/qcatalog/dim6/dir.2-2;2-1;1;1/ordnung.24/(1)^2(2)^1(6)^1(12)^2/group.2055	24	b22fb40c92adc7ca7224398016635828	1	24
carat/tables/qcatalog/dim6/dir.2-2;2-1;1;1/ordnung.24/(1)^2(2)^2(4)^1(12)^1/group.2056	24	c5bc5eaf3628339ae9d323d0a5a0ff40	1	24
carat/tables/qcatalog/dim6/dir.2-2;2-1;1;1/ordnung.24/(1)^2(2)^2(4)^1(12)^1/group.2057	24	cf4e6141a3c8b9a6f5d7736090dac304	1	24
carat/tables/qcatalog/dim6/dir.2-2;2-1;1;1/ordnung.24/(1)^2(2)^2(4)^1(12)^1/group.2058	24	1fbf771b8e7fa0b6b3dc1d7f3b96dd1c	1	24
carat/tables/qcatalog/dim6/dir.2-2;2-1;1;1/ordnung.24/(1)^2(2)^2(4)^1(12)^1/group.2059	24	bcb35619c9907d526cb69a8812105c80	1	24
carat/tables/qcatalog/dim6/dir.2-2;2-1;1;1/ordnung.24/(1)^2(2)^3(6)^1(24)^2/group.2060	24	cb01a3151b36b350dd095c8957c4b7ce	1	15
carat/tables/qcatalog/dim6/dir.2-2;2-1;1;1/ordnung.24/(1)^2(2)^3(6)^1(24)^2/group.2061	24	83dc3c85100a17d2491079a5a7f32dc8	1	15
carat/tables/qcatalog/dim6/dir.2-2;2-1;1;1/ordnung.24/(1)^2(2)^3(6)^1(24)^2/group.2062	24	33facda7c9b73222608cb12dd38a62d8	1	15
carat/tables/qcatalog/dim6/dir.2-2;2-1;1;1/ordnung.24/(1)^2(2)^3(6)^1(24)^2/group.2063	24	fd7dbdbe2758fa28a37da7e6543a03d6	1	15
carat/tables/qcatalog/dim6/dir.2-2;2-1;1;1/ordnung.24/(1)^2(2)^3(6)^1(24)^2/min.368	24	37d53e9ae60b2910a320eaa0150a65b6	1	15
carat/tables/qcatalog/dim6/dir.2-2;2-1;1;1/ordnung.48/(1)^4(2)^2(12)^2/group.2171	48	cb0d024c3bcd8eb0864a144091bf0236	1	24
carat/tables/qcatalog/dim6/dir.2-2;2-1;1;1/ordnung.48/(1)^4(2)^2(12)^2/group.2172	48	c53ab07dc7d6a24a7b0167f2adfe4070	1	24
carat/tables/qcatalog/dim6/dir.2-2;2-1;1;1/ordnung.48/(1)^4(2)^2(12)^2/group.2173	48	e0307d2bf02c67dce7cf8e7d7c5bf21a	1	24
carat/tables/qcatalog/dim6/dir.2-2;2-1;1;1/ordnung.48/(1)^4(2)^2(12)^2/group.2174	48	00479dd9ceb159300ce0b66e47ebd05e	1	24
carat/tables/qcatalog/dim6/dir.2-2;2-1;1;1/ordnung.48/(1)^4(2)^2(12)^2/group.2175	48	d59420961b37c30a46bc04447f30e4a8	1	24
carat/tables/qcatalog/dim6/dir.2-2;2-1;1;1/ordnung.48/(1)^4(2)^2(12)^2/group.2176	48	a7dbb6a52ee360e48b35058dadaefda2	1	24
carat/tables/qcatalog/dim6/dir.2-2;2-1;1;1/ordnung.48/(1)^4(2)^2(12)^2/group.2177	48	b8d8216be896c9b887070b468ae27a56	1	24
carat/tables/qcatalog/dim6/dir.2-2;2-1;1;1/ordnung.48/(1)^4(2)^2(12)^2/group.2178	48	013d1b7e3a6e0926215750a9b43ca854	1	24
carat/tables/qcatalog/dim6/dir.2-2;2-1;1;1/ordnung.48/(1)^4(2)^2(6)^2(36)^2/group.2179	48	23525910333ded27b25e30888db538cd	1	15
carat/tables/qcatalog/dim6/dir.2-2;2-1;1;1/ordnung.48/(1)^4(2)^2(6)^2(36)^2/group.2180	48	f5ac20a1fa1f8e1396ef0ca9541c1ea9	1	15
carat/tables/qcatalog/dim6/dir.2-2;2-1;1;1/ordnung.48/(1)^4(2)^2(6)^2(36)^2/group.2181	48	429092d744f545bfc632b74002af05e5	1	15
carat/tables/qcatalog/dim6/dir.2-2;2-1;1;1/ordnung.48/(1)^4(2)^2(6)^2(72)^2/group.2182	48	da53b810bc96c1728afcfb18b2151398	1	18
carat/tables/qcatalog/dim6/dir.2-2;2-1;1;1/ordnung.48/(1)^4(2)^2(6)^2(72)^2/group.2183	48	48eb43670bcd98bc92c74bcabe0e52aa	1	18
carat/tables/qcatalog/dim6/dir.2-2;2-1;1;1/ordnung.48/(1)^4(2)^3(6)^1(12)^1(36)^1/group.2184	48	87914bafae353a39907bacb2a12d3c27	1	15
carat/tables/qcatalog/dim6/dir.2-2;2-1;1;1/ordnung.48/(1)^4(2)^3(6)^1(12)^1(36)^1/group.2185	48	103b168f6b1b1a0b6d2262f7c2fc7b31	1	15
carat/tables/qcatalog/dim6/dir.2-2;2-1;1;1/ordnung.48/(1)^4(2)^3(6)^1(12)^1(36)^1/group.2186	48	217bfe7917ac1fdde6f847e8ed0fca1b	1	15
carat/tables/qcatalog/dim6/dir.2-2;2-1;1;1/ordnung.48/(1)^4(2)^3(6)^1(12)^1(36)^1/group.2187	48	77c4a42da78047cb3ea731a72b52b899	1	15
carat/tables/qcatalog/dim6/dir.2-2;2-1;1;1/ordnung.48/(1)^4(2)^3(6)^1(12)^1(36)^1/group.2188	48	bbcb6f018590ae3c62f4326a8134fbea	1	18
carat/tables/qcatalog/dim6/dir.2-2;2-1;1;1/ordnung.48/(1)^4(2)^3(6)^1(12)^1(36)^1/group.2189	48	243732051adf6f6ebf667b4c0ec3d504	1	18
carat/tables/qcatalog/dim6/dir.2-2;2-1;1;1/ordnung.48/(1)^4(2)^3(6)^1(12)^1(36)^1/group.2190	48	2e94f8b6222e3dd261ae4fc197c17aa0	1	18
carat/tables/qcatalog/dim6/dir.2-2;2-1;1;1/ordnung.48/(1)^4(2)^1(6)^1(12)^1(36)^1/group.2151	48	b39bf017d919c096afa5f1364cd565a4	1	24
carat/tables/qcatalog/dim6/dir.2-2;2-1;1;1/ordnung.48/(1)^4(2)^1(6)^1(12)^1(36)^1/group.2152	48	c0414c4cb0f90036dfaed10a90603354	1	24
carat/tables/qcatalog/dim6/dir.2-2;2-1;1;1/ordnung.48/(1)^4(2)^1(6)^1(12)^1(36)^1/group.2153	48	bfc36aef1e2e0b7873e50a17eec09816	1	24
carat/tables/qcatalog/dim6/dir.2-2;2-1;1;1/ordnung.48/(1)^4(2)^1(6)^1(12)^1(36)^1/group.2154	48	b51cfe3641ba909471f34b6937c83132	1	24
carat/tables/qcatalog/dim6/dir.2-2;2-1;1;1/ordnung.48/(1)^4(2)^1(6)^1(12)^1(36)^1/group.2155	48	7250c9336983ee72684e7eb9b4996e80	1	24
carat/tables/qcatalog/dim6/dir.2-2;2-1;1;1/ordnung.48/(1)^4(2)^1(6)^1(12)^1(36)^1/group.2156	48	d8c862e1e939b1aa65ab6f2be749ee90	1	24
carat/tables/qcatalog/dim6/dir.2-2;2-1;1;1/ordnung.48/(1)^4(2)^1(6)^1(12)^1(36)^1/group.2157	48	f6fed31f13f35e6077f47e970a9b5a5e	1	24
carat/tables/qcatalog/dim6/dir.2-2;2-1;1;1/ordnung.48/(1)^4(2)^2(12)^2/group.2158	48	d3f974d07b157e606c6c28ac4a54a0be	1	24
carat/tables/qcatalog/dim6/dir.2-2;2-1;1;1/ordnung.48/(1)^4(2)^2(12)^2/group.2159	48	f1410ba5ffcc9b8056c51cc56e157c7e	1	24
carat/tables/qcatalog/dim6/dir.2-2;2-1;1;1/ordnung.48/(1)^4(2)^2(12)^2/group.2160	48	3aaa656c5b349b24c40f2e120f9ee5e2	1	24
carat/tables/qcatalog/dim6/dir.2-2;2-1;1;1/ordnung.48/(1)^4(2)^2(12)^2/group.2161	48	85aa9d89babe708876ec6afdbf831fe6	1	24
carat/tables/qcatalog/dim6/dir.2-2;2-1;1;1/ordnung.48/(1)^4(2)^2(12)^2/group.2162	48	100ad30e1349928088987ba2db983006	1	24
carat/tables/qcatalog/dim6/dir.2-2;2-1;1;1/ordnung.48/(1)^4(2)^2(12)^2/group.2163	48	0604ee3038d7a1581e38c51c6be7d01e	1	24
carat/tables/qcatalog/dim6/dir.2-2;2-1;1;1/ordnung.48/(1)^4(2)^2(12)^2/group.2164	48	51ed90d63125e932753c0e8248f1f9c0	1	24
carat/tables/qcatalog/dim6/dir.2-2;2-1;1;1/ordnung.48/(1)^4(2)^2(12)^2/group.2165	48	a8093161681b7504f2661a6d12d2f232	1	24
carat/tables/qcatalog/dim6/dir.2-2;2-1;1;1/ordnung.48/(1)^4(2)^2(12)^2/group.2166	48	da3de66c277017186a6907c1ac667036	1	24
carat/tables/qcatalog/dim6/dir.2-2;2-1;1;1/ordnung.48/(1)^4(2)^2(12)^2/group.2167	48	863e694c7fc29e8ee909bafc0fca876c	1	24
carat/tables/qcatalog/dim6/dir.2-2;2-1;1;1/ordnung.48/(1)^4(2)^2(12)^2/group.2168	48	0e2828828489501e9fdc04fa27587b14	1	24
carat/tables/qcatalog/dim6/dir.2-2;2-1;1;1/ordnung.48/(1)^4(2)^2(12)^2/group.2169	48	d75f3576f47182266e6dd37978fd349c	1	24
carat/tables/qcatalog/dim6/dir.2-2;2-1;1;1/ordnung.48/(1)^4(2)^2(12)^2/group.2170	48	cfa16dbfc2ee266c29c4877813f176a2	1	24
carat/tables/qcatalog/dim6/dir.2-2;2-1;1;1/ordnung.24/(1)^4(2)^4(24)^2/group.2093	24	37a0e009b8f91b16ceb966d070125698	1	9
carat/tables/qcatalog/dim6/dir.2-2;2-1;1;1/ordnung.24/(1)^4(2)^4(24)^2/group.2094	24	bf242f42429e9976bb4a014a74aa0018	1	9
carat/tables/qcatalog/dim6/dir.2-2;2-1;1;1/ordnung.24/(1)^4(2)^4(24)^2/min.380	24	78deb889f2f3be92244b0b8fd4b23ffc	1	9
carat/tables/qcatalog/dim6/dir.2-2;2-1;1;1/ordnung.24/(1)^4(2)^4(24)^2/min.381	24	d654e66a04505fa2cefa9e4d23d8abf4	1	9
carat/tables/qcatalog/dim6/dir.2-2;2-1;1;1/ordnung.24/(1)^4(4)^1(12)^2(36)^1/group.2095	24	49822eac6fa5f1742722144352d3c68e	1	12
carat/tables/qcatalog/dim6/dir.2-2;2-1;1;1/ordnung.24/(1)^4(4)^1(12)^2(36)^1/group.2096	24	38b943ff55873a18b6eb9bfe83649fd2	1	12
carat/tables/qcatalog/dim6/dir.2-2;2-1;1;1/ordnung.24/(1)^4(4)^1(12)^2(36)^1/group.2097	24	b52ba783450a4bb8e084afa96749eab2	1	12
carat/tables/qcatalog/dim6/dir.2-2;2-1;1;1/ordnung.24/(1)^4(4)^1(12)^2(36)^1/group.2098	24	69c52c641f3dc1b47862faf36af63a8e	1	12
carat/tables/qcatalog/dim6/dir.2-2;2-1;1;1/ordnung.24/(1)^4(4)^2(12)^2/group.2099	24	f88910b02e1275126abd1a22c7be8e34	1	12
carat/tables/qcatalog/dim6/dir.2-2;2-1;1;1/ordnung.24/(1)^4(4)^2(12)^2/group.2100	24	efa6165877bc8a22bf4001b0602d26ec	1	12
carat/tables/qcatalog/dim6/dir.2-2;2-1;1;1/ordnung.24/(1)^4(6)^2(36)^2/group.2101	24	f2d6817a3efff3049c0c32bf93622ede	1	12
carat/tables/qcatalog/dim6/dir.2-2;2-1;1;1/ordnung.24/(1)^4(6)^2(36)^2/group.2102	24	2c70d61b937eba489474dbf3dba793c2	1	12
carat/tables/qcatalog/dim6/dir.2-2;2-1;1;1/ordnung.384/(1)^4(2)^4(12)^2/group.2103	384	9b73b56248effa49f5fb228ef72d021f	1	120
carat/tables/qcatalog/dim6/dir.2-2;2-1;1;1/ordnung.48/(1)^2(2)^1(6)^1(12)^2/group.2104	48	b84a548b915b74a08b7125c21477ebda	1	48
carat/tables/qcatalog/dim6/dir.2-2;2-1;1;1/ordnung.48/(1)^2(2)^2(4)^1(12)^1/group.2105	48	b0e2814fb80c0b7cf07885afb84ec7de	1	48
carat/tables/qcatalog/dim6/dir.2-2;2-1;1;1/ordnung.48/(1)^2(2)^2(4)^1(12)^1/group.2106	48	87617a1cdda5ac3cc1324d6668d12da6	1	48
carat/tables/qcatalog/dim6/dir.2-2;2-1;1;1/ordnung.48/(1)^2(2)^2(4)^1(12)^1/group.2107	48	d359bfe9ec1f0a9ceb177d64eeeb49a6	1	48
carat/tables/qcatalog/dim6/dir.2-2;2-1;1;1/ordnung.48/(1)^2(2)^2(4)^1(12)^1/group.2108	48	ff0459fbc45c80b49a72443245dffe4e	1	48
carat/tables/qcatalog/dim6/dir.2-2;2-1;1;1/ordnung.48/(1)^2(2)^2(4)^1(12)^1/group.2109	48	79a8bccc00d07e781edbacf3ff96af52	1	48
carat/tables/qcatalog/dim6/dir.2-2;2-1;1;1/ordnung.48/(1)^2(2)^2(4)^1(12)^1/group.2110	48	7eb7199bee22d32047834e8bcfa2d65a	1	48
carat/tables/qcatalog/dim6/dir.2-2;2-1;1;1/ordnung.48/(1)^4(2)^3(6)^1(12)^1(36)^1/group.2191	48	20646e1db0a1fab83af4b9c7c18cb53e	1	18
carat/tables/qcatalog/dim6/dir.2-2;2-1;1;1/ordnung.48/(1)^4(2)^3(6)^1(12)^1(36)^1/group.2192	48	032aeada1ed458db9886429d8db5b581	1	15
carat/tables/qcatalog/dim6/dir.2-2;2-1;1;1/ordnung.48/(1)^4(2)^3(6)^1(12)^1(36)^1/group.2193	48	7ff6a74bc4c4a4c3576a319c77267279	1	15
carat/tables/qcatalog/dim6/dir.2-2;2-1;1;1/ordnung.48/(1)^4(2)^3(6)^1(12)^1(36)^1/group.2194	48	3411d18413b46c1e5cf622ba0ea8a1d4	1	18
carat/tables/qcatalog/dim6/dir.2-2;2-1;1;1/ordnung.48/(1)^4(2)^3(6)^1(12)^1(36)^1/group.2195	48	1ea05d082424558e810e2bf879ff56fc	1	18
carat/tables/qcatalog/dim6/dir.2-2;2-1;1;1/ordnung.48/(1)^4(2)^3(6)^1(12)^1(36)^1/group.2196	48	8470158cbc4c51d324f0bbcecdd30e11	1	15
carat/tables/qcatalog/dim6/dir.2-2;2-1;1;1/ordnung.48/(1)^4(2)^3(6)^1(12)^1(36)^1/group.2197	48	df49cf033ca0b0b73caf136c3bec6535	1	15
carat/tables/qcatalog/dim6/dir.2-2;2-1;1;1/ordnung.48/(1)^4(2)^3(6)^1(12)^1(36)^1/group.2198	48	ecaca5b3c828e5f1721f3c0bf9bf9e7f	1	15
carat/tables/qcatalog/dim6/dir.2-2;2-1;1;1/ordnung.48/(1)^4(2)^3(6)^1(12)^1(36)^1/group.2199	48	2e7a38bbb1b1e30dccc48d6c2934212b	1	15
carat/tables/qcatalog/dim6/dir.2-2;2-1;1;1/ordnung.48/(1)^4(2)^3(6)^1(12)^1(36)^1/group.2200	48	3bfcb27acf74398830ee8135f727af4e	1	18
carat/tables/qcatalog/dim6/dir.2-2;2-1;1;1/ordnung.48/(1)^4(2)^3(6)^1(12)^1(36)^1/group.2201	48	3dff7113796e75bab4a9bb0e8b8a7a40	1	18
carat/tables/qcatalog/dim6/dir.2-2;2-1;1;1/ordnung.48/(1)^4(2)^3(6)^1(12)^1(36)^1/group.2202	48	bf488be4bbfd0490546f54b76615c1be	1	18
carat/tables/qcatalog/dim6/dir.2-2;2-1;1;1/ordnung.48/(1)^4(2)^3(6)^1(12)^1(36)^1/group.2203	48	dac3bc049e65276ef95a00bdfd78704c	1	18
carat/tables/qcatalog/dim6/dir.2-2;2-1;1;1/ordnung.48/(1)^4(2)^3(6)^1(12)^1(36)^1/group.2204	48	2ef043211273fe036f1a4367b796a3c1	1	15
carat/tables/qcatalog/dim6/dir.2-2;2-1;1;1/ordnung.48/(1)^4(2)^3(6)^1(12)^1(36)^1/group.2205	48	79a391ed927e3d0b5df1a32fd6654179	1	15
carat/tables/qcatalog/dim6/dir.2-2;2-1;1;1/ordnung.48/(1)^4(2)^3(6)^1(12)^1(36)^1/group.2206	48	86e10cbd1e7e790bed3d2b94406a7059	1	15
carat/tables/qcatalog/dim6/dir.2-2;2-1;1;1/ordnung.48/(1)^4(2)^3(6)^1(12)^1(36)^1/group.2207	48	6180d7a4c2396ce3a2407465e009da41	1	15
carat/tables/qcatalog/dim6/dir.2-2;2-1;1;1/ordnung.48/(1)^4(2)^3(6)^1(12)^1(36)^1/group.2208	48	5b65fd43c52a46e69c03bc2cd29ed5fc	1	18
carat/tables/qcatalog/dim6/dir.2-2;2-1;1;1/ordnung.48/(1)^4(2)^3(6)^1(12)^1(36)^1/group.2209	48	8057ee16342fabaaf7096f6f07087528	1	18
carat/tables/qcatalog/dim6/dir.2-2;2-1;1;1/ordnung.48/(1)^4(2)^3(6)^1(12)^1(36)^1/group.2210	48	dcfa4dc406774912ecb8ae0f64f95960	1	18
carat/tables/qcatalog/dim6/dir.2-2;2-1;1;1/ordnung.48/(1)^4(2)^3(6)^1(12)^1(36)^1/group.2211	48	1cd2586f010f475e1d5d738e5bd2e1c4	1	18
carat/tables/qcatalog/dim6/dir.2-2;2-1;1;1/ordnung.48/(1)^4(2)^3(6)^1(24)^1(72)^1/group.2212	48	741d660e37740e9728b543b5e0b3cfed	1	15
carat/tables/qcatalog/dim6/dir.2-2;2-1;1;1/ordnung.48/(1)^4(2)^3(6)^1(24)^1(72)^1/group.2213	48	ae8d3652c2fed23fc26ba5f85b2a853d	1	15
carat/tables/qcatalog/dim6/dir.2-2;2-1;1;1/ordnung.48/(1)^4(2)^3(6)^1(24)^1(72)^1/group.2214	48	8d7b27fb46d8d07768cfe30125635645	1	15
carat/tables/qcatalog/dim6/dir.2-2;2-1;1;1/ordnung.48/(1)^4(2)^3(6)^1(24)^1(72)^1/group.2215	48	37331d2588bf06630fe642d69b8773a1	1	15
carat/tables/qcatalog/dim6/dir.2-2;2-1;1;1/ordnung.48/(1)^4(2)^3(6)^1(24)^1(72)^1/group.2216	48	3bf6bd08f56bdccecfd606b5117e7714	1	18
carat/tables/qcatalog/dim6/dir.2-2;2-1;1;1/ordnung.48/(1)^4(2)^3(6)^1(24)^1(72)^1/group.2217	48	4d95838c6f92d190c0b2b7a7ab2fe0be	1	18
carat/tables/qcatalog/dim6/dir.2-2;2-1;1;1/ordnung.48/(1)^4(2)^3(6)^1(24)^1(72)^1/group.2218	48	022a9baead9d6bbbc6a02c88c6104ae9	1	15
carat/tables/qcatalog/dim6/dir.2-2;2-1;1;1/ordnung.48/(1)^4(2)^3(6)^1(24)^1(72)^1/group.2219	48	41694cec0ccfd22380734e842e4a97d9	1	15
carat/tables/qcatalog/dim6/dir.2-2;2-1;1;1/ordnung.48/(1)^4(2)^3(6)^1(24)^1(72)^1/group.2220	48	f839fb1e7a8c198bcc49091fd2ac5b99	1	15
carat/tables/qcatalog/dim6/dir.2-2;2-1;1;1/ordnung.48/(1)^4(2)^3(6)^1(24)^1(72)^1/group.2221	48	590e90bab88ce89f03795c3b6e20b09d	1	15
carat/tables/qcatalog/dim6/dir.2-2;2-1;1;1/ordnung.48/(1)^4(2)^3(6)^1(24)^1(72)^1/group.2222	48	52ae894328720eb5539cfd35849defbb	1	15
carat/tables/qcatalog/dim6/dir.2-2;2-1;1;1/ordnung.48/(1)^4(2)^3(6)^1(24)^1(72)^1/group.2223	48	574f8b98d040b22f2a430b7eed804f85	1	15
carat/tables/qcatalog/dim6/dir.2-2;2-1;1;1/ordnung.48/(1)^4(2)^3(6)^1(24)^1(72)^1/group.2224	48	4ca49fb0e2483dac961efca1e27af99a	1	18
carat/tables/qcatalog/dim6/dir.2-2;2-1;1;1/ordnung.48/(1)^4(2)^3(6)^1(24)^1(72)^1/group.2225	48	1c38a492fafe7e93fc3981a7e073c691	1	15
carat/tables/qcatalog/dim6/dir.2-2;2-1;1;1/ordnung.48/(1)^4(2)^3(6)^1(24)^1(72)^1/group.2226	48	9b64615cce52e8fbb1036794f1221d59	1	15
carat/tables/qcatalog/dim6/dir.2-2;2-1;1;1/ordnung.48/(1)^4(2)^3(6)^1(24)^1(72)^1/group.2227	48	c6ad3de1d0fa92b592dce9f11f9814eb	1	15
carat/tables/qcatalog/dim6/dir.2-2;2-1;1;1/ordnung.48/(1)^4(2)^3(6)^1(24)^1(72)^1/group.2228	48	999ff23ab45aa30d656086d2d980f9c3	1	15
carat/tables/qcatalog/dim6/dir.2-2;2-1;1;1/ordnung.48/(1)^4(2)^4(12)^2/group.2229	48	54d9b5833412b33d4c9dfc46ce1cb8eb	1	15
carat/tables/qcatalog/dim6/dir.2-2;2-1;1;1/ordnung.48/(1)^4(2)^4(12)^2/group.2230	48	cec5270c4fed56098acaa9e05c0403b7	1	15
carat/tables/qcatalog/dim6/dir.2-2;2-1;1;1/ordnung.48/(1)^4(2)^4(12)^2/group.2251	48	7c7021fbb3189967504d1a687ec5436d	1	15
carat/tables/qcatalog/dim6/dir.2-2;2-1;1;1/ordnung.48/(1)^4(2)^4(12)^2/group.2252	48	7f512824bacbe937fd2f1e6e5877a885	1	15
carat/tables/qcatalog/dim6/dir.2-2;2-1;1;1/ordnung.48/(1)^4(2)^4(12)^2/group.2253	48	6c0aa7eccf8d4563b2851a03cfd64241	1	15
carat/tables/qcatalog/dim6/dir.2-2;2-1;1;1/ordnung.48/(1)^4(2)^4(12)^2/group.2254	48	362aecac9704a2f71e7c0476276e7c9d	1	15
carat/tables/qcatalog/dim6/dir.2-2;2-1;1;1/ordnung.48/(1)^4(2)^4(12)^2/group.2255	48	d50a71e7ba58745748e690a1ef92aa9d	1	15
carat/tables/qcatalog/dim6/dir.2-2;2-1;1;1/ordnung.48/(1)^4(2)^4(12)^2/group.2256	48	667258b95ec0f54ab80faf617009ea68	1	18
carat/tables/qcatalog/dim6/dir.2-2;2-1;1;1/ordnung.48/(1)^4(2)^4(12)^2/group.2257	48	4b1adcc3d087b93482ffd0ea2d41ca42	1	18
carat/tables/qcatalog/dim6/dir.2-2;2-1;1;1/ordnung.48/(1)^4(2)^4(12)^2/group.2258	48	0ce2f41cbe7e896a126d441960939420	1	18
carat/tables/qcatalog/dim6/dir.2-2;2-1;1;1/ordnung.48/(1)^4(2)^4(12)^2/group.2259	48	bcbc9aac8077ef8c3943b198a073e552	1	18
carat/tables/qcatalog/dim6/dir.2-2;2-1;1;1/ordnung.48/(1)^4(2)^4(12)^2/group.2260	48	ac5ccd2c0b5cfbe3a6b43dfecea31fc9	1	15
carat/tables/qcatalog/dim6/dir.2-2;2-1;1;1/ordnung.48/(1)^4(2)^4(12)^2/group.2261	48	c710d1a111e3d20f79d089175d6b0855	1	15
carat/tables/qcatalog/dim6/dir.2-2;2-1;1;1/ordnung.48/(1)^4(2)^4(24)^2/group.2262	48	bb6a0d18593607dcd9b9470a59f44b62	1	18
carat/tables/qcatalog/dim6/dir.2-2;2-1;1;1/ordnung.48/(1)^4(2)^4(24)^2/group.2263	48	96fe0480eb55dbf76996317a5bb91b8d	1	15
carat/tables/qcatalog/dim6/dir.2-2;2-1;1;1/ordnung.48/(1)^4(2)^4(24)^2/group.2264	48	a483d77ce73c68df1abb2ff98fbeb60d	1	15
carat/tables/qcatalog/dim6/dir.2-2;2-1;1;1/ordnung.48/(1)^4(2)^4(24)^2/group.2265	48	042c97dccd6eb313164a30b39e7d6de9	1	15
carat/tables/qcatalog/dim6/dir.2-2;2-1;1;1/ordnung.48/(1)^4(2)^4(24)^2/group.2266	48	0412fca65296471e607f577942eea4a4	1	18
carat/tables/qcatalog/dim6/dir.2-2;2-1;1;1/ordnung.48/(1)^4(2)^4(24)^2/group.2267	48	68b7a89371619d4445d237537b345faa	1	18
carat/tables/qcatalog/dim6/dir.2-2;2-1;1;1/ordnung.48/(1)^4(2)^4(24)^2/group.2268	48	3e566c79a7a1d81bd365ee0b214e3bd9	1	15
carat/tables/qcatalog/dim6/dir.2-2;2-1;1;1/ordnung.48/(1)^4(2)^4(24)^2/group.2269	48	4e958afc0ca1a2343c79ed6b976855f2	1	18
carat/tables/qcatalog/dim6/dir.2-2;2-1;1;1/ordnung.48/(1)^4(2)^4(24)^2/group.2270	48	0962f614eb79fef4e368b5edfa67a862	1	18
carat/tables/qcatalog/dim6/dir.2-2;2-1;1;1/ordnung.48/(1)^4(2)^4(24)^2/group.2271	48	03b8e947aa2f759e826377fb47e7762c	1	18
carat/tables/qcatalog/dim6/dir.2-2;2-1;1;1/ordnung.48/(1)^4(2)^4(24)^2/group.2272	48	f10845cc97653fa65b8a69caa234dbb4	1	18
carat/tables/qcatalog/dim6/dir.2-2;2-1;1;1/ordnung.48/(1)^4(2)^4(24)^2/group.2273	48	be1f1a55b75a874cbb2b1938947593ba	1	18
carat/tables/qcatalog/dim6/dir.2-2;2-1;1;1/ordnung.48/(1)^4(2)^4(24)^2/group.2274	48	3bc7b8502a7c9420aa024bf5ef9aa62e	1	18
carat/tables/qcatalog/dim6/dir.2-2;2-1;1;1/ordnung.48/(1)^4(2)^4(24)^2/group.2275	48	dbe07bb08c902f2fbae9bfb8712a8f65	1	15
carat/tables/qcatalog/dim6/dir.2-2;2-1;1;1/ordnung.48/(1)^4(2)^4(24)^2/group.2276	48	f9b3d45f24ac178b07fc156c3e9fd109	1	15
carat/tables/qcatalog/dim6/dir.2-2;2-1;1;1/ordnung.48/(1)^4(2)^4(24)^2/group.2277	48	5a93abc21fdcea0bc7dff1db0f88abc1	1	15
carat/tables/qcatalog/dim6/dir.2-2;2-1;1;1/ordnung.48/(1)^4(2)^4(24)^2/group.2278	48	9fd2a90d708b9847ecc611fbe5502ab5	1	15
carat/tables/qcatalog/dim6/dir.2-2;2-1;1;1/ordnung.48/(1)^4(2)^4(24)^2/group.2279	48	9db0bd360e641de0af6e84223cb13826	1	18
carat/tables/qcatalog/dim6/dir.2-2;2-1;1;1/ordnung.48/(1)^4(2)^4(24)^2/group.2280	48	81a2ca79ed7686cc1d577211cd8f3af2	1	18
carat/tables/qcatalog/dim6/dir.2-2;2-1;1;1/ordnung.48/(1)^4(2)^4(24)^2/group.2281	48	d18b188857313ea089b6885a2ac9baee	1	18
carat/tables/qcatalog/dim6/dir.2-2;2-1;1;1/ordnung.48/(1)^4(2)^4(24)^2/group.2282	48	88c78b1de83c62ec95fe2493456b7efa	1	18
carat/tables/qcatalog/dim6/dir.2-2;2-1;1;1/ordnung.48/(1)^4(2)^4(24)^2/group.2283	48	db977a76113ba97172a40d7b2402889f	1	15
carat/tables/qcatalog/dim6/dir.2-2;2-1;1;1/ordnung.48/(1)^4(2)^4(24)^2/group.2284	48	cb7b330a8714471ac605e4e6edb642b0	1	18
carat/tables/qcatalog/dim6/dir.2-2;2-1;1;1/ordnung.48/(1)^4(2)^4(24)^2/group.2285	48	6f36ff395eff71daea00622fc9f7daf0	1	18
carat/tables/qcatalog/dim6/dir.2-2;2-1;1;1/ordnung.48/(1)^4(2)^4(24)^2/group.2286	48	a2371dd1b6a54d64267e72ae7e52c94a	1	18
carat/tables/qcatalog/dim6/dir.2-2;2-1;1;1/ordnung.48/(1)^4(2)^4(24)^2/group.2287	48	1a5b1522b3007ba05c20bbfea92fc366	1	18
carat/tables/qcatalog/dim6/dir.2-2;2-1;1;1/ordnung.48/(1)^4(2)^4(24)^2/group.2288	48	29f362a0760aec3d4ee9678d4df80ecb	1	15
carat/tables/qcatalog/dim6/dir.2-2;2-1;1;1/ordnung.48/(1)^4(2)^4(24)^2/group.2289	48	70e729d10052f4c7d06e327b912bbca5	1	15
carat/tables/qcatalog/dim6/dir.2-2;2-1;1;1/ordnung.48/(1)^4(2)^4(24)^2/group.2290	48	e781c21fd4ade87bbceb55eac4dda049	1	15
carat/tables/qcatalog/dim6/dir.2-2;2-1;1;1/ordnung.48/(1)^2(2)^4(4)^1(12)^1/group.2131	48	5b108d2a02c8414c4441a78ba81f49ee	1	30
carat/tables/qcatalog/dim6/dir.2-2;2-1;1;1/ordnung.48/(1)^2(2)^4(4)^1(12)^1/group.2132	48	46e8b93b1a05f37c8363b5e27e0c39fe	1	30
carat/tables/qcatalog/dim6/dir.2-2;2-1;1;1/ordnung.48/(1)^2(2)^4(4)^1(12)^1/group.2133	48	4bb995e4b40edc3eba146c3e716f9758	1	30
carat/tables/qcatalog/dim6/dir.2-2;2-1;1;1/ordnung.48/(1)^2(2)^4(8)^1(24)^1/group.2134	48	c48fccbbe5888e9ad22f4addac9bfc1c	1	30
carat/tables/qcatalog/dim6/dir.2-2;2-1;1;1/ordnung.48/(1)^2(2)^4(8)^1(24)^1/group.2135	48	ac56aec97aab19d66b6bad8d64baccb0	1	30
carat/tables/qcatalog/dim6/dir.2-2;2-1;1;1/ordnung.48/(1)^2(2)^4(8)^1(24)^1/group.2136	48	bf4020f3e839a7fcb2ea29c21aaf0986	1	30
carat/tables/qcatalog/dim6/dir.2-2;2-1;1;1/ordnung.48/(1)^2(2)^4(8)^1(24)^1/group.2137	48	85234b0d0ce2e60c7a633be21cc1bd2e	1	30
carat/tables/qcatalog/dim6/dir.2-2;2-1;1;1/ordnung.48/(1)^2(2)^4(8)^1(24)^1/group.2138	48	e667b09a2cdc4c801ab901fdd31c8c92	1	30
carat/tables/qcatalog/dim6/dir.2-2;2-1;1;1/ordnung.48/(1)^2(2)^4(8)^1(24)^1/group.2139	48	b3b2d9c371978f582632886def6199a2	1	30
carat/tables/qcatalog/dim6/dir.2-2;2-1;1;1/ordnung.48/(1)^2(2)^4(8)^1(24)^1/group.2140	48	2a937a0bd6171542dc6633ac2303bb1c	1	30
carat/tables/qcatalog/dim6/dir.2-2;2-1;1;1/ordnung.48/(1)^2(2)^4(8)^1(24)^1/group.2141	48	ef505fd5ed7c5eae81c5f68833b39b98	1	30
carat/tables/qcatalog/dim6/dir.2-2;2-1;1;1/ordnung.48/(1)^2(2)^4(8)^1(24)^1/group.2142	48	e390a6d036e6c6d4bfa080da8e192bf6	1	30
carat/tables/qcatalog/dim6/dir.2-2;2-1;1;1/ordnung.48/(1)^2(2)^4(8)^1(24)^1/group.2143	48	a4a53e28da008d180fe55610b92a7f42	1	30
carat/tables/qcatalog/dim6/dir.2-2;2-1;1;1/ordnung.48/(1)^2(2)^4(8)^1(24)^1/group.2144	48	6b76ad43264483381cf9205d892eca82	1	30
carat/tables/qcatalog/dim6/dir.2-2;2-1;1;1/ordnung.48/(1)^2(2)^4(8)^1(24)^1/group.2145	48	d41a4c5349bbcac6358a719934903c80	1	30
carat/tables/qcatalog/dim6/dir.2-2;2-1;1;1/ordnung.48/(1)^2(2)^4(8)^1(24)^1/group.2146	48	7a14a7ba4c859b7811c7a71b666ffd32	1	30
carat/tables/qcatalog/dim6/dir.2-2;2-1;1;1/ordnung.48/(1)^2(4)^3(12)^1/group.2147	48	f80b4c2f784bb2109ccb269c4f42b062	1	48
carat/tables/qcatalog/dim6/dir.2-2;2-1;1;1/ordnung.48/(1)^4(2)^1(6)^1(12)^1(36)^1/group.2148	48	e583ece4ee1b6f52c288ffcbc9a760f0	1	24
carat/tables/qcatalog/dim6/dir.2-2;2-1;1;1/ordnung.48/(1)^4(2)^1(6)^1(12)^1(36)^1/group.2149	48	b2f585ac21ace1641ec788acd99b5bd2	1	24
carat/tables/qcatalog/dim6/dir.2-2;2-1;1;1/ordnung.48/(1)^4(2)^1(6)^1(12)^1(36)^1/group.2150	48	c2a2c7e4e489e7e059c877538c8c67ae	1	24
carat/tables/qcatalog/dim6/dir.2-2;2-1;1;1/ordnung.48/(1)^4(2)^4(12)^2/group.2231	48	7f7e9a6cb4c6bedfa806214b073be3bd	1	15
carat/tables/qcatalog/dim6/dir.2-2;2-1;1;1/ordnung.48/(1)^4(2)^4(12)^2/group.2232	48	266aaee180f9439f8b6e32cbd37204a5	1	15
carat/tables/qcatalog/dim6/dir.2-2;2-1;1;1/ordnung.48/(1)^4(2)^4(12)^2/group.2233	48	e07ae50dff2ad3931c67b0becfb95411	1	15
carat/tables/qcatalog/dim6/dir.2-2;2-1;1;1/ordnung.48/(1)^4(2)^4(12)^2/group.2234	48	fc956ad1274454647c2a0d806fefc9ca	1	18
carat/tables/qcatalog/dim6/dir.2-2;2-1;1;1/ordnung.48/(1)^4(2)^4(12)^2/group.2235	48	77d569a2abda8b5a3658754aaf538f00	1	18
carat/tables/qcatalog/dim6/dir.2-2;2-1;1;1/ordnung.48/(1)^4(2)^4(12)^2/group.2236	48	07dd06b45abd074cc4476f96b5c204ca	1	18
carat/tables/qcatalog/dim6/dir.2-2;2-1;1;1/ordnung.48/(1)^4(2)^4(12)^2/group.2237	48	64fe91d417d6dbfad0739505eb181138	1	18
carat/tables/qcatalog/dim6/dir.2-2;2-1;1;1/ordnung.48/(1)^4(2)^4(12)^2/group.2238	48	3ad2f94158f0176b449879072a99c631	1	15
carat/tables/qcatalog/dim6/dir.2-2;2-1;1;1/ordnung.48/(1)^4(2)^4(12)^2/group.2239	48	834ac084e6f6cfeef9b91bb47a757624	1	18
carat/tables/qcatalog/dim6/dir.2-2;2-1;1;1/ordnung.48/(1)^4(2)^4(12)^2/group.2240	48	523d0754ffea2c928d4c749a4c0d0bb0	1	18
carat/tables/qcatalog/dim6/dir.2-2;2-1;1;1/ordnung.48/(1)^4(2)^4(12)^2/group.2241	48	4c6461450906f4e536912e8e55b306ab	1	15
carat/tables/qcatalog/dim6/dir.2-2;2-1;1;1/ordnung.48/(1)^4(2)^4(12)^2/group.2242	48	c7d0687b374fb0d9d0251acdf58fe4af	1	15
carat/tables/qcatalog/dim6/dir.2-2;2-1;1;1/ordnung.48/(1)^4(2)^4(12)^2/group.2243	48	aa6875cd417175bf1ea05838cfd04d75	1	15
carat/tables/qcatalog/dim6/dir.2-2;2-1;1;1/ordnung.48/(1)^4(2)^4(12)^2/group.2244	48	de119a2ededa062788c6e05aaa58facd	1	15
carat/tables/qcatalog/dim6/dir.2-2;2-1;1;1/ordnung.48/(1)^4(2)^4(12)^2/group.2245	48	c716ad01b3102d88fc4fe8c5edb4937e	1	18
carat/tables/qcatalog/dim6/dir.2-2;2-1;1;1/ordnung.48/(1)^4(2)^4(12)^2/group.2246	48	db8d6ebdd97cb27087114e8ea882331e	1	18
carat/tables/qcatalog/dim6/dir.2-2;2-1;1;1/ordnung.48/(1)^4(2)^4(12)^2/group.2247	48	c211da772af4055873c7eef6614d3896	1	18
carat/tables/qcatalog/dim6/dir.2-2;2-1;1;1/ordnung.48/(1)^4(2)^4(12)^2/group.2248	48	c82de8cdf46939b092ed0d489c9f6ab6	1	18
carat/tables/qcatalog/dim6/dir.2-2;2-1;1;1/ordnung.48/(1)^4(2)^4(12)^2/group.2249	48	373b7299092fb0e3486d8b00dc8f72c1	1	15
carat/tables/qcatalog/dim6/dir.2-2;2-1;1;1/ordnung.48/(1)^4(2)^4(12)^2/group.2250	48	100a7c94aee7d177591b51cd8c79f18d	1	15
carat/tables/qcatalog/dim6/dir.2-2;2-1;1;1/ordnung.48/(1)^4(2)^4(24)^2/group.2291	48	deb1217d00aeacb73f3dd1d5e098696d	1	15
carat/tables/qcatalog/dim6/dir.2-2;2-1;1;1/ordnung.48/(1)^4(2)^4(24)^2/group.2292	48	d184a68ef00b0bcda13f55ff7db33cf3	1	15
carat/tables/qcatalog/dim6/dir.2-2;2-1;1;1/ordnung.48/(1)^4(2)^4(24)^2/group.2293	48	164b35faf7b84554b863515a6dc0dbc2	1	18
carat/tables/qcatalog/dim6/dir.2-2;2-1;1;1/ordnung.48/(1)^4(2)^4(24)^2/group.2294	48	4d4fed0f9c5b7cc25cb03ada18ffcdb0	1	18
carat/tables/qcatalog/dim6/dir.2-2;2-1;1;1/ordnung.48/(1)^4(2)^4(24)^2/group.2295	48	91077fc02d8f6a7e77edd66320b9cf8c	1	18
carat/tables/qcatalog/dim6/dir.2-2;2-1;1;1/ordnung.48/(1)^4(2)^4(24)^2/group.2296	48	1ef2628983108134ba92c41d66ed8fa2	1	18
carat/tables/qcatalog/dim6/dir.2-2;2-1;1;1/ordnung.48/(1)^4(2)^4(24)^2/group.2297	48	ad6dfd7d8b330b223d91da0c3f0046a0	1	18
carat/tables/qcatalog/dim6/dir.2-2;2-1;1;1/ordnung.48/(1)^4(4)^1(12)^2(36)^1/group.2298	48	66c11b27108c76567ea16fac7f6aed9c	1	24
carat/tables/qcatalog/dim6/dir.2-2;2-1;1;1/ordnung.48/(1)^4(4)^2(12)^2/group.2299	48	d1f02c6823edcaec5aaaa00f4ca59e5a	1	24
carat/tables/qcatalog/dim6/dir.2-2;2-1;1;1/ordnung.48/(1)^4(4)^2(12)^2/group.2300	48	697b8b50f382815ca8465d597b53278a	1	24
carat/tables/qcatalog/dim6/dir.2-2;2-1;1;1/ordnung.48/(1)^4(4)^2(12)^2/group.2301	48	2affda279e4633d0d562c1484e5a5c06	1	24
carat/tables/qcatalog/dim6/dir.2-2;2-1;1;1/ordnung.48/(1)^4(4)^2(12)^2/group.2302	48	d6002334d19e64204ddbdddb84f60626	1	24
carat/tables/qcatalog/dim6/dir.2-2;2-1;1;1/ordnung.48/(1)^4(4)^2(12)^2/group.2303	48	2296193507ecf5260de23b6c134fda64	1	24
carat/tables/qcatalog/dim6/dir.2-2;2-1;1;1/ordnung.48/(1)^4(6)^2(36)^2/group.2304	48	a8af2580640e87bea5ae801838b952e4	1	24
carat/tables/qcatalog/dim6/dir.2-2;2-1;1;1/ordnung.96/(1)^2(2)^2(4)^1(12)^1/group.2305	96	b395e28efd4890dfad5e9fbee061e8dd	1	96
carat/tables/qcatalog/dim6/dir.2-2;2-1;1;1/ordnung.96/(1)^2(2)^3(6)^1(12)^2/group.2306	96	b8fa1611ea83e40be116f5e00a6b8591	1	60
carat/tables/qcatalog/dim6/dir.2-2;2-1;1;1/ordnung.96/(1)^2(2)^4(4)^1(12)^1/group.2307	96	01d6170b0d4b1dc7b1bd2b990d13749d	1	60
carat/tables/qcatalog/dim6/dir.2-2;2-1;1;1/ordnung.96/(1)^2(2)^4(4)^1(12)^1/group.2308	96	cfc90e6de7635b7bd3130607855ead01	1	60
carat/tables/qcatalog/dim6/dir.2-2;2-1;1;1/ordnung.96/(1)^2(2)^4(4)^1(12)^1/group.2309	96	7b0e05711b720a73633a8aee81a59259	1	60
carat/tables/qcatalog/dim6/dir.2-2;2-1;1;1/ordnung.96/(1)^2(2)^4(4)^1(12)^1/group.2310	96	4f894e82bffc895394722ddca6a99959	1	60
carat/tables/qcatalog/dim6/dir.2-2;2-1;1;1/ordnung.12/(1)^2(4)^1(12)^3/min.365	12	f003cd1b748d84cb17b5babeac8414f1	1	12
carat/tables/qcatalog/dim6/dir.2-2;2-1;1;1/ordnung.12/(1)^2(4)^1(12)^3/min.366	12	c5f5e862c83b3a3b969f7ecd41056831	1	12
carat/tables/qcatalog/dim6/dir.2-2;2-1;1;1/ordnung.12/(1)^4(12)^2(36)^2/min.367	12	a52d45ada6c11bdd6434a54706376257	1	6
carat/tables/qcatalog/dim6/dir.2-2;2-1;1;1/ordnung.192/(1)^2(2)^4(4)^1(12)^1/group.2028	192	aa9eb1f9f718f0c84c012ad6f164acda	1	120
carat/tables/qcatalog/dim6/dir.2-2;2-1;1;1/ordnung.192/(1)^4(2)^2(12)^2/group.2029	192	bdc9ec5a298641b04a93afeaed43f6ee	1	96
carat/tables/qcatalog/dim6/dir.2-2;2-1;1;1/ordnung.192/(1)^4(2)^3(6)^1(12)^1(36)^1/group.2030	192	130482201278b8cc1cd54503a3806792	1	60
carat/tables/qcatalog/dim6/dir.2-2;2-1;1;1/ordnung.192/(1)^4(2)^4(12)^2/group.2031	192	2d0da05bf849baa041fedda1360474ee	1	60
carat/tables/qcatalog/dim6/dir.2-2;2-1;1;1/ordnung.192/(1)^4(2)^4(12)^2/group.2032	192	48cfa85ab5e70e80670b016f5724712e	1	60
carat/tables/qcatalog/dim6/dir.2-2;2-1;1;1/ordnung.192/(1)^4(2)^4(12)^2/group.2033	192	3ee4267156ee6f9cda00fdce571701a2	1	60
carat/tables/qcatalog/dim6/dir.2-2;2-1;1;1/ordnung.192/(1)^4(2)^4(12)^2/group.2034	192	24e4bc071df3fd849b926eec03a9a942	1	60
carat/tables/qcatalog/dim6/dir.2-2;2-1;1;1/ordnung.192/(1)^4(2)^4(12)^2/group.2035	192	d8774522c8c8c5442f8474bb38df0aaa	1	60
carat/tables/qcatalog/dim6/dir.2-2;2-1;1;1/ordnung.192/(1)^4(2)^4(12)^2/group.2036	192	f8ad9d0545ca3a94cf6b0b6c736425e2	1	60
carat/tables/qcatalog/dim6/dir.2-2;2-1;1;1/ordnung.192/(1)^4(2)^4(12)^2/group.2037	192	1b6be519d0d4ba60e973fc31a1d9d8de	1	60
carat/tables/qcatalog/dim6/dir.2-2;2-1;1;1/ordnung.192/(1)^4(2)^4(12)^2/group.2038	192	ffc6f49761a7c574f2ef7b46cfe61352	1	60
carat/tables/qcatalog/dim6/dir.2-2;2-1;1;1/ordnung.192/(1)^4(2)^4(12)^2/group.2039	192	a66e774b9a78b4eced6916a6d93ace0a	1	72
carat/tables/qcatalog/dim6/dir.2-2;2-1;1;1/ordnung.192/(1)^4(2)^4(12)^2/group.2040	192	f60e14e2f62f1cf8eba70cf89021a956	1	60
carat/tables/qcatalog/dim6/dir.2-2;2-1;1;1/ordnung.192/(1)^4(2)^4(12)^2/group.2041	192	4c8e3ff9ddc1c0b45e417e4a6bedaf1a	1	60
carat/tables/qcatalog/dim6/dir.2-2;2-1;1;1/ordnung.192/(1)^4(2)^4(12)^2/group.2042	192	412b9e15cb1b0d100d9f4342537926de	1	60
carat/tables/qcatalog/dim6/dir.2-2;2-1;1;1/ordnung.192/(1)^4(2)^4(12)^2/group.2043	192	c31d0495cbdb2f3cb1ac8c86958e2a7a	1	60
carat/tables/qcatalog/dim6/dir.2-2;2-1;1;1/ordnung.192/(1)^4(2)^4(12)^2/group.2044	192	54f564e3db9ba0b8720dcbf6832f18de	1	60
carat/tables/qcatalog/dim6/dir.2-2;2-1;1;1/ordnung.96/(1)^4(2)^4(12)^2/group.2371	96	ae70a409ad8ceafb81eb7419c7c92385	1	36
carat/tables/qcatalog/dim6/dir.2-2;2-1;1;1/ordnung.96/(1)^4(2)^4(12)^2/group.2372	96	1483684afbd9a3e1b55953d62bc7e4db	1	30
carat/tables/qcatalog/dim6/dir.2-2;2-1;1;1/ordnung.96/(1)^4(2)^4(12)^2/group.2373	96	ad1c9decd64d090b2fa591fd62c2c9c5	1	36
carat/tables/qcatalog/dim6/dir.2-2;2-1;1;1/ordnung.96/(1)^4(2)^4(12)^2/group.2374	96	19e95b57b69afd6f14f570c5b8f403c9	1	30
carat/tables/qcatalog/dim6/dir.2-2;2-1;1;1/ordnung.96/(1)^4(2)^4(12)^2/group.2375	96	dcd9fbc88d1a7647e44ffa282c3319e1	1	30
carat/tables/qcatalog/dim6/dir.2-2;2-1;1;1/ordnung.96/(1)^4(2)^4(12)^2/group.2376	96	9f0bcf1614b37b81e125dfa3a4d15a5b	1	30
carat/tables/qcatalog/dim6/dir.2-2;2-1;1;1/ordnung.96/(1)^4(2)^4(12)^2/group.2377	96	b9e5c5d04ce895139321cbafdb186ccd	1	30
carat/tables/qcatalog/dim6/dir.2-2;2-1;1;1/ordnung.96/(1)^4(2)^4(12)^2/group.2378	96	4eef49c0f4ede84932ed7fc16a66af13	1	30
carat/tables/qcatalog/dim6/dir.2-2;2-1;1;1/ordnung.96/(1)^4(2)^4(12)^2/group.2379	96	510ad7a0c7dfe8173030b544ab4c9359	1	30
carat/tables/qcatalog/dim6/dir.2-2;2-1;1;1/ordnung.96/(1)^4(2)^4(12)^2/group.2380	96	b1442eb24b7801d16ffcc64813655b43	1	30
carat/tables/qcatalog/dim6/dir.2-2;2-1;1;1/ordnung.96/(1)^4(2)^4(12)^2/group.2381	96	cea52874a8291837cbee4a9280b28141	1	30
carat/tables/qcatalog/dim6/dir.2-2;2-1;1;1/ordnung.96/(1)^4(2)^4(12)^2/group.2382	96	8b82ee70057af3c17b3b29dfb3613b83	1	30
carat/tables/qcatalog/dim6/dir.2-2;2-1;1;1/ordnung.96/(1)^4(2)^4(12)^2/group.2383	96	0794098405ad4cd79efa0e015adf4291	1	30
carat/tables/qcatalog/dim6/dir.2-2;2-1;1;1/ordnung.96/(1)^4(2)^4(12)^2/group.2384	96	0db8100ca855bfa39cfc84eb94311d0d	1	30
carat/tables/qcatalog/dim6/dir.2-2;2-1;1;1/ordnung.96/(1)^4(2)^4(12)^2/group.2385	96	db642f6b2c4d4675e8d4a75da2a33977	1	30
carat/tables/qcatalog/dim6/dir.2-2;2-1;1;1/ordnung.96/(1)^4(2)^4(12)^2/group.2386	96	1e46714da1d96fab63676c04518a813d	1	30
carat/tables/qcatalog/dim6/dir.2-2;2-1;1;1/ordnung.96/(1)^4(2)^4(12)^2/group.2387	96	4bf4d58340b35299c6fbceaaca840ceb	1	30
carat/tables/qcatalog/dim6/dir.2-2;2-1;1;1/ordnung.96/(1)^4(2)^4(12)^2/group.2388	96	bd94cb8585bcf0074b3f7bd112ad2a79	1	30
carat/tables/qcatalog/dim6/dir.2-2;2-1;1;1/ordnung.96/(1)^4(2)^4(12)^2/group.2389	96	bdd7e439454cb9691486b9e56cefcdab	1	30
carat/tables/qcatalog/dim6/dir.2-2;2-1;1;1/ordnung.96/(1)^4(2)^4(12)^2/group.2390	96	849ecf186cb0efe3a0ae557768cf78fd	1	30
carat/tables/qcatalog/dim6/dir.2-2;2-1;1;1/ordnung.96/(1)^4(2)^4(12)^2/group.2411	96	b5be89e377f2d607e32f167639314b29	1	30
carat/tables/qcatalog/dim6/dir.2-2;2-1;1;1/ordnung.96/(1)^4(2)^4(12)^2/group.2412	96	adf9c1075aec139b1c267a4ebcc07d6d	1	30
carat/tables/qcatalog/dim6/dir.2-2;2-1;1;1/ordnung.96/(1)^4(2)^4(12)^2/group.2413	96	0432fd334dd9adbdd165cef7067774b7	1	36
carat/tables/qcatalog/dim6/dir.2-2;2-1;1;1/ordnung.96/(1)^4(2)^4(12)^2/group.2414	96	fd712f785c93eaa31a3769980ef3efc5	1	30
carat/tables/qcatalog/dim6/dir.2-2;2-1;1;1/ordnung.96/(1)^4(2)^4(12)^2/group.2415	96	dadb5d11f24110110fa283681c7f564b	1	36
carat/tables/qcatalog/dim6/dir.2-2;2-1;1;1/ordnung.96/(1)^4(2)^4(12)^2/group.2416	96	90b3ffc3f31bc4f58a9b3aeb47d9b2ff	1	30
carat/tables/qcatalog/dim6/dir.2-2;2-1;1;1/ordnung.96/(1)^4(2)^4(12)^2/group.2417	96	49be7d9dd8fe38eb37ddebfa53ea9f2d	1	30
carat/tables/qcatalog/dim6/dir.2-2;2-1;1;1/ordnung.96/(1)^4(2)^4(12)^2/group.2418	96	c7479c17ecee874163a006e44caa76eb	1	30
carat/tables/qcatalog/dim6/dir.2-2;2-1;1;1/ordnung.96/(1)^4(2)^4(12)^2/group.2419	96	f4ac8e776ca4d629359d0f6f6b2c0d53	1	36
carat/tables/qcatalog/dim6/dir.2-2;2-1;1;1/ordnung.96/(1)^4(2)^4(12)^2/group.2420	96	c3d3954cbc5f067dc0f2a79ccb2f6dd7	1	36
carat/tables/qcatalog/dim6/dir.2-2;2-1;1;1/ordnung.96/(1)^4(2)^4(24)^2/group.2421	96	82936f88bc21b29bd284e9d0bf0273e5	1	30
carat/tables/qcatalog/dim6/dir.2-2;2-1;1;1/ordnung.96/(1)^4(2)^4(24)^2/group.2422	96	1515fbe295a5e903d3f7e5d3f7ba40a5	1	30
carat/tables/qcatalog/dim6/dir.2-2;2-1;1;1/ordnung.96/(1)^4(2)^4(24)^2/group.2423	96	f94647552a930613185d2499ac8f385d	1	30
carat/tables/qcatalog/dim6/dir.2-2;2-1;1;1/ordnung.96/(1)^4(2)^4(24)^2/group.2424	96	d7029a1e8e0fc865abcef1b29ade92ff	1	30
carat/tables/qcatalog/dim6/dir.2-2;2-1;1;1/ordnung.96/(1)^4(2)^4(24)^2/group.2425	96	f0876974ae42ebd3d2bf128f990772c5	1	30
carat/tables/qcatalog/dim6/dir.2-2;2-1;1;1/ordnung.96/(1)^4(2)^4(24)^2/group.2426	96	289f50477441ebafbed2dd3007a64369	1	30
carat/tables/qcatalog/dim6/dir.2-2;2-1;1;1/ordnung.96/(1)^4(2)^4(24)^2/group.2427	96	612bb93f0c3a2265ccd8edcd2cbbcf27	1	36
carat/tables/qcatalog/dim6/dir.2-2;2-1;1;1/ordnung.96/(1)^4(2)^4(24)^2/group.2428	96	f80826dcd66d76970089e451a56c3299	1	30
carat/tables/qcatalog/dim6/dir.2-2;2-1;1;1/ordnung.96/(1)^4(2)^4(24)^2/group.2429	96	a76377f5f80966339cbf87f13e12e1ed	1	30
carat/tables/qcatalog/dim6/dir.2-2;2-1;1;1/ordnung.96/(1)^4(2)^4(24)^2/group.2430	96	8f72eb8ed39d765bb1dd691fec5bd7ad	1	30
carat/tables/qcatalog/dim6/dir.2-2;2-1;1;1/ordnung.96/(1)^4(2)^3(6)^1(24)^1(72)^1/group.2351	96	08a082b49b663abb2d767410f7efa915	1	30
carat/tables/qcatalog/dim6/dir.2-2;2-1;1;1/ordnung.96/(1)^4(2)^4(12)^2/group.2352	96	faef844d0068744d0c476733be45f39f	1	30
carat/tables/qcatalog/dim6/dir.2-2;2-1;1;1/ordnung.96/(1)^4(2)^4(12)^2/group.2353	96	bd87c2d2850ba3b16f2c9b3838ffeac3	1	36
carat/tables/qcatalog/dim6/dir.2-2;2-1;1;1/ordnung.96/(1)^4(2)^4(12)^2/group.2354	96	ed35157ee8a51653db9e701abd063da5	1	30
carat/tables/qcatalog/dim6/dir.2-2;2-1;1;1/ordnung.96/(1)^4(2)^4(12)^2/group.2355	96	1899c5c9d3577f2109e3f5ceae4328ab	1	30
carat/tables/qcatalog/dim6/dir.2-2;2-1;1;1/ordnung.96/(1)^4(2)^4(12)^2/group.2356	96	8f0d801074124cd34d28e74b89847225	1	30
carat/tables/qcatalog/dim6/dir.2-2;2-1;1;1/ordnung.96/(1)^4(2)^4(12)^2/group.2357	96	79bdf8dd456304f5677ce3214692e46f	1	36
carat/tables/qcatalog/dim6/dir.2-2;2-1;1;1/ordnung.96/(1)^4(2)^4(12)^2/group.2358	96	d1aa5ce78ea3b7298ac7a305983511b3	1	36
carat/tables/qcatalog/dim6/dir.2-2;2-1;1;1/ordnung.96/(1)^4(2)^4(12)^2/group.2359	96	896f7b3441be956549b18b2d3ecff5e7	1	30
carat/tables/qcatalog/dim6/dir.2-2;2-1;1;1/ordnung.96/(1)^4(2)^4(12)^2/group.2360	96	fcd53f1593e5249f1a014133c7321a51	1	30
carat/tables/qcatalog/dim6/dir.2-2;2-1;1;1/ordnung.96/(1)^4(2)^4(12)^2/group.2361	96	04346fa389d9f8431d171b2266fef17d	1	30
carat/tables/qcatalog/dim6/dir.2-2;2-1;1;1/ordnung.96/(1)^4(2)^4(12)^2/group.2362	96	18ddcaada13dabe5cb410cfad0378177	1	36
carat/tables/qcatalog/dim6/dir.2-2;2-1;1;1/ordnung.96/(1)^4(2)^4(12)^2/group.2363	96	dd765b9a3327d37f761b0f80702b5631	1	30
carat/tables/qcatalog/dim6/dir.2-2;2-1;1;1/ordnung.96/(1)^4(2)^4(12)^2/group.2364	96	763639594f4ed0396702ee03e742a45b	1	36
carat/tables/qcatalog/dim6/dir.2-2;2-1;1;1/ordnung.96/(1)^4(2)^4(12)^2/group.2365	96	850ba5458159eafd2d19e1b2058114cf	1	30
carat/tables/qcatalog/dim6/dir.2-2;2-1;1;1/ordnung.96/(1)^4(2)^4(12)^2/group.2366	96	58634764f7a0d6bfe836f1ddbeb7ee29	1	30
carat/tables/qcatalog/dim6/dir.2-2;2-1;1;1/ordnung.96/(1)^4(2)^4(12)^2/group.2367	96	35646d8ef9876f07b5c80f6ee213eab1	1	30
carat/tables/qcatalog/dim6/dir.2-2;2-1;1;1/ordnung.96/(1)^4(2)^4(12)^2/group.2368	96	2639130b3c482c975fbb35b4eac62471	1	30
carat/tables/qcatalog/dim6/dir.2-2;2-1;1;1/ordnung.96/(1)^4(2)^4(12)^2/group.2369	96	668b1791ab9717839483220c64033edd	1	30
carat/tables/qcatalog/dim6/dir.2-2;2-1;1;1/ordnung.96/(1)^4(2)^4(12)^2/group.2370	96	66880bc2a0f4270bb8f46d9034f0ac95	1	30
carat/tables/qcatalog/dim6/dir.2-2;2-1;1;1/ordnung.96/(1)^2(2)^4(4)^1(12)^1/group.2311	96	b576950a1333e9694d3833131f4adea7	1	60
carat/tables/qcatalog/dim6/dir.2-2;2-1;1;1/ordnung.96/(1)^2(2)^4(4)^1(12)^1/group.2312	96	a0a7a7e914ee3c29f94030b7f3bbc967	1	60
carat/tables/qcatalog/dim6/dir.2-2;2-1;1;1/ordnung.96/(1)^2(2)^4(4)^1(12)^1/group.2313	96	4a3f18500d5267b1a2b626768f767bbf	1	60
carat/tables/qcatalog/dim6/dir.2-2;2-1;1;1/ordnung.96/(1)^2(2)^4(4)^1(12)^1/group.2314	96	c8b11f11dfee63ed6b8f45d7f610473b	1	60
carat/tables/qcatalog/dim6/dir.2-2;2-1;1;1/ordnung.96/(1)^2(2)^4(4)^1(12)^1/group.2315	96	bed0a4cdcf80cd3901791f1d73d7fbe7	1	60
carat/tables/qcatalog/dim6/dir.2-2;2-1;1;1/ordnung.96/(1)^2(2)^4(4)^1(12)^1/group.2316	96	387195818114b0afaaaa18e36d12eff5	1	60
carat/tables/qcatalog/dim6/dir.2-2;2-1;1;1/ordnung.96/(1)^2(2)^4(4)^1(12)^1/group.2317	96	6559f7ce68d11e8305ce6a1b84b73b99	1	60
carat/tables/qcatalog/dim6/dir.2-2;2-1;1;1/ordnung.96/(1)^2(2)^4(8)^1(24)^1/group.2318	96	27864dfd59333b9bf7c799670c55f6d1	1	60
carat/tables/qcatalog/dim6/dir.2-2;2-1;1;1/ordnung.96/(1)^2(2)^4(8)^1(24)^1/group.2319	96	ab81098810f6056965c0418f6e0bc697	1	60
carat/tables/qcatalog/dim6/dir.2-2;2-1;1;1/ordnung.96/(1)^4(2)^1(6)^1(12)^1(36)^1/group.2320	96	c25e4cebdbae373f63d94fc1969286c9	1	48
carat/tables/qcatalog/dim6/dir.2-2;2-1;1;1/ordnung.96/(1)^4(2)^2(12)^2/group.2321	96	7a3e68cd87e95db52da1355d118eb707	1	48
carat/tables/qcatalog/dim6/dir.2-2;2-1;1;1/ordnung.96/(1)^4(2)^2(12)^2/group.2322	96	c76694684b01ff93d0f3b5937e4bbcad	1	48
carat/tables/qcatalog/dim6/dir.2-2;2-1;1;1/ordnung.96/(1)^4(2)^2(12)^2/group.2323	96	339ea3fdc4e112f732a6021c26ad7271	1	48
carat/tables/qcatalog/dim6/dir.2-2;2-1;1;1/ordnung.96/(1)^4(2)^2(12)^2/group.2324	96	d43c226e8f3838999d0f7d700876fb13	1	48
carat/tables/qcatalog/dim6/dir.2-2;2-1;1;1/ordnung.96/(1)^4(2)^2(12)^2/group.2325	96	7bb6c0f5d5086b916113a436c409dedb	1	48
carat/tables/qcatalog/dim6/dir.2-2;2-1;1;1/ordnung.96/(1)^4(2)^2(12)^2/group.2326	96	acaabf43e4071edbab6a3a9d18810d15	1	48
carat/tables/qcatalog/dim6/dir.2-2;2-1;1;1/ordnung.96/(1)^4(2)^2(12)^2/group.2327	96	1fae41a9cf527227c5f3434b8f8f6741	1	48
carat/tables/qcatalog/dim6/dir.2-2;2-1;1;1/ordnung.96/(1)^4(2)^2(12)^2/group.2328	96	8724b7690d43a03d1b61005b29095cff	1	48
carat/tables/qcatalog/dim6/dir.2-2;2-1;1;1/ordnung.96/(1)^4(2)^2(12)^2/group.2329	96	f9632fcb7275ea9dd64ab660aa9f4417	1	48
carat/tables/qcatalog/dim6/dir.2-2;2-1;1;1/ordnung.96/(1)^4(2)^2(12)^2/group.2330	96	f1cb423d091ef2957a36374ef28cf69f	1	48
carat/tables/qcatalog/dim6/dir.2-2;2-1;1;1/ordnung.96/(1)^4(2)^4(12)^2/group.2391	96	c93a6b37ecdbad83e03eaf7232c04d2d	1	30
carat/tables/qcatalog/dim6/dir.2-2;2-1;1;1/ordnung.96/(1)^4(2)^4(12)^2/group.2392	96	b2b52eed22409e5f0e9d74af8eea9879	1	36
carat/tables/qcatalog/dim6/dir.2-2;2-1;1;1/ordnung.96/(1)^4(2)^4(12)^2/group.2393	96	42126225e492d9efa5b52f2c6e203629	1	36
carat/tables/qcatalog/dim6/dir.2-2;2-1;1;1/ordnung.96/(1)^4(2)^4(12)^2/group.2394	96	8e49afcd1cfeae0fe5d16e5d96329a61	1	30
carat/tables/qcatalog/dim6/dir.2-2;2-1;1;1/ordnung.96/(1)^4(2)^4(12)^2/group.2395	96	d2becee798d9c4e1431974ab59e1c2cb	1	30
carat/tables/qcatalog/dim6/dir.2-2;2-1;1;1/ordnung.96/(1)^4(2)^4(12)^2/group.2396	96	7cbc6e6ce6998b23acf74a7a7534635d	1	30
carat/tables/qcatalog/dim6/dir.2-2;2-1;1;1/ordnung.96/(1)^4(2)^4(12)^2/group.2397	96	3e4858183e6bdd73febaf87634e8e7dd	1	30
carat/tables/qcatalog/dim6/dir.2-2;2-1;1;1/ordnung.96/(1)^4(2)^4(12)^2/group.2398	96	058a175118314ee92ec93417a93051d3	1	30
carat/tables/qcatalog/dim6/dir.2-2;2-1;1;1/ordnung.96/(1)^4(2)^4(12)^2/group.2399	96	ec758f31f63a99b3af39a3c72c2eddfd	1	30
carat/tables/qcatalog/dim6/dir.2-2;2-1;1;1/ordnung.96/(1)^4(2)^4(12)^2/group.2400	96	30a70c42b9c5fa3de2448fc69f6b41bf	1	30
carat/tables/qcatalog/dim6/dir.2-2;2-1;1;1/ordnung.96/(1)^4(2)^4(12)^2/group.2401	96	4c4f3fd3330bec91f73b0ee8a924f18b	1	30
carat/tables/qcatalog/dim6/dir.2-2;2-1;1;1/ordnung.96/(1)^4(2)^4(12)^2/group.2402	96	a63bb7204c98e7753a17e51386d9432f	1	36
carat/tables/qcatalog/dim6/dir.2-2;2-1;1;1/ordnung.96/(1)^4(2)^4(12)^2/group.2403	96	9fc14dcc00e92d4d7bd62f84d0b51cc7	1	36
carat/tables/qcatalog/dim6/dir.2-2;2-1;1;1/ordnung.96/(1)^4(2)^4(12)^2/group.2404	96	09cd50c0dfb4efe94ce14904c0fe12bb	1	30
carat/tables/qcatalog/dim6/dir.2-2;2-1;1;1/ordnung.96/(1)^4(2)^4(12)^2/group.2405	96	f39b603991d9abfd332a967d9ca5cc27	1	30
carat/tables/qcatalog/dim6/dir.2-2;2-1;1;1/ordnung.96/(1)^4(2)^4(12)^2/group.2406	96	623e65c95558dba158e32e87a1908443	1	36
carat/tables/qcatalog/dim6/dir.2-2;2-1;1;1/ordnung.96/(1)^4(2)^4(12)^2/group.2407	96	e41d2839d7e981c5abf08206a04a4e87	1	36
carat/tables/qcatalog/dim6/dir.2-2;2-1;1;1/ordnung.96/(1)^4(2)^4(12)^2/group.2408	96	b19a90c7e731702d8b8537faa2ce517f	1	30
carat/tables/qcatalog/dim6/dir.2-2;2-1;1;1/ordnung.96/(1)^4(2)^4(12)^2/group.2409	96	24fbc7ee1e1372832f69b04dc464f54d	1	30
carat/tables/qcatalog/dim6/dir.2-2;2-1;1;1/ordnung.96/(1)^4(2)^4(12)^2/group.2410	96	060fafe85709dae7251e06444f8bf3b1	1	30
carat/tables/qcatalog/dim6/dir.2-2;2-1;2-1/ordnung.48/(1)^2(2)^2(4)^1(12)^1/group.2544	48	3d077aeb7607a1905bf5c869b59a1e82	0	48
carat/tables/qcatalog/dim6/dir.2-2;2-1;2-1/ordnung.48/(1)^2(2)^2(4)^1(12)^1/group.2545	48	27e4675794a0acdc0201e69913ace40e	0	48
carat/tables/qcatalog/dim6/dir.2-2;2-1;2-1/ordnung.48/(1)^2(2)^4(8)^1(24)^1/group.2546	48	b6ee85ebb2ad69bee0f82df4ddd10c48	0	30
carat/tables/qcatalog/dim6/dir.2-2;2-1;2-1/ordnung.48/(1)^2(2)^4(8)^1(24)^1/group.2547	48	92f7d10930b1cc66958087c9b09a1080	0	30
carat/tables/qcatalog/dim6/dir.2-2;2-1;2-1/ordnung.48/(1)^2(2)^4(8)^1(24)^1/group.2548	48	de6f473093d145ea83b449e3f36c19d4	0	30
carat/tables/qcatalog/dim6/dir.2-2;2-1;2-1/ordnung.48/(1)^2(2)^4(8)^1(24)^1/group.2549	48	87210285317f960631e817d858941218	0	30
carat/tables/qcatalog/dim6/dir.2-2;2-1;2-1/ordnung.48/(1)^2(2)^4(8)^1(24)^1/min.389	48	56a06b138660d76e82a1914d8eaf8c40	0	30
carat/tables/qcatalog/dim6/dir.2-2;2-1;2-1/ordnung.48/(1)^2(2)^4(8)^1(24)^1/min.390	48	97f12464f9559ab066d0dd1586c3eaf2	0	30
carat/tables/qcatalog/dim6/dir.2-2;2-1;2-1/ordnung.48/(1)^2(2)^4(8)^1(24)^1/min.391	48	a4cf394beec65878f2486a6da1ccdc7a	0	30
carat/tables/qcatalog/dim6/dir.2-2;2-1;2-1/ordnung.48/(1)^2(4)^3(12)^1/group.2550	48	da06937536bbe2781de18d60d3e18342	0	48
carat/tables/qcatalog/dim6/dir.2-2;2-1;2-1/ordnung.48/(1)^2(4)^7(12)^1/group.2551	48	84ac19ddfe17a526ab1e417c2c9cb490	0	30
carat/tables/qcatalog/dim6/dir.2-2;2-1;2-1/ordnung.48/(1)^2(4)^7(12)^1/group.2552	48	39d7324a78be420e55658de4176a1d60	0	30
carat/tables/qcatalog/dim6/dir.2-2;2-1;2-1/ordnung.48/(1)^2(4)^7(12)^1/group.2553	48	dbee47015257576e8d6e3b5230f0dca0	0	30
carat/tables/qcatalog/dim6/dir.2-2;2-1;2-1/ordnung.48/(1)^2(4)^7(12)^1/group.2554	48	f60460bff6b111d43e16890a022892ae	0	30
carat/tables/qcatalog/dim6/dir.2-2;2-1;2-1/ordnung.48/(1)^2(4)^7(12)^1/min.392	48	d4f942cdcdf7c14c8a59ddb9e1f9feae	0	30
carat/tables/qcatalog/dim6/dir.2-2;2-1;2-1/ordnung.48/(1)^2(4)^7(12)^1/min.393	48	87bf3126eef010d07e4d9d65dced9ac2	0	30
carat/tables/qcatalog/dim6/dir.2-2;2-1;2-1/ordnung.48/(1)^2(4)^7(12)^1/min.394	48	7969fec1bc52f5e4172de2430edffa56	0	30
carat/tables/qcatalog/dim6/dir.2-2;2-1;2-1/ordnung.48/(1)^4(2)^2(12)^2/group.2555	48	1289c4f7cb4582040098f1a008f6ae1a	0	24
carat/tables/qcatalog/dim6/dir.2-2;2-1;2-1/ordnung.48/(1)^4(2)^2(12)^2/group.2556	48	3cf5508de00c04508bf4c3a960266476	0	24
carat/tables/qcatalog/dim6/dir.2-2;2-1;2-1/ordnung.48/(1)^4(2)^2(12)^2/group.2557	48	70ee81cbc00acd24eef2976630f8097a	0	24
carat/tables/qcatalog/dim6/dir.2-2;2-1;1;1/ordnung.96/(1)^4(2)^2(12)^2/group.2331	96	1e9f07ea9bf25e33a0dd50de0dc3c4dd	1	48
carat/tables/qcatalog/dim6/dir.2-2;2-1;1;1/ordnung.96/(1)^4(2)^2(12)^2/group.2332	96	7f2d4134ecd1997124c5321e47bbc8e3	1	48
carat/tables/qcatalog/dim6/dir.2-2;2-1;1;1/ordnung.96/(1)^4(2)^2(6)^2(36)^2/group.2333	96	37c5283ed9fee15d0d532267cc92fe8f	1	30
carat/tables/qcatalog/dim6/dir.2-2;2-1;1;1/ordnung.96/(1)^4(2)^3(6)^1(12)^1(36)^1/group.2334	96	71584f53ac5f85fd7526e6c25b68041f	1	30
carat/tables/qcatalog/dim6/dir.2-2;2-1;1;1/ordnung.96/(1)^4(2)^3(6)^1(12)^1(36)^1/group.2335	96	abb9b0012033977309a1a20ad8bba70d	1	30
carat/tables/qcatalog/dim6/dir.2-2;2-1;1;1/ordnung.96/(1)^4(2)^3(6)^1(12)^1(36)^1/group.2336	96	cf211a48eb985c01f48813c95c90d9eb	1	30
carat/tables/qcatalog/dim6/dir.2-2;2-1;1;1/ordnung.96/(1)^4(2)^3(6)^1(12)^1(36)^1/group.2337	96	5b09ac43db15f19db6989c4ce789ea67	1	30
carat/tables/qcatalog/dim6/dir.2-2;2-1;1;1/ordnung.96/(1)^4(2)^3(6)^1(12)^1(36)^1/group.2338	96	05aac9ea05da4cbf335d2347ddfc5501	1	30
carat/tables/qcatalog/dim6/dir.2-2;2-1;1;1/ordnung.96/(1)^4(2)^3(6)^1(12)^1(36)^1/group.2339	96	e0d43281ae25332f430df1fafb68e8f1	1	30
carat/tables/qcatalog/dim6/dir.2-2;2-1;1;1/ordnung.96/(1)^4(2)^3(6)^1(12)^1(36)^1/group.2340	96	70329898d98ef77527812fec6f531c0f	1	30
carat/tables/qcatalog/dim6/dir.2-2;2-1;1;1/ordnung.96/(1)^4(2)^3(6)^1(12)^1(36)^1/group.2341	96	354e1ffd40e89a8b2b7c36807201c47d	1	30
carat/tables/qcatalog/dim6/dir.2-2;2-1;1;1/ordnung.96/(1)^4(2)^3(6)^1(12)^1(36)^1/group.2342	96	ec56d04034802f79958ddba1684f94f3	1	30
carat/tables/qcatalog/dim6/dir.2-2;2-1;1;1/ordnung.96/(1)^4(2)^3(6)^1(12)^1(36)^1/group.2343	96	0675193bb29c5607e49c077648c65679	1	30
carat/tables/qcatalog/dim6/dir.2-2;2-1;1;1/ordnung.96/(1)^4(2)^3(6)^1(12)^1(36)^1/group.2344	96	cc1c6b22538629795a789db73c3c8bb3	1	30
carat/tables/qcatalog/dim6/dir.2-2;2-1;1;1/ordnung.96/(1)^4(2)^3(6)^1(12)^1(36)^1/group.2345	96	f063f89d11d9f93dd2d131a42c53f5cf	1	36
carat/tables/qcatalog/dim6/dir.2-2;2-1;1;1/ordnung.96/(1)^4(2)^3(6)^1(12)^1(36)^1/group.2346	96	ed09b7cbff2260774b9605a4eb278eb1	1	30
carat/tables/qcatalog/dim6/dir.2-2;2-1;1;1/ordnung.96/(1)^4(2)^3(6)^1(12)^1(36)^1/group.2347	96	8e285560db93ecaf0811e4229c65d229	1	30
carat/tables/qcatalog/dim6/dir.2-2;2-1;1;1/ordnung.96/(1)^4(2)^3(6)^1(12)^1(36)^1/group.2348	96	233ce88ed078aee5568f685b1d27f057	1	30
carat/tables/qcatalog/dim6/dir.2-2;2-1;1;1/ordnung.96/(1)^4(2)^3(6)^1(12)^1(36)^1/group.2349	96	11d55338570df9f7c0c32014dd3de1a1	1	36
carat/tables/qcatalog/dim6/dir.2-2;2-1;1;1/ordnung.96/(1)^4(2)^3(6)^1(24)^1(72)^1/group.2350	96	5bc34c3586b534d5e15f44d9f34b7f07	1	30
carat/tables/qcatalog/dim6/dir.2-2;2-1;2-1/ordnung.48/(1)^4(2)^2(12)^2/group.2558	48	b7078c812fe7b65cbb81a3933a09d802	0	24
carat/tables/qcatalog/dim6/dir.2-2;2-1;2-1/ordnung.48/(1)^4(2)^4(24)^2/group.2559	48	45ecc6018174f34e4c2845721e179b04	0	18
carat/tables/qcatalog/dim6/dir.2-2;2-1;2-1/ordnung.48/(1)^4(2)^4(24)^2/group.2560	48	8f6196d933020d021368d1b68f670d28	0	18
carat/tables/qcatalog/dim6/dir.2-2;2-1;2-1/ordnung.48/(1)^4(2)^4(24)^2/group.2561	48	c2ce6ca4330a052a7d3736785655c680	0	18
carat/tables/qcatalog/dim6/dir.2-2;2-1;2-1/ordnung.48/(1)^4(2)^4(24)^2/group.2562	48	db2adf6ac8d9e9e25dc37874ed368250	0	18
carat/tables/qcatalog/dim6/dir.2-2;2-1;2-1/ordnung.48/(1)^4(2)^4(24)^2/group.2563	48	738906a0601991caf65dbab8bc517eb8	0	18
carat/tables/qcatalog/dim6/dir.2-2;2-1;2-1/ordnung.48/(1)^4(2)^4(24)^2/group.2564	48	c18ce886ced84eeed046f18425896efc	0	18
carat/tables/qcatalog/dim6/dir.2-2;2-1;2-1/ordnung.48/(1)^4(2)^4(24)^2/min.395	48	99f99149d5a8aa9e57fab4143d640dfc	0	18
carat/tables/qcatalog/dim6/dir.2-2;2-1;2-1/ordnung.48/(1)^4(2)^4(24)^2/min.396	48	f4f52e46260eb3627629638bf5983b70	0	18
carat/tables/qcatalog/dim6/dir.2-2;2-1;2-1/ordnung.48/(1)^4(2)^4(24)^2/min.397	48	00133d846b3450b609b5dfb7a0eb0fac	0	18
carat/tables/qcatalog/dim6/dir.2-2;2-1;2-1/ordnung.48/(1)^4(2)^4(24)^2/min.398	48	41bc7a9839cf0288ef4ba2d27fc21e0e	0	18
carat/tables/qcatalog/dim6/dir.2-2;2-1;2-1/ordnung.48/(1)^4(4)^2(12)^2/group.2565	48	70c30871e6e5e76e1fa491889e72ac4c	0	24
carat/tables/qcatalog/dim6/dir.2-2;2-1;2-1/ordnung.48/(1)^4(4)^2(12)^2/group.2566	48	515aeb3aa89163986e4f8600507e3d0e	0	24
carat/tables/qcatalog/dim6/dir.2-2;2-1;2-1/ordnung.48/(1)^4(4)^2(12)^2/group.2567	48	134f34b3b0a3638050823b4b1ec05a26	0	24
carat/tables/qcatalog/dim6/dir.2-2;2-1;2-1/ordnung.48/(1)^4(4)^2(12)^2/group.2568	48	6a2efa29077a6a7c479812770bdcea22	0	24
carat/tables/qcatalog/dim6/dir.2-2;2-1;2-1/ordnung.48/(1)^4(4)^2(12)^2/group.2569	48	343d919ca7b72b22a09982fabd9f9940	0	24
carat/tables/qcatalog/dim6/dir.2-2;2-1;2-1/ordnung.48/(1)^4(4)^6(12)^2/group.2570	48	a9b09dad67a3321a19cf85c943265350	0	18
carat/tables/qcatalog/dim6/dir.2-2;2-1;2-1/ordnung.48/(1)^4(4)^6(12)^2/group.2571	48	057d44ce8937bfda1e39d189be5400d0	0	18
carat/tables/qcatalog/dim6/dir.2-2;2-1;2-1/ordnung.48/(1)^4(4)^6(12)^2/group.2572	48	0450e51f47a8cb9279eb2aafb05c6128	0	18
carat/tables/qcatalog/dim6/dir.2-2;2-1;2-1/ordnung.48/(1)^4(4)^6(12)^2/group.2573	48	89eea9938dba1b42ab06e04f7c83e060	0	18
carat/tables/qcatalog/dim6/dir.2-2;2-1;1;1/ordnung.96/(1)^4(2)^4(24)^2/group.2431	96	86526abe2707610944ef660d88b5d47b	1	36
carat/tables/qcatalog/dim6/dir.2-2;2-1;1;1/ordnung.96/(1)^4(2)^4(24)^2/group.2432	96	dca676fcc1070c05d48ac9ae5395c677	1	36
carat/tables/qcatalog/dim6/dir.2-2;2-1;1;1/ordnung.96/(1)^4(2)^4(24)^2/group.2433	96	b6e86ff69a73046d58c29f372ec8d35f	1	30
carat/tables/qcatalog/dim6/dir.2-2;2-1;1;1/ordnung.96/(1)^4(2)^4(24)^2/group.2434	96	90dcf31ee746e91d741d6dd756063dcf	1	30
carat/tables/qcatalog/dim6/dir.2-2;2-1;1;1/ordnung.96/(1)^4(2)^4(24)^2/group.2435	96	bb984b07294d1e5bdec4a41d67510155	1	30
carat/tables/qcatalog/dim6/dir.2-2;2-1;1;1/ordnung.96/(1)^4(2)^4(24)^2/group.2436	96	28ae2fec8254bc67be959fdc0c8884c1	1	30
carat/tables/qcatalog/dim6/dir.2-2;2-1;1;1/ordnung.96/(1)^4(2)^4(24)^2/group.2437	96	facebc2d9f7365dd4dcf998a8650bb57	1	30
carat/tables/qcatalog/dim6/dir.2-2;2-1;1;1/ordnung.96/(1)^4(2)^4(24)^2/group.2438	96	d50e77077e79af5733334a08e8521a09	1	36
carat/tables/qcatalog/dim6/dir.2-2;2-1;1;1/ordnung.96/(1)^4(2)^4(24)^2/group.2439	96	2165bdc6e2c5a84da191af9c6d411e9f	1	36
carat/tables/qcatalog/dim6/dir.2-2;2-1;1;1/ordnung.96/(1)^4(2)^4(24)^2/group.2440	96	c6b009c9385f43bb4afb0a317f858c65	1	30
carat/tables/qcatalog/dim6/dir.2-2;2-1;1;1/ordnung.96/(1)^4(2)^4(24)^2/group.2441	96	da97d262884c0397b5a62a071aa3cd79	1	30
carat/tables/qcatalog/dim6/dir.2-2;2-1;1;1/ordnung.96/(1)^4(2)^4(24)^2/group.2442	96	64bce6d912473c23f906a3e7be1f8a95	1	30
carat/tables/qcatalog/dim6/dir.2-2;2-1;1;1/ordnung.96/(1)^4(4)^2(12)^2/group.2443	96	6e85eea0f11b3529482971b42be114cb	1	48
carat/tables/qcatalog/dim6/dir.2-2;2-1;2-1/ordnung.192/(1)^2(2)^4(4)^1(12)^1/group.2444	192	3eb5c1a70924e8349cfbb8f082289d56	0	120
carat/tables/qcatalog/dim6/dir.2-2;2-1;2-1/ordnung.192/(1)^2(2)^4(4)^3(12)^1/group.2445	192	9f0f24351f173396649e0a388cc72a68	0	84
carat/tables/qcatalog/dim6/dir.2-2;2-1;2-1/ordnung.192/(1)^2(2)^4(4)^3(12)^1/group.2446	192	2863710f68940d6ecdb6ba2c1de39268	0	84
carat/tables/qcatalog/dim6/dir.2-2;2-1;2-1/ordnung.192/(1)^2(2)^4(4)^3(12)^1/group.2447	192	d0abb9a72dae9300ccbd976565983902	0	84
carat/tables/qcatalog/dim6/dir.2-2;2-1;2-1/ordnung.192/(1)^2(2)^6(4)^1(12)^1/group.2448	192	db2df83293cdcedb40063dc912047de1	0	75
carat/tables/qcatalog/dim6/dir.2-2;2-1;2-1/ordnung.192/(1)^2(2)^6(4)^1(12)^1/group.2449	192	d587467c7c66d4a3989ba3c4ee98dd29	0	75
carat/tables/qcatalog/dim6/dir.2-2;2-1;2-1/ordnung.192/(1)^2(2)^6(4)^1(12)^1/group.2450	192	5c1e0de82a3f23f30f37d0411a35e129	0	75
carat/tables/qcatalog/dim6/dir.2-2;2-1;2-1/ordnung.192/(1)^2(2)^6(4)^1(12)^1/group.2451	192	3f50f6ac56c4dd5f3217ee751d0da785	0	75
carat/tables/qcatalog/dim6/dir.2-2;2-1;2-1/ordnung.192/(1)^2(2)^6(4)^1(12)^1/group.2452	192	0f9eba374af576455464bdfa6ced3d33	0	75
carat/tables/qcatalog/dim6/dir.2-2;2-1;2-1/ordnung.192/(1)^2(2)^6(4)^1(12)^1/group.2453	192	5de1d5cc5f7fa95588cc8a24dd9ed4eb	0	75
carat/tables/qcatalog/dim6/dir.2-2;2-1;2-1/ordnung.192/(1)^4(2)^2(12)^2/group.2454	192	698fec6682f6bc78e81dd6a29daccef6	0	96
carat/tables/qcatalog/dim6/dir.2-2;2-1;2-1/ordnung.192/(1)^4(2)^4(12)^2/group.2455	192	c5a78ddb57bccf9c8d73f9ddf8ba46ca	0	60
carat/tables/qcatalog/dim6/dir.2-2;2-1;2-1/ordnung.192/(1)^4(2)^4(12)^2/group.2456	192	a2e0675f518576e8013496d896a402ee	0	60
carat/tables/qcatalog/dim6/dir.2-2;2-1;2-1/ordnung.192/(1)^4(2)^4(12)^2/group.2457	192	ae846c244f73d46c70226d3e7453722a	0	72
carat/tables/qcatalog/dim6/dir.2-2;2-1;2-1/ordnung.192/(1)^4(2)^4(12)^2/group.2458	192	c01dc10f354d4bd0b8fbc0d703874656	0	60
carat/tables/qcatalog/dim6/dir.2-2;2-1;2-1/ordnung.192/(1)^4(2)^4(12)^2/group.2459	192	38b7d0f28253d2280ad2927cc189b18e	0	60
carat/tables/qcatalog/dim6/dir.2-2;2-1;2-1/ordnung.192/(1)^4(2)^4(12)^2/group.2460	192	9e05be9063052d746e9883d1b5988412	0	60
carat/tables/qcatalog/dim6/dir.2-2;2-1;2-1/ordnung.192/(1)^4(2)^4(12)^2/group.2461	192	2d81b1d1c079d450f7eca00361cde836	0	60
carat/tables/qcatalog/dim6/dir.2-2;2-1;2-1/ordnung.192/(1)^4(2)^4(12)^2/group.2462	192	b1f206f11e700f1618317caaf914822c	0	72
carat/tables/qcatalog/dim6/dir.2-2;2-1;2-1/ordnung.192/(1)^4(2)^4(12)^2/group.2463	192	ec1231318cc084bcc16b8c2f0e09556a	0	60
carat/tables/qcatalog/dim6/dir.2-2;2-1;2-1/ordnung.192/(1)^4(2)^4(12)^2/group.2464	192	14b39d032fa9231868a4be2da94be7ee	0	60
carat/tables/qcatalog/dim6/dir.2-2;2-1;2-1/ordnung.192/(1)^4(2)^4(12)^2/group.2465	192	5da2785a72d1edb0048e1a285e0d6a16	0	60
carat/tables/qcatalog/dim6/dir.2-2;2-1;2-1/ordnung.192/(1)^4(2)^4(24)^2/group.2466	192	63292cade83460a809a02185d477384e	0	60
carat/tables/qcatalog/dim6/dir.2-2;2-1;2-1/ordnung.192/(1)^4(2)^4(24)^2/group.2467	192	4b18727a5707789845df2112a71730ce	0	60
carat/tables/qcatalog/dim6/dir.2-2;2-1;2-1/ordnung.192/(1)^4(2)^4(4)^2(12)^2/group.2468	192	96f3fe1bf847e2cccaa6845c1bad5ca2	0	48
carat/tables/qcatalog/dim6/dir.2-2;2-1;2-1/ordnung.192/(1)^4(2)^4(4)^2(12)^2/group.2469	192	eaf7d3f6120b72d86aa6cfec26faaeee	0	60
carat/tables/qcatalog/dim6/dir.2-2;2-1;2-1/ordnung.192/(1)^4(2)^4(4)^2(12)^2/group.2470	192	165b0574c7a9f876e54516d158fa3d84	0	48
carat/tables/qcatalog/dim6/dir.2-2;2-1;2-1/ordnung.96/(1)^4(2)^2(12)^2/group.2610	96	df5b93e36d47ae9d3f8ab67a38e284cf	0	48
carat/tables/qcatalog/dim6/dir.2-2;2-1;2-1/ordnung.96/(1)^4(2)^2(12)^2/group.2611	96	8bc27f82da6b19f75c5045fbf3c122f9	0	48
carat/tables/qcatalog/dim6/dir.2-2;2-1;2-1/ordnung.96/(1)^4(2)^4(12)^2/group.2612	96	df3d0298b97712df67364cb21973fd11	0	30
carat/tables/qcatalog/dim6/dir.2-2;2-1;2-1/ordnung.96/(1)^4(2)^4(12)^2/group.2613	96	98fc460bfb21970f510de155c4631e91	0	30
carat/tables/qcatalog/dim6/dir.2-2;2-1;2-1/ordnung.96/(1)^4(2)^4(12)^2/group.2614	96	233df87b78e16fabe57aaa3ede91093d	0	30
carat/tables/qcatalog/dim6/dir.2-2;2-1;2-1/ordnung.96/(1)^4(2)^4(12)^2/group.2615	96	6870c0159859c3dbc861812d8932428d	0	30
carat/tables/qcatalog/dim6/dir.2-2;2-1;2-1/ordnung.96/(1)^4(2)^4(12)^2/group.2616	96	80ae40545da40607900ecc786d31fd91	0	36
carat/tables/qcatalog/dim6/dir.2-2;2-1;2-1/ordnung.96/(1)^4(2)^4(12)^2/group.2617	96	b372b5e0d689d3bf409e707f560bdab9	0	36
carat/tables/qcatalog/dim6/dir.2-2;2-1;2-1/ordnung.96/(1)^4(2)^4(12)^2/group.2618	96	195d7b4e2c8612af0e3a1c388632fb59	0	36
carat/tables/qcatalog/dim6/dir.2-2;2-1;2-1/ordnung.96/(1)^4(2)^4(12)^2/group.2619	96	eb8e39615102db0fa4b24ae37b044ea9	0	36
carat/tables/qcatalog/dim6/dir.2-2;2-1;2-1/ordnung.96/(1)^4(2)^4(12)^2/group.2620	96	5a21baa3068d7b5d966e02ca4ac94567	0	30
carat/tables/qcatalog/dim6/dir.2-2;2-1;2-1/ordnung.96/(1)^4(2)^4(12)^2/group.2621	96	0188437bf00b094d71f80e70b6d95cb7	0	30
carat/tables/qcatalog/dim6/dir.2-2;2-1;2-1/ordnung.96/(1)^4(2)^4(12)^2/group.2622	96	6ee9ceda77651505a64cc5e00c74c7bf	0	30
carat/tables/qcatalog/dim6/dir.2-2;2-1;2-1/ordnung.96/(1)^4(2)^4(12)^2/group.2623	96	b81ef9c28e79d9b56fcce9ac8d1ceccf	0	30
carat/tables/qcatalog/dim6/dir.2-2;2-1;2-1/ordnung.96/(1)^4(2)^4(12)^2/group.2624	96	471a9ba6996f7c4544fc08c8b399696f	0	30
carat/tables/qcatalog/dim6/dir.2-2;2-1;2-1/ordnung.96/(1)^4(2)^4(12)^2/group.2625	96	1dffb3ceba24d7ed3ef5af28dcffeaa7	0	30
carat/tables/qcatalog/dim6/dir.2-2;2-1;2-1/ordnung.96/(1)^4(2)^4(12)^2/group.2626	96	731183ec9fccc7b764614a93b0afacb1	0	36
carat/tables/qcatalog/dim6/dir.2-2;2-1;2-1/ordnung.96/(1)^4(2)^4(12)^2/group.2627	96	e3614f27e5cff61d9a024cd7cf4db647	0	36
carat/tables/qcatalog/dim6/dir.2-2;2-1;2-1/ordnung.96/(1)^4(2)^4(12)^2/group.2628	96	16445f41d344537b16b15147bfcf5f2d	0	36
carat/tables/qcatalog/dim6/dir.2-2;2-1;2-1/ordnung.96/(1)^4(2)^4(12)^2/group.2629	96	b4f0e6c96dc3a059aef7a4c143105ebb	0	36
carat/tables/qcatalog/dim6/dir.2-2;2-1;2-1/ordnung.96/(1)^4(2)^4(24)^2/group.2630	96	b0389524cb3dca99a8431865ec63890b	0	36
carat/tables/qcatalog/dim6/dir.2-2;2-1;2-1/ordnung.96/(1)^4(2)^4(24)^2/group.2631	96	3c2265f3d9d75f2162d2471b2812e013	0	36
carat/tables/qcatalog/dim6/dir.2-2;2-1;2-1/ordnung.96/(1)^4(2)^4(24)^2/group.2632	96	ac1a2ccc9d2f11fdbc5f16f249dabedf	0	30
carat/tables/qcatalog/dim6/dir.2-2;2-1;2-1/ordnung.96/(1)^4(2)^4(24)^2/group.2633	96	7953914e35230589d9997fae262cff13	0	30
carat/tables/qcatalog/dim6/dir.2-2;2-1;2-1/ordnung.96/(1)^4(2)^4(24)^2/group.2634	96	2d4f6a9afac4cf1971e09ac234fd4003	0	30
carat/tables/qcatalog/dim6/dir.2-2;2-1;2-1/ordnung.96/(1)^4(2)^4(24)^2/group.2635	96	b283d54258ca389f64f2ba68dbdcdbb9	0	30
carat/tables/qcatalog/dim6/dir.2-2;2-1;2-1/ordnung.96/(1)^4(2)^4(24)^2/group.2636	96	22eeafdf809409c7cf0e21846837c8f1	0	30
carat/tables/qcatalog/dim6/dir.2-2;2-1;2-1/ordnung.96/(1)^4(2)^4(24)^2/group.2637	96	e0f6854636ae47bbdd4967facb5cc9c5	0	30
carat/tables/qcatalog/dim6/dir.2-2;2-1;2-1/ordnung.96/(1)^4(2)^4(24)^2/group.2638	96	6e58515d688a1abbbfb05c5c9559ac55	0	30
carat/tables/qcatalog/dim6/dir.2-2;2-1;2-1/ordnung.96/(1)^4(2)^4(24)^2/group.2639	96	41dcfac2ec4c4691bf5ca27a63b32a63	0	36
carat/tables/qcatalog/dim6/dir.2-2;2-1;2-1/ordnung.96/(1)^4(2)^4(24)^2/group.2640	96	8ee15da8621b5547a7f82b2c5b829ff9	0	36
carat/tables/qcatalog/dim6/dir.2-2;2-1;2-1/ordnung.96/(1)^4(2)^4(24)^2/group.2641	96	23ff1a8ed6657c3d8abee5b02ea92377	0	36
carat/tables/qcatalog/dim6/dir.2-2;2-1;2-1/ordnung.96/(1)^4(2)^4(4)^2(12)^2/group.2642	96	91d5d095e35e270569c3ae54c5833c47	0	24
carat/tables/qcatalog/dim6/dir.2-2;2-1;2-1/ordnung.96/(1)^4(2)^4(4)^2(12)^2/group.2643	96	dfc026ab578fae5bd5e259c441d089a5	0	24
carat/tables/qcatalog/dim6/dir.2-2;2-1;2-1/ordnung.96/(1)^4(2)^4(4)^2(12)^2/group.2644	96	b1ebb9107dd73b6153900021be1adc93	0	30
carat/tables/qcatalog/dim6/dir.2-2;2-1;2-1/ordnung.96/(1)^4(2)^4(4)^2(12)^2/group.2645	96	dfd271c68f8ac7c988a1baf0674eb1cb	0	24
carat/tables/qcatalog/dim6/dir.2-2;2-1;2-1/ordnung.96/(1)^4(2)^4(4)^2(12)^2/group.2646	96	1685145bac4f60fd07ca11888b803407	0	24
carat/tables/qcatalog/dim6/dir.2-2;2-1;2-1/ordnung.96/(1)^4(2)^4(4)^2(12)^2/group.2647	96	30a0d5c4b97c45b1bb0621668f7c4c43	0	30
carat/tables/qcatalog/dim6/dir.2-2;2-1;2-1/ordnung.96/(1)^4(2)^4(4)^2(12)^2/group.2648	96	b7afd5e7d0acbe2d9512127e98f31adf	0	24
carat/tables/qcatalog/dim6/dir.2-2;2-1;2-1/ordnung.96/(1)^4(2)^4(4)^2(12)^2/group.2649	96	8b27cc0e81d19ba53ff57100b4bd8637	0	24
carat/tables/qcatalog/dim6/dir.2-2;2-1;2-1/ordnung.192/(1)^4(2)^4(4)^2(12)^2/group.2491	192	173303b9f0885a3dedb08d99c1e6f163	0	42
carat/tables/qcatalog/dim6/dir.2-2;2-1;2-1/ordnung.192/(1)^4(2)^4(4)^2(12)^2/group.2492	192	f42120557f003874fafa8fe572b72c12	0	42
carat/tables/qcatalog/dim6/dir.2-2;2-1;2-1/ordnung.192/(1)^4(2)^4(4)^2(12)^2/group.2493	192	378baefdb367473cb638da800d2141d2	0	48
carat/tables/qcatalog/dim6/dir.2-2;2-1;2-1/ordnung.192/(1)^4(2)^4(4)^2(12)^2/group.2494	192	a73ec304bf83db19111d3cf7ea068ab7	0	42
carat/tables/qcatalog/dim6/dir.2-2;2-1;2-1/ordnung.192/(1)^4(2)^4(4)^2(12)^2/group.2495	192	154d11d517644ea43741b7664735eeaa	0	48
carat/tables/qcatalog/dim6/dir.2-2;2-1;2-1/ordnung.192/(1)^4(2)^4(4)^2(12)^2/group.2496	192	492aad323b484be2f81320aa8f0e8450	0	42
carat/tables/qcatalog/dim6/dir.2-2;2-1;2-1/ordnung.192/(1)^4(2)^6(12)^2/group.2497	192	63bc2fc5e488ca5fe00b73f4f529a219	0	39
carat/tables/qcatalog/dim6/dir.2-2;2-1;2-1/ordnung.192/(1)^4(2)^6(12)^2/group.2498	192	e4107d446a9a549bcdd60b74253d6475	0	39
carat/tables/qcatalog/dim6/dir.2-2;2-1;2-1/ordnung.192/(1)^4(2)^6(12)^2/group.2499	192	4079a9d3d2e09d5ae83bdc8a06167024	0	39
carat/tables/qcatalog/dim6/dir.2-2;2-1;2-1/ordnung.192/(1)^4(2)^6(12)^2/group.2500	192	19dadbda22fb1d361e38f6980fa3cf18	0	39
carat/tables/qcatalog/dim6/dir.2-2;2-1;2-1/ordnung.192/(1)^4(2)^6(12)^2/group.2501	192	f660585e085b17d9a1cc26c69f77814b	0	39
carat/tables/qcatalog/dim6/dir.2-2;2-1;2-1/ordnung.192/(1)^4(2)^6(12)^2/group.2502	192	3a43ccb8505a1f435076f8ceb29f281d	0	39
carat/tables/qcatalog/dim6/dir.2-2;2-1;2-1/ordnung.192/(1)^4(2)^6(12)^2/group.2503	192	3cc5d33fb85d39fb7370acf1af9a087d	0	39
carat/tables/qcatalog/dim6/dir.2-2;2-1;2-1/ordnung.192/(1)^4(2)^6(12)^2/group.2504	192	bcd4a4b3895f4671220a7271e8a8e13b	0	45
carat/tables/qcatalog/dim6/dir.2-2;2-1;2-1/ordnung.192/(1)^4(2)^6(12)^2/group.2505	192	d64f5d3caa5ee5f3675f3e83bbcf5b3d	0	45
carat/tables/qcatalog/dim6/dir.2-2;2-1;2-1/ordnung.192/(1)^4(2)^6(12)^2/group.2506	192	95037e9874d9945ad6f2abaaa06f82a4	0	39
carat/tables/qcatalog/dim6/dir.2-2;2-1;2-1/ordnung.192/(1)^4(2)^6(12)^2/group.2507	192	17a2e0f2daf91c3e9298cf2758287870	0	39
carat/tables/qcatalog/dim6/dir.2-2;2-1;2-1/ordnung.192/(1)^4(2)^6(12)^2/group.2508	192	580839b5227e0aaa6b1028e134d78bdc	0	39
carat/tables/qcatalog/dim6/dir.2-2;2-1;2-1/ordnung.192/(1)^4(2)^6(12)^2/group.2509	192	e059af2f3f9db8ce8694622521de0128	0	39
carat/tables/qcatalog/dim6/dir.2-2;2-1;2-1/ordnung.192/(1)^4(2)^6(12)^2/group.2510	192	91245c2a2a2e97b72dc6c883c21ddaf1	0	45
carat/tables/qcatalog/dim6/dir.2-2;2-1;2-1/ordnung.192/(1)^4(2)^4(4)^2(12)^2/group.2471	192	5ff8c3ce2eaca112331bc6d1c7e59a30	0	60
carat/tables/qcatalog/dim6/dir.2-2;2-1;2-1/ordnung.192/(1)^4(2)^4(4)^2(12)^2/group.2472	192	89ba84f58d2aabcca2d53fff8b94134a	0	48
carat/tables/qcatalog/dim6/dir.2-2;2-1;2-1/ordnung.192/(1)^4(2)^4(4)^2(12)^2/group.2473	192	1ba0226b02f06f27a127e9b07618cc4d	0	42
carat/tables/qcatalog/dim6/dir.2-2;2-1;2-1/ordnung.192/(1)^4(2)^4(4)^2(12)^2/group.2474	192	8d9656a512bd4c2b31ffac1dc87ea0e9	0	42
carat/tables/qcatalog/dim6/dir.2-2;2-1;2-1/ordnung.192/(1)^4(2)^4(4)^2(12)^2/group.2475	192	c5609a8864f4d5dbbe05f919c0c36a91	0	42
carat/tables/qcatalog/dim6/dir.2-2;2-1;2-1/ordnung.192/(1)^4(2)^4(4)^2(12)^2/group.2476	192	06e55bf1eb59a9c7bd872c05ce6cd8c5	0	42
carat/tables/qcatalog/dim6/dir.2-2;2-1;2-1/ordnung.192/(1)^4(2)^4(4)^2(12)^2/group.2477	192	e7213ffa0054189a60f774f8a9006138	0	42
carat/tables/qcatalog/dim6/dir.2-2;2-1;2-1/ordnung.192/(1)^4(2)^4(4)^2(12)^2/group.2478	192	ffb3b1ff98a67026923954f174eddde4	0	42
carat/tables/qcatalog/dim6/dir.2-2;2-1;2-1/ordnung.192/(1)^4(2)^4(4)^2(12)^2/group.2479	192	37f808b89bc88f0a09504ba0011e4e98	0	42
carat/tables/qcatalog/dim6/dir.2-2;2-1;2-1/ordnung.192/(1)^4(2)^4(4)^2(12)^2/group.2480	192	33ee5d5d8dc86fec96b8a7289c77d29a	0	48
carat/tables/qcatalog/dim6/dir.2-2;2-1;2-1/ordnung.192/(1)^4(2)^4(4)^2(12)^2/group.2481	192	2578fda03448e76ee42d0cf315ee0e8c	0	48
carat/tables/qcatalog/dim6/dir.2-2;2-1;2-1/ordnung.192/(1)^4(2)^4(4)^2(12)^2/group.2482	192	634ad92cff27fb58ec53a6edc641710e	0	48
carat/tables/qcatalog/dim6/dir.2-2;2-1;2-1/ordnung.192/(1)^4(2)^4(4)^2(12)^2/group.2483	192	52ec6842a94f415e6e484ffc1acd7e0c	0	48
carat/tables/qcatalog/dim6/dir.2-2;2-1;2-1/ordnung.192/(1)^4(2)^4(4)^2(12)^2/group.2484	192	3a1346625ca72c7674ec8acad7289f54	0	60
carat/tables/qcatalog/dim6/dir.2-2;2-1;2-1/ordnung.192/(1)^4(2)^4(4)^2(12)^2/group.2485	192	6b9a909eb9a99f20309009ce539338e6	0	42
carat/tables/qcatalog/dim6/dir.2-2;2-1;2-1/ordnung.192/(1)^4(2)^4(4)^2(12)^2/group.2486	192	a3c7945f07e682e87dbd989931d3251e	0	42
carat/tables/qcatalog/dim6/dir.2-2;2-1;2-1/ordnung.192/(1)^4(2)^4(4)^2(12)^2/group.2487	192	853d7488344badeab8d2a45835d3dcc0	0	48
carat/tables/qcatalog/dim6/dir.2-2;2-1;2-1/ordnung.192/(1)^4(2)^4(4)^2(12)^2/group.2488	192	9d4bb628e1bde9b4ac13eacf0169adb2	0	42
carat/tables/qcatalog/dim6/dir.2-2;2-1;2-1/ordnung.192/(1)^4(2)^4(4)^2(12)^2/group.2489	192	53c6dc6ab000d2d85f91db0d1acbba7e	0	42
carat/tables/qcatalog/dim6/dir.2-2;2-1;2-1/ordnung.192/(1)^4(2)^4(4)^2(12)^2/group.2490	192	d5f09453d2435e3841865fe376c0b68e	0	42
carat/tables/qcatalog/dim6/dir.2-2;2-2;1,1/ordnung.144/(1)^5(3)^3(6)^1/group.2710	144	7e4b09017f45b6b7805f5bbed2cf7f7d	1	36
carat/tables/qcatalog/dim6/dir.2-2;2-2;1,1/ordnung.144/(1)^5(3)^3(6)^1/group.2711	144	400892a5ab9cf13f2944829d4d4fed95	1	36
carat/tables/qcatalog/dim6/dir.2-2;2-2;1,1/ordnung.144/(1)^5(3)^3(6)^1/group.2712	144	d78a7366cb4866b7796066433a5720a5	1	36
carat/tables/qcatalog/dim6/dir.2-2;2-2;1,1/ordnung.144/(1)^5(3)^3(6)^1/group.2713	144	bdb2ab34aa65ab2b5c3320a2e86dd7a5	1	48
carat/tables/qcatalog/dim6/dir.2-2;2-2;1,1/ordnung.144/(1)^5(3)^3(6)^1/group.2714	144	02af753cdc42da4dd05e5c492737b21b	1	36
carat/tables/qcatalog/dim6/dir.2-2;2-2;1,1/ordnung.144/(1)^5(3)^3(6)^1/group.2715	144	23b7ba44e5ef1ebd12c87c2e71794b93	1	36
carat/tables/qcatalog/dim6/dir.2-2;2-2;1,1/ordnung.144/(1)^5(3)^3(6)^1/group.2716	144	19d51801fcdb1c9d91efff43e637c2ab	1	36
carat/tables/qcatalog/dim6/dir.2-2;2-2;1,1/ordnung.144/(1)^5(3)^3(6)^1/group.2717	144	62252e68bdc5732ff4bec03d72c5efed	1	36
carat/tables/qcatalog/dim6/dir.2-2;2-2;1,1/ordnung.18/(1)^2(3)^2(18)^1/group.2718	18	00e15df97fdb1b1a8ae370855ad70eec	1	18
carat/tables/qcatalog/dim6/dir.2-2;2-2;1,1/ordnung.18/(1)^2(3)^2(18)^1/group.2719	18	8ed1dc45d375ca7ecc3038306cfa91d0	1	18
carat/tables/qcatalog/dim6/dir.2-2;2-2;1,1/ordnung.18/(1)^2(3)^2(18)^1/group.2720	18	b80a8b67dc6e9fc644e1adb1cc858688	1	18
carat/tables/qcatalog/dim6/dir.2-2;2-2;1,1/ordnung.18/(1)^2(3)^2(18)^1/group.2721	18	4ff79b0ef20f5b1aa5998a251010c9dc	1	18
carat/tables/qcatalog/dim6/dir.2-2;2-2;1,1/ordnung.18/(1)^2(3)^3(9)^1(18)^1/group.2722	18	bfc1e300a51db03d82adc60ba7fb75cb	1	9
carat/tables/qcatalog/dim6/dir.2-2;2-2;1,1/ordnung.18/(1)^2(3)^3(9)^1(18)^1/group.2723	18	08f7b65162509551545a5037a8e7544f	1	9
carat/tables/qcatalog/dim6/dir.2-2;2-2;1,1/ordnung.18/(1)^2(3)^4(9)^2(18)^1/group.2724	18	17ac33c6f8e4aacac4e99622f6f0dd7c	1	6
carat/tables/qcatalog/dim6/dir.2-2;2-2;1,1/ordnung.18/(1)^2(3)^4(9)^2(18)^1/group.2725	18	17e4023d07b00f2e948289b65bb30580	1	6
carat/tables/qcatalog/dim6/dir.2-2;2-2;1,1/ordnung.18/(3)^4(18)^1/group.2726	18	13f849f054f2721a3045a4b3bfabf90c	1	18
carat/tables/qcatalog/dim6/dir.2-2;2-2;1,1/ordnung.18/(3)^6(6)^1/group.2727	18	866c6433041f20ddf0d1c0d0499f7eab	1	9
carat/tables/qcatalog/dim6/dir.2-2;2-2;1,1/ordnung.18/(3)^6(6)^1/group.2728	18	d5aaec6b6350a549b83731e7f3cdaea7	1	9
carat/tables/qcatalog/dim6/dir.2-2;2-2;1,1/ordnung.24/(2)^3(6)^2/group.2729	24	357890522b6693a07836da2d221d7dba	1	24
carat/tables/qcatalog/dim6/dir.2-2;2-1;2-1/ordnung.96/(1)^2(2)^4(4)^3(12)^1/group.2590	96	48f2567b3f0647059ec66e4e4f991873	0	42
carat/tables/qcatalog/dim6/dir.2-2;2-1;2-1/ordnung.96/(1)^2(2)^4(4)^3(12)^1/group.2591	96	d190ca8bf1a10b9530b3b1ca3a416f43	0	42
carat/tables/qcatalog/dim6/dir.2-2;2-1;2-1/ordnung.96/(1)^2(2)^4(4)^3(12)^1/group.2592	96	35e1223f7cf01a85a90476b7492f6b5b	0	42
carat/tables/qcatalog/dim6/dir.2-2;2-1;2-1/ordnung.96/(1)^2(2)^4(4)^3(12)^1/group.2593	96	b082c67cec628ce188dbbe0fd1789d9f	0	42
carat/tables/qcatalog/dim6/dir.2-2;2-1;2-1/ordnung.96/(1)^2(2)^4(4)^3(12)^1/group.2594	96	81c82e63c0589fcd2896c77c476f4a23	0	42
carat/tables/qcatalog/dim6/dir.2-2;2-1;2-1/ordnung.96/(1)^2(2)^4(4)^3(12)^1/group.2595	96	61995a61bd54a64bb6aafa98818ed951	0	42
carat/tables/qcatalog/dim6/dir.2-2;2-1;2-1/ordnung.96/(1)^2(2)^4(4)^3(12)^1/group.2596	96	905b557e978950d7f26226b2c953a8bd	0	42
carat/tables/qcatalog/dim6/dir.2-2;2-1;2-1/ordnung.96/(1)^2(2)^4(4)^3(12)^1/group.2597	96	29d7301924ff3cf7f09292b0eca20505	0	42
carat/tables/qcatalog/dim6/dir.2-2;2-1;2-1/ordnung.96/(1)^2(2)^4(4)^3(12)^1/group.2598	96	e93c9478ae670effba27f692daeab52d	0	42
carat/tables/qcatalog/dim6/dir.2-2;2-1;2-1/ordnung.96/(1)^2(2)^4(4)^3(12)^1/group.2599	96	048d7fb92ec3a3b310a31ed85a6fbdf9	0	42
carat/tables/qcatalog/dim6/dir.2-2;2-1;2-1/ordnung.96/(1)^2(2)^4(4)^3(12)^1/group.2600	96	5bc706cb0925b38380ff095782782491	0	42
carat/tables/qcatalog/dim6/dir.2-2;2-1;2-1/ordnung.96/(1)^2(2)^4(4)^3(12)^1/group.2601	96	3be6005849123e7f047d628bec26b015	0	42
carat/tables/qcatalog/dim6/dir.2-2;2-1;2-1/ordnung.96/(1)^2(2)^4(4)^3(12)^1/group.2602	96	9e36ee891f393ddbabd149c256ad25a1	0	42
carat/tables/qcatalog/dim6/dir.2-2;2-1;2-1/ordnung.96/(1)^2(2)^4(8)^1(24)^1/group.2603	96	2f12e4369ad8ebf1964eca51fab43947	0	60
carat/tables/qcatalog/dim6/dir.2-2;2-1;2-1/ordnung.96/(1)^2(2)^4(8)^1(24)^1/group.2604	96	d69431f68a1f8b977119f306b153644d	0	60
carat/tables/qcatalog/dim6/dir.2-2;2-1;2-1/ordnung.96/(1)^2(4)^7(12)^1/group.2605	96	a6e43c57d77d418fa2b36e3ffd9bdf9d	0	60
carat/tables/qcatalog/dim6/dir.2-2;2-1;2-1/ordnung.96/(1)^2(4)^7(12)^1/group.2606	96	36f866f2b664f86b597ce3061e133b71	0	60
carat/tables/qcatalog/dim6/dir.2-2;2-1;2-1/ordnung.96/(1)^4(2)^2(12)^2/group.2607	96	8fa306ce771a1af96f3de9e2c3f8fceb	0	48
carat/tables/qcatalog/dim6/dir.2-2;2-1;2-1/ordnung.96/(1)^4(2)^2(12)^2/group.2608	96	6547cc7a117dfbc3c07b616f53835b35	0	48
carat/tables/qcatalog/dim6/dir.2-2;2-1;2-1/ordnung.96/(1)^4(2)^2(12)^2/group.2609	96	c4ce5d4ede0016ab44522d0942fd5d5d	0	48
carat/tables/qcatalog/dim6/dir.2-2;2-1;2-1/ordnung.192/(1)^4(2)^6(12)^2/group.2511	192	604d2de373cbd3d3716799167d753ebd	0	45
carat/tables/qcatalog/dim6/dir.2-2;2-1;2-1/ordnung.192/(1)^4(2)^6(12)^2/group.2512	192	c27472b2e926e407edc80536c1353521	0	45
carat/tables/qcatalog/dim6/dir.2-2;2-1;2-1/ordnung.192/(1)^4(2)^6(12)^2/group.2513	192	5a6bfd28251906cf0a22fc5baf005749	0	39
carat/tables/qcatalog/dim6/dir.2-2;2-1;2-1/ordnung.192/(1)^4(2)^6(12)^2/group.2514	192	f73a58350fcc85c164a01be6f11ebafb	0	39
carat/tables/qcatalog/dim6/dir.2-2;2-1;2-1/ordnung.192/(1)^4(2)^6(12)^2/group.2515	192	7963b8395f7c88b157a5d482cc782db3	0	45
carat/tables/qcatalog/dim6/dir.2-2;2-1;2-1/ordnung.192/(1)^4(2)^6(12)^2/group.2516	192	5c795be44e852383b7d285983837f1b5	0	45
carat/tables/qcatalog/dim6/dir.2-2;2-1;2-1/ordnung.192/(1)^4(2)^6(12)^2/group.2517	192	e9ad9f8a1a5cf5eb516ea9435f787535	0	45
carat/tables/qcatalog/dim6/dir.2-2;2-1;2-1/ordnung.192/(1)^4(2)^6(12)^2/group.2518	192	3ab0f3b2e1b3f86fd262547a46100b49	0	39
carat/tables/qcatalog/dim6/dir.2-2;2-1;2-1/ordnung.192/(1)^4(2)^6(12)^2/group.2519	192	3af11c9f1787771d6e4f9b74624b0eaf	0	39
carat/tables/qcatalog/dim6/dir.2-2;2-1;2-1/ordnung.192/(1)^4(2)^6(12)^2/group.2520	192	14f4245f9a69442521fded6356df285f	0	39
carat/tables/qcatalog/dim6/dir.2-2;2-1;2-1/ordnung.192/(1)^4(2)^6(12)^2/group.2521	192	f3edc7c31d61548f6d6fa8e5bfdfc359	0	45
carat/tables/qcatalog/dim6/dir.2-2;2-1;2-1/ordnung.192/(1)^4(2)^6(12)^2/group.2522	192	e50f53825e99fe735ae64f59c36549ad	0	45
carat/tables/qcatalog/dim6/dir.2-2;2-1;2-1/ordnung.192/(1)^4(2)^6(12)^2/group.2523	192	1ec10774d05ad7e768b829eaf9748a51	0	45
carat/tables/qcatalog/dim6/dir.2-2;2-1;2-1/ordnung.192/(1)^4(2)^6(12)^2/group.2524	192	b94e8b8e8d5ae4c92d26d6841816910b	0	45
carat/tables/qcatalog/dim6/dir.2-2;2-1;2-1/ordnung.192/(1)^4(4)^6(12)^2/group.2525	192	f414cf54e2695f288259a2ccca77346e	0	60
carat/tables/qcatalog/dim6/dir.2-2;2-1;2-1/ordnung.192/(1)^4(4)^6(12)^2/group.2526	192	b3eeef4da57c7468ed98989bf5bf9066	0	60
carat/tables/qcatalog/dim6/dir.2-2;2-1;2-1/ordnung.24/(1)^2(4)^3(12)^1/min.382	24	674e8f4f741af5da47315b6fbebac4b8	0	24
carat/tables/qcatalog/dim6/dir.2-2;2-1;2-1/ordnung.24/(1)^2(4)^3(12)^1/min.383	24	57bc0f796e14a40a5e7eace76d0b2688	0	24
carat/tables/qcatalog/dim6/dir.2-2;2-1;2-1/ordnung.24/(1)^2(4)^3(12)^1/min.384	24	ad07e4668a844fe212a5da573fa27f48	0	24
carat/tables/qcatalog/dim6/dir.2-2;2-1;2-1/ordnung.24/(1)^4(4)^2(12)^2/min.385	24	146f70905fc051be351d9803df4ceb48	0	12
carat/tables/qcatalog/dim6/dir.2-2;2-1;2-1/ordnung.96/(1)^4(2)^4(4)^2(12)^2/group.2650	96	b72f345d969e1bbd0363aaceaffd6ca7	0	30
carat/tables/qcatalog/dim6/dir.2-2;2-1;2-1/ordnung.96/(1)^4(2)^4(4)^2(12)^2/group.2651	96	817d0265c2655781e701a0c72a80eddb	0	30
carat/tables/qcatalog/dim6/dir.2-2;2-1;2-1/ordnung.96/(1)^4(2)^4(4)^2(12)^2/group.2652	96	677124d85887a2ad68bd6532ec986247	0	24
carat/tables/qcatalog/dim6/dir.2-2;2-1;2-1/ordnung.96/(1)^4(2)^4(4)^2(12)^2/group.2653	96	224575157a6052d5269477eeba7c0eef	0	24
carat/tables/qcatalog/dim6/dir.2-2;2-1;2-1/ordnung.96/(1)^4(2)^4(4)^2(12)^2/group.2654	96	29336d1f5ba2a24b212a675fe523e98d	0	24
carat/tables/qcatalog/dim6/dir.2-2;2-1;2-1/ordnung.96/(1)^4(2)^4(4)^2(12)^2/group.2655	96	eb0cc8ce4bf8d1f58156dc76755ee967	0	24
carat/tables/qcatalog/dim6/dir.2-2;2-1;2-1/ordnung.96/(1)^4(2)^4(4)^2(12)^2/group.2656	96	bb2e55f18c13868dd5610e1f69095b4f	0	24
carat/tables/qcatalog/dim6/dir.2-2;2-1;2-1/ordnung.96/(1)^4(2)^4(4)^2(12)^2/group.2657	96	374334d5f0d4ef359da674bef39a97af	0	24
carat/tables/qcatalog/dim6/dir.2-2;2-1;2-1/ordnung.96/(1)^4(2)^4(4)^2(12)^2/group.2658	96	5390ec048013f9c9f48d0fa67ebc09fb	0	24
carat/tables/qcatalog/dim6/dir.2-2;2-1;2-1/ordnung.96/(1)^4(2)^4(4)^2(12)^2/group.2659	96	75886bbc94e586a7a94406b2cc36de89	0	24
carat/tables/qcatalog/dim6/dir.2-2;2-1;2-1/ordnung.96/(1)^4(2)^4(4)^2(12)^2/group.2660	96	32c750cd3e3eba95ed82bbf6d95e3db7	0	30
carat/tables/qcatalog/dim6/dir.2-2;2-1;2-1/ordnung.96/(1)^4(2)^4(4)^2(12)^2/group.2661	96	44818064d9c9688dcf916e72f063e81f	0	24
carat/tables/qcatalog/dim6/dir.2-2;2-1;2-1/ordnung.96/(1)^4(2)^4(4)^2(12)^2/group.2662	96	8fc631d7d284e6ebe613c99a44d50b2d	0	24
carat/tables/qcatalog/dim6/dir.2-2;2-1;2-1/ordnung.96/(1)^4(2)^4(4)^2(12)^2/group.2663	96	c470661a347ccb45fca071f292794877	0	24
carat/tables/qcatalog/dim6/dir.2-2;2-1;2-1/ordnung.96/(1)^4(2)^4(4)^2(12)^2/group.2664	96	4b722560b0af7e7bffb0b01234db60f5	0	24
carat/tables/qcatalog/dim6/dir.2-2;2-1;2-1/ordnung.96/(1)^4(2)^4(4)^2(12)^2/group.2665	96	597d96c720513cdf4a30e6edb15976a1	0	24
carat/tables/qcatalog/dim6/dir.2-2;2-1;2-1/ordnung.96/(1)^4(2)^4(4)^2(12)^2/group.2666	96	753e124a8b5c6e7f0bed0166738903d1	0	24
carat/tables/qcatalog/dim6/dir.2-2;2-1;2-1/ordnung.96/(1)^4(2)^4(4)^2(12)^2/group.2667	96	d6f0fdc91186536718462ac42efc1bf9	0	24
carat/tables/qcatalog/dim6/dir.2-2;2-1;2-1/ordnung.96/(1)^4(2)^4(4)^2(12)^2/group.2668	96	51683c07ba0abefff8adcc92b147a9e1	0	24
carat/tables/qcatalog/dim6/dir.2-2;2-1;2-1/ordnung.96/(1)^4(2)^4(4)^2(12)^2/group.2669	96	1235342ce819b05bb05bc2da6eacd9e5	0	24
carat/tables/qcatalog/dim6/dir.2-2;2-2;1,1/ordnung.24/(2)^3(6)^6/group.2730	24	f926aaa6c2c2145c1bb701cb3842a412	1	12
carat/tables/qcatalog/dim6/dir.2-2;2-2;1,1/ordnung.24/(2)^5(6)^4/group.2731	24	2a045f0e5f2668603be85f535e1e2f66	1	12
carat/tables/qcatalog/dim6/dir.2-2;2-2;1,1/ordnung.24/(2)^5(6)^4/group.2732	24	4eff7c54ffdbe620a0f6a614a196f926	1	12
carat/tables/qcatalog/dim6/dir.2-2;2-2;1,1/ordnung.24/(2)^5(6)^4/group.2733	24	57403633782a17a8ad8a6fccd33e7bee	1	12
carat/tables/qcatalog/dim6/dir.2-2;2-2;1,1/ordnung.24/(2)^5(6)^4/group.2734	24	7ccde1be10b2f344b3ef383dc28eaaf2	1	12
carat/tables/qcatalog/dim6/dir.2-2;2-2;1,1/ordnung.288/(1)^5(3)^3(6)^1/group.2735	288	799d038e96a471e6868af77630e56bd0	1	72
carat/tables/qcatalog/dim6/dir.2-2;2-2;1,1/ordnung.36/(1)^2(3)^2(18)^1/group.2736	36	c6a6807d484da6d3d511b284792e7b81	1	36
carat/tables/qcatalog/dim6/dir.2-2;2-2;1,1/ordnung.36/(1)^2(3)^2(18)^1/group.2737	36	3b8c3b0aaa4d4963084bcc60fcab1e01	1	36
carat/tables/qcatalog/dim6/dir.2-2;2-2;1,1/ordnung.36/(1)^2(3)^3(9)^1(18)^1/group.2738	36	6e31d131d1953d23e73ff4425b154cad	1	18
carat/tables/qcatalog/dim6/dir.2-2;2-2;1,1/ordnung.36/(1)^2(3)^4(6)^1/group.2739	36	3c30b8ab317df173982170b98e27eae5	1	18
carat/tables/qcatalog/dim6/dir.2-2;2-2;1,1/ordnung.36/(1)^2(3)^4(6)^1/group.2740	36	d454ae5481d38cc1647b4464199dd78b	1	18
carat/tables/qcatalog/dim6/dir.2-2;2-2;1,1/ordnung.36/(1)^2(3)^4(6)^1/group.2741	36	ed3fa953992bd789fe1be9f04b9e4b0b	1	18
carat/tables/qcatalog/dim6/dir.2-2;2-2;1,1/ordnung.36/(1)^2(3)^4(6)^1/group.2742	36	d6467088d3c98c135d204e444371706d	1	18
carat/tables/qcatalog/dim6/dir.2-2;2-2;1,1/ordnung.36/(1)^2(3)^4(6)^1/group.2743	36	8b26a10c6ccb97f13227fc3992cd2a9b	1	18
carat/tables/qcatalog/dim6/dir.2-2;2-2;1,1/ordnung.36/(1)^2(3)^4(6)^1/group.2744	36	7aff3ac04e4cd9217297f365da154553	1	18
carat/tables/qcatalog/dim6/dir.2-2;2-2;1,1/ordnung.36/(1)^2(3)^4(6)^1/group.2745	36	a582aaa0a15bbb5f17706883f34629c1	1	18
carat/tables/qcatalog/dim6/dir.2-2;2-2;1,1/ordnung.36/(1)^2(3)^4(6)^1/group.2746	36	a823655258387a7f18d5e90bfd55d5e9	1	18
carat/tables/qcatalog/dim6/dir.2-2;2-2;1,1/ordnung.36/(1)^2(3)^4(9)^2(18)^1/group.2747	36	973954de8395321b59a6adec41fc4429	1	12
carat/tables/qcatalog/dim6/dir.2-2;2-2;1,1/ordnung.36/(1)^2(3)^6(18)^1/group.2748	36	45677bbc0f95ceaca722ff772924c8ae	1	9
carat/tables/qcatalog/dim6/dir.2-2;2-2;1,1/ordnung.36/(1)^2(3)^6(18)^1/group.2749	36	236d68cd94ce04ecb9f0ed23b2908cbe	1	9
carat/tables/qcatalog/dim6/dir.2-2;2-1;2-1/ordnung.96/(1)^4(4)^6(12)^2/group.2690	96	7123b52f70b2c475986ce53c2b48b877	0	36
carat/tables/qcatalog/dim6/dir.2-2;2-1;2-1/ordnung.96/(1)^4(4)^6(12)^2/group.2691	96	7ef4748464b5af872aa47a4b19e2fb71	0	30
carat/tables/qcatalog/dim6/dir.2-2;2-1;2-1/ordnung.96/(1)^4(4)^6(12)^2/group.2692	96	8b8bbcad5c802d5f0d15d7dca0da9629	0	30
carat/tables/qcatalog/dim6/dir.2-2;2-1;2-1/ordnung.96/(1)^4(4)^6(12)^2/group.2693	96	ca8e9af890a76b03fe4791b9a4c76a9d	0	30
carat/tables/qcatalog/dim6/dir.2-2;2-1;2-1/ordnung.96/(1)^4(4)^6(12)^2/group.2694	96	d22d93ed9bda26b32274c7361ef75efd	0	30
carat/tables/qcatalog/dim6/dir.2-2;2-1;2-1/ordnung.96/(1)^4(4)^6(12)^2/group.2695	96	d48323d3d35d9c29d525bb5fe73d07bb	0	36
carat/tables/qcatalog/dim6/dir.2-2;2-1;2-1/ordnung.96/(1)^4(4)^6(12)^2/group.2696	96	d8f89db3fed496f56b50274c8db99317	0	36
carat/tables/qcatalog/dim6/dir.2-2;2-1;2-1/ordnung.96/(1)^4(4)^6(12)^2/group.2697	96	086cea398c284b03d74bcd41a0872375	0	30
carat/tables/qcatalog/dim6/dir.2-2;2-1;2-1/ordnung.96/(1)^4(4)^6(12)^2/group.2698	96	bd79c200496e07a5b9a937edb01fe957	0	30
carat/tables/qcatalog/dim6/dir.2-2;2-1;2-1/ordnung.96/(1)^4(4)^6(12)^2/group.2699	96	89259415eb7c7db76dbdccc427f51c09	0	30
carat/tables/qcatalog/dim6/dir.2-2;2-2;1,1/ordnung.12/(2)^2(6)^2(18)^1/group.2700	12	8544a135259ddf59e9931009f475d8cb	1	12
carat/tables/qcatalog/dim6/dir.2-2;2-2;1,1/ordnung.12/(2)^3(6)^2/group.2701	12	8f60dd204ea2f449142a4a9dc060212b	1	12
carat/tables/qcatalog/dim6/dir.2-2;2-2;1,1/ordnung.12/(2)^3(6)^2/group.2702	12	6ba378d310836329cd9cc31c20eca85b	1	12
carat/tables/qcatalog/dim6/dir.2-2;2-2;1,1/ordnung.12/(2)^3(6)^2/group.2703	12	476fcf7e08e09e195b6420b55566d74b	1	12
carat/tables/qcatalog/dim6/dir.2-2;2-2;1,1/ordnung.12/(2)^3(6)^6/group.2704	12	d88a6a17c18ece5bfab2e5d372673929	1	6
carat/tables/qcatalog/dim6/dir.2-2;2-2;1,1/ordnung.12/(2)^3(6)^6/group.2705	12	7e7209e86c86356b239d6aa839169019	1	6
carat/tables/qcatalog/dim6/dir.2-2;2-2;1,1/ordnung.12/(2)^3(6)^6/group.2706	12	4831e3ec204f401fa2fbfdee42472e45	1	6
carat/tables/qcatalog/dim6/dir.2-2;2-2;1,1/ordnung.144/(1)^3(3)^5(6)^1/group.2707	144	b05b2b363ec6c6ad54990f642bb568a3	1	36
carat/tables/qcatalog/dim6/dir.2-2;2-2;1,1/ordnung.144/(1)^4(3)^2(6)^1/group.2708	144	a1d644af09737d599c18e4a8a4eeffaf	1	72
carat/tables/qcatalog/dim6/dir.2-2;2-2;1,1/ordnung.144/(1)^4(3)^4(18)^1/group.2709	144	6e38fb4b4a88efcf77edf84b79039c15	1	36
carat/tables/qcatalog/dim6/dir.2-2;2-2;1,1/ordnung.36/(1)^2(3)^6(18)^1/group.2750	36	ef981759c52d0da6556c5e5b1b277438	1	9
carat/tables/qcatalog/dim6/dir.2-2;2-2;1,1/ordnung.36/(1)^2(3)^6(18)^1/group.2751	36	0352be5f2be6755ae2236eb39c14763c	1	9
carat/tables/qcatalog/dim6/dir.2-2;2-2;1,1/ordnung.36/(1)^3(3)^1(6)^1/group.2752	36	aec4d5562f48d0fb8cac6236c0cfb819	1	36
carat/tables/qcatalog/dim6/dir.2-2;2-2;1,1/ordnung.36/(1)^3(3)^1(6)^1/group.2753	36	211406e32f3a6cbb5427f2074952d459	1	36
carat/tables/qcatalog/dim6/dir.2-2;2-2;1,1/ordnung.36/(1)^3(3)^1(6)^1/group.2754	36	a0e2beca96405403e918078755e94061	1	36
carat/tables/qcatalog/dim6/dir.2-2;2-2;1,1/ordnung.36/(1)^3(3)^3(18)^1/group.2755	36	9932a989b66bb5e548a57b91318cb44f	1	18
carat/tables/qcatalog/dim6/dir.2-2;2-2;1,1/ordnung.36/(1)^3(3)^3(18)^1/group.2756	36	70fce18ccb12682bfc38c964448bda15	1	18
carat/tables/qcatalog/dim6/dir.2-2;2-2;1,1/ordnung.36/(1)^3(3)^3(18)^1/group.2757	36	9cb5dfd0498a0f3589ce910e96cd6cdf	1	18
carat/tables/qcatalog/dim6/dir.2-2;2-2;1,1/ordnung.36/(1)^3(3)^4(9)^1(18)^1/group.2758	36	ba85b0b47155b82c2be05c3dbd35170e	1	9
carat/tables/qcatalog/dim6/dir.2-2;2-2;1,1/ordnung.36/(1)^3(3)^4(9)^1(18)^1/group.2759	36	59cb10a6ab6194c67da77dd33b738c38	1	9
carat/tables/qcatalog/dim6/dir.2-2;2-2;1,1/ordnung.36/(1)^3(3)^4(9)^1(18)^1/group.2760	36	3306d3e60d93e0ec2263ab47ecb6e7a6	1	9
carat/tables/qcatalog/dim6/dir.2-2;2-2;1,1/ordnung.36/(1)^3(3)^4(9)^1(18)^1/group.2761	36	6d1a895b593e52db5353c42a2f169061	1	12
carat/tables/qcatalog/dim6/dir.2-2;2-2;1,1/ordnung.36/(1)^3(3)^4(9)^1(18)^1/group.2762	36	5dba6cb16088bb8f4b5c5beeefc273dd	1	12
carat/tables/qcatalog/dim6/dir.2-2;2-2;1,1/ordnung.36/(1)^3(3)^4(9)^1(18)^1/group.2763	36	a0ea910436e5c7ffaa0cd4a0b78cf22d	1	12
carat/tables/qcatalog/dim6/dir.2-2;2-2;1,1/ordnung.36/(1)^3(3)^5(6)^1/group.2764	36	c67c1b931590a60fac040e826219793d	1	12
carat/tables/qcatalog/dim6/dir.2-2;2-2;1,1/ordnung.36/(1)^3(3)^5(6)^1/group.2765	36	2889a5d4d0dc333fb6eb114b8906a44d	1	12
carat/tables/qcatalog/dim6/dir.2-2;2-2;1,1/ordnung.36/(1)^3(3)^5(6)^1/group.2766	36	6a64dca31d9161cbc7b6ee444b4eec29	1	12
carat/tables/qcatalog/dim6/dir.2-2;2-2;1,1/ordnung.36/(1)^4(3)^2(6)^1/group.2767	36	f947d3a6acccb5ebdfae4236ac560c1d	1	18
carat/tables/qcatalog/dim6/dir.2-2;2-2;1,1/ordnung.36/(1)^4(3)^2(6)^1/group.2768	36	6fa6ea33b1a6ddc5c58fa895606fbd4f	1	18
carat/tables/qcatalog/dim6/dir.2-2;2-2;1,1/ordnung.36/(1)^4(3)^2(6)^1/group.2769	36	cb23bdde52292bf590cb052043d4385f	1	18
carat/tables/qcatalog/dim6/dir.2-2;2-1;2-1/ordnung.48/(1)^4(4)^6(12)^2/group.2574	48	36b6a49b338fa46a6c4c3f9617ca9718	0	18
carat/tables/qcatalog/dim6/dir.2-2;2-1;2-1/ordnung.48/(1)^4(4)^6(12)^2/group.2575	48	926e2e6939dd754498026c04fec946c2	0	18
carat/tables/qcatalog/dim6/dir.2-2;2-1;2-1/ordnung.48/(1)^4(4)^6(12)^2/group.2576	48	946c08489348555dd1f09b5038f18523	0	15
carat/tables/qcatalog/dim6/dir.2-2;2-1;2-1/ordnung.48/(1)^4(4)^6(12)^2/group.2577	48	9ff24aa9e517646b0031de4544244c61	0	15
carat/tables/qcatalog/dim6/dir.2-2;2-1;2-1/ordnung.48/(1)^4(4)^6(12)^2/group.2578	48	41e97bb04a0114ef64df653026063685	0	15
carat/tables/qcatalog/dim6/dir.2-2;2-1;2-1/ordnung.48/(1)^4(4)^6(12)^2/min.399	48	2254795a45f3589ca434fd42fb0ab412	0	18
carat/tables/qcatalog/dim6/dir.2-2;2-1;2-1/ordnung.48/(1)^4(4)^6(12)^2/min.400	48	8e1987d89e107570c59c1fe06e8fa0f6	0	18
carat/tables/qcatalog/dim6/dir.2-2;2-1;2-1/ordnung.48/(1)^4(4)^6(12)^2/min.401	48	2b7573c02ce7d448486a5f4f811ff8ae	0	18
carat/tables/qcatalog/dim6/dir.2-2;2-1;2-1/ordnung.48/(1)^4(4)^6(12)^2/min.402	48	8f694ceb272f3ec8dcd8ccbd1dac39ce	0	18
carat/tables/qcatalog/dim6/dir.2-2;2-1;2-1/ordnung.768/(1)^4(2)^6(12)^2/group.2579	768	c02fd9ce5a5a37275b3d4b827d78ddf9	0	150
carat/tables/qcatalog/dim6/dir.2-2;2-1;2-1/ordnung.96/(1)^2(2)^2(4)^1(12)^1/group.2580	96	fe94b833a7b4daa3ee3de512aa5431f9	0	96
carat/tables/qcatalog/dim6/dir.2-2;2-1;2-1/ordnung.96/(1)^2(2)^4(4)^1(12)^1/group.2581	96	dc12beb57641296b5d41e9215bb74ec1	0	60
carat/tables/qcatalog/dim6/dir.2-2;2-1;2-1/ordnung.96/(1)^2(2)^4(4)^1(12)^1/group.2582	96	e46653de0d7ea729d20e60624ec1bd77	0	60
carat/tables/qcatalog/dim6/dir.2-2;2-1;2-1/ordnung.96/(1)^2(2)^4(4)^1(12)^1/group.2583	96	907fdb6bf83a9d19896a11c249450327	0	60
carat/tables/qcatalog/dim6/dir.2-2;2-1;2-1/ordnung.96/(1)^2(2)^4(4)^1(12)^1/group.2584	96	09d39183bf6ac1c778a718ce641226e5	0	60
carat/tables/qcatalog/dim6/dir.2-2;2-1;2-1/ordnung.96/(1)^2(2)^4(4)^1(12)^1/group.2585	96	1028a808b7b6b095b2b782fe64934edb	0	60
carat/tables/qcatalog/dim6/dir.2-2;2-1;2-1/ordnung.96/(1)^2(2)^4(4)^1(12)^1/group.2586	96	2bc12b0193a7ce75fc20f193a21d3f0b	0	60
carat/tables/qcatalog/dim6/dir.2-2;2-1;2-1/ordnung.96/(1)^2(2)^4(4)^3(12)^1/group.2587	96	db058ab05736f025d781739e72bf8773	0	42
carat/tables/qcatalog/dim6/dir.2-2;2-1;2-1/ordnung.96/(1)^2(2)^4(4)^3(12)^1/group.2588	96	c350c001fdd3321976b8605ac02fc5b7	0	42
carat/tables/qcatalog/dim6/dir.2-2;2-1;2-1/ordnung.96/(1)^2(2)^4(4)^3(12)^1/group.2589	96	cf423de41c87b64bae9b134564f9ee99	0	42
carat/tables/qcatalog/dim6/dir.2-2;2-2;1,1/ordnung.36/(1)^4(3)^4(18)^1/group.2770	36	3824c1f961c356e0049908cfbd79f8e2	1	9
carat/tables/qcatalog/dim6/dir.2-2;2-2;1,1/ordnung.36/(1)^4(3)^4(18)^1/group.2771	36	f54e9350c1c436ecc729d705ef87f20e	1	9
carat/tables/qcatalog/dim6/dir.2-2;2-2;1,1/ordnung.36/(1)^4(3)^4(18)^1/group.2772	36	9ae1bdefad2b452c190df3a804106ade	1	9
carat/tables/qcatalog/dim6/dir.2-2;2-2;1,1/ordnung.36/(3)^6(6)^1/group.2773	36	ead4426c5c623883ae3b5fc812f42615	1	18
carat/tables/qcatalog/dim6/dir.2-2;2-2;1,1/ordnung.48/(2)^5(6)^4/group.2774	48	ef9b3ef4c7403f36bc58399d3a3201c8	1	24
carat/tables/qcatalog/dim6/dir.2-2;2-2;1,1/ordnung.6/(2)^2(6)^2(18)^1/min.403	6	37a22d26fc1a8f9782b92f2d68aef769	1	6
carat/tables/qcatalog/dim6/dir.2-2;2-2;1,1/ordnung.6/(2)^2(6)^2(18)^1/min.404	6	619d399e6708da03feb178f68aac84e5	1	6
carat/tables/qcatalog/dim6/dir.2-2;2-2;1,1/ordnung.72/(1)^2(3)^4(6)^1/group.2775	72	263e51e1bedb0aa13d983cc8a42887f3	1	36
carat/tables/qcatalog/dim6/dir.2-2;2-2;1,1/ordnung.72/(1)^2(3)^4(6)^1/group.2776	72	d8b29ddfd8815f1d0ae55cc27c74c2c7	1	36
carat/tables/qcatalog/dim6/dir.2-2;2-2;1,1/ordnung.72/(1)^2(3)^6(18)^1/group.2777	72	f23dcabe35d96509ce35b6ef66e4fbbb	1	18
carat/tables/qcatalog/dim6/dir.2-2;2-2;1,1/ordnung.72/(1)^3(3)^1(6)^1/group.2778	72	9e1d266442a2df8395b4440a80879559	1	72
carat/tables/qcatalog/dim6/dir.2-2;2-2;1,1/ordnung.72/(1)^3(3)^3(18)^1/group.2779	72	d9cd11e38dc2e99db0111f66a5a11b8f	1	36
carat/tables/qcatalog/dim6/dir.2-2;2-2;1,1/ordnung.72/(1)^3(3)^4(9)^1(18)^1/group.2780	72	391503d51dcd331f34c286e07a64e431	1	18
carat/tables/qcatalog/dim6/dir.2-2;2-2;1,1/ordnung.72/(1)^3(3)^4(9)^1(18)^1/group.2781	72	f0e4b4abb9cab4370f3b9756c047e035	1	24
carat/tables/qcatalog/dim6/dir.2-2;2-2;1,1/ordnung.72/(1)^3(3)^5(6)^1/group.2782	72	bbe79796c3c6a67f7b3232c409acf5a1	1	18
carat/tables/qcatalog/dim6/dir.2-2;2-2;1,1/ordnung.72/(1)^3(3)^5(6)^1/group.2783	72	ac5d891d5748646544b6f989c3bb6457	1	18
carat/tables/qcatalog/dim6/dir.2-2;2-2;1,1/ordnung.72/(1)^3(3)^5(6)^1/group.2784	72	ded1f81f86fc12cbfdc7c7065fc4d4b1	1	24
carat/tables/qcatalog/dim6/dir.2-2;2-2;1,1/ordnung.72/(1)^3(3)^5(6)^1/group.2785	72	cf463d80b25cedfd7727ef7968124717	1	18
carat/tables/qcatalog/dim6/dir.2-2;2-2;1,1/ordnung.72/(1)^3(3)^5(6)^1/group.2786	72	da5bf5b8e3bf70bbc94a32beb5cca3b5	1	18
carat/tables/qcatalog/dim6/dir.2-2;2-2;1,1/ordnung.72/(1)^3(3)^5(6)^1/group.2787	72	47d2c9539e60172b6b57a45f93de6f55	1	18
carat/tables/qcatalog/dim6/dir.2-2;2-1;2-1/ordnung.96/(1)^4(2)^4(4)^2(12)^2/group.2670	96	817e389a2cfde8d74002fc83323305c1	0	24
carat/tables/qcatalog/dim6/dir.2-2;2-1;2-1/ordnung.96/(1)^4(2)^4(4)^2(12)^2/group.2671	96	3b648e586e0b044bfe9bc42ebae0dbfd	0	24
carat/tables/qcatalog/dim6/dir.2-2;2-1;2-1/ordnung.96/(1)^4(2)^4(4)^2(12)^2/group.2672	96	c0acbe102ce3230f1a4a43f2f5fb0b09	0	24
carat/tables/qcatalog/dim6/dir.2-2;2-1;2-1/ordnung.96/(1)^4(2)^4(4)^2(12)^2/group.2673	96	ec7420c47c799df748cb82706436bda1	0	24
carat/tables/qcatalog/dim6/dir.2-2;2-1;2-1/ordnung.96/(1)^4(2)^4(4)^2(12)^2/group.2674	96	b08ab59f5e09f1c54273e533657ee04f	0	24
carat/tables/qcatalog/dim6/dir.2-2;2-1;2-1/ordnung.96/(1)^4(2)^4(4)^2(12)^2/group.2675	96	6a0cc9dd66f4c4c93054f9edcdf14bc3	0	24
carat/tables/qcatalog/dim6/dir.2-2;2-1;2-1/ordnung.96/(1)^4(2)^4(4)^2(12)^2/group.2676	96	3f3dc16af9ad8939aedd6f2abc43a45b	0	30
carat/tables/qcatalog/dim6/dir.2-2;2-1;2-1/ordnung.96/(1)^4(2)^4(4)^2(12)^2/group.2677	96	67cdfd21ab89adefb73e79cffc1668b1	0	30
carat/tables/qcatalog/dim6/dir.2-2;2-1;2-1/ordnung.96/(1)^4(2)^4(4)^2(12)^2/group.2678	96	2506795a629f18c90c03758b0da39ffb	0	30
carat/tables/qcatalog/dim6/dir.2-2;2-1;2-1/ordnung.96/(1)^4(2)^4(4)^2(12)^2/group.2679	96	4a098613487fa3f7b023445f8afae159	0	30
carat/tables/qcatalog/dim6/dir.2-2;2-1;2-1/ordnung.96/(1)^4(2)^4(4)^2(12)^2/group.2680	96	353c5562a2caba07d5dfda07bcdb52c9	0	24
carat/tables/qcatalog/dim6/dir.2-2;2-1;2-1/ordnung.96/(1)^4(2)^4(4)^2(12)^2/group.2681	96	45d4f9a10d3131dd6db348bc2aba0ce7	0	24
carat/tables/qcatalog/dim6/dir.2-2;2-1;2-1/ordnung.96/(1)^4(2)^4(4)^2(12)^2/group.2682	96	c8f23ca9efded70bcedd6948f7b66a8d	0	24
carat/tables/qcatalog/dim6/dir.2-2;2-1;2-1/ordnung.96/(1)^4(2)^4(4)^2(12)^2/group.2683	96	c1c421b4f19f8dafc1ebf4e44f450fe1	0	24
carat/tables/qcatalog/dim6/dir.2-2;2-1;2-1/ordnung.96/(1)^4(2)^4(4)^2(12)^2/group.2684	96	6039900a0e55bd0b9916c2279210a50d	0	30
carat/tables/qcatalog/dim6/dir.2-2;2-1;2-1/ordnung.96/(1)^4(2)^4(4)^2(12)^2/group.2685	96	7a309fb37538019f3a543b82a3647209	0	24
carat/tables/qcatalog/dim6/dir.2-2;2-1;2-1/ordnung.96/(1)^4(2)^4(4)^2(12)^2/group.2686	96	cca0d6798a487421345b4a6faaa17c33	0	24
carat/tables/qcatalog/dim6/dir.2-2;2-1;2-1/ordnung.96/(1)^4(4)^2(12)^2/group.2687	96	ede77d5bd00d1431c89768e4739c6503	0	48
carat/tables/qcatalog/dim6/dir.2-2;2-1;2-1/ordnung.96/(1)^4(4)^6(12)^2/group.2688	96	2650b10e1a107f0d87bf6bee9c6ad9d7	0	36
carat/tables/qcatalog/dim6/dir.2-2;2-1;2-1/ordnung.96/(1)^4(4)^6(12)^2/group.2689	96	6d9ba4637f12b15be91f6bac59b8b345	0	30
carat/tables/qcatalog/dim6/dir.2-2;2-2;1,1/ordnung.72/(1)^5(3)^3(6)^1/group.2808	72	110b0f87f99ea6fddf9564d10c9551f7	1	18
carat/tables/qcatalog/dim6/dir.2-2;2-2;1,1/ordnung.72/(1)^5(3)^3(6)^1/group.2809	72	f70329d6d48cfadb86c61b9845eb0ed5	1	18
carat/tables/qcatalog/dim6/dir.2-2;2-2;1,1/ordnung.72/(1)^5(3)^3(6)^1/group.2810	72	a6d78796c5bccabf0d6028b158d14641	1	18
carat/tables/qcatalog/dim6/dir.2-2;2-2;1,1/ordnung.72/(1)^5(3)^3(6)^1/group.2811	72	1dde83a587c7018783b62f65ed74eff1	1	18
carat/tables/qcatalog/dim6/dir.2-2;2-2;1,1/ordnung.72/(1)^5(3)^3(6)^1/group.2812	72	6c66bbcfcbf99bd3af3ff91d2cd64401	1	24
carat/tables/qcatalog/dim6/dir.2-2;2-2;1,1/ordnung.9/(3)^4(18)^1/min.405	9	9e0b8ab86bd69b586286b14846f72782	1	9
carat/tables/qcatalog/dim6/dir.2-2;2-2;1;1/ordnung.12/(2)^2(6)^4/group.2813	12	28f59a498cbfb8d38e20b2b7e1127ba9	1	12
carat/tables/qcatalog/dim6/dir.2-2;2-2;1;1/ordnung.12/(2)^2(6)^4/group.2814	12	b51b3cc176ab5da371a4ab94d9793039	1	12
carat/tables/qcatalog/dim6/dir.2-2;2-2;1;1/ordnung.12/(2)^2(6)^4/group.2815	12	17deac546c5916f34c88af40cd3ac609	1	12
carat/tables/qcatalog/dim6/dir.2-2;2-2;1;1/ordnung.12/(2)^2(6)^4/group.2816	12	283206e90107c7a322049f7f0c789629	1	12
carat/tables/qcatalog/dim6/dir.2-2;2-2;1;1/ordnung.12/(2)^4(6)^2/group.2817	12	7b892a9506caeb4bfe3c91522043e9f1	1	12
carat/tables/qcatalog/dim6/dir.2-2;2-2;1;1/ordnung.12/(2)^4(6)^2/group.2818	12	946e5ed1969092d3bdfda2c93c2d6d79	1	12
carat/tables/qcatalog/dim6/dir.2-2;2-2;1;1/ordnung.12/(2)^4(6)^4(18)^2/group.2819	12	192643e36cf155e5323a4a61d599dff7	1	6
carat/tables/qcatalog/dim6/dir.2-2;2-2;1;1/ordnung.12/(2)^4(6)^4(18)^2/group.2820	12	5ce7e3338cfebebd0fc3eb1b7054f78f	1	6
carat/tables/qcatalog/dim6/dir.2-2;2-2;1;1/ordnung.12/(2)^4(6)^4(18)^2/min.406	12	53a6f28ed0401451a535f5a4bd268f3b	1	6
carat/tables/qcatalog/dim6/dir.2-2;2-2;1;1/ordnung.12/(2)^4(6)^4(18)^2/min.407	12	5c46c73a1742a8f125f0f79aa043e96b	1	6
carat/tables/qcatalog/dim6/dir.2-2;2-2;1;1/ordnung.12/(6)^6/group.2821	12	e23a6d2f6b3d4493e9eab8027021cd29	1	12
carat/tables/qcatalog/dim6/dir.2-2;2-2;1;1/ordnung.144/(1)^3(3)^3(6)^2/group.2822	144	4cbc6d4765c7d265673a5eb087e38b87	1	72
carat/tables/qcatalog/dim6/dir.2-2;2-2;1;1/ordnung.144/(1)^3(3)^3(6)^2/group.2823	144	ab120b87924b112f1045c72f6260a901	1	72
carat/tables/qcatalog/dim6/dir.2-2;2-2;1;1/ordnung.144/(1)^3(3)^5(6)^1(18)^1/group.2824	144	4e6868bc9164281d673ecabde0e88a67	1	36
carat/tables/qcatalog/dim6/dir.2-2;2-2;1,1/ordnung.72/(1)^3(3)^5(6)^1/group.2788	72	4d0bd421d63b0949d183f4ee2be90cdb	1	18
carat/tables/qcatalog/dim6/dir.2-2;2-2;1,1/ordnung.72/(1)^4(3)^2(6)^1/group.2789	72	fc57795e1e322dfbb7f06d3f0ba29e2d	1	36
carat/tables/qcatalog/dim6/dir.2-2;2-2;1,1/ordnung.72/(1)^4(3)^2(6)^1/group.2790	72	413c7c348d2f42bb8bf67c822d0d0a2d	1	36
carat/tables/qcatalog/dim6/dir.2-2;2-2;1,1/ordnung.72/(1)^4(3)^2(6)^1/group.2791	72	b065e4404e55d3a35bd1881c717cf475	1	36
carat/tables/qcatalog/dim6/dir.2-2;2-2;1,1/ordnung.72/(1)^4(3)^2(6)^1/group.2792	72	11463262bb932c4de523167479cdb9bf	1	36
carat/tables/qcatalog/dim6/dir.2-2;2-2;1,1/ordnung.72/(1)^4(3)^2(6)^1/group.2793	72	e064308d7a15ff23c68625538b545b05	1	36
carat/tables/qcatalog/dim6/dir.2-2;2-2;1,1/ordnung.72/(1)^4(3)^2(6)^1/group.2794	72	83ec001286db3a9f4088e44b002c3969	1	36
carat/tables/qcatalog/dim6/dir.2-2;2-2;1,1/ordnung.72/(1)^4(3)^2(6)^1/group.2795	72	fd7e4c4ae252963721b526c6d5581d31	1	36
carat/tables/qcatalog/dim6/dir.2-2;2-2;1,1/ordnung.72/(1)^4(3)^4(18)^1/group.2796	72	fe0938fd59f006373c27cbf384ef8f79	1	18
carat/tables/qcatalog/dim6/dir.2-2;2-2;1,1/ordnung.72/(1)^4(3)^4(18)^1/group.2797	72	620b510817188d2bd7ddcac856f40e9d	1	18
carat/tables/qcatalog/dim6/dir.2-2;2-2;1,1/ordnung.72/(1)^4(3)^4(18)^1/group.2798	72	5c2bd9d34657847bbd5e0296c5775e7d	1	18
carat/tables/qcatalog/dim6/dir.2-2;2-2;1,1/ordnung.72/(1)^4(3)^4(18)^1/group.2799	72	2fea927e51f5d0afab10f9886065db81	1	18
carat/tables/qcatalog/dim6/dir.2-2;2-2;1,1/ordnung.72/(1)^4(3)^4(18)^1/group.2800	72	1be3bf473fd2e6370963b6ddf999a2b9	1	18
carat/tables/qcatalog/dim6/dir.2-2;2-2;1,1/ordnung.72/(1)^4(3)^4(18)^1/group.2801	72	288238e2b6867bf1731c7b33645d3503	1	18
carat/tables/qcatalog/dim6/dir.2-2;2-2;1,1/ordnung.72/(1)^4(3)^4(18)^1/group.2802	72	86590b4308ef03314b07687df9791073	1	18
carat/tables/qcatalog/dim6/dir.2-2;2-2;1,1/ordnung.72/(1)^5(3)^3(6)^1/group.2803	72	29d8947dc7e8bfc341152c58c9758799	1	24
carat/tables/qcatalog/dim6/dir.2-2;2-2;1,1/ordnung.72/(1)^5(3)^3(6)^1/group.2804	72	08b29d906f1b6fe3286a3bed9d762f19	1	24
carat/tables/qcatalog/dim6/dir.2-2;2-2;1,1/ordnung.72/(1)^5(3)^3(6)^1/group.2805	72	21b8523586f2da63b138b10a09e4b189	1	24
carat/tables/qcatalog/dim6/dir.2-2;2-2;1,1/ordnung.72/(1)^5(3)^3(6)^1/group.2806	72	8a69807d60cef349af47eef4bb979893	1	18
carat/tables/qcatalog/dim6/dir.2-2;2-2;1,1/ordnung.72/(1)^5(3)^3(6)^1/group.2807	72	14fb9dd33cee0d75947d526ee6a73087	1	18
carat/tables/qcatalog/dim6/dir.2-2;2-2;1;1/ordnung.36/(1)^2(3)^4(6)^1(18)^1/group.2960	36	03b4eee738f40339539c07e520e653ef	1	18
carat/tables/qcatalog/dim6/dir.2-2;2-2;1;1/ordnung.36/(1)^2(3)^4(6)^1(18)^1/group.2961	36	b5f22a73fa398e9f2d7932a1798b6ca5	1	18
carat/tables/qcatalog/dim6/dir.2-2;2-2;1;1/ordnung.36/(1)^2(3)^6(18)^2/group.2962	36	61727cb65be8b2a5c5efbe85e8e3f987	1	12
carat/tables/qcatalog/dim6/dir.2-2;2-2;1;1/ordnung.36/(1)^2(3)^6(18)^2/group.2963	36	20950c0a3c68f79e29e9430bddfb2e6c	1	9
carat/tables/qcatalog/dim6/dir.2-2;2-2;1;1/ordnung.36/(1)^2(3)^6(18)^2/group.2964	36	6bfe8ad6bc02dec0f8c19252bfdcb126	1	9
carat/tables/qcatalog/dim6/dir.2-2;2-2;1;1/ordnung.36/(1)^2(3)^6(18)^2/group.2965	36	5391b73b9e52ff483816934cf2b63056	1	9
carat/tables/qcatalog/dim6/dir.2-2;2-2;1;1/ordnung.36/(1)^2(3)^6(18)^2/group.2966	36	70f73092b0665e3a3375cdf289924820	1	9
carat/tables/qcatalog/dim6/dir.2-2;2-2;1;1/ordnung.36/(1)^2(3)^6(18)^2/group.2967	36	2839591d03828085f22b12cfec6ee617	1	12
carat/tables/qcatalog/dim6/dir.2-2;2-2;1;1/ordnung.36/(1)^2(3)^6(18)^2/group.2968	36	6595155bf3fac5693ad384b5c265f4f3	1	12
carat/tables/qcatalog/dim6/dir.2-2;2-2;1;1/ordnung.36/(1)^2(3)^6(18)^2/group.2969	36	83d0bf6e617bfc49e9a155bceaa8fd83	1	12
carat/tables/qcatalog/dim6/dir.2-2;2-2;1;1/ordnung.36/(1)^3(3)^1(6)^1(18)^1/group.2970	36	736f54c91a7a2389f1bcd45b318242a3	1	36
carat/tables/qcatalog/dim6/dir.2-2;2-2;1;1/ordnung.36/(1)^3(3)^1(6)^1(18)^1/group.2971	36	cc9b6c44c2b3f639ce8b1c5112263e53	1	36
carat/tables/qcatalog/dim6/dir.2-2;2-2;1;1/ordnung.36/(1)^3(3)^1(6)^1(18)^1/group.2972	36	c25ba9cbcc5bd7e961a28e9af4781333	1	36
carat/tables/qcatalog/dim6/dir.2-2;2-2;1;1/ordnung.36/(1)^3(3)^3(18)^2/group.2973	36	c61185f56c5cdd0959ad84b724c1f647	1	18
carat/tables/qcatalog/dim6/dir.2-2;2-2;1;1/ordnung.36/(1)^3(3)^3(18)^2/group.2974	36	4da174d6a7f8f847c1fea80f0da1d3c5	1	18
carat/tables/qcatalog/dim6/dir.2-2;2-2;1;1/ordnung.36/(1)^3(3)^3(18)^2/group.2975	36	13ba4c441dfed7d5477921f5b63b5dcb	1	18
carat/tables/qcatalog/dim6/dir.2-2;2-2;1;1/ordnung.36/(1)^3(3)^3(18)^2/group.2976	36	0b2a692bbc9ed1df1f9ea21084dd055d	1	18
carat/tables/qcatalog/dim6/dir.2-2;2-2;1;1/ordnung.36/(1)^3(3)^3(18)^2/group.2977	36	2c744c02b82923054bce100d69fbc3bb	1	18
carat/tables/qcatalog/dim6/dir.2-2;2-2;1;1/ordnung.36/(1)^3(3)^3(18)^2/group.2978	36	a09b63d97fd9dc2140530195e01b94bf	1	18
carat/tables/qcatalog/dim6/dir.2-2;2-2;1;1/ordnung.36/(1)^3(3)^3(18)^2/group.2979	36	29f3b31a8d3c0b0bda2d09b8ed868401	1	18
carat/tables/qcatalog/dim6/dir.2-2;2-2;1;1/ordnung.144/(1)^6(3)^2(6)^2/group.2905	144	520296ff2eda0483aeaec6efaa302ce5	1	36
carat/tables/qcatalog/dim6/dir.2-2;2-2;1;1/ordnung.144/(1)^6(3)^2(6)^2/group.2906	144	99642ffa42838b099b9413ca0d45d313	1	36
carat/tables/qcatalog/dim6/dir.2-2;2-2;1;1/ordnung.144/(1)^6(3)^2(6)^2/group.2907	144	2ab61f0cda1b6885b2dba6140de6086f	1	36
carat/tables/qcatalog/dim6/dir.2-2;2-2;1;1/ordnung.144/(1)^6(3)^2(6)^2/group.2908	144	da51a14da70827270fb64642b8c599f1	1	36
carat/tables/qcatalog/dim6/dir.2-2;2-2;1;1/ordnung.144/(1)^6(3)^2(6)^2/group.2909	144	160e12321e92a0adc7fd1f95e5dc9797	1	36
carat/tables/qcatalog/dim6/dir.2-2;2-2;1;1/ordnung.144/(1)^6(3)^2(6)^2/group.2910	144	d6e6b2abbd0612c514d2562da4bb6337	1	36
carat/tables/qcatalog/dim6/dir.2-2;2-2;1;1/ordnung.18/(1)^2(3)^2(18)^2/min.408	18	e4889c089b55759ca9c71db2a3dc4bd2	1	18
carat/tables/qcatalog/dim6/dir.2-2;2-2;1;1/ordnung.18/(1)^2(3)^2(18)^2/min.409	18	91781984a35c086410db96f55cba591a	1	18
carat/tables/qcatalog/dim6/dir.2-2;2-2;1;1/ordnung.18/(1)^2(3)^3(9)^1(18)^2/min.410	18	a82dce10c218c2eb32b55a116a0e6cfd	1	9
carat/tables/qcatalog/dim6/dir.2-2;2-2;1;1/ordnung.18/(1)^2(3)^3(9)^1(18)^2/min.411	18	d6db51003324071be9862d3282d4f60d	1	9
carat/tables/qcatalog/dim6/dir.2-2;2-2;1;1/ordnung.18/(3)^4(6)^2/group.2911	18	3bc0b0cc37598dfc21598befa636b5d2	1	18
carat/tables/qcatalog/dim6/dir.2-2;2-2;1;1/ordnung.18/(3)^8(18)^2/min.412	18	72da49461081125c453f55ffe5feab72	1	6
carat/tables/qcatalog/dim6/dir.2-2;2-2;1;1/ordnung.24/(2)^2(6)^4/group.2912	24	b5ce16ad6ea0c91ad408d031fb9f12e8	1	24
carat/tables/qcatalog/dim6/dir.2-2;2-2;1;1/ordnung.24/(2)^4(6)^2/group.2913	24	b3912f7ded738a72e05223aad5e5e270	1	24
carat/tables/qcatalog/dim6/dir.2-2;2-2;1;1/ordnung.24/(2)^4(6)^2/group.2914	24	7e896e54716e59d2f814a0676baa42b0	1	24
carat/tables/qcatalog/dim6/dir.2-2;2-2;1;1/ordnung.24/(2)^4(6)^2/group.2915	24	38a1f74846f4ca9ab4962f2970cae7a8	1	24
carat/tables/qcatalog/dim6/dir.2-2;2-2;1;1/ordnung.24/(2)^4(6)^2/group.2916	24	89f03f5b7a6f89a287ddc1cc2c75c7a0	1	24
carat/tables/qcatalog/dim6/dir.2-2;2-2;1;1/ordnung.24/(2)^4(6)^2/group.2917	24	2602b56f4b1b62c26eff6c286035e890	1	24
carat/tables/qcatalog/dim6/dir.2-2;2-2;1;1/ordnung.24/(2)^4(6)^4(18)^2/group.2918	24	3d197d915a3d1cbe71827cdad7988998	1	12
carat/tables/qcatalog/dim6/dir.2-2;2-2;1;1/ordnung.24/(2)^4(6)^4(18)^2/group.2919	24	d1a9eaebc90ecf6ee41eb971476f1770	1	12
carat/tables/qcatalog/dim6/dir.2-2;2-2;1;1/ordnung.36/(1)^3(3)^3(6)^2/group.2980	36	8a1e33f76e9b4197462d6b7dbe15a0d5	1	18
carat/tables/qcatalog/dim6/dir.2-2;2-2;1;1/ordnung.36/(1)^3(3)^3(6)^2/group.2981	36	8e72d8c1d12bd7371a7e5c732e1d5b55	1	18
carat/tables/qcatalog/dim6/dir.2-2;2-2;1;1/ordnung.36/(1)^3(3)^3(6)^2/group.2982	36	c605e72d0ba5c33de61b938f19c5db6b	1	18
carat/tables/qcatalog/dim6/dir.2-2;2-2;1;1/ordnung.36/(1)^3(3)^3(6)^2/group.2983	36	666dd328bf7225d34d23b530d29751c9	1	18
carat/tables/qcatalog/dim6/dir.2-2;2-2;1;1/ordnung.36/(1)^3(3)^3(6)^2/group.2984	36	57eb0b5b612272bbdcd6d8e449054b81	1	18
carat/tables/qcatalog/dim6/dir.2-2;2-2;1;1/ordnung.36/(1)^3(3)^3(6)^2/group.2985	36	03d8bfeda37a6ad95184592cf7a2ac3f	1	18
carat/tables/qcatalog/dim6/dir.2-2;2-2;1;1/ordnung.36/(1)^3(3)^4(9)^1(18)^2/group.2986	36	bb589539d6d5c82011005102b28db436	1	9
carat/tables/qcatalog/dim6/dir.2-2;2-2;1;1/ordnung.36/(1)^3(3)^4(9)^1(18)^2/group.2987	36	9248ae2485f10e226fe37d64745a5340	1	9
carat/tables/qcatalog/dim6/dir.2-2;2-2;1;1/ordnung.36/(1)^3(3)^4(9)^1(18)^2/group.2988	36	4a7c7b60766be99e0e86485b746dcc0c	1	9
carat/tables/qcatalog/dim6/dir.2-2;2-2;1;1/ordnung.36/(1)^3(3)^5(6)^1(18)^1/group.2989	36	72acf612ea355bdee1d6956db98583ac	1	9
carat/tables/qcatalog/dim6/dir.2-2;2-2;1;1/ordnung.36/(1)^3(3)^5(6)^1(18)^1/group.2990	36	8460d1fca79193cc6a9881fb63b03652	1	9
carat/tables/qcatalog/dim6/dir.2-2;2-2;1;1/ordnung.36/(1)^3(3)^5(6)^1(18)^1/group.2991	36	9bfbd8915e64ee7e3c1ab35a83b7e0c4	1	9
carat/tables/qcatalog/dim6/dir.2-2;2-2;1;1/ordnung.36/(1)^4(3)^2(6)^1(18)^1/group.2992	36	f97668f5ea5b64873cc9efdfe9e1c515	1	18
carat/tables/qcatalog/dim6/dir.2-2;2-2;1;1/ordnung.36/(1)^4(3)^2(6)^1(18)^1/group.2993	36	db826f94c92c6bc79c31098788078b9d	1	18
carat/tables/qcatalog/dim6/dir.2-2;2-2;1;1/ordnung.36/(1)^4(3)^2(6)^1(18)^1/group.2994	36	7d4de4a22ac7bc137bf2c4c22e192109	1	18
carat/tables/qcatalog/dim6/dir.2-2;2-2;1;1/ordnung.36/(1)^4(3)^2(6)^1(18)^1/group.2995	36	19d94e41168be4f371c9158dad0e6781	1	18
carat/tables/qcatalog/dim6/dir.2-2;2-2;1;1/ordnung.36/(1)^4(3)^4(18)^2/group.2996	36	5c2c1917a90ed3c1574180465ac3d2db	1	12
carat/tables/qcatalog/dim6/dir.2-2;2-2;1;1/ordnung.36/(1)^4(3)^4(18)^2/group.2997	36	2329fce153cf4f89408e41d967c14a03	1	12
carat/tables/qcatalog/dim6/dir.2-2;2-2;1;1/ordnung.36/(1)^4(3)^4(18)^2/group.2998	36	d024311b416b71be97aa686c4390156c	1	9
carat/tables/qcatalog/dim6/dir.2-2;2-2;1;1/ordnung.36/(1)^4(3)^4(18)^2/group.2999	36	16196c410ed1b87a9f7587440b60a528	1	9
carat/tables/qcatalog/dim6/dir.2-2;2-1;2-1/ordnung.24/(1)^4(4)^2(12)^2/min.386	24	b15badc04dac0292fa01a03d3d773744	0	12
carat/tables/qcatalog/dim6/dir.2-2;2-1;2-1/ordnung.24/(1)^4(4)^2(12)^2/min.387	24	bd0b67308e1fdc928cd77a58057c444c	0	12
carat/tables/qcatalog/dim6/dir.2-2;2-1;2-1/ordnung.24/(1)^4(4)^2(12)^2/min.388	24	cc0f772344bd27222ff4f34e6547c384	0	12
carat/tables/qcatalog/dim6/dir.2-2;2-1;2-1/ordnung.384/(1)^2(2)^6(4)^1(12)^1/group.2527	384	b4a17e03a51bb9134d2b1ae1e79725f5	0	150
carat/tables/qcatalog/dim6/dir.2-2;2-1;2-1/ordnung.384/(1)^4(2)^4(12)^2/group.2528	384	9b3e1ccd4b1ffecdb2a27ef26b31776b	0	120
carat/tables/qcatalog/dim6/dir.2-2;2-1;2-1/ordnung.384/(1)^4(2)^4(4)^2(12)^2/group.2529	384	d4bd41ee1fdd5f75cdf93029e0518a13	0	84
carat/tables/qcatalog/dim6/dir.2-2;2-1;2-1/ordnung.384/(1)^4(2)^4(4)^2(12)^2/group.2530	384	1c21158366b66659d1258d8a10132667	0	84
carat/tables/qcatalog/dim6/dir.2-2;2-1;2-1/ordnung.384/(1)^4(2)^4(4)^2(12)^2/group.2531	384	9c07eb12dffe9aada18828a2f997eafb	0	84
carat/tables/qcatalog/dim6/dir.2-2;2-1;2-1/ordnung.384/(1)^4(2)^6(12)^2/group.2532	384	8bc39c37abf3d0eb7fcd4adb3aa91ad1	0	78
carat/tables/qcatalog/dim6/dir.2-2;2-1;2-1/ordnung.384/(1)^4(2)^6(12)^2/group.2533	384	6a62fe2aa36f490641d3d53a722a2520	0	75
carat/tables/qcatalog/dim6/dir.2-2;2-1;2-1/ordnung.384/(1)^4(2)^6(12)^2/group.2534	384	4144e4ed2e1f96768d6a571a9f6f3d88	0	75
carat/tables/qcatalog/dim6/dir.2-2;2-1;2-1/ordnung.384/(1)^4(2)^6(12)^2/group.2535	384	1e9afb8a51f8fcce9f51a5bacc6f2bd8	0	75
carat/tables/qcatalog/dim6/dir.2-2;2-1;2-1/ordnung.384/(1)^4(2)^6(12)^2/group.2536	384	f3de48be75c576e14c959ce036926777	0	78
carat/tables/qcatalog/dim6/dir.2-2;2-1;2-1/ordnung.384/(1)^4(2)^6(12)^2/group.2537	384	f794f3bd692f8c42915bfd863dd87864	0	75
carat/tables/qcatalog/dim6/dir.2-2;2-1;2-1/ordnung.384/(1)^4(2)^6(12)^2/group.2538	384	84fddb21beaa0926bb0c0116da97b838	0	75
carat/tables/qcatalog/dim6/dir.2-2;2-1;2-1/ordnung.384/(1)^4(2)^6(12)^2/group.2539	384	7225ac99aa458db96cbc5d1a9a57fdbf	0	78
carat/tables/qcatalog/dim6/dir.2-2;2-1;2-1/ordnung.384/(1)^4(2)^6(12)^2/group.2540	384	951461da43734f2de33836e198a05f73	0	90
carat/tables/qcatalog/dim6/dir.2-2;2-1;2-1/ordnung.384/(1)^4(2)^6(12)^2/group.2541	384	c897a92300838117820f49774f4326cd	0	90
carat/tables/qcatalog/dim6/dir.2-2;2-1;2-1/ordnung.384/(1)^4(2)^6(12)^2/group.2542	384	d9b037248760ab4aa7e361362d2b985c	0	75
carat/tables/qcatalog/dim6/dir.2-2;2-1;2-1/ordnung.48/(1)^2(2)^2(4)^1(12)^1/group.2543	48	a8aa4f2e8081adb83044be48d1cb320a	0	48
carat/tables/qcatalog/dim6/dir.2-2;2-2;1;1/ordnung.144/(1)^5(3)^3(6)^1(18)^1/group.2845	144	04343bf3449e6a776e89b2dd682c9759	1	36
carat/tables/qcatalog/dim6/dir.2-2;2-2;1;1/ordnung.144/(1)^5(3)^3(6)^1(18)^1/group.2846	144	30188fec2380d13bb7aa8e0f5205da45	1	36
carat/tables/qcatalog/dim6/dir.2-2;2-2;1;1/ordnung.144/(1)^5(3)^3(6)^1(18)^1/group.2847	144	acd96ac085b0bd85d65e2772a3c9d4a7	1	36
carat/tables/qcatalog/dim6/dir.2-2;2-2;1;1/ordnung.144/(1)^5(3)^3(6)^1(18)^1/group.2848	144	9297f08d1709a4f7045bd402c49254b1	1	36
carat/tables/qcatalog/dim6/dir.2-2;2-2;1;1/ordnung.144/(1)^5(3)^3(6)^1(18)^1/group.2849	144	4a1137db744d9019ff69c40162dfc56b	1	36
carat/tables/qcatalog/dim6/dir.2-2;2-2;1;1/ordnung.144/(1)^5(3)^3(6)^1(18)^1/group.2850	144	65965ff3fcddd96d223fd004a0ad20d7	1	36
carat/tables/qcatalog/dim6/dir.2-2;2-2;1;1/ordnung.144/(1)^5(3)^3(6)^1(18)^1/group.2851	144	c326567b4e57dc53cfc5af7e3d0d05fd	1	36
carat/tables/qcatalog/dim6/dir.2-2;2-2;1;1/ordnung.144/(1)^5(3)^3(6)^1(18)^1/group.2852	144	8250e75cd663c125bd8b61b16cac5c9b	1	48
carat/tables/qcatalog/dim6/dir.2-2;2-2;1;1/ordnung.144/(1)^5(3)^3(6)^1(18)^1/group.2853	144	c58be61101748b77bcf63ea6d6ca02a1	1	36
carat/tables/qcatalog/dim6/dir.2-2;2-2;1;1/ordnung.144/(1)^5(3)^3(6)^1(18)^1/group.2854	144	cb059462c4d58a51814afcd5a0788813	1	36
carat/tables/qcatalog/dim6/dir.2-2;2-2;1;1/ordnung.144/(1)^5(3)^3(6)^1(18)^1/group.2855	144	9616c9fbc01e6d75a84639dc08f10917	1	36
carat/tables/qcatalog/dim6/dir.2-2;2-2;1;1/ordnung.144/(1)^5(3)^3(6)^1(18)^1/group.2856	144	bc98d121bc66a341f1f893092331036b	1	36
carat/tables/qcatalog/dim6/dir.2-2;2-2;1;1/ordnung.144/(1)^5(3)^3(6)^1(18)^1/group.2857	144	563688a22fe699c7011854a76083d671	1	36
carat/tables/qcatalog/dim6/dir.2-2;2-2;1;1/ordnung.144/(1)^5(3)^3(6)^1(18)^1/group.2858	144	712a6cb4e57c06b90c1fd6927aecb383	1	36
carat/tables/qcatalog/dim6/dir.2-2;2-2;1;1/ordnung.144/(1)^5(3)^3(6)^1(18)^1/group.2859	144	cc328455d6120d9988b41a2cbba9b89b	1	36
carat/tables/qcatalog/dim6/dir.2-2;2-2;1;1/ordnung.144/(1)^5(3)^3(6)^1(18)^1/group.2860	144	a69a6053bbc6ed71db973c12385f8c8b	1	36
carat/tables/qcatalog/dim6/dir.2-2;2-2;1;1/ordnung.144/(1)^5(3)^3(6)^1(18)^1/group.2861	144	1a724ca549a941595ef640f9419df3b3	1	36
carat/tables/qcatalog/dim6/dir.2-2;2-2;1;1/ordnung.144/(1)^5(3)^3(6)^1(18)^1/group.2862	144	1fcca997270a8439ffc8575d277e3cab	1	36
carat/tables/qcatalog/dim6/dir.2-2;2-2;1;1/ordnung.144/(1)^5(3)^3(6)^1(18)^1/group.2863	144	619c19a35d5003e1cecda0d624ac157b	1	36
carat/tables/qcatalog/dim6/dir.2-2;2-2;1;1/ordnung.144/(1)^5(3)^3(6)^1(18)^1/group.2864	144	f688c3cfde2f2b67e02c6c81fadf3da1	1	36
carat/tables/qcatalog/dim6/dir.2-2;2-2;1;1/ordnung.144/(1)^4(3)^2(6)^1(18)^1/group.2825	144	1fab4ec06729bc298a3415db40a34a3b	1	72
carat/tables/qcatalog/dim6/dir.2-2;2-2;1;1/ordnung.144/(1)^4(3)^4(18)^2/group.2826	144	2ccc8b54e87755bb87aa77c5cfb3434d	1	36
carat/tables/qcatalog/dim6/dir.2-2;2-2;1;1/ordnung.144/(1)^4(3)^4(18)^2/group.2827	144	fcd8a1dc02d4cf1599d84313e313e947	1	36
carat/tables/qcatalog/dim6/dir.2-2;2-2;1;1/ordnung.144/(1)^4(3)^4(18)^2/group.2828	144	5d145e36308430f9eaf33a9e0d00e133	1	36
carat/tables/qcatalog/dim6/dir.2-2;2-2;1;1/ordnung.144/(1)^4(3)^4(18)^2/group.2829	144	11b54c80614bf25956cdb7382358eddf	1	48
carat/tables/qcatalog/dim6/dir.2-2;2-2;1;1/ordnung.144/(1)^4(6)^2/group.2830	144	0a485eb29781287dad1d50e63cbc884b	1	144
carat/tables/qcatalog/dim6/dir.2-2;2-2;1;1/ordnung.144/(1)^5(3)^1(6)^2/group.2831	144	83d68cbe077c1a99bd856d1b1fbac02b	1	72
carat/tables/qcatalog/dim6/dir.2-2;2-2;1;1/ordnung.144/(1)^5(3)^1(6)^2/group.2832	144	5650682c954c5a75779a2dd0420abec7	1	72
carat/tables/qcatalog/dim6/dir.2-2;2-2;1;1/ordnung.144/(1)^5(3)^1(6)^2/group.2833	144	31fea8b7dbc5d4abdbe8b146d73e2ccd	1	72
carat/tables/qcatalog/dim6/dir.2-2;2-2;1;1/ordnung.144/(1)^5(3)^1(6)^2/group.2834	144	0de1c54be34bdab97123d3420581c373	1	72
carat/tables/qcatalog/dim6/dir.2-2;2-2;1;1/ordnung.144/(1)^5(3)^1(6)^2/group.2835	144	64d40480077627791a61318eb235a0d3	1	72
carat/tables/qcatalog/dim6/dir.2-2;2-2;1;1/ordnung.144/(1)^5(3)^1(6)^2/group.2836	144	fa6646fb8f207c0da9f7d3b31d7cf117	1	72
carat/tables/qcatalog/dim6/dir.2-2;2-2;1;1/ordnung.144/(1)^5(3)^1(6)^2/group.2837	144	e901eecd3a8c393d79ad36beae4dc9e7	1	72
carat/tables/qcatalog/dim6/dir.2-2;2-2;1;1/ordnung.144/(1)^5(3)^1(6)^2/group.2838	144	80688b4d8960848776674e9f1a1997f1	1	72
carat/tables/qcatalog/dim6/dir.2-2;2-2;1;1/ordnung.144/(1)^5(3)^1(6)^2/group.2839	144	1483f89cdc71c43f24d933badbf20061	1	72
carat/tables/qcatalog/dim6/dir.2-2;2-2;1;1/ordnung.144/(1)^5(3)^1(6)^2/group.2840	144	908275d2c07c1eef5e40faa24a439701	1	72
carat/tables/qcatalog/dim6/dir.2-2;2-2;1;1/ordnung.144/(1)^5(3)^1(6)^2/group.2841	144	154a7ff44b29ebb5ba02d9b8ed3e0037	1	72
carat/tables/qcatalog/dim6/dir.2-2;2-2;1;1/ordnung.144/(1)^5(3)^1(6)^2/group.2842	144	5bd097bf5e8cc7f7ffcab7995ea8d6d9	1	72
carat/tables/qcatalog/dim6/dir.2-2;2-2;1;1/ordnung.144/(1)^5(3)^3(6)^1(18)^1/group.2843	144	b3b0271ab3b4121386a057cf2155077d	1	36
carat/tables/qcatalog/dim6/dir.2-2;2-2;1;1/ordnung.144/(1)^5(3)^3(6)^1(18)^1/group.2844	144	7dfc0dc13021d2bba60b1859fef96c95	1	36
carat/tables/qcatalog/dim6/dir.2-2;2-2;1;1/ordnung.144/(1)^6(3)^2(6)^2/group.2885	144	d92f0ca380eb141315390d076973986d	1	36
carat/tables/qcatalog/dim6/dir.2-2;2-2;1;1/ordnung.144/(1)^6(3)^2(6)^2/group.2886	144	cb865e42b892f07ffa62d9994166b4b1	1	36
carat/tables/qcatalog/dim6/dir.2-2;2-2;1;1/ordnung.144/(1)^6(3)^2(6)^2/group.2887	144	ac9288ccd2048759ff4825885eccdb5b	1	36
carat/tables/qcatalog/dim6/dir.2-2;2-2;1;1/ordnung.144/(1)^6(3)^2(6)^2/group.2888	144	46887dff11f77a91b14cbe2e99f8393b	1	36
carat/tables/qcatalog/dim6/dir.2-2;2-2;1;1/ordnung.144/(1)^6(3)^2(6)^2/group.2889	144	25285cb066562d29e1f38f768ea1803b	1	36
carat/tables/qcatalog/dim6/dir.2-2;2-2;1;1/ordnung.144/(1)^6(3)^2(6)^2/group.2890	144	43a22ae31add52892d80e1abe8a16feb	1	36
carat/tables/qcatalog/dim6/dir.2-2;2-2;1;1/ordnung.144/(1)^6(3)^2(6)^2/group.2891	144	e9029a38868f9d89b3931bf6595b790b	1	36
carat/tables/qcatalog/dim6/dir.2-2;2-2;1;1/ordnung.144/(1)^6(3)^2(6)^2/group.2892	144	b516ae6cbdc53a69aa9e1112e468724f	1	48
carat/tables/qcatalog/dim6/dir.2-2;2-2;1;1/ordnung.144/(1)^6(3)^2(6)^2/group.2893	144	45dc2e632e84bb019fd95f3982732a67	1	48
carat/tables/qcatalog/dim6/dir.2-2;2-2;1;1/ordnung.144/(1)^6(3)^2(6)^2/group.2894	144	13827426d2d12c23605ef458e49db385	1	36
carat/tables/qcatalog/dim6/dir.2-2;2-2;1;1/ordnung.144/(1)^6(3)^2(6)^2/group.2895	144	a38c71e48937c9c12d2a2de71809af33	1	36
carat/tables/qcatalog/dim6/dir.2-2;2-2;1;1/ordnung.144/(1)^6(3)^2(6)^2/group.2896	144	7e9087d182d38c9d5a96b1365777677f	1	36
carat/tables/qcatalog/dim6/dir.2-2;2-2;1;1/ordnung.144/(1)^6(3)^2(6)^2/group.2897	144	2866ca9b7db06e573a99db488e01e6a1	1	36
carat/tables/qcatalog/dim6/dir.2-2;2-2;1;1/ordnung.144/(1)^6(3)^2(6)^2/group.2898	144	896af08ff58d59cfd7fc11572f761631	1	36
carat/tables/qcatalog/dim6/dir.2-2;2-2;1;1/ordnung.144/(1)^6(3)^2(6)^2/group.2899	144	6f5235ad79950547918d6ffc57f1cb49	1	36
carat/tables/qcatalog/dim6/dir.2-2;2-2;1;1/ordnung.144/(1)^6(3)^2(6)^2/group.2900	144	dcd5479226c3ed85aca80709f08ec5df	1	36
carat/tables/qcatalog/dim6/dir.2-2;2-2;1;1/ordnung.144/(1)^6(3)^2(6)^2/group.2901	144	6e7d39f06db7a9f13ad4c1f423f7536b	1	36
carat/tables/qcatalog/dim6/dir.2-2;2-2;1;1/ordnung.144/(1)^6(3)^2(6)^2/group.2902	144	ebff0db55aff4ed1fe79d4114092b803	1	36
carat/tables/qcatalog/dim6/dir.2-2;2-2;1;1/ordnung.144/(1)^6(3)^2(6)^2/group.2903	144	66b6f6c48d9c90abd0654c03141c3505	1	36
carat/tables/qcatalog/dim6/dir.2-2;2-2;1;1/ordnung.144/(1)^6(3)^2(6)^2/group.2904	144	049eb9e25917d98b66070cd8de90f7dd	1	36
carat/tables/qcatalog/dim6/dir.2-2;2-2;1;1/ordnung.72/(1)^4(3)^4(18)^2/group.3059	72	b6413046267c7a2386ec410557caf869	1	18
carat/tables/qcatalog/dim6/dir.2-2;2-2;1;1/ordnung.72/(1)^4(3)^4(18)^2/group.3060	72	fcf3e7d6457bbef9f3a8e0e858750e3f	1	18
carat/tables/qcatalog/dim6/dir.2-2;2-2;1;1/ordnung.72/(1)^4(3)^4(18)^2/group.3061	72	9f5df95ff2044425c1f6b2918a0abd03	1	18
carat/tables/qcatalog/dim6/dir.2-2;2-2;1;1/ordnung.72/(1)^4(3)^4(18)^2/group.3062	72	53627e1f36466b4908dda162b5fa0cbf	1	18
carat/tables/qcatalog/dim6/dir.2-2;2-2;1;1/ordnung.72/(1)^4(3)^4(18)^2/group.3063	72	3edecd15cf65ba4deb81636a71952e0f	1	24
carat/tables/qcatalog/dim6/dir.2-2;2-2;1;1/ordnung.72/(1)^4(3)^4(18)^2/group.3064	72	72fa72d61c36fcc39d34553099b2ee29	1	18
carat/tables/qcatalog/dim6/dir.2-2;2-2;1;1/ordnung.72/(1)^4(3)^4(18)^2/group.3065	72	514306bb9e9fd795f64b343e9e41eacb	1	18
carat/tables/qcatalog/dim6/dir.2-2;2-2;1;1/ordnung.72/(1)^4(3)^4(18)^2/group.3066	72	e1ff61cd072ec8b1d66ffa3cb542a62f	1	18
carat/tables/qcatalog/dim6/dir.2-2;2-2;1;1/ordnung.72/(1)^4(3)^4(18)^2/group.3067	72	cb179aa2b536dfcd31ccd85338bed00b	1	18
carat/tables/qcatalog/dim6/dir.2-2;2-2;1;1/ordnung.72/(1)^4(3)^4(18)^2/group.3068	72	63b1e655081b48a94ede209d05d08e7f	1	18
carat/tables/qcatalog/dim6/dir.2-2;2-2;1;1/ordnung.72/(1)^4(3)^4(18)^2/group.3069	72	cd3024cd11a4e4f5f37878e0e967923b	1	18
carat/tables/qcatalog/dim6/dir.2-2;2-2;1;1/ordnung.72/(1)^4(3)^4(18)^2/group.3070	72	176ea9514e05e5b5afe1f2b76a446983	1	18
carat/tables/qcatalog/dim6/dir.2-2;2-2;1;1/ordnung.72/(1)^4(3)^4(18)^2/group.3071	72	974f0cd8f74737a356028d3b086b3de9	1	18
carat/tables/qcatalog/dim6/dir.2-2;2-2;1;1/ordnung.72/(1)^4(3)^4(18)^2/group.3072	72	bca51b1dc81a9049184b81f710b7a2f7	1	18
carat/tables/qcatalog/dim6/dir.2-2;2-2;1;1/ordnung.72/(1)^4(3)^4(18)^2/group.3073	72	bb3fb18cbed3a725a41202e7d6f7522b	1	18
carat/tables/qcatalog/dim6/dir.2-2;2-2;1;1/ordnung.72/(1)^4(3)^4(18)^2/group.3074	72	f457b524dfd9767ff572e5bdb67ac32d	1	18
carat/tables/qcatalog/dim6/dir.2-2;2-2;1;1/ordnung.72/(1)^4(3)^4(18)^2/group.3075	72	b6589ac17cfd33c3e89bb1fe62c8d271	1	18
carat/tables/qcatalog/dim6/dir.2-2;2-2;1;1/ordnung.72/(1)^4(3)^4(18)^2/group.3076	72	a7312489146b77a5df14dd3f942df10b	1	18
carat/tables/qcatalog/dim6/dir.2-2;2-2;1;1/ordnung.72/(1)^4(3)^4(18)^2/group.3077	72	40d90732cd3f2f69a5866fd2b675531b	1	24
carat/tables/qcatalog/dim6/dir.2-2;2-2;1;1/ordnung.72/(1)^4(3)^4(18)^2/group.3078	72	e9ab6dc332a1b4e1254ccce42f06f53b	1	24
carat/tables/qcatalog/dim6/dir.2-2;2-2;1;1/ordnung.144/(1)^5(3)^3(6)^1(18)^1/group.2865	144	977f7d82e22d1d7df1dc7188ef10aebf	1	36
carat/tables/qcatalog/dim6/dir.2-2;2-2;1;1/ordnung.144/(1)^5(3)^3(6)^1(18)^1/group.2866	144	00b9616d460c53a5669977b66b90aaef	1	36
carat/tables/qcatalog/dim6/dir.2-2;2-2;1;1/ordnung.144/(1)^5(3)^3(6)^1(18)^1/group.2867	144	03402340bc0e8acf5ec6d5911f9c9ef9	1	36
carat/tables/qcatalog/dim6/dir.2-2;2-2;1;1/ordnung.144/(1)^5(3)^3(6)^1(18)^1/group.2868	144	dd54f8e393a2bf2db5d10cef697b064f	1	36
carat/tables/qcatalog/dim6/dir.2-2;2-2;1;1/ordnung.144/(1)^5(3)^3(6)^1(18)^1/group.2869	144	cb83d9620ef10afb257820048bf55375	1	36
carat/tables/qcatalog/dim6/dir.2-2;2-2;1;1/ordnung.144/(1)^5(3)^3(6)^1(18)^1/group.2870	144	bd5a79a0b17a63275e856f4cbd328cd9	1	36
carat/tables/qcatalog/dim6/dir.2-2;2-2;1;1/ordnung.144/(1)^6(3)^2(6)^2/group.2871	144	962c947709a7695921eb590eac5550ef	1	48
carat/tables/qcatalog/dim6/dir.2-2;2-2;1;1/ordnung.144/(1)^6(3)^2(6)^2/group.2872	144	f916d811b5ba76c9139f2d2d72f67c9f	1	48
carat/tables/qcatalog/dim6/dir.2-2;2-2;1;1/ordnung.144/(1)^6(3)^2(6)^2/group.2873	144	e47431688bb3d805fcb0952f302c7177	1	36
carat/tables/qcatalog/dim6/dir.2-2;2-2;1;1/ordnung.144/(1)^6(3)^2(6)^2/group.2874	144	d5e30536d5726d2b766bfa88a1c1a3f5	1	36
carat/tables/qcatalog/dim6/dir.2-2;2-2;1;1/ordnung.144/(1)^6(3)^2(6)^2/group.2875	144	adbb5d89fa849bbf1e5bbed1eab763a1	1	36
carat/tables/qcatalog/dim6/dir.2-2;2-2;1;1/ordnung.144/(1)^6(3)^2(6)^2/group.2876	144	667cdd76c654c3bdbff8618783517e17	1	36
carat/tables/qcatalog/dim6/dir.2-2;2-2;1;1/ordnung.144/(1)^6(3)^2(6)^2/group.2877	144	9587c5b609f23d8587de4f232d050b17	1	36
carat/tables/qcatalog/dim6/dir.2-2;2-2;1;1/ordnung.144/(1)^6(3)^2(6)^2/group.2878	144	7d0cb6b2e2e764955e8765f9873879d7	1	36
carat/tables/qcatalog/dim6/dir.2-2;2-2;1;1/ordnung.144/(1)^6(3)^2(6)^2/group.2879	144	31810097ac57ab757d9ce19c619c4a2f	1	36
carat/tables/qcatalog/dim6/dir.2-2;2-2;1;1/ordnung.144/(1)^6(3)^2(6)^2/group.2880	144	c34feb3e43b6150d2c3586239c6375ef	1	36
carat/tables/qcatalog/dim6/dir.2-2;2-2;1;1/ordnung.144/(1)^6(3)^2(6)^2/group.2881	144	8df4a7073520666545fcc05fd40caabf	1	36
carat/tables/qcatalog/dim6/dir.2-2;2-2;1;1/ordnung.144/(1)^6(3)^2(6)^2/group.2882	144	04237348a0a9a5dd90c79a5482ac0653	1	48
carat/tables/qcatalog/dim6/dir.2-2;2-2;1;1/ordnung.144/(1)^6(3)^2(6)^2/group.2883	144	60abb91b0ecc6c1dc897b5d4fc4d8793	1	48
carat/tables/qcatalog/dim6/dir.2-2;2-2;1;1/ordnung.144/(1)^6(3)^2(6)^2/group.2884	144	d81f2d896e8fdfbdae72f14b1982c633	1	48
carat/tables/qcatalog/dim6/dir.2-2;2-2;1;1/ordnung.72/(1)^3(3)^3(6)^2/group.3039	72	b0c8d362e75bd92b8ac4ba04cf521d99	1	36
carat/tables/qcatalog/dim6/dir.2-2;2-2;1;1/ordnung.72/(1)^3(3)^3(6)^2/group.3040	72	ac866dc5c1638ee721574118d027412d	1	36
carat/tables/qcatalog/dim6/dir.2-2;2-2;1;1/ordnung.72/(1)^3(3)^3(6)^2/group.3041	72	85e638fc8b6bf837f3f94677afa430f5	1	36
carat/tables/qcatalog/dim6/dir.2-2;2-2;1;1/ordnung.72/(1)^3(3)^4(9)^1(18)^2/group.3042	72	bbc367c8b6498fe5407b2c77f2830ba3	1	18
carat/tables/qcatalog/dim6/dir.2-2;2-2;1;1/ordnung.72/(1)^3(3)^5(6)^1(18)^1/group.3043	72	97f4b1d7f81d692198ab6af5a640e617	1	18
carat/tables/qcatalog/dim6/dir.2-2;2-2;1;1/ordnung.72/(1)^3(3)^5(6)^1(18)^1/group.3044	72	67a869d3b6f8dfc1f144c0aae63d2477	1	18
carat/tables/qcatalog/dim6/dir.2-2;2-2;1;1/ordnung.72/(1)^3(3)^5(6)^1(18)^1/group.3045	72	b3271df026b17209c60a948c227ce51f	1	18
carat/tables/qcatalog/dim6/dir.2-2;2-2;1;1/ordnung.72/(1)^3(3)^5(6)^1(18)^1/group.3046	72	f17a91fe4e4f5acd636e76c66e298e93	1	18
carat/tables/qcatalog/dim6/dir.2-2;2-2;1;1/ordnung.72/(1)^3(3)^5(6)^1(18)^1/group.3047	72	aa5c1829a91c5ed9668e55181654f9ef	1	18
carat/tables/qcatalog/dim6/dir.2-2;2-2;1;1/ordnung.72/(1)^3(3)^5(6)^1(18)^1/group.3048	72	7c2b80b22021b6297533f9fe3f5b1c7f	1	18
carat/tables/qcatalog/dim6/dir.2-2;2-2;1;1/ordnung.72/(1)^3(3)^5(6)^1(18)^1/group.3049	72	39f5c8fe8a41d7b1ab55d9eec3480947	1	18
carat/tables/qcatalog/dim6/dir.2-2;2-2;1;1/ordnung.72/(1)^4(3)^2(6)^1(18)^1/group.3050	72	d1aab43af3cf5d470f9b740c9a1136d5	1	36
carat/tables/qcatalog/dim6/dir.2-2;2-2;1;1/ordnung.72/(1)^4(3)^2(6)^1(18)^1/group.3051	72	6c0df4659e4bfc2780b0b63ab4ca8bad	1	36
carat/tables/qcatalog/dim6/dir.2-2;2-2;1;1/ordnung.72/(1)^4(3)^2(6)^1(18)^1/group.3052	72	d4df17e8d91531b99d120eae6294cfff	1	36
carat/tables/qcatalog/dim6/dir.2-2;2-2;1;1/ordnung.72/(1)^4(3)^2(6)^1(18)^1/group.3053	72	5aaa7166304a9239f0c1490be9c42177	1	36
carat/tables/qcatalog/dim6/dir.2-2;2-2;1;1/ordnung.72/(1)^4(3)^2(6)^1(18)^1/group.3054	72	73c3a95a9b9f505df10ed29d22b4d7cb	1	36
carat/tables/qcatalog/dim6/dir.2-2;2-2;1;1/ordnung.72/(1)^4(3)^2(6)^1(18)^1/group.3055	72	de00738b4e466ee52437478ec24f5e3b	1	36
carat/tables/qcatalog/dim6/dir.2-2;2-2;1;1/ordnung.72/(1)^4(3)^2(6)^1(18)^1/group.3056	72	cf31fe7a42a29e8f75b6add49d955ca5	1	36
carat/tables/qcatalog/dim6/dir.2-2;2-2;1;1/ordnung.72/(1)^4(3)^2(6)^1(18)^1/group.3057	72	bedd514d5e8779f7b1515964e5bb0825	1	36
carat/tables/qcatalog/dim6/dir.2-2;2-2;1;1/ordnung.72/(1)^4(3)^2(6)^1(18)^1/group.3058	72	72cf74be715650a5c25a09e5d9a49aab	1	36
carat/tables/qcatalog/dim6/dir.2-2;2-2;1;1/ordnung.6/(6)^6/min.413	6	42ae3a70322547f11b7b059a08cfa5b7	1	6
carat/tables/qcatalog/dim6/dir.2-2;2-2;1;1/ordnung.72/(1)^2(3)^2(6)^2/group.3020	72	cfee24a6d77d5bf1da8208364a90bca3	1	72
carat/tables/qcatalog/dim6/dir.2-2;2-2;1;1/ordnung.72/(1)^2(3)^4(6)^1(18)^1/group.3021	72	98b8aec9c76b2a3531ef5e2d302f23c3	1	36
carat/tables/qcatalog/dim6/dir.2-2;2-2;1;1/ordnung.72/(1)^2(3)^4(6)^1(18)^1/group.3022	72	c3666bb4db5b3ae7bc96ae0acc1c9135	1	36
carat/tables/qcatalog/dim6/dir.2-2;2-2;1;1/ordnung.72/(1)^2(3)^6(18)^2/group.3023	72	d934fb0e87cbcfe5847912b9e97c0ee3	1	18
carat/tables/qcatalog/dim6/dir.2-2;2-2;1;1/ordnung.72/(1)^2(3)^6(18)^2/group.3024	72	a70db6cf937ad205aa270bd89e5703bf	1	24
carat/tables/qcatalog/dim6/dir.2-2;2-2;1;1/ordnung.72/(1)^3(3)^1(6)^1(18)^1/group.3025	72	c1bc484f317d78c108d8a56b3725ecb3	1	72
carat/tables/qcatalog/dim6/dir.2-2;2-2;1;1/ordnung.72/(1)^3(3)^3(18)^2/group.3026	72	641a44ecd785753736575df7d8dee81d	1	36
carat/tables/qcatalog/dim6/dir.2-2;2-2;1;1/ordnung.72/(1)^3(3)^3(18)^2/group.3027	72	5b3c0e42a2bc1847c6201c5eaa442745	1	36
carat/tables/qcatalog/dim6/dir.2-2;2-2;1;1/ordnung.72/(1)^3(3)^3(6)^2/group.3028	72	ac0678de0174bedb16d9822f5cc09b01	1	36
carat/tables/qcatalog/dim6/dir.2-2;2-2;1;1/ordnung.72/(1)^3(3)^3(6)^2/group.3029	72	309bc49207146d33115ccda7c7bf2e39	1	36
carat/tables/qcatalog/dim6/dir.2-2;2-2;1;1/ordnung.72/(1)^3(3)^3(6)^2/group.3030	72	ae9f1949c8338da5e28e9932ba665213	1	36
carat/tables/qcatalog/dim6/dir.2-2;2-2;1;1/ordnung.72/(1)^3(3)^3(6)^2/group.3031	72	dad6fd80fca6fc7f4e67e6f5e74a85cd	1	36
carat/tables/qcatalog/dim6/dir.2-2;2-2;1;1/ordnung.72/(1)^3(3)^3(6)^2/group.3032	72	7b2a541defa9e2677dcbbb7b846cfa7d	1	36
carat/tables/qcatalog/dim6/dir.2-2;2-2;1;1/ordnung.72/(1)^3(3)^3(6)^2/group.3033	72	9911d6c53a34d579c61a3adf13a16bcf	1	36
carat/tables/qcatalog/dim6/dir.2-2;2-2;1;1/ordnung.72/(1)^3(3)^3(6)^2/group.3034	72	ab27c972e76380918d25df500aad5997	1	36
carat/tables/qcatalog/dim6/dir.2-2;2-2;1;1/ordnung.72/(1)^3(3)^3(6)^2/group.3035	72	9180002ead072867ffbf0efc9a1204dd	1	36
carat/tables/qcatalog/dim6/dir.2-2;2-2;1;1/ordnung.72/(1)^3(3)^3(6)^2/group.3036	72	95a3cec1692e579fe06d9f5ef19cc96d	1	36
carat/tables/qcatalog/dim6/dir.2-2;2-2;1;1/ordnung.72/(1)^3(3)^3(6)^2/group.3037	72	0d43eafa262563cf9946021741175325	1	36
carat/tables/qcatalog/dim6/dir.2-2;2-2;1;1/ordnung.72/(1)^3(3)^3(6)^2/group.3038	72	e1e16bb14550999366c9c1fc3c874ba9	1	36
carat/tables/qcatalog/dim6/dir.2-2;2-2;1;1/ordnung.288/(1)^6(3)^2(6)^2/group.2940	288	1715a124f39035e8df5f98bd723febbe	1	72
carat/tables/qcatalog/dim6/dir.2-2;2-2;1;1/ordnung.288/(1)^6(3)^2(6)^2/group.2941	288	6d9eb29446f923b08dfce18d8ad9cc9e	1	72
carat/tables/qcatalog/dim6/dir.2-2;2-2;1;1/ordnung.288/(1)^6(3)^2(6)^2/group.2942	288	60a11cb03e288fc61cb477c9858d287c	1	72
carat/tables/qcatalog/dim6/dir.2-2;2-2;1;1/ordnung.288/(1)^6(3)^2(6)^2/group.2943	288	7c3ebbc4b96885b83270210a86a9341e	1	72
carat/tables/qcatalog/dim6/dir.2-2;2-2;1;1/ordnung.288/(1)^6(3)^2(6)^2/group.2944	288	41c85d7196b18d7eba5c2f55c970fbdc	1	72
carat/tables/qcatalog/dim6/dir.2-2;2-2;1;1/ordnung.288/(1)^6(3)^2(6)^2/group.2945	288	6a833d99efb7fa08fa7f2303e5d604a6	1	72
carat/tables/qcatalog/dim6/dir.2-2;2-2;1;1/ordnung.288/(1)^6(3)^2(6)^2/group.2946	288	bf29d7dfb1adc9a8ec7f3e9d6552dbf6	1	72
carat/tables/qcatalog/dim6/dir.2-2;2-2;1;1/ordnung.288/(1)^6(3)^2(6)^2/group.2947	288	37bfc5f58cd8275af06a3e6119230528	1	72
carat/tables/qcatalog/dim6/dir.2-2;2-2;1;1/ordnung.36/(1)^2(3)^2(18)^2/group.2948	36	c27c3171f22ddfc15a7b14ae10ade68b	1	36
carat/tables/qcatalog/dim6/dir.2-2;2-2;1;1/ordnung.36/(1)^2(3)^2(6)^2/group.2949	36	1376ce1373d618b94ca8fa00b7e728b3	1	36
carat/tables/qcatalog/dim6/dir.2-2;2-2;1;1/ordnung.36/(1)^2(3)^2(6)^2/group.2950	36	d3057fdadcab5c610ebb90ff8dfea41b	1	36
carat/tables/qcatalog/dim6/dir.2-2;2-2;1;1/ordnung.36/(1)^2(3)^2(6)^2/group.2951	36	1c0901d0bfa79f199f2689c19afd7633	1	36
carat/tables/qcatalog/dim6/dir.2-2;2-2;1;1/ordnung.36/(1)^2(3)^2(6)^2/group.2952	36	ffc3425ad6d0be91e192d9a956c2dd0b	1	36
carat/tables/qcatalog/dim6/dir.2-2;2-2;1;1/ordnung.36/(1)^2(3)^3(9)^1(18)^2/group.2953	36	84795855a3e1c4f529e726b4c6883763	1	18
carat/tables/qcatalog/dim6/dir.2-2;2-2;1;1/ordnung.36/(1)^2(3)^4(6)^1(18)^1/group.2954	36	824e00fcb0e15e27d40edaea03f1497d	1	18
carat/tables/qcatalog/dim6/dir.2-2;2-2;1;1/ordnung.36/(1)^2(3)^4(6)^1(18)^1/group.2955	36	9099665f9b2ffd83e1dad9e78a9c9ad1	1	18
carat/tables/qcatalog/dim6/dir.2-2;2-2;1;1/ordnung.36/(1)^2(3)^4(6)^1(18)^1/group.2956	36	81d90fec0aa285237de81954b1476e49	1	18
carat/tables/qcatalog/dim6/dir.2-2;2-2;1;1/ordnung.36/(1)^2(3)^4(6)^1(18)^1/group.2957	36	e8dc39a43ea76523f6d12b315ea5a581	1	18
carat/tables/qcatalog/dim6/dir.2-2;2-2;1;1/ordnung.36/(1)^2(3)^4(6)^1(18)^1/group.2958	36	21e9d216e2cac00b07bb4975e8047c79	1	18
carat/tables/qcatalog/dim6/dir.2-2;2-2;1;1/ordnung.36/(1)^2(3)^4(6)^1(18)^1/group.2959	36	43c733fd9f79f9f9d1125376c05ffbb7	1	18
carat/tables/qcatalog/dim6/dir.2-2;2-2;1;1/ordnung.72/(1)^4(3)^4(18)^2/group.3079	72	290f05cd0604c07534adb0eed67efe6f	1	24
carat/tables/qcatalog/dim6/dir.2-2;2-2;1;1/ordnung.72/(1)^4(3)^4(18)^2/group.3080	72	2c818146b52c5d89a5588b9ea7df01d3	1	24
carat/tables/qcatalog/dim6/dir.2-2;2-2;1;1/ordnung.72/(1)^4(3)^4(18)^2/group.3081	72	26d128e6c43376e956b77add650006b3	1	24
carat/tables/qcatalog/dim6/dir.2-2;2-2;1;1/ordnung.72/(1)^4(3)^4(18)^2/group.3082	72	8607312831f1d6b955a87a9e12894983	1	24
carat/tables/qcatalog/dim6/dir.2-2;2-2;1;1/ordnung.72/(1)^4(6)^2/group.3083	72	320f008105483b0180718b8e542ad553	1	72
carat/tables/qcatalog/dim6/dir.2-2;2-2;1;1/ordnung.72/(1)^4(6)^2/group.3084	72	30865bbd94cb56297cce9ec98987224b	1	72
carat/tables/qcatalog/dim6/dir.2-2;2-2;1;1/ordnung.72/(1)^4(6)^2/group.3085	72	a93ae1edff64a9b9b2f3f21eb332bc6b	1	72
carat/tables/qcatalog/dim6/dir.2-2;2-2;1;1/ordnung.72/(1)^4(6)^2/group.3086	72	ba09ed00803a1e698c34209c7967e96b	1	72
carat/tables/qcatalog/dim6/dir.2-2;2-2;1;1/ordnung.72/(1)^4(6)^2/group.3087	72	578d971c16b7a079350b6eaf50a4179b	1	72
carat/tables/qcatalog/dim6/dir.2-2;2-2;1;1/ordnung.72/(1)^5(3)^1(6)^2/group.3088	72	39a1cc805719daf7f45140a64eb8707d	1	36
carat/tables/qcatalog/dim6/dir.2-2;2-2;1;1/ordnung.72/(1)^5(3)^1(6)^2/group.3089	72	669b10266305a1278e8e0dda28199a05	1	36
carat/tables/qcatalog/dim6/dir.2-2;2-2;1;1/ordnung.72/(1)^5(3)^1(6)^2/group.3090	72	80ec76588dbbed3d2f0fafa6152752b3	1	36
carat/tables/qcatalog/dim6/dir.2-2;2-2;1;1/ordnung.72/(1)^5(3)^1(6)^2/group.3091	72	f5b68f67c63e35e797c06e720505014d	1	36
carat/tables/qcatalog/dim6/dir.2-2;2-2;1;1/ordnung.72/(1)^5(3)^1(6)^2/group.3092	72	ee94218448002a3f3258bdc896388a3d	1	36
carat/tables/qcatalog/dim6/dir.2-2;2-2;1;1/ordnung.72/(1)^5(3)^1(6)^2/group.3093	72	3806d19f6d5132bd334f9ce96d71e243	1	36
carat/tables/qcatalog/dim6/dir.2-2;2-2;1;1/ordnung.72/(1)^5(3)^1(6)^2/group.3094	72	f3b367bc17b8073d2e143c325115f123	1	36
carat/tables/qcatalog/dim6/dir.2-2;2-2;1;1/ordnung.72/(1)^5(3)^1(6)^2/group.3095	72	f80d4339b8d43f194720b42b1431873f	1	36
carat/tables/qcatalog/dim6/dir.2-2;2-2;1;1/ordnung.72/(1)^5(3)^1(6)^2/group.3096	72	8c0dc3a2ddcb9c496f02635fa1cf045f	1	36
carat/tables/qcatalog/dim6/dir.2-2;2-2;1;1/ordnung.72/(1)^5(3)^1(6)^2/group.3097	72	a1dd01f6e843075fb9e42797506a4195	1	36
carat/tables/qcatalog/dim6/dir.2-2;2-2;1;1/ordnung.72/(1)^5(3)^1(6)^2/group.3098	72	d6e2a62d7801b23de6d644337372c693	1	36
carat/tables/qcatalog/dim6/dir.2-2;2-2;1;1/ordnung.72/(1)^5(3)^1(6)^2/group.3099	72	0851ec3553732f956bc26f7e6226e833	1	36
carat/tables/qcatalog/dim6/dir.2-2;2-2;1;1/ordnung.72/(1)^5(3)^1(6)^2/group.3100	72	692ef1a7fe5e4be50fbb707e2e837043	1	36
carat/tables/qcatalog/dim6/dir.2-2;2-2;1;1/ordnung.72/(1)^5(3)^1(6)^2/group.3101	72	713e992420e85e99549e3054c23e4f3f	1	36
carat/tables/qcatalog/dim6/dir.2-2;2-2;1;1/ordnung.72/(1)^5(3)^1(6)^2/group.3102	72	3da23a634ee8e145bdfdb2286d419a8b	1	36
carat/tables/qcatalog/dim6/dir.2-2;2-2;1;1/ordnung.72/(1)^5(3)^1(6)^2/group.3103	72	86185059ac651dc3ab22a756502f8219	1	36
carat/tables/qcatalog/dim6/dir.2-2;2-2;1;1/ordnung.72/(1)^5(3)^1(6)^2/group.3104	72	6560597f832dbcab185d72ee27f95221	1	36
carat/tables/qcatalog/dim6/dir.2-2;2-2;1;1/ordnung.72/(1)^5(3)^3(6)^1(18)^1/group.3105	72	c05c9b01936712e95bc03047866f8ad7	1	18
carat/tables/qcatalog/dim6/dir.2-2;2-2;1;1/ordnung.72/(1)^5(3)^3(6)^1(18)^1/group.3106	72	71f18e0bbdd4736fdc0e35face0e5875	1	18
carat/tables/qcatalog/dim6/dir.2-2;2-2;1;1/ordnung.72/(1)^5(3)^3(6)^1(18)^1/group.3107	72	e10600c3582ac061c1d8e05b493ab327	1	18
carat/tables/qcatalog/dim6/dir.2-2;2-2;1;1/ordnung.72/(1)^5(3)^3(6)^1(18)^1/group.3108	72	c1ff93368894ed791fedaf4b0ae68aaf	1	18
carat/tables/qcatalog/dim6/dir.2-2;2-2;1;1/ordnung.72/(1)^5(3)^3(6)^1(18)^1/group.3109	72	17622444ef3807018a807d1b89c72b8f	1	18
carat/tables/qcatalog/dim6/dir.2-2;2-2;1;1/ordnung.72/(1)^5(3)^3(6)^1(18)^1/group.3110	72	92cba5daaed59125e451e5fed7e0f63b	1	18
carat/tables/qcatalog/dim6/dir.2-2;2-2;1;1/ordnung.72/(1)^5(3)^3(6)^1(18)^1/group.3111	72	22536c41bba0a1f1b5ae384c87d822df	1	18
carat/tables/qcatalog/dim6/dir.2-2;2-2;1;1/ordnung.72/(1)^5(3)^3(6)^1(18)^1/group.3112	72	bbcc29f20e9f4c8fefac3e6b346231b5	1	18
carat/tables/qcatalog/dim6/dir.2-2;2-2;1;1/ordnung.72/(1)^5(3)^3(6)^1(18)^1/group.3113	72	9e2db0d1a450ffb54f315ddb5c559f53	1	18
carat/tables/qcatalog/dim6/dir.2-2;2-2;1;1/ordnung.72/(1)^5(3)^3(6)^1(18)^1/group.3114	72	3f3f056f13c6587d66629f445ad9f8f3	1	18
carat/tables/qcatalog/dim6/dir.2-2;2-2;1;1/ordnung.72/(1)^5(3)^3(6)^1(18)^1/group.3115	72	54c79b97c66bc197d6df5b2fedcb9675	1	18
carat/tables/qcatalog/dim6/dir.2-2;2-2;1;1/ordnung.72/(1)^5(3)^3(6)^1(18)^1/group.3116	72	03751b424537196944f2161bde2917ff	1	18
carat/tables/qcatalog/dim6/dir.2-2;2-2;1;1/ordnung.72/(1)^5(3)^3(6)^1(18)^1/group.3117	72	7b4b4203f9658925aab452b98fb99e03	1	18
carat/tables/qcatalog/dim6/dir.2-2;2-2;1;1/ordnung.72/(1)^5(3)^3(6)^1(18)^1/group.3118	72	0d2e4bc28d982513a824c4d7a13364f9	1	18
carat/tables/qcatalog/dim6/dir.2-2;2-2;1;1/ordnung.72/(1)^5(3)^3(6)^1(18)^1/group.3139	72	6162cb7bd5d2e571c939f0d53684e437	1	18
carat/tables/qcatalog/dim6/dir.2-2;2-2;1;1/ordnung.72/(1)^5(3)^3(6)^1(18)^1/group.3140	72	20e4cc64803c0e79cec64df8426fb58f	1	18
carat/tables/qcatalog/dim6/dir.2-2;2-2;1;1/ordnung.72/(1)^5(3)^3(6)^1(18)^1/group.3141	72	a7cb3a7a28dc76eb7e1a499cc208db79	1	18
carat/tables/qcatalog/dim6/dir.2-2;2-2;1;1/ordnung.72/(1)^5(3)^3(6)^1(18)^1/group.3142	72	8404565598157d3d316521c4767bafbb	1	18
carat/tables/qcatalog/dim6/dir.2-2;2-2;1;1/ordnung.72/(1)^5(3)^3(6)^1(18)^1/group.3143	72	eb729259dfd94409b3198f9374b5464f	1	18
carat/tables/qcatalog/dim6/dir.2-2;2-2;1;1/ordnung.72/(1)^5(3)^3(6)^1(18)^1/group.3144	72	ff42b0f5a42bbf87d583f48461cd048d	1	18
carat/tables/qcatalog/dim6/dir.2-2;2-2;1;1/ordnung.72/(1)^5(3)^3(6)^1(18)^1/group.3145	72	b3b389a22d80f265771cef6cc921dc73	1	18
carat/tables/qcatalog/dim6/dir.2-2;2-2;1;1/ordnung.72/(1)^5(3)^3(6)^1(18)^1/group.3146	72	6c792b6cddc41d0ba4ee073e00887459	1	18
carat/tables/qcatalog/dim6/dir.2-2;2-2;1;1/ordnung.72/(1)^5(3)^3(6)^1(18)^1/group.3147	72	206367901bf934fbfb3ae4c8f1524439	1	18
carat/tables/qcatalog/dim6/dir.2-2;2-2;1;1/ordnung.72/(1)^6(3)^2(6)^2/group.3148	72	fff0040fcb2e1881f5b4cfb8775e7ab3	1	24
carat/tables/qcatalog/dim6/dir.2-2;2-2;1;1/ordnung.72/(1)^6(3)^2(6)^2/group.3149	72	f653f133e5aeb611e41cc41471900483	1	24
carat/tables/qcatalog/dim6/dir.2-2;2-2;1;1/ordnung.72/(1)^6(3)^2(6)^2/group.3150	72	1ad5b85305d6d671d4a81fde49cb2dc3	1	24
carat/tables/qcatalog/dim6/dir.2-2;2-2;1;1/ordnung.72/(1)^6(3)^2(6)^2/group.3151	72	fed1b88fb7f03cd1fd569be7d9f38143	1	24
carat/tables/qcatalog/dim6/dir.2-2;2-2;1;1/ordnung.72/(1)^6(3)^2(6)^2/group.3152	72	76bf312f5028588932934fdb3893d1b3	1	24
carat/tables/qcatalog/dim6/dir.2-2;2-2;1;1/ordnung.72/(1)^6(3)^2(6)^2/group.3153	72	16409623eebe0315ea4cd6c153d9341f	1	24
carat/tables/qcatalog/dim6/dir.2-2;2-2;1;1/ordnung.72/(1)^6(3)^2(6)^2/group.3154	72	664947616022b057bcaa0e331b6ca0dd	1	18
carat/tables/qcatalog/dim6/dir.2-2;2-2;1;1/ordnung.72/(1)^6(3)^2(6)^2/group.3155	72	a908472379bee1c19e921bee66aac6f7	1	18
carat/tables/qcatalog/dim6/dir.2-2;2-2;1;1/ordnung.72/(1)^6(3)^2(6)^2/group.3156	72	876554ac1d834fbbee64700ce6ac14a9	1	18
carat/tables/qcatalog/dim6/dir.2-2;2-2;1;1/ordnung.72/(1)^6(3)^2(6)^2/group.3157	72	9dc751f1ec0801212e01ae10d560d207	1	18
carat/tables/qcatalog/dim6/dir.2-2;2-2;1;1/ordnung.72/(1)^6(3)^2(6)^2/group.3158	72	da1f7d4f640e9e6f3e71e67508902c0d	1	18
carat/tables/qcatalog/dim6/dir.2-2;2-2;1;1/ordnung.72/(1)^5(3)^3(6)^1(18)^1/group.3119	72	6faf7ebd5f324c097970d6ac1e1d6fb7	1	18
carat/tables/qcatalog/dim6/dir.2-2;2-2;1;1/ordnung.72/(1)^5(3)^3(6)^1(18)^1/group.3120	72	f382506cfef603377b7b5176ab41fa3d	1	18
carat/tables/qcatalog/dim6/dir.2-2;2-2;1;1/ordnung.72/(1)^5(3)^3(6)^1(18)^1/group.3121	72	6fccca9303faaeed48e2145d4ce8b793	1	18
carat/tables/qcatalog/dim6/dir.2-2;2-2;1;1/ordnung.72/(1)^5(3)^3(6)^1(18)^1/group.3122	72	2abee1c6c91ee8879023894836e39b6d	1	18
carat/tables/qcatalog/dim6/dir.2-2;2-2;1;1/ordnung.72/(1)^5(3)^3(6)^1(18)^1/group.3123	72	1ef37d80e0fd7b1d0b3babcc10d109bb	1	18
carat/tables/qcatalog/dim6/dir.2-2;2-2;1;1/ordnung.72/(1)^5(3)^3(6)^1(18)^1/group.3124	72	8c7e594d4b726bdb4fb6d280ee549cb1	1	18
carat/tables/qcatalog/dim6/dir.2-2;2-2;1;1/ordnung.72/(1)^5(3)^3(6)^1(18)^1/group.3125	72	299e901d1388e775b4aa6417f476d6af	1	24
carat/tables/qcatalog/dim6/dir.2-2;2-2;1;1/ordnung.72/(1)^5(3)^3(6)^1(18)^1/group.3126	72	12fc37d0db6bf0c5d9120bb79e921d7f	1	24
carat/tables/qcatalog/dim6/dir.2-2;2-2;1;1/ordnung.72/(1)^5(3)^3(6)^1(18)^1/group.3127	72	70af757631166dd1c43f3f1752b1c603	1	24
carat/tables/qcatalog/dim6/dir.2-2;2-2;1;1/ordnung.72/(1)^5(3)^3(6)^1(18)^1/group.3128	72	2ea9aa9118df3901ee45be93cc91afb3	1	24
carat/tables/qcatalog/dim6/dir.2-2;2-2;1;1/ordnung.72/(1)^5(3)^3(6)^1(18)^1/group.3129	72	fbc7831200fd923dc3f2dac44e882167	1	24
carat/tables/qcatalog/dim6/dir.2-2;2-2;1;1/ordnung.72/(1)^5(3)^3(6)^1(18)^1/group.3130	72	cd70e85ea9c26265bcab47c0460ea747	1	24
carat/tables/qcatalog/dim6/dir.2-2;2-2;1;1/ordnung.72/(1)^5(3)^3(6)^1(18)^1/group.3131	72	9318fe2a630e75918f7296c32775e1a7	1	18
carat/tables/qcatalog/dim6/dir.2-2;2-2;1;1/ordnung.72/(1)^5(3)^3(6)^1(18)^1/group.3132	72	47e35893fb14db911fa8087b943d09e7	1	18
carat/tables/qcatalog/dim6/dir.2-2;2-2;1;1/ordnung.72/(1)^5(3)^3(6)^1(18)^1/group.3133	72	98443697dd07d57327eb61d9da83f759	1	18
carat/tables/qcatalog/dim6/dir.2-2;2-2;1;1/ordnung.72/(1)^5(3)^3(6)^1(18)^1/group.3134	72	c456df9a65387c69d73bf2906d5c4d1f	1	18
carat/tables/qcatalog/dim6/dir.2-2;2-2;1;1/ordnung.72/(1)^5(3)^3(6)^1(18)^1/group.3135	72	3af82d95967c3d3935eed59c68a863ef	1	18
carat/tables/qcatalog/dim6/dir.2-2;2-2;1;1/ordnung.72/(1)^5(3)^3(6)^1(18)^1/group.3136	72	b28b41536136898d552d86304a3ce743	1	18
carat/tables/qcatalog/dim6/dir.2-2;2-2;1;1/ordnung.72/(1)^5(3)^3(6)^1(18)^1/group.3137	72	aef341dc417e4521690eec247f1fc007	1	18
carat/tables/qcatalog/dim6/dir.2-2;2-2;1;1/ordnung.72/(1)^5(3)^3(6)^1(18)^1/group.3138	72	4f2aad33db1a40613e02f590e83b5267	1	18
carat/tables/qcatalog/dim6/dir.2-2;2-2;1;1/ordnung.36/(1)^4(3)^4(18)^2/group.3000	36	9f4c643536684ae86e2a15af85d92bb6	1	9
carat/tables/qcatalog/dim6/dir.2-2;2-2;1;1/ordnung.36/(1)^4(3)^4(18)^2/group.3001	36	999846fd3dbf12f4594612f0e45d81a2	1	9
carat/tables/qcatalog/dim6/dir.2-2;2-2;1;1/ordnung.36/(1)^4(3)^4(18)^2/group.3002	36	4802430dcdd0eeadc55139e305b75be7	1	12
carat/tables/qcatalog/dim6/dir.2-2;2-2;1;1/ordnung.36/(1)^4(3)^4(18)^2/group.3003	36	f8b24f554c02994d5e905cde3c570117	1	12
carat/tables/qcatalog/dim6/dir.2-2;2-2;1;1/ordnung.36/(1)^4(3)^4(18)^2/group.3004	36	c3a9fd55dcf68f39e02c110be88462fb	1	12
carat/tables/qcatalog/dim6/dir.2-2;2-2;1;1/ordnung.36/(1)^4(3)^4(18)^2/group.3005	36	6cfb8d1f93c8119dabe3094906489e97	1	12
carat/tables/qcatalog/dim6/dir.2-2;2-2;1;1/ordnung.36/(1)^4(6)^2/group.3006	36	b04f8c4be36f54a9d7f35acf69da4af3	1	36
carat/tables/qcatalog/dim6/dir.2-2;2-2;1;1/ordnung.36/(1)^4(6)^2/group.3007	36	c99d65a3eb4a508136abe91c21b48a2b	1	36
carat/tables/qcatalog/dim6/dir.2-2;2-2;1;1/ordnung.36/(3)^4(6)^2/group.3008	36	719d854caac4e48161df999831546fab	1	36
carat/tables/qcatalog/dim6/dir.2-2;2-2;1;1/ordnung.36/(3)^8(18)^2/group.3009	36	c0f6626ac0b6d7f92a1cc7ea1a27a563	1	12
carat/tables/qcatalog/dim6/dir.2-2;2-2;1;1/ordnung.48/(2)^4(6)^2/group.3010	48	393ab29d776aeadc1ed8361755e96996	1	48
carat/tables/qcatalog/dim6/dir.2-2;2-2;1;1/ordnung.48/(2)^5(6)^4(18)^1/group.3011	48	3f3d97fff38113cc90d790e950992ee2	1	24
carat/tables/qcatalog/dim6/dir.2-2;2-2;1;1/ordnung.48/(2)^6(6)^4/group.3012	48	a30738528ac3025807aa27d4b0bed5f6	1	24
carat/tables/qcatalog/dim6/dir.2-2;2-2;1;1/ordnung.48/(2)^6(6)^4/group.3013	48	c4c1376077ee5470a8c1f16094c9100e	1	24
carat/tables/qcatalog/dim6/dir.2-2;2-2;1;1/ordnung.48/(2)^6(6)^4/group.3014	48	f521a869a8a5b3e4cc8fb95bc138ed42	1	24
carat/tables/qcatalog/dim6/dir.2-2;2-2;1;1/ordnung.48/(2)^6(6)^4/group.3015	48	c49933018f71b2349099e1644e88e372	1	24
carat/tables/qcatalog/dim6/dir.2-2;2-2;1;1/ordnung.48/(2)^6(6)^4/group.3016	48	33d96f34af99144cc677c8b4c671d3da	1	24
carat/tables/qcatalog/dim6/dir.2-2;2-2;1;1/ordnung.48/(2)^6(6)^4/group.3017	48	f0dd70eecc61efc08b1f1ba1dafc2f56	1	24
carat/tables/qcatalog/dim6/dir.2-2;2-2;1;1/ordnung.48/(2)^6(6)^4/group.3018	48	5f62ff5eae92d9f01f172d39787a8f66	1	24
carat/tables/qcatalog/dim6/dir.2-2;2-2;1;1/ordnung.576/(1)^6(3)^2(6)^2/group.3019	576	6abe0d2173629e784802c80a4af31952	1	144
carat/tables/qcatalog/dim6/dir.2-2;2-2;2-1/ordnung.144/(1)^8(6)^4/group.3298	144	99c400b3425a2f453b300067713526b3	0	42
carat/tables/qcatalog/dim6/dir.2-2;2-2;2-1/ordnung.144/(1)^8(6)^4/group.3299	144	f19fbdd38642a0208e05860ac520d232	0	27
carat/tables/qcatalog/dim6/dir.2-2;2-2;2-1/ordnung.144/(1)^8(6)^4/group.3300	144	3c67efd5511a4de49854fe67421a014e	0	27
carat/tables/qcatalog/dim6/dir.2-2;2-2;2-1/ordnung.144/(1)^8(6)^4/group.3301	144	2d5eeaf3384b0354b1c6df5362ff8b1e	0	27
carat/tables/qcatalog/dim6/dir.2-2;2-2;2-1/ordnung.144/(1)^8(6)^4/group.3302	144	40709f4b9a413370ac4307f66b754092	0	27
carat/tables/qcatalog/dim6/dir.2-2;2-2;2-1/ordnung.144/(1)^8(6)^4/group.3303	144	b92d15ca2d76f1d22b808d79c168c1ac	0	27
carat/tables/qcatalog/dim6/dir.2-2;2-2;2-1/ordnung.144/(1)^8(6)^4/group.3304	144	a4fc7228b1511faafcc6b7e221ea718c	0	27
carat/tables/qcatalog/dim6/dir.2-2;2-2;2-1/ordnung.144/(1)^8(6)^4/group.3305	144	1c48a478c8037917e5af79867486bdc5	0	30
carat/tables/qcatalog/dim6/dir.2-2;2-2;2-1/ordnung.192/(2)^8(6)^4/group.3306	192	349158592eb516c8a955c0353916b1c6	0	60
carat/tables/qcatalog/dim6/dir.2-2;2-2;2-1/ordnung.24/(2)^4(6)^2/group.3307	24	20533ddd0ddc9f7ae5aab8b436a21c80	0	24
carat/tables/qcatalog/dim6/dir.2-2;2-2;2-1/ordnung.24/(2)^4(6)^2/group.3308	24	f35e3537f43b37ca80e6627bb2f58b60	0	24
carat/tables/qcatalog/dim6/dir.2-2;2-2;2-1/ordnung.24/(2)^4(6)^2/group.3309	24	b00cfd9a5a7f1d76d21206846fa0255c	0	24
carat/tables/qcatalog/dim6/dir.2-2;2-2;2-1/ordnung.24/(2)^6(6)^2/group.3310	24	957952c9361d0f8407c39b047e45ef92	0	15
carat/tables/qcatalog/dim6/dir.2-2;2-2;2-1/ordnung.24/(2)^6(6)^2/group.3311	24	bde0bcb99fae41d8573c8c7588a5a126	0	15
carat/tables/qcatalog/dim6/dir.2-2;2-2;2-1/ordnung.24/(2)^6(6)^2/min.415	24	3bf35a90912b6e7eaac6276b37869e64	0	15
carat/tables/qcatalog/dim6/dir.2-2;2-2;2-1/ordnung.24/(2)^6(6)^2/min.416	24	8f6cbe7026e97424fb7dcabfb78f495a	0	15
carat/tables/qcatalog/dim6/dir.2-2;2-2;2-1/ordnung.24/(2)^6(6)^4/group.3312	24	01e1fffadea882720a3919226063a5f4	0	12
carat/tables/qcatalog/dim6/dir.2-2;2-2;2-1/ordnung.24/(2)^6(6)^4/min.417	24	dbfb818db35d154654c66564fd6e5090	0	12
carat/tables/qcatalog/dim6/dir.2-2;2-2;2-1/ordnung.24/(2)^8(6)^4/group.3313	24	3cbd932c63e14aac0009f65362bb7f76	0	9
carat/tables/qcatalog/dim6/dir.2-2;2-2;2-1/ordnung.24/(2)^8(6)^4/min.418	24	546cc32441c28d40122aaa0bb237395a	0	9
carat/tables/qcatalog/dim6/dir.2-2;2-2;2-1/ordnung.144/(1)^6(2)^1(6)^3/group.3198	144	65035a7fa1c8b93857348cea126ddb5a	0	45
carat/tables/qcatalog/dim6/dir.2-2;2-2;2-1/ordnung.144/(1)^6(2)^1(6)^3/group.3199	144	08b4ffeda62f772e987d5e255bdafc70	0	45
carat/tables/qcatalog/dim6/dir.2-2;2-2;2-1/ordnung.144/(1)^6(2)^1(6)^3/group.3200	144	67ecea98cf93c5092d1ecb359e3be063	0	54
carat/tables/qcatalog/dim6/dir.2-2;2-2;2-1/ordnung.144/(1)^6(2)^1(6)^3/group.3201	144	a66e04ddcfc92bed5189cb73334ccb1f	0	54
carat/tables/qcatalog/dim6/dir.2-2;2-2;2-1/ordnung.144/(1)^6(2)^1(6)^3/group.3202	144	bd924be354f34b40a2340d4d7eb9c22a	0	45
carat/tables/qcatalog/dim6/dir.2-2;2-2;2-1/ordnung.144/(1)^6(2)^1(6)^3/group.3203	144	c6b78c52b68e2146408c3c5f003c9000	0	45
carat/tables/qcatalog/dim6/dir.2-2;2-2;2-1/ordnung.144/(1)^6(2)^1(6)^3/group.3204	144	3485d5380361db37e426e3ccac6b6481	0	54
carat/tables/qcatalog/dim6/dir.2-2;2-2;2-1/ordnung.144/(1)^6(2)^1(6)^3/group.3205	144	f4e14a3b49856cdebc60cae10f5df430	0	45
carat/tables/qcatalog/dim6/dir.2-2;2-2;2-1/ordnung.144/(1)^6(2)^1(6)^3/group.3206	144	95690672a6f7c8802aad433caf28c3b2	0	45
carat/tables/qcatalog/dim6/dir.2-2;2-2;2-1/ordnung.144/(1)^6(2)^1(6)^3/group.3207	144	5d9e0df3332e402b080fc1501c45ddbd	0	54
carat/tables/qcatalog/dim6/dir.2-2;2-2;2-1/ordnung.144/(1)^6(2)^1(6)^3/group.3208	144	8240b676c5efbc49655c019b899de933	0	54
carat/tables/qcatalog/dim6/dir.2-2;2-2;2-1/ordnung.144/(1)^6(2)^1(6)^3/group.3209	144	b3a07360a4ab1fd8d0c498c5ad35c402	0	45
carat/tables/qcatalog/dim6/dir.2-2;2-2;2-1/ordnung.144/(1)^6(2)^1(6)^3/group.3210	144	8ed408c1d8d96916b23007a4f0b7d6f0	0	45
carat/tables/qcatalog/dim6/dir.2-2;2-2;2-1/ordnung.144/(1)^6(2)^1(6)^3/group.3211	144	0b0cccb890be14eb3451e7ead2f69ddd	0	54
carat/tables/qcatalog/dim6/dir.2-2;2-2;2-1/ordnung.144/(1)^6(2)^1(6)^3/group.3212	144	281dee1d5bda13b52081bd3b7e711ba7	0	54
carat/tables/qcatalog/dim6/dir.2-2;2-2;2-1/ordnung.144/(1)^6(2)^1(6)^3/group.3213	144	512ce6537fdba0c12d6c94bc7b3ff193	0	54
carat/tables/qcatalog/dim6/dir.2-2;2-2;2-1/ordnung.144/(1)^6(2)^1(6)^3/group.3214	144	913cedf6f2621a51ea87c97d9aebbd5b	0	54
carat/tables/qcatalog/dim6/dir.2-2;2-2;2-1/ordnung.144/(1)^6(2)^1(6)^3/group.3215	144	93b1a031ecea1671252570d3280b0f1b	0	54
carat/tables/qcatalog/dim6/dir.2-2;2-2;2-1/ordnung.144/(1)^6(2)^1(6)^3/group.3216	144	7362ce4c3cc6fdd683a58f2a9a0bcd10	0	45
carat/tables/qcatalog/dim6/dir.2-2;2-2;2-1/ordnung.144/(1)^6(2)^1(6)^3/group.3217	144	0f3cf5124de87430a2c64a06e10f089a	0	45
carat/tables/qcatalog/dim6/dir.2-2;2-2;2-1/ordnung.144/(1)^7(3)^1(6)^3(18)^1/group.3258	144	58fb67ec18bd1c96d092704c820e0968	0	27
carat/tables/qcatalog/dim6/dir.2-2;2-2;2-1/ordnung.144/(1)^7(3)^1(6)^3(18)^1/group.3259	144	fa2cd0f4a7c5164ed1c686635d42d800	0	27
carat/tables/qcatalog/dim6/dir.2-2;2-2;2-1/ordnung.144/(1)^7(3)^1(6)^3(18)^1/group.3260	144	8897825a7e4a293621d5f9d072b59b28	0	27
carat/tables/qcatalog/dim6/dir.2-2;2-2;2-1/ordnung.144/(1)^7(3)^1(6)^3(18)^1/group.3261	144	daddf2aa04d150b68b73022cdfda4028	0	27
carat/tables/qcatalog/dim6/dir.2-2;2-2;2-1/ordnung.144/(1)^7(3)^1(6)^3(18)^1/group.3262	144	14bb254c0d5bdb9ff8088b3572e658b9	0	30
carat/tables/qcatalog/dim6/dir.2-2;2-2;2-1/ordnung.144/(1)^7(3)^1(6)^3(18)^1/group.3263	144	55ca19745093eaff311ccc03709af879	0	24
carat/tables/qcatalog/dim6/dir.2-2;2-2;2-1/ordnung.144/(1)^7(3)^1(6)^3(18)^1/group.3264	144	3662c56941c66ea3487274fc7f443315	0	24
carat/tables/qcatalog/dim6/dir.2-2;2-2;2-1/ordnung.144/(1)^7(3)^1(6)^3(18)^1/group.3265	144	5f3cbbb1d260725c6657313eee612d4e	0	27
carat/tables/qcatalog/dim6/dir.2-2;2-2;2-1/ordnung.144/(1)^7(3)^1(6)^3(18)^1/group.3266	144	abaa6b91e3dbde3d7b78e5bcefdc39af	0	24
carat/tables/qcatalog/dim6/dir.2-2;2-2;2-1/ordnung.144/(1)^7(3)^1(6)^3(18)^1/group.3267	144	32b48796ab4c4ff03c58ae4ccca5e982	0	27
carat/tables/qcatalog/dim6/dir.2-2;2-2;2-1/ordnung.144/(1)^7(3)^1(6)^3(18)^1/group.3268	144	17bbe6b1eb43019cd3dbe54b55c9e036	0	27
carat/tables/qcatalog/dim6/dir.2-2;2-2;2-1/ordnung.144/(1)^7(3)^1(6)^3(18)^1/group.3269	144	e5fb39a78c6716098b1f3dbc3fcf0e93	0	30
carat/tables/qcatalog/dim6/dir.2-2;2-2;2-1/ordnung.144/(1)^8(6)^4/group.3270	144	d334c5d5d9c32c31d570ad8741f315cf	0	42
carat/tables/qcatalog/dim6/dir.2-2;2-2;2-1/ordnung.144/(1)^8(6)^4/group.3271	144	320d840128edfca575f1be55a6190783	0	42
carat/tables/qcatalog/dim6/dir.2-2;2-2;2-1/ordnung.144/(1)^8(6)^4/group.3272	144	861d86dbe2710f560eb9334d3b01f390	0	27
carat/tables/qcatalog/dim6/dir.2-2;2-2;2-1/ordnung.144/(1)^8(6)^4/group.3273	144	8c63be826c143a4a37aaafa5ec752884	0	27
carat/tables/qcatalog/dim6/dir.2-2;2-2;2-1/ordnung.144/(1)^8(6)^4/group.3274	144	dea5b633699697089c2154f95bd2bfe2	0	27
carat/tables/qcatalog/dim6/dir.2-2;2-2;2-1/ordnung.144/(1)^8(6)^4/group.3275	144	0a11555eb714b436ca38c67aa84cda30	0	27
carat/tables/qcatalog/dim6/dir.2-2;2-2;2-1/ordnung.144/(1)^8(6)^4/group.3276	144	8ea4705681265d944aff5ae587dd74de	0	27
carat/tables/qcatalog/dim6/dir.2-2;2-2;2-1/ordnung.144/(1)^8(6)^4/group.3277	144	ae176c16d6179f4028ebceddd2fb0e7a	0	27
carat/tables/qcatalog/dim6/dir.2-2;2-2;2-1/ordnung.144/(1)^6(3)^2(6)^2/group.3233	144	7142f828f299fbefa9adb34954604a61	0	36
carat/tables/qcatalog/dim6/dir.2-2;2-2;2-1/ordnung.144/(1)^6(3)^2(6)^2/group.3234	144	1e95d0a07b9ae40dee02c7517f6e9707	0	36
carat/tables/qcatalog/dim6/dir.2-2;2-2;2-1/ordnung.144/(1)^6(3)^2(6)^2/group.3235	144	c9d34ab815907c27ba450da247ebee79	0	36
carat/tables/qcatalog/dim6/dir.2-2;2-2;2-1/ordnung.144/(1)^6(3)^2(6)^2/group.3236	144	658aefc0a0b8542d1d5cdc0f04a57efb	0	48
carat/tables/qcatalog/dim6/dir.2-2;2-2;2-1/ordnung.144/(1)^6(3)^2(6)^2/group.3237	144	b54f7b5eb649e6d1e3a70a16b7baa01f	0	48
carat/tables/qcatalog/dim6/dir.2-2;2-2;2-1/ordnung.144/(1)^7(3)^1(6)^3(18)^1/group.3243	144	c490acb046a58eb30c58c52324926afd	0	24
carat/tables/qcatalog/dim6/dir.2-2;2-2;2-1/ordnung.144/(1)^7(3)^1(6)^3(18)^1/group.3244	144	8ae1690f6732564bf23a86b0ae1a3d7d	0	24
carat/tables/qcatalog/dim6/dir.2-2;2-2;2-1/ordnung.144/(1)^7(3)^1(6)^3(18)^1/group.3245	144	2901c0b6ef56bc3be76e497f98f22a6d	0	24
carat/tables/qcatalog/dim6/dir.2-2;2-2;2-1/ordnung.144/(1)^7(3)^1(6)^3(18)^1/group.3246	144	56772e88d736574bcacfa0c0596cfdb5	0	24
carat/tables/qcatalog/dim6/dir.2-2;2-2;2-1/ordnung.144/(1)^7(3)^1(6)^3(18)^1/group.3247	144	d75387cd6f6a4147a0da0ac778fb1fb9	0	24
carat/tables/qcatalog/dim6/dir.2-2;2-2;2-1/ordnung.144/(1)^7(3)^1(6)^3(18)^1/group.3248	144	c6c859dd921e5dffe895e87251d46721	0	24
carat/tables/qcatalog/dim6/dir.2-2;2-2;2-1/ordnung.144/(1)^7(3)^1(6)^3(18)^1/group.3249	144	e176f96c0163fd1d1627c3e70973164f	0	24
carat/tables/qcatalog/dim6/dir.2-2;2-2;2-1/ordnung.144/(1)^7(3)^1(6)^3(18)^1/group.3250	144	f9f149b830cb74db54cc3dd0fe75a52d	0	24
carat/tables/qcatalog/dim6/dir.2-2;2-2;2-1/ordnung.144/(1)^7(3)^1(6)^3(18)^1/group.3251	144	ba6ec501faf3509ef2c1201d2d6e03a8	0	27
carat/tables/qcatalog/dim6/dir.2-2;2-2;2-1/ordnung.144/(1)^7(3)^1(6)^3(18)^1/group.3252	144	1a8a91e9c650eba67f2f163d5a7f1bb8	0	27
carat/tables/qcatalog/dim6/dir.2-2;2-2;2-1/ordnung.144/(1)^7(3)^1(6)^3(18)^1/group.3253	144	13a0d2ebe1067f1685007a2b4e888058	0	27
carat/tables/qcatalog/dim6/dir.2-2;2-2;2-1/ordnung.144/(1)^7(3)^1(6)^3(18)^1/group.3254	144	43e358f2a3d5c4bedd2eb838d1b3f558	0	27
carat/tables/qcatalog/dim6/dir.2-2;2-2;2-1/ordnung.144/(1)^7(3)^1(6)^3(18)^1/group.3255	144	40a3054e92cabc5c38826fc0e1ba0d9e	0	27
carat/tables/qcatalog/dim6/dir.2-2;2-2;2-1/ordnung.144/(1)^7(3)^1(6)^3(18)^1/group.3256	144	48918d6b7379c1a48f812399bd457386	0	27
carat/tables/qcatalog/dim6/dir.2-2;2-2;2-1/ordnung.144/(1)^7(3)^1(6)^3(18)^1/group.3257	144	27b62690104bf15c9dac0d620d78c45e	0	27
carat/tables/qcatalog/dim6/dir.2-2;2-2;1;1/ordnung.24/(2)^5(6)^4(18)^1/group.2920	24	bcff61dbdbaa2f2208669fff6a491b0c	1	12
carat/tables/qcatalog/dim6/dir.2-2;2-2;1;1/ordnung.24/(2)^5(6)^4(18)^1/group.2921	24	44d4b8fa787b017e6e9f0c978a16f0e8	1	12
carat/tables/qcatalog/dim6/dir.2-2;2-2;1;1/ordnung.24/(2)^5(6)^4(18)^1/group.2922	24	f147458eca47eb4ec0d826888d241c78	1	12
carat/tables/qcatalog/dim6/dir.2-2;2-2;1;1/ordnung.24/(2)^5(6)^4(18)^1/group.2923	24	871ad4712bdf483af249e805ede2433c	1	12
carat/tables/qcatalog/dim6/dir.2-2;2-2;1;1/ordnung.24/(2)^5(6)^4(18)^1/group.2924	24	c04349391eb204667f84a01341636660	1	12
carat/tables/qcatalog/dim6/dir.2-2;2-2;1;1/ordnung.24/(2)^5(6)^4(18)^1/group.2925	24	69633c61ca04db7ae6195c2ad54abbf4	1	12
carat/tables/qcatalog/dim6/dir.2-2;2-2;1;1/ordnung.24/(2)^6(6)^4/group.2926	24	eab44cfcdae37e56f24aee4e10b978d0	1	12
carat/tables/qcatalog/dim6/dir.2-2;2-2;1;1/ordnung.24/(2)^6(6)^4/group.2927	24	d120ae7b2e168896386d300b1eb13af0	1	12
carat/tables/qcatalog/dim6/dir.2-2;2-2;1;1/ordnung.24/(2)^6(6)^4/group.2928	24	7918e3b2b006e98e3671357f78b5f9e8	1	12
carat/tables/qcatalog/dim6/dir.2-2;2-2;1;1/ordnung.24/(2)^6(6)^4/group.2929	24	3121c60af92c8e86514c2196935bc6f0	1	12
carat/tables/qcatalog/dim6/dir.2-2;2-2;1;1/ordnung.24/(2)^6(6)^4/group.2930	24	7efc42fda74ba1a608ec1d72471c9600	1	12
carat/tables/qcatalog/dim6/dir.2-2;2-2;1;1/ordnung.24/(2)^6(6)^4/group.2931	24	65c879f381b6da4698d11b0d95c69378	1	12
carat/tables/qcatalog/dim6/dir.2-2;2-2;1;1/ordnung.288/(1)^5(3)^1(6)^2/group.2932	288	5cb9a4798440d9da349d3c180aa3e9a8	1	144
carat/tables/qcatalog/dim6/dir.2-2;2-2;1;1/ordnung.288/(1)^5(3)^3(6)^1(18)^1/group.2933	288	b0408df365cd50eade87c61d8dc7f000	1	72
carat/tables/qcatalog/dim6/dir.2-2;2-2;1;1/ordnung.288/(1)^5(3)^3(6)^1(18)^1/group.2934	288	048a0ae4999afc100e4351a80f181d6e	1	72
carat/tables/qcatalog/dim6/dir.2-2;2-2;1;1/ordnung.288/(1)^6(3)^2(6)^2/group.2935	288	3fac50f85512edd0460326c50ed5dfbe	1	72
carat/tables/qcatalog/dim6/dir.2-2;2-2;1;1/ordnung.288/(1)^6(3)^2(6)^2/group.2936	288	5b6e936d29a6dc984116d9ab715dc20e	1	72
carat/tables/qcatalog/dim6/dir.2-2;2-2;1;1/ordnung.288/(1)^6(3)^2(6)^2/group.2937	288	9ed8ef792a34770c21547aa329d0725e	1	96
carat/tables/qcatalog/dim6/dir.2-2;2-2;1;1/ordnung.288/(1)^6(3)^2(6)^2/group.2938	288	606d0657c9d70f7e5a6b8e0972f0227c	1	72
carat/tables/qcatalog/dim6/dir.2-2;2-2;1;1/ordnung.288/(1)^6(3)^2(6)^2/group.2939	288	207a17b584ef193efe1954073c59d3c4	1	72
carat/tables/qcatalog/dim6/dir.2-2;2-2;2-1/ordnung.144/(1)^5(3)^1(6)^2/group.3178	144	052dd67f83f12ac7064929fe55342851	0	72
carat/tables/qcatalog/dim6/dir.2-2;2-2;2-1/ordnung.144/(1)^5(3)^1(6)^2/group.3179	144	ad866086cea87b25571389a85e7cca87	0	72
carat/tables/qcatalog/dim6/dir.2-2;2-2;2-1/ordnung.144/(1)^5(3)^1(6)^2/group.3180	144	27d66aa1feb6918d1325aac8c226c4af	0	72
carat/tables/qcatalog/dim6/dir.2-2;2-2;2-1/ordnung.144/(1)^5(3)^1(6)^4/group.3181	144	57402b0b1a7a55ed0f05f23ea49427df	0	54
carat/tables/qcatalog/dim6/dir.2-2;2-2;2-1/ordnung.144/(1)^5(3)^1(6)^4/group.3182	144	466ce3fe6e2353de1befa11e5a384bb8	0	45
carat/tables/qcatalog/dim6/dir.2-2;2-2;2-1/ordnung.144/(1)^5(3)^1(6)^4/group.3183	144	86ab161370b7524c8ccf1592ed3c5b8e	0	45
carat/tables/qcatalog/dim6/dir.2-2;2-2;2-1/ordnung.144/(1)^5(3)^1(6)^4/group.3184	144	4d9d1552c408d9613d0720fc46dafbf3	0	54
carat/tables/qcatalog/dim6/dir.2-2;2-2;2-1/ordnung.144/(1)^5(3)^1(6)^4/group.3185	144	7bd2861d43dc2eb84792f6840360d79a	0	45
carat/tables/qcatalog/dim6/dir.2-2;2-2;2-1/ordnung.144/(1)^5(3)^1(6)^4/group.3186	144	63f408f4a7641fe6d0082f17e38735a8	0	45
carat/tables/qcatalog/dim6/dir.2-2;2-2;2-1/ordnung.144/(1)^5(3)^1(6)^4/group.3187	144	cb6ac2dc1e48e656ad17fcc37ae62150	0	45
carat/tables/qcatalog/dim6/dir.2-2;2-2;2-1/ordnung.144/(1)^5(3)^1(6)^4/group.3188	144	67e1f95ff9bee94402787d681e8cd3c6	0	45
carat/tables/qcatalog/dim6/dir.2-2;2-2;2-1/ordnung.144/(1)^5(3)^3(6)^1(18)^1/group.3189	144	0575d8204e71ea715124c4c358e7fca3	0	36
carat/tables/qcatalog/dim6/dir.2-2;2-2;2-1/ordnung.144/(1)^5(3)^3(6)^1(18)^1/group.3190	144	0c8a2e24810f6621ff00fa09443c045b	0	36
carat/tables/qcatalog/dim6/dir.2-2;2-2;2-1/ordnung.144/(1)^5(3)^3(6)^1(18)^1/group.3191	144	2a4f801d9497401114397fbaaa9e7a5b	0	36
carat/tables/qcatalog/dim6/dir.2-2;2-2;2-1/ordnung.144/(1)^5(3)^3(6)^1(18)^1/group.3192	144	09a77fc046fecd251f3d69af071517f7	0	36
carat/tables/qcatalog/dim6/dir.2-2;2-2;2-1/ordnung.144/(1)^5(3)^3(6)^1(18)^1/group.3193	144	c7b5ee7885ec75751552e6bf190e021f	0	36
carat/tables/qcatalog/dim6/dir.2-2;2-2;2-1/ordnung.144/(1)^5(3)^3(6)^1(18)^1/group.3194	144	e9474ccda68906e7431dd522b8507b69	0	36
carat/tables/qcatalog/dim6/dir.2-2;2-2;2-1/ordnung.144/(1)^5(3)^3(6)^1(18)^1/group.3195	144	a0847ab3105b780b36948149804edf8d	0	36
carat/tables/qcatalog/dim6/dir.2-2;2-2;2-1/ordnung.144/(1)^5(3)^3(6)^1(18)^1/group.3196	144	543b74fdfa44434f63364018ed40b529	0	36
carat/tables/qcatalog/dim6/dir.2-2;2-2;2-1/ordnung.144/(1)^6(2)^1(6)^3/group.3197	144	4d609aa82182a55b81ffd369c50f5a6d	0	54
carat/tables/qcatalog/dim6/dir.2-2;2-2;2-1/ordnung.144/(1)^6(2)^1(6)^3/group.3218	144	18159e66114dc43e1e69110825969578	0	45
carat/tables/qcatalog/dim6/dir.2-2;2-2;2-1/ordnung.144/(1)^6(2)^1(6)^3/group.3219	144	1376006dfc31b9e46a48344480e3bb96	0	45
carat/tables/qcatalog/dim6/dir.2-2;2-2;2-1/ordnung.144/(1)^6(2)^1(6)^3/group.3220	144	49ad165a2c36539dfb73b15331c68d97	0	54
carat/tables/qcatalog/dim6/dir.2-2;2-2;2-1/ordnung.144/(1)^6(2)^1(6)^3/group.3221	144	5a986324dcf325f74eeca6ef71730031	0	54
carat/tables/qcatalog/dim6/dir.2-2;2-2;2-1/ordnung.144/(1)^6(2)^1(6)^3/group.3222	144	c2649b2d9539b52615010d88fd021670	0	45
carat/tables/qcatalog/dim6/dir.2-2;2-2;2-1/ordnung.144/(1)^6(2)^1(6)^3/group.3223	144	7e3cb861aef434f4e478a887cdbb7ae6	0	45
carat/tables/qcatalog/dim6/dir.2-2;2-2;2-1/ordnung.144/(1)^6(3)^2(6)^2(18)^2/group.3238	144	53af100a6cc48755b08675d3dbd58543	0	42
carat/tables/qcatalog/dim6/dir.2-2;2-2;2-1/ordnung.144/(1)^6(3)^2(6)^2(18)^2/group.3239	144	a03b85ad8b1fc567151534f675ee9725	0	30
carat/tables/qcatalog/dim6/dir.2-2;2-2;2-1/ordnung.144/(1)^6(3)^2(6)^2(18)^2/group.3240	144	04d648e8ae7447f120ef41fbf3a32077	0	30
carat/tables/qcatalog/dim6/dir.2-2;2-2;2-1/ordnung.144/(1)^6(3)^2(6)^2(18)^2/group.3241	144	e3b43af02a8a4417b99a0b906b926755	0	30
carat/tables/qcatalog/dim6/dir.2-2;2-2;2-1/ordnung.144/(1)^6(3)^2(6)^2(18)^2/group.3242	144	d6db8cfbeb07b663ce3b048c6db5c261	0	42
carat/tables/qcatalog/dim6/dir.2-2;2-2;2-1/ordnung.144/(1)^6(3)^2(6)^2/group.3224	144	4e7b4cfbf385217910c061cd0fdf0397	0	48
carat/tables/qcatalog/dim6/dir.2-2;2-2;2-1/ordnung.144/(1)^6(3)^2(6)^2/group.3225	144	18082845290b28c199c392c13b298cef	0	48
carat/tables/qcatalog/dim6/dir.2-2;2-2;2-1/ordnung.144/(1)^6(3)^2(6)^2/group.3226	144	45a1762302939b9d26ff4d0b0848b727	0	36
carat/tables/qcatalog/dim6/dir.2-2;2-2;2-1/ordnung.144/(1)^6(3)^2(6)^2/group.3227	144	a06febeb2ba8bbed098953671b8603c7	0	36
carat/tables/qcatalog/dim6/dir.2-2;2-2;2-1/ordnung.144/(1)^6(3)^2(6)^2/group.3228	144	d15384e41eb7cdc9991dde5f3af361db	0	36
carat/tables/qcatalog/dim6/dir.2-2;2-2;2-1/ordnung.144/(1)^6(3)^2(6)^2/group.3229	144	848e61316eb72e79c3e8c108918c3ec3	0	36
carat/tables/qcatalog/dim6/dir.2-2;2-2;2-1/ordnung.144/(1)^6(3)^2(6)^2/group.3230	144	5c4f904d24d5ff552fa8156c61ba9447	0	36
carat/tables/qcatalog/dim6/dir.2-2;2-2;2-1/ordnung.144/(1)^6(3)^2(6)^2/group.3231	144	cb82b9ef8ef2279b3e5b02bc12c957a5	0	36
carat/tables/qcatalog/dim6/dir.2-2;2-2;2-1/ordnung.144/(1)^6(3)^2(6)^2/group.3232	144	c271d746f9c52533800e684cd055e01d	0	36
carat/tables/qcatalog/dim6/dir.2-2;2-2;2-1/ordnung.288/(1)^8(6)^4/group.3394	288	5836836699c19be8c8c584e1fd129e46	0	48
carat/tables/qcatalog/dim6/dir.2-2;2-2;2-1/ordnung.288/(1)^8(6)^4/group.3395	288	a32f499a654b8d702bbcbee5987c072e	0	54
carat/tables/qcatalog/dim6/dir.2-2;2-2;2-1/ordnung.288/(1)^8(6)^4/group.3396	288	743486187cc6c730a78616668c0fe86e	0	48
carat/tables/qcatalog/dim6/dir.2-2;2-2;2-1/ordnung.288/(1)^8(6)^4/group.3397	288	21a4f80f34e35080b82fb7da5607d35e	0	54
carat/tables/qcatalog/dim6/dir.2-2;2-2;2-1/ordnung.288/(1)^8(6)^4/group.3398	288	3bee45ce0ef8aa5487f0678c5f2c551a	0	54
carat/tables/qcatalog/dim6/dir.2-2;2-2;2-1/ordnung.288/(1)^8(6)^4/group.3399	288	dcf833f20b1104eec909ced615faa0e4	0	54
carat/tables/qcatalog/dim6/dir.2-2;2-2;2-1/ordnung.288/(1)^8(6)^4/group.3400	288	c3b065b0abc35c96dd65b93ed6c41164	0	54
carat/tables/qcatalog/dim6/dir.2-2;2-2;2-1/ordnung.288/(1)^8(6)^4/group.3401	288	28097310b77cc0d4b13c565d938859fa	0	54
carat/tables/qcatalog/dim6/dir.2-2;2-2;2-1/ordnung.288/(1)^8(6)^4/group.3402	288	e25617b587fc7798ba9b1ed984dccc1a	0	60
carat/tables/qcatalog/dim6/dir.2-2;2-2;2-1/ordnung.36/(1)^3(3)^1(6)^1(18)^1/min.419	36	26d7757cc03e56394eff44cfafc827d3	0	36
carat/tables/qcatalog/dim6/dir.2-2;2-2;2-1/ordnung.36/(1)^3(3)^1(6)^1(18)^1/min.420	36	ef54cfff9aa8d169005850141a5e48a3	0	36
carat/tables/qcatalog/dim6/dir.2-2;2-2;2-1/ordnung.36/(1)^3(3)^3(6)^2/min.421	36	a314aed6418aff3bea55d5db50053339	0	18
carat/tables/qcatalog/dim6/dir.2-2;2-2;2-1/ordnung.36/(1)^3(3)^3(6)^2/min.422	36	d5dd2c8a98fd210308b814dfb7a495f1	0	18
carat/tables/qcatalog/dim6/dir.2-2;2-2;2-1/ordnung.36/(1)^4(3)^4(18)^2/min.423	36	bfbd3094fbede079e71285984f4f1aab	0	12
carat/tables/qcatalog/dim6/dir.2-2;2-2;2-1/ordnung.36/(1)^4(6)^2/group.3403	36	2b74671406d16399130658ae49ab5f53	0	36
carat/tables/qcatalog/dim6/dir.2-2;2-2;2-1/ordnung.48/(2)^4(6)^2/group.3404	48	20187de9c72913a0b26edd62abbea662	0	48
carat/tables/qcatalog/dim6/dir.2-2;2-2;2-1/ordnung.48/(2)^6(6)^2/group.3405	48	a41ff7b6390066fcd98df3673ca9bd4e	0	30
carat/tables/qcatalog/dim6/dir.2-2;2-2;2-1/ordnung.48/(2)^6(6)^2/group.3406	48	33e84fb9b398c3f656eddfda14222a68	0	30
carat/tables/qcatalog/dim6/dir.2-2;2-2;2-1/ordnung.48/(2)^6(6)^2/group.3407	48	9d9761928413c3f09422919e0648cf62	0	30
carat/tables/qcatalog/dim6/dir.2-2;2-2;2-1/ordnung.48/(2)^6(6)^2/group.3408	48	aa6fdc4c4636045236b0c3554e441444	0	30
carat/tables/qcatalog/dim6/dir.2-2;2-2;1;1/ordnung.72/(1)^6(3)^2(6)^2/group.3159	72	88f5f932dac4b793f609a6d2fc57ec81	1	18
carat/tables/qcatalog/dim6/dir.2-2;2-2;1;1/ordnung.72/(1)^6(3)^2(6)^2/group.3160	72	d75342bde6c5baf502e195481be8d58b	1	18
carat/tables/qcatalog/dim6/dir.2-2;2-2;1;1/ordnung.72/(1)^6(3)^2(6)^2/group.3161	72	a2c98444f670a1c9ea2794b70525518f	1	18
carat/tables/qcatalog/dim6/dir.2-2;2-2;1;1/ordnung.96/(2)^6(6)^4/group.3162	96	8c9271dee83c1e839f19f95ee32c64ed	1	48
carat/tables/qcatalog/dim6/dir.2-2;2-2;2-1/ordnung.1152/(1)^8(6)^4/group.3163	1152	c6e97b3bd90b1b8f19f1c7817d0a1a79	0	180
carat/tables/qcatalog/dim6/dir.2-2;2-2;2-1/ordnung.12/(2)^4(6)^2/min.414	12	e7f842656ae34ecb5bbcaef453fa9111	0	12
carat/tables/qcatalog/dim6/dir.2-2;2-2;2-1/ordnung.144/(1)^3(3)^3(6)^2/group.3164	144	afd5d3557f2c6d0fd5d396e3c0bc67e1	0	72
carat/tables/qcatalog/dim6/dir.2-2;2-2;2-1/ordnung.144/(1)^4(2)^1(6)^2(18)^1/group.3165	144	21768836e9a62457b9a8fe67b3e4cbfd	0	90
carat/tables/qcatalog/dim6/dir.2-2;2-2;2-1/ordnung.144/(1)^4(2)^2(6)^2/group.3166	144	b416c25d845ebd4d98ecf8c1e08ba0f3	0	90
carat/tables/qcatalog/dim6/dir.2-2;2-2;2-1/ordnung.144/(1)^4(2)^2(6)^2/group.3167	144	bf4a4d475c88a07f30b916f0ca4da865	0	90
carat/tables/qcatalog/dim6/dir.2-2;2-2;2-1/ordnung.144/(1)^4(2)^2(6)^2/group.3168	144	26dc351ba7d27e99f2e8ae8581d589ff	0	90
carat/tables/qcatalog/dim6/dir.2-2;2-2;2-1/ordnung.144/(1)^4(2)^2(6)^2/group.3169	144	69cb98fd1763c77348817c8995d2a679	0	90
carat/tables/qcatalog/dim6/dir.2-2;2-2;2-1/ordnung.144/(1)^4(2)^2(6)^2/group.3170	144	5bd0f29ef602c5517906bad6654ce9f7	0	90
carat/tables/qcatalog/dim6/dir.2-2;2-2;2-1/ordnung.144/(1)^4(3)^4(18)^2/group.3171	144	d0569dddbcfac55580154c3308b9ff83	0	48
carat/tables/qcatalog/dim6/dir.2-2;2-2;2-1/ordnung.144/(1)^4(6)^2/group.3172	144	3511cb01701fd2e1f70bead1c6f58b87	0	144
carat/tables/qcatalog/dim6/dir.2-2;2-2;2-1/ordnung.144/(1)^5(3)^1(6)^2/group.3173	144	6b1e856a2666bbd9ccfd03f14464b3c3	0	72
carat/tables/qcatalog/dim6/dir.2-2;2-2;2-1/ordnung.144/(1)^5(3)^1(6)^2/group.3174	144	8644693e8b9869edefcec65367696b07	0	72
carat/tables/qcatalog/dim6/dir.2-2;2-2;2-1/ordnung.144/(1)^5(3)^1(6)^2/group.3175	144	38fcd2eb018921cb2c5cca4ca67fa2dd	0	72
carat/tables/qcatalog/dim6/dir.2-2;2-2;2-1/ordnung.144/(1)^5(3)^1(6)^2/group.3176	144	57438930d4375de9f8bec4d00a1886fb	0	72
carat/tables/qcatalog/dim6/dir.2-2;2-2;2-1/ordnung.144/(1)^5(3)^1(6)^2/group.3177	144	08599a2e9f9c5e513825f2256edc07a3	0	72
carat/tables/qcatalog/dim6/dir.2-2;2-2;2-1/ordnung.144/(1)^8(6)^4/group.3278	144	1705d13a626a3312cbcf2edbcf079c2c	0	27
carat/tables/qcatalog/dim6/dir.2-2;2-2;2-1/ordnung.144/(1)^8(6)^4/group.3279	144	545b4587a86fd474535fae23436eb97e	0	27
carat/tables/qcatalog/dim6/dir.2-2;2-2;2-1/ordnung.144/(1)^8(6)^4/group.3280	144	22d11f7d9a410733bee312481449f7dd	0	24
carat/tables/qcatalog/dim6/dir.2-2;2-2;2-1/ordnung.144/(1)^8(6)^4/group.3281	144	0b3c4401e7875e2b02d56a393d6a8b1d	0	24
carat/tables/qcatalog/dim6/dir.2-2;2-2;2-1/ordnung.144/(1)^8(6)^4/group.3282	144	0e1d6d9b136ac99bb105063d83f11145	0	24
carat/tables/qcatalog/dim6/dir.2-2;2-2;2-1/ordnung.144/(1)^8(6)^4/group.3283	144	bb9865f1cc3390db56f4f04ed7101ebd	0	24
carat/tables/qcatalog/dim6/dir.2-2;2-2;2-1/ordnung.144/(1)^8(6)^4/group.3284	144	726dd2102cb21c3931d6e6a3452c2f83	0	30
carat/tables/qcatalog/dim6/dir.2-2;2-2;2-1/ordnung.144/(1)^8(6)^4/group.3285	144	eb0b76fd27c6546349a58ab55cea116d	0	30
carat/tables/qcatalog/dim6/dir.2-2;2-2;2-1/ordnung.144/(1)^8(6)^4/group.3286	144	b37ef69d18c8585b7dcd5d4356cb2295	0	30
carat/tables/qcatalog/dim6/dir.2-2;2-2;2-1/ordnung.144/(1)^8(6)^4/group.3287	144	401c434d2adc582d3aae2dc931ef8847	0	30
carat/tables/qcatalog/dim6/dir.2-2;2-2;2-1/ordnung.144/(1)^8(6)^4/group.3288	144	959b6440c2cf8015b24e153245d3c36f	0	30
carat/tables/qcatalog/dim6/dir.2-2;2-2;2-1/ordnung.144/(1)^8(6)^4/group.3289	144	e5acdd4e2afdad3d151c2607e0d15b47	0	30
carat/tables/qcatalog/dim6/dir.2-2;2-2;2-1/ordnung.144/(1)^8(6)^4/group.3290	144	2c92c4a2291c644f6338d10d82f2aaf1	0	24
carat/tables/qcatalog/dim6/dir.2-2;2-2;2-1/ordnung.144/(1)^8(6)^4/group.3291	144	2a5b1946d64470474a7d60c23286a719	0	24
carat/tables/qcatalog/dim6/dir.2-2;2-2;2-1/ordnung.144/(1)^8(6)^4/group.3292	144	3e9ec1cbbcbdaeb9a02c23f29a02836f	0	42
carat/tables/qcatalog/dim6/dir.2-2;2-2;2-1/ordnung.144/(1)^8(6)^4/group.3293	144	536a63f84fe734f99029eae492668db7	0	30
carat/tables/qcatalog/dim6/dir.2-2;2-2;2-1/ordnung.144/(1)^8(6)^4/group.3294	144	522fc56f77e30849b7686864aea9baa7	0	42
carat/tables/qcatalog/dim6/dir.2-2;2-2;2-1/ordnung.144/(1)^8(6)^4/group.3295	144	21c1a2690978565b09c09680cc9bacd9	0	30
carat/tables/qcatalog/dim6/dir.2-2;2-2;2-1/ordnung.144/(1)^8(6)^4/group.3296	144	f2e86fcc0fd8aa7f4e664904f06e8ef5	0	42
carat/tables/qcatalog/dim6/dir.2-2;2-2;2-1/ordnung.144/(1)^8(6)^4/group.3297	144	30618e36435d916b4e309f7d82d88741	0	30
carat/tables/qcatalog/dim6/dir.2-2;2-2;2-1/ordnung.72/(1)^5(3)^1(6)^4/group.3469	72	909398c6a4215125f4fdcd02d4322203	0	27
carat/tables/qcatalog/dim6/dir.2-2;2-2;2-1/ordnung.72/(1)^5(3)^1(6)^4/group.3470	72	4e1bf3d3e4041ea9f001daa4a66e251f	0	27
carat/tables/qcatalog/dim6/dir.2-2;2-2;2-1/ordnung.72/(1)^5(3)^1(6)^4/group.3471	72	73255b4b836bbc613ef29d6a4887bec7	0	27
carat/tables/qcatalog/dim6/dir.2-2;2-2;2-1/ordnung.72/(1)^5(3)^1(6)^4/group.3472	72	d5c39cc0ecebdc4715a970aed2acf79d	0	27
carat/tables/qcatalog/dim6/dir.2-2;2-2;2-1/ordnung.72/(1)^5(3)^3(6)^1(18)^1/group.3473	72	9bffebde61dcd6d964751b31b26a8d87	0	18
carat/tables/qcatalog/dim6/dir.2-2;2-2;2-1/ordnung.72/(1)^5(3)^3(6)^1(18)^1/group.3474	72	87326bfa661add59535cc7caf8f47197	0	18
carat/tables/qcatalog/dim6/dir.2-2;2-2;2-1/ordnung.72/(1)^5(3)^3(6)^1(18)^1/group.3475	72	85a72ae9e3d21fdde29df6f00ea1fd1b	0	18
carat/tables/qcatalog/dim6/dir.2-2;2-2;2-1/ordnung.72/(1)^5(3)^3(6)^1(18)^1/group.3476	72	6b32ebf84f4fc5ab602f39bcca645d31	0	18
carat/tables/qcatalog/dim6/dir.2-2;2-2;2-1/ordnung.72/(1)^5(3)^3(6)^1(18)^1/group.3477	72	219544c01cfd68bf3555d49f84169735	0	18
carat/tables/qcatalog/dim6/dir.2-2;2-2;2-1/ordnung.72/(1)^5(3)^3(6)^1(18)^1/group.3478	72	d6061098fbe5c0417c6cf792fccae22f	0	18
carat/tables/qcatalog/dim6/dir.2-2;2-2;2-1/ordnung.72/(1)^5(3)^3(6)^1(18)^1/group.3479	72	7fd417a65739f9a57fee344968acaeb3	0	18
carat/tables/qcatalog/dim6/dir.2-2;2-2;2-1/ordnung.72/(1)^6(2)^1(6)^3/group.3480	72	0250c2f8c5e3ff3756c35d7f83a64bfd	0	27
carat/tables/qcatalog/dim6/dir.2-2;2-2;2-1/ordnung.72/(1)^6(2)^1(6)^3/group.3481	72	e1c9fe0ebef687ed6381ba1b74b7b8a3	0	27
carat/tables/qcatalog/dim6/dir.2-2;2-2;2-1/ordnung.72/(1)^6(2)^1(6)^3/group.3482	72	1494b6f84af574f9bcca3bc7dbbf6317	0	27
carat/tables/qcatalog/dim6/dir.2-2;2-2;2-1/ordnung.72/(1)^6(2)^1(6)^3/group.3483	72	c1fe2fa6887f9c03d21617916d4acaf1	0	27
carat/tables/qcatalog/dim6/dir.2-2;2-2;2-1/ordnung.72/(1)^6(2)^1(6)^3/group.3484	72	5a24b17db6ed7fcd37c976416721694b	0	27
carat/tables/qcatalog/dim6/dir.2-2;2-2;2-1/ordnung.72/(1)^6(2)^1(6)^3/group.3485	72	651dff7e88235acd0714208f91e8fb6b	0	27
carat/tables/qcatalog/dim6/dir.2-2;2-2;2-1/ordnung.72/(1)^6(2)^1(6)^3/group.3486	72	d4e291774f14e0354dff8161376f5583	0	27
carat/tables/qcatalog/dim6/dir.2-2;2-2;2-1/ordnung.72/(1)^6(3)^2(6)^2(18)^2/group.3489	72	8702e61f8e87a509c018788e1bd1278b	0	21
carat/tables/qcatalog/dim6/dir.2-2;2-2;2-1/ordnung.72/(1)^6(3)^2(6)^2(18)^2/group.3490	72	e6755f6dff4df3bd223fa071aeb1323f	0	21
carat/tables/qcatalog/dim6/dir.2-2;2-2;2-1/ordnung.72/(1)^4(2)^2(6)^2/group.3449	72	a4c6ed64835a9a05d5f095f158ebad3f	0	45
carat/tables/qcatalog/dim6/dir.2-2;2-2;2-1/ordnung.72/(1)^4(2)^2(6)^2/group.3450	72	7f69faade20988cbc09b5178f22a02f5	0	45
carat/tables/qcatalog/dim6/dir.2-2;2-2;2-1/ordnung.72/(1)^4(2)^2(6)^2/group.3451	72	38833b9a92243d7f4842cb3f2e38eaf9	0	45
carat/tables/qcatalog/dim6/dir.2-2;2-2;2-1/ordnung.72/(1)^4(2)^2(6)^2/group.3452	72	1a6b453d3e23cbb31634459dc0cfe73d	0	45
carat/tables/qcatalog/dim6/dir.2-2;2-2;2-1/ordnung.72/(1)^4(3)^4(18)^2/group.3453	72	d12e9d94f6b4cb65d0635a1c2d7f7e27	0	24
carat/tables/qcatalog/dim6/dir.2-2;2-2;2-1/ordnung.72/(1)^4(3)^4(18)^2/group.3454	72	5ab9497aced29b998c2a1c72c566183b	0	24
carat/tables/qcatalog/dim6/dir.2-2;2-2;2-1/ordnung.72/(1)^4(3)^4(18)^2/group.3455	72	a3c510d3b5dc50c5c90ecf68286c6a17	0	24
carat/tables/qcatalog/dim6/dir.2-2;2-2;2-1/ordnung.72/(1)^4(6)^2/group.3456	72	0db86441b04e26d942937500350a94f3	0	72
carat/tables/qcatalog/dim6/dir.2-2;2-2;2-1/ordnung.72/(1)^4(6)^2/group.3457	72	e913ab9297f8a4b9109a5acd7a83f303	0	72
carat/tables/qcatalog/dim6/dir.2-2;2-2;2-1/ordnung.72/(1)^4(6)^2/group.3458	72	c9fd3cd854771205d8127a296723027f	0	72
carat/tables/qcatalog/dim6/dir.2-2;2-2;2-1/ordnung.72/(1)^5(3)^1(6)^2/group.3459	72	37bddbbd19258749a162d9c08ee8d5ef	0	36
carat/tables/qcatalog/dim6/dir.2-2;2-2;2-1/ordnung.72/(1)^5(3)^1(6)^2/group.3460	72	d0b3be9f52de611944640819d0a985cf	0	36
carat/tables/qcatalog/dim6/dir.2-2;2-2;2-1/ordnung.72/(1)^5(3)^1(6)^2/group.3461	72	29e4668b342ea659f8cbb54d8e12198f	0	36
carat/tables/qcatalog/dim6/dir.2-2;2-2;2-1/ordnung.72/(1)^5(3)^1(6)^2/group.3462	72	1759ee3baab259c3fc0b0c3b5cf65d91	0	36
carat/tables/qcatalog/dim6/dir.2-2;2-2;2-1/ordnung.72/(1)^5(3)^1(6)^2/group.3463	72	07104161562caa17b67f9f464d9cb00d	0	36
carat/tables/qcatalog/dim6/dir.2-2;2-2;2-1/ordnung.72/(1)^5(3)^1(6)^2/group.3464	72	bb4d2834a360010f099aba084a3f6bfd	0	36
carat/tables/qcatalog/dim6/dir.2-2;2-2;2-1/ordnung.72/(1)^5(3)^1(6)^2/group.3465	72	1c427a4af5b50fdb39851e469e82d311	0	36
carat/tables/qcatalog/dim6/dir.2-2;2-2;2-1/ordnung.72/(1)^5(3)^1(6)^4/group.3466	72	bda128ea6c5d2425754d8eda93da4353	0	27
carat/tables/qcatalog/dim6/dir.2-2;2-2;2-1/ordnung.72/(1)^5(3)^1(6)^4/group.3467	72	7e33c90ceba709ff2c658f43a87ab1fd	0	27
carat/tables/qcatalog/dim6/dir.2-2;2-2;2-1/ordnung.72/(1)^5(3)^1(6)^4/group.3468	72	62bae24db7d98277d0b26a02eb6a3365	0	27
carat/tables/qcatalog/dim6/dir.2-2;2-2;2-1/ordnung.288/(1)^6(3)^2(6)^2/group.3333	288	76881d12be3bd94092e432f2dcc0c55a	0	96
carat/tables/qcatalog/dim6/dir.2-2;2-2;2-1/ordnung.288/(1)^6(3)^2(6)^2/group.3334	288	791f34c01143a570b9cbd29a7eb3f1fe	0	72
carat/tables/qcatalog/dim6/dir.2-2;2-2;2-1/ordnung.288/(1)^6(3)^2(6)^2/group.3335	288	9a011de548764f928cdd67a456644420	0	72
carat/tables/qcatalog/dim6/dir.2-2;2-2;2-1/ordnung.288/(1)^6(3)^2(6)^2/group.3336	288	342a9ab2cdb5edca870ec94ea88f4f80	0	72
carat/tables/qcatalog/dim6/dir.2-2;2-2;2-1/ordnung.288/(1)^6(3)^2(6)^2/group.3337	288	7cb6ee4e275e6f96092091040eb185f4	0	72
carat/tables/qcatalog/dim6/dir.2-2;2-2;2-1/ordnung.288/(1)^6(3)^2(6)^2/group.3338	288	67254be57613880edcd234941acbb344	0	72
carat/tables/qcatalog/dim6/dir.2-2;2-2;2-1/ordnung.288/(1)^7(3)^1(6)^3(18)^1/group.3340	288	b06a91f507600e4979c236c94ca87dbf	0	45
carat/tables/qcatalog/dim6/dir.2-2;2-2;2-1/ordnung.288/(1)^7(3)^1(6)^3(18)^1/group.3341	288	df4633f6e0a797d159b648bc3830532f	0	45
carat/tables/qcatalog/dim6/dir.2-2;2-2;2-1/ordnung.288/(1)^7(3)^1(6)^3(18)^1/group.3342	288	063b5a76bade48997779fcd49f4ea9ff	0	45
carat/tables/qcatalog/dim6/dir.2-2;2-2;2-1/ordnung.288/(1)^7(3)^1(6)^3(18)^1/group.3343	288	8eee1db61a2c0eb1d9fb1b1e3698bc6f	0	45
carat/tables/qcatalog/dim6/dir.2-2;2-2;2-1/ordnung.288/(1)^7(3)^1(6)^3(18)^1/group.3344	288	247aeb228c9131e1c9a6c549086c7bf7	0	45
carat/tables/qcatalog/dim6/dir.2-2;2-2;2-1/ordnung.288/(1)^7(3)^1(6)^3(18)^1/group.3345	288	0c63c65e5d1f89111a731564f5a7619f	0	45
carat/tables/qcatalog/dim6/dir.2-2;2-2;2-1/ordnung.288/(1)^7(3)^1(6)^3(18)^1/group.3346	288	c20e768d61f8aaf6993f1ef7fd305bec	0	48
carat/tables/qcatalog/dim6/dir.2-2;2-2;2-1/ordnung.288/(1)^7(3)^1(6)^3(18)^1/group.3347	288	bcad0bbbf6e5b9205b5a6371d4e003ae	0	48
carat/tables/qcatalog/dim6/dir.2-2;2-2;2-1/ordnung.288/(1)^7(3)^1(6)^3(18)^1/group.3348	288	c6383b2f77ff595434d35a3f9cd3962a	0	54
carat/tables/qcatalog/dim6/dir.2-2;2-2;2-1/ordnung.288/(1)^7(3)^1(6)^3(18)^1/group.3349	288	eb3a3c99f1f904cbe10b6a2f59b215b1	0	45
carat/tables/qcatalog/dim6/dir.2-2;2-2;2-1/ordnung.288/(1)^7(3)^1(6)^3(18)^1/group.3350	288	17c7ec153f075a140e393ee8f8a34f9a	0	54
carat/tables/qcatalog/dim6/dir.2-2;2-2;2-1/ordnung.288/(1)^7(3)^1(6)^3(18)^1/group.3351	288	aa21cb647de6bae7e177af2e188b16ed	0	45
carat/tables/qcatalog/dim6/dir.2-2;2-2;2-1/ordnung.288/(1)^7(3)^1(6)^3(18)^1/group.3352	288	2d6a38a633e664d331162aa090eea389	0	45
carat/tables/qcatalog/dim6/dir.2-2;2-2;2-1/ordnung.288/(1)^8(6)^4/group.3353	288	bde209df552a9978cc64d7d5320b0042	0	84
carat/tables/qcatalog/dim6/dir.2-2;2-2;2-1/ordnung.288/(1)^8(6)^4/group.3354	288	790f577adcdf5b7c6f1adb8c395a3a72	0	48
carat/tables/qcatalog/dim6/dir.2-2;2-2;2-1/ordnung.288/(1)^8(6)^4/group.3355	288	d5fd13998328c430ca22feab86e8de1a	0	60
carat/tables/qcatalog/dim6/dir.2-2;2-2;2-1/ordnung.288/(1)^8(6)^4/group.3356	288	23a62579b44f3ee20fdcc82d6fab6cdc	0	60
carat/tables/qcatalog/dim6/dir.2-2;2-2;2-1/ordnung.288/(1)^8(6)^4/group.3357	288	34467ae218a14e44acdfad5d2038edb2	0	48
carat/tables/qcatalog/dim6/dir.2-2;2-2;2-1/ordnung.288/(1)^8(6)^4/group.3358	288	c0f6612d0007783a17fe6ab205bd8634	0	84
carat/tables/qcatalog/dim6/dir.2-2;2-2;2-1/ordnung.288/(1)^8(6)^4/group.3359	288	ec4b02bdc25dc300cb440aff1ffd5016	0	54
carat/tables/qcatalog/dim6/dir.2-2;2-2;2-1/ordnung.288/(1)^8(6)^4/group.3360	288	977448327997531ccda02aaa618c71c2	0	54
carat/tables/qcatalog/dim6/dir.2-2;2-2;2-1/ordnung.288/(1)^8(6)^4/group.3361	288	6f4fdd2d48f5e7361da6d8666db87a14	0	54
carat/tables/qcatalog/dim6/dir.2-2;2-2;2-1/ordnung.288/(1)^8(6)^4/group.3362	288	543e2cd8288c659364b1982347a41611	0	45
carat/tables/qcatalog/dim6/dir.2-2;2-2;2-1/ordnung.288/(1)^8(6)^4/group.3363	288	edb6ecb9c2198b596fd061e71e521847	0	45
carat/tables/qcatalog/dim6/dir.2-2;2-2;2-1/ordnung.288/(1)^8(6)^4/group.3364	288	8a3316f05233145bc9c88ce141d7c3c1	0	45
carat/tables/qcatalog/dim6/dir.2-2;2-2;2-1/ordnung.288/(1)^8(6)^4/group.3365	288	3a3355ef6d6f056171b8f9cbef61635f	0	45
carat/tables/qcatalog/dim6/dir.2-2;2-2;2-1/ordnung.288/(1)^8(6)^4/group.3366	288	a8e6b7591821b43493bc7b07b1d372aa	0	54
carat/tables/qcatalog/dim6/dir.2-2;2-2;2-1/ordnung.288/(1)^8(6)^4/group.3367	288	ab32dc7696a751bc487333ef54aaf522	0	54
carat/tables/qcatalog/dim6/dir.2-2;2-2;2-1/ordnung.288/(1)^8(6)^4/group.3368	288	12c2d2bd9d0f3f3ed306a8676272fe74	0	54
carat/tables/qcatalog/dim6/dir.2-2;2-2;2-1/ordnung.288/(1)^8(6)^4/group.3369	288	f13e7e629b37f75c83e813e68c3b6f22	0	54
carat/tables/qcatalog/dim6/dir.2-2;2-2;2-1/ordnung.288/(1)^8(6)^4/group.3370	288	6764e0bd396e2491ddd11991b9498457	0	45
carat/tables/qcatalog/dim6/dir.2-2;2-2;2-1/ordnung.288/(1)^8(6)^4/group.3371	288	87163ae611ce763751ccb6c30893dbad	0	45
carat/tables/qcatalog/dim6/dir.2-2;2-2;2-1/ordnung.288/(1)^8(6)^4/group.3372	288	a1103973d0301e4168f4cc07b2bcc85f	0	45
carat/tables/qcatalog/dim6/dir.2-2;2-2;2-1/ordnung.288/(1)^8(6)^4/group.3373	288	52db1e7e60877b97df197d5cdfd9bf2d	0	45
carat/tables/qcatalog/dim6/dir.2-2;2-2;2-1/ordnung.72/(1)^6(3)^2(6)^2(18)^2/group.3491	72	b2d93c7b0b1f1b63494931de81472335	0	21
carat/tables/qcatalog/dim6/dir.2-2;2-2;2-1/ordnung.72/(1)^6(3)^2(6)^2(18)^2/group.3492	72	d765bad357a8259535cf6455e78e5827	0	21
carat/tables/qcatalog/dim6/dir.2-2;2-2;2-1/ordnung.72/(1)^6(3)^2(6)^2/group.3487	72	00aee2fcdf06088187e4eee4324ae333	0	24
carat/tables/qcatalog/dim6/dir.2-2;2-2;2-1/ordnung.72/(1)^6(3)^2(6)^2/group.3488	72	cb06b5ab344bed714f28428957ae94a3	0	24
carat/tables/qcatalog/dim6/dir.2-2;2-2;2-1/ordnung.72/(1)^7(3)^1(6)^3(18)^1/group.3493	72	926839a457c9d5e92d1b27e7dbe9161f	0	15
carat/tables/qcatalog/dim6/dir.2-2;2-2;2-1/ordnung.72/(1)^7(3)^1(6)^3(18)^1/group.3494	72	ed394887baeb754d719143df5767ab33	0	15
carat/tables/qcatalog/dim6/dir.2-2;2-2;2-1/ordnung.72/(1)^7(3)^1(6)^3(18)^1/group.3495	72	3d4535c24f07a183392edcadd1fe8de9	0	15
carat/tables/qcatalog/dim6/dir.2-2;2-2;2-1/ordnung.72/(1)^7(3)^1(6)^3(18)^1/group.3496	72	836cda81a7ebdd75759e0acb79986083	0	15
carat/tables/qcatalog/dim6/dir.2-2;2-2;2-1/ordnung.72/(1)^7(3)^1(6)^3(18)^1/group.3497	72	6683b0b8deb3d131f5b45c39955f88cf	0	15
carat/tables/qcatalog/dim6/dir.2-2;2-2;2-1/ordnung.72/(1)^7(3)^1(6)^3(18)^1/group.3498	72	a326eb626d4fe8cd2d38282a8b66031b	0	15
carat/tables/qcatalog/dim6/dir.2-2;2-2;2-1/ordnung.72/(1)^7(3)^1(6)^3(18)^1/group.3499	72	e52d31722ca740ff35db3f4ebc509715	0	15
carat/tables/qcatalog/dim6/dir.2-2;2-2;2-1/ordnung.72/(1)^8(6)^4/group.3500	72	11c52ca1e18c0a01de10eb5ae66be1d3	0	21
carat/tables/qcatalog/dim6/dir.2-2;2-2;2-1/ordnung.72/(1)^8(6)^4/group.3501	72	6307e0682d01e86b4b6ad3df87ebf875	0	21
carat/tables/qcatalog/dim6/dir.2-2;2-2;2-1/ordnung.96/(2)^6(6)^2/group.3502	96	6898a5a3d7c3a2ade84e9ab40da1ad5b	0	60
carat/tables/qcatalog/dim6/dir.2-2;2-2;2-1/ordnung.96/(2)^6(6)^4/group.3503	96	678c1667e9272c8fbfe8f7af1e454f99	0	48
carat/tables/qcatalog/dim6/dir.2-2;2-2;2-1/ordnung.96/(2)^8(6)^4/group.3504	96	603682a6d58de20da33cdc31c7b98117	0	30
carat/tables/qcatalog/dim6/dir.2-2;2-2;2-1/ordnung.96/(2)^8(6)^4/group.3505	96	daf3f083c14391277706ee6258fe9e19	0	36
carat/tables/qcatalog/dim6/dir.2-2;2-2;2-1/ordnung.96/(2)^8(6)^4/group.3506	96	d16c0bf245e5aa019c9703c4384412ab	0	30
carat/tables/qcatalog/dim6/dir.2-2;2-2;2-1/ordnung.96/(2)^8(6)^4/group.3507	96	780a20da96d360817492e6b264455cd3	0	36
carat/tables/qcatalog/dim6/dir.2-2;2-2;2-1/ordnung.96/(2)^8(6)^4/group.3508	96	17b8b0c54ebd77e9fbb8a1c34c732613	0	30
carat/tables/qcatalog/dim6/dir.2-2;2-2;2-1/ordnung.96/(2)^8(6)^4/group.3509	96	3c18b9bd811d64fd3382e3e5899e05ff	0	30
carat/tables/qcatalog/dim6/dir.2-2;2-2;2-1/ordnung.96/(2)^8(6)^4/group.3510	96	cf06bcee8afae2a5b160159467c8017f	0	30
carat/tables/qcatalog/dim6/dir.2-2;2-2;2-2/ordnung.108/(1)^2(3)^3(9)^1/group.3511	108	b02043318e69e3990b3c0dce9893a5e7	0	108
carat/tables/qcatalog/dim6/dir.2-2;2-2;2-2/ordnung.108/(1)^2(3)^4(9)^2/group.3512	108	1a2df94bb45bb01d98843b7493952bff	0	54
carat/tables/qcatalog/dim6/dir.2-2;2-2;2-2/ordnung.108/(1)^2(3)^5(9)^3/group.3513	108	caa00f1d8a5505518344425aa8b2fbaf	0	36
carat/tables/qcatalog/dim6/dir.2-2;2-2;2-2/ordnung.108/(1)^2(3)^6/group.3514	108	8aa5a56312f925ebfc6f1320285d4c1d	0	54
carat/tables/qcatalog/dim6/dir.2-2;2-2;2-2/ordnung.108/(1)^2(3)^6/group.3515	108	8a2dd9fb81119eabe365dcc939ca381d	0	54
carat/tables/qcatalog/dim6/dir.2-2;2-2;2-2/ordnung.108/(1)^2(3)^6/group.3516	108	3000db1212d3f7edaa774bcbad185007	0	54
carat/tables/qcatalog/dim6/dir.2-2;2-2;2-2/ordnung.108/(1)^2(3)^6/group.3517	108	4787b14aae9f5fdd598f7235d23199f7	0	54
carat/tables/qcatalog/dim6/dir.2-2;2-2;2-2/ordnung.108/(1)^2(3)^7(9)^1/group.3518	108	65a5e9ea6eae5920fbaa65b8017c3a4a	0	27
carat/tables/qcatalog/dim6/dir.2-2;2-2;2-2/ordnung.108/(1)^2(3)^7(9)^1/group.3519	108	595df8d9949ec5eed53d04e80e078b88	0	27
carat/tables/qcatalog/dim6/dir.2-2;2-2;2-2/ordnung.108/(1)^2(3)^7(9)^1/group.3520	108	e5baac57d1821d80bf8945d49996bb02	0	27
carat/tables/qcatalog/dim6/dir.2-2;2-2;2-2/ordnung.108/(1)^2(3)^7(9)^1/group.3521	108	79c4d29bd6306402f3acf53038adc1f4	0	27
carat/tables/qcatalog/dim6/dir.2-2;2-2;2-2/ordnung.108/(1)^2(3)^8(9)^2/group.3522	108	eea27e8a381d9a5c94b8f5dc69c403be	0	18
carat/tables/qcatalog/dim6/dir.2-2;2-2;2-2/ordnung.108/(1)^2(3)^8(9)^2/group.3523	108	09831f250b6d0b96ca2b4bcc296b4368	0	18
carat/tables/qcatalog/dim6/dir.2-2;2-2;2-2/ordnung.108/(1)^2(3)^8(9)^2/group.3524	108	639aef80f15d7744c3a8fd6f255c024e	0	18
carat/tables/qcatalog/dim6/dir.2-2;2-2;2-2/ordnung.108/(1)^2(3)^8(9)^2/group.3525	108	63b2c20c42b5acde5b572be4cabd6518	0	18
carat/tables/qcatalog/dim6/dir.2-2;2-2;2-2/ordnung.108/(1)^3(3)^3/group.3526	108	45f507ca894c57ed94c8c786c3fc2c43	0	108
carat/tables/qcatalog/dim6/dir.2-2;2-2;2-2/ordnung.108/(1)^3(3)^3/group.3527	108	c99aba0ac4dcdd75b153d27be2c6249b	0	108
carat/tables/qcatalog/dim6/dir.2-2;2-2;2-2/ordnung.108/(1)^3(3)^4(9)^1/group.3528	108	1226391395209d1f367fc57f8892ff49	0	54
carat/tables/qcatalog/dim6/dir.2-2;2-2;2-1/ordnung.288/(1)^4(2)^2(6)^2/group.3314	288	ea4e3b51ad987a0e4b366794c6068f10	0	180
carat/tables/qcatalog/dim6/dir.2-2;2-2;2-1/ordnung.288/(1)^5(3)^1(6)^2/group.3315	288	92a79f47cab6d14ada5a0f215941ec48	0	144
carat/tables/qcatalog/dim6/dir.2-2;2-2;2-1/ordnung.288/(1)^5(3)^1(6)^4/group.3316	288	fc7b07250ace893064970acb23557ec6	0	90
carat/tables/qcatalog/dim6/dir.2-2;2-2;2-1/ordnung.288/(1)^5(3)^3(6)^1(18)^1/group.3317	288	239330a9f6bb6cbc7d53e87ee4b3e4ea	0	72
carat/tables/qcatalog/dim6/dir.2-2;2-2;2-1/ordnung.288/(1)^6(2)^1(6)^3/group.3318	288	5e89331258b434484578a18fb6e3e9ce	0	90
carat/tables/qcatalog/dim6/dir.2-2;2-2;2-1/ordnung.288/(1)^6(2)^1(6)^3/group.3319	288	dc0bd39f4a39bcd28816a4930c3565a8	0	90
carat/tables/qcatalog/dim6/dir.2-2;2-2;2-1/ordnung.288/(1)^6(2)^1(6)^3/group.3320	288	33e21a7d5ff868449ee11420759adb6a	0	90
carat/tables/qcatalog/dim6/dir.2-2;2-2;2-1/ordnung.288/(1)^6(2)^1(6)^3/group.3321	288	73bf6d9d97fbf09ecfc1d90bb3052724	0	90
carat/tables/qcatalog/dim6/dir.2-2;2-2;2-1/ordnung.288/(1)^6(2)^1(6)^3/group.3322	288	1b39a392f7a23ff820a9bbe18c8d498e	0	90
carat/tables/qcatalog/dim6/dir.2-2;2-2;2-1/ordnung.288/(1)^6(2)^1(6)^3/group.3323	288	fe5e5f32b593d6ec8cf4669add5340b2	0	90
carat/tables/qcatalog/dim6/dir.2-2;2-2;2-1/ordnung.288/(1)^6(2)^1(6)^3/group.3324	288	2b57c237e21918ec6aae2b37c77f9d0a	0	90
carat/tables/qcatalog/dim6/dir.2-2;2-2;2-1/ordnung.288/(1)^6(2)^1(6)^3/group.3325	288	54361fd599572e903c8b3da97ca5f58e	0	90
carat/tables/qcatalog/dim6/dir.2-2;2-2;2-1/ordnung.288/(1)^6(2)^1(6)^3/group.3326	288	4dec2e51e5323ac402ef1d7cc8e28062	0	108
carat/tables/qcatalog/dim6/dir.2-2;2-2;2-1/ordnung.288/(1)^6(2)^1(6)^3/group.3327	288	f80454515b29e020abf93c955d431696	0	90
carat/tables/qcatalog/dim6/dir.2-2;2-2;2-1/ordnung.288/(1)^6(2)^1(6)^3/group.3328	288	ae6e4eb2b456cff437273a5baabe593a	0	90
carat/tables/qcatalog/dim6/dir.2-2;2-2;2-1/ordnung.288/(1)^6(2)^1(6)^3/group.3329	288	8a50101226e583563f6fc4ee8f95218c	0	108
carat/tables/qcatalog/dim6/dir.2-2;2-2;2-1/ordnung.288/(1)^6(2)^1(6)^3/group.3330	288	6d8ac14b44e1ae862a21f25fc783e3ac	0	90
carat/tables/qcatalog/dim6/dir.2-2;2-2;2-1/ordnung.288/(1)^6(3)^2(6)^2(18)^2/group.3339	288	3e25686a6cd63ac2767b8917fd8e47fc	0	60
carat/tables/qcatalog/dim6/dir.2-2;2-2;2-1/ordnung.288/(1)^6(3)^2(6)^2/group.3331	288	a78ccfc758fc22d87b2310f32e09a6b6	0	72
carat/tables/qcatalog/dim6/dir.2-2;2-2;2-1/ordnung.288/(1)^6(3)^2(6)^2/group.3332	288	c29fb18e1d3b5b988955b4aca257172e	0	72
carat/tables/qcatalog/dim6/dir.2-2;2-2;2-2/ordnung.108/(1)^3(3)^4(9)^1/group.3529	108	634c212613918dcf205b2062e60f19d9	0	54
carat/tables/qcatalog/dim6/dir.2-2;2-2;2-2/ordnung.108/(1)^3(3)^4(9)^1/group.3530	108	fa01cadd1a498795509ddbf59ac3662f	0	54
carat/tables/qcatalog/dim6/dir.2-2;2-2;2-2/ordnung.108/(1)^3(3)^5(9)^2/group.3531	108	891a7ad99dcf98fc048061068595b9de	0	27
carat/tables/qcatalog/dim6/dir.2-2;2-2;2-2/ordnung.108/(1)^3(3)^5(9)^2/group.3532	108	0487e7d413ccd501b9c4aa1809f7a547	0	36
carat/tables/qcatalog/dim6/dir.2-2;2-2;2-2/ordnung.108/(1)^3(3)^5(9)^2/group.3533	108	3e12c9e80ddbbcbe299f8bf2f73aadf0	0	27
carat/tables/qcatalog/dim6/dir.2-2;2-2;2-2/ordnung.108/(1)^3(3)^5(9)^2/group.3534	108	275e02256a574da66bf857a8f4705250	0	27
carat/tables/qcatalog/dim6/dir.2-2;2-2;2-2/ordnung.108/(1)^3(3)^5(9)^2/group.3535	108	f74b822ac219a21513e7abc3d81084e3	0	36
carat/tables/qcatalog/dim6/dir.2-2;2-2;2-2/ordnung.108/(1)^3(3)^5(9)^2/group.3536	108	5ffcc556dc38cbe9931f2e342680137f	0	36
carat/tables/qcatalog/dim6/dir.2-2;2-2;2-2/ordnung.108/(1)^3(3)^6(9)^3/group.3537	108	c126c8655a58a59d111c71bb9ef013d3	0	15
carat/tables/qcatalog/dim6/dir.2-2;2-2;2-2/ordnung.108/(1)^3(3)^6(9)^3/group.3538	108	7cd66a687780ea5de2a28a0f3e282c13	0	15
carat/tables/qcatalog/dim6/dir.2-2;2-2;2-2/ordnung.108/(1)^3(3)^7/group.3539	108	b91e351e1333a1dd2b33ba1e7c5a8863	0	36
carat/tables/qcatalog/dim6/dir.2-2;2-2;2-2/ordnung.108/(1)^3(3)^7/group.3540	108	43dd90e3c8ff37f52d15c38f1e07060b	0	36
carat/tables/qcatalog/dim6/dir.2-2;2-2;2-2/ordnung.108/(1)^3(3)^7/group.3541	108	dff966a177d6a4491eed597d6a1577bf	0	36
carat/tables/qcatalog/dim6/dir.2-2;2-2;2-2/ordnung.108/(1)^3(3)^8(9)^1/group.3542	108	73e64d1669541187afa07d1653423d6d	0	15
carat/tables/qcatalog/dim6/dir.2-2;2-2;2-2/ordnung.108/(1)^3(3)^8(9)^1/group.3543	108	8432b7e82ee1d05f1a4e347ae8acc9e5	0	15
carat/tables/qcatalog/dim6/dir.2-2;2-2;2-2/ordnung.108/(1)^4(3)^4/group.3544	108	fbef5b709fadfbfd8c102f8c35ccffd7	0	54
carat/tables/qcatalog/dim6/dir.2-2;2-2;2-2/ordnung.108/(1)^4(3)^4/group.3545	108	7a490fe1af793a6f9a7fb10a82c1f329	0	54
carat/tables/qcatalog/dim6/dir.2-2;2-2;2-2/ordnung.108/(1)^4(3)^5(9)^1/group.3546	108	c6e3538beb2644a6e78ed029756fe978	0	27
carat/tables/qcatalog/dim6/dir.2-2;2-2;2-2/ordnung.108/(1)^4(3)^5(9)^1/group.3547	108	564bb025d35a5462aa3086d5190d12fc	0	27
carat/tables/qcatalog/dim6/dir.2-2;2-2;2-2/ordnung.108/(1)^4(3)^5(9)^1/group.3548	108	56c725403fd408a65742cb717b7c2b70	0	27
carat/tables/qcatalog/dim6/dir.2-2;2-2;2-1/ordnung.48/(2)^6(6)^2/group.3409	48	7a9cb2afd6dbe7c87afa83cc6c28ebda	0	30
carat/tables/qcatalog/dim6/dir.2-2;2-2;2-1/ordnung.48/(2)^6(6)^4/group.3410	48	9c670fa50bed5550b712ac214dfc535e	0	24
carat/tables/qcatalog/dim6/dir.2-2;2-2;2-1/ordnung.48/(2)^6(6)^4/group.3411	48	b52525f74c9ca3a06c2945e29ce7f54e	0	24
carat/tables/qcatalog/dim6/dir.2-2;2-2;2-1/ordnung.48/(2)^6(6)^4/group.3412	48	27507663d624868cfbfd643489f772ca	0	24
carat/tables/qcatalog/dim6/dir.2-2;2-2;2-1/ordnung.48/(2)^6(6)^4/group.3413	48	f9858282d720aad81182565f4c087c26	0	24
carat/tables/qcatalog/dim6/dir.2-2;2-2;2-1/ordnung.48/(2)^8(6)^4/group.3414	48	06df13968887528c52347d9e55d7448a	0	18
carat/tables/qcatalog/dim6/dir.2-2;2-2;2-1/ordnung.48/(2)^8(6)^4/group.3415	48	5d06eef6a2d37b746d61d5a2924c3842	0	18
carat/tables/qcatalog/dim6/dir.2-2;2-2;2-1/ordnung.48/(2)^8(6)^4/group.3416	48	1b49af2b95e214d8063dd1f9a1bc88d6	0	18
carat/tables/qcatalog/dim6/dir.2-2;2-2;2-1/ordnung.48/(2)^8(6)^4/group.3417	48	ab63e3abcba9d56f0066177201cdac61	0	15
carat/tables/qcatalog/dim6/dir.2-2;2-2;2-1/ordnung.48/(2)^8(6)^4/group.3418	48	242357d3933adb6c45be0c5c7219ac3a	0	18
carat/tables/qcatalog/dim6/dir.2-2;2-2;2-1/ordnung.48/(2)^8(6)^4/group.3419	48	ce5753bfe85ae497311701c4a11bc649	0	15
carat/tables/qcatalog/dim6/dir.2-2;2-2;2-1/ordnung.48/(2)^8(6)^4/group.3420	48	ed13bdda98787816677a745b4ebab82c	0	18
carat/tables/qcatalog/dim6/dir.2-2;2-2;2-1/ordnung.48/(2)^8(6)^4/group.3421	48	97843dedae02e371fb1cc403129e02fb	0	15
carat/tables/qcatalog/dim6/dir.2-2;2-2;2-1/ordnung.48/(2)^8(6)^4/group.3422	48	40ab34db280d4dc8c483b2a6652cc6ee	0	18
carat/tables/qcatalog/dim6/dir.2-2;2-2;2-1/ordnung.48/(2)^8(6)^4/group.3423	48	55d5ac488499ecd91ae719843f8f4203	0	15
carat/tables/qcatalog/dim6/dir.2-2;2-2;2-1/ordnung.576/(1)^6(2)^1(6)^3/group.3424	576	956aba8bc19a21badd51cdbcdea1ca9c	0	180
carat/tables/qcatalog/dim6/dir.2-2;2-2;2-1/ordnung.576/(1)^6(3)^2(6)^2/group.3425	576	a214cee8235f86a43529873672c8243e	0	144
carat/tables/qcatalog/dim6/dir.2-2;2-2;2-1/ordnung.576/(1)^7(3)^1(6)^3(18)^1/group.3426	576	12eed2985dc0ba4e600a57f6ba91f918	0	90
carat/tables/qcatalog/dim6/dir.2-2;2-2;2-1/ordnung.576/(1)^8(6)^4/group.3427	576	812f32f39900c38e7ea23739d9d34678	0	90
carat/tables/qcatalog/dim6/dir.2-2;2-2;2-1/ordnung.576/(1)^8(6)^4/group.3428	576	968a7b7367f51d3aab6421457c7618fc	0	96
carat/tables/qcatalog/dim6/dir.2-2;2-2;2-1/ordnung.288/(1)^8(6)^4/group.3374	288	98bbec7bcbb620444ceda61bcbbc097a	0	48
carat/tables/qcatalog/dim6/dir.2-2;2-2;2-1/ordnung.288/(1)^8(6)^4/group.3375	288	6867213f40a226dcc618f8dd6ca4b242	0	48
carat/tables/qcatalog/dim6/dir.2-2;2-2;2-1/ordnung.288/(1)^8(6)^4/group.3376	288	ea07e242a7ad3cbc4c2ac892b6b91e92	0	60
carat/tables/qcatalog/dim6/dir.2-2;2-2;2-1/ordnung.288/(1)^8(6)^4/group.3377	288	39fc1cd61b0dfce83a609fe9ac7cadfa	0	60
carat/tables/qcatalog/dim6/dir.2-2;2-2;2-1/ordnung.288/(1)^8(6)^4/group.3378	288	9970e009c9055b023e6175de17df6edc	0	60
carat/tables/qcatalog/dim6/dir.2-2;2-2;2-1/ordnung.288/(1)^8(6)^4/group.3379	288	44d783df48583d2877686b2f3b6bc69e	0	60
carat/tables/qcatalog/dim6/dir.2-2;2-2;2-1/ordnung.288/(1)^8(6)^4/group.3380	288	d0f0765fc0b246f4d0d5da6a05385492	0	48
carat/tables/qcatalog/dim6/dir.2-2;2-2;2-1/ordnung.288/(1)^8(6)^4/group.3381	288	a51b2fcb0fe3ee141b374a10aa173962	0	48
carat/tables/qcatalog/dim6/dir.2-2;2-2;2-1/ordnung.288/(1)^8(6)^4/group.3382	288	edf88d4d0b8caa909dc5573b7f2eb476	0	54
carat/tables/qcatalog/dim6/dir.2-2;2-2;2-1/ordnung.288/(1)^8(6)^4/group.3383	288	64c46c5055ab56a0098e458a2d0a3876	0	54
carat/tables/qcatalog/dim6/dir.2-2;2-2;2-1/ordnung.288/(1)^8(6)^4/group.3384	288	ae41c6c4b859bc1046e2efa0de7e70fe	0	54
carat/tables/qcatalog/dim6/dir.2-2;2-2;2-1/ordnung.288/(1)^8(6)^4/group.3385	288	c8bd4783000fb72c9556066d9713bd02	0	54
carat/tables/qcatalog/dim6/dir.2-2;2-2;2-1/ordnung.288/(1)^8(6)^4/group.3386	288	9943633bb8dbdd1fc043a7ee548384bd	0	45
carat/tables/qcatalog/dim6/dir.2-2;2-2;2-1/ordnung.288/(1)^8(6)^4/group.3387	288	cc86ee0aa5a3e0416363db733262d98f	0	45
carat/tables/qcatalog/dim6/dir.2-2;2-2;2-1/ordnung.288/(1)^8(6)^4/group.3388	288	b9e0b6c31072876f4f8345a4684a8825	0	45
carat/tables/qcatalog/dim6/dir.2-2;2-2;2-1/ordnung.288/(1)^8(6)^4/group.3389	288	6d879ca231bfd951bdfe977c1bb39477	0	45
carat/tables/qcatalog/dim6/dir.2-2;2-2;2-1/ordnung.288/(1)^8(6)^4/group.3390	288	21cb319c5bcaec1b36c08796181fb6d1	0	45
carat/tables/qcatalog/dim6/dir.2-2;2-2;2-1/ordnung.288/(1)^8(6)^4/group.3391	288	6fbc53bf80e31b613a4cdcae75b7a8bf	0	45
carat/tables/qcatalog/dim6/dir.2-2;2-2;2-1/ordnung.288/(1)^8(6)^4/group.3392	288	3f518a30b727ecab28d6b3de4647ba41	0	45
carat/tables/qcatalog/dim6/dir.2-2;2-2;2-1/ordnung.288/(1)^8(6)^4/group.3393	288	841b0daa101a01be24eeea011dfedd1c	0	48
carat/tables/qcatalog/dim6/dir.2-2;2-2;2-2/ordnung.216/(1)^6(3)^6/group.3644	216	e734e5a5ea7eb02b300172862d5f24fd	0	60
carat/tables/qcatalog/dim6/dir.2-2;2-2;2-2/ordnung.216/(1)^6(3)^6/group.3645	216	89aef524b827566705044f23e4508d91	0	36
carat/tables/qcatalog/dim6/dir.2-2;2-2;2-2/ordnung.216/(1)^6(3)^6/group.3646	216	d7df8b3766f293d8679366366042460e	0	27
carat/tables/qcatalog/dim6/dir.2-2;2-2;2-2/ordnung.24/(1)^2(4)^1(12)^3/group.3647	24	d8fc418ccf60145e63e45bebefeeb8fc	0	24
carat/tables/qcatalog/dim6/dir.2-2;2-2;2-2/ordnung.24/(1)^4(4)^2(12)^6/group.3648	24	b8f29b21ffa2f9ae3029f1a37c658878	0	12
carat/tables/qcatalog/dim6/dir.2-2;2-2;2-2/ordnung.24/(1)^4(4)^2(12)^6/group.3649	24	dca7c8bbdfb485423cd34c6ce347e1c4	0	12
carat/tables/qcatalog/dim6/dir.2-2;2-2;2-2/ordnung.27/(3)^5(9)^1/group.3650	27	60b53851407a084cf81034808387952e	0	27
carat/tables/qcatalog/dim6/dir.2-2;2-2;2-2/ordnung.288/(1)^4(2)^2(6)^6/group.3651	288	f3dd6060daf4cdc09007dffda65e7946	0	72
carat/tables/qcatalog/dim6/dir.2-2;2-2;2-2/ordnung.36/(1)^2(2)^1(6)^3/group.3652	36	98886cb6a1e1fd49a10aa329a33a35ab	0	36
carat/tables/qcatalog/dim6/dir.2-2;2-2;2-2/ordnung.36/(1)^2(2)^1(6)^3/group.3653	36	1197f132fc5cd9a18edac12d0f591553	0	36
carat/tables/qcatalog/dim6/dir.2-2;2-2;2-2/ordnung.36/(1)^2(2)^1(6)^3/group.3654	36	4e6477887d2968e12f636e11943edee3	0	36
carat/tables/qcatalog/dim6/dir.2-2;2-2;2-2/ordnung.36/(1)^2(2)^1(6)^7/group.3655	36	6b24bf2b74cf0a0b36aa030c5246ce99	0	18
carat/tables/qcatalog/dim6/dir.2-2;2-2;2-2/ordnung.36/(1)^2(2)^1(6)^7/group.3656	36	9fae7d3c97c42987e308614637eec6fd	0	18
carat/tables/qcatalog/dim6/dir.2-2;2-2;2-2/ordnung.36/(1)^2(2)^1(6)^7/group.3657	36	231d4457d35843eb815567a1594265f9	0	18
carat/tables/qcatalog/dim6/dir.2-2;2-2;2-2/ordnung.36/(1)^2(3)^2(6)^4/group.3658	36	fa259f40de6370a3b7606f7216ed7579	0	18
carat/tables/qcatalog/dim6/dir.2-2;2-2;2-2/ordnung.36/(1)^2(3)^2(6)^4/group.3659	36	7bc29c86776358fbe5054012f5d206c1	0	18
carat/tables/qcatalog/dim6/dir.2-2;2-2;2-2/ordnung.36/(1)^2(3)^2(6)^4/group.3660	36	bff8d1df3cd714710eb40d226a06dc87	0	18
carat/tables/qcatalog/dim6/dir.2-2;2-2;2-2/ordnung.36/(1)^2(3)^2(6)^4/group.3661	36	71866b3ed82e1209cd04be68c85aa88f	0	18
carat/tables/qcatalog/dim6/dir.2-2;2-2;2-2/ordnung.36/(1)^2(3)^3(9)^1/group.3662	36	32f7bab11b1b153d59ac3481e4df7f57	0	36
carat/tables/qcatalog/dim6/dir.2-2;2-2;2-2/ordnung.36/(1)^2(6)^3(18)^1/group.3663	36	7aee047be66fc3b59f91650ad544278f	0	36
carat/tables/qcatalog/dim6/dir.2-2;2-2;2-2/ordnung.216/(1)^5(3)^6(9)^1/group.3624	216	ed87bf4a8ebe0ddb4020382e83ea6c41	0	30
carat/tables/qcatalog/dim6/dir.2-2;2-2;2-2/ordnung.216/(1)^5(3)^6(9)^1/group.3625	216	3f7fa3b0ffa047e4bb91266e993e4f32	0	27
carat/tables/qcatalog/dim6/dir.2-2;2-2;2-2/ordnung.216/(1)^5(3)^6(9)^1/group.3626	216	75d1e78ba0e492c3ea1f69761a89778d	0	36
carat/tables/qcatalog/dim6/dir.2-2;2-2;2-2/ordnung.216/(1)^5(3)^6(9)^1/group.3627	216	3c5c5d5e21f406b7588b13acf8278bf1	0	36
carat/tables/qcatalog/dim6/dir.2-2;2-2;2-2/ordnung.216/(1)^5(3)^6(9)^1/group.3628	216	43e914b4570729872cbe5e305a72ae39	0	36
carat/tables/qcatalog/dim6/dir.2-2;2-2;2-2/ordnung.216/(1)^5(3)^6(9)^1/group.3629	216	aac964ea6da6370b3cea2396df18909d	0	36
carat/tables/qcatalog/dim6/dir.2-2;2-2;2-2/ordnung.216/(1)^5(3)^6(9)^1/group.3630	216	539c032474f5d8dfa295a17a135573a1	0	36
carat/tables/qcatalog/dim6/dir.2-2;2-2;2-2/ordnung.216/(1)^5(3)^6(9)^1/group.3631	216	6286a71f2694ff68196009b668be4b9e	0	27
carat/tables/qcatalog/dim6/dir.2-2;2-2;2-2/ordnung.216/(1)^5(3)^6(9)^1/group.3632	216	85e214b75a9abe40fecd229c9c236076	0	27
carat/tables/qcatalog/dim6/dir.2-2;2-2;2-2/ordnung.216/(1)^5(3)^6(9)^1/group.3633	216	a535521be1ee7dfb707fcc51efcc6a01	0	30
carat/tables/qcatalog/dim6/dir.2-2;2-2;2-2/ordnung.216/(1)^5(3)^6(9)^1/group.3634	216	ab59e6a68a7abe6bc51ceb37091342b1	0	30
carat/tables/qcatalog/dim6/dir.2-2;2-2;2-2/ordnung.216/(1)^5(3)^6(9)^1/group.3635	216	5cbc149dc5d5e1ffe425c4359524826d	0	30
carat/tables/qcatalog/dim6/dir.2-2;2-2;2-2/ordnung.216/(1)^5(3)^6(9)^1/group.3636	216	878d036aefec5193ce066e37ba2e3019	0	30
carat/tables/qcatalog/dim6/dir.2-2;2-2;2-2/ordnung.216/(1)^5(3)^6(9)^1/group.3637	216	18db2ab3c06168480a4e73143b203b5e	0	27
carat/tables/qcatalog/dim6/dir.2-2;2-2;2-2/ordnung.216/(1)^5(3)^6(9)^1/group.3638	216	82eebf026ec4e60c4f6bc77990def62a	0	27
carat/tables/qcatalog/dim6/dir.2-2;2-2;2-2/ordnung.216/(1)^5(3)^6(9)^1/group.3639	216	f27848e62316c1af797e4faa9fab0b69	0	36
carat/tables/qcatalog/dim6/dir.2-2;2-2;2-2/ordnung.216/(1)^6(3)^6/group.3640	216	c37ec2b1d457e1f74abdd0505c9efd71	0	60
carat/tables/qcatalog/dim6/dir.2-2;2-2;2-2/ordnung.216/(1)^6(3)^6/group.3641	216	68c286d464f4d2900d8d8229606635a6	0	27
carat/tables/qcatalog/dim6/dir.2-2;2-2;2-2/ordnung.216/(1)^6(3)^6/group.3642	216	a6258415ca55790797cded4070613de1	0	36
carat/tables/qcatalog/dim6/dir.2-2;2-2;2-2/ordnung.216/(1)^6(3)^6/group.3643	216	af53e7de3255ecdb89995827a6e8301d	0	36
carat/tables/qcatalog/dim6/dir.2-2;2-2;2-2/ordnung.54/(1)^2(3)^4(9)^2/group.3724	54	61c06311bd1e13334361ab8d0850aad5	0	27
carat/tables/qcatalog/dim6/dir.2-2;2-2;2-2/ordnung.54/(1)^2(3)^5(9)^3/group.3725	54	010701848d99e8fc6afcc01cacf32162	0	18
carat/tables/qcatalog/dim6/dir.2-2;2-2;2-2/ordnung.54/(1)^2(3)^5(9)^3/group.3726	54	70dca03fa6641e6cdc5461aada0ce762	0	18
carat/tables/qcatalog/dim6/dir.2-2;2-2;2-2/ordnung.54/(3)^10(9)^2/group.3727	54	4b140f580c0eb72b115bb06476b3c73d	0	15
carat/tables/qcatalog/dim6/dir.2-2;2-2;2-2/ordnung.54/(3)^5(9)^1/group.3728	54	2c3e0324d35ed14ca6cdca0082cdca52	0	54
carat/tables/qcatalog/dim6/dir.2-2;2-2;2-2/ordnung.54/(3)^8/group.3729	54	19a93666b80799bbb8fc3b4e125559ad	0	27
carat/tables/qcatalog/dim6/dir.2-2;2-2;2-2/ordnung.72/(1)^2(2)^1(6)^3/group.3730	72	72369c99cc13429531040f1387c05287	0	72
carat/tables/qcatalog/dim6/dir.2-2;2-2;2-2/ordnung.72/(1)^2(2)^1(6)^7/group.3731	72	b4db7b59c8879ce59f28a0443bcd8333	0	36
carat/tables/qcatalog/dim6/dir.2-2;2-2;2-2/ordnung.72/(1)^2(2)^3(6)^5/group.3732	72	fcd53356176328f1943f2d82392e80bf	0	36
carat/tables/qcatalog/dim6/dir.2-2;2-2;2-2/ordnung.72/(1)^2(2)^3(6)^5/group.3733	72	a92d5f84488cbf71fee678404d1b15cf	0	36
carat/tables/qcatalog/dim6/dir.2-2;2-2;2-2/ordnung.72/(1)^2(2)^3(6)^5/group.3734	72	2b34e261a31c98d145ba034a3c87cb9f	0	36
carat/tables/qcatalog/dim6/dir.2-2;2-2;2-2/ordnung.72/(1)^2(2)^3(6)^5/group.3735	72	96e4c01e95de0471ec93a69c167fb60f	0	36
carat/tables/qcatalog/dim6/dir.2-2;2-2;2-2/ordnung.72/(1)^2(3)^2(6)^4/group.3736	72	5920655a9f3bf28b872a1d90ef18e981	0	36
carat/tables/qcatalog/dim6/dir.2-2;2-2;2-2/ordnung.72/(1)^3(3)^3/group.3737	72	70045bc934577c5d69c76f776a91785f	0	72
carat/tables/qcatalog/dim6/dir.2-2;2-2;2-2/ordnung.72/(1)^4(2)^1(6)^6(18)^1/group.3738	72	07b5e140281e6a7fe219fe9d5480242d	0	18
carat/tables/qcatalog/dim6/dir.2-2;2-2;2-2/ordnung.72/(1)^4(2)^1(6)^6(18)^1/group.3739	72	dbe0c11f496a2fe7616da41694b10a15	0	18
carat/tables/qcatalog/dim6/dir.2-2;2-2;2-2/ordnung.72/(1)^4(2)^1(6)^6(18)^1/group.3740	72	008fa3fe08615651b7b519c9327d8ac7	0	18
carat/tables/qcatalog/dim6/dir.2-2;2-2;2-2/ordnung.72/(1)^4(2)^1(6)^6(18)^1/group.3741	72	0c3e98b78a3e5c212144a1312c983907	0	18
carat/tables/qcatalog/dim6/dir.2-2;2-2;2-2/ordnung.72/(1)^4(2)^1(6)^6(18)^1/group.3742	72	499b4afce2d46fcdfaac23ca5cd86873	0	18
carat/tables/qcatalog/dim6/dir.2-2;2-2;2-2/ordnung.72/(1)^4(2)^1(6)^6(18)^1/group.3743	72	1ded453d5f1c7261bda0b130324aa167	0	18
carat/tables/qcatalog/dim6/dir.3;1,1;1/ordnung.48/(1)^2(2)^2(4)^6(8)^1/group.3793	48	dcef4d0cc1d2c8ab5ea0647cd9344eb1	1	16
carat/tables/qcatalog/dim6/dir.3;1,1;1/ordnung.48/(1)^2(4)^8(8)^1/group.3794	48	316b6d05a7de8f2bb989ff653ec877b1	1	16
carat/tables/qcatalog/dim6/dir.3;1,1;1/ordnung.48/(1)^4(2)^2(4)^4(32)^1/group.3795	48	7b203c3d903c1729bbc6e92c5391624b	1	10
carat/tables/qcatalog/dim6/dir.3;1,1;1/ordnung.48/(1)^4(2)^2(4)^4(32)^1/group.3796	48	35fd2bcdf12708b3a561b9bb8f3e79bd	1	10
carat/tables/qcatalog/dim6/dir.3;1,1;1/ordnung.48/(1)^4(2)^2(4)^4(32)^1/group.3797	48	b6b682608b0387ffbafff942a41057b1	1	10
carat/tables/qcatalog/dim6/dir.3;1,1;1/ordnung.48/(1)^4(2)^2(4)^4(32)^1/group.3798	48	993fa271b5e20b81ef6f2400c3d09c4b	1	10
carat/tables/qcatalog/dim6/dir.3;1,1;1/ordnung.48/(1)^4(2)^2(4)^4(32)^1/group.3799	48	f982eac448428c1ba0c71c07d019ae2d	1	10
carat/tables/qcatalog/dim6/dir.3;1,1;1/ordnung.48/(1)^4(2)^2(4)^4(8)^1/group.3800	48	48a7badcf534e8dfc5c33ff768c358b1	1	10
carat/tables/qcatalog/dim6/dir.3;1,1;1/ordnung.48/(1)^4(2)^2(4)^4(8)^1/group.3801	48	9ddada88cb443a2bfb15ee7f58e9e635	1	10
carat/tables/qcatalog/dim6/dir.3;1,1;1/ordnung.48/(1)^4(2)^2(4)^4(8)^1/group.3802	48	910c4b08681b77d188b1942022dfa6db	1	10
carat/tables/qcatalog/dim6/dir.3;1,1;1/ordnung.48/(1)^4(2)^2(4)^4(8)^1/group.3803	48	558e1b120af2ded934b6be45616cd633	1	10
carat/tables/qcatalog/dim6/dir.3;1,1;1/ordnung.48/(1)^4(2)^2(4)^4(8)^1/group.3804	48	c3f7ee9d87154897c5c3b27227e212e9	1	10
carat/tables/qcatalog/dim6/dir.3;1,1;1/ordnung.48/(1)^4(2)^2(4)^4(8)^1/group.3805	48	00ee3066882b0513d1826c4591a09e0d	1	10
carat/tables/qcatalog/dim6/dir.3;1,1;1/ordnung.48/(1)^4(2)^2(4)^4(8)^1/group.3806	48	7792d0fb5f5230719dd356b217c035d3	1	10
carat/tables/qcatalog/dim6/dir.3;1,1;1/ordnung.48/(1)^4(2)^2(4)^4(8)^1/group.3807	48	d656babdc74a7a99aa91c31f3d29e75b	1	10
carat/tables/qcatalog/dim6/dir.3;1,1;1/ordnung.48/(1)^4(2)^2(4)^4(8)^1/group.3808	48	a2906bb9a31c38a97c86530f3bcbee3b	1	10
carat/tables/qcatalog/dim6/dir.3;1,1;1/ordnung.48/(1)^4(2)^2(4)^4(8)^1/group.3809	48	5b024933c19b8d7d864893bedc421b27	1	10
carat/tables/qcatalog/dim6/dir.3;1,1;1/ordnung.48/(1)^4(2)^2(4)^4(8)^1/group.3810	48	49fb63a9860f59c1c7a31a34415b04db	1	10
carat/tables/qcatalog/dim6/dir.3;1,1;1/ordnung.48/(1)^4(2)^2(4)^4(8)^1/group.3811	48	5d277973600f072d91cf6914eb94ab57	1	10
carat/tables/qcatalog/dim6/dir.3;1,1;1/ordnung.48/(1)^4(4)^6(8)^1/group.3812	48	f9c90ba36cd7765d17e77dd236bd0697	1	10
carat/tables/qcatalog/dim6/dir.2-2;2-2;2-2/ordnung.216/(1)^4(3)^6(9)^2/group.3604	216	7e3297d93f86f011ae8df42bdcb6dc43	0	60
carat/tables/qcatalog/dim6/dir.2-2;2-2;2-2/ordnung.216/(1)^4(3)^6(9)^2/group.3605	216	adc4a98a6aa2317857f7b4b755a0b84e	0	27
carat/tables/qcatalog/dim6/dir.2-2;2-2;2-2/ordnung.216/(1)^4(3)^6(9)^2/group.3606	216	3e20e7ef1b3c3d88dde6b97bc6b826ee	0	27
carat/tables/qcatalog/dim6/dir.2-2;2-2;2-2/ordnung.216/(1)^4(3)^6(9)^2/group.3607	216	8d51b7ce463bb3d9108937e11c1fe593	0	36
carat/tables/qcatalog/dim6/dir.2-2;2-2;2-2/ordnung.216/(1)^4(3)^6(9)^2/group.3608	216	d99ccfa735d966b3b9513805dadb5abd	0	36
carat/tables/qcatalog/dim6/dir.2-2;2-2;2-2/ordnung.216/(1)^4(3)^6(9)^2/group.3609	216	073cd91b70c4483b128949322d9d4c75	0	36
carat/tables/qcatalog/dim6/dir.2-2;2-2;2-2/ordnung.216/(1)^4(3)^6(9)^2/group.3610	216	a81a25e1b0c743a82bba8e792173802e	0	27
carat/tables/qcatalog/dim6/dir.2-2;2-2;2-2/ordnung.216/(1)^4(3)^6(9)^2/group.3611	216	5c60c0bbd998dabbc1d97482472142ed	0	36
carat/tables/qcatalog/dim6/dir.2-2;2-2;2-2/ordnung.216/(1)^4(3)^6(9)^2/group.3612	216	503752cfd6016e57b949f0a1cf6571b1	0	36
carat/tables/qcatalog/dim6/dir.2-2;2-2;2-2/ordnung.216/(1)^5(3)^5/group.3613	216	247bf9c74467cfdfd47b2507da04778d	0	72
carat/tables/qcatalog/dim6/dir.2-2;2-2;2-2/ordnung.216/(1)^5(3)^5/group.3614	216	fa0741710cbcfebf26391585d84d07ed	0	72
carat/tables/qcatalog/dim6/dir.2-2;2-2;2-2/ordnung.216/(1)^5(3)^5/group.3615	216	5d5b26178482e19fe6f39a58bfb5712d	0	72
carat/tables/qcatalog/dim6/dir.2-2;2-2;2-2/ordnung.216/(1)^5(3)^5/group.3616	216	f660bf2050e3a29d80f84896d7a73e2f	0	54
carat/tables/qcatalog/dim6/dir.2-2;2-2;2-2/ordnung.216/(1)^5(3)^5/group.3617	216	a9f5a05c252938bb082767cf9621f26d	0	54
carat/tables/qcatalog/dim6/dir.2-2;2-2;2-2/ordnung.216/(1)^5(3)^5/group.3618	216	deaba6eb02851b219410a374cbb05f43	0	54
carat/tables/qcatalog/dim6/dir.2-2;2-2;2-2/ordnung.216/(1)^5(3)^5/group.3619	216	d525597041ca45671ee424d51ebdbd99	0	54
carat/tables/qcatalog/dim6/dir.2-2;2-2;2-2/ordnung.216/(1)^5(3)^5/group.3620	216	07dba27dde3363b1c482aeb5778d136b	0	54
carat/tables/qcatalog/dim6/dir.2-2;2-2;2-2/ordnung.216/(1)^5(3)^5/group.3621	216	d8e157a6c925204ba8e4188f768fa9c5	0	54
carat/tables/qcatalog/dim6/dir.2-2;2-2;2-2/ordnung.216/(1)^5(3)^5/group.3622	216	9b318e1dc725251f03c81c79b7faaed5	0	72
carat/tables/qcatalog/dim6/dir.2-2;2-2;2-2/ordnung.216/(1)^5(3)^6(9)^1/group.3623	216	ad9cd9d81faaae744c309664fa3e8f42	0	27
carat/tables/qcatalog/dim6/dir.2-2;2-2;2-2/ordnung.108/(1)^4(3)^6(9)^2/group.3549	108	a07f5d00531e0c4a2909a4a496d3c354	0	18
carat/tables/qcatalog/dim6/dir.2-2;2-2;2-2/ordnung.108/(1)^4(3)^6(9)^2/group.3550	108	842475de526c9fd83be63a4d7805402a	0	18
carat/tables/qcatalog/dim6/dir.2-2;2-2;2-2/ordnung.108/(1)^4(3)^6(9)^2/group.3551	108	fdd829df8af579d1e956b934bd919f1b	0	30
carat/tables/qcatalog/dim6/dir.2-2;2-2;2-2/ordnung.108/(1)^4(3)^6(9)^2/group.3552	108	f73c0810d5d54d373720d4bfb8d8c7f9	0	30
carat/tables/qcatalog/dim6/dir.2-2;2-2;2-2/ordnung.108/(3)^10(9)^2/group.3553	108	70ade4b3720133d58bb76c21c432fe97	0	30
carat/tables/qcatalog/dim6/dir.2-2;2-2;2-2/ordnung.108/(3)^8/group.3554	108	d7d42cd14a582f4562a8dda3dbb532e7	0	54
carat/tables/qcatalog/dim6/dir.2-2;2-2;2-2/ordnung.12/(1)^2(4)^1(12)^3/min.424	12	abe131a45cf4b357becad2894430e40d	0	12
carat/tables/qcatalog/dim6/dir.2-2;2-2;2-2/ordnung.12/(1)^2(4)^1(12)^3/min.425	12	1e4788848db45ea74414e709bafd326d	0	12
carat/tables/qcatalog/dim6/dir.2-2;2-2;2-2/ordnung.144/(1)^2(2)^3(6)^5/group.3555	144	d1b0b16cf931caddf1cc74ccca9332e7	0	72
carat/tables/qcatalog/dim6/dir.2-2;2-2;2-2/ordnung.144/(1)^4(2)^1(6)^6(18)^1/group.3556	144	7ca17105d864800d4b6debda088ab407	0	36
carat/tables/qcatalog/dim6/dir.2-2;2-2;2-2/ordnung.144/(1)^4(2)^2(6)^6/group.3557	144	ec6264e1bb9f0b27a13cd4e88c176a1d	0	48
carat/tables/qcatalog/dim6/dir.2-2;2-2;2-2/ordnung.144/(1)^4(2)^2(6)^6/group.3558	144	ed1921e62b2189295ee98a9195b260eb	0	36
carat/tables/qcatalog/dim6/dir.2-2;2-2;2-2/ordnung.144/(1)^4(2)^2(6)^6/group.3559	144	36e5f2062e085e1911cee409eb327383	0	36
carat/tables/qcatalog/dim6/dir.2-2;2-2;2-2/ordnung.144/(1)^4(2)^2(6)^6/group.3560	144	5eba1154ad71493585a689f584e5ba07	0	36
carat/tables/qcatalog/dim6/dir.2-2;2-2;2-2/ordnung.144/(1)^4(2)^2(6)^6/group.3561	144	7ef49ed44171155d466dad0e6f90f387	0	36
carat/tables/qcatalog/dim6/dir.2-2;2-2;2-2/ordnung.144/(1)^4(2)^2(6)^6/group.3562	144	1bf670132e04abe58abc92058353123f	0	36
carat/tables/qcatalog/dim6/dir.2-2;2-2;2-2/ordnung.144/(1)^4(2)^2(6)^6/group.3563	144	7b2cd5def8f4c7515fafb17dff885b6b	0	36
carat/tables/qcatalog/dim6/dir.2-2;2-2;2-2/ordnung.144/(1)^4(6)^4/group.3564	144	06119632bd0676b781d45437b897de41	0	72
carat/tables/qcatalog/dim6/dir.2-2;2-2;2-2/ordnung.144/(1)^6(3)^6/group.3565	144	092c9dcb5b20cc3b3ab199c249dc5179	0	48
carat/tables/qcatalog/dim6/dir.2-2;2-2;2-2/ordnung.1728/(1)^6(3)^6/group.3566	1728	f5f6b3c9a46c03a6733b474f4b93529c	0	216
carat/tables/qcatalog/dim6/dir.2-2;2-2;2-2/ordnung.216/(1)^3(3)^7/group.3584	216	6f9c26ec83f393e1f8f210d819b72dd3	0	54
carat/tables/qcatalog/dim6/dir.2-2;2-2;2-2/ordnung.216/(1)^3(3)^7/group.3585	216	93e730d8119506b7a5958a404a136839	0	54
carat/tables/qcatalog/dim6/dir.2-2;2-2;2-2/ordnung.216/(1)^3(3)^8(9)^1/group.3586	216	bc09e1a71656b360bee4dc8b0321ff06	0	27
carat/tables/qcatalog/dim6/dir.2-2;2-2;2-2/ordnung.216/(1)^3(3)^8(9)^1/group.3587	216	b50ede3240892bb40d9ec1a5b45b07e2	0	27
carat/tables/qcatalog/dim6/dir.2-2;2-2;2-2/ordnung.216/(1)^3(3)^8(9)^1/group.3588	216	55bc133640b467d82030eddc8d93874e	0	27
carat/tables/qcatalog/dim6/dir.2-2;2-2;2-2/ordnung.216/(1)^3(3)^8(9)^1/group.3589	216	abbf6134f1425944c87ebda1e2f31a82	0	27
carat/tables/qcatalog/dim6/dir.2-2;2-2;2-2/ordnung.216/(1)^3(3)^8(9)^1/group.3590	216	2db81dee4f796ff53585339a060f0413	0	30
carat/tables/qcatalog/dim6/dir.2-2;2-2;2-2/ordnung.216/(1)^4(3)^4/group.3591	216	2e94a730b8723d4bfc7464466537047d	0	108
carat/tables/qcatalog/dim6/dir.2-2;2-2;2-2/ordnung.216/(1)^4(3)^4/group.3592	216	fb623bb6c14046e520ed2ae4a24cef2f	0	108
carat/tables/qcatalog/dim6/dir.2-2;2-2;2-2/ordnung.216/(1)^4(3)^4/group.3593	216	9b57f7dc746a923704a7d2bf9ac19b61	0	108
carat/tables/qcatalog/dim6/dir.2-2;2-2;2-2/ordnung.216/(1)^4(3)^4/group.3594	216	38cc4dacf2f6a4bf46ddfeb76b96ebb1	0	108
carat/tables/qcatalog/dim6/dir.2-2;2-2;2-2/ordnung.216/(1)^4(3)^4/group.3595	216	4b63aa50a3e957dfcb45d1c53f724e01	0	108
carat/tables/qcatalog/dim6/dir.2-2;2-2;2-2/ordnung.216/(1)^4(3)^5(9)^1/group.3596	216	20a9b1e9748ba2c5a1c3c94caeef4b87	0	54
carat/tables/qcatalog/dim6/dir.2-2;2-2;2-2/ordnung.216/(1)^4(3)^5(9)^1/group.3597	216	bf983fd76888a583ce5258ff0d1b3f85	0	54
carat/tables/qcatalog/dim6/dir.2-2;2-2;2-2/ordnung.216/(1)^4(3)^5(9)^1/group.3598	216	d42d95fa410289131e248667b3ee4a15	0	54
carat/tables/qcatalog/dim6/dir.2-2;2-2;2-2/ordnung.216/(1)^4(3)^5(9)^1/group.3599	216	dd0654ae4f9863373219ca40f8c8b691	0	54
carat/tables/qcatalog/dim6/dir.2-2;2-2;2-2/ordnung.216/(1)^4(3)^5(9)^1/group.3600	216	fa58836b6ac5601b8eaccbcc936842d5	0	54
carat/tables/qcatalog/dim6/dir.2-2;2-2;2-2/ordnung.216/(1)^4(3)^5(9)^1/group.3601	216	8da0f1b8448e5b51b169de8d527de46b	0	54
carat/tables/qcatalog/dim6/dir.2-2;2-2;2-2/ordnung.216/(1)^4(3)^5(9)^1/group.3602	216	42751019ecf1dabbaf4baadda63de495	0	54
carat/tables/qcatalog/dim6/dir.2-2;2-2;2-2/ordnung.216/(1)^4(3)^6(9)^2/group.3603	216	f544cba3a3513c90c0ec5f5f72559916	0	27
carat/tables/qcatalog/dim6/dir.2-2;2-2;2-2/ordnung.36/(1)^3(3)^3/group.3664	36	28639e48f88ad485d99e11ca7a73434f	0	36
carat/tables/qcatalog/dim6/dir.2-2;2-2;2-2/ordnung.36/(1)^3(3)^3/group.3665	36	19edc8a0504be2f51382155151a3f00f	0	36
carat/tables/qcatalog/dim6/dir.2-2;2-2;2-2/ordnung.36/(1)^4(3)^6(9)^2/group.3666	36	ca5927272f1674396f2bf95ada37c87b	0	12
carat/tables/qcatalog/dim6/dir.2-2;2-2;2-2/ordnung.36/(1)^4(3)^6(9)^2/group.3667	36	12ce6ab5153cd9d798f4fc1afb6dcd71	0	12
carat/tables/qcatalog/dim6/dir.2-2;2-2;2-2/ordnung.36/(1)^4(6)^4/group.3668	36	4f6adbe328b6333dfbe6ffaa33384adb	0	18
carat/tables/qcatalog/dim6/dir.2-2;2-2;2-2/ordnung.36/(1)^4(6)^4/group.3669	36	d0358b324b54b5b3a2ec241580a2cd49	0	18
carat/tables/qcatalog/dim6/dir.2-2;2-2;2-2/ordnung.36/(1)^4(6)^6(18)^2/group.3670	36	ec2742781f610882e959acc1e5c9be68	0	9
carat/tables/qcatalog/dim6/dir.2-2;2-2;2-2/ordnung.36/(1)^4(6)^6(18)^2/group.3671	36	360cb1f72634be8849baba9029cd5e4e	0	9
carat/tables/qcatalog/dim6/dir.2-2;2-2;2-2/ordnung.36/(1)^4(6)^6(18)^2/group.3672	36	0f5e530b2cd8ebd9769757f290985fa3	0	12
carat/tables/qcatalog/dim6/dir.2-2;2-2;2-2/ordnung.36/(1)^4(6)^6(18)^2/group.3673	36	bb747810b3c0bd076b6d0fc616f804e1	0	12
carat/tables/qcatalog/dim6/dir.2-2;2-2;2-2/ordnung.36/(3)^4(6)^4/group.3674	36	b28f396de99aaa19c956d9a893614ff7	0	18
carat/tables/qcatalog/dim6/dir.2-2;2-2;2-2/ordnung.36/(3)^6(9)^6/group.3675	36	b494e17d1f66bc5dca85db72d547bdc7	0	12
carat/tables/qcatalog/dim6/dir.2-2;2-2;2-2/ordnung.432/(1)^3(3)^7/group.3676	432	ad2359d0b4b0c62946fd9aa0cc60062b	0	108
carat/tables/qcatalog/dim6/dir.2-2;2-2;2-2/ordnung.432/(1)^3(3)^8(9)^1/group.3677	432	a431bab17cfa643140aa43fdd3743f83	0	54
carat/tables/qcatalog/dim6/dir.2-2;2-2;2-2/ordnung.432/(1)^4(3)^4/group.3678	432	fda7a98a83d520894f9c39716737d973	0	216
carat/tables/qcatalog/dim6/dir.2-2;2-2;2-2/ordnung.432/(1)^4(3)^5(9)^1/group.3679	432	93ed2e49a471dde70d837d525c0340f1	0	108
carat/tables/qcatalog/dim6/dir.2-2;2-2;2-2/ordnung.432/(1)^4(3)^6(9)^2/group.3680	432	8388470b9afb7b6173f20089e9cc9d23	0	54
carat/tables/qcatalog/dim6/dir.2-2;2-2;2-2/ordnung.432/(1)^4(3)^6(9)^2/group.3681	432	c0900f32d8df1ce934c30fcb88e20653	0	72
carat/tables/qcatalog/dim6/dir.2-2;2-2;2-2/ordnung.432/(1)^5(3)^5/group.3682	432	8251abed2b13f3538312fdba41478ddd	0	108
carat/tables/qcatalog/dim6/dir.2-2;2-2;2-2/ordnung.432/(1)^5(3)^5/group.3683	432	30965d474e7921fb6db89888f1ee16dd	0	108
carat/tables/qcatalog/dim6/dir.2-2;2-2;2-2/ordnung.18/(1)^2(3)^3(9)^1/group.3567	18	9f795754a4d074dcbaee48a3b269429a	0	18
carat/tables/qcatalog/dim6/dir.2-2;2-2;2-2/ordnung.18/(1)^2(3)^3(9)^1/group.3568	18	642f8a5ca2a18a9cc0fe859d7d5d9eba	0	18
carat/tables/qcatalog/dim6/dir.2-2;2-2;2-2/ordnung.18/(1)^2(6)^3(18)^1/min.426	18	fa590108df6a41ccf80e306adf2dc08a	0	18
carat/tables/qcatalog/dim6/dir.2-2;2-2;2-2/ordnung.18/(1)^2(6)^3(18)^1/min.427	18	b32c41de1ff030fc7b9c2b6f16be5eda	0	18
carat/tables/qcatalog/dim6/dir.2-2;2-2;2-2/ordnung.18/(3)^3(9)^3/group.3569	18	1dc8f52e64f712ac1034a26f3036d6ea	0	18
carat/tables/qcatalog/dim6/dir.2-2;2-2;2-2/ordnung.18/(3)^4(6)^4/min.428	18	18073c9c7f2000b3906b8923ca0748fd	0	9
carat/tables/qcatalog/dim6/dir.2-2;2-2;2-2/ordnung.18/(3)^6(9)^6/group.3570	18	44d84e1b517c9d4cd0defefd44c5fa5a	0	6
carat/tables/qcatalog/dim6/dir.2-2;2-2;2-2/ordnung.216/(1)^2(3)^6/group.3571	216	3e7b7943d4f4a9194050a27f93dfc3eb	0	108
carat/tables/qcatalog/dim6/dir.2-2;2-2;2-2/ordnung.216/(1)^2(3)^7(9)^1/group.3572	216	ba0599062283a7d1691688c8087a28bb	0	54
carat/tables/qcatalog/dim6/dir.2-2;2-2;2-2/ordnung.216/(1)^2(3)^8(9)^2/group.3573	216	11eea352eb8809555448341ec8432f67	0	36
carat/tables/qcatalog/dim6/dir.2-2;2-2;2-2/ordnung.216/(1)^3(3)^3/group.3574	216	1b2d2dbf7fd7c81b7dcb5f3f40493dd1	0	216
carat/tables/qcatalog/dim6/dir.2-2;2-2;2-2/ordnung.216/(1)^3(3)^4(9)^1/group.3575	216	abb34725ccc3abe546555053fe27293f	0	108
carat/tables/qcatalog/dim6/dir.2-2;2-2;2-2/ordnung.216/(1)^3(3)^5(9)^2/group.3576	216	55eabfbb8a42030795e85010b2735031	0	54
carat/tables/qcatalog/dim6/dir.2-2;2-2;2-2/ordnung.216/(1)^3(3)^5(9)^2/group.3577	216	0128bed0eef9d9bfc1a74cc0af4e927d	0	72
carat/tables/qcatalog/dim6/dir.2-2;2-2;2-2/ordnung.216/(1)^3(3)^6(9)^3/group.3578	216	1e0ae486191b1e956812fa682049c913	0	30
carat/tables/qcatalog/dim6/dir.2-2;2-2;2-2/ordnung.216/(1)^3(3)^7/group.3579	216	8dd7cd01f75b7f3f3e59b815147e3d81	0	54
carat/tables/qcatalog/dim6/dir.2-2;2-2;2-2/ordnung.216/(1)^3(3)^7/group.3580	216	0a1e822b8cde930d56cef9d84b7fd807	0	54
carat/tables/qcatalog/dim6/dir.2-2;2-2;2-2/ordnung.216/(1)^3(3)^7/group.3581	216	08d0d1d9ca50af73dcd36ff08c4d57ed	0	54
carat/tables/qcatalog/dim6/dir.2-2;2-2;2-2/ordnung.216/(1)^3(3)^7/group.3582	216	2762f70de34fcc8b99eca7261e7d0791	0	72
carat/tables/qcatalog/dim6/dir.2-2;2-2;2-2/ordnung.216/(1)^3(3)^7/group.3583	216	c326a859262189e124ce1a49b841f30b	0	54
carat/tables/qcatalog/dim6/dir.3;1,1,1/ordnung.48/(1)^4(2)^2(4)^3(12)^1/group.3781	48	0b8d38e3da4927e7f00c29ff3d9ead19	1	10
carat/tables/qcatalog/dim6/dir.3;1,1,1/ordnung.48/(1)^4(2)^2(4)^3(12)^1/group.3782	48	40db8a54c9ddc1f9419796bffa596aa3	1	10
carat/tables/qcatalog/dim6/dir.3;1,1,1/ordnung.48/(1)^4(2)^2(4)^3(12)^1/group.3783	48	b84a1dd16c208c398b1bcc3408073723	1	10
carat/tables/qcatalog/dim6/dir.3;1,1,1/ordnung.48/(1)^4(2)^2(4)^3(12)^1/group.3784	48	6433ede859f78689bd72e4101fa56d33	1	10
carat/tables/qcatalog/dim6/dir.3;1,1,1/ordnung.48/(1)^4(2)^2(4)^3(12)^1/group.3785	48	f89eab5e5dd0e13b20d877f9acd942bd	1	10
carat/tables/qcatalog/dim6/dir.3;1,1,1/ordnung.48/(1)^4(4)^5(12)^1/group.3786	48	1cb4a0d57ea609659c6605d0754ae16f	1	10
carat/tables/qcatalog/dim6/dir.3;1,1,1/ordnung.96/(1)^4(2)^2(4)^3(12)^1/group.3787	96	e069eea6c130afd8ac48e7d0c39a6ca6	1	20
carat/tables/qcatalog/dim6/dir.3;1,1;1/ordnung.192/(1)^4(2)^2(4)^4(8)^1/group.3788	192	7381ed66fd89b4e751cdf9cf4ffdb571	1	40
carat/tables/qcatalog/dim6/dir.3;1,1;1/ordnung.24/(1)^2(2)^2(4)^6(32)^1/min.432	24	fda31d8e3d23af09a4fee383dcbc1393	1	8
carat/tables/qcatalog/dim6/dir.3;1,1;1/ordnung.24/(1)^2(2)^2(4)^6(32)^1/min.433	24	22d6e5308c3897694da829e7a15e19b3	1	8
carat/tables/qcatalog/dim6/dir.3;1,1;1/ordnung.24/(1)^2(4)^8(8)^1/min.434	24	497c05ea5cf8d12177220c8c1c4ac9cb	1	8
carat/tables/qcatalog/dim6/dir.3;1,1;1/ordnung.24/(1)^2(4)^8(8)^1/min.435	24	66dd2a4e06f69b2977e2c8ec341a21f3	1	8
carat/tables/qcatalog/dim6/dir.3;1,1;1/ordnung.24/(1)^4(2)^2(4)^4(32)^1/min.436	24	29d81aab9e95f9f8867a618e184dd826	1	5
carat/tables/qcatalog/dim6/dir.3;1,1;1/ordnung.24/(1)^4(2)^2(4)^4(32)^1/min.437	24	85fa0cb6922e4f887e6282fe12aa5d16	1	5
carat/tables/qcatalog/dim6/dir.3;1,1;1/ordnung.24/(1)^4(4)^6(8)^1/min.438	24	cc6ffd07109e704068978b405e51488e	1	5
carat/tables/qcatalog/dim6/dir.3;1,1;1/ordnung.24/(1)^4(4)^6(8)^1/min.439	24	84744bbd2072ce1830a3190d3df48ce6	1	5
carat/tables/qcatalog/dim6/dir.3;1,1;1/ordnung.48/(1)^2(2)^2(4)^6(32)^1/group.3789	48	2378dccb2d7d84db14710e63d2068ad1	1	16
carat/tables/qcatalog/dim6/dir.3;1,1;1/ordnung.48/(1)^2(2)^2(4)^6(8)^1/group.3790	48	127be2c7c8a18b3b0d39aa7dda4195e1	1	16
carat/tables/qcatalog/dim6/dir.3;1,1;1/ordnung.48/(1)^2(2)^2(4)^6(8)^1/group.3791	48	d94a4142cf2cca831d3dbdaab23a0391	1	16
carat/tables/qcatalog/dim6/dir.3;1,1;1/ordnung.48/(1)^2(2)^2(4)^6(8)^1/group.3792	48	c65c02101dc3476312910788c3c2e501	1	16
carat/tables/qcatalog/dim6/dir.3;1,1;1/ordnung.48/(1)^4(4)^6(8)^1/group.3813	48	949992090aea40d32fe1769cc37780f5	1	10
carat/tables/qcatalog/dim6/dir.3;1,1;1/ordnung.48/(1)^4(4)^6(8)^1/group.3814	48	026ecc5a5b5527fb32c40ab4aabe61ed	1	10
carat/tables/qcatalog/dim6/dir.3;1,1;1/ordnung.48/(1)^4(4)^6(8)^1/group.3815	48	b2165b6a21a15e53e79482128434af8d	1	10
carat/tables/qcatalog/dim6/dir.3;1,1;1/ordnung.48/(1)^4(4)^6(8)^1/group.3816	48	98e134cd569dc31fe8877f0c489dc0e1	1	10
carat/tables/qcatalog/dim6/dir.3;1,1;1/ordnung.96/(1)^2(2)^2(4)^6(8)^1/group.3817	96	470e57644ffbda00e66e9602ed5b2bb2	1	32
carat/tables/qcatalog/dim6/dir.3;1,1;1/ordnung.96/(1)^4(2)^2(4)^4(32)^1/group.3818	96	bef5913b41f02678729e4d8ec3ddd116	1	20
carat/tables/qcatalog/dim6/dir.3;1,1;1/ordnung.96/(1)^4(2)^2(4)^4(8)^1/group.3819	96	26d0f62663c7c46a2ccbeca6b278e208	1	20
carat/tables/qcatalog/dim6/dir.3;1,1;1/ordnung.96/(1)^4(2)^2(4)^4(8)^1/group.3820	96	6752548905ad4700b3fbf21ceb5bfe46	1	20
carat/tables/qcatalog/dim6/dir.3;1,1;1/ordnung.96/(1)^4(2)^2(4)^4(8)^1/group.3821	96	61ad40f12d87776ca4c06bf4f265386a	1	20
carat/tables/qcatalog/dim6/dir.3;1,1;1/ordnung.96/(1)^4(2)^2(4)^4(8)^1/group.3822	96	beb04f7a1ada152acf7b22ef219698a8	1	20
carat/tables/qcatalog/dim6/dir.3;1,1;1/ordnung.96/(1)^4(2)^2(4)^4(8)^1/group.3823	96	4e12e59caf6759ae01c086c35a4485ac	1	20
carat/tables/qcatalog/dim6/dir.3;1,1;1/ordnung.96/(1)^4(2)^2(4)^4(8)^1/group.3824	96	9ac0fca394ace5923d4462f89ddadb88	1	20
carat/tables/qcatalog/dim6/dir.3;1,1;1/ordnung.96/(1)^4(2)^2(4)^4(8)^1/group.3825	96	3f5c0d7b6d394d2c48df1a2e6eb5398a	1	20
carat/tables/qcatalog/dim6/dir.3;1,1;1/ordnung.96/(1)^4(2)^2(4)^4(8)^1/group.3826	96	c75580ff08c337fac35ef7d501ceb2e0	1	20
carat/tables/qcatalog/dim6/dir.3;1,1;1/ordnung.96/(1)^4(2)^2(4)^4(8)^1/group.3827	96	53193ec46a89a81ebf0a9fdcdf3869c4	1	20
carat/tables/qcatalog/dim6/dir.3;1,1;1/ordnung.96/(1)^4(2)^2(4)^4(8)^1/group.3828	96	e2e69ee33024fad09a5736fdfdfcfd36	1	20
carat/tables/qcatalog/dim6/dir.3;1,1;1/ordnung.96/(1)^4(2)^2(4)^4(8)^1/group.3829	96	1a66a4560e139a605c2f802980ec175e	1	20
carat/tables/qcatalog/dim6/dir.3;1,1;1/ordnung.96/(1)^4(4)^6(8)^1/group.3830	96	ccf22f8941d654ce6b5b540638a0a67c	1	20
carat/tables/qcatalog/dim6/dir.3;1;1;1/ordnung.192/(1)^2(2)^2(4)^8/group.3831	192	7b3bbb51608c07473a1143ae3a195239	1	64
carat/tables/qcatalog/dim6/dir.3;1;1;1/ordnung.192/(1)^4(2)^2(4)^4(8)^2/group.3832	192	654a3df5fd89e0cdccd45f1374be48e3	1	40
carat/tables/qcatalog/dim6/dir.3;1;1;1/ordnung.96/(1)^4(2)^2(4)^4(8)^2/group.3858	96	b66e1a5f73f26044c517730e4d9da99e	1	20
carat/tables/qcatalog/dim6/dir.3;1;1;1/ordnung.96/(1)^4(2)^2(4)^4(8)^2/group.3859	96	8e98c3e9b0c294b442429e0f2ce3b14e	1	20
carat/tables/qcatalog/dim6/dir.3;1;1;1/ordnung.96/(1)^4(2)^2(4)^6/group.3860	96	a3f32db796ff7ace94e62e0e081c0e08	1	20
carat/tables/qcatalog/dim6/dir.3;1;1;1/ordnung.96/(1)^4(2)^2(4)^6/group.3861	96	3fc894ebcf11356e5b0616e767b0c578	1	20
carat/tables/qcatalog/dim6/dir.3;1;1;1/ordnung.96/(1)^4(2)^2(4)^6/group.3862	96	0682cc1df2edd932120be099bebed1fc	1	20
carat/tables/qcatalog/dim6/dir.3;1;1;1/ordnung.96/(1)^4(2)^2(4)^6/group.3863	96	119f4cd867157dc0eacfb6ec6657705a	1	20
carat/tables/qcatalog/dim6/dir.3;1;1;1/ordnung.96/(1)^4(2)^2(4)^6/group.3864	96	a6de8c9343d41d2411d617637eaf82be	1	20
carat/tables/qcatalog/dim6/dir.3;1;1;1/ordnung.96/(1)^4(2)^2(4)^6/group.3865	96	b2f8d9bc8376fcd897c9e598d0ac4fea	1	20
carat/tables/qcatalog/dim6/dir.3;1;1;1/ordnung.96/(1)^4(2)^2(4)^6/group.3866	96	d92e2c79d43a936888728631c36c7c72	1	20
carat/tables/qcatalog/dim6/dir.3;1;1;1/ordnung.96/(1)^4(2)^2(4)^6/group.3867	96	588e1c2152ab5a4203b9bb13406b581c	1	20
carat/tables/qcatalog/dim6/dir.3;1;1;1/ordnung.96/(1)^4(2)^2(4)^6/group.3868	96	c4676ca60efba014bded5079359ea59e	1	20
carat/tables/qcatalog/dim6/dir.3;1;1;1/ordnung.96/(1)^4(2)^2(4)^6/group.3869	96	96cf7587e88cc9f6813d86fa7dfe3e50	1	20
carat/tables/qcatalog/dim6/dir.3;1;1;1/ordnung.96/(1)^4(2)^2(4)^6/group.3870	96	f85ba015a395afbc12e3282e65c366c6	1	20
carat/tables/qcatalog/dim6/dir.3;1;1;1/ordnung.96/(1)^4(2)^2(4)^6/group.3871	96	aa56e3466497c06a739393818963b46c	1	20
carat/tables/qcatalog/dim6/dir.3;1;1;1/ordnung.96/(1)^4(2)^2(4)^6/group.3872	96	28016e74b634db7a1d277032dbc6d684	1	20
carat/tables/qcatalog/dim6/dir.3;1;1;1/ordnung.96/(1)^4(2)^2(4)^6/group.3873	96	efec8ad437b97b940764b0a5e839002e	1	20
carat/tables/qcatalog/dim6/dir.3;1;1;1/ordnung.96/(1)^4(2)^2(4)^6/group.3874	96	bc77038f4c139e3a4c095f0727dff634	1	20
carat/tables/qcatalog/dim6/dir.3;1;1;1/ordnung.96/(1)^4(2)^2(4)^6/group.3875	96	92d71ed6aa23ee3472ff61d1d6f9ce96	1	20
carat/tables/qcatalog/dim6/dir.3;1;1;1/ordnung.96/(1)^4(4)^8/group.3876	96	025ff0d6dbe630ecfc8e1b4989118af6	1	20
carat/tables/qcatalog/dim6/dir.3;1;1;1/ordnung.96/(1)^4(4)^8/group.3877	96	ac267634eead6feedc25531789364638	1	20
carat/tables/qcatalog/dim6/dir.2-2;2-2;2-1/ordnung.576/(1)^8(6)^4/group.3429	576	7ff1efe8a0dc082c87d7f0e11ebd97ee	0	96
carat/tables/qcatalog/dim6/dir.2-2;2-2;2-1/ordnung.576/(1)^8(6)^4/group.3430	576	655df857e2eeb2ee1ebade7b0b1c8838	0	90
carat/tables/qcatalog/dim6/dir.2-2;2-2;2-1/ordnung.576/(1)^8(6)^4/group.3431	576	72112f6ce4f7f3feedc22acf5da7458c	0	120
carat/tables/qcatalog/dim6/dir.2-2;2-2;2-1/ordnung.576/(1)^8(6)^4/group.3432	576	e2d936b10959dd805558b102a942869a	0	90
carat/tables/qcatalog/dim6/dir.2-2;2-2;2-1/ordnung.576/(1)^8(6)^4/group.3433	576	a4078f99ebb44350f21a5f0e3a931d82	0	108
carat/tables/qcatalog/dim6/dir.2-2;2-2;2-1/ordnung.576/(1)^8(6)^4/group.3434	576	deed95c8dedcb27032ddff49ab551182	0	108
carat/tables/qcatalog/dim6/dir.2-2;2-2;2-1/ordnung.576/(1)^8(6)^4/group.3435	576	d405822630b5ae60f9a2c17d49f90b22	0	90
carat/tables/qcatalog/dim6/dir.2-2;2-2;2-1/ordnung.576/(1)^8(6)^4/group.3436	576	8e043f9469034410574c1c89d8d6c7ba	0	90
carat/tables/qcatalog/dim6/dir.2-2;2-2;2-1/ordnung.576/(1)^8(6)^4/group.3437	576	f99abcd5bcd1b79040f398d4056813b2	0	90
carat/tables/qcatalog/dim6/dir.2-2;2-2;2-1/ordnung.576/(1)^8(6)^4/group.3438	576	27ba1222b9ce49b08dc66c474824d3d2	0	90
carat/tables/qcatalog/dim6/dir.2-2;2-2;2-1/ordnung.576/(1)^8(6)^4/group.3439	576	1a04c7a588cb87b0e24f610adef0097a	0	90
carat/tables/qcatalog/dim6/dir.2-2;2-2;2-1/ordnung.72/(1)^3(3)^1(6)^1(18)^1/group.3440	72	bd8178c02aa15e75ce05493dab4d2f7f	0	72
carat/tables/qcatalog/dim6/dir.2-2;2-2;2-1/ordnung.72/(1)^3(3)^3(6)^2/group.3441	72	2fc2ca1ca90a657b3207e2f26ecabfd1	0	36
carat/tables/qcatalog/dim6/dir.2-2;2-2;2-1/ordnung.72/(1)^3(3)^3(6)^2/group.3442	72	3c69bd4dde22e3ffc63eb0469e6d338d	0	36
carat/tables/qcatalog/dim6/dir.2-2;2-2;2-1/ordnung.72/(1)^3(3)^3(6)^2/group.3443	72	e2804958da76922b49ec800eb31fd421	0	36
carat/tables/qcatalog/dim6/dir.2-2;2-2;2-1/ordnung.72/(1)^3(3)^3(6)^2/group.3444	72	654100f1074a204714f2904f1d735ab5	0	36
carat/tables/qcatalog/dim6/dir.2-2;2-2;2-1/ordnung.72/(1)^3(3)^3(6)^2/group.3445	72	040b12086d8e8acbc4d5a341b7b93e01	0	36
carat/tables/qcatalog/dim6/dir.2-2;2-2;2-1/ordnung.72/(1)^4(2)^1(6)^2(18)^1/group.3446	72	d5076ce9172368c38a75e49f32fc349d	0	45
carat/tables/qcatalog/dim6/dir.2-2;2-2;2-1/ordnung.72/(1)^4(2)^1(6)^2(18)^1/group.3447	72	667ea0ec88e22b99cbe185a6de06c173	0	45
carat/tables/qcatalog/dim6/dir.2-2;2-2;2-1/ordnung.72/(1)^4(2)^1(6)^2(18)^1/group.3448	72	c74e5cad4b0514a3d35905b4caa98eed	0	45
carat/tables/qcatalog/dim6/dir.2-2;2-2;2-2/ordnung.432/(1)^6(3)^6/group.3704	432	46def6b095eeb4f9c2ff8870032aaceb	0	54
carat/tables/qcatalog/dim6/dir.2-2;2-2;2-2/ordnung.432/(1)^6(3)^6/group.3705	432	951cb43d4c313dab45bcd3a269c7e745	0	72
carat/tables/qcatalog/dim6/dir.2-2;2-2;2-2/ordnung.432/(1)^6(3)^6/group.3706	432	0c6e29a08034a05380c6e44c8e8b350d	0	72
carat/tables/qcatalog/dim6/dir.2-2;2-2;2-2/ordnung.432/(1)^6(3)^6/group.3707	432	601905716eb4ddd14b2c25b4ccc7dbdb	0	72
carat/tables/qcatalog/dim6/dir.2-2;2-2;2-2/ordnung.432/(1)^6(3)^6/group.3708	432	46df873194607d2bc1b0f0b4a5b21395	0	72
carat/tables/qcatalog/dim6/dir.2-2;2-2;2-2/ordnung.432/(1)^6(3)^6/group.3709	432	16ad6a6bb2175d4bf03c39149ee7e87d	0	54
carat/tables/qcatalog/dim6/dir.2-2;2-2;2-2/ordnung.432/(1)^6(3)^6/group.3710	432	145ac04d6217d9fb655d58128d6ce32d	0	54
carat/tables/qcatalog/dim6/dir.2-2;2-2;2-2/ordnung.432/(1)^6(3)^6/group.3711	432	0c6742fa86107c37bfef4f3e862e312d	0	60
carat/tables/qcatalog/dim6/dir.2-2;2-2;2-2/ordnung.432/(1)^6(3)^6/group.3712	432	55b18fe90ab1d8d3275ecbc1b421e1bd	0	54
carat/tables/qcatalog/dim6/dir.2-2;2-2;2-2/ordnung.432/(1)^6(3)^6/group.3713	432	336d00beb07686b5dd3dde9b84729ac7	0	54
carat/tables/qcatalog/dim6/dir.2-2;2-2;2-2/ordnung.432/(1)^6(3)^6/group.3714	432	6914a0248a119cadfd1de86b0b9c8317	0	54
carat/tables/qcatalog/dim6/dir.2-2;2-2;2-2/ordnung.432/(1)^6(3)^6/group.3715	432	efa29670d2102b552dae20f924b4e4cf	0	54
carat/tables/qcatalog/dim6/dir.2-2;2-2;2-2/ordnung.432/(1)^6(3)^6/group.3716	432	680e3bd8556211457e546b92c5094d97	0	54
carat/tables/qcatalog/dim6/dir.2-2;2-2;2-2/ordnung.432/(1)^6(3)^6/group.3717	432	d4648b18395d1aefc7c919544590b9b9	0	72
carat/tables/qcatalog/dim6/dir.2-2;2-2;2-2/ordnung.432/(1)^6(3)^6/group.3718	432	a1b2f730172e269ff9d0f801c9799d09	0	72
carat/tables/qcatalog/dim6/dir.2-2;2-2;2-2/ordnung.432/(1)^6(3)^6/group.3719	432	3d63ba02daebe40fa5d6adc756537035	0	60
carat/tables/qcatalog/dim6/dir.2-2;2-2;2-2/ordnung.48/(1)^4(4)^2(12)^6/group.3720	48	b5ea726643a54996b10f1d0a91d3e99c	0	24
carat/tables/qcatalog/dim6/dir.2-2;2-2;2-2/ordnung.54/(1)^2(3)^3(9)^1/group.3721	54	4224d30b2326293cc6974a8d3587e272	0	54
carat/tables/qcatalog/dim6/dir.2-2;2-2;2-2/ordnung.54/(1)^2(3)^3(9)^1/group.3722	54	b39fdf01aa590a7c3096276f567c5222	0	54
carat/tables/qcatalog/dim6/dir.2-2;2-2;2-2/ordnung.54/(1)^2(3)^4(9)^2/group.3723	54	43306a18671f8763ee4a75b684625b95	0	27
carat/tables/qcatalog/dim6/dir.3;1;1;1/ordnung.192/(1)^4(2)^2(4)^6/group.3833	192	896cf7ceb9d74fd7d98d2a3f0909abb5	1	40
carat/tables/qcatalog/dim6/dir.3;1;1;1/ordnung.192/(1)^4(2)^2(4)^6/group.3834	192	0b32cb6e3f8af5af512390d103335e95	1	40
carat/tables/qcatalog/dim6/dir.3;1;1;1/ordnung.192/(1)^4(2)^2(4)^6/group.3835	192	83efe21fd856d6cfe84f52da4dccdddd	1	40
carat/tables/qcatalog/dim6/dir.3;1;1;1/ordnung.192/(1)^4(2)^2(4)^6/group.3836	192	d520c623368806efe5552f515e937ef5	1	40
carat/tables/qcatalog/dim6/dir.3;1;1;1/ordnung.192/(1)^4(2)^2(4)^6/group.3837	192	3497259568dab72de34c700968de5723	1	40
carat/tables/qcatalog/dim6/dir.3;1;1;1/ordnung.192/(1)^4(2)^2(4)^6/group.3838	192	71e372911bd45d837109ae09b7fcbfb1	1	40
carat/tables/qcatalog/dim6/dir.3;1;1;1/ordnung.192/(1)^4(2)^2(4)^6/group.3839	192	c04e2f2e9440b3f1377cdfffd026d697	1	40
carat/tables/qcatalog/dim6/dir.3;1;1;1/ordnung.192/(1)^4(2)^2(4)^6/group.3840	192	e9e66a3de956809d18480909aab6f67b	1	40
carat/tables/qcatalog/dim6/dir.3;1;1;1/ordnung.192/(1)^4(2)^2(4)^6/group.3841	192	b03a1db3ea527dc3cddbbff02ed97299	1	40
carat/tables/qcatalog/dim6/dir.3;1;1;1/ordnung.192/(1)^4(2)^2(4)^6/group.3842	192	93c854954a1e77b1e4a1676e75926f97	1	40
carat/tables/qcatalog/dim6/dir.3;1;1;1/ordnung.192/(1)^4(2)^2(4)^6/group.3843	192	30f1dbb4ac64f6f346d7448f15fe0d99	1	40
carat/tables/qcatalog/dim6/dir.3;1;1;1/ordnung.192/(1)^4(4)^8/group.3844	192	260a1fef8bed4e9103cdc644f5868ba7	1	40
carat/tables/qcatalog/dim6/dir.3;1;1;1/ordnung.384/(1)^4(2)^2(4)^6/group.3845	384	828a60f4114aef603837fce3ab2ba686	1	80
carat/tables/qcatalog/dim6/dir.3;1;1;1/ordnung.48/(1)^2(2)^2(4)^6(8)^2/min.440	48	236175cce22022cd63d7aa2c53d51e57	1	16
carat/tables/qcatalog/dim6/dir.3;1;1;1/ordnung.48/(1)^2(2)^2(4)^6(8)^2/min.441	48	fad1c7b16e4ab315d74d382f34a7033f	1	16
carat/tables/qcatalog/dim6/dir.3;1;1;1/ordnung.48/(1)^2(2)^2(4)^6(8)^2/min.442	48	1bcc4876f8f7757585518acb689074ff	1	16
carat/tables/qcatalog/dim6/dir.3;1;1;1/ordnung.48/(1)^2(4)^10/min.443	48	90b2d424e0d8405d2732cd8d375834e7	1	16
carat/tables/qcatalog/dim6/dir.3;1;1;1/ordnung.48/(1)^2(4)^10/min.444	48	b4cef6c322c1b635436a71339f0611bf	1	16
carat/tables/qcatalog/dim6/dir.3;1;1;1/ordnung.48/(1)^4(2)^2(4)^4(8)^2/min.445	48	73485707bb8a33d34d5734a263719a01	1	10
carat/tables/qcatalog/dim6/dir.3;1;1;1/ordnung.48/(1)^4(2)^2(4)^4(8)^2/min.446	48	a55a445165f8b36364e4578ae5257ec1	1	10
carat/tables/qcatalog/dim6/dir.3;2-1;1/ordnung.192/(1)^4(2)^4(4)^4(8)^2/group.3918	192	cd8b7f1bf8202812dd238e14d99a097c	1	25
carat/tables/qcatalog/dim6/dir.3;2-1;1/ordnung.192/(1)^4(2)^4(4)^4(8)^2/group.3919	192	14a64b9abe90db4fca5b6e45afc25d95	1	28
carat/tables/qcatalog/dim6/dir.3;2-1;1/ordnung.192/(1)^4(2)^4(4)^4(8)^2/group.3920	192	058a970f0e2c0cf48127928f6ffe8b16	1	25
carat/tables/qcatalog/dim6/dir.3;2-1;1/ordnung.192/(1)^4(2)^4(4)^4(8)^2/group.3921	192	7012857e5e074c169d4e952ffc978c58	1	25
carat/tables/qcatalog/dim6/dir.3;2-1;1/ordnung.192/(1)^4(2)^4(4)^4(8)^2/group.3922	192	0278fac2723328d7d00adf4f8697bf1d	1	28
carat/tables/qcatalog/dim6/dir.3;2-1;1/ordnung.192/(1)^4(2)^4(4)^4(8)^2/group.3923	192	caa1c1588a36b3f4a4f93f28657fef3e	1	25
carat/tables/qcatalog/dim6/dir.3;2-1;1/ordnung.192/(1)^4(2)^4(4)^4(8)^2/group.3924	192	816774b054fe416ecd8c5593c74ea818	1	25
carat/tables/qcatalog/dim6/dir.3;2-1;1/ordnung.192/(1)^4(2)^4(4)^4(8)^2/group.3925	192	122d914cff9322faf2c1bd7c2bd9655c	1	25
carat/tables/qcatalog/dim6/dir.3;2-1;1/ordnung.192/(1)^4(2)^4(4)^4(8)^2/group.3926	192	3bdfdeb87fd808506221613243a1e58a	1	25
carat/tables/qcatalog/dim6/dir.3;2-1;1/ordnung.192/(1)^4(2)^4(4)^4(8)^2/group.3927	192	570137defcae2ee8fbae390cf72171e2	1	25
carat/tables/qcatalog/dim6/dir.3;2-1;1/ordnung.192/(1)^4(2)^4(4)^4(8)^2/group.3928	192	0e549266bde288caf2b42f4e4f1ede24	1	25
carat/tables/qcatalog/dim6/dir.3;2-1;1/ordnung.192/(1)^4(2)^4(4)^4(8)^2/group.3929	192	b4a94982794f86fa6e8272c7ec4fae3c	1	25
carat/tables/qcatalog/dim6/dir.3;2-1;1/ordnung.192/(1)^4(2)^4(4)^6/group.3930	192	f213b496b737e1dbbd8f42f316fcdcb9	1	28
carat/tables/qcatalog/dim6/dir.3;2-1;1/ordnung.192/(1)^4(2)^4(4)^6/group.3931	192	8c01432c6569791a17d282566e26d9f4	1	25
carat/tables/qcatalog/dim6/dir.3;2-1;1/ordnung.192/(1)^4(2)^4(4)^6/group.3932	192	e6d24df7eed2ab4cc684c4126334bb6e	1	25
carat/tables/qcatalog/dim6/dir.3;2-1;1/ordnung.192/(1)^4(2)^4(4)^6/group.3933	192	3e92b064774b05c4b3b324f8d4649c4e	1	25
carat/tables/qcatalog/dim6/dir.3;2-1;1/ordnung.192/(1)^4(2)^4(4)^6/group.3934	192	8db349ff89ba84fef0baeeda87854760	1	25
carat/tables/qcatalog/dim6/dir.3;2-1;1/ordnung.192/(1)^4(2)^4(4)^6/group.3935	192	5ec0b5a3e6025b10df59faaeaec99aa2	1	25
carat/tables/qcatalog/dim6/dir.3;2-1;1/ordnung.192/(1)^4(2)^4(4)^6/group.3936	192	fada064630effd3af3fd9387461d4a1c	1	25
carat/tables/qcatalog/dim6/dir.3;2-1;1/ordnung.192/(1)^4(2)^4(4)^6/group.3937	192	82c59f7e3796b79d2ef6817caf132e03	1	28
carat/tables/qcatalog/dim6/dir.3;1;1;1/ordnung.96/(1)^4(4)^8/group.3878	96	6a07a571238b6a12cb47a9e3f7e637f4	1	20
carat/tables/qcatalog/dim6/dir.3;1;1;1/ordnung.96/(1)^4(4)^8/group.3879	96	f3ac15faaa2d6cf2a47992514667009c	1	20
carat/tables/qcatalog/dim6/dir.3;1;1;1/ordnung.96/(1)^4(4)^8/group.3880	96	4a03b06ec8d401ce6c9f7f20339f0c98	1	20
carat/tables/qcatalog/dim6/dir.3;2-1;1/ordnung.192/(1)^2(2)^2(4)^8/group.3881	192	04812a96038d8273fa463842668562bd	1	64
carat/tables/qcatalog/dim6/dir.3;2-1;1/ordnung.192/(1)^2(2)^4(4)^6(8)^2/group.3882	192	13e1d3139b794d15a6f8d1cd8898551f	1	40
carat/tables/qcatalog/dim6/dir.3;2-1;1/ordnung.192/(1)^2(2)^4(4)^6(8)^2/group.3883	192	d0464a9a1131b30770fdd601a510e7f9	1	40
carat/tables/qcatalog/dim6/dir.3;2-1;1/ordnung.192/(1)^2(2)^4(4)^6(8)^2/group.3884	192	4f2af72b0c244f9dee8ff334237cffd7	1	40
carat/tables/qcatalog/dim6/dir.3;2-1;1/ordnung.192/(1)^2(2)^4(4)^8/group.3885	192	b2f27312ff286e316a09f7954db9072b	1	40
carat/tables/qcatalog/dim6/dir.3;2-1;1/ordnung.192/(1)^2(2)^4(4)^8/group.3886	192	09ad290c4191b3fb400dd61ce2fa874d	1	40
carat/tables/qcatalog/dim6/dir.3;2-1;1/ordnung.192/(1)^2(2)^4(4)^8/group.3887	192	2e32b8638a0d812b73dd758c731877d5	1	40
carat/tables/qcatalog/dim6/dir.3;2-1;1/ordnung.192/(1)^2(2)^4(4)^8/group.3888	192	e820ff5ba822be89090fc12c3ad100bb	1	40
carat/tables/qcatalog/dim6/dir.3;2-1;1/ordnung.192/(1)^2(2)^4(4)^8/group.3889	192	dfbb75891a86bbe909edc38573600173	1	40
carat/tables/qcatalog/dim6/dir.3;2-1;1/ordnung.192/(1)^2(2)^4(4)^8/group.3890	192	fb604f1696415c114fcd64cbd8c2b843	1	40
carat/tables/qcatalog/dim6/dir.3;2-1;1/ordnung.192/(1)^4(2)^2(4)^4(8)^2/group.3891	192	300088c6a71ffb418315ef374c2f47e7	1	40
carat/tables/qcatalog/dim6/dir.3;2-1;1/ordnung.192/(1)^4(2)^2(4)^6/group.3892	192	61868408e547b7bd4b1e89d4da965c8b	1	40
carat/tables/qcatalog/dim6/dir.3;2-1;1/ordnung.192/(1)^4(2)^2(4)^6/group.3893	192	9d8e433dd7818be350e75f9784884dd1	1	40
carat/tables/qcatalog/dim6/dir.3;2-1;1/ordnung.192/(1)^4(2)^2(4)^6/group.3894	192	bf4bd5b0500abb7fa60d0dd8b57e7ebd	1	40
carat/tables/qcatalog/dim6/dir.3;2-1;1/ordnung.192/(1)^4(2)^2(4)^6/group.3895	192	87ef01562f5f933db59085ea975279db	1	40
carat/tables/qcatalog/dim6/dir.3;2-1;1/ordnung.192/(1)^4(2)^2(4)^6/group.3896	192	1fcbe19c5ea7b34b04a00c3cc23cae49	1	40
carat/tables/qcatalog/dim6/dir.3;2-1;1/ordnung.192/(1)^4(2)^2(4)^6/group.3897	192	001f985989901a97c198bf9458bf51fd	1	40
carat/tables/qcatalog/dim6/dir.2-2;2-2;2-2/ordnung.432/(1)^5(3)^5/group.3684	432	5b6285710cd0dbc3c84567cdc1c0db75	0	108
carat/tables/qcatalog/dim6/dir.2-2;2-2;2-2/ordnung.432/(1)^5(3)^5/group.3685	432	b5059b8ae3cd6eb7f4775c5ce26176ed	0	144
carat/tables/qcatalog/dim6/dir.2-2;2-2;2-2/ordnung.432/(1)^5(3)^5/group.3686	432	e45136a3f36cc31340d64180d4e2e69d	0	108
carat/tables/qcatalog/dim6/dir.2-2;2-2;2-2/ordnung.432/(1)^5(3)^5/group.3687	432	3be172d049dcc57d823c424a8d71293f	0	108
carat/tables/qcatalog/dim6/dir.2-2;2-2;2-2/ordnung.432/(1)^5(3)^5/group.3688	432	f75e10367bc46cc58119efad3c91899f	0	108
carat/tables/qcatalog/dim6/dir.2-2;2-2;2-2/ordnung.432/(1)^5(3)^5/group.3689	432	4b59396338153209e66796844df3ce53	0	108
carat/tables/qcatalog/dim6/dir.2-2;2-2;2-2/ordnung.432/(1)^5(3)^6(9)^1/group.3690	432	96e3992c9917798bf16f224ff9d6439d	0	54
carat/tables/qcatalog/dim6/dir.2-2;2-2;2-2/ordnung.432/(1)^5(3)^6(9)^1/group.3691	432	b3b9cc5f1832c66955a02c374ce28703	0	54
carat/tables/qcatalog/dim6/dir.2-2;2-2;2-2/ordnung.432/(1)^5(3)^6(9)^1/group.3692	432	4a16635ca50383f1a42da77efe397e8b	0	72
carat/tables/qcatalog/dim6/dir.2-2;2-2;2-2/ordnung.432/(1)^5(3)^6(9)^1/group.3693	432	4617c67408f4e1ab5f704b340b25e6ad	0	54
carat/tables/qcatalog/dim6/dir.2-2;2-2;2-2/ordnung.432/(1)^5(3)^6(9)^1/group.3694	432	d53048befae42fa53e8c83129d1866ff	0	54
carat/tables/qcatalog/dim6/dir.2-2;2-2;2-2/ordnung.432/(1)^5(3)^6(9)^1/group.3695	432	0dd6afeaae5867adafc10c69fe32a247	0	54
carat/tables/qcatalog/dim6/dir.2-2;2-2;2-2/ordnung.432/(1)^5(3)^6(9)^1/group.3696	432	15b0ca39638f6af5eb881ddeb46fac47	0	54
carat/tables/qcatalog/dim6/dir.2-2;2-2;2-2/ordnung.432/(1)^5(3)^6(9)^1/group.3697	432	a1cf83aa2fe23a9d2a40886b7e1b6b1f	0	54
carat/tables/qcatalog/dim6/dir.2-2;2-2;2-2/ordnung.432/(1)^5(3)^6(9)^1/group.3698	432	bafd063e9c3ec0ddf36b0595dd1762d7	0	54
carat/tables/qcatalog/dim6/dir.2-2;2-2;2-2/ordnung.432/(1)^5(3)^6(9)^1/group.3699	432	55b5ab5a024129cd1b1247d4322b70af	0	54
carat/tables/qcatalog/dim6/dir.2-2;2-2;2-2/ordnung.432/(1)^5(3)^6(9)^1/group.3700	432	9a26ca51ff160b03534c560eb7975e2d	0	54
carat/tables/qcatalog/dim6/dir.2-2;2-2;2-2/ordnung.432/(1)^5(3)^6(9)^1/group.3701	432	bc4264e7560095196579ec28da9cf7d7	0	60
carat/tables/qcatalog/dim6/dir.2-2;2-2;2-2/ordnung.432/(1)^6(3)^6/group.3702	432	4cf7b5e7e0680a2fac7430b9988661f5	0	60
carat/tables/qcatalog/dim6/dir.2-2;2-2;2-2/ordnung.432/(1)^6(3)^6/group.3703	432	939139d8abe8b7cd7ddb20965ff1a6ff	0	120
carat/tables/qcatalog/dim6/dir.3;1;1;1/ordnung.48/(1)^4(2)^2(4)^4(8)^2/min.447	48	91c675a4fb0dc6d52495ac80953d0493	1	10
carat/tables/qcatalog/dim6/dir.3;1;1;1/ordnung.48/(1)^4(2)^2(4)^4(8)^2/min.448	48	027d19d325a9695b1d6dcf90a75696f9	1	10
carat/tables/qcatalog/dim6/dir.3;1;1;1/ordnung.48/(1)^4(2)^2(4)^4(8)^2/min.449	48	9c249adc1cf0b34fd3e1e8eed4b0ff2d	1	10
carat/tables/qcatalog/dim6/dir.3;1;1;1/ordnung.48/(1)^4(2)^2(4)^4(8)^2/min.450	48	cfd6ae39ed1fd611bdadfe9054012947	1	10
carat/tables/qcatalog/dim6/dir.3;1;1;1/ordnung.48/(1)^4(2)^2(4)^4(8)^2/min.451	48	bbb11600340f538dc1185c56e438c90b	1	10
carat/tables/qcatalog/dim6/dir.3;1;1;1/ordnung.48/(1)^4(4)^8/min.452	48	6602a264728599233d2d4af963df38a1	1	10
carat/tables/qcatalog/dim6/dir.3;1;1;1/ordnung.48/(1)^4(4)^8/min.453	48	d3ab615bf00ecf8374f535c48cb04129	1	10
carat/tables/qcatalog/dim6/dir.3;1;1;1/ordnung.48/(1)^4(4)^8/min.454	48	4c246aa4261e5cbf70c9f3ab5a0c1d75	1	10
carat/tables/qcatalog/dim6/dir.3;1;1;1/ordnung.96/(1)^2(2)^2(4)^6(8)^2/group.3846	96	ac5b711c88ff30d28a086fdce53ecdc8	1	32
carat/tables/qcatalog/dim6/dir.3;1;1;1/ordnung.96/(1)^2(2)^2(4)^8/group.3847	96	66aeff1fea927b7a7831dc5859cdb788	1	32
carat/tables/qcatalog/dim6/dir.3;1;1;1/ordnung.96/(1)^2(2)^2(4)^8/group.3848	96	d384d717a29290326e094e5cdd851658	1	32
carat/tables/qcatalog/dim6/dir.3;1;1;1/ordnung.96/(1)^2(2)^2(4)^8/group.3849	96	7f2f04e87f7f912297378e3ac3507eb8	1	32
carat/tables/qcatalog/dim6/dir.3;1;1;1/ordnung.96/(1)^2(2)^2(4)^8/group.3850	96	3dcba40a5be416226edb5d278e000530	1	32
carat/tables/qcatalog/dim6/dir.3;1;1;1/ordnung.96/(1)^2(4)^10/group.3851	96	c63fcd3035008ec27519edbe4dba6038	1	32
carat/tables/qcatalog/dim6/dir.3;1;1;1/ordnung.96/(1)^4(2)^2(4)^4(8)^2/group.3852	96	6ac978d6f0eac87608f91e8b83b65340	1	20
carat/tables/qcatalog/dim6/dir.3;1;1;1/ordnung.96/(1)^4(2)^2(4)^4(8)^2/group.3853	96	b06259f6176ecd80944fcaa888fd76ba	1	20
carat/tables/qcatalog/dim6/dir.3;1;1;1/ordnung.96/(1)^4(2)^2(4)^4(8)^2/group.3854	96	9dc173258977e9524c1f43e4ef591b94	1	20
carat/tables/qcatalog/dim6/dir.3;1;1;1/ordnung.96/(1)^4(2)^2(4)^4(8)^2/group.3855	96	e171d80b12c21762df5d0b23ea55200c	1	20
carat/tables/qcatalog/dim6/dir.3;1;1;1/ordnung.96/(1)^4(2)^2(4)^4(8)^2/group.3856	96	d897c9eead3148e686ee734bc0379ea0	1	20
carat/tables/qcatalog/dim6/dir.3;1;1;1/ordnung.96/(1)^4(2)^2(4)^4(8)^2/group.3857	96	9da7b19523527626eb1a6ab8710a72a0	1	20
carat/tables/qcatalog/dim6/dir.3;2-1;1/ordnung.192/(1)^4(2)^4(4)^6/group.3938	192	6cc5b680b829a953a3aaa3cc2b0e7c19	1	28
carat/tables/qcatalog/dim6/dir.3;2-1;1/ordnung.192/(1)^4(2)^4(4)^6/group.3939	192	5972daa779ba664a05c291246207c1ac	1	25
carat/tables/qcatalog/dim6/dir.3;2-1;1/ordnung.192/(1)^4(2)^4(4)^6/group.3940	192	715ff7eaa13e7eea61db90fcca046e9c	1	25
carat/tables/qcatalog/dim6/dir.3;2-1;1/ordnung.192/(1)^4(2)^4(4)^6/group.3941	192	c873192eeaf838b27c806d2e2df2c25c	1	25
carat/tables/qcatalog/dim6/dir.3;2-1;1/ordnung.192/(1)^4(2)^4(4)^6/group.3942	192	949b504f5c78d5068eefd0d3b247ba88	1	25
carat/tables/qcatalog/dim6/dir.3;2-1;1/ordnung.192/(1)^4(2)^4(4)^6/group.3943	192	9359cbf25f7795793f99579e06ce05c7	1	28
carat/tables/qcatalog/dim6/dir.3;2-1;1/ordnung.192/(1)^4(2)^4(4)^6/group.3944	192	4e0c9c344e2936e94e996d837f1b7577	1	28
carat/tables/qcatalog/dim6/dir.3;2-1;1/ordnung.192/(1)^4(2)^4(4)^6/group.3945	192	c33700e92c567741dc186df5d0812667	1	28
carat/tables/qcatalog/dim6/dir.3;2-1;1/ordnung.192/(1)^4(2)^4(4)^6/group.3946	192	49920fc8e9c28ed594daf1820e9c36c3	1	28
carat/tables/qcatalog/dim6/dir.3;2-1;1/ordnung.192/(1)^4(2)^4(4)^6/group.3947	192	09fcca6341f585f3eca83c95aaaecd91	1	28
carat/tables/qcatalog/dim6/dir.3;2-1;1/ordnung.192/(1)^4(2)^4(4)^6/group.3948	192	0360b54db4e9581ca68fbd3cc1b29b96	1	25
carat/tables/qcatalog/dim6/dir.3;2-1;1/ordnung.192/(1)^4(2)^4(4)^6/group.3949	192	0c861900d6032a21a0e5ea2e98f00617	1	28
carat/tables/qcatalog/dim6/dir.3;2-1;1/ordnung.192/(1)^4(2)^4(4)^6/group.3950	192	2181c3cae58cd2b063769f034c19f54a	1	25
carat/tables/qcatalog/dim6/dir.3;2-1;1/ordnung.192/(1)^4(2)^4(4)^6/group.3951	192	7c0fb40782f54c98110ae81c2c1fae6a	1	25
carat/tables/qcatalog/dim6/dir.3;2-1;1/ordnung.192/(1)^4(2)^4(4)^6/group.3952	192	47788e401e515f387dc1a86720a3df72	1	25
carat/tables/qcatalog/dim6/dir.3;2-1;1/ordnung.192/(1)^4(2)^4(4)^6/group.3953	192	c471954ef082d922032a89352132fd2c	1	25
carat/tables/qcatalog/dim6/dir.3;2-1;1/ordnung.192/(1)^4(2)^4(4)^6/group.3954	192	380cdb340d5766f8df713d82d22f29a2	1	25
carat/tables/qcatalog/dim6/dir.3;2-1;1/ordnung.192/(1)^4(2)^4(4)^6/group.3955	192	af52afc9bbd980b8b825d8a44686723a	1	25
carat/tables/qcatalog/dim6/dir.3;2-1;1/ordnung.192/(1)^4(2)^4(4)^6/group.3956	192	0ae4cc771374b99f971c6ce69911b9a5	1	28
carat/tables/qcatalog/dim6/dir.3;2-1;1/ordnung.192/(1)^4(2)^4(4)^6/group.3957	192	0903d691e86d7dd7c0b36ebe7d85294d	1	28
carat/tables/qcatalog/dim6/dir.3;2-1;1/ordnung.192/(1)^4(2)^2(4)^6/group.3898	192	2ed3b41ab1859ef76376d7c9b62c2755	1	40
carat/tables/qcatalog/dim6/dir.3;2-1;1/ordnung.192/(1)^4(2)^2(4)^6/group.3899	192	6787f8e933158d19118798af8685eb27	1	40
carat/tables/qcatalog/dim6/dir.3;2-1;1/ordnung.192/(1)^4(2)^2(4)^6/group.3900	192	10132ae1b728ce256cd237c110da01f3	1	40
carat/tables/qcatalog/dim6/dir.3;2-1;1/ordnung.192/(1)^4(2)^2(4)^6/group.3901	192	667018b6f5b5588348ae4d7ba2b08f19	1	40
carat/tables/qcatalog/dim6/dir.3;2-1;1/ordnung.192/(1)^4(2)^2(4)^6/group.3902	192	d5aa32461ca57537fd103462e3b559cd	1	40
carat/tables/qcatalog/dim6/dir.3;2-1;1/ordnung.192/(1)^4(2)^4(4)^4(8)^2/group.3903	192	add19967ff58094b4717ef48b77f88a1	1	28
carat/tables/qcatalog/dim6/dir.3;2-1;1/ordnung.192/(1)^4(2)^4(4)^4(8)^2/group.3904	192	c36137b2881fe34ae9ae82ef2b45bdec	1	25
carat/tables/qcatalog/dim6/dir.3;2-1;1/ordnung.192/(1)^4(2)^4(4)^4(8)^2/group.3905	192	ced03bde5db77cbaadee3683ba9cd5f4	1	25
carat/tables/qcatalog/dim6/dir.3;2-1;1/ordnung.192/(1)^4(2)^4(4)^4(8)^2/group.3906	192	be06d2cf70259f668de7538de2801d08	1	25
carat/tables/qcatalog/dim6/dir.3;2-1;1/ordnung.192/(1)^4(2)^4(4)^4(8)^2/group.3907	192	5c196b63a642073623e74d10a5eecf18	1	25
carat/tables/qcatalog/dim6/dir.3;2-1;1/ordnung.192/(1)^4(2)^4(4)^4(8)^2/group.3908	192	4f63a6e7b89ca6dfb229cdb67ceacc1d	1	28
carat/tables/qcatalog/dim6/dir.3;2-1;1/ordnung.192/(1)^4(2)^4(4)^4(8)^2/group.3909	192	30af5f20d204e8967552fae126624338	1	25
carat/tables/qcatalog/dim6/dir.3;2-1;1/ordnung.192/(1)^4(2)^4(4)^4(8)^2/group.3910	192	9062da9edf737626db899f0bd98d2fc0	1	25
carat/tables/qcatalog/dim6/dir.3;2-1;1/ordnung.192/(1)^4(2)^4(4)^4(8)^2/group.3911	192	28c0ce502fc73c5ce9999df67b022f76	1	25
carat/tables/qcatalog/dim6/dir.3;2-1;1/ordnung.192/(1)^4(2)^4(4)^4(8)^2/group.3912	192	a104cec8d8a8f9314d4979fa317de147	1	28
carat/tables/qcatalog/dim6/dir.3;2-1;1/ordnung.192/(1)^4(2)^4(4)^4(8)^2/group.3913	192	e205decbe4b65f6875d18d30930d798a	1	25
carat/tables/qcatalog/dim6/dir.3;2-1;1/ordnung.192/(1)^4(2)^4(4)^4(8)^2/group.3914	192	1c1cd290d65c2cab35e36e47dace2039	1	28
carat/tables/qcatalog/dim6/dir.3;2-1;1/ordnung.192/(1)^4(2)^4(4)^4(8)^2/group.3915	192	88ec3a80e20ee6b92e16df1f4118f4e7	1	28
carat/tables/qcatalog/dim6/dir.3;2-1;1/ordnung.192/(1)^4(2)^4(4)^4(8)^2/group.3916	192	ff7bc52e6569b932c3b078d42f06b82c	1	25
carat/tables/qcatalog/dim6/dir.3;2-1;1/ordnung.192/(1)^4(2)^4(4)^4(8)^2/group.3917	192	5a03f5cb0c300d0e0d8e25c66ccf2ac0	1	25
carat/tables/qcatalog/dim6/dir.2-2;2-2;2-2/ordnung.864/(1)^6(3)^6/group.3764	864	95fe0c4210ac0662500fdcfa38e747e8	0	144
carat/tables/qcatalog/dim6/dir.2-2;2-2;2-2/ordnung.864/(1)^6(3)^6/group.3765	864	7324b8ab0b2a6a88fbd9f423ef619976	0	108
carat/tables/qcatalog/dim6/dir.2-2;2-2;2-2/ordnung.864/(1)^6(3)^6/group.3766	864	02805212ef3ce190b030432958c4b8f6	0	108
carat/tables/qcatalog/dim6/dir.2-2;2-2;2-2/ordnung.864/(1)^6(3)^6/group.3767	864	c5b9cc13d20144c0ffe93dad2a653056	0	108
carat/tables/qcatalog/dim6/dir.2-2;2-2;2-2/ordnung.864/(1)^6(3)^6/group.3768	864	263ed943790fd890aa8e4c4cac455336	0	108
carat/tables/qcatalog/dim6/dir.2-2;2-2;2-2/ordnung.9/(3)^3(9)^3/min.429	9	1ccc161853d9994648349991e551fe74	0	9
carat/tables/qcatalog/dim6/dir.3,3/ordnung.12/(2)^3(8)^6/min.430	12	8377dc6c4c18350a86c4141e56397e88	0	4
carat/tables/qcatalog/dim6/dir.3,3/ordnung.24/(2)^3(8)^6/group.3769	24	5e7a9ef646ba508ab127b2eef61dd830	0	8
carat/tables/qcatalog/dim6/dir.3,3/ordnung.24/(2)^5(8)^4/group.3770	24	6bafda47c2d69223f35654458c8756d5	0	5
carat/tables/qcatalog/dim6/dir.3,3/ordnung.24/(2)^5(8)^4/group.3771	24	3c56dd43806452b77ba69a30ad12ca41	0	5
carat/tables/qcatalog/dim6/dir.3,3/ordnung.48/(2)^5(8)^4/group.3772	48	0541d2da4d8fa23addd4086a2c8c0eb0	0	10
carat/tables/qcatalog/dim6/dir.3;1,1,1/ordnung.12/(1)^2(4)^7(12)^1/min.431	12	ba4d11b1fcbc79213995ed57dd2a9bcb	1	4
carat/tables/qcatalog/dim6/dir.3;1,1,1/ordnung.24/(1)^2(2)^2(4)^5(12)^1/group.3773	24	a859264f8772aa0107335fe0eba4d093	1	8
carat/tables/qcatalog/dim6/dir.3;1,1,1/ordnung.24/(1)^2(2)^2(4)^5(12)^1/group.3774	24	4a5d5c8399e95011c88964d6d0c29333	1	8
carat/tables/qcatalog/dim6/dir.3;1,1,1/ordnung.24/(1)^2(4)^7(12)^1/group.3775	24	4733cd13ef9d23a95e45de8051f510eb	1	8
carat/tables/qcatalog/dim6/dir.3;1,1,1/ordnung.24/(1)^4(2)^2(4)^3(12)^1/group.3776	24	848d5b04e4429a48c7ae93cd22506eee	1	5
carat/tables/qcatalog/dim6/dir.3;1,1,1/ordnung.24/(1)^4(2)^2(4)^3(12)^1/group.3777	24	e072ea6e30798cd49183d82446c50902	1	5
carat/tables/qcatalog/dim6/dir.3;1,1,1/ordnung.24/(1)^4(4)^5(12)^1/group.3778	24	361e2e5455d28de858e4c61af1d50cee	1	5
carat/tables/qcatalog/dim6/dir.3;1,1,1/ordnung.24/(1)^4(4)^5(12)^1/group.3779	24	de58f643d8b8f4340ee63fa419a37fa2	1	5
carat/tables/qcatalog/dim6/dir.3;1,1,1/ordnung.48/(1)^2(2)^2(4)^5(12)^1/group.3780	48	b90944478321cf8b541d13b717b953d1	1	16
carat/tables/qcatalog/dim6/dir.3;2-1;1/ordnung.96/(1)^2(2)^2(4)^8/group.3990	96	810e757c193cfbfe906d262e13be6e44	1	32
carat/tables/qcatalog/dim6/dir.3;2-1;1/ordnung.96/(1)^2(2)^2(4)^8/group.3991	96	43dab0db7f96cab6694253813bb34304	1	32
carat/tables/qcatalog/dim6/dir.3;2-1;1/ordnung.96/(1)^2(2)^2(4)^8/group.3992	96	e9f9b3bbcc70a78ac588e40e1f604148	1	32
carat/tables/qcatalog/dim6/dir.3;2-1;1/ordnung.96/(1)^2(2)^4(4)^6(8)^2/group.3993	96	591b03d93256fbc849e9d5837e3c7c3e	1	20
carat/tables/qcatalog/dim6/dir.3;2-1;1/ordnung.96/(1)^2(2)^4(4)^6(8)^2/group.3994	96	64f39c5528aa0bc237fe997cab92f480	1	20
carat/tables/qcatalog/dim6/dir.3;2-1;1/ordnung.96/(1)^2(2)^4(4)^6(8)^2/group.3995	96	ebc3f75b427c45a2eba368526c0b0400	1	20
carat/tables/qcatalog/dim6/dir.3;2-1;1/ordnung.96/(1)^2(2)^4(4)^6(8)^2/group.3996	96	66c929d2c2736214c0f7fda2c2c53ba2	1	20
carat/tables/qcatalog/dim6/dir.3;2-1;1/ordnung.96/(1)^2(2)^4(4)^6(8)^2/group.3997	96	6f7f6582f189c3e443fcecd13dde5342	1	20
carat/tables/qcatalog/dim6/dir.3;2-1;1/ordnung.96/(1)^2(2)^4(4)^6(8)^2/group.3998	96	ad43310fd6063fe8454615c9cfdde886	1	20
carat/tables/qcatalog/dim6/dir.3;2-1;1/ordnung.96/(1)^2(2)^4(4)^6(8)^2/group.3999	96	d036ead92a37ee38723b967512df6a86	1	20
carat/tables/qcatalog/dim6/dir.3;2-1;1/ordnung.96/(1)^2(2)^4(4)^6(8)^2/group.4000	96	c87afe9b1eb72212b61b8440dae7fe00	1	20
carat/tables/qcatalog/dim6/dir.3;2-1;1/ordnung.96/(1)^2(2)^4(4)^6(8)^2/group.4001	96	52c68212f788fdbc835b044747e35ad2	1	20
carat/tables/qcatalog/dim6/dir.3;2-1;1/ordnung.96/(1)^2(2)^4(4)^6(8)^2/group.4002	96	0a8ca0c09813aa6ae81146f46feaad98	1	20
carat/tables/qcatalog/dim6/dir.3;2-1;1/ordnung.96/(1)^2(4)^10/group.4003	96	07d16a71b595486281d617903dbc5250	1	32
carat/tables/qcatalog/dim6/dir.3;2-1;1/ordnung.96/(1)^4(2)^2(4)^4(8)^2/group.4004	96	389ef5a887a80dc41c559627d4275646	1	20
carat/tables/qcatalog/dim6/dir.3;2-1;1/ordnung.96/(1)^4(2)^2(4)^4(8)^2/group.4005	96	89d2ecd67b85a8f4f925c66e3233dc16	1	20
carat/tables/qcatalog/dim6/dir.3;2-1;1/ordnung.96/(1)^4(2)^2(4)^4(8)^2/group.4006	96	b77e044aa13dd264bc57840cdc9e4f5e	1	20
carat/tables/qcatalog/dim6/dir.3;2-1;1/ordnung.96/(1)^4(2)^2(4)^4(8)^2/group.4007	96	030fd9db40a3ed08c7087c3897a3a622	1	20
carat/tables/qcatalog/dim6/dir.3;2-1;1/ordnung.96/(1)^4(2)^2(4)^4(8)^2/group.4008	96	84427264389437c89a4c9124b0055472	1	20
carat/tables/qcatalog/dim6/dir.3;2-1;1/ordnung.96/(1)^4(2)^2(4)^6/group.4009	96	2e39cb6e0896696ebc6c6c8cd9b7be80	1	20
carat/tables/qcatalog/dim6/dir.2-2;2-2;2-2/ordnung.72/(1)^4(2)^2(6)^6/group.3744	72	5075c68325b916c99e5846215b234c23	0	24
carat/tables/qcatalog/dim6/dir.2-2;2-2;2-2/ordnung.72/(1)^4(2)^2(6)^6/group.3745	72	911a358a52961145bdcc20d06e481b77	0	24
carat/tables/qcatalog/dim6/dir.2-2;2-2;2-2/ordnung.72/(1)^4(2)^2(6)^6/group.3746	72	8bb21b001c153711fb85aba868b121af	0	18
carat/tables/qcatalog/dim6/dir.2-2;2-2;2-2/ordnung.72/(1)^4(2)^2(6)^6/group.3747	72	5742cb6b1a6e3efde3bc853b2979c5c3	0	18
carat/tables/qcatalog/dim6/dir.2-2;2-2;2-2/ordnung.72/(1)^4(2)^2(6)^6/group.3748	72	ad533e45471182339a587869b0455809	0	18
carat/tables/qcatalog/dim6/dir.2-2;2-2;2-2/ordnung.72/(1)^4(2)^2(6)^6/group.3749	72	8cd5b99bbd43bc457f34a2f8c4ad2e1f	0	24
carat/tables/qcatalog/dim6/dir.2-2;2-2;2-2/ordnung.72/(1)^4(3)^6(9)^2/group.3750	72	568c54c7dfb94dab6866c2f697ab9d35	0	24
carat/tables/qcatalog/dim6/dir.2-2;2-2;2-2/ordnung.72/(1)^4(6)^4/group.3751	72	2f99d85a601d4ed5e3294e1fbe22716b	0	36
carat/tables/qcatalog/dim6/dir.2-2;2-2;2-2/ordnung.72/(1)^4(6)^4/group.3752	72	1758a94c76a489d738e56d41ab2daea5	0	36
carat/tables/qcatalog/dim6/dir.2-2;2-2;2-2/ordnung.72/(1)^4(6)^4/group.3753	72	31c030d22dba30e1f68c29fc43550c2f	0	36
carat/tables/qcatalog/dim6/dir.2-2;2-2;2-2/ordnung.72/(1)^4(6)^4/group.3754	72	9a9b24b4c8979a61aae1039338087897	0	36
carat/tables/qcatalog/dim6/dir.2-2;2-2;2-2/ordnung.72/(1)^4(6)^4/group.3755	72	de1727de54bc54316ac77264a339b3a7	0	36
carat/tables/qcatalog/dim6/dir.2-2;2-2;2-2/ordnung.72/(1)^4(6)^6(18)^2/group.3756	72	0556223c6d25b69fef7b27f964984779	0	24
carat/tables/qcatalog/dim6/dir.2-2;2-2;2-2/ordnung.72/(1)^4(6)^6(18)^2/group.3757	72	5ce517d2cfe2042ba5a70818fd910989	0	18
carat/tables/qcatalog/dim6/dir.2-2;2-2;2-2/ordnung.72/(1)^6(3)^6/group.3758	72	7a6b47f0f8344ae934434e253210da73	0	24
carat/tables/qcatalog/dim6/dir.2-2;2-2;2-2/ordnung.72/(1)^6(3)^6/group.3759	72	f3e017f03b3e7e7536f247a9da549f17	0	24
carat/tables/qcatalog/dim6/dir.2-2;2-2;2-2/ordnung.864/(1)^5(3)^5/group.3760	864	cae8ed7abde41338fa6d30c0a45abb2e	0	216
carat/tables/qcatalog/dim6/dir.2-2;2-2;2-2/ordnung.864/(1)^5(3)^6(9)^1/group.3761	864	31fe162bdf6ca87888387cb0283acea6	0	108
carat/tables/qcatalog/dim6/dir.2-2;2-2;2-2/ordnung.864/(1)^6(3)^6/group.3762	864	6d43de6c858f64f412e6965c637a92d2	0	108
carat/tables/qcatalog/dim6/dir.2-2;2-2;2-2/ordnung.864/(1)^6(3)^6/group.3763	864	a88d781941168e62f427206a291c5edc	0	120
carat/tables/qcatalog/dim6/dir.3;2-1;1/ordnung.96/(1)^4(2)^4(4)^4(8)^2/group.4030	96	cef25b0713d6c0061a930c0ef8cb5c40	1	14
carat/tables/qcatalog/dim6/dir.3;2-1;1/ordnung.96/(1)^4(2)^4(4)^4(8)^2/group.4031	96	2379c2072b9eb376699ffe1d84521f30	1	14
carat/tables/qcatalog/dim6/dir.3;2-1;1/ordnung.96/(1)^4(2)^4(4)^4(8)^2/group.4032	96	4517ff51c5722cf850a4fbb3bd1ed61a	1	14
carat/tables/qcatalog/dim6/dir.3;2-1;1/ordnung.96/(1)^4(2)^4(4)^4(8)^2/group.4033	96	10136d2d858bc6b6894112590a045670	1	14
carat/tables/qcatalog/dim6/dir.3;2-1;1/ordnung.96/(1)^4(2)^4(4)^4(8)^2/group.4034	96	ac34a7ad6c8d0d565c4b58b4f3a85838	1	14
carat/tables/qcatalog/dim6/dir.3;2-1;1/ordnung.96/(1)^4(2)^4(4)^4(8)^2/group.4035	96	58fe60aa3043d30e47ec37c7a3789670	1	14
carat/tables/qcatalog/dim6/dir.3;2-1;1/ordnung.96/(1)^4(2)^4(4)^4(8)^2/group.4036	96	35f1ad0f50e5cdb4ace1e00f57b4060e	1	14
carat/tables/qcatalog/dim6/dir.3;2-1;1/ordnung.96/(1)^4(2)^4(4)^4(8)^2/group.4037	96	33fa6bb780d8e8e4a8b3d382bcff0df6	1	14
carat/tables/qcatalog/dim6/dir.3;2-1;1/ordnung.96/(1)^4(2)^4(4)^4(8)^2/group.4038	96	03d4f2ad2da91b14a355f48a5e06d3de	1	14
carat/tables/qcatalog/dim6/dir.3;2-1;1/ordnung.96/(1)^4(2)^4(4)^4(8)^2/group.4039	96	b74a80156ada6966bd57579a4f5062f0	1	14
carat/tables/qcatalog/dim6/dir.3;2-1;1/ordnung.96/(1)^4(2)^4(4)^4(8)^2/group.4040	96	88ece54a932dd4be9d3c923fe68a0128	1	14
carat/tables/qcatalog/dim6/dir.3;2-1;1/ordnung.96/(1)^4(2)^4(4)^4(8)^2/group.4041	96	06987df1b60d6342774386dc06ec21dc	1	14
carat/tables/qcatalog/dim6/dir.3;2-1;1/ordnung.96/(1)^4(2)^4(4)^4(8)^2/group.4042	96	45faed2884296c5050f1f2b286bbe772	1	14
carat/tables/qcatalog/dim6/dir.3;2-1;1/ordnung.96/(1)^4(2)^4(4)^4(8)^2/group.4043	96	bec3f93041609b14bbff8b911c92740e	1	14
carat/tables/qcatalog/dim6/dir.3;2-1;1/ordnung.96/(1)^4(2)^4(4)^4(8)^2/group.4044	96	a31150aae056c81a67d554689d0ad754	1	14
carat/tables/qcatalog/dim6/dir.3;2-1;1/ordnung.96/(1)^4(2)^4(4)^4(8)^2/group.4045	96	38743c2e24f02f3a6e487d204c62b28c	1	14
carat/tables/qcatalog/dim6/dir.3;2-1;1/ordnung.96/(1)^4(2)^4(4)^4(8)^2/group.4046	96	4d73e47ee4e6efb0394b1d61840b817a	1	14
carat/tables/qcatalog/dim6/dir.3;2-1;1/ordnung.96/(1)^4(4)^8/group.4047	96	179a5a8f36224e401a99657b7e3816ba	1	20
carat/tables/qcatalog/dim6/dir.3;2-1;1/ordnung.96/(1)^4(4)^8/group.4048	96	ba7e33028c6e05348abbec42f6b41b86	1	20
carat/tables/qcatalog/dim6/dir.3;2-1;1/ordnung.96/(1)^4(4)^8/group.4049	96	422f726eb9ce389034899e5db53f60e2	1	20
carat/tables/qcatalog/dim6/dir.3;2-1;1/ordnung.96/(1)^4(2)^2(4)^6/group.4010	96	14035a1cfb1166709a43178e81ee75b2	1	20
carat/tables/qcatalog/dim6/dir.3;2-1;1/ordnung.96/(1)^4(2)^2(4)^6/group.4011	96	132eea6a43cd1850bd3fa7431f2577d2	1	20
carat/tables/qcatalog/dim6/dir.3;2-1;1/ordnung.96/(1)^4(2)^2(4)^6/group.4012	96	856be78209c2f556004fefc5e5e549e0	1	20
carat/tables/qcatalog/dim6/dir.3;2-1;1/ordnung.96/(1)^4(2)^2(4)^6/group.4013	96	e1557c712f35afe65b222a73360049a8	1	20
carat/tables/qcatalog/dim6/dir.3;2-1;1/ordnung.96/(1)^4(2)^2(4)^6/group.4014	96	bd9fcd8a42bd8974c1e0fd948f2f798e	1	20
carat/tables/qcatalog/dim6/dir.3;2-1;1/ordnung.96/(1)^4(2)^2(4)^6/group.4015	96	41b85c940b5cd41c53f3c4be3063b30e	1	20
carat/tables/qcatalog/dim6/dir.3;2-1;1/ordnung.96/(1)^4(2)^2(4)^6/group.4016	96	0388c66e9d35a6def0b07ec91c5f0b30	1	20
carat/tables/qcatalog/dim6/dir.3;2-1;1/ordnung.96/(1)^4(2)^2(4)^6/group.4017	96	1691086fb4cc84a81caf61a603dc685a	1	20
carat/tables/qcatalog/dim6/dir.3;2-1;1/ordnung.96/(1)^4(2)^2(4)^6/group.4018	96	5ff1c156ccab825c328d7aa9febc52c6	1	20
carat/tables/qcatalog/dim6/dir.3;2-1;1/ordnung.96/(1)^4(2)^2(4)^6/group.4019	96	f2adb1143786607aa651e3d06b801b9c	1	20
carat/tables/qcatalog/dim6/dir.3;2-1;1/ordnung.96/(1)^4(2)^2(4)^6/group.4020	96	998bf82cfd7b93bee6ee31f01afe81b8	1	20
carat/tables/qcatalog/dim6/dir.3;2-1;1/ordnung.96/(1)^4(2)^4(4)^4(8)^2/group.4021	96	5fe353a8dd8ef076908e95852468b0f0	1	14
carat/tables/qcatalog/dim6/dir.3;2-1;1/ordnung.96/(1)^4(2)^4(4)^4(8)^2/group.4022	96	564b4f6478c2cca29279d2c1d15a97a4	1	14
carat/tables/qcatalog/dim6/dir.3;2-1;1/ordnung.96/(1)^4(2)^4(4)^4(8)^2/group.4023	96	d00ce4551c64a5d49c16558abb4189fe	1	14
carat/tables/qcatalog/dim6/dir.3;2-1;1/ordnung.96/(1)^4(2)^4(4)^4(8)^2/group.4024	96	a760e836ee4f2c145e7cb382536a01be	1	14
carat/tables/qcatalog/dim6/dir.3;2-1;1/ordnung.96/(1)^4(2)^4(4)^4(8)^2/group.4025	96	fc114d555df5cb8ed01140b9fd73dc98	1	14
carat/tables/qcatalog/dim6/dir.3;2-1;1/ordnung.96/(1)^4(2)^4(4)^4(8)^2/group.4026	96	946e0333f55dcea89d299212ef4fdf1a	1	14
carat/tables/qcatalog/dim6/dir.3;2-1;1/ordnung.96/(1)^4(2)^4(4)^4(8)^2/group.4027	96	09e609e3cff430a60d914882aa18db48	1	14
carat/tables/qcatalog/dim6/dir.3;2-1;1/ordnung.96/(1)^4(2)^4(4)^4(8)^2/group.4028	96	86f30d006f8451620108d7f542ed67ec	1	14
carat/tables/qcatalog/dim6/dir.3;2-1;1/ordnung.96/(1)^4(2)^4(4)^4(8)^2/group.4029	96	a3172b788c2176d4a1b9c23d94751c6e	1	14
carat/tables/qcatalog/dim6/dir.3;2-2;1/ordnung.144/(1)^6(2)^1(4)^5(12)^1(24)^1/group.4069	144	269ef274878b46c8f7ba31dd6ec5e632	1	24
carat/tables/qcatalog/dim6/dir.3;2-2;1/ordnung.144/(1)^6(2)^2(4)^1(12)^3/group.4070	144	d7baee9321d7ed0e1b0cbfa662a3d370	1	30
carat/tables/qcatalog/dim6/dir.3;2-2;1/ordnung.144/(1)^6(2)^2(4)^1(12)^3/group.4071	144	71a698de8dd007026c3c8db479fee1dc	1	30
carat/tables/qcatalog/dim6/dir.3;2-2;1/ordnung.144/(1)^6(2)^2(4)^1(12)^3/group.4072	144	82946f1ffb70d672ccc79207c03af45c	1	30
carat/tables/qcatalog/dim6/dir.3;2-2;1/ordnung.144/(1)^6(2)^2(4)^1(12)^3/group.4073	144	3c1acf4a650260d46ef58d11f1837e4e	1	30
carat/tables/qcatalog/dim6/dir.3;2-2;1/ordnung.144/(1)^6(2)^2(4)^1(12)^3/group.4074	144	e5095684706afe701f61220bba49461a	1	30
carat/tables/qcatalog/dim6/dir.3;2-2;1/ordnung.144/(1)^6(2)^2(4)^3(12)^1/group.4075	144	e12324ad8f710f0e62e8e64a35e38fa8	1	30
carat/tables/qcatalog/dim6/dir.3;2-2;1/ordnung.144/(1)^6(2)^2(4)^3(12)^1/group.4076	144	64fcbe42719d25b410315f459dec7fe6	1	30
carat/tables/qcatalog/dim6/dir.3;2-2;1/ordnung.144/(1)^6(2)^2(4)^3(12)^1/group.4077	144	67b03409c895c9b8f2513df8e051b4aa	1	30
carat/tables/qcatalog/dim6/dir.3;2-2;1/ordnung.144/(1)^6(2)^2(4)^3(12)^1/group.4078	144	dc6570ba98305d8470e61621a67465be	1	30
carat/tables/qcatalog/dim6/dir.3;2-2;1/ordnung.144/(1)^6(2)^2(4)^3(12)^1/group.4079	144	1d206411143d850ad0ef5a7f8b2c7124	1	30
carat/tables/qcatalog/dim6/dir.3;2-2;1/ordnung.144/(1)^6(2)^2(4)^3(12)^1/group.4080	144	79cc532f80666906efa846cd790ac6d0	1	30
carat/tables/qcatalog/dim6/dir.3;2-2;1/ordnung.144/(1)^6(2)^2(4)^3(12)^1/group.4081	144	07a6c36cda3b8512dec949d0ec6fb3a4	1	30
carat/tables/qcatalog/dim6/dir.3;2-2;1/ordnung.144/(1)^6(2)^2(4)^3(12)^1/group.4082	144	f38ac2aa7afabca657546a165d5e9e38	1	30
carat/tables/qcatalog/dim6/dir.3;2-2;1/ordnung.144/(1)^6(2)^2(4)^3(12)^1/group.4083	144	e9c23d6790cbef50e45cf875a024827a	1	30
carat/tables/qcatalog/dim6/dir.3;2-2;1/ordnung.144/(1)^6(2)^2(4)^3(12)^1/group.4084	144	edce5d7ce6dd22b83a8c1d326d9542ea	1	30
carat/tables/qcatalog/dim6/dir.3;2-2;1/ordnung.144/(1)^6(2)^2(4)^3(12)^1/group.4085	144	5d11202a96c3330a674846765f57a0cc	1	30
carat/tables/qcatalog/dim6/dir.3;2-2;1/ordnung.144/(1)^6(2)^2(4)^3(12)^1/group.4086	144	b8ba306572e454be7c0366fd140e6ac8	1	30
carat/tables/qcatalog/dim6/dir.3;2-2;1/ordnung.144/(1)^6(2)^2(4)^3(12)^1/group.4087	144	432872347498b65afaa622354e09df1c	1	30
carat/tables/qcatalog/dim6/dir.3;2-2;1/ordnung.144/(1)^6(2)^2(4)^3(12)^1/group.4088	144	b4d5ace938969a88477c9083bcd7fa72	1	30
carat/tables/qcatalog/dim6/dir.3;2-2;1/ordnung.144/(1)^6(2)^2(4)^3(12)^1/group.4089	144	a5dd95647bcddd0808f360ef1aa69962	1	30
carat/tables/qcatalog/dim6/dir.3;2-2;1/ordnung.144/(1)^6(2)^2(4)^3(12)^1/group.4090	144	b104167848850752e06c6f0564908e84	1	30
carat/tables/qcatalog/dim6/dir.3;2-2;1/ordnung.144/(1)^6(2)^2(4)^3(12)^1/group.4091	144	4199f86c3309abbeae75f2ae219fc218	1	30
carat/tables/qcatalog/dim6/dir.3;2-2;1/ordnung.144/(1)^6(2)^2(4)^3(12)^2(36)^1/group.4092	144	79ac63ac774d1ad6a8b989e98f92cac8	1	24
carat/tables/qcatalog/dim6/dir.3;2-2;1/ordnung.144/(1)^6(2)^2(4)^3(12)^2(36)^1/group.4093	144	1ec1773dcb0dd246ce59c6ed1a6dce18	1	24
carat/tables/qcatalog/dim6/dir.3;2-2;1/ordnung.144/(1)^6(2)^2(4)^3(12)^2(36)^1/group.4094	144	c369080fe0f5201476edadadde752c5e	1	24
carat/tables/qcatalog/dim6/dir.3;2-2;1/ordnung.144/(1)^6(2)^2(4)^3(12)^2(36)^1/group.4095	144	ceabff1e1b50acccbf518622cc625a56	1	24
carat/tables/qcatalog/dim6/dir.3;2-2;1/ordnung.144/(1)^6(2)^2(4)^3(12)^2(36)^1/group.4096	144	c7e525d62d9bb09a937a221eaf9ab2f4	1	24
carat/tables/qcatalog/dim6/dir.3;2-2;1/ordnung.144/(1)^6(2)^2(4)^4(12)^2/group.4097	144	6572b9bf2821d00ee8fece8dab5a51a8	1	24
carat/tables/qcatalog/dim6/dir.3;2-2;1/ordnung.144/(1)^6(2)^2(4)^4(12)^2/group.4098	144	5f7d8ded965d04b63316f3f6151d8570	1	24
carat/tables/qcatalog/dim6/dir.3;2-2;1/ordnung.144/(1)^6(2)^2(4)^4(12)^2/group.4099	144	187f64e132c0d044f9f719996355711e	1	24
carat/tables/qcatalog/dim6/dir.3;2-2;1/ordnung.144/(1)^6(2)^2(4)^4(12)^2/group.4100	144	094279ac05f8c1ac12f51c740357e3a6	1	24
carat/tables/qcatalog/dim6/dir.3;2-2;1/ordnung.144/(1)^6(2)^2(4)^4(12)^2/group.4101	144	e15e47ed8ee4edb845b26e4155b41422	1	24
carat/tables/qcatalog/dim6/dir.3;2-2;1/ordnung.144/(1)^6(2)^2(4)^4(12)^2/group.4102	144	06d0f4d54dc87ba838427df7084b1492	1	24
carat/tables/qcatalog/dim6/dir.3;2-2;1/ordnung.144/(1)^6(2)^2(4)^4(12)^2/group.4103	144	8ff8a98d9c0f52a8ccd85837272e237a	1	24
carat/tables/qcatalog/dim6/dir.3;2-2;1/ordnung.144/(1)^8(2)^1(4)^2(12)^2(72)^1/group.4104	144	1904e601c456025870c855253bdff532	1	15
carat/tables/qcatalog/dim6/dir.3;2-2;1/ordnung.144/(1)^8(2)^1(4)^2(12)^2(72)^1/group.4105	144	6919f4d46ab6e2dc7f7017d19fa5359e	1	15
carat/tables/qcatalog/dim6/dir.3;2-2;1/ordnung.144/(1)^8(2)^1(4)^2(12)^2(72)^1/group.4106	144	cb9c1a5bab795b4034f5e50c491a4132	1	15
carat/tables/qcatalog/dim6/dir.3;2-2;1/ordnung.144/(1)^8(2)^1(4)^2(12)^2(72)^1/group.4107	144	c5f990324cfbd2a69a48d4090f84b400	1	15
carat/tables/qcatalog/dim6/dir.3;2-2;1/ordnung.144/(1)^8(2)^1(4)^2(12)^2(72)^1/group.4108	144	8fa0393714a4eefe36d35d0ed606cbbc	1	18
carat/tables/qcatalog/dim6/dir.3;2-2;1/ordnung.144/(1)^8(2)^2(4)^1(12)^2(36)^1/group.4129	144	2ad8172d1ae0341eb3110c217f276f88	1	15
carat/tables/qcatalog/dim6/dir.3;2-2;1/ordnung.144/(1)^8(2)^2(4)^1(12)^2(36)^1/group.4130	144	a331b8a35cdab88a0ecab0148e6b3654	1	15
carat/tables/qcatalog/dim6/dir.3;2-2;1/ordnung.144/(1)^8(2)^2(4)^1(12)^2(36)^1/group.4131	144	70a1480e050edefefa6183a59034e388	1	15
carat/tables/qcatalog/dim6/dir.3;2-2;1/ordnung.144/(1)^8(2)^2(4)^1(12)^2(36)^1/group.4132	144	fc18bd242747d4cc35716afbd288a75a	1	18
carat/tables/qcatalog/dim6/dir.3;2-2;1/ordnung.144/(1)^8(2)^2(4)^2(12)^2/group.4133	144	6e8657ed5c16cc681a4062bc439e4442	1	15
carat/tables/qcatalog/dim6/dir.3;2-2;1/ordnung.144/(1)^8(2)^2(4)^2(12)^2/group.4134	144	7ad064ed535cf3aed41765aad9474860	1	15
carat/tables/qcatalog/dim6/dir.3;2-2;1/ordnung.144/(1)^8(2)^2(4)^2(12)^2/group.4135	144	394295030362d1429b5c586fc8a2cb54	1	15
carat/tables/qcatalog/dim6/dir.3;2-2;1/ordnung.144/(1)^8(2)^2(4)^2(12)^2/group.4136	144	9b653334b10b28c26ce7642d4989db58	1	18
carat/tables/qcatalog/dim6/dir.3;2-2;1/ordnung.144/(1)^8(2)^2(4)^2(12)^2/group.4137	144	eb4da05a6b6bf6142b9fdf9e51225eda	1	18
carat/tables/qcatalog/dim6/dir.3;2-2;1/ordnung.144/(1)^8(2)^2(4)^2(12)^2/group.4138	144	1bc8e8bebf994bdcd659ba645e5a316a	1	18
carat/tables/qcatalog/dim6/dir.3;2-2;1/ordnung.144/(1)^8(2)^2(4)^2(12)^2/group.4139	144	5cdef3adcc86ea6e188285838187e2b4	1	18
carat/tables/qcatalog/dim6/dir.3;2-2;1/ordnung.144/(1)^8(2)^2(4)^2(12)^2/group.4140	144	93b69356cc03e810a484f894a58ad932	1	15
carat/tables/qcatalog/dim6/dir.3;2-2;1/ordnung.144/(1)^8(2)^2(4)^2(12)^2/group.4141	144	75bbabd9af51cf2abf5130fbe4222364	1	15
carat/tables/qcatalog/dim6/dir.3;2-2;1/ordnung.144/(1)^8(2)^2(4)^2(12)^2/group.4142	144	60cfe681bf91ff5a072195f73675db3c	1	15
carat/tables/qcatalog/dim6/dir.3;2-2;1/ordnung.144/(1)^8(2)^2(4)^2(12)^2/group.4143	144	d4d2a0505080ddb6dea0f12df9dd0988	1	15
carat/tables/qcatalog/dim6/dir.3;2-2;1/ordnung.144/(1)^8(2)^2(4)^2(12)^2/group.4144	144	9d5b054ab51ca408549e89fae577323a	1	15
carat/tables/qcatalog/dim6/dir.3;2-2;1/ordnung.144/(1)^8(2)^2(4)^2(12)^2/group.4145	144	ca3756a9bccd613ce1f58c391e0b50ae	1	15
carat/tables/qcatalog/dim6/dir.3;2-2;1/ordnung.144/(1)^8(2)^2(4)^2(12)^2/group.4146	144	ab134e5f2fff1922d04e24d608a27914	1	15
carat/tables/qcatalog/dim6/dir.3;2-2;1/ordnung.144/(1)^8(2)^2(4)^2(12)^2/group.4147	144	ea2c389f9ffb4fd0c89cb939a8588e72	1	15
carat/tables/qcatalog/dim6/dir.3;2-2;1/ordnung.144/(1)^8(2)^2(4)^2(12)^2/group.4148	144	203575ab3265df763afa0ec6b36e7cb8	1	15
carat/tables/qcatalog/dim6/dir.3;2-2;1/ordnung.144/(1)^8(2)^1(4)^3(12)^1(24)^1/group.4109	144	b8d92ca116fa60482834a2d8df683dba	1	15
carat/tables/qcatalog/dim6/dir.3;2-2;1/ordnung.144/(1)^8(2)^1(4)^3(12)^1(24)^1/group.4110	144	56f2a013dbf6d680dd52b5f1c5a7480a	1	15
carat/tables/qcatalog/dim6/dir.3;2-2;1/ordnung.144/(1)^8(2)^1(4)^3(12)^1(24)^1/group.4111	144	2e4d4e3b9e915aa078578b8255ee885a	1	15
carat/tables/qcatalog/dim6/dir.3;2-2;1/ordnung.144/(1)^8(2)^1(4)^3(12)^1(24)^1/group.4112	144	a70e63855853276eeb13d906487ce2a4	1	18
carat/tables/qcatalog/dim6/dir.3;2-2;1/ordnung.144/(1)^8(2)^1(4)^3(12)^1(24)^1/group.4113	144	f85bc2369b11447e7d7eed209a5b7cb4	1	18
carat/tables/qcatalog/dim6/dir.3;2-2;1/ordnung.144/(1)^8(2)^1(4)^3(12)^1(24)^1/group.4114	144	987549bb8140844a3868c37d086047cc	1	15
carat/tables/qcatalog/dim6/dir.3;2-2;1/ordnung.144/(1)^8(2)^1(4)^3(12)^1(24)^1/group.4115	144	22e72d5d55ce2f2486351f239e848bca	1	18
carat/tables/qcatalog/dim6/dir.3;2-2;1/ordnung.144/(1)^8(2)^2(4)^1(12)^2(36)^1/group.4116	144	970ae2b5848b268465e64667eaaadd26	1	15
carat/tables/qcatalog/dim6/dir.3;2-2;1/ordnung.144/(1)^8(2)^2(4)^1(12)^2(36)^1/group.4117	144	5f9068047e2e2cf8d5b3666bb5e9850a	1	15
carat/tables/qcatalog/dim6/dir.3;2-2;1/ordnung.144/(1)^8(2)^2(4)^1(12)^2(36)^1/group.4118	144	4118f6756786bb94a8c092ab6a6ed71a	1	18
carat/tables/qcatalog/dim6/dir.3;2-2;1/ordnung.144/(1)^8(2)^2(4)^1(12)^2(36)^1/group.4119	144	78ccfc51e5caf736b187bea882446334	1	18
carat/tables/qcatalog/dim6/dir.3;2-2;1/ordnung.144/(1)^8(2)^2(4)^1(12)^2(36)^1/group.4120	144	aea3ef82851a4284f87c8580f31aaefa	1	18
carat/tables/qcatalog/dim6/dir.3;2-2;1/ordnung.144/(1)^8(2)^2(4)^1(12)^2(36)^1/group.4121	144	dfcb5f7c5e19ecfe5e44426c294b72c4	1	18
carat/tables/qcatalog/dim6/dir.3;2-2;1/ordnung.144/(1)^8(2)^2(4)^1(12)^2(36)^1/group.4122	144	b6c9000637cccb82ac96d98858450e0c	1	15
carat/tables/qcatalog/dim6/dir.3;2-2;1/ordnung.144/(1)^8(2)^2(4)^1(12)^2(36)^1/group.4123	144	e0432769ec9b309a9b12fb7a5202d28c	1	15
carat/tables/qcatalog/dim6/dir.3;2-2;1/ordnung.144/(1)^8(2)^2(4)^1(12)^2(36)^1/group.4124	144	1955fce82abc8beebf296bc1938274a0	1	15
carat/tables/qcatalog/dim6/dir.3;2-2;1/ordnung.144/(1)^8(2)^2(4)^1(12)^2(36)^1/group.4125	144	c98e9164da76f8d050b75c8e5adb9792	1	15
carat/tables/qcatalog/dim6/dir.3;2-2;1/ordnung.144/(1)^8(2)^2(4)^1(12)^2(36)^1/group.4126	144	d3fb161f828ca04000f62ab501dd3c4a	1	15
carat/tables/qcatalog/dim6/dir.3;2-2;1/ordnung.144/(1)^8(2)^2(4)^1(12)^2(36)^1/group.4127	144	651aa054152c47262c33c0913532aec8	1	15
carat/tables/qcatalog/dim6/dir.3;2-2;1/ordnung.144/(1)^8(2)^2(4)^1(12)^2(36)^1/group.4128	144	8190de009c5c3fd4edde6ceb4ac1ef1e	1	15
carat/tables/qcatalog/dim6/dir.3;2-1;1/ordnung.96/(1)^4(4)^8/group.4050	96	7b8482d593367a54d8ba560d4316a1ee	1	20
carat/tables/qcatalog/dim6/dir.3;2-1;1/ordnung.96/(1)^4(4)^8/group.4051	96	3b271330525ec8981956d16391d5d7aa	1	20
carat/tables/qcatalog/dim6/dir.3;2-2;1/ordnung.1152/(1)^8(2)^2(4)^2(12)^2/group.4052	1152	23952684691a90961d4752f82f8e6760	1	120
carat/tables/qcatalog/dim6/dir.3;2-2;1/ordnung.12/(2)^3(4)^6(24)^3/min.463	12	6cd30d69b4149a931f60f2d0bbd301d9	1	4
carat/tables/qcatalog/dim6/dir.3;2-2;1/ordnung.144/(1)^4(2)^1(4)^6(24)^1/group.4053	144	637202c29c8a25ac53c397f764ba130a	1	48
carat/tables/qcatalog/dim6/dir.3;2-2;1/ordnung.144/(1)^4(2)^2(4)^3(12)^3/group.4054	144	a5f16bd110f78ad4d493c08845c829b2	1	48
carat/tables/qcatalog/dim6/dir.3;2-2;1/ordnung.144/(1)^4(2)^2(4)^5(12)^1/group.4055	144	c0c86212cba155887bb0c53633fef3de	1	48
carat/tables/qcatalog/dim6/dir.3;2-2;1/ordnung.144/(1)^4(2)^2(4)^5(12)^1/group.4056	144	26dbd25346d476f0039afb6812bb0b2e	1	48
carat/tables/qcatalog/dim6/dir.3;2-2;1/ordnung.144/(1)^4(2)^2(4)^5(12)^1/group.4057	144	f96b34a77d13781c97b18b84b27fd942	1	48
carat/tables/qcatalog/dim6/dir.3;2-2;1/ordnung.144/(1)^4(2)^2(4)^5(12)^1/group.4058	144	9b9e38f4e39b7a302ed47fa41ccb944e	1	48
carat/tables/qcatalog/dim6/dir.3;2-2;1/ordnung.144/(1)^4(2)^2(4)^5(12)^1/group.4059	144	4f0ea5e7d392b2a0e9c696a0d848d936	1	48
carat/tables/qcatalog/dim6/dir.3;2-2;1/ordnung.144/(1)^6(2)^1(4)^2(12)^2(24)^1/group.4060	144	d03fc6141de6366a3e53c29762e7e41c	1	30
carat/tables/qcatalog/dim6/dir.3;2-2;1/ordnung.144/(1)^6(2)^1(4)^4(12)^2(72)^1/group.4061	144	a59142f9a12c0df2bf14c896e859999c	1	24
carat/tables/qcatalog/dim6/dir.3;2-2;1/ordnung.144/(1)^6(2)^1(4)^4(24)^1/group.4062	144	aa33fd648bcff314644fdebab90eb416	1	30
carat/tables/qcatalog/dim6/dir.3;2-2;1/ordnung.144/(1)^6(2)^1(4)^4(24)^1/group.4063	144	3b265b8578807c28f0af74ab1a134792	1	30
carat/tables/qcatalog/dim6/dir.3;2-2;1/ordnung.144/(1)^6(2)^1(4)^4(24)^1/group.4064	144	b8c75c15ef5984f469504f63abfc124e	1	30
carat/tables/qcatalog/dim6/dir.3;2-2;1/ordnung.144/(1)^6(2)^1(4)^4(24)^1/group.4065	144	29e42fbb1ee4d7d2c399ce917d7f2714	1	30
carat/tables/qcatalog/dim6/dir.3;2-2;1/ordnung.144/(1)^6(2)^1(4)^4(24)^1/group.4066	144	55196b2702e77ca4bb8e9090a070639e	1	30
carat/tables/qcatalog/dim6/dir.3;2-2;1/ordnung.144/(1)^6(2)^1(4)^5(12)^1(24)^1/group.4067	144	4bf99fc8c4a73420c850c2bd45575162	1	24
carat/tables/qcatalog/dim6/dir.3;2-2;1/ordnung.144/(1)^6(2)^1(4)^5(12)^1(24)^1/group.4068	144	f86106d4623c42b8f36ada106a9d9ae2	1	24
carat/tables/qcatalog/dim6/dir.3;2-1;1/ordnung.192/(1)^4(2)^4(4)^6/group.3958	192	0fe7e88ea0be57b9fe4acdc1c4eecc97	1	28
carat/tables/qcatalog/dim6/dir.3;2-1;1/ordnung.192/(1)^4(2)^4(4)^6/group.3959	192	13fc1bdabf5e220fc4f53d97c9d6b1dd	1	28
carat/tables/qcatalog/dim6/dir.3;2-1;1/ordnung.192/(1)^4(2)^4(4)^6/group.3960	192	14c42aaa8dfccb484af944e9cf6fcf4a	1	25
carat/tables/qcatalog/dim6/dir.3;2-1;1/ordnung.192/(1)^4(2)^4(4)^6/group.3961	192	0ef5b84ce74c15bea081a220eeccc7d0	1	25
carat/tables/qcatalog/dim6/dir.3;2-1;1/ordnung.192/(1)^4(2)^4(4)^6/group.3962	192	f8626c0a486e573ae3a9cd47f82c080c	1	25
carat/tables/qcatalog/dim6/dir.3;2-1;1/ordnung.192/(1)^4(2)^4(4)^6/group.3963	192	d2abfc7855c49a0f51f29e25866e877d	1	28
carat/tables/qcatalog/dim6/dir.3;2-1;1/ordnung.192/(1)^4(4)^8/group.3964	192	5287fca3ebe57fc9df40940e3b621df7	1	40
carat/tables/qcatalog/dim6/dir.3;2-1;1/ordnung.384/(1)^2(2)^4(4)^8/group.3965	384	ee674b63c64dc73817eaa53a1a02a5b2	1	80
carat/tables/qcatalog/dim6/dir.3;2-1;1/ordnung.384/(1)^4(2)^2(4)^6/group.3966	384	7e1d8b6468687a4ce86a8b0e517d2432	1	80
carat/tables/qcatalog/dim6/dir.3;2-1;1/ordnung.384/(1)^4(2)^4(4)^4(8)^2/group.3967	384	85c07cc1c0476b08a8e43bf41adce43e	1	50
carat/tables/qcatalog/dim6/dir.3;2-1;1/ordnung.384/(1)^4(2)^4(4)^4(8)^2/group.3968	384	6d6c5f4b046d0940c11857d581810306	1	50
carat/tables/qcatalog/dim6/dir.3;2-1;1/ordnung.384/(1)^4(2)^4(4)^4(8)^2/group.3969	384	49f766538bbcf32876884a55a8b1c20e	1	50
carat/tables/qcatalog/dim6/dir.3;2-1;1/ordnung.384/(1)^4(2)^4(4)^6/group.3970	384	7d350794289ccd4e1e1f11c2619438e4	1	50
carat/tables/qcatalog/dim6/dir.3;2-1;1/ordnung.384/(1)^4(2)^4(4)^6/group.3971	384	fc9906408ec87e603fcbf65c76d604c6	1	50
carat/tables/qcatalog/dim6/dir.3;2-1;1/ordnung.384/(1)^4(2)^4(4)^6/group.3972	384	3323fc3c7de10d8ef4920d4cdefc3074	1	50
carat/tables/qcatalog/dim6/dir.3;2-1;1/ordnung.384/(1)^4(2)^4(4)^6/group.3973	384	6dc22aba355aa2d6b1e17d62f28fd2b4	1	50
carat/tables/qcatalog/dim6/dir.3;2-1;1/ordnung.384/(1)^4(2)^4(4)^6/group.3974	384	9c52d05029c554fc37d9a8795f9f47b2	1	50
carat/tables/qcatalog/dim6/dir.3;2-1;1/ordnung.384/(1)^4(2)^4(4)^6/group.3975	384	3994f17ed652166e7f0e249422ed643c	1	50
carat/tables/qcatalog/dim6/dir.3;2-1;1/ordnung.384/(1)^4(2)^4(4)^6/group.3976	384	c4f8977d22f2b7b04d9d44a7e90a37d6	1	50
carat/tables/qcatalog/dim6/dir.3;2-1;1/ordnung.384/(1)^4(2)^4(4)^6/group.3977	384	5a17ca3dbff1616cd1b006ac64b24752	1	50
carat/tables/qcatalog/dim6/dir.3;2-1;1/ordnung.384/(1)^4(2)^4(4)^6/group.3978	384	ff7d7ada452b1fde72c2c0be7bfb319c	1	50
carat/tables/qcatalog/dim6/dir.3;2-1;1/ordnung.384/(1)^4(2)^4(4)^6/group.3979	384	2a6cd594a1b5ad0e01d85eb4796c6474	1	50
carat/tables/qcatalog/dim6/dir.3;2-1;1/ordnung.384/(1)^4(2)^4(4)^6/group.3980	384	8c31ab1b352013b8b76e6077a03adf7e	1	50
carat/tables/qcatalog/dim6/dir.3;2-1;1/ordnung.384/(1)^4(2)^4(4)^6/group.3981	384	6be851f97e35619a04c2bc398bb40c28	1	50
carat/tables/qcatalog/dim6/dir.3;2-1;1/ordnung.384/(1)^4(2)^4(4)^6/group.3982	384	1b6d8348f81f2964a22d528a6ea6b992	1	50
carat/tables/qcatalog/dim6/dir.3;2-1;1/ordnung.384/(1)^4(2)^4(4)^6/group.3983	384	21d49bfaa68bd2204d67e327206ac4e6	1	56
carat/tables/qcatalog/dim6/dir.3;2-1;1/ordnung.384/(1)^4(2)^4(4)^6/group.3984	384	3f2d38a57bce53d484bb7d59ff8263aa	1	56
carat/tables/qcatalog/dim6/dir.3;2-1;1/ordnung.384/(1)^4(2)^4(4)^6/group.3985	384	76c46bd81b0048468455f30b89e3cf84	1	50
carat/tables/qcatalog/dim6/dir.3;2-1;1/ordnung.384/(1)^4(2)^4(4)^6/group.3986	384	57de8ba8ae853a924aad8e5b7bacfe50	1	50
carat/tables/qcatalog/dim6/dir.3;2-1;1/ordnung.48/(1)^2(2)^2(4)^6(8)^2/min.455	48	6b1721272a6d14c531b7040d8394bc2f	1	16
carat/tables/qcatalog/dim6/dir.3;2-1;1/ordnung.48/(1)^2(2)^2(4)^6(8)^2/min.456	48	0c7123f11aa4ddd58c0dffbf0306f45f	1	16
carat/tables/qcatalog/dim6/dir.3;2-1;1/ordnung.48/(1)^2(4)^10/min.457	48	ddde88223afdd9c5c1deb1f26bbc5a0f	1	16
carat/tables/qcatalog/dim6/dir.3;2-1;1/ordnung.48/(1)^2(4)^10/min.458	48	dc53bc73b751fe35296b676424ae1bbf	1	16
carat/tables/qcatalog/dim6/dir.3;2-1;1/ordnung.48/(1)^4(2)^2(4)^4(8)^2/min.459	48	62a2f17d465e94c73059fcaaffe8dc1d	1	10
carat/tables/qcatalog/dim6/dir.3;2-1;1/ordnung.48/(1)^4(2)^2(4)^4(8)^2/min.460	48	08c6b68a6d27c39b3c87f5b2be6a37b1	1	10
carat/tables/qcatalog/dim6/dir.3;2-1;1/ordnung.48/(1)^4(4)^8/min.461	48	640c6e355f4c8ccbe523779ae9aac971	1	10
carat/tables/qcatalog/dim6/dir.3;2-1;1/ordnung.48/(1)^4(4)^8/min.462	48	d77145c3e2280047e3496bef311e053d	1	10
carat/tables/qcatalog/dim6/dir.3;2-1;1/ordnung.768/(1)^4(2)^4(4)^6/group.3987	768	e463170db89321403767bb7758ff0c7a	1	100
carat/tables/qcatalog/dim6/dir.3;2-1;1/ordnung.96/(1)^2(2)^2(4)^6(8)^2/group.3988	96	e416dcaaab82ed0ed13f4d9861958d0c	1	32
carat/tables/qcatalog/dim6/dir.3;2-1;1/ordnung.96/(1)^2(2)^2(4)^8/group.3989	96	7568eb6e08ef8ad27f1da9574c581738	1	32
carat/tables/qcatalog/dim6/dir.3;2-2;1/ordnung.144/(1)^8(2)^2(4)^2(12)^2/group.4149	144	b82cb2dfd83f16deb917f6b559cb3ab4	1	18
carat/tables/qcatalog/dim6/dir.3;2-2;1/ordnung.144/(1)^8(2)^2(4)^2(12)^2/group.4150	144	db7204d4368dde7261870e339f9a65c8	1	18
carat/tables/qcatalog/dim6/dir.3;2-2;1/ordnung.144/(1)^8(2)^2(4)^2(12)^2/group.4151	144	0ef299bc106dec72a2214ebaa89c4a18	1	18
carat/tables/qcatalog/dim6/dir.3;2-2;1/ordnung.192/(2)^10(4)^2(12)^2/group.4152	192	4c9a73b612ac963ffda69cb0a6833edd	1	40
carat/tables/qcatalog/dim6/dir.3;2-2;1/ordnung.24/(2)^10(4)^1(12)^2(36)^1/group.4153	24	d07336833e4f61d6994c8cc5377a27c0	1	5
carat/tables/qcatalog/dim6/dir.3;2-2;1/ordnung.24/(2)^10(4)^1(12)^2(36)^1/group.4154	24	b252b97d578c4d62b3297e750d719194	1	5
carat/tables/qcatalog/dim6/dir.3;2-2;1/ordnung.24/(2)^3(4)^6(24)^3/group.4155	24	6108811072faeb2bb983095d91a669b9	1	8
carat/tables/qcatalog/dim6/dir.3;2-2;1/ordnung.24/(2)^4(4)^6(8)^1(24)^1/group.4156	24	806ac33465ec67bb3d082e507414ded9	1	8
carat/tables/qcatalog/dim6/dir.3;2-2;1/ordnung.24/(2)^4(4)^6(8)^1(24)^1/group.4157	24	5ba031d0cbf7929b8e0ffcc2e2aa6569	1	8
carat/tables/qcatalog/dim6/dir.3;2-2;1/ordnung.24/(2)^5(4)^6(24)^1/group.4158	24	17e674d487b2f3e3a455b0089d284411	1	8
carat/tables/qcatalog/dim6/dir.3;2-2;1/ordnung.24/(2)^5(4)^6(24)^1/group.4159	24	cf84ed3ebe93553386da1a0f33549cf1	1	8
carat/tables/qcatalog/dim6/dir.3;2-2;1/ordnung.24/(2)^6(4)^3(12)^3/group.4160	24	b258cc3aeece188384a507af0ecb9a51	1	8
carat/tables/qcatalog/dim6/dir.3;2-2;1/ordnung.24/(2)^6(4)^3(12)^3/group.4161	24	8bb2fecc0eeb2f331c32f304dbd463f1	1	8
carat/tables/qcatalog/dim6/dir.3;2-2;1/ordnung.24/(2)^9(4)^2(12)^2(72)^1/group.4162	24	afaf93b946a78266510eba261e4ef6f0	1	5
carat/tables/qcatalog/dim6/dir.3;2-2;1/ordnung.24/(2)^9(4)^2(12)^2(72)^1/group.4163	24	f45d12627de0c7c6fd2a8e13d84284f0	1	5
carat/tables/qcatalog/dim6/dir.3;2-2;1/ordnung.288/(1)^4(2)^2(4)^5(12)^1/group.4164	288	6696c64c98b45e99612a0e5252951fdb	1	96
carat/tables/qcatalog/dim6/dir.3;2-2;1/ordnung.288/(1)^6(2)^1(4)^4(24)^1/group.4165	288	ce1ef64a5c9881ebede6c5d296232e29	1	60
carat/tables/qcatalog/dim6/dir.3;2-2;1/ordnung.288/(1)^6(2)^1(4)^5(12)^1(24)^1/group.4166	288	08dad2dba74becf3e938bd2ece0cfb61	1	48
carat/tables/qcatalog/dim6/dir.3;2-2;1/ordnung.288/(1)^6(2)^2(4)^1(12)^3/group.4167	288	973ae657015f3805c844a3622981ea4b	1	60
carat/tables/qcatalog/dim6/dir.3;2-2;1/ordnung.288/(1)^6(2)^2(4)^3(12)^1/group.4168	288	9628db338e78b1516d8e55a26733f65f	1	60
carat/tables/qcatalog/dim6/dir.3;2-2;1/ordnung.48/(2)^10(4)^2(12)^2/group.4269	48	87908a03f3f690cb465fe7da83046fe1	1	10
carat/tables/qcatalog/dim6/dir.3;2-2;1/ordnung.48/(2)^10(4)^2(12)^2/group.4270	48	86235f7daf74123150ca7e2aca3ee46f	1	10
carat/tables/qcatalog/dim6/dir.3;2-2;1/ordnung.48/(2)^10(4)^2(12)^2/group.4271	48	21a5fc40620d46e1007a76c43858de4f	1	10
carat/tables/qcatalog/dim6/dir.3;2-2;1/ordnung.48/(2)^10(4)^2(12)^2/group.4272	48	87627f43b8a33f835fdc941388220241	1	10
carat/tables/qcatalog/dim6/dir.3;2-2;1/ordnung.48/(2)^10(4)^2(12)^2/group.4273	48	e230ba784c238f23f366cd0b9fd19609	1	10
carat/tables/qcatalog/dim6/dir.3;2-2;1/ordnung.48/(2)^10(4)^2(12)^2/group.4274	48	ed464f2c9cf21747d1ec962c13f2e3ad	1	10
carat/tables/qcatalog/dim6/dir.3;2-2;1/ordnung.48/(2)^10(4)^2(12)^2/group.4275	48	1db1c865ace4f051667a9c0db6a30b8f	1	10
carat/tables/qcatalog/dim6/dir.3;2-2;1/ordnung.48/(2)^4(4)^6(8)^1(24)^1/group.4276	48	54387aaf18199bbdc634e49724ce1a37	1	16
carat/tables/qcatalog/dim6/dir.3;2-2;1/ordnung.48/(2)^5(4)^6(24)^1/group.4277	48	92df67a73043009549132ad024da1eff	1	16
carat/tables/qcatalog/dim6/dir.3;2-2;1/ordnung.48/(2)^6(4)^3(12)^3/group.4278	48	e39fb0f275f62365eeb98be00c26aabf	1	16
carat/tables/qcatalog/dim6/dir.3;2-2;1/ordnung.48/(2)^6(4)^5(12)^1/group.4279	48	a29b57715eeb558552c0713eb964a26f	1	16
carat/tables/qcatalog/dim6/dir.3;2-2;1/ordnung.48/(2)^6(4)^5(12)^1/group.4280	48	fed55d4a97715cadc50236f81916dcf7	1	16
carat/tables/qcatalog/dim6/dir.3;2-2;1/ordnung.48/(2)^6(4)^5(12)^1/group.4281	48	79126780fba0ac250974f4e209d0081f	1	16
carat/tables/qcatalog/dim6/dir.3;2-2;1/ordnung.48/(2)^6(4)^5(12)^1/group.4282	48	86915ba829ae08cdf7b3a0eb63a156d7	1	16
carat/tables/qcatalog/dim6/dir.3;2-2;1/ordnung.48/(2)^9(4)^2(12)^2(72)^1/group.4283	48	77027b6d9735a0e547c9c48d6b727fbb	1	10
carat/tables/qcatalog/dim6/dir.3;2-2;1/ordnung.48/(2)^9(4)^3(12)^1(24)^1/group.4284	48	46d457fcfc225f1f3274067c0d7b1e35	1	10
carat/tables/qcatalog/dim6/dir.3;2-2;1/ordnung.48/(2)^9(4)^3(12)^1(24)^1/group.4285	48	fa2adee0650eff23a7748e1c5c356089	1	10
carat/tables/qcatalog/dim6/dir.3;2-2;1/ordnung.48/(2)^9(4)^3(12)^1(24)^1/group.4286	48	7d60ba24692a715b740af27b94204f71	1	10
carat/tables/qcatalog/dim6/dir.3;2-2;1/ordnung.576/(1)^6(2)^2(4)^3(12)^1/group.4287	576	814db63dfad7cef32ecbb1915a699b85	1	120
carat/tables/qcatalog/dim6/dir.3;2-2;1/ordnung.576/(1)^6(2)^2(4)^4(12)^2/group.4288	576	c599ac62d5eae3cbe9da2b7ce049d8ad	1	96
carat/tables/qcatalog/dim6/dir.3;2-2;1/ordnung.288/(1)^8(2)^1(4)^2(12)^2(72)^1/group.4189	288	5f4b4e56203b85d925ddce485728307f	1	30
carat/tables/qcatalog/dim6/dir.3;2-2;1/ordnung.288/(1)^8(2)^1(4)^3(12)^1(24)^1/group.4190	288	4cbd374ccdbfc3d96df9af97887f011f	1	30
carat/tables/qcatalog/dim6/dir.3;2-2;1/ordnung.288/(1)^8(2)^1(4)^3(12)^1(24)^1/group.4191	288	aaa3fe88c406a20dbe05f4956f247123	1	30
carat/tables/qcatalog/dim6/dir.3;2-2;1/ordnung.288/(1)^8(2)^1(4)^3(12)^1(24)^1/group.4192	288	dd9bc0d0677f46a1b3c41ed7b0b26fdb	1	36
carat/tables/qcatalog/dim6/dir.3;2-2;1/ordnung.288/(1)^8(2)^1(4)^3(12)^1(24)^1/group.4193	288	5dc2f0e2c7dced11b3ffa4092386d3ff	1	30
carat/tables/qcatalog/dim6/dir.3;2-2;1/ordnung.288/(1)^8(2)^1(4)^3(12)^1(24)^1/group.4194	288	7180f148fc7eca695118cb260ba9518f	1	30
carat/tables/qcatalog/dim6/dir.3;2-2;1/ordnung.288/(1)^8(2)^1(4)^3(12)^1(24)^1/group.4195	288	9bcdf31de631b0917d393b1a8da9911f	1	30
carat/tables/qcatalog/dim6/dir.3;2-2;1/ordnung.288/(1)^8(2)^1(4)^3(12)^1(24)^1/group.4196	288	3ab5ed81ff7d91956d69565dabed3593	1	30
carat/tables/qcatalog/dim6/dir.3;2-2;1/ordnung.288/(1)^8(2)^1(4)^3(12)^1(24)^1/group.4197	288	55b62bbef8038359a66e8068256c5a2f	1	30
carat/tables/qcatalog/dim6/dir.3;2-2;1/ordnung.288/(1)^8(2)^2(4)^1(12)^2(36)^1/group.4198	288	8b0503b5f140d4353d8df18b3b1bbafb	1	30
carat/tables/qcatalog/dim6/dir.3;2-2;1/ordnung.288/(1)^8(2)^2(4)^1(12)^2(36)^1/group.4199	288	ff07b9e12f0ab117dd49df9adab2addd	1	30
carat/tables/qcatalog/dim6/dir.3;2-2;1/ordnung.288/(1)^8(2)^2(4)^1(12)^2(36)^1/group.4200	288	a8ac364cca42b2852d5c1e5fd40701a3	1	30
carat/tables/qcatalog/dim6/dir.3;2-2;1/ordnung.288/(1)^8(2)^2(4)^1(12)^2(36)^1/group.4201	288	57fe38e1d02afd5f21f7a32c7451cdfd	1	30
carat/tables/qcatalog/dim6/dir.3;2-2;1/ordnung.288/(1)^8(2)^2(4)^1(12)^2(36)^1/group.4202	288	156a5e622f5ae8333f88016f5c788ac1	1	30
carat/tables/qcatalog/dim6/dir.3;2-2;1/ordnung.288/(1)^8(2)^2(4)^1(12)^2(36)^1/group.4203	288	6a8c9512f5a60265891473383702ad6b	1	30
carat/tables/qcatalog/dim6/dir.3;2-2;1/ordnung.288/(1)^8(2)^2(4)^1(12)^2(36)^1/group.4204	288	d25c9543380718b3f850f2c779bdaac9	1	30
carat/tables/qcatalog/dim6/dir.3;2-2;1/ordnung.288/(1)^8(2)^2(4)^1(12)^2(36)^1/group.4205	288	75fd1c11bcce4f911ddb655a6d2eb3af	1	30
carat/tables/qcatalog/dim6/dir.3;2-2;1/ordnung.288/(1)^8(2)^2(4)^1(12)^2(36)^1/group.4206	288	e3c4681572bd9929eb7d01d537936217	1	30
carat/tables/qcatalog/dim6/dir.3;2-2;1/ordnung.288/(1)^8(2)^2(4)^1(12)^2(36)^1/group.4207	288	594f3db28c6d09cb8b8ffe38cbfe03a9	1	30
carat/tables/qcatalog/dim6/dir.3;2-2;1/ordnung.288/(1)^8(2)^2(4)^1(12)^2(36)^1/group.4208	288	9cd0506977910e83c1f8c18f689120bd	1	36
carat/tables/qcatalog/dim6/dir.4-1';1,1/ordnung.8/(2)^1(4)^2(8)^2/min.467	8	21afb80609f2a1960ca62404f30514f8	1	8
carat/tables/qcatalog/dim6/dir.4-1';1,1/ordnung.8/(2)^1(4)^2(8)^2/min.468	8	1a6810774bcfbc36bcf0dfa8640b96d8	1	8
carat/tables/qcatalog/dim6/dir.4-1';1;1/ordnung.16/(2)^2(4)^2(8)^2/group.4406	16	98545b88296fec93f2dcf0b4f4a964c9	1	16
carat/tables/qcatalog/dim6/dir.4-1';1;1/ordnung.16/(2)^2(4)^2(8)^2/group.4407	16	94cb7eaf7c929033e3c07dcc8f3de4c9	1	16
carat/tables/qcatalog/dim6/dir.4-1';1;1/ordnung.16/(2)^2(4)^4(8)^4/group.4408	16	e36410db7b3241ba6a720de175c34574	1	7
carat/tables/qcatalog/dim6/dir.4-1';1;1/ordnung.16/(2)^2(4)^4(8)^4/group.4409	16	0de7793d3226ac2e3246175dba388778	1	7
carat/tables/qcatalog/dim6/dir.4-1';1;1/ordnung.16/(2)^2(4)^4(8)^4/min.469	16	bbb8d8c47aa15530fe4a953f366329ba	1	7
carat/tables/qcatalog/dim6/dir.4-1';1;1/ordnung.16/(2)^2(4)^4(8)^4/min.470	16	1dbe8c04162931445637a29dff16de26	1	7
carat/tables/qcatalog/dim6/dir.4-1';1;1/ordnung.16/(2)^2(8)^4/group.4410	16	3a8265f8430e5f170b102401878bc24d	1	16
carat/tables/qcatalog/dim6/dir.4-1';1;1/ordnung.32/(2)^2(4)^2(8)^2/group.4411	32	e0fef356bd5da6359764fb349beb7a47	1	32
carat/tables/qcatalog/dim6/dir.4-1';1;1/ordnung.32/(2)^2(4)^4(8)^4/group.4412	32	043ba8e02e3cb3ef537c6d3c41405721	1	14
carat/tables/qcatalog/dim6/dir.4-1';1;1/ordnung.32/(2)^2(4)^4(8)^4/group.4413	32	6c9728246f3da23f9f1f998128dd45e9	1	14
carat/tables/qcatalog/dim6/dir.4-1';1;1/ordnung.32/(2)^2(4)^6(8)^2/group.4414	32	6ba4012b0a9b0345e89b1da1042ccc7f	1	14
carat/tables/qcatalog/dim6/dir.4-1';1;1/ordnung.32/(2)^2(4)^6(8)^2/group.4415	32	28a20179a4840e252b5c3496f1b917f7	1	14
carat/tables/qcatalog/dim6/dir.4-1';1;1/ordnung.32/(2)^2(4)^6(8)^2/group.4416	32	ce64922ac78c8c15f8a477613945bf47	1	14
carat/tables/qcatalog/dim6/dir.4-1';1;1/ordnung.64/(2)^2(4)^6(8)^2/group.4417	64	49e9db980eddb1d401d404b07e1334d2	1	28
carat/tables/qcatalog/dim6/dir.4-1';1;1/ordnung.8/(2)^2(8)^4/min.471	8	795bdca7bf630b1c17e57b0de72e010a	1	8
carat/tables/qcatalog/dim6/dir.4-1';2-1/ordnung.128/(2)^4(4)^6(8)^2/group.4418	128	1a11c2098e21bd508d50295b9d07129e	0	35
carat/tables/qcatalog/dim6/dir.4-1';2-1/ordnung.16/(2)^2(8)^4/group.4419	16	ebd885eef84b6983df7129419950c289	0	16
carat/tables/qcatalog/dim6/dir.4-1';2-1/ordnung.16/(2)^4(8)^8/group.4420	16	380bf0f5c661aa007b4490e8ed4e7222	0	7
carat/tables/qcatalog/dim6/dir.3;2-2;1/ordnung.288/(1)^8(2)^2(4)^2(12)^2/group.4249	288	2b7fed024fa5e8df0062709183470e69	1	36
carat/tables/qcatalog/dim6/dir.3;2-2;1/ordnung.288/(1)^8(2)^2(4)^2(12)^2/group.4250	288	867b59331d29df51eab0b566c23cbd7b	1	36
carat/tables/qcatalog/dim6/dir.3;2-2;1/ordnung.288/(1)^8(2)^2(4)^2(12)^2/group.4251	288	c099e0c1f849c1c18c7d7fb9a6fdccc3	1	36
carat/tables/qcatalog/dim6/dir.3;2-2;1/ordnung.288/(1)^8(2)^2(4)^2(12)^2/group.4252	288	0939dd25422c285de3f5a79679710793	1	30
carat/tables/qcatalog/dim6/dir.3;2-2;1/ordnung.288/(1)^8(2)^2(4)^2(12)^2/group.4253	288	7628356915d8b0231c073697c508d011	1	30
carat/tables/qcatalog/dim6/dir.3;2-2;1/ordnung.288/(1)^8(2)^2(4)^2(12)^2/group.4254	288	3f57b1c8be1b48151727044bab4d1313	1	30
carat/tables/qcatalog/dim6/dir.3;2-2;1/ordnung.288/(1)^8(2)^2(4)^2(12)^2/group.4255	288	88c692807323dfbbfa1ef415fb77b441	1	30
carat/tables/qcatalog/dim6/dir.3;2-2;1/ordnung.288/(1)^8(2)^2(4)^2(12)^2/group.4256	288	b2f03d0daf595dff2d83951f80066e01	1	36
carat/tables/qcatalog/dim6/dir.3;2-2;1/ordnung.288/(1)^8(2)^2(4)^2(12)^2/group.4257	288	57102957c17c50cfb522c88a5e2f8a0d	1	30
carat/tables/qcatalog/dim6/dir.3;2-2;1/ordnung.288/(1)^8(2)^2(4)^2(12)^2/group.4258	288	0d6f8f53cafd82c3085ab52b5109e539	1	30
carat/tables/qcatalog/dim6/dir.3;2-2;1/ordnung.288/(1)^8(2)^2(4)^2(12)^2/group.4259	288	9eb4e52326c1966999d96e586b0e1323	1	36
carat/tables/qcatalog/dim6/dir.3;2-2;1/ordnung.288/(1)^8(2)^2(4)^2(12)^2/group.4260	288	552ec8ecc1cfee7d61ae052d70d3614b	1	30
carat/tables/qcatalog/dim6/dir.3;2-2;1/ordnung.288/(1)^8(2)^2(4)^2(12)^2/group.4261	288	f512b69ef550f951fbe946820a6e61bf	1	30
carat/tables/qcatalog/dim6/dir.3;2-2;1/ordnung.288/(1)^8(2)^2(4)^2(12)^2/group.4262	288	1aabf18924b18719a45987c418a771d7	1	30
carat/tables/qcatalog/dim6/dir.3;2-2;1/ordnung.36/(1)^4(2)^1(4)^4(12)^2(24)^1/group.4263	36	b4180fe34fe95551d3033293039163f3	1	12
carat/tables/qcatalog/dim6/dir.3;2-2;1/ordnung.48/(2)^10(4)^1(12)^2(36)^1/group.4264	48	e9a9c664abfd39579afafcf809cb5915	1	10
carat/tables/qcatalog/dim6/dir.3;2-2;1/ordnung.48/(2)^10(4)^1(12)^2(36)^1/group.4265	48	702052bf222b9135c4d08332c25755cb	1	10
carat/tables/qcatalog/dim6/dir.3;2-2;1/ordnung.48/(2)^10(4)^1(12)^2(36)^1/group.4266	48	f15cab3c0436416b72bd5b0da3d72ff1	1	10
carat/tables/qcatalog/dim6/dir.3;2-2;1/ordnung.48/(2)^10(4)^1(12)^2(36)^1/group.4267	48	a630b2e00e293661c2902767cf4f01af	1	10
carat/tables/qcatalog/dim6/dir.3;2-2;1/ordnung.48/(2)^10(4)^1(12)^2(36)^1/group.4268	48	840ac3baeff1ab2fc2ff49812631e295	1	10
carat/tables/qcatalog/dim6/dir.3;2-2;1/ordnung.576/(1)^8(2)^2(4)^2(12)^2/group.4309	576	49affd18c540f7cd5621c8c307d7be77	1	60
carat/tables/qcatalog/dim6/dir.3;2-2;1/ordnung.72/(1)^4(2)^1(4)^4(12)^2(24)^1/group.4310	72	22d30bc9ce734fc03559ef58f87516fa	1	24
carat/tables/qcatalog/dim6/dir.3;2-2;1/ordnung.72/(1)^4(2)^1(4)^6(24)^1/group.4311	72	d6f17f8099c553f0b8b0c6acd74dafba	1	24
carat/tables/qcatalog/dim6/dir.3;2-2;1/ordnung.72/(1)^4(2)^1(4)^6(24)^1/group.4312	72	f509777c75d6efc01315646b85391f6a	1	24
carat/tables/qcatalog/dim6/dir.3;2-2;1/ordnung.72/(1)^4(2)^2(4)^3(12)^3/group.4313	72	32b75a0dc474302075cc983d67e803ba	1	24
carat/tables/qcatalog/dim6/dir.3;2-2;1/ordnung.72/(1)^4(2)^2(4)^3(12)^3/group.4314	72	ceafc549c7a8fcd003a7e955cffc662a	1	24
carat/tables/qcatalog/dim6/dir.3;2-2;1/ordnung.72/(1)^4(2)^2(4)^5(12)^1/group.4315	72	5d6bcc94cb3d9e10085d6a02b368da0a	1	24
carat/tables/qcatalog/dim6/dir.3;2-2;1/ordnung.72/(1)^4(2)^2(4)^5(12)^1/group.4316	72	3437b42d0ecd9fe0bf53af38de2529aa	1	24
carat/tables/qcatalog/dim6/dir.3;2-2;1/ordnung.72/(1)^6(2)^1(4)^2(12)^2(24)^1/group.4317	72	cb5c5222aea1b9d5b2084fe114d4240b	1	15
carat/tables/qcatalog/dim6/dir.3;2-2;1/ordnung.72/(1)^6(2)^1(4)^2(12)^2(24)^1/group.4318	72	10e778a9861408514a54efe5315bfcef	1	15
carat/tables/qcatalog/dim6/dir.3;2-2;1/ordnung.72/(1)^6(2)^1(4)^4(12)^2(72)^1/group.4319	72	806ffe7d8d41291c1a95cb933d92a046	1	12
carat/tables/qcatalog/dim6/dir.3;2-2;1/ordnung.72/(1)^6(2)^1(4)^4(12)^2(72)^1/group.4320	72	5bc6e2e68df8831c69430835a6d198c6	1	12
carat/tables/qcatalog/dim6/dir.3;2-2;1/ordnung.72/(1)^6(2)^1(4)^4(24)^1/group.4321	72	1837e565be8f40c903a0f8cfcfe6887f	1	15
carat/tables/qcatalog/dim6/dir.3;2-2;1/ordnung.72/(1)^6(2)^1(4)^4(24)^1/group.4322	72	976e0f7df6357ead0b33c998a0131703	1	15
carat/tables/qcatalog/dim6/dir.3;2-2;1/ordnung.72/(1)^6(2)^2(4)^1(12)^3/group.4323	72	6ac2b121c2d54a21f492ff0e536a57ef	1	15
carat/tables/qcatalog/dim6/dir.3;2-2;1/ordnung.72/(1)^6(2)^2(4)^1(12)^3/group.4324	72	79db4bd206edcbcdc6962f53e8eb5533	1	15
carat/tables/qcatalog/dim6/dir.3;2-2;1/ordnung.72/(1)^6(2)^2(4)^3(12)^1/group.4325	72	a3ae2d3c5989745d2a809a31a4c8a173	1	15
carat/tables/qcatalog/dim6/dir.3;2-2;1/ordnung.72/(1)^6(2)^2(4)^3(12)^1/group.4326	72	a52c2bc007fceccd5fd1785739729d63	1	15
carat/tables/qcatalog/dim6/dir.3;2-2;1/ordnung.72/(1)^6(2)^2(4)^3(12)^2(36)^1/group.4327	72	0210f64a2816fe5c8b25c2ed193ebb66	1	12
carat/tables/qcatalog/dim6/dir.3;2-2;1/ordnung.72/(1)^6(2)^2(4)^3(12)^2(36)^1/group.4328	72	d76cb3060cc1538c5c52d3ef8cce2896	1	12
carat/tables/qcatalog/dim6/dir.4-1';2-1/ordnung.32/(2)^2(4)^2(8)^2/group.4421	32	ea3afa535389bc59122693d956538903	0	32
carat/tables/qcatalog/dim6/dir.4-1';2-1/ordnung.32/(2)^2(4)^4(8)^4/group.4422	32	ff70c3fcae94e92da31b2a14f1ad82cf	0	14
carat/tables/qcatalog/dim6/dir.4-1';2-1/ordnung.32/(2)^2(4)^4(8)^4/min.472	32	cd21b0c0f32730a1364b0e686d67e5bb	0	14
carat/tables/qcatalog/dim6/dir.4-1';2-1/ordnung.32/(2)^4(8)^4/group.4423	32	d17073a4907262b3dba9b89c8462206d	0	20
carat/tables/qcatalog/dim6/dir.4-1';2-1/ordnung.32/(2)^4(8)^4/min.473	32	1a1a97247d4d3481b06579f07946dbdb	0	20
carat/tables/qcatalog/dim6/dir.4-1';2-1/ordnung.32/(2)^4(8)^8/group.4424	32	6912a0da059649ad241d999757ab698f	0	14
carat/tables/qcatalog/dim6/dir.4-1';2-1/ordnung.32/(2)^4(8)^8/min.474	32	0379e8980978dc01403d16bac7bad223	0	14
carat/tables/qcatalog/dim6/dir.4-1';2-1/ordnung.64/(2)^2(4)^6(8)^2/group.4425	64	31fe714ef4b0d890e6550bf90be6bc2e	0	28
carat/tables/qcatalog/dim6/dir.4-1';2-1/ordnung.64/(2)^4(4)^2(8)^2/group.4426	64	43097af9321228cad97278e7e28a15f8	0	40
carat/tables/qcatalog/dim6/dir.4-1';2-1/ordnung.64/(2)^4(4)^4(8)^4/group.4427	64	754abcfba0515c64b8590cc333b805f2	0	22
carat/tables/qcatalog/dim6/dir.4-1';2-1/ordnung.64/(2)^4(4)^4(8)^4/group.4428	64	99eeb96a09fcaaad6a2766c628dca29f	0	19
carat/tables/qcatalog/dim6/dir.4-1';2-1/ordnung.64/(2)^4(4)^4(8)^4/group.4429	64	eb9849c4261397a6ffd373ac29e7bf84	0	22
carat/tables/qcatalog/dim6/dir.4-1';2-1/ordnung.64/(2)^4(4)^4(8)^4/group.4430	64	dc2fa50eb0f6d2fc1224b9b95c9e7a52	0	19
carat/tables/qcatalog/dim6/dir.4-1';2-1/ordnung.8/(2)^2(8)^4/min.475	8	f3b4644780d34168b0c1833f62ea31fe	0	8
carat/tables/qcatalog/dim6/dir.4-1';2-2/ordnung.192/(1)^4(4)^6(12)^2/group.4431	192	f2736a079ff8d0645e457a1565b02dea	0	42
carat/tables/qcatalog/dim6/dir.4-1';2-2/ordnung.24/(1)^2(4)^3(12)^1/min.476	24	ca51ed3993f705b423a2ed39f80f79a2	0	24
carat/tables/qcatalog/dim6/dir.4-1';2-2/ordnung.24/(1)^2(4)^3(12)^1/min.477	24	74069bd7ff06fcf45aaa2e3b4ab67242	0	24
carat/tables/qcatalog/dim6/dir.4-1';2-2/ordnung.24/(1)^4(4)^2(12)^2/min.478	24	b2d6f4248a8bf1348baf78c98719e926	0	12
carat/tables/qcatalog/dim6/dir.4-1';2-2/ordnung.48/(1)^2(4)^3(12)^1/group.4432	48	67257d8cc7c79dbccc50fc5776748d56	0	48
carat/tables/qcatalog/dim6/dir.4-1';2-2/ordnung.48/(1)^2(4)^7(12)^1/group.4433	48	ab1ced4e141fdb0bfa10214c7bcb2dd9	0	21
carat/tables/qcatalog/dim6/dir.3;2-2;1/ordnung.288/(1)^8(2)^2(4)^1(12)^2(36)^1/group.4209	288	9550093ee48646374b20a6efca530f3d	1	30
carat/tables/qcatalog/dim6/dir.3;2-2;1/ordnung.288/(1)^8(2)^2(4)^2(12)^2/group.4210	288	2c0fd30a52e61613c5978399dabeefd1	1	30
carat/tables/qcatalog/dim6/dir.3;2-2;1/ordnung.288/(1)^8(2)^2(4)^2(12)^2/group.4211	288	2f1ef01b86e51bb90cc6bd9a23a9ec6f	1	30
carat/tables/qcatalog/dim6/dir.3;2-2;1/ordnung.288/(1)^8(2)^2(4)^2(12)^2/group.4212	288	d1f851cbd446308bd6f22bc9dfea0e01	1	30
carat/tables/qcatalog/dim6/dir.3;2-2;1/ordnung.288/(1)^8(2)^2(4)^2(12)^2/group.4213	288	fc48a78d4c5b92ab557a609b5e9fb0d9	1	30
carat/tables/qcatalog/dim6/dir.3;2-2;1/ordnung.288/(1)^8(2)^2(4)^2(12)^2/group.4214	288	5a6451b2144d2a412f1e3434650e93df	1	30
carat/tables/qcatalog/dim6/dir.3;2-2;1/ordnung.288/(1)^8(2)^2(4)^2(12)^2/group.4215	288	1a8901ecd7026bf55390c2437f0246f3	1	30
carat/tables/qcatalog/dim6/dir.3;2-2;1/ordnung.288/(1)^8(2)^2(4)^2(12)^2/group.4216	288	47c0aa763006bf991eb02447eeb2361f	1	30
carat/tables/qcatalog/dim6/dir.3;2-2;1/ordnung.288/(1)^8(2)^2(4)^2(12)^2/group.4217	288	74a3f166d087b507c72e2f9d73f07c7d	1	30
carat/tables/qcatalog/dim6/dir.3;2-2;1/ordnung.288/(1)^8(2)^2(4)^2(12)^2/group.4218	288	846aead89c3f1f0db9b7336059b2de73	1	30
carat/tables/qcatalog/dim6/dir.3;2-2;1/ordnung.288/(1)^8(2)^2(4)^2(12)^2/group.4219	288	6a9bd2910a8b3d07930d0148606a45dd	1	30
carat/tables/qcatalog/dim6/dir.3;2-2;1/ordnung.288/(1)^8(2)^2(4)^2(12)^2/group.4220	288	1cd3b5dd5c96aad39bc70de081a1b549	1	30
carat/tables/qcatalog/dim6/dir.3;2-2;1/ordnung.288/(1)^8(2)^2(4)^2(12)^2/group.4221	288	ef37e91cbec628e19b81c1f167c29317	1	30
carat/tables/qcatalog/dim6/dir.3;2-2;1/ordnung.288/(1)^8(2)^2(4)^2(12)^2/group.4222	288	1a48fea052d94fc5296de85e822991cb	1	30
carat/tables/qcatalog/dim6/dir.3;2-2;1/ordnung.288/(1)^8(2)^2(4)^2(12)^2/group.4223	288	06d982bbb36a8295fa65859638b80723	1	30
carat/tables/qcatalog/dim6/dir.3;2-2;1/ordnung.288/(1)^8(2)^2(4)^2(12)^2/group.4224	288	3c358756321b291d124a92ee22b010bb	1	30
carat/tables/qcatalog/dim6/dir.3;2-2;1/ordnung.288/(1)^8(2)^2(4)^2(12)^2/group.4225	288	44f0bef3744edad5fed333dec1ea749b	1	30
carat/tables/qcatalog/dim6/dir.3;2-2;1/ordnung.288/(1)^8(2)^2(4)^2(12)^2/group.4226	288	d87114f6b7ce353766fd458db78e7a9d	1	30
carat/tables/qcatalog/dim6/dir.3;2-2;1/ordnung.288/(1)^8(2)^2(4)^2(12)^2/group.4227	288	04f5c5770121deb9d23a92f032f32757	1	30
carat/tables/qcatalog/dim6/dir.3;2-2;1/ordnung.288/(1)^8(2)^2(4)^2(12)^2/group.4228	288	17ddfe1a42c48245ed8e0f3ec2fd3ebb	1	30
carat/tables/qcatalog/dim6/dir.3;2-2;1/ordnung.288/(1)^8(2)^2(4)^2(12)^2/group.4229	288	d9eab26e0e5d67a3056e80abe9403bf1	1	30
carat/tables/qcatalog/dim6/dir.3;2-2;1/ordnung.288/(1)^8(2)^2(4)^2(12)^2/group.4230	288	6dede12fa65cf5afb0369a172e35a385	1	30
carat/tables/qcatalog/dim6/dir.3;2-2;1/ordnung.288/(1)^8(2)^2(4)^2(12)^2/group.4231	288	9303e101df84d81303211bd24661bc99	1	30
carat/tables/qcatalog/dim6/dir.3;2-2;1/ordnung.288/(1)^8(2)^2(4)^2(12)^2/group.4232	288	35e831bf5c7572f583a0dc7fc6b13443	1	30
carat/tables/qcatalog/dim6/dir.3;2-2;1/ordnung.288/(1)^8(2)^2(4)^2(12)^2/group.4233	288	a95cf4e7f4f0dc45ffd81129fa3fc75b	1	30
carat/tables/qcatalog/dim6/dir.3;2-2;1/ordnung.288/(1)^8(2)^2(4)^2(12)^2/group.4234	288	c2190bec7f26bc2d4add0bcc9e9e5b83	1	30
carat/tables/qcatalog/dim6/dir.3;2-2;1/ordnung.288/(1)^8(2)^2(4)^2(12)^2/group.4235	288	23ca6d021fbbae9128a3976b8636e897	1	30
carat/tables/qcatalog/dim6/dir.3;2-2;1/ordnung.288/(1)^8(2)^2(4)^2(12)^2/group.4236	288	897c4c36368a759d16a43b64cd8a3403	1	30
carat/tables/qcatalog/dim6/dir.3;2-2;1/ordnung.288/(1)^8(2)^2(4)^2(12)^2/group.4237	288	fdaf96eae05bbf6debe78f506f131d73	1	30
carat/tables/qcatalog/dim6/dir.3;2-2;1/ordnung.288/(1)^8(2)^2(4)^2(12)^2/group.4238	288	2928633986801c4bc0cb8780ba2b3c39	1	30
carat/tables/qcatalog/dim6/dir.3;2-2;1/ordnung.288/(1)^8(2)^2(4)^2(12)^2/group.4239	288	262dd2408c5eabddea413e2db9fc5c1b	1	30
carat/tables/qcatalog/dim6/dir.3;2-2;1/ordnung.288/(1)^8(2)^2(4)^2(12)^2/group.4240	288	92f03cdb859247bd28d93eb1f4e7b48b	1	30
carat/tables/qcatalog/dim6/dir.3;2-2;1/ordnung.288/(1)^8(2)^2(4)^2(12)^2/group.4241	288	31c2c286e9f75a1d22a9846df28dfa8b	1	30
carat/tables/qcatalog/dim6/dir.3;2-2;1/ordnung.288/(1)^8(2)^2(4)^2(12)^2/group.4242	288	6ee5685634cd9fa555c1001984fd4e13	1	30
carat/tables/qcatalog/dim6/dir.3;2-2;1/ordnung.288/(1)^8(2)^2(4)^2(12)^2/group.4243	288	da7a70406544a34b23df0d1ce3741fc9	1	30
carat/tables/qcatalog/dim6/dir.3;2-2;1/ordnung.288/(1)^8(2)^2(4)^2(12)^2/group.4244	288	693b45fcb090ed07a7e44099a24ee5ad	1	30
carat/tables/qcatalog/dim6/dir.3;2-2;1/ordnung.288/(1)^8(2)^2(4)^2(12)^2/group.4245	288	9871d1ca05a5da4fa6f0fbbade2cb425	1	30
carat/tables/qcatalog/dim6/dir.3;2-2;1/ordnung.288/(1)^8(2)^2(4)^2(12)^2/group.4246	288	95afe44ebbf0228fdfc4403ca853d351	1	36
carat/tables/qcatalog/dim6/dir.3;2-2;1/ordnung.288/(1)^8(2)^2(4)^2(12)^2/group.4247	288	a578cb47ad4b1fc5b3ca5d1bacf3b0b7	1	36
carat/tables/qcatalog/dim6/dir.3;2-2;1/ordnung.288/(1)^8(2)^2(4)^2(12)^2/group.4248	288	da09533d1b505fc5e27b96c29718808f	1	36
carat/tables/qcatalog/dim6/dir.3;3/ordnung.288/(1)^8(2)^1(4)^8(8)^1/group.4367	288	d452945bd91fa956bf61f90340aa99c0	0	14
carat/tables/qcatalog/dim6/dir.3;3/ordnung.288/(1)^8(2)^2(4)^8/group.4368	288	1ff3c970d35ed7566c06a2558438cb68	0	14
carat/tables/qcatalog/dim6/dir.3;3/ordnung.384/(2)^10(4)^8/group.4369	384	2001de5277fb40b10a19b3839c664507	0	40
carat/tables/qcatalog/dim6/dir.3;3/ordnung.48/(2)^10(8)^8/group.4370	48	cf5ccb1ecce2b73032b8ef0077da4676	0	10
carat/tables/qcatalog/dim6/dir.3;3/ordnung.48/(2)^10(8)^8/group.4371	48	c8916b147a5b862e3a4739c8394ac16c	0	10
carat/tables/qcatalog/dim6/dir.3;3/ordnung.48/(2)^3(4)^12(8)^3/min.466	48	ad8ca556c4c46d5da0645f35a35d3e47	0	8
carat/tables/qcatalog/dim6/dir.3;3/ordnung.48/(2)^6(8)^12/group.4372	48	95e8b450fad2ed88fc37b971584ee056	0	10
carat/tables/qcatalog/dim6/dir.3;3/ordnung.48/(2)^6(8)^12/group.4373	48	a4429d330db480fc68d86b530f15317e	0	16
carat/tables/qcatalog/dim6/dir.3;3/ordnung.576/(1)^4(2)^2(4)^12/group.4374	576	c1e065a07fa17e50927b92d1ea78e04e	0	64
carat/tables/qcatalog/dim6/dir.3;3/ordnung.576/(1)^6(2)^1(4)^10(8)^1/group.4375	576	63f67d3c2825a93045573bca7197db82	0	40
carat/tables/qcatalog/dim6/dir.3;3/ordnung.576/(1)^6(2)^2(4)^10/group.4376	576	8153f02f37ac34823a3815e395004e2c	0	40
carat/tables/qcatalog/dim6/dir.3;3/ordnung.576/(1)^6(2)^2(4)^10/group.4377	576	61c13a7c6138ca0ed2bed63cc19b1ed0	0	40
carat/tables/qcatalog/dim6/dir.3;3/ordnung.576/(1)^6(2)^2(4)^10/group.4378	576	f6e2c507224ecd74e6c4f50fdf04f43e	0	40
carat/tables/qcatalog/dim6/dir.3;3/ordnung.576/(1)^6(2)^2(4)^10/group.4379	576	ecc5d65b4ba376c6ea75224f96bb3040	0	40
carat/tables/qcatalog/dim6/dir.3;3/ordnung.576/(1)^6(2)^2(4)^10/group.4380	576	8177658ce7f92538e69ac97c8575fb1a	0	40
carat/tables/qcatalog/dim6/dir.3;3/ordnung.576/(1)^8(2)^1(4)^8(8)^1/group.4381	576	80dfccb76968d989bbdefcb3ad5f7d73	0	25
carat/tables/qcatalog/dim6/dir.3;3/ordnung.576/(1)^8(2)^1(4)^8(8)^1/group.4382	576	3eaddf977ee9ed49b0f9be3889c4233b	0	25
carat/tables/qcatalog/dim6/dir.3;3/ordnung.576/(1)^8(2)^1(4)^8(8)^1/group.4383	576	818ce222849e13a87d69ac424d7597e6	0	28
carat/tables/qcatalog/dim6/dir.3;3/ordnung.576/(1)^8(2)^1(4)^8(8)^1/group.4384	576	6e2fec47aaa344eb7d420796108381a5	0	25
carat/tables/qcatalog/dim6/dir.3;3/ordnung.576/(1)^8(2)^2(4)^8/group.4385	576	eadcc55d66e15b6e89f65cb5ef4877e4	0	28
carat/tables/qcatalog/dim6/dir.3;2-2;1/ordnung.72/(1)^8(2)^1(4)^2(12)^2(72)^1/group.4329	72	df2df65d88e8eae97872c42fe9e7193f	1	9
carat/tables/qcatalog/dim6/dir.3;2-2;1/ordnung.72/(1)^8(2)^1(4)^2(12)^2(72)^1/group.4330	72	2110f327758343d5c42ebd346b71cc13	1	9
carat/tables/qcatalog/dim6/dir.3;2-2;1/ordnung.72/(1)^8(2)^2(4)^1(12)^2(36)^1/group.4331	72	e4dd21ac8c3c6039d1dcaf4714c60d6f	1	9
carat/tables/qcatalog/dim6/dir.3;2-2;1/ordnung.72/(1)^8(2)^2(4)^1(12)^2(36)^1/group.4332	72	671a48421375dc995c95149d7bdc9d2f	1	9
carat/tables/qcatalog/dim6/dir.3;2-2;1/ordnung.96/(2)^10(4)^1(12)^2(36)^1/group.4333	96	893a73ee3335d8909c0e3aa7e540fbea	1	20
carat/tables/qcatalog/dim6/dir.3;2-2;1/ordnung.96/(2)^10(4)^2(12)^2/group.4334	96	58cc1747409e78a084a3c109ceb17a72	1	20
carat/tables/qcatalog/dim6/dir.3;2-2;1/ordnung.96/(2)^10(4)^2(12)^2/group.4335	96	a5f8b7be5b870d9a7b26968e1dc8dcbc	1	20
carat/tables/qcatalog/dim6/dir.3;2-2;1/ordnung.96/(2)^10(4)^2(12)^2/group.4336	96	f5318285f9a2ca3a811a88239f054494	1	20
carat/tables/qcatalog/dim6/dir.3;2-2;1/ordnung.96/(2)^10(4)^2(12)^2/group.4337	96	78b12d0aa933165cad470e022ce7936e	1	20
carat/tables/qcatalog/dim6/dir.3;2-2;1/ordnung.96/(2)^10(4)^2(12)^2/group.4338	96	50391ddff54870e63dc52cca5cfb2158	1	20
carat/tables/qcatalog/dim6/dir.3;2-2;1/ordnung.96/(2)^10(4)^2(12)^2/group.4339	96	b4f5db49942a16ae63221f79d3789600	1	20
carat/tables/qcatalog/dim6/dir.3;2-2;1/ordnung.96/(2)^10(4)^2(12)^2/group.4340	96	3ca30789f1659dbef7fe29805b8b2c38	1	20
carat/tables/qcatalog/dim6/dir.3;2-2;1/ordnung.96/(2)^10(4)^2(12)^2/group.4341	96	9a795028702f562060d0c1cdca1dc57a	1	20
carat/tables/qcatalog/dim6/dir.3;2-2;1/ordnung.96/(2)^6(4)^5(12)^1/group.4342	96	67c34e5787ba323e527dd01993e388d4	1	32
carat/tables/qcatalog/dim6/dir.3;2-2;1/ordnung.96/(2)^9(4)^3(12)^1(24)^1/group.4343	96	b0f9c5a7434ca14eb9ae70e5740e8808	1	20
carat/tables/qcatalog/dim6/dir.3;3/ordnung.1152/(1)^6(2)^2(4)^10/group.4344	1152	de1ac690b34eea8b5f82536db14e3155	0	80
carat/tables/qcatalog/dim6/dir.3;3/ordnung.1152/(1)^8(2)^1(4)^8(8)^1/group.4345	1152	da2757013dbc78ad5fa4f1a84d97164f	0	50
carat/tables/qcatalog/dim6/dir.3;3/ordnung.1152/(1)^8(2)^2(4)^8/group.4346	1152	a1f0f5bbf9dc8ec16bc6a395773dfb1b	0	50
carat/tables/qcatalog/dim6/dir.3;3/ordnung.1152/(1)^8(2)^2(4)^8/group.4347	1152	51680d3a7eb73f4f022859172f7717ad	0	56
carat/tables/qcatalog/dim6/dir.3;3/ordnung.1152/(1)^8(2)^2(4)^8/group.4348	1152	30483b4ccb88773d596d8c9b1705f7af	0	50
carat/tables/qcatalog/dim6/dir.3;3/ordnung.576/(1)^8(2)^2(4)^8/group.4386	576	6355fd442f4418c7f653da9b343fff61	0	25
carat/tables/qcatalog/dim6/dir.3;3/ordnung.576/(1)^8(2)^2(4)^8/group.4387	576	f0c12d49910af39b33dcc3bfa37555f5	0	25
carat/tables/qcatalog/dim6/dir.3;3/ordnung.576/(1)^8(2)^2(4)^8/group.4388	576	145a83df3bafede61f0bb436d0be60d4	0	28
carat/tables/qcatalog/dim6/dir.3;3/ordnung.576/(1)^8(2)^2(4)^8/group.4389	576	4575528517f814f3aa4da6b9c1f04cc5	0	25
carat/tables/qcatalog/dim6/dir.3;3/ordnung.576/(1)^8(2)^2(4)^8/group.4390	576	548603c2e5ae768f354ec3b0d63c7b79	0	25
carat/tables/qcatalog/dim6/dir.3;3/ordnung.576/(1)^8(2)^2(4)^8/group.4391	576	676c1708a13f05197ba252cf7357aa33	0	25
carat/tables/qcatalog/dim6/dir.3;3/ordnung.576/(1)^8(2)^2(4)^8/group.4392	576	0e6fd447b98865c3e42b5f2f06c5586d	0	25
carat/tables/qcatalog/dim6/dir.3;3/ordnung.576/(1)^8(2)^2(4)^8/group.4393	576	99e04a5d10766285423465da776da417	0	25
carat/tables/qcatalog/dim6/dir.3;3/ordnung.576/(1)^8(2)^2(4)^8/group.4394	576	548180afc69e9a50ee6990e1094d7226	0	28
carat/tables/qcatalog/dim6/dir.3;3/ordnung.96/(2)^10(4)^8/group.4395	96	27524f4648b2b72f88667fa0ccc09bdd	0	10
carat/tables/qcatalog/dim6/dir.3;3/ordnung.96/(2)^10(8)^8/group.4396	96	ee22d8eccabb11ed7567e49a31448b1f	0	20
carat/tables/qcatalog/dim6/dir.3;3/ordnung.96/(2)^3(4)^12(8)^3/group.4397	96	f775da554469e3972d6c17b4c0bc4005	0	16
carat/tables/qcatalog/dim6/dir.3;3/ordnung.96/(2)^6(4)^12/group.4398	96	1d9726bdac3bd28723c5f6d6f55b6465	0	16
carat/tables/qcatalog/dim6/dir.3;3/ordnung.96/(2)^9(4)^8(8)^1/group.4399	96	1eb12e199d77729fa6055232bc63446d	0	10
carat/tables/qcatalog/dim6/dir.3;3/ordnung.96/(2)^9(4)^8(8)^1/group.4400	96	275952d1616c4883603e2f52843194b1	0	10
carat/tables/qcatalog/dim6/dir.4-1';1,1/ordnung.16/(2)^1(4)^2(8)^2/group.4401	16	c8f8d50a5aa3154da0d847699ffe1f1f	1	16
carat/tables/qcatalog/dim6/dir.4-1';1,1/ordnung.16/(2)^1(4)^6(8)^2/group.4402	16	b0ddd4b4e34393fc9269bb9a955a0d5a	1	7
carat/tables/qcatalog/dim6/dir.4-1';1,1/ordnung.16/(2)^1(4)^6(8)^2/group.4403	16	22e739012003bb58653b63272faed746	1	7
carat/tables/qcatalog/dim6/dir.4-1';1,1/ordnung.16/(2)^1(4)^6(8)^2/group.4404	16	e88991794dbdffd0348af65cdd0c8ace	1	7
carat/tables/qcatalog/dim6/dir.4-1';1,1/ordnung.32/(2)^1(4)^6(8)^2/group.4405	32	5c80781118e16aaf184662c28205c23d	1	14
carat/tables/qcatalog/dim6/dir.3;2-2;1/ordnung.288/(1)^6(2)^2(4)^3(12)^1/group.4169	288	aa47a079f12b3d75b1ee7cd556812ba3	1	60
carat/tables/qcatalog/dim6/dir.3;2-2;1/ordnung.288/(1)^6(2)^2(4)^3(12)^1/group.4170	288	10248e2b675b53afc1c826c20833ec3d	1	60
carat/tables/qcatalog/dim6/dir.3;2-2;1/ordnung.288/(1)^6(2)^2(4)^3(12)^1/group.4171	288	b71fda5fc3604aa7d3bda38ba2dbc4d5	1	60
carat/tables/qcatalog/dim6/dir.3;2-2;1/ordnung.288/(1)^6(2)^2(4)^3(12)^1/group.4172	288	6722a59d47d0a069dd0474995042049f	1	60
carat/tables/qcatalog/dim6/dir.3;2-2;1/ordnung.288/(1)^6(2)^2(4)^3(12)^1/group.4173	288	e6a18980223d20fbce1867487f127791	1	60
carat/tables/qcatalog/dim6/dir.3;2-2;1/ordnung.288/(1)^6(2)^2(4)^3(12)^1/group.4174	288	9f480a6e0a06ee3d4678a9ee0ce1104b	1	60
carat/tables/qcatalog/dim6/dir.3;2-2;1/ordnung.288/(1)^6(2)^2(4)^3(12)^1/group.4175	288	323b9bc1216524f978c4a83ce00b2daf	1	60
carat/tables/qcatalog/dim6/dir.3;2-2;1/ordnung.288/(1)^6(2)^2(4)^3(12)^1/group.4176	288	a1280f283f0f107bcb4bdff73ea6b901	1	60
carat/tables/qcatalog/dim6/dir.3;2-2;1/ordnung.288/(1)^6(2)^2(4)^3(12)^1/group.4177	288	6150b99041614a8956f7380e2d99320f	1	60
carat/tables/qcatalog/dim6/dir.3;2-2;1/ordnung.288/(1)^6(2)^2(4)^3(12)^1/group.4178	288	7a447c9a79206acb4158ce7a187d2611	1	60
carat/tables/qcatalog/dim6/dir.3;2-2;1/ordnung.288/(1)^6(2)^2(4)^3(12)^1/group.4179	288	a74320ec595073eb8efb3c25f2de0cb1	1	60
carat/tables/qcatalog/dim6/dir.3;2-2;1/ordnung.288/(1)^6(2)^2(4)^3(12)^2(36)^1/group.4180	288	b4f0637343d5eca9f9dcd2c80cf5cccf	1	48
carat/tables/qcatalog/dim6/dir.3;2-2;1/ordnung.288/(1)^6(2)^2(4)^4(12)^2/group.4181	288	c0ebc1e588c9926dcc229860bd68593b	1	48
carat/tables/qcatalog/dim6/dir.3;2-2;1/ordnung.288/(1)^6(2)^2(4)^4(12)^2/group.4182	288	ca8df097cf25ad014fa09f915f766307	1	48
carat/tables/qcatalog/dim6/dir.3;2-2;1/ordnung.288/(1)^6(2)^2(4)^4(12)^2/group.4183	288	bf0c34d97ae4cbd3b3453eb5040b5fb1	1	48
carat/tables/qcatalog/dim6/dir.3;2-2;1/ordnung.288/(1)^6(2)^2(4)^4(12)^2/group.4184	288	2c5e6ebdc54cc5d3b6b5d7011ee91f09	1	48
carat/tables/qcatalog/dim6/dir.3;2-2;1/ordnung.288/(1)^6(2)^2(4)^4(12)^2/group.4185	288	0f1d7f2b55e3f56b9f58b51ef65522e1	1	48
carat/tables/qcatalog/dim6/dir.3;2-2;1/ordnung.288/(1)^6(2)^2(4)^4(12)^2/group.4186	288	bab788041cb1fc1bb7c128a9ef6236b9	1	48
carat/tables/qcatalog/dim6/dir.3;2-2;1/ordnung.288/(1)^6(2)^2(4)^4(12)^2/group.4187	288	f7d6b9454a28c6c5e16d59214577b42b	1	48
carat/tables/qcatalog/dim6/dir.3;2-2;1/ordnung.288/(1)^6(2)^2(4)^4(12)^2/group.4188	288	ef89e6ff94cb7fdb7a4f970cc0a689e9	1	48
carat/tables/qcatalog/dim6/dir.4-1;1,1/ordnung.16/(2)^1(4)^6(8)^2/group.4474	16	cdbebe348ab89c14e63deb71f6ba8e2a	1	7
carat/tables/qcatalog/dim6/dir.4-1;1,1/ordnung.16/(2)^1(4)^6(8)^2/group.4475	16	5b7b91c41ee7c096aef7123ee9eb5b24	1	7
carat/tables/qcatalog/dim6/dir.4-1;1,1/ordnung.16/(2)^1(4)^6(8)^2/group.4476	16	b2403fff9e7023b0166ed4dc968d9516	1	7
carat/tables/qcatalog/dim6/dir.4-1;1,1/ordnung.16/(2)^1(4)^6(8)^2/min.479	16	49f14e480ee849cfacc3e148f2aacf41	1	10
carat/tables/qcatalog/dim6/dir.4-1;1,1/ordnung.16/(2)^1(4)^6(8)^2/min.480	16	241620f1b877a9bfa33caac23ffbd021	1	10
carat/tables/qcatalog/dim6/dir.4-1;1,1/ordnung.16/(2)^1(4)^6(8)^2/min.481	16	4183727ecb942f112a6992bbbbaca22b	1	10
carat/tables/qcatalog/dim6/dir.4-1;1,1/ordnung.192/(1)^2(2)^10(4)^4(8)^1/group.4477	192	ebafb7a0ab7fd33f27c8753c799ff7c1	1	22
carat/tables/qcatalog/dim6/dir.4-1;1,1/ordnung.192/(1)^2(2)^12(4)^2(8)^1/group.4478	192	903daaff717b30c76f557bc172520661	1	16
carat/tables/qcatalog/dim6/dir.4-1;1,1/ordnung.192/(1)^2(2)^12(4)^2(8)^1/group.4479	192	134666f128124785b5878a8a0a08ae27	1	16
carat/tables/qcatalog/dim6/dir.4-1;1,1/ordnung.192/(1)^4(2)^10(4)^2(8)^1/group.4480	192	a9bba37504466174250439c3e3c4642e	1	13
carat/tables/qcatalog/dim6/dir.4-1;1,1/ordnung.192/(1)^4(2)^10(4)^2(8)^1/group.4481	192	eb4d44c9edd251c26e63d516ca1f0b8c	1	13
carat/tables/qcatalog/dim6/dir.4-1;1,1/ordnung.192/(1)^4(2)^12(8)^1/group.4482	192	56b3acdc36a3ec1cf5ad9a9247e5f6e6	1	13
carat/tables/qcatalog/dim6/dir.4-1;1,1/ordnung.192/(1)^4(2)^12(8)^1/group.4483	192	4dfc7a8a3b7b2aec94bb9ba3479647f6	1	13
carat/tables/qcatalog/dim6/dir.4-1;1,1/ordnung.192/(2)^17/group.4484	192	26507717a350504df8a02e96eb10278b	1	17
carat/tables/qcatalog/dim6/dir.4-1;1,1/ordnung.192/(2)^17/group.4485	192	ff500e5f07d7d48d433f1b14cdfe4bd3	1	17
carat/tables/qcatalog/dim6/dir.4-1;1,1/ordnung.192/(2)^17/group.4486	192	9f5d4f821fb0a98bf692e7b4eb6d7209	1	17
carat/tables/qcatalog/dim6/dir.4-1;1,1/ordnung.192/(2)^17/group.4487	192	3bbdfddd168f2a49f0604f8bfe039cff	1	17
carat/tables/qcatalog/dim6/dir.4-1;1,1/ordnung.192/(2)^9(4)^8/group.4489	192	8267d113154d5754e05c8769ddb96e92	1	38
carat/tables/qcatalog/dim6/dir.4-1;1,1/ordnung.192/(2)^9(4)^8/group.4490	192	0a35e675d31ee01cf6d337b8b93e5b36	1	26
carat/tables/qcatalog/dim6/dir.4-1;1,1/ordnung.192/(2)^9/group.4488	192	5cd1b87719ce4ce6cb81c16048772a78	1	32
carat/tables/qcatalog/dim6/dir.4-1;1,1/ordnung.1152/(1)^8(2)^9/group.4454	1152	0be88a3277cc2c07b1b648a4d152949d	1	25
carat/tables/qcatalog/dim6/dir.4-1;1,1/ordnung.128/(2)^12(4)^4(8)^1/group.4455	128	7f4e9d9ba90fb1637d0200eb23689fb1	1	20
carat/tables/qcatalog/dim6/dir.4-1;1,1/ordnung.128/(2)^12(4)^4(8)^1/group.4456	128	70329daeeff785777773541148cc4b05	1	20
carat/tables/qcatalog/dim6/dir.4-1;1,1/ordnung.128/(2)^12(4)^4(8)^1/group.4457	128	dc9f9f7597e165f57da0704dfa9c9e0b	1	20
carat/tables/qcatalog/dim6/dir.4-1;1,1/ordnung.128/(2)^12(4)^4(8)^1/group.4458	128	1258eb40b4987bfd3244c43243b973c3	1	20
carat/tables/qcatalog/dim6/dir.4-1;1,1/ordnung.128/(2)^12(4)^4(8)^1/group.4459	128	dcf9a91af48e683d96467cfaad8e05ab	1	20
carat/tables/qcatalog/dim6/dir.4-1;1,1/ordnung.128/(2)^12(4)^4(8)^1/group.4460	128	27001ad59424cbf37bfb88e57df97cb1	1	20
carat/tables/qcatalog/dim6/dir.4-1;1,1/ordnung.128/(2)^8(4)^8(8)^1/group.4461	128	68812f8cacdbb6052212573a43b82d4b	1	32
carat/tables/qcatalog/dim6/dir.4-1;1,1/ordnung.128/(2)^8(4)^8(8)^1/group.4462	128	f47834d6230e54a9f61eec17fd7dbbaf	1	32
carat/tables/qcatalog/dim6/dir.4-1;1,1/ordnung.128/(2)^8(4)^8(8)^1/group.4463	128	32318e64e69ef9719632210bd0c2951f	1	26
carat/tables/qcatalog/dim6/dir.4-1;1,1/ordnung.128/(2)^8(4)^8(8)^1/group.4464	128	cd4ea41306e1248f14edf52ee1683a95	1	26
carat/tables/qcatalog/dim6/dir.4-1;1,1/ordnung.144/(1)^4(2)^1(6)^4/group.4465	144	5d7ff6ad91372f2e4751182dd5c55834	1	42
carat/tables/qcatalog/dim6/dir.4-1;1,1/ordnung.144/(1)^8(2)^1(6)^8/group.4466	144	fdf9e86bd9360491457250ce3de13237	1	15
carat/tables/qcatalog/dim6/dir.4-1;1,1/ordnung.144/(1)^8(2)^1(6)^8/group.4467	144	49a38c406fbfff2395c74bacf437a969	1	15
carat/tables/qcatalog/dim6/dir.4-1;1,1/ordnung.16/(2)^1(4)^2(8)^2/group.4468	16	9561aed38338a56d1fde4c0de238c26f	1	10
carat/tables/qcatalog/dim6/dir.4-1;1,1/ordnung.16/(2)^1(4)^6(8)^2/group.4469	16	c819b4d33768f6df7df6bfb3a319b649	1	10
carat/tables/qcatalog/dim6/dir.4-1;1,1/ordnung.16/(2)^1(4)^6(8)^2/group.4470	16	4e26ccfc9a6ade6b42574197e1eae0bd	1	10
carat/tables/qcatalog/dim6/dir.4-1;1,1/ordnung.16/(2)^1(4)^6(8)^2/group.4471	16	0e57acd8dad96357e0ab6bc12e3cf729	1	10
carat/tables/qcatalog/dim6/dir.4-1;1,1/ordnung.16/(2)^1(4)^6(8)^2/group.4472	16	d9d48594c68130cb772abe8bc3e21a8d	1	10
carat/tables/qcatalog/dim6/dir.4-1;1,1/ordnung.16/(2)^1(4)^6(8)^2/group.4473	16	eed0811c10d9ac882d5967d2c4605196	1	7
carat/tables/qcatalog/dim6/dir.4-1;1,1/ordnung.64/(2)^1(4)^14(8)^2/group.4546	64	9af02a78494d75dce0ce583a56325abe	1	22
carat/tables/qcatalog/dim6/dir.4-1;1,1/ordnung.64/(2)^1(4)^14(8)^2/group.4547	64	2fc6ebe77a2501940b3434f881eb4ea6	1	22
carat/tables/qcatalog/dim6/dir.4-1;1,1/ordnung.64/(2)^1(4)^14(8)^2/group.4548	64	e35adbf8d485490c4a358844b0fccf36	1	22
carat/tables/qcatalog/dim6/dir.4-1;1,1/ordnung.64/(2)^4(4)^4(8)^1/group.4549	64	92c5d76149faac5862385c508f459f8a	1	28
carat/tables/qcatalog/dim6/dir.4-1;1,1/ordnung.64/(2)^8(4)^8(8)^1/group.4550	64	4a907d27ade5c688dee7bb01ec3bbada	1	16
carat/tables/qcatalog/dim6/dir.4-1;1,1/ordnung.64/(2)^8(4)^8(8)^1/group.4551	64	4b4d18f98849ba7470479007ae40697e	1	16
carat/tables/qcatalog/dim6/dir.4-1;1,1/ordnung.64/(2)^8(4)^8(8)^1/group.4552	64	2493ee465e3db33d36deeb3325fc523b	1	13
carat/tables/qcatalog/dim6/dir.4-1;1,1/ordnung.64/(2)^8(4)^8(8)^1/group.4553	64	e35e1a009a0bf50adfe73d0868c0196c	1	16
carat/tables/qcatalog/dim6/dir.4-1;1,1/ordnung.64/(2)^8(4)^8(8)^1/group.4554	64	75b9f61aa27e4d11702fb8cb3b1b589f	1	13
carat/tables/qcatalog/dim6/dir.4-1;1,1/ordnung.64/(2)^8(4)^8(8)^1/group.4555	64	1538cf1d349c4a465bebe30101df2f78	1	16
carat/tables/qcatalog/dim6/dir.4-1;1,1/ordnung.64/(2)^8(4)^8(8)^1/group.4556	64	a4ce9acda58d386e2b44b0913b647e88	1	16
carat/tables/qcatalog/dim6/dir.4-1;1,1/ordnung.64/(2)^8(4)^8(8)^1/group.4557	64	3a075432de98cad5ccce0abcb8b1eafb	1	13
carat/tables/qcatalog/dim6/dir.4-1;1,1/ordnung.64/(2)^8(4)^8(8)^1/group.4558	64	c6ac7edcc06cecee9395024a622052d8	1	16
carat/tables/qcatalog/dim6/dir.4-1;1,1/ordnung.64/(2)^8(4)^8(8)^1/group.4559	64	eb67ec90ac66efd144bd1bc3ec587b57	1	13
carat/tables/qcatalog/dim6/dir.4-1;1,1/ordnung.64/(2)^8(4)^8(8)^1/group.4560	64	05ba1ba0a3813614edc908bae04cdc46	1	16
carat/tables/qcatalog/dim6/dir.4-1;1,1/ordnung.64/(2)^8(4)^8(8)^1/group.4561	64	bc1843555d3955f96272ef4ab9bce7bf	1	13
carat/tables/qcatalog/dim6/dir.4-1;1,1/ordnung.64/(2)^8(4)^8(8)^1/group.4562	64	bbcd87e7db0c2c0ec9cd616f4cc3a4c8	1	16
carat/tables/qcatalog/dim6/dir.4-1;1,1/ordnung.64/(2)^8(4)^8(8)^1/group.4563	64	4e1c119a4f8e990bf4f159ea769e4fc1	1	13
carat/tables/qcatalog/dim6/dir.4-1;1,1/ordnung.64/(2)^8(4)^8(8)^1/group.4564	64	74150e7ee16cf80bd6e08633e169cdc1	1	13
carat/tables/qcatalog/dim6/dir.4-1;1,1/ordnung.64/(2)^8(4)^8(8)^1/group.4565	64	fd8d55d28bf69c02cdccc7bf5077c44c	1	16
carat/tables/qcatalog/dim6/dir.3;3/ordnung.1152/(1)^8(2)^2(4)^8/group.4349	1152	64ffe38ea62b8bd757c0f2841e237d31	0	50
carat/tables/qcatalog/dim6/dir.3;3/ordnung.1152/(1)^8(2)^2(4)^8/group.4350	1152	a0fcfab071be46a34cc42b0752d4e3c5	0	50
carat/tables/qcatalog/dim6/dir.3;3/ordnung.1152/(1)^8(2)^2(4)^8/group.4351	1152	065b0ee2db9ff0436426c2bd5fa780bd	0	50
carat/tables/qcatalog/dim6/dir.3;3/ordnung.1152/(1)^8(2)^2(4)^8/group.4352	1152	850d77733544befb077350d41a885ab5	0	50
carat/tables/qcatalog/dim6/dir.3;3/ordnung.144/(1)^4(2)^1(4)^12(8)^1/group.4353	144	b12d9f6a26ae4a54e64d94ccba914f32	0	16
carat/tables/qcatalog/dim6/dir.3;3/ordnung.192/(2)^10(4)^8/group.4354	192	71fecb06040f54d4e78fac8d83b0220a	0	20
carat/tables/qcatalog/dim6/dir.3;3/ordnung.192/(2)^10(4)^8/group.4355	192	fd699ad8dfa3c1d62099dc8d6ec6761c	0	20
carat/tables/qcatalog/dim6/dir.3;3/ordnung.192/(2)^10(4)^8/group.4356	192	3d6a245552f91dec84a8caeac50784a2	0	20
carat/tables/qcatalog/dim6/dir.3;3/ordnung.192/(2)^6(4)^12/group.4357	192	98899fab09d612a27d42ef58004b4164	0	32
carat/tables/qcatalog/dim6/dir.3;3/ordnung.192/(2)^9(4)^8(8)^1/group.4358	192	f41f991a742aa7ca51a039a5c2d9ca90	0	20
carat/tables/qcatalog/dim6/dir.3;3/ordnung.2304/(1)^8(2)^2(4)^8/group.4359	2304	1f91c26d04ee25fd9f63c47af46770cb	0	100
carat/tables/qcatalog/dim6/dir.3;3/ordnung.24/(2)^6(8)^12/min.464	24	d4340205bc80736fa93b0db2ae2db129	0	5
carat/tables/qcatalog/dim6/dir.3;3/ordnung.24/(2)^6(8)^12/min.465	24	1b2da84d556af3e27a4c599c6e763d18	0	8
carat/tables/qcatalog/dim6/dir.3;3/ordnung.288/(1)^4(2)^1(4)^12(8)^1/group.4360	288	dd41161fa009bd60903ee9c74cd1a5fa	0	32
carat/tables/qcatalog/dim6/dir.3;3/ordnung.288/(1)^4(2)^2(4)^12/group.4361	288	a478b735860a6308a57c0bad6bb4f552	0	32
carat/tables/qcatalog/dim6/dir.3;3/ordnung.288/(1)^6(2)^1(4)^10(8)^1/group.4362	288	94f26f001fb9f79436f706355a1d784e	0	20
carat/tables/qcatalog/dim6/dir.3;3/ordnung.288/(1)^6(2)^1(4)^10(8)^1/group.4363	288	20e511a35cc5ce1458317fd2030f682e	0	20
carat/tables/qcatalog/dim6/dir.3;3/ordnung.288/(1)^6(2)^2(4)^10/group.4364	288	b08470681a562aa4bf8a269f9dbae3fe	0	20
carat/tables/qcatalog/dim6/dir.3;3/ordnung.288/(1)^6(2)^2(4)^10/group.4365	288	d3cb18bcefa5d67c30e327b81911169e	0	20
carat/tables/qcatalog/dim6/dir.3;3/ordnung.288/(1)^8(2)^1(4)^8(8)^1/group.4366	288	ce78083d6a9aa2d63d8d0161ae108e88	0	14
carat/tables/qcatalog/dim6/dir.4-1;1,1/ordnung.2304/(1)^8(2)^9/group.4491	2304	4e72aa8871ee084571166aa94db54b4f	1	50
carat/tables/qcatalog/dim6/dir.4-1;1,1/ordnung.24/(1)^2(2)^3(6)^3(24)^1/group.4492	24	780745d2dea8d481815d72b05d3031fb	1	7
carat/tables/qcatalog/dim6/dir.4-1;1,1/ordnung.24/(2)^3(4)^2/group.4493	24	537a85b9d733759162e4576475aefd8b	1	7
carat/tables/qcatalog/dim6/dir.4-1;1,1/ordnung.24/(2)^5(6)^4/group.4494	24	050fdda366ac1a9b5e7993279f66c119	1	15
carat/tables/qcatalog/dim6/dir.4-1;1,1/ordnung.24/(2)^5(6)^4/group.4495	24	790cf77a446890c3695ce140f7e5d369	1	15
carat/tables/qcatalog/dim6/dir.4-1;1,1/ordnung.24/(2)^5(6)^4/min.482	24	496a6a55d1ab6e5055ab9ba87c14d096	1	12
carat/tables/qcatalog/dim6/dir.4-1;1,1/ordnung.24/(2)^5(6)^4/min.483	24	c186ef70cd99a3b04e4c2bdb40cfbcb6	1	12
carat/tables/qcatalog/dim6/dir.4-1;1,1/ordnung.256/(2)^12(4)^4(8)^1/group.4496	256	ab6f67aa19bb86cfa54656d5e90b5921	1	40
carat/tables/qcatalog/dim6/dir.4-1;1,1/ordnung.288/(1)^4(2)^9(4)^4/group.4497	288	3940ca21139279d19f209279c9bd7dc7	1	25
carat/tables/qcatalog/dim6/dir.4-1;1,1/ordnung.288/(1)^8(2)^1(6)^8/group.4498	288	400d4dd30558fc421e5773a227ec14a8	1	30
carat/tables/qcatalog/dim6/dir.4-1;1,1/ordnung.32/(2)^1(4)^14(8)^2/group.4499	32	ed4df171812ead526bff3ce323ed8644	1	17
carat/tables/qcatalog/dim6/dir.4-1;1,1/ordnung.32/(2)^1(4)^14(8)^2/group.4500	32	58aaac56bda1f09eba5ea628958d3160	1	17
carat/tables/qcatalog/dim6/dir.4-1;1,1/ordnung.32/(2)^1(4)^14(8)^2/group.4501	32	bb51727614f19702038adc1662d777f4	1	11
carat/tables/qcatalog/dim6/dir.4-1;1,1/ordnung.32/(2)^1(4)^14(8)^2/group.4502	32	e1bb385375b546ca997372bc68021a6c	1	11
carat/tables/qcatalog/dim6/dir.4-1;1,1/ordnung.32/(2)^1(4)^14(8)^2/group.4503	32	eecdb0f4efd4ccaaa7ea883df6f5ee5c	1	17
carat/tables/qcatalog/dim6/dir.4-1;1,1/ordnung.32/(2)^1(4)^14(8)^2/group.4504	32	dfe459b0edcafdbeacba142949e565b8	1	11
carat/tables/qcatalog/dim6/dir.4-1;1,1/ordnung.32/(2)^1(4)^14(8)^2/group.4505	32	aa6ab28137100a24664eca59ff33e73e	1	11
carat/tables/qcatalog/dim6/dir.4-1;1,1/ordnung.32/(2)^1(4)^14(8)^2/group.4506	32	8fcd559cd91afd1c68f75d1380fc422e	1	11
carat/tables/qcatalog/dim6/dir.4-1;1,1/ordnung.32/(2)^1(4)^14(8)^2/group.4507	32	3bfc53014f55ad3a642de3854feb114c	1	11
carat/tables/qcatalog/dim6/dir.4-1;1,1/ordnung.32/(2)^1(4)^14(8)^2/group.4508	32	844d01d5a24c8a5600be355b888ec110	1	11
carat/tables/qcatalog/dim6/dir.4-1;1,1/ordnung.48/(1)^2(2)^3(6)^3(24)^1/group.4526	48	5ab5dd1666dc51771d20066e5257cc11	1	14
carat/tables/qcatalog/dim6/dir.4-1;1,1/ordnung.48/(1)^4(2)^5(6)^7(24)^1/group.4527	48	842f80d83512c447bb16b6ab81caf255	1	8
carat/tables/qcatalog/dim6/dir.4-1;1,1/ordnung.48/(1)^4(2)^5(6)^7(24)^1/group.4528	48	977309d84427c6f59d328c4cb81ead03	1	8
carat/tables/qcatalog/dim6/dir.4-1;1,1/ordnung.48/(2)^3(4)^2/group.4529	48	693ff39bd5d852eb1dbe44d7c83981e5	1	14
carat/tables/qcatalog/dim6/dir.4-1;1,1/ordnung.48/(2)^5(4)^4/group.4530	48	77c17c060c49b39d0c9e29a20d67ffc7	1	14
carat/tables/qcatalog/dim6/dir.4-1;1,1/ordnung.48/(2)^5(4)^4/group.4531	48	d372f682c704b173a88e412273fd1f55	1	14
carat/tables/qcatalog/dim6/dir.4-1;1,1/ordnung.48/(2)^5(4)^4/group.4532	48	d15cc488ef12c7f3c22e8b15e8c624d1	1	8
carat/tables/qcatalog/dim6/dir.4-1;1,1/ordnung.48/(2)^5(4)^4/group.4533	48	635566ecb834d4ed23f14ced2c1b810b	1	8
carat/tables/qcatalog/dim6/dir.4-1;1,1/ordnung.48/(2)^5(6)^4/group.4534	48	ecb95512aeac00a201a69803ec1553c8	1	30
carat/tables/qcatalog/dim6/dir.4-1;1,1/ordnung.48/(2)^5(6)^4/group.4535	48	8adf6b7450be35f60d27228adcd0bee8	1	24
carat/tables/qcatalog/dim6/dir.4-1;1,1/ordnung.48/(2)^9(6)^8/group.4536	48	a36f9ba171d2a1adee953286f36163d3	1	12
carat/tables/qcatalog/dim6/dir.4-1;1,1/ordnung.48/(2)^9(6)^8/group.4537	48	fd2edb476c51e3f1b19490796482fbef	1	12
carat/tables/qcatalog/dim6/dir.4-1;1,1/ordnung.48/(2)^9(6)^8/group.4538	48	5dc178dda3c6d879d10e6f949e3476ef	1	12
carat/tables/qcatalog/dim6/dir.4-1;1,1/ordnung.48/(2)^9(6)^8/group.4539	48	7cb99086f546929bb2b3266a887100c9	1	12
carat/tables/qcatalog/dim6/dir.4-1;1,1/ordnung.576/(1)^4(2)^9(4)^4/group.4540	576	19349504ee8d39a5161ec3bed5dd9193	1	50
carat/tables/qcatalog/dim6/dir.4-1;1,1/ordnung.576/(1)^6(2)^9(4)^2/group.4541	576	7b2cac50c6374dd896ccb941c45e9236	1	23
carat/tables/qcatalog/dim6/dir.4-1;1,1/ordnung.576/(1)^6(2)^9(4)^2/group.4542	576	498a05a88385a50238878ad114197be0	1	23
carat/tables/qcatalog/dim6/dir.4-1;1,1/ordnung.576/(1)^8(2)^9/group.4543	576	31d64be41058b35dbe118b0d19655bb3	1	20
carat/tables/qcatalog/dim6/dir.4-1;1,1/ordnung.576/(1)^8(2)^9/group.4544	576	9d2a7a31318842e9695f5b12edaaff57	1	20
carat/tables/qcatalog/dim6/dir.4-1;1,1/ordnung.64/(2)^1(4)^14(8)^2/group.4545	64	659f4d675b1f59dc6a89e37c864dc93e	1	34
carat/tables/qcatalog/dim6/dir.4-1;1,1/ordnung.32/(2)^1(4)^14(8)^2/group.4509	32	078ea66b5a0a1480eeb9b22d216e9e82	1	11
carat/tables/qcatalog/dim6/dir.4-1;1,1/ordnung.32/(2)^1(4)^14(8)^2/group.4510	32	615df789ecf5f24eee2a32559698b8f8	1	11
carat/tables/qcatalog/dim6/dir.4-1;1,1/ordnung.32/(2)^1(4)^14(8)^2/min.484	32	ee754756921ead08c6181c4e3fc4c2c2	1	11
carat/tables/qcatalog/dim6/dir.4-1;1,1/ordnung.32/(2)^1(4)^14(8)^2/min.485	32	1c62004f751e7a7892fbc1f889798802	1	11
carat/tables/qcatalog/dim6/dir.4-1;1,1/ordnung.32/(2)^1(4)^14(8)^2/min.486	32	4202f094a43c47062a989990a0ec6998	1	11
carat/tables/qcatalog/dim6/dir.4-1;1,1/ordnung.32/(2)^1(4)^6(8)^2/group.4511	32	d6ff5af855f472fb3adb2a5c837866d9	1	20
carat/tables/qcatalog/dim6/dir.4-1;1,1/ordnung.32/(2)^1(4)^6(8)^2/group.4512	32	868b3a7b174826afcf89e1885f23476d	1	20
carat/tables/qcatalog/dim6/dir.4-1;1,1/ordnung.32/(2)^1(4)^6(8)^2/group.4513	32	95d4d8e570bb8807014257cb800e15bd	1	14
carat/tables/qcatalog/dim6/dir.4-1;1,1/ordnung.32/(2)^4(4)^4(8)^1/group.4514	32	9be1ae9a0533d601ed4b16e0647a90af	1	14
carat/tables/qcatalog/dim6/dir.4-1;1,1/ordnung.32/(2)^4(4)^4(8)^1/group.4515	32	526e6bfe1f230503a7ad24840b7737b1	1	14
carat/tables/qcatalog/dim6/dir.4-1;1,1/ordnung.32/(2)^4(4)^4(8)^1/group.4516	32	7638784123f730b1bb6f7bd339c295af	1	14
carat/tables/qcatalog/dim6/dir.4-1;1,1/ordnung.32/(2)^4(4)^4(8)^1/group.4517	32	6cfac77a2b5f064b9938da92edda2c21	1	14
carat/tables/qcatalog/dim6/dir.4-1;1,1/ordnung.384/(1)^2(2)^12(4)^2(8)^1/group.4518	384	57744d6bc98e295f73bfd8e3f553723d	1	32
carat/tables/qcatalog/dim6/dir.4-1;1,1/ordnung.384/(1)^4(2)^10(4)^2(8)^1/group.4519	384	0e1caf0f6ad109978611c58c1d53cad9	1	26
carat/tables/qcatalog/dim6/dir.4-1;1,1/ordnung.384/(1)^4(2)^12(8)^1/group.4520	384	faa5743e5cf9f9bdcd0bd5459e289c23	1	20
carat/tables/qcatalog/dim6/dir.4-1;1,1/ordnung.384/(1)^4(2)^12(8)^1/group.4521	384	7e53fc3a1089e909eb7719e1dc354b67	1	20
carat/tables/qcatalog/dim6/dir.4-1;1,1/ordnung.384/(1)^4(2)^12(8)^1/group.4522	384	5665f20d5a110d97b67c4b8852a5b605	1	20
carat/tables/qcatalog/dim6/dir.4-1;1,1/ordnung.384/(1)^4(2)^12(8)^1/group.4523	384	78c234861a509fab41c201e273e39f79	1	20
carat/tables/qcatalog/dim6/dir.4-1;1,1/ordnung.384/(1)^4(2)^12(8)^1/group.4524	384	30060eecf00bc79bd93fefe475a371b5	1	26
carat/tables/qcatalog/dim6/dir.4-1;1,1/ordnung.384/(2)^17/group.4525	384	938f986a306ba87567d3618a2681882f	1	34
carat/tables/qcatalog/dim6/dir.4-1';2-2/ordnung.48/(1)^2(4)^7(12)^1/group.4434	48	2469531e9a56626f883e3d8067a95dcd	0	21
carat/tables/qcatalog/dim6/dir.4-1';2-2/ordnung.48/(1)^2(4)^7(12)^1/group.4435	48	3c5e089c9c71cbbf15215715c743847d	0	21
carat/tables/qcatalog/dim6/dir.4-1';2-2/ordnung.48/(1)^4(4)^2(12)^2/group.4436	48	ed1bf30f8acce65c45e721bc143dc4d2	0	24
carat/tables/qcatalog/dim6/dir.4-1';2-2/ordnung.48/(1)^4(4)^2(12)^2/group.4437	48	7767f9083975d56c95f38761d4724ad2	0	24
carat/tables/qcatalog/dim6/dir.4-1';2-2/ordnung.48/(1)^4(4)^2(12)^2/group.4438	48	7ae99625cabd9ceaff5092c4dfbc49b8	0	24
carat/tables/qcatalog/dim6/dir.4-1';2-2/ordnung.48/(1)^4(4)^6(12)^2/group.4439	48	0f9c8fb2d2f283a43bfd36d60020080e	0	12
carat/tables/qcatalog/dim6/dir.4-1';2-2/ordnung.48/(1)^4(4)^6(12)^2/group.4440	48	1a4fbf4177828c8095efb748c9e3953a	0	12
carat/tables/qcatalog/dim6/dir.4-1';2-2/ordnung.48/(1)^4(4)^6(12)^2/group.4441	48	db66d269cf4e610d166c746c5e7ec42f	0	15
carat/tables/qcatalog/dim6/dir.4-1';2-2/ordnung.48/(1)^4(4)^6(12)^2/group.4442	48	c6c720aa18e6bc51ba73bfb5baea1abb	0	15
carat/tables/qcatalog/dim6/dir.4-1';2-2/ordnung.96/(1)^2(4)^7(12)^1/group.4443	96	1b12df8296b9de9754be8ebd9be34c95	0	42
carat/tables/qcatalog/dim6/dir.4-1';2-2/ordnung.96/(1)^4(4)^2(12)^2/group.4444	96	91403a39b7a3b2dd6b0cb9b0a391546f	0	48
carat/tables/qcatalog/dim6/dir.4-1';2-2/ordnung.96/(1)^4(4)^6(12)^2/group.4445	96	e2b35628289b76755dae06d03cea16df	0	30
carat/tables/qcatalog/dim6/dir.4-1';2-2/ordnung.96/(1)^4(4)^6(12)^2/group.4446	96	12058b82e1d5366bc70519404b2f63a5	0	24
carat/tables/qcatalog/dim6/dir.4-1';2-2/ordnung.96/(1)^4(4)^6(12)^2/group.4447	96	432e33b34ca3983473bd8658966f7916	0	21
carat/tables/qcatalog/dim6/dir.4-1';2-2/ordnung.96/(1)^4(4)^6(12)^2/group.4448	96	e46d5cd39cf250c4f3167e5119f7a7be	0	21
carat/tables/qcatalog/dim6/dir.4-1';2-2/ordnung.96/(1)^4(4)^6(12)^2/group.4449	96	056b9d4e2019afc428f7604fc8e30206	0	21
carat/tables/qcatalog/dim6/dir.4-1;1,1/ordnung.1152/(1)^6(2)^9(4)^2/group.4450	1152	bc46ebcea9723959034b13643aefd39f	1	46
carat/tables/qcatalog/dim6/dir.4-1;1,1/ordnung.1152/(1)^8(2)^9/group.4451	1152	eae81ad65828c63b0e69769208b8d769	1	25
carat/tables/qcatalog/dim6/dir.4-1;1,1/ordnung.1152/(1)^8(2)^9/group.4452	1152	c9532890ba27e537810bae5a125aad41	1	40
carat/tables/qcatalog/dim6/dir.4-1;1,1/ordnung.1152/(1)^8(2)^9/group.4453	1152	b434a5ad6e29c73f387191440a74f0e5	1	25
carat/tables/qcatalog/dim6/dir.4-1;1,1/ordnung.64/(2)^8(4)^8(8)^1/group.4566	64	8c111a831c7149421d4fe36fbf9e21ec	1	16
carat/tables/qcatalog/dim6/dir.4-1;1,1/ordnung.72/(1)^4(2)^1(6)^4/group.4567	72	d58c77ff42c705c6e4cad8fcb679b13c	1	21
carat/tables/qcatalog/dim6/dir.4-1;1,1/ordnung.768/(1)^4(2)^12(8)^1/group.4568	768	e261467d97fc1c07c132bb60daefc67d	1	40
carat/tables/qcatalog/dim6/dir.4-1;1,1/ordnung.8/(2)^1(4)^2(8)^2/min.487	8	36346dd04fff29f9ce93f96b9a87d407	1	5
carat/tables/qcatalog/dim6/dir.4-1;1,1/ordnung.8/(2)^1(4)^2(8)^2/min.488	8	a4cc3f3405af6871d6fec3a5df3323e7	1	5
carat/tables/qcatalog/dim6/dir.4-1;1,1/ordnung.96/(1)^2(2)^10(4)^4(8)^1/group.4569	96	e7ab9d3feb67aaf26c9eec52ce97349c	1	11
carat/tables/qcatalog/dim6/dir.4-1;1,1/ordnung.96/(1)^4(2)^5(6)^7(24)^1/group.4570	96	fb5f2f3d53d78bf50bb3f3512ec77ca3	1	16
carat/tables/qcatalog/dim6/dir.4-1;1,1/ordnung.96/(2)^5(4)^4/group.4571	96	d94fa507b3925c7f51e8cec78ffdf0d9	1	28
carat/tables/qcatalog/dim6/dir.4-1;1,1/ordnung.96/(2)^5(4)^4/group.4572	96	ee5822d3bef18cbfbf96a3e5baedaa45	1	16
carat/tables/qcatalog/dim6/dir.4-1;1,1/ordnung.96/(2)^9(4)^8/group.4575	96	259104b05231d132e6e83c5022b59c98	1	19
carat/tables/qcatalog/dim6/dir.4-1;1,1/ordnung.96/(2)^9(4)^8/group.4576	96	feb4d6ae0508f5bab88670f508d2fa04	1	13
carat/tables/qcatalog/dim6/dir.4-1;1,1/ordnung.96/(2)^9(4)^8/group.4577	96	aca51db73dcbd21a49d8d3a539e7a638	1	19
carat/tables/qcatalog/dim6/dir.4-1;1,1/ordnung.96/(2)^9(4)^8/group.4578	96	0b298ede7a51f06ad17d1b8a28682c34	1	13
carat/tables/qcatalog/dim6/dir.4-1;1,1/ordnung.96/(2)^9(4)^8/group.4579	96	04a2f97eda62658c9fb9ad1eec08913e	1	13
carat/tables/qcatalog/dim6/dir.4-1;1,1/ordnung.96/(2)^9(6)^8/group.4580	96	269fa566f0c164bd44a007805ad63fb3	1	24
carat/tables/qcatalog/dim6/dir.4-1;1,1/ordnung.96/(2)^9/group.4573	96	1057496a2ee219bd6eff1b7df5a5a66b	1	16
carat/tables/qcatalog/dim6/dir.4-1;1,1/ordnung.96/(2)^9/group.4574	96	b48bc178fd77c45d974024a68e5c9b7b	1	16
carat/tables/qcatalog/dim6/dir.4-1;1;1/ordnung.1152/(1)^4(2)^10(4)^4/group.4581	1152	c3424d0cfcef9905e2d2e802ef6f15f3	1	100
carat/tables/qcatalog/dim6/dir.4-1;1;1/ordnung.1152/(1)^6(2)^10(4)^2/group.4582	1152	b514d0dd45c05375f064389d059e441f	1	46
carat/tables/qcatalog/dim6/dir.4-1;1;1/ordnung.1152/(1)^6(2)^10(4)^2/group.4583	1152	7ac30fb644637cd3387e7f3f446463cd	1	46
carat/tables/qcatalog/dim6/dir.4-1;1;1/ordnung.128/(2)^8(4)^8(8)^2/group.4644	128	67d19115c15c3e516055f4d9cbdeaa0b	1	32
carat/tables/qcatalog/dim6/dir.4-1;1;1/ordnung.144/(1)^4(2)^2(6)^4/group.4645	144	c6bcbd52732b2d005e192dee477dfd1a	1	42
carat/tables/qcatalog/dim6/dir.4-1;1;1/ordnung.144/(1)^8(2)^2(6)^8/group.4646	144	254c73ad457f40411eceace0dffb96f3	1	15
carat/tables/qcatalog/dim6/dir.4-1;1;1/ordnung.1536/(1)^4(2)^12(4)^2/group.4647	1536	9defc4b92556f19d17d78c25fa9ba38b	1	80
carat/tables/qcatalog/dim6/dir.4-1;1;1/ordnung.16/(2)^2(4)^2(8)^2/group.4648	16	357c00ecab6744177d63195dc82ec3bd	1	10
carat/tables/qcatalog/dim6/dir.4-1;1;1/ordnung.16/(2)^2(4)^2(8)^2/group.4649	16	741f3560ecaa726b7a029c505e882741	1	10
carat/tables/qcatalog/dim6/dir.4-1;1;1/ordnung.16/(2)^2(4)^4(8)^4/group.4650	16	ae679547caabd8279bf46c9f1f6b94e5	1	10
carat/tables/qcatalog/dim6/dir.4-1;1;1/ordnung.16/(2)^2(4)^4(8)^4/group.4651	16	b7fb6bcbf815050bc071da2f93744ed1	1	10
carat/tables/qcatalog/dim6/dir.4-1;1;1/ordnung.16/(2)^2(4)^4(8)^4/group.4652	16	1958f95215911f15754cc04da14b23b3	1	10
carat/tables/qcatalog/dim6/dir.4-1;1;1/ordnung.16/(2)^2(4)^4(8)^4/group.4653	16	9e9de43b9d59c6e9ae29d63eb291641f	1	10
carat/tables/qcatalog/dim6/dir.4-1;1;1/ordnung.16/(2)^2(4)^4(8)^4/group.4654	16	ccc55e9f3d61bf25bc4f46c9dd6e9c1b	1	10
carat/tables/qcatalog/dim6/dir.4-1;1;1/ordnung.16/(2)^2(4)^4(8)^4/group.4655	16	597564c3ed010ee55e606799d4d4524b	1	10
carat/tables/qcatalog/dim6/dir.4-1;1;1/ordnung.16/(2)^2(4)^4(8)^4/group.4656	16	01c4b8ab8ad40fa30dc198e461e72179	1	10
carat/tables/qcatalog/dim6/dir.4-1;1;1/ordnung.16/(2)^2(4)^4(8)^4/group.4657	16	f0fe8c8be433eeb80dfb5d5f3c66c242	1	7
carat/tables/qcatalog/dim6/dir.4-1;1;1/ordnung.16/(2)^2(4)^4(8)^4/group.4658	16	07a349c12dd379821e7e742a161f41ec	1	7
carat/tables/qcatalog/dim6/dir.4-1;1;1/ordnung.16/(2)^2(4)^4(8)^4/group.4659	16	46ea66334d89dba0d4d363ca34e1270a	1	7
carat/tables/qcatalog/dim6/dir.4-1;1;1/ordnung.16/(2)^2(4)^4(8)^4/group.4660	16	8666b23e7e918e1e659ff69c00a8b810	1	7
carat/tables/qcatalog/dim6/dir.4-1;1;1/ordnung.16/(2)^2(4)^4(8)^4/min.489	16	39bbe12d09536df56fa3cc539b8dbbdb	1	10
carat/tables/qcatalog/dim6/dir.4-1;1;1/ordnung.16/(2)^2(4)^4(8)^4/min.490	16	44478ff66738029d3af2a9713b54d703	1	10
carat/tables/qcatalog/dim6/dir.4-1;1;1/ordnung.16/(2)^2(4)^4(8)^4/min.491	16	fa1e0d9c32f7c59324a80fc9d8cc9dd1	1	10
carat/tables/qcatalog/dim6/dir.4-1;1;1/ordnung.128/(2)^12(4)^4(8)^2/group.4604	128	70fd7a360f17b45f9d169ca9e4c2d701	1	20
carat/tables/qcatalog/dim6/dir.4-1;1;1/ordnung.128/(2)^12(4)^4(8)^2/group.4605	128	81ebce423a37388b29e53b4bb297fd85	1	20
carat/tables/qcatalog/dim6/dir.4-1;1;1/ordnung.128/(2)^12(4)^4(8)^2/group.4606	128	82ed287c1023a8079caafb57b171d551	1	20
carat/tables/qcatalog/dim6/dir.4-1;1;1/ordnung.128/(2)^12(4)^4(8)^2/group.4607	128	abe1ff6cee99a3fd8bbceb21a641bc07	1	20
carat/tables/qcatalog/dim6/dir.4-1;1;1/ordnung.128/(2)^12(4)^4(8)^2/group.4608	128	e1645b3a47f5b369a9c02b7966e66b9b	1	20
carat/tables/qcatalog/dim6/dir.4-1;1;1/ordnung.128/(2)^12(4)^4(8)^2/group.4609	128	19f4b63b6dd820b5966179eb4d459bc7	1	20
carat/tables/qcatalog/dim6/dir.4-1;1;1/ordnung.128/(2)^2(4)^14(8)^2/group.4610	128	49bdf4128653a5efc5b28cb862161ab1	1	68
carat/tables/qcatalog/dim6/dir.4-1;1;1/ordnung.128/(2)^2(4)^14(8)^2/group.4611	128	ac161bedaf4f1ef966352851e58378eb	1	44
carat/tables/qcatalog/dim6/dir.4-1;1;1/ordnung.128/(2)^2(4)^14(8)^2/group.4612	128	31504af3731eb68747c974ec3f001979	1	44
carat/tables/qcatalog/dim6/dir.4-1;1;1/ordnung.128/(2)^2(4)^14(8)^2/group.4613	128	22462e77c1527d4d7bee923c8eec875f	1	44
carat/tables/qcatalog/dim6/dir.4-1;1;1/ordnung.128/(2)^4(4)^6/group.4614	128	3545631f276cdaabb4daf27b6d018ce5	1	56
carat/tables/qcatalog/dim6/dir.4-1;1;1/ordnung.128/(2)^8(4)^10/group.4615	128	93b3a020272d5ba73c453f7e279f8b09	1	32
carat/tables/qcatalog/dim6/dir.4-1;1;1/ordnung.128/(2)^8(4)^10/group.4616	128	ecb96a9f269201cfa3d899ba4e88a7b1	1	32
carat/tables/qcatalog/dim6/dir.4-1;1;1/ordnung.128/(2)^8(4)^10/group.4617	128	e41e61fadd9bd8d3bfcd7bd4937f951d	1	32
carat/tables/qcatalog/dim6/dir.4-1;1;1/ordnung.128/(2)^8(4)^10/group.4618	128	b1da5ddbcc742ac760ff4b2e6d768fa9	1	32
carat/tables/qcatalog/dim6/dir.4-1;1;1/ordnung.128/(2)^8(4)^10/group.4619	128	b83d6bdbc70c514f0ddbd3c465e71d91	1	32
carat/tables/qcatalog/dim6/dir.4-1;1;1/ordnung.128/(2)^8(4)^10/group.4620	128	4d802ed6ef3deefbe10e27fb13b22fad	1	32
carat/tables/qcatalog/dim6/dir.4-1;1;1/ordnung.128/(2)^8(4)^10/group.4621	128	cfaacb81c86756a7a5faa8bc5ef9fd89	1	32
carat/tables/qcatalog/dim6/dir.4-1;1;1/ordnung.128/(2)^8(4)^10/group.4622	128	2dbc48026f88d907931ff7df1fb22281	1	32
carat/tables/qcatalog/dim6/dir.4-1;1;1/ordnung.128/(2)^8(4)^10/group.4623	128	eb7caf5aac58ed0fc57a945360020249	1	26
carat/tables/qcatalog/dim6/dir.4-1;1;1/ordnung.128/(2)^8(4)^10/group.4624	128	7a28f2e45cae221bb902339ab46caaa5	1	26
carat/tables/qcatalog/dim6/dir.4-1;1;1/ordnung.128/(2)^8(4)^10/group.4625	128	c0de3594e7c31087cc0081a89039ac39	1	26
carat/tables/qcatalog/dim6/dir.4-1;1;1/ordnung.128/(2)^8(4)^10/group.4626	128	e0df765d143fb2e382a2d4acf0a27a45	1	26
carat/tables/qcatalog/dim6/dir.4-1;1;1/ordnung.128/(2)^8(4)^10/group.4627	128	04bd574825779da558b205d5b5df4adf	1	26
carat/tables/qcatalog/dim6/dir.4-1;1;1/ordnung.128/(2)^8(4)^10/group.4628	128	1feeac0d57a9797d198071a8cc1a4ca7	1	26
carat/tables/qcatalog/dim6/dir.4-1;1;1/ordnung.128/(2)^8(4)^10/group.4629	128	328955165f55ff5d0ad3eee4a25eebe7	1	26
carat/tables/qcatalog/dim6/dir.4-1;1;1/ordnung.128/(2)^8(4)^10/group.4630	128	0dd3ada1c39239a7fecbde9cf3b2d3c9	1	32
carat/tables/qcatalog/dim6/dir.4-1;1;1/ordnung.128/(2)^8(4)^10/group.4631	128	3a251a5a59e930c9ca88c9a35a213363	1	32
carat/tables/qcatalog/dim6/dir.4-1;1;1/ordnung.128/(2)^8(4)^8(8)^2/group.4632	128	21c85f8a081a208d4b579abbfe29055f	1	32
carat/tables/qcatalog/dim6/dir.4-1;1;1/ordnung.128/(2)^8(4)^8(8)^2/group.4633	128	c554aa981a9454cd9c5aca44bb892aaf	1	32
carat/tables/qcatalog/dim6/dir.4-1;1;1/ordnung.128/(2)^8(4)^8(8)^2/group.4634	128	59908ecde3d5a1a574e56f1ec608b9a7	1	32
carat/tables/qcatalog/dim6/dir.4-1;1;1/ordnung.128/(2)^8(4)^8(8)^2/group.4635	128	0ef2f080f2f306c1fa74c6f9e917921b	1	26
carat/tables/qcatalog/dim6/dir.4-1;1;1/ordnung.128/(2)^8(4)^8(8)^2/group.4636	128	2d4bf577946c93039eb787f57339c295	1	26
carat/tables/qcatalog/dim6/dir.4-1;1;1/ordnung.128/(2)^8(4)^8(8)^2/group.4637	128	26ac36968ab73547ed75cafd29afd8f9	1	32
carat/tables/qcatalog/dim6/dir.4-1;1;1/ordnung.128/(2)^8(4)^8(8)^2/group.4638	128	68a699c4a77d2c5b1a49bb87c660a6e5	1	32
carat/tables/qcatalog/dim6/dir.4-1;1;1/ordnung.128/(2)^8(4)^8(8)^2/group.4639	128	cca8bccb3aede0c59a5470c9275d11ff	1	26
carat/tables/qcatalog/dim6/dir.4-1;1;1/ordnung.128/(2)^8(4)^8(8)^2/group.4640	128	2d08234fda00b4513d9613241d094f73	1	26
carat/tables/qcatalog/dim6/dir.4-1;1;1/ordnung.128/(2)^8(4)^8(8)^2/group.4641	128	60c64a9462764f65cf1b404f9a01de9f	1	26
carat/tables/qcatalog/dim6/dir.4-1;1;1/ordnung.128/(2)^8(4)^8(8)^2/group.4642	128	16cb3405e550252f074b78a5f95b5189	1	32
carat/tables/qcatalog/dim6/dir.4-1;1;1/ordnung.128/(2)^8(4)^8(8)^2/group.4643	128	d9f01051e6e0433fb44e1c258c8b4901	1	32
carat/tables/qcatalog/dim6/dir.4-1;1;1/ordnung.32/(2)^2(4)^12(8)^4/group.4715	32	aa90bf5cc16bf9fc67e5fc4084f4b54a	1	17
carat/tables/qcatalog/dim6/dir.4-1;1;1/ordnung.32/(2)^2(4)^12(8)^4/group.4716	32	d71aa9b524e81da4a6aa4ab91804749a	1	17
carat/tables/qcatalog/dim6/dir.4-1;1;1/ordnung.32/(2)^2(4)^12(8)^4/group.4717	32	2e6607753a3a4ddc4672b427e8cc18e2	1	11
carat/tables/qcatalog/dim6/dir.4-1;1;1/ordnung.32/(2)^2(4)^12(8)^4/group.4718	32	5c0a5150c4d77422e685fa0d74080e00	1	17
carat/tables/qcatalog/dim6/dir.4-1;1;1/ordnung.32/(2)^2(4)^12(8)^4/group.4719	32	e4fd7efdda7324a06df2bcd99bfee64e	1	17
carat/tables/qcatalog/dim6/dir.4-1;1;1/ordnung.32/(2)^2(4)^12(8)^4/group.4720	32	dec1a5cd79f92544b777bcf35a290432	1	17
carat/tables/qcatalog/dim6/dir.4-1;1;1/ordnung.32/(2)^2(4)^12(8)^4/group.4721	32	fa696d449f38f5f432846c241060387a	1	17
carat/tables/qcatalog/dim6/dir.4-1;1;1/ordnung.32/(2)^2(4)^12(8)^4/group.4722	32	97a9b69f5d29da00eade0dcbb6cc6336	1	11
carat/tables/qcatalog/dim6/dir.4-1;1;1/ordnung.32/(2)^2(4)^12(8)^4/group.4723	32	59687363ae3c0b107735d0bcb0c2e4a6	1	11
carat/tables/qcatalog/dim6/dir.4-1;1;1/ordnung.32/(2)^2(4)^12(8)^4/group.4724	32	a69c2dfc7588041ccad93b7679d47c92	1	11
carat/tables/qcatalog/dim6/dir.4-1;1;1/ordnung.32/(2)^2(4)^12(8)^4/group.4725	32	b2b00725ed594d6e16a60241954bbf5c	1	11
carat/tables/qcatalog/dim6/dir.4-1;1;1/ordnung.32/(2)^2(4)^12(8)^4/group.4726	32	dabdd97252f6f6fcc2c5c3fc161ff6c2	1	11
carat/tables/qcatalog/dim6/dir.4-1;1;1/ordnung.32/(2)^2(4)^12(8)^4/group.4727	32	73edd85e440c488806585b114e8584f6	1	11
carat/tables/qcatalog/dim6/dir.4-1;1;1/ordnung.32/(2)^2(4)^12(8)^4/group.4728	32	f2308c47c86bc26463eb64a714e251da	1	11
carat/tables/qcatalog/dim6/dir.4-1;1;1/ordnung.32/(2)^2(4)^12(8)^4/group.4729	32	4a0905c6897fce84484bd3e3a8f9fa7a	1	11
carat/tables/qcatalog/dim6/dir.4-1;1;1/ordnung.32/(2)^2(4)^12(8)^4/group.4730	32	e98c3170846ed3dc1d556954cdd1f41a	1	11
carat/tables/qcatalog/dim6/dir.4-1;1;1/ordnung.32/(2)^2(4)^12(8)^4/group.4731	32	9a65bbe228fcf1c2efb2cdaac82c0480	1	17
carat/tables/qcatalog/dim6/dir.4-1;1;1/ordnung.32/(2)^2(4)^12(8)^4/group.4732	32	cb1796cb151e65ba392f25d7d86cb7c8	1	17
carat/tables/qcatalog/dim6/dir.4-1;1;1/ordnung.32/(2)^2(4)^12(8)^4/group.4733	32	9a6bb321b5754f4e6737849062c0b104	1	11
carat/tables/qcatalog/dim6/dir.4-1;1;1/ordnung.32/(2)^2(4)^12(8)^4/group.4734	32	97f99daaa403ccead9cc9075c4117e18	1	11
carat/tables/qcatalog/dim6/dir.4-1;1;1/ordnung.16/(2)^2(4)^4(8)^4/min.492	16	55afa0bafaf248a306ab0b0eab4518f1	1	10
carat/tables/qcatalog/dim6/dir.4-1;1;1/ordnung.16/(2)^2(4)^4(8)^4/min.493	16	6bf7d8ea49efdfe52ed7b995d9643f5b	1	10
carat/tables/qcatalog/dim6/dir.4-1;1;1/ordnung.16/(2)^2(4)^4(8)^4/min.494	16	4f4f9e678146de4d42156b08b2ec8783	1	10
carat/tables/qcatalog/dim6/dir.4-1;1;1/ordnung.16/(2)^2(4)^4(8)^4/min.495	16	075c4ef394a5cea2b2d541d28d0c3ba4	1	7
carat/tables/qcatalog/dim6/dir.4-1;1;1/ordnung.16/(2)^2(4)^4(8)^4/min.496	16	ecb8a5c9164ce0be6ddc44119ee114f8	1	7
carat/tables/qcatalog/dim6/dir.4-1;1;1/ordnung.16/(2)^2(8)^4/group.4661	16	0e0f61c37387cd0d173360afa02d50db	1	10
carat/tables/qcatalog/dim6/dir.4-1;1;1/ordnung.192/(1)^2(2)^10(4)^6/group.4662	192	423c263b0307e54dda2fbf4387c9bb2b	1	22
carat/tables/qcatalog/dim6/dir.4-1;1;1/ordnung.192/(1)^2(2)^12(4)^2(8)^2/group.4663	192	8b7fb199dfcaf369bb70f00e2f7a8e7f	1	16
carat/tables/qcatalog/dim6/dir.4-1;1;1/ordnung.192/(1)^4(2)^10(4)^4/group.4664	192	0e24e33f6205764e1e5ee4af3dce7494	1	13
carat/tables/qcatalog/dim6/dir.4-1;1;1/ordnung.192/(1)^4(2)^12(8)^2/group.4665	192	9e41c9b24b90566eb4775f9c44f6161c	1	13
carat/tables/qcatalog/dim6/dir.4-1;1;1/ordnung.192/(1)^4(2)^6(6)^6(12)^2/group.4666	192	8d4131d9b5468aaa368e40462769eb30	1	32
carat/tables/qcatalog/dim6/dir.4-1;1;1/ordnung.192/(2)^10(4)^8/group.4670	192	a872ea471a1dd07af3e348e6f532396c	1	38
carat/tables/qcatalog/dim6/dir.4-1;1;1/ordnung.192/(2)^10(4)^8/group.4671	192	080a6b35f9981f5ef7f014378efb4c98	1	38
carat/tables/qcatalog/dim6/dir.4-1;1;1/ordnung.192/(2)^10(4)^8/group.4672	192	4952a66c9b986de202fd15d8790b643c	1	38
carat/tables/qcatalog/dim6/dir.4-1;1;1/ordnung.192/(2)^10(4)^8/group.4673	192	98c773fc372f2d9651276c566854cc3c	1	26
carat/tables/qcatalog/dim6/dir.4-1;1;1/ordnung.192/(2)^10(4)^8/group.4674	192	0fba3bc64729253eb95b637ef93f4ca4	1	26
carat/tables/qcatalog/dim6/dir.4-1;1;1/ordnung.192/(2)^10(4)^8/group.4675	192	1621f0de7c940562bcd605ad651948e8	1	26
carat/tables/qcatalog/dim6/dir.4-1;1;1/ordnung.192/(2)^10(4)^8/group.4676	192	f8c7f67247f4d30862f43fbe9413dcb6	1	26
carat/tables/qcatalog/dim6/dir.4-1;1;1/ordnung.192/(2)^10(4)^8/group.4677	192	9ae8d4c01887a5689fd6b6c3837c7386	1	26
carat/tables/qcatalog/dim6/dir.4-1;1;1/ordnung.192/(2)^10(6)^8/group.4678	192	84fb2359dca1a80ed06541a253ea8c1c	1	48
carat/tables/qcatalog/dim6/dir.4-1;1;1/ordnung.32/(2)^2(4)^12(8)^4/group.4735	32	a106e19e4d916a46f5390a58219f0c24	1	11
carat/tables/qcatalog/dim6/dir.4-1;1;1/ordnung.32/(2)^2(4)^12(8)^4/group.4736	32	4f52532dd2d60886b339b28265f30884	1	11
carat/tables/qcatalog/dim6/dir.4-1;1;1/ordnung.32/(2)^2(4)^12(8)^4/group.4737	32	b120504154d5adba807009a3524d9b28	1	11
carat/tables/qcatalog/dim6/dir.4-1;1;1/ordnung.32/(2)^2(4)^12(8)^4/group.4738	32	b4daef081f5b34e0701e34b460a878e6	1	11
carat/tables/qcatalog/dim6/dir.4-1;1;1/ordnung.32/(2)^2(4)^12(8)^4/group.4739	32	fd258ead31880ffc93a71eb4cd992a4a	1	11
carat/tables/qcatalog/dim6/dir.4-1;1;1/ordnung.32/(2)^2(4)^12(8)^4/group.4740	32	c5abdcbfc110901851be1f14b5ef9f96	1	11
carat/tables/qcatalog/dim6/dir.4-1;1;1/ordnung.32/(2)^2(4)^12(8)^4/group.4741	32	88540477e998c0881c580e3fbf4a7f6e	1	11
carat/tables/qcatalog/dim6/dir.4-1;1;1/ordnung.32/(2)^2(4)^12(8)^4/group.4742	32	5166848fa5324680ebb065014eb3fa1e	1	11
carat/tables/qcatalog/dim6/dir.4-1;1;1/ordnung.32/(2)^2(4)^12(8)^4/group.4743	32	9cd69c73a0b52d048dc50421ea9b76b2	1	11
carat/tables/qcatalog/dim6/dir.4-1;1;1/ordnung.32/(2)^2(4)^12(8)^4/group.4744	32	e8aa30ffd3ebb764d7583476b2ad0eca	1	11
carat/tables/qcatalog/dim6/dir.4-1;1;1/ordnung.32/(2)^2(4)^12(8)^4/min.498	32	40d5f91fdc16f3b81951b1979c91ddc6	1	11
carat/tables/qcatalog/dim6/dir.4-1;1;1/ordnung.32/(2)^2(4)^12(8)^4/min.499	32	b7847792135f5290f31adb1317f5f7ce	1	11
carat/tables/qcatalog/dim6/dir.4-1;1;1/ordnung.32/(2)^2(4)^12(8)^4/min.500	32	909d47207478b0083be8aa7e93b8e89e	1	11
carat/tables/qcatalog/dim6/dir.4-1;1;1/ordnung.32/(2)^2(4)^12(8)^4/min.501	32	e5825c9f58cd8fb86d7c167749a4f546	1	11
carat/tables/qcatalog/dim6/dir.4-1;1;1/ordnung.32/(2)^2(4)^2(8)^2/group.4745	32	2d5e12456d95b1af4f218d88a6cf4369	1	20
carat/tables/qcatalog/dim6/dir.4-1;1;1/ordnung.32/(2)^2(4)^4(8)^4/group.4746	32	96a91135b7f6f2aba3662673393dd42d	1	20
carat/tables/qcatalog/dim6/dir.4-1;1;1/ordnung.32/(2)^2(4)^4(8)^4/group.4747	32	c881523a4ff7e21fba4a2e7dda5ead91	1	20
carat/tables/qcatalog/dim6/dir.4-1;1;1/ordnung.32/(2)^2(4)^4(8)^4/group.4748	32	41219d2ccd200c3b360821ac6bfeaf65	1	20
carat/tables/qcatalog/dim6/dir.4-1;1;1/ordnung.32/(2)^2(4)^4(8)^4/group.4749	32	a90c829725dcbf939424ef20ca5d720d	1	20
carat/tables/qcatalog/dim6/dir.4-1;1;1/ordnung.32/(2)^2(4)^4(8)^4/group.4750	32	3548fd9f6e59c48ba16874b2729242f5	1	14
carat/tables/qcatalog/dim6/dir.3;2-2;1/ordnung.576/(1)^8(2)^1(4)^3(12)^1(24)^1/group.4289	576	a90bd2cc6caef6adc86eefb4feb9ee37	1	60
carat/tables/qcatalog/dim6/dir.3;2-2;1/ordnung.576/(1)^8(2)^2(4)^1(12)^2(36)^1/group.4290	576	7e2288aff60ec803efa506996b358e45	1	60
carat/tables/qcatalog/dim6/dir.3;2-2;1/ordnung.576/(1)^8(2)^2(4)^2(12)^2/group.4291	576	fb1c0f617005e2052a1a39dbc1533b8f	1	60
carat/tables/qcatalog/dim6/dir.3;2-2;1/ordnung.576/(1)^8(2)^2(4)^2(12)^2/group.4292	576	6c03bf76022d03ffb75489f6b8037e39	1	60
carat/tables/qcatalog/dim6/dir.3;2-2;1/ordnung.576/(1)^8(2)^2(4)^2(12)^2/group.4293	576	7ae7d12342b42e65d8f9b231375141e7	1	60
carat/tables/qcatalog/dim6/dir.3;2-2;1/ordnung.576/(1)^8(2)^2(4)^2(12)^2/group.4294	576	ee81d188fe405837cd614111b3dc45a9	1	60
carat/tables/qcatalog/dim6/dir.3;2-2;1/ordnung.576/(1)^8(2)^2(4)^2(12)^2/group.4295	576	7660a6ba9fa9723bb8c2f9f3f4d5d051	1	72
carat/tables/qcatalog/dim6/dir.3;2-2;1/ordnung.576/(1)^8(2)^2(4)^2(12)^2/group.4296	576	a6eff7491ccc1e3f81bc3c36945be051	1	60
carat/tables/qcatalog/dim6/dir.3;2-2;1/ordnung.576/(1)^8(2)^2(4)^2(12)^2/group.4297	576	fac49d599dd7c8a795c3a32ba4fb25a9	1	60
carat/tables/qcatalog/dim6/dir.3;2-2;1/ordnung.576/(1)^8(2)^2(4)^2(12)^2/group.4298	576	2e67cdd5542f3d919bfd23cd8244182b	1	60
carat/tables/qcatalog/dim6/dir.3;2-2;1/ordnung.576/(1)^8(2)^2(4)^2(12)^2/group.4299	576	e448e2160c603091338f41555e0a1f5b	1	60
carat/tables/qcatalog/dim6/dir.3;2-2;1/ordnung.576/(1)^8(2)^2(4)^2(12)^2/group.4300	576	cbe973b19d6e3371ba2fbfd70f10e3a3	1	60
carat/tables/qcatalog/dim6/dir.3;2-2;1/ordnung.576/(1)^8(2)^2(4)^2(12)^2/group.4301	576	6432f5e1ba5ec959ffe2e0c9ee1e5803	1	60
carat/tables/qcatalog/dim6/dir.3;2-2;1/ordnung.576/(1)^8(2)^2(4)^2(12)^2/group.4302	576	8b05133e6c03b1bf2d5a000bdc206399	1	60
carat/tables/qcatalog/dim6/dir.3;2-2;1/ordnung.576/(1)^8(2)^2(4)^2(12)^2/group.4303	576	e26c4fddf097d32d8249dae5fbfde11f	1	60
carat/tables/qcatalog/dim6/dir.3;2-2;1/ordnung.576/(1)^8(2)^2(4)^2(12)^2/group.4304	576	d5121a2abcf46a6523ae5ed30c62d177	1	60
carat/tables/qcatalog/dim6/dir.3;2-2;1/ordnung.576/(1)^8(2)^2(4)^2(12)^2/group.4305	576	5e6594170c2d5d47a100314ab6f07c29	1	60
carat/tables/qcatalog/dim6/dir.3;2-2;1/ordnung.576/(1)^8(2)^2(4)^2(12)^2/group.4306	576	90e09eb65acaaa757bd68690523ae727	1	60
carat/tables/qcatalog/dim6/dir.3;2-2;1/ordnung.576/(1)^8(2)^2(4)^2(12)^2/group.4307	576	26fcc034e881a509cb64b91fd068eff3	1	60
carat/tables/qcatalog/dim6/dir.3;2-2;1/ordnung.576/(1)^8(2)^2(4)^2(12)^2/group.4308	576	82be361ece7cb61f1dc15a546cf5aeb9	1	60
carat/tables/qcatalog/dim6/dir.4-1;1;1/ordnung.32/(2)^2(4)^4(8)^4/group.4751	32	48c7726ef1c31583f373de2917cd3535	1	14
carat/tables/qcatalog/dim6/dir.4-1;1;1/ordnung.32/(2)^2(4)^4(8)^4/group.4752	32	c2f4169d05b8bad52c20eb0d2b8fe5f7	1	20
carat/tables/qcatalog/dim6/dir.4-1;1;1/ordnung.32/(2)^2(4)^4(8)^4/group.4753	32	2458389cd9de76612807972569d7bbdb	1	14
carat/tables/qcatalog/dim6/dir.4-1;1;1/ordnung.32/(2)^2(4)^6(8)^2/group.4754	32	0d53c6ac2d7e5fa1a4a60f8d966c4dab	1	20
carat/tables/qcatalog/dim6/dir.4-1;1;1/ordnung.32/(2)^2(4)^6(8)^2/group.4755	32	a7944da3f9145555c29355eae8bfe487	1	20
carat/tables/qcatalog/dim6/dir.4-1;1;1/ordnung.32/(2)^2(4)^6(8)^2/group.4756	32	8b9119c8ae9256010b868ea323f8d693	1	20
carat/tables/qcatalog/dim6/dir.4-1;1;1/ordnung.32/(2)^2(4)^6(8)^2/group.4757	32	4825090b881c72258bf736ea0187ac7f	1	20
carat/tables/qcatalog/dim6/dir.4-1;1;1/ordnung.32/(2)^2(4)^6(8)^2/group.4758	32	60b04bc71ef8c9296b0032a3b71a736b	1	20
carat/tables/qcatalog/dim6/dir.4-1;1;1/ordnung.32/(2)^2(4)^6(8)^2/group.4759	32	83880d03ed6dfd39d5d0560622fef1fb	1	20
carat/tables/qcatalog/dim6/dir.4-1;1;1/ordnung.32/(2)^2(4)^6(8)^2/group.4760	32	2e6c50c005c8b3616840c477f3ccefdb	1	14
carat/tables/qcatalog/dim6/dir.4-1;1;1/ordnung.32/(2)^2(4)^6(8)^2/group.4761	32	4efc80f21deca7f10d2e53f3140c5c23	1	14
carat/tables/qcatalog/dim6/dir.4-1;1;1/ordnung.32/(2)^2(4)^6(8)^2/group.4762	32	7ee80a530453530ba40d0b8c4d5a0185	1	14
carat/tables/qcatalog/dim6/dir.4-1;1;1/ordnung.32/(2)^2(4)^6(8)^2/group.4763	32	07e2a6f0d4dd908bd90baee8d4e5ea1d	1	14
carat/tables/qcatalog/dim6/dir.4-1;1;1/ordnung.32/(2)^2(4)^6(8)^2/group.4764	32	18a2a1ccfe5c949fbdc06384a5842561	1	20
carat/tables/qcatalog/dim6/dir.4-1;1;1/ordnung.32/(2)^4(4)^4(8)^2/group.4765	32	3810b417d5d2515742271dc990792de9	1	14
carat/tables/qcatalog/dim6/dir.4-1;1;1/ordnung.32/(2)^4(4)^4(8)^2/group.4766	32	07ff8c40b42db15f2025a44a00a56fb9	1	14
carat/tables/qcatalog/dim6/dir.4-1;1;1/ordnung.32/(2)^4(4)^4(8)^2/group.4767	32	38390975cc78e16d88001d687a63394f	1	14
carat/tables/qcatalog/dim6/dir.4-1;1;1/ordnung.32/(2)^4(4)^4(8)^2/group.4768	32	4669ee1792e85baf32f878342d5da281	1	14
carat/tables/qcatalog/dim6/dir.4-1;1;1/ordnung.32/(2)^4(4)^4(8)^2/group.4769	32	30e0c6b81e7cd4a17044e21aed0af2db	1	14
carat/tables/qcatalog/dim6/dir.4-1;1;1/ordnung.32/(2)^4(4)^4(8)^2/group.4770	32	4bb31ffecc226af10a4cce12ffc6ea9b	1	14
carat/tables/qcatalog/dim6/dir.4-1;1;1/ordnung.1152/(1)^6(2)^10(4)^2/group.4584	1152	66034aba2fb33731303af94403233abb	1	46
carat/tables/qcatalog/dim6/dir.4-1;1;1/ordnung.1152/(1)^8(2)^10/group.4585	1152	b7e232c6678f61e5fbb0c3a54132da17	1	25
carat/tables/qcatalog/dim6/dir.4-1;1;1/ordnung.1152/(1)^8(2)^10/group.4586	1152	ce03c3c90a3921d1bffc47d2eda28a2b	1	25
carat/tables/qcatalog/dim6/dir.4-1;1;1/ordnung.1152/(1)^8(2)^10/group.4587	1152	c2d816e739dc5d8d73bc2fb3462a1e0f	1	25
carat/tables/qcatalog/dim6/dir.4-1;1;1/ordnung.1152/(1)^8(2)^10/group.4588	1152	1db16b291ef827197c63646ab31cbeaf	1	40
carat/tables/qcatalog/dim6/dir.4-1;1;1/ordnung.1152/(1)^8(2)^10/group.4589	1152	cd5da04c54b1ca3de60ecf20851b151b	1	40
carat/tables/qcatalog/dim6/dir.4-1;1;1/ordnung.1152/(1)^8(2)^10/group.4590	1152	25196a2418779d990d02419f963264c7	1	40
carat/tables/qcatalog/dim6/dir.4-1;1;1/ordnung.1152/(1)^8(2)^10/group.4591	1152	9c3f9b6e945a426d08be15519ad1fa7f	1	25
carat/tables/qcatalog/dim6/dir.4-1;1;1/ordnung.128/(2)^12(4)^4(8)^2/group.4592	128	0eb54ca8c39a93e3a14fb34aabe7cb4d	1	20
carat/tables/qcatalog/dim6/dir.4-1;1;1/ordnung.128/(2)^12(4)^4(8)^2/group.4593	128	9a181c96a43bf0ad8e870df98c3797ff	1	20
carat/tables/qcatalog/dim6/dir.4-1;1;1/ordnung.128/(2)^12(4)^4(8)^2/group.4594	128	d6c71699087964d93ce21765844c7bf3	1	20
carat/tables/qcatalog/dim6/dir.4-1;1;1/ordnung.128/(2)^12(4)^4(8)^2/group.4595	128	ec9403d9b54f93652c565bb764946ecf	1	20
carat/tables/qcatalog/dim6/dir.4-1;1;1/ordnung.128/(2)^12(4)^4(8)^2/group.4596	128	89c66c45be80dad9b346e578c2d3610b	1	20
carat/tables/qcatalog/dim6/dir.4-1;1;1/ordnung.128/(2)^12(4)^4(8)^2/group.4597	128	6f930b7da6f0cce1cb02aaa58cf8e4b3	1	20
carat/tables/qcatalog/dim6/dir.4-1;1;1/ordnung.128/(2)^12(4)^4(8)^2/group.4598	128	5ee3c00fab6c112fcecf6291d7a9fec9	1	20
carat/tables/qcatalog/dim6/dir.4-1;1;1/ordnung.128/(2)^12(4)^4(8)^2/group.4599	128	3ae0bc195a3eeaf5b2e9e3cedcba359f	1	20
carat/tables/qcatalog/dim6/dir.4-1;1;1/ordnung.128/(2)^12(4)^4(8)^2/group.4600	128	ee7c081a5968986b413dd68340da3165	1	20
carat/tables/qcatalog/dim6/dir.4-1;1;1/ordnung.128/(2)^12(4)^4(8)^2/group.4601	128	2fd1dc926af8df216159676465a4d873	1	20
carat/tables/qcatalog/dim6/dir.4-1;1;1/ordnung.128/(2)^12(4)^4(8)^2/group.4602	128	28f68cce707a41a5b50e54ebec95e7af	1	20
carat/tables/qcatalog/dim6/dir.4-1;1;1/ordnung.128/(2)^12(4)^4(8)^2/group.4603	128	fcda956c3564eff39b6310082063a695	1	20
carat/tables/qcatalog/dim6/dir.4-1;1;1/ordnung.64/(2)^2(4)^14(8)^2/group.4831	64	4e38f18f811548fae352d40d5a4cf360	1	34
carat/tables/qcatalog/dim6/dir.4-1;1;1/ordnung.64/(2)^2(4)^14(8)^2/group.4832	64	210bbab22d4ca13a31983b5f8be00d68	1	34
carat/tables/qcatalog/dim6/dir.4-1;1;1/ordnung.64/(2)^2(4)^14(8)^2/group.4833	64	ced3f9b1d7d95e62810bdf47f4e01688	1	22
carat/tables/qcatalog/dim6/dir.4-1;1;1/ordnung.64/(2)^2(4)^14(8)^2/group.4834	64	3d7086590c0a1052902e83a91b65fbd8	1	22
carat/tables/qcatalog/dim6/dir.4-1;1;1/ordnung.64/(2)^2(4)^14(8)^2/group.4835	64	209304dd0439242eb6239123860f06c4	1	22
carat/tables/qcatalog/dim6/dir.4-1;1;1/ordnung.64/(2)^2(4)^14(8)^2/group.4836	64	adc379084f5eb9c21ec7a716054b2d58	1	34
carat/tables/qcatalog/dim6/dir.4-1;1;1/ordnung.64/(2)^2(4)^14(8)^2/group.4837	64	4ac97c0bb515319ea9c03e0ae4eb48e4	1	22
carat/tables/qcatalog/dim6/dir.4-1;1;1/ordnung.64/(2)^2(4)^14(8)^2/group.4838	64	6c5db4ecc89a14667585258e2f3e6444	1	22
carat/tables/qcatalog/dim6/dir.4-1;1;1/ordnung.64/(2)^2(4)^14(8)^2/group.4839	64	5112822562691ca0290af68b792fd1ce	1	22
carat/tables/qcatalog/dim6/dir.4-1;1;1/ordnung.64/(2)^2(4)^14(8)^2/group.4840	64	9710c2baa0c2438e5a354553d2d42604	1	22
carat/tables/qcatalog/dim6/dir.4-1;1;1/ordnung.64/(2)^2(4)^14(8)^2/group.4841	64	910c650638769fca056a7104b2437e18	1	22
carat/tables/qcatalog/dim6/dir.4-1;1;1/ordnung.64/(2)^2(4)^14(8)^2/group.4842	64	3ef0c7694f8fd9c099887a6a1fd95a66	1	22
carat/tables/qcatalog/dim6/dir.4-1;1;1/ordnung.64/(2)^2(4)^14(8)^2/group.4843	64	5af2a7cf8c590ef0f1a6ecdbc5b04686	1	22
carat/tables/qcatalog/dim6/dir.4-1;1;1/ordnung.64/(2)^2(4)^14(8)^2/group.4844	64	14c8805175f434c4aa870e0b6f5f373a	1	22
carat/tables/qcatalog/dim6/dir.4-1;1;1/ordnung.64/(2)^2(4)^14(8)^2/group.4845	64	caa12fc46fd5333e69a0a6dcb34f3e24	1	22
carat/tables/qcatalog/dim6/dir.4-1;1;1/ordnung.64/(2)^2(4)^6(8)^2/group.4846	64	3174275257afa744bb03b41a875f8d3a	1	40
carat/tables/qcatalog/dim6/dir.4-1;1;1/ordnung.64/(2)^2(4)^6(8)^2/group.4847	64	61b5ca59f7e8a70cef0bfbf2897f1d6a	1	40
carat/tables/qcatalog/dim6/dir.4-1;1;1/ordnung.64/(2)^2(4)^6(8)^2/group.4848	64	03c1d6d700c6ce8eb83e0f8a30cb4cf4	1	28
carat/tables/qcatalog/dim6/dir.4-1;1;1/ordnung.64/(2)^4(4)^4(8)^2/group.4849	64	cdc30d05429f7f00d824ab98c0d896d6	1	28
carat/tables/qcatalog/dim6/dir.4-1;1;1/ordnung.64/(2)^4(4)^4(8)^2/group.4850	64	5c3378b14cad31f044fc5bec9ab299ce	1	28
carat/tables/qcatalog/dim6/dir.4-1;1;1/ordnung.64/(2)^4(4)^4(8)^2/group.4851	64	de81c59962beadb294989b217596a6f8	1	28
carat/tables/qcatalog/dim6/dir.4-1;1;1/ordnung.64/(2)^4(4)^6/group.4852	64	fb03ae2d7acd284675e026f1404d3274	1	28
carat/tables/qcatalog/dim6/dir.4-1;1;1/ordnung.64/(2)^4(4)^6/group.4853	64	0af9de44156696125895112d7c0fdfa0	1	28
carat/tables/qcatalog/dim6/dir.4-1;1;1/ordnung.64/(2)^4(4)^6/group.4854	64	2a7a2bb81c1c54606c684357af46f32e	1	28
carat/tables/qcatalog/dim6/dir.4-1;1;1/ordnung.64/(2)^4(4)^6/group.4855	64	971acf61b9deb98c19e48eb9c58d389a	1	28
carat/tables/qcatalog/dim6/dir.4-1;1;1/ordnung.64/(2)^8(4)^8(8)^2/group.4856	64	253702ef6c228802d346e96449f76df0	1	16
carat/tables/qcatalog/dim6/dir.4-1;1;1/ordnung.64/(2)^8(4)^8(8)^2/group.4857	64	4968183645cb2533c1350e13d642d8fd	1	13
carat/tables/qcatalog/dim6/dir.4-1;1;1/ordnung.64/(2)^8(4)^8(8)^2/group.4858	64	4b8ef301cbc9474baff48e8afc56618d	1	13
carat/tables/qcatalog/dim6/dir.4-1;1;1/ordnung.64/(2)^8(4)^8(8)^2/group.4859	64	9b20f5d39725d2cbb8e4752112caf8d5	1	13
carat/tables/qcatalog/dim6/dir.4-1;1;1/ordnung.64/(2)^8(4)^8(8)^2/group.4860	64	f7bbc1637d9bf2c914455c5a0b8d9ceb	1	13
carat/tables/qcatalog/dim6/dir.4-1;1;1/ordnung.64/(2)^8(4)^8(8)^2/group.4861	64	330700396620e58492b6abac77a520fa	1	16
carat/tables/qcatalog/dim6/dir.4-1;1;1/ordnung.64/(2)^8(4)^8(8)^2/group.4862	64	b2ab5daa2c47fe7a342e9f76eddf0ba8	1	16
carat/tables/qcatalog/dim6/dir.4-1;1;1/ordnung.64/(2)^8(4)^8(8)^2/group.4863	64	3568351c52eb403ecb9709af18100a54	1	16
carat/tables/qcatalog/dim6/dir.4-1;1;1/ordnung.64/(2)^8(4)^8(8)^2/group.4864	64	95cb0f4f459a3ba0e2020ac4ce4e07f6	1	16
carat/tables/qcatalog/dim6/dir.4-1;1;1/ordnung.64/(2)^8(4)^8(8)^2/group.4865	64	b3b20342451b2f98ee391c29c441854e	1	16
carat/tables/qcatalog/dim6/dir.4-1;1;1/ordnung.64/(2)^8(4)^8(8)^2/group.4866	64	9a7c9fba6815e28c8b66292c2d7f9aba	1	16
carat/tables/qcatalog/dim6/dir.4-1;1;1/ordnung.64/(2)^8(4)^8(8)^2/group.4867	64	a474b996db460dc68143bec4175b6aa4	1	16
carat/tables/qcatalog/dim6/dir.4-1;1;1/ordnung.64/(2)^8(4)^8(8)^2/group.4868	64	f417f9f805c5c8207a21e0257599ef66	1	16
carat/tables/qcatalog/dim6/dir.4-1;1;1/ordnung.64/(2)^8(4)^8(8)^2/group.4869	64	b2b944e2b65c1f547a54d81aca214c12	1	16
carat/tables/qcatalog/dim6/dir.4-1;1;1/ordnung.64/(2)^8(4)^8(8)^2/group.4870	64	b5ded4acc1e13ae3eae660ffe0c9473d	1	13
carat/tables/qcatalog/dim6/dir.4-1;1;1/ordnung.64/(2)^8(4)^8(8)^2/group.4871	64	180b231d540c4077d32a33b8f73051b9	1	13
carat/tables/qcatalog/dim6/dir.4-1;1;1/ordnung.64/(2)^8(4)^8(8)^2/group.4872	64	cc29660dfa81cd4dbcb4b9b64f80ff1f	1	13
carat/tables/qcatalog/dim6/dir.4-1;1;1/ordnung.64/(2)^8(4)^8(8)^2/group.4873	64	2c367aabe66b34bdbdd7800aae70163f	1	13
carat/tables/qcatalog/dim6/dir.4-1;1;1/ordnung.64/(2)^8(4)^8(8)^2/group.4874	64	27e6d76378effa81db1ed48e45e841a3	1	13
carat/tables/qcatalog/dim6/dir.4-1;1;1/ordnung.64/(2)^8(4)^8(8)^2/group.4875	64	66c65a8cd0c2fff5d403be0e139a242f	1	13
carat/tables/qcatalog/dim6/dir.4-1;1;1/ordnung.64/(2)^8(4)^8(8)^2/group.4876	64	d684859edac2526cd7c35df55a40706a	1	16
carat/tables/qcatalog/dim6/dir.4-1;1;1/ordnung.64/(2)^8(4)^8(8)^2/group.4877	64	f66299214e5386bc7847a8e6a408afc2	1	16
carat/tables/qcatalog/dim6/dir.4-1;1;1/ordnung.64/(2)^8(4)^8(8)^2/group.4878	64	6f34c215d455482c6b285434c287076a	1	16
carat/tables/qcatalog/dim6/dir.4-1;1;1/ordnung.64/(2)^8(4)^8(8)^2/group.4879	64	6bd9cff477f3581eb5cf03d0befe9c64	1	16
carat/tables/qcatalog/dim6/dir.4-1;1;1/ordnung.64/(2)^8(4)^8(8)^2/group.4880	64	a7215012a8051726f3dd57d06644ec5c	1	16
carat/tables/qcatalog/dim6/dir.4-1;1;1/ordnung.64/(2)^8(4)^8(8)^2/group.4881	64	d968df803a564fb454065d435e8ca222	1	16
carat/tables/qcatalog/dim6/dir.4-1;1;1/ordnung.64/(2)^8(4)^8(8)^2/group.4882	64	02edf9cc7b08fd0e388612cb65e23c74	1	16
carat/tables/qcatalog/dim6/dir.4-1;1;1/ordnung.64/(2)^8(4)^8(8)^2/group.4883	64	c48f22f5bec377c2be86a829d967f240	1	16
carat/tables/qcatalog/dim6/dir.4-1;1;1/ordnung.64/(2)^8(4)^8(8)^2/group.4884	64	03dd8a74f0e5fd5c88b6791fdd8f81aa	1	16
carat/tables/qcatalog/dim6/dir.4-1;1;1/ordnung.64/(2)^8(4)^8(8)^2/group.4885	64	12b84c5443ef14e0dd8a652c9b54fe06	1	16
carat/tables/qcatalog/dim6/dir.4-1;1;1/ordnung.64/(2)^8(4)^8(8)^2/group.4886	64	cbe0838e785e28a043d2a6410c30cef6	1	16
carat/tables/qcatalog/dim6/dir.4-1;1;1/ordnung.64/(2)^8(4)^8(8)^2/group.4887	64	ad730f17da1abce0af16550afc36d72e	1	16
carat/tables/qcatalog/dim6/dir.4-1;1;1/ordnung.64/(2)^8(4)^8(8)^2/group.4888	64	b70778a88759458cb214b604473eadfa	1	16
carat/tables/qcatalog/dim6/dir.4-1;1;1/ordnung.64/(2)^8(4)^8(8)^2/group.4889	64	0b7af656392a141c4efe6ea2136242b2	1	16
carat/tables/qcatalog/dim6/dir.4-1;1;1/ordnung.64/(2)^8(4)^8(8)^2/group.4890	64	e6948a0ec7e0935257bcc496b4c939f0	1	16
carat/tables/qcatalog/dim6/dir.4-1;1;1/ordnung.48/(2)^6(6)^4/group.4811	48	0f377195e8c8372879f1552a8e232d02	1	30
carat/tables/qcatalog/dim6/dir.4-1;1;1/ordnung.48/(2)^6(6)^4/group.4812	48	b147ed2f66f6bd988d2763d5c137d30e	1	24
carat/tables/qcatalog/dim6/dir.4-1;1;1/ordnung.48/(2)^6(6)^4/group.4813	48	bafc406ee45881c817574ce961812cde	1	24
carat/tables/qcatalog/dim6/dir.4-1;1;1/ordnung.48/(2)^6(6)^4/group.4814	48	1bd16b154b87c7ec3d29d13a0a16d77a	1	24
carat/tables/qcatalog/dim6/dir.4-1;1;1/ordnung.512/(2)^12(4)^6/group.4815	512	dadc5ac332fa3c68eb5bf844091be252	1	80
carat/tables/qcatalog/dim6/dir.4-1;1;1/ordnung.576/(1)^4(2)^10(4)^4/group.4816	576	cf97bf444a41c65712a562275ac78de9	1	50
carat/tables/qcatalog/dim6/dir.4-1;1;1/ordnung.576/(1)^6(2)^10(4)^2/group.4817	576	91c9b4083c526714a58a5d41fb861c7e	1	23
carat/tables/qcatalog/dim6/dir.4-1;1;1/ordnung.576/(1)^8(2)^10/group.4818	576	f73c9f6c57ffb64b11f1f407efe9d55d	1	20
carat/tables/qcatalog/dim6/dir.4-1;1;1/ordnung.576/(1)^8(2)^2(6)^8/group.4819	576	4ffe60d8afbc121a825dba7462ed29b0	1	60
carat/tables/qcatalog/dim6/dir.4-1;1;1/ordnung.64/(2)^2(4)^12(8)^4/group.4820	64	2e9ae43cae8c822a2ddaa91256ad5bd0	1	34
carat/tables/qcatalog/dim6/dir.4-1;1;1/ordnung.64/(2)^2(4)^12(8)^4/group.4821	64	35a5eb2c3cfa4c72d7c3f38a51e307a0	1	34
carat/tables/qcatalog/dim6/dir.4-1;1;1/ordnung.64/(2)^2(4)^12(8)^4/group.4822	64	8d172464ac6df72c4309f76e428e1bf2	1	22
carat/tables/qcatalog/dim6/dir.4-1;1;1/ordnung.64/(2)^2(4)^12(8)^4/group.4823	64	7769c8ce64e819f2fa2410757dacda90	1	22
carat/tables/qcatalog/dim6/dir.4-1;1;1/ordnung.64/(2)^2(4)^12(8)^4/group.4824	64	8fa9b63bea1484060ac9e777a2bfd8fc	1	22
carat/tables/qcatalog/dim6/dir.4-1;1;1/ordnung.64/(2)^2(4)^12(8)^4/group.4825	64	a01aec78c782a24271d5f24a8ee00bb0	1	22
carat/tables/qcatalog/dim6/dir.4-1;1;1/ordnung.64/(2)^2(4)^12(8)^4/group.4826	64	a742fdf2f7ecf9d60d998783c9d8a2fc	1	22
carat/tables/qcatalog/dim6/dir.4-1;1;1/ordnung.64/(2)^2(4)^12(8)^4/group.4827	64	9f63c07e61258e86bed673a9714f994c	1	22
carat/tables/qcatalog/dim6/dir.4-1;1;1/ordnung.64/(2)^2(4)^12(8)^4/group.4828	64	8e2816ca137e6478d217f6759ec4c50e	1	22
carat/tables/qcatalog/dim6/dir.4-1;1;1/ordnung.64/(2)^2(4)^12(8)^4/group.4829	64	128a5193d795feeec1fb34d4b1d7757c	1	22
carat/tables/qcatalog/dim6/dir.4-1;1;1/ordnung.64/(2)^2(4)^12(8)^4/group.4830	64	913a5b88b4061b386f1a4fd07ce3316e	1	22
carat/tables/qcatalog/dim6/dir.4-1;1;1/ordnung.96/(2)^10(4)^8/group.4910	96	51c96867526675a4d827a6cd86800da2	1	13
carat/tables/qcatalog/dim6/dir.4-1;1;1/ordnung.96/(2)^10(4)^8/group.4911	96	a65ff7dd5c73448e101cc5e3322d6020	1	19
carat/tables/qcatalog/dim6/dir.4-1;1;1/ordnung.96/(2)^10(4)^8/group.4912	96	a49c8de88ad5eb0c0f5dac6c7dc2b88a	1	13
carat/tables/qcatalog/dim6/dir.4-1;1;1/ordnung.96/(2)^10(4)^8/group.4913	96	4bca5edcb0d42822274ff9322a55f790	1	13
carat/tables/qcatalog/dim6/dir.4-1;1;1/ordnung.96/(2)^10(4)^8/group.4914	96	d147a7582cae453498a7f21a6a87ffea	1	13
carat/tables/qcatalog/dim6/dir.4-1;1;1/ordnung.96/(2)^10(6)^8/group.4915	96	6cd2736acd4e657de7ecaf59e7232c8f	1	24
carat/tables/qcatalog/dim6/dir.4-1;1;1/ordnung.96/(2)^10(6)^8/group.4916	96	d466bd333357b08bae84bf6fcbc3fdd5	1	24
carat/tables/qcatalog/dim6/dir.4-1;1;1/ordnung.96/(2)^10(6)^8/group.4917	96	07648ccd7a577c73b0f43f86067243a5	1	24
carat/tables/qcatalog/dim6/dir.4-1;1;1/ordnung.96/(2)^10(6)^8/group.4918	96	fb6b640deac29763a03fc2337c505ecd	1	24
carat/tables/qcatalog/dim6/dir.4-1;1;1/ordnung.96/(2)^10(6)^8/group.4919	96	558e12b9dd503241273db8fd8e6d792b	1	24
carat/tables/qcatalog/dim6/dir.4-1;1;1/ordnung.96/(2)^10(6)^8/group.4920	96	08586f2a59a744c540d86e335c417347	1	24
carat/tables/qcatalog/dim6/dir.4-1;1;1/ordnung.96/(2)^10(6)^8/group.4921	96	29bf77914e88376b91782c4968f0dead	1	24
carat/tables/qcatalog/dim6/dir.4-1;1;1/ordnung.96/(2)^10/group.4908	96	ff6d5cfb6255e59df552dcf9091a1af7	1	16
carat/tables/qcatalog/dim6/dir.4-1;1;1/ordnung.96/(2)^4(4)^2/group.4922	96	c588d4ca99ba5e878f9c1ce511c9da55	1	28
carat/tables/qcatalog/dim6/dir.4-1;1;1/ordnung.96/(2)^6(4)^4/group.4923	96	cdee1575ab95a37f148a72b03f87b105	1	28
carat/tables/qcatalog/dim6/dir.4-1;1;1/ordnung.96/(2)^6(4)^4/group.4924	96	777ba8c35aafde21d41ffc82be572ba7	1	28
carat/tables/qcatalog/dim6/dir.4-1;1;1/ordnung.96/(2)^6(4)^4/group.4925	96	a1f828c4ccf430950b4ab01194bee4d3	1	28
carat/tables/qcatalog/dim6/dir.4-1;1;1/ordnung.96/(2)^6(4)^4/group.4926	96	029550cb4592f975f447d254b9c7e8ef	1	16
carat/tables/qcatalog/dim6/dir.4-1;1;1/ordnung.96/(2)^6(4)^4/group.4927	96	208b13e0d0a7e515b422cfe7855214af	1	16
carat/tables/qcatalog/dim6/dir.4-1;1;1/ordnung.96/(2)^6(4)^4/group.4928	96	a5fc85d40de31b37068098351beb2db1	1	16
carat/tables/qcatalog/dim6/dir.4-1;1;1/ordnung.24/(2)^6(6)^4/min.497	24	5832f4bd29f9ea3243259a704b41cbdc	1	12
carat/tables/qcatalog/dim6/dir.4-1;1;1/ordnung.256/(2)^12(4)^4(8)^2/group.4696	256	12057ee81f336939281128032857d697	1	40
carat/tables/qcatalog/dim6/dir.4-1;1;1/ordnung.256/(2)^12(4)^4(8)^2/group.4697	256	ae75638c13254fd74249b1854ccc5f95	1	40
carat/tables/qcatalog/dim6/dir.4-1;1;1/ordnung.256/(2)^12(4)^4(8)^2/group.4698	256	987b06a8e4bfd65d6c25c404a677158b	1	40
carat/tables/qcatalog/dim6/dir.4-1;1;1/ordnung.256/(2)^12(4)^4(8)^2/group.4699	256	de4ca9442c9e105b85028cc013a74f99	1	40
carat/tables/qcatalog/dim6/dir.4-1;1;1/ordnung.256/(2)^12(4)^4(8)^2/group.4700	256	9c59f8f3f3e568257e8d001f5108cc5b	1	40
carat/tables/qcatalog/dim6/dir.4-1;1;1/ordnung.256/(2)^12(4)^6/group.4701	256	c0c5451f5626a0814eca37b1ada3893f	1	40
carat/tables/qcatalog/dim6/dir.4-1;1;1/ordnung.256/(2)^12(4)^6/group.4702	256	74c297bc35a084a5812d68d2657822ab	1	40
carat/tables/qcatalog/dim6/dir.4-1;1;1/ordnung.256/(2)^12(4)^6/group.4703	256	2f81e158cbb56c0fcb3e5ad46534e245	1	40
carat/tables/qcatalog/dim6/dir.4-1;1;1/ordnung.256/(2)^12(4)^6/group.4704	256	1ce7e4ce0dc497894e7adf29918b21f7	1	40
carat/tables/qcatalog/dim6/dir.4-1;1;1/ordnung.256/(2)^12(4)^6/group.4705	256	950e259da741c70b06f9423eb1d34b51	1	40
carat/tables/qcatalog/dim6/dir.4-1;1;1/ordnung.256/(2)^12(4)^6/group.4706	256	e23d97293948cebd3a7536a0be6c77ab	1	40
carat/tables/qcatalog/dim6/dir.4-1;1;1/ordnung.256/(2)^8(4)^10/group.4707	256	b4348e91aeb4f9e92ca5df82d75732a7	1	64
carat/tables/qcatalog/dim6/dir.4-1;1;1/ordnung.256/(2)^8(4)^10/group.4708	256	5724bd318638451bab7f26d14aeb8881	1	64
carat/tables/qcatalog/dim6/dir.4-1;1;1/ordnung.256/(2)^8(4)^10/group.4709	256	e193000c8cd863692172c596355cccff	1	52
carat/tables/qcatalog/dim6/dir.4-1;1;1/ordnung.256/(2)^8(4)^10/group.4710	256	cf0b78906a01c393ee723bc4a02ebe21	1	52
carat/tables/qcatalog/dim6/dir.4-1;1;1/ordnung.288/(1)^4(2)^2(6)^4/group.4711	288	2af82e9142c24f6ccc6c69422379750e	1	84
carat/tables/qcatalog/dim6/dir.4-1;1;1/ordnung.288/(1)^8(2)^2(6)^8/group.4712	288	ea8fffa34584146012258208047ccdc2	1	30
carat/tables/qcatalog/dim6/dir.4-1;1;1/ordnung.288/(1)^8(2)^2(6)^8/group.4713	288	08d91fd9f5559108e99c75630ca6b22a	1	30
carat/tables/qcatalog/dim6/dir.4-1;1;1/ordnung.288/(1)^8(2)^2(6)^8/group.4714	288	99c08d4ef99e96aa0e14161101437924	1	30
carat/tables/qcatalog/dim6/dir.4-1;2-1/ordnung.128/(2)^4(4)^6/group.4966	128	f78eab7dd278dac3dfec3ef54e0e74b5	0	56
carat/tables/qcatalog/dim6/dir.4-1;2-1/ordnung.128/(2)^4(4)^8/group.4970	128	398657b4d72401dc1ba0aef8bbbddaf2	0	38
carat/tables/qcatalog/dim6/dir.4-1;2-1/ordnung.128/(2)^4(4)^8/group.4971	128	bd4873566f3f30982100d84225cfc3be	0	38
carat/tables/qcatalog/dim6/dir.4-1;2-1/ordnung.128/(2)^4(4)^8/group.4972	128	68cca0f82d9e1d7c22e25ab464baae3a	0	38
carat/tables/qcatalog/dim6/dir.4-1;2-1/ordnung.128/(2)^4(4)^8/group.4973	128	68084e369231f6232bfa1896b4590145	0	44
carat/tables/qcatalog/dim6/dir.4-1;2-1/ordnung.128/(2)^4(4)^8/group.4974	128	d1991191d738b76eff6e92260deedc1c	0	44
carat/tables/qcatalog/dim6/dir.4-1;2-1/ordnung.128/(2)^4(4)^8/group.4975	128	ca4d1fa5b14952036e3c1ed32b257115	0	38
carat/tables/qcatalog/dim6/dir.4-1;2-1/ordnung.128/(2)^8(4)^8(8)^2/group.4976	128	5c4bd7d8ec2eed77c7ef9e2be22aba41	0	32
carat/tables/qcatalog/dim6/dir.4-1;2-1/ordnung.128/(2)^8(4)^8(8)^2/group.4977	128	84173d608584f2cfa95270270058c9e1	0	32
carat/tables/qcatalog/dim6/dir.4-1;2-1/ordnung.128/(2)^8(4)^8(8)^2/group.4978	128	e9263a9e15d4d6b74ab995b07e5edee9	0	32
carat/tables/qcatalog/dim6/dir.4-1;2-1/ordnung.128/(2)^8(4)^8(8)^2/group.4979	128	946decdd20126a63cef105db07e122ed	0	26
carat/tables/qcatalog/dim6/dir.4-1;2-1/ordnung.128/(2)^8(4)^8(8)^2/group.4980	128	79b1cf10977f24c30f5bea7048f44dbd	0	26
carat/tables/qcatalog/dim6/dir.4-1;2-1/ordnung.128/(2)^8(4)^8(8)^2/group.4981	128	fd4937a39071454f899fd4088b87e851	0	32
carat/tables/qcatalog/dim6/dir.4-1;2-1/ordnung.128/(2)^8(4)^8(8)^2/group.4982	128	18274b57829d6733b209ed2f8083f80d	0	32
carat/tables/qcatalog/dim6/dir.4-1;2-1/ordnung.128/(2)^8(4)^8(8)^2/group.4983	128	d6a407a468f0ffcf97612595ae7c8339	0	26
carat/tables/qcatalog/dim6/dir.4-1;2-1/ordnung.128/(2)^8(4)^8(8)^2/group.4984	128	e5c839c234f2b087b2fcc5de3aff60b1	0	26
carat/tables/qcatalog/dim6/dir.4-1;2-1/ordnung.128/(2)^8(4)^8(8)^2/group.4985	128	c3bbefb7abfed8d309f1d97acabb9095	0	32
carat/tables/qcatalog/dim6/dir.4-1;2-1/ordnung.128/(2)^8(4)^8(8)^2/group.4986	128	2489c80a313154c9c91424922892283b	0	26
carat/tables/qcatalog/dim6/dir.4-1;2-1/ordnung.128/(2)^8(4)^8(8)^2/group.4987	128	4ce2c4fa73dc104d766531e3fbc59a5f	0	32
carat/tables/qcatalog/dim6/dir.4-1;2-1/ordnung.128/(2)^8(4)^8(8)^2/group.4988	128	fa35b880729e202f429cf156a8362bc9	0	32
carat/tables/qcatalog/dim6/dir.4-1;1;1/ordnung.384/(1)^2(2)^10(4)^6/group.4771	384	b8af093fefa0c13f802b91cdaafbeba1	1	44
carat/tables/qcatalog/dim6/dir.4-1;1;1/ordnung.384/(1)^2(2)^12(4)^2(8)^2/group.4772	384	7fd4af58cb10f5037e334880174a610d	1	32
carat/tables/qcatalog/dim6/dir.4-1;1;1/ordnung.384/(1)^2(2)^12(4)^4/group.4773	384	c86dee360f4bd4f9615eb6b905e6e3fb	1	32
carat/tables/qcatalog/dim6/dir.4-1;1;1/ordnung.384/(1)^2(2)^12(4)^4/group.4774	384	be9a18c0ada0305573c1ff4b78a4a5f7	1	32
carat/tables/qcatalog/dim6/dir.4-1;1;1/ordnung.384/(1)^4(2)^10(4)^4/group.4775	384	fadbbe2558bcb599a7dea3674ee87137	1	26
carat/tables/qcatalog/dim6/dir.4-1;1;1/ordnung.384/(1)^4(2)^10(4)^4/group.4776	384	7e840753aa74c44da0d2612842c5f00b	1	26
carat/tables/qcatalog/dim6/dir.4-1;1;1/ordnung.384/(1)^4(2)^10(4)^4/group.4777	384	65eafb9c5cc2dd3f96d5fed68f3c1e55	1	26
carat/tables/qcatalog/dim6/dir.4-1;1;1/ordnung.384/(1)^4(2)^12(4)^2/group.4778	384	c4e67d3bbfed7849d37ee9e514997133	1	20
carat/tables/qcatalog/dim6/dir.4-1;1;1/ordnung.384/(1)^4(2)^12(4)^2/group.4779	384	4a549a3e136aa80510a8d0f2472b58e3	1	26
carat/tables/qcatalog/dim6/dir.4-1;1;1/ordnung.384/(1)^4(2)^12(4)^2/group.4780	384	0480d0ad1cebe1a584d54f1075fe8993	1	26
carat/tables/qcatalog/dim6/dir.4-1;1;1/ordnung.384/(1)^4(2)^12(4)^2/group.4781	384	5d1f84f72d210bc994c7cfdde037f37b	1	20
carat/tables/qcatalog/dim6/dir.4-1;1;1/ordnung.384/(1)^4(2)^12(4)^2/group.4782	384	fefeda689646788fcdbef3cf8d418829	1	20
carat/tables/qcatalog/dim6/dir.4-1;1;1/ordnung.384/(1)^4(2)^12(4)^2/group.4783	384	39a1acf770e61fd9d5544ee65023aa5b	1	20
carat/tables/qcatalog/dim6/dir.4-1;1;1/ordnung.384/(1)^4(2)^12(8)^2/group.4784	384	6b0f66492c8d830dabceb6309d45daef	1	20
carat/tables/qcatalog/dim6/dir.4-1;1;1/ordnung.384/(1)^4(2)^12(8)^2/group.4785	384	4ac88db22ea9a887564534a6d44ad339	1	20
carat/tables/qcatalog/dim6/dir.4-1;1;1/ordnung.384/(1)^4(2)^12(8)^2/group.4786	384	8cd681641cab395db66f1b04b3c21deb	1	26
carat/tables/qcatalog/dim6/dir.4-1;1;1/ordnung.384/(2)^10(4)^8/group.4788	384	4651b7ddab46ad3b28705cb10c3e5edd	1	76
carat/tables/qcatalog/dim6/dir.4-1;1;1/ordnung.384/(2)^10(4)^8/group.4789	384	3412b795ef7e1b13d87b66a99e37b9e9	1	52
carat/tables/qcatalog/dim6/dir.4-1;1;1/ordnung.384/(2)^10/group.4787	384	9826b0f55a8a03f9c4692175a4cdd0df	1	64
carat/tables/qcatalog/dim6/dir.4-1;1;1/ordnung.384/(2)^18/group.4790	384	83e2daaa77fc0b7bd8f278e86b40f559	1	34
carat/tables/qcatalog/dim6/dir.4-1;2-1/ordnung.128/(2)^8(4)^8(8)^4/group.4989	128	3c5a80acbf92f55701c4cd2611745971	0	26
carat/tables/qcatalog/dim6/dir.4-1;2-1/ordnung.128/(2)^8(4)^8(8)^4/group.4990	128	ed2491864dc36057299fce5cc2967cc1	0	26
carat/tables/qcatalog/dim6/dir.4-1;2-1/ordnung.128/(2)^8(4)^8(8)^4/group.4991	128	a54e8a2b4e3745871365485711f851a9	0	32
carat/tables/qcatalog/dim6/dir.4-1;2-1/ordnung.128/(2)^8(4)^8(8)^4/group.4992	128	ed0a147b3b4c89d76c945ebf97be19c1	0	26
carat/tables/qcatalog/dim6/dir.4-1;2-1/ordnung.128/(2)^8(4)^8(8)^4/group.4993	128	af1800065b81d14f6e4efb248c636b49	0	32
carat/tables/qcatalog/dim6/dir.4-1;2-1/ordnung.128/(2)^8(4)^8(8)^4/group.4994	128	7a40461e358c1af7726239a0c0aaa131	0	32
carat/tables/qcatalog/dim6/dir.4-1;2-1/ordnung.128/(2)^8(4)^8(8)^4/group.4995	128	b28e94d1b48feb43679697e2a634334d	0	32
carat/tables/qcatalog/dim6/dir.4-1;2-1/ordnung.128/(2)^8(4)^8(8)^4/group.4996	128	5a0541601e11588f0a0c7693f4d34231	0	32
carat/tables/qcatalog/dim6/dir.4-1;2-1/ordnung.128/(2)^8(4)^8(8)^4/group.4997	128	609ed1c15f9c78b71b84ac14031d4939	0	32
carat/tables/qcatalog/dim6/dir.4-1;2-1/ordnung.128/(2)^8(4)^8(8)^4/group.4998	128	fd409a477ae4f888b3f27f095c863d76	0	26
carat/tables/qcatalog/dim6/dir.4-1;2-1/ordnung.128/(2)^8(4)^8(8)^4/group.4999	128	65225afadb1b8d060bca7573e6e56514	0	26
carat/tables/qcatalog/dim6/dir.4-1;2-1/ordnung.128/(2)^8(4)^8(8)^4/group.5000	128	a8415972c407bc4c8d479fdbdbc60a72	0	26
carat/tables/qcatalog/dim6/dir.4-1;2-1/ordnung.128/(2)^8(4)^8(8)^4/group.5001	128	92e2b6aa7e6a9aeef07c6653be85642c	0	26
carat/tables/qcatalog/dim6/dir.4-1;2-1/ordnung.128/(2)^8(4)^8(8)^4/group.5002	128	d9ab671a5ba5424cbff94d39a3fdbc5a	0	26
carat/tables/qcatalog/dim6/dir.4-1;2-1/ordnung.128/(2)^8(4)^8(8)^4/group.5003	128	8ef6df0faf80d671c87ead7e55b85edb	0	32
carat/tables/qcatalog/dim6/dir.4-1;2-1/ordnung.128/(2)^8(4)^8(8)^4/group.5004	128	46871c714fd8db657df606281ac0610f	0	26
carat/tables/qcatalog/dim6/dir.4-1;2-1/ordnung.128/(2)^8(4)^8(8)^4/group.5005	128	7a6d492aee4215d17d501cf1c38f451b	0	26
carat/tables/qcatalog/dim6/dir.4-1;2-1/ordnung.128/(2)^8(4)^8(8)^4/group.5006	128	4991b5c619d0034df004ede979dd6fbf	0	26
carat/tables/qcatalog/dim6/dir.4-1;2-1/ordnung.128/(2)^8(4)^8(8)^4/group.5007	128	7d5e0a7cdc47b984fe7a430bfbf76cfa	0	26
carat/tables/qcatalog/dim6/dir.4-1;2-1/ordnung.128/(2)^8(4)^8(8)^4/group.5008	128	c5a636e571e0d96c7c62a92ed2e8894a	0	26
carat/tables/qcatalog/dim6/dir.4-1;1;1/ordnung.384/(2)^18/group.4791	384	e1bd037333abef874ebf791a089f9ecd	1	34
carat/tables/qcatalog/dim6/dir.4-1;1;1/ordnung.384/(2)^18/group.4792	384	96dcdebf30653c958a2218e2ff1ee18b	1	34
carat/tables/qcatalog/dim6/dir.4-1;1;1/ordnung.384/(2)^18/group.4793	384	9e3f4a6148ffdb17f447210877267705	1	34
carat/tables/qcatalog/dim6/dir.4-1;1;1/ordnung.384/(2)^18/group.4794	384	baf61011d75a91f7bed836abad04c6b5	1	34
carat/tables/qcatalog/dim6/dir.4-1;1;1/ordnung.384/(2)^18/group.4795	384	8f8acb173626b5a932b072d808164347	1	34
carat/tables/qcatalog/dim6/dir.4-1;1;1/ordnung.384/(2)^18/group.4796	384	cc5e9c2d26857dfdd7b1afe9c48f29ab	1	34
carat/tables/qcatalog/dim6/dir.4-1;1;1/ordnung.4608/(1)^8(2)^10/group.4797	4608	696e7f19f4fe0ab411bfc20b1a003186	1	100
carat/tables/qcatalog/dim6/dir.4-1;1;1/ordnung.48/(1)^2(2)^4(6)^2(12)^2/group.4798	48	12de3e99cff2b6a9da86b77cc7073707	1	14
carat/tables/qcatalog/dim6/dir.4-1;1;1/ordnung.48/(1)^4(2)^6(6)^6(24)^2/group.4799	48	cabb27d73d33637fb64ced0e159d9879	1	8
carat/tables/qcatalog/dim6/dir.4-1;1;1/ordnung.48/(2)^10(6)^8/group.4800	48	72ee0757d4af6f816d3f3db68575d1bb	1	12
carat/tables/qcatalog/dim6/dir.4-1;1;1/ordnung.48/(2)^10(6)^8/group.4801	48	ec899cd251c4d9b1ac83ed4187f5a673	1	12
carat/tables/qcatalog/dim6/dir.4-1;1;1/ordnung.48/(2)^10(6)^8/group.4802	48	7861024e5e68def790c2388132fb6471	1	12
carat/tables/qcatalog/dim6/dir.4-1;1;1/ordnung.48/(2)^10(6)^8/group.4803	48	5fa92105e712d7559dbe99348f0294af	1	12
carat/tables/qcatalog/dim6/dir.4-1;1;1/ordnung.48/(2)^10(6)^8/group.4804	48	0597a58090ede2d7763de3f5f7005d39	1	12
carat/tables/qcatalog/dim6/dir.4-1;1;1/ordnung.48/(2)^10(6)^8/group.4805	48	6f05a18e6f304c3b90657451d80364ed	1	12
carat/tables/qcatalog/dim6/dir.4-1;1;1/ordnung.48/(2)^4(4)^2/group.4806	48	a830c1ad351bc595ab4cd049148f7743	1	14
carat/tables/qcatalog/dim6/dir.4-1;1;1/ordnung.48/(2)^6(4)^4/group.4807	48	8e0045598156d2bf0d00ec2879ba52d5	1	14
carat/tables/qcatalog/dim6/dir.4-1;1;1/ordnung.48/(2)^6(4)^4/group.4808	48	129c315581314e4757c58104aba8cdb1	1	8
carat/tables/qcatalog/dim6/dir.4-1;1;1/ordnung.48/(2)^6(6)^4/group.4809	48	39196ab84d0c8a2c2e742b507bd709b6	1	30
carat/tables/qcatalog/dim6/dir.4-1;1;1/ordnung.48/(2)^6(6)^4/group.4810	48	90333d99f92901f23bfbc8286a956644	1	30
carat/tables/qcatalog/dim6/dir.4-1;2-1/ordnung.128/(2)^4(4)^12(8)^4/group.4949	128	0ffdade651933f4ff4c4a61fca4288a9	0	32
carat/tables/qcatalog/dim6/dir.4-1;2-1/ordnung.128/(2)^4(4)^12(8)^4/group.4950	128	79c89ca5241bd59c284d28f46c980b0a	0	32
carat/tables/qcatalog/dim6/dir.4-1;2-1/ordnung.128/(2)^4(4)^12(8)^4/group.4951	128	e0106d8953d1c208579d03fc05bcdfbe	0	32
carat/tables/qcatalog/dim6/dir.4-1;2-1/ordnung.128/(2)^4(4)^12(8)^4/group.4952	128	1d4bd2d1ed88a36f66082ffc90542119	0	32
carat/tables/qcatalog/dim6/dir.4-1;2-1/ordnung.128/(2)^4(4)^12(8)^4/group.4953	128	20ecc116deaa395430edb45fd162594a	0	32
carat/tables/qcatalog/dim6/dir.4-1;2-1/ordnung.128/(2)^4(4)^12(8)^4/group.4954	128	e6d95106f11793c4a5a181a896ba3ffa	0	32
carat/tables/qcatalog/dim6/dir.4-1;2-1/ordnung.128/(2)^4(4)^12(8)^4/group.4955	128	344a03f49593a7ddb7e6a40069e922a7	0	32
carat/tables/qcatalog/dim6/dir.4-1;2-1/ordnung.128/(2)^4(4)^12(8)^4/group.4956	128	3a1a3a5708112e741ce28b000f30172a	0	32
carat/tables/qcatalog/dim6/dir.4-1;2-1/ordnung.128/(2)^4(4)^12(8)^4/group.4957	128	cbe4a5f8a2ee4015d10ff5661e93f4d7	0	32
carat/tables/qcatalog/dim6/dir.4-1;2-1/ordnung.128/(2)^4(4)^12(8)^4/group.4958	128	380ec34b0d707e97f27dbad6b5862759	0	32
carat/tables/qcatalog/dim6/dir.4-1;2-1/ordnung.128/(2)^4(4)^12(8)^4/group.4959	128	158b176213b3e3ae5de1144c47f84d44	0	32
carat/tables/qcatalog/dim6/dir.4-1;2-1/ordnung.128/(2)^4(4)^12(8)^4/group.4960	128	c31dc577a4c5d10571d89381df4ffbef	0	44
carat/tables/qcatalog/dim6/dir.4-1;2-1/ordnung.128/(2)^4(4)^12(8)^4/group.4961	128	0b2e8cf01d4b3540f6137d4da9ecd946	0	44
carat/tables/qcatalog/dim6/dir.4-1;2-1/ordnung.128/(2)^4(4)^12(8)^4/group.4962	128	8cd0af8bce4af8501593dcb90cddf0f6	0	29
carat/tables/qcatalog/dim6/dir.4-1;2-1/ordnung.128/(2)^4(4)^12(8)^4/group.4963	128	e796885fe462da953366e1ec8ce93577	0	29
carat/tables/qcatalog/dim6/dir.4-1;2-1/ordnung.128/(2)^4(4)^12(8)^4/group.4964	128	4f927db9ea36999b404ce7d81c24d145	0	29
carat/tables/qcatalog/dim6/dir.4-1;2-1/ordnung.128/(2)^4(4)^12(8)^4/group.4965	128	f6e335a7c657e6a67037a7498f1699d4	0	29
carat/tables/qcatalog/dim6/dir.4-1;2-1/ordnung.128/(2)^4(4)^6(8)^2/group.4967	128	b5d7dc2f138bc540ede580818fcbcf76	0	50
carat/tables/qcatalog/dim6/dir.4-1;2-1/ordnung.128/(2)^4(4)^6(8)^2/group.4968	128	138a227a89ee7c9e6969db7030afc314	0	50
carat/tables/qcatalog/dim6/dir.4-1;2-1/ordnung.128/(2)^4(4)^6(8)^2/group.4969	128	5125398ab3ef9de1b322886fe7f95ff3	0	35
carat/tables/qcatalog/dim6/dir.4-1;2-1/ordnung.32/(2)^2(4)^4(8)^4/group.5119	32	ea2b80d0efc361711c28fe7e2407b7fb	0	20
carat/tables/qcatalog/dim6/dir.4-1;2-1/ordnung.32/(2)^2(4)^4(8)^4/group.5120	32	85538aea25a37759cc60e8f1ec62ee4b	0	20
carat/tables/qcatalog/dim6/dir.4-1;2-1/ordnung.32/(2)^2(4)^4(8)^4/group.5121	32	7e58ce7500f047b95eca5b5e41e51963	0	20
carat/tables/qcatalog/dim6/dir.4-1;2-1/ordnung.32/(2)^2(4)^4(8)^4/group.5122	32	70ec9f118316a7877ff0716c6965aa29	0	14
carat/tables/qcatalog/dim6/dir.4-1;2-1/ordnung.32/(2)^2(4)^4(8)^4/group.5123	32	3b47365a0e56e59fa911fa36939adfd9	0	14
carat/tables/qcatalog/dim6/dir.4-1;2-1/ordnung.32/(2)^2(4)^4(8)^4/min.514	32	c6abd5ab874a69d14dac9b47ccae40eb	0	20
carat/tables/qcatalog/dim6/dir.4-1;2-1/ordnung.32/(2)^2(4)^4(8)^4/min.515	32	c654e68d76318d63a5cf79e9db3a00ad	0	20
carat/tables/qcatalog/dim6/dir.4-1;2-1/ordnung.32/(2)^2(4)^4(8)^4/min.516	32	5527b7113a2625c161c380686b6f4113	0	14
carat/tables/qcatalog/dim6/dir.4-1;2-1/ordnung.32/(2)^2(4)^8(8)^2/group.5124	32	d50cab3e8c1aa1bb148e258254be86dd	0	14
carat/tables/qcatalog/dim6/dir.4-1;2-1/ordnung.32/(2)^2(4)^8(8)^2/min.517	32	2a4f9daddf415149abc8735e9739adfb	0	14
carat/tables/qcatalog/dim6/dir.4-1;2-1/ordnung.32/(2)^4(4)^4(8)^2/group.5125	32	5f3c1569ff03b78de2487a918e262d3f	0	14
carat/tables/qcatalog/dim6/dir.4-1;2-1/ordnung.32/(2)^4(4)^4(8)^2/group.5126	32	fc11cf26c860e90fa12ecc3916676851	0	14
carat/tables/qcatalog/dim6/dir.4-1;2-1/ordnung.32/(2)^4(4)^8(8)^8/group.5127	32	34263aa660b18bdc35ba2b929a5bc782	0	11
carat/tables/qcatalog/dim6/dir.4-1;2-1/ordnung.32/(2)^4(4)^8(8)^8/group.5128	32	acf9f19fcf8f0a7a43e94ac6627ac090	0	11
carat/tables/qcatalog/dim6/dir.4-1;2-1/ordnung.32/(2)^4(4)^8(8)^8/group.5129	32	cc2bd0d9b4ccd416e4271ce5ab4c48e4	0	11
carat/tables/qcatalog/dim6/dir.4-1;2-1/ordnung.32/(2)^4(4)^8(8)^8/min.518	32	22b3b6220b966a467ff81dc4e3cb4114	0	11
carat/tables/qcatalog/dim6/dir.4-1;2-1/ordnung.32/(2)^4(8)^4/group.5130	32	df5f9e8f7aefeb3362c4ef071a9a3b4d	0	14
carat/tables/qcatalog/dim6/dir.4-1;2-1/ordnung.32/(2)^4(8)^4/group.5131	32	f15bb1f09a75a259bfb0d04de45c2c2b	0	14
carat/tables/qcatalog/dim6/dir.4-1;2-1/ordnung.32/(2)^4(8)^8/group.5132	32	ccb0121bd67359a9d7a81aa4e8917943	0	14
carat/tables/qcatalog/dim6/dir.4-1;2-1/ordnung.32/(2)^4(8)^8/group.5133	32	4eb0e7b9f1890a0839984bb3432a8c8e	0	14
carat/tables/qcatalog/dim6/dir.4-1;2-1/ordnung.192/(1)^2(2)^6(6)^2(12)^2/group.5022	192	d9065f4be3bbe25b369e509bc616f001	0	35
carat/tables/qcatalog/dim6/dir.4-1;2-1/ordnung.192/(1)^4(2)^6(6)^6(12)^2/group.5023	192	6e2879f722b3a8a6c70a78b95e4e734c	0	32
carat/tables/qcatalog/dim6/dir.4-1;2-1/ordnung.192/(1)^4(2)^8(6)^4(12)^4/group.5024	192	562fab5c69e36c9916fa95c6e4bc6023	0	23
carat/tables/qcatalog/dim6/dir.4-1;2-1/ordnung.192/(1)^4(2)^8(6)^4(12)^4/group.5025	192	e951ba306c5ca2da404c588187bc3668	0	23
carat/tables/qcatalog/dim6/dir.4-1;2-1/ordnung.192/(2)^10(4)^8/group.5027	192	dc5222a7f2c25d32af31e1eb6ecc9120	0	26
carat/tables/qcatalog/dim6/dir.4-1;2-1/ordnung.192/(2)^10(4)^8/group.5028	192	ea3f137f4566b3c2d46b030eda5058ec	0	38
carat/tables/qcatalog/dim6/dir.4-1;2-1/ordnung.192/(2)^10(4)^8/group.5029	192	55c45115cddc4de8b7a59a540558b856	0	26
carat/tables/qcatalog/dim6/dir.4-1;2-1/ordnung.192/(2)^10(6)^8/group.5030	192	a8964c16ca9b058e0d1645958db6ab64	0	48
carat/tables/qcatalog/dim6/dir.4-1;2-1/ordnung.192/(2)^10/group.5026	192	64b87dd390cdc0a4d68e29416a14790a	0	32
carat/tables/qcatalog/dim6/dir.4-1;2-1/ordnung.192/(2)^12(4)^8/group.5031	192	3ea80622ff720a9c1f7439829e8a7326	0	35
carat/tables/qcatalog/dim6/dir.4-1;2-1/ordnung.192/(2)^12(4)^8/group.5032	192	fbd2e3fadc6e5cc81ae058bf4d4e9ece	0	23
carat/tables/qcatalog/dim6/dir.4-1;2-1/ordnung.192/(2)^12(4)^8/group.5033	192	80d0bc4b4dbf772cf7cb32627277db2a	0	23
carat/tables/qcatalog/dim6/dir.4-1;2-1/ordnung.192/(2)^12(6)^8/group.5034	192	f58b40d8262804289abbecefad103c56	0	39
carat/tables/qcatalog/dim6/dir.4-1;2-1/ordnung.192/(2)^12(6)^8/group.5035	192	832da1c2a46bd111223a9f40dc908e1b	0	36
carat/tables/qcatalog/dim6/dir.4-1;2-1/ordnung.192/(2)^12(6)^8/group.5036	192	b102d0a34f5c9a7e37c68ab1103e8234	0	36
carat/tables/qcatalog/dim6/dir.4-1;2-1/ordnung.192/(2)^12(6)^8/group.5037	192	0f33aa3633b0c5254568c8ff464c101f	0	33
carat/tables/qcatalog/dim6/dir.4-1;2-1/ordnung.192/(2)^12(6)^8/group.5038	192	48e084f6c4e72c931871f11b466d92b5	0	39
carat/tables/qcatalog/dim6/dir.4-1;2-1/ordnung.192/(2)^12(6)^8/group.5039	192	6da2fc10dd4d9e0f4bcfde4b83735a01	0	33
carat/tables/qcatalog/dim6/dir.4-1;2-1/ordnung.192/(2)^20/group.5040	192	0386a2c6848b6914aa08c5780f5dfbfa	0	17
carat/tables/qcatalog/dim6/dir.4-1;2-1/ordnung.192/(2)^6(4)^2/group.5041	192	fee69ade41f1fab71f4102738db5de8d	0	35
carat/tables/qcatalog/dim6/dir.4-1;1;1/ordnung.64/(2)^8(4)^8(8)^2/group.4891	64	6b23f236271ab148d14608b4e2f46af6	1	16
carat/tables/qcatalog/dim6/dir.4-1;1;1/ordnung.64/(2)^8(4)^8(8)^2/group.4892	64	fa933e6aae6e3d2cdf8467529816712a	1	16
carat/tables/qcatalog/dim6/dir.4-1;1;1/ordnung.768/(1)^2(2)^12(4)^4/group.4893	768	fac707957e7e2bafcb5954ad0828ae05	1	64
carat/tables/qcatalog/dim6/dir.4-1;1;1/ordnung.768/(1)^4(2)^10(4)^4/group.4894	768	5144dd68cfdeaf35f08bbd44f6785a0f	1	52
carat/tables/qcatalog/dim6/dir.4-1;1;1/ordnung.768/(1)^4(2)^12(4)^2/group.4895	768	6098e32024e5c9d94262ae34698ed863	1	40
carat/tables/qcatalog/dim6/dir.4-1;1;1/ordnung.768/(1)^4(2)^12(4)^2/group.4896	768	a8b9bdd5e08304e5a4ceb32beeb92137	1	40
carat/tables/qcatalog/dim6/dir.4-1;1;1/ordnung.768/(1)^4(2)^12(4)^2/group.4897	768	2e742f3a7238bf514c9dc7c128647043	1	40
carat/tables/qcatalog/dim6/dir.4-1;1;1/ordnung.768/(1)^4(2)^12(4)^2/group.4898	768	76fd64c6724475d136805a485f3f5d9b	1	40
carat/tables/qcatalog/dim6/dir.4-1;1;1/ordnung.768/(1)^4(2)^12(4)^2/group.4899	768	e37f03e787cb25bbd3548780cf16b63d	1	40
carat/tables/qcatalog/dim6/dir.4-1;1;1/ordnung.768/(1)^4(2)^12(4)^2/group.4900	768	ea9cce34aaef310dbf2b6d74213f2ebf	1	40
carat/tables/qcatalog/dim6/dir.4-1;1;1/ordnung.768/(1)^4(2)^12(4)^2/group.4901	768	57098d024ee187a7c12cb13578a5bfd9	1	52
carat/tables/qcatalog/dim6/dir.4-1;1;1/ordnung.768/(1)^4(2)^12(8)^2/group.4902	768	886bb240c96ba911b34b5259ac37752b	1	40
carat/tables/qcatalog/dim6/dir.4-1;1;1/ordnung.768/(2)^18/group.4903	768	bdd36979fe261d4f5d24da0bb35d73d1	1	68
carat/tables/qcatalog/dim6/dir.4-1;1;1/ordnung.8/(2)^2(8)^4/min.502	8	1c25ec9bc4ae8439df2fd1feb15f131b	1	5
carat/tables/qcatalog/dim6/dir.4-1;1;1/ordnung.8/(2)^2(8)^4/min.503	8	b188d6398ab57037d3820c1ee99a4359	1	5
carat/tables/qcatalog/dim6/dir.4-1;1;1/ordnung.96/(1)^2(2)^4(6)^2(12)^2/group.4904	96	ba0c4da075a627c3bbd944ec336c2c89	1	28
carat/tables/qcatalog/dim6/dir.4-1;1;1/ordnung.96/(1)^4(2)^6(6)^6(12)^2/group.4905	96	d632ccce89f83843e0a4f9f24442a5dd	1	16
carat/tables/qcatalog/dim6/dir.4-1;1;1/ordnung.96/(1)^4(2)^6(6)^6(12)^2/group.4906	96	ec9fcb736f69aff3ea0233999f7df2bd	1	16
carat/tables/qcatalog/dim6/dir.4-1;1;1/ordnung.96/(1)^4(2)^6(6)^6(24)^2/group.4907	96	89f0a9bd2aab5475b5f22344eb61a9af	1	16
carat/tables/qcatalog/dim6/dir.4-1;1;1/ordnung.96/(2)^10(4)^8/group.4909	96	3e54fce35f99269c5ee4a8f6a4dab8ae	1	19
carat/tables/qcatalog/dim6/dir.4-1;1;1/ordnung.96/(2)^6(6)^4/group.4929	96	e02c8ed2c10d4efd2bbcdb01bae2d68b	1	60
carat/tables/qcatalog/dim6/dir.4-1;1;1/ordnung.96/(2)^6(6)^4/group.4930	96	19077b3826f4827719462c1fff047a31	1	48
carat/tables/qcatalog/dim6/dir.4-1;2-1/ordnung.1024/(2)^14(4)^6/group.4931	1024	d6b1bc420b398df57ed0c9383a7317a3	0	100
carat/tables/qcatalog/dim6/dir.4-1;2-1/ordnung.1152/(1)^4(2)^10(4)^4/group.4932	1152	be63a8fbfcf5d2f5f4785418ceffe503	0	100
carat/tables/qcatalog/dim6/dir.4-1;2-1/ordnung.1152/(1)^6(2)^10(4)^2/group.4933	1152	993ca04f75699e33fec7b2a26113e10d	0	46
carat/tables/qcatalog/dim6/dir.4-1;2-1/ordnung.1152/(1)^8(2)^10/group.4934	1152	00973f497aa4d6a52862d8fd91fd5f3b	0	40
carat/tables/qcatalog/dim6/dir.4-1;2-1/ordnung.1152/(1)^8(2)^4(6)^8/group.4935	1152	1990f4ebfa1f17d7a38caa6f814ec465	0	75
carat/tables/qcatalog/dim6/dir.4-1;2-1/ordnung.128/(2)^12(4)^4(8)^4/group.4936	128	268fa2eb2ea0bfb7c2af8ddfe141df51	0	20
carat/tables/qcatalog/dim6/dir.4-1;2-1/ordnung.128/(2)^12(4)^4(8)^4/group.4937	128	482ab92aacc54475011011c140f0d03f	0	20
carat/tables/qcatalog/dim6/dir.4-1;2-1/ordnung.128/(2)^12(4)^4(8)^4/group.4938	128	bbda24b889a3c7f19708988e057613fb	0	20
carat/tables/qcatalog/dim6/dir.4-1;2-1/ordnung.128/(2)^12(4)^4(8)^4/group.4939	128	de9f57677884864f5c79d000baa88251	0	20
carat/tables/qcatalog/dim6/dir.4-1;2-1/ordnung.128/(2)^2(4)^14(8)^2/group.4940	128	2ee7ae70340bca0757152a9245bbef71	0	68
carat/tables/qcatalog/dim6/dir.4-1;2-1/ordnung.128/(2)^2(4)^14(8)^2/group.4941	128	1d1bcc462cdd22bd3dc020aa780dff47	0	44
carat/tables/qcatalog/dim6/dir.4-1;2-1/ordnung.128/(2)^2(4)^14(8)^2/group.4942	128	ab68882a11d475d767e45c078d9dd751	0	44
carat/tables/qcatalog/dim6/dir.4-1;2-1/ordnung.128/(2)^2(4)^14(8)^2/group.4943	128	337b58b88dfeed31eb1fb175e2a92aeb	0	44
carat/tables/qcatalog/dim6/dir.4-1;2-1/ordnung.128/(2)^4(4)^12(8)^4/group.4944	128	4ada0aefbb5ed095e802fc215b306587	0	32
carat/tables/qcatalog/dim6/dir.4-1;2-1/ordnung.128/(2)^4(4)^12(8)^4/group.4945	128	09e327954d555437a2d2959340766861	0	44
carat/tables/qcatalog/dim6/dir.4-1;2-1/ordnung.128/(2)^4(4)^12(8)^4/group.4946	128	8b2095c73bb66d7d1b31a43f1a7fb7df	0	44
carat/tables/qcatalog/dim6/dir.4-1;2-1/ordnung.128/(2)^4(4)^12(8)^4/group.4947	128	51a0a79f6a61cee5e3735fc136a75d3f	0	32
carat/tables/qcatalog/dim6/dir.4-1;2-1/ordnung.128/(2)^4(4)^12(8)^4/group.4948	128	28a78ca99fcef26f8ec40f78530e6219	0	32
carat/tables/qcatalog/dim6/dir.4-1;1;1/ordnung.192/(2)^10/group.4667	192	53df6f2003f6ff9cea4de1a8bdaabc6a	1	32
carat/tables/qcatalog/dim6/dir.4-1;1;1/ordnung.192/(2)^10/group.4668	192	018e74f6e42be13c5a3db9a1329ba0da	1	32
carat/tables/qcatalog/dim6/dir.4-1;1;1/ordnung.192/(2)^10/group.4669	192	14bebc0483480b0a00f4c67fd0628bb8	1	32
carat/tables/qcatalog/dim6/dir.4-1;1;1/ordnung.192/(2)^18/group.4679	192	54c2cf97229b150ba7e002bae6164815	1	17
carat/tables/qcatalog/dim6/dir.4-1;1;1/ordnung.192/(2)^18/group.4680	192	74181b942eea7d87f607b84ff3ff86a9	1	17
carat/tables/qcatalog/dim6/dir.4-1;1;1/ordnung.192/(2)^18/group.4681	192	57b3f9b7d3179ff5335bdc78afd31737	1	17
carat/tables/qcatalog/dim6/dir.4-1;1;1/ordnung.192/(2)^18/group.4682	192	faea15b2eeef1bf56b11823121b83117	1	17
carat/tables/qcatalog/dim6/dir.4-1;1;1/ordnung.192/(2)^18/group.4683	192	a6ee081a5dcaf137434456bbd6da0e99	1	17
carat/tables/qcatalog/dim6/dir.4-1;1;1/ordnung.192/(2)^18/group.4684	192	5e6bf5e1ceddae1fdc8f15cfb2752d79	1	17
carat/tables/qcatalog/dim6/dir.4-1;1;1/ordnung.192/(2)^6(4)^4/group.4685	192	0ea8069b802c62d069c7c7c90a7c4c9a	1	56
carat/tables/qcatalog/dim6/dir.4-1;1;1/ordnung.192/(2)^6(4)^4/group.4686	192	495908ed73b22084d97a7095631d0b9a	1	32
carat/tables/qcatalog/dim6/dir.4-1;1;1/ordnung.2304/(1)^6(2)^10(4)^2/group.4687	2304	ff6518e8815b657f7283353323cd726d	1	92
carat/tables/qcatalog/dim6/dir.4-1;1;1/ordnung.2304/(1)^8(2)^10/group.4688	2304	35c3136ced3ae04be218881c539d9e01	1	50
carat/tables/qcatalog/dim6/dir.4-1;1;1/ordnung.2304/(1)^8(2)^10/group.4689	2304	bd5012113d5984ab643b0313d926c9d5	1	80
carat/tables/qcatalog/dim6/dir.4-1;1;1/ordnung.2304/(1)^8(2)^10/group.4690	2304	6678b880d573ca89a82462a464824d17	1	50
carat/tables/qcatalog/dim6/dir.4-1;1;1/ordnung.2304/(1)^8(2)^10/group.4691	2304	d2d0d5e4d736d79d74d71f95a76cd783	1	50
carat/tables/qcatalog/dim6/dir.4-1;1;1/ordnung.2304/(1)^8(2)^10/group.4692	2304	5e41c7b0d436b321bf08b14284426097	1	50
carat/tables/qcatalog/dim6/dir.4-1;1;1/ordnung.2304/(1)^8(2)^10/group.4693	2304	cfa73219be32b46fd5a205caa2aa5985	1	50
carat/tables/qcatalog/dim6/dir.4-1;1;1/ordnung.24/(2)^6(6)^4/group.4694	24	1da7f625a788670b71c150c244305275	1	15
carat/tables/qcatalog/dim6/dir.4-1;1;1/ordnung.24/(2)^6(6)^4/group.4695	24	f56e92fd0a682efd35c3507edc32da3f	1	15
carat/tables/qcatalog/dim6/dir.4-1;2-1/ordnung.256/(2)^12(4)^4(8)^2/group.5061	256	e67e39c2f12f0ba372fb63f6681d7c09	0	40
carat/tables/qcatalog/dim6/dir.4-1;2-1/ordnung.256/(2)^12(4)^4(8)^2/group.5062	256	5eba1ba97bdd6cef8c51f7f947b37015	0	40
carat/tables/qcatalog/dim6/dir.4-1;2-1/ordnung.256/(2)^12(4)^4(8)^2/group.5063	256	29ba7e49a889af9532310f117f7004f3	0	40
carat/tables/qcatalog/dim6/dir.4-1;2-1/ordnung.256/(2)^12(4)^4(8)^2/group.5064	256	67333041fa243469d635f078fbd70117	0	40
carat/tables/qcatalog/dim6/dir.4-1;2-1/ordnung.256/(2)^12(4)^4(8)^2/group.5065	256	d04a26e151bc61ede85a20dd96527203	0	40
carat/tables/qcatalog/dim6/dir.4-1;2-1/ordnung.256/(2)^12(4)^4(8)^4/group.5066	256	511a1a55a151b1517b219d3ff475c41f	0	40
carat/tables/qcatalog/dim6/dir.4-1;2-1/ordnung.256/(2)^12(4)^4(8)^4/group.5067	256	7cf67b664534465bad5b226619875e39	0	40
carat/tables/qcatalog/dim6/dir.4-1;2-1/ordnung.256/(2)^12(4)^4(8)^4/group.5068	256	84cae069e06bfaf57eae6dab6675ebc3	0	40
carat/tables/qcatalog/dim6/dir.4-1;2-1/ordnung.256/(2)^12(4)^4(8)^4/group.5069	256	bb7897d62d4e8a232d5d4cca9a13fad1	0	40
carat/tables/qcatalog/dim6/dir.4-1;2-1/ordnung.256/(2)^12(4)^4(8)^4/group.5070	256	45f2f5fdc301d0492ddea9d3d1c3a227	0	40
carat/tables/qcatalog/dim6/dir.4-1;2-1/ordnung.256/(2)^12(4)^4(8)^4/group.5071	256	5f7cf3350ae04f83445acb0185086921	0	40
carat/tables/qcatalog/dim6/dir.4-1;2-1/ordnung.256/(2)^12(4)^6(8)^2/group.5072	256	fdedb31f1c969edd5ac9e571f2b01233	0	31
carat/tables/qcatalog/dim6/dir.4-1;2-1/ordnung.256/(2)^12(4)^6(8)^2/group.5073	256	e8a72e325cd3045dc8effe55c2f802f3	0	31
carat/tables/qcatalog/dim6/dir.4-1;2-1/ordnung.256/(2)^12(4)^6(8)^2/group.5074	256	d3c544533d16a7cb0fd97d78b15d2d29	0	31
carat/tables/qcatalog/dim6/dir.4-1;2-1/ordnung.256/(2)^12(4)^6(8)^2/group.5075	256	327eea51239be137db2729957daf09b5	0	31
carat/tables/qcatalog/dim6/dir.4-1;2-1/ordnung.256/(2)^12(4)^6(8)^2/group.5076	256	caeb51a2b53eb6912dfa4ee1b71ebe27	0	31
carat/tables/qcatalog/dim6/dir.4-1;2-1/ordnung.256/(2)^12(4)^6(8)^2/group.5077	256	f3955f02fb97fb05b46262a0660a2ebb	0	31
carat/tables/qcatalog/dim6/dir.4-1;2-1/ordnung.256/(2)^12(4)^6(8)^2/group.5078	256	d6d01e2a6aacf9c1d310be6bef57899f	0	31
carat/tables/qcatalog/dim6/dir.4-1;2-1/ordnung.256/(2)^4(4)^14(8)^2/group.5079	256	56ac7f769a7b31095e081401389de737	0	85
carat/tables/qcatalog/dim6/dir.4-1;2-1/ordnung.256/(2)^4(4)^14(8)^2/group.5080	256	2e9266d27e1d4480961f7c1c29dc8e32	0	55
carat/tables/qcatalog/dim6/dir.4-1;2-1/ordnung.256/(2)^8(4)^12/group.5101	256	6e4904c5ac553ccdd0a5e761271c31f3	0	37
carat/tables/qcatalog/dim6/dir.4-1;2-1/ordnung.256/(2)^8(4)^12/group.5102	256	4b87b7266dace9a77bf3476029259ec5	0	37
carat/tables/qcatalog/dim6/dir.4-1;2-1/ordnung.256/(2)^8(4)^12/group.5103	256	3668565183ed1927a8b0049db90e42b5	0	37
carat/tables/qcatalog/dim6/dir.4-1;2-1/ordnung.256/(2)^8(4)^12/group.5104	256	f765705a481ca152de7e6f87f7cffcd4	0	40
carat/tables/qcatalog/dim6/dir.4-1;2-1/ordnung.256/(2)^8(4)^12/group.5105	256	3723f62fc0cddf4be0a1d4b0f96ca789	0	49
carat/tables/qcatalog/dim6/dir.4-1;2-1/ordnung.256/(2)^8(4)^12/group.5106	256	b70b17a0bec3d31d3c2433d37327c9cb	0	37
carat/tables/qcatalog/dim6/dir.4-1;2-1/ordnung.256/(2)^8(4)^12/group.5107	256	c317c9f0c87576d189045164ed21df77	0	40
carat/tables/qcatalog/dim6/dir.4-1;2-1/ordnung.256/(2)^8(4)^12/group.5108	256	f4b862d67edae8c992843d0fbfbc0ff7	0	49
carat/tables/qcatalog/dim6/dir.4-1;2-1/ordnung.256/(2)^8(4)^12/group.5109	256	c7a1b563aa5871f5c39e910bb2533943	0	43
carat/tables/qcatalog/dim6/dir.4-1;2-1/ordnung.256/(2)^8(4)^12/group.5110	256	9df2116b388c831446a12b8677c533b6	0	43
carat/tables/qcatalog/dim6/dir.4-1;2-1/ordnung.256/(2)^8(4)^12/group.5111	256	fde836c01849d206961256924f8d3de8	0	46
carat/tables/qcatalog/dim6/dir.4-1;2-1/ordnung.256/(2)^8(4)^12/group.5112	256	6c7e5feae0c90b8b53e67c05be503a59	0	46
carat/tables/qcatalog/dim6/dir.4-1;2-1/ordnung.256/(2)^8(4)^12/group.5113	256	082241c0eee80ca220c5805a0a5f7a7c	0	43
carat/tables/qcatalog/dim6/dir.4-1;2-1/ordnung.288/(1)^4(2)^2(6)^4/group.5114	288	1089a0c9fffa5f804a53243a43a0fae2	0	84
carat/tables/qcatalog/dim6/dir.4-1;2-1/ordnung.288/(1)^8(2)^2(6)^8/group.5115	288	6be6f9ed082ac138a2e5fbec0d2f5492	0	30
carat/tables/qcatalog/dim6/dir.4-1;2-1/ordnung.3072/(1)^4(2)^14(4)^2/group.5116	3072	afb80885079505ff310b9c81431dfdf9	0	100
carat/tables/qcatalog/dim6/dir.4-1;2-1/ordnung.32/(2)^2(4)^12(8)^4/group.5117	32	a9d1e6a3b82acffcf754c044d4daa63a	0	11
carat/tables/qcatalog/dim6/dir.4-1;2-1/ordnung.32/(2)^2(4)^12(8)^4/min.512	32	bd3891b0993d1264378406ab1b907fca	0	11
carat/tables/qcatalog/dim6/dir.4-1;2-1/ordnung.32/(2)^2(4)^12(8)^4/min.513	32	3f505ae3730d38a60be055a2b841adbc	0	11
carat/tables/qcatalog/dim6/dir.4-1;2-1/ordnung.32/(2)^2(4)^2(8)^2/group.5118	32	b545e121dc87c723cf05ceb6c7c19645	0	20
carat/tables/qcatalog/dim6/dir.4-1;2-1/ordnung.576/(1)^4(2)^4(6)^4/group.5189	576	b7e74058ceb2ef0b8c775c7185a1bbad	0	105
carat/tables/qcatalog/dim6/dir.4-1;2-1/ordnung.576/(1)^8(2)^2(6)^8/group.5190	576	7eeef00d07cf39227527c45221416138	0	60
carat/tables/qcatalog/dim6/dir.4-1;2-1/ordnung.576/(1)^8(2)^4(6)^8/group.5191	576	362c4dbd8f3f0b7dd5f29e51d69fb63f	0	51
carat/tables/qcatalog/dim6/dir.4-1;2-1/ordnung.576/(1)^8(2)^4(6)^8/group.5192	576	c325e91915e827322ae4c6aab42c80e0	0	51
carat/tables/qcatalog/dim6/dir.4-1;2-1/ordnung.64/(2)^2(4)^12(8)^4/group.5193	64	416646d2dbd8fa5e31db852e284637ec	0	22
carat/tables/qcatalog/dim6/dir.4-1;2-1/ordnung.64/(2)^2(4)^12(8)^4/group.5194	64	2548e9aa2f9fa80ed3ef862aefd49b7c	0	34
carat/tables/qcatalog/dim6/dir.4-1;2-1/ordnung.64/(2)^2(4)^12(8)^4/group.5195	64	332b563aff1365362436d2176a8af2e4	0	22
carat/tables/qcatalog/dim6/dir.4-1;2-1/ordnung.64/(2)^2(4)^12(8)^4/group.5196	64	7977dc672116f3be151a9a9fdce86934	0	22
carat/tables/qcatalog/dim6/dir.4-1;2-1/ordnung.64/(2)^2(4)^12(8)^4/group.5197	64	1221cb02c4a87bfe40936c858d641944	0	34
carat/tables/qcatalog/dim6/dir.4-1;2-1/ordnung.64/(2)^2(4)^12(8)^4/group.5198	64	305fcf24299d591a6af1700a6a4628f0	0	22
carat/tables/qcatalog/dim6/dir.4-1;2-1/ordnung.64/(2)^2(4)^12(8)^4/group.5199	64	90732986626390b03b4f6bc2b88782be	0	22
carat/tables/qcatalog/dim6/dir.4-1;2-1/ordnung.64/(2)^2(4)^12(8)^4/group.5200	64	e0ffdf4eecc8097840837fabf4f419ce	0	22
carat/tables/qcatalog/dim6/dir.4-1;2-1/ordnung.64/(2)^2(4)^12(8)^4/group.5201	64	2fcc11c8c7a831ccf2b30968574e11f2	0	22
carat/tables/qcatalog/dim6/dir.4-1;2-1/ordnung.64/(2)^2(4)^12(8)^4/group.5202	64	8666b7899c7d0216c3ede8840d799ba4	0	22
carat/tables/qcatalog/dim6/dir.4-1;2-1/ordnung.64/(2)^2(4)^12(8)^4/min.524	64	55b3714584339bd85b4f34b3abc51706	0	22
carat/tables/qcatalog/dim6/dir.4-1;2-1/ordnung.64/(2)^2(4)^6(8)^2/group.5203	64	ad102b6194e3b1a492d726df52ccb37a	0	40
carat/tables/qcatalog/dim6/dir.4-1;2-1/ordnung.64/(2)^2(4)^6(8)^2/group.5204	64	f6281be741965d3c097467cfcc5dfd1a	0	40
carat/tables/qcatalog/dim6/dir.4-1;2-1/ordnung.64/(2)^2(4)^6(8)^2/group.5205	64	2a6a4152f96125e663922dae5cc0d2e4	0	28
carat/tables/qcatalog/dim6/dir.4-1;2-1/ordnung.64/(2)^2(4)^8(8)^2/group.5206	64	05877e4b878d4fcc43ea4824ac5db5e2	0	28
carat/tables/qcatalog/dim6/dir.4-1;2-1/ordnung.64/(2)^2(4)^8(8)^2/group.5207	64	7c641643512beaf8c62882a91dd7009e	0	28
carat/tables/qcatalog/dim6/dir.4-1;2-1/ordnung.64/(2)^4(4)^4(8)^4/group.5228	64	b4ea94ce84e0cf88767d4bfee1957386	0	28
carat/tables/qcatalog/dim6/dir.4-1;2-1/ordnung.64/(2)^4(4)^8(8)^8/group.5229	64	afd5284589fbe544d2e979f17edb42ca	0	22
carat/tables/qcatalog/dim6/dir.4-1;2-1/ordnung.64/(2)^4(4)^8(8)^8/group.5230	64	4506c0b6fed2504c086287eae8dc620a	0	22
carat/tables/qcatalog/dim6/dir.4-1;2-1/ordnung.64/(2)^4(4)^8(8)^8/group.5231	64	72a13aa309c3d4f8c38869a9f97ccca6	0	22
carat/tables/qcatalog/dim6/dir.4-1;2-1/ordnung.64/(2)^4(4)^8(8)^8/group.5232	64	9b1027b0c0eb83ded74aea18b06b308c	0	22
carat/tables/qcatalog/dim6/dir.4-1;2-1/ordnung.64/(2)^4(4)^8(8)^8/group.5233	64	55fbafea7ab617b8ad03e55b274e0496	0	22
carat/tables/qcatalog/dim6/dir.4-1;2-1/ordnung.64/(2)^4(4)^8(8)^8/group.5234	64	f9bfedd19f10f2be336b36c2f037c324	0	22
carat/tables/qcatalog/dim6/dir.4-1;2-1/ordnung.64/(2)^4(4)^8(8)^8/group.5235	64	59c1a52c5570a08e222778c78bf76304	0	22
carat/tables/qcatalog/dim6/dir.4-1;2-1/ordnung.64/(2)^4(4)^8(8)^8/group.5236	64	f4eae94e0476d670ca9926cc1486169e	0	22
carat/tables/qcatalog/dim6/dir.4-1;2-1/ordnung.64/(2)^4(4)^8(8)^8/group.5237	64	dbe3312fde99256d93161802f9aea15f	0	16
carat/tables/qcatalog/dim6/dir.4-1;2-1/ordnung.64/(2)^4(4)^8(8)^8/group.5238	64	9d59deef4ba2f7dcb68b1dfa815ef0e2	0	16
carat/tables/qcatalog/dim6/dir.4-1;2-1/ordnung.64/(2)^4(4)^8(8)^8/group.5239	64	453ff1b43bfebb7b81ac3b5e3ba4ae8d	0	25
carat/tables/qcatalog/dim6/dir.4-1;2-1/ordnung.64/(2)^4(4)^8(8)^8/group.5240	64	ff1bf797939df336e79c112f6e78e2fc	0	25
carat/tables/qcatalog/dim6/dir.4-1;2-1/ordnung.64/(2)^4(4)^8(8)^8/group.5241	64	2abd32512342546e5e82a4afb80b94f4	0	19
carat/tables/qcatalog/dim6/dir.4-1;2-1/ordnung.64/(2)^4(4)^8(8)^8/group.5242	64	56c1269a2662212c5a0cb6a5929876ea	0	19
carat/tables/qcatalog/dim6/dir.4-1;2-1/ordnung.64/(2)^4(4)^8(8)^8/group.5243	64	812007e88afa527f6a5d544ecfc36e49	0	16
carat/tables/qcatalog/dim6/dir.4-1;2-1/ordnung.64/(2)^4(4)^8(8)^8/group.5244	64	af9fe50f99644ab56b75cd551b90459f	0	19
carat/tables/qcatalog/dim6/dir.4-1;2-1/ordnung.64/(2)^4(4)^8(8)^8/group.5245	64	f7084f2a600ec736b02d23cc1f2389a4	0	19
carat/tables/qcatalog/dim6/dir.4-1;2-1/ordnung.64/(2)^4(4)^8(8)^8/group.5246	64	756a98a593bbe2d5396752ea100164f7	0	19
carat/tables/qcatalog/dim6/dir.4-1;2-1/ordnung.64/(2)^4(4)^8(8)^8/group.5247	64	f90c459c6842c0fec836abee51ec54f4	0	19
carat/tables/qcatalog/dim6/dir.4-1;2-1/ordnung.32/(2)^4(8)^8/group.5134	32	386aea779f4bc39f23bfe46e7eae30a1	0	14
carat/tables/qcatalog/dim6/dir.4-1;2-1/ordnung.32/(2)^4(8)^8/group.5135	32	ea7e4be9aca5a05bc818f3208f5e67c5	0	20
carat/tables/qcatalog/dim6/dir.4-1;2-1/ordnung.32/(2)^4(8)^8/group.5136	32	8adcce3a1055fea375c2d26d65844545	0	14
carat/tables/qcatalog/dim6/dir.4-1;2-1/ordnung.32/(2)^4(8)^8/group.5137	32	9120812613fc90cb3f96623b6ce7e6ed	0	14
carat/tables/qcatalog/dim6/dir.4-1;2-1/ordnung.32/(2)^4(8)^8/min.519	32	26f25fb33a4111bd32546e455f3dfb3f	0	14
carat/tables/qcatalog/dim6/dir.4-1;2-1/ordnung.32/(2)^4(8)^8/min.520	32	97084da1ef4c4a15362e092147990c17	0	14
carat/tables/qcatalog/dim6/dir.4-1;2-1/ordnung.32/(2)^4(8)^8/min.521	32	9474df54547b8c03dd45ed13fd6f54fd	0	14
carat/tables/qcatalog/dim6/dir.4-1;2-1/ordnung.32/(2)^4(8)^8/min.522	32	9b39de2a2dde8b8f0af9e512e7c6f2a9	0	20
carat/tables/qcatalog/dim6/dir.4-1;2-1/ordnung.32/(2)^4(8)^8/min.523	32	b3eafa2cf52b293742de09daaf0cc661	0	20
carat/tables/qcatalog/dim6/dir.4-1;2-1/ordnung.384/(1)^2(2)^10(4)^6/group.5138	384	eae6396f0d7339df9d99bfc01db752d1	0	44
carat/tables/qcatalog/dim6/dir.4-1;2-1/ordnung.384/(1)^2(2)^12(4)^2(8)^2/group.5139	384	e8e6af8454b1b52721d83184c0d2ab19	0	32
carat/tables/qcatalog/dim6/dir.4-1;2-1/ordnung.384/(1)^4(2)^10(4)^4/group.5140	384	287a2d74e8ef4f61a9735d7cde071267	0	26
carat/tables/qcatalog/dim6/dir.4-1;2-1/ordnung.384/(1)^4(2)^12(8)^2/group.5141	384	12b33d8498f8e51905f33cd8a647dfcf	0	26
carat/tables/qcatalog/dim6/dir.4-1;2-1/ordnung.384/(1)^4(2)^8(6)^6(12)^2/group.5142	384	6aee0fc1a7db3942f9a04d0bd39b7ba4	0	40
carat/tables/qcatalog/dim6/dir.4-1;2-1/ordnung.384/(2)^10(4)^8/group.5144	384	c4a2ec794cecce2371f3010e33726f7d	0	76
carat/tables/qcatalog/dim6/dir.4-1;2-1/ordnung.384/(2)^10(4)^8/group.5145	384	3c257eaf1d4c06f34c51d8e2990b7f29	0	52
carat/tables/qcatalog/dim6/dir.4-1;2-1/ordnung.384/(2)^10/group.5143	384	d0467f9c2bae239d5f2afaa522f3f1bb	0	64
carat/tables/qcatalog/dim6/dir.4-1;2-1/ordnung.384/(2)^12(4)^8/group.5148	384	faee680c40dcb237cec3ef263fee02ed	0	40
carat/tables/qcatalog/dim6/dir.4-1;2-1/ordnung.384/(2)^12(4)^8/group.5149	384	69a2f3492b955ac35c0488c3752a7225	0	52
carat/tables/qcatalog/dim6/dir.4-1;2-1/ordnung.384/(2)^12(4)^8/group.5150	384	9542d7a75845ca4e33abc2a9f8039a40	0	40
carat/tables/qcatalog/dim6/dir.4-1;2-1/ordnung.64/(2)^4(4)^8(8)^8/group.5248	64	fbe6a69eb6e0d88ccaeeb407a58d9bf2	0	19
carat/tables/qcatalog/dim6/dir.4-1;2-1/ordnung.64/(2)^4(4)^8(8)^8/group.5249	64	0fe80a74b6a8b0c2fe64ffb46dca9aa8	0	25
carat/tables/qcatalog/dim6/dir.4-1;2-1/ordnung.64/(2)^4(4)^8(8)^8/min.525	64	45deb98de476eae649ea5cd303bbe524	0	22
carat/tables/qcatalog/dim6/dir.4-1;2-1/ordnung.64/(2)^4(4)^8(8)^8/min.526	64	0d88c192b0193b803af25c9be9212e96	0	22
carat/tables/qcatalog/dim6/dir.4-1;2-1/ordnung.64/(2)^8(4)^8(8)^2/group.5250	64	74a092a21da05fc39d155efbae29f66d	0	13
carat/tables/qcatalog/dim6/dir.4-1;2-1/ordnung.64/(2)^8(4)^8(8)^2/group.5251	64	63b92c0579ed1195bd5ab89736af5f4f	0	13
carat/tables/qcatalog/dim6/dir.4-1;2-1/ordnung.64/(2)^8(4)^8(8)^2/group.5252	64	aeb5198c935389e95c8fa33d80800cab	0	13
carat/tables/qcatalog/dim6/dir.4-1;2-1/ordnung.64/(2)^8(4)^8(8)^2/group.5253	64	fb2bca1993a35d59cd76e2af8e1e0ccb	0	13
carat/tables/qcatalog/dim6/dir.4-1;2-1/ordnung.64/(2)^8(4)^8(8)^4/group.5254	64	37e64aa04ec68f724be57a7c3a12bcd0	0	16
carat/tables/qcatalog/dim6/dir.4-1;2-1/ordnung.64/(2)^8(4)^8(8)^4/group.5255	64	6645d8ce29d5b33533122e2760519ee7	0	13
carat/tables/qcatalog/dim6/dir.4-1;2-1/ordnung.64/(2)^8(4)^8(8)^4/group.5256	64	362b79be98564b355a4637dfc0ef1c3f	0	13
carat/tables/qcatalog/dim6/dir.4-1;2-1/ordnung.64/(2)^8(4)^8(8)^4/group.5257	64	80f1c13bade0e6430e29ade2fdaf56d5	0	13
carat/tables/qcatalog/dim6/dir.4-1;2-1/ordnung.64/(2)^8(4)^8(8)^4/group.5258	64	91f33f38672150323659ec35ee8417d0	0	16
carat/tables/qcatalog/dim6/dir.4-1;2-1/ordnung.64/(2)^8(4)^8(8)^4/group.5259	64	b74fd19ed30685145395f53e7e36e84a	0	16
carat/tables/qcatalog/dim6/dir.4-1;2-1/ordnung.64/(2)^8(4)^8(8)^4/group.5260	64	0d9d3ab803bcb1bb99d915ffa30db8fd	0	16
carat/tables/qcatalog/dim6/dir.4-1;2-1/ordnung.64/(2)^8(4)^8(8)^4/group.5261	64	84b1618bec62351f4e6a30392ce23609	0	16
carat/tables/qcatalog/dim6/dir.4-1;2-1/ordnung.768/(1)^2(2)^12(4)^4/group.5262	768	d0635a2f40d0cb37ed856dc7db537eb5	0	64
carat/tables/qcatalog/dim6/dir.4-1;2-1/ordnung.768/(1)^2(2)^12(4)^6/group.5263	768	bab93621fbcb09619480fedbd3e46ca7	0	43
carat/tables/qcatalog/dim6/dir.4-1;2-1/ordnung.768/(1)^2(2)^12(4)^6/group.5264	768	3858c8498df217c979ed88f3f08227bf	0	55
carat/tables/qcatalog/dim6/dir.4-1;2-1/ordnung.768/(1)^2(2)^12(4)^6/group.5265	768	87a29a9fc9a6ac314175f09b2f1a622f	0	43
carat/tables/qcatalog/dim6/dir.4-1;2-1/ordnung.64/(2)^2(4)^8(8)^2/group.5208	64	7d4432922817b7446d1406d31ddcbc6a	0	28
carat/tables/qcatalog/dim6/dir.4-1;2-1/ordnung.64/(2)^4(4)^2(8)^2/group.5209	64	9e0c4c536b27faed918b249c1ad1b66f	0	25
carat/tables/qcatalog/dim6/dir.4-1;2-1/ordnung.64/(2)^4(4)^4(8)^2/group.5210	64	a32847e1f3cbb5421dc106661d82bd30	0	28
carat/tables/qcatalog/dim6/dir.4-1;2-1/ordnung.64/(2)^4(4)^4(8)^2/group.5211	64	aef1db3430a85dd02ed029c79a4cd71e	0	28
carat/tables/qcatalog/dim6/dir.4-1;2-1/ordnung.64/(2)^4(4)^4(8)^2/group.5212	64	4c08ad8a42f685c47cb25c1f33af139a	0	28
carat/tables/qcatalog/dim6/dir.4-1;2-1/ordnung.64/(2)^4(4)^4(8)^4/group.5213	64	4b6273e3087a4bbcebf79727103fbcf2	0	25
carat/tables/qcatalog/dim6/dir.4-1;2-1/ordnung.64/(2)^4(4)^4(8)^4/group.5214	64	bebb06c9db3cbcf2cb3c033a33b7eeb0	0	25
carat/tables/qcatalog/dim6/dir.4-1;2-1/ordnung.64/(2)^4(4)^4(8)^4/group.5215	64	d03cc403d9ca1365465a7811133157d7	0	25
carat/tables/qcatalog/dim6/dir.4-1;2-1/ordnung.64/(2)^4(4)^4(8)^4/group.5216	64	96f767b5677522036eaee9d31c090a4d	0	25
carat/tables/qcatalog/dim6/dir.4-1;2-1/ordnung.64/(2)^4(4)^4(8)^4/group.5217	64	a8cae70d67fecf54286468277bbdd6ca	0	28
carat/tables/qcatalog/dim6/dir.4-1;2-1/ordnung.64/(2)^4(4)^4(8)^4/group.5218	64	902261b285d662de7d7a84fb0dd1c1a4	0	28
carat/tables/qcatalog/dim6/dir.4-1;2-1/ordnung.64/(2)^4(4)^4(8)^4/group.5219	64	83eb31ef1d40ebc27ed1604b17d9b258	0	28
carat/tables/qcatalog/dim6/dir.4-1;2-1/ordnung.64/(2)^4(4)^4(8)^4/group.5220	64	4ce8b1a9f11b4ee0d0f35ed92d9eb886	0	28
carat/tables/qcatalog/dim6/dir.4-1;2-1/ordnung.64/(2)^4(4)^4(8)^4/group.5221	64	4fc7e22961b546fba8c18d614ae55555	0	22
carat/tables/qcatalog/dim6/dir.4-1;2-1/ordnung.64/(2)^4(4)^4(8)^4/group.5222	64	5cceb1c0d97c321bb36a4712af8ac2ad	0	19
carat/tables/qcatalog/dim6/dir.4-1;2-1/ordnung.64/(2)^4(4)^4(8)^4/group.5223	64	8973a98e32d24eac4812f498d3cf039a	0	22
carat/tables/qcatalog/dim6/dir.4-1;2-1/ordnung.64/(2)^4(4)^4(8)^4/group.5224	64	9d567853c8cedaebc10ea7d267c8fd0d	0	19
carat/tables/qcatalog/dim6/dir.4-1;2-1/ordnung.64/(2)^4(4)^4(8)^4/group.5225	64	25d16ebc4d72f0a5ff233f7c2b340427	0	19
carat/tables/qcatalog/dim6/dir.4-1;2-1/ordnung.64/(2)^4(4)^4(8)^4/group.5226	64	4b1a0db7aeca3e02391d52179775bec0	0	19
carat/tables/qcatalog/dim6/dir.4-1;2-1/ordnung.64/(2)^4(4)^4(8)^4/group.5227	64	ebe43900475bf69181060829be7d1d63	0	28
carat/tables/qcatalog/dim6/dir.4-1;2-1/ordnung.256/(2)^4(4)^14(8)^2/group.5081	256	0ce5133cf01ba4796934ef4ca077c617	0	55
carat/tables/qcatalog/dim6/dir.4-1;2-1/ordnung.256/(2)^4(4)^14(8)^2/group.5082	256	0f96adf6194e9abadb6e15fa2db265f4	0	55
carat/tables/qcatalog/dim6/dir.4-1;2-1/ordnung.256/(2)^6(4)^6/group.5083	256	06a4d9a3cf83fdf3f552baa738a419a9	0	70
carat/tables/qcatalog/dim6/dir.4-1;2-1/ordnung.256/(2)^8(4)^10/group.5084	256	0af2a78c72ca7475b5b9807421616a3b	0	64
carat/tables/qcatalog/dim6/dir.4-1;2-1/ordnung.256/(2)^8(4)^10/group.5085	256	b8484a9df5e9a821b7e122bc61154ce7	0	52
carat/tables/qcatalog/dim6/dir.4-1;2-1/ordnung.256/(2)^8(4)^10/group.5086	256	1d6310445b376d6ff187d403f6e3cd15	0	52
carat/tables/qcatalog/dim6/dir.4-1;2-1/ordnung.256/(2)^8(4)^10/group.5087	256	8c7d6780076f43cb999064b65784a799	0	64
carat/tables/qcatalog/dim6/dir.4-1;2-1/ordnung.256/(2)^8(4)^12/group.5088	256	6cc65a04b84951858f2b8925e640ec43	0	49
carat/tables/qcatalog/dim6/dir.4-1;2-1/ordnung.256/(2)^8(4)^12/group.5089	256	78401c6aeb76224bcc4be70fa4c74c79	0	49
carat/tables/qcatalog/dim6/dir.4-1;2-1/ordnung.256/(2)^8(4)^12/group.5090	256	46f0928d5143cbfe2b1ade01147aade8	0	37
carat/tables/qcatalog/dim6/dir.4-1;2-1/ordnung.256/(2)^8(4)^12/group.5091	256	76b6d6e5c581828afc7faef015cbd4c4	0	46
carat/tables/qcatalog/dim6/dir.4-1;2-1/ordnung.256/(2)^8(4)^12/group.5092	256	a3fb08bd90dc1c3706972f9a65f9e8ad	0	40
carat/tables/qcatalog/dim6/dir.4-1;2-1/ordnung.256/(2)^8(4)^12/group.5093	256	611ab7ccd8094e4f517d5a534478687d	0	40
carat/tables/qcatalog/dim6/dir.4-1;2-1/ordnung.256/(2)^8(4)^12/group.5094	256	27fbf3b1c71e097bedb04f76b8117699	0	46
carat/tables/qcatalog/dim6/dir.4-1;2-1/ordnung.256/(2)^8(4)^12/group.5095	256	3bd60e7271d00771284136302fc14607	0	46
carat/tables/qcatalog/dim6/dir.4-1;2-1/ordnung.256/(2)^8(4)^12/group.5096	256	710543c75b8e9b2fc320967f9066f1ad	0	46
carat/tables/qcatalog/dim6/dir.4-1;2-1/ordnung.256/(2)^8(4)^12/group.5097	256	c2a77863d176d5bee1aa1c5147058270	0	43
carat/tables/qcatalog/dim6/dir.4-1;2-1/ordnung.256/(2)^8(4)^12/group.5098	256	72802451db9fe7d676d7375773529f08	0	37
carat/tables/qcatalog/dim6/dir.4-1;2-1/ordnung.256/(2)^8(4)^12/group.5099	256	202196f03b9a9c6bf186c97ee46129f9	0	43
carat/tables/qcatalog/dim6/dir.4-1;2-1/ordnung.256/(2)^8(4)^12/group.5100	256	b79435370a54e29f4ae063dda73a2fc5	0	43
carat/tables/qcatalog/dim6/dir.4-1;2-1/ordnung.128/(2)^8(4)^8(8)^4/group.5009	128	d020293d8acb0f2137779621494702d3	0	32
carat/tables/qcatalog/dim6/dir.4-1;2-1/ordnung.128/(2)^8(4)^8(8)^4/group.5010	128	90eaacff9cd2517919060d461ad7acd3	0	32
carat/tables/qcatalog/dim6/dir.4-1;2-1/ordnung.128/(2)^8(4)^8(8)^4/min.504	128	e91900302c8083e75c3167df1c25aad9	0	26
carat/tables/qcatalog/dim6/dir.4-1;2-1/ordnung.128/(2)^8(4)^8(8)^4/min.505	128	e2b349a863644a9787c3c504b4e40569	0	26
carat/tables/qcatalog/dim6/dir.4-1;2-1/ordnung.1536/(1)^2(2)^14(4)^4/group.5011	1536	a475e09f9132f82a172e1cf046d1ffe8	0	80
carat/tables/qcatalog/dim6/dir.4-1;2-1/ordnung.1536/(1)^4(2)^12(4)^2/group.5012	1536	5a818abd71f00b8584f1ee8a965e047b	0	80
carat/tables/qcatalog/dim6/dir.4-1;2-1/ordnung.1536/(1)^4(2)^12(4)^4/group.5013	1536	bcf22e8951b45e231ea64157130b72d1	0	53
carat/tables/qcatalog/dim6/dir.4-1;2-1/ordnung.1536/(1)^4(2)^12(4)^4/group.5014	1536	cbb9992d904fa8220b982f60a911db54	0	53
carat/tables/qcatalog/dim6/dir.4-1;2-1/ordnung.1536/(1)^4(2)^12(4)^4/group.5015	1536	cd93d80684d1174ecce7ed4d8bd0a420	0	65
carat/tables/qcatalog/dim6/dir.4-1;2-1/ordnung.1536/(1)^4(2)^14(4)^2/group.5016	1536	02e3f9993dc9089bc99f315382df6a29	0	53
carat/tables/qcatalog/dim6/dir.4-1;2-1/ordnung.1536/(1)^4(2)^14(4)^2/group.5017	1536	367c017a61d5fb4f8927af39c9bcfd75	0	56
carat/tables/qcatalog/dim6/dir.4-1;2-1/ordnung.1536/(1)^4(2)^14(4)^2/group.5018	1536	dcfa6b92c68ce3a97b95f50de060ab17	0	65
carat/tables/qcatalog/dim6/dir.4-1;2-1/ordnung.1536/(1)^4(2)^14(4)^2/group.5019	1536	cdbdba7882f01a7362e107b32988b809	0	53
carat/tables/qcatalog/dim6/dir.4-1;2-1/ordnung.1536/(1)^4(2)^14(4)^2/group.5020	1536	1733e90621ee59d2eba639cf981291ac	0	56
carat/tables/qcatalog/dim6/dir.4-1;2-1/ordnung.1536/(2)^20/group.5021	1536	d50d4bbd085592d52bca0f68e14d09cb	0	85
carat/tables/qcatalog/dim6/dir.4-1;2-1/ordnung.16/(2)^2(4)^4(8)^4/min.506	16	8f7683b748fd252965c0cfaf7f027527	0	10
carat/tables/qcatalog/dim6/dir.4-1;2-1/ordnung.16/(2)^2(4)^4(8)^4/min.507	16	850188c365eae8a79f4541cc0e4ca6f5	0	10
carat/tables/qcatalog/dim6/dir.4-1;2-1/ordnung.16/(2)^2(8)^4/min.508	16	2fc20ce0feb92e2b092803e7a7a315b9	0	10
carat/tables/qcatalog/dim6/dir.4-1;2-1/ordnung.16/(2)^4(16)^4/min.509	16	849cf277c8bdfe61fcc5966ec5e4e3af	0	10
carat/tables/qcatalog/dim6/dir.4-1;2-1/ordnung.16/(2)^4(8)^8/min.510	16	36d9f84e873d8d8c0b9629acdc2ae5be	0	7
carat/tables/qcatalog/dim6/dir.4-1;2-2/ordnung.144/(1)^4(2)^2(6)^6/group.5363	144	97be5626fb0f83a06b11a46c5993392a	0	45
carat/tables/qcatalog/dim6/dir.4-1;2-2/ordnung.144/(1)^4(2)^2(6)^6/group.5364	144	3d9fe0544c06ba796a641109d3839313	0	36
carat/tables/qcatalog/dim6/dir.4-1;2-2/ordnung.144/(1)^4(2)^2(6)^6/group.5365	144	92e9e9a966084051b45d74d6e042d55b	0	36
carat/tables/qcatalog/dim6/dir.4-1;2-2/ordnung.144/(1)^4(2)^2(6)^6/group.5366	144	2c018e6e86992f079a7b352281d5d51d	0	48
carat/tables/qcatalog/dim6/dir.4-1;2-2/ordnung.144/(1)^4(2)^4(4)^2(12)^2/group.5367	144	9af7a422d799469a503978c1841f2380	0	21
carat/tables/qcatalog/dim6/dir.4-1;2-2/ordnung.144/(1)^4(2)^4(4)^2(12)^2/group.5368	144	d2ab7d16e64941aa2cb5a3036a28800c	0	15
carat/tables/qcatalog/dim6/dir.4-1;2-2/ordnung.144/(1)^4(2)^6(6)^10/group.5369	144	645da536f41d38b2a466a25cedd98920	0	24
carat/tables/qcatalog/dim6/dir.4-1;2-2/ordnung.144/(1)^4(2)^6(6)^10/group.5370	144	b374607301ed9b1fbc51fa16a515330d	0	21
carat/tables/qcatalog/dim6/dir.4-1;2-2/ordnung.144/(1)^4(2)^6(6)^10/group.5371	144	ff2e932e46b964d3b805d3b64e8a65a1	0	21
carat/tables/qcatalog/dim6/dir.4-1;2-2/ordnung.144/(1)^4(2)^6(6)^10/group.5372	144	fbf3c51dec72a4c66af3ced2c8c1186c	0	24
carat/tables/qcatalog/dim6/dir.4-1;2-2/ordnung.144/(1)^4(2)^6(6)^10/group.5373	144	d605cbe7c9809bb56a67065a6162b637	0	27
carat/tables/qcatalog/dim6/dir.4-1;2-2/ordnung.144/(1)^4(2)^6(6)^10/group.5374	144	bbe85bb50a04aa2f54b1ca214a6f13b9	0	27
carat/tables/qcatalog/dim6/dir.4-1;2-2/ordnung.144/(1)^4(2)^6(6)^10/group.5375	144	d000108ca8001e4a042102c6f5f5a0ec	0	15
carat/tables/qcatalog/dim6/dir.4-1;2-2/ordnung.144/(1)^5(3)^1(6)^4/group.5376	144	1977f3a024cda7021c754bcbee82ea34	0	42
carat/tables/qcatalog/dim6/dir.4-1;2-2/ordnung.144/(1)^5(3)^1(6)^4/group.5377	144	d475ca1786d959cc45137e8d85df4686	0	42
carat/tables/qcatalog/dim6/dir.4-1;2-2/ordnung.144/(1)^6(2)^3(6)^9/group.5378	144	8a55beb3eaf2dc164f784e012f091964	0	24
carat/tables/qcatalog/dim6/dir.4-1;2-2/ordnung.144/(1)^6(2)^3(6)^9/group.5379	144	e7803177a59b7dee77ad2a8e27266b6c	0	24
carat/tables/qcatalog/dim6/dir.4-1;2-2/ordnung.144/(1)^6(6)^6/group.5380	144	a0b801bc1de1a59e8260a1c4a37f855c	0	21
carat/tables/qcatalog/dim6/dir.4-1;2-2/ordnung.144/(1)^8(2)^2(6)^10/group.5381	144	e66449f4c6c0e9729cc39657e3c7d3e4	0	15
carat/tables/qcatalog/dim6/dir.4-1;2-2/ordnung.1536/(1)^4(2)^12(4)^2(12)^2/group.5382	1536	1a3cb57ec21f3f63adfbadca7c0031b9	0	120
carat/tables/qcatalog/dim6/dir.4-1;2-2/ordnung.192/(1)^4(2)^8(4)^6(12)^2/group.5423	192	03b3cdda97e93292ab69b418343a61b8	0	27
carat/tables/qcatalog/dim6/dir.4-1;2-2/ordnung.192/(1)^4(2)^8(4)^6(12)^2/group.5424	192	800741cc40c58d09c8748a1eddd318b3	0	27
carat/tables/qcatalog/dim6/dir.4-1;2-2/ordnung.192/(1)^4(2)^8(4)^6(12)^2/group.5425	192	fef9d3165a58792bebe7fe1a27438e65	0	27
carat/tables/qcatalog/dim6/dir.4-1;2-2/ordnung.192/(1)^4(2)^8(4)^6(12)^2/group.5426	192	683a2a95a0af068e8105528a2d2eacd0	0	27
carat/tables/qcatalog/dim6/dir.4-1;2-2/ordnung.192/(1)^4(2)^8(4)^6(12)^2/group.5427	192	83cfee700d75b1fe60195f9d30383ab0	0	24
carat/tables/qcatalog/dim6/dir.4-1;2-2/ordnung.192/(1)^4(2)^8(4)^6(12)^2/group.5428	192	0e7753e72f270176505108a15553903c	0	33
carat/tables/qcatalog/dim6/dir.4-1;2-2/ordnung.192/(1)^4(2)^8(4)^6(12)^2/group.5429	192	6ad1f35e3f371faf4eee0c0be492e511	0	24
carat/tables/qcatalog/dim6/dir.4-1;2-2/ordnung.192/(1)^4(2)^8(4)^6(12)^2/group.5430	192	e1cc6e910ff87b3e22c45e25ae6c79a8	0	27
carat/tables/qcatalog/dim6/dir.4-1;2-2/ordnung.192/(1)^4(2)^8(4)^6(12)^2/group.5431	192	b33a2214e7f8137f5ccee298bb66dde9	0	24
carat/tables/qcatalog/dim6/dir.4-1;2-2/ordnung.192/(1)^4(2)^8(4)^6(12)^2/group.5432	192	ae3f78ee02b6591a7b48c6d595a58c34	0	24
carat/tables/qcatalog/dim6/dir.4-1;2-2/ordnung.192/(1)^4(2)^8(4)^6(12)^2/group.5433	192	4c6576419a6817ea56054023b4bd50a0	0	33
carat/tables/qcatalog/dim6/dir.4-1;2-2/ordnung.192/(1)^4(2)^8(4)^6(12)^2/group.5434	192	52a718fd5056f676cebc1998e47e6444	0	33
carat/tables/qcatalog/dim6/dir.4-1;2-2/ordnung.192/(1)^4(2)^8(4)^6(12)^2/group.5435	192	2a30150e9d6b74e701162171259237dd	0	30
carat/tables/qcatalog/dim6/dir.4-1;2-2/ordnung.192/(1)^4(2)^8(4)^6(12)^2/group.5436	192	50161fe316affe7f557a55e3c494e0ad	0	30
carat/tables/qcatalog/dim6/dir.4-1;2-2/ordnung.192/(1)^4(2)^8(4)^6(12)^2/group.5437	192	08a0e0c9688ba60fc3400e026fba2115	0	27
carat/tables/qcatalog/dim6/dir.4-1;2-2/ordnung.192/(1)^4(2)^8(4)^6(12)^2/group.5438	192	21870ddcde72ec2fa89a613615710535	0	27
carat/tables/qcatalog/dim6/dir.4-1;2-2/ordnung.192/(1)^4(2)^8(4)^6(12)^2/group.5439	192	70d911ebd35c1e4c0631501628c366aa	0	30
carat/tables/qcatalog/dim6/dir.4-1;2-2/ordnung.192/(1)^4(2)^8(4)^6(12)^2/group.5440	192	7dceca9c567ded1ce87f11433dcc4e72	0	30
carat/tables/qcatalog/dim6/dir.4-1;2-2/ordnung.192/(1)^4(2)^8(4)^6(12)^2/group.5441	192	3bd593772c5abadacda68d4ab41a9ff0	0	27
carat/tables/qcatalog/dim6/dir.4-1;2-2/ordnung.192/(1)^4(2)^8(4)^6(12)^2/group.5442	192	ad2ba142c45da9e241c03faf5bfc578c	0	24
carat/tables/qcatalog/dim6/dir.4-1;2-1/ordnung.4608/(1)^8(2)^12/group.5169	4608	a00a72a383e2ff28ced0cc08d4947a1a	0	70
carat/tables/qcatalog/dim6/dir.4-1;2-1/ordnung.48/(2)^12(6)^8/group.5170	48	c572f57013fe02811966dc2a9fac716b	0	12
carat/tables/qcatalog/dim6/dir.4-1;2-1/ordnung.48/(2)^6(6)^4/group.5171	48	ab61a52d2562bfd4fcf34734badfb86e	0	30
carat/tables/qcatalog/dim6/dir.4-1;2-1/ordnung.48/(2)^6(6)^4/group.5172	48	fd178f73db059ba813f7413332614066	0	24
carat/tables/qcatalog/dim6/dir.4-1;2-1/ordnung.48/(2)^8(6)^4/group.5173	48	5a653176db24ce8e604cc7704e40ecc8	0	30
carat/tables/qcatalog/dim6/dir.4-1;2-1/ordnung.512/(2)^10(4)^10/group.5174	512	785f913007fae4db849e67f144fd3779	0	80
carat/tables/qcatalog/dim6/dir.4-1;2-1/ordnung.512/(2)^10(4)^10/group.5175	512	b0d0801bdfc6973a0d2b2ad9fec4208c	0	80
carat/tables/qcatalog/dim6/dir.4-1;2-1/ordnung.512/(2)^10(4)^10/group.5176	512	fa3fafb8c71b2933eb5224d0a24ca661	0	65
carat/tables/qcatalog/dim6/dir.4-1;2-1/ordnung.512/(2)^10(4)^10/group.5177	512	ae568fdd6c9cba4994eda8fab3bdbdc7	0	65
carat/tables/qcatalog/dim6/dir.4-1;2-1/ordnung.512/(2)^12(4)^6/group.5178	512	1b08623e49888680c640043e1ae0bf62	0	80
carat/tables/qcatalog/dim6/dir.4-1;2-1/ordnung.512/(2)^12(4)^8/group.5179	512	775073da48e27126f71522708a952200	0	56
carat/tables/qcatalog/dim6/dir.4-1;2-1/ordnung.512/(2)^12(4)^8/group.5180	512	858e2d214bbf2801114c057c350c827f	0	56
carat/tables/qcatalog/dim6/dir.4-1;2-1/ordnung.512/(2)^12(4)^8/group.5181	512	dd7e122ecde464ce20c1ccf1c4b088f8	0	56
carat/tables/qcatalog/dim6/dir.4-1;2-1/ordnung.512/(2)^12(4)^8/group.5182	512	d939cb6cb2449d76a2649d41cdca2268	0	56
carat/tables/qcatalog/dim6/dir.4-1;2-1/ordnung.512/(2)^12(4)^8/group.5183	512	00c7dea25079bf454a86f75389c776fb	0	53
carat/tables/qcatalog/dim6/dir.4-1;2-1/ordnung.512/(2)^12(4)^8/group.5184	512	8d2ac6bccc6f5acb57fbcce2cb766301	0	53
carat/tables/qcatalog/dim6/dir.4-1;2-1/ordnung.512/(2)^12(4)^8/group.5185	512	9dc0b70679db9de54dae7bdb2aee507b	0	65
carat/tables/qcatalog/dim6/dir.4-1;2-1/ordnung.512/(2)^12(4)^8/group.5186	512	1b02b6677f6ac8974be6c9b9dabfa215	0	65
carat/tables/qcatalog/dim6/dir.4-1;2-1/ordnung.512/(2)^12(4)^8/group.5187	512	fd1f64c2ba3ce5ed697771dbc448d803	0	53
carat/tables/qcatalog/dim6/dir.4-1;2-1/ordnung.512/(2)^12(4)^8/group.5188	512	8ecbcf8a3f460bc585adecd7efdef833	0	53
carat/tables/qcatalog/dim6/dir.4-1;2-2/ordnung.192/(1)^2(2)^8(4)^7(12)^1/group.5403	192	277cd055f73ba06054155f523ec5ed72	0	48
carat/tables/qcatalog/dim6/dir.4-1;2-2/ordnung.192/(1)^2(2)^8(4)^7(12)^1/group.5404	192	ee64431b2f34ebf445e14096f76ce776	0	48
carat/tables/qcatalog/dim6/dir.4-1;2-2/ordnung.192/(1)^2(2)^8(4)^7(12)^1/group.5405	192	b7c90712d2cb26f8cb0d5b9404b05ca2	0	48
carat/tables/qcatalog/dim6/dir.4-1;2-2/ordnung.192/(1)^2(2)^8(4)^7(12)^1/group.5406	192	3e9ea703e325bbe0e88e5b7ab0cfeada	0	48
carat/tables/qcatalog/dim6/dir.4-1;2-2/ordnung.192/(1)^2(2)^8(4)^7(12)^1/group.5407	192	92dbe67c2e123404503c9d7c2f8fb3d6	0	48
carat/tables/qcatalog/dim6/dir.4-1;2-2/ordnung.192/(1)^2(2)^8(4)^7(12)^1/group.5408	192	77844c7df15025bf4f429cc7913faea5	0	39
carat/tables/qcatalog/dim6/dir.4-1;2-2/ordnung.192/(1)^2(2)^8(4)^7(12)^1/group.5409	192	06dd1b3ff522c7dc59cd34dbe1ec759e	0	48
carat/tables/qcatalog/dim6/dir.4-1;2-2/ordnung.192/(1)^2(2)^8(4)^7(12)^1/group.5410	192	fb0e7416899f8f9a7bc288a313c380e4	0	48
carat/tables/qcatalog/dim6/dir.4-1;2-2/ordnung.192/(1)^2(4)^15(12)^1/group.5411	192	4689f91a61176222a9c1bf36ef33f20c	0	102
carat/tables/qcatalog/dim6/dir.4-1;2-2/ordnung.192/(1)^2(4)^15(12)^1/group.5412	192	9702e07b7cf843b27ce5b3e871c5c90c	0	66
carat/tables/qcatalog/dim6/dir.4-1;2-2/ordnung.192/(1)^2(4)^15(12)^1/group.5413	192	022e5a50e95b49563657ad2751124428	0	66
carat/tables/qcatalog/dim6/dir.4-1;2-2/ordnung.192/(1)^2(4)^15(12)^1/group.5414	192	279da7e4aca1a89aab69ba1625cbd78c	0	66
carat/tables/qcatalog/dim6/dir.4-1;2-2/ordnung.192/(1)^4(2)^4(4)^2(12)^2/group.5415	192	99628f63927fc618c655c1c40b0bd4ee	0	42
carat/tables/qcatalog/dim6/dir.4-1;2-2/ordnung.192/(1)^4(2)^4(4)^2(12)^2/group.5416	192	2048573b41a1f3cc52aec045101e8dc2	0	42
carat/tables/qcatalog/dim6/dir.4-1;2-2/ordnung.192/(1)^4(2)^4(4)^2(12)^2/group.5417	192	4ae8cea11c8960468a35a8f102e0c574	0	48
carat/tables/qcatalog/dim6/dir.4-1;2-2/ordnung.192/(1)^4(2)^4(4)^2(12)^2/group.5418	192	b58d9217200ad17ca534fd4c37f777b2	0	48
carat/tables/qcatalog/dim6/dir.4-1;2-2/ordnung.192/(1)^4(2)^4(4)^2(12)^2/group.5419	192	499396fb48b32eda912f4c7074e61de8	0	60
carat/tables/qcatalog/dim6/dir.4-1;2-2/ordnung.192/(1)^4(2)^4(4)^2(12)^2/group.5420	192	c5ad39ee4191bae4159c57673b9c694a	0	42
carat/tables/qcatalog/dim6/dir.4-1;2-2/ordnung.192/(1)^4(2)^4(4)^2(12)^2/group.5421	192	cb7f8247ad8104a0f42e2f2bb4606ca6	0	42
carat/tables/qcatalog/dim6/dir.4-1;2-2/ordnung.192/(1)^4(2)^8(4)^6(12)^2/group.5422	192	1b629795e3a0711a523b6d49760c5b40	0	33
carat/tables/qcatalog/dim6/dir.4-1;2-1/ordnung.768/(1)^4(2)^10(4)^4/group.5266	768	a75304219fe85fe1656553155f864ba3	0	52
carat/tables/qcatalog/dim6/dir.4-1;2-1/ordnung.768/(1)^4(2)^12(4)^2/group.5267	768	7654826a05eec52ffed120694d70b6e1	0	52
carat/tables/qcatalog/dim6/dir.4-1;2-1/ordnung.768/(1)^4(2)^12(4)^2/group.5268	768	d750904d45bcdc61f7bc8156970051eb	0	40
carat/tables/qcatalog/dim6/dir.4-1;2-1/ordnung.768/(1)^4(2)^12(4)^2/group.5269	768	9f078550f7b57dab3d37fd5cb12c4cd5	0	40
carat/tables/qcatalog/dim6/dir.4-1;2-1/ordnung.768/(1)^4(2)^12(4)^4/group.5270	768	b36e23eb27359f9bbd4ec174537b43c5	0	37
carat/tables/qcatalog/dim6/dir.4-1;2-1/ordnung.768/(1)^4(2)^12(4)^4/group.5271	768	d86cda618b874323338185eb75fe8b6d	0	37
carat/tables/qcatalog/dim6/dir.4-1;2-1/ordnung.768/(1)^4(2)^12(4)^4/group.5272	768	ada7ea9686a2e29beae95f0d6c20950d	0	31
carat/tables/qcatalog/dim6/dir.4-1;2-1/ordnung.768/(1)^4(2)^12(4)^4/group.5273	768	4b8803faff65177bd453465fa826708d	0	37
carat/tables/qcatalog/dim6/dir.4-1;2-1/ordnung.768/(1)^4(2)^12(4)^4/group.5274	768	15094f7712f427090f71a891524c51eb	0	31
carat/tables/qcatalog/dim6/dir.4-1;2-1/ordnung.768/(1)^4(2)^12(4)^4/group.5275	768	03e026db9902ec79bda2d2423b2ecb63	0	37
carat/tables/qcatalog/dim6/dir.4-1;2-1/ordnung.768/(1)^4(2)^12(4)^4/group.5276	768	637ac13376af48a57112c9a33342696f	0	31
carat/tables/qcatalog/dim6/dir.4-1;2-1/ordnung.768/(1)^4(2)^12(8)^2/group.5277	768	d8adc98215fa5dab01bbd9eb66a4d66d	0	40
carat/tables/qcatalog/dim6/dir.4-1;2-1/ordnung.768/(2)^12(4)^8/group.5279	768	3b2583ffbfeb0a616faa4981f2ae1e07	0	95
carat/tables/qcatalog/dim6/dir.4-1;2-1/ordnung.768/(2)^12(4)^8/group.5280	768	401ccd336a718f270b81ea2e27299161	0	65
carat/tables/qcatalog/dim6/dir.4-1;2-1/ordnung.768/(2)^12/group.5278	768	e262ebe2329e5efc39881412a2178c62	0	80
carat/tables/qcatalog/dim6/dir.4-1;2-1/ordnung.768/(2)^18/group.5281	768	d3505f10e35f76cf8ce01577ba1e7111	0	68
carat/tables/qcatalog/dim6/dir.4-1;2-1/ordnung.768/(2)^20/group.5282	768	a8070eb9fc3097321ce3b7732957d820	0	47
carat/tables/qcatalog/dim6/dir.4-1;2-1/ordnung.768/(2)^20/group.5283	768	4729dd9818cdfd115b92175dd0a86d63	0	53
carat/tables/qcatalog/dim6/dir.4-1;2-1/ordnung.768/(2)^20/group.5284	768	056ea8260b308231d53aa49959db7d73	0	53
carat/tables/qcatalog/dim6/dir.4-1;2-1/ordnung.768/(2)^20/group.5285	768	fa87f70c0eb32c5471abb3fbc65a681a	0	50
carat/tables/qcatalog/dim6/dir.4-1;2-2/ordnung.192/(1)^4(2)^8(4)^6(12)^2/group.5443	192	bc496ec46d3670aee187d97fbea35ba0	0	24
carat/tables/qcatalog/dim6/dir.4-1;2-2/ordnung.192/(1)^4(2)^8(4)^6(12)^2/group.5444	192	5c731fef4824b9c8fb635b5fd33ad58e	0	30
carat/tables/qcatalog/dim6/dir.4-1;2-2/ordnung.192/(1)^4(2)^8(4)^6(12)^2/group.5445	192	b40ddf62f40216de081a35cc2624e3cc	0	30
carat/tables/qcatalog/dim6/dir.4-1;2-2/ordnung.192/(1)^4(2)^8(4)^6(12)^2/group.5446	192	15d261ebf3cc9f7bbfc0540d54351e09	0	27
carat/tables/qcatalog/dim6/dir.4-1;2-2/ordnung.192/(1)^4(2)^8(4)^6(12)^2/group.5447	192	15bbb0d474c1fd1ac7c5e0567c656bf8	0	30
carat/tables/qcatalog/dim6/dir.4-1;2-2/ordnung.192/(1)^4(2)^8(4)^6(12)^2/group.5448	192	4156124205753ece10a251a887da62dc	0	30
carat/tables/qcatalog/dim6/dir.4-1;2-2/ordnung.192/(1)^4(2)^8(4)^6(12)^2/group.5449	192	99aaadd4127d14a74a678e2de8a1ee15	0	27
carat/tables/qcatalog/dim6/dir.4-1;2-2/ordnung.192/(1)^4(2)^8(4)^6(12)^2/group.5450	192	4e064c4aefd438c7dc51560120f7533d	0	27
carat/tables/qcatalog/dim6/dir.4-1;2-2/ordnung.192/(1)^4(2)^8(4)^6(12)^2/group.5451	192	1c73470673f7e23ce7cc41295bce5f9a	0	33
carat/tables/qcatalog/dim6/dir.4-1;2-2/ordnung.192/(1)^4(2)^8(4)^6(12)^2/group.5452	192	45536067fb222e9eca66bbea5505a63c	0	27
carat/tables/qcatalog/dim6/dir.4-1;2-2/ordnung.192/(1)^4(2)^8(4)^6(12)^2/group.5453	192	52553dafbaab5b40fd64a7eaf134f6fe	0	30
carat/tables/qcatalog/dim6/dir.4-1;2-2/ordnung.192/(1)^4(2)^8(4)^6(12)^2/group.5454	192	34547b32e7dc2b28f6938c3af8840f3e	0	30
carat/tables/qcatalog/dim6/dir.4-1;2-2/ordnung.192/(1)^4(2)^8(4)^6(12)^2/group.5455	192	7f9ac57e8257d76385a5fc27d6ebfec1	0	30
carat/tables/qcatalog/dim6/dir.4-1;2-2/ordnung.192/(1)^4(2)^8(4)^6(12)^2/group.5456	192	bef333abda159af3d544d313f8f4b629	0	30
carat/tables/qcatalog/dim6/dir.4-1;2-2/ordnung.192/(1)^4(2)^8(4)^6(12)^2/group.5457	192	342a389477d053536d8b7f20377801c1	0	27
carat/tables/qcatalog/dim6/dir.4-1;2-2/ordnung.192/(1)^4(2)^8(4)^6(12)^2/group.5458	192	ba0b9513e84a5093dbb9f036286ea5c9	0	27
carat/tables/qcatalog/dim6/dir.4-1;2-2/ordnung.192/(1)^4(2)^8(4)^6(12)^2/group.5459	192	1ac7d8c6bb51e6ba6e28e40220450cc4	0	17
carat/tables/qcatalog/dim6/dir.4-1;2-2/ordnung.192/(1)^4(2)^8(4)^6(12)^2/group.5460	192	f63b867cadc1649c59d51091bc3f009e	0	17
carat/tables/qcatalog/dim6/dir.4-1;2-2/ordnung.192/(1)^4(4)^14(12)^2/group.5461	192	551b994da9b8d140218b8afc6adcb956	0	51
carat/tables/qcatalog/dim6/dir.4-1;2-2/ordnung.192/(1)^4(4)^14(12)^2/group.5462	192	95dd587c05142e7e00212b1eaf158034	0	54
carat/tables/qcatalog/dim6/dir.4-1;2-1/ordnung.192/(2)^6(4)^4/group.5042	192	5b9e5561bfe1cb1cb4b5ae1e5503da6e	0	56
carat/tables/qcatalog/dim6/dir.4-1;2-1/ordnung.192/(2)^6(4)^4/group.5043	192	b2b13b714d2b9578812f2af5dcd2fc6e	0	32
carat/tables/qcatalog/dim6/dir.4-1;2-1/ordnung.192/(2)^8(4)^4/group.5044	192	8cc1bbffa0cc434cfed5db36f7dbb186	0	35
carat/tables/qcatalog/dim6/dir.4-1;2-1/ordnung.192/(2)^8(4)^4/group.5045	192	c79abf2e9a7c1cf78bdf5e2dc21888e5	0	35
carat/tables/qcatalog/dim6/dir.4-1;2-1/ordnung.192/(2)^8(4)^4/group.5046	192	3df6d124d14c73e4a1fb3363a6ecd932	0	23
carat/tables/qcatalog/dim6/dir.4-1;2-1/ordnung.192/(2)^8(4)^4/group.5047	192	072a32e9bb8e0c6ba366a568e8458c5d	0	23
carat/tables/qcatalog/dim6/dir.4-1;2-1/ordnung.192/(2)^8(6)^4/group.5048	192	3d1ae816e00a0cc30dc8754e681efce1	0	75
carat/tables/qcatalog/dim6/dir.4-1;2-1/ordnung.192/(2)^8(6)^4/group.5049	192	779a6ef09c7ffbc663de6c952da98c9c	0	60
carat/tables/qcatalog/dim6/dir.4-1;2-1/ordnung.2304/(1)^4(2)^12(4)^4/group.5050	2304	f5e513ca655e8bbfd9deab904758ada9	0	125
carat/tables/qcatalog/dim6/dir.4-1;2-1/ordnung.2304/(1)^6(2)^10(4)^2/group.5051	2304	fca817ed13f9733f1868e26b4040079d	0	92
carat/tables/qcatalog/dim6/dir.4-1;2-1/ordnung.2304/(1)^6(2)^12(4)^2/group.5052	2304	73b92f88e3879b5ba2b9e78098293061	0	71
carat/tables/qcatalog/dim6/dir.4-1;2-1/ordnung.2304/(1)^6(2)^12(4)^2/group.5053	2304	1ba6881e5e9a77fb38b2d5497a9895b1	0	71
carat/tables/qcatalog/dim6/dir.4-1;2-1/ordnung.2304/(1)^8(2)^10/group.5054	2304	02388e1038958b3f318a58edcc15486d	0	50
carat/tables/qcatalog/dim6/dir.4-1;2-1/ordnung.2304/(1)^8(2)^10/group.5055	2304	315c70d1cdfe7adbaf49e2c3b0b07e49	0	50
carat/tables/qcatalog/dim6/dir.4-1;2-1/ordnung.2304/(1)^8(2)^10/group.5056	2304	faf20dacb5cf10039e17df43534d9995	0	80
carat/tables/qcatalog/dim6/dir.4-1;2-1/ordnung.2304/(1)^8(2)^12/group.5057	2304	a89d1c33fe1295a3d9f09ce5e701f6e1	0	41
carat/tables/qcatalog/dim6/dir.4-1;2-1/ordnung.2304/(1)^8(2)^12/group.5058	2304	7093e0f9334d919f265c94c7f5b1eb95	0	41
carat/tables/qcatalog/dim6/dir.4-1;2-1/ordnung.2304/(1)^8(2)^12/group.5059	2304	a352f61ed4208b772bfbd10c8c6a73c9	0	65
carat/tables/qcatalog/dim6/dir.4-1;2-1/ordnung.2304/(1)^8(2)^12/group.5060	2304	49ffef75fc4fcdbb586d1689625d75e5	0	65
carat/tables/qcatalog/dim6/dir.4-1;2-1/ordnung.24/(2)^6(6)^4/min.511	24	efd10fc892fa5e7a510ff35d1c306034	0	12
carat/tables/qcatalog/dim6/dir.4-1;2-2/ordnung.192/(1)^4(4)^14(12)^2/group.5463	192	fde3c61fa2bbba18fe5233ce950c2f4e	0	51
carat/tables/qcatalog/dim6/dir.4-1;2-2/ordnung.192/(1)^4(4)^14(12)^2/group.5464	192	623f505734759698a59cd6ae8631339e	0	51
carat/tables/qcatalog/dim6/dir.4-1;2-2/ordnung.192/(1)^4(4)^14(12)^2/group.5465	192	95bbc83fa6409d68e28d0af9d7a53e86	0	42
carat/tables/qcatalog/dim6/dir.4-1;2-2/ordnung.192/(1)^4(4)^14(12)^2/group.5466	192	5ba97cef80eefed43a8dfde3e055f4d2	0	42
carat/tables/qcatalog/dim6/dir.4-1;2-2/ordnung.192/(1)^4(4)^14(12)^2/group.5467	192	1b4c16d4ff3a1ce75b6360301c166c6d	0	33
carat/tables/qcatalog/dim6/dir.4-1;2-2/ordnung.192/(1)^4(4)^14(12)^2/group.5468	192	7d84bcac387d5aeff755203b6acf1355	0	33
carat/tables/qcatalog/dim6/dir.4-1;2-2/ordnung.192/(1)^4(4)^14(12)^2/group.5469	192	dc7f098a449c50b44d4c5300cba1a262	0	54
carat/tables/qcatalog/dim6/dir.4-1;2-2/ordnung.192/(1)^4(4)^14(12)^2/group.5470	192	1e3d0659af1fe0f4f08838400e02f79a	0	33
carat/tables/qcatalog/dim6/dir.4-1;2-2/ordnung.192/(1)^4(4)^14(12)^2/group.5471	192	31481ac4c4e70d4c48b887616e0ffe32	0	33
carat/tables/qcatalog/dim6/dir.4-1;2-2/ordnung.192/(1)^4(4)^14(12)^2/group.5472	192	21afd41accef45af21413c083179dc4d	0	33
carat/tables/qcatalog/dim6/dir.4-1;2-2/ordnung.192/(1)^4(4)^14(12)^2/group.5473	192	c61e1fcc3a30020b8a95d4b26ded5a69	0	33
carat/tables/qcatalog/dim6/dir.4-1;2-2/ordnung.192/(1)^4(4)^14(12)^2/group.5474	192	3ad778f32c074d66f5037718b44730bc	0	42
carat/tables/qcatalog/dim6/dir.4-1;2-2/ordnung.192/(1)^4(4)^14(12)^2/group.5475	192	b1beee78b2c53b6e94ad55dc7dfb3aa4	0	42
carat/tables/qcatalog/dim6/dir.4-1;2-2/ordnung.192/(1)^4(4)^14(12)^2/group.5476	192	7e058bb146aa665cff2e1d2259f78aba	0	42
carat/tables/qcatalog/dim6/dir.4-1;2-2/ordnung.192/(1)^4(4)^14(12)^2/group.5477	192	c8b8d1133c78933a0da7599e8ca11460	0	42
carat/tables/qcatalog/dim6/dir.4-1;2-2/ordnung.192/(1)^4(4)^14(12)^2/group.5478	192	201add09e8266e46f4a08193fc1b7434	0	42
carat/tables/qcatalog/dim6/dir.4-1;2-2/ordnung.192/(1)^4(4)^14(12)^2/group.5479	192	7576ba61036749e09147ee89819c6a36	0	33
carat/tables/qcatalog/dim6/dir.4-1;2-2/ordnung.192/(1)^4(4)^14(12)^2/group.5480	192	252eb1b570998393cd349412dbdf2ea9	0	33
carat/tables/qcatalog/dim6/dir.4-1;2-2/ordnung.192/(1)^4(4)^14(12)^2/group.5481	192	c5b77fbde7cedf57b8c10bba39b79fe5	0	33
carat/tables/qcatalog/dim6/dir.4-1;2-2/ordnung.192/(1)^4(4)^14(12)^2/group.5482	192	7fbd608fc20d925b70c4e625bb8fc039	0	33
carat/tables/qcatalog/dim6/dir.4-1;2-2/ordnung.288/(1)^4(2)^6(6)^10/group.5534	288	916d38d7a53b5632caa1315762ec9d50	0	48
carat/tables/qcatalog/dim6/dir.4-1;2-2/ordnung.288/(1)^4(2)^6(6)^10/group.5535	288	d015e22179548ecab9a4f8e8735e91d4	0	54
carat/tables/qcatalog/dim6/dir.4-1;2-2/ordnung.288/(1)^4(2)^6(6)^10/group.5536	288	e0fd988533db31bd9ffe114180cdb7b7	0	36
carat/tables/qcatalog/dim6/dir.4-1;2-2/ordnung.288/(1)^4(2)^6(6)^10/group.5537	288	063e7c5fe6c2456b570869110098629d	0	36
carat/tables/qcatalog/dim6/dir.4-1;2-2/ordnung.288/(1)^4(2)^6(6)^10/group.5538	288	43e89ceb72ef82a31b1ffea5fddda285	0	36
carat/tables/qcatalog/dim6/dir.4-1;2-2/ordnung.288/(1)^4(2)^6(6)^10/group.5539	288	963ceded5f06bd8d38d1df0d75fe0a07	0	36
carat/tables/qcatalog/dim6/dir.4-1;2-2/ordnung.288/(1)^4(2)^6(6)^10/group.5540	288	4663e7d5dbee20b2118d3058a864cec8	0	42
carat/tables/qcatalog/dim6/dir.4-1;2-2/ordnung.288/(1)^4(2)^6(6)^10/group.5541	288	3cb77dcf0efd4868d4aae4494696fa22	0	30
carat/tables/qcatalog/dim6/dir.4-1;2-2/ordnung.288/(1)^4(2)^6(6)^2/group.5542	288	1a05f84e34569caf23073d330cac9989	0	30
carat/tables/qcatalog/dim6/dir.4-1;2-2/ordnung.288/(1)^4(2)^8(4)^6(12)^2/group.5543	288	dc94bd31c6440e3872edbd54546a1cc2	0	33
carat/tables/qcatalog/dim6/dir.4-1;2-2/ordnung.288/(1)^4(2)^8(4)^6(12)^2/group.5544	288	d6b847ca3f707b244c9d7fa6dce8b472	0	27
carat/tables/qcatalog/dim6/dir.4-1;2-2/ordnung.288/(1)^4(2)^8(4)^6(12)^2/group.5545	288	f0697a47cdf012be416c4a72c7cdac90	0	33
carat/tables/qcatalog/dim6/dir.4-1;2-2/ordnung.288/(1)^4(2)^8(4)^6(12)^2/group.5546	288	8a85c3956ea5a7f441de546f864226ba	0	21
carat/tables/qcatalog/dim6/dir.4-1;2-2/ordnung.288/(1)^4(2)^8(4)^6(12)^2/group.5547	288	32c9e9b527c46112d0fa780072b33fb8	0	21
carat/tables/qcatalog/dim6/dir.4-1;2-2/ordnung.288/(1)^4(2)^8(4)^6(12)^2/group.5548	288	af6208cf00f407d252cc6c27614ca898	0	27
carat/tables/qcatalog/dim6/dir.4-1;2-2/ordnung.288/(1)^6(2)^3(6)^9/group.5549	288	9ef463c8a400cf1c6665490fcea175b2	0	48
carat/tables/qcatalog/dim6/dir.4-1;2-2/ordnung.288/(1)^6(2)^8(4)^3(12)^1/group.5550	288	51b1a3cd2f2d57a37dbdfbb4201fb23d	0	25
carat/tables/qcatalog/dim6/dir.4-1;2-2/ordnung.288/(1)^6(6)^6/group.5551	288	67fd4d5c007b3dde4370a563d2f7a724	0	42
carat/tables/qcatalog/dim6/dir.4-1;2-2/ordnung.288/(1)^8(2)^2(6)^10/group.5552	288	f3d46ebf6fedfcf22d4a5875dca8fb94	0	30
carat/tables/qcatalog/dim6/dir.4-1;2-2/ordnung.288/(1)^8(2)^2(6)^10/group.5553	288	94eddbba960dbfa139f9bf184a4af3d3	0	24
carat/tables/qcatalog/dim6/dir.4-1;2-1/ordnung.768/(2)^20/group.5286	768	3ca0f2e54cbf7dce9116f5fe1a46ecb4	0	50
carat/tables/qcatalog/dim6/dir.4-1;2-1/ordnung.768/(2)^20/group.5287	768	7d094fc2bb6be9eb2c43d4ee87b5711d	0	47
carat/tables/qcatalog/dim6/dir.4-1;2-1/ordnung.9216/(1)^8(2)^12/max.16	9216	c699a835cf61e1e7255ed7153a5839f5	0	125
carat/tables/qcatalog/dim6/dir.4-1;2-1/ordnung.96/(1)^2(2)^4(6)^2(12)^2/group.5288	96	121c2ead3349d9a7956a1208b495a49d	0	28
carat/tables/qcatalog/dim6/dir.4-1;2-1/ordnung.96/(1)^4(2)^6(6)^6(24)^2/group.5289	96	4de57fb6875a6ded0a57ff77f787c2ef	0	16
carat/tables/qcatalog/dim6/dir.4-1;2-1/ordnung.96/(2)^10(6)^8/group.5291	96	7271e368fffd0765faec6c01b5e9fc47	0	24
carat/tables/qcatalog/dim6/dir.4-1;2-1/ordnung.96/(2)^10(6)^8/group.5292	96	dceee97499d927152d48078c5854612f	0	24
carat/tables/qcatalog/dim6/dir.4-1;2-1/ordnung.96/(2)^10(6)^8/group.5293	96	739b72d4313736c754b2a3f1c5b7ea49	0	24
carat/tables/qcatalog/dim6/dir.4-1;2-1/ordnung.96/(2)^10/group.5290	96	6d757afb1bdb6a9790854b0dcd9cf381	0	16
carat/tables/qcatalog/dim6/dir.4-1;2-1/ordnung.96/(2)^12(6)^8/group.5294	96	739a92672283d5a1b129a06b94d29693	0	24
carat/tables/qcatalog/dim6/dir.4-1;2-1/ordnung.96/(2)^12(6)^8/group.5295	96	4b704a466a4510b900bd1e7cdb17f793	0	24
carat/tables/qcatalog/dim6/dir.4-1;2-1/ordnung.96/(2)^12(6)^8/group.5296	96	38aa544286b7c7711ca94e848d949e5b	0	24
carat/tables/qcatalog/dim6/dir.4-1;2-1/ordnung.96/(2)^4(4)^2/group.5297	96	e7c7fac9dd5f71a3e9e5da9e7e851cf1	0	28
carat/tables/qcatalog/dim6/dir.4-1;2-1/ordnung.96/(2)^6(4)^4/group.5298	96	fc1ec3e504c06aebf223553e80aa1bb9	0	28
carat/tables/qcatalog/dim6/dir.4-1;2-1/ordnung.96/(2)^6(4)^4/group.5299	96	e2cd4fc7909e4e0f4b049111f0550301	0	16
carat/tables/qcatalog/dim6/dir.4-1;2-1/ordnung.96/(2)^6(6)^4/group.5300	96	4d5bb470ada21cb9ff6ed93673ead4ef	0	60
carat/tables/qcatalog/dim6/dir.4-1;2-1/ordnung.96/(2)^6(6)^4/group.5301	96	9c4a35b6c57f5b7b5e41255216e758b5	0	48
carat/tables/qcatalog/dim6/dir.4-1;2-1/ordnung.96/(2)^8(6)^4/group.5302	96	e240512bb3f5db811a5ec074c3e1ec27	0	42
carat/tables/qcatalog/dim6/dir.4-1;2-1/ordnung.96/(2)^8(6)^4/group.5303	96	022a8de30704626fc9e5817f11165f35	0	42
carat/tables/qcatalog/dim6/dir.4-1;2-1/ordnung.96/(2)^8(6)^4/group.5304	96	6da2ed943920b2f16721db1347d5630b	0	36
carat/tables/qcatalog/dim6/dir.4-1;2-2/ordnung.1152/(1)^6(2)^10(4)^2(12)^2/group.5324	1152	6c870ef0f6e7a6697c69cd3505337673	0	66
carat/tables/qcatalog/dim6/dir.4-1;2-2/ordnung.1152/(1)^6(2)^11(6)^1/group.5325	1152	268dcd1ab196158534e928d4528935f3	0	60
carat/tables/qcatalog/dim6/dir.4-1;2-2/ordnung.1152/(1)^6(2)^11(6)^1/group.5326	1152	122e9a46bdad4e0f059294a45f7d9225	0	60
carat/tables/qcatalog/dim6/dir.4-1;2-2/ordnung.1152/(1)^6(2)^11(6)^1/group.5327	1152	553b08436e7f8e95c40729c74cad79a3	0	60
carat/tables/qcatalog/dim6/dir.4-1;2-2/ordnung.1152/(1)^6(2)^11(6)^1/group.5328	1152	76b2d816d0a38b3f316cc2d437765e85	0	60
carat/tables/qcatalog/dim6/dir.4-1;2-2/ordnung.1152/(1)^6(2)^11(6)^1/group.5329	1152	f03ce29cbe87480b6773d8c84b431755	0	78
carat/tables/qcatalog/dim6/dir.4-1;2-2/ordnung.1152/(1)^6(2)^12(12)^2/group.5330	1152	e5ace4113dab3cf102330b3a0515d2ab	0	54
carat/tables/qcatalog/dim6/dir.4-1;2-2/ordnung.1152/(1)^6(2)^12(12)^2/group.5331	1152	3d96a3f59338b177752d0531b5cea0d5	0	48
carat/tables/qcatalog/dim6/dir.4-1;2-2/ordnung.1152/(1)^6(2)^12(12)^2/group.5332	1152	4078e222abac5295e47dbd5cca39f61b	0	48
carat/tables/qcatalog/dim6/dir.4-1;2-2/ordnung.1152/(1)^8(2)^10(12)^2/group.5333	1152	020cc766f2ec7a1ca933670168b3bf6e	0	39
carat/tables/qcatalog/dim6/dir.4-1;2-2/ordnung.1152/(1)^8(2)^10(12)^2/group.5334	1152	65dfe928f439180f2ce4a9d6b7cb1545	0	48
carat/tables/qcatalog/dim6/dir.4-1;2-2/ordnung.1152/(1)^8(2)^10(12)^2/group.5335	1152	8c284b7022189338426640f9f97f826a	0	39
carat/tables/qcatalog/dim6/dir.4-1;2-2/ordnung.1152/(1)^8(2)^10(6)^2/group.5336	1152	a838b67010182b37753bdec2da0bc659	0	33
carat/tables/qcatalog/dim6/dir.4-1;2-2/ordnung.1152/(1)^8(2)^10(6)^2/group.5337	1152	a6134c33fb3b0365146900575ec16e1f	0	33
carat/tables/qcatalog/dim6/dir.4-1;2-2/ordnung.1152/(1)^8(2)^10(6)^2/group.5338	1152	c4de9f2760f5428daafb058b86d6f783	0	36
carat/tables/qcatalog/dim6/dir.4-1;2-2/ordnung.1152/(1)^8(2)^10(6)^2/group.5339	1152	7d3d587bfe85a91db5649b60b882830b	0	48
carat/tables/qcatalog/dim6/dir.4-1;2-2/ordnung.1152/(1)^8(2)^10(6)^2/group.5340	1152	4f254c33a731e2b96912fce9d8e3d307	0	39
carat/tables/qcatalog/dim6/dir.4-1;2-2/ordnung.1152/(1)^8(2)^10(6)^2/group.5341	1152	caeb3e4d6e3c0b1dd4d83c97a117dffb	0	39
carat/tables/qcatalog/dim6/dir.4-1;2-2/ordnung.1152/(1)^8(2)^10(6)^2/group.5342	1152	ef7f3b97fcb5bf80c458d137727508e6	0	33
carat/tables/qcatalog/dim6/dir.4-1;2-2/ordnung.1152/(1)^8(2)^10(6)^2/group.5343	1152	621b9ac9352834349700a562c2ec82f2	0	33
carat/tables/qcatalog/dim6/dir.4-1;2-2/ordnung.1728/(1)^10(2)^7(6)^1/group.5383	1728	8f5d836ef66e3afda5e73a66de03cbb3	0	60
carat/tables/qcatalog/dim6/dir.4-1;2-2/ordnung.1728/(1)^10(2)^7(6)^1/group.5384	1728	99f57fc5474da30d325380732bbb0823	0	60
carat/tables/qcatalog/dim6/dir.4-1;2-2/ordnung.1728/(1)^10(2)^8(12)^2/group.5385	1728	ed6970ae16fe1418819f568631bca596	0	48
carat/tables/qcatalog/dim6/dir.4-1;2-2/ordnung.1728/(1)^10(3)^2(6)^8/group.5386	1728	68c05bf9fd1e63803e26c3395dc2039e	0	90
carat/tables/qcatalog/dim6/dir.4-1;2-2/ordnung.1728/(1)^12(2)^6(6)^2/group.5387	1728	93da13857bde14f32ecb712a989b44a9	0	45
carat/tables/qcatalog/dim6/dir.4-1;2-2/ordnung.1728/(1)^6(2)^8(4)^3(12)^1/group.5388	1728	e4b37a30383f49fdadcff2216cf5c963	0	150
carat/tables/qcatalog/dim6/dir.4-1;2-2/ordnung.1728/(1)^8(2)^8(4)^1(12)^1/group.5389	1728	4e85e454f82b621629390f061513267c	0	69
carat/tables/qcatalog/dim6/dir.4-1;2-2/ordnung.1728/(1)^8(2)^8(4)^1(12)^1/group.5390	1728	5bde99eb2b76f7065754c9508253898c	0	69
carat/tables/qcatalog/dim6/dir.4-1;2-2/ordnung.1728/(1)^8(2)^8(4)^2(12)^2/group.5391	1728	4e043d5c0d98283fbc581c5678f9dfb5	0	75
carat/tables/qcatalog/dim6/dir.4-1;2-2/ordnung.192/(1)^2(2)^4(4)^11(12)^1/group.5392	192	fa77b5e521c62b9214a4c293b0e7ce7c	0	38
carat/tables/qcatalog/dim6/dir.4-1;2-2/ordnung.192/(1)^2(2)^4(4)^3(12)^1/group.5393	192	1eaf55348be9d96ecf5b5c7ec33585a8	0	84
carat/tables/qcatalog/dim6/dir.4-1;2-2/ordnung.192/(1)^2(2)^8(4)^7(12)^1/group.5394	192	aa4636ae8698561c6406771746af4266	0	48
carat/tables/qcatalog/dim6/dir.4-1;2-2/ordnung.192/(1)^2(2)^8(4)^7(12)^1/group.5395	192	1b9f21fbb784ce3c4119e180c3c542f6	0	48
carat/tables/qcatalog/dim6/dir.4-1;2-2/ordnung.192/(1)^2(2)^8(4)^7(12)^1/group.5396	192	41921fad701c2e2f7b987fcdcf86403d	0	39
carat/tables/qcatalog/dim6/dir.4-1;2-2/ordnung.192/(1)^2(2)^8(4)^7(12)^1/group.5397	192	770a9d3f9c38d41d245fd7e3136d945b	0	39
carat/tables/qcatalog/dim6/dir.4-1;2-2/ordnung.192/(1)^2(2)^8(4)^7(12)^1/group.5398	192	ff62f5a119c547dbf342f5c73c0b6a89	0	39
carat/tables/qcatalog/dim6/dir.4-1;2-2/ordnung.192/(1)^2(2)^8(4)^7(12)^1/group.5399	192	1a4656c9503f930dc5df445799158b4b	0	39
carat/tables/qcatalog/dim6/dir.4-1;2-2/ordnung.192/(1)^2(2)^8(4)^7(12)^1/group.5400	192	0c7a1e455cc1a6f3f77daea3e520fc41	0	39
carat/tables/qcatalog/dim6/dir.4-1;2-2/ordnung.192/(1)^2(2)^8(4)^7(12)^1/group.5401	192	8e0fd6578db0607319e0b19601e05349	0	39
carat/tables/qcatalog/dim6/dir.4-1;2-2/ordnung.192/(1)^2(2)^8(4)^7(12)^1/group.5402	192	006177942713d4c4e6c7f08aec3d4ab6	0	48
carat/tables/qcatalog/dim6/dir.4-1;2-2/ordnung.288/(1)^2(2)^4(4)^3(12)^1/group.5514	288	0db7045e55212bf63e1e148b726020f8	0	84
carat/tables/qcatalog/dim6/dir.4-1;2-2/ordnung.288/(1)^2(2)^4(4)^3(12)^1/group.5515	288	b979e0611f473946b613f05617dc11ec	0	48
carat/tables/qcatalog/dim6/dir.4-1;2-2/ordnung.288/(1)^2(2)^7(6)^1/group.5516	288	3ab117fa5f36c8a2c4688225d5043e30	0	48
carat/tables/qcatalog/dim6/dir.4-1;2-2/ordnung.288/(1)^2(2)^7(6)^1/group.5517	288	3246f65692947972abb7754ece1e8d70	0	48
carat/tables/qcatalog/dim6/dir.4-1;2-2/ordnung.288/(1)^2(2)^7(6)^9/group.5518	288	24ddd52942841738b48fa8d5b9e2deb6	0	72
carat/tables/qcatalog/dim6/dir.4-1;2-2/ordnung.288/(1)^2(2)^8(4)^7(12)^1/group.5519	288	25a4a388df782f5f6a5a7f528513af2d	0	57
carat/tables/qcatalog/dim6/dir.4-1;2-2/ordnung.288/(1)^2(2)^8(4)^7(12)^1/group.5520	288	9e0f786fcd42a1bf794d5f7f75f200fd	0	57
carat/tables/qcatalog/dim6/dir.4-1;2-2/ordnung.288/(1)^2(2)^8(4)^7(12)^1/group.5521	288	bc42ed860f6f0eb723fff8cfc9619651	0	39
carat/tables/qcatalog/dim6/dir.4-1;2-2/ordnung.288/(1)^2(2)^8(4)^7(12)^1/group.5522	288	ee337bd68518622f9b21db6bc0ea1259	0	39
carat/tables/qcatalog/dim6/dir.4-1;2-2/ordnung.288/(1)^2(2)^8(4)^7(12)^1/group.5523	288	918d4c1722cf55813272890b5ae1d7db	0	39
carat/tables/qcatalog/dim6/dir.4-1;2-2/ordnung.288/(1)^4(2)^10(4)^3(12)^1/group.5524	288	f2a465b803aa3ef3eb3d0c9864ec5075	0	33
carat/tables/qcatalog/dim6/dir.4-1;2-2/ordnung.288/(1)^4(2)^2(12)^2/group.5525	288	0bf5d20cbfb11e860235f627d5b5490c	0	42
carat/tables/qcatalog/dim6/dir.4-1;2-2/ordnung.288/(1)^4(2)^2(6)^6/group.5526	288	912a72b6601536b2e148ba0b5072de18	0	90
carat/tables/qcatalog/dim6/dir.4-1;2-2/ordnung.288/(1)^4(2)^2(6)^6/group.5527	288	cb8740e2b4c14e54005a0b912b9fc2aa	0	72
carat/tables/qcatalog/dim6/dir.4-1;2-2/ordnung.288/(1)^4(2)^4(4)^2(12)^2/group.5528	288	e54ba7adddcf0c31213d8d526216d35f	0	42
carat/tables/qcatalog/dim6/dir.4-1;2-2/ordnung.288/(1)^4(2)^4(4)^2(12)^2/group.5529	288	170915b6c1200cd01dd2c831ac71bea6	0	42
carat/tables/qcatalog/dim6/dir.4-1;2-2/ordnung.288/(1)^4(2)^4(4)^2(12)^2/group.5530	288	7de2091e9fa7afbd6df5f9fce8aa9bb3	0	42
carat/tables/qcatalog/dim6/dir.4-1;2-2/ordnung.288/(1)^4(2)^4(4)^2(12)^2/group.5531	288	9d6f671113543607492842ce2625a549	0	24
carat/tables/qcatalog/dim6/dir.4-1;2-2/ordnung.288/(1)^4(2)^4(4)^2(12)^2/group.5532	288	3ac44fbb56bc7cb9c928eaacc4f32423	0	24
carat/tables/qcatalog/dim6/dir.4-1;2-2/ordnung.288/(1)^4(2)^4(4)^2(12)^2/group.5533	288	ceeb75727455eb98c1fcbb80284e6f0a	0	30
carat/tables/qcatalog/dim6/dir.4-1;2-2/ordnung.48/(1)^2(4)^7(12)^1/group.5654	48	e299679d27b30c144eab33db2a73df9e	0	30
carat/tables/qcatalog/dim6/dir.4-1;2-2/ordnung.48/(1)^2(4)^7(12)^1/group.5655	48	887f3623798dc55f58262484167d2ffd	0	21
carat/tables/qcatalog/dim6/dir.4-1;2-2/ordnung.48/(1)^2(4)^7(12)^1/group.5656	48	34e20fd457ba27fb504e0c42b2b603f9	0	21
carat/tables/qcatalog/dim6/dir.4-1;2-2/ordnung.48/(1)^2(4)^7(12)^1/group.5657	48	285aef9b2918c341c00bb5a5cb1a9e17	0	21
carat/tables/qcatalog/dim6/dir.4-1;2-2/ordnung.48/(1)^2(4)^7(12)^1/group.5658	48	c8ebe0f68e9af0b5c28ffddb386bcf7b	0	21
carat/tables/qcatalog/dim6/dir.4-1;2-2/ordnung.48/(1)^2(4)^7(12)^1/min.537	48	a25ab32aa1bc9a700cc01c07f80f33d2	0	30
carat/tables/qcatalog/dim6/dir.4-1;2-2/ordnung.48/(1)^2(4)^7(12)^1/min.538	48	673b1468007e5d90899cabcb9fa2ba82	0	30
carat/tables/qcatalog/dim6/dir.4-1;2-2/ordnung.48/(1)^2(4)^7(12)^1/min.539	48	cc0b35ea7af29de244e90b671ce5a50c	0	30
carat/tables/qcatalog/dim6/dir.4-1;2-2/ordnung.48/(1)^4(2)^6(6)^2(12)^8/group.5659	48	af92653bcb1665e0470736b6c6ef96fa	0	12
carat/tables/qcatalog/dim6/dir.4-1;2-2/ordnung.48/(1)^4(2)^6(6)^2(12)^8/group.5660	48	4778c972c568286a626d120264b98b0c	0	12
carat/tables/qcatalog/dim6/dir.4-1;2-2/ordnung.48/(1)^4(4)^2(12)^2/group.5661	48	5530801ae6cf9cb9d7ce77fe66f641a7	0	15
carat/tables/qcatalog/dim6/dir.4-1;2-2/ordnung.48/(1)^4(4)^2(12)^2/group.5662	48	585e15a4d43020a6036e6d2431a8f054	0	18
carat/tables/qcatalog/dim6/dir.4-1;2-2/ordnung.48/(1)^4(4)^2(12)^2/group.5663	48	f9bc436afce60f01289ca91e90dc0617	0	15
carat/tables/qcatalog/dim6/dir.4-1;2-2/ordnung.48/(1)^4(4)^2(12)^6/group.5664	48	03222e8413bda0fe956e7521326ba1cc	0	24
carat/tables/qcatalog/dim6/dir.4-1;2-2/ordnung.48/(1)^4(4)^4(8)^2(24)^2/group.5665	48	bc6c97b78f740c39b75683b58929256b	0	8
carat/tables/qcatalog/dim6/dir.4-1;2-2/ordnung.48/(1)^4(4)^6(12)^2/group.5666	48	d17cfd8a91eb51611c7f8883c4d38c4f	0	15
carat/tables/qcatalog/dim6/dir.4-1;2-2/ordnung.48/(1)^4(4)^6(12)^2/group.5667	48	76141db0546e97a27c7749008d81b3d8	0	18
carat/tables/qcatalog/dim6/dir.4-1;2-2/ordnung.48/(1)^4(4)^6(12)^2/group.5668	48	6d565511c1ae82ee6ef2acdfd941689c	0	18
carat/tables/qcatalog/dim6/dir.4-1;2-2/ordnung.48/(1)^4(4)^6(12)^2/group.5669	48	b20310efd89f98a15dc3ec6b8f89682f	0	15
carat/tables/qcatalog/dim6/dir.4-1;2-2/ordnung.48/(1)^4(4)^6(12)^2/group.5670	48	213cddd59b5e96ddbb38b9d053da792b	0	15
carat/tables/qcatalog/dim6/dir.4-1;2-1/ordnung.384/(2)^12(4)^8/group.5151	384	1136ee3a824313de7fa9d821295444c4	0	52
carat/tables/qcatalog/dim6/dir.4-1;2-1/ordnung.384/(2)^12(4)^8/group.5152	384	71839f2aecf9dea8db5d0363195446ba	0	34
carat/tables/qcatalog/dim6/dir.4-1;2-1/ordnung.384/(2)^12(4)^8/group.5153	384	33d0ac6148beae665abb1638135f10a0	0	34
carat/tables/qcatalog/dim6/dir.4-1;2-1/ordnung.384/(2)^12(6)^8/group.5154	384	d10c5cb4219e2d43e4459f4e7873f97d	0	60
carat/tables/qcatalog/dim6/dir.4-1;2-1/ordnung.384/(2)^12/group.5146	384	a302783e4850fce5091a2cc76435cc13	0	46
carat/tables/qcatalog/dim6/dir.4-1;2-1/ordnung.384/(2)^12/group.5147	384	74395f02f58e0616dbfd797f3697e4b8	0	46
carat/tables/qcatalog/dim6/dir.4-1;2-1/ordnung.384/(2)^18/group.5155	384	6454c94e2af2fd9ffa14d3a144433dfd	0	34
carat/tables/qcatalog/dim6/dir.4-1;2-1/ordnung.384/(2)^18/group.5156	384	3b3ee1e1761a9dbd35d88ae38da8b7d3	0	34
carat/tables/qcatalog/dim6/dir.4-1;2-1/ordnung.384/(2)^18/group.5157	384	8fdbabaf5d0f34e1e4b7384b18ef9a57	0	34
carat/tables/qcatalog/dim6/dir.4-1;2-1/ordnung.384/(2)^20/group.5158	384	91de78909b3cd6e987bfdaccbc49a3c7	0	34
carat/tables/qcatalog/dim6/dir.4-1;2-1/ordnung.384/(2)^20/group.5159	384	eb157187a8ed7f3181ae7e793b030a77	0	34
carat/tables/qcatalog/dim6/dir.4-1;2-1/ordnung.384/(2)^20/group.5160	384	2dd566eaacd36f3526766adcadac65c3	0	34
carat/tables/qcatalog/dim6/dir.4-1;2-1/ordnung.384/(2)^8(4)^4/group.5161	384	e15003001f758980626a542018e50fb6	0	70
carat/tables/qcatalog/dim6/dir.4-1;2-1/ordnung.384/(2)^8(4)^4/group.5162	384	03430f7637ebdb4e367cdf083e84a8a8	0	40
carat/tables/qcatalog/dim6/dir.4-1;2-1/ordnung.4608/(1)^6(2)^12(4)^2/group.5163	4608	31568da7eb41af3cb571214f01101892	0	115
carat/tables/qcatalog/dim6/dir.4-1;2-1/ordnung.4608/(1)^8(2)^10/group.5164	4608	63d0ce421112526c025d009a0fb07d3e	0	100
carat/tables/qcatalog/dim6/dir.4-1;2-1/ordnung.4608/(1)^8(2)^12/group.5165	4608	410457d1469d6251ca97d0e34b4c61f3	0	73
carat/tables/qcatalog/dim6/dir.4-1;2-1/ordnung.4608/(1)^8(2)^12/group.5166	4608	380508391cfd82f4a21013f730100272	0	100
carat/tables/qcatalog/dim6/dir.4-1;2-1/ordnung.4608/(1)^8(2)^12/group.5167	4608	d2f81e1395b86938bf8bff910541bc82	0	70
carat/tables/qcatalog/dim6/dir.4-1;2-1/ordnung.4608/(1)^8(2)^12/group.5168	4608	baee4febd9d4ab1eb2a01656e1abeabc	0	73
carat/tables/qcatalog/dim6/dir.4-1;2-2/ordnung.1152/(1)^8(2)^10(6)^2/group.5344	1152	ae16c4674cc86ebbb4c93050170f3649	0	36
carat/tables/qcatalog/dim6/dir.4-1;2-2/ordnung.13824/(1)^12(2)^6(6)^2/max.17	13824	ba9858749486936c6df46f77b80b4eee	0	150
carat/tables/qcatalog/dim6/dir.4-1;2-2/ordnung.144/(1)^10(3)^2(6)^8/group.5345	144	14bb7d46727b60c8855a755c054473da	0	15
carat/tables/qcatalog/dim6/dir.4-1;2-2/ordnung.144/(1)^10(3)^2(6)^8/group.5346	144	38d8ab7e2343563fdf056552b7ec2471	0	15
carat/tables/qcatalog/dim6/dir.4-1;2-2/ordnung.144/(1)^2(2)^2(4)^1(12)^1/group.5347	144	5637f3ea4be229eaf9f8df8f4d6d48ac	0	42
carat/tables/qcatalog/dim6/dir.4-1;2-2/ordnung.144/(1)^2(2)^3(6)^5/group.5348	144	8c8f0207349265697ed450330ee8b1c7	0	90
carat/tables/qcatalog/dim6/dir.4-1;2-2/ordnung.144/(1)^2(2)^3(6)^5/group.5349	144	06025461625a70766ca41c39acb37a88	0	42
carat/tables/qcatalog/dim6/dir.4-1;2-2/ordnung.144/(1)^2(2)^3(6)^5/group.5350	144	9170edf5b61551a5d0a8f4b752f17e4f	0	72
carat/tables/qcatalog/dim6/dir.4-1;2-2/ordnung.144/(1)^2(2)^4(4)^3(12)^1/group.5351	144	d9d25346c2935bba4c4152fe6e04c794	0	42
carat/tables/qcatalog/dim6/dir.4-1;2-2/ordnung.144/(1)^2(2)^4(4)^3(12)^1/group.5352	144	79b6ca9507c95f4ad2b5dd6ceda83bc4	0	42
carat/tables/qcatalog/dim6/dir.4-1;2-2/ordnung.144/(1)^2(2)^4(4)^3(12)^1/group.5353	144	d396f6928ef9831e1b14a53d0edb0fac	0	24
carat/tables/qcatalog/dim6/dir.4-1;2-2/ordnung.144/(1)^2(2)^4(4)^3(12)^1/group.5354	144	af65e2e1e99f7fc665e611ad51c069c4	0	24
carat/tables/qcatalog/dim6/dir.4-1;2-2/ordnung.144/(1)^2(2)^7(6)^9/group.5355	144	0d64c82775b498cc7b1c572fea3675e2	0	36
carat/tables/qcatalog/dim6/dir.4-1;2-2/ordnung.144/(1)^2(2)^7(6)^9/group.5356	144	1c06fd468dc34ca09e22c8fc5887b7b6	0	36
carat/tables/qcatalog/dim6/dir.4-1;2-2/ordnung.144/(1)^2(2)^7(6)^9/group.5357	144	869a4a5f7f8f886274d79f1919708e50	0	36
carat/tables/qcatalog/dim6/dir.4-1;2-2/ordnung.144/(1)^2(2)^7(6)^9/group.5358	144	becacdc410286f6e3b142e6c8dec697c	0	36
carat/tables/qcatalog/dim6/dir.4-1;2-2/ordnung.144/(1)^4(2)^1(6)^5/group.5359	144	1460ca15ec189f9e858a3b3128ea10c0	0	42
carat/tables/qcatalog/dim6/dir.4-1;2-2/ordnung.144/(1)^4(2)^2(12)^2/group.5360	144	be652011ca382f1a6c27e6e0603f88c8	0	21
carat/tables/qcatalog/dim6/dir.4-1;2-2/ordnung.144/(1)^4(2)^2(6)^6/group.5361	144	98c7aa9de33053e068f7eff7bf13d7f2	0	45
carat/tables/qcatalog/dim6/dir.4-1;2-2/ordnung.144/(1)^4(2)^2(6)^6/group.5362	144	7f78498d5ed2b18349f1d5d21ad6423d	0	54
carat/tables/qcatalog/dim6/dir.4-1;2-2/ordnung.384/(1)^2(2)^12(4)^3(12)^1/group.5574	384	b3339d818dbe4ef58b7468c180ca9747	0	60
carat/tables/qcatalog/dim6/dir.4-1;2-2/ordnung.384/(1)^2(2)^12(4)^3(12)^1/group.5575	384	80b3f315b90cdd97501e4c6a412ce601	0	60
carat/tables/qcatalog/dim6/dir.4-1;2-2/ordnung.384/(1)^2(2)^12(4)^3(12)^1/group.5576	384	7be00604260244e55726f8f19a3986ff	0	60
carat/tables/qcatalog/dim6/dir.4-1;2-2/ordnung.384/(1)^2(2)^8(4)^7(12)^1/group.5577	384	e48a2f7e9123e97b0d1c7cd584b3dafd	0	96
carat/tables/qcatalog/dim6/dir.4-1;2-2/ordnung.384/(1)^2(2)^8(4)^7(12)^1/group.5578	384	c52cd6ca57b8d0430fb29620e1b1b4e5	0	78
carat/tables/qcatalog/dim6/dir.4-1;2-2/ordnung.384/(1)^2(2)^8(4)^7(12)^1/group.5579	384	e883ed82d117a23d898d5a5641204e4f	0	78
carat/tables/qcatalog/dim6/dir.4-1;2-2/ordnung.384/(1)^2(2)^8(4)^7(12)^1/group.5580	384	f0b99af56d8c4d37f9c3aaf54f773659	0	96
carat/tables/qcatalog/dim6/dir.4-1;2-2/ordnung.384/(1)^4(2)^12(4)^2(12)^2/group.5581	384	9cac5f32e6b8eb43f7a4633d4d0ed1f1	0	33
carat/tables/qcatalog/dim6/dir.4-1;2-2/ordnung.384/(1)^4(2)^12(4)^2(12)^2/group.5582	384	817935ec30db2f7f6088fe64c575396d	0	33
carat/tables/qcatalog/dim6/dir.4-1;2-2/ordnung.384/(1)^4(2)^12(4)^2(12)^2/group.5583	384	304cfc961c054a14a4775c213c4fcbe6	0	33
carat/tables/qcatalog/dim6/dir.4-1;2-2/ordnung.384/(1)^4(2)^12(4)^2(12)^2/group.5584	384	87eacfbc7fdaa002c8a0b54eb6daec2c	0	33
carat/tables/qcatalog/dim6/dir.4-1;2-2/ordnung.384/(1)^4(2)^12(4)^2(12)^2/group.5585	384	700a8484e5a3c7ea73be0ea68c462f14	0	36
carat/tables/qcatalog/dim6/dir.4-1;2-2/ordnung.384/(1)^4(2)^12(4)^2(12)^2/group.5586	384	a3d71aeb218cfd330b646b3cfa21c2c1	0	33
carat/tables/qcatalog/dim6/dir.4-1;2-2/ordnung.384/(1)^4(2)^12(4)^2(12)^2/group.5587	384	ef32caaf82e290ec19c4b486631fc76e	0	33
carat/tables/qcatalog/dim6/dir.4-1;2-2/ordnung.384/(1)^4(2)^12(4)^2(12)^2/group.5588	384	f5cb216bc1f9d9826d10e0e5ef56c50c	0	33
carat/tables/qcatalog/dim6/dir.4-1;2-2/ordnung.384/(1)^4(2)^12(4)^2(12)^2/group.5589	384	65faa5de9b81fd9650afa9f33688caa0	0	45
carat/tables/qcatalog/dim6/dir.4-1;2-2/ordnung.384/(1)^4(2)^12(4)^2(12)^2/group.5590	384	9f8e3cc63135363ce1f578ddc19e9966	0	45
carat/tables/qcatalog/dim6/dir.4-1;2-2/ordnung.384/(1)^4(2)^12(4)^2(12)^2/group.5591	384	f5d08dd952143a625317fbb4b110d524	0	36
carat/tables/qcatalog/dim6/dir.4-1;2-2/ordnung.384/(1)^4(2)^12(4)^2(12)^2/group.5592	384	261ccc644e352e4c75c78b148e2bb822	0	36
carat/tables/qcatalog/dim6/dir.4-1;2-2/ordnung.384/(1)^4(2)^12(4)^2(12)^2/group.5593	384	9a5b933374f2e244f5c70e991c2b97fe	0	45
carat/tables/qcatalog/dim6/dir.4-1;2-1/ordnung.96/(2)^8(6)^4/min.527	96	4949bab2c30fc41b2854f4684342075d	0	36
carat/tables/qcatalog/dim6/dir.4-1;2-2/ordnung.1152/(1)^12(2)^6(6)^2/group.5305	1152	e216bb8c214bf23f466fa5a89317d65d	0	40
carat/tables/qcatalog/dim6/dir.4-1;2-2/ordnung.1152/(1)^2(2)^15(6)^1/group.5306	1152	7e6c9f2445f885894b39213199967fa3	0	102
carat/tables/qcatalog/dim6/dir.4-1;2-2/ordnung.1152/(1)^2(2)^16(12)^2/group.5307	1152	f94accd536899d25a562b51e64a103d7	0	46
carat/tables/qcatalog/dim6/dir.4-1;2-2/ordnung.1152/(1)^4(2)^12(4)^1(12)^1/group.5308	1152	e2a30758a8dab61bbdb489286f0af8b5	0	46
carat/tables/qcatalog/dim6/dir.4-1;2-2/ordnung.1152/(1)^4(2)^12(4)^1(12)^1/group.5309	1152	0289dc5a04db1ed75c377ec665304b0d	0	96
carat/tables/qcatalog/dim6/dir.4-1;2-2/ordnung.1152/(1)^4(2)^14(6)^2/group.5310	1152	942058a14f507b6fd4be89c01da0f635	0	40
carat/tables/qcatalog/dim6/dir.4-1;2-2/ordnung.1152/(1)^4(2)^14(6)^2/group.5311	1152	6ac3a868ff505b46b731e2227ba665c8	0	25
carat/tables/qcatalog/dim6/dir.4-1;2-2/ordnung.1152/(1)^4(2)^14(6)^2/group.5312	1152	93591e6eec6df5a52d34fc0cc0df1907	0	60
carat/tables/qcatalog/dim6/dir.4-1;2-2/ordnung.1152/(1)^4(2)^14(6)^2/group.5313	1152	ee53151f98c0fc4fb6cb9b5c222c4061	0	66
carat/tables/qcatalog/dim6/dir.4-1;2-2/ordnung.1152/(1)^4(2)^14(6)^2/group.5314	1152	88cc443d19ec4ba045846bcc4fd19cfa	0	25
carat/tables/qcatalog/dim6/dir.4-1;2-2/ordnung.1152/(1)^4(2)^14(6)^2/group.5315	1152	1a8706de7555b980ae27c20fce55956e	0	51
carat/tables/qcatalog/dim6/dir.4-1;2-2/ordnung.1152/(1)^4(2)^14(6)^2/group.5316	1152	69b5d47ca5de327c2dd3aa4576ce5bc2	0	51
carat/tables/qcatalog/dim6/dir.4-1;2-2/ordnung.1152/(1)^4(2)^14(6)^2/group.5317	1152	a00c7d766f6f3b6982adcab88b8c9e8f	0	72
carat/tables/qcatalog/dim6/dir.4-1;2-2/ordnung.1152/(1)^4(2)^14(6)^2/group.5318	1152	60039aa2937883747438705c08d01a82	0	51
carat/tables/qcatalog/dim6/dir.4-1;2-2/ordnung.1152/(1)^4(2)^14(6)^2/group.5319	1152	58c4fd5a955e916c3d474528b01e8102	0	51
carat/tables/qcatalog/dim6/dir.4-1;2-2/ordnung.1152/(1)^4(2)^6(6)^2/group.5320	1152	1c87beca452a3f07bfd2e31daf65dd49	0	96
carat/tables/qcatalog/dim6/dir.4-1;2-2/ordnung.1152/(1)^4(2)^8(4)^6(12)^2/group.5321	1152	65dce3965d3a9ff5e0ab5eef530871c7	0	114
carat/tables/qcatalog/dim6/dir.4-1;2-2/ordnung.1152/(1)^4(2)^8(4)^6(12)^2/group.5322	1152	c6806c55231355ef5c02720b2bae2c81	0	78
carat/tables/qcatalog/dim6/dir.4-1;2-2/ordnung.1152/(1)^6(2)^10(4)^1(12)^1/group.5323	1152	053f0fe4518b028ff46cac3b7f8264d1	0	78
carat/tables/qcatalog/dim6/dir.4-1;2-2/ordnung.48/(1)^4(4)^6(12)^2/group.5671	48	c136c656c7f58129e523f72213c61897	0	15
carat/tables/qcatalog/dim6/dir.4-1;2-2/ordnung.48/(1)^4(4)^6(12)^2/group.5672	48	193922569110f5067e5ecb0c504ff2a0	0	12
carat/tables/qcatalog/dim6/dir.4-1;2-2/ordnung.48/(1)^4(4)^6(12)^2/group.5673	48	5ac9008661b2edaad0df44f6310434b4	0	12
carat/tables/qcatalog/dim6/dir.4-1;2-2/ordnung.48/(1)^4(4)^6(12)^2/group.5674	48	2441699420c4a6cff25b04e8ed9bb659	0	15
carat/tables/qcatalog/dim6/dir.4-1;2-2/ordnung.48/(1)^4(4)^6(12)^2/group.5675	48	1ff9342bd523ce438c2a0bc72f524555	0	15
carat/tables/qcatalog/dim6/dir.4-1;2-2/ordnung.48/(1)^4(4)^6(12)^2/group.5676	48	92ae72c53e83cdd43410cfe058b3097a	0	18
carat/tables/qcatalog/dim6/dir.4-1;2-2/ordnung.48/(1)^4(4)^6(12)^2/group.5677	48	0582d1b679064118b969aa0a7ab77e76	0	18
carat/tables/qcatalog/dim6/dir.4-1;2-2/ordnung.48/(1)^4(4)^6(12)^2/group.5678	48	855b829b03bbe8d455d9d883d56ae986	0	12
carat/tables/qcatalog/dim6/dir.4-1;2-2/ordnung.48/(1)^4(4)^6(12)^2/group.5679	48	42aca1b9a20cb2025da404c54f474d64	0	12
carat/tables/qcatalog/dim6/dir.4-1;2-2/ordnung.48/(1)^4(4)^6(12)^2/group.5680	48	84f8db301a307607feebeb9132086195	0	15
carat/tables/qcatalog/dim6/dir.4-1;2-2/ordnung.48/(1)^4(4)^6(12)^2/min.540	48	9a0f15d4d3684d8e5ff6f20e5c41b35c	0	18
carat/tables/qcatalog/dim6/dir.4-1;2-2/ordnung.48/(1)^4(4)^6(12)^2/min.541	48	bf45cc2fe303d79e4005a84f71a576e4	0	18
carat/tables/qcatalog/dim6/dir.4-1;2-2/ordnung.48/(1)^4(4)^6(12)^2/min.542	48	5e54ba5f312b855e88a45ab7dca204e4	0	18
carat/tables/qcatalog/dim6/dir.4-1;2-2/ordnung.48/(1)^4(4)^6(12)^2/min.543	48	961bf17154ad17d0078e0308162c287e	0	18
carat/tables/qcatalog/dim6/dir.4-1;2-2/ordnung.48/(2)^10(6)^10/group.5681	48	8589a22f48638c0b2385eb49c12d7c5d	0	8
carat/tables/qcatalog/dim6/dir.4-1;2-2/ordnung.48/(2)^5(6)^5/group.5682	48	3f5fa1858214c5a1377ebfcb0b1e1bef	0	14
carat/tables/qcatalog/dim6/dir.4-1;2-2/ordnung.576/(1)^12(2)^6(6)^2/group.5683	576	2697ed424ed9625e1d751457ec77de50	0	20
carat/tables/qcatalog/dim6/dir.4-1;2-2/ordnung.576/(1)^2(2)^12(4)^3(12)^1/group.5684	576	2c9a62a6d32c64a3f663dc718e9ffc85	0	50
carat/tables/qcatalog/dim6/dir.4-1;2-2/ordnung.576/(1)^2(2)^15(6)^1/group.5685	576	c891064893e5a825793c853d2426f90b	0	51
carat/tables/qcatalog/dim6/dir.4-1;2-2/ordnung.576/(1)^2(2)^15(6)^1/group.5686	576	61c15b6e2b36985d942e6562dd3f0b5b	0	51
carat/tables/qcatalog/dim6/dir.4-1;2-2/ordnung.192/(1)^4(4)^14(12)^2/group.5483	192	8ba16fe859691f035e53b8b29eee81a9	0	33
carat/tables/qcatalog/dim6/dir.4-1;2-2/ordnung.192/(1)^4(4)^14(12)^2/group.5484	192	fbcfaa3ab5c0075f65b9912569bdf8d5	0	33
carat/tables/qcatalog/dim6/dir.4-1;2-2/ordnung.192/(1)^4(4)^14(12)^2/group.5485	192	675fe631602456ca5f8501158d58a608	0	36
carat/tables/qcatalog/dim6/dir.4-1;2-2/ordnung.192/(1)^4(4)^14(12)^2/group.5486	192	3b93ebae8d2c95dad042cf4e7c311438	0	36
carat/tables/qcatalog/dim6/dir.4-1;2-2/ordnung.192/(1)^4(4)^14(12)^2/group.5487	192	8de0eb840a2473a8248936c97232cf16	0	26
carat/tables/qcatalog/dim6/dir.4-1;2-2/ordnung.192/(1)^4(4)^6(12)^2/group.5488	192	0fef42f4de81f550f719f04531975f4e	0	60
carat/tables/qcatalog/dim6/dir.4-1;2-2/ordnung.192/(1)^4(4)^6(12)^2/group.5489	192	528de1d4ea24c9f82bce899027f4db06	0	60
carat/tables/qcatalog/dim6/dir.4-1;2-2/ordnung.192/(1)^4(4)^6(12)^2/group.5490	192	afde618deb96e738c4528d5679942a16	0	42
carat/tables/qcatalog/dim6/dir.4-1;2-2/ordnung.192/(1)^4(4)^6(12)^2/group.5491	192	cdc83bfcea860b3a3596c98407ed3598	0	32
carat/tables/qcatalog/dim6/dir.4-1;2-2/ordnung.192/(2)^14(4)^3(12)^1/group.5492	192	7368c7b9c5017f9dd011d6aa60c5931b	0	22
carat/tables/qcatalog/dim6/dir.4-1;2-2/ordnung.192/(2)^16(4)^1(12)^1/group.5493	192	7fcf61253317ecdb2973651cb320cf49	0	16
carat/tables/qcatalog/dim6/dir.4-1;2-2/ordnung.192/(2)^16(4)^1(12)^1/group.5494	192	8840958532028bdb806a3a1c5f1caab9	0	16
carat/tables/qcatalog/dim6/dir.4-1;2-2/ordnung.192/(2)^18(12)^2/group.5495	192	69de0e9fe61df29210be398c91e8bf08	0	13
carat/tables/qcatalog/dim6/dir.4-1;2-2/ordnung.192/(2)^18(6)^2/group.5496	192	6e46b190e090f6e885db708b28b28d1e	0	13
carat/tables/qcatalog/dim6/dir.4-1;2-2/ordnung.216/(1)^5(3)^1(6)^4/group.5497	216	97402cd64465931e9a711bbd2902033c	0	63
carat/tables/qcatalog/dim6/dir.4-1;2-2/ordnung.2304/(1)^4(2)^14(6)^2/group.5498	2304	66bf6ec9c956828f69112c069f145295	0	50
carat/tables/qcatalog/dim6/dir.4-1;2-2/ordnung.2304/(1)^4(2)^14(6)^2/group.5499	2304	4894f64bd26fd05fe780d467fbaa943d	0	102
carat/tables/qcatalog/dim6/dir.4-1;2-2/ordnung.2304/(1)^6(2)^11(6)^1/group.5500	2304	260b863e4b650a6ba85c715e61fe20d9	0	120
carat/tables/qcatalog/dim6/dir.4-1;2-2/ordnung.2304/(1)^6(2)^12(12)^2/group.5501	2304	4213d3c4deb9c541f33337dda9734157	0	96
carat/tables/qcatalog/dim6/dir.4-1;2-2/ordnung.2304/(1)^8(2)^10(12)^2/group.5502	2304	0760311198ab9e0fa606df17d7ca3a85	0	78
carat/tables/qcatalog/dim6/dir.4-1;2-2/ordnung.384/(1)^4(2)^12(4)^2(12)^2/group.5594	384	2a9446486af78c9aee6dd94532916ee8	0	36
carat/tables/qcatalog/dim6/dir.4-1;2-2/ordnung.384/(1)^4(2)^12(4)^2(12)^2/group.5595	384	cdfb86ddb7197fe844480e26bcc59576	0	36
carat/tables/qcatalog/dim6/dir.4-1;2-2/ordnung.384/(1)^4(2)^12(4)^2(12)^2/group.5596	384	8542d4e1428d45c49c6a0b988b5b3b9a	0	36
carat/tables/qcatalog/dim6/dir.4-1;2-2/ordnung.384/(1)^4(2)^12(4)^2(12)^2/group.5597	384	8b76d5ff834371285cfca416e9609bfa	0	36
carat/tables/qcatalog/dim6/dir.4-1;2-2/ordnung.384/(1)^4(2)^12(4)^2(12)^2/group.5598	384	4da9020c0ced8628a09143254cb33e52	0	36
carat/tables/qcatalog/dim6/dir.4-1;2-2/ordnung.384/(1)^4(2)^4(4)^2(12)^2/group.5599	384	5e3ac049d0f831d1ec2b46eef02e465f	0	84
carat/tables/qcatalog/dim6/dir.4-1;2-2/ordnung.384/(1)^4(2)^8(4)^6(12)^2/group.5600	384	68cfc3417f6b50d0623ad040e998e826	0	48
carat/tables/qcatalog/dim6/dir.4-1;2-2/ordnung.384/(1)^4(2)^8(4)^6(12)^2/group.5601	384	2c6a66e82d88855ee237ab61123a4024	0	48
carat/tables/qcatalog/dim6/dir.4-1;2-2/ordnung.384/(1)^4(2)^8(4)^6(12)^2/group.5602	384	786895bc8e08b49d3d6175039adec4db	0	66
carat/tables/qcatalog/dim6/dir.4-1;2-2/ordnung.384/(1)^4(2)^8(4)^6(12)^2/group.5603	384	93e9deed318589a73c6e4142cb687695	0	54
carat/tables/qcatalog/dim6/dir.4-1;2-2/ordnung.384/(1)^4(2)^8(4)^6(12)^2/group.5604	384	1e3ddf9c07712be5ed2acaf36fe390c3	0	48
carat/tables/qcatalog/dim6/dir.4-1;2-2/ordnung.384/(1)^4(2)^8(4)^6(12)^2/group.5605	384	e306a718d6a65527ab74702ed06bd28d	0	54
carat/tables/qcatalog/dim6/dir.4-1;2-2/ordnung.384/(1)^4(2)^8(4)^6(12)^2/group.5606	384	f0db399e0901e28fedc7b7c1929bd8ed	0	60
carat/tables/qcatalog/dim6/dir.4-1;2-2/ordnung.384/(1)^4(2)^8(4)^6(12)^2/group.5607	384	963172716a298e34fb70f0d87ca24a76	0	48
carat/tables/qcatalog/dim6/dir.4-1;2-2/ordnung.384/(1)^4(2)^8(4)^6(12)^2/group.5608	384	743674f64f4fdaf6673e8ebf980536a8	0	48
carat/tables/qcatalog/dim6/dir.4-1;2-2/ordnung.384/(1)^4(2)^8(4)^6(12)^2/group.5609	384	703357dde988cca83243731f0b6257fa	0	48
carat/tables/qcatalog/dim6/dir.4-1;2-2/ordnung.384/(1)^4(2)^8(4)^6(12)^2/group.5610	384	9018dfb542abce7af8b1ed6e43ce911c	0	48
carat/tables/qcatalog/dim6/dir.4-1;2-2/ordnung.384/(1)^4(2)^8(4)^6(12)^2/group.5611	384	5df96d52a5a048d314b126b5c3672ed1	0	54
carat/tables/qcatalog/dim6/dir.4-1;2-2/ordnung.384/(1)^4(2)^8(4)^6(12)^2/group.5612	384	8056e2452b799ce7a0f36f33bf05ce25	0	48
carat/tables/qcatalog/dim6/dir.4-1;2-2/ordnung.384/(1)^4(2)^8(4)^6(12)^2/group.5613	384	a3c39f4fcfc6ba5f43349254ba2a8385	0	48
carat/tables/qcatalog/dim6/dir.4-1;2-2/ordnung.2304/(1)^8(2)^10(6)^2/group.5503	2304	dc083295d49fa511b073ccb33781a2d3	0	72
carat/tables/qcatalog/dim6/dir.4-1;2-2/ordnung.2304/(1)^8(2)^10(6)^2/group.5504	2304	26c7aa21402db0b7960f144c2b8f06a1	0	60
carat/tables/qcatalog/dim6/dir.4-1;2-2/ordnung.2304/(1)^8(2)^10(6)^2/group.5505	2304	517937a136254671826a75ad3dbba30b	0	60
carat/tables/qcatalog/dim6/dir.4-1;2-2/ordnung.2304/(1)^8(2)^10(6)^2/group.5506	2304	76cc89fbc2d13699b16d6bb9a77ae6db	0	60
carat/tables/qcatalog/dim6/dir.4-1;2-2/ordnung.2304/(1)^8(2)^10(6)^2/group.5507	2304	121b4461fc8413ef8feffb9fd70e5d71	0	60
carat/tables/qcatalog/dim6/dir.4-1;2-2/ordnung.2304/(1)^8(2)^10(6)^2/group.5508	2304	6c1bdefd075b259dc479dc50618ad063	0	66
carat/tables/qcatalog/dim6/dir.4-1;2-2/ordnung.2304/(1)^8(2)^10(6)^2/group.5509	2304	8848ef52d7625945f1d37b0ad93789fb	0	66
carat/tables/qcatalog/dim6/dir.4-1;2-2/ordnung.2304/(1)^8(2)^10(6)^2/group.5510	2304	5b392dfa9a6acd170066cea70598db9d	0	78
carat/tables/qcatalog/dim6/dir.4-1;2-2/ordnung.24/(1)^2(2)^3(6)^1(12)^4/min.528	24	346646562f54616fd9cc08cf37848c79	0	15
carat/tables/qcatalog/dim6/dir.4-1;2-2/ordnung.24/(1)^2(2)^3(6)^1(12)^4/min.529	24	4ce00fc3e28d198fa64515323c1288e1	0	15
carat/tables/qcatalog/dim6/dir.4-1;2-2/ordnung.24/(1)^2(4)^2(8)^1(24)^1/min.530	24	01c59c522cdd1b07e31a1c76a8a51cf5	0	7
carat/tables/qcatalog/dim6/dir.4-1;2-2/ordnung.24/(1)^2(4)^3(12)^1/min.531	24	526538d2d98f90f744ab52884a63c741	0	15
carat/tables/qcatalog/dim6/dir.4-1;2-2/ordnung.24/(1)^2(4)^3(12)^1/min.532	24	632401559e27ae171add23d461a9f219	0	15
carat/tables/qcatalog/dim6/dir.4-1;2-2/ordnung.24/(1)^4(4)^2(12)^2/min.533	24	ac4a106916268a4dea74fff35328151b	0	9
carat/tables/qcatalog/dim6/dir.4-1;2-2/ordnung.24/(1)^4(4)^2(12)^2/min.534	24	e6bab682d84b6927c43cc517fd0468d5	0	9
carat/tables/qcatalog/dim6/dir.4-1;2-2/ordnung.24/(1)^4(4)^2(12)^6/min.535	24	89d30fe4e4afa5546584469211291956	0	12
carat/tables/qcatalog/dim6/dir.4-1;2-2/ordnung.24/(2)^5(6)^5/min.536	24	c456f7461fc67597a6a1c4d9383a7a95	0	7
carat/tables/qcatalog/dim6/dir.4-1;2-2/ordnung.288/(1)^10(3)^2(6)^8/group.5511	288	152646917131fe345b4ea6d8122923be	0	30
carat/tables/qcatalog/dim6/dir.4-1;2-2/ordnung.288/(1)^10(3)^2(6)^8/group.5512	288	d372529de43a4f7a4af654c126deb7a4	0	30
carat/tables/qcatalog/dim6/dir.4-1;2-2/ordnung.288/(1)^2(2)^12(4)^3(12)^1/group.5513	288	f613f561cf0dca3be406775cc004dbad	0	25
carat/tables/qcatalog/dim6/dir.4-1;2-2/ordnung.384/(1)^4(2)^8(4)^6(12)^2/group.5614	384	e58b30c88480de1a13ad91ef0da70e98	0	48
carat/tables/qcatalog/dim6/dir.4-1;2-2/ordnung.384/(1)^4(2)^8(4)^6(12)^2/group.5615	384	d12d85d361b6b364024507d4593dd092	0	48
carat/tables/qcatalog/dim6/dir.4-1;2-2/ordnung.384/(1)^4(2)^8(4)^6(12)^2/group.5616	384	a9bb347999b01024ebddf5c67ac2043e	0	39
carat/tables/qcatalog/dim6/dir.4-1;2-2/ordnung.384/(1)^4(2)^8(4)^6(12)^2/group.5617	384	3c60d19c182a944c6b1eb5c03ae010a6	0	39
carat/tables/qcatalog/dim6/dir.4-1;2-2/ordnung.384/(1)^4(2)^8(4)^6(12)^2/group.5618	384	52a2cd59f56c9a7a8b4de0911c90d80c	0	39
carat/tables/qcatalog/dim6/dir.4-1;2-2/ordnung.384/(1)^4(2)^8(4)^6(12)^2/group.5619	384	8787f8520b6d908299122f341aa766e4	0	39
carat/tables/qcatalog/dim6/dir.4-1;2-2/ordnung.384/(1)^4(2)^8(4)^6(12)^2/group.5620	384	4c85eb6a21823d39d32773e72c6c0417	0	39
carat/tables/qcatalog/dim6/dir.4-1;2-2/ordnung.384/(1)^4(2)^8(4)^6(12)^2/group.5621	384	cb80281342f46425c76448014ca693c3	0	39
carat/tables/qcatalog/dim6/dir.4-1;2-2/ordnung.384/(1)^4(2)^8(4)^6(12)^2/group.5622	384	4c7d34e107d87cf1feecb405dd345a2f	0	39
carat/tables/qcatalog/dim6/dir.4-1;2-2/ordnung.384/(1)^4(2)^8(4)^6(12)^2/group.5623	384	80e1844ce2c8dccd082d3cae3052b46b	0	66
carat/tables/qcatalog/dim6/dir.4-1;2-2/ordnung.384/(1)^4(2)^8(4)^6(12)^2/group.5624	384	5f88710be3fd8a610eed856e867840df	0	54
carat/tables/qcatalog/dim6/dir.4-1;2-2/ordnung.384/(1)^4(2)^8(4)^6(12)^2/group.5625	384	f47bee333bfe206d9a46c3da43d8236b	0	60
carat/tables/qcatalog/dim6/dir.4-1;2-2/ordnung.384/(1)^4(2)^8(4)^6(12)^2/group.5626	384	e662ee38218f1262a09cde5626b62754	0	48
carat/tables/qcatalog/dim6/dir.4-1;2-2/ordnung.384/(1)^4(2)^8(4)^6(12)^2/group.5627	384	ede01267ae145b1e593f9e17bf25b850	0	48
carat/tables/qcatalog/dim6/dir.4-1;2-2/ordnung.384/(1)^4(2)^8(4)^6(12)^2/group.5628	384	cccf5476370fd795ee2f2c18cfe6d6cb	0	54
carat/tables/qcatalog/dim6/dir.4-1;2-2/ordnung.384/(1)^4(2)^8(4)^6(12)^2/group.5629	384	7c17166c38c83709b0030e20a61e1007	0	60
carat/tables/qcatalog/dim6/dir.4-1;2-2/ordnung.384/(1)^4(2)^8(4)^6(12)^2/group.5630	384	27eaf055df151fcb5f2dc27469c2d6f9	0	34
carat/tables/qcatalog/dim6/dir.4-1;2-2/ordnung.384/(1)^4(4)^14(12)^2/group.5631	384	235c431f11b76fed1b1ba62b7ea5d62b	0	102
carat/tables/qcatalog/dim6/dir.4-1;2-2/ordnung.384/(1)^4(4)^14(12)^2/group.5632	384	930d8eba6a7d3a7966786a66b216f12f	0	66
carat/tables/qcatalog/dim6/dir.4-1;2-2/ordnung.384/(1)^4(4)^14(12)^2/group.5633	384	071071ca0b8e54ed3226c70fc5f31d2b	0	66
carat/tables/qcatalog/dim6/dir.4-1;2-2/ordnung.96/(1)^4(4)^14(12)^2/group.5802	96	52678de7d4c67385acbc7c2609fe94f3	0	27
carat/tables/qcatalog/dim6/dir.4-1;2-2/ordnung.96/(1)^4(4)^14(12)^2/group.5803	96	f7afd4d10ad4512e1c4e5b19199a729c	0	27
carat/tables/qcatalog/dim6/dir.4-1;2-2/ordnung.96/(1)^4(4)^14(12)^2/group.5804	96	7a389628c080946373557b1aba9f9f61	0	27
carat/tables/qcatalog/dim6/dir.4-1;2-2/ordnung.96/(1)^4(4)^14(12)^2/group.5805	96	b2086e9b943e3c9a44db41baf09e8b80	0	21
carat/tables/qcatalog/dim6/dir.4-1;2-2/ordnung.96/(1)^4(4)^14(12)^2/group.5806	96	6aa315a1ae1c4427f9603de32f72e53d	0	21
carat/tables/qcatalog/dim6/dir.4-1;2-2/ordnung.96/(1)^4(4)^14(12)^2/group.5807	96	029e0a3dd784e625724865b4c48796c3	0	21
carat/tables/qcatalog/dim6/dir.4-1;2-2/ordnung.96/(1)^4(4)^14(12)^2/group.5808	96	cabaa6910115d3b11365e522596d45e7	0	21
carat/tables/qcatalog/dim6/dir.4-1;2-2/ordnung.96/(1)^4(4)^14(12)^2/group.5809	96	7eb8db039367b745a890d35862a1d883	0	21
carat/tables/qcatalog/dim6/dir.4-1;2-2/ordnung.96/(1)^4(4)^14(12)^2/group.5810	96	422c52c8830844f61ce705fd7a3c2344	0	21
carat/tables/qcatalog/dim6/dir.4-1;2-2/ordnung.96/(1)^4(4)^14(12)^2/group.5811	96	264bd12ff8c215b668ecca77c076d734	0	21
carat/tables/qcatalog/dim6/dir.4-1;2-2/ordnung.96/(1)^4(4)^14(12)^2/group.5812	96	c03713f4a553d04f1239e3fadbaf2ef5	0	21
carat/tables/qcatalog/dim6/dir.4-1;2-2/ordnung.96/(1)^4(4)^14(12)^2/group.5813	96	b5586eea15d64573f26318096c0c2681	0	21
carat/tables/qcatalog/dim6/dir.4-1;2-2/ordnung.96/(1)^4(4)^14(12)^2/group.5814	96	1e2ac094033419ee2b8d6a1c75dcc914	0	27
carat/tables/qcatalog/dim6/dir.4-1;2-2/ordnung.96/(1)^4(4)^14(12)^2/group.5815	96	b0c4f1c9faf69a4d31a0d36415a91a93	0	27
carat/tables/qcatalog/dim6/dir.4-1;2-2/ordnung.96/(1)^4(4)^14(12)^2/group.5816	96	ea3b1835365480123b7b5cb2b5492910	0	27
carat/tables/qcatalog/dim6/dir.4-1;2-2/ordnung.96/(1)^4(4)^14(12)^2/group.5817	96	19cae31a7a5178516cf35bab160af237	0	18
carat/tables/qcatalog/dim6/dir.4-1;2-2/ordnung.96/(1)^4(4)^14(12)^2/group.5818	96	e4f0cf2edab783f9635d2ad1d9034a3f	0	18
carat/tables/qcatalog/dim6/dir.4-1;2-2/ordnung.96/(1)^4(4)^14(12)^2/group.5819	96	a687756b9f937d2951f7d98096a419df	0	18
carat/tables/qcatalog/dim6/dir.4-1;2-2/ordnung.96/(1)^4(4)^14(12)^2/group.5820	96	308723156272a5293b6b7782169c256f	0	18
carat/tables/qcatalog/dim6/dir.4-1;2-2/ordnung.96/(1)^4(4)^14(12)^2/group.5821	96	f78874179d96c2521fd9ee6e8c488c88	0	18
carat/tables/qcatalog/dim6/dir.4-1;2-2/ordnung.96/(1)^2(4)^15(12)^1/group.5785	96	981ce884af140f125cf760f8037b4ab4	0	33
carat/tables/qcatalog/dim6/dir.4-1;2-2/ordnung.96/(1)^2(4)^15(12)^1/group.5786	96	7a851e737c792eb28c81fd5737dd561c	0	33
carat/tables/qcatalog/dim6/dir.4-1;2-2/ordnung.96/(1)^2(4)^15(12)^1/group.5787	96	8dc2aecd342a1e341539a3c787b90f1e	0	33
carat/tables/qcatalog/dim6/dir.4-1;2-2/ordnung.96/(1)^2(4)^15(12)^1/min.546	96	3e395ab5ae72a41cffb87e21b55b0f8e	0	33
carat/tables/qcatalog/dim6/dir.4-1;2-2/ordnung.96/(1)^2(4)^15(12)^1/min.547	96	0a11a713115ebd6caefba31ed6116fce	0	33
carat/tables/qcatalog/dim6/dir.4-1;2-2/ordnung.96/(1)^2(4)^15(12)^1/min.548	96	f0b39969e15ecf065fa24e7fd63370d8	0	33
carat/tables/qcatalog/dim6/dir.4-1;2-2/ordnung.96/(1)^2(4)^7(12)^1/group.5788	96	4c1c707593e2d9bbfbf4159a9ea771a9	0	60
carat/tables/qcatalog/dim6/dir.4-1;2-2/ordnung.96/(1)^2(4)^7(12)^1/group.5789	96	688873bb10aaa53d2e60aca503b628bb	0	28
carat/tables/qcatalog/dim6/dir.4-1;2-2/ordnung.96/(1)^2(4)^7(12)^1/group.5790	96	1ff2b7557e11b1538a3ce79137d4ac69	0	60
carat/tables/qcatalog/dim6/dir.4-1;2-2/ordnung.96/(1)^2(4)^7(12)^1/group.5791	96	9cf9453c62930c9b23713c0adea2f351	0	42
carat/tables/qcatalog/dim6/dir.4-1;2-2/ordnung.96/(1)^4(2)^4(4)^2(12)^2/group.5792	96	3b237301b5b12c649c69f9fd646a5aae	0	24
carat/tables/qcatalog/dim6/dir.4-1;2-2/ordnung.96/(1)^4(2)^4(4)^2(12)^2/group.5793	96	936173df7018db9e05948494e8de0560	0	24
carat/tables/qcatalog/dim6/dir.4-1;2-2/ordnung.96/(1)^4(2)^4(4)^2(12)^2/group.5794	96	a9692235589b22a08ed5edbe31bf69ba	0	24
carat/tables/qcatalog/dim6/dir.4-1;2-2/ordnung.96/(1)^4(2)^4(4)^2(12)^2/group.5795	96	2f7b6e0142a8c510c2f5123227f773fa	0	24
carat/tables/qcatalog/dim6/dir.4-1;2-2/ordnung.96/(1)^4(2)^4(4)^2(12)^2/group.5796	96	41c3bcb6d553445f3f20f06476033239	0	30
carat/tables/qcatalog/dim6/dir.4-1;2-2/ordnung.96/(1)^4(2)^4(4)^2(12)^2/group.5797	96	33d8f70ad934552fdd8f60d1dd7f5671	0	30
carat/tables/qcatalog/dim6/dir.4-1;2-2/ordnung.96/(1)^4(2)^6(6)^2(12)^8/group.5798	96	5b19eb6c1c8d2d3f78da9b3278647471	0	24
carat/tables/qcatalog/dim6/dir.4-1;2-2/ordnung.96/(1)^4(4)^14(12)^2/group.5799	96	fb9dc9e6387b123bf64f859c2ee1d801	0	27
carat/tables/qcatalog/dim6/dir.4-1;2-2/ordnung.96/(1)^4(4)^14(12)^2/group.5800	96	6fe1ef22416d657e0a2669108c750584	0	27
carat/tables/qcatalog/dim6/dir.4-1;2-2/ordnung.96/(1)^4(4)^14(12)^2/group.5801	96	16017441633238d2d3ffddda8bc48bc8	0	21
carat/tables/qcatalog/dim6/dir.4-1;2-2/ordnung.864/(1)^10(3)^2(6)^8/group.5765	864	b52bf493812a3fa85229ffc65d7ba3fa	0	45
carat/tables/qcatalog/dim6/dir.4-1;2-2/ordnung.864/(1)^10(3)^2(6)^8/group.5766	864	8e0f400eaaf57a7c8ae3bca565595446	0	45
carat/tables/qcatalog/dim6/dir.4-1;2-2/ordnung.864/(1)^6(2)^8(4)^3(12)^1/group.5767	864	3d30695e297984e3667b0ca1c2b842c5	0	75
carat/tables/qcatalog/dim6/dir.4-1;2-2/ordnung.864/(1)^6(3)^2(6)^4/group.5768	864	e3806104d6b745aaab9c9ecd442252f0	0	126
carat/tables/qcatalog/dim6/dir.4-1;2-2/ordnung.864/(1)^9(3)^1(6)^8/group.5769	864	690dae1687018328df885c2ba3a1ea5a	0	90
carat/tables/qcatalog/dim6/dir.4-1;2-2/ordnung.96/(1)^2(2)^4(4)^11(12)^1/group.5770	96	9279353dbbc3acac8651e11bba8afeae	0	19
carat/tables/qcatalog/dim6/dir.4-1;2-2/ordnung.96/(1)^2(2)^4(4)^11(12)^1/group.5771	96	a9386a12627449ec55b01bf86162ea8e	0	19
carat/tables/qcatalog/dim6/dir.4-1;2-2/ordnung.96/(1)^2(2)^4(4)^3(12)^1/group.5772	96	7346be23712100a56772f1aa3a5d67db	0	42
carat/tables/qcatalog/dim6/dir.4-1;2-2/ordnung.96/(1)^2(2)^4(4)^3(12)^1/group.5773	96	41d48221f363e5750e86907930b87143	0	42
carat/tables/qcatalog/dim6/dir.4-1;2-2/ordnung.96/(1)^2(2)^4(4)^3(12)^1/group.5774	96	283ec8d4482d7a23b9ef64c30b6035e1	0	42
carat/tables/qcatalog/dim6/dir.4-1;2-2/ordnung.96/(1)^2(2)^4(4)^3(12)^1/group.5775	96	99c062602a64e7ab782546d483eeac31	0	42
carat/tables/qcatalog/dim6/dir.4-1;2-2/ordnung.96/(1)^2(4)^15(12)^1/group.5776	96	33a202fbc0b21916075d454dfa589180	0	51
carat/tables/qcatalog/dim6/dir.4-1;2-2/ordnung.96/(1)^2(4)^15(12)^1/group.5777	96	d1914d0014d611de9db3c9409a0841b0	0	51
carat/tables/qcatalog/dim6/dir.4-1;2-2/ordnung.96/(1)^2(4)^15(12)^1/group.5778	96	cd55b724c226bd6ed582149d00492d58	0	33
carat/tables/qcatalog/dim6/dir.4-1;2-2/ordnung.96/(1)^2(4)^15(12)^1/group.5779	96	3138e2e7286c24a6793677f24a40fe00	0	33
carat/tables/qcatalog/dim6/dir.4-1;2-2/ordnung.96/(1)^2(4)^15(12)^1/group.5780	96	a9ef5a9452bf65362fec5e97aa1b7de0	0	51
carat/tables/qcatalog/dim6/dir.4-1;2-2/ordnung.96/(1)^2(4)^15(12)^1/group.5781	96	1bc4e3f573454f8c73c45fdb4da1dade	0	33
carat/tables/qcatalog/dim6/dir.4-1;2-2/ordnung.96/(1)^2(4)^15(12)^1/group.5782	96	621e39b064fb99b0acfb1df790df59ea	0	33
carat/tables/qcatalog/dim6/dir.4-1;2-2/ordnung.96/(1)^2(4)^15(12)^1/group.5783	96	fba8e67f90353a3a55d0c82bc01d1914	0	33
carat/tables/qcatalog/dim6/dir.4-1;2-2/ordnung.96/(1)^2(4)^15(12)^1/group.5784	96	5ed8cafe7b360476b265efcd9f0ddb68	0	33
carat/tables/qcatalog/dim6/dir.4-1;2-2/ordnung.96/(1)^4(4)^6(12)^2/group.5838	96	d1379d0e7c6dacaa11ad32a975d9746c	0	30
carat/tables/qcatalog/dim6/dir.4-1;2-2/ordnung.96/(1)^4(4)^6(12)^2/group.5839	96	b1019c67654d76ae8ab1082fbd9413e8	0	30
carat/tables/qcatalog/dim6/dir.4-1;2-2/ordnung.96/(1)^4(4)^6(12)^2/group.5840	96	28c6c84a575a0fc1926db23a67cc5a8b	0	36
carat/tables/qcatalog/dim6/dir.4-1;2-2/ordnung.96/(1)^4(4)^6(12)^2/group.5841	96	ae34d64f824aa020416433d29a15583a	0	30
carat/tables/qcatalog/dim6/dir.4-1;2-2/ordnung.96/(1)^4(4)^6(12)^2/group.5842	96	1cd01e6f10e8b1c04cb26f04f896794a	0	30
carat/tables/qcatalog/dim6/dir.4-1;2-2/ordnung.96/(1)^4(4)^6(12)^2/group.5843	96	21607252f53a214937878a53054d7b33	0	24
carat/tables/qcatalog/dim6/dir.4-1;2-2/ordnung.96/(1)^4(4)^6(12)^2/group.5844	96	d2205c0c8a9c7ccfb7c0df5861747d51	0	30
carat/tables/qcatalog/dim6/dir.4-1;2-2/ordnung.96/(1)^4(4)^6(12)^2/group.5845	96	ab8cdad282f585e365faed79de43bc05	0	36
carat/tables/qcatalog/dim6/dir.4-1;2-2/ordnung.96/(1)^4(4)^6(12)^2/group.5846	96	8300354fa91483ff9a25eb556c53bf21	0	21
carat/tables/qcatalog/dim6/dir.4-1;2-2/ordnung.96/(1)^4(4)^6(12)^2/group.5847	96	2dfceb1f8cb6512f7a1efd0131ab6ae9	0	21
carat/tables/qcatalog/dim6/dir.4-1;2-2/ordnung.96/(1)^4(4)^6(12)^2/group.5848	96	c4ed162316e1e30b8a2bb6482d996f55	0	21
carat/tables/qcatalog/dim6/dir.4-1;2-2/ordnung.96/(1)^4(4)^6(12)^2/group.5849	96	341e8b1c1dac472b86f9bef5d564bb5d	0	21
carat/tables/qcatalog/dim6/dir.4-1;2-2/ordnung.96/(1)^4(4)^6(12)^2/group.5850	96	dcb7dc3a16baec0aac201c2e95331c84	0	30
carat/tables/qcatalog/dim6/dir.4-1;2-2/ordnung.96/(1)^4(4)^6(12)^2/group.5851	96	2f3652f32247472f37e950ed67ad1789	0	24
carat/tables/qcatalog/dim6/dir.4-1;2-2/ordnung.96/(1)^4(4)^6(12)^2/group.5852	96	65cbfedebd6a18fd37da0577310c6d9f	0	16
carat/tables/qcatalog/dim6/dir.4-1;2-2/ordnung.96/(2)^10(6)^10/group.5853	96	389627bd140a70d5a75dd4a1e872c02f	0	16
carat/tables/qcatalog/dim6/dir.4-1;2-2/ordnung.96/(2)^14(4)^3(12)^1/group.5854	96	d39dab2428ed98e0386e1ae1fbafb12e	0	11
carat/tables/qcatalog/dim6/dir.4-2';1,1/ordnung.12/(2)^3(6)^2/min.553	12	83bf75221ed4698913e46aa02e4173c3	1	12
carat/tables/qcatalog/dim6/dir.4-2';1,1/ordnung.12/(2)^3(6)^2/min.554	12	40e9f3f15e6f17e1decc457fd0894afb	1	12
carat/tables/qcatalog/dim6/dir.4-2';1,1/ordnung.24/(2)^3(6)^2/group.5855	24	eec870e69f74f5b82ec283d936dd5462	1	24
carat/tables/qcatalog/dim6/dir.4-1;2-2/ordnung.576/(1)^2(2)^15(6)^1/group.5687	576	8cc0c4d15bfe290f6e4118ff2540cb35	0	51
carat/tables/qcatalog/dim6/dir.4-1;2-2/ordnung.576/(1)^2(2)^15(6)^1/group.5688	576	97962f4e96a949e71e9b0b67e3fb3bc5	0	51
carat/tables/qcatalog/dim6/dir.4-1;2-2/ordnung.576/(1)^2(2)^16(12)^2/group.5689	576	02dce45a637a2588440c72036359ef7a	0	23
carat/tables/qcatalog/dim6/dir.4-1;2-2/ordnung.576/(1)^2(2)^7(6)^1/group.5690	576	f84d379e0c49a58a5bea7f0a24dd3524	0	96
carat/tables/qcatalog/dim6/dir.4-1;2-2/ordnung.576/(1)^2(2)^8(4)^7(12)^1/group.5691	576	e893bd088ba66a9ce48b76dbd337de22	0	114
carat/tables/qcatalog/dim6/dir.4-1;2-2/ordnung.576/(1)^2(2)^8(4)^7(12)^1/group.5692	576	30151ab3721cd82cdf1ebf53a63a0636	0	78
carat/tables/qcatalog/dim6/dir.4-1;2-2/ordnung.576/(1)^4(2)^10(4)^3(12)^1/group.5693	576	c62011adf2bf081f3546a4deb91304d9	0	66
carat/tables/qcatalog/dim6/dir.4-1;2-2/ordnung.576/(1)^4(2)^12(4)^1(12)^1/group.5694	576	7b9ba301a259aaca07f7dec3a421c25c	0	23
carat/tables/qcatalog/dim6/dir.4-1;2-2/ordnung.576/(1)^4(2)^12(4)^1(12)^1/group.5695	576	f913522848d83fea0eebe79ba1ee99ac	0	23
carat/tables/qcatalog/dim6/dir.4-1;2-2/ordnung.576/(1)^4(2)^12(4)^1(12)^1/group.5696	576	ec3f082090a1f8693e37f1c0f50f630b	0	48
carat/tables/qcatalog/dim6/dir.4-1;2-2/ordnung.576/(1)^4(2)^12(4)^1(12)^1/group.5697	576	7e7ccaf808841811bd2ff3dc4a1790b3	0	48
carat/tables/qcatalog/dim6/dir.4-1;2-2/ordnung.576/(1)^4(2)^14(6)^2/group.5698	576	bda68a0ceae2c4868ab20d9388107af4	0	33
carat/tables/qcatalog/dim6/dir.4-1;2-2/ordnung.576/(1)^4(2)^14(6)^2/group.5699	576	9f44ad95f8983f6be04b9f69d456c04d	0	20
carat/tables/qcatalog/dim6/dir.4-1;2-2/ordnung.576/(1)^4(2)^14(6)^2/group.5700	576	051863fca5516fb3b832a30c9e4bc5e5	0	36
carat/tables/qcatalog/dim6/dir.4-1;2-2/ordnung.576/(1)^4(2)^14(6)^2/group.5701	576	381efef159988145cf863b350c45e777	0	36
carat/tables/qcatalog/dim6/dir.4-1;2-2/ordnung.576/(1)^4(2)^14(6)^2/group.5702	576	edbb97a2056a76161b3f1547c9926b04	0	33
carat/tables/qcatalog/dim6/dir.4-1;2-2/ordnung.576/(1)^4(2)^14(6)^2/group.5703	576	0fdb874a2461de0b41c81229544fb889	0	30
carat/tables/qcatalog/dim6/dir.4-1;2-2/ordnung.576/(1)^4(2)^14(6)^2/group.5704	576	70e2b40af6a43bdb65bbf05cf0256a51	0	30
carat/tables/qcatalog/dim6/dir.4-1;2-2/ordnung.576/(1)^4(2)^4(4)^2(12)^2/group.5705	576	f8c6da80f758b200ad4165e7efdfe39a	0	84
carat/tables/qcatalog/dim6/dir.4-1;2-2/ordnung.576/(1)^4(2)^4(4)^2(12)^2/group.5706	576	910cd9f18920b08e085bf8a7eb9e7938	0	48
carat/tables/qcatalog/dim6/dir.4-1;2-2/ordnung.96/(1)^4(4)^14(12)^2/group.5822	96	e1714d5af60c92c607212289a478f094	0	18
carat/tables/qcatalog/dim6/dir.4-1;2-2/ordnung.96/(1)^4(4)^14(12)^2/group.5823	96	e2552f49079d852eb78ff0739b8e915c	0	18
carat/tables/qcatalog/dim6/dir.4-1;2-2/ordnung.96/(1)^4(4)^14(12)^2/group.5824	96	23d15429aab5318a3569a39fee28afd0	0	18
carat/tables/qcatalog/dim6/dir.4-1;2-2/ordnung.96/(1)^4(4)^14(12)^2/group.5825	96	d791f6d1483a6f99b9199d55355c7e57	0	21
carat/tables/qcatalog/dim6/dir.4-1;2-2/ordnung.96/(1)^4(4)^14(12)^2/group.5826	96	4376b97c70a9de627b574c2121317f70	0	21
carat/tables/qcatalog/dim6/dir.4-1;2-2/ordnung.96/(1)^4(4)^14(12)^2/group.5827	96	9f2a4c6b3224783de8de1dc28c78b17b	0	21
carat/tables/qcatalog/dim6/dir.4-1;2-2/ordnung.96/(1)^4(4)^14(12)^2/group.5828	96	2c1665f1b70b834349a05c2ebf3f0329	0	21
carat/tables/qcatalog/dim6/dir.4-1;2-2/ordnung.96/(1)^4(4)^14(12)^2/group.5829	96	d16029981de50134c26a2693b10337b2	0	13
carat/tables/qcatalog/dim6/dir.4-1;2-2/ordnung.96/(1)^4(4)^14(12)^2/group.5830	96	358ecb75fdd83db62c7df01c1df88d3c	0	13
carat/tables/qcatalog/dim6/dir.4-1;2-2/ordnung.96/(1)^4(4)^14(12)^2/min.549	96	3a39936e3ee553f0f50a11e544d6478e	0	21
carat/tables/qcatalog/dim6/dir.4-1;2-2/ordnung.96/(1)^4(4)^14(12)^2/min.550	96	426d8f53a4d717d49bbc1724083e0372	0	21
carat/tables/qcatalog/dim6/dir.4-1;2-2/ordnung.96/(1)^4(4)^14(12)^2/min.551	96	b7646aab43c45ae43096ef6173754dea	0	21
carat/tables/qcatalog/dim6/dir.4-1;2-2/ordnung.96/(1)^4(4)^14(12)^2/min.552	96	743fc79c03d4ecaa8d0619a9927c7e28	0	21
carat/tables/qcatalog/dim6/dir.4-1;2-2/ordnung.96/(1)^4(4)^2(12)^2/group.5831	96	25bbf53af850e5cd7d00c16a3c1fd5c7	0	30
carat/tables/qcatalog/dim6/dir.4-1;2-2/ordnung.96/(1)^4(4)^4(8)^2(24)^2/group.5832	96	73c07fd5f29cc4df647b0cda73181cd9	0	16
carat/tables/qcatalog/dim6/dir.4-1;2-2/ordnung.96/(1)^4(4)^6(12)^2/group.5833	96	44e34e795eab358a0d6efe243c9a0d84	0	30
carat/tables/qcatalog/dim6/dir.4-1;2-2/ordnung.96/(1)^4(4)^6(12)^2/group.5834	96	dee5de8105b0900617e2c462e6b2bc38	0	30
carat/tables/qcatalog/dim6/dir.4-1;2-2/ordnung.96/(1)^4(4)^6(12)^2/group.5835	96	9c8460b4ec4ac88be16290df1d0359ad	0	30
carat/tables/qcatalog/dim6/dir.4-1;2-2/ordnung.96/(1)^4(4)^6(12)^2/group.5836	96	747e4a2a635ea27b537b2f2f570bc245	0	30
carat/tables/qcatalog/dim6/dir.4-1;2-2/ordnung.96/(1)^4(4)^6(12)^2/group.5837	96	82575cc0f64597558aed3666e293a57f	0	36
carat/tables/qcatalog/dim6/dir.4-1;2-2/ordnung.576/(1)^4(2)^6(6)^10/group.5707	576	5fe292f4a1ef4416a93cc3c5a4336e40	0	72
carat/tables/qcatalog/dim6/dir.4-1;2-2/ordnung.576/(1)^4(2)^6(6)^2/group.5708	576	2e152ecd2cbc17dea796afe0650390ec	0	60
carat/tables/qcatalog/dim6/dir.4-1;2-2/ordnung.576/(1)^4(2)^6(6)^2/group.5709	576	4af4e5b5b65a5a49e585d2945ca7efe3	0	48
carat/tables/qcatalog/dim6/dir.4-1;2-2/ordnung.576/(1)^4(2)^6(6)^2/group.5710	576	524567f3f8b08ecd436fb77128fada0f	0	48
carat/tables/qcatalog/dim6/dir.4-1;2-2/ordnung.576/(1)^4(2)^8(4)^6(12)^2/group.5711	576	4259ff35f61ab70c5d5db3c3bfe11736	0	57
carat/tables/qcatalog/dim6/dir.4-1;2-2/ordnung.576/(1)^4(2)^8(4)^6(12)^2/group.5712	576	6791483df7e707329222e913f23aa18c	0	66
carat/tables/qcatalog/dim6/dir.4-1;2-2/ordnung.576/(1)^4(2)^8(4)^6(12)^2/group.5713	576	7abda1d49dfdf0acdf946ffe05eeaa36	0	57
carat/tables/qcatalog/dim6/dir.4-1;2-2/ordnung.576/(1)^4(2)^8(4)^6(12)^2/group.5714	576	552cc28128b7976eb72b8d4bf7d613dc	0	54
carat/tables/qcatalog/dim6/dir.4-1;2-2/ordnung.576/(1)^4(2)^8(4)^6(12)^2/group.5715	576	71183d6bec88d9cc4dc07dd0dcda3e36	0	39
carat/tables/qcatalog/dim6/dir.4-1;2-2/ordnung.576/(1)^4(2)^8(4)^6(12)^2/group.5716	576	d538a465b9d96f242fc64b233bda7986	0	39
carat/tables/qcatalog/dim6/dir.4-1;2-2/ordnung.576/(1)^4(2)^8(4)^6(12)^2/group.5717	576	f7e85561e1be45f648b3d7ae25e073f8	0	42
carat/tables/qcatalog/dim6/dir.4-1;2-2/ordnung.576/(1)^4(2)^8(4)^6(12)^2/group.5718	576	609a59a5542f9ebc19a81305d67e4556	0	39
carat/tables/qcatalog/dim6/dir.4-1;2-2/ordnung.576/(1)^6(2)^10(4)^1(12)^1/group.5719	576	269dc5a81829b96e37ee0d86e620fc00	0	39
carat/tables/qcatalog/dim6/dir.4-1;2-2/ordnung.576/(1)^6(2)^10(4)^1(12)^1/group.5720	576	924525b31fa02cbeb22f52041a9b0fa0	0	39
carat/tables/qcatalog/dim6/dir.4-1;2-2/ordnung.576/(1)^6(2)^10(4)^2(12)^2/group.5721	576	4e6e271d8d0a24887f6f53982fc4068e	0	33
carat/tables/qcatalog/dim6/dir.4-1;2-2/ordnung.576/(1)^6(2)^11(6)^1/group.5722	576	24e833faab341aa0180c0bf3b141eab2	0	39
carat/tables/qcatalog/dim6/dir.4-1;2-2/ordnung.576/(1)^6(2)^11(6)^1/group.5723	576	da42b3cd4a9e46f856e94dec320c8a9a	0	39
carat/tables/qcatalog/dim6/dir.4-1;2-2/ordnung.576/(1)^6(2)^12(12)^2/group.5724	576	7050ff08d8fb05d2d6c506b9ab21f1e8	0	27
carat/tables/qcatalog/dim6/dir.4-1;2-2/ordnung.576/(1)^6(2)^8(4)^3(12)^1/group.5725	576	8e9df4af9ea834e937a583467e49c103	0	50
carat/tables/qcatalog/dim6/dir.4-1;2-2/ordnung.576/(1)^8(2)^10(12)^2/group.5726	576	6c3745663aae34afb7f79ef401b4023d	0	24
carat/tables/qcatalog/dim6/dir.4-2';1,1/ordnung.24/(2)^5(6)^4/group.5856	24	d69c8d323a5f8ba5d42a0b4d8c33f847	1	9
carat/tables/qcatalog/dim6/dir.4-2';1,1/ordnung.24/(2)^5(6)^4/group.5857	24	c29ef70ecc5c2c0f28db5221732cc361	1	9
carat/tables/qcatalog/dim6/dir.4-2';1,1/ordnung.24/(2)^5(6)^4/group.5858	24	ef1acf422b0d3f075283e12ed16931f9	1	9
carat/tables/qcatalog/dim6/dir.4-2';1,1/ordnung.48/(2)^5(6)^4/group.5859	48	c6ebe4a0d13ef802e1ac3160ac2345dc	1	18
carat/tables/qcatalog/dim6/dir.4-2';1;1/ordnung.12/(2)^4(6)^2/min.555	12	790c9aaab0da264fa67b9976b9ffbb05	1	12
carat/tables/qcatalog/dim6/dir.4-2';1;1/ordnung.24/(2)^4(6)^2/group.5860	24	83f92cbde711f1e608dfa8e13b3939a4	1	24
carat/tables/qcatalog/dim6/dir.4-2';1;1/ordnung.24/(2)^4(6)^2/group.5861	24	017b67539fc9b30e16d71de7e274c82c	1	24
carat/tables/qcatalog/dim6/dir.4-2';1;1/ordnung.24/(2)^4(6)^2/group.5862	24	2c3480564d6d563209623cfaf0fa25d0	1	24
carat/tables/qcatalog/dim6/dir.4-2';1;1/ordnung.24/(2)^6(6)^4/group.5863	24	6e192f03de9057939b35a94b66d0b3b1	1	9
carat/tables/qcatalog/dim6/dir.4-2';1;1/ordnung.24/(2)^6(6)^4/group.5864	24	0acd5da4aad5aa7f94cd7a84c2fd865d	1	9
carat/tables/qcatalog/dim6/dir.4-2';1;1/ordnung.24/(2)^6(6)^4/min.556	24	3f345e2dc75d55533ea76e89591193e1	1	9
carat/tables/qcatalog/dim6/dir.4-2';1;1/ordnung.24/(2)^6(6)^4/min.557	24	e2a898facdbd7eaf9c8ff1973bcd0aad	1	9
carat/tables/qcatalog/dim6/dir.4-2';1;1/ordnung.48/(2)^4(6)^2/group.5865	48	8ba7c1b37c378c6419ff9f059e04bcc6	1	48
carat/tables/qcatalog/dim6/dir.4-2';1;1/ordnung.48/(2)^6(6)^4/group.5866	48	23d91d22695c8252550220703b92b780	1	18
carat/tables/qcatalog/dim6/dir.4-2';1;1/ordnung.48/(2)^6(6)^4/group.5867	48	2e5bcaa3aaff4498ed4901da23364efe	1	18
carat/tables/qcatalog/dim6/dir.4-2';1;1/ordnung.48/(2)^6(6)^4/group.5868	48	c2de749ef74ab86428a1bd8b22ad559a	1	18
carat/tables/qcatalog/dim6/dir.4-2';1;1/ordnung.48/(2)^6(6)^4/group.5869	48	49c21202514d5cd6bd835622774f808c	1	18
carat/tables/qcatalog/dim6/dir.4-2';1;1/ordnung.48/(2)^6(6)^4/group.5870	48	6e21c25f35bde8f4cf5709bd6e5007aa	1	18
carat/tables/qcatalog/dim6/dir.4-2';1;1/ordnung.96/(2)^6(6)^4/group.5871	96	f578b03a38a552e56def7b88ef05c3d7	1	36
carat/tables/qcatalog/dim6/dir.4-2';2-1/ordnung.12/(6)^6/min.558	12	935d5acca2a8fd4b72eaf1208b32d891	0	12
carat/tables/qcatalog/dim6/dir.4-1;2-2/ordnung.384/(1)^4(4)^14(12)^2/group.5634	384	1db6c015a09cd2f14409c09f020a40bf	0	66
carat/tables/qcatalog/dim6/dir.4-1;2-2/ordnung.384/(2)^16(4)^1(12)^1/group.5635	384	fa08e932c7d4d039798416df0f67c8c3	0	32
carat/tables/qcatalog/dim6/dir.4-1;2-2/ordnung.384/(2)^18(12)^2/group.5636	384	09da8a7badffc7478cc1a1d96da7c265	0	26
carat/tables/qcatalog/dim6/dir.4-1;2-2/ordnung.384/(2)^18(6)^2/group.5637	384	ca496143d10118536c5ca43388a31fcd	0	20
carat/tables/qcatalog/dim6/dir.4-1;2-2/ordnung.384/(2)^18(6)^2/group.5638	384	8d59787ac2f69607605d06fb87a8b6d5	0	26
carat/tables/qcatalog/dim6/dir.4-1;2-2/ordnung.384/(2)^18(6)^2/group.5639	384	8f693ec3af4d214145e3e66ee89ae9c3	0	20
carat/tables/qcatalog/dim6/dir.4-1;2-2/ordnung.432/(1)^10(3)^2(6)^8/group.5640	432	ca6d2cbb8286864f2c5bf2ce25041cad	0	36
carat/tables/qcatalog/dim6/dir.4-1;2-2/ordnung.432/(1)^5(3)^1(6)^4/group.5641	432	978c26c1e5e8a8da1ef816fc04504d1c	0	126
carat/tables/qcatalog/dim6/dir.4-1;2-2/ordnung.432/(1)^6(3)^2(6)^4/group.5642	432	fff1c124e96b74266263fca9aabc02dc	0	63
carat/tables/qcatalog/dim6/dir.4-1;2-2/ordnung.432/(1)^9(3)^1(6)^8/group.5643	432	ff2e73d92ecb703d3cc36cf408089647	0	45
carat/tables/qcatalog/dim6/dir.4-1;2-2/ordnung.432/(1)^9(3)^1(6)^8/group.5644	432	f9e502f210622c75e24dc794599339ff	0	45
carat/tables/qcatalog/dim6/dir.4-1;2-2/ordnung.4608/(1)^8(2)^10(6)^2/group.5645	4608	85afc90bb9895208ef7fe5dacbf751d2	0	120
carat/tables/qcatalog/dim6/dir.4-1;2-2/ordnung.48/(1)^2(2)^3(6)^1(12)^4/group.5646	48	d38fdf2a49fdf49c04b86e85222cbe56	0	30
carat/tables/qcatalog/dim6/dir.4-1;2-2/ordnung.48/(1)^2(4)^2(8)^1(24)^1/group.5647	48	31202fdb7eadc3d921173df878a3ecc7	0	14
carat/tables/qcatalog/dim6/dir.4-1;2-2/ordnung.48/(1)^2(4)^3(12)^1/group.5648	48	4c5dd6848e59b2e4ac622a6c2e823bee	0	30
carat/tables/qcatalog/dim6/dir.4-1;2-2/ordnung.48/(1)^2(4)^7(12)^1/group.5649	48	c2e9bbbdade97318e57e826c3ecbff0a	0	30
carat/tables/qcatalog/dim6/dir.4-1;2-2/ordnung.48/(1)^2(4)^7(12)^1/group.5650	48	666d741959a685888e7e27202ed6e28a	0	30
carat/tables/qcatalog/dim6/dir.4-1;2-2/ordnung.48/(1)^2(4)^7(12)^1/group.5651	48	fcdd607ce95a22b1697b253e3d02dbf7	0	14
carat/tables/qcatalog/dim6/dir.4-1;2-2/ordnung.48/(1)^2(4)^7(12)^1/group.5652	48	52c065a5c1747a39e979b92a4c826eef	0	14
carat/tables/qcatalog/dim6/dir.4-1;2-2/ordnung.48/(1)^2(4)^7(12)^1/group.5653	48	88e531ff4f45ba246e782e4465ed1dde	0	30
carat/tables/qcatalog/dim6/dir.4-2';2-1/ordnung.192/(2)^8(6)^4/group.5872	192	c1c286a5fe138d131c294a3b4c8eaad5	0	45
carat/tables/qcatalog/dim6/dir.4-2';2-1/ordnung.24/(2)^4(6)^2/group.5873	24	bccfc02f948d6bbaf6cb8e68e8c7a220	0	24
carat/tables/qcatalog/dim6/dir.4-2';2-1/ordnung.24/(6)^12/group.5874	24	d5af63320afe8d65b0d1a5aa9cf54763	0	9
carat/tables/qcatalog/dim6/dir.4-2';2-1/ordnung.48/(2)^4(6)^2/group.5875	48	7ae4c89e3a7bc4f82577fb77e6e1bec2	0	48
carat/tables/qcatalog/dim6/dir.4-2';2-1/ordnung.48/(2)^6(6)^2/group.5876	48	7eae1cd586b6a2406ee20eb29e3164e2	0	30
carat/tables/qcatalog/dim6/dir.4-2';2-1/ordnung.48/(2)^6(6)^2/min.559	48	0c3c928b41c64b128eb9af78862bd34c	0	30
carat/tables/qcatalog/dim6/dir.4-2';2-1/ordnung.48/(2)^6(6)^4/group.5877	48	6a456a20f9f750e6836a81b11b3019b4	0	18
carat/tables/qcatalog/dim6/dir.4-2';2-1/ordnung.48/(2)^6(6)^4/min.560	48	1f2d6f52998f9c5469d852eb156d681a	0	18
carat/tables/qcatalog/dim6/dir.4-2';2-1/ordnung.48/(2)^8(6)^4/group.5878	48	667bdb5d669050e6955007bce9ccbc44	0	18
carat/tables/qcatalog/dim6/dir.4-2';2-1/ordnung.48/(2)^8(6)^4/min.561	48	8fbc32abc0e4389a3a34940791a19518	0	18
carat/tables/qcatalog/dim6/dir.4-2';2-1/ordnung.96/(2)^6(6)^2/group.5879	96	739b5a3b29f5880f208682a3980ea5b5	0	60
carat/tables/qcatalog/dim6/dir.4-2';2-1/ordnung.96/(2)^6(6)^4/group.5880	96	f58cf54402318f69ce18c73ed3e20f03	0	36
carat/tables/qcatalog/dim6/dir.4-2';2-1/ordnung.96/(2)^8(6)^4/group.5881	96	1da88847589d6a1e8ca2e64c81b979b4	0	24
carat/tables/qcatalog/dim6/dir.4-2';2-1/ordnung.96/(2)^8(6)^4/group.5882	96	1000d6a95584d3a932d29563b578268b	0	30
carat/tables/qcatalog/dim6/dir.4-2';2-1/ordnung.96/(2)^8(6)^4/group.5883	96	4474df67603dab4379930da3a5712d85	0	24
carat/tables/qcatalog/dim6/dir.4-2';2-1/ordnung.96/(2)^8(6)^4/group.5884	96	def6f50afdebe05f8c7b942f969677c1	0	30
carat/tables/qcatalog/dim6/dir.4-2';2-2/ordnung.12/(1)^2(4)^1(12)^3/min.562	12	39f5dcba180e5517cfc4a5c09575b165	0	12
carat/tables/qcatalog/dim6/dir.4-2';2-2/ordnung.12/(1)^2(4)^1(12)^3/min.563	12	4baacba421e060cf29d28d60c2b9f28d	0	12
carat/tables/qcatalog/dim6/dir.4-2';2-2/ordnung.144/(1)^2(2)^3(6)^5/group.5885	144	c284b7e88f5fbd611a67c9d835348403	0	54
carat/tables/qcatalog/dim6/dir.4-2';2-2/ordnung.144/(1)^4(2)^2(6)^6/group.5886	144	3719b262e412019a4f0f708ff4c8bd3c	0	27
carat/tables/qcatalog/dim6/dir.4-2;1,1/ordnung.144/(1)^7(3)^8(9)^1(18)^1/group.5924	144	edfd1f947c6a62df54b9ac4257e24401	1	18
carat/tables/qcatalog/dim6/dir.4-2;1,1/ordnung.144/(1)^7(3)^8(9)^1(18)^1/group.5925	144	2905cd0eb5a402a1c0e8d1a10f0d6d0b	1	18
carat/tables/qcatalog/dim6/dir.4-2;1,1/ordnung.144/(1)^7(3)^8(9)^1(18)^1/group.5926	144	8772f5a7fb654139530f4db560982083	1	18
carat/tables/qcatalog/dim6/dir.4-2;1,1/ordnung.144/(1)^9(3)^7(6)^1/group.5927	144	d1e183d09d8cdcf38d1a7242984a785d	1	18
carat/tables/qcatalog/dim6/dir.4-2;1,1/ordnung.144/(1)^9(3)^7(6)^1/group.5928	144	75d674cbcbb6e5bbc4f7b4525ca9e105	1	18
carat/tables/qcatalog/dim6/dir.4-2;1,1/ordnung.144/(1)^9(3)^7(6)^1/group.5929	144	71002b40cc60bf770623bded65021401	1	18
carat/tables/qcatalog/dim6/dir.4-2;1,1/ordnung.144/(1)^9(3)^7(6)^1/group.5930	144	b7ea6e7a345d888fc5a8c7a03229777d	1	24
carat/tables/qcatalog/dim6/dir.4-2;1,1/ordnung.144/(1)^9(3)^7(6)^1/group.5931	144	698eb3582083e583b195abcaf798a409	1	24
carat/tables/qcatalog/dim6/dir.4-2;1,1/ordnung.144/(1)^9(3)^7(6)^1/group.5932	144	d31af046fbdc020f6f5e9e62f9e33fd5	1	24
carat/tables/qcatalog/dim6/dir.4-2;1,1/ordnung.144/(1)^9(3)^7(6)^1/group.5933	144	cf828ede82522553dc3e8cf5db1627a1	1	24
carat/tables/qcatalog/dim6/dir.4-2;1,1/ordnung.144/(1)^9(3)^7(6)^1/group.5934	144	4a238560ede8f53bac5428d5990998e9	1	24
carat/tables/qcatalog/dim6/dir.4-2;1,1/ordnung.144/(1)^9(3)^7(6)^1/group.5935	144	56659e75859bbddfb2b9ce44c88c82ed	1	24
carat/tables/qcatalog/dim6/dir.4-2;1,1/ordnung.18/(1)^2(3)^4(9)^2(18)^1/min.567	18	479e44dfc7da23e977dae324f5db8837	1	9
carat/tables/qcatalog/dim6/dir.4-2;1,1/ordnung.18/(1)^2(3)^4(9)^2(18)^1/min.568	18	f7de349343301d5d22b1cb7f090c576b	1	9
carat/tables/qcatalog/dim6/dir.4-2;1,1/ordnung.24/(2)^3(6)^2/group.5936	24	8ee1f58053d24a24ece8ecd9d527ed22	1	12
carat/tables/qcatalog/dim6/dir.4-2;1,1/ordnung.24/(2)^5(6)^4/group.5937	24	c32916ecd97319115843e2cf789ab3fb	1	9
carat/tables/qcatalog/dim6/dir.4-2;1,1/ordnung.24/(2)^5(6)^4/group.5938	24	39028054a78f83b980710ae7fe1c22ab	1	9
carat/tables/qcatalog/dim6/dir.4-2;1,1/ordnung.24/(2)^5(6)^4/group.5939	24	c4928f3b27554fcb723bd95b4b3c0445	1	9
carat/tables/qcatalog/dim6/dir.4-2;1,1/ordnung.24/(2)^5(6)^4/group.5940	24	3ecfdcd3c1cfac03d331a1e984e5f1e5	1	9
carat/tables/qcatalog/dim6/dir.4-2;1,1/ordnung.24/(2)^5(6)^4/group.5941	24	8fe681dc26f5a3a20d8552652751e2c8	1	12
carat/tables/qcatalog/dim6/dir.4-2';2-2/ordnung.72/(1)^4(2)^2(6)^6/group.5906	72	a9404f6ba2407d2829e2ed477808b00e	0	21
carat/tables/qcatalog/dim6/dir.4-2';2-2/ordnung.72/(1)^4(6)^4/group.5907	72	6d089c35aa404695e5f25b4c285d0063	0	36
carat/tables/qcatalog/dim6/dir.4-2';2-2/ordnung.72/(1)^4(6)^4/group.5908	72	01b5d5041d18675d9ab6d9306a391da3	0	36
carat/tables/qcatalog/dim6/dir.4-2';2-2/ordnung.72/(1)^4(6)^4/group.5909	72	27aabf91a4fba6fb1c4c1b842784b2a9	0	36
carat/tables/qcatalog/dim6/dir.4-2;1,1/ordnung.12/(2)^3(6)^2/min.565	12	62edd7723914d2f9d1d72e8838dc59cf	1	6
carat/tables/qcatalog/dim6/dir.4-2;1,1/ordnung.12/(2)^3(6)^2/min.566	12	7eda5e4412be876d6dca60e49facd283	1	6
carat/tables/qcatalog/dim6/dir.4-2;1,1/ordnung.144/(1)^5(3)^10(9)^1(18)^1/group.5910	144	b758928bcfe313ffe02bf64460e686c1	1	18
carat/tables/qcatalog/dim6/dir.4-2;1,1/ordnung.144/(1)^5(3)^3(6)^1/group.5911	144	28d6c2b3250fa49bb1e20931a2ebbe01	1	54
carat/tables/qcatalog/dim6/dir.4-2;1,1/ordnung.144/(1)^5(3)^8(9)^3(18)^1/group.5912	144	aecf8b8f53fd373145ff7cb30df44e13	1	24
carat/tables/qcatalog/dim6/dir.4-2;1,1/ordnung.144/(1)^5(3)^8(9)^3(18)^1/group.5913	144	53a0a73c11cd4735f8747319ed8043db	1	36
carat/tables/qcatalog/dim6/dir.4-2;1,1/ordnung.144/(1)^5(3)^8(9)^3(18)^1/group.5914	144	52336ac323f64c0dfd90e404d0c8e383	1	36
carat/tables/qcatalog/dim6/dir.4-2;1,1/ordnung.144/(1)^5(3)^8(9)^3(18)^1/group.5915	144	8f316c6514a78f659991db7273e751cb	1	30
carat/tables/qcatalog/dim6/dir.4-2;1,1/ordnung.144/(1)^7(3)^8(9)^1(18)^1/group.5916	144	55279fe61b19f99709a008b1e588adc9	1	18
carat/tables/qcatalog/dim6/dir.4-2;1,1/ordnung.144/(1)^7(3)^8(9)^1(18)^1/group.5917	144	f446fb99de2b4903c4a50beeec66fe2d	1	18
carat/tables/qcatalog/dim6/dir.4-2;1,1/ordnung.144/(1)^7(3)^8(9)^1(18)^1/group.5918	144	dd284817e54de0e3d3a993dcc7b0317d	1	18
carat/tables/qcatalog/dim6/dir.4-2;1,1/ordnung.144/(1)^7(3)^8(9)^1(18)^1/group.5919	144	a70c23d78a35bea7b392f6cd22f53259	1	18
carat/tables/qcatalog/dim6/dir.4-2;1,1/ordnung.144/(1)^7(3)^8(9)^1(18)^1/group.5920	144	fa201d1706b603df07c84edf2eda4b69	1	18
carat/tables/qcatalog/dim6/dir.4-2;1,1/ordnung.144/(1)^7(3)^8(9)^1(18)^1/group.5921	144	b7a6b905bb182e0b677af81b41862745	1	18
carat/tables/qcatalog/dim6/dir.4-2;1,1/ordnung.144/(1)^7(3)^8(9)^1(18)^1/group.5922	144	4825c9c58fa3747b9c53dc94b8b83535	1	18
carat/tables/qcatalog/dim6/dir.4-2;1,1/ordnung.144/(1)^7(3)^8(9)^1(18)^1/group.5923	144	8006450b13052e57fec0fc54163c6e71	1	18
carat/tables/qcatalog/dim6/dir.4-2';2-2/ordnung.144/(1)^4(2)^2(6)^6/group.5887	144	c97b38cfd2f5c9674272c8361f9c6615	0	42
carat/tables/qcatalog/dim6/dir.4-2';2-2/ordnung.144/(1)^4(2)^2(6)^6/group.5888	144	e90c68291d7cc8ba7b78eaebe0d6ef1c	0	27
carat/tables/qcatalog/dim6/dir.4-2';2-2/ordnung.144/(1)^4(2)^2(6)^6/group.5889	144	d6d58cacce125bd79bf51606d5352301	0	30
carat/tables/qcatalog/dim6/dir.4-2';2-2/ordnung.144/(1)^4(2)^2(6)^6/group.5890	144	d249e4db2e0560984253457e36ed0c02	0	27
carat/tables/qcatalog/dim6/dir.4-2';2-2/ordnung.144/(1)^4(6)^4/group.5891	144	4f390f21ebc89d133f197f470a0af2cd	0	72
carat/tables/qcatalog/dim6/dir.4-2';2-2/ordnung.24/(1)^2(4)^1(12)^3/group.5892	24	48d049a3c8f51c9e29855ab7309f020c	0	24
carat/tables/qcatalog/dim6/dir.4-2';2-2/ordnung.24/(1)^4(4)^2(12)^6/group.5893	24	b8623363f7097eb315cef3a8a7a9bdd1	0	9
carat/tables/qcatalog/dim6/dir.4-2';2-2/ordnung.24/(1)^4(4)^2(12)^6/group.5894	24	9a783f1f2124a809931e31b588cda41f	0	9
carat/tables/qcatalog/dim6/dir.4-2';2-2/ordnung.288/(1)^4(2)^2(6)^6/group.5895	288	dbde11aa2607cfe8151c606720de351e	0	54
carat/tables/qcatalog/dim6/dir.4-2';2-2/ordnung.36/(1)^2(2)^1(6)^3/group.5896	36	fd74b98eda043ed19b8efedf8955d8eb	0	36
carat/tables/qcatalog/dim6/dir.4-2';2-2/ordnung.36/(1)^2(2)^1(6)^3/group.5897	36	1532e4f717ac62097503b1f3e2a11cd3	0	36
carat/tables/qcatalog/dim6/dir.4-2';2-2/ordnung.36/(1)^4(6)^4/min.564	36	a2fb38b42f5975e1d1e2bca259b363ff	0	18
carat/tables/qcatalog/dim6/dir.4-2';2-2/ordnung.48/(1)^4(4)^2(12)^6/group.5898	48	8df874ba38426efa407ef58beb0da620	0	18
carat/tables/qcatalog/dim6/dir.4-2';2-2/ordnung.72/(1)^2(2)^1(6)^3/group.5899	72	a1e88e0e36f09c9df5fe4a09e635dbcf	0	72
carat/tables/qcatalog/dim6/dir.4-2';2-2/ordnung.72/(1)^2(2)^3(6)^5/group.5900	72	9ac998e5579ac4bc6de364d528349d26	0	27
carat/tables/qcatalog/dim6/dir.4-2';2-2/ordnung.72/(1)^2(2)^3(6)^5/group.5901	72	ab4bac6b6e02048c38231fe496c77fa6	0	27
carat/tables/qcatalog/dim6/dir.4-2';2-2/ordnung.72/(1)^2(2)^3(6)^5/group.5902	72	0393c91dce9b6526b1f610c645a20528	0	27
carat/tables/qcatalog/dim6/dir.4-2';2-2/ordnung.72/(1)^4(2)^2(6)^6/group.5903	72	2fa5133c4cc308326812bb12ae33bea8	0	21
carat/tables/qcatalog/dim6/dir.4-2';2-2/ordnung.72/(1)^4(2)^2(6)^6/group.5904	72	620066d72a4e58467a3df031aacd9738	0	15
carat/tables/qcatalog/dim6/dir.4-2';2-2/ordnung.72/(1)^4(2)^2(6)^6/group.5905	72	300a82de56e56992485c86c4434ee804	0	15
carat/tables/qcatalog/dim6/dir.4-2;1,1/ordnung.36/(1)^3(3)^10(9)^3(18)^1/min.572	36	e0bc69a007835f93796cd7e4c7a46e09	1	6
carat/tables/qcatalog/dim6/dir.4-2;1,1/ordnung.36/(1)^3(3)^10(9)^3(18)^1/min.573	36	62136f9a15fef753b5b037ba56766959	1	6
carat/tables/qcatalog/dim6/dir.4-2;1,1/ordnung.36/(1)^3(3)^4(9)^1(18)^1/group.5959	36	405e252cc36c1a1b43cc87ba4bb9a90d	1	18
carat/tables/qcatalog/dim6/dir.4-2;1,1/ordnung.36/(1)^3(3)^4(9)^1(18)^1/group.5960	36	209c098998d142df7211d2c092bd8a81	1	18
carat/tables/qcatalog/dim6/dir.4-2;1,1/ordnung.36/(1)^3(3)^4(9)^1(18)^1/group.5961	36	ae8f947f4323b053fb15394fc5f61da5	1	18
carat/tables/qcatalog/dim6/dir.4-2;1,1/ordnung.36/(1)^3(3)^4(9)^1(18)^1/group.5962	36	9b93068daee6b6733d55c6372e390235	1	18
carat/tables/qcatalog/dim6/dir.4-2;1,1/ordnung.36/(1)^3(3)^4(9)^1(18)^1/group.5963	36	601228423bd6c6efe9a4e49c7cbcecc1	1	18
carat/tables/qcatalog/dim6/dir.4-2;1,1/ordnung.48/(2)^5(6)^4/group.5964	48	68b9b1e76f308022d9ff0d81ad13b064	1	18
carat/tables/qcatalog/dim6/dir.4-2;1,1/ordnung.48/(2)^5(6)^4/group.5965	48	e2af5f366c5118fa348d774602dde70c	1	24
carat/tables/qcatalog/dim6/dir.4-2;1,1/ordnung.48/(2)^5(6)^4/group.5966	48	44d4df1de634b28247780b8a3cd8e038	1	30
carat/tables/qcatalog/dim6/dir.4-2;1,1/ordnung.48/(2)^9(6)^8/group.5967	48	f80aa67dcdf6fbd20dfa1aed35ec442c	1	15
carat/tables/qcatalog/dim6/dir.4-2;1,1/ordnung.48/(2)^9(6)^8/group.5968	48	a02ba4f40981410abc33981818eea08c	1	15
carat/tables/qcatalog/dim6/dir.4-2;1,1/ordnung.48/(2)^9(6)^8/group.5969	48	f07bf5d6353a85e273c3493415b5ffc4	1	15
carat/tables/qcatalog/dim6/dir.4-2;1,1/ordnung.48/(2)^9(6)^8/group.5970	48	498d4fbd79439c7cea6e615e8764cd76	1	15
carat/tables/qcatalog/dim6/dir.4-2;1,1/ordnung.48/(2)^9(6)^8/group.5971	48	b96d5ed190b452c8f543e7ea6dddef92	1	15
carat/tables/qcatalog/dim6/dir.4-2;1,1/ordnung.48/(2)^9(6)^8/group.5972	48	9b4adb4328d74a92a8a5bacf899417bc	1	15
carat/tables/qcatalog/dim6/dir.4-2;1,1/ordnung.576/(1)^9(3)^7(6)^1/group.5973	576	9289204c12fff9ca996647b437f63bcc	1	54
carat/tables/qcatalog/dim6/dir.4-2;1,1/ordnung.72/(1)^3(3)^10(9)^3(18)^1/group.5974	72	1fd347ed14e7ab57414f80821d98cef5	1	12
carat/tables/qcatalog/dim6/dir.4-2;1,1/ordnung.72/(1)^3(3)^10(9)^3(18)^1/group.5975	72	0c0e4fbe9e9baa2738d6cedf1c815d09	1	18
carat/tables/qcatalog/dim6/dir.4-2;1,1/ordnung.72/(1)^3(3)^4(9)^1(18)^1/group.5976	72	4694dda867b9336b0f8990aa8c70f6a5	1	36
carat/tables/qcatalog/dim6/dir.4-2;1,1/ordnung.72/(1)^3(3)^4(9)^1(18)^1/group.5977	72	d76c9a8cf1e2c8d33db24055aa203dd5	1	36
carat/tables/qcatalog/dim6/dir.4-2;1,1/ordnung.72/(1)^5(3)^10(9)^1(18)^1/group.5978	72	e2c17bdf2b916d831aa2da6b4bce7981	1	9
carat/tables/qcatalog/dim6/dir.4-2;1,1/ordnung.72/(1)^5(3)^10(9)^1(18)^1/group.5979	72	c1e111bf4a09d1759cbb8e5c142aa7db	1	9
carat/tables/qcatalog/dim6/dir.4-2;1,1/ordnung.72/(1)^5(3)^10(9)^1(18)^1/group.5980	72	10cfa9f35feea3912260646dc733597f	1	9
carat/tables/qcatalog/dim6/dir.4-2;1,1/ordnung.72/(1)^5(3)^10(9)^1(18)^1/group.5981	72	fe47e8c67b58fb7bf3228ba448fc5cb1	1	9
carat/tables/qcatalog/dim6/dir.4-2;1,1/ordnung.72/(1)^5(3)^3(6)^1/group.5982	72	122a0b3e0d3780ea9581cf5d21e30080	1	27
carat/tables/qcatalog/dim6/dir.4-2;1,1/ordnung.72/(1)^5(3)^3(6)^1/group.5983	72	fa1b9cb524841b38ae3600b3aa05e006	1	27
carat/tables/qcatalog/dim6/dir.4-2;1,1/ordnung.72/(1)^5(3)^3(6)^1/group.5984	72	ddecd86767dc3900bb6ad7bb87845466	1	27
carat/tables/qcatalog/dim6/dir.4-2;1,1/ordnung.72/(1)^5(3)^3(6)^1/group.5985	72	066a9977b1cda252eb166e0260473b50	1	27
carat/tables/qcatalog/dim6/dir.4-2;1,1/ordnung.72/(1)^5(3)^8(9)^3(18)^1/group.5986	72	6434a48faf8676e39a2ccfcae889d4c1	1	12
carat/tables/qcatalog/dim6/dir.4-2;1,1/ordnung.72/(1)^5(3)^8(9)^3(18)^1/group.5987	72	1a67c3b048b9448bfe1ae539733e5a49	1	12
carat/tables/qcatalog/dim6/dir.4-2;1,1/ordnung.72/(1)^5(3)^8(9)^3(18)^1/group.5988	72	1131ddfbf9bd5587d6203d8eefe8c399	1	18
carat/tables/qcatalog/dim6/dir.4-2;1,1/ordnung.72/(1)^5(3)^8(9)^3(18)^1/group.5989	72	29fb09be21fc4c4759c3096cd14976b9	1	18
carat/tables/qcatalog/dim6/dir.4-2;1,1/ordnung.72/(1)^5(3)^8(9)^3(18)^1/group.5990	72	d839465ed03bf7dfbb321ecc9ad90eb1	1	18
carat/tables/qcatalog/dim6/dir.4-2;1,1/ordnung.72/(1)^5(3)^8(9)^3(18)^1/group.5991	72	4847a3f72688e897317cdf0760736219	1	18
carat/tables/qcatalog/dim6/dir.4-2;1,1/ordnung.72/(1)^5(3)^8(9)^3(18)^1/group.5992	72	f60a990b0509abfda06e95afe374ecfb	1	12
carat/tables/qcatalog/dim6/dir.4-2;1,1/ordnung.72/(1)^5(3)^8(9)^3(18)^1/group.5993	72	9d4f010bd4a54d11b4450d6093831eeb	1	18
carat/tables/qcatalog/dim6/dir.4-2;1,1/ordnung.72/(1)^5(3)^8(9)^3(18)^1/group.5994	72	24ac117f15871a2b2601e1cd0f41deed	1	18
carat/tables/qcatalog/dim6/dir.4-2;1,1/ordnung.72/(1)^5(3)^8(9)^3(18)^1/group.5995	72	6325fa62f190bb9b04c6e9ffdfad439d	1	18
carat/tables/qcatalog/dim6/dir.4-2;1,1/ordnung.72/(1)^5(3)^8(9)^3(18)^1/group.5996	72	90c9cf99813cb9dc167d517518bbead2	1	15
carat/tables/qcatalog/dim6/dir.4-2;1,1/ordnung.24/(2)^5(6)^4/group.5942	24	13ed9ca8622b953a26187c76a8aa2258	1	12
carat/tables/qcatalog/dim6/dir.4-2;1,1/ordnung.24/(2)^5(6)^4/group.5943	24	449c477962a5083e421e12c54f0815fc	1	12
carat/tables/qcatalog/dim6/dir.4-2;1,1/ordnung.24/(2)^5(6)^4/group.5944	24	904cb679e31c724e76575d366db00034	1	12
carat/tables/qcatalog/dim6/dir.4-2;1,1/ordnung.24/(2)^5(6)^4/min.569	24	34429d16dc35722185c24f9e6b7721d7	1	15
carat/tables/qcatalog/dim6/dir.4-2;1,1/ordnung.24/(2)^5(6)^4/min.570	24	7ca1464e3e490eeb4219f56067dcdf19	1	15
carat/tables/qcatalog/dim6/dir.4-2;1,1/ordnung.24/(2)^5(6)^4/min.571	24	1d1d88aecaf108bbd1add83f39e3a129	1	15
carat/tables/qcatalog/dim6/dir.4-2;1,1/ordnung.288/(1)^7(3)^8(9)^1(18)^1/group.5945	288	3f9c326f020263248dee328b647ce45a	1	36
carat/tables/qcatalog/dim6/dir.4-2;1,1/ordnung.288/(1)^7(3)^8(9)^1(18)^1/group.5946	288	9ab820ef05d5b7d414eace464529abf2	1	36
carat/tables/qcatalog/dim6/dir.4-2;1,1/ordnung.288/(1)^9(3)^7(6)^1/group.5947	288	a8c510c3f1c5447a163b74ffe7810084	1	27
carat/tables/qcatalog/dim6/dir.4-2;1,1/ordnung.288/(1)^9(3)^7(6)^1/group.5948	288	0798918d33e342fec2aec4ab08c073c8	1	27
carat/tables/qcatalog/dim6/dir.4-2;1,1/ordnung.288/(1)^9(3)^7(6)^1/group.5949	288	ff503f211d746b82fa7063d7811841dc	1	27
carat/tables/qcatalog/dim6/dir.4-2;1,1/ordnung.288/(1)^9(3)^7(6)^1/group.5950	288	96eb131f857810aeb317d4a551780578	1	27
carat/tables/qcatalog/dim6/dir.4-2;1,1/ordnung.288/(1)^9(3)^7(6)^1/group.5951	288	1caf729948f140d8178126722bf31d2a	1	48
carat/tables/qcatalog/dim6/dir.4-2;1,1/ordnung.288/(1)^9(3)^7(6)^1/group.5952	288	ee7be776fc420cc23ad820a36d4014bc	1	27
carat/tables/qcatalog/dim6/dir.4-2;1,1/ordnung.288/(1)^9(3)^7(6)^1/group.5953	288	44019402c1dd4b109556f78bf60d00b6	1	36
carat/tables/qcatalog/dim6/dir.4-2;1,1/ordnung.288/(1)^9(3)^7(6)^1/group.5954	288	c559debac7c57b363fb63bcbbf977220	1	27
carat/tables/qcatalog/dim6/dir.4-2;1,1/ordnung.36/(1)^2(3)^4(9)^2(18)^1/group.5955	36	e0ce7c976d6a619f7e8dfa3de9587631	1	18
carat/tables/qcatalog/dim6/dir.4-2;1,1/ordnung.36/(1)^3(3)^10(9)^3(18)^1/group.5956	36	7dc5c092daa73b6c4b4cafc5765a3e8e	1	9
carat/tables/qcatalog/dim6/dir.4-2;1,1/ordnung.36/(1)^3(3)^10(9)^3(18)^1/group.5957	36	60336ce8d99d1c683dbc0a49ac6f33fa	1	9
carat/tables/qcatalog/dim6/dir.4-2;1,1/ordnung.36/(1)^3(3)^10(9)^3(18)^1/group.5958	36	3ac3aeff834e85d8a2bb43ccef9b3c1a	1	9
carat/tables/qcatalog/dim6/dir.4-2;1;1/ordnung.144/(1)^8(3)^8(18)^2/group.6096	144	d4e3e9a796c52caf5022b22eb05a35a5	1	18
carat/tables/qcatalog/dim6/dir.4-2;1;1/ordnung.144/(1)^8(3)^8(18)^2/group.6097	144	a9912624ab64c5075b05151e35dfe68d	1	18
carat/tables/qcatalog/dim6/dir.4-2;1;1/ordnung.144/(1)^8(3)^8(18)^2/group.6098	144	fd669dc5cf834c8b9e6cf466f655f791	1	18
carat/tables/qcatalog/dim6/dir.4-2;1;1/ordnung.144/(1)^8(3)^8(18)^2/group.6099	144	24afde1dbacae6119c46541ed39cae87	1	18
carat/tables/qcatalog/dim6/dir.4-2;1;1/ordnung.144/(1)^8(3)^8(18)^2/group.6100	144	286a1cc08cbe23150245ac25a06a7523	1	18
carat/tables/qcatalog/dim6/dir.4-2;1;1/ordnung.18/(3)^8(18)^2/min.575	18	8d8e10c74dbd1a3344e5d1aeba7260e5	1	9
carat/tables/qcatalog/dim6/dir.4-2;1;1/ordnung.192/(2)^10(6)^8/group.6101	192	9238c7689eb62adeb3bdc802ab5dfe94	1	60
carat/tables/qcatalog/dim6/dir.4-2;1;1/ordnung.24/(2)^4(6)^2/group.6102	24	489d5472bc54653a9ebef20669177274	1	12
carat/tables/qcatalog/dim6/dir.4-2;1;1/ordnung.24/(2)^4(6)^2/group.6103	24	62aac47643d11906c63e765790cc7b98	1	12
carat/tables/qcatalog/dim6/dir.4-2;1;1/ordnung.24/(2)^4(6)^2/group.6104	24	b1913a316c37e8fe0aacaa1dd8f7b9b8	1	12
carat/tables/qcatalog/dim6/dir.4-2;1;1/ordnung.24/(2)^6(6)^4/group.6105	24	d604d0327b253b6b039334469549ff69	1	9
carat/tables/qcatalog/dim6/dir.4-2;1;1/ordnung.24/(2)^6(6)^4/group.6106	24	0a2cd1cbb763b015bf8c65fe28b1b033	1	9
carat/tables/qcatalog/dim6/dir.4-2;1;1/ordnung.24/(2)^6(6)^4/group.6107	24	c43f1c04e8d4280526075ddc23377403	1	9
carat/tables/qcatalog/dim6/dir.4-2;1;1/ordnung.24/(2)^6(6)^4/group.6108	24	18196662030d0d7b6c5ccbf9b43c05d1	1	9
carat/tables/qcatalog/dim6/dir.4-2;1;1/ordnung.24/(2)^6(6)^4/group.6109	24	cdaf0f153ea07ac48a6a03b7368adb8e	1	12
carat/tables/qcatalog/dim6/dir.4-2;1;1/ordnung.24/(2)^6(6)^4/group.6110	24	2142bce3ba46f1d81ac76eab6dd4bbea	1	12
carat/tables/qcatalog/dim6/dir.4-2;1;1/ordnung.24/(2)^6(6)^4/group.6111	24	d3749f0e6e1e63c48ae9c4d7837b07b6	1	12
carat/tables/qcatalog/dim6/dir.4-2;1;1/ordnung.24/(2)^6(6)^4/group.6112	24	90bad613c2771090d8224c924586360a	1	12
carat/tables/qcatalog/dim6/dir.4-2;1;1/ordnung.24/(2)^6(6)^4/min.576	24	92e413a96177a2e5613a59105676afbb	1	9
carat/tables/qcatalog/dim6/dir.4-2;1;1/ordnung.24/(2)^6(6)^4/min.577	24	6272d938ba60930d0419b770dbf5eb03	1	9
carat/tables/qcatalog/dim6/dir.4-2;1,1/ordnung.72/(1)^5(3)^8(9)^3(18)^1/group.5997	72	254868e4461ca8f29a9898ad38ad9458	1	15
carat/tables/qcatalog/dim6/dir.4-2;1,1/ordnung.72/(1)^5(3)^8(9)^3(18)^1/group.5998	72	daee6811bda2dfb44d34cccdc2cbc212	1	15
carat/tables/qcatalog/dim6/dir.4-2;1,1/ordnung.72/(1)^5(3)^8(9)^3(18)^1/group.5999	72	1233867950d8468af3f9d96b326d4278	1	15
carat/tables/qcatalog/dim6/dir.4-2;1,1/ordnung.72/(1)^7(3)^8(9)^1(18)^1/group.6000	72	02bacd2d8000cadbd8d58e9c7d117bf1	1	9
carat/tables/qcatalog/dim6/dir.4-2;1,1/ordnung.72/(1)^7(3)^8(9)^1(18)^1/group.6001	72	3b3c7c02d36e4761d6c70d354970be07	1	9
carat/tables/qcatalog/dim6/dir.4-2;1,1/ordnung.72/(1)^7(3)^8(9)^1(18)^1/group.6002	72	dae51f93b39cfe6d03a82cee6b0e65bb	1	9
carat/tables/qcatalog/dim6/dir.4-2;1,1/ordnung.72/(1)^7(3)^8(9)^1(18)^1/group.6003	72	b83cbabb527ed3431999394055b6f659	1	9
carat/tables/qcatalog/dim6/dir.4-2;1,1/ordnung.96/(2)^9(6)^8/group.6004	96	14e5af943010cc29613137a2b4ab4b3f	1	30
carat/tables/qcatalog/dim6/dir.4-2;1;1/ordnung.1152/(1)^10(3)^6(6)^2/group.6005	1152	aa326447d0a837f593630d2022276b03	1	108
carat/tables/qcatalog/dim6/dir.4-2;1;1/ordnung.12/(2)^4(6)^2/min.574	12	1941c9af72607da759b78f43f102e1f9	1	6
carat/tables/qcatalog/dim6/dir.4-2;1;1/ordnung.144/(1)^10(3)^6(6)^2/group.6006	144	3f47635afd3b8785b84e8d6689c4038b	1	18
carat/tables/qcatalog/dim6/dir.4-2;1;1/ordnung.144/(1)^10(3)^6(6)^2/group.6007	144	1e22d9384542d489057e1a7c2351160f	1	18
carat/tables/qcatalog/dim6/dir.4-2;1;1/ordnung.144/(1)^10(3)^6(6)^2/group.6008	144	e08c84527a168ed16897cb54cba763c7	1	18
carat/tables/qcatalog/dim6/dir.4-2;1;1/ordnung.144/(1)^10(3)^6(6)^2/group.6009	144	1ae1ef59a83024c557b29e1d97ce91db	1	18
carat/tables/qcatalog/dim6/dir.4-2;1;1/ordnung.144/(1)^10(3)^6(6)^2/group.6010	144	53d5610937375de19d5e3ac4eee2fc1b	1	24
carat/tables/qcatalog/dim6/dir.4-2;1;1/ordnung.144/(1)^10(3)^6(6)^2/group.6011	144	3d8b0580550948f915536a3906ec128b	1	24
carat/tables/qcatalog/dim6/dir.4-2;1;1/ordnung.144/(1)^10(3)^6(6)^2/group.6012	144	7d37d7785fea6371b46d05e7158d7f8b	1	24
carat/tables/qcatalog/dim6/dir.4-2;1;1/ordnung.144/(1)^10(3)^6(6)^2/group.6013	144	d187a7451b9bf0a975acdc0d894dbbdb	1	24
carat/tables/qcatalog/dim6/dir.4-2;1;1/ordnung.144/(1)^10(3)^6(6)^2/group.6014	144	24bef92fd853780540085be464b5c027	1	24
carat/tables/qcatalog/dim6/dir.4-2;1;1/ordnung.144/(1)^10(3)^6(6)^2/group.6015	144	0a57cf0031c8ed9522037692e99e0867	1	24
carat/tables/qcatalog/dim6/dir.4-2;1;1/ordnung.144/(1)^6(3)^8(9)^2(18)^2/group.6056	144	df7728645cbd7de7c2d06361e519a8c1	1	30
carat/tables/qcatalog/dim6/dir.4-2;1;1/ordnung.144/(1)^6(3)^8(9)^2(18)^2/group.6057	144	c8051c5c26b4b4f78ae639b8c72f8201	1	36
carat/tables/qcatalog/dim6/dir.4-2;1;1/ordnung.144/(1)^6(3)^8(9)^2(18)^2/group.6058	144	354e4b5d42703da3f39f43d85c3ee635	1	36
carat/tables/qcatalog/dim6/dir.4-2;1;1/ordnung.144/(1)^6(3)^8(9)^2(18)^2/group.6059	144	760639e0d19993a352fbb1a0cfa1ef55	1	36
carat/tables/qcatalog/dim6/dir.4-2;1;1/ordnung.144/(1)^6(3)^8(9)^2(18)^2/group.6060	144	070a682cbea9fc4b4d53435e5d839475	1	30
carat/tables/qcatalog/dim6/dir.4-2;1;1/ordnung.144/(1)^6(3)^8(9)^2(18)^2/group.6061	144	9ffb53dc95d4caf1c72e8bb425d2bd63	1	30
carat/tables/qcatalog/dim6/dir.4-2;1;1/ordnung.144/(1)^6(3)^8(9)^2(18)^2/group.6062	144	483380c027c26cf7b78b7cbee2a00789	1	30
carat/tables/qcatalog/dim6/dir.4-2;1;1/ordnung.144/(1)^6(3)^8(9)^2(18)^2/group.6063	144	8fcbab1f9853824938fe67ab6042cef3	1	30
carat/tables/qcatalog/dim6/dir.4-2;1;1/ordnung.144/(1)^7(3)^8(9)^1(18)^2/group.6064	144	ccb56a71137f81fdbe835b3bbce73653	1	18
carat/tables/qcatalog/dim6/dir.4-2;1;1/ordnung.144/(1)^7(3)^8(9)^1(18)^2/group.6065	144	148314962f67140faffe42420528ae25	1	18
carat/tables/qcatalog/dim6/dir.4-2;1;1/ordnung.144/(1)^7(3)^8(9)^1(18)^2/group.6066	144	f0ed4aae360660ff930f0e6fea64cbcd	1	18
carat/tables/qcatalog/dim6/dir.4-2;1;1/ordnung.144/(1)^7(3)^8(9)^1(18)^2/group.6067	144	9a852f7cf1a65b11a1374b78b3a01f87	1	18
carat/tables/qcatalog/dim6/dir.4-2;1;1/ordnung.144/(1)^7(3)^8(9)^1(18)^2/group.6068	144	971b33c2b39aadf3c5736c5f1f6e33b1	1	18
carat/tables/qcatalog/dim6/dir.4-2;1;1/ordnung.144/(1)^7(3)^8(9)^1(18)^2/group.6069	144	9a2d740436eb42830b6ce89f50934071	1	18
carat/tables/qcatalog/dim6/dir.4-2;1;1/ordnung.144/(1)^7(3)^8(9)^1(18)^2/group.6070	144	a269468f7aacc191d3c4715231b7e917	1	18
carat/tables/qcatalog/dim6/dir.4-2;1;1/ordnung.144/(1)^7(3)^8(9)^1(18)^2/group.6071	144	5baf7d9d5d8a2655f426896eaf8e072b	1	18
carat/tables/qcatalog/dim6/dir.4-2;1;1/ordnung.144/(1)^7(3)^8(9)^1(18)^2/group.6072	144	143c6ce4f9bba1831ca3de6a18911361	1	18
carat/tables/qcatalog/dim6/dir.4-2;1;1/ordnung.144/(1)^7(3)^8(9)^1(18)^2/group.6073	144	c8f84b606b0413ff966060bb3f808775	1	18
carat/tables/qcatalog/dim6/dir.4-2;1;1/ordnung.144/(1)^8(3)^8(18)^2/group.6074	144	269a8302367ed16f48fcf1a509f172b5	1	18
carat/tables/qcatalog/dim6/dir.4-2;1;1/ordnung.144/(1)^8(3)^8(18)^2/group.6075	144	0a6538373da424f9c214c9bece2ec817	1	18
carat/tables/qcatalog/dim6/dir.4-2;1;1/ordnung.144/(1)^8(3)^8(18)^2/group.6076	144	d79e5807131976e5140eecab6e03dc4b	1	18
carat/tables/qcatalog/dim6/dir.4-2;1;1/ordnung.144/(1)^8(3)^8(18)^2/group.6077	144	12550ed14145b7e3d69455ce5df92c21	1	18
carat/tables/qcatalog/dim6/dir.4-2;1;1/ordnung.144/(1)^8(3)^8(18)^2/group.6078	144	767c1f0db337c23dafad25c1e674302b	1	18
carat/tables/qcatalog/dim6/dir.4-2;1;1/ordnung.144/(1)^8(3)^8(18)^2/group.6079	144	02f47b3c3f26f8b9d608f47f172cdf17	1	18
carat/tables/qcatalog/dim6/dir.4-2;1;1/ordnung.144/(1)^8(3)^8(18)^2/group.6080	144	e3bbe81b016672518139c05652fdc65f	1	18
carat/tables/qcatalog/dim6/dir.4-2;1;1/ordnung.144/(1)^8(3)^8(18)^2/group.6081	144	35a7dc81b4f5b01977c573e3867890e7	1	18
carat/tables/qcatalog/dim6/dir.4-2;1;1/ordnung.144/(1)^8(3)^8(18)^2/group.6082	144	0a733ec4b49c83a5e6cc7629bc05655b	1	18
carat/tables/qcatalog/dim6/dir.4-2;1;1/ordnung.144/(1)^8(3)^8(18)^2/group.6083	144	b1a67f9c4b18b5e9f74236eabcb0528f	1	18
carat/tables/qcatalog/dim6/dir.4-2;1;1/ordnung.144/(1)^8(3)^8(18)^2/group.6084	144	61479e83e3b4774126d6271d08b795c7	1	18
carat/tables/qcatalog/dim6/dir.4-2;1;1/ordnung.144/(1)^8(3)^8(18)^2/group.6085	144	8173774dbef4b585b8221d8d7e9c949b	1	18
carat/tables/qcatalog/dim6/dir.4-2;1;1/ordnung.144/(1)^8(3)^8(18)^2/group.6086	144	ccf76fcc172f40fdacbf05d7f4fc53eb	1	18
carat/tables/qcatalog/dim6/dir.4-2;1;1/ordnung.144/(1)^8(3)^8(18)^2/group.6087	144	6dfca4c6045d2129b549892dae33de0f	1	18
carat/tables/qcatalog/dim6/dir.4-2;1;1/ordnung.144/(1)^8(3)^8(18)^2/group.6088	144	671f92b3df643ee1440290b9568bb1ff	1	18
carat/tables/qcatalog/dim6/dir.4-2;1;1/ordnung.144/(1)^8(3)^8(18)^2/group.6089	144	764e55de9c59837921b4db27553ee377	1	18
carat/tables/qcatalog/dim6/dir.4-2;1;1/ordnung.144/(1)^8(3)^8(18)^2/group.6090	144	2c0be165ccd61415ae257e242bb18d43	1	18
carat/tables/qcatalog/dim6/dir.4-2;1;1/ordnung.144/(1)^8(3)^8(18)^2/group.6091	144	c4debf556e091d4da8d458f130deb1bb	1	18
carat/tables/qcatalog/dim6/dir.4-2;1;1/ordnung.144/(1)^8(3)^8(18)^2/group.6092	144	cd46c290f8c57e6d3deb8f75fa96704b	1	18
carat/tables/qcatalog/dim6/dir.4-2;1;1/ordnung.144/(1)^8(3)^8(18)^2/group.6093	144	b3f59354bc71e5b9409418715ce067f7	1	18
carat/tables/qcatalog/dim6/dir.4-2;1;1/ordnung.144/(1)^8(3)^8(18)^2/group.6094	144	a498c34209e3fbc99c436caa83d86d87	1	18
carat/tables/qcatalog/dim6/dir.4-2;1;1/ordnung.144/(1)^8(3)^8(18)^2/group.6095	144	0239d77050a0a1df6eb22a90bfa2ec5d	1	18
carat/tables/qcatalog/dim6/dir.4-2;1;1/ordnung.144/(1)^10(3)^6(6)^2/group.6016	144	2b0b022aa590bfd55785e6bd2564e427	1	24
carat/tables/qcatalog/dim6/dir.4-2;1;1/ordnung.144/(1)^10(3)^6(6)^2/group.6017	144	f73280d0a6d018fd14380cfdc6b4438f	1	24
carat/tables/qcatalog/dim6/dir.4-2;1;1/ordnung.144/(1)^10(3)^6(6)^2/group.6018	144	55df2817814da303f114990b58997d25	1	24
carat/tables/qcatalog/dim6/dir.4-2;1;1/ordnung.144/(1)^10(3)^6(6)^2/group.6019	144	3262c18439fd135b467ce7b965dd6825	1	24
carat/tables/qcatalog/dim6/dir.4-2;1;1/ordnung.144/(1)^10(3)^6(6)^2/group.6020	144	5df12c0b688b44b1ba39c0858dc4560b	1	24
carat/tables/qcatalog/dim6/dir.4-2;1;1/ordnung.144/(1)^10(3)^6(6)^2/group.6021	144	8374966ddcd907f52398f767c76e1487	1	24
carat/tables/qcatalog/dim6/dir.4-2;1;1/ordnung.144/(1)^10(3)^6(6)^2/group.6022	144	a13b24d406a7b62727c128951503c0a1	1	24
carat/tables/qcatalog/dim6/dir.4-2;1;1/ordnung.144/(1)^10(3)^6(6)^2/group.6023	144	d5cb087cb009aa0b39540ba4973b1f95	1	24
carat/tables/qcatalog/dim6/dir.4-2;1;1/ordnung.144/(1)^10(3)^6(6)^2/group.6024	144	3b06eb87f3b78145c99d570bcb6f5c4f	1	24
carat/tables/qcatalog/dim6/dir.4-2;1;1/ordnung.144/(1)^10(3)^6(6)^2/group.6025	144	9dd7a741ad983a45711b53a2f50d1ff7	1	24
carat/tables/qcatalog/dim6/dir.4-2;1;1/ordnung.144/(1)^10(3)^6(6)^2/group.6026	144	7289d400240dbf1772568c084f01c461	1	24
carat/tables/qcatalog/dim6/dir.4-2;1;1/ordnung.144/(1)^10(3)^6(6)^2/group.6027	144	9217835a90b10c5f4d9a2f71e89ea399	1	24
carat/tables/qcatalog/dim6/dir.4-2;1;1/ordnung.144/(1)^4(3)^4(18)^2/group.6028	144	b68e00cc0dcf3369b2fd351a7ec55263	1	72
carat/tables/qcatalog/dim6/dir.4-2;1;1/ordnung.144/(1)^4(3)^4(18)^2/group.6029	144	8650ef02bce25891ec3bb358f5655e03	1	72
carat/tables/qcatalog/dim6/dir.4-2;1;1/ordnung.144/(1)^5(3)^8(9)^3(18)^2/group.6030	144	ae76782ea21e7ea31534e60fb593590d	1	36
carat/tables/qcatalog/dim6/dir.4-2;1;1/ordnung.144/(1)^5(3)^8(9)^3(18)^2/group.6031	144	1ee01e4bb3f25e132a860572c80f72f9	1	24
carat/tables/qcatalog/dim6/dir.4-2;1;1/ordnung.144/(1)^6(3)^2(6)^2/group.6032	144	cf08abc91adb383f40c5464c45effc71	1	54
carat/tables/qcatalog/dim6/dir.4-2;1;1/ordnung.144/(1)^6(3)^2(6)^2/group.6033	144	c488608c59a628f532863d941d19375f	1	54
carat/tables/qcatalog/dim6/dir.4-2;1;1/ordnung.144/(1)^6(3)^2(6)^2/group.6034	144	ae438059c5e64085e1e039e025e6e867	1	54
carat/tables/qcatalog/dim6/dir.4-2;1;1/ordnung.144/(1)^6(3)^2(6)^2/group.6035	144	bab515b0b2f26a2da8ede2ece9fdcd5f	1	54
carat/tables/qcatalog/dim6/dir.4-2;1;1/ordnung.24/(2)^6(6)^4/min.578	24	e12836726b7bb607a312d3e620a27019	1	15
carat/tables/qcatalog/dim6/dir.4-2;1;1/ordnung.24/(2)^6(6)^4/min.579	24	7d6a3bfac35d0f43b0bc0033db099245	1	15
carat/tables/qcatalog/dim6/dir.4-2;1;1/ordnung.24/(2)^6(6)^4/min.580	24	5420816de0bd6d8be1b97fd53ee5a3fd	1	15
carat/tables/qcatalog/dim6/dir.4-2;1;1/ordnung.24/(2)^6(6)^4/min.581	24	b0ed9ceda19fc1570462aff466136a89	1	15
carat/tables/qcatalog/dim6/dir.4-2;1;1/ordnung.24/(2)^6(6)^4/min.582	24	8bb856ec540f291c15f2b0c3a45163ee	1	12
carat/tables/qcatalog/dim6/dir.4-2;1;1/ordnung.24/(2)^6(6)^4/min.583	24	0dc4b969bf2091706e6e50466af64392	1	12
carat/tables/qcatalog/dim6/dir.4-2;1;1/ordnung.288/(1)^10(3)^6(6)^2/group.6113	288	c02e1a8dcd33220ad0724d26830fa564	1	36
carat/tables/qcatalog/dim6/dir.4-2;1;1/ordnung.288/(1)^10(3)^6(6)^2/group.6114	288	59e0299da9ab4f5669ebb2edd14204cc	1	48
carat/tables/qcatalog/dim6/dir.4-2;1;1/ordnung.288/(1)^10(3)^6(6)^2/group.6115	288	ebf5542c488f815ac3eb10d6df093654	1	36
carat/tables/qcatalog/dim6/dir.4-2;1;1/ordnung.288/(1)^10(3)^6(6)^2/group.6116	288	a56363b1b6ba98a228354aaf940282b0	1	48
carat/tables/qcatalog/dim6/dir.4-2;1;1/ordnung.288/(1)^10(3)^6(6)^2/group.6117	288	ef3c39b24b1bdf6e4cbbdcb2e410ab84	1	48
carat/tables/qcatalog/dim6/dir.4-2;1;1/ordnung.288/(1)^10(3)^6(6)^2/group.6118	288	e27ffeee1f807e5851ff54a7c7c623ae	1	27
carat/tables/qcatalog/dim6/dir.4-2;1;1/ordnung.288/(1)^10(3)^6(6)^2/group.6119	288	dad3f96b1bf4915a063795ea488c94c0	1	27
carat/tables/qcatalog/dim6/dir.4-2;1;1/ordnung.288/(1)^10(3)^6(6)^2/group.6120	288	16e65d61c53f9ff0f24697fd78fd8b26	1	27
carat/tables/qcatalog/dim6/dir.4-2;1;1/ordnung.288/(1)^10(3)^6(6)^2/group.6121	288	3a4bc494f76c6ece4d0b875e5d1a4474	1	27
carat/tables/qcatalog/dim6/dir.4-2;1;1/ordnung.288/(1)^10(3)^6(6)^2/group.6122	288	fbf1d05e1cfc317804e75b5d4ca2dafe	1	27
carat/tables/qcatalog/dim6/dir.4-2;1;1/ordnung.288/(1)^10(3)^6(6)^2/group.6123	288	9549cf39685232c4547511fc69da0aea	1	27
carat/tables/qcatalog/dim6/dir.4-2;1;1/ordnung.288/(1)^10(3)^6(6)^2/group.6124	288	5fbdbae8f99bec9a42cd86c0b5bb1eb0	1	27
carat/tables/qcatalog/dim6/dir.4-2;1;1/ordnung.288/(1)^10(3)^6(6)^2/group.6125	288	a5c75986de44edd2b4007d3610808d48	1	27
carat/tables/qcatalog/dim6/dir.4-2;1;1/ordnung.288/(1)^10(3)^6(6)^2/group.6126	288	031eee58024afd7ea5509346d052ec58	1	36
carat/tables/qcatalog/dim6/dir.4-2;1;1/ordnung.144/(1)^6(3)^2(6)^2/group.6036	144	81a62552fb6906ef773e531e9a130289	1	54
carat/tables/qcatalog/dim6/dir.4-2;1;1/ordnung.144/(1)^6(3)^2(6)^2/group.6037	144	5ae094afb2551fb9cf915487b363f6e3	1	54
carat/tables/qcatalog/dim6/dir.4-2;1;1/ordnung.144/(1)^6(3)^2(6)^2/group.6038	144	642e95353a1d0e5ffd02ffc27acd06a1	1	54
carat/tables/qcatalog/dim6/dir.4-2;1;1/ordnung.144/(1)^6(3)^8(9)^2(18)^2/group.6039	144	057464b59d0464f525854a67d196a823	1	18
carat/tables/qcatalog/dim6/dir.4-2;1;1/ordnung.144/(1)^6(3)^8(9)^2(18)^2/group.6040	144	28c7ea308e8023a763f29563d8a9a7dd	1	24
carat/tables/qcatalog/dim6/dir.4-2;1;1/ordnung.144/(1)^6(3)^8(9)^2(18)^2/group.6041	144	c0701f6feccdaff7c8b830fd858d9df1	1	36
carat/tables/qcatalog/dim6/dir.4-2;1;1/ordnung.144/(1)^6(3)^8(9)^2(18)^2/group.6042	144	6cffc824e6143f7f8212b2cb8c3efd29	1	36
carat/tables/qcatalog/dim6/dir.4-2;1;1/ordnung.144/(1)^6(3)^8(9)^2(18)^2/group.6043	144	998397d69d40792794b6dc64a8a20d8d	1	24
carat/tables/qcatalog/dim6/dir.4-2;1;1/ordnung.144/(1)^6(3)^8(9)^2(18)^2/group.6044	144	39be90013ecc916f1ed4c7ea04110055	1	24
carat/tables/qcatalog/dim6/dir.4-2;1;1/ordnung.144/(1)^6(3)^8(9)^2(18)^2/group.6045	144	e577a2d01dce80f7a78d876e355dcbfd	1	24
carat/tables/qcatalog/dim6/dir.4-2;1;1/ordnung.144/(1)^6(3)^8(9)^2(18)^2/group.6046	144	4d04e2f63915b273c7ef50e29efed2d9	1	24
carat/tables/qcatalog/dim6/dir.4-2;1;1/ordnung.144/(1)^6(3)^8(9)^2(18)^2/group.6047	144	48742a90f8b2ad0bd243d586871ea695	1	36
carat/tables/qcatalog/dim6/dir.4-2;1;1/ordnung.144/(1)^6(3)^8(9)^2(18)^2/group.6048	144	1149f1158618bc871e1494e336b08b79	1	36
carat/tables/qcatalog/dim6/dir.4-2;1;1/ordnung.144/(1)^6(3)^8(9)^2(18)^2/group.6049	144	cf08b651f305f3cfd0f18aa092115f71	1	36
carat/tables/qcatalog/dim6/dir.4-2;1;1/ordnung.144/(1)^6(3)^8(9)^2(18)^2/group.6050	144	a58555e718dfe95f593e5073858dd641	1	36
carat/tables/qcatalog/dim6/dir.4-2;1;1/ordnung.144/(1)^6(3)^8(9)^2(18)^2/group.6051	144	d300a407229de7e7289a61a04d8553b9	1	36
carat/tables/qcatalog/dim6/dir.4-2;1;1/ordnung.144/(1)^6(3)^8(9)^2(18)^2/group.6052	144	7ba9600cc1020ff390f136d988ec09dd	1	36
carat/tables/qcatalog/dim6/dir.4-2;1;1/ordnung.144/(1)^6(3)^8(9)^2(18)^2/group.6053	144	4dd63f73d5e659cb4f351cd654821825	1	36
carat/tables/qcatalog/dim6/dir.4-2;1;1/ordnung.144/(1)^6(3)^8(9)^2(18)^2/group.6054	144	641db5e6b7af92bd02ba19df063cdd27	1	30
carat/tables/qcatalog/dim6/dir.4-2;1;1/ordnung.144/(1)^6(3)^8(9)^2(18)^2/group.6055	144	9b53b15060dd3affca9ae1dbb5f784b1	1	30
carat/tables/qcatalog/dim6/dir.4-2;1;1/ordnung.288/(1)^8(3)^8(18)^2/group.6167	288	b61cb4a485f407e2e911a9746af4c07c	1	36
carat/tables/qcatalog/dim6/dir.4-2;1;1/ordnung.288/(1)^8(3)^8(18)^2/group.6168	288	3dfc0c05057b129675cfcb78addd18f8	1	36
carat/tables/qcatalog/dim6/dir.4-2;1;1/ordnung.288/(1)^8(3)^8(18)^2/group.6169	288	7cc13fe423277c12940b904aff40c39c	1	36
carat/tables/qcatalog/dim6/dir.4-2;1;1/ordnung.288/(1)^8(3)^8(18)^2/group.6170	288	701ead5303a0137ae30b00c76a9738bc	1	36
carat/tables/qcatalog/dim6/dir.4-2;1;1/ordnung.288/(1)^8(3)^8(18)^2/group.6171	288	1dbc9fb7e1c234fa0e35fe19b2ba90ac	1	36
carat/tables/qcatalog/dim6/dir.4-2;1;1/ordnung.36/(1)^2(3)^6(18)^2/group.6172	36	7dc071dc977f72d92beab204b8118faf	1	18
carat/tables/qcatalog/dim6/dir.4-2;1;1/ordnung.36/(1)^2(3)^6(18)^2/group.6173	36	cafb1277ecaa94d96b1a6dc53c594e3f	1	18
carat/tables/qcatalog/dim6/dir.4-2;1;1/ordnung.36/(1)^2(3)^6(18)^2/group.6174	36	25a10a0ad38392798b57b173006a0b0f	1	18
carat/tables/qcatalog/dim6/dir.4-2;1;1/ordnung.36/(1)^2(3)^6(18)^2/group.6175	36	cba5eeeec062b6796dd95cf6d0cfbedf	1	18
carat/tables/qcatalog/dim6/dir.4-2;1;1/ordnung.36/(1)^4(3)^4(18)^2/group.6176	36	39bce39eb7fb49e91560865b7cf44d5f	1	18
carat/tables/qcatalog/dim6/dir.4-2;1;1/ordnung.36/(1)^4(3)^4(18)^2/group.6177	36	a090049f2f7b296d547b2022c3e71ac3	1	18
carat/tables/qcatalog/dim6/dir.4-2;1;1/ordnung.36/(1)^4(3)^4(18)^2/group.6178	36	d60e262d891a377d88c65028f6fd29eb	1	18
carat/tables/qcatalog/dim6/dir.4-2;1;1/ordnung.36/(1)^4(3)^8(9)^4(18)^2/group.6179	36	98450c75378b589ace845c82064c4648	1	9
carat/tables/qcatalog/dim6/dir.4-2;1;1/ordnung.36/(1)^4(3)^8(9)^4(18)^2/group.6180	36	c06ebfa8a095aee21d0a9c9e94a7c9b0	1	9
carat/tables/qcatalog/dim6/dir.4-2;1;1/ordnung.36/(1)^4(3)^8(9)^4(18)^2/group.6181	36	30d6026b3edeccba039904479f075c68	1	9
carat/tables/qcatalog/dim6/dir.4-2;1;1/ordnung.36/(1)^4(3)^8(9)^4(18)^2/group.6182	36	f4eed252e85a777a842f6d450b728ce8	1	9
carat/tables/qcatalog/dim6/dir.4-2;1;1/ordnung.36/(1)^4(3)^8(9)^4(18)^2/min.584	36	b00a24849ffc9f11abafdb68ec853673	1	6
carat/tables/qcatalog/dim6/dir.4-2;1;1/ordnung.36/(3)^8(18)^2/group.6183	36	472413a63f467df935e32fd524a01c8f	1	18
carat/tables/qcatalog/dim6/dir.4-2;1;1/ordnung.48/(2)^10(6)^8/group.6184	48	0da94236b3e49e4632e98fd7aa06bafc	1	15
carat/tables/qcatalog/dim6/dir.4-2;1;1/ordnung.48/(2)^10(6)^8/group.6185	48	50740971c25868b0b69ec4df838d57e6	1	15
carat/tables/qcatalog/dim6/dir.4-2;1;1/ordnung.72/(1)^6(3)^8(9)^2(18)^2/group.6266	72	83f1bc4c36b5e67df35a24f13606b1bf	1	9
carat/tables/qcatalog/dim6/dir.4-2;1;1/ordnung.72/(1)^6(3)^8(9)^2(18)^2/group.6267	72	ecfc5516f88a4ef34a978db503f277d5	1	12
carat/tables/qcatalog/dim6/dir.4-2;1;1/ordnung.72/(1)^6(3)^8(9)^2(18)^2/group.6268	72	6908e7cb7775e2b559185505c0ace6ef	1	12
carat/tables/qcatalog/dim6/dir.4-2;1;1/ordnung.72/(1)^6(3)^8(9)^2(18)^2/group.6269	72	736b078e4c2f95dff69d7847a7a41e95	1	18
carat/tables/qcatalog/dim6/dir.4-2;1;1/ordnung.72/(1)^6(3)^8(9)^2(18)^2/group.6270	72	92eb54e21c9d2da5146e58924ddf10b3	1	18
carat/tables/qcatalog/dim6/dir.4-2;1;1/ordnung.72/(1)^6(3)^8(9)^2(18)^2/group.6271	72	8b202c29e9cd9a6dd1f40e44f7ed9fdb	1	18
carat/tables/qcatalog/dim6/dir.4-2;1;1/ordnung.72/(1)^6(3)^8(9)^2(18)^2/group.6272	72	5da0919c4e9b26fd7ab53258bf3e2cdb	1	18
carat/tables/qcatalog/dim6/dir.4-2;1;1/ordnung.72/(1)^6(3)^8(9)^2(18)^2/group.6273	72	19ce590d8b3e530d4c96e53dc6e2aa4b	1	18
carat/tables/qcatalog/dim6/dir.4-2;1;1/ordnung.72/(1)^6(3)^8(9)^2(18)^2/group.6274	72	1eb47e4f808da9979d9d76d8c037fcfd	1	18
carat/tables/qcatalog/dim6/dir.4-2;1;1/ordnung.72/(1)^6(3)^8(9)^2(18)^2/group.6275	72	76b0da9dad70a20d199bae1e598f02cb	1	18
carat/tables/qcatalog/dim6/dir.4-2;1;1/ordnung.72/(1)^6(3)^8(9)^2(18)^2/group.6276	72	bf7bd639d86c33d94da42b1fecd21e97	1	18
carat/tables/qcatalog/dim6/dir.4-2;1;1/ordnung.72/(1)^6(3)^8(9)^2(18)^2/group.6277	72	36d12c0937bb3b412a8244c174d61c57	1	18
carat/tables/qcatalog/dim6/dir.4-2;1;1/ordnung.72/(1)^6(3)^8(9)^2(18)^2/group.6278	72	dae87cb8dbb6654d2e5cfb53c9127513	1	18
carat/tables/qcatalog/dim6/dir.4-2;1;1/ordnung.72/(1)^6(3)^8(9)^2(18)^2/group.6279	72	9ad343e7127e262c06fb458e8793419e	1	15
carat/tables/qcatalog/dim6/dir.4-2;1;1/ordnung.72/(1)^6(3)^8(9)^2(18)^2/group.6280	72	18226d8d3c9719087d30c8f6cdb352fa	1	15
carat/tables/qcatalog/dim6/dir.4-2;1;1/ordnung.72/(1)^6(3)^8(9)^2(18)^2/group.6281	72	98429886ca269b30be0419031e350182	1	15
carat/tables/qcatalog/dim6/dir.4-2;1;1/ordnung.72/(1)^6(3)^8(9)^2(18)^2/group.6282	72	84db83c0d60ddd02dd4fac3dfeb0c094	1	15
carat/tables/qcatalog/dim6/dir.4-2;1;1/ordnung.72/(1)^6(3)^8(9)^2(18)^2/group.6283	72	30a054cb1d362c38c048dc5110e6869a	1	15
carat/tables/qcatalog/dim6/dir.4-2;1;1/ordnung.72/(1)^6(3)^8(9)^2(18)^2/group.6284	72	37e9b172f4fe78145dd893d6da77e1c6	1	15
carat/tables/qcatalog/dim6/dir.4-2;1;1/ordnung.72/(1)^7(3)^8(9)^1(18)^2/group.6285	72	9bd5b4eb53978277909bf9f63a72be01	1	9
carat/tables/qcatalog/dim6/dir.4-2;1;1/ordnung.72/(1)^4(3)^8(9)^4(18)^2/group.6246	72	5cbef7ed241c23911cf19f574d0aab1b	1	12
carat/tables/qcatalog/dim6/dir.4-2;1;1/ordnung.72/(1)^4(3)^8(9)^4(18)^2/group.6247	72	b0443149b0ce0fd11288df2d24daab17	1	18
carat/tables/qcatalog/dim6/dir.4-2;1;1/ordnung.72/(1)^4(3)^8(9)^4(18)^2/group.6248	72	fa7750e5805748e9e018ee614e5f8f9f	1	18
carat/tables/qcatalog/dim6/dir.4-2;1;1/ordnung.72/(1)^5(3)^8(9)^3(18)^2/group.6249	72	08b53893d839d4df6e7c782b7b3a294d	1	18
carat/tables/qcatalog/dim6/dir.4-2;1;1/ordnung.72/(1)^5(3)^8(9)^3(18)^2/group.6250	72	4a5e052e0e64abd75a16d1bbec554eb5	1	18
carat/tables/qcatalog/dim6/dir.4-2;1;1/ordnung.72/(1)^5(3)^8(9)^3(18)^2/group.6251	72	68893f0b1edaab9d14a4ab9b1c8074fb	1	18
carat/tables/qcatalog/dim6/dir.4-2;1;1/ordnung.72/(1)^5(3)^8(9)^3(18)^2/group.6252	72	6047bd6d42bb5bb56df54a0dc67eb8a3	1	18
carat/tables/qcatalog/dim6/dir.4-2;1;1/ordnung.72/(1)^5(3)^8(9)^3(18)^2/group.6253	72	8636afab041e37456d67fea11837dbb7	1	12
carat/tables/qcatalog/dim6/dir.4-2;1;1/ordnung.72/(1)^5(3)^8(9)^3(18)^2/group.6254	72	b9faf4495e71804974836303cd2763ab	1	12
carat/tables/qcatalog/dim6/dir.4-2;1;1/ordnung.72/(1)^5(3)^8(9)^3(18)^2/group.6255	72	26fd2481063185aba43d9ca3d4b58c35	1	12
carat/tables/qcatalog/dim6/dir.4-2;1;1/ordnung.72/(1)^5(3)^8(9)^3(18)^2/group.6256	72	a7fb43635f311a7f2637bb29660eea89	1	12
carat/tables/qcatalog/dim6/dir.4-2;1;1/ordnung.72/(1)^5(3)^8(9)^3(18)^2/group.6257	72	3f38b660e26b59cf0ce02cb11d99d4ad	1	18
carat/tables/qcatalog/dim6/dir.4-2;1;1/ordnung.72/(1)^5(3)^8(9)^3(18)^2/group.6258	72	7f260c73dd5b6f655d61d8d3600eb793	1	18
carat/tables/qcatalog/dim6/dir.4-2;1;1/ordnung.72/(1)^6(3)^2(6)^2/group.6259	72	92b8af08a53b1c365e7733de36632440	1	27
carat/tables/qcatalog/dim6/dir.4-2;1;1/ordnung.72/(1)^6(3)^2(6)^2/group.6260	72	656ca73d12114246f0b883e63340eff0	1	27
carat/tables/qcatalog/dim6/dir.4-2;1;1/ordnung.72/(1)^6(3)^2(6)^2/group.6261	72	88bab9843592ec1a45a3f41d9ceba044	1	27
carat/tables/qcatalog/dim6/dir.4-2;1;1/ordnung.72/(1)^6(3)^2(6)^2/group.6262	72	686e54037faa93245f7abe89b8ba8bae	1	27
carat/tables/qcatalog/dim6/dir.4-2;1;1/ordnung.72/(1)^6(3)^2(6)^2/group.6263	72	247e08cfdbb0def25349877ff51c4e4c	1	27
carat/tables/qcatalog/dim6/dir.4-2;1;1/ordnung.72/(1)^6(3)^2(6)^2/group.6264	72	c2cd2daa0e0ca48e0d13d39e06d82ac0	1	27
carat/tables/qcatalog/dim6/dir.4-2;1;1/ordnung.72/(1)^6(3)^8(9)^2(18)^2/group.6265	72	cfbdfbbcd33a80ef4610ecba2323a1e1	1	9
carat/tables/qcatalog/dim6/dir.4-2;1;1/ordnung.48/(2)^10(6)^8/group.6186	48	c8cbe1c622ca2fd80c048e8d8d5a9d56	1	15
carat/tables/qcatalog/dim6/dir.4-2;1;1/ordnung.48/(2)^10(6)^8/group.6187	48	3b392e2a7f092a8650208b025b1ec32c	1	15
carat/tables/qcatalog/dim6/dir.4-2;1;1/ordnung.48/(2)^10(6)^8/group.6188	48	38cdba5d73e37a9a28af2f7ab79c1940	1	15
carat/tables/qcatalog/dim6/dir.4-2;1;1/ordnung.48/(2)^10(6)^8/group.6189	48	d64ec1d9addb8436aafcea3ed178ba34	1	15
carat/tables/qcatalog/dim6/dir.4-2;1;1/ordnung.48/(2)^10(6)^8/group.6190	48	6fc69a9ce4ce2bd49a601ef8749cc3d2	1	15
carat/tables/qcatalog/dim6/dir.4-2;1;1/ordnung.48/(2)^10(6)^8/group.6191	48	8d0fe47f536aeff8d2aa9fc70a104176	1	15
carat/tables/qcatalog/dim6/dir.4-2;1;1/ordnung.48/(2)^10(6)^8/group.6192	48	c23ab285f1e40d6c6c777f07b966ebb2	1	15
carat/tables/qcatalog/dim6/dir.4-2;1;1/ordnung.48/(2)^10(6)^8/group.6193	48	dbe01655b5a09612ee462a6b71804060	1	15
carat/tables/qcatalog/dim6/dir.4-2;1;1/ordnung.48/(2)^10(6)^8/group.6194	48	b14276543c1d486e1d4f8b4269c9c50c	1	15
carat/tables/qcatalog/dim6/dir.4-2;1;1/ordnung.48/(2)^10(6)^8/group.6195	48	5d5da64a61f8b7c01dfdf1b3d948002e	1	15
carat/tables/qcatalog/dim6/dir.4-2;1;1/ordnung.48/(2)^10(6)^8/group.6196	48	b78b4eaa13a9cc463a4f14cf486e071c	1	15
carat/tables/qcatalog/dim6/dir.4-2;1;1/ordnung.48/(2)^10(6)^8/group.6197	48	1dde774b19621928c58e9735c8f879e6	1	15
carat/tables/qcatalog/dim6/dir.4-2;1;1/ordnung.48/(2)^10(6)^8/group.6198	48	301202cc5415093812d35ff1b5663006	1	15
carat/tables/qcatalog/dim6/dir.4-2;1;1/ordnung.48/(2)^10(6)^8/group.6199	48	68beb4cbf5ef7ea65948cf0687386754	1	15
carat/tables/qcatalog/dim6/dir.4-2;1;1/ordnung.48/(2)^10(6)^8/group.6200	48	0f63aa218346823e4e277e41fda56d14	1	15
carat/tables/qcatalog/dim6/dir.4-2;1;1/ordnung.48/(2)^10(6)^8/group.6201	48	f9e99e26b3a8c12699d38b61c504cb3c	1	15
carat/tables/qcatalog/dim6/dir.4-2;1;1/ordnung.48/(2)^4(6)^2/group.6202	48	e22caaa36e67dea0d4ad0498e4d026b6	1	24
carat/tables/qcatalog/dim6/dir.4-2;1;1/ordnung.48/(2)^6(6)^4/group.6203	48	89c63e92afdf0602b69fbe64f145cfd0	1	18
carat/tables/qcatalog/dim6/dir.4-2;1;1/ordnung.48/(2)^6(6)^4/group.6204	48	f12060b8e4dd01a0d8900a9b4022901e	1	18
carat/tables/qcatalog/dim6/dir.4-2;1;1/ordnung.48/(2)^6(6)^4/group.6205	48	3b1600cfd3a6ffb0db895f03008bf356	1	18
carat/tables/qcatalog/dim6/dir.4-2;1;1/ordnung.288/(1)^10(3)^6(6)^2/group.6127	288	e8167e96001d189648507dda838ef020	1	36
carat/tables/qcatalog/dim6/dir.4-2;1;1/ordnung.288/(1)^10(3)^6(6)^2/group.6128	288	33669db3842f474a585a9c1abab73a9c	1	36
carat/tables/qcatalog/dim6/dir.4-2;1;1/ordnung.288/(1)^10(3)^6(6)^2/group.6129	288	1557dbe5bf4925d0bbfe22d3ddcc28b6	1	27
carat/tables/qcatalog/dim6/dir.4-2;1;1/ordnung.288/(1)^10(3)^6(6)^2/group.6130	288	65b6516d32b5abe6f94c0e2c8df5ca74	1	27
carat/tables/qcatalog/dim6/dir.4-2;1;1/ordnung.288/(1)^10(3)^6(6)^2/group.6131	288	a6026855ea90513eeef01d57c5286e8c	1	27
carat/tables/qcatalog/dim6/dir.4-2;1;1/ordnung.288/(1)^10(3)^6(6)^2/group.6132	288	c7a56097cbf74438370b42e03ff5823e	1	27
carat/tables/qcatalog/dim6/dir.4-2;1;1/ordnung.288/(1)^10(3)^6(6)^2/group.6133	288	fc5321cc6f294864517da033c358a3aa	1	27
carat/tables/qcatalog/dim6/dir.4-2;1;1/ordnung.288/(1)^10(3)^6(6)^2/group.6134	288	77f13d1698c25e1cdcf3c1dd2d8138ea	1	27
carat/tables/qcatalog/dim6/dir.4-2;1;1/ordnung.288/(1)^10(3)^6(6)^2/group.6135	288	27231f8a5bc5d0c02b3ffdce0963f8ee	1	27
carat/tables/qcatalog/dim6/dir.4-2;1;1/ordnung.288/(1)^10(3)^6(6)^2/group.6136	288	79209ba6d91dae5ee46d65abe6127444	1	27
carat/tables/qcatalog/dim6/dir.4-2;1;1/ordnung.288/(1)^10(3)^6(6)^2/group.6137	288	812a585506ea2510d52b349f12c15526	1	27
carat/tables/qcatalog/dim6/dir.4-2;1;1/ordnung.288/(1)^10(3)^6(6)^2/group.6138	288	ec413ffd785590d2c1a84cf95a37cdf8	1	48
carat/tables/qcatalog/dim6/dir.4-2;1;1/ordnung.288/(1)^10(3)^6(6)^2/group.6139	288	8a994d8c93f0a770e26b0aee540f6756	1	27
carat/tables/qcatalog/dim6/dir.4-2;1;1/ordnung.288/(1)^10(3)^6(6)^2/group.6140	288	39a7a8fb1460d1d6e415157f92aef63c	1	48
carat/tables/qcatalog/dim6/dir.4-2;1;1/ordnung.288/(1)^10(3)^6(6)^2/group.6141	288	9414136ef2b1eea233c7b01991e5f400	1	48
carat/tables/qcatalog/dim6/dir.4-2;1;1/ordnung.288/(1)^10(3)^6(6)^2/group.6142	288	937342ea060deaf22b2ae03455786938	1	48
carat/tables/qcatalog/dim6/dir.4-2;1;1/ordnung.288/(1)^10(3)^6(6)^2/group.6143	288	a4779983cd29f20e58bca614ad3d2b1c	1	48
carat/tables/qcatalog/dim6/dir.4-2;1;1/ordnung.288/(1)^10(3)^6(6)^2/group.6144	288	4fb59702dc87994217d9ad5309d947c8	1	48
carat/tables/qcatalog/dim6/dir.4-2;1;1/ordnung.288/(1)^10(3)^6(6)^2/group.6145	288	780fc03f37f11fb24c877bc59b3b02d8	1	48
carat/tables/qcatalog/dim6/dir.4-2;1;1/ordnung.288/(1)^10(3)^6(6)^2/group.6146	288	02eb4a31627e47ba8265a382a1030a78	1	48
carat/tables/qcatalog/dim6/dir.4-2;1;1/ordnung.72/(1)^7(3)^8(9)^1(18)^2/group.6286	72	3114e5686ca0b50768225f318908d3b1	1	9
carat/tables/qcatalog/dim6/dir.4-2;1;1/ordnung.72/(1)^7(3)^8(9)^1(18)^2/group.6287	72	41d87381f93dc81f64a6ff71a4dd9ea1	1	9
carat/tables/qcatalog/dim6/dir.4-2;1;1/ordnung.72/(1)^7(3)^8(9)^1(18)^2/group.6288	72	76bda03d7c8d2477d7fb507043dd4ee9	1	9
carat/tables/qcatalog/dim6/dir.4-2;1;1/ordnung.72/(1)^7(3)^8(9)^1(18)^2/group.6289	72	cb46606ae38bf043b05a5822b6cd732d	1	9
carat/tables/qcatalog/dim6/dir.4-2;1;1/ordnung.72/(1)^7(3)^8(9)^1(18)^2/group.6290	72	247e12b467e122435f84834ac410748d	1	9
carat/tables/qcatalog/dim6/dir.4-2;1;1/ordnung.72/(1)^7(3)^8(9)^1(18)^2/group.6291	72	6c27ef6c569e405f3bf30e7150ae8701	1	9
carat/tables/qcatalog/dim6/dir.4-2;1;1/ordnung.72/(1)^7(3)^8(9)^1(18)^2/group.6292	72	972301b33c861eb3f0b788014b8c0d0d	1	9
carat/tables/qcatalog/dim6/dir.4-2;1;1/ordnung.72/(1)^8(3)^8(18)^2/group.6293	72	be1798080b64fcc12ebe5638df3f7a03	1	9
carat/tables/qcatalog/dim6/dir.4-2;1;1/ordnung.72/(1)^8(3)^8(18)^2/group.6294	72	bf5c2d1286cc39e7540268b54da327c9	1	9
carat/tables/qcatalog/dim6/dir.4-2;1;1/ordnung.96/(2)^10(6)^8/group.6295	96	8d1beef49b5e2c49d794ccebc0a55ecb	1	30
carat/tables/qcatalog/dim6/dir.4-2;1;1/ordnung.96/(2)^10(6)^8/group.6296	96	6637b06aa836dea748da47f1754aaa91	1	30
carat/tables/qcatalog/dim6/dir.4-2;1;1/ordnung.96/(2)^10(6)^8/group.6297	96	11a7fa45574d5229a118f2fbd34a82eb	1	30
carat/tables/qcatalog/dim6/dir.4-2;1;1/ordnung.96/(2)^10(6)^8/group.6298	96	68941d0a137db4a3a2b32210812263ad	1	30
carat/tables/qcatalog/dim6/dir.4-2;1;1/ordnung.96/(2)^10(6)^8/group.6299	96	85ef4220d137845f4539e9a3fde66a21	1	30
carat/tables/qcatalog/dim6/dir.4-2;1;1/ordnung.96/(2)^10(6)^8/group.6300	96	8ec61b4482879fe1a5445bc876e94be3	1	30
carat/tables/qcatalog/dim6/dir.4-2;1;1/ordnung.96/(2)^10(6)^8/group.6301	96	45daf98d72b758dba66beffdcf6bae95	1	30
carat/tables/qcatalog/dim6/dir.4-2;1;1/ordnung.96/(2)^10(6)^8/group.6302	96	30fa027048dbf8d153ecb1f013c10f43	1	30
carat/tables/qcatalog/dim6/dir.4-2;1;1/ordnung.96/(2)^10(6)^8/group.6303	96	87fa6bf7e7a84fa7da420d1c428465d1	1	30
carat/tables/qcatalog/dim6/dir.4-2;1;1/ordnung.96/(2)^10(6)^8/group.6304	96	11080e65200bd679cf489304f3abcc93	1	30
carat/tables/qcatalog/dim6/dir.4-2;1;1/ordnung.96/(2)^10(6)^8/group.6305	96	dfdfc7b353990dc3f0fa86740e4cbf25	1	30
carat/tables/qcatalog/dim6/dir.4-2;1;1/ordnung.48/(2)^6(6)^4/group.6206	48	182452fe83b376ccbaf8685541a57412	1	18
carat/tables/qcatalog/dim6/dir.4-2;1;1/ordnung.48/(2)^6(6)^4/group.6207	48	4071d9b9a7652326c11d947d3d2bc874	1	18
carat/tables/qcatalog/dim6/dir.4-2;1;1/ordnung.48/(2)^6(6)^4/group.6208	48	d60af7bd3fbe09fe77e946b6b027ba34	1	18
carat/tables/qcatalog/dim6/dir.4-2;1;1/ordnung.48/(2)^6(6)^4/group.6209	48	e7ff318a8adac2346c93c00faaa021c2	1	18
carat/tables/qcatalog/dim6/dir.4-2;1;1/ordnung.48/(2)^6(6)^4/group.6210	48	960a997f2b5b63c4fbba3c08ce05232a	1	24
carat/tables/qcatalog/dim6/dir.4-2;1;1/ordnung.48/(2)^6(6)^4/group.6211	48	23977614fb93daccad3dbb1b7eb0c2aa	1	24
carat/tables/qcatalog/dim6/dir.4-2;1;1/ordnung.48/(2)^6(6)^4/group.6212	48	f24ac4f4a45379a0c243eed8988ed916	1	24
carat/tables/qcatalog/dim6/dir.4-2;1;1/ordnung.48/(2)^6(6)^4/group.6213	48	6f30a236d05d8266cae122590bb39188	1	30
carat/tables/qcatalog/dim6/dir.4-2;1;1/ordnung.48/(2)^6(6)^4/group.6214	48	25f07d7fe65cc5d8a1dc99c952f6e8aa	1	30
carat/tables/qcatalog/dim6/dir.4-2;1;1/ordnung.48/(2)^6(6)^4/group.6215	48	b406204f6f7c742c933d40b904aad152	1	24
carat/tables/qcatalog/dim6/dir.4-2;1;1/ordnung.48/(2)^6(6)^4/group.6216	48	fe0889cdd02c9670583c1d5eed71885e	1	24
carat/tables/qcatalog/dim6/dir.4-2;1;1/ordnung.48/(2)^6(6)^4/group.6217	48	ed0c706656cda9b8c2e6dc83fbe5699e	1	24
carat/tables/qcatalog/dim6/dir.4-2;1;1/ordnung.48/(2)^6(6)^4/group.6218	48	bae45787ee9023e428257098a0002c42	1	24
carat/tables/qcatalog/dim6/dir.4-2;1;1/ordnung.48/(2)^6(6)^4/group.6219	48	b6a7b5bb5bafe6d0ab99d163bfdbcf7a	1	30
carat/tables/qcatalog/dim6/dir.4-2;1;1/ordnung.48/(2)^6(6)^4/group.6220	48	52c2d5e682f1a54a83df13c259b629cc	1	30
carat/tables/qcatalog/dim6/dir.4-2;1;1/ordnung.48/(2)^6(6)^4/group.6221	48	a373f41f7276d5a0a27aca5f99639e7a	1	30
carat/tables/qcatalog/dim6/dir.4-2;1;1/ordnung.576/(1)^10(3)^6(6)^2/group.6222	576	550382ab3c9009a0f270f54a26217886	1	54
carat/tables/qcatalog/dim6/dir.4-2;1;1/ordnung.576/(1)^10(3)^6(6)^2/group.6223	576	08285d4b05165f3041db3a07bc2481ae	1	54
carat/tables/qcatalog/dim6/dir.4-2;1;1/ordnung.576/(1)^10(3)^6(6)^2/group.6224	576	f831cdc77e65ea52324cb7d792159728	1	72
carat/tables/qcatalog/dim6/dir.4-2;1;1/ordnung.576/(1)^10(3)^6(6)^2/group.6225	576	5b2cd55c93e296440a8e7981a5debdc2	1	54
carat/tables/qcatalog/dim6/dir.4-1;2-2/ordnung.72/(1)^5(3)^1(6)^4/group.5745	72	60058e487d79bf10a11b385579771d22	0	21
carat/tables/qcatalog/dim6/dir.4-1;2-2/ordnung.72/(1)^5(3)^1(6)^4/group.5746	72	325f78723fde7144976dda21ce550c46	0	21
carat/tables/qcatalog/dim6/dir.4-1;2-2/ordnung.768/(1)^2(2)^12(4)^3(12)^1/group.5747	768	cfee220b5bf31f9377bc8118fde8fca9	0	120
carat/tables/qcatalog/dim6/dir.4-1;2-2/ordnung.768/(1)^4(2)^12(4)^2(12)^2/group.5748	768	724ba125a1e39b49e5955264859d4dab	0	66
carat/tables/qcatalog/dim6/dir.4-1;2-2/ordnung.768/(1)^4(2)^12(4)^2(12)^2/group.5749	768	03569bb0bbe81e1b7da0ac036fb31495	0	60
carat/tables/qcatalog/dim6/dir.4-1;2-2/ordnung.768/(1)^4(2)^12(4)^2(12)^2/group.5750	768	a8322f4c32083e012c64cf3a06771bb3	0	60
carat/tables/qcatalog/dim6/dir.4-1;2-2/ordnung.768/(1)^4(2)^12(4)^2(12)^2/group.5751	768	264fd8c5762a6f33790a4cc5a936c865	0	60
carat/tables/qcatalog/dim6/dir.4-1;2-2/ordnung.768/(1)^4(2)^12(4)^2(12)^2/group.5752	768	b5df6dccb554729fc74d661d27373429	0	60
carat/tables/qcatalog/dim6/dir.4-1;2-2/ordnung.768/(1)^4(2)^12(4)^2(12)^2/group.5753	768	8ec8c25727cbab8720a888ec44b473a1	0	60
carat/tables/qcatalog/dim6/dir.4-1;2-2/ordnung.768/(1)^4(2)^12(4)^2(12)^2/group.5754	768	9d921e71943692a789920e8360ab87e1	0	60
carat/tables/qcatalog/dim6/dir.4-1;2-2/ordnung.768/(1)^4(2)^12(4)^2(12)^2/group.5755	768	80f05c7f5dba7ffd64b2de00c37e0807	0	90
carat/tables/qcatalog/dim6/dir.4-1;2-2/ordnung.768/(1)^4(2)^12(4)^2(12)^2/group.5756	768	65ad75af071403adcfb1d94d2cf8c10f	0	66
carat/tables/qcatalog/dim6/dir.4-1;2-2/ordnung.768/(1)^4(2)^12(4)^2(12)^2/group.5757	768	105ac44f7b09c89144d4046eda1a6563	0	72
carat/tables/qcatalog/dim6/dir.4-1;2-2/ordnung.768/(1)^4(2)^12(4)^2(12)^2/group.5758	768	28101aed4be6e39571c01308caee829f	0	72
carat/tables/qcatalog/dim6/dir.4-1;2-2/ordnung.768/(1)^4(2)^8(4)^6(12)^2/group.5759	768	3d65715508827289a209e82a6270aa93	0	96
carat/tables/qcatalog/dim6/dir.4-1;2-2/ordnung.768/(1)^4(2)^8(4)^6(12)^2/group.5760	768	52b1624add846d2504830b5f19a575af	0	78
carat/tables/qcatalog/dim6/dir.4-1;2-2/ordnung.768/(1)^4(2)^8(4)^6(12)^2/group.5761	768	615ca2d7e67b0881c11376266e664563	0	78
carat/tables/qcatalog/dim6/dir.4-1;2-2/ordnung.768/(1)^4(2)^8(4)^6(12)^2/group.5762	768	d29c35bb367370ef030248ac3050c859	0	96
carat/tables/qcatalog/dim6/dir.4-1;2-2/ordnung.768/(2)^18(6)^2/group.5763	768	3c19955fe7743c33367050c35b9c2875	0	40
carat/tables/qcatalog/dim6/dir.4-1;2-2/ordnung.864/(1)^10(3)^2(6)^8/group.5764	864	15ea98ad8e78c99ac9c9f98d323a5600	0	72
carat/tables/qcatalog/dim6/dir.4-2;2-1/ordnung.144/(1)^10(3)^6(6)^2(18)^2/group.6327	144	fbd0acc098435da9cd6477846f0d7567	0	18
carat/tables/qcatalog/dim6/dir.4-2;2-1/ordnung.144/(1)^10(3)^6(6)^2(18)^2/group.6328	144	592116a92e4fdee9fbf78a2a4c46539f	0	18
carat/tables/qcatalog/dim6/dir.4-2;2-1/ordnung.144/(1)^10(3)^6(6)^2(18)^2/group.6329	144	b715a53dfe5ffc3d239dbe354622c423	0	18
carat/tables/qcatalog/dim6/dir.4-2;2-1/ordnung.144/(1)^10(3)^6(6)^2(18)^2/group.6330	144	8abdabc0f0c9970753aa4f21ea2c88b5	0	18
carat/tables/qcatalog/dim6/dir.4-2;2-1/ordnung.144/(1)^10(3)^6(6)^2(18)^2/group.6331	144	99d4116e29d7517f33eccbab6c0b6c4d	0	18
carat/tables/qcatalog/dim6/dir.4-2;2-1/ordnung.144/(1)^10(3)^6(6)^2(18)^2/min.586	144	809746309c53eb2574fb404d6a42b1b3	0	18
carat/tables/qcatalog/dim6/dir.4-2;2-1/ordnung.144/(1)^10(3)^6(6)^2(18)^2/min.587	144	1929b00c2a311e017ced36f8017dc91f	0	18
carat/tables/qcatalog/dim6/dir.4-2;2-1/ordnung.144/(1)^10(3)^6(6)^2/group.6324	144	06486e44f18eb98544d7c6d74b48e37b	0	18
carat/tables/qcatalog/dim6/dir.4-2;2-1/ordnung.144/(1)^10(3)^6(6)^2/group.6325	144	ea6d34f9a3f54d6da8407078486266f3	0	18
carat/tables/qcatalog/dim6/dir.4-2;2-1/ordnung.144/(1)^4(3)^4(18)^2/group.6332	144	f1f3e9ad3e8d16bdf2e6dac299f86887	0	72
carat/tables/qcatalog/dim6/dir.4-2;2-1/ordnung.144/(1)^4(3)^4(18)^2/group.6333	144	a18ce2afcedc6c7d6f810823c65b60bf	0	72
carat/tables/qcatalog/dim6/dir.4-2;2-1/ordnung.144/(1)^6(3)^2(6)^2(18)^2/group.6337	144	106a9e67dd4943093a541848726b5633	0	54
carat/tables/qcatalog/dim6/dir.4-2;2-1/ordnung.144/(1)^6(3)^2(6)^2(18)^2/group.6338	144	9aed491585a230191bf6d3201426d3a3	0	54
carat/tables/qcatalog/dim6/dir.4-2;2-1/ordnung.144/(1)^6(3)^2(6)^2(18)^2/group.6339	144	72f00dbbfbf4532bc58e3a89c722d4d5	0	54
carat/tables/qcatalog/dim6/dir.4-2;2-1/ordnung.144/(1)^6(3)^2(6)^2(18)^2/group.6340	144	d1951e00e52c71b710f8cb56ecb91de9	0	54
carat/tables/qcatalog/dim6/dir.4-2;2-1/ordnung.144/(1)^6(3)^2(6)^2(18)^2/group.6341	144	2e3fdce09d88e4687dd5a976c2efe6ee	0	45
carat/tables/qcatalog/dim6/dir.4-2;2-1/ordnung.144/(1)^6(3)^2(6)^2(18)^2/group.6342	144	54f72a05f240f02848b5812367dae306	0	45
carat/tables/qcatalog/dim6/dir.4-2;2-1/ordnung.144/(1)^6(3)^2(6)^2(18)^2/group.6343	144	b617741971c4a144fa28dcbabd168272	0	45
carat/tables/qcatalog/dim6/dir.4-2;2-1/ordnung.144/(1)^6(3)^2(6)^2/group.6334	144	7e5e967ec23c6d7bd8a04c1fa3c9a9ed	0	54
carat/tables/qcatalog/dim6/dir.4-2;2-1/ordnung.144/(1)^6(3)^2(6)^2/group.6335	144	06ef63256f78e6c1d9360d4f0db99beb	0	54
carat/tables/qcatalog/dim6/dir.4-2;1;1/ordnung.288/(1)^6(3)^2(6)^2/group.6147	288	6fd9e1445cb99386838f283923707d04	1	108
carat/tables/qcatalog/dim6/dir.4-2;1;1/ordnung.288/(1)^6(3)^8(9)^2(18)^2/group.6148	288	10df7670b7ca1a96951dece64e137840	1	48
carat/tables/qcatalog/dim6/dir.4-2;1;1/ordnung.288/(1)^6(3)^8(9)^2(18)^2/group.6149	288	508eebd4f99ed30ac6bcc370e6cfd268	1	72
carat/tables/qcatalog/dim6/dir.4-2;1;1/ordnung.288/(1)^6(3)^8(9)^2(18)^2/group.6150	288	c6b5cb36614de34a3295ebb3700bddf8	1	72
carat/tables/qcatalog/dim6/dir.4-2;1;1/ordnung.288/(1)^6(3)^8(9)^2(18)^2/group.6151	288	3765d0d871df24d41b9fc4f8d60f1d4a	1	60
carat/tables/qcatalog/dim6/dir.4-2;1;1/ordnung.288/(1)^7(3)^8(9)^1(18)^2/group.6152	288	0e78db87854454ee1b955879f542fe08	1	36
carat/tables/qcatalog/dim6/dir.4-2;1;1/ordnung.288/(1)^8(3)^8(18)^2/group.6153	288	611c81ba0a456426499ebe29d07ff800	1	36
carat/tables/qcatalog/dim6/dir.4-2;1;1/ordnung.288/(1)^8(3)^8(18)^2/group.6154	288	3f7f0c11267825cee77c6cf49b047010	1	36
carat/tables/qcatalog/dim6/dir.4-2;1;1/ordnung.288/(1)^8(3)^8(18)^2/group.6155	288	188fe565120b1b0627cf301682fc5f98	1	36
carat/tables/qcatalog/dim6/dir.4-2;1;1/ordnung.288/(1)^8(3)^8(18)^2/group.6156	288	51014be13173cb7ab7bff5fd26fdb9cc	1	36
carat/tables/qcatalog/dim6/dir.4-2;1;1/ordnung.288/(1)^8(3)^8(18)^2/group.6157	288	d38fabc0580cc7aa13bd5d9dca1adb54	1	36
carat/tables/qcatalog/dim6/dir.4-2;1;1/ordnung.288/(1)^8(3)^8(18)^2/group.6158	288	6149fbe874e349eebed6a9371f569230	1	36
carat/tables/qcatalog/dim6/dir.4-2;1;1/ordnung.288/(1)^8(3)^8(18)^2/group.6159	288	e0621e1d9954a45e86c0403335008028	1	36
carat/tables/qcatalog/dim6/dir.4-2;1;1/ordnung.288/(1)^8(3)^8(18)^2/group.6160	288	febb2a9200efe77ea302c85a99aa18f0	1	36
carat/tables/qcatalog/dim6/dir.4-2;1;1/ordnung.288/(1)^8(3)^8(18)^2/group.6161	288	dff7b01afa49cfc237c980ed82443d1c	1	36
carat/tables/qcatalog/dim6/dir.4-2;1;1/ordnung.288/(1)^8(3)^8(18)^2/group.6162	288	5c9ead913a330fd6d8d1c494274b1f08	1	36
carat/tables/qcatalog/dim6/dir.4-2;1;1/ordnung.288/(1)^8(3)^8(18)^2/group.6163	288	f6d5017214f950f27a7563db7624745c	1	36
carat/tables/qcatalog/dim6/dir.4-2;1;1/ordnung.288/(1)^8(3)^8(18)^2/group.6164	288	bf84987922e5048a514814dd2df6af1c	1	36
carat/tables/qcatalog/dim6/dir.4-2;1;1/ordnung.288/(1)^8(3)^8(18)^2/group.6165	288	eb7aa01f9c51fadeec303d9b6f51d3c0	1	36
carat/tables/qcatalog/dim6/dir.4-2;1;1/ordnung.288/(1)^8(3)^8(18)^2/group.6166	288	e17edd7c1a85be263ef87846c09503c0	1	36
carat/tables/qcatalog/dim6/dir.4-2;2-1/ordnung.144/(1)^8(3)^8(18)^2/group.6363	144	6d1c577af77be57ff9f309d7ccb481a5	0	18
carat/tables/qcatalog/dim6/dir.4-2;2-1/ordnung.144/(1)^8(3)^8(18)^2/group.6364	144	6e786ae2c8e6055dc21adb79188c16e3	0	18
carat/tables/qcatalog/dim6/dir.4-2;2-1/ordnung.144/(1)^8(3)^8(18)^2/group.6365	144	54ba0fb16c82329d31f6a7bdfc1ede33	0	18
carat/tables/qcatalog/dim6/dir.4-2;2-1/ordnung.144/(1)^8(3)^8(18)^4/group.6366	144	e0ab039fd2007b75f9ede0d317b0f93b	0	18
carat/tables/qcatalog/dim6/dir.4-2;2-1/ordnung.144/(1)^8(3)^8(18)^4/group.6367	144	b7464cded1e2b3c1919f3ba50b149ebf	0	18
carat/tables/qcatalog/dim6/dir.4-2;2-1/ordnung.144/(1)^8(3)^8(18)^4/group.6368	144	4c15aef34974bb5daa2ec66f6a7c4dd7	0	24
carat/tables/qcatalog/dim6/dir.4-2;2-1/ordnung.144/(1)^8(3)^8(18)^4/group.6369	144	bc03fd9723dfc4bf06eb68ef30fb8759	0	30
carat/tables/qcatalog/dim6/dir.4-2;2-1/ordnung.144/(1)^8(3)^8(18)^4/group.6370	144	7a715538d87636c793f99c0b6cef6b01	0	30
carat/tables/qcatalog/dim6/dir.4-2;2-1/ordnung.144/(1)^8(3)^8(18)^4/group.6371	144	6f14468aef7a94a194fc2d611b78f6a3	0	30
carat/tables/qcatalog/dim6/dir.4-2;2-1/ordnung.144/(1)^8(3)^8(18)^4/group.6372	144	dba6aab9d440738dffcd765e8557860f	0	30
carat/tables/qcatalog/dim6/dir.4-2;2-1/ordnung.144/(1)^8(3)^8(18)^4/group.6373	144	72229b22966fe05976a8646bca22c103	0	30
carat/tables/qcatalog/dim6/dir.4-2;2-1/ordnung.144/(1)^8(3)^8(18)^4/group.6374	144	b3529d42c88a9ecf50280e9febc00641	0	30
carat/tables/qcatalog/dim6/dir.4-2;2-1/ordnung.144/(1)^8(3)^8(18)^4/group.6375	144	663d263e81156b132f1368f7fff9b41d	0	30
carat/tables/qcatalog/dim6/dir.4-2;2-1/ordnung.144/(1)^8(3)^8(18)^4/group.6376	144	8488b65045c198153a06516e80baa837	0	24
carat/tables/qcatalog/dim6/dir.4-2;2-1/ordnung.144/(1)^8(3)^8(18)^4/group.6377	144	6740147b0e1deb6dae7198cb3dc013ef	0	24
carat/tables/qcatalog/dim6/dir.4-2;2-1/ordnung.144/(1)^8(3)^8(18)^4/group.6378	144	049e5a8559b7ea5b1f32d9f3c6a0bcfd	0	24
carat/tables/qcatalog/dim6/dir.4-2;2-1/ordnung.144/(1)^8(3)^8(18)^4/group.6379	144	e1fa477b2d7970a879d5674bc1de257e	0	27
carat/tables/qcatalog/dim6/dir.4-2;2-1/ordnung.144/(1)^8(3)^8(18)^4/group.6380	144	6026b62d81d170311278ef5445238f43	0	24
carat/tables/qcatalog/dim6/dir.4-2;2-1/ordnung.144/(1)^8(3)^8(18)^4/group.6381	144	e30cc4ddf29bca5e86a7f925c3fd63d4	0	27
carat/tables/qcatalog/dim6/dir.4-2;2-1/ordnung.144/(1)^8(3)^8(18)^4/group.6382	144	d65e1bd5fbb5e29ce5d3e7c734bfacc2	0	27
carat/tables/qcatalog/dim6/dir.4-2;2-1/ordnung.144/(1)^6(3)^2(6)^2/group.6336	144	adada5d4c938958b263b32ae1d6c1945	0	54
carat/tables/qcatalog/dim6/dir.4-2;2-1/ordnung.144/(1)^6(3)^8(9)^2(18)^2/group.6344	144	4d5342a1a6353a8bb3c429f24351ad49	0	24
carat/tables/qcatalog/dim6/dir.4-2;2-1/ordnung.144/(1)^6(3)^8(9)^2(18)^2/group.6345	144	1ec5f70b3ac4bcaba820ac7c885093a5	0	36
carat/tables/qcatalog/dim6/dir.4-2;2-1/ordnung.144/(1)^6(3)^8(9)^2(18)^2/group.6346	144	d648798a113f90d34cd59f21b4c918ad	0	36
carat/tables/qcatalog/dim6/dir.4-2;2-1/ordnung.144/(1)^6(3)^8(9)^2(18)^2/group.6347	144	fd29137bc5bf59f361649c58337a5bd1	0	24
carat/tables/qcatalog/dim6/dir.4-2;2-1/ordnung.144/(1)^6(3)^8(9)^2(18)^2/group.6348	144	af314b1d5b85d1c7bb78b88a9b7f5d45	0	24
carat/tables/qcatalog/dim6/dir.4-2;2-1/ordnung.144/(1)^6(3)^8(9)^2(18)^2/group.6349	144	412f08225b2f43aba066385a44cef8f1	0	18
carat/tables/qcatalog/dim6/dir.4-2;2-1/ordnung.144/(1)^6(3)^8(9)^2(18)^2/group.6350	144	a75c50057a3b0e79860824f424dcb3cb	0	30
carat/tables/qcatalog/dim6/dir.4-2;2-1/ordnung.144/(1)^6(3)^8(9)^2(18)^2/group.6351	144	b9fae4d0a981cae56cb96cde4833669f	0	30
carat/tables/qcatalog/dim6/dir.4-2;2-1/ordnung.144/(1)^6(3)^8(9)^2(18)^2/group.6352	144	54ddbec6f38d3c079620a193f6694151	0	30
carat/tables/qcatalog/dim6/dir.4-2;2-1/ordnung.144/(1)^6(3)^8(9)^2(18)^2/group.6353	144	dfee9a8646189667372d187a83483771	0	36
carat/tables/qcatalog/dim6/dir.4-2;2-1/ordnung.144/(1)^6(3)^8(9)^2(18)^2/group.6354	144	908ac651cdabbfb7773c04ee6f891301	0	36
carat/tables/qcatalog/dim6/dir.4-2;2-1/ordnung.144/(1)^6(3)^8(9)^2(18)^2/group.6355	144	ff14154534cf055bdffd4a89e5993d8d	0	36
carat/tables/qcatalog/dim6/dir.4-2;2-1/ordnung.144/(1)^6(3)^8(9)^2(18)^2/group.6356	144	68fecabcf531f017012c2f006d3fdb99	0	36
carat/tables/qcatalog/dim6/dir.4-2;2-1/ordnung.144/(1)^6(3)^8(9)^2(18)^4/group.6357	144	99bd37b5e5cc8395af87001817e0004b	0	18
carat/tables/qcatalog/dim6/dir.4-2;2-1/ordnung.144/(1)^6(3)^8(9)^2(18)^4/group.6358	144	f8541a1aea0f1f5bddc0fe40b8cd6839	0	18
carat/tables/qcatalog/dim6/dir.4-2;2-1/ordnung.144/(1)^8(3)^8(18)^2/group.6359	144	58566c2d903eb3ff55cd091f024fdeb5	0	18
carat/tables/qcatalog/dim6/dir.4-2;2-1/ordnung.144/(1)^8(3)^8(18)^2/group.6360	144	0fb80423622c0a6bd6ec437b2ff8aef1	0	18
carat/tables/qcatalog/dim6/dir.4-2;2-1/ordnung.144/(1)^8(3)^8(18)^2/group.6361	144	41947942a5e0a721438c516a8a9bdfb7	0	18
carat/tables/qcatalog/dim6/dir.4-2;2-1/ordnung.144/(1)^8(3)^8(18)^2/group.6362	144	99d92ce7e32e42ddfc627b7d52998ce3	0	18
carat/tables/qcatalog/dim6/dir.4-2;1;1/ordnung.576/(1)^10(3)^6(6)^2/group.6226	576	071cf0a73281d7ae317c038e014a4de8	1	96
carat/tables/qcatalog/dim6/dir.4-2;1;1/ordnung.576/(1)^10(3)^6(6)^2/group.6227	576	7155b97e524b63a0fd9da35894a6bfa6	1	54
carat/tables/qcatalog/dim6/dir.4-2;1;1/ordnung.576/(1)^10(3)^6(6)^2/group.6228	576	51d8a265ba46041cf64e5790a988477a	1	54
carat/tables/qcatalog/dim6/dir.4-2;1;1/ordnung.576/(1)^10(3)^6(6)^2/group.6229	576	dddd5c131834bccade5568b06986f8e8	1	54
carat/tables/qcatalog/dim6/dir.4-2;1;1/ordnung.576/(1)^10(3)^6(6)^2/group.6230	576	bfa93b8722871d72d244f587c25d1cc8	1	54
carat/tables/qcatalog/dim6/dir.4-2;1;1/ordnung.576/(1)^10(3)^6(6)^2/group.6231	576	3a91033b1f7435066384d89a65cc269c	1	54
carat/tables/qcatalog/dim6/dir.4-2;1;1/ordnung.576/(1)^10(3)^6(6)^2/group.6232	576	b7fdcdf51b9e8a96c1a10ccf5f672d7c	1	54
carat/tables/qcatalog/dim6/dir.4-2;1;1/ordnung.576/(1)^10(3)^6(6)^2/group.6233	576	9ab460f003f4ec82fc0e9a8ed59d2860	1	54
carat/tables/qcatalog/dim6/dir.4-2;1;1/ordnung.576/(1)^10(3)^6(6)^2/group.6234	576	7b5824e6b378b78eecdb25552b6fe65c	1	54
carat/tables/qcatalog/dim6/dir.4-2;1;1/ordnung.576/(1)^8(3)^8(18)^2/group.6235	576	8448ca323f6e1b9e96f6e5f661c4852c	1	72
carat/tables/qcatalog/dim6/dir.4-2;1;1/ordnung.576/(1)^8(3)^8(18)^2/group.6236	576	6894d63730561f1e6ec58937f2815e24	1	72
carat/tables/qcatalog/dim6/dir.4-2;1;1/ordnung.72/(1)^2(3)^6(18)^2/group.6237	72	61a110c8fa04b7b9fa04a7d8076849d7	1	36
carat/tables/qcatalog/dim6/dir.4-2;1;1/ordnung.72/(1)^4(3)^4(18)^2/group.6238	72	ff35f9f2ca1e7f25c970fd14b75b2353	1	36
carat/tables/qcatalog/dim6/dir.4-2;1;1/ordnung.72/(1)^4(3)^4(18)^2/group.6239	72	3e53f231cec1afd5a553c11b680c0a33	1	36
carat/tables/qcatalog/dim6/dir.4-2;1;1/ordnung.72/(1)^4(3)^4(18)^2/group.6240	72	14fab0df5e94e979dbd66508316ae817	1	36
carat/tables/qcatalog/dim6/dir.4-2;1;1/ordnung.72/(1)^4(3)^4(18)^2/group.6241	72	5fbefbde194b776560317186d577d50b	1	36
carat/tables/qcatalog/dim6/dir.4-2;1;1/ordnung.72/(1)^4(3)^4(18)^2/group.6242	72	4069ea802e27477580fbc50a037de113	1	36
carat/tables/qcatalog/dim6/dir.4-2;1;1/ordnung.72/(1)^4(3)^4(18)^2/group.6243	72	9394d1f557243eadb1e6f9cb2d5816bb	1	36
carat/tables/qcatalog/dim6/dir.4-2;1;1/ordnung.72/(1)^4(3)^4(18)^2/group.6244	72	033cc6ce8bf2e845f9c84ee4af921ce3	1	36
carat/tables/qcatalog/dim6/dir.4-2;1;1/ordnung.72/(1)^4(3)^4(18)^2/group.6245	72	806b5ad8be0e9ee9ac1add55f954fb47	1	36
carat/tables/qcatalog/dim6/dir.4-2;2-1/ordnung.288/(1)^8(6)^4/group.6497	288	0ae3aae6dfc7673e4ce53599238373dc	0	72
carat/tables/qcatalog/dim6/dir.4-2;2-1/ordnung.288/(1)^8(6)^4/group.6498	288	18bdc3486eb61bf9211e911f34a5fecb	0	72
carat/tables/qcatalog/dim6/dir.4-2;2-1/ordnung.288/(1)^8(6)^4/group.6499	288	db99292a9690c0bcdcdee47210efcd9a	0	72
carat/tables/qcatalog/dim6/dir.4-2;2-1/ordnung.288/(1)^8(6)^4/group.6500	288	e39bf81c7fabfb044774ba8670f7b4ea	0	72
carat/tables/qcatalog/dim6/dir.4-2;2-1/ordnung.288/(1)^8(6)^4/group.6501	288	c8c145ec95f262084fdfa49e3fb18bae	0	90
carat/tables/qcatalog/dim6/dir.4-2;2-1/ordnung.36/(1)^4(3)^4(18)^2/min.593	36	f42fffe801f5fc9938b1dbe1ea3fa087	0	18
carat/tables/qcatalog/dim6/dir.4-2;2-1/ordnung.36/(1)^4(3)^8(9)^4(18)^2/min.594	36	c3e4fe0f55a06f296d43c45988ebc633	0	6
carat/tables/qcatalog/dim6/dir.4-2;2-1/ordnung.36/(3)^8(18)^2/group.6502	36	1e5fc21f2e6109259fea73069e8a2af3	0	18
carat/tables/qcatalog/dim6/dir.4-2;2-1/ordnung.384/(2)^12(6)^8/group.6503	384	974ecbbfd76eb75f1809dab3ef4c1771	0	75
carat/tables/qcatalog/dim6/dir.4-2;2-1/ordnung.48/(2)^4(6)^2/group.6504	48	b88ce841560ef5743d9af9b51ac53eea	0	24
carat/tables/qcatalog/dim6/dir.4-2;2-1/ordnung.48/(2)^6(6)^2/group.6505	48	c23382a63e2cd458b9309efcfd0cc0ae	0	18
carat/tables/qcatalog/dim6/dir.4-2;2-1/ordnung.48/(2)^6(6)^2/min.595	48	bcb9304a7baeb8a6260e2e05add1c8d4	0	18
carat/tables/qcatalog/dim6/dir.4-2;2-1/ordnung.48/(2)^6(6)^4/group.6506	48	36fcf3450e71da3a50631cc76aa907c0	0	18
carat/tables/qcatalog/dim6/dir.4-2;2-1/ordnung.48/(2)^6(6)^4/group.6507	48	0a2292ab9f15b902a9bf3cece7556ff0	0	18
carat/tables/qcatalog/dim6/dir.4-2;2-1/ordnung.48/(2)^6(6)^4/group.6508	48	9e60aeba4d5d4c2ccd1d3cad3ceae98a	0	24
carat/tables/qcatalog/dim6/dir.4-2;2-1/ordnung.48/(2)^6(6)^4/group.6509	48	f1569ce7a227bec8ebfa7b9bd3cd6656	0	24
carat/tables/qcatalog/dim6/dir.4-2;2-1/ordnung.48/(2)^6(6)^4/min.596	48	8590b2d9e8452ec4c5f1f859c5d5cf8a	0	18
carat/tables/qcatalog/dim6/dir.4-2;2-1/ordnung.48/(2)^6(6)^4/min.597	48	2d4865ed7c33e7acf31b1e244cfa3082	0	24
carat/tables/qcatalog/dim6/dir.4-2;2-1/ordnung.48/(2)^6(6)^4/min.598	48	e877159407f43392b7ac285b6ddf6c14	0	30
carat/tables/qcatalog/dim6/dir.4-2;2-1/ordnung.48/(2)^6(6)^4/min.599	48	dabfea13c263fda4553d4d1486d7ec3e	0	30
carat/tables/qcatalog/dim6/dir.4-2;2-1/ordnung.288/(1)^10(3)^6(6)^2(18)^2/group.6426	288	82901582a0858dbce357f1992827d71a	0	24
carat/tables/qcatalog/dim6/dir.4-2;2-1/ordnung.288/(1)^10(3)^6(6)^2(18)^2/group.6427	288	b6548fca81bf1f5dc9d7cb93fb16f8e3	0	27
carat/tables/qcatalog/dim6/dir.4-2;2-1/ordnung.288/(1)^10(3)^6(6)^2(18)^2/group.6428	288	2bb7501eddc33e9930a5300f857126af	0	27
carat/tables/qcatalog/dim6/dir.4-2;2-1/ordnung.288/(1)^10(3)^6(6)^2(18)^2/group.6429	288	3e7bbb76f93de52f5ae0f074c36d1c49	0	27
carat/tables/qcatalog/dim6/dir.4-2;2-1/ordnung.288/(1)^10(3)^6(6)^2(18)^2/group.6430	288	1c80e0e92193578bfb49015ae2022fed	0	27
carat/tables/qcatalog/dim6/dir.4-2;2-1/ordnung.288/(1)^10(3)^6(6)^2(18)^2/group.6431	288	a11b2cea24049e180bc62a831f4b623e	0	24
carat/tables/qcatalog/dim6/dir.4-2;2-1/ordnung.288/(1)^10(3)^6(6)^2(18)^2/group.6432	288	a6ac3986f741bc6461e7daf8c8a3c9f2	0	24
carat/tables/qcatalog/dim6/dir.4-2;2-1/ordnung.288/(1)^10(3)^6(6)^2(18)^2/group.6433	288	cc8ca824788d29cb7e0c8104d4e6f3c1	0	27
carat/tables/qcatalog/dim6/dir.4-2;2-1/ordnung.288/(1)^10(3)^6(6)^2(18)^2/group.6434	288	1e696ca1a999cb2fbd3f996575849d9d	0	27
carat/tables/qcatalog/dim6/dir.4-2;2-1/ordnung.288/(1)^10(3)^6(6)^2(18)^2/group.6435	288	d65483344038dde5ac1554426456b4d7	0	27
carat/tables/qcatalog/dim6/dir.4-2;2-1/ordnung.288/(1)^10(3)^6(6)^2(18)^2/group.6436	288	2f0b64929d19eaad7b51179deed5672f	0	27
carat/tables/qcatalog/dim6/dir.4-2;2-1/ordnung.288/(1)^10(3)^6(6)^2(18)^2/group.6437	288	900de37fd7daa5e0ada68df2f786f71e	0	24
carat/tables/qcatalog/dim6/dir.4-2;2-1/ordnung.288/(1)^10(3)^6(6)^2(18)^2/group.6438	288	726bb4ae63cfd7a4745e5e39c424cbea	0	24
carat/tables/qcatalog/dim6/dir.4-2;2-1/ordnung.288/(1)^10(3)^6(6)^2(18)^2/min.591	288	58d689183632d9e681c0da3631826d78	0	36
carat/tables/qcatalog/dim6/dir.4-2;2-1/ordnung.288/(1)^10(3)^6(6)^2/group.6405	288	a01788ca912183bae30c28433b0b6a70	0	48
carat/tables/qcatalog/dim6/dir.4-2;2-1/ordnung.288/(1)^10(3)^6(6)^2/group.6406	288	faf8aea4d3a144a217f370d45b029b30	0	48
carat/tables/qcatalog/dim6/dir.4-2;2-1/ordnung.288/(1)^10(3)^6(6)^2/group.6407	288	fcd73963c8a5832a6429f7a26edd9b24	0	36
carat/tables/qcatalog/dim6/dir.4-2;2-1/ordnung.288/(1)^10(3)^6(6)^2/group.6408	288	b66f9e032563e11eb0933e0dbedabfbc	0	48
carat/tables/qcatalog/dim6/dir.4-2;2-1/ordnung.288/(1)^10(3)^6(6)^2/group.6409	288	f26a8543fa95f2f27d689f6e859099b4	0	36
carat/tables/qcatalog/dim6/dir.4-2;2-1/ordnung.288/(1)^10(3)^6(6)^2/group.6410	288	fd7d669f5440adac7f60e5c41b88d0a2	0	48
carat/tables/qcatalog/dim6/dir.4-2;2-1/ordnung.144/(1)^8(3)^8(18)^4/group.6383	144	e0b74a3539f43ac2216908182b777e48	0	27
carat/tables/qcatalog/dim6/dir.4-2;2-1/ordnung.144/(1)^8(3)^8(18)^4/group.6384	144	ca16e6387c683c0ba8150a14977df469	0	18
carat/tables/qcatalog/dim6/dir.4-2;2-1/ordnung.144/(1)^8(3)^8(18)^4/min.588	144	ce4b59e405733859cc6263bc41287697	0	18
carat/tables/qcatalog/dim6/dir.4-2;2-1/ordnung.144/(1)^8(3)^8(18)^4/min.589	144	dcf4a4269ec2801b10520888debd6029	0	18
carat/tables/qcatalog/dim6/dir.4-2;2-1/ordnung.144/(1)^8(6)^4/group.6385	144	0f8065e9fd6074fbb496a50437942ad5	0	54
carat/tables/qcatalog/dim6/dir.4-2;2-1/ordnung.144/(1)^8(6)^4/group.6386	144	f77319fd62e94def15905910e58fce19	0	54
carat/tables/qcatalog/dim6/dir.4-2;2-1/ordnung.144/(1)^8(6)^4/group.6387	144	ccd7069ebc2e02771d53038e475e6099	0	54
carat/tables/qcatalog/dim6/dir.4-2;2-1/ordnung.192/(2)^10(6)^8/group.6388	192	11b505bc1933838612057064cca1f054	0	60
carat/tables/qcatalog/dim6/dir.4-2;2-1/ordnung.192/(2)^12(6)^8/group.6389	192	df2fa337dad520a834fa065fbe6f0c6e	0	42
carat/tables/qcatalog/dim6/dir.4-2;2-1/ordnung.192/(2)^12(6)^8/group.6390	192	89bac91d576f0499f927a2e70905f36b	0	42
carat/tables/qcatalog/dim6/dir.4-2;2-1/ordnung.192/(2)^12(6)^8/group.6391	192	cde444e765f07c82dc94a46ff2056a20	0	39
carat/tables/qcatalog/dim6/dir.4-2;2-1/ordnung.192/(2)^12(6)^8/group.6392	192	9a4c4702e0fa912f379b0079f02633e9	0	39
carat/tables/qcatalog/dim6/dir.4-2;2-1/ordnung.192/(2)^12(6)^8/group.6393	192	68ad590c797b3381eb2a8b267ca783a3	0	45
carat/tables/qcatalog/dim6/dir.4-2;2-1/ordnung.192/(2)^12(6)^8/group.6394	192	5e57b3b16fbf38329d6acb192beb04c0	0	42
carat/tables/qcatalog/dim6/dir.4-2;2-1/ordnung.192/(2)^12(6)^8/group.6395	192	e359876051faf1e2e56ea62fc4a61480	0	42
carat/tables/qcatalog/dim6/dir.4-2;2-1/ordnung.192/(2)^12(6)^8/group.6396	192	a96c7be87639c3690d1da5cff50a27d3	0	39
carat/tables/qcatalog/dim6/dir.4-2;2-1/ordnung.192/(2)^12(6)^8/group.6397	192	7301227b79137215abce7ba603f092c7	0	39
carat/tables/qcatalog/dim6/dir.4-2;2-1/ordnung.192/(2)^12(6)^8/group.6398	192	fbae5edc6ec53b4bc3638958b64d64fd	0	45
carat/tables/qcatalog/dim6/dir.4-2;2-1/ordnung.192/(2)^8(6)^4/group.6399	192	33d1da5fd301f5ef9858d108fc5552d1	0	45
carat/tables/qcatalog/dim6/dir.4-2;2-1/ordnung.192/(2)^8(6)^4/group.6400	192	6f38c43fea026bcd45c7ca528526d4d3	0	75
carat/tables/qcatalog/dim6/dir.4-2;2-1/ordnung.288/(1)^10(3)^6(6)^2/group.6411	288	ef5aa47a16e9f6404f3372527f964dfe	0	48
carat/tables/qcatalog/dim6/dir.4-2;2-1/ordnung.288/(1)^12(3)^4(6)^4/group.6439	288	118d53e2f3a9ba16d080ff54d2b36f5c	0	48
carat/tables/qcatalog/dim6/dir.4-2;2-1/ordnung.288/(1)^12(3)^4(6)^4/group.6440	288	5a2d7b274ef68d862c41f3b335aa3184	0	48
carat/tables/qcatalog/dim6/dir.4-2;2-1/ordnung.288/(1)^12(3)^4(6)^4/group.6441	288	7aebfbdb70eb119ab2b74cc9c7ef20bc	0	36
carat/tables/qcatalog/dim6/dir.4-2;2-1/ordnung.288/(1)^12(3)^4(6)^4/group.6442	288	f126f23303cdf52250baf4eeb0d20fb0	0	48
carat/tables/qcatalog/dim6/dir.4-2;2-1/ordnung.288/(1)^12(3)^4(6)^4/group.6443	288	87ab9941596fec47c8c597bbbcab2b89	0	42
carat/tables/qcatalog/dim6/dir.4-2;2-1/ordnung.288/(1)^12(3)^4(6)^4/group.6444	288	214834ac6ee32b344eedc13dd5327bda	0	42
carat/tables/qcatalog/dim6/dir.4-2;2-1/ordnung.288/(1)^12(3)^4(6)^4/group.6445	288	bd9507c7cb7fcafc94d4badea5655292	0	42
carat/tables/qcatalog/dim6/dir.4-2;2-1/ordnung.288/(1)^12(3)^4(6)^4/group.6446	288	926bac5b25bbaa9480e2f1c0bc2da95a	0	42
carat/tables/qcatalog/dim6/dir.4-2;2-1/ordnung.288/(1)^12(3)^4(6)^4/group.6447	288	3f23661c9eb8f2155d5cdc5992c86957	0	42
carat/tables/qcatalog/dim6/dir.4-2;2-1/ordnung.288/(1)^12(3)^4(6)^4/group.6448	288	2d969eb1a71577d43361c72eb1ffa072	0	42
carat/tables/qcatalog/dim6/dir.4-2;2-1/ordnung.288/(1)^12(3)^4(6)^4/group.6449	288	b9cff9855bb4bc6d446bab05a6262ecf	0	42
carat/tables/qcatalog/dim6/dir.4-2;2-1/ordnung.288/(1)^12(3)^4(6)^4/group.6450	288	bf018c956c331ed01c97594f4eac6626	0	42
carat/tables/qcatalog/dim6/dir.4-2;2-1/ordnung.288/(1)^12(3)^4(6)^4/group.6451	288	f4c0a6d4dcaca3025951b26a768dbab0	0	42
carat/tables/qcatalog/dim6/dir.4-2;2-1/ordnung.288/(1)^12(3)^4(6)^4/group.6452	288	8a1a64d5b61e63c1b6db0a4db37566c3	0	42
carat/tables/qcatalog/dim6/dir.4-2;2-1/ordnung.288/(1)^12(3)^4(6)^4/group.6453	288	97690964788313147a4fb38c36752462	0	27
carat/tables/qcatalog/dim6/dir.4-2;2-1/ordnung.288/(1)^12(3)^4(6)^4/group.6454	288	4fcc2997bcf19f1e06ed1b556dba5354	0	27
carat/tables/qcatalog/dim6/dir.4-2;2-1/ordnung.288/(1)^12(3)^4(6)^4/group.6455	288	754063635ec582139601ac0dbcc7756d	0	27
carat/tables/qcatalog/dim6/dir.4-2;2-1/ordnung.288/(1)^12(3)^4(6)^4/min.592	288	8d3ca17e35c8b592c3f6584bcf8b5d3c	0	36
carat/tables/qcatalog/dim6/dir.4-2;2-1/ordnung.288/(1)^6(3)^2(6)^2(18)^2/group.6457	288	822db2387558a364b81ebf0b26a54dea	0	90
carat/tables/qcatalog/dim6/dir.4-2;2-1/ordnung.288/(1)^8(3)^8(18)^4/group.6477	288	0c807ada2d2e2c5663b043b5cf40cecc	0	48
carat/tables/qcatalog/dim6/dir.4-2;2-1/ordnung.288/(1)^8(3)^8(18)^4/group.6478	288	9b3c9c23124412a098284984a289fcc2	0	36
carat/tables/qcatalog/dim6/dir.4-2;2-1/ordnung.288/(1)^8(3)^8(18)^4/group.6479	288	633d7779ccfdb1dbaa7ada732080bb3d	0	45
carat/tables/qcatalog/dim6/dir.4-2;2-1/ordnung.288/(1)^8(3)^8(18)^4/group.6480	288	b41943522a986b32bdda05a74c7dd788	0	54
carat/tables/qcatalog/dim6/dir.4-2;2-1/ordnung.288/(1)^8(3)^8(18)^4/group.6481	288	6b04293b3c8034b2751050509cd9b780	0	54
carat/tables/qcatalog/dim6/dir.4-2;2-1/ordnung.288/(1)^8(3)^8(18)^4/group.6482	288	99ee88c6aef63bd5af99b21ea3c1247f	0	42
carat/tables/qcatalog/dim6/dir.4-2;2-1/ordnung.288/(1)^8(3)^8(18)^4/group.6483	288	584d82eea4cb552378ca27719bde245d	0	45
carat/tables/qcatalog/dim6/dir.4-2;2-1/ordnung.288/(1)^8(3)^8(18)^4/group.6484	288	9b8c7b38f98611261055efcec32c79ac	0	30
carat/tables/qcatalog/dim6/dir.4-2;2-1/ordnung.288/(1)^8(3)^8(18)^4/group.6485	288	49094592297117203b7205e6b28b035e	0	30
carat/tables/qcatalog/dim6/dir.4-2;2-1/ordnung.288/(1)^8(3)^8(18)^4/group.6486	288	7ee805b6bdabfd06f876ef0edece16c4	0	48
carat/tables/qcatalog/dim6/dir.4-2;2-1/ordnung.288/(1)^8(3)^8(18)^4/group.6487	288	e53535ebfee1428db852274289bd2ef7	0	48
carat/tables/qcatalog/dim6/dir.4-2;2-1/ordnung.288/(1)^8(3)^8(18)^4/group.6488	288	e1975f969c46b3fe78d4943d9724c374	0	30
carat/tables/qcatalog/dim6/dir.4-2;2-1/ordnung.288/(1)^8(3)^8(18)^4/group.6489	288	6aee2ae211fabec2c2d542cde7f9d838	0	42
carat/tables/qcatalog/dim6/dir.4-2;2-1/ordnung.288/(1)^8(3)^8(18)^4/group.6490	288	a1a5d4f4a5bdcb36e95a342deb4efe04	0	48
carat/tables/qcatalog/dim6/dir.4-2;2-1/ordnung.288/(1)^8(3)^8(18)^4/group.6491	288	acd1717a9b6515fba34e40772f555e95	0	45
carat/tables/qcatalog/dim6/dir.4-2;2-1/ordnung.288/(1)^8(3)^8(18)^4/group.6492	288	9d2bfb54f82032ceefe5a86d2df2cd74	0	48
carat/tables/qcatalog/dim6/dir.4-2;2-1/ordnung.288/(1)^8(3)^8(18)^4/group.6493	288	f198d17425174852a768616f8c8d2970	0	54
carat/tables/qcatalog/dim6/dir.4-2;2-1/ordnung.288/(1)^8(3)^8(18)^4/group.6494	288	1fe85d43bc43d38869f0853882a185ee	0	54
carat/tables/qcatalog/dim6/dir.4-2;2-1/ordnung.288/(1)^8(3)^8(18)^4/group.6495	288	281aae4bfc2fa20b81037de621c05c45	0	27
carat/tables/qcatalog/dim6/dir.4-2;2-1/ordnung.288/(1)^8(6)^4/group.6496	288	6c97961904eb274bcdd4739eb028137d	0	90
carat/tables/qcatalog/dim6/dir.4-2;2-1/ordnung.288/(1)^6(3)^2(6)^2(18)^2/group.6458	288	d7f12731b62cc9f6ccfb37435c3492bc	0	90
carat/tables/qcatalog/dim6/dir.4-2;2-1/ordnung.288/(1)^6(3)^2(6)^2/group.6456	288	94a62b54318c3b62ebf8ca218d67b308	0	108
carat/tables/qcatalog/dim6/dir.4-2;2-1/ordnung.288/(1)^6(3)^8(9)^2(18)^2/group.6459	288	172d977efa7e4f6e1f2e09a038e0c72c	0	72
carat/tables/qcatalog/dim6/dir.4-2;2-1/ordnung.288/(1)^6(3)^8(9)^2(18)^2/group.6460	288	a38623625c9012ea30ba9dae41fb151c	0	48
carat/tables/qcatalog/dim6/dir.4-2;2-1/ordnung.288/(1)^6(3)^8(9)^2(18)^2/group.6461	288	efa474124763b8ce4233b237ac86a0dc	0	72
carat/tables/qcatalog/dim6/dir.4-2;2-1/ordnung.288/(1)^6(3)^8(9)^2(18)^2/group.6462	288	ba613f85bc2b9f5c4bd5c65ebd37a1ca	0	60
carat/tables/qcatalog/dim6/dir.4-2;2-1/ordnung.288/(1)^8(3)^8(18)^2/group.6463	288	5aa161e68e9a31eea486548c48005a98	0	36
carat/tables/qcatalog/dim6/dir.4-2;2-1/ordnung.288/(1)^8(3)^8(18)^2/group.6464	288	5ca65e43d171da521e339ff2af2c54bc	0	36
carat/tables/qcatalog/dim6/dir.4-2;2-1/ordnung.288/(1)^8(3)^8(18)^2/group.6465	288	a313a17b18026786791cc8a16d4ae958	0	36
carat/tables/qcatalog/dim6/dir.4-2;2-1/ordnung.288/(1)^8(3)^8(18)^2/group.6466	288	6ac653a99415d52a911990107a3e500c	0	36
carat/tables/qcatalog/dim6/dir.4-2;2-1/ordnung.288/(1)^8(3)^8(18)^2/group.6467	288	0fc0aa63ad5ed94666937fda3cf3b050	0	36
carat/tables/qcatalog/dim6/dir.4-2;2-1/ordnung.288/(1)^8(3)^8(18)^2/group.6468	288	5ca1a7d0157a29266b012292cb967be8	0	36
carat/tables/qcatalog/dim6/dir.4-2;2-1/ordnung.288/(1)^8(3)^8(18)^2/group.6469	288	6c1f28fa170d143c1764615d3a679356	0	36
carat/tables/qcatalog/dim6/dir.4-2;2-1/ordnung.288/(1)^8(3)^8(18)^2/group.6470	288	0ef4584eda6ec3780dc292af1d2356c2	0	36
carat/tables/qcatalog/dim6/dir.4-2;2-1/ordnung.288/(1)^8(3)^8(18)^2/group.6471	288	031db5b8cb6ddc84ec4fabbb1406766e	0	36
carat/tables/qcatalog/dim6/dir.4-2;2-1/ordnung.288/(1)^8(3)^8(18)^2/group.6472	288	e54523d8c3769638f43836ef6ec15bb2	0	36
carat/tables/qcatalog/dim6/dir.4-2;2-1/ordnung.288/(1)^8(3)^8(18)^4/group.6473	288	5c55acb5aadf611c4beee13343adbefa	0	48
carat/tables/qcatalog/dim6/dir.4-2;2-1/ordnung.288/(1)^8(3)^8(18)^4/group.6474	288	a4de8036ac0e132c362461be1c8ccb7a	0	48
carat/tables/qcatalog/dim6/dir.4-2;2-1/ordnung.288/(1)^8(3)^8(18)^4/group.6475	288	83831e8f8d702906f57844def5801240	0	36
carat/tables/qcatalog/dim6/dir.4-2;2-1/ordnung.288/(1)^8(3)^8(18)^4/group.6476	288	faad94ffe6d4036adccc46441166f0e0	0	48
carat/tables/qcatalog/dim6/dir.4-2;2-1/ordnung.192/(2)^8(6)^4/group.6401	192	e44a031ecc52c89c9537e37f57837522	0	60
carat/tables/qcatalog/dim6/dir.4-2;2-1/ordnung.2304/(1)^12(3)^4(6)^4/max.18	2304	fab8b1fa5ff29b596918eb0040a14d6f	0	135
carat/tables/qcatalog/dim6/dir.4-2;2-1/ordnung.24/(2)^4(6)^2/group.6402	24	5a9e0a1b59d2a57e1039c337302cf948	0	12
carat/tables/qcatalog/dim6/dir.4-2;2-1/ordnung.24/(2)^4(6)^4(18)^2/group.6403	24	51d3e102ae442ba0e5cfe2be6f65380a	0	12
carat/tables/qcatalog/dim6/dir.4-2;2-1/ordnung.24/(6)^12/group.6404	24	a3c62104e60a61fb53c0334586eba969	0	9
carat/tables/qcatalog/dim6/dir.4-2;2-1/ordnung.24/(6)^12/min.590	24	2dd3ee54226bb249d02f2e6cc35949d3	0	15
carat/tables/qcatalog/dim6/dir.4-2;2-1/ordnung.288/(1)^10(3)^6(6)^2(18)^2/group.6412	288	f160ef8a65316a968350cad6ca4db4e8	0	36
carat/tables/qcatalog/dim6/dir.4-2;2-1/ordnung.288/(1)^10(3)^6(6)^2(18)^2/group.6413	288	35d768d3039afc1e42c72e2dc4882c50	0	36
carat/tables/qcatalog/dim6/dir.4-2;2-1/ordnung.288/(1)^10(3)^6(6)^2(18)^2/group.6414	288	3fde3c6acdd1c34e3c41cbba18eb49f0	0	36
carat/tables/qcatalog/dim6/dir.4-2;2-1/ordnung.288/(1)^10(3)^6(6)^2(18)^2/group.6415	288	9e47bcf25dfa7d922cf8130debc39f74	0	36
carat/tables/qcatalog/dim6/dir.4-2;2-1/ordnung.288/(1)^10(3)^6(6)^2(18)^2/group.6416	288	c63b7183b471a4f6d777f11d7eb039d8	0	36
carat/tables/qcatalog/dim6/dir.4-2;2-1/ordnung.288/(1)^10(3)^6(6)^2(18)^2/group.6417	288	0bbc2bde46798197233c60e2248c4f65	0	27
carat/tables/qcatalog/dim6/dir.4-2;2-1/ordnung.288/(1)^10(3)^6(6)^2(18)^2/group.6418	288	f013a09a7c769fdd3d54ec6d64cc5e8f	0	27
carat/tables/qcatalog/dim6/dir.4-2;2-1/ordnung.288/(1)^10(3)^6(6)^2(18)^2/group.6419	288	36c984e679efb325e8704626ce454ac7	0	27
carat/tables/qcatalog/dim6/dir.4-2;2-1/ordnung.288/(1)^10(3)^6(6)^2(18)^2/group.6420	288	844720be80b76a6743157455b91542d5	0	27
carat/tables/qcatalog/dim6/dir.4-2;2-1/ordnung.288/(1)^10(3)^6(6)^2(18)^2/group.6421	288	95527f605e6ba92a5f71967dabb35568	0	24
carat/tables/qcatalog/dim6/dir.4-2;2-1/ordnung.288/(1)^10(3)^6(6)^2(18)^2/group.6422	288	45d087a2364a81adbf6c7572cc05feeb	0	27
carat/tables/qcatalog/dim6/dir.4-2;2-1/ordnung.288/(1)^10(3)^6(6)^2(18)^2/group.6423	288	aea40c46096247538726d5642495c5fd	0	27
carat/tables/qcatalog/dim6/dir.4-2;2-1/ordnung.288/(1)^10(3)^6(6)^2(18)^2/group.6424	288	54e16906c642b5e3b60924567489406d	0	27
carat/tables/qcatalog/dim6/dir.4-2;2-1/ordnung.288/(1)^10(3)^6(6)^2(18)^2/group.6425	288	55db72e0945d840c9515d7fe8d59f952	0	24
carat/tables/qcatalog/dim6/dir.4-2;2-1/ordnung.72/(1)^6(3)^8(9)^2(18)^2/group.6583	72	e62a2df03bb6a40704178749810286b5	0	18
carat/tables/qcatalog/dim6/dir.4-2;2-1/ordnung.72/(1)^6(3)^8(9)^2(18)^2/group.6584	72	0bc5b724296b4c234ba9085b4912e021	0	18
carat/tables/qcatalog/dim6/dir.4-2;2-1/ordnung.72/(1)^6(3)^8(9)^2(18)^4/group.6585	72	ee2bd8355cc099f86291d02177feb3ce	0	9
carat/tables/qcatalog/dim6/dir.4-2;2-1/ordnung.72/(1)^6(3)^8(9)^2(18)^4/group.6586	72	fcace3799f7f5ee049fbdbb0f97ff8ae	0	9
carat/tables/qcatalog/dim6/dir.4-2;2-1/ordnung.72/(1)^8(3)^8(18)^4/group.6587	72	30f06dfb4da29ffd5147ca7c02d9e30b	0	15
carat/tables/qcatalog/dim6/dir.4-2;2-1/ordnung.72/(1)^8(3)^8(18)^4/min.607	72	b8bc0872c090d0d301b2b7e82753bb99	0	15
carat/tables/qcatalog/dim6/dir.4-2;2-1/ordnung.72/(3)^16(18)^4/group.6588	72	e685740c686aac823a3a13643350cb6c	0	15
carat/tables/qcatalog/dim6/dir.4-2;2-1/ordnung.72/(3)^8(6)^4/group.6589	72	f0b732d8cff4ba482ace6ddcb5eb99ea	0	27
carat/tables/qcatalog/dim6/dir.4-2;2-1/ordnung.96/(2)^10(6)^8/group.6590	96	6dcc4c5093d50e3dff6ec4e3e447d587	0	30
carat/tables/qcatalog/dim6/dir.4-2;2-1/ordnung.96/(2)^10(6)^8/group.6591	96	1abbb2ba4a548b15ca95fe22b643eb17	0	30
carat/tables/qcatalog/dim6/dir.4-2;2-1/ordnung.96/(2)^10(6)^8/group.6592	96	baa865a0fe0a5bb30f92c9d922f71095	0	30
carat/tables/qcatalog/dim6/dir.4-2;2-1/ordnung.96/(2)^10(6)^8/group.6593	96	897e81abd1ae8b3bde1e19bdabf6ced5	0	30
carat/tables/qcatalog/dim6/dir.4-2;2-1/ordnung.96/(2)^10(6)^8/group.6594	96	b1195ad89b5976b17f12ee82bcce58fb	0	30
carat/tables/qcatalog/dim6/dir.4-2;2-1/ordnung.96/(2)^12(6)^8/group.6595	96	802413471f5551bfd79c2c461de30fe9	0	30
carat/tables/qcatalog/dim6/dir.4-2;2-1/ordnung.96/(2)^12(6)^8/group.6596	96	cd15ed36ded8c8637fce061b32de4045	0	30
carat/tables/qcatalog/dim6/dir.4-2;2-1/ordnung.96/(2)^12(6)^8/group.6597	96	e472fd0eeff37b5e96e94b905363e1c4	0	24
carat/tables/qcatalog/dim6/dir.4-2;2-1/ordnung.96/(2)^12(6)^8/group.6598	96	44f5c604038e939c45bfc114cfd2059a	0	24
carat/tables/qcatalog/dim6/dir.4-2;2-1/ordnung.96/(2)^12(6)^8/group.6599	96	77f251817413f4e58e5aa0329132ceff	0	24
carat/tables/qcatalog/dim6/dir.4-2;2-1/ordnung.96/(2)^12(6)^8/group.6600	96	d1a11026b729388fef08b553e8310349	0	24
carat/tables/qcatalog/dim6/dir.4-2;2-1/ordnung.96/(2)^12(6)^8/group.6601	96	b2b460789a261201ce658a95bed36543	0	24
carat/tables/qcatalog/dim6/dir.4-1;2-2/ordnung.288/(1)^8(2)^2(6)^10/group.5554	288	34865e66c21d66b7b70347f0d9ea3b49	0	24
carat/tables/qcatalog/dim6/dir.4-1;2-2/ordnung.3456/(1)^10(2)^7(6)^1/group.5555	3456	59ff77626f8f58e4f4c0f0c3c8acd8ba	0	75
carat/tables/qcatalog/dim6/dir.4-1;2-2/ordnung.3456/(1)^10(2)^7(6)^1/group.5556	3456	8abd9ac816286264613cc071d13a66f2	0	75
carat/tables/qcatalog/dim6/dir.4-1;2-2/ordnung.3456/(1)^10(2)^7(6)^1/group.5557	3456	506bcbd7ba1bfdeca3e401a7a9aa275a	0	75
carat/tables/qcatalog/dim6/dir.4-1;2-2/ordnung.3456/(1)^10(2)^7(6)^1/group.5558	3456	cf5f4db76825bc48d5d12f7b61b52cda	0	120
carat/tables/qcatalog/dim6/dir.4-1;2-2/ordnung.3456/(1)^10(2)^8(12)^2/group.5559	3456	b74180eaf94ab2e020e73ca96f4d3cea	0	96
carat/tables/qcatalog/dim6/dir.4-1;2-2/ordnung.3456/(1)^10(2)^8(12)^2/group.5560	3456	c1d6d33f61ef865e873af1fbf7f7fe2c	0	69
carat/tables/qcatalog/dim6/dir.4-1;2-2/ordnung.3456/(1)^10(2)^8(12)^2/group.5561	3456	c7100fa45c49924c47f4dcc560ed5622	0	69
carat/tables/qcatalog/dim6/dir.4-1;2-2/ordnung.3456/(1)^12(2)^6(6)^2/group.5562	3456	6dd36730285b560692eaf2eed037e7fc	0	45
carat/tables/qcatalog/dim6/dir.4-1;2-2/ordnung.3456/(1)^12(2)^6(6)^2/group.5563	3456	84026d57b5e9853cfe3fa572ad77c006	0	60
carat/tables/qcatalog/dim6/dir.4-1;2-2/ordnung.3456/(1)^12(2)^6(6)^2/group.5564	3456	b860b0b7e7445f18ec8ef2149bed5c3a	0	60
carat/tables/qcatalog/dim6/dir.4-1;2-2/ordnung.3456/(1)^12(2)^6(6)^2/group.5565	3456	f831b1efb350852482ae411ea11d59ea	0	48
carat/tables/qcatalog/dim6/dir.4-1;2-2/ordnung.3456/(1)^12(2)^6(6)^2/group.5566	3456	ef2d5727bc94018aee7768472c58d290	0	48
carat/tables/qcatalog/dim6/dir.4-1;2-2/ordnung.3456/(1)^12(2)^6(6)^2/group.5567	3456	fd75cb6614ddfad64e9eaa165418630c	0	90
carat/tables/qcatalog/dim6/dir.4-1;2-2/ordnung.3456/(1)^12(2)^6(6)^2/group.5568	3456	30a7d61b3a85137af0756f3e65a76650	0	45
carat/tables/qcatalog/dim6/dir.4-1;2-2/ordnung.3456/(1)^8(2)^8(4)^1(12)^1/group.5569	3456	74c5091c7e8dbd36f51550506066418c	0	138
carat/tables/qcatalog/dim6/dir.4-1;2-2/ordnung.3456/(1)^8(2)^8(4)^2(12)^2/group.5570	3456	f8acf16a99b2e46a6e9df26e07a93dd8	0	150
carat/tables/qcatalog/dim6/dir.4-1;2-2/ordnung.384/(1)^2(2)^12(4)^3(12)^1/group.5571	384	17804de9cc35404b0a0ccf2cf5fb5c9d	0	60
carat/tables/qcatalog/dim6/dir.4-1;2-2/ordnung.384/(1)^2(2)^12(4)^3(12)^1/group.5572	384	d78d7278f7750dab9fb33ccbb71a58ed	0	60
carat/tables/qcatalog/dim6/dir.4-1;2-2/ordnung.384/(1)^2(2)^12(4)^3(12)^1/group.5573	384	83664c355cc1f4abc063a1136e27312d	0	60
carat/tables/qcatalog/dim6/dir.4-2;2-1/ordnung.96/(2)^12(6)^8/group.6602	96	239af554326414d9c1b289a2d065fc0b	0	24
carat/tables/qcatalog/dim6/dir.4-2;2-1/ordnung.96/(2)^12(6)^8/group.6603	96	0fed0f5cb8cae7e70b874e37c0cdd669	0	24
carat/tables/qcatalog/dim6/dir.4-2;2-1/ordnung.96/(2)^12(6)^8/group.6604	96	aba61f9220148fb20ac46005b2bab6e0	0	24
carat/tables/qcatalog/dim6/dir.4-2;2-1/ordnung.96/(2)^12(6)^8/group.6605	96	a32f372c9ecc1d799059b48af98943d3	0	24
carat/tables/qcatalog/dim6/dir.4-2;2-1/ordnung.96/(2)^12(6)^8/group.6606	96	af37104de1a9667c3cff16396ac1b12a	0	24
carat/tables/qcatalog/dim6/dir.4-2;2-1/ordnung.96/(2)^12(6)^8/group.6607	96	10906febe3f646f5f4dc24683365d63f	0	24
carat/tables/qcatalog/dim6/dir.4-2;2-1/ordnung.96/(2)^6(6)^2/group.6608	96	ab63f0e9496daa5330d64c566a270335	0	30
carat/tables/qcatalog/dim6/dir.4-2;2-1/ordnung.96/(2)^6(6)^4/group.6609	96	b9113f5994219919f2377481a86a502b	0	36
carat/tables/qcatalog/dim6/dir.4-2;2-1/ordnung.96/(2)^6(6)^4/group.6610	96	d01435c784439da37e8217eff34fe025	0	48
carat/tables/qcatalog/dim6/dir.4-2;2-1/ordnung.96/(2)^6(6)^4/group.6611	96	ba3d5b69dc41a621bdbe42da5819f81f	0	60
carat/tables/qcatalog/dim6/dir.4-2;2-1/ordnung.96/(2)^8(6)^4/group.6612	96	5e02cebb7ade96206677de9b910bebf6	0	30
carat/tables/qcatalog/dim6/dir.4-2;2-1/ordnung.96/(2)^8(6)^4/group.6613	96	4c58c2cd23571a058b1ff9d3ce09d5ff	0	24
carat/tables/qcatalog/dim6/dir.4-2;2-1/ordnung.96/(2)^8(6)^4/group.6614	96	12a2ce529b8322d6b8308215723cb98c	0	24
carat/tables/qcatalog/dim6/dir.4-2;2-1/ordnung.96/(2)^8(6)^4/group.6615	96	43254360081a6c9ff5088571fe02c779	0	24
carat/tables/qcatalog/dim6/dir.4-2;2-1/ordnung.96/(2)^8(6)^4/group.6616	96	e82e998d1ac7467bab5f0ed780b90395	0	24
carat/tables/qcatalog/dim6/dir.4-2;2-1/ordnung.96/(2)^8(6)^4/group.6617	96	a2c8df2f6f63ad5b4c5af000d11e764d	0	30
carat/tables/qcatalog/dim6/dir.4-2;2-1/ordnung.96/(2)^8(6)^4/group.6618	96	3d5a4540ec246a39185e937c8657272b	0	30
carat/tables/qcatalog/dim6/dir.4-2;2-1/ordnung.96/(2)^8(6)^4/group.6619	96	89c60c641540540f92cc88a1d30fde41	0	30
carat/tables/qcatalog/dim6/dir.4-2;2-1/ordnung.96/(2)^8(6)^4/group.6620	96	5522359150dd3cf9050d94203307c3b3	0	36
carat/tables/qcatalog/dim6/dir.4-2;2-1/ordnung.96/(2)^8(6)^4/group.6621	96	de58c4dd77959501fe5f8a46d63f622b	0	30
carat/tables/qcatalog/dim6/dir.4-2;2-1/ordnung.48/(2)^8(6)^4/group.6510	48	0d002c457dc3fe7aa590b77c768ac320	0	18
carat/tables/qcatalog/dim6/dir.4-2;2-1/ordnung.48/(2)^8(6)^4/group.6511	48	195db89301198eb8f90d28c0ec9e6dee	0	18
carat/tables/qcatalog/dim6/dir.4-2;2-1/ordnung.48/(2)^8(6)^4/group.6512	48	a78d4478664f8a5602e7846780780e18	0	30
carat/tables/qcatalog/dim6/dir.4-2;2-1/ordnung.48/(2)^8(6)^4/min.600	48	9b9d10ec1c622846d42509bdecbd8634	0	18
carat/tables/qcatalog/dim6/dir.4-2;2-1/ordnung.48/(2)^8(6)^4/min.601	48	06c6ad4c9a2a68ce35d0c460b48dd184	0	18
carat/tables/qcatalog/dim6/dir.4-2;2-1/ordnung.48/(2)^8(6)^4/min.602	48	8819dca0fd347e40f21cc0c22455700e	0	18
carat/tables/qcatalog/dim6/dir.4-2;2-1/ordnung.48/(2)^8(6)^4/min.603	48	3726f7b599f1acc469d5b96d3a50e7ea	0	18
carat/tables/qcatalog/dim6/dir.4-2;2-1/ordnung.48/(2)^8(6)^4/min.604	48	ae67c6ec5d53b8ee2722a3ac9bfab240	0	30
carat/tables/qcatalog/dim6/dir.4-2;2-1/ordnung.48/(2)^8(6)^8(18)^4/group.6513	48	5e1204662f19ea68c26371e9d9910ca6	0	15
carat/tables/qcatalog/dim6/dir.4-2;2-1/ordnung.576/(1)^10(3)^6(6)^2(18)^2/group.6521	576	8f13ee69b6b35d2a0fa83e45db348f10	0	48
carat/tables/qcatalog/dim6/dir.4-2;2-1/ordnung.576/(1)^10(3)^6(6)^2(18)^2/group.6522	576	17236dfd5a05dfbe260a12c3fe4ca6b4	0	54
carat/tables/qcatalog/dim6/dir.4-2;2-1/ordnung.576/(1)^10(3)^6(6)^2(18)^2/group.6523	576	54732bd88b2f975896d48353ea80d07e	0	48
carat/tables/qcatalog/dim6/dir.4-2;2-1/ordnung.576/(1)^10(3)^6(6)^2(18)^2/group.6524	576	5d53f870eb3d305ccf7226e55ab1fd42	0	48
carat/tables/qcatalog/dim6/dir.4-2;2-1/ordnung.576/(1)^10(3)^6(6)^2(18)^2/group.6525	576	939f66e71718531c4591d9aea00ea992	0	54
carat/tables/qcatalog/dim6/dir.4-2;2-1/ordnung.576/(1)^10(3)^6(6)^2(18)^2/group.6526	576	4a515ba62879d47a50e2d69bc1db9ed8	0	54
carat/tables/qcatalog/dim6/dir.4-2;2-1/ordnung.576/(1)^10(3)^6(6)^2(18)^2/group.6527	576	3d54af8901fc6ab25eb9283157687538	0	54
carat/tables/qcatalog/dim6/dir.4-2;2-1/ordnung.576/(1)^10(3)^6(6)^2(18)^2/group.6528	576	e3830715498865eecbdfdb16a890e944	0	54
carat/tables/qcatalog/dim6/dir.4-2;2-1/ordnung.576/(1)^10(3)^6(6)^2(18)^2/group.6529	576	5006c5acb365908474a333bedde715c2	0	54
carat/tables/qcatalog/dim6/dir.4-2;2-1/ordnung.576/(1)^10(3)^6(6)^2(18)^2/group.6530	576	a6cce3b87bdb98c8340e9ceab0458676	0	54
carat/tables/qcatalog/dim6/dir.4-2;2-1/ordnung.576/(1)^10(3)^6(6)^2(18)^2/group.6531	576	020015e6b0629f6044953ccbe4fd466e	0	54
carat/tables/qcatalog/dim6/dir.4-2;2-2/ordnung.108/(1)^3(3)^5(9)^2/group.6640	108	ece90fa28adf5885abca07c0faf22a17	0	54
carat/tables/qcatalog/dim6/dir.4-2;2-2/ordnung.108/(1)^4(3)^10(9)^6/group.6641	108	34797dcd2ba6233fcf35b833e92351cd	0	15
carat/tables/qcatalog/dim6/dir.4-2;2-2/ordnung.108/(1)^4(3)^10(9)^6/group.6642	108	700a529bda3c8945215357bdc1ac88e3	0	15
carat/tables/qcatalog/dim6/dir.4-2;2-2/ordnung.108/(1)^4(3)^10(9)^6/group.6643	108	1f0ab637c83f1f7c394273f9fb77e87e	0	18
carat/tables/qcatalog/dim6/dir.4-2;2-2/ordnung.108/(1)^4(3)^10(9)^6/group.6644	108	6e1140ba595b2b9697ffd5340cb8b3f0	0	18
carat/tables/qcatalog/dim6/dir.4-2;2-2/ordnung.108/(1)^4(3)^10(9)^6/min.610	108	f526c35ec83b2cc0055eb10ecb414da2	0	12
carat/tables/qcatalog/dim6/dir.4-2;2-2/ordnung.108/(1)^4(3)^6(9)^2/group.6645	108	ca740fc555e864b1ce1f7bf2431bcdbf	0	36
carat/tables/qcatalog/dim6/dir.4-2;2-2/ordnung.108/(1)^4(3)^6(9)^2/group.6646	108	0d5e203068e32ca11dd45320f8f8d017	0	36
carat/tables/qcatalog/dim6/dir.4-2;2-2/ordnung.108/(1)^4(3)^6(9)^2/group.6647	108	08b9b3f67ec11e538ad27a9db4d7dfa1	0	36
carat/tables/qcatalog/dim6/dir.4-2;2-2/ordnung.108/(3)^10(9)^2/group.6648	108	a700af769a2154856a37c6681497115b	0	36
carat/tables/qcatalog/dim6/dir.4-2;2-2/ordnung.12/(1)^4(24)^4/min.611	12	051f84222a0e4493e952d4597ad2d19d	0	6
carat/tables/qcatalog/dim6/dir.4-2;2-2/ordnung.144/(1)^10(3)^10/group.6649	144	33dc280e68c8543224bb71533c0696cc	0	24
carat/tables/qcatalog/dim6/dir.4-2;2-2/ordnung.144/(1)^10(3)^10/group.6650	144	8d564ff552d8e670caf7e08e81b51a6a	0	24
carat/tables/qcatalog/dim6/dir.4-2;2-2/ordnung.144/(1)^10(3)^10/group.6651	144	c48797cc17a8dfc632e09c23abc939b8	0	24
carat/tables/qcatalog/dim6/dir.4-2;2-2/ordnung.144/(1)^10(3)^10/group.6652	144	d80ac94681ea250012e54b771fa8a352	0	24
carat/tables/qcatalog/dim6/dir.4-2;2-2/ordnung.144/(1)^2(2)^3(6)^5/group.6653	144	835cb476d38f7da1dce0f31c6c2cd663	0	54
carat/tables/qcatalog/dim6/dir.4-2;2-2/ordnung.144/(1)^2(2)^3(6)^5/group.6654	144	80cefee753026f6543f0352982d3b0a7	0	72
carat/tables/qcatalog/dim6/dir.4-2;2-2/ordnung.144/(1)^2(2)^3(6)^5/group.6655	144	936c6791cc0c75c512002ebd2ce66e9b	0	90
carat/tables/qcatalog/dim6/dir.4-2;2-2/ordnung.144/(1)^2(2)^7(6)^9/group.6656	144	232e7eeb0b9f7e77bc6971e1799ac2b9	0	45
carat/tables/qcatalog/dim6/dir.4-2;2-2/ordnung.144/(1)^2(2)^7(6)^9/group.6657	144	7393ea1d44f4f1776e919724057fd951	0	45
carat/tables/qcatalog/dim6/dir.4-2;2-1/ordnung.576/(1)^12(3)^4(6)^4/group.6565	576	d530e73533cc34094ceb0aaeafabfb87	0	75
carat/tables/qcatalog/dim6/dir.4-2;2-1/ordnung.576/(1)^8(3)^8(18)^2/group.6566	576	26ea39e4de6af7e65a30136e2848b78c	0	72
carat/tables/qcatalog/dim6/dir.4-2;2-1/ordnung.576/(1)^8(3)^8(18)^2/group.6567	576	f67ff70eeedb11b2e48d683ec3dfea70	0	72
carat/tables/qcatalog/dim6/dir.4-2;2-1/ordnung.576/(1)^8(3)^8(18)^4/group.6568	576	a2eef3471fc846e2c4a4ed3730e7d100	0	60
carat/tables/qcatalog/dim6/dir.4-2;2-1/ordnung.576/(1)^8(3)^8(18)^4/group.6569	576	9b9097c493edec725a3f781c66f97e0c	0	90
carat/tables/qcatalog/dim6/dir.4-2;2-1/ordnung.576/(1)^8(3)^8(18)^4/group.6570	576	54145bf0d3e369a6bce5713a1167cab0	0	90
carat/tables/qcatalog/dim6/dir.4-2;2-1/ordnung.576/(1)^8(3)^8(18)^4/group.6571	576	38bbc2477d75a4238336de81693f7b71	0	75
carat/tables/qcatalog/dim6/dir.4-2;2-1/ordnung.576/(1)^8(6)^4/group.6572	576	924e95c810268663efa984f2fd289261	0	135
carat/tables/qcatalog/dim6/dir.4-2;2-1/ordnung.72/(1)^4(3)^4(18)^2/group.6573	72	74f97268af501ba531529c3798174e53	0	36
carat/tables/qcatalog/dim6/dir.4-2;2-1/ordnung.72/(1)^4(3)^4(18)^2/group.6574	72	094777a234e8b6a9e0b0297d674dbdc7	0	36
carat/tables/qcatalog/dim6/dir.4-2;2-1/ordnung.72/(1)^4(3)^4(18)^2/group.6575	72	b738e795e3457d714d8e9f500b2fd997	0	36
carat/tables/qcatalog/dim6/dir.4-2;2-1/ordnung.72/(1)^4(3)^4(18)^2/group.6576	72	5bf474a51661b74dfaf544784b18ea73	0	36
carat/tables/qcatalog/dim6/dir.4-2;2-1/ordnung.72/(1)^4(3)^8(9)^4(18)^2/group.6577	72	e011d8bdf59936e9746317e258601293	0	12
carat/tables/qcatalog/dim6/dir.4-2;2-1/ordnung.72/(1)^4(3)^8(9)^4(18)^2/group.6578	72	f104bf00868e0fc16cf0720e6d3b512f	0	18
carat/tables/qcatalog/dim6/dir.4-2;2-1/ordnung.72/(1)^6(3)^2(6)^2(18)^2/group.6579	72	a0a14e3f052c7663cf5faded6db5b631	0	27
carat/tables/qcatalog/dim6/dir.4-2;2-1/ordnung.72/(1)^6(3)^2(6)^2(18)^2/group.6580	72	c90ec90d8d65dab7804e89bd5ef1933d	0	27
carat/tables/qcatalog/dim6/dir.4-2;2-1/ordnung.72/(1)^6(3)^2(6)^2(18)^2/min.605	72	debd4556ea0d3f83a426c4129690bb41	0	27
carat/tables/qcatalog/dim6/dir.4-2;2-1/ordnung.72/(1)^6(3)^2(6)^2(18)^2/min.606	72	0c7305e094aa97a1a0ede2b5bcc95a97	0	27
carat/tables/qcatalog/dim6/dir.4-2;2-1/ordnung.72/(1)^6(3)^8(9)^2(18)^2/group.6581	72	5794408447c3567b15c820c8533440bd	0	12
carat/tables/qcatalog/dim6/dir.4-2;2-1/ordnung.72/(1)^6(3)^8(9)^2(18)^2/group.6582	72	86a6c6fad4b295b1ec5973082a2a54bb	0	12
carat/tables/qcatalog/dim6/dir.4-2;2-2/ordnung.144/(1)^2(2)^7(6)^9/group.6658	144	cb3e907a33fd2e79fb07dcfe10fe0adb	0	45
carat/tables/qcatalog/dim6/dir.4-2;2-2/ordnung.144/(1)^2(2)^7(6)^9/group.6659	144	406c7d6671b32c49d7822604758dd4fb	0	45
carat/tables/qcatalog/dim6/dir.4-2;2-2/ordnung.144/(1)^2(2)^7(6)^9/group.6660	144	f5d2cabded67ecabc4409d77bbdd178d	0	45
carat/tables/qcatalog/dim6/dir.4-2;2-2/ordnung.144/(1)^2(2)^7(6)^9/group.6661	144	36f8b5c51395e705bbcf3f8936ad81cf	0	45
carat/tables/qcatalog/dim6/dir.4-2;2-2/ordnung.144/(1)^4(2)^2(6)^6/group.6662	144	122e7c2735f92d341c78027191e17096	0	27
carat/tables/qcatalog/dim6/dir.4-2;2-2/ordnung.144/(1)^4(2)^2(6)^6/group.6663	144	4c2d5217acd509140bdc9048d9b595a6	0	27
carat/tables/qcatalog/dim6/dir.4-2;2-2/ordnung.144/(1)^4(2)^2(6)^6/group.6664	144	975ce771a3ac8c8963bd4ca54dbf749b	0	30
carat/tables/qcatalog/dim6/dir.4-2;2-2/ordnung.144/(1)^4(2)^2(6)^6/group.6665	144	058348e14a3d3b6c9404c4344e59ba76	0	27
carat/tables/qcatalog/dim6/dir.4-2;2-2/ordnung.144/(1)^4(2)^2(6)^6/group.6666	144	37266d5851d72c9c7097aa2f4cd64686	0	27
carat/tables/qcatalog/dim6/dir.4-2;2-2/ordnung.144/(1)^4(2)^2(6)^6/group.6667	144	ffb5058d0996a45192762830233bca77	0	42
carat/tables/qcatalog/dim6/dir.4-2;2-2/ordnung.144/(1)^4(2)^2(6)^6/group.6668	144	c5e0672875bfe85fd648a0abd8887681	0	30
carat/tables/qcatalog/dim6/dir.4-2;2-2/ordnung.144/(1)^4(2)^2(6)^6/group.6669	144	8d7b506f12bce0f8a42ed7594a286632	0	45
carat/tables/qcatalog/dim6/dir.4-2;2-2/ordnung.144/(1)^4(2)^2(6)^6/group.6670	144	b969f1e0aca618aa08229014894a781c	0	45
carat/tables/qcatalog/dim6/dir.4-2;2-2/ordnung.144/(1)^4(2)^2(6)^6/group.6671	144	4eb13e06083961fe929435a207e5afc0	0	45
carat/tables/qcatalog/dim6/dir.4-2;2-2/ordnung.144/(1)^4(2)^2(6)^6/group.6672	144	f80a70f988aea6f9922b5d38675c1a6b	0	36
carat/tables/qcatalog/dim6/dir.4-2;2-2/ordnung.144/(1)^4(2)^2(6)^6/group.6673	144	c5103e3bf9bdad25022795bb30110167	0	36
carat/tables/qcatalog/dim6/dir.4-2;2-2/ordnung.144/(1)^4(2)^2(6)^6/group.6674	144	216013d04ab9cbbd6fac5efc101e2d7f	0	36
carat/tables/qcatalog/dim6/dir.4-2;2-2/ordnung.144/(1)^4(2)^2(6)^6/group.6675	144	b0bfece89fe3bcf1b303038cc676d14b	0	36
carat/tables/qcatalog/dim6/dir.4-2;2-2/ordnung.144/(1)^4(2)^2(6)^6/group.6676	144	fa2d7c926de95d115f6b17d90d181f63	0	36
carat/tables/qcatalog/dim6/dir.4-2;2-2/ordnung.144/(1)^4(2)^2(6)^6/group.6677	144	569a4859bbb074cd7e18eca0f8055ed7	0	36
carat/tables/qcatalog/dim6/dir.4-2;2-2/ordnung.144/(1)^4(2)^2(6)^6/group.6678	144	0e8a214ffb8318290a8116e85dfade0b	0	54
carat/tables/qcatalog/dim6/dir.4-2;2-2/ordnung.144/(1)^4(2)^2(6)^6/group.6679	144	78285c9ccb31cad79dd8a8c4dd388299	0	54
carat/tables/qcatalog/dim6/dir.4-2;2-2/ordnung.144/(1)^4(2)^2(6)^6/group.6680	144	f73aebf478de948b87a44159bbd499f9	0	48
carat/tables/qcatalog/dim6/dir.4-2;2-2/ordnung.144/(1)^4(2)^6(6)^10/group.6681	144	71cf30bd76ed49027fb6a262fc81678c	0	24
carat/tables/qcatalog/dim6/dir.4-2;2-2/ordnung.144/(1)^4(2)^6(6)^10/group.6682	144	158d1639a5cfbd94bc2d0f700de60106	0	24
carat/tables/qcatalog/dim6/dir.4-2;2-2/ordnung.144/(1)^4(2)^6(6)^10/group.6683	144	0a1ec1cad981135e46facda13a0abcb0	0	24
carat/tables/qcatalog/dim6/dir.4-2;2-2/ordnung.144/(1)^4(2)^6(6)^10/group.6684	144	b80cf0ff38588b9360ff68acf693b645	0	27
carat/tables/qcatalog/dim6/dir.4-2;2-2/ordnung.144/(1)^4(2)^6(6)^10/group.6685	144	b9e6e871445e449b605bd6413bb0aae5	0	27
carat/tables/qcatalog/dim6/dir.4-2;2-2/ordnung.144/(1)^4(2)^6(6)^10/group.6686	144	615fcc84f68e165580386b1bf4993c37	0	27
carat/tables/qcatalog/dim6/dir.4-2;2-2/ordnung.144/(1)^4(2)^6(6)^10/group.6687	144	3d7ace69df5eaf756de1492178c8a4ff	0	27
carat/tables/qcatalog/dim6/dir.4-2;2-2/ordnung.144/(1)^4(2)^6(6)^10/group.6688	144	e8c8f98dd4a006d77dc1b3f5e76627c1	0	27
carat/tables/qcatalog/dim6/dir.4-2;2-2/ordnung.144/(1)^4(2)^6(6)^10/group.6689	144	fafd1895c48b930f119feec0eb772281	0	27
carat/tables/qcatalog/dim6/dir.4-2;2-2/ordnung.144/(1)^4(2)^6(6)^10/group.6690	144	de21e243218905c9e35d2887523b50d3	0	27
carat/tables/qcatalog/dim6/dir.4-2;2-2/ordnung.144/(1)^4(2)^6(6)^10/group.6691	144	aa83e42760d637dd1ad0f4d3878a686f	0	27
carat/tables/qcatalog/dim6/dir.4-2;2-2/ordnung.144/(1)^4(2)^6(6)^10/group.6692	144	0744ab5c50e1eaee5892779000124d00	0	24
carat/tables/qcatalog/dim6/dir.4-2;2-2/ordnung.144/(1)^4(2)^6(6)^10/group.6693	144	6e25c5e4962a325a8d2aebe2bb85f324	0	24
carat/tables/qcatalog/dim6/dir.4-2;2-2/ordnung.144/(1)^4(2)^6(6)^10/group.6694	144	11502645fc45cdd23b775d7c01ba91fc	0	24
carat/tables/qcatalog/dim6/dir.4-2;2-2/ordnung.144/(1)^4(2)^6(6)^10/group.6695	144	df63e00b5723c13cc9f17f540dca4f5e	0	24
carat/tables/qcatalog/dim6/dir.4-2;2-2/ordnung.144/(1)^4(2)^6(6)^10/group.6696	144	31d1c8da546b1374cd6ecca341630112	0	30
carat/tables/qcatalog/dim6/dir.4-2;2-2/ordnung.144/(1)^4(2)^6(6)^10/group.6697	144	7846723962d3e5600d49cb4c922472ce	0	30
carat/tables/qcatalog/dim6/dir.4-2;2-1/ordnung.96/(2)^8(6)^4/group.6622	96	4ff32438a6483477d8b54168d11b9941	0	30
carat/tables/qcatalog/dim6/dir.4-2;2-1/ordnung.96/(2)^8(6)^4/group.6623	96	9955e62e9d796b63a8f25cdaec51f315	0	36
carat/tables/qcatalog/dim6/dir.4-2;2-1/ordnung.96/(2)^8(6)^4/group.6624	96	c81d4e4d8aba559ceb40511bd2e034ae	0	42
carat/tables/qcatalog/dim6/dir.4-2;2-1/ordnung.96/(2)^8(6)^4/group.6625	96	d5b6ed40c05b253d4ff5550c970a1933	0	42
carat/tables/qcatalog/dim6/dir.4-2;2-1/ordnung.96/(2)^8(6)^4/group.6626	96	d6af4c0fff0bba3fe221cdd06187a73d	0	42
carat/tables/qcatalog/dim6/dir.4-2;2-1/ordnung.96/(2)^8(6)^4/group.6627	96	6ec84881e625954bfc844de6d3710a71	0	42
carat/tables/qcatalog/dim6/dir.4-2;2-2/ordnung.108/(1)^2(3)^5(9)^3/group.6628	108	db49a4242de78cc969dcb880645a2ce3	0	54
carat/tables/qcatalog/dim6/dir.4-2;2-2/ordnung.108/(1)^2(3)^8(9)^2/group.6629	108	03faeb39647564384f9b8574b5e3cdc2	0	27
carat/tables/qcatalog/dim6/dir.4-2;2-2/ordnung.108/(1)^2(3)^8(9)^2/group.6630	108	3c5040b5cc42c83eca906aea73755130	0	27
carat/tables/qcatalog/dim6/dir.4-2;2-2/ordnung.108/(1)^2(3)^8(9)^2/group.6631	108	ee85a9e4fb5b1f528f544f172554f824	0	27
carat/tables/qcatalog/dim6/dir.4-2;2-2/ordnung.108/(1)^2(3)^8(9)^2/group.6632	108	4fb3bd08989f8184cfad555f8afd2486	0	27
carat/tables/qcatalog/dim6/dir.4-2;2-2/ordnung.108/(1)^3(3)^11(9)^4/group.6633	108	af77d52b559e4b066b9e43fa78d1bb00	0	27
carat/tables/qcatalog/dim6/dir.4-2;2-2/ordnung.108/(1)^3(3)^11(9)^4/group.6634	108	21de17dbc6daf40a4121fa55c9af51d4	0	27
carat/tables/qcatalog/dim6/dir.4-2;2-2/ordnung.108/(1)^3(3)^11(9)^4/group.6635	108	b60d801db74f29a2e417aa3186dd8a94	0	27
carat/tables/qcatalog/dim6/dir.4-2;2-2/ordnung.108/(1)^3(3)^11(9)^4/min.608	108	19a3df25455e1b1df32c3055e194a9d3	0	18
carat/tables/qcatalog/dim6/dir.4-2;2-2/ordnung.108/(1)^3(3)^11(9)^4/min.609	108	68d44dafbd48a25da7c879da7e5ae0a3	0	18
carat/tables/qcatalog/dim6/dir.4-2;2-2/ordnung.108/(1)^3(3)^5(9)^2/group.6636	108	5b2611f497122bc5254f7e90ff8b436f	0	54
carat/tables/qcatalog/dim6/dir.4-2;2-2/ordnung.108/(1)^3(3)^5(9)^2/group.6637	108	a02583dbcab7d009dccf814cf7dbbef3	0	54
carat/tables/qcatalog/dim6/dir.4-2;2-2/ordnung.108/(1)^3(3)^5(9)^2/group.6638	108	524206ff865ce241470d029fd56aae6b	0	54
carat/tables/qcatalog/dim6/dir.4-2;2-2/ordnung.108/(1)^3(3)^5(9)^2/group.6639	108	926decc2263c4835fcbb8dfe8612781f	0	54
carat/tables/qcatalog/dim6/dir.4-2;2-1/ordnung.576/(1)^12(3)^4(6)^4/group.6545	576	af39b2af0e82213065cc0bceb8d35416	0	60
carat/tables/qcatalog/dim6/dir.4-2;2-1/ordnung.576/(1)^12(3)^4(6)^4/group.6546	576	384233560e107ccc36b45bc237f35e8a	0	42
carat/tables/qcatalog/dim6/dir.4-2;2-1/ordnung.576/(1)^12(3)^4(6)^4/group.6547	576	d9b9199ed343c1f28c50673ef300c038	0	60
carat/tables/qcatalog/dim6/dir.4-2;2-1/ordnung.576/(1)^12(3)^4(6)^4/group.6548	576	d19cc4a470cc58684448a71977880396	0	42
carat/tables/qcatalog/dim6/dir.4-2;2-1/ordnung.576/(1)^12(3)^4(6)^4/group.6549	576	39023d7012801118aa49f123535395f6	0	42
carat/tables/qcatalog/dim6/dir.4-2;2-1/ordnung.576/(1)^12(3)^4(6)^4/group.6550	576	babd6b48d80aaf86be3f11990c216d60	0	66
carat/tables/qcatalog/dim6/dir.4-2;2-1/ordnung.576/(1)^12(3)^4(6)^4/group.6551	576	c15ba106570d569ea8945bfa33766aa0	0	66
carat/tables/qcatalog/dim6/dir.4-2;2-1/ordnung.576/(1)^12(3)^4(6)^4/group.6552	576	9c99a7a09ce3f2dc59120a867858cf46	0	66
carat/tables/qcatalog/dim6/dir.4-2;2-1/ordnung.576/(1)^12(3)^4(6)^4/group.6553	576	7a42f3d425b8acfc1d07aa36ae3369be	0	66
carat/tables/qcatalog/dim6/dir.4-2;2-1/ordnung.576/(1)^12(3)^4(6)^4/group.6554	576	0c01afa318a38838e42836b46841e5f2	0	72
carat/tables/qcatalog/dim6/dir.4-2;2-1/ordnung.576/(1)^12(3)^4(6)^4/group.6555	576	155ab7b4d165fab052b8029685527ab6	0	54
carat/tables/qcatalog/dim6/dir.4-2;2-1/ordnung.576/(1)^12(3)^4(6)^4/group.6556	576	a7e495fb1d89b5b6a0cfcc6bbdd4cc80	0	72
carat/tables/qcatalog/dim6/dir.4-2;2-1/ordnung.576/(1)^12(3)^4(6)^4/group.6557	576	fd876f56dd1d05ecf744fe0b913db6fa	0	42
carat/tables/qcatalog/dim6/dir.4-2;2-1/ordnung.576/(1)^12(3)^4(6)^4/group.6558	576	7843d994cae6deec35bd981a56d99c7a	0	54
carat/tables/qcatalog/dim6/dir.4-2;2-1/ordnung.576/(1)^12(3)^4(6)^4/group.6559	576	b387dd33f1550efc050ec11c1bc0e72a	0	54
carat/tables/qcatalog/dim6/dir.4-2;2-1/ordnung.576/(1)^12(3)^4(6)^4/group.6560	576	e8a3870cc250c2b463633443a703e1ba	0	42
carat/tables/qcatalog/dim6/dir.4-2;2-1/ordnung.576/(1)^12(3)^4(6)^4/group.6561	576	305581b4b00e7af4b251e87778c24eb2	0	54
carat/tables/qcatalog/dim6/dir.4-2;2-1/ordnung.576/(1)^12(3)^4(6)^4/group.6562	576	22d4ccbf82eb3f19be6ca8b1a228fd5f	0	63
carat/tables/qcatalog/dim6/dir.4-2;2-1/ordnung.576/(1)^12(3)^4(6)^4/group.6563	576	dbedcc5896d2449ad22546f2c977beac	0	75
carat/tables/qcatalog/dim6/dir.4-2;2-1/ordnung.576/(1)^12(3)^4(6)^4/group.6564	576	64366175d5ea1a3e979384a098e72c38	0	63
carat/tables/qcatalog/dim6/dir.4-2;2-1/ordnung.576/(1)^10(3)^6(6)^2(18)^2/group.6532	576	11659bc4c94ea3e2ff15e4887a26cf48	0	48
carat/tables/qcatalog/dim6/dir.4-2;2-1/ordnung.576/(1)^10(3)^6(6)^2(18)^2/group.6533	576	d455439b9364b3610c69ab4252871b0b	0	45
carat/tables/qcatalog/dim6/dir.4-2;2-1/ordnung.576/(1)^10(3)^6(6)^2(18)^2/group.6534	576	8dd8d724e1b9828dcc9bb7f145ee7d97	0	45
carat/tables/qcatalog/dim6/dir.4-2;2-1/ordnung.576/(1)^10(3)^6(6)^2(18)^2/group.6535	576	a1214ba43b96b91b49d29daa8173738d	0	45
carat/tables/qcatalog/dim6/dir.4-2;2-1/ordnung.576/(1)^10(3)^6(6)^2(18)^2/group.6536	576	f83db208b6a0752bf90e4cb3ab748885	0	45
carat/tables/qcatalog/dim6/dir.4-2;2-1/ordnung.576/(1)^10(3)^6(6)^2(18)^2/group.6537	576	b3c634633f964fa19168aec5b43c8c63	0	45
carat/tables/qcatalog/dim6/dir.4-2;2-1/ordnung.576/(1)^10(3)^6(6)^2(18)^2/group.6538	576	d486dcb66b101af7a5b2696754584671	0	45
carat/tables/qcatalog/dim6/dir.4-2;2-1/ordnung.576/(1)^10(3)^6(6)^2/group.6514	576	78065736c1ef069a623ac19c7b0fb818	0	54
carat/tables/qcatalog/dim6/dir.4-2;2-1/ordnung.576/(1)^10(3)^6(6)^2/group.6515	576	0e859dbb590990faa2860d5463a19b00	0	72
carat/tables/qcatalog/dim6/dir.4-2;2-1/ordnung.576/(1)^10(3)^6(6)^2/group.6516	576	68649a10a5a5b61a52f4b3754f73a9ec	0	96
carat/tables/qcatalog/dim6/dir.4-2;2-1/ordnung.576/(1)^10(3)^6(6)^2/group.6517	576	f74d58103b717af0aa4e10b9a419470e	0	54
carat/tables/qcatalog/dim6/dir.4-2;2-1/ordnung.576/(1)^10(3)^6(6)^2/group.6518	576	aacb49ce6079607c4d4cbbce59c4bcca	0	54
carat/tables/qcatalog/dim6/dir.4-2;2-1/ordnung.576/(1)^10(3)^6(6)^2/group.6519	576	99859fddb87c10ce14794dc82a69f85c	0	54
carat/tables/qcatalog/dim6/dir.4-2;2-1/ordnung.576/(1)^10(3)^6(6)^2/group.6520	576	4b504ca44497b3288dc8783b210d77a6	0	54
carat/tables/qcatalog/dim6/dir.4-2;2-1/ordnung.576/(1)^12(3)^4(6)^4/group.6539	576	398197f873c853dc7576229b5b71324a	0	42
carat/tables/qcatalog/dim6/dir.4-2;2-1/ordnung.576/(1)^12(3)^4(6)^4/group.6540	576	493980316d05c34c9b4151006c2f3462	0	54
carat/tables/qcatalog/dim6/dir.4-2;2-1/ordnung.576/(1)^12(3)^4(6)^4/group.6541	576	e12cd31dd35eeac455046a6acb75922a	0	42
carat/tables/qcatalog/dim6/dir.4-2;2-1/ordnung.576/(1)^12(3)^4(6)^4/group.6542	576	3a76369257d5f99ecadf6030ec5d91bc	0	48
carat/tables/qcatalog/dim6/dir.4-2;2-1/ordnung.576/(1)^12(3)^4(6)^4/group.6543	576	b36f192e1c16579c9585f8cf22b0e022	0	48
carat/tables/qcatalog/dim6/dir.4-2;2-1/ordnung.576/(1)^12(3)^4(6)^4/group.6544	576	e07fdfe3a2889b02f38bb35fc652aa80	0	54
carat/tables/qcatalog/dim6/dir.4-2;2-2/ordnung.216/(1)^6(3)^6/group.6795	216	3953979757c56bc4df38f3b962b62032	0	45
carat/tables/qcatalog/dim6/dir.4-2;2-2/ordnung.216/(1)^7(3)^10(9)^3/group.6796	216	8f03c2e579703c10cbf85b39665a13f2	0	15
carat/tables/qcatalog/dim6/dir.4-2;2-2/ordnung.216/(1)^7(3)^10(9)^3/group.6797	216	7bf7f038043316bae6a30ec82a110634	0	15
carat/tables/qcatalog/dim6/dir.4-2;2-2/ordnung.216/(1)^7(3)^10(9)^3/group.6798	216	27ab68d6718ca7720dc599a560ddb80c	0	15
carat/tables/qcatalog/dim6/dir.4-2;2-2/ordnung.216/(1)^7(3)^10(9)^3/group.6799	216	9d9300c3d39b6e68c9180080fb02bb5a	0	15
carat/tables/qcatalog/dim6/dir.4-2;2-2/ordnung.216/(1)^7(3)^10(9)^3/group.6800	216	79747f6a8969c9e4350b72fd97ca102e	0	18
carat/tables/qcatalog/dim6/dir.4-2;2-2/ordnung.216/(1)^7(3)^10(9)^3/group.6801	216	109947dbca0529623d0d1c39fdc22eec	0	18
carat/tables/qcatalog/dim6/dir.4-2;2-2/ordnung.216/(1)^7(3)^10(9)^3/group.6802	216	2ef0f883d430df4a46767c911428390c	0	18
carat/tables/qcatalog/dim6/dir.4-2;2-2/ordnung.216/(1)^7(3)^10(9)^3/group.6803	216	5846b998f4d2c744db1fe1e25c553d36	0	18
carat/tables/qcatalog/dim6/dir.4-2;2-2/ordnung.216/(1)^7(3)^9(9)^2/group.6804	216	16d203cfa7d56b43cd9b45d4010d3df1	0	27
carat/tables/qcatalog/dim6/dir.4-2;2-2/ordnung.216/(1)^7(3)^9(9)^2/group.6805	216	a9c72d3d5b30168504dbd113a188e9e3	0	27
carat/tables/qcatalog/dim6/dir.4-2;2-2/ordnung.216/(1)^7(3)^9(9)^2/group.6806	216	d4a28f03f5f0ef0d5d05d97a3d115e13	0	27
carat/tables/qcatalog/dim6/dir.4-2;2-2/ordnung.216/(1)^7(3)^9(9)^2/group.6807	216	21b6a5ebef91db47bc84fb672d5e065d	0	27
carat/tables/qcatalog/dim6/dir.4-2;2-2/ordnung.216/(1)^8(3)^10(9)^2/group.6808	216	e98e54bfa3a22c10d112076d992208ba	0	18
carat/tables/qcatalog/dim6/dir.4-2;2-2/ordnung.216/(1)^8(3)^10(9)^2/group.6809	216	054a417ee74f8b3c7ee570081e223cd6	0	18
carat/tables/qcatalog/dim6/dir.4-2;2-2/ordnung.24/(1)^2(2)^3(6)^1(12)^4/min.615	24	081b2697d03e4e95e0c5c38edffcdfbf	0	15
carat/tables/qcatalog/dim6/dir.4-2;2-2/ordnung.24/(1)^2(2)^3(6)^1(12)^4/min.616	24	d22f68a9eb59778f4ee906220c335d61	0	15
carat/tables/qcatalog/dim6/dir.4-2;2-2/ordnung.24/(1)^2(2)^3(6)^1(12)^4/min.617	24	88bdf0e835ada58f992891a674d87101	0	15
carat/tables/qcatalog/dim6/dir.4-2;2-2/ordnung.24/(1)^4(24)^4/group.6810	24	13c21c1e8ef0b6d4a980962e21a6d766	0	12
carat/tables/qcatalog/dim6/dir.4-2;2-2/ordnung.24/(1)^4(4)^2(12)^6/group.6811	24	a2b4cd758d18a77728b2d88fde61d0f5	0	9
carat/tables/qcatalog/dim6/dir.4-2;2-2/ordnung.36/(1)^2(2)^1(6)^3/min.618	36	976d134b615189318d3e9ba4bfda3b17	0	18
carat/tables/qcatalog/dim6/dir.4-2;2-2/ordnung.36/(1)^2(2)^1(6)^3/min.619	36	e77cbfb282e19bb9a5648b70b5b6c7ef	0	18
carat/tables/qcatalog/dim6/dir.4-2;2-2/ordnung.36/(1)^2(3)^4(9)^3(27)^1/group.6832	36	b2400eb69d17c08d898ca663d2d90303	0	18
carat/tables/qcatalog/dim6/dir.4-2;2-2/ordnung.36/(1)^3(3)^5(9)^2/group.6833	36	e40d0ee610b726c9b9bfc20ebe866137	0	18
carat/tables/qcatalog/dim6/dir.4-2;2-2/ordnung.36/(1)^3(3)^5(9)^2/group.6834	36	07e18de6cf43b0a9d40c6f4c3d6f5eb7	0	18
carat/tables/qcatalog/dim6/dir.4-2;2-2/ordnung.36/(1)^3(3)^5(9)^2/group.6835	36	341ace23d270a4a92d0412dba339141f	0	18
carat/tables/qcatalog/dim6/dir.4-2;2-2/ordnung.36/(1)^3(3)^5(9)^2/min.620	36	340844e31ac40455f979a1832c490a93	0	18
carat/tables/qcatalog/dim6/dir.4-2;2-2/ordnung.36/(1)^3(3)^5(9)^2/min.621	36	12a00e91a48e36bdaff77cf6d629ef9b	0	18
carat/tables/qcatalog/dim6/dir.4-2;2-2/ordnung.36/(1)^4(3)^6(9)^2/group.6836	36	7ee4d37de3b8342d9fdc64704c552333	0	18
carat/tables/qcatalog/dim6/dir.4-2;2-2/ordnung.36/(1)^4(3)^6(9)^2/group.6837	36	50470af11287da510a6598d3c0834957	0	18
carat/tables/qcatalog/dim6/dir.4-2;2-2/ordnung.36/(1)^4(3)^6(9)^2/group.6838	36	114cb7a237fb5ad77ed8ca5d7d721f85	0	18
carat/tables/qcatalog/dim6/dir.4-2;2-2/ordnung.36/(1)^4(3)^8(9)^6(27)^2/group.6839	36	91f489861dd322d2a46688d7f29d3ff8	0	9
carat/tables/qcatalog/dim6/dir.4-2;2-2/ordnung.36/(1)^4(3)^8(9)^6(27)^2/group.6840	36	f4e4dcbbab195b942864af9a5575f552	0	9
carat/tables/qcatalog/dim6/dir.4-2;2-2/ordnung.36/(1)^4(6)^4/group.6841	36	e1fce9e199e0a99d76472abaf2b2ac57	0	12
carat/tables/qcatalog/dim6/dir.4-2;2-2/ordnung.36/(3)^6(9)^6/group.6842	36	ec98dd6a9765d1bdd34c48c14aa84f13	0	18
carat/tables/qcatalog/dim6/dir.4-2;2-2/ordnung.432/(1)^10(3)^10/group.6843	432	5bfee06a19e7f485121298440e97eb8f	0	30
carat/tables/qcatalog/dim6/dir.4-2;2-2/ordnung.432/(1)^10(3)^10/group.6844	432	c65630842dc926b905e03984c4e5e023	0	30
carat/tables/qcatalog/dim6/dir.4-2;2-2/ordnung.432/(1)^10(3)^10/group.6845	432	b700d0b947aad8a54da4423e7665c843	0	48
carat/tables/qcatalog/dim6/dir.4-2;2-2/ordnung.432/(1)^10(3)^10/group.6846	432	7025ca339f559da54b90bcb856bfc2a3	0	48
carat/tables/qcatalog/dim6/dir.4-2;2-2/ordnung.432/(1)^10(3)^10/group.6847	432	f750d5e973c80d7bd1be0dec2dd6d475	0	42
carat/tables/qcatalog/dim6/dir.4-2;2-2/ordnung.216/(1)^4(3)^6(9)^2/group.6735	216	f325c86a750f58839e692772c5e20a2d	0	54
carat/tables/qcatalog/dim6/dir.4-2;2-2/ordnung.216/(1)^4(3)^6(9)^2/group.6736	216	c318aa85c74cf0e9617bd4eb4874daa3	0	54
carat/tables/qcatalog/dim6/dir.4-2;2-2/ordnung.216/(1)^4(3)^6(9)^2/group.6737	216	465015d18de6b6cd63b81e9a29f27137	0	54
carat/tables/qcatalog/dim6/dir.4-2;2-2/ordnung.216/(1)^5(3)^10(9)^5/group.6738	216	99ba2daa148eee2c1f4e48e74c4e77e6	0	18
carat/tables/qcatalog/dim6/dir.4-2;2-2/ordnung.216/(1)^5(3)^10(9)^5/group.6739	216	6e99ac54f68c4798b9bfe56e15ac7a92	0	18
carat/tables/qcatalog/dim6/dir.4-2;2-2/ordnung.216/(1)^5(3)^10(9)^5/group.6740	216	612f1315ed683722433628a56f367da4	0	18
carat/tables/qcatalog/dim6/dir.4-2;2-2/ordnung.216/(1)^5(3)^10(9)^5/group.6741	216	6d36c9817f0d21b6d6ddc625987f7dd8	0	18
carat/tables/qcatalog/dim6/dir.4-2;2-2/ordnung.216/(1)^5(3)^10(9)^5/group.6742	216	b7cf114cf843c912a506606378812018	0	27
carat/tables/qcatalog/dim6/dir.4-2;2-2/ordnung.216/(1)^5(3)^10(9)^5/group.6743	216	ecf3efbc24a0a0ca875781cec2a65e10	0	27
carat/tables/qcatalog/dim6/dir.4-2;2-2/ordnung.216/(1)^5(3)^10(9)^5/group.6744	216	c538438ce7e096586302e7097a07209e	0	27
carat/tables/qcatalog/dim6/dir.4-2;2-2/ordnung.216/(1)^5(3)^10(9)^5/group.6745	216	d881717e28808cc8ac8d930842b1601e	0	27
carat/tables/qcatalog/dim6/dir.4-2;2-2/ordnung.216/(1)^5(3)^10(9)^5/group.6746	216	77b26d3f209ba56437c0dcdef38ff582	0	27
carat/tables/qcatalog/dim6/dir.4-2;2-2/ordnung.216/(1)^5(3)^10(9)^5/group.6747	216	ae7d738c610311aae614a052ec5129f8	0	27
carat/tables/qcatalog/dim6/dir.4-2;2-2/ordnung.216/(1)^5(3)^11(9)^2/group.6748	216	6023793f4fbf4381a5b440118a3bee27	0	27
carat/tables/qcatalog/dim6/dir.4-2;2-2/ordnung.216/(1)^5(3)^11(9)^2/group.6749	216	e6eb4c9d4e73a209e4c9d749a1237907	0	27
carat/tables/qcatalog/dim6/dir.4-2;2-2/ordnung.216/(1)^5(3)^11(9)^2/group.6750	216	bc8798b1cccd7dfb9651213ab3f28119	0	27
carat/tables/qcatalog/dim6/dir.4-2;2-2/ordnung.216/(1)^5(3)^11(9)^2/group.6751	216	de4beaba42b9d743f4679f0178477341	0	27
carat/tables/qcatalog/dim6/dir.4-2;2-2/ordnung.216/(1)^5(3)^5/group.6752	216	92f0b364cf8d763c5b6d08598768c072	0	81
carat/tables/qcatalog/dim6/dir.4-2;2-2/ordnung.216/(1)^5(3)^5/group.6753	216	d028d3ca0ece7b26b29dc6cdb264ffd4	0	81
carat/tables/qcatalog/dim6/dir.4-2;2-2/ordnung.216/(1)^5(3)^5/group.6754	216	559dd65b38955856756ed8c794bdcf3c	0	81
carat/tables/qcatalog/dim6/dir.4-2;2-2/ordnung.216/(1)^6(3)^10(9)^4/group.6775	216	bf1bbe1a9dbab9e86f3408d3cc77479e	0	33
carat/tables/qcatalog/dim6/dir.4-2;2-2/ordnung.216/(1)^6(3)^10(9)^4/group.6776	216	ca36f04ead25181ab5545150c59c3028	0	33
carat/tables/qcatalog/dim6/dir.4-2;2-2/ordnung.216/(1)^6(3)^10(9)^4/group.6777	216	493d22ea9ce53446950d1f29a33edb9c	0	33
carat/tables/qcatalog/dim6/dir.4-2;2-2/ordnung.216/(1)^6(3)^10(9)^4/group.6778	216	72be23ed60828050bfff235a10fc621a	0	18
carat/tables/qcatalog/dim6/dir.4-2;2-2/ordnung.216/(1)^6(3)^10(9)^4/group.6779	216	771e3dd596243411834670db9d99cf93	0	24
carat/tables/qcatalog/dim6/dir.4-2;2-2/ordnung.216/(1)^6(3)^10(9)^4/group.6780	216	783791eedbbecfb9067dc31733cb7c5f	0	30
carat/tables/qcatalog/dim6/dir.4-2;2-2/ordnung.216/(1)^6(3)^10(9)^4/group.6781	216	018e2de0a3ec5843e984ef022aa5a3ed	0	36
carat/tables/qcatalog/dim6/dir.4-2;2-2/ordnung.216/(1)^6(3)^10(9)^4/group.6782	216	d5f10f6dc10561939884234e00a569b5	0	36
carat/tables/qcatalog/dim6/dir.4-2;2-2/ordnung.216/(1)^6(3)^10(9)^4/group.6783	216	8636ee6378fc58c9aa4d9b3a74abaa6b	0	36
carat/tables/qcatalog/dim6/dir.4-2;2-2/ordnung.216/(1)^6(3)^10(9)^4/group.6784	216	3488c535378b3e957864d0590a630267	0	36
carat/tables/qcatalog/dim6/dir.4-2;2-2/ordnung.216/(1)^6(3)^10(9)^4/group.6785	216	079c930a9c2458afb7fb0737add8712d	0	30
carat/tables/qcatalog/dim6/dir.4-2;2-2/ordnung.216/(1)^6(3)^10(9)^4/group.6786	216	5a4defa10ff68befafcbe8312c63a31d	0	30
carat/tables/qcatalog/dim6/dir.4-2;2-2/ordnung.216/(1)^6(3)^10(9)^4/group.6787	216	d585e8728b867506d465aeeae563f148	0	27
carat/tables/qcatalog/dim6/dir.4-2;2-2/ordnung.216/(1)^6(3)^10(9)^4/group.6788	216	ad3c23b3279a2f3a0ed495d72e8fa03c	0	27
carat/tables/qcatalog/dim6/dir.4-2;2-2/ordnung.216/(1)^6(3)^10(9)^4/group.6789	216	81355c04b062e9c71282103d2ff7bdf9	0	36
carat/tables/qcatalog/dim6/dir.4-2;2-2/ordnung.216/(1)^6(3)^6/group.6790	216	7f5e99287c448f70998c4dc9ba903e8a	0	63
carat/tables/qcatalog/dim6/dir.4-2;2-2/ordnung.216/(1)^6(3)^6/group.6791	216	459063eea3e8affc34a5bc36a393cb8e	0	63
carat/tables/qcatalog/dim6/dir.4-2;2-2/ordnung.216/(1)^6(3)^6/group.6792	216	d35c0b2634177b440b6424ab60ff9bd2	0	45
carat/tables/qcatalog/dim6/dir.4-2;2-2/ordnung.216/(1)^6(3)^6/group.6793	216	c2d82b1c359b6adee26069e182abddac	0	45
carat/tables/qcatalog/dim6/dir.4-2;2-2/ordnung.216/(1)^6(3)^6/group.6794	216	aba6c7ff171986b88a1cf706b0a83f96	0	45
carat/tables/qcatalog/dim6/dir.4-2;2-2/ordnung.216/(1)^5(3)^5/group.6755	216	2feb99b70a26e8ec9794f0b571933a2a	0	81
carat/tables/qcatalog/dim6/dir.4-2;2-2/ordnung.216/(1)^5(3)^9(9)^4/group.6756	216	e05ed66f36b75b47538b656b49171d41	0	54
carat/tables/qcatalog/dim6/dir.4-2;2-2/ordnung.216/(1)^5(3)^9(9)^4/group.6757	216	7a53a7d81204b08f208b4845f979d149	0	54
carat/tables/qcatalog/dim6/dir.4-2;2-2/ordnung.216/(1)^5(3)^9(9)^4/group.6758	216	b2021880ffe17a8f6014144a11f11015	0	36
carat/tables/qcatalog/dim6/dir.4-2;2-2/ordnung.216/(1)^5(3)^9(9)^4/group.6759	216	bd59f68924b3cae7b305ba5829f3428d	0	36
carat/tables/qcatalog/dim6/dir.4-2;2-2/ordnung.216/(1)^5(3)^9(9)^4/group.6760	216	cdb5c454d684adf7799608622c566271	0	54
carat/tables/qcatalog/dim6/dir.4-2;2-2/ordnung.216/(1)^5(3)^9(9)^4/group.6761	216	18984b2db38b008787239d6ade47e2d1	0	54
carat/tables/qcatalog/dim6/dir.4-2;2-2/ordnung.216/(1)^5(3)^9(9)^4/group.6762	216	74d1be05046661fe3b60fa234eed5b0c	0	45
carat/tables/qcatalog/dim6/dir.4-2;2-2/ordnung.216/(1)^5(3)^9(9)^4/group.6763	216	e01d19f6ee4033748db3bfe17788b82a	0	45
carat/tables/qcatalog/dim6/dir.4-2;2-2/ordnung.216/(1)^5(3)^9(9)^4/group.6764	216	298d180fbf25efe40bf0415abd62d9d2	0	45
carat/tables/qcatalog/dim6/dir.4-2;2-2/ordnung.216/(1)^5(3)^9(9)^4/group.6765	216	2d1a765aedcaf636dac8885243b3e0dc	0	45
carat/tables/qcatalog/dim6/dir.4-2;2-2/ordnung.216/(1)^5(3)^9(9)^4/group.6766	216	462a41a7ba934f11b3dd337f63bf31c7	0	36
carat/tables/qcatalog/dim6/dir.4-2;2-2/ordnung.216/(1)^5(3)^9(9)^4/group.6767	216	185d7de1ffe8410b467f32c9bacc22c5	0	54
carat/tables/qcatalog/dim6/dir.4-2;2-2/ordnung.216/(1)^5(3)^9(9)^4/group.6768	216	12dbcb4a7d9a13a35e76a6a37854ec4d	0	54
carat/tables/qcatalog/dim6/dir.4-2;2-2/ordnung.216/(1)^5(3)^9(9)^4/group.6769	216	14bc16787d19bef5ca3e9da3d8b0097f	0	54
carat/tables/qcatalog/dim6/dir.4-2;2-2/ordnung.216/(1)^6(3)^10(9)^4/group.6770	216	f4c180c989854ccfec95012c21478c01	0	24
carat/tables/qcatalog/dim6/dir.4-2;2-2/ordnung.216/(1)^6(3)^10(9)^4/group.6771	216	4799779453d733ab826c00739cb17781	0	30
carat/tables/qcatalog/dim6/dir.4-2;2-2/ordnung.216/(1)^6(3)^10(9)^4/group.6772	216	f6797259efb4e06be6102a2b964f3ee1	0	30
carat/tables/qcatalog/dim6/dir.4-2;2-2/ordnung.216/(1)^6(3)^10(9)^4/group.6773	216	a3e80af3da899c54139bfbcb78bd2c6e	0	18
carat/tables/qcatalog/dim6/dir.4-2;2-2/ordnung.216/(1)^6(3)^10(9)^4/group.6774	216	a8d7aeed6d39013a5505968078e4c258	0	33
carat/tables/qcatalog/dim6/dir.4-2;2-2/ordnung.1728/(1)^10(3)^10/group.6718	1728	da0a2b1dbf34897cf7341f0e7eb03272	0	90
carat/tables/qcatalog/dim6/dir.4-2;2-2/ordnung.1728/(1)^8(3)^10(9)^2/group.6719	1728	b8f537240212a9a8864140efbeea21e6	0	108
carat/tables/qcatalog/dim6/dir.4-2;2-2/ordnung.1728/(1)^8(3)^10(9)^2/group.6720	1728	e2ea3f084d77c09c539b7ca6775ccdaa	0	108
carat/tables/qcatalog/dim6/dir.4-2;2-2/ordnung.1728/(1)^9(3)^9/group.6721	1728	ef35b49226605c723b91d646ecd6654c	0	162
carat/tables/qcatalog/dim6/dir.4-2;2-2/ordnung.18/(1)^2(3)^4(9)^3(27)^1/min.612	18	cb7e5f335b2d057b9c10439679562255	0	9
carat/tables/qcatalog/dim6/dir.4-2;2-2/ordnung.18/(1)^2(3)^4(9)^3(27)^1/min.613	18	3af000cdb71ba7bba7858238bdaa7ad5	0	9
carat/tables/qcatalog/dim6/dir.4-2;2-2/ordnung.18/(3)^6(9)^6/min.614	18	be0e76455ecf0d134177d543609f23dd	0	9
carat/tables/qcatalog/dim6/dir.4-2;2-2/ordnung.216/(1)^2(3)^8(9)^2/group.6722	216	5afa8e1b7d57eba9b3277ec89b09292b	0	54
carat/tables/qcatalog/dim6/dir.4-2;2-2/ordnung.216/(1)^3(3)^11(9)^4/group.6723	216	4e735b6b38879707265c8da88aaa3a51	0	54
carat/tables/qcatalog/dim6/dir.4-2;2-2/ordnung.216/(1)^3(3)^11(9)^4/group.6724	216	2ee328854b738c4701e0c2c15c1766a5	0	36
carat/tables/qcatalog/dim6/dir.4-2;2-2/ordnung.216/(1)^3(3)^5(9)^2/group.6725	216	e0d51cff7a4bc047b9fb532ac6622529	0	108
carat/tables/qcatalog/dim6/dir.4-2;2-2/ordnung.216/(1)^3(3)^5(9)^2/group.6726	216	160d370afbda54a3d182512058d041e5	0	108
carat/tables/qcatalog/dim6/dir.4-2;2-2/ordnung.216/(1)^4(3)^10(9)^6/group.6727	216	8429840c293409c5639e485b21913a1f	0	24
carat/tables/qcatalog/dim6/dir.4-2;2-2/ordnung.216/(1)^4(3)^10(9)^6/group.6728	216	7efd7d5d31661999f57b1576f8e16777	0	30
carat/tables/qcatalog/dim6/dir.4-2;2-2/ordnung.216/(1)^4(3)^10(9)^6/group.6729	216	c8fc37aca62cac55fdf8ad1047ecad8f	0	36
carat/tables/qcatalog/dim6/dir.4-2;2-2/ordnung.216/(1)^4(3)^6(9)^2/group.6730	216	52bb27284d8a327dd0c1d5b8580cefd3	0	72
carat/tables/qcatalog/dim6/dir.4-2;2-2/ordnung.216/(1)^4(3)^6(9)^2/group.6731	216	9a15e5e397ffd23104fb5ecdc7c1d737	0	72
carat/tables/qcatalog/dim6/dir.4-2;2-2/ordnung.216/(1)^4(3)^6(9)^2/group.6732	216	859bfd801603647b26b8f7f57b098835	0	54
carat/tables/qcatalog/dim6/dir.4-2;2-2/ordnung.216/(1)^4(3)^6(9)^2/group.6733	216	31cb498d3fb1544b63a5f317e2c981cd	0	54
carat/tables/qcatalog/dim6/dir.4-2;2-2/ordnung.216/(1)^4(3)^6(9)^2/group.6734	216	704c22bda7867a7b57ccc32e80609e6d	0	54
carat/tables/qcatalog/dim6/dir.4-2;1;1/ordnung.96/(2)^6(6)^4/group.6306	96	ef8fc585df7371c5c5d466fe521f1bf7	1	36
carat/tables/qcatalog/dim6/dir.4-2;1;1/ordnung.96/(2)^6(6)^4/group.6307	96	a385d685c541370f0e6f6f13827de231	1	48
carat/tables/qcatalog/dim6/dir.4-2;1;1/ordnung.96/(2)^6(6)^4/group.6308	96	c3eb205633688e2d6fd16c49e2529ff3	1	60
carat/tables/qcatalog/dim6/dir.4-2;2-1/ordnung.1152/(1)^10(3)^6(6)^2(18)^2/group.6310	1152	19e17f35927707b7d6577c72d0a7fe35	0	90
carat/tables/qcatalog/dim6/dir.4-2;2-1/ordnung.1152/(1)^10(3)^6(6)^2(18)^2/group.6311	1152	5e7aa7cd69850b2bb377b63525973d29	0	90
carat/tables/qcatalog/dim6/dir.4-2;2-1/ordnung.1152/(1)^10(3)^6(6)^2/group.6309	1152	f4ec89c2a2bea041e8fdbdc5be95a10f	0	108
carat/tables/qcatalog/dim6/dir.4-2;2-1/ordnung.1152/(1)^12(3)^4(6)^4/group.6312	1152	4673196bae9e64d5709562bdb93f037b	0	72
carat/tables/qcatalog/dim6/dir.4-2;2-1/ordnung.1152/(1)^12(3)^4(6)^4/group.6313	1152	f391630e1ceb9bb5917e0f26e32d89eb	0	90
carat/tables/qcatalog/dim6/dir.4-2;2-1/ordnung.1152/(1)^12(3)^4(6)^4/group.6314	1152	0e68315ccf9acec1d002cf64ff0b7037	0	72
carat/tables/qcatalog/dim6/dir.4-2;2-1/ordnung.1152/(1)^12(3)^4(6)^4/group.6315	1152	268b75da8b0355012d1f156e3a4f6ac7	0	72
carat/tables/qcatalog/dim6/dir.4-2;2-1/ordnung.1152/(1)^12(3)^4(6)^4/group.6316	1152	89194d0b6a1969b7d10884fc53007ac5	0	72
carat/tables/qcatalog/dim6/dir.4-2;2-1/ordnung.1152/(1)^12(3)^4(6)^4/group.6317	1152	dfa0dcd452e95609b6a9dacb63a7bd07	0	72
carat/tables/qcatalog/dim6/dir.4-2;2-1/ordnung.1152/(1)^12(3)^4(6)^4/group.6318	1152	61f918647e2a2023084967ce0dfe9879	0	78
carat/tables/qcatalog/dim6/dir.4-2;2-1/ordnung.1152/(1)^12(3)^4(6)^4/group.6319	1152	6a7132a0961837d31990164124074e69	0	90
carat/tables/qcatalog/dim6/dir.4-2;2-1/ordnung.1152/(1)^12(3)^4(6)^4/group.6320	1152	62a27bb3c494bb8df8ddfa5ca7863967	0	120
carat/tables/qcatalog/dim6/dir.4-2;2-1/ordnung.1152/(1)^12(3)^4(6)^4/group.6321	1152	7883d103123d573fbd9ca4fc588067ad	0	72
carat/tables/qcatalog/dim6/dir.4-2;2-1/ordnung.1152/(1)^12(3)^4(6)^4/group.6322	1152	66a6b766ef88fcebff7319bcd509f351	0	78
carat/tables/qcatalog/dim6/dir.4-2;2-1/ordnung.1152/(1)^12(3)^4(6)^4/group.6323	1152	e1d6b102faf98afd3bf6b2d111c7cfbb	0	90
carat/tables/qcatalog/dim6/dir.4-2;2-1/ordnung.12/(6)^6/min.585	12	c6df98b4ed12afa38d9d30cb8bd3742d	0	6
carat/tables/qcatalog/dim6/dir.4-2;2-1/ordnung.144/(1)^10(3)^6(6)^2(18)^2/group.6326	144	04ae8d425b7059d528404dabfa85b1e3	0	18
carat/tables/qcatalog/dim6/dir.4-2;2-2/ordnung.432/(1)^10(3)^10/group.6848	432	2ad859ab30c99e0339b3bc84b72ed85d	0	42
carat/tables/qcatalog/dim6/dir.4-2;2-2/ordnung.432/(1)^10(3)^10/group.6849	432	f552945295e79447b9ea68a7fb650309	0	42
carat/tables/qcatalog/dim6/dir.4-2;2-2/ordnung.432/(1)^10(3)^10/group.6850	432	2c1c4be74c92a6afe12a156404be6ea1	0	42
carat/tables/qcatalog/dim6/dir.4-2;2-2/ordnung.432/(1)^10(3)^10/group.6851	432	cf32ef29d9bca37ddce1934eeff0d76f	0	42
carat/tables/qcatalog/dim6/dir.4-2;2-2/ordnung.432/(1)^10(3)^10/group.6852	432	6ce7c748fee7869df903fb4cfbc39c07	0	42
carat/tables/qcatalog/dim6/dir.4-2;2-2/ordnung.432/(1)^10(3)^10/group.6853	432	10704447690749d86759420c282522fa	0	51
carat/tables/qcatalog/dim6/dir.4-2;2-2/ordnung.432/(1)^10(3)^10/group.6854	432	128ebe12afc463e01424b1be13f13af2	0	51
carat/tables/qcatalog/dim6/dir.4-2;2-2/ordnung.432/(1)^10(3)^10/group.6855	432	130e39aec980d1469aaec1490e737760	0	51
carat/tables/qcatalog/dim6/dir.4-2;2-2/ordnung.432/(1)^10(3)^10/group.6856	432	63fbf9b2d0e3d9c232922903d3a9a15c	0	51
carat/tables/qcatalog/dim6/dir.4-2;2-2/ordnung.432/(1)^10(3)^10/group.6857	432	de6c1c73cc008751af01fb067aefac57	0	48
carat/tables/qcatalog/dim6/dir.4-2;2-2/ordnung.432/(1)^10(3)^10/group.6858	432	ef374e40da7948b92c44bc7ffafaf9af	0	48
carat/tables/qcatalog/dim6/dir.4-2;2-2/ordnung.432/(1)^10(3)^10/group.6859	432	f5acc80eab2bcd4774004beccb17d3c1	0	42
carat/tables/qcatalog/dim6/dir.4-2;2-2/ordnung.432/(1)^10(3)^10/group.6860	432	ad99b4d7004251c1bb77f3e6293fc4c3	0	42
carat/tables/qcatalog/dim6/dir.4-2;2-2/ordnung.432/(1)^10(3)^10/group.6861	432	9e57b61265239a78c131c47c82e4122e	0	39
carat/tables/qcatalog/dim6/dir.4-2;2-2/ordnung.432/(1)^10(3)^10/group.6862	432	b4541271052ac2903645780956bb5956	0	39
carat/tables/qcatalog/dim6/dir.4-2;2-2/ordnung.432/(1)^10(3)^10/group.6863	432	821dfbf6628bce4a7086502a1bbaf650	0	39
carat/tables/qcatalog/dim6/dir.4-2;2-2/ordnung.432/(1)^10(3)^10/group.6864	432	90a53bcac8a1306ea94a40db26855e94	0	39
carat/tables/qcatalog/dim6/dir.4-2;2-2/ordnung.432/(1)^4(3)^6(9)^2/group.6865	432	2d05c7d7a25396cb91f7c2fc1563c3b5	0	108
carat/tables/qcatalog/dim6/dir.4-2;2-2/ordnung.432/(1)^4(3)^6(9)^2/group.6866	432	b81a4975b0f229a70cc4c5cbd8af5111	0	108
carat/tables/qcatalog/dim6/dir.4-2;2-2/ordnung.432/(1)^5(3)^10(9)^5/group.6867	432	4f21f73b71714943ef8e467d1fe665dd	0	36
carat/tables/qcatalog/dim6/dir.4-2;2-2/ordnung.72/(1)^4(2)^2(6)^6/group.6988	72	e7731e2641a230502845667c3bd96b0a	0	15
carat/tables/qcatalog/dim6/dir.4-2;2-2/ordnung.72/(1)^4(2)^2(6)^6/group.6989	72	33b16ebf793dfaaef437221786def990	0	15
carat/tables/qcatalog/dim6/dir.4-2;2-2/ordnung.72/(1)^4(2)^2(6)^6/group.6990	72	e6b5ddc61bfa56481650c089439ba3aa	0	15
carat/tables/qcatalog/dim6/dir.4-2;2-2/ordnung.72/(1)^4(2)^2(6)^6/group.6991	72	18b9dfd3c49526b40aca360d5e243ef6	0	15
carat/tables/qcatalog/dim6/dir.4-2;2-2/ordnung.72/(1)^4(2)^2(6)^6/group.6992	72	13d07f6852d8e06445e92149b78fceaa	0	21
carat/tables/qcatalog/dim6/dir.4-2;2-2/ordnung.72/(1)^4(2)^2(6)^6/group.6993	72	fcbbdb74d2f0a7186902b20f05182356	0	21
carat/tables/qcatalog/dim6/dir.4-2;2-2/ordnung.72/(1)^4(2)^2(6)^6/group.6994	72	0f5a502a97224f7bd337847068b492f5	0	24
carat/tables/qcatalog/dim6/dir.4-2;2-2/ordnung.72/(1)^4(2)^2(6)^6/group.6995	72	9bc6d1e1fcb4310f195fe8feb7c2e039	0	24
carat/tables/qcatalog/dim6/dir.4-2;2-2/ordnung.72/(1)^4(2)^2(6)^6/group.6996	72	39456e46995ed5f7dcc4621d102784e5	0	18
carat/tables/qcatalog/dim6/dir.4-2;2-2/ordnung.72/(1)^4(2)^2(6)^6/group.6997	72	d43707099568b607c85a60ecdf506425	0	18
carat/tables/qcatalog/dim6/dir.4-2;2-2/ordnung.72/(1)^4(2)^2(6)^6/group.6998	72	481dfac885b040cf099921ca4aeef305	0	18
carat/tables/qcatalog/dim6/dir.4-2;2-2/ordnung.72/(1)^4(2)^2(6)^6/group.6999	72	ed3927d95e764933a4d91fe9561f8001	0	18
carat/tables/qcatalog/dim6/dir.4-2;2-2/ordnung.72/(1)^4(2)^2(6)^6/min.622	72	ffafe92c23ff7f743f3a5b47d7d8110e	0	27
carat/tables/qcatalog/dim6/dir.4-2;2-2/ordnung.72/(1)^4(2)^2(6)^6/min.623	72	e9a522e7abaa99f8e6827ffaf76623a2	0	27
carat/tables/qcatalog/dim6/dir.4-2;2-2/ordnung.72/(1)^4(2)^2(6)^6/min.624	72	8ac74dc5ea4cb024859f03e8184d1b2e	0	27
carat/tables/qcatalog/dim6/dir.4-2;2-2/ordnung.72/(1)^4(2)^2(6)^6/min.625	72	9cb57369ba04e0ae49bc515559739ed0	0	27
carat/tables/qcatalog/dim6/dir.4-2;2-2/ordnung.72/(1)^4(3)^6(9)^2/group.7000	72	c344015b3044a1a36620df4ce1b305b1	0	36
carat/tables/qcatalog/dim6/dir.4-2;2-2/ordnung.72/(1)^4(3)^6(9)^2/group.7001	72	05aa77fe1e8408bb8b68e02d9702b3e1	0	36
carat/tables/qcatalog/dim6/dir.4-2;2-2/ordnung.72/(1)^4(3)^8(9)^6(27)^2/group.7002	72	95e0b9ef01a7ab2fcbca86a1e0ffbad5	0	18
carat/tables/qcatalog/dim6/dir.4-2;2-2/ordnung.72/(1)^4(6)^4/group.7003	72	aedb0086f03d25ed1b055c8adac8abab	0	18
carat/tables/qcatalog/dim6/dir.4-2;2-2/ordnung.48/(1)^4(4)^2(12)^6/group.6968	48	84050c31426213f00517c1c24832358e	0	18
carat/tables/qcatalog/dim6/dir.4-2;2-2/ordnung.48/(1)^4(4)^2(12)^6/group.6969	48	2b43200bfaf34452b5a0c752beceadd8	0	24
carat/tables/qcatalog/dim6/dir.4-2;2-2/ordnung.54/(1)^2(3)^5(9)^3/group.6970	54	76071ced27731c1369d21e1c6b164525	0	27
carat/tables/qcatalog/dim6/dir.4-2;2-2/ordnung.54/(1)^2(3)^5(9)^3/group.6971	54	4cd515a9b3f16d0baed44abff57490bd	0	27
carat/tables/qcatalog/dim6/dir.4-2;2-2/ordnung.54/(3)^10(9)^2/group.6972	54	9bb2f2b317d3261cc6de724d15e199c2	0	18
carat/tables/qcatalog/dim6/dir.4-2;2-2/ordnung.576/(1)^4(2)^6(6)^10/group.6973	576	9f66b89f6834e1508c4ce2197f1650c2	0	90
carat/tables/qcatalog/dim6/dir.4-2;2-2/ordnung.72/(1)^2(2)^1(6)^3/group.6974	72	abe50fbb8137f1653ba7e086253cab2b	0	36
carat/tables/qcatalog/dim6/dir.4-2;2-2/ordnung.72/(1)^2(2)^3(6)^5/group.6975	72	33e0f24bfe9cdf74bcc0ecb2104f28ce	0	27
carat/tables/qcatalog/dim6/dir.4-2;2-2/ordnung.72/(1)^2(2)^3(6)^5/group.6976	72	8e4e9851a0d56fc2c69dad44db0addec	0	27
carat/tables/qcatalog/dim6/dir.4-2;2-2/ordnung.72/(1)^2(2)^3(6)^5/group.6977	72	f7eeae0c606065728c3f2b4db2b98414	0	27
carat/tables/qcatalog/dim6/dir.4-2;2-2/ordnung.72/(1)^2(2)^3(6)^5/group.6978	72	974e4ed976ea01446e9e08abebeadcf6	0	27
carat/tables/qcatalog/dim6/dir.4-2;2-2/ordnung.72/(1)^2(2)^3(6)^5/group.6979	72	fe65320bab18f61743f40c25c4bdc1b5	0	36
carat/tables/qcatalog/dim6/dir.4-2;2-2/ordnung.72/(1)^2(2)^3(6)^5/group.6980	72	a5ffbc25b462ca0bcd667cdd163aa931	0	36
carat/tables/qcatalog/dim6/dir.4-2;2-2/ordnung.72/(1)^2(2)^3(6)^5/group.6981	72	1736e95625aa7dc733b042b8c2c3a50d	0	36
carat/tables/qcatalog/dim6/dir.4-2;2-2/ordnung.72/(1)^2(2)^3(6)^5/group.6982	72	7f0eb608967d8cfb009d9e8a790d80b9	0	36
carat/tables/qcatalog/dim6/dir.4-2;2-2/ordnung.72/(1)^2(2)^3(6)^5/group.6983	72	d76840ee2e2fa26a2b69333ec9434d50	0	45
carat/tables/qcatalog/dim6/dir.4-2;2-2/ordnung.72/(1)^2(2)^3(6)^5/group.6984	72	928ca65e5609ca28266a142ef1814a3e	0	45
carat/tables/qcatalog/dim6/dir.4-2;2-2/ordnung.72/(1)^2(2)^3(6)^5/group.6985	72	5bbdcd23bc251038c6d9539cce6dd8fe	0	45
carat/tables/qcatalog/dim6/dir.4-2;2-2/ordnung.72/(1)^3(3)^5(9)^2/group.6986	72	6893f11e50659ca53566426875838073	0	36
carat/tables/qcatalog/dim6/dir.4-2;2-2/ordnung.72/(1)^3(3)^5(9)^2/group.6987	72	03072577cb501c91b980fb6b084d3a1f	0	36
carat/tables/qcatalog/dim6/dir.4-2;2-2/ordnung.432/(1)^7(3)^10(9)^3/group.6908	432	6001066d7131a32cdb98f09aa74d59e2	0	27
carat/tables/qcatalog/dim6/dir.4-2;2-2/ordnung.432/(1)^7(3)^10(9)^3/group.6909	432	f571ad74c44464981c416d189cf88b36	0	27
carat/tables/qcatalog/dim6/dir.4-2;2-2/ordnung.432/(1)^7(3)^10(9)^3/group.6910	432	9afbb1b060b02cbc182a5fcd0e436afa	0	27
carat/tables/qcatalog/dim6/dir.4-2;2-2/ordnung.432/(1)^7(3)^10(9)^3/group.6911	432	327dea012d7a065e902d0377cfe927e4	0	27
carat/tables/qcatalog/dim6/dir.4-2;2-2/ordnung.432/(1)^7(3)^10(9)^3/group.6912	432	d8e95ad7f14a575266086d9c451a3088	0	27
carat/tables/qcatalog/dim6/dir.4-2;2-2/ordnung.432/(1)^7(3)^10(9)^3/group.6913	432	40e853431241902aefc310f5d4224198	0	27
carat/tables/qcatalog/dim6/dir.4-2;2-2/ordnung.432/(1)^7(3)^10(9)^3/group.6914	432	58d87cffa0b1031424bf13a631fcad1a	0	27
carat/tables/qcatalog/dim6/dir.4-2;2-2/ordnung.432/(1)^7(3)^10(9)^3/group.6915	432	5259197ed9f7829d0118d31f51e9641b	0	36
carat/tables/qcatalog/dim6/dir.4-2;2-2/ordnung.432/(1)^7(3)^10(9)^3/group.6916	432	ecab6bebe0dce46f26849a9d9d514c49	0	30
carat/tables/qcatalog/dim6/dir.4-2;2-2/ordnung.432/(1)^7(3)^9(9)^2/group.6917	432	b760a2177b7f7c47bcdf2ba505f5413d	0	54
carat/tables/qcatalog/dim6/dir.4-2;2-2/ordnung.432/(1)^7(3)^9(9)^2/group.6918	432	31aeecbbaa274da32b34e903e9e3ac19	0	54
carat/tables/qcatalog/dim6/dir.4-2;2-2/ordnung.432/(1)^7(3)^9(9)^2/group.6919	432	aa6d8dea4e17bd63d18dc556e44baa71	0	54
carat/tables/qcatalog/dim6/dir.4-2;2-2/ordnung.432/(1)^7(3)^9(9)^2/group.6920	432	ffde5e3fa84bd9e7f4d91b758a7ce14d	0	54
carat/tables/qcatalog/dim6/dir.4-2;2-2/ordnung.432/(1)^7(3)^9(9)^2/group.6921	432	e6c00d949f270867c1ded21c164d3835	0	54
carat/tables/qcatalog/dim6/dir.4-2;2-2/ordnung.432/(1)^7(3)^9(9)^2/group.6922	432	6fe421d75df3577f07e045f7e90d925d	0	54
carat/tables/qcatalog/dim6/dir.4-2;2-2/ordnung.432/(1)^7(3)^9(9)^2/group.6923	432	24326957a42b93dbdd2d8ed76407f6d9	0	54
carat/tables/qcatalog/dim6/dir.4-2;2-2/ordnung.432/(1)^7(3)^9(9)^2/group.6924	432	1e54ca009b451813001421585565b241	0	54
carat/tables/qcatalog/dim6/dir.4-2;2-2/ordnung.432/(1)^7(3)^9(9)^2/group.6925	432	2445206877ba899b073683c142da74d9	0	54
carat/tables/qcatalog/dim6/dir.4-2;2-2/ordnung.432/(1)^7(3)^9(9)^2/group.6926	432	39ea074e662ef595cc96d850428d7c03	0	54
carat/tables/qcatalog/dim6/dir.4-2;2-2/ordnung.432/(1)^7(3)^9(9)^2/group.6927	432	d5ddeafb5ac8d02916fa27ed1ccbad07	0	54
carat/tables/qcatalog/dim6/dir.4-2;2-2/ordnung.432/(1)^8(3)^10(9)^2/group.6948	432	291ba82de20b787b6a74116ba1f56501	0	36
carat/tables/qcatalog/dim6/dir.4-2;2-2/ordnung.432/(1)^8(3)^10(9)^2/group.6949	432	11e7a0cf8bcb40e36c792f9d022641a9	0	36
carat/tables/qcatalog/dim6/dir.4-2;2-2/ordnung.432/(1)^8(3)^10(9)^2/group.6950	432	52dbf450c2f1391aa0612f2a42afdf90	0	27
carat/tables/qcatalog/dim6/dir.4-2;2-2/ordnung.432/(1)^8(3)^10(9)^2/group.6951	432	241a7d6afbd354cb9546d19d3854300d	0	30
carat/tables/qcatalog/dim6/dir.4-2;2-2/ordnung.432/(1)^8(3)^10(9)^2/group.6952	432	5f15500239b6f0b96715bbffed841ea7	0	36
carat/tables/qcatalog/dim6/dir.4-2;2-2/ordnung.432/(1)^8(3)^10(9)^2/group.6953	432	5ba507a4c0f979019e23f1801798f6e7	0	36
carat/tables/qcatalog/dim6/dir.4-2;2-2/ordnung.432/(1)^8(3)^10(9)^2/group.6954	432	dd9daf29f76f86ab09c7044b1d306c6d	0	30
carat/tables/qcatalog/dim6/dir.4-2;2-2/ordnung.432/(1)^9(3)^9/group.6955	432	d53d34b35419edc3647bc1053be1b411	0	54
carat/tables/qcatalog/dim6/dir.4-2;2-2/ordnung.432/(1)^9(3)^9/group.6956	432	d260f11262a2fa4bef3f860c8997b825	0	72
carat/tables/qcatalog/dim6/dir.4-2;2-2/ordnung.432/(1)^9(3)^9/group.6957	432	b0705104e1f94d573f3c4603f04fe219	0	72
carat/tables/qcatalog/dim6/dir.4-2;2-2/ordnung.432/(1)^9(3)^9/group.6958	432	75eed1fc3537c91f5b624faae0dfaf7d	0	54
carat/tables/qcatalog/dim6/dir.4-2;2-2/ordnung.432/(1)^9(3)^9/group.6959	432	e55d250442d3c57727854b2b34e3f071	0	72
carat/tables/qcatalog/dim6/dir.4-2;2-2/ordnung.432/(1)^9(3)^9/group.6960	432	ec02915d7ec066c32c890280ecfedea5	0	72
carat/tables/qcatalog/dim6/dir.4-2;2-2/ordnung.432/(1)^9(3)^9/group.6961	432	3719bd9fb82c10d70c642282f0a71965	0	54
carat/tables/qcatalog/dim6/dir.4-2;2-2/ordnung.432/(1)^9(3)^9/group.6962	432	ac12f9f40788cd33f3934c2a68ccbae5	0	72
carat/tables/qcatalog/dim6/dir.4-2;2-2/ordnung.432/(1)^9(3)^9/group.6963	432	f31d46b3bfc78ecf297808571a894501	0	72
carat/tables/qcatalog/dim6/dir.4-2;2-2/ordnung.48/(1)^2(2)^3(6)^1(12)^4/group.6964	48	c6f38158cc1210f0a079273592a443d2	0	30
carat/tables/qcatalog/dim6/dir.4-2;2-2/ordnung.48/(1)^4(2)^6(6)^2(12)^8/group.6965	48	a1e455c546bccb9722f65df1e4d727f5	0	15
carat/tables/qcatalog/dim6/dir.4-2;2-2/ordnung.48/(1)^4(2)^6(6)^2(12)^8/group.6966	48	a3ef3140fdaebd214af7617d004ce8df	0	15
carat/tables/qcatalog/dim6/dir.4-2;2-2/ordnung.48/(1)^4(2)^6(6)^2(12)^8/group.6967	48	81cbba6599ff8bfd0810d4da34553d3b	0	15
carat/tables/qcatalog/dim6/dir.4-2;2-2/ordnung.24/(1)^4(4)^2(12)^6/group.6812	24	775684c351874223263387cd1b6ed081	0	9
carat/tables/qcatalog/dim6/dir.4-2;2-2/ordnung.24/(1)^4(4)^2(12)^6/group.6813	24	4b3c60a791330c16cce9098ba636ccb8	0	12
carat/tables/qcatalog/dim6/dir.4-2;2-2/ordnung.24/(1)^4(4)^2(12)^6/group.6814	24	c7704426242d17269a64e60b0bf97ee0	0	12
carat/tables/qcatalog/dim6/dir.4-2;2-2/ordnung.288/(1)^10(3)^10/group.6815	288	65aba9d02b8cff002aa437255d2a82ee	0	48
carat/tables/qcatalog/dim6/dir.4-2;2-2/ordnung.288/(1)^2(2)^7(6)^9/group.6816	288	979d80053ae0b6aca38339bd0944a4ba	0	90
carat/tables/qcatalog/dim6/dir.4-2;2-2/ordnung.288/(1)^4(2)^2(6)^6/group.6817	288	00af7fe1525e39d2f3c3b1d4762e6a78	0	54
carat/tables/qcatalog/dim6/dir.4-2;2-2/ordnung.288/(1)^4(2)^2(6)^6/group.6818	288	5285fbea9c4683787512309d5c00871e	0	72
carat/tables/qcatalog/dim6/dir.4-2;2-2/ordnung.288/(1)^4(2)^2(6)^6/group.6819	288	076f19dab2f5213a751e059056292f68	0	90
carat/tables/qcatalog/dim6/dir.4-2;2-2/ordnung.288/(1)^4(2)^6(6)^10/group.6820	288	9d76f54c4df5929be2d39725321c58ad	0	45
carat/tables/qcatalog/dim6/dir.4-2;2-2/ordnung.288/(1)^4(2)^6(6)^10/group.6821	288	48e326c6661b86a3cef9ccb2c7b132f5	0	45
carat/tables/qcatalog/dim6/dir.4-2;2-2/ordnung.288/(1)^4(2)^6(6)^10/group.6822	288	44d0fe9a945b8c0e9762be1ffd158204	0	48
carat/tables/qcatalog/dim6/dir.4-2;2-2/ordnung.288/(1)^4(2)^6(6)^10/group.6823	288	393b8bb0954cca9d0420960fd3c11a4f	0	45
carat/tables/qcatalog/dim6/dir.4-2;2-2/ordnung.288/(1)^4(2)^6(6)^10/group.6824	288	e767af0eb87e9da9a5c7e6cc2939ab2b	0	45
carat/tables/qcatalog/dim6/dir.4-2;2-2/ordnung.288/(1)^4(2)^6(6)^10/group.6825	288	57fe5a181a77d9e2eeced89217c5a078	0	48
carat/tables/qcatalog/dim6/dir.4-2;2-2/ordnung.288/(1)^4(2)^6(6)^10/group.6826	288	edf73c2d31f0ac7499f736dd310193d2	0	54
carat/tables/qcatalog/dim6/dir.4-2;2-2/ordnung.288/(1)^4(2)^6(6)^10/group.6827	288	5eda73c6872532044d0ac711ead74212	0	54
carat/tables/qcatalog/dim6/dir.4-2;2-2/ordnung.288/(1)^4(2)^6(6)^10/group.6828	288	0c6ed7e69d07f5406da293f0f33a2a92	0	60
carat/tables/qcatalog/dim6/dir.4-2;2-2/ordnung.288/(1)^4(2)^6(6)^10/group.6829	288	b3dcc955823e27af6674e29a28dab039	0	45
carat/tables/qcatalog/dim6/dir.4-2;2-2/ordnung.288/(1)^4(2)^6(6)^10/group.6830	288	c8f3888c4afd3aa521784a3aac41e36f	0	45
carat/tables/qcatalog/dim6/dir.4-2;2-2/ordnung.3456/(1)^10(3)^10/group.6831	3456	87c0302a78415180f07e1812b645b206	0	162
carat/tables/qcatalog/dim6/dir.4-2;2-2/ordnung.432/(1)^8(3)^10(9)^2/group.6928	432	2857652a38c7ec0ffa9a3a75c375e66d	0	36
carat/tables/qcatalog/dim6/dir.4-2;2-2/ordnung.432/(1)^8(3)^10(9)^2/group.6929	432	9ebbe0b08aa925db25f5d0f7151ce229	0	36
carat/tables/qcatalog/dim6/dir.4-2;2-2/ordnung.432/(1)^8(3)^10(9)^2/group.6930	432	571b4279b2a6dc5d0cc7b9696bb73e43	0	36
carat/tables/qcatalog/dim6/dir.4-2;2-2/ordnung.432/(1)^8(3)^10(9)^2/group.6931	432	a2dbc33a3514242bda69c53a7024ef75	0	30
carat/tables/qcatalog/dim6/dir.4-2;2-2/ordnung.432/(1)^8(3)^10(9)^2/group.6932	432	df0e6692c6aea5656ade62ae45578fd7	0	30
carat/tables/qcatalog/dim6/dir.4-2;2-2/ordnung.432/(1)^8(3)^10(9)^2/group.6933	432	46ce306b9be5d0478c12c6ed1704d8c5	0	36
carat/tables/qcatalog/dim6/dir.4-2;2-2/ordnung.432/(1)^8(3)^10(9)^2/group.6934	432	f9baf011761b248b2ef4df1ed5cdcca1	0	36
carat/tables/qcatalog/dim6/dir.4-2;2-2/ordnung.432/(1)^8(3)^10(9)^2/group.6935	432	8c3fb64a321d3b837f81e761deaffd59	0	36
carat/tables/qcatalog/dim6/dir.4-2;2-2/ordnung.432/(1)^8(3)^10(9)^2/group.6936	432	3ff472614c20e05733d30d4c175256ad	0	36
carat/tables/qcatalog/dim6/dir.4-2;2-2/ordnung.432/(1)^8(3)^10(9)^2/group.6937	432	409903eb157fefd178f181d52d28a693	0	30
carat/tables/qcatalog/dim6/dir.4-2;2-2/ordnung.432/(1)^8(3)^10(9)^2/group.6938	432	bee652b2afea07df5f03635ac5216fb9	0	30
carat/tables/qcatalog/dim6/dir.4-2;2-2/ordnung.432/(1)^8(3)^10(9)^2/group.6939	432	71f7fe9d1a0af6d1668f0d0a14ce69d7	0	36
carat/tables/qcatalog/dim6/dir.4-2;2-2/ordnung.432/(1)^8(3)^10(9)^2/group.6940	432	81d40a767f3ebc524c0cc939e5bebcf0	0	27
carat/tables/qcatalog/dim6/dir.4-2;2-2/ordnung.432/(1)^8(3)^10(9)^2/group.6941	432	cc7a200b37a38f3fefeda92075f8517d	0	36
carat/tables/qcatalog/dim6/dir.4-2;2-2/ordnung.432/(1)^8(3)^10(9)^2/group.6942	432	3aef6e25c524f036a5fd65d7a2a25264	0	27
carat/tables/qcatalog/dim6/dir.4-2;2-2/ordnung.432/(1)^8(3)^10(9)^2/group.6943	432	db352636f554f66004332066a01e038e	0	27
carat/tables/qcatalog/dim6/dir.4-2;2-2/ordnung.432/(1)^8(3)^10(9)^2/group.6944	432	9dfecd469068125c9ba45445f16ce472	0	27
carat/tables/qcatalog/dim6/dir.4-2;2-2/ordnung.432/(1)^8(3)^10(9)^2/group.6945	432	db528cf0b1b33b70dcc752fe8c367cb6	0	27
carat/tables/qcatalog/dim6/dir.4-2;2-2/ordnung.432/(1)^8(3)^10(9)^2/group.6946	432	2af1949289939cfa927c66630db2e900	0	27
carat/tables/qcatalog/dim6/dir.4-2;2-2/ordnung.432/(1)^8(3)^10(9)^2/group.6947	432	a6024cbab8bafe9098b21d401c8cbe8e	0	27
carat/tables/qcatalog/dim6/dir.4-1;2-2/ordnung.576/(1)^8(2)^10(6)^2/group.5727	576	ac17c63b692346a1390af9e5f8b5e5cf	0	24
carat/tables/qcatalog/dim6/dir.4-1;2-2/ordnung.576/(1)^8(2)^2(6)^10/group.5728	576	c97cadbe0f35edaa96187dfa4da16344	0	48
carat/tables/qcatalog/dim6/dir.4-1;2-2/ordnung.6912/(1)^10(2)^7(6)^1/group.5729	6912	b17681ae0bd7d8a61ec30dfdadac55a4	0	150
carat/tables/qcatalog/dim6/dir.4-1;2-2/ordnung.6912/(1)^10(2)^8(12)^2/group.5730	6912	7dbf724f05a1142e96eaa04259b3bddc	0	138
carat/tables/qcatalog/dim6/dir.4-1;2-2/ordnung.6912/(1)^12(2)^6(6)^2/group.5731	6912	b8069b04287757269428ae9c2f9d6d14	0	96
carat/tables/qcatalog/dim6/dir.4-1;2-2/ordnung.6912/(1)^12(2)^6(6)^2/group.5732	6912	2e408980ef9484123b254492b4a03eb0	0	75
carat/tables/qcatalog/dim6/dir.4-1;2-2/ordnung.6912/(1)^12(2)^6(6)^2/group.5733	6912	46d4fd329f97ca8460ecb0856b664472	0	120
carat/tables/qcatalog/dim6/dir.4-1;2-2/ordnung.6912/(1)^12(2)^6(6)^2/group.5734	6912	6e7084ab33c900ba551a63d673b19278	0	75
carat/tables/qcatalog/dim6/dir.4-1;2-2/ordnung.6912/(1)^12(2)^6(6)^2/group.5735	6912	8db946026f91cfa0ed5c1520e7afecba	0	90
carat/tables/qcatalog/dim6/dir.4-1;2-2/ordnung.6912/(1)^12(2)^6(6)^2/group.5736	6912	320332e1139aad16e8a799c4f0036b6c	0	75
carat/tables/qcatalog/dim6/dir.4-1;2-2/ordnung.72/(1)^2(2)^2(4)^1(12)^1/group.5737	72	1c7b309532056804b9116ba65ec46c06	0	21
carat/tables/qcatalog/dim6/dir.4-1;2-2/ordnung.72/(1)^2(2)^3(6)^5/group.5738	72	4a83505602db42709865d03db7f8885e	0	45
carat/tables/qcatalog/dim6/dir.4-1;2-2/ordnung.72/(1)^2(2)^3(6)^5/group.5739	72	446c0b35ea111d3404e4e1ff3f8b7c96	0	21
carat/tables/qcatalog/dim6/dir.4-1;2-2/ordnung.72/(1)^2(2)^3(6)^5/group.5740	72	4ac386ad16968f289600af7df0754bfe	0	45
carat/tables/qcatalog/dim6/dir.4-1;2-2/ordnung.72/(1)^2(2)^3(6)^5/min.544	72	7e758f41335af425935a1331b153dd43	0	36
carat/tables/qcatalog/dim6/dir.4-1;2-2/ordnung.72/(1)^2(2)^3(6)^5/min.545	72	576217af51d897e50dbaeca455279bc3	0	36
carat/tables/qcatalog/dim6/dir.4-1;2-2/ordnung.72/(1)^4(2)^1(6)^5/group.5741	72	d5d223752377a93462d814b11b8a0566	0	21
carat/tables/qcatalog/dim6/dir.4-1;2-2/ordnung.72/(1)^4(2)^2(6)^6/group.5742	72	b21f2d6e7b9fbe25a9470451e3aea667	0	24
carat/tables/qcatalog/dim6/dir.4-1;2-2/ordnung.72/(1)^4(2)^2(6)^6/group.5743	72	109c56bb960b09aa17e63cf318ceb03c	0	27
carat/tables/qcatalog/dim6/dir.4-1;2-2/ordnung.72/(1)^4(2)^2(6)^6/group.5744	72	5ce8676b905e8b20545d4a9e4a206b6a	0	27
carat/tables/qcatalog/dim6/dir.4-2;2-2/ordnung.432/(1)^6(3)^10(9)^4/group.6888	432	3fd6ee4c5189511d98ba36cb50d53cb7	0	72
carat/tables/qcatalog/dim6/dir.4-2;2-2/ordnung.432/(1)^6(3)^10(9)^4/group.6889	432	d65be42df4685c73a755e130bf27e9a5	0	54
carat/tables/qcatalog/dim6/dir.4-2;2-2/ordnung.432/(1)^6(3)^10(9)^4/group.6890	432	35bc9828571bb1235eca98a6051e9cfd	0	54
carat/tables/qcatalog/dim6/dir.4-2;2-2/ordnung.432/(1)^6(3)^10(9)^4/group.6891	432	2d20eb0e3d02cbc5fff4a67f5c6e4747	0	72
carat/tables/qcatalog/dim6/dir.4-2;2-2/ordnung.432/(1)^6(3)^10(9)^4/group.6892	432	bd72eac7367659672553991eb6728e29	0	66
carat/tables/qcatalog/dim6/dir.4-2;2-2/ordnung.432/(1)^6(3)^10(9)^4/group.6893	432	10e0c40e77ffc59d592e191b5cad882f	0	66
carat/tables/qcatalog/dim6/dir.4-2;2-2/ordnung.432/(1)^6(3)^10(9)^4/group.6894	432	a7dd5d36364225bf4a7c33eaabe5c149	0	54
carat/tables/qcatalog/dim6/dir.4-2;2-2/ordnung.432/(1)^6(3)^10(9)^4/group.6895	432	eb21289e551a4da3d818b026c98c4275	0	54
carat/tables/qcatalog/dim6/dir.4-2;2-2/ordnung.432/(1)^6(3)^10(9)^4/group.6896	432	65e2f4f454b0c24e75832dcc3433535c	0	45
carat/tables/qcatalog/dim6/dir.4-2;2-2/ordnung.432/(1)^6(3)^10(9)^4/group.6897	432	3842d0719882d8c64e8ee5640526c02c	0	45
carat/tables/qcatalog/dim6/dir.4-2;2-2/ordnung.432/(1)^6(3)^10(9)^4/group.6898	432	c9bb01ed1aee84a6a83e5efa06a91abc	0	45
carat/tables/qcatalog/dim6/dir.4-2;2-2/ordnung.432/(1)^6(3)^10(9)^4/group.6899	432	3653701d74e55bf60a7de8e50309ad94	0	45
carat/tables/qcatalog/dim6/dir.4-2;2-2/ordnung.432/(1)^6(3)^6/group.6900	432	5f09ca983cb4bab9826f962cbd171db3	0	90
carat/tables/qcatalog/dim6/dir.4-2;2-2/ordnung.432/(1)^6(3)^6/group.6901	432	4181bb12ed3562070c329899d043f159	0	90
carat/tables/qcatalog/dim6/dir.4-2;2-2/ordnung.432/(1)^6(3)^6/group.6902	432	3305268550dcda9ee1b405869ef62700	0	81
carat/tables/qcatalog/dim6/dir.4-2;2-2/ordnung.432/(1)^6(3)^6/group.6903	432	3adaf33df1a83b2e122282e25feaed68	0	81
carat/tables/qcatalog/dim6/dir.4-2;2-2/ordnung.432/(1)^6(3)^6/group.6904	432	8de2e32d0562aebe96bbee5762a660a0	0	81
carat/tables/qcatalog/dim6/dir.4-2;2-2/ordnung.432/(1)^6(3)^6/group.6905	432	a4791e554960482e2ef54f7638521178	0	81
carat/tables/qcatalog/dim6/dir.4-2;2-2/ordnung.432/(1)^6(3)^6/group.6906	432	4f93fcd51679fca3ed321294ce44be21	0	126
carat/tables/qcatalog/dim6/dir.4-2;2-2/ordnung.432/(1)^7(3)^10(9)^3/group.6907	432	2273bc0b81204cc2ecdc99baa65045a0	0	27
carat/tables/qcatalog/dim6/dir.4-3';1;1/ordnung.10/(1)^1(5)^3(10)^2/min.628	10	78cb23ad0461ba74cfa9eea3df5238ba	1	10
carat/tables/qcatalog/dim6/dir.4-3';1;1/ordnung.10/(1)^2(5)^6(50)^2/min.629	10	2bc640359dd7667c1ec605258637ff52	1	4
carat/tables/qcatalog/dim6/dir.4-3';1;1/ordnung.20/(1)^1(5)^3(10)^2/group.7102	20	fe9435c3c7719696f0393346fcf71034	1	20
carat/tables/qcatalog/dim6/dir.4-3';1;1/ordnung.20/(1)^2(5)^6(50)^2/group.7103	20	ce3e58c443652f1608728828b0ce2d44	1	8
carat/tables/qcatalog/dim6/dir.4-3';1;1/ordnung.20/(1)^3(5)^1(10)^2/group.7104	20	e55ac32dd6dbeedec9b271eec002a24c	1	20
carat/tables/qcatalog/dim6/dir.4-3';1;1/ordnung.20/(1)^3(5)^1(10)^2/group.7105	20	b03b0b372d6acdce002392371ff056bc	1	20
carat/tables/qcatalog/dim6/dir.4-3';1;1/ordnung.20/(1)^3(5)^1(10)^2/group.7106	20	7788941760f797de493290a8a969d18c	1	20
carat/tables/qcatalog/dim6/dir.4-3';1;1/ordnung.20/(1)^3(5)^5(10)^1(50)^1/group.7107	20	420737abc429b66619ba74cc51b7e974	1	8
carat/tables/qcatalog/dim6/dir.4-3';1;1/ordnung.20/(1)^3(5)^5(10)^1(50)^1/group.7108	20	8b1c90a427ef91362bb7a91a2e28a684	1	8
carat/tables/qcatalog/dim6/dir.4-3';1;1/ordnung.20/(1)^3(5)^5(10)^1(50)^1/group.7109	20	c0c6b4c8db82f9e6f5bce5b4ee0f0bd4	1	8
carat/tables/qcatalog/dim6/dir.4-3';1;1/ordnung.20/(1)^3(5)^5(10)^1(50)^1/group.7110	20	2453c7578fca11f60b9749b4eee110c4	1	8
carat/tables/qcatalog/dim6/dir.4-3';1;1/ordnung.20/(1)^4(5)^4(10)^2/group.7111	20	683ebb7d69dcc896d90fff9ebfef3e44	1	8
carat/tables/qcatalog/dim6/dir.4-3';1;1/ordnung.20/(1)^4(5)^4(10)^2/group.7112	20	ee32864a8f096fa6a920952b65fa75b4	1	8
carat/tables/qcatalog/dim6/dir.4-3';1;1/ordnung.40/(1)^3(5)^1(10)^2/group.7113	40	10064cdcce8f7374d2c3ca75759d0c46	1	40
carat/tables/qcatalog/dim6/dir.4-3';1;1/ordnung.40/(1)^3(5)^5(10)^1(50)^1/group.7114	40	8d1e25db46c0d81c81f1c07b7399bdee	1	16
carat/tables/qcatalog/dim6/dir.4-3';1;1/ordnung.40/(1)^4(5)^4(10)^2/group.7115	40	bddfd2d63d81201ccda557889f584f3e	1	16
carat/tables/qcatalog/dim6/dir.4-3';1;1/ordnung.40/(1)^4(5)^4(10)^2/group.7116	40	5b85dc73e6e235dcd633c93137eaefbe	1	16
carat/tables/qcatalog/dim6/dir.4-3';1;1/ordnung.40/(1)^4(5)^4(10)^2/group.7117	40	1182f3ac5a1616248f73f49eefb04686	1	16
carat/tables/qcatalog/dim6/dir.4-3';1;1/ordnung.40/(1)^4(5)^4(10)^2/group.7118	40	304c8ed4592f6d245130d0b1cb48d496	1	16
carat/tables/qcatalog/dim6/dir.4-3';1;1/ordnung.40/(1)^4(5)^4(10)^2/group.7119	40	d24e162bb652b85c11eb071e67976a7e	1	16
carat/tables/qcatalog/dim6/dir.4-2;2-2/ordnung.432/(1)^5(3)^10(9)^5/group.6868	432	a41697259943bbbfa7370f39d8a2aec1	0	54
carat/tables/qcatalog/dim6/dir.4-2;2-2/ordnung.432/(1)^5(3)^11(9)^2/group.6869	432	dc4e052bb750517786bc6b547809aa25	0	54
carat/tables/qcatalog/dim6/dir.4-2;2-2/ordnung.432/(1)^5(3)^5/group.6870	432	44a4942dc963b5c38ea150da079cacfd	0	162
carat/tables/qcatalog/dim6/dir.4-2;2-2/ordnung.432/(1)^5(3)^9(9)^4/group.6871	432	c39938479e18b06dbd62b1328d81b9cb	0	72
carat/tables/qcatalog/dim6/dir.4-2;2-2/ordnung.432/(1)^5(3)^9(9)^4/group.6872	432	7191dc0512b8bd8574da48b155488def	0	108
carat/tables/qcatalog/dim6/dir.4-2;2-2/ordnung.432/(1)^5(3)^9(9)^4/group.6873	432	152ca1de220b90ede34c1d083f0d26d7	0	108
carat/tables/qcatalog/dim6/dir.4-2;2-2/ordnung.432/(1)^5(3)^9(9)^4/group.6874	432	59535b1ec125692134db63ee1ec85833	0	90
carat/tables/qcatalog/dim6/dir.4-2;2-2/ordnung.432/(1)^6(3)^10(9)^4/group.6875	432	72e9803224ce5e230ab5aa0cf25c9d25	0	36
carat/tables/qcatalog/dim6/dir.4-2;2-2/ordnung.432/(1)^6(3)^10(9)^4/group.6876	432	69417a5f9d076adb90b4c5e64b3a972d	0	36
carat/tables/qcatalog/dim6/dir.4-2;2-2/ordnung.432/(1)^6(3)^10(9)^4/group.6877	432	4573ff072c2c29cb9e76f3e668957349	0	60
carat/tables/qcatalog/dim6/dir.4-2;2-2/ordnung.432/(1)^6(3)^10(9)^4/group.6878	432	736f70949f6eee8370b5e3119dae53d1	0	60
carat/tables/qcatalog/dim6/dir.4-2;2-2/ordnung.432/(1)^6(3)^10(9)^4/group.6879	432	a3f0006fead1f7cf2d91e6ddd7ad78d1	0	48
carat/tables/qcatalog/dim6/dir.4-2;2-2/ordnung.432/(1)^6(3)^10(9)^4/group.6880	432	f990537fb2768373f97d3988ed21003d	0	54
carat/tables/qcatalog/dim6/dir.4-2;2-2/ordnung.432/(1)^6(3)^10(9)^4/group.6881	432	3cc3e45981ec1ee75c55887421e25db1	0	54
carat/tables/qcatalog/dim6/dir.4-2;2-2/ordnung.432/(1)^6(3)^10(9)^4/group.6882	432	9283f3e5f90fcd53dc15875453f195ad	0	54
carat/tables/qcatalog/dim6/dir.4-2;2-2/ordnung.432/(1)^6(3)^10(9)^4/group.6883	432	1a3c9af01d16e7ab3bff6c32ff70cf25	0	54
carat/tables/qcatalog/dim6/dir.4-2;2-2/ordnung.432/(1)^6(3)^10(9)^4/group.6884	432	ade255bdb53a8687016905a3cf3d7e9d	0	36
carat/tables/qcatalog/dim6/dir.4-2;2-2/ordnung.432/(1)^6(3)^10(9)^4/group.6885	432	833f86e9945474794062526ea7823d53	0	36
carat/tables/qcatalog/dim6/dir.4-2;2-2/ordnung.432/(1)^6(3)^10(9)^4/group.6886	432	684513eb0d110d51d27ee7c9ee493d63	0	36
carat/tables/qcatalog/dim6/dir.4-2;2-2/ordnung.432/(1)^6(3)^10(9)^4/group.6887	432	28452a2a2deafa596e5ba2d5c7df2147	0	54
carat/tables/qcatalog/dim6/dir.4-3';1;1/ordnung.80/(1)^4(5)^4(10)^2/group.7120	80	bd5604fba48c729011ddf235fc366dfa	1	32
carat/tables/qcatalog/dim6/dir.4-3';2-1/ordnung.160/(1)^6(5)^2(10)^4/group.7121	160	58ceec3b02600a7936167220d0d2bb2b	0	40
carat/tables/qcatalog/dim6/dir.4-3';2-1/ordnung.20/(1)^3(5)^1(10)^2/min.630	20	19515a0d7a8ae7ee4794a58fccea1c7c	0	20
carat/tables/qcatalog/dim6/dir.4-3';2-1/ordnung.20/(1)^3(5)^1(10)^2/min.631	20	b6c1d5817543d3de00fb9c6d0458007c	0	20
carat/tables/qcatalog/dim6/dir.4-3';2-1/ordnung.20/(1)^4(5)^4(10)^2/min.632	20	cf8fd72d6653c1b6ca0d117a7014e354	0	8
carat/tables/qcatalog/dim6/dir.4-3';2-1/ordnung.40/(1)^3(5)^1(10)^2/group.7122	40	8557b256bbddbf68a3b023bc8103f8c2	0	40
carat/tables/qcatalog/dim6/dir.4-3';2-1/ordnung.40/(1)^4(2)^1(10)^3/group.7123	40	29a56bd2f982d106a9666d896c1eb9d0	0	25
carat/tables/qcatalog/dim6/dir.4-3';2-1/ordnung.40/(1)^4(2)^1(10)^3/group.7124	40	68b9828629ee0824976110230f1b144e	0	25
carat/tables/qcatalog/dim6/dir.4-3';2-1/ordnung.40/(1)^4(2)^1(10)^3/group.7125	40	998fb44f7ac4f7d681ec2b84fd5cae20	0	25
carat/tables/qcatalog/dim6/dir.4-3';2-1/ordnung.40/(1)^4(5)^4(10)^2/group.7126	40	ca97548c3b650eb8765da9a76adf45a2	0	16
carat/tables/qcatalog/dim6/dir.4-3';2-1/ordnung.40/(1)^4(5)^4(10)^2/group.7127	40	abdcac2baddc889cda803105b0c5f7b6	0	16
carat/tables/qcatalog/dim6/dir.4-3';2-1/ordnung.40/(1)^4(5)^4(10)^2/group.7128	40	a9abd21a5bbcbd9480e86a668b50751e	0	16
carat/tables/qcatalog/dim6/dir.4-3';2-1/ordnung.40/(1)^6(5)^2(10)^4/group.7129	40	d6984b2c6294f224de44a3ee4d25ac2e	0	13
carat/tables/qcatalog/dim6/dir.4-3';2-1/ordnung.40/(1)^6(5)^2(10)^4/group.7130	40	10f4f75b2e7907c8daa7fa911a8449a2	0	13
carat/tables/qcatalog/dim6/dir.4-3';2-1/ordnung.40/(1)^6(5)^2(10)^4/group.7131	40	0c78dcbf0e0afc70bb2937de91cc106a	0	13
carat/tables/qcatalog/dim6/dir.4-3';2-1/ordnung.40/(1)^6(5)^2(10)^4/group.7132	40	d91b66680f2cb48e535653709e3e0e28	0	13
carat/tables/qcatalog/dim6/dir.4-3';2-1/ordnung.80/(1)^4(2)^1(10)^3/group.7133	80	8aee420eb9d258e2d9b66e8253926d24	0	50
carat/tables/qcatalog/dim6/dir.4-3';2-1/ordnung.80/(1)^4(5)^4(10)^2/group.7134	80	de808dae77a1f02c56b6a01e9c0fd42e	0	32
carat/tables/qcatalog/dim6/dir.4-3';2-1/ordnung.80/(1)^6(5)^2(10)^4/group.7135	80	bb2231f27e2fc2fa97a782f0e842384c	0	26
carat/tables/qcatalog/dim6/dir.4-3';2-1/ordnung.80/(1)^6(5)^2(10)^4/group.7136	80	bf46f0ba23b5f4bc217a2c281e970866	0	20
carat/tables/qcatalog/dim6/dir.4-3';2-2/ordnung.30/(1)^6(5)^4(15)^2/group.7156	30	3f3caa8da5d9252140b45e2ba69fbb8f	0	9
carat/tables/qcatalog/dim6/dir.4-3';2-2/ordnung.60/(1)^3(5)^2(15)^1/group.7157	60	2a83a2804a65eb6639c30fc2312f86c4	0	60
carat/tables/qcatalog/dim6/dir.4-3';2-2/ordnung.60/(1)^4(5)^5(15)^1/group.7158	60	47172ec5734e61b21e2352485f7d2858	0	24
carat/tables/qcatalog/dim6/dir.4-3';2-2/ordnung.60/(1)^4(5)^5(15)^1/group.7159	60	97457861e7a03a7a19966e7a1e4acea0	0	24
carat/tables/qcatalog/dim6/dir.4-3';2-2/ordnung.60/(1)^4(5)^5(15)^1/group.7160	60	228fe058c9a84c3af3ae67a98f260010	0	24
carat/tables/qcatalog/dim6/dir.4-3';2-2/ordnung.60/(1)^4(5)^5(15)^1/group.7161	60	d1eee8bea2daf176835d37c656c0a3a4	0	24
carat/tables/qcatalog/dim6/dir.4-3';2-2/ordnung.60/(1)^5(5)^1(15)^2/group.7162	60	2b1c693c44ef645a503664e2756e1574	0	30
carat/tables/qcatalog/dim6/dir.4-3';2-2/ordnung.60/(1)^5(5)^1(15)^2/group.7163	60	ea0cf140aaac3faa85b5e8b66d35694c	0	30
carat/tables/qcatalog/dim6/dir.4-3';2-2/ordnung.60/(1)^5(5)^1(15)^2/group.7164	60	941f87cb42f78bb4f89672bbec68829e	0	30
carat/tables/qcatalog/dim6/dir.4-3';2-2/ordnung.60/(1)^5(5)^1(15)^2/group.7165	60	466a515e291c1a74e1cb75e06d35d9fe	0	30
carat/tables/qcatalog/dim6/dir.4-3';2-2/ordnung.60/(1)^6(5)^4(15)^2/group.7166	60	bc704328ec3b5f93ee4dc4edd82a345d	0	12
carat/tables/qcatalog/dim6/dir.4-3';2-2/ordnung.60/(1)^6(5)^4(15)^2/group.7167	60	98bf0e76d53440c8d14b8d32547d3c32	0	18
carat/tables/qcatalog/dim6/dir.4-3';2-2/ordnung.60/(1)^6(5)^4(15)^2/group.7168	60	7923b2b920ec287e7e5eb13b6ed1c290	0	18
carat/tables/qcatalog/dim6/dir.4-3';2-2/ordnung.60/(1)^6(5)^4(15)^2/group.7169	60	a9a10be69856c5b6004716780547dcb0	0	18
carat/tables/qcatalog/dim6/dir.4-3';2-2/ordnung.60/(1)^6(5)^4(15)^2/group.7170	60	c4e6dc93ea7af1eddf1f6249a065c717	0	12
carat/tables/qcatalog/dim6/dir.4-3';2-2/ordnung.60/(1)^6(5)^4(15)^2/group.7171	60	d0fe5ad72b1ae6912cad656250cbd6cb	0	12
carat/tables/qcatalog/dim6/dir.4-3';2-2/ordnung.60/(1)^6(5)^4(15)^2/group.7172	60	9b6105db694f3347f28003aa7ba178a1	0	12
carat/tables/qcatalog/dim6/dir.4-3;1,1/ordnung.120/(1)^10(5)^6(50)^1/group.7173	120	b7cb640b770bc1b87431e566527c468a	1	10
carat/tables/qcatalog/dim6/dir.4-3;1,1/ordnung.120/(1)^10(5)^6(50)^1/group.7174	120	6ad6b7808623a79f36283b44fc2cb075	1	7
carat/tables/qcatalog/dim6/dir.4-3;1,1/ordnung.120/(1)^10(5)^6(50)^1/group.7175	120	682532ad065f67eb5802edf46f4b0959	1	7
carat/tables/qcatalog/dim6/dir.4-3';2-1/ordnung.80/(1)^6(5)^2(10)^4/group.7137	80	f173cb882485252e1c2fa34f86d99bc8	0	20
carat/tables/qcatalog/dim6/dir.4-3';2-1/ordnung.80/(1)^6(5)^2(10)^4/group.7138	80	f84b2b0bb50ac5cc96b51ccc3eaa807e	0	26
carat/tables/qcatalog/dim6/dir.4-3';2-1/ordnung.80/(1)^6(5)^2(10)^4/group.7139	80	4fed9f740c8cfd0e5d66f51d222c9438	0	20
carat/tables/qcatalog/dim6/dir.4-3';2-2/ordnung.120/(1)^4(5)^5(15)^1/group.7140	120	b4e150dadac38affe39a0c6beef27b71	0	48
carat/tables/qcatalog/dim6/dir.4-3';2-2/ordnung.120/(1)^5(5)^1(15)^2/group.7141	120	1abde961817b1db9fec441c8816c7f67	0	60
carat/tables/qcatalog/dim6/dir.4-3';2-2/ordnung.120/(1)^6(5)^4(15)^2/group.7142	120	0b6b37ff6bbeaea567968b1ee858561b	0	24
carat/tables/qcatalog/dim6/dir.4-3';2-2/ordnung.120/(1)^6(5)^4(15)^2/group.7143	120	c4ee978794024bddcc824084cb1de063	0	24
carat/tables/qcatalog/dim6/dir.4-3';2-2/ordnung.120/(1)^6(5)^4(15)^2/group.7144	120	a274172d908851bd31c7c89d1276a2ab	0	36
carat/tables/qcatalog/dim6/dir.4-3';2-2/ordnung.120/(1)^6(5)^4(15)^2/group.7145	120	00672759cbfb43312d5aacce154bd5d7	0	24
carat/tables/qcatalog/dim6/dir.4-3';2-2/ordnung.120/(1)^6(5)^4(15)^2/group.7146	120	31f1b55832e1063ddf195182e88c6063	0	24
carat/tables/qcatalog/dim6/dir.4-3';2-2/ordnung.120/(1)^6(5)^4(15)^2/group.7147	120	f68b3a11b87e2f670bbe5f8f4534863d	0	24
carat/tables/qcatalog/dim6/dir.4-3';2-2/ordnung.15/(1)^3(5)^2(15)^1/min.633	15	85deb5d3fc1a50f91f357a4a5e2a2bd3	0	15
carat/tables/qcatalog/dim6/dir.4-3';2-2/ordnung.240/(1)^6(5)^4(15)^2/group.7148	240	b29a5bc8113282d49f41197c4a041b22	0	48
carat/tables/qcatalog/dim6/dir.4-3';2-2/ordnung.30/(1)^3(5)^2(15)^1/group.7149	30	1799a88950f99d1e4b972a104f95be58	0	30
carat/tables/qcatalog/dim6/dir.4-3';2-2/ordnung.30/(1)^3(5)^2(15)^1/group.7150	30	0c94561ee042f72e8552959a8f53a658	0	30
carat/tables/qcatalog/dim6/dir.4-3';2-2/ordnung.30/(1)^3(5)^2(15)^1/group.7151	30	6af088bb51a7a54e68b8749cb7985438	0	30
carat/tables/qcatalog/dim6/dir.4-3';2-2/ordnung.30/(1)^4(5)^5(15)^1/group.7152	30	c0d33f8342c1ae1e4a7d8f3ccc73ec28	0	12
carat/tables/qcatalog/dim6/dir.4-3';2-2/ordnung.30/(1)^4(5)^5(15)^1/group.7153	30	9b6323a08929c04ef61784d722af3888	0	12
carat/tables/qcatalog/dim6/dir.4-3';2-2/ordnung.30/(1)^5(5)^1(15)^2/group.7154	30	0960ddc5bf21883156e4408bc6da9cef	0	15
carat/tables/qcatalog/dim6/dir.4-3';2-2/ordnung.30/(1)^5(5)^1(15)^2/group.7155	30	1216c83c0afe3671104d6752b58da37f	0	15
carat/tables/qcatalog/dim6/dir.4-2;2-2/ordnung.72/(1)^4(6)^4/group.7004	72	fab400f9dc3311f51a3deb07f0abee0b	0	18
carat/tables/qcatalog/dim6/dir.4-2;2-2/ordnung.72/(1)^4(6)^4/group.7005	72	9c0ca3bf40ddc2934590e4a2d42ff385	0	24
carat/tables/qcatalog/dim6/dir.4-2;2-2/ordnung.72/(1)^5(3)^5/group.7006	72	06da824a2acf47247d14455e9d7e4176	0	27
carat/tables/qcatalog/dim6/dir.4-2;2-2/ordnung.72/(1)^5(3)^5/group.7007	72	48aa9e9b4e81ff9a2e994e2d988aa12c	0	27
carat/tables/qcatalog/dim6/dir.4-2;2-2/ordnung.72/(1)^5(3)^5/group.7008	72	d23ff86004265912670ae12b2dfbb7fc	0	27
carat/tables/qcatalog/dim6/dir.4-2;2-2/ordnung.72/(1)^5(3)^5/group.7009	72	ee5f9da558d476ac97614e8c7e7dc206	0	27
carat/tables/qcatalog/dim6/dir.4-2;2-2/ordnung.72/(1)^6(3)^10(9)^4/group.7010	72	aa49363de54ee4e7601f38adaf1e138d	0	18
carat/tables/qcatalog/dim6/dir.4-2;2-2/ordnung.72/(1)^6(3)^10(9)^4/group.7011	72	1d51977db3ce47ab381b086ec579d959	0	18
carat/tables/qcatalog/dim6/dir.4-2;2-2/ordnung.72/(1)^6(3)^10(9)^4/group.7012	72	157e2adf3e7565adb6e36bc8f97e316b	0	18
carat/tables/qcatalog/dim6/dir.4-2;2-2/ordnung.72/(1)^6(3)^10(9)^4/group.7013	72	04e57badbc2c7edd0365ca119bfef1db	0	18
carat/tables/qcatalog/dim6/dir.4-2;2-2/ordnung.72/(1)^6(3)^10(9)^4/group.7014	72	5f2aee3e1e9b639acde0f2beead83ab4	0	15
carat/tables/qcatalog/dim6/dir.4-2;2-2/ordnung.72/(1)^6(3)^10(9)^4/group.7015	72	ea35c6734cf0b040ab788d7fbba5431a	0	15
carat/tables/qcatalog/dim6/dir.4-2;2-2/ordnung.72/(1)^6(3)^10(9)^4/group.7016	72	a0675674593185a4dda0cd958538a636	0	15
carat/tables/qcatalog/dim6/dir.4-2;2-2/ordnung.72/(1)^6(3)^10(9)^4/group.7017	72	2200a5b44a0f08286670a00254b646ca	0	15
carat/tables/qcatalog/dim6/dir.4-2;2-2/ordnung.72/(1)^6(3)^10(9)^4/group.7018	72	3509e0d890d5a2a394d362b33513b211	0	18
carat/tables/qcatalog/dim6/dir.4-2;2-2/ordnung.72/(1)^6(3)^6/group.7019	72	4b6400afd900f5bcd9cdb195f3a90306	0	27
carat/tables/qcatalog/dim6/dir.4-2;2-2/ordnung.72/(1)^6(3)^6/group.7020	72	78f8c59b1964898806cc6a2ab67cafa2	0	27
carat/tables/qcatalog/dim6/dir.4-2;2-2/ordnung.864/(1)^10(3)^10/group.7021	864	c76f044faaa9b02aa32a98ad45346694	0	54
carat/tables/qcatalog/dim6/dir.4-2;2-2/ordnung.864/(1)^10(3)^10/group.7022	864	ae62688d9f357b20a19b217b69863e1e	0	63
carat/tables/qcatalog/dim6/dir.4-2;2-2/ordnung.864/(1)^10(3)^10/group.7023	864	85dcaac45580c6309ac5cdf6242ba36e	0	84
carat/tables/qcatalog/dim6/dir.4-3;1,1/ordnung.120/(1)^11(5)^5(10)^1/group.7176	120	f34e5ba40e94a59f0682f649c71e3865	1	7
carat/tables/qcatalog/dim6/dir.4-3;1,1/ordnung.120/(1)^11(5)^5(10)^1/group.7177	120	ea943dc4145f4d749055100faa086d76	1	10
carat/tables/qcatalog/dim6/dir.4-3;1,1/ordnung.120/(1)^11(5)^5(10)^1/group.7178	120	fbacf6aa438a00003aa6faa99e905caa	1	10
carat/tables/qcatalog/dim6/dir.4-3;1,1/ordnung.120/(1)^11(5)^5(10)^1/group.7179	120	bf2bf9ed13bad4bbef9ce61b88d48f91	1	7
carat/tables/qcatalog/dim6/dir.4-3;1,1/ordnung.20/(1)^4(5)^12(50)^1/min.634	20	36bc65142b6f7e0b5b4cdb6afd090229	1	5
carat/tables/qcatalog/dim6/dir.4-3;1,1/ordnung.20/(1)^4(5)^12(50)^1/min.635	20	c097d9bc9d314a338008f35e53e07581	1	5
carat/tables/qcatalog/dim6/dir.4-3;1,1/ordnung.240/(1)^10(5)^6(50)^1/group.7180	240	7de1fa7dff80e8cd5711607386dc0e3f	1	14
carat/tables/qcatalog/dim6/dir.4-3;1,1/ordnung.240/(1)^11(5)^5(10)^1/group.7181	240	0a6b0670745c80213f33997662235e03	1	14
carat/tables/qcatalog/dim6/dir.4-3;1,1/ordnung.240/(1)^11(5)^5(10)^1/group.7182	240	de9a1571584df7a50e120f6ae6944eaf	1	14
carat/tables/qcatalog/dim6/dir.4-3;1,1/ordnung.240/(1)^11(5)^5(10)^1/group.7183	240	89c179ce63fea9e1acc678bc723d70f3	1	14
carat/tables/qcatalog/dim6/dir.4-3;1,1/ordnung.240/(1)^11(5)^5(10)^1/group.7184	240	7207660ea384f7b1427b37de54fa159b	1	14
carat/tables/qcatalog/dim6/dir.4-3;1,1/ordnung.240/(1)^11(5)^5(10)^1/group.7185	240	d1c1ba6e0b7844ccdc2d967800aeb78e	1	20
carat/tables/qcatalog/dim6/dir.4-3;1,1/ordnung.240/(1)^11(5)^5(10)^1/group.7186	240	647dceca53f411f9a5240ca57fe0b8bb	1	14
carat/tables/qcatalog/dim6/dir.4-3;1,1/ordnung.40/(1)^4(5)^12(50)^1/group.7187	40	26d528d14fd2acf74627afb3298db79d	1	10
carat/tables/qcatalog/dim6/dir.4-3;1,1/ordnung.40/(1)^5(5)^11(10)^1/group.7188	40	fc8bea16090e4c1d0fbd5e40d3931263	1	10
carat/tables/qcatalog/dim6/dir.4-3;1,1/ordnung.40/(1)^5(5)^11(10)^1/group.7189	40	1465071f01c27593a8bfbd7d518e8221	1	10
carat/tables/qcatalog/dim6/dir.4-3;1,1/ordnung.40/(1)^5(5)^11(10)^1/group.7190	40	d49d28d4ebbb2ced234003e1bde2a5c3	1	10
carat/tables/qcatalog/dim6/dir.4-3;1,1/ordnung.480/(1)^11(5)^5(10)^1/group.7191	480	a1098a8a50b0eeb387a0b720c224b099	1	28
carat/tables/qcatalog/dim6/dir.4-3;1,1/ordnung.60/(1)^10(5)^6(50)^1/min.636	60	2885be0b258923d392276208da5ca7bd	1	5
carat/tables/qcatalog/dim6/dir.4-3;1,1/ordnung.80/(1)^5(5)^11(10)^1/group.7192	80	7a7c3c83057a4219350f555093ef426f	1	20
carat/tables/qcatalog/dim6/dir.4-3;1;1/ordnung.120/(1)^11(5)^5(10)^1(50)^1/group.7193	120	d8b48a3167f9f609b938963bae59f0fb	1	7
carat/tables/qcatalog/dim6/dir.4-3;1;1/ordnung.120/(1)^11(5)^5(10)^1(50)^1/group.7194	120	8fd0eacbc97d33c9b7b82e521346780b	1	7
carat/tables/qcatalog/dim6/dir.4-3;1;1/ordnung.120/(1)^11(5)^5(10)^1(50)^1/min.637	120	73cbb5098c7da3726ead57eafd60b2c0	1	10
carat/tables/qcatalog/dim6/dir.4-3;1;1/ordnung.120/(1)^11(5)^5(10)^1(50)^1/min.638	120	69ca308f362ac7460aa77f3da2b8830c	1	10
carat/tables/qcatalog/dim6/dir.4-3;1;1/ordnung.160/(1)^6(5)^10(10)^2/group.7195	160	8146ae31211d37143f75e41a6481272e	1	40
carat/tables/qcatalog/dim6/dir.4-3;1;1/ordnung.20/(1)^4(5)^12(50)^2/min.639	20	1d5c0ce72fd23355500ee46c209e8857	1	5
carat/tables/qcatalog/dim6/dir.4-3;1;1/ordnung.240/(1)^11(5)^5(10)^1(50)^1/group.7196	240	a027d04fc94e6b051b2302c10fc06073	1	14
carat/tables/qcatalog/dim6/dir.4-3;1;1/ordnung.240/(1)^11(5)^5(10)^1(50)^1/group.7197	240	15b7734815bc50aa06db78cc8cd20790	1	20
carat/tables/qcatalog/dim6/dir.4-3;1;1/ordnung.240/(1)^11(5)^5(10)^1(50)^1/group.7198	240	f14313d443404de3f9ffd5e582b1a1e9	1	14
carat/tables/qcatalog/dim6/dir.4-3;1;1/ordnung.240/(1)^11(5)^5(10)^1(50)^1/group.7199	240	f88608b8e698140d88621d8d70128ec3	1	14
carat/tables/qcatalog/dim6/dir.4-3;1;1/ordnung.240/(1)^11(5)^5(10)^1(50)^1/group.7200	240	795ebf0464a1f4ed1f7944cbde3dab53	1	14
carat/tables/qcatalog/dim6/dir.4-3;1;1/ordnung.240/(1)^11(5)^5(10)^1(50)^1/group.7201	240	a2ad7eb9d03173cf92ade7cb618058fd	1	14
carat/tables/qcatalog/dim6/dir.4-3;1;1/ordnung.240/(1)^12(5)^4(10)^2/group.7202	240	9b59d8635fe5869d596703fe9c14037b	1	14
carat/tables/qcatalog/dim6/dir.4-3;1;1/ordnung.240/(1)^12(5)^4(10)^2/group.7203	240	51fe436699e29e71489044bbb6c33867	1	14
carat/tables/qcatalog/dim6/dir.4-3;1;1/ordnung.240/(1)^12(5)^4(10)^2/group.7204	240	3c15974d52bbb5b27c28ed2082657e70	1	20
carat/tables/qcatalog/dim6/dir.4-3;1;1/ordnung.240/(1)^12(5)^4(10)^2/group.7205	240	ecc31bf16c6da80213d314c1e091cee0	1	20
carat/tables/qcatalog/dim6/dir.4-3;1;1/ordnung.240/(1)^12(5)^4(10)^2/group.7206	240	b5fd680738770f9e75e9bdc52c12b8dc	1	20
carat/tables/qcatalog/dim6/dir.4-3;1;1/ordnung.240/(1)^12(5)^4(10)^2/group.7207	240	5c45af9f0828dfc57df9c1d93d717063	1	14
carat/tables/qcatalog/dim6/dir.4-3;1;1/ordnung.240/(1)^12(5)^4(10)^2/group.7208	240	a431c85ea76b2e179abc9ecac12ea9f5	1	14
carat/tables/qcatalog/dim6/dir.4-3;1;1/ordnung.240/(1)^12(5)^4(10)^2/group.7209	240	c79c976552d79ddfabcd58ee3a630035	1	14
carat/tables/qcatalog/dim6/dir.4-2;2-2/ordnung.864/(1)^9(3)^9/group.7084	864	fb22e6c7a9c40084a032bb227dd9c84a	0	81
carat/tables/qcatalog/dim6/dir.4-2;2-2/ordnung.864/(1)^9(3)^9/group.7085	864	2db1e53b269474e053040eb81be47c06	0	81
carat/tables/qcatalog/dim6/dir.4-2;2-2/ordnung.864/(1)^9(3)^9/group.7086	864	fcb1624eb73950c48905779e873c620a	0	81
carat/tables/qcatalog/dim6/dir.4-2;2-2/ordnung.864/(1)^9(3)^9/group.7087	864	2f2c326b6dadb25873978d38ef9d790e	0	81
carat/tables/qcatalog/dim6/dir.4-2;2-2/ordnung.864/(1)^9(3)^9/group.7088	864	5af6602038050b24cf56dab58e1a1aba	0	81
carat/tables/qcatalog/dim6/dir.4-2;2-2/ordnung.864/(1)^9(3)^9/group.7089	864	14e002705e19e432f1b22a5ed5088c20	0	144
carat/tables/qcatalog/dim6/dir.4-2;2-2/ordnung.96/(1)^4(2)^6(6)^2(12)^8/group.7090	96	c309c1576c397b8d9d23e50f3fb3cd87	0	30
carat/tables/qcatalog/dim6/dir.4-3';1,1/ordnung.10/(1)^1(5)^3(50)^1/group.7091	10	7a8849479ea238825a5cca7785183d64	1	10
carat/tables/qcatalog/dim6/dir.4-3';1,1/ordnung.10/(1)^2(5)^2(10)^1/group.7092	10	97b84314243fbec2ac2a30aafcbaad84	1	10
carat/tables/qcatalog/dim6/dir.4-3';1,1/ordnung.10/(1)^2(5)^2(10)^1/group.7093	10	81d58ba171eddcd60a5b7b6a8535fb98	1	10
carat/tables/qcatalog/dim6/dir.4-3';1,1/ordnung.10/(1)^2(5)^6(50)^1/group.7094	10	f590efe1ed58f19ea6e38453ab69ca50	1	4
carat/tables/qcatalog/dim6/dir.4-3';1,1/ordnung.10/(1)^2(5)^6(50)^1/group.7095	10	8a04db81cc55000ad3e8690f0757207c	1	4
carat/tables/qcatalog/dim6/dir.4-3';1,1/ordnung.20/(1)^2(5)^2(10)^1/group.7096	20	705d698cea6ce50ceb88c9a85dbc51b6	1	20
carat/tables/qcatalog/dim6/dir.4-3';1,1/ordnung.20/(1)^2(5)^6(50)^1/group.7097	20	e10c638bc750793468ff0329f55910ae	1	8
carat/tables/qcatalog/dim6/dir.4-3';1,1/ordnung.20/(1)^3(5)^5(10)^1/group.7098	20	12038b04ed8e84d441bf597ebcaa4dae	1	8
carat/tables/qcatalog/dim6/dir.4-3';1,1/ordnung.20/(1)^3(5)^5(10)^1/group.7099	20	777f9590fc03bc4cde4e0e069023dfc6	1	8
carat/tables/qcatalog/dim6/dir.4-3';1,1/ordnung.20/(1)^3(5)^5(10)^1/group.7100	20	59de0e69be5e0c5cb0bdd8ddb31671a6	1	8
carat/tables/qcatalog/dim6/dir.4-3';1,1/ordnung.40/(1)^3(5)^5(10)^1/group.7101	40	ec7e9fc2a578f65eac08c4596e4f2584	1	16
carat/tables/qcatalog/dim6/dir.4-3';1,1/ordnung.5/(1)^1(5)^3(50)^1/min.626	5	3e7e4aa1ceae18ac4852d62276f4bfbe	1	5
carat/tables/qcatalog/dim6/dir.4-3';1;1/ordnung.10/(1)^1(5)^3(10)^2/min.627	10	0795b028cc21409c151fe19442af9dc2	1	10
carat/tables/qcatalog/dim6/dir.4-3;1;1/ordnung.80/(1)^6(5)^10(10)^2/group.7230	80	bb3261c1c5267be7ee952fed61671331	1	20
carat/tables/qcatalog/dim6/dir.4-3;1;1/ordnung.80/(1)^6(5)^10(10)^2/group.7231	80	6290e20e7d010507cf9602b0a585f309	1	20
carat/tables/qcatalog/dim6/dir.4-3;1;1/ordnung.80/(1)^6(5)^10(10)^2/group.7232	80	6984c3b09263c457219799f4a15f74b9	1	20
carat/tables/qcatalog/dim6/dir.4-3;1;1/ordnung.80/(1)^6(5)^10(10)^2/group.7233	80	35f6e1c3af790f518f9716e0c59205eb	1	20
carat/tables/qcatalog/dim6/dir.4-3;1;1/ordnung.80/(1)^6(5)^10(10)^2/group.7234	80	951060207a1ed9c7d0a92363b81b6c79	1	20
carat/tables/qcatalog/dim6/dir.4-3;1;1/ordnung.960/(1)^12(5)^4(10)^2/group.7235	960	2adb33279253f5743300a3a71228b5c2	1	56
carat/tables/qcatalog/dim6/dir.4-3;2-1/ordnung.160/(1)^6(5)^10(10)^2/group.7236	160	a0c992f2816e9cc6be87eb5c4ff85de8	0	40
carat/tables/qcatalog/dim6/dir.4-3;2-1/ordnung.160/(1)^8(5)^8(10)^4/group.7237	160	1a319c269e637d844fff05974e7b507a	0	25
carat/tables/qcatalog/dim6/dir.4-3;2-1/ordnung.160/(1)^8(5)^8(10)^4/group.7238	160	fd0d1180e1062b24ad8b51298143d5ba	0	25
carat/tables/qcatalog/dim6/dir.4-3;2-1/ordnung.160/(1)^8(5)^8(10)^4/group.7239	160	3fd26b1266194d220e57abe90bff37f4	0	28
carat/tables/qcatalog/dim6/dir.4-3;2-1/ordnung.160/(1)^8(5)^8(10)^4/group.7240	160	afe00384b6e74a206ed04c93409db8ce	0	25
carat/tables/qcatalog/dim6/dir.4-3;2-1/ordnung.160/(1)^8(5)^8(10)^4/group.7241	160	0ad57cdc78501e1019cb8cc8bb5f7c22	0	28
carat/tables/qcatalog/dim6/dir.4-3;2-1/ordnung.1920/(1)^14(5)^2(10)^4/max.19	1920	32c17f47f98333e57e13a3f461064727	0	70
carat/tables/qcatalog/dim6/dir.4-3;2-1/ordnung.20/(1)^4(5)^12(50)^2/min.640	20	715164dd9b54bbd5acadfb4890e7f9df	0	5
carat/tables/qcatalog/dim6/dir.4-3;2-1/ordnung.240/(1)^12(5)^4(10)^2/group.7242	240	d7f6c96b78308ce1f03ccf008afbbff7	0	14
carat/tables/qcatalog/dim6/dir.4-3;2-1/ordnung.240/(1)^12(5)^4(10)^2/group.7243	240	30a84f50506890418e8f67b6de828037	0	14
carat/tables/qcatalog/dim6/dir.4-3;2-1/ordnung.240/(1)^12(5)^4(10)^2/min.641	240	79b1d31110145aba6b805df1cf18b588	0	20
carat/tables/qcatalog/dim6/dir.4-3;2-1/ordnung.240/(1)^12(5)^4(10)^2/min.642	240	8ef5c4ab80faae92eafdd60e21d2dec0	0	20
carat/tables/qcatalog/dim6/dir.4-3;2-1/ordnung.320/(1)^8(5)^8(10)^4/group.7244	320	a47e32fd5fae0c363a22294a765eafa4	0	50
carat/tables/qcatalog/dim6/dir.4-3;2-1/ordnung.40/(1)^4(5)^12(50)^2/group.7245	40	e932c834771c0d054d35e91b930cd8af	0	10
carat/tables/qcatalog/dim6/dir.4-3;2-1/ordnung.40/(1)^6(5)^10(10)^2/group.7246	40	f24def3327259631e9c96b51c2b33333	0	10
carat/tables/qcatalog/dim6/dir.4-3;2-1/ordnung.40/(1)^6(5)^10(10)^2/group.7247	40	f561956d2047a7dbb1c13e1eef5c45d5	0	10
carat/tables/qcatalog/dim6/dir.4-3;2-1/ordnung.480/(1)^12(5)^4(10)^2/group.7248	480	ecf03a53bed4b48bac59c462e5a0d2a5	0	28
carat/tables/qcatalog/dim6/dir.4-3;2-1/ordnung.480/(1)^12(5)^4(10)^2/group.7249	480	650acbd65087224be8175e5a876ec45d	0	28
carat/tables/qcatalog/dim6/dir.4-3;2-1/ordnung.480/(1)^12(5)^4(10)^2/group.7250	480	14d5fb7cdb66ae793c216ccd124479b3	0	28
carat/tables/qcatalog/dim6/dir.4-3;2-1/ordnung.480/(1)^12(5)^4(10)^2/group.7251	480	a4b8d3d9607f1e49ba40553814b71f23	0	28
carat/tables/qcatalog/dim6/dir.4-3;2-1/ordnung.480/(1)^12(5)^4(10)^2/group.7252	480	49e1e2ccda7154f422398e272fd031ae	0	40
carat/tables/qcatalog/dim6/dir.4-3;2-1/ordnung.480/(1)^12(5)^4(10)^2/group.7253	480	3e3c3b87cda6279966827eadf610c10b	0	28
carat/tables/qcatalog/dim6/dir.4-3;2-1/ordnung.480/(1)^14(5)^2(10)^4/group.7254	480	6165f62412570828c61b99161a9ec1aa	0	19
carat/tables/qcatalog/dim6/dir.4-3;2-1/ordnung.480/(1)^14(5)^2(10)^4/group.7255	480	801630c12e5033139384938a3c0cbf4d	0	25
carat/tables/qcatalog/dim6/dir.4-3;2-1/ordnung.480/(1)^14(5)^2(10)^4/group.7256	480	a8c1afb570f92347a4a0531ad24b6ee1	0	25
carat/tables/qcatalog/dim6/dir.4-3;2-1/ordnung.480/(1)^14(5)^2(10)^4/group.7257	480	402f4fd522d7593cf718c8463047df86	0	19
carat/tables/qcatalog/dim6/dir.4-3;2-1/ordnung.480/(1)^14(5)^2(10)^4/group.7258	480	58ac391aaa51f1567a633972c85edc80	0	19
carat/tables/qcatalog/dim6/dir.4-3;2-1/ordnung.480/(1)^14(5)^2(10)^4/group.7259	480	e184767cf3be7c3acf8b22d4b90f4904	0	19
carat/tables/qcatalog/dim6/dir.4-3;2-1/ordnung.480/(1)^14(5)^2(10)^4/group.7260	480	0f3b74ac714b4c0f876025d0d08ea531	0	25
carat/tables/qcatalog/dim6/dir.4-3;2-1/ordnung.480/(1)^14(5)^2(10)^4/group.7261	480	54e2db7383838f3635aaf637086e8328	0	19
carat/tables/qcatalog/dim6/dir.4-3;2-1/ordnung.480/(1)^14(5)^2(10)^4/group.7262	480	faf96b38f2a9bb7e1b468f1b8371b198	0	19
carat/tables/qcatalog/dim6/dir.4-3;2-1/ordnung.480/(1)^14(5)^2(10)^4/group.7263	480	2c2a27821b7408501b6f0cfb15cdfeea	0	19
carat/tables/qcatalog/dim6/dir.4-3;2-1/ordnung.80/(1)^6(5)^10(10)^2/group.7264	80	3bdc5228ce744f8de81055c7c1a05f17	0	20
carat/tables/qcatalog/dim6/dir.4-3;2-1/ordnung.80/(1)^6(5)^10(10)^2/group.7265	80	3762b10d2e4490ad68bf2c8ac351d4c7	0	20
carat/tables/qcatalog/dim6/dir.4-2;2-2/ordnung.144/(1)^4(2)^6(6)^10/group.6698	144	6cad2589067d6ee0ea4a9b83f3623876	0	30
carat/tables/qcatalog/dim6/dir.4-2;2-2/ordnung.144/(1)^4(6)^4/group.6699	144	320d7e0ba2b26869a37b6a8beed5c8cb	0	36
carat/tables/qcatalog/dim6/dir.4-2;2-2/ordnung.144/(1)^5(3)^5/group.6700	144	fad6f89b7f2a6e252d75ad1e180771cf	0	54
carat/tables/qcatalog/dim6/dir.4-2;2-2/ordnung.144/(1)^6(3)^10(9)^4/group.6701	144	18065cf9a7849ceb05a1a1439ed081ad	0	36
carat/tables/qcatalog/dim6/dir.4-2;2-2/ordnung.144/(1)^6(3)^10(9)^4/group.6702	144	384b1c5b40e951cb4b688930dc71529d	0	36
carat/tables/qcatalog/dim6/dir.4-2;2-2/ordnung.144/(1)^6(3)^10(9)^4/group.6703	144	8554a88dc9aa0331b2bafe5e8587c81b	0	30
carat/tables/qcatalog/dim6/dir.4-2;2-2/ordnung.144/(1)^6(3)^10(9)^4/group.6704	144	48e3e2359c6112ab8b2aec02acaf4b15	0	30
carat/tables/qcatalog/dim6/dir.4-2;2-2/ordnung.144/(1)^6(3)^6/group.6705	144	543d7fe8d8fcac4d3ec24d8b929c0c7f	0	54
carat/tables/qcatalog/dim6/dir.4-2;2-2/ordnung.1728/(1)^10(3)^10/group.6706	1728	c9df0e70352931df18a9085b21df8bcd	0	81
carat/tables/qcatalog/dim6/dir.4-2;2-2/ordnung.1728/(1)^10(3)^10/group.6707	1728	887415064eee0cf7dc4d3b1cc33dca05	0	81
carat/tables/qcatalog/dim6/dir.4-2;2-2/ordnung.1728/(1)^10(3)^10/group.6708	1728	a1118810efe084d8b8c031be6f155a16	0	90
carat/tables/qcatalog/dim6/dir.4-2;2-2/ordnung.1728/(1)^10(3)^10/group.6709	1728	d9032d458e497f3baf4519bbbb8eee79	0	81
carat/tables/qcatalog/dim6/dir.4-2;2-2/ordnung.1728/(1)^10(3)^10/group.6710	1728	efbf9fb7a76b3178e9be0a1117061286	0	108
carat/tables/qcatalog/dim6/dir.4-2;2-2/ordnung.1728/(1)^10(3)^10/group.6711	1728	f8eaa14271c1f98062b86bc9c33fdee2	0	102
carat/tables/qcatalog/dim6/dir.4-2;2-2/ordnung.1728/(1)^10(3)^10/group.6712	1728	1e8117fd63634550853c15e93ba5ef22	0	126
carat/tables/qcatalog/dim6/dir.4-2;2-2/ordnung.1728/(1)^10(3)^10/group.6713	1728	e958d6ea8da7bc01594b0dfbc5fe3877	0	81
carat/tables/qcatalog/dim6/dir.4-2;2-2/ordnung.1728/(1)^10(3)^10/group.6714	1728	47ad8738494e314757b3a9506fb34a7d	0	81
carat/tables/qcatalog/dim6/dir.4-2;2-2/ordnung.1728/(1)^10(3)^10/group.6715	1728	443e99b33086c3ef6ae902f228f9ab95	0	81
carat/tables/qcatalog/dim6/dir.4-2;2-2/ordnung.1728/(1)^10(3)^10/group.6716	1728	3b1f07274badb2121f465dd373e2d9b0	0	144
carat/tables/qcatalog/dim6/dir.4-2;2-2/ordnung.1728/(1)^10(3)^10/group.6717	1728	10fc07cca448c50af8ecf3c747554760	0	90
carat/tables/qcatalog/dim6/dir.4-3;1;1/ordnung.240/(1)^12(5)^4(10)^2/group.7210	240	bd92c4d0ebe94709476100a56a6780d7	1	14
carat/tables/qcatalog/dim6/dir.4-3;1;1/ordnung.240/(1)^12(5)^4(10)^2/group.7211	240	194790c056a239d511580b67b5a6b81b	1	14
carat/tables/qcatalog/dim6/dir.4-3;1;1/ordnung.40/(1)^4(5)^12(50)^2/group.7212	40	c5434a9d7b88128dbd6f354b3773594f	1	10
carat/tables/qcatalog/dim6/dir.4-3;1;1/ordnung.40/(1)^5(5)^11(10)^1(50)^1/group.7213	40	6f8f23b2ce40f3d7dcdc7c554976c411	1	10
carat/tables/qcatalog/dim6/dir.4-3;1;1/ordnung.40/(1)^5(5)^11(10)^1(50)^1/group.7214	40	e86d73d6a2fe133b83dc857c3134006d	1	10
carat/tables/qcatalog/dim6/dir.4-3;1;1/ordnung.40/(1)^5(5)^11(10)^1(50)^1/group.7215	40	ef40bea6d4427785fcabd5264fa654ef	1	10
carat/tables/qcatalog/dim6/dir.4-3;1;1/ordnung.40/(1)^5(5)^11(10)^1(50)^1/group.7216	40	e765b6ac25ad24d1126d331b73f23263	1	10
carat/tables/qcatalog/dim6/dir.4-3;1;1/ordnung.40/(1)^6(5)^10(10)^2/group.7217	40	2e220acf7fc8242d0e886e2048b0ccc7	1	10
carat/tables/qcatalog/dim6/dir.4-3;1;1/ordnung.40/(1)^6(5)^10(10)^2/group.7218	40	14e6a3ce77d0dab90f0066ce0a92c433	1	10
carat/tables/qcatalog/dim6/dir.4-3;1;1/ordnung.480/(1)^11(5)^5(10)^1(50)^1/group.7219	480	4c8b7bbc686fcb2bed75c61c6abc0a6d	1	28
carat/tables/qcatalog/dim6/dir.4-3;1;1/ordnung.480/(1)^12(5)^4(10)^2/group.7220	480	90683fe8bd5973ab04be3268b39889ed	1	28
carat/tables/qcatalog/dim6/dir.4-3;1;1/ordnung.480/(1)^12(5)^4(10)^2/group.7221	480	933dbf7c7ed8c74ffac07e120d265669	1	28
carat/tables/qcatalog/dim6/dir.4-3;1;1/ordnung.480/(1)^12(5)^4(10)^2/group.7222	480	b8fdbf4d2fe1b1443dc6d419bbd3f27e	1	40
carat/tables/qcatalog/dim6/dir.4-3;1;1/ordnung.480/(1)^12(5)^4(10)^2/group.7223	480	806c963756714fe7a594dfcbe0880de9	1	28
carat/tables/qcatalog/dim6/dir.4-3;1;1/ordnung.480/(1)^12(5)^4(10)^2/group.7224	480	44faacb313c07a1b0a3fb625e3229ebd	1	28
carat/tables/qcatalog/dim6/dir.4-3;1;1/ordnung.480/(1)^12(5)^4(10)^2/group.7225	480	767be1e269c8c81dd21624cab8f64267	1	28
carat/tables/qcatalog/dim6/dir.4-3;1;1/ordnung.480/(1)^12(5)^4(10)^2/group.7226	480	c1fd1be293c52cab4ccbca2566a008c5	1	28
carat/tables/qcatalog/dim6/dir.4-3;1;1/ordnung.480/(1)^12(5)^4(10)^2/group.7227	480	257572970dcbc32977fa7f678f965b5b	1	28
carat/tables/qcatalog/dim6/dir.4-3;1;1/ordnung.480/(1)^12(5)^4(10)^2/group.7228	480	826bb2dc9ae851e1b75a94abc213438b	1	28
carat/tables/qcatalog/dim6/dir.4-3;1;1/ordnung.80/(1)^5(5)^11(10)^1(50)^1/group.7229	80	7b88919db4a69a09918ecf1e0e3d807b	1	20
carat/tables/qcatalog/dim6/dir.4-3;2-2/ordnung.240/(1)^8(5)^10(15)^2/group.7303	240	e52112a293e82d72034f47dc4db1c754	0	30
carat/tables/qcatalog/dim6/dir.4-3;2-2/ordnung.240/(1)^8(5)^10(15)^2/group.7304	240	9847f64ae801ab18878d48e29b751742	0	30
carat/tables/qcatalog/dim6/dir.4-3;2-2/ordnung.240/(1)^8(5)^10(15)^2/group.7305	240	ad0b14766c3b7e42397d801e51bf7994	0	30
carat/tables/qcatalog/dim6/dir.4-3;2-2/ordnung.240/(1)^8(5)^10(15)^2/group.7306	240	c7f3ceac94747232543387aba0836994	0	30
carat/tables/qcatalog/dim6/dir.4-3;2-2/ordnung.240/(1)^8(5)^10(15)^2/group.7307	240	3701703d262a80b7dec78ed9f0ed41bd	0	36
carat/tables/qcatalog/dim6/dir.4-3;2-2/ordnung.2880/(1)^14(5)^4(15)^2/max.20	2880	717d7057951862ac3b6831d1f7dcecca	0	84
carat/tables/qcatalog/dim6/dir.4-3;2-2/ordnung.360/(1)^12(5)^5(15)^1/group.7308	360	b3cf7de2abcb0d537e403dd9497b65f9	0	21
carat/tables/qcatalog/dim6/dir.4-3;2-2/ordnung.360/(1)^12(5)^5(15)^1/group.7309	360	256ceadd2cae71b3919aff84856ed8f9	0	21
carat/tables/qcatalog/dim6/dir.4-3;2-2/ordnung.360/(1)^12(5)^5(15)^1/group.7310	360	8cc4b9550b9ab3b33a37804d6ec02fb1	0	21
carat/tables/qcatalog/dim6/dir.4-3;2-2/ordnung.360/(1)^12(5)^5(15)^1/group.7311	360	058f33108fa8575b4f25300e015883e9	0	21
carat/tables/qcatalog/dim6/dir.4-3;2-2/ordnung.360/(1)^12(5)^5(15)^1/group.7312	360	0b3e104ccf01d1a4bcf9ebf145d69bee	0	30
carat/tables/qcatalog/dim6/dir.4-3;2-2/ordnung.360/(1)^12(5)^5(15)^1/group.7313	360	6ea8585ad2294c10b6b338f190ec412a	0	30
carat/tables/qcatalog/dim6/dir.4-3;2-2/ordnung.360/(1)^12(5)^5(15)^1/group.7314	360	799f31fb797360d0a29209ee7e5d4eaa	0	30
carat/tables/qcatalog/dim6/dir.4-3;2-2/ordnung.360/(1)^14(5)^4(15)^2/group.7315	360	5fca3224c8406f6f2eaf25f46a4f4171	0	15
carat/tables/qcatalog/dim6/dir.4-3;2-2/ordnung.360/(1)^14(5)^4(15)^2/group.7316	360	777957d4e476c9842dbca8788ac0d80a	0	12
carat/tables/qcatalog/dim6/dir.4-3;2-2/ordnung.360/(1)^14(5)^4(15)^2/group.7317	360	b98e76090442dfd4b13e96d7130d759a	0	12
carat/tables/qcatalog/dim6/dir.4-3;2-2/ordnung.360/(1)^14(5)^4(15)^2/group.7318	360	4910a0054d54cbabf11b1d4ecca3951d	0	15
carat/tables/qcatalog/dim6/dir.4-3;2-2/ordnung.480/(1)^8(5)^10(15)^2/group.7319	480	7c42a4c7538d6b586e9fdcdbf0e04946	0	60
carat/tables/qcatalog/dim6/dir.4-3;2-2/ordnung.60/(1)^6(5)^11(15)^1/min.646	60	06ec6557bab172d5262beeaabf19d4af	0	15
carat/tables/qcatalog/dim6/dir.4-3;2-2/ordnung.60/(1)^6(5)^11(15)^1/min.647	60	2b44263a7473e9adde48ae271310a347	0	15
carat/tables/qcatalog/dim6/dir.4-2;2-2/ordnung.864/(1)^8(3)^10(9)^2/group.7064	864	f4d52022515aaf6ab549b3932759b4e4	0	72
carat/tables/qcatalog/dim6/dir.4-2;2-2/ordnung.864/(1)^8(3)^10(9)^2/group.7065	864	0395e62072805c22c60dab8c9c5d9358	0	60
carat/tables/qcatalog/dim6/dir.4-2;2-2/ordnung.864/(1)^8(3)^10(9)^2/group.7066	864	cd3bd0c57725b87e9e9de955cbe51864	0	60
carat/tables/qcatalog/dim6/dir.4-2;2-2/ordnung.864/(1)^8(3)^10(9)^2/group.7067	864	4b6e9359f0087410911654bbb15656c6	0	54
carat/tables/qcatalog/dim6/dir.4-2;2-2/ordnung.864/(1)^8(3)^10(9)^2/group.7068	864	a456328835d5f2f8c93d8c6ff70d009e	0	54
carat/tables/qcatalog/dim6/dir.4-2;2-2/ordnung.864/(1)^8(3)^10(9)^2/group.7069	864	3d4866dee50a8e1aa9e76d10f10303c8	0	54
carat/tables/qcatalog/dim6/dir.4-2;2-2/ordnung.864/(1)^8(3)^10(9)^2/group.7070	864	00a7ab924c6e11fe2e469d0701183a2c	0	54
carat/tables/qcatalog/dim6/dir.4-2;2-2/ordnung.864/(1)^8(3)^10(9)^2/group.7071	864	b81c435b6ec6f892afa5a1651fc5de98	0	54
carat/tables/qcatalog/dim6/dir.4-2;2-2/ordnung.864/(1)^8(3)^10(9)^2/group.7072	864	fc73b3880ca7492ed6746a5f522a2354	0	54
carat/tables/qcatalog/dim6/dir.4-2;2-2/ordnung.864/(1)^8(3)^10(9)^2/group.7073	864	894e512ff6ecd578db6f8c8bedb521ee	0	54
carat/tables/qcatalog/dim6/dir.4-2;2-2/ordnung.864/(1)^8(3)^10(9)^2/group.7074	864	7f8f02004ba4ec3c90096c1a1e009ff2	0	54
carat/tables/qcatalog/dim6/dir.4-2;2-2/ordnung.864/(1)^8(3)^10(9)^2/group.7075	864	50de53224556bf3c31177be9a41d6c7e	0	72
carat/tables/qcatalog/dim6/dir.4-2;2-2/ordnung.864/(1)^8(3)^10(9)^2/group.7076	864	b27b35fb444f100c30a9938fb9a1bd56	0	72
carat/tables/qcatalog/dim6/dir.4-2;2-2/ordnung.864/(1)^8(3)^10(9)^2/group.7077	864	53ec8f845beec3283e5c58901a0c6fb6	0	54
carat/tables/qcatalog/dim6/dir.4-2;2-2/ordnung.864/(1)^8(3)^10(9)^2/group.7078	864	12d537098b806d1c874f01e026c39bd2	0	54
carat/tables/qcatalog/dim6/dir.4-2;2-2/ordnung.864/(1)^8(3)^10(9)^2/group.7079	864	8afcb83f8f2c7084041e9441635d927a	0	54
carat/tables/qcatalog/dim6/dir.4-2;2-2/ordnung.864/(1)^8(3)^10(9)^2/group.7080	864	4799059773ea06f4672c54a8b86465ba	0	54
carat/tables/qcatalog/dim6/dir.4-2;2-2/ordnung.864/(1)^8(3)^10(9)^2/group.7081	864	f60236ec8aedae94ef2baad962dab6f2	0	54
carat/tables/qcatalog/dim6/dir.4-2;2-2/ordnung.864/(1)^9(3)^9/group.7082	864	6bccdeebae01bf2a70309af22b1a3744	0	108
carat/tables/qcatalog/dim6/dir.4-2;2-2/ordnung.864/(1)^9(3)^9/group.7083	864	58d491139769323cb2f22d1a2af2b8f2	0	81
carat/tables/qcatalog/dim6/dir.4-3;2-2/ordnung.60/(1)^8(5)^10(15)^2/min.648	60	da47c261103a0a0c882731621964326a	0	9
carat/tables/qcatalog/dim6/dir.4-3;2-2/ordnung.720/(1)^12(5)^5(15)^1/group.7320	720	2b89a8a3f74d83d0ccd31e7d0d9273a2	0	42
carat/tables/qcatalog/dim6/dir.4-3;2-2/ordnung.720/(1)^12(5)^5(15)^1/group.7321	720	22e131c5eebc3994c7db6a1ba7bbb65e	0	42
carat/tables/qcatalog/dim6/dir.4-3;2-2/ordnung.720/(1)^12(5)^5(15)^1/group.7322	720	877f4ef7164d34d8abe0e0da76dcb9ca	0	42
carat/tables/qcatalog/dim6/dir.4-3;2-2/ordnung.720/(1)^12(5)^5(15)^1/group.7323	720	6258275388f3a3e086b90842dcb48642	0	42
carat/tables/qcatalog/dim6/dir.4-3;2-2/ordnung.720/(1)^12(5)^5(15)^1/group.7324	720	1aa9a489d9e301a4086f4c600a784c76	0	42
carat/tables/qcatalog/dim6/dir.4-3;2-2/ordnung.720/(1)^12(5)^5(15)^1/group.7325	720	45287e008f920df82843bf68dd92134a	0	42
carat/tables/qcatalog/dim6/dir.4-3;2-2/ordnung.720/(1)^12(5)^5(15)^1/group.7326	720	a368c1ee9591203333515d787b582515	0	60
carat/tables/qcatalog/dim6/dir.4-3;2-2/ordnung.720/(1)^14(5)^4(15)^2/group.7327	720	73eabcb3de17d65520052f54a3a2f9a7	0	30
carat/tables/qcatalog/dim6/dir.4-3;2-2/ordnung.720/(1)^14(5)^4(15)^2/group.7328	720	c84d59391d9151f1e9fa4edf197a36fb	0	30
carat/tables/qcatalog/dim6/dir.4-3;2-2/ordnung.720/(1)^14(5)^4(15)^2/group.7329	720	44489ef46372d9818da504c691ed2b03	0	30
carat/tables/qcatalog/dim6/dir.4-3;2-2/ordnung.720/(1)^14(5)^4(15)^2/group.7330	720	5486213dbd1ac69dd959c5f508abf707	0	30
carat/tables/qcatalog/dim6/dir.4-3;2-2/ordnung.720/(1)^14(5)^4(15)^2/group.7331	720	89e59ae20a117b59234655887312298b	0	21
carat/tables/qcatalog/dim6/dir.4-3;2-2/ordnung.720/(1)^14(5)^4(15)^2/group.7332	720	99557f5df1fea9b1a4cf95d2a16baf9b	0	21
carat/tables/qcatalog/dim6/dir.4-3;2-2/ordnung.720/(1)^14(5)^4(15)^2/group.7333	720	59910cfb602c7ef51dedc9b123fd564f	0	21
carat/tables/qcatalog/dim6/dir.4-3;2-2/ordnung.720/(1)^14(5)^4(15)^2/group.7334	720	ba7a45af9f5da8ab8748606e55cdf365	0	21
carat/tables/qcatalog/dim6/dir.4-3;2-2/ordnung.720/(1)^14(5)^4(15)^2/group.7335	720	687abad84338e505818443d66a35cea7	0	21
carat/tables/qcatalog/dim6/dir.4-3;2-2/ordnung.720/(1)^14(5)^4(15)^2/group.7336	720	8e3406ee3898886f824b27bea40979f1	0	21
carat/tables/qcatalog/dim6/dir.4-3;2-2/ordnung.720/(1)^14(5)^4(15)^2/group.7337	720	63c2b2521568121b811bd13f7d3c8c85	0	21
carat/tables/qcatalog/dim6/dir.4-3;2-2/ordnung.720/(1)^14(5)^4(15)^2/group.7338	720	9cbea14cd1dbc75327ad9da7395f0045	0	21
carat/tables/qcatalog/dim6/dir.4-3;2-2/ordnung.720/(1)^14(5)^4(15)^2/group.7339	720	d066b04b70bfc6b6e0eba1937f5ad468	0	24
carat/tables/qcatalog/dim6/dir.4-3;2-2/ordnung.720/(1)^14(5)^4(15)^2/group.7340	720	5ba61e0be45efe76f0fe872a54b07058	0	24
carat/tables/qcatalog/dim6/dir.4-3;2-2/ordnung.720/(1)^14(5)^4(15)^2/group.7341	720	494396787c2e328493fda86aa8194926	0	24
carat/tables/qcatalog/dim6/dir.4-3;2-2/ordnung.720/(1)^14(5)^4(15)^2/group.7342	720	72629bab020a9b7a7324517f18c0e8bc	0	24
carat/tables/qcatalog/dim6/dir.5-1;1/ordnung.1280/(1)^16(2)^2(4)^8/group.7343	1280	33cd12f53a70ad311281d33df30bc537	1	44
carat/tables/qcatalog/dim6/dir.5-1;1/ordnung.160/(1)^4(2)^1(4)^20(8)^1/group.7344	160	5ef7dbce6a703876d724200660cb7b38	1	16
carat/tables/qcatalog/dim6/dir.5-1;1/ordnung.160/(1)^4(2)^2(4)^20/group.7345	160	580f0d4fedb06a0696b71d1d9b26aa68	1	16
carat/tables/qcatalog/dim6/dir.5-1;1/ordnung.160/(1)^4(2)^2(4)^20/group.7346	160	aa2726682f29ee96806df634b78fb558	1	16
carat/tables/qcatalog/dim6/dir.5-1;1/ordnung.160/(1)^8(2)^1(4)^16(8)^1/group.7347	160	3c5ba407bc30491e1ab38d8087cfe6a0	1	10
carat/tables/qcatalog/dim6/dir.5-1;1/ordnung.160/(1)^8(2)^1(4)^16(8)^1/group.7348	160	8a55739ef10bc6fe24ca98e418470350	1	10
carat/tables/qcatalog/dim6/dir.5-1;1/ordnung.160/(1)^8(2)^2(4)^16/group.7349	160	de8c4dae9276548ef91d3f44868c1840	1	10
carat/tables/qcatalog/dim6/dir.5-1;1/ordnung.160/(1)^8(2)^2(4)^16/group.7350	160	69d01e52dd24849ea723bc5aad6f6590	1	10
carat/tables/qcatalog/dim6/dir.5-1;1/ordnung.1920/(1)^16(2)^1(4)^8(8)^1/group.7351	1920	e4264e4f0fde3cd296ef26f801102a20	1	24
carat/tables/qcatalog/dim6/dir.5-1;1/ordnung.1920/(1)^16(2)^1(4)^8(8)^1/group.7352	1920	9d5b0720f388de73ee232f8bcaafe60d	1	18
carat/tables/qcatalog/dim6/dir.5-1;1/ordnung.1920/(1)^16(2)^1(4)^8(8)^1/group.7353	1920	8a9fff321bbc8ca79720d9d73ab6a049	1	18
carat/tables/qcatalog/dim6/dir.5-1;1/ordnung.1920/(1)^16(2)^2(4)^8/group.7354	1920	485cd75528a13a3e22dc5486d2a9119c	1	24
carat/tables/qcatalog/dim6/dir.5-1;1/ordnung.1920/(1)^16(2)^2(4)^8/group.7355	1920	2715ba0a8025478b1e0fbdae2bfae3dd	1	18
carat/tables/qcatalog/dim6/dir.5-1;1/ordnung.1920/(1)^16(2)^2(4)^8/group.7356	1920	feecd279599316ee01f65bfd59a85944	1	24
carat/tables/qcatalog/dim6/dir.5-1;1/ordnung.1920/(1)^16(2)^2(4)^8/group.7357	1920	f3079a4725ed2c93b63f68dc517db965	1	18
carat/tables/qcatalog/dim6/dir.5-1;1/ordnung.320/(1)^16(2)^1(4)^8(8)^1/group.7358	320	127f89695fdaaaa0ce64fe5af2265a22	1	11
carat/tables/qcatalog/dim6/dir.4-2;2-2/ordnung.864/(1)^10(3)^10/group.7024	864	c34246c0ae3a00829b68e0e991916b88	0	63
carat/tables/qcatalog/dim6/dir.4-2;2-2/ordnung.864/(1)^10(3)^10/group.7025	864	09194217fa57edba6aa8966a0ccd1ae0	0	45
carat/tables/qcatalog/dim6/dir.4-2;2-2/ordnung.864/(1)^10(3)^10/group.7026	864	5d04ff7b276964abd77c3f309762929d	0	45
carat/tables/qcatalog/dim6/dir.4-2;2-2/ordnung.864/(1)^10(3)^10/group.7027	864	5dc021ac084171de207308f031bf7df8	0	51
carat/tables/qcatalog/dim6/dir.4-2;2-2/ordnung.864/(1)^10(3)^10/group.7028	864	0dcf741a5f01475e5096f556b240d1e0	0	51
carat/tables/qcatalog/dim6/dir.4-2;2-2/ordnung.864/(1)^10(3)^10/group.7029	864	3070f656f50969803e8b8d680dc79c0a	0	51
carat/tables/qcatalog/dim6/dir.4-2;2-2/ordnung.864/(1)^10(3)^10/group.7030	864	4ce1f07dc63f1e1dcab6a6953030dbcf	0	45
carat/tables/qcatalog/dim6/dir.4-2;2-2/ordnung.864/(1)^10(3)^10/group.7031	864	c968d4d0562f189101d652320aa34eab	0	45
carat/tables/qcatalog/dim6/dir.4-2;2-2/ordnung.864/(1)^10(3)^10/group.7032	864	cdda924deb5dbd4710defe11186ec8c9	0	45
carat/tables/qcatalog/dim6/dir.4-2;2-2/ordnung.864/(1)^10(3)^10/group.7033	864	af312ec5318a1820c9dfdc9622ec1342	0	51
carat/tables/qcatalog/dim6/dir.4-2;2-2/ordnung.864/(1)^10(3)^10/group.7034	864	544a035ce8e886573b17136e0ac9fb39	0	45
carat/tables/qcatalog/dim6/dir.4-2;2-2/ordnung.864/(1)^10(3)^10/group.7035	864	3d7c543e0933eee19d1ed762c2346873	0	45
carat/tables/qcatalog/dim6/dir.4-2;2-2/ordnung.864/(1)^10(3)^10/group.7036	864	1a6bf9c32c9afea76c3034095b62d5f9	0	45
carat/tables/qcatalog/dim6/dir.4-2;2-2/ordnung.864/(1)^10(3)^10/group.7037	864	d6ce56ae29e45fb2e8beca4fb8e45858	0	63
carat/tables/qcatalog/dim6/dir.4-2;2-2/ordnung.864/(1)^10(3)^10/group.7038	864	35c1d71e8950f8adb9432771eeb7d65f	0	45
carat/tables/qcatalog/dim6/dir.4-2;2-2/ordnung.864/(1)^10(3)^10/group.7039	864	b806fb5305eb888c896dee9516742dda	0	84
carat/tables/qcatalog/dim6/dir.4-2;2-2/ordnung.864/(1)^10(3)^10/group.7040	864	d4a4ff26af05e1d42ca45472a830d16a	0	84
carat/tables/qcatalog/dim6/dir.4-2;2-2/ordnung.864/(1)^10(3)^10/group.7041	864	17fc5f6b5e00c03aaea9e31e1ead3fe4	0	72
carat/tables/qcatalog/dim6/dir.4-2;2-2/ordnung.864/(1)^10(3)^10/group.7042	864	2a23d3f4d8f119c2b0ea3c67b70ea3ec	0	72
carat/tables/qcatalog/dim6/dir.4-2;2-2/ordnung.864/(1)^10(3)^10/group.7043	864	d57f7c085460d196b1b9dd1435112958	0	72
carat/tables/qcatalog/dim6/dir.4-3;2-1/ordnung.80/(1)^6(5)^10(10)^2/group.7266	80	6864dfa472d37a574ae78f1e3f55a521	0	20
carat/tables/qcatalog/dim6/dir.4-3;2-1/ordnung.80/(1)^8(5)^8(10)^4/group.7267	80	be739d39f886b5b14fe36e35603dd67b	0	14
carat/tables/qcatalog/dim6/dir.4-3;2-1/ordnung.80/(1)^8(5)^8(10)^4/group.7268	80	3f0b297eb82b800d3ef0abc1709a73e7	0	14
carat/tables/qcatalog/dim6/dir.4-3;2-1/ordnung.80/(1)^8(5)^8(10)^4/min.643	80	c73d99b31781ecb3b834a4434dbc3d15	0	14
carat/tables/qcatalog/dim6/dir.4-3;2-1/ordnung.80/(1)^8(5)^8(10)^4/min.644	80	5ef25bb546d76225251748e8f84691e7	0	14
carat/tables/qcatalog/dim6/dir.4-3;2-1/ordnung.960/(1)^12(5)^4(10)^2/group.7269	960	9a284bf02b444c7a73dd17fe32547f98	0	56
carat/tables/qcatalog/dim6/dir.4-3;2-1/ordnung.960/(1)^14(5)^2(10)^4/group.7270	960	6682a7fcb8dd718e2805d0ea6d779278	0	35
carat/tables/qcatalog/dim6/dir.4-3;2-1/ordnung.960/(1)^14(5)^2(10)^4/group.7271	960	f813165a2d3237be73cdfa6dfb9ecdc0	0	35
carat/tables/qcatalog/dim6/dir.4-3;2-1/ordnung.960/(1)^14(5)^2(10)^4/group.7272	960	ccf99c9b9fdc9916300f9c008f4363f0	0	35
carat/tables/qcatalog/dim6/dir.4-3;2-1/ordnung.960/(1)^14(5)^2(10)^4/group.7273	960	35a4a1350bacac8ad1377b51319004fc	0	35
carat/tables/qcatalog/dim6/dir.4-3;2-1/ordnung.960/(1)^14(5)^2(10)^4/group.7274	960	008e76e12e5efabdc50b4d39f309635b	0	50
carat/tables/qcatalog/dim6/dir.4-3;2-1/ordnung.960/(1)^14(5)^2(10)^4/group.7275	960	12d3254a8cda716e6b7a5f9e6e47f0bc	0	38
carat/tables/qcatalog/dim6/dir.4-3;2-1/ordnung.960/(1)^14(5)^2(10)^4/group.7276	960	45ded321c36a8aca330b5f9db46ef0d8	0	38
carat/tables/qcatalog/dim6/dir.4-3;2-1/ordnung.960/(1)^14(5)^2(10)^4/group.7277	960	e2d8e72536e861e6f715f573534a9660	0	35
carat/tables/qcatalog/dim6/dir.4-3;2-1/ordnung.960/(1)^14(5)^2(10)^4/group.7278	960	dcec6657089d90c26b0d1901e21175b4	0	35
carat/tables/qcatalog/dim6/dir.4-3;2-2/ordnung.120/(1)^6(5)^11(15)^1/group.7279	120	d264d886ca059e8a7b2f44c570574e74	0	30
carat/tables/qcatalog/dim6/dir.4-3;2-2/ordnung.120/(1)^6(5)^11(15)^1/group.7280	120	f770cbafb979485a2815ed9a582a8264	0	30
carat/tables/qcatalog/dim6/dir.4-3;2-2/ordnung.120/(1)^6(5)^11(15)^1/group.7281	120	f57c77b8b81998743ec2d7f4ada2788e	0	30
carat/tables/qcatalog/dim6/dir.4-3;2-2/ordnung.120/(1)^6(5)^11(15)^1/group.7282	120	a3bd0b6824a46cbc6c6360a1a66a8826	0	30
carat/tables/qcatalog/dim6/dir.4-3;2-2/ordnung.120/(1)^8(5)^10(15)^2/group.7283	120	cc7b8e982773840e170bd87117be0e80	0	15
carat/tables/qcatalog/dim6/dir.4-3;2-2/ordnung.120/(1)^8(5)^10(15)^2/group.7284	120	ca42abbd294b243a80ff56d2cddfa564	0	15
carat/tables/qcatalog/dim6/dir.4-3;2-2/ordnung.120/(1)^8(5)^10(15)^2/group.7285	120	722bdd04dac8200478cb54278ce872ee	0	15
carat/tables/qcatalog/dim6/dir.4-3;2-2/ordnung.120/(1)^8(5)^10(15)^2/group.7286	120	19c339ca41d50ff8c102cf36aa4a9d3a	0	15
carat/tables/qcatalog/dim6/dir.4-3;2-2/ordnung.120/(1)^8(5)^10(15)^2/group.7287	120	304a14422baf1ec050a8968bb6d9ec8e	0	18
carat/tables/qcatalog/dim6/dir.4-3;2-2/ordnung.120/(1)^8(5)^10(15)^2/group.7288	120	6fc9332051bb2226be293f889753ce5c	0	18
carat/tables/qcatalog/dim6/dir.4-3;2-2/ordnung.120/(1)^8(5)^10(15)^2/group.7289	120	02adb4c8039da056dd064dcd0b5436cc	0	18
carat/tables/qcatalog/dim6/dir.4-3;2-2/ordnung.1440/(1)^12(5)^5(15)^1/group.7290	1440	05e875a9fd04a8b81e0b0e7e1aa3fbae	0	84
carat/tables/qcatalog/dim6/dir.4-3;2-2/ordnung.1440/(1)^14(5)^4(15)^2/group.7291	1440	63e8d12ed4004b6d7334aee61cb094ef	0	42
carat/tables/qcatalog/dim6/dir.4-3;2-2/ordnung.1440/(1)^14(5)^4(15)^2/group.7292	1440	0b2bf5953ac16cb12d1a3c6e69109eef	0	60
carat/tables/qcatalog/dim6/dir.4-3;2-2/ordnung.1440/(1)^14(5)^4(15)^2/group.7293	1440	27a178c509c7dafbaadeed376dac38bd	0	42
carat/tables/qcatalog/dim6/dir.4-3;2-2/ordnung.1440/(1)^14(5)^4(15)^2/group.7294	1440	55c55526658e562cbe484ea3bd940a72	0	48
carat/tables/qcatalog/dim6/dir.4-3;2-2/ordnung.1440/(1)^14(5)^4(15)^2/group.7295	1440	32af08fbc35fa8ddfc731b80c3a78a4f	0	42
carat/tables/qcatalog/dim6/dir.4-3;2-2/ordnung.1440/(1)^14(5)^4(15)^2/group.7296	1440	c11e56a7223234ab9408e5b62bb81105	0	42
carat/tables/qcatalog/dim6/dir.4-3;2-2/ordnung.1440/(1)^14(5)^4(15)^2/group.7297	1440	30a5b1c372f3164b0b745a5d5b4d77fd	0	42
carat/tables/qcatalog/dim6/dir.4-3;2-2/ordnung.1440/(1)^14(5)^4(15)^2/group.7298	1440	65702af7f6decfe7a25c6a1bc694ad89	0	42
carat/tables/qcatalog/dim6/dir.4-3;2-2/ordnung.1440/(1)^14(5)^4(15)^2/group.7299	1440	ce4abe48fb239b3961e961c05691c17b	0	42
carat/tables/qcatalog/dim6/dir.4-3;2-2/ordnung.1440/(1)^14(5)^4(15)^2/group.7300	1440	b7f9a72a065d54bdcfaa46380cada157	0	42
carat/tables/qcatalog/dim6/dir.4-3;2-2/ordnung.180/(1)^12(5)^5(15)^1/min.645	180	4f1ce15d3a60c3de783be9a9b13a094c	0	15
carat/tables/qcatalog/dim6/dir.4-3;2-2/ordnung.240/(1)^6(5)^11(15)^1/group.7301	240	54d4c7a7a69d7befb201c0048e65e4e9	0	60
carat/tables/qcatalog/dim6/dir.4-3;2-2/ordnung.240/(1)^8(5)^10(15)^2/group.7302	240	7a2abd682381673c487406bfc379b786	0	30
carat/tables/qcatalog/dim6/dir.5-1;1/ordnung.320/(1)^16(2)^1(4)^8(8)^1/group.7359	320	f630e2f183e86c109f8b469b81046ad2	1	11
carat/tables/qcatalog/dim6/dir.5-1;1/ordnung.320/(1)^16(2)^2(4)^8/group.7360	320	58b5541bcde11ee83f065abaafda45ba	1	11
carat/tables/qcatalog/dim6/dir.5-1;1/ordnung.320/(1)^16(2)^2(4)^8/group.7361	320	2ef492a50f53ad405dce40ead0b61282	1	11
carat/tables/qcatalog/dim6/dir.5-1;1/ordnung.320/(1)^4(2)^2(4)^20/group.7362	320	931540d0cbc13c0009f132aa2318599e	1	32
carat/tables/qcatalog/dim6/dir.5-1;1/ordnung.320/(1)^8(2)^1(4)^16(8)^1/group.7363	320	e0bcf8a6f672819e91460e06bfad984c	1	20
carat/tables/qcatalog/dim6/dir.5-1;1/ordnung.320/(1)^8(2)^2(4)^16/group.7364	320	5560f9cfba217b863126271d1c0f9ea4	1	20
carat/tables/qcatalog/dim6/dir.5-1;1/ordnung.320/(1)^8(2)^2(4)^16/group.7365	320	8c132c2e7c0f08b4c89787deb7935b1a	1	20
carat/tables/qcatalog/dim6/dir.5-1;1/ordnung.320/(1)^8(2)^2(4)^16/group.7366	320	af608c27b2efa4cc767c0d7e122b74d2	1	20
carat/tables/qcatalog/dim6/dir.5-1;1/ordnung.320/(1)^8(2)^2(4)^16/group.7367	320	c9bd739c5daa886cf1d3a2d25db27c92	1	20
carat/tables/qcatalog/dim6/dir.5-1;1/ordnung.320/(1)^8(2)^2(4)^16/group.7368	320	f8f911ecf63b59cee54c9f3c9884d3fc	1	20
carat/tables/qcatalog/dim6/dir.5-1;1/ordnung.3840/(1)^16(2)^1(4)^8(8)^1/group.7369	3840	fcd34ade7175c7310910e15f438e4d03	1	36
carat/tables/qcatalog/dim6/dir.5-1;1/ordnung.3840/(1)^16(2)^2(4)^8/group.7370	3840	0715b57e9856418105d4e7503080898b	1	36
carat/tables/qcatalog/dim6/dir.5-1;1/ordnung.3840/(1)^16(2)^2(4)^8/group.7371	3840	f83ffaa4bce44f67e05e8fdf9a954929	1	36
carat/tables/qcatalog/dim6/dir.5-1;1/ordnung.3840/(1)^16(2)^2(4)^8/group.7372	3840	457b860d22c6527f8f5badbe12fc5811	1	36
carat/tables/qcatalog/dim6/dir.5-1;1/ordnung.3840/(1)^16(2)^2(4)^8/group.7373	3840	be9b9d77c5e87e04f2f492b37f559356	1	48
carat/tables/qcatalog/dim6/dir.5-1;1/ordnung.3840/(1)^16(2)^2(4)^8/group.7374	3840	c8878f3274a51f3dd24d72c5e4c9a45f	1	36
carat/tables/qcatalog/dim6/dir.5-1;1/ordnung.3840/(1)^16(2)^2(4)^8/group.7375	3840	00506363944e69798f368225d82f48bb	1	36
carat/tables/qcatalog/dim6/dir.5-1;1/ordnung.640/(1)^16(2)^1(4)^8(8)^1/group.7376	640	09ace6d7c52d3ae027f8e816a21bb1da	1	22
carat/tables/qcatalog/dim6/dir.5-1;1/ordnung.640/(1)^16(2)^2(4)^8/group.7377	640	92233f8f7e2c659c549cdcea99e293be	1	22
carat/tables/qcatalog/dim6/dir.5-1;1/ordnung.640/(1)^16(2)^2(4)^8/group.7378	640	c89e6550acf9d8b0659c91c07cd5e8b2	1	22
carat/tables/qcatalog/dim6/dir.4-2;2-2/ordnung.864/(1)^10(3)^10/group.7044	864	6d54e8bb26fb4a8e1fdbeec43af59a60	0	72
carat/tables/qcatalog/dim6/dir.4-2;2-2/ordnung.864/(1)^10(3)^10/group.7045	864	7c9392d03a222ece657c2cde9fc4fd38	0	54
carat/tables/qcatalog/dim6/dir.4-2;2-2/ordnung.864/(1)^10(3)^10/group.7046	864	f0c93f5c7a38106e16cbff2604beea34	0	60
carat/tables/qcatalog/dim6/dir.4-2;2-2/ordnung.864/(1)^10(3)^10/group.7047	864	6f550a427c31974e9b799488caabb6e8	0	54
carat/tables/qcatalog/dim6/dir.4-2;2-2/ordnung.864/(1)^10(3)^10/group.7048	864	b4537ed8829f5d78cdea856d4bb7c58a	0	96
carat/tables/qcatalog/dim6/dir.4-2;2-2/ordnung.864/(1)^10(3)^10/group.7049	864	de42a04c048a3c4e913bb016bb166194	0	45
carat/tables/qcatalog/dim6/dir.4-2;2-2/ordnung.864/(1)^10(3)^10/group.7050	864	a7a33817929a59f2df4df16dd859de18	0	45
carat/tables/qcatalog/dim6/dir.4-2;2-2/ordnung.864/(1)^10(3)^10/group.7051	864	b4a8e48da6186940705cc828a92c6f36	0	78
carat/tables/qcatalog/dim6/dir.4-2;2-2/ordnung.864/(1)^10(3)^10/group.7052	864	74e1984612cd91ea12d07986cacf7ff0	0	102
carat/tables/qcatalog/dim6/dir.4-2;2-2/ordnung.864/(1)^10(3)^10/group.7053	864	c4e67948a7f9d4c28455b8314cba2b8c	0	72
carat/tables/qcatalog/dim6/dir.4-2;2-2/ordnung.864/(1)^10(3)^10/group.7054	864	aabd129870055392d351d3be29c82174	0	72
carat/tables/qcatalog/dim6/dir.4-2;2-2/ordnung.864/(1)^6(3)^10(9)^4/group.7055	864	1e20072fd5046e3433054bc0585dcd32	0	108
carat/tables/qcatalog/dim6/dir.4-2;2-2/ordnung.864/(1)^6(3)^10(9)^4/group.7056	864	42a2a6ad132d0d14f4d1eacd04ed1722	0	108
carat/tables/qcatalog/dim6/dir.4-2;2-2/ordnung.864/(1)^6(3)^10(9)^4/group.7057	864	9d95da184de22a36cb7cc3a4237424f4	0	72
carat/tables/qcatalog/dim6/dir.4-2;2-2/ordnung.864/(1)^6(3)^10(9)^4/group.7058	864	08193a6a36094dc223d230b2113323b0	0	90
carat/tables/qcatalog/dim6/dir.4-2;2-2/ordnung.864/(1)^6(3)^6/group.7059	864	a2ffb223047c6a9e27654565f9d9a79c	0	162
carat/tables/qcatalog/dim6/dir.4-2;2-2/ordnung.864/(1)^7(3)^10(9)^3/group.7060	864	d87a047efc826e4087e60cae4dd8c466	0	54
carat/tables/qcatalog/dim6/dir.4-2;2-2/ordnung.864/(1)^7(3)^9(9)^2/group.7061	864	7bac056e2667ac4afc069e214d773c84	0	108
carat/tables/qcatalog/dim6/dir.4-2;2-2/ordnung.864/(1)^7(3)^9(9)^2/group.7062	864	a9baa0239aa474eaf3ed1e896d92941c	0	108
carat/tables/qcatalog/dim6/dir.4-2;2-2/ordnung.864/(1)^8(3)^10(9)^2/group.7063	864	865069ffad9093ee73f8a1b97e9be758	0	72
carat/tables/qcatalog/dim6/dir.5-2;1/ordnung.1440/(1)^16(2)^2(6)^8/group.7398	1440	04172c8e2c8d71cb84767c514f7037e5	1	22
carat/tables/qcatalog/dim6/dir.5-2;1/ordnung.240/(1)^16(2)^1(6)^8(18)^1/group.7399	240	ec3b495cd303545e9f6c40da77fed3ac	1	14
carat/tables/qcatalog/dim6/dir.5-2;1/ordnung.240/(1)^16(2)^2(6)^8/group.7400	240	cb7b6e8500dbf9d09b5353f87a399a4e	1	14
carat/tables/qcatalog/dim6/dir.5-2;1/ordnung.240/(1)^16(2)^2(6)^8/group.7401	240	e1301e9bb9fab30cb6160ca2d1ed555a	1	14
carat/tables/qcatalog/dim6/dir.5-2;1/ordnung.240/(1)^16(2)^2(6)^8/group.7402	240	012284ca150cf874d7c17d244d60e2ba	1	14
carat/tables/qcatalog/dim6/dir.5-2;1/ordnung.240/(1)^16(2)^2(6)^8/group.7403	240	09e4f004983d91a0cc32a941c0837196	1	14
carat/tables/qcatalog/dim6/dir.5-2;1/ordnung.240/(1)^16(2)^2(6)^8/group.7404	240	8831b84000779502d6921ac8cf0d0e50	1	14
carat/tables/qcatalog/dim6/dir.5-2;1/ordnung.240/(1)^8(2)^10(12)^8/group.7405	240	c1ec47bd8d4bcf11c1316e1fee209917	1	20
carat/tables/qcatalog/dim6/dir.5-2;1/ordnung.2880/(1)^16(2)^2(6)^8/max.21	2880	96b6d80a4a9dc908e1c996cd90994176	1	44
carat/tables/qcatalog/dim6/dir.5-2;1/ordnung.360/(1)^16(2)^1(6)^8(18)^1/group.7406	360	4ec44516a24c74d732cf8940e682b4c5	1	7
carat/tables/qcatalog/dim6/dir.5-2;1/ordnung.480/(1)^16(2)^2(6)^8/group.7407	480	79557610f826642ab463429c528fdc4c	1	28
carat/tables/qcatalog/dim6/dir.5-2;1/ordnung.60/(1)^8(2)^9(6)^1(12)^7(36)^1/min.650	60	1aa4fbf2cad1e8ac84c3dcc3ddd4ccba	1	5
carat/tables/qcatalog/dim6/dir.5-2;1/ordnung.720/(1)^16(2)^1(6)^8(18)^1/group.7408	720	ee4e0908c45c090f1068de54668af895	1	11
carat/tables/qcatalog/dim6/dir.5-2;1/ordnung.720/(1)^16(2)^1(6)^8(18)^1/group.7409	720	3070a64b64eb2f82c9dbc4061192777c	1	14
carat/tables/qcatalog/dim6/dir.5-2;1/ordnung.720/(1)^16(2)^1(6)^8(18)^1/group.7410	720	773eae6c02b4ef8d01968b20fed34f3b	1	11
carat/tables/qcatalog/dim6/dir.5-2;1/ordnung.720/(1)^16(2)^2(6)^8/group.7411	720	74a1864228adcea2d33d3d1b5bc0466c	1	14
carat/tables/qcatalog/dim6/dir.5-2;1/ordnung.720/(1)^16(2)^2(6)^8/group.7412	720	32f6cea87c9eeb09871b4e9bf8400247	1	11
carat/tables/qcatalog/dim6/dir.5-2;1/ordnung.720/(1)^16(2)^2(6)^8/group.7413	720	4ec9454ce6266607b34a00917ac25be5	1	11
carat/tables/qcatalog/dim6/dir.5-2;1/ordnung.720/(1)^16(2)^2(6)^8/group.7414	720	aefb268b8e96e3a20c52403c6e5519cc	1	14
carat/tables/qcatalog/dim6/dir.6-1/ordnung.1152/(1)^16(2)^2(4)^16(8)^2/group.7415	1152	5728c33bb33f81274b3164721c83a05d	0	26
carat/tables/qcatalog/dim6/dir.6-2/ordnung.1296/(1)^9(3)^24(9)^3/group.7522	1296	147f0b7d2282ab06de4d38154cce6d24	0	34
carat/tables/qcatalog/dim6/dir.6-2/ordnung.1296/(1)^9(3)^9/group.7523	1296	29d683c70af5cc82aa5bbf97328cd01c	0	98
carat/tables/qcatalog/dim6/dir.6-2/ordnung.144/(1)^12(4)^6(12)^18/group.7524	144	ab22cac962086a4f1734bb5bb1fb7bfd	0	18
carat/tables/qcatalog/dim6/dir.6-2/ordnung.144/(1)^12(4)^6(12)^18/group.7525	144	e6526e4a8925e5ecaae9614cfdcf356a	0	18
carat/tables/qcatalog/dim6/dir.6-2/ordnung.144/(1)^12(4)^6(12)^18/group.7526	144	1dcaf69906eb7e37b945f845b733f919	0	24
carat/tables/qcatalog/dim6/dir.6-2/ordnung.144/(1)^18(3)^2(12)^16/group.7527	144	2efe6c4ccb4df43f4aad21d6f07942d1	0	15
carat/tables/qcatalog/dim6/dir.6-2/ordnung.144/(1)^18(3)^2(12)^16/group.7528	144	3ee61fa75997684fea38c1d63ff05589	0	15
carat/tables/qcatalog/dim6/dir.6-2/ordnung.144/(1)^9(3)^1(12)^8/group.7529	144	0b161aa614a4f49f68a3a552341256f9	0	30
carat/tables/qcatalog/dim6/dir.6-2/ordnung.162/(1)^2(3)^15(9)^1/group.7530	162	593a0b4c9f4374cc9ec1bafcb63405d6	0	22
carat/tables/qcatalog/dim6/dir.6-2/ordnung.162/(1)^2(3)^15(9)^1/group.7531	162	04d8b70f44efecfc9197661a3695adc6	0	22
carat/tables/qcatalog/dim6/dir.6-2/ordnung.162/(3)^15(9)^3/group.7532	162	efb9ce7f40f637b8fec62e9bcfeb91ca	0	34
carat/tables/qcatalog/dim6/dir.6-2/ordnung.162/(3)^30(9)^6/group.7533	162	b1780fb567f2c65709d5000350734c1d	0	13
carat/tables/qcatalog/dim6/dir.6-2/ordnung.162/(3)^30(9)^6/group.7534	162	5f3d712129ccf01780a4d6ee7f778c8d	0	13
carat/tables/qcatalog/dim6/dir.6-2/ordnung.216/(1)^18(3)^18/group.7535	216	6b5cc430a65cbb37f4eb8b5e019d8915	0	16
carat/tables/qcatalog/dim6/dir.6-2/ordnung.216/(1)^18(3)^18/group.7536	216	d81b2cde31338120a90473164c54b68a	0	19
carat/tables/qcatalog/dim6/dir.6-2/ordnung.216/(1)^18(3)^18/group.7537	216	72ad6adaeeeb3061ad6b1d9761e79f8b	0	19
carat/tables/qcatalog/dim6/dir.6-2/ordnung.216/(1)^3(3)^13(9)^2/group.7538	216	83d2d39095e24aa3687ceb20f0536201	0	28
carat/tables/qcatalog/dim6/dir.6-2/ordnung.216/(1)^4(3)^26(9)^6/group.7539	216	54eaaa69175f0b35bc2b70efbf75b0e3	0	22
carat/tables/qcatalog/dim6/dir.6-2/ordnung.216/(1)^5(3)^13/group.7540	216	95a836c9c61fb9ef74ef778921ebdaf5	0	16
carat/tables/qcatalog/dim6/dir.6-2/ordnung.216/(1)^5(3)^13/group.7541	216	4d4ae88be7d4f8937f50b5c9331d8201	0	16
carat/tables/qcatalog/dim6/dir.5-1;1/ordnung.640/(1)^16(2)^2(4)^8/group.7379	640	edf067eb67000af49006d34a7523a5be	1	22
carat/tables/qcatalog/dim6/dir.5-1;1/ordnung.640/(1)^16(2)^2(4)^8/group.7380	640	34ab3961c98d8b660338614603163f30	1	22
carat/tables/qcatalog/dim6/dir.5-1;1/ordnung.640/(1)^16(2)^2(4)^8/group.7381	640	8dc9356e34922a6249c64ca2dd44bb9c	1	22
carat/tables/qcatalog/dim6/dir.5-1;1/ordnung.640/(1)^8(2)^2(4)^16/group.7382	640	4556e0df98af9bb33216d74a968cf3ad	1	40
carat/tables/qcatalog/dim6/dir.5-1;1/ordnung.7680/(1)^16(2)^2(4)^8/group.7383	7680	5adef9a68308d5bd4a94134694dae53b	1	72
carat/tables/qcatalog/dim6/dir.5-1;1/ordnung.80/(1)^4(2)^1(4)^20(8)^1/min.649	80	260f14e5a4ce88b8efc05dd5ab537562	1	8
carat/tables/qcatalog/dim6/dir.5-1;1/ordnung.960/(1)^16(2)^1(4)^8(8)^1/group.7384	960	bec1efb19d968c251aa0e5637d0e029f	1	12
carat/tables/qcatalog/dim6/dir.5-2;1/ordnung.120/(1)^16(2)^1(6)^8(18)^1/group.7385	120	68a3667dc62c1354c97ca653e677b026	1	7
carat/tables/qcatalog/dim6/dir.5-2;1/ordnung.120/(1)^16(2)^1(6)^8(18)^1/group.7386	120	325a652e2235aa48c06dc27edcdf4a5a	1	7
carat/tables/qcatalog/dim6/dir.5-2;1/ordnung.120/(1)^16(2)^2(6)^8/group.7387	120	dd71b6e0b8094590386032987cffa8fa	1	7
carat/tables/qcatalog/dim6/dir.5-2;1/ordnung.120/(1)^16(2)^2(6)^8/group.7388	120	96f57d9adbf497187bcb2d31549db22a	1	7
carat/tables/qcatalog/dim6/dir.5-2;1/ordnung.120/(1)^8(2)^10(12)^8/group.7389	120	fc3af7da10f814a74735f8cfb9613345	1	10
carat/tables/qcatalog/dim6/dir.5-2;1/ordnung.120/(1)^8(2)^10(12)^8/group.7390	120	efbc151b5c12be9781e5616ecfbff595	1	10
carat/tables/qcatalog/dim6/dir.5-2;1/ordnung.120/(1)^8(2)^9(6)^1(12)^7(36)^1/group.7391	120	a80472cf4361d64fb2c1b7ec8a712c0d	1	10
carat/tables/qcatalog/dim6/dir.5-2;1/ordnung.1440/(1)^16(2)^1(6)^8(18)^1/group.7392	1440	ef073818c5f41a97226ab76bfc74cca9	1	22
carat/tables/qcatalog/dim6/dir.5-2;1/ordnung.1440/(1)^16(2)^2(6)^8/group.7393	1440	0de8465e70fafe9a19bc8c5216e2a6ac	1	28
carat/tables/qcatalog/dim6/dir.5-2;1/ordnung.1440/(1)^16(2)^2(6)^8/group.7394	1440	e4d69e6f969e987b7f8c6833de0989f5	1	22
carat/tables/qcatalog/dim6/dir.5-2;1/ordnung.1440/(1)^16(2)^2(6)^8/group.7395	1440	8cca30aa5ce078af7f50c71da50b80f1	1	22
carat/tables/qcatalog/dim6/dir.5-2;1/ordnung.1440/(1)^16(2)^2(6)^8/group.7396	1440	fe27fea98681ebb94c8231a74a088113	1	22
carat/tables/qcatalog/dim6/dir.5-2;1/ordnung.1440/(1)^16(2)^2(6)^8/group.7397	1440	8022fe9b7e477171508602edf5d3b8c3	1	22
carat/tables/qcatalog/dim6/dir.6-4'/ordnung.60/(1)^8(2)^1(10)^9/min.667	60	52ff83c14b16fb8df9998722d2cca963	0	5
carat/tables/qcatalog/dim6/dir.6-4/ordnung.120/(1)^16(2)^2(10)^18/min.666	120	de18052f0f88f21f7dd27494e51eafb9	0	7
carat/tables/qcatalog/dim6/dir.6-4/ordnung.240/(1)^16(2)^2(10)^18/max.27	240	74d32c0e09798f635d535b6eea788361	0	14
carat/tables/qcatalog/dim6/dir.6-2/ordnung.324/(1)^4(3)^30(9)^2/group.7560	324	283d6751ba5ae5e2f4c235e1d33a16c4	0	17
carat/tables/qcatalog/dim6/dir.6-2/ordnung.324/(1)^4(3)^30(9)^2/group.7561	324	4f57bbca1fb3a53063b6abe67e452efa	0	17
carat/tables/qcatalog/dim6/dir.6-2/ordnung.324/(1)^9(3)^18(9)^9/group.7562	324	399794d253970a6471cc8b64e70605da	0	13
carat/tables/qcatalog/dim6/dir.6-2/ordnung.324/(1)^9(3)^24(9)^3/group.7563	324	b0aa7d1abfa3dbf4f194afc14c58390a	0	13
carat/tables/qcatalog/dim6/dir.6-2/ordnung.324/(1)^9(3)^9/group.7564	324	4979e90f11872104bc838855e9613cfa	0	44
carat/tables/qcatalog/dim6/dir.6-2/ordnung.324/(3)^30(9)^6/group.7565	324	0cb2634f9e7545af544f374a13bc9009	0	26
carat/tables/qcatalog/dim6/dir.6-2/ordnung.324/(3)^30(9)^6/group.7566	324	c7509b04d57972e773fb055bc4c9f509	0	26
carat/tables/qcatalog/dim6/dir.6-2/ordnung.36/(1)^6(4)^3(12)^9/min.661	36	d5a788d3a1d7b3a0a1af13e85d4e30ba	0	12
carat/tables/qcatalog/dim6/dir.6-2/ordnung.36/(1)^6(4)^3(12)^9/min.662	36	10523e0b60ba5be07f22f9b0d436f40a	0	12
carat/tables/qcatalog/dim6/dir.6-2/ordnung.432/(1)^10(3)^26/group.7567	432	736099dfed52656e1309ac0372132424	0	14
carat/tables/qcatalog/dim6/dir.6-2/ordnung.432/(1)^10(3)^26/group.7568	432	0c1aa13dfc45ddb85408065ba27f7c26	0	14
carat/tables/qcatalog/dim6/dir.6-2/ordnung.432/(1)^18(3)^18/group.7569	432	d20631a26925423e36de11e7aea645d8	0	20
carat/tables/qcatalog/dim6/dir.6-2/ordnung.432/(1)^18(3)^18/group.7570	432	7487eb5dceefb7ca81fc4c8ebf680124	0	20
carat/tables/qcatalog/dim6/dir.6-2/ordnung.432/(1)^18(3)^18/group.7571	432	e6b4383c6d571dc1d662a00c8049686f	0	32
carat/tables/qcatalog/dim6/dir.6-2/ordnung.432/(1)^18(3)^18/group.7572	432	895d3c483b16736174697503b0c6fd37	0	38
carat/tables/qcatalog/dim6/dir.6-2/ordnung.432/(1)^18(3)^18/group.7573	432	3f4dbb104f4507bef4915885a755949c	0	38
carat/tables/qcatalog/dim6/dir.6-2/ordnung.432/(1)^5(3)^13/group.7574	432	aaed1855439a8b2b742e7542329516d5	0	32
carat/tables/qcatalog/dim6/dir.6-2/ordnung.432/(1)^6(3)^26(9)^4/group.7575	432	7efa7e91f06bce9728e212dc377fd7f5	0	26
carat/tables/qcatalog/dim6/dir.6-2/ordnung.432/(1)^6(3)^26(9)^4/group.7576	432	62b6e541f193d4b11bc16653598be803	0	26
carat/tables/qcatalog/dim6/dir.6-2/ordnung.432/(1)^9(3)^9/group.7577	432	a5ad77a9fec6521dbc76dfb55933faa3	0	38
carat/tables/qcatalog/dim6/dir.6-2/ordnung.108/(1)^4(3)^26(9)^6/group.7502	108	65ec1de5f9aa70254be157638afa9963	0	11
carat/tables/qcatalog/dim6/dir.6-2/ordnung.108/(1)^4(3)^26(9)^6/group.7503	108	7a036002268096df97881b37f334424d	0	11
carat/tables/qcatalog/dim6/dir.6-2/ordnung.108/(1)^9(3)^9/group.7504	108	2888e6ecb0b8359cd91ec209b718d742	0	20
carat/tables/qcatalog/dim6/dir.6-2/ordnung.108/(1)^9(3)^9/group.7505	108	044495fbc505446c9cc7adaffed5c7e2	0	20
carat/tables/qcatalog/dim6/dir.6-2/ordnung.108/(3)^18(9)^18/group.7506	108	8a0b49327a85fee1aecd249269560a57	0	20
carat/tables/qcatalog/dim6/dir.6-2/ordnung.108/(3)^18(9)^18/group.7507	108	967f7df919840644159b0614c39d5c92	0	20
carat/tables/qcatalog/dim6/dir.6-2/ordnung.1296/(1)^10(3)^26/group.7508	1296	384fecfae81d5b44216af1e98b32122e	0	18
carat/tables/qcatalog/dim6/dir.6-2/ordnung.1296/(1)^11(3)^24(9)^1/group.7509	1296	cffae19f66a5427803fc57c2ce4afe62	0	28
carat/tables/qcatalog/dim6/dir.6-2/ordnung.1296/(1)^11(3)^24(9)^1/group.7510	1296	c12baafd922b383eefdbf8616c7bacd8	0	22
carat/tables/qcatalog/dim6/dir.6-2/ordnung.1296/(1)^11(3)^24(9)^1/group.7511	1296	845c50188229fc54a373dabc0ee720de	0	22
carat/tables/qcatalog/dim6/dir.6-2/ordnung.1296/(1)^11(3)^24(9)^1/group.7512	1296	48fe46b7bcbed48e149501fdfe22d240	0	22
carat/tables/qcatalog/dim6/dir.6-2/ordnung.1296/(1)^11(3)^24(9)^1/group.7513	1296	0b7a8792d9c47e20759d65f1fe61a3ce	0	34
carat/tables/qcatalog/dim6/dir.6-2/ordnung.1296/(1)^11(3)^24(9)^1/group.7514	1296	8c4e26de80413a7479a86e4a6849f93e	0	22
carat/tables/qcatalog/dim6/dir.6-2/ordnung.1296/(1)^18(3)^18/group.7515	1296	88c9b09899187e41c93d7112e4938163	0	28
carat/tables/qcatalog/dim6/dir.6-2/ordnung.1296/(1)^18(3)^18/group.7516	1296	4297df9b5ad2a36c65dd61f4e29a6ad2	0	62
carat/tables/qcatalog/dim6/dir.6-2/ordnung.1296/(1)^18(3)^18/group.7517	1296	ceb24bdd461926982753c673da14368e	0	56
carat/tables/qcatalog/dim6/dir.6-2/ordnung.1296/(1)^18(3)^18/group.7518	1296	6082afbd5cbc05c3aa7a5be2d03d654d	0	35
carat/tables/qcatalog/dim6/dir.6-2/ordnung.1296/(1)^18(3)^18/group.7519	1296	c1b39bef3117647f454f7df6a4346461	0	35
carat/tables/qcatalog/dim6/dir.6-2/ordnung.1296/(1)^18(3)^18/group.7520	1296	f98f8c056972064eda6ee220ec7b981c	0	34
carat/tables/qcatalog/dim6/dir.6-2/ordnung.1296/(1)^5(3)^13/group.7521	1296	71b7418dd988d12a5c037e2e094e888c	0	48
carat/tables/qcatalog/dim6/dir.6-2/ordnung.648/(1)^18(3)^18/group.7598	648	2034c42e628967559b062a9483f35987	0	17
carat/tables/qcatalog/dim6/dir.6-2/ordnung.648/(1)^4(3)^30(9)^2/group.7599	648	b6b6d64107e1c2b558c68c6f11c52133	0	34
carat/tables/qcatalog/dim6/dir.6-2/ordnung.648/(1)^5(3)^13/group.7600	648	e9804c98b42cf3b92f3c591d9260af1b	0	24
carat/tables/qcatalog/dim6/dir.6-2/ordnung.648/(1)^9(3)^18(9)^9/group.7601	648	04ab51e9222d4548070b3067d33f36b6	0	26
carat/tables/qcatalog/dim6/dir.6-2/ordnung.648/(1)^9(3)^24(9)^3/group.7602	648	5c8198e249202b1cada13521a61ac512	0	26
carat/tables/qcatalog/dim6/dir.6-2/ordnung.648/(1)^9(3)^24(9)^3/group.7603	648	7a98cca7506652758dfe44b4534ce0e7	0	17
carat/tables/qcatalog/dim6/dir.6-2/ordnung.648/(1)^9(3)^24(9)^3/group.7604	648	132a9440d4a7c0b57725c8ad3cff4747	0	17
carat/tables/qcatalog/dim6/dir.6-2/ordnung.648/(1)^9(3)^9/group.7605	648	1debf5e46ae2c61f6feb24dcd79300dd	0	49
carat/tables/qcatalog/dim6/dir.6-2/ordnung.648/(1)^9(3)^9/group.7606	648	ec77ee41a2d8887b6990b4b8c6fe9749	0	49
carat/tables/qcatalog/dim6/dir.6-2/ordnung.648/(1)^9(3)^9/group.7607	648	22b1bd43b82665f0218576297ab17502	0	88
carat/tables/qcatalog/dim6/dir.6-2/ordnung.72/(1)^12(4)^6(12)^18/group.7608	72	48ea810ebbefe08ee4bb24d55f84f934	0	9
carat/tables/qcatalog/dim6/dir.6-2/ordnung.72/(1)^12(4)^6(12)^18/group.7609	72	0d2d3c0540f91fc3778690b81f5f6159	0	9
carat/tables/qcatalog/dim6/dir.6-2/ordnung.72/(1)^12(4)^6(12)^18/group.7610	72	35fed0d9a06a3ccb27bf9edcebaf4745	0	12
carat/tables/qcatalog/dim6/dir.6-2/ordnung.72/(1)^6(4)^3(12)^9/group.7611	72	c02ab6ca283a69252cb2c3ea2e1befe7	0	24
carat/tables/qcatalog/dim6/dir.6-2/ordnung.72/(1)^6(4)^3(12)^9/group.7612	72	abbb6c9ccf8bb271f569d78be7535d0b	0	24
carat/tables/qcatalog/dim6/dir.6-2/ordnung.72/(1)^9(3)^1(12)^8/group.7613	72	fff2eca9bb82f51c17c050daea21f05a	0	15
carat/tables/qcatalog/dim6/dir.6-2/ordnung.72/(1)^9(3)^1(12)^8/group.7614	72	cb75c77f075e1240d0a2107f82124c06	0	15
carat/tables/qcatalog/dim6/dir.6-2/ordnung.81/(3)^15(9)^3/group.7615	81	b4af38ac2d04839075fd1a6d4fccf41a	0	17
carat/tables/qcatalog/dim6/dir.6-2/ordnung.864/(1)^10(3)^26/group.7616	864	69054e6e83d2615036c176f04b0e7e9a	0	28
carat/tables/qcatalog/dim6/dir.6-2/ordnung.864/(1)^18(3)^18/group.7617	864	8d0b2eccb7c46a7aab05c5e9ece7719c	0	40
carat/tables/qcatalog/dim6/dir.6-1/ordnung.1152/(1)^16(2)^2(4)^16(8)^2/group.7416	1152	a47595c9a982d0ab693a7bb91a3fb0a1	0	26
carat/tables/qcatalog/dim6/dir.6-1/ordnung.1152/(1)^16(2)^2(4)^16(8)^2/group.7417	1152	46a6a3d7dd95be7b15430d469751eba5	0	32
carat/tables/qcatalog/dim6/dir.6-1/ordnung.1152/(1)^16(2)^2(4)^16(8)^2/group.7418	1152	23b433252c7ee333a636c6d338bac4fd	0	32
carat/tables/qcatalog/dim6/dir.6-1/ordnung.1152/(1)^16(2)^2(4)^16(8)^2/group.7419	1152	5a552547a3af5ca9be73cf2b42614557	0	20
carat/tables/qcatalog/dim6/dir.6-1/ordnung.1152/(1)^16(2)^2(4)^16(8)^2/group.7420	1152	bbb1cd504343a46deb52890351c9199b	0	20
carat/tables/qcatalog/dim6/dir.6-1/ordnung.1152/(1)^16(2)^4(4)^16/group.7421	1152	9281e552349015baf210aacbec5bc820	0	26
carat/tables/qcatalog/dim6/dir.6-1/ordnung.1152/(1)^16(2)^4(4)^16/group.7422	1152	f78cb966dc108337646dd472ab62c73d	0	20
carat/tables/qcatalog/dim6/dir.6-1/ordnung.1152/(1)^16(2)^4(4)^16/group.7423	1152	0b6f370f68c9b6bf28c544a7927fd9bd	0	20
carat/tables/qcatalog/dim6/dir.6-1/ordnung.1152/(1)^8(2)^4(4)^24/group.7424	1152	892bd1c814bfc7b0b98b4ae007a3716e	0	44
carat/tables/qcatalog/dim6/dir.6-1/ordnung.11520/(1)^16(2)^18(4)^2/group.7425	11520	40a21a6ae941a21c11a6fc1569672d16	0	23
carat/tables/qcatalog/dim6/dir.6-1/ordnung.1536/(2)^24(4)^12/group.7426	1536	f3bdbbd33d61cfeed63f8ba6f5d24194	0	55
carat/tables/qcatalog/dim6/dir.6-1/ordnung.1536/(2)^26(4)^10/group.7427	1536	3ec4de7e37118a850df5a2aa333813c3	0	40
carat/tables/qcatalog/dim6/dir.6-1/ordnung.1536/(2)^26(4)^10/group.7428	1536	f7cfd8e3cc2b98b6ff03f29538aaaf70	0	40
carat/tables/qcatalog/dim6/dir.6-1/ordnung.1536/(2)^28(4)^8/group.7429	1536	2192b7751493d1a2dd16bfd598623134	0	37
carat/tables/qcatalog/dim6/dir.6-1/ordnung.1536/(2)^28(4)^8/group.7430	1536	c70f226f84d2d8efe0aba60994cae1fd	0	37
carat/tables/qcatalog/dim6/dir.6-1/ordnung.192/(2)^10(4)^8/group.7431	192	61bd48430ca3386e76ac494fa2d72a4c	0	20
carat/tables/qcatalog/dim6/dir.6-1/ordnung.192/(2)^12(4)^18(8)^6/group.7432	192	0e4a769062416fa2d3009914ea39fa1c	0	18
carat/tables/qcatalog/dim6/dir.6-1/ordnung.192/(2)^12(4)^18(8)^6/group.7433	192	d36d7603217d6632a636d00fffeadf9c	0	18
carat/tables/qcatalog/dim6/dir.6-1/ordnung.192/(2)^18(4)^16(8)^2/group.7434	192	df6390ac06927312022f070fbe664034	0	14
carat/tables/qcatalog/dim6/dir.6-1/ordnung.192/(2)^18(4)^16(8)^2/group.7435	192	ec7c63373509a0703fd8312e673d28e2	0	14
carat/tables/qcatalog/dim6/dir.6-1/ordnung.23040/(1)^16(2)^20/group.7456	23040	e5cea5e86638bd33f84f6d7ad6e48d85	0	37
carat/tables/qcatalog/dim6/dir.6-1/ordnung.240/(1)^16(2)^2(10)^18/group.7457	240	0ef46e01d65769fdc43729e80dfd7a03	0	14
carat/tables/qcatalog/dim6/dir.6-1/ordnung.288/(1)^8(2)^2(4)^24(8)^2/group.7458	288	1882a2d37ed6755072a269fd2ff6c452	0	14
carat/tables/qcatalog/dim6/dir.6-1/ordnung.3072/(2)^28(4)^8/group.7459	3072	01c923d6ac5f67e9e7ac1a3ea24ec9e3	0	65
carat/tables/qcatalog/dim6/dir.6-1/ordnung.384/(2)^10(4)^8/group.7460	384	d3896331a843a033aa06d2f0de2669e9	0	40
carat/tables/qcatalog/dim6/dir.6-1/ordnung.384/(2)^12(4)^24/group.7461	384	1f3563d8a2b03d72363691fd58bd5844	0	28
carat/tables/qcatalog/dim6/dir.6-1/ordnung.384/(2)^12(4)^24/group.7462	384	c478031b4cbdc139898f51f078472417	0	28
carat/tables/qcatalog/dim6/dir.6-1/ordnung.384/(2)^12(4)^24/group.7463	384	3ebfa72ebd4f17e6b212e4082c06eab4	0	28
carat/tables/qcatalog/dim6/dir.6-1/ordnung.384/(2)^12(4)^24/group.7464	384	8623e523fd0392dbc1371d9ab92d7edd	0	28
carat/tables/qcatalog/dim6/dir.6-1/ordnung.384/(2)^18(4)^12(8)^6/group.7465	384	a5187481185374f27a5104c7f407221c	0	16
carat/tables/qcatalog/dim6/dir.6-1/ordnung.384/(2)^18(4)^12(8)^6/group.7466	384	ded2a438c7e099aeeb31029a51cbb380	0	24
carat/tables/qcatalog/dim6/dir.6-1/ordnung.384/(2)^18(4)^16(8)^2/group.7467	384	c91528d184e42bc9a2896481283448ff	0	28
carat/tables/qcatalog/dim6/dir.6-1/ordnung.384/(2)^18(4)^16(8)^2/group.7468	384	08cb6df7901f0f3f5d54c5f51b7bde2d	0	28
carat/tables/qcatalog/dim6/dir.6-1/ordnung.384/(2)^18(4)^16(8)^2/group.7469	384	98d59677e510466f40350355297c5415	0	28
carat/tables/qcatalog/dim6/dir.6-1/ordnung.384/(2)^20(4)^16/group.7470	384	cdbb61708c1948b8eb761e995918152e	0	22
carat/tables/qcatalog/dim6/dir.6-1/ordnung.384/(2)^20(4)^16/group.7471	384	d32e6d99c787aa6abe144dad75806ea0	0	22
carat/tables/qcatalog/dim6/dir.6-1/ordnung.384/(2)^20(4)^16/group.7472	384	c2a192236c71962283a064c88b7d9e84	0	22
carat/tables/qcatalog/dim6/dir.6-1/ordnung.3840/(1)^16(2)^18(4)^2/group.7473	3840	37e498c98ba48ce9725b5f5c1eed8b07	0	23
carat/tables/qcatalog/dim6/dir.6-1/ordnung.3840/(1)^16(2)^20/group.7474	3840	c17d8ee5f13f97c9d0f310be23b5bae7	0	23
carat/tables/qcatalog/dim6/dir.6-1/ordnung.3840/(1)^8(2)^20(4)^8/group.7475	3840	2cf0565581d82bd5ba3d6409c807f4df	0	32
carat/tables/qcatalog/dim6/dir.6-3'/ordnung.14/(1)^1(7)^5/group.7633	14	0bc1adad303ee318d51beb85e95734d6	0	14
carat/tables/qcatalog/dim6/dir.6-3'/ordnung.14/(1)^2(7)^10/group.7634	14	b42cfaca92c3c0afca1ea758a0673e59	0	5
carat/tables/qcatalog/dim6/dir.6-3'/ordnung.28/(1)^2(7)^10/group.7635	28	33825fd2dddadf657a22907ab102454f	0	10
carat/tables/qcatalog/dim6/dir.6-3'/ordnung.7/(1)^1(7)^5/min.665	7	8b8b66df3bf6786ca75d1819b4efc09e	0	7
carat/tables/qcatalog/dim6/dir.6-3/ordnung.10080/(1)^26(7)^10/max.25	10080	2596fb6f656b17c375e677cdb14b8515	0	30
carat/tables/qcatalog/dim6/dir.6-3/ordnung.168/(1)^18(2)^8(14)^10/group.7621	168	4f68f3d28e505aca747571cdc73544a4	0	6
carat/tables/qcatalog/dim6/dir.6-3/ordnung.168/(1)^9(7)^9/group.7622	168	30552c26670c7d1e7d79c1695e9d3ca8	0	6
carat/tables/qcatalog/dim6/dir.6-3/ordnung.21/(1)^3(7)^15/min.664	21	27f3809df8eab6ce1b410c350973cb6c	0	5
carat/tables/qcatalog/dim6/dir.6-3/ordnung.2520/(1)^26(7)^10/group.7623	2520	62e8985d15d1352ee19d2836ce8e6f90	0	9
carat/tables/qcatalog/dim6/dir.6-3/ordnung.336/(1)^18(2)^8(14)^10/group.7624	336	98bb66249ca2632daca8a8884c670e8b	0	12
carat/tables/qcatalog/dim6/dir.6-3/ordnung.336/(1)^18(7)^18/group.7625	336	6b87020fcf0f80b13756ce49662bf7af	0	9
carat/tables/qcatalog/dim6/dir.6-3/ordnung.336/(1)^9(7)^9/group.7626	336	d0182ea3438327749be5c02442a35536	0	12
carat/tables/qcatalog/dim6/dir.6-3/ordnung.42/(1)^3(7)^15/group.7627	42	a4a42c69d0bfc84398cb7d62fbe99b0d	0	10
carat/tables/qcatalog/dim6/dir.6-3/ordnung.42/(1)^6(7)^30/group.7628	42	5deb1989e2ecc1344302683468686972	0	7
carat/tables/qcatalog/dim6/dir.6-3/ordnung.5040/(1)^26(7)^10/group.7629	5040	c74c17dac06215f5583afb200700f56f	0	18
carat/tables/qcatalog/dim6/dir.6-3/ordnung.5040/(1)^26(7)^10/group.7630	5040	4623246a03c5387c946ce90781a1c2da	0	15
carat/tables/qcatalog/dim6/dir.6-3/ordnung.5040/(1)^26(7)^10/group.7631	5040	d51d420cdd99e25872e8a6030548d06e	0	15
carat/tables/qcatalog/dim6/dir.6-3/ordnung.672/(1)^18(7)^18/max.26	672	d6e4dbafd788eee28f87390f362f26f4	0	18
carat/tables/qcatalog/dim6/dir.6-3/ordnung.84/(1)^6(7)^30/group.7632	84	09b0ea00af2449d7d6b1c63c4fcf7115	0	14
carat/tables/qcatalog/dim6/dir.6-4'/ordnung.120/(1)^8(2)^1(10)^9/group.7636	120	e1b9bf98e5f564ee5c7848bb44b6b1e4	0	10
carat/tables/qcatalog/dim6/dir.6-1/ordnung.192/(2)^18(4)^16(8)^2/group.7436	192	c5e85a93964e52505c70c48c36c6e2ee	0	14
carat/tables/qcatalog/dim6/dir.6-1/ordnung.192/(2)^18(4)^16(8)^2/group.7437	192	f0f8367a7dc62f860d1bc3f9a094662c	0	14
carat/tables/qcatalog/dim6/dir.6-1/ordnung.192/(2)^20(8)^16/group.7438	192	9123c35dff613bb2fd4767e33e3bb0cc	0	25
carat/tables/qcatalog/dim6/dir.6-1/ordnung.192/(2)^6(4)^12/group.7439	192	49aa6ec4f8578c0a6123b17c3d143df4	0	32
carat/tables/qcatalog/dim6/dir.6-1/ordnung.192/(2)^6(4)^24(8)^6/group.7440	192	812cf7363ade9552ef0d5ae0f0aea440	0	20
carat/tables/qcatalog/dim6/dir.6-1/ordnung.192/(2)^6(4)^24(8)^6/group.7441	192	ecc89e21a4bfe88487226651a259fbba	0	20
carat/tables/qcatalog/dim6/dir.6-1/ordnung.192/(2)^6(4)^24(8)^6/group.7442	192	78560e29f243cec26b9342e9c82e169c	0	20
carat/tables/qcatalog/dim6/dir.6-1/ordnung.192/(2)^6(4)^24(8)^6/group.7443	192	d6674fd18fed63bcbe945937b0acff9e	0	20
carat/tables/qcatalog/dim6/dir.6-1/ordnung.192/(2)^6(4)^24(8)^6/group.7444	192	f0bc30d5387f59229eba29ce1a787bf0	0	20
carat/tables/qcatalog/dim6/dir.6-1/ordnung.192/(2)^6(4)^24(8)^6/group.7445	192	6d481d4066d854029c73675d3abc4c04	0	20
carat/tables/qcatalog/dim6/dir.6-1/ordnung.192/(2)^9(4)^8(8)^1/group.7446	192	b3dfd4efbd16b79cb06ac3d450790592	0	20
carat/tables/qcatalog/dim6/dir.6-1/ordnung.1920/(1)^8(2)^18(4)^10/group.7447	1920	748096a39889b7b1600d621baec03adf	0	16
carat/tables/qcatalog/dim6/dir.6-1/ordnung.2304/(1)^16(2)^2(4)^16(8)^2/group.7448	2304	a3deccb9f1c8e0dd2da4e42d0d1f4c5f	0	40
carat/tables/qcatalog/dim6/dir.6-1/ordnung.2304/(1)^16(2)^2(4)^16(8)^2/group.7449	2304	7e8d6a6519e133852152bc54895a973f	0	40
carat/tables/qcatalog/dim6/dir.6-1/ordnung.2304/(1)^16(2)^4(4)^16/group.7450	2304	cddcd8bd4c40f1e3c92ba4da8dad1e05	0	40
carat/tables/qcatalog/dim6/dir.6-1/ordnung.2304/(1)^16(2)^4(4)^16/group.7451	2304	d86a1ab70d0647f17f74925e64382457	0	46
carat/tables/qcatalog/dim6/dir.6-1/ordnung.2304/(1)^16(2)^4(4)^16/group.7452	2304	82e3a8242d8628bb26b76d772fece7f5	0	40
carat/tables/qcatalog/dim6/dir.6-1/ordnung.2304/(1)^16(2)^4(4)^16/group.7453	2304	31b722db747a768710d2fe2bbc934651	0	40
carat/tables/qcatalog/dim6/dir.6-1/ordnung.23040/(1)^16(2)^18(4)^2/group.7454	23040	51cfaeb474b743e6c4c67117c821ed68	0	37
carat/tables/qcatalog/dim6/dir.6-1/ordnung.23040/(1)^16(2)^20/group.7455	23040	88f6361d47ef60b33d7fc2683cadcd35	0	40
carat/tables/qcatalog/dim6/dir.6-2/ordnung.216/(1)^6(3)^26(9)^4/group.7542	216	07b35ed7b81d4f83f2f9fe6d120d0c71	0	13
carat/tables/qcatalog/dim6/dir.6-2/ordnung.216/(1)^6(3)^26(9)^4/group.7543	216	c76b2c9ad2d0d9d9c5c6d8bd3ba0f8df	0	13
carat/tables/qcatalog/dim6/dir.6-2/ordnung.216/(1)^6(3)^26(9)^4/group.7544	216	8ce17616e6b85413cbe5ff5809cf8031	0	13
carat/tables/qcatalog/dim6/dir.6-2/ordnung.216/(1)^9(3)^9/group.7545	216	d53ce38cb68e4560d091ff185543b24a	0	19
carat/tables/qcatalog/dim6/dir.6-2/ordnung.216/(1)^9(3)^9/group.7546	216	23e3a172f1f0dfc744f23028dba9f305	0	40
carat/tables/qcatalog/dim6/dir.6-2/ordnung.216/(1)^9(3)^9/group.7547	216	e4c1b4f14e62bd249ad41c82c8634f6e	0	19
carat/tables/qcatalog/dim6/dir.6-2/ordnung.216/(1)^9(3)^9/group.7548	216	d511a000e6d792b38d970fae6c153db9	0	40
carat/tables/qcatalog/dim6/dir.6-2/ordnung.2592/(1)^10(3)^26/group.7549	2592	5bb2df8e69157bf72378780855b52d79	0	36
carat/tables/qcatalog/dim6/dir.6-2/ordnung.2592/(1)^11(3)^24(9)^1/group.7550	2592	b3cb761f66fc73414de715cfdcfa124f	0	44
carat/tables/qcatalog/dim6/dir.6-2/ordnung.2592/(1)^18(3)^18/group.7551	2592	5138f714641183620bdce954cc90cd90	0	29
carat/tables/qcatalog/dim6/dir.6-2/ordnung.2592/(1)^18(3)^18/group.7552	2592	abed65d24246adca224a03446021c240	0	35
carat/tables/qcatalog/dim6/dir.6-2/ordnung.2592/(1)^18(3)^18/group.7553	2592	547b0de945edf56a7df7267acbf2e130	0	35
carat/tables/qcatalog/dim6/dir.6-2/ordnung.2592/(1)^18(3)^18/group.7554	2592	a8fb641c3c769746b0f8668f5332e268	0	44
carat/tables/qcatalog/dim6/dir.6-2/ordnung.2592/(1)^18(3)^18/group.7555	2592	3c79d9c721db719a642989688c12883c	0	56
carat/tables/qcatalog/dim6/dir.6-2/ordnung.2592/(1)^18(3)^18/group.7556	2592	6173674130bbf12d38b9c6d374dd77cb	0	70
carat/tables/qcatalog/dim6/dir.6-2/ordnung.25920/(1)^26(3)^10/group.7557	25920	a41c12b118dc98d180a0719e0c0fa6d7	0	20
carat/tables/qcatalog/dim6/dir.6-2/ordnung.27/(3)^9(9)^9/min.659	27	b49066c94da0782c0d0f49df9e65bbce	0	11
carat/tables/qcatalog/dim6/dir.6-2/ordnung.27/(3)^9(9)^9/min.660	27	9cb6bdf298bbb87cc916eb7316d94bce	0	11
carat/tables/qcatalog/dim6/dir.6-2/ordnung.288/(1)^18(3)^2(12)^16/group.7558	288	2c1d6525200cb06a26270e0c38948e98	0	30
carat/tables/qcatalog/dim6/dir.6-2/ordnung.324/(1)^2(3)^15(9)^1/group.7559	324	cd534ce5c2c8b779d107e94587a8fddf	0	44
carat/tables/qcatalog/dim6/dir.6-1/ordnung.4608/(1)^16(2)^4(4)^16/group.7476	4608	3ecb1a5c9ea18e4a02d9cf941c54903c	0	65
carat/tables/qcatalog/dim6/dir.6-1/ordnung.46080/(1)^16(2)^20/max.22	46080	d406ef441ccc65e03d7869049712bd52	0	65
carat/tables/qcatalog/dim6/dir.6-1/ordnung.48/(2)^3(4)^12(8)^3/min.651	48	a367c6d3ab50c0253257681188ad91ff	0	8
carat/tables/qcatalog/dim6/dir.6-1/ordnung.48/(2)^6(8)^12/min.652	48	a18c2ee541eba4e471fced5c68a7ff02	0	10
carat/tables/qcatalog/dim6/dir.6-1/ordnung.48/(2)^6(8)^12/min.653	48	755cc691d0b144343a58b20b9a734c9e	0	16
carat/tables/qcatalog/dim6/dir.6-1/ordnung.576/(1)^16(2)^2(4)^16(8)^2/group.7478	576	bd4783518ca9be46c748fbb32e9bf188	0	16
carat/tables/qcatalog/dim6/dir.6-1/ordnung.576/(1)^16(2)^2(4)^16(8)^2/group.7479	576	d06cded5f1196d805f3f10c0f667d412	0	16
carat/tables/qcatalog/dim6/dir.6-1/ordnung.576/(1)^16(2)^2(4)^16(8)^2/min.654	576	1c81815ad49b299d901d23af88efcd6b	0	13
carat/tables/qcatalog/dim6/dir.6-1/ordnung.576/(1)^16(2)^2(4)^16(8)^2/min.655	576	94e777fcdffbd657c0bfd4567841e2b5	0	13
carat/tables/qcatalog/dim6/dir.6-1/ordnung.576/(1)^8(2)^2(4)^24(8)^2/group.7480	576	6256638e42c47c7cffd5dbe21d97e1b6	0	28
carat/tables/qcatalog/dim6/dir.6-1/ordnung.576/(1)^8(2)^2(4)^24(8)^2/group.7481	576	1e3c27b08c42525a00477422c743eeac	0	28
carat/tables/qcatalog/dim6/dir.6-1/ordnung.768/(2)^18(4)^18/group.7482	768	808a16bc53ad045195860b4053b104d7	0	32
carat/tables/qcatalog/dim6/dir.6-1/ordnung.768/(2)^18(4)^18/group.7483	768	6f0ecec484f40ad9998c7ede6fb7c6bf	0	32
carat/tables/qcatalog/dim6/dir.6-1/ordnung.768/(2)^20(4)^16/group.7484	768	73481cb957c19f5c9e13276ed2c44c22	0	38
carat/tables/qcatalog/dim6/dir.6-1/ordnung.768/(2)^20(4)^16/group.7485	768	e39f75d14698f375c0512806f5306fd3	0	38
carat/tables/qcatalog/dim6/dir.6-1/ordnung.768/(2)^26(4)^10/group.7486	768	40c2456b1573324fda38e115e72f3c7d	0	23
carat/tables/qcatalog/dim6/dir.6-1/ordnung.768/(2)^26(4)^10/group.7487	768	a644e68b3e1057b79cd45df571f28405	0	23
carat/tables/qcatalog/dim6/dir.6-1/ordnung.768/(2)^26(4)^8(8)^2/group.7488	768	8e9da51770c179dffc1464f30a9f7165	0	23
carat/tables/qcatalog/dim6/dir.6-1/ordnung.7680/(1)^16(2)^20/group.7489	7680	57f5b12b5a1456d1895eba5b5e1952e3	0	37
carat/tables/qcatalog/dim6/dir.6-1/ordnung.96/(2)^10(8)^8/group.7490	96	7656b1378e05a5ef6ea03acfd519b061	0	20
carat/tables/qcatalog/dim6/dir.6-1/ordnung.96/(2)^12(8)^24/group.7491	96	62740c5b6d53b54b6c6e78795fb0b875	0	14
carat/tables/qcatalog/dim6/dir.6-1/ordnung.96/(2)^12(8)^24/group.7492	96	7045681cf7d344388632ea36463e6626	0	14
carat/tables/qcatalog/dim6/dir.6-1/ordnung.96/(2)^12(8)^24/group.7493	96	d57ccae3dfa3ba61e0d4c893b14bc1df	0	20
carat/tables/qcatalog/dim6/dir.6-1/ordnung.96/(2)^12(8)^24/min.656	96	26f010bfe81afe3682355ee4d5491334	0	12
carat/tables/qcatalog/dim6/dir.6-1/ordnung.96/(2)^3(4)^12(8)^3/group.7494	96	c96728929160a8d3490fb4a79029cf59	0	16
carat/tables/qcatalog/dim6/dir.6-1/ordnung.96/(2)^6(4)^24(8)^6/group.7495	96	418a192763c09bef011a3dfa29dc3a5d	0	10
carat/tables/qcatalog/dim6/dir.6-1/ordnung.96/(2)^6(4)^24(8)^6/group.7496	96	ad8d2dea4a40b00db642c69082f53bef	0	10
carat/tables/qcatalog/dim6/dir.6-1/ordnung.96/(2)^6(4)^24(8)^6/min.657	96	c68dbc04fbee0dfb56561d76bad2ad19	0	10
carat/tables/qcatalog/dim6/dir.6-1/ordnung.96/(2)^6(4)^24(8)^6/min.658	96	ae21cbcb1edb0c87d0665c502344bf35	0	10
carat/tables/qcatalog/dim6/dir.6-1/ordnung.96/(2)^9(4)^8(8)^1/group.7497	96	3f01fe28ec4586b7e6aa00243c394cf9	0	10
carat/tables/qcatalog/dim6/dir.6-1/ordnung.96/(2)^9(4)^8(8)^1/group.7498	96	ebcb0c157b9001bf0b7208cb9b274da1	0	10
carat/tables/qcatalog/dim6/dir.6-2'/ordnung.18/(3)^3(9)^3/group.7618	18	cd674b98cdf643a8e8c3b9396e491b3e	0	18
carat/tables/qcatalog/dim6/dir.6-2'/ordnung.18/(3)^6(9)^6/group.7619	18	294b3d3507bd696734b0c70cbbccba3d	0	6
carat/tables/qcatalog/dim6/dir.6-2'/ordnung.36/(3)^6(9)^6/group.7620	36	8fc4482a305e2f74fad0a129f16393d6	0	12
carat/tables/qcatalog/dim6/dir.6-2'/ordnung.9/(3)^3(9)^3/min.663	9	a1567bc7d33967a6b0c32345b8d45364	0	9
carat/tables/qcatalog/dim6/dir.6-2/ordnung.10368/(1)^18(3)^18/max.23	10368	0340c5f983c3cbdf444dce53aea8cec1	0	98
carat/tables/qcatalog/dim6/dir.6-2/ordnung.103680/(1)^26(3)^10/max.24	103680	42cdc2fde84de12e705dbd50cbbb4dd0	0	50
carat/tables/qcatalog/dim6/dir.6-2/ordnung.108/(1)^2(3)^13(9)^3/group.7499	108	29814642762d3141c5ad88e179ceac5f	0	20
carat/tables/qcatalog/dim6/dir.6-2/ordnung.108/(1)^3(3)^13(9)^2/group.7500	108	979602ecc5d46db11e65c8119d288977	0	14
carat/tables/qcatalog/dim6/dir.6-2/ordnung.108/(1)^3(3)^13(9)^2/group.7501	108	94fbc7f40a3905a91953d04def3fa62f	0	14
carat/tables/qcatalog/dim6/dir.6-2/ordnung.5184/(1)^18(3)^18/group.7578	5184	1de12ac9806772f63a89417c2a71feec	0	88
carat/tables/qcatalog/dim6/dir.6-2/ordnung.5184/(1)^18(3)^18/group.7579	5184	6941cb6896afdf6ffbe01aa4a02154dd	0	49
carat/tables/qcatalog/dim6/dir.6-2/ordnung.5184/(1)^18(3)^18/group.7580	5184	87224f2a10db2730d7928493867aa4d2	0	58
carat/tables/qcatalog/dim6/dir.6-2/ordnung.5184/(1)^18(3)^18/group.7581	5184	c057287683bbb1dd440fc41636d125ab	0	49
carat/tables/qcatalog/dim6/dir.6-2/ordnung.5184/(1)^18(3)^18/group.7582	5184	ec8a62dfee27652444a7bafdc7989a5a	0	70
carat/tables/qcatalog/dim6/dir.6-2/ordnung.51840/(1)^26(3)^10/group.7583	51840	27794a28f787eda4f0e2520998c9891a	0	25
carat/tables/qcatalog/dim6/dir.6-2/ordnung.51840/(1)^26(3)^10/group.7584	51840	0f4e841e2cfb115028653529286b3e6e	0	25
carat/tables/qcatalog/dim6/dir.6-2/ordnung.51840/(1)^26(3)^10/group.7585	51840	ab17007bf63d3d3d36c8e798e98f5903	0	40
carat/tables/qcatalog/dim6/dir.6-2/ordnung.54/(1)^2(3)^13(9)^3/group.7586	54	b2d8cebb8a6611bc99c0efe50a25b242	0	10
carat/tables/qcatalog/dim6/dir.6-2/ordnung.54/(1)^2(3)^13(9)^3/group.7587	54	c0786a15f05d066ca1541bc38dedfda2	0	10
carat/tables/qcatalog/dim6/dir.6-2/ordnung.54/(3)^18(9)^18/group.7588	54	825659bc9eb2a35c90d4d3dd39dfcf32	0	10
carat/tables/qcatalog/dim6/dir.6-2/ordnung.54/(3)^18(9)^18/group.7589	54	4a3104715899d5f7438a12a2d29c4855	0	10
carat/tables/qcatalog/dim6/dir.6-2/ordnung.54/(3)^9(9)^9/group.7590	54	b0e7b017ffc25aac6c619f8f7a3a7c52	0	22
carat/tables/qcatalog/dim6/dir.6-2/ordnung.54/(3)^9(9)^9/group.7591	54	3bd4da8515017f8838460fc656d7be76	0	22
carat/tables/qcatalog/dim6/dir.6-2/ordnung.648/(1)^11(3)^24(9)^1/group.7592	648	85522a6e43ab13535b86f5e3b8ad89cd	0	17
carat/tables/qcatalog/dim6/dir.6-2/ordnung.648/(1)^11(3)^24(9)^1/group.7593	648	9ea8f3ae84ef4a1b40f486214daf65bd	0	17
carat/tables/qcatalog/dim6/dir.6-2/ordnung.648/(1)^11(3)^24(9)^1/group.7594	648	cc27aa30f2680180d28ed518b1404216	0	14
carat/tables/qcatalog/dim6/dir.6-2/ordnung.648/(1)^11(3)^24(9)^1/group.7595	648	cc6acb38ca6ea5b8231453d50f77af3e	0	14
carat/tables/qcatalog/dim6/dir.6-2/ordnung.648/(1)^18(3)^18/group.7596	648	db11f844ec6474aabd086945928b2864	0	28
carat/tables/qcatalog/dim6/dir.6-2/ordnung.648/(1)^18(3)^18/group.7597	648	59ac8f9624f5b095d4ee0e84c55748db	0	31
