carat/tables/qcatalog/dim5/dir.1,1,1,1,1/ordnung.1/(5)^1/min.58	1	3f63d97f9269e5313287f3e40690aab7	1	1
carat/tables/qcatalog/dim5/dir.1,1,1,1,1/ordnung.2/(5)^1/group.206	2	102d2cbcb635e8096e240990df863d2f	1	2
carat/tables/qcatalog/dim5/dir.1,1,1,1;1/ordnung.2/(1)^1(16)^1/min.59	2	462b63a48d31402dc7b5e1268d9c394b	1	2
carat/tables/qcatalog/dim5/dir.1,1,1,1;1/ordnung.2/(1)^1(16)^1/min.60	2	3e98a12b12ace6c1dbab966520838c0f	1	2
carat/tables/qcatalog/dim5/dir.1,1,1,1;1/ordnung.4/(1)^1(16)^1/group.207	4	87759f2ab55cccb734f183feb13041fd	1	4
carat/tables/qcatalog/dim5/dir.1,1,1;1,1/ordnung.2/(1)^1(24)^1/min.61	2	f9dfd124a181573951a8b83dc7757387	1	2
carat/tables/qcatalog/dim5/dir.1,1,1;1,1/ordnung.2/(1)^1(24)^1/min.62	2	18f090b03e79a4d1bd99ed9fb415c53f	1	2
carat/tables/qcatalog/dim5/dir.1,1,1;1,1/ordnung.4/(1)^1(24)^1/group.208	4	24851d1d077426a725846e3a0c8d0d45	1	4
carat/tables/qcatalog/dim5/dir.1,1,1;1;1/ordnung.4/(1)^1(4)^1(12)^1/min.63	4	d52084ff4dbb884951c2e36ebe0709c3	1	4
carat/tables/qcatalog/dim5/dir.1,1,1;1;1/ordnung.4/(1)^1(4)^1(12)^1/min.64	4	d38c46f0e38ecb791d2a588d498159ab	1	4
carat/tables/qcatalog/dim5/dir.1,1,1;1;1/ordnung.4/(1)^1(4)^1(12)^1/min.65	4	77bd59dee9f79655c8a15f9be617ef9f	1	4
carat/tables/qcatalog/dim5/dir.1,1,1;1;1/ordnung.8/(1)^1(4)^1(12)^1/group.209	8	47a5d996dd62adf510cd77cc960708bf	1	8
carat/tables/qcatalog/dim5/dir.1,1;1,1;1/ordnung.4/(1)^1(8)^2/min.66	4	fed746d08ea71dc1e844a002d26efbe7	1	4
carat/tables/qcatalog/dim5/dir.1,1;1,1;1/ordnung.4/(1)^1(8)^2/min.67	4	ea0d838721e805ed72e5a0b7e600bbfb	1	4
carat/tables/qcatalog/dim5/dir.1,1;1,1;1/ordnung.4/(1)^1(8)^2/min.68	4	eea000432c15c4850a1485e50304443b	1	4
carat/tables/qcatalog/dim5/dir.1,1;1,1;1/ordnung.8/(1)^1(8)^2/group.210	8	39340d4afab434d7731d1be65ceca805	1	8
carat/tables/qcatalog/dim5/dir.1,1;1;1;1/ordnung.16/(1)^1(4)^2(8)^1/group.211	16	48d78adc811e6d2c5965c8eed37424de	1	16
carat/tables/qcatalog/dim5/dir.1,1;1;1;1/ordnung.4/(1)^1(4)^2(32)^1/min.69	4	83b373537fe700adc8f8e1e2eaa1263f	1	4
carat/tables/qcatalog/dim5/dir.1,1;1;1;1/ordnung.4/(1)^1(4)^2(32)^1/min.70	4	d3a5c0a929da5be9001a39f026637e8b	1	4
carat/tables/qcatalog/dim5/dir.1,1;1;1;1/ordnung.8/(1)^1(4)^2(32)^1/group.212	8	3bd9312b35416135d32a5b8a216d77e7	1	8
carat/tables/qcatalog/dim5/dir.2-1;1,1,1/ordnung.4/(1)^1(4)^1(12)^1/min.79	4	6e0238c63a856d89a94c5b7866497803	1	4
carat/tables/qcatalog/dim5/dir.2-1;1,1,1/ordnung.4/(1)^1(4)^1(12)^1/min.80	4	d091e9921777f4016feb1be3cbaf2a1b	1	4
carat/tables/qcatalog/dim5/dir.2-1;1,1,1/ordnung.8/(1)^1(2)^2(4)^1(12)^1/group.225	8	0fbd422a65193424dca29d502ecf3ffe	1	5
carat/tables/qcatalog/dim5/dir.2-1;1,1,1/ordnung.8/(1)^1(2)^2(4)^1(12)^1/group.226	8	04d54887170fbb2894059ff1a0c163b2	1	5
carat/tables/qcatalog/dim5/dir.2-1;1,1,1/ordnung.8/(1)^1(2)^2(4)^1(12)^1/group.227	8	f89a7c6eae7c577e08c9644489c9a9f8	1	5
carat/tables/qcatalog/dim5/dir.2-1;1,1,1/ordnung.8/(1)^1(4)^1(12)^1/group.228	8	3779b487754693614a0a39d01db006e3	1	8
carat/tables/qcatalog/dim5/dir.2-1;1,1;1/ordnung.16/(1)^1(2)^2(4)^2(32)^1/group.229	16	b980479578bb384038711904c3ecd332	1	10
carat/tables/qcatalog/dim5/dir.2-1;1,1;1/ordnung.16/(1)^1(2)^2(4)^2(32)^1/group.230	16	b33d24165addd4cc1c052e97e3941d76	1	10
carat/tables/qcatalog/dim5/dir.2-1;1,1;1/ordnung.16/(1)^1(2)^2(4)^2(8)^1/group.231	16	bfb96e7abdf660feecffa913ae870a78	1	10
carat/tables/qcatalog/dim5/dir.2-1;1,1;1/ordnung.16/(1)^1(2)^2(4)^2(8)^1/group.232	16	a4f06b0a8d3f9fb2d7f064e43301aa54	1	10
carat/tables/qcatalog/dim5/dir.2-1;1,1;1/ordnung.16/(1)^1(2)^2(4)^2(8)^1/group.233	16	8eaf4325d8d0c3ea7044aa028e96dbac	1	10
carat/tables/qcatalog/dim5/dir.2-1;1,1;1/ordnung.16/(1)^1(2)^2(4)^2(8)^1/group.234	16	34a36aa5b9ea8a36b9a5598dea0b9b40	1	10
carat/tables/qcatalog/dim5/dir.2-1;1,1;1/ordnung.16/(1)^1(2)^2(4)^2(8)^1/group.235	16	f8ecfd23063542b6c64db3b394088b28	1	10
carat/tables/qcatalog/dim5/dir.2-1;1,1;1/ordnung.16/(1)^1(2)^2(4)^2(8)^1/group.236	16	124c0168c20a85765e2e9a64dd0522c8	1	10
carat/tables/qcatalog/dim5/dir.2-1;1,1;1/ordnung.16/(1)^1(4)^2(8)^1/group.237	16	0d296101c0d60a343d8abaac6db7cd9e	1	16
carat/tables/qcatalog/dim5/dir.2-1;1,1;1/ordnung.32/(1)^1(2)^2(4)^2(8)^1/group.238	32	ba97082768c48d36a0dc043d00440634	1	20
carat/tables/qcatalog/dim5/dir.2-1;1,1;1/ordnung.4/(1)^1(4)^2(32)^1/min.81	4	4e796e216a6f4f29164771973fdaf06b	1	4
carat/tables/qcatalog/dim5/dir.2-1;1,1;1/ordnung.4/(1)^1(4)^2(32)^1/min.82	4	a3fb08858450cad9732071d7a412cc2b	1	4
carat/tables/qcatalog/dim5/dir.2-1;1,1;1/ordnung.8/(1)^1(2)^2(4)^2(32)^1/group.239	8	5a84219267770670e1c28bd6fbfd472a	1	5
carat/tables/qcatalog/dim5/dir.2-1;1,1;1/ordnung.8/(1)^1(2)^2(4)^2(32)^1/group.240	8	12c5445294752552cce3cd93373d98dc	1	5
carat/tables/qcatalog/dim5/dir.1,1;1;1;1/ordnung.8/(1)^1(4)^2(8)^1/group.213	8	553b1261db77e40f088a45c8cccf97f9	1	8
carat/tables/qcatalog/dim5/dir.1,1;1;1;1/ordnung.8/(1)^1(4)^2(8)^1/group.214	8	1cfd617693fece8f6955aeb2a5299949	1	8
carat/tables/qcatalog/dim5/dir.1,1;1;1;1/ordnung.8/(1)^1(4)^2(8)^1/group.215	8	3d9beee39a6eb29b7bc6a652dcc11715	1	8
carat/tables/qcatalog/dim5/dir.1,1;1;1;1/ordnung.8/(1)^1(4)^2(8)^1/group.216	8	570c2595ec5b0d571bc6bcb703acc771	1	8
carat/tables/qcatalog/dim5/dir.1;1;1;1;1/ordnung.16/(1)^1(4)^2(8)^2/group.217	16	0d8d055a0e1e846277be276298d04d08	1	16
carat/tables/qcatalog/dim5/dir.1;1;1;1;1/ordnung.16/(1)^1(4)^4/group.218	16	42796512b227b21012b449df22e1874e	1	16
carat/tables/qcatalog/dim5/dir.1;1;1;1;1/ordnung.16/(1)^1(4)^4/group.219	16	705c0f20aba7a620d4ea2b0cea0fa0de	1	16
carat/tables/qcatalog/dim5/dir.1;1;1;1;1/ordnung.16/(1)^1(4)^4/group.220	16	89bde489bf71f8d0eb4f8f1c6ad89bce	1	16
carat/tables/qcatalog/dim5/dir.1;1;1;1;1/ordnung.32/(1)^1(4)^4/group.221	32	7d11aed73b31d12cad7e8ba1c8320ece	1	32
carat/tables/qcatalog/dim5/dir.1;1;1;1;1/ordnung.8/(1)^1(4)^2(8)^2/min.71	8	efbcb88d39153ac500cae4f631eaedb3	1	8
carat/tables/qcatalog/dim5/dir.1;1;1;1;1/ordnung.8/(1)^1(4)^2(8)^2/min.72	8	ec67207b9346d11d3473c28db5ce4ebb	1	8
carat/tables/qcatalog/dim5/dir.1;1;1;1;1/ordnung.8/(1)^1(4)^2(8)^2/min.73	8	5b97476f5501115599ff378102064abb	1	8
carat/tables/qcatalog/dim5/dir.2-1',2-1';1/ordnung.4/(1)^1(8)^2/min.74	4	be9bf54f0c889729531d160165040c77	1	4
carat/tables/qcatalog/dim5/dir.2-1',2-1';1/ordnung.4/(1)^1(8)^2/min.75	4	637d5693af1edcf9ec145fd908edb857	1	4
carat/tables/qcatalog/dim5/dir.2-1',2-1';1/ordnung.8/(1)^1(8)^2/group.222	8	27cdad7fc01ce2af5c7803b020124dc5	1	8
carat/tables/qcatalog/dim5/dir.2-1,2-1;1/ordnung.16/(1)^1(4)^2(8)^2/group.223	16	23295c5716163d08b9e8c877853e3e9e	1	10
carat/tables/qcatalog/dim5/dir.2-1,2-1;1/ordnung.8/(1)^1(4)^2(8)^2/min.76	8	0f6a37fcba9e53c7c17bc3a1a600fe45	1	5
carat/tables/qcatalog/dim5/dir.2-1,2-1;1/ordnung.8/(1)^1(4)^2(8)^2/min.77	8	264d962daa532661e3714c9fbc422fd7	1	5
carat/tables/qcatalog/dim5/dir.2-1,2-1;1/ordnung.8/(1)^1(4)^2(8)^2/min.78	8	7d5e828c206d0e6b7cd634e92f94f5e9	1	5
carat/tables/qcatalog/dim5/dir.2-1;1,1,1/ordnung.16/(1)^1(2)^2(4)^1(12)^1/group.224	16	924cc603ad72f2880f56f816095b9e8a	1	10
carat/tables/qcatalog/dim5/dir.2-1;1,1;1/ordnung.8/(1)^1(2)^2(4)^2(32)^1/group.241	8	7263f60a6394507ad077609db1b1c3cc	1	5
carat/tables/qcatalog/dim5/dir.2-1;1,1;1/ordnung.8/(1)^1(2)^2(4)^2(32)^1/group.242	8	40ae993dadc546e09e1c8024a7ac79a2	1	5
carat/tables/qcatalog/dim5/dir.2-1;1,1;1/ordnung.8/(1)^1(2)^2(4)^2(32)^1/min.83	8	85f8efa2a12e55f001f9d077161c271a	1	5
carat/tables/qcatalog/dim5/dir.2-1;1,1;1/ordnung.8/(1)^1(2)^2(4)^2(32)^1/min.84	8	98cbdab0e740c4c6c8662784af224318	1	5
carat/tables/qcatalog/dim5/dir.2-1;1,1;1/ordnung.8/(1)^1(2)^2(4)^2(32)^1/min.85	8	4729b46086df00d41b4d13a424c7b80e	1	5
carat/tables/qcatalog/dim5/dir.2-1;1,1;1/ordnung.8/(1)^1(4)^2(32)^1/group.243	8	8901d3b42db674c9a3b9c51808513803	1	8
carat/tables/qcatalog/dim5/dir.2-1;1,1;1/ordnung.8/(1)^1(4)^2(8)^1/group.244	8	2db1795987ff619ff6f1813cd2070b61	1	8
carat/tables/qcatalog/dim5/dir.2-1;1,1;1/ordnung.8/(1)^1(4)^2(8)^1/group.245	8	ca074fe3477f358761d9f075745dabe9	1	8
carat/tables/qcatalog/dim5/dir.2-1;1,1;1/ordnung.8/(1)^1(4)^2(8)^1/group.246	8	1850020b9001d45fd50d9f3885df7ee1	1	8
carat/tables/qcatalog/dim5/dir.2-1;1,1;1/ordnung.8/(1)^1(4)^2(8)^1/group.247	8	61c14c3855afc53fdbf34c74f4836af1	1	8
carat/tables/qcatalog/dim5/dir.2-1;1;1;1/ordnung.16/(1)^1(2)^2(4)^2(16)^2/group.248	16	e697fdc467cc46566c99d4faf4e0173c	1	10
carat/tables/qcatalog/dim5/dir.2-1;1;1;1/ordnung.16/(1)^1(2)^2(4)^2(8)^2/group.249	16	233ad52a4dbfe8ae46d2183d7f610094	1	10
carat/tables/qcatalog/dim5/dir.2-1;1;1;1/ordnung.16/(1)^1(2)^2(4)^2(8)^2/group.250	16	5e9d652fcbdf47f4ed83cdee5658a702	1	10
carat/tables/qcatalog/dim5/dir.2-1;1;1;1/ordnung.16/(1)^1(2)^2(4)^2(8)^2/group.251	16	ad192c332f06e72073a4a9d6682ebcce	1	10
carat/tables/qcatalog/dim5/dir.2-1;1;1;1/ordnung.16/(1)^1(2)^2(4)^2(8)^2/group.252	16	19ad7919a402d1864b79b8cef52734a4	1	10
carat/tables/qcatalog/dim5/dir.2-1;1;1;1/ordnung.16/(1)^1(2)^2(4)^2(8)^2/group.253	16	0cb9a07f0bd6fcf61eeaf84d32835abc	1	10
carat/tables/qcatalog/dim5/dir.2-1;1;1;1/ordnung.16/(1)^1(2)^2(4)^2(8)^2/group.254	16	dc0103e778878058d7260df9e28f3da6	1	10
carat/tables/qcatalog/dim5/dir.2-1;1;1;1/ordnung.16/(1)^1(2)^2(4)^2(8)^2/group.255	16	ccbbf03aceb6afe20bc5eceae80c6e40	1	10
carat/tables/qcatalog/dim5/dir.2-1;1;1;1/ordnung.16/(1)^1(2)^2(4)^2(8)^2/group.256	16	0928bd3b67a51b6eb960fac5a5b80f74	1	10
carat/tables/qcatalog/dim5/dir.2-1;1;1;1/ordnung.16/(1)^1(2)^2(4)^2(8)^2/group.257	16	141fef2d263a28d04cb5db80869bb68e	1	10
carat/tables/qcatalog/dim5/dir.2-1;1;1;1/ordnung.8/(1)^1(4)^2(8)^2/min.89	8	93e63798b954e1ed6a1b88bae7746253	1	8
carat/tables/qcatalog/dim5/dir.2-1;1;1;1/ordnung.8/(1)^1(4)^2(8)^2/min.90	8	e8d5e429d93dbea5327079f4bb659beb	1	8
carat/tables/qcatalog/dim5/dir.2-1;1;1;1/ordnung.8/(1)^1(4)^2(8)^2/min.91	8	66998b591182ef9d9d6c828eef8cce6b	1	8
carat/tables/qcatalog/dim5/dir.2-1;2-1;1/ordnung.128/(1)^1(2)^4(4)^4/group.275	128	a3ad4ad4640b65c0d75cefe2fb2fdd42	1	50
carat/tables/qcatalog/dim5/dir.2-1;2-1;1/ordnung.16/(1)^1(2)^2(4)^2(8)^2/group.276	16	052c813d24d8470e29c7bbb429c1aa7c	1	10
carat/tables/qcatalog/dim5/dir.2-1;2-1;1/ordnung.16/(1)^1(2)^2(4)^2(8)^2/group.277	16	a8407feaebcc07c6595abfa17ae9ba3c	1	10
carat/tables/qcatalog/dim5/dir.2-1;2-1;1/ordnung.16/(1)^1(2)^2(4)^2(8)^2/group.278	16	71426366626be17af7efd0ae76a40308	1	10
carat/tables/qcatalog/dim5/dir.2-1;2-1;1/ordnung.16/(1)^1(2)^2(4)^2(8)^2/group.279	16	8925e393fb1bc5c26a824dec351cdbb8	1	10
carat/tables/qcatalog/dim5/dir.2-1;2-1;1/ordnung.16/(1)^1(2)^2(4)^2(8)^2/min.92	16	1b8c004f310c891464064a8d4b657642	1	10
carat/tables/qcatalog/dim5/dir.2-1;2-1;1/ordnung.16/(1)^1(2)^2(4)^2(8)^2/min.93	16	06f2af87ae882160f7f49ef86ee8d73e	1	10
carat/tables/qcatalog/dim5/dir.2-1;2-1;1/ordnung.16/(1)^1(2)^2(4)^2(8)^2/min.94	16	a3d270d1943f7e7893e87233dcec91a6	1	10
carat/tables/qcatalog/dim5/dir.2-1;2-1;1/ordnung.16/(1)^1(4)^2(8)^2/group.280	16	11a547e3c094e45e4ca257a89bff9e84	1	16
carat/tables/qcatalog/dim5/dir.2-1;2-1;1/ordnung.16/(1)^1(4)^4/group.281	16	364cd650541b4de072c77d220ad0d4fe	1	16
carat/tables/qcatalog/dim5/dir.2-1;2-1;1/ordnung.16/(1)^1(4)^4/group.282	16	1c5ee6ff6bfa450072e0be38ea06c84e	1	16
carat/tables/qcatalog/dim5/dir.2-1;2-1;1/ordnung.16/(1)^1(4)^4/group.283	16	5846b5d600e537d8d467ee24cb540176	1	16
carat/tables/qcatalog/dim5/dir.2-1;2-1;1/ordnung.16/(1)^1(4)^6(8)^2/group.284	16	df8f865a77902694ce7d74570e9714b2	1	10
carat/tables/qcatalog/dim5/dir.2-1;2-1;1/ordnung.16/(1)^1(4)^6(8)^2/group.285	16	08809547189f359c4a7fb5abff118cba	1	10
carat/tables/qcatalog/dim5/dir.2-1;2-1;1/ordnung.16/(1)^1(4)^6(8)^2/group.286	16	5c27a08084c7730c599dd1c2f7df589a	1	10
carat/tables/qcatalog/dim5/dir.2-1;2-1;1/ordnung.16/(1)^1(4)^6(8)^2/group.287	16	3da6e91f47d16ee297ac49b7f3cc1db0	1	10
carat/tables/qcatalog/dim5/dir.2-1;2-1;1/ordnung.16/(1)^1(4)^6(8)^2/min.95	16	d0fe953bdc1cae5444155f9820352672	1	10
carat/tables/qcatalog/dim5/dir.2-1;2-1;1/ordnung.8/(1)^1(4)^2(8)^2/min.98	8	2c9350d5197fbb493eccebccf6bd7cd7	1	8
carat/tables/qcatalog/dim5/dir.2-1;2-1;1/ordnung.8/(1)^1(4)^2(8)^2/min.99	8	9df19266a1351b99f2e246542221b867	1	8
carat/tables/qcatalog/dim5/dir.2-2',2-2';1/ordnung.12/(1)^1(2)^1(6)^1/group.325	12	083d937f97bc33022d91d3e08457d478	1	12
carat/tables/qcatalog/dim5/dir.2-2',2-2';1/ordnung.3/(1)^1(6)^1(18)^1/min.101	3	add583ef2f10770f9e7a820f17432381	1	3
carat/tables/qcatalog/dim5/dir.2-2',2-2';1/ordnung.6/(1)^1(2)^1(6)^1/group.326	6	1a3182dfadfcd5a5fe34fb517470ddc3	1	6
carat/tables/qcatalog/dim5/dir.2-2',2-2';1/ordnung.6/(1)^1(2)^1(6)^1/group.327	6	d9cc1bc6c7fd3661903d3c22a9c20aaf	1	6
carat/tables/qcatalog/dim5/dir.2-2',2-2';1/ordnung.6/(1)^1(6)^1(18)^1/group.328	6	5e783e3f69b62de14098cffd7035809f	1	6
carat/tables/qcatalog/dim5/dir.2-2,2-2;1/ordnung.12/(1)^1(2)^2(6)^2/group.329	12	fef9cb4cb3240f3098c0837593ac932a	1	6
carat/tables/qcatalog/dim5/dir.2-2,2-2;1/ordnung.12/(1)^1(2)^2(6)^2/group.330	12	1f0575eb2cf4069c40bd6c700ed683d6	1	6
carat/tables/qcatalog/dim5/dir.2-2,2-2;1/ordnung.12/(1)^1(2)^2(6)^2/group.331	12	b7f1d850f9c9d462e7b4b765f88b71cc	1	6
carat/tables/qcatalog/dim5/dir.2-2,2-2;1/ordnung.12/(1)^1(6)^4/group.332	12	cf5fe3c7f5d4a64a48d4d81f238191c4	1	6
carat/tables/qcatalog/dim5/dir.2-2,2-2;1/ordnung.24/(1)^1(2)^2(6)^2/group.333	24	c9c526ce15d845753a81b7d1626d955f	1	12
carat/tables/qcatalog/dim5/dir.2-2,2-2;1/ordnung.6/(1)^1(6)^4/min.102	6	ad5f568ed86090055181bbd545210bef	1	3
carat/tables/qcatalog/dim5/dir.2-2,2-2;1/ordnung.6/(1)^1(6)^4/min.103	6	360ef2bcb1d227316698aa0bca293f2b	1	3
carat/tables/qcatalog/dim5/dir.2-2;1,1,1/ordnung.12/(1)^1(3)^2/group.334	12	c35722415da86fc49806cd3abaae1666	1	12
carat/tables/qcatalog/dim5/dir.2-2;1,1,1/ordnung.12/(1)^2(3)^2(27)^1/group.335	12	59fc6ef3ebcc49262337b02883680634	1	6
carat/tables/qcatalog/dim5/dir.2-2;1,1,1/ordnung.12/(1)^2(3)^3/group.336	12	381df3d20259c3869b3d372d013822dc	1	6
carat/tables/qcatalog/dim5/dir.2-2;1,1,1/ordnung.12/(1)^2(3)^3/group.337	12	5392c4bd67e82752d1165770e5c79108	1	6
carat/tables/qcatalog/dim5/dir.2-2;1,1,1/ordnung.12/(1)^2(3)^3/group.338	12	06bd89a5f74965f645fc546ee88348bc	1	6
carat/tables/qcatalog/dim5/dir.2-2;1,1,1/ordnung.24/(1)^2(3)^3/group.339	24	dbc071d02719b1139a056dafc20562b1	1	12
carat/tables/qcatalog/dim5/dir.2-1;2-1;1/ordnung.16/(1)^1(4)^6(8)^2/min.96	16	a9d4238bcf0647d8e33b4a4ca50d3046	1	10
carat/tables/qcatalog/dim5/dir.2-1;2-1;1/ordnung.16/(1)^1(4)^6(8)^2/min.97	16	b56036990d5b10707d399a8f8157258e	1	10
carat/tables/qcatalog/dim5/dir.2-1;2-1;1/ordnung.32/(1)^1(2)^2(4)^2(8)^2/group.288	32	ca313217fae30234acdb8634c56d33ae	1	20
carat/tables/qcatalog/dim5/dir.2-1;2-1;1/ordnung.32/(1)^1(2)^2(4)^2(8)^2/group.289	32	fbb61b1ecb94b39c5d3965ffddea7c3e	1	20
carat/tables/qcatalog/dim5/dir.2-1;2-1;1/ordnung.32/(1)^1(2)^2(4)^4/group.290	32	742a74461c68e1a6b64ac209550cf7f0	1	20
carat/tables/qcatalog/dim5/dir.2-1;2-1;1/ordnung.32/(1)^1(2)^2(4)^4/group.291	32	30f6ed96f86e17be8ff9b333c8d67068	1	20
carat/tables/qcatalog/dim5/dir.2-1;2-1;1/ordnung.32/(1)^1(2)^2(4)^4/group.292	32	b2e1b35cec90f81aa34a09a11765134c	1	20
carat/tables/qcatalog/dim5/dir.2-1;2-1;1/ordnung.32/(1)^1(2)^2(4)^4/group.293	32	6b998d9ec8b0c282b909a685e051cb94	1	20
carat/tables/qcatalog/dim5/dir.2-1;2-1;1/ordnung.32/(1)^1(2)^2(4)^4/group.294	32	0f0cf0f6747846fe52a626b7cb132278	1	20
carat/tables/qcatalog/dim5/dir.2-1;2-1;1/ordnung.32/(1)^1(2)^2(4)^4/group.295	32	ceaafbdb77c8b8f6465c3ca1b216f330	1	20
carat/tables/qcatalog/dim5/dir.2-1;2-1;1/ordnung.32/(1)^1(2)^2(4)^6/group.296	32	82758b2273f7f6ea0a5253cc5e034160	1	14
carat/tables/qcatalog/dim5/dir.2-1;2-1;1/ordnung.32/(1)^1(2)^2(4)^6/group.297	32	5d71901e5d7370e447a5d730b8532672	1	14
carat/tables/qcatalog/dim5/dir.2-1;2-1;1/ordnung.32/(1)^1(2)^2(4)^6/group.298	32	8252b683bcff2fb4899a3df1a0e07aa2	1	14
carat/tables/qcatalog/dim5/dir.2-1;2-1;1/ordnung.32/(1)^1(2)^2(4)^6/group.299	32	c29436a01d852b66f2fb2cc9e9614980	1	14
carat/tables/qcatalog/dim5/dir.2-1;2-1;1/ordnung.32/(1)^1(2)^2(4)^6/group.300	32	bfc5652ed63e57decbe1334d72fd66a8	1	14
carat/tables/qcatalog/dim5/dir.2-1;2-1;1/ordnung.32/(1)^1(2)^2(4)^6/group.301	32	8b4cbba8c3a82222ecaa7a9ff430cb40	1	14
carat/tables/qcatalog/dim5/dir.2-1;2-1;1/ordnung.32/(1)^1(2)^2(4)^6/group.302	32	1a14f6488e96e6263d9ca58441f71920	1	14
carat/tables/qcatalog/dim5/dir.2-1;2-1;1/ordnung.32/(1)^1(2)^2(4)^6/group.303	32	14062c0084801db044bb2adaa545fad2	1	14
carat/tables/qcatalog/dim5/dir.2-1;2-1;1/ordnung.32/(1)^1(2)^2(4)^6/group.304	32	54362baa8930ad406e7a983f30b5188a	1	14
carat/tables/qcatalog/dim5/dir.2-1;2-1;1/ordnung.32/(1)^1(2)^2(4)^6/group.305	32	f9379a90596d1e7e0c1f07331b80cb20	1	14
carat/tables/qcatalog/dim5/dir.2-1;1;1;1/ordnung.16/(1)^1(2)^2(4)^2(8)^2/group.258	16	6c5548ca44b93f1ac04e0c996a7d95a8	1	10
carat/tables/qcatalog/dim5/dir.2-1;1;1;1/ordnung.16/(1)^1(2)^2(4)^2(8)^2/group.259	16	70fa13687d1bf1f455071ab2fc43c4b2	1	10
carat/tables/qcatalog/dim5/dir.2-1;1;1;1/ordnung.16/(1)^1(4)^2(8)^2/group.260	16	dc60834626eace620b23327002dab520	1	16
carat/tables/qcatalog/dim5/dir.2-1;1;1;1/ordnung.16/(1)^1(4)^4/group.261	16	15745d8202c3cb281b8c8f60e158d78e	1	16
carat/tables/qcatalog/dim5/dir.2-1;1;1;1/ordnung.16/(1)^1(4)^4/group.262	16	7132b9f68d984d10e7b36c9490a71036	1	16
carat/tables/qcatalog/dim5/dir.2-1;1;1;1/ordnung.16/(1)^1(4)^4/group.263	16	d679cfeb04328d90f38cf34c9677f0b6	1	16
carat/tables/qcatalog/dim5/dir.2-1;1;1;1/ordnung.16/(1)^1(4)^4/group.264	16	5406fa8750149018ea74b2f5d03e6e9e	1	16
carat/tables/qcatalog/dim5/dir.2-1;1;1;1/ordnung.32/(1)^1(2)^2(4)^2(8)^2/group.265	32	1a63752a74dfa8e41855c9bf23122a26	1	20
carat/tables/qcatalog/dim5/dir.2-1;1;1;1/ordnung.32/(1)^1(2)^2(4)^2(8)^2/group.266	32	90665d1c31886b4059e19cd56358194a	1	20
carat/tables/qcatalog/dim5/dir.2-1;1;1;1/ordnung.32/(1)^1(2)^2(4)^4/group.267	32	918da229d53d5dd23781ea03e7955264	1	20
carat/tables/qcatalog/dim5/dir.2-1;1;1;1/ordnung.32/(1)^1(2)^2(4)^4/group.268	32	7c25f6a9b154201ac7a680fdaa2766e4	1	20
carat/tables/qcatalog/dim5/dir.2-1;1;1;1/ordnung.32/(1)^1(2)^2(4)^4/group.269	32	14dd21dcbcd4a30a307f3b64db450fb4	1	20
carat/tables/qcatalog/dim5/dir.2-1;1;1;1/ordnung.32/(1)^1(2)^2(4)^4/group.270	32	1f01587d90157dda9ca208798c0aa994	1	20
carat/tables/qcatalog/dim5/dir.2-1;1;1;1/ordnung.32/(1)^1(2)^2(4)^4/group.271	32	d5d3f90a0465ee42e4dbfb0684013174	1	20
carat/tables/qcatalog/dim5/dir.2-1;1;1;1/ordnung.32/(1)^1(2)^2(4)^4/group.272	32	cfc4cc9d90532f7a9806fd8a3dc417e4	1	20
carat/tables/qcatalog/dim5/dir.2-1;1;1;1/ordnung.32/(1)^1(4)^4/group.273	32	83eac8e8b7f106d80abd75f548709512	1	32
carat/tables/qcatalog/dim5/dir.2-1;1;1;1/ordnung.64/(1)^1(2)^2(4)^4/group.274	64	b14a44b6e480ec5be52982d6c56f81d9	1	40
carat/tables/qcatalog/dim5/dir.2-1;1;1;1/ordnung.8/(1)^1(2)^2(4)^2(16)^2/min.86	8	5bff72f8f9057f9e59e4ef642b284d14	1	5
carat/tables/qcatalog/dim5/dir.2-1;1;1;1/ordnung.8/(1)^1(2)^2(4)^2(16)^2/min.87	8	5fad8fb354a5bc1c096e8f9a7d353bf2	1	5
carat/tables/qcatalog/dim5/dir.2-1;1;1;1/ordnung.8/(1)^1(2)^2(4)^2(16)^2/min.88	8	85c1368df3125f5e6a5e4e71e8495514	1	5
carat/tables/qcatalog/dim5/dir.2-2;1,1,1/ordnung.3/(1)^1(3)^1(27)^1/min.104	3	7d5f11391a58ef69a650e7b12cba51c7	1	3
carat/tables/qcatalog/dim5/dir.2-2;1,1,1/ordnung.6/(1)^1(3)^1(27)^1/group.340	6	7fe5be5324c99e5739c562826f629359	1	6
carat/tables/qcatalog/dim5/dir.2-2;1,1,1/ordnung.6/(1)^1(3)^2/group.341	6	600f6b5709f25ed3a0531081aebc30ed	1	6
carat/tables/qcatalog/dim5/dir.2-2;1,1,1/ordnung.6/(1)^1(3)^2/group.342	6	40954b3affd53f5755b51b69650b1cd9	1	6
carat/tables/qcatalog/dim5/dir.2-2;1,1,1/ordnung.6/(1)^2(3)^2(27)^1/group.343	6	2c70fda8ce19509fe0cfde7b4629fff5	1	3
carat/tables/qcatalog/dim5/dir.2-2;1,1,1/ordnung.6/(1)^2(3)^2(27)^1/group.344	6	132b1cdc2732448f931ece6bb9e6814d	1	3
carat/tables/qcatalog/dim5/dir.2-2;1,1;1/ordnung.12/(1)^1(3)^2(24)^1/group.345	12	3e1f237b571dd1a8886d5e884474dc7a	1	12
carat/tables/qcatalog/dim5/dir.2-2;1,1;1/ordnung.12/(1)^1(3)^4(72)^1/group.346	12	2179719ff87c55ae63a4265589e2e884	1	6
carat/tables/qcatalog/dim5/dir.2-2;1,1;1/ordnung.12/(1)^2(3)^1(72)^1/group.347	12	8358317b76a3eefcee688ed5f4d14c7e	1	12
carat/tables/qcatalog/dim5/dir.2-2;1,1;1/ordnung.12/(1)^2(3)^3(24)^1/group.348	12	586a8c28feada1ae29aa083e548d45fc	1	6
carat/tables/qcatalog/dim5/dir.2-2;1,1;1/ordnung.12/(1)^2(3)^3(24)^1/group.349	12	1e1d62efd12ae6f625ffe985b651c73c	1	6
carat/tables/qcatalog/dim5/dir.2-2;1,1;1/ordnung.12/(1)^2(3)^3(24)^1/group.350	12	aeaaee2153601022214ec22f5a66fee8	1	6
carat/tables/qcatalog/dim5/dir.2-2;1,1;1/ordnung.12/(1)^2(3)^3(24)^1/group.351	12	b21067e6c474539ebeebe266d43a218c	1	6
carat/tables/qcatalog/dim5/dir.2-2;1,1;1/ordnung.12/(1)^3(24)^1/group.352	12	f9f84dc62c1a97ba86b7564b2a96eef4	1	12
carat/tables/qcatalog/dim5/dir.2-2;1,1;1/ordnung.12/(1)^3(24)^1/group.353	12	8b3df40b11d51bd2bc5865c6afaee6ac	1	12
carat/tables/qcatalog/dim5/dir.2-2;1,1;1/ordnung.12/(1)^3(24)^1/group.354	12	7b7fc308410c5fa6c988a4e5ddef5cb8	1	12
carat/tables/qcatalog/dim5/dir.2-2;1,1;1/ordnung.12/(1)^3(24)^1/group.355	12	7512c40af79a9a8a52e60d8ed6effbbc	1	12
carat/tables/qcatalog/dim5/dir.2-2;1,1;1/ordnung.12/(1)^3(3)^2(72)^1/group.356	12	7ef2ad50d9397a4c01b0284faf1791f2	1	6
carat/tables/qcatalog/dim5/dir.2-2;1,1;1/ordnung.12/(1)^3(3)^2(72)^1/group.357	12	71651f2173e515648337fac48b312482	1	6
carat/tables/qcatalog/dim5/dir.2-2;1,1;1/ordnung.12/(1)^3(3)^2(72)^1/group.358	12	6be0880f50447c5c47e2d4c0fa320812	1	6
carat/tables/qcatalog/dim5/dir.2-2;1,1;1/ordnung.12/(1)^3(3)^2(72)^1/group.359	12	8a1b22568ede91d08e9108ed6505540e	1	6
carat/tables/qcatalog/dim5/dir.2-2;1,1;1/ordnung.12/(1)^4(3)^1(24)^1/group.360	12	9e8680ce968d4c964b85bfc6fbfe9934	1	6
carat/tables/qcatalog/dim5/dir.2-2;1,1;1/ordnung.12/(1)^4(3)^1(24)^1/group.361	12	cde9362f5834c2428b346731e76e8b00	1	6
carat/tables/qcatalog/dim5/dir.2-2;1,1;1/ordnung.12/(1)^4(3)^1(24)^1/group.362	12	487ad290546b94dee6961c6984b22ecc	1	6
carat/tables/qcatalog/dim5/dir.2-2;1,1;1/ordnung.24/(1)^2(3)^3(24)^1/group.363	24	23bb89c9afa21b57500ee27379a771a5	1	12
carat/tables/qcatalog/dim5/dir.2-2;1,1;1/ordnung.24/(1)^3(24)^1/group.364	24	33c75b4d7e2ea66db9a4b51f51e7011f	1	24
carat/tables/qcatalog/dim5/dir.2-2;1,1;1/ordnung.24/(1)^3(3)^2(72)^1/group.365	24	c7c7b4ebc4eafefbaa5b4020044aac11	1	12
carat/tables/qcatalog/dim5/dir.2-2;1,1;1/ordnung.24/(1)^4(3)^1(24)^1/group.366	24	f5b7820947f2389b5f7c6008a37c29a1	1	12
carat/tables/qcatalog/dim5/dir.2-2;1,1;1/ordnung.24/(1)^4(3)^1(24)^1/group.367	24	5dfe99324919c11930335ea96aee3ff7	1	12
carat/tables/qcatalog/dim5/dir.2-2;1,1;1/ordnung.24/(1)^4(3)^1(24)^1/group.368	24	a2049080478d747578df12e7da2b74fb	1	12
carat/tables/qcatalog/dim5/dir.2-2;1,1;1/ordnung.24/(1)^4(3)^1(24)^1/group.369	24	419c856672213525983972b69fc723bb	1	12
carat/tables/qcatalog/dim5/dir.2-2;1,1;1/ordnung.24/(1)^4(3)^1(24)^1/group.370	24	89f7db97713f37fd5bda2523fd41bd03	1	12
carat/tables/qcatalog/dim5/dir.2-2;1,1;1/ordnung.24/(1)^4(3)^1(24)^1/group.371	24	166ca602771c5405484177f06a586af3	1	12
carat/tables/qcatalog/dim5/dir.2-2;1,1;1/ordnung.24/(1)^4(3)^1(24)^1/group.372	24	4e12102c204b1b95eee8ddabc751a1b3	1	12
carat/tables/qcatalog/dim5/dir.2-2;1,1;1/ordnung.48/(1)^4(3)^1(24)^1/group.373	48	6e62141c2063619dac0f1acd74a50ca7	1	24
carat/tables/qcatalog/dim5/dir.2-2;1,1;1/ordnung.6/(1)^1(3)^2(24)^1/min.105	6	39f259c8af4782132e4629a6bed113b5	1	6
carat/tables/qcatalog/dim5/dir.2-2;1,1;1/ordnung.6/(1)^1(3)^2(24)^1/min.106	6	162f8a425e55245f5addd781c86d6379	1	6
carat/tables/qcatalog/dim5/dir.2-2;1,1;1/ordnung.6/(1)^1(3)^4(72)^1/min.107	6	ff0024cedab86c0f23c1582233dd1495	1	3
carat/tables/qcatalog/dim5/dir.2-2;1,1;1/ordnung.6/(1)^1(3)^4(72)^1/min.108	6	9e7a14fb8c850b8b65d448a75d703e61	1	3
carat/tables/qcatalog/dim5/dir.2-2;1,1;1/ordnung.6/(1)^2(3)^1(72)^1/min.109	6	88702cb86ccdc29b731f4193a2568405	1	6
carat/tables/qcatalog/dim5/dir.2-2;1,1;1/ordnung.6/(1)^2(3)^1(72)^1/min.110	6	c56a261f7f0e598356d33f3f4a6f1bad	1	6
carat/tables/qcatalog/dim5/dir.2-2;1;1;1/ordnung.12/(1)^2(3)^1(12)^2/min.111	12	71ad0dfa0648fee6b2635374b49cf064	1	12
carat/tables/qcatalog/dim5/dir.2-2;1;1;1/ordnung.12/(1)^2(3)^1(12)^2/min.112	12	d90ee97716eb866e6c9189a2e197b984	1	12
carat/tables/qcatalog/dim5/dir.2-2;1;1;1/ordnung.12/(1)^2(3)^1(12)^2/min.113	12	903592a20eaae402b3fa3b3c79b58540	1	12
carat/tables/qcatalog/dim5/dir.2-2;1;1;1/ordnung.12/(1)^3(3)^2(36)^2/min.114	12	4dbdf2f448a4ca32077ac6c518981b7c	1	6
carat/tables/qcatalog/dim5/dir.2-2;1;1;1/ordnung.12/(1)^3(3)^2(36)^2/min.115	12	b228bb0a9785d48e00f9cf03bb562790	1	6
carat/tables/qcatalog/dim5/dir.2-2;1;1;1/ordnung.12/(1)^3(3)^2(36)^2/min.116	12	f4ae2f29238d33ba37464f33071445a4	1	6
carat/tables/qcatalog/dim5/dir.2-2;1;1;1/ordnung.12/(1)^3(4)^1(12)^1/min.117	12	ab8b2316c6aa27a69df62d2bef0b2d64	1	12
carat/tables/qcatalog/dim5/dir.2-2;1;1;1/ordnung.12/(1)^3(4)^1(12)^1/min.118	12	ffecfdc0d3ec52b2edfb2138b32d7130	1	12
carat/tables/qcatalog/dim5/dir.2-2;1;1;1/ordnung.12/(1)^4(3)^1(12)^1(36)^1/min.119	12	203cf4e108b7181c7ed53617d2712b86	1	6
carat/tables/qcatalog/dim5/dir.2-2;1;1;1/ordnung.12/(1)^4(3)^1(12)^1(36)^1/min.120	12	4ac945ffe89efc68f3072520f8565c4a	1	6
carat/tables/qcatalog/dim5/dir.2-2;1;1;1/ordnung.12/(1)^4(3)^1(12)^1(36)^1/min.121	12	89b6ad47d54bc9446df30588b3d6397e	1	6
carat/tables/qcatalog/dim5/dir.2-2;1;1;1/ordnung.24/(1)^2(3)^1(12)^2/group.374	24	7ef3635ca2c6956fba6ca793f4dde16d	1	24
carat/tables/qcatalog/dim5/dir.2-2;1;1;1/ordnung.24/(1)^3(3)^2(36)^2/group.375	24	0eb56475c9ecde1d20e44698c882e107	1	12
carat/tables/qcatalog/dim5/dir.2-2;1;1;1/ordnung.24/(1)^3(4)^1(12)^1/group.376	24	0293639284666fbd818752ddc6f19ef3	1	24
carat/tables/qcatalog/dim5/dir.2-2;1;1;1/ordnung.24/(1)^3(4)^1(12)^1/group.377	24	22637cb5d88bc8cf8d365a7ef9bb7edd	1	24
carat/tables/qcatalog/dim5/dir.2-2;1;1;1/ordnung.24/(1)^3(4)^1(12)^1/group.378	24	0882271e486832f9fa0155b29985c707	1	24
carat/tables/qcatalog/dim5/dir.2-2;1;1;1/ordnung.24/(1)^3(4)^1(12)^1/group.379	24	bd4dd50397f7a5dd8b77ba6b13a9f51b	1	24
carat/tables/qcatalog/dim5/dir.2-2;1;1;1/ordnung.24/(1)^3(4)^1(12)^1/group.380	24	38df78aeae24d04d229674426a1b3153	1	24
carat/tables/qcatalog/dim5/dir.2-2;1;1;1/ordnung.24/(1)^4(3)^1(12)^1(36)^1/group.381	24	9820384a9d22934b3ab08913dda760dd	1	12
carat/tables/qcatalog/dim5/dir.2-1;2-1;1/ordnung.32/(1)^1(2)^2(4)^6/group.306	32	12a010fa1b01ed6eea6e77035156bcd4	1	14
carat/tables/qcatalog/dim5/dir.2-1;2-1;1/ordnung.32/(1)^1(2)^2(4)^6/group.307	32	3b0f756acb3f4298b5f3c818444c4766	1	14
carat/tables/qcatalog/dim5/dir.2-1;2-1;1/ordnung.32/(1)^1(2)^2(4)^6/group.308	32	8d336217dc73185a49e168d0bb5d24f4	1	14
carat/tables/qcatalog/dim5/dir.2-1;2-1;1/ordnung.32/(1)^1(2)^2(4)^6/group.309	32	a83fa3e9d1f80a74fd37c89d2a6f5c16	1	14
carat/tables/qcatalog/dim5/dir.2-1;2-1;1/ordnung.32/(1)^1(2)^2(4)^6/group.310	32	271c2c6f8058b3643ef953ab5c44ac9e	1	14
carat/tables/qcatalog/dim5/dir.2-1;2-1;1/ordnung.32/(1)^1(2)^2(4)^6/group.311	32	5b7e1aa2ef5b35462ac80ca90f322e20	1	14
carat/tables/qcatalog/dim5/dir.2-1;2-1;1/ordnung.32/(1)^1(4)^4/group.312	32	a50a9b7e7bf64da4a6bc4bfa84972376	1	32
carat/tables/qcatalog/dim5/dir.2-1;2-1;1/ordnung.32/(1)^1(4)^6(8)^2/group.313	32	2ae7f0380c55e6c8c460a7a3d986770a	1	20
carat/tables/qcatalog/dim5/dir.2-1;2-1;1/ordnung.32/(1)^1(4)^6(8)^2/group.314	32	03aab88c9745613cafbdb0253fe08c3e	1	20
carat/tables/qcatalog/dim5/dir.2-1;2-1;1/ordnung.64/(1)^1(2)^2(4)^4/group.315	64	572d6ee9bc6ed7431fc4bfee7b487109	1	40
carat/tables/qcatalog/dim5/dir.2-1;2-1;1/ordnung.64/(1)^1(2)^2(4)^6/group.316	64	4badac2e72fd1a9f5f3743100e035a35	1	28
carat/tables/qcatalog/dim5/dir.2-1;2-1;1/ordnung.64/(1)^1(2)^2(4)^6/group.317	64	dd04637a18e89b7377dc5876e68ad859	1	28
carat/tables/qcatalog/dim5/dir.2-1;2-1;1/ordnung.64/(1)^1(2)^2(4)^6/group.318	64	deeda2be6774b01f5400eb805c53937d	1	28
carat/tables/qcatalog/dim5/dir.2-1;2-1;1/ordnung.64/(1)^1(2)^4(4)^4/group.319	64	47ff522375f3690d1c4f0aae84acbe5b	1	25
carat/tables/qcatalog/dim5/dir.2-1;2-1;1/ordnung.64/(1)^1(2)^4(4)^4/group.320	64	ef39d93e90ff0a09effec5280a434c37	1	25
carat/tables/qcatalog/dim5/dir.2-1;2-1;1/ordnung.64/(1)^1(2)^4(4)^4/group.321	64	4c36bd7d9e452ce1983997db7e24fb6f	1	25
carat/tables/qcatalog/dim5/dir.2-1;2-1;1/ordnung.64/(1)^1(2)^4(4)^4/group.322	64	cc96ccda59afc46747e53d2d3e367be5	1	25
carat/tables/qcatalog/dim5/dir.2-1;2-1;1/ordnung.64/(1)^1(2)^4(4)^4/group.323	64	92e8bce80cfd4d5fdb6d81da1097623d	1	25
carat/tables/qcatalog/dim5/dir.2-1;2-1;1/ordnung.64/(1)^1(2)^4(4)^4/group.324	64	70b0b5394dee56f516195026975ae3d3	1	25
carat/tables/qcatalog/dim5/dir.2-1;2-1;1/ordnung.8/(1)^1(4)^2(8)^2/min.100	8	ef0be2cefc869e3d97f73c2877540f0b	1	8
carat/tables/qcatalog/dim5/dir.2-2;1;1;1/ordnung.24/(1)^4(3)^1(12)^1(36)^1/group.382	24	59d58715e30be7d7040e957be0855c59	1	12
carat/tables/qcatalog/dim5/dir.2-2;1;1;1/ordnung.24/(1)^4(3)^1(12)^1(36)^1/group.383	24	77f5aa41192f1d3bf2238782b6eac175	1	12
carat/tables/qcatalog/dim5/dir.2-2;1;1;1/ordnung.24/(1)^4(3)^1(12)^1(36)^1/group.384	24	91d7e82d6f1428e76cecbd7cf89a5e51	1	12
carat/tables/qcatalog/dim5/dir.2-2;1;1;1/ordnung.24/(1)^4(3)^1(12)^1(36)^1/group.385	24	8f080e4f8f8982a949ce9f3bd3b75d73	1	12
carat/tables/qcatalog/dim5/dir.2-2;1;1;1/ordnung.24/(1)^4(3)^1(12)^1(36)^1/group.386	24	74d6997413f553f3dc4f1508f2a5196d	1	12
carat/tables/qcatalog/dim5/dir.2-2;1;1;1/ordnung.24/(1)^4(3)^1(12)^1(36)^1/group.387	24	353784775d271d4fe3ea2b20a34492e1	1	12
carat/tables/qcatalog/dim5/dir.2-2;1;1;1/ordnung.24/(1)^5(12)^2/group.388	24	4ec2e408bab0d327d902713cb6485811	1	12
carat/tables/qcatalog/dim5/dir.2-2;1;1;1/ordnung.24/(1)^5(12)^2/group.389	24	87609d663c8ef39b0424c2605ab1102d	1	12
carat/tables/qcatalog/dim5/dir.2-2;1;1;1/ordnung.24/(1)^5(12)^2/group.390	24	927dd076fd6c338b62b73f108950657d	1	12
carat/tables/qcatalog/dim5/dir.2-2;1;1;1/ordnung.24/(1)^5(12)^2/group.391	24	0ef8d57db2908fbffbb8a28546d7a869	1	12
carat/tables/qcatalog/dim5/dir.2-2;1;1;1/ordnung.24/(1)^5(12)^2/group.392	24	f66e1204782f1e5309880b0216be4af5	1	12
carat/tables/qcatalog/dim5/dir.2-2;1;1;1/ordnung.24/(1)^5(12)^2/group.393	24	5c9bbf199c3810bfb48d13f12c911d61	1	12
carat/tables/qcatalog/dim5/dir.2-2;1;1;1/ordnung.24/(1)^5(12)^2/group.394	24	5f7f5ce451cd3bbff4d172fc28896261	1	12
carat/tables/qcatalog/dim5/dir.2-2;1;1;1/ordnung.24/(1)^5(12)^2/group.395	24	34de32dd82a67c371dbec83a1c4e4249	1	12
carat/tables/qcatalog/dim5/dir.2-2;1;1;1/ordnung.24/(1)^5(12)^2/group.396	24	f20440cf8beee8133f1d0a9ca2a68285	1	12
carat/tables/qcatalog/dim5/dir.2-2;1;1;1/ordnung.48/(1)^3(4)^1(12)^1/group.397	48	47d2df97eccb1e2973a2a88172a6c6eb	1	48
carat/tables/qcatalog/dim5/dir.2-2;1;1;1/ordnung.48/(1)^4(3)^1(12)^1(36)^1/group.398	48	86a42c4ddd9d8bdfdf91c5ca9887f765	1	24
carat/tables/qcatalog/dim5/dir.2-2;1;1;1/ordnung.48/(1)^5(12)^2/group.399	48	bc79cde73ef50ba3b4c94f3a82e960a9	1	24
carat/tables/qcatalog/dim5/dir.2-2;1;1;1/ordnung.48/(1)^5(12)^2/group.400	48	74eec5004f9fce016945bd2315573b47	1	24
carat/tables/qcatalog/dim5/dir.2-2;1;1;1/ordnung.48/(1)^5(12)^2/group.401	48	ba3cdf97ee90a4014e4ba5ccfecca6e7	1	24
carat/tables/qcatalog/dim5/dir.2-2;2-1;1/ordnung.24/(1)^3(2)^2(4)^1(12)^1/group.416	24	60e24874e9e845c0ff1f4476eb954cc6	1	15
carat/tables/qcatalog/dim5/dir.2-2;2-1;1/ordnung.24/(1)^3(2)^2(4)^1(12)^1/group.417	24	7c420ecb12d980a25f42f88e6f6b3610	1	15
carat/tables/qcatalog/dim5/dir.2-2;2-1;1/ordnung.24/(1)^3(2)^2(4)^1(12)^1/group.418	24	6a4b68dc100616e840c1e210c9cd1346	1	15
carat/tables/qcatalog/dim5/dir.2-2;2-1;1/ordnung.24/(1)^3(2)^2(4)^1(12)^1/group.419	24	edbadda78909695a3136b4200cd360e8	1	15
carat/tables/qcatalog/dim5/dir.2-2;2-1;1/ordnung.24/(1)^3(4)^1(12)^1/group.420	24	54e7fbf7da4186db5303eb6d15660cf1	1	24
carat/tables/qcatalog/dim5/dir.2-2;2-1;1/ordnung.24/(1)^3(4)^1(12)^1/group.421	24	fd297a89f693c3815ce2d381af2f39a7	1	24
carat/tables/qcatalog/dim5/dir.2-2;2-1;1/ordnung.24/(1)^3(4)^1(12)^1/group.422	24	40d87e30f11b23819deb094e850ab597	1	24
carat/tables/qcatalog/dim5/dir.2-2;2-1;1/ordnung.24/(1)^3(4)^1(12)^1/group.423	24	d3e8b81ca3f7afa1698e9e9cf21ec17f	1	24
carat/tables/qcatalog/dim5/dir.2-2;2-1;1/ordnung.24/(1)^3(4)^1(12)^1/group.424	24	aab6301504ba63c18a78db8d3e51b6bf	1	24
carat/tables/qcatalog/dim5/dir.2-2;2-1;1/ordnung.24/(1)^4(3)^1(12)^1(36)^1/group.425	24	c1c095592d7b9e8f15e80f97eb0ee8f1	1	12
carat/tables/qcatalog/dim5/dir.2-2;2-1;1/ordnung.24/(1)^4(3)^1(12)^1(36)^1/group.426	24	9ad5d1dae4d14c0b2526990e2f691eb5	1	12
carat/tables/qcatalog/dim5/dir.2-2;2-1;1/ordnung.24/(1)^4(3)^1(12)^1(36)^1/group.427	24	75c8fc63d01e97276ebed007038c4979	1	12
carat/tables/qcatalog/dim5/dir.2-2;2-1;1/ordnung.24/(1)^4(3)^1(12)^1(36)^1/group.428	24	6a54765519717253607cd5f84da8c05d	1	12
carat/tables/qcatalog/dim5/dir.2-2;2-1;1/ordnung.24/(1)^4(3)^1(12)^1(36)^1/group.429	24	dcca297d3be2ac55e23e5ddf1dddd2a7	1	12
carat/tables/qcatalog/dim5/dir.2-2;2-1;1/ordnung.24/(1)^5(12)^2/group.430	24	e46a716677f3226b5aedff90f5711435	1	12
carat/tables/qcatalog/dim5/dir.2-2;2-1;1/ordnung.24/(1)^5(12)^2/group.431	24	2600dd7a2d01fe838820f3fa592934c5	1	12
carat/tables/qcatalog/dim5/dir.2-2;2-1;1/ordnung.24/(1)^5(12)^2/group.432	24	9747077ee0e71717618dcbd3f800dda1	1	12
carat/tables/qcatalog/dim5/dir.2-2;2-1;1/ordnung.24/(1)^5(12)^2/group.433	24	c3e6308992e041c7dec7d3604906f659	1	12
carat/tables/qcatalog/dim5/dir.2-2;2-1;1/ordnung.24/(1)^5(12)^2/group.434	24	eb29c95b3085bfef00c4a07238bac5f9	1	12
carat/tables/qcatalog/dim5/dir.2-2;2-1;1/ordnung.24/(1)^5(12)^2/group.435	24	068feb086f287c370a483bbea1c8de71	1	12
carat/tables/qcatalog/dim5/dir.2-2;2-1;1/ordnung.24/(1)^5(12)^2/group.436	24	123f5783a88345f7688f444e5c21b2b1	1	12
carat/tables/qcatalog/dim5/dir.2-2;2-1;1/ordnung.24/(1)^5(2)^1(6)^1(12)^1(36)^1/group.437	24	48c72587dd8b72fe49310f42d52c1938	1	9
carat/tables/qcatalog/dim5/dir.2-2;2-1;1/ordnung.24/(1)^5(2)^1(6)^1(12)^1(36)^1/group.438	24	e6f3d3f6c8f08afc110ec28a284bf526	1	9
carat/tables/qcatalog/dim5/dir.2-2;2-1;1/ordnung.24/(1)^5(2)^1(6)^1(12)^1(36)^1/group.439	24	4e7c62e6de5c24163ba388105ade5f78	1	9
carat/tables/qcatalog/dim5/dir.2-2;2-1;1/ordnung.24/(1)^5(2)^1(6)^1(12)^1(36)^1/group.440	24	7641c6f475f6ea0020798fd66b560b62	1	9
carat/tables/qcatalog/dim5/dir.2-2;2-1;1/ordnung.24/(1)^5(2)^1(6)^1(12)^1(36)^1/group.441	24	8a373a69bdb86d52ad460036e274f9dc	1	9
carat/tables/qcatalog/dim5/dir.2-2;2-1;1/ordnung.24/(1)^5(2)^1(6)^1(12)^1(36)^1/group.442	24	c449b3adcbc570ec822a128a67517356	1	9
carat/tables/qcatalog/dim5/dir.2-2;2-1;1/ordnung.24/(1)^5(2)^1(6)^1(12)^1(36)^1/group.443	24	4385e5ebf56cac8491ebf34a1ece8266	1	9
carat/tables/qcatalog/dim5/dir.2-2;2-1;1/ordnung.24/(1)^5(2)^2(12)^2/group.444	24	fd38279edc55b39a7bcba1ff536e88bc	1	9
carat/tables/qcatalog/dim5/dir.2-2;2-1;1/ordnung.24/(1)^5(2)^2(12)^2/group.445	24	41c0e5e7eb4ae4e6a60fb42fa281c050	1	9
carat/tables/qcatalog/dim5/dir.2-2;2-1;1/ordnung.24/(1)^5(2)^2(12)^2/group.446	24	101e7d39d247dbb0181e5febf84226e2	1	9
carat/tables/qcatalog/dim5/dir.2-2;2-1;1/ordnung.24/(1)^5(2)^2(12)^2/group.447	24	89091665707f3cb8eb460b8711a1fcaa	1	9
carat/tables/qcatalog/dim5/dir.2-2;2-1;1/ordnung.24/(1)^5(2)^2(12)^2/group.448	24	f3a430c0601f531e117e73958c898718	1	9
carat/tables/qcatalog/dim5/dir.2-2;2-1;1/ordnung.24/(1)^5(2)^2(12)^2/group.449	24	1a47ebd1d4bc2b506902de55823ea512	1	9
carat/tables/qcatalog/dim5/dir.2-2;2-1;1/ordnung.24/(1)^5(2)^2(12)^2/group.450	24	b966b425938c1cac83f5eb5bf4bcfbe6	1	9
carat/tables/qcatalog/dim5/dir.2-2;2-1;1/ordnung.48/(1)^3(2)^1(6)^1(12)^2/group.451	48	458c95b350c5df09c40b7151e4645a3b	1	30
carat/tables/qcatalog/dim5/dir.2-2;2-1;1/ordnung.48/(1)^3(2)^2(4)^1(12)^1/group.452	48	f4697e500762d86173cad647b811720b	1	30
carat/tables/qcatalog/dim5/dir.2-2;2-1;1/ordnung.48/(1)^3(2)^2(4)^1(12)^1/group.453	48	5ce17e836aecffb135a60243b229b703	1	30
carat/tables/qcatalog/dim5/dir.2-2;2-1;1/ordnung.48/(1)^3(2)^2(4)^1(12)^1/group.454	48	01ed6040389b7da7bb24a4cdb0334ce1	1	30
carat/tables/qcatalog/dim5/dir.2-2;2-1;1/ordnung.48/(1)^3(2)^2(4)^1(12)^1/group.455	48	5409fb11dbeae2b7bc276d1a1a0bebd9	1	30
carat/tables/qcatalog/dim5/dir.2-2;2-1;1/ordnung.48/(1)^3(2)^2(4)^1(12)^1/group.456	48	18976adfd8bba0bfda85c0e4791aa561	1	30
carat/tables/qcatalog/dim5/dir.2-2;2-1;1/ordnung.48/(1)^3(2)^2(4)^1(12)^1/group.457	48	b07e30681a840253f16b85e119034525	1	30
carat/tables/qcatalog/dim5/dir.2-2;2-1;1/ordnung.48/(1)^3(2)^2(4)^1(12)^1/group.458	48	072f25e634db5b6fa466691164f66b99	1	30
carat/tables/qcatalog/dim5/dir.2-2;2-1;1/ordnung.48/(1)^3(2)^2(4)^1(12)^1/group.459	48	c5bbcf8a727de7db89ce345273cc013d	1	30
carat/tables/qcatalog/dim5/dir.2-2;2-1;1/ordnung.48/(1)^3(4)^1(12)^1/group.460	48	459bd5c633a32db5012e54ed0ebd95ff	1	48
carat/tables/qcatalog/dim5/dir.2-2;2-1;1/ordnung.48/(1)^4(3)^1(12)^1(36)^1/group.461	48	c4887bc28baa60cf19c65cb1f6d29845	1	24
carat/tables/qcatalog/dim5/dir.2-2;2-1;1/ordnung.48/(1)^5(12)^2/group.462	48	47638939a48c770b2f29f82eb40e6db1	1	24
carat/tables/qcatalog/dim5/dir.2-2;2-1;1/ordnung.48/(1)^5(12)^2/group.463	48	ff0c4d4aee54681b18998b3cf5a9b1a1	1	24
carat/tables/qcatalog/dim5/dir.2-2;2-1;1/ordnung.48/(1)^5(12)^2/group.464	48	d41d802c3c371e7538a3708075d2b933	1	24
carat/tables/qcatalog/dim5/dir.2-2;2-1;1/ordnung.48/(1)^5(12)^2/group.465	48	3d96bab8fd692751cd094375371d814f	1	24
carat/tables/qcatalog/dim5/dir.2-2;2-1;1/ordnung.48/(1)^5(12)^2/group.466	48	91fe9ffd708a4341bf47218a7d77eaef	1	24
carat/tables/qcatalog/dim5/dir.2-2;2-1;1/ordnung.48/(1)^5(12)^2/group.467	48	56d7de0094df0c15bf649e1831d52a63	1	24
carat/tables/qcatalog/dim5/dir.2-2;2-1;1/ordnung.48/(1)^5(12)^2/group.468	48	f01205fb97c9c289f731e74b7548d637	1	24
carat/tables/qcatalog/dim5/dir.2-2;2-1;1/ordnung.48/(1)^5(12)^2/group.469	48	a998e35b05e73a156e6bd5ba6ed521f3	1	24
carat/tables/qcatalog/dim5/dir.2-2;2-1;1/ordnung.48/(1)^5(2)^1(6)^1(12)^1(36)^1/group.470	48	6add85caab0179b71966d8a99419d095	1	18
carat/tables/qcatalog/dim5/dir.2-2;2-1;1/ordnung.48/(1)^5(2)^1(6)^1(12)^1(36)^1/group.471	48	de95853b291b7857276413aee43c36f5	1	18
carat/tables/qcatalog/dim5/dir.2-2;2-1;1/ordnung.48/(1)^5(2)^1(6)^1(12)^1(36)^1/group.472	48	907b8cbf106df499aa2007d79003529b	1	15
carat/tables/qcatalog/dim5/dir.2-2;2-1;1/ordnung.48/(1)^5(2)^1(6)^1(12)^1(36)^1/group.473	48	3e196741aa17a6037d5c7c2021e68b3d	1	15
carat/tables/qcatalog/dim5/dir.2-2;2-1;1/ordnung.48/(1)^5(2)^1(6)^1(12)^1(36)^1/group.474	48	56ca7496f6d5792bb693d9e848d7e365	1	15
carat/tables/qcatalog/dim5/dir.2-2;2-1;1/ordnung.48/(1)^5(2)^1(6)^1(12)^1(36)^1/group.475	48	1802d759103dc67d6778453d466652df	1	15
carat/tables/qcatalog/dim5/dir.2-2;2-2;1/ordnung.144/(1)^5(3)^4/group.536	144	31300868fa456122bacbda3d83eaefdc	1	36
carat/tables/qcatalog/dim5/dir.2-2;2-2;1/ordnung.144/(1)^5(3)^4/group.537	144	564ca11c46626faafd4750d71f18bf54	1	36
carat/tables/qcatalog/dim5/dir.2-2;2-2;1/ordnung.144/(1)^5(3)^4/group.538	144	21a9449cb84af85ef07469288235bf80	1	36
carat/tables/qcatalog/dim5/dir.2-2;2-2;1/ordnung.18/(1)^1(3)^2(9)^2/group.539	18	bdae44598c90e73c0afafb9c5628aa92	1	18
carat/tables/qcatalog/dim5/dir.2-2;2-2;1/ordnung.18/(1)^1(3)^4/group.540	18	0c90dc590905885421aa071197c5199a	1	18
carat/tables/qcatalog/dim5/dir.2-2;2-2;1/ordnung.18/(1)^1(3)^4/group.541	18	2537002335b7fd4cda925d7104030b82	1	18
carat/tables/qcatalog/dim5/dir.2-2;2-2;1/ordnung.18/(1)^1(3)^5(9)^1/group.542	18	2b5ac608a126cdc46b31f578dfde6b8e	1	9
carat/tables/qcatalog/dim5/dir.2-2;2-2;1/ordnung.18/(1)^1(3)^5(9)^1/group.543	18	7d0faff6cc56f9a85c9e66366d960092	1	9
carat/tables/qcatalog/dim5/dir.2-2;2-2;1/ordnung.18/(1)^1(3)^6(9)^2/group.544	18	03e5d0aa446873bc740cb025926a1dd2	1	6
carat/tables/qcatalog/dim5/dir.2-2;2-2;1/ordnung.18/(1)^1(3)^6(9)^2/group.545	18	ec659fcd85ed2d04894ed13c2a7f221a	1	6
carat/tables/qcatalog/dim5/dir.2-2;2-2;1/ordnung.18/(1)^2(3)^2(9)^1/group.546	18	9c75008e5c566f087694527ba63879fe	1	18
carat/tables/qcatalog/dim5/dir.2-2;2-2;1/ordnung.18/(1)^2(3)^2(9)^1/group.547	18	b54a4280d934de8c3a4ced339f1a3b62	1	18
carat/tables/qcatalog/dim5/dir.2-2;2-2;1/ordnung.18/(1)^2(3)^3(9)^2/group.548	18	a5ac488113aff2c8621c257e89d216b2	1	9
carat/tables/qcatalog/dim5/dir.2-2;2-2;1/ordnung.18/(1)^2(3)^3(9)^2/group.549	18	fa9ba7a6d1c41fec24aa587fe9401266	1	9
carat/tables/qcatalog/dim5/dir.2-2;2-2;1/ordnung.24/(1)^1(2)^2(6)^2/group.550	24	51641dc4361ebabbe4285947f73a2ec9	1	24
carat/tables/qcatalog/dim5/dir.2-2;2-2;1/ordnung.24/(1)^1(2)^3(6)^4(18)^1/group.551	24	c18537de72eea31119ec1b9782086053	1	12
carat/tables/qcatalog/dim5/dir.2-2;2-2;1/ordnung.24/(1)^1(2)^4(6)^4/group.552	24	151e82393c246eadcadd3a71c3b8db47	1	12
carat/tables/qcatalog/dim5/dir.2-2;2-2;1/ordnung.24/(1)^1(2)^4(6)^4/group.553	24	b631f07a1ef2c5d5a041b97f1bcb307f	1	12
carat/tables/qcatalog/dim5/dir.2-2;2-2;1/ordnung.24/(1)^1(2)^4(6)^4/group.554	24	b095ab1961e616f1a0a94cd56c08fc3b	1	12
carat/tables/qcatalog/dim5/dir.2-2;2-2;1/ordnung.24/(1)^1(2)^4(6)^4/group.555	24	f099d1c42dfd363d63652e9bb3b7137f	1	12
carat/tables/qcatalog/dim5/dir.2-2;2-2;1/ordnung.288/(1)^5(3)^4/group.556	288	37c67d2fd8ff18d7944866df42946b2d	1	72
carat/tables/qcatalog/dim5/dir.2-2;2-2;1/ordnung.36/(1)^1(3)^4/group.557	36	ae87cb81091ca0280c94a7c59ad5b4d2	1	36
carat/tables/qcatalog/dim5/dir.2-2;2-2;1/ordnung.36/(1)^1(3)^5(9)^1/group.558	36	324f89f448701366dd92c7ae1a860bcc	1	18
carat/tables/qcatalog/dim5/dir.2-2;2-2;1/ordnung.36/(1)^1(3)^6(9)^2/group.559	36	e44b381f0245dc64fd6f86f19a3fb28e	1	12
carat/tables/qcatalog/dim5/dir.2-2;2-2;1/ordnung.36/(1)^2(3)^2(9)^1/group.560	36	73fee78bb3295a74439805aed52f95e6	1	36
carat/tables/qcatalog/dim5/dir.2-2;2-2;1/ordnung.36/(1)^2(3)^3(9)^2/group.561	36	c15bdc214853e53ea269b885ca34971c	1	18
carat/tables/qcatalog/dim5/dir.2-2;2-2;1/ordnung.36/(1)^2(3)^5/group.562	36	20102f6a0fcbe28a1f4d7a528ec975a0	1	18
carat/tables/qcatalog/dim5/dir.2-2;2-2;1/ordnung.36/(1)^2(3)^5/group.563	36	52cdf6405bd8ad8604de067f93598134	1	18
carat/tables/qcatalog/dim5/dir.2-2;2-2;1/ordnung.36/(1)^2(3)^5/group.564	36	2f44375ab3b2e5721aca71c3a940d4a0	1	18
carat/tables/qcatalog/dim5/dir.2-2;2-2;1/ordnung.36/(1)^2(3)^5/group.565	36	ca3bac4e1731e3de36256e357bdb626c	1	18
carat/tables/qcatalog/dim5/dir.2-2;2-2;1/ordnung.36/(1)^2(3)^5/group.566	36	48094e1ce00c39fe14e8dd4bf9bec5d4	1	18
carat/tables/qcatalog/dim5/dir.2-2;2-2;1/ordnung.36/(1)^2(3)^5/group.567	36	005e1728e6463f76bf255f4e98d1e364	1	18
carat/tables/qcatalog/dim5/dir.2-2;2-2;1/ordnung.36/(1)^2(3)^5/group.568	36	fb0caa29c2c3c2a2c635b595413de1f8	1	18
carat/tables/qcatalog/dim5/dir.2-2;2-2;1/ordnung.36/(1)^2(3)^6(9)^1/group.569	36	6432c2d3c4acfdec500db8bee600b7ea	1	9
carat/tables/qcatalog/dim5/dir.2-2;2-2;1/ordnung.36/(1)^2(3)^6(9)^1/group.570	36	c8e1717f1d6f1c78384573c4be73ad46	1	9
carat/tables/qcatalog/dim5/dir.2-2;2-2;1/ordnung.36/(1)^2(3)^6(9)^1/group.571	36	8a69542558f9218cab1338d609779a6a	1	9
carat/tables/qcatalog/dim5/dir.2-2;2-2;1/ordnung.36/(1)^3(3)^2/group.572	36	ccdb1c731f376d0a5896640218353c94	1	36
carat/tables/qcatalog/dim5/dir.2-2;2-2;1/ordnung.36/(1)^3(3)^2/group.573	36	5ab9a0722b33b3dabf47f21593f67194	1	36
carat/tables/qcatalog/dim5/dir.2-2;2-2;1/ordnung.36/(1)^3(3)^2/group.574	36	488caa479e27b9626e02e50559bf24a4	1	36
carat/tables/qcatalog/dim5/dir.2-2;2-2;1/ordnung.36/(1)^3(3)^3(9)^1/group.575	36	fb08bdd1c2b6577058f2184730017306	1	18
carat/tables/qcatalog/dim5/dir.2-2;1;1;1/ordnung.48/(1)^5(12)^2/group.402	48	1845dd6edba5ae851886d6df8d7e9c33	1	24
carat/tables/qcatalog/dim5/dir.2-2;1;1;1/ordnung.48/(1)^5(12)^2/group.403	48	a3d466b19d12f6bb6cb1e5f628bdf579	1	24
carat/tables/qcatalog/dim5/dir.2-2;1;1;1/ordnung.48/(1)^5(12)^2/group.404	48	e7ea9d19c20d7edda33770ea517eb673	1	24
carat/tables/qcatalog/dim5/dir.2-2;1;1;1/ordnung.48/(1)^5(12)^2/group.405	48	a49d64348a079fd5f7edbed87e561d7b	1	24
carat/tables/qcatalog/dim5/dir.2-2;1;1;1/ordnung.48/(1)^5(12)^2/group.406	48	2b8433df773327a99f073105a3e4b357	1	24
carat/tables/qcatalog/dim5/dir.2-2;1;1;1/ordnung.96/(1)^5(12)^2/group.407	96	94b6334759e0fa0c3c7a2282049a3a5e	1	48
carat/tables/qcatalog/dim5/dir.2-2;2-1;1/ordnung.12/(1)^2(3)^1(12)^2/min.122	12	6308785e5bf5fbee27557f8116dd9a6c	1	12
carat/tables/qcatalog/dim5/dir.2-2;2-1;1/ordnung.12/(1)^2(3)^1(12)^2/min.123	12	c55f2b50d690221e39458f39e8c2684c	1	12
carat/tables/qcatalog/dim5/dir.2-2;2-1;1/ordnung.12/(1)^3(4)^1(12)^1/min.124	12	28e196cc777843be43f4ce99b88841cc	1	12
carat/tables/qcatalog/dim5/dir.2-2;2-1;1/ordnung.12/(1)^3(4)^1(12)^1/min.125	12	f84a44505c02f31e146d0c372fd4d9ac	1	12
carat/tables/qcatalog/dim5/dir.2-2;2-1;1/ordnung.12/(1)^4(3)^1(12)^1(36)^1/min.126	12	a575ee40ee8d44c468ed333e8bcae43e	1	6
carat/tables/qcatalog/dim5/dir.2-2;2-1;1/ordnung.12/(1)^4(3)^1(12)^1(36)^1/min.127	12	8dd12727f1dc906ce989b5d0e0ea8d86	1	6
carat/tables/qcatalog/dim5/dir.2-2;2-1;1/ordnung.192/(1)^5(2)^2(12)^2/group.408	192	d7dad316fc069d7d4aaee9f99a0ccd23	1	60
carat/tables/qcatalog/dim5/dir.2-2;2-1;1/ordnung.24/(1)^2(3)^1(12)^2/group.409	24	4271fdc2e2dac153f32c96fe84e4b4a9	1	24
carat/tables/qcatalog/dim5/dir.2-2;2-1;1/ordnung.24/(1)^3(2)^1(6)^1(12)^2/group.410	24	99c569fefbdf29108f478d304526db9e	1	15
carat/tables/qcatalog/dim5/dir.2-2;2-1;1/ordnung.24/(1)^3(2)^1(6)^1(12)^2/group.411	24	861e25a8e32e50aa396f677ada88d6c8	1	15
carat/tables/qcatalog/dim5/dir.2-2;2-1;1/ordnung.24/(1)^3(2)^1(6)^1(12)^2/group.412	24	aaabe81f9ac23f8e9f2d013f4a0aadbc	1	15
carat/tables/qcatalog/dim5/dir.2-2;2-1;1/ordnung.24/(1)^3(2)^2(4)^1(12)^1/group.413	24	f5523c16a8d9575ee6af7d3bdf4672cc	1	15
carat/tables/qcatalog/dim5/dir.2-2;2-1;1/ordnung.24/(1)^3(2)^2(4)^1(12)^1/group.414	24	dd44c804e4a9d8061bf58a98255002fc	1	15
carat/tables/qcatalog/dim5/dir.2-2;2-1;1/ordnung.24/(1)^3(2)^2(4)^1(12)^1/group.415	24	54fb21bee83f3308a2f49cfda346fe4e	1	15
carat/tables/qcatalog/dim5/dir.2-2;2-2;1/ordnung.36/(1)^3(3)^3(9)^1/group.576	36	cae7460d69948348f31e8d967ed33336	1	18
carat/tables/qcatalog/dim5/dir.2-2;2-2;1/ordnung.36/(1)^3(3)^3(9)^1/group.577	36	11e596096305e36c07cbd2d02b38bcb2	1	18
carat/tables/qcatalog/dim5/dir.2-2;2-2;1/ordnung.36/(1)^3(3)^3(9)^1/group.578	36	e9ac31bc35d959e8062c7b4c7cb8dd86	1	18
carat/tables/qcatalog/dim5/dir.2-2;2-2;1/ordnung.36/(1)^3(3)^4(9)^2/group.579	36	fb9b9674e90598b28de1a90a6f62b6c0	1	9
carat/tables/qcatalog/dim5/dir.2-2;2-2;1/ordnung.36/(1)^3(3)^4(9)^2/group.580	36	197d4d7e62e54a427ff8758d68afe530	1	9
carat/tables/qcatalog/dim5/dir.2-2;2-2;1/ordnung.36/(1)^3(3)^4(9)^2/group.581	36	00a7eda464d4d88a03e4154521e01b88	1	9
carat/tables/qcatalog/dim5/dir.2-2;2-2;1/ordnung.36/(1)^3(3)^4(9)^2/group.582	36	8db3fd8a4804d706bb6a52d9c4fc5294	1	9
carat/tables/qcatalog/dim5/dir.2-2;2-2;1/ordnung.36/(1)^3(3)^4(9)^2/group.583	36	6c9d8f52284e4d16284383930023a7f0	1	12
carat/tables/qcatalog/dim5/dir.2-2;2-2;1/ordnung.36/(1)^3(3)^4(9)^2/group.584	36	b1e26931df31c486c11757016d474a40	1	12
carat/tables/qcatalog/dim5/dir.2-2;2-2;1/ordnung.36/(1)^3(3)^4(9)^2/group.585	36	deaead825997ae9e0f51551cdffec5f0	1	12
carat/tables/qcatalog/dim5/dir.2-2;2-2;1/ordnung.36/(1)^4(3)^3/group.586	36	b147400f7db9241202eb62a8309f0a00	1	18
carat/tables/qcatalog/dim5/dir.2-2;2-2;1/ordnung.36/(1)^4(3)^3/group.587	36	dc9229eb04911ab6a88f1082c11237a4	1	18
carat/tables/qcatalog/dim5/dir.2-2;2-2;1/ordnung.36/(1)^4(3)^3/group.588	36	a16b21cd30a1add22a4d629912e912a0	1	18
carat/tables/qcatalog/dim5/dir.2-2;2-2;1/ordnung.36/(1)^4(3)^4(9)^1/group.589	36	f14d0f2f11b7389030b442bbd85d6c52	1	12
carat/tables/qcatalog/dim5/dir.2-2;2-2;1/ordnung.36/(1)^4(3)^4(9)^1/group.590	36	f914d022fd7699a00d005cf24fbd9b12	1	12
carat/tables/qcatalog/dim5/dir.2-2;2-2;1/ordnung.36/(1)^4(3)^4(9)^1/group.591	36	9fbf661baeeb20c082d3636af0094462	1	12
carat/tables/qcatalog/dim5/dir.2-2;2-2;1/ordnung.36/(1)^4(3)^4(9)^1/group.592	36	5791b248e39ce728d0a4e4d1954d33b6	1	9
carat/tables/qcatalog/dim5/dir.2-2;2-2;1/ordnung.36/(1)^4(3)^4(9)^1/group.593	36	b71eb3df8be61184a747f4b9e70ab0d2	1	9
carat/tables/qcatalog/dim5/dir.2-2;2-2;1/ordnung.36/(1)^4(3)^4(9)^1/group.594	36	d72cc4f80b261a90a3d634aec117673e	1	9
carat/tables/qcatalog/dim5/dir.2-2;2-2;1/ordnung.48/(1)^1(2)^4(6)^4/group.595	48	091d7728a4bd7a57abe84dc3ba007a55	1	24
carat/tables/qcatalog/dim5/dir.2-2;2-1;1/ordnung.48/(1)^5(2)^1(6)^1(12)^1(36)^1/group.476	48	6aa349e0a61e1b0784e63f45898e8a61	1	15
carat/tables/qcatalog/dim5/dir.2-2;2-1;1/ordnung.48/(1)^5(2)^1(6)^1(12)^1(36)^1/group.477	48	d3ee1b3c37f78947e746586912b08951	1	15
carat/tables/qcatalog/dim5/dir.2-2;2-1;1/ordnung.48/(1)^5(2)^2(12)^2/group.478	48	426a99f7a7293b85912c3c53a3f8fd8f	1	15
carat/tables/qcatalog/dim5/dir.2-2;2-1;1/ordnung.48/(1)^5(2)^2(12)^2/group.479	48	ba0d5baad4309a49b8b35ef5830c332b	1	15
carat/tables/qcatalog/dim5/dir.2-2;2-1;1/ordnung.48/(1)^5(2)^2(12)^2/group.480	48	f69770729271a2cbb32a9dedb552c17d	1	15
carat/tables/qcatalog/dim5/dir.2-2;2-1;1/ordnung.48/(1)^5(2)^2(12)^2/group.481	48	aaee5f73b649adf9d3286b0d776cd9db	1	15
carat/tables/qcatalog/dim5/dir.2-2;2-1;1/ordnung.48/(1)^5(2)^2(12)^2/group.482	48	b4c4d9eec858b4d736d8293cbc50bbb5	1	18
carat/tables/qcatalog/dim5/dir.2-2;2-1;1/ordnung.48/(1)^5(2)^2(12)^2/group.483	48	cdd105a66d6da1d3ce73ab4f87caaca5	1	15
carat/tables/qcatalog/dim5/dir.2-2;2-1;1/ordnung.48/(1)^5(2)^2(12)^2/group.484	48	255106f1c7df2fab6c0a5e856188734d	1	15
carat/tables/qcatalog/dim5/dir.2-2;2-1;1/ordnung.48/(1)^5(2)^2(12)^2/group.485	48	834d308906cda84fa45f4f9a75381305	1	18
carat/tables/qcatalog/dim5/dir.2-2;2-1;1/ordnung.48/(1)^5(2)^2(12)^2/group.486	48	34ef517d86765eab220e3d4639191059	1	18
carat/tables/qcatalog/dim5/dir.2-2;2-1;1/ordnung.48/(1)^5(2)^2(12)^2/group.487	48	57ca4e52e9e079730611367ea303f941	1	18
carat/tables/qcatalog/dim5/dir.2-2;2-1;1/ordnung.48/(1)^5(2)^2(12)^2/group.488	48	0f79eb36c984fc131c803cf4cdabd929	1	18
carat/tables/qcatalog/dim5/dir.2-2;2-1;1/ordnung.48/(1)^5(2)^2(12)^2/group.489	48	7102e97554337cbd325478423f8a6f2b	1	18
carat/tables/qcatalog/dim5/dir.2-2;2-1;1/ordnung.48/(1)^5(2)^2(12)^2/group.490	48	ab28e54e95346f414a7a044a11b48b9f	1	18
carat/tables/qcatalog/dim5/dir.2-2;2-1;1/ordnung.48/(1)^5(2)^2(12)^2/group.491	48	6ffaa61f3685b699677b0331cfef3d27	1	18
carat/tables/qcatalog/dim5/dir.2-2;2-1;1/ordnung.48/(1)^5(2)^2(12)^2/group.492	48	3dd9ee5aca97b867a7b8443ead55704d	1	18
carat/tables/qcatalog/dim5/dir.2-2;2-1;1/ordnung.48/(1)^5(2)^2(12)^2/group.493	48	2b4ef1b7a3f5a1a7d23c1263902251e5	1	18
carat/tables/qcatalog/dim5/dir.2-2;2-1;1/ordnung.48/(1)^5(2)^2(12)^2/group.494	48	6283aa54ae79f851f0df2650bfdc2ae3	1	15
carat/tables/qcatalog/dim5/dir.2-2;2-1;1/ordnung.48/(1)^5(2)^2(12)^2/group.495	48	9fa6a47faf2f33dd52adc9c89080d317	1	15
carat/tables/qcatalog/dim5/dir.2-2;2-1;1/ordnung.48/(1)^5(2)^2(12)^2/group.496	48	062243c4b5179c3f392445ffda341df1	1	15
carat/tables/qcatalog/dim5/dir.2-2;2-1;1/ordnung.48/(1)^5(2)^2(12)^2/group.497	48	44f498588b0d04d528e7a11f3e4286f3	1	18
carat/tables/qcatalog/dim5/dir.2-2;2-1;1/ordnung.48/(1)^5(2)^2(12)^2/group.498	48	b7ed08d8b024e715ba84472f3a04ff53	1	18
carat/tables/qcatalog/dim5/dir.2-2;2-1;1/ordnung.48/(1)^5(2)^2(12)^2/group.499	48	db121fcf1113367725189cd66d0ec3ad	1	18
carat/tables/qcatalog/dim5/dir.2-2;2-1;1/ordnung.48/(1)^5(2)^2(12)^2/group.500	48	9ba96eb1f6e1442d03f1b6ba0b6283cf	1	15
carat/tables/qcatalog/dim5/dir.2-2;2-1;1/ordnung.48/(1)^5(2)^2(12)^2/group.501	48	2006b2613af248c3dc30f800d8d189ed	1	15
carat/tables/qcatalog/dim5/dir.2-2;2-1;1/ordnung.48/(1)^5(2)^2(12)^2/group.502	48	4e30d8972f06df0fded8f231b6de0311	1	15
carat/tables/qcatalog/dim5/dir.2-2;2-1;1/ordnung.48/(1)^5(2)^2(12)^2/group.503	48	cc4455d88f79372f646d1e627028a301	1	15
carat/tables/qcatalog/dim5/dir.2-2;2-1;1/ordnung.48/(1)^5(2)^2(12)^2/group.504	48	2b277f9ac6e2c0bba0163ef10e8900dd	1	15
carat/tables/qcatalog/dim5/dir.2-2;2-1;1/ordnung.96/(1)^3(2)^2(4)^1(12)^1/group.505	96	8b5dddb58eef249e41d113e6c7c5fc74	1	60
carat/tables/qcatalog/dim5/dir.2-2;2-1;1/ordnung.96/(1)^5(12)^2/group.506	96	6b7be70146e7376cdb9a273b826c94d6	1	48
carat/tables/qcatalog/dim5/dir.2-2;2-1;1/ordnung.96/(1)^5(2)^1(6)^1(12)^1(36)^1/group.507	96	5095c779102e8eccf86e189c845900ee	1	30
carat/tables/qcatalog/dim5/dir.2-2;2-1;1/ordnung.96/(1)^5(2)^2(12)^2/group.508	96	c1054ecbc6fda4025e1f80f359c2db94	1	30
carat/tables/qcatalog/dim5/dir.2-2;2-1;1/ordnung.96/(1)^5(2)^2(12)^2/group.509	96	79582339f25050a684cb23c392c3b0d0	1	30
carat/tables/qcatalog/dim5/dir.2-2;2-1;1/ordnung.96/(1)^5(2)^2(12)^2/group.510	96	f091c1fdf98ecb32c5850247d14c221c	1	30
carat/tables/qcatalog/dim5/dir.2-2;2-1;1/ordnung.96/(1)^5(2)^2(12)^2/group.511	96	79c5e783cef2cc0a9ffc84ebbd2eb004	1	30
carat/tables/qcatalog/dim5/dir.2-2;2-1;1/ordnung.96/(1)^5(2)^2(12)^2/group.512	96	c4e9498c4968ee2ab5d8ab372a4cba2c	1	30
carat/tables/qcatalog/dim5/dir.2-2;2-1;1/ordnung.96/(1)^5(2)^2(12)^2/group.513	96	e983e3a5c7e969f8a7804a8a7ede1e1a	1	36
carat/tables/qcatalog/dim5/dir.2-2;2-1;1/ordnung.96/(1)^5(2)^2(12)^2/group.514	96	c60eae4be71d059675f4f7da98a9f140	1	30
carat/tables/qcatalog/dim5/dir.2-2;2-1;1/ordnung.96/(1)^5(2)^2(12)^2/group.515	96	31e2c13503bcae601be6f6f9f3e47fd2	1	30
carat/tables/qcatalog/dim5/dir.2-2;2-1;1/ordnung.96/(1)^5(2)^2(12)^2/group.516	96	579ad55cdc51f954af05db1d337a9656	1	30
carat/tables/qcatalog/dim5/dir.2-2;2-1;1/ordnung.96/(1)^5(2)^2(12)^2/group.517	96	54e46da044ebbd5ef6235916f0ae8dc8	1	30
carat/tables/qcatalog/dim5/dir.2-2;2-1;1/ordnung.96/(1)^5(2)^2(12)^2/group.518	96	4677faa14e664948e88c5e89a2334d92	1	36
carat/tables/qcatalog/dim5/dir.2-2;2-1;1/ordnung.96/(1)^5(2)^2(12)^2/group.519	96	d35c55ea801f7232e351adafab45d194	1	30
carat/tables/qcatalog/dim5/dir.2-2;2-1;1/ordnung.96/(1)^5(2)^2(12)^2/group.520	96	0f31397b8069c35a58371dfe40ba2ce4	1	30
carat/tables/qcatalog/dim5/dir.2-2;2-2;1/ordnung.12/(1)^1(2)^2(6)^2/group.521	12	30426d6de1b01f54d3acac734ec461d2	1	12
carat/tables/qcatalog/dim5/dir.2-2;2-2;1/ordnung.12/(1)^1(2)^2(6)^2/group.522	12	22e77bd7b2e2fa54b8981ef20d90fca2	1	12
carat/tables/qcatalog/dim5/dir.2-2;2-2;1/ordnung.12/(1)^1(2)^2(6)^2/group.523	12	0c7e7f44de2d138ced79178b06f43212	1	12
carat/tables/qcatalog/dim5/dir.2-2;2-2;1/ordnung.12/(1)^1(2)^3(6)^4(18)^1/group.524	12	b45d27eceb29020a8ad28db11a27220c	1	6
carat/tables/qcatalog/dim5/dir.2-2;2-2;1/ordnung.12/(1)^1(2)^3(6)^4(18)^1/group.525	12	c87d0d03f5de7cd6ff356d6247c9b098	1	6
carat/tables/qcatalog/dim5/dir.2-2;2-2;1/ordnung.12/(1)^1(2)^3(6)^4(18)^1/group.526	12	638bedc6967386fc82da255e0fecaa56	1	6
carat/tables/qcatalog/dim5/dir.2-2;2-2;1/ordnung.12/(1)^1(6)^4/group.527	12	0319a46190ff52aee49595eb545aadec	1	12
carat/tables/qcatalog/dim5/dir.2-2;2-2;1/ordnung.144/(1)^4(3)^3/group.528	144	749db6dd8f0a8c028bf5e8bd69bab55c	1	72
carat/tables/qcatalog/dim5/dir.2-2;2-2;1/ordnung.144/(1)^4(3)^4(9)^1/group.529	144	2c1d833b735688daed2eefa64af72c54	1	36
carat/tables/qcatalog/dim5/dir.2-2;2-2;1/ordnung.144/(1)^4(3)^4(9)^1/group.530	144	d984148bb34d6eba0116f2d9af9d091c	1	36
carat/tables/qcatalog/dim5/dir.2-2;2-2;1/ordnung.144/(1)^5(3)^4/group.531	144	539c04c532a3dfdc5c0d4dcc35f793b2	1	48
carat/tables/qcatalog/dim5/dir.2-2;2-2;1/ordnung.144/(1)^5(3)^4/group.532	144	b6fdf6cb40d8feb6ceaec4bc0358c778	1	36
carat/tables/qcatalog/dim5/dir.2-2;2-2;1/ordnung.144/(1)^5(3)^4/group.533	144	ec0ce21422ed8a66a1e3fb1b382c59a8	1	36
carat/tables/qcatalog/dim5/dir.2-2;2-2;1/ordnung.144/(1)^5(3)^4/group.534	144	d82b1532ad04304aa6a89ecf23c9314c	1	36
carat/tables/qcatalog/dim5/dir.2-2;2-2;1/ordnung.144/(1)^5(3)^4/group.535	144	0400ef7cca54e0da349dbce387dc3da4	1	36
carat/tables/qcatalog/dim5/dir.2-2;2-2;1/ordnung.72/(1)^4(3)^4(9)^1/group.614	72	1be82133709b6c9e8855f2e9a1bf64fc	1	18
carat/tables/qcatalog/dim5/dir.2-2;2-2;1/ordnung.72/(1)^4(3)^4(9)^1/group.615	72	21d8c65869aa820a7708455688a351b8	1	18
carat/tables/qcatalog/dim5/dir.2-2;2-2;1/ordnung.72/(1)^4(3)^4(9)^1/group.616	72	0763b03eb0e2aa62dca9de7f89c6f0c0	1	18
carat/tables/qcatalog/dim5/dir.2-2;2-2;1/ordnung.72/(1)^4(3)^4(9)^1/group.617	72	05351d965b724d34e189ca0b8c3eee02	1	18
carat/tables/qcatalog/dim5/dir.2-2;2-2;1/ordnung.72/(1)^4(3)^4(9)^1/group.618	72	6ddcdfe721ea58f4d09a6cf111dbc9f2	1	18
carat/tables/qcatalog/dim5/dir.2-2;2-2;1/ordnung.72/(1)^4(3)^4(9)^1/group.619	72	ef50839a2a0301a8637e95e468668b86	1	18
carat/tables/qcatalog/dim5/dir.2-2;2-2;1/ordnung.72/(1)^4(3)^4(9)^1/group.620	72	3f7feb5137d7a0f2d2fd31b0c9f540b0	1	18
carat/tables/qcatalog/dim5/dir.2-2;2-2;1/ordnung.72/(1)^4(3)^4(9)^1/group.621	72	f6c1e594361a4336a60757a94ced3104	1	18
carat/tables/qcatalog/dim5/dir.2-2;2-2;1/ordnung.72/(1)^4(3)^4(9)^1/group.622	72	e118cdc380e202105bc474a13e94a89e	1	18
carat/tables/qcatalog/dim5/dir.2-2;2-2;1/ordnung.72/(1)^4(3)^4(9)^1/group.623	72	be9a32d6ca839de2fcff8c0509fd3a50	1	18
carat/tables/qcatalog/dim5/dir.2-2;2-2;1/ordnung.72/(1)^5(3)^4/group.624	72	43b6d0d66e9a1bd61246d736eb848628	1	24
carat/tables/qcatalog/dim5/dir.2-2;2-2;1/ordnung.72/(1)^5(3)^4/group.625	72	88cecd62ec4f310eb0753de0de231600	1	24
carat/tables/qcatalog/dim5/dir.2-2;2-2;1/ordnung.72/(1)^5(3)^4/group.626	72	0ef12275a4d2a3a6b872d38b30072488	1	24
carat/tables/qcatalog/dim5/dir.2-2;2-2;1/ordnung.72/(1)^5(3)^4/group.627	72	089807989eadd082b89889ba8e407000	1	18
carat/tables/qcatalog/dim5/dir.2-2;2-2;1/ordnung.72/(1)^5(3)^4/group.628	72	9bba4b44e040bb62c0d87b36b0452180	1	18
carat/tables/qcatalog/dim5/dir.2-2;2-2;1/ordnung.72/(1)^5(3)^4/group.629	72	21793893fdb637aaa203ce2c7b745c78	1	18
carat/tables/qcatalog/dim5/dir.2-2;2-2;1/ordnung.72/(1)^5(3)^4/group.630	72	006bb4bdbeb6232a53116f4abab1ff48	1	18
carat/tables/qcatalog/dim5/dir.2-2;2-2;1/ordnung.72/(1)^5(3)^4/group.631	72	9ffe158f84340370adb9925d7eda7c36	1	18
carat/tables/qcatalog/dim5/dir.2-2;2-2;1/ordnung.72/(1)^5(3)^4/group.632	72	8d82ca886a27c3a083a2f7b9bd13bec6	1	18
carat/tables/qcatalog/dim5/dir.2-2;2-2;1/ordnung.72/(1)^5(3)^4/group.633	72	571f7aaaad5502928aa0e4330b3c466c	1	24
carat/tables/qcatalog/dim5/dir.2-2;2-2;1/ordnung.6/(1)^1(6)^4/min.128	6	6d1eb702333d6ad1826adba954497cdf	1	6
carat/tables/qcatalog/dim5/dir.2-2;2-2;1/ordnung.6/(1)^1(6)^4/min.129	6	0d75e16f97e2b7d1c1d2133f4e95ba8f	1	6
carat/tables/qcatalog/dim5/dir.2-2;2-2;1/ordnung.72/(1)^2(3)^5/group.596	72	f0e3d54118f59bc6d7f3d78c246a7b4c	1	36
carat/tables/qcatalog/dim5/dir.2-2;2-2;1/ordnung.72/(1)^2(3)^5/group.597	72	cd07930b6326960a27cd757280378de8	1	36
carat/tables/qcatalog/dim5/dir.2-2;2-2;1/ordnung.72/(1)^2(3)^6(9)^1/group.598	72	17cb3412b51a6e8c77f8f035506e863a	1	18
carat/tables/qcatalog/dim5/dir.2-2;2-2;1/ordnung.72/(1)^3(3)^2/group.599	72	1278298f04fc8884971b21bb18ae2cbe	1	72
carat/tables/qcatalog/dim5/dir.2-2;2-2;1/ordnung.72/(1)^3(3)^3(9)^1/group.600	72	a78c1f9dd94ad95a2651b6d15d2a80d8	1	36
carat/tables/qcatalog/dim5/dir.2-2;2-2;1/ordnung.72/(1)^3(3)^4(9)^2/group.601	72	f56a1eed634eb65cbfcc3d445707c65a	1	18
carat/tables/qcatalog/dim5/dir.2-2;2-2;1/ordnung.72/(1)^3(3)^4(9)^2/group.602	72	9dab125bdee270684ee1a0aff25ff312	1	24
carat/tables/qcatalog/dim5/dir.2-2;2-2;1/ordnung.72/(1)^4(3)^3/group.603	72	0d64f15b8c6ee474d8aebbcf43b7f802	1	36
carat/tables/qcatalog/dim5/dir.2-2;2-2;1/ordnung.72/(1)^4(3)^3/group.604	72	dd1bdbddb1bb8034165440fbf7628bb2	1	36
carat/tables/qcatalog/dim5/dir.2-2;2-2;1/ordnung.72/(1)^4(3)^3/group.605	72	51cde8e2c4b7c1d84350bf4410abd9ce	1	36
carat/tables/qcatalog/dim5/dir.2-2;2-2;1/ordnung.72/(1)^4(3)^3/group.606	72	c5f1b63014afbb34d0e6fb56244a3dd2	1	36
carat/tables/qcatalog/dim5/dir.2-2;2-2;1/ordnung.72/(1)^4(3)^3/group.607	72	5883ec5f54e63f94cb0d1b69a8953a32	1	36
carat/tables/qcatalog/dim5/dir.2-2;2-2;1/ordnung.72/(1)^4(3)^3/group.608	72	9c81866d0286ccfe6fec55fc349b0914	1	36
carat/tables/qcatalog/dim5/dir.2-2;2-2;1/ordnung.72/(1)^4(3)^3/group.609	72	8b4ece7b4a9a7e68c743ff93cf410dce	1	36
carat/tables/qcatalog/dim5/dir.2-2;2-2;1/ordnung.72/(1)^4(3)^4(9)^1/group.610	72	96fcddd242bd45f4eb5cc47a8a9a28a6	1	24
carat/tables/qcatalog/dim5/dir.2-2;2-2;1/ordnung.72/(1)^4(3)^4(9)^1/group.611	72	0def7bd5ca3ec5b21dbcd22a9de32f20	1	18
carat/tables/qcatalog/dim5/dir.2-2;2-2;1/ordnung.72/(1)^4(3)^4(9)^1/group.612	72	4fa2e8c7a13866b4003e87cee26a39ba	1	18
carat/tables/qcatalog/dim5/dir.2-2;2-2;1/ordnung.72/(1)^4(3)^4(9)^1/group.613	72	009c02411a9e0d1c48edd1327659bc92	1	18
carat/tables/qcatalog/dim5/dir.2-2;2-2;1/ordnung.9/(1)^1(3)^2(9)^2/min.130	9	9b70982b5a16c8cd2423e2e028ed4093	1	9
carat/tables/qcatalog/dim5/dir.3;1,1/ordnung.12/(1)^3(4)^6(32)^1/min.131	12	7885f3c0809934b8a153553f49fab2aa	1	4
carat/tables/qcatalog/dim5/dir.3;1,1/ordnung.24/(1)^3(4)^6(32)^1/group.634	24	2f079788bbb8e7208370784db1ffe882	1	8
carat/tables/qcatalog/dim5/dir.3;1,1/ordnung.24/(1)^3(4)^6(8)^1/group.635	24	0eca8ce2eb8811208b83a6ba081b3daa	1	8
carat/tables/qcatalog/dim5/dir.3;1,1/ordnung.24/(1)^3(4)^6(8)^1/group.636	24	6f4564174b95c10069eca3330343b232	1	8
carat/tables/qcatalog/dim5/dir.3;1,1/ordnung.24/(1)^5(4)^4(32)^1/group.637	24	bec3b3770c4e7736845de935290d6704	1	5
carat/tables/qcatalog/dim5/dir.3;1,1/ordnung.24/(1)^5(4)^4(32)^1/group.638	24	8a869f08a2d15d56d3007108c95e94dc	1	5
carat/tables/qcatalog/dim5/dir.3;1,1/ordnung.24/(1)^5(4)^4(8)^1/group.639	24	872a5b64b0e41ca6c26e29fcee0294b4	1	5
carat/tables/qcatalog/dim5/dir.3;1,1/ordnung.24/(1)^5(4)^4(8)^1/group.640	24	212debfb0e36d5862d339847a888b68c	1	5
carat/tables/qcatalog/dim5/dir.3;1,1/ordnung.48/(1)^3(4)^6(8)^1/group.641	48	2dd62bc7b6288a4eb3b1aabca3c1f254	1	16
carat/tables/qcatalog/dim5/dir.3;1,1/ordnung.48/(1)^5(4)^4(32)^1/group.642	48	e42f13027016867a1e8537e82a75850c	1	10
carat/tables/qcatalog/dim5/dir.3;1,1/ordnung.48/(1)^5(4)^4(8)^1/group.643	48	14ce8e102e3ffeee749aa75a0fa2cdf0	1	10
carat/tables/qcatalog/dim5/dir.3;1,1/ordnung.48/(1)^5(4)^4(8)^1/group.644	48	621198a95215def80755f17419475fe2	1	10
carat/tables/qcatalog/dim5/dir.3;1,1/ordnung.48/(1)^5(4)^4(8)^1/group.645	48	fc97f4e9f85d1f9cfbd9f91af110a5de	1	10
carat/tables/qcatalog/dim5/dir.3;1,1/ordnung.48/(1)^5(4)^4(8)^1/group.646	48	37b16082e7ff9d66bdfc4c4f57f4d580	1	10
carat/tables/qcatalog/dim5/dir.3;1,1/ordnung.48/(1)^5(4)^4(8)^1/group.647	48	d83e629176799c8289cf5a4604844bd4	1	10
carat/tables/qcatalog/dim5/dir.3;1,1/ordnung.96/(1)^5(4)^4(8)^1/group.648	96	89161d1e5a3eec7fcc4ea922b088246d	1	20
carat/tables/qcatalog/dim5/dir.3;1;1/ordnung.192/(1)^5(4)^6/group.649	192	4d11937a53a68c88b468e7213c181276	1	40
carat/tables/qcatalog/dim5/dir.3;1;1/ordnung.24/(1)^3(4)^6(8)^2/min.132	24	58103dac01311c1ea8c20c502d6f5544	1	8
carat/tables/qcatalog/dim5/dir.3;1;1/ordnung.24/(1)^3(4)^6(8)^2/min.133	24	45c8bb0f0b0d915615e35871eb16173c	1	8
carat/tables/qcatalog/dim5/dir.3;1;1/ordnung.24/(1)^5(4)^4(8)^2/min.134	24	45975c6b1ced7f78ee9a8da35e28de2a	1	5
carat/tables/qcatalog/dim5/dir.3;1;1/ordnung.24/(1)^5(4)^4(8)^2/min.135	24	7861560a4b9238cc7842cf695d3f2496	1	5
carat/tables/qcatalog/dim5/dir.3;1;1/ordnung.48/(1)^3(4)^6(8)^2/group.650	48	da4d2c4f30b7e2fccfb6007ac9ce1336	1	16
carat/tables/qcatalog/dim5/dir.3;1;1/ordnung.48/(1)^3(4)^8/group.651	48	63155f270e3a1a96498d6303f3f1d080	1	16
carat/tables/qcatalog/dim5/dir.3;1;1/ordnung.48/(1)^3(4)^8/group.652	48	c21c6d4c866747bee49e8f6cb3105ff8	1	16
carat/tables/qcatalog/dim5/dir.3;1;1/ordnung.48/(1)^3(4)^8/group.653	48	3aba057683a4c4e6ccf80246b7c3dd80	1	16
carat/tables/qcatalog/dim5/dir.3;1;1/ordnung.48/(1)^5(4)^4(8)^2/group.654	48	bb51b678589f5ec4e4cb54a0d3cebaba	1	10
carat/tables/qcatalog/dim5/dir.3;1;1/ordnung.48/(1)^5(4)^4(8)^2/group.655	48	3a1c5ac2a23302fa795333ffd3b11af8	1	10
carat/tables/qcatalog/dim5/dir.3;1;1/ordnung.48/(1)^5(4)^4(8)^2/group.656	48	ae97d0e8b10f7ebef5d608e69b266754	1	10
carat/tables/qcatalog/dim5/dir.3;1;1/ordnung.48/(1)^5(4)^4(8)^2/group.657	48	8abd8df0d0a1f258bcb2bb474d249a26	1	10
carat/tables/qcatalog/dim5/dir.3;1;1/ordnung.48/(1)^5(4)^4(8)^2/group.658	48	3f91d2de84fb8dec43b4518a6358aeca	1	10
carat/tables/qcatalog/dim5/dir.3;1;1/ordnung.48/(1)^5(4)^6/group.659	48	d4d852805216b7b07e3544327656c61e	1	10
carat/tables/qcatalog/dim5/dir.3;1;1/ordnung.48/(1)^5(4)^6/group.660	48	60b1f38383253a829f491c12c9ddb4e8	1	10
carat/tables/qcatalog/dim5/dir.3;1;1/ordnung.48/(1)^5(4)^6/group.661	48	b8b9299fec9fa78471922807fc1577b2	1	10
carat/tables/qcatalog/dim5/dir.3;1;1/ordnung.48/(1)^5(4)^6/group.662	48	42a1c4985b13a40a9c8a8335edced8d0	1	10
carat/tables/qcatalog/dim5/dir.3;1;1/ordnung.48/(1)^5(4)^6/group.663	48	06234de6e8752c3874928bdf399e1f1e	1	10
carat/tables/qcatalog/dim5/dir.3;1;1/ordnung.48/(1)^5(4)^6/group.664	48	c2794b22694e34186416485dcd0f6496	1	10
carat/tables/qcatalog/dim5/dir.3;1;1/ordnung.48/(1)^5(4)^6/group.665	48	982a694cbe126632dcf5112f03ef4ed8	1	10
carat/tables/qcatalog/dim5/dir.3;1;1/ordnung.96/(1)^3(4)^8/group.666	96	9174f483c62935f38414424fa103e229	1	32
carat/tables/qcatalog/dim5/dir.3;1;1/ordnung.96/(1)^5(4)^4(8)^2/group.667	96	fa90f3debb908ef92274ed3cf0ca3c6b	1	20
carat/tables/qcatalog/dim5/dir.3;2-1/ordnung.48/(1)^3(4)^8/min.137	48	cf0a2a853aa76692886620f422275d3c	0	16
carat/tables/qcatalog/dim5/dir.3;2-1/ordnung.48/(1)^5(4)^6/min.138	48	697d9876eaf654c0f7320f7787132c0e	0	10
carat/tables/qcatalog/dim5/dir.3;2-1/ordnung.48/(1)^5(4)^6/min.139	48	3c4b3ce8ebc1d49811d518fec0ac0cb6	0	10
carat/tables/qcatalog/dim5/dir.3;2-1/ordnung.96/(1)^3(2)^2(4)^8/group.687	96	8eac4f0b4e9c932d3c674481a38ad51b	0	20
carat/tables/qcatalog/dim5/dir.3;2-1/ordnung.96/(1)^3(2)^2(4)^8/group.688	96	5292704d1e65bcf503d30298471cb7c3	0	20
carat/tables/qcatalog/dim5/dir.3;2-1/ordnung.96/(1)^3(2)^2(4)^8/group.689	96	4d15423806cd39f5012ddc0df3c81043	0	20
carat/tables/qcatalog/dim5/dir.3;2-1/ordnung.96/(1)^3(4)^8/group.690	96	fbb31dfca57fef57532a752adcec16f5	0	32
carat/tables/qcatalog/dim5/dir.3;2-1/ordnung.96/(1)^5(2)^2(4)^6/group.691	96	a4650bf953e0c9fb19bc3beab0a3cca9	0	14
carat/tables/qcatalog/dim5/dir.3;2-1/ordnung.96/(1)^5(2)^2(4)^6/group.692	96	cceb87535bd239337b6b7cbed272f6b9	0	14
carat/tables/qcatalog/dim5/dir.3;2-1/ordnung.96/(1)^5(2)^2(4)^6/group.693	96	d1b23148f3f75fb1f1ef97f121012567	0	14
carat/tables/qcatalog/dim5/dir.3;2-1/ordnung.96/(1)^5(2)^2(4)^6/group.694	96	f47e37f82aef457ddd96b5e2e80030cb	0	14
carat/tables/qcatalog/dim5/dir.3;2-1/ordnung.96/(1)^5(2)^2(4)^6/group.695	96	f46c9efacbad9c3ff98ec93ca4a59a11	0	14
carat/tables/qcatalog/dim5/dir.3;2-1/ordnung.96/(1)^5(2)^2(4)^6/group.696	96	7a1a8abcbf6a1e971e5b89eb97d4cf01	0	14
carat/tables/qcatalog/dim5/dir.3;2-1/ordnung.96/(1)^5(2)^2(4)^6/group.697	96	36fa8d9fb9c65025a0c367c04d62d71f	0	14
carat/tables/qcatalog/dim5/dir.3;2-1/ordnung.96/(1)^5(4)^6/group.698	96	7bad3aa440b2eee1c11c89118862db2b	0	20
carat/tables/qcatalog/dim5/dir.3;2-1/ordnung.96/(1)^5(4)^6/group.699	96	d9d394ffecab2ae169640af2abbbab93	0	20
carat/tables/qcatalog/dim5/dir.3;2-1/ordnung.96/(1)^5(4)^6/group.700	96	c43a4400f2fa98218d67420d4095a52b	0	20
carat/tables/qcatalog/dim5/dir.3;2-1/ordnung.96/(1)^5(4)^6/group.701	96	07e1efb3168714d997a3759d31f06ffb	0	20
carat/tables/qcatalog/dim5/dir.3;2-1/ordnung.96/(1)^5(4)^6/group.702	96	f8a671e828a78c914105240ab182afd3	0	20
carat/tables/qcatalog/dim5/dir.3;2-2/ordnung.12/(1)^1(2)^2(4)^6(8)^1(24)^1/min.140	12	7aa47cfc128adf1a62382319756b6308	0	4
carat/tables/qcatalog/dim5/dir.4-1;1/ordnung.32/(1)^1(2)^2(4)^6/group.814	32	8d2cd40cc50ff8bcd8ef8c3b511a7dae	1	14
carat/tables/qcatalog/dim5/dir.4-1;1/ordnung.32/(1)^1(2)^2(4)^6/group.815	32	02765150fc34f8263e77de0f127aa158	1	14
carat/tables/qcatalog/dim5/dir.4-1;1/ordnung.32/(1)^1(2)^2(4)^6/group.816	32	2d1266306b219c702f27cf11eb99800a	1	14
carat/tables/qcatalog/dim5/dir.4-1;1/ordnung.32/(1)^1(4)^14(8)^2/group.817	32	9c0d9e0e11a0d87e9632a67713c920cc	1	17
carat/tables/qcatalog/dim5/dir.4-1;1/ordnung.32/(1)^1(4)^14(8)^2/group.818	32	1a55968047eff69a22b33b82415d8f78	1	17
carat/tables/qcatalog/dim5/dir.4-1;1/ordnung.32/(1)^1(4)^14(8)^2/group.819	32	4f60335253044cb6ee000256467e8924	1	17
carat/tables/qcatalog/dim5/dir.4-1;1/ordnung.32/(1)^1(4)^14(8)^2/group.820	32	cf88f4c9b79705cad0a928269c8a1a78	1	11
carat/tables/qcatalog/dim5/dir.4-1;1/ordnung.32/(1)^1(4)^14(8)^2/group.821	32	419ac92b1bbb972a2a1a3dca105d4aa8	1	11
carat/tables/qcatalog/dim5/dir.4-1;1/ordnung.32/(1)^1(4)^14(8)^2/group.822	32	dd3a13d802df1b5aedfdd8941825e920	1	11
carat/tables/qcatalog/dim5/dir.4-1;1/ordnung.32/(1)^1(4)^14(8)^2/group.823	32	cd5bf15aaed3c3d240e7d8b1eace8324	1	11
carat/tables/qcatalog/dim5/dir.4-1;1/ordnung.32/(1)^1(4)^14(8)^2/group.824	32	5559492eb98c3e2435dbeef48ff07cee	1	11
carat/tables/qcatalog/dim5/dir.4-1;1/ordnung.32/(1)^1(4)^14(8)^2/group.825	32	44ac3af4f1ccc1f41975a2be37e46646	1	11
carat/tables/qcatalog/dim5/dir.4-1;1/ordnung.32/(1)^1(4)^14(8)^2/group.826	32	ae5af4ae57f58bc668229850b50aaf08	1	11
carat/tables/qcatalog/dim5/dir.4-1;1/ordnung.32/(1)^1(4)^14(8)^2/group.827	32	b5866fb5d572e59a7e8a1f8fde6bb474	1	11
carat/tables/qcatalog/dim5/dir.4-1;1/ordnung.32/(1)^1(4)^14(8)^2/group.828	32	21a265c31a5d500687b660e21b9a23c0	1	11
carat/tables/qcatalog/dim5/dir.4-1;1/ordnung.32/(1)^1(4)^14(8)^2/min.148	32	55dbfc8386a1bbaa9bb528416e0a4d6c	1	11
carat/tables/qcatalog/dim5/dir.4-1;1/ordnung.32/(1)^1(4)^14(8)^2/min.149	32	5944278332bdf67ab6acef49b0d8c62c	1	11
carat/tables/qcatalog/dim5/dir.4-1;1/ordnung.32/(1)^1(4)^14(8)^2/min.150	32	850d5be2f83448a6b9bf55105e58b638	1	11
carat/tables/qcatalog/dim5/dir.4-1;1/ordnung.32/(1)^1(4)^6(8)^2/group.829	32	86194a659ce05690865f52cdc5bb8ab2	1	20
carat/tables/qcatalog/dim5/dir.4-1;1/ordnung.32/(1)^1(4)^6(8)^2/group.830	32	7270293ca0ec83c87098965d6d56eeea	1	20
carat/tables/qcatalog/dim5/dir.4-1;1/ordnung.144/(1)^5(6)^4/group.780	144	0e74f3198c294ee61d38bf7ed1c8b104	1	42
carat/tables/qcatalog/dim5/dir.4-1;1/ordnung.144/(1)^9(6)^8/group.781	144	bf735fb2b1ab7f01d95c754d67f00357	1	15
carat/tables/qcatalog/dim5/dir.4-1;1/ordnung.144/(1)^9(6)^8/group.782	144	64b1bf52082a425538e7634b119b487b	1	15
carat/tables/qcatalog/dim5/dir.4-1;1/ordnung.16/(1)^1(4)^2(8)^2/group.783	16	13f522f705bd3a9022812e74415ec106	1	10
carat/tables/qcatalog/dim5/dir.4-1;1/ordnung.16/(1)^1(4)^6(8)^2/group.784	16	4b05c33eb1f86da6f72562e26ec0f248	1	10
carat/tables/qcatalog/dim5/dir.4-1;1/ordnung.16/(1)^1(4)^6(8)^2/group.785	16	ea7c6588062cd2b8e4687293fefde0ba	1	10
carat/tables/qcatalog/dim5/dir.4-1;1/ordnung.16/(1)^1(4)^6(8)^2/group.786	16	abbac04037382d124a4aa0b91ffdaeb4	1	10
carat/tables/qcatalog/dim5/dir.4-1;1/ordnung.16/(1)^1(4)^6(8)^2/group.787	16	9833a55a4e92110c1bacabcc198f148e	1	10
carat/tables/qcatalog/dim5/dir.4-1;1/ordnung.16/(1)^1(4)^6(8)^2/group.788	16	20e6929d5fe8bb606ed5934698d17602	1	7
carat/tables/qcatalog/dim5/dir.4-1;1/ordnung.16/(1)^1(4)^6(8)^2/group.789	16	448fac6d519b5416385a5969ace67bd0	1	7
carat/tables/qcatalog/dim5/dir.4-1;1/ordnung.16/(1)^1(4)^6(8)^2/group.790	16	c1f75394541b8bbc601645cdde1657f6	1	7
carat/tables/qcatalog/dim5/dir.4-1;1/ordnung.16/(1)^1(4)^6(8)^2/group.791	16	f8f3c2d67bc2bde629edabaf155e5ae8	1	7
carat/tables/qcatalog/dim5/dir.4-1;1/ordnung.16/(1)^1(4)^6(8)^2/min.143	16	c2e693a20759155471d20c0c7b74116e	1	10
carat/tables/qcatalog/dim5/dir.4-1;1/ordnung.16/(1)^1(4)^6(8)^2/min.144	16	c554f3ea229657242f7385e3ebf805de	1	10
carat/tables/qcatalog/dim5/dir.4-1;1/ordnung.16/(1)^1(4)^6(8)^2/min.145	16	fa94f7c330376dbc849661c1551094b6	1	10
carat/tables/qcatalog/dim5/dir.4-1;1/ordnung.192/(1)^1(2)^16/group.792	192	c47d1b4d1cba4b0ad37f49820fc611d8	1	17
carat/tables/qcatalog/dim5/dir.4-1;1/ordnung.192/(1)^1(2)^16/group.793	192	82dff9031e8a19b8fa3722c4ffd99afe	1	17
carat/tables/qcatalog/dim5/dir.4-1;1/ordnung.192/(1)^1(2)^16/group.794	192	e32b232588dbc3b6843e33edd8d4fdcc	1	17
carat/tables/qcatalog/dim5/dir.4-1;1/ordnung.192/(1)^1(2)^16/group.795	192	bc47727499c6b86406d75021816427ea	1	17
carat/tables/qcatalog/dim5/dir.4-1;1/ordnung.192/(1)^1(2)^8(4)^8/group.797	192	4f6354cee8f1cdf1f15c7caa2e36f2fb	1	38
carat/tables/qcatalog/dim5/dir.3;2-2/ordnung.48/(1)^1(2)^4(4)^5(12)^1/group.743	48	ea4ea7416dce49ac7dc3fa29dd19761e	0	16
carat/tables/qcatalog/dim5/dir.3;2-2/ordnung.48/(1)^1(2)^8(4)^2(12)^2/group.744	48	3505bcba7b90dfd6a687920390f7d49c	0	10
carat/tables/qcatalog/dim5/dir.3;2-2/ordnung.48/(1)^1(2)^8(4)^2(12)^2/group.745	48	7ee8f0fdab880beeebc1fb48921467a4	0	10
carat/tables/qcatalog/dim5/dir.3;2-2/ordnung.48/(1)^1(2)^8(4)^2(12)^2/group.746	48	39d8a425c7f97746d4e5511031c11cfc	0	10
carat/tables/qcatalog/dim5/dir.3;2-2/ordnung.48/(1)^1(2)^8(4)^2(12)^2/group.747	48	826a66fc6b61058e9b5a76f0e2c6bb9c	0	10
carat/tables/qcatalog/dim5/dir.3;2-2/ordnung.576/(1)^9(4)^2(12)^2/max.10	576	cfa0408ab1f54e0e172e7c5994b75718	0	60
carat/tables/qcatalog/dim5/dir.3;2-2/ordnung.72/(1)^5(4)^5(12)^1/group.748	72	2ef69a10d62ad59da49a642c53ad17c7	0	24
carat/tables/qcatalog/dim5/dir.3;2-2/ordnung.72/(1)^5(4)^5(12)^1/group.749	72	38ca96bb2138e485fb817f3cf920cacf	0	24
carat/tables/qcatalog/dim5/dir.3;2-2/ordnung.72/(1)^5(4)^5(12)^1/group.750	72	288f9e56aa347885e9c540ac58339ddf	0	24
carat/tables/qcatalog/dim5/dir.3;2-2/ordnung.72/(1)^7(4)^3(12)^1/group.751	72	4f8c1fbf134e6aff990062d3a5583b95	0	15
carat/tables/qcatalog/dim5/dir.3;2-2/ordnung.72/(1)^7(4)^3(12)^1/group.752	72	93b4e89f57cee81fdf63ebe8c74c96c5	0	15
carat/tables/qcatalog/dim5/dir.3;2-2/ordnung.72/(1)^7(4)^3(12)^1/group.753	72	29f470a315f435df766feccf32209b05	0	15
carat/tables/qcatalog/dim5/dir.3;2-2/ordnung.72/(1)^7(4)^3(12)^1/group.754	72	1c09c3a1b1ffbcefafb418f315006c35	0	15
carat/tables/qcatalog/dim5/dir.3;2-2/ordnung.72/(1)^7(4)^4(12)^2/group.755	72	633e6e6c914829f95c6162c0c1ef68cb	0	12
carat/tables/qcatalog/dim5/dir.3;2-2/ordnung.72/(1)^7(4)^4(12)^2/group.756	72	c5eceb64d0d137f9723664816ef024ab	0	12
carat/tables/qcatalog/dim5/dir.3;2-2/ordnung.72/(1)^9(4)^2(12)^2/group.757	72	6abedfbf8638a5d7225e3a654f2ecdfd	0	9
carat/tables/qcatalog/dim5/dir.3;2-2/ordnung.72/(1)^9(4)^2(12)^2/group.758	72	b2bc7540d8726a9730840f320b3417ad	0	9
carat/tables/qcatalog/dim5/dir.3;2-2/ordnung.96/(1)^1(2)^8(4)^2(12)^2/group.759	96	2cfe6c30fe0dfc6913b70f36330c52e3	0	20
carat/tables/qcatalog/dim5/dir.4-1';1/ordnung.16/(1)^1(4)^2(8)^2/group.760	16	7abb99802b2c0d8e51aff5234f772db4	1	16
carat/tables/qcatalog/dim5/dir.4-1';1/ordnung.16/(1)^1(4)^6(8)^2/group.761	16	45e2f360503d89584344324ef43409f6	1	7
carat/tables/qcatalog/dim5/dir.3;1;1/ordnung.96/(1)^5(4)^6/group.668	96	ec04f62056765e69436e7ee27aa9c9c3	1	20
carat/tables/qcatalog/dim5/dir.3;1;1/ordnung.96/(1)^5(4)^6/group.669	96	5d014e71050681311ddff0bbf4f7ecd3	1	20
carat/tables/qcatalog/dim5/dir.3;1;1/ordnung.96/(1)^5(4)^6/group.670	96	f53fedbb64872ed163f15313f46457bb	1	20
carat/tables/qcatalog/dim5/dir.3;1;1/ordnung.96/(1)^5(4)^6/group.671	96	590bc73a9c26b029ec236b7ae2a35e83	1	20
carat/tables/qcatalog/dim5/dir.3;1;1/ordnung.96/(1)^5(4)^6/group.672	96	ea50c3f736be8b6150740b7a6b18a773	1	20
carat/tables/qcatalog/dim5/dir.3;1;1/ordnung.96/(1)^5(4)^6/group.673	96	4305faef19c1bb6123448ee519a33943	1	20
carat/tables/qcatalog/dim5/dir.3;1;1/ordnung.96/(1)^5(4)^6/group.674	96	39edf11933917421d6c8db0831438bf3	1	20
carat/tables/qcatalog/dim5/dir.3;1;1/ordnung.96/(1)^5(4)^6/group.675	96	d15e51fcf335bf59957d646ec2ace87b	1	20
carat/tables/qcatalog/dim5/dir.3;2-1/ordnung.192/(1)^3(2)^2(4)^8/group.676	192	fc226700b81dcd52517436a707428304	0	40
carat/tables/qcatalog/dim5/dir.3;2-1/ordnung.192/(1)^5(2)^2(4)^6/group.677	192	af9fb142964aaa428e3039d296b38d68	0	28
carat/tables/qcatalog/dim5/dir.3;2-1/ordnung.192/(1)^5(2)^2(4)^6/group.678	192	1409492d5ac46c7ebd22d86865674320	0	25
carat/tables/qcatalog/dim5/dir.3;2-1/ordnung.192/(1)^5(2)^2(4)^6/group.679	192	9337b9462b01b8161fd2e6d2e9508ef0	0	25
carat/tables/qcatalog/dim5/dir.3;2-1/ordnung.192/(1)^5(2)^2(4)^6/group.680	192	dbed929e170092ce0bbd0a5a3f2e2f00	0	25
carat/tables/qcatalog/dim5/dir.3;2-1/ordnung.192/(1)^5(2)^2(4)^6/group.681	192	85ca70cc63d0cf58f1df449428d5187a	0	25
carat/tables/qcatalog/dim5/dir.3;2-1/ordnung.192/(1)^5(2)^2(4)^6/group.682	192	7699852319a29674f17f3d0b08bec4be	0	25
carat/tables/qcatalog/dim5/dir.3;2-1/ordnung.192/(1)^5(2)^2(4)^6/group.683	192	4c8830943fa31b0a16e48de92c4af954	0	25
carat/tables/qcatalog/dim5/dir.3;2-1/ordnung.192/(1)^5(2)^2(4)^6/group.684	192	fb401f88fc0c11c4e2df9ebbe4fe1cc2	0	28
carat/tables/qcatalog/dim5/dir.3;2-1/ordnung.192/(1)^5(4)^6/group.685	192	55ceafbcf4fd84f893b89d89d14af406	0	40
carat/tables/qcatalog/dim5/dir.3;2-1/ordnung.384/(1)^5(2)^2(4)^6/group.686	384	95f8340ac48a35a9826b4de1c4e58007	0	50
carat/tables/qcatalog/dim5/dir.3;2-1/ordnung.48/(1)^3(4)^8/min.136	48	b82e9c78b9199982f11a4013370a4eac	0	16
carat/tables/qcatalog/dim5/dir.4-1;1/ordnung.32/(1)^1(4)^6(8)^2/group.831	32	638dd9c26f98f546673a18330c952d00	1	14
carat/tables/qcatalog/dim5/dir.4-1;1/ordnung.384/(1)^1(2)^16/group.832	384	3ecf87d5de5fb50a7cf3f73c0260a7a0	1	34
carat/tables/qcatalog/dim5/dir.4-1;1/ordnung.384/(1)^3(2)^10(4)^4/group.833	384	86a8fff897e1e714747ca4e5c9c97eee	1	32
carat/tables/qcatalog/dim5/dir.4-1;1/ordnung.384/(1)^5(2)^10(4)^2/group.834	384	b6257143ba0a921508740ac881bef82b	1	20
carat/tables/qcatalog/dim5/dir.4-1;1/ordnung.384/(1)^5(2)^10(4)^2/group.835	384	d1dba6f03ed8769bd52cfb880548c011	1	20
carat/tables/qcatalog/dim5/dir.4-1;1/ordnung.384/(1)^5(2)^10(4)^2/group.836	384	49c1dcd2095b4963e920ad00f3e9bff1	1	20
carat/tables/qcatalog/dim5/dir.4-1;1/ordnung.384/(1)^5(2)^10(4)^2/group.837	384	b6cc56e412445c5e6697f32161ba226c	1	26
carat/tables/qcatalog/dim5/dir.4-1;1/ordnung.384/(1)^5(2)^10(4)^2/group.838	384	dd36dec82c172ba9ee66cc3b0e911f9f	1	20
carat/tables/qcatalog/dim5/dir.4-1;1/ordnung.384/(1)^5(2)^8(4)^4/group.839	384	61a535a71db04c5c40c35e81bb7890f2	1	26
carat/tables/qcatalog/dim5/dir.4-1;1/ordnung.48/(1)^1(2)^2(4)^2/group.840	48	0c769074d90acf69d92fbf0ad3c4d29b	1	14
carat/tables/qcatalog/dim5/dir.4-1;1/ordnung.48/(1)^1(2)^4(4)^4/group.841	48	9e2b8ebd14bdda01f8e43471b1d1d203	1	14
carat/tables/qcatalog/dim5/dir.4-1;1/ordnung.48/(1)^1(2)^4(4)^4/group.842	48	2e1eeda38bd8549579d16e92cc2262f7	1	14
carat/tables/qcatalog/dim5/dir.4-1;1/ordnung.48/(1)^1(2)^4(4)^4/group.843	48	1b054e6a70dc9a495dac2b9a86f2ac0f	1	8
carat/tables/qcatalog/dim5/dir.4-1;1/ordnung.48/(1)^1(2)^4(4)^4/group.844	48	bf053161ff749dd97e4c57403def2eef	1	8
carat/tables/qcatalog/dim5/dir.4-1;1/ordnung.48/(1)^1(2)^4(6)^4/group.845	48	9d834e7ba0a9af1fc045b4c8daac6be1	1	30
carat/tables/qcatalog/dim5/dir.4-1;1/ordnung.48/(1)^1(2)^4(6)^4/group.846	48	775ad5d1c88befff8199c04a9c5e3b7d	1	24
carat/tables/qcatalog/dim5/dir.4-1;1/ordnung.48/(1)^1(2)^8(6)^8/group.847	48	af84a2c8436412b981f3c359477b5a2b	1	12
carat/tables/qcatalog/dim5/dir.4-1;1/ordnung.48/(1)^1(2)^8(6)^8/group.848	48	425e5e8672cd8b9102f30c413836c79b	1	12
carat/tables/qcatalog/dim5/dir.4-1;1/ordnung.48/(1)^1(2)^8(6)^8/group.849	48	884a054d486fb09d963f7be647847d97	1	12
carat/tables/qcatalog/dim5/dir.4-1;1/ordnung.48/(1)^1(2)^8(6)^8/group.850	48	724911220d4fb565b3c0d3ed2e924a0f	1	12
carat/tables/qcatalog/dim5/dir.3;2-2/ordnung.144/(1)^9(4)^2(12)^2/group.723	144	c4b9960af869599fb3ffca48215517f5	0	18
carat/tables/qcatalog/dim5/dir.3;2-2/ordnung.144/(1)^9(4)^2(12)^2/group.724	144	21794ec6ac9448375b8af53fcc7b6e25	0	18
carat/tables/qcatalog/dim5/dir.3;2-2/ordnung.144/(1)^9(4)^2(12)^2/group.725	144	6984c2a6614d3f18e86cec61ff6fc69e	0	15
carat/tables/qcatalog/dim5/dir.3;2-2/ordnung.24/(1)^1(2)^2(4)^6(8)^1(24)^1/group.726	24	d6f4cda9563c8a0282254dcd0e775190	0	8
carat/tables/qcatalog/dim5/dir.3;2-2/ordnung.24/(1)^1(2)^4(4)^5(12)^1/group.727	24	c8a71a0b1202712297d26e4b0db96920	0	8
carat/tables/qcatalog/dim5/dir.3;2-2/ordnung.24/(1)^1(2)^4(4)^5(12)^1/group.728	24	76be571bade4bc323732992259cdb5d0	0	8
carat/tables/qcatalog/dim5/dir.3;2-2/ordnung.24/(1)^1(2)^8(4)^2(12)^2/group.729	24	255fb96cc9867400640294ce76a5ea4a	0	5
carat/tables/qcatalog/dim5/dir.3;2-2/ordnung.24/(1)^1(2)^8(4)^2(12)^2/group.730	24	961c45c0bc6704f89f9807ec4fead5f2	0	5
carat/tables/qcatalog/dim5/dir.3;2-2/ordnung.288/(1)^7(4)^3(12)^1/group.731	288	3c07db9f5fc18d7e849b3b980b9fcaec	0	60
carat/tables/qcatalog/dim5/dir.3;2-2/ordnung.288/(1)^7(4)^4(12)^2/group.732	288	c67540b325015cba189ac0c3cc5e5d20	0	48
carat/tables/qcatalog/dim5/dir.3;2-2/ordnung.288/(1)^9(4)^2(12)^2/group.733	288	c2d1f79fedf1b8dc355d27d7e222d796	0	36
carat/tables/qcatalog/dim5/dir.3;2-2/ordnung.288/(1)^9(4)^2(12)^2/group.734	288	17f9580c6ce04b7a400cd930e37da488	0	30
carat/tables/qcatalog/dim5/dir.3;2-2/ordnung.288/(1)^9(4)^2(12)^2/group.735	288	1176de18ff58ce46fa3c31c11d86b5e4	0	30
carat/tables/qcatalog/dim5/dir.3;2-2/ordnung.288/(1)^9(4)^2(12)^2/group.736	288	278facd98e95ed440a16bb8a70f34d72	0	30
carat/tables/qcatalog/dim5/dir.3;2-2/ordnung.288/(1)^9(4)^2(12)^2/group.737	288	94de0471ab1dc08c4fb53c6b17b25ada	0	30
carat/tables/qcatalog/dim5/dir.3;2-2/ordnung.288/(1)^9(4)^2(12)^2/group.738	288	131731da5e59292cb7bf998d01f40eaa	0	30
carat/tables/qcatalog/dim5/dir.3;2-2/ordnung.288/(1)^9(4)^2(12)^2/group.739	288	52650fe5e31c9b56ac2cea0ad6960b64	0	30
carat/tables/qcatalog/dim5/dir.3;2-2/ordnung.288/(1)^9(4)^2(12)^2/group.740	288	e00be590dfc0738e72d24734bca5cae4	0	30
carat/tables/qcatalog/dim5/dir.3;2-2/ordnung.288/(1)^9(4)^2(12)^2/group.741	288	c36039273a056d047a4eaccf2d8b1102	0	30
carat/tables/qcatalog/dim5/dir.3;2-2/ordnung.36/(1)^5(4)^5(12)^1/group.742	36	52f66c003c410cb0c1df218d550a11ca	0	12
carat/tables/qcatalog/dim5/dir.3;2-2/ordnung.144/(1)^5(4)^5(12)^1/group.703	144	28ac53581e535481cab05f7a8c1a7f3f	0	48
carat/tables/qcatalog/dim5/dir.3;2-2/ordnung.144/(1)^7(4)^3(12)^1/group.704	144	4a93ce012cf20a458374686e499a852f	0	30
carat/tables/qcatalog/dim5/dir.3;2-2/ordnung.144/(1)^7(4)^3(12)^1/group.705	144	46c1e2eb386727f511efa8fa6228e82f	0	30
carat/tables/qcatalog/dim5/dir.3;2-2/ordnung.144/(1)^7(4)^3(12)^1/group.706	144	5322223537168415ad2f5a26a52f54cf	0	30
carat/tables/qcatalog/dim5/dir.3;2-2/ordnung.144/(1)^7(4)^3(12)^1/group.707	144	e0f18944317560a9842f9f75e88d84c3	0	30
carat/tables/qcatalog/dim5/dir.3;2-2/ordnung.144/(1)^7(4)^3(12)^1/group.708	144	32a1557c640a0b6b2ea5d33611c24d5d	0	30
carat/tables/qcatalog/dim5/dir.3;2-2/ordnung.144/(1)^7(4)^3(12)^1/group.709	144	2fd7d7689609e2237f9312fe6acf7ffd	0	30
carat/tables/qcatalog/dim5/dir.3;2-2/ordnung.144/(1)^7(4)^4(12)^2/group.710	144	63aca0d3746e0ac14a4822bdcebec9b3	0	24
carat/tables/qcatalog/dim5/dir.3;2-2/ordnung.144/(1)^7(4)^4(12)^2/group.711	144	2384df539cba8035e935c35dfd43eb67	0	24
carat/tables/qcatalog/dim5/dir.3;2-2/ordnung.144/(1)^7(4)^4(12)^2/group.712	144	e6ecc0521326388984b80522896ab97b	0	24
carat/tables/qcatalog/dim5/dir.3;2-2/ordnung.144/(1)^7(4)^4(12)^2/group.713	144	b22d8b74ab19279bcd46943f9ac22055	0	24
carat/tables/qcatalog/dim5/dir.3;2-2/ordnung.144/(1)^9(4)^2(12)^2/group.714	144	cea8977ce468d324bad456b78f0466ea	0	15
carat/tables/qcatalog/dim5/dir.3;2-2/ordnung.144/(1)^9(4)^2(12)^2/group.715	144	78ec61dbc022cb761c2ef19b93e1dd8c	0	15
carat/tables/qcatalog/dim5/dir.3;2-2/ordnung.144/(1)^9(4)^2(12)^2/group.716	144	db1ff41e05aecac5b35ee68b1ccb0efb	0	18
carat/tables/qcatalog/dim5/dir.3;2-2/ordnung.144/(1)^9(4)^2(12)^2/group.717	144	1eb4559a4d5ea2a4f09e0c9b3971c14a	0	15
carat/tables/qcatalog/dim5/dir.3;2-2/ordnung.144/(1)^9(4)^2(12)^2/group.718	144	6bc8920c3aa79f3a16cc2efeb4857118	0	15
carat/tables/qcatalog/dim5/dir.3;2-2/ordnung.144/(1)^9(4)^2(12)^2/group.719	144	016f1f742dd06836b04c1f1e472e3f24	0	15
carat/tables/qcatalog/dim5/dir.3;2-2/ordnung.144/(1)^9(4)^2(12)^2/group.720	144	94893bc3ce98b5fa1c09d4080c928ce0	0	15
carat/tables/qcatalog/dim5/dir.3;2-2/ordnung.144/(1)^9(4)^2(12)^2/group.721	144	c672a4de88aeb408213a94e23ae41ede	0	15
carat/tables/qcatalog/dim5/dir.3;2-2/ordnung.144/(1)^9(4)^2(12)^2/group.722	144	3e50f5e0afcfa323d31e0eb2a5d49151	0	18
carat/tables/qcatalog/dim5/dir.4-1;1/ordnung.96/(1)^1(2)^8(4)^8/group.891	96	914e9d1893bec47a057a8d9795995ce8	1	13
carat/tables/qcatalog/dim5/dir.4-1;1/ordnung.96/(1)^1(2)^8(6)^8/group.892	96	e7d80f92cc8b1034eecda337b1fadb1e	1	24
carat/tables/qcatalog/dim5/dir.4-1;1/ordnung.96/(1)^1(2)^8/group.885	96	e8810c09112cf458018d222702df186e	1	16
carat/tables/qcatalog/dim5/dir.4-1;1/ordnung.96/(1)^1(2)^8/group.886	96	c5325a15b1e804c83d3688523fde999e	1	16
carat/tables/qcatalog/dim5/dir.4-1;1/ordnung.96/(1)^3(2)^8(4)^6/group.893	96	6961097323c108fb55aa18547e0df109	1	11
carat/tables/qcatalog/dim5/dir.4-1;1/ordnung.96/(1)^5(2)^4(6)^6(12)^2/group.894	96	ef4a01f5f057322285ce202269f6fffc	1	16
carat/tables/qcatalog/dim5/dir.4-2';1/ordnung.12/(1)^1(2)^2(6)^2/min.153	12	7acc966e13109e6c643a683321321062	1	12
carat/tables/qcatalog/dim5/dir.4-2';1/ordnung.12/(1)^1(2)^2(6)^2/min.154	12	98788fc59885743cae068bfd92a40ac2	1	12
carat/tables/qcatalog/dim5/dir.4-2';1/ordnung.24/(1)^1(2)^2(6)^2/group.895	24	ac54f5626b55181789eaf9b100dd5d15	1	24
carat/tables/qcatalog/dim5/dir.4-2';1/ordnung.24/(1)^1(2)^4(6)^4/group.896	24	0986325c750a6363e83eb2e1143ce565	1	9
carat/tables/qcatalog/dim5/dir.4-2';1/ordnung.24/(1)^1(2)^4(6)^4/group.897	24	29205021b556d4bbc4b20300f5d782bd	1	9
carat/tables/qcatalog/dim5/dir.4-2';1/ordnung.24/(1)^1(2)^4(6)^4/group.898	24	d7bfbb1d1298555fe190d540de394fc1	1	9
carat/tables/qcatalog/dim5/dir.4-2';1/ordnung.48/(1)^1(2)^4(6)^4/group.899	48	a30bc5846c9b6b1d85bd46f3c9cd8adb	1	18
carat/tables/qcatalog/dim5/dir.4-2;1/ordnung.12/(1)^1(2)^2(6)^2/min.155	12	3ac8bc4c54f23ce001b954a2e65d0aca	1	6
carat/tables/qcatalog/dim5/dir.4-2;1/ordnung.12/(1)^1(2)^2(6)^2/min.156	12	920ed32ee1222fd8997a521fb02f7612	1	6
carat/tables/qcatalog/dim5/dir.4-2;1/ordnung.144/(1)^5(3)^4/group.900	144	019573f94224c680276a0c6ea83036b2	1	54
carat/tables/qcatalog/dim5/dir.4-2;1/ordnung.144/(1)^5(3)^8(9)^4/group.901	144	c6b7c5d5183d9cf87e9478d4baa71af6	1	24
carat/tables/qcatalog/dim5/dir.4-2;1/ordnung.144/(1)^5(3)^8(9)^4/group.902	144	1ac68186e83907ca20835d8478201de4	1	36
carat/tables/qcatalog/dim5/dir.4-2;1/ordnung.144/(1)^5(3)^8(9)^4/group.903	144	cb5d81694c1c9fe23f9b94354f5c432c	1	36
carat/tables/qcatalog/dim5/dir.4-2;1/ordnung.144/(1)^5(3)^8(9)^4/group.904	144	82ca91ad4410a028da797ab7581c0a82	1	30
carat/tables/qcatalog/dim5/dir.4-1;1/ordnung.192/(1)^1(2)^8(4)^8/group.798	192	27a8d2c408718c37e1e30220b20232f5	1	26
carat/tables/qcatalog/dim5/dir.4-1;1/ordnung.192/(1)^1(2)^8/group.796	192	65bc1aba5d0267bb0e61b9fd84d7d6e1	1	32
carat/tables/qcatalog/dim5/dir.4-1;1/ordnung.192/(1)^3(2)^10(4)^4/group.799	192	4a4fc321cf33b739cb2787c372b906eb	1	16
carat/tables/qcatalog/dim5/dir.4-1;1/ordnung.192/(1)^3(2)^10(4)^4/group.800	192	9a1eb20b8593f5917974bf804e978b13	1	16
carat/tables/qcatalog/dim5/dir.4-1;1/ordnung.192/(1)^3(2)^8(4)^6/group.801	192	a3bde6304f76f72d2cf6eaa3540ddf1b	1	22
carat/tables/qcatalog/dim5/dir.4-1;1/ordnung.192/(1)^5(2)^10(4)^2/group.802	192	37e0c58b348fbe3d67e580ed052072bb	1	13
carat/tables/qcatalog/dim5/dir.4-1;1/ordnung.192/(1)^5(2)^10(4)^2/group.803	192	ef1bb797c1ccb2e5a45cdbddf00a0ab3	1	13
carat/tables/qcatalog/dim5/dir.4-1;1/ordnung.192/(1)^5(2)^8(4)^4/group.804	192	76a169d87c87c9c5537efd618fd7a587	1	13
carat/tables/qcatalog/dim5/dir.4-1;1/ordnung.192/(1)^5(2)^8(4)^4/group.805	192	1821bc387225dab567cccb107d25d2a7	1	13
carat/tables/qcatalog/dim5/dir.4-1;1/ordnung.2304/(1)^9(2)^8/max.11	2304	480fe900fa9ff766cedebd24137e015c	1	50
carat/tables/qcatalog/dim5/dir.4-1;1/ordnung.24/(1)^1(2)^2(4)^2/group.806	24	49a0692523b65a1c2d4a314088fd7342	1	7
carat/tables/qcatalog/dim5/dir.4-1;1/ordnung.24/(1)^1(2)^4(6)^4/group.807	24	2e7571616afc958de742cd978f8cc4db	1	15
carat/tables/qcatalog/dim5/dir.4-1;1/ordnung.24/(1)^1(2)^4(6)^4/group.808	24	f180e9682d99055d5a1a6579fa40ffa3	1	15
carat/tables/qcatalog/dim5/dir.4-1;1/ordnung.24/(1)^1(2)^4(6)^4/min.146	24	fd02697a9ddec6f5648ca7575f66e6c7	1	12
carat/tables/qcatalog/dim5/dir.4-1;1/ordnung.24/(1)^1(2)^4(6)^4/min.147	24	ee3e1ff72a7508f5aedd78a5c1e879c7	1	12
carat/tables/qcatalog/dim5/dir.4-1;1/ordnung.24/(1)^3(2)^2(6)^2(12)^2/group.809	24	877a91dbf3fcfa04cf8ca55562431aea	1	7
carat/tables/qcatalog/dim5/dir.4-1;1/ordnung.256/(1)^1(2)^10(4)^6/group.810	256	80937fb291279dca31bfe1a8c26d0308	1	40
carat/tables/qcatalog/dim5/dir.4-1;1/ordnung.288/(1)^5(2)^8(4)^4/group.811	288	77c9e4eec5fa4d1038b4decd22347ea2	1	25
carat/tables/qcatalog/dim5/dir.4-1;1/ordnung.288/(1)^9(6)^8/group.812	288	de49edd5a9bd7017d259ed230b6b67d1	1	30
carat/tables/qcatalog/dim5/dir.4-1;1/ordnung.32/(1)^1(2)^2(4)^6/group.813	32	ff1897c37224e3ee3e7657dae5d6acb0	1	14
carat/tables/qcatalog/dim5/dir.4-1;1/ordnung.48/(1)^3(2)^2(6)^2(12)^2/group.851	48	a479dacea1d4252df20d84b86e9570ef	1	14
carat/tables/qcatalog/dim5/dir.4-1;1/ordnung.48/(1)^5(2)^4(6)^6(12)^2/group.852	48	1a26d2105a12e1238e46192836816ad9	1	8
carat/tables/qcatalog/dim5/dir.4-1;1/ordnung.48/(1)^5(2)^4(6)^6(12)^2/group.853	48	2720c5963dbe2057f53301c70ab8f23d	1	8
carat/tables/qcatalog/dim5/dir.4-1;1/ordnung.576/(1)^5(2)^8(4)^4/group.854	576	ebea8d9b0c0b075d2fa2e2797f1d3f97	1	50
carat/tables/qcatalog/dim5/dir.4-1;1/ordnung.576/(1)^7(2)^8(4)^2/group.855	576	3e38ab9cf60fb36fe40d6c918570d41d	1	23
carat/tables/qcatalog/dim5/dir.4-1;1/ordnung.576/(1)^7(2)^8(4)^2/group.856	576	4aa703d448a72a49b59f6641ae96d2b7	1	23
carat/tables/qcatalog/dim5/dir.4-1;1/ordnung.576/(1)^9(2)^8/group.857	576	d9324db7338d1709078f66b818ec6363	1	20
carat/tables/qcatalog/dim5/dir.4-1;1/ordnung.576/(1)^9(2)^8/group.858	576	bd9c4b17da07f6199be208a3cc5507f3	1	20
carat/tables/qcatalog/dim5/dir.4-1;1/ordnung.64/(1)^1(2)^2(4)^6/group.859	64	fd66ee75660b1aa3a8cd6116d0f16a39	1	28
carat/tables/qcatalog/dim5/dir.4-1;1/ordnung.64/(1)^1(2)^6(4)^10/group.860	64	b28463d93a82cb4fb54765218a5115e1	1	16
carat/tables/qcatalog/dim5/dir.4-1;1/ordnung.64/(1)^1(2)^6(4)^10/group.861	64	d0584586c754bfc9f51ee1257a586c1b	1	16
carat/tables/qcatalog/dim5/dir.4-1;1/ordnung.64/(1)^1(2)^6(4)^10/group.862	64	fdd139413be18ac9bf14a042f989e0d7	1	13
carat/tables/qcatalog/dim5/dir.4-1;1/ordnung.64/(1)^1(2)^6(4)^10/group.863	64	cb01c479246326d308c2b711c06c9d29	1	13
carat/tables/qcatalog/dim5/dir.4-1;1/ordnung.64/(1)^1(2)^6(4)^10/group.864	64	c34abaee6749bdd11b090a1b38c5b94f	1	13
carat/tables/qcatalog/dim5/dir.4-1;1/ordnung.64/(1)^1(2)^6(4)^10/group.865	64	df3842797a594dbb11e327a7c99de5e9	1	13
carat/tables/qcatalog/dim5/dir.4-1;1/ordnung.64/(1)^1(2)^6(4)^10/group.866	64	706b8e7e62072979eba44cef6a89608f	1	16
carat/tables/qcatalog/dim5/dir.4-1;1/ordnung.64/(1)^1(2)^6(4)^10/group.867	64	65b9bfb6649bf4ab8b91280867aa4681	1	16
carat/tables/qcatalog/dim5/dir.4-1;1/ordnung.64/(1)^1(2)^6(4)^10/group.868	64	c1e16c08f9408c016c31359bf8f56e0f	1	16
carat/tables/qcatalog/dim5/dir.4-1;1/ordnung.64/(1)^1(2)^6(4)^10/group.869	64	5174e40ab39d74dffa50fd2fe251edfd	1	16
carat/tables/qcatalog/dim5/dir.4-1;1/ordnung.64/(1)^1(2)^6(4)^10/group.870	64	8edfa17cc0ed86e52614ce73f14636db	1	13
carat/tables/qcatalog/dim5/dir.4-1;1/ordnung.64/(1)^1(2)^6(4)^10/group.871	64	f28d195448f5b90b5802462a2506ee09	1	13
carat/tables/qcatalog/dim5/dir.4-1;1/ordnung.64/(1)^1(2)^6(4)^10/group.872	64	93ea01bf7030c83b450a3e1851b89be1	1	13
carat/tables/qcatalog/dim5/dir.4-1;1/ordnung.64/(1)^1(2)^6(4)^10/group.873	64	573bed2af7a12ec31ee1ba23da9576c5	1	16
carat/tables/qcatalog/dim5/dir.4-1;1/ordnung.64/(1)^1(2)^6(4)^10/group.874	64	b1d658bb8329c31d64ed043641e1ae87	1	16
carat/tables/qcatalog/dim5/dir.4-1;1/ordnung.64/(1)^1(2)^6(4)^10/group.875	64	33a1092a150f56fd07e09626123066cb	1	16
carat/tables/qcatalog/dim5/dir.4-1;1/ordnung.64/(1)^1(2)^6(4)^10/group.876	64	5f0a3cca729e82034445480abc603ec1	1	16
carat/tables/qcatalog/dim5/dir.4-1;1/ordnung.64/(1)^1(4)^14(8)^2/group.877	64	a5b07ffa54d8235178f60be86a3fc6f7	1	34
carat/tables/qcatalog/dim5/dir.4-1;1/ordnung.64/(1)^1(4)^14(8)^2/group.878	64	5af030e077af1a5de794b6bf832aac9b	1	22
carat/tables/qcatalog/dim5/dir.4-1;1/ordnung.64/(1)^1(4)^14(8)^2/group.879	64	0523ff5c5f92c571926b98737181b1a7	1	22
carat/tables/qcatalog/dim5/dir.4-1;1/ordnung.64/(1)^1(4)^14(8)^2/group.880	64	d1737e9c0d63b961dc60e44f31d97c07	1	22
carat/tables/qcatalog/dim5/dir.4-1;1/ordnung.72/(1)^5(6)^4/group.881	72	ecfd0972d830cddf315502b4362fea09	1	21
carat/tables/qcatalog/dim5/dir.4-1;1/ordnung.768/(1)^5(2)^10(4)^2/group.882	768	b0cfb38d33698dc6b20ae66757cb5018	1	40
carat/tables/qcatalog/dim5/dir.4-1;1/ordnung.8/(1)^1(4)^2(8)^2/min.151	8	60fbaeabb241eb35eabb5cff68780493	1	5
carat/tables/qcatalog/dim5/dir.4-1;1/ordnung.8/(1)^1(4)^2(8)^2/min.152	8	fb5aa8c3476ddcadbe48f48b2a587a93	1	5
carat/tables/qcatalog/dim5/dir.4-1;1/ordnung.96/(1)^1(2)^4(4)^4/group.883	96	2413e62f8f8e06947d7dbe7f2fac06fa	1	28
carat/tables/qcatalog/dim5/dir.4-1;1/ordnung.96/(1)^1(2)^4(4)^4/group.884	96	ee5a6572fafad7ea806450a7c88046ac	1	16
carat/tables/qcatalog/dim5/dir.4-1;1/ordnung.96/(1)^1(2)^8(4)^8/group.887	96	a438fe1dafbd14cc9edf04098ec53dc6	1	19
carat/tables/qcatalog/dim5/dir.4-1;1/ordnung.96/(1)^1(2)^8(4)^8/group.888	96	f9da60fa754a69706ce276910485e65e	1	13
carat/tables/qcatalog/dim5/dir.4-1;1/ordnung.96/(1)^1(2)^8(4)^8/group.889	96	c3a69d582eb1d5483ac6a9795687c4d6	1	13
carat/tables/qcatalog/dim5/dir.4-1;1/ordnung.96/(1)^1(2)^8(4)^8/group.890	96	8495c2dcf1e6b690bb601ca3955cce42	1	19
carat/tables/qcatalog/dim5/dir.4-1';1/ordnung.16/(1)^1(4)^6(8)^2/group.762	16	f99acd5e76b5129a3fc9e75fac8324f0	1	7
carat/tables/qcatalog/dim5/dir.4-1';1/ordnung.16/(1)^1(4)^6(8)^2/group.763	16	7175bc54d26f794ca0f14d5fc9ee206a	1	7
carat/tables/qcatalog/dim5/dir.4-1';1/ordnung.32/(1)^1(4)^6(8)^2/group.764	32	619aa46d148be23ecdab719d90112168	1	14
carat/tables/qcatalog/dim5/dir.4-1';1/ordnung.8/(1)^1(4)^2(8)^2/min.141	8	1f3b0fd7485c98ad58c44ac969673b23	1	8
carat/tables/qcatalog/dim5/dir.4-1';1/ordnung.8/(1)^1(4)^2(8)^2/min.142	8	c4858ea393feef2d75769221da3cba03	1	8
carat/tables/qcatalog/dim5/dir.4-1;1/ordnung.1152/(1)^7(2)^8(4)^2/group.765	1152	fa6095254205d3a2542c859e74d0fdcc	1	46
carat/tables/qcatalog/dim5/dir.4-1;1/ordnung.1152/(1)^9(2)^8/group.766	1152	a28a063c887246cbc640f416610faaf9	1	25
carat/tables/qcatalog/dim5/dir.4-1;1/ordnung.1152/(1)^9(2)^8/group.767	1152	3825b704521cea0f785482ac5cd45a8d	1	25
carat/tables/qcatalog/dim5/dir.4-1;1/ordnung.1152/(1)^9(2)^8/group.768	1152	59bd0cf7c499bd74d86ce12344760da2	1	40
carat/tables/qcatalog/dim5/dir.4-1;1/ordnung.1152/(1)^9(2)^8/group.769	1152	674964f940890997493cf437ab7f9e35	1	25
carat/tables/qcatalog/dim5/dir.4-1;1/ordnung.128/(1)^1(2)^10(4)^6/group.770	128	abcc84f3a68687a132be8cac36be9f93	1	20
carat/tables/qcatalog/dim5/dir.4-1;1/ordnung.128/(1)^1(2)^10(4)^6/group.771	128	99697627a96144c951688c31b7d81cd3	1	20
carat/tables/qcatalog/dim5/dir.4-1;1/ordnung.128/(1)^1(2)^10(4)^6/group.772	128	2a766161ea77a36d8de2b5112861774f	1	20
carat/tables/qcatalog/dim5/dir.4-1;1/ordnung.128/(1)^1(2)^10(4)^6/group.773	128	2d79b4930a73a1dd43fa80603d724d17	1	20
carat/tables/qcatalog/dim5/dir.4-1;1/ordnung.128/(1)^1(2)^10(4)^6/group.774	128	87389496128230735df21b74505707fd	1	20
carat/tables/qcatalog/dim5/dir.4-1;1/ordnung.128/(1)^1(2)^10(4)^6/group.775	128	720770f9f78a8a8f37e90be1a6159931	1	20
carat/tables/qcatalog/dim5/dir.4-1;1/ordnung.128/(1)^1(2)^6(4)^10/group.776	128	22b78cf461b702565f11c92614b97768	1	32
carat/tables/qcatalog/dim5/dir.4-1;1/ordnung.128/(1)^1(2)^6(4)^10/group.777	128	25b1f7de9b871b62c916d40a2ce9708c	1	32
carat/tables/qcatalog/dim5/dir.4-1;1/ordnung.128/(1)^1(2)^6(4)^10/group.778	128	5168b303a2c2889880cb6ebc4a0460b2	1	26
carat/tables/qcatalog/dim5/dir.4-1;1/ordnung.128/(1)^1(2)^6(4)^10/group.779	128	46bc37d6b56a10a4af5061bd6139848e	1	26
carat/tables/qcatalog/dim5/dir.4-2;1/ordnung.144/(1)^9(3)^8/group.925	144	24474215019456a4b1a7bff5a5c66efe	1	24
carat/tables/qcatalog/dim5/dir.4-2;1/ordnung.18/(1)^1(3)^6(9)^2/min.157	18	74584ecd271bae5015d4a7e59952467a	1	9
carat/tables/qcatalog/dim5/dir.4-2;1/ordnung.18/(1)^1(3)^6(9)^2/min.158	18	9d7e7263084724ac29838bfaccf29ff6	1	9
carat/tables/qcatalog/dim5/dir.4-2;1/ordnung.24/(1)^1(2)^2(6)^2/group.926	24	d9f75fb2f3397d257cad8948b35900af	1	12
carat/tables/qcatalog/dim5/dir.4-2;1/ordnung.24/(1)^1(2)^4(6)^4/group.927	24	612754163e6e84f1a132e50be48f4c3b	1	9
carat/tables/qcatalog/dim5/dir.4-2;1/ordnung.24/(1)^1(2)^4(6)^4/group.928	24	d0f6f8310d97516d7e42ecb7d51a372f	1	9
carat/tables/qcatalog/dim5/dir.4-2;1/ordnung.24/(1)^1(2)^4(6)^4/group.929	24	23457e473025fee3b11969aa8d31be05	1	9
carat/tables/qcatalog/dim5/dir.4-2;1/ordnung.24/(1)^1(2)^4(6)^4/group.930	24	3ab2c07a2d37285f048e1838a3513779	1	9
carat/tables/qcatalog/dim5/dir.4-2;1/ordnung.24/(1)^1(2)^4(6)^4/group.931	24	a522b57e45fc31cd9a9b7d0d63a5fd57	1	12
carat/tables/qcatalog/dim5/dir.4-2;1/ordnung.24/(1)^1(2)^4(6)^4/group.932	24	e201ac700df3d43521e4dfb408025eff	1	12
carat/tables/qcatalog/dim5/dir.4-2;1/ordnung.24/(1)^1(2)^4(6)^4/group.933	24	5b819b4f216aadf5f59dba7a2d9db70f	1	12
carat/tables/qcatalog/dim5/dir.4-2;1/ordnung.24/(1)^1(2)^4(6)^4/group.934	24	b2a7d2f45dfb448563081d71f5e292ef	1	12
carat/tables/qcatalog/dim5/dir.4-2;1/ordnung.24/(1)^1(2)^4(6)^4/min.159	24	44c671bf9c131f3f79f57b9fb89b3d2d	1	15
carat/tables/qcatalog/dim5/dir.4-2;1/ordnung.24/(1)^1(2)^4(6)^4/min.160	24	dd8006f7d2b7653bc4e30a08e897a3f9	1	15
carat/tables/qcatalog/dim5/dir.4-2;1/ordnung.24/(1)^1(2)^4(6)^4/min.161	24	cfe1691a6cf01633e82c43def63820e1	1	15
carat/tables/qcatalog/dim5/dir.4-2;1/ordnung.288/(1)^7(3)^8(9)^2/group.935	288	34d9157de5700825fd70a54f2e8f5087	1	36
carat/tables/qcatalog/dim5/dir.4-2;1/ordnung.288/(1)^7(3)^8(9)^2/group.936	288	417804c165d5b079ba7c816ee51a6ec3	1	36
carat/tables/qcatalog/dim5/dir.4-2;1/ordnung.288/(1)^9(3)^8/group.937	288	f1094ce0b3b05b875a4ed2818efb0141	1	27
carat/tables/qcatalog/dim5/dir.4-2;1/ordnung.288/(1)^9(3)^8/group.938	288	3d6aae86cc781475615e6b0bd7f88b6f	1	27
carat/tables/qcatalog/dim5/dir.4-2;1/ordnung.288/(1)^9(3)^8/group.939	288	9125a368688e500954def68962499963	1	27
carat/tables/qcatalog/dim5/dir.4-2;1/ordnung.144/(1)^6(3)^8(9)^3/group.905	144	694e4a0a1b9c8cf8bdf365e888205ade	1	18
carat/tables/qcatalog/dim5/dir.4-2;1/ordnung.144/(1)^7(3)^8(9)^2/group.906	144	741e41228e280d727685c853efad1588	1	18
carat/tables/qcatalog/dim5/dir.4-2;1/ordnung.144/(1)^7(3)^8(9)^2/group.907	144	15c2fc00a4cc5a161a7fcf4deefb5854	1	18
carat/tables/qcatalog/dim5/dir.4-2;1/ordnung.144/(1)^7(3)^8(9)^2/group.908	144	f7c0e92a046574fad470da5d0b15bf70	1	18
carat/tables/qcatalog/dim5/dir.4-2;1/ordnung.144/(1)^7(3)^8(9)^2/group.909	144	311a52953a4f606c165957d7eca52532	1	18
carat/tables/qcatalog/dim5/dir.4-2;1/ordnung.144/(1)^7(3)^8(9)^2/group.910	144	4d7fb8685c7babb435310eea7a6db612	1	18
carat/tables/qcatalog/dim5/dir.4-2;1/ordnung.144/(1)^7(3)^8(9)^2/group.911	144	379ff8c0b0c9043aa2c822cba8a97268	1	18
carat/tables/qcatalog/dim5/dir.4-2;1/ordnung.144/(1)^7(3)^8(9)^2/group.912	144	1e298eede8695558745979f07acaeebe	1	18
carat/tables/qcatalog/dim5/dir.4-2;1/ordnung.144/(1)^7(3)^8(9)^2/group.913	144	952cb13e07db93a4ba0e39b105dfd232	1	18
carat/tables/qcatalog/dim5/dir.4-2;1/ordnung.144/(1)^7(3)^8(9)^2/group.914	144	5345b2f7443dd78c5e0de68a7223838a	1	18
carat/tables/qcatalog/dim5/dir.4-2;1/ordnung.144/(1)^7(3)^8(9)^2/group.915	144	671e377d0c315c5c04d8d5a47381ee72	1	18
carat/tables/qcatalog/dim5/dir.4-2;1/ordnung.144/(1)^7(3)^8(9)^2/group.916	144	54f1ca035c520f1c64638fe461b4938a	1	18
carat/tables/qcatalog/dim5/dir.4-2;1/ordnung.144/(1)^9(3)^8/group.917	144	d3358b021d760a486fb37c1afda8e762	1	24
carat/tables/qcatalog/dim5/dir.4-2;1/ordnung.144/(1)^9(3)^8/group.918	144	929cc3710abe8996bf77cb79e2f9869c	1	18
carat/tables/qcatalog/dim5/dir.4-2;1/ordnung.144/(1)^9(3)^8/group.919	144	34a27e54209d26ae21202097552c09a4	1	18
carat/tables/qcatalog/dim5/dir.4-2;1/ordnung.144/(1)^9(3)^8/group.920	144	7500be9959c0e0a6764d2d029f604dcc	1	18
carat/tables/qcatalog/dim5/dir.4-2;1/ordnung.144/(1)^9(3)^8/group.921	144	8f0f08fd0286e3083e08736d699d7f7a	1	24
carat/tables/qcatalog/dim5/dir.4-2;1/ordnung.144/(1)^9(3)^8/group.922	144	1d66e3e7d6a79ce877f9a3b86832a042	1	24
carat/tables/qcatalog/dim5/dir.4-2;1/ordnung.144/(1)^9(3)^8/group.923	144	0bbfb4ab5796ff88c3b6242f68e9434a	1	24
carat/tables/qcatalog/dim5/dir.4-2;1/ordnung.144/(1)^9(3)^8/group.924	144	51d6cb8e623067cc3c4780886eb9ae1e	1	24
carat/tables/qcatalog/dim5/dir.4-3';1/ordnung.10/(1)^2(5)^6(25)^1/group.997	10	c705acd12baa7354c380e13caacafe8a	1	4
carat/tables/qcatalog/dim5/dir.4-3';1/ordnung.10/(5)^5/group.998	10	0dd61082ee47eaf4bd7b4bc4ea139fda	1	10
carat/tables/qcatalog/dim5/dir.4-3';1/ordnung.20/(1)^2(5)^3/group.999	20	4b64dd7ac9345e4ba6166cfba75794c1	1	20
carat/tables/qcatalog/dim5/dir.4-3';1/ordnung.20/(1)^2(5)^6(25)^1/group.1000	20	57668ae525dae55565c7785f443e4ba3	1	8
carat/tables/qcatalog/dim5/dir.4-3';1/ordnung.20/(1)^3(5)^6/group.1001	20	88a4b0ff8760f5b3604092c0a186a759	1	8
carat/tables/qcatalog/dim5/dir.4-3';1/ordnung.20/(1)^3(5)^6/group.1002	20	c2b2bd9bc33df8c7ce46a25024e24b05	1	8
carat/tables/qcatalog/dim5/dir.4-3';1/ordnung.20/(1)^3(5)^6/group.1003	20	b412559458be2ab3d384e5a3549a60c9	1	8
carat/tables/qcatalog/dim5/dir.4-3';1/ordnung.40/(1)^3(5)^6/group.1004	40	16de03474f7ba00f75647e366281a359	1	16
carat/tables/qcatalog/dim5/dir.4-3';1/ordnung.5/(5)^5/min.164	5	a690ff5374b35691b6057fda75b842bf	1	5
carat/tables/qcatalog/dim5/dir.4-3;1/ordnung.120/(1)^10(5)^6(25)^1/group.1005	120	7a390cef230239e00e0eda1b9ef83666	1	10
carat/tables/qcatalog/dim5/dir.4-3;1/ordnung.120/(1)^10(5)^6(25)^1/group.1006	120	2576cc810d136932f20f2f01d1de3394	1	7
carat/tables/qcatalog/dim5/dir.4-3;1/ordnung.120/(1)^10(5)^6(25)^1/group.1007	120	6b160346dd96474ac68f9227af08709c	1	7
carat/tables/qcatalog/dim5/dir.4-3;1/ordnung.120/(1)^11(5)^6/group.1008	120	dffc14c807f9535ca3a5278068d61f72	1	10
carat/tables/qcatalog/dim5/dir.4-3;1/ordnung.120/(1)^11(5)^6/group.1009	120	1e69a7cea9ff4872abe14506b27fed14	1	7
carat/tables/qcatalog/dim5/dir.4-3;1/ordnung.120/(1)^11(5)^6/group.1010	120	c81a7e2b14161604fe1bb77da1cbd09a	1	10
carat/tables/qcatalog/dim5/dir.4-3;1/ordnung.120/(1)^11(5)^6/group.1011	120	8229db765e6171c2914fa3f6b3a28c84	1	7
carat/tables/qcatalog/dim5/dir.4-3;1/ordnung.20/(1)^4(5)^12(25)^1/min.165	20	fb3a3841cc9d949b0647df850405aacd	1	5
carat/tables/qcatalog/dim5/dir.4-3;1/ordnung.20/(1)^4(5)^12(25)^1/min.166	20	b388d27c25eb46e394ff2ccd255e6d55	1	5
carat/tables/qcatalog/dim5/dir.4-3;1/ordnung.240/(1)^10(5)^6(25)^1/group.1012	240	4d8aa5d5ac842e24b623e83daed60aaa	1	14
carat/tables/qcatalog/dim5/dir.4-3;1/ordnung.240/(1)^11(5)^6/group.1013	240	c880f175ea67cc5180ab882723beacd7	1	20
carat/tables/qcatalog/dim5/dir.4-2;1/ordnung.288/(1)^9(3)^8/group.940	288	ba06234dfcc477d5c557bb1b8b9e5017	1	27
carat/tables/qcatalog/dim5/dir.4-2;1/ordnung.288/(1)^9(3)^8/group.941	288	0ad81baab24203d7e7d6ef94dab33829	1	27
carat/tables/qcatalog/dim5/dir.4-2;1/ordnung.288/(1)^9(3)^8/group.942	288	b17d279d5fa6dad3fd3d93938c0a0905	1	27
carat/tables/qcatalog/dim5/dir.4-2;1/ordnung.288/(1)^9(3)^8/group.943	288	a3a73ca3f0e31b85f0f3b46ff64264e7	1	36
carat/tables/qcatalog/dim5/dir.4-2;1/ordnung.288/(1)^9(3)^8/group.944	288	5709d773f6fe54476973db36bed503e5	1	48
carat/tables/qcatalog/dim5/dir.4-2;1/ordnung.36/(1)^1(3)^6(9)^2/group.945	36	6c7bcf14b632b48c0926c31c7aec6c3a	1	18
carat/tables/qcatalog/dim5/dir.4-2;1/ordnung.36/(1)^3(3)^4(9)^2/group.946	36	ad7d9bfff93f374e7b95b4e2fbc5a06c	1	18
carat/tables/qcatalog/dim5/dir.4-2;1/ordnung.36/(1)^3(3)^4(9)^2/group.947	36	9daf7b481047d0d243ce6112f8a16db0	1	18
carat/tables/qcatalog/dim5/dir.4-2;1/ordnung.36/(1)^3(3)^4(9)^2/group.948	36	5640ee1524c510064d3ff4bf42fe32d4	1	18
carat/tables/qcatalog/dim5/dir.4-2;1/ordnung.36/(1)^3(3)^4(9)^2/group.949	36	24e769ef3a69b89e2236bcf3c41a09dc	1	18
carat/tables/qcatalog/dim5/dir.4-2;1/ordnung.36/(1)^3(3)^4(9)^2/group.950	36	724bc82f2e4cb7701f905371ad3668ee	1	18
carat/tables/qcatalog/dim5/dir.4-2;1/ordnung.36/(1)^4(3)^8(9)^5/group.951	36	c4e13c09ca7cf4c4f921edde976dca3a	1	9
carat/tables/qcatalog/dim5/dir.4-2;1/ordnung.36/(1)^4(3)^8(9)^5/group.952	36	2aead01b00e3be6c2e3c73ec2c7e91ba	1	9
carat/tables/qcatalog/dim5/dir.4-2;1/ordnung.36/(1)^4(3)^8(9)^5/group.953	36	56eff501b2c17edebd8a71c6533bd484	1	9
carat/tables/qcatalog/dim5/dir.4-2;1/ordnung.36/(1)^4(3)^8(9)^5/min.162	36	3c32dbebfb4bc6701f9cc329127a2faa	1	6
carat/tables/qcatalog/dim5/dir.4-2;1/ordnung.36/(1)^4(3)^8(9)^5/min.163	36	d062f980b8c28540e1e8170840b0f30a	1	6
carat/tables/qcatalog/dim5/dir.4-2;1/ordnung.48/(1)^1(2)^4(6)^4/group.954	48	cee867b5b2cea6553d0754d5608e696b	1	18
carat/tables/qcatalog/dim5/dir.4-2;1/ordnung.48/(1)^1(2)^4(6)^4/group.955	48	316456a2c720ca37bf1b903dd486cb19	1	30
carat/tables/qcatalog/dim5/dir.4-2;1/ordnung.48/(1)^1(2)^4(6)^4/group.956	48	3bcb5a2b55978787dd75db716890adc5	1	24
carat/tables/qcatalog/dim5/dir.4-2;1/ordnung.48/(1)^1(2)^8(6)^8/group.957	48	501c75f66f972bcd3ce9f7e1a2ac8b23	1	15
carat/tables/qcatalog/dim5/dir.4-2;1/ordnung.72/(1)^5(3)^8(9)^4/group.977	72	7e2baf9e135dfc04f145f1da6165ecd2	1	18
carat/tables/qcatalog/dim5/dir.4-2;1/ordnung.72/(1)^5(3)^8(9)^4/group.978	72	c4ced5f859cd33482909ee793cd62846	1	18
carat/tables/qcatalog/dim5/dir.4-2;1/ordnung.72/(1)^5(3)^8(9)^4/group.979	72	eb1fb622abb0525cc30a6cf04948da42	1	15
carat/tables/qcatalog/dim5/dir.4-2;1/ordnung.72/(1)^5(3)^8(9)^4/group.980	72	f86929e3f718f29249ffaf11573a5088	1	15
carat/tables/qcatalog/dim5/dir.4-2;1/ordnung.72/(1)^5(3)^8(9)^4/group.981	72	857e275aacdbfb242daf5c2e26f82b12	1	15
carat/tables/qcatalog/dim5/dir.4-2;1/ordnung.72/(1)^5(3)^8(9)^4/group.982	72	766a8fda2c55995e5b6d920da6d1bb04	1	15
carat/tables/qcatalog/dim5/dir.4-2;1/ordnung.72/(1)^5(3)^8(9)^4/group.983	72	91574c7c7122a41cf99b316fc41c0de2	1	18
carat/tables/qcatalog/dim5/dir.4-2;1/ordnung.72/(1)^5(3)^8(9)^4/group.984	72	091bf8fba6fdda26d5aadcc9080ecca0	1	12
carat/tables/qcatalog/dim5/dir.4-2;1/ordnung.72/(1)^6(3)^8(9)^3/group.985	72	71401588139f872534275b2e34b78bd7	1	9
carat/tables/qcatalog/dim5/dir.4-2;1/ordnung.72/(1)^6(3)^8(9)^3/group.986	72	7e62f23bb12610ab4e7e60cca869bfbd	1	9
carat/tables/qcatalog/dim5/dir.4-2;1/ordnung.72/(1)^6(3)^8(9)^3/group.987	72	4ace7701935dbee356b116597878bcfd	1	9
carat/tables/qcatalog/dim5/dir.4-2;1/ordnung.72/(1)^6(3)^8(9)^3/group.988	72	468f229c764a8e45ead82d37beefcd17	1	9
carat/tables/qcatalog/dim5/dir.4-2;1/ordnung.72/(1)^7(3)^8(9)^2/group.989	72	df35bd7af8962c876124fa0c9cbf29c1	1	9
carat/tables/qcatalog/dim5/dir.4-2;1/ordnung.72/(1)^7(3)^8(9)^2/group.990	72	1e2565850359f8e1fd6976285439ae33	1	9
carat/tables/qcatalog/dim5/dir.4-2;1/ordnung.72/(1)^7(3)^8(9)^2/group.991	72	f5e16cf9fa6ebb5122fd113ce8bd7f43	1	9
carat/tables/qcatalog/dim5/dir.4-2;1/ordnung.72/(1)^7(3)^8(9)^2/group.992	72	28f4deeeb7332e433d52734b2c28d155	1	9
carat/tables/qcatalog/dim5/dir.4-2;1/ordnung.96/(1)^1(2)^8(6)^8/group.993	96	a9305b60088d591e952564a710db4188	1	30
carat/tables/qcatalog/dim5/dir.4-3';1/ordnung.10/(1)^2(5)^3/group.994	10	42856586533ead48205eb5774ca539fe	1	10
carat/tables/qcatalog/dim5/dir.4-3';1/ordnung.10/(1)^2(5)^3/group.995	10	4b67df236de5efe4ef8da97cddc7ffaa	1	10
carat/tables/qcatalog/dim5/dir.4-3';1/ordnung.10/(1)^2(5)^6(25)^1/group.996	10	24e5b13940b5ac04502b57467962ac3a	1	4
carat/tables/qcatalog/dim5/dir.4-2;1/ordnung.48/(1)^1(2)^8(6)^8/group.958	48	8c24b2441d9911b75c15d1b0ed4e16bd	1	15
carat/tables/qcatalog/dim5/dir.4-2;1/ordnung.48/(1)^1(2)^8(6)^8/group.959	48	01d42b5a9e355209a4cec567fa17b4f7	1	15
carat/tables/qcatalog/dim5/dir.4-2;1/ordnung.48/(1)^1(2)^8(6)^8/group.960	48	3871bde154c9de85300c5739e27a642b	1	15
carat/tables/qcatalog/dim5/dir.4-2;1/ordnung.48/(1)^1(2)^8(6)^8/group.961	48	0812864e2661d69f000d0ed0ba2da535	1	15
carat/tables/qcatalog/dim5/dir.4-2;1/ordnung.48/(1)^1(2)^8(6)^8/group.962	48	32334c0039c5692f44898b71eacc407d	1	15
carat/tables/qcatalog/dim5/dir.4-2;1/ordnung.576/(1)^9(3)^8/max.12	576	8e9c288799948157143d8c77a8e9f305	1	54
carat/tables/qcatalog/dim5/dir.4-2;1/ordnung.72/(1)^3(3)^4(9)^2/group.963	72	4c2d3d3d7ba770a2d7377f657c33b310	1	36
carat/tables/qcatalog/dim5/dir.4-2;1/ordnung.72/(1)^3(3)^4(9)^2/group.964	72	211bfbb9610104025cb0ba06a06194a0	1	36
carat/tables/qcatalog/dim5/dir.4-2;1/ordnung.72/(1)^4(3)^8(9)^5/group.965	72	86ed9e5d8f3ca02a60e9c5cf22d5a648	1	18
carat/tables/qcatalog/dim5/dir.4-2;1/ordnung.72/(1)^4(3)^8(9)^5/group.966	72	cd40da9051b87232be7fa83d77a0c8bc	1	12
carat/tables/qcatalog/dim5/dir.4-2;1/ordnung.72/(1)^5(3)^4/group.967	72	424f7172a078113c0acb6a847252ce32	1	27
carat/tables/qcatalog/dim5/dir.4-2;1/ordnung.72/(1)^5(3)^4/group.968	72	ce1fa3554db743a669079eb5c1fe9e6c	1	27
carat/tables/qcatalog/dim5/dir.4-2;1/ordnung.72/(1)^5(3)^4/group.969	72	9c18bff143eaf56ce400bdd9f2fbf1aa	1	27
carat/tables/qcatalog/dim5/dir.4-2;1/ordnung.72/(1)^5(3)^4/group.970	72	60c6fb079d6d8abea854aa7e93685294	1	27
carat/tables/qcatalog/dim5/dir.4-2;1/ordnung.72/(1)^5(3)^8(9)^4/group.971	72	50a11d36626c688ccb8f396a71bd3cca	1	18
carat/tables/qcatalog/dim5/dir.4-2;1/ordnung.72/(1)^5(3)^8(9)^4/group.972	72	8b633207bb2f69182cdf4ad61406889a	1	12
carat/tables/qcatalog/dim5/dir.4-2;1/ordnung.72/(1)^5(3)^8(9)^4/group.973	72	5d7df4b9c6d1e130abe29501d83e55c2	1	12
carat/tables/qcatalog/dim5/dir.4-2;1/ordnung.72/(1)^5(3)^8(9)^4/group.974	72	7afd67e0f3d0c16075736fdfd226333e	1	18
carat/tables/qcatalog/dim5/dir.4-2;1/ordnung.72/(1)^5(3)^8(9)^4/group.975	72	ad735ebf7edc31888b31093c5a206d26	1	18
carat/tables/qcatalog/dim5/dir.4-2;1/ordnung.72/(1)^5(3)^8(9)^4/group.976	72	d1879169fd262eacf58514851908ecca	1	18
carat/tables/qcatalog/dim5/dir.4-3;1/ordnung.240/(1)^11(5)^6/group.1014	240	3ceb9e7b34e43bc0f2b0ecab71f6579e	1	14
carat/tables/qcatalog/dim5/dir.4-3;1/ordnung.240/(1)^11(5)^6/group.1015	240	7b488b92667956d4c22a7231281b90e2	1	14
carat/tables/qcatalog/dim5/dir.4-3;1/ordnung.240/(1)^11(5)^6/group.1016	240	9a6ba43a2549f9acf2e0618080f41c22	1	14
carat/tables/qcatalog/dim5/dir.4-3;1/ordnung.240/(1)^11(5)^6/group.1017	240	4d88318cce61ae802919a34250173a86	1	14
carat/tables/qcatalog/dim5/dir.4-3;1/ordnung.240/(1)^11(5)^6/group.1018	240	21cb4388ada38afce431c1837ff5d49a	1	14
carat/tables/qcatalog/dim5/dir.4-3;1/ordnung.40/(1)^4(5)^12(25)^1/group.1019	40	6beb0c712f093fde441d55d4007086a0	1	10
carat/tables/qcatalog/dim5/dir.4-3;1/ordnung.40/(1)^5(5)^12/group.1020	40	6f5abf5ebf087bd6f43d1fabca602040	1	10
carat/tables/qcatalog/dim5/dir.4-3;1/ordnung.40/(1)^5(5)^12/group.1021	40	285e7361f73693c42ac1c93e311e892e	1	10
carat/tables/qcatalog/dim5/dir.4-3;1/ordnung.40/(1)^5(5)^12/group.1022	40	92b46279d723d066d4e423f96a9c9d90	1	10
carat/tables/qcatalog/dim5/dir.4-3;1/ordnung.480/(1)^11(5)^6/max.13	480	9bb3fffcf5fcee501c20ac2d5178c962	1	28
carat/tables/qcatalog/dim5/dir.4-3;1/ordnung.60/(1)^10(5)^6(25)^1/min.167	60	acd21bc865807986a34296fa85618684	1	5
carat/tables/qcatalog/dim5/dir.4-3;1/ordnung.80/(1)^5(5)^12/group.1023	80	1bfed5d33639aeba18eafd84c59cb36c	1	20
carat/tables/qcatalog/dim5/dir.5-1/ordnung.160/(1)^5(4)^20/group.1024	160	db2b497cd74dbd9d13d5ae56d49d9d5f	0	16
carat/tables/qcatalog/dim5/dir.5-1/ordnung.160/(1)^9(4)^16/group.1025	160	1e291dc63d6030bdbf9526636c9ed03f	0	10
carat/tables/qcatalog/dim5/dir.5-1/ordnung.160/(1)^9(4)^16/group.1026	160	0823936a944468f91ce7ecfdb3ea4223	0	10
carat/tables/qcatalog/dim5/dir.5-1/ordnung.1920/(1)^17(4)^8/group.1027	1920	119679c6c4fc82315ecb5f4eaa5e865b	0	24
carat/tables/qcatalog/dim5/dir.5-1/ordnung.1920/(1)^17(4)^8/group.1028	1920	ce4ea614a862ec5ef2e7c15ba68cac94	0	18
carat/tables/qcatalog/dim5/dir.5-1/ordnung.1920/(1)^17(4)^8/group.1029	1920	3c4184a45b7bb73e4f69eb59815524f4	0	18
carat/tables/qcatalog/dim5/dir.5-1/ordnung.320/(1)^17(4)^8/group.1030	320	a6578ba1b678392cd242e387af32e7e2	0	11
carat/tables/qcatalog/dim5/dir.5-1/ordnung.320/(1)^17(4)^8/group.1031	320	a9e85d17acedd1cc1fd5efd4c091f622	0	11
carat/tables/qcatalog/dim5/dir.5-1/ordnung.320/(1)^9(4)^16/group.1032	320	e4929b966b5c7047cf28b5eaef4fae65	0	20
carat/tables/qcatalog/dim5/dir.5-1/ordnung.3840/(1)^17(4)^8/max.14	3840	7fa31e976803b064b50f330c48c50d66	0	36
carat/tables/qcatalog/dim5/dir.5-1/ordnung.640/(1)^17(4)^8/group.1033	640	053cd3565b3e41639a081fd1d0b54afd	0	22
carat/tables/qcatalog/dim5/dir.5-1/ordnung.80/(1)^5(4)^20/min.168	80	96d4ed859f03b3515638bc3975eaf8a3	0	8
carat/tables/qcatalog/dim5/dir.5-1/ordnung.960/(1)^17(4)^8/group.1034	960	2fd129c030475bba9b35fefc3c80cc8c	0	12
carat/tables/qcatalog/dim5/dir.5-2/ordnung.120/(1)^17(6)^8/group.1035	120	d3e7a8d420fdc82751f0111d08a3caa9	0	7
carat/tables/qcatalog/dim5/dir.5-2/ordnung.120/(1)^17(6)^8/group.1036	120	03a001b6e8a2e8bbe888dc9ab5d3b405	0	7
carat/tables/qcatalog/dim5/dir.5-2/ordnung.120/(1)^9(2)^8(12)^8/group.1037	120	913c08ddf892bb19da32ac4469d3bb9f	0	10
carat/tables/qcatalog/dim5/dir.5-2/ordnung.1440/(1)^17(6)^8/max.15	1440	cf4acdaa73777af001ac274f0a1c4e1a	0	22
carat/tables/qcatalog/dim5/dir.5-2/ordnung.240/(1)^17(6)^8/group.1038	240	18ee79bf3d3506a1a6cd8fda3941475f	0	14
carat/tables/qcatalog/dim5/dir.5-2/ordnung.360/(1)^17(6)^8/group.1039	360	2ba6cba7b7ea4a405aaaffc2011160ae	0	7
carat/tables/qcatalog/dim5/dir.5-2/ordnung.60/(1)^9(2)^8(12)^8/min.169	60	ed1018358c9644ab85e41f2d3dcbe889	0	5
carat/tables/qcatalog/dim5/dir.5-2/ordnung.720/(1)^17(6)^8/group.1040	720	32fd82ec66d95774064574d617b2ee9a	0	11
carat/tables/qcatalog/dim5/dir.5-2/ordnung.720/(1)^17(6)^8/group.1041	720	c6bcf4e96590a70cf62a2ab8a382dd32	0	11
carat/tables/qcatalog/dim5/dir.5-2/ordnung.720/(1)^17(6)^8/group.1042	720	c215be9a61ef9078fdcee3b957ab8a62	0	14
