1c1c1c1c1c1__group.1043__Z1	2	1	1	1	0	0	trivial
1c1c1c1c1c1__min.170__Z1	1	1	1	1	0	0	trivial
1c1c1c1s1c1__group.1045__Z1	4	2x2x2x2x2x2	4	4	0	0	explicit
1c1c1s1s1s1__min.183__Z1	4	2x2x2x2x2x2x2x2x2	14	14	0	0	explicit
1c1s1c1s1c1__min.185__Z1	4	2x2x2x2x2x2	4	4	0	0	explicit
1c1c1s1s1s1__min.183__Z10	4	2x2x2x2x2	6	6	0	0	explicit
1c1c1s1s1s1__min.184__Z10	4	2x2x2x2x2	9	9	0	0	explicit
1c1c1s1s1s1__min.184__Z2	4	2x2x2x2x2	16	16	0	0	explicit
1c1c1c1s1c1__min.174__Z3	2	1	1	1	0	0	trivial
1c1c1s1s1s1__min.183__Z19	4	2x2x2x2	3	3	0	0	explicit
1c1s1c1s1c1__min.185__Z10	4	2	2	2	0	0	explicit
1c1c1s1s1s1__min.184__Z20	4	2x2x2	3	3	0	0	explicit
1c1c1s1s1s1__group.1050__Z1	8	2x2x2x2x2x2x2x2x2x2x2x2	68	68	0	0	explicit
1c1s1c1s1c1__min.185__Z11	4	1	1	1	0	0	trivial
1c1s1c1s1c1__min.185__Z8	4	1	1	1	0	0	trivial
1c1c1s1s1s1__min.183__Z2	4	2x2x2x2x2x2x2	19	19	0	0	explicit
1c1c1s1s1s1__min.183__Z3	4	2x2x2x2x2x2x2	8	8	0	0	explicit
1c1s1c1s1c1__min.185__Z12	4	2x2	2	2	0	0	explicit
1c1s1c1s1c1__min.186__Z17	4	2x2x2x2	4	4	0	0	explicit
1c1c1s1s1s1__min.184__Z11	4	2x2x2	6	6	0	0	explicit
1c1c1s1s1s1__min.183__Z4	4	2x2x2x2x2x2	12	12	0	0	explicit
1c1c1s1s1s1__min.183__Z5	4	2x2x2x2x2x2	3	3	0	0	explicit
1c1c1s1s1s1__group.1050__Z18	8	2x2x2	4	4	0	0	explicit
1c1s1c1s1c1__min.185__Z2	4	2x2x2x2	6	6	0	0	explicit
1c1c1s1s1s1__min.183__Z6	4	2x2x2x2x2x2	5	5	0	0	explicit
1c1c1s1s1s1__min.183__Z11	4	2x2x2x2	8	8	0	0	explicit
1c1s1c1s1c1__min.186__Z2	4	2x2x2x2x2x2	13	13	0	0	explicit
1c1c1s1s1s1__group.1050__Z10	8	2x2x2x2x2x2	8	8	0	0	explicit
1c1s1c1s1c1__group.1055__Z11	8	2x2x2	4	4	0	0	explicit
1c1c1s1s1s1__min.184__Z29	4	2x2	2	2	0	0	explicit
1c1c1s1s1s1__min.183__Z12	4	2x2x2x2x2x2x2	6	6	0	0	explicit
1c1c1s1s1s1__min.184__Z3	4	2x2x2x2x2	6	6	0	0	explicit
1c1s1c1s1c1__min.185__Z3	4	2x2x2	4	4	0	0	explicit
1c1c1s1s1s1__min.184__Z12	4	2x2x2x2x2	12	12	0	0	explicit
1c1c1s1s1s1__min.183__Z7	4	2x2x2x2x2x2x2	16	16	0	0	explicit
1c1s1c1s1c1__min.185__Z4	4	2x2	2	2	0	0	explicit
1c1s1c1s1c1__min.186__Z3	4	2x2x2x2x2x2	20	20	0	0	explicit
1c1s1s1s1s1__group.1062__Z10	16	2x2x2x2x2x2x2x2x2x2	288	288	0	0	explicit
1c1c1s1s1s1__min.184__Z4	4	2x2x2x2	6	6	0	0	explicit
1c1c1s1s1s1__min.183__Z13	4	2x2x2x2x2	6	6	0	0	explicit
1c1c1s1s1s1__min.184__Z21	4	2x2	3	3	0	0	explicit
1c1s1c1s1c1__min.185__Z5	4	2x2x2x2	5	5	0	0	explicit
1c1s1c1s1c1__min.185__Z9	4	2x2	3	3	0	0	explicit
1c1s1c1s1c1__min.186__Z1	4	2x2x2x2x2x2x2x2	13	13	0	0	explicit
1c1s1c1s1c1__min.186__Z4	4	2x2x2x2x2	12	12	0	0	explicit
1c1s1c1s1c1__group.1055__Z12	8	2x2x2x2x2x2	7	7	0	0	explicit
1c1c1s1s1s1__min.184__Z5	4	2x2x2x2x2	9	9	0	0	explicit
1c1c1c1s1c1__group.1045__Z2	4	2x2x2x2	4	4	0	0	explicit
1c1s1s1s1s1__group.1062__Z11	16	2x2x2x2x2x2x2x2x2x2	384	384	0	0	explicit
1c1s1c1s1c1__min.186__Z5	4	2x2x2x2	4	4	0	0	explicit
1c1c1s1s1s1__min.183__Z14	4	2x2x4	4	4	0	0	explicit
1c1c1s1s1s1__min.184__Z6	4	2x2x2x2x2	8	8	0	0	explicit
1c1c1s1s1s1__min.183__Z15	4	2x2x2x2x2x2x2	10	10	0	0	explicit
1c1s1c1s1c1__min.186__Z10	4	2x2x2x2	6	6	0	0	explicit
1c1s1c1s1c1__min.185__Z6	4	2x2	3	3	0	0	explicit
1c1c1s1s1s1__group.1050__Z11	8	2x2x2x2	8	8	0	0	explicit
1c1c1s1s1s1__group.1050__Z19	8	2x2x2x2	3	3	0	0	explicit
1c1c1s1s1s1__group.1050__Z12	8	2x2x2x2x2x2x2x2x2	14	14	0	0	explicit
1c1c1s1s1s1__min.184__Z22	4	2x2x2	4	4	0	0	explicit
1c1s1c1s1c1__min.186__Z6	4	2x2x2x2x2x2	16	16	0	0	explicit
1c1s1s1s1s1__group.1062__Z12	16	2x2x2x2x2x2x2x2x2x2	336	336	0	0	explicit
1c1c1s1s1s1__min.184__Z13	4	2x2x2	6	6	0	0	explicit
1c1c1s1s1s1__min.183__Z8	4	2x2x2x2x2	12	12	0	0	explicit
1c1c1s1s1s1__group.1050__Z13	8	2x2x2x2x2x2	12	12	0	0	explicit
1c1c1s1s1s1__min.184__Z7	4	2x2x2x2	6	6	0	0	explicit
1c1c1s1s1s1__min.184__Z8	4	2x2x2x2	4	4	0	0	explicit
1c1c1s1s1s1__min.184__Z14	4	2x2x2	4	4	0	0	explicit
1c1c1s1s1s1__min.183__Z9	4	2x2x2x2x2	6	6	0	0	explicit
1c1s1c1s1c1__group.1055__Z2	8	2x2x2x2x2x2x2x2x2	59	59	0	0	explicit
1c1s1c1s1c1__min.186__Z11	4	2x2x2	5	5	0	0	explicit
1c1c1s1s1s1__min.184__Z1	4	2x2x2x2x2x2x2	20	20	0	0	explicit
1c1s1c1s1c1__min.185__Z7	4	2	2	2	0	0	explicit
1c1c1s1s1s1__min.183__Z16	4	2x2x2x2x2	12	12	0	0	explicit
1c1c1s1s1s1__min.184__Z9	4	2x2x2x2	5	5	0	0	explicit
1c1c1s1s1s1__group.1050__Z2	8	2x2x2x2x2x2x2x2x2	66	66	0	0	explicit
1c1s1s1s1s1__group.1062__Z13	16	2x2x2x2x2x2x2	64	64	0	0	explicit
1c1s1c1s1c1__min.186__Z7	4	2x2x2x2	12	12	0	0	explicit
1c1c1s1s1s1__min.184__Z15	4	2x2x2	3	3	0	0	explicit
1c1c1s1s1s1__min.184__Z23	4	2	2	2	0	0	explicit
1c1c1s1s1s1__group.1050__Z14	8	2x2x2	3	3	0	0	explicit
1c1c1s1s1s1__group.1050__Z3	8	2x2x2x2x2x2x2x2x2	26	26	0	0	explicit
1c1s1s1s1s1__group.1062__Z14	16	2x2x2x2x2x2x2	32	32	0	0	explicit
1c1s1c1s1c1__group.1055__Z1	8	2x2x2x2x2x2x2x2x2x2x2x2	30	30	0	0	explicit
1c1s1c1s1c1__min.186__Z12	4	2x2	2	2	0	0	explicit
1c1c1s1s1s1__group.1050__Z15	8	2x2x2x2x2x2x2x2x2	26	26	0	0	explicit
1c1c1s1s1s1__min.184__Z24	4	2x2x2x2x2	9	9	0	0	explicit
1c1s1c1s1c1__group.1055__Z3	8	2x2x2x2x2x2x2	20	20	0	0	explicit
1c1s1s1s1s1__group.1062__Z15	16	2x2x2x2x2x2x2	32	32	0	0	explicit
1c1c1s1s1s1__group.1050__Z4	8	2x2x2x2x2x2x2	19	19	0	0	explicit
1c1c1s1s1s1__group.1050__Z5	8	2x2x2x2x2x2x2	6	6	0	0	explicit
1c1s1c1s1c1__min.186__Z8	4	2x2x2	5	5	0	0	explicit
1c1s1s1s1s1__group.1062__Z38	16	2x2x2x2x2x2x2x2x2x2	320	320	0	0	explicit
1c1s1s1s1s1__group.1062__Z16	16	2x2x2x2x2	8	8	0	0	explicit
1c1c1s1s1s1__group.1050__Z6	8	2x2x2x2x2x2x2	10	10	0	0	explicit
1c1s1c1s1c1__group.1055__Z4	8	2x2x2x2x2x2	8	8	0	0	explicit
1c1s1c1s1c1__min.186__Z9	4	2x2x2x2	4	4	0	0	explicit
1c1s1c1s1c1__min.186__Z13	4	2x2x2x2	7	7	0	0	explicit
1c1c1s1s1s1__min.183__Z17	4	2x2x2x2x2	6	6	0	0	explicit
1c1s1s1s1s1__group.1062__Z39	16	2x2x2x2x2x2	40	40	0	0	explicit
1c1c1s1s1s1__group.1050__Z16	8	2x2x2x2x2x2	24	24	0	0	explicit
1c1c1s1s1s1__min.184__Z25	4	2x2x2	5	5	0	0	explicit
1c1c1s1s1s1__group.1050__Z7	8	2x2x2x2x2x2x2x2x2	54	54	0	0	explicit
1c1c1s1s1s1__min.183__Z18	4	2x2x2	4	4	0	0	explicit
1c1s1s1s1s1__group.1062__Z29	16	2x2x2x2x2x2x2x2x2x2	544	544	0	0	explicit
1c1s1c1s1c1__group.1055__Z10	8	2x2x2x2	6	6	0	0	explicit
1c1s1c1s1c1__min.186__Z14	4	2x2x2x2	9	9	0	0	explicit
1c1s1s1s1s1__group.1062__Z1	16	2x2x2x2x2x2x2x2x2x2x2x2x2x2x2x2x2x2	2862	2862	0	0	burnside
1c1s1c1s1c1__group.1055__Z5	8	2x2x2x2x2x2x2x2x2	36	36	0	0	explicit
1c1c1s1s1s1__min.184__Z16	4	2x2	3	3	0	0	explicit
1c1s1s1s1s1__group.1062__Z2	16	2x2x2x2x2x2x2x2x2x2x2x2x2x2	1840	1840	0	0	explicit
1c1s1s1s1s1__group.1062__Z4	16	2x2x2x2x2x2x2x2x2x2x2	388	388	0	0	explicit
1c1c1s1s1s1__min.184__Z17	4	2x2x2	3	3	0	0	explicit
1c1c1s1s1s1__group.1050__Z17	8	2x2x2x2x2x2	9	9	0	0	explicit
1c1c1s1s1s1__min.184__Z18	4	2x2x2x2x2	6	6	0	0	explicit
1c1s1c1s1c1__min.186__Z15	4	2x2x2	4	4	0	0	explicit
1c1s1s1s1s1__group.1062__Z20	16	2x2x2x2x2x2x2	56	56	0	0	explicit
1c1s1s1s1s1__group.1062__Z47	16	2x2x2x2x2x2x2x2x2x2	188	188	0	0	explicit
1c1c1s1s1s1__group.1050__Z8	8	2x2x2x2x2x2	21	21	0	0	explicit
1c1c1s1s1s1__min.184__Z19	4	2x2x2	3	3	0	0	explicit
1c1s1s1s1s1__group.1062__Z8	16	2x2x2x2x2x2x2x2x2	42	42	0	0	explicit
1c1s1s1s1s1__min.189__Z15	8	2x2x2x2x2x2x2	72	72	0	0	explicit
1c1c1s1s1s1__group.1050__Z9	8	2x2x2x2x2x2	12	12	0	0	explicit
1c1s1s1s1s1__group.1062__Z40	16	2x2x2x2x2x2	40	40	0	0	explicit
1c1c1s1s1s1__min.184__Z26	4	2x2x2	6	6	0	0	explicit
1c1s1s1s1s1__min.189__Z24	8	2x2x2x2x2x2x2	96	96	0	0	explicit
1c1s1s1s1s1__group.1062__Z48	16	2x2x2x2x2x2x2x2x2x2	162	162	0	0	explicit
1c1s1s1s1s1__min.189__Z16	8	2x2x2x2x2x2x2	56	56	0	0	explicit
1c1s1c1s1c1__min.186__Z16	4	2x2	3	3	0	0	explicit
1c1s1s1s1s1__min.189__Z25	8	2x2x2x2x2x2x2	80	80	0	0	explicit
1c1s1s1s1s1__min.189__Z33	8	2x2x2x2x2x2x2x2x2x2	184	184	0	0	explicit
1c1s1s1s1s1__min.189__Z17	8	2x2x2x2x2x2x2	56	56	0	0	explicit
1c1s1s1s1s1__group.1062__Z21	16	2x2x2x2x2x2x2x2x2x2	95	95	0	0	explicit
1c1s1s1s1s1__min.189__Z26	8	2x2x2x2x2	24	24	0	0	explicit
1c1s1s1s1s1__min.189__Z34	8	2x2x2x2x2x2x2	96	96	0	0	explicit
1c1s1c1s1c1__group.1055__Z6	8	2x2x2x2x2x2	21	21	0	0	explicit
1c1s1s1s1s1__min.189__Z18	8	2x2x2x2x2	20	20	0	0	explicit
1c1s1s1s1s1__min.189__Z27	8	2x2x2x2x2x2x2	64	64	0	0	explicit
1c1s1s1s1s1__min.189__Z19	8	2x2x2x2x2	8	8	0	0	explicit
1c1s1s1s1s1__group.1062__Z22	16	2x2x2x2x2x2x2	48	48	0	0	explicit
1c1s1s1s1s1__min.189__Z42	8	2x2x2x2x2	13	13	0	0	explicit
1c1s1s1s1s1__min.189__Z35	8	2x2x2x2x2x2x2	32	32	0	0	explicit
1c1s1s1s1s1__min.189__Z51	8	2x2x2x4	12	12	0	0	explicit
1c1c1s1s1s1__min.184__Z27	4	2x2x2	4	4	0	0	explicit
1c1s1s1s1s1__group.1062__Z49	16	2x2x2x2x2x2x2x2x2x2	288	288	0	0	explicit
1c1s1s1s1s1__min.189__Z36	8	2x2x2x2x2	20	20	0	0	explicit
1c1s1s1s1s1__group.1062__Z23	16	2x2x2x2x2x2	20	20	0	0	explicit
1c1s1s1s1s1__min.189__Z52	8	2x2x2x2	12	12	0	0	explicit
1c1s1s1s1s1__min.189__Z43	8	2x2x2	8	8	0	0	explicit
1c1s1s1s1s1__min.189__Z37	8	2x2x2x2x2x2x2	32	32	0	0	explicit
1c1s1s1s1s1__min.189__Z28	8	2x2x2x2x2x2x2	64	64	0	0	explicit
1c1s1s1s1s1__min.189__Z53	8	2x4	5	5	0	0	explicit
1c1s1s1s1s1__group.1062__Z24	16	2x2x2x2x2x2x2	27	27	0	0	explicit
1c1s1s1s1s1__group.1062__Z17	16	2x2x2x2x2x2x2x2x2x2x2x2x2x2	756	756	0	0	explicit
1c1s1s1s1s1__group.1062__Z5	16	2x2x2x2x2x2x2x2x2x2x2	144	144	0	0	explicit
1c1s1s1s1s1__min.189__Z2	8	2x2x2x2x2x2x2x2x2x2	140	140	0	0	explicit
1c1s1s1s1s1__group.1062__Z50	16	2x2x2x2x2x2x2	10	10	0	0	explicit
1c1s1s1s1s1__min.189__Z38	8	2x2x2x2x2	20	20	0	0	explicit
1c1s1s1s1s1__group.1062__Z25	16	2x2x2x2	10	10	0	0	explicit
1c1s1s1s1s1__min.189__Z44	8	2x2x2x2	10	10	0	0	explicit
1c1s1s1s1s1__min.189__Z29	8	2x2x2x2x2	24	24	0	0	explicit
1c1s1c1s1c1__group.1055__Z7	8	2x2x2x2	8	8	0	0	explicit
1c1s1s1s1s1__min.189__Z20	8	2x2x2x2x2	8	8	0	0	explicit
1c1s1s1s1s1__group.1062__Z51	16	2x2x2x2x2	6	6	0	0	explicit
1c1s1s1s1s1__min.189__Z39	8	2x2x2x2x2x2x2	56	56	0	0	explicit
1c1s1s1s1s1__min.189__Z21	8	2x2x2x2	4	4	0	0	explicit
1c1s1s1s1s1__group.1062__Z18	16	2x2x2x2x2x2x2x2x2x2	384	384	0	0	explicit
1c1s1s1s1s1__min.189__Z54	8	2x2x2x2x2x2x2x2x2x2	352	352	0	0	explicit
1c1s1s1s1s1__group.1062__Z41	16	2x2x2x2x2x2x2x2x2x2x2x2x2x2	254	254	0	0	explicit
1c1s1s1s1s1__group.1062__Z52	16	2x2x2x2x2x2x2	16	16	0	0	explicit
1c1s1c1s1c1__group.1055__Z8	8	2x2	2	2	0	0	explicit
1c1s1s1s1s1__group.1062__Z26	16	2x2x2x2x2x2	28	28	0	0	explicit
1c1c1s1s1s1__min.184__Z28	4	2	2	2	0	0	explicit
1c1s1s1s1s1__group.1062__Z19	16	2x2x2x2x2x2x2x2x2x2	82	82	0	0	explicit
1c1s1s1s1s1__min.189__Z3	8	2x2x2x2x2x2x2x2x2x2	416	416	0	0	explicit
1c1s1s1s1s1__min.189__Z4	8	2x2x2x2x2x2x2x2x2x2	184	184	0	0	explicit
1c1s1s1s1s1__min.189__Z45	8	2x2x2x2	10	10	0	0	explicit
1c1s1s1s1s1__group.1062__Z42	16	2x2x2x2x2x2x2x2x2x2	140	140	0	0	explicit
1c1s1s1s1s1__min.189__Z22	8	2x2x2x2x2x2x2x2x2x2	384	384	0	0	explicit
1c1s1s1s1s1__min.189__Z40	8	2x2x2x2	12	12	0	0	explicit
1c1s1s1s1s1__min.189__Z46	8	2x2	4	4	0	0	explicit
1c1s1s1s1s1__min.189__Z30	8	2x2x2x2x2	20	20	0	0	explicit
1c1s1s1s1s1__min.189__Z55	8	2x2x2x2x2x2x2	128	128	0	0	explicit
1c1c1c1s1c1__group.1045__Z3	4	2x2	2	2	0	0	explicit
1c1c1c1s1c1__min.173__Z1	2	2x2x2x2	2	2	0	0	explicit
1c1s1s1s1s1__group.1062__Z3	16	2x2x2x2x2x2x2x2x2x2x2x2x2x2	1184	1184	0	0	explicit
1c1s1s1s1s1__group.1062__Z27	16	2x2x2	5	5	0	0	explicit
1c1s1s1s1s1__min.189__Z23	8	2x2x2x2x2x2x2	80	80	0	0	explicit
1c1s1s1s1s1__group.1062__Z53	16	2x2x2x2x2	6	6	0	0	explicit
1c1s1s1s1s1__min.189__Z47	8	2x2x2x2x2x2x2x2x2x2	80	80	0	0	explicit
1c1s1s1s1s1__min.189__Z41	8	2x2x2x2x2	16	16	0	0	explicit
1c1s1s1s1s1__min.189__Z31	8	2x2x2x2x2	20	20	0	0	explicit
1c1s1s1s1s1__group.1062__Z43	16	2x2x2x2x2x2x2x2x2x2	136	136	0	0	explicit
1c1s1s1s1s1__min.189__Z56	8	2x2x2x2x2x2x2	56	56	0	0	explicit
1c1s1s1s1s1__group.1062__Z6	16	2x2x2x2x2x2x2x2x2	88	88	0	0	explicit
1c1s1s1s1s1__min.189__Z32	8	2x2x2x2	10	10	0	0	explicit
1c1s1s1s1s1__min.189__Z48	8	2x2x2x2x2x2x2	64	64	0	0	explicit
1c1s1s1s1s1__group.1062__Z30	16	2x2x2x2x2x2x2x2x2x2	240	240	0	0	explicit
1c1s1s1s1s1__min.189__Z57	8	2x2x2x2x2x2x2	56	56	0	0	explicit
1c1s1s1s1s1__group.1062__Z44	16	2x2x2x2x2x2	28	28	0	0	explicit
1c1s1s1s1s1__group.1062__Z7	16	2x2x2x2x2x2x2x2x2x2x2	57	57	0	0	explicit
1c1s1s1s1s1__min.189__Z49	8	2x2x2x2x2x2x2	26	26	0	0	explicit
1c1s1s1s1s1__min.189__Z60	8	2x2x2x2x2x2x2	80	80	0	0	explicit
1c1s1s1s1s1__min.189__Z7	8	2x2x2x2x2x2x2x2	128	128	0	0	explicit
1c1s1s1s1s1__group.1062__Z45	16	2x2x2x2x2x2	12	12	0	0	explicit
1c1s1s1s1s1__min.189__Z58	8	2x2x2x2x2	20	20	0	0	explicit
1c1s1s1s1s1__min.189__Z61	8	2x2x2x2	12	12	0	0	explicit
1c1s1c1s1c1__group.1055__Z9	8	2x2x2x2x2x2	21	21	0	0	explicit
1c1c1c1s1c1__min.173__Z2	2	2x2x2	2	2	0	0	explicit
1c1s1s1s1s1__min.189__Z70	8	2x2x2x2x2x2x2	80	80	0	0	explicit
1c1s1s1s1s1__min.189__Z5	8	2x2x2x2x2x2x2x2	86	86	0	0	explicit
1c1s1s1s1s1__min.189__Z79	8	2x2x2x2x2x2x2	80	80	0	0	explicit
1c1s1s1s1s1__min.189__Z62	8	2x2x2x2	12	12	0	0	explicit
1c1s1s1s1s1__group.1062__Z31	16	2x2x2x2x2x2x2x2x2x2	196	196	0	0	explicit
1c1s1s1s1s1__min.189__Z59	8	2x2x2x2x2x2x2	80	80	0	0	explicit
1c1s1s1s1s1__min.190__Z16	8	2x2x2x2x2x2x2x2x2	116	116	0	0	explicit
1c1s1s1s1s1__min.189__Z71	8	2x2x2x2x2x2x2	56	56	0	0	explicit
1c1s1s1s1s1__min.189__Z63	8	2x2x2x2	12	12	0	0	explicit
1c1s1s1s1s1__min.189__Z88	8	2x2x2x2	12	12	0	0	explicit
1c1s1s1s1s1__min.189__Z8	8	2x2x2x2x2x2x2x2	64	64	0	0	explicit
1c1s1s1s1s1__min.190__Z25	8	2x2x2x2x2x2	48	48	0	0	explicit
1c1s1s1s1s1__min.189__Z50	8	2x2x2x2x2	16	16	0	0	explicit
1c1s1s1s1s1__min.189__Z97	8	2x2x2x2x2x2x2	72	72	0	0	explicit
1c1s1s1s1s1__min.189__Z64	8	2x2x2x2	12	12	0	0	explicit
1c1s1s1s1s1__min.189__Z80	8	2x2x2x2	16	16	0	0	explicit
1c1s1s1s1s1__min.190__Z17	8	2x2x2x2x2x2	24	24	0	0	explicit
1c1s1s1s1s1__group.1062__Z32	16	2x2x2x2x2x2x2	48	48	0	0	explicit
1c1s1s1s1s1__min.189__Z72	8	2x2x2x2x2x2x2	48	48	0	0	explicit
1c1s1s1s1s1__min.190__Z26	8	2x2x2x2x2x2	12	12	0	0	explicit
1c1s1s1s1s1__min.189__Z89	8	2x2x2x2x2x2x2	22	22	0	0	explicit
1c1s1s1s1s1__min.189__Z98	8	2x2x2x2x2	6	6	0	0	explicit
1c1s1s1s1s1__min.189__Z65	8	2x2x2x2x2x2x2	22	22	0	0	explicit
1c1s1s1s1s1__min.190__Z18	8	2x2x2x2x2x2	48	48	0	0	explicit
1c1s1s1s1s1__min.190__Z27	8	2x2x2x2	10	10	0	0	explicit
1c1s1s1s1s1__min.189__Z73	8	2x2x2x2x2	20	20	0	0	explicit
1c1s1s1s1s1__min.189__Z81	8	2x2x2x2x2x2x2	48	48	0	0	explicit
1c1s1s1s1s1__min.189__Z99	8	2x2x2x2	4	4	0	0	explicit
1c1s1s1s1s1__min.189__Z9	8	2x2x2x2x2x2x2	56	56	0	0	explicit
1c1s1s1s1s1__min.190__Z19	8	2x2x2x2x2x2	40	40	0	0	explicit
1c1s1s1s1s1__min.190__Z28	8	2x2x2x2x2x2	13	13	0	0	explicit
1c1s1s1s1s1__min.189__Z66	8	2x2x2x2x2x2x2	48	48	0	0	explicit
1c1s1s1s1s1__min.189__Z82	8	2x2x2x2	16	16	0	0	explicit
1c1s1s1s1s1__min.189__Z6	8	2x2x2x2x2x2x2x2x2x2	208	208	0	0	explicit
1c1s1s1s1s1__min.189__Z74	8	2x2x2x2x2x2x2	40	40	0	0	explicit
1c1s1s1s1s1__min.190__Z29	8	2x2x2x2	10	10	0	0	explicit
1c1s1s1s1s1__min.189__Z67	8	2x2x2x2	12	12	0	0	explicit
1c1s1s1s1s1__group.1062__Z33	16	2x2x2x2x2x2x2x2x2x2	208	208	0	0	explicit
1c1s1s1s1s1__min.189__Z83	8	2x2x2x2	12	12	0	0	explicit
1c1s1s1s1s1__min.190__Z2	8	2x2x2x2x2x2x2x2x2	216	216	0	0	explicit
1c1s1s1s1s1__min.189__Z75	8	2x2x2x2	12	12	0	0	explicit
1c1s1s1s1s1__min.190__Z1	8	2x2x2x2x2x2x2x2x2x2x2x2	205	205	0	0	explicit
1c1s1s1s1s1__min.190__Z34	8	2x2x2	6	6	0	0	explicit
1c1s1s1s1s1__min.190__Z20	8	2x2x2x2	12	12	0	0	explicit
1c1s1s1s1s1__min.189__Z68	8	2x2x2x2	12	12	0	0	explicit
1c1s1s1s1s1__min.189__Z76	8	2x2x2x2	16	16	0	0	explicit
1c1s1s1s1s1__min.189__Z90	8	2x2x2x2	12	12	0	0	explicit
1c1s1s1s1s1__group.1062__Z46	16	2x2x2x2x2x2x2x2x2x2x2x2x2x2	488	488	0	0	explicit
1c1s1s1s1s1__min.189__Z84	8	2x2x2x2	12	12	0	0	explicit
1c1s1s1s1s1__group.1062__Z34	16	2x2x2x2x2x2	28	28	0	0	explicit
1c1s1s1s1s1__min.190__Z10	8	2x2x2x2x2x2	17	17	0	0	explicit
1c1s1s1s1s1__min.190__Z43	8	2	2	2	0	0	explicit
1c1s1s1s1s1__min.190__Z21	8	2x2x2x2	12	12	0	0	explicit
1c1s1s1s1s1__min.189__Z77	8	2x2x2x2	12	12	0	0	explicit
1c1s1s1s1s1__min.190__Z35	8	2	2	2	0	0	explicit
1c1s1s1s1s1__min.190__Z3	8	2x2x2x2x2x2x2x2x2	92	92	0	0	explicit
1c1s1s1s1s1__min.189__Z85	8	2x2x2x2x2x2x2x2x2x2	80	80	0	0	explicit
1c1s1s1s1s1__min.190__Z36	8	2x2x2x2x2x2	13	13	0	0	explicit
1c1s1s1s1s1__min.189__Z69	8	2x2x2x2x2x2x2x2x2x2	140	140	0	0	explicit
1c1s1s1s1s1__min.190__Z22	8	2x2x2x2	12	12	0	0	explicit
1c1s1s1s1s1__min.190__Z11	8	2x2x2x2x2x2x2x2x2	176	176	0	0	explicit
1c1s1s1s1s1__min.189__Z91	8	2x2x2x2	8	8	0	0	explicit
1c1s1s1s1s1__min.190__Z44	8	2x2x2x2x2x2x2x2x2	184	184	0	0	explicit
1c1s1s1s1s1__min.189__Z78	8	2x2x2x2x2x2x2	56	56	0	0	explicit
1c1s1s1s1s1__min.190__Z37	8	2x2x2x2	12	12	0	0	explicit
1c1s1s1s1s1__group.1062__Z35	16	2x2x2x2x2x2	40	40	0	0	explicit
1c1s1s1s1s1__min.189__Z86	8	2x2x2x2x2x2x2	56	56	0	0	explicit
1c1s1s1s1s1__min.190__Z23	8	2x2x2	5	5	0	0	explicit
1c1s1s1s1s1__min.190__Z12	8	2x2x2x2x2x2	36	36	0	0	explicit
1c1s1s1s1s1__min.190__Z38	8	2x2x2x2x2x2	15	15	0	0	explicit
1c1s1s1s1s1__min.190__Z30	8	2x2x2x2x2x2	36	36	0	0	explicit
1c1s1s1s1s1__min.190__Z45	8	2x2x2x2x2x2	64	64	0	0	explicit
1c1s1s1s1s1__min.189__Z92	8	2x2x2x2x2x2x2x2x2x2	140	140	0	0	explicit
1c1s1s1s1s1__min.190__Z39	8	2x2x2x2	10	10	0	0	explicit
1c1s1s1s1s1__min.189__Z87	8	2x2x2x2x2x2x2	56	56	0	0	explicit
1c1s1s1s1s1__group.1062__Z28	16	2x2x2x2x2x2x2x2x2x2x2x2x2x2	1668	1668	0	0	explicit
1c1s1s1s1s1__min.190__Z24	8	2x2x2x2x2x2x2x2x2	100	100	0	0	explicit
1c1s1s1s1s1__group.1062__Z36	16	2x2x2x2x2x2	28	28	0	0	explicit
1c1s1s1s1s1__min.190__Z31	8	2x2x2	6	6	0	0	explicit
1c1s1s1s1s1__min.190__Z52	8	2x2x2	8	8	0	0	explicit
1c1s1s1s1s1__min.190__Z13	8	2x2x2x2x2x2	36	36	0	0	explicit
1c1s1s1s1s1__min.189__Z93	8	2x2x2x2x2x2x2	72	72	0	0	explicit
1c1s1s1s1s1__min.190__Z61	8	2x2x2x2x2x2	40	40	0	0	explicit
1c1s1s1s1s1__min.190__Z46	8	2x2x2x2x2x2	28	28	0	0	explicit
1c1s1s1s1s1__group.1062__Z9	16	2x2x2x2x2x2x2x2x2x2x2x2x2x2	2560	2560	0	0	explicit
1c1s1s1s1s1__min.190__Z4	8	2x2x2x2x2x2x2	56	56	0	0	explicit
1c1s1s1s1s1__min.190__Z32	8	2x2x2x2	7	7	0	0	explicit
1c1s1s1s1s1__group.1062__Z37	16	2x2x2x2x2x2x2x2x2x2	140	140	0	0	explicit
1c1s1s1s1s1__min.190__Z70	8	2x2x2	6	6	0	0	explicit
1c1s1s1s1s1__min.190__Z40	8	2x2x2x2	7	7	0	0	explicit
1c1s1s1s1s1__min.189__Z94	8	2x2x2x2x2x2x2	80	80	0	0	explicit
1c1s1s1s1s1__min.190__Z47	8	2x2x2x2x2x2	24	24	0	0	explicit
1c1s1s1s1s1__min.191__Z13	8	2x2x2x2x2x2	32	32	0	0	explicit
1c1s1s1s1s1__min.190__Z53	8	2x2x2	6	6	0	0	explicit
1c1s1s1s1s1__min.191__Z22	8	2x2x2x2x2x2	24	24	0	0	explicit
1c1s1s1s1s1__min.191__Z14	8	2x2x2x2x2x2	16	16	0	0	explicit
1c1s1s1s1s1__min.190__Z8	8	2x2x2x2x2x2	32	32	0	0	explicit
1c1s1s1s1s1__min.190__Z41	8	2x2	3	3	0	0	explicit
1c1s1s1s1s1__min.190__Z71	8	2x2x2x2x2x2	18	18	0	0	explicit
1c1s1s1s1s1__min.191__Z15	8	2x2x2x2x2x2	16	16	0	0	explicit
1c1s1s1s1s1__min.190__Z62	8	2x2x2	6	6	0	0	explicit
1c1s1s1s1s1__min.190__Z80	8	2x2x2x2	4	4	0	0	explicit
1c1s1s1s1s1__min.190__Z48	8	2x2x2x2	10	10	0	0	explicit
1c1s1s1s1s1__min.191__Z23	8	2x2x2x2x2	10	10	0	0	explicit
1c1s1s1s1s1__min.190__Z14	8	2x2x2x2x2x2	30	30	0	0	explicit
1c1s1s1s1s1__min.191__Z16	8	2x2x2x2x2	8	8	0	0	explicit
1c1s1s1s1s1__min.190__Z42	8	2x2x2	6	6	0	0	explicit
1c1s1s1s1s1__min.189__Z95	8	2x2x2x2x2x2x2	80	80	0	0	explicit
1c1s1s1s1s1__min.190__Z33	8	2x2	3	3	0	0	explicit
1c1s1s1s1s1__min.190__Z63	8	2x2x2x2	10	10	0	0	explicit
1c1s1s1s1s1__min.190__Z72	8	2x2x2	6	6	0	0	explicit
1c1s1s1s1s1__min.190__Z81	8	2x2x2	5	5	0	0	explicit
1c1s1s1s1s1__min.191__Z24	8	2x2x2x2x2x2	17	17	0	0	explicit
1c1s1s1s1s1__min.189__Z96	8	2x2x2x2x2x2x2	30	30	0	0	explicit
1c1s1s1s1s1__min.190__Z54	8	2x2x2x2x2x2	28	28	0	0	explicit
1c1s1s1s1s1__min.190__Z15	8	2x2x2x2	12	12	0	0	explicit
1c1s1s1s1s1__min.191__Z17	8	2x2x2x2x2x2x2x2x2x2x2	110	110	0	0	explicit
1c1s1s1s1s1__min.191__Z31	8	2x2x2x2x2x2x2x2	56	56	0	0	explicit
1c1s1s1s1s1__min.191__Z25	8	2x2x2x2	10	10	0	0	explicit
1c1s1s1s1s1__min.190__Z82	8	2x2x2x2	7	7	0	0	explicit
1c1s1s1s1s1__min.190__Z49	8	2x2x2x2x2x2	40	40	0	0	explicit
1c1s1s1s1s1__min.190__Z64	8	2x2x2	6	6	0	0	explicit
1c1s1s1s1s1__min.190__Z73	8	2x2x2	5	5	0	0	explicit
1c1s1s1s1s1__min.190__Z55	8	2x2x2	6	6	0	0	explicit
1c1s1s1s1s1__min.191__Z26	8	2x2x2x2x4	20	20	0	0	explicit
1c1s1s1s1s1__min.191__Z18	8	2x2x2x2x2x2x2x2	96	96	0	0	explicit
1c1s1s1s1s1__min.191__Z32	8	2x2x2x2x2x2	24	24	0	0	explicit
1c1s1s1s1s1__min.190__Z5	8	2x2x2x2x2x2x2x2x2	70	70	0	0	explicit
1c1s1s1s1s1__min.190__Z65	8	2x2x2	8	8	0	0	explicit
1c1s1s1s1s1__min.191__Z19	8	2x2x2x2x2x2x2x2	23	23	0	0	explicit
1c1s1s1s1s1__min.190__Z56	8	2x2x2x2x2x2	36	36	0	0	explicit
1c1s1s1s1s1__min.190__Z74	8	2x2x2x2x2x2x2x2x2	68	68	0	0	explicit
1c1s1s1s1s1__min.190__Z83	8	2x2x2	4	4	0	0	explicit
1c1s1s1s1s1__min.191__Z5	8	2x2x2x2x2x2x2x2x2	36	36	0	0	explicit
1c1s1s1s1s1__min.191__Z27	8	2x2x4	7	7	0	0	explicit
1c1s1s1s1s1__min.191__Z33	8	2x2x2x2x2x2x2x2	52	52	0	0	explicit
1c1s1s1s1s1__min.190__Z66	8	2x2x2	8	8	0	0	explicit
1c1s1s1s1s1__min.190__Z9	8	2x2x2x2x2x2x2	17	17	0	0	explicit
1c1s1s1s1s1__min.189__Z1	8	2x2x2x2x2x2x2x2x2x2x2x2x2	528	528	0	0	explicit
1c1s1s1s1s1__min.191__Z50	8	2x2x2x2x2x2	5	5	0	0	explicit
1c1s1s1s1s1__min.190__Z57	8	2x2x2x2x2x2	32	32	0	0	explicit
1c1s1s1s1s1__min.190__Z50	8	2x2x2x2x2x2	36	36	0	0	explicit
1c1s1s1s1s1__min.191__Z2	8	2x2x2x2x2x2x2x2x2x2x2	248	248	0	0	explicit
1c1s1s1s1s1__min.190__Z75	8	2x2x2x2x2x2	40	40	0	0	explicit
1c1s1s1s1s1__min.191__Z34	8	2x2x2x2x2	14	14	0	0	explicit
1c1s1s1s1s1__min.190__Z67	8	2x2x2x2x2x2x2x2x2	44	44	0	0	explicit
1c1s1s1s1s1__min.191__Z40	8	2x2x2x2x2	20	20	0	0	explicit
1c1s1s1s1s1__min.189__Z10	8	2x2x2x2x2x2x2x2	28	28	0	0	explicit
1c1s1s1s1s1__min.191__Z28	8	2x2x2x2x2x2x2x2x2x2x2	226	226	0	0	explicit
1c1s1s1s1s1__min.190__Z51	8	2x2x2	6	6	0	0	explicit
1c1s1s1s1s1__min.190__Z58	8	2x2x2	8	8	0	0	explicit
1c1s1s1s1s1__min.191__Z35	8	2x2x2x2x2	20	20	0	0	explicit
1c1c1c1s1c1__min.173__Z3	2	2x2	2	2	0	0	explicit
1c1s1s1s1s1__min.191__Z51	8	2x2x2x2x2	6	6	0	0	explicit
1c1s1s1s1s1__min.191__Z41	8	2x2x2x2x2x2x2x2x2x2x2	46	46	0	0	explicit
1c1s1s1s1s1__min.190__Z68	8	2x2x2x2x2x2	36	36	0	0	explicit
1c1c1c1s1c1__min.174__Z1	2	2x2	2	2	0	0	explicit
1c1s1s1s1s1__min.189__Z100	8	2x2x2x2x2	8	8	0	0	explicit
1c1s1s1s1s1__min.190__Z76	8	2x2x2x2x2x2	24	24	0	0	explicit
1c1s1s1s1s1__min.191__Z52	8	2x2x2x2x2x2	8	8	0	0	explicit
1c1s1s1s1s1__min.191__Z42	8	2x2x2x2x2x2x2x2	44	44	0	0	explicit
1c1s1s1s1s1__min.191__Z29	8	2x2x2x2x2x2x2x2	136	136	0	0	explicit
1c1s1s1s1s1__min.190__Z59	8	2x2x2x2x2x2	26	26	0	0	explicit
1c1s1s1s1s1__min.191__Z36	8	2x2x2x2x2	14	14	0	0	explicit
1c1s1s1s1s1__min.191__Z20	8	2x2x2x2x2x2	28	28	0	0	explicit
1c1s1s1s1s1__min.191__Z53	8	2x2x2x2x2	6	6	0	0	explicit
1c1s1s1s1s1__min.191__Z37	8	2x2x2x2x2x2x2x2	44	44	0	0	explicit
1c1s1s1s1s1__min.190__Z69	8	2x2x2x2x2x2	21	21	0	0	explicit
1c1s1s1s1s1__min.191__Z43	8	2x2x2x2x2x2x2x2	38	38	0	0	explicit
1c1s1s1s1s1__min.191__Z6	8	2x2x2x2x2x2x2x2	44	44	0	0	explicit
1c1s1s1s1s1__min.189__Z101	8	2x2x2x2	4	4	0	0	explicit
1c1s1s1s1s1__min.190__Z77	8	2x2x2x2x2x2	36	36	0	0	explicit
1c1s1s1s1s1__min.191__Z7	8	2x2x2x2x2x2x2x2x2	19	19	0	0	explicit
1c1s1s1s1s1__min.191__Z38	8	2x2x2x2x2x2x2x2	88	88	0	0	explicit
1c1s1s1s1s1__min.190__Z7	8	2x2x2x2x2x2x2	30	30	0	0	explicit
1c1s1s1s1s1__min.191__Z44	8	2x2x2x2x2	14	14	0	0	explicit
1c1s1s1s1s1__min.191__Z8	8	2x2x2x2x2x2x2x2	22	22	0	0	explicit
1c1s1s1s1s1__min.191__Z3	8	2x2x2x2x2x2x2x2x2x2x2	162	162	0	0	explicit
1c1s1s1s1s1__min.190__Z6	8	2x2x2x2x2x2x2	42	42	0	0	explicit
1c1s1s1s1s1__min.191__Z39	8	2x2x2x2x2	20	20	0	0	explicit
1c1s1s1s1s1__min.189__Z11	8	2x2x2x2x2x2x2	22	22	0	0	explicit
1c1s1s1s1s1__min.191__Z21	8	2x2x2x2x2x2x2x2	29	29	0	0	explicit
1c1s1s1s1s1__min.191__Z45	8	2x2x2x2x2	6	6	0	0	explicit
1c1s1s1s1s1__min.190__Z78	8	2x2x2x2x2x2	17	17	0	0	explicit
1c1s1s1s1s1__min.189__Z12	8	2x2x2x2x2x2x2x2	21	21	0	0	explicit
1c1s1s1s1s1__min.191__Z30	8	2x2x2x2x2x2x2x2	60	60	0	0	explicit
1c1s1s1s1s1__min.191__Z4	8	2x2x2x2x2x2x2x2x2	110	110	0	0	explicit
1c1s1s1s1s1__min.191__Z46	8	2x2x2x2x2x2x2x2x2x2x2	76	76	0	0	explicit
1c1s1s1s1s1__min.191__Z1	8	2x2x2x2x2x2x2x2x2x2x2x2x2x2	209	209	0	0	explicit
1c1s1s1s1s1__min.190__Z60	8	2x2x2	8	8	0	0	explicit
1c1s1s1s1s1__min.189__Z13	8	2x2x2x2x2x2x2	22	22	0	0	explicit
1c1s1s1s1s1__min.191__Z47	8	2x2x2x2x2x2x2x2	52	52	0	0	explicit
1c1s1s1s1s1__min.190__Z79	8	2x2x2x2x2x2	24	24	0	0	explicit
1c1s1s1s1s1__min.191__Z48	8	2x2x2x2x2x2x2x2	43	43	0	0	explicit
1c1s1s1s1s1__min.191__Z10	8	2x2x2x2x2x2x2x2	76	76	0	0	explicit
1s1s1s1s1s1__group.1075__Z10	32	2x2x2x2x2x2x2x2x2x2	200	200	0	0	explicit
1c1c1c1s1c1__min.174__Z2	2	2	2	2	0	0	explicit
1c1s1s1s1s1__min.191__Z11	8	2x2x2x2x2x2x2x2	96	96	0	0	explicit
1s1s1s1s1s1__group.1075__Z29	32	2x2x2x2x2x2x2x2x2	38	38	0	0	explicit
1c1s1s1s1s1__min.189__Z14	8	2x2x2x2x2x2x2x2x2x2	352	352	0	0	explicit
1c1s1s1s1s1__min.191__Z12	8	2x2x2x2x2x2x2x2	84	84	0	0	explicit
1c1s1s1s1s1__min.191__Z49	8	2x2x2x2x2x2x2x2	76	76	0	0	explicit
1c1s1s1s1s1__min.191__Z9	8	2x2x2x2x2x2x2x2x2x2x2	336	336	0	0	explicit
1s1s1s1s1s1__min.196__Z31	16	2x2x2x2x2x2	36	36	0	0	explicit
1s1s1s1s1s1__group.1075__Z2	32	2x2x2x2x2x2x2x2x2x2x2x2x2x2x2x2x2x2x2	12408	12408	0	0	burnside
1s1s1s1s1s1__group.1075__Z4	32	2x2x2x2x2x2x2x2x2x2x2x2	204	204	0	0	explicit
1s1s1s1s1s1__min.196__Z5	16	2x2x2x2x2x2x2x2x2x2x2	110	110	0	0	explicit
1s1s1s1s1s1__group.1075__Z11	32	2x2x2x2x2x2x2x2x2x2	200	200	0	0	explicit
1s1s1s1s1s1__group.1075__Z5	32	2x2x2x2x2x2x2x2x2x2	34	34	0	0	explicit
1s1s1s1s1s1__min.196__Z50	16	2x2x2x2x2x2x2	14	14	0	0	explicit
1s1s1s1s1s1__min.196__Z59	16	2x2x2x2x2x2	32	32	0	0	explicit
1s1s1s1s1s1__min.196__Z22	16	2x2x2x2x2x2x2x2x2x2	352	352	0	0	explicit
1s1s1s1s1s1__min.196__Z13	16	2x2x2x2x2x2x2x2x2x2	320	320	0	0	explicit
1s1s1s1s1s1__group.1075__Z6	32	2x2x2x2x2x2x2x2x2x2	16	16	0	0	explicit
1s1s1s1s1s1__min.196__Z86	16	2x2x2x2	3	3	0	0	explicit
1s1s1s1s1s1__group.1075__Z12	32	2x2x2x2x2x2x2	22	22	0	0	explicit
1s1s1s1s1s1__min.196__Z32	16	2x2x2x2	10	10	0	0	explicit
1s1s1s1s1s1__min.196__Z77	16	2x2x2x2x2x2x2x2x2x2	162	162	0	0	explicit
1s1s1s1s1s1__min.196__Z68	16	2x2x2x2x2x2	24	24	0	0	explicit
1s1s1s1s1s1__min.196__Z51	16	2x2x2x2x2x2x2x2x2x2	576	576	0	0	explicit
1s1s1s1s1s1__min.196__Z6	16	2x2x2x2x2x2x2x2x2	74	74	0	0	explicit
1s1s1s1s1s1__min.196__Z9	16	2x2x2x2x2x2x2x2	13	13	0	0	explicit
1s1s1s1s1s1__group.1075__Z13	32	2x2x2x2x2x2x2	19	19	0	0	explicit
1s1s1s1s1s1__min.196__Z14	16	2x2x2x2x2x2x2x2x2x2	210	210	0	0	explicit
1s1s1s1s1s1__min.196__Z52	16	2x2x2x2x2x2	21	21	0	0	explicit
1s1s1s1s1s1__min.196__Z33	16	2x2x2	8	8	0	0	explicit
1s1s1s1s1s1__min.197__Z1	16	2x2x2x2x2x2x2x2x2x2x2x2x2x2x2x2x2x2x2	4872	4872	0	0	burnside
1s1s1s1s1s1__min.196__Z23	16	2x2x2x2x2x2x2x2x2x2	288	288	0	0	explicit
1s1s1s1s1s1__min.197__Z10	16	2x2x2x2x2x2x2x2x2	18	18	0	0	explicit
1s1s1s1s1s1__min.196__Z60	16	2x2x2x2x2x2	32	32	0	0	explicit
1s1s1s1s1s1__min.196__Z78	16	2x2x2x2x2x2x2x2x2x2	178	178	0	0	explicit
1s1s1s1s1s1__group.1075__Z7	32	2x2x2x2x2x2x2x2x2x2x2x2x2x2x2x2x2x2x2	15880	15880	0	0	burnside
1s1s1s1s1s1__min.196__Z34	16	2x2x2	8	8	0	0	explicit
1s1s1s1s1s1__min.196__Z69	16	2x2x2x2x2x2	24	24	0	0	explicit
1s1s1s1s1s1__min.196__Z53	16	2x2x2x2x2x2	36	36	0	0	explicit
1s1s1s1s1s1__min.196__Z35	16	2x2x2x2	3	3	0	0	explicit
1s1s1s1s1s1__min.196__Z24	16	2x2x2x2x2x2x2x2x2x2	528	528	0	0	explicit
1s1s1s1s1s1__min.196__Z61	16	2x2x2x2x2x2	17	17	0	0	explicit
1s1s1s1s1s1__group.1075__Z14	32	2x2x2x2x2x2x2x2x2	110	110	0	0	explicit
1s1s1s1s1s1__min.196__Z25	16	2x2x2x2x2x2x2	96	96	0	0	explicit
1s1s1s1s1s1__group.1075__Z15	32	2x2x2x2x2x2	10	10	0	0	explicit
1s1s1s1s1s1__min.196__Z15	16	2x2x2x2x2x2x2x2x2x2	400	400	0	0	explicit
1s1s1s1s1s1__min.196__Z62	16	2x2x2x2x2x2	40	40	0	0	explicit
1s1s1s1s1s1__min.196__Z54	16	2x2x2x2x2x2	36	36	0	0	explicit
1s1s1s1s1s1__min.196__Z36	16	2x2x2	4	4	0	0	explicit
1s1s1s1s1s1__min.196__Z7	16	2x2x2x2x2x2x2x2x2	114	114	0	0	explicit
1s1s1s1s1s1__min.196__Z26	16	2x2x2x2x2x2x2	96	96	0	0	explicit
1s1s1s1s1s1__min.196__Z70	16	2x2x2x2x2x2	64	64	0	0	explicit
1s1s1s1s1s1__min.196__Z79	16	2x2x2x2x2x2x2x2x2x2	544	544	0	0	explicit
1s1s1s1s1s1__min.196__Z55	16	2x2x2x2x2x2	36	36	0	0	explicit
1s1s1s1s1s1__min.196__Z16	16	2x2x2x2x2x2x2	72	72	0	0	explicit
1s1s1s1s1s1__min.196__Z37	16	2x2	3	3	0	0	explicit
1s1s1s1s1s1__group.1075__Z16	32	2x2x2x2x2	12	12	0	0	explicit
1s1s1s1s1s1__min.196__Z63	16	2x2x2x2x2x2x2x2x2x2	544	544	0	0	explicit
1s1s1s1s1s1__min.196__Z27	16	2x2x2x2x2	13	13	0	0	explicit
1s1s1s1s1s1__group.1075__Z17	32	2x2x2x2	5	5	0	0	explicit
1s1s1s1s1s1__min.196__Z38	16	2x4	4	4	0	0	explicit
1s1s1s1s1s1__min.196__Z17	16	2x2x2x2x2x2x2	72	72	0	0	explicit
1s1s1s1s1s1__min.196__Z71	16	2x2x2x2x2x2	20	20	0	0	explicit
1s1s1s1s1s1__min.196__Z64	16	2x2x2x2x2x2	21	21	0	0	explicit
1s1s1s1s1s1__min.196__Z8	16	2x2x2x2x2x2x2x2	44	44	0	0	explicit
1s1s1s1s1s1__min.196__Z18	16	2x2x2x2x2x2x2	30	30	0	0	explicit
1s1s1s1s1s1__min.196__Z28	16	2x2x2x2x2	13	13	0	0	explicit
1s1s1s1s1s1__min.196__Z56	16	2x2x2x2x2x2x2x2x2x2	320	320	0	0	explicit
1s1s1s1s1s1__group.1075__Z1	32	2x2x2x2x2x2x2x2x2x2x2x2x2x2x2x2x2x2x2x2x2x2x2x2	25112	25112	0	0	burnside
1s1s1s1s1s1__min.196__Z65	16	2x2x2x2x2x2	48	48	0	0	explicit
1s1s1s1s1s1__min.196__Z29	16	2x2x2x2x2x2	40	40	0	0	explicit
1s1s1s1s1s1__min.196__Z72	16	2x2x2x2x2x2	22	22	0	0	explicit
1s1s1s1s1s1__min.196__Z66	16	2x2x2x2x2x2	13	13	0	0	explicit
1s1s1s1s1s1__min.196__Z19	16	2x2x2x2x2x2x2	30	30	0	0	explicit
1s1s1s1s1s1__min.196__Z57	16	2x2x2x2x2x2	32	32	0	0	explicit
1s1s1s1s1s1__min.196__Z80	16	2x2x2x2x2x2x2x2x2x2	320	320	0	0	explicit
1s1s1s1s1s1__min.196__Z67	16	2x2x2x2x2x2	36	36	0	0	explicit
1s1s1s1s1s1__min.197__Z17	16	2x2x2x2x2x2x2x2x2x2x2	608	608	0	0	explicit
1s1s1s1s1s1__min.196__Z81	16	2x2x2x2x2x2x2x2x2x2	38	38	0	0	explicit
1s1s1s1s1s1__min.197__Z26	16	2x2x2x2x2x2x2	80	80	0	0	explicit
1s1s1s1s1s1__group.1075__Z18	32	2x2x2x2x2x2x2x2x2x2x2x2x2x2x2x2x2x2x2	11808	11808	0	0	burnside
1s1s1s1s1s1__min.196__Z58	16	2x2x2x2x2x2	32	32	0	0	explicit
1s1s1s1s1s1__min.197__Z27	16	2x2x2x2x2	16	16	0	0	explicit
1s1s1s1s1s1__min.197__Z18	16	2x2x2x2x2x2x2x2x2x2x2	576	576	0	0	explicit
1s1s1s1s1s1__min.197__Z19	16	2x2x2x2x2x2x2x2	104	104	0	0	explicit
1s1s1s1s1s1__min.197__Z35	16	2x2x2x2	8	8	0	0	explicit
1s1s1s1s1s1__min.197__Z28	16	2x2x2x4	18	18	0	0	explicit
1s1s1s1s1s1__min.197__Z29	16	2x2x2x2x2x2x2x2	80	80	0	0	explicit
1s1s1s1s1s1__min.196__Z82	16	2x2x2x2x2x2x2x2x2x2	124	124	0	0	explicit
1s1s1s1s1s1__min.197__Z3	16	2x2x2x2x2x2x2x2x2x2x2x2	536	536	0	0	explicit
1s1s1s1s1s1__min.197__Z30	16	2x2x2x2x2x2x2	31	31	0	0	explicit
1s1s1s1s1s1__min.197__Z31	16	2x2x2x2x2x2	11	11	0	0	explicit
1s1s1s1s1s1__min.197__Z32	16	2x2x2x2	8	8	0	0	explicit
1s1s1s1s1s1__min.197__Z33	16	2x2x4	7	7	0	0	explicit
1s1s1s1s1s1__min.197__Z34	16	2x2x2x2x2x2	11	11	0	0	explicit
1s1s1s1s1s1__min.196__Z83	16	2x2x2x2x2x2x2x2x2x2	162	162	0	0	explicit
1s1s1s1s1s1__min.197__Z44	16	2x2x2x2x2x2x2x2x2x2x2	314	314	0	0	explicit
1s1s1s1s1s1__min.197__Z45	16	2x2x2x2x2x2x2x2x2x2x2	608	608	0	0	explicit
1s1s1s1s1s1__min.197__Z11	16	2x2x2x2x2x2x2x2x2x2x2x2x2x2x2	3100	3100	0	0	explicit
1s1s1s1s1s1__min.197__Z46	16	2x2x2x2x2x2x2x2x2x2x2	298	298	0	0	explicit
1s1s1s1s1s1__min.197__Z12	16	2x2x2x2x2x2x2x2x2x2x2	346	346	0	0	explicit
1s1s1s1s1s1__min.197__Z47	16	2x2x2x2x2x2x2	31	31	0	0	explicit
1s1s1s1s1s1__min.196__Z84	16	2x2x2x2x2x2x2x2x2x2	113	113	0	0	explicit
1s1s1s1s1s1__min.197__Z13	16	2x2x2x2x2x2x2x2x2x2x2	656	656	0	0	explicit
1s1s1s1s1s1__min.197__Z14	16	2x2x2x2x2x2x2x2	60	60	0	0	explicit
1s1s1s1s1s1__min.197__Z48	16	2x2x2x2x2x2x2	48	48	0	0	explicit
1s1s1s1s1s1__min.197__Z15	16	2x2x2x2x2x2x2x2	60	60	0	0	explicit
1s1s1s1s1s1__min.197__Z49	16	2x2x2x2x2x2x2	27	27	0	0	explicit
1s1s1s1s1s1__min.197__Z5	16	2x2x2x2x2x2x2x2x2	18	18	0	0	explicit
1s1s1s1s1s1__min.197__Z36	16	2x2x2x2x2x2x2x2x2x2x2x2x2x2x2	1540	1540	0	0	explicit
1s1s1s1s1s1__min.197__Z50	16	2x2x2x2x2x2x2x2x2x2x2	608	608	0	0	explicit
1s1s1s1s1s1__min.197__Z37	16	2x2x2x2x2x2x2x2x2x2x2	242	242	0	0	explicit
1s1s1s1s1s1__min.197__Z51	16	2x2x2x2x2x2x2x2x2x2x2	1088	1088	0	0	explicit
1s1s1s1s1s1__min.197__Z52	16	2x2x2x2x2x2x2	52	52	0	0	explicit
1s1s1s1s1s1__group.1075__Z20	32	2x2x2x2x2x2x2x2x2x2x2x2x2x2	1636	1636	0	0	explicit
1s1s1s1s1s1__min.196__Z40	16	2x2x2x2x2x2x2x2x2x2x2x2x2x2	2244	2244	0	0	explicit
1s1s1s1s1s1__group.1075__Z8	32	2x2x2x2x2x2x2x2x2x2x2x2x2x2	1396	1396	0	0	explicit
1s1s1s1s1s1__min.197__Z53	16	2x2x2x2x2x2x2	48	48	0	0	explicit
1s1s1s1s1s1__min.197__Z38	16	2x2x2x2x2x2x2x2x2x2x2	242	242	0	0	explicit
1s1s1s1s1s1__group.1075__Z21	32	2x2x2x2x2x2x2x2x2x2	80	80	0	0	explicit
1s1s1s1s1s1__min.197__Z54	16	2x2x2x2x2x2x2	72	72	0	0	explicit
1s1s1s1s1s1__min.196__Z85	16	2x2x2x2x2x2x2x2x2x2x2x2x2x2	324	324	0	0	explicit
1s1s1s1s1s1__min.197__Z55	16	2x2x2x2x2x2x2x2	52	52	0	0	explicit
1s1s1s1s1s1__min.197__Z2	16	2x2x2x2x2x2x2x2x2x2x2x2x2x2x2	3100	3100	0	0	explicit
1s1s1s1s1s1__min.197__Z56	16	2x2x2x2x2x2x2	52	52	0	0	explicit
1s1s1s1s1s1__min.197__Z20	16	2x2x2x2x2x2x2x2	104	104	0	0	explicit
1s1s1s1s1s1__min.197__Z62	16	2x2x2x2x2x2x2	80	80	0	0	explicit
1s1s1s1s1s1__min.196__Z41	16	2x2x2x2x2x2x2x2x2x2	576	576	0	0	explicit
1s1s1s1s1s1__min.197__Z21	16	2x2x2x2x2x2	20	20	0	0	explicit
1s1s1s1s1s1__min.197__Z57	16	2x2x2x2x2x2x2	48	48	0	0	explicit
1s1s1s1s1s1__group.1075__Z22	32	2x2x2x2x2x2x2x2x2x2	80	80	0	0	explicit
1s1s1s1s1s1__min.197__Z22	16	2x2x2x2x2x2	20	20	0	0	explicit
1s1s1s1s1s1__min.197__Z58	16	2x2x2x2x2x2x2x2	52	52	0	0	explicit
1s1s1s1s1s1__min.197__Z63	16	2x2x2x2x2x2x2	44	44	0	0	explicit
1s1s1s1s1s1__min.196__Z39	16	2x2x2x2x2x2x2x2x2x2x2x2x2x2	1604	1604	0	0	explicit
1s1s1s1s1s1__min.197__Z23	16	2x2x2x2x2x2x4	52	52	0	0	explicit
1s1s1s1s1s1__min.197__Z59	16	2x2x2x2x2x2x2	52	52	0	0	explicit
1s1s1s1s1s1__min.196__Z42	16	2x2x2x2x2x2x2x2x2x2	544	544	0	0	explicit
1s1s1s1s1s1__min.197__Z24	16	2x2x2x2x2x2x2x2x2x2x2	608	608	0	0	explicit
1s1s1s1s1s1__min.197__Z25	16	2x2x2x2x2x2x2x2	80	80	0	0	explicit
1s1s1s1s1s1__min.196__Z2	16	2x2x2x2x2x2x2x2x2x2x2x2x2x2	1732	1732	0	0	explicit
1s1s1s1s1s1__min.196__Z20	16	2x2x2x2x2	10	10	0	0	explicit
1s1s1s1s1s1__min.196__Z43	16	2x2x2x2x2x2x2x2x2x2	368	368	0	0	explicit
1s1s1s1s1s1__min.197__Z71	16	2x2x2x2x2x2x2x2x2x2x2	226	226	0	0	explicit
1s1s1s1s1s1__min.197__Z64	16	2x2x2x2x2x2x2x2x2x2x2x2x2x2x2	360	360	0	0	explicit
1s1s1s1s1s1__min.196__Z21	16	2x2x2x2x2	10	10	0	0	explicit
1s1s1s1s1s1__min.196__Z4	16	2x2x2x2x2x2x2x2x2x2x2	704	704	0	0	explicit
2-1c2-1s1c1__group.1089__Z3	16	2x2x2x2	5	5	0	0	explicit
2-1c2-1s1c1__group.1089__Z4	16	2x2x2x2x2x2x2x2	46	46	0	0	explicit
1s1s1s1s1s1__min.197__Z72	16	2x2x2x2x2x2x2x2x2x2x2	376	376	0	0	explicit
2-1c2-1s1c1__group.1089__Z5	16	2x2x2x2x2x2	30	30	0	0	explicit
2-1c2-1s1c1__group.1089__Z6	16	2x2x2x2	7	7	0	0	explicit
2-1c2-1s1c1__group.1089__Z7	16	2x2x2x2	6	6	0	0	explicit
2-1c2-1s1c1__group.1089__Z8	16	2x2x2x2x2	8	8	0	0	explicit
2-1c2-1s1c1__min.207__Z4	8	2x2	3	3	0	0	explicit
2-1c2-1s1c1__min.207__Z5	8	2x2x4x4	6	6	0	0	explicit
2-1c2-1s1c1__group.1089__Z9	16	2x2x2x2x2	14	14	0	0	explicit
2-1c2-1s1c1__min.207__Z1	8	2x2x4x4	9	9	0	0	explicit
1s1s1s1s1s1__min.196__Z44	16	2x2x2x2x2x2x2x2x2x2	368	368	0	0	explicit
2-1c2-1s1c1__min.207__Z2	8	2x2x4	8	8	0	0	explicit
2-1c2-1s1c1__min.207__Z3	8	2x4	4	4	0	0	explicit
2-1c2-1s1c1__min.207__Z6	8	2x2x4	8	8	0	0	explicit
2-1c2-1s1c1__min.207__Z7	8	2x2	2	2	0	0	explicit
2-1c2-1s1c1__min.207__Z8	8	4x4	3	3	0	0	explicit
2-1c2-1s1c1__min.207__Z9	8	4x4	5	5	0	0	explicit
2-1c2-1s1c1__min.208__Z1	8	2x2x2x2x2x2	13	13	0	0	explicit
2-1c2-1s1c1__min.208__Z5	8	2x2x2x2x2x2	10	10	0	0	explicit
2-1c2-1s1c1__min.208__Z2	8	2x2x2x2x2	15	15	0	0	explicit
2-1c2-1s1c1__min.208__Z6	8	2x2x2x2x2	15	15	0	0	explicit
1s1s1s1s1s1__min.197__Z73	16	2x2x2x2x2x2x2x2x2x2x2	576	576	0	0	explicit
2-1c2-1s1c1__min.208__Z3	8	2x2x2x2	7	7	0	0	explicit
2-1c2-1s1c1__min.208__Z7	8	2x2x2x2	5	5	0	0	explicit
2-1c2-1s1c1__min.208__Z8	8	2x2x2x2	4	4	0	0	explicit
2-1c2-1s1c1__min.208__Z9	8	2x2x2x2	7	7	0	0	explicit
2-1c2-1s1c1__min.209__Z1	8	2x2x2x2	8	8	0	0	explicit
1s1s1s1s1s1__min.196__Z3	16	2x2x2x2x2x2x2x2x2x2x2x2x2x2	2244	2244	0	0	explicit
2-1c2-1s1c1__min.208__Z4	8	2x2x2x2	6	6	0	0	explicit
2-1c2-1s1c1__min.209__Z10	8	2x2x2	5	5	0	0	explicit
2-1c2-1s1c1__min.209__Z11	8	2x2	2	2	0	0	explicit
2-1c2-1s1c1__min.209__Z12	8	2x2	2	2	0	0	explicit
2-1c2-1s1c1__min.209__Z13	8	2x2	3	3	0	0	explicit
1s1s1s1s1s1__min.196__Z45	16	2x2x2x2x2x2x2	64	64	0	0	explicit
1s1s1s1s1s1__min.196__Z30	16	2x2x2x2x2x2	48	48	0	0	explicit
2-1c2-1s1c1__min.209__Z2	8	2x2x2	6	6	0	0	explicit
1s1s1s1s1s1__min.197__Z74	16	2x2x2x2x2x2x2x2x2x2x2	298	298	0	0	explicit
2-1c2-1s1c1__min.209__Z3	8	2x2x2	5	5	0	0	explicit
2-1c2-1s2-1__group.1096__Z3	32	2x2x2x2x2x2	36	36	0	0	explicit
2-1c2-1s1c1__min.209__Z4	8	2x2	3	3	0	0	explicit
1s1s1s1s1s1__min.196__Z73	16	2x2x2x2x2x2x2x2x2x2x2x2x2x2	1604	1604	0	0	explicit
2-1c2-1s2-1__group.1096__Z4	32	2x2x2x2	12	12	0	0	explicit
2-1c2-1s2-1__group.1096__Z5	32	2x2	3	3	0	0	explicit
2-1c2-1s1c1__min.209__Z5	8	2x2	3	3	0	0	explicit
2-1c2-1s1c1__min.209__Z6	8	2x2x2x2	4	4	0	0	explicit
2-1c2-1s2-1__group.1096__Z6	32	2x2x2	6	6	0	0	explicit
2-1c2-1s2-1__group.1096__Z7	32	2x2x2	6	6	0	0	explicit
2-1c2-1s2-1__min.214__Z1	16	2x2x2	6	6	0	0	explicit
1s1s1s1s1s1__min.197__Z16	16	2x2x2x2x2x2x2x2x2x2x2x2x2x2x2	2972	2972	0	0	explicit
2-1c2-1s1c1__min.209__Z7	8	2x2x2	6	6	0	0	explicit
2-1c2-1s2-1__min.214__Z2	16	2x2	4	4	0	0	explicit
2-1c2-1s2-1__min.214__Z3	16	2x2	3	3	0	0	explicit
2-1c2-1s2-1__min.214__Z4	16	2x2x2	4	4	0	0	explicit
2-1c2-1s2-1__min.214__Z6	16	2x2	4	4	0	0	explicit
2-1c2-1s2-1__min.214__Z7	16	2x2	3	3	0	0	explicit
2-1c2-1s2-1__min.214__Z5	16	2x2	3	3	0	0	explicit
2-1c2-1s2-1__min.214__Z8	16	2	2	2	0	0	explicit
2-1c2-1s1c1__min.209__Z8	8	2x2	2	2	0	0	explicit
2-1c2-1s2-1__min.215__Z1	16	2x2x2x2x2	18	18	0	0	explicit
2-1c2-1s1c1__min.209__Z9	8	2x2x2x2	4	4	0	0	explicit
1s1s1s1s1s1__group.1075__Z3	32	2x2x2x2x2x2x2x2x2x2x2x2x2x2x2	1400	1400	0	0	explicit
2-1c2-1s2-1__min.215__Z10	16	2x2x2	6	6	0	0	explicit
2-1c2-1s2-1__min.215__Z3	16	2x2x2x2x2	16	16	0	0	explicit
2-1c2-1s2-1__group.1096__Z1	32	2x2x2x2x2x2	20	20	0	0	explicit
2-1c2-1s2-1__min.215__Z4	16	2x2x2	5	5	0	0	explicit
2-1c2-1s2-1__min.215__Z11	16	2	2	2	0	0	explicit
2-1c2-1s2-1__min.215__Z5	16	2x2	4	4	0	0	explicit
2-1c2-1s2-1__min.215__Z6	16	2x2x2x2	6	6	0	0	explicit
2-1c2-1s2-1__group.1096__Z2	32	2x2x2x2	12	12	0	0	explicit
2-1c2-1s2-1__min.215__Z7	16	2x2x2x2	9	9	0	0	explicit
2-1c2-1s2-1__min.215__Z12	16	2x2x2	6	6	0	0	explicit
2-1c2-1s2-1__min.215__Z8	16	2x2x2x2x2x2	15	15	0	0	explicit
2-1c2-1s2-1__min.215__Z9	16	2x2x2x2	10	10	0	0	explicit
2-1pc2-1pc2-1p__min.200__Z1	4	1	1	1	0	0	trivial
2-1pc2-1ps1c1__group.1081__Z3	8	2x2	2	2	0	0	explicit
2-1pc2-1ps1c1__min.201__Z1	4	1	1	1	0	0	trivial
2-1pc2-1ps1c1__group.1081__Z1	8	2x2x2x2	4	4	0	0	explicit
2-1c2-1s2-1__min.215__Z13	16	2x2x2	6	6	0	0	explicit
2-1pc2-1ps1c1__min.201__Z2	4	1	1	1	0	0	trivial
1s1s1s1s1s1__min.196__Z46	16	2x2x2x2x2x2x2	64	64	0	0	explicit
2-1pc2-1ps1c1__min.201__Z3	4	1	1	1	0	0	trivial
1s1s1s1s1s1__group.1075__Z19	32	2x2x2x2x2x2x2x2x2x2x2x2x2x2	1732	1732	0	0	explicit
2-1pc2-1ps1c1__min.202__Z1	4	4x4	3	3	0	0	explicit
2-1pc2-1ps1c1__group.1081__Z2	8	2x2x2	5	5	0	0	explicit
2-1c2-1s2-1__min.215__Z14	16	2x2x2	6	6	0	0	explicit
2-1pc2-1ps2-1__min.205__Z2	8	2x2x2	4	4	0	0	explicit
2-1pc2-1ps1c1__min.202__Z2	4	2x4	4	4	0	0	explicit
2-1c2-1s2-1__min.215__Z2	16	2x2x2	5	5	0	0	explicit
2-1pc2-1ps2-1__min.205__Z3	8	2	2	2	0	0	explicit
2-1s1c1c1c1__group.1103__Z1	8	2x2x2x2x2	4	4	0	0	explicit
2-1s1c1c1s1__group.1115__Z3	16	2x2x2x2x2x2x2x2	40	40	0	0	explicit
1s1s1s1s1s1__min.196__Z74	16	2x2x2x2x2x2x2x2x2x2	140	140	0	0	explicit
2-1pc2-1ps1c1__min.202__Z3	4	2x2	2	2	0	0	explicit
2-1s1c1c1c1__group.1103__Z2	8	2x2x2x2	3	3	0	0	explicit
2-1pc2-1ps2-1__group.1086__Z1	16	2x2x2	4	4	0	0	explicit
2-1s1c1c1s1__group.1115__Z4	16	2x2x2x2x2x2x2	28	28	0	0	explicit
2-1s1c1c1c1__min.218__Z1	4	1	1	1	0	0	trivial
2-1s1c1c1c1__min.218__Z2	4	1	1	1	0	0	trivial
2-1s1c1c1s1__min.224__Z10	8	2x2x2x2	6	6	0	0	explicit
2-1pc2-1ps2-1__group.1086__Z2	16	2x2	3	3	0	0	explicit
2-1s1c1c1s1__group.1115__Z5	16	2x2x2x2x2x2	14	14	0	0	explicit
2-1s1c1c1s1__min.222__Z6	8	2x2x2x2x2x4	18	18	0	0	explicit
2-1s1c1c1c1__min.219__Z1	4	4x4x4x4	3	3	0	0	explicit
2-1pc2-1ps2-1__min.205__Z1	8	2x2x2	4	4	0	0	explicit
2-1s1c1c1s1__group.1115__Z6	16	2x2x2x2x2x2x2	22	22	0	0	explicit
2-1s1c1c1s1__min.224__Z11	8	2x2x2	4	4	0	0	explicit
2-1s1c1c1c1__min.219__Z2	4	2x4x4x4	4	4	0	0	explicit
2-1s1c1c1s1__min.222__Z7	8	2x2x2x2x4	21	21	0	0	explicit
2-1s1c1c1s1__min.224__Z12	8	2x2x2	3	3	0	0	explicit
2-1s1c1c1s1__min.223__Z1	8	2x2x2x4x4x4	24	24	0	0	explicit
2-1s1c1c1s1__group.1115__Z1	16	2x2x2x2x2x2x2x2x2x2	80	80	0	0	explicit
1s1s1s1s1s1__min.197__Z39	16	2x2x2x2x2x2x2x2x2x2x2x2x2x2x2	2972	2972	0	0	explicit
2-1s1c1c1s1__min.223__Z2	8	2x2x4x4x4	12	12	0	0	explicit
2-1s1c1c1s1__group.1115__Z7	16	2x2x2x2x2	12	12	0	0	explicit
2-1s1c1c1s1__group.1115__Z2	16	2x2x2x2x2x2x2x2	20	20	0	0	explicit
2-1s1c1c1s1__min.222__Z1	8	2x2x2x2x2x2x2x4	30	30	0	0	explicit
2-1s1c1c1s1__min.223__Z3	8	2x2x2x4x4	16	16	0	0	explicit
2-1s1c1c1s1__min.222__Z2	8	2x2x2x2x2x2x2	10	10	0	0	explicit
2-1s1c1c1s1__min.224__Z13	8	2x2x2	4	4	0	0	explicit
2-1s1c1c1s1__min.223__Z4	8	2x4x4x4	10	10	0	0	explicit
2-1s1c1c1s1__min.222__Z3	8	2x2x2x2x2x2x4	30	30	0	0	explicit
2-1s1c1c1s1__min.223__Z5	8	2x2x4x4	8	8	0	0	explicit
2-1s1c1c1s1__min.222__Z4	8	2x2x2x2x2x4	24	24	0	0	explicit
2-1s1c1c1s1__min.223__Z6	8	2x4x4x4	10	10	0	0	explicit
2-1s1c1c1s1__min.224__Z7	8	2x2	3	3	0	0	explicit
1s1s1s1s1s1__min.197__Z4	16	2x2x2x2x2x2x2x2x2x2	90	90	0	0	explicit
2-1s1c1c1s1__min.224__Z8	8	2x2x2x2x2	8	8	0	0	explicit
2-1s1c1c1s1__min.222__Z5	8	2x2x2x2x2x2	14	14	0	0	explicit
2-1s1c1c1s1__min.224__Z9	8	2x2x2x2	4	4	0	0	explicit
2-1s1c1s1c1__group.1126__Z1	16	2x2x2x2x2x2x2x2x2x2	55	55	0	0	explicit
1s1s1s1s1s1__min.197__Z6	16	2x2x2x2x2x2x2x2x2x2x2x2x2x2x2	1540	1540	0	0	explicit
2-1s1c1c1s1__min.223__Z7	8	2x4x4	7	7	0	0	explicit
2-1s1c1c1s1__min.224__Z1	8	2x2x2x2x2	8	8	0	0	explicit
2-1s1c1c1s1__min.224__Z14	8	2x2	3	3	0	0	explicit
1s1s1s1s1s1__min.196__Z47	16	2x2x2x2x2x2x2x2x2x2	140	140	0	0	explicit
2-1s1c1s1c1__group.1126__Z2	16	2x2x2x2x2x2x2x2	45	45	0	0	explicit
2-1s1c1c1s1__min.224__Z2	8	2x2x2x2	4	4	0	0	explicit
2-1s1c1c1s1__min.224__Z3	8	2x2x2x2	6	6	0	0	explicit
2-1s1c1c1s1__min.224__Z4	8	2x2x2	4	4	0	0	explicit
2-1s1c1s1c1__group.1126__Z3	16	2x2x2x2x2x2x2	46	46	0	0	explicit
2-1s1c1c1s1__min.224__Z5	8	2x2x2	4	4	0	0	explicit
2-1s1c1s1c1__group.1126__Z8	16	2x2x2	4	4	0	0	explicit
2-1s1c1c1s1__min.224__Z6	8	2x2x2	3	3	0	0	explicit
2-1s1c1s1c1__group.1126__Z4	16	2x2x2x2x2x2	21	21	0	0	explicit
2-1s1c1s1c1__group.1133__Z7	8	2x2x2	4	4	0	0	explicit
1s1s1s1s1s1__group.1075__Z30	32	2x2x2x2x2x2x2x2x2x2x2x2x2x2x2x2x2x2x2	4872	4872	0	0	burnside
2-1s1c1s1c1__group.1126__Z9	16	2x2x2x2	9	9	0	0	explicit
2-1s1c1s1c1__group.1126__Z5	16	2x2x2x2x2x2x2	31	31	0	0	explicit
2-1s1c1s1c1__group.1133__Z8	8	2x2x2	5	5	0	0	explicit
2-1s1c1s1c1__group.1133__Z1	8	2x2x2x2x2	6	6	0	0	explicit
1s1s1s1s1s1__min.197__Z60	16	2x2x2x2x2x2x2	48	48	0	0	explicit
2-1s1c1s1c1__group.1133__Z10	8	2x2x2	4	4	0	0	explicit
1s1s1s1s1s1__min.196__Z75	16	2x2x2x2x2x2x2x2x2x2	140	140	0	0	explicit
1s1s1s1s1s1__min.197__Z40	16	2x2x2x2x2x2x2x2x2x2x2	408	408	0	0	explicit
2-1s1c1s1c1__group.1133__Z9	8	2x2	3	3	0	0	explicit
2-1s1c1s1c1__group.1126__Z6	16	2x2x2x2x2	20	20	0	0	explicit
2-1s1c1s1c1__group.1134__Z1	8	2x2x2x2x2	8	8	0	0	explicit
2-1s1c1s1c1__group.1134__Z6	8	2x2x2	6	6	0	0	explicit
1s1s1s1s1s1__min.197__Z61	16	2x2x2x2x2x2x2	31	31	0	0	explicit
2-1s1c1s1c1__group.1126__Z7	16	2x2x2x2	6	6	0	0	explicit
2-1s1c1s1c1__group.1134__Z10	8	2	2	2	0	0	explicit
2-1s1c1s1c1__group.1133__Z11	8	2	2	2	0	0	explicit
2-1s1c1s1c1__group.1135__Z5	8	2x2x2x2x4	24	24	0	0	explicit
2-1s1c1s1c1__group.1134__Z7	8	2x2	4	4	0	0	explicit
2-1s1c1s1c1__group.1134__Z11	8	2	2	2	0	0	explicit
2-1s1c1s1c1__group.1134__Z2	8	2x2x2x2	6	6	0	0	explicit
2-1s1c1s1c1__group.1135__Z6	8	2x2x2x4x4	30	30	0	0	explicit
2-1s1c1s1c1__group.1133__Z2	8	2x2x2x2	6	6	0	0	explicit
1s1s1s1s1s1__min.197__Z75	16	2x2x2x2x2x2x2x2x2x2x2x2x2x2x2	360	360	0	0	explicit
2-1s1c1s1c1__group.1134__Z8	8	2x2	4	4	0	0	explicit
2-1s1c1s1c1__group.1134__Z3	8	2x2x2x2	6	6	0	0	explicit
2-1s1c1s1c1__group.1134__Z9	8	2	2	2	0	0	explicit
2-1s1c1s1c1__group.1134__Z4	8	2x2x2	8	8	0	0	explicit
2-1s1c1s1c1__group.1135__Z1	8	2x2x2x2x2x4x4	32	32	0	0	explicit
1s1s1s1s1s1__min.197__Z76	16	2x2x2x2x2	4	4	0	0	explicit
2-1s1c1s1c1__group.1135__Z7	8	2x2x4x4	18	18	0	0	explicit
2-1s1c1s1c1__group.1134__Z5	8	2x2x2	6	6	0	0	explicit
2-1s1c1s1s1__group.1160__Z11	16	2x2x2x2x2x2	40	40	0	0	explicit
2-1s1c1s1c1__group.1133__Z3	8	2x2x2x2	8	8	0	0	explicit
2-1s1c1s1c1__group.1135__Z10	8	2x2x4	7	7	0	0	explicit
2-1s1c1s1s1__group.1160__Z12	16	2x2x2x2x2x2	40	40	0	0	explicit
2-1s1c1s1c1__min.225__Z2	4	2x4	4	4	0	0	explicit
2-1s1c1s1c1__group.1133__Z4	8	2x2x2x2	6	6	0	0	explicit
2-1s1c1s1c1__group.1135__Z8	8	2x2x2x4	18	18	0	0	explicit
2-1s1c1s1s1__group.1160__Z13	16	2x2x2x2x2x2x2	40	40	0	0	explicit
2-1s1c1s1c1__group.1133__Z5	8	2x2x2x2	5	5	0	0	explicit
2-1s1c1s1c1__group.1135__Z11	8	2x4x4	10	10	0	0	explicit
2-1s1c1s1c1__min.225__Z3	4	4x4	3	3	0	0	explicit
2-1s1c1s1s1__group.1160__Z14	16	2x2x2x2x2x2x2x2	104	104	0	0	explicit
2-1s1c1s1c1__group.1135__Z9	8	2x4x4	6	6	0	0	explicit
2-1s1c1s1c1__min.225__Z1	4	4x4	3	3	0	0	explicit
2-1s1c1s1s1__group.1160__Z15	16	2x2x2x2x2x2	32	32	0	0	explicit
2-1s1c1s1c1__group.1135__Z2	8	2x2x2x2x4x4	24	24	0	0	explicit
2-1s1c1s1s1__group.1160__Z16	16	2x2x2x2x2x2	26	26	0	0	explicit
1s1s1s1s1s1__min.197__Z8	16	2x2x2x2x2x2x2x2x2x2	148	148	0	0	explicit
2-1s1c1s1c1__min.225__Z4	4	2x4	4	4	0	0	explicit
2-1s1c1s1c1__min.225__Z10	4	2x2	3	3	0	0	explicit
2-1s1c1s1s1__group.1160__Z17	16	2x2x2x2x2x2x2	80	80	0	0	explicit
2-1s1c1s1c1__min.225__Z5	4	2x4	4	4	0	0	explicit
2-1s1c1s1c1__group.1133__Z6	8	2x2x2	6	6	0	0	explicit
2-1s1c1s1s1__group.1160__Z18	16	2x2x2x2x2x2	32	32	0	0	explicit
2-1s1c1s1c1__group.1135__Z3	8	2x2x2x2x2x4	26	26	0	0	explicit
2-1s1c1s1c1__min.225__Z6	4	2x4	4	4	0	0	explicit
2-1s1c1s1s1__group.1160__Z20	16	2x2x2x2x2	18	18	0	0	explicit
2-1s1c1s1s1__group.1160__Z21	16	2x2x2x2x2x2x2	80	80	0	0	explicit
2-1s1c1s1s1__group.1160__Z19	16	2x2x2x2x2	16	16	0	0	explicit
1s1s1s1s1s1__min.197__Z9	16	2x2x2x2x2x2x2x2x2	50	50	0	0	explicit
2-1s1c1s1c1__group.1135__Z4	8	2x2x2x4x4	36	36	0	0	explicit
2-1s1c1s1s1__group.1160__Z22	16	2x2x2x2x2	18	18	0	0	explicit
2-1s1c1s1c1__min.225__Z11	4	4	3	3	0	0	explicit
2-1c2-1s1c1__group.1089__Z1	16	2x2x2x2x2x2x2x2	25	25	0	0	explicit
2-1s1c1s1s1__group.1160__Z23	16	2x2x2x2x2	13	13	0	0	explicit
2-1s1c1s1s1__group.1160__Z2	16	2x2x2x2x2x2x2x2	80	80	0	0	explicit
2-1s1c1s1c1__min.225__Z12	4	2x2	3	3	0	0	explicit
2-1s1c1s1s1__group.1160__Z24	16	2x2x2x2x2x2	26	26	0	0	explicit
2-1s1c1s1s1__group.1160__Z3	16	2x2x2x2x2x2x2x2	80	80	0	0	explicit
2-1s1c1s1c1__min.225__Z7	4	2x2	4	4	0	0	explicit
2-1c2-1s1c1__group.1089__Z2	16	2x2x2x2x2x2	30	30	0	0	explicit
1s1s1s1s1s1__min.197__Z41	16	2x2x2x2x2x2x2x2x2x2x2	376	376	0	0	explicit
2-1s1c1s1s1__group.1160__Z25	16	2x2x2x2x2	20	20	0	0	explicit
2-1s1c1s1s1__group.1160__Z30	16	2x2x2x2x2x2	30	32	2	0	explicit
2-1s1c1s1s1__group.1160__Z31	16	2x2x2x2	12	12	0	0	explicit
2-1s1c1s1s1__group.1160__Z26	16	2x2x2x2x2x2	40	40	0	0	explicit
2-1s1c1s1c1__min.225__Z8	4	2x4	4	4	0	0	explicit
1s1s1s1s1s1__min.196__Z76	16	2x2x2x2x2x2x2x2x2x2	162	162	0	0	explicit
1s1s1s1s1s1__min.196__Z48	16	2x2x2x2x2x2x2x2x2x2	140	140	0	0	explicit
2-1s1c1s1s1__group.1160__Z32	16	2x2x2x2	12	12	0	0	explicit
2-1s1c1s1s1__group.1160__Z27	16	2x2x2x2x2x2	40	40	0	0	explicit
2-1s1c1s1c1__min.225__Z9	4	2x2	2	2	0	0	explicit
2-1s1c1s1s1__group.1160__Z28	16	2x2x2x2	12	12	0	0	explicit
2-1s1c1s1s1__group.1160__Z33	16	2x2x2x2x2x2x2	80	80	0	0	explicit
2-1s1c1s1s1__group.1160__Z1	16	2x2x2x2x2x2x2x2x2x2	320	320	0	0	explicit
2-1s1c1s1s1__group.1160__Z29	16	2x2x2x2x2x2	36	40	4	0	explicit
2-1s1c1s1s1__group.1160__Z34	16	2x2x2x2x2	24	24	0	0	explicit
2-1s1c1s1s1__group.1160__Z39	16	2x2x2x2x2	20	20	0	0	explicit
2-1s1c1s1c1__min.225__Z13	4	2	2	2	0	0	explicit
2-1s1c1s1s1__group.1168__Z10	16	2x2x2x2x2x2x2	96	96	0	0	explicit
2-1s1c1s1s1__group.1160__Z10	16	2x2x2x2x2x2x2x2	104	104	0	0	explicit
2-1s1c1s1s1__group.1160__Z4	16	2x2x2x2x2x2x2	40	40	0	0	explicit
2-1s1c1s1s1__group.1160__Z35	16	2x2x2	8	8	0	0	explicit
2-1s1c1s1s1__group.1168__Z11	16	2x2x2x2x2x4	60	60	0	0	explicit
2-1s1c1s1s1__group.1160__Z40	16	2x2x2x2x2	24	24	0	0	explicit
2-1s1c1s1s1__group.1160__Z36	16	2x2x2x2x2x2	30	32	2	0	explicit
2-1s1c1s1s1__group.1168__Z12	16	2x2x2x2x2x2	40	40	0	0	explicit
2-1s1c1s1s1__group.1168__Z2	16	2x2x2x2x2x2x2x2x4	240	240	0	0	explicit
1s1s1s1s1s1__min.197__Z65	16	2x2x2x2x2x2x2x2x2x2x2x2x2x2x2	1540	1540	0	0	explicit
2-1s1c1s1s1__group.1160__Z37	16	2x2x2x2x2	20	20	0	0	explicit
2-1s1c1s1s1__group.1160__Z41	16	2x2x2	6	8	2	0	explicit
2-1s1c1s1s1__group.1168__Z29	16	2x2x2x2x4	48	48	0	0	explicit
2-1s1c1s1s1__group.1168__Z13	16	2x2x2x2x2x2x2x4	120	120	0	0	explicit
2-1s1c1s1s1__group.1168__Z20	16	2x2x2x2x2x4	54	54	0	0	explicit
2-1s1c1s1s1__group.1160__Z5	16	2x2x2x2x2x2	20	20	0	0	explicit
2-1s1c1s1s1__group.1160__Z38	16	2x2x2x2x2	24	24	0	0	explicit
2-1s1c1s1s1__group.1168__Z3	16	2x2x2x2x2x2x2x2x2	160	160	0	0	explicit
2-1s1c1s1s1__group.1160__Z6	16	2x2x2x2x2x2x2x2	144	144	0	0	explicit
2-1s1c1s1s1__group.1168__Z14	16	2x2x2x2x2x2x2x4	240	240	0	0	explicit
2-1s1c1s1s1__group.1168__Z21	16	2x2x2x2x2x2x2x4	240	240	0	0	explicit
2-1s1c1s1s1__group.1168__Z4	16	2x2x2x2x2x2x2x4	120	120	0	0	explicit
1s1s1s1s1s1__min.196__Z49	16	2x2x2x2x2x2x2	14	14	0	0	explicit
2-1s1c1s1s1__group.1168__Z30	16	2x2x2x2	12	12	0	0	explicit
2-1s1c1s1s1__group.1160__Z7	16	2x2x2x2x2x2x2x2	128	128	0	0	explicit
2-1s1c1s1s1__group.1168__Z15	16	2x2x2x2x2x4	80	80	0	0	explicit
1s1s1s1s1s1__min.197__Z42	16	2x2x2x2x2x2x2x2	44	44	0	0	explicit
2-1s1c1s1s1__group.1168__Z5	16	2x2x2x2x2x2x2	40	40	0	0	explicit
2-1s1c1s1s1__group.1168__Z22	16	2x2x2x2x2x4	54	54	0	0	explicit
2-1s1c1s1s1__group.1168__Z31	16	2x2x2x4	20	20	0	0	explicit
2-1s1c1s1s1__group.1160__Z8	16	2x2x2x2x2x2	48	48	0	0	explicit
2-1s1c1s1s1__group.1169__Z13	16	2x2x2x2x2x2x2	40	40	0	0	explicit
2-1s1c1s1s1__group.1168__Z16	16	2x2x2x2x4	40	40	0	0	explicit
2-1s1c1s1s1__group.1168__Z23	16	2x2x2x2x4	32	32	0	0	explicit
2-1s1c1s1s1__group.1168__Z32	16	2x2x4	10	10	0	0	explicit
2-1s1c1s1s1__group.1160__Z9	16	2x2x2x2x2x2x2x2	128	128	0	0	explicit
2-1s1c1s1s1__group.1169__Z14	16	2x2x2x2x2x2x2	96	96	0	0	explicit
2-1s1c1s1s1__group.1168__Z6	16	2x2x2x2x2x2x2x2x4	432	432	0	0	explicit
2-1s1c1s1s1__group.1168__Z17	16	2x2x2x2x2x2x2x4	256	256	0	0	explicit
2-1s1c1s1s1__group.1168__Z24	16	2x2x2x2x2x2	40	40	0	0	explicit
2-1s1c1s1s1__group.1169__Z15	16	2x2x2x2x2	24	24	0	0	explicit
2-1s1c1s1s1__group.1168__Z33	16	2x2x2x2x2x2x2x4	240	240	0	0	explicit
2-1s1c1s1s1__group.1168__Z18	16	2x2x2x2x2x2	40	40	0	0	explicit
2-1s1c1s1s1__group.1168__Z7	16	2x2x2x2x2x2x2x4	240	240	0	0	explicit
2-1s1c1s1s1__group.1168__Z25	16	2x2x2x2x2x4	64	64	0	0	explicit
2-1s1c1s1s1__group.1169__Z16	16	2x2x2x2	16	16	0	0	explicit
2-1s1c1s1s1__group.1168__Z34	16	2x2x2x2x4	48	48	0	0	explicit
2-1s1c1s1s1__group.1168__Z8	16	2x2x2x2x2x2x4	108	108	0	0	explicit
2-1s1c1s1s1__group.1168__Z26	16	2x2x2x2x2x4	72	72	0	0	explicit
2-1s1c1s1s1__group.1168__Z19	16	2x2x2x2x4	32	32	0	0	explicit
2-1s1c1s1s1__group.1168__Z35	16	2x2x2x2x4	48	48	0	0	explicit
2-1s1c1s1s1__group.1169__Z17	16	2x2x2x2x2x2x2	80	80	0	0	explicit
1s1s1s1s1s1__min.197__Z43	16	2x2x2x2x2x2x2x2	44	44	0	0	explicit
2-1s1c1s1s1__group.1168__Z27	16	2x2x2x2x2x4	80	80	0	0	explicit
2-1s1c1s1s1__group.1168__Z9	16	2x2x2x2x2x2x2x4	320	320	0	0	explicit
2-1s1c1s1s1__group.1168__Z1	16	2x2x2x2x2x2x2x2x2x2x4	960	960	0	0	explicit
2-1s1c1s1s1__group.1169__Z31	16	2x2x2	6	6	0	0	explicit
2-1s1c1s1s1__group.1169__Z18	16	2x2x2x2x2	24	24	0	0	explicit
2-1s1c1s1s1__group.1169__Z22	16	2x2x2x2x2	18	18	0	0	explicit
2-1s1c1s1s1__group.1168__Z28	16	2x2x2x4	15	15	0	0	explicit
1s1s1s1s1s1__min.197__Z66	16	2x2x2x2x2x2x2x2x2x2x2	114	114	0	0	explicit
2-1s1c1s1s1__group.1168__Z36	16	2x2x2x2x2x4	72	72	0	0	explicit
2-1s1c1s1s1__group.1169__Z19	16	2x2x2x2	12	12	0	0	explicit
2-1s1c1s1s1__group.1169__Z23	16	2x2x2x2	12	12	0	0	explicit
2-1s1c1s1s1__group.1169__Z32	16	2x2	4	4	0	0	explicit
2-1s1c1s1s1__group.1169__Z1	16	2x2x2x2x2x2x2x2x2x2	320	320	0	0	explicit
2-1s1c1s1s1__group.1168__Z37	16	2x2x2x2x4	48	48	0	0	explicit
2-1s1c1s1s1__group.1169__Z2	16	2x2x2x2x2x2x2x2	80	80	0	0	explicit
2-1s1c1s1s1__group.1169__Z24	16	2x2x2x2x2	24	24	0	0	explicit
2-1s1c1s1s1__group.1169__Z7	16	2x2x2x2x2x2x2	96	96	0	0	explicit
2-1s1c1s1s1__group.1169__Z10	16	2x2x2x2x2x2	48	48	0	0	explicit
2-1s1c1s1s1__group.1169__Z33	16	2x2x2x2x2x2x2	80	80	0	0	explicit
2-1s1c1s1s1__group.1169__Z20	16	2x2x2x2x2	18	18	0	0	explicit
2-1s1c1s1s1__group.1169__Z25	16	2x2x2x2x2	20	20	0	0	explicit
2-1s1c1s1s1__group.1169__Z11	16	2x2x2x2x2	24	24	0	0	explicit
2-1s1c1s1s1__group.1169__Z8	16	2x2x2x2x2x2	36	36	0	0	explicit
2-1s1c1s1s1__group.1169__Z34	16	2x2x2x2	16	16	0	0	explicit
2-1s1c1s1s1__group.1169__Z21	16	2x2x2x2x2x2x2	80	80	0	0	explicit
2-1s1c1s1s1__group.1170__Z25	16	2x2x2x2x2x2	64	64	0	0	explicit
2-1s1c1s1s1__group.1169__Z26	16	2x2x2x2x2	32	32	0	0	explicit
2-1s1c1s1s1__group.1169__Z9	16	2x2x2x2x2x2x2	96	96	0	0	explicit
2-1s1c1s1s1__group.1169__Z12	16	2x2x2x2x2	20	20	0	0	explicit
2-1s1c1s1s1__group.1169__Z35	16	2x2x2x2	16	16	0	0	explicit
2-1s1c1s1s1__group.1169__Z27	16	2x2x2x2x2	24	24	0	0	explicit
2-1s1c1s1s1__group.1170__Z26	16	2x2x2x2x2x2x2	56	56	0	0	explicit
2-1s1c1s1s1__group.1169__Z36	16	2x2x2x2x2	24	24	0	0	explicit
2-1s1c1s1s1__group.1169__Z28	16	2x2x2	6	6	0	0	explicit
2-1s1c1s1s1__group.1170__Z27	16	2x2x2x2x2x2	36	36	0	0	explicit
1s1s1s1s1s1__min.197__Z67	16	2x2x2x2x2x2x2x2x2x2x2	114	114	0	0	explicit
2-1s1c1s1s1__group.1171__Z3	16	2x2x2x2x2x4x4	48	48	0	0	explicit
2-1s1c1s1s1__group.1169__Z37	16	2x2x2x2	16	16	0	0	explicit
2-1s1c1s1s1__group.1170__Z1	16	2x2x2x2x2x2x2x2x2x2x2x2	508	508	0	0	explicit
2-1s1c1s1s1__group.1170__Z3	16	2x2x2x2x2x2x2x2x2	74	74	0	0	explicit
2-1s1c1s1s1__group.1169__Z29	16	2x2x2x2	16	16	0	0	explicit
2-1s1c1s1s1__group.1171__Z4	16	2x2x2x2x4x4	24	24	0	0	explicit
2-1s1c1s1s1__group.1169__Z4	16	2x2x2x2x2x2x2	40	40	0	0	explicit
2-1s1c1s1s1__group.1170__Z10	16	2x2x2x2x2x2x2x2x2	74	74	0	0	explicit
2-1s1c1s1s1__group.1170__Z4	16	2x2x2x2x2x2x2x2	37	37	0	0	explicit
2-1s1c1s1s1__group.1169__Z3	16	2x2x2x2x2x2x2x2	80	80	0	0	explicit
2-1s1c1s1s1__group.1171__Z1	16	2x2x2x2x2x2x2x2x4x4	288	288	0	0	explicit
2-1s1c1s1s1__group.1169__Z5	16	2x2x2x2x2x2	20	20	0	0	explicit
2-1s1c1s1s1__group.1171__Z5	16	2x2x2x2x2x2x2x4	130	130	0	0	explicit
2-1s1c1s1s1__group.1170__Z11	16	2x2x2x2x2x2x2x2x2	288	288	0	0	explicit
2-1s1c1s1s1__group.1171__Z10	16	2x2x2x2x2x4x4	48	48	0	0	explicit
2-1s1c1s1s1__group.1169__Z30	16	2x2x2	8	8	0	0	explicit
2-1s1c1s1s1__group.1171__Z6	16	2x2x2x2x2x4x4	160	160	0	0	explicit
2-1s1c1s1s1__group.1170__Z5	16	2x2x2x2x2x2x2x2x2x2	264	264	0	0	explicit
2-1s1c1s1s1__group.1169__Z6	16	2x2x2x2x2x2x2x2	144	144	0	0	explicit
2-1s1c1s1s1__group.1171__Z11	16	2x2x2x2x2x4x4	136	136	0	0	explicit
2-1s1c1s1s1__group.1171__Z7	16	2x2x2x2x2x4	64	64	0	0	explicit
2-1s1c1s1s1__group.1170__Z6	16	2x2x2x2x2x2x2x2x2	320	320	0	0	explicit
2-1s1c1s1s1__group.1170__Z12	16	2x2x2x2x2x2x2	80	80	0	0	explicit
2-1s1c1s1s1__group.1172__Z12	16	2x2x2x2x2	24	24	0	0	explicit
2-1s1c1s1s1__group.1171__Z12	16	2x2x2x4x4	40	40	0	0	explicit
2-1s1c1s1s1__group.1171__Z8	16	2x2x2x4x4	30	30	0	0	explicit
2-1s1c1s1s1__group.1171__Z19	16	2x2x2x2x4	40	40	0	0	explicit
2-1s1c1s1s1__group.1172__Z21	16	2x2x2x2	10	10	0	0	explicit
2-1s1c1s1s1__group.1172__Z13	16	2x2x2x2	12	12	0	0	explicit
2-1s1c1s1s1__group.1171__Z13	16	2x2x4x4	20	20	0	0	explicit
2-1s1c1s1s1__group.1170__Z7	16	2x2x2x2x2x2x2x2	144	144	0	0	explicit
2-1s1c1s1s1__group.1171__Z9	16	2x2x2x2x4	24	24	0	0	explicit
2-1s1c1s1s1__group.1172__Z22	16	2x2x2	8	8	0	0	explicit
2-1s1c1s1s1__group.1171__Z2	16	2x2x2x2x2x2x4x4	128	128	0	0	explicit
2-1s1c1s1s1__group.1172__Z14	16	2x2x2x2x2	14	14	0	0	explicit
2-1s1c1s1s1__group.1171__Z14	16	2x2x2x2x4	26	26	0	0	explicit
2-1s1c1s1s1__group.1170__Z16	16	2x2x2x2x2x2x2	42	42	0	0	explicit
2-1s1c1s1s1__group.1172__Z23	16	2x2	3	3	0	0	explicit
2-1s1c1s1s1__group.1170__Z8	16	2x2x2x2x2x2x4	68	68	0	0	explicit
2-1s1c1s1s1__group.1172__Z1	16	2x2x2x2x2x2x2x2x2x2	172	172	0	0	explicit
2-1s1c1s1s1__group.1171__Z20	16	2x2x4	10	10	0	0	explicit
2-1s1c1s1s1__group.1170__Z13	16	2x2x2x2x2x4	52	52	0	0	explicit
2-1s1c1s1s1__group.1172__Z15	16	2x2x2x2x2x2x2	48	48	0	0	explicit
2-1s1c1s1s1__group.1171__Z15	16	2x2x2x2x2x4x4	94	94	0	0	explicit
2-1s1c1s1s1__group.1172__Z10	16	2x2x2x2x2x2x2	26	26	0	0	explicit
2-1s1c1s1s1__group.1171__Z21	16	2x2x4x4	17	17	0	0	explicit
2-1s1c1s1s1__group.1172__Z24	16	2x2x2x2x2x2x2	48	48	0	0	explicit
2-1s1c1s1s1__group.1170__Z9	16	2x2x2x2x2x2x2	52	52	0	0	explicit
2-1s1c1s1s1__group.1172__Z16	16	2x2x2x2x2	14	14	0	0	explicit
2-1s1c1s1s1__group.1171__Z22	16	2x2x4	10	10	0	0	explicit
2-1s1c1s1s1__group.1172__Z25	16	2x2x2x2	16	16	0	0	explicit
2-1s1c1s1s1__group.1172__Z11	16	2x2x2x2x2x2x2	80	80	0	0	explicit
2-1s1c1s1s1__group.1170__Z14	16	2x2x2x2x2x2x2	42	42	0	0	explicit
2-1s1c1s1s1__group.1172__Z17	16	2x2x2x2	7	7	0	0	explicit
2-1s1c1s1s1__group.1171__Z16	16	2x2x2x2x4	26	26	0	0	explicit
2-1s1c1s1s1__group.1171__Z23	16	2x4	4	4	0	0	explicit
1s1s1s1s1s1__min.197__Z68	16	2x2x2x2x2x2x2x2x2x2x2	226	226	0	0	explicit
2-1s1c1s1s1__group.1170__Z17	16	2x2x2x2x2x4	31	31	0	0	explicit
2-1s1c1s1s1__group.1172__Z26	16	2x2x2x2x2	20	20	0	0	explicit
2-1s1c1s1s1__group.1172__Z18	16	2x2x2x2x2	20	20	0	0	explicit
2-1s1c1s1s1__group.1171__Z17	16	2x2x4x4	17	17	0	0	explicit
2-1s1c1s1s1__group.1170__Z15	16	2x2x2x2x2x2x2x2x2	160	160	0	0	explicit
2-1s1c1s1s1__group.1172__Z27	16	2x2x2x2	10	10	0	0	explicit
2-1s1c1s1s1__group.1172__Z19	16	2x2x2x2x2	32	32	0	0	explicit
2-1s1c1s1s1__group.1171__Z24	16	2x2x2x2x2x4x4	94	94	0	0	explicit
2-1s1c1s1s1__group.1172__Z30	16	2x2x2x2x2x2x2	26	26	0	0	explicit
2-1s1c1s1s1__group.1171__Z18	16	2x2x2x4x4	34	34	0	0	explicit
2-1s1c1s1s1__group.1171__Z25	16	2x2x4x4	28	28	0	0	explicit
2-1s1c1s1s1__group.1172__Z2	16	2x2x2x2x2x2x2x2	80	80	0	0	explicit
2-1s1c1s1s1__group.1172__Z28	16	2x2x2x2x2x2x2x2x2x2	172	172	0	0	explicit
2-1s1c1s1s1__group.1171__Z26	16	2x2x2x2x4	36	36	0	0	explicit
2-1s1c1s1s1__group.1172__Z31	16	2x2x2x2x2x2	13	13	0	0	explicit
2-1s1c1s1s1__group.1172__Z4	16	2x2x2x2x2x2	13	13	0	0	explicit
2-1s1c1s1s1__group.1172__Z20	16	2x2x2	5	5	0	0	explicit
2-1s1c1s1s1__group.1172__Z29	16	2x2x2x2x2x2x2x2	80	80	0	0	explicit
2-1s1c1s1s1__group.1172__Z49	16	2x2x2	6	6	0	0	explicit
2-1s1c1s1s1__group.1170__Z18	16	2x2x2x2x2x2x2	72	72	0	0	explicit
2-1s1c1s1s1__group.1171__Z27	16	2x2x4x4	17	17	0	0	explicit
2-1s1c1s1s1__group.1172__Z40	16	2x2x2x4	16	16	0	0	explicit
2-1s1c1s1s1__group.1172__Z3	16	2x2x2x2x2x2x2	26	26	0	0	explicit
2-1s1c1s1s1__group.1172__Z32	16	2x2x2x2x2x2x2x2	86	86	0	0	explicit
2-1s1c1s1s1__group.1172__Z5	16	2x2x2x2x2x2x2x2	88	88	0	0	explicit
2-1s1c1s1s1__group.1172__Z41	16	2x2x2x2x2	16	16	0	0	explicit
2-1s1c1s1s1__group.1186__Z18	32	2x2x2x2x2x2x2x2	144	144	0	0	explicit
2-1s1c1s1s1__group.1172__Z33	16	2x2x2x2x2x2x2	96	96	0	0	explicit
2-1s1c1s1s1__group.1172__Z50	16	2x4	4	4	0	0	explicit
2-1s1c1s1s1__group.1172__Z42	16	2x2x2x2x2x2x2	48	48	0	0	explicit
2-1s1c1s1s1__group.1170__Z19	16	2x2x2x2x2x2x2	96	96	0	0	explicit
2-1s1c1s1s1__group.1172__Z34	16	2x2x2x2x2x2	48	48	0	0	explicit
2-1s1c1s1s1__group.1186__Z19	32	2x2x2x2x2x2x2x2	192	192	0	0	explicit
2-1s1c1s1s1__group.1172__Z43	16	2x2x2x2x2	16	16	0	0	explicit
2-1s1c1s1s1__group.1172__Z51	16	2x2x2x2x2x2x2	48	48	0	0	explicit
2-1s1c1s1s1__group.1172__Z35	16	2x2x2x2x2	16	16	0	0	explicit
2-1s1c1s1s1__min.238__Z11	8	2x2x2x2x2	20	20	0	0	explicit
2-1s1c1s1s1__group.1186__Z27	32	2x2x2x2x2x2x2	72	72	0	0	explicit
2-1s1c1s1s1__group.1172__Z44	16	2x2x2x4	10	10	0	0	explicit
2-1s1c1s1s1__min.238__Z12	8	2x2x2x2x2	20	20	0	0	explicit
2-1s1c1s1s1__group.1172__Z52	16	2x2x2x2	16	16	0	0	explicit
2-1s1c1s1s1__group.1172__Z36	16	2x2x2x2x2	16	16	0	0	explicit
2-1s1c1s1s1__min.238__Z13	8	2x2x2x2x2	10	10	0	0	explicit
2-1s1c1s1s1__group.1172__Z9	16	2x2x2x2x2	16	16	0	0	explicit
2-1s1c1s1s1__group.1172__Z45	16	2x2x2x2x2	20	20	0	0	explicit
2-1s1c1s1s1__group.1172__Z37	16	2x2x2x2x2x2x2	26	26	0	0	explicit
2-1s1c1s1s1__group.1172__Z53	16	2x2x2x2x2	20	20	0	0	explicit
2-1s1c1s1s1__min.238__Z14	8	2x2x2x2x2x2	26	26	0	0	explicit
2-1s1c1s1s1__group.1172__Z46	16	2x2x2x2x2	24	24	0	0	explicit
2-1s1c1s1s1__min.238__Z15	8	2x2x2x2x2	16	16	0	0	explicit
2-1s1c1s1s1__group.1172__Z38	16	2x2x2x2x2x2x2	80	80	0	0	explicit
2-1s1c1s1s1__group.1172__Z54	16	2x2x2x2	10	10	0	0	explicit
2-1s1c1s1s1__group.1186__Z3	32	2x2x2x2x2x2x2x2x2x2x2	296	296	0	0	explicit
2-1s1c1s1s1__min.238__Z16	8	2x2x2x2x2	13	13	0	0	explicit
2-1s1c1s1s1__group.1170__Z2	16	2x2x2x2x2x2x2x2x2x2	240	240	0	0	explicit
2-1s1c1s1s1__group.1172__Z47	16	2x2x2	8	8	0	0	explicit
1s1s1s1s1s1__min.197__Z69	16	2x2x2x2x2x2x2x2x2x2x2	226	226	0	0	explicit
2-1s1c1s1s1__group.1172__Z39	16	2x2x2x2x2	24	24	0	0	explicit
2-1s1c1s1s1__group.1172__Z6	16	2x2x2x2x2x2x2	96	96	0	0	explicit
2-1s1c1s1s1__min.238__Z17	8	2x2x2x2x2	24	24	0	0	explicit
2-1s1c1s1s1__group.1172__Z48	16	2x2x2x2	10	10	0	0	explicit
2-1s1c1s1s1__group.1186__Z2	32	2x2x2x2x2x2x2x2x2x2x2x2	960	960	0	0	explicit
2-1s1c1s1s1__min.238__Z18	8	2x2x2x2x2	16	16	0	0	explicit
2-1s1c1s1s1__group.1186__Z4	32	2x2x2x2x2x2x2x2x2	74	74	0	0	explicit
2-1s1c1s1s1__group.1172__Z7	16	2x2x2x2x2x2	48	48	0	0	explicit
2-1s1c1s1s1__min.238__Z19	8	2x2x2x2	12	12	0	0	explicit
2-1s1c1s1s1__min.238__Z2	8	2x2x2x2x2x2	20	20	0	0	explicit
2-1s1c1s1s1__group.1172__Z8	16	2x2x2x2x2	16	16	0	0	explicit
2-1s1c1s1s1__min.238__Z3	8	2x2x2x2x2x2	20	20	0	0	explicit
2-1s1c1s1s1__group.1170__Z20	16	2x2x2x2x4	25	25	0	0	explicit
2-1s1c1s1s1__min.238__Z20	8	2x2x2x2	9	9	0	0	explicit
2-1s1c1s1s1__group.1186__Z20	32	2x2x2x2x2	15	15	0	0	explicit
2-1s1c1s1s1__min.238__Z30	8	2x2x2x2x2	15	16	1	0	explicit
2-1s1c1s1s1__min.238__Z21	8	2x2x2x2x2	20	20	0	0	explicit
2-1s1c1s1s1__min.238__Z31	8	2x2x2x2	12	12	0	0	explicit
2-1s1c1s1s1__min.238__Z22	8	2x2x2x2	9	9	0	0	explicit
2-1s1c1s1s1__min.238__Z32	8	2x2x2x2	12	12	0	0	explicit
2-1s1c1s1s1__min.238__Z23	8	2x2x2x2	9	9	0	0	explicit
2-1s1c1s1s1__group.1186__Z21	32	2x2x2x2x2x2x2	72	72	0	0	explicit
2-1s1c1s1s1__group.1170__Z21	16	2x2x2x2x2x2	36	36	0	0	explicit
2-1s1c1s1s1__min.238__Z24	8	2x2x2x2x2	13	13	0	0	explicit
2-1s1c1s1s1__min.238__Z33	8	2x2x2x2x2	20	20	0	0	explicit
2-1s1c1s1s1__min.239__Z10	8	2x2x2x2x4	24	24	0	0	explicit
2-1s1c1s1s1__min.238__Z25	8	2x2x2x2	12	12	0	0	explicit
2-1s1c1s1s1__min.239__Z11	8	2x2x2x2	12	12	0	0	explicit
2-1s1c1s1s1__group.1186__Z22	32	2x2x2x2x2	24	24	0	0	explicit
2-1s1c1s1s1__min.238__Z34	8	2x2x2x2	12	12	0	0	explicit
2-1s1c1s1s1__group.1186__Z5	32	2x2x2x2x2x2x2x2x2x2x2x2	1008	1008	0	0	explicit
2-1s1c1s1s1__min.238__Z26	8	2x2x2x2x2	20	20	0	0	explicit
2-1s1c1s1s1__min.239__Z12	8	2x2x2x2	12	12	0	0	explicit
2-1s1c1s1s1__group.1170__Z22	16	2x2x2x2x2	24	24	0	0	explicit
2-1s1c1s1s1__min.238__Z35	8	2x2x2	8	8	0	0	explicit
2-1s1c1s1s1__min.239__Z13	8	2x2x2x4	12	12	0	0	explicit
2-1s1c1s1s1__min.238__Z39	8	2x2x2x2	12	12	0	0	explicit
2-1s1c1s1s1__min.238__Z36	8	2x2x2x2x2	15	16	1	0	explicit
2-1s1c1s1s1__min.239__Z14	8	2x2x2x2x2	24	24	0	0	explicit
2-1s1c1s1s1__group.1186__Z23	32	2x2x2x2	9	9	0	0	explicit
2-1s1c1s1s1__min.238__Z37	8	2x2x2x2	12	12	0	0	explicit
2-1s1c1s1s1__min.238__Z27	8	2x2x2x2x2	20	20	0	0	explicit
2-1s1c1s1s1__min.239__Z15	8	2x2x2x2	8	8	0	0	explicit
2-1s1c1s1s1__min.239__Z2	8	2x2x2x2x2	16	16	0	0	explicit
2-1s1c1s1s1__min.238__Z38	8	2x2x2x2	12	12	0	0	explicit
2-1s1c1s1s1__min.238__Z4	8	2x2x2x2x2	10	10	0	0	explicit
2-1s1c1s1s1__min.239__Z16	8	2x2x2x2	8	8	0	0	explicit
2-1s1c1s1s1__min.239__Z20	8	2x2x4	9	9	0	0	explicit
2-1s1c1s1s1__min.239__Z17	8	2x2x2x4	18	18	0	0	explicit
2-1s1c1s1s1__min.239__Z21	8	2x2x2x4	18	18	0	0	explicit
2-1s1c1s1s1__min.239__Z29	8	2x2x2x2	12	12	0	0	explicit
2-1s1c1s1s1__group.1186__Z6	32	2x2x2x2x2x2x2x2x2x2x2	1280	1280	0	0	explicit
2-1s1c1s1s1__min.238__Z28	8	2x2x2x2	12	12	0	0	explicit
2-1s1c1s1s1__min.239__Z18	8	2x2x2x2	16	16	0	0	explicit
2-1s1c1s1s1__min.239__Z22	8	2x2x4	9	9	0	0	explicit
2-1s1c1s1s1__min.239__Z3	8	2x2x2x2x4	24	24	0	0	explicit
2-1s1c1s1s1__group.1170__Z23	16	2x2x2x4	13	13	0	0	explicit
2-1s1c1s1s1__min.239__Z23	8	2x2x2	6	6	0	0	explicit
2-1s1c1s1s1__min.239__Z30	8	2x2x2x2	12	12	0	0	explicit
2-1s1c1s1s1__min.239__Z19	8	2x2x2	8	8	0	0	explicit
2-1s1c1s1s1__min.238__Z29	8	2x2x2x2x2	18	20	2	0	explicit
2-1s1c1s1s1__min.238__Z40	8	2x2x2x2	12	12	0	0	explicit
2-1s1c1s1s1__min.239__Z24	8	2x2x2x2	12	12	0	0	explicit
2-1s1c1s1s1__min.239__Z31	8	2x2x2	6	6	0	0	explicit
2-1s1c1s1s1__group.1186__Z24	32	2x2x2x2x2x2x2x2x2x2x2	608	608	0	0	explicit
2-1s1c1s1s1__group.1186__Z7	32	2x2x2x2x2x2x2x2x2	288	288	0	0	explicit
2-1s1c1s1s1__min.239__Z25	8	2x2x2	6	6	0	0	explicit
2-1s1c1s1s1__min.239__Z32	8	2x2x2	6	6	0	0	explicit
2-1s1c1s1s1__min.239__Z26	8	2x2x2x2	16	16	0	0	explicit
2-1s1c1s1s1__group.1170__Z24	16	2x2x2x2x2x2x2x2x2	160	160	0	0	explicit
2-1s1c1s1s1__min.239__Z33	8	2x2x2x4	18	18	0	0	explicit
2-1s1c1s1s1__min.239__Z27	8	2x2x2x4	15	15	0	0	explicit
2-1s1c1s1s1__group.1186__Z25	32	2x2x2x2x2x2x2	128	128	0	0	explicit
1s1s1s1s1s1__min.197__Z7	16	2x2x2x2x2x2x2x2x2x2x2x2	452	452	0	0	explicit
2-1s1c1s1s1__group.1186__Z8	32	2x2x2x2x2x2x2x2	96	96	0	0	explicit
2-1s1c1s1s1__min.239__Z34	8	2x2x2	8	8	0	0	explicit
2-1s1c1s1s1__min.239__Z28	8	2x2x2	6	6	0	0	explicit
2-1s1c1s1s1__min.238__Z41	8	2x2x2	6	8	2	0	explicit
2-1s1c1s1s1__min.239__Z35	8	2x2	4	4	0	0	explicit
2-1s1c1s1s1__min.238__Z5	8	2x2x2x2x2	10	10	0	0	explicit
2-1s1c1s1s1__min.239__Z36	8	2x2x2x2	10	10	0	0	explicit
2-1s1c1s1s1__group.1186__Z26	32	2x2x2x2x2x2x2x2	112	112	0	0	explicit
2-1s1c1s1s1__min.238__Z6	8	2x2x2x2x2x2	36	36	0	0	explicit
2-1s1c1s1s1__min.239__Z37	8	2x2x2	8	8	0	0	explicit
2-1s1c1s1s1__group.1186__Z9	32	2x2x2x2x2x2x2	52	52	0	0	explicit
2-1s1c1s1s1__min.239__Z47	8	2x2x2x2x4	36	36	0	0	explicit
2-1s1c1s1s1__min.238__Z7	8	2x2x2x2x2x2	32	32	0	0	explicit
2-1s1c1s1s1__min.239__Z48	8	2x2x2x2x2	32	32	0	0	explicit
2-1s1c1s1s1__min.238__Z1	8	2x2x2x2x2x2x2	40	40	0	0	explicit
2-1s1c1s1s1__min.238__Z8	8	2x2x2x2x2	24	24	0	0	explicit
2-1s1c1s1s1__min.239__Z38	8	2x2x4	12	12	0	0	explicit
2-1s1c1s1s1__min.239__Z49	8	2x2x2x2x2	24	24	0	0	explicit
2-1s1c1s1s1__min.238__Z10	8	2x2x2x2x2x2	26	26	0	0	explicit
2-1s1c1s1s1__min.238__Z9	8	2x2x2x2x2x2	32	32	0	0	explicit
2-1s1c1s1s1__min.239__Z56	8	2x2x2x2	8	8	0	0	explicit
2-1s1c1s1s1__min.239__Z5	8	2x2x2x2	8	8	0	0	explicit
2-1s1c1s1s1__min.239__Z65	8	2x2x4	10	10	0	0	explicit
2-1s1c1s1s1__min.239__Z1	8	2x2x2x2x2x4	48	48	0	0	explicit
2-1s1c1s1s1__min.239__Z57	8	2x2x4	7	7	0	0	explicit
2-1s1c1s1s1__min.239__Z50	8	2x2x2x2x4	24	24	0	0	explicit
2-1s1c1s1s1__min.239__Z66	8	2x2x2x2	8	8	0	0	explicit
2-1s1c1s1s1__min.239__Z58	8	2x2x2x2x4	24	24	0	0	explicit
2-1s1c1s1s1__min.239__Z51	8	2x2x2x4	18	18	0	0	explicit
2-1s1c1s1s1__min.239__Z67	8	2x2x2x2	16	16	0	0	explicit
2-1s1c1s1s1__min.239__Z59	8	2x2x2x2	16	16	0	0	explicit
2-1s1c1s1s1__min.239__Z74	8	2x2x2x4	18	18	0	0	explicit
2-1s1c1s1s1__min.239__Z52	8	2x2x2x2	12	12	0	0	explicit
2-1s1c1s1s1__min.239__Z68	8	2x2x2x4	15	15	0	0	explicit
2-1s1c1s1s1__min.239__Z69	8	2x2x2	8	8	0	0	explicit
2-1s1c1s1s1__min.239__Z75	8	2x2x4	8	8	0	0	explicit
2-1s1c1s1s1__min.239__Z6	8	2x2x2x2x4	36	36	0	0	explicit
2-1s1c1s1s1__min.239__Z53	8	2x2x2x2	12	12	0	0	explicit
2-1s1c1s1s1__min.239__Z39	8	2x2x2	8	8	0	0	explicit
2-1s1c1s1s1__min.239__Z7	8	2x2x2x2x2	32	32	0	0	explicit
2-1s1c1s1s1__min.239__Z54	8	2x2x2x4	12	12	0	0	explicit
2-1s1c1s1s1__min.239__Z76	8	2x2x4	9	9	0	0	explicit
2-1s1c1s1s1__min.239__Z60	8	2x2x2x2	12	12	0	0	explicit
2-1s1c1s1s1__min.239__Z4	8	2x2x2x4	12	12	0	0	explicit
2-1s1c1s1s1__min.239__Z70	8	2x2x2x2	12	12	0	0	explicit
2-1s1c1s1s1__min.239__Z55	8	2x2x2x4	20	20	0	0	explicit
2-1s1c1s1s1__min.239__Z61	8	2x2x4	9	9	0	0	explicit
2-1s1c1s1s1__min.239__Z9	8	2x2x2x2x4	24	24	0	0	explicit
2-1s1c1s1s1__min.239__Z40	8	2x2x2	8	8	0	0	explicit
2-1s1c1s1s1__min.239__Z77	8	2x4	5	5	0	0	explicit
2-1s1c1s1s1__min.240__Z1	8	2x2x2x4x4	24	24	0	0	explicit
2-1s1c1s1s1__min.239__Z62	8	2x2x2x4	18	18	0	0	explicit
2-1s1c1s1s1__min.240__Z18	8	2x2x4	8	8	0	0	explicit
2-1s1c1s1s1__min.240__Z36	8	2x2x2	8	8	0	0	explicit
2-1s1c1s1s1__min.239__Z78	8	2x2x2x2	12	12	0	0	explicit
2-1s1c1s1s1__min.240__Z27	8	2x2x2	8	8	0	0	explicit
2-1s1c1s1s1__min.240__Z10	8	2x2x2x4	16	16	0	0	explicit
2-1s1c1s1s1__min.239__Z63	8	2x2x4	9	9	0	0	explicit
2-1s1c1s1s1__min.239__Z41	8	2x2	3	4	1	0	explicit
2-1s1c1s1s1__min.240__Z37	8	2x4	5	5	0	0	explicit
2-1s1c1s1s1__min.239__Z79	8	2x2x4	9	9	0	0	explicit
2-1s1c1s1s1__min.240__Z28	8	2x2	4	4	0	0	explicit
2-1s1c1s1s1__min.239__Z71	8	2x2x2	8	8	0	0	explicit
2-1s1c1s1s1__min.240__Z11	8	2x2x4	8	8	0	0	explicit
2-1s1c1s1s1__min.239__Z64	8	2x2x4	7	7	0	0	explicit
2-1s1c1s1s1__min.239__Z42	8	2x2x2x2x2x4	48	48	0	0	explicit
2-1s1c1s1s1__min.240__Z29	8	2x2x2	8	8	0	0	explicit
2-1s1c1s1s1__min.240__Z38	8	2x4	5	5	0	0	explicit
2-1s1c1s1s1__min.240__Z19	8	2x4	4	4	0	0	explicit
2-1s1c1s1s1__min.239__Z8	8	2x2x2x2	16	16	0	0	explicit
2-1s1c1s1s1__min.240__Z12	8	2x2x4	8	8	0	0	explicit
2-1s1c1s1s1__min.240__Z3	8	2x2x4x4	12	12	0	0	explicit
2-1s1c1s1s1__min.239__Z43	8	2x2x2x2x2	16	16	0	0	explicit
2-1s1c1s1s1__min.240__Z39	8	2x4	5	5	0	0	explicit
2-1s1c1s1s1__min.240__Z13	8	2x4x4	6	6	0	0	explicit
2-1s1c1s1s1__min.239__Z80	8	2x2x4	8	8	0	0	explicit
2-1s1c1s1s1__min.240__Z30	8	2x2x2	8	8	0	0	explicit
2-1s1c1s1s1__min.239__Z72	8	2x2x2x2	10	10	0	0	explicit
2-1s1c1s1s1__min.240__Z4	8	2x4x4	6	6	0	0	explicit
1s1s1s1s1s1__min.197__Z70	16	2x2x2x2x2x2x2x2x2x2x2	210	210	0	0	explicit
2-1s1c1s1s1__min.239__Z44	8	2x2x2x2x4	24	24	0	0	explicit
2-1s1c1s1s1__min.240__Z2	8	2x2x4x4	12	12	0	0	explicit
2-1s1c1s1s1__min.240__Z14	8	2x2x2x4	16	16	0	0	explicit
2-1s1c1s1s1__min.240__Z31	8	2x2	4	4	0	0	explicit
2-1s1c1s1s1__min.239__Z45	8	2x2x2x4	12	12	0	0	explicit
2-1s1c1s1s1__min.239__Z81	8	2x2x4	9	9	0	0	explicit
2-1s1c1s1s1__min.240__Z15	8	2x2x4	8	8	0	0	explicit
2-1s1c1s1s1__min.240__Z40	8	2x4	5	5	0	0	explicit
2-1s1c1s1s1__min.240__Z32	8	2x2	4	4	0	0	explicit
2-1s1c1s1s1__min.240__Z20	8	2x4	4	4	0	0	explicit
2-1s1c1s1s1__min.239__Z46	8	2x2x2x2	8	8	0	0	explicit
2-1s1c1s1s1__min.240__Z16	8	2x2x4	8	8	0	0	explicit
2-1s1c1s1s1__min.240__Z33	8	2x4x4	10	10	0	0	explicit
2-1s1c1s1s1__min.240__Z21	8	2x4x4	10	10	0	0	explicit
2-1s1c1s1s1__min.239__Z73	8	2x2x2	8	8	0	0	explicit
2-1s1c1s1s1__min.239__Z82	8	2x2	4	4	0	0	explicit
2-1s1c1s1s1__min.240__Z41	8	2	2	2	0	0	explicit
2-1s1c1s1s1__min.240__Z17	8	2x4x4	10	10	0	0	explicit
2-1s1c1s1s1__min.240__Z22	8	2x4	4	4	0	0	explicit
2-1s1c1s1s1__min.240__Z34	8	2x4	6	6	0	0	explicit
2-1s1c1s1s1__min.240__Z5	8	2x4x4	6	6	0	0	explicit
2-1s1c1s1s1__min.240__Z23	8	2x4	4	4	0	0	explicit
2-1s1c1s1s1__min.240__Z6	8	2x2x2x4	16	16	0	0	explicit
2-1s1c1s1s1__min.240__Z35	8	4	3	3	0	0	explicit
2-1s1c1s1s1__min.240__Z24	8	2x2x4	8	8	0	0	explicit
2-1s1c1s1s1__min.240__Z7	8	2x2x2x4	16	16	0	0	explicit
2-1s1c1s1s1__min.240__Z8	8	2x2x4	8	8	0	0	explicit
2-1s1c1s1s1__min.240__Z25	8	4x4	5	5	0	0	explicit
2-1s1c1s1s1__min.240__Z9	8	2x2x2x4	16	16	0	0	explicit
2-1s1c1s1s1__min.240__Z26	8	2x2x2	8	8	0	0	explicit
2-1s1s1s1s1__group.1193__Z17	16	2x2x2x2x4	48	48	0	0	explicit
2-1s1s1s1s1__group.1193__Z35	16	2x2x4	12	12	0	0	explicit
2-1s1s1s1s1__group.1193__Z26	16	2x2x2x2x2x4	72	72	0	0	explicit
2-1s1s1s1s1__group.1193__Z36	16	2x2x2x4	12	12	0	0	explicit
2-1s1s1s1s1__group.1193__Z53	16	2x2x2x2x2x2x2x4	90	90	0	0	explicit
2-1s1s1s1s1__group.1193__Z8	16	2x2x2x2x2x4	72	72	0	0	explicit
2-1s1s1s1s1__group.1193__Z18	16	2x2x2x2x2x4	72	72	0	0	explicit
2-1s1s1s1s1__group.1193__Z27	16	2x2x2x2x4	36	36	0	0	explicit
2-1s1s1s1s1__group.1194__Z17	16	2x2x2x2	16	16	0	0	explicit
2-1s1s1s1s1__group.1193__Z37	16	2x2x2x4	10	10	0	0	explicit
2-1s1s1s1s1__group.1193__Z9	16	2x2x2x2x2x2	48	48	0	0	explicit
2-1s1s1s1s1__group.1193__Z19	16	2x2x2x4x4	54	54	0	0	explicit
2-1s1s1s1s1__group.1193__Z54	16	2x2x2x2x2x4	64	64	0	0	explicit
2-1s1s1s1s1__group.1193__Z28	16	2x2x2x2	16	16	0	0	explicit
2-1s1s1s1s1__group.1194__Z18	16	2x2x2x2x2	24	24	0	0	explicit
2-1s1s1s1s1__group.1193__Z38	16	2x2x2x2x4	36	36	0	0	explicit
2-1s1s1s1s1__group.1193__Z55	16	2x2x2x2x2x2	20	20	0	0	explicit
2-1s1s1s1s1__group.1193__Z29	16	2x2x2x2x4	32	32	0	0	explicit
2-1s1s1s1s1__group.1194__Z19	16	2x2x2x4	16	16	0	0	explicit
2-1s1s1s1s1__group.1193__Z1	16	2x2x2x2x2x2x2x2x2x2x4	612	612	0	0	explicit
2-1s1s1s1s1__group.1193__Z39	16	2x2x2x4	18	18	0	0	explicit
2-1s1s1s1s1__group.1194__Z1	16	2x2x2x2x2x2x2x2x2x2	188	188	0	0	explicit
2-1s1s1s1s1__group.1193__Z2	16	2x2x2x2x2x2x2x2x4	432	432	0	0	explicit
2-1s1s1s1s1__group.1193__Z56	16	2x2x2x2x4	36	36	0	0	explicit
2-1s1s1s1s1__group.1193__Z10	16	2x2x2x2x4x4	45	45	0	0	explicit
2-1s1s1s1s1__group.1194__Z10	16	2x2x2x2x2	10	10	0	0	explicit
2-1s1s1s1s1__group.1193__Z3	16	2x2x2x2x2x2x2x4	240	240	0	0	explicit
2-1s1s1s1s1__group.1193__Z20	16	2x2x2x4	24	24	0	0	explicit
2-1s1s1s1s1__group.1194__Z2	16	2x2x2x2x2x2x2x2	144	144	0	0	explicit
2-1s1s1s1s1__group.1193__Z4	16	2x2x2x2x2x2x4	120	120	0	0	explicit
2-1s1s1s1s1__group.1194__Z11	16	2x2x2x2x2	10	10	0	0	explicit
2-1s1s1s1s1__group.1193__Z57	16	2x2x2x2x2x2x2x4	90	90	0	0	explicit
2-1s1s1s1s1__group.1193__Z40	16	2x2x4	12	12	0	0	explicit
2-1s1s1s1s1__group.1194__Z20	16	2x2x2	8	8	0	0	explicit
2-1s1s1s1s1__group.1193__Z21	16	2x2x2x4	20	20	0	0	explicit
2-1s1s1s1s1__group.1193__Z58	16	2x2x4	6	6	0	0	explicit
2-1s1s1s1s1__group.1194__Z12	16	2x2x2x2x2	10	10	0	0	explicit
2-1s1s1s1s1__group.1193__Z44	16	2x2x2x2x4	36	36	0	0	explicit
2-1s1s1s1s1__group.1193__Z30	16	2x2x2x2	16	16	0	0	explicit
2-1s1s1s1s1__group.1193__Z41	16	2x2x4	12	12	0	0	explicit
2-1s1s1s1s1__group.1193__Z22	16	2x2x2x2x2x2	48	48	0	0	explicit
2-1s1s1s1s1__group.1193__Z11	16	2x2x2x2x2x4	30	30	0	0	explicit
2-1s1s1s1s1__group.1194__Z21	16	2x2x2	8	8	0	0	explicit
2-1s1s1s1s1__group.1193__Z59	16	2x2x2	4	4	0	0	explicit
2-1s1s1s1s1__group.1194__Z13	16	2x2x2x2x2	10	10	0	0	explicit
2-1s1c1s1s1__group.1186__Z1	32	2x2x2x2x2x2x2x2x2x2x2x2x2x2x2	3952	3952	0	0	explicit
2-1s1s1s1s1__group.1193__Z45	16	2x2x2x2x4	32	32	0	0	explicit
2-1s1s1s1s1__group.1194__Z22	16	2x2x2x2x2	20	20	0	0	explicit
2-1s1s1s1s1__group.1194__Z35	16	2x2	4	4	0	0	explicit
2-1s1s1s1s1__group.1193__Z23	16	2x2x2x2x2x2x2x4	224	224	0	0	explicit
2-1s1s1s1s1__group.1193__Z6	16	2x2x2x2x2x2x2x4	216	216	0	0	explicit
2-1s1s1s1s1__group.1193__Z42	16	2x2x2x2x2x2x2x4	224	224	0	0	explicit
2-1s1s1s1s1__group.1193__Z46	16	2x2x2x2x4	36	36	0	0	explicit
2-1s1s1s1s1__group.1194__Z14	16	2x2x2x2x2x2x2	72	72	0	0	explicit
2-1s1s1s1s1__group.1194__Z23	16	2x2x2x2x2x2x2	72	72	0	0	explicit
2-1s1s1s1s1__group.1193__Z24	16	2x2x2x2x2x2	48	48	0	0	explicit
2-1s1s1s1s1__group.1193__Z60	16	2x2x4	6	6	0	0	explicit
2-1s1s1s1s1__group.1193__Z31	16	2x2x2x2x4	36	36	0	0	explicit
2-1s1s1s1s1__group.1193__Z43	16	2x2x2x2x2x2x2x4	90	90	0	0	explicit
2-1s1s1s1s1__group.1193__Z12	16	2x2x2x2x2x4	25	25	0	0	explicit
2-1s1s1s1s1__group.1193__Z47	16	2x2x2x2x4	36	36	0	0	explicit
2-1s1c1s1s1__group.1186__Z10	32	2x2x2x2x2x2x2x2x2x2x2	268	268	0	0	explicit
2-1s1s1s1s1__group.1194__Z36	16	2x2x2	4	4	0	0	explicit
2-1s1s1s1s1__group.1194__Z26	16	2x2x2x2x2	24	24	0	0	explicit
2-1s1s1s1s1__group.1194__Z15	16	2x2x2x2x2x2x2	72	72	0	0	explicit
2-1s1s1s1s1__group.1193__Z25	16	2x2x2x2x2x2x2x4	90	90	0	0	explicit
2-1s1s1s1s1__group.1194__Z24	16	2x2x2x2x2	20	20	0	0	explicit
2-1s1s1s1s1__group.1193__Z7	16	2x2x2x2x2x2x2	80	80	0	0	explicit
2-1s1s1s1s1__group.1193__Z48	16	2x2x2x2x2x4	64	64	0	0	explicit
2-1s1s1s1s1__group.1193__Z13	16	2x2x2x2x2x2	20	20	0	0	explicit
2-1s1s1s1s1__group.1194__Z37	16	2x2x2	4	4	0	0	explicit
2-1s1s1s1s1__group.1194__Z16	16	2x2x2x2x2	32	32	0	0	explicit
2-1s1s1s1s1__group.1194__Z25	16	2x2x2x2x2x2x2	30	30	0	0	explicit
2-1s1s1s1s1__group.1194__Z27	16	2x2x2x2	12	12	0	0	explicit
2-1s1s1s1s1__group.1193__Z49	16	2x2x2x2x4	48	48	0	0	explicit
1s1s1s1s1s1__group.1075__Z31	32	2x2x2x2x2x2x2x2x2x2x2x2x2x2	488	488	0	0	explicit
2-1s1s1s1s1__group.1194__Z38	16	2x2x2x2	10	10	0	0	explicit
2-1s1s1s1s1__group.1193__Z32	16	2x2x2x2x2x4	96	96	0	0	explicit
2-1s1c1s1s1__group.1186__Z11	32	2x2x2x2x2x2x2x2x2x2x2	1152	1152	0	0	explicit
2-1s1s1s1s1__group.1193__Z14	16	2x2x2x2x2x2x2x4	240	240	0	0	explicit
2-1s1s1s1s1__group.1194__Z28	16	2x2x2	8	8	0	0	explicit
2-1s1s1s1s1__group.1193__Z5	16	2x2x2x2x2x2x2x2x2	120	120	0	0	explicit
2-1s1s1s1s1__group.1194__Z44	16	2x2x2x2	12	12	0	0	explicit
2-1s1s1s1s1__group.1194__Z39	16	2x2x2	6	6	0	0	explicit
2-1s1s1s1s1__group.1194__Z29	16	2x2x2x2	12	12	0	0	explicit
2-1s1c1s1s1__group.1186__Z12	32	2x2x2x2x2x2x2x2	160	160	0	0	explicit
2-1s1s1s1s1__group.1194__Z53	16	2x2x2x2x2x2x2	30	30	0	0	explicit
2-1s1s1s1s1__group.1193__Z15	16	2x2x2x2x2x2x2x4	216	216	0	0	explicit
2-1s1s1s1s1__group.1193__Z50	16	2x2x2x2x4	32	32	0	0	explicit
2-1s1s1s1s1__group.1194__Z45	16	2x2x2x2	12	12	0	0	explicit
2-1s1s1s1s1__group.1194__Z4	16	2x2x2x2x2x2	36	36	0	0	explicit
2-1s1s1s1s1__group.1193__Z33	16	2x2x2x4	18	18	0	0	explicit
2-1s1s1s1s1__group.1194__Z3	16	2x2x2x2x2x2x2	72	72	0	0	explicit
2-1s1s1s1s1__group.1193__Z51	16	2x2x2x2x2x2	20	20	0	0	explicit
2-1s1c1s1s1__group.1186__Z13	32	2x2x2x2x2x2x2	80	80	0	0	explicit
2-1s1s1s1s1__group.1194__Z54	16	2x2x2x2x2	24	24	0	0	explicit
2-1s1s1s1s1__group.1194__Z46	16	2x2x2x2	12	12	0	0	explicit
2-1s1s1s1s1__group.1194__Z40	16	2x4	5	5	0	0	explicit
2-1s1s1s1s1__group.1193__Z16	16	2x2x2x2x2x4	96	96	0	0	explicit
2-1s1s1s1s1__group.1193__Z52	16	2x2x2x2x4	32	32	0	0	explicit
2-1s1s1s1s1__group.1194__Z30	16	2x2x2	8	8	0	0	explicit
2-1s1s1s1s1__group.1194__Z55	16	2x2x2x2x2	10	10	0	0	explicit
2-1s1s1s1s1__group.1194__Z41	16	2x2	4	4	0	0	explicit
2-1s1s1s1s1__group.1194__Z47	16	2x2x2x2	10	10	0	0	explicit
2-1s1s1s1s1__group.1195__Z17	16	2x2x2x2	16	16	0	0	explicit
2-1s1c1s1s1__group.1186__Z14	32	2x2x2x2x2x2x2x2	84	84	0	0	explicit
2-1s1s1s1s1__group.1193__Z34	16	2x2x4	10	10	0	0	explicit
2-1s1s1s1s1__group.1194__Z8	16	2x2x2x2x2	20	20	0	0	explicit
2-1s1s1s1s1__group.1194__Z31	16	2x2x2x2	10	10	0	0	explicit
2-1s1s1s1s1__group.1194__Z56	16	2x2x2x2	12	12	0	0	explicit
2-1s1s1s1s1__group.1194__Z48	16	2x2x2x2x2	24	24	0	0	explicit
2-1s1s1s1s1__group.1194__Z42	16	2x2x2x2x2x2x2	72	72	0	0	explicit
2-1s1s1s1s1__group.1195__Z18	16	2x2x2x2	16	16	0	0	explicit
2-1s1s1s1s1__group.1194__Z9	16	2x2x2x2x2	20	20	0	0	explicit
2-1s1s1s1s1__group.1194__Z57	16	2x2x2x2x2x2x2	30	30	0	0	explicit
2-1s1s1s1s1__group.1194__Z32	16	2x2x2x2x2	32	32	0	0	explicit
2-1s1s1s1s1__group.1195__Z26	16	2x2x2	4	4	0	0	explicit
2-1s1s1s1s1__group.1194__Z43	16	2x2x2x2x2x2x2	30	30	0	0	explicit
2-1s1s1s1s1__group.1194__Z58	16	2x2	2	2	0	0	explicit
2-1s1s1s1s1__group.1194__Z49	16	2x2x2x2	16	16	0	0	explicit
2-1s1c1s1s1__group.1186__Z15	32	2x2x2x2x2x2x2x2x2x2x2	640	640	0	0	explicit
2-1s1s1s1s1__group.1194__Z33	16	2x2x2	6	6	0	0	explicit
2-1s1s1s1s1__group.1195__Z19	16	2x2x2x2x2x2x2	80	80	0	0	explicit
2-1s1s1s1s1__group.1195__Z1	16	2x2x2x2x2x2x2x2x2x2	162	162	0	0	explicit
2-1s1s1s1s1__group.1195__Z27	16	2x2x2	6	6	0	0	explicit
2-1s1s1s1s1__group.1194__Z5	16	2x2x2x2x2x2x2x2	52	52	0	0	explicit
2-1s1s1s1s1__group.1194__Z59	16	2x2	2	2	0	0	explicit
2-1s1s1s1s1__group.1195__Z10	16	2x2x2x2x2x2	17	17	0	0	explicit
2-1s1s1s1s1__group.1195__Z28	16	2x2x2x2x2x2	36	36	0	0	explicit
2-1s1s1s1s1__group.1194__Z34	16	2x2	4	4	0	0	explicit
2-1s1c1s1s1__group.1186__Z16	32	2x2x2x2x2x2x2x2	84	84	0	0	explicit
2-1s1s1s1s1__group.1195__Z2	16	2x2x2x2x2x2x2x2	144	144	0	0	explicit
2-1s1s1s1s1__group.1195__Z35	16	2x2x2x2	12	12	0	0	explicit
2-1s1s1s1s1__group.1194__Z50	16	2x2x2x2	12	12	0	0	explicit
2-1s1s1s1s1__group.1194__Z6	16	2x2x2x2x2x2x2	72	72	0	0	explicit
2-1s1s1s1s1__group.1195__Z29	16	2x2x2x2x2x2	32	32	0	0	explicit
2-1s1s1s1s1__group.1195__Z11	16	2x2x2x2x2x2x2	72	72	0	0	explicit
2-1s1c1s1s1__group.1186__Z17	32	2x2x2x2x2x2x2	48	48	0	0	explicit
2-1s1s1s1s1__group.1194__Z51	16	2x2x2x2x2	10	10	0	0	explicit
2-1s1s1s1s1__group.1194__Z60	16	2x2	2	2	0	0	explicit
2-1s1s1s1s1__group.1195__Z20	16	2x2x2x2x2	32	32	0	0	explicit
2-1s1s1s1s1__group.1195__Z3	16	2x2x2x2x2x2x2	72	72	0	0	explicit
2-1s1s1s1s1__group.1195__Z36	16	2x2x2x2	10	10	0	0	explicit
2-1s1s1s1s1__group.1195__Z12	16	2x2x2x2x2x2	48	48	0	0	explicit
2-1s1s1s1s1__group.1195__Z21	16	2x2x2x2	9	9	0	0	explicit
2-1s1s1s1s1__group.1195__Z7	16	2x2x2x2x2x2	48	48	0	0	explicit
2-1s1s1s1s1__group.1194__Z7	16	2x2x2x2x2x2	40	40	0	0	explicit
2-1s1s1s1s1__group.1194__Z52	16	2x2x2x2	12	12	0	0	explicit
2-1s1s1s1s1__group.1195__Z30	16	2x2x2x2x2x2	32	36	4	0	explicit
2-1s1s1s1s1__group.1195__Z37	16	2x2x2x2x2x2	32	32	0	0	explicit
2-1s1s1s1s1__group.1195__Z22	16	2x2x2	6	6	0	0	explicit
2-1s1s1s1s1__group.1195__Z53	16	2x2x2	5	5	0	0	explicit
2-1s1s1s1s1__group.1195__Z44	16	2x2x2	5	5	0	0	explicit
2-1s1s1s1s1__group.1195__Z8	16	2x2x2x2x2x2	40	40	0	0	explicit
2-1s1s1s1s1__group.1195__Z13	16	2x2x2x2x2x2	36	36	0	0	explicit
2-1s1s1s1s1__group.1195__Z31	16	2x2x2x2x2x2	24	26	2	0	explicit
2-1s1s1s1s1__group.1203__Z105	16	2x2x2x2x2	32	32	0	0	explicit
2-1s1s1s1s1__group.1195__Z38	16	2x2x2x2x2	24	24	0	0	explicit
2-1s1s1s1s1__group.1195__Z9	16	2x2x2x2x2x2	24	24	0	0	explicit
2-1s1s1s1s1__group.1195__Z23	16	2x2x2x2	10	10	0	0	explicit
2-1s1s1s1s1__group.1195__Z45	16	2x2x2x2x2x2x2	34	34	0	0	explicit
2-1s1s1s1s1__group.1195__Z32	16	2x2x2x2x2x2	16	16	0	0	explicit
2-1s1s1s1s1__group.1203__Z106	16	2x2x2x2x2	20	20	0	0	explicit
2-1s1s1s1s1__group.1195__Z14	16	2x2x2x2x2x2x2x2	68	68	0	0	explicit
2-1s1s1s1s1__group.1195__Z54	16	2x2x2	8	8	0	0	explicit
2-1s1s1s1s1__group.1203__Z107	16	2x2x2x2x2x2	30	30	0	0	explicit
2-1s1s1s1s1__group.1195__Z24	16	2x2x2	6	6	0	0	explicit
2-1s1s1s1s1__group.1195__Z33	16	2x2x2x2	16	16	0	0	explicit
2-1s1s1s1s1__group.1195__Z46	16	2x2x2x2x2	24	24	0	0	explicit
2-1s1s1s1s1__group.1195__Z39	16	2x2x2x2x2	20	20	0	0	explicit
2-1s1s1s1s1__group.1203__Z114	16	2x2x2x2	10	12	2	0	explicit
2-1s1s1s1s1__group.1195__Z55	16	2x2x2	5	6	1	0	explicit
2-1s1s1s1s1__group.1203__Z1	16	2x2x2x2x2x2x2x2x2x2x2	1088	1088	0	0	explicit
2-1s1s1s1s1__group.1203__Z108	16	2x2x2x2x2x2	36	36	0	0	explicit
2-1s1s1s1s1__group.1195__Z25	16	2x2x2x2x2x2	36	36	0	0	explicit
2-1s1s1s1s1__group.1195__Z47	16	2x2x2x2	9	9	0	0	explicit
2-1s1s1s1s1__group.1195__Z15	16	2x2x2x2x2	32	32	0	0	explicit
2-1s1s1s1s1__group.1195__Z56	16	2x2x2	6	6	0	0	explicit
2-1s1s1s1s1__group.1195__Z34	16	2x2x2x2x2x2x2	72	72	0	0	explicit
2-1s1s1s1s1__group.1203__Z115	16	2x2x2x2	12	12	0	0	explicit
2-1s1s1s1s1__group.1203__Z123	16	2x2x2x2x2x2x2	128	128	0	0	explicit
2-1s1s1s1s1__group.1203__Z109	16	2x2x2x2x2x2	40	40	0	0	explicit
2-1s1s1s1s1__group.1203__Z10	16	2x2x2x2x2x2x2x2x2	272	272	0	0	explicit
2-1s1s1s1s1__group.1195__Z48	16	2x2x2x2x2x2	16	16	0	0	explicit
2-1s1s1s1s1__group.1203__Z116	16	2x2x2x2	10	12	2	0	explicit
2-1s1s1s1s1__group.1195__Z57	16	2x2x2	4	4	0	0	explicit
2-1s1s1s1s1__group.1203__Z11	16	2x2x2x2x2x2x2x2x2	224	224	0	0	explicit
2-1s1s1s1s1__group.1195__Z16	16	2x2x2x2x2	24	24	0	0	explicit
2-1s1s1s1s1__group.1203__Z100	16	2x2x2x2x2x2	40	40	0	0	explicit
2-1s1s1s1s1__group.1203__Z117	16	2x2x2x2	10	12	2	0	explicit
2-1s1s1s1s1__group.1203__Z124	16	2x2x2x2x2x2x2x2x2	216	216	0	0	explicit
2-1s1s1s1s1__group.1195__Z4	16	2x2x2x2x2x2	36	36	0	0	explicit
2-1s1s1s1s1__group.1195__Z58	16	2	2	2	0	0	explicit
2-1s1s1s1s1__group.1203__Z110	16	2x2x2x2x2x2x2x2	136	136	0	0	explicit
2-1s1s1s1s1__group.1203__Z101	16	2x2x2x2x2x2x2x2	144	144	0	0	explicit
2-1s1s1s1s1__group.1203__Z118	16	2x2x2x2x2x2	40	40	0	0	explicit
2-1s1s1s1s1__group.1195__Z49	16	2x2x2x2x2	20	20	0	0	explicit
2-1s1s1s1s1__group.1203__Z132	16	2x2x2x2x2x2x2	128	128	0	0	explicit
2-1s1s1s1s1__group.1195__Z40	16	2x2x2x2x2x2	24	26	2	0	explicit
2-1s1s1s1s1__group.1203__Z111	16	2x2x2x2	12	12	0	0	explicit
2-1s1s1s1s1__group.1203__Z102	16	2x2x2x2x2x2	40	40	0	0	explicit
2-1s1s1s1s1__group.1203__Z125	16	2x2x2x2x2x2x2x2x2	216	216	0	0	explicit
2-1s1s1s1s1__group.1195__Z5	16	2x2x2x2x2x2x2x2	112	112	0	0	explicit
2-1s1s1s1s1__group.1203__Z133	16	2x2x2x2x2x2x2	96	96	0	0	explicit
2-1s1s1s1s1__group.1203__Z112	16	2x2x2x2x2x2	40	40	0	0	explicit
2-1s1s1s1s1__group.1203__Z150	16	2x2x2x2x2x2x2x2	256	256	0	0	explicit
2-1s1s1s1s1__group.1203__Z126	16	2x2x2x2x2x2x2	80	80	0	0	explicit
2-1s1s1s1s1__group.1195__Z50	16	2x2x2x2x2x2x2	27	27	0	0	explicit
2-1s1s1s1s1__group.1203__Z103	16	2x2x2x2x2	32	32	0	0	explicit
2-1s1s1s1s1__group.1203__Z113	16	2x2x2x2	10	12	2	0	explicit
2-1s1s1s1s1__group.1195__Z41	16	2x2x2x2	16	16	0	0	explicit
2-1s1s1s1s1__group.1203__Z134	16	2x2x2x2x2x2	64	64	0	0	explicit
2-1s1s1s1s1__group.1195__Z59	16	2x2x2x2x2	14	14	0	0	explicit
2-1s1s1s1s1__group.1203__Z16	16	2x2x2x2x2x2x2	96	96	0	0	explicit
2-1s1s1s1s1__group.1203__Z151	16	2x2x2x2x2x2x2	96	96	0	0	explicit
2-1s1s1s1s1__group.1203__Z127	16	2x2x2x2x2x2x2	80	80	0	0	explicit
2-1s1s1s1s1__group.1195__Z42	16	2x2x2x2x2	14	14	0	0	explicit
2-1s1s1s1s1__group.1203__Z119	16	2x2x2x2x2x2x2x2x2x2x2	1056	1056	0	0	explicit
2-1s1s1s1s1__group.1203__Z135	16	2x2x2x2x2x2x2	60	60	0	0	explicit
2-1s1s1s1s1__group.1203__Z104	16	2x2x2x2x2x2	64	64	0	0	explicit
2-1s1s1s1s1__group.1195__Z51	16	2x2x2	6	6	0	0	explicit
2-1s1s1s1s1__group.1195__Z6	16	2x2x2x2x2x2x2x2	68	68	0	0	explicit
2-1s1s1s1s1__group.1203__Z152	16	2x2x2x2x2x2	48	48	0	0	explicit
2-1s1s1s1s1__group.1203__Z160	16	2x2x2x2x2x2x2x2	256	256	0	0	explicit
2-1s1s1s1s1__group.1203__Z12	16	2x2x2x2x2x2x2x2x2	176	176	0	0	explicit
2-1s1s1s1s1__group.1203__Z128	16	2x2x2x2x2x2x2x2x2	288	288	0	0	explicit
2-1s1s1s1s1__group.1195__Z52	16	2x2x2	8	8	0	0	explicit
2-1s1s1s1s1__group.1203__Z136	16	2x2x2x2x2x2x2	60	60	0	0	explicit
1s1s1s1s1s1__group.1075__Z23	32	2x2x2x2x2x2x2x2x2x2x2x2x2x2	2244	2244	0	0	explicit
2-1s1s1s1s1__group.1195__Z43	16	2x2x2	6	6	0	0	explicit
2-1s1s1s1s1__group.1195__Z60	16	2x2x2	6	6	0	0	explicit
2-1s1s1s1s1__group.1203__Z153	16	2x2x2x2x2x2	64	64	0	0	explicit
2-1s1s1s1s1__group.1203__Z161	16	2x2x2x2x2x2	64	64	0	0	explicit
2-1s1s1s1s1__group.1203__Z120	16	2x2x2x2x2x2x2x2x2	288	288	0	0	explicit
2-1s1s1s1s1__group.1203__Z137	16	2x2x2x2x2x2	40	40	0	0	explicit
2-1s1s1s1s1__group.1203__Z162	16	2x2x2x2x2	32	32	0	0	explicit
2-1s1s1s1s1__group.1203__Z129	16	2x2x2x2x2x2x2x2x2	208	208	0	0	explicit
2-1s1s1s1s1__group.1195__Z61	16	2x2x2	6	6	0	0	explicit
2-1s1s1s1s1__group.1203__Z169	16	2x2x2x2x2x2	64	64	0	0	explicit
2-1s1s1s1s1__group.1203__Z13	16	2x2x2x2x2x2x2x2	256	256	0	0	explicit
2-1s1s1s1s1__group.1203__Z141	16	2x2x2x2x2x2x2	72	72	0	0	explicit
2-1s1s1s1s1__group.1203__Z163	16	2x2x2x2	16	16	0	0	explicit
2-1s1s1s1s1__group.1203__Z121	16	2x2x2x2x2x2x2x2x2	512	512	0	0	explicit
2-1s1s1s1s1__group.1203__Z138	16	2x2x2x2x2x2	40	40	0	0	explicit
2-1s1s1s1s1__group.1203__Z17	16	2x2x2x2x2x2x2	72	72	0	0	explicit
2-1s1s1s1s1__group.1203__Z154	16	2x2x2x2x4	48	48	0	0	explicit
2-1s1s1s1s1__group.1203__Z178	16	2x2x2x2x2x2	40	40	0	0	explicit
2-1s1s1s1s1__group.1203__Z130	16	2x2x2x2x2x2x2	80	80	0	0	explicit
2-1s1s1s1s1__group.1203__Z164	16	2x2x2x2x2	32	32	0	0	explicit
2-1s1s1s1s1__group.1203__Z122	16	2x2x2x2x2x2x2x2	256	256	0	0	explicit
2-1s1s1s1s1__group.1203__Z170	16	2x2x2x2	16	16	0	0	explicit
2-1s1s1s1s1__group.1203__Z142	16	2x2x2x2x2x2x2x2x2	224	224	0	0	explicit
2-1s1s1s1s1__group.1203__Z139	16	2x2x2x2x2x2x2x2	256	256	0	0	explicit
2-1s1s1s1s1__group.1203__Z131	16	2x2x2x2x2x2x2x2	256	256	0	0	explicit
2-1s1s1s1s1__group.1203__Z179	16	2x2x2x2x2x2x2	40	48	8	0	explicit
2-1s1s1s1s1__group.1203__Z14	16	2x2x2x2x2x2x2	128	128	0	0	explicit
2-1s1s1s1s1__group.1203__Z171	16	2x2x4	10	10	0	0	explicit
2-1s1s1s1s1__group.1203__Z143	16	2x2x2x2x2x2	64	64	0	0	explicit
2-1s1s1s1s1__group.1203__Z155	16	2x2x2x2x2	24	24	0	0	explicit
2-1s1s1s1s1__group.1203__Z18	16	2x2x2x2x2x2	40	40	0	0	explicit
2-1s1s1s1s1__group.1203__Z165	16	2x2x2x2	16	16	0	0	explicit
2-1s1s1s1s1__group.1203__Z172	16	2x2x2x2	12	12	0	0	explicit
2-1s1s1s1s1__group.1203__Z140	16	2x2x2x2x2x2x2	72	72	0	0	explicit
2-1s1s1s1s1__group.1203__Z144	16	2x2x2x2x2x2	48	48	0	0	explicit
2-1s1s1s1s1__group.1203__Z156	16	2x2x2x4	20	20	0	0	explicit
2-1s1s1s1s1__group.1203__Z196	16	2x2x2x2x2x2x2x2	144	144	0	0	explicit
2-1s1s1s1s1__group.1203__Z204	16	2x2x2x2x2	32	32	0	0	explicit
2-1s1s1s1s1__group.1203__Z180	16	2x2x2x2x2	18	20	2	0	explicit
2-1s1s1s1s1__group.1203__Z173	16	2x2x4	12	12	0	0	explicit
2-1s1s1s1s1__group.1203__Z145	16	2x2x2x2x2	24	24	0	0	explicit
1s1s1s1s1s1__group.1075__Z24	32	2x2x2x2x2x2x2x2x2	36	36	0	0	explicit
2-1s1s1s1s1__group.1203__Z157	16	2x2x2x2x2x2x2x2	144	144	0	0	explicit
2-1s1s1s1s1__group.1203__Z187	16	2x2x2x2x2x2x2	48	52	4	0	explicit
2-1s1s1s1s1__group.1203__Z205	16	2x2x2x2x2x2	36	36	0	0	explicit
2-1s1s1s1s1__group.1203__Z213	16	2x2x2x2x2	32	32	0	0	explicit
2-1s1s1s1s1__group.1203__Z181	16	2x2x2x2x2x2x2	72	72	0	0	explicit
2-1s1s1s1s1__group.1203__Z174	16	2x2x2x2x2x2x2	72	72	0	0	explicit
2-1s1s1s1s1__group.1203__Z166	16	2x2x2x2x2x2	48	48	0	0	explicit
2-1s1s1s1s1__group.1203__Z146	16	2x2x2x2x2	24	24	0	0	explicit
2-1s1s1s1s1__group.1203__Z158	16	2x2x2x2x2x2	64	64	0	0	explicit
2-1s1s1s1s1__group.1203__Z206	16	2x2x2x2	16	16	0	0	explicit
2-1s1s1s1s1__group.1203__Z214	16	2x2x2x2x2	32	32	0	0	explicit
2-1s1s1s1s1__group.1203__Z188	16	2x2x2x2x2	24	24	0	0	explicit
2-1s1s1s1s1__group.1203__Z182	16	2x2x2x2x2x2x2	48	52	4	0	explicit
2-1s1s1s1s1__group.1203__Z175	16	2x2x2x2x2x2x2	48	52	4	0	explicit
2-1s1s1s1s1__group.1203__Z197	16	2x2x2x2x2x2x2x2	256	256	0	0	explicit
2-1s1s1s1s1__group.1203__Z147	16	2x2x2x2x2x2x2x2	144	144	0	0	explicit
2-1s1s1s1s1__group.1203__Z159	16	2x2x2x2x2x2	64	64	0	0	explicit
2-1s1s1s1s1__group.1203__Z189	16	2x2x2x2x2	32	32	0	0	explicit
2-1s1s1s1s1__group.1203__Z215	16	2x2x2x2x4	40	40	0	0	explicit
2-1s1s1s1s1__group.1203__Z183	16	2x2x2x2x2	24	24	0	0	explicit
2-1s1s1s1s1__group.1203__Z176	16	2x2x2x2x2	24	24	0	0	explicit
2-1s1s1s1s1__group.1203__Z207	16	2x2x2	6	6	0	0	explicit
2-1s1s1s1s1__group.1203__Z167	16	2x2x2x2x2x2	48	48	0	0	explicit
2-1s1s1s1s1__group.1203__Z148	16	2x2x2x2x2x2	64	64	0	0	explicit
2-1s1s1s1s1__group.1203__Z19	16	2x2x2x2x2x2	48	48	0	0	explicit
2-1s1s1s1s1__group.1203__Z222	16	2x2x2x2x2	32	32	0	0	explicit
2-1s1s1s1s1__group.1203__Z184	16	2x2x2x2x2x2	64	64	0	0	explicit
2-1s1s1s1s1__group.1203__Z216	16	2x2x2x2x2	32	32	0	0	explicit
2-1s1s1s1s1__group.1203__Z177	16	2x2x2x2x2x2x2x2	136	136	0	0	explicit
2-1s1s1s1s1__group.1203__Z190	16	2x2x4	12	12	0	0	explicit
2-1s1s1s1s1__group.1203__Z149	16	2x2x2x2x4	48	48	0	0	explicit
2-1s1s1s1s1__group.1203__Z198	16	2x2x2x2x2	32	32	0	0	explicit
2-1s1s1s1s1__group.1203__Z168	16	2x2x2x2x2x2x2	96	96	0	0	explicit
2-1s1s1s1s1__group.1203__Z208	16	2x2x2x2x2x2x2x2	144	144	0	0	explicit
2-1s1s1s1s1__group.1203__Z185	16	2x2x2x2x2	18	20	2	0	explicit
2-1s1s1s1s1__group.1203__Z217	16	2x2x2x2x2x2	48	48	0	0	explicit
2-1s1s1s1s1__group.1203__Z15	16	2x2x2x2x2x2x2	96	96	0	0	explicit
2-1s1s1s1s1__group.1203__Z223	16	2x2x2x2x2x2	40	40	0	0	explicit
2-1s1s1s1s1__group.1203__Z199	16	2x2x2x2x2	32	32	0	0	explicit
2-1s1s1s1s1__group.1203__Z209	16	2x2x2x2x2x2	32	32	0	0	explicit
2-1s1s1s1s1__group.1203__Z186	16	2x2x2x2x2	32	32	0	0	explicit
2-1s1s1s1s1__group.1203__Z218	16	2x2x2x2x2x2x2x2	136	136	0	0	explicit
2-1s1s1s1s1__group.1203__Z224	16	2x2x2x2x2x2	32	32	0	0	explicit
2-1s1s1s1s1__group.1203__Z21	16	2x2x2x2x2x2x2x2	256	256	0	0	explicit
2-1s1s1s1s1__group.1203__Z231	16	2x2x2x2	9	10	1	0	explicit
2-1s1s1s1s1__group.1203__Z2	16	2x2x2x2x2x2x2x2x2	272	272	0	0	explicit
2-1s1s1s1s1__group.1203__Z4	16	2x2x2x2x2x2x2x2	256	256	0	0	explicit
2-1s1s1s1s1__group.1203__Z191	16	2x2x2x2x2	32	32	0	0	explicit
2-1s1s1s1s1__group.1203__Z30	16	2x2x2x2x2x2	64	64	0	0	explicit
2-1s1s1s1s1__group.1203__Z219	16	2x2x2x2x2x2	40	40	0	0	explicit
2-1s1s1s1s1__group.1203__Z40	16	2x2x2x2x2x2	64	64	0	0	explicit
2-1s1s1s1s1__group.1203__Z20	16	2x2x2x2x2x2	40	40	0	0	explicit
2-1s1s1s1s1__group.1203__Z210	16	2x2x2x2x2x2	32	32	0	0	explicit
2-1s1s1s1s1__group.1203__Z31	16	2x2x2x2x2x2	64	64	0	0	explicit
2-1s1s1s1s1__group.1203__Z22	16	2x2x2x2x2x2x2	60	60	0	0	explicit
2-1s1s1s1s1__group.1203__Z232	16	2x2x2x2	9	12	3	0	explicit
2-1s1s1s1s1__group.1203__Z225	16	2x2x2x2x2x2	40	40	0	0	explicit
2-1s1s1s1s1__group.1203__Z41	16	2x2x2x2x2x2	64	64	0	0	explicit
2-1s1s1s1s1__group.1203__Z192	16	2x2x2x2x2x2x2	48	52	4	0	explicit
2-1s1s1s1s1__group.1203__Z200	16	2x2x2x2x2x2x2	60	64	4	0	explicit
2-1s1s1s1s1__group.1203__Z211	16	2x2x2x2x2	32	32	0	0	explicit
2-1s1s1s1s1__group.1203__Z32	16	2x2x2x2x2x2x2x2	256	256	0	0	explicit
2-1s1s1s1s1__group.1203__Z42	16	2x2x2x2x2x2x2x2	256	256	0	0	explicit
2-1s1s1s1s1__group.1203__Z220	16	2x2x2x2x2	32	32	0	0	explicit
2-1s1s1s1s1__group.1203__Z233	16	2x2x2x2x2x2	36	36	0	0	explicit
2-1s1s1s1s1__group.1203__Z33	16	2x2x2x2x2x2x2	96	96	0	0	explicit
2-1s1s1s1s1__group.1203__Z226	16	2x2x2x2x2x2x2x2	144	144	0	0	explicit
2-1s1s1s1s1__group.1203__Z43	16	2x2x2x2x2x2	64	64	0	0	explicit
2-1s1s1s1s1__group.1203__Z193	16	2x2x2x2x2	24	24	0	0	explicit
2-1s1s1s1s1__group.1203__Z49	16	2x2x2x2x2	32	32	0	0	explicit
2-1s1s1s1s1__group.1203__Z201	16	2x2x2x2x2x2	40	40	0	0	explicit
2-1s1s1s1s1__group.1203__Z212	16	2x2x2x2x2x2	64	64	0	0	explicit
2-1s1s1s1s1__group.1203__Z221	16	2x2x2x2x2x2	64	64	0	0	explicit
2-1s1s1s1s1__group.1203__Z44	16	2x2x2x2x2	32	32	0	0	explicit
2-1s1s1s1s1__group.1203__Z24	16	2x2x2x2x2x2x2x2	136	136	0	0	explicit
2-1s1s1s1s1__group.1203__Z34	16	2x2x2x2x2x2x2	80	80	0	0	explicit
2-1s1s1s1s1__group.1203__Z194	16	2x2x2x2	16	16	0	0	explicit
2-1s1s1s1s1__group.1203__Z227	16	2x2x2x2x2x2	64	64	0	0	explicit
2-1s1s1s1s1__group.1203__Z5	16	2x2x2x2x2x2x2	128	128	0	0	explicit
2-1s1s1s1s1__group.1203__Z45	16	2x2x2x2	16	16	0	0	explicit
2-1s1s1s1s1__group.1203__Z25	16	2x2x2x2x2x2	64	64	0	0	explicit
2-1s1s1s1s1__group.1203__Z35	16	2x2x2x2x2x2	64	64	0	0	explicit
2-1s1s1s1s1__group.1203__Z50	16	2x2x2x2x2x2	64	64	0	0	explicit
2-1s1s1s1s1__group.1203__Z46	16	2x2x2x2x2	32	32	0	0	explicit
2-1s1s1s1s1__group.1203__Z26	16	2x2x2x2x2	32	32	0	0	explicit
2-1s1s1s1s1__group.1203__Z58	16	2x2x2x2x2x2x2	42	48	6	0	explicit
2-1s1s1s1s1__group.1203__Z195	16	2x2x2x2	12	12	0	0	explicit
2-1s1s1s1s1__group.1203__Z36	16	2x2x2x2x2x2	48	48	0	0	explicit
2-1s1s1s1s1__group.1203__Z228	16	2x2x2x2	16	16	0	0	explicit
2-1s1s1s1s1__group.1203__Z51	16	2x2x2x2x2x2	64	64	0	0	explicit
2-1s1s1s1s1__group.1203__Z47	16	2x2x2x2	16	16	0	0	explicit
2-1s1s1s1s1__group.1203__Z27	16	2x2x2x2x2	18	18	0	0	explicit
2-1s1s1s1s1__group.1203__Z202	16	2x2x2x2x2x2	32	32	0	0	explicit
2-1s1s1s1s1__group.1203__Z59	16	2x2x2x2x2x2x2x2	144	144	0	0	explicit
2-1s1s1s1s1__group.1203__Z37	16	2x2x2x2x2	24	24	0	0	explicit
2-1s1s1s1s1__group.1203__Z52	16	2x2x2x2	16	16	0	0	explicit
2-1s1s1s1s1__group.1203__Z28	16	2x2x2x2	12	12	0	0	explicit
2-1s1s1s1s1__group.1203__Z229	16	2x2x2x2	9	10	1	0	explicit
2-1s1s1s1s1__group.1203__Z48	16	2x2x2x2x2x2x2	60	60	0	0	explicit
2-1s1s1s1s1__group.1203__Z53	16	2x2x2	8	8	0	0	explicit
2-1s1s1s1s1__group.1203__Z76	16	2x2x2x2	16	16	0	0	explicit
2-1s1s1s1s1__group.1203__Z6	16	2x2x2x2x2x2x2x2x2	240	240	0	0	explicit
2-1s1s1s1s1__group.1203__Z38	16	2x2x2x2x2	24	24	0	0	explicit
2-1s1s1s1s1__group.1203__Z23	16	2x2x2x2x2x2	40	40	0	0	explicit
2-1s1s1s1s1__group.1203__Z29	16	2x2x2x2x2x2x2x2x2	216	216	0	0	explicit
2-1s1s1s1s1__group.1203__Z54	16	2x2x2	8	8	0	0	explicit
2-1s1s1s1s1__group.1203__Z77	16	2x2x2	8	8	0	0	explicit
2-1s1s1s1s1__group.1203__Z60	16	2x2x2x2x2x2x2	60	60	0	0	explicit
2-1s1s1s1s1__group.1203__Z39	16	2x2x2x2x2x2x2x2	160	160	0	0	explicit
2-1s1s1s1s1__group.1203__Z3	16	2x2x2x2x2x2x2x2x2	512	512	0	0	explicit
2-1s1s1s1s1__group.1203__Z67	16	2x2x2x2x2	20	20	0	0	explicit
2-1s1s1s1s1__group.1203__Z94	16	2x2x2x2x2	32	32	0	0	explicit
2-1s1s1s1s1__group.1203__Z78	16	2x2x2x2x2x2x2x2	144	144	0	0	explicit
2-1s1s1s1s1__group.1203__Z203	16	2x2x2x2x2x2x2	60	64	4	0	explicit
2-1s1s1s1s1__group.1203__Z230	16	2x2x2x2	9	10	1	0	explicit
2-1s1s1s1s1__group.1203__Z55	16	2x2x2x2	12	12	0	0	explicit
2-1s1s1s1s1__group.1203__Z61	16	2x2x2x2x2x2x2	48	56	8	0	explicit
2-1s1s1s1s1__group.1203__Z85	16	2x2x2x2x2x2	30	30	0	0	explicit
2-1s1s1s1s1__group.1203__Z95	16	2x2x2x2x2x2	64	64	0	0	explicit
2-1s1s1s1s1__group.1203__Z68	16	2x2x2x2x2	24	24	0	0	explicit
2-1s1s1s1s1__group.1203__Z79	16	2x2x2x2x2x2x2x2	256	256	0	0	explicit
2-1s1s1s1s1__group.1203__Z86	16	2x2x2x2x2	32	32	0	0	explicit
2-1s1s1s1s1__group.1203__Z62	16	2x2x2x2x2x2x2	42	48	6	0	explicit
2-1s1s1s1s1__group.1203__Z96	16	2x2x2x2x2	32	32	0	0	explicit
2-1s1s1s1s1__group.1203__Z69	16	2x2x2x2x2x2x2	60	64	4	0	explicit
2-1s1s1s1s1__group.1203__Z8	16	2x2x2x2x2x2x2	96	96	0	0	explicit
2-1s1s1s1s1__group.1206__Z102	16	2x2x2x2x4	40	40	0	0	explicit
2-1s1s1s1s1__group.1203__Z87	16	2x2x2x2x2x2	40	40	0	0	explicit
2-1s1s1s1s1__group.1203__Z97	16	2x2x2x2x2	32	32	0	0	explicit
2-1s1s1s1s1__group.1203__Z63	16	2x2x2x2x2x2	30	30	0	0	explicit
2-1s1s1s1s1__group.1203__Z56	16	2x2x2x2x2x2x2	60	60	0	0	explicit
2-1s1s1s1s1__group.1203__Z80	16	2x2x2x2x2	32	32	0	0	explicit
2-1s1s1s1s1__group.1203__Z7	16	2x2x2x2x2x2x2	72	72	0	0	explicit
2-1s1s1s1s1__group.1203__Z88	16	2x2x2x2	12	12	0	0	explicit
2-1s1s1s1s1__group.1203__Z64	16	2x2x2x2x2	16	16	0	0	explicit
2-1s1s1s1s1__group.1206__Z103	16	2x2x2x4	24	24	0	0	explicit
2-1s1s1s1s1__group.1206__Z13	16	2x2x2x2x2x2x4	192	192	0	0	explicit
2-1s1s1s1s1__group.1203__Z81	16	2x2x2x2x2	32	32	0	0	explicit
2-1s1s1s1s1__group.1203__Z98	16	2x2x2x2x2x2	48	48	0	0	explicit
2-1s1s1s1s1__group.1203__Z70	16	2x2x2x2x2	20	20	0	0	explicit
1s1s1s1s1s1__group.1075__Z25	32	2x2x2x2x2x2x2x2x2	124	124	0	0	explicit
2-1s1s1s1s1__group.1203__Z65	16	2x2x2x2x2	14	14	0	0	explicit
2-1s1s1s1s1__group.1203__Z82	16	2x2x2x2x2x2	30	30	0	0	explicit
2-1s1s1s1s1__group.1203__Z99	16	2x2x2x2x2	32	32	0	0	explicit
2-1s1s1s1s1__group.1203__Z57	16	2x2x2x2x2x2x2	60	64	4	0	explicit
2-1s1s1s1s1__group.1203__Z71	16	2x2x2x2x2	32	32	0	0	explicit
2-1s1s1s1s1__group.1206__Z130	16	2x2x2x2x2x2	40	40	0	0	explicit
2-1s1s1s1s1__group.1203__Z89	16	2x2x2x2x2x2x2x2	136	136	0	0	explicit
2-1s1s1s1s1__group.1206__Z104	16	2x2x2x2x4	48	48	0	0	explicit
2-1s1s1s1s1__group.1203__Z66	16	2x2x2x2x2x2	64	64	0	0	explicit
2-1s1s1s1s1__group.1203__Z83	16	2x2x2x2x2x2	36	36	0	0	explicit
2-1s1s1s1s1__group.1206__Z105	16	2x2x2x4	24	24	0	0	explicit
2-1s1s1s1s1__group.1203__Z84	16	2x2x2x2x2	20	20	0	0	explicit
2-1s1s1s1s1__group.1206__Z131	16	2x2x2x2x2x2x4	192	192	0	0	explicit
2-1s1s1s1s1__group.1203__Z72	16	2x2x2x2	16	16	0	0	explicit
2-1s1s1s1s1__group.1206__Z111	16	2x2x4	10	10	0	0	explicit
2-1s1s1s1s1__group.1203__Z9	16	2x2x2x2x2x2	40	40	0	0	explicit
2-1s1s1s1s1__group.1206__Z120	16	2x2x2x2x2x2x2x2	160	160	0	0	explicit
1s1s1s1s1s1__group.1075__Z9	32	2x2x2x2x2x2x2x2x2x2x2x2x2x2	2544	2544	0	0	explicit
2-1s1s1s1s1__group.1206__Z106	16	2x2x2x4	20	20	0	0	explicit
2-1s1s1s1s1__group.1206__Z139	16	2x2x2x2x2x2x4	192	192	0	0	explicit
2-1s1s1s1s1__group.1203__Z73	16	2x2x2x2	12	12	0	0	explicit
2-1s1s1s1s1__group.1206__Z132	16	2x2x2x2x2x4	96	96	0	0	explicit
2-1s1s1s1s1__group.1206__Z112	16	2x2x2x2x4	40	40	0	0	explicit
2-1s1s1s1s1__group.1206__Z1	16	2x2x2x2x2x2x2x2x2x4	896	896	0	0	explicit
2-1s1s1s1s1__group.1206__Z107	16	2x2x2x2x4	30	30	0	0	explicit
2-1s1s1s1s1__group.1203__Z74	16	2x2x2x2x2	16	16	0	0	explicit
2-1s1s1s1s1__group.1206__Z121	16	2x2x2x2x2x2x2x4	384	384	0	0	explicit
2-1s1s1s1s1__group.1206__Z113	16	2x2x2	8	8	0	0	explicit
2-1s1s1s1s1__group.1206__Z14	16	2x2x2x2x2x4	96	96	0	0	explicit
2-1s1s1s1s1__group.1206__Z133	16	2x2x2x2x2x2	64	64	0	0	explicit
2-1s1s1s1s1__group.1203__Z75	16	2x2x2x2x2	15	16	1	0	explicit
2-1s1s1s1s1__group.1203__Z90	16	2x2x2x2x2x2x2	48	52	4	0	explicit
2-1s1s1s1s1__group.1206__Z10	16	2x2x2x2x2x2x2x4	224	224	0	0	explicit
2-1s1s1s1s1__group.1206__Z140	16	2x2x2x2x2x2	48	48	0	0	explicit
2-1s1s1s1s1__group.1206__Z122	16	2x2x2x2x2x2x4	192	192	0	0	explicit
2-1s1s1s1s1__group.1206__Z134	16	2x2x2x2x2	32	32	0	0	explicit
2-1s1s1s1s1__group.1206__Z114	16	2x2x2	8	8	0	0	explicit
2-1s1s1s1s1__group.1206__Z123	16	2x2x2x2x2x2	64	64	0	0	explicit
2-1s1s1s1s1__group.1206__Z100	16	2x2x2x2x4	40	40	0	0	explicit
2-1s1s1s1s1__group.1206__Z141	16	2x2x2x2x2x2	48	48	0	0	explicit
2-1s1s1s1s1__group.1206__Z135	16	2x2x2x2x2x4	48	48	0	0	explicit
2-1s1s1s1s1__group.1203__Z91	16	2x2x2x2x2x2x2	40	48	8	0	explicit
2-1s1s1s1s1__group.1206__Z148	16	2x2x2x2x4	48	48	0	0	explicit
2-1s1s1s1s1__group.1206__Z108	16	2x2x2x2x2	24	24	0	0	explicit
2-1s1s1s1s1__group.1206__Z166	16	2x2x2x2x2	32	32	0	0	explicit
2-1s1s1s1s1__group.1203__Z92	16	2x2x2x2	12	12	0	0	explicit
2-1s1s1s1s1__group.1206__Z124	16	2x2x2x2x2x2x2x4	192	192	0	0	explicit
2-1s1s1s1s1__group.1206__Z142	16	2x2x2x2x2x2x2x2	160	160	0	0	explicit
2-1s1s1s1s1__group.1206__Z157	16	2x2x2x2x2x2x4	128	128	0	0	explicit
2-1s1s1s1s1__group.1206__Z115	16	2x2x2	8	8	0	0	explicit
2-1s1s1s1s1__group.1206__Z136	16	2x2x2x2x2x4	48	48	0	0	explicit
2-1s1s1s1s1__group.1206__Z101	16	2x2x2x2x2x2x4	128	128	0	0	explicit
2-1s1s1s1s1__group.1206__Z149	16	2x2x2x4	24	24	0	0	explicit
2-1s1s1s1s1__group.1206__Z167	16	2x2x2x2x2	32	32	0	0	explicit
2-1s1s1s1s1__group.1203__Z93	16	2x2x2	6	6	0	0	explicit
2-1s1s1s1s1__group.1206__Z143	16	2x2x2x2x2	32	32	0	0	explicit
2-1s1s1s1s1__group.1206__Z109	16	2x2x2x2x4	40	40	0	0	explicit
2-1s1s1s1s1__group.1206__Z158	16	2x2x2x2x4	48	48	0	0	explicit
2-1s1s1s1s1__group.1206__Z137	16	2x2x2x2x2	20	20	0	0	explicit
2-1s1s1s1s1__group.1206__Z15	16	2x2x2x2x2x2	64	64	0	0	explicit
2-1s1s1s1s1__group.1206__Z125	16	2x2x2x2x2x2x2x4	192	192	0	0	explicit
2-1s1s1s1s1__group.1206__Z168	16	2x2x2x2x2x2	64	64	0	0	explicit
2-1s1s1s1s1__group.1206__Z144	16	2x2x2x2x2	32	32	0	0	explicit
2-1s1s1s1s1__group.1206__Z159	16	2x2x2x2x4	48	48	0	0	explicit
2-1s1s1s1s1__group.1206__Z11	16	2x2x2x2x2x2x2x2	160	160	0	0	explicit
2-1s1s1s1s1__group.1206__Z138	16	2x2x2x2x2	20	20	0	0	explicit
2-1s1s1s1s1__group.1206__Z116	16	2x2x2	8	8	0	0	explicit
2-1s1s1s1s1__group.1206__Z126	16	2x2x2x2x2x2	48	48	0	0	explicit
2-1s1s1s1s1__group.1206__Z169	16	2x2x2x2x2	32	32	0	0	explicit
2-1s1s1s1s1__group.1206__Z145	16	2x2x2x2	12	12	0	0	explicit
2-1s1s1s1s1__group.1206__Z150	16	2x2x2x2x2x2x4	192	192	0	0	explicit
2-1s1s1s1s1__group.1206__Z16	16	2x2x2x2x2x2	64	64	0	0	explicit
2-1s1s1s1s1__group.1206__Z184	16	2x2x2x2x4	48	48	0	0	explicit
2-1s1s1s1s1__group.1206__Z110	16	2x2x2x2x2x2x4	112	112	0	0	explicit
2-1s1s1s1s1__group.1206__Z127	16	2x2x2x2x2x2	48	48	0	0	explicit
2-1s1s1s1s1__group.1206__Z146	16	2x2x2x2	12	12	0	0	explicit
2-1s1s1s1s1__group.1206__Z160	16	2x2x2x2x2x2x4	192	192	0	0	explicit
2-1s1s1s1s1__group.1206__Z185	16	2x2x2x2	12	12	0	0	explicit
2-1s1s1s1s1__group.1206__Z175	16	2x2x2x2x2x2	36	36	0	0	explicit
2-1s1s1s1s1__group.1206__Z117	16	2x2x2	8	8	0	0	explicit
2-1s1s1s1s1__group.1206__Z193	16	2x2x2x2	12	12	0	0	explicit
2-1s1s1s1s1__group.1206__Z161	16	2x2x2x2x4	48	48	0	0	explicit
2-1s1s1s1s1__group.1206__Z128	16	2x2x2x2x2x2x2x4	224	224	0	0	explicit
2-1s1s1s1s1__group.1206__Z186	16	2x2x2x2	16	16	0	0	explicit
2-1s1s1s1s1__group.1206__Z176	16	2x2x2x2	12	12	0	0	explicit
2-1s1s1s1s1__group.1206__Z147	16	2x2x2x2x2x2x4	128	128	0	0	explicit
2-1s1s1s1s1__group.1206__Z17	16	2x2x2x2x2x4	60	60	0	0	explicit
2-1s1s1s1s1__group.1206__Z118	16	2x2x2x2x4	40	40	0	0	explicit
2-1s1s1s1s1__group.1206__Z162	16	2x2x2x4	24	24	0	0	explicit
2-1s1s1s1s1__group.1206__Z151	16	2x2x2x2x2x2	64	64	0	0	explicit
2-1s1s1s1s1__group.1206__Z194	16	2x2x2	8	8	0	0	explicit
2-1s1s1s1s1__group.1206__Z187	16	2x2x2x2x2x2	36	36	0	0	explicit
2-1s1s1s1s1__group.1206__Z129	16	2x2x2x2x2x2x2x2	144	144	0	0	explicit
2-1s1s1s1s1__group.1206__Z170	16	2x2x2	8	8	0	0	explicit
2-1s1s1s1s1__group.1206__Z177	16	2x2x2x2x2x2x4	112	112	0	0	explicit
2-1s1s1s1s1__group.1206__Z201	16	2x2x2x2x2	24	24	0	0	explicit
2-1s1s1s1s1__group.1206__Z163	16	2x2x4	12	12	0	0	explicit
2-1s1s1s1s1__group.1206__Z195	16	2x2x2	8	8	0	0	explicit
2-1s1s1s1s1__group.1206__Z171	16	2x2	4	4	0	0	explicit
2-1s1s1s1s1__group.1206__Z188	16	2x2x2x2	12	12	0	0	explicit
2-1s1s1s1s1__group.1206__Z152	16	2x2x2x2x2	32	32	0	0	explicit
2-1s1s1s1s1__group.1206__Z164	16	2x2x2x4	24	24	0	0	explicit
2-1s1s1s1s1__group.1206__Z178	16	2x2x2x2x4	32	32	0	0	explicit
2-1s1s1s1s1__group.1206__Z189	16	2x2x2x4	24	24	0	0	explicit
2-1s1s1s1s1__group.1206__Z172	16	2x2x2	8	8	0	0	explicit
2-1s1s1s1s1__group.1206__Z196	16	2x2x2x2x2x2x4	128	128	0	0	explicit
2-1s1s1s1s1__group.1206__Z153	16	2x2x2x2x4	48	48	0	0	explicit
2-1s1s1s1s1__group.1206__Z165	16	2x2x4	12	12	0	0	explicit
1s1s1s1s1s1__group.1075__Z26	32	2x2x2x2x2x2x2x2x2	68	68	0	0	explicit
2-1s1s1s1s1__group.1206__Z179	16	2x2x2x2x2x2	28	32	4	0	explicit
2-1s1s1s1s1__group.1206__Z119	16	2x2x2x2x2x2x2x2x2x4	832	832	0	0	explicit
2-1s1s1s1s1__group.1206__Z173	16	2x2	4	4	0	0	explicit
2-1s1s1s1s1__group.1206__Z19	16	2x2x2x2x2	24	24	0	0	explicit
2-1s1s1s1s1__group.1206__Z202	16	2x2x2x2x2	24	24	0	0	explicit
2-1s1s1s1s1__group.1206__Z154	16	2x2x2x4	24	24	0	0	explicit
2-1s1s1s1s1__group.1206__Z197	16	2x2x2x2x2x2x4	192	192	0	0	explicit
2-1s1s1s1s1__group.1206__Z190	16	2x4	6	6	0	0	explicit
2-1s1s1s1s1__group.1206__Z174	16	2x2x2x2x2x4	60	60	0	0	explicit
2-1s1s1s1s1__group.1206__Z12	16	2x2x2x2x2x2x2x2	112	112	0	0	explicit
2-1s1s1s1s1__group.1206__Z155	16	2x2x2x2	16	16	0	0	explicit
2-1s1s1s1s1__group.1206__Z18	16	2x2x2x2x4	32	32	0	0	explicit
2-1s1s1s1s1__group.1206__Z203	16	2x2x2x2x2x2	48	48	0	0	explicit
2-1s1s1s1s1__group.1206__Z191	16	2x2x2x2	16	16	0	0	explicit
2-1s1s1s1s1__group.1206__Z198	16	2x2x2x4	24	24	0	0	explicit
2-1s1s1s1s1__group.1206__Z156	16	2x2x2	8	8	0	0	explicit
2-1s1s1s1s1__group.1206__Z180	16	2x2x2x2	9	10	1	0	explicit
2-1s1s1s1s1__group.1206__Z229	16	2x2x2	6	6	0	0	explicit
2-1s1s1s1s1__group.1206__Z199	16	2x2x2x4	24	24	0	0	explicit
2-1s1s1s1s1__group.1206__Z210	16	2x2x2x2x2	24	24	0	0	explicit
2-1s1s1s1s1__group.1206__Z23	16	2x2x2x2x4	36	36	0	0	explicit
2-1s1s1s1s1__group.1206__Z204	16	2x2x2x4	24	24	0	0	explicit
2-1s1s1s1s1__group.1206__Z181	16	2x2x2x2x2x4	60	60	0	0	explicit
2-1s1s1s1s1__group.1206__Z192	16	2x2x2x2x2x2	36	36	0	0	explicit
2-1s1s1s1s1__group.1206__Z22	16	2x2x2x2x2x2	48	48	0	0	explicit
2-1s1s1s1s1__group.1206__Z2	16	2x2x2x2x2x2x2x2	160	160	0	0	explicit
2-1s1s1s1s1__group.1206__Z205	16	2x2x2x2x2	20	20	0	0	explicit
2-1s1s1s1s1__group.1206__Z211	16	2x2x2x4	24	24	0	0	explicit
2-1s1s1s1s1__group.1206__Z220	16	2x2x2x4	24	24	0	0	explicit
2-1s1s1s1s1__group.1206__Z230	16	2x2x2	6	6	0	0	explicit
2-1s1s1s1s1__group.1206__Z206	16	2x2x2	8	8	0	0	explicit
1s1s1s1s1s1__min.196__Z1	16	2x2x2x2x2x2x2x2x2x2x2x2x2x2x2x2x2x2	4172	4172	0	0	burnside
2-1s1s1s1s1__group.1206__Z20	16	2x2x2x2x2	20	20	0	0	explicit
2-1s1s1s1s1__group.1206__Z28	16	2x2x4	9	9	0	0	explicit
2-1s1s1s1s1__group.1206__Z212	16	2x2x2x2x4	48	48	0	0	explicit
2-1s1s1s1s1__group.1206__Z46	16	2x2x2x4	24	24	0	0	explicit
2-1s1s1s1s1__group.1206__Z221	16	2x2x2x2x4	48	48	0	0	explicit
2-1s1s1s1s1__group.1206__Z207	16	2x2	3	3	0	0	explicit
2-1s1s1s1s1__group.1206__Z37	16	2x2x2x2	16	16	0	0	explicit
2-1s1s1s1s1__group.1206__Z200	16	2x2x2x2x2x2	48	48	0	0	explicit
2-1s1s1s1s1__group.1206__Z231	16	2x2x2	6	6	0	0	explicit
2-1s1s1s1s1__group.1206__Z182	16	2x2x2x2x2x2	36	36	0	0	explicit
1s1s1s1s1s1__group.1075__Z32	32	2x2x2x2x2x2x2x2x2x2x2x2x2x2	464	464	0	0	explicit
2-1s1s1s1s1__group.1206__Z213	16	2x2x2x4	24	24	0	0	explicit
2-1s1s1s1s1__group.1206__Z222	16	2x2x2x4	24	24	0	0	explicit
2-1s1s1s1s1__group.1206__Z38	16	2x2x2x2	16	16	0	0	explicit
2-1s1s1s1s1__group.1206__Z29	16	2x2x2x2x2x2x2x4	192	192	0	0	explicit
2-1s1s1s1s1__group.1206__Z47	16	2x2x4	12	12	0	0	explicit
2-1s1s1s1s1__group.1206__Z232	16	2x2x2	6	8	2	0	explicit
2-1s1s1s1s1__group.1206__Z208	16	2x2x2x2x2x2x4	128	128	0	0	explicit
2-1s1s1s1s1__group.1206__Z214	16	2x2x2x4	24	24	0	0	explicit
2-1s1s1s1s1__group.1206__Z223	16	2x2x2x2x2	32	32	0	0	explicit
2-1s1s1s1s1__group.1206__Z39	16	2x2x2x2x2x2x4	160	160	0	0	explicit
2-1s1s1s1s1__group.1206__Z48	16	2x2x2x2x2x2	48	48	0	0	explicit
2-1s1s1s1s1__group.1206__Z3	16	2x2x2x2x2x2x2x4	384	384	0	0	explicit
2-1s1s1s1s1__group.1206__Z183	16	2x2x2x2	12	12	0	0	explicit
2-1s1s1s1s1__group.1206__Z55	16	2x2x2	6	6	0	0	explicit
2-1s1s1s1s1__group.1206__Z209	16	2x2x2x2x2	24	24	0	0	explicit
2-1s1s1s1s1__group.1206__Z233	16	2x2x2x2x2	20	20	0	0	explicit
2-1s1s1s1s1__group.1206__Z224	16	2x2x2x2x2	24	24	0	0	explicit
2-1s1s1s1s1__group.1206__Z49	16	2x2x2x4	24	24	0	0	explicit
2-1s1s1s1s1__group.1206__Z4	16	2x2x2x2x2x2x4	192	192	0	0	explicit
2-1s1s1s1s1__group.1206__Z30	16	2x2x2x2x4	48	48	0	0	explicit
2-1s1s1s1s1__group.1206__Z56	16	2x2x2x2x2x4	60	60	0	0	explicit
2-1s1s1s1s1__group.1206__Z215	16	2x2x2x4	24	24	0	0	explicit
2-1s1s1s1s1__group.1206__Z21	16	2x2x2x2x2x2x4	192	192	0	0	explicit
2-1s1s1s1s1__group.1206__Z24	16	2x2x2x2x2x2x4	112	112	0	0	explicit
2-1s1s1s1s1__group.1206__Z5	16	2x2x2x2x2x2	64	64	0	0	explicit
2-1s1s1s1s1__group.1206__Z31	16	2x2x2x2x4	40	40	0	0	explicit
2-1s1s1s1s1__group.1206__Z225	16	2x2x2x2x2	24	24	0	0	explicit
2-1s1s1s1s1__group.1206__Z25	16	2x2x2x2x2	32	32	0	0	explicit
2-1s1s1s1s1__group.1206__Z50	16	2x2x2x2x4	48	48	0	0	explicit
2-1s1s1s1s1__group.1206__Z57	16	2x2x2x2x2x2	48	48	0	0	explicit
2-1s1s1s1s1__group.1206__Z40	16	2x2x2x2x4	48	48	0	0	explicit
2-1s1s1s1s1__group.1206__Z64	16	2x2x2x2	12	12	0	0	explicit
2-1s1s1s1s1__group.1206__Z73	16	2x2x2	8	8	0	0	explicit
2-1s1s1s1s1__group.1206__Z226	16	2x2x2x2x2x2x4	128	128	0	0	explicit
2-1s1s1s1s1__group.1206__Z32	16	2x2x2x2x2x2x4	192	192	0	0	explicit
2-1s1s1s1s1__group.1206__Z51	16	2x2x2x2x2	32	32	0	0	explicit
2-1s1s1s1s1__group.1206__Z216	16	2x2x2x4	24	24	0	0	explicit
2-1s1s1s1s1__group.1206__Z41	16	2x2x2x2x4	48	48	0	0	explicit
2-1s1s1s1s1__group.1206__Z58	16	2x2x2x2x2x2	30	32	2	0	explicit
2-1s1s1s1s1__group.1206__Z26	16	2x2x2x4	24	24	0	0	explicit
2-1s1s1s1s1__group.1206__Z74	16	2x2x2x2	12	12	0	0	explicit
2-1s1s1s1s1__group.1206__Z227	16	2x2x2x2x2	32	32	0	0	explicit
2-1s1s1s1s1__group.1206__Z82	16	2x2x2x2x4	30	30	0	0	explicit
2-1s1s1s1s1__group.1206__Z52	16	2x2x2	8	8	0	0	explicit
2-1s1s1s1s1__group.1206__Z33	16	2x2x2x2x2x2	64	64	0	0	explicit
2-1s1s1s1s1__group.1206__Z91	16	2x2x2x2x2x2	28	32	4	0	explicit
2-1s1s1s1s1__group.1206__Z228	16	2x2x2	8	8	0	0	explicit
2-1s1s1s1s1__group.1206__Z53	16	2x4	5	5	0	0	explicit
2-1s1s1s1s1__group.1206__Z75	16	2x2x2x2	12	12	0	0	explicit
2-1s1s1s1s1__group.1206__Z59	16	2x2x2x2x2x2x4	128	128	0	0	explicit
2-1s1s1s1s1__group.1206__Z83	16	2x2x2x2x2	24	24	0	0	explicit
2-1s1s1s1s1__group.1206__Z65	16	2x2x2x2	10	10	0	0	explicit
2-1s1s1s1s1__group.1206__Z27	16	2x2x2x2	12	12	0	0	explicit
2-1s1s1s1s1__group.1206__Z42	16	2x2x2x2x2x2x4	192	192	0	0	explicit
2-1s1s1s1s1__group.1206__Z92	16	2x2x4	10	10	0	0	explicit
2-1s1s1s1s1__group.1206__Z34	16	2x2x2x2x2x2	48	48	0	0	explicit
2-1s1s1s1s1__group.1206__Z54	16	2x4	6	6	0	0	explicit
2-1s1s1s1s1__group.1206__Z76	16	2x2x2	8	8	0	0	explicit
2-1s1s1s1s1__group.1206__Z217	16	2x2x2x2x4	40	40	0	0	explicit
2-1s1s1s1s1__group.1206__Z43	16	2x2x2x2x4	48	48	0	0	explicit
2-1s1s1s1s1__group.1206__Z6	16	2x2x2x2x2x2x2x4	240	240	0	0	explicit
2-1s1s1s1s1__group.1206__Z84	16	2x2x2x4	20	20	0	0	explicit
2-1s1s1s1s1__group.1206__Z35	16	2x2x2x2x4	48	48	0	0	explicit
2-1s1s1s1s1__group.1206__Z93	16	2x4	5	5	0	0	explicit
2-1s1s1s1s1__group.1206__Z77	16	2x4	6	6	0	0	explicit
2-1s1s1s1s1__group.1206__Z44	16	2x2x2x4	24	24	0	0	explicit
2-1s1s1s1s1__group.1206__Z66	16	2x2x2x2x4	48	48	0	0	explicit
2-1s1s1s1s1__group.1206__Z218	16	2x2x2x2x2x2x4	112	112	0	0	explicit
2-1s1s1s1s1__group.1206__Z85	16	2x2x2x2x4	30	30	0	0	explicit
2-1s1s1s1s1__group.1206__Z36	16	2x2x2x2x4	36	36	0	0	explicit
2-1s1s1s1s1__group.1206__Z60	16	2x2x2x2x2x4	60	60	0	0	explicit
2-1s1s1s1s1__group.1206__Z45	16	2x2x4	12	12	0	0	explicit
2-1s1s1s1s1__group.1206__Z78	16	2x2x2x2x2x2x4	128	128	0	0	explicit
2-1s1s1s1s1__group.1206__Z67	16	2x2x2x2	12	12	0	0	explicit
2-1s1s1s1s1__group.1206__Z86	16	2x2x2x4	24	24	0	0	explicit
2-1s1s1s1s1__group.1206__Z61	16	2x2x2x2x2x2	36	40	4	0	explicit
2-1s1s1s1s1__group.1206__Z94	16	2x2x2x4	24	24	0	0	explicit
2-1s1s1s1s1__group.1206__Z219	16	2x2x2x2x4	32	32	0	0	explicit
2-1s1s1s1s1__group.1206__Z68	16	2x2x2x2	16	16	0	0	explicit
2-1s1s1s1s1__group.1211__Z10	32	2x2x2x2x2x2x2x2	160	160	0	0	explicit
2-1s1s1s1s1__group.1206__Z79	16	2x2x2x2x2x2x4	192	192	0	0	explicit
2-1s1s1s1s1__group.1206__Z62	16	2x2x2x2x2x2	30	32	2	0	explicit
2-1s1s1s1s1__group.1206__Z87	16	2x2x2x2x4	40	40	0	0	explicit
2-1s1s1s1s1__group.1206__Z95	16	2x2x2x2x4	48	48	0	0	explicit
2-1s1s1s1s1__group.1211__Z29	32	2x2x2x2x2x2x2	34	34	0	0	explicit
2-1s1s1s1s1__group.1206__Z69	16	2x2x2x2x2x2	48	48	0	0	explicit
2-1s1s1s1s1__group.1211__Z8	32	2x2x2x2x2x2x2	19	19	0	0	explicit
2-1s1s1s1s1__group.1206__Z8	16	2x2x2x2x2x2	64	64	0	0	explicit
1s1s1s1s1s1__group.1075__Z27	32	2x2x2x2x2x2x2x2x2	68	68	0	0	explicit
2-1s1s1s1s1__group.1206__Z88	16	2x2x4	12	12	0	0	explicit
2-1s1s1s1s1__group.1206__Z63	16	2x2x2x2x4	30	30	0	0	explicit
2-1s1s1s1s1__group.1206__Z96	16	2x2x2x4	24	24	0	0	explicit
2-1s1s1s1s1__group.1206__Z80	16	2x2x2x4	24	24	0	0	explicit
2-1s1s1s1s1__group.1206__Z7	16	2x2x2x2x2x4	64	64	0	0	explicit
2-1s1s1s1s1__group.1211__Z11	32	2x2x2x2x2x2x2	80	80	0	0	explicit
2-1s1s1s1s1__group.1206__Z70	16	2x2x2x2	16	16	0	0	explicit
2-1s1s1s1s1__group.1206__Z81	16	2x2x2x4	24	24	0	0	explicit
2-1s1s1s1s1__group.1206__Z97	16	2x2x2x4	24	24	0	0	explicit
2-1s1s1s1s1__group.1211__Z12	32	2x2x2x2x2	16	16	0	0	explicit
2-1s1s1s1s1__group.1206__Z71	16	2x2x2x4	24	24	0	0	explicit
2-1s1s1s1s1__group.1206__Z89	16	2x2x2x2x2x2x4	112	112	0	0	explicit
2-1s1s1s1s1__group.1206__Z72	16	2x2x4	10	10	0	0	explicit
2-1s1s1s1s1__group.1206__Z98	16	2x2x2x2x4	36	36	0	0	explicit
2-1s1s1s1s1__group.1234__Z26	32	2x2x2x2x2x2x2x2x2	320	320	0	0	explicit
2-1s1s1s1s1__group.1211__Z2	32	2x2x2x2x2x2x2x2x2x2x2x2	752	752	0	0	explicit
2-1s1s1s1s1__group.1211__Z3	32	2x2x2x2x2x2x2x2x2x2x2	640	640	0	0	explicit
2-1s1s1s1s1__group.1234__Z35	32	2x2x2x2x2	32	32	0	0	explicit
2-1s1s1s1s1__group.1211__Z9	32	2x2x2x2x2x2x2x2x2x2x2	576	576	0	0	explicit
2-1s1s1s1s1__group.1206__Z99	16	2x2x2x4	24	24	0	0	explicit
2-1s1s1s1s1__group.1206__Z9	16	2x2x2x2x2	24	24	0	0	explicit
2-1s1s1s1s1__group.1211__Z13	32	2x2x2x2x2	12	12	0	0	explicit
2-1s1s1s1s1__group.1234__Z17	32	2x2x2x2x2x2x2x2	256	256	0	0	explicit
2-1s1s1s1s1__group.1211__Z20	32	2x2x2x2	9	9	0	0	explicit
2-1s1s1s1s1__group.1234__Z36	32	2x2x2x2x2x4	48	48	0	0	explicit
2-1s1s1s1s1__group.1206__Z90	16	2x2x2x2x2x2	36	36	0	0	explicit
2-1s1s1s1s1__group.1234__Z37	32	2x2x2x2x4	24	24	0	0	explicit
2-1s1s1s1s1__group.1211__Z30	32	2x2x2x2x2x2x2x2x2x2x2	114	114	0	0	explicit
2-1s1s1s1s1__group.1211__Z21	32	2x2x2x2	12	12	0	0	explicit
2-1s1s1s1s1__group.1234__Z27	32	2x2x2x2x2x2x2x2	160	160	0	0	explicit
2-1s1s1s1s1__group.1234__Z18	32	2x2x2x2x2x2x2x2x2	320	320	0	0	explicit
2-1s1s1s1s1__group.1211__Z31	32	2x2x2x2	6	6	0	0	explicit
2-1s1s1s1s1__group.1234__Z38	32	2x2x2x2x2x2x2x2	160	160	0	0	explicit
2-1s1s1s1s1__group.1234__Z44	32	2x2x2x2x2x2x2x2	144	144	0	0	explicit
2-1s1s1s1s1__group.1211__Z32	32	2x2x2	3	3	0	0	explicit
2-1s1s1s1s1__group.1234__Z39	32	2x2x2x2x2x2	40	40	0	0	explicit
2-1s1s1s1s1__group.1234__Z45	32	2x2x2x2x2x2x2x2	136	136	0	0	explicit
2-1s1s1s1s1__group.1211__Z33	32	2x2x2x2	6	6	0	0	explicit
2-1s1s1s1s1__group.1234__Z28	32	2x2x2x2x2x2	48	48	0	0	explicit
2-1s1s1s1s1__group.1234__Z46	32	2x2x2x2x2x2x2x2	160	160	0	0	explicit
2-1s1s1s1s1__group.1234__Z4	32	2x2x2x2x2x2x2x2x2x2	576	576	0	0	explicit
2-1s1s1s1s1__group.1211__Z22	32	2x2x2x2x2x2x2x2x2x2x2	376	376	0	0	explicit
2-1s1s1s1s1__group.1234__Z53	32	2x2x2x2x2x2x2x2x2x2x2x2	752	752	0	0	explicit
2-1s1s1s1s1__group.1211__Z4	32	2x2x2x2x2x2x2x2x2	168	168	0	0	explicit
2-1s1s1s1s1__group.1234__Z47	32	2x2x2x2x2x2x2x2	160	160	0	0	explicit
2-1s1s1s1s1__group.1211__Z23	32	2x2x2x2x2x2x2	56	56	0	0	explicit
2-1s1s1s1s1__group.1234__Z40	32	2x2x2x2x4	36	36	0	0	explicit
2-1s1s1s1s1__group.1234__Z29	32	2x2x2x2x2x2x2x2	144	144	0	0	explicit
2-1s1s1s1s1__group.1211__Z14	32	2x2x2x2x2x2x2x2x2x2x2	408	408	0	0	explicit
2-1s1s1s1s1__group.1234__Z19	32	2x2x2x2x2x2x2x4	240	240	0	0	explicit
2-1s1s1s1s1__group.1234__Z54	32	2x2x2x2x2x2x2x2x2	272	272	0	0	explicit
2-1s1s1s1s1__group.1211__Z5	32	2x2x2x2x2x2x2x2	80	80	0	0	explicit
2-1s1s1s1s1__group.1234__Z41	32	2x2x2x2x2	24	24	0	0	explicit
2-1s1s1s1s1__group.1211__Z24	32	2x2x2x2x2x2x2	48	48	0	0	explicit
2-1s1s1s1s1__group.1234__Z48	32	2x2x2x2x2x2x2x2x2	272	272	0	0	explicit
2-1s1s1s1s1__group.1234__Z55	32	2x2x2x2x2x2x2x2x2	104	104	0	0	explicit
2-1s1s1s1s1__group.1211__Z6	32	2x2x2x2x2x2x2	40	40	0	0	explicit
2-1s1s1s1s1__group.1211__Z25	32	2x2x2x2x2x2x2x2	60	60	0	0	explicit
2-1s1s1s1s1__group.1234__Z49	32	2x2x2x2x2x2x2x2	256	256	0	0	explicit
2-1s1s1s1s1__group.1211__Z7	32	2x2x2x2x2x2x2x2	33	33	0	0	explicit
2-1s1s1s1s1__group.1234__Z56	32	2x2x2x2x2x2x2x2	144	144	0	0	explicit
2-1s1s1s1s1__group.1211__Z15	32	2x2x2x2x2x2x2x2	160	160	0	0	explicit
2-1s1s1s1s1__group.1234__Z3	32	2x2x2x2x2x2x2x2x2x2x2x2	2304	2304	0	0	explicit
2-1s1s1s1s1__group.1211__Z16	32	2x2x2x2x2x2x2	46	46	0	0	explicit
2-1s1s1s1s1__group.1211__Z26	32	2x2x2x2x2x2x2	72	72	0	0	explicit
2-1s1s1s1s1__group.1234__Z30	32	2x2x2x2x2x2	48	48	0	0	explicit
2-1s1s1s1s1__group.1235__Z10	32	2x2x2x2x2x2x2x4	120	120	0	0	explicit
2-1s1s1s1s1__group.1234__Z42	32	2x2x2x2x2x2x2x2x2x2x2x2	2112	2112	0	0	explicit
2-1s1s1s1s1__group.1211__Z17	32	2x2x2x2x2	24	24	0	0	explicit
2-1s1s1s1s1__group.1234__Z31	32	2x2x2x2x2x2x2x2	160	160	0	0	explicit
2-1s1s1s1s1__group.1234__Z57	32	2x2x2x2x2x2x2x2x2x2x2x2	752	752	0	0	explicit
2-1s1s1s1s1__group.1235__Z11	32	2x2x2x2x2x2x4	60	60	0	0	explicit
1s1s1s1s1s1__group.1075__Z28	32	2x2x2x2x2x2x2x2x2	176	176	0	0	explicit
2-1s1s1s1s1__group.1211__Z27	32	2x2x2x2x2x2x2x2x2x2x2	140	140	0	0	explicit
2-1s1s1s1s1__group.1211__Z18	32	2x2x2x2x2x2x2	52	52	0	0	explicit
2-1s1s1s1s1__group.1235__Z12	32	2x2x2x2x2x4	30	30	0	0	explicit
2-1s1s1s1s1__group.1234__Z32	32	2x2x2x2x2x2x2x2x2	512	512	0	0	explicit
2-1s1s1s1s1__group.1234__Z5	32	2x2x2x2x2x2x2x2x2x2x2x2x2	1504	1504	0	0	explicit
2-1s1s1s1s1__group.1234__Z43	32	2x2x2x2x2x2x2x2x2x2x2x2	752	752	0	0	explicit
2-1s1s1s1s1__group.1235__Z13	32	2x2x2x2x2x2	20	20	0	0	explicit
2-1s1s1s1s1__group.1211__Z28	32	2x2x2x2x2x2x2x2	60	60	0	0	explicit
2-1s1s1s1s1__group.1234__Z33	32	2x2x2x2x2x2	40	40	0	0	explicit
2-1s1s1s1s1__group.1211__Z19	32	2x2x2x2x2	20	20	0	0	explicit
2-1s1s1s1s1__group.1234__Z50	32	2x2x2x2x2x2x2x2	136	136	0	0	explicit
2-1s1s1s1s1__group.1234__Z34	32	2x2x2x4	18	18	0	0	explicit
2-1s1s1s1s1__group.1234__Z2	32	2x2x2x2x2x2x2x2x2x2x2x2x2	4224	4224	0	0	explicit
2-1s1s1s1s1__group.1234__Z51	32	2x2x2x2x2x2x2x2x2	120	120	0	0	explicit
2-1s1s1s1s1__group.1234__Z6	32	2x2x2x2x2x2x2x2x2x2x2x2	2112	2112	0	0	explicit
2-1s1s1s1s1__group.1234__Z20	32	2x2x2x2x2x2	48	48	0	0	explicit
2-1s1s1s1s1__group.1234__Z52	32	2x2x2x2x2x2x2x2	144	144	0	0	explicit
2-1s1s1s1s1__group.1235__Z38	32	2x2x2x2x2x2x4	144	144	0	0	explicit
2-1s1s1s1s1__group.1235__Z56	32	2x2x2x2x2x2x4	120	120	0	0	explicit
2-1s1s1s1s1__group.1234__Z7	32	2x2x2x2x2x2x2x2x2x2	544	544	0	0	explicit
2-1s1s1s1s1__group.1235__Z39	32	2x2x2x2x4	36	36	0	0	explicit
2-1s1s1s1s1__group.1234__Z21	32	2x2x2x2x4	36	36	0	0	explicit
2-1s1s1s1s1__group.1235__Z14	32	2x2x2x2x2x2x2x2x2x2x4	1728	1728	0	0	explicit
2-1s1s1s1s1__group.1234__Z8	32	2x2x2x2x2x2x2x2x2	320	320	0	0	explicit
2-1s1s1s1s1__group.1235__Z29	32	2x2x2x2x2x2x4	128	128	0	0	explicit
2-1s1s1s1s1__group.1235__Z47	32	2x2x2x2x2x2x4	144	144	0	0	explicit
2-1s1s1s1s1__group.1235__Z4	32	2x2x2x2x2x2x2x2x4	480	480	0	0	explicit
2-1s1s1s1s1__group.1235__Z2	32	2x2x2x2x2x2x2x2x2x2x2x4	3264	3264	0	0	explicit
2-1s1s1s1s1__group.1234__Z9	32	2x2x2x2x2x2x2x2	160	160	0	0	explicit
2-1s1s1s1s1__group.1234__Z22	32	2x2x2x2x2x2x2x2x2	320	320	0	0	explicit
2-1s1s1s1s1__group.1235__Z40	32	2x2x2x2	16	16	0	0	explicit
2-1s1s1s1s1__group.1235__Z20	32	2x2x2x2x4	48	48	0	0	explicit
2-1s1s1s1s1__group.1235__Z41	32	2x2x2x4	24	24	0	0	explicit
2-1s1s1s1s1__group.1241__Z111	32	2x2x2x2x2x2x2x2	144	144	0	0	explicit
2-1s1s1s1s1__group.1235__Z15	32	2x2x2x2x2x2x2x2x2x2x4	1632	1632	0	0	explicit
2-1s1s1s1s1__group.1235__Z21	32	2x2x2x4	24	24	0	0	explicit
2-1s1s1s1s1__group.1235__Z48	32	2x2x2x2x2x2x2x4	256	256	0	0	explicit
2-1s1s1s1s1__group.1235__Z22	32	2x2x2x2x2x2x2x2	192	192	0	0	explicit
2-1s1s1s1s1__group.1235__Z16	32	2x2x2x2x2x2x2x4	384	384	0	0	explicit
2-1s1s1s1s1__group.1241__Z112	32	2x2x2x2x2x2x2x2	60	60	0	0	explicit
2-1s1s1s1s1__group.1234__Z23	32	2x2x2x2x2x2x2x2x2x2x2x2	2112	2112	0	0	explicit
2-1s1s1s1s1__group.1235__Z17	32	2x2x2x2x2x2x4	192	192	0	0	explicit
2-1s1s1s1s1__group.1235__Z49	32	2x2x2x2x2x2x4	192	192	0	0	explicit
2-1s1s1s1s1__group.1241__Z113	32	2x2x2x2x2x2x2	72	72	0	0	explicit
2-1s1s1s1s1__group.1241__Z102	32	2x2x2x2x2x2x2	72	72	0	0	explicit
2-1s1s1s1s1__group.1235__Z42	32	2x2x2x2x2x2x2x2x2x2x4	1664	1664	0	0	explicit
2-1s1s1s1s1__group.1234__Z24	32	2x2x2x2x2x2x2x2x2	288	288	0	0	explicit
2-1s1s1s1s1__group.1235__Z3	32	2x2x2x2x2x2x2x2x2x2x4	1920	1920	0	0	explicit
2-1s1s1s1s1__group.1235__Z18	32	2x2x2x2x2x2x2x4	288	288	0	0	explicit
2-1s1s1s1s1__group.1235__Z19	32	2x2x2x2x2x2x4	144	144	0	0	explicit
2-1s1s1s1s1__group.1235__Z23	32	2x2x2x2x2x2x2x2x2x2x4	1792	1792	0	0	explicit
2-1s1s1s1s1__group.1235__Z5	32	2x2x2x2x2x2x2x2x2x2x2x2	816	816	0	0	explicit
2-1s1s1s1s1__group.1235__Z57	32	2x2x2x2x2x2x2x2x2x2x4	612	612	0	0	explicit
2-1s1s1s1s1__group.1235__Z24	32	2x2x2x2x2x2x2x2	192	192	0	0	explicit
2-1s1s1s1s1__group.1234__Z25	32	2x2x2x2x2x2x2x2x2x2x2x2	816	816	0	0	explicit
2-1s1s1s1s1__group.1241__Z114	32	2x2x2x2x2x2x2x2x2x2x2	376	376	0	0	explicit
2-1s1s1s1s1__group.1235__Z30	32	2x2x2x2x2	32	32	0	0	explicit
2-1s1s1s1s1__group.1235__Z43	32	2x2x2x2x2x2x2x2x2x2x4	612	612	0	0	explicit
2-1s1s1s1s1__group.1235__Z50	32	2x2x2x2x2x2x4	128	128	0	0	explicit
2-1s1s1s1s1__group.1241__Z12	32	2x2x2x2x2x2	20	20	0	0	explicit
2-1s1s1s1s1__group.1235__Z51	32	2x2x2x2x2x2x2x2	60	60	0	0	explicit
2-1s1s1s1s1__group.1241__Z103	32	2x2x2x2x2x2x2	80	80	0	0	explicit
2-1s1s1s1s1__group.1235__Z44	32	2x2x2x2x2x2x4	120	120	0	0	explicit
2-1s1s1s1s1__group.1235__Z25	32	2x2x2x2x2x2x2x2x2x2x4	612	612	0	0	explicit
2-1s1s1s1s1__group.1235__Z52	32	2x2x2x2x2x2x4	112	112	0	0	explicit
2-1s1s1s1s1__group.1241__Z13	32	2x2x2x2x2x2	20	20	0	0	explicit
2-1s1s1s1s1__group.1235__Z6	32	2x2x2x2x2x2x2x2x2x2x4	1632	1632	0	0	explicit
2-1s1s1s1s1__group.1235__Z31	32	2x2x2x2x2x2x4	144	144	0	0	explicit
2-1s1s1s1s1__group.1235__Z26	32	2x2x2x2x2x2x2x4	240	240	0	0	explicit
2-1s1s1s1s1__group.1241__Z104	32	2x2x2x2x2x2x2	80	80	0	0	explicit
2-1s1s1s1s1__group.1235__Z45	32	2x2x2x2x2x2x4	112	112	0	0	explicit
2-1s1s1s1s1__group.1235__Z27	32	2x2x2x2x2x2x4	144	144	0	0	explicit
2-1s1s1s1s1__group.1235__Z32	32	2x2x2x2x2x2x2x4	384	384	0	0	explicit
2-1s1s1s1s1__group.1235__Z7	32	2x2x2x2x2x2x2x2x2	288	288	0	0	explicit
2-1s1s1s1s1__group.1241__Z27	32	2x2x2x2x2x2x2	80	80	0	0	explicit
2-1s1s1s1s1__group.1241__Z14	32	2x2x2x2x2x2x2x2x2x2x2	1088	1088	0	0	explicit
2-1s1s1s1s1__group.1241__Z18	32	2x2x2x2x2x2x2x2	160	160	0	0	explicit
2-1s1s1s1s1__group.1235__Z28	32	2x2x2x2x2	32	32	0	0	explicit
2-1s1s1s1s1__group.1235__Z33	32	2x2x2x2x4	36	36	0	0	explicit
2-1s1s1s1s1__group.1241__Z105	32	2x2x2x2x2x2x2x2	160	160	0	0	explicit
2-1s1s1s1s1__group.1235__Z46	32	2x2x2x2x2x2x4	144	144	0	0	explicit
2-1s1s1s1s1__group.1235__Z34	32	2x2x4	12	12	0	0	explicit
2-1s1s1s1s1__group.1211__Z1	32	2x2x2x2x2x2x2x2x2x2x2x2x2x2x2	1540	1540	0	0	explicit
2-1s1s1s1s1__group.1241__Z19	32	2x2x2x2x2x2x2	80	80	0	0	explicit
2-1s1s1s1s1__group.1241__Z28	32	2x2x2x2x2	24	24	0	0	explicit
2-1s1s1s1s1__group.1235__Z8	32	2x2x2x2x2x2x2x4	288	288	0	0	explicit
2-1s1s1s1s1__group.1235__Z53	32	2x2x2x2x2x2x2x2x2x2x4	612	612	0	0	explicit
2-1s1s1s1s1__group.1235__Z35	32	2x2x2x4	24	24	0	0	explicit
1s1s1s1s1s1__group.1075__Z33	32	2x2x2x2x2x2x2x2x2x2x2x2x2x2	324	324	0	0	explicit
2-1s1s1s1s1__group.1241__Z106	32	2x2x2x2x2x2x2	128	128	0	0	explicit
2-1s1s1s1s1__group.1241__Z29	32	2x2x2x2x2x2x2	80	80	0	0	explicit
2-1s1s1s1s1__group.1235__Z36	32	2x2x2x2x2	16	16	0	0	explicit
2-1s1s1s1s1__group.1241__Z36	32	2x2x2x2x2	16	16	0	0	explicit
2-1s1s1s1s1__group.1235__Z37	32	2x2x2x4	12	12	0	0	explicit
2-1s1s1s1s1__group.1241__Z15	32	2x2x2x2x2x2x2x2x2x2x2	1056	1056	0	0	explicit
2-1s1s1s1s1__group.1235__Z54	32	2x2x2x2x2x2x2x4	224	224	0	0	explicit
2-1s1s1s1s1__group.1235__Z9	32	2x2x2x2x2x2x2	96	96	0	0	explicit
2-1s1s1s1s1__group.1241__Z107	32	2x2x2x2x2x2x2	80	80	0	0	explicit
2-1s1s1s1s1__group.1241__Z37	32	2x2x2x2	8	8	0	0	explicit
2-1s1s1s1s1__group.1241__Z3	32	2x2x2x2x2x2x2x2x2x2x2	1152	1152	0	0	explicit
2-1s1s1s1s1__group.1241__Z16	32	2x2x2x2x2x2x2x2	256	256	0	0	explicit
2-1s1s1s1s1__group.1241__Z45	32	2x2x2x2x2x2x2	72	72	0	0	explicit
2-1s1s1s1s1__group.1241__Z38	32	2x2x2x2x2x2x2	80	80	0	0	explicit
2-1s1s1s1s1__group.1235__Z55	32	2x2x2x2x2x2x2x2	60	60	0	0	explicit
2-1s1s1s1s1__group.1241__Z54	32	2x2x2x2x2x2x2x2	144	144	0	0	explicit
2-1s1s1s1s1__group.1241__Z30	32	2x2x2x2x2	24	24	0	0	explicit
2-1s1s1s1s1__group.1241__Z108	32	2x2x2x2x2x2x2x2	60	60	0	0	explicit
2-1s1s1s1s1__group.1241__Z17	32	2x2x2x2x2x2x2	128	128	0	0	explicit
2-1s1s1s1s1__group.1241__Z46	32	2x2x2x2x2x2x2	80	80	0	0	explicit
2-1s1s1s1s1__group.1241__Z39	32	2x2x2x2x2	20	20	0	0	explicit
2-1s1s1s1s1__group.1241__Z2	32	2x2x2x2x2x2x2x2x2x2x2x2	2112	2112	0	0	explicit
2-1s1s1s1s1__group.1241__Z55	32	2x2x2x2x2x2x2x2	52	52	0	0	explicit
2-1s1s1s1s1__group.1241__Z31	32	2x2x2x2x2x2x2	80	80	0	0	explicit
2-1s1s1s1s1__group.1241__Z20	32	2x2x2x2x2	24	24	0	0	explicit
2-1s1s1s1s1__group.1241__Z47	32	2x2x2x2x2x2x2	80	80	0	0	explicit
2-1s1s1s1s1__group.1241__Z4	32	2x2x2x2x2x2x2x2x2	288	288	0	0	explicit
2-1s1s1s1s1__group.1241__Z56	32	2x2x2x2x2x2x2	72	72	0	0	explicit
2-1s1s1s1s1__group.1241__Z32	32	2x2x2x2x2x2x2x2	256	256	0	0	explicit
2-1s1s1s1s1__group.1241__Z21	32	2x2x2x2	12	12	0	0	explicit
2-1s1s1s1s1__group.1241__Z40	32	2x2x2x2	12	12	0	0	explicit
2-1s1s1s1s1__group.1241__Z48	32	2x2x2x2x2x2x2x2	144	144	0	0	explicit
2-1s1s1s1s1__group.1241__Z33	32	2x2x2x2x2	20	20	0	0	explicit
2-1s1s1s1s1__group.1241__Z22	32	2x2x2x2x2x2x2x2	160	160	0	0	explicit
2-1s1s1s1s1__group.1241__Z41	32	2x2x2x2	12	12	0	0	explicit
2-1s1s1s1s1__group.1241__Z81	32	2x2x2x2x2x2x2x2	160	160	0	0	explicit
2-1s1s1s1s1__group.1241__Z34	32	2x2x2	6	6	0	0	explicit
2-1s1s1s1s1__group.1241__Z49	32	2x2x2x2x2x2x2	128	128	0	0	explicit
2-1s1s1s1s1__group.1241__Z109	32	2x2x2x2x2x2x2	72	72	0	0	explicit
2-1s1s1s1s1__group.1241__Z72	32	2x2x2x2x2x2x2x2x2x2x2	1056	1056	0	0	explicit
2-1s1s1s1s1__group.1241__Z35	32	2x2x2x2	16	16	0	0	explicit
2-1s1s1s1s1__group.1241__Z23	32	2x2x2x2x2x2x2x2x2x2x2	1088	1088	0	0	explicit
2-1s1s1s1s1__group.1241__Z73	32	2x2x2x2x2x2x2x2	256	256	0	0	explicit
2-1s1s1s1s1__group.1241__Z57	32	2x2x2x2x2x2x2x2x2x2x2	376	376	0	0	explicit
2-1s1s1s1s1__group.1241__Z82	32	2x2x2x2x2x2x2x2x2x2x2	408	408	0	0	explicit
2-1s1s1s1s1__group.1241__Z42	32	2x2x2x2x2x2x2x2x2x2x2	1088	1088	0	0	explicit
2-1s1s1s1s1__group.1241__Z5	32	2x2x2x2x2x2x2x2x2x2x2x2	752	752	0	0	explicit
2-1s1s1s1s1__group.1241__Z11	32	2x2x2x2x2x2x2	40	40	0	0	explicit
2-1s1s1s1s1__group.1241__Z24	32	2x2x2x2x2x2x2x2	144	144	0	0	explicit
2-1s1s1s1s1__group.1241__Z63	32	2x2x2x2x2x2x2x2x2x2x2	1056	1056	0	0	explicit
2-1s1s1s1s1__group.1234__Z1	32	2x2x2x2x2x2x2x2x2x2x2x2x2x2x2x2	11456	11456	0	0	explicit
2-1s1s1s1s1__group.1241__Z74	32	2x2x2x2x2x2x2	128	128	0	0	explicit
2-1s1s1s1s1__group.1234__Z10	32	2x2x2x2x2x2x2x2x4	240	240	0	0	explicit
2-1s1s1s1s1__group.1241__Z50	32	2x2x2x2x2x2x2	72	72	0	0	explicit
2-1s1s1s1s1__group.1241__Z83	32	2x2x2x2x2x2x2x2	160	160	0	0	explicit
2-1s1s1s1s1__group.1241__Z43	32	2x2x2x2x2x2x2x2x2x2x2	376	376	0	0	explicit
2-1s1s1s1s1__group.1241__Z64	32	2x2x2x2x2x2x2x2x2	288	288	0	0	explicit
2-1s1s1s1s1__group.1241__Z25	32	2x2x2x2x2x2x2x2x2x2x2	408	408	0	0	explicit
2-1s1s1s1s1__group.1241__Z75	32	2x2x2x2x2x2x2x2	192	192	0	0	explicit
2-1s1s1s1s1__group.1241__Z51	32	2x2x2x2x2x2x2x2	60	60	0	0	explicit
2-1s1s1s1s1__group.1234__Z11	32	2x2x2x2x2x2x2x2	80	80	0	0	explicit
2-1s1s1s1s1__group.1241__Z84	32	2x2x2x2x2x2x2	80	80	0	0	explicit
2-1s1s1s1s1__group.1241__Z44	32	2x2x2x2x2x2x2	72	72	0	0	explicit
2-1s1s1s1s1__group.1234__Z12	32	2x2x2x2x2x2x4	60	60	0	0	explicit
2-1s1s1s1s1__group.1241__Z26	32	2x2x2x2x2x2x2x2	160	160	0	0	explicit
2-1s1s1s1s1__group.1241__Z65	32	2x2x2x2x2x2x2x2	160	160	0	0	explicit
2-1s1s1s1s1__group.1241__Z52	32	2x2x2x2x2x2x2	80	80	0	0	explicit
2-1s1s1s1s1__group.1241__Z76	32	2x2x2x2x2x2x4	128	128	0	0	explicit
2-1s1s1s1s1__group.1241__Z85	32	2x2x2x2x2	32	32	0	0	explicit
2-1s1s1s1s1__group.1234__Z13	32	2x2x2x2x2x2x2	40	40	0	0	explicit
2-1s1s1s1s1__group.1241__Z77	32	2x2x2x2x2	32	32	0	0	explicit
2-1s1s1s1s1__group.1241__Z66	32	2x2x2x2x2x2x2	80	80	0	0	explicit
2-1s1s1s1s1__group.1241__Z86	32	2x2x2x2x2x2x2	80	80	0	0	explicit
2-1s1s1s1s1__group.1241__Z53	32	2x2x2x2x2x2x2x2x2x2x2	376	376	0	0	explicit
2-1s1s1s1s1__group.1241__Z67	32	2x2x2x2x2x2x2x2	80	80	0	0	explicit
2-1s1s1s1s1__group.1241__Z78	32	2x2x2x4	20	20	0	0	explicit
2-1s1s1s1s1__group.1241__Z110	32	2x2x2x2x2x2x2x2x2x2x2	376	376	0	0	explicit
2-1s1s1s1s1__group.1241__Z90	32	2x2x2x2x2	20	20	0	0	explicit
2-1s1s1s1s1__group.1234__Z14	32	2x2x2x2x2x2x2x2x2x2x2x2	2176	2176	0	0	explicit
2-1s1s1s1s1__group.1241__Z68	32	2x2x2x2x2x2x2	40	40	0	0	explicit
2-1s1s1s1s1__group.1241__Z79	32	2x2x2x2x2x2x2x2	160	160	0	0	explicit
2-1s1s1s1s1__group.1241__Z91	32	2x2x4	10	10	0	0	explicit
2-1s1s1s1s1__group.1241__Z69	32	2x2x2x2x2x2	20	20	0	0	explicit
2-1s1s1s1s1__group.1243__Z19	32	2x2x2x2x2x2x2x2	192	192	0	0	explicit
2-1s1s1s1s1__group.1241__Z87	32	2x2x2x2x2	32	32	0	0	explicit
2-1s1s1s1s1__group.1241__Z8	32	2x2x2x2x2x2x2x2	160	160	0	0	explicit
2-1s1s1s1s1__group.1241__Z7	32	2x2x2x2x2x2x2x2x2	272	272	0	0	explicit
2-1s1s1s1s1__group.1241__Z92	32	2x2x2x2	16	16	0	0	explicit
2-1s1s1s1s1__group.1234__Z15	32	2x2x2x2x2x2x2x2x2x2x2x2	2112	2112	0	0	explicit
2-1s1s1s1s1__group.1241__Z93	32	2x2x2x2x2	16	16	0	0	explicit
2-1s1s1s1s1__group.1241__Z70	32	2x2x2x2x2x2	20	20	0	0	explicit
2-1s1s1s1s1__group.1234__Z16	32	2x2x2x2x2x2x2x2x2	512	512	0	0	explicit
2-1s1s1s1s1__group.1241__Z94	32	2x2x2x2	8	8	0	0	explicit
2-1s1s1s1s1__group.1241__Z88	32	2x2x2x2x2x2x2	80	80	0	0	explicit
2-1s1s1s1s1__group.1241__Z80	32	2x2x2x2x2x2x2x2x2x2x2	1088	1088	0	0	explicit
2-1s1s1s1s1__group.1243__Z2	32	2x2x2x2x2x2x2x2x2x2x2x2	2176	2176	0	0	explicit
2-1s1s1s1s1__group.1241__Z95	32	2x2x2x2x2x2x2	80	80	0	0	explicit
2-1s1s1s1s1__group.1243__Z20	32	2x2x2x2x2x2x2x2x2	288	288	0	0	explicit
2-1s1s1s1s1__group.1241__Z96	32	2x2x2x2x2	20	20	0	0	explicit
2-1s1s1s1s1__group.1241__Z71	32	2x2x2x2x2x2x2x2x2x2x2	1088	1088	0	0	explicit
2-1s1s1s1s1__group.1243__Z28	32	2x2x2x2x2x2x2x2x2	112	124	12	0	explicit
2-1s1s1s1s1__group.1243__Z21	32	2x2x2x2x2x2x2x2x2	240	240	0	0	explicit
2-1s1s1s1s1__group.1241__Z89	32	2x2x2x2x2x2x2x2	256	256	0	0	explicit
2-1s1s1s1s1__group.1241__Z97	32	2x2x2x4	20	20	0	0	explicit
2-1s1s1s1s1__group.1243__Z37	32	2x2x2x2x2x2x2x2	256	256	0	0	explicit
2-1s1s1s1s1__group.1243__Z22	32	2x2x2x2x2x2	48	48	0	0	explicit
2-1s1s1s1s1__group.1241__Z98	32	2x2x2x2	16	16	0	0	explicit
2-1s1s1s1s1__group.1243__Z55	32	2x2x2x2x2x2x2x2x2x2x2	1056	1056	0	0	explicit
2-1s1s1s1s1__group.1243__Z38	32	2x2x2x2x2x2x2	128	128	0	0	explicit
2-1s1s1s1s1__group.1243__Z23	32	2x2x2x2x2x2	48	48	0	0	explicit
2-1s1s1s1s1__group.1241__Z9	32	2x2x2x2x2x2x2	80	80	0	0	explicit
2-1s1s1s1s1__group.1243__Z29	32	2x2x2x2x2x2x2x2x2	124	140	16	0	explicit
2-1s1s1s1s1__group.1243__Z39	32	2x2x2x2x2x2	36	36	0	0	explicit
2-1s1s1s1s1__group.1243__Z56	32	2x2x2x2x2	24	24	0	0	explicit
2-1s1s1s1s1__group.1243__Z46	32	2x2x2x2x2	32	32	0	0	explicit
2-1s1s1s1s1__group.1243__Z4	32	2x2x2x2x2x2x2x2x2	168	168	0	0	explicit
2-1s1s1s1s1__group.1243__Z57	32	2x2x2x2x2x2x2x2x2	144	152	8	0	explicit
2-1s1s1s1s1__group.1243__Z24	32	2x2x2x2x2x2x2x2x2	240	240	0	0	explicit
2-1s1s1s1s1__group.1243__Z40	32	2x2x2x2x2	18	18	0	0	explicit
2-1s1s1s1s1__group.1243__Z47	32	2x2x2x2x2x2x2x2	160	160	0	0	explicit
2-1s1s1s1s1__group.1243__Z58	32	2x2x2x2x2x2x2x2x2	120	136	16	0	explicit
2-1s1s1s1s1__group.1243__Z3	32	2x2x2x2x2x2x2x2x2x2x2x2	1024	1024	0	0	explicit
2-1s1s1s1s1__group.1243__Z48	32	2x2x2x2	9	9	0	0	explicit
2-1s1s1s1s1__group.1243__Z59	32	2x2x2	5	5	0	0	explicit
2-1s1s1s1s1__group.1243__Z49	32	2x2x2x2x2	24	24	0	0	explicit
2-1s1s1s1s1__group.1243__Z30	32	2x2x2x2x2x2x2x2x2	112	124	12	0	explicit
2-1s1s1s1s1__group.1243__Z73	32	2x2x2x2x2x2x2	128	128	0	0	explicit
2-1s1s1s1s1__group.1241__Z1	32	2x2x2x2x2x2x2x2x2x2x2x2x2x2x2	5728	5728	0	0	explicit
2-1s1s1s1s1__group.1243__Z31	32	2x2x2x2x2x2x2x2	120	120	0	0	explicit
2-1s1s1s1s1__group.1243__Z64	32	2x2x2x2x2x2x2	128	128	0	0	explicit
2-1s1s1s1s1__group.1243__Z6	32	2x2x2x2x2x2x2x2x2x2x2	2048	2048	0	0	explicit
2-1s1s1s1s1__group.1241__Z10	32	2x2x2x2x2x2x2x2	80	80	0	0	explicit
2-1s1s1s1s1__group.1243__Z74	32	2x2x2x2x2x2x2x2	144	144	0	0	explicit
2-1s1s1s1s1__group.1243__Z25	32	2x2x2x2x2x2x2x2x2x2x2	1152	1152	0	0	explicit
2-1s1s1s1s1__group.1243__Z32	32	2x2x2x2x2x2x2x2	256	256	0	0	explicit
2-1s1s1s1s1__group.1241__Z99	32	2x2x2x2x2x2x2x2x2x2x2	1056	1056	0	0	explicit
2-1s1s1s1s1__group.1243__Z5	32	2x2x2x2x2x2x2x2x2x2x2x2	2112	2112	0	0	explicit
2-1s1s1s1s1__group.1243__Z33	32	2x2x2x2x2x2	32	32	0	0	explicit
2-1s1s1s1s1__group.1243__Z75	32	2x2x2x2x2x2x2	72	72	0	0	explicit
2-1s1s1s1s1__group.1243__Z41	32	2x2x2x2x2x2x2x2x2x2x2	1088	1088	0	0	explicit
2-1s1s1s1s1__group.1241__Z100	32	2x2x2x2x2x2x2x2x2x2x2	408	408	0	0	explicit
2-1s1s1s1s1__group.1243__Z50	32	2x2x2x2	16	16	0	0	explicit
2-1s1s1s1s1__group.1243__Z65	32	2x2x2x2x2x2x2x2	128	128	0	0	explicit
2-1s1s1s1s1__group.1243__Z60	32	2x2x2x2x2x2x2x2x2x2x2	1088	1088	0	0	explicit
2-1s1s1s1s1__group.1243__Z76	32	2x2x2x2x2x2x2x2	160	160	0	0	explicit
2-1s1s1s1s1__group.1241__Z101	32	2x2x2x2x2x2x2	72	72	0	0	explicit
2-1s1s1s1s1__group.1243__Z34	32	2x2x2x2x2x2	28	28	0	0	explicit
2-1s1s1s1s1__group.1243__Z26	32	2x2x2x2x2x2x2x2x2	240	240	0	0	explicit
2-1s1s1s1s1__group.1243__Z51	32	2x2x2x2x2x2x2x2x2	128	144	16	0	explicit
2-1s1s1s1s1__group.1243__Z42	32	2x2x2x2x2x2x2x2	256	256	0	0	explicit
2-1s1s1s1s1__group.1243__Z61	32	2x2x2x2x2x2x2	128	128	0	0	explicit
2-1s1s1s1s1__group.1243__Z77	32	2x2x2x2x2	15	16	1	0	explicit
2-1s1s1s1s1__group.1243__Z66	32	2x2x2x2x2x2x2x2	76	76	0	0	explicit
2-1s1s1s1s1__group.1243__Z35	32	2x2x2x2x2x2	40	40	0	0	explicit
2-1s1s1s1s1__group.1243__Z43	32	2x2x2x2x2x2x2	72	72	0	0	explicit
2-1s1s1s1s1__group.1243__Z62	32	2x2x2x2x2x2x2	128	128	0	0	explicit
2-1s1s1s1s1__group.1243__Z82	32	2x2x2x2x2	15	18	3	0	explicit
2-1s1s1s1s1__group.1243__Z78	32	2x2x2x2x2	15	16	1	0	explicit
2-1s1s1s1s1__group.1243__Z67	32	2x2x2x2x2x2x2x2	144	144	0	0	explicit
2-1s1s1s1s1__group.1243__Z44	32	2x2x2x2x2	32	32	0	0	explicit
2-1s1s1s1s1__group.1243__Z63	32	2x2x2x2x2x2x2x2	160	160	0	0	explicit
2-1s1s1s1s1__group.1243__Z83	32	2x2x2x2x2x2x2x2	88	88	0	0	explicit
2-1s1s1s1s1__group.1243__Z52	32	2x2x2x2x2x2	30	32	2	0	explicit
2-1s1s1s1s1__group.1243__Z27	32	2x2x2x2x2x2x2x2x2	160	168	8	0	explicit
2-1s1s1s1s1__group.1243__Z45	32	2x2x2x2x2x2x2	128	128	0	0	explicit
2-1s1s1s1s1__group.1243__Z68	32	2x2x2x2x2x2x2	72	72	0	0	explicit
2-1s1s1s1s1__group.1243__Z36	32	2x2x2x2x2x2x2x2x2x2x2	576	576	0	0	explicit
2-1s1s1s1s1__group.1243__Z9	32	2x2x2x2x2x2x2	80	80	0	0	explicit
2-1s1s1s1s1__group.1243__Z53	32	2x2x2x2x2x2	24	26	2	0	explicit
2-1s1s1s1s1__group.1251__Z16	64	2x2x2x2x2x2x2x2x2x2	210	210	0	0	explicit
2-1s1s1s1s1__group.1243__Z79	32	2x2x2x2x2x2x2x2x2x2x2	576	576	0	0	explicit
2-1s1s1s1s1__group.1243__Z54	32	2x2x2x2x2x2x2x2	88	88	0	0	explicit
2-1s1s1s1s1__group.1251__Z17	64	2x2x2x2x2x2x2	60	60	0	0	explicit
2-1s1s1s1s1__group.1243__Z69	32	2x2x2x2x2x2x2x2x2x2x2	576	576	0	0	explicit
2-1s1s1s1s1__group.1243__Z8	32	2x2x2x2x2x2x2x2x2	288	288	0	0	explicit
2-1s1s1s1s1__group.1235__Z1	32	2x2x2x2x2x2x2x2x2x2x2x2x2x2x4	8976	8976	0	0	explicit
2-1s1s1s1s1__group.1251__Z7	64	2x2x2x2x2x2x2x2	38	38	0	0	explicit
2-1s1s1s1s1__group.1251__Z25	64	2x2x2x2x2x2x2x2x2x2x2	408	408	0	0	explicit
2-1s1s1s1s1__group.1243__Z7	32	2x2x2x2x2x2x2x2x2	512	512	0	0	explicit
2-1s1s1s1s1__min.248__Z105	8	2x2x4	10	10	0	0	explicit
2-1s1s1s1s1__group.1243__Z80	32	2x2x2x2x2	24	24	0	0	explicit
2-1s1s1s1s1__group.1251__Z1	64	2x2x2x2x2x2x2x2x2x2x2x2x2x2x2x2x2x2x2x2	45960	45960	0	0	burnside
2-1s1s1s1s1__group.1251__Z8	64	2x2x2x2x2x2x2	19	19	0	0	explicit
2-1s1s1s1s1__min.248__Z114	8	2x4	5	5	0	0	explicit
2-1s1s1s1s1__group.1243__Z70	32	2x2x2x2x2x2x2x2	144	144	0	0	explicit
2-1s1s1s1s1__min.248__Z106	8	2x4	6	6	0	0	explicit
2-1s1s1s1s1__group.1243__Z81	32	2x2x2x2x2	15	16	1	0	explicit
2-1s1s1s1s1__min.248__Z123	8	2x2	4	4	0	0	explicit
2-1s1s1s1s1__group.1251__Z18	64	2x2x2x2x2x2x2x2x2x2	360	360	0	0	explicit
2-1s1s1s1s1__min.248__Z115	8	2x2x2	8	8	0	0	explicit
2-1s1s1s1s1__group.1251__Z26	64	2x2x2x2x2x2x2x2x2x2	544	544	0	0	explicit
2-1s1s1s1s1__group.1243__Z71	32	2x2x2x2x2x2x2x2	68	68	0	0	explicit
2-1s1s1s1s1__min.248__Z124	8	2x2	4	4	0	0	explicit
2-1s1s1s1s1__min.248__Z116	8	2x2	4	4	0	0	explicit
2-1s1s1s1s1__min.248__Z107	8	2x2x4	12	12	0	0	explicit
2-1s1s1s1s1__min.248__Z125	8	2x2	4	4	0	0	explicit
2-1s1s1s1s1__group.1251__Z10	64	2x2x2x2x2x2x2x2x2x2x2	1280	1280	0	0	explicit
2-1s1s1s1s1__min.248__Z117	8	2x2	4	4	0	0	explicit
2-1s1s1s1s1__group.1243__Z72	32	2x2x2x2x2x2x2x2	76	76	0	0	explicit
2-1s1s1s1s1__min.248__Z108	8	2x4	6	6	0	0	explicit
2-1s1s1s1s1__min.248__Z126	8	2x2	4	4	0	0	explicit
2-1s1s1s1s1__min.248__Z118	8	2x2	3	3	0	0	explicit
2-1s1s1s1s1__group.1241__Z58	32	2x2x2x2x2x2x2x2x2x2x2x2x2x2x2	5728	5728	0	0	explicit
2-1s1s1s1s1__min.248__Z127	8	2x2	4	4	0	0	explicit
2-1s1s1s1s1__min.248__Z109	8	2x2x2	8	8	0	0	explicit
2-1s1s1s1s1__group.1251__Z19	64	2x2x2x2x2x2x2	60	60	0	0	explicit
2-1s1s1s1s1__min.248__Z132	8	2x2	4	4	0	0	explicit
2-1s1s1s1s1__min.248__Z119	8	2x2	4	4	0	0	explicit
2-1s1s1s1s1__min.248__Z11	8	2x2x2x2x2	24	24	0	0	explicit
2-1s1s1s1s1__min.248__Z133	8	2x2	4	4	0	0	explicit
2-1s1s1s1s1__min.248__Z128	8	2x2	3	3	0	0	explicit
2-1s1s1s1s1__min.248__Z12	8	2x2x2x2x2	16	16	0	0	explicit
2-1s1s1s1s1__min.248__Z14	8	2x2x2x4	24	24	0	0	explicit
2-1s1s1s1s1__min.248__Z129	8	2	2	2	0	0	explicit
2-1s1s1s1s1__min.248__Z30	8	2x2x4	12	12	0	0	explicit
2-1s1s1s1s1__min.248__Z110	8	2x2x2x2	12	12	0	0	explicit
2-1s1s1s1s1__min.248__Z120	8	2x2	3	4	1	0	explicit
2-1s1s1s1s1__min.248__Z15	8	2x2x2x2	16	16	0	0	explicit
2-1s1s1s1s1__min.248__Z13	8	2x2x2x4	24	24	0	0	explicit
2-1s1s1s1s1__min.248__Z31	8	2x2x4	10	10	0	0	explicit
2-1s1s1s1s1__min.248__Z121	8	2x2x4	10	10	0	0	explicit
2-1s1s1s1s1__min.248__Z16	8	2x2x2x2	16	16	0	0	explicit
2-1s1s1s1s1__min.248__Z111	8	2x2x2	8	8	0	0	explicit
2-1s1s1s1s1__min.248__Z122	8	2x2	4	4	0	0	explicit
2-1s1s1s1s1__min.248__Z32	8	2x2x2x4	24	24	0	0	explicit
2-1s1s1s1s1__group.1251__Z11	64	2x2x2x2x2x2x2x2x2x2	640	640	0	0	explicit
2-1s1s1s1s1__min.248__Z112	8	2x2x4	10	10	0	0	explicit
2-1s1s1s1s1__min.248__Z33	8	2x2x2x2	16	16	0	0	explicit
2-1s1s1s1s1__min.248__Z130	8	2x2x4	10	10	0	0	explicit
2-1s1s1s1s1__min.248__Z113	8	2x2x2x4	20	20	0	0	explicit
2-1s1s1s1s1__min.248__Z17	8	2x2x2x4	20	20	0	0	explicit
2-1s1s1s1s1__min.248__Z21	8	2x2x2x4	24	24	0	0	explicit
2-1s1s1s1s1__group.1241__Z59	32	2x2x2x2x2x2x2x2x2x2x2x2	2176	2176	0	0	explicit
2-1s1s1s1s1__min.248__Z34	8	2x2x2x2	12	12	0	0	explicit
2-1s1s1s1s1__min.248__Z18	8	2x2x2x4	16	16	0	0	explicit
2-1s1s1s1s1__min.248__Z131	8	2x2x2	6	6	0	0	explicit
2-1s1s1s1s1__group.1251__Z12	64	2x2x2x2x2x2x2	64	64	0	0	explicit
2-1s1s1s1s1__min.248__Z19	8	2x2x2x2	12	12	0	0	explicit
2-1s1s1s1s1__min.248__Z22	8	2x2x2x2	16	16	0	0	explicit
2-1s1s1s1s1__min.248__Z2	8	2x2x2x2x2	24	24	0	0	explicit
2-1s1s1s1s1__min.248__Z4	8	2x2x2x4	24	24	0	0	explicit
2-1s1s1s1s1__min.248__Z35	8	2x2x4	12	12	0	0	explicit
2-1s1s1s1s1__min.248__Z49	8	2x2x2	8	8	0	0	explicit
2-1s1s1s1s1__group.1251__Z13	64	2x2x2x2x2x2	32	32	0	0	explicit
2-1s1s1s1s1__min.248__Z20	8	2x2x2x2	10	10	0	0	explicit
2-1s1s1s1s1__min.248__Z40	8	2x2x4	12	12	0	0	explicit
2-1s1s1s1s1__group.1241__Z6	32	2x2x2x2x2x2x2x2x2x2x2	1056	1056	0	0	explicit
2-1s1s1s1s1__min.248__Z23	8	2x2x2x2	16	16	0	0	explicit
2-1s1s1s1s1__min.248__Z58	8	2x2x2x2	10	10	0	0	explicit
2-1s1s1s1s1__min.248__Z5	8	2x2x2x2	16	16	0	0	explicit
2-1s1s1s1s1__min.248__Z41	8	2x2x4	12	12	0	0	explicit
2-1s1s1s1s1__min.248__Z36	8	2x2x4	12	12	0	0	explicit
2-1s1s1s1s1__min.248__Z59	8	2x2x2x4	20	20	0	0	explicit
2-1s1s1s1s1__min.248__Z42	8	2x2x2x4	24	24	0	0	explicit
2-1s1s1s1s1__min.248__Z37	8	2x2x2	8	8	0	0	explicit
2-1s1s1s1s1__min.248__Z6	8	2x2x2x2x4	40	40	0	0	explicit
2-1s1s1s1s1__min.248__Z50	8	2x2x2x2	16	16	0	0	explicit
2-1s1s1s1s1__min.248__Z24	8	2x2x2x2x2	24	24	0	0	explicit
2-1s1s1s1s1__min.248__Z43	8	2x2x4	12	12	0	0	explicit
2-1s1s1s1s1__min.248__Z60	8	2x2x2x4	15	15	0	0	explicit
2-1s1s1s1s1__min.248__Z38	8	2x2x2	8	8	0	0	explicit
2-1s1s1s1s1__min.248__Z44	8	2x4	6	6	0	0	explicit
2-1s1s1s1s1__min.248__Z25	8	2x2x2	8	8	0	0	explicit
2-1s1s1s1s1__min.248__Z67	8	2x2x2	8	8	0	0	explicit
2-1s1s1s1s1__min.248__Z61	8	2x2x2x2	10	12	2	0	explicit
2-1s1s1s1s1__min.248__Z45	8	2x4	6	6	0	0	explicit
2-1s1s1s1s1__min.248__Z39	8	2x2x2x4	20	20	0	0	explicit
2-1s1s1s1s1__min.248__Z51	8	2x2x2	8	8	0	0	explicit
2-1s1s1s1s1__min.248__Z26	8	2x2x2	8	8	0	0	explicit
2-1s1s1s1s1__min.248__Z46	8	2x4	6	6	0	0	explicit
2-1s1s1s1s1__min.248__Z68	8	2x2x2	8	8	0	0	explicit
2-1s1s1s1s1__min.248__Z62	8	2x2x2x2	8	9	1	0	explicit
2-1s1s1s1s1__min.248__Z52	8	2x2	4	4	0	0	explicit
2-1s1s1s1s1__min.248__Z27	8	2x2x2	8	8	0	0	explicit
2-1s1s1s1s1__group.1241__Z60	32	2x2x2x2x2x2x2x2x2x2x2	1152	1152	0	0	explicit
2-1s1s1s1s1__min.248__Z69	8	2x2x2x2	16	16	0	0	explicit
2-1s1s1s1s1__min.248__Z63	8	2x2x2x4	20	20	0	0	explicit
2-1s1s1s1s1__min.248__Z53	8	2x2	4	4	0	0	explicit
2-1s1s1s1s1__min.248__Z28	8	2x2x2	8	8	0	0	explicit
2-1s1s1s1s1__min.248__Z7	8	2x2x2x2x4	32	32	0	0	explicit
2-1s1s1s1s1__min.248__Z64	8	2x2x2x2	12	12	0	0	explicit
2-1s1s1s1s1__min.248__Z47	8	2x4	6	6	0	0	explicit
2-1s1s1s1s1__min.248__Z54	8	2x2	4	4	0	0	explicit
2-1s1s1s1s1__min.248__Z29	8	2x2x2x2x4	30	30	0	0	explicit
2-1s1s1s1s1__min.248__Z70	8	2x2x2	8	8	0	0	explicit
2-1s1s1s1s1__min.248__Z65	8	2x2x2x2	10	10	0	0	explicit
2-1s1s1s1s1__min.248__Z71	8	2x4	6	6	0	0	explicit
2-1s1s1s1s1__group.1241__Z61	32	2x2x2x2x2x2x2x2x2	288	288	0	0	explicit
2-1s1s1s1s1__min.248__Z3	8	2x2x2x2x4	48	48	0	0	explicit
2-1s1s1s1s1__min.248__Z66	8	2x2x4	12	12	0	0	explicit
2-1s1s1s1s1__min.248__Z55	8	2x2	4	4	0	0	explicit
2-1s1s1s1s1__min.248__Z72	8	2x4	5	5	0	0	explicit
2-1s1s1s1s1__min.248__Z48	8	2x2x2x2	12	12	0	0	explicit
2-1s1s1s1s1__min.248__Z76	8	2x2	4	4	0	0	explicit
2-1s1s1s1s1__min.248__Z73	8	2x2x2	8	8	0	0	explicit
2-1s1s1s1s1__min.248__Z77	8	2x2	4	4	0	0	explicit
2-1s1s1s1s1__min.248__Z56	8	2x2x2x4	20	20	0	0	explicit
2-1s1s1s1s1__min.248__Z74	8	2x2x2x2	12	12	0	0	explicit
2-1s1s1s1s1__min.248__Z78	8	2x2x2x4	20	20	0	0	explicit
2-1s1s1s1s1__min.248__Z75	8	2x2x2	8	8	0	0	explicit
2-1s1s1s1s1__group.1243__Z1	32	2x2x2x2x2x2x2x2x2x2x2x2x2x2x2	8640	8640	0	0	explicit
2-1s1s1s1s1__min.248__Z94	8	2x2x2x2	9	10	1	0	explicit
2-1s1s1s1s1__min.248__Z79	8	2x2x2x4	24	24	0	0	explicit
2-1s1s1s1s1__min.248__Z57	8	2x2x2x2	16	16	0	0	explicit
2-1s1s1s1s1__min.248__Z95	8	2x4	5	5	0	0	explicit
2-1s1s1s1s1__min.248__Z8	8	2x2x2x2	16	16	0	0	explicit
2-1s1s1s1s1__group.1241__Z62	32	2x2x2x2x2x2x2x2x2x2x2x2	752	752	0	0	explicit
2-1s1s1s1s1__min.248__Z80	8	2x4	6	6	0	0	explicit
2-1s1s1s1s1__min.248__Z96	8	2x4	5	5	0	0	explicit
2-1s1s1s1s1__min.248__Z81	8	2x4	6	6	0	0	explicit
2-1s1s1s1s1__min.248__Z97	8	2x4	6	6	0	0	explicit
2-1s1s1s1s1__min.248__Z82	8	2x2x2x2	16	16	0	0	explicit
2-1s1s1s1s1__min.248__Z85	8	2x2x2x2	16	16	0	0	explicit
2-1s1s1s1s1__min.248__Z98	8	2x2x4	12	12	0	0	explicit
2-1s2-1s1c1__group.1259__Z4	16	2x2x2x2x2x2	21	21	0	0	explicit
2-1s1s1s1s1__min.248__Z83	8	2x2x2	8	8	0	0	explicit
2-1s2-1s1c1__group.1260__Z13	16	2x2x2x2x2x2x2x2	64	64	0	0	explicit
2-1s2-1s1c1__group.1259__Z5	16	2x2x2x2x2	8	8	0	0	explicit
2-1s1s1s1s1__min.248__Z99	8	2x4	6	6	0	0	explicit
2-1s1s1s1s1__group.1243__Z10	32	2x2x2x2x2x2x2x2x2x2x2x2	960	960	0	0	explicit
2-1s2-1s1c1__group.1260__Z8	16	2x2x2x2x2x2	24	24	0	0	explicit
2-1s1s1s1s1__min.248__Z84	8	2x2x2	8	8	0	0	explicit
2-1s2-1s1c1__group.1259__Z1	16	2x2x2x2x2x2x2x2	40	40	0	0	explicit
2-1s2-1s1c1__group.1260__Z14	16	2x2x2x2x2x2	17	17	0	0	explicit
2-1s2-1s1c1__group.1259__Z6	16	2x2x2x2x2x2	21	21	0	0	explicit
2-1s1s1s1s1__min.248__Z86	8	2x4	6	6	0	0	explicit
2-1s2-1s1c1__group.1260__Z9	16	2x2x2x2x2x2x2	48	48	0	0	explicit
2-1s2-1s1c1__group.1259__Z10	16	2x2x2	5	5	0	0	explicit
2-1s2-1s1c1__group.1260__Z15	16	2x2x2x2x2x2x2	22	22	0	0	explicit
2-1s2-1s1c1__group.1259__Z7	16	2x2x2x2	7	7	0	0	explicit
2-1s2-1s1c1__group.1261__Z1	16	2x2x2x2x2x2x2x2	31	31	0	0	explicit
2-1s2-1s1c1__group.1259__Z2	16	2x2x2x2x2x2x2x2	37	37	0	0	explicit
2-1s2-1s1c1__group.1259__Z8	16	2x2x2x2	10	10	0	0	explicit
2-1s2-1s1c1__group.1260__Z16	16	2x2x2x2x2x2	15	15	0	0	explicit
2-1s2-1s1c1__group.1261__Z10	16	2x2x2	6	6	0	0	explicit
2-1s2-1s1c1__group.1259__Z3	16	2x2x2x2x2x2	32	32	0	0	explicit
2-1s2-1s1c1__group.1259__Z9	16	2x2x2x2x2	14	14	0	0	explicit
2-1s1s1s1s1__min.248__Z87	8	2x2x2	6	6	0	0	explicit
2-1s2-1s1c1__group.1261__Z11	16	2x2x2x2x2x2x2x2	39	39	0	0	explicit
2-1s2-1s1c1__group.1260__Z2	16	2x2x2x2x2x2x2x2x2x2	95	95	0	0	explicit
2-1s2-1s1c1__group.1261__Z12	16	2x2x2x2x2	8	8	0	0	explicit
2-1s2-1s1c1__group.1260__Z1	16	2x2x2x2x2x2x2x2x2x2	69	69	0	0	explicit
2-1s2-1s1c1__group.1261__Z17	16	2x2x2x2	10	10	0	0	explicit
2-1s1s1s1s1__min.248__Z88	8	2x2	4	4	0	0	explicit
2-1s2-1s1c1__group.1260__Z3	16	2x2x2x2x2x2x2x2	59	59	0	0	explicit
2-1s2-1s1c1__group.1261__Z13	16	2x2x2x2x2x2	24	24	0	0	explicit
2-1s2-1s1c1__group.1260__Z10	16	2x2x2x2x2	15	15	0	0	explicit
2-1s1s1s1s1__min.248__Z89	8	2x2	3	3	0	0	explicit
2-1s2-1s1c1__group.1261__Z18	16	2x2x2x2x2x2x2x2	28	28	0	0	explicit
2-1s2-1s1c1__group.1261__Z14	16	2x2x2x2x2x2	24	24	0	0	explicit
2-1s2-1s1c1__group.1260__Z4	16	2x2x2x2x2x2x2x2	52	52	0	0	explicit
2-1s2-1s1c1__group.1260__Z11	16	2x2x2x2x2x2x2x2x2x2	56	56	0	0	explicit
2-1s2-1s1c1__group.1262__Z10	16	2x2x4	6	6	0	0	explicit
2-1s1s1s1s1__min.248__Z9	8	2x2x2x2	12	12	0	0	explicit
2-1s2-1s1c1__group.1260__Z5	16	2x2x2x2x2x2x2	22	22	0	0	explicit
2-1s2-1s1c1__group.1261__Z19	16	2x2x2x2x2x2x2x2	39	39	0	0	explicit
2-1s2-1s1c1__group.1260__Z12	16	2x2x2x2x2x2x2	14	14	0	0	explicit
2-1s2-1s1c1__group.1262__Z11	16	2x2x2x2x2x2x4x4	40	40	0	0	explicit
2-1s1s1s1s1__min.248__Z90	8	2x2x4	10	10	0	0	explicit
2-1s2-1s1c1__group.1261__Z2	16	2x2x2x2x2x2x2x2	39	39	0	0	explicit
2-1s2-1s1c1__group.1261__Z15	16	2x2x2x2	8	8	0	0	explicit
2-1s2-1s1c1__group.1262__Z12	16	2x2x2x4x4	12	12	0	0	explicit
2-1s2-1s1c1__group.1260__Z6	16	2x2x2x2x2x2x2x2	48	48	0	0	explicit
2-1s1s1s1s1__min.248__Z91	8	2x4	6	6	0	0	explicit
2-1s2-1s1c1__group.1261__Z20	16	2x2x2x2x2x2	21	21	0	0	explicit
2-1s2-1s1c1__group.1262__Z13	16	2x2x2x2x2x4	36	36	0	0	explicit
2-1s2-1s1c1__group.1261__Z16	16	2x2x2x2x2	14	14	0	0	explicit
2-1s2-1s1c1__group.1260__Z7	16	2x2x2x2x2x2	21	21	0	0	explicit
2-1s1s1s1s1__group.1243__Z11	32	2x2x2x2x2x2x2x2x2x2x2x2	768	768	0	0	explicit
2-1s2-1s1c1__group.1261__Z21	16	2x2x2x2x2x2	21	21	0	0	explicit
2-1s2-1s1c1__group.1262__Z14	16	2x2x2x4	9	9	0	0	explicit
2-1s1s1s1s1__min.248__Z92	8	2x2x2x4	20	20	0	0	explicit
2-1s2-1s1c1__group.1261__Z22	16	2x2x2x2x2	8	8	0	0	explicit
2-1s2-1s1c1__group.1262__Z15	16	2x2x2x4x4	19	19	0	0	explicit
2-1s2-1s1c1__group.1261__Z26	16	2x2x2x2x2	14	14	0	0	explicit
2-1s1s1s1s1__min.248__Z93	8	2x2x2x2	12	12	0	0	explicit
2-1s1s1s1s1__group.1251__Z27	64	2x2x2x2x2x2x2x2x2x2x2x2x2x2x2	1540	1540	0	0	explicit
2-1s2-1s1c1__group.1261__Z23	16	2x2x2x2x2x2	18	18	0	0	explicit
2-1s2-1s1c1__group.1262__Z16	16	2x2x2x2	10	10	0	0	explicit
2-1s1s1s1s1__group.1243__Z12	32	2x2x2x2x2x2x2x2x2	240	240	0	0	explicit
2-1s2-1s1c1__group.1262__Z5	16	2x2x2x4x4	12	12	0	0	explicit
2-1s2-1s1c1__group.1261__Z24	16	2x2x2x2	7	7	0	0	explicit
2-1s2-1s1c1__group.1262__Z2	16	2x2x2x2x2x2x4x4	55	55	0	0	explicit
2-1s2-1s1c1__group.1262__Z6	16	2x2x2x2x2x4	26	26	0	0	explicit
2-1s2-1s1c1__group.1261__Z27	16	2x2x2	5	5	0	0	explicit
2-1s2-1s1c1__group.1261__Z25	16	2x2x2x2	7	7	0	0	explicit
2-1s2-1s1c1__group.1262__Z3	16	2x2x2x2x2x4	36	36	0	0	explicit
2-1s2-1s1c1__group.1262__Z7	16	2x2x2x4	9	9	0	0	explicit
2-1s1s1s1s1__group.1243__Z13	32	2x2x2x2x2x2x2x2x2	240	240	0	0	explicit
2-1s2-1s1c1__group.1261__Z3	16	2x2x2x2x2x2	25	25	0	0	explicit
2-1s2-1s1c1__group.1263__Z14	16	2x2x2x2x2x2x2x2	46	46	0	0	explicit
2-1s2-1s1c1__group.1262__Z4	16	2x2x2x2x2x4	27	27	0	0	explicit
2-1s2-1s1c1__group.1265__Z1	16	2x2x2x2	6	6	0	0	explicit
2-1s2-1s1c1__group.1263__Z15	16	2x2x2x2x2	8	8	0	0	explicit
2-1s2-1s1c1__group.1261__Z4	16	2x2x2x2x2x2	21	21	0	0	explicit
2-1s2-1s1c1__group.1265__Z2	16	2x2x2	4	4	0	0	explicit
2-1s2-1s1c1__group.1262__Z8	16	2x2x2x2	10	10	0	0	explicit
2-1s1s1s1s1__group.1243__Z14	32	2x2x2x2x2x2x2	64	64	0	0	explicit
2-1s2-1s1c1__group.1265__Z3	16	2x2x2	6	6	0	0	explicit
2-1s2-1s1c1__group.1263__Z16	16	2x2x2x2x2x2	36	36	0	0	explicit
2-1s2-1s1c1__group.1262__Z9	16	2x2x2x4x4	22	22	0	0	explicit
2-1s2-1s1c1__group.1265__Z4	16	2x2x2	5	5	0	0	explicit
2-1s2-1s1c1__group.1261__Z5	16	2x2x2x2x2	10	10	0	0	explicit
2-1s2-1s1c1__group.1265__Z5	16	2x4	4	4	0	0	explicit
2-1s2-1s1c1__group.1263__Z17	16	2x2x2x2	7	7	0	0	explicit
2-1s2-1s1c1__group.1263__Z1	16	2x2x2x2x2x2x2x2	50	50	0	0	explicit
2-1s1s1s1s1__group.1243__Z15	32	2x2x2x2x2x2x2	52	52	0	0	explicit
2-1s2-1s1c1__group.1261__Z6	16	2x2x2x2x2x2	20	20	0	0	explicit
2-1s2-1s1c1__group.1265__Z6	16	2x2	3	3	0	0	explicit
2-1s2-1s1c1__group.1263__Z6	16	2x2x2x2x2	10	10	0	0	explicit
2-1s1s1s1s1__group.1251__Z9	64	2x2x2x2x2x2x2x2x2x2x2x2x2x2x2	8640	8640	0	0	explicit
2-1s2-1s1c1__group.1263__Z18	16	2x2x2x2x2	14	14	0	0	explicit
2-1s2-1s1c1__group.1266__Z1	16	2x2x2x2	8	8	0	0	explicit
2-1s2-1s1c1__group.1266__Z2	16	2x2x2	4	4	0	0	explicit
2-1s2-1s1c1__group.1261__Z7	16	2x2x2x2	9	9	0	0	explicit
2-1s2-1s1c1__group.1266__Z5	16	2x2x2	6	6	0	0	explicit
2-1s1s1s1s1__min.248__Z1	8	2x2x2x2x2x4	64	64	0	0	explicit
2-1s2-1s1c1__group.1266__Z3	16	2x2x2	6	6	0	0	explicit
2-1s2-1s1c1__group.1263__Z19	16	2x2x2x2	6	6	0	0	explicit
2-1s2-1s1c1__group.1263__Z10	16	2x2x2x2	10	10	0	0	explicit
2-1s2-1s1c1__group.1261__Z8	16	2x2x2x2	10	10	0	0	explicit
2-1s1s1s1s1__min.248__Z10	8	2x2x2x2x4	32	32	0	0	explicit
2-1s2-1s1c1__group.1266__Z4	16	2x2x4	8	8	0	0	explicit
2-1s1s1s1s1__group.1251__Z28	64	2x2x2x2x2x2x2x2x2x2x2	376	376	0	0	explicit
2-1s1s1s1s1__group.1251__Z2	64	2x2x2x2x2x2x2x2x2x2x2x2x2x2x2x2	11456	11456	0	0	explicit
2-1s2-1s1c1__group.1263__Z2	16	2x2x2x2x2x2x2x2	80	80	0	0	explicit
2-1s1s1s1s1__min.248__Z100	8	2x4	6	6	0	0	explicit
2-1s2-1s1c1__group.1261__Z9	16	2x2x2x2x2	20	20	0	0	explicit
2-1s2-1s1c1__group.1266__Z6	16	2x4	4	4	0	0	explicit
2-1s2-1s1c1__group.1263__Z11	16	2x2x2x2x2	20	20	0	0	explicit
2-1s2-1s1c1__group.1271__Z16	32	2x2x2x2x2x2	15	15	0	0	explicit
2-1s2-1s1c1__group.1262__Z1	16	2x2x2x2x2x2x4x4	45	45	0	0	explicit
2-1s1s1s1s1__min.248__Z101	8	2x2x4	10	10	0	0	explicit
2-1s2-1s1c1__group.1263__Z3	16	2x2x2x2x2x2	36	36	0	0	explicit
2-1s1s1s1s1__group.1243__Z16	32	2x2x2x2x2x2x2x2x2x2x2x2	904	904	0	0	explicit
2-1s2-1s1c1__group.1263__Z7	16	2x2x2x2x2x2	30	30	0	0	explicit
2-1s1s1s1s1__min.248__Z102	8	2x4	6	6	0	0	explicit
2-1s2-1s1c1__group.1266__Z7	16	2x4	5	5	0	0	explicit
2-1s2-1s1c1__group.1263__Z12	16	2x2x2x2x2	20	20	0	0	explicit
2-1s1s1s1s1__min.248__Z103	8	2x2x4	10	10	0	0	explicit
2-1s1s1s1s1__group.1251__Z29	64	2x2x2x2x2x2x2x2x2x2	162	162	0	0	explicit
2-1s2-1s1c1__group.1263__Z4	16	2x2x2x2x2x2	30	30	0	0	explicit
2-1s2-1s1c1__group.1273__Z2	32	2x2x2x2x2x2	16	16	0	0	explicit
2-1s2-1s1c1__group.1271__Z2	32	2x2x2x2x2x2x2x2x2x2x2x2	338	338	0	0	explicit
2-1s2-1s1c1__group.1263__Z5	16	2x2x2x2x2	10	10	0	0	explicit
2-1s2-1s1c1__group.1263__Z8	16	2x2x2x2	9	9	0	0	explicit
2-1s1s1s1s1__min.248__Z104	8	2x2x2x4	20	20	0	0	explicit
2-1s2-1s1c1__group.1273__Z3	32	2x2x2x2x2x2	36	36	0	0	explicit
2-1s2-1s1c1__group.1263__Z13	16	2x2x2	6	6	0	0	explicit
2-1s2-1s1c1__group.1273__Z4	32	2x2x2x2x2	14	14	0	0	explicit
2-1s1s1s1s1__group.1251__Z20	64	2x2x2x2x2	12	12	0	0	explicit
2-1s2-1s1c1__group.1263__Z9	16	2x2x2x2	10	10	0	0	explicit
2-1s2-1s1c1__group.1271__Z3	32	2x2x2x2x2x2x2x2x2	118	118	0	0	explicit
2-1s1s1s1s1__group.1243__Z17	32	2x2x2x2x2x2x2x2x2x2x2	2048	2048	0	0	explicit
2-1s2-1s1c1__group.1273__Z5	32	2x2x2x2x2	14	14	0	0	explicit
2-1s2-1s1c1__group.1286__Z6	32	2x2x4x4	15	15	0	0	explicit
2-1s2-1s1c1__group.1264__Z1	16	2x2x4x4x4x4	34	35	1	0	explicit
2-1s2-1s1c1__group.1271__Z1	32	2x2x2x2x2x2x2x2x2x2x2x2	240	240	0	0	explicit
2-1s2-1s1c1__group.1264__Z2	16	2x4x4x4x4	20	20	0	0	explicit
2-1s2-1s1c1__group.1287__Z7	32	2x2x2x2x2x2x2x2	50	50	0	0	explicit
2-1s2-1s1c1__group.1287__Z1	32	2x2x2x2x2x2x2x2	46	46	0	0	explicit
2-1s2-1s1c1__group.1273__Z6	32	2x2x2x2	6	6	0	0	explicit
2-1s2-1s1c1__group.1264__Z3	16	2x2x4x4x4	46	48	2	0	explicit
2-1s2-1s1c1__group.1287__Z8	32	2x2x2x2x2x2	20	20	0	0	explicit
2-1s1s1s1s1__group.1243__Z18	32	2x2x2x2x2x2x2x2	256	256	0	0	explicit
2-1s2-1s1c1__group.1271__Z4	32	2x2x2x2x2x2x2x2x2	97	97	0	0	explicit
2-1s2-1s1c1__group.1287__Z10	32	2x2x2x2x2	15	15	0	0	explicit
2-1s2-1s1c1__group.1264__Z4	16	2x2x2x4x4	24	24	0	0	explicit
2-1s2-1s1c1__group.1271__Z10	32	2x2x2x2x2	15	15	0	0	explicit
2-1s2-1s1c1__group.1264__Z5	16	4x4x4x4	20	21	1	0	explicit
2-1s2-1s1c1__group.1286__Z1	32	2x2x2x2x4x4x4x4	124	130	6	0	explicit
2-1s2-1s1c1__group.1287__Z9	32	2x2x2x2x2x2	36	36	0	0	explicit
2-1s2-1s1c1__group.1287__Z11	32	2x2x2x2x4	21	21	0	0	explicit
2-1s2-1s1c1__group.1271__Z5	32	2x2x2x2x2x2x2x2	44	44	0	0	explicit
2-1s2-1s1c1__group.1264__Z6	16	2x2x4x4	15	15	0	0	explicit
2-1s1s1s1s1__group.1251__Z14	64	2x2x2x2x2x2x2x2x2x2x2x2x2x2x2	5984	5984	0	0	explicit
2-1s2-1s1c1__group.1286__Z2	32	2x2x4x4x4x4	40	40	0	0	explicit
2-1s2-1s1c1__group.1291__Z10	32	2x2x2x2x2x2	36	36	0	0	explicit
2-1s2-1s1c1__group.1288__Z1	32	2x2x2x2x2x2x2x2x2x2	134	134	0	0	explicit
2-1s2-1s1c1__group.1287__Z12	32	2x2x2x2	10	10	0	0	explicit
2-1s2-1s1c1__group.1288__Z2	32	2x2x2x2x2x2x2x2	44	44	0	0	explicit
2-1s1s1s1s1__group.1251__Z21	64	2x2x2x2x2x2	48	48	0	0	explicit
2-1s2-1s1c1__group.1271__Z6	32	2x2x2x2x2x2x2x2x2	88	88	0	0	explicit
2-1s2-1s1c1__group.1287__Z2	32	2x2x2x2x2x2	16	16	0	0	explicit
2-1s2-1s1c1__group.1286__Z3	32	2x2x2x4x4x4	92	96	4	0	explicit
2-1s2-1s1c1__group.1291__Z11	32	2x2x2x2x2x4	52	52	0	0	explicit
2-1s2-1s1c1__group.1291__Z7	32	2x2x2x2	12	12	0	0	explicit
2-1s2-1s1c1__group.1271__Z11	32	2x2x2x2x2x2x2x2x2x2x2x2	207	207	0	0	explicit
2-1s2-1s1c1__group.1286__Z4	32	2x2x2x4x4	24	24	0	0	explicit
2-1s2-1s1c1__group.1291__Z8	32	2x2x2x2x2x2x2x2	80	80	0	0	explicit
2-1s2-1s1c1__group.1271__Z7	32	2x2x2x2x2x2	21	21	0	0	explicit
2-1s2-1s1c1__group.1288__Z3	32	2x2x2x2x2x2x2x2	120	120	0	0	explicit
2-1s2-1s1c1__group.1287__Z3	32	2x2x2x2x2x2	36	36	0	0	explicit
2-1s2-1s1c1__group.1291__Z12	32	2x2x2x2x2	20	20	0	0	explicit
2-1s2-1s1c1__group.1286__Z5	32	2x4x4x4x4	40	42	2	0	explicit
2-1s2-1s1c1__group.1291__Z9	32	2x2x2x2x2x2	20	20	0	0	explicit
2-1s2-1s1c1__group.1287__Z4	32	2x2x2x2x2	14	14	0	0	explicit
2-1s2-1s1c1__group.1288__Z4	32	2x2x2x2x2x2x2	42	42	0	0	explicit
2-1s2-1s1c1__min.256__Z10	8	2	2	2	0	0	explicit
2-1s2-1s1c1__group.1291__Z13	32	2x2x2x2x4	26	26	0	0	explicit
2-1s2-1s1c1__group.1271__Z12	32	2x2x2x2x2x2x2x2	28	28	0	0	explicit
2-1s2-1s1c1__group.1271__Z8	32	2x2x2x2x2x2	24	24	0	0	explicit
2-1s1s1s1s1__group.1251__Z15	64	2x2x2x2x2x2x2x2x2x2x2	1152	1152	0	0	explicit
2-1s2-1s1c1__min.257__Z10	8	2x2x4	6	6	0	0	explicit
2-1s2-1s1c1__min.256__Z2	8	2x2x2x2	6	6	0	0	explicit
2-1s2-1s1c1__group.1287__Z5	32	2x2x2x2x2	14	14	0	0	explicit
2-1s2-1s1c1__group.1288__Z5	32	2x2x2x2x2x2x2	44	44	0	0	explicit
2-1s2-1s1c1__min.257__Z2	8	2x2x2x2x4x4	18	18	0	0	explicit
2-1s2-1s1c1__group.1291__Z14	32	2x2x2x4	15	15	0	0	explicit
2-1s2-1s1c1__min.256__Z3	8	2x2x2	6	6	0	0	explicit
2-1s2-1s1c1__group.1300__Z1	64	2x2x2x2x2x2x2x2x2x2x2x2	508	508	0	0	explicit
2-1s2-1s1c1__min.257__Z3	8	2x2x2x2x4	24	24	0	0	explicit
2-1s2-1s1c1__group.1271__Z9	32	2x2x2x2x2x2x2x2	96	96	0	0	explicit
2-1s2-1s1c1__group.1288__Z6	32	2x2x2x2x2x2	21	21	0	0	explicit
2-1s2-1s1c1__min.257__Z4	8	2x2x2x2x4	15	15	0	0	explicit
2-1s2-1s1c1__group.1273__Z1	32	2x2x2x2x2x2x2x2	46	46	0	0	explicit
2-1s2-1s1c1__min.257__Z5	8	2x2x4x4	6	6	0	0	explicit
2-1s2-1s1c1__group.1287__Z6	32	2x2x2x2	6	6	0	0	explicit
2-1s2-1s1c1__min.256__Z4	8	2x2x2	5	5	0	0	explicit
2-1s2-1s1c1__group.1291__Z1	32	2x2x2x2x2x2x2x2	80	80	0	0	explicit
2-1s2-1s1c1__group.1300__Z2	64	2x2x2x2x2x2x2x2x2	88	88	0	0	explicit
2-1s2-1s1c1__min.258__Z10	8	2	2	2	0	0	explicit
2-1s2-1s1c1__min.256__Z5	8	2x2	2	2	0	0	explicit
2-1s2-1s1c1__min.257__Z6	8	2x2x2x2x4	17	17	0	0	explicit
2-1s2-1s1c1__min.258__Z2	8	2x2x2x2	6	6	0	0	explicit
2-1s2-1s1c1__group.1291__Z2	32	2x2x2x2x2x2	20	20	0	0	explicit
2-1s2-1s1c1__min.256__Z6	8	2x2x2	5	5	0	0	explicit
2-1s2-1s1c1__group.1271__Z13	32	2x2x2x2x2x2x2x2x2	128	128	0	0	explicit
2-1s2-1s1c1__min.257__Z7	8	2x2x2x4	9	9	0	0	explicit
2-1s2-1s1c1__min.258__Z3	8	2x2x2	6	6	0	0	explicit
2-1s2-1s1c1__min.256__Z7	8	2x2	3	3	0	0	explicit
2-1s2-1s1c1__min.258__Z4	8	2x2x2	5	5	0	0	explicit
2-1s2-1s1c1__min.256__Z8	8	2x2	3	3	0	0	explicit
2-1s2-1s1c1__min.257__Z8	8	2x2x2x2	10	10	0	0	explicit
2-1s2-1s1s1__group.1313__Z10	128	2x2x2x2x2x2x2x2	136	136	0	0	explicit
2-1s2-1s1c1__min.258__Z5	8	2x2	2	2	0	0	explicit
2-1s2-1s1c1__group.1271__Z14	32	2x2x2x2x2x2	17	17	0	0	explicit
2-1s2-1s1c1__min.256__Z9	8	2x2	3	3	0	0	explicit
2-1s2-1s1c1__min.258__Z6	8	2x2x2	5	5	0	0	explicit
2-1s2-1s1c1__min.257__Z9	8	2x2x4x4	11	11	0	0	explicit
2-1s2-1s1c1__min.257__Z1	8	2x2x2x2x4x4	19	19	0	0	explicit
2-1s2-1s1c1__group.1300__Z3	64	2x2x2x2x2x2x2x2x2	240	240	0	0	explicit
2-1s2-1s1c1__min.258__Z1	8	2x2x2x2	6	6	0	0	explicit
2-1s2-1s1c1__min.258__Z7	8	2x2	3	3	0	0	explicit
2-1s2-1s1c1__group.1291__Z3	32	2x2x2x2x2x2	36	36	0	0	explicit
2-1s2-1s1c1__group.1271__Z15	32	2x2x2x2x2x2x2x2	44	44	0	0	explicit
2-1s2-1s1c1__min.258__Z8	8	2x2	3	3	0	0	explicit
2-1s2-1s1c1__min.258__Z9	8	2x2	3	3	0	0	explicit
2-1s2-1s1c1__group.1291__Z4	32	2x2x2x2x2x2	40	40	0	0	explicit
2-1s2-1s1c1__group.1300__Z4	64	2x2x2x2x2x2x2	42	42	0	0	explicit
2-1s2-1s1s1__group.1313__Z11	128	2x2x2x2x2x2x2	128	128	0	0	explicit
2-1s2-1s1s1__group.1350__Z15	32	2x2x2x2x2x2x2x2	80	96	16	0	explicit
2-1s2-1s1c1__group.1291__Z5	32	2x2x2x2x2	18	18	0	0	explicit
2-1s2-1s1c1__group.1300__Z5	64	2x2x2x2x2x2x2x2	88	88	0	0	explicit
2-1s2-1s1s1__group.1313__Z6	128	2x2x2x2x2x2x2x2x2	272	272	0	0	explicit
2-1s2-1s1s1__group.1350__Z16	32	2x2x2x2x2	14	15	1	0	explicit
2-1s2-1s1s1__group.1313__Z12	128	2x2x2x2x2x2x2	64	64	0	0	explicit
2-1s2-1s1s1__group.1350__Z17	32	2x2x2x2x2	20	20	0	0	explicit
2-1s2-1s1c1__group.1291__Z6	32	2x2x2x2x2	20	20	0	0	explicit
2-1s2-1s1s1__group.1350__Z18	32	2x2x2x2x2	18	20	2	0	explicit
2-1s2-1s1c1__group.1300__Z6	64	2x2x2x2x2x2	21	21	0	0	explicit
2-1s2-1s1c1__min.256__Z1	8	2x2x2x2	6	6	0	0	explicit
2-1s2-1s1s1__group.1350__Z19	32	2x2x2x2	9	9	0	0	explicit
2-1s2-1s1s1__group.1313__Z7	128	2x2x2x2x2x2	28	28	0	0	explicit
2-1s2-1s1s1__group.1313__Z13	128	2x2x2x2x2x2x2	48	48	0	0	explicit
2-1s2-1s1s1__group.1350__Z2	32	2x2x2x2x2x2	64	64	0	0	explicit
2-1s2-1s1s1__group.1350__Z24	32	2x2x2x2x2x2x2	96	96	0	0	explicit
2-1s2-1s1s1__group.1350__Z25	32	2x2x2x2x2x2x2x2x2	124	124	0	0	explicit
2-1s2-1s1s1__group.1350__Z20	32	2x2x2x2x2x2	32	32	0	0	explicit
2-1s2-1s1s1__group.1350__Z42	32	2x2	3	3	0	0	explicit
2-1s2-1s1s1__group.1313__Z14	128	2x2x2x2x2x2	30	30	0	0	explicit
2-1s2-1s1s1__group.1350__Z21	32	2x2x2x2	9	9	0	0	explicit
2-1s2-1s1s1__group.1350__Z33	32	2x2x2x2	12	12	0	0	explicit
2-1s2-1s1s1__group.1350__Z26	32	2x2x2x2x2x2	36	36	0	0	explicit
2-1s2-1s1s1__group.1350__Z51	32	2x2x2x2x2x2	28	28	0	0	explicit
2-1s2-1s1s1__group.1350__Z22	32	2x2x2x2x2	20	20	0	0	explicit
2-1s2-1s1s1__group.1350__Z43	32	2x2x2x2x2x2	40	40	0	0	explicit
2-1s2-1s1s1__group.1350__Z52	32	2x2x2x2x2	20	20	0	0	explicit
2-1s2-1s1s1__group.1350__Z23	32	2x2x2x2x2x2x2x2x2x2	216	216	0	0	explicit
2-1s2-1s1s1__group.1350__Z34	32	2x2x2x2x2x2	26	26	0	0	explicit
2-1s2-1s1s1__group.1350__Z44	32	2x2x2x2	12	12	0	0	explicit
2-1s2-1s1s1__group.1350__Z27	32	2x2x2x2x2x2x2	42	42	0	0	explicit
2-1s2-1s1s1__group.1350__Z53	32	2x2x2x2x2x2x2x2	76	76	0	0	explicit
2-1s2-1s1s1__group.1350__Z45	32	2x2x2x2x2	20	20	0	0	explicit
2-1s2-1s1s1__group.1350__Z8	32	2x2x2x2x2x2x2x2	96	96	0	0	explicit
2-1s2-1s1s1__group.1350__Z35	32	2x2x2x2x2x2	19	19	0	0	explicit
2-1s2-1s1s1__group.1350__Z54	32	2x2x2x2x2x2x2	96	96	0	0	explicit
2-1s2-1s1s1__group.1313__Z15	128	2x2x2x2x2x2x2x2x2x2x2	560	560	0	0	explicit
2-1s2-1s1s1__group.1350__Z46	32	2x2x2x2	8	8	0	0	explicit
2-1s2-1s1s1__group.1350__Z36	32	2x2x2x2	7	7	0	0	explicit
2-1s2-1s1s1__group.1350__Z9	32	2x2x2x2x2	20	20	0	0	explicit
2-1s2-1s1s1__group.1350__Z55	32	2x2x2x2x2x2x2	31	31	0	0	explicit
2-1s2-1s1s1__group.1350__Z60	32	2x2x2x2x2x2x2	40	48	8	0	explicit
2-1s2-1s1s1__group.1350__Z47	32	2x2	4	4	0	0	explicit
2-1s2-1s1s1__group.1350__Z28	32	2x2x2x2x2x2	30	30	0	0	explicit
2-1s2-1s1s1__group.1350__Z37	32	2x2x2x2x2x2	28	28	0	0	explicit
2-1s2-1s1s1__group.1376__Z1	32	2x2x2x2x2x2x2x2	256	256	0	0	explicit
2-1s2-1s1s1__group.1350__Z48	32	2x2x2x2x2	20	20	0	0	explicit
2-1s2-1s1s1__group.1350__Z56	32	2x2x2x2x2x2x2	50	50	0	0	explicit
2-1s2-1s1s1__group.1350__Z38	32	2x2x2x2	12	12	0	0	explicit
2-1s2-1s1s1__group.1313__Z8	128	2x2x2x2x2x2x2x2x2x2x2	1088	1088	0	0	explicit
2-1s2-1s1s1__group.1350__Z49	32	2x2x2x2	8	9	1	0	explicit
2-1s2-1s1s1__group.1376__Z10	32	2x2x2x2x2	32	32	0	0	explicit
2-1s2-1s1s1__group.1350__Z57	32	2x2x2x2x2x2x2x2x2	116	116	0	0	explicit
2-1s2-1s1s1__group.1350__Z39	32	2x2x2x2	8	8	0	0	explicit
2-1s2-1s1s1__group.1350__Z29	32	2x2x2x2x2x2	21	21	0	0	explicit
2-1s2-1s1s1__group.1350__Z61	32	2x2x2x2x2x2x2x2	84	84	0	0	explicit
2-1s2-1s1s1__group.1350__Z5	32	2x2x2x2x2x2	40	40	0	0	explicit
2-1s2-1s1s1__group.1376__Z11	32	2x2x2x2	16	16	0	0	explicit
2-1s2-1s1s1__group.1350__Z4	32	2x2x2x2x2	20	20	0	0	explicit
2-1s2-1s1s1__group.1350__Z58	32	2x2x2x2x2x2x2	56	56	0	0	explicit
2-1s2-1s1s1__group.1376__Z12	32	2x2x2x2	16	16	0	0	explicit
2-1s2-1s1s1__group.1350__Z40	32	2x2x2x2x2	20	20	0	0	explicit
2-1s2-1s1s1__group.1350__Z59	32	2x2x2x2x2x2x2	31	31	0	0	explicit
2-1s2-1s1s1__group.1313__Z2	128	2x2x2x2x2x2x2x2x2x2x2x2	4096	4096	0	0	explicit
2-1s2-1s1s1__group.1350__Z3	32	2x2x2x2x2x2x2x2	96	96	0	0	explicit
2-1s2-1s1s1__group.1350__Z50	32	2x2x2x2	9	9	0	0	explicit
2-1s2-1s1s1__group.1350__Z62	32	2x2x2x2x2x2	24	24	0	0	explicit
2-1s2-1s1s1__group.1350__Z41	32	2x2x2x2x2	14	14	0	0	explicit
2-1s2-1s1s1__group.1376__Z13	32	2x2x2x2x2	32	32	0	0	explicit
2-1s2-1s1s1__group.1350__Z30	32	2x2x2x2x2x2x2	54	54	0	0	explicit
2-1s2-1s1s1__group.1376__Z17	32	2x2x2x2x2	32	32	0	0	explicit
2-1s2-1s1s1__group.1376__Z14	32	2x2x2x2x4	48	48	0	0	explicit
2-1s2-1s1s1__group.1350__Z6	32	2x2x2x2x2x2x2x2	160	160	0	0	explicit
2-1s2-1s1s1__group.1350__Z31	32	2x2x2x2x2	20	20	0	0	explicit
2-1s2-1s1s1__group.1376__Z18	32	2x2x2x2	16	16	0	0	explicit
2-1s2-1s1s1__group.1376__Z15	32	2x2x2x2	16	16	0	0	explicit
2-1s2-1s1s1__group.1350__Z32	32	2x2x2x2	10	10	0	0	explicit
2-1s2-1s1s1__group.1350__Z63	32	2x2x2x2x2x2	40	40	0	0	explicit
2-1s2-1s1s1__group.1313__Z3	128	2x2x2x2x2x2x2x2x2x2x2	672	672	0	0	explicit
2-1s2-1s1s1__group.1376__Z19	32	2x2x2	8	8	0	0	explicit
2-1s2-1s1s1__group.1376__Z16	32	2x2x4	12	12	0	0	explicit
2-1s2-1s1s1__group.1376__Z2	32	2x2x2x2x2x2	64	64	0	0	explicit
2-1s2-1s1s1__group.1313__Z9	128	2x2x2x2x2x2x2x2x2x2x2	1056	1056	0	0	explicit
2-1s2-1s1s1__group.1377__Z11	32	2x2x2x2x4	48	48	0	0	explicit
2-1s2-1s1s1__group.1376__Z20	32	2x2x2	8	8	0	0	explicit
2-1s2-1s1s1__group.1377__Z20	32	2x2x4x4	36	40	4	0	explicit
2-1s2-1s1s1__group.1350__Z1	32	2x2x2x2x2x2x2x2x2	216	216	0	0	explicit
2-1s2-1s1s1__group.1313__Z4	128	2x2x2x2x2x2x2x2	160	160	0	0	explicit
2-1s2-1s1s1__group.1376__Z26	32	2x2x2x2x2	32	32	0	0	explicit
2-1s2-1s1s1__group.1376__Z21	32	2x2x2x2x2	32	32	0	0	explicit
2-1s2-1s1s1__group.1377__Z12	32	2x2x2x2x2	32	32	0	0	explicit
2-1s2-1s1s1__group.1377__Z21	32	2x2x2x2x4x4	144	160	16	0	explicit
2-1s2-1s1s1__group.1350__Z10	32	2x2x2x2x2x2	30	30	0	0	explicit
2-1s2-1s1s1__group.1376__Z22	32	2x2x2	8	8	0	0	explicit
2-1s2-1s1s1__group.1376__Z3	32	2x2x2x2x2x2	64	64	0	0	explicit
2-1s2-1s1s1__group.1377__Z13	32	2x2x2x2x4x4	144	160	16	0	explicit
2-1s2-1s1s1__group.1377__Z22	32	2x2x4x4	36	40	4	0	explicit
2-1s2-1s1s1__group.1376__Z23	32	2x4	6	6	0	0	explicit
2-1s2-1s1s1__group.1350__Z11	32	2x2x2x2x2x2	48	48	0	0	explicit
2-1s2-1s1s1__group.1376__Z4	32	2x2x2x2x2	32	32	0	0	explicit
2-1s2-1s1s1__group.1377__Z23	32	2x4x4	18	20	2	0	explicit
2-1s2-1s1s1__group.1350__Z64	32	2x2x2x2x2x2x2x2	64	64	0	0	explicit
2-1s2-1s1s1__group.1376__Z24	32	2x2x4	12	12	0	0	explicit
2-1s2-1s1s1__group.1377__Z24	32	2x2x2x4	24	24	0	0	explicit
2-1s2-1s1s1__group.1377__Z14	32	2x2x2x2x4x4	144	160	16	0	explicit
2-1s2-1s1s1__group.1350__Z65	32	2x2x2x2x2x2x2	26	30	4	0	explicit
2-1s2-1s1s1__group.1376__Z5	32	2x2x2x2	16	16	0	0	explicit
2-1s2-1s1s1__group.1376__Z25	32	2x2x2	8	8	0	0	explicit
2-1s2-1s1s1__group.1350__Z12	32	2x2x2x2x2	24	24	0	0	explicit
2-1s2-1s1s1__group.1377__Z25	32	2x2x4x4	36	40	4	0	explicit
2-1s2-1s1s1__group.1313__Z5	128	2x2x2x2x2x2x2x2x2x2x2x2	1120	1120	0	0	explicit
1s1s1s1s1s1__min.196__Z10	16	2x2x2x2x2x2x2x2x2x2x2x2x2x2	4544	4544	0	0	explicit
2-1s2-1s1s1__group.1350__Z66	32	2x2x2x2x2x2x2x2	56	56	0	0	explicit
2-1s2-1s1s1__group.1377__Z6	32	2x2x2x2x2x4x4	288	320	32	0	explicit
2-1s2-1s1s1__group.1378__Z15	32	2x2x2x2	16	16	0	0	explicit
2-1s2-1s1s1__group.1377__Z26	32	2x2x2x2x4x4	144	160	16	0	explicit
2-1s2-1s1s1__group.1377__Z15	32	2x2x2x4x4	72	80	8	0	explicit
2-1s2-1s1s1__group.1350__Z67	32	2x2x2x2x2x2x2x2	52	60	8	0	explicit
2-1s2-1s1s1__group.1376__Z6	32	2x2x2x2x2x2	64	64	0	0	explicit
2-1s2-1s1s1__group.1377__Z7	32	2x2x2x2x2x2x4	192	192	0	0	explicit
2-1s2-1s1s1__group.1378__Z16	32	2x2x2	8	8	0	0	explicit
2-1s2-1s1s1__group.1350__Z13	32	2x2x2x2x2	20	20	0	0	explicit
2-1s2-1s1s1__group.1377__Z3	32	2x2x2x2x2x2x4	192	192	0	0	explicit
2-1s2-1s1s1__group.1350__Z68	32	2x2x2	5	5	0	0	explicit
2-1s1s1s1s1__group.1251__Z3	64	2x2x2x2x2x2x2x2x2x2x2x2x2x2x2	9408	9408	0	0	explicit
2-1s2-1s1s1__group.1377__Z8	32	2x2x2x2x2x4	96	96	0	0	explicit
2-1s2-1s1s1__group.1378__Z24	32	2x2x4	12	12	0	0	explicit
2-1s2-1s1s1__group.1377__Z4	32	2x2x2x2x4x4	144	160	16	0	explicit
2-1s2-1s1s1__group.1378__Z17	32	2x2x2x2x4	48	48	0	0	explicit
2-1s2-1s1s1__group.1350__Z7	32	2x2x2x2x2	32	32	0	0	explicit
2-1s2-1s1s1__group.1377__Z16	32	2x2x4x4	36	40	4	0	explicit
2-1s2-1s1s1__group.1376__Z7	32	2x2x2x2x2x2	64	64	0	0	explicit
2-1s2-1s1s1__group.1350__Z14	32	2x2x2x2x2	20	20	0	0	explicit
2-1s2-1s1s1__group.1377__Z5	32	2x2x2x2x4	48	48	0	0	explicit
2-1s2-1s1s1__group.1378__Z18	32	2x2x2x4	24	24	0	0	explicit
2-1s2-1s1s1__group.1377__Z9	32	2x2x2x2x2x4x4	288	320	32	0	explicit
2-1s2-1s1s1__group.1378__Z25	32	2x2x4	12	12	0	0	explicit
2-1s2-1s1s1__group.1376__Z8	32	2x2x2x2x2	32	32	0	0	explicit
2-1s2-1s1s1__group.1378__Z1	32	2x2x2x2x2x2x2x2	256	256	0	0	explicit
2-1s2-1s1s1__group.1378__Z26	32	2x2x2x2x2	32	32	0	0	explicit
2-1s2-1s1s1__group.1376__Z9	32	2x2x2x2x2x2	64	64	0	0	explicit
2-1s2-1s1s1__group.1379__Z1	32	2x2x2x2x2x2x2x2	256	256	0	0	explicit
2-1s2-1s1s1__group.1378__Z3	32	2x2x2x2x2x4	96	96	0	0	explicit
2-1s2-1s1s1__group.1378__Z10	32	2x2x2x2x2	32	32	0	0	explicit
2-1s2-1s1s1__group.1378__Z4	32	2x2x2x2x2	32	32	0	0	explicit
2-1s2-1s1s1__group.1378__Z11	32	2x2x2x2	16	16	0	0	explicit
2-1s2-1s1s1__group.1379__Z10	32	2x2x2x2x2	32	32	0	0	explicit
2-1s1s1s1s1__group.1251__Z22	64	2x2x2x2x2x2x2x2x2x2x2x2x2x2x2	5728	5728	0	0	explicit
2-1s2-1s1s1__group.1379__Z19	32	2x2x4	12	12	0	0	explicit
2-1s2-1s1s1__group.1378__Z19	32	2x2x4	12	12	0	0	explicit
2-1s2-1s1s1__group.1378__Z5	32	2x2x2x4	24	24	0	0	explicit
2-1s2-1s1s1__group.1377__Z1	32	2x2x2x2x2x2x2x4x4	1152	1280	128	0	explicit
2-1s2-1s1s1__group.1377__Z17	32	2x2x2x2x4x4	144	160	16	0	explicit
2-1s2-1s1s1__group.1379__Z11	32	2x2x2x4	24	24	0	0	explicit
2-1s2-1s1s1__group.1378__Z12	32	2x2x2x2	16	16	0	0	explicit
2-1s2-1s1s1__group.1379__Z2	32	2x2x2x2x2x2	64	64	0	0	explicit
2-1s2-1s1s1__group.1377__Z10	32	2x2x2x2x2x4	96	96	0	0	explicit
2-1s2-1s1s1__group.1378__Z13	32	2x2x2x2x2	32	32	0	0	explicit
2-1s2-1s1s1__group.1379__Z12	32	2x2x2x2	16	16	0	0	explicit
2-1s2-1s1s1__group.1379__Z20	32	2x2x2	8	8	0	0	explicit
2-1s2-1s1s1__group.1378__Z2	32	2x2x2x2x2x2	64	64	0	0	explicit
2-1s2-1s1s1__group.1377__Z18	32	2x2x2x2x2	32	32	0	0	explicit
2-1s2-1s1s1__group.1379__Z4	32	2x2x2x2x2	32	32	0	0	explicit
2-1s2-1s1s1__group.1378__Z14	32	2x2x2x2x2	32	32	0	0	explicit
2-1s2-1s1s1__group.1378__Z6	32	2x2x2x2x2x2	64	64	0	0	explicit
2-1s2-1s1s1__group.1379__Z13	32	2x2x2x2x2	32	32	0	0	explicit
2-1s2-1s1s1__group.1379__Z21	32	2x2x2x2x2	32	32	0	0	explicit
2-1s2-1s1s1__group.1378__Z20	32	2x2x2	8	8	0	0	explicit
2-1s1s1s1s1__group.1251__Z23	64	2x2x2x2x2x2x2x2x2x2	352	352	0	0	explicit
2-1s2-1s1s1__group.1379__Z5	32	2x2x2x2	16	16	0	0	explicit
2-1s2-1s1s1__group.1378__Z7	32	2x2x2x2x2x2	64	64	0	0	explicit
2-1s2-1s1s1__group.1377__Z19	32	2x2x2x4	24	24	0	0	explicit
2-1s2-1s1s1__group.1378__Z21	32	2x2x2x2x2	32	32	0	0	explicit
2-1s2-1s1s1__group.1379__Z22	32	2x2x2	8	8	0	0	explicit
2-1s2-1s1s1__group.1379__Z14	32	2x2x2x2x4	48	48	0	0	explicit
2-1s2-1s1s1__group.1379__Z6	32	2x2x2x2x2x2	64	64	0	0	explicit
2-1s2-1s1s1__group.1378__Z8	32	2x2x2x2x2	32	32	0	0	explicit
2-1s2-1s1s1__group.1377__Z2	32	2x2x2x2x2x4x4	288	320	32	0	explicit
2-1s2-1s1s1__group.1378__Z22	32	2x2x2	8	8	0	0	explicit
2-1s2-1s1s1__group.1379__Z15	32	2x2x2x2	16	16	0	0	explicit
2-1s2-1s1s1__group.1379__Z23	32	2x4	6	6	0	0	explicit
2-1s2-1s1s1__group.1379__Z7	32	2x2x2x2x2x4	96	96	0	0	explicit
2-1s2-1s1s1__group.1392__Z13	32	2x2x2x2x2x2x2	96	96	0	0	explicit
2-1s2-1s1s1__group.1313__Z1	128	2x2x2x2x2x2x2x2x2x2x2x2x2x2x2x2	16768	16768	0	0	explicit
2-1s2-1s1s1__group.1378__Z9	32	2x2x2x2x2x2	64	64	0	0	explicit
2-1s2-1s1s1__group.1378__Z23	32	2x4	6	6	0	0	explicit
2-1s2-1s1s1__group.1379__Z24	32	2x2x4	12	12	0	0	explicit
2-1s2-1s1s1__group.1379__Z16	32	2x2x4	12	12	0	0	explicit
2-1s2-1s1s1__group.1379__Z8	32	2x2x2x2x2	32	32	0	0	explicit
2-1s2-1s1s1__group.1392__Z14	32	2x2x2x2x2x2	64	64	0	0	explicit
2-1s2-1s1s1__group.1379__Z17	32	2x2x2x2x2	32	32	0	0	explicit
2-1s2-1s1s1__group.1379__Z25	32	2x2x2	8	8	0	0	explicit
2-1s2-1s1s1__group.1392__Z15	32	2x2x2x2x2	32	32	0	0	explicit
2-1s2-1s1s1__group.1379__Z9	32	2x2x2x2x2x2	64	64	0	0	explicit
2-1s1s1s1s1__group.1251__Z24	64	2x2x2x2x2x2x2x2x2x2	336	336	0	0	explicit
2-1s2-1s1s1__group.1392__Z22	32	2x2x2x2x2	24	24	0	0	explicit
2-1s2-1s1s1__group.1379__Z18	32	2x2x2x4	24	24	0	0	explicit
2-1s2-1s1s1__group.1392__Z31	32	2x2x2x2x2x2x2	128	128	0	0	explicit
2-1s2-1s1s1__group.1379__Z26	32	2x2x2x2x2	32	32	0	0	explicit
2-1s2-1s1s1__group.1392__Z16	32	2x2x2x2x2	24	24	0	0	explicit
2-1s2-1s1s1__group.1392__Z23	32	2x2x2x4	18	18	0	0	explicit
2-1s2-1s1s1__group.1392__Z32	32	2x2x2x2x2x2x2	128	128	0	0	explicit
2-1s2-1s1s1__group.1379__Z3	32	2x2x2x2x2x2	64	64	0	0	explicit
2-1s2-1s1s1__group.1392__Z24	32	2x2x2x4	24	24	0	0	explicit
2-1s2-1s1s1__group.1392__Z17	32	2x2x2x2x2x4	96	96	0	0	explicit
2-1s2-1s1s1__group.1392__Z33	32	2x2x2x2x2x2x2	96	96	0	0	explicit
2-1s2-1s1s1__group.1392__Z1	32	2x2x2x2x2x2x2x2x2	512	512	0	0	explicit
2-1s2-1s1s1__group.1393__Z18	32	2x2x4x4	36	40	4	0	explicit
2-1s2-1s1s1__group.1392__Z5	32	2x2x2x2x4	48	48	0	0	explicit
2-1s2-1s1s1__group.1392__Z40	32	2x2x2x2x2x2	48	48	0	0	explicit
2-1s2-1s1s1__group.1392__Z18	32	2x2x2x2x4	48	48	0	0	explicit
2-1s2-1s1s1__group.1392__Z34	32	2x2x2x2x2x2x2	80	80	0	0	explicit
2-1s2-1s1s1__group.1392__Z25	32	2x2x2x4	24	24	0	0	explicit
2-1s2-1s1s1__group.1393__Z19	32	2x2x2x4	24	24	0	0	explicit
2-1s2-1s1s1__group.1392__Z50	32	2x2x2x2x2x2	64	64	0	0	explicit
2-1s2-1s1s1__group.1392__Z9	32	2x2x2x2x2x2x2	128	128	0	0	explicit
2-1s2-1s1s1__group.1393__Z2	32	2x2x2x2x2x4	96	96	0	0	explicit
2-1s2-1s1s1__group.1392__Z26	32	2x2x2x2	16	16	0	0	explicit
2-1s2-1s1s1__group.1392__Z41	32	2x2x2x2x2x2	48	48	0	0	explicit
2-1s2-1s1s1__group.1392__Z35	32	2x2x2x2x2x2x2	128	128	0	0	explicit
2-1s2-1s1s1__group.1392__Z51	32	2x2x2x2	16	16	0	0	explicit
2-1s2-1s1s1__group.1393__Z27	32	2x2x2x4x4	72	80	8	0	explicit
2-1s2-1s1s1__group.1392__Z10	32	2x2x2x2x2x2	64	64	0	0	explicit
2-1s2-1s1s1__group.1393__Z1	32	2x2x2x2x2x2x4x4	576	640	64	0	explicit
2-1s2-1s1s1__group.1393__Z20	32	2x2x2x4	24	24	0	0	explicit
2-1s2-1s1s1__group.1392__Z42	32	2x2x2x2x2x2	64	64	0	0	explicit
2-1s2-1s1s1__group.1392__Z36	32	2x2x2x2x2x2x2	128	128	0	0	explicit
2-1s2-1s1s1__group.1392__Z52	32	2x2x2x2x2	20	20	0	0	explicit
2-1s2-1s1s1__group.1392__Z19	32	2x2x2x2x4	36	36	0	0	explicit
2-1s2-1s1s1__group.1392__Z27	32	2x2x2x2x2x2	64	64	0	0	explicit
2-1s2-1s1s1__group.1393__Z28	32	2x2	4	4	0	0	explicit
2-1s2-1s1s1__group.1393__Z21	32	2x2x2x4x4	72	80	8	0	explicit
2-1s2-1s1s1__group.1393__Z36	32	2x2x2x2x4x4	144	160	16	0	explicit
2-1s2-1s1s1__group.1393__Z10	32	2x2x2x2x4	48	48	0	0	explicit
2-1s2-1s1s1__group.1392__Z43	32	2x2x2x2x2x2	64	64	0	0	explicit
2-1s2-1s1s1__group.1392__Z37	32	2x2x2x2x2x2	64	64	0	0	explicit
2-1s2-1s1s1__group.1392__Z53	32	2x2x2x2x2	24	24	0	0	explicit
2-1s2-1s1s1__group.1393__Z29	32	2x2x4	12	12	0	0	explicit
2-1s2-1s1s1__group.1393__Z22	32	2x2x2x4	24	24	0	0	explicit
2-1s2-1s1s1__group.1392__Z44	32	2x2x2x2x2	32	32	0	0	explicit
2-1s2-1s1s1__group.1393__Z11	32	2x2x2x2x2	32	32	0	0	explicit
2-1s2-1s1s1__group.1392__Z38	32	2x2x2x2x2x2x2	128	128	0	0	explicit
2-1s2-1s1s1__group.1393__Z45	32	2x4x4	18	18	0	0	explicit
2-1s2-1s1s1__group.1392__Z54	32	2x2x2x2x2	24	24	0	0	explicit
2-1s2-1s1s1__group.1393__Z23	32	2x2x4	12	12	0	0	explicit
2-1s2-1s1s1__group.1393__Z3	32	2x2x2x2x4x4	144	160	16	0	explicit
2-1s2-1s1s1__group.1392__Z11	32	2x2x2x2x2x2	48	48	0	0	explicit
2-1s2-1s1s1__group.1392__Z2	32	2x2x2x2x2x2x2	128	128	0	0	explicit
2-1s2-1s1s1__group.1392__Z45	32	2x2x2x2	16	16	0	0	explicit
2-1s2-1s1s1__group.1393__Z12	32	2x2x2x2	16	16	0	0	explicit
2-1s2-1s1s1__group.1392__Z39	32	2x2x2x2x2x2	64	64	0	0	explicit
2-1s2-1s1s1__group.1393__Z46	32	2x2x2x4x4	72	80	8	0	explicit
2-1s2-1s1s1__group.1393__Z37	32	2x2x2x2x4	48	48	0	0	explicit
2-1s2-1s1s1__group.1393__Z24	32	2x4x4	18	20	2	0	explicit
2-1s2-1s1s1__group.1392__Z55	32	2x2x2x2x2x2	64	64	0	0	explicit
2-1s2-1s1s1__group.1392__Z28	32	2x2x2	8	8	0	0	explicit
2-1s2-1s1s1__group.1393__Z30	32	2x2x2x2x2x2x4x4	576	640	64	0	explicit
2-1s2-1s1s1__group.1393__Z25	32	2x2x4	12	12	0	0	explicit
2-1s2-1s1s1__group.1393__Z13	32	2x2x2x2x2x4	96	96	0	0	explicit
2-1s2-1s1s1__group.1393__Z47	32	2x2x4x4	36	40	4	0	explicit
2-1s2-1s1s1__group.1392__Z4	32	2x2x2x2x2x2x2	96	96	0	0	explicit
2-1s2-1s1s1__group.1392__Z46	32	2x2x2x2x2x2	64	64	0	0	explicit
2-1s2-1s1s1__group.1392__Z6	32	2x2x2x2x2x2x2	128	128	0	0	explicit
2-1s2-1s1s1__group.1393__Z26	32	2x2x4	12	12	0	0	explicit
2-1s2-1s1s1__group.1393__Z31	32	2x2x2x2x4x4	144	144	0	0	explicit
2-1s2-1s1s1__group.1393__Z14	32	2x2x2x4x4	72	80	8	0	explicit
2-1s2-1s1s1__group.1392__Z20	32	2x2x2x2x2	24	24	0	0	explicit
2-1s2-1s1s1__group.1393__Z48	32	2x4x4	18	20	2	0	explicit
2-1s2-1s1s1__group.1393__Z38	32	2x2x2x2x2x4	96	96	0	0	explicit
2-1s2-1s1s1__group.1392__Z12	32	2x2x2x2x2	32	32	0	0	explicit
2-1s2-1s1s1__group.1392__Z47	32	2x2x2x2x2	32	32	0	0	explicit
2-1s2-1s1s1__group.1392__Z7	32	2x2x2x2x2x2x2	128	128	0	0	explicit
2-1s2-1s1s1__group.1393__Z32	32	2x2x2x2x4x4	144	160	16	0	explicit
2-1s2-1s1s1__group.1393__Z15	32	2x2x2x2	16	16	0	0	explicit
2-1s2-1s1s1__group.1392__Z29	32	2x2x2x2	16	16	0	0	explicit
2-1s2-1s1s1__group.1392__Z21	32	2x2x2x2x2x2	64	64	0	0	explicit
2-1s2-1s1s1__group.1393__Z49	32	2x2x2x4	24	24	0	0	explicit
2-1s2-1s1s1__group.1392__Z48	32	2x2x2x2	16	16	0	0	explicit
2-1s2-1s1s1__group.1393__Z33	32	2x2x2x2x2x4	96	96	0	0	explicit
2-1s2-1s1s1__group.1392__Z8	32	2x2x2x2x2x2	64	64	0	0	explicit
2-1s2-1s1s1__group.1393__Z16	32	2x2x2x2	16	16	0	0	explicit
2-1s2-1s1s1__group.1393__Z5	32	2x2x2x4	24	24	0	0	explicit
2-1s2-1s1s1__group.1393__Z54	32	2x2x2x4	20	20	0	0	explicit
2-1s2-1s1s1__group.1392__Z3	32	2x2x2x2x2x2x4	192	192	0	0	explicit
2-1s2-1s1s1__group.1392__Z49	32	2x2x2x2x2	24	24	0	0	explicit
2-1s2-1s1s1__group.1393__Z39	32	2x2x2x2x4	48	48	0	0	explicit
2-1s2-1s1s1__group.1393__Z34	32	2x2x2x2x2x4	80	80	0	0	explicit
2-1s2-1s1s1__group.1393__Z17	32	2x2x2x4x4	72	80	8	0	explicit
2-1s2-1s1s1__group.1393__Z50	32	2x2x2x4x4	72	80	8	0	explicit
2-1s2-1s1s1__group.1393__Z55	32	2x2x2x4x4	72	80	8	0	explicit
2-1s2-1s1s1__group.1393__Z35	32	2x2x2x2x4x4	144	160	16	0	explicit
2-1s2-1s1s1__group.1392__Z30	32	2x2x2x2x2x2x2x2x2	512	512	0	0	explicit
2-1s2-1s1s1__group.1393__Z51	32	2x4x4	18	20	2	0	explicit
2-1s2-1s1s1__group.1393__Z6	32	2x2x2x2x4x4	144	160	16	0	explicit
2-1s2-1s1s1__group.1402__Z102	32	2x2x2x4	24	24	0	0	explicit
2-1s2-1s1s1__group.1393__Z4	32	2x2x2x2x2x4	96	96	0	0	explicit
2-1s2-1s1s1__group.1393__Z52	32	2x2x2x4	20	20	0	0	explicit
2-1s2-1s1s1__group.1393__Z7	32	2x2x2x2x4x4	144	160	16	0	explicit
2-1s2-1s1s1__group.1402__Z103	32	2x2x4	12	12	0	0	explicit
2-1s2-1s1s1__group.1393__Z53	32	2x2x4x4	30	32	2	0	explicit
2-1s2-1s1s1__group.1402__Z12	32	2x2x2x2	16	16	0	0	explicit
2-1s2-1s1s1__group.1402__Z21	32	2x2x2x2x2	32	32	0	0	explicit
2-1s2-1s1s1__group.1402__Z30	32	2x2x2x2x2x2x2x2	256	256	0	0	explicit
2-1s2-1s1s1__group.1402__Z4	32	2x2x2x2x2x2	48	48	0	0	explicit
2-1s2-1s1s1__group.1393__Z8	32	2x2x2x2x4	48	48	0	0	explicit
2-1s2-1s1s1__group.1402__Z104	32	2x2x2x2	12	12	0	0	explicit
2-1s2-1s1s1__group.1402__Z49	32	2x2x2x2	12	12	0	0	explicit
2-1s2-1s1s1__group.1402__Z31	32	2x2x2x2x2x2	64	64	0	0	explicit
2-1s2-1s1s1__group.1393__Z40	32	2x2x2x2x2	32	32	0	0	explicit
2-1s2-1s1s1__group.1402__Z13	32	2x2x2x2x2x2	48	48	0	0	explicit
2-1s2-1s1s1__group.1393__Z9	32	2x2x2x2x2x4	96	96	0	0	explicit
2-1s2-1s1s1__group.1402__Z40	32	2x2x2x2x2	32	32	0	0	explicit
2-1s2-1s1s1__group.1402__Z22	32	2x2x2x2	12	12	0	0	explicit
2-1s2-1s1s1__group.1402__Z5	32	2x2x2x2	16	16	0	0	explicit
2-1s2-1s1s1__group.1402__Z105	32	2x2x2x2x4	40	40	0	0	explicit
2-1s2-1s1s1__group.1402__Z32	32	2x2x2x2x2x2	64	64	0	0	explicit
2-1s2-1s1s1__group.1402__Z14	32	2x2x2x2x2	32	32	0	0	explicit
2-1s2-1s1s1__group.1402__Z1	32	2x2x2x2x2x2x2x2	256	256	0	0	explicit
2-1s2-1s1s1__group.1402__Z41	32	2x2x2x2	16	16	0	0	explicit
2-1s2-1s1s1__group.1402__Z23	32	2x2x2	6	6	0	0	explicit
2-1s2-1s1s1__group.1402__Z58	32	2x2x2	8	8	0	0	explicit
2-1s2-1s1s1__group.1402__Z50	32	2x2x2x2x4	40	40	0	0	explicit
2-1s2-1s1s1__group.1402__Z33	32	2x2x2x2x2x2	48	48	0	0	explicit
2-1s2-1s1s1__group.1402__Z15	32	2x2x2x2	16	16	0	0	explicit
2-1s2-1s1s1__group.1402__Z106	32	2x2x4	10	10	0	0	explicit
2-1s2-1s1s1__group.1402__Z42	32	2x2x2x2x2x2	48	48	0	0	explicit
2-1s2-1s1s1__group.1393__Z41	32	2x2x2x2x2	32	32	0	0	explicit
2-1s2-1s1s1__group.1402__Z24	32	2x2x2	8	8	0	0	explicit
2-1s2-1s1s1__group.1402__Z10	32	2x2x2x2x2	32	32	0	0	explicit
2-1s2-1s1s1__group.1402__Z34	32	2x2x2x2	16	16	0	0	explicit
2-1s2-1s1s1__group.1402__Z59	32	2x2x2x2x2x2x2x2	256	256	0	0	explicit
2-1s2-1s1s1__group.1402__Z51	32	2x2x2x2	12	12	0	0	explicit
2-1s2-1s1s1__group.1402__Z107	32	2x2x2x2	12	12	0	0	explicit
2-1s2-1s1s1__group.1402__Z16	32	2x2x2x2	12	12	0	0	explicit
2-1s2-1s1s1__group.1402__Z43	32	2x2x2x2x4	48	48	0	0	explicit
2-1s2-1s1s1__group.1402__Z35	32	2x2x2x2x2x2	64	64	0	0	explicit
2-1s2-1s1s1__group.1402__Z52	32	2x2x4	10	10	0	0	explicit
2-1s2-1s1s1__group.1402__Z100	32	2x2x4	12	12	0	0	explicit
2-1s2-1s1s1__group.1402__Z6	32	2x2x2x2x2x2	64	64	0	0	explicit
2-1s2-1s1s1__group.1402__Z44	32	2x2x2x2	16	16	0	0	explicit
2-1s2-1s1s1__group.1402__Z108	32	2x2x2x4	18	18	0	0	explicit
2-1s2-1s1s1__group.1402__Z17	32	2x2x2x2x2	32	32	0	0	explicit
2-1s2-1s1s1__group.1402__Z53	32	2x2x4	12	12	0	0	explicit
2-1s2-1s1s1__group.1402__Z36	32	2x2x2x2x2x4	96	96	0	0	explicit
2-1s2-1s1s1__group.1402__Z25	32	2x2x2	8	8	0	0	explicit
2-1s2-1s1s1__group.1402__Z76	32	2x2x2x2	16	16	0	0	explicit
2-1s2-1s1s1__group.1402__Z60	32	2x2x2x2x2x2	64	64	0	0	explicit
2-1s2-1s1s1__group.1402__Z101	32	2x2x2x2x2	32	32	0	0	explicit
2-1s2-1s1s1__group.1402__Z45	32	2x2x2x2	16	16	0	0	explicit
2-1s2-1s1s1__group.1402__Z18	32	2x2x2x2	16	16	0	0	explicit
2-1s2-1s1s1__group.1393__Z42	32	2x2x2x4x4	72	80	8	0	explicit
2-1s2-1s1s1__group.1402__Z54	32	2x2x4	12	12	0	0	explicit
2-1s2-1s1s1__group.1402__Z67	32	2x2x2x2x2x2	64	64	0	0	explicit
2-1s2-1s1s1__group.1402__Z37	32	2x2x2x2x2	32	32	0	0	explicit
2-1s2-1s1s1__group.1402__Z109	32	2x2x2x2	12	12	0	0	explicit
2-1s2-1s1s1__group.1402__Z61	32	2x2x2x2x2x2	64	64	0	0	explicit
2-1s2-1s1s1__group.1402__Z26	32	2x2x2	8	8	0	0	explicit
2-1s2-1s1s1__group.1402__Z46	32	2x2x2x2x4	48	48	0	0	explicit
2-1s2-1s1s1__group.1402__Z55	32	2x2x2	8	8	0	0	explicit
2-1s2-1s1s1__group.1393__Z43	32	2x2x4x4x4	108	120	12	0	explicit
2-1s2-1s1s1__group.1402__Z19	32	2x2x2x2	12	12	0	0	explicit
2-1s2-1s1s1__group.1402__Z38	32	2x2x2x2x2x2	64	64	0	0	explicit
2-1s2-1s1s1__group.1402__Z11	32	2x2x2x2x2	24	24	0	0	explicit
2-1s2-1s1s1__group.1402__Z62	32	2x2x2x2x2x2	48	48	0	0	explicit
2-1s2-1s1s1__group.1402__Z47	32	2x2x2x4	24	24	0	0	explicit
2-1s2-1s1s1__group.1393__Z44	32	2x2x2x4	24	24	0	0	explicit
2-1s2-1s1s1__group.1402__Z56	32	2x2x2x2x4	40	40	0	0	explicit
2-1s2-1s1s1__group.1402__Z27	32	2x2x2x2x2	32	32	0	0	explicit
2-1s2-1s1s1__group.1402__Z2	32	2x2x2x2x2x2	64	64	0	0	explicit
2-1s2-1s1s1__group.1402__Z77	32	2x2x2	8	8	0	0	explicit
2-1s2-1s1s1__group.1402__Z39	32	2x2x2x2x2	32	32	0	0	explicit
2-1s2-1s1s1__group.1402__Z110	32	2x2x2x2x2	32	32	0	0	explicit
2-1s2-1s1s1__group.1402__Z63	32	2x2x2x2x2x2	48	48	0	0	explicit
2-1s2-1s1s1__group.1402__Z68	32	2x2x2x2x2	32	32	0	0	explicit
2-1s2-1s1s1__group.1402__Z48	32	2x2x2x4	20	20	0	0	explicit
2-1s2-1s1s1__group.1402__Z57	32	2x2	4	4	0	0	explicit
2-1s2-1s1s1__group.1402__Z28	32	2x2	4	4	0	0	explicit
2-1s2-1s1s1__group.1402__Z20	32	2x2x2x2	12	12	0	0	explicit
2-1s2-1s1s1__group.1402__Z78	32	2x2x2x2	12	12	0	0	explicit
2-1s2-1s1s1__group.1402__Z64	32	2x2x2x2x2x2	64	64	0	0	explicit
2-1s2-1s1s1__group.1402__Z29	32	2x2x2	8	8	0	0	explicit
2-1s2-1s1s1__group.1402__Z85	32	2x2x2x2x2x2x2x2	256	256	0	0	explicit
2-1s1s1s1s1__group.1251__Z30	64	2x2x2x2x2x2x2x2x2x2x2x2x2x2x2	1540	1540	0	0	explicit
2-1s2-1s1s1__group.1402__Z69	32	2x2x2x2x2	24	24	0	0	explicit
2-1s2-1s1s1__group.1402__Z79	32	2x2x2x2x2	32	32	0	0	explicit
2-1s2-1s1s1__group.1402__Z3	32	2x2x2x2x2x2	64	64	0	0	explicit
2-1s2-1s1s1__group.1402__Z86	32	2x2x2x2x2x2	64	64	0	0	explicit
2-1s2-1s1s1__group.1402__Z7	32	2x2x2x2x2x2	64	64	0	0	explicit
2-1s2-1s1s1__group.1402__Z94	32	2x2x2x2x2	32	32	0	0	explicit
2-1s2-1s1s1__group.1402__Z8	32	2x2x2x2x2	32	32	0	0	explicit
2-1s2-1s1s1__group.1402__Z65	32	2x2x2x2x2x2	64	64	0	0	explicit
2-1s2-1s1s1__group.1412__Z13	32	2x2x2x4	24	24	0	0	explicit
2-1s2-1s1s1__group.1402__Z87	32	2x2x2x2x2x2	64	64	0	0	explicit
2-1s2-1s1s1__group.1412__Z22	32	2x2x2	8	8	0	0	explicit
2-1s2-1s1s1__group.1402__Z95	32	2x2x2x2x2	32	32	0	0	explicit
2-1s2-1s1s1__group.1402__Z70	32	2x2x2x2x2	24	24	0	0	explicit
2-1s2-1s1s1__group.1402__Z80	32	2x2x2	8	8	0	0	explicit
2-1s2-1s1s1__group.1402__Z88	32	2x2x2x2x2x2	48	48	0	0	explicit
2-1s2-1s1s1__group.1412__Z14	32	2x2x2x2x2x2	40	40	0	0	explicit
2-1s2-1s1s1__group.1412__Z23	32	2x2x2x2x2x2	40	40	0	0	explicit
2-1s2-1s1s1__group.1402__Z71	32	2x2x2x2x2	32	32	0	0	explicit
2-1s2-1s1s1__group.1402__Z81	32	2x2x2x2	12	12	0	0	explicit
2-1s2-1s1s1__group.1412__Z31	32	2x2x2x2x2	18	20	2	0	explicit
2-1s2-1s1s1__group.1402__Z96	32	2x2x2x2x2	32	32	0	0	explicit
2-1s2-1s1s1__group.1402__Z89	32	2x2x2x2x2x2	48	48	0	0	explicit
2-1s2-1s1s1__group.1412__Z15	32	2x2x2x2	16	16	0	0	explicit
2-1s2-1s1s1__group.1402__Z66	32	2x2x2x2x2	32	32	0	0	explicit
2-1s2-1s1s1__group.1402__Z72	32	2x2x2x2x4	48	48	0	0	explicit
2-1s2-1s1s1__group.1402__Z82	32	2x2x2x2	16	16	0	0	explicit
2-1s2-1s1s1__group.1402__Z97	32	2x2x2x2x2	32	32	0	0	explicit
2-1s2-1s1s1__group.1412__Z24	32	2x2x2x2x2x2x2	80	80	0	0	explicit
2-1s2-1s1s1__group.1402__Z9	32	2x2x2x2x2x2	64	64	0	0	explicit
2-1s2-1s1s1__group.1412__Z16	32	2x2x2x2x2x2	32	40	8	0	explicit
2-1s2-1s1s1__group.1402__Z73	32	2x2x2x2	16	16	0	0	explicit
2-1s1s1s1s1__group.1251__Z4	64	2x2x2x2x2x2x2x2x2x2x2x2	1200	1200	0	0	explicit
2-1s2-1s1s1__group.1402__Z98	32	2x2x2x2x4	48	48	0	0	explicit
2-1s2-1s1s1__group.1402__Z83	32	2x2x2x2	16	16	0	0	explicit
2-1s2-1s1s1__group.1412__Z32	32	2x2x2x2x2x2x2	80	80	0	0	explicit
2-1s2-1s1s1__group.1412__Z5	32	2x2x2x2x2x2x2	72	80	8	0	explicit
2-1s2-1s1s1__group.1412__Z40	32	2x2x2x2x2x2	64	64	0	0	explicit
2-1s2-1s1s1__group.1412__Z59	32	2x2x2x2x2x2x2x2x2	288	288	0	0	explicit
2-1s2-1s1s1__group.1412__Z25	32	2x2x2x2x2	20	20	0	0	explicit
2-1s2-1s1s1__group.1402__Z99	32	2x2x2x2	16	16	0	0	explicit
2-1s2-1s1s1__group.1402__Z74	32	2x2x4	12	12	0	0	explicit
2-1s2-1s1s1__group.1402__Z84	32	2x2x2x2x2	32	32	0	0	explicit
2-1s2-1s1s1__group.1412__Z33	32	2x2x2x2x2x2x2x2x2x2	768	768	0	0	explicit
2-1s2-1s1s1__group.1412__Z41	32	2x2x2x2x2x2x2x2x2	320	320	0	0	explicit
2-1s2-1s1s1__group.1412__Z6	32	2x2x2x2x2x2x2x2	144	144	0	0	explicit
2-1s2-1s1s1__group.1402__Z90	32	2x2x2x2x2x2	64	64	0	0	explicit
2-1s2-1s1s1__group.1402__Z75	32	2x2x2x2x2	32	32	0	0	explicit
2-1s2-1s1s1__group.1412__Z50	32	2x2x2x2x2x2	48	48	0	0	explicit
2-1s2-1s1s1__group.1412__Z17	32	2x2x2x2x2	24	24	0	0	explicit
2-1s2-1s1s1__group.1412__Z26	32	2x2x2x2x2x2x2	80	80	0	0	explicit
2-1s2-1s1s1__group.1412__Z34	32	2x2x2x2x2x2x2	128	128	0	0	explicit
2-1s2-1s1s1__group.1412__Z42	32	2x2x2x2x2x2	64	64	0	0	explicit
2-1s2-1s1s1__group.1412__Z51	32	2x2x2x2x2	24	24	0	0	explicit
2-1s2-1s1s1__group.1402__Z91	32	2x2x2x2x2x4	96	96	0	0	explicit
2-1s2-1s1s1__group.1412__Z18	32	2x2x2x4	13	14	1	0	explicit
2-1s2-1s1s1__group.1412__Z35	32	2x2x2x2x2x2x2	128	128	0	0	explicit
2-1s1s1s1s1__group.1251__Z5	64	2x2x2x2x2x2x2x2x2x2x2	640	640	0	0	explicit
2-1s2-1s1s1__group.1412__Z43	32	2x2x2x2x2x2x2	80	80	0	0	explicit
2-1s2-1s1s1__group.1412__Z52	32	2x2x2x2x2	20	24	4	0	explicit
2-1s2-1s1s1__group.1412__Z27	32	2x2x2x2x2	20	20	0	0	explicit
2-1s2-1s1s1__group.1402__Z92	32	2x2x2x2x2	32	32	0	0	explicit
2-1s2-1s1s1__group.1412__Z60	32	2x2x2x2x2x2x2x2	192	192	0	0	explicit
2-1s2-1s1s1__group.1412__Z19	32	2x2x2x2x2x2x2	80	80	0	0	explicit
2-1s2-1s1s1__group.1412__Z36	32	2x2x2x2x2x2x2x2	128	160	32	0	explicit
2-1s2-1s1s1__group.1412__Z1	32	2x2x2x2x2x2x2x2x2x2x2	704	704	0	0	explicit
2-1s2-1s1s1__group.1412__Z44	32	2x2x2x2x2	32	32	0	0	explicit
2-1s2-1s1s1__group.1412__Z53	32	2x2x2x2x2x2x2x2x2	224	288	64	0	explicit
2-1s2-1s1s1__group.1412__Z28	32	2x2x2x2x2	18	24	6	0	explicit
2-1s2-1s1s1__group.1412__Z68	32	2x2x2x2x2x2x2x2	128	160	32	0	explicit
2-1s2-1s1s1__group.1402__Z93	32	2x2x2x2x2x2	64	64	0	0	explicit
2-1s2-1s1s1__group.1412__Z37	32	2x2x2x2x2x2	48	48	0	0	explicit
2-1s2-1s1s1__group.1412__Z2	32	2x2x2x2x2x2x2x2	192	192	0	0	explicit
2-1s2-1s1s1__group.1412__Z45	32	2x2x2x2x2x2	64	64	0	0	explicit
2-1s2-1s1s1__group.1412__Z54	32	2x2x2x2x2	20	24	4	0	explicit
2-1s2-1s1s1__group.1412__Z38	32	2x2x2x2x2x2x2	128	128	0	0	explicit
2-1s1s1s1s1__group.1251__Z6	64	2x2x2x2x2x2x2x2x2	160	160	0	0	explicit
2-1s2-1s1s1__group.1412__Z29	32	2x2x2x2x2	18	24	6	0	explicit
2-1s2-1s1s1__group.1412__Z69	32	2x2x2x2x2x2x2x2x2	168	168	0	0	explicit
2-1s2-1s1s1__group.1412__Z20	32	2x2x2x2x2	24	24	0	0	explicit
2-1s2-1s1s1__group.1412__Z46	32	2x2x2x2x2x2x2	96	96	0	0	explicit
2-1s2-1s1s1__group.1412__Z61	32	2x2x2x2x2x2x2x2	192	192	0	0	explicit
2-1s2-1s1s1__group.1413__Z15	32	2x4x4	18	18	0	0	explicit
2-1s2-1s1s1__group.1412__Z55	32	2x2x2x2x2	18	20	2	0	explicit
2-1s2-1s1s1__group.1412__Z10	32	2x2x2x2x2x2x2	96	96	0	0	explicit
2-1s2-1s1s1__group.1412__Z39	32	2x2x2x2x2x2x2x2x2	320	320	0	0	explicit
2-1s2-1s1s1__group.1412__Z3	32	2x2x2x2x2x2x2x2	192	192	0	0	explicit
2-1s2-1s1s1__group.1412__Z7	32	2x2x2x2x2x2x2	64	64	0	0	explicit
2-1s2-1s1s1__group.1412__Z47	32	2x2x2x2x2x2	48	48	0	0	explicit
2-1s2-1s1s1__group.1412__Z21	32	2x2x2x2x2	24	24	0	0	explicit
2-1s2-1s1s1__group.1412__Z56	32	2x2x2x2x2x2	36	40	4	0	explicit
2-1s2-1s1s1__group.1413__Z16	32	2x2x2x2x2	20	20	0	0	explicit
2-1s2-1s1s1__group.1412__Z77	32	2x2x2x2x2x2x2x2x2	132	168	36	0	explicit
2-1s2-1s1s1__group.1412__Z4	32	2x2x2x2x2x2x2x2x2	132	168	36	0	explicit
2-1s2-1s1s1__group.1412__Z62	32	2x2x2x2x2x2x2	50	60	10	0	explicit
2-1s2-1s1s1__group.1412__Z70	32	2x2x2x2x2x2x2	80	80	0	0	explicit
2-1s2-1s1s1__group.1412__Z30	32	2x2x2x2x2	18	24	6	0	explicit
2-1s2-1s1s1__group.1413__Z17	32	2x2x2x4	13	13	0	0	explicit
2-1s2-1s1s1__group.1412__Z57	32	2x2x2x2x2x2	36	40	4	0	explicit
2-1s2-1s1s1__group.1412__Z78	32	2x2x2x2	10	12	2	0	explicit
2-1s2-1s1s1__group.1412__Z48	32	2x2x2x2x2	24	24	0	0	explicit
2-1s2-1s1s1__group.1413__Z24	32	2x2x2x2x2x4	56	56	0	0	explicit
2-1s2-1s1s1__group.1412__Z71	32	2x2x2x2x2x2x2	72	72	0	0	explicit
2-1s2-1s1s1__group.1413__Z18	32	2x2x4	8	8	0	0	explicit
2-1s2-1s1s1__group.1412__Z58	32	2x2x2x2x2x2x2	96	96	0	0	explicit
2-1s2-1s1s1__group.1412__Z63	32	2x2x2x2x2x2	48	48	0	0	explicit
2-1s2-1s1s1__group.1412__Z11	32	2x2x2x2x2x4	60	60	0	0	explicit
2-1s2-1s1s1__group.1413__Z33	32	2x2x2x2x2x2x2x2x4	512	512	0	0	explicit
2-1s2-1s1s1__group.1412__Z8	32	2x2x2x2x2x2x2	72	72	0	0	explicit
2-1s2-1s1s1__group.1413__Z42	32	2x2x2x2x2	32	32	0	0	explicit
2-1s2-1s1s1__group.1413__Z34	32	2x2x2x2x2x4	80	80	0	0	explicit
2-1s2-1s1s1__group.1413__Z19	32	2x2x2x2x2x4	56	56	0	0	explicit
2-1s2-1s1s1__group.1412__Z72	32	2x2x2x2x2x2x2x2x2	192	192	0	0	explicit
2-1s2-1s1s1__group.1413__Z25	32	2x2x2x2	12	12	0	0	explicit
2-1s2-1s1s1__group.1412__Z49	32	2x2x2x2x2x2x2	96	96	0	0	explicit
2-1s2-1s1s1__group.1413__Z43	32	2x2x2x2x2x2	40	40	0	0	explicit
2-1s2-1s1s1__group.1412__Z64	32	2x2x2x2x2x2x2x2x2x2	384	384	0	0	explicit
2-1s2-1s1s1__group.1413__Z35	32	2x2x2x2x2x4	96	96	0	0	explicit
2-1s2-1s1s1__group.1412__Z9	32	2x2x2x2x2x2x2	48	52	4	0	explicit
2-1s2-1s1s1__group.1413__Z2	32	2x2x2x2x2x2x4	128	128	0	0	explicit
2-1s2-1s1s1__group.1412__Z12	32	2x2x2x2x2	32	32	0	0	explicit
2-1s2-1s1s1__group.1412__Z73	32	2x2x2x2x2x2x2	80	80	0	0	explicit
2-1s2-1s1s1__group.1413__Z44	32	2x2x2x2	16	16	0	0	explicit
2-1s2-1s1s1__group.1413__Z26	32	2x2x2x2x2x4	56	56	0	0	explicit
2-1s2-1s1s1__group.1413__Z36	32	2x2x2x2x2x2x2	80	80	0	0	explicit
2-1s2-1s1s1__group.1413__Z51	32	2x2x2x4	18	18	0	0	explicit
2-1s2-1s1s1__group.1413__Z45	32	2x2x2x2x4	40	40	0	0	explicit
2-1s2-1s1s1__group.1413__Z20	32	2x2x2x4	16	16	0	0	explicit
2-1s2-1s1s1__group.1412__Z74	32	2x2x2x2x2x2x2x2	76	96	20	0	explicit
2-1s2-1s1s1__group.1413__Z37	32	2x2x2x2x2	32	32	0	0	explicit
2-1s2-1s1s1__group.1412__Z65	32	2x2x2x2x2x2x2x2	112	112	0	0	explicit
2-1s2-1s1s1__group.1413__Z52	32	2x2x2x2	12	12	0	0	explicit
2-1s2-1s1s1__group.1413__Z7	32	2x2x2x2x2x4	42	42	0	0	explicit
2-1s2-1s1s1__group.1413__Z46	32	2x2x2x2x2x4	64	64	0	0	explicit
2-1s2-1s1s1__group.1413__Z27	32	2x2x2x4	16	16	0	0	explicit
2-1s2-1s1s1__group.1413__Z1	32	2x2x2x2x2x2x2x2x2x4	472	472	0	0	explicit
2-1s2-1s1s1__group.1413__Z38	32	2x2x2x2x2x4	80	80	0	0	explicit
2-1s2-1s1s1__group.1413__Z21	32	2x2x2x4	18	18	0	0	explicit
2-1s2-1s1s1__group.1413__Z60	32	2x2x2x2x2x2x4	128	128	0	0	explicit
2-1s2-1s1s1__group.1412__Z75	32	2x2x2x2x2x2x2x2	72	88	16	0	explicit
2-1s2-1s1s1__group.1413__Z47	32	2x2x2x2x2	24	24	0	0	explicit
2-1s2-1s1s1__group.1413__Z53	32	2x2x2x2x2x2x2x2	144	144	0	0	explicit
2-1s2-1s1s1__group.1413__Z70	32	2x2x2x2x2x2	40	40	0	0	explicit
2-1s2-1s1s1__group.1413__Z28	32	2x2x2x2	12	12	0	0	explicit
2-1s2-1s1s1__group.1413__Z10	32	2x2x2x2x2x4	64	64	0	0	explicit
2-1s2-1s1s1__group.1413__Z39	32	2x2x2x2x2x2x2x4	224	224	0	0	explicit
2-1s2-1s1s1__group.1413__Z22	32	2x4	6	6	0	0	explicit
2-1s2-1s1s1__group.1413__Z48	32	2x2x2x2	12	12	0	0	explicit
2-1s2-1s1s1__group.1413__Z54	32	2x2x2x2	12	12	0	0	explicit
2-1s2-1s1s1__group.1412__Z76	32	2x2x2x2x2x2x2	48	48	0	0	explicit
2-1s2-1s1s1__group.1413__Z11	32	2x2x2x2x4	26	26	0	0	explicit
2-1s2-1s1s1__group.1413__Z71	32	2x2x2x2x2x2	40	40	0	0	explicit
2-1s2-1s1s1__group.1413__Z4	32	2x2x2x2x2x2x2x2	84	84	0	0	explicit
2-1s2-1s1s1__group.1412__Z66	32	2x2x2x2x2x2x2x2	96	96	0	0	explicit
2-1s2-1s1s1__group.1413__Z23	32	2x2x2x2x4	26	26	0	0	explicit
2-1s2-1s1s1__group.1413__Z29	32	2x2x2x2	12	12	0	0	explicit
2-1s2-1s1s1__group.1413__Z55	32	2x2x2x2	12	12	0	0	explicit
2-1s2-1s1s1__group.1413__Z49	32	2x2x2x2x2x4	72	72	0	0	explicit
2-1s2-1s1s1__group.1413__Z12	32	2x2x2x4	24	24	0	0	explicit
2-1s2-1s1s1__group.1413__Z40	32	2x2x2x2x4	40	40	0	0	explicit
2-1s2-1s1s1__group.1413__Z72	32	2x2x2x2x2x2x2x2	84	84	0	0	explicit
2-1s2-1s1s1__group.1413__Z61	32	2x2x2x2x2x2x2	96	96	0	0	explicit
2-1s2-1s1s1__group.1413__Z56	32	2x2x2x2x2	24	24	0	0	explicit
2-1s2-1s1s1__group.1413__Z5	32	2x2x2x2x2x2	48	48	0	0	explicit
2-1s2-1s1s1__group.1413__Z3	32	2x2x2x2x2x2x4	144	144	0	0	explicit
2-1s2-1s1s1__group.1413__Z13	32	2x2x4	12	12	0	0	explicit
2-1s2-1s1s1__group.1413__Z41	32	2x2x2x2x2x2x2x2	160	160	0	0	explicit
2-1s2-1s1s1__group.1413__Z57	32	2x2x2x2x2	24	24	0	0	explicit
2-1s2-1s1s1__group.1413__Z73	32	2x2x2x2x2x2	36	36	0	0	explicit
2-1s2-1s1s1__group.1413__Z50	32	2x2x2x2x4	36	36	0	0	explicit
2-1s2-1s1s1__group.1413__Z62	32	2x2x2x2x2x2	30	30	0	0	explicit
2-1s2-1s1s1__group.1412__Z67	32	2x2x2x2x2x2	30	30	0	0	explicit
2-1s2-1s1s1__group.1413__Z14	32	2x2x2x4x4	42	42	0	0	explicit
2-1s2-1s1s1__group.1413__Z30	32	2x2x2x2	12	12	0	0	explicit
2-1s2-1s1s1__group.1413__Z74	32	2x2x2x2x2x2x2	48	48	0	0	explicit
2-1s2-1s1s1__group.1414__Z26	32	2x2x2x2	9	10	1	0	explicit
2-1s2-1s1s1__group.1413__Z63	32	2x2x2x2x2	24	24	0	0	explicit
2-1s2-1s1s1__group.1413__Z58	32	2x2x2x2x2x4	64	64	0	0	explicit
2-1s2-1s1s1__group.1413__Z75	32	2x2x2x2x2x2x2	48	48	0	0	explicit
2-1s2-1s1s1__group.1413__Z31	32	2x2x2x2	12	12	0	0	explicit
2-1s2-1s1s1__group.1414__Z27	32	2x2x2x2	9	10	1	0	explicit
2-1s2-1s1s1__group.1414__Z17	32	2x2x2	5	5	0	0	explicit
2-1s2-1s1s1__group.1413__Z8	32	2x2x2x2x2x2	30	30	0	0	explicit
2-1s2-1s1s1__group.1413__Z76	32	2x2x2x2x2x2	24	24	0	0	explicit
2-1s2-1s1s1__group.1414__Z18	32	2x2x2x2x2x2	36	36	0	0	explicit
2-1s2-1s1s1__group.1414__Z35	32	2x2x2x2x2x2x2x2	160	160	0	0	explicit
2-1s2-1s1s1__group.1414__Z28	32	2x2x2x2x2x2	36	36	0	0	explicit
2-1s2-1s1s1__group.1413__Z59	32	2x2x2x2x2x2x2x4	172	172	0	0	explicit
2-1s2-1s1s1__group.1414__Z53	32	2x2x2x2x2	24	24	0	0	explicit
2-1s2-1s1s1__group.1414__Z62	32	2x2x2x2x2	20	20	0	0	explicit
2-1s2-1s1s1__group.1413__Z9	32	2x2x2x2x2x2	30	30	0	0	explicit
2-1s2-1s1s1__group.1414__Z36	32	2x2x2x2x2	32	32	0	0	explicit
2-1s2-1s1s1__group.1413__Z32	32	2x2x2x2x2x4	56	56	0	0	explicit
2-1s2-1s1s1__group.1414__Z19	32	2x2x2x2	16	16	0	0	explicit
2-1s2-1s1s1__group.1413__Z77	32	2x2x2x2x2x2x2x2	84	84	0	0	explicit
2-1s2-1s1s1__group.1413__Z64	32	2x2x2x2x2x2x2x2x4	248	248	0	0	explicit
2-1s2-1s1s1__group.1414__Z63	32	2x2x2x2x2x2x2	72	80	8	0	explicit
2-1s2-1s1s1__group.1414__Z29	32	2x2x2x2x2x2x2x2x2	384	384	0	0	explicit
2-1s2-1s1s1__group.1414__Z54	32	2x2x2x2x2x2	48	48	0	0	explicit
2-1s2-1s1s1__group.1414__Z37	32	2x2x2x2x2x2x2x2	192	192	0	0	explicit
2-1s2-1s1s1__group.1414__Z2	32	2x2x2x2x2x2x2	96	96	0	0	explicit
2-1s2-1s1s1__group.1413__Z78	32	2x2x2	5	6	1	0	explicit
2-1s2-1s1s1__group.1414__Z44	32	2x2x2x2	16	16	0	0	explicit
2-1s2-1s1s1__group.1414__Z55	32	2x2x2x2x2x2x2x2	136	136	0	0	explicit
2-1s2-1s1s1__group.1414__Z3	32	2x2x2x2x2x2x2	96	96	0	0	explicit
2-1s2-1s1s1__group.1414__Z38	32	2x2x2x2x2	32	32	0	0	explicit
2-1s2-1s1s1__group.1414__Z71	32	2x2x2x2x2x2	24	24	0	0	explicit
2-1s2-1s1s1__group.1414__Z64	32	2x2x2x2x2x2x2x2	160	160	0	0	explicit
2-1s2-1s1s1__group.1414__Z20	32	2x2	3	3	0	0	explicit
2-1s2-1s1s1__group.1413__Z6	32	2x2x2x2x2x2x4	84	84	0	0	explicit
2-1s2-1s1s1__group.1414__Z1	32	2x2x2x2x2x2x2x2x2x2	336	336	0	0	explicit
2-1s2-1s1s1__group.1414__Z56	32	2x2x2x2x2x2x2	128	128	0	0	explicit
2-1s2-1s1s1__group.1414__Z45	32	2x2x2x2x2x2	64	64	0	0	explicit
2-1s2-1s1s1__group.1414__Z30	32	2x2x2x2x2x2	64	64	0	0	explicit
2-1s2-1s1s1__group.1414__Z39	32	2x2x2x2x2x2	48	48	0	0	explicit
2-1s2-1s1s1__group.1414__Z21	32	2x2x2x2x2	20	20	0	0	explicit
2-1s2-1s1s1__group.1414__Z72	32	2x2x2x2x2x2x2x2	72	84	12	0	explicit
2-1s2-1s1s1__group.1414__Z57	32	2x2x2x2x2x2x2	96	96	0	0	explicit
2-1s2-1s1s1__group.1414__Z10	32	2x2x2x2x2	32	32	0	0	explicit
2-1s2-1s1s1__group.1414__Z65	32	2x2x2x2x2x2	36	36	0	0	explicit
2-1s2-1s1s1__group.1414__Z31	32	2x2x2x2x2x2	64	64	0	0	explicit
2-1s2-1s1s1__group.1414__Z46	32	2x2x2x2x2	24	24	0	0	explicit
2-1s2-1s1s1__group.1414__Z4	32	2x2x2x2x2x2x2x2	72	84	12	0	explicit
2-1s2-1s1s1__group.1413__Z65	32	2x2x2x2x2x2x4	68	68	0	0	explicit
2-1s2-1s1s1__group.1414__Z58	32	2x2x2x2x2x2	30	30	0	0	explicit
2-1s2-1s1s1__group.1414__Z11	32	2x2x2x2	10	10	0	0	explicit
2-1s2-1s1s1__group.1414__Z73	32	2x2x2	6	6	0	0	explicit
2-1s2-1s1s1__group.1414__Z66	32	2x2x2x2x2x2	48	48	0	0	explicit
2-1s2-1s1s1__group.1414__Z22	32	2x2x2x2x2x2	64	64	0	0	explicit
2-1s2-1s1s1__group.1414__Z47	32	2x2x2x2	16	16	0	0	explicit
2-1s2-1s1s1__group.1414__Z59	32	2x2x2x2x2	32	32	0	0	explicit
2-1s2-1s1s1__group.1414__Z40	32	2x2x2x2	16	16	0	0	explicit
2-1s2-1s1s1__group.1413__Z66	32	2x2x2x2x2x2x2	60	60	0	0	explicit
2-1s2-1s1s1__group.1414__Z32	32	2x2x2x2x2x2x2	72	80	8	0	explicit
2-1s2-1s1s1__group.1414__Z67	32	2x2x2x2x2x2	24	24	0	0	explicit
2-1s2-1s1s1__group.1414__Z12	32	2x2x2	8	8	0	0	explicit
2-1s2-1s1s1__group.1414__Z48	32	2x2x2x2	12	12	0	0	explicit
2-1s2-1s1s1__group.1414__Z8	32	2x2x2x2x2x2	27	28	1	0	explicit
2-1s2-1s1s1__group.1414__Z6	32	2x2x2x2x2x2x2	60	60	0	0	explicit
2-1s2-1s1s1__group.1414__Z41	32	2x2x2x2x2	32	32	0	0	explicit
2-1s2-1s1s1__group.1414__Z33	32	2x2x2x2x2	24	24	0	0	explicit
2-1s2-1s1s1__group.1414__Z13	32	2x2x2x2	10	10	0	0	explicit
2-1s2-1s1s1__group.1413__Z67	32	2x2x2x2x2	18	18	0	0	explicit
2-1s2-1s1s1__group.1414__Z23	32	2x2x2x2	16	16	0	0	explicit
2-1s2-1s1s1__group.1414__Z68	32	2x2x2x2x2x2	40	40	0	0	explicit
2-1s2-1s1s1__group.1414__Z49	32	2x2x2x2x2x2x2x2	120	144	24	0	explicit
2-1s2-1s1s1__group.1414__Z9	32	2x2x2x2x2x2	48	48	0	0	explicit
2-1s2-1s1s1__group.1414__Z34	32	2x2x2x2x2x2	64	64	0	0	explicit
2-1s2-1s1s1__group.1414__Z60	32	2x2x2x2x2x2x2x2x2	176	176	0	0	explicit
2-1s2-1s1s1__group.1414__Z24	32	2x2x2x2	9	10	1	0	explicit
2-1s2-1s1s1__group.1414__Z14	32	2x2x2	8	8	0	0	explicit
2-1s2-1s1s1__group.1413__Z68	32	2x2x2x2x2x2x2	80	80	0	0	explicit
2-1s2-1s1s1__group.1415__Z14	32	2x4x4	18	20	2	0	explicit
2-1s2-1s1s1__group.1414__Z69	32	2x2x2x2x2x2x2	42	48	6	0	explicit
2-1s2-1s1s1__group.1414__Z42	32	2x2x2x2x2x2	48	48	0	0	explicit
2-1s2-1s1s1__group.1414__Z5	32	2x2x2x2x2x2	36	40	4	0	explicit
2-1s2-1s1s1__group.1414__Z15	32	2x2x2x2x2	18	18	0	0	explicit
2-1s2-1s1s1__group.1414__Z25	32	2x2x2x2	9	10	1	0	explicit
2-1s2-1s1s1__group.1415__Z32	32	2x2x2x2x2x2x4	120	144	24	0	explicit
2-1s2-1s1s1__group.1413__Z69	32	2x2x2x2x2x2x2x4	124	124	0	0	explicit
2-1s2-1s1s1__group.1414__Z61	32	2x2x2x2x2x2x2	96	96	0	0	explicit
2-1s2-1s1s1__group.1414__Z43	32	2x2x2x2x2	32	32	0	0	explicit
2-1s2-1s1s1__group.1414__Z7	32	2x2x2x2x2x2	48	48	0	0	explicit
2-1s2-1s1s1__group.1415__Z23	32	2x2x2x4	24	24	0	0	explicit
2-1s2-1s1s1__group.1414__Z16	32	2x2x2x2	9	9	0	0	explicit
2-1s2-1s1s1__group.1415__Z15	32	2x2x2x2x4	24	24	0	0	explicit
2-1s2-1s1s1__group.1415__Z33	32	2x2x2x2x2	32	32	0	0	explicit
2-1s2-1s1s1__group.1414__Z70	32	2x2x2x2x2x2x2	38	44	6	0	explicit
2-1s2-1s1s1__group.1415__Z24	32	2x2x2x4	13	14	1	0	explicit
2-1s2-1s1s1__group.1415__Z1	32	2x2x2x2x2x2x2x2x4x4	744	816	72	0	explicit
2-1s2-1s1s1__group.1414__Z50	32	2x2x2x2	12	12	0	0	explicit
2-1s2-1s1s1__group.1415__Z34	32	2x2x2x2x4x4	144	160	16	0	explicit
2-1s2-1s1s1__group.1415__Z16	32	2x2x4x4	18	18	0	0	explicit
2-1s2-1s1s1__group.1415__Z25	32	2x2x2x4	13	14	1	0	explicit
2-1s2-1s1s1__group.1415__Z17	32	2x2x4	7	8	1	0	explicit
2-1s2-1s1s1__group.1415__Z10	32	2x2x2x4x4	72	80	8	0	explicit
2-1s2-1s1s1__group.1415__Z35	32	2x2x2x2x2x2x2x4	288	288	0	0	explicit
2-1s2-1s1s1__group.1415__Z50	32	2x2x2x4	20	24	4	0	explicit
2-1s2-1s1s1__group.1415__Z11	32	2x2x2x2	10	10	0	0	explicit
2-1s2-1s1s1__group.1415__Z41	32	2x2x2x4x4	72	80	8	0	explicit
2-1s2-1s1s1__group.1415__Z36	32	2x2x2x2x4	48	48	0	0	explicit
2-1s2-1s1s1__group.1415__Z18	32	2x2x2x2x4x4	78	84	6	0	explicit
2-1s2-1s1s1__group.1415__Z26	32	2x2x2x4	13	14	1	0	explicit
2-1s2-1s1s1__group.1415__Z6	32	2x2x2x2x2x4x4	126	132	6	0	explicit
2-1s2-1s1s1__group.1414__Z51	32	2x2x2x2	12	12	0	0	explicit
2-1s2-1s1s1__group.1415__Z69	32	2x2x2x2x2x2x4	62	68	6	0	explicit
2-1s2-1s1s1__group.1432__Z11	32	2x2x2x2x2x2	48	48	0	0	explicit
2-1s2-1s1s1__group.1415__Z51	32	2x2x2x4	18	20	2	0	explicit
2-1s2-1s1s1__group.1415__Z12	32	2x2x4	12	12	0	0	explicit
2-1s2-1s1s1__group.1415__Z37	32	2x2x2x2x2x2x2x4	240	240	0	0	explicit
2-1s2-1s1s1__group.1415__Z19	32	2x2x2x4	24	24	0	0	explicit
2-1s2-1s1s1__group.1432__Z12	32	2x2x2x2x2	24	24	0	0	explicit
2-1s2-1s1s1__group.1415__Z27	32	2x2x2x4	13	14	1	0	explicit
2-1s2-1s1s1__group.1415__Z7	32	2x2x2x2x2x4	72	72	0	0	explicit
2-1s2-1s1s1__group.1415__Z52	32	2x2x2x2x4	36	40	4	0	explicit
2-1s2-1s1s1__group.1415__Z13	32	2x2x4x4	21	22	1	0	explicit
2-1s2-1s1s1__group.1415__Z38	32	2x2x2x2x4	48	48	0	0	explicit
2-1s2-1s1s1__group.1415__Z60	32	2x2x2x2x2x2x2x4x4	384	416	32	0	explicit
1s1s1s1s1s1__group.1075__Z34	32	2x2x2x2x2x2x2x2x2x2x2x2x2x2	1540	1540	0	0	explicit
2-1s2-1s1s1__group.1432__Z13	32	2x2x2x2x2	18	20	2	0	explicit
2-1s2-1s1s1__group.1415__Z2	32	2x2x2x2x2x2x4	144	144	0	0	explicit
2-1s2-1s1s1__group.1414__Z52	32	2x2x2x2x2	18	20	2	0	explicit
2-1s2-1s1s1__group.1415__Z53	32	2x2x2x2x2	24	24	0	0	explicit
2-1s2-1s1s1__group.1415__Z70	32	2x2x2x2x2x2x4	62	68	6	0	explicit
2-1s2-1s1s1__group.1415__Z42	32	2x2x2x2x4x4	120	128	8	0	explicit
2-1s2-1s1s1__group.1415__Z39	32	2x2x2x2x2x2	48	48	0	0	explicit
2-1s2-1s1s1__group.1432__Z14	32	2x2x2x2x2	18	18	0	0	explicit
2-1s2-1s1s1__group.1415__Z28	32	2x2x2x2x4x4	78	84	6	0	explicit
2-1s2-1s1s1__group.1415__Z61	32	2x2x2x2x2x2x4	144	144	0	0	explicit
2-1s2-1s1s1__group.1415__Z20	32	2x4	4	4	0	0	explicit
2-1s2-1s1s1__group.1415__Z71	32	2x2x2x2x2x2	24	24	0	0	explicit
2-1s2-1s1s1__group.1415__Z43	32	2x2x2x2x2	24	24	0	0	explicit
2-1s2-1s1s1__group.1432__Z15	32	2x2x2x2x2x2	32	32	0	0	explicit
2-1s2-1s1s1__group.1432__Z20	32	2x2x2x2	16	16	0	0	explicit
2-1s2-1s1s1__group.1415__Z54	32	2x2x2x2x4x4	108	120	12	0	explicit
2-1s2-1s1s1__group.1415__Z62	32	2x2x2x2x2	20	20	0	0	explicit
2-1s2-1s1s1__group.1415__Z21	32	2x2x2x4x4	42	44	2	0	explicit
2-1s2-1s1s1__group.1415__Z44	32	2x2x2x4	20	20	0	0	explicit
2-1s2-1s1s1__group.1415__Z4	32	2x2x2x2x2x2x2x4	112	128	16	0	explicit
2-1s2-1s1s1__group.1432__Z16	32	2x2x2x2x2	14	15	1	0	explicit
2-1s2-1s1s1__group.1415__Z72	32	2x2x2x2x2x2x2x4	112	128	16	0	explicit
2-1s2-1s1s1__group.1415__Z29	32	2x2x2x2x2x2x2x4x4	864	960	96	0	explicit
2-1s2-1s1s1__group.1415__Z63	32	2x2x2x2x2x2x4	120	144	24	0	explicit
2-1s2-1s1s1__group.1415__Z40	32	2x2x2x2	16	16	0	0	explicit
2-1s2-1s1s1__group.1415__Z45	32	2x2x2x2x4x4	108	120	12	0	explicit
2-1s2-1s1s1__group.1432__Z17	32	2x2x2x2	9	10	1	0	explicit
1s1s1s1s1s1__min.196__Z11	16	2x2x2x2x2x2x2x2x2x2x2x2x2x2	616	616	0	0	explicit
2-1s2-1s1s1__group.1432__Z3	32	2x2x2x2x2x2x2x2	96	112	16	0	explicit
2-1s2-1s1s1__group.1415__Z22	32	2x2x2x2x4x4	144	160	16	0	explicit
2-1s2-1s1s1__group.1415__Z73	32	2x2x2	6	6	0	0	explicit
2-1s2-1s1s1__group.1432__Z21	32	2x2	3	3	0	0	explicit
2-1s2-1s1s1__group.1415__Z3	32	2x2x2x2x2x4x4	216	240	24	0	explicit
2-1s2-1s1s1__group.1415__Z64	32	2x2x2x2x2x2x2x4	240	240	0	0	explicit
2-1s2-1s1s1__group.1415__Z46	32	2x2x2x2x4	48	48	0	0	explicit
2-1s2-1s1s1__group.1432__Z18	32	2x2x2x2	12	12	0	0	explicit
2-1s2-1s1s1__group.1415__Z55	32	2x2x2x2x2x2x4x4	300	328	28	0	explicit
2-1s2-1s1s1__group.1432__Z30	32	2x2x2x2x2x2x2x2x2	208	208	0	0	explicit
2-1s2-1s1s1__group.1415__Z30	32	2x2x2x2x2x4	96	96	0	0	explicit
2-1s2-1s1s1__group.1415__Z8	32	2x2x2x2x2x2	30	30	0	0	explicit
2-1s2-1s1s1__group.1415__Z47	32	2x2x2x4	24	24	0	0	explicit
2-1s2-1s1s1__group.1415__Z65	32	2x2x2x2x2x2	24	24	0	0	explicit
2-1s2-1s1s1__group.1432__Z19	32	2x2x2x2x2x2	36	36	0	0	explicit
2-1s2-1s1s1__group.1432__Z31	32	2x2x2x2x2x2x2	96	96	0	0	explicit
2-1s2-1s1s1__group.1432__Z48	32	2x2x2x2x2x2x2x2	80	96	16	0	explicit
2-1s2-1s1s1__group.1415__Z48	32	2x2x2x4	20	24	4	0	explicit
2-1s2-1s1s1__group.1415__Z31	32	2x2x2x2x4x4	144	160	16	0	explicit
2-1s2-1s1s1__group.1432__Z39	32	2x2x2x2x2x2x2	40	48	8	0	explicit
2-1s2-1s1s1__group.1415__Z9	32	2x2x2x2x4x4	108	120	12	0	explicit
2-1s2-1s1s1__group.1432__Z22	32	2x2x2x2x2x2	32	32	0	0	explicit
2-1s2-1s1s1__group.1432__Z32	32	2x2x2x2x2x2x2	48	56	8	0	explicit
2-1s2-1s1s1__group.1415__Z66	32	2x2x2x2x2x2	40	40	0	0	explicit
2-1s2-1s1s1__group.1415__Z56	32	2x2x2x2x2x2x4	144	144	0	0	explicit
2-1s2-1s1s1__group.1432__Z4	32	2x2x2x2x2x2	40	40	0	0	explicit
2-1s2-1s1s1__group.1415__Z49	32	2x2x2x2x2x2x2x4	200	240	40	0	explicit
2-1s2-1s1s1__group.1432__Z33	32	2x2x2x2x2	20	20	0	0	explicit
2-1s2-1s1s1__group.1432__Z49	32	2x2x2	5	6	1	0	explicit
2-1s2-1s1s1__group.1432__Z2	32	2x2x2x2x2x2x2x2	192	192	0	0	explicit
2-1s2-1s1s1__group.1415__Z67	32	2x2x2x2x2x2	36	36	0	0	explicit
2-1s2-1s1s1__group.1433__Z12	32	2x2x2x2	16	16	0	0	explicit
2-1s2-1s1s1__group.1432__Z1	32	2x2x2x2x2x2x2x2x2x2	416	416	0	0	explicit
2-1s2-1s1s1__group.1415__Z57	32	2x2x2x2x2x2x4	192	192	0	0	explicit
2-1s2-1s1s1__group.1432__Z5	32	2x2x2x2x2x2x2	60	60	0	0	explicit
2-1s2-1s1s1__group.1432__Z34	32	2x2x2x2x2x2x2x2x2	176	176	0	0	explicit
2-1s2-1s1s1__group.1432__Z23	32	2x2x2x2x2x2	64	64	0	0	explicit
2-1s2-1s1s1__group.1433__Z21	32	2x2	3	3	0	0	explicit
2-1s2-1s1s1__group.1433__Z13	32	2x2x2x2	12	12	0	0	explicit
2-1s2-1s1s1__group.1415__Z68	32	2x2x2x2x2x2	48	48	0	0	explicit
2-1s2-1s1s1__group.1415__Z58	32	2x2x2x2x2x4	46	52	6	0	explicit
2-1s2-1s1s1__group.1432__Z10	32	2x2x2x2x2x2x2x2	80	96	16	0	explicit
2-1s2-1s1s1__group.1432__Z6	32	2x2x2x2x2x2x2	96	96	0	0	explicit
2-1s2-1s1s1__group.1432__Z35	32	2x2x2x2x2x2x2x2	192	192	0	0	explicit
2-1s2-1s1s1__group.1432__Z40	32	2x2x2x2x2x2x2x2	160	160	0	0	explicit
2-1s2-1s1s1__group.1415__Z59	32	2x2x2x2x2	32	32	0	0	explicit
2-1s2-1s1s1__group.1433__Z22	32	2x2x2	6	6	0	0	explicit
2-1s2-1s1s1__group.1415__Z5	32	2x2x2x2x2x2	48	48	0	0	explicit
2-1s2-1s1s1__group.1433__Z14	32	2x2x2x2	16	16	0	0	explicit
2-1s2-1s1s1__group.1432__Z24	32	2x2x2x2	16	16	0	0	explicit
2-1s2-1s1s1__group.1432__Z7	32	2x2x2x2x2x2	48	48	0	0	explicit
2-1s2-1s1s1__group.1433__Z3	32	2x2x2x2x2x2	48	48	0	0	explicit
2-1s2-1s1s1__group.1432__Z36	32	2x2x2x2x2x2x2	96	96	0	0	explicit
2-1s2-1s1s1__group.1432__Z41	32	2x2x2x2x2x2	48	48	0	0	explicit
2-1s2-1s1s1__group.1433__Z15	32	2x2x2x2x2	24	24	0	0	explicit
2-1s2-1s1s1__group.1432__Z8	32	2x2x2x2x2x2	32	32	0	0	explicit
2-1s2-1s1s1__group.1432__Z25	32	2x2x2x2	9	10	1	0	explicit
2-1s2-1s1s1__group.1433__Z4	32	2x2x2x2x2x2	30	30	0	0	explicit
2-1s2-1s1s1__group.1432__Z42	32	2x2x2x2x2x2	40	40	0	0	explicit
2-1s2-1s1s1__group.1433__Z16	32	2x2x2x2	12	12	0	0	explicit
2-1s2-1s1s1__group.1432__Z37	32	2x2x2x2x2x2	32	32	0	0	explicit
2-1s2-1s1s1__group.1432__Z9	32	2x2x2x2x2x2	30	30	0	0	explicit
2-1s2-1s1s1__group.1433__Z5	32	2x2x2x2x2x2	40	40	0	0	explicit
2-1s2-1s1s1__group.1432__Z26	32	2x2x2x2	9	10	1	0	explicit
2-1s2-1s1s1__group.1443__Z2	64	2x2x2x2x2x2x2x2x2	512	512	0	0	explicit
2-1s2-1s1s1__group.1433__Z17	32	2x2x2x2	12	12	0	0	explicit
2-1s2-1s1s1__group.1432__Z43	32	2x2x2x2x2x2x2	42	48	6	0	explicit
2-1s2-1s1s1__group.1433__Z1	32	2x2x2x2x2x2x2x2	144	144	0	0	explicit
2-1s2-1s1s1__group.1433__Z6	32	2x2x2x2x2x2	64	64	0	0	explicit
2-1s2-1s1s1__group.1433__Z18	32	2x2x2x2	12	12	0	0	explicit
2-1s2-1s1s1__group.1432__Z27	32	2x2x2x2	9	10	1	0	explicit
2-1s2-1s1s1__group.1455__Z20	64	2x2x2x2x2x2x2x2	136	136	0	0	explicit
2-1s2-1s1s1__group.1432__Z44	32	2x2x2x2x2x2x2x2	88	112	24	0	explicit
2-1s2-1s1s1__group.1443__Z3	64	2x2x2x2x2x2x2x2	160	160	0	0	explicit
2-1s2-1s1s1__group.1433__Z10	32	2x2x2x2x2x2	30	30	0	0	explicit
2-1s2-1s1s1__group.1455__Z11	64	2x2x2x2x2x2x2x2	256	256	0	0	explicit
2-1s2-1s1s1__group.1433__Z7	32	2x2x2x2x2	32	32	0	0	explicit
2-1s2-1s1s1__group.1432__Z38	32	2x2x2x2x2	20	20	0	0	explicit
2-1s2-1s1s1__group.1433__Z19	32	2x2x2	6	6	0	0	explicit
2-1s2-1s1s1__group.1433__Z11	32	2x2x2x2x2	32	32	0	0	explicit
2-1s2-1s1s1__group.1432__Z45	32	2x2x2x2x2x2x2	38	48	10	0	explicit
2-1s2-1s1s1__group.1433__Z8	32	2x2x2x2x2	24	24	0	0	explicit
2-1s2-1s1s1__group.1433__Z2	32	2x2x2x2x2x2	64	64	0	0	explicit
2-1s2-1s1s1__group.1432__Z28	32	2x2x2x2	9	12	3	0	explicit
2-1s2-1s1s1__group.1443__Z4	64	2x2x2x2x2x2	40	40	0	0	explicit
2-1s2-1s1s1__group.1443__Z10	64	2x2x2x2x2x2x2x2	144	144	0	0	explicit
2-1s2-1s1s1__group.1455__Z21	64	2x2x2	6	6	0	0	explicit
2-1s2-1s1s1__group.1432__Z46	32	2x2x2x2x2x2	28	28	0	0	explicit
2-1s2-1s1s1__group.1455__Z12	64	2x2x2x2x2x2	64	64	0	0	explicit
2-1s2-1s1s1__group.1433__Z20	32	2x2x2x2x2	20	20	0	0	explicit
2-1s2-1s1s1__group.1433__Z9	32	2x2x2x2x2	20	20	0	0	explicit
2-1s2-1s1s1__group.1443__Z5	64	2x2x2x2x2x2x2x2x2	272	272	0	0	explicit
2-1s2-1s1s1__group.1432__Z47	32	2x2x2x2x2x2	48	48	0	0	explicit
2-1s2-1s1s1__group.1432__Z29	32	2x2x2x2x2x2	36	36	0	0	explicit
2-1s2-1s1s1__group.1455__Z22	64	2x2x2x2x2	24	24	0	0	explicit
2-1s2-1s1s1__group.1443__Z11	64	2x2x2x2x2x2x2x2	256	256	0	0	explicit
2-1s2-1s1s1__group.1455__Z13	64	2x2x2x2x2x2	48	48	0	0	explicit
2-1s2-1s1s1__group.1455__Z39	64	2x2x2x2x2x2	40	40	0	0	explicit
2-1s2-1s1s1__group.1443__Z6	64	2x2x2x2x2x2x2x2x2	512	512	0	0	explicit
2-1s2-1s1s1__group.1455__Z3	64	2x2x2x2x2x2x2x2x2	288	288	0	0	explicit
2-1s2-1s1s1__group.1456__Z10	64	2x2x2x2x2x2	36	36	0	0	explicit
2-1s2-1s1s1__group.1443__Z12	64	2x2x2x2x2x2	64	64	0	0	explicit
2-1s2-1s1s1__group.1443__Z7	64	2x2x2x2x2x2x2	128	128	0	0	explicit
2-1s2-1s1s1__group.1455__Z4	64	2x2x2x2x2x2	40	40	0	0	explicit
2-1s2-1s1s1__group.1455__Z14	64	2x2x2x2x2x2	36	36	0	0	explicit
2-1s2-1s1s1__group.1443__Z1	64	2x2x2x2x2x2x2x2x2x2x2x2	2112	2112	0	0	explicit
2-1s2-1s1s1__group.1455__Z30	64	2x2x2x2x2x2x2	60	60	0	0	explicit
2-1s2-1s1s1__group.1443__Z13	64	2x2x2x2x2	32	32	0	0	explicit
2-1s2-1s1s1__group.1456__Z11	64	2x2x2x2x2	32	32	0	0	explicit
2-1s2-1s1s1__group.1455__Z23	64	2x2x2x2x2x2x2x2x2x2x2x2	2112	2112	0	0	explicit
2-1s2-1s1s1__group.1443__Z8	64	2x2x2x2x2x2	40	40	0	0	explicit
2-1s2-1s1s1__group.1455__Z40	64	2x2x2x2x2x2	48	48	0	0	explicit
2-1s2-1s1s1__group.1455__Z15	64	2x2x2x2x2x2x2x2	160	160	0	0	explicit
2-1s2-1s1s1__group.1443__Z14	64	2x2x2x2x2	24	24	0	0	explicit
2-1s2-1s1s1__group.1456__Z12	64	2x2x2x2x2x2x2	64	64	0	0	explicit
2-1s2-1s1s1__group.1455__Z31	64	2x2x2x2x2x2x2	60	60	0	0	explicit
2-1s2-1s1s1__group.1443__Z9	64	2x2x2x2x2	20	20	0	0	explicit
2-1s2-1s1s1__group.1456__Z2	64	2x2x2x2x2x2x2x2x2x2	768	768	0	0	explicit
2-1s2-1s1s1__group.1455__Z24	64	2x2x2x2x2x2x2x2x2	512	512	0	0	explicit
2-1s2-1s1s1__group.1455__Z41	64	2x2x2x2x2x2x2x2	144	144	0	0	explicit
2-1s2-1s1s1__group.1443__Z15	64	2x2x2x2x2x2x2x2	144	144	0	0	explicit
2-1s2-1s1s1__group.1455__Z16	64	2x2x2x2x2x2	36	36	0	0	explicit
2-1s2-1s1s1__group.1456__Z13	64	2x2x2x2x2x2	27	27	0	0	explicit
1s1s1s1s1s1__min.196__Z12	16	2x2x2x2x2x2x2x2x2x2	352	352	0	0	explicit
2-1s2-1s1s1__group.1455__Z32	64	2x2x2x2x2x2x2x2	144	144	0	0	explicit
2-1s2-1s1s1__group.1443__Z16	64	2x2x2x2x2	24	24	0	0	explicit
2-1s2-1s1s1__group.1455__Z25	64	2x2x2x2x2x2x2x2x2	240	240	0	0	explicit
2-1s2-1s1s1__group.1455__Z5	64	2x2x2x2x2x2x2x2x2	272	272	0	0	explicit
2-1s2-1s1s1__group.1455__Z17	64	2x2x2x2x2	18	18	0	0	explicit
2-1s2-1s1s1__group.1456__Z20	64	2x2x2x2x2x2	36	36	0	0	explicit
2-1s2-1s1s1__group.1456__Z29	64	2x2x2x2x2x2x2	60	60	0	0	explicit
2-1s2-1s1s1__group.1456__Z38	64	2x2x2x2x2x2	48	48	0	0	explicit
2-1s2-1s1s1__group.1443__Z17	64	2x2x2x2	12	12	0	0	explicit
2-1s2-1s1s1__group.1455__Z33	64	2x2x2x2x2x2x2x2	256	256	0	0	explicit
2-1s2-1s1s1__group.1456__Z21	64	2x2x2x2x2x2	30	32	2	0	explicit
2-1s2-1s1s1__group.1455__Z26	64	2x2x2x2x2x2x2x2x2	200	200	0	0	explicit
2-1s2-1s1s1__group.1455__Z18	64	2x2x2x2x2	32	32	0	0	explicit
2-1s2-1s1s1__group.1456__Z14	64	2x2x2x2x2	13	14	1	0	explicit
2-1s2-1s1s1__group.1455__Z6	64	2x2x2x2x2x2x2x2x2	512	512	0	0	explicit
2-1s2-1s1s1__group.1455__Z1	64	2x2x2x2x2x2x2x2x2x2x2x2	2176	2176	0	0	explicit
2-1s2-1s1s1__group.1456__Z39	64	2x2x2x2x2x2	30	32	2	0	explicit
2-1s2-1s1s1__group.1443__Z18	64	2x2x2x2x2	32	32	0	0	explicit
2-1s2-1s1s1__group.1456__Z3	64	2x2x2x2x2x2x2x2x2x2x2	320	368	48	0	explicit
2-1s2-1s1s1__group.1455__Z34	64	2x2x2x2x2x2	64	64	0	0	explicit
2-1s2-1s1s1__group.1456__Z22	64	2x2x2x2x2x2	21	24	3	0	explicit
2-1s2-1s1s1__group.1455__Z27	64	2x2x2x2x2x2x2x2x2	288	288	0	0	explicit
2-1s2-1s1s1__group.1455__Z19	64	2x2x2x2x2	24	24	0	0	explicit
2-1s2-1s1s1__group.1443__Z19	64	2x2x2x2x2x2x2x2	136	136	0	0	explicit
2-1s2-1s1s1__group.1455__Z10	64	2x2x2x2x2x2x2x2x2	216	216	0	0	explicit
2-1s2-1s1s1__group.1456__Z4	64	2x2x2x2x2x2x2x2	90	96	6	0	explicit
2-1s2-1s1s1__group.1455__Z7	64	2x2x2x2x2x2x2	128	128	0	0	explicit
2-1s2-1s1s1__group.1456__Z30	64	2x2x2x2x2x2x2x2x2	272	272	0	0	explicit
2-1s2-1s1s1__group.1455__Z35	64	2x2x2x2x2	32	32	0	0	explicit
2-1s2-1s1s1__group.1456__Z15	64	2x2x2x2x2x2x2x2x2	160	160	0	0	explicit
2-1s2-1s1s1__group.1455__Z28	64	2x2x2x2x2x2x2x2x2	512	512	0	0	explicit
2-1s2-1s1s1__group.1455__Z2	64	2x2x2x2x2x2x2x2x2	512	512	0	0	explicit
2-1s2-1s1s1__group.1456__Z47	64	2x2x2x2x2x2x2x2x2	120	132	12	0	explicit
2-1s2-1s1s1__group.1455__Z8	64	2x2x2x2x2x2x2	72	72	0	0	explicit
2-1s2-1s1s1__group.1455__Z36	64	2x2x2x2x2x2	48	48	0	0	explicit
2-1s2-1s1s1__group.1456__Z23	64	2x2x2x2x2x2	30	32	2	0	explicit
2-1s2-1s1s1__group.1456__Z16	64	2x2x2x2x2x2	40	40	0	0	explicit
2-1s2-1s1s1__group.1487__Z10	64	2x2x2x2x2x2x2x2x2	512	512	0	0	explicit
2-1s2-1s1s1__group.1455__Z29	64	2x2x2x2x2x2x2	128	128	0	0	explicit
2-1s2-1s1s1__group.1456__Z48	64	2x2x2x2x2x2x2	60	60	0	0	explicit
2-1s2-1s1s1__group.1456__Z40	64	2x2x2x2x2x2x2x2x2x2x2	496	624	128	0	explicit
2-1s2-1s1s1__group.1456__Z31	64	2x2x2x2x2x2x2x2x2x2x2	1280	1280	0	0	explicit
2-1s2-1s1s1__group.1455__Z37	64	2x2x2x2x2x2x2x2	144	144	0	0	explicit
2-1s2-1s1s1__group.1456__Z17	64	2x2x2	6	6	0	0	explicit
2-1s2-1s1s1__group.1455__Z9	64	2x2x2x2x2	20	20	0	0	explicit
2-1s2-1s1s1__group.1456__Z56	64	2x2x2x2x2x2x2x2x2x2	200	224	24	0	explicit
2-1s2-1s1s1__group.1487__Z11	64	2x2x2x2x2x2x2x2x2	272	272	0	0	explicit
2-1s2-1s1s1__group.1456__Z32	64	2x2x2x2x2x2x2	128	128	0	0	explicit
2-1s2-1s1s1__group.1456__Z41	64	2x2x2x2x2x2	28	32	4	0	explicit
2-1s2-1s1s1__group.1455__Z38	64	2x2x2x2x2	24	24	0	0	explicit
2-1s2-1s1s1__group.1456__Z18	64	2x2x2x2x2x2x2x2	88	88	0	0	explicit
2-1s2-1s1s1__group.1488__Z11	64	2x2x2x2x2x2x2x2	144	144	0	0	explicit
2-1s2-1s1s1__group.1487__Z12	64	2x2x2x2x2x2x2	128	128	0	0	explicit
2-1s2-1s1s1__group.1456__Z42	64	2x2x2x2x2x2	27	28	1	0	explicit
2-1s2-1s1s1__group.1456__Z33	64	2x2x2x2x2x2x2x2	100	100	0	0	explicit
2-1s2-1s1s1__group.1456__Z57	64	2x2x2x2x2x2x2x2x2x2	152	184	32	0	explicit
2-1s2-1s1s1__group.1488__Z12	64	2x2x2x2x2x2	64	64	0	0	explicit
2-1s2-1s1s1__group.1456__Z24	64	2x2x2x2x2x2	21	24	3	0	explicit
2-1s2-1s1s1__group.1456__Z19	64	2x2x2x2x2x2x2x2x2	288	288	0	0	explicit
2-1s2-1s1s1__group.1456__Z58	64	2x2x2x2x2x2x2x2	58	58	0	0	explicit
2-1s2-1s1s1__group.1456__Z43	64	2x2x2x2x2x2x2	72	80	8	0	explicit
2-1s2-1s1s1__group.1456__Z34	64	2x2x2x2x2	20	20	0	0	explicit
2-1s2-1s1s1__group.1487__Z13	64	2x2x2x2x2x2	64	64	0	0	explicit
2-1s2-1s1s1__group.1456__Z49	64	2x2x2x2x2x2x2x2x2x2x2x2x2	1344	1344	0	0	explicit
2-1s2-1s1s1__group.1488__Z13	64	2x2x2x2x2	32	32	0	0	explicit
2-1s2-1s1s1__group.1487__Z2	64	2x2x2x2x2x2x2x2x2x2	1024	1024	0	0	explicit
2-1s2-1s1s1__group.1456__Z35	64	2x2x2x2x2x2x2x2	144	144	0	0	explicit
2-1s2-1s1s1__group.1456__Z44	64	2x2x2x2x2x2x2x2x2	208	208	0	0	explicit
2-1s2-1s1s1__group.1456__Z25	64	2x2x2x2x2x2x2x2x2	160	160	0	0	explicit
2-1s2-1s1s1__group.1456__Z5	64	2x2x2x2x2x2x2x2x2x2	288	288	0	0	explicit
2-1s2-1s1s1__group.1456__Z59	64	2x2x2x2x2x2x2x2x2x2x2	288	352	64	0	explicit
2-1s2-1s1s1__group.1487__Z14	64	2x2x2x2x2x2x2x2x2	272	272	0	0	explicit
2-1s2-1s1s1__group.1488__Z14	64	2x2x2x2x2x2x2x4	216	216	0	0	explicit
2-1s2-1s1s1__group.1456__Z36	64	2x2x2x2x2x2x2x2x2	384	384	0	0	explicit
2-1s2-1s1s1__group.1487__Z3	64	2x2x2x2x2x2x2x2x2x2	1024	1024	0	0	explicit
2-1s2-1s1s1__group.1456__Z6	64	2x2x2x2x2x2x2x2	120	120	0	0	explicit
2-1s2-1s1s1__group.1488__Z15	64	2x2x2x2x4	48	48	0	0	explicit
2-1s2-1s1s1__group.1456__Z45	64	2x2x2x2x2x2x2x2x2x2x2x2	1104	1104	0	0	explicit
2-1s2-1s1s1__group.1456__Z50	64	2x2x2x2x2x2x2x2x2x2	352	352	0	0	explicit
2-1s2-1s1s1__group.1456__Z37	64	2x2x2x2x2x2x2	96	96	0	0	explicit
2-1s2-1s1s1__group.1488__Z3	64	2x2x2x2x2x2x2x2x2	512	512	0	0	explicit
2-1s2-1s1s1__group.1487__Z4	64	2x2x2x2x2x2x2x2x2	272	272	0	0	explicit
2-1s2-1s1s1__group.1488__Z16	64	2x2x2x2x2	24	24	0	0	explicit
2-1s2-1s1s1__group.1456__Z51	64	2x2x2x2x2x2x2	42	42	0	0	explicit
2-1s2-1s1s1__group.1456__Z60	64	2x2x2x2	10	10	0	0	explicit
2-1s2-1s1s1__group.1487__Z15	64	2x2x2x2x2x2	64	64	0	0	explicit
2-1s2-1s1s1__group.1488__Z30	64	2x2x2x2x2x2	36	36	0	0	explicit
2-1s2-1s1s1__group.1505__Z14	64	2x2x2x4x4	72	80	8	0	explicit
2-1s2-1s1s1__group.1456__Z1	64	2x2x2x2x2x2x2x2x2x2x2x2x2x2	2736	2736	0	0	explicit
2-1s2-1s1s1__group.1487__Z5	64	2x2x2x2x2x2x2	128	128	0	0	explicit
2-1s2-1s1s1__group.1488__Z17	64	2x2x2x2x2	24	24	0	0	explicit
2-1s2-1s1s1__group.1487__Z16	64	2x2x2x2x2x2	40	40	0	0	explicit
2-1s2-1s1s1__group.1456__Z7	64	2x2x2x2x2x2x2x2	63	66	3	0	explicit
2-1s2-1s1s1__group.1456__Z52	64	2x2x2x2x2x2x2x2x2x2	288	352	64	0	explicit
2-1s2-1s1s1__group.1505__Z15	64	2x2x2x4x4	42	44	2	0	explicit
2-1s2-1s1s1__group.1488__Z5	64	2x2x2x2x2x2	64	64	0	0	explicit
2-1s2-1s1s1__group.1488__Z18	64	2x2x2x4	18	18	0	0	explicit
2-1s2-1s1s1__group.1488__Z20	64	2x2x2x2x2x2x2x2x2x2x2x2	2080	2080	0	0	explicit
2-1s2-1s1s1__group.1487__Z17	64	2x2x2x2x2x2	40	40	0	0	explicit
2-1s2-1s1s1__group.1487__Z6	64	2x2x2x2x2x2x2x2x2x2	544	544	0	0	explicit
2-1s2-1s1s1__group.1456__Z46	64	2x2x2x2x2x2x2x2x2x2	768	768	0	0	explicit
2-1s2-1s1s1__group.1456__Z8	64	2x2x2x2x2x2x2x2x2	216	216	0	0	explicit
2-1s2-1s1s1__group.1488__Z31	64	2x2x2x2x2	32	32	0	0	explicit
2-1s2-1s1s1__group.1505__Z16	64	2x2x2x4x4	42	44	2	0	explicit
2-1s2-1s1s1__group.1488__Z6	64	2x2x2x2x2x2x2x2x2	288	288	0	0	explicit
2-1s2-1s1s1__group.1456__Z26	64	2x2x2x2x2x2x2x2x2x2x2x2x2	3168	3168	0	0	explicit
2-1s2-1s1s1__group.1488__Z19	64	2x2x2x2x2x2x2x2	144	144	0	0	explicit
2-1s2-1s1s1__group.1487__Z18	64	2x2x2x2x2	20	20	0	0	explicit
2-1s2-1s1s1__group.1488__Z21	64	2x2x2x2x2x2x2x2x2	512	512	0	0	explicit
2-1s2-1s1s1__group.1456__Z9	64	2x2x2x2x2x2x2x2	144	144	0	0	explicit
2-1s2-1s1s1__group.1487__Z7	64	2x2x2x2x2x2x2x2	144	144	0	0	explicit
2-1s2-1s1s1__group.1505__Z17	64	2x2x4x4	21	22	1	0	explicit
2-1s2-1s1s1__group.1456__Z53	64	2x2x2x2x2x2x2x2x2x2x2	624	624	0	0	explicit
2-1s2-1s1s1__group.1456__Z27	64	2x2x2x2x2x2x2x2x2	512	512	0	0	explicit
2-1s2-1s1s1__group.1488__Z7	64	2x2x2x2x2x2x2	80	80	0	0	explicit
2-1s2-1s1s1__group.1488__Z2	64	2x2x2x2x2x2x2x2x2	512	512	0	0	explicit
2-1s2-1s1s1__group.1488__Z32	64	2x2x2x2x2x2	36	36	0	0	explicit
2-1s2-1s1s1__group.1456__Z54	64	2x2x2x2x2x2x2x2	88	88	0	0	explicit
2-1s2-1s1s1__group.1487__Z8	64	2x2x2x2x2x2x2x2	144	144	0	0	explicit
2-1s2-1s1s1__group.1505__Z18	64	2x2x2x2x2x2x4x4	300	328	28	0	explicit
2-1s2-1s1s1__group.1487__Z19	64	2x2x2x2x2x2x2x2x2	272	272	0	0	explicit
2-1s2-1s1s1__group.1488__Z8	64	2x2x2x2x2x2x2	72	72	0	0	explicit
2-1s2-1s1s1__group.1456__Z28	64	2x2x2x2x2x2x2x2x2x2	320	368	48	0	explicit
2-1s2-1s1s1__group.1506__Z16	64	2x2x2x2x2	32	32	0	0	explicit
2-1s2-1s1s1__group.1488__Z22	64	2x2x2x2x2x2x2x2x2	512	512	0	0	explicit
2-1s2-1s1s1__group.1505__Z7	64	2x2x2x2x2x2x4	192	192	0	0	explicit
2-1s2-1s1s1__group.1488__Z33	64	2x2x2x2x2	32	32	0	0	explicit
2-1s2-1s1s1__group.1456__Z55	64	2x2x2x2x2x2x2x2	144	144	0	0	explicit
2-1s2-1s1s1__group.1487__Z9	64	2x2x2x2x2x2	40	40	0	0	explicit
2-1s2-1s1s1__group.1505__Z2	64	2x2x2x2x2x2x2x2x4	768	768	0	0	explicit
2-1s2-1s1s1__group.1488__Z9	64	2x2x2x2x2	20	20	0	0	explicit
2-1s2-1s1s1__group.1506__Z17	64	2x2x2x2x2x2x2x2	256	256	0	0	explicit
2-1s2-1s1s1__group.1488__Z34	64	2x2x2x2x2	20	20	0	0	explicit
2-1s2-1s1s1__group.1505__Z8	64	2x2x2x2x2	20	20	0	0	explicit
2-1s2-1s1s1__group.1488__Z23	64	2x2x2x2x2x2x2x2	136	136	0	0	explicit
2-1s2-1s1s1__group.1506__Z25	64	2x2x2x2x2	32	32	0	0	explicit
2-1s2-1s1s1__group.1506__Z18	64	2x2x2x2x2x2	64	64	0	0	explicit
2-1s2-1s1s1__group.1488__Z35	64	2x2x2x2x2	20	20	0	0	explicit
2-1s2-1s1s1__group.1506__Z34	64	2x2x2x2x2x2x2	128	128	0	0	explicit
2-1s2-1s1s1__group.1505__Z3	64	2x2x2x2x2x2x2x4x4	1152	1280	128	0	explicit
2-1s2-1s1s1__group.1505__Z9	64	2x2x2x2x2x2x4x4	576	640	64	0	explicit
2-1s2-1s1s1__group.1488__Z36	64	2x2x2x2	10	10	0	0	explicit
2-1s2-1s1s1__group.1506__Z19	64	2x2x2x2x2	32	32	0	0	explicit
2-1s2-1s1s1__group.1506__Z26	64	2x2x2x2x2x2x2x2	256	256	0	0	explicit
2-1s2-1s1s1__group.1487__Z1	64	2x2x2x2x2x2x2x2x2x2x2x2x2	4160	4160	0	0	explicit
2-1s2-1s1s1__group.1488__Z1	64	2x2x2x2x2x2x2x2x2x2x2x2	2112	2112	0	0	explicit
2-1s2-1s1s1__group.1505__Z4	64	2x2x2x2x2x2x4x4	300	328	28	0	explicit
2-1s2-1s1s1__group.1506__Z35	64	2x2x2x2x2x2x2x2x4	768	768	0	0	explicit
2-1s2-1s1s1__group.1488__Z37	64	2x2x2x2x2x2x2x2	136	136	0	0	explicit
2-1s2-1s1s1__group.1506__Z2	64	2x2x2x2x2x2x2x2x2	512	512	0	0	explicit
2-1s2-1s1s1__group.1488__Z24	64	2x2x2x2x2x2	64	64	0	0	explicit
2-1s2-1s1s1__group.1488__Z10	64	2x2x2x2x2x2x2x2	256	256	0	0	explicit
2-1s2-1s1s1__group.1505__Z5	64	2x2x2x2x2x4	96	96	0	0	explicit
2-1s2-1s1s1__group.1506__Z36	64	2x2x2x2x2x2x2	128	128	0	0	explicit
2-1s2-1s1s1__group.1488__Z4	64	2x2x2x2x2x2x2x2	144	144	0	0	explicit
2-1s2-1s1s1__group.1506__Z43	64	2x2x2x2x2x2x2x4	384	384	0	0	explicit
2-1s2-1s1s1__group.1506__Z20	64	2x2x2x2x2	32	32	0	0	explicit
2-1s2-1s1s1__min.264__Z23	16	2x2x2x2x2x4	56	56	0	0	explicit
2-1s2-1s1s1__group.1506__Z1	64	2x2x2x2x2x2x2x2x2x2x2x2	4096	4096	0	0	explicit
2-1s2-1s1s1__group.1506__Z37	64	2x2x2x2x2x4	96	96	0	0	explicit
2-1s2-1s1s1__min.264__Z14	16	2x2x2x2x2x4	34	34	0	0	explicit
2-1s2-1s1s1__group.1506__Z44	64	2x2x2x2x2x2	64	64	0	0	explicit
2-1s2-1s1s1__group.1488__Z25	64	2x2x2x2x2x2x2x2x2	272	272	0	0	explicit
2-1s2-1s1s1__min.264__Z24	16	2x2x2x2x2x2	32	32	0	0	explicit
2-1s2-1s1s1__group.1506__Z27	64	2x2x2x2x2x2x2x2x2x2x2x2	4096	4096	0	0	explicit
2-1s2-1s1s1__group.1505__Z6	64	2x2x2x2x2x2x2x4x4	600	656	56	0	explicit
2-1s2-1s1s1__min.264__Z15	16	2x2x2x2x2	20	20	0	0	explicit
2-1s2-1s1s1__min.264__Z25	16	2x2x2x2x2x2	32	32	0	0	explicit
2-1s2-1s1s1__group.1506__Z52	64	2x2x2x2x2x2x2x2	256	256	0	0	explicit
2-1s2-1s1s1__min.264__Z16	16	2x2x2x2x2x2	22	22	0	0	explicit
2-1s2-1s1s1__group.1506__Z38	64	2x2x2x2x2	32	32	0	0	explicit
2-1s2-1s1s1__group.1506__Z10	64	2x2x2x2x2x2x2	128	128	0	0	explicit
2-1s2-1s1s1__group.1506__Z45	64	2x2x2x2x4	48	48	0	0	explicit
2-1s2-1s1s1__min.264__Z26	16	2x2x2x4	20	20	0	0	explicit
2-1s2-1s1s1__group.1488__Z26	64	2x2x2x2x2x2x2	128	128	0	0	explicit
2-1s2-1s1s1__min.264__Z17	16	2x2x2x2x2	16	16	0	0	explicit
2-1s2-1s1s1__group.1506__Z28	64	2x2x2x2x2x2x2x2x2	512	512	0	0	explicit
2-1s2-1s1s1__min.264__Z27	16	2x2x2x4	24	24	0	0	explicit
2-1s2-1s1s1__group.1505__Z1	64	2x2x2x2x2x2x2x2x2x2x4x4	4656	5152	496	0	explicit
2-1s2-1s1s1__min.264__Z18	16	2x2x2x2x2x2	20	20	0	0	explicit
2-1s2-1s1s1__min.264__Z28	16	2x2x2x2	16	16	0	0	explicit
2-1s2-1s1s1__group.1506__Z46	64	2x2x2x2x2	32	32	0	0	explicit
2-1s2-1s1s1__group.1506__Z39	64	2x2x2x2x2x2x2x2	256	256	0	0	explicit
2-1s2-1s1s1__min.264__Z19	16	2x2x2x2x2x2	24	24	0	0	explicit
2-1s2-1s1s1__group.1506__Z11	64	2x2x2x2x2x2	64	64	0	0	explicit
2-1s2-1s1s1__group.1506__Z6	64	2x2x2x2x2x2x2x2x2	512	512	0	0	explicit
2-1s2-1s1s1__group.1488__Z27	64	2x2x2x2x2	20	20	0	0	explicit
2-1s2-1s1s1__min.264__Z29	16	2x2x2x4	20	20	0	0	explicit
2-1s2-1s1s1__group.1506__Z21	64	2x2x2x2x2x2x2x2	256	256	0	0	explicit
2-1s2-1s1s1__min.264__Z2	16	2x2x2x2x2	24	24	0	0	explicit
2-1s2-1s1s1__group.1506__Z29	64	2x2x2x2x2x2x2x2x2	512	512	0	0	explicit
2-1s2-1s1s1__min.264__Z3	16	2x2x2x2x4	32	32	0	0	explicit
2-1s2-1s1s1__min.264__Z20	16	2x2x2	5	6	1	0	explicit
2-1s2-1s1s1__group.1506__Z4	64	2x2x2x2x2x2x2x2	256	256	0	0	explicit
2-1s2-1s1s1__min.264__Z30	16	2x2x2x4	20	20	0	0	explicit
2-1s2-1s1s1__group.1505__Z10	64	2x2x2x2x2x2x4x4	576	640	64	0	explicit
2-1s2-1s1s1__group.1506__Z47	64	2x2x2x2x2x2x2x2	256	256	0	0	explicit
2-1s2-1s1s1__group.1488__Z28	64	2x2x2x2x2x2x2x2	256	256	0	0	explicit
2-1s2-1s1s1__group.1506__Z12	64	2x2x2x2x2	32	32	0	0	explicit
2-1s2-1s1s1__min.264__Z21	16	2x2x2x2x2x4	64	64	0	0	explicit
2-1s2-1s1s1__min.264__Z31	16	2x2x2x2	16	16	0	0	explicit
2-1s2-1s1s1__group.1506__Z7	64	2x2x2x2x2x2x2x2x2	512	512	0	0	explicit
2-1s2-1s1s1__min.264__Z41	16	2x2x2x4	16	16	0	0	explicit
2-1s2-1s1s1__group.1506__Z3	64	2x2x2x2x2x2x2x2x2	512	512	0	0	explicit
2-1s2-1s1s1__min.264__Z22	16	2x2x2x2x2x2	40	40	0	0	explicit
2-1s2-1s1s1__group.1505__Z11	64	2x2x2x2x2x2	36	36	0	0	explicit
2-1s2-1s1s1__group.1506__Z40	64	2x2x2x2x2x2x2x2	256	256	0	0	explicit
2-1s2-1s1s1__group.1506__Z48	64	2x2x2x2x2	32	32	0	0	explicit
2-1s2-1s1s1__group.1506__Z22	64	2x2x2x2x2	32	32	0	0	explicit
2-1s2-1s1s1__group.1506__Z13	64	2x2x2x2x2x2x2x2	256	256	0	0	explicit
2-1s2-1s1s1__group.1488__Z29	64	2x2x2x2x2x2x2x2	256	256	0	0	explicit
2-1s2-1s1s1__group.1506__Z8	64	2x2x2x2x2x2x2	128	128	0	0	explicit
2-1s2-1s1s1__group.1506__Z30	64	2x2x2x2x2x2x2x2	256	256	0	0	explicit
2-1s2-1s1s1__min.264__Z50	16	2x2x2x2x2x2x4	68	68	0	0	explicit
2-1s2-1s1s1__group.1505__Z12	64	2x2x2x2x4	48	48	0	0	explicit
2-1s2-1s1s1__group.1506__Z49	64	2x2x2x4	24	24	0	0	explicit
2-1s2-1s1s1__min.264__Z42	16	2x2x2x2	10	10	0	0	explicit
2-1s2-1s1s1__group.1506__Z41	64	2x2x2x2x2x4	96	96	0	0	explicit
2-1s2-1s1s1__min.264__Z32	16	2x2x2x2	16	16	0	0	explicit
2-1s2-1s1s1__group.1506__Z23	64	2x2x2x2	16	16	0	0	explicit
2-1s2-1s1s1__min.264__Z51	16	2x2x2x2x4	36	36	0	0	explicit
2-1s2-1s1s1__group.1506__Z14	64	2x2x2x2x2x2x2x2	256	256	0	0	explicit
2-1s2-1s1s1__min.264__Z43	16	2x2x2x2	10	10	0	0	explicit
2-1s2-1s1s1__min.264__Z33	16	2x2x2x2x2x2	36	36	0	0	explicit
2-1s2-1s1s1__group.1506__Z31	64	2x2x2x2x2x2	64	64	0	0	explicit
2-1s2-1s1s1__group.1506__Z9	64	2x2x2x2x2x2x2x2x2	512	512	0	0	explicit
2-1s2-1s1s1__group.1505__Z13	64	2x2x2x2x4x4	78	84	6	0	explicit
2-1s2-1s1s1__min.264__Z44	16	2x2x2x4	15	15	0	0	explicit
2-1s2-1s1s1__min.264__Z6	16	2x2x2x2x2x4	44	44	0	0	explicit
2-1s2-1s1s1__group.1506__Z5	64	2x2x2x2x2x2	64	64	0	0	explicit
2-1s2-1s1s1__min.264__Z34	16	2x2x2x4	18	18	0	0	explicit
2-1s2-1s1s1__group.1506__Z24	64	2x2x2x2x2	32	32	0	0	explicit
2-1s2-1s1s1__min.264__Z1	16	2x2x2x2x4	26	26	0	0	explicit
2-1s2-1s1s1__min.264__Z52	16	2x2x2x2x4	32	32	0	0	explicit
2-1s2-1s1s1__min.264__Z60	16	2x4x4	12	12	0	0	explicit
2-1s2-1s1s1__min.264__Z45	16	2x2x2x2	10	10	0	0	explicit
2-1s2-1s1s1__min.264__Z35	16	2x2x2x2	12	12	0	0	explicit
2-1s2-1s1s1__group.1506__Z15	64	2x2x2x2x2x2	64	64	0	0	explicit
2-1s2-1s1s1__min.264__Z10	16	2x2x2x2x2	20	20	0	0	explicit
2-1s2-1s1s1__min.264__Z61	16	2x2x4	12	12	0	0	explicit
2-1s2-1s1s1__min.264__Z46	16	2x2x2x4	16	16	0	0	explicit
2-1s2-1s1s1__group.1506__Z32	64	2x2x2x2x2x2x2x2x2	512	512	0	0	explicit
2-1s2-1s1s1__min.264__Z53	16	2x2x2x2x2x2x2	34	34	0	0	explicit
2-1s2-1s1s1__min.264__Z36	16	2x2x2x2	12	12	0	0	explicit
2-1s2-1s1s1__group.1506__Z42	64	2x2x2x2x4	48	48	0	0	explicit
2-1s2-1s1s1__group.1506__Z50	64	2x2x2x2x2	32	32	0	0	explicit
2-1s2-1s1s1__min.264__Z11	16	2x2x2x2x2x2	28	28	0	0	explicit
2-1s2-1s1s1__min.264__Z47	16	2x2x2	6	6	0	0	explicit
2-1s2-1s1s1__min.264__Z62	16	2x2x4	12	12	0	0	explicit
2-1s2-1s1s1__min.264__Z54	16	2x2x2x2x2	24	24	0	0	explicit
2-1s2-1s1s1__min.264__Z37	16	2x2x2x4	16	16	0	0	explicit
2-1s2-1s1s1__min.264__Z63	16	2x4x4	12	12	0	0	explicit
2-1s2-1s1s1__min.264__Z12	16	2x2x2x2x2	20	20	0	0	explicit
2-1s2-1s1s1__min.264__Z48	16	2x2x2	6	6	0	0	explicit
2-1s2-1s1s1__min.264__Z55	16	2x2x2x2x4	26	26	0	0	explicit
2-1s2-1s1s1__min.264__Z38	16	2x2x2x4	18	18	0	0	explicit
2-1s2-1s1s1__min.264__Z64	16	2x2x4	10	10	0	0	explicit
2-1s2-1s1s1__min.264__Z69	16	2x2x4	12	12	0	0	explicit
2-1s2-1s1s1__min.264__Z56	16	2x2x2x2x2	18	18	0	0	explicit
2-1s2-1s1s1__min.264__Z49	16	2x2x2x2	10	10	0	0	explicit
2-1s2-1s1s1__min.264__Z13	16	2x2x2x2x2	20	20	0	0	explicit
2-1s2-1s1s1__group.1506__Z51	64	2x2x2x2x4	48	48	0	0	explicit
2-1s2-1s1s1__min.264__Z39	16	2x2x2x2	12	12	0	0	explicit
2-1s2-1s1s1__min.264__Z65	16	2x2x2x2x2	13	13	0	0	explicit
2-1s2-1s1s1__min.264__Z7	16	2x2x2x2x2	18	18	0	0	explicit
2-1s2-1s1s1__min.264__Z57	16	2x2x2x2x4	22	22	0	0	explicit
2-1s2-1s1s1__min.264__Z5	16	2x2x2x2x2	20	20	0	0	explicit
2-1s2-1s1s1__min.264__Z4	16	2x2x2x2x2	13	13	0	0	explicit
2-1s2-1s1s1__min.264__Z70	16	2x2x4	10	10	0	0	explicit
2-1s2-1s1s1__min.264__Z66	16	2x2x2x2x2	13	13	0	0	explicit
2-1s2-1s1s1__min.264__Z58	16	2x2x2x2x2	16	16	0	0	explicit
2-1s2-1s1s1__min.264__Z9	16	2x2x2x2x2	13	13	0	0	explicit
2-1s2-1s1s1__min.265__Z18	16	2x2x2x2x4	18	20	2	0	explicit
2-1s2-1s1s1__min.264__Z40	16	2x2x2x2	10	10	0	0	explicit
2-1s2-1s1s1__group.1506__Z33	64	2x2x2x2x2x2x2x2x2	512	512	0	0	explicit
2-1s2-1s1s1__min.265__Z1	16	2x2x4x4	21	22	1	0	explicit
2-1s2-1s1s1__min.264__Z67	16	2x2x4	7	7	0	0	explicit
2-1s2-1s1s1__min.264__Z59	16	2x2x2x2x4	25	25	0	0	explicit
2-1s2-1s1s1__min.264__Z71	16	2x2x4	8	8	0	0	explicit
2-1s2-1s1s1__min.265__Z19	16	2x2	3	3	0	0	explicit
2-1s2-1s1s1__min.264__Z78	16	2x2x2	8	8	0	0	explicit
2-1s2-1s1s1__min.265__Z27	16	2x2x4	12	12	0	0	explicit
2-1s2-1s1s1__min.264__Z68	16	2x2x2x4	20	20	0	0	explicit
2-1s2-1s1s1__min.265__Z10	16	2x2x2x2x4	36	36	0	0	explicit
2-1s2-1s1s1__min.264__Z72	16	2x2x2x2	10	10	0	0	explicit
2-1s2-1s1s1__min.265__Z2	16	2x2x2x4	24	24	0	0	explicit
2-1s2-1s1s1__min.265__Z36	16	2x4x4	15	16	1	0	explicit
2-1s2-1s1s1__min.264__Z79	16	2x2x2x2	10	10	0	0	explicit
2-1s2-1s1s1__min.265__Z28	16	2x2x4	12	12	0	0	explicit
2-1s2-1s1s1__min.265__Z11	16	2x2x2x2	10	10	0	0	explicit
2-1s2-1s1s1__min.264__Z73	16	2x4x4	10	10	0	0	explicit
2-1s2-1s1s1__min.265__Z20	16	2x2x2x4x4	54	60	6	0	explicit
2-1s2-1s1s1__min.265__Z37	16	2x2x4	12	12	0	0	explicit
2-1s2-1s1s1__min.264__Z8	16	2x2x2x2x4	22	22	0	0	explicit
2-1s2-1s1s1__min.265__Z29	16	2x2x4	12	12	0	0	explicit
2-1s2-1s1s1__min.265__Z12	16	2x2x2x2	16	16	0	0	explicit
2-1s2-1s1s1__min.265__Z21	16	2x2x2x2x4	36	36	0	0	explicit
2-1s2-1s1s1__min.264__Z74	16	2x2	4	4	0	0	explicit
2-1s2-1s1s1__min.265__Z3	16	2x2x2x4	24	24	0	0	explicit
2-1s2-1s1s1__min.265__Z38	16	2x2x4	9	10	1	0	explicit
2-1s2-1s1s1__min.264__Z80	16	2x2x2	8	8	0	0	explicit
2-1s2-1s1s1__min.265__Z13	16	2x2x2x2	10	10	0	0	explicit
2-1s2-1s1s1__min.265__Z22	16	2x2x2x2x4	36	36	0	0	explicit
2-1s2-1s1s1__min.265__Z54	16	2x2x4x4	18	18	0	0	explicit
2-1s2-1s1s1__min.265__Z30	16	2x2x2	8	8	0	0	explicit
2-1s2-1s1s1__min.265__Z45	16	2x4x4	15	16	1	0	explicit
2-1s2-1s1s1__min.265__Z39	16	2x2x2	8	8	0	0	explicit
2-1s2-1s1s1__min.264__Z81	16	2x2	4	4	0	0	explicit
2-1s2-1s1s1__min.264__Z75	16	2x2x2x4	20	20	0	0	explicit
2-1s2-1s1s1__min.265__Z63	16	2x2x2x2	9	9	0	0	explicit
2-1s2-1s1s1__min.265__Z23	16	2x2x2x2x2	24	24	0	0	explicit
2-1s2-1s1s1__min.265__Z14	16	2x2x2x2	16	16	0	0	explicit
2-1s2-1s1s1__min.265__Z4	16	2x2x2x2	10	10	0	0	explicit
2-1s2-1s1s1__min.265__Z46	16	2x2	4	4	0	0	explicit
2-1s2-1s1s1__min.265__Z31	16	2x2x2	8	8	0	0	explicit
2-1s2-1s1s1__min.265__Z55	16	2x2x2x4	18	18	0	0	explicit
2-1s2-1s1s1__min.265__Z15	16	2x2x2x2x2	16	16	0	0	explicit
2-1s2-1s1s1__min.265__Z24	16	2x2x2x2x2	24	24	0	0	explicit
2-1s2-1s1s1__min.264__Z76	16	2x2x4	10	10	0	0	explicit
2-1s2-1s1s1__min.265__Z40	16	2x2x4	12	12	0	0	explicit
2-1s2-1s1s1__min.264__Z82	16	2x2x2x2	10	10	0	0	explicit
2-1s2-1s1s1__min.265__Z32	16	2x2x2x2x4	28	32	4	0	explicit
2-1s2-1s1s1__min.265__Z56	16	2x2x2x2	9	9	0	0	explicit
2-1s2-1s1s1__min.265__Z16	16	2x2x2x4	12	12	0	0	explicit
2-1s2-1s1s1__min.265__Z25	16	2x4x4	18	20	2	0	explicit
2-1s2-1s1s1__min.265__Z47	16	2x2	4	4	0	0	explicit
2-1s2-1s1s1__min.264__Z77	16	2x2x2x4	20	20	0	0	explicit
2-1s2-1s1s1__min.265__Z57	16	2x2x2x4	18	18	0	0	explicit
2-1s2-1s1s1__min.265__Z41	16	2x2x2	8	8	0	0	explicit
2-1s2-1s1s1__min.265__Z33	16	2x4x4	18	20	2	0	explicit
2-1s2-1s1s1__min.265__Z64	16	2x2x2x2	9	9	0	0	explicit
2-1s2-1s1s1__min.265__Z26	16	2x4x4	18	20	2	0	explicit
2-1s2-1s1s1__min.265__Z17	16	2x2x2x2x2	16	16	0	0	explicit
2-1s2-1s1s1__min.264__Z83	16	2x2x2	8	8	0	0	explicit
2-1s2-1s1s1__min.265__Z48	16	2x2x2	6	6	0	0	explicit
2-1s2-1s1s1__min.265__Z58	16	4x4	9	10	1	0	explicit
2-1s2-1s1s1__min.265__Z34	16	2x2x2	8	8	0	0	explicit
2-1s2-1s1s1__min.265__Z72	16	2x4x4	18	20	2	0	explicit
2-1s2-1s1s1__min.265__Z42	16	2x2x2	8	8	0	0	explicit
2-1s2-1s1s1__min.265__Z65	16	2x2	3	3	0	0	explicit
2-1s2-1s1s1__min.265__Z49	16	2x2x2x2x4x4	51	54	3	0	explicit
2-1s2-1s1s1__min.265__Z59	16	2x2	3	3	0	0	explicit
2-1s2-1s1s1__min.264__Z84	16	2x2x2	6	6	0	0	explicit
2-1s2-1s1s1__min.265__Z66	16	2x4x4	12	12	0	0	explicit
2-1s2-1s1s1__min.265__Z43	16	2x2x4	12	12	0	0	explicit
2-1s2-1s1s1__min.265__Z35	16	2x2x2	8	8	0	0	explicit
2-1s2-1s1s1__min.265__Z6	16	2x2x2x4x4	33	34	1	0	explicit
2-1s2-1s1s1__min.265__Z5	16	2x2x2x2	16	16	0	0	explicit
2-1s2-1s1s1__min.265__Z73	16	2x4	6	6	0	0	explicit
2-1s2-1s1s1__min.265__Z67	16	2x4	6	6	0	0	explicit
2-1s2-1s1s1__min.265__Z50	16	2x2x2x4	18	18	0	0	explicit
2-1s2-1s1s1__min.265__Z74	16	2x2x2	6	6	0	0	explicit
2-1s2-1s1s1__min.265__Z44	16	2x2x2	8	8	0	0	explicit
2-1s2-1s1s1__min.265__Z60	16	2x2	4	4	0	0	explicit
2-1s2-1s1s1__min.264__Z85	16	2x2x2x4	20	20	0	0	explicit
2-1s2-1s1s1__min.265__Z81	16	2x2x2	6	6	0	0	explicit
2-1s2-1s1s1__min.265__Z61	16	4x4	6	6	0	0	explicit
2-1s2-1s1s1__min.265__Z51	16	2x2x4x4	27	30	3	0	explicit
2-1s2-1s1s1__min.265__Z68	16	2x4	4	4	0	0	explicit
2-1s2-1s1s1__min.265__Z75	16	2x4	4	4	0	0	explicit
2-1s2-1s1s1__min.265__Z9	16	2x2x2x4	18	20	2	0	explicit
2-1s2-1s1s1__min.264__Z86	16	2x2x2x2	10	10	0	0	explicit
2-1s2-1s1s1__min.265__Z52	16	2x2x2x2x2x2	24	24	0	0	explicit
2-1s2-1s1s1__min.265__Z62	16	2x4	6	6	0	0	explicit
2-1s2-1s1s1__min.265__Z69	16	2x2x2	6	6	0	0	explicit
2-1s2-1s1s1__min.265__Z76	16	2	2	2	0	0	explicit
2-1s2-1s1s1__min.268__Z26	16	2x2x2x2x2x4	60	72	12	0	explicit
2-1s2-1s1s1__min.265__Z53	16	2x2x2x2	12	12	0	0	explicit
2-1s2-1s1s1__min.268__Z1	16	2x2x2x2x4x4	108	120	12	0	explicit
2-1s2-1s1s1__min.265__Z7	16	2x2x2x4	24	24	0	0	explicit
2-1s2-1s1s1__min.265__Z77	16	2x2x2	6	6	0	0	explicit
2-1s2-1s1s1__min.268__Z35	16	2x2x2x2x4	36	36	0	0	explicit
2-1s2-1s1s1__min.268__Z17	16	2x2x2x2x2x4	72	72	0	0	explicit
2-1s2-1s1s1__min.268__Z27	16	2x2x2	6	8	2	0	explicit
2-1s2-1s1s1__min.265__Z70	16	4x4	6	6	0	0	explicit
2-1s2-1s1s1__min.268__Z36	16	2x2x2x2x4	36	36	0	0	explicit
2-1s2-1s1s1__min.265__Z78	16	2x4	4	4	0	0	explicit
2-1s2-1s1s1__min.268__Z10	16	2x2x2x2x4	48	48	0	0	explicit
2-1s2-1s1s1__min.268__Z18	16	2x2x2x2x2	32	32	0	0	explicit
2-1s2-1s1s1__min.265__Z71	16	2	2	2	0	0	explicit
2-1s2-1s1s1__min.268__Z28	16	2x2x2x2x2x4x4	216	240	24	0	explicit
2-1s2-1s1s1__min.268__Z37	16	2x2x2x2x4	36	36	0	0	explicit
2-1s2-1s1s1__min.265__Z79	16	2x2	4	4	0	0	explicit
2-1s2-1s1s1__min.268__Z11	16	2x2x2x2x2	24	24	0	0	explicit
2-1s2-1s1s1__min.268__Z44	16	2x2x4x4	30	32	2	0	explicit
2-1s2-1s1s1__min.268__Z19	16	2x2x2x2x2	24	24	0	0	explicit
2-1s2-1s1s1__min.268__Z29	16	2x2x2x2x2x4	72	72	0	0	explicit
2-1s2-1s1s1__min.265__Z8	16	2x2x2x2	10	10	0	0	explicit
2-1s2-1s1s1__min.268__Z38	16	2x2x2x2x2	24	24	0	0	explicit
2-1s2-1s1s1__min.268__Z12	16	2x2x2x2	16	16	0	0	explicit
2-1s2-1s1s1__min.268__Z2	16	2x2x2x2x4	36	36	0	0	explicit
2-1s2-1s1s1__min.268__Z45	16	2x2x2x4	24	24	0	0	explicit
2-1s2-1s1s1__min.269__Z11	16	2x2x2x2	12	12	0	0	explicit
2-1s2-1s1s1__min.268__Z3	16	2x2x2x2x4	48	48	0	0	explicit
2-1s2-1s1s1__min.269__Z20	16	2x2x2x2	12	12	0	0	explicit
2-1s2-1s1s1__min.268__Z13	16	2x2x2x2x4	30	36	6	0	explicit
2-1s2-1s1s1__min.265__Z80	16	2x4x4	12	12	0	0	explicit
2-1s2-1s1s1__min.268__Z20	16	2x2x2x2x4	30	36	6	0	explicit
2-1s2-1s1s1__min.268__Z39	16	2x2x2x2x2	24	24	0	0	explicit
2-1s2-1s1s1__min.269__Z12	16	2x2x2	8	8	0	0	explicit
2-1s2-1s1s1__min.268__Z46	16	2x2x2x4	18	20	2	0	explicit
2-1s2-1s1s1__min.268__Z30	16	2x2x2x2x2x4	96	96	0	0	explicit
2-1s2-1s1s1__min.269__Z21	16	2x2x2x2x2	24	24	0	0	explicit
2-1s2-1s1s1__min.268__Z53	16	2x2x4x4	36	40	4	0	explicit
2-1s2-1s1s1__min.268__Z4	16	2x2x2x2x4	30	36	6	0	explicit
2-1s2-1s1s1__min.268__Z14	16	2x2x2x2x2x4	72	72	0	0	explicit
2-1s2-1s1s1__min.268__Z21	16	2x2x2x2x2x4	60	72	12	0	explicit
2-1s2-1s1s1__min.269__Z13	16	2x2x2x2	12	12	0	0	explicit
2-1s2-1s1s1__min.268__Z47	16	2x2x2x4	15	18	3	0	explicit
2-1s2-1s1s1__min.268__Z31	16	2x2x2x2x2x4	60	72	12	0	explicit
2-1s2-1s1s1__min.269__Z22	16	2x2x2x2	12	12	0	0	explicit
2-1s2-1s1s1__min.268__Z54	16	2x2x4	12	12	0	0	explicit
2-1s2-1s1s1__min.268__Z15	16	2x2x2x2x2	24	24	0	0	explicit
2-1s2-1s1s1__min.269__Z14	16	2x2x2x2x2	24	24	0	0	explicit
2-1s2-1s1s1__min.268__Z22	16	2x2x2x2x4	30	36	6	0	explicit
2-1s2-1s1s1__min.268__Z48	16	2x2x4x4	27	30	3	0	explicit
2-1s2-1s1s1__min.268__Z32	16	2x2x2x2x2	32	32	0	0	explicit
2-1s2-1s1s1__min.269__Z23	16	2x2x2x2	12	12	0	0	explicit
2-1s2-1s1s1__min.268__Z55	16	2x2x4	12	12	0	0	explicit
2-1s2-1s1s1__min.269__Z15	16	2x2x2x2	16	16	0	0	explicit
2-1s2-1s1s1__min.268__Z16	16	2x2x2x2x2	24	24	0	0	explicit
2-1s2-1s1s1__min.268__Z23	16	2x2x2x2x2	24	24	0	0	explicit
2-1s2-1s1s1__min.268__Z49	16	2x2x2x4	15	18	3	0	explicit
2-1s2-1s1s1__min.268__Z33	16	2x2x2x4x4	54	60	6	0	explicit
2-1s2-1s1s1__min.268__Z56	16	2x4	5	6	1	0	explicit
2-1s2-1s1s1__min.268__Z62	16	2x2x4	10	12	2	0	explicit
2-1s2-1s1s1__min.268__Z24	16	2x2x2x2x2	32	32	0	0	explicit
2-1s2-1s1s1__min.269__Z16	16	2x2x2x2	12	12	0	0	explicit
2-1s2-1s1s1__min.268__Z5	16	2x2x2x2	16	16	0	0	explicit
2-1s2-1s1s1__min.268__Z34	16	2x2x2x4x4	54	60	6	0	explicit
2-1s2-1s1s1__min.268__Z40	16	2x2x2x2x2x4	60	72	12	0	explicit
2-1s2-1s1s1__min.268__Z57	16	2x2x4x4	27	30	3	0	explicit
2-1s2-1s1s1__min.268__Z25	16	2x2x2x2x2	24	24	0	0	explicit
2-1s2-1s1s1__min.268__Z63	16	2x2x4	10	12	2	0	explicit
2-1s2-1s1s1__min.269__Z17	16	2x2x2x2x4	36	36	0	0	explicit
2-1s2-1s1s1__min.268__Z50	16	2x2x4	9	10	1	0	explicit
2-1s2-1s1s1__min.268__Z41	16	2x2x4x4	27	30	3	0	explicit
2-1s2-1s1s1__min.269__Z18	16	2x2x2x2	12	12	0	0	explicit
2-1s2-1s1s1__min.268__Z58	16	2x2x4x4	36	40	4	0	explicit
2-1s2-1s1s1__min.268__Z64	16	2x2x4	10	12	2	0	explicit
2-1s2-1s1s1__min.268__Z51	16	2x2x4	12	12	0	0	explicit
2-1s2-1s1s1__min.268__Z42	16	2x2x2x2	12	12	0	0	explicit
2-1s2-1s1s1__min.269__Z19	16	2x2x2x2	12	12	0	0	explicit
2-1s2-1s1s1__min.268__Z52	16	2x2x4	10	10	0	0	explicit
2-1s2-1s1s1__min.268__Z59	16	2x2x4	12	12	0	0	explicit
2-1s2-1s1s1__min.268__Z65	16	2x2x4	10	12	2	0	explicit
2-1s2-1s1s1__min.269__Z2	16	2x2x2x2	16	16	0	0	explicit
2-1s2-1s1s1__min.268__Z43	16	2x2x2x2	12	12	0	0	explicit
2-1s2-1s1s1__min.269__Z24	16	2x2x2x2	12	12	0	0	explicit
2-1s2-1s1s1__min.268__Z6	16	2x2x2x2x4x4	108	120	12	0	explicit
2-1s2-1s1s1__min.268__Z66	16	2x2x4x4	36	40	4	0	explicit
2-1s2-1s1s1__min.269__Z39	16	2x2x2x2	12	12	0	0	explicit
2-1s2-1s1s1__min.268__Z60	16	2x2x4x4	36	40	4	0	explicit
2-1s2-1s1s1__min.269__Z3	16	2x2x2x4	18	18	0	0	explicit
2-1s2-1s1s1__min.269__Z25	16	2x2x2x2	16	16	0	0	explicit
2-1s2-1s1s1__min.269__Z4	16	2x2x2x2	12	12	0	0	explicit
2-1s2-1s1s1__min.268__Z7	16	2x2x2x2x2x4	72	72	0	0	explicit
2-1s2-1s1s1__min.269__Z30	16	2x2x2x2x4	36	36	0	0	explicit
2-1s2-1s1s1__min.269__Z40	16	2x2x2x2x2	24	24	0	0	explicit
2-1s2-1s1s1__min.268__Z61	16	2x2x4	12	12	0	0	explicit
2-1s2-1s1s1__min.269__Z26	16	2x2x2x2x2	24	24	0	0	explicit
2-1s2-1s1s1__min.269__Z31	16	2x2x2x2x2	24	24	0	0	explicit
2-1s2-1s1s1__min.268__Z8	16	2x2x2x2x4	36	36	0	0	explicit
2-1s2-1s1s1__min.269__Z41	16	2x2x4	12	12	0	0	explicit
2-1s2-1s1s1__min.269__Z48	16	2x2x4	9	9	0	0	explicit
2-1s2-1s1s1__min.269__Z27	16	2x2	3	4	1	0	explicit
2-1s2-1s1s1__min.269__Z32	16	2x2x2x2	16	16	0	0	explicit
2-1s2-1s1s1__min.269__Z42	16	2x2x2	8	8	0	0	explicit
2-1s2-1s1s1__min.268__Z9	16	2x2x2x2x2x4	72	72	0	0	explicit
2-1s2-1s1s1__min.269__Z33	16	2x2x2x4	18	18	0	0	explicit
2-1s2-1s1s1__min.269__Z28	16	2x2x2x2x2x4	72	72	0	0	explicit
2-1s2-1s1s1__min.269__Z49	16	2x2x2	6	6	0	0	explicit
2-1s2-1s1s1__min.269__Z1	16	2x2x2x2x4	36	36	0	0	explicit
2-1s2-1s1s1__min.269__Z43	16	2x2x2	8	8	0	0	explicit
2-1s2-1s1s1__min.269__Z34	16	2x2x2x4	18	18	0	0	explicit
2-1s2-1s1s1__min.269__Z5	16	2x2x2	8	8	0	0	explicit
2-1s2-1s1s1__min.269__Z29	16	2x2x2x2x2	32	32	0	0	explicit
2-1s2-1s1s1__min.269__Z44	16	2x2x4	9	9	0	0	explicit
2-1s2-1s1s1__min.269__Z10	16	2x2x2x4	18	18	0	0	explicit
2-1s2-1s1s1__min.269__Z35	16	2x2x2x2	12	12	0	0	explicit
2-1s2-1s1s1__min.269__Z45	16	2x2x4	9	9	0	0	explicit
2-1s2-1s1s1__min.269__Z50	16	2x2	4	4	0	0	explicit
2-1s2-1s1s1__min.269__Z36	16	2x2x2x4	18	18	0	0	explicit
2-1s2-1s1s1__min.269__Z46	16	2x2x2	6	6	0	0	explicit
2-1s2-1s1s1__min.269__Z51	16	2x4	6	6	0	0	explicit
2-1s2-1s1s1__min.269__Z37	16	2x2x2x4	18	18	0	0	explicit
2-1s2-1s1s1__min.269__Z47	16	2x2x2	6	6	0	0	explicit
2-1s2-1s1s1__min.269__Z52	16	2x2	4	4	0	0	explicit
2-1s2-1s1s1__min.269__Z38	16	2x2x2x2	12	12	0	0	explicit
2-1s2-1s1s1__min.269__Z53	16	2x2x4	12	12	0	0	explicit
2-1s2-1s1s1__min.269__Z54	16	2x4	6	6	0	0	explicit
2-1s2-1s1s1__min.269__Z57	16	2x2x4	9	9	0	0	explicit
2-1s2-1s1s1__min.269__Z55	16	2x4	6	6	0	0	explicit
2-1s2-1s1s1__min.269__Z66	16	2x2x4	12	12	0	0	explicit
2-1s2-1s1s1__min.270__Z15	16	2x4x4	18	20	2	0	explicit
2-1s2-1s1s1__min.269__Z58	16	2x2x4	12	12	0	0	explicit
2-1s2-1s1s1__min.269__Z56	16	4	3	3	0	0	explicit
2-1s2-1s1s1__min.269__Z7	16	2x2x2x2x2	24	24	0	0	explicit
2-1s2-1s1s1__min.270__Z16	16	2x4x4	15	16	1	0	explicit
2-1s2-1s1s1__min.269__Z59	16	2x4	6	6	0	0	explicit
2-1s2-1s1s1__min.269__Z8	16	2x2x2x2	16	16	0	0	explicit
2-1s2-1s1s1__min.270__Z17	16	2x4x4	18	20	2	0	explicit
2-1s2-1s1s1__min.269__Z6	16	2x2x2x2x4	36	36	0	0	explicit
2-1s2-1s1s1__min.269__Z9	16	2x2x2x2x4	36	36	0	0	explicit
2-1s2-1s1s1__min.270__Z18	16	2x2x4	12	12	0	0	explicit
2-1s2-1s1s1__min.270__Z24	16	2x2x4	12	12	0	0	explicit
2-1s2-1s1s1__min.269__Z60	16	2x2x4	12	12	0	0	explicit
2-1s2-1s1s1__min.270__Z7	16	2x2x4x4	36	36	0	0	explicit
2-1s2-1s1s1__min.270__Z1	16	2x2x2x4x4	72	80	8	0	explicit
2-1s2-1s1s1__min.271__Z25	16	2x2	4	4	0	0	explicit
2-1s2-1s1s1__min.269__Z61	16	2x2	4	4	0	0	explicit
2-1s2-1s1s1__min.270__Z19	16	2x2x4	10	10	0	0	explicit
2-1s2-1s1s1__min.270__Z25	16	2x2x4	12	12	0	0	explicit
2-1s2-1s1s1__min.270__Z10	16	2x2x2x4	24	24	0	0	explicit
2-1s2-1s1s1__min.269__Z62	16	2x2	4	4	0	0	explicit
2-1s2-1s1s1__min.270__Z8	16	2x2x2x4	24	24	0	0	explicit
2-1s2-1s1s1__min.271__Z26	16	2x4	5	5	0	0	explicit
2-1s2-1s1s1__min.270__Z2	16	2x2x4x4	36	40	4	0	explicit
2-1s2-1s1s1__min.270__Z26	16	2x4x4	18	20	2	0	explicit
2-1s2-1s1s1__min.269__Z63	16	2x2	4	4	0	0	explicit
2-1s2-1s1s1__min.271__Z27	16	2	2	2	0	0	explicit
2-1s2-1s1s1__min.270__Z9	16	2x2x4x4	36	40	4	0	explicit
2-1s2-1s1s1__min.270__Z11	16	2x2x2x4	20	20	0	0	explicit
2-1s2-1s1s1__min.270__Z20	16	2x2x4	12	12	0	0	explicit
2-1s2-1s2-1__group.1534__Z4	128	2x2x2x2x2x2	16	18	2	0	explicit
2-1s2-1s1s1__min.270__Z27	16	2x4	6	6	0	0	explicit
2-1s2-1s1s1__min.269__Z64	16	2x2	4	4	0	0	explicit
2-1s2-1s1s1__min.271__Z1	16	2x2x2x2	16	16	0	0	explicit
2-1s2-1s1s1__min.271__Z28	16	2	2	2	0	0	explicit
2-1s2-1s1s1__min.270__Z21	16	2x2x2x4	24	24	0	0	explicit
2-1s2-1s1s1__min.270__Z12	16	2x2x2x2	16	16	0	0	explicit
2-1s2-1s2-1__group.1516__Z12	128	2x2x2x2x2x2	64	64	0	0	explicit
2-1s2-1s1s1__min.270__Z28	16	2x2	4	4	0	0	explicit
2-1s2-1s1s1__min.271__Z29	16	2	2	2	0	0	explicit
2-1s2-1s1s1__min.269__Z65	16	2x2	4	4	0	0	explicit
2-1s2-1s1s1__min.271__Z10	16	2x2x2	8	8	0	0	explicit
2-1s2-1s2-1__group.1516__Z4	128	2x2x2x2x2	18	18	0	0	explicit
2-1s2-1s1s1__min.270__Z22	16	2x2x4	12	12	0	0	explicit
2-1s2-1s1s1__min.270__Z13	16	2x4x4	18	20	2	0	explicit
2-1s2-1s1s1__min.271__Z3	16	2x2x4	12	12	0	0	explicit
2-1s2-1s1s1__min.271__Z8	16	2x2x2	8	8	0	0	explicit
2-1s2-1s1s1__min.270__Z29	16	2x4	6	6	0	0	explicit
2-1s2-1s1s1__min.271__Z11	16	2x2x2	8	8	0	0	explicit
2-1s2-1s1s1__min.271__Z16	16	2x2	4	4	0	0	explicit
2-1s2-1s1s1__min.271__Z4	16	2x2x2	8	8	0	0	explicit
2-1s2-1s1s1__min.270__Z23	16	2x2x4	10	10	0	0	explicit
2-1s2-1s1s1__min.270__Z14	16	4x4x4	27	30	3	0	explicit
2-1s2-1s1s1__min.270__Z3	16	2x2x2x4	24	24	0	0	explicit
2-1s2-1s1s1__min.271__Z12	16	2x2x2	8	8	0	0	explicit
2-1s2-1s1s1__min.271__Z5	16	2x2x2	8	8	0	0	explicit
2-1s2-1s1s1__min.271__Z17	16	2x4	6	6	0	0	explicit
2-1s2-1s2-1__group.1534__Z5	128	2x2x2x2	6	6	0	0	explicit
2-1s2-1s1s1__min.270__Z4	16	2x2x2x4	24	24	0	0	explicit
2-1s2-1s1s1__min.271__Z9	16	2x2x2	8	8	0	0	explicit
2-1s2-1s1s1__min.271__Z13	16	2x4	6	6	0	0	explicit
2-1s2-1s1s1__min.271__Z6	16	2x2x2	8	8	0	0	explicit
2-1s2-1s1s1__min.271__Z18	16	2x4	6	6	0	0	explicit
2-1s2-1s1s1__min.270__Z5	16	2x2x2x2	16	16	0	0	explicit
2-1s2-1s1s1__min.271__Z7	16	2x2x2	8	8	0	0	explicit
2-1s2-1s1s1__min.271__Z14	16	2x4	6	6	0	0	explicit
2-1s2-1s2-1__group.1516__Z13	128	2x2x2x2	16	16	0	0	explicit
2-1s2-1s1s1__min.271__Z19	16	2x4	6	6	0	0	explicit
2-1s2-1s1s1__min.270__Z6	16	2x2x4x4	36	40	4	0	explicit
2-1s2-1s2-1__group.1516__Z5	128	2x2x2x2x2x2	40	40	0	0	explicit
2-1s2-1s1s1__min.271__Z15	16	2x2	4	4	0	0	explicit
2-1s2-1s1s1__min.271__Z2	16	2x2x2	8	8	0	0	explicit
2-1s2-1s1s1__min.271__Z20	16	2x2	4	4	0	0	explicit
2-1s2-1s2-1__group.1539__Z5	128	2x2x2x2	16	16	0	0	explicit
2-1s2-1s2-1__group.1548__Z5	32	2x2	3	3	0	0	explicit
2-1s2-1s2-1__group.1534__Z6	128	2x2x2x2x2x2x2x2x2	272	272	0	0	explicit
2-1s2-1s1s1__min.271__Z21	16	2x2x2	6	6	0	0	explicit
2-1s2-1s1s1__min.271__Z22	16	2x2	4	4	0	0	explicit
2-1s2-1s2-1__group.1549__Z1	32	2x2x2x2x2x2	30	30	0	0	explicit
2-1s2-1s2-1__group.1516__Z14	128	2x2x2x2x2x2	48	48	0	0	explicit
2-1s2-1s1s1__min.271__Z23	16	2x2	4	4	0	0	explicit
2-1s2-1s2-1__group.1550__Z2	32	2x2x2x2x2x2x2	39	39	0	0	explicit
2-1s2-1s2-1__group.1516__Z6	128	2x2x2x2x2	20	20	0	0	explicit
2-1s2-1s1s1__min.271__Z24	16	2x4	5	5	0	0	explicit
2-1s2-1s2-1__group.1509__Z1	128	2x2x2x2x2x2x2x2x2	272	272	0	0	explicit
2-1s2-1s2-1__group.1550__Z10	32	2x2	4	4	0	0	explicit
2-1s2-1s2-1__group.1549__Z2	32	2x2x2x2x2x2	28	28	0	0	explicit
1s1s1s1s1s1__group.1075__Z35	32	2x2x2x2x2x2x2x2x2x2x2x2x2x2	418	418	0	0	explicit
2-1s2-1s2-1__group.1550__Z20	32	2x2x2x2	9	9	0	0	explicit
2-1s2-1s2-1__group.1534__Z7	128	2x2x2x2x2x2x2	64	64	0	0	explicit
2-1s2-1s2-1__group.1539__Z6	128	2x2x2x2x2	32	32	0	0	explicit
2-1s2-1s2-1__group.1550__Z11	32	2x2x2x2x2	20	20	0	0	explicit
2-1s2-1s2-1__group.1516__Z15	128	2x2x2x2x2x2x2x2x2	272	272	0	0	explicit
2-1s2-1s2-1__group.1549__Z3	32	2x2x2x2	16	16	0	0	explicit
2-1s2-1s2-1__group.1509__Z2	128	2x2x2x2x2x2	48	48	0	0	explicit
2-1s2-1s2-1__group.1516__Z7	128	2x2x2	6	6	0	0	explicit
2-1s2-1s2-1__group.1550__Z29	32	2x2x2	4	4	0	0	explicit
2-1s2-1s2-1__group.1550__Z21	32	2x2x2x2	9	9	0	0	explicit
2-1s2-1s2-1__group.1534__Z8	128	2x2x2x2x2x2	64	64	0	0	explicit
2-1s2-1s2-1__group.1550__Z12	32	2x2x2x2	9	9	0	0	explicit
2-1s2-1s2-1__group.1550__Z3	32	2x2x2x2x2x2	36	36	0	0	explicit
2-1s2-1s2-1__group.1509__Z3	128	2x2x2x2x2x2	64	64	0	0	explicit
2-1s2-1s2-1__group.1549__Z4	32	2x2x2x2	9	9	0	0	explicit
2-1s2-1s2-1__group.1552__Z10	32	2x2x2x2	12	12	0	0	explicit
2-1s2-1s2-1__group.1550__Z22	32	2x2x2x2x2	20	20	0	0	explicit
2-1s2-1s2-1__group.1516__Z16	128	2x2x2x2x2x2x2x2x2x2	336	336	0	0	explicit
2-1s2-1s2-1__group.1516__Z8	128	2x2x2x2x2x2	40	40	0	0	explicit
2-1s2-1s2-1__group.1550__Z30	32	2x2x2x2	8	8	0	0	explicit
2-1s2-1s2-1__group.1534__Z9	128	2x2x2x2	12	12	0	0	explicit
2-1s2-1s2-1__group.1550__Z23	32	2x2x2x2x2x2x2	31	31	0	0	explicit
2-1s2-1s2-1__group.1543__Z1	256	2x2x2x2x2x2x2x2x2x2x2x2	720	720	0	0	explicit
2-1s2-1s2-1__group.1550__Z13	32	2x2x2x2x2	20	20	0	0	explicit
2-1s2-1s2-1__group.1550__Z4	32	2x2x2x2x2x2	19	19	0	0	explicit
2-1s2-1s2-1__group.1509__Z4	128	2x2x2x2	12	12	0	0	explicit
2-1s2-1s2-1__group.1549__Z5	32	2x2x2	6	6	0	0	explicit
2-1s2-1s2-1__group.1516__Z17	128	2x2x2x2x2x2x2	96	96	0	0	explicit
2-1s2-1s2-1__group.1550__Z24	32	2x2x2x2x2x2x2x2	68	68	0	0	explicit
2-1s2-1s2-1__group.1566__Z1	64	2x2x2x2x2x2x2x2x2	132	132	0	0	explicit
2-1s2-1s2-1__group.1550__Z14	32	2x2x2x2x2x2x2x2	96	96	0	0	explicit
2-1s2-1s2-1__group.1550__Z5	32	2x2x2x2x2	20	20	0	0	explicit
2-1s2-1s2-1__group.1539__Z1	128	2x2x2x2x2x2x2x2x2	512	512	0	0	explicit
2-1s2-1s2-1__group.1516__Z9	128	2x2x2x2x2x2x2x2x2x2	768	768	0	0	explicit
2-1s2-1s2-1__group.1550__Z25	32	2x2x2x2x2x2x2	38	38	0	0	explicit
2-1s2-1s2-1__group.1509__Z5	128	2x2x2x2x2	20	20	0	0	explicit
2-1s2-1s2-1__group.1550__Z6	32	2x2x2x2	9	9	0	0	explicit
2-1s2-1s2-1__group.1566__Z10	64	2x2x2x2x2	16	16	0	0	explicit
2-1s2-1s2-1__group.1550__Z15	32	2x2x2x2x2	20	20	0	0	explicit
2-1s2-1s2-1__group.1516__Z18	128	2x2x2x2x2x2x2	48	48	0	0	explicit
2-1s2-1s2-1__group.1549__Z6	32	2x2x2x2	9	9	0	0	explicit
2-1s2-1s2-1__group.1543__Z2	256	2x2x2x2x2x2x2x2	144	144	0	0	explicit
2-1s2-1s2-1__group.1552__Z11	32	2x2x2	8	8	0	0	explicit
2-1s2-1s2-1__group.1534__Z1	128	2x2x2x2x2x2x2x2x2	104	104	0	0	explicit
2-1s2-1s2-1__group.1550__Z26	32	2x2x2x2x2x2x2	25	25	0	0	explicit
2-1s2-1s2-1__group.1550__Z7	32	2x2x2x2	9	9	0	0	explicit
2-1s2-1s2-1__group.1550__Z16	32	2x2x2x2x2x2x2x2	80	80	0	0	explicit
2-1s2-1s2-1__group.1566__Z11	64	2x2x2x2x2x2	40	40	0	0	explicit
2-1s2-1s2-1__group.1550__Z27	32	2x2x2x2	8	8	0	0	explicit
2-1s2-1s2-1__group.1516__Z19	128	2x2x2x2x2x2x2x2	84	84	0	0	explicit
2-1s2-1s2-1__group.1552__Z4	32	2x2x2x2	12	12	0	0	explicit
2-1s2-1s2-1__group.1566__Z7	64	2x2x2	6	6	0	0	explicit
2-1s2-1s2-1__group.1550__Z8	32	2x2x2x2x2	20	20	0	0	explicit
2-1s2-1s2-1__group.1550__Z17	32	2x2x2x2x2	18	18	0	0	explicit
2-1s2-1s2-1__group.1566__Z12	64	2x2x2	6	6	0	0	explicit
2-1s2-1s2-1__group.1534__Z10	128	2x2x2x2x2x2	30	30	0	0	explicit
2-1s2-1s2-1__group.1539__Z2	128	2x2x2x2x2x2	64	64	0	0	explicit
2-1s2-1s2-1__group.1550__Z28	32	2x2x2x2x2x2x2x2	50	50	0	0	explicit
2-1s2-1s2-1__group.1543__Z3	256	2x2x2x2x2	10	10	0	0	explicit
2-1s2-1s2-1__group.1516__Z1	128	2x2x2x2x2x2x2x2x2x2x2	672	672	0	0	explicit
2-1s2-1s2-1__group.1549__Z7	32	2x2	3	3	0	0	explicit
2-1s2-1s2-1__group.1516__Z2	128	2x2x2x2x2x2x2	72	72	0	0	explicit
2-1s2-1s2-1__group.1550__Z9	32	2x2	3	3	0	0	explicit
2-1s2-1s2-1__group.1552__Z12	32	2x2	4	4	0	0	explicit
2-1s2-1s2-1__group.1550__Z18	32	2x2x2x2x2	14	15	1	0	explicit
2-1s2-1s2-1__group.1566__Z13	64	2x2x2x2x2	12	12	0	0	explicit
2-1s2-1s2-1__group.1566__Z8	64	2x2x2x2x2	24	24	0	0	explicit
2-1s2-1s2-1__group.1534__Z2	128	2x2x2x2x2x2x2	64	64	0	0	explicit
2-1s2-1s2-1__group.1550__Z19	32	2x2x2x2x2	20	20	0	0	explicit
2-1s2-1s2-1__group.1516__Z10	128	2x2x2x2x2x2	64	64	0	0	explicit
2-1s2-1s2-1__group.1552__Z5	32	2x2x2x2	16	16	0	0	explicit
2-1s2-1s2-1__group.1552__Z1	32	2x2x2x2x2x2	40	40	0	0	explicit
2-1s2-1s2-1__group.1552__Z13	32	2x2x2x2x2x2	36	36	0	0	explicit
2-1s2-1s2-1__group.1543__Z4	256	2x2x2x2x2x2x2	32	32	0	0	explicit
2-1s2-1s2-1__group.1516__Z3	128	2x2x2x2x2x2x2	96	96	0	0	explicit
2-1s2-1s2-1__group.1549__Z8	32	2x2x2	6	6	0	0	explicit
2-1s2-1s2-1__group.1566__Z9	64	2x2x2x2x2x2x2x2x2	114	114	0	0	explicit
2-1s2-1s2-1__group.1566__Z2	64	2x2x2x2x2x2x2x2x2	184	184	0	0	explicit
2-1s2-1s2-1__group.1548__Z1	32	2x2x2x2x2x2	11	11	0	0	explicit
2-1s2-1s2-1__group.1534__Z3	128	2x2x2x2x2x2x2	22	22	0	0	explicit
2-1s2-1s2-1__group.1539__Z3	128	2x2x2x2x2x2	64	64	0	0	explicit
2-1s2-1s2-1__group.1552__Z6	32	2x2x2	8	8	0	0	explicit
2-1s2-1s2-1__group.1550__Z1	32	2x2x2x2x2x2x2x2x2	124	124	0	0	explicit
2-1s2-1s2-1__group.1548__Z2	32	2x2x2x2	12	12	0	0	explicit
2-1s2-1s2-1__group.1552__Z14	32	2x2x2	6	6	0	0	explicit
2-1s2-1s2-1__group.1566__Z3	64	2x2x2x2x2x2	36	36	0	0	explicit
2-1s2-1s2-1__group.1516__Z11	128	2x2x2x2x2x2x2x2	160	160	0	0	explicit
2-1s2-1s2-1__group.1568__Z1	64	2x2x2x2x2x2x2x2x2x2	204	204	0	0	explicit
2-1s2-1s2-1__group.1548__Z3	32	2x2x2x2	5	5	0	0	explicit
2-1s2-1s2-1__group.1539__Z4	128	2x2x2x2x2x2	64	64	0	0	explicit
2-1s2-1s2-1__group.1548__Z4	32	2x2x2x2	5	5	0	0	explicit
2-1s2-1s2-1__group.1568__Z10	64	2x2x2x2x2x2x2	38	38	0	0	explicit
2-1s2-1s2-1__group.1552__Z7	32	2x2x2x2	12	12	0	0	explicit
2-1s2-1s2-1__group.1568__Z16	64	2x2x2x2x2	16	16	0	0	explicit
2-1s2-1s2-1__group.1552__Z15	32	2x2x2x2	16	16	0	0	explicit
2-1s2-1s2-1__group.1568__Z25	64	2x2x2x2x2x2x2x2	26	26	0	0	explicit
2-1s2-1s2-1__group.1566__Z4	64	2x2x2x2x2x2	27	27	0	0	explicit
2-1s2-1s2-1__group.1568__Z11	64	2x2x2x2x2x2	11	11	0	0	explicit
2-1s2-1s2-1__group.1585__Z10	64	2x2x2x2x2x2x2	96	96	0	0	explicit
2-1s2-1s2-1__group.1568__Z17	64	2x2x2x2x2x2x2	32	32	0	0	explicit
2-1s2-1s2-1__group.1568__Z26	64	2x2x2x2x2x2x2x2x2x2	76	76	0	0	explicit
2-1s2-1s2-1__group.1552__Z16	32	2x2	3	3	0	0	explicit
2-1s2-1s2-1__group.1566__Z5	64	2x2x2x2x2	24	24	0	0	explicit
2-1s2-1s2-1__group.1568__Z12	64	2x2x2x2x2x2x2	44	44	0	0	explicit
2-1s2-1s2-1__group.1585__Z6	64	2x2x2x2	16	16	0	0	explicit
2-1s2-1s2-1__group.1568__Z18	64	2x2x2x2x2x2x2x2	78	78	0	0	explicit
2-1s2-1s2-1__group.1585__Z11	64	2x2x2x2x2x2x2	80	80	0	0	explicit
2-1s2-1s2-1__group.1568__Z3	64	2x2x2x2x2x2x2	60	60	0	0	explicit
2-1s2-1s2-1__group.1568__Z13	64	2x2x2	4	4	0	0	explicit
2-1s2-1s2-1__group.1552__Z8	32	2x2x2x2	12	12	0	0	explicit
2-1s2-1s2-1__group.1568__Z19	64	2x2x2x2x2	24	24	0	0	explicit
2-1s2-1s2-1__group.1597__Z19	64	2x2x2x2x2x2	24	24	0	0	explicit
2-1s2-1s2-1__group.1585__Z7	64	2x2x2x2	12	12	0	0	explicit
2-1s2-1s2-1__group.1568__Z4	64	2x2x2x2	9	9	0	0	explicit
2-1s2-1s2-1__group.1552__Z17	32	2x2x2	6	6	0	0	explicit
2-1s2-1s2-1__group.1597__Z1	64	2x2x2x2x2x2x2x2	88	88	0	0	explicit
2-1s2-1s2-1__group.1587__Z5	64	2x2x2x2x2	13	14	1	0	explicit
2-1s2-1s2-1__group.1597__Z2	64	2x2x2x2x2	18	18	0	0	explicit
2-1s2-1s2-1__group.1605__Z10	64	2x2x2x2x2x2x2	96	96	0	0	explicit
2-1s2-1s2-1__group.1568__Z14	64	2x2	4	4	0	0	explicit
2-1s2-1s2-1__group.1585__Z12	64	2x2x2x2x2x2	48	48	0	0	explicit
2-1s2-1s2-1__group.1568__Z5	64	2x2x2x2x2	16	16	0	0	explicit
2-1s2-1s2-1__group.1585__Z8	64	2x2	4	4	0	0	explicit
2-1s2-1s2-1__group.1597__Z10	64	2x2x2x2	16	16	0	0	explicit
2-1s2-1s2-1__group.1566__Z6	64	2x2x2x2x2x2	24	24	0	0	explicit
2-1s2-1s2-1__group.1605__Z2	64	2x2x2x2x2	24	24	0	0	explicit
2-1s2-1s2-1__group.1597__Z3	64	2x2x2x2x2	24	24	0	0	explicit
2-1s2-1s2-1__group.1568__Z2	64	2x2x2x2x2	18	18	0	0	explicit
2-1s2-1s2-1__group.1568__Z15	64	2x2x2	4	4	0	0	explicit
2-1s2-1s2-1__group.1605__Z11	64	2x2x2x2x2	24	24	0	0	explicit
2-1s2-1s2-1__group.1552__Z9	32	2x2	4	4	0	0	explicit
2-1s2-1s2-1__group.1587__Z6	64	2x2x2	6	6	0	0	explicit
2-1s2-1s2-1__group.1552__Z2	32	2x2x2x2x2x2	64	64	0	0	explicit
2-1s2-1s2-1__group.1568__Z6	64	2x2x2x2x2	12	12	0	0	explicit
2-1s2-1s2-1__group.1565__Z1	64	2x2x2x2x2x2	16	16	0	0	explicit
2-1s2-1s2-1__group.1597__Z11	64	2x2x2x2x2x2	40	40	0	0	explicit
2-1s2-1s2-1__group.1597__Z4	64	2x2x2x2	9	9	0	0	explicit
2-1s2-1s2-1__group.1605__Z20	64	2x2x2x2x2x2	40	40	0	0	explicit
2-1s2-1s2-1__group.1587__Z7	64	2x2x2x2x2x2x2	46	46	0	0	explicit
2-1s2-1s2-1__group.1585__Z9	64	2x2x2x2	16	16	0	0	explicit
2-1s2-1s2-1__group.1565__Z2	64	2x2x2x2	12	12	0	0	explicit
2-1s2-1s2-1__group.1552__Z3	32	2x2x2x2	16	16	0	0	explicit
2-1s2-1s2-1__group.1605__Z12	64	2x2x2x2x2x2	48	48	0	0	explicit
2-1s2-1s2-1__group.1597__Z5	64	2x2x2x2	12	12	0	0	explicit
2-1s2-1s2-1__group.1597__Z12	64	2x2x2x2	16	16	0	0	explicit
2-1s2-1s2-1__group.1565__Z3	64	2x2x2	4	4	0	0	explicit
2-1s2-1s2-1__group.1587__Z8	64	2x2x2x2x2	24	24	0	0	explicit
2-1s2-1s2-1__group.1585__Z13	64	2x2x2x2x2	24	24	0	0	explicit
2-1s2-1s2-1__group.1568__Z7	64	2x2x2x2x2	14	14	0	0	explicit
2-1s2-1s2-1__group.1605__Z21	64	2x2x2	8	8	0	0	explicit
2-1s2-1s2-1__group.1587__Z1	64	2x2x2x2x2x2x2	50	50	0	0	explicit
2-1s2-1s2-1__group.1565__Z4	64	2x2x2	4	4	0	0	explicit
2-1s2-1s2-1__group.1568__Z20	64	2x2x2x2x2x2x2x2x2x2	188	188	0	0	explicit
2-1s2-1s2-1__group.1597__Z6	64	2x2x2	6	6	0	0	explicit
2-1s2-1s2-1__group.1587__Z9	64	2x2x2x2x2	16	16	0	0	explicit
2-1s2-1s2-1__group.1605__Z13	64	2x2x2x2x2	24	24	0	0	explicit
2-1s2-1s2-1__group.1585__Z14	64	2x2x2x2x2	24	24	0	0	explicit
2-1s2-1s2-1__group.1587__Z10	64	2x2x2	6	6	0	0	explicit
2-1s2-1s2-1__group.1568__Z21	64	2x2x2x2x2	16	16	0	0	explicit
2-1s2-1s2-1__group.1588__Z1	64	2x2x2x2x2x2	36	36	0	0	explicit
2-1s2-1s2-1__group.1605__Z22	64	2x2x2x2x2	18	18	0	0	explicit
2-1s2-1s2-1__group.1568__Z8	64	2x2x2x2x2x2x2	44	44	0	0	explicit
2-1s2-1s2-1__group.1597__Z7	64	2x2	4	4	0	0	explicit
2-1s2-1s2-1__group.1606__Z12	64	2x2x2x2	5	6	1	0	explicit
2-1s2-1s2-1__group.1568__Z22	64	2x2x2x2x2x2x2	34	34	0	0	explicit
2-1s2-1s2-1__group.1597__Z13	64	2x2x2	8	8	0	0	explicit
2-1s2-1s2-1__group.1585__Z15	64	2x2x2x2x2x2	40	40	0	0	explicit
2-1s2-1s2-1__group.1605__Z14	64	2x2x2x2x2	24	24	0	0	explicit
2-1s2-1s2-1__group.1587__Z11	64	2x2x2x2x2	12	12	0	0	explicit
2-1s2-1s2-1__group.1605__Z23	64	2x2x2x2x2x2	64	64	0	0	explicit
2-1s2-1s2-1__group.1588__Z2	64	2x2x2x2	16	16	0	0	explicit
2-1s2-1s2-1__group.1568__Z23	64	2x2x2x2x2x2	16	16	0	0	explicit
2-1s2-1s2-1__group.1606__Z13	64	2x2x2x2x2x2	11	12	1	0	explicit
2-1s2-1s2-1__group.1597__Z8	64	2x2x2x2	12	12	0	0	explicit
2-1s2-1s2-1__group.1585__Z2	64	2x2x2x2x2	24	24	0	0	explicit
2-1s2-1s2-1__group.1588__Z3	64	2x2x2x2	12	12	0	0	explicit
2-1s2-1s2-1__group.1587__Z2	64	2x2x2x2x2	24	24	0	0	explicit
2-1s2-1s2-1__group.1568__Z9	64	2x2x2x2x2x2x2x2x2x2x2x2	228	228	0	0	explicit
2-1s2-1s2-1__group.1605__Z15	64	2x2x2x2x2	16	18	2	0	explicit
2-1s2-1s2-1__group.1605__Z24	64	2x2x2x2x2x2x2	80	80	0	0	explicit
2-1s2-1s2-1__group.1568__Z24	64	2x2x2x2x2x2x2x2	72	72	0	0	explicit
2-1s2-1s2-1__min.278__Z1	16	2x2x2	4	4	0	0	explicit
2-1s2-1s2-1__group.1585__Z3	64	2x2x2x2x2	24	24	0	0	explicit
2-1s2-1s2-1__group.1597__Z9	64	2x2x2x2x2x2x2	96	96	0	0	explicit
2-1s2-1s2-1__group.1588__Z4	64	2x2x2	6	6	0	0	explicit
2-1s2-1s2-1__group.1606__Z2	64	2x2x2x2x2x2x2	72	72	0	0	explicit
2-1s2-1s2-1__min.278__Z2	16	2x2	4	4	0	0	explicit
2-1s2-1s2-1__group.1605__Z25	64	2x2x2x2x2	32	32	0	0	explicit
2-1s2-1s2-1__group.1587__Z3	64	2x2x2x2x2x2	40	40	0	0	explicit
2-1s2-1s2-1__min.278__Z3	16	2x2	2	2	0	0	explicit
2-1s2-1s2-1__group.1588__Z5	64	2x2x2	6	6	0	0	explicit
2-1s2-1s2-1__min.278__Z4	16	2x2	3	3	0	0	explicit
2-1s2-1s2-1__group.1585__Z4	64	2x2x2x2x2x2	48	48	0	0	explicit
2-1s2-1s2-1__min.280__Z6	16	2x2x2	4	4	0	0	explicit
2-1s2-1s2-1__group.1605__Z16	64	2x2x2	6	8	2	0	explicit
2-1s2-1s2-1__group.1605__Z1	64	2x2x2x2x2x2x2x2	160	160	0	0	explicit
2-1s2-1s2-1__group.1597__Z14	64	2x2x2x2	12	12	0	0	explicit
2-1s2-1s2-1__group.1605__Z26	64	2x2x2x2x2	24	24	0	0	explicit
2-1s2-1s2-1__min.278__Z5	16	2	2	2	0	0	explicit
2-1s2-1s2-1__group.1605__Z3	64	2x2x2x2x2	24	24	0	0	explicit
2-1s2-1s2-1__group.1585__Z1	64	2x2x2x2x2x2x2x2	192	192	0	0	explicit
2-1s2-1s2-1__group.1606__Z3	64	2x2x2x2x2x2x2x2	120	120	0	0	explicit
2-1s2-1s2-1__group.1587__Z4	64	2x2x2x2x2	18	18	0	0	explicit
2-1s2-1s2-1__min.280__Z1	16	2x2x2x2x2x2	16	16	0	0	explicit
2-1s2-1s2-1__min.280__Z7	16	2	2	2	0	0	explicit
2-1s2-1s2-1__group.1597__Z15	64	2x2x2x2x2x2	36	36	0	0	explicit
2-1s2-1s2-1__group.1585__Z5	64	2x2x2x2	12	12	0	0	explicit
2-1s2-1s2-1__group.1605__Z17	64	2x2x2x2x2x2x2	96	96	0	0	explicit
2-1s2-1s2-1__group.1605__Z27	64	2x2x2x2x2	24	24	0	0	explicit
2-1s2-1s2-1__group.1605__Z4	64	2x2x2x2x2x2	36	36	0	0	explicit
2-1s2-1s2-1__min.280__Z2	16	2x2x2x2x2x2	20	20	0	0	explicit
2-1s2-1s2-1__group.1606__Z4	64	2x2x2x2x2x2	36	36	0	0	explicit
2-1s2-1s2-1__min.280__Z8	16	2x2x2	6	6	0	0	explicit
2-1s2-1s2-1__group.1597__Z16	64	2x2x2x2x2x2x2	52	52	0	0	explicit
2-1s2-1s2-1__min.280__Z3	16	2x2x2x2x2x2	8	8	0	0	explicit
2-1s2-1s2-1__group.1605__Z18	64	2x2x2x2x2	24	24	0	0	explicit
2-1s2-1s2-1__group.1605__Z28	64	2x2x2x2x2x2	40	40	0	0	explicit
2-1s2-1s2-1__min.280__Z9	16	2x2x2	4	4	0	0	explicit
2-1s2-1s2-1__group.1605__Z5	64	2x2x2x2	12	12	0	0	explicit
2-1s2-1s2-1__min.281__Z7	16	2x2	4	4	0	0	explicit
2-1s2-1s2-1__min.280__Z4	16	2x2x2	6	6	0	0	explicit
2-1s2-1s2-1__group.1597__Z17	64	2x2x2x2x2	24	24	0	0	explicit
2-1s2-1s2-1__min.284__Z3	32	2x2x2x2	12	12	0	0	explicit
2-1s2-1s2-1__group.1606__Z5	64	2x2x2x2x2x2	36	36	0	0	explicit
2-1s2-1s2-1__min.281__Z1	16	2x2x2	6	6	0	0	explicit
2-1s2-1s2-1__group.1605__Z19	64	2x2x2x2	16	16	0	0	explicit
2-1s2-1s2-1__min.280__Z5	16	2x2x2x2x2x2	8	8	0	0	explicit
2-1s2-1s2-1__min.281__Z8	16	2x2	3	3	0	0	explicit
2-1s2-1s2-1__min.288__Z12	32	2x2x2x2	5	6	1	0	explicit
2-1s2-1s2-1__group.1605__Z6	64	2x2x2x2	16	16	0	0	explicit
2-1s2-1s2-1__min.281__Z2	16	2x2x2	6	6	0	0	explicit
2-1s2-1s2-1__group.1597__Z18	64	2x2x2x2x2	16	16	0	0	explicit
2-1s2-1s2-1__min.284__Z4	32	2x2x2x2	9	9	0	0	explicit
2-1s2-1s2-1__min.288__Z13	32	2x2x2x2	5	6	1	0	explicit
2-1s2-1s2-1__group.1606__Z6	64	2x2x2x2x2	24	24	0	0	explicit
2-1s2-1s2-1__min.281__Z3	16	2x2	4	4	0	0	explicit
2-2c2-2s1c1__group.1638__Z2	12	2x2x2x2	5	5	0	0	explicit
2-1s2-1s2-1__min.284__Z5	32	2x2x2	6	6	0	0	explicit
2-1s2-1s2-1__min.281__Z9	16	2	2	2	0	0	explicit
2-1s2-1s2-1__min.288__Z14	32	2x2	3	4	1	0	explicit
2-1s2-1s2-1__group.1605__Z7	64	2x2x2x2	12	12	0	0	explicit
2-2c2-2s1c1__group.1639__Z1	12	2x2	2	2	0	0	explicit
2-2c2-2s1c1__group.1639__Z2	12	2x2	2	2	0	0	explicit
2-1s2-1s2-1__min.281__Z4	16	2x2	3	3	0	0	explicit
2-2c2-2s2-1__group.1656__Z1	24	2	2	2	0	0	explicit
2-2c2-2s1c1__group.1639__Z3	12	2x2	2	2	0	0	explicit
2-1s2-1s2-1__min.284__Z1	32	2x2x2x2x2x2	21	21	0	0	explicit
2-2c2-2s2-1__group.1656__Z2	24	2	2	2	0	0	explicit
2-1s2-1s2-1__min.288__Z2	32	2x2x2x2	12	12	0	0	explicit
2-1s2-1s2-1__min.284__Z6	32	2x2x2x2	9	9	0	0	explicit
2-1s2-1s2-1__group.1606__Z7	64	2x2x2x2x2x2	40	40	0	0	explicit
2-2c2-2s2-1__group.1656__Z3	24	2	2	2	0	0	explicit
2-2c2-2s1c1__group.1640__Z1	24	2x2x2x2	5	5	0	0	explicit
2-2c2-2s2-1__group.1657__Z1	24	2	2	2	0	0	explicit
2-2c2-2s2-1__group.1657__Z2	24	2	2	2	0	0	explicit
2-1s2-1s2-1__min.284__Z10	32	2x2x2x2	12	12	0	0	explicit
2-2c2-2s1c1__group.1640__Z2	24	2x2x2x2	4	4	0	0	explicit
2-1s2-1s2-1__min.281__Z5	16	2x2	4	4	0	0	explicit
2-2c2-2s1c1__min.300__Z5	6	3	2	2	0	0	explicit
2-2c2-2s2-1__group.1657__Z3	24	2	2	2	0	0	explicit
2-2c2-2s1c1__min.300__Z1	6	3x3	2	2	0	0	explicit
2-2c2-2s2-1__min.303__Z3	12	1	1	1	0	0	trivial
2-1s2-1s2-1__min.288__Z3	32	2x2x2x2x2	18	18	0	0	explicit
2-1s2-1s2-1__min.288__Z9	32	2x2x2	6	6	0	0	explicit
2-2c2-2s1c1__min.300__Z6	6	1	1	1	0	0	trivial
2-2c2-2s2-2__group.1669__Z1	36	1	1	1	0	0	trivial
2-2c2-2s1c1__min.300__Z2	6	3x3	2	2	0	0	explicit
2-1s2-1s2-1__min.284__Z7	32	2x2	3	3	0	0	explicit
2-2c2-2s2-2__group.1669__Z2	36	1	1	1	0	0	trivial
2-2c2-2s1c1__min.301__Z1	6	2x2	2	2	0	0	explicit
2-2c2-2s2-1__group.1660__Z1	48	2x2	3	3	0	0	explicit
2-2c2-2s2-2__group.1670__Z1	36	3	2	2	0	0	explicit
2-1s2-1s2-1__group.1606__Z8	64	2x2x2	6	6	0	0	explicit
2-2c2-2s1c1__min.301__Z2	6	2x2	2	2	0	0	explicit
2-1s2-1s2-1__min.284__Z11	32	2x2x2x2	12	12	0	0	explicit
2-2c2-2s2-2__group.1670__Z2	36	3	2	2	0	0	explicit
2-2c2-2s2-1__group.1660__Z2	48	2x2	4	4	0	0	explicit
2-2c2-2s2-1__min.303__Z1	12	1	1	1	0	0	trivial
2-2c2-2s1c1__group.1636__Z1	12	2x2	2	2	0	0	explicit
2-2c2-2s2-1__min.303__Z2	12	1	1	1	0	0	trivial
2-2c2-2s2-2__group.1671__Z1	36	3	2	2	0	0	explicit
2-2c2-2s2-2__group.1671__Z2	36	1	1	1	0	0	trivial
2-2c2-2s1c1__min.300__Z3	6	3	2	2	0	0	explicit
2-1s2-1s2-1__group.1605__Z8	64	2x2	4	4	0	0	explicit
2-1s2-1s2-1__min.288__Z4	32	2x2x2x2x2	18	18	0	0	explicit
2-2c2-2s2-2__group.1671__Z3	36	3x3	2	2	0	0	explicit
2-1s2-1s2-1__min.284__Z8	32	2x2x2	6	6	0	0	explicit
2-2c2-2s2-2__group.1676__Z1	36	1	1	1	0	0	trivial
2-2c2-2s1c1__min.300__Z4	6	3x3	2	2	0	0	explicit
2-2c2-2s2-2__group.1676__Z3	36	1	1	1	0	0	trivial
2-1s2-1s2-1__min.281__Z6	16	2x2	3	3	0	0	explicit
2-2c2-2s2-2__group.1676__Z2	36	1	1	1	0	0	trivial
2-1s2-1s2-1__min.284__Z12	32	2x2x2x2	7	7	0	0	explicit
2-2c2-2s2-2__group.1676__Z4	36	1	1	1	0	0	trivial
2-2c2-2s2-2__group.1676__Z5	36	1	1	1	0	0	trivial
2-2c2-2s2-2__group.1680__Z1	72	1	1	1	0	0	trivial
2-2c2-2s1c1__min.301__Z3	6	2x2	2	2	0	0	explicit
2-2c2-2s2-2__group.1680__Z2	72	1	1	1	0	0	trivial
2-1s2-1s2-1__min.288__Z5	32	2x2x2x2	12	12	0	0	explicit
2-1s2-1s2-1__min.284__Z9	32	2x2x2x2x2x2	19	19	0	0	explicit
2-2c2-2s1c1__min.301__Z4	6	2x2	2	2	0	0	explicit
2-1s2-1s2-1__group.1606__Z9	64	2x2x2x2x2	24	24	0	0	explicit
2-2c2-2s2-2__min.309__Z1	18	3x3	4	4	0	0	explicit
2-2c2-2s2-2__min.308__Z1	18	3	2	2	0	0	explicit
2-2c2-2s1c1__group.1636__Z2	12	2x2	2	2	0	0	explicit
2-1s2-1s2-1__min.284__Z13	32	2x2x2x2	7	7	0	0	explicit
2-2c2-2s2-2__min.309__Z2	18	3	2	2	0	0	explicit
2-2c2-2s1c1__group.1636__Z3	12	2x2	2	2	0	0	explicit
2-2c2-2s2-2__min.308__Z2	18	3	2	2	0	0	explicit
2-2c2-2s2-2__min.309__Z3	18	3	2	2	0	0	explicit
2-1s2-1s2-1__min.288__Z6	32	2x2x2x2	12	12	0	0	explicit
2-1s2-1s2-1__min.288__Z1	32	2x2x2x2x2x2	30	30	0	0	explicit
2-2c2-2s1c1__group.1636__Z4	12	2x2	2	2	0	0	explicit
2-2c2-2s2-2__min.308__Z3	18	3x3	2	2	0	0	explicit
2-2c2-2s2-2__min.308__Z4	18	1	1	1	0	0	trivial
2-2c2-2s2-2__min.309__Z4	18	3x3x3	4	4	0	0	explicit
2-2c2-2s2-2__min.308__Z5	18	1	1	1	0	0	trivial
2-1s2-1s2-1__min.288__Z10	32	2x2x2x2x2x2	11	12	1	0	explicit
1s1s1s1s1s1__group.1075__Z36	32	2x2x2x2x2x2x2x2x2x2x2x2x2x2x2x2x2x2x2	928	928	0	0	burnside
2-1s2-1s2-1__group.1605__Z9	64	2x2x2x2	16	16	0	0	explicit
2-1s2-1s2-1__min.288__Z7	32	2x2x2	6	6	0	0	explicit
2-1s2-1s2-1__min.284__Z14	32	2x2	3	3	0	0	explicit
2-1s2-1s2-1__min.288__Z11	32	2x2x2x2	12	12	0	0	explicit
2-2c2-2s1c1__min.301__Z5	6	2x2	2	2	0	0	explicit
2-2pc2-2ps2-2__min.298__Z1	9	3x3x3	4	4	0	0	explicit
2-2c2-2s1c1__group.1636__Z5	12	2x2	2	2	0	0	explicit
2-1s2-1s2-1__min.288__Z8	32	2x2	3	3	0	0	explicit
2-2s1c1c1s1__group.1698__Z2	12	2x2	2	2	0	0	explicit
2-1s2-1s2-1__min.284__Z2	32	2x2x2x2x2x2	28	28	0	0	explicit
2-2pc2-2ps1c1__group.1612__Z1	6	1	1	1	0	0	trivial
2-2s1c1c1s1__group.1698__Z3	12	2x2x2x2	4	4	0	0	explicit
2-2c2-2s2-2__min.309__Z5	18	3x3	3	3	0	0	explicit
2-1s2-1s2-1__group.1606__Z1	64	2x2x2x2x2x2x2x2x2	240	240	0	0	explicit
2-2pc2-2ps1c1__group.1612__Z2	6	1	1	1	0	0	trivial
2-2pc2-2ps2-2__min.298__Z2	9	3x3	3	3	0	0	explicit
2-2pc2-2pc2-2p__group.1608__Z1	6	1	1	1	0	0	trivial
2-2pc2-2ps1c1__group.1612__Z3	6	1	1	1	0	0	trivial
2-2pc2-2pc2-2p__min.290__Z1	3	1	1	1	0	0	trivial
2-2s1c1c1c1__group.1687__Z1	12	2x2x2x2	2	2	0	0	explicit
2-2s1c1c1c1__group.1693__Z1	6	1	1	1	0	0	trivial
2-2pc2-2ps1c1__min.291__Z1	3	3x3	2	2	0	0	explicit
1s1s1s1s1s1__group.1075__Z37	32	2x2x2x2x2	4	4	0	0	explicit
2-2s1c1c1s1__group.1698__Z4	12	2x2	2	2	0	0	explicit
2-2s1c1c1c1__group.1694__Z1	6	6x6x6x6	4	4	0	0	explicit
2-2pc2-2ps2-2__group.1623__Z2	12	1	1	1	0	0	trivial
2-2pc2-2ps1c1__group.1609__Z1	12	2x2	2	2	0	0	explicit
2-2s1c1c1c1__group.1697__Z1	6	1	1	1	0	0	trivial
2-2s1c1c1s1__group.1698__Z5	12	2x2x2x2	4	4	0	0	explicit
2-2pc2-2ps1c1__group.1610__Z1	6	1	1	1	0	0	trivial
2-2pc2-2ps2-2__group.1626__Z1	18	3	2	2	0	0	explicit
2-1s2-1s2-1__group.1606__Z10	64	2x2x2x2x2x2x2x2x2	76	80	4	0	explicit
2-2pc2-2ps2-2__group.1627__Z1	18	3x3	2	2	0	0	explicit
2-2pc2-2ps2-2__group.1628__Z1	18	1	1	1	0	0	trivial
2-2pc2-2ps1c1__group.1611__Z1	6	6x6	4	4	0	0	explicit
2-2s1c1c1s1__group.1698__Z6	12	2x2	2	2	0	0	explicit
2-2pc2-2ps2-2__group.1628__Z2	18	1	1	1	0	0	trivial
2-2s1c1c1s1__group.1712__Z4	12	2x2	2	2	0	0	explicit
2-2s1c1c1c1__group.1697__Z2	6	1	1	1	0	0	trivial
2-2pc2-2ps2-2__group.1630__Z1	36	1	1	1	0	0	trivial
2-2pc2-2ps2-2__min.296__Z1	6	1	1	1	0	0	trivial
2-2pc2-2ps2-2__min.296__Z2	6	1	1	1	0	0	trivial
2-2pc2-2ps2-2__min.297__Z1	6	1	1	1	0	0	trivial
2-2s1c1c1s1__min.313__Z6	6	2x6	4	4	0	0	explicit
2-2c2-2s1c1__min.301__Z6	6	2x2	2	2	0	0	explicit
2-2pc2-2ps1c1__min.291__Z2	3	3	2	2	0	0	explicit
2-2pc2-2ps2-2__min.297__Z2	6	1	1	1	0	0	trivial
2-2c2-2s1c1__group.1636__Z6	12	2x2	2	2	0	0	explicit
2-2c2-2s2-1__group.1655__Z1	24	2	2	2	0	0	explicit
2-2pc2-2ps1c1__min.291__Z3	3	1	1	1	0	0	trivial
2-2s1c1c1c1__min.311__Z1	3	3x3x3x3	2	2	0	0	explicit
2-2s1c1c1s1__min.312__Z4	6	3x3x3	2	2	0	0	explicit
2-2c2-2s1c1__group.1637__Z1	12	6x6	4	4	0	0	explicit
2-2pc2-2ps2-1__group.1618__Z1	24	2	2	2	0	0	explicit
2-2pc2-2ps2-1__min.294__Z1	12	1	1	1	0	0	trivial
2-2pc2-2ps2-1__min.295__Z1	12	1	1	1	0	0	trivial
2-2s1c1c1s1__group.1713__Z1	12	2x2x2x2x2x2x6	20	20	0	0	explicit
2-2pc2-2ps2-2__group.1623__Z1	12	1	1	1	0	0	trivial
2-2c2-2s1c1__group.1637__Z2	12	6x6	4	4	0	0	explicit
2-2s1c1c1s1__min.312__Z5	6	3x3x6	4	4	0	0	explicit
2-1s2-1s2-1__group.1606__Z11	64	2x2x2x2x2x2	40	40	0	0	explicit
2-2c2-2s2-1__group.1655__Z2	24	2	2	2	0	0	explicit
2-2c2-2s1c1__group.1638__Z1	12	2x2x2x2	4	4	0	0	explicit
2-2s1c1c1s1__group.1698__Z7	12	2x2x2x2	4	4	0	0	explicit
2-2s1c1c1s1__min.312__Z6	6	3x3x3	2	2	0	0	explicit
2-2s1c1c1s1__group.1713__Z2	12	2x2x2x2x6	14	14	0	0	explicit
2-2s1c1c1s1__min.313__Z7	6	2x2x6	4	4	0	0	explicit
2-2s1c1s1c1__min.319__Z4	6	3x3	2	2	0	0	explicit
2-2s1c1s1c1__group.1732__Z2	12	2x2x6x6	20	20	0	0	explicit
2-2s1c1c1s1__group.1714__Z1	12	2x2x6x6x6	16	16	0	0	explicit
2-2s1c1s1c1__group.1739__Z3	24	2x2	2	2	0	0	explicit
2-2s1c1s1c1__min.318__Z1	6	6x6	4	4	0	0	explicit
2-2s1c1c1s1__group.1714__Z2	12	6x6x6	6	6	0	0	explicit
2-2s1c1c1s1__min.312__Z7	6	3x6	4	4	0	0	explicit
2-2s1c1s1c1__group.1732__Z3	12	6x6	4	4	0	0	explicit
2-2s1c1s1s1__group.1756__Z3	24	2x2x2x2x2	24	24	0	0	explicit
2-2s1c1c1s1__group.1719__Z1	24	2x2x2x2x2x2x2x2	20	20	0	0	explicit
2-2s1c1s1c1__group.1733__Z1	12	2x2x2x2	3	3	0	0	explicit
2-2s1c1s1c1__min.318__Z2	6	3x6	4	4	0	0	explicit
2-2s1c1s1s1__group.1760__Z5	24	2x2x2x2x2	14	14	0	0	explicit
2-2s1c1s1c1__group.1733__Z2	12	2x2	3	3	0	0	explicit
2-2s1c1s1c1__group.1733__Z3	12	1	1	1	0	0	trivial
2-2s1c1s1c1__min.318__Z3	6	6x6	4	4	0	0	explicit
2-2s1c1s1s1__group.1756__Z4	24	2x2x2x2x2	24	24	0	0	explicit
2-2s1c1c1s1__group.1719__Z2	24	2x2x2x2x2	7	7	0	0	explicit
2-2s1c1s1c1__group.1734__Z1	12	2x2x2x2	3	3	0	0	explicit
2-2s1c1s1s1__group.1760__Z6	24	2x2	3	3	0	0	explicit
2-2s1c1c1s1__min.312__Z1	6	3x3x6	4	4	0	0	explicit
2-2s1c1s1c1__min.318__Z4	6	3x3	2	2	0	0	explicit
2-2s1c1s1c1__group.1734__Z2	12	2x2	3	3	0	0	explicit
2-2s1c1s1c1__group.1734__Z3	12	1	1	1	0	0	trivial
2-2s1c1s1s1__group.1756__Z5	24	2x2x2	6	6	0	0	explicit
2-2s1c1s1s1__group.1760__Z7	24	2x2x2x2x2x2x2x2	46	46	0	0	explicit
2-2s1c1c1s1__min.312__Z2	6	3x3x3	2	2	0	0	explicit
2-2s1c1c1s1__min.312__Z3	6	3x3x6	4	4	0	0	explicit
2-2s1c1s1s1__group.1760__Z8	24	2x2x2x2x2	8	8	0	0	explicit
2-2s1c1s1c1__group.1739__Z1	24	2x2x2x2x2x2x2x2	15	15	0	0	explicit
2-2s1c1s1s1__group.1760__Z12	24	2x2x2x2x2	14	14	0	0	explicit
2-2s1c1s1s1__group.1756__Z6	24	2x2x2x2x2x2x2x2	80	80	0	0	explicit
2-2s1c1s1s1__group.1767__Z6	24	2x2x2x2	10	10	0	0	explicit
2-2s1c1s1s1__group.1760__Z9	24	2x2x2x2x2	24	24	0	0	explicit
2-2s1c1s1s1__group.1760__Z13	24	2x2x2x2x2	8	8	0	0	explicit
2-2s1c1s1c1__group.1739__Z2	24	2x2x2x2x2	13	13	0	0	explicit
2-2s1c1s1s1__group.1756__Z7	24	2x2x2x2x2	20	20	0	0	explicit
2-2s1c1s1s1__group.1771__Z1	24	2x2x2x2x2x2x6x6	100	100	0	0	explicit
2-2s1c1s1s1__group.1767__Z1	24	2x2x2x2x2x2x2x2x2x2	134	134	0	0	explicit
2-2s1c1s1s1__group.1760__Z14	24	2x2	3	3	0	0	explicit
2-2s1c1s1s1__group.1756__Z8	24	2x2x2x2x2	10	10	0	0	explicit
2-2s1c1s1c1__min.319__Z5	6	6	4	4	0	0	explicit
2-2s1c1s1s1__group.1767__Z2	24	2x2x2x2x2x2x2	22	22	0	0	explicit
2-2s1c1s1s1__group.1771__Z2	24	2x2x2x6x6	20	20	0	0	explicit
2-2s1c1s1c1__min.318__Z5	6	3x6	4	4	0	0	explicit
2-2s1c1s1s1__group.1756__Z9	24	2x2	4	4	0	0	explicit
2-2s1c1s1s1__group.1767__Z3	24	2x2x2x2x2x2x2	80	80	0	0	explicit
2-2s1c1s1s1__group.1771__Z3	24	2x2x2x6x6	48	48	0	0	explicit
2-2s1c1s1s1__group.1760__Z1	24	2x2x2x2x2x2x2x2	46	46	0	0	explicit
2-2s1c1s1s1__group.1760__Z15	24	2x2x2x2x2	24	24	0	0	explicit
2-2s1c1s1s1__group.1772__Z4	24	2x2x2x2x2x6	80	80	0	0	explicit
2-2s1c1c1c1__min.311__Z2	3	3x3x3	2	2	0	0	explicit
2-2s1c1s1s1__group.1767__Z4	24	2x2x2x2x2	15	15	0	0	explicit
2-2s1c1c1s1__group.1698__Z1	12	2x2x2x2	4	4	0	0	explicit
2-2s1c1s1s1__group.1760__Z10	24	2x2x2	5	5	0	0	explicit
2-2s1c1s1s1__group.1771__Z4	24	2x6x6	12	12	0	0	explicit
2-2s1c1s1s1__group.1767__Z5	24	2x2x2x2x2x2x2	44	44	0	0	explicit
2-2s1c1s1s1__group.1772__Z5	24	2x2x2x6	18	18	0	0	explicit
2-2s1c1s1s1__group.1771__Z5	24	2x2x2x6x6	32	32	0	0	explicit
2-2s1c1s1s1__group.1760__Z16	24	2x2x2	5	5	0	0	explicit
2-2s1c1s1s1__group.1760__Z11	24	2x2x2x2x2x2x2x2	46	46	0	0	explicit
2-2s1c1s1c1__min.319__Z6	6	3	2	2	0	0	explicit
2-2s1c1s1s1__group.1771__Z6	24	6x6	6	6	0	0	explicit
2-2s1c1s1s1__group.1772__Z6	24	2x2x2x2x2x6	80	80	0	0	explicit
2-2s1c1s1s1__group.1777__Z7	24	2x2	4	4	0	0	explicit
2-2s1c1s1c1__min.318__Z6	6	3x3	2	2	0	0	explicit
2-2s1c1c1s1__min.313__Z8	6	2x6	4	4	0	0	explicit
2-2s1c1s1c1__min.319__Z1	6	6x6	4	4	0	0	explicit
2-2s1c1s1s1__group.1756__Z1	24	2x2x2x2x2x2x2x2	80	80	0	0	explicit
2-2s1c1s1s1__group.1778__Z1	24	2x2x2x2x2x2x2x2	46	46	0	0	explicit
2-2s1c1s1c1__group.1727__Z1	12	2x2x2x2	4	4	0	0	explicit
2-2s1c1s1s1__min.335__Z10	12	2x2x2	6	6	0	0	explicit
2-2s1c1s1s1__group.1772__Z7	24	2x2x6	16	16	0	0	explicit
2-2s1c1s1s1__group.1772__Z1	24	2x2x2x2x2x2x2x2x6	320	320	0	0	explicit
2-2s1c1s1s1__group.1778__Z10	24	2x2x2	5	5	0	0	explicit
2-2s1c1s1c1__min.319__Z2	6	3x6	4	4	0	0	explicit
2-2s1c1s1s1__group.1760__Z17	24	2x2x2x2x2	14	14	0	0	explicit
2-2s1c1s1s1__group.1777__Z1	24	2x2x2x2x2x2x2x2	80	80	0	0	explicit
2-2s1c1s1s1__group.1756__Z10	24	2x2x2x2x2	24	24	0	0	explicit
2-2s1c1s1s1__min.335__Z11	12	2x2x2	8	8	0	0	explicit
2-2s1c1s1s1__group.1772__Z2	24	2x2x2x2x2x6	40	40	0	0	explicit
2-2s1c1s1c1__group.1727__Z2	12	2x2	4	4	0	0	explicit
2-2s1c1s1s1__group.1778__Z11	24	2x2x2x2x2	14	14	0	0	explicit
2-2s1c1c1s1__min.312__Z8	6	3x3	2	2	0	0	explicit
2-2s1c1s1s1__group.1777__Z2	24	2x2x2x2x2	10	10	0	0	explicit
2-2s1c1s1c1__min.319__Z3	6	2x6	4	4	0	0	explicit
2-2s1c1c1s1__min.313__Z1	6	2x2x6	4	4	0	0	explicit
2-2s1c1s1s1__min.335__Z12	12	2x2	3	3	0	0	explicit
2-2s1c1s1s1__group.1778__Z12	24	2x2	3	3	0	0	explicit
2-2s1c1s1s1__group.1756__Z11	24	2x2x2x2x2	24	24	0	0	explicit
2-2s1c1c1s1__min.313__Z2	6	2x6	4	4	0	0	explicit
2-2s1c1s1c1__group.1727__Z3	12	2x2x2x2	4	4	0	0	explicit
2-2s1c1s1s1__group.1778__Z7	24	2x2x2x2x2x2x2x2	46	46	0	0	explicit
2-2s1c1s1s1__group.1777__Z3	24	2x2x2x2x2	24	24	0	0	explicit
2-2s1c1c1s1__group.1698__Z8	12	2x2	2	2	0	0	explicit
2-2s1c1s1c1__group.1727__Z4	12	1	1	1	0	0	trivial
2-2s1c1s1s1__group.1778__Z2	24	2x2x2x2x2	8	8	0	0	explicit
2-2s1c1s1s1__group.1760__Z18	24	2x2	3	3	0	0	explicit
2-2s1c1c1s1__min.313__Z3	6	2x2x2	2	2	0	0	explicit
2-2s1c1s1s1__group.1772__Z3	24	2x2x2x2x2x6	96	96	0	0	explicit
2-2s1c1c1s1__group.1712__Z1	12	2x2x2x2	4	4	0	0	explicit
2-2s1c1s1s1__min.335__Z13	12	2x2x2	6	6	0	0	explicit
2-2s1c1s1s1__group.1778__Z8	24	2x2x2x2x2	8	8	0	0	explicit
2-2s1c1s1s1__group.1760__Z2	24	2x2x2x2x2	8	8	0	0	explicit
2-2s1c1s1s1__group.1778__Z3	24	2x2x2x2x2	24	24	0	0	explicit
2-2s1c1c1s1__group.1712__Z2	12	2x2	2	2	0	0	explicit
2-2s1c1s1s1__group.1777__Z4	24	2x2x2x2x2	24	24	0	0	explicit
2-2s1c1s1s1__group.1756__Z12	24	2x2x2	6	6	0	0	explicit
2-2s1c1c1s1__group.1712__Z3	12	2x2x2x2	4	4	0	0	explicit
2-2s1c1c1s1__min.313__Z4	6	2x2	2	2	0	0	explicit
2-2s1c1s1s1__min.335__Z2	12	2x2x6	8	8	0	0	explicit
2-2s1c1s1s1__group.1760__Z3	24	2x2x2x2x2	24	24	0	0	explicit
2-2s1c1s1s1__min.335__Z14	12	2	2	2	0	0	explicit
2-2s1c1s1s1__group.1778__Z9	24	2x2x2x2x2	24	24	0	0	explicit
2-2s1c1c1s1__min.313__Z5	6	2x2x6	4	4	0	0	explicit
2-2s1c1s1s1__group.1778__Z4	24	2x2x2	5	5	0	0	explicit
2-2s1c1s1s1__min.335__Z3	12	2x2x6	12	12	0	0	explicit
2-2s1c1s1s1__min.335__Z15	12	2x2x2x2x6	32	32	0	0	explicit
2-2s1c1s1s1__min.335__Z20	12	2x2x2x2x6	32	32	0	0	explicit
2-2s1c1s1s1__group.1777__Z5	24	2x2x2	6	6	0	0	explicit
2-2s1c1s1s1__group.1760__Z4	24	2x2x2	5	5	0	0	explicit
2-2s1c1s1s1__min.335__Z16	12	2x2x6	8	8	0	0	explicit
2-2s1c1s1s1__group.1778__Z5	24	2x2x2x2x2	14	14	0	0	explicit
2-2s1c1s1s1__min.335__Z4	12	2x2x6	16	16	0	0	explicit
2-2s1c1s1s1__min.335__Z21	12	2x2x6	12	12	0	0	explicit
2-2s1c1s1s1__min.335__Z17	12	2x2x6	12	12	0	0	explicit
2-2s1c1s1s1__group.1756__Z13	24	2x2x2x2x2	20	20	0	0	explicit
2-2s1c1s1s1__group.1778__Z6	24	2x2	3	3	0	0	explicit
2-2s1c1s1s1__min.335__Z22	12	2x2x6	8	8	0	0	explicit
2-2s1c1s1s1__min.335__Z5	12	2x6	6	6	0	0	explicit
2-2s1c1s1s1__min.335__Z18	12	2x2x6	16	16	0	0	explicit
2-2s1c1s1s1__min.336__Z12	12	2x2x2	6	6	0	0	explicit
2-2s1c1s1s1__group.1777__Z6	24	2x2x2x2x2	20	20	0	0	explicit
2-2s1c1s1s1__min.335__Z23	12	6	4	4	0	0	explicit
2-2s1c1s1s1__min.335__Z6	12	2x2x2x2x2	16	16	0	0	explicit
2-2s1c1s1s1__min.335__Z19	12	2x6	6	6	0	0	explicit
2-2s1c1s1s1__group.1795__Z1	48	2x2x2x2x2x2x2x2x2x2x2x2	508	508	0	0	explicit
2-2s1c1s1s1__min.336__Z13	12	2x2x2x2	10	10	0	0	explicit
2-2s1c1s1s1__group.1756__Z14	24	2x2	4	4	0	0	explicit
2-2s1c1s1s1__min.338__Z14	12	3x3	2	2	0	0	explicit
2-2s1c1s1s1__min.336__Z9	12	2x2	4	4	0	0	explicit
2-2s1c1s1s1__min.335__Z7	12	2x2x6	12	12	0	0	explicit
2-2s1c1s1s1__min.335__Z24	12	2x2x6	12	12	0	0	explicit
2-2s1c1s1s1__min.337__Z1	12	2x2x6x6	16	16	0	0	explicit
2-2s1c1s1s1__min.335__Z8	12	2x2x2	4	4	0	0	explicit
2-2s1c1s1s1__group.1756__Z2	24	2x2x2x2x2	10	10	0	0	explicit
2-2s1c1s1s1__min.336__Z14	12	2x2	4	4	0	0	explicit
2-2s1c1s1s1__min.337__Z5	12	3x6	4	4	0	0	explicit
2-2s1c1s1s1__group.1795__Z2	48	2x2x2x2x2x2x2x2	44	44	0	0	explicit
2-2s1c1s1s1__min.335__Z25	12	2x2x6	16	16	0	0	explicit
2-2s1c1s1s1__min.338__Z15	12	2x6	8	8	0	0	explicit
2-2s1c1s1s1__min.336__Z2	12	2x2x2x2	5	5	0	0	explicit
2-2s1c1s1s1__min.337__Z6	12	2x2x6x6	16	16	0	0	explicit
2-2s1c1s1s1__min.335__Z9	12	6	4	4	0	0	explicit
2-2s1c1s1s1__min.339__Z9	12	2x2x2x2	12	12	0	0	explicit
2-2s1c1s1s1__min.335__Z26	12	2x6	6	6	0	0	explicit
2-2s1c1s1s1__min.336__Z1	12	2x2x2x2x2x2	20	20	0	0	explicit
2-2s1c1s1s1__min.336__Z3	12	2x2x2x2	12	12	0	0	explicit
2-2s1c1s1s1__min.337__Z7	12	6x6	6	6	0	0	explicit
2-2s1c1s1s1__min.337__Z10	12	6x6	8	8	0	0	explicit
2-2s1c1s1s1__min.338__Z16	12	6	4	4	0	0	explicit
2-2s1c1s1s1__min.338__Z7	12	2x2x6x6	12	12	0	0	explicit
2-2s1c1s1s1__min.340__Z1	12	2x2x2x2x6	32	32	0	0	explicit
2-2s1c1s1s1__min.337__Z8	12	6x6	4	4	0	0	explicit
2-2s1c1s1s1__min.336__Z4	12	2x2x2x2	12	12	0	0	explicit
2-2s1c1s1s1__min.338__Z8	12	6x6	4	4	0	0	explicit
2-2s1c1s1s1__min.336__Z10	12	2x2x2x2	12	12	0	0	explicit
2-2s1c1s1s1__group.1795__Z3	48	2x2x2x2x2x2x2x2	160	160	0	0	explicit
2-2s1c1s1s1__min.335__Z27	12	2x2x6	12	12	0	0	explicit
2-2s1c1s1s1__min.337__Z9	12	3x3	2	2	0	0	explicit
2-2s1c1s1s1__min.340__Z10	12	2x2x6	12	12	0	0	explicit
2-2s1c1s1s1__min.338__Z9	12	6x6	8	8	0	0	explicit
2-2s1c1s1s1__min.336__Z5	12	2x2x2	6	6	0	0	explicit
2-2s1c1s1s1__min.338__Z1	12	2x2x6x6	12	12	0	0	explicit
2-2s1c1s1c1__group.1727__Z5	12	2x2	4	4	0	0	explicit
2-2s1c1s1s1__min.339__Z1	12	2x2x2x2x2x2	13	13	0	0	explicit
2-2s1c1s1s1__min.336__Z11	12	2x2x2x2	12	12	0	0	explicit
2-2s1c1s1s1__min.338__Z10	12	3x6	4	4	0	0	explicit
2-2s1c1s1c1__group.1727__Z6	12	1	1	1	0	0	trivial
2-2s1c1s1s1__min.335__Z28	12	6	4	4	0	0	explicit
2-2s1c1s1s1__min.336__Z6	12	2x2x2x2x2x2	20	20	0	0	explicit
2-2s1c1s1s1__min.340__Z11	12	2x2x6	16	16	0	0	explicit
2-2s1c1s1s1__min.337__Z11	12	6x6	8	8	0	0	explicit
2-2s1c1s1s1__min.339__Z10	12	2x2x2	5	5	0	0	explicit
2-2s1c1s1s1__group.1795__Z4	48	2x2x2x2x2	15	15	0	0	explicit
2-2s1c1s1s1__min.338__Z11	12	2x2x2x6	12	12	0	0	explicit
2-2s1c1s1c1__group.1732__Z1	12	2x2x2x2x6x6	20	20	0	0	explicit
2-2s1c1s1s1__min.340__Z12	12	2x6	6	6	0	0	explicit
2-2s1c1s1s1__min.336__Z7	12	2x2x2x2	10	10	0	0	explicit
2-2s1c1s1s1__min.340__Z18	12	2x2x6	16	16	0	0	explicit
2-2s1c1s1s1__min.340__Z8	12	2x2x2x2x6	32	32	0	0	explicit
2-2s1c1s1s1__min.338__Z17	12	2x6	6	6	0	0	explicit
2-2s1c1s1s1__min.339__Z11	12	2x2x2x2x2x2	13	13	0	0	explicit
2-2s1c1s1s1__min.338__Z12	12	6x6	6	6	0	0	explicit
2-2s1c1s1s1__min.340__Z9	12	2x2x6	8	8	0	0	explicit
2-2s1c1s1s1__min.336__Z8	12	2x2x2x2	5	5	0	0	explicit
2-2s1c1s1s1__min.339__Z12	12	2x2x2x2	7	7	0	0	explicit
2-2s1c1s1s1__min.337__Z12	12	3x6	4	4	0	0	explicit
2-2s1c1s1s1__min.338__Z13	12	2x6	4	4	0	0	explicit
2-2s1c1s1s1__group.1795__Z5	48	2x2x2x2x2x2x2x2	88	88	0	0	explicit
2-2s1c1s1s1__min.340__Z13	12	2x2x2x2x6	32	32	0	0	explicit
2-2s1s1s1s1__group.1815__Z17	24	2x2x2	4	4	0	0	explicit
2-2s1s1s1s1__group.1815__Z1	24	2x2x2x2x2x2x2x2	52	52	0	0	explicit
2-2s1c1s1s1__min.338__Z18	12	3	2	2	0	0	explicit
2-2s1c1s1s1__min.339__Z13	12	2x2x2x2	4	4	0	0	explicit
2-2s1c1s1s1__min.337__Z13	12	6x6	6	6	0	0	explicit
2-2s1c1s1s1__min.338__Z2	12	6x6	4	4	0	0	explicit
2-2s1c1s1s1__min.339__Z16	12	2x2x2	5	5	0	0	explicit
2-2s1c1s1s1__min.340__Z19	12	2x6	6	6	0	0	explicit
2-2s1c1s1s1__min.340__Z14	12	2x2x6	12	12	0	0	explicit
2-2s1c1s1s1__min.339__Z14	12	2x2	3	3	0	0	explicit
2-2s1c1s1s1__min.338__Z3	12	6x6	8	8	0	0	explicit
2-2s1s1s1s1__group.1815__Z18	24	2x2x2x2x2	10	10	0	0	explicit
2-2s1c1s1s1__min.340__Z2	12	2x2x6	8	8	0	0	explicit
2-2s1c1s1s1__group.1795__Z6	48	2x2x2x2	10	10	0	0	explicit
2-2s1c1s1s1__min.337__Z14	12	3x3	2	2	0	0	explicit
2-2s1c1s1s1__min.338__Z4	12	3x6	4	4	0	0	explicit
2-2s1c1s1s1__min.335__Z1	12	2x2x2x2x6	32	32	0	0	explicit
2-2s1c1s1s1__min.337__Z2	12	6x6	4	4	0	0	explicit
2-2s1c1s1s1__min.340__Z15	12	2x2x6	8	8	0	0	explicit
2-2s1s1s1s1__group.1815__Z10	24	2x2	3	3	0	0	explicit
2-2s1c1s1s1__min.338__Z5	12	6x6	6	6	0	0	explicit
2-2s1c1s1s1__min.339__Z15	12	2x2x2x2	12	12	0	0	explicit
2-2s1s1s1s1__group.1816__Z11	24	2x2x2x2x2	10	10	0	0	explicit
2-2s1c1s1s1__min.337__Z3	12	6x6	8	8	0	0	explicit
2-2s1c1s1s1__min.339__Z17	12	2x2x2x2	7	7	0	0	explicit
2-2s1s1s1s1__group.1816__Z12	24	1	1	1	0	0	trivial
2-2s1c1s1s1__min.340__Z16	12	6	4	4	0	0	explicit
2-2s1c1s1s1__min.338__Z6	12	3x3	2	2	0	0	explicit
2-2s1s1s1s1__group.1815__Z19	24	2x2x2x2x2	20	20	0	0	explicit
2-2s1c1s1s1__min.337__Z4	12	6x6	8	8	0	0	explicit
2-2s1s1s1s1__group.1815__Z26	24	1	1	1	0	0	trivial
2-2s1c1s1s1__min.340__Z20	12	2x2x6	12	12	0	0	explicit
2-2s1s1s1s1__group.1816__Z2	24	2x2x2x2x2	20	20	0	0	explicit
2-2s1s1s1s1__group.1815__Z11	24	2x2x2x2x2	20	20	0	0	explicit
2-2s1s1s1s1__group.1815__Z2	24	2x2x2x2x2	20	20	0	0	explicit
2-2s1c1s1s1__min.339__Z18	12	2x2	3	3	0	0	explicit
2-2s1s1s1s1__group.1818__Z8	24	2x2x2x2x2x6	40	40	0	0	explicit
2-2s1s1s1s1__group.1815__Z3	24	2x2x2x2x2	20	20	0	0	explicit
2-2s1s1s1s1__group.1816__Z3	24	2x2x2x2x2	14	14	0	0	explicit
2-2s1c1s1s1__min.340__Z17	12	2x2x6	12	12	0	0	explicit
2-2s1s1s1s1__group.1815__Z12	24	2x2x2x2x2	10	10	0	0	explicit
2-2s1s1s1s1__group.1818__Z10	24	2x2x6	12	12	0	0	explicit
2-2s1s1s1s1__group.1818__Z9	24	2x2x6	16	16	0	0	explicit
2-2s1c1s1s1__min.339__Z2	12	2x2x2x2	4	4	0	0	explicit
2-2s1s1s1s1__group.1815__Z20	24	2x2	4	4	0	0	explicit
2-2s1s1s1s1__group.1815__Z4	24	2x2x2	6	6	0	0	explicit
2-2s1s1s1s1__group.1817__Z1	24	2x2x2x2x2x2x2x2	19	19	0	0	explicit
2-2s1s1s1s1__group.1826__Z17	24	2x2x2x2	8	8	0	0	explicit
2-2s1s1s1s1__group.1816__Z4	24	2x2x2	6	6	0	0	explicit
2-2s1c1s1s1__min.339__Z3	12	2x2x2x2	12	12	0	0	explicit
2-2s1s1s1s1__group.1815__Z13	24	2x2	4	4	0	0	explicit
2-2s1s1s1s1__group.1818__Z11	24	2x2x6	16	16	0	0	explicit
2-2s1s1s1s1__group.1826__Z26	24	2x2x2x2x2x2	40	40	0	0	explicit
2-2s1s1s1s1__group.1826__Z1	24	2x2x2x2x2x2x2x2x2	104	104	0	0	explicit
2-2s1s1s1s1__group.1815__Z5	24	2x2x2	4	4	0	0	explicit
2-2s1c1s1s1__min.340__Z21	12	6	4	4	0	0	explicit
2-2s1c1s1s1__min.339__Z4	12	2x2x2	5	5	0	0	explicit
2-2s1s1s1s1__group.1826__Z18	24	2x2x2	4	4	0	0	explicit
2-2s1s1s1s1__group.1816__Z5	24	2x2x2	4	4	0	0	explicit
2-2s1s1s1s1__group.1815__Z21	24	2x2	3	3	0	0	explicit
2-2s1c1s1s1__min.339__Z5	12	2x2x2x2	7	7	0	0	explicit
2-2s1s1s1s1__group.1826__Z10	24	2x2x2x2x2x2	20	20	0	0	explicit
2-2s1s1s1s1__group.1818__Z12	24	2x2x2x2x2x6	40	40	0	0	explicit
2-2s1c1s1s1__min.340__Z3	12	2x2x6	12	12	0	0	explicit
2-2s1s1s1s1__group.1815__Z6	24	2x2x2	4	4	0	0	explicit
2-2s1s1s1s1__group.1826__Z27	24	2x2x2x2	12	12	0	0	explicit
2-2s1s1s1s1__group.1815__Z14	24	2x2x2x2x2	20	20	0	0	explicit
2-2s1s1s1s1__group.1826__Z19	24	2x2x2x2x2x2x2x2x2	104	104	0	0	explicit
2-2s1c1s1s1__min.339__Z6	12	2x2	3	3	0	0	explicit
2-2s1s1s1s1__group.1816__Z6	24	2x2x2x2x2	20	20	0	0	explicit
2-2s1s1s1s1__group.1818__Z13	24	6	4	4	0	0	explicit
2-2s1c1s1s1__min.340__Z4	12	2x2x6	16	16	0	0	explicit
2-2s1s1s1s1__group.1826__Z11	24	2x2x2	6	6	0	0	explicit
2-2s1s1s1s1__group.1815__Z22	24	2x2x2x2x2	10	10	0	0	explicit
2-2s1c1s1s1__min.339__Z7	12	2x2x2x2x2x2	13	13	0	0	explicit
2-2s1s1s1s1__group.1826__Z28	24	2x2x2x2	8	8	0	0	explicit
2-2s1c1s1s1__min.339__Z8	12	2x2x2x2	4	4	0	0	explicit
2-2s1s1s1s1__group.1816__Z7	24	2x2	3	3	0	0	explicit
2-2s1s1s1s1__group.1815__Z7	24	2x2x2x2x2x2x2x2	52	52	0	0	explicit
2-2s1s1s1s1__group.1826__Z2	24	2x2x2x2x2x2	36	36	0	0	explicit
2-2s1s1s1s1__group.1817__Z2	24	2x2x2x2x2	14	14	0	0	explicit
2-2s1c1s1s1__min.340__Z5	12	2x6	6	6	0	0	explicit
2-2s1s1s1s1__group.1826__Z12	24	2x2x2x2x2x2	16	16	0	0	explicit
2-2s1s1s1s1__group.1818__Z2	24	2x2x2x2x2x6	96	96	0	0	explicit
2-2s1s1s1s1__group.1826__Z29	24	2x2x2	4	4	0	0	explicit
2-2s1s1s1s1__group.1815__Z15	24	2x2x2	6	6	0	0	explicit
2-2s1s1s1s1__group.1816__Z8	24	2x2	3	3	0	0	explicit
2-2s1s1s1s1__group.1826__Z20	24	2x2x2x2x2x2	36	36	0	0	explicit
2-2s1c1s1s1__min.340__Z6	12	2x2x6	12	12	0	0	explicit
2-2s1s1s1s1__group.1815__Z23	24	2x2	4	4	0	0	explicit
2-2s1s1s1s1__group.1815__Z8	24	2x2x2x2x2	20	20	0	0	explicit
2-2s1s1s1s1__group.1815__Z24	24	1	1	1	0	0	trivial
2-2s1s1s1s1__group.1818__Z3	24	2x2x2x2x2x6	80	80	0	0	explicit
2-2s1s1s1s1__group.1826__Z13	24	2x2x2x2x2x2x2x2x2	104	104	0	0	explicit
2-2s1s1s1s1__group.1817__Z3	24	2x2x2	4	4	0	0	explicit
2-2s1s1s1s1__group.1815__Z16	24	2x2x2	4	4	0	0	explicit
2-2s1c1s1s1__min.340__Z7	12	6	4	4	0	0	explicit
2-2s1s1s1s1__group.1826__Z21	24	2x2x2	6	6	0	0	explicit
2-2s1s1s1s1__group.1815__Z9	24	2x2	4	4	0	0	explicit
2-2s1s1s1s1__group.1826__Z3	24	2x2x2x2x2x2	40	40	0	0	explicit
2-2s1s1s1s1__group.1816__Z9	24	2x2	3	3	0	0	explicit
2-2s1s1s1s1__group.1827__Z11	24	2x6	8	8	0	0	explicit
2-2s1s1s1s1__group.1815__Z25	24	2x2x2x2x2	10	10	0	0	explicit
2-2s1s1s1s1__group.1826__Z14	24	2x2x2x2x2x2	36	36	0	0	explicit
2-2s1s1s1s1__group.1818__Z4	24	2x2x2x6	32	32	0	0	explicit
2-2s1s1s1s1__group.1826__Z22	24	2x2x2	6	6	0	0	explicit
2-2s1s1s1s1__group.1816__Z1	24	2x2x2x2x2x2x2x2	43	43	0	0	explicit
2-2s1s1s1s1__group.1817__Z4	24	2x2x2	3	3	0	0	explicit
2-2s1s1s1s1__group.1826__Z30	24	2x2x2x2x2x2	16	16	0	0	explicit
2-2s1s1s1s1__group.1818__Z5	24	2x2x2x6	16	16	0	0	explicit
2-2s1s1s1s1__group.1827__Z12	24	2x2x2x2x6	20	20	0	0	explicit
2-2s1s1s1s1__group.1826__Z15	24	2x2x2x2x2x2	40	40	0	0	explicit
2-2s1s1s1s1__group.1826__Z35	24	2x2x2	6	6	0	0	explicit
2-2s1s1s1s1__group.1817__Z5	24	2x2x2x2x2	10	10	0	0	explicit
2-2s1s1s1s1__group.1816__Z10	24	2x2	3	3	0	0	explicit
2-2s1s1s1s1__group.1826__Z23	24	2x2x2x2x2x2	36	36	0	0	explicit
2-2s1s1s1s1__group.1818__Z6	24	2x2x2x6	12	12	0	0	explicit
2-2s1s1s1s1__group.1826__Z16	24	2x2x2x2	12	12	0	0	explicit
2-2s1s1s1s1__group.1827__Z13	24	2x2x2x2x2x2x2x6	120	120	0	0	explicit
2-2s1s1s1s1__group.1826__Z36	24	2x2x2x2x2x2	16	16	0	0	explicit
2-2s1s1s1s1__group.1826__Z31	24	2x2x2x2x2x2	36	36	0	0	explicit
2-2s1s1s1s1__group.1826__Z24	24	2x2x2x2x2x2	20	20	0	0	explicit
2-2s1s1s1s1__group.1827__Z6	24	2x6	4	4	0	0	explicit
2-2s1s1s1s1__group.1827__Z14	24	2x2x2x2x6	40	40	0	0	explicit
2-2s1s1s1s1__group.1818__Z7	24	2x2x2x2x2x6	80	80	0	0	explicit
2-2s1s1s1s1__group.1826__Z4	24	2x2x2x2	12	12	0	0	explicit
2-2s1s1s1s1__group.1826__Z32	24	2x2x2	6	6	0	0	explicit
2-2s1s1s1s1__group.1826__Z25	24	2x2x2	6	6	0	0	explicit
2-2s1s1s1s1__group.1817__Z6	24	2x2	3	3	0	0	explicit
2-2s1s1s1s1__group.1828__Z15	24	2x6	8	8	0	0	explicit
2-2s1s1s1s1__group.1827__Z15	24	2x2x2x2x6	48	48	0	0	explicit
2-2s1s1s1s1__group.1827__Z7	24	2x2x2x2x6	48	48	0	0	explicit
2-2s1s1s1s1__group.1826__Z5	24	2x2x2x2	8	8	0	0	explicit
2-2s1s1s1s1__group.1817__Z7	24	2x2	3	3	0	0	explicit
2-2s1s1s1s1__group.1827__Z3	24	2x2x2x2x6	48	48	0	0	explicit
2-2s1s1s1s1__group.1827__Z20	24	2x2x2x2x6	48	48	0	0	explicit
2-2s1s1s1s1__group.1827__Z8	24	2x6	8	8	0	0	explicit
2-2s1s1s1s1__group.1827__Z16	24	2x2x6	16	16	0	0	explicit
2-2s1s1s1s1__group.1828__Z24	24	2x2x6	16	16	0	0	explicit
2-2s1s1s1s1__group.1828__Z16	24	2x2x2x2x6	40	40	0	0	explicit
2-2s1s1s1s1__group.1817__Z8	24	2x2x2x2x2	6	6	0	0	explicit
2-2s1s1s1s1__group.1826__Z6	24	2x2x2	4	4	0	0	explicit
2-2s1s1s1s1__group.1817__Z9	24	1	1	1	0	0	trivial
2-2s1s1s1s1__group.1827__Z30	24	2x2x2x2x6	20	20	0	0	explicit
2-2s1s1s1s1__group.1827__Z17	24	2x2x6	8	8	0	0	explicit
2-2s1s1s1s1__group.1826__Z33	24	2x2x2	6	6	0	0	explicit
2-2s1s1s1s1__group.1827__Z21	24	2x6	8	8	0	0	explicit
2-2s1s1s1s1__group.1828__Z42	24	2x2x6	16	16	0	0	explicit
2-2s1s1s1s1__group.1827__Z9	24	2x6	8	8	0	0	explicit
2-2s1s1s1s1__group.1828__Z25	24	2x2x2x2x6	48	48	0	0	explicit
2-2s1s1s1s1__group.1827__Z18	24	2x6	4	4	0	0	explicit
2-2s1s1s1s1__group.1828__Z17	24	2x6	8	8	0	0	explicit
2-2s1s1s1s1__group.1826__Z7	24	2x2x2x2x2x2	36	36	0	0	explicit
2-2s1s1s1s1__group.1827__Z31	24	2x2x2x2x2	24	24	0	0	explicit
2-2s1s1s1s1__group.1828__Z26	24	2x2x6	16	16	0	0	explicit
2-2s1s1s1s1__group.1827__Z19	24	2x2x2x2x2x2x2x2	60	60	0	0	explicit
2-2s1s1s1s1__group.1828__Z43	24	2x2x2x2x6	48	48	0	0	explicit
2-2s1s1s1s1__group.1826__Z8	24	2x2x2	6	6	0	0	explicit
2-2s1s1s1s1__group.1818__Z1	24	2x2x2x2x2x2x2x2x6	240	240	0	0	explicit
2-2s1s1s1s1__group.1827__Z22	24	2x6	8	8	0	0	explicit
2-2s1s1s1s1__group.1828__Z18	24	2x6	8	8	0	0	explicit
2-2s1s1s1s1__group.1828__Z51	24	2x2x2x2x6	48	48	0	0	explicit
2-2s1s1s1s1__group.1827__Z32	24	2x2	4	4	0	0	explicit
2-2s1s1s1s1__group.1826__Z34	24	2x2x2x2x2x2	20	20	0	0	explicit
2-2s1s1s1s1__group.1828__Z1	24	2x2x2x2x2x2x2x6	288	288	0	0	explicit
2-2s1s1s1s1__group.1828__Z27	24	2x2x6	12	12	0	0	explicit
2-2s1s1s1s1__group.1829__Z18	24	2x2x2	6	6	0	0	explicit
2-2s1s1s1s1__group.1828__Z44	24	2x2x6	16	16	0	0	explicit
2-2s1s1s1s1__group.1827__Z33	24	2x2	4	4	0	0	explicit
2-2s1s1s1s1__group.1827__Z23	24	2x2x2x2x2	20	20	0	0	explicit
2-2s1s1s1s1__group.1828__Z52	24	2x6	8	8	0	0	explicit
2-2s1s1s1s1__group.1828__Z19	24	2x2x2x2x6	40	40	0	0	explicit
2-2s1s1s1s1__group.1828__Z28	24	2x6	6	6	0	0	explicit
2-2s1s1s1s1__group.1827__Z34	24	2x2x2x2x2	10	10	0	0	explicit
2-2s1s1s1s1__group.1827__Z24	24	2x2x2x2x6	20	20	0	0	explicit
2-2s1s1s1s1__group.1827__Z2	24	2x2x2x2x6	40	40	0	0	explicit
2-2s1s1s1s1__group.1826__Z9	24	2x2x2	6	6	0	0	explicit
2-2s1s1s1s1__group.1828__Z10	24	2x2x2x2x6	64	64	0	0	explicit
2-2s1s1s1s1__group.1828__Z45	24	2x2x6	12	12	0	0	explicit
2-2s1s1s1s1__group.1829__Z19	24	2x2x2x2x2x2	36	36	0	0	explicit
2-2s1s1s1s1__group.1827__Z25	24	2x6	8	8	0	0	explicit
2-2s1s1s1s1__group.1828__Z2	24	2x2x2x2x6	40	40	0	0	explicit
2-2s1s1s1s1__group.1827__Z35	24	2x2	4	4	0	0	explicit
2-2s1s1s1s1__group.1828__Z53	24	2x6	8	8	0	0	explicit
2-2s1s1s1s1__group.1828__Z11	24	2x6	8	8	0	0	explicit
2-2s1s1s1s1__group.1829__Z2	24	2x2x2x2x2x2	36	36	0	0	explicit
2-2s1s1s1s1__group.1828__Z29	24	2x2x2x2x2x2x2x6	288	288	0	0	explicit
2-2s1s1s1s1__group.1828__Z46	24	2x6	6	6	0	0	explicit
2-2s1s1s1s1__group.1829__Z27	24	2x2x2x2	12	12	0	0	explicit
2-2s1s1s1s1__group.1827__Z26	24	2x2x2x2x2	24	24	0	0	explicit
2-2s1s1s1s1__group.1827__Z36	24	2x2x2x2x2	10	10	0	0	explicit
2-2s1s1s1s1__group.1827__Z1	24	2x2x2x2x2x2x2x6	120	120	0	0	explicit
2-2s1s1s1s1__group.1828__Z33	24	2x2x2x2x6	40	40	0	0	explicit
2-2s1s1s1s1__group.1828__Z12	24	2x6	8	8	0	0	explicit
2-2s1s1s1s1__group.1828__Z9	24	2x6	6	6	0	0	explicit
2-2s1s1s1s1__group.1828__Z20	24	2x2x2x2x2x2x2x6	288	288	0	0	explicit
2-2s1s1s1s1__group.1828__Z54	24	2x2x2x2x6	40	40	0	0	explicit
2-2s1s1s1s1__group.1829__Z28	24	2x2x2	6	6	0	0	explicit
2-2s1s1s1s1__group.1827__Z27	24	2x2x2	8	8	0	0	explicit
2-2s1s1s1s1__group.1827__Z10	24	2x2x2x2x6	20	20	0	0	explicit
2-2s1s1s1s1__group.1827__Z4	24	2x2x6	16	16	0	0	explicit
2-2s1s1s1s1__group.1828__Z3	24	2x2x2x2x6	64	64	0	0	explicit
2-2s1s1s1s1__group.1828__Z47	24	2x2x2x2x6	40	40	0	0	explicit
2-2s1s1s1s1__group.1827__Z28	24	2x2x2	4	4	0	0	explicit
2-2s1s1s1s1__group.1827__Z5	24	2x2x6	8	8	0	0	explicit
2-2s1s1s1s1__group.1828__Z13	24	2x2x2x2x6	48	48	0	0	explicit
2-2s1s1s1s1__group.1828__Z21	24	2x2x2x2x6	40	40	0	0	explicit
2-2s1s1s1s1__group.1829__Z29	24	2x2x2x2x2x2x2x2x2	272	272	0	0	explicit
2-2s1s1s1s1__group.1829__Z1	24	2x2x2x2x2x2x2x2x2	272	272	0	0	explicit
2-2s1s1s1s1__group.1828__Z30	24	2x2x2x2x6	64	64	0	0	explicit
2-2s1s1s1s1__group.1828__Z55	24	2x6	8	8	0	0	explicit
2-2s1s1s1s1__group.1829__Z20	24	2x2x2x2x2x2x2x2x2	272	272	0	0	explicit
2-2s1s1s1s1__group.1827__Z29	24	2x2	2	2	0	0	explicit
2-2s1s1s1s1__group.1829__Z36	24	2x2x2	8	8	0	0	explicit
2-2s1s1s1s1__group.1828__Z14	24	2x6	8	8	0	0	explicit
2-2s1s1s1s1__group.1828__Z22	24	2x2x2x2x6	64	64	0	0	explicit
2-2s1s1s1s1__group.1828__Z34	24	2x2x2x2x6	48	48	0	0	explicit
2-2s1s1s1s1__group.1829__Z3	24	2x2x2x2x2x2	64	64	0	0	explicit
2-2s1s1s1s1__group.1828__Z48	24	2x2x2x2x6	64	64	0	0	explicit
2-2s1s1s1s1__group.1828__Z31	24	2x6	8	8	0	0	explicit
2-2s1s1s1s1__group.1829__Z21	24	2x2x2x2x2x2	36	36	0	0	explicit
2-2s1s1s1s1__group.1829__Z10	24	2x2x2x2x2x2	64	64	0	0	explicit
2-2s1s1s1s1__group.1828__Z56	24	2x6	8	8	0	0	explicit
2-2s1s1s1s1__group.1829__Z37	24	2x2x2x2x2x2	64	64	0	0	explicit
2-2s1s1s1s1__group.1828__Z23	24	2x2x2x2x6	64	64	0	0	explicit
2-2s1s1s1s1__group.1829__Z11	24	2x2x2	6	6	0	0	explicit
2-2s1s1s1s1__group.1829__Z22	24	2x2x2x2x2x2	64	64	0	0	explicit
2-2s1s1s1s1__group.1829__Z30	24	2x2x2x2x2x2	64	64	0	0	explicit
2-2s1s1s1s1__group.1828__Z49	24	2x6	8	8	0	0	explicit
2-2s1s1s1s1__group.1828__Z32	24	2x6	8	8	0	0	explicit
2-2s1s1s1s1__group.1829__Z38	24	2x2x2x2x2x2	40	40	0	0	explicit
2-2s1s1s1s1__group.1829__Z31	24	2x2x2	6	6	0	0	explicit
2-2s1s1s1s1__group.1829__Z12	24	2x2x2	6	6	0	0	explicit
2-2s1s1s1s1__group.1829__Z23	24	2x2x2x2x2x2	64	64	0	0	explicit
2-2s1s1s1s1__group.1828__Z35	24	2x6	8	8	0	0	explicit
2-2s1s1s1s1__group.1828__Z57	24	2x2x2x2x6	40	40	0	0	explicit
2-2s1s1s1s1__group.1829__Z54	24	2x2x2x2x2x2	40	40	0	0	explicit
2-2s1s1s1s1__group.1828__Z5	24	2x2x6	16	16	0	0	explicit
2-2s1s1s1s1__group.1829__Z39	24	2x2x2	8	8	0	0	explicit
2-2s1s1s1s1__group.1829__Z32	24	2x2x2	6	6	0	0	explicit
2-2s1s1s1s1__group.1829__Z24	24	2x2x2x2	16	16	0	0	explicit
2-2s1s1s1s1__group.1829__Z13	24	2x2x2x2x2x2	36	36	0	0	explicit
2-2s1s1s1s1__group.1852__Z3	48	2x2x2x2x2	16	16	0	0	explicit
2-2s1s1s1s1__group.1828__Z6	24	2x2x2x2x6	48	48	0	0	explicit
2-2s1s1s1s1__group.1829__Z55	24	2x2x2	8	8	0	0	explicit
2-2s1s1s1s1__group.1829__Z4	24	2x2x2x2x2x2	64	64	0	0	explicit
2-2s1s1s1s1__group.1829__Z33	24	2x2x2x2x2x2	36	36	0	0	explicit
2-2s1s1s1s1__group.1829__Z25	24	2x2x2x2x2x2	40	40	0	0	explicit
2-2s1s1s1s1__group.1829__Z45	24	2x2x2x2	12	12	0	0	explicit
2-2s1s1s1s1__group.1828__Z50	24	2x6	8	8	0	0	explicit
2-2s1s1s1s1__group.1829__Z14	24	2x2x2	8	8	0	0	explicit
2-2s1s1s1s1__group.1828__Z36	24	2x6	8	8	0	0	explicit
2-2s1s1s1s1__group.1829__Z56	24	2x2x2	6	6	0	0	explicit
2-2s1s1s1s1__group.1828__Z7	24	2x2x6	16	16	0	0	explicit
2-2s1s1s1s1__group.1829__Z26	24	2x2x2x2	12	12	0	0	explicit
2-2s1s1s1s1__group.1852__Z4	48	2x2x2x2x2	9	9	0	0	explicit
2-2s1s1s1s1__group.1829__Z40	24	2x2x2x2x2x2	64	64	0	0	explicit
2-2s1s1s1s1__group.1829__Z34	24	2x2x2x2x2x2	36	36	0	0	explicit
2-2s1s1s1s1__group.1853__Z12	48	2x2x2x2x2x2x2x2	52	52	0	0	explicit
2-2s1s1s1s1__group.1829__Z15	24	2x2x2	8	8	0	0	explicit
2-2s1s1s1s1__group.1829__Z46	24	2x2x2	6	6	0	0	explicit
2-2s1s1s1s1__group.1828__Z8	24	2x2x6	12	12	0	0	explicit
2-2s1s1s1s1__group.1829__Z35	24	2x2x2	8	8	0	0	explicit
2-2s1s1s1s1__group.1829__Z41	24	2x2x2	6	6	0	0	explicit
2-2s1s1s1s1__group.1853__Z30	48	2x2x2x2x2x2x2x2	52	52	0	0	explicit
2-2s1s1s1s1__group.1829__Z16	24	2x2x2x2x2x2	40	40	0	0	explicit
2-2s1s1s1s1__group.1852__Z5	48	2x2x2x2x2x2x2x2	60	60	0	0	explicit
2-2s1s1s1s1__group.1829__Z57	24	2x2x2x2x2x2	36	36	0	0	explicit
2-2s1s1s1s1__group.1829__Z42	24	2x2x2x2	16	16	0	0	explicit
2-2s1s1s1s1__group.1829__Z47	24	2x2x2x2x2x2	36	36	0	0	explicit
2-2s1s1s1s1__group.1828__Z37	24	2x2x2x2x6	64	64	0	0	explicit
2-2s1s1s1s1__group.1853__Z21	48	2x2x2x2	12	12	0	0	explicit
2-2s1s1s1s1__group.1829__Z17	24	2x2x2	8	8	0	0	explicit
2-2s1s1s1s1__group.1852__Z6	48	2x2x2x2	10	10	0	0	explicit
2-2s1s1s1s1__group.1829__Z43	24	2x2x2x2x2x2	40	40	0	0	explicit
2-2s1s1s1s1__group.1853__Z31	48	2x2x2x2x2x2x2x2	144	144	0	0	explicit
2-2s1s1s1s1__group.1853__Z7	48	2x2x2x2x2x2x2x2	144	144	0	0	explicit
2-2s1s1s1s1__group.1829__Z48	24	2x2x2x2x2x2	64	64	0	0	explicit
2-2s1s1s1s1__group.1828__Z38	24	2x2x2x2x6	40	40	0	0	explicit
2-2s1s1s1s1__group.1829__Z44	24	2x2x2x2	12	12	0	0	explicit
2-2s1s1s1s1__group.1853__Z22	48	2x2x2x2	12	12	0	0	explicit
2-2s1s1s1s1__group.1829__Z49	24	2x2x2	6	6	0	0	explicit
2-2s1s1s1s1__group.1852__Z7	48	2x2x2x2	9	9	0	0	explicit
2-2s1s1s1s1__group.1829__Z6	24	2x2x2x2x2x2	40	40	0	0	explicit
2-2s1s1s1s1__group.1828__Z39	24	2x6	8	8	0	0	explicit
2-2s1s1s1s1__group.1853__Z32	48	2x2x2x2	12	12	0	0	explicit
2-2s1s1s1s1__group.1853__Z13	48	2x2x2x2x2x2x2x2x2x2x2x2	752	752	0	0	explicit
2-2s1s1s1s1__group.1853__Z8	48	2x2x2x2	12	12	0	0	explicit
2-2s1s1s1s1__group.1829__Z5	24	2x2x2x2	16	16	0	0	explicit
2-2s1s1s1s1__group.1864__Z16	48	2x2x2x2x2x2x2x2	19	19	0	0	explicit
2-2s1s1s1s1__group.1829__Z50	24	2x2x2	6	6	0	0	explicit
2-2s1s1s1s1__group.1828__Z4	24	2x2x2x2x6	64	64	0	0	explicit
2-2s1s1s1s1__group.1853__Z23	48	2x2x2x2x2x2x2x2	136	136	0	0	explicit
2-2s1s1s1s1__group.1853__Z14	48	2x2x2x2x2x2x2x2	136	136	0	0	explicit
2-2s1s1s1s1__group.1853__Z9	48	2x2x2x2	12	12	0	0	explicit
2-2s1s1s1s1__group.1829__Z51	24	2x2x2x2x2x2	36	36	0	0	explicit
2-2s1s1s1s1__group.1864__Z2	48	2x2x2x2x2x2x2x2	88	88	0	0	explicit
2-2s1s1s1s1__group.1829__Z7	24	2x2x2x2	12	12	0	0	explicit
2-2s1s1s1s1__group.1866__Z10	48	2x2x2x2	9	9	0	0	explicit
2-2s1s1s1s1__group.1866__Z6	48	2x2x2x2x2	24	24	0	0	explicit
2-2s1s1s1s1__group.1875__Z2	48	2x2x2x2x2x2x2x6	384	384	0	0	explicit
2-2s1s1s1s1__group.1852__Z8	48	2x2x2x2x2x2x2x2	26	26	0	0	explicit
2-2s1s1s1s1__group.1828__Z40	24	2x2x2x2x6	64	64	0	0	explicit
2-2s1s1s1s1__group.1853__Z24	48	2x2x2x2x2x2x2x2	60	60	0	0	explicit
2-2s1s1s1s1__group.1829__Z52	24	2x2x2	8	8	0	0	explicit
2-2s1s1s1s1__group.1853__Z15	48	2x2x2x2x2x2x2x2	160	160	0	0	explicit
2-2s1s1s1s1__group.1864__Z3	48	2x2x2x2x2	16	16	0	0	explicit
2-2s1s1s1s1__group.1853__Z33	48	2x2x2x2	12	12	0	0	explicit
2-2s1s1s1s1__group.1875__Z3	48	2x2x2x2x6	32	32	0	0	explicit
2-2s1s1s1s1__group.1828__Z41	24	2x6	8	8	0	0	explicit
2-2s1s1s1s1__group.1829__Z53	24	2x2x2	8	8	0	0	explicit
2-2s1s1s1s1__group.1866__Z7	48	2x2x2	5	5	0	0	explicit
2-2s1s1s1s1__group.1866__Z11	48	2x2x2x2x2x2x2x2	144	144	0	0	explicit
2-2s1s1s1s1__group.1829__Z8	24	2x2x2x2	12	12	0	0	explicit
2-2s1s1s1s1__group.1853__Z25	48	2x2x2x2	12	12	0	0	explicit
2-2s1s1s1s1__group.1864__Z4	48	2x2x2	3	3	0	0	explicit
2-2s1s1s1s1__group.1853__Z16	48	2x2x2x2x2	24	24	0	0	explicit
2-2s1s1s1s1__group.1852__Z9	48	2	2	2	0	0	explicit
2-2s1s1s1s1__group.1901__Z3	96	2x2x2x2x2x2x2	64	64	0	0	explicit
2-2s1s1s1s1__group.1864__Z1	48	2x2x2x2x2x2x2x2x2x2x2x2	218	218	0	0	explicit
2-2s1s1s1s1__group.1866__Z12	48	2x2x2x2	10	10	0	0	explicit
2-2s1s1s1s1__group.1853__Z34	48	2x2x2x2x2x2x2x2	60	60	0	0	explicit
2-2s1s1s1s1__group.1875__Z4	48	2x2x2x2x2x2x2x6	288	288	0	0	explicit
2-2s1s1s1s1__group.1874__Z4	48	2x2x2x2x2x2	48	48	0	0	explicit
2-2s1s1s1s1__group.1866__Z8	48	2x2x2x2x2x2x2x2	144	144	0	0	explicit
2-2s1s1s1s1__group.1853__Z17	48	2x2x2x2x2	16	16	0	0	explicit
2-2s1s1s1s1__group.1864__Z5	48	2x2x2x2x2x2x2x2	60	60	0	0	explicit
2-2s1s1s1s1__group.1853__Z26	48	2x2x2x2x2x2x2x2	160	160	0	0	explicit
2-2s1s1s1s1__group.1829__Z9	24	2x2x2	6	6	0	0	explicit
2-2s1s1s1s1__group.1866__Z13	48	2x2x2x2	16	16	0	0	explicit
2-2s1s1s1s1__group.1874__Z5	48	2x2x2x2x2x2	32	32	0	0	explicit
2-2s1s1s1s1__group.1866__Z9	48	2x2x2x2	9	9	0	0	explicit
2-2s1s1s1s1__group.1875__Z5	48	2x2x2x2x6	64	64	0	0	explicit
2-2s1s1s1s1__group.1901__Z4	96	2x2x2x2	6	6	0	0	explicit
2-2s1s1s1s1__group.1864__Z6	48	2x2x2x2	6	6	0	0	explicit
2-2s1s1s1s1__group.1864__Z10	48	2x2x2x2x2x2x2x2	88	88	0	0	explicit
2-2s1s1s1s1__group.1853__Z18	48	2x2x2	4	4	0	0	explicit
2-2s1s1s1s1__group.1853__Z35	48	2x2x2x2	12	12	0	0	explicit
2-2s1s1s1s1__group.1853__Z27	48	2x2x2x2x2	24	24	0	0	explicit
2-2s1s1s1s1__group.1874__Z6	48	2x2x2x2	8	8	0	0	explicit
2-2s1s1s1s1__group.1875__Z6	48	2x2x6	8	8	0	0	explicit
2-2s1s1s1s1__group.1866__Z14	48	2x2x2x2	9	9	0	0	explicit
2-2s1s1s1s1__group.1864__Z11	48	2x2x2x2x2	16	16	0	0	explicit
2-2s1s1s1s1__group.1853__Z28	48	2x2x2x2x2	16	16	0	0	explicit
2-2s1s1s1s1__min.345__Z22	12	2x2x2	4	4	0	0	explicit
2-2s1s1s1s1__group.1864__Z7	48	2x2x2x2	9	9	0	0	explicit
2-2s1s1s1s1__min.345__Z23	12	2	2	2	0	0	explicit
2-2s1s1s1s1__group.1875__Z7	48	2x2x2x2x2x2x2x6	120	120	0	0	explicit
2-2s1s1s1s1__min.345__Z24	12	3	2	2	0	0	explicit
2-2s1s1s1s1__group.1874__Z7	48	2x2x2x2x2x2x2x2x2	272	272	0	0	explicit
2-2s1s1s1s1__group.1864__Z12	48	2x2x2	3	3	0	0	explicit
2-2s1s1s1s1__group.1866__Z15	48	2x2x2x2x2x2x2x2	76	76	0	0	explicit
2-2s1s1s1s1__group.1864__Z8	48	2x2x2x2x2x2x2x2	19	19	0	0	explicit
2-2s1s1s1s1__group.1852__Z1	48	2x2x2x2x2x2x2x2x2x2x2x2	218	218	0	0	explicit
2-2s1s1s1s1__group.1853__Z29	48	2x2x2	4	4	0	0	explicit
2-2s1s1s1s1__group.1853__Z19	48	2x2x2x2x2x2x2x2x2x2x2x2	752	752	0	0	explicit
2-2s1s1s1s1__min.345__Z25	12	2x2x2	4	4	0	0	explicit
2-2s1s1s1s1__min.345__Z26	12	1	1	1	0	0	trivial
2-2s1s1s1s1__min.345__Z13	12	6	4	4	0	0	explicit
2-2s1s1s1s1__min.345__Z3	12	2x2x6	12	12	0	0	explicit
2-2s1s1s1s1__group.1853__Z36	48	2x2x2x2x2x2x2x2	52	52	0	0	explicit
2-2s1s1s1s1__group.1866__Z2	48	2x2x2x2x2x2x2x2	88	88	0	0	explicit
2-2s1s1s1s1__group.1874__Z8	48	2x2x2x2x2x2x2x2x2	120	120	0	0	explicit
2-2s1s1s1s1__group.1875__Z8	48	2x2x2x2x2x2x2x6	320	320	0	0	explicit
2-2s1s1s1s1__group.1852__Z2	48	2x2x2x2x2x2x2x2	96	96	0	0	explicit
2-2s1s1s1s1__min.345__Z4	12	2x6	8	8	0	0	explicit
2-2s1s1s1s1__min.345__Z5	12	2x6	4	4	0	0	explicit
2-2s1s1s1s1__group.1853__Z3	48	2x2x2x2x2x2x2x2	160	160	0	0	explicit
2-2s1s1s1s1__group.1853__Z2	48	2x2x2x2x2x2x2x2	136	136	0	0	explicit
2-2s1s1s1s1__group.1864__Z13	48	2x2x2x2x2x2x2x2	60	60	0	0	explicit
2-2s1s1s1s1__min.345__Z6	12	2x6	4	4	0	0	explicit
2-2s1s1s1s1__min.345__Z14	12	2x2x2	6	6	0	0	explicit
2-2s1s1s1s1__group.1875__Z9	48	2x2x2x6	32	32	0	0	explicit
2-2s1s1s1s1__group.1874__Z9	48	2x2x2x2x2	24	24	0	0	explicit
2-2s1s1s1s1__min.345__Z7	12	2x2x2x2x2	10	10	0	0	explicit
2-2s1s1s1s1__group.1866__Z3	48	2x2x2x2x2x2x2x2	256	256	0	0	explicit
2-2s1s1s1s1__group.1864__Z14	48	2x2x2x2	6	6	0	0	explicit
2-2s1s1s1s1__group.1864__Z9	48	2x2x2x2x2x2x2x2x2x2x2x2	218	218	0	0	explicit
2-2s1s1s1s1__group.1853__Z20	48	2x2x2x2x2x2x2x2	144	144	0	0	explicit
2-2s1s1s1s1__min.345__Z15	12	2x2	4	4	0	0	explicit
2-2s1s1s1s1__group.1901__Z5	96	2x2x2x2x2x2x2x2x2x2x2	408	408	0	0	explicit
2-2s1s1s1s1__group.1853__Z1	48	2x2x2x2x2x2x2x2x2x2x2x2	752	752	0	0	explicit
2-2s1s1s1s1__group.1874__Z1	48	2x2x2x2x2x2x2x2x2x2x2x2x2	1504	1504	0	0	explicit
2-2s1s1s1s1__group.1866__Z4	48	2x2x2x2x2	24	24	0	0	explicit
2-2s1s1s1s1__min.345__Z8	12	2x2x6	12	12	0	0	explicit
2-2s1s1s1s1__min.345__Z16	12	2x2	2	2	0	0	explicit
2-2s1s1s1s1__group.1853__Z4	48	2x2x2x2x2	24	24	0	0	explicit
2-2s1s1s1s1__min.345__Z9	12	6	4	4	0	0	explicit
2-2s1s1s1s1__group.1864__Z15	48	2x2x2x2	9	9	0	0	explicit
2-2s1s1s1s1__min.345__Z17	12	2x2	2	2	0	0	explicit
2-2s1s1s1s1__min.345__Z18	12	2x2x6	8	8	0	0	explicit
2-2s1s1s1s1__group.1853__Z10	48	2x2x2x2x2x2x2x2	60	60	0	0	explicit
2-2s1s1s1s1__min.346__Z1	12	2x2x2x2x6	40	40	0	0	explicit
2-2s1s1s1s1__group.1874__Z10	48	2x2x2x2x2	20	20	0	0	explicit
2-2s1s1s1s1__group.1866__Z5	48	2x2x2x2x2x2x2x2	88	88	0	0	explicit
2-2s1s1s1s1__group.1901__Z6	96	2x2x2x2x2x2	21	21	0	0	explicit
2-2s1s1s1s1__min.345__Z19	12	2x2x2	6	6	0	0	explicit
2-2s1s1s1s1__min.346__Z10	12	2x2x2x2x6	40	40	0	0	explicit
2-2s1s1s1s1__min.345__Z2	12	2x2x6	12	12	0	0	explicit
2-2s1s1s1s1__group.1853__Z11	48	2x2x2x2	12	12	0	0	explicit
2-2s1s1s1s1__group.1874__Z11	48	2x2x2x2x2	24	24	0	0	explicit
2-2s1s1s1s1__min.345__Z20	12	2	2	2	0	0	explicit
2-2s1s1s1s1__group.1853__Z5	48	2x2x2x2x2	16	16	0	0	explicit
2-2s1s1s1s1__min.346__Z11	12	2x2x6	16	16	0	0	explicit
2-2s1s1s1s1__min.346__Z17	12	6	4	4	0	0	explicit
2-2s1s1s1s1__min.345__Z21	12	2	2	2	0	0	explicit
2-2s1s1s1s1__min.346__Z12	12	6	4	4	0	0	explicit
2-2s1s1s1s1__group.1866__Z1	48	2x2x2x2x2x2x2x2x2x2x2x2	1104	1104	0	0	explicit
2-2s1s1s1s1__min.346__Z35	12	2x2x6	12	12	0	0	explicit
2-2s1s1s1s1__group.1874__Z12	48	2x2x2x2x2x2x2x2x2	104	104	0	0	explicit
2-2s1s1s1s1__min.346__Z13	12	6	4	4	0	0	explicit
2-2s1s1s1s1__min.346__Z18	12	2x2x6	16	16	0	0	explicit
2-2s1s1s1s1__group.1901__Z7	96	2x2x2x2x2x2	30	30	0	0	explicit
2-2s1s1s1s1__group.1853__Z6	48	2x2x2	4	4	0	0	explicit
2-2s2-1c2-1__min.353__Z2	24	2x2	3	3	0	0	explicit
2-2s2-1c2-1__min.353__Z3	24	1	1	1	0	0	trivial
2-2s1s1s1s1__min.346__Z36	12	6	4	4	0	0	explicit
2-2s1s1s1s1__min.346__Z19	12	2x2x6	12	12	0	0	explicit
2-2s2-1c2-1__min.354__Z1	24	2x2	2	2	0	0	explicit
2-2s1s1s1s1__min.346__Z26	12	2x6	8	8	0	0	explicit
2-2s1s1s1s1__min.346__Z14	12	2x2x6	12	12	0	0	explicit
2-2s2-1c2-1__min.354__Z2	24	2x2	3	3	0	0	explicit
2-2s2-1c2-1__min.354__Z3	24	1	1	1	0	0	trivial
2-2s1s1s1s1__min.346__Z2	12	2x2x6	12	12	0	0	explicit
2-2s2-1pc2-1p__group.1903__Z1	24	2x2	2	2	0	0	explicit
2-2s1s1s1s1__group.1874__Z2	48	2x2x2x2x2x2x2x2x2	320	320	0	0	explicit
2-2s1s1s1s1__min.346__Z37	12	6	4	4	0	0	explicit
2-2s2-1pc2-1p__min.349__Z1	12	1	1	1	0	0	trivial
2-2s1s1s1s1__min.346__Z8	12	2x6	8	8	0	0	explicit
2-2s2-1pc2-1p__min.350__Z1	12	1	1	1	0	0	trivial
2-2s1s1s1s1__min.346__Z15	12	2x2x6	12	12	0	0	explicit
2-2s2-1s1c1__group.1916__Z1	24	2x2x2	4	4	0	0	explicit
2-2s1s1s1s1__min.346__Z27	12	2x6	6	6	0	0	explicit
2-2s1s1s1s1__min.346__Z20	12	6	4	4	0	0	explicit
2-2s1s1s1s1__min.346__Z38	12	3	2	2	0	0	explicit
2-2s1s1s1s1__group.1875__Z1	48	2x2x2x2x2x2x2x2x2x2x2x6	1632	1632	0	0	explicit
2-2s1s1s1s1__min.346__Z9	12	2x6	6	6	0	0	explicit
2-2s1s1s1s1__min.346__Z16	12	6	4	4	0	0	explicit
2-2s2-1s1c1__group.1916__Z2	24	2x2	3	3	0	0	explicit
2-2s1s1s1s1__min.346__Z28	12	2x2x6	12	12	0	0	explicit
2-2s2-1c2-1__group.1908__Z1	48	2x2x2x2	5	5	0	0	explicit
2-2s1s1s1s1__min.346__Z21	12	2x2x6	16	16	0	0	explicit
2-2s1s1s1s1__group.1874__Z3	48	2x2x2x2x2x2x2x2x2	272	272	0	0	explicit
2-2s1s1s1s1__min.346__Z39	12	2x2x6	12	12	0	0	explicit
2-2s2-1c2-1__group.1908__Z2	48	2x2x2x2	10	10	0	0	explicit
2-2s1s1s1s1__group.1901__Z8	96	2x2x2x2x2x2x2x2x2x2x2	114	114	0	0	explicit
2-2s1s1s1s1__min.346__Z22	12	6	4	4	0	0	explicit
2-2s1s1s1s1__group.1875__Z10	48	2x2x2x6	24	24	0	0	explicit
2-2s1s1s1s1__min.346__Z29	12	2x2x6	16	16	0	0	explicit
2-2s2-1c2-1__group.1908__Z3	48	2	2	2	0	0	explicit
2-2s1s1s1s1__min.346__Z4	12	2x2x6	16	16	0	0	explicit
2-2s1s1s1s1__min.345__Z1	12	2x2x2x2x6	20	20	0	0	explicit
2-2s2-1c2-1__min.352__Z1	24	2x2	2	2	0	0	explicit
2-2s1s1s1s1__min.345__Z10	12	6	4	4	0	0	explicit
2-2s2-1s1c1__group.1950__Z4	24	2x2	3	3	0	0	explicit
2-2s1s1s1s1__min.346__Z3	12	2x2x6	16	16	0	0	explicit
2-2s1s1s1s1__min.346__Z23	12	2x6	8	8	0	0	explicit
2-2s2-1c2-1__min.352__Z2	24	2x2	4	4	0	0	explicit
2-2s1s1s1s1__group.1875__Z11	48	2x2x2x6	32	32	0	0	explicit
2-2s2-1s1c1__group.1950__Z5	24	2x2x2	4	4	0	0	explicit
2-2s2-1c2-1__min.352__Z3	24	1	1	1	0	0	trivial
2-2s2-1s1c1__group.1916__Z3	24	2x2x2	4	4	0	0	explicit
2-2s1s1s1s1__min.346__Z40	12	3	2	2	0	0	explicit
2-2s2-1c2-1__min.352__Z4	24	2x2	2	2	0	0	explicit
2-2s1s1s1s1__min.345__Z11	12	2x2x2	6	6	0	0	explicit
2-2s2-1s1c1__group.1950__Z6	24	2x2	3	3	0	0	explicit
2-2s2-1c2-1__min.353__Z1	24	2x2	2	2	0	0	explicit
2-2s1s1s1s1__min.346__Z24	12	2x2x6	12	12	0	0	explicit
2-2s1s1s1s1__min.346__Z30	12	6	4	4	0	0	explicit
2-2s1s1s1s1__min.345__Z12	12	2x2x6	8	8	0	0	explicit
2-2s2-1s1c1__group.1956__Z1	24	2x12x12	12	12	0	0	explicit
2-2s2-1s1c1__group.1921__Z1	24	2x2x2	4	4	0	0	explicit
2-2s2-1s1c1__group.1949__Z3	24	2x4x12	12	12	0	0	explicit
2-2s2-1s1c1__group.1950__Z7	24	2x2x2	4	4	0	0	explicit
2-2s1s1s1s1__min.346__Z5	12	2x6	8	8	0	0	explicit
2-2s2-1s1c1__group.1956__Z2	24	6x12	8	8	0	0	explicit
2-2s2-1s1c1__group.1916__Z4	24	2x2	3	3	0	0	explicit
2-2s2-1s1c1__group.1921__Z2	24	2x2	3	3	0	0	explicit
2-2s2-1s1c1__group.1956__Z3	24	2x12x12	12	12	0	0	explicit
2-2s1s1s1s1__min.346__Z25	12	2x6	6	6	0	0	explicit
2-2s2-1s1c1__group.1917__Z1	24	2x2x2	4	4	0	0	explicit
2-2s1s1s1s1__min.346__Z6	12	2x2x6	12	12	0	0	explicit
2-2s1s1s1s1__min.346__Z31	12	6	4	4	0	0	explicit
2-2s2-1s1c1__group.1948__Z1	24	2x2x2x2x2	10	10	0	0	explicit
2-2s2-1s1c1__group.1956__Z4	24	6x12	8	8	0	0	explicit
2-2s2-1s1c1__group.1950__Z8	24	2x2	3	3	0	0	explicit
2-2s2-1s1c1__group.1917__Z2	24	2x2	3	3	0	0	explicit
2-2s2-1s1c1__group.1949__Z4	24	2x12	8	8	0	0	explicit
2-2s1s1s1s1__group.1875__Z12	48	2x2x2x2x2x2x2x6	120	120	0	0	explicit
2-2s2-1s1c1__group.1957__Z1	24	2x2x2	4	4	0	0	explicit
2-2s2-1s1c1__group.1950__Z9	24	2x2x2	4	4	0	0	explicit
2-2s2-1s1c1__group.1948__Z2	24	2x2x2x2	9	9	0	0	explicit
2-2s1s1s1s1__min.346__Z7	12	2x6	6	6	0	0	explicit
2-2s2-1s1c1__group.1918__Z1	24	2x2x2	4	4	0	0	explicit
2-2s2-1s1c1__group.1957__Z7	24	2x2x2	4	4	0	0	explicit
2-2s2-1s1c1__group.1949__Z5	24	2x12x12	12	12	0	0	explicit
2-2s2-1s1c1__group.1955__Z1	24	2x2x2x2x2	10	10	0	0	explicit
2-2s2-1s1c1__group.1948__Z3	24	2x2x2x2x2	10	10	0	0	explicit
2-2s2-1s1c1__group.1957__Z2	24	2x2	3	3	0	0	explicit
2-2s2-1s1c1__group.1949__Z6	24	6x12	8	8	0	0	explicit
2-2s2-1s1c1__group.1918__Z2	24	2x2	3	3	0	0	explicit
2-2s2-1s1c1__group.1957__Z8	24	2x2	3	3	0	0	explicit
2-2s2-1s1c1__group.1957__Z3	24	2x2x2	4	4	0	0	explicit
2-2s1s1s1s1__min.346__Z32	12	2x2x6	12	12	0	0	explicit
2-2s2-1s1c1__group.1955__Z2	24	2x2x2x2	9	9	0	0	explicit
2-2s2-1s1c1__group.1948__Z4	24	2x2x2x2	9	9	0	0	explicit
2-2s2-1s1c1__group.1919__Z1	24	2x2x2	4	4	0	0	explicit
2-2s2-1s1c1__group.1950__Z1	24	2x2x2	4	4	0	0	explicit
2-2s2-1s1c1__group.1998__Z1	48	2x2x2x2x2x2	20	20	0	0	explicit
2-2s2-1s1c1__group.1957__Z4	24	2x2	3	3	0	0	explicit
2-2s2-1s1c1__group.1955__Z3	24	2x2x2x2x2	10	10	0	0	explicit
2-2s2-1s1c1__group.1958__Z1	48	2x2x2x2x2x2	20	20	0	0	explicit
2-2s2-1s1c1__group.1919__Z2	24	2x2	3	3	0	0	explicit
2-2s2-1s1c1__group.1950__Z10	24	2x2	3	3	0	0	explicit
2-2s2-1s1c1__group.2006__Z3	48	2x2x2x2x2x2	20	20	0	0	explicit
2-2s2-1s1c1__group.1957__Z5	24	2x2x2	4	4	0	0	explicit
2-2s2-1s1c1__group.1948__Z5	24	2x2x2x2x2	10	10	0	0	explicit
2-2s2-1s1c1__group.1955__Z4	24	2x2x2x2	9	9	0	0	explicit
2-2s1s1s1s1__min.346__Z33	12	6	4	4	0	0	explicit
2-2s2-1s1c1__group.1957__Z6	24	2x2	3	3	0	0	explicit
2-2s2-1s1c1__group.1920__Z1	24	2x2x2x12x12	32	32	0	0	explicit
2-2s2-1s1c1__group.1998__Z2	48	2x2x2x2	9	9	0	0	explicit
2-2s2-1s1c1__group.1958__Z2	48	2x2x2x2	9	9	0	0	explicit
2-2s2-1s1c1__group.1950__Z11	24	2x2x2	4	4	0	0	explicit
2-2s2-1s1c1__group.2006__Z4	48	2x2x2x2	9	9	0	0	explicit
2-2s2-1s1c1__group.1920__Z2	24	2x2x6x12	26	26	0	0	explicit
2-2s2-1s1c1__group.1998__Z3	48	2x2x2x2x2x2	20	20	0	0	explicit
2-2s2-1s1c1__group.1984__Z1	48	2x2x2x2x2x2	20	20	0	0	explicit
2-2s2-1s1c1__group.1948__Z6	24	2x2x2x2	9	9	0	0	explicit
2-2s2-1s1c1__group.2024__Z1	96	2x2x2x2x2x2x2x2x2	120	120	0	0	explicit
2-2s1s1s1s1__min.346__Z34	12	6	4	4	0	0	explicit
2-2s2-1s1c1__group.1950__Z12	24	2x2	3	3	0	0	explicit
2-2s2-1s1c1__group.1949__Z1	24	2x12x12	12	12	0	0	explicit
2-2s2-1s1c1__group.1998__Z4	48	2x2x2x2	9	9	0	0	explicit
2-2s2-1s1c1__group.2007__Z1	48	2x2x2x2x12x12	64	64	0	0	explicit
2-2s2-1s1c1__group.1984__Z2	48	2x2x2x2	9	9	0	0	explicit
2-2s2-1s1c1__group.1950__Z2	24	2x2	3	3	0	0	explicit
2-2s2-1s1c1__group.1949__Z2	24	6x12	8	8	0	0	explicit
2-2s2-1s1c1__group.2003__Z1	48	2x2x2x2x2x2	20	20	0	0	explicit
2-2s2-1s1c1__group.1950__Z3	24	2x2x2	4	4	0	0	explicit
2-2s2-1s1c1__group.1984__Z3	48	2x2x2x2x2x2	20	20	0	0	explicit
2-2s2-1s1c1__group.2007__Z2	48	2x2x6x12	26	26	0	0	explicit
2-2s2-1s1s1__group.2072__Z10	24	2x2	4	4	0	0	explicit
2-2s2-1s1c1__group.2024__Z2	96	2x2x2x2x2x2	30	30	0	0	explicit
2-2s2-1s1c1__min.361__Z1	12	12x12	6	6	0	0	explicit
2-2s2-1s1s1__group.2072__Z7	24	2x2	3	3	0	0	explicit
2-2s2-1s1c1__min.359__Z1	12	12x12	6	6	0	0	explicit
2-2s2-1s1c1__group.2003__Z2	48	2x2x2x2	9	9	0	0	explicit
2-2s2-1s1c1__group.1984__Z4	48	2x2x2x2	9	9	0	0	explicit
2-2s2-1s1c1__min.361__Z2	12	6x12	8	8	0	0	explicit
2-2s2-1s1c1__min.362__Z1	12	1	1	1	0	0	trivial
2-2s2-1s1c1__min.359__Z2	12	6x12	8	8	0	0	explicit
2-2s2-1s1s1__group.2072__Z11	24	2x2	4	4	0	0	explicit
2-2s2-1s1c1__group.2008__Z1	48	2x2x2x2x2x2x2x2	60	60	0	0	explicit
2-2s2-1s1c1__min.362__Z2	12	1	1	1	0	0	trivial
2-2s2-1s1s1__group.2072__Z8	24	2x2	4	4	0	0	explicit
2-2s2-1s1s1__group.2072__Z12	24	1	1	1	0	0	trivial
2-2s2-1s1c1__min.359__Z3	12	4x12	6	6	0	0	explicit
2-2s2-1s1c1__group.2003__Z3	48	2x2x2x2x2x2	20	20	0	0	explicit
2-2s2-1s1s1__group.2072__Z13	24	2x2	3	3	0	0	explicit
2-2s2-1s1s1__group.2072__Z14	24	1	1	1	0	0	trivial
2-2s2-1s1c1__group.2008__Z2	48	2x2x2x2x2x2	30	30	0	0	explicit
2-2s2-1s1c1__group.1984__Z5	48	2x2x2x2x2x2	20	20	0	0	explicit
2-2s2-1s1c1__group.2003__Z4	48	2x2x2x2	9	9	0	0	explicit
2-2s2-1s1c1__min.359__Z4	12	2x12	8	8	0	0	explicit
2-2s2-1s1s1__group.2081__Z5	24	2x6	8	8	0	0	explicit
2-2s2-1s1s1__group.2082__Z3	24	2x2	4	4	0	0	explicit
2-2s2-1s1s1__group.2072__Z9	24	2x2	4	4	0	0	explicit
2-2s2-1s1c1__min.360__Z1	12	1	1	1	0	0	trivial
2-2s2-1s1s1__group.2072__Z2	24	2x2	4	4	0	0	explicit
2-2s2-1s1c1__min.360__Z2	12	1	1	1	0	0	trivial
2-2s2-1s1c1__min.360__Z3	12	1	1	1	0	0	trivial
2-2s2-1s1s1__group.2082__Z4	24	2x2	4	4	0	0	explicit
2-2s2-1s1s1__group.2081__Z6	24	2x12	12	14	2	0	explicit
2-2s2-1s1s1__group.2072__Z3	24	2x2	4	4	0	0	explicit
2-2s2-1s1c1__min.360__Z4	12	1	1	1	0	0	trivial
2-2s2-1s1c1__group.2006__Z1	48	2x2x2x2x2x2	20	20	0	0	explicit
2-2s2-1s1s1__group.2089__Z12	24	3	2	2	0	0	explicit
2-2s2-1s1s1__group.2082__Z5	24	2	2	2	0	0	explicit
2-2s2-1s1s1__group.2072__Z4	24	2x2	4	4	0	0	explicit
2-2s2-1s1s1__group.2081__Z7	24	2x2x2x12	48	56	8	0	explicit
2-2s2-1s1s1__group.2082__Z6	24	2	2	2	0	0	explicit
2-2s2-1s1s1__group.2081__Z1	24	2x2x2x12	48	56	8	0	explicit
2-2s2-1s1s1__group.2072__Z5	24	2x2	4	4	0	0	explicit
2-2s2-1s1s1__group.2081__Z8	24	2x12	12	14	2	0	explicit
2-2s2-1s1s1__group.2082__Z7	24	2x2x2	8	8	0	0	explicit
2-2s2-1s1s1__group.2089__Z13	24	2x2	4	4	0	0	explicit
2-2s2-1s1c1__group.2011__Z1	48	2x2x2x2x2x2	20	20	0	0	explicit
2-2s2-1s1c1__group.2006__Z2	48	2x2x2x2	9	9	0	0	explicit
2-2s2-1s1s1__group.2089__Z14	24	1	1	1	0	0	trivial
2-2s2-1s1s1__group.2081__Z9	24	2x2x6	16	16	0	0	explicit
2-2s2-1s1s1__group.2072__Z6	24	2x2x2	8	8	0	0	explicit
2-2s2-1s1c1__group.1984__Z6	48	2x2x2x2	9	9	0	0	explicit
2-2s2-1s1s1__group.2089__Z30	24	2x6	8	8	0	0	explicit
2-2s2-1s1s1__group.2082__Z1	24	2x2x2	8	8	0	0	explicit
2-2s2-1s1s1__group.2082__Z8	24	2	2	2	0	0	explicit
2-2s2-1s1s1__group.2089__Z15	24	2x2x12	24	28	4	0	explicit
2-2s2-1s1s1__group.2081__Z10	24	2x2x12	24	28	4	0	explicit
2-2s2-1s1s1__group.2089__Z31	24	6	4	4	0	0	explicit
2-2s2-1s1s1__group.2089__Z16	24	2x6	8	8	0	0	explicit
2-2s2-1s1s1__group.2082__Z10	24	2x2	4	4	0	0	explicit
2-2s2-1s1s1__group.2089__Z21	24	12	6	7	1	0	explicit
2-2s2-1s1s1__group.2089__Z17	24	2x12	12	14	2	0	explicit
2-2s2-1s1s1__group.2081__Z11	24	2x6	8	8	0	0	explicit
2-2s2-1s1s1__group.2082__Z11	24	2	2	2	0	0	explicit
2-2s2-1s1s1__group.2089__Z32	24	2x6	8	8	0	0	explicit
2-2s2-1s1s1__group.2045__Z1	192	2x2x2x2x2x2x2x2x2x2x2x2	2112	2112	0	0	explicit
2-2s2-1s1s1__group.2089__Z22	24	2x2	4	4	0	0	explicit
2-2s2-1s1s1__group.2089__Z18	24	2x6	8	8	0	0	explicit
2-2s2-1s1s1__group.2082__Z12	24	2	2	2	0	0	explicit
2-2s2-1s1s1__group.2081__Z12	24	2x12	12	14	2	0	explicit
2-2s2-1s1s1__group.2089__Z33	24	3	2	2	0	0	explicit
2-2s2-1s1s1__group.2082__Z9	24	2x2	4	4	0	0	explicit
2-2s2-1s1s1__group.2089__Z4	24	2x6	8	8	0	0	explicit
2-2s2-1s1s1__group.2089__Z19	24	2x6	8	8	0	0	explicit
2-2s2-1s1s1__group.2089__Z23	24	2x4	6	6	0	0	explicit
2-2s2-1s1s1__group.2082__Z2	24	2	2	2	0	0	explicit
2-2s2-1s1s1__group.2089__Z1	24	2x2x12	24	28	4	0	explicit
2-2s2-1s1s1__group.2089__Z5	24	6	4	4	0	0	explicit
2-2s2-1s1s1__group.2089__Z34	24	2x2x12	24	28	4	0	explicit
2-2s2-1s1s1__group.2089__Z2	24	2x6	8	8	0	0	explicit
2-2s2-1s1c1__group.2011__Z2	48	2x2x2x2	9	9	0	0	explicit
2-2s2-1s1s1__group.2081__Z2	24	2x12	12	14	2	0	explicit
2-2s2-1s1s1__group.2089__Z24	24	2x2	4	4	0	0	explicit
2-2s2-1s1s1__group.2089__Z35	24	2x6	8	8	0	0	explicit
2-2s2-1s1s1__group.2089__Z6	24	2x2x4	12	12	0	0	explicit
2-2s2-1s1s1__group.2089__Z10	24	2x2	4	4	0	0	explicit
2-2s2-1s1s1__group.2089__Z20	24	2x2x4	12	12	0	0	explicit
2-2s2-1s1s1__group.2090__Z13	24	12	6	7	1	0	explicit
2-2s2-1s1s1__group.2089__Z25	24	2x2	4	4	0	0	explicit
2-2s2-1s1s1__group.2089__Z7	24	2x6	8	8	0	0	explicit
2-2s2-1s1s1__group.2089__Z36	24	2x12	12	14	2	0	explicit
2-2s2-1s1c1__group.2011__Z3	48	2x2x2x2x2x2	20	20	0	0	explicit
2-2s2-1s1s1__group.2089__Z11	24	2	2	2	0	0	explicit
2-2s2-1s1s1__group.2081__Z3	24	2x2x6	16	16	0	0	explicit
2-2s2-1s1s1__group.2090__Z14	24	2x2x12	24	28	4	0	explicit
2-2s2-1s1s1__group.2089__Z37	24	2x6	8	8	0	0	explicit
2-2s2-1s1s1__group.2089__Z8	24	2x2	4	4	0	0	explicit
2-2s2-1s1s1__group.2089__Z26	24	4	3	3	0	0	explicit
2-2s2-1s1s1__group.2090__Z15	24	2x6	8	8	0	0	explicit
2-2s2-1s1s1__group.2081__Z4	24	2x2x12	24	28	4	0	explicit
2-2s2-1s1s1__group.2089__Z38	24	2x6	8	8	0	0	explicit
2-2s2-1s1s1__group.2089__Z27	24	2x2x12	24	28	4	0	explicit
2-2s2-1s1s1__group.2089__Z9	24	2x4	6	6	0	0	explicit
2-2s2-1s1c1__group.2011__Z4	48	2x2x2x2	10	10	0	0	explicit
2-2s2-1s1s1__group.2090__Z16	24	2x12	12	14	2	0	explicit
2-2s2-1s1s1__group.2089__Z39	24	12	6	7	1	0	explicit
2-2s2-1s1s1__group.2090__Z1	24	2x2x12	24	28	4	0	explicit
2-2s2-1s1s1__group.2089__Z28	24	2x6	8	8	0	0	explicit
2-2s2-1s1s1__group.2090__Z22	24	2x12	12	14	2	0	explicit
2-2s2-1s1s1__group.2090__Z17	24	2x6	8	8	0	0	explicit
2-2s2-1s1s1__group.2090__Z10	24	2x12	12	14	2	0	explicit
2-2s2-1s1s1__group.2090__Z23	24	2x6	8	8	0	0	explicit
2-2s2-1s1s1__group.2089__Z29	24	2x12	12	14	2	0	explicit
2-2s2-1s1s1__group.2090__Z18	24	6	4	4	0	0	explicit
2-2s2-1s1s1__group.2090__Z11	24	2x6	8	8	0	0	explicit
2-2s2-1s1s1__group.2090__Z31	24	2x6	8	8	0	0	explicit
2-2s2-1s1s1__group.2089__Z3	24	2x12	12	14	2	0	explicit
2-2s2-1s1s1__group.2090__Z19	24	2x2x12	24	28	4	0	explicit
2-2s2-1s1s1__group.2090__Z12	24	2x6	8	8	0	0	explicit
2-2s2-1s1s1__group.2090__Z24	24	6	4	4	0	0	explicit
2-2s2-1s1s1__group.2090__Z32	24	2x6	8	8	0	0	explicit
2-2s2-1s1s1__group.2090__Z2	24	2x6	8	8	0	0	explicit
2-2s2-1s1s1__group.2091__Z14	24	2	2	2	0	0	explicit
2-2s2-1s1s1__group.2045__Z2	192	2x2x2x2x2x2x2	96	96	0	0	explicit
2-2s2-1s1s1__group.2090__Z20	24	2x6	8	8	0	0	explicit
2-2s2-1s1s1__group.2090__Z25	24	3	2	2	0	0	explicit
2-2s2-1s1s1__group.2090__Z5	24	6	4	4	0	0	explicit
2-2s2-1s1s1__group.2091__Z15	24	2x2x2x2	16	16	0	0	explicit
2-2s2-1s1s1__group.2091__Z32	24	2x2x2	6	6	0	0	explicit
2-2s2-1s1s1__group.2091__Z23	24	2x2x2	8	8	0	0	explicit
2-2s2-1s1s1__group.2090__Z21	24	2x6	8	8	0	0	explicit
2-2s2-1s1s1__group.2090__Z6	24	2x6	8	8	0	0	explicit
2-2s2-1s1s1__group.2090__Z26	24	2x6	8	8	0	0	explicit
2-2s2-1s1s1__group.2091__Z33	24	2	2	2	0	0	explicit
2-2s2-1s1s1__group.2090__Z33	24	2x2x12	24	28	4	0	explicit
2-2s2-1s1s1__group.2090__Z7	24	3	2	2	0	0	explicit
2-2s2-1s1s1__group.2091__Z24	24	2x2x2	8	8	0	0	explicit
2-2s2-1s1s1__group.2091__Z34	24	2x2x2x2	16	16	0	0	explicit
2-2s2-1s1s1__group.2090__Z27	24	3	2	2	0	0	explicit
2-2s2-1s1s1__group.2090__Z34	24	12	6	7	1	0	explicit
2-2s2-1s1s1__group.2091__Z16	24	2x2x2	6	6	0	0	explicit
2-2s2-1s1s1__group.2090__Z8	24	2x2x12	24	28	4	0	explicit
2-2s2-1s1s1__group.2091__Z35	24	2x2x2	6	6	0	0	explicit
2-2s2-1s1s1__group.2090__Z28	24	2x2x12	24	28	4	0	explicit
2-2s2-1s1s1__group.2091__Z6	24	2x2x2x2	16	16	0	0	explicit
2-2s2-1s1s1__group.2090__Z9	24	2x6	8	8	0	0	explicit
2-2s2-1s1s1__group.2090__Z35	24	2x6	8	8	0	0	explicit
2-2s2-1s1s1__group.2091__Z25	24	2x2x2	6	6	0	0	explicit
2-2s2-1s1s1__group.2091__Z36	24	2x2x2	8	8	0	0	explicit
2-2s2-1s1s1__group.2090__Z29	24	2x6	8	8	0	0	explicit
2-2s2-1s1s1__group.2091__Z1	24	2x2x2x2	16	16	0	0	explicit
2-2s2-1s1s1__group.2091__Z7	24	2x2x2	6	6	0	0	explicit
2-2s2-1s1s1__group.2091__Z17	24	2x2x2	8	8	0	0	explicit
2-2s2-1s1s1__group.2090__Z36	24	2x12	12	14	2	0	explicit
2-2s2-1s1s1__group.2092__Z33	24	2x2x2x2	16	16	0	0	explicit
2-2s2-1s1s1__group.2091__Z26	24	2x2	4	4	0	0	explicit
2-2s2-1s1s1__group.2091__Z37	24	2x2x2	8	8	0	0	explicit
2-2s2-1s1s1__group.2090__Z3	24	2x12	12	14	2	0	explicit
2-2s2-1s1s1__group.2091__Z10	24	2x2x2	8	8	0	0	explicit
2-2s2-1s1s1__group.2091__Z8	24	2x2x2	6	6	0	0	explicit
2-2s2-1s1s1__group.2090__Z37	24	2x6	8	8	0	0	explicit
2-2s2-1s1s1__group.2092__Z34	24	2x2	4	4	0	0	explicit
2-2s2-1s1s1__group.2045__Z3	192	2x2x2x2x2x2x2x2	256	256	0	0	explicit
2-2s2-1s1s1__group.2091__Z27	24	2x2x2x2	16	16	0	0	explicit
2-2s2-1s1s1__group.2090__Z30	24	2x12	12	14	2	0	explicit
2-2s2-1s1s1__group.2091__Z38	24	2x2x2	6	6	0	0	explicit
2-2s2-1s1s1__group.2091__Z9	24	2x2x2	8	8	0	0	explicit
2-2s2-1s1s1__group.2092__Z15	24	2x2x2	6	6	0	0	explicit
2-2s2-1s1s1__group.2091__Z11	24	2x2	4	4	0	0	explicit
2-2s2-1s1s1__group.2091__Z28	24	2x2x2	6	6	0	0	explicit
2-2s2-1s1s1__group.2090__Z38	24	2x6	8	8	0	0	explicit
2-2s2-1s1s1__group.2091__Z39	24	2x2	4	4	0	0	explicit
2-2s2-1s1s1__group.2092__Z35	24	2x2x2	6	6	0	0	explicit
2-2s2-1s1s1__group.2091__Z18	24	2x2x2	8	8	0	0	explicit
2-2s2-1s1s1__group.2091__Z12	24	2	2	2	0	0	explicit
2-2s2-1s1s1__group.2092__Z1	24	2x2x2x2	16	16	0	0	explicit
2-2s2-1s1s1__group.2092__Z16	24	2x2x2	8	8	0	0	explicit
2-2s2-1s1s1__group.2091__Z29	24	2x2x2	8	8	0	0	explicit
2-2s2-1s1s1__group.2091__Z4	24	2x2x2	8	8	0	0	explicit
2-2s2-1s1s1__group.2090__Z39	24	12	6	7	1	0	explicit
2-2s2-1s1s1__group.2092__Z36	24	2x2x2	8	8	0	0	explicit
2-2s2-1s1s1__group.2091__Z19	24	2x2x2	6	6	0	0	explicit
2-2s2-1s1s1__group.2092__Z10	24	2x2x2	8	8	0	0	explicit
2-2s2-1s1s1__group.2092__Z17	24	2x2x2	8	8	0	0	explicit
2-2s2-1s1s1__group.2091__Z3	24	2x2x2	8	8	0	0	explicit
2-2s2-1s1s1__group.2091__Z5	24	2x2	4	4	0	0	explicit
2-2s2-1s1s1__group.2090__Z4	24	2x6	8	8	0	0	explicit
2-2s2-1s1s1__group.2091__Z2	24	2x2x2	6	6	0	0	explicit
2-2s2-1s1s1__group.2092__Z11	24	2x2x2	8	8	0	0	explicit
2-2s2-1s1s1__group.2091__Z13	24	2x2x2	6	6	0	0	explicit
2-2s2-1s1s1__group.2092__Z37	24	2x2x2	8	8	0	0	explicit
2-2s2-1s1s1__group.2092__Z18	24	2x2	4	4	0	0	explicit
2-2s2-1s1s1__group.2091__Z30	24	2x2x2	8	8	0	0	explicit
2-2s2-1s1s1__group.2092__Z12	24	2x2x2	6	6	0	0	explicit
2-2s2-1s1s1__group.2091__Z20	24	2x2x2x2	16	16	0	0	explicit
2-2s2-1s1s1__group.2092__Z19	24	2x2x2x2	16	16	0	0	explicit
2-2s2-1s1s1__group.2092__Z24	24	2x2	4	4	0	0	explicit
2-2s2-1s1s1__group.2092__Z13	24	2x2	4	4	0	0	explicit
2-2s2-1s1s1__group.2091__Z31	24	2x2	4	4	0	0	explicit
2-2s2-1s1s1__group.2092__Z38	24	2x2x2	6	6	0	0	explicit
2-2s2-1s1s1__group.2091__Z21	24	2x2	4	4	0	0	explicit
2-2s2-1s1s1__group.2092__Z2	24	2x2x2	6	6	0	0	explicit
2-2s2-1s1s1__group.2092__Z25	24	2	2	2	0	0	explicit
2-2s2-1s1s1__group.2092__Z14	24	2x2x2x2	16	16	0	0	explicit
2-2s2-1s1s1__group.2092__Z39	24	2x2	4	4	0	0	explicit
2-2s2-1s1s1__group.2091__Z22	24	2x2x2	6	6	0	0	explicit
2-2s2-1s1s1__group.2092__Z20	24	2x2x2	6	6	0	0	explicit
2-2s2-1s1s1__group.2092__Z26	24	2x2x2	6	6	0	0	explicit
2-2s2-1s1s1__group.2092__Z4	24	2x2x2	8	8	0	0	explicit
2-2s2-1s1s1__group.2092__Z7	24	2	2	2	0	0	explicit
2-2s2-1s1s1__group.2092__Z5	24	2x2	4	4	0	0	explicit
2-2s2-1s1s1__group.2092__Z27	24	2	2	2	0	0	explicit
2-2s2-1s1s1__group.2092__Z8	24	2x2x2x2	16	16	0	0	explicit
2-2s2-1s1s1__group.2092__Z6	24	2x2x2	6	6	0	0	explicit
2-2s2-1s1s1__group.2092__Z9	24	2x2x2	6	6	0	0	explicit
2-2s2-1s1s1__group.2092__Z21	24	2x2x2	6	6	0	0	explicit
2-2s2-1s1s1__group.2099__Z5	24	2x2	3	3	0	0	explicit
2-2s2-1s1s1__group.2092__Z28	24	2x2x2x2	16	16	0	0	explicit
2-2s2-1s1s1__group.2100__Z6	24	2x2x6	16	16	0	0	explicit
2-2s2-1s1s1__group.2099__Z6	24	1	1	1	0	0	trivial
2-2s2-1s1s1__group.2101__Z17	24	2x6	8	8	0	0	explicit
2-2s2-1s1s1__group.2099__Z1	24	2x2x2	6	6	0	0	explicit
2-2s2-1s1s1__group.2092__Z29	24	2x2x2	6	6	0	0	explicit
2-2s2-1s1s1__group.2092__Z22	24	2x2x2	8	8	0	0	explicit
2-2s2-1s1s1__group.2099__Z7	24	2x2x2	6	6	0	0	explicit
2-2s2-1s1s1__group.2100__Z7	24	6	4	4	0	0	explicit
2-2s2-1s1s1__group.2045__Z4	192	2x2x2x2	12	12	0	0	explicit
2-2s2-1s1s1__group.2099__Z8	24	2x2	4	4	0	0	explicit
2-2s2-1s1s1__group.2092__Z3	24	2x2x2	8	8	0	0	explicit
2-2s2-1s1s1__group.2101__Z1	24	2x2x2x12	48	56	8	0	explicit
2-2s2-1s1s1__group.2092__Z23	24	2x2x2	8	8	0	0	explicit
2-2s2-1s1s1__group.2099__Z9	24	2x2	4	4	0	0	explicit
2-2s2-1s1s1__group.2092__Z30	24	2x2x2	8	8	0	0	explicit
2-2s2-1s1s1__group.2101__Z10	24	2x2x4	12	12	0	0	explicit
2-2s2-1s1s1__group.2099__Z10	24	2x2	3	3	0	0	explicit
2-2s2-1s1s1__group.2100__Z1	24	2x2x2x12	48	56	8	0	explicit
2-2s2-1s1s1__group.2101__Z11	24	2x2	4	4	0	0	explicit
2-2s2-1s1s1__group.2092__Z31	24	2x2x2	8	8	0	0	explicit
2-2s2-1s1s1__group.2101__Z18	24	2x2x2x12	48	56	8	0	explicit
2-2s2-1s1s1__group.2100__Z2	24	2x2x6	16	16	0	0	explicit
2-2s2-1s1s1__group.2101__Z12	24	2x4	6	6	0	0	explicit
2-2s2-1s1s1__group.2092__Z32	24	2x2x2	6	6	0	0	explicit
2-2s2-1s1s1__group.2101__Z19	24	2x12	12	14	2	0	explicit
2-2s2-1s1s1__group.2102__Z13	24	2x2x2	8	8	0	0	explicit
2-2s2-1s1s1__group.2099__Z11	24	2x2	3	3	0	0	explicit
2-2s2-1s1s1__group.2100__Z3	24	2x2x12	24	28	4	0	explicit
2-2s2-1s1s1__group.2119__Z8	48	2x2x2	8	8	0	0	explicit
2-2s2-1s1s1__group.2101__Z13	24	2x2x2x12	48	56	8	0	explicit
2-2s2-1s1s1__group.2101__Z2	24	2x12	12	14	2	0	explicit
2-2s2-1s1s1__group.2099__Z12	24	1	1	1	0	0	trivial
2-2s2-1s1s1__group.2102__Z14	24	2	2	2	0	0	explicit
2-2s2-1s1s1__group.2100__Z4	24	2x2x6	16	16	0	0	explicit
2-2s2-1s1s1__group.2101__Z14	24	2x12	12	14	2	0	explicit
2-2s2-1s1s1__group.2045__Z5	192	2x2x2x2x2x2x2	72	72	0	0	explicit
2-2s2-1s1s1__group.2101__Z20	24	2x12	12	14	2	0	explicit
2-2s2-1s1s1__group.2099__Z2	24	2x2	4	4	0	0	explicit
2-2s2-1s1s1__group.2119__Z9	48	2x2x2x2	16	16	0	0	explicit
2-2s2-1s1s1__group.2102__Z15	24	2x2	4	4	0	0	explicit
2-2s2-1s1s1__group.2100__Z5	24	2x2x6	12	12	0	0	explicit
2-2s2-1s1s1__group.2101__Z4	24	2x2x12	24	28	4	0	explicit
2-2s2-1s1s1__group.2099__Z3	24	2x2	4	4	0	0	explicit
2-2s2-1s1s1__group.2119__Z1	48	2x2x2x2x2x2	64	64	0	0	explicit
2-2s2-1s1s1__group.2072__Z1	24	2x2x2	8	8	0	0	explicit
2-2s2-1s1s1__group.2102__Z16	24	2x2	4	4	0	0	explicit
2-2s2-1s1s1__group.2101__Z21	24	2x2x6	16	16	0	0	explicit
2-2s2-1s1s1__group.2099__Z4	24	2x2	3	3	0	0	explicit
2-2s2-1s1s1__group.2101__Z15	24	2x2x6	16	16	0	0	explicit
2-2s2-1s1s1__group.2141__Z1	48	2x2x2x2x2x2	64	64	0	0	explicit
2-2s2-1s1s1__group.2102__Z22	24	2x2	4	4	0	0	explicit
2-2s2-1s1s1__group.2102__Z17	24	2	2	2	0	0	explicit
2-2s2-1s1s1__group.2101__Z5	24	2x6	8	8	0	0	explicit
2-2s2-1s1s1__group.2101__Z22	24	2x2x12	24	28	4	0	explicit
2-2s2-1s1s1__group.2101__Z16	24	2x2x12	24	28	4	0	explicit
2-2s2-1s1s1__group.2119__Z10	48	2x2x2x2	16	16	0	0	explicit
2-2s2-1s1s1__group.2101__Z6	24	2x2x2x4	24	24	0	0	explicit
2-2s2-1s1s1__group.2141__Z2	48	2x2x2	8	8	0	0	explicit
2-2s2-1s1s1__group.2102__Z18	24	2x2x2	8	8	0	0	explicit
2-2s2-1s1s1__group.2102__Z23	24	2	2	2	0	0	explicit
2-2s2-1s1s1__group.2101__Z7	24	2x12	12	14	2	0	explicit
2-2s2-1s1s1__group.2101__Z23	24	2x6	8	8	0	0	explicit
2-2s2-1s1s1__group.2102__Z19	24	2	2	2	0	0	explicit
2-2s2-1s1s1__group.2101__Z8	24	2x4	6	6	0	0	explicit
2-2s2-1s1s1__group.2119__Z11	48	2x2	4	4	0	0	explicit
2-2s2-1s1s1__group.2141__Z3	48	2x2x2x2	16	16	0	0	explicit
2-2s2-1s1s1__group.2102__Z2	24	2	2	2	0	0	explicit
2-2s2-1s1s1__group.2102__Z24	24	2	2	2	0	0	explicit
2-2s2-1s1s1__group.2101__Z9	24	2x2x2	8	8	0	0	explicit
2-2s2-1s1s1__group.2101__Z24	24	2x12	12	14	2	0	explicit
2-2s2-1s1s1__group.2102__Z1	24	2x2x2	8	8	0	0	explicit
2-2s2-1s1s1__group.2102__Z3	24	2x2	4	4	0	0	explicit
2-2s2-1s1s1__group.2102__Z20	24	2	2	2	0	0	explicit
2-2s2-1s1s1__group.2141__Z4	48	2x2x2x2	16	16	0	0	explicit
2-2s2-1s1s1__group.2119__Z12	48	2x2x2	8	8	0	0	explicit
2-2s2-1s1s1__group.2101__Z3	24	2x2x6	16	16	0	0	explicit
2-2s2-1s1s1__group.2102__Z10	24	2x2	4	4	0	0	explicit
2-2s2-1s1s1__group.2102__Z4	24	2x2	4	4	0	0	explicit
2-2s2-1s1s1__group.2102__Z21	24	2x2	4	4	0	0	explicit
2-2s2-1s1s1__group.2144__Z2	48	2x2x2	6	6	0	0	explicit
2-2s2-1s1s1__group.2102__Z11	24	2	2	2	0	0	explicit
2-2s2-1s1s1__group.2102__Z5	24	2	2	2	0	0	explicit
2-2s2-1s1s1__group.2119__Z2	48	2x2x2	8	8	0	0	explicit
2-2s2-1s1s1__group.2141__Z5	48	2x2	4	4	0	0	explicit
2-2s2-1s1s1__group.2102__Z12	24	2	2	2	0	0	explicit
2-2s2-1s1s1__group.2102__Z6	24	2x2x2	8	8	0	0	explicit
2-2s2-1s1s1__group.2145__Z6	48	2x2x2x2x2x2	36	36	0	0	explicit
2-2s2-1s1s1__group.2144__Z3	48	2x2x2x2	16	16	0	0	explicit
2-2s2-1s1s1__group.2102__Z7	24	2	2	2	0	0	explicit
2-2s2-1s1s1__group.2142__Z3	48	2x2x2x2	16	16	0	0	explicit
2-2s2-1s1s1__group.2119__Z3	48	2x2x2x2	16	16	0	0	explicit
2-2s2-1s1s1__group.2141__Z6	48	2x2x2	8	8	0	0	explicit
2-2s2-1s1s1__group.2170__Z1	48	2x2x2x2x2x2x12	384	448	64	0	explicit
2-2s2-1s1s1__group.2145__Z7	48	2x2x2	6	6	0	0	explicit
2-2s2-1s1s1__group.2102__Z8	24	2	2	2	0	0	explicit
2-2s2-1s1s1__group.2102__Z9	24	2x2	4	4	0	0	explicit
2-2s2-1s1s1__group.2119__Z4	48	2x2x2x2	16	16	0	0	explicit
2-2s2-1s1s1__group.2142__Z1	48	2x2x2x2x2x2	64	64	0	0	explicit
2-2s2-1s1s1__group.2142__Z4	48	2x2x2x2	16	16	0	0	explicit
2-2s2-1s1s1__group.2144__Z4	48	2x2	3	3	0	0	explicit
2-2s2-1s1s1__group.2145__Z8	48	2x2x2x2	16	16	0	0	explicit
2-2s2-1s1s1__group.2170__Z2	48	2x2x2x12	48	56	8	0	explicit
2-2s2-1s1s1__group.2119__Z5	48	2x2	4	4	0	0	explicit
2-2s2-1s1s1__group.2173__Z2	48	2x2x2	6	6	0	0	explicit
2-2s2-1s1s1__group.2144__Z5	48	2x2x2	6	6	0	0	explicit
2-2s2-1s1s1__group.2174__Z2	48	2x2x2	6	6	0	0	explicit
2-2s2-1s1s1__group.2145__Z9	48	2x2	3	3	0	0	explicit
2-2s2-1s1s1__group.2142__Z2	48	2x2x2	8	8	0	0	explicit
2-2s2-1s1s1__group.2142__Z5	48	2x2	4	4	0	0	explicit
2-2s2-1s1s1__group.2119__Z6	48	2x2x2x2x2x2	64	64	0	0	explicit
2-2s2-1s1s1__group.2171__Z5	48	2x2	4	4	0	0	explicit
2-2s2-1s1s1__group.2145__Z1	48	2x2x2x2x2x2	36	36	0	0	explicit
2-2s2-1s1s1__group.2170__Z3	48	2x2x2x2x6	64	64	0	0	explicit
2-2s2-1s1s1__group.2173__Z3	48	2x2x2x2	16	16	0	0	explicit
2-2s2-1s1s1__group.2174__Z3	48	2x2x2x2	16	16	0	0	explicit
2-2s2-1s1s1__group.2119__Z7	48	2x2x2	8	8	0	0	explicit
2-2s2-1s1s1__group.2142__Z6	48	2x2x2	8	8	0	0	explicit
2-2s2-1s1s1__group.2145__Z10	48	2x2x2	6	6	0	0	explicit
2-2s2-1s1s1__group.2173__Z4	48	2x2	3	3	0	0	explicit
2-2s2-1s1s1__group.2171__Z6	48	2x2x2	8	8	0	0	explicit
2-2s2-1s1s1__group.2174__Z4	48	2x2	3	3	0	0	explicit
2-2s2-1s1s1__group.2192__Z20	48	2x2x2	8	8	0	0	explicit
2-2s2-1s1s1__group.2170__Z4	48	2x2x2x2x12	96	112	16	0	explicit
2-2s2-1s1s1__group.2145__Z2	48	2x2x2	6	6	0	0	explicit
2-2s2-1s1s1__group.2173__Z5	48	2x2x2	6	6	0	0	explicit
2-2s2-1s1s1__group.2143__Z1	48	2x2x2x2x2x2	36	36	0	0	explicit
2-2s2-1s1s1__group.2192__Z11	48	2x2	4	4	0	0	explicit
2-2s2-1s1s1__group.2174__Z5	48	2x2x2	6	6	0	0	explicit
2-2s2-1s1s1__group.2146__Z1	48	2x2x2x2x2x2x12	384	448	64	0	explicit
2-2s2-1s1s1__group.2172__Z1	48	2x2x2x2x2x2	64	64	0	0	explicit
2-2s2-1s1s1__group.2170__Z5	48	2x2x6	16	16	0	0	explicit
2-2s2-1s1s1__group.2143__Z2	48	2x2x2	6	6	0	0	explicit
2-2s2-1s1s1__group.2173__Z6	48	2x2x2x2x2x2	36	36	0	0	explicit
2-2s2-1s1s1__group.2145__Z3	48	2x2x2x2	16	16	0	0	explicit
2-2s2-1s1s1__group.2192__Z21	48	2x2x2x2	16	16	0	0	explicit
2-2s2-1s1s1__group.2192__Z12	48	2x2x2	8	8	0	0	explicit
2-2s2-1s1s1__group.2174__Z6	48	2x2x2x2x2x2	36	36	0	0	explicit
2-2s2-1s1s1__group.2172__Z2	48	2x2x2	8	8	0	0	explicit
2-2s2-1s1s1__group.2173__Z7	48	2x2x2	6	6	0	0	explicit
2-2s2-1s1s1__group.2170__Z6	48	2x2x2x12	48	56	8	0	explicit
2-2s2-1s1s1__group.2192__Z3	48	2x2x2x2	16	16	0	0	explicit
2-2s2-1s1s1__group.2143__Z3	48	2x2x2x2	16	16	0	0	explicit
2-2s2-1s1s1__group.2174__Z7	48	2x2x2	6	6	0	0	explicit
2-2s2-1s1s1__group.2145__Z4	48	2x2	3	3	0	0	explicit
2-2s2-1s1s1__group.2192__Z13	48	2x2x2x2x2x2	64	64	0	0	explicit
2-2s2-1s1s1__group.2172__Z3	48	2x2x2x2	16	16	0	0	explicit
2-2s2-1s1s1__group.2146__Z2	48	2x2x2x12	48	56	8	0	explicit
2-2s2-1s1s1__group.2192__Z22	48	2x2x2x2	16	16	0	0	explicit
2-2s2-1s1s1__group.2171__Z1	48	2x2x2x2x2x2	64	64	0	0	explicit
2-2s2-1s1s1__group.2143__Z4	48	2x2	3	3	0	0	explicit
2-2s2-1s1s1__group.2192__Z30	48	2x2x2	8	8	0	0	explicit
2-2s2-1s1s1__group.2145__Z5	48	2x2x2	6	6	0	0	explicit
2-2s2-1s1s1__group.2174__Z8	48	2x2x2x2	16	16	0	0	explicit
2-2s2-1s1s1__group.2173__Z8	48	2x2x2x2	16	16	0	0	explicit
2-2s2-1s1s1__group.2172__Z4	48	2x2x2x2	16	16	0	0	explicit
2-2s2-1s1s1__group.2192__Z14	48	2x2x2	8	8	0	0	explicit
2-2s2-1s1s1__group.2171__Z2	48	2x2x2	8	8	0	0	explicit
2-2s2-1s1s1__group.2143__Z5	48	2x2x2	6	6	0	0	explicit
2-2s2-1s1s1__group.2174__Z9	48	2x2	3	3	0	0	explicit
2-2s2-1s1s1__group.2192__Z31	48	2x2x2x2x2x2	64	64	0	0	explicit
2-2s2-1s1s1__group.2192__Z23	48	2x2	4	4	0	0	explicit
2-2s2-1s1s1__group.2173__Z9	48	2x2	3	3	0	0	explicit
2-2s2-1s1s1__group.2144__Z1	48	2x2x2x2x2x2	36	36	0	0	explicit
2-2s2-1s1s1__group.2172__Z5	48	2x2	4	4	0	0	explicit
2-2s2-1s1s1__group.2171__Z3	48	2x2x2x2	16	16	0	0	explicit
2-2s2-1s1s1__group.2192__Z15	48	2x2x2x2	16	16	0	0	explicit
2-2s2-1s1s1__group.2192__Z32	48	2x2x2	8	8	0	0	explicit
2-2s2-1s1s1__group.2146__Z3	48	2x2x2x2x6	64	64	0	0	explicit
2-2s2-1s1s1__group.2174__Z1	48	2x2x2x2x2x2	36	36	0	0	explicit
2-2s2-1s1s1__group.2171__Z4	48	2x2x2x2	16	16	0	0	explicit
2-2s2-1s1s1__group.2193__Z15	48	2x2x2x2	16	16	0	0	explicit
2-2s2-1s1s1__group.2172__Z6	48	2x2x2	8	8	0	0	explicit
2-2s2-1s1s1__group.2192__Z33	48	2x2x2x2	16	16	0	0	explicit
2-2s2-1s1s1__group.2192__Z24	48	2x2x2	8	8	0	0	explicit
2-2s2-1s1s1__group.2192__Z16	48	2x2x2x2	16	16	0	0	explicit
2-2s2-1s1s1__group.2174__Z10	48	2x2x2	6	6	0	0	explicit
2-2s2-1s1s1__group.2173__Z1	48	2x2x2x2x2x2	36	36	0	0	explicit
2-2s2-1s1s1__group.2146__Z4	48	2x2x2x2x12	96	112	16	0	explicit
2-2s2-1s1s1__group.2192__Z6	48	2x2x2x2x2x2	64	64	0	0	explicit
2-2s2-1s1s1__group.2192__Z1	48	2x2x2x2x2x2	64	64	0	0	explicit
2-2s2-1s1s1__group.2192__Z34	48	2x2x2x2	16	16	0	0	explicit
2-2s2-1s1s1__group.2192__Z25	48	2x2x2x2x2x2	64	64	0	0	explicit
2-2s2-1s1s1__group.2192__Z17	48	2x2	4	4	0	0	explicit
2-2s2-1s1s1__group.2173__Z10	48	2x2x2	6	6	0	0	explicit
2-2s1s1s1s1__group.1901__Z1	96	2x2x2x2x2x2x2x2x2x2x2x2x2x2x2x2	3044	3044	0	0	explicit
2-2s2-1s1s1__group.2146__Z5	48	2x2x6	16	16	0	0	explicit
2-2s2-1s1s1__group.2192__Z7	48	2x2x2	8	8	0	0	explicit
2-2s2-1s1s1__group.2193__Z24	48	2x2x2	8	8	0	0	explicit
2-2s2-1s1s1__group.2192__Z35	48	2x2	4	4	0	0	explicit
2-2s2-1s1s1__group.2192__Z26	48	2x2x2	8	8	0	0	explicit
2-2s2-1s1s1__group.2192__Z10	48	2x2x2x2	16	16	0	0	explicit
2-2s2-1s1s1__group.2193__Z16	48	2x2x2x2	16	16	0	0	explicit
2-2s2-1s1s1__group.2193__Z33	48	2x2x2x2	16	16	0	0	explicit
2-2s2-1s1s1__group.2146__Z6	48	2x2x2x12	48	56	8	0	explicit
2-2s2-1s1s1__group.2192__Z36	48	2x2x2	8	8	0	0	explicit
2-2s2-1s1s1__group.2192__Z18	48	2x2x2x2x2x2	64	64	0	0	explicit
2-2s2-1s1s1__group.2192__Z8	48	2x2x2	8	8	0	0	explicit
2-2s2-1s1s1__group.2192__Z27	48	2x2x2x2	16	16	0	0	explicit
2-2s2-1s1s1__group.2193__Z25	48	2x2x2x2x2x2	64	64	0	0	explicit
2-2s2-1s1s1__group.2193__Z17	48	2x2	4	4	0	0	explicit
2-2s2-1s1s1__group.2192__Z4	48	2x2x2x2	16	16	0	0	explicit
2-2s2-1s1s1__group.2192__Z19	48	2x2x2	8	8	0	0	explicit
2-2s2-1s1s1__group.2192__Z28	48	2x2x2x2	16	16	0	0	explicit
2-2s2-1s1s1__group.2192__Z9	48	2x2x2x2	16	16	0	0	explicit
2-2s2-1s1s1__group.2193__Z26	48	2x2x2	8	8	0	0	explicit
2-2s2-1s1s1__group.2193__Z34	48	2x2x2x2	16	16	0	0	explicit
2-2s2-1s1s1__group.2192__Z2	48	2x2x2	8	8	0	0	explicit
2-2s2-1s1s1__group.2192__Z5	48	2x2	4	4	0	0	explicit
2-2s2-1s1s1__group.2193__Z27	48	2x2x2x2	16	16	0	0	explicit
2-2s2-1s1s1__group.2193__Z18	48	2x2x2x2x2x2	64	64	0	0	explicit
2-2s2-1s1s1__group.2192__Z29	48	2x2	4	4	0	0	explicit
2-2s2-1s1s1__group.2193__Z1	48	2x2x2x2x2x2	64	64	0	0	explicit
2-2s2-1s1s1__group.2193__Z35	48	2x2	4	4	0	0	explicit
2-2s2-1s1s1__group.2193__Z19	48	2x2x2	8	8	0	0	explicit
2-2s2-1s1s1__group.2193__Z28	48	2x2x2x2	16	16	0	0	explicit
2-2s2-1s1s1__group.2205__Z11	48	2x6	8	8	0	0	explicit
2-2s2-1s1s1__group.2193__Z10	48	2x2x2x2	16	16	0	0	explicit
2-2s2-1s1s1__group.2204__Z1	48	2x2x2x2x2x12	192	224	32	0	explicit
2-2s2-1s1s1__group.2206__Z13	48	2x2x2x2x2x2x2	128	128	0	0	explicit
2-2s2-1s1s1__group.2193__Z2	48	2x2x2	8	8	0	0	explicit
2-2s2-1s1s1__group.2193__Z29	48	2x2	4	4	0	0	explicit
2-2s2-1s1s1__group.2193__Z11	48	2x2	4	4	0	0	explicit
2-2s2-1s1s1__group.2204__Z2	48	2x2x12	24	28	4	0	explicit
2-2s2-1s1s1__group.2193__Z36	48	2x2x2	8	8	0	0	explicit
2-2s2-1s1s1__group.2205__Z12	48	2x2x2x2x2x12	192	224	32	0	explicit
2-2s2-1s1s1__group.2206__Z14	48	2x2x2x2	16	16	0	0	explicit
2-2s2-1s1s1__group.2193__Z3	48	2x2x2x2	16	16	0	0	explicit
2-2s2-1s1s1__group.2193__Z12	48	2x2x2	8	8	0	0	explicit
2-2s2-1s1s1__group.2193__Z20	48	2x2x2	8	8	0	0	explicit
2-2s1s1s1s1__group.1901__Z2	96	2x2x2x2x2x2x2x2x2x2x2	672	672	0	0	explicit
2-2s2-1s1s1__group.2204__Z3	48	2x2x2x6	32	32	0	0	explicit
2-2s2-1s1s1__group.2205__Z13	48	2x2x12	24	28	4	0	explicit
2-2s2-1s1s1__group.2193__Z4	48	2x2x2x2	16	16	0	0	explicit
2-2s2-1s1s1__group.2206__Z6	48	2x2x2x2x2x2x2	128	128	0	0	explicit
2-2s2-1s1s1__group.2206__Z15	48	2x2x2x2x2	32	32	0	0	explicit
2-2s2-1s1s1__group.2193__Z13	48	2x2x2x2x2x2	64	64	0	0	explicit
2-2s2-1s1s1__group.2204__Z10	48	2x2x2x4	24	24	0	0	explicit
2-2s2-1s1s1__group.2204__Z4	48	2x2x2x12	48	56	8	0	explicit
2-2s2-1s1s1__group.2193__Z30	48	2x2x2x2x2x2	64	64	0	0	explicit
2-2s2-1s1s1__group.2216__Z17	48	2x2x2x2	16	16	0	0	explicit
2-2s2-1s1s1__group.2193__Z5	48	2x2	4	4	0	0	explicit
2-2s2-1s1s1__group.2205__Z4	48	2x2x2x12	48	56	8	0	explicit
2-2s2-1s1s1__group.2193__Z21	48	2x2x2x2	16	16	0	0	explicit
2-2s2-1s1s1__group.2206__Z16	48	2x2x2x2x2	32	32	0	0	explicit
2-2s2-1s1s1__group.2206__Z7	48	2x2x2x2	16	16	0	0	explicit
2-2s2-1s1s1__group.2205__Z14	48	2x2x12	24	28	4	0	explicit
2-2s2-1s1s1__group.2193__Z14	48	2x2x2	8	8	0	0	explicit
2-2s2-1s1s1__group.2204__Z5	48	2x6	8	8	0	0	explicit
2-2s2-1s1s1__group.2216__Z18	48	2x2	4	4	0	0	explicit
2-2s2-1s1s1__group.2193__Z31	48	2x2x2	8	8	0	0	explicit
2-2s2-1s1s1__group.2205__Z5	48	2x6	8	8	0	0	explicit
2-2s2-1s1s1__group.2193__Z6	48	2x2x2	8	8	0	0	explicit
2-2s2-1s1s1__group.2206__Z17	48	2x2x2	8	8	0	0	explicit
2-2s2-1s1s1__group.2206__Z8	48	2x2x2x2	16	16	0	0	explicit
2-2s2-1s1s1__group.2204__Z6	48	2x2x2x2x2x4	96	96	0	0	explicit
2-2s2-1s1s1__group.2193__Z22	48	2x2x2x2	16	16	0	0	explicit
2-2s2-1s1s1__group.2205__Z15	48	2x2x2x6	32	32	0	0	explicit
2-2s2-1s1s1__group.2216__Z19	48	2x2x2x2x2x2	64	64	0	0	explicit
2-2s2-1s1s1__group.2204__Z11	48	2x2	4	4	0	0	explicit
2-2s2-1s1s1__group.2205__Z6	48	2x2x12	24	28	4	0	explicit
2-2s2-1s1s1__group.2193__Z32	48	2x2x2	8	8	0	0	explicit
2-2s2-1s1s1__group.2206__Z18	48	2x2x2x2	16	16	0	0	explicit
2-2s2-1s1s1__group.2193__Z7	48	2x2x2x2x2x2	64	64	0	0	explicit
2-2s2-1s1s1__group.2204__Z7	48	2x2x12	24	28	4	0	explicit
2-2s2-1s1s1__group.2216__Z2	48	2x2x2x2	12	12	0	0	explicit
2-2s2-1s1s1__group.2206__Z9	48	2x2x2x2x2	32	32	0	0	explicit
2-2s2-1s1s1__group.2205__Z7	48	2x2x2x2x2x12	192	224	32	0	explicit
2-2s2-1s1s1__group.2205__Z16	48	2x2x2x12	48	56	8	0	explicit
2-2s2-1s1s1__group.2193__Z23	48	2x2	4	4	0	0	explicit
2-2s2-1s1s1__group.2206__Z2	48	2x2x2x2	16	16	0	0	explicit
2-2s2-1s1s1__group.2193__Z8	48	2x2x2	8	8	0	0	explicit
2-2s2-1s1s1__group.2216__Z20	48	2x2x2x2	12	12	0	0	explicit
2-2s2-1s1s1__group.2204__Z8	48	2x2x4	12	12	0	0	explicit
2-2s2-1s1s1__group.2204__Z12	48	2x2x4	12	12	0	0	explicit
2-2s2-1s1s1__group.2205__Z8	48	2x2x12	24	28	4	0	explicit
2-2s2-1s1s1__group.2216__Z26	48	2x2x2x2	12	12	0	0	explicit
2-2s2-1s1s1__group.2207__Z1	48	2x2x2x2x2x2x2	128	128	0	0	explicit
2-2s2-1s1s1__group.2193__Z9	48	2x2x2x2	16	16	0	0	explicit
2-2s2-1s1s1__group.2216__Z21	48	2x2x2x2	12	12	0	0	explicit
2-2s2-1s1s1__group.2206__Z3	48	2x2x2x2x2	32	32	0	0	explicit
2-2s2-1s1s1__group.2204__Z9	48	2x2x2x2	16	16	0	0	explicit
2-2s2-1s1s1__group.2205__Z17	48	2x6	8	8	0	0	explicit
2-2s2-1s1s1__group.2207__Z8	48	2x2x2x2	16	16	0	0	explicit
2-2s2-1s1s1__group.2216__Z27	48	2	2	2	0	0	explicit
2-2s2-1s1s1__group.2207__Z10	48	2x2x2x2x2	32	32	0	0	explicit
2-2s2-1s1s1__group.2206__Z4	48	2x2x2x2x2	32	32	0	0	explicit
2-2s2-1s1s1__group.2205__Z1	48	2x2x2x2x2x12	192	224	32	0	explicit
2-2s2-1s1s1__group.2204__Z13	48	2x2x2x2x2x12	192	224	32	0	explicit
2-2s2-1s1s1__group.2207__Z9	48	2x2x2x2x2	32	32	0	0	explicit
2-2s2-1s1s1__group.2216__Z22	48	2x2x2x2	16	16	0	0	explicit
2-2s2-1s1s1__group.2205__Z9	48	2x2x2x6	32	32	0	0	explicit
2-2s2-1s1s1__group.2216__Z28	48	2x2x2x2x2x2	64	64	0	0	explicit
2-2s2-1s1s1__group.2207__Z11	48	2x2x2	8	8	0	0	explicit
2-2s2-1s1s1__group.2206__Z5	48	2x2x2	8	8	0	0	explicit
2-2s2-1s1s1__group.2216__Z9	48	2x2x2x2	12	12	0	0	explicit
2-2s2-1s1s1__group.2205__Z10	48	2x2x2x12	48	56	8	0	explicit
2-2s2-1s1s1__group.2204__Z14	48	2x2x12	24	28	4	0	explicit
2-2s2-1s1s1__group.2207__Z15	48	2x2x2x2x2	32	32	0	0	explicit
2-2s2-1s1s1__group.2205__Z18	48	2x2x12	24	28	4	0	explicit
2-2s2-1s1s1__group.2216__Z1	48	2x2x2x2x2x2	64	64	0	0	explicit
2-2s2-1s1s1__group.2216__Z29	48	2x2x2x2	12	12	0	0	explicit
2-2s2-1s1s1__group.2216__Z23	48	2x2x2x2	16	16	0	0	explicit
2-2s2-1s1s1__group.2216__Z35	48	2x2x2x2	12	12	0	0	explicit
2-2s2-1s1s1__group.2206__Z1	48	2x2x2x2x2x2x2	128	128	0	0	explicit
2-2s2-1s1s1__group.2243__Z1	48	2x2x2x2x2x12	192	224	32	0	explicit
2-2s2-1s1s1__group.2204__Z15	48	2x2x2x6	32	32	0	0	explicit
2-2s2-1s1s1__group.2207__Z12	48	2x2x2x2x2x2x2	128	128	0	0	explicit
2-2s2-1s1s1__group.2216__Z3	48	2x2x2x2	16	16	0	0	explicit
2-2s2-1s1s1__group.2216__Z24	48	2x2	4	4	0	0	explicit
2-2s2-1s1s1__group.2216__Z10	48	2x2x2x2	16	16	0	0	explicit
2-2s2-1s1s1__group.2216__Z36	48	2x2x2x2	16	16	0	0	explicit
2-2s2-1s1s1__group.2205__Z2	48	2x2x12	24	28	4	0	explicit
2-2s2-1s1s1__group.2243__Z10	48	2x2x2x12	48	56	8	0	explicit
2-2s2-1s1s1__group.2216__Z25	48	2	2	2	0	0	explicit
2-2s2-1s1s1__group.2207__Z13	48	2x2x2x2	16	16	0	0	explicit
2-2s2-1s1s1__group.2204__Z16	48	2x2x2x12	48	56	8	0	explicit
2-2s2-1s1s1__group.2216__Z30	48	2x2x2x2	16	16	0	0	explicit
2-2s2-1s1s1__group.2207__Z16	48	2x2x2x2x2	32	32	0	0	explicit
2-2s2-1s1s1__group.2216__Z11	48	2x2x2x2	16	16	0	0	explicit
2-2s2-1s1s1__group.2216__Z37	48	2x2x2x2	16	16	0	0	explicit
2-2s2-1s1s1__group.2205__Z3	48	2x2x2x6	32	32	0	0	explicit
2-2s2-1s1s1__group.2243__Z5	48	2x6	8	8	0	0	explicit
2-2s2-1s1s1__group.2243__Z11	48	2x6	8	8	0	0	explicit
2-2s2-1s1s1__group.2216__Z31	48	2x2x2x2	16	16	0	0	explicit
2-2s2-1s1s1__group.2206__Z10	48	2x2x2x2x2	32	32	0	0	explicit
2-2s2-1s1s1__group.2204__Z17	48	2x6	8	8	0	0	explicit
2-2s2-1s1s1__group.2216__Z12	48	2x2x2x2	12	12	0	0	explicit
2-2s2-1s1s1__group.2207__Z14	48	2x2x2x2	16	16	0	0	explicit
2-2s2-1s1s1__group.2216__Z38	48	2x2x2x2	12	12	0	0	explicit
2-2s2-1s1s1__group.2243__Z6	48	2x2x12	24	28	4	0	explicit
2-2s2-1s1s1__group.2243__Z12	48	2x2x12	24	28	4	0	explicit
2-2s2-1s1s1__group.2207__Z17	48	2x2x2	8	8	0	0	explicit
2-2s2-1s1s1__group.2216__Z32	48	2x2x2x2	12	12	0	0	explicit
2-2s2-1s1s1__group.2204__Z18	48	2x2x12	24	28	4	0	explicit
2-2s2-1s1s1__group.2216__Z13	48	2x2x2	8	8	0	0	explicit
2-2s2-1s1s1__group.2206__Z11	48	2x2x2	8	8	0	0	explicit
2-2s2-1s1s1__group.2216__Z39	48	2x2x2	8	8	0	0	explicit
2-2s2-1s1s1__group.2243__Z7	48	2x2x2x2x2x12	192	224	32	0	explicit
2-2s2-1s1s1__group.2243__Z13	48	2x2x2x2x2x12	192	224	32	0	explicit
2-2s2-1s1s1__group.2216__Z33	48	2x2x2x2x2x2	64	64	0	0	explicit
2-2s2-1s1s1__group.2216__Z14	48	2x2x2x2x2x2	64	64	0	0	explicit
2-2s2-1s1s1__group.2216__Z4	48	2x2x2x2	16	16	0	0	explicit
2-2s2-1s1s1__group.2243__Z8	48	2x2x12	24	28	4	0	explicit
2-2s2-1s1s1__group.2244__Z23	48	2x2x2	8	8	0	0	explicit
2-2s2-1s1s1__group.2207__Z18	48	2x2x2x2	16	16	0	0	explicit
2-2s2-1s1s1__group.2243__Z14	48	2x2x12	24	28	4	0	explicit
2-2s2-1s1s1__group.2206__Z12	48	2x2x2x2	16	16	0	0	explicit
2-2s2-1s1s1__group.2216__Z34	48	2x2x2	8	8	0	0	explicit
2-2s2-1s1s1__group.2216__Z15	48	2x2x2x2	12	12	0	0	explicit
2-2s2-1s1s1__group.2243__Z9	48	2x2x2x6	32	32	0	0	explicit
2-2s2-1s1s1__group.2216__Z5	48	2x2	4	4	0	0	explicit
2-2s2-1s1s1__group.2243__Z18	48	2x2x12	24	28	4	0	explicit
2-2s2-1s1s1__group.2207__Z2	48	2x2x2x2	16	16	0	0	explicit
2-2s2-1s1s1__group.2260__Z10	48	2x2x2x2	16	16	0	0	explicit
2-2s2-1s1s1__group.2244__Z24	48	2x2x2x2	16	16	0	0	explicit
2-2s2-1s1s1__group.2243__Z15	48	2x2x2x6	32	32	0	0	explicit
2-2s2-1s1s1__group.2216__Z16	48	2x2x2x2	16	16	0	0	explicit
2-2s2-1s1s1__group.2216__Z6	48	2x2x2x2	12	12	0	0	explicit
2-2s2-1s1s1__group.2260__Z11	48	2x2	4	4	0	0	explicit
2-2s2-1s1s1__group.2244__Z14	48	2x2x2x2	16	16	0	0	explicit
2-2s2-1s1s1__group.2207__Z3	48	2x2x2x2x2	32	32	0	0	explicit
2-2s2-1s1s1__group.2244__Z1	48	2x2x2x2x2x2x2	128	128	0	0	explicit
2-2s2-1s1s1__group.2260__Z7	48	2x2x2x2x2x2	64	64	0	0	explicit
2-2s2-1s1s1__group.2244__Z3	48	2x2x2x2x2	32	32	0	0	explicit
2-2s2-1s1s1__group.2243__Z16	48	2x2x2x12	48	56	8	0	explicit
2-2s2-1s1s1__group.2216__Z7	48	2	2	2	0	0	explicit
2-2s2-1s1s1__group.2260__Z12	48	2x2x2	8	8	0	0	explicit
2-2s2-1s1s1__group.2260__Z2	48	2x2x2	8	8	0	0	explicit
2-2s2-1s1s1__group.2207__Z4	48	2x2x2x2x2	32	32	0	0	explicit
2-2s2-1s1s1__group.2260__Z8	48	2x2x2	8	8	0	0	explicit
2-2s2-1s1s1__group.2244__Z10	48	2x2x2x2x2	32	32	0	0	explicit
2-2s2-1s1s1__group.2244__Z15	48	2x2x2x2x2	32	32	0	0	explicit
2-2s2-1s1s1__group.2243__Z17	48	2x6	8	8	0	0	explicit
2-2s2-1s1s1__group.2244__Z4	48	2x2x2x2x2	32	32	0	0	explicit
2-2s2-1s1s1__group.2260__Z20	48	2x2x2	8	8	0	0	explicit
2-2s2-1s1s1__group.2243__Z19	48	2x2x2x2x2x12	192	224	32	0	explicit
2-2s2-1s1s1__group.2260__Z9	48	2x2x2x2	16	16	0	0	explicit
2-2s2-1s1s1__group.2260__Z13	48	2x2x2x2x2x2	64	64	0	0	explicit
2-2s2-1s1s1__group.2216__Z8	48	2x2x2x2x2x2	64	64	0	0	explicit
2-2s2-1s1s1__group.2207__Z5	48	2x2x2	8	8	0	0	explicit
2-2s2-1s1s1__group.2261__Z16	48	2x2x2x2	16	16	0	0	explicit
2-2s2-1s1s1__group.2244__Z11	48	2x2x2	8	8	0	0	explicit
2-2s2-1s1s1__group.2244__Z16	48	2x2x2x2x2	32	32	0	0	explicit
2-2s2-1s1s1__group.2244__Z5	48	2x2x2	8	8	0	0	explicit
2-2s2-1s1s1__group.2260__Z14	48	2x2x2	8	8	0	0	explicit
2-2s2-1s1s1__group.2261__Z1	48	2x2x2x2x2x2	64	64	0	0	explicit
2-2s2-1s1s1__group.2207__Z6	48	2x2x2x2	16	16	0	0	explicit
2-2s2-1s1s1__group.2260__Z21	48	2x2x2x2	16	16	0	0	explicit
2-2s2-1s1s1__group.2244__Z12	48	2x2x2x2	16	16	0	0	explicit
2-2s2-1s1s1__group.2261__Z17	48	2x2	4	4	0	0	explicit
2-2s2-1s1s1__group.2243__Z2	48	2x2x12	24	28	4	0	explicit
2-2s2-1s1s1__group.2244__Z17	48	2x2x2	8	8	0	0	explicit
2-2s2-1s1s1__group.2260__Z15	48	2x2x2x2	16	16	0	0	explicit
2-2s2-1s1s1__group.2244__Z6	48	2x2x2x2	16	16	0	0	explicit
2-2s2-1s1s1__group.2261__Z10	48	2x2x2x2	16	16	0	0	explicit
2-2s2-1s1s1__group.2260__Z22	48	2x2x2x2	16	16	0	0	explicit
2-2s2-1s1s1__group.2207__Z7	48	2x2x2x2x2x2x2	128	128	0	0	explicit
2-2s2-1s1s1__group.2244__Z13	48	2x2x2x2x2x2x2	128	128	0	0	explicit
2-2s2-1s1s1__group.2243__Z20	48	2x2x12	24	28	4	0	explicit
2-2s2-1s1s1__group.2260__Z16	48	2x2x2x2	16	16	0	0	explicit
2-2s2-1s1s1__group.2244__Z18	48	2x2x2x2	16	16	0	0	explicit
2-2s2-1s1s1__group.2244__Z7	48	2x2x2x2x2x2x2	128	128	0	0	explicit
2-2s2-1s1s1__group.2261__Z11	48	2x2	4	4	0	0	explicit
2-2s2-1s1s1__group.2260__Z23	48	2x2	4	4	0	0	explicit
2-2s2-1s1s1__group.2261__Z18	48	2x2x2	8	8	0	0	explicit
2-2s2-1s1s1__group.2243__Z21	48	2x2x2x6	32	32	0	0	explicit
2-2s2-1s1s1__group.2260__Z17	48	2x2	4	4	0	0	explicit
2-2s2-1s1s1__group.2244__Z8	48	2x2x2x2	16	16	0	0	explicit
2-2s2-1s1s1__group.2261__Z12	48	2x2x2	8	8	0	0	explicit
2-2s2-1s1s1__group.2260__Z24	48	2x2x2	8	8	0	0	explicit
2-2s2-1s1s1__group.2244__Z19	48	2x2x2x2x2x2x2	128	128	0	0	explicit
2-2s2-1s1s1__group.2261__Z19	48	2x2x2x2x2x2	64	64	0	0	explicit
2-2s2-1s1s1__group.2269__Z16	48	2x2x2x2	9	9	0	0	explicit
2-2s2-1s1s1__group.2260__Z18	48	2x2x2	8	8	0	0	explicit
2-2s2-1s1s1__group.2243__Z22	48	2x2x2x12	48	56	8	0	explicit
2-2s2-1s1s1__group.2244__Z9	48	2x2x2x2x2	32	32	0	0	explicit
2-2s2-1s1s1__group.2260__Z3	48	2x2x2x2	16	16	0	0	explicit
2-2s2-1s1s1__group.2261__Z13	48	2x2x2x2x2x2	64	64	0	0	explicit
2-2s2-1s1s1__group.2262__Z12	48	2x2x2x6	24	24	0	0	explicit
2-2s2-1s1s1__group.2244__Z2	48	2x2x2x2	16	16	0	0	explicit
2-2s2-1s1s1__group.2261__Z2	48	2x2x2	8	8	0	0	explicit
2-2s2-1s1s1__group.2260__Z19	48	2x2x2x2x2x2	64	64	0	0	explicit
2-2s2-1s1s1__group.2267__Z1	48	2x2x2x2x2x2x2	128	128	0	0	explicit
2-2s2-1s1s1__group.2261__Z3	48	2x2x2x2	16	16	0	0	explicit
2-2s2-1s1s1__group.2261__Z14	48	2x2x2	8	8	0	0	explicit
2-2s2-1s1s1__group.2260__Z1	48	2x2x2x2x2x2	64	64	0	0	explicit
2-2s2-1s1s1__group.2267__Z7	48	2x2	4	4	0	0	explicit
2-2s2-1s1s1__group.2260__Z4	48	2x2x2x2	16	16	0	0	explicit
2-2s2-1s1s1__group.2244__Z20	48	2x2x2x2	16	16	0	0	explicit
2-2s2-1s1s1__group.2261__Z20	48	2x2x2	8	8	0	0	explicit
2-2s2-1s1s1__group.2269__Z17	48	2	2	2	0	0	explicit
2-2s2-1s1s1__group.2262__Z13	48	2x2x12	24	28	4	0	explicit
2-2s2-1s1s1__group.2243__Z23	48	2x6	8	8	0	0	explicit
2-2s2-1s1s1__group.2261__Z15	48	2x2x2x2	16	16	0	0	explicit
2-2s2-1s1s1__group.2261__Z4	48	2x2x2x2	16	16	0	0	explicit
2-2s2-1s1s1__group.2267__Z10	48	2x2x2x2x2	32	32	0	0	explicit
2-2s2-1s1s1__group.2260__Z5	48	2x2	4	4	0	0	explicit
2-2s2-1s1s1__group.2269__Z5	48	2x2x2x2	9	9	0	0	explicit
2-2s2-1s1s1__group.2261__Z21	48	2x2x2x2	16	16	0	0	explicit
2-2s2-1s1s1__group.2262__Z2	48	2x2x2x6	32	32	0	0	explicit
2-2s2-1s1s1__group.2244__Z21	48	2x2x2x2x2	32	32	0	0	explicit
2-2s2-1s1s1__group.2267__Z8	48	2x2x2x2x2x2x2	128	128	0	0	explicit
2-2s2-1s1s1__group.2243__Z24	48	2x2x12	24	28	4	0	explicit
2-2s2-1s1s1__group.2269__Z6	48	2	2	2	0	0	explicit
2-2s2-1s1s1__group.2260__Z6	48	2x2x2	8	8	0	0	explicit
2-2s2-1s1s1__group.2261__Z5	48	2x2	4	4	0	0	explicit
2-2s2-1s1s1__group.2269__Z18	48	2x2x2x2x2x2	36	36	0	0	explicit
2-2s2-1s1s1__group.2261__Z22	48	2x2x2x2	16	16	0	0	explicit
2-2s2-1s1s1__group.2267__Z11	48	2x2x2x2x2	32	32	0	0	explicit
2-2s2-1s1s1__group.2262__Z3	48	2x2x2x6	32	32	0	0	explicit
2-2s2-1s1s1__group.2244__Z22	48	2x2x2x2x2	32	32	0	0	explicit
2-2s2-1s1s1__group.2243__Z3	48	2x2x2x6	32	32	0	0	explicit
2-2s2-1s1s1__group.2269__Z7	48	2x2x2x2x2x2	36	36	0	0	explicit
2-2s2-1s1s1__group.2267__Z9	48	2x2x2x2x2	24	24	0	0	explicit
2-2s2-1s1s1__group.2269__Z19	48	2x2x2x2	9	9	0	0	explicit
2-2s2-1s1s1__group.2261__Z23	48	2x2	4	4	0	0	explicit
2-2s2-1s1s1__group.2261__Z6	48	2x2x2	8	8	0	0	explicit
2-2s2-1s1s1__group.2262__Z4	48	2x2x2x12	48	56	8	0	explicit
2-2s2-1s1s1__group.2269__Z8	48	2x2x2x2	9	9	0	0	explicit
2-2s2-1s1s1__group.2267__Z12	48	2x2x2x2x2	20	20	0	0	explicit
2-2s2-1s1s1__group.2243__Z4	48	2x2x2x12	48	56	8	0	explicit
2-2s2-1s1s1__group.2269__Z1	48	2x2x2x2x2x2	40	40	0	0	explicit
2-2s2-1s1s1__group.2269__Z2	48	2x2x2x2	12	12	0	0	explicit
2-2s2-1s1s1__group.2261__Z7	48	2x2x2x2x2x2	64	64	0	0	explicit
2-2s2-1s1s1__group.2262__Z5	48	2x6	8	8	0	0	explicit
2-2s2-1s1s1__group.2269__Z9	48	2x2x2x2	16	16	0	0	explicit
2-2s2-1s1s1__group.2267__Z13	48	2x2x2x2	16	16	0	0	explicit
2-2s2-1s1s1__group.2261__Z24	48	2x2x2	8	8	0	0	explicit
2-2s2-1s1s1__group.2269__Z10	48	2x2x2x2	9	9	0	0	explicit
2-2s2-1s1s1__group.2261__Z8	48	2x2x2	8	8	0	0	explicit
2-2s2-1s1s1__group.2270__Z1	48	2x2x2x2x2x2	40	40	0	0	explicit
2-2s2-1s1s1__group.2262__Z6	48	2x2x2x6	32	32	0	0	explicit
2-2s2-1s1s1__group.2269__Z11	48	2x2x2	6	6	0	0	explicit
2-2s2-1s1s1__group.2267__Z2	48	2x2x2x2x2	24	24	0	0	explicit
2-2s2-1s1s1__group.2303__Z4	48	2x2x2x2	9	9	0	0	explicit
2-2s2-1s1s1__group.2269__Z20	48	2x2x2x2	16	16	0	0	explicit
2-2s2-1s1s1__group.2261__Z9	48	2x2x2x2	16	16	0	0	explicit
2-2s2-1s1s1__group.2270__Z10	48	2x2x2x2	9	9	0	0	explicit
2-2s2-1s1s1__group.2262__Z7	48	6	4	4	0	0	explicit
2-2s2-1s1s1__group.2270__Z14	48	2x2x2x2	16	16	0	0	explicit
2-2s2-1s1s1__group.2269__Z12	48	2x2x2x2x2x2	40	40	0	0	explicit
2-2s2-1s1s1__group.2267__Z3	48	2x2x2x2x2	32	32	0	0	explicit
2-2s2-1s1s1__group.2303__Z5	48	2x2x2x2	9	9	0	0	explicit
2-2s2-1s1s1__group.2270__Z11	48	2x2x2	6	6	0	0	explicit
2-2s2-1s1s1__group.2269__Z13	48	2x2x2x2	12	12	0	0	explicit
2-2s2-1s1s1__group.2270__Z15	48	2x2	3	3	0	0	explicit
2-2s2-1s1s1__group.2262__Z1	48	2x2x2x2x2x12	192	224	32	0	explicit
2-2s2-1s1s1__group.2304__Z5	48	2x2	4	4	0	0	explicit
2-2s2-1s1s1__group.2303__Z6	48	2	2	2	0	0	explicit
2-2s2-1s1s1__group.2267__Z4	48	2x2x2x2x2	32	32	0	0	explicit
2-2s2-1s1s1__group.2262__Z8	48	2x2x2x2x2x12	192	224	32	0	explicit
2-2s2-1s1s1__group.2270__Z12	48	2x2x2x2x2x2	40	40	0	0	explicit
2-2s2-1s1s1__group.2328__Z1	96	2x2x2x2x2x2x2x2x2	272	272	0	0	explicit
2-2s2-1s1s1__group.2269__Z14	48	2x2x2x2	16	16	0	0	explicit
2-2s2-1s1s1__group.2270__Z16	48	2x2x2x2	9	9	0	0	explicit
2-2s2-1s1s1__group.2262__Z10	48	2x2x2x6	32	32	0	0	explicit
2-2s2-1s1s1__group.2269__Z21	48	2x2x2x2	9	9	0	0	explicit
2-2s2-1s1s1__group.2267__Z5	48	2x2x2	8	8	0	0	explicit
2-2s2-1s1s1__group.2270__Z13	48	2x2x2x2	12	12	0	0	explicit
2-2s2-1s1s1__group.2304__Z1	48	2x2x2x2x2x2	64	64	0	0	explicit
2-2s2-1s1s1__group.2262__Z9	48	2x2x2x6	32	32	0	0	explicit
2-2s2-1s1s1__group.2269__Z15	48	2x2	3	3	0	0	explicit
2-2s2-1s1s1__group.2270__Z3	48	2x2x2x2	16	16	0	0	explicit
2-2s2-1s1s1__group.2270__Z17	48	2	2	2	0	0	explicit
2-2s2-1s1s1__group.2262__Z11	48	2x2x2x12	48	56	8	0	explicit
2-2s2-1s1s1__group.2328__Z2	96	2x2x2x2x2	24	24	0	0	explicit
2-2s2-1s1s1__group.2267__Z6	48	2x2x2x2x2	24	24	0	0	explicit
2-2s2-1s1s1__group.2304__Z10	48	2x2x2x2	16	16	0	0	explicit
2-2s2-1s1s1__group.2269__Z22	48	2x2x2	6	6	0	0	explicit
2-2s2-1s1s1__group.2304__Z6	48	2x2x2x2x2x2	64	64	0	0	explicit
2-2s2-1s1s1__group.2270__Z4	48	2x2	3	3	0	0	explicit
2-2s2-1s1s1__group.2270__Z18	48	2x2x2x2x2x2	36	36	0	0	explicit
2-2s2-1s1s1__group.2348__Z7	96	2x2x2x2x2	32	32	0	0	explicit
2-2s2-1s1s1__group.2304__Z11	48	2x2	4	4	0	0	explicit
2-2s2-1s1s1__group.2270__Z19	48	2x2x2x2	9	9	0	0	explicit
2-2s2-1s1s1__group.2269__Z3	48	2x2x2x2	16	16	0	0	explicit
2-2s2-1s1s1__group.2270__Z5	48	2x2x2x2	9	9	0	0	explicit
2-2s2-1s1s1__group.2328__Z3	96	2x2x2x2x2x2	64	64	0	0	explicit
2-2s2-1s1s1__group.2269__Z4	48	2x2	3	3	0	0	explicit
2-2s2-1s1s1__group.2270__Z2	48	2x2x2x2	12	12	0	0	explicit
2-2s2-1s1s1__group.2354__Z16	96	2x2x2x2x2x2x2x2x2	272	272	0	0	explicit
2-2s2-1s1s1__group.2270__Z6	48	2	2	2	0	0	explicit
2-2s2-1s1s1__group.2304__Z7	48	2x2x2	8	8	0	0	explicit
2-2s2-1s1s1__group.2348__Z8	96	2x2x2x2x2	32	32	0	0	explicit
2-2s2-1s1s1__group.2270__Z20	48	2x2x2x2	16	16	0	0	explicit
2-2s2-1s1s1__group.2270__Z7	48	2x2x2x2x2x2	36	36	0	0	explicit
2-2s2-1s1s1__group.2328__Z4	96	2x2x2	6	6	0	0	explicit
2-2s2-1s1s1__group.2304__Z8	48	2x2x2	8	8	0	0	explicit
2-2s2-1s1s1__group.2348__Z14	96	2x2x2x2x2	32	32	0	0	explicit
2-2s2-1s1s1__group.2304__Z12	48	2x2x2	8	8	0	0	explicit
2-2s2-1s1s1__group.2354__Z17	96	2x2x2x2x2	24	24	0	0	explicit
2-2s2-1s1s1__group.2270__Z21	48	2x2x2x2	9	9	0	0	explicit
2-2s2-1s1s1__group.2270__Z8	48	2x2x2x2	9	9	0	0	explicit
2-2s2-1s1s1__group.2304__Z9	48	2x2x2x2	16	16	0	0	explicit
2-2s2-1s1s1__group.2354__Z7	96	2x2x2x2x2	24	24	0	0	explicit
2-2s2-1s1s1__group.2270__Z22	48	2x2x2	6	6	0	0	explicit
2-2s2-1s1s1__group.2328__Z5	96	2x2x2x2x2	20	20	0	0	explicit
2-2s2-1s1s1__group.2348__Z9	96	2x2x2x2x2x2	64	64	0	0	explicit
2-2s2-1s1s1__group.2270__Z9	48	2x2x2x2	16	16	0	0	explicit
2-2s2-1s1s1__group.2348__Z15	96	2x2x2x2x2x2	64	64	0	0	explicit
2-2s2-1s1s1__group.2304__Z2	48	2x2x2	8	8	0	0	explicit
2-2s2-1s1s1__group.2368__Z7	96	2x2x2x2x2	24	24	0	0	explicit
2-2s2-1s1s1__group.2367__Z7	96	2x2x2x2x2	24	24	0	0	explicit
2-2s2-1s1s1__group.2354__Z18	96	2x2x2x2x2x2	64	64	0	0	explicit
2-2s2-1s1s1__group.2303__Z1	48	2x2x2x2x2x2	40	40	0	0	explicit
2-2s2-1s1s1__group.2319__Z1	96	2x2x2x2x2x2x2x2x2	272	272	0	0	explicit
2-2s2-1s1s1__group.2354__Z8	96	2x2x2x2x2x2	64	64	0	0	explicit
2-2s2-1s1s1__group.2348__Z16	96	2x2x2x2x2x2	64	64	0	0	explicit
2-2s2-1s1s1__group.2303__Z2	48	2x2x2x2	16	16	0	0	explicit
2-2s2-1s1s1__group.2354__Z1	96	2x2x2x2x2x2x2x2x2	272	272	0	0	explicit
2-2s2-1s1s1__group.2348__Z1	96	2x2x2x2x2x2x2x2x2	512	512	0	0	explicit
2-2s2-1s1s1__group.2354__Z19	96	2x2x2	6	6	0	0	explicit
2-2s2-1s1s1__group.2319__Z2	96	2x2x2x2x2	24	24	0	0	explicit
2-2s2-1s1s1__group.2417__Z3	96	2x2x2x2x2x2	64	64	0	0	explicit
2-2s2-1s1s1__group.2304__Z3	48	2x2x2x2	16	16	0	0	explicit
2-2s2-1s1s1__group.2354__Z9	96	2x2x2	6	6	0	0	explicit
2-2s2-1s1s1__group.2367__Z8	96	2x2x2x2x2x2	64	64	0	0	explicit
2-2s2-1s1s1__group.2354__Z10	96	2x2x2x2x2	20	20	0	0	explicit
2-2s2-1s1s1__group.2348__Z17	96	2x2x2	8	8	0	0	explicit
2-2s2-1s1s1__group.2391__Z2	96	2x2x2x2x2x2	64	64	0	0	explicit
2-2s2-1s1s1__group.2303__Z3	48	2x2x2x2	16	16	0	0	explicit
2-2s2-1s1s1__group.2354__Z2	96	2x2x2x2x2	24	24	0	0	explicit
2-2s2-1s1s1__group.2368__Z8	96	2x2x2x2x2x2	64	64	0	0	explicit
2-2s2-1s1s1__group.2348__Z10	96	2x2x2x2x2x2	64	64	0	0	explicit
2-2s2-1s1s1__group.2319__Z3	96	2x2x2x2x2x2	64	64	0	0	explicit
2-2s2-1s1s1__group.2304__Z4	48	2x2x2x2	16	16	0	0	explicit
2-2s2-1s1s1__group.2348__Z18	96	2x2x2x2x2	32	32	0	0	explicit
2-2s2-1s1s1__group.2354__Z11	96	2x2x2x2x2x2x2x2x2	272	272	0	0	explicit
2-2s2-1s1s1__group.2367__Z1	96	2x2x2x2x2x2x2x2x2	272	272	0	0	explicit
2-2s2-1s1s1__group.2417__Z4	96	2x2x2x2x2x2	64	64	0	0	explicit
2-2s2-1s1s1__group.2367__Z9	96	2x2x2	6	6	0	0	explicit
2-2s2-1s1s1__group.2354__Z20	96	2x2x2x2x2	20	20	0	0	explicit
2-2s2-1s1s1__group.2391__Z3	96	2x2x2x2x2x2x2	128	128	0	0	explicit
2-2s2-1s1s1__group.2319__Z4	96	2x2x2	6	6	0	0	explicit
2-2s2-1s1s1__group.2348__Z11	96	2x2x2	8	8	0	0	explicit
2-2s2-1s1s1__group.2354__Z12	96	2x2x2x2x2	24	24	0	0	explicit
2-2s2-1s1s1__group.2348__Z2	96	2x2x2x2x2	32	32	0	0	explicit
2-2s2-1s1s1__group.2367__Z10	96	2x2x2x2x2	20	20	0	0	explicit
2-2s2-1s1s1__group.2417__Z5	96	2x2x2	8	8	0	0	explicit
2-2s2-1s1s1__group.2418__Z12	96	2x2x2x2x2	32	32	0	0	explicit
2-2s2-1s1s1__group.2431__Z10	96	2x2x2x2x2x2	30	30	0	0	explicit
2-2s2-1s1s1__group.2354__Z3	96	2x2x2x2x2x2	64	64	0	0	explicit
2-2s2-1s1s1__group.2368__Z9	96	2x2x2	6	6	0	0	explicit
2-2s2-1s1s1__group.2391__Z4	96	2x2x2x2x2x2x2	128	128	0	0	explicit
2-2s2-1s1s1__group.2319__Z5	96	2x2x2x2x2	20	20	0	0	explicit
2-2s2-1s1s1__group.2367__Z2	96	2x2x2x2x2	24	24	0	0	explicit
2-2s2-1s1s1__group.2348__Z3	96	2x2x2x2x2x2	64	64	0	0	explicit
2-2s2-1s1s1__group.2348__Z12	96	2x2x2x2x2	32	32	0	0	explicit
2-2s2-1s1s1__group.2354__Z13	96	2x2x2x2x2x2	64	64	0	0	explicit
2-2s2-1s1s1__group.2431__Z11	96	2x2x2x2x2	20	20	0	0	explicit
2-2s2-1s1s1__group.2418__Z2	96	2x2x2x2x2	32	32	0	0	explicit
2-2s2-1s1s1__group.2417__Z6	96	2x2x2x2x2	32	32	0	0	explicit
2-2s2-1s1s1__group.2354__Z4	96	2x2x2	6	6	0	0	explicit
2-2s2-1s1s1__group.2391__Z5	96	2x2x2x2	16	16	0	0	explicit
2-2s2-1s1s1__group.2431__Z2	96	2x2x2x2x2x2	48	48	0	0	explicit
2-2s2-1s1s1__group.2348__Z4	96	2x2x2x2x2x2	64	64	0	0	explicit
2-2s2-1s1s1__group.2354__Z14	96	2x2x2	6	6	0	0	explicit
2-2s2-1s1s1__group.2368__Z1	96	2x2x2x2x2x2x2x2x2	272	272	0	0	explicit
2-2s2-1s1s1__group.2367__Z3	96	2x2x2x2x2x2	64	64	0	0	explicit
2-2s2-1s1s1__group.2354__Z5	96	2x2x2x2x2	20	20	0	0	explicit
2-2s2-1s1s1__group.2418__Z3	96	2x2x2x2x2x2	64	64	0	0	explicit
2-2s2-1s1s1__min.367__Z19	12	6	4	4	0	0	explicit
2-2s2-1s1s1__group.2417__Z7	96	2x2x2x2x2x2x2x2x2	512	512	0	0	explicit
2-2s2-1s1s1__min.367__Z1	12	12	6	7	1	0	explicit
2-2s2-1s1s1__min.367__Z2	12	6	4	4	0	0	explicit
2-2s2-1s1s1__group.2348__Z13	96	2x2x2x2x2x2x2x2x2	512	512	0	0	explicit
2-2s2-1s1s1__min.367__Z10	12	4	3	3	0	0	explicit
2-2s2-1s1s1__group.2431__Z3	96	2x2x2x2x2x2	64	64	0	0	explicit
2-2s2-1s1s1__group.2391__Z6	96	2x2x2x2x2x2	64	64	0	0	explicit
2-2s2-1s1s1__group.2348__Z5	96	2x2x2	8	8	0	0	explicit
2-2s2-1s1s1__min.367__Z20	12	12	6	7	1	0	explicit
2-2s2-1s1s1__group.2354__Z15	96	2x2x2x2x2	20	20	0	0	explicit
2-2s2-1s1s1__min.367__Z11	12	2	2	2	0	0	explicit
2-2s2-1s1s1__group.2368__Z10	96	2x2x2x2x2	20	20	0	0	explicit
2-2s2-1s1s1__min.367__Z21	12	6	4	4	0	0	explicit
2-2s2-1s1s1__min.367__Z12	12	3	2	2	0	0	explicit
2-2s2-1s1s1__group.2354__Z6	96	2x2x2x2x2x2x2x2x2	272	272	0	0	explicit
2-2s2-1s1s1__group.2417__Z8	96	2x2x2x2x2	32	32	0	0	explicit
2-2s2-1s1s1__group.2390__Z1	96	2x2x2x2x2x2x2x2x12	1536	1792	256	0	explicit
2-2s2-1s1s1__min.367__Z13	12	2	2	2	0	0	explicit
2-2s2-1s1s1__min.367__Z14	12	1	1	1	0	0	trivial
2-2s2-1s1s1__group.2431__Z4	96	2x2x2	6	6	0	0	explicit
2-2s2-1s1s1__min.367__Z22	12	6	4	4	0	0	explicit
2-2s2-1s1s1__min.367__Z15	12	12	6	7	1	0	explicit
2-2s2-1s1s1__group.2367__Z4	96	2x2x2	6	6	0	0	explicit
2-2s2-1s1s1__group.2368__Z2	96	2x2x2x2x2	24	24	0	0	explicit
2-2s2-1s1s1__min.367__Z16	12	6	4	4	0	0	explicit
2-2s2-1s1s1__min.367__Z23	12	6	4	4	0	0	explicit
2-2s2-1s1s1__group.2348__Z6	96	2x2x2x2x2x2x2x2x2	512	512	0	0	explicit
2-2s2-1s1s1__group.2417__Z1	96	2x2x2x2x2x2x2x2x2	512	512	0	0	explicit
2-2s2-1s1s1__min.367__Z17	12	6	4	4	0	0	explicit
2-2s2-1s1s1__min.367__Z28	12	3	2	2	0	0	explicit
2-2s2-1s1s1__group.2417__Z9	96	2x2x2x2x2x2	64	64	0	0	explicit
2-2s2-1s1s1__min.367__Z24	12	12	6	7	1	0	explicit
2-2s2-1s1s1__group.2390__Z2	96	2x2x2x2x12	96	112	16	0	explicit
2-2s2-1s1s1__group.2431__Z5	96	2x2x2x2x2x2	30	30	0	0	explicit
2-2s2-1s1s1__min.367__Z18	12	12	6	7	1	0	explicit
2-2s2-1s1s1__min.367__Z3	12	6	4	4	0	0	explicit
2-2s2-1s1s1__min.367__Z4	12	12	6	7	1	0	explicit
2-2s2-1s1s1__group.2418__Z4	96	2x2x2x2x2x2	64	64	0	0	explicit
2-2s2-1s1s1__group.2367__Z5	96	2x2x2x2x2	20	20	0	0	explicit
2-2s2-1s1s1__min.367__Z25	12	6	4	4	0	0	explicit
2-2s2-1s1s1__group.2368__Z3	96	2x2x2x2x2x2	64	64	0	0	explicit
2-2s2-1s1s1__min.367__Z5	12	6	4	4	0	0	explicit
2-2s2-1s1s1__min.367__Z26	12	3	2	2	0	0	explicit
2-2s2-1s1s1__min.367__Z6	12	4	3	3	0	0	explicit
2-2s2-1s1s1__group.2431__Z6	96	2x2	4	4	0	0	explicit
2-2s2-1s1s1__group.2417__Z10	96	2x2x2x2x2x2	64	64	0	0	explicit
2-2s2-1s1s1__min.367__Z7	12	6	4	4	0	0	explicit
2-2s2-1s1s1__group.2390__Z3	96	2x2x2x2x2x6	128	128	0	0	explicit
2-2s2-1s1s1__group.2418__Z1	96	2x2x2x2x2x2x2x2x2	512	512	0	0	explicit
2-2s2-1s1s1__min.367__Z27	12	6	4	4	0	0	explicit
2-2s2-1s1s1__min.367__Z8	12	2	2	2	0	0	explicit
2-2s2-1s1s1__min.367__Z9	12	2	2	2	0	0	explicit
2-2s2-1s1s1__group.2368__Z4	96	2x2x2	6	6	0	0	explicit
2-2s2-1s1s1__group.2367__Z6	96	2x2x2x2x2x2x2x2x2	272	272	0	0	explicit
2-2s2-1s1s1__min.368__Z1	24	2x2x2x12	48	56	8	0	explicit
2-2s2-1s1s1__group.2431__Z7	96	2x2x2x2x2x2x2x2x2	272	272	0	0	explicit
2-2s2-1s1s1__min.369__Z8	24	2x12	12	14	2	0	explicit
2-2s2-1s1s1__group.2417__Z11	96	2x2x2	8	8	0	0	explicit
2-2s2-1s1s1__min.370__Z17	24	2	2	2	0	0	explicit
2-2s2-1s1s1__group.2390__Z4	96	2x2x2x2x2x12	192	224	32	0	explicit
2-2s2-1s1s1__min.370__Z18	24	2x2x2	8	8	0	0	explicit
2-2s2-1s1s1__min.368__Z10	24	2x2x4	12	12	0	0	explicit
2-2s2-1s1s1__group.2418__Z10	96	2x2x2x2x2x2	64	64	0	0	explicit
2-2s2-1s1s1__min.368__Z11	24	2x2	4	4	0	0	explicit
2-2s2-1s1s1__group.2368__Z5	96	2x2x2x2x2	20	20	0	0	explicit
2-2s2-1s1s1__min.369__Z9	24	2x2x12	24	28	4	0	explicit
2-2s2-1s1s1__min.370__Z19	24	2	2	2	0	0	explicit
2-2s2-1s1s1__min.369__Z1	24	2x2x2x12	48	56	8	0	explicit
2-2s2-1s1s1__group.2431__Z8	96	2x2x2x2x2x2	36	36	0	0	explicit
2-2s2-1s1s1__min.368__Z12	24	2x4	6	6	0	0	explicit
2-2s2-1s1s1__min.370__Z2	24	2	2	2	0	0	explicit
2-2s2-1s1s1__group.2418__Z5	96	2x2x2	8	8	0	0	explicit
2-2s2-1s1s1__min.370__Z1	24	2x2x2	8	8	0	0	explicit
2-2s2-1s1s1__group.2417__Z12	96	2x2x2x2x2	32	32	0	0	explicit
2-2s2-1s1s1__min.370__Z20	24	2	2	2	0	0	explicit
2-2s2-1s1s1__min.369__Z10	24	2x2x6	16	16	0	0	explicit
2-2s2-1s1s1__min.368__Z2	24	2x12	12	14	2	0	explicit
2-2s2-1s1s1__group.2390__Z5	96	2x2x6	16	16	0	0	explicit
2-2s2-1s1s1__min.370__Z10	24	2x2	4	4	0	0	explicit
2-2s2-1s1s1__min.370__Z21	24	2x2	4	4	0	0	explicit
2-2s2-1s1s1__min.368__Z3	24	2x2x6	16	16	0	0	explicit
2-2s2-1s1s1__group.2368__Z6	96	2x2x2x2x2x2x2x2x2	272	272	0	0	explicit
2-2s2-1s1s1__min.369__Z11	24	2x6	8	8	0	0	explicit
2-2s2-1s1s1__min.370__Z22	24	2x2	4	4	0	0	explicit
2-2s2-1s1s1__min.370__Z11	24	2	2	2	0	0	explicit
2-2s2-1s1s1__group.2418__Z11	96	2x2x2	8	8	0	0	explicit
2-2s2-1s1s1__min.368__Z4	24	2x2x12	24	28	4	0	explicit
2-2s2-1s1s1__group.2431__Z9	96	2x2x2x2x2x2	64	64	0	0	explicit
2-2s2-1s1s1__group.2417__Z2	96	2x2x2x2x2	32	32	0	0	explicit
2-2s2-1s1s1__min.370__Z23	24	2	2	2	0	0	explicit
2-2s2-1s1s1__group.2418__Z6	96	2x2x2x2x2	32	32	0	0	explicit
2-2s2-1s1s1__min.368__Z5	24	2x6	8	8	0	0	explicit
2-2s2-1s1s1__min.370__Z12	24	2	2	2	0	0	explicit
2-2s2-1s1s1__min.369__Z12	24	2x12	12	14	2	0	explicit
2-2s2-1s1s1__group.2390__Z6	96	2x2x2x2x12	96	112	16	0	explicit
2-2s2-1s1s1__min.370__Z24	24	2	2	2	0	0	explicit
2-2s2-1s1s1__min.370__Z13	24	2x2x2	8	8	0	0	explicit
2-2s2-1s1s1__min.369__Z2	24	2x12	12	14	2	0	explicit
2-2s2-1s1s1__min.368__Z6	24	2x2x2x4	24	24	0	0	explicit
2-2s2-1s1s1__min.370__Z14	24	2	2	2	0	0	explicit
2-2s2-1s1s1__min.370__Z3	24	2x2	4	4	0	0	explicit
2-2s2-1s1s1__min.369__Z3	24	2x2x12	24	28	4	0	explicit
2-2s2-1s1s1__min.368__Z7	24	2x12	12	14	2	0	explicit
2-2s2-1s1s1__min.370__Z15	24	2x2	4	4	0	0	explicit
2-2s2-1s1s1__min.371__Z2	24	2x12	12	14	2	0	explicit
2-2s2-1s1s1__min.369__Z4	24	2x2x6	16	16	0	0	explicit
2-2s2-1s1s1__min.370__Z16	24	2x2	4	4	0	0	explicit
2-2s2-1s1s1__min.368__Z8	24	2x4	6	6	0	0	explicit
2-2s2-1s1s1__min.371__Z3	24	2x2x6	16	16	0	0	explicit
2-2s2-1s1s1__min.372__Z3	24	2x2	4	4	0	0	explicit
2-2s2-1s1s1__min.370__Z4	24	2x2	4	4	0	0	explicit
2-2s2-1s1s1__min.369__Z5	24	2x6	8	8	0	0	explicit
2-2s2-1s1s1__min.371__Z4	24	2x2x12	24	28	4	0	explicit
2-2s2-1s1s1__min.372__Z4	24	2x2	4	4	0	0	explicit
2-2s2-1s1s1__min.368__Z9	24	2x2x2	8	8	0	0	explicit
2-2s2-1s1s1__min.370__Z5	24	2	2	2	0	0	explicit
2-2s2-1s1s1__group.2391__Z1	96	2x2x2x2x2x2x2x2x2x2	1024	1024	0	0	explicit
2-2s2-1s1s1__min.372__Z5	24	2	2	2	0	0	explicit
2-2s2-1s1s1__min.371__Z5	24	2x6	8	8	0	0	explicit
2-2s2-1s1s1__min.369__Z6	24	2x2x2x12	48	56	8	0	explicit
2-2s2-1s1s1__min.370__Z6	24	2x2x2	8	8	0	0	explicit
2-2s2-1s1s1__min.372__Z6	24	2	2	2	0	0	explicit
2-2s2-1s1s1__min.369__Z7	24	2x12	12	14	2	0	explicit
2-2s2-1s1s1__group.2418__Z7	96	2x2x2x2x2x2x2x2x2	512	512	0	0	explicit
2-2s2-1s1s1__min.370__Z7	24	2	2	2	0	0	explicit
2-2s2-1s1s1__min.373__Z1	24	2x2x2	8	8	0	0	explicit
2-2s2-1s1s1__min.371__Z6	24	2x12	12	14	2	0	explicit
2-2s2-1s2-1__group.2445__Z1	192	2x2x2x2x2x2	36	36	0	0	explicit
2-2s2-1s1s1__min.373__Z2	24	2	2	2	0	0	explicit
2-2s2-1s1s1__min.370__Z8	24	2	2	2	0	0	explicit
2-2s2-1s2-1__group.2498__Z2	192	2x2x2	6	6	0	0	explicit
2-2s2-1s1s1__min.373__Z3	24	2x2	4	4	0	0	explicit
2-2s2-1s1s1__min.370__Z9	24	2x2	4	4	0	0	explicit
2-2s2-1s2-1__group.2472__Z7	192	2x2x2x2x2x2x2	48	48	0	0	explicit
2-2s2-1s1s1__min.373__Z4	24	2x2	4	4	0	0	explicit
2-2s2-1s1s1__min.371__Z7	24	2x2x2x12	48	56	8	0	explicit
2-2s2-1s1s1__min.371__Z1	24	2x2x2x12	48	56	8	0	explicit
2-2s2-1s1s1__group.2418__Z8	96	2x2x2x2x2	32	32	0	0	explicit
2-2s2-1s1s1__min.373__Z5	24	2	2	2	0	0	explicit
2-2s2-1s2-1__group.2544__Z2	48	2	2	2	0	0	explicit
2-2s2-1s1s1__min.371__Z10	24	2x2x12	24	28	4	0	explicit
2-2s2-1s1s1__min.373__Z6	24	2	2	2	0	0	explicit
2-2s2-1s2-1__group.2545__Z1	48	2x2	4	4	0	0	explicit
2-2s2-1s2-1__group.2551__Z5	48	2	2	2	0	0	explicit
2-2s2-1s2-1__group.2445__Z2	192	2x2x2	8	8	0	0	explicit
2-2s2-1s1s1__min.371__Z11	24	2x6	8	8	0	0	explicit
2-2s2-1s1s1__min.371__Z8	24	2x12	12	14	2	0	explicit
2-2s2-1s2-1__group.2545__Z2	48	2	2	2	0	0	explicit
2-2s2-1s2-1__group.2498__Z3	192	2x2x2x2x2x2	64	64	0	0	explicit
2-2s2-1s1s1__min.371__Z12	24	2x12	12	14	2	0	explicit
2-2s2-1s2-1__group.2551__Z6	48	2x2x2x2	7	7	0	0	explicit
2-2s2-1s2-1__group.2562__Z1	48	2x2x2x2	12	12	0	0	explicit
2-2s2-1s2-1__group.2514__Z4	192	2x2x2	8	8	0	0	explicit
2-2s2-1s2-1__group.2493__Z1	192	2x2x2x2x2x2	64	64	0	0	explicit
2-2s2-1s1s1__group.2418__Z9	96	2x2x2x2x2x2	64	64	0	0	explicit
2-2s2-1s2-1__group.2550__Z1	48	2x2x2x2	10	10	0	0	explicit
2-2s2-1s1s1__min.371__Z9	24	2x2x6	16	16	0	0	explicit
2-2s2-1s2-1__group.2562__Z10	48	2x2x2	6	6	0	0	explicit
2-2s2-1s2-1__group.2551__Z7	48	2x2x2x2	9	9	0	0	explicit
2-2s2-1s2-1__group.2550__Z2	48	2x2x2x2	9	9	0	0	explicit
2-2s2-1s2-1__group.2462__Z1	192	2x2x2x2x2x2	64	64	0	0	explicit
2-2s2-1s2-1__group.2562__Z2	48	2x2	3	3	0	0	explicit
2-2s2-1s1s1__min.372__Z1	24	2x2x2	8	8	0	0	explicit
2-2s2-1s2-1__group.2551__Z8	48	2	2	2	0	0	explicit
2-2s2-1s2-1__group.2553__Z2	48	2x2x2x2	9	9	0	0	explicit
2-2s2-1s2-1__group.2550__Z3	48	2	2	2	0	0	explicit
2-2s2-1s2-1__group.2562__Z3	48	2	2	2	0	0	explicit
2-2s2-1s2-1__group.2580__Z1	96	2x2x2x2	10	10	0	0	explicit
2-2s2-1s1s1__group.2431__Z1	96	2x2x2x2x2x2x2x2x2	288	288	0	0	explicit
2-2s2-1s2-1__group.2498__Z4	192	2x2x2	8	8	0	0	explicit
2-2s2-1s2-1__group.2493__Z2	192	2x2x2	8	8	0	0	explicit
2-2s2-1s2-1__group.2562__Z4	48	2x2x2	6	6	0	0	explicit
2-2s2-1s1s1__min.372__Z2	24	2	2	2	0	0	explicit
2-2s2-1s2-1__group.2552__Z1	48	2x2x2x2	7	7	0	0	explicit
2-2s2-1s2-1__group.2514__Z5	192	2x2x2x2x2x2	64	64	0	0	explicit
2-2s2-1s2-1__group.2551__Z1	48	2x2x2x2	7	7	0	0	explicit
2-2s2-1s2-1__group.2580__Z2	96	2x2	4	4	0	0	explicit
2-2s2-1s2-1__group.2562__Z5	48	2x2x2	6	6	0	0	explicit
2-2s2-1s2-1__group.2553__Z3	48	2	2	2	0	0	explicit
2-2s2-1s2-1__group.2552__Z2	48	2x2x2x2	9	9	0	0	explicit
2-2s2-1s2-1__group.2561__Z1	48	2x2x2x2	12	12	0	0	explicit
2-2s2-1s2-1__group.2551__Z2	48	2x2x2x2	9	9	0	0	explicit
2-2s2-1s2-1__group.2562__Z6	48	2x2x2x2	12	12	0	0	explicit
2-2s2-1s2-1__group.2462__Z2	192	2x2x2	8	8	0	0	explicit
2-2s2-1s2-1__group.2587__Z1	96	2x2x2x2	10	10	0	0	explicit
2-2s2-1s2-1__group.2561__Z10	48	2x2x2	6	6	0	0	explicit
2-2s2-1s2-1__group.2562__Z7	48	2x2	3	3	0	0	explicit
2-2s2-1s2-1__group.2551__Z3	48	2	2	2	0	0	explicit
2-2s2-1s2-1__group.2552__Z3	48	2	2	2	0	0	explicit
2-2s2-1s2-1__group.2498__Z5	192	2x2x2x2x2x2	36	36	0	0	explicit
2-2s2-1s2-1__group.2587__Z2	96	2x2	4	4	0	0	explicit
2-2s2-1s2-1__group.2493__Z3	192	2x2x2x2x2x2	64	64	0	0	explicit
2-2s2-1s2-1__group.2602__Z1	96	2x2x2x2	16	16	0	0	explicit
2-2s2-1s2-1__group.2561__Z2	48	2x2	3	3	0	0	explicit
2-2s2-1s2-1__group.2552__Z4	48	2x2x2x2	6	6	0	0	explicit
2-2s2-1s2-1__group.2514__Z6	192	2x2x2	8	8	0	0	explicit
2-2s2-1s2-1__group.2551__Z4	48	2x2x2x2	9	9	0	0	explicit
2-2s2-1s2-1__group.2553__Z4	48	2x2x2x2	6	6	0	0	explicit
2-2s2-1s2-1__group.2562__Z8	48	2	2	2	0	0	explicit
2-2s2-1s2-1__group.2588__Z1	96	2x2x2x2	10	10	0	0	explicit
2-2s2-1s2-1__group.2561__Z3	48	2	2	2	0	0	explicit
2-2s2-1s2-1__group.2552__Z5	48	2	2	2	0	0	explicit
2-2s2-1s2-1__group.2472__Z1	192	2x2x2x2x2x2x2x2	88	88	0	0	explicit
2-2s2-1s2-1__group.2602__Z2	96	2x2	4	4	0	0	explicit
2-2s2-1s2-1__group.2561__Z4	48	2x2x2	6	6	0	0	explicit
2-2s2-1s2-1__group.2553__Z1	48	2x2x2x2	7	7	0	0	explicit
2-2s2-1s2-1__group.2588__Z2	96	2x2	4	4	0	0	explicit
2-2s2-1s2-1__group.2498__Z6	192	2x2x2	6	6	0	0	explicit
2-2s2-1s2-1__group.2562__Z9	48	2x2x2	6	6	0	0	explicit
2-2s2-1s2-1__group.2561__Z5	48	2x2x2	6	6	0	0	explicit
2-2s2-1s2-1__group.2602__Z3	96	2x2x2x2	16	16	0	0	explicit
2-2s2-1s2-1__group.2493__Z4	192	2x2x2	8	8	0	0	explicit
2-2s2-1s2-1__group.2588__Z3	96	2x2x2x2	10	10	0	0	explicit
2-2s2-1s2-1__group.2514__Z7	192	2x2x2x2x2x2	64	64	0	0	explicit
2-2s2-1s2-1__group.2553__Z5	48	2	2	2	0	0	explicit
2-2s2-1s2-1__group.2628__Z4	96	2x2	4	4	0	0	explicit
2-2s2-1s2-1__group.2561__Z6	48	2x2x2x2	12	12	0	0	explicit
2-2s2-1s2-1__group.2472__Z2	192	2x2x2x2	12	12	0	0	explicit
2-2s2-1s2-1__group.2602__Z4	96	2x2	4	4	0	0	explicit
2-2s2-1s2-1__group.2561__Z7	48	2x2	3	3	0	0	explicit
2-2s2-1s2-1__group.2626__Z2	96	2x2	4	4	0	0	explicit
2-2s2-1s2-1__group.2554__Z1	48	2x2x2x2	10	10	0	0	explicit
2-2s2-1s2-1__group.2561__Z8	48	2	2	2	0	0	explicit
2-2s2-1s2-1__group.2588__Z4	96	2x2	4	4	0	0	explicit
2-2s2-1s2-1__group.2497__Z1	192	2x2x2x2x2x2	36	36	0	0	explicit
2-2s2-1s2-1__group.2561__Z9	48	2x2x2	6	6	0	0	explicit
2-2s2-1s2-1__group.2513__Z1	192	2x2x2x2x2x2	64	64	0	0	explicit
2-2s2-1s2-1__group.2629__Z1	96	2x2x2x2	16	16	0	0	explicit
2-2s2-1s2-1__group.2605__Z1	96	2x2x2x2x2x2	24	24	0	0	explicit
2-2s2-1s2-1__group.2472__Z3	192	2x2x2	6	6	0	0	explicit
2-2s2-1s2-1__group.2591__Z1	96	2x2x2x2	10	10	0	0	explicit
2-2s2-1s2-1__group.2514__Z8	192	2x2x2	8	8	0	0	explicit
2-2s2-1s2-1__group.2554__Z2	48	2x2x2x2	16	16	0	0	explicit
2-2s2-1s2-1__group.2626__Z3	96	2x2x2x2	16	16	0	0	explicit
2-2s2-1s2-1__group.2591__Z2	96	2x2	4	4	0	0	explicit
2-2s2-1s2-1__group.2554__Z3	48	2	2	2	0	0	explicit
2-2s2-1s2-1__group.2605__Z2	96	2x2x2x2x2x2	30	30	0	0	explicit
2-2s2-1s2-1__group.2497__Z2	192	2x2x2	6	6	0	0	explicit
2-2s2-1s2-1__group.2642__Z4	96	2x2x2x2x2	24	24	0	0	explicit
2-2s2-1s2-1__group.2643__Z13	96	2x2x2x2	10	10	0	0	explicit
2-2s2-1s2-1__group.2641__Z4	96	2x2x2x2x2	24	24	0	0	explicit
2-2s2-1s2-1__group.2554__Z4	48	2	2	2	0	0	explicit
2-2s2-1s2-1__group.2472__Z4	192	2x2x2x2x2x2x2	96	96	0	0	explicit
2-2s2-1s2-1__group.2626__Z4	96	2x2	4	4	0	0	explicit
2-2s2-1s2-1__group.2629__Z2	96	2x2	4	4	0	0	explicit
2-2s2-1s2-1__group.2642__Z5	96	2x2	4	4	0	0	explicit
2-2s2-1s2-1__group.2643__Z14	96	2x2x2x2x2	14	14	0	0	explicit
2-2s2-1s2-1__group.2605__Z3	96	2x2	4	4	0	0	explicit
2-2s2-1s2-1__group.2641__Z5	96	2x2x2x2x2	20	20	0	0	explicit
2-2s2-1s2-1__group.2554__Z5	48	2x2x2x2	10	10	0	0	explicit
2-2s2-1s2-1__group.2627__Z1	96	2x2x2x2	16	16	0	0	explicit
2-2s2-1s2-1__group.2497__Z3	192	2x2x2x2x2x2	36	36	0	0	explicit
2-2s2-1s2-1__group.2643__Z2	96	2x2x2	6	6	0	0	explicit
2-2s2-1s2-1__group.2642__Z1	96	2x2x2x2x2x2	24	24	0	0	explicit
2-2s2-1s2-1__group.2554__Z6	48	2	2	2	0	0	explicit
2-2s2-1s2-1__group.2605__Z4	96	2x2x2x2x2x2	21	21	0	0	explicit
2-2s2-1s2-1__group.2629__Z3	96	2x2x2x2	16	16	0	0	explicit
2-2s2-1s2-1__group.2472__Z5	192	2x2x2	8	8	0	0	explicit
2-2s2-1s2-1__group.2627__Z2	96	2x2	4	4	0	0	explicit
2-2s2-1s2-1__group.2536__Z1	384	2x2x2x2x2x2x2x2	136	136	0	0	explicit
2-2s2-1s2-1__group.2643__Z3	96	2x2	3	3	0	0	explicit
2-2s2-1s2-1__group.2642__Z6	96	2x2x2x2x2x2	24	24	0	0	explicit
2-2s2-1s2-1__group.2513__Z2	192	2x2x2	8	8	0	0	explicit
2-2s2-1s2-1__group.2642__Z10	96	2x2x2x2x2	14	14	0	0	explicit
2-2s2-1s2-1__group.2627__Z3	96	2x2x2x2	16	16	0	0	explicit
2-2s2-1s2-1__group.2629__Z4	96	2x2	4	4	0	0	explicit
2-2s2-1s2-1__group.2497__Z4	192	2x2x2	6	6	0	0	explicit
2-2s2-1s2-1__group.2643__Z4	96	2x2x2x2x2	24	24	0	0	explicit
2-2s2-1s2-1__group.2665__Z4	96	2x2	4	4	0	0	explicit
2-2s2-1s2-1__group.2665__Z1	96	2x2x2x2	16	16	0	0	explicit
2-2s2-1s2-1__group.2472__Z6	192	2x2x2x2x2x2	36	36	0	0	explicit
2-2s2-1s2-1__group.2627__Z4	96	2x2	4	4	0	0	explicit
2-2s2-1s2-1__group.2640__Z1	96	2x2x2x2	16	16	0	0	explicit
2-2s2-1s2-1__group.2665__Z5	96	2x2x2x2	16	16	0	0	explicit
2-2s2-1s2-1__group.2605__Z5	96	2x2	4	4	0	0	explicit
2-2s2-1s2-1__group.2642__Z7	96	2x2x2	6	6	0	0	explicit
2-2s2-1s2-1__group.2666__Z5	96	2x2x2x2	16	16	0	0	explicit
2-2s2-1s2-1__group.2665__Z10	96	2x2	4	4	0	0	explicit
2-2s2-1s2-1__group.2643__Z5	96	2x2	4	4	0	0	explicit
2-2s2-1s2-1__group.2628__Z1	96	2x2x2x2	16	16	0	0	explicit
2-2s2-1s2-1__group.2514__Z1	192	2x2x2x2x2x2	64	64	0	0	explicit
2-2s2-1s2-1__group.2498__Z1	192	2x2x2x2x2x2	36	36	0	0	explicit
2-2s2-1s2-1__group.2665__Z6	96	2x2	4	4	0	0	explicit
2-2s2-1s2-1__group.2626__Z1	96	2x2x2x2	16	16	0	0	explicit
2-2s2-1s2-1__group.2642__Z8	96	2x2	3	3	0	0	explicit
2-2s2-1s2-1__group.2665__Z11	96	2x2x2x2	16	16	0	0	explicit
2-2s2-1s2-1__group.2642__Z11	96	2x2x2x2x2	24	24	0	0	explicit
2-2s2-1s2-1__group.2666__Z6	96	2x2	4	4	0	0	explicit
2-2s2-1s2-1__group.2640__Z2	96	2x2	4	4	0	0	explicit
2-2s2-1s2-1__group.2628__Z2	96	2x2	4	4	0	0	explicit
2-2s2-1s2-1__group.2665__Z7	96	2x2x2x2	16	16	0	0	explicit
2-2s2-1s2-1__group.2642__Z9	96	2x2x2x2	10	10	0	0	explicit
2-2s2-1s2-1__group.2680__Z7	96	2x2x2x2	16	16	0	0	explicit
2-2s2-1s2-1__group.2536__Z2	384	2x2x2x2	12	12	0	0	explicit
2-2s2-1s2-1__group.2666__Z7	96	2x2x2x2	16	16	0	0	explicit
2-2s2-1s2-1__group.2665__Z12	96	2x2	4	4	0	0	explicit
2-2s2-1s2-1__group.2643__Z6	96	2x2x2x2x2x2	24	24	0	0	explicit
2-2s2-1s2-1__group.2641__Z1	96	2x2x2x2x2x2	48	48	0	0	explicit
2-2s2-1s2-1__group.2665__Z8	96	2x2	4	4	0	0	explicit
2-2s2-1s2-1__group.2643__Z1	96	2x2x2x2x2x2	24	24	0	0	explicit
2-2s2-1s2-1__group.2628__Z3	96	2x2x2x2	16	16	0	0	explicit
2-2s2-1s2-1__group.2514__Z2	192	2x2x2	8	8	0	0	explicit
2-2s2-1s2-1__group.2680__Z8	96	2x2	4	4	0	0	explicit
2-2s2-1s2-1__group.2665__Z13	96	2x2x2x2	16	16	0	0	explicit
2-2s2-1s2-1__group.2666__Z8	96	2x2	4	4	0	0	explicit
2-2s2-1s2-1__group.2643__Z7	96	2x2x2	6	6	0	0	explicit
2-2s2-1s2-1__group.2642__Z12	96	2x2	4	4	0	0	explicit
2-2s2-1s2-1__group.2543__Z1	48	2x2	3	3	0	0	explicit
2-2s2-1s2-1__group.2641__Z2	96	2x2x2	6	6	0	0	explicit
2-2s2-1s2-1__group.2665__Z9	96	2x2x2x2	16	16	0	0	explicit
2-2s2-1s2-1__group.2643__Z10	96	2x2x2x2x2	14	14	0	0	explicit
2-2s2-1s2-1__group.2543__Z2	48	2	2	2	0	0	explicit
2-2s2-1s2-1__group.2685__Z1	96	2x2x2x2	16	16	0	0	explicit
2-2s2-1s2-1__group.2665__Z14	96	2x2	4	4	0	0	explicit
2-2s2-1s2-1__group.2695__Z1	96	2x2x2x2x2x2	24	24	0	0	explicit
2-2s2-1s2-1__group.2544__Z1	48	2x2	3	3	0	0	explicit
2-2s2-1s2-1__group.2643__Z8	96	2x2	3	3	0	0	explicit
2-2s2-1s2-1__group.2680__Z1	96	2x2x2x2	16	16	0	0	explicit
2-2s2-1s2-1__group.2643__Z11	96	2x2x2x2x2	24	24	0	0	explicit
2-2s2-1s2-1__group.2641__Z3	96	2x2	4	4	0	0	explicit
2-2s2-1s2-1__group.2514__Z3	192	2x2x2x2x2x2	64	64	0	0	explicit
2-2s2-1s2-1__group.2665__Z15	96	2x2x2x2	16	16	0	0	explicit
2-2s2-1s2-1__group.2695__Z2	96	2x2x2	6	6	0	0	explicit
2-2s2-1s2-1__group.2642__Z13	96	2x2x2x2	10	10	0	0	explicit
2-2s2-1s2-1__group.2643__Z9	96	2x2x2x2	10	10	0	0	explicit
2-2s2-1s2-1__group.2685__Z9	96	2x2	4	4	0	0	explicit
2-2s2-1s2-1__group.2685__Z2	96	2x2x2x2x2	20	20	0	0	explicit
2-2s2-1s2-1__group.2666__Z1	96	2x2x2x2	16	16	0	0	explicit
2-2s2-1s2-1__group.2680__Z2	96	2x2	4	4	0	0	explicit
2-2s2-1s2-1__group.2643__Z12	96	2x2	4	4	0	0	explicit
2-2s2-1s2-1__min.383__Z1	24	2x2	3	3	0	0	explicit
2-2s2-1s2-1__group.2695__Z3	96	2x2	4	4	0	0	explicit
2-2s2-1s2-1__group.2665__Z16	96	2x2	4	4	0	0	explicit
2-2s2-1s2-1__min.383__Z2	24	2x2	3	3	0	0	explicit
2-2s2-1s2-1__group.2686__Z1	96	2x2x2x2	16	16	0	0	explicit
2-2s2-1s2-1__group.2685__Z3	96	2x2x2x2x2	24	24	0	0	explicit
2-2s2-1s2-1__min.383__Z3	24	1	1	1	0	0	trivial
2-2s2-1s2-1__group.2666__Z2	96	2x2	4	4	0	0	explicit
2-2s2-1s2-1__group.2680__Z3	96	2x2x2x2	16	16	0	0	explicit
2-2s2-1s2-1__min.384__Z1	24	2x2	3	3	0	0	explicit
2-2s2-1s2-1__group.2695__Z4	96	2x2x2x2x2	24	24	0	0	explicit
2-2s2-1s2-1__group.2665__Z2	96	2x2	4	4	0	0	explicit
2-2s2-1s2-1__min.384__Z2	24	2x2	3	3	0	0	explicit
2-2s2-1s2-1__group.2685__Z4	96	2x2	4	4	0	0	explicit
2-2s2-1s2-1__min.384__Z3	24	1	1	1	0	0	trivial
2-2s2-1s2-1__group.2642__Z14	96	2x2x2x2x2	14	14	0	0	explicit
2-2s2-1s2-1__min.401__Z7	48	2	2	2	0	0	explicit
2-2s2-1s2-1__group.2666__Z3	96	2x2x2x2	16	16	0	0	explicit
2-2s2-1s2-1__group.2680__Z4	96	2x2	4	4	0	0	explicit
2-2s2-1s2-1__min.397__Z1	48	2x2	4	4	0	0	explicit
2-2s2-1s2-1__group.2695__Z5	96	2x2	4	4	0	0	explicit
2-2s2-1s2-1__min.401__Z8	48	2x2	4	4	0	0	explicit
2-2s2-1s2-1__min.402__Z3	48	2	2	2	0	0	explicit
2-2s2-1s2-1__group.2686__Z2	96	2x2x2x2x2	20	20	0	0	explicit
2-2s2-1s2-1__min.397__Z2	48	2	2	2	0	0	explicit
2-2s2-1s2-1__min.398__Z1	48	2x2	4	4	0	0	explicit
2-2s2-1s2-1__group.2685__Z5	96	2x2x2x2x2	24	24	0	0	explicit
2-2s2-1s2-1__min.401__Z9	48	2x2x2	6	6	0	0	explicit
2-2s2-1s2-1__min.402__Z4	48	2x2x2	6	6	0	0	explicit
2-2s2-1s2-1__group.2665__Z3	96	2x2x2x2	16	16	0	0	explicit
2-2s2-1s2-1__group.2695__Z6	96	2x2x2x2	10	10	0	0	explicit
2-2s2-1s2-1__group.2666__Z4	96	2x2	4	4	0	0	explicit
2-2s2-1s2-1__min.397__Z3	48	2x2	4	4	0	0	explicit
2-2s2-1s2-1__min.402__Z1	48	2x2x2x2	7	7	0	0	explicit
2-2s2-1s2-1__min.398__Z2	48	2	2	2	0	0	explicit
2-2s2-1s2-1__min.402__Z5	48	2	2	2	0	0	explicit
2-2s2-1s2-1__group.2680__Z5	96	2x2x2x2	16	16	0	0	explicit
2-2s2-1s2-1__group.2642__Z2	96	2x2x2	6	6	0	0	explicit
2-2s2-1s2-1__min.397__Z4	48	2	2	2	0	0	explicit
2-2s2-1s2-1__min.402__Z10	48	2x2x2	5	5	0	0	explicit
2-2s2-1s2-1__group.2686__Z3	96	2x2x2x2x2	24	24	0	0	explicit
2-2s2-1s2-1__min.402__Z6	48	2x2x2x2	7	7	0	0	explicit
2-2s2-1s2-1__min.398__Z3	48	2x2	4	4	0	0	explicit
2-2s2-1s2-1__group.2695__Z7	96	2x2x2x2x2	16	16	0	0	explicit
2-2s2-1s2-1__min.402__Z11	48	2x2x2	6	6	0	0	explicit
2-2s2-1s2-1__min.402__Z7	48	2x2	3	3	0	0	explicit
2-2s2-1s2-1__min.398__Z4	48	2	2	2	0	0	explicit
2-2s2-1s2-1__min.382__Z1	24	2x2	3	3	0	0	explicit
2-2s2-1s2-1__group.2642__Z3	96	2x2	3	3	0	0	explicit
2-2s2-1s2-1__min.402__Z12	48	2	2	2	0	0	explicit
2-2s2-1s2-1__min.402__Z8	48	2	2	2	0	0	explicit
2-2s2-1s2-1__group.2686__Z4	96	2x2	4	4	0	0	explicit
2-2s2-1s2-1__min.382__Z2	24	2x2	3	3	0	0	explicit
2-2s2-1s2-1__group.2680__Z6	96	2x2	4	4	0	0	explicit
2-2s2-1s2-1__min.382__Z3	24	1	1	1	0	0	trivial
2-2s2-1s2-1__min.402__Z9	48	2x2	3	3	0	0	explicit
2-2s2-1s2-1__min.402__Z13	48	2x2	3	3	0	0	explicit
2-2s2-1s2-1__group.2685__Z6	96	2x2	4	4	0	0	explicit
2-2s2-1s2-1__min.401__Z1	48	2x2x2x2	10	10	0	0	explicit
2-2s2-1s2-1__min.402__Z14	48	2x2x2	5	5	0	0	explicit
2-2s2-2s1c1__group.2700__Z4	12	2x2	2	2	0	0	explicit
2-2s2-2s1c1__group.2700__Z1	12	2x2	2	2	0	0	explicit
2-2s2-1s2-1__min.402__Z2	48	2x2	3	3	0	0	explicit
2-2s2-2s1c1__group.2706__Z10	12	2x2	2	2	0	0	explicit
2-2s2-1s2-1__min.401__Z2	48	2x2	3	3	0	0	explicit
2-2s2-2s1c1__group.2701__Z1	12	2x2x6x6	8	8	0	0	explicit
2-2s2-1s2-1__group.2685__Z7	96	2x2x2x2x2x2	40	40	0	0	explicit
2-2s2-1s2-1__min.401__Z3	48	2	2	2	0	0	explicit
2-2s2-1s2-1__group.2686__Z5	96	2x2x2x2x2	24	24	0	0	explicit
2-2s2-2s1c1__group.2700__Z2	12	2x2	2	2	0	0	explicit
2-2s2-2s1c1__group.2724__Z1	18	3x3x3x3	4	4	0	0	explicit
2-2s2-1s2-1__min.401__Z4	48	2x2x2	6	6	0	0	explicit
2-2s2-2s1c1__group.2701__Z2	12	2x2x6x6	8	8	0	0	explicit
2-2s2-2s1c1__group.2706__Z11	12	2x2	2	2	0	0	explicit
2-2s2-2s1c1__group.2725__Z1	18	6x6	6	6	0	0	explicit
2-2s2-1s2-1__group.2685__Z8	96	2x2x2	6	6	0	0	explicit
2-2s2-2s1c1__group.2706__Z9	12	2x2	2	2	0	0	explicit
2-2s2-2s1c1__group.2702__Z1	12	2x2	2	2	0	0	explicit
2-2s2-1s2-1__min.401__Z5	48	2	2	2	0	0	explicit
2-2s2-2s1c1__group.2726__Z1	18	1	1	1	0	0	trivial
2-2s2-2s1c1__group.2726__Z2	18	1	1	1	0	0	trivial
2-2s2-1s2-1__min.401__Z6	48	2x2x2	6	6	0	0	explicit
2-2s2-2s1c1__group.2724__Z10	18	3x3x3x3x3	8	8	0	0	explicit
2-2s2-2s1c1__group.2726__Z3	18	1	1	1	0	0	trivial
2-2s2-2s1c1__group.2725__Z10	18	2x2	2	2	0	0	explicit
2-2s2-2s1c1__group.2702__Z2	12	2x2	2	2	0	0	explicit
2-2s2-2s1c1__group.2706__Z12	12	2x2	2	2	0	0	explicit
2-2s2-2s1c1__group.2700__Z3	12	2x2	2	2	0	0	explicit
2-2s2-2s1c1__group.2726__Z4	18	1	1	1	0	0	trivial
2-2s2-1s2-1__group.2686__Z6	96	2x2	4	4	0	0	explicit
2-2s2-2s1c1__group.2726__Z5	18	1	1	1	0	0	trivial
2-2s2-2s1c1__group.2703__Z1	12	2x2	2	2	0	0	explicit
2-2s2-2s1c1__group.2713__Z1	144	2x2x2x2x2x2	11	11	0	0	explicit
2-2s2-2s1c1__group.2726__Z6	18	1	1	1	0	0	trivial
2-2s2-2s1c1__group.2724__Z2	18	3x3x3x3	4	4	0	0	explicit
2-2s2-2s1c1__group.2725__Z2	18	2x6	4	4	0	0	explicit
2-2s2-2s1c1__group.2706__Z2	12	2x2	2	2	0	0	explicit
2-2s2-2s1c1__group.2704__Z4	12	2x6	4	4	0	0	explicit
2-2s2-1s2-1__group.2686__Z7	96	2x2x2x2x2x2	40	40	0	0	explicit
2-2s2-2s1c1__group.2703__Z2	12	2x2	2	2	0	0	explicit
2-2s2-2s1c1__group.2729__Z1	24	2x2x2x2	4	4	0	0	explicit
2-2s2-2s1c1__group.2704__Z5	12	6x6	4	4	0	0	explicit
2-2s2-1s2-1__group.2686__Z8	96	2x2x2	6	6	0	0	explicit
2-2s2-2s1c1__group.2704__Z1	12	6x6	4	4	0	0	explicit
2-2s2-2s1c1__group.2729__Z2	24	2x2x2x2	4	4	0	0	explicit
2-2s2-2s1c1__group.2706__Z3	12	2x2	2	2	0	0	explicit
2-2s2-2s1c1__group.2724__Z3	18	3x3x3	6	7	1	0	explicit
2-2s2-2s1c1__group.2752__Z1	36	6x6x6x6	17	18	1	0	explicit
2-2s2-2s1c1__group.2762__Z3	36	2x2x2x2	4	4	0	0	explicit
2-2s2-2s1c1__group.2725__Z3	18	2x6	4	4	0	0	explicit
2-2s2-2s1c1__group.2704__Z2	12	6x6	4	4	0	0	explicit
2-2s2-2s1c1__group.2704__Z6	12	6x6	4	4	0	0	explicit
2-2s2-2s1c1__group.2753__Z1	36	2x2	2	2	0	0	explicit
2-2s2-1s2-1__group.2686__Z9	96	2x2	4	4	0	0	explicit
2-2s2-2s1c1__group.2763__Z1	36	3x3x6x6	8	8	0	0	explicit
2-2s2-2s1c1__group.2754__Z1	36	2x6	4	4	0	0	explicit
2-2s2-2s1c1__group.2718__Z1	18	3x3	3	3	0	0	explicit
2-2s2-2s1c1__group.2730__Z1	24	2x2x2x2	5	5	0	0	explicit
2-2s2-2s1c1__group.2747__Z1	36	2x2	2	2	0	0	explicit
2-2s2-2s1c1__group.2761__Z1	36	2x2	2	2	0	0	explicit
2-2s2-2s1c1__group.2705__Z1	12	2x2x2x2	5	5	0	0	explicit
2-2s2-2s1c1__group.2763__Z2	36	3x3x6x6	8	8	0	0	explicit
2-2s2-2s1c1__group.2733__Z3	24	2x2x2x2	4	4	0	0	explicit
2-2s2-2s1c1__group.2718__Z2	18	3	2	2	0	0	explicit
2-2s2-2s1c1__group.2766__Z1	36	2x2	2	2	0	0	explicit
2-2s2-2s1c1__group.2704__Z3	12	2x6	4	4	0	0	explicit
2-2s2-2s1c1__group.2761__Z2	36	2x2	2	2	0	0	explicit
2-2s2-2s1c1__group.2706__Z4	12	2x2	2	2	0	0	explicit
2-2s2-2s1c1__group.2730__Z3	24	2x2x2x2	5	5	0	0	explicit
2-2s2-2s1c1__group.2763__Z3	36	3x3x6x6	8	8	0	0	explicit
2-2s2-2s1c1__group.2719__Z1	18	3x3x6x6	8	8	0	0	explicit
2-2s2-2s1c1__group.2705__Z2	12	2x2x2x2	5	5	0	0	explicit
2-2s2-2s1c1__group.2724__Z4	18	3x3	3	3	0	0	explicit
2-2s2-2s1c1__group.2761__Z3	36	2x6	4	4	0	0	explicit
2-2s2-2s1c1__group.2725__Z4	18	2x6	4	4	0	0	explicit
2-2s2-2s1c1__group.2730__Z2	24	2x2x2x2	5	5	0	0	explicit
2-2s2-2s1c1__group.2706__Z5	12	2x2	2	2	0	0	explicit
2-2s2-2s1c1__group.2761__Z4	36	6x6	6	6	0	0	explicit
2-2s2-2s1c1__group.2764__Z1	36	2x2x2x6	10	10	0	0	explicit
2-2s2-2s1c1__group.2719__Z2	18	3x3x6x6	8	8	0	0	explicit
2-2s2-2s1c1__group.2766__Z2	36	2x2	2	2	0	0	explicit
2-2s2-2s1c1__group.2761__Z5	36	2x6	4	4	0	0	explicit
2-2s2-2s1c1__group.2706__Z6	12	2x2	2	2	0	0	explicit
2-2s2-2s1c1__group.2720__Z1	18	3x3x3x6x6	20	24	4	0	explicit
2-2s2-2s1c1__group.2766__Z3	36	2x2	2	2	0	0	explicit
2-2s2-2s1c1__group.2762__Z1	36	2x2x2x2	5	5	0	0	explicit
2-2s2-2s1c1__group.2705__Z3	12	2x2x2x2	5	5	0	0	explicit
2-2s2-2s1c1__group.2733__Z4	24	2x2x2x2	4	4	0	0	explicit
2-2s2-2s1c1__group.2781__Z2	72	2x2x2x2	5	5	0	0	explicit
2-2s2-2s1c1__group.2766__Z4	36	2x6	4	4	0	0	explicit
2-2s2-2s1c1__group.2762__Z2	36	2x2x2x2	5	5	0	0	explicit
2-2s2-2s1c1__group.2725__Z5	18	2x2	2	2	0	0	explicit
2-2s2-2s1c1__group.2781__Z3	72	2x2x2x2	4	4	0	0	explicit
2-2s2-2s1c1__group.2747__Z10	36	2x2	2	2	0	0	explicit
2-2s2-2s1c1__group.2720__Z2	18	3x6x6	12	14	2	0	explicit
2-2s2-2s1c1__group.2721__Z1	18	3	2	2	0	0	explicit
2-2s2-2s1c1__group.2764__Z2	36	2x2x2x2	5	5	0	0	explicit
2-2s2-2s1c1__group.2784__Z1	72	2x2x2x2	5	5	0	0	explicit
2-2s2-2s1c1__group.2706__Z7	12	2x2	2	2	0	0	explicit
2-2s2-2s1c1__group.2764__Z3	36	2x2x2x2	5	5	0	0	explicit
2-2s2-2s1c1__group.2734__Z1	24	2x2x2x2	5	5	0	0	explicit
2-2s2-2s1c1__group.2721__Z2	18	3	2	2	0	0	explicit
2-2s2-2s1c1__group.2766__Z5	36	2x6	4	4	0	0	explicit
2-2s2-2s1c1__group.2705__Z4	12	2x2x2x2	5	5	0	0	explicit
2-2s2-2s1c1__group.2812__Z2	72	2x2x2x6	10	10	0	0	explicit
2-2s2-2s1c1__min.403__Z1	6	1	1	1	0	0	trivial
2-2s2-2s1c1__min.403__Z2	6	1	1	1	0	0	trivial
2-2s2-2s1c1__group.2765__Z1	36	3x3x6x6	10	12	2	0	explicit
2-2s2-2s1c1__min.403__Z3	6	1	1	1	0	0	trivial
2-2s2-2s1c1__group.2766__Z6	36	2x6	4	4	0	0	explicit
2-2s2-2s1c1__group.2705__Z5	12	2x2x2x2	5	5	0	0	explicit
2-2s2-2s1c1__min.403__Z4	6	1	1	1	0	0	trivial
2-2s2-2s1c1__group.2734__Z2	24	2x2x2x2	5	5	0	0	explicit
2-2s2-2s1c1__group.2784__Z2	72	2x2x2x2	5	5	0	0	explicit
2-2s2-2s1c1__min.404__Z1	6	6x6	4	4	0	0	explicit
2-2s2-2s1c1__group.2747__Z2	36	2x2	2	2	0	0	explicit
2-2s2-2s1c1__group.2705__Z6	12	2x2x2x2	5	5	0	0	explicit
2-2s2-2s1c1__group.2724__Z5	18	3x3x3x3	7	8	1	0	explicit
2-2s2-2s1c1__min.404__Z2	6	6x6	4	4	0	0	explicit
2-2s2-2s1c1__group.2784__Z3	72	2x2x2x2	5	5	0	0	explicit
2-2s2-2s1c1__group.2725__Z6	18	2x2	2	2	0	0	explicit
2-2s2-2s1c1__group.2706__Z1	12	2x2	2	2	0	0	explicit
2-2s2-2s1c1__group.2734__Z3	24	2x2x2x2	5	5	0	0	explicit
2-2s2-2s1c1__group.2765__Z2	36	3x6x6	12	14	2	0	explicit
2-2s2-2s1c1__group.2774__Z1	48	2x2x2x2x2x2	11	11	0	0	explicit
2-2s2-2s1c1__group.2803__Z1	72	2x2x2x2x2x2	11	11	0	0	explicit
2-2s2-2s1c1__group.2730__Z4	24	2x2x2x2	5	5	0	0	explicit
2-2s2-2s1c1__min.405__Z2	9	3x3x3x3x3	8	8	0	0	explicit
2-2s2-2s1c1__group.2706__Z8	12	2x2	2	2	0	0	explicit
2-2s2-2s1c1__min.404__Z3	6	2x6	4	4	0	0	explicit
2-2s2-2s1c1__group.2747__Z3	36	2x2	2	2	0	0	explicit
2-2s2-2s1c1__group.2725__Z7	18	2x6	4	4	0	0	explicit
2-2s2-2s1c1__group.2804__Z1	72	6x6x6x6	17	18	1	0	explicit
2-2s2-2s1c1__group.2765__Z3	36	3x3x3x6x6	20	24	4	0	explicit
2-2s2-2s1c1__group.2747__Z4	36	2x2	2	2	0	0	explicit
2-2s2-2s1c1__group.2805__Z1	72	2x2x2x2	5	5	0	0	explicit
2-2s2-2s1c1__min.405__Z3	9	3x3x3x3	12	14	2	0	explicit
2-2s2-2s1c1__group.2747__Z5	36	2x2	2	2	0	0	explicit
2-2s2-2s1c1__group.2730__Z5	24	2x2x2x2	5	5	0	0	explicit
2-2s2-2s1c1__group.2774__Z2	48	2x2x2x2x2x2	11	11	0	0	explicit
2-2s2-2s1c1__group.2725__Z8	18	2x2	2	2	0	0	explicit
2-2s2-2s1c1__group.2805__Z2	72	2x2x2x2	4	4	0	0	explicit
2-2s2-2s1c1__min.404__Z4	6	2x6	4	4	0	0	explicit
2-2s2-2s1c1__group.2734__Z4	24	2x2x2x2	5	5	0	0	explicit
2-2s2-2s1c1__group.2725__Z9	18	2x2	2	2	0	0	explicit
2-2s2-2s1c1__group.2747__Z6	36	2x2	2	2	0	0	explicit
2-2s2-2s1c1__group.2778__Z1	72	2x2x2x2	4	4	0	0	explicit
2-2s2-2s1c1__min.405__Z1	9	3x3x3x3x3x3	13	14	1	0	explicit
2-2s2-2s1c1__group.2812__Z1	72	2x2x2x2	5	5	0	0	explicit
2-2s2-2s1c1__group.2730__Z6	24	2x2x2x2	5	5	0	0	explicit
2-2s2-2s1c1__group.2736__Z1	36	2x2	2	2	0	0	explicit
2-2s2-2s1c1__group.2724__Z6	18	3x3	3	3	0	0	explicit
2-2s2-2s1c1__group.2781__Z1	72	2x2x2x2	5	5	0	0	explicit
2-2s2-2s1c1__min.405__Z4	9	3x3x3	6	6	0	0	explicit
2-2s2-2s1s1__group.2863__Z8	144	2x2	4	4	0	0	explicit
2-2s2-2s1c1__group.2747__Z7	36	2x2	2	2	0	0	explicit
2-2s2-2s1c1__group.2724__Z7	18	3x3x3x3x3	10	12	2	0	explicit
2-2s2-2s1s1__group.2889__Z2	144	2x2x2	6	6	0	0	explicit
2-2s2-2s1c1__group.2736__Z2	36	2x2	2	2	0	0	explicit
2-2s2-2s1c1__group.2731__Z1	24	2x2x2x2x2x2	11	11	0	0	explicit
2-2s2-2s1s1__group.2856__Z4	144	2x2	4	4	0	0	explicit
2-2s2-2s1c1__group.2737__Z1	36	2x2	2	2	0	0	explicit
2-2s2-2s1s1__group.2953__Z10	36	1	1	1	0	0	trivial
2-2s2-2s1c1__group.2737__Z2	36	2x2	2	2	0	0	explicit
2-2s2-2s1s1__group.2953__Z2	36	1	1	1	0	0	trivial
2-2s2-2s1s1__group.2973__Z2	36	3	2	2	0	0	explicit
2-2s2-2s1s1__group.2953__Z20	36	1	1	1	0	0	trivial
2-2s2-2s1s1__group.2877__Z1	144	2x2x2x2x2x2	36	36	0	0	explicit
2-2s2-2s1s1__group.2973__Z3	36	2x6	8	8	0	0	explicit
2-2s2-2s1c1__group.2731__Z2	24	2x2x2x2x2x2	11	11	0	0	explicit
2-2s2-2s1s1__group.2953__Z3	36	2x2	4	4	0	0	explicit
2-2s2-2s1c1__group.2724__Z8	18	3x3x3x3	12	14	2	0	explicit
2-2s2-2s1s1__group.2953__Z11	36	2x2	4	4	0	0	explicit
2-2s2-2s1s1__group.2953__Z12	36	1	1	1	0	0	trivial
2-2s2-2s1s1__group.2856__Z5	144	2x2x2x2x2x2	64	64	0	0	explicit
2-2s2-2s1s1__group.2973__Z4	36	3	2	2	0	0	explicit
2-2s2-2s1c1__group.2747__Z8	36	2x2	2	2	0	0	explicit
2-2s2-2s1s1__group.2953__Z4	36	2x2	4	4	0	0	explicit
2-2s2-2s1c1__group.2724__Z9	18	3x3x3x3x3x3	13	14	1	0	explicit
2-2s2-2s1s1__group.2877__Z2	144	2x2	4	4	0	0	explicit
2-2s2-2s1s1__group.2953__Z13	36	2x2	4	4	0	0	explicit
2-2s2-2s1s1__group.2978__Z1	36	2x2	4	4	0	0	explicit
2-2s2-2s1c1__group.2732__Z1	24	2x2x6x6	8	8	0	0	explicit
2-2s2-2s1s1__group.2953__Z14	36	1	1	1	0	0	trivial
2-2s2-2s1s1__group.2978__Z2	36	1	1	1	0	0	trivial
2-2s2-2s1s1__group.2979__Z4	36	3x6	8	10	2	0	explicit
2-2s2-2s1s1__group.2890__Z1	144	2x2x2x2x6x6	136	164	28	0	explicit
2-2s2-2s1s1__group.2953__Z5	36	2x2	4	4	0	0	explicit
2-2s2-2s1s1__group.2953__Z15	36	2x2	4	4	0	0	explicit
2-2s2-2s1s1__group.2856__Z6	144	2x2	4	4	0	0	explicit
2-2s2-2s1s1__group.2979__Z5	36	6x6x6	64	80	16	0	explicit
2-2s2-2s1s1__group.2981__Z2	36	3x3x6	16	20	4	0	explicit
2-2s2-2s1s1__group.2978__Z3	36	2x2	4	4	0	0	explicit
2-2s2-2s1s1__group.2877__Z3	144	2x2x2x2x2x2	36	36	0	0	explicit
2-2s2-2s1c1__group.2732__Z2	24	2x2x6x6	8	8	0	0	explicit
2-2s2-2s1c1__min.405__Z5	9	3x3x3x3	7	8	1	0	explicit
2-2s2-2s1s1__group.2953__Z16	36	2x2	4	4	0	0	explicit
2-2s2-2s1s1__group.2979__Z6	36	3x3x6	16	20	4	0	explicit
2-2s2-2s1s1__group.2978__Z4	36	1	1	1	0	0	trivial
2-2s2-2s1s1__group.2953__Z17	36	1	1	1	0	0	trivial
2-2s2-2s1s1__group.2981__Z3	36	2x6x6	32	40	8	0	explicit
2-2s2-2s1s1__group.2953__Z18	36	1	1	1	0	0	trivial
2-2s2-2s1s1__group.2953__Z6	36	2x2	4	4	0	0	explicit
2-2s2-2s1s1__group.2890__Z2	144	6x6	10	11	1	0	explicit
2-2s2-2s1s1__group.2863__Z1	144	2x2x2x2x2x2	24	24	0	0	explicit
2-2s2-2s1s1__group.2982__Z8	36	1	1	1	0	0	trivial
2-2s2-2s1s1__group.2953__Z7	36	1	1	1	0	0	trivial
2-2s2-2s1s1__group.2979__Z7	36	2x2x6	16	16	0	0	explicit
2-2s2-2s1s1__group.2984__Z4	36	3	2	2	0	0	explicit
2-2s2-2s1s1__group.2877__Z4	144	2x2	4	4	0	0	explicit
2-2s2-2s1c1__group.2747__Z9	36	2x2	2	2	0	0	explicit
2-2s2-2s1s1__group.2981__Z4	36	3x6	8	10	2	0	explicit
2-2s2-2s1c1__group.2733__Z1	24	2x2x2x2	5	5	0	0	explicit
2-2s2-2s1s1__group.2953__Z8	36	1	1	1	0	0	trivial
2-2s2-2s1s1__group.2953__Z19	36	2x2	4	4	0	0	explicit
2-2s2-2s1s1__group.2979__Z1	36	2x6x6	32	40	8	0	explicit
2-2s2-2s1s1__group.2984__Z5	36	2x6	6	6	0	0	explicit
2-2s2-2s1s1__group.2953__Z9	36	1	1	1	0	0	trivial
2-2s2-2s1s1__group.2863__Z2	144	2x2	4	4	0	0	explicit
2-2s2-2s1s1__group.2982__Z1	36	2x6	8	8	0	0	explicit
2-2s2-2s1s1__group.2979__Z8	36	6	4	4	0	0	explicit
2-2s2-2s1s1__group.2979__Z2	36	3x6	8	10	2	0	explicit
2-2s2-2s1s1__group.2891__Z1	144	2x2x2x2x2x2	40	40	0	0	explicit
2-2s2-2s1s1__group.2973__Z1	36	2x6	8	8	0	0	explicit
2-2s2-2s1s1__group.2982__Z2	36	3	2	2	0	0	explicit
2-2s2-2s1s1__group.2983__Z1	36	2x6	6	6	0	0	explicit
2-2s2-2s1s1__group.2980__Z1	36	2x6x6	32	40	8	0	explicit
2-2s2-2s1s1__group.2878__Z1	144	2x2x2x2x2x2	36	36	0	0	explicit
2-2s2-2s1c1__group.2733__Z2	24	2x2x2x2	5	5	0	0	explicit
2-2s2-2s1s1__group.2984__Z6	36	3	2	2	0	0	explicit
2-2s2-2s1s1__group.2979__Z3	36	2x6x6	32	40	8	0	explicit
2-2s2-2s1s1__group.2982__Z3	36	2x6	8	8	0	0	explicit
2-2s2-2s1s1__group.2980__Z2	36	3x6	8	10	2	0	explicit
2-2s2-2s1s1__group.2983__Z2	36	3	2	2	0	0	explicit
2-2s2-2s1s1__group.2863__Z3	144	2x2x2x2x2x2	36	36	0	0	explicit
2-2s2-2s1s1__group.2891__Z2	144	2x2	4	4	0	0	explicit
2-2s2-2s1c1__min.405__Z6	9	3x3	3	3	0	0	explicit
2-2s2-2s1s1__group.2983__Z3	36	2x2	3	3	0	0	explicit
2-2s2-2s1s1__group.2982__Z4	36	3	2	2	0	0	explicit
2-2s2-2s1s1__group.2986__Z10	36	2	2	2	0	0	explicit
2-2s2-2s1s1__group.2983__Z4	36	1	1	1	0	0	trivial
2-2s2-2s1s1__group.2980__Z3	36	2x2x6	16	16	0	0	explicit
2-2s2-2s1s1__group.2878__Z2	144	2x2	4	4	0	0	explicit
2-2s2-2s1s1__group.2985__Z1	36	2x6x6	32	40	8	0	explicit
2-2s2-2s1s1__group.2982__Z5	36	2x2	4	4	0	0	explicit
2-2s2-2s1s1__group.2982__Z6	36	1	1	1	0	0	trivial
2-2s2-2s1s1__group.2983__Z5	36	2x2	3	3	0	0	explicit
2-2s2-2s1s1__group.2863__Z4	144	2x2	4	4	0	0	explicit
2-2s2-2s1s1__group.2983__Z6	36	1	1	1	0	0	trivial
2-2s2-2s1s1__group.2980__Z4	36	6	4	4	0	0	explicit
2-2s2-2s1s1__group.2891__Z3	144	2x2x2x2x2x2	36	36	0	0	explicit
2-2s2-2s1s1__group.2986__Z11	36	2x2x2	8	8	0	0	explicit
2-2s2-2s1s1__group.2838__Z1	144	2x2x2x2x2x2	36	36	0	0	explicit
2-2s2-2s1s1__group.2984__Z1	36	6x6	12	12	0	0	explicit
2-2s2-2s1s1__group.2982__Z7	36	2x2	4	4	0	0	explicit
2-2s2-2s1s1__group.2986__Z2	36	6	4	4	0	0	explicit
2-2s2-2s1s1__group.2981__Z1	36	6x6x6	64	80	16	0	explicit
2-2s2-2s1s1__group.2984__Z2	36	3x3	4	4	0	0	explicit
2-2s2-2s1s1__group.2878__Z3	144	2x2x2x2x2x6	72	72	0	0	explicit
2-2s2-2s1s1__group.2987__Z10	36	3	2	2	0	0	explicit
2-2s2-2s1s1__group.2985__Z2	36	3x6	8	10	2	0	explicit
2-2s2-2s1s1__group.2863__Z5	144	2x2x2x2x2x2	24	24	0	0	explicit
2-2s2-2s1s1__group.2986__Z12	36	2	2	2	0	0	explicit
2-2s2-2s1s1__group.2987__Z11	36	6x6	10	11	1	0	explicit
2-2s2-2s1s1__group.2984__Z3	36	2x6	6	6	0	0	explicit
2-2s2-2s1s1__group.2985__Z3	36	2x6x6	32	40	8	0	explicit
2-2s2-2s1s1__group.2838__Z2	144	2x2	4	4	0	0	explicit
2-2s2-2s1s1__group.2891__Z4	144	2x2	3	3	0	0	explicit
2-2s2-2s1s1__group.2987__Z12	36	3x3	3	3	0	0	explicit
2-2s2-2s1s1__group.2986__Z20	36	2	2	2	0	0	explicit
2-2s2-2s1s1__group.2987__Z7	36	6x6	16	20	4	0	explicit
2-2s2-2s1s1__group.2878__Z4	144	2x6	8	8	0	0	explicit
2-2s2-2s1s1__group.2986__Z13	36	2x2x6	16	16	0	0	explicit
2-2s2-2s1s1__group.2985__Z4	36	3x6	8	10	2	0	explicit
2-2s2-2s1s1__group.2863__Z6	144	2x2	4	4	0	0	explicit
2-2s2-2s1s1__group.2987__Z8	36	3x3	4	5	1	0	explicit
2-2s2-2s1s1__group.2987__Z13	36	6x6	10	11	1	0	explicit
2-2s2-2s1s1__group.2986__Z14	36	6	4	4	0	0	explicit
2-2s2-2s1s1__group.2986__Z3	36	2x2x2	8	8	0	0	explicit
2-2s2-2s1s1__group.2987__Z9	36	2x6	8	8	0	0	explicit
2-2s2-2s1s1__group.2987__Z14	36	3x3	3	3	0	0	explicit
2-2s2-2s1s1__group.2985__Z5	36	2x6x6	32	40	8	0	explicit
2-2s2-2s1s1__group.2988__Z1	36	6x6	10	11	1	0	explicit
2-2s2-2s1s1__group.2987__Z2	36	3x3	3	3	0	0	explicit
2-2s2-2s1s1__group.2889__Z1	144	2x2x2x2x2x2x2	72	72	0	0	explicit
2-2s2-2s1s1__group.2863__Z7	144	2x2x2x2x2x2	24	24	0	0	explicit
2-2s2-2s1s1__group.2856__Z1	144	2x2x2x2x2x2	64	64	0	0	explicit
2-2s2-2s1s1__group.2986__Z15	36	2x2x2	8	8	0	0	explicit
2-2s2-2s1s1__group.2985__Z6	36	3x6	8	10	2	0	explicit
2-2s2-2s1s1__group.2986__Z4	36	2x2x6	16	16	0	0	explicit
2-2s2-2s1s1__group.2987__Z3	36	2x6	8	8	0	0	explicit
2-2s2-2s1s1__group.2936__Z1	288	2x2x2x2x2x2x2x2	76	76	0	0	explicit
2-2s2-2s1s1__group.2988__Z10	36	3x3x3	8	10	2	0	explicit
2-2s2-2s1s1__group.2989__Z12	36	2	2	2	0	0	explicit
2-2s2-2s1s1__group.2988__Z3	36	6x6	16	20	4	0	explicit
2-2s2-2s1s1__group.2986__Z1	36	2x2x6	16	16	0	0	explicit
2-2s2-2s1s1__group.2987__Z4	36	3	2	2	0	0	explicit
2-2s2-2s1s1__group.2988__Z11	36	3x3x6x6	36	42	6	0	explicit
2-2s2-2s1s1__group.2986__Z5	36	2	2	2	0	0	explicit
2-2s2-2s1s1__group.2986__Z16	36	2	2	2	0	0	explicit
2-2s2-2s1s1__group.2989__Z7	36	2x2x2	8	8	0	0	explicit
2-2s2-2s1s1__group.2988__Z12	36	3x3x3x3	10	11	1	0	explicit
2-2s2-2s1s1__group.2988__Z4	36	3x3	4	5	1	0	explicit
2-2s2-2s1s1__group.2987__Z5	36	2x2	3	3	0	0	explicit
2-2s2-2s1s1__group.2989__Z13	36	2x2x2	6	6	0	0	explicit
2-2s2-2s1s1__group.2987__Z6	36	1	1	1	0	0	trivial
2-2s2-2s1s1__group.2856__Z2	144	2x2	4	4	0	0	explicit
2-2s2-2s1s1__group.2989__Z8	36	2x2x2	6	6	0	0	explicit
2-2s2-2s1s1__group.2986__Z17	36	2x2x2	8	8	0	0	explicit
2-2s2-2s1s1__group.2936__Z2	288	2x2x2	6	6	0	0	explicit
2-2s2-2s1s1__group.2986__Z6	36	6	4	4	0	0	explicit
2-2s2-2s1s1__group.2988__Z13	36	3x6x6	20	22	2	0	explicit
2-2s2-2s1s1__group.2986__Z18	36	2	2	2	0	0	explicit
2-2s2-2s1s1__group.2989__Z9	36	2x2x2	6	6	0	0	explicit
2-2s2-2s1s1__group.2988__Z5	36	6x6	10	11	1	0	explicit
2-2s2-2s1s1__group.2953__Z1	36	2x2	4	4	0	0	explicit
2-2s2-2s1s1__group.2989__Z14	36	2	2	2	0	0	explicit
2-2s2-2s1s1__group.2991__Z14	36	2	2	2	0	0	explicit
2-2s2-2s1s1__group.3037__Z2	72	2	2	2	0	0	explicit
2-2s2-2s1s1__group.2991__Z9	36	2x2x6	12	12	0	0	explicit
2-2s2-2s1s1__group.2856__Z3	144	2x2x2x2x2x2	64	64	0	0	explicit
2-2s2-2s1s1__group.2990__Z5	36	6x6	16	20	4	0	explicit
2-2s2-2s1s1__group.2991__Z15	36	2x2x2	6	6	0	0	explicit
2-2s2-2s1s1__group.2988__Z14	36	3x3x3	6	6	0	0	explicit
2-2s2-2s1s1__group.3037__Z3	72	2x2x2x2	10	10	0	0	explicit
2-2s2-2s1s1__group.2990__Z16	36	3x3	4	5	1	0	explicit
2-2s2-2s1s1__group.3042__Z14	72	2	2	2	0	0	explicit
2-2s2-2s1s1__group.2991__Z16	36	2	2	2	0	0	explicit
2-2s2-2s1s1__group.2988__Z2	36	3x3	3	3	0	0	explicit
2-2s2-2s1s1__group.2986__Z19	36	2x2x2	8	8	0	0	explicit
2-2s2-2s1s1__group.3027__Z1	72	2x2x2x2	16	16	0	0	explicit
2-2s2-2s1s1__group.2990__Z6	36	3x3	4	5	1	0	explicit
2-2s2-2s1s1__group.2989__Z15	36	2x2x2	6	6	0	0	explicit
2-2s2-2s1s1__group.3037__Z4	72	2	2	2	0	0	explicit
2-2s2-2s1s1__group.2991__Z2	36	6	4	4	0	0	explicit
2-2s2-2s1s1__group.2990__Z1	36	3x6x6	32	40	8	0	explicit
2-2s2-2s1s1__group.2986__Z7	36	2x2x2	8	8	0	0	explicit
2-2s2-2s1s1__group.3042__Z2	72	2	2	2	0	0	explicit
2-2s2-2s1s1__group.2988__Z6	36	3x3	3	3	0	0	explicit
2-2s2-2s1s1__group.2990__Z17	36	3x6x6	32	40	8	0	explicit
2-2s2-2s1s1__group.3027__Z2	72	2	2	2	0	0	explicit
2-2s2-2s1s1__group.2991__Z3	36	2x2x2	8	8	0	0	explicit
2-2s2-2s1s1__group.2989__Z16	36	2	2	2	0	0	explicit
2-2s2-2s1s1__group.2990__Z7	36	2x6	8	8	0	0	explicit
2-2s2-2s1s1__group.2988__Z7	36	3x6x6	32	40	8	0	explicit
2-2s2-2s1s1__group.3037__Z5	72	2x2x2x2	10	10	0	0	explicit
2-2s2-2s1s1__group.2990__Z18	36	3x3x3	8	10	2	0	explicit
2-2s2-2s1s1__group.3042__Z3	72	2x2x2x2	16	16	0	0	explicit
2-2s2-2s1s1__group.2990__Z10	36	2x6	8	8	0	0	explicit
2-2s2-2s1s1__group.3027__Z3	72	2x2x2x2	16	16	0	0	explicit
2-2s2-2s1s1__group.2988__Z8	36	3x3x3	8	10	2	0	explicit
2-2s2-2s1s1__group.2991__Z4	36	2	2	2	0	0	explicit
2-2s2-2s1s1__group.2986__Z8	36	2	2	2	0	0	explicit
2-2s2-2s1s1__group.3037__Z6	72	2	2	2	0	0	explicit
2-2s2-2s1s1__group.2989__Z2	36	2	2	2	0	0	explicit
2-2s2-2s1s1__group.2991__Z5	36	2x6x6	20	20	0	0	explicit
2-2s2-2s1s1__group.2990__Z8	36	6x6	16	20	4	0	explicit
2-2s2-2s1s1__group.2990__Z19	36	6x6	16	20	4	0	explicit
2-2s2-2s1s1__group.2988__Z9	36	3x6x6	32	40	8	0	explicit
2-2s2-2s1s1__group.2986__Z9	36	2x2x2	8	8	0	0	explicit
2-2s2-2s1s1__group.3027__Z4	72	2	2	2	0	0	explicit
2-2s2-2s1s1__group.2991__Z6	36	3x6	6	6	0	0	explicit
2-2s2-2s1s1__group.2990__Z11	36	3	2	2	0	0	explicit
2-2s2-2s1s1__group.3042__Z4	72	2	2	2	0	0	explicit
2-2s2-2s1s1__group.3042__Z1	72	2x2x2x2	10	10	0	0	explicit
2-2s2-2s1s1__group.2987__Z1	36	6x6	10	11	1	0	explicit
2-2s2-2s1s1__group.2989__Z1	36	2x2x2	8	8	0	0	explicit
2-2s2-2s1s1__group.3047__Z10	72	2	2	2	0	0	explicit
2-2s2-2s1s1__group.2990__Z2	36	3x3x3	8	10	2	0	explicit
2-2s2-2s1s1__group.2991__Z7	36	2x2x6	16	16	0	0	explicit
2-2s2-2s1s1__group.2990__Z9	36	6x6	16	20	4	0	explicit
2-2s2-2s1s1__group.3032__Z1	72	2x2x2x2	16	16	0	0	explicit
2-2s2-2s1s1__group.2989__Z10	36	2	2	2	0	0	explicit
2-2s2-2s1s1__group.3042__Z10	72	2	2	2	0	0	explicit
2-2s2-2s1s1__group.2990__Z12	36	3x3	4	5	1	0	explicit
2-2s2-2s1s1__group.2990__Z20	36	3x3	4	5	1	0	explicit
2-2s2-2s1s1__group.2989__Z3	36	2x2x2	8	8	0	0	explicit
2-2s2-2s1s1__group.3093__Z2	72	2	2	2	0	0	explicit
2-2s2-2s1s1__group.3042__Z5	72	2x2x2x2	10	10	0	0	explicit
2-2s2-2s1s1__group.3047__Z11	72	2	2	2	0	0	explicit
2-2s2-2s1s1__group.2991__Z8	36	2x2x6	12	12	0	0	explicit
2-2s2-2s1s1__group.3032__Z2	72	2	2	2	0	0	explicit
2-2s2-2s1s1__group.2989__Z11	36	2	2	2	0	0	explicit
2-2s2-2s1s1__group.3042__Z11	72	2x2x2x2	10	10	0	0	explicit
2-2s2-2s1s1__group.3047__Z5	72	2x2x2x2	10	10	0	0	explicit
2-2s2-2s1s1__group.2991__Z1	36	2x2x6	16	16	0	0	explicit
2-2s2-2s1s1__group.2990__Z21	36	6x6	16	20	4	0	explicit
2-2s2-2s1s1__group.3094__Z1	72	2x2x2x6	20	20	0	0	explicit
2-2s2-2s1s1__group.3042__Z12	72	2	2	2	0	0	explicit
2-2s2-2s1s1__group.2990__Z13	36	3x3	4	5	1	0	explicit
2-2s2-2s1s1__group.3047__Z6	72	2	2	2	0	0	explicit
2-2s2-2s1s1__group.3032__Z3	72	2x2x2x2	16	16	0	0	explicit
2-2s2-2s1s1__group.3042__Z6	72	2	2	2	0	0	explicit
2-2s2-2s1s1__group.3094__Z2	72	6	4	4	0	0	explicit
2-2s2-2s1s1__group.2991__Z10	36	6	4	4	0	0	explicit
2-2s2-2s1s1__group.2989__Z4	36	2	2	2	0	0	explicit
2-2s2-2s1s1__group.3047__Z12	72	2	2	2	0	0	explicit
2-2s2-2s1s1__group.2990__Z22	36	3x3	4	5	1	0	explicit
2-2s2-2s1s1__group.3042__Z13	72	2x2x2x2	10	10	0	0	explicit
2-2s2-2s1s1__group.2991__Z11	36	6	4	4	0	0	explicit
2-2s2-2s1s1__group.3032__Z4	72	2	2	2	0	0	explicit
2-2s2-2s1s1__group.3107__Z4	72	2x2	4	4	0	0	explicit
2-2s2-2s1s1__group.3042__Z7	72	2x2x2x2	16	16	0	0	explicit
2-2s2-2s1s1__group.3100__Z1	72	2x2x2x6x6	128	160	32	0	explicit
2-2s2-2s1s1__group.3047__Z7	72	2x2x2x2	16	16	0	0	explicit
2-2s2-2s1s1__group.2990__Z14	36	3	2	2	0	0	explicit
2-2s2-2s1s1__group.2989__Z5	36	2x2x2	6	6	0	0	explicit
2-2s2-2s1s1__group.3037__Z1	72	2x2x2x2	10	10	0	0	explicit
2-2s2-2s1s1__group.3042__Z8	72	2	2	2	0	0	explicit
2-2s2-2s1s1__group.3100__Z2	72	6x6	16	20	4	0	explicit
2-2s2-2s1s1__group.3107__Z5	72	2x2x2x2x2	32	32	0	0	explicit
2-2s2-2s1s1__group.2991__Z12	36	6	4	4	0	0	explicit
2-2s2-2s1s1__group.3047__Z13	72	2x2x2x2	10	10	0	0	explicit
2-2s2-2s1s1__group.2989__Z6	36	2	2	2	0	0	explicit
2-2s2-2s1s1__group.2990__Z3	36	6x6	16	16	0	0	explicit
2-2s2-2s1s1__group.3047__Z8	72	2x2x2x2	10	10	0	0	explicit
2-2s2-2s1s1__group.3109__Z2	72	3x6	8	10	2	0	explicit
2-2s2-2s1s1__group.2990__Z15	36	6x6	16	20	4	0	explicit
2-2s2-2s1s1__group.3107__Z6	72	2x2	4	4	0	0	explicit
2-2s2-2s1s1__group.3101__Z1	72	2x2x2x2	16	16	0	0	explicit
2-2s2-2s1s1__group.3042__Z9	72	2x2x2x2	16	16	0	0	explicit
2-2s2-2s1s1__group.2991__Z13	36	2x2x2	6	6	0	0	explicit
2-2s2-2s1s1__group.3110__Z6	72	2x2	4	4	0	0	explicit
2-2s2-2s1s1__group.3101__Z2	72	2	2	2	0	0	explicit
2-2s2-2s1s1__group.2990__Z4	36	3x3	4	4	0	0	explicit
2-2s2-2s1s1__group.3108__Z1	72	2x2x6x6	64	80	16	0	explicit
2-2s2-2s1s1__group.3113__Z7	72	2x2x2x2	16	16	0	0	explicit
2-2s2-2s1s1__group.3109__Z3	72	2x2x6x6	64	80	16	0	explicit
2-2s2-2s1s1__group.3047__Z1	72	2x2x2x2	16	16	0	0	explicit
2-2s2-2s1s1__group.3047__Z14	72	2	2	2	0	0	explicit
2-2s2-2s1s1__group.3113__Z1	72	2x2x2x2	16	16	0	0	explicit
2-2s2-2s1s1__group.3107__Z1	72	2x2x2x2x2	32	32	0	0	explicit
2-2s2-2s1s1__group.3047__Z9	72	2x2x2x2	10	10	0	0	explicit
2-2s2-2s1s1__group.3108__Z2	72	3x6	8	10	2	0	explicit
2-2s2-2s1s1__group.3047__Z15	72	2x2x2x2	10	10	0	0	explicit
2-2s2-2s1s1__group.3113__Z8	72	2	2	2	0	0	explicit
2-2s2-2s1s1__group.3113__Z10	72	2	2	2	0	0	explicit
2-2s2-2s1s1__group.3109__Z4	72	3x6	8	10	2	0	explicit
2-2s2-2s1s1__group.3090__Z1	72	2x2x2x6	20	20	0	0	explicit
2-2s2-2s1s1__group.3107__Z2	72	2x2	4	4	0	0	explicit
2-2s2-2s1s1__group.3047__Z16	72	2	2	2	0	0	explicit
2-2s2-2s1s1__group.3132__Z8	72	2	2	2	0	0	explicit
2-2s2-2s1s1__group.3131__Z6	72	2	2	2	0	0	explicit
2-2s2-2s1s1__group.3113__Z11	72	2x2x2x2	16	16	0	0	explicit
2-2s2-2s1s1__group.3113__Z9	72	2x2x2x2	16	16	0	0	explicit
2-2s2-2s1s1__group.3090__Z2	72	6	4	4	0	0	explicit
2-2s2-2s1s1__group.3109__Z5	72	2x6x6x6	128	160	32	0	explicit
2-2s2-2s1s1__group.3108__Z3	72	2x2x2x6	32	32	0	0	explicit
2-2s2-2s1s1__group.3047__Z2	72	2	2	2	0	0	explicit
2-2s2-2s1s1__group.3135__Z9	72	2x2x2x2	10	10	0	0	explicit
2-2s2-2s1s1__group.3131__Z7	72	2x2x2x2	7	7	0	0	explicit
2-2s2-2s1s1__group.3135__Z1	72	2x2x2x6	20	20	0	0	explicit
2-2s2-2s1s1__group.3107__Z3	72	2x2x2x2x2	32	32	0	0	explicit
2-2s2-2s1s1__group.3113__Z12	72	2	2	2	0	0	explicit
2-2s2-2s1s1__group.3090__Z3	72	2x2x2x2	10	10	0	0	explicit
2-2s2-2s1s1__group.3131__Z8	72	2	2	2	0	0	explicit
2-2s2-2s1s1__group.3109__Z6	72	3x3x6	16	20	4	0	explicit
2-2s2-2s1s1__group.3114__Z5	72	2x2x2x2	16	16	0	0	explicit
2-2s2-2s1s1__group.3135__Z10	72	2	2	2	0	0	explicit
2-2s2-2s1s1__group.3114__Z1	72	2x2x2x6	32	32	0	0	explicit
2-2s2-2s1s1__group.3142__Z1	72	2x2x2x2x2	24	24	0	0	explicit
2-2s2-2s1s1__group.3108__Z4	72	6	4	4	0	0	explicit
2-2s2-2s1s1__group.3132__Z1	72	2x2x6x6	24	24	0	0	explicit
2-2s2-2s1s1__group.3090__Z4	72	2	2	2	0	0	explicit
2-2s2-2s1s1__group.3113__Z2	72	2	2	2	0	0	explicit
2-2s2-2s1s1__group.3047__Z3	72	2x2x2x2	16	16	0	0	explicit
2-2s2-2s1s1__group.3135__Z2	72	6	4	4	0	0	explicit
2-2s2-2s1s1__group.3142__Z2	72	2x2	4	4	0	0	explicit
2-2s2-2s1s1__group.3110__Z1	72	2x2x2x2x6	64	64	0	0	explicit
2-2s2-2s1s1__group.3114__Z10	72	6	4	4	0	0	explicit
2-2s2-2s1s1__group.3108__Z5	72	2x2x6x6	64	80	16	0	explicit
2-2s2-2s1s1__group.3143__Z2	72	3x6	6	6	0	0	explicit
2-2s2-2s1s1__group.3093__Z1	72	2x2x2x2	10	10	0	0	explicit
2-2s2-2s1s1__group.3132__Z2	72	3x6	6	6	0	0	explicit
2-2s2-2s1s1__group.3135__Z3	72	2x2x2x6	20	20	0	0	explicit
2-2s2-2s1s1__group.3113__Z3	72	2x2x2x2	16	16	0	0	explicit
2-2s2-2s1s1__group.3110__Z2	72	2x6	8	8	0	0	explicit
2-2s2-2s1s1__group.3047__Z4	72	2	2	2	0	0	explicit
2-2s2-2s1s1__group.3142__Z3	72	2x2x2x2x2	32	32	0	0	explicit
2-2s2-2s1s1__group.3114__Z6	72	2	2	2	0	0	explicit
2-2s2-2s1s1__group.3108__Z6	72	3x6	8	10	2	0	explicit
2-2s2-2s1s1__group.3135__Z4	72	6	4	4	0	0	explicit
2-2s2-2s1s1__group.3114__Z11	72	2x2x2x2	16	16	0	0	explicit
2-2s2-2s1s1__group.3143__Z3	72	2x2x6x6	64	80	16	0	explicit
2-2s2-2s1s1__min.410__Z3	18	6	4	4	0	0	explicit
2-2s2-2s1s1__group.3142__Z4	72	2x2	4	4	0	0	explicit
2-2s2-2s1s1__group.3113__Z4	72	2	2	2	0	0	explicit
2-2s2-2s1s1__group.3110__Z3	72	2x2x2x2x2	32	32	0	0	explicit
2-2s2-2s1s1__group.3109__Z1	72	2x2x6x6	64	80	16	0	explicit
2-2s2-2s1s1__group.3135__Z5	72	2x2x2x2	10	10	0	0	explicit
2-2s2-2s1s1__group.3114__Z12	72	2	2	2	0	0	explicit
2-2s2-2s1s1__group.3143__Z4	72	3x6	8	10	2	0	explicit
2-2s2-2s1s1__min.410__Z12	18	3x3	4	5	1	0	explicit
2-2s2-2s1s1__min.410__Z4	18	3x6	8	10	2	0	explicit
2-2s2-2s1s1__group.3114__Z7	72	2x2x2x2	16	16	0	0	explicit
2-2s2-2s1s1__group.3142__Z5	72	2x2x2x2x2	24	24	0	0	explicit
2-2s2-2s1s1__group.3132__Z3	72	2x2x2x6	14	14	0	0	explicit
2-2s2-2s1s1__group.3113__Z5	72	2x2x2x2	16	16	0	0	explicit
2-2s2-2s1s1__group.3135__Z6	72	2	2	2	0	0	explicit
2-2s2-2s1s1__min.410__Z13	18	3x3x6	16	20	4	0	explicit
2-2s2-2s1s1__group.3143__Z5	72	2x2x6x6	36	42	6	0	explicit
2-2s2-2s1s1__min.410__Z5	18	3x6	8	10	2	0	explicit
2-2s2-2s1s1__group.3110__Z4	72	2x2	4	4	0	0	explicit
2-2s2-2s1s1__group.3142__Z6	72	2x2	4	4	0	0	explicit
2-2s2-2s1s1__min.410__Z14	18	3x3x3	8	10	2	0	explicit
2-2s2-2s1s1__group.3113__Z6	72	2	2	2	0	0	explicit
2-2s2-2s1s1__group.3114__Z8	72	2	2	2	0	0	explicit
2-2s2-2s1s1__group.3114__Z2	72	6	4	4	0	0	explicit
2-2s2-2s1s1__group.3143__Z6	72	3x6	6	6	0	0	explicit
2-2s2-2s1s1__min.410__Z6	18	6	4	4	0	0	explicit
2-2s2-2s1s1__group.3135__Z7	72	2x2x2x2	10	10	0	0	explicit
2-2s2-2s1s1__group.3110__Z5	72	2x2x2x2x2	32	32	0	0	explicit
2-2s2-2s1s1__min.410__Z15	18	3x6	8	8	0	0	explicit
2-2s2-2s1s1__group.3132__Z4	72	6	4	4	0	0	explicit
2-2s2-2s1s1__group.3142__Z7	72	2x2x2x2x2	24	24	0	0	explicit
2-2s2-2s1s1__min.411__Z3	18	3x6	8	8	0	0	explicit
2-2s2-2s1s1__min.410__Z7	18	3	2	2	0	0	explicit
2-2s2-2s1s1__group.3114__Z9	72	2x2x2x6	32	32	0	0	explicit
2-2s2-2s1s1__min.410__Z16	18	6	4	4	0	0	explicit
2-2s2-2s1s1__group.3135__Z8	72	2	2	2	0	0	explicit
2-2s2-2s1s1__group.3143__Z7	72	2x2x6x6	36	42	6	0	explicit
2-2s2-2s1s1__group.3114__Z3	72	2x2x2x6	32	32	0	0	explicit
2-2s2-2s1s1__group.3131__Z1	72	2x2x2x2	7	7	0	0	explicit
2-2s2-2s1s1__group.3142__Z8	72	2x2	4	4	0	0	explicit
2-2s2-2s1s1__min.411__Z12	18	3x3	4	5	1	0	explicit
2-2s2-2s1s1__min.410__Z8	18	3x3	4	5	1	0	explicit
2-2s2-2s1s1__min.410__Z17	18	3x3	4	4	0	0	explicit
2-2s2-2s1s1__min.411__Z4	18	3x3x6	16	20	4	0	explicit
2-2s2-2s1s1__group.3131__Z2	72	2	2	2	0	0	explicit
2-2s2-2s1s1__group.3132__Z5	72	2x2x2x6	20	20	0	0	explicit
2-2s2-2s2-1__group.3214__Z1	144	2x6	8	8	0	0	explicit
2-2s2-2s1s1__min.411__Z13	18	3x3x6	16	20	4	0	explicit
2-2s2-2s1s1__group.3143__Z1	72	2x2x6x6	36	42	6	0	explicit
2-2s2-2s1s1__min.410__Z9	18	3x3	4	5	1	0	explicit
2-2s2-2s1s1__group.3143__Z8	72	3x6	6	6	0	0	explicit
2-2s2-2s1s1__min.410__Z18	18	3	2	2	0	0	explicit
2-2s2-2s1s1__group.3114__Z4	72	6	4	4	0	0	explicit
2-2s2-2s1s1__min.411__Z5	18	3x3x6	16	20	4	0	explicit
2-2s2-2s1s1__min.411__Z14	18	3x3x3	8	10	2	0	explicit
2-2s2-2s1s1__group.3131__Z3	72	2x2x2x2	7	7	0	0	explicit
2-2s2-2s2-1__group.3215__Z1	144	2x2	4	4	0	0	explicit
2-2s2-2s1s1__min.411__Z1	18	3x3x3x6	32	40	8	0	explicit
2-2s2-2s1s1__min.410__Z19	18	2	2	2	0	0	explicit
2-2s2-2s1s1__min.410__Z1	18	3x6	8	10	2	0	explicit
2-2s2-2s1s1__min.411__Z15	18	3x6	8	10	2	0	explicit
2-2s2-2s1s1__group.3131__Z4	72	2	2	2	0	0	explicit
2-2s2-2s1s1__min.410__Z2	18	3x3	4	5	1	0	explicit
2-2s2-2s1s1__group.3132__Z6	72	6	4	4	0	0	explicit
2-2s2-2s2-1__group.3221__Z1	144	2x2	4	4	0	0	explicit
2-2s2-2s1s1__min.410__Z20	18	1	1	1	0	0	trivial
2-2s2-2s2-1__group.3172__Z1	144	2x2	3	3	0	0	explicit
2-2s2-2s1s1__min.411__Z6	18	3x6	8	8	0	0	explicit
2-2s2-2s1s1__min.411__Z16	18	3x3x6	16	20	4	0	explicit
2-2s2-2s1s1__group.3132__Z7	72	2x2x2x2	7	7	0	0	explicit
2-2s2-2s1s1__min.411__Z10	18	3x3	4	4	0	0	explicit
2-2s2-2s1s1__group.3131__Z5	72	2x2x2x2	10	10	0	0	explicit
2-2s2-2s2-1__group.3221__Z2	144	2x2	4	4	0	0	explicit
2-2s2-2s1s1__min.410__Z10	18	3	2	2	0	0	explicit
2-2s2-2s2-1__group.3184__Z1	144	2x2	4	4	0	0	explicit
2-2s2-2s2-1__group.3237__Z2	144	2x2	4	4	0	0	explicit
2-2s2-2s1s1__min.411__Z17	18	3x3	4	5	1	0	explicit
2-2s2-2s1s1__min.411__Z7	18	3x3	4	4	0	0	explicit
2-2s2-2s2-1__group.3224__Z1	144	2x2	3	3	0	0	explicit
2-2s2-2s2-1__group.3244__Z1	144	2x2	3	3	0	0	explicit
2-2s2-2s1s1__min.411__Z11	18	3x6	8	10	2	0	explicit
2-2s2-2s1s1__min.411__Z18	18	3x3x3	8	10	2	0	explicit
2-2s2-2s2-1__group.3225__Z1	144	2x2	4	4	0	0	explicit
2-2s2-2s1s1__min.410__Z11	18	3x6	8	10	2	0	explicit
2-2s2-2s1s1__min.411__Z8	18	3x3x3	8	10	2	0	explicit
2-2s2-2s2-1__group.3249__Z2	144	2x2	3	3	0	0	explicit
2-2s2-2s2-1__group.3184__Z2	144	2x2	4	4	0	0	explicit
2-2s2-2s2-1__group.3244__Z2	144	2x6	8	8	0	0	explicit
2-2s2-2s1s1__min.411__Z19	18	3x6	8	10	2	0	explicit
2-2s2-2s2-1__group.3269__Z4	144	2x2	4	4	0	0	explicit
2-2s2-2s2-1__group.3225__Z2	144	2x2	3	3	0	0	explicit
2-2s2-2s2-1__group.3290__Z1	144	2x2	4	4	0	0	explicit
2-2s2-2s2-1__group.3249__Z3	144	2x2	4	4	0	0	explicit
2-2s2-2s1s1__min.411__Z9	18	3x3x3	8	10	2	0	explicit
2-2s2-2s2-1__group.3184__Z3	144	2x2	4	4	0	0	explicit
2-2s2-2s1s1__min.411__Z2	18	3x3x3x3	16	20	4	0	explicit
2-2s2-2s2-1__group.3269__Z5	144	2x2	4	4	0	0	explicit
2-2s2-2s2-1__group.3171__Z1	144	2x2	4	4	0	0	explicit
2-2s2-2s2-1__group.3290__Z2	144	2x2	4	4	0	0	explicit
2-2s2-2s2-1__group.3249__Z4	144	2x2	4	4	0	0	explicit
2-2s2-2s2-1__group.3250__Z4	144	2x2	4	4	0	0	explicit
2-2s2-2s2-1__group.3201__Z1	144	2x2	4	4	0	0	explicit
2-2s2-2s1s1__min.411__Z20	18	3x3	4	5	1	0	explicit
2-2s2-2s2-1__group.3244__Z3	144	6x6	10	10	0	0	explicit
2-2s2-2s2-1__group.3291__Z3	144	2x2	4	4	0	0	explicit
2-2s2-2s2-1__group.3249__Z5	144	2x2	3	3	0	0	explicit
2-2s2-2s2-1__group.3309__Z1	24	2	2	2	0	0	explicit
2-2s2-2s2-1__group.3290__Z3	144	2x6	8	8	0	0	explicit
2-2s2-2s2-1__group.3250__Z5	144	2x2	4	4	0	0	explicit
2-2s2-2s2-1__group.3201__Z2	144	2x6	8	8	0	0	explicit
2-2s2-2s2-1__group.3236__Z1	144	2x2	4	4	0	0	explicit
2-2s2-2s2-1__group.3309__Z2	24	2	2	2	0	0	explicit
2-2s2-2s2-1__group.3291__Z4	144	2x2	4	4	0	0	explicit
2-2s2-2s2-1__group.3244__Z4	144	2x6	6	6	0	0	explicit
2-2s2-2s2-1__group.3171__Z2	144	2x2	4	4	0	0	explicit
2-2s2-2s2-1__group.3249__Z6	144	2x2	3	3	0	0	explicit
2-2s2-2s2-1__group.3288__Z1	144	2x6	8	8	0	0	explicit
2-2s2-2s2-1__group.3266__Z1	144	2x2	4	4	0	0	explicit
2-2s2-2s2-1__group.3290__Z4	144	2x2	4	4	0	0	explicit
2-2s2-2s2-1__group.3207__Z1	144	2x2	4	4	0	0	explicit
2-2s2-2s2-1__group.3245__Z1	144	2x2	3	3	0	0	explicit
2-2s2-2s2-1__group.3249__Z7	144	2x2	3	3	0	0	explicit
2-2s2-2s2-1__group.3291__Z5	144	2x2	4	4	0	0	explicit
2-2s2-2s2-1__group.3312__Z1	24	2	2	2	0	0	explicit
2-2s2-2s2-1__group.3266__Z2	144	2x2	4	4	0	0	explicit
2-2s2-2s2-1__group.3290__Z5	144	2x6	8	8	0	0	explicit
2-2s2-2s2-1__group.3207__Z2	144	2x2	4	4	0	0	explicit
2-2s2-2s2-1__group.3236__Z2	144	2x6	8	8	0	0	explicit
2-2s2-2s2-1__group.3404__Z2	48	2x2	3	3	0	0	explicit
2-2s2-2s2-1__group.3326__Z1	288	2x2x2	8	8	0	0	explicit
2-2s2-2s2-1__group.3245__Z2	144	2x2	4	4	0	0	explicit
2-2s2-2s2-1__group.3249__Z8	144	2x2	3	3	0	0	explicit
2-2s2-2s2-1__group.3291__Z6	144	2x2	4	4	0	0	explicit
2-2s2-2s2-1__group.3312__Z2	24	2	2	2	0	0	explicit
2-2s2-2s2-1__group.3266__Z3	144	2x2	4	4	0	0	explicit
2-2s2-2s2-1__group.3290__Z6	144	2x2	4	4	0	0	explicit
2-2s2-2s2-1__group.3211__Z1	144	2x2	4	4	0	0	explicit
2-2s2-2s2-1__group.3237__Z1	144	2x2	4	4	0	0	explicit
2-2s2-2s2-1__group.3245__Z3	144	2x2	3	3	0	0	explicit
2-2s2-2s2-1__group.3250__Z1	144	2x6	8	8	0	0	explicit
2-2s2-2s2-1__group.3171__Z3	144	2x2	3	3	0	0	explicit
2-2s2-2s2-1__group.3410__Z1	48	2x2	3	3	0	0	explicit
2-2s2-2s2-1__group.3291__Z7	144	2x2	4	4	0	0	explicit
2-2s2-2s2-1__group.3266__Z4	144	2x2	4	4	0	0	explicit
2-2s2-2s2-1__group.3312__Z3	24	2	2	2	0	0	explicit
2-2s2-2s2-1__group.3288__Z2	144	2x6	8	8	0	0	explicit
2-2s2-2s2-1__group.3290__Z7	144	2x6	8	8	0	0	explicit
2-2s2-2s2-1__group.3211__Z2	144	2x2	4	4	0	0	explicit
2-2s2-2s2-1__group.3245__Z4	144	2x2	3	3	0	0	explicit
2-2s2-2s2-1__group.3333__Z1	288	2x2x2	6	6	0	0	explicit
2-2s2-2s2-1__group.3250__Z2	144	2x6	8	8	0	0	explicit
2-2s2-2s2-1__group.3410__Z2	48	2x2	3	3	0	0	explicit
2-2s2-2s2-1__group.3288__Z3	144	2x2	4	4	0	0	explicit
2-2s2-2s2-1__group.3380__Z1	288	2x2x2	8	8	0	0	explicit
2-2s2-2s2-1__group.3249__Z1	144	2x2	3	3	0	0	explicit
2-2s2-2s2-1__group.3312__Z4	24	2	2	2	0	0	explicit
2-2s2-2s2-1__group.3290__Z8	144	2x6	8	8	0	0	explicit
2-2s2-2s2-1__group.3266__Z5	144	2x2	4	4	0	0	explicit
2-2s2-2s2-1__group.3250__Z3	144	2x2	4	4	0	0	explicit
2-2s2-2s2-1__group.3288__Z4	144	2x2	4	4	0	0	explicit
2-2s2-2s2-1__group.3312__Z5	24	2	2	2	0	0	explicit
2-2s2-2s2-1__group.3291__Z1	144	2x2	4	4	0	0	explicit
2-2s2-2s2-1__group.3291__Z8	144	2x2	4	4	0	0	explicit
2-2s2-2s2-1__group.3346__Z1	288	2x2x2	6	6	0	0	explicit
2-2s2-2s2-1__group.3411__Z1	48	2x2	4	4	0	0	explicit
2-2s2-2s2-1__group.3269__Z1	144	2x2	4	4	0	0	explicit
2-2s2-2s2-1__group.3412__Z4	48	2x2	4	4	0	0	explicit
2-2s2-2s2-1__group.3289__Z1	144	2x2	4	4	0	0	explicit
2-2s2-2s2-1__group.3307__Z1	24	2	2	2	0	0	explicit
2-2s2-2s2-1__group.3291__Z2	144	2x2	4	4	0	0	explicit
2-2s2-2s2-1__group.3312__Z6	24	2	2	2	0	0	explicit
2-2s2-2s2-1__group.3269__Z2	144	2x2	4	4	0	0	explicit
2-2s2-2s2-1__group.3453__Z3	72	2	2	2	0	0	explicit
2-2s2-2s2-1__group.3455__Z5	72	2	2	2	0	0	explicit
2-2s2-2s2-1__group.3413__Z1	48	2x2	4	4	0	0	explicit
2-2s2-2s2-1__group.3472__Z1	72	2	2	2	0	0	explicit
2-2s2-2s2-1__group.3380__Z2	288	2x2x6	16	16	0	0	explicit
2-2s2-2s2-1__group.3454__Z1	72	2	2	2	0	0	explicit
2-2s2-2s2-1__group.3456__Z1	72	2	2	2	0	0	explicit
2-2s2-2s2-1__group.3312__Z7	24	2	2	2	0	0	explicit
2-2s2-2s2-1__group.3269__Z3	144	2x2	4	4	0	0	explicit
2-2s2-2s2-1__group.3307__Z2	24	2	2	2	0	0	explicit
2-2s2-2s2-1__group.3457__Z1	72	6	4	4	0	0	explicit
2-2s2-2s2-1__group.3472__Z2	72	2	2	2	0	0	explicit
2-2s2-2s2-1__group.3346__Z2	288	2x2x2	6	6	0	0	explicit
2-2s2-2s2-1__group.3454__Z2	72	2	2	2	0	0	explicit
2-2s2-2s2-1__group.3458__Z1	72	2	2	2	0	0	explicit
2-2s2-2s2-1__group.3472__Z3	72	2	2	2	0	0	explicit
2-2s2-2s2-1__group.3289__Z2	144	2x2	4	4	0	0	explicit
2-2s2-2s2-1__group.3413__Z2	48	2x2	4	4	0	0	explicit
2-2s2-2s2-1__group.3485__Z1	72	2	2	2	0	0	explicit
2-2s2-2s2-1__group.3312__Z8	24	2	2	2	0	0	explicit
2-2s2-2s2-1__group.3496__Z1	72	2	2	2	0	0	explicit
2-2s2-2s2-1__group.3411__Z2	48	2x2	4	4	0	0	explicit
2-2s2-2s2-1__group.3470__Z1	72	2	2	2	0	0	explicit
2-2s2-2s2-1__group.3308__Z1	24	2	2	2	0	0	explicit
2-2s2-2s2-1__group.3485__Z2	72	2	2	2	0	0	explicit
2-2s2-2s2-1__group.3454__Z3	72	6	4	4	0	0	explicit
2-2s2-2s2-1__group.3472__Z4	72	2	2	2	0	0	explicit
2-2s2-2s2-1__group.3496__Z2	72	2	2	2	0	0	explicit
2-2s2-2s2-1__group.3381__Z1	288	2x2x2	8	8	0	0	explicit
2-2s2-2s2-1__group.3470__Z2	72	2	2	2	0	0	explicit
2-2s2-2s2-1__group.3486__Z1	72	6	4	4	0	0	explicit
2-2s2-2s2-1__group.3472__Z5	72	2	2	2	0	0	explicit
2-2s2-2s2-1__group.3496__Z3	72	2	2	2	0	0	explicit
2-2s2-2s2-1__group.3454__Z4	72	3x6	6	6	0	0	explicit
2-2s2-2s2-1__group.3413__Z3	48	2x2	4	4	0	0	explicit
2-2s2-2s2-1__group.3486__Z2	72	6	4	4	0	0	explicit
2-2s2-2s2-1__group.3472__Z6	72	2	2	2	0	0	explicit
2-2s2-2s2-1__group.3346__Z3	288	2x2x2	8	8	0	0	explicit
2-2s2-2s2-1__group.3497__Z5	72	2	2	2	0	0	explicit
2-2s2-2s2-1__group.3470__Z3	72	6	4	4	0	0	explicit
2-2s2-2s2-1__group.3496__Z4	72	2	2	2	0	0	explicit
2-2s2-2s2-1__group.3308__Z2	24	2	2	2	0	0	explicit
2-2s2-2s2-1__group.3289__Z3	144	2x2	4	4	0	0	explicit
2-2s2-2s2-1__group.3484__Z1	72	2	2	2	0	0	explicit
2-2s2-2s2-1__group.3454__Z5	72	6	4	4	0	0	explicit
2-2s2-2s2-1__group.3471__Z1	72	6	4	4	0	0	explicit
2-2s2-2s2-1__group.3497__Z6	72	6	4	4	0	0	explicit
2-2s2-2s2-1__group.3487__Z1	72	2	2	2	0	0	explicit
2-2s2-2s2-1__group.3484__Z2	72	2	2	2	0	0	explicit
2-2s2-2s2-1__group.3381__Z2	288	2x2x2	8	8	0	0	explicit
2-2s2-2s2-1__group.3497__Z7	72	2	2	2	0	0	explicit
2-2s2-2s2-1__group.3471__Z2	72	3x6	8	8	0	0	explicit
2-2s2-2s2-1__group.3455__Z1	72	2	2	2	0	0	explicit
2-2s2-2s2-1__group.3289__Z4	144	2x2	4	4	0	0	explicit
2-2s2-2s2-1__group.3496__Z5	72	2	2	2	0	0	explicit
2-2s2-2s2-1__min.420__Z1	36	1	1	1	0	0	trivial
2-2s2-2s2-1__group.3484__Z3	72	6	4	4	0	0	explicit
2-2s2-2s2-1__group.3487__Z2	72	6	4	4	0	0	explicit
2-2s2-2s2-1__group.3497__Z8	72	6	4	4	0	0	explicit
2-2s2-2s2-1__min.420__Z2	36	1	1	1	0	0	trivial
2-2s2-2s2-1__group.3346__Z4	288	2x2x2	6	6	0	0	explicit
2-2s2-2s2-1__group.3484__Z4	72	6	4	4	0	0	explicit
2-2s2-2s2-1__group.3411__Z3	48	2x2	3	3	0	0	explicit
2-2s2-2s2-1__group.3455__Z2	72	2	2	2	0	0	explicit
2-2s2-2s2-1__group.3497__Z9	72	6	4	4	0	0	explicit
2-2s2-2s2-1__min.423__Z1	36	3x3	3	3	0	0	explicit
2-2s2-2s2-1__group.3487__Z3	72	2	2	2	0	0	explicit
2-2s2-2s2-1__group.3471__Z3	72	6	4	4	0	0	explicit
2-2s2-2s2-1__group.3497__Z1	72	2	2	2	0	0	explicit
2-2s2-2s2-1__group.3498__Z1	72	2	2	2	0	0	explicit
2-2s2-2s2-1__group.3455__Z3	72	2	2	2	0	0	explicit
2-2s2-2s2-1__group.3498__Z2	72	6	4	4	0	0	explicit
2-2s2-2s2-1__min.423__Z2	36	3	2	2	0	0	explicit
2-2s2-2s2-1__group.3497__Z10	72	6	4	4	0	0	explicit
2-2s2-2s2-1__group.3487__Z4	72	6	4	4	0	0	explicit
2-2s2-2s2-1__group.3393__Z1	288	2x2x2	8	8	0	0	explicit
2-2s2-2s2-1__group.3455__Z4	72	2	2	2	0	0	explicit
2-2s2-2s2-1__group.3498__Z3	72	6	4	4	0	0	explicit
2-2s2-2s2-1__group.3411__Z4	48	2x2	3	3	0	0	explicit
2-2s2-2s2-1__group.3357__Z1	288	2x2x2	6	6	0	0	explicit
2-2s2-2s2-1__min.423__Z3	36	3	2	2	0	0	explicit
2-2s2-2s2-1__group.3497__Z2	72	2	2	2	0	0	explicit
2-2s2-2s2-1__group.3488__Z1	72	6	4	4	0	0	explicit
2-2s2-2s2-1__group.3413__Z4	48	2x2	4	4	0	0	explicit
2-2s2-2s2-1__group.3498__Z4	72	3x6	8	8	0	0	explicit
2-2s2-2s2-1__min.423__Z4	36	1	1	1	0	0	trivial
2-2s2-2s2-1__group.3497__Z3	72	2	2	2	0	0	explicit
2-2s2-2s2-1__min.423__Z5	36	1	1	1	0	0	trivial
2-2s2-2s2-1__group.3488__Z2	72	2	2	2	0	0	explicit
2-2s2-2s2-2__group.3513__Z2	108	1	1	1	0	0	trivial
2-2s2-2s2-2__group.3511__Z1	108	1	1	1	0	0	trivial
2-2s2-2s2-1__group.3498__Z5	72	6	4	4	0	0	explicit
2-2s2-2s2-1__group.3412__Z1	48	2x2	4	4	0	0	explicit
2-2s2-2s2-1__group.3497__Z4	72	2	2	2	0	0	explicit
2-2s2-2s2-1__group.3393__Z2	288	2x2x2	8	8	0	0	explicit
2-2s2-2s2-2__group.3513__Z3	108	1	1	1	0	0	trivial
2-2s2-2s2-2__group.3511__Z2	108	1	1	1	0	0	trivial
2-2s2-2s2-2__group.3536__Z3	108	1	1	1	0	0	trivial
2-2s2-2s2-1__group.3357__Z2	288	2x2x2	6	6	0	0	explicit
2-2s2-2s2-2__group.3513__Z1	108	1	1	1	0	0	trivial
2-2s2-2s2-2__group.3513__Z4	108	1	1	1	0	0	trivial
2-2s2-2s2-2__group.3532__Z1	108	3x3	3	3	0	0	explicit
2-2s2-2s2-2__group.3538__Z7	108	1	1	1	0	0	trivial
2-2s2-2s2-1__group.3412__Z2	48	2x2	4	4	0	0	explicit
2-2s2-2s2-2__group.3513__Z5	108	1	1	1	0	0	trivial
2-2s2-2s2-2__group.3537__Z1	108	3x3x3	8	8	0	0	explicit
2-2s2-2s2-2__group.3513__Z6	108	1	1	1	0	0	trivial
2-2s2-2s2-1__group.3393__Z3	288	2x2x2	8	8	0	0	explicit
2-2s2-2s2-1__group.3503__Z1	96	2x2x2	6	6	0	0	explicit
2-2s2-2s2-2__group.3513__Z7	108	1	1	1	0	0	trivial
2-2s2-2s2-1__group.3357__Z3	288	2x2x2	8	8	0	0	explicit
2-2s2-2s2-2__group.3539__Z1	108	3	2	2	0	0	explicit
2-2s2-2s2-2__group.3513__Z8	108	1	1	1	0	0	trivial
2-2s2-2s2-1__group.3412__Z3	48	2x2	4	4	0	0	explicit
2-2s2-2s2-1__group.3428__Z1	576	2x2x2x2	10	10	0	0	explicit
2-2s2-2s2-2__group.3532__Z2	108	3x3	3	3	0	0	explicit
2-2s2-2s2-2__group.3539__Z2	108	1	1	1	0	0	trivial
2-2s2-2s2-2__group.3513__Z9	108	1	1	1	0	0	trivial
2-2s2-2s2-1__group.3440__Z1	72	2	2	2	0	0	explicit
2-2s2-2s2-2__group.3526__Z1	108	1	1	1	0	0	trivial
2-2s2-2s2-1__group.3393__Z4	288	2x2x2	8	8	0	0	explicit
2-2s2-2s2-1__group.3440__Z2	72	2	2	2	0	0	explicit
2-2s2-2s2-2__group.3537__Z2	108	3x3x3	8	10	2	0	explicit
2-2s2-2s2-2__group.3541__Z4	108	3	2	2	0	0	explicit
2-2s2-2s2-1__group.3503__Z2	96	2x2x2	6	6	0	0	explicit
2-2s2-2s2-2__group.3532__Z3	108	3x3	3	3	0	0	explicit
2-2s2-2s2-1__min.414__Z1	12	1	1	1	0	0	trivial
2-2s2-2s2-1__group.3403__Z1	36	3	2	2	0	0	explicit
2-2s2-2s2-1__group.3379__Z1	288	2x2x2	8	8	0	0	explicit
2-2s2-2s2-2__group.3542__Z8	108	1	1	1	0	0	trivial
2-2s2-2s2-1__min.414__Z2	12	1	1	1	0	0	trivial
2-2s2-2s2-1__group.3453__Z1	72	2	2	2	0	0	explicit
2-2s2-2s2-2__group.3537__Z3	108	3x3x3	4	4	0	0	explicit
2-2s2-2s2-2__group.3527__Z1	108	3x3	3	3	0	0	explicit
2-2s2-2s2-1__group.3404__Z1	48	2x2	3	3	0	0	explicit
2-2s2-2s2-1__group.3453__Z2	72	2	2	2	0	0	explicit
2-2s2-2s2-2__group.3543__Z1	108	3x3	3	3	0	0	explicit
2-2s2-2s2-2__group.3569__Z2	18	1	1	1	0	0	trivial
2-2s2-2s2-2__group.3535__Z1	108	3x3	3	3	0	0	explicit
2-2s2-2s2-1__min.417__Z1	24	2	2	2	0	0	explicit
2-2s2-2s2-2__group.3569__Z3	18	1	1	1	0	0	trivial
2-2s2-2s2-2__group.3538__Z1	108	3	2	2	0	0	explicit
2-2s2-2s2-2__group.3569__Z4	18	1	1	1	0	0	trivial
2-2s2-2s2-2__group.3535__Z2	108	1	1	1	0	0	trivial
2-2s2-2s2-2__group.3541__Z5	108	3	2	2	0	0	explicit
2-2s2-2s2-2__group.3569__Z5	18	1	1	1	0	0	trivial
2-2s2-2s2-2__group.3543__Z10	108	3x3	4	4	0	0	explicit
2-2s2-2s2-1__min.417__Z2	24	2	2	2	0	0	explicit
2-2s2-2s2-2__group.3578__Z3	216	1	1	1	0	0	trivial
2-2s2-2s2-2__group.3574__Z1	216	1	1	1	0	0	trivial
2-2s2-2s2-2__group.3590__Z7	216	1	1	1	0	0	trivial
2-2s2-2s2-2__group.3543__Z11	108	3x3	3	3	0	0	explicit
2-2s2-2s2-2__group.3539__Z3	108	3	2	2	0	0	explicit
2-2s2-2s2-2__group.3538__Z2	108	3	2	2	0	0	explicit
2-2s2-2s2-2__group.3582__Z1	216	1	1	1	0	0	trivial
2-2s2-2s2-1__min.417__Z3	24	2	2	2	0	0	explicit
2-2s2-2s2-2__group.3590__Z8	216	1	1	1	0	0	trivial
2-2s2-2s2-2__group.3541__Z6	108	3	2	2	0	0	explicit
2-2s2-2s2-2__group.3577__Z1	216	1	1	1	0	0	trivial
2-2s2-2s2-2__group.3535__Z3	108	3x3	4	4	0	0	explicit
2-2s2-2s2-2__group.3542__Z1	108	1	1	1	0	0	trivial
2-2s2-2s2-2__group.3543__Z12	108	3x3	3	3	0	0	explicit
2-2s2-2s2-2__group.3634__Z4	216	1	1	1	0	0	trivial
2-2s2-2s2-2__group.3543__Z7	108	3	2	2	0	0	explicit
2-2s2-2s2-2__group.3582__Z2	216	1	1	1	0	0	trivial
2-2s2-2s2-2__group.3613__Z1	216	1	1	1	0	0	trivial
2-2s2-2s2-2__group.3542__Z2	108	1	1	1	0	0	trivial
2-2s2-2s2-2__group.3538__Z3	108	3	2	2	0	0	explicit
2-2s2-2s2-2__group.3542__Z3	108	1	1	1	0	0	trivial
2-2s2-2s2-1__min.417__Z4	24	2	2	2	0	0	explicit
2-2s2-2s2-2__group.3542__Z4	108	1	1	1	0	0	trivial
2-2s2-2s2-2__group.3538__Z4	108	1	1	1	0	0	trivial
2-2s2-2s2-2__group.3582__Z3	216	1	1	1	0	0	trivial
2-2s2-2s2-1__min.419__Z1	36	3x3	3	3	0	0	explicit
2-2s2-2s2-2__group.3543__Z8	108	3x3	3	3	0	0	explicit
2-2s2-2s2-2__group.3535__Z4	108	3x3	3	3	0	0	explicit
2-2s2-2s2-2__group.3624__Z3	216	3x3	4	4	0	0	explicit
2-2s2-2s2-2__group.3542__Z5	108	1	1	1	0	0	trivial
2-2s2-2s2-2__group.3542__Z6	108	1	1	1	0	0	trivial
2-2s2-2s2-1__min.419__Z2	36	3	2	2	0	0	explicit
2-2s2-2s2-2__group.3614__Z1	216	3x3	3	3	0	0	explicit
2-2s2-2s2-2__group.3590__Z1	216	1	1	1	0	0	trivial
2-2s2-2s2-2__group.3542__Z7	108	1	1	1	0	0	trivial
2-2s2-2s2-2__group.3543__Z2	108	3	2	2	0	0	explicit
2-2s2-2s2-2__group.3577__Z2	216	1	1	1	0	0	trivial
2-2s2-2s2-2__group.3538__Z5	108	3	2	2	0	0	explicit
2-2s2-2s2-2__group.3635__Z1	216	3	2	2	0	0	explicit
2-2s2-2s2-2__group.3615__Z1	216	1	1	1	0	0	trivial
2-2s2-2s2-2__group.3540__Z1	108	3x3x3	8	8	0	0	explicit
2-2s2-2s2-2__group.3577__Z3	216	1	1	1	0	0	trivial
2-2s2-2s2-2__group.3624__Z4	216	3x3	3	3	0	0	explicit
2-2s2-2s2-2__group.3543__Z9	108	3x3	4	5	1	0	explicit
2-2s2-2s2-2__group.3615__Z2	216	1	1	1	0	0	trivial
2-2s2-2s2-2__group.3538__Z6	108	3	2	2	0	0	explicit
2-2s2-2s2-2__group.3590__Z2	216	1	1	1	0	0	trivial
2-2s2-2s2-2__group.3543__Z3	108	3x3	4	5	1	0	explicit
2-2s2-2s2-2__group.3636__Z5	216	1	1	1	0	0	trivial
2-2s2-2s2-2__group.3578__Z1	216	1	1	1	0	0	trivial
2-2s2-2s2-2__group.3555__Z1	144	1	1	1	0	0	trivial
2-2s2-2s2-2__group.3535__Z5	108	3x3	4	5	1	0	explicit
2-2s2-2s2-2__group.3636__Z6	216	1	1	1	0	0	trivial
2-2s2-2s2-2__group.3536__Z1	108	1	1	1	0	0	trivial
2-2s2-2s2-2__group.3578__Z2	216	1	1	1	0	0	trivial
2-2s2-2s2-2__group.3633__Z1	216	3	2	2	0	0	explicit
2-2s2-2s2-2__group.3622__Z1	216	3	2	2	0	0	explicit
2-2s2-2s2-2__group.3555__Z2	144	1	1	1	0	0	trivial
2-2s2-2s2-2__group.3536__Z2	108	1	1	1	0	0	trivial
2-2s2-2s2-2__group.3636__Z7	216	1	1	1	0	0	trivial
2-2s2-2s2-2__group.3540__Z2	108	3x3	4	5	1	0	explicit
2-2s2-2s2-2__group.3590__Z3	216	1	1	1	0	0	trivial
2-2s2-2s2-2__group.3635__Z2	216	3	2	2	0	0	explicit
2-2s2-2s2-2__group.3633__Z2	216	1	1	1	0	0	trivial
2-2s2-2s2-2__group.3636__Z8	216	1	1	1	0	0	trivial
2-2s2-2s2-2__group.3655__Z3	36	1	1	1	0	0	trivial
2-2s2-2s2-2__group.3647__Z1	24	1	1	1	0	0	trivial
2-2s2-2s2-2__group.3590__Z4	216	1	1	1	0	0	trivial
2-2s2-2s2-2__group.3567__Z1	18	3	2	2	0	0	explicit
2-2s2-2s2-2__group.3543__Z4	108	3	2	2	0	0	explicit
2-2s2-2s2-2__group.3655__Z4	36	1	1	1	0	0	trivial
2-2s2-2s2-2__group.3647__Z2	24	1	1	1	0	0	trivial
2-2s2-2s2-2__group.3622__Z2	216	3	2	2	0	0	explicit
2-2s2-2s2-2__group.3655__Z5	36	1	1	1	0	0	trivial
2-2s2-2s2-2__group.3647__Z3	24	1	1	1	0	0	trivial
2-2s2-2s2-2__group.3590__Z5	216	1	1	1	0	0	trivial
2-2s2-2s2-2__group.3655__Z6	36	1	1	1	0	0	trivial
2-2s2-2s2-2__group.3647__Z4	24	1	1	1	0	0	trivial
2-2s2-2s2-2__group.3650__Z3	27	3x3x3	4	4	0	0	explicit
2-2s2-2s2-2__group.3633__Z3	216	3	2	2	0	0	explicit
2-2s2-2s2-2__group.3635__Z3	216	3	2	2	0	0	explicit
2-2s2-2s2-2__group.3540__Z3	108	3x3x3	8	8	0	0	explicit
2-2s2-2s2-2__group.3624__Z1	216	3x3	3	3	0	0	explicit
2-2s2-2s2-2__group.3590__Z6	216	1	1	1	0	0	trivial
2-2s2-2s2-2__group.3650__Z1	27	3x3x3x3x3x3	17	17	0	0	explicit
2-2s2-2s2-2__group.3567__Z2	18	3	2	2	0	0	explicit
2-2s2-2s2-2__group.3633__Z4	216	3	2	2	0	0	explicit
2-2s2-2s2-2__group.3650__Z4	27	3x3x3	4	4	0	0	explicit
2-2s2-2s2-2__group.3652__Z1	36	1	1	1	0	0	trivial
2-2s2-2s2-2__group.3635__Z4	216	3	2	2	0	0	explicit
2-2s2-2s2-2__group.3656__Z1	36	3	2	2	0	0	explicit
2-2s2-2s2-2__group.3652__Z2	36	1	1	1	0	0	trivial
2-2s2-2s2-2__group.3543__Z5	108	3	2	2	0	0	explicit
2-2s2-2s2-2__group.3685__Z1	432	1	1	1	0	0	trivial
2-2s2-2s2-2__group.3656__Z10	36	1	1	1	0	0	trivial
2-2s2-2s2-2__group.3650__Z2	27	3x3x3x3	12	15	3	0	explicit
2-2s2-2s2-2__group.3624__Z2	216	3x3	4	5	1	0	explicit
2-2s2-2s2-2__group.3656__Z4	36	3	2	2	0	0	explicit
2-2s2-2s2-2__group.3656__Z11	36	1	1	1	0	0	trivial
2-2s2-2s2-2__group.3568__Z1	18	3x3	3	3	0	0	explicit
2-2s2-2s2-2__group.3653__Z1	36	3	2	2	0	0	explicit
2-2s2-2s2-2__group.3656__Z12	36	1	1	1	0	0	trivial
2-2s2-2s2-2__group.3541__Z1	108	3	2	2	0	0	explicit
2-2s2-2s2-2__group.3633__Z5	216	3	2	2	0	0	explicit
2-2s2-2s2-2__group.3635__Z5	216	3	2	2	0	0	explicit
2-2s2-2s2-2__group.3634__Z1	216	1	1	1	0	0	trivial
2-2s2-2s2-2__group.3657__Z5	36	3	2	2	0	0	explicit
2-2s2-2s2-2__group.3701__Z1	432	1	1	1	0	0	trivial
2-2s2-2s2-2__group.3543__Z6	108	3x3	4	4	0	0	explicit
2-2s2-2s2-2__group.3721__Z1	54	3x3	3	3	0	0	explicit
2-2s2-2s2-2__group.3636__Z1	216	1	1	1	0	0	trivial
2-2s2-2s2-2__group.3634__Z2	216	1	1	1	0	0	trivial
2-2s2-2s2-2__group.3653__Z2	36	3	2	2	0	0	explicit
2-2s2-2s2-2__group.3634__Z3	216	1	1	1	0	0	trivial
2-2s2-2s2-2__group.3541__Z2	108	3	2	2	0	0	explicit
2-2s2-2s2-2__group.3568__Z2	18	3	2	2	0	0	explicit
2-2s2-2s2-2__group.3636__Z2	216	1	1	1	0	0	trivial
2-2s2-2s2-2__group.3656__Z5	36	3	2	2	0	0	explicit
2-2s2-2s2-2__group.3656__Z2	36	3	2	2	0	0	explicit
2-2s2-2s2-2__group.3569__Z1	18	1	1	1	0	0	trivial
2-2s2-2s2-2__group.3721__Z2	54	3x3	3	3	0	0	explicit
2-2s2-2s2-2__group.3636__Z3	216	1	1	1	0	0	trivial
2-2s2-2s2-2__group.3701__Z2	432	1	1	1	0	0	trivial
2-2s2-2s2-2__group.3657__Z6	36	3	2	2	0	0	explicit
2-2s2-2s2-2__group.3541__Z3	108	3	2	2	0	0	explicit
2-2s2-2s2-2__group.3636__Z4	216	1	1	1	0	0	trivial
2-2s2-2s2-2__group.3662__Z1	36	1	1	1	0	0	trivial
2-2s2-2s2-2__group.3722__Z1	54	3x3x3x3	10	10	0	0	explicit
2-2s2-2s2-2__group.3662__Z2	36	1	1	1	0	0	trivial
2-2s2-2s2-2__group.3663__Z1	36	1	1	1	0	0	trivial
2-2s2-2s2-2__group.3663__Z2	36	1	1	1	0	0	trivial
2-2s2-2s2-2__group.3656__Z3	36	3	2	2	0	0	explicit
2-2s2-2s2-2__group.3701__Z3	432	1	1	1	0	0	trivial
2-2s2-2s2-2__group.3663__Z3	36	1	1	1	0	0	trivial
2-2s2-2s2-2__group.3731__Z3	72	1	1	1	0	0	trivial
2-2s2-2s2-2__group.3726__Z8	54	3x3x3x3	10	10	0	0	explicit
2-2s2-2s2-2__min.424__Z3	12	1	1	1	0	0	trivial
2-2s2-2s2-2__group.3663__Z4	36	1	1	1	0	0	trivial
2-2s2-2s2-2__group.3664__Z1	36	1	1	1	0	0	trivial
2-2s2-2s2-2__group.3654__Z1	36	3	2	2	0	0	explicit
2-2s2-2s2-2__min.424__Z4	12	1	1	1	0	0	trivial
2-2s2-2s2-2__group.3722__Z2	54	3x3	4	5	1	0	explicit
2-2s2-2s2-2__group.3731__Z4	72	1	1	1	0	0	trivial
2-2s2-2s2-2__group.3656__Z6	36	3	2	2	0	0	explicit
2-2s2-2s2-2__min.425__Z1	12	1	1	1	0	0	trivial
2-2s2-2s2-2__min.425__Z2	12	1	1	1	0	0	trivial
2-2s2-2s2-2__group.3656__Z7	36	1	1	1	0	0	trivial
2-2s2-2s2-2__group.3731__Z5	72	1	1	1	0	0	trivial
2-2s2-2s2-2__group.3725__Z7	54	3x3	4	5	1	0	explicit
2-2s2-2s2-2__group.3665__Z1	36	3	2	2	0	0	explicit
2-2s2-2s2-2__group.3725__Z1	54	3x3	3	3	0	0	explicit
2-2s2-2s2-2__group.3656__Z8	36	1	1	1	0	0	trivial
2-2s2-2s2-2__min.425__Z3	12	1	1	1	0	0	trivial
2-2s2-2s2-2__group.3701__Z4	432	1	1	1	0	0	trivial
2-2s2-2s2-2__group.3731__Z6	72	1	1	1	0	0	trivial
2-2s2-2s2-2__group.3725__Z2	54	1	1	1	0	0	trivial
3c3__group.3769__Z1	24	2x2x2x2	4	4	0	0	explicit
2-2s2-2s2-2__group.3656__Z9	36	1	1	1	0	0	trivial
3c3__group.3769__Z2	24	2x2x2	5	5	0	0	explicit
2-2s2-2s2-2__group.3732__Z1	72	1	1	1	0	0	trivial
2-2s2-2s2-2__group.3726__Z9	54	3x3x3x3	12	15	3	0	explicit
3c3__group.3769__Z3	24	1	1	1	0	0	trivial
2-2s2-2s2-2__group.3728__Z1	54	1	1	1	0	0	trivial
3c3__group.3769__Z4	24	2x2x2	5	5	0	0	explicit
2-2s2-2s2-2__group.3732__Z2	72	1	1	1	0	0	trivial
2-2s2-2s2-2__group.3728__Z2	54	1	1	1	0	0	trivial
3c3__group.3770__Z2	24	2x4	4	4	0	0	explicit
3c3__group.3769__Z5	24	2x2	2	2	0	0	explicit
2-2s2-2s2-2__group.3725__Z3	54	3x3	4	4	0	0	explicit
2-2s2-2s2-2__group.3733__Z1	72	1	1	1	0	0	trivial
2-2s2-2s2-2__group.3728__Z3	54	1	1	1	0	0	trivial
2-2s2-2s2-2__group.3734__Z1	72	3	2	2	0	0	explicit
3c3__group.3770__Z3	24	2x4	4	4	0	0	explicit
3c3__group.3769__Z6	24	2x2	4	4	0	0	explicit
2-2s2-2s2-2__group.3702__Z1	432	1	1	1	0	0	trivial
2-2s2-2s2-2__group.3728__Z4	54	1	1	1	0	0	trivial
2-2s2-2s2-2__group.3733__Z2	72	1	1	1	0	0	trivial
3c3__group.3769__Z7	24	2	2	2	0	0	explicit
2-2s2-2s2-2__group.3730__Z1	72	1	1	1	0	0	trivial
2-2s2-2s2-2__min.426__Z4	18	3	2	2	0	0	explicit
3c3__group.3769__Z8	24	2x2	2	2	0	0	explicit
3c3__group.3770__Z4	24	2x2	2	2	0	0	explicit
2-2s2-2s2-2__group.3733__Z3	72	1	1	1	0	0	trivial
2-2s2-2s2-2__min.425__Z4	12	1	1	1	0	0	trivial
2-2s2-2s2-2__group.3730__Z2	72	1	1	1	0	0	trivial
3c3__group.3769__Z9	24	2x2	2	2	0	0	explicit
2-2s2-2s2-2__min.425__Z5	12	1	1	1	0	0	trivial
2-2s2-2s2-2__group.3725__Z8	54	3	2	2	0	0	explicit
2-2s2-2s2-2__group.3654__Z2	36	3	2	2	0	0	explicit
3c3__group.3770__Z1	24	4x4	3	3	0	0	explicit
2-2s2-2s2-2__group.3731__Z1	72	1	1	1	0	0	trivial
3c3__group.3770__Z5	24	2x2	4	4	0	0	explicit
3c3__min.430__Z4	12	2x2	2	2	0	0	explicit
2-2s2-2s2-2__group.3657__Z1	36	3x3	4	4	0	0	explicit
2-2s2-2s2-2__group.3702__Z2	432	1	1	1	0	0	trivial
2-2s2-2s2-2__group.3733__Z4	72	1	1	1	0	0	trivial
2-2s2-2s2-2__group.3725__Z4	54	3	2	2	0	0	explicit
3c3__min.430__Z5	12	2	2	2	0	0	explicit
2-2s2-2s2-2__group.3731__Z2	72	1	1	1	0	0	trivial
3c3__min.430__Z6	12	2x2	2	2	0	0	explicit
2-2s2-2s2-2__min.427__Z1	18	3x3	4	4	0	0	explicit
3c3__group.3770__Z6	24	2x2	2	2	0	0	explicit
2-2s2-2s2-2__min.426__Z1	18	3	2	2	0	0	explicit
3c3__min.430__Z7	12	2	2	2	0	0	explicit
3c3__min.430__Z8	12	1	1	1	0	0	trivial
3c3__group.3771__Z6	24	2x2	2	2	0	0	explicit
3c3__group.3771__Z1	24	2x2	2	2	0	0	explicit
3c3__min.430__Z9	12	1	1	1	0	0	trivial
2-2s2-2s2-2__group.3725__Z5	54	3x3	3	3	0	0	explicit
3c3__group.3771__Z2	24	2x2	3	3	0	0	explicit
3s1c1c1__group.3775__Z1	24	2	2	2	0	0	explicit
2-2s2-2s2-2__group.3734__Z2	72	3	2	2	0	0	explicit
3c3__group.3771__Z3	24	2x2	3	3	0	0	explicit
3c3__group.3772__Z1	48	2x2x2x2	5	5	0	0	explicit
3c3__group.3771__Z4	24	2x2	2	2	0	0	explicit
3s1c1c1__group.3775__Z2	24	2	2	2	0	0	explicit
3c3__group.3771__Z5	24	2x2	3	3	0	0	explicit
2-2s2-2s2-2__min.426__Z2	18	3	2	2	0	0	explicit
3c3__group.3772__Z2	48	2x2x2	6	6	0	0	explicit
3s1c1c1__group.3775__Z3	24	1	1	1	0	0	trivial
2-2s2-2s2-2__min.427__Z2	18	3x3	4	4	0	0	explicit
3s1c1c1__group.3775__Z4	24	2x2	3	3	0	0	explicit
2-2s2-2s2-2__group.3657__Z2	36	3x3	4	4	0	0	explicit
2-2s2-2s2-2__group.3725__Z9	54	3	2	2	0	0	explicit
3c3__group.3772__Z3	48	2x2x2x2	9	9	0	0	explicit
2-2s2-2s2-2__group.3711__Z1	432	1	1	1	0	0	trivial
2-2s2-2s2-2__group.3725__Z6	54	3	2	2	0	0	explicit
3s1c1c1__group.3775__Z5	24	2	2	2	0	0	explicit
2-2s2-2s2-2__group.3655__Z1	36	3	2	2	0	0	explicit
3c3__group.3772__Z4	48	2x2	2	2	0	0	explicit
3s1c1c1__group.3775__Z6	24	2	2	2	0	0	explicit
3c3__group.3772__Z5	48	2x2x2	6	6	0	0	explicit
3s1c1c1__group.3776__Z1	24	2x2x2x4	6	6	0	0	explicit
2-2s2-2s2-2__min.426__Z3	18	3	2	2	0	0	explicit
2-2s2-2s2-2__group.3735__Z1	72	3	2	2	0	0	explicit
3c3__group.3772__Z6	48	2x2x2x2	5	5	0	0	explicit
3c3__min.430__Z1	12	1	1	1	0	0	trivial
3s1c1c1__min.431__Z4	12	3x3x6	4	4	0	0	explicit
2-2s2-2s2-2__min.427__Z3	18	3	2	2	0	0	explicit
3c3__min.430__Z2	12	2x2	3	3	0	0	explicit
3s1c1c1__group.3777__Z4	24	3x3x6	4	4	0	0	explicit
3c3__min.430__Z3	12	1	1	1	0	0	trivial
2-2s2-2s2-2__group.3711__Z2	432	1	1	1	0	0	trivial
3s1c1c1__group.3776__Z2	24	2x2x2	4	4	0	0	explicit
2-2s2-2s2-2__group.3726__Z1	54	3x3x3x3	10	10	0	0	explicit
3s1c1c1__group.3776__Z3	24	2x2x2x2	4	4	0	0	explicit
3s1c1c1__min.431__Z5	12	3x3x3	2	2	0	0	explicit
3s1c1s1__group.3794__Z16	48	2x2x2	8	8	0	0	explicit
3s1c1c1__group.3777__Z5	24	3x3x3	2	2	0	0	explicit
2-2s2-2s2-2__group.3655__Z2	36	3	2	2	0	0	explicit
3s1c1c1__group.3776__Z4	24	2x2x2x2	4	4	0	0	explicit
2-2s2-2s2-2__group.3657__Z3	36	3	2	2	0	0	explicit
3s1c1c1__min.431__Z6	12	3x3x3	2	2	0	0	explicit
3s1c1c1__group.3783__Z1	48	2x2x2x2x2	8	8	0	0	explicit
3s1c1s1__group.3794__Z17	48	2x2x2	8	8	0	0	explicit
3s1c1s1__group.3794__Z1	48	2x2x2x2	8	8	0	0	explicit
3s1c1c1__group.3776__Z5	24	2x2x4	5	5	0	0	explicit
3s1c1c1__group.3777__Z1	24	3x3x6	4	4	0	0	explicit
3s1c1c1__group.3783__Z2	48	2x2x2	4	4	0	0	explicit
3s1c1s1__group.3794__Z7	48	2x2x2x2	10	10	0	0	explicit
3s1c1s1__group.3794__Z18	48	2	2	2	0	0	explicit
3s1c1s1__group.3799__Z16	48	2x2x2	6	6	0	0	explicit
3s1c1c1__group.3783__Z3	48	2x2x2x2x2	8	8	0	0	explicit
3s1c1s1__group.3794__Z19	48	2x2x2x2x2	16	16	0	0	explicit
2-2s2-2s2-2__min.427__Z4	18	3	2	2	0	0	explicit
3s1c1s1__group.3794__Z8	48	2	2	2	0	0	explicit
3s1c1c1__group.3783__Z4	48	2x2x2x2	4	4	0	0	explicit
2-2s2-2s2-2__group.3719__Z1	432	3	2	2	0	0	explicit
2-2s2-2s2-2__group.3735__Z2	72	3	2	2	0	0	explicit
2-2s2-2s2-2__group.3726__Z2	54	3x3x3	8	10	2	0	explicit
3s1c1s1__group.3794__Z2	48	2x2x2x2	8	8	0	0	explicit
3s1c1c1__group.3777__Z2	24	3x3x3	2	2	0	0	explicit
3s1c1s1__group.3799__Z17	48	2x2x2	6	6	0	0	explicit
3s1c1s1__group.3794__Z10	48	2x2x2	6	6	0	0	explicit
3s1c1s1__group.3794__Z9	48	2x2	3	3	0	0	explicit
2-2s2-2s2-2__min.429__Z1	9	3x3x3	4	4	0	0	explicit
3s1c1c1__group.3777__Z3	24	3x3x6	4	4	0	0	explicit
2-2s2-2s2-2__group.3735__Z3	72	1	1	1	0	0	trivial
3s1c1s1__group.3794__Z20	48	2x2x2	8	8	0	0	explicit
3s1c1c1__group.3783__Z5	48	2x2x2	3	3	0	0	explicit
3s1c1s1__group.3799__Z1	48	2x2x2x2	8	8	0	0	explicit
3s1c1s1__group.3799__Z18	48	2x2x2	6	6	0	0	explicit
3s1c1c1__min.431__Z1	12	3x3x6	4	4	0	0	explicit
2-2s2-2s2-2__group.3735__Z4	72	1	1	1	0	0	trivial
3s1c1s1__group.3794__Z3	48	2x2x2x2	10	10	0	0	explicit
3s1c1s1__group.3794__Z11	48	2	2	2	0	0	explicit
2-2s2-2s2-2__group.3737__Z1	72	1	1	1	0	0	trivial
3s1c1s1__group.3799__Z19	48	2x2x2x2x2	16	16	0	0	explicit
2-2s2-2s2-2__group.3657__Z4	36	3	2	2	0	0	explicit
3s1c1s1__group.3794__Z12	48	2x2x2x2x2x2	24	24	0	0	explicit
3s1c1s1__group.3799__Z2	48	2x2x2	4	4	0	0	explicit
3s1c1s1__group.3794__Z4	48	2x2	4	4	0	0	explicit
2-2s2-2s2-2__group.3726__Z3	54	3x3	3	3	0	0	explicit
3s1c1s1__group.3794__Z13	48	2x2x2x2x2	12	12	0	0	explicit
3s1c1s1__group.3799__Z7	48	2x2x2	6	6	0	0	explicit
3s1c1s1__group.3794__Z5	48	2x2	4	4	0	0	explicit
3s1c1s1__group.3799__Z10	48	2x2x2	6	6	0	0	explicit
2-2s2-2s2-2__min.429__Z2	9	3x3	4	4	0	0	explicit
3s1c1s1__group.3799__Z20	48	2x2x2	8	8	0	0	explicit
3s1c1s1__group.3794__Z6	48	2x2x2	4	4	0	0	explicit
3s1c1s1__group.3794__Z14	48	2x2x2	8	8	0	0	explicit
3s1c1s1__group.3804__Z10	48	2x2x2x6	16	16	0	0	explicit
3s1c1s1__group.3799__Z3	48	2x2x2x2	8	8	0	0	explicit
3s1c1c1__min.431__Z2	12	3x3x6	4	4	0	0	explicit
3s1c1s1__group.3799__Z8	48	2	2	2	0	0	explicit
3s1c1s1__group.3804__Z11	48	2x2x6	8	8	0	0	explicit
3s1c1s1__group.3794__Z15	48	2x2x2x2	12	12	0	0	explicit
3s1c1s1__group.3804__Z5	48	2x6	6	6	0	0	explicit
3s1c1s1__group.3799__Z4	48	2x2	4	4	0	0	explicit
3s1c1s1__group.3799__Z11	48	2	2	2	0	0	explicit
3s1c1s1__group.3803__Z16	48	2x4	6	6	0	0	explicit
3s1c1s1__group.3799__Z12	48	2x2x2x2x2	16	16	0	0	explicit
3s1c1s1__group.3799__Z9	48	2x2	3	3	0	0	explicit
3s1c1s1__group.3804__Z12	48	2x2x6	12	12	0	0	explicit
3s1c1s1__group.3799__Z5	48	2x2	3	3	0	0	explicit
3s1c1s1__group.3799__Z13	48	2x2x2	4	4	0	0	explicit
3s1c1s1__group.3804__Z6	48	2x2x6	12	12	0	0	explicit
2-2s2-2s2-2__min.429__Z3	9	3x3	3	3	0	0	explicit
3s1c1s1__group.3803__Z1	48	2x2x2x2x2x4	48	48	0	0	explicit
3s1c1s1__group.3803__Z2	48	2x2x2x2	8	8	0	0	explicit
3s1c1s1__group.3804__Z13	48	2x6	8	8	0	0	explicit
3s1c1s1__group.3799__Z6	48	2x2x2	6	6	0	0	explicit
3s1c1s1__group.3803__Z10	48	2x2x2x2x2	16	16	0	0	explicit
3s1c1s1__group.3804__Z7	48	6	4	4	0	0	explicit
3s1c1s1__group.3804__Z14	48	6	4	4	0	0	explicit
3s1c1s1__group.3803__Z11	48	2x2x2x4	12	12	0	0	explicit
3s1c1s1__group.3799__Z14	48	2x2x2x2x2	16	16	0	0	explicit
3s1c1s1__group.3805__Z9	48	2x2x2x2x2	24	24	0	0	explicit
3s1c1s1__group.3804__Z8	48	2x2x2x2x6	32	32	0	0	explicit
3s1c1s1__group.3805__Z14	48	2x2x4	8	8	0	0	explicit
2-2s2-2s2-2__group.3726__Z4	54	3x3	3	3	0	0	explicit
3s1c1s1__group.3806__Z1	48	2x2x2x6x6	32	32	0	0	explicit
3s1c1s1__group.3799__Z15	48	2x2x2	8	8	0	0	explicit
3s1c1s1__group.3803__Z3	48	2x2x2x2	16	16	0	0	explicit
3s1c1s1__group.3803__Z12	48	2x2x2x4	20	20	0	0	explicit
3s1c1s1__group.3804__Z15	48	2x2x6	12	12	0	0	explicit
3s1c1s1__group.3804__Z9	48	2x2x6	16	16	0	0	explicit
3s1c1s1__group.3806__Z10	48	2x2x6x6	16	16	0	0	explicit
3s1c1s1__group.3803__Z13	48	2x2x2	6	6	0	0	explicit
3s1c1s1__group.3805__Z15	48	2x2x2x2x2	20	20	0	0	explicit
2-2s2-2s2-2__min.429__Z4	9	3x3	3	3	0	0	explicit
3s1c1s1__group.3803__Z4	48	2x2x2x4	18	18	0	0	explicit
3s1c1s1__group.3804__Z16	48	6	4	4	0	0	explicit
3s1c1s1__group.3806__Z11	48	2x6x6	8	8	0	0	explicit
3s1c1s1__group.3805__Z1	48	2x2x2x2x2x2x2	40	40	0	0	explicit
2-2s2-2s2-2__min.429__Z5	9	1	1	1	0	0	trivial
3s1c1s1__group.3803__Z14	48	2x4	5	5	0	0	explicit
3s1c1s1__group.3804__Z2	48	2x2x6	8	8	0	0	explicit
3s1c1s1__group.3805__Z10	48	2x2x2x2x2x2	20	20	0	0	explicit
3s1c1s1__group.3806__Z12	48	2x6x6	12	12	0	0	explicit
3s1c1s1__group.3805__Z16	48	2x2x2	8	8	0	0	explicit
3s1c1s1__group.3803__Z5	48	2x2x2	6	6	0	0	explicit
3s1c1s1__group.3805__Z11	48	2x2x2x2x2	10	10	0	0	explicit
3s1c1s1__group.3803__Z15	48	2x2x2x4	18	18	0	0	explicit
3s1c1s1__group.3805__Z2	48	2x2x2x2x2	10	10	0	0	explicit
3s1c1s1__group.3804__Z3	48	2x2x6	12	12	0	0	explicit
3s1c1s1__group.3806__Z13	48	6x6	8	8	0	0	explicit
2-2s2-2s2-2__group.3763__Z1	864	1	1	1	0	0	trivial
3s1c1s1__group.3803__Z6	48	2x2x2x2	12	12	0	0	explicit
2-2s2-2s2-2__min.424__Z1	12	1	1	1	0	0	trivial
3s1c1s1__group.3805__Z12	48	2x2x2x2x2	20	20	0	0	explicit
3s1c1c1__min.431__Z3	12	3x3x3	2	2	0	0	explicit
2-2s2-2s2-2__min.424__Z2	12	1	1	1	0	0	trivial
3s1c1s1__group.3805__Z3	48	2x2x2x2x2	24	24	0	0	explicit
3s1c1s1__group.3804__Z4	48	2x2x6	16	16	0	0	explicit
3s1c1s1__group.3806__Z14	48	3x6	4	4	0	0	explicit
3s1c1s1__group.3805__Z13	48	2x2x2x2	12	12	0	0	explicit
3s1c1s1__group.3803__Z7	48	2x2	4	4	0	0	explicit
3s1c1s1__group.3806__Z3	48	2x6x6	16	16	0	0	explicit
3s1c1s1__group.3803__Z8	48	2x2x2x2x2x2	32	32	0	0	explicit
2-2s2-2s2-2__group.3726__Z5	54	3x3	3	3	0	0	explicit
3s1c1s1__group.3805__Z4	48	2x2x2x2x2	24	24	0	0	explicit
3s1c1s1__group.3806__Z4	48	2x6x6	16	16	0	0	explicit
3s1c1s1__group.3806__Z15	48	2x6x6	12	12	0	0	explicit
3s1c1s1__group.3803__Z9	48	2x2x2x2	12	12	0	0	explicit
3s1c1s1__min.434__Z16	24	6	4	4	0	0	explicit
3s1c1s1__group.3804__Z1	48	2x2x2x2x6	32	32	0	0	explicit
3s1c1s1__group.3806__Z5	48	6x6	8	8	0	0	explicit
3s1c1s1__group.3806__Z16	48	3x6	4	4	0	0	explicit
3s1c1s1__group.3805__Z5	48	2x2x2x2	12	12	0	0	explicit
3s1c1s1__min.434__Z17	24	6	4	4	0	0	explicit
3s1c1s1__group.3825__Z7	96	2x2x2	8	8	0	0	explicit
3s1c1s1__group.3806__Z2	48	2x6x6	8	8	0	0	explicit
2-2s2-2s2-2__group.3726__Z6	54	3x3x3x3	16	16	0	0	explicit
3s1c1s1__group.3825__Z12	96	2x2x2x2x2x2	40	40	0	0	explicit
3s1c1s1__group.3806__Z6	48	2x6x6	12	12	0	0	explicit
3s1c1s1__min.434__Z18	24	3	2	2	0	0	explicit
3s1c1s1__min.434__Z19	24	2x6	8	8	0	0	explicit
3s1c1s1__min.435__Z16	24	6x6	8	8	0	0	explicit
3s1c1s1__min.434__Z2	24	2x6	8	8	0	0	explicit
3s1c1s1__group.3825__Z8	96	2x2x2x2x2x2x2x2x2	160	160	0	0	explicit
3s1c1s1__group.3806__Z7	48	3x6	4	4	0	0	explicit
3s1c1s1__group.3825__Z13	96	2x2x2x2	12	12	0	0	explicit
3s1c1s1__group.3805__Z6	48	2x2x2x2x2	20	20	0	0	explicit
3s1c1s1__min.434__Z7	24	2x6	8	8	0	0	explicit
3s1c1s1__min.435__Z17	24	6x6	8	8	0	0	explicit
3s1c1s1__min.434__Z20	24	6	4	4	0	0	explicit
3s1c1s1__group.3806__Z8	48	2x2x2x6x6	32	32	0	0	explicit
3s1c1s1__min.434__Z3	24	2x6	8	8	0	0	explicit
3s1c1s1__group.3805__Z7	48	2x2x2	8	8	0	0	explicit
3s1c1s1__min.437__Z16	24	3x6	4	4	0	0	explicit
3s1c1s1__group.3825__Z14	96	2x2x2	6	6	0	0	explicit
3s1c1s1__group.3806__Z9	48	2x6x6	16	16	0	0	explicit
3s1c1s1__min.435__Z18	24	3x6	4	4	0	0	explicit
3s1c1s1__group.3825__Z9	96	2x2x2x2x2x2	48	48	0	0	explicit
3s1c1s1__min.434__Z4	24	6	4	4	0	0	explicit
3s1c1s1__min.436__Z7	24	2x6	6	6	0	0	explicit
3s1c1s1__min.434__Z1	24	2x6	8	8	0	0	explicit
3s1c1s1__group.3805__Z8	48	2x2x2x2x2x2x2	40	40	0	0	explicit
3s1c1s1__min.436__Z16	24	2x6	6	6	0	0	explicit
2-2s2-2s2-2__group.3726__Z7	54	3x3x3	8	10	2	0	explicit
3s1c1s1__min.436__Z8	24	2x2x6	8	8	0	0	explicit
3s1c1s1__min.434__Z8	24	3	2	2	0	0	explicit
3s1c1s1__min.434__Z5	24	6	4	4	0	0	explicit
3s1c1s1__min.435__Z19	24	2x6x6	8	8	0	0	explicit
3s1c1s1__group.3825__Z1	96	2x2x2x2x2x2x2x2x2	160	160	0	0	explicit
3s1c1s1__min.434__Z6	24	6	4	4	0	0	explicit
3s1c1s1__min.434__Z10	24	6	4	4	0	0	explicit
3s1c1s1__min.435__Z2	24	2x6x6	8	8	0	0	explicit
3s1c1s1__min.437__Z17	24	3x3	2	2	0	0	explicit
3s1c1s1__group.3825__Z15	96	2x2x2x2x2x2	40	40	0	0	explicit
3s1c1s1__min.435__Z7	24	2x6x6	10	10	0	0	explicit
3s1c1s1__min.435__Z20	24	6x6	8	8	0	0	explicit
3s1c1s1__min.436__Z9	24	2x6	8	8	0	0	explicit
3s1c1s1__min.434__Z9	24	6	4	4	0	0	explicit
3s1c1s1__group.3825__Z10	96	2x2x2x2x2x2x2	40	40	0	0	explicit
3s1c1s1__min.434__Z11	24	3	2	2	0	0	explicit
3s1c1s1__min.437__Z18	24	3x6	4	4	0	0	explicit
3s1c1s1__min.434__Z12	24	2x2x6	16	16	0	0	explicit
3s1c1s1__min.435__Z3	24	2x6x6	10	10	0	0	explicit
3s1c1s1__min.435__Z8	24	3x6	4	4	0	0	explicit
3s1c1s1__min.434__Z13	24	2x6	6	6	0	0	explicit
3s1c1s1__min.436__Z17	24	6	4	4	0	0	explicit
3s1c1s1__group.3825__Z11	96	2x2x2x2x2x2	20	20	0	0	explicit
3s1c1s1__group.3825__Z16	96	2x2x2	8	8	0	0	explicit
3s1c1s1__min.435__Z4	24	6x6	8	8	0	0	explicit
3s1c1s1__min.437__Z1	24	6x12	12	12	0	0	explicit
3s1c1s1__min.435__Z9	24	6x6	6	6	0	0	explicit
3s1c1s1__min.435__Z1	24	2x6x6	8	8	0	0	explicit
3s1c1s1__min.437__Z19	24	3x6	4	4	0	0	explicit
3s1c1s1__min.436__Z1	24	2x2x6	8	8	0	0	explicit
3s1c1s1__min.437__Z7	24	3x6	4	4	0	0	explicit
3s1c1s1__min.437__Z10	24	6x6	8	8	0	0	explicit
3s1c1s1__min.434__Z14	24	6	4	4	0	0	explicit
3s1c1s1__min.437__Z2	24	3x6	4	4	0	0	explicit
3s1c1s1__group.3825__Z2	96	2x2x2x2x2x2	20	20	0	0	explicit
3s1c1s1__min.436__Z10	24	2x2x6	8	8	0	0	explicit
3s1c1s1__min.437__Z11	24	3x12	6	6	0	0	explicit
3s1c1s1__min.437__Z8	24	6x6	8	8	0	0	explicit
3s1c1s1__min.435__Z10	24	6x6	6	6	0	0	explicit
3s1c1s1__min.436__Z11	24	2x6	4	4	0	0	explicit
3s1c1s1__min.437__Z12	24	6x6	8	8	0	0	explicit
3s1c1s1__min.437__Z9	24	3x6	4	4	0	0	explicit
3s1s1s1__group.3838__Z16	192	2x2x2x2x2x2	48	48	0	0	explicit
3s1c1s1__min.435__Z5	24	6x6	8	8	0	0	explicit
3s1c1s1__min.436__Z18	24	2x6	6	6	0	0	explicit
3s1c1s1__min.436__Z12	24	2x2x6	8	8	0	0	explicit
3s1s1s1__group.3851__Z18	96	2x2x2x2x2	12	12	0	0	explicit
3s1c1s1__min.437__Z13	24	3x6	4	4	0	0	explicit
3s1c1s1__min.434__Z15	24	2x6	8	8	0	0	explicit
3s1c1s1__min.435__Z11	24	3x6	4	4	0	0	explicit
3s1c1s1__group.3825__Z3	96	2x2x2x2x2x2	48	48	0	0	explicit
3s1c1s1__min.436__Z13	24	2x6	8	8	0	0	explicit
3s1c1s1__min.437__Z14	24	3x6	4	4	0	0	explicit
3s1c1s1__min.435__Z6	24	6x6	4	4	0	0	explicit
3s1c1s1__min.435__Z12	24	2x2x6x6	12	12	0	0	explicit
3s1c1s1__min.436__Z14	24	2x6	6	6	0	0	explicit
3s1s1s1__group.3851__Z19	96	2x2x2x2	8	8	0	0	explicit
3s1c1s1__min.435__Z13	24	2x6x6	8	8	0	0	explicit
3s1c1s1__min.437__Z15	24	3x12	6	6	0	0	explicit
3s1c1s1__min.437__Z20	24	3x3	2	2	0	0	explicit
3s1s1s1__group.3838__Z9	192	2x2x2x2x2	24	24	0	0	explicit
3s1s1s1__group.3838__Z17	192	2x2x2x2x2x2	32	32	0	0	explicit
3s1c1s1__group.3825__Z4	96	2x2x2x2x2x2	48	48	0	0	explicit
3s1c1s1__min.436__Z15	24	2x6	6	6	0	0	explicit
3s1s1s1__group.3838__Z1	192	2x2x2x2x2x2x2x2x2x2	208	208	0	0	explicit
3s1s1s1__group.3851__Z27	96	2x2x2x2x2x2	40	40	0	0	explicit
3s1c1s1__min.435__Z14	24	6x6	8	8	0	0	explicit
3s1c1s1__min.436__Z19	24	2x6	6	6	0	0	explicit
3s1s1s1__group.3851__Z2	96	2x2x2x2x2x2x2	56	56	0	0	explicit
3s1s1s1__group.3851__Z1	96	2x2x2x2x2x2x2	32	32	0	0	explicit
3s1c1s1__min.436__Z2	24	2x6	4	4	0	0	explicit
3s1s1s1__group.3851__Z28	96	2x2x2x2	8	8	0	0	explicit
3s1c1s1__min.435__Z15	24	2x6x6	12	12	0	0	explicit
3s1c1s1__group.3825__Z5	96	2x2x2x2	12	12	0	0	explicit
3s1c1s1__min.437__Z3	24	6x6	8	8	0	0	explicit
3s1s1s1__group.3851__Z10	96	2x2x2x2	8	8	0	0	explicit
3s1s1s1__group.3838__Z10	192	2x2x2x2x2x2	20	20	0	0	explicit
3s1s1s1__group.3851__Z29	96	2x2x2x2x2x2	20	20	0	0	explicit
3s1c1s1__min.436__Z20	24	6	4	4	0	0	explicit
3s1s1s1__group.3838__Z18	192	2x2x2x2	8	8	0	0	explicit
3s1s1s1__group.3851__Z20	96	2x2x2x2x2x2	40	40	0	0	explicit
3s1s1s1__group.3851__Z3	96	2x2x2x2	12	12	0	0	explicit
3s1s1s1__group.3851__Z11	96	2x2x2x2	10	10	0	0	explicit
3s1c1s1__min.436__Z3	24	2x2x6	8	8	0	0	explicit
3s1c1s1__group.3825__Z6	96	2x2x2x2x2x2	40	40	0	0	explicit
3s1c1s1__min.437__Z4	24	3x12	6	6	0	0	explicit
3s1s1s1__group.3853__Z1	96	2x2x2x2x2x2x2	72	72	0	0	explicit
3s1c1s1__min.436__Z4	24	2x6	8	8	0	0	explicit
3s1s1s1__group.3851__Z12	96	2x2x2x2x2x2x2	26	26	0	0	explicit
3s1s1s1__group.3851__Z4	96	2x2x2x2	9	9	0	0	explicit
3s1s1s1__group.3853__Z19	96	2x2x2x2	12	12	0	0	explicit
3s1c1s1__min.437__Z5	24	3x6	4	4	0	0	explicit
3s1s1s1__group.3838__Z11	192	2x2x2x2x2	20	20	0	0	explicit
3s1c1s1__min.436__Z5	24	2x6	6	6	0	0	explicit
3s1s1s1__group.3853__Z10	96	2x2x2x2x2x2	36	36	0	0	explicit
3s1s1s1__group.3851__Z5	96	2x2	4	4	0	0	explicit
3s1s1s1__group.3851__Z13	96	2	2	2	0	0	explicit
3s1c1s1__min.437__Z6	24	3x6	4	4	0	0	explicit
3s1s1s1__group.3838__Z19	192	2x2x2x2x2x2x2x2x2	288	288	0	0	explicit
3s1s1s1__group.3851__Z21	96	2x2x2	8	8	0	0	explicit
3s1c1s1__min.436__Z6	24	2x6	6	6	0	0	explicit
3s1s1s1__group.3838__Z25	192	2x2x2x2x2x2x2x2x2x2x2x2x2	1504	1504	0	0	explicit
3s1s1s1__group.3853__Z2	96	2x2x2x2x2x2x2	56	56	0	0	explicit
3s1s1s1__group.3853__Z46	96	2x2x2	8	8	0	0	explicit
3s1s1s1__group.3851__Z6	96	2x2	4	4	0	0	explicit
3s1s1s1__group.3853__Z11	96	2x2x2x2x2x2	64	64	0	0	explicit
3s1s1s1__group.3851__Z14	96	2x2x2x2x2x2x2x2x2x2	156	156	0	0	explicit
3s1s1s1__group.3853__Z28	96	2x2x2	6	6	0	0	explicit
3s1s1s1__group.3838__Z12	192	2x2x2x2x2x2x2x2x2	104	104	0	0	explicit
3s1s1s1__group.3853__Z37	96	2x2x2x2	12	12	0	0	explicit
3s1s1s1__group.3853__Z20	96	2x2x2	8	8	0	0	explicit
3s1s1s1__group.3853__Z47	96	2x2x2x2x2x2	28	28	0	0	explicit
3s1s1s1__group.3853__Z12	96	2x2x2	8	8	0	0	explicit
3s1s1s1__group.3851__Z15	96	2x2x2x2x2x2	40	40	0	0	explicit
3s1s1s1__group.3838__Z2	192	2x2x2x2x2x2x2x2x2	272	272	0	0	explicit
3s1s1s1__group.3838__Z26	192	2x2x2x2x2x2x2x2x2	320	320	0	0	explicit
3s1s1s1__group.3853__Z21	96	2x2x2x2	10	10	0	0	explicit
3s1s1s1__group.3853__Z38	96	2x2x2x2	12	12	0	0	explicit
3s1s1s1__group.3853__Z13	96	2x2x2x2	10	10	0	0	explicit
3s1s1s1__group.3851__Z16	96	2x2x2x2x2x2x2	60	60	0	0	explicit
3s1s1s1__group.3851__Z22	96	2x2x2	6	6	0	0	explicit
3s1s1s1__group.3853__Z29	96	2x2x2x2x2x2	36	36	0	0	explicit
3s1s1s1__group.3851__Z7	96	2x2x2x2x2x2x2	56	56	0	0	explicit
3s1s1s1__group.3853__Z48	96	2x2x2x2x2x2	40	40	0	0	explicit
3s1s1s1__group.3866__Z16	96	2x2x2x2x2x2x2	72	72	0	0	explicit
3s1s1s1__group.3851__Z17	96	2x2x2x2	12	12	0	0	explicit
3s1s1s1__group.3838__Z20	192	2x2x2x2x2	24	24	0	0	explicit
3s1s1s1__group.3838__Z27	192	2x2x2x2x2x2	32	32	0	0	explicit
3s1s1s1__group.3853__Z39	96	2x2x2x2x2x2	64	64	0	0	explicit
3s1s1s1__group.3853__Z3	96	2x2x2x2x2x2	64	64	0	0	explicit
3s1s1s1__group.3866__Z17	96	2x2x2x2	16	16	0	0	explicit
3s1s1s1__group.3853__Z14	96	2x2x2x2	8	9	1	0	explicit
3s1s1s1__group.3853__Z22	96	2x2x2x2x2x2	64	64	0	0	explicit
3s1s1s1__group.3851__Z8	96	2x2x2x2	10	10	0	0	explicit
3s1s1s1__group.3853__Z4	96	2x2x2x2	16	16	0	0	explicit
3s1s1s1__group.3851__Z23	96	2x2x2x2x2x2x2	30	30	0	0	explicit
3s1s1s1__group.3853__Z49	96	2x2x2x2x2x2x2x2x2	272	272	0	0	explicit
3s1s1s1__group.3853__Z7	96	2x2x2x2	9	9	0	0	explicit
3s1s1s1__group.3866__Z18	96	2x2x2x2	12	12	0	0	explicit
3s1s1s1__group.3853__Z23	96	2x2x2	6	6	0	0	explicit
3s1s1s1__group.3853__Z15	96	2	2	2	0	0	explicit
3s1s1s1__group.3853__Z30	96	2x2x2x2x2x2x2x2x2	272	272	0	0	explicit
3s1s1s1__group.3838__Z28	192	2x2x2x2x2x2x2x2x2	120	120	0	0	explicit
3s1s1s1__group.3851__Z9	96	2x2x2x2	9	9	0	0	explicit
3s1s1s1__group.3853__Z40	96	2x2x2x2x2x2	28	28	0	0	explicit
3s1s1s1__group.3853__Z5	96	2x2x2x2	12	12	0	0	explicit
3s1s1s1__group.3838__Z21	192	2x2x2x2x2	24	24	0	0	explicit
3s1s1s1__group.3853__Z16	96	2x2x2x2x2x2	36	36	0	0	explicit
3s1s1s1__group.3853__Z24	96	2x2x2	6	6	0	0	explicit
3s1s1s1__group.3866__Z19	96	2x2x2x2x2x2x2	72	72	0	0	explicit
3s1s1s1__group.3853__Z41	96	2x2x2x2	10	10	0	0	explicit
3s1s1s1__group.3866__Z25	96	2x2x2x2x2	24	24	0	0	explicit
3s1s1s1__group.3853__Z31	96	2x2x2x2x2x2x2x2x2	176	176	0	0	explicit
3s1s1s1__group.3853__Z8	96	2x2	4	4	0	0	explicit
3s1s1s1__group.3838__Z13	192	2x2x2x2x2x2x2x2x2x2x2x2x2	1504	1504	0	0	explicit
3s1s1s1__group.3853__Z17	96	2x2x2	8	8	0	0	explicit
3s1s1s1__group.3853__Z50	96	2x2x2x2x2x2	64	64	0	0	explicit
3s1s1s1__group.3838__Z3	192	2x2x2x2x2x2	48	48	0	0	explicit
3s1s1s1__group.3866__Z2	96	2x2x2x2x2x2x2	72	72	0	0	explicit
3s1s1s1__group.3853__Z25	96	2x2x2x2x2x2	36	36	0	0	explicit
3s1s1s1__group.3851__Z24	96	2x2x2	8	8	0	0	explicit
3s1s1s1__group.3866__Z26	96	2x2x2x4	18	18	0	0	explicit
3s1s1s1__group.3853__Z32	96	2x2x2x2x2x2	64	64	0	0	explicit
3s1s1s1__group.3853__Z18	96	2x2x2	8	8	0	0	explicit
3s1s1s1__group.3853__Z51	96	2x2x2x2x2x2	40	40	0	0	explicit
3s1s1s1__group.3838__Z22	192	2x2x2x2x2x2x2x2x2	120	120	0	0	explicit
3s1s1s1__group.3866__Z20	96	2x2x2x2x2x2x2x2	144	144	0	0	explicit
3s1s1s1__group.3853__Z42	96	2x2x2x2x2x2	40	40	0	0	explicit
3s1s1s1__group.3866__Z27	96	2x2x2	8	8	0	0	explicit
3s1s1s1__group.3851__Z25	96	2x2x2x2x2x2	20	20	0	0	explicit
3s1s1s1__group.3838__Z4	192	2x2x2x2x2	24	24	0	0	explicit
3s1s1s1__group.3853__Z26	96	2x2x2	8	8	0	0	explicit
3s1s1s1__group.3853__Z33	96	2x2x2x2x2x2	64	64	0	0	explicit
3s1s1s1__group.3853__Z52	96	2x2x2x2	12	12	0	0	explicit
3s1s1s1__group.3838__Z14	192	2x2x2x2x2x2x2x2x2	272	272	0	0	explicit
3s1s1s1__group.3853__Z9	96	2x2	4	4	0	0	explicit
3s1s1s1__group.3866__Z21	96	2x2x2x2x2x2x2	72	72	0	0	explicit
3s1s1s1__group.3851__Z26	96	2x2x2x2x2x2x2x2x2	104	104	0	0	explicit
3s1s1s1__group.3866__Z28	96	2x4	6	6	0	0	explicit
3s1s1s1__group.3853__Z43	96	2x2x2	8	8	0	0	explicit
3s1s1s1__group.3866__Z34	96	2x2x2x2	16	16	0	0	explicit
3s1s1s1__group.3853__Z27	96	2x2x2	6	6	0	0	explicit
3s1s1s1__group.3838__Z5	192	2x2x2	8	8	0	0	explicit
3s1s1s1__group.3853__Z34	96	2x2x2x2x2x2	48	48	0	0	explicit
3s1s1s1__group.3853__Z53	96	2x2x2x2x2x2	40	40	0	0	explicit
3s1s1s1__group.3866__Z22	96	2x2x2x2x2x2x2	128	128	0	0	explicit
3s1s1s1__group.3853__Z44	96	2x2x2	8	8	0	0	explicit
3s1s1s1__group.3866__Z35	96	2x2x2x2x2	20	20	0	0	explicit
3s1s1s1__group.3866__Z1	96	2x2x2x2x2x2x2x2x2x2	544	544	0	0	explicit
3s1s1s1__group.3838__Z23	192	2x2x2x2x2	24	24	0	0	explicit
3s1s1s1__group.3853__Z35	96	2x2x2x2x2x2	40	40	0	0	explicit
3s1s1s1__group.3853__Z6	96	2x2x2x2	12	12	0	0	explicit
3s1s1s1__group.3866__Z29	96	2x2x2x2x2x2x2	128	128	0	0	explicit
3s1s1s1__group.3866__Z43	96	2x2x2x2x2x2x2	72	72	0	0	explicit
3s1s1s1__group.3838__Z6	192	2x2	4	4	0	0	explicit
3s1s1s1__group.3866__Z23	96	2x2x2x2x2	32	32	0	0	explicit
3s1s1s1__group.3866__Z10	96	2x2x2x2x2x2x2	128	128	0	0	explicit
3s1s1s1__group.3853__Z45	96	2x2x2x2x2x2	40	40	0	0	explicit
3s1s1s1__group.3866__Z36	96	2x2x2x2	16	16	0	0	explicit
3s1s1s1__group.3866__Z3	96	2x2x2x2x2x2x2	128	128	0	0	explicit
3s1s1s1__group.3853__Z36	96	2x2x2x2	12	12	0	0	explicit
3s1s1s1__group.3866__Z5	96	2x2x2x2x2	32	32	0	0	explicit
3s1s1s1__group.3866__Z11	96	2x2x2x2	12	12	0	0	explicit
3s1s1s1__group.3866__Z24	96	2x2x2x2	16	16	0	0	explicit
3s1s1s1__group.3867__Z13	96	2x2x2x2x2x6	80	80	0	0	explicit
3s1s1s1__group.3866__Z6	96	2x2x2x2x2x2x2	80	80	0	0	explicit
3s1s1s1__group.3866__Z37	96	2x2x2x2	10	10	0	0	explicit
3s1s1s1__group.3866__Z30	96	2x2x2x2	12	12	0	0	explicit
3s1s1s1__group.3838__Z15	192	2x2x2x2x2x2x2x2x2	320	320	0	0	explicit
3s1s1s1__group.3866__Z12	96	2x2x2x2	12	12	0	0	explicit
3s1s1s1__group.3838__Z7	192	2x2x2x2x2x2x2x2x2	272	272	0	0	explicit
3s1s1s1__group.3838__Z24	192	2x2x2x2x2x2x2x2x2	104	104	0	0	explicit
3s1s1s1__group.3866__Z7	96	2x2x2x2x2	24	24	0	0	explicit
3s1s1s1__group.3867__Z22	96	2x2x2x2x2x6	128	128	0	0	explicit
3s1s1s1__group.3867__Z14	96	2x2x6	16	16	0	0	explicit
3s1s1s1__group.3866__Z31	96	2x2x2x2	12	12	0	0	explicit
3s1s1s1__group.3866__Z13	96	2x2x2x2x2x2x2	80	80	0	0	explicit
3s1s1s1__group.3866__Z38	96	2x2x2x2x2x2x2	72	72	0	0	explicit
3s1s1s1__group.3867__Z31	96	2x2x6	12	12	0	0	explicit
3s1s1s1__group.3867__Z23	96	2x2x2x6	32	32	0	0	explicit
3s1s1s1__group.3867__Z15	96	2x2x6	16	16	0	0	explicit
3s1s1s1__group.3866__Z8	96	2x2x2x2x2	24	24	0	0	explicit
3s1s1s1__group.3868__Z10	96	2x2x2x2x2x4	30	30	0	0	explicit
3s1s1s1__group.3867__Z40	96	2x2x2x2x2x6	128	128	0	0	explicit
3s1s1s1__group.3866__Z14	96	2x2x2x2	16	16	0	0	explicit
3s1s1s1__group.3838__Z8	192	2x2x2x2x2	24	24	0	0	explicit
3s1s1s1__group.3866__Z32	96	2x2x2x2x2x2x2	72	72	0	0	explicit
3s1s1s1__group.3866__Z9	96	2x2x2x2	12	12	0	0	explicit
3s1s1s1__group.3866__Z15	96	2x2x2x2	16	16	0	0	explicit
3s1s1s1__group.3867__Z16	96	2x2x2x2x2x6	80	80	0	0	explicit
3s1s1s1__group.3868__Z11	96	2x2x2	8	8	0	0	explicit
3s1s1s1__group.3867__Z32	96	2x2x2x2x2x6	72	72	0	0	explicit
3s1s1s1__group.3867__Z41	96	2x2x2x2x2x6	96	96	0	0	explicit
3s1s1s1__group.3867__Z24	96	2x2x6	16	16	0	0	explicit
3s1s1s1__group.3868__Z2	96	2x2x2x2x2x2	40	40	0	0	explicit
3s1s1s1__group.3866__Z33	96	2x2x2x2	16	16	0	0	explicit
3s1s1s1__group.3867__Z33	96	2x2x6	16	16	0	0	explicit
3s1s1s1__group.3868__Z12	96	2x2x2x2x2x2	20	20	0	0	explicit
3s1s1s1__group.3867__Z17	96	2x2x6	16	16	0	0	explicit
3s1s1s1__group.3867__Z42	96	2x2x2x6	32	32	0	0	explicit
3s1s1s1__group.3867__Z25	96	2x2x2x6	24	24	0	0	explicit
3s1s1s1__group.3869__Z12	96	2x2x2x2x2x2	16	16	0	0	explicit
3s1s1s1__group.3866__Z39	96	2x2x2x2x2x2x2x2x2x2	544	544	0	0	explicit
3s1s1s1__group.3867__Z1	96	2x2x2x2x2x2x2x2x6	544	544	0	0	explicit
3s1s1s1__group.3868__Z13	96	2x2x2x2x2x2x2	40	40	0	0	explicit
3s1s1s1__group.3867__Z34	96	2x2x6	16	16	0	0	explicit
3s1s1s1__group.3868__Z3	96	2x2x2x2x2x4	72	72	0	0	explicit
3s1s1s1__group.3867__Z18	96	2x2x6	16	16	0	0	explicit
3s1s1s1__group.3869__Z13	96	2x2x2x2x2x2x2	32	32	0	0	explicit
3s1s1s1__group.3867__Z26	96	2x2x6	12	12	0	0	explicit
3s1s1s1__group.3869__Z21	96	2x2x2	6	6	0	0	explicit
3s1s1s1__group.3868__Z20	96	2x2x4	12	12	0	0	explicit
3s1s1s1__group.3867__Z43	96	2x2x2x2x2x6	96	96	0	0	explicit
3s1s1s1__group.3868__Z14	96	2x2x2x2x2x4	60	60	0	0	explicit
3s1s1s1__group.3869__Z5	96	2x2x2x2	8	8	0	0	explicit
3s1s1s1__group.3867__Z10	96	2x2x2x2x2x6	128	128	0	0	explicit
3s1s1s1__group.3869__Z22	96	2x2x2x2	8	8	0	0	explicit
3s1s1s1__group.3867__Z35	96	2x2x2x6	24	24	0	0	explicit
3s1s1s1__group.3868__Z4	96	2x2x2x2	16	16	0	0	explicit
3s1s1s1__group.3867__Z27	96	2x6	8	8	0	0	explicit
3s1s1s1__group.3869__Z14	96	2x2x2x2x2x2	36	36	0	0	explicit
3s1s1s1__group.3866__Z4	96	2x2x2x2x2x2x2	128	128	0	0	explicit
3s1s1s1__group.3868__Z15	96	2x2x2x2	16	16	0	0	explicit
3s1s1s1__group.3867__Z19	96	2x2x2x2x2x6	80	80	0	0	explicit
3s1s1s1__group.3868__Z5	96	2x2x2x4	12	12	0	0	explicit
3s1s1s1__group.3869__Z6	96	2x2x2	4	4	0	0	explicit
3s1s1s1__group.3867__Z11	96	2x2x6	16	16	0	0	explicit
3s1s1s1__group.3867__Z5	96	2x2x2x6	32	32	0	0	explicit
3s1s1s1__group.3867__Z28	96	6	4	4	0	0	explicit
3s1s1s1__group.3869__Z15	96	2x2x2x2	12	12	0	0	explicit
3s1s1s1__group.3869__Z23	96	2x2x2	6	6	0	0	explicit
3s1s1s1__group.3867__Z36	96	2x2x6	16	16	0	0	explicit
3s1s1s1__group.3868__Z6	96	2x2x2	4	4	0	0	explicit
3s1s1s1__group.3868__Z16	96	2x2x4	12	12	0	0	explicit
3s1s1s1__group.3867__Z2	96	2x2x2x2x2x6	80	80	0	0	explicit
3s1s1s1__group.3869__Z16	96	2x2x2	6	6	0	0	explicit
3s1s1s1__group.3869__Z7	96	2x2x2x2x2x2	36	36	0	0	explicit
3s1s1s1__group.3867__Z6	96	2x2x2x2x2x6	80	80	0	0	explicit
3s1s1s1__group.3869__Z24	96	2x2x2x2x2x2	16	16	0	0	explicit
3s1s1s1__group.3867__Z12	96	2x2x6	16	16	0	0	explicit
3s1s1s1__group.3868__Z21	96	2x2x4	12	12	0	0	explicit
3s1s1s1__group.3868__Z17	96	2x2	4	4	0	0	explicit
3s1s1s1__group.3867__Z37	96	2x2x6	12	12	0	0	explicit
3s1s1s1__group.3869__Z17	96	2x2	4	4	0	0	explicit
3s1s1s1__group.3868__Z7	96	2x2x2x2x2x2	48	48	0	0	explicit
3s1s1s1__min.443__Z23	48	2x2x6	16	16	0	0	explicit
3s1s1s1__group.3869__Z25	96	2x2x2x2x2x2x2x2x2	104	104	0	0	explicit
3s1s1s1__group.3869__Z8	96	2x2x2	6	6	0	0	explicit
3s1s1s1__group.3866__Z40	96	2x2x2x2x2x2x2	128	128	0	0	explicit
3s1s1s1__group.3867__Z7	96	2x2x2x6	24	24	0	0	explicit
3s1s1s1__group.3868__Z18	96	4	3	3	0	0	explicit
3s1s1s1__group.3869__Z18	96	2	2	2	0	0	explicit
3s1s1s1__group.3867__Z20	96	2x2x2x2x2x2x6	144	144	0	0	explicit
3s1s1s1__min.443__Z24	48	2x2x6	12	12	0	0	explicit
3s1s1s1__group.3868__Z8	96	2x2x2	8	8	0	0	explicit
3s1s1s1__group.3868__Z22	96	2x2x2x2	8	8	0	0	explicit
3s1s1s1__group.3867__Z38	96	2x2x2x2x2x6	72	72	0	0	explicit
3s1s1s1__min.443__Z14	48	2x6	8	8	0	0	explicit
3s1s1s1__group.3869__Z26	96	2x2x2x2x2x2	40	40	0	0	explicit
3s1s1s1__min.443__Z25	48	2x2x6	12	12	0	0	explicit
3s1s1s1__group.3867__Z8	96	2x2x2x6	24	24	0	0	explicit
3s1s1s1__group.3869__Z9	96	2x2x2	6	6	0	0	explicit
3s1s1s1__group.3869__Z19	96	2x2x2x2x2x2	36	36	0	0	explicit
3s1s1s1__group.3868__Z19	96	2x2x2x2x2x4	64	64	0	0	explicit
3s1s1s1__group.3866__Z41	96	2x2x2x2x2x2x2	80	80	0	0	explicit
3s1s1s1__min.443__Z26	48	2x2x6	12	12	0	0	explicit
3s1s1s1__group.3869__Z27	96	2x2x2x2	8	8	0	0	explicit
3s1s1s1__group.3868__Z9	96	2x2x2	8	8	0	0	explicit
3s1s1s1__min.443__Z1	48	2x2x2x2x2x2x6	112	112	0	0	explicit
3s1s1s1__group.3867__Z29	96	2x2x2x2x2x6	128	128	0	0	explicit
3s1s1s1__group.3867__Z21	96	2x2x2x2x2x6	72	72	0	0	explicit
3s1s1s1__min.443__Z15	48	2x6	8	8	0	0	explicit
3s1s1s1__group.3867__Z9	96	2x2x6	12	12	0	0	explicit
3s1s1s1__min.443__Z27	48	2x6	8	8	0	0	explicit
3s1s1s1__group.3869__Z28	96	2x2x2x2x2x2	20	20	0	0	explicit
3s1s1s1__min.443__Z10	48	2x2x2x6	32	32	0	0	explicit
3s1s1s1__min.443__Z16	48	2x2x2x2x6	32	32	0	0	explicit
3s1s1s1__group.3868__Z23	96	2x2x4	10	10	0	0	explicit
3s1s1s1__group.3869__Z1	96	2x2x2x2x2x2x2x2x2	104	104	0	0	explicit
3s1s1s1__group.3866__Z42	96	2x2x2x2x2	24	24	0	0	explicit
3s1s1s1__min.443__Z11	48	2x6	8	8	0	0	explicit
3s1s1s1__min.443__Z28	48	2x6	8	8	0	0	explicit
3s1s1s1__group.3867__Z39	96	2x2x2x2x2x2x2x2x6	576	576	0	0	explicit
3s1s1s1__group.3867__Z3	96	2x2x2x2x2x6	128	128	0	0	explicit
3s1s1s1__group.3868__Z1	96	2x2x2x2x2x2x2x2x4	180	180	0	0	explicit
3s1s1s1__min.443__Z17	48	2x6	8	8	0	0	explicit
3s1s1s1__group.3869__Z2	96	2x2x2x2x2x2	36	36	0	0	explicit
3s1s1s1__group.3869__Z3	96	2x2x2x2x2x2	40	40	0	0	explicit
3s1s1s1__group.3869__Z10	96	2x2x2x2x2x2	20	20	0	0	explicit
3s1s1s1__group.3868__Z24	96	2x2x2x2x2x4	30	30	0	0	explicit
3s1s1s1__min.443__Z12	48	2x6	8	8	0	0	explicit
3s1s1s1__min.443__Z18	48	2x6	8	8	0	0	explicit
3s1s1s1__min.443__Z29	48	2x2x2x2x6	48	48	0	0	explicit
3s1s1s1__group.3867__Z30	96	2x2x6	12	12	0	0	explicit
3s1s1s1__min.443__Z13	48	2x2x2x6	24	24	0	0	explicit
3s1s1s1__group.3867__Z4	96	2x2x2x2x2x6	128	128	0	0	explicit
3s1s1s1__group.3869__Z4	96	2x2x2x2	12	12	0	0	explicit
3s1s1s1__group.3869__Z11	96	2x2x2	6	6	0	0	explicit
3s1s1s1__min.443__Z3	48	2x2x2x6	32	32	0	0	explicit
3s1s1s1__min.443__Z19	48	2x2x2x6	24	24	0	0	explicit
3s1s1s1__group.3868__Z25	96	2x2x2x2x2x2x2x2x2	120	120	0	0	explicit
3s1s1s1__group.3869__Z20	96	2x2x2	6	6	0	0	explicit
3s1s1s1__min.443__Z32	48	2x2x2x2x6	32	32	0	0	explicit
3s1s1s1__min.443__Z30	48	2x2x6	10	10	0	0	explicit
3s1s1s1__min.444__Z10	48	2x2x2x2	8	8	0	0	explicit
3s1s1s1__min.443__Z2	48	2x2x2x6	24	24	0	0	explicit
3s1s1s1__min.444__Z2	48	2x2x2	6	6	0	0	explicit
3s1s1s1__min.443__Z33	48	2x2x6	12	12	0	0	explicit
3s1s1s1__min.443__Z31	48	2x2x6	10	10	0	0	explicit
3s1s1s1__min.444__Z11	48	2	2	2	0	0	explicit
3s1s1s1__group.3868__Z26	96	2x2x2x2x2x2	48	48	0	0	explicit
3s1s1s1__min.443__Z41	48	2x2x2x6	32	32	0	0	explicit
3s1s1s1__min.443__Z20	48	2x2x2x2x6	40	40	0	0	explicit
3s1s1s1__min.444__Z20	48	2x2	4	4	0	0	explicit
3s1s1s1__min.443__Z34	48	2x2x6	12	12	0	0	explicit
3s1s1s1__min.444__Z29	48	2x2x2	4	4	0	0	explicit
3s1s1s1__min.443__Z42	48	2x2x2x6	24	24	0	0	explicit
3s1s1s1__group.3868__Z27	96	2x2x2x2	8	8	0	0	explicit
3s1s1s1__min.443__Z21	48	2x2x2x2x6	32	32	0	0	explicit
3s1s1s1__min.444__Z21	48	2x2	4	4	0	0	explicit
3s1s1s1__min.444__Z3	48	2x2x2x2	12	12	0	0	explicit
3s1s1s1__min.443__Z35	48	2x2x6	12	12	0	0	explicit
3s1s1s1__min.445__Z3	48	2x2x12	24	24	0	0	explicit
3s1s1s1__min.444__Z22	48	2x2	4	4	0	0	explicit
3s1s1s1__min.444__Z12	48	2x2x2	4	4	0	0	explicit
3s1s1s1__min.444__Z4	48	2x2	4	4	0	0	explicit
3s1s1s1__min.443__Z43	48	2x2x6	16	16	0	0	explicit
3s1s1s1__min.445__Z11	48	2x2x12	24	24	0	0	explicit
3s1s1s1__min.445__Z39	48	2x2x6	16	16	0	0	explicit
3s1s1s1__group.3868__Z28	96	2x2x2x2x2x2	20	20	0	0	explicit
3s1s1s1__min.443__Z22	48	2x2x2x2x6	48	48	0	0	explicit
3s1s1s1__min.443__Z36	48	2x2x6	12	12	0	0	explicit
3s1s1s1__min.444__Z5	48	2x2x2	4	4	0	0	explicit
3s1s1s1__min.444__Z23	48	2x2	4	4	0	0	explicit
3s1s1s1__min.445__Z30	48	2x2x2x2x12	64	64	0	0	explicit
3s1s1s1__min.445__Z9	48	6	4	4	0	0	explicit
3s1s1s1__min.445__Z4	48	2x6	8	8	0	0	explicit
3s1s1s1__min.444__Z13	48	2x2x2x2	8	8	0	0	explicit
3s1s1s1__min.443__Z44	48	2x2x2x6	24	24	0	0	explicit
3s1s1s1__min.444__Z6	48	2x2	2	2	0	0	explicit
3s1s1s1__min.444__Z24	48	2x2x2x2	8	8	0	0	explicit
3s1s1s1__min.444__Z25	48	1	1	1	0	0	trivial
3s1s1s1__min.443__Z37	48	2x2x6	10	10	0	0	explicit
3s1s1s1__min.445__Z31	48	2x2x2x2x6	32	32	0	0	explicit
3s1s1s1__min.446__Z1	48	2x2x2x2x2x2	36	36	0	0	explicit
3s1s1s1__min.445__Z40	48	2x2x6	10	10	0	0	explicit
3s1s1s1__min.445__Z12	48	6	4	4	0	0	explicit
3s1s1s1__min.444__Z26	48	2x2x2x2x2	10	10	0	0	explicit
3s1s1s1__min.443__Z5	48	2x2x6	16	16	0	0	explicit
3s1s1s1__min.445__Z32	48	2x2x6	16	16	0	0	explicit
3s1s1s1__min.445__Z13	48	2x6	8	8	0	0	explicit
3s1s1s1__min.445__Z41	48	2x6	8	8	0	0	explicit
3s1s1s1__min.446__Z10	48	2x2x2x2	16	16	0	0	explicit
3s1s1s1__min.444__Z14	48	2x2x2x2	12	12	0	0	explicit
3s1s1s1__min.445__Z48	48	2x2x6	16	16	0	0	explicit
3s1s1s1__min.444__Z27	48	2x2x2	6	6	0	0	explicit
3s1s1s1__min.443__Z6	48	2x2x2x2x6	32	32	0	0	explicit
3s1s1s1__min.444__Z7	48	2x2x2	6	6	0	0	explicit
3s1s1s1__min.445__Z33	48	2x2x12	24	24	0	0	explicit
3s1s1s1__min.444__Z15	48	2x2	4	4	0	0	explicit
3s1s1s1__min.444__Z28	48	2x2	2	2	0	0	explicit
3s1s1s1__min.445__Z14	48	2x6	8	8	0	0	explicit
3s1s1s1__min.446__Z11	48	2x2x2x2	7	7	0	0	explicit
3s1s1s1__min.445__Z42	48	2x2x6	16	16	0	0	explicit
3s1s1s1__min.446__Z18	48	2x2x2x2	7	7	0	0	explicit
3s1s1s1__min.443__Z7	48	2x2x6	12	12	0	0	explicit
3s1s1s1__min.445__Z49	48	2x2x2x2x6	48	48	0	0	explicit
3s1s1s1__min.443__Z38	48	2x2x2x2x6	32	32	0	0	explicit
3s1s1s1__min.445__Z20	48	12	6	6	0	0	explicit
3s1s1s1__min.444__Z16	48	2x2	4	4	0	0	explicit
3s1s1s1__min.445__Z34	48	2x2x6	16	16	0	0	explicit
3s1s1s1__min.445__Z43	48	6	4	4	0	0	explicit
3s1s1s1__min.443__Z8	48	2x2x2x6	20	20	0	0	explicit
3s1s1s1__min.444__Z17	48	2	2	2	0	0	explicit
3s1s1s1__min.446__Z12	48	2x2x2	5	5	0	0	explicit
3s1s1s1__min.445__Z15	48	3	2	2	0	0	explicit
3s1s1s1__min.445__Z5	48	2x6	8	8	0	0	explicit
3s1s1s1__min.446__Z19	48	2x2x2x2	10	10	0	0	explicit
3s1s1s1__min.444__Z8	48	2	2	2	0	0	explicit
3s1s1s1__min.445__Z35	48	2x2x12	20	20	0	0	explicit
3s1s1s1__min.446__Z27	48	2x2	4	4	0	0	explicit
3s1s1s1__min.444__Z18	48	2	2	2	0	0	explicit
3s1s1s1__min.445__Z44	48	6	4	4	0	0	explicit
3s1s1s1__min.446__Z13	48	2x2x2x2	10	10	0	0	explicit
3s1s1s1__min.443__Z9	48	2x2x6	12	12	0	0	explicit
3s1s1s1__min.443__Z39	48	6	4	4	0	0	explicit
3s1s1s1__min.446__Z2	48	2x2x2x2x2x2	24	24	0	0	explicit
3s1s1s1__min.445__Z36	48	2x6	8	8	0	0	explicit
3s1s1s1__min.445__Z50	48	2x2x6	16	16	0	0	explicit
3s1s1s1__min.445__Z16	48	2x2x12	20	20	0	0	explicit
3s1s1s1__min.444__Z19	48	2x2x2x2	12	12	0	0	explicit
3s1s1s1__min.445__Z21	48	2x6	8	8	0	0	explicit
3s1s1s1__min.444__Z1	48	2x2x2x2x2x2	20	20	0	0	explicit
3s1s1s1__min.445__Z45	48	2x2x12	20	20	0	0	explicit
3s1s1s1__min.446__Z28	48	2x2	4	4	0	0	explicit
3s1s1s1__min.446__Z14	48	2x2	4	4	0	0	explicit
3s1s1s1__min.443__Z4	48	2x2x2x2x6	48	48	0	0	explicit
3s1s1s1__min.446__Z20	48	2x2x2x2x2	20	20	0	0	explicit
3s1s1s1__min.445__Z37	48	2x12	10	10	0	0	explicit
3s1s1s1__min.445__Z51	48	2x2x6	16	16	0	0	explicit
3s1s1s1__min.445__Z17	48	12	6	6	0	0	explicit
3s1s1s1__min.445__Z46	48	6	4	4	0	0	explicit
3s1s1s1__min.444__Z9	48	2	2	2	0	0	explicit
3s1s1s1__min.446__Z29	48	2x2x2x2	10	10	0	0	explicit
3s1s1s1__min.446__Z15	48	2x2	4	4	0	0	explicit
3s1s1s1__min.445__Z38	48	2x6	6	6	0	0	explicit
3s1s1s1__min.445__Z52	48	2x6	8	8	0	0	explicit
3s1s1s1__min.446__Z21	48	2x2x2x2x2	16	16	0	0	explicit
3s1s1s1__min.445__Z18	48	12	6	6	0	0	explicit
3s1s1s1__min.445__Z22	48	2x2x6	16	16	0	0	explicit
3s1s1s1__min.443__Z40	48	2x2x2x2x2x6	80	80	0	0	explicit
3s1s1s1__min.446__Z36	48	2x2	4	4	0	0	explicit
3s1s1s1__min.445__Z47	48	2x2x6	10	10	0	0	explicit
3s1s1s1__min.446__Z3	48	2x2x2x2	16	16	0	0	explicit
3s1s1s1__min.446__Z16	48	2x2x2x2	10	10	0	0	explicit
3s1s1s1__min.446__Z22	48	2x2x2x2	16	16	0	0	explicit
3s1s1s1__min.445__Z53	48	2x2x6	16	16	0	0	explicit
3s1s1s1__min.445__Z19	48	2x6	8	8	0	0	explicit
3s1s1s1__min.445__Z23	48	6	4	4	0	0	explicit
3s1s1s1__min.446__Z37	48	2x2	4	4	0	0	explicit
3s1s1s1__min.445__Z1	48	2x2x2x6	24	24	0	0	explicit
3s1s1s1__min.446__Z30	48	2x2x2x2	16	16	0	0	explicit
3s1s1s1__min.445__Z6	48	2x6	8	8	0	0	explicit
3s1s1s1__min.446__Z17	48	2x2	4	4	0	0	explicit
3s1s1s1__min.446__Z23	48	2x2x2	8	8	0	0	explicit
3s1s1s1__min.445__Z2	48	2x2x2x6	24	24	0	0	explicit
3s1s1s1__min.445__Z24	48	6	4	4	0	0	explicit
3s1s1s1__min.446__Z38	48	2x2x2	6	6	0	0	explicit
3s1s1s1__min.445__Z7	48	2x6	8	8	0	0	explicit
3s1s1s1__min.446__Z6	48	2x2x2x2	10	10	0	0	explicit
3s1s1s1__min.446__Z31	48	2x2	4	4	0	0	explicit
3s1s1s1__min.446__Z24	48	2x2x2	6	6	0	0	explicit
3s1s1s1__min.446__Z39	48	2x2	4	4	0	0	explicit
3s1s1s1__min.445__Z8	48	6	4	4	0	0	explicit
3s1s1s1__min.445__Z25	48	2x2x12	20	20	0	0	explicit
3s1s1s1__min.445__Z10	48	2x2x6	12	12	0	0	explicit
3s1s1s1__min.446__Z7	48	2x2x2	6	6	0	0	explicit
3s1s1s1__min.446__Z25	48	2x2x2	6	6	0	0	explicit
3s1s1s1__min.446__Z32	48	2x2x2	5	5	0	0	explicit
3s1s1s1__min.446__Z4	48	2x2x2x2	16	16	0	0	explicit
3s1s1s1__min.446__Z45	48	2x2	4	4	0	0	explicit
3s1s1s1__min.446__Z8	48	2x2x2	6	6	0	0	explicit
3s1s1s1__min.450__Z15	48	2x6	8	8	0	0	explicit
3s1s1s1__min.446__Z26	48	2x2x2	6	6	0	0	explicit
3s1s1s1__min.446__Z33	48	2x2x2	5	5	0	0	explicit
3s1s1s1__min.446__Z40	48	2x2x2	5	5	0	0	explicit
3s1s1s1__min.446__Z9	48	2x2x2	6	6	0	0	explicit
3s1s1s1__min.445__Z26	48	6	4	4	0	0	explicit
3s1s1s1__min.446__Z46	48	2x2	3	3	0	0	explicit
3s1s1s1__min.450__Z33	48	2x2x2x6	32	32	0	0	explicit
3s1s1s1__min.450__Z16	48	2x6	8	8	0	0	explicit
3s1s1s1__min.446__Z34	48	2	2	2	0	0	explicit
3s1s1s1__min.450__Z42	48	2x2x2x2x2x6	96	96	0	0	explicit
3s1s1s1__min.450__Z1	48	2x2x2x2x6	64	64	0	0	explicit
3s1s1s1__min.445__Z27	48	6	4	4	0	0	explicit
3s1s1s1__min.446__Z41	48	2x2x2x2	16	16	0	0	explicit
3s1s1s1__min.450__Z34	48	2x6	8	8	0	0	explicit
3s1s1s1__min.450__Z17	48	2x2x2x6	32	32	0	0	explicit
3s1s1s1__min.446__Z47	48	2x2	3	3	0	0	explicit
3s1s1s1__min.450__Z51	48	2x2x6	16	16	0	0	explicit
3s1s1s1__min.446__Z35	48	2x2x2x2	10	10	0	0	explicit
3s1s1s1__min.450__Z43	48	2x2x2x6	32	32	0	0	explicit
3s1s1s1__min.450__Z10	48	2x2x6	16	16	0	0	explicit
3s1s1s1__min.446__Z42	48	2x2	3	3	0	0	explicit
3s1s1s1__min.445__Z28	48	6	4	4	0	0	explicit
3s1s1s1__min.450__Z35	48	2x6	8	8	0	0	explicit
3s1s1s1__min.450__Z18	48	2x6	8	8	0	0	explicit
3s1s1s1__min.450__Z52	48	2x2x2x6	32	32	0	0	explicit
3s1s1s1__min.450__Z11	48	2x6	8	8	0	0	explicit
3s1s1s1__min.446__Z48	48	2x2x2x2	10	10	0	0	explicit
3s1s1s1__min.446__Z43	48	2x2	3	3	0	0	explicit
3s1s1s1__min.450__Z44	48	2x2x2x6	24	24	0	0	explicit
3s1s1s1__min.450__Z53	48	2x2x2x6	32	32	0	0	explicit
3s1s1s1__min.450__Z19	48	2x2x2x6	32	32	0	0	explicit
3s1s1s1__min.450__Z36	48	2x6	8	8	0	0	explicit
3s1s1s1__min.450__Z7	48	2x2x6	16	16	0	0	explicit
3s1s1s1__min.445__Z29	48	2x2x6	12	12	0	0	explicit
3s1s1s1__min.450__Z12	48	2x6	8	8	0	0	explicit
3s1s1s1__min.446__Z49	48	2x2x2x2x2x2	36	36	0	0	explicit
3s1s1s1__min.450__Z60	48	2x2x2x6	32	32	0	0	explicit
3s1s1s1__min.446__Z44	48	2x2x2x2	10	10	0	0	explicit
3s1s1s1__min.450__Z24	48	2x6	8	8	0	0	explicit
3s1s1s1__min.450__Z45	48	2x2x2x6	32	32	0	0	explicit
3s1s1s1__min.450__Z54	48	2x6	8	8	0	0	explicit
3s1s1s1__min.450__Z2	48	2x2x2x6	32	32	0	0	explicit
3s1s1s1__min.450__Z37	48	2x6	8	8	0	0	explicit
3s1s1s1__min.450__Z46	48	2x2x2x6	32	32	0	0	explicit
3s2-1s1__group.3884__Z14	192	2x2x2x2x2	24	24	0	0	explicit
3s1s1s1__min.446__Z5	48	2x2x2x2	12	12	0	0	explicit
3s1s1s1__min.450__Z70	48	2x2x6	16	16	0	0	explicit
3s1s1s1__min.450__Z13	48	2x2x2x6	32	32	0	0	explicit
3s1s1s1__min.450__Z61	48	2x6	8	8	0	0	explicit
3s1s1s1__min.450__Z55	48	2x6	8	8	0	0	explicit
3s1s1s1__min.450__Z20	48	2x2x6	12	12	0	0	explicit
3s1s1s1__min.450__Z47	48	2x2x6	16	16	0	0	explicit
3s1s1s1__min.446__Z50	48	2x2x2x2	16	16	0	0	explicit
3s1s1s1__min.450__Z62	48	2x6	8	8	0	0	explicit
3s2-1s1__group.3884__Z2	192	2x2x2x2	16	16	0	0	explicit
3s1s1s1__min.450__Z71	48	2x2x2x6	32	32	0	0	explicit
3s1s1s1__min.450__Z25	48	2x2x6	16	16	0	0	explicit
3s1s1s1__min.450__Z14	48	2x2x2x6	32	32	0	0	explicit
3s1s1s1__min.450__Z38	48	2x6	8	8	0	0	explicit
3s1s1s1__min.450__Z48	48	2x2x2x6	32	32	0	0	explicit
3s1s1s1__min.450__Z56	48	2x2x2x6	32	32	0	0	explicit
3s1s1s1__min.450__Z21	48	2x2x6	10	12	2	0	explicit
3s1s1s1__min.446__Z51	48	2x2x2x2	10	10	0	0	explicit
3s1s1s1__min.450__Z8	48	2x2x6	12	12	0	0	explicit
3s1s1s1__min.450__Z63	48	2x2x2x6	24	24	0	0	explicit
3s1s1s1__min.450__Z49	48	2x2x2x6	32	32	0	0	explicit
3s2-1s1__group.3898__Z7	192	2x2x2x2x2x2x2	128	128	0	0	explicit
3s2-1s1__group.3884__Z3	192	2x2x2x2x2	32	32	0	0	explicit
3s1s1s1__min.450__Z39	48	2x2x2x6	32	32	0	0	explicit
3s1s1s1__min.450__Z26	48	2x6	8	8	0	0	explicit
3s1s1s1__min.446__Z52	48	2x2x2	6	6	0	0	explicit
3s1s1s1__min.450__Z9	48	2x2x6	16	16	0	0	explicit
3s1s1s1__min.450__Z22	48	2x6	8	8	0	0	explicit
3s1s1s1__min.450__Z57	48	2x2x2x6	24	24	0	0	explicit
3s1s1s1__min.450__Z64	48	2x6	8	8	0	0	explicit
3s1s1s1__min.450__Z5	48	2x2x6	12	12	0	0	explicit
3s1s1s1__min.450__Z4	48	2x2x6	16	16	0	0	explicit
3s2-1s1__group.3898__Z8	192	2x2x2x2x2	32	32	0	0	explicit
3s1s1s1__min.450__Z27	48	2x6	8	8	0	0	explicit
3s1s1s1__min.446__Z53	48	2x2x2x2	10	10	0	0	explicit
3s2-1s1__group.3908__Z16	192	2x2x2x2x2x2x2	128	128	0	0	explicit
3s1s1s1__min.450__Z50	48	2x2x6	16	16	0	0	explicit
3s2-1s1__group.3884__Z1	192	2x2x2x2x2x2x2x2	192	192	0	0	explicit
3s2-1s1__group.3898__Z10	192	2x2x2x2	16	16	0	0	explicit
3s1s1s1__min.450__Z23	48	6	4	4	0	0	explicit
3s1s1s1__min.450__Z40	48	2x2x2x2x2x6	128	128	0	0	explicit
3s1s1s1__min.450__Z65	48	2x2x2x6	32	32	0	0	explicit
3s1s1s1__min.450__Z28	48	2x2x6	12	12	0	0	explicit
3s2-1s1__group.3898__Z9	192	2x2x2x2x2	32	32	0	0	explicit
3s1s1s1__min.450__Z58	48	2x2x6	12	12	0	0	explicit
3s2-1s1__group.3908__Z17	192	2x2x2x2x2	32	32	0	0	explicit
3s2-1s1__group.3898__Z11	192	2x2x2x2	16	16	0	0	explicit
3s2-1s1__group.3884__Z10	192	2x2x2x2x2	24	24	0	0	explicit
3s1s1s1__min.450__Z41	48	2x2x2x6	32	32	0	0	explicit
3s1s1s1__min.450__Z59	48	2x6	8	8	0	0	explicit
3s1s1s1__min.450__Z29	48	2x6	8	8	0	0	explicit
3s2-1s1__group.3908__Z1	192	2x2x2x2x2	32	32	0	0	explicit
3s1s1s1__min.450__Z66	48	2x2x2x2x2x6	128	128	0	0	explicit
3s2-1s1__group.3884__Z4	192	2x2x2x2x2x2	48	48	0	0	explicit
3s2-1s1__group.3914__Z1	192	2x2x2x2x2x2x2	128	128	0	0	explicit
3s2-1s1__group.3908__Z2	192	2x2x2x2x2	24	24	0	0	explicit
3s2-1s1__group.3898__Z12	192	2x2x2	8	8	0	0	explicit
3s2-1s1__group.3884__Z11	192	2x2x2x2x2	24	24	0	0	explicit
3s1s1s1__min.450__Z6	48	2x2x2x6	32	32	0	0	explicit
3s1s1s1__min.450__Z3	48	2x2x2x2x6	48	48	0	0	explicit
3s2-1s1__group.3908__Z10	192	2x2x2x2x2x2x2	128	128	0	0	explicit
3s1s1s1__min.450__Z67	48	2x2x2x6	32	32	0	0	explicit
3s2-1s1__group.3914__Z19	192	2x2x2	6	6	0	0	explicit
3s2-1s1__group.3914__Z10	192	2x2x2x2x2	32	32	0	0	explicit
3s2-1s1__group.3908__Z3	192	2x2x2x2	16	16	0	0	explicit
3s2-1s1__group.3884__Z5	192	2x2x2	8	8	0	0	explicit
3s2-1s1__group.3898__Z13	192	2x2	4	4	0	0	explicit
3s2-1s1__group.3884__Z12	192	2x2x2	8	8	0	0	explicit
3s1s1s1__min.450__Z30	48	2x2x2x6	32	32	0	0	explicit
3s1s1s1__min.450__Z68	48	2x2x2x6	32	32	0	0	explicit
3s2-1s1__group.3908__Z11	192	2x2x2x2x2x2x2	80	80	0	0	explicit
3s2-1s1__group.3914__Z2	192	2x2x2x2x2	24	24	0	0	explicit
3s2-1s1__group.3908__Z4	192	2x2x2	8	8	0	0	explicit
3s2-1s1__group.3914__Z11	192	2x2x2x2x2	24	24	0	0	explicit
3s2-1s1__group.3898__Z14	192	2x2x2x2	16	16	0	0	explicit
3s1s1s1__min.450__Z31	48	2x2x2x6	32	32	0	0	explicit
3s2-1s1__group.3884__Z6	192	2x2x2x2	16	16	0	0	explicit
3s1s1s1__min.450__Z69	48	2x2x2x6	32	32	0	0	explicit
3s2-1s1__group.3908__Z12	192	2x2x2x2x2	32	32	0	0	explicit
3s2-1s1__group.3908__Z5	192	2x2x2	6	6	0	0	explicit
3s2-1s1__group.3898__Z2	192	2x2x2x2	16	16	0	0	explicit
3s2-1s1__group.3914__Z20	192	2x2x2x2x2	20	24	4	0	explicit
3s2-1s1__group.3931__Z10	192	2x2x2x2	16	16	0	0	explicit
3s2-1s1__group.3884__Z7	192	2x2x2x2x2x2x2	128	128	0	0	explicit
3s2-1s1__group.3914__Z12	192	2x2x2x2	16	16	0	0	explicit
3s1s1s1__min.450__Z32	48	2x6	8	8	0	0	explicit
3s2-1s1__group.3884__Z13	192	2x2x2	6	6	0	0	explicit
3s2-1s1__group.3932__Z3	192	2x2x2x2x4	48	48	0	0	explicit
3s2-1s1__group.3908__Z13	192	2x2x2x2x2	32	32	0	0	explicit
3s2-1s1__group.3908__Z6	192	2x2x2x2	16	16	0	0	explicit
3s2-1s1__group.3931__Z11	192	2x2x2x2	16	16	0	0	explicit
3s2-1s1__group.3884__Z8	192	2x2x2x2x2	32	32	0	0	explicit
3s2-1s1__group.3914__Z13	192	2x2x2x2x2x2x2	128	128	0	0	explicit
3s2-1s1__group.3931__Z7	192	2x2x2x2x2x2x2	128	128	0	0	explicit
3s2-1s1__group.3914__Z21	192	2x2	4	4	0	0	explicit
3s2-1s1__group.3932__Z4	192	2x2x2x2x4	48	48	0	0	explicit
3s2-1s1__group.3898__Z3	192	2x2x2x2x2	32	32	0	0	explicit
3s2-1s1__group.3908__Z7	192	2x2x2x2	16	16	0	0	explicit
3s2-1s1__group.3931__Z12	192	2x2x2	8	8	0	0	explicit
3s2-1s1__group.3914__Z28	192	2x2x2	6	6	0	0	explicit
3s2-1s1__group.3884__Z9	192	2x2x2x2x2	32	32	0	0	explicit
3s2-1s1__group.3914__Z14	192	2x2x2x2x2	32	32	0	0	explicit
3s2-1s1__group.3931__Z8	192	2x2x2x2x2	32	32	0	0	explicit
3s2-1s1__group.3933__Z12	192	2x2x2x2	16	16	0	0	explicit
3s2-1s1__group.3914__Z22	192	2x2x2x2x2x2x2	128	128	0	0	explicit
3s2-1s1__group.3898__Z4	192	2x2x2x2x2	32	32	0	0	explicit
3s2-1s1__group.3932__Z5	192	2x2x2	8	8	0	0	explicit
3s2-1s1__group.3908__Z8	192	2x2	4	4	0	0	explicit
3s2-1s1__group.3931__Z9	192	2x2x2x2x2	32	32	0	0	explicit
3s2-1s1__group.3914__Z15	192	2x2x2x2x2	32	32	0	0	explicit
3s2-1s1__group.3898__Z1	192	2x2x2x2x2x2x2	128	128	0	0	explicit
3s2-1s1__group.3914__Z29	192	2x2x2x2	16	16	0	0	explicit
3s2-1s1__group.3933__Z13	192	2x2x2x2x2x2x2	128	128	0	0	explicit
3s2-1s1__group.3914__Z23	192	2x2x2x2x2	32	32	0	0	explicit
3s2-1s1__group.3932__Z6	192	2x2x2x4	24	24	0	0	explicit
3s2-1s1__group.3908__Z14	192	2x2x2x2x2	24	24	0	0	explicit
3s2-1s1__group.3898__Z5	192	2x2x2	8	8	0	0	explicit
3s2-1s1__group.3908__Z9	192	2x2x2x2	16	16	0	0	explicit
3s2-1s1__group.3932__Z1	192	2x2x2x2x2x4x4	288	320	32	0	explicit
3s2-1s1__group.3914__Z3	192	2x2x2x2x2	32	32	0	0	explicit
3s2-1s1__group.3933__Z14	192	2x2x2x2x2	32	32	0	0	explicit
3s2-1s1__group.3914__Z16	192	2x2x2x2x2	20	24	4	0	explicit
3s2-1s1__group.3931__Z13	192	2x2	4	4	0	0	explicit
3s2-1s1__group.3914__Z24	192	2x2x2x2x2	32	32	0	0	explicit
3s2-1s1__group.3933__Z5	192	2x2x2	8	8	0	0	explicit
3s2-1s1__group.3932__Z7	192	2x2x2x2x2x2x4	192	192	0	0	explicit
3s2-1s1__group.3932__Z10	192	2x2x4x4	36	40	4	0	explicit
3s2-1s1__group.3933__Z15	192	2x2x2x2x2	32	32	0	0	explicit
3s2-1s1__group.3898__Z6	192	2x2x2x2	16	16	0	0	explicit
3s2-1s1__group.3914__Z4	192	2x2x2x2x2	32	32	0	0	explicit
3s2-1s1__group.3933__Z21	192	2x2x2x2x2x2x2	128	128	0	0	explicit
3s2-1s1__group.3914__Z17	192	2x2x2x2x2	24	24	0	0	explicit
3s2-1s1__group.3914__Z25	192	2x2x2x2x2	20	24	4	0	explicit
3s2-1s1__group.3932__Z8	192	2x2x2x2x2	32	32	0	0	explicit
3s2-1s1__group.3933__Z6	192	2x2x2x2	16	16	0	0	explicit
3s2-1s1__group.3933__Z16	192	2x2x2x2	16	16	0	0	explicit
3s2-1s1__group.3932__Z11	192	2x2x4x4	36	40	4	0	explicit
3s2-1s1__group.3914__Z5	192	2x2x2	8	8	0	0	explicit
3s2-1s1__group.3933__Z22	192	2x2x2x2x2	32	32	0	0	explicit
3s2-1s1__group.3914__Z18	192	2x2x2	8	8	0	0	explicit
3s2-1s1__group.3932__Z9	192	2x2x2x2x4	48	48	0	0	explicit
3s2-1s1__group.3908__Z15	192	2x2x2x2x2	24	24	0	0	explicit
3s2-1s1__group.3914__Z26	192	2x2x2x2	16	16	0	0	explicit
3s2-1s1__group.3934__Z14	192	2x2x2x2x2	32	32	0	0	explicit
3s2-1s1__group.3933__Z7	192	2x2x2x2x2x2x2	128	128	0	0	explicit
3s2-1s1__group.3932__Z12	192	2x2x2	8	8	0	0	explicit
3s2-1s1__group.3933__Z17	192	2x2x2x2	16	16	0	0	explicit
3s2-1s1__group.3933__Z23	192	2x2x2x2x2	32	32	0	0	explicit
3s2-1s1__group.3933__Z1	192	2x2x2x2x2x2x2	128	128	0	0	explicit
3s2-1s1__group.3914__Z6	192	2x2x2x2x2	24	24	0	0	explicit
3s2-1s1__group.3931__Z14	192	2x2x2x2	16	16	0	0	explicit
3s2-1s1__group.3914__Z27	192	2x2x2	8	8	0	0	explicit
3s2-1s1__group.3934__Z15	192	2x2x2x2x2	32	32	0	0	explicit
3s2-1s1__group.3933__Z8	192	2x2x2x2	16	16	0	0	explicit
3s2-1s1__group.3932__Z13	192	2x4	6	6	0	0	explicit
3s2-1s1__group.3933__Z18	192	2x2x2	8	8	0	0	explicit
3s2-1s1__group.3934__Z23	192	2x2x2x2x2	32	32	0	0	explicit
3s2-1s1__group.3933__Z24	192	2x2x2x2	16	16	0	0	explicit
3s2-1s1__group.3933__Z10	192	2x2x2x2x2	32	32	0	0	explicit
3s2-1s1__group.3933__Z9	192	2x2x2x2x2	32	32	0	0	explicit
3s2-1s1__group.3914__Z7	192	2x2x2x2x2x2x2	128	128	0	0	explicit
3s2-1s1__group.3933__Z19	192	2x2	4	4	0	0	explicit
3s2-1s1__group.3932__Z14	192	2x2x4x4	36	40	4	0	explicit
3s2-1s1__group.3934__Z24	192	2x2x2x2	16	16	0	0	explicit
3s2-1s1__group.3931__Z2	192	2x2x2x2	16	16	0	0	explicit
3s2-1s1__group.3934__Z16	192	2x2x2x2	16	16	0	0	explicit
3s2-1s1__group.3933__Z25	192	2x2x2x4	24	24	0	0	explicit
3s2-1s1__group.3933__Z11	192	2x2x2	8	8	0	0	explicit
3s2-1s1__group.3934__Z1	192	2x2x2x2x2x2x2	128	128	0	0	explicit
3s2-1s1__group.3932__Z2	192	2x2x2x4	24	24	0	0	explicit
3s2-1s1__group.3933__Z2	192	2x2x2x2	16	16	0	0	explicit
3s2-1s1__group.3914__Z8	192	2x2x2x2x2	24	24	0	0	explicit
3s2-1s1__group.3934__Z25	192	2x2x2x2	16	16	0	0	explicit
3s2-1s1__group.3933__Z26	192	2x2x2	8	8	0	0	explicit
3s2-1s1__group.3931__Z3	192	2x2x2x2x2	32	32	0	0	explicit
3s2-1s1__group.3934__Z17	192	2x2x2x2	16	16	0	0	explicit
3s2-1s1__group.3934__Z7	192	2x2x2x2x2x2x2	128	128	0	0	explicit
3s2-1s1__group.3935__Z3	192	2x2x2x2x2x2	64	64	0	0	explicit
3s2-1s1__group.3934__Z10	192	2x2x2x2x2	32	32	0	0	explicit
3s2-1s1__group.3934__Z26	192	2x2x2	8	8	0	0	explicit
3s2-1s1__group.3931__Z4	192	2x2x2x2x2	32	32	0	0	explicit
3s2-1s1__group.3933__Z27	192	2x4	6	6	0	0	explicit
3s2-1s1__group.3933__Z20	192	2x2x2x2	16	16	0	0	explicit
3s2-1s1__group.3914__Z9	192	2x2x2x2x2	32	32	0	0	explicit
3s2-1s1__group.3934__Z18	192	2x2x2	8	8	0	0	explicit
3s2-1s1__group.3934__Z8	192	2x2x2x2	16	16	0	0	explicit
3s2-1s1__group.3934__Z27	192	2x2	4	4	0	0	explicit
3s2-1s1__group.3934__Z11	192	2x2x2	8	8	0	0	explicit
3s2-1s1__group.3931__Z5	192	2x2x2	8	8	0	0	explicit
3s2-1s1__group.3931__Z1	192	2x2x2x2x2x2x2	128	128	0	0	explicit
3s2-1s1__group.3933__Z28	192	2x2x2x2	16	16	0	0	explicit
3s2-1s1__group.3934__Z19	192	2x2	4	4	0	0	explicit
3s2-1s1__group.3936__Z12	192	2x2x6	16	16	0	0	explicit
3s2-1s1__group.3934__Z9	192	2x2x2x2x2	32	32	0	0	explicit
3s2-1s1__group.3934__Z28	192	2x2x2x2	16	16	0	0	explicit
3s2-1s1__group.3934__Z12	192	2x2x2x2	16	16	0	0	explicit
3s2-1s1__group.3931__Z6	192	2x2x2x2	16	16	0	0	explicit
3s2-1s1__group.3935__Z4	192	2x2x2x2x2x2	64	64	0	0	explicit
3s2-1s1__group.3933__Z3	192	2x2x2x2x2	32	32	0	0	explicit
3s2-1s1__group.3936__Z13	192	2x6	8	8	0	0	explicit
3s2-1s1__group.3935__Z1	192	2x2x2x2x2x2x2x2	256	256	0	0	explicit
3s2-1s1__group.3988__Z8	96	2	2	2	0	0	explicit
3s2-1s1__group.3934__Z3	192	2x2x2x2x2	32	32	0	0	explicit
3s2-1s1__group.3934__Z13	192	2x2x2x2x2x2x2	128	128	0	0	explicit
3s2-1s1__group.3988__Z9	96	2x2	4	4	0	0	explicit
3s2-1s1__group.3933__Z4	192	2x2x2x2x2	32	32	0	0	explicit
3s2-1s1__group.4000__Z4	96	2x2x2x2	16	16	0	0	explicit
3s2-1s1__group.3934__Z2	192	2x2x2x2	16	16	0	0	explicit
3s2-1s1__group.4000__Z1	96	2x2x2x2x4	48	48	0	0	explicit
3s2-1s1__group.3935__Z10	192	2x2x2x2x2	32	32	0	0	explicit
3s2-1s1__group.3934__Z4	192	2x2x2x2x2	32	32	0	0	explicit
3s2-1s1__group.3935__Z5	192	2x2x2x2	16	16	0	0	explicit
3s2-1s1__group.3936__Z14	192	2x2x2x6	32	32	0	0	explicit
3s2-1s1__group.4000__Z5	96	2x2	4	4	0	0	explicit
3s2-1s1__group.3986__Z5	384	2x2x2x2	16	16	0	0	explicit
3s2-1s1__group.4000__Z10	96	2x2x4	12	12	0	0	explicit
3s2-1s1__group.3988__Z14	96	2x2x2	8	8	0	0	explicit
3s2-1s1__group.4000__Z6	96	2x4	6	6	0	0	explicit
3s2-1s1__group.4000__Z11	96	2x2x4	12	12	0	0	explicit
3s2-1s1__group.3935__Z11	192	2x2x2x2x2	32	32	0	0	explicit
3s2-1s1__group.3988__Z15	96	2x2x2	6	6	0	0	explicit
3s2-1s1__group.3934__Z20	192	2x2x2x2	16	16	0	0	explicit
3s2-1s1__group.4000__Z7	96	2x2x2x4	24	24	0	0	explicit
3s2-1s1__group.4000__Z12	96	2x2	4	4	0	0	explicit
3s2-1s1__group.3934__Z5	192	2x2x2	8	8	0	0	explicit
3s2-1s1__group.3936__Z2	192	2x2x2x12	48	56	8	0	explicit
3s2-1s1__group.3988__Z16	96	2x2x2x2	16	16	0	0	explicit
3s2-1s1__group.4000__Z8	96	2x2x2	8	8	0	0	explicit
3s2-1s1__group.4001__Z13	96	2x2x2x2	16	16	0	0	explicit
3s2-1s1__group.3935__Z6	192	2x2x2x2x2	32	32	0	0	explicit
3s2-1s1__group.3988__Z17	96	2x2x2	8	8	0	0	explicit
3s2-1s1__group.3936__Z9	192	2x2x2x2x6	64	64	0	0	explicit
3s2-1s1__group.4000__Z13	96	2x2	4	4	0	0	explicit
3s2-1s1__group.4000__Z9	96	2x2x4	12	12	0	0	explicit
3s2-1s1__group.4001__Z14	96	2x2x2	8	8	0	0	explicit
3s2-1s1__group.3934__Z21	192	2x2x2x2x2x2x2	128	128	0	0	explicit
3s2-1s1__group.3988__Z2	96	2x2x2	8	8	0	0	explicit
3s2-1s1__group.3935__Z12	192	2x2x2x2	16	16	0	0	explicit
3s2-1s1__group.3936__Z3	192	2x2x2x2x6	64	64	0	0	explicit
3s2-1s1__group.4001__Z15	96	2x2x2	8	8	0	0	explicit
3s2-1s1__group.4001__Z1	96	2x2x2x2x2	24	24	0	0	explicit
3s2-1s1__group.3934__Z6	192	2x2x2x2	16	16	0	0	explicit
3s2-1s1__group.3935__Z7	192	2x2x2x2x2x2x2x2	256	256	0	0	explicit
3s2-1s1__group.3988__Z3	96	2x2x2	6	6	0	0	explicit
3s2-1s1__group.4002__Z2	96	2x2x12	24	28	4	0	explicit
3s2-1s1__group.4001__Z10	96	2x2x2x2	12	12	0	0	explicit
3s2-1s1__group.4001__Z16	96	2x2x2	6	6	0	0	explicit
3s2-1s1__group.3986__Z6	384	2x2x2x2x2x2	64	64	0	0	explicit
3s2-1s1__group.3934__Z22	192	2x2x2x2x2	32	32	0	0	explicit
3s2-1s1__group.3988__Z4	96	2x2	4	4	0	0	explicit
3s2-1s1__group.4000__Z14	96	2x2x4	12	12	0	0	explicit
3s2-1s1__group.4001__Z22	96	2x2x2	8	8	0	0	explicit
3s2-1s1__group.4001__Z17	96	2x2x2	6	6	0	0	explicit
3s2-1s1__group.4001__Z11	96	2x2	4	4	0	0	explicit
3s2-1s1__group.4002__Z3	96	2x2x2x6	32	32	0	0	explicit
3s2-1s1__group.3936__Z4	192	2x2x2x2x6	64	64	0	0	explicit
3s2-1s1__group.3935__Z13	192	2x2x2	8	8	0	0	explicit
3s2-1s1__group.3988__Z5	96	2x2	4	4	0	0	explicit
3s2-1s1__group.3935__Z8	192	2x2x2x2x2x2	64	64	0	0	explicit
3s2-1s1__group.4001__Z23	96	2x2x2	8	8	0	0	explicit
3s2-1s1__group.4001__Z18	96	2x2	4	4	0	0	explicit
3s2-1s1__group.4001__Z12	96	2x2	4	4	0	0	explicit
3s2-1s1__group.4002__Z4	96	2x2x2x2x6	48	48	0	0	explicit
3s2-1s1__group.3988__Z6	96	2x2	4	4	0	0	explicit
3s2-1s1__group.4000__Z2	96	2x4	6	6	0	0	explicit
3s2-1s1__group.4001__Z24	96	2x2x2	6	6	0	0	explicit
3s2-1s1__group.4001__Z19	96	2x2	3	3	0	0	explicit
3s2-1s1__group.4002__Z5	96	2x2x6	16	16	0	0	explicit
3s2-1s1__group.3988__Z7	96	2x2x2	6	6	0	0	explicit
3s2-1s1__group.3935__Z9	192	2x2x2x2x2x2	64	64	0	0	explicit
3s2-1s1__group.3936__Z5	192	2x2x6	16	16	0	0	explicit
3s2-1s1__group.4001__Z25	96	2x2x2	8	8	0	0	explicit
3s2-1s1__group.4001__Z2	96	2x2	4	4	0	0	explicit
3s2-1s1__group.4001__Z6	96	2x2	4	4	0	0	explicit
3s2-1s1__group.3935__Z14	192	2x2x2x2x2	32	32	0	0	explicit
3s2-1s1__group.4002__Z6	96	2x2x12	24	28	4	0	explicit
3s2-1s1__group.4001__Z26	96	2x2	4	4	0	0	explicit
3s2-1s1__group.4001__Z7	96	2x2x2x2x2	24	24	0	0	explicit
3s2-1s1__group.4001__Z20	96	2x2x2	6	6	0	0	explicit
3s2-1s1__group.4000__Z3	96	2x2x4	12	12	0	0	explicit
3s2-1s1__group.4002__Z7	96	2x2x2x2x12	96	112	16	0	explicit
3s2-1s1__group.4001__Z27	96	2x2	4	4	0	0	explicit
3s2-1s1__group.4001__Z21	96	2x2x2x2	16	16	0	0	explicit
3s2-1s1__group.3986__Z7	384	2x2x2x2x2x2x2x2x2x2	1024	1024	0	0	explicit
3s2-1s1__group.3936__Z6	192	2x2x2x12	48	56	8	0	explicit
3s2-1s1__group.4009__Z11	96	2x4	6	6	0	0	explicit
3s2-1s1__group.4001__Z8	96	2x2	4	4	0	0	explicit
3s2-1s1__group.4002__Z8	96	2x2x2x12	48	56	8	0	explicit
3s2-1s1__group.3935__Z2	192	2x2x2x2x2	32	32	0	0	explicit
3s2-1s1__group.4001__Z28	96	2x2x2	6	6	0	0	explicit
3s2-1s1__group.4009__Z12	96	2x2	4	4	0	0	explicit
3s2-1s1__group.4002__Z9	96	2x2x2x6	32	32	0	0	explicit
3s2-1s1__group.3936__Z1	192	2x2x2x2x2x2x6	256	256	0	0	explicit
3s2-1s1__group.4001__Z3	96	2x2x2	8	8	0	0	explicit
3s2-1s1__group.4009__Z1	96	2x2x2x2	16	16	0	0	explicit
3s2-1s1__group.4001__Z9	96	2x2x2	8	8	0	0	explicit
3s2-1s1__group.4009__Z13	96	4	3	3	0	0	explicit
3s2-1s1__group.4010__Z4	96	2x2x2	8	8	0	0	explicit
3s2-1s1__group.4001__Z4	96	2x2x2x2	12	12	0	0	explicit
3s2-1s1__group.3936__Z7	192	2x2x2x2x2x2x12	384	448	64	0	explicit
3s2-1s1__group.4009__Z10	96	2x2	4	4	0	0	explicit
3s2-1s1__group.4009__Z14	96	2x2	4	4	0	0	explicit
3s2-1s1__group.4010__Z5	96	2x2	4	4	0	0	explicit
3s2-1s1__group.3936__Z10	192	2x2x2x6	32	32	0	0	explicit
3s2-1s1__group.4001__Z5	96	2x2	4	4	0	0	explicit
3s2-1s1__group.4009__Z2	96	2x2	4	4	0	0	explicit
3s2-1s1__group.4002__Z1	96	2x2x2x2x2x6	96	96	0	0	explicit
3s2-1s1__group.4010__Z6	96	2x2	4	4	0	0	explicit
3s2-1s1__group.3986__Z1	384	2x2x2x2x2x2x2x2x2x2	1024	1024	0	0	explicit
3s2-1s1__group.4009__Z3	96	2x2x2	8	8	0	0	explicit
3s2-1s1__group.3936__Z8	192	2x2x2x2x12	96	112	16	0	explicit
3s2-1s1__group.4011__Z13	96	6	4	4	0	0	explicit
3s2-1s1__group.3986__Z8	384	2x2x2x2x2x2x2	128	128	0	0	explicit
3s2-1s1__group.4009__Z4	96	2x2x2	8	8	0	0	explicit
3s2-1s1__group.3936__Z11	192	2x2x2x6	32	32	0	0	explicit
3s2-1s1__group.4010__Z7	96	2x2x2x2	16	16	0	0	explicit
3s2-1s1__group.4009__Z8	96	2x2x2	8	8	0	0	explicit
3s2-1s1__group.4011__Z14	96	2x6	8	8	0	0	explicit
3s2-1s1__group.4009__Z5	96	2x2	4	4	0	0	explicit
3s2-1s1__group.4002__Z10	96	2x2x2x6	24	24	0	0	explicit
3s2-1s1__group.4010__Z8	96	2x2x2	8	8	0	0	explicit
3s2-1s1__group.4009__Z9	96	2x2x2	8	8	0	0	explicit
3s2-1s1__group.4011__Z2	96	2x12	12	14	2	0	explicit
3s2-1s1__group.4009__Z6	96	2x2	4	4	0	0	explicit
3s2-1s1__group.4010__Z9	96	2x2x2	8	8	0	0	explicit
3s2-1s1__group.4010__Z1	96	2x2x2x2	16	16	0	0	explicit
3s2-1s1__group.4012__Z1	96	2x2x2x4x4	72	80	8	0	explicit
3s2-1s1__group.4011__Z3	96	2x2x6	16	16	0	0	explicit
3s2-1s1__group.4012__Z6	96	2x2x4	12	12	0	0	explicit
3s2-1s1__group.4009__Z7	96	2x2x2x2	16	16	0	0	explicit
3s2-1s1__group.4011__Z1	96	2x2x2x6	32	32	0	0	explicit
3s2-1s1__group.4023__Z15	96	2x2x2x2	12	12	0	0	explicit
3s2-1s1__group.4010__Z10	96	2x2	4	4	0	0	explicit
3s2-1s1__group.4002__Z11	96	2x2x2x6	24	24	0	0	explicit
3s2-1s1__group.4011__Z4	96	2x2x6	16	16	0	0	explicit
3s2-1s1__group.4012__Z10	96	2x4x4	18	20	2	0	explicit
3s2-1s1__group.4023__Z9	96	2x2x2	8	8	0	0	explicit
3s2-1s1__group.4011__Z10	96	2x6	8	8	0	0	explicit
3s2-1s1__group.4023__Z16	96	2x2x2x2x2	32	32	0	0	explicit
3s2-1s1__group.4012__Z7	96	2x2x2x2x4	48	48	0	0	explicit
3s2-1s1__group.3986__Z9	384	2x2x2x2x2x2x2	128	128	0	0	explicit
3s2-1s1__group.3986__Z10	384	2x2x2x2x2x2	64	64	0	0	explicit
3s2-1s1__group.4010__Z11	96	2x2	4	4	0	0	explicit
3s2-1s1__group.4012__Z11	96	2x4x4	18	20	2	0	explicit
3s2-1s1__group.4024__Z1	96	2x2x12	24	24	0	0	explicit
3s2-1s1__group.4011__Z5	96	2x6	8	8	0	0	explicit
3s2-1s1__group.4024__Z2	96	2x2x12	24	24	0	0	explicit
3s2-1s1__group.4011__Z11	96	2x6	8	8	0	0	explicit
3s2-1s1__group.4023__Z17	96	2x2x2x2	16	16	0	0	explicit
3s2-1s1__group.3988__Z1	96	2x2x2	8	8	0	0	explicit
3s2-1s1__group.4012__Z8	96	2x2x2x2	16	16	0	0	explicit
3s2-1s1__group.4010__Z12	96	2x2	4	4	0	0	explicit
3s2-1s1__group.4012__Z12	96	2x2x2	8	8	0	0	explicit
3s2-1s1__group.4024__Z10	96	2x2x4x12	72	80	8	0	explicit
3s2-1s1__group.4011__Z6	96	2x12	12	14	2	0	explicit
3s2-1s1__group.4002__Z12	96	2x2x6	16	16	0	0	explicit
3s2-1s1__group.4011__Z12	96	2x6	8	8	0	0	explicit
3s2-1s1__group.4024__Z3	96	4x12	18	20	2	0	explicit
3s2-1s1__group.4023__Z2	96	2x2x2x2	12	12	0	0	explicit
3s2-1s1__group.3988__Z10	96	2x2x2x2x2	24	24	0	0	explicit
3s2-1s1__group.4012__Z9	96	2x2x2x4	24	24	0	0	explicit
3s2-1s1__group.4010__Z13	96	2	2	2	0	0	explicit
3s2-1s1__group.4012__Z13	96	2x4	6	6	0	0	explicit
3s2-1s1__group.4023__Z3	96	2x2x2	8	8	0	0	explicit
3s2-1s1__group.4024__Z4	96	2x6	8	8	0	0	explicit
3s2-1s1__group.4024__Z11	96	2x2x2x12	40	44	4	0	explicit
3s2-1s1__group.4011__Z7	96	2x2x2x12	48	56	8	0	explicit
3s2-1s1__group.3988__Z11	96	2x2x2x2	12	12	0	0	explicit
3s2-1s1__group.4023__Z1	96	2x2x2x2	16	16	0	0	explicit
3s2-1s1__group.4023__Z4	96	2x2x2	8	8	0	0	explicit
3s2-1s1__group.4010__Z14	96	2x2	4	4	0	0	explicit
3s2-1s1__group.4024__Z5	96	2x6	8	8	0	0	explicit
3s2-1s1__group.4012__Z14	96	2x4x4	18	20	2	0	explicit
3s2-1s1__group.4011__Z8	96	2x2x12	24	28	4	0	explicit
3s2-1s1__group.3988__Z12	96	2x2x2	8	8	0	0	explicit
3s2-1s1__group.4023__Z10	96	2x2x2x2x2	32	32	0	0	explicit
3s2-1s1__group.4024__Z12	96	2x2x12	24	24	0	0	explicit
3s2-1s1__group.4023__Z5	96	2x2x2	6	6	0	0	explicit
3s2-1s1__group.4010__Z2	96	2x2	4	4	0	0	explicit
3s2-1s1__group.4011__Z9	96	2x2x6	16	16	0	0	explicit
3s2-1s1__group.3988__Z13	96	2x2x2x2	12	12	0	0	explicit
3s2-1s1__group.4012__Z2	96	2x2x4	12	12	0	0	explicit
3s2-1s1__group.4002__Z13	96	2x2x6	12	12	0	0	explicit
3s2-1s1__group.4024__Z13	96	2x2x12	24	24	0	0	explicit
3s2-1s1__group.4023__Z11	96	2x2x2x2x2	20	20	0	0	explicit
3s2-1s1__group.4023__Z6	96	2x2x2	8	8	0	0	explicit
3s2-1s1__group.4010__Z3	96	2x2x2	8	8	0	0	explicit
3s2-1s1__group.4012__Z3	96	2x2x2x4	24	24	0	0	explicit
3s2-1s1__group.4024__Z6	96	2x12	12	14	2	0	explicit
3s2-1s1__group.4023__Z7	96	2x2x2	8	8	0	0	explicit
3s2-1s1__group.4023__Z12	96	2x2x2x2	16	16	0	0	explicit
3s2-1s1__group.3986__Z11	384	2x2x2x2x2x2	64	64	0	0	explicit
3s2-1s1__group.4024__Z14	96	2x2x6	16	16	0	0	explicit
3s2-1s1__group.4002__Z14	96	2x2x2x6	24	24	0	0	explicit
3s2-1s1__group.4012__Z4	96	2x2x2x4	24	24	0	0	explicit
3s2-1s1__group.4023__Z8	96	2x2	4	4	0	0	explicit
3s2-1s1__group.4023__Z13	96	2x2x2x2	16	16	0	0	explicit
3s2-1s1__group.4024__Z7	96	4x12	18	20	2	0	explicit
3s2-1s1__group.4012__Z5	96	2x2x2	8	8	0	0	explicit
3s2-1s1__group.4027__Z3	96	2x2	4	4	0	0	explicit
3s2-1s1__group.4023__Z14	96	2x2x2x2	12	12	0	0	explicit
3s2-1s1__group.4024__Z15	96	2x2x12	20	22	2	0	explicit
3s2-1s1__group.4024__Z8	96	6	4	4	0	0	explicit
3s2-1s1__group.4027__Z11	96	2x2x2	6	6	0	0	explicit
3s2-1s1__group.4024__Z16	96	2x2x4x12	72	84	12	0	explicit
3s2-1s1__group.4027__Z30	96	2x2x2	6	6	0	0	explicit
3s2-1s1__group.4027__Z20	96	2x2x2x2	12	12	0	0	explicit
3s2-1s1__group.4024__Z9	96	2x12	12	14	2	0	explicit
3s2-1s1__group.4027__Z31	96	2x2x2x2	16	16	0	0	explicit
3s2-1s1__group.4024__Z17	96	2x2x12	24	28	4	0	explicit
3s2-1s1__group.4027__Z1	96	2x2x2	8	8	0	0	explicit
3s2-1s1__group.4027__Z32	96	2x2x2	8	8	0	0	explicit
3s2-1s1__group.4027__Z10	96	2x2x2	8	8	0	0	explicit
3s2-1s1__group.4027__Z12	96	2x4	6	6	0	0	explicit
3s2-1s1__group.3986__Z12	384	2x2x2x2	16	16	0	0	explicit
3s2-1s1__group.4032__Z26	96	4x4	9	10	1	0	explicit
3s2-1s1__group.4032__Z17	96	2x2x4	12	12	0	0	explicit
3s2-1s1__group.4027__Z21	96	2x2x2	8	8	0	0	explicit
3s2-1s1__group.4032__Z27	96	2x2	4	4	0	0	explicit
3s2-1s1__group.4027__Z33	96	2x2x2x2	16	16	0	0	explicit
3s2-1s1__group.4033__Z18	96	2x2	4	4	0	0	explicit
3s2-1s1__group.4032__Z18	96	2x2	4	4	0	0	explicit
3s2-1s1__group.4032__Z9	96	2x2x4	12	12	0	0	explicit
3s2-1s1__group.4027__Z13	96	2x2	4	4	0	0	explicit
3s2-1s1__group.4033__Z27	96	2x2	4	4	0	0	explicit
3s2-1s1__group.4032__Z28	96	2x2	4	4	0	0	explicit
3s2-1s1__group.4033__Z1	96	2x2x2x2	16	16	0	0	explicit
3s2-1s1__group.4033__Z19	96	2x2	4	4	0	0	explicit
3s2-1s1__group.4032__Z19	96	2x2	4	4	0	0	explicit
3s2-1s1__group.4027__Z22	96	2x2x2	8	8	0	0	explicit
3s2-1s1__group.4033__Z28	96	2x2	3	3	0	0	explicit
3s2-1s1__group.4032__Z29	96	4x4	9	10	1	0	explicit
3s2-1s1__group.4033__Z10	96	2x2x2	8	8	0	0	explicit
3s2-1s1__group.4034__Z1	96	2x2x2x2x2	32	32	0	0	explicit
3s2-1s1__group.4033__Z2	96	2x2x2	6	6	0	0	explicit
3s2-1s1__group.4027__Z34	96	2x2x2	8	8	0	0	explicit
3s2-1s1__group.4034__Z19	96	2x2x2	6	6	0	0	explicit
3s2-1s1__group.4032__Z2	96	2x2x2	8	8	0	0	explicit
3s2-1s1__group.4033__Z29	96	2x2	4	4	0	0	explicit
3s2-1s1__group.4032__Z3	96	2x2x4	12	12	0	0	explicit
3s2-1s1__group.4033__Z11	96	2x2x2	6	6	0	0	explicit
3s2-1s1__group.4027__Z14	96	2x2	4	4	0	0	explicit
3s2-1s1__group.4034__Z10	96	2x2x2x2	16	16	0	0	explicit
3s2-1s1__group.4034__Z28	96	2x2x2	6	6	0	0	explicit
3s2-1s1__group.4033__Z20	96	2x2x2	6	6	0	0	explicit
3s2-1s1__group.4034__Z2	96	2x2x2x2	12	12	0	0	explicit
3s2-1s1__group.4032__Z20	96	2x2x4	10	12	2	0	explicit
3s2-1s1__group.4032__Z4	96	2x2x4	12	12	0	0	explicit
3s2-1s1__group.4033__Z3	96	2x2x2	8	8	0	0	explicit
3s2-1s1__group.4033__Z12	96	2x2	4	4	0	0	explicit
3s2-1s1__group.4027__Z8	96	2	2	2	0	0	explicit
3s2-1s1__group.4027__Z4	96	2x2	4	4	0	0	explicit
3s2-1s1__group.4034__Z11	96	2x2x2x2	12	12	0	0	explicit
3s2-1s1__group.4034__Z29	96	2x2x2	8	8	0	0	explicit
3s2-1s1__group.4034__Z20	96	2x2x2x2	10	12	2	0	explicit
3s2-1s1__group.4033__Z21	96	2	2	2	0	0	explicit
3s2-1s1__group.4035__Z10	96	2x2x12	20	22	2	0	explicit
3s2-1s1__group.4027__Z23	96	2x2x2	6	6	0	0	explicit
3s2-1s1__group.4033__Z4	96	2x2x2	8	8	0	0	explicit
3s2-1s1__group.4032__Z5	96	2x2	4	4	0	0	explicit
3s2-1s1__group.4033__Z13	96	2x2x2x2	16	16	0	0	explicit
3s2-1s1__group.4027__Z15	96	2x2	4	4	0	0	explicit
3s2-1s1__group.4032__Z21	96	2	2	2	0	0	explicit
3s2-1s1__group.4033__Z22	96	2x2x2x2	16	16	0	0	explicit
3s2-1s1__group.3986__Z13	384	2x2x2	8	8	0	0	explicit
3s2-1s1__group.4034__Z3	96	2x2x2x2	16	16	0	0	explicit
3s2-1s1__group.4035__Z11	96	2x2x6	16	16	0	0	explicit
3s2-1s1__group.4033__Z14	96	2x2x2	8	8	0	0	explicit
3s2-1s1__group.4033__Z5	96	2x2	4	4	0	0	explicit
3s2-1s1__group.4032__Z6	96	2x2x2	8	8	0	0	explicit
3s2-1s1__group.4027__Z24	96	2x2x2	8	8	0	0	explicit
3s2-1s1__group.4034__Z12	96	2x2x2	8	8	0	0	explicit
3s2-1s1__group.4032__Z22	96	2x2x2x4	24	24	0	0	explicit
3s2-1s1__group.4027__Z9	96	2x2	4	4	0	0	explicit
3s2-1s1__group.4033__Z23	96	2x2x2	8	8	0	0	explicit
3s2-1s1__group.4034__Z21	96	2x2	4	4	0	0	explicit
3s2-1s1__group.4033__Z15	96	2x2x2	8	8	0	0	explicit
3s2-1s1__group.4034__Z4	96	2x2x2x2	16	16	0	0	explicit
3s2-1s1__group.4027__Z5	96	2x2	3	3	0	0	explicit
3s2-1s1__group.4032__Z7	96	2x2x4x4	36	40	4	0	explicit
3s2-1s1__group.4027__Z25	96	2x2x2x2	16	16	0	0	explicit
3s2-1s1__group.4035__Z12	96	2x12	12	14	2	0	explicit
3s2-1s1__group.4034__Z13	96	2x2x2x2x2	32	32	0	0	explicit
3s2-1s1__group.4032__Z23	96	2x2x2	8	8	0	0	explicit
3s2-1s1__group.4033__Z6	96	2x2x2	6	6	0	0	explicit
3s2-1s1__group.4033__Z24	96	2x2x2	8	8	0	0	explicit
3s2-1s1__group.4032__Z1	96	2x2x4x4	36	40	4	0	explicit
3s2-1s1__group.4027__Z16	96	2x4	5	5	0	0	explicit
3s2-1s1__group.4032__Z8	96	2x2x2	8	8	0	0	explicit
3s2-1s1__group.4034__Z5	96	2x2x2	8	8	0	0	explicit
3s2-1s1__group.4034__Z22	96	2x2x2x2x2	32	32	0	0	explicit
3s2-1s1__group.4027__Z26	96	2x2x2x2	12	12	0	0	explicit
3s2-1s1__group.4034__Z14	96	2x2x2x2	16	16	0	0	explicit
3s2-1s1__group.4032__Z24	96	2x2x4	12	12	0	0	explicit
3s2-1s1__group.4032__Z10	96	2x2x4	12	12	0	0	explicit
3s2-1s1__group.4033__Z25	96	2x2x2	6	6	0	0	explicit
3s2-1s1__group.4034__Z23	96	2x2x2x2	16	16	0	0	explicit
3s2-1s1__group.4033__Z16	96	2x2x2	6	6	0	0	explicit
3s2-1s1__group.4034__Z15	96	2x2x2x2	16	16	0	0	explicit
3s2-1s1__group.4027__Z6	96	2x2	4	4	0	0	explicit
3s2-1s1__group.4027__Z17	96	2	2	2	0	0	explicit
3s2-1s1__group.4032__Z25	96	2x2x4	10	12	2	0	explicit
3s2-1s1__group.4027__Z27	96	2x2x2	8	8	0	0	explicit
3s2-1s1__group.4034__Z6	96	2x2x2x2	12	12	0	0	explicit
3s2-1s1__group.4033__Z7	96	2x2x2x2	16	16	0	0	explicit
3s2-1s1__group.4032__Z11	96	2x2x2	8	8	0	0	explicit
3s2-1s1__group.4033__Z26	96	2x2	4	4	0	0	explicit
3s2-1s1__group.4035__Z13	96	2x2x2x12	48	56	8	0	explicit
3s2-1s1__group.4034__Z24	96	2x2x2x2	16	16	0	0	explicit
3s2-1s1__group.4033__Z17	96	2x2x2	8	8	0	0	explicit
3s2-1s1__group.4034__Z16	96	2x2x2x2	10	12	2	0	explicit
3s2-1s1__group.4027__Z18	96	2x2	4	4	0	0	explicit
3s2-1s1__group.4034__Z7	96	2x2x2x2x2	32	32	0	0	explicit
3s2-1s1__group.4033__Z8	96	2x2x2	6	6	0	0	explicit
3s2-1s1__group.4032__Z12	96	2x4	6	6	0	0	explicit
3s2-1s1__group.4034__Z25	96	2x2x2x2	10	12	2	0	explicit
3s2-1s1__group.4034__Z17	96	2x2x2x2	12	12	0	0	explicit
3s2-1s1__group.4027__Z19	96	2x2x2x2	16	16	0	0	explicit
3s2-1s1__group.4027__Z7	96	2x2	4	4	0	0	explicit
3s2-1s1__group.4034__Z8	96	2x2x2x2	12	12	0	0	explicit
3s2-1s1__group.4033__Z9	96	2x2x2	8	8	0	0	explicit
3s2-1s1__group.4032__Z13	96	2x2x2x4	24	24	0	0	explicit
3s2-1s1__group.4034__Z26	96	2x2x2	8	8	0	0	explicit
3s2-1s1__group.4034__Z18	96	2x2x2	8	8	0	0	explicit
3s2-1s1__group.4027__Z28	96	2x2x2	8	8	0	0	explicit
3s2-1s1__group.4035__Z14	96	2x2x12	24	28	4	0	explicit
3s2-1s1__group.4027__Z2	96	2x2x2	6	6	0	0	explicit
3s2-1s1__group.4034__Z9	96	2x2x2x2	16	16	0	0	explicit
3s2-1s1__group.4032__Z14	96	2x2x2	8	8	0	0	explicit
3s2-1s1__group.4034__Z27	96	2x2x2	8	8	0	0	explicit
3s2-1s1__group.4035__Z15	96	2x2x6	16	16	0	0	explicit
3s2-1s1__group.3986__Z14	384	2x2x2x2x2x2	64	64	0	0	explicit
3s2-1s1__group.4035__Z1	96	2x2x2x12	40	44	4	0	explicit
3s2-1s1__group.4032__Z15	96	2x2x4	12	12	0	0	explicit
3s2-1s1__group.4027__Z29	96	2x2x2	8	8	0	0	explicit
3s2-1s1__group.4035__Z16	96	2x2x6	12	12	0	0	explicit
3s2-1s1__group.4032__Z16	96	2x2x4	10	12	2	0	explicit
3s2-1s1__group.4035__Z17	96	2x2x6	12	12	0	0	explicit
3s2-1s1__group.4035__Z2	96	2x2x6	16	16	0	0	explicit
3s2-1s1__group.4035__Z18	96	2x6	8	8	0	0	explicit
3s2-1s1__group.4035__Z20	96	2x2x6	12	12	0	0	explicit
3s2-1s1__group.4035__Z19	96	2x6	6	6	0	0	explicit
3s2-1s1__group.4035__Z29	96	2x12	10	11	1	0	explicit
3s2-1s1__group.4051__Z11	96	2x2x2	6	6	0	0	explicit
3s2-1s1__group.4051__Z7	96	2x2x2x2	16	16	0	0	explicit
3s2-1s1__group.4035__Z3	96	2x2x6	16	16	0	0	explicit
3s2-1s1__group.4035__Z21	96	6	4	4	0	0	explicit
3s2-1s1__group.4051__Z12	96	2x2	4	4	0	0	explicit
3s2-1s1__group.4051__Z8	96	2x2x2	8	8	0	0	explicit
3s2-1s1__group.3986__Z2	384	2x2x2x2x2x2	64	64	0	0	explicit
3s2-1s1__min.455__Z16	48	6	4	4	0	0	explicit
3s2-1s1__group.4035__Z4	96	2x2x12	20	22	2	0	explicit
3s2-1s1__group.4035__Z22	96	2x2x2x12	48	56	8	0	explicit
3s2-1s1__group.4051__Z13	96	2x2	4	4	0	0	explicit
3s2-1s1__group.4051__Z9	96	2x2x2	8	8	0	0	explicit
3s2-1s1__min.455__Z17	48	12	6	7	1	0	explicit
3s2-1s1__group.4035__Z5	96	2x6	8	8	0	0	explicit
3s2-1s1__group.4035__Z23	96	2x2x12	24	28	4	0	explicit
3s2-1s1__min.456__Z3	48	2	2	2	0	0	explicit
3s2-1s1__group.4051__Z14	96	2x2x2	5	6	1	0	explicit
3s2-1s1__min.461__Z12	48	2x2	4	4	0	0	explicit
3s2-1s1__min.455__Z2	48	2x12	10	11	1	0	explicit
3s2-1s1__group.4035__Z24	96	2x2x6	16	16	0	0	explicit
3s2-1s1__group.4035__Z6	96	2x2x6	16	16	0	0	explicit
3s2-1s1__min.461__Z8	48	2x2	4	4	0	0	explicit
3s2-1s1__min.461__Z13	48	2x2	4	4	0	0	explicit
3s2-1s1__min.455__Z3	48	2x12	12	12	0	0	explicit
3s2-1s1__group.4051__Z15	96	2	2	2	0	0	explicit
3s2-1s1__group.4035__Z25	96	2x2x6	12	12	0	0	explicit
3s2-1s1__min.461__Z9	48	2x4	6	6	0	0	explicit
3s2-1s1__group.4035__Z7	96	2x2x2x12	40	44	4	0	explicit
3s2-1s1__min.456__Z4	48	2x2	3	3	0	0	explicit
3s2-1s1__min.455__Z4	48	2x2x6	16	16	0	0	explicit
3s2-1s1__min.461__Z14	48	2x4	5	6	1	0	explicit
3s2-2s1__group.4053__Z4	144	2x2x2x2	12	12	0	0	explicit
3s2-1s1__min.462__Z1	48	12	6	7	1	0	explicit
3s2-1s1__group.4051__Z2	96	2x2x2	8	8	0	0	explicit
3s2-1s1__group.4035__Z26	96	2x12	12	12	0	0	explicit
3s2-1s1__group.4035__Z8	96	2x2x6	16	16	0	0	explicit
3s2-1s1__min.455__Z5	48	2x6	8	8	0	0	explicit
3s2-2s1__group.4076__Z3	144	2x6	8	8	0	0	explicit
3s2-1s1__min.462__Z10	48	6	4	4	0	0	explicit
3s2-1s1__min.461__Z15	48	2	2	2	0	0	explicit
3s2-1s1__min.462__Z3	48	6	4	4	0	0	explicit
3s2-1s1__group.4035__Z27	96	2x6	8	8	0	0	explicit
3s2-1s1__min.455__Z1	48	2x2x12	24	24	0	0	explicit
3s2-1s1__group.4051__Z3	96	2x2x2	8	8	0	0	explicit
3s2-1s1__group.4035__Z9	96	2x2x6	16	16	0	0	explicit
3s2-1s1__min.462__Z11	48	6	4	4	0	0	explicit
3s2-1s1__min.456__Z5	48	2	2	2	0	0	explicit
3s2-1s1__min.455__Z6	48	2x12	10	11	1	0	explicit
3s2-2s1__group.4076__Z4	144	6	4	4	0	0	explicit
3s2-1s1__min.461__Z2	48	2x2	4	4	0	0	explicit
3s2-1s1__min.462__Z4	48	12	6	7	1	0	explicit
3s2-1s1__min.456__Z1	48	2x2	3	3	0	0	explicit
3s2-1s1__min.455__Z10	48	2x12	12	12	0	0	explicit
3s2-2s1__group.4053__Z5	144	2x2x2	6	6	0	0	explicit
3s2-1s1__group.3986__Z3	384	2x2x2x2x2x2x2	128	128	0	0	explicit
3s2-1s1__group.4035__Z28	96	2x6	8	8	0	0	explicit
3s2-1s1__min.462__Z12	48	6	4	4	0	0	explicit
3s2-1s1__group.4051__Z1	96	2x2x2x2	16	16	0	0	explicit
3s2-1s1__min.455__Z7	48	4x12	18	21	3	0	explicit
3s2-1s1__min.462__Z5	48	6	4	4	0	0	explicit
3s2-2s1__group.4076__Z5	144	2x2x6	16	16	0	0	explicit
3s2-1s1__min.461__Z3	48	2x4	6	6	0	0	explicit
3s2-1s1__min.455__Z11	48	2x12	12	12	0	0	explicit
3s2-1s1__group.4051__Z4	96	2x2x2	8	8	0	0	explicit
3s2-2s1__group.4053__Z6	144	2x2x2	8	8	0	0	explicit
3s2-1s1__min.462__Z13	48	6	4	4	0	0	explicit
3s2-1s1__min.455__Z8	48	2x12	12	14	2	0	explicit
3s2-1s1__group.4051__Z10	96	2x2x2	6	8	2	0	explicit
3s2-1s1__min.461__Z4	48	2x4	6	6	0	0	explicit
3s2-1s1__min.462__Z6	48	6	4	4	0	0	explicit
3s2-1s1__min.455__Z12	48	2x6	8	8	0	0	explicit
3s2-2s1__group.4077__Z1	144	2x2x2	8	8	0	0	explicit
3s2-1s1__min.456__Z6	48	2	2	2	0	0	explicit
3s2-1s1__min.455__Z9	48	2x12	12	12	0	0	explicit
3s2-1s1__min.456__Z10	48	2	2	2	0	0	explicit
3s2-2s1__group.4070__Z1	144	2x2x2	8	8	0	0	explicit
3s2-1s1__min.462__Z14	48	6	4	4	0	0	explicit
3s2-1s1__group.4051__Z5	96	2x2x2	8	8	0	0	explicit
3s2-1s1__min.462__Z7	48	12	6	7	1	0	explicit
3s2-1s1__min.461__Z5	48	2x2	4	4	0	0	explicit
3s2-1s1__min.455__Z13	48	2x6	8	8	0	0	explicit
3s2-2s1__group.4077__Z2	144	2	2	2	0	0	explicit
3s2-1s1__min.462__Z8	48	12	6	7	1	0	explicit
3s2-1s1__min.456__Z11	48	2	2	2	0	0	explicit
3s2-2s1__group.4070__Z10	144	2x2x2	8	8	0	0	explicit
3s2-1s1__min.462__Z15	48	3	2	2	0	0	explicit
3s2-1s1__min.455__Z14	48	12	6	7	1	0	explicit
3s2-1s1__min.456__Z7	48	2	2	2	0	0	explicit
3s2-1s1__min.461__Z6	48	2x2	4	4	0	0	explicit
3s2-2s1__group.4070__Z7	144	2x2	4	4	0	0	explicit
3s2-2s1__group.4077__Z3	144	2x2	4	4	0	0	explicit
3s2-1s1__min.462__Z9	48	6	4	4	0	0	explicit
3s2-1s1__group.4051__Z6	96	2x2x2	6	6	0	0	explicit
3s2-1s1__min.456__Z12	48	2	2	2	0	0	explicit
3s2-1s1__min.462__Z2	48	6	4	4	0	0	explicit
3s2-2s1__group.4070__Z2	144	2	2	2	0	0	explicit
3s2-1s1__min.461__Z7	48	2x4	6	6	0	0	explicit
3s2-1s1__min.455__Z15	48	2x12	12	12	0	0	explicit
3s2-2s1__group.4077__Z4	144	2	2	2	0	0	explicit
3s2-2s1__group.4053__Z1	144	2x2	4	4	0	0	explicit
3s2-1s1__min.456__Z8	48	2	2	2	0	0	explicit
3s2-1s1__min.456__Z13	48	2	2	2	0	0	explicit
3s2-2s1__group.4070__Z3	144	2x2x2	8	8	0	0	explicit
3s2-1s1__min.456__Z14	48	1	1	1	0	0	trivial
3s2-2s1__group.4070__Z8	144	2	2	2	0	0	explicit
3s2-2s1__group.4077__Z5	144	2x2x2	8	8	0	0	explicit
3s2-2s1__group.4053__Z2	144	2x2	4	4	0	0	explicit
3s2-1s1__min.456__Z9	48	2	2	2	0	0	explicit
3s2-1s1__min.456__Z15	48	2	2	2	0	0	explicit
3s2-1s1__group.3986__Z4	384	2x2x2x2x2x2x2	128	128	0	0	explicit
3s2-2s1__group.4070__Z4	144	2	2	2	0	0	explicit
3s2-1s1__min.461__Z1	48	4x4	9	10	1	0	explicit
3s2-2s1__group.4078__Z1	144	2x2x2	8	8	0	0	explicit
3s2-1s1__min.456__Z16	48	1	1	1	0	0	trivial
3s2-2s1__group.4070__Z9	144	2x2x2	8	8	0	0	explicit
3s2-2s1__group.4053__Z3	144	2	2	2	0	0	explicit
3s2-1s1__min.456__Z17	48	1	1	1	0	0	trivial
3s2-1s1__min.461__Z10	48	2x4	5	6	1	0	explicit
3s2-2s1__group.4070__Z5	144	2x2	4	4	0	0	explicit
3s2-2s1__group.4078__Z2	144	2	2	2	0	0	explicit
3s2-1s1__min.456__Z2	48	2	2	2	0	0	explicit
3s2-2s1__group.4075__Z1	144	2x2x2x12	48	56	8	0	explicit
3s2-1s1__min.461__Z11	48	2x4	6	6	0	0	explicit
3s2-2s1__group.4070__Z6	144	2	2	2	0	0	explicit
3s2-2s1__group.4075__Z2	144	2x6	8	8	0	0	explicit
3s2-2s1__group.4078__Z3	144	2x2	4	4	0	0	explicit
3s2-2s1__group.4075__Z3	144	2x2x6	16	16	0	0	explicit
3s2-2s1__group.4078__Z4	144	2	2	2	0	0	explicit
3s2-2s1__group.4096__Z7	144	2x2	4	4	0	0	explicit
3s2-2s1__group.4075__Z4	144	2x12	12	14	2	0	explicit
3s2-2s1__group.4078__Z5	144	2x2x2	8	8	0	0	explicit
3s2-2s1__group.4075__Z5	144	2x2x2x6	32	32	0	0	explicit
3s2-2s1__group.4096__Z8	144	2x2	3	3	0	0	explicit
3s2-2s1__group.4079__Z1	144	2x2x6	16	16	0	0	explicit
3s2-2s1__group.4096__Z11	144	2x2x2x2	12	12	0	0	explicit
3s2-2s1__group.4076__Z1	144	2x2x6	16	16	0	0	explicit
3s2-2s1__group.4096__Z9	144	2x2x2	8	8	0	0	explicit
3s2-2s1__group.4079__Z2	144	6	4	4	0	0	explicit
3s2-2s1__group.4102__Z3	144	2x6	8	8	0	0	explicit
3s2-2s1__group.4103__Z7	144	2	2	2	0	0	explicit
3s2-2s1__group.4076__Z2	144	6	4	4	0	0	explicit
3s2-2s1__group.4101__Z1	144	2x2x2x2x6	48	48	0	0	explicit
3s2-2s1__group.4079__Z3	144	2x6	8	8	0	0	explicit
3s2-2s1__group.4103__Z8	144	2x2	4	4	0	0	explicit
3s2-2s1__group.4102__Z4	144	2x6	8	8	0	0	explicit
3s2-2s1__group.4108__Z9	144	2	2	2	0	0	explicit
3s2-2s1__group.4096__Z12	144	2	2	2	0	0	explicit
3s2-2s1__group.4116__Z14	144	6	4	4	0	0	explicit
3s2-2s1__group.4101__Z2	144	2x6	8	8	0	0	explicit
3s2-2s1__group.4115__Z5	144	2x2x2	6	6	0	0	explicit
3s2-2s1__group.4079__Z4	144	6	4	4	0	0	explicit
3s2-2s1__group.4103__Z9	144	2x2	3	3	0	0	explicit
3s2-2s1__group.4108__Z16	144	2x2x2	6	6	0	0	explicit
3s2-2s1__group.4113__Z4	144	2x6x12	48	56	8	0	explicit
3s2-2s1__group.4096__Z13	144	2x2	4	4	0	0	explicit
3s2-2s1__group.4112__Z1	144	2x2x2	8	8	0	0	explicit
3s2-2s1__group.4116__Z15	144	2x2x6	16	16	0	0	explicit
3s2-2s1__group.4101__Z3	144	2x2x6	16	16	0	0	explicit
3s2-2s1__group.4102__Z5	144	2x2x6	16	16	0	0	explicit
3s2-2s1__group.4079__Z5	144	2x2x6	16	16	0	0	explicit
3s2-2s1__group.4096__Z14	144	2x2	3	3	0	0	explicit
3s2-2s1__group.4115__Z6	144	2x6	8	8	0	0	explicit
3s2-2s1__group.4101__Z4	144	2x2x6	12	12	0	0	explicit
3s2-2s1__group.4116__Z2	144	12	6	7	1	0	explicit
3s2-2s1__group.4108__Z1	144	2x2	4	4	0	0	explicit
3s2-2s1__group.4112__Z2	144	2x2x2	6	6	0	0	explicit
3s2-2s1__group.4096__Z15	144	2x2x2	8	8	0	0	explicit
3s2-2s1__group.4101__Z5	144	2x2x2x6	32	32	0	0	explicit
3s2-2s1__group.4116__Z3	144	2x2	4	4	0	0	explicit
3s2-2s1__group.4125__Z5	144	2x2x2	8	8	0	0	explicit
3s2-2s1__group.4115__Z7	144	2x6	6	6	0	0	explicit
3s2-2s1__group.4096__Z1	144	2x2x2x2	12	12	0	0	explicit
3s2-2s1__group.4096__Z2	144	2	2	2	0	0	explicit
3s2-2s1__group.4102__Z1	144	2x2x2x6	32	32	0	0	explicit
3s2-2s1__group.4125__Z1	144	2x2x2	8	8	0	0	explicit
3s2-2s1__group.4116__Z4	144	4	3	3	0	0	explicit
3s2-2s1__group.4112__Z3	144	2x2	4	4	0	0	explicit
3s2-2s1__group.4108__Z10	144	2x2	3	3	0	0	explicit
3s2-2s1__group.4125__Z6	144	2x2	4	4	0	0	explicit
3s2-2s1__group.4108__Z17	144	2x2x2	8	8	0	0	explicit
3s2-2s1__group.4102__Z2	144	6	4	4	0	0	explicit
3s2-2s1__group.4113__Z5	144	2x6x6	24	26	2	0	explicit
3s2-2s1__group.4103__Z1	144	2x2x2x6	24	24	0	0	explicit
3s2-2s1__group.4115__Z8	144	6	4	4	0	0	explicit
3s2-2s1__group.4125__Z10	144	2x2x2x2	16	16	0	0	explicit
3s2-2s1__group.4096__Z3	144	2x2x2x2	12	12	0	0	explicit
3s2-2s1__group.4096__Z10	144	2x2x2	8	8	0	0	explicit
3s2-2s1__group.4116__Z5	144	2x2x12	24	28	4	0	explicit
3s2-2s1__group.4112__Z4	144	2x2x2x2	16	16	0	0	explicit
3s2-2s1__group.4128__Z1	144	6x6	16	16	0	0	explicit
3s2-2s1__group.4103__Z10	144	2x2x2	8	8	0	0	explicit
3s2-2s1__group.4125__Z7	144	2x2x2	8	8	0	0	explicit
3s2-2s1__group.4108__Z11	144	2	2	2	0	0	explicit
3s2-2s1__group.4115__Z9	144	2x2x2	8	8	0	0	explicit
3s2-2s1__group.4096__Z4	144	2	2	2	0	0	explicit
3s2-2s1__group.4113__Z6	144	2x6x6	32	32	0	0	explicit
3s2-2s1__group.4128__Z10	144	2x2x6	16	16	0	0	explicit
3s2-2s1__group.4125__Z11	144	2x2	4	4	0	0	explicit
3s2-2s1__group.4116__Z6	144	6	4	4	0	0	explicit
3s2-2s1__group.4116__Z1	144	2x6	8	8	0	0	explicit
3s2-2s1__group.4103__Z2	144	6	4	4	0	0	explicit
3s2-2s1__group.4125__Z8	144	2x2	4	4	0	0	explicit
3s2-2s1__group.4096__Z5	144	2x2	4	4	0	0	explicit
3s2-2s1__group.4108__Z12	144	2x2x2	8	8	0	0	explicit
3s2-2s1__group.4116__Z7	144	2x2x4	12	12	0	0	explicit
3s2-2s1__group.4116__Z10	144	12	6	7	1	0	explicit
3s2-2s1__group.4125__Z12	144	2x2x2x2	16	16	0	0	explicit
3s2-2s1__group.4115__Z1	144	2x2	4	4	0	0	explicit
3s2-2s1__group.4128__Z11	144	6	4	4	0	0	explicit
3s2-2s1__group.4103__Z3	144	2x6	8	8	0	0	explicit
3s2-2s1__group.4108__Z18	144	2x2x2	8	8	0	0	explicit
3s2-2s1__group.4127__Z14	144	2	2	2	0	0	explicit
3s2-2s1__group.4125__Z9	144	2x2x2x2	16	16	0	0	explicit
3s2-2s1__group.4096__Z6	144	2x2	3	3	0	0	explicit
3s2-2s1__group.4116__Z11	144	2x2x6	16	16	0	0	explicit
3s2-2s1__group.4116__Z8	144	2	2	2	0	0	explicit
3s2-2s1__group.4108__Z13	144	2x2x2	8	8	0	0	explicit
3s2-2s1__group.4103__Z4	144	2x6	6	6	0	0	explicit
3s2-2s1__group.4127__Z15	144	2x2x2	8	8	0	0	explicit
3s2-2s1__group.4128__Z12	144	2x2x6	16	16	0	0	explicit
3s2-2s1__group.4115__Z10	144	2x2x6	16	16	0	0	explicit
3s2-2s1__group.4125__Z13	144	2x2	4	4	0	0	explicit
3s2-2s1__group.4112__Z5	144	2x2x2x2	10	10	0	0	explicit
3s2-2s1__group.4116__Z12	144	2x2x2	8	8	0	0	explicit
3s2-2s1__group.4127__Z1	144	2x6	8	8	0	0	explicit
3s2-2s1__group.4116__Z9	144	2x6	8	8	0	0	explicit
3s2-2s1__group.4103__Z5	144	2x2x6	16	16	0	0	explicit
3s2-2s1__group.4127__Z2	144	6	4	4	0	0	explicit
3s2-2s1__group.4128__Z13	144	6	4	4	0	0	explicit
3s2-2s1__group.4116__Z13	144	2x2x12	24	28	4	0	explicit
3s2-2s1__group.4108__Z14	144	2x2x2	6	6	0	0	explicit
3s2-2s1__group.4125__Z14	144	2x2x2x2	16	16	0	0	explicit
3s2-2s1__group.4127__Z10	144	2	2	2	0	0	explicit
3s2-2s1__group.4103__Z6	144	2x2x2x2	12	12	0	0	explicit
3s2-2s1__group.4127__Z3	144	2x2	4	4	0	0	explicit
3s2-2s1__group.4128__Z14	144	2x2x6	16	16	0	0	explicit
3s2-2s1__group.4115__Z11	144	2x2x6	12	12	0	0	explicit
3s2-2s1__group.4127__Z11	144	2x2x6	16	16	0	0	explicit
3s2-2s1__group.4125__Z15	144	2x2x2x2	16	16	0	0	explicit
3s2-2s1__group.4108__Z2	144	2x2	3	3	0	0	explicit
3s2-2s1__group.4127__Z4	144	2	2	2	0	0	explicit
3s2-2s1__group.4128__Z5	144	2x6	8	8	0	0	explicit
3s2-2s1__group.4108__Z15	144	2x2x2	8	8	0	0	explicit
3s2-2s1__group.4128__Z15	144	2x2x6	16	16	0	0	explicit
3s2-2s1__group.4112__Z6	144	2x2x2x2	16	16	0	0	explicit
3s2-2s1__group.4127__Z12	144	2x2x2	8	8	0	0	explicit
3s2-2s1__group.4127__Z5	144	2x2x6	16	16	0	0	explicit
3s2-2s1__group.4128__Z6	144	6	4	4	0	0	explicit
3s2-2s1__group.4125__Z2	144	2x2	4	4	0	0	explicit
3s2-2s1__group.4128__Z2	144	3x6	8	8	0	0	explicit
3s2-2s1__group.4108__Z3	144	2	2	2	0	0	explicit
3s2-2s1__group.4127__Z13	144	2x2x2	8	8	0	0	explicit
3s2-2s1__group.4127__Z6	144	6	4	4	0	0	explicit
3s2-2s1__group.4115__Z12	144	2x2x6	16	16	0	0	explicit
3s2-2s1__group.4125__Z3	144	2x2x2x2	16	16	0	0	explicit
3s2-2s1__group.4128__Z7	144	2x6	8	8	0	0	explicit
3s2-2s1__group.4113__Z1	144	6x6	16	16	0	0	explicit
3s2-2s1__group.4128__Z3	144	2x6x6	32	32	0	0	explicit
3s2-2s1__group.4127__Z7	144	2x2x2	8	8	0	0	explicit
3s2-2s1__group.4108__Z4	144	2x2x2	8	8	0	0	explicit
3s2-2s1__group.4125__Z4	144	2x2	4	4	0	0	explicit
3s2-2s1__group.4128__Z4	144	3x6	8	8	0	0	explicit
3s2-2s1__group.4128__Z8	144	6	4	4	0	0	explicit
3s2-2s1__group.4133__Z5	144	2x6	8	8	0	0	explicit
3s2-2s1__group.4115__Z2	144	2x2	3	3	0	0	explicit
3s2-2s1__group.4113__Z2	144	6x6	16	16	0	0	explicit
3s2-2s1__group.4127__Z8	144	2	2	2	0	0	explicit
3s2-2s1__group.4142__Z5	144	2x2	4	4	0	0	explicit
3s2-2s1__group.4128__Z9	144	2x6x6	32	32	0	0	explicit
3s2-2s1__group.4108__Z5	144	2x2x2	6	6	0	0	explicit
3s2-2s1__group.4127__Z9	144	2x2	4	4	0	0	explicit
3s2-2s1__group.4133__Z1	144	2x6	8	8	0	0	explicit
3s2-2s1__group.4142__Z6	144	2	2	2	0	0	explicit
3s2-2s1__group.4115__Z3	144	2	2	2	0	0	explicit
3s2-2s1__group.4144__Z5	144	2x2x2	8	8	0	0	explicit
3s2-2s1__group.4133__Z6	144	6	4	4	0	0	explicit
3s2-2s1__group.4113__Z3	144	3x6	8	10	2	0	explicit
3s2-2s1__group.4142__Z7	144	2x2x2	8	8	0	0	explicit
3s2-2s1__group.4133__Z10	144	2x2x6	16	16	0	0	explicit
3s2-2s1__group.4155__Z14	24	2x2	2	4	2	0	explicit
3s2-2s1__group.4108__Z6	144	2x2	4	4	0	0	explicit
3s2-2s1__group.4142__Z8	144	2x2x2	8	8	0	0	explicit
3s2-2s1__group.4115__Z4	144	2x2x2	8	8	0	0	explicit
3s2-2s1__group.4144__Z6	144	2x2	4	4	0	0	explicit
3s2-2s1__group.4133__Z7	144	2x2x6	16	16	0	0	explicit
3s2-2s1__group.4133__Z2	144	6	4	4	0	0	explicit
3s2-2s1__group.4155__Z15	24	2x2x2	4	4	0	0	explicit
3s2-2s1__group.4142__Z9	144	2	2	2	0	0	explicit
3s2-2s1__group.4133__Z8	144	2x2x6	16	16	0	0	explicit
3s2-2s1__group.4133__Z3	144	2x2x6	16	16	0	0	explicit
3s2-2s1__group.4108__Z7	144	2x2	3	3	0	0	explicit
3s2-2s1__group.4155__Z7	24	2x2x2	4	4	0	0	explicit
3s2-2s1__group.4144__Z1	144	2x2x6	16	16	0	0	explicit
3s2-2s1__group.4145__Z5	144	2x6	8	8	0	0	explicit
3s2-2s1__group.4133__Z4	144	6	4	4	0	0	explicit
3s2-2s1__group.4133__Z9	144	6	4	4	0	0	explicit
3s2-2s1__group.4155__Z16	24	2x2	3	3	0	0	explicit
3s2-2s1__group.4158__Z8	24	2x2x2x6	16	16	0	0	explicit
3s2-2s1__group.4144__Z7	144	2x2x2x6	32	32	0	0	explicit
3s2-2s1__group.4144__Z10	144	2x2x2x2	16	16	0	0	explicit
3s2-2s1__group.4155__Z8	24	2	2	2	0	0	explicit
3s2-2s1__group.4145__Z6	144	12	6	7	1	0	explicit
3s2-2s1__group.4142__Z1	144	2x2	4	4	0	0	explicit
3s2-2s1__group.4108__Z8	144	2x2	4	4	0	0	explicit
3s2-2s1__group.4144__Z2	144	2x6	8	8	0	0	explicit
3s2-2s1__group.4162__Z18	24	2x6	8	8	0	0	explicit
3s2-2s1__group.4155__Z9	24	2x2x2	4	4	0	0	explicit
3s2-2s1__group.4155__Z17	24	2x2x2	4	4	0	0	explicit
3s2-2s1__group.4158__Z9	24	2x2x6	16	16	0	0	explicit
3s2-2s1__group.4145__Z7	144	2x6x6	32	32	0	0	explicit
3s2-2s1__group.4142__Z10	144	2x2x2	8	8	0	0	explicit
3s2-2s1__group.4144__Z3	144	2x2x2x6	32	32	0	0	explicit
3s2-2s1__group.4158__Z1	24	2x2x2x2x6	32	32	0	0	explicit
3s2-2s1__group.4159__Z1	24	2x2x2x2	6	6	0	0	explicit
3s2-2s1__group.4162__Z19	24	12	6	7	1	0	explicit
3s2-2s1__group.4145__Z8	144	2x2x12	24	28	4	0	explicit
3s2-2s1__group.4142__Z2	144	2	2	2	0	0	explicit
3s2-2s1__group.4144__Z8	144	2x2x2x2	16	16	0	0	explicit
3s2-2s1__group.4155__Z18	24	2x2	3	3	0	0	explicit
3s2-2s1__group.4159__Z9	24	2x2	3	3	0	0	explicit
3s2-2s1__group.4144__Z4	144	2x6	8	8	0	0	explicit
3s2-2s1__group.4142__Z3	144	2x2x2	8	8	0	0	explicit
3s2-2s1__group.4145__Z9	144	6	4	4	0	0	explicit
3s2-2s1__group.4162__Z2	24	2x6	8	8	0	0	explicit
3s2-2s1__group.4158__Z2	24	2x12	12	14	2	0	explicit
3s2-2s1__group.4162__Z1	24	2x6	8	8	0	0	explicit
3s2-2s1__group.4155__Z2	24	2	2	2	0	0	explicit
3s2-2s1__group.4142__Z4	144	2	2	2	0	0	explicit
3s2-2s1__group.4155__Z1	24	2x2x2x2	6	6	0	0	explicit
3s2-2s1__group.4144__Z9	144	2x2	4	4	0	0	explicit
3s2-2s1__group.4159__Z2	24	2	2	2	0	0	explicit
3s2-2s1__group.4158__Z3	24	2x2x2x6	12	16	4	0	explicit
3s2-2s1__group.4155__Z3	24	2x2x2	4	4	0	0	explicit
3s2-2s1__group.4162__Z27	24	12	6	7	1	0	explicit
3s2-2s1__group.4155__Z10	24	2x2x2	4	4	0	0	explicit
3s2-2s1__group.4162__Z10	24	2x4	6	6	0	0	explicit
3s2-2s1__group.4162__Z20	24	2x2	4	4	0	0	explicit
3s2-2s1__group.4145__Z1	144	6x6	16	16	0	0	explicit
3s2-2s1__group.4159__Z3	24	2x2x2	4	4	0	0	explicit
3s2-2s1__group.4155__Z11	24	2x2x2	4	4	0	0	explicit
3s2-2s1__group.4155__Z4	24	2x2x2x2	6	6	0	0	explicit
3s2-2s1__group.4162__Z3	24	2x2	4	4	0	0	explicit
3s2-2s1__group.4145__Z10	144	2x2x6	16	16	0	0	explicit
3s2-2s1__group.4158__Z4	24	2x6	8	8	0	0	explicit
3s2-2s1__group.4155__Z12	24	2x2	2	4	2	0	explicit
3s2-2s1__group.4162__Z11	24	6	4	4	0	0	explicit
3s2-2s1__group.4159__Z4	24	2	2	2	0	0	explicit
3s2-2s1__group.4162__Z21	24	4	3	3	0	0	explicit
3s2-2s1__group.4163__Z20	24	2x2x2	8	8	0	0	explicit
3s2-2s1__group.4145__Z2	144	3x12	12	14	2	0	explicit
3s2-2s1__group.4162__Z4	24	6	4	8	4	0	explicit
3s2-2s1__group.4155__Z13	24	2x2x2	4	4	0	0	explicit
3s2-2s1__group.4155__Z5	24	2	2	2	0	0	explicit
3s2-2s1__group.4163__Z11	24	2x2	3	4	1	0	explicit
3s2-2s1__group.4158__Z5	24	2x2x2x6	16	16	0	0	explicit
3s2-2s1__group.4162__Z22	24	2x12	12	14	2	0	explicit
3s2-2s1__group.4162__Z12	24	4	3	3	0	0	explicit
3s2-2s1__group.4145__Z3	144	2x6x12	48	56	8	0	explicit
3s2-2s1__group.4163__Z21	24	2x2	4	4	0	0	explicit
3s2-2s1__group.4159__Z5	24	2x2x2	4	4	0	0	explicit
3s2-2s1__group.4162__Z5	24	2x2	4	4	0	0	explicit
3s2-2s1__group.4158__Z6	24	2x2x2x6	16	16	0	0	explicit
3s2-2s1__group.4145__Z4	144	3x6	8	8	0	0	explicit
3s2-2s1__group.4162__Z23	24	12	6	7	1	0	explicit
3s2-2s1__group.4163__Z22	24	2x2x2	8	8	0	0	explicit
3s2-2s1__group.4155__Z6	24	2	2	2	0	0	explicit
3s2-2s1__group.4158__Z7	24	2x2x6	8	16	8	0	explicit
3s2-2s1__group.4162__Z13	24	2x2	4	4	0	0	explicit
3s2-2s1__group.4159__Z6	24	2x2x2	4	4	0	0	explicit
3s2-2s1__group.4162__Z24	24	2x6	8	8	0	0	explicit
3s2-2s1__group.4163__Z12	24	2x2	4	4	0	0	explicit
3s2-2s1__group.4162__Z14	24	2	2	2	0	0	explicit
3s2-2s1__group.4163__Z23	24	2x2	4	4	0	0	explicit
3s2-2s1__group.4162__Z6	24	2	2	4	2	0	explicit
3s2-2s1__group.4159__Z7	24	2x2	2	4	2	0	explicit
3s2-2s1__group.4162__Z15	24	2x6	8	8	0	0	explicit
3s2-2s1__group.4163__Z24	24	2x2x2	6	8	2	0	explicit
3s2-2s1__group.4162__Z25	24	6	4	4	0	0	explicit
3s2-2s1__group.4159__Z8	24	2x2x2	4	4	0	0	explicit
3s2-2s1__group.4162__Z7	24	2x12	12	14	2	0	explicit
3s2-2s1__group.4162__Z16	24	2x6	8	8	0	0	explicit
3s2-2s1__group.4162__Z26	24	2x6	8	8	0	0	explicit
3s2-2s1__group.4162__Z8	24	12	6	7	1	0	explicit
3s2-2s1__group.4192__Z6	288	2x2x2x2x2	32	32	0	0	explicit
3s2-2s1__group.4163__Z25	24	2x2	3	4	1	0	explicit
3s2-2s1__group.4162__Z17	24	6	4	8	4	0	explicit
3s2-2s1__group.4188__Z1	288	2x2x2x2x2x2	48	48	0	0	explicit
3s2-2s1__group.4163__Z13	24	2x2x2	6	8	2	0	explicit
3s2-2s1__group.4216__Z5	288	2x2x2x2x6	64	64	0	0	explicit
3s2-2s1__group.4162__Z9	24	2x6	8	8	0	0	explicit
3s2-2s1__group.4163__Z26	24	2x2x2	8	8	0	0	explicit
3s2-2s1__group.4206__Z4	288	2x2	4	4	0	0	explicit
3s2-2s1__group.4163__Z1	24	2x2x2	8	8	0	0	explicit
3s2-2s1__group.4206__Z1	288	2x2x2x2x2	32	32	0	0	explicit
3s2-2s1__group.4163__Z14	24	2x2	3	4	1	0	explicit
3s2-2s1__group.4163__Z27	24	2x2	4	4	0	0	explicit
3s2-2s1__group.4188__Z2	288	2x2	4	4	0	0	explicit
3s2-2s1__group.4227__Z1	288	2x2x2x2x2	32	32	0	0	explicit
3s2-2s1__group.4163__Z5	24	2x2x2	6	8	2	0	explicit
3s2-2s1__group.4163__Z15	24	2x2x2	8	8	0	0	explicit
3s2-2s1__group.4163__Z3	24	2x2x2	8	8	0	0	explicit
3s2-2s1__group.4206__Z5	288	2x2x2	8	8	0	0	explicit
3s2-2s1__group.4227__Z9	288	2x2	4	4	0	0	explicit
3s2-2s1__group.4163__Z16	24	2x2x2	6	8	2	0	explicit
3s2-2s1__group.4163__Z4	24	2x2	4	8	4	0	explicit
3s2-2s1__group.4188__Z3	288	2x2x2	8	8	0	0	explicit
3s2-2s1__group.4206__Z10	288	2x2x2x2x2	32	32	0	0	explicit
3s2-2s1__group.4163__Z10	24	2x2x2	8	8	0	0	explicit
3s2-2s1__group.4263__Z2	36	3x3x6	16	16	0	0	explicit
3s2-2s1__group.4163__Z17	24	2x2	4	8	4	0	explicit
3s2-2s1__group.4227__Z10	288	2x2x2x2x2	32	32	0	0	explicit
3s2-2s1__group.4228__Z9	288	2x6	8	8	0	0	explicit
3s2-2s1__group.4263__Z3	36	6	4	4	0	0	explicit
3s2-2s1__group.4163__Z18	24	2x2x2	8	8	0	0	explicit
3s2-2s1__group.4163__Z6	24	2x2	4	8	4	0	explicit
3s2-2s1__group.4263__Z4	36	3x3x3	8	10	2	0	explicit
3s2-2s1__group.4236__Z4	288	2x2	4	4	0	0	explicit
3s2-2s1__group.4188__Z4	288	2x2x2	6	6	0	0	explicit
3s2-2s1__group.4163__Z19	24	2x2	4	4	0	0	explicit
3s2-2s1__group.4261__Z5	288	2x2x2x2x2x2	64	64	0	0	explicit
3s2-2s1__group.4206__Z11	288	2x2x2x2x2	32	32	0	0	explicit
3s2-2s1__group.4263__Z5	36	6	4	4	0	0	explicit
3s2-2s1__group.4227__Z2	288	2x2	4	4	0	0	explicit
3s2-2s1__group.4235__Z1	288	2x2x2x2x2	32	32	0	0	explicit
3s2-2s1__group.4163__Z2	24	2x2x2	6	8	2	0	explicit
3s2-2s1__group.4263__Z6	36	3	2	2	0	0	explicit
3s2-2s1__group.4228__Z1	288	2x2x2x2x2	32	32	0	0	explicit
3s2-2s1__group.4263__Z7	36	3x3x6	16	16	0	0	explicit
3s2-2s1__group.4206__Z6	288	2x2	4	4	0	0	explicit
3s2-2s1__group.4236__Z5	288	2x2x2x2x2	32	32	0	0	explicit
3s2-2s1__group.4188__Z5	288	2x2x2x2x2	32	32	0	0	explicit
3s2-2s1__group.4277__Z3	48	2x2x2	4	8	4	0	explicit
3s2-2s1__group.4263__Z8	36	3x3x3	8	8	0	0	explicit
3s2-2s1__group.4206__Z12	288	2x2	4	4	0	0	explicit
3s2-2s1__group.4163__Z7	24	2x2x2	8	8	0	0	explicit
3s2-2s1__group.4227__Z3	288	2x2x2	8	8	0	0	explicit
3s2-2s1__group.4262__Z1	288	2x2x6	16	16	0	0	explicit
3s2-2s1__group.4235__Z2	288	2x2	4	4	0	0	explicit
3s2-2s1__group.4263__Z9	36	6	4	4	0	0	explicit
3s2-2s1__group.4277__Z4	48	2x2x2x2x2x2	24	24	0	0	explicit
3s2-2s1__group.4236__Z6	288	2x2x2x2x2	32	32	0	0	explicit
3s2-2s1__group.4277__Z1	48	2x2x2x2	8	8	0	0	explicit
3s2-2s1__group.4228__Z10	288	2x2x2x2x6	64	64	0	0	explicit
3s2-2s1__group.4192__Z1	288	2x2x2	8	8	0	0	explicit
3s2-2s1__group.4206__Z7	288	2x2x2	8	8	0	0	explicit
3s2-2s1__group.4206__Z13	288	2x2x2	8	8	0	0	explicit
3s2-2s1__group.4277__Z5	48	2x2	4	4	0	0	explicit
3s2-2s1__group.4277__Z2	48	2x2x2x2	8	8	0	0	explicit
3s2-2s1__group.4235__Z3	288	2x2x2	8	8	0	0	explicit
3s2-2s1__group.4262__Z2	288	2x6	8	8	0	0	explicit
3s2-2s1__group.4227__Z4	288	2x2	4	4	0	0	explicit
3s2-2s1__group.4163__Z8	24	2x2	4	4	0	0	explicit
3s2-2s1__group.4277__Z6	48	2x2x2x2x2	12	16	4	0	explicit
3s2-2s1__group.4236__Z7	288	2x2	4	4	0	0	explicit
3s2-2s1__group.4192__Z2	288	2x2x2	6	6	0	0	explicit
3s2-2s1__group.4228__Z2	288	2x2	4	4	0	0	explicit
3s2-2s1__group.4206__Z14	288	2x2	4	4	0	0	explicit
3s2-2s1__group.4262__Z3	288	2x2x2x2x6	64	64	0	0	explicit
3s2-2s1__group.4163__Z9	24	2x2x2	6	8	2	0	explicit
3s2-2s1__group.4235__Z4	288	2x2	4	4	0	0	explicit
3s2-2s1__group.4227__Z5	288	2x2x2x2x2	32	32	0	0	explicit
3s2-2s1__group.4277__Z7	48	2x2	4	4	0	0	explicit
3s2-2s1__group.4206__Z8	288	2x2	4	4	0	0	explicit
3s2-2s1__group.4236__Z8	288	2x2x2	8	8	0	0	explicit
3s2-2s1__group.4277__Z8	48	2x2x2x2x2	16	16	0	0	explicit
3s2-2s1__group.4192__Z3	288	2x2	4	4	0	0	explicit
3s2-2s1__group.4262__Z4	288	2x6	8	8	0	0	explicit
3s2-2s1__group.4172__Z1	288	2x2x2	8	8	0	0	explicit
3s2-2s1__group.4227__Z6	288	2x2x2x2x2	32	32	0	0	explicit
3s2-2s1__group.4228__Z3	288	2x2x2	8	8	0	0	explicit
3s2-2s1__group.4206__Z15	288	2x2x2x2x2	32	32	0	0	explicit
3s2-2s1__group.4235__Z5	288	2x2x2x2x2	32	32	0	0	explicit
3s2-2s1__group.4277__Z9	48	2x2x2x2	12	12	0	0	explicit
3s2-2s1__group.4192__Z4	288	2x2x2x2x2	32	32	0	0	explicit
3s2-2s1__group.4172__Z2	288	2x2	4	4	0	0	explicit
3s2-2s1__group.4262__Z5	288	2x2x2x2x6	64	64	0	0	explicit
3s2-2s1__group.4227__Z7	288	2x2	4	4	0	0	explicit
3s2-2s1__group.4206__Z9	288	2x2x2x2x2	32	32	0	0	explicit
3s2-2s1__group.4236__Z9	288	2x2	4	4	0	0	explicit
3s2-2s1__group.4283__Z21	48	2x2x2	8	8	0	0	explicit
3s2-2s1__group.4228__Z4	288	2x2	4	4	0	0	explicit
3s2-2s1__group.4283__Z6	48	2x2	4	8	4	0	explicit
3s2-2s1__group.4283__Z1	48	2x2x2	8	8	0	0	explicit
3s2-2s1__group.4283__Z12	48	2x2	4	4	0	0	explicit
3s2-2s1__group.4206__Z2	288	2x2	4	4	0	0	explicit
3s2-2s1__group.4263__Z1	36	3x3x6	16	16	0	0	explicit
3s2-2s1__group.4283__Z22	48	2x2x2x2	16	16	0	0	explicit
3s2-2s1__group.4172__Z3	288	2x2x2x2x2	32	32	0	0	explicit
3s2-2s1__group.4283__Z7	48	2x2x2x2	16	16	0	0	explicit
3s2-2s1__group.4216__Z1	288	2x2x2x2x12	96	112	16	0	explicit
3s2-2s1__group.4261__Z1	288	2x2x2x2	16	16	0	0	explicit
3s2-2s1__group.4283__Z10	48	2x2x2x2	16	16	0	0	explicit
3s2-2s1__group.4228__Z5	288	2x2x2x2x2	32	32	0	0	explicit
3s2-2s1__group.4283__Z23	48	2x2	4	4	0	0	explicit
3s2-2s1__group.4263__Z10	36	3	2	2	0	0	explicit
3s2-2s1__group.4283__Z8	48	2x2	4	4	0	0	explicit
3s2-2s1__group.4283__Z13	48	2x2x2x2	12	16	4	0	explicit
3s2-2s1__group.4206__Z3	288	2x2x2x2x2	32	32	0	0	explicit
3s2-2s1__group.4236__Z1	288	2x2x2x2x2	32	32	0	0	explicit
3s2-2s1__group.4172__Z4	288	2x2	4	4	0	0	explicit
3s2-2s1__group.4284__Z15	48	2x2x2x2	12	16	4	0	explicit
3s2-2s1__group.4216__Z2	288	2x6	8	8	0	0	explicit
3s2-2s1__group.4261__Z2	288	2x2x2	8	8	0	0	explicit
3s2-2s1__group.4283__Z11	48	2x2	3	4	1	0	explicit
3s2-2s1__group.4263__Z11	36	3x3x3	8	8	0	0	explicit
3s2-2s1__group.4228__Z6	288	2x2x2x2x6	64	64	0	0	explicit
3s2-2s1__group.4227__Z8	288	2x2x2	8	8	0	0	explicit
3s2-2s1__group.4283__Z24	48	2x2x2x2	12	16	4	0	explicit
3s2-2s1__group.4283__Z14	48	2x2	3	4	1	0	explicit
3s2-2s1__group.4283__Z9	48	2x2x2x2	12	16	4	0	explicit
3s2-2s1__group.4192__Z5	288	2x2x2x2x2	20	20	0	0	explicit
3s2-2s1__group.4284__Z16	48	2x2	3	4	1	0	explicit
3s2-2s1__group.4263__Z12	36	3	2	2	0	0	explicit
3s2-2s1__group.4172__Z5	288	2x2x2x2x2	32	32	0	0	explicit
3s2-2s1__group.4283__Z15	48	2x2x2	8	8	0	0	explicit
3s2-2s1__group.4216__Z3	288	2x2x6	16	16	0	0	explicit
3s2-2s1__group.4261__Z3	288	2x2x2x2x2x2	64	64	0	0	explicit
3s2-2s1__group.4284__Z1	48	2x2x2	8	8	0	0	explicit
3s2-2s1__group.4283__Z25	48	2x2	3	4	1	0	explicit
3s2-2s1__group.4228__Z7	288	2x6	8	8	0	0	explicit
3s2-2s1__group.4236__Z10	288	2x2x2x2x2	32	32	0	0	explicit
3s2-2s1__group.4284__Z17	48	2x2x2x2	16	16	0	0	explicit
3s2-2s1__group.4283__Z16	48	2x2x2	6	8	2	0	explicit
3s2-2s1__group.4284__Z10	48	2x2	4	8	4	0	explicit
3s2-2s1__group.4283__Z26	48	2x2x2x2	16	16	0	0	explicit
3s2-2s1__group.4261__Z4	288	2x2x2	8	8	0	0	explicit
3s2-2s1__group.4216__Z4	288	2x12	12	14	2	0	explicit
3s2-2s1__group.4283__Z17	48	2x2	4	8	4	0	explicit
3s2-2s1__group.4284__Z11	48	2x2x2x2	16	16	0	0	explicit
3s2-2s1__group.4284__Z18	48	2x2x2	8	8	0	0	explicit
3s2-2s1__group.4228__Z8	288	2x2x6	16	16	0	0	explicit
3s2-2s1__group.4236__Z2	288	2x2	4	4	0	0	explicit
3s2-2s1__group.4283__Z27	48	2x2x2	8	8	0	0	explicit
3s2-2s1__group.4283__Z18	48	2x2x2x2	16	16	0	0	explicit
3s2-2s1__group.4284__Z12	48	2x2x2	8	8	0	0	explicit
3s2-2s1__group.4284__Z2	48	2x2x2	6	8	2	0	explicit
3s2-2s1__group.4285__Z9	48	2x2x2x2	16	16	0	0	explicit
3s2-2s1__group.4236__Z3	288	2x2x2	8	8	0	0	explicit
3s2-2s1__group.4283__Z19	48	2x2x2	8	8	0	0	explicit
3s2-2s1__group.4284__Z13	48	2x2x2x2	16	16	0	0	explicit
3s2-2s1__group.4283__Z3	48	2x2x2	8	8	0	0	explicit
3s2-2s1__group.4284__Z3	48	2x2	4	8	4	0	explicit
3s2-2s1__group.4286__Z1	48	2x2x6	16	16	0	0	explicit
3s2-2s1__group.4284__Z14	48	2x2	4	4	0	0	explicit
3s2-2s1__group.4283__Z2	48	2x2x2	6	8	2	0	explicit
3s2-2s1__group.4310__Z3	72	2	2	2	0	0	explicit
3s2-2s1__group.4283__Z4	48	2x2	4	8	4	0	explicit
3s2-2s1__group.4310__Z4	72	1	1	1	0	0	trivial
3s2-2s1__group.4284__Z4	48	2x2x2x2	16	16	0	0	explicit
3s2-2s1__group.4286__Z2	48	2x2x6	16	16	0	0	explicit
3s2-2s1__group.4310__Z5	72	2	2	2	0	0	explicit
3s2-2s1__group.4311__Z4	72	2x6x6	32	32	0	0	explicit
3s2-2s1__group.4323__Z10	72	6	4	4	0	0	explicit
3s2-2s1__group.4284__Z5	48	2x2	4	4	0	0	explicit
3s2-2s1__group.4286__Z3	48	2x6	8	16	8	0	explicit
3s2-2s1__group.4283__Z5	48	2x2x2	6	8	2	0	explicit
3s2-2s1__group.4283__Z20	48	2x2x2x2	16	16	0	0	explicit
3s2-2s1__group.4311__Z5	72	6x6	12	13	1	0	explicit
3s2-2s1__group.4323__Z2	72	3x3	4	4	0	0	explicit
3s2-2s1__group.4310__Z6	72	1	1	1	0	0	trivial
3s2-2s1__group.4311__Z6	72	6x6	16	16	0	0	explicit
3s2-2s1__group.4323__Z3	72	6	4	4	0	0	explicit
3s2-2s1__group.4284__Z8	48	2x2x2	8	8	0	0	explicit
3s2-2s1__group.4310__Z7	72	2x2	3	3	0	0	explicit
3s2-2s1__group.4300__Z1	576	2x2x2x2	16	16	0	0	explicit
3s2-2s1__group.4327__Z10	72	2x2x6	12	12	0	0	explicit
3s2-2s1__group.4286__Z4	48	2x2x2x12	48	56	8	0	explicit
3s2-2s1__group.4312__Z1	72	6	4	4	0	0	explicit
3s2-2s1__group.4284__Z6	48	2x2x2x2	12	16	4	0	explicit
3s2-2s1__group.4310__Z8	72	2	2	2	0	0	explicit
3s2-2s1__group.4323__Z4	72	3	2	2	0	0	explicit
3s2-2s1__group.4327__Z11	72	6	4	4	0	0	explicit
3s2-2s1__group.4284__Z9	48	2x2x2	6	8	2	0	explicit
3s2-2s1__group.4323__Z5	72	3x6	8	8	0	0	explicit
3s2-2s1__group.4312__Z2	72	6	4	4	0	0	explicit
3s2-2s1__group.4310__Z9	72	2x2	3	3	0	0	explicit
3s2-2s1__group.4324__Z10	72	2x2	4	4	0	0	explicit
3s2-2s1__group.4327__Z12	72	2x2x6	12	12	0	0	explicit
3s2-2s1__group.4286__Z5	48	2x12	12	14	2	0	explicit
3s2-2s1__group.4323__Z6	72	3x3	4	4	0	0	explicit
3s2-2s1__group.4312__Z3	72	3	2	2	0	0	explicit
3s2-2s1__group.4311__Z1	72	6x6	16	16	0	0	explicit
3s2-2s1__group.4324__Z2	72	12	6	7	1	0	explicit
3s2-2s1__group.4285__Z1	48	2x2x2x2	16	16	0	0	explicit
3s2-2s1__group.4312__Z4	72	2x6	6	6	0	0	explicit
3s2-2s1__group.4325__Z2	72	3x6	8	8	0	0	explicit
3s2-2s1__group.4323__Z7	72	6	4	4	0	0	explicit
3s2-2s1__group.4327__Z13	72	6	4	4	0	0	explicit
3s2-2s1__group.4311__Z2	72	6x6	16	16	0	0	explicit
3s2-2s1__group.4324__Z3	72	2x2	4	4	0	0	explicit
3s2-2s1__group.4312__Z5	72	6	4	4	0	0	explicit
3s2-2s1__group.4286__Z6	48	2x2x2x6	24	32	8	0	explicit
3s2-2s1__group.4327__Z14	72	2x6	8	8	0	0	explicit
3s2-2s1__group.4325__Z3	72	6x6	16	16	0	0	explicit
3s2-2s1__group.4311__Z3	72	3x6	8	10	2	0	explicit
3s2-2s1__group.4324__Z4	72	4	3	3	0	0	explicit
3s2-2s1__group.4285__Z2	48	2x2x2x2	12	16	4	0	explicit
3s2-2s1__group.4323__Z8	72	3	2	2	0	0	explicit
3s2-2s1__group.4312__Z6	72	6	4	4	0	0	explicit
3s2-2s1__group.4325__Z4	72	3x12	12	14	2	0	explicit
3s2-2s1__group.4327__Z15	72	2x6	8	8	0	0	explicit
3s2-2s1__group.4324__Z5	72	2x12	12	14	2	0	explicit
3s2-2s1__group.4327__Z6	72	2x6	6	6	0	0	explicit
3s2-2s1__group.4323__Z9	72	3x6	8	8	0	0	explicit
3s2-2s1__group.4323__Z1	72	3x6	8	8	0	0	explicit
3s2-2s1__group.4325__Z5	72	6x6	16	16	0	0	explicit
3s2-2s1__group.4324__Z6	72	6	4	4	0	0	explicit
3s2-2s1__group.4327__Z2	72	6x6	12	12	0	0	explicit
3s2-2s1__group.4285__Z3	48	2x2x2	8	16	8	0	explicit
3s2-2s1__group.4324__Z1	72	2x6	8	8	0	0	explicit
3s2-2s1__group.4327__Z7	72	2x6	8	8	0	0	explicit
3s2-2s1__group.4286__Z7	48	2x6	8	8	0	0	explicit
3s2-2s1__group.4326__Z1	72	6	4	4	0	0	explicit
3s2-2s1__group.4327__Z3	72	2x6x6	24	24	0	0	explicit
3s2-2s1__group.4324__Z7	72	2x4	6	6	0	0	explicit
3s2-2s1__group.4284__Z7	48	2x2	3	4	1	0	explicit
3s2-2s1__group.4327__Z4	72	3x6	8	8	0	0	explicit
3s2-2s1__group.4327__Z8	72	2x6	6	6	0	0	explicit
3s2-2s1__group.4285__Z4	48	2x2x2x2x2	32	32	0	0	explicit
3s2-2s1__group.4324__Z8	72	2	2	2	0	0	explicit
3s2-2s1__group.4286__Z8	48	2x2x2x6	32	32	0	0	explicit
3s2-2s1__group.4327__Z5	72	2x6	8	8	0	0	explicit
3s2-2s1__group.4300__Z2	576	2x2x2	8	8	0	0	explicit
3s2-2s1__group.4324__Z9	72	2x6	8	8	0	0	explicit
3s2-2s1__group.4327__Z9	72	6x6	16	16	0	0	explicit
3s2-2s1__group.4326__Z2	72	3	2	2	0	0	explicit
3s2-2s1__group.4325__Z1	72	6x12	24	28	4	0	explicit
3s2-2s1__group.4328__Z15	72	6	4	4	0	0	explicit
3s2-2s1__group.4328__Z1	72	3x6	8	8	0	0	explicit
3s2-2s1__group.4285__Z5	48	2x2x2	8	8	0	0	explicit
3s2-2s1__group.4286__Z9	48	2x2x12	24	28	4	0	explicit
3s2-2s1__group.4328__Z2	72	3x6	8	8	0	0	explicit
3s2-2s1__group.4328__Z10	72	6	4	4	0	0	explicit
3s2-2s1__group.4326__Z3	72	6	4	4	0	0	explicit
3s2-2s1__group.4328__Z11	72	3x6	8	8	0	0	explicit
3s2-2s1__group.4328__Z3	72	2	2	2	0	0	explicit
3s2-2s1__group.4329__Z3	72	2	2	2	0	0	explicit
3s2-2s1__group.4285__Z6	48	2x2x2x2x2	20	32	12	0	explicit
3s2-2s1__group.4328__Z12	72	2	2	2	0	0	explicit
3s2-2s1__group.4328__Z4	72	2	2	2	0	0	explicit
3s2-2s1__group.4326__Z4	72	3	2	2	0	0	explicit
3s2-2s1__group.4329__Z4	72	2x2	4	4	0	0	explicit
3s2-2s1__group.4328__Z13	72	2x6	8	8	0	0	explicit
3s2-2s1__group.4330__Z12	72	3x3x6	16	16	0	0	explicit
3s2-2s1__group.4328__Z5	72	6x6	16	16	0	0	explicit
3s2-2s1__group.4326__Z5	72	6	4	4	0	0	explicit
3s2-2s1__group.4328__Z14	72	3	2	2	0	0	explicit
3s2-2s1__group.4328__Z6	72	3x3	4	4	0	0	explicit
3s2-2s1__group.4329__Z5	72	2x2	3	3	0	0	explicit
3s2-2s1__group.4327__Z1	72	6x6	16	16	0	0	explicit
3s2-2s1__group.4285__Z7	48	2x2x2	6	8	2	0	explicit
3s2-2s1__group.4330__Z13	72	3x12	12	14	2	0	explicit
3s2-2s1__group.4328__Z7	72	2x2	4	4	0	0	explicit
3s2-2s1__group.4343__Z6	96	2x2x2x2x2x2	40	64	24	0	explicit
3s2-2s1__min.463__Z15	12	2x6	4	4	0	0	explicit
3s2-2s1__group.4329__Z6	72	2x6	8	8	0	0	explicit
3s2-2s1__group.4285__Z8	48	2x2x2x2x2	32	32	0	0	explicit
3s2-2s1__group.4300__Z3	576	2x2x2x2x2x2x2	128	128	0	0	explicit
3s2-2s1__group.4330__Z14	72	3x6	8	8	0	0	explicit
3s2-2s1__group.4328__Z8	72	1	1	1	0	0	trivial
3s2-2s1__min.463__Z16	12	6	4	4	0	0	explicit
3s2-2s1__group.4329__Z7	72	2x6	6	6	0	0	explicit
3s2-2s1__group.4330__Z15	72	12	6	6	0	0	explicit
3s2-2s1__min.463__Z8	12	2	2	2	0	0	explicit
3s2-2s1__group.4330__Z5	72	3x3x6	16	16	0	0	explicit
3s2-2s1__min.463__Z17	12	2x2	2	2	0	0	explicit
3s2-2s1__group.4329__Z10	72	2x2	3	3	0	0	explicit
3s2-2s1__min.463__Z9	12	2x2x6	8	8	0	0	explicit
3s2-2s1__group.4328__Z9	72	6	4	4	0	0	explicit
3s2-2s1__group.4329__Z8	72	2x2	4	4	0	0	explicit
3s2-2s1__group.4330__Z16	72	6	4	4	0	0	explicit
3s3__group.4353__Z9	144	2	2	2	0	0	explicit
3s2-2s1__group.4343__Z7	96	2x2x2	6	8	2	0	explicit
3s2-2s1__min.463__Z18	12	2	2	2	0	0	explicit
3s2-2s1__group.4330__Z6	72	3x6	8	8	0	0	explicit
3s2-2s1__group.4329__Z9	72	6	4	4	0	0	explicit
3s2-2s1__group.4330__Z17	72	3x6	8	8	0	0	explicit
3s2-2s1__group.4329__Z1	72	2x2	4	4	0	0	explicit
3s2-2s1__group.4329__Z11	72	2	2	2	0	0	explicit
3s2-2s1__group.4330__Z1	72	3x3x6	16	16	0	0	explicit
3s3__group.4360__Z5	288	2x2x2	6	6	0	0	explicit
3s2-2s1__group.4329__Z12	72	2x2	4	4	0	0	explicit
3s2-2s1__group.4330__Z18	72	6	4	4	0	0	explicit
3s2-2s1__group.4343__Z8	96	2x2x2x2x2x2	64	64	0	0	explicit
3s3__group.4358__Z1	192	2x2x2x2x2x2	36	36	0	0	explicit
3s2-2s1__group.4300__Z4	576	2x2x2	8	8	0	0	explicit
3s2-2s1__group.4329__Z13	72	2x6	8	8	0	0	explicit
3s3__group.4360__Z6	288	2x2	3	3	0	0	explicit
3s2-2s1__group.4330__Z2	72	3x3x6	16	16	0	0	explicit
3s2-2s1__group.4330__Z7	72	3x6	8	8	0	0	explicit
3s2-2s1__min.463__Z2	12	12	6	7	1	0	explicit
3s2-2s1__group.4329__Z14	72	2x6	6	6	0	0	explicit
3s2-2s1__group.4330__Z3	72	3x3x3	8	10	2	0	explicit
3s3__group.4360__Z7	288	2x2x2	4	4	0	0	explicit
3s2-2s1__group.4343__Z9	96	2x2x2x2x2	32	32	0	0	explicit
3s3__group.4346__Z9	1152	2x2x2x2x2x2	36	36	0	0	explicit
3s2-2s1__min.463__Z1	12	2x2x6	8	8	0	0	explicit
3s2-2s1__min.463__Z3	12	2x6	4	4	0	0	explicit
3s3__group.4358__Z5	192	2x2x2x2x2	32	32	0	0	explicit
3s2-2s1__group.4330__Z10	72	6	4	4	0	0	explicit
3s3__group.4346__Z1	1152	2x2x2x2x2x2	36	36	0	0	explicit
3s2-2s1__group.4330__Z8	72	6	4	4	0	0	explicit
3s3__group.4358__Z10	192	2x2x2x2x2	18	20	2	0	explicit
3s2-2s1__min.463__Z10	12	2x2x6	8	8	0	0	explicit
3s3__group.4360__Z8	288	2	2	2	0	0	explicit
3s2-2s1__group.4329__Z15	72	2x2	4	4	0	0	explicit
3s3__group.4353__Z1	144	2x2	3	3	0	0	explicit
3s2-2s1__min.463__Z11	12	2x2x2	4	4	0	0	explicit
3s3__group.4365__Z11	288	2x2	4	4	0	0	explicit
3s2-2s1__min.463__Z4	12	2x2x2	4	4	0	0	explicit
3s3__group.4353__Z10	144	1	1	1	0	0	trivial
3s2-2s1__min.463__Z12	12	2x6	4	8	4	0	explicit
3s2-2s1__group.4330__Z11	72	3	2	2	0	0	explicit
3s3__group.4360__Z9	288	2x2	4	4	0	0	explicit
3s3__group.4353__Z2	144	1	1	1	0	0	trivial
3s2-2s1__group.4330__Z4	72	3x3x12	24	28	4	0	explicit
3s3__group.4358__Z6	192	2x2x2x2	12	16	4	0	explicit
3s2-2s1__min.463__Z13	12	2x2x2	4	4	0	0	explicit
3s2-2s1__group.4329__Z16	72	2x2	3	3	0	0	explicit
3s2-2s1__group.4300__Z5	576	2x2x2x2x2x2x2	128	128	0	0	explicit
3s3__group.4365__Z12	288	2x2	4	4	0	0	explicit
3s3__group.4353__Z3	144	2x2	4	4	0	0	explicit
3s2-2s1__min.463__Z14	12	2x2	2	4	2	0	explicit
3s2-2s1__group.4330__Z9	72	3x3	4	5	1	0	explicit
3s3__group.4364__Z1	288	2x2x2	6	6	0	0	explicit
3s2-2s1__group.4310__Z1	72	2	2	2	0	0	explicit
3s2-2s1__group.4329__Z17	72	2x6	8	8	0	0	explicit
3s3__group.4353__Z4	144	2	2	2	0	0	explicit
3s2-2s1__min.463__Z5	12	6	4	4	0	0	explicit
3s2-2s1__group.4310__Z10	72	2	2	2	0	0	explicit
3s3__group.4358__Z7	192	2x2x2x2x2	32	32	0	0	explicit
3s3__group.4365__Z13	288	2x2	4	4	0	0	explicit
3s3__group.4353__Z5	144	2	2	2	0	0	explicit
3s2-2s1__group.4310__Z11	72	2	2	2	0	0	explicit
3s3__group.4364__Z10	288	2x2	3	3	0	0	explicit
3s2-2s1__group.4343__Z1	96	2x2x2x2	16	16	0	0	explicit
3s3__group.4353__Z6	144	2x2	3	3	0	0	explicit
3s2-2s1__group.4329__Z18	72	2x2	4	4	0	0	explicit
3s3__group.4358__Z11	192	2x2x2	8	8	0	0	explicit
3s2-2s1__group.4310__Z12	72	2	2	2	0	0	explicit
3s2-2s1__min.463__Z6	12	4	3	3	0	0	explicit
3s3__group.4364__Z11	288	2x2	4	4	0	0	explicit
3s3__group.4365__Z2	288	2	2	2	0	0	explicit
3s2-2s1__group.4310__Z2	72	2	2	2	0	0	explicit
3s3__group.4364__Z2	288	2	2	2	0	0	explicit
3s3__group.4353__Z7	144	2x2	3	3	0	0	explicit
3s3__group.4358__Z8	192	2x2x2	8	8	0	0	explicit
3s2-2s1__min.463__Z7	12	2x2	2	2	0	0	explicit
3s3__group.4353__Z8	144	1	1	1	0	0	trivial
3s3__group.4364__Z12	288	2x2	4	4	0	0	explicit
3s3__group.4365__Z3	288	2x2x2	8	8	0	0	explicit
3s2-2s1__group.4343__Z2	96	2x2x2x2	12	16	4	0	explicit
3s2-2s1__group.4329__Z2	72	2x2	3	3	0	0	explicit
3s3__group.4365__Z9	288	2x2	4	4	0	0	explicit
3s3__group.4365__Z4	288	4	3	3	0	0	explicit
3s3__group.4364__Z13	288	2x2	4	4	0	0	explicit
3s3__group.4358__Z12	192	2x2x2x2	16	16	0	0	explicit
3s3__group.4364__Z3	288	2x2x2	6	6	0	0	explicit
3s3__group.4366__Z9	288	2x2	4	4	0	0	explicit
3s3__group.4365__Z5	288	2x2x2	8	8	0	0	explicit
3s2-2s1__group.4343__Z3	96	2x2x2	8	16	8	0	explicit
3s3__group.4367__Z9	288	2x2	4	4	0	0	explicit
3s3__group.4366__Z1	288	2x2	3	3	0	0	explicit
3s3__group.4358__Z9	192	2x2x2x2	10	10	0	0	explicit
3s3__group.4364__Z4	288	2	2	2	0	0	explicit
3s3__group.4365__Z6	288	2x4	6	6	0	0	explicit
3s3__group.4367__Z1	288	4x4	6	6	0	0	explicit
3s3__group.4358__Z13	192	2x2x2x2	10	10	0	0	explicit
3s3__group.4364__Z5	288	2x2x2	6	6	0	0	explicit
3s3__group.4346__Z2	1152	2x2x2	6	6	0	0	explicit
3s2-2s1__group.4343__Z4	96	2x2x2x2x2x2	64	64	0	0	explicit
3s3__group.4365__Z7	288	2x2	4	4	0	0	explicit
3s3__group.4379__Z1	576	2x2x2x2x2	24	24	0	0	explicit
3s3__group.4366__Z10	288	2x2	3	3	0	0	explicit
3s3__group.4364__Z6	288	2x2	4	4	0	0	explicit
3s3__group.4360__Z1	288	2x2x2x2	6	6	0	0	explicit
3s3__group.4367__Z10	288	2x2	3	3	0	0	explicit
3s3__group.4386__Z7	576	2x2	3	3	0	0	explicit
3s3__group.4365__Z8	288	2x4	6	6	0	0	explicit
3s3__group.4364__Z7	288	2x2	3	3	0	0	explicit
3s3__group.4379__Z6	576	2x2x2	8	8	0	0	explicit
3s3__group.4358__Z14	192	2x2x2x2	10	10	0	0	explicit
3s2-2s1__group.4343__Z5	96	2x2x2	8	8	0	0	explicit
3s3__group.4379__Z10	576	2x2x2	6	6	0	0	explicit
3s3__group.4386__Z8	576	2x2x2	8	8	0	0	explicit
3s3__group.4366__Z2	288	2x2	3	3	0	0	explicit
3s3__group.4364__Z8	288	2x2	4	4	0	0	explicit
3s3__group.4367__Z2	288	2x2	3	3	0	0	explicit
3s3__group.4360__Z10	288	2x2	3	3	0	0	explicit
3s3__group.4379__Z7	576	2x2x2	6	6	0	0	explicit
3s3__group.4379__Z11	576	2x2x2	8	8	0	0	explicit
3s3__group.4364__Z9	288	2x2	4	4	0	0	explicit
3s3__group.4386__Z9	576	2x2x2x2	10	10	0	0	explicit
3s3__group.4366__Z3	288	2x2	4	4	0	0	explicit
3s3__group.4367__Z3	288	2x4	6	6	0	0	explicit
3s3__group.4358__Z2	192	2x2	3	3	0	0	explicit
3s3__group.4365__Z1	288	2x2x4	12	12	0	0	explicit
3s3__group.4346__Z3	1152	2x2x2x2	16	16	0	0	explicit
3s3__group.4387__Z8	576	2x2x2	8	8	0	0	explicit
3s3__group.4379__Z12	576	2x2x2	8	8	0	0	explicit
3s3__group.4389__Z5	576	2x2x2x2	16	16	0	0	explicit
3s3__group.4387__Z1	576	2x2x4x4	21	22	1	0	explicit
3s3__group.4360__Z2	288	2x2	3	3	0	0	explicit
3s3__group.4365__Z10	288	2x4	6	6	0	0	explicit
3s3__group.4366__Z4	288	2x2	3	3	0	0	explicit
3s3__group.4367__Z4	288	2x2	4	4	0	0	explicit
3s3__group.4387__Z9	576	2x2x2x2	10	10	0	0	explicit
3s3__group.4389__Z6	576	2x2x2	8	8	0	0	explicit
3s3__group.4379__Z8	576	2x2x2x2	16	16	0	0	explicit
3s3__group.4387__Z2	576	2x2	3	3	0	0	explicit
3s3__group.4379__Z13	576	2x2x2x2	16	16	0	0	explicit
3s3__group.4358__Z3	192	2x2x2x2x2	18	20	2	0	explicit
3s3__group.4360__Z3	288	2x2x2	6	6	0	0	explicit
3s3__group.4383__Z6	576	2x2	3	3	0	0	explicit
3s3__group.4367__Z5	288	2x4	6	6	0	0	explicit
3s3__group.4387__Z3	576	2x2x4	12	12	0	0	explicit
3s3__group.4389__Z1	576	2x2x2x2	16	16	0	0	explicit
3s3__group.4389__Z7	576	2x2	4	4	0	0	explicit
3s3__group.4366__Z5	288	2x2	4	4	0	0	explicit
3s3__group.4360__Z4	288	2x2	4	4	0	0	explicit
3s3__group.4379__Z2	576	2x2	4	4	0	0	explicit
3s3__group.4358__Z4	192	2x2x2	6	6	0	0	explicit
3s3__group.4389__Z8	576	2x2x2x2	16	16	0	0	explicit
3s3__group.4387__Z4	576	2x4	6	6	0	0	explicit
3s3__group.4367__Z6	288	2x2	3	3	0	0	explicit
3s3__group.4379__Z9	576	2x2	4	4	0	0	explicit
3s3__group.4389__Z10	576	2x2	4	4	0	0	explicit
3s3__group.4379__Z3	576	2x2x2x2	12	12	0	0	explicit
3s3__group.4399__Z7	96	2x2x2	8	8	0	0	explicit
3s3__group.4399__Z10	96	2x2x2x2	9	10	1	0	explicit
3s3__group.4387__Z5	576	2x2x2x4	24	24	0	0	explicit
3s3__group.4346__Z4	1152	2x2x2	8	8	0	0	explicit
3s3__group.4389__Z9	576	2x2	4	4	0	0	explicit
3s3__group.4389__Z11	576	2x2x2	8	8	0	0	explicit
3s3__group.4383__Z7	576	2x2x2	5	5	0	0	explicit
3s3__group.4367__Z7	288	2x4	4	4	0	0	explicit
3s3__group.4379__Z4	576	2x2	4	4	0	0	explicit
3s3__group.4387__Z6	576	2x2	3	3	0	0	explicit
3s3__group.4383__Z1	576	2x2x2x2	10	10	0	0	explicit
3s3__group.4399__Z8	96	2x2	4	4	0	0	explicit
3s3__group.4366__Z6	288	2x2	3	3	0	0	explicit
3s3__group.4389__Z12	576	2x2x2	8	8	0	0	explicit
3s3__group.4397__Z14	96	2x2x2x2	7	7	0	0	explicit
3s3__group.4397__Z1	96	2x2x2x2x2x2x2x2	34	34	0	0	explicit
3s3__group.4379__Z5	576	2x2x2x2x2	24	24	0	0	explicit
3s3__group.4387__Z7	576	4x4	6	6	0	0	explicit
3s3__group.4399__Z11	96	2x2	4	4	0	0	explicit
3s3__group.4367__Z8	288	2	2	2	0	0	explicit
3s3__group.4399__Z9	96	2x2x2x2	10	10	0	0	explicit
3s3__group.4389__Z13	576	2x2x2x2	16	16	0	0	explicit
3s3__group.4399__Z12	96	2x2x2	8	8	0	0	explicit
3s3__group.4397__Z10	96	2x2x2x2x2x2x2	22	22	0	0	explicit
3s3__group.4397__Z2	96	2x2	3	3	0	0	explicit
3s3__group.4400__Z1	96	2x2x4x4	21	22	1	0	explicit
3s3__group.4346__Z5	1152	2x2x2x2x2x2	64	64	0	0	explicit
3s3__group.4366__Z7	288	2x2	3	3	0	0	explicit
3s3__group.4383__Z10	576	2x2x2x2	10	10	0	0	explicit
3s3__group.4389__Z2	576	2x2	4	4	0	0	explicit
3s3__group.4400__Z3	96	2x2x2	6	6	0	0	explicit
3s3__group.4399__Z13	96	2x2	3	3	0	0	explicit
3s3__min.466__Z12	48	2x2x2	4	4	0	0	explicit
3s3__group.4400__Z10	96	2x2x2x4	13	14	1	0	explicit
3s3__min.466__Z13	48	1	1	1	0	0	trivial
3s3__group.4383__Z8	576	2x2	4	4	0	0	explicit
3s3__group.4389__Z3	576	2x2x2	8	8	0	0	explicit
3s3__group.4397__Z11	96	2x2x2	4	4	0	0	explicit
3s3__group.4400__Z4	96	2x4	4	4	0	0	explicit
3s3__group.4366__Z8	288	2	2	2	0	0	explicit
3s3__group.4399__Z14	96	2x2	3	3	0	0	explicit
3s3__group.4400__Z5	96	2x2x2x4	24	24	0	0	explicit
3s3__group.4397__Z3	96	2x2x2x2	6	6	0	0	explicit
3s3__group.4389__Z4	576	2x2	4	4	0	0	explicit
3s3__group.4397__Z12	96	2x2x2x2	8	8	0	0	explicit
3s3__min.466__Z9	48	2x2x2x2x2x2	13	13	0	0	explicit
3s3__min.466__Z14	48	2x2	3	3	0	0	explicit
3s3__group.4400__Z11	96	2x2	4	4	0	0	explicit
3s3__group.4383__Z9	576	2x2x2	8	8	0	0	explicit
4-1ps1c1__group.4401__Z1	16	2x2x2	4	4	0	0	explicit
3s3__group.4397__Z13	96	2x2	3	3	0	0	explicit
3s3__group.4400__Z6	96	2x2x2	8	8	0	0	explicit
3s3__group.4346__Z6	1152	2x2	3	3	0	0	explicit
4-1ps1c1__group.4401__Z2	16	2x2	3	3	0	0	explicit
3s3__group.4400__Z12	96	2x2x2	8	8	0	0	explicit
3s3__group.4399__Z2	96	2x2	3	3	0	0	explicit
4-1ps2-1__group.4421__Z1	32	2x2	4	4	0	0	explicit
3s3__group.4386__Z1	576	2x2x2x2	10	10	0	0	explicit
4-1ps1c1__group.4402__Z1	16	2x2x2	4	4	0	0	explicit
3s3__group.4383__Z2	576	2x2x2x2	9	9	0	0	explicit
4-1ps1c1__group.4404__Z2	16	2x2x2x2	9	9	0	0	explicit
3s3__group.4397__Z4	96	2x2x2	5	5	0	0	explicit
4-1ps1c1__group.4402__Z2	16	2x2	3	3	0	0	explicit
3s3__group.4400__Z7	96	2x2x4	12	12	0	0	explicit
3s3__min.466__Z2	48	2x4	4	4	0	0	explicit
4-1ps1c1__group.4402__Z3	16	2x2x2	4	4	0	0	explicit
4-1ps2-1__group.4421__Z2	32	2	2	2	0	0	explicit
3s3__group.4400__Z13	96	2x2	3	3	0	0	explicit
3s3__group.4386__Z2	576	2x2	3	3	0	0	explicit
4-1ps2-1__min.472__Z2	32	2	2	2	0	0	explicit
3s3__group.4399__Z3	96	2x2x2	6	6	0	0	explicit
4-1ps1c1__group.4402__Z4	16	2x2	3	3	0	0	explicit
4-1ps2-1__min.475__Z1	8	1	1	1	0	0	trivial
4-1ps2-1__min.475__Z2	8	1	1	1	0	0	trivial
4-1ps2-1__min.475__Z3	8	1	1	1	0	0	trivial
3s3__group.4397__Z5	96	2x2x2x2x2x2x2	32	32	0	0	explicit
4-1ps1c1__group.4403__Z1	16	2x8x8	8	8	0	0	explicit
3s3__group.4400__Z8	96	2x4	6	6	0	0	explicit
3s3__min.466__Z3	48	2x2	2	2	0	0	explicit
3s3__group.4383__Z3	576	2x2x2	8	8	0	0	explicit
4-1ps2-2__group.4432__Z1	48	2	2	2	0	0	explicit
3s3__group.4386__Z3	576	2x2x2	8	8	0	0	explicit
4-1ps2-2__group.4433__Z1	48	2	2	2	0	0	explicit
4-1ps1c1__group.4403__Z2	16	4x8	6	6	0	0	explicit
3s3__group.4399__Z4	96	2x2	3	3	0	0	explicit
4-1ps2-2__group.4433__Z2	48	2	2	2	0	0	explicit
3s3__group.4400__Z14	96	4x4	6	6	0	0	explicit
4-1ps1c1__group.4404__Z1	16	2x2x2x2x2	10	10	0	0	explicit
4-1ps2-1__group.4422__Z1	32	2x2x2x2	12	12	0	0	explicit
4-1ps2-2__group.4434__Z1	48	2	2	2	0	0	explicit
3s3__group.4397__Z6	96	2x2x2x2	8	8	0	0	explicit
3s3__group.4400__Z9	96	2x2x2x2	10	10	0	0	explicit
4-1ps1c1__group.4405__Z1	32	2x2x2x2x2x2	20	20	0	0	explicit
3s3__min.466__Z4	48	2x2	3	3	0	0	explicit
4-1ps2-2__group.4435__Z1	48	2	2	2	0	0	explicit
3s3__group.4386__Z4	576	2x2	4	4	0	0	explicit
3s3__group.4399__Z5	96	2x2x2x2	16	16	0	0	explicit
4-1ps2-1__group.4422__Z2	32	2x2	3	3	0	0	explicit
4-1ps2-2__group.4443__Z1	96	2x2	4	4	0	0	explicit
3s3__group.4346__Z7	1152	2x2x2	6	6	0	0	explicit
3s3__group.4397__Z7	96	2x2x2x2x2	12	12	0	0	explicit
3s3__min.466__Z1	48	2x2x2x2x2x2	13	13	0	0	explicit
3s3__min.466__Z5	48	2x2x2x2x2x2	20	20	0	0	explicit
3s3__group.4383__Z4	576	2x2x2	6	6	0	0	explicit
3s3__group.4386__Z5	576	2x2x2x2	16	16	0	0	explicit
3s3__group.4400__Z2	96	2x4	4	4	0	0	explicit
4-1ps2-2__min.476__Z1	24	1	1	1	0	0	trivial
4-1ps2-2__min.477__Z1	24	1	1	1	0	0	trivial
4-1ps2-1__group.4422__Z3	32	2x2	3	3	0	0	explicit
3s3__group.4399__Z6	96	2x2x2	6	8	2	0	explicit
4-1ps2-1__group.4422__Z4	32	2x2x2	6	6	0	0	explicit
3s3__min.466__Z6	48	2x2x2	4	4	0	0	explicit
3s3__group.4386__Z6	576	2x2	3	3	0	0	explicit
4-1ps2-1__group.4422__Z5	32	2x2x2	6	6	0	0	explicit
4-1ps1c1__group.4405__Z2	32	2x2x2x2	9	9	0	0	explicit
3s3__min.466__Z10	48	2x2x2x2x2x2	13	13	0	0	explicit
4-1ps1c1__min.467__Z1	8	1	1	1	0	0	trivial
3s3__min.466__Z7	48	2x2x2	4	4	0	0	explicit
3s3__group.4397__Z8	96	2x2x2	6	6	0	0	explicit
3s3__group.4383__Z5	576	2x2x2x2	16	16	0	0	explicit
4-1ps1c1__min.467__Z2	8	1	1	1	0	0	trivial
4-1ps2-1__group.4425__Z1	64	2x2x2x2	16	16	0	0	explicit
4-1ps1c1__min.468__Z1	8	8x8	4	4	0	0	explicit
4-1ps2-1__group.4425__Z2	64	2x2	4	4	0	0	explicit
4-1ps2-1__min.472__Z1	32	2x2	4	4	0	0	explicit
3s3__min.466__Z11	48	2x2	2	2	0	0	explicit
3s3__group.4397__Z9	96	2x2x2x2x2x2	13	13	0	0	explicit
4-1ps1c1__min.468__Z2	8	4x8	6	6	0	0	explicit
3s3__min.466__Z8	48	2x2	4	4	0	0	explicit
3s3__group.4346__Z8	1152	2x2x2x2	16	16	0	0	explicit
4-1s1c1__group.4468__Z1	16	2x2x2x2x2x2x2x2	13	13	0	0	explicit
4-1ps2-1__group.4419__Z1	16	2x2	4	4	0	0	explicit
3s3__group.4399__Z1	96	2x2x2x2	10	10	0	0	explicit
4-1ps2-1__group.4419__Z2	16	2x2	3	3	0	0	explicit
4-1s1c1__group.4452__Z1	1152	2x2	2	2	0	0	explicit
4-1s1c1__group.4477__Z4	192	1	1	1	0	0	trivial
4-1s1c1__group.4471__Z6	16	2x2x2x2x2	20	20	0	0	explicit
4-1s1c1__group.4483__Z3	192	2x2	3	3	0	0	explicit
4-1s1c1__group.4492__Z1	24	3x3	2	2	0	0	explicit
4-1ps2-1__group.4419__Z3	16	2	2	2	0	0	explicit
4-1s1c1__group.4470__Z1	16	2x2x2x2x2x2x2x2x2x2	58	58	0	0	explicit
4-1s1c1__group.4477__Z5	192	2	2	2	0	0	explicit
4-1s1c1__group.4483__Z4	192	2x2x2	4	4	0	0	explicit
4-1s1c1__group.4472__Z8	16	2x2x2x2x2	20	20	0	0	explicit
4-1s1c1__group.4483__Z5	192	2x2	3	3	0	0	explicit
4-1s1c1__group.4468__Z2	16	2x2x2x2	4	4	0	0	explicit
4-1s1c1__group.4471__Z7	16	2x2x2x2x2	10	10	0	0	explicit
4-1s1c1__group.4498__Z1	288	2x2	2	2	0	0	explicit
4-1s1c1__group.4477__Z6	192	2	2	2	0	0	explicit
4-1s1c1__group.4482__Z1	192	3x6	4	4	0	0	explicit
4-1s1c1__group.4484__Z1	192	2x4x4	6	6	0	0	explicit
4-1s1c1__group.4475__Z2	16	4x4	5	5	0	0	explicit
4-1s1c1__group.4485__Z1	192	2x2x2	4	4	0	0	explicit
4-1s1c1__group.4482__Z2	192	3x3	2	2	0	0	explicit
4-1s1c1__group.4475__Z3	16	2x4x4	6	6	0	0	explicit
4-1s1c1__group.4482__Z3	192	3x6	4	4	0	0	explicit
4-1s1c1__group.4471__Z8	16	2x2x2x2x2	16	16	0	0	explicit
4-1s1c1__group.4482__Z4	192	3x3	2	2	0	0	explicit
4-1s1c1__group.4486__Z1	192	2x2x2x2x2	10	10	0	0	explicit
4-1s1c1__group.4473__Z1	16	2x2x2x2x2	10	10	0	0	explicit
4-1s1c1__group.4492__Z2	24	3x3	2	2	0	0	explicit
4-1s1c1__group.4482__Z5	192	3x3	2	2	0	0	explicit
4-1s1c1__group.4475__Z4	16	2x4	4	4	0	0	explicit
4-1s1c1__group.4487__Z1	192	2x6x6	8	8	0	0	explicit
4-1s1c1__group.4504__Z4	32	2x2x4	8	8	0	0	explicit
4-1s1c1__group.4483__Z1	192	2x2	2	2	0	0	explicit
4-1s1c1__group.4483__Z2	192	2x2x2	4	4	0	0	explicit
4-1s1c1__group.4468__Z3	16	2x2	2	2	0	0	explicit
4-1s1c1__group.4468__Z4	16	2x2x2x2x2	6	6	0	0	explicit
4-1s1c1__group.4476__Z1	16	2x2x2	4	4	0	0	explicit
4-1s1c1__group.4488__Z1	192	2x2x2	4	4	0	0	explicit
4-1s1c1__group.4472__Z1	16	2x2x2x2x2x2x2x2	46	46	0	0	explicit
4-1s1c1__group.4462__Z1	128	2x2x2x2x2x2x2x2x2x2	148	148	0	0	explicit
4-1s1c1__group.4500__Z5	32	2x2x2x2x2x2x2x2	84	84	0	0	explicit
4-1s1c1__group.4468__Z5	16	2x2x2x2x2	8	8	0	0	explicit
4-1s1c1__group.4489__Z1	192	2x2x2x2x2x2	7	7	0	0	explicit
4-1s1c1__group.4492__Z3	24	3x3	2	2	0	0	explicit
4-1s1c1__group.4470__Z2	16	2x2x2x2x2x2	21	21	0	0	explicit
4-1s1c1__group.4473__Z2	16	2x2x2x2	9	9	0	0	explicit
4-1s1c1__group.4492__Z4	24	3x3	2	2	0	0	explicit
4-1s1c1__group.4503__Z2	32	2x2x2x2x2x2	21	21	0	0	explicit
4-1s1c1__group.4499__Z1	32	2x2x2x2x2x2x2x2x2x2x2x2x2x2	140	140	0	0	explicit
4-1s1c1__group.4473__Z3	16	2x2x2x2x2	10	10	0	0	explicit
4-1s1c1__group.4492__Z5	24	3x3	2	2	0	0	explicit
4-1s1c1__group.4469__Z1	16	2x2x2x2x2x2x2x2	22	22	0	0	explicit
4-1s1c1__group.4490__Z1	192	2x2x2x2x2	8	8	0	0	explicit
4-1s1c1__group.4507__Z2	32	2x2x2x2	7	7	0	0	explicit
4-1s1c1__group.4492__Z6	24	3x3	2	2	0	0	explicit
4-1s1c1__group.4493__Z1	24	6x6	4	4	0	0	explicit
4-1s1c1__group.4476__Z2	16	2x2	3	3	0	0	explicit
4-1s1c1__group.4507__Z3	32	2x2x2x2x2x2	13	13	0	0	explicit
4-1s1c1__group.4473__Z4	16	2x2x2x2	9	9	0	0	explicit
4-1s1c1__group.4501__Z1	32	2x2x2x2x4x4	28	28	0	0	explicit
4-1s1c1__group.4476__Z3	16	2x2x2	4	4	0	0	explicit
4-1s1c1__group.4494__Z1	24	2x2x6x6	6	6	0	0	explicit
4-1s1c1__group.4499__Z2	32	2x2x2x2x2x2x2x2	21	21	0	0	explicit
4-1s1c1__group.4476__Z4	16	2x2	3	3	0	0	explicit
4-1s1c1__group.4507__Z4	32	2x2x2x2	8	8	0	0	explicit
4-1s1c1__group.4509__Z4	32	2x2x2x2	9	9	0	0	explicit
4-1s1c1__group.4477__Z1	192	2x2	2	2	0	0	explicit
4-1s1c1__group.4462__Z2	128	2x2x2x2x2x2	26	26	0	0	explicit
4-1s1c1__group.4474__Z1	16	2x2x2	4	4	0	0	explicit
4-1s1c1__group.4477__Z2	192	2x2	2	2	0	0	explicit
4-1s1c1__group.4472__Z2	16	2x2x2x2	7	7	0	0	explicit
4-1s1c1__group.4505__Z1	32	2x2x2x2x2x2x2x2	44	44	0	0	explicit
4-1s1c1__group.4477__Z3	192	1	1	1	0	0	trivial
4-1s1c1__group.4503__Z3	32	2x2x2x2x2x2	19	19	0	0	explicit
4-1s1c1__group.4470__Z3	16	2x2x2x2	6	6	0	0	explicit
4-1s1c1__group.4495__Z1	24	2x2	2	2	0	0	explicit
4-1s1c1__group.4499__Z3	32	2x2x2x2x2x2	7	7	0	0	explicit
4-1s1c1__group.4469__Z2	16	2x2x2x2	7	7	0	0	explicit
4-1s1c1__group.4462__Z3	128	2x2x2x2x2x2x2x2x2	88	88	0	0	explicit
4-1s1c1__group.4512__Z1	32	2x2x2x2x2x2	16	16	0	0	explicit
4-1s1c1__group.4470__Z4	16	2x2x2x2x2x2x2	22	22	0	0	explicit
4-1s1c1__group.4499__Z4	32	2x2x2x2x2x2x2x2x2x2	33	33	0	0	explicit
4-1s1c1__group.4497__Z1	288	3x3x3x3	5	6	1	0	explicit
4-1s1c1__group.4508__Z1	32	2x2x2x2x4x4	28	28	0	0	explicit
4-1s1c1__group.4501__Z2	32	2x2x2x4x4	24	24	0	0	explicit
4-1s1c1__group.4499__Z5	32	2x2x2x2x2x2x2x2x2x2	67	67	0	0	explicit
4-1s1c1__group.4510__Z1	32	2x2x2x2x2x2	20	20	0	0	explicit
4-1s1c1__group.4462__Z4	128	2x2x2x2x2x2x2	42	42	0	0	explicit
4-1s1c1__group.4470__Z5	16	2x2x2x2x2x2x2	44	44	0	0	explicit
4-1s1c1__group.4465__Z1	144	1	1	1	0	0	trivial
4-1s1c1__group.4474__Z2	16	2x2	3	3	0	0	explicit
4-1s1c1__group.4514__Z3	32	2x2x2x4x4	16	16	0	0	explicit
4-1s1c1__group.4501__Z3	32	2x2x2x2x4x4	21	21	0	0	explicit
4-1s1c1__group.4474__Z3	16	2x2x2	4	4	0	0	explicit
4-1s1c1__group.4466__Z1	144	3x3x3x3	6	7	1	0	explicit
4-1s1c1__group.4514__Z4	32	2x2x2x2x4	26	26	0	0	explicit
4-1s1c1__group.4469__Z3	16	2x4	4	4	0	0	explicit
4-1s1c1__group.4505__Z2	32	2x2x2x2x2x2	21	21	0	0	explicit
4-1s1c1__group.4467__Z1	144	2x2	2	2	0	0	explicit
4-1s1c1__group.4469__Z4	16	2x2x2x2x2	8	8	0	0	explicit
4-1s1c1__group.4474__Z4	16	2x2	3	3	0	0	explicit
4-1s1c1__group.4501__Z4	32	2x2x2x4x4	27	27	0	0	explicit
4-1s1c1__group.4505__Z3	32	2x2x2x2x2x2x2x2	37	37	0	0	explicit
4-1s1c1__group.4471__Z1	16	2x2x2x2x2x2x2x2	50	50	0	0	explicit
4-1s1c1__group.4515__Z1	32	2x2x2x2	8	8	0	0	explicit
4-1s1c1__group.4508__Z2	32	2x2x4x4	15	15	0	0	explicit
4-1s1c1__group.4469__Z5	16	2x2x2x2x2	14	14	0	0	explicit
4-1s1c1__group.4512__Z2	32	2x2x2x2	8	8	0	0	explicit
4-1s1c1__group.4508__Z3	32	2x2x2x2x4x4	22	22	0	0	explicit
4-1s1c1__group.4502__Z1	32	2x2x2x2	8	8	0	0	explicit
4-1s1c1__group.4505__Z4	32	2x2x2x2x2x2	26	26	0	0	explicit
4-1s1c1__group.4475__Z1	16	2x4x4	6	6	0	0	explicit
4-1s1c1__group.4472__Z3	16	2x2x2x2	9	9	0	0	explicit
4-1s1c1__group.4517__Z1	32	2x2x4x4	12	12	0	0	explicit
4-1s1c1__group.4512__Z3	32	2x2x2x2x2x2	16	16	0	0	explicit
4-1s1c1__group.4500__Z1	32	2x2x2x2x2x2x2x2x2x2x2x2	192	192	0	0	explicit
4-1s1c1__group.4526__Z1	48	1	1	1	0	0	trivial
4-1s1c1__group.4510__Z2	32	2x2x2x2	9	9	0	0	explicit
4-1s1c1__group.4526__Z2	48	1	1	1	0	0	trivial
4-1s1c1__group.4503__Z4	32	2x2x2x2	9	9	0	0	explicit
4-1s1c1__group.4526__Z3	48	1	1	1	0	0	trivial
4-1s1c1__group.4508__Z4	32	2x2x2x4	12	12	0	0	explicit
4-1s1c1__group.4515__Z2	32	2x2	3	3	0	0	explicit
4-1s1c1__group.4510__Z3	32	2x2x2x2x2x2	20	20	0	0	explicit
4-1s1c1__group.4526__Z4	48	2	2	2	0	0	explicit
4-1s1c1__group.4512__Z4	32	2x2x2x2	8	8	0	0	explicit
4-1s1c1__group.4515__Z3	32	2x2x2	4	4	0	0	explicit
4-1s1c1__group.4526__Z5	48	2	2	2	0	0	explicit
4-1s1c1__group.4503__Z5	32	2x2x2x2x2x2x2x2	37	37	0	0	explicit
4-1s1c1__group.4517__Z2	32	4x4	5	5	0	0	explicit
4-1s1c1__group.4515__Z4	32	2x2x2	6	6	0	0	explicit
4-1s1c1__group.4526__Z6	48	2x2	2	2	0	0	explicit
4-1s1c1__group.4510__Z4	32	2x2x2x2	9	9	0	0	explicit
4-1s1c1__group.4517__Z3	32	2x4x4	6	6	0	0	explicit
4-1s1c1__group.4517__Z4	32	2x2x4	8	8	0	0	explicit
4-1s1c1__group.4527__Z5	48	3x3	2	2	0	0	explicit
4-1s1c1__group.4471__Z2	16	2x2x2x2	10	10	0	0	explicit
4-1s1c1__group.4527__Z1	48	3x3	2	2	0	0	explicit
4-1s1c1__group.4516__Z1	32	2x2x4x4	12	12	0	0	explicit
4-1s1c1__group.4524__Z1	384	2x2x2	4	4	0	0	explicit
4-1s1c1__group.4506__Z1	32	2x2x2x2x2x2	20	20	0	0	explicit
4-1s1c1__group.4503__Z6	32	2x2x2x2x2x2x2x2	84	84	0	0	explicit
4-1s1c1__group.4472__Z4	16	2x2	3	3	0	0	explicit
4-1s1c1__group.4524__Z2	384	2x2x2	4	4	0	0	explicit
4-1s1c1__group.4509__Z1	32	2x2x2x2x2x2	20	20	0	0	explicit
4-1s1c1__group.4528__Z1	48	2x2	2	2	0	0	explicit
4-1s1c1__group.4527__Z2	48	3x3	2	2	0	0	explicit
4-1s1c1__group.4472__Z5	16	2x2x2x2x2	8	8	0	0	explicit
4-1s1c1__group.4502__Z2	32	2x2x2	5	5	0	0	explicit
4-1s1c1__group.4533__Z1	48	2x2x2	4	4	0	0	explicit
4-1s1c1__group.4503__Z7	32	2x2x2x2x2x2x2x2	29	29	0	0	explicit
4-1s1c1__group.4524__Z3	384	2x2	3	3	0	0	explicit
4-1s1c1__group.4502__Z3	32	2x2x2x2	6	6	0	0	explicit
4-1s1c1__group.4513__Z1	32	2x2x2x2x2x2	20	20	0	0	explicit
4-1s1c1__group.4524__Z4	384	2x2x2x2	8	8	0	0	explicit
4-1s1c1__group.4516__Z2	32	4x4	5	5	0	0	explicit
4-1s1c1__group.4472__Z6	16	2x2x2x2x2	14	14	0	0	explicit
4-1s1c1__group.4516__Z3	32	2x4x4	6	6	0	0	explicit
4-1s1c1__group.4524__Z5	384	2x2	3	3	0	0	explicit
4-1s1c1__group.4472__Z7	16	2x2x2x2x2	10	10	0	0	explicit
4-1s1c1__group.4503__Z8	32	2x2x2x2x2x2x2x2	60	60	0	0	explicit
4-1s1c1__group.4502__Z4	32	2x2x2	6	6	0	0	explicit
4-1s1c1__group.4511__Z1	32	2x2x2x2x2x2x2x2x2x2x2x2	192	192	0	0	explicit
4-1s1c1__group.4534__Z1	48	2x2x2x2	3	3	0	0	explicit
4-1s1c1__group.4516__Z4	32	2x2x4	8	8	0	0	explicit
4-1s1c1__group.4471__Z3	16	2x2x2x2	9	9	0	0	explicit
4-1s1c1__group.4528__Z2	48	2x2	3	3	0	0	explicit
4-1s1c1__group.4527__Z3	48	3x3	2	2	0	0	explicit
4-1s1c1__group.4525__Z1	384	2x2x2x2x2	10	10	0	0	explicit
4-1s1c1__group.4528__Z3	48	2x2x2	4	4	0	0	explicit
4-1s1c1__group.4527__Z4	48	3x6	4	4	0	0	explicit
4-1s1c1__group.4500__Z2	32	2x2x2x2x2x2	21	21	0	0	explicit
4-1s1c1__group.4504__Z1	32	2x2x4x4	12	12	0	0	explicit
4-1s1c1__group.4528__Z4	48	2x2	3	3	0	0	explicit
4-1s1c1__group.4535__Z1	48	2x2	2	2	0	0	explicit
4-1s1c1__group.4509__Z2	32	2x2x2x2	9	9	0	0	explicit
4-1s1c1__group.4504__Z2	32	2x2x4	8	8	0	0	explicit
4-1s1c1__group.4536__Z1	48	2x2x2x2	5	5	0	0	explicit
4-1s1c1__group.4558__Z2	64	2x2x2x2	8	8	0	0	explicit
4-1s1c1__group.4509__Z3	32	2x2x2x2x2x2	20	20	0	0	explicit
4-1s1c1__group.4553__Z4	64	2x2x2x2x2	18	18	0	0	explicit
4-1s1c1__group.4558__Z3	64	2x2x2x2x2x2	16	16	0	0	explicit
4-1s1c1__group.4513__Z2	32	2x2x2x2	9	9	0	0	explicit
4-1s1c1__group.4528__Z5	48	2x2	2	2	0	0	explicit
4-1s1c1__group.4529__Z1	48	2x2	2	2	0	0	explicit
4-1s1c1__group.4504__Z3	32	2x2x4x4	9	9	0	0	explicit
4-1s1c1__group.4558__Z4	64	2x2x2x2x2	14	14	0	0	explicit
4-1s1c1__group.4513__Z3	32	2x2x2x2x2x2	20	20	0	0	explicit
4-1s1c1__group.4530__Z1	48	2x2x6x6	12	12	0	0	explicit
4-1s1c1__group.4537__Z1	48	6x6	4	4	0	0	explicit
4-1s1c1__group.4555__Z1	64	2x2x2x2x2x4x4	44	44	0	0	explicit
4-1s1c1__group.4531__Z1	48	2x2	3	3	0	0	explicit
4-1s1c1__group.4471__Z4	16	2x2	3	3	0	0	explicit
4-1s1c1__group.4503__Z1	32	2x2x2x2x2x2x2x2x2x2x2x2	296	296	0	0	explicit
4-1s1c1__group.4471__Z5	16	2x2x2x2x2	10	10	0	0	explicit
4-1s1c1__group.4538__Z1	48	2x2	2	2	0	0	explicit
4-1s1c1__group.4513__Z4	32	2x2x2x2	9	9	0	0	explicit
4-1s1c1__group.4548__Z2	64	2x2x2x2x2x2	21	21	0	0	explicit
4-1s1c1__group.4566__Z4	64	2x2x2x2x2	18	18	0	0	explicit
4-1s1c1__group.4500__Z3	32	2x2x2x2	6	6	0	0	explicit
4-1s1c1__group.4555__Z2	64	2x2x4x4	15	15	0	0	explicit
4-1s1c1__group.4565__Z1	64	2x2x2x2x2x4x4	64	64	0	0	explicit
4-1s1c1__group.4506__Z2	32	2x2x2x2	9	9	0	0	explicit
4-1s1c1__group.4532__Z1	48	3x6	4	4	0	0	explicit
4-1s1c1__group.4567__Z1	72	3x3x3x3	6	7	1	0	explicit
4-1s1c1__group.4555__Z3	64	2x2x2x2x4x4	28	28	0	0	explicit
4-1s1c1__group.4514__Z1	32	2x2x2x2x4x4	32	32	0	0	explicit
4-1s1c1__group.4506__Z3	32	2x2x2x2x2x2	15	15	0	0	explicit
4-1s1c1__group.4569__Z1	96	6x6	4	4	0	0	explicit
4-1s1c1__group.4548__Z3	64	2x2x2x2x2x2x2x2x2	74	74	0	0	explicit
4-1s1c1__group.4500__Z4	32	2x2x2x2x2x2x2x2	37	37	0	0	explicit
4-1s1c1__group.4511__Z2	32	2x2x2x2x2x2	21	21	0	0	explicit
4-1s1c1__group.4555__Z4	64	2x2x2x2x4	24	24	0	0	explicit
4-1s1c1__group.4578__Z1	96	2x6x6	8	8	0	0	explicit
4-1s1c1__group.4569__Z2	96	3x3	2	2	0	0	explicit
4-1s1c1__group.4570__Z3	96	2x2	3	3	0	0	explicit
4-1s1c1__group.4539__Z1	48	4x4	3	3	0	0	explicit
4-1s1c1__group.4506__Z4	32	2x2x2x2	10	10	0	0	explicit
4-1s1c1__min.480__Z4	16	2x2	3	3	0	0	explicit
4-1s1c1__group.4570__Z4	96	2x2x2x2	8	8	0	0	explicit
4-1s1c1__group.4540__Z1	576	1	1	1	0	0	trivial
4-1s1c1__group.4569__Z3	96	3x3	2	2	0	0	explicit
4-1s1c1__group.4569__Z4	96	3x3	2	2	0	0	explicit
4-1s1c1__group.4548__Z4	64	2x2x2x2x2x2	26	26	0	0	explicit
4-1s1c1__group.4514__Z2	32	2x2x4x4	16	16	0	0	explicit
4-1s1c1__group.4556__Z1	64	2x2x2x2x2x2x2x2x2	74	74	0	0	explicit
4-1s1c1__group.4569__Z5	96	3x3	2	2	0	0	explicit
4-1s1c1__group.4579__Z1	96	2x2x2	4	4	0	0	explicit
4-1s1c1__min.487__Z4	8	2x2x2x2	3	3	0	0	explicit
4-1s1c1__group.4569__Z6	96	3x3	2	2	0	0	explicit
4-1s1c1__group.4543__Z1	576	2x2	2	2	0	0	explicit
4-1s1c1__min.487__Z5	8	2x2x2x2	4	4	0	0	explicit
4-1s1c1__group.4565__Z2	64	2x2x4x4	16	16	0	0	explicit
4-1s1s1__group.4583__Z4	1152	1	1	1	0	0	trivial
4-1s1c1__min.481__Z1	16	2x2x2	4	4	0	0	explicit
4-1s1c1__group.4570__Z5	96	2x2	3	3	0	0	explicit
4-1s1c1__min.488__Z1	8	2x2x2x2	4	4	0	0	explicit
4-1s1c1__group.4544__Z1	576	3x3x3x3	5	6	1	0	explicit
4-1s1s1__group.4587__Z1	1152	6x6	16	20	4	0	explicit
4-1s1c1__group.4570__Z1	96	2x2x2	4	4	0	0	explicit
4-1s1c1__group.4549__Z1	64	2x2x2x2x2x2x2	40	40	0	0	explicit
4-1s1c1__group.4571__Z1	96	2x2x2x2	6	6	0	0	explicit
4-1s1s1__group.4595__Z3	128	2x2x2x2x2	32	32	0	0	explicit
4-1s1c1__group.4580__Z1	96	2x2x2x2	5	5	0	0	explicit
4-1s1s1__group.4587__Z2	1152	3x3	4	5	1	0	explicit
4-1s1c1__group.4507__Z1	32	2x2x2x2x2x2	16	16	0	0	explicit
4-1s1c1__group.4565__Z3	64	2x2x2x2x4x4	32	32	0	0	explicit
4-1s1c1__group.4511__Z3	32	2x2x2x2	6	6	0	0	explicit
4-1s1c1__group.4570__Z2	96	2x2	2	2	0	0	explicit
4-1s1c1__min.488__Z2	8	2x2	3	3	0	0	explicit
4-1s1s1__group.4591__Z1	1152	2x2x2	8	8	0	0	explicit
4-1s1c1__min.488__Z3	8	1	1	1	0	0	trivial
4-1s1c1__group.4556__Z2	64	2x2x2x2x2x2	26	26	0	0	explicit
4-1s1c1__min.488__Z4	8	2x2	2	2	0	0	explicit
4-1s1s1__group.4595__Z4	128	2x2x2x2x2	24	32	8	0	explicit
4-1s1s1__group.4596__Z12	128	2x2x2x2x2	32	32	0	0	explicit
4-1s1c1__min.479__Z1	16	2x2x2x4x4	14	14	0	0	explicit
4-1s1c1__group.4556__Z3	64	2x2x2x2x2x2x2x2	44	44	0	0	explicit
4-1s1s1__group.4591__Z2	1152	2	2	2	0	0	explicit
4-1s1c1__group.4511__Z4	32	2x2x2x2x2x2x2x2	44	44	0	0	explicit
4-1s1c1__min.488__Z5	8	2x2	3	3	0	0	explicit
4-1s1c1__group.4565__Z4	64	2x2x2x2x4	26	26	0	0	explicit
4-1s1c1__group.4572__Z1	96	2x2x2	4	4	0	0	explicit
4-1s1s1__group.4583__Z1	1152	2x2	3	3	0	0	explicit
4-1s1s1__group.4595__Z5	128	2x2x2	8	8	0	0	explicit
4-1s1c1__group.4573__Z1	96	2x4x4	6	6	0	0	explicit
4-1s1c1__group.4549__Z2	64	2x2x2x2	9	9	0	0	explicit
4-1s1c1__group.4556__Z4	64	2x2x2x2x2x2x2	42	42	0	0	explicit
4-1s1s1__group.4595__Z1	128	2x2x2x2x2x2x2	128	128	0	0	explicit
4-1s1s1__group.4596__Z2	128	2x2x2x2x2x2	64	64	0	0	explicit
4-1s1s1__group.4607__Z10	128	2x2x2x2x2	32	32	0	0	explicit
4-1s1c1__group.4549__Z3	64	2x2x2x2x2x2	20	20	0	0	explicit
4-1s1s1__group.4595__Z10	128	2x2x2x2x2	24	32	8	0	explicit
4-1s1c1__group.4545__Z1	64	2x2x2x2x2x2x2x2x2x2x2x2x2x2x2x2	472	472	0	0	explicit
4-1s1c1__group.4511__Z5	32	2x2x2x2x2x2x2x2	88	88	0	0	explicit
4-1s1s1__group.4607__Z9	128	2x2x2x2x4	48	48	0	0	explicit
4-1s1s1__group.4595__Z6	128	2x2x2x2x2	24	32	8	0	explicit
4-1s1s1__group.4607__Z11	128	2x2x2x2	16	16	0	0	explicit
4-1s1s1__group.4595__Z11	128	2x2x2x2	12	16	4	0	explicit
4-1s1c1__group.4549__Z4	64	2x2x2x2x2	18	18	0	0	explicit
4-1s1s1__group.4595__Z7	128	2x2x2x2x2x2x2	128	128	0	0	explicit
4-1s1c1__group.4566__Z1	64	2x2x2x2x2x2x2	40	40	0	0	explicit
4-1s1c1__min.479__Z2	16	2x2x4x4	15	15	0	0	explicit
4-1s1c1__min.481__Z2	16	2x2	3	3	0	0	explicit
4-1s1s1__group.4607__Z12	128	2x2x2x4	24	24	0	0	explicit
4-1s1s1__group.4595__Z12	128	2x2x2x2	16	16	0	0	explicit
4-1s1s1__group.4596__Z3	128	2x2x2x2x2x2	64	64	0	0	explicit
4-1s1s1__group.4595__Z8	128	2x2x2x2x2	32	32	0	0	explicit
4-1s1c1__min.479__Z3	16	2x2x2x4x4	14	14	0	0	explicit
4-1s1s1__group.4583__Z2	1152	1	1	1	0	0	trivial
4-1s1c1__group.4574__Z1	96	3x6	4	4	0	0	explicit
4-1s1c1__min.481__Z3	16	2x2x2	4	4	0	0	explicit
4-1s1s1__group.4595__Z9	128	2x2x2x2x2	32	32	0	0	explicit
4-1s1s1__group.4608__Z1	128	2x2x2x2x2x4x4	288	320	32	0	explicit
4-1s1c1__min.481__Z4	16	2x2	3	3	0	0	explicit
4-1s1c1__group.4553__Z1	64	2x2x2x2x2x2x2	30	30	0	0	explicit
4-1s1c1__min.479__Z4	16	2x2x4x4	14	14	0	0	explicit
4-1s1c1__group.4575__Z1	96	2x2x2x2x6x6	14	14	0	0	explicit
4-1s1s1__group.4607__Z2	128	2x2x2x2x4	48	48	0	0	explicit
4-1s1s1__group.4608__Z10	128	2x2x2x2x4	40	48	8	0	explicit
4-1s1s1__group.4595__Z2	128	2x2x2x2x2	32	32	0	0	explicit
4-1s1c1__group.4545__Z2	64	2x2x2x2x2x2x2x2	21	21	0	0	explicit
4-1s1c1__group.4558__Z1	64	2x2x2x2x2x2x2	26	26	0	0	explicit
4-1s1s1__group.4596__Z4	128	2x2x2x2x2x2	48	64	16	0	explicit
4-1s1s1__group.4583__Z3	1152	2x2	3	3	0	0	explicit
4-1s1s1__group.4608__Z11	128	2x2x2x2	16	16	0	0	explicit
4-1s1c1__min.480__Z1	16	2x2x2	4	4	0	0	explicit
4-1s1c1__group.4576__Z1	96	2x2x2x2x2	8	8	0	0	explicit
4-1s1c1__min.482__Z1	24	8x8	4	4	0	0	explicit
4-1s1s1__group.4608__Z7	128	2x2x2x2x2x4x4	288	320	32	0	explicit
4-1s1s1__group.4596__Z1	128	2x2x2x2x2x2x2x2	256	256	0	0	explicit
4-1s1s1__group.4608__Z12	128	2x2x4x4	36	40	4	0	explicit
4-1s1s1__group.4607__Z3	128	2x2x2x2x2	32	32	0	0	explicit
4-1s1s1__group.4608__Z8	128	2x2x2x2x4	48	48	0	0	explicit
4-1s1c1__group.4553__Z2	64	2x2x2x2	10	10	0	0	explicit
4-1s1s1__group.4596__Z10	128	2x2x2x2x2x2	48	64	16	0	explicit
4-1s1s1__group.4596__Z5	128	2x2x2x2	16	16	0	0	explicit
4-1s1c1__group.4566__Z2	64	2x2x2x2	9	9	0	0	explicit
4-1s1c1__group.4577__Z1	96	2x2x2x2	6	6	0	0	explicit
4-1s1c1__min.483__Z1	24	3x3	2	2	0	0	explicit
4-1s1c1__group.4545__Z3	64	2x2x2x2x2x2	7	7	0	0	explicit
4-1s1s1__group.4608__Z9	128	2x2x2x4x4	72	80	8	0	explicit
4-1s1s1__group.4596__Z11	128	2x2x2x2x2	24	32	8	0	explicit
4-1s1c1__min.487__Z1	8	2x2x2x2x2x2	6	6	0	0	explicit
4-1s1s1__group.4608__Z2	128	2x2x2x2x4	48	48	0	0	explicit
4-1s1c1__min.480__Z2	16	2x2	3	3	0	0	explicit
4-1s1c1__group.4553__Z3	64	2x2x2x2x2x2	20	20	0	0	explicit
4-1s1c1__group.4566__Z3	64	2x2x2x2x2x2	20	20	0	0	explicit
4-1s1c1__min.480__Z3	16	2x2x2	4	4	0	0	explicit
4-1s1s1__group.4607__Z4	128	2x2x2x2x2	32	32	0	0	explicit
4-1s1c1__group.4545__Z4	64	2x2x2x2x2x2x2x2x2x2x2	66	66	0	0	explicit
4-1s1s1__group.4596__Z6	128	2x2x2x2x2x2	48	64	16	0	explicit
4-1s1c1__min.487__Z2	8	2x2x2x2	4	4	0	0	explicit
4-1s1s1__group.4608__Z3	128	2x2x2x4x4	72	80	8	0	explicit
4-1s1s1__group.4635__Z14	128	2x2x2x2	9	9	0	0	explicit
4-1s1s1__group.4632__Z5	128	2x2x2x2x2x2x2x2	29	37	8	0	explicit
4-1s1s1__group.4636__Z4	128	2x2x2x2x2	18	18	0	0	explicit
4-1s1s1__group.4632__Z16	128	2x2x2x2x2x2	26	30	4	0	explicit
4-1s1s1__group.4596__Z7	128	2x2x2x2x2x2x2x2	256	256	0	0	explicit
4-1s1s1__group.4607__Z5	128	2x2x2	8	8	0	0	explicit
4-1s1s1__group.4663__Z13	192	6	4	4	0	0	explicit
4-1s1c1__min.487__Z3	8	4x4	3	3	0	0	explicit
4-1s1s1__group.4632__Z6	128	2x2x2x2	5	5	0	0	explicit
4-1s1c1__group.4545__Z5	64	2x2x2x2x2x2x2x2x2x2x2	134	134	0	0	explicit
4-1s1s1__group.4596__Z8	128	2x2x2x2x2x2	64	64	0	0	explicit
4-1s1s1__group.4636__Z5	128	2x2x2x2x2	16	20	4	0	explicit
4-1s1s1__group.4635__Z15	128	2x2x2x2x2x2	25	30	5	0	explicit
4-1s1s1__group.4663__Z9	192	3	2	2	0	0	explicit
4-1s1s1__group.4663__Z14	192	6	4	4	0	0	explicit
4-1s1s1__group.4608__Z4	128	2x2x2x2x4	40	48	8	0	explicit
4-1s1s1__group.4636__Z6	128	2x2x2x2x2x2x2	80	80	0	0	explicit
4-1s1s1__group.4635__Z16	128	2x2x2x2x2x2x2x2	108	108	0	0	explicit
4-1s1s1__group.4596__Z9	128	2x2x2x2x2x2	64	64	0	0	explicit
4-1s1s1__group.4664__Z1	192	2x2x6	8	8	0	0	explicit
4-1s1s1__group.4663__Z15	192	3	2	2	0	0	explicit
4-1s1s1__group.4664__Z10	192	2x6	8	8	0	0	explicit
4-1s1s1__group.4635__Z5	128	2x2x2x2x2	16	20	4	0	explicit
4-1s1s1__group.4632__Z7	128	2x2x2x2x2x2x2x2x2x2	134	134	0	0	explicit
4-1s1s1__group.4664__Z11	192	6	4	4	0	0	explicit
4-1s1s1__group.4636__Z7	128	2x2x2x2x2	32	32	0	0	explicit
4-1s1s1__group.4663__Z2	192	3	2	2	0	0	explicit
4-1s1s1__group.4635__Z17	128	2x2x2x2x2	32	32	0	0	explicit
4-1s1s1__group.4607__Z6	128	2x2x2x2x2	32	32	0	0	explicit
4-1s1c1__group.4547__Z1	64	2x2x2x2x2x2x2	32	32	0	0	explicit
4-1s1s1__group.4664__Z12	192	6	4	4	0	0	explicit
4-1s1s1__group.4636__Z8	128	2x2x2x2x2x2	48	48	0	0	explicit
4-1s1s1__group.4663__Z3	192	2x6	8	8	0	0	explicit
4-1s1s1__group.4664__Z13	192	2x6	6	6	0	0	explicit
4-1s1s1__group.4608__Z5	128	2x2x4	12	12	0	0	explicit
4-1s1s1__group.4664__Z4	192	2x6	4	4	0	0	explicit
4-1s1s1__group.4632__Z1	128	2x2x2x2x2x2x2x2x2x2x2x2x2	802	802	0	0	explicit
4-1s1s1__group.4607__Z7	128	2x2x2x2x2x2x4	192	192	0	0	explicit
4-1s1s1__group.4635__Z6	128	2x2x2x2x2x2x2	72	72	0	0	explicit
4-1s1s1__group.4664__Z14	192	2x2x6	8	8	0	0	explicit
4-1s1s1__group.4635__Z18	128	2x2x2x2x2x2	27	30	3	0	explicit
4-1s1s1__group.4636__Z9	128	2x2x2x2	12	12	0	0	explicit
4-1s1s1__group.4663__Z4	192	6	4	4	0	0	explicit
4-1s1s1__group.4632__Z17	128	2x2x2x2x2	20	20	0	0	explicit
4-1s1s1__group.4664__Z15	192	2x6	4	4	0	0	explicit
4-1s1s1__group.4663__Z1	192	6	4	4	0	0	explicit
4-1s1s1__group.4607__Z1	128	2x2x2x2x2x2x4	192	192	0	0	explicit
4-1s1s1__group.4607__Z8	128	2x2x2x2x4	48	48	0	0	explicit
4-1s1s1__group.4635__Z7	128	2x2x2x2x2x2	48	48	0	0	explicit
4-1s1s1__group.4663__Z10	192	2x6	8	8	0	0	explicit
4-1s1s1__group.4663__Z5	192	6	4	4	0	0	explicit
4-1s1s1__group.4664__Z2	192	6	4	4	0	0	explicit
4-1s1s1__group.4635__Z19	128	2x2x2x2	12	12	0	0	explicit
4-1s1s1__group.4663__Z11	192	6	4	4	0	0	explicit
4-1s1s1__group.4632__Z18	128	2x2x2x2x2x2x2x2x2	176	176	0	0	explicit
4-1s1s1__group.4632__Z10	128	2x2x2x2x2x2x2x2	33	37	4	0	explicit
4-1s1s1__group.4635__Z8	128	2x2x2x2x2	18	20	2	0	explicit
4-1s1s1__group.4663__Z12	192	6	4	4	0	0	explicit
4-1s1s1__group.4663__Z6	192	6	4	4	0	0	explicit
4-1s1s1__group.4608__Z6	128	2x2x2x2x4	40	48	8	0	explicit
4-1s1s1__group.4664__Z3	192	6	4	4	0	0	explicit
4-1s1s1__group.4632__Z8	128	2x2x2x2x2x2x2x2	60	60	0	0	explicit
4-1s1s1__group.4664__Z5	192	3	2	2	0	0	explicit
4-1s1s1__group.4635__Z9	128	2x2x2x2	12	12	0	0	explicit
4-1s1s1__group.4663__Z7	192	3	2	2	0	0	explicit
4-1s1c1__group.4547__Z2	64	2x2x2x2x2	13	13	0	0	explicit
4-1s1s1__group.4632__Z11	128	2x2x2x2x2x2x2	22	22	0	0	explicit
4-1s1s1__group.4664__Z6	192	6	4	4	0	0	explicit
4-1s1s1__group.4632__Z9	128	2x2x2x2x2x2x2x2	33	37	4	0	explicit
4-1s1s1__group.4663__Z8	192	6	4	4	0	0	explicit
4-1s1c1__group.4547__Z3	64	2x2x2x2x2x2x2	24	24	0	0	explicit
4-1s1s1__group.4772__Z11	384	2	2	2	0	0	explicit
4-1s1s1__group.4700__Z2	256	2x2x2x2x2x2x2	128	128	0	0	explicit
4-1s1s1__group.4635__Z2	128	2x2x2x2x2	32	32	0	0	explicit
4-1s1s1__group.4636__Z1	128	2x2x2x2x2x2x2	72	72	0	0	explicit
4-1s1s1__group.4664__Z7	192	6	4	4	0	0	explicit
4-1s1s1__group.4772__Z12	384	2x2x2	6	6	0	0	explicit
4-1s1s1__group.4772__Z9	384	2x2	3	3	0	0	explicit
4-1s1s1__group.4664__Z8	192	2x6	8	8	0	0	explicit
4-1s1c1__group.4547__Z4	64	2x2x2x2x2	16	16	0	0	explicit
4-1s1s1__group.4635__Z1	128	2x2x2x2x2x2x2	72	72	0	0	explicit
4-1s1s1__group.4772__Z13	384	2	2	2	0	0	explicit
4-1s1s1__group.4664__Z9	192	2x6	6	6	0	0	explicit
4-1s1s1__group.4636__Z10	128	2x2x2x2x2	18	18	0	0	explicit
4-1s1s1__group.4777__Z1	384	2x2x2x2	6	6	0	0	explicit
4-1s1s1__group.4632__Z12	128	2x2x2x2x2x2x2x2x2x2x2	242	242	0	0	explicit
4-1s1s1__group.4777__Z6	384	2x2	3	3	0	0	explicit
4-1s1s1__group.4635__Z10	128	2x2x2x2x2x2	24	28	4	0	explicit
4-1s1s1__group.4635__Z20	128	2x2x2x2	12	12	0	0	explicit
4-1s1s1__group.4777__Z10	384	2x2	3	3	0	0	explicit
4-1s1s1__group.4772__Z2	384	2x2	4	4	0	0	explicit
4-1s1s1__group.4636__Z11	128	2x2x2	8	8	0	0	explicit
4-1s1s1__group.4777__Z7	384	2x2x2x2	10	10	0	0	explicit
4-1s1s1__group.4700__Z3	256	2x2x2x2x2x2x2	72	80	8	0	explicit
4-1s1s1__group.4783__Z11	384	2x2x2	8	8	0	0	explicit
4-1s1s1__group.4772__Z3	384	2	2	2	0	0	explicit
4-1s1s1__group.4778__Z2	384	2x6	8	8	0	0	explicit
4-1s1s1__group.4777__Z8	384	2x2x2x2	12	12	0	0	explicit
4-1s1s1__group.4783__Z12	384	2x2x2	8	8	0	0	explicit
4-1s1s1__group.4772__Z4	384	1	1	1	0	0	trivial
4-1s1s1__group.4777__Z11	384	2x2x2x2	7	7	0	0	explicit
4-1s1s1__group.4777__Z9	384	2x2	3	3	0	0	explicit
4-1s1s1__group.4783__Z13	384	2x2	4	4	0	0	explicit
4-1s1s1__group.4772__Z5	384	2x2	3	3	0	0	explicit
4-1s1s1__group.4632__Z19	128	2x2x2x2x2x2x2x2x2	288	288	0	0	explicit
4-1s1s1__group.4778__Z3	384	2x6	8	8	0	0	explicit
4-1s1s1__group.4783__Z14	384	2x2	4	4	0	0	explicit
4-1s1s1__group.4772__Z6	384	1	1	1	0	0	trivial
4-1s1s1__group.4783__Z8	384	2x2x2	8	8	0	0	explicit
4-1s1s1__group.4778__Z1	384	2x2x6	16	16	0	0	explicit
4-1s1s1__group.4777__Z12	384	2x2x2x2x2x2	13	13	0	0	explicit
4-1s1s1__group.4772__Z7	384	2x2x2x2	10	10	0	0	explicit
4-1s1s1__group.4636__Z2	128	2x2x2x2x2	32	32	0	0	explicit
4-1s1s1__group.4783__Z9	384	2x2x2x2x2	32	32	0	0	explicit
4-1s1s1__group.4778__Z10	384	2x6	8	8	0	0	explicit
4-1s1s1__group.4778__Z4	384	6	4	4	0	0	explicit
4-1s1s1__group.4783__Z2	384	2x2	4	4	0	0	explicit
4-1s1s1__group.4635__Z11	128	2x2x2x2x2x2x2x2	112	112	0	0	explicit
4-1s1s1__group.4700__Z4	256	2x2x2x2	12	12	0	0	explicit
4-1s1s1__group.4772__Z8	384	2x2	4	4	0	0	explicit
4-1s1s1__group.4632__Z13	128	2x2x2x2x2x2	48	48	0	0	explicit
4-1s1s1__group.4635__Z3	128	2x2x2x2x2	18	20	2	0	explicit
4-1s1s1__group.4778__Z11	384	6	4	4	0	0	explicit
4-1s1s1__group.4817__Z1	576	3x6	8	10	2	0	explicit
4-1s1s1__group.4777__Z13	384	2x2x2x2	4	4	0	0	explicit
4-1s1s1__group.4778__Z5	384	3	2	2	0	0	explicit
4-1s1s1__group.4778__Z12	384	6	4	4	0	0	explicit
4-1s1s1__group.4817__Z2	576	3x3	4	5	1	0	explicit
4-1s1s1__group.4636__Z3	128	2x2x2x2x2x2	36	36	0	0	explicit
4-1s1s1__group.4777__Z2	384	2x2	4	4	0	0	explicit
4-1s1c1__group.4548__Z1	64	2x2x2x2x2x2x2x2x2	88	88	0	0	explicit
4-1s1s1__group.4632__Z14	128	2x2x2x2x2x2x2x2x2	70	70	0	0	explicit
4-1s1s1__group.4778__Z13	384	2x2x6	16	16	0	0	explicit
4-1s1s1__group.4778__Z6	384	2x6	8	8	0	0	explicit
4-1s1s1__group.4817__Z3	576	3x6	8	10	2	0	explicit
4-1s1s1__group.4777__Z3	384	2x2	2	2	0	0	explicit
4-1s1s1__group.4783__Z3	384	2x2x2x2	16	16	0	0	explicit
4-1s1s1__group.4632__Z2	128	2x2x2x2x2x2x2x2	60	60	0	0	explicit
4-1s1s1__group.4778__Z7	384	2x2x2x6	32	32	0	0	explicit
4-1s1s1__group.4777__Z4	384	1	1	1	0	0	trivial
4-1s1s1__group.4635__Z4	128	2x2x2	6	6	0	0	explicit
4-1s1s1__group.4817__Z4	576	3x3	4	5	1	0	explicit
4-1s1s1__group.4778__Z14	384	6	4	4	0	0	explicit
4-1s1s1__group.4635__Z12	128	2x2x2x2x2x2	48	48	0	0	explicit
4-1s1s1__group.4778__Z8	384	2x6	8	8	0	0	explicit
4-1s1s1__group.4777__Z5	384	2x2	3	3	0	0	explicit
4-1s1s1__group.4632__Z20	128	2x2x2x2x2x2x2	42	48	6	0	explicit
4-1s1s1__group.4783__Z4	384	2x2x2	8	8	0	0	explicit
4-1s1s1__group.4700__Z5	256	2x2x2x2x2x2x2	56	72	16	0	explicit
4-1s1s1__group.4778__Z9	384	2x6	8	8	0	0	explicit
4-1s1s1__group.4632__Z15	128	2x2x2x2	8	9	1	0	explicit
4-1s1s1__group.4693__Z1	2304	2x2x2x2	10	10	0	0	explicit
4-1s1s1__group.4783__Z5	384	2x2x2	8	8	0	0	explicit
4-1s1s1__group.4635__Z13	128	2x2x2x2x2x2	30	32	2	0	explicit
4-1s1s1__group.4632__Z21	128	2x2x2x2x2x2x2	42	48	6	0	explicit
4-1s1s1__group.4783__Z1	384	2x2x2x2	16	16	0	0	explicit
4-1s1s1__group.4822__Z1	64	2x2x2x2x2x2x2x2x2	152	152	0	0	explicit
4-1s1s1__group.4783__Z10	384	2x2x2	8	8	0	0	explicit
4-1s1s1__group.4783__Z6	384	2x2	4	4	0	0	explicit
4-1s1s1__group.4856__Z10	64	2x2x2x2x2x2x2	30	30	0	0	explicit
4-1s1s1__group.4822__Z10	64	2x2x2x2x2x2	25	28	3	0	explicit
4-1s1s1__group.4700__Z6	256	2x2x2x2x2x2x2x2x2x2	544	544	0	0	explicit
4-1s1s1__group.4856__Z11	64	2x2x2x2x2x2x2	22	30	8	0	explicit
4-1s1s1__group.4632__Z22	128	2x2x2x2x2x2x2x2x2	152	152	0	0	explicit
4-1s1s1__group.4783__Z7	384	2	2	2	0	0	explicit
4-1s1s1__group.4822__Z31	64	2x2x2x2x2	18	20	2	0	explicit
4-1s1s1__group.4822__Z11	64	2x2x2x2x2x2	25	25	0	0	explicit
4-1s1s1__group.4822__Z22	64	2x2x2x2x2	13	14	1	0	explicit
4-1s1s1__group.4856__Z5	64	2x2x2x2x2x2	15	15	0	0	explicit
4-1s1s1__group.4822__Z12	64	2x2x2	6	6	0	0	explicit
4-1s1s1__group.4822__Z23	64	2x2x2x2x2x2x2	42	42	0	0	explicit
4-1s1s1__group.4856__Z12	64	2x2x2x2x2x2x2	22	30	8	0	explicit
4-1s1s1__group.4822__Z13	64	2x2x2x2x2x2x2x2	96	96	0	0	explicit
4-1s1s1__group.4822__Z32	64	2x2x2x2x2	18	20	2	0	explicit
4-1s1s1__group.4856__Z2	64	2x2x2x2x2x2x2	30	30	0	0	explicit
4-1s1s1__group.4700__Z7	256	2x2x2x2x2x2x2	128	128	0	0	explicit
4-1s1s1__group.4822__Z24	64	2x2x2x2x2x2	40	40	0	0	explicit
4-1s1s1__group.4856__Z13	64	2x2x2x2x2x2	15	15	0	0	explicit
4-1s1s1__group.4858__Z10	64	2x2x2x2	12	12	0	0	explicit
4-1s1s1__group.4693__Z2	2304	2	2	2	0	0	explicit
4-1s1s1__group.4822__Z25	64	2x2x2x2x2x2	30	30	0	0	explicit
4-1s1s1__group.4822__Z33	64	2x2x2x2x2x2	36	36	0	0	explicit
4-1s1s1__group.4858__Z11	64	2x2x2	8	8	0	0	explicit
4-1s1s1__group.4632__Z3	128	2x2x2x2x2x2x2x2x2x2x2	166	214	48	0	explicit
4-1s1s1__group.4857__Z23	64	2x2x2x4	20	20	0	0	explicit
4-1s1s1__group.4857__Z14	64	2x2x2x2x4	36	36	0	0	explicit
4-1s1s1__group.4822__Z26	64	2x2x2x2x2	16	18	2	0	explicit
4-1s1s1__group.4700__Z8	256	2x2x2x2x2x2x2	72	80	8	0	explicit
4-1s1s1__group.4858__Z12	64	2x4	6	6	0	0	explicit
4-1s1s1__group.4856__Z14	64	2x2x2x2x2x2x2x2x2	102	102	0	0	explicit
4-1s1s1__group.4858__Z2	64	2x2x2x2	12	12	0	0	explicit
4-1s1s1__group.4822__Z27	64	2x2x2x2x2x2	28	28	0	0	explicit
4-1s1s1__group.4856__Z6	64	2x2x2x2x2x2x2	22	30	8	0	explicit
4-1s1s1__group.4822__Z4	64	2x2x2x2x2x2	24	24	0	0	explicit
4-1s1s1__group.4857__Z24	64	2x4x4	18	20	2	0	explicit
4-1s1s1__group.4632__Z4	128	2x2x2x2x2x2	11	11	0	0	explicit
4-1s1s1__group.4822__Z14	64	2x2x2x2	16	16	0	0	explicit
4-1s1s1__group.4858__Z20	64	2x2x2x2	16	16	0	0	explicit
4-1s1s1__group.4822__Z28	64	2x2x2	6	6	0	0	explicit
4-1s1s1__group.4858__Z13	64	2x2x2x4	24	24	0	0	explicit
4-1s1s1__group.4700__Z9	256	2x2x2x2x2	18	20	2	0	explicit
4-1s1s1__group.4858__Z21	64	2x2x2x4	18	18	0	0	explicit
4-1s1s1__group.4857__Z15	64	2x2x2x4x4	54	60	6	0	explicit
4-1s1s1__group.4858__Z7	64	2x2x2x2x4	36	36	0	0	explicit
4-1s1s1__group.4822__Z29	64	2x2x2x2x2x2	36	36	0	0	explicit
4-1s1s1__group.4858__Z22	64	2x2x2	8	8	0	0	explicit
4-1s1s1__group.4772__Z1	384	2x2x2	6	6	0	0	explicit
4-1s1s1__group.4856__Z15	64	2x2x2x2x2	24	24	0	0	explicit
4-1s1s1__group.4857__Z3	64	2x2x2x4	24	24	0	0	explicit
4-1s1s1__group.4858__Z23	64	2x2x2	8	8	0	0	explicit
4-1s1s1__group.4772__Z10	384	2x2	3	3	0	0	explicit
4-1s1s1__group.4858__Z14	64	2x2x2	8	8	0	0	explicit
4-1s1s1__group.4822__Z15	64	2x2x2x2x2	18	18	0	0	explicit
4-1s1s1__group.4822__Z5	64	2x2x2x2x2x2	18	24	6	0	explicit
4-1s1s1__group.4700__Z1	256	2x2x2x2x2x2x2x2x2x2	544	544	0	0	explicit
4-1s1s1__group.4858__Z8	64	2x2x4	12	12	0	0	explicit
4-1s1s1__group.4858__Z24	64	2x2x2x2	12	12	0	0	explicit
4-1s1s1__group.4857__Z16	64	2x2x2x2x4	30	36	6	0	explicit
4-1s1s1__group.4856__Z7	64	2x2x2x2	5	6	1	0	explicit
4-1s1s1__group.4822__Z3	64	2x2x2x2x2x2x2x2	76	88	12	0	explicit
4-1s1s1__group.4856__Z20	64	2x2x2x2	16	16	0	0	explicit
4-1s1s1__group.4856__Z8	64	2x2x2x2x2x2x2x2	60	60	0	0	explicit
4-1s1s1__group.4858__Z9	64	2x2x4	12	12	0	0	explicit
4-1s1s1__group.4822__Z16	64	2x2x2x2x2x2x2	64	64	0	0	explicit
4-1s1s1__group.4858__Z3	64	2x2x2x4	18	18	0	0	explicit
4-1s1s1__group.4822__Z6	64	2x2x2	6	6	0	0	explicit
4-1s1s1__group.4822__Z30	64	2x2x2x2x2x2	64	64	0	0	explicit
4-1s1s1__group.4856__Z21	64	2x2x2x2x2x2x2	80	80	0	0	explicit
4-1s1s1__group.4856__Z9	64	2x2x2x2x2x2x2	30	30	0	0	explicit
4-1s1s1__group.4856__Z16	64	2x2x2x2x2	24	24	0	0	explicit
4-1s1s1__group.4857__Z4	64	2x2x2x4	20	24	4	0	explicit
4-1s1s1__group.4700__Z10	256	2x2x2x2x2x2	40	40	0	0	explicit
4-1s1s1__group.4857__Z17	64	2x2x2x4	18	18	0	0	explicit
4-1s1s1__group.4859__Z4	64	2x2x2x2x2	24	24	0	0	explicit
4-1s1s1__group.4822__Z7	64	2x2x2x2x2x2x2	48	48	0	0	explicit
4-1s1s1__group.4858__Z15	64	2x2x4	12	12	0	0	explicit
4-1s1s1__group.4856__Z22	64	2x2x2x2x2x2x2	80	80	0	0	explicit
4-1s1s1__group.4858__Z4	64	2x2x2x2	12	12	0	0	explicit
4-1s1s1__group.4822__Z8	64	2x2x2x2x2x2	40	40	0	0	explicit
4-1s1s1__group.4859__Z1	64	2x2x2x2x4	48	48	0	0	explicit
4-1s1s1__group.4856__Z17	64	2x2x2x2x2x2x2x2	35	51	16	0	explicit
4-1s1s1__group.4857__Z5	64	2x2x4	12	12	0	0	explicit
4-1s1s1__group.4859__Z5	64	2x2x2x2	12	12	0	0	explicit
4-1s1s1__group.4859__Z10	64	2x2x2x2x2	24	24	0	0	explicit
4-1s1s1__group.4858__Z16	64	2x2x2	8	8	0	0	explicit
4-1s1s1__group.4856__Z23	64	2x2x2x2x2x2x2	72	72	0	0	explicit
4-1s1s1__group.4822__Z9	64	2x2x2x2x2x2	32	32	0	0	explicit
4-1s1s1__group.4857__Z18	64	2x2x2x2x4	30	36	6	0	explicit
4-1s1s1__group.4859__Z11	64	2x2x2x2	16	16	0	0	explicit
4-1s1s1__group.4858__Z5	64	2x2x2	6	6	0	0	explicit
4-1s1s1__group.4856__Z24	64	2x2x2x2x2x2	28	40	12	0	explicit
4-1s1s1__group.4867__Z10	64	2x2x2x2x2x2	48	48	0	0	explicit
4-1s1s1__group.4857__Z19	64	2x2x2x2x4x4	108	120	12	0	explicit
4-1s1s1__group.4859__Z12	64	2x2x2x4	18	18	0	0	explicit
4-1s1s1__group.4857__Z1	64	2x2x2x4x4	72	80	8	0	explicit
4-1s1s1__group.4859__Z6	64	2x2x2x2	16	16	0	0	explicit
4-1s1s1__group.4858__Z17	64	2x2	4	4	0	0	explicit
4-1s1s1__group.4857__Z6	64	2x2x2x4	20	24	4	0	explicit
4-1s1s1__group.4859__Z13	64	2x2x2	8	8	0	0	explicit
4-1s1s1__group.4867__Z11	64	2x2x2x2x2x2	32	40	8	0	explicit
4-1s1s1__group.4859__Z7	64	2x2x2x2x4	48	48	0	0	explicit
4-1s1s1__group.4856__Z25	64	2x2x2x2x2x2	28	40	12	0	explicit
4-1s1s1__group.4856__Z18	64	2x2x2x2	10	12	2	0	explicit
4-1s1s1__group.4857__Z7	64	2x2x2x4x4	72	80	8	0	explicit
4-1s1s1__group.4858__Z6	64	2x2x2x2	12	12	0	0	explicit
4-1s1s1__group.4859__Z8	64	2x2x2x4	24	24	0	0	explicit
4-1s1s1__group.4857__Z10	64	2x2x2x4	20	24	4	0	explicit
4-1s1s1__group.4860__Z13	64	2x2	4	4	0	0	explicit
4-1s1s1__group.4822__Z17	64	2x2x2	6	6	0	0	explicit
4-1s1s1__group.4857__Z8	64	2x2x2x2x4	48	48	0	0	explicit
4-1s1s1__group.4857__Z2	64	2x2x4x4	36	40	4	0	explicit
4-1s1s1__group.4867__Z12	64	2x2x2x2x2x2	32	40	8	0	explicit
4-1s1s1__group.4859__Z9	64	2x2x2x4	24	24	0	0	explicit
4-1s1s1__group.4858__Z18	64	2x2x2	8	8	0	0	explicit
4-1s1s1__group.4856__Z26	64	2x2x2x2x2x2x2	72	72	0	0	explicit
4-1s1s1__group.4859__Z2	64	2x2x2x2	16	16	0	0	explicit
4-1s1s1__group.4857__Z9	64	2x2x2x2x4	36	36	0	0	explicit
4-1s1s1__group.4857__Z20	64	2x2x4x4	30	32	2	0	explicit
4-1s1s1__group.4857__Z11	64	2x2x2x2	16	16	0	0	explicit
4-1s1s1__group.4858__Z19	64	2x2x2x4	24	24	0	0	explicit
4-1s1s1__group.4856__Z1	64	2x2x2x2x2x2x2x2x2x2	204	204	0	0	explicit
4-1s1s1__group.4867__Z13	64	2x2x2x2x4	32	32	0	0	explicit
4-1s1s1__group.4857__Z21	64	2x2x4x4	36	40	4	0	explicit
4-1s1s1__group.4857__Z12	64	2x2x2x2x4	30	36	6	0	explicit
4-1s1s1__group.4860__Z1	64	2x2x4x4	36	40	4	0	explicit
4-1s1s1__group.4822__Z18	64	2x2x2x2x2	13	14	1	0	explicit
4-1s1s1__group.4857__Z22	64	2x2x2x2x4	30	36	6	0	explicit
4-1s1s1__group.4859__Z3	64	2x2x2x4	24	24	0	0	explicit
4-1s1s1__group.4867__Z2	64	2x2x2x2x2x4	64	64	0	0	explicit
4-1s1s1__group.4856__Z19	64	2x2x2x2x2	20	24	4	0	explicit
4-1s1s1__group.4858__Z1	64	2x2x2x2x4	36	36	0	0	explicit
4-1s1s1__group.4860__Z10	64	2x2x2x2	16	16	0	0	explicit
4-1s1s1__group.4856__Z3	64	2x2x2x2x2x2x2	30	30	0	0	explicit
4-1s1s1__group.4860__Z11	64	2x2x2	8	8	0	0	explicit
4-1s1s1__group.4857__Z13	64	2x2x2x2x4x4	108	120	12	0	explicit
4-1s1s1__group.4867__Z29	64	2x2x2x2x2x4	96	96	0	0	explicit
4-1s1s1__group.4860__Z2	64	2x4x4	18	20	2	0	explicit
4-1s1s1__group.4856__Z4	64	2x2x2x2x2x2x2x2x2	70	102	32	0	explicit
4-1s1s1__group.4822__Z19	64	2x2x2x2	9	10	1	0	explicit
4-1s1s1__min.498__Z10	32	2x2x2x2x2	24	24	0	0	explicit
4-1s1s1__group.4860__Z12	64	2x2x4	12	12	0	0	explicit
4-1s1s1__group.4867__Z38	64	2x2x2x2x2x4	64	64	0	0	explicit
4-1s1s1__group.4867__Z14	64	2x2x2x2x2x2x2x4	224	224	0	0	explicit
4-1s1s1__min.498__Z11	32	2x2x2x2x2	16	20	4	0	explicit
4-1s1s1__group.4867__Z20	64	2x2x4	8	9	1	0	explicit
4-1s1s1__group.4899__Z12	768	2x2x2	6	6	0	0	explicit
4-1s1s1__min.498__Z29	32	2x2x2x4	24	24	0	0	explicit
4-1s1s1__min.498__Z12	32	2x2x2x2x2	16	20	4	0	explicit
4-1s1s1__min.498__Z2	32	2x2x2x2x4	32	32	0	0	explicit
4-1s1s1__group.4860__Z3	64	2x2x4	12	12	0	0	explicit
4-1s1s1__min.498__Z13	32	2x2x2x2x2	24	24	0	0	explicit
4-1s1s1__min.498__Z14	32	2x2x2	6	6	0	0	explicit
4-1s1s1__group.4867__Z3	64	2x2x2x2x2x2	40	40	0	0	explicit
4-1s1s1__group.4867__Z15	64	2x2x2x4	20	20	0	0	explicit
4-1s1s1__min.498__Z3	32	2x2x2x2x2	20	20	0	0	explicit
4-1s1s1__group.4860__Z4	64	2x2x2x2	16	16	0	0	explicit
4-1s1s1__group.4899__Z2	768	2x2x2x2	16	16	0	0	explicit
4-1s1s1__group.4822__Z2	64	2x2x2x2x2x2	36	36	0	0	explicit
4-1s1s1__group.4867__Z4	64	2x2x2x2x2x2x2x2	112	144	32	0	explicit
4-1s1s1__group.4867__Z30	64	2x2x2x2x2	24	32	8	0	explicit
4-1s1s1__min.498__Z20	32	2x2x2x2x2x2	32	40	8	0	explicit
4-1s1s1__min.498__Z30	32	2x2x2x4	24	24	0	0	explicit
4-1s1s1__group.4867__Z21	64	2x2x2	8	8	0	0	explicit
4-1s1s1__min.498__Z15	32	2x2x2x2x2x4	64	64	0	0	explicit
4-1s1s1__group.4867__Z31	64	2x2x2x2x2	24	32	8	0	explicit
4-1s1s1__min.498__Z31	32	2x2x2x2	12	16	4	0	explicit
4-1s1s1__group.4899__Z3	768	2x2	4	4	0	0	explicit
4-1s1s1__min.498__Z38	32	2x2x2x4	13	15	2	0	explicit
4-1s1s1__group.4860__Z5	64	2x2x4	12	12	0	0	explicit
4-1s1s1__group.4867__Z16	64	2x2x2x4	24	24	0	0	explicit
4-1s1s1__min.498__Z32	32	2x2x2x2	12	16	4	0	explicit
4-1s1s1__group.4867__Z32	64	2x2x2x2x2x4	96	96	0	0	explicit
4-1s1s1__min.499__Z29	32	2x2x2	8	8	0	0	explicit
4-1s1s1__min.498__Z21	32	2x2x2	8	8	0	0	explicit
4-1s1s1__min.498__Z33	32	2x2x2x4	24	24	0	0	explicit
4-1s1s1__min.499__Z10	32	2x2x2x2	10	10	0	0	explicit
4-1s1s1__group.4867__Z33	64	2x2x2x2x2x4	80	80	0	0	explicit
4-1s1s1__group.4899__Z4	768	2	2	2	0	0	explicit
4-1s1s1__min.498__Z34	32	2x2x2x2x4	30	30	0	0	explicit
4-1s1s1__group.4860__Z6	64	2x2x4	10	12	2	0	explicit
4-1s1s1__min.498__Z39	32	2x2x4x4	22	24	2	0	explicit
4-1s1s1__min.499__Z11	32	2x2x2x4	13	13	0	0	explicit
4-1s1s1__group.4822__Z20	64	2x2x2x2	10	12	2	0	explicit
4-1s1s1__group.4867__Z34	64	2x2x2x2x2x4	64	64	0	0	explicit
4-1s1s1__group.4867__Z5	64	2x2x2x2x2	20	20	0	0	explicit
4-1s1s1__min.499__Z3	32	2x2x2x2x2	20	20	0	0	explicit
4-1s1s1__min.499__Z2	32	2x2x2x4	24	24	0	0	explicit
4-1s1s1__min.499__Z12	32	2x2	4	4	0	0	explicit
4-1s1s1__min.498__Z35	32	2x2x4x4	25	26	1	0	explicit
4-1s1s1__min.498__Z16	32	2x2x4	12	12	0	0	explicit
4-1s1s1__group.4867__Z17	64	2x2x2x4	24	24	0	0	explicit
4-1s1s1__min.498__Z22	32	2x2x2x4	13	14	1	0	explicit
4-1s1s1__group.4860__Z7	64	2x2x4x4	36	40	4	0	explicit
4-1s1s1__group.4867__Z35	64	2x2x2x2x2x4	80	80	0	0	explicit
4-1s1s1__min.499__Z30	32	2x2x2	8	8	0	0	explicit
4-1s1s1__group.4867__Z22	64	2x2x2x2	16	16	0	0	explicit
4-1s1s1__group.4899__Z5	768	2x2x2x2	10	10	0	0	explicit
4-1s1s1__group.4867__Z36	64	2x2x2x2x2	20	24	4	0	explicit
4-1s1s1__min.498__Z36	32	2x2x4x4	24	24	0	0	explicit
4-1s1s1__group.4860__Z8	64	2x4x4	18	20	2	0	explicit
4-1s1s1__min.499__Z31	32	2x4x4	18	18	0	0	explicit
4-1s1s1__min.499__Z13	32	2x2x2x4x4	42	42	0	0	explicit
4-1s1s1__min.498__Z17	32	2x2x2x4	15	15	0	0	explicit
4-1s1s1__min.499__Z20	32	2x4	6	6	0	0	explicit
4-1s1s1__group.4867__Z37	64	2x2x2x2x2	20	24	4	0	explicit
4-1s1s1__group.4899__Z6	768	2x2x2x2x2x2x2	72	72	0	0	explicit
4-1s1s1__min.499__Z32	32	2x2x4x4	18	19	1	0	explicit
4-1s1s1__group.4822__Z21	64	2x2x2x2	9	9	0	0	explicit
4-1s1s1__min.498__Z37	32	2x2x2x2x2	15	18	3	0	explicit
4-1s1s1__min.498__Z23	32	2x2x4	9	12	3	0	explicit
4-1s1s1__group.4860__Z9	64	2x2x4	12	12	0	0	explicit
4-1s1s1__min.498__Z4	32	2x2x2x2x2x2	32	40	8	0	explicit
4-1s1s1__group.4867__Z18	64	2x2x2x4	24	24	0	0	explicit
4-1s1s1__min.498__Z40	32	2x2x2	6	6	0	0	explicit
4-1s1s1__min.499__Z33	32	2x4x4	18	18	0	0	explicit
4-1s1s1__min.499__Z21	32	4x4	6	6	0	0	explicit
4-1s1s1__min.499__Z14	32	4x4	9	9	0	0	explicit
4-1s1s1__group.4899__Z7	768	2x2x2x2	16	16	0	0	explicit
4-1s1s1__group.4867__Z23	64	2x2x4	12	12	0	0	explicit
4-1s1s1__min.498__Z18	32	2x2x4	12	12	0	0	explicit
4-1s1s1__min.499__Z34	32	2x2x2x2	9	9	0	0	explicit
4-1s1s1__group.4899__Z8	768	2x2x2x2	12	12	0	0	explicit
4-1s1s1__group.4867__Z6	64	2x2x2x2x2x2	32	40	8	0	explicit
4-1s1s1__min.499__Z15	32	4x4	9	9	0	0	explicit
4-1s1s1__min.498__Z24	32	2x2x4	9	9	0	0	explicit
4-1s1s1__group.4867__Z19	64	2x2x2x2x2x2x2	56	72	16	0	explicit
4-1s1s1__min.498__Z5	32	2x2x2x2x2	20	20	0	0	explicit
4-1s1s1__min.499__Z35	32	2x2x2	6	6	0	0	explicit
4-1s1s1__min.499__Z4	32	2x2x2x2	10	10	0	0	explicit
4-1s1s1__min.498__Z19	32	2x2x2x4	18	18	0	0	explicit
4-1s1s1__group.4899__Z9	768	2x2	3	3	0	0	explicit
4-1s1s1__group.4867__Z1	64	2x2x2x2x2x2x2x2x4	448	448	0	0	explicit
4-1s1s1__min.499__Z36	32	2x4x4	12	12	0	0	explicit
4-1s1s1__group.4867__Z7	64	2x2x2	6	8	2	0	explicit
4-1s1s1__group.4867__Z24	64	2x2x4	12	12	0	0	explicit
4-1s1s1__min.499__Z16	32	2x2x4	12	12	0	0	explicit
4-1s1s1__min.499__Z22	32	2x4	6	6	0	0	explicit
4-1s1s1__min.499__Z37	32	2x2	3	3	0	0	explicit
4-1s1s1__min.498__Z6	32	2x2x2x2x2	16	20	4	0	explicit
4-1s1s1__min.499__Z5	32	2x2x2x2	10	10	0	0	explicit
4-1s1s1__group.4867__Z8	64	2x2x2x2x2x2x4	128	128	0	0	explicit
4-1s1s1__min.498__Z1	32	2x2x2x2x2x4	64	64	0	0	explicit
4-1s1s1__min.498__Z25	32	2x2x4	8	9	1	0	explicit
4-1s2-1__group.4940__Z3	128	2x2x2x2x2x2x2x2x2x2x2x2	154	154	0	0	explicit
4-1s2-1__group.4981__Z1	128	2x2x2x2	12	12	0	0	explicit
4-1s2-1__group.4949__Z1	128	2x2x2x2x2	20	20	0	0	explicit
4-1s1s1__min.499__Z17	32	2x2x2x2x2	20	20	0	0	explicit
4-1s1s1__group.4867__Z9	64	2x2x2x2x2x4	64	64	0	0	explicit
4-1s1s1__min.498__Z7	32	2x2x2	6	8	2	0	explicit
4-1s1s1__min.499__Z23	32	2x4	4	4	0	0	explicit
4-1s1s1__min.499__Z6	32	2x2	3	6	3	0	explicit
4-1s2-1__group.4981__Z2	128	2x2x2	8	8	0	0	explicit
4-1s1s1__min.498__Z8	32	2x2x2x2x4	32	32	0	0	explicit
4-1s1s1__min.499__Z7	32	2x2x4x4	21	21	0	0	explicit
4-1s2-1__group.4987__Z2	128	2x2x2	8	8	0	0	explicit
4-1s1s1__min.498__Z9	32	2x2x2x2x4	32	32	0	0	explicit
4-1s2-1__group.4992__Z12	128	2x2x2x2x2	18	18	0	0	explicit
4-1s2-1__group.4940__Z4	128	2x2x2x2	5	5	0	0	explicit
4-1s1s1__min.499__Z8	32	2x2x2x4	24	24	0	0	explicit
4-1s1s1__group.4899__Z1	768	2x2x2x2x2	20	20	0	0	explicit
4-1s1s1__min.499__Z18	32	2x4	6	6	0	0	explicit
4-1s1s1__min.499__Z9	32	2x2x2x2	10	10	0	0	explicit
4-1s2-1__group.4981__Z3	128	2x2x2x2x2	20	20	0	0	explicit
4-1s2-1__group.4992__Z13	128	2x2x2	8	8	0	0	explicit
4-1s1s1__min.498__Z26	32	2x2x4	9	9	0	0	explicit
4-1s2-1__group.4942__Z1	128	2x2x2x2x2	18	18	0	0	explicit
4-1s1s1__min.499__Z1	32	2x2x2x4x4	42	42	0	0	explicit
4-1s2-1__group.4932__Z1	1152	1	1	1	0	0	trivial
4-1s1s1__min.499__Z24	32	2x4	5	5	0	0	explicit
4-1s2-1__group.4949__Z10	128	2x2x2x2x2x2x2	72	72	0	0	explicit
4-1s2-1__group.4987__Z3	128	2x2x2x2x2x2	48	48	0	0	explicit
4-1s2-1__group.4949__Z9	128	2x2x2x2	12	12	0	0	explicit
4-1s2-1__group.4992__Z14	128	2x2x2x2x2x2	27	28	1	0	explicit
4-1s1s1__group.4899__Z10	768	2x2x2	6	6	0	0	explicit
4-1s2-1__group.4942__Z2	128	2x2x2	8	8	0	0	explicit
4-1s2-1__group.4966__Z1	128	2x2x2x2	16	16	0	0	explicit
4-1s2-1__group.4981__Z4	128	2x2x2	5	5	0	0	explicit
4-1s2-1__group.4992__Z3	128	2x2x2x2	12	12	0	0	explicit
4-1s1s1__min.498__Z27	32	2x2x2x2	12	12	0	0	explicit
4-1s2-1__group.4949__Z11	128	2x2x2x2	10	10	0	0	explicit
4-1s2-1__group.4985__Z1	128	2x2x2x2x2x2	28	28	0	0	explicit
4-1s2-1__group.4992__Z4	128	2x2x2x2x2	18	18	0	0	explicit
4-1s2-1__group.4966__Z2	128	2x2x2	8	8	0	0	explicit
4-1s1s1__min.499__Z25	32	2x2x4	7	8	1	0	explicit
4-1s1s1__group.4899__Z11	768	2x2x2x2x2x2	36	36	0	0	explicit
4-1s1s1__min.498__Z28	32	2x2x2x4	24	24	0	0	explicit
4-1s2-1__group.4987__Z4	128	2x2x2	6	6	0	0	explicit
4-1s2-1__group.4992__Z15	128	2x2x2	8	8	0	0	explicit
4-1s2-1__group.4934__Z1	1152	1	1	1	0	0	trivial
4-1s2-1__group.4942__Z3	128	2x2x2x2x2	24	24	0	0	explicit
4-1s1s1__min.499__Z19	32	2x2x4	8	8	0	0	explicit
4-1s1s1__min.499__Z26	32	2x4x4	18	18	0	0	explicit
4-1s2-1__group.4949__Z2	128	2x2x2x2	12	12	0	0	explicit
4-1s2-1__group.4985__Z2	128	2x2x2x2x2x2	28	28	0	0	explicit
4-1s2-1__group.4992__Z5	128	2x2x2x2x2x2	24	28	4	0	explicit
4-1s2-1__group.4988__Z1	128	2x2x2x2	16	16	0	0	explicit
4-1s1s1__group.4867__Z25	64	2x2x2x4	18	24	6	0	explicit
4-1s1s1__min.499__Z27	32	2x4x4	18	18	0	0	explicit
4-1s2-1__group.4966__Z3	128	2x2x2x2x2	32	32	0	0	explicit
4-1s2-1__group.4942__Z4	128	2x2x2	6	6	0	0	explicit
4-1s2-1__group.4992__Z16	128	2x2x2x2x2x2	36	36	0	0	explicit
4-1s2-1__group.4993__Z12	128	2x2x2	8	8	0	0	explicit
4-1s1s1__min.499__Z28	32	2x4x4	18	18	0	0	explicit
4-1s2-1__group.4949__Z3	128	2x2x2x2x2x2	40	40	0	0	explicit
4-1s2-1__group.4985__Z3	128	2x2x2x2x2x2x2x2	96	96	0	0	explicit
4-1s2-1__group.4993__Z13	128	2x2x2x2x2x2	30	30	0	0	explicit
4-1s2-1__group.4966__Z4	128	2x2	4	4	0	0	explicit
4-1s2-1__group.4992__Z6	128	2x2x2x2x2x2x2	64	64	0	0	explicit
4-1s2-1__group.4988__Z2	128	2x2x2	8	8	0	0	explicit
4-1s2-1__group.4943__Z1	128	2x2x2x2x2x2	40	40	0	0	explicit
4-1s2-1__group.4992__Z17	128	2x2x2	5	6	1	0	explicit
4-1s2-1__group.4993__Z14	128	2x2x2x2	12	12	0	0	explicit
4-1s2-1__group.4949__Z4	128	2x2x2	6	6	0	0	explicit
4-1s2-1__group.4993__Z21	128	2x2x2x2x2	24	24	0	0	explicit
4-1s2-1__group.4978__Z1	128	2x2x2x2x2x2	48	48	0	0	explicit
4-1s2-1__group.4940__Z1	128	2x2x2x2x2x2x2	22	22	0	0	explicit
4-1s2-1__group.4985__Z4	128	2x2x2x2	8	9	1	0	explicit
4-1s2-1__group.4978__Z2	128	2x2x2x2	12	12	0	0	explicit
4-1s2-1__group.4943__Z2	128	2x2x2	8	8	0	0	explicit
4-1s2-1__group.4993__Z22	128	2x2x2x2	16	16	0	0	explicit
4-1s2-1__group.4988__Z3	128	2x2x2x2x2	32	32	0	0	explicit
4-1s2-1__group.4992__Z7	128	2x2x2x2	9	9	0	0	explicit
4-1s2-1__group.4993__Z15	128	2x2x2x2x2x2x2	60	60	0	0	explicit
4-1s1s1__group.4867__Z26	64	2x2x4	12	12	0	0	explicit
4-1s2-1__group.4949__Z5	128	2x2	4	4	0	0	explicit
4-1s2-1__group.4978__Z3	128	2x2x2	8	8	0	0	explicit
4-1s2-1__group.4993__Z23	128	2x2x2x2	16	16	0	0	explicit
4-1s2-1__group.4992__Z8	128	2x2x2x2x2x2	30	32	2	0	explicit
4-1s1s1__group.4867__Z27	64	2x2x2x2x2x4	96	96	0	0	explicit
4-1s2-1__group.4949__Z6	128	2x2x2x2	16	16	0	0	explicit
4-1s2-1__group.4988__Z4	128	2x2	4	4	0	0	explicit
4-1s2-1__group.4985__Z5	128	2x2x2	6	6	0	0	explicit
4-1s2-1__group.4992__Z18	128	2x2x2	6	6	0	0	explicit
4-1s2-1__group.4978__Z4	128	2x2x2x2x2x2	36	36	0	0	explicit
4-1s2-1__group.4993__Z24	128	2x2x2x2x2	24	24	0	0	explicit
4-1s2-1__group.4943__Z3	128	2x2x2x2x2x2	48	48	0	0	explicit
4-1s2-1__group.4993__Z16	128	2x2	4	4	0	0	explicit
4-1s1s1__group.4867__Z28	64	2x2x2x2x2x4	96	96	0	0	explicit
4-1s2-1__group.5023__Z5	192	2	2	2	0	0	explicit
4-1s2-1__group.4992__Z1	128	2x2x2x2x2x2	40	40	0	0	explicit
4-1s2-1__group.4992__Z9	128	2x2x2x2x2x2	25	28	3	0	explicit
4-1s2-1__group.4987__Z1	128	2x2x2x2x2	24	24	0	0	explicit
4-1s2-1__group.4940__Z2	128	2x2x2x2x2x2x2	22	22	0	0	explicit
4-1s2-1__group.4949__Z7	128	2x2x2x2	16	16	0	0	explicit
4-1s2-1__group.4993__Z9	128	2x2x2x2x2x2	30	30	0	0	explicit
4-1s2-1__group.5026__Z1	192	2x2	4	4	0	0	explicit
4-1s2-1__group.4993__Z1	128	2x2x2x2x2x2	40	40	0	0	explicit
4-1s2-1__group.4992__Z19	128	2x2x2x2x2	20	20	0	0	explicit
4-1s2-1__group.4978__Z5	128	2x2x2x2x2	16	16	0	0	explicit
4-1s2-1__group.4993__Z3	128	2x2x2x2	12	12	0	0	explicit
4-1s2-1__group.4992__Z10	128	2x2x2	6	6	0	0	explicit
4-1s2-1__group.4993__Z17	128	2x2x2	5	5	0	0	explicit
4-1s2-1__group.5027__Z1	192	2x2	4	4	0	0	explicit
4-1s2-1__group.4993__Z10	128	2x2x2x2x2x2x2	60	60	0	0	explicit
4-1s2-1__group.4943__Z4	128	2x2x2	6	6	0	0	explicit
4-1s2-1__group.4949__Z8	128	2x2x2x2x2	18	18	0	0	explicit
4-1s2-1__group.4992__Z2	128	2x2x2x2	12	12	0	0	explicit
4-1s2-1__group.4992__Z11	128	2x2x2x2x2x2x2	60	60	0	0	explicit
4-1s2-1__group.5028__Z1	192	2x2x2	6	6	0	0	explicit
4-1s2-1__group.4993__Z4	128	2x2x2x2x2	18	18	0	0	explicit
4-1s2-1__group.4993__Z11	128	2x2x2x2x2	18	18	0	0	explicit
4-1s2-1__group.4993__Z18	128	2x2x2x2x2x2	36	36	0	0	explicit
4-1s2-1__group.4992__Z20	128	2x2x2x2x2	18	18	0	0	explicit
4-1s2-1__group.5071__Z8	256	2x2x2x2x2x2x2	80	80	0	0	explicit
4-1s2-1__group.4993__Z5	128	2x2x2x2x2x2	24	28	4	0	explicit
4-1s2-1__group.5056__Z1	2304	2	2	2	0	0	explicit
4-1s2-1__group.5019__Z1	1536	2x2x2x2x2	32	32	0	0	explicit
4-1s2-1__group.5077__Z9	256	2x2x2x2	12	12	0	0	explicit
4-1s2-1__group.5029__Z1	192	2x2	4	4	0	0	explicit
4-1s2-1__group.5078__Z1	256	2x2x2x2x2	32	32	0	0	explicit
4-1s2-1__group.5117__Z3	32	2x2	3	3	0	0	explicit
4-1s2-1__group.5107__Z2	256	2x2x2	8	8	0	0	explicit
4-1s2-1__group.5071__Z9	256	2x2x2	8	8	0	0	explicit
4-1s2-1__group.4993__Z6	128	2x2x2x2x2x2x2x2	120	120	0	0	explicit
4-1s2-1__group.5087__Z2	256	2x2x2x2	12	12	0	0	explicit
4-1s2-1__group.5058__Z1	2304	2	2	2	0	0	explicit
4-1s2-1__group.5078__Z2	256	2x2x2	8	8	0	0	explicit
4-1s2-1__group.4993__Z19	128	2x2x2	6	6	0	0	explicit
4-1s2-1__group.5117__Z4	32	2x2x2x2	12	12	0	0	explicit
4-1s2-1__group.5077__Z1	256	2x2x2x2x2x2	48	48	0	0	explicit
4-1s2-1__group.5107__Z3	256	2x2x2x2x2	32	32	0	0	explicit
4-1s2-1__group.5088__Z8	256	2x2x2x2x2	10	10	0	0	explicit
4-1s2-1__group.5118__Z4	32	2x2	2	2	0	0	explicit
4-1s2-1__group.4993__Z2	128	2x2x2x2x2	18	18	0	0	explicit
4-1s2-1__group.4993__Z7	128	2x2x2x2	10	10	0	0	explicit
4-1s2-1__group.5077__Z2	256	2x2x2x2x2x2	40	40	0	0	explicit
4-1s2-1__group.5117__Z5	32	2x2x2	5	5	0	0	explicit
4-1s2-1__group.5030__Z1	192	2x2	4	4	0	0	explicit
4-1s2-1__group.5019__Z2	1536	2x2	4	4	0	0	explicit
4-1s2-1__group.5119__Z1	32	2x2x2x2	16	16	0	0	explicit
4-1s2-1__group.5078__Z3	256	2x2x2x2x2	32	32	0	0	explicit
4-1s2-1__group.5107__Z4	256	2x2x2	8	8	0	0	explicit
4-1s2-1__group.5120__Z2	32	2x2x2	6	6	0	0	explicit
4-1s2-1__group.5058__Z2	2304	2	2	2	0	0	explicit
4-1s2-1__group.5087__Z3	256	2x2x2x2x2x2x2	80	80	0	0	explicit
4-1s2-1__group.5114__Z1	288	1	1	1	0	0	trivial
4-1s2-1__group.5077__Z3	256	2x2x2x2x2x2	48	48	0	0	explicit
4-1s2-1__group.5042__Z1	192	2x2x2	6	6	0	0	explicit
4-1s2-1__group.4993__Z8	128	2x2x2x2x2x2x2	72	72	0	0	explicit
4-1s2-1__group.4993__Z20	128	2x2x2x2x2	16	16	0	0	explicit
4-1s2-1__group.5119__Z2	32	2x2x2x2	9	9	0	0	explicit
4-1s2-1__group.5117__Z6	32	2x2	3	3	0	0	explicit
4-1s2-1__group.5115__Z1	288	1	1	1	0	0	trivial
4-1s2-1__group.5106__Z1	256	2x2x2x2x2x2	48	48	0	0	explicit
4-1s2-1__group.5071__Z1	256	2x2x2x2x2x2	48	48	0	0	explicit
4-1s2-1__group.5117__Z7	32	2x2x2x2	9	9	0	0	explicit
4-1s2-1__group.5043__Z1	192	2x2	4	4	0	0	explicit
4-1s2-1__group.5117__Z1	32	2x2x2x2	9	12	3	0	explicit
4-1s2-1__group.5077__Z4	256	2x2x2x2	12	12	0	0	explicit
4-1s2-1__group.5119__Z3	32	2x2	4	4	0	0	explicit
4-1s2-1__group.5117__Z8	32	2x2x4	7	7	0	0	explicit
4-1s2-1__group.5071__Z2	256	2x2x2x2	12	12	0	0	explicit
4-1s2-1__group.5087__Z4	256	2x2x2	8	8	0	0	explicit
4-1s2-1__group.5106__Z2	256	2x2x2	8	8	0	0	explicit
4-1s2-1__group.5117__Z10	32	2x2x2x2	12	12	0	0	explicit
4-1s2-1__group.5078__Z4	256	2x2x2x2	12	12	0	0	explicit
4-1s2-1__group.5120__Z3	32	2x2x2x2x2x2	36	36	0	0	explicit
4-1s2-1__group.5117__Z9	32	2x2	4	4	0	0	explicit
4-1s2-1__group.5077__Z5	256	2x2x2x2x2x2x2	72	80	8	0	explicit
4-1s2-1__group.5118__Z1	32	2x2x2	4	4	0	0	explicit
4-1s2-1__group.5071__Z3	256	2x2x2x2x2x2x2x2	144	144	0	0	explicit
4-1s2-1__group.5123__Z3	32	2x2	4	4	0	0	explicit
4-1s2-1__group.5053__Z1	2304	2	2	2	0	0	explicit
4-1s2-1__group.5088__Z1	256	2x2x2x2x2x2x2	40	40	0	0	explicit
4-1s2-1__group.5118__Z2	32	2x2x2	4	4	0	0	explicit
4-1s2-1__group.5106__Z3	256	2x2x2x2x2	32	32	0	0	explicit
4-1s2-1__group.5119__Z4	32	2x2x2x2x2x2	40	40	0	0	explicit
4-1s2-1__group.5118__Z3	32	2x2x2x2x2x2	9	9	0	0	explicit
4-1s2-1__group.5071__Z4	256	2x2x2x2	12	12	0	0	explicit
4-1s2-1__group.5117__Z11	32	2x2x4	7	8	1	0	explicit
4-1s2-1__group.5121__Z4	32	2x2x2x2	16	16	0	0	explicit
4-1s2-1__group.5106__Z4	256	2x2x2	8	8	0	0	explicit
4-1s2-1__group.5123__Z4	32	2	2	2	0	0	explicit
4-1s2-1__group.5019__Z3	1536	2x2x2x2	16	16	0	0	explicit
4-1s2-1__group.5088__Z2	256	2x2x2x2x2	10	10	0	0	explicit
4-1s2-1__group.5053__Z2	2304	2	2	2	0	0	explicit
4-1s2-1__group.5077__Z6	256	2x2x2x2	10	12	2	0	explicit
4-1s2-1__group.5126__Z4	32	2x2	3	3	0	0	explicit
4-1s2-1__group.5078__Z5	256	2x2x2x2x2	32	32	0	0	explicit
4-1s2-1__group.5125__Z1	32	2x2x2	6	6	0	0	explicit
4-1s2-1__group.5071__Z5	256	2x2x2x2	16	16	0	0	explicit
4-1s2-1__group.5119__Z5	32	2x2	4	4	0	0	explicit
4-1s2-1__group.5106__Z5	256	2x2x2x2x2	32	32	0	0	explicit
4-1s2-1__group.5117__Z12	32	2x2	4	4	0	0	explicit
4-1s2-1__group.5125__Z2	32	2x2x2	6	6	0	0	explicit
4-1s2-1__group.5117__Z2	32	2x2x2	6	6	0	0	explicit
4-1s2-1__group.5078__Z6	256	2x2x2	8	8	0	0	explicit
4-1s2-1__group.5106__Z6	256	2x2x2x2	12	12	0	0	explicit
4-1s2-1__group.5126__Z5	32	2	2	2	0	0	explicit
4-1s2-1__group.5071__Z6	256	2x2x2x2x2	32	32	0	0	explicit
4-1s2-1__group.5121__Z5	32	2x2x2x2	8	8	0	0	explicit
4-1s2-1__group.5088__Z3	256	2x2x2x2x2x2x2x2	60	60	0	0	explicit
4-1s2-1__group.5138__Z1	384	2	2	2	0	0	explicit
4-1s2-1__group.5141__Z4	384	2	2	2	0	0	explicit
4-1s2-1__group.5078__Z7	256	2x2x2x2x2	32	32	0	0	explicit
4-1s2-1__group.5119__Z6	32	2x2x2x2	9	9	0	0	explicit
4-1s2-1__group.5171__Z1	48	2	2	2	0	0	explicit
4-1s2-1__group.5141__Z5	384	1	1	1	0	0	trivial
4-1s2-1__group.5120__Z4	32	2x2x2x2	12	12	0	0	explicit
4-1s2-1__group.5106__Z7	256	2x2x2x2x2x2	48	48	0	0	explicit
4-1s2-1__group.5077__Z7	256	2x2x2	8	8	0	0	explicit
4-1s2-1__group.5138__Z2	384	2	2	2	0	0	explicit
4-1s2-1__group.5141__Z6	384	1	1	1	0	0	trivial
4-1s2-1__group.5071__Z7	256	2x2x2x2x2x2	40	40	0	0	explicit
4-1s2-1__group.5119__Z7	32	2x2x2	8	8	0	0	explicit
4-1s2-1__group.5138__Z3	384	2x2	2	2	0	0	explicit
4-1s2-1__group.5078__Z8	256	2x2x2	8	8	0	0	explicit
4-1s2-1__group.5143__Z1	384	2x2	4	4	0	0	explicit
4-1s2-1__group.5121__Z6	32	2x2	3	3	0	0	explicit
4-1s2-1__group.5125__Z3	32	2x2x2x2	12	12	0	0	explicit
4-1s2-1__group.5077__Z8	256	2x2x2x2x2x2x2	80	80	0	0	explicit
4-1s2-1__group.5138__Z4	384	2x2	2	2	0	0	explicit
4-1s2-1__group.5119__Z8	32	2x2x2	8	8	0	0	explicit
4-1s2-1__group.5106__Z8	256	2x2x2x2	12	12	0	0	explicit
4-1s2-1__group.5120__Z5	32	2x2	3	3	0	0	explicit
4-1s2-1__group.5144__Z1	384	2x2x2x2	5	5	0	0	explicit
4-1s2-1__group.5087__Z1	256	2x2x2x2x2x2	48	48	0	0	explicit
4-1s2-1__group.5120__Z1	32	2x2x2	6	6	0	0	explicit
4-1s2-1__group.5138__Z5	384	1	1	1	0	0	trivial
4-1s2-1__group.5172__Z1	48	2	2	2	0	0	explicit
4-1s2-1__group.5122__Z1	32	2x2x2x2	12	12	0	0	explicit
4-1s2-1__group.5141__Z1	384	2	2	2	0	0	explicit
4-1s2-1__group.5120__Z6	32	2x2x2x2	16	16	0	0	explicit
4-1s2-1__group.5125__Z4	32	2x2	3	3	0	0	explicit
4-1s2-1__group.5019__Z4	1536	2x2x2	8	8	0	0	explicit
4-1s2-1__group.5107__Z1	256	2x2x2x2x2	32	32	0	0	explicit
4-1s2-1__group.5145__Z1	384	2x2x2	6	6	0	0	explicit
4-1s2-1__group.5141__Z2	384	2	2	2	0	0	explicit
4-1s2-1__group.5088__Z4	256	2x2x2	8	8	0	0	explicit
4-1s2-1__group.5141__Z3	384	2	2	2	0	0	explicit
4-1s2-1__group.5155__Z1	384	2x2x2	6	6	0	0	explicit
4-1s2-1__group.5120__Z7	32	2x2x2x2	12	12	0	0	explicit
4-1s2-1__group.5195__Z6	64	2x2x2	6	6	0	0	explicit
4-1s2-1__group.5122__Z2	32	2x2	3	3	0	0	explicit
4-1s2-1__group.5125__Z5	32	4	3	3	0	0	explicit
4-1s2-1__group.5194__Z4	64	2x2x2x2x2x2x2x2x2	160	160	0	0	explicit
4-1s2-1__group.5179__Z1	512	2x2x2x2x2x2x2	128	128	0	0	explicit
4-1s2-1__group.5126__Z1	32	2x2x2	6	6	0	0	explicit
4-1s2-1__group.5200__Z2	64	2x2	4	4	0	0	explicit
4-1s2-1__group.5196__Z1	64	2x2x2x2x2	18	18	0	0	explicit
4-1s2-1__group.5088__Z5	256	2x2x2x2x2x2	48	48	0	0	explicit
4-1s2-1__group.5198__Z1	64	2x2x2x2	9	9	0	0	explicit
4-1s2-1__group.5126__Z2	32	2x2x2	6	6	0	0	explicit
4-1s2-1__group.5120__Z8	32	2x2	4	4	0	0	explicit
4-1s2-1__group.5156__Z1	384	2x2x2	6	6	0	0	explicit
4-1s2-1__group.5198__Z2	64	2x2	4	4	0	0	explicit
4-1s2-1__group.5205__Z2	64	2x2	4	4	0	0	explicit
4-1s2-1__group.5196__Z2	64	2x2x2x2x2	16	16	0	0	explicit
4-1s2-1__group.5122__Z3	32	2x2	4	4	0	0	explicit
4-1s2-1__group.5121__Z1	32	2x2x2x2	16	16	0	0	explicit
4-1s2-1__group.5019__Z5	1536	2x2	4	4	0	0	explicit
4-1s2-1__group.5200__Z3	64	2x2x2x2	12	12	0	0	explicit
4-1s2-1__group.5126__Z3	32	2x2x2x2	12	12	0	0	explicit
4-1s2-1__group.5088__Z6	256	2x2x2x2x2x2	40	40	0	0	explicit
4-1s2-1__group.5179__Z2	512	2x2x2x2	16	16	0	0	explicit
4-1s2-1__group.5023__Z1	192	2x2x2	8	8	0	0	explicit
4-1s2-1__group.5121__Z2	32	2x2x2x2	8	8	0	0	explicit
4-1s2-1__group.5157__Z1	384	2x2	4	4	0	0	explicit
4-1s2-1__group.5205__Z3	64	2x2x2x2	16	16	0	0	explicit
4-1s2-1__group.5198__Z3	64	2x2x2x2	12	12	0	0	explicit
4-1s2-1__group.5194__Z5	64	2x2x2	6	6	0	0	explicit
4-1s2-1__group.5196__Z3	64	2x2x2x2x2x2	48	48	0	0	explicit
4-1s2-1__group.5122__Z4	32	2x2x2	6	6	0	0	explicit
4-1s2-1__group.5023__Z2	192	2	2	2	0	0	explicit
4-1s2-1__group.5211__Z3	64	2x2	4	4	0	0	explicit
4-1s2-1__group.5200__Z4	64	2x2	4	4	0	0	explicit
4-1s2-1__group.5121__Z3	32	2x2	4	4	0	0	explicit
4-1s2-1__group.5198__Z4	64	2x2	4	4	0	0	explicit
4-1s2-1__group.5201__Z1	64	2x2x2x2	16	16	0	0	explicit
4-1s2-1__group.5023__Z3	192	2x2	4	4	0	0	explicit
4-1s2-1__group.5205__Z4	64	2x2	4	4	0	0	explicit
4-1s2-1__group.5088__Z7	256	2x2x2x2x2x2x2x2x2x2	204	204	0	0	explicit
4-1s2-1__group.5202__Z4	64	2x2	4	4	0	0	explicit
4-1s2-1__group.5122__Z5	32	2x2x2	6	6	0	0	explicit
4-1s2-1__group.5199__Z1	64	2x2x2x2x2x2	32	32	0	0	explicit
4-1s2-1__group.5196__Z4	64	2x2x2	6	6	0	0	explicit
4-1s2-1__group.5210__Z1	64	2x2x2x2x2	18	18	0	0	explicit
4-1s2-1__group.5123__Z1	32	2x2	4	4	0	0	explicit
4-1s2-1__group.5179__Z3	512	2x2x2x2x2x2x2	128	128	0	0	explicit
4-1s2-1__group.5201__Z2	64	2x2	4	4	0	0	explicit
4-1s2-1__group.5023__Z4	192	2	2	2	0	0	explicit
4-1s2-1__group.5203__Z1	64	2x2x2x2x2	24	24	0	0	explicit
4-1s2-1__group.5199__Z2	64	2x2x2	6	6	0	0	explicit
4-1s2-1__group.5123__Z2	32	2	2	2	0	0	explicit
4-1s2-1__group.5211__Z4	64	2x2x2x2	12	12	0	0	explicit
4-1s2-1__group.5210__Z2	64	2x2x2x2x2	16	16	0	0	explicit
4-1s2-1__group.5194__Z6	64	2x2x2x2x2x2	18	18	0	0	explicit
4-1s2-1__group.5199__Z3	64	2x2x2	6	6	0	0	explicit
4-1s2-1__group.5256__Z12	64	2x4	6	6	0	0	explicit
4-1s2-1__group.5203__Z2	64	2x2x2x2x2	20	20	0	0	explicit
4-1s2-1__group.5201__Z3	64	2x2x2x2	16	16	0	0	explicit
4-1s2-1__group.5211__Z5	64	2x2x2	6	6	0	0	explicit
4-1s2-1__group.5210__Z3	64	2x2x2x2x2x2	48	48	0	0	explicit
4-1s2-1__group.5256__Z13	64	2x2x2x2x2	24	32	8	0	explicit
4-1s2-1__group.5194__Z7	64	2x2x2x2x2	20	20	0	0	explicit
4-1s2-1__group.5179__Z4	512	2x2x2x2	16	16	0	0	explicit
4-1s2-1__group.5212__Z1	64	2x2x2x2	9	9	0	0	explicit
4-1s2-1__group.5196__Z5	64	2x2	4	4	0	0	explicit
4-1s2-1__group.5265__Z1	768	2x2x2	8	8	0	0	explicit
4-1s2-1__group.5212__Z2	64	2x2	4	4	0	0	explicit
4-1s2-1__group.5199__Z4	64	2x2x2x2x2	20	20	0	0	explicit
4-1s2-1__group.5256__Z14	64	2x2x4	12	12	0	0	explicit
4-1s2-1__group.5256__Z21	64	2x2	4	8	4	0	explicit
4-1s2-1__group.5203__Z3	64	2x2x2x2x2x2x2x2x2	104	104	0	0	explicit
4-1s2-1__group.5190__Z1	576	2	2	2	0	0	explicit
4-1s2-1__group.5256__Z15	64	2x2	4	4	0	0	explicit
4-1s2-1__group.5272__Z4	768	2x2x2	6	6	0	0	explicit
4-1s2-1__group.5194__Z8	64	2x2x2x2x2	20	20	0	0	explicit
4-1s2-1__group.5212__Z3	64	2x2x2x2	12	12	0	0	explicit
4-1s2-1__group.5271__Z1	768	2x2x2	8	8	0	0	explicit
4-1s2-1__group.5201__Z4	64	2x2	4	4	0	0	explicit
4-1s2-1__group.5195__Z1	64	2x2x2x2x2x2	30	30	0	0	explicit
4-1s2-1__group.5256__Z16	64	2x2	4	4	0	0	explicit
4-1s2-1__group.5197__Z1	64	2x2x2x2x2	20	20	0	0	explicit
4-1s2-1__group.5194__Z1	64	2x2x2x2x2x2	32	32	0	0	explicit
4-1s2-1__group.5256__Z22	64	2x2x4	12	12	0	0	explicit
4-1s2-1__group.5203__Z4	64	2x2x2	6	6	0	0	explicit
4-1s2-1__group.5271__Z2	768	2x2x2	6	6	0	0	explicit
4-1s2-1__group.5195__Z2	64	2x2x2x2x2	16	16	0	0	explicit
4-1s2-1__group.5256__Z17	64	2x2x2x4	18	24	6	0	explicit
4-1s2-1__group.5265__Z2	768	2	2	2	0	0	explicit
4-1s2-1__group.5202__Z1	64	2x2x2x2	16	16	0	0	explicit
4-1s2-1__group.5212__Z4	64	2x2	4	4	0	0	explicit
4-1s2-1__group.5199__Z5	64	2x2x2x2x2	14	14	0	0	explicit
4-1s2-1__group.5272__Z5	768	2x2x2	6	6	0	0	explicit
4-1s2-1__group.5204__Z1	64	2x2x2x2	12	12	0	0	explicit
4-1s2-1__group.5271__Z3	768	2x2x2x2x2	10	10	0	0	explicit
4-1s2-1__group.5256__Z1	64	2x2x2x2	16	16	0	0	explicit
4-1s2-1__group.5210__Z4	64	2x2x2	6	6	0	0	explicit
4-1s2-1__group.5256__Z18	64	2x2	4	4	0	0	explicit
4-1s2-1__group.5194__Z2	64	2x2x2x2x2x2	25	25	0	0	explicit
4-1s2-1__group.5202__Z2	64	2x2	4	4	0	0	explicit
4-1s2-1__group.5200__Z1	64	2x2x2x2	10	10	0	0	explicit
4-1s2-1__group.5197__Z2	64	2x2x2x2x2	20	20	0	0	explicit
4-1s2-1__group.5204__Z2	64	2x2	4	4	0	0	explicit
4-1s2-1__group.5265__Z3	768	2x2	4	4	0	0	explicit
4-1s2-1__group.5195__Z3	64	2x2x2	6	6	0	0	explicit
4-1s2-1__group.5271__Z4	768	2x2x2	4	4	0	0	explicit
4-1s2-1__group.5265__Z4	768	2x2	4	4	0	0	explicit
4-1s2-1__group.5204__Z3	64	2x2x2x2	12	12	0	0	explicit
4-1s2-1__group.5256__Z23	64	2x2x2	8	8	0	0	explicit
4-1s2-1__group.5271__Z5	768	2	2	2	0	0	explicit
4-1s2-1__group.5272__Z6	768	2x2x2	6	6	0	0	explicit
4-1s2-1__group.5194__Z3	64	2x2x2	6	6	0	0	explicit
4-1s2-1__group.5256__Z19	64	2x2x2x2	16	16	0	0	explicit
4-1s2-1__group.5265__Z5	768	2	2	2	0	0	explicit
4-1s2-1__group.5272__Z1	768	2x2x2	8	8	0	0	explicit
4-1s2-1__group.5256__Z3	64	2x2x2	8	8	0	0	explicit
4-1s2-1__group.5256__Z2	64	2x2x2	8	8	0	0	explicit
4-1s2-1__group.5256__Z10	64	2x2x2x4	18	24	6	0	explicit
4-1s2-1__group.5197__Z3	64	2x2x2x2x2x2x2x2x2	104	104	0	0	explicit
4-1s2-1__group.5204__Z4	64	2x2	4	4	0	0	explicit
4-1s2-1__group.5167__Z1	4608	2x2	4	4	0	0	explicit
4-1s2-1__group.5256__Z4	64	2x2x2	6	8	2	0	explicit
4-1s2-1__group.5202__Z3	64	2x2x2x2	16	16	0	0	explicit
4-1s2-1__group.5195__Z4	64	2x2x2x2x2x2	40	40	0	0	explicit
4-1s2-1__group.5272__Z10	768	2x2	4	4	0	0	explicit
4-1s2-1__group.5210__Z5	64	2x2	4	4	0	0	explicit
4-1s2-1__group.5256__Z5	64	2x2x4	12	12	0	0	explicit
4-1s2-1__group.5267__Z1	768	2x2x2	8	8	0	0	explicit
4-1s2-1__group.5205__Z1	64	2x2x2x2	16	16	0	0	explicit
4-1s2-1__group.5211__Z1	64	2x2x2x2	12	12	0	0	explicit
4-1s2-1__group.5272__Z7	768	2x2	4	4	0	0	explicit
4-1s2-1__group.5272__Z11	768	2	2	2	0	0	explicit
4-1s2-1__group.5288__Z4	96	1	1	1	0	0	trivial
4-1s2-1__group.5256__Z6	64	2x2x2x2	12	16	4	0	explicit
4-1s2-1__group.5211__Z2	64	2x2x2	6	6	0	0	explicit
4-1s2-1__group.5256__Z20	64	2x2	4	4	0	0	explicit
4-1s2-1__group.5256__Z11	64	2x2	4	4	0	0	explicit
4-1s2-1__group.5288__Z5	96	1	1	1	0	0	trivial
4-1s2-1__group.5195__Z5	64	2x2x2x2x2	13	14	1	0	explicit
4-1s2-1__group.5272__Z8	768	2	2	2	0	0	explicit
4-1s2-1__group.5292__Z1	96	2	2	2	0	0	explicit
4-1s2-1__group.5272__Z2	768	2	2	2	0	0	explicit
4-1s2-1__group.5267__Z2	768	2	2	2	0	0	explicit
4-1s2-1__min.505__Z4	128	2x2x2	5	6	1	0	explicit
4-1s2-1__group.5289__Z1	96	2	2	2	0	0	explicit
4-1s2-1__group.5272__Z3	768	2x2x2	8	8	0	0	explicit
4-1s2-1__min.508__Z3	16	2x2	4	4	0	0	explicit
4-1s2-1__group.5256__Z7	64	2x2x2x2x2	24	32	8	0	explicit
4-1s2-1__group.5197__Z4	64	2x2x2	6	6	0	0	explicit
4-1s2-1__group.5293__Z1	96	2x2	3	3	0	0	explicit
4-1s2-1__group.5289__Z2	96	2	2	2	0	0	explicit
4-1s2-1__min.515__Z3	32	2x2	4	4	0	0	explicit
4-1s2-1__min.508__Z4	16	2x2	3	3	0	0	explicit
4-1s2-1__min.506__Z5	16	2x2	3	3	0	0	explicit
4-1s2-1__group.5297__Z1	96	2x2	2	2	0	0	explicit
4-1s2-1__min.505__Z5	128	2x2	4	4	0	0	explicit
4-1s2-1__group.5267__Z3	768	2x2	4	4	0	0	explicit
4-1s2-1__min.506__Z6	16	2	2	2	0	0	explicit
4-1s2-1__min.505__Z6	128	2x2x2x2	12	12	0	0	explicit
4-1s2-1__min.508__Z5	16	2	2	2	0	0	explicit
4-1s2-1__min.515__Z4	32	2	2	2	0	0	explicit
4-1s2-1__group.5298__Z1	96	2x2	3	3	0	0	explicit
4-1s2-1__group.5272__Z9	768	2	2	2	0	0	explicit
4-1s2-1__min.511__Z1	24	1	1	1	0	0	trivial
4-1s2-1__min.505__Z7	128	2x2x2x2	12	12	0	0	explicit
4-1s2-1__min.526__Z12	64	2x2x2x2	10	10	0	0	explicit
4-1s2-1__group.5256__Z8	64	2x2x2	6	8	2	0	explicit
4-1s2-1__group.5299__Z1	96	2	2	2	0	0	explicit
4-1s2-1__group.5289__Z3	96	2	2	2	0	0	explicit
4-1s2-1__group.5289__Z4	96	1	1	1	0	0	trivial
4-1s2-1__min.505__Z8	128	2x2x2x2	12	12	0	0	explicit
4-1s2-1__min.507__Z1	16	2x2	4	4	0	0	explicit
4-1s2-1__min.526__Z13	64	2x2x2x2	9	9	0	0	explicit
4-1s2-2__group.5349__Z1	144	1	1	1	0	0	trivial
4-1s2-1__group.5289__Z5	96	1	1	1	0	0	trivial
4-1s2-1__group.5267__Z4	768	2x2	4	4	0	0	explicit
4-1s2-1__group.5300__Z1	96	2x2	2	2	0	0	explicit
4-1s2-1__group.5289__Z6	96	1	1	1	0	0	trivial
4-1s2-2__group.5330__Z1	1152	2	2	2	0	0	explicit
4-1s2-1__min.526__Z14	64	2x2x2	8	8	0	0	explicit
4-1s2-2__group.5336__Z5	1152	2	2	2	0	0	explicit
4-1s2-1__min.516__Z1	32	2x2x2x2	12	12	0	0	explicit
4-1s2-1__min.505__Z9	128	2x2x2	8	8	0	0	explicit
4-1s2-2__group.5349__Z2	144	1	1	1	0	0	trivial
4-1s2-1__min.526__Z15	64	2x2x2x2	9	9	0	0	explicit
4-1s2-1__group.5290__Z1	96	2	2	2	0	0	explicit
4-1s2-1__min.514__Z1	32	2x2x2x2x2x2	16	16	0	0	explicit
4-1s2-2__group.5330__Z2	1152	2x2	4	4	0	0	explicit
4-1s2-1__group.5301__Z1	96	2	2	2	0	0	explicit
4-1s2-1__group.5281__Z1	768	2x2x2	8	8	0	0	explicit
4-1s2-2__group.5349__Z3	144	1	1	1	0	0	trivial
4-1s2-1__min.526__Z16	64	2x2x2x2	8	10	2	0	explicit
4-1s2-1__group.5267__Z5	768	2	2	2	0	0	explicit
4-1s2-2__group.5336__Z6	1152	2x2	4	4	0	0	explicit
4-1s2-1__min.507__Z2	16	2x2	3	3	0	0	explicit
4-1s2-1__group.5288__Z1	96	2	2	2	0	0	explicit
4-1s2-2__group.5350__Z1	144	1	1	1	0	0	trivial
4-1s2-1__group.5291__Z1	96	2x2	3	3	0	0	explicit
4-1s2-1__min.506__Z1	16	2x2	4	4	0	0	explicit
4-1s2-2__group.5330__Z3	1152	2	2	2	0	0	explicit
4-1s2-1__min.526__Z7	64	2x2	4	4	0	0	explicit
4-1s2-1__min.505__Z1	128	2x2x2x2x2	20	20	0	0	explicit
4-1s2-1__group.5256__Z9	64	2x2x2x4	18	24	6	0	explicit
4-1s2-1__group.5288__Z2	96	2	2	2	0	0	explicit
4-1s2-2__group.5337__Z1	1152	2	2	2	0	0	explicit
4-1s2-1__min.516__Z2	32	2x2	3	3	0	0	explicit
4-1s2-2__group.5351__Z1	144	2x6	6	6	0	0	explicit
4-1s2-1__group.5288__Z3	96	2x2	2	2	0	0	explicit
4-1s2-1__min.507__Z3	16	2	2	2	0	0	explicit
4-1s2-1__min.505__Z2	128	2x2x2	6	6	0	0	explicit
4-1s2-1__min.514__Z2	32	2x2	3	3	0	0	explicit
4-1s2-1__min.526__Z8	64	2x2	4	4	0	0	explicit
4-1s2-1__min.526__Z2	64	2x2x2x2x2	18	20	2	0	explicit
4-1s2-2__group.5334__Z1	1152	2x2x2x2	5	5	0	0	explicit
4-1s2-1__min.507__Z4	16	2x2	4	4	0	0	explicit
4-1s2-1__min.506__Z2	16	2x2	3	3	0	0	explicit
4-1s2-2__group.5357__Z1	144	1	1	1	0	0	trivial
4-1s2-2__group.5337__Z2	1152	2	2	2	0	0	explicit
4-1s2-1__min.514__Z3	32	2x2x2	6	6	0	0	explicit
4-1s2-1__min.505__Z3	128	2x2x2x2x2	18	20	2	0	explicit
4-1s2-2__group.5358__Z1	144	1	1	1	0	0	trivial
4-1s2-2__group.5352__Z1	144	2x2	3	3	0	0	explicit
4-1s2-1__min.507__Z5	16	2x2	3	3	0	0	explicit
4-1s2-1__min.516__Z3	32	2	2	2	0	0	explicit
4-1s2-2__group.5359__Z1	144	2x2	2	2	0	0	explicit
4-1s2-1__min.514__Z4	32	2x2x2	6	6	0	0	explicit
4-1s2-1__min.526__Z3	64	2x2x2x2x2	24	24	0	0	explicit
4-1s2-2__group.5379__Z1	144	3	2	2	0	0	explicit
4-1s2-2__group.5359__Z2	144	1	1	1	0	0	trivial
4-1s2-1__min.526__Z9	64	2x2x2	6	6	0	0	explicit
4-1s2-2__group.5337__Z3	1152	6	4	4	0	0	explicit
4-1s2-2__group.5353__Z1	144	2	2	2	0	0	explicit
4-1s2-1__min.516__Z4	32	2x2x2	6	6	0	0	explicit
4-1s2-1__min.507__Z6	16	2	2	2	0	0	explicit
4-1s2-1__min.506__Z3	16	2	2	2	0	0	explicit
4-1s2-2__group.5334__Z2	1152	2x2	2	2	0	0	explicit
4-1s2-2__group.5392__Z1	192	2x2x2x2	4	4	0	0	explicit
4-1s2-1__min.526__Z4	64	2x2x2x2	12	12	0	0	explicit
4-1s2-1__min.506__Z4	16	2x2	4	4	0	0	explicit
4-1s2-1__min.508__Z1	16	2x2x2	4	4	0	0	explicit
4-1s2-1__min.516__Z5	32	2x2x2	6	6	0	0	explicit
4-1s2-2__group.5354__Z1	144	6	4	4	0	0	explicit
4-1s2-2__group.5359__Z3	144	2	2	2	0	0	explicit
4-1s2-2__group.5337__Z4	1152	2x2	4	4	0	0	explicit
4-1s2-2__group.5379__Z2	144	3	2	2	0	0	explicit
4-1s2-2__group.5355__Z1	144	1	1	1	0	0	trivial
4-1s2-2__group.5376__Z1	144	1	1	1	0	0	trivial
4-1s2-1__min.526__Z5	64	2x2	4	4	0	0	explicit
4-1s2-1__min.515__Z1	32	2x2	4	4	0	0	explicit
4-1s2-2__group.5379__Z3	144	6	4	4	0	0	explicit
4-1s2-1__min.508__Z2	16	2x2	3	3	0	0	explicit
4-1s2-2__group.5392__Z2	192	2x2	2	2	0	0	explicit
4-1s2-2__group.5377__Z1	144	2x2	2	2	0	0	explicit
4-1s2-1__min.526__Z1	64	2x2x2x2x2x2	28	32	4	0	explicit
4-1s2-2__group.5356__Z1	144	3	2	2	0	0	explicit
4-1s2-2__group.5334__Z3	1152	2x2	4	4	0	0	explicit
4-1s2-2__group.5378__Z1	144	1	1	1	0	0	trivial
4-1s2-2__group.5337__Z5	1152	6	4	4	0	0	explicit
4-1s2-2__group.5378__Z2	144	1	1	1	0	0	trivial
4-1s2-1__min.526__Z10	64	2x2x2x2	9	9	0	0	explicit
4-1s2-1__min.526__Z6	64	2x2x2x2x2	24	24	0	0	explicit
4-1s2-2__group.5378__Z3	144	2	2	2	0	0	explicit
4-1s2-2__group.5336__Z1	1152	2	2	2	0	0	explicit
4-1s2-1__min.526__Z11	64	2x2x2x2	9	9	0	0	explicit
4-1s2-2__group.5337__Z6	1152	2x6	8	8	0	0	explicit
4-1s2-2__group.5406__Z1	192	2x2x2	6	6	0	0	explicit
4-1s2-2__group.5424__Z1	192	2x2	4	4	0	0	explicit
4-1s2-1__min.515__Z2	32	2	2	2	0	0	explicit
4-1s2-2__group.5393__Z1	192	2x2x2	8	8	0	0	explicit
4-1s2-2__group.5347__Z1	144	2x2	2	2	0	0	explicit
4-1s2-2__group.5424__Z2	192	2x2	4	4	0	0	explicit
4-1s2-2__group.5306__Z1	1152	2	2	2	0	0	explicit
4-1s2-2__group.5406__Z2	192	2x2	4	4	0	0	explicit
4-1s2-2__group.5348__Z1	144	1	1	1	0	0	trivial
4-1s2-2__group.5393__Z2	192	2x2	4	4	0	0	explicit
4-1s2-2__group.5336__Z2	1152	2	2	2	0	0	explicit
4-1s2-2__group.5428__Z2	192	2x2	4	4	0	0	explicit
4-1s2-2__group.5424__Z3	192	2x2	4	4	0	0	explicit
4-1s2-2__group.5307__Z1	1152	1	1	1	0	0	trivial
4-1s2-2__group.5424__Z4	192	2x2	4	4	0	0	explicit
4-1s2-2__group.5383__Z1	1728	3x3	4	4	0	0	explicit
4-1s2-2__group.5428__Z3	192	2x2	4	4	0	0	explicit
4-1s2-2__group.5414__Z1	192	2x2x2	8	8	0	0	explicit
4-1s2-2__group.5429__Z3	192	2x2	4	4	0	0	explicit
4-1s2-2__group.5336__Z3	1152	2	2	2	0	0	explicit
4-1s2-2__group.5425__Z1	192	2x2	4	4	0	0	explicit
4-1s2-2__group.5307__Z2	1152	1	1	1	0	0	trivial
4-1s2-2__group.5409__Z1	192	2x2x2	8	8	0	0	explicit
4-1s2-2__group.5425__Z2	192	2x2	4	4	0	0	explicit
4-1s2-2__group.5492__Z2	192	2x2x2x2x2	8	10	2	0	explicit
4-1s2-2__group.5429__Z4	192	2x2x2	6	6	0	0	explicit
4-1s2-2__group.5431__Z5	192	2x2	4	4	0	0	explicit
4-1s2-2__group.5336__Z4	1152	2x2	4	4	0	0	explicit
4-1s2-2__group.5495__Z8	192	2x2x2	6	8	2	0	explicit
4-1s2-2__group.5403__Z1	192	2x2x2	6	6	0	0	explicit
4-1s2-2__group.5414__Z2	192	2x2x2	6	6	0	0	explicit
4-1s2-2__group.5516__Z1	288	2	2	2	0	0	explicit
4-1s2-2__group.5409__Z2	192	2x2	4	4	0	0	explicit
4-1s2-2__group.5429__Z5	192	2x2	4	4	0	0	explicit
4-1s2-2__group.5425__Z3	192	2x2	4	4	0	0	explicit
4-1s2-2__group.5492__Z3	192	2x2x2x2x2x2	7	8	1	0	explicit
4-1s2-2__group.5307__Z3	1152	1	1	1	0	0	trivial
4-1s2-2__group.5428__Z4	192	2x2x2x2	10	10	0	0	explicit
4-1s2-2__group.5431__Z6	192	2x2x2	6	6	0	0	explicit
4-1s2-2__group.5429__Z6	192	2x2x2	6	6	0	0	explicit
4-1s2-2__group.5517__Z1	288	6	4	4	0	0	explicit
4-1s2-2__group.5422__Z1	192	2x2x2x2x2	10	10	0	0	explicit
4-1s2-2__group.5497__Z1	216	3x3	5	5	0	0	explicit
4-1s2-2__group.5425__Z4	192	2x2	4	4	0	0	explicit
4-1s2-2__group.5422__Z2	192	2x2x2	4	4	0	0	explicit
4-1s2-2__group.5431__Z7	192	2x2x2	6	6	0	0	explicit
4-1s2-2__group.5403__Z2	192	2x2	4	4	0	0	explicit
4-1s2-2__group.5329__Z1	1152	2	2	2	0	0	explicit
4-1s2-2__group.5518__Z1	288	1	1	1	0	0	trivial
4-1s2-2__group.5431__Z8	192	2x2x2	6	6	0	0	explicit
4-1s2-2__group.5429__Z7	192	2x2x2	6	6	0	0	explicit
4-1s2-2__group.5524__Z3	288	3	2	2	0	0	explicit
4-1s2-2__group.5410__Z1	192	2x2x2	8	8	0	0	explicit
4-1s2-2__group.5428__Z5	192	2x2x2x2x2	20	20	0	0	explicit
4-1s2-2__group.5422__Z3	192	2x2x2x2x2	10	10	0	0	explicit
4-1s2-2__group.5519__Z1	288	2x6	4	4	0	0	explicit
4-1s2-2__group.5429__Z8	192	2x2x2	6	6	0	0	explicit
4-1s2-2__group.5329__Z2	1152	2x2	4	4	0	0	explicit
4-1s2-2__group.5428__Z6	192	2x2	4	4	0	0	explicit
4-1s2-2__group.5520__Z1	288	2x2	3	3	0	0	explicit
4-1s2-2__group.5410__Z2	192	2x2	4	4	0	0	explicit
4-1s2-2__group.5384__Z1	1728	1	1	1	0	0	trivial
4-1s2-2__group.5431__Z1	192	2x2	4	4	0	0	explicit
4-1s2-2__group.5422__Z4	192	2x2x2x2	5	5	0	0	explicit
4-1s2-2__group.5465__Z1	192	2x2x2x2x2	20	20	0	0	explicit
4-1s2-2__group.5431__Z2	192	2x2	4	4	0	0	explicit
4-1s2-2__group.5428__Z7	192	2x2	4	4	0	0	explicit
4-1s2-2__group.5422__Z5	192	2x2x2	4	4	0	0	explicit
4-1s2-2__group.5521__Z1	288	6	4	4	0	0	explicit
4-1s2-2__group.5492__Z4	192	2x2	2	2	0	0	explicit
4-1s2-2__group.5549__Z1	288	2	2	2	0	0	explicit
4-1s2-2__group.5522__Z1	288	2	2	2	0	0	explicit
4-1s2-2__group.5431__Z3	192	2x2	4	4	0	0	explicit
4-1s2-2__group.5422__Z6	192	2x2	4	4	0	0	explicit
4-1s2-2__group.5428__Z1	192	2x2x2x2	10	10	0	0	explicit
4-1s2-2__group.5568__Z1	3456	3	2	2	0	0	explicit
4-1s2-2__group.5428__Z8	192	2x2x2	6	6	0	0	explicit
4-1s2-2__group.5411__Z1	192	2x2x2x2x2x2x2x2	18	18	0	0	explicit
4-1s2-2__group.5549__Z2	288	1	1	1	0	0	trivial
4-1s2-2__group.5404__Z1	192	2x2x2	6	6	0	0	explicit
4-1s2-2__group.5428__Z10	192	2x2x2	6	6	0	0	explicit
4-1s2-2__group.5422__Z7	192	2x2x2x2	5	5	0	0	explicit
4-1s2-2__group.5329__Z3	1152	2	2	2	0	0	explicit
4-1s2-2__group.5431__Z4	192	2x2x2	6	6	0	0	explicit
4-1s2-2__group.5495__Z1	192	2x2x2x2	5	6	1	0	explicit
4-1s2-2__group.5509__Z1	2304	2x2	4	4	0	0	explicit
4-1s2-2__group.5523__Z1	288	2	2	2	0	0	explicit
4-1s2-2__group.5549__Z3	288	2x2	4	4	0	0	explicit
4-1s2-2__group.5465__Z2	192	2x2x2	6	6	0	0	explicit
4-1s2-2__group.5422__Z8	192	2x2	4	4	0	0	explicit
4-1s2-2__group.5411__Z2	192	2x2x2	4	4	0	0	explicit
4-1s2-2__group.5404__Z2	192	2x2	4	4	0	0	explicit
4-1s2-2__group.5385__Z1	1728	3	2	2	0	0	explicit
4-1s2-2__group.5524__Z1	288	2x6	4	4	0	0	explicit
4-1s2-2__group.5428__Z9	192	2x2x2x2x2	20	20	0	0	explicit
4-1s2-2__group.5524__Z2	288	3	2	2	0	0	explicit
4-1s2-2__group.5412__Z1	192	2x2x2	8	8	0	0	explicit
4-1s2-2__group.5550__Z1	288	2x6	4	4	0	0	explicit
4-1s2-2__group.5495__Z2	192	2x2	2	2	0	0	explicit
4-1s2-2__group.5405__Z1	192	2x2x2	6	6	0	0	explicit
4-1s2-2__group.5465__Z3	192	2x2x2x2	12	12	0	0	explicit
4-1s2-2__group.5568__Z2	3456	3	2	2	0	0	explicit
4-1s2-2__group.5412__Z2	192	2x2x2	6	6	0	0	explicit
4-1s2-2__group.5405__Z2	192	2x2	4	4	0	0	explicit
4-1s2-2__group.5465__Z4	192	2x2x2	6	6	0	0	explicit
4-1s2-2__group.5495__Z3	192	2x2x2x2	5	6	1	0	explicit
4-1s2-2__group.5591__Z3	384	2x2x2	8	8	0	0	explicit
4-1s2-2__group.5602__Z1	384	2x2x2x2x2	10	10	0	0	explicit
4-1s2-2__group.5647__Z2	48	2x2	2	2	0	0	explicit
4-1s2-2__group.5636__Z1	384	2x2x2x2	5	6	1	0	explicit
4-1s2-2__group.5429__Z1	192	2x2	4	4	0	0	explicit
4-1s2-2__group.5465__Z5	192	2x2	4	4	0	0	explicit
4-1s2-2__group.5495__Z4	192	2x2x2x2	5	6	1	0	explicit
4-1s2-2__group.5648__Z1	48	2x2x2x2	4	4	0	0	explicit
4-1s2-2__group.5591__Z4	384	2x2x2	8	8	0	0	explicit
4-1s2-2__group.5636__Z2	384	2x2x2x2	12	16	4	0	explicit
4-1s2-2__group.5648__Z2	48	2	2	2	0	0	explicit
4-1s2-2__group.5429__Z2	192	2x2	4	4	0	0	explicit
4-1s2-2__group.5492__Z1	192	2x2x2x2x2x2	7	8	1	0	explicit
4-1s2-2__group.5495__Z5	192	2x2	2	2	0	0	explicit
4-1s2-2__group.5602__Z2	384	2x2x2	8	8	0	0	explicit
4-1s2-2__group.5684__Z2	576	1	1	1	0	0	trivial
4-1s2-2__group.5385__Z2	1728	3	2	2	0	0	explicit
4-1s2-2__group.5495__Z6	192	2x2x2	6	8	2	0	explicit
4-1s2-2__group.5649__Z1	48	2x2x2x2	6	6	0	0	explicit
4-1s2-2__group.5656__Z2	48	2	2	2	0	0	explicit
4-1s2-2__group.5636__Z3	384	2x2x2x2x2x2	15	22	7	0	explicit
4-1s2-2__group.5580__Z1	384	2x2x2x2	12	12	0	0	explicit
4-1s2-2__group.5684__Z3	576	1	1	1	0	0	trivial
4-1s2-2__group.5509__Z2	2304	2	2	2	0	0	explicit
4-1s2-2__group.5597__Z1	384	2x2x2	8	8	0	0	explicit
4-1s2-2__group.5495__Z7	192	2x2x2x2	5	6	1	0	explicit
4-1s2-2__group.5649__Z2	48	2	2	2	0	0	explicit
4-1s2-2__group.5636__Z4	384	2x2	2	2	0	0	explicit
4-1s2-2__group.5657__Z1	48	2	2	2	0	0	explicit
4-1s2-2__group.5602__Z3	384	2x2x2x2x2x2x2	30	30	0	0	explicit
4-1s2-2__group.5597__Z2	384	2x2x2	8	8	0	0	explicit
4-1s2-2__group.5685__Z1	576	2	2	2	0	0	explicit
4-1s2-2__group.5650__Z1	48	2x2x2x2	6	6	0	0	explicit
4-1s2-2__group.5580__Z2	384	2x2x2	8	8	0	0	explicit
4-1s2-2__group.5657__Z2	48	2	2	2	0	0	explicit
4-1s2-2__group.5641__Z1	432	1	1	1	0	0	trivial
4-1s2-2__group.5650__Z2	48	2	2	2	0	0	explicit
4-1s2-2__group.5722__Z3	576	2	2	2	0	0	explicit
4-1s2-2__group.5686__Z1	576	2	2	2	0	0	explicit
4-1s2-2__group.5602__Z4	384	2x2x2x2	8	8	0	0	explicit
4-1s2-2__group.5689__Z5	576	3	2	2	0	0	explicit
4-1s2-2__group.5385__Z3	1728	3	2	2	0	0	explicit
4-1s2-2__group.5643__Z1	432	1	1	1	0	0	trivial
4-1s2-2__group.5658__Z1	48	2	2	2	0	0	explicit
4-1s2-2__group.5597__Z3	384	2x2x2	8	8	0	0	explicit
4-1s2-2__group.5585__Z1	384	2x2x2	8	8	0	0	explicit
4-1s2-2__group.5687__Z1	576	2	2	2	0	0	explicit
4-1s2-2__group.5651__Z1	48	2x2x2x2	6	8	2	0	explicit
4-1s2-2__group.5689__Z6	576	3	2	2	0	0	explicit
4-1s2-2__group.5658__Z2	48	2	2	2	0	0	explicit
4-1s2-2__group.5597__Z4	384	2x2x2	8	8	0	0	explicit
4-1s2-2__group.5585__Z2	384	2x2x2	8	8	0	0	explicit
4-1s2-2__group.5558__Z1	3456	1	1	1	0	0	trivial
4-1s2-2__group.5603__Z1	384	2x2x2	8	8	0	0	explicit
4-1s2-2__group.5688__Z1	576	6	4	4	0	0	explicit
4-1s2-2__group.5725__Z1	576	2x2	2	2	0	0	explicit
4-1s2-2__group.5723__Z1	576	6	4	4	0	0	explicit
4-1s2-2__group.5690__Z1	576	2	2	2	0	0	explicit
4-1s2-2__group.5689__Z1	576	1	1	1	0	0	trivial
4-1s2-2__group.5652__Z2	48	2x4	4	5	1	0	explicit
4-1s2-2__group.5682__Z1	48	2x2x2x2	4	4	0	0	explicit
4-1s2-2__group.5603__Z2	384	2x2x2	8	8	0	0	explicit
4-1s2-2__group.5689__Z2	576	1	1	1	0	0	trivial
4-1s2-2__group.5682__Z2	48	1	1	1	0	0	trivial
4-1s2-2__group.5726__Z1	576	2x2	2	2	0	0	explicit
4-1s2-2__group.5644__Z1	432	3x3	5	5	0	0	explicit
4-1s2-2__group.5598__Z1	384	2x2x2	8	8	0	0	explicit
4-1s2-2__group.5723__Z2	576	6	4	4	0	0	explicit
4-1s2-2__group.5691__Z1	576	2x2	2	2	0	0	explicit
4-1s2-2__group.5689__Z3	576	1	1	1	0	0	trivial
4-1s2-2__group.5385__Z4	1728	3	2	2	0	0	explicit
4-1s2-2__group.5646__Z1	48	1	1	1	0	0	trivial
4-1s2-2__group.5682__Z3	48	2x2	2	2	0	0	explicit
4-1s2-2__group.5726__Z2	576	2	2	2	0	0	explicit
4-1s2-2__group.5604__Z1	384	2x2x2	8	8	0	0	explicit
4-1s2-2__group.5598__Z2	384	2x2x2	8	8	0	0	explicit
4-1s2-2__group.5689__Z4	576	3	2	2	0	0	explicit
4-1s2-2__group.5646__Z2	48	1	1	1	0	0	trivial
4-1s2-2__group.5509__Z3	2304	2x2x2	8	8	0	0	explicit
4-1s2-2__group.5653__Z1	48	2x2x2x2	10	10	0	0	explicit
4-1s2-2__group.5682__Z4	48	2x2x2	4	4	0	0	explicit
4-1s2-2__group.5651__Z2	48	2x2	3	4	1	0	explicit
4-1s2-2__group.5692__Z1	576	2	2	2	0	0	explicit
4-1s2-2__group.5513__Z1	288	3	2	2	0	0	explicit
4-1s2-2__group.5726__Z3	576	2x6	4	4	0	0	explicit
4-1s2-2__group.5604__Z2	384	2x2x2	8	8	0	0	explicit
4-1s2-2__group.5653__Z2	48	2	2	2	0	0	explicit
4-1s2-2__group.5684__Z1	576	1	1	1	0	0	trivial
4-1s2-2__group.5723__Z3	576	3	2	2	0	0	explicit
4-1s2-2__group.5647__Z1	48	2x2x2x2	4	4	0	0	explicit
4-1s2-2__group.5585__Z3	384	2x2x2	8	8	0	0	explicit
4-1s2-2__group.5513__Z2	288	3	2	2	0	0	explicit
4-1s2-2__group.5598__Z3	384	2x2x2	8	8	0	0	explicit
4-1s2-2__group.5652__Z1	48	2x2x2x2	6	8	2	0	explicit
4-1s2-2__group.5653__Z3	48	2	2	2	0	0	explicit
4-1s2-2__group.5693__Z1	576	2x2	2	2	0	0	explicit
4-1s2-2__group.5726__Z4	576	2x2	2	2	0	0	explicit
4-1s2-2__group.5724__Z1	576	1	1	1	0	0	trivial
4-1s2-2__group.5388__Z1	1728	1	1	1	0	0	trivial
4-1s2-2__group.5513__Z3	288	3	2	2	0	0	explicit
4-1s2-2__group.5598__Z4	384	2x2x2	8	8	0	0	explicit
4-1s2-2__group.5724__Z2	576	2	2	2	0	0	explicit
4-1s2-2__group.5604__Z3	384	2x2x2x2	12	12	0	0	explicit
4-1s2-2__group.5585__Z4	384	2x2x2	8	8	0	0	explicit
4-1s2-2__group.5514__Z1	288	2x2	3	3	0	0	explicit
4-1s2-2__group.5726__Z5	576	6	4	4	0	0	explicit
4-1s2-2__group.5693__Z2	576	2	2	2	0	0	explicit
4-1s2-2__group.5559__Z1	3456	1	1	1	0	0	trivial
4-1s2-2__group.5724__Z3	576	3	2	2	0	0	explicit
4-1s2-2__group.5604__Z4	384	2x2x2x2	12	12	0	0	explicit
4-1s2-2__group.5739__Z1	72	3	2	2	0	0	explicit
4-1s2-2__group.5654__Z1	48	2x2x2x2	10	10	0	0	explicit
4-1s2-2__group.5515__Z1	288	2	2	2	0	0	explicit
4-1s2-2__group.5726__Z6	576	2x6	4	4	0	0	explicit
4-1s2-2__group.5724__Z4	576	2	2	2	0	0	explicit
4-1s2-2__group.5693__Z3	576	2x2	2	2	0	0	explicit
4-1s2-2__group.5591__Z1	384	2x2x2	8	8	0	0	explicit
4-1s2-2__group.5739__Z2	72	3	2	2	0	0	explicit
4-1s2-2__group.5654__Z2	48	2	2	2	0	0	explicit
4-1s2-2__group.5722__Z1	576	1	1	1	0	0	trivial
4-1s2-2__group.5724__Z5	576	6	4	4	0	0	explicit
4-1s2-2__group.5773__Z2	96	2	2	2	0	0	explicit
4-1s2-2__group.5654__Z3	48	2	2	2	0	0	explicit
4-1s2-2__group.5591__Z2	384	2x2x2	8	8	0	0	explicit
4-1s2-2__group.5722__Z2	576	2	2	2	0	0	explicit
4-1s2-2__group.5724__Z6	576	6	4	4	0	0	explicit
4-1s2-2__group.5778__Z2	96	2x2	3	3	0	0	explicit
4-1s2-2__group.5739__Z3	72	3	2	2	0	0	explicit
4-1s2-2__group.5740__Z1	72	1	1	1	0	0	trivial
4-1s2-2__group.5774__Z1	96	2x2	4	4	0	0	explicit
4-1s2-2__group.5758__Z2	768	2x2x2x2	16	16	0	0	explicit
4-1s2-2__group.5779__Z1	96	2x2	4	4	0	0	explicit
4-1s2-2__group.5655__Z1	48	2	2	2	0	0	explicit
4-1s2-2__group.5741__Z1	72	3	2	2	0	0	explicit
4-1s2-2__group.5774__Z2	96	2	2	2	0	0	explicit
4-1s2-2__group.5779__Z2	96	2x2	3	3	0	0	explicit
4-1s2-2__group.5655__Z2	48	2	2	2	0	0	explicit
4-1s2-2__group.5741__Z2	72	3	2	2	0	0	explicit
4-1s2-2__min.532__Z1	24	2x2	2	2	0	0	explicit
4-1s2-2__min.532__Z2	24	1	1	1	0	0	trivial
4-1s2-2__group.5741__Z3	72	3	2	2	0	0	explicit
4-1s2-2__min.549__Z6	96	2x2	3	3	0	0	explicit
4-1s2-2__group.5775__Z1	96	2x2	4	4	0	0	explicit
4-1s2-2__min.549__Z7	96	2	2	2	0	0	explicit
4-1s2-2__group.5767__Z1	864	3x3	4	4	0	0	explicit
4-1s2-2__group.5775__Z2	96	2	2	2	0	0	explicit
4-1s2-2__min.536__Z1	24	2x2	2	2	0	0	explicit
4-1s2-2__group.5745__Z1	72	2x6	4	4	0	0	explicit
4-1s2-2__group.5656__Z1	48	2	2	2	0	0	explicit
4-1s2-2__group.5854__Z3	96	2x2x2x2	3	3	0	0	explicit
4-1s2-2__group.5783__Z1	96	2x2	4	4	0	0	explicit
4-1s2-2__min.536__Z2	24	2x2	2	2	0	0	explicit
4-1s2-2__group.5780__Z1	96	2x2x2x2x2x2	24	24	0	0	explicit
4-1s2-2__group.5776__Z1	96	2x2x2x2x2x2	7	7	0	0	explicit
4-1s2-2__min.549__Z8	96	2x2x2	6	6	0	0	explicit
4-1s2-2__group.5746__Z1	72	3	2	2	0	0	explicit
4-1s2-2__group.5559__Z2	3456	1	1	1	0	0	trivial
4-2ps1c1__group.5855__Z1	24	2x2	2	2	0	0	explicit
4-1s2-2__min.539__Z1	48	2	2	2	0	0	explicit
4-1s2-2__min.549__Z9	96	2x2	3	3	0	0	explicit
4-1s2-2__min.536__Z3	24	2x2	2	2	0	0	explicit
4-1s2-2__group.5776__Z2	96	2x2	2	2	0	0	explicit
4-1s2-2__group.5769__Z1	864	1	1	1	0	0	trivial
4-1s2-2__group.5780__Z2	96	2x2	3	3	0	0	explicit
4-1s2-2__group.5854__Z4	96	2x2	2	2	0	0	explicit
4-1s2-2__min.536__Z4	24	1	1	1	0	0	trivial
4-1s2-2__min.528__Z1	24	1	1	1	0	0	trivial
4-1s2-2__min.539__Z2	48	2	2	2	0	0	explicit
4-1s2-2__min.528__Z2	24	1	1	1	0	0	trivial
4-2ps1c1__group.5856__Z1	24	2x2	2	2	0	0	explicit
4-1s2-2__group.5770__Z1	96	2x2x2x2	4	4	0	0	explicit
4-1s2-2__group.5783__Z2	96	2x2	3	3	0	0	explicit
4-1s2-2__min.529__Z1	24	1	1	1	0	0	trivial
4-1s2-2__group.5788__Z1	96	2x2x2x2x2x2	16	16	0	0	explicit
4-1s2-2__min.529__Z2	24	1	1	1	0	0	trivial
4-1s2-2__min.552__Z1	96	2x2x2	8	8	0	0	explicit
4-2ps1c1__group.5857__Z1	24	2x2x2x2	4	4	0	0	explicit
4-1s2-2__min.530__Z1	24	2x2x2x2	4	4	0	0	explicit
4-1s2-2__group.5780__Z3	96	2x2	3	3	0	0	explicit
4-1s2-2__min.537__Z1	48	2	2	2	0	0	explicit
4-1s2-2__min.552__Z2	96	2	2	2	0	0	explicit
4-1s2-2__min.544__Z1	72	3	2	2	0	0	explicit
4-1s2-2__group.5770__Z2	96	2x2	2	2	0	0	explicit
4-1s2-2__min.537__Z2	48	2	2	2	0	0	explicit
4-1s2-2__min.545__Z1	72	1	1	1	0	0	trivial
4-1s2-2__group.5777__Z1	96	2x2x2x2x2x2	16	16	0	0	explicit
4-2ps1c1__group.5858__Z1	24	12x12	6	6	0	0	explicit
4-1s2-2__min.552__Z3	96	2	2	2	0	0	explicit
4-1s2-2__min.530__Z2	24	4x4	3	3	0	0	explicit
4-1s2-2__min.531__Z1	24	2x2	2	2	0	0	explicit
4-1s2-2__min.552__Z4	96	2x2	3	3	0	0	explicit
4-1s2-2__min.531__Z2	24	1	1	1	0	0	trivial
4-1s2-2__min.549__Z1	96	2x2x2	6	6	0	0	explicit
4-1s2-2__min.538__Z1	48	2	2	2	0	0	explicit
4-1s2-2__group.5788__Z2	96	2x2	4	4	0	0	explicit
4-2ps1c1__group.5859__Z1	48	2x2x2x2	4	4	0	0	explicit
4-1s2-2__group.5758__Z1	768	2x2x2x2	16	16	0	0	explicit
4-1s2-2__min.549__Z10	96	2	2	2	0	0	explicit
4-2ps1c1__min.553__Z1	12	1	1	1	0	0	trivial
4-1s2-2__group.5777__Z2	96	2x2	3	3	0	0	explicit
4-2ps2-1__group.5880__Z1	96	2x2	3	3	0	0	explicit
4-1s2-2__min.538__Z2	48	2	2	2	0	0	explicit
4-2ps2-1__min.558__Z1	12	1	1	1	0	0	trivial
4-1s2-2__group.5781__Z1	96	2x2	4	4	0	0	explicit
4-2ps2-1__min.558__Z2	12	1	1	1	0	0	trivial
4-1s2-2__min.549__Z2	96	2x2	3	3	0	0	explicit
4-2ps2-1__min.560__Z1	48	2	2	2	0	0	explicit
4-2ps1c1__min.554__Z1	12	12x12	6	6	0	0	explicit
4-1s2-2__group.5771__Z1	96	2x2x2x2	6	8	2	0	explicit
4-1s2-2__group.5562__Z1	3456	1	1	1	0	0	trivial
4-1s2-2__group.5784__Z1	96	2x2	4	4	0	0	explicit
4-2ps2-1__group.5873__Z1	24	2	2	2	0	0	explicit
4-1s2-2__group.5781__Z2	96	2x2	3	3	0	0	explicit
4-1s2-2__min.552__Z5	96	2x2x2	8	8	0	0	explicit
4-1s2-2__group.5789__Z1	96	2x2x2x2	6	8	2	0	explicit
4-1s2-2__group.5778__Z1	96	2x2	4	4	0	0	explicit
4-2ps2-2__group.5885__Z1	144	1	1	1	0	0	trivial
4-2ps2-1__group.5875__Z1	48	2	2	2	0	0	explicit
4-2ps2-2__group.5892__Z1	24	1	1	1	0	0	trivial
4-1s2-2__min.549__Z3	96	2x2x2	6	6	0	0	explicit
4-1s2-2__group.5784__Z2	96	2x2	3	3	0	0	explicit
4-2ps2-2__group.5892__Z2	24	1	1	1	0	0	trivial
4-2ps2-2__group.5896__Z1	36	1	1	1	0	0	trivial
4-2ps2-1__group.5877__Z1	48	2x2	3	3	0	0	explicit
4-2ps2-2__group.5900__Z1	72	3	2	2	0	0	explicit
4-1s2-2__min.552__Z6	96	2x2	4	4	0	0	explicit
4-2ps2-2__group.5901__Z1	72	1	1	1	0	0	trivial
4-1s2-2__min.549__Z4	96	2x2x2	6	6	0	0	explicit
4-2ps2-2__group.5902__Z1	72	1	1	1	0	0	trivial
4-2ps2-2__min.562__Z1	12	1	1	1	0	0	trivial
4-2ps2-2__min.562__Z2	12	1	1	1	0	0	trivial
4-2ps2-2__group.5897__Z1	36	3	2	2	0	0	explicit
4-2ps2-2__min.563__Z1	12	1	1	1	0	0	trivial
4-2ps2-2__min.563__Z2	12	1	1	1	0	0	trivial
4-1s2-2__min.549__Z5	96	2x2	3	3	0	0	explicit
4-2ps2-2__group.5899__Z1	72	1	1	1	0	0	trivial
4-1s2-2__group.5785__Z1	96	2x2	4	4	0	0	explicit
4-2s1c1__group.5914__Z2	144	2x2x2x2x2x2	11	11	0	0	explicit
4-2s1c1__group.5937__Z2	24	4x4	3	3	0	0	explicit
4-1s2-2__group.5782__Z1	96	2x2	4	4	0	0	explicit
4-1s2-2__group.5771__Z2	96	2x2	3	4	1	0	explicit
4-2s1c1__group.5911__Z1	144	2x2x2x2	5	5	0	0	explicit
4-1s2-2__group.5785__Z2	96	2x2	3	3	0	0	explicit
4-2s1c1__group.5938__Z1	24	2x2x2x2	5	5	0	0	explicit
4-1s2-2__group.5782__Z2	96	2x2	3	3	0	0	explicit
4-2s1c1__group.5913__Z1	144	2x2x2x2	4	4	0	0	explicit
4-1s2-2__group.5789__Z2	96	2x2	3	4	1	0	explicit
4-1s2-2__group.5562__Z2	3456	1	1	1	0	0	trivial
4-2s1c1__group.5938__Z2	24	2x2x2x2	5	5	0	0	explicit
4-2s1c1__group.5944__Z1	24	6x6	4	4	0	0	explicit
4-1s2-2__group.5772__Z1	96	2x2	4	4	0	0	explicit
4-2s1c1__group.5939__Z1	24	2x2	2	2	0	0	explicit
4-2s1c1__group.5915__Z1	144	2x2x2x2	5	5	0	0	explicit
4-2s1c1__group.5939__Z2	24	2x2	2	2	0	0	explicit
4-2s1c1__group.5914__Z1	144	2x2x2x2x2x2	9	9	0	0	explicit
4-1s2-2__group.5772__Z2	96	2	2	2	0	0	explicit
4-2s1c1__group.5940__Z1	24	6x6	4	4	0	0	explicit
4-2s1c1__group.5930__Z1	144	2x2x2x2x2x2	11	11	0	0	explicit
4-2s1c1__group.5960__Z1	36	3x3	2	2	0	0	explicit
4-1s2-2__group.5790__Z1	96	2x2	4	4	0	0	explicit
4-2s1c1__group.5940__Z2	24	6x6	4	4	0	0	explicit
4-2s1c1__group.5957__Z7	36	2x2	2	2	0	0	explicit
4-2s1c1__group.5951__Z1	288	2x2x2x2x2x2	11	11	0	0	explicit
4-1s2-2__group.5786__Z1	96	2x2	4	4	0	0	explicit
4-1s2-2__group.5735__Z1	6912	1	1	1	0	0	trivial
4-2s1c1__group.5931__Z1	144	2x2x2x2	5	5	0	0	explicit
4-2s1c1__group.5941__Z1	24	2x2	2	2	0	0	explicit
4-2s1c1__group.5958__Z1	36	3x6x6	8	8	0	0	explicit
4-2s1c1__group.5955__Z1	36	2x2	2	2	0	0	explicit
4-1s2-2__group.5773__Z1	96	2x2	4	4	0	0	explicit
4-1s2-2__group.5790__Z2	96	2x2	4	4	0	0	explicit
4-2s1c1__group.5961__Z1	36	2x2x6x6	8	8	0	0	explicit
4-1s2-2__group.5737__Z1	72	2x6	4	4	0	0	explicit
4-2s1c1__group.5958__Z2	36	6x6	4	4	0	0	explicit
4-2s1c1__group.5932__Z1	144	2x2x2x2	4	4	0	0	explicit
4-2s1c1__group.5942__Z1	24	2x2x4x4	8	8	0	0	explicit
4-2s1c1__group.5965__Z1	48	2x2x2x2	5	5	0	0	explicit
4-2s1c1__group.5975__Z1	72	2x2x2x2	4	4	0	0	explicit
4-2s1c1__group.5956__Z4	36	2x2x2x6	8	8	0	0	explicit
4-2s1c1__group.5958__Z3	36	3x6x6	8	8	0	0	explicit
4-1s2-2__group.5786__Z2	96	2x2	4	4	0	0	explicit
4-2s1c1__group.5943__Z1	24	2x2	2	2	0	0	explicit
4-2s1c1__group.5961__Z2	36	2x2x6x6	10	10	0	0	explicit
4-2s1c1__group.5933__Z1	144	2x2x4x4	7	7	0	0	explicit
4-1s2-2__group.5738__Z1	72	3	2	2	0	0	explicit
4-2s1c1__group.5955__Z2	36	2x2	2	2	0	0	explicit
4-2s1c1__group.5975__Z2	72	2x2x2x2	5	5	0	0	explicit
4-2s1c1__group.5958__Z4	36	6x6	4	4	0	0	explicit
4-2s1c1__group.5966__Z1	48	2x2x2x2	5	5	0	0	explicit
4-2s1c1__group.5956__Z5	36	2x2x2x6	8	8	0	0	explicit
4-2s1c1__group.5955__Z3	36	2x2	2	2	0	0	explicit
4-2s1c1__group.5962__Z1	36	6x6	4	4	0	0	explicit
4-2s1c1__group.5982__Z1	72	2x2x6x6	10	10	0	0	explicit
4-2s1c1__group.5975__Z3	72	2x2x2x2	4	4	0	0	explicit
4-2s1c1__group.5934__Z1	144	2x2x6x6	10	10	0	0	explicit
4-2s1c1__group.5962__Z2	36	6x6	4	4	0	0	explicit
4-2s1c1__group.5983__Z1	72	6x6	4	4	0	0	explicit
4-1s2-2__group.5791__Z1	96	2x2	4	4	0	0	explicit
4-2s1c1__group.5956__Z6	36	2x2x2x2	4	4	0	0	explicit
4-2s1c1__group.5984__Z1	72	2x2	2	2	0	0	explicit
4-2s1c1__group.5963__Z1	36	2x6	4	4	0	0	explicit
4-2s1c1__group.5958__Z5	36	2x6	4	4	0	0	explicit
4-2s1c1__group.5935__Z1	144	2x2x2x2	5	5	0	0	explicit
4-2s1c1__group.5963__Z2	36	2x6	4	4	0	0	explicit
4-2s1c1__group.5985__Z1	72	4x4	3	3	0	0	explicit
4-2s1c1__group.5955__Z4	36	2x2	2	2	0	0	explicit
4-2s1c1__group.5958__Z6	36	6x6	4	4	0	0	explicit
4-2s1c1__group.5936__Z1	24	2x2	2	2	0	0	explicit
4-2s1c1__group.5993__Z1	72	2x2x2x6	8	8	0	0	explicit
4-2s1c1__group.5963__Z3	36	2x2	2	2	0	0	explicit
4-1s2-2__group.5791__Z2	96	2x2	4	4	0	0	explicit
4-2s1c1__group.5955__Z5	36	2x2	2	2	0	0	explicit
4-2s1c1__group.5998__Z1	72	12x12	6	6	0	0	explicit
4-2s1c1__group.5988__Z1	72	2x2x4x4	7	7	0	0	explicit
4-2s1c1__group.5958__Z7	36	6x6	4	4	0	0	explicit
4-2s1c1__group.5956__Z1	36	2x2x2x2	4	4	0	0	explicit
4-2s1c1__group.5937__Z1	24	4x4	3	3	0	0	explicit
4-2s1c1__group.5989__Z1	72	2x2	2	2	0	0	explicit
4-2s1c1__group.5975__Z4	72	2x2x2x2	4	4	0	0	explicit
4-2s1c1__group.5993__Z2	72	2x2x2x6	8	8	0	0	explicit
4-1s2-2__group.5787__Z1	96	2x2	4	4	0	0	explicit
4-2s1c1__group.5964__Z1	48	2x2x2x2	5	5	0	0	explicit
4-2s1c1__group.5999__Z1	72	6x6	4	4	0	0	explicit
4-2s1c1__group.5956__Z2	36	2x2x2x2	5	5	0	0	explicit
4-1s2-2__group.5854__Z1	96	2x2x2x2x2x2	7	8	1	0	explicit
4-2s1c1__group.5967__Z1	48	2x2x2x2x2x2	15	15	0	0	explicit
4-2s1c1__group.5993__Z3	72	2x2x2x2	4	4	0	0	explicit
4-2s1c1__group.5990__Z1	72	2x2x2x2x2x2	9	9	0	0	explicit
4-2s1c1__group.5956__Z7	36	2x2x2x2	4	4	0	0	explicit
4-2s1c1__group.5975__Z5	72	2x2x2x2	4	4	0	0	explicit
4-2s1c1__group.5956__Z3	36	2x2x2x6	8	8	0	0	explicit
4-2s1c1__group.5957__Z1	36	2x2	2	2	0	0	explicit
4-2s1c1__group.5964__Z2	48	2x2x2x2	5	5	0	0	explicit
4-1s2-2__group.5854__Z2	96	2x2x2x2	4	5	1	0	explicit
4-2s1c1__group.5993__Z4	72	2x2x2x2	4	4	0	0	explicit
4-2s1c1__group.5990__Z2	72	2x2x2x2x2x2	11	11	0	0	explicit
4-2s1c1__group.5957__Z2	36	2x2	2	2	0	0	explicit
4-1s2-2__group.5787__Z2	96	2x2	4	4	0	0	explicit
4-2s1c1__group.5957__Z3	36	2x6	4	4	0	0	explicit
4-2s1c1__group.5958__Z8	36	6x6	6	6	0	0	explicit
4-2s1c1__group.5993__Z5	72	2x2x2x2	5	5	0	0	explicit
4-2s1c1__group.6004__Z1	96	2x2x2x2x2x2	15	15	0	0	explicit
4-2s1c1__group.5968__Z1	48	2x2x2x2	5	5	0	0	explicit
4-2s1c1__group.5991__Z1	72	2x2x2x2	5	5	0	0	explicit
4-2s1c1__min.568__Z1	18	3x6x6	8	8	0	0	explicit
4-2s1c1__group.5959__Z1	36	12x12	6	6	0	0	explicit
4-2s1s1__group.6008__Z2	144	2x2x2	6	6	0	0	explicit
4-2s1c1__group.5975__Z6	72	2x2x2x2	4	4	0	0	explicit
4-2s1c1__min.565__Z1	12	4x4	3	3	0	0	explicit
4-2s1c1__group.5991__Z2	72	2x2x2x2	5	5	0	0	explicit
4-2s1c1__min.566__Z1	12	3x3	2	2	0	0	explicit
4-2s1s1__group.6009__Z1	144	4x4	9	10	1	0	explicit
4-2s1c1__group.5957__Z4	36	2x2	2	2	0	0	explicit
4-2s1s1__group.6069__Z10	144	2x2	3	4	1	0	explicit
4-2s1c1__min.567__Z1	18	3x3x3	4	4	0	0	explicit
4-2s1c1__group.5957__Z5	36	2x2	2	2	0	0	explicit
4-2s1c1__group.5994__Z1	72	6x6	4	4	0	0	explicit
4-2s1s1__group.6009__Z2	144	2x2	4	4	0	0	explicit
4-2s1c1__min.568__Z2	18	6x6	8	8	0	0	explicit
4-2s1c1__group.5957__Z6	36	2x6	4	4	0	0	explicit
4-2s1c1__group.5968__Z2	48	2x2x2x2	5	5	0	0	explicit
4-2s1s1__group.6069__Z9	144	2x2x2x2	16	16	0	0	explicit
4-2s1c1__min.568__Z3	18	6x6	4	4	0	0	explicit
4-2s1s1__group.6040__Z1	144	2x2x2x2	7	7	0	0	explicit
4-2s1c1__min.567__Z2	18	3	2	2	0	0	explicit
4-2s1c1__group.5995__Z1	72	2x2x6x6	8	8	0	0	explicit
4-2s1s1__group.6069__Z11	144	2x2x2x2	16	16	0	0	explicit
4-2s1c1__min.567__Z3	18	3x3x3	4	4	0	0	explicit
4-2s1s1__group.6075__Z1	144	2x2x2x2	10	10	0	0	explicit
4-2s1s1__group.6040__Z2	144	2x2	4	4	0	0	explicit
4-2s1s1__group.6076__Z2	144	2x2	3	3	0	0	explicit
4-2s1s1__group.6085__Z4	144	2x2x2	5	6	1	0	explicit
4-2s1c1__min.568__Z4	18	6x6	6	6	0	0	explicit
4-2s1c1__group.5969__Z1	48	2x2x2x2	5	5	0	0	explicit
4-2s1c1__group.5995__Z2	72	2x2x6x6	10	10	0	0	explicit
4-2s1c1__min.568__Z5	18	3x6x6	8	8	0	0	explicit
4-2s1s1__group.6040__Z3	144	2x2x2x2	7	7	0	0	explicit
4-2s1s1__group.6075__Z2	144	2x2	3	3	0	0	explicit
4-2s1s1__group.6076__Z3	144	2x2x2x2	10	10	0	0	explicit
4-2s1c1__min.567__Z4	18	3x3	3	3	0	0	explicit
4-2s1s1__group.6069__Z12	144	2x2	3	4	1	0	explicit
4-2s1c1__group.5996__Z1	72	2x2x2x2	5	5	0	0	explicit
4-2s1s1__group.6085__Z5	144	2x2x2x2x2	32	32	0	0	explicit
4-2s1c1__min.569__Z1	24	2x2	2	2	0	0	explicit
4-2s1c1__min.567__Z5	18	3x3	2	2	0	0	explicit
4-2s1s1__group.6040__Z4	144	2x2	4	4	0	0	explicit
4-2s1c1__group.5969__Z2	48	2x2x2x2	5	5	0	0	explicit
4-2s1s1__group.6076__Z4	144	2x2	3	3	0	0	explicit
4-2s1c1__group.5997__Z1	72	2x2	2	2	0	0	explicit
4-2s1s1__group.6075__Z3	144	2x2x2x6	20	20	0	0	explicit
4-2s1c1__min.569__Z2	24	2x2	2	2	0	0	explicit
4-2s1s1__group.6069__Z2	144	2x2	3	4	1	0	explicit
4-2s1s1__group.6085__Z6	144	2x2x2	6	8	2	0	explicit
4-2s1s1__group.6040__Z5	144	2x2x2x2	10	10	0	0	explicit
4-2s1s1__group.6076__Z5	144	2x2x2x2	10	10	0	0	explicit
4-2s1c1__group.5975__Z7	72	2x2x2x2	4	4	0	0	explicit
4-2s1s1__group.6154__Z4	288	2x2x2	5	5	0	0	explicit
4-2s1c1__min.570__Z1	24	4x4	3	3	0	0	explicit
4-2s1s1__group.6075__Z4	144	2x6	6	6	0	0	explicit
4-2s1c1__group.5970__Z1	48	2x2x6x6	10	10	0	0	explicit
4-2s1s1__group.6040__Z6	144	2x2	4	4	0	0	explicit
4-2s1s1__group.6076__Z6	144	2x2	3	3	0	0	explicit
4-2s1s1__group.6069__Z3	144	2x2x2x2	16	16	0	0	explicit
4-2s1s1__group.6086__Z1	144	2x2x2x4	20	20	0	0	explicit
4-2s1s1__group.6087__Z2	144	2x4	5	6	1	0	explicit
4-2s1c1__min.571__Z1	24	2x2x6x6	10	10	0	0	explicit
4-2s1c1__group.5976__Z1	72	2x2	2	2	0	0	explicit
4-2s1s1__group.6075__Z5	144	2x2x2x6	20	20	0	0	explicit
4-2s1s1__group.6129__Z2	288	2x2	4	4	0	0	explicit
4-2s1s1__group.6087__Z3	144	2x4x4	18	20	2	0	explicit
4-2s1s1__group.6008__Z1	144	2x2x4	12	12	0	0	explicit
4-2s1s1__group.6076__Z7	144	2x2x2x2	10	10	0	0	explicit
4-2s1s1__group.6086__Z2	144	2x2	4	4	0	0	explicit
4-2s1s1__group.6069__Z1	144	2x2x2x2	16	16	0	0	explicit
4-2s1s1__group.6075__Z6	144	2x6	6	6	0	0	explicit
4-2s1s1__group.6087__Z4	144	2x4	5	6	1	0	explicit
4-2s1c1__group.5977__Z1	72	2x2x2x2	4	4	0	0	explicit
4-2s1c1__group.5971__Z1	48	2x2x2x2	5	5	0	0	explicit
4-2s1s1__group.6076__Z8	144	2x2	3	3	0	0	explicit
4-2s1s1__group.6154__Z5	288	2x2x2x2x2x2	36	36	0	0	explicit
4-2s1s1__group.6088__Z1	144	2x4	6	6	0	0	explicit
4-2s1s1__group.6086__Z3	144	2x2x2x4	20	20	0	0	explicit
4-2s1s1__group.6075__Z7	144	2x2x2x2	10	10	0	0	explicit
4-2s1s1__group.6069__Z4	144	2x2	3	4	1	0	explicit
4-2s1c1__group.5977__Z2	72	2x2x2x2	5	5	0	0	explicit
4-2s1s1__group.6268__Z2	72	2x2	4	4	0	0	explicit
4-2s1s1__group.6130__Z1	288	2x2x4x4	36	40	4	0	explicit
4-2s1s1__group.6088__Z2	144	2	2	2	0	0	explicit
4-2s1s1__group.6075__Z8	144	2x2	3	3	0	0	explicit
4-2s1s1__group.6268__Z3	72	2x2x4	10	10	0	0	explicit
4-2s1s1__group.6085__Z1	144	2x2x2x2x2	20	20	0	0	explicit
4-2s1s1__group.6086__Z4	144	2x2	4	4	0	0	explicit
4-2s1c1__group.5972__Z1	48	2x2x4x4	8	8	0	0	explicit
4-2s1s1__group.6088__Z3	144	2x4	6	6	0	0	explicit
4-2s1s1__group.6246__Z9	72	2x2	4	4	0	0	explicit
4-2s1s1__group.6246__Z10	72	2	2	2	0	0	explicit
4-2s1s1__group.6088__Z4	144	2	2	2	0	0	explicit
4-2s1s1__group.6130__Z2	288	2x4	5	6	1	0	explicit
4-2s1s1__group.6076__Z1	144	2x2x2x2	10	10	0	0	explicit
4-2s1s1__group.6154__Z6	288	2x2x2	6	6	0	0	explicit
4-2s1s1__group.6246__Z11	72	2x2	4	4	0	0	explicit
4-2s1s1__group.6086__Z5	144	2x2x2x4	24	24	0	0	explicit
4-2s1s1__group.6085__Z2	144	2x2x2	5	6	1	0	explicit
4-2s1s1__group.6069__Z5	144	2x2x2x2	16	16	0	0	explicit
4-2s1s1__group.6268__Z4	72	2x2	4	4	0	0	explicit
4-2s1s1__group.6267__Z1	72	2x6	6	6	0	0	explicit
4-2s1s1__group.6246__Z12	72	2	2	2	0	0	explicit
4-2s1s1__group.6113__Z1	288	2x2x2x2	10	10	0	0	explicit
4-2s1s1__group.6086__Z6	144	2x2	4	4	0	0	explicit
4-2s1s1__group.6246__Z2	72	2	2	2	0	0	explicit
4-2s1s1__group.6155__Z1	288	2x2x2x2	10	10	0	0	explicit
4-2s1s1__group.6085__Z3	144	2x2x2x2x2	20	20	0	0	explicit
4-2s1s1__group.6285__Z3	72	2x12	12	12	0	0	explicit
4-2s1s1__group.6131__Z1	288	2x2x2x2	16	16	0	0	explicit
4-2s1s1__group.6246__Z3	72	2x2	3	3	0	0	explicit
4-2s1s1__group.6268__Z5	72	2x2x4	12	12	0	0	explicit
4-2s1s1__group.6087__Z1	144	2x4x4	18	20	2	0	explicit
4-2s1s1__group.6267__Z2	72	6	4	4	0	0	explicit
4-2s1s1__group.6285__Z4	72	6	4	4	0	0	explicit
4-2s1s1__group.6246__Z4	72	2	2	2	0	0	explicit
4-2s1s1__group.6069__Z6	144	2x2	3	4	1	0	explicit
4-2s1s1__group.6268__Z6	72	2x2	4	4	0	0	explicit
4-2s1s1__group.6113__Z2	288	2x2x2	6	6	0	0	explicit
4-2s1s1__group.6155__Z2	288	2x2	3	3	0	0	explicit
4-2s1s1__group.6267__Z3	72	2x6	6	6	0	0	explicit
4-2s1s1__group.6286__Z12	72	2	2	2	0	0	explicit
4-2s1s1__group.6131__Z2	288	2x2	3	4	1	0	explicit
4-2s1s1__group.6285__Z5	72	2x4	6	6	0	0	explicit
4-2s1s1__group.6285__Z1	72	2x4	6	6	0	0	explicit
4-2s1s1__group.6246__Z5	72	2x2	4	4	0	0	explicit
4-2s1s1__group.6267__Z4	72	6	4	4	0	0	explicit
4-2s1s1__group.6289__Z10	72	2x2	3	4	1	0	explicit
4-2s1s1__group.6069__Z7	144	2x2x2x2	16	16	0	0	explicit
4-2s1s1__group.6286__Z2	72	2	2	2	0	0	explicit
4-2s1s1__group.6285__Z10	72	6	4	4	0	0	explicit
4-2s1s1__group.6267__Z5	72	2x2	3	3	0	0	explicit
4-2s1s1__group.6155__Z3	288	2x2x2x2	10	10	0	0	explicit
4-2s1s1__group.6129__Z1	288	2x2x2x4	24	24	0	0	explicit
4-2s1s1__group.6285__Z6	72	2	2	2	0	0	explicit
4-2s1s1__group.6267__Z6	72	2	2	2	0	0	explicit
4-2s1s1__group.6286__Z3	72	2x4	6	6	0	0	explicit
4-2s1s1__group.6289__Z11	72	2x2x2	8	8	0	0	explicit
4-2s1s1__group.6285__Z11	72	2x4	6	6	0	0	explicit
4-2s1s1__group.6285__Z7	72	2x4	6	6	0	0	explicit
4-2s1s1__group.6267__Z7	72	2x2	3	3	0	0	explicit
4-2s1s1__group.6137__Z1	288	2x2x2x2x2	32	32	0	0	explicit
4-2s1s1__group.6286__Z4	72	2	2	2	0	0	explicit
4-2s1s1__group.6285__Z8	72	2	2	2	0	0	explicit
4-2s1s1__group.6285__Z12	72	2	2	2	0	0	explicit
4-2s1s1__group.6267__Z8	72	2	2	2	0	0	explicit
4-2s1s1__group.6155__Z4	288	2x2	3	3	0	0	explicit
4-2s1s1__group.6289__Z12	72	2x2	3	4	1	0	explicit
4-2s1s1__group.6069__Z8	144	2x2	3	4	1	0	explicit
4-2s1s1__group.6246__Z6	72	2	2	2	0	0	explicit
4-2s1s1__group.6268__Z1	72	2x2x4	10	10	0	0	explicit
4-2s1s1__group.6289__Z9	72	2x2x2	8	8	0	0	explicit
4-2s1s1__group.6285__Z2	72	2	2	2	0	0	explicit
4-2s1s1__group.6285__Z9	72	2x12	12	12	0	0	explicit
4-2s1s1__group.6286__Z5	72	2x4	6	6	0	0	explicit
4-2s1s1__group.6290__Z7	72	2x2x6	16	16	0	0	explicit
4-2s1s1__min.584__Z16	36	2	2	2	0	0	explicit
4-2s1s1__group.6289__Z2	72	2x2	3	4	1	0	explicit
4-2s1s1__group.6137__Z2	288	2x2x2	6	8	2	0	explicit
4-2s1s1__group.6286__Z1	72	2x4	6	6	0	0	explicit
4-2s1s1__group.6290__Z1	72	2x2x2	8	8	0	0	explicit
4-2s1s1__group.6290__Z8	72	2x6	6	8	2	0	explicit
4-2s1s1__min.584__Z17	36	4	3	3	0	0	explicit
4-2s1s1__group.6289__Z3	72	2x2x2	8	8	0	0	explicit
4-2s1s1__group.6286__Z6	72	2	2	2	0	0	explicit
4-2s1s1__group.6286__Z10	72	2	2	2	0	0	explicit
4-2s1s1__group.6290__Z10	72	2x2	3	4	1	0	explicit
4-2s1s1__group.6246__Z7	72	2x2	3	3	0	0	explicit
4-2s1s1__group.6290__Z9	72	2x2x2	8	8	0	0	explicit
4-2s1s1__min.584__Z18	36	2	2	2	0	0	explicit
4-2s1s1__group.6289__Z4	72	2x2	3	4	1	0	explicit
4-2s1s1__group.6286__Z7	72	2x4	6	6	0	0	explicit
4-2s1s1__group.6286__Z11	72	2x4	6	6	0	0	explicit
4-2s1s1__group.6290__Z11	72	2x2x2	8	8	0	0	explicit
4-2s1s1__min.584__Z1	36	12	6	6	0	0	explicit
4-2s1s1__group.6246__Z8	72	2	2	2	0	0	explicit
4-2s1s1__group.6286__Z8	72	2	2	2	0	0	explicit
4-2s1s1__min.584__Z2	36	6	4	4	0	0	explicit
4-2s1s1__min.584__Z9	36	4	3	3	0	0	explicit
4-2s1s1__min.584__Z10	36	2	2	2	0	0	explicit
4-2s1s1__group.6154__Z1	288	2x2x2x2x2x2	24	24	0	0	explicit
4-2s1s1__group.6289__Z5	72	2x2x2	8	8	0	0	explicit
4-2s1s1__group.6286__Z9	72	2x4	6	6	0	0	explicit
4-2s1s1__group.6227__Z1	576	2x2x2x2x2x2	36	36	0	0	explicit
4-2s1s1__group.6290__Z12	72	2x2	3	4	1	0	explicit
4-2s1s1__min.584__Z11	36	4	3	3	0	0	explicit
4-2s1s1__group.6289__Z1	72	2x2x2	8	8	0	0	explicit
4-2s2-1__group.6333__Z2	144	2x2	4	4	0	0	explicit
4-2s1s1__group.6290__Z2	72	2x2	3	4	1	0	explicit
4-2s1s1__group.6289__Z6	72	2x2	3	4	1	0	explicit
4-2s1s1__min.584__Z12	36	2	2	2	0	0	explicit
4-2s1s1__min.584__Z3	36	4	3	3	0	0	explicit
4-2s2-1__group.6334__Z1	144	2x2	3	3	0	0	explicit
4-2s1s1__min.584__Z13	36	12	6	6	0	0	explicit
4-2s1s1__group.6289__Z7	72	2x2x2	8	8	0	0	explicit
4-2s2-1__group.6329__Z1	144	2x6	6	6	0	0	explicit
4-2s1s1__group.6290__Z3	72	2x2x6	16	16	0	0	explicit
4-2s2-1__group.6353__Z1	144	2	2	2	0	0	explicit
4-2s1s1__group.6154__Z2	288	2x2x2	5	5	0	0	explicit
4-2s1s1__min.584__Z14	36	6	4	4	0	0	explicit
4-2s1s1__group.6289__Z8	72	2x2	3	4	1	0	explicit
4-2s2-1__group.6335__Z1	144	2	2	2	0	0	explicit
4-2s2-1__group.6329__Z2	144	6	4	4	0	0	explicit
4-2s1s1__group.6290__Z4	72	2x6	6	8	2	0	explicit
4-2s2-1__group.6336__Z1	144	2x2	3	3	0	0	explicit
4-2s1s1__min.584__Z15	36	4	3	3	0	0	explicit
4-2s2-1__group.6329__Z3	144	2x6	6	6	0	0	explicit
4-2s2-1__group.6354__Z1	144	2x2	3	3	0	0	explicit
4-2s2-1__group.6329__Z4	144	2x2	3	3	0	0	explicit
4-2s1s1__group.6290__Z5	72	2x2x6	16	16	0	0	explicit
4-2s1s1__group.6227__Z2	576	2x2x2	6	6	0	0	explicit
4-2s2-1__group.6345__Z1	144	2x2	4	4	0	0	explicit
4-2s2-1__group.6329__Z5	144	6	4	4	0	0	explicit
4-2s2-1__group.6354__Z2	144	2x2	4	4	0	0	explicit
4-2s1s1__group.6246__Z1	72	2x2	3	3	0	0	explicit
4-2s1s1__min.584__Z4	36	12	6	6	0	0	explicit
4-2s2-1__group.6415__Z1	288	2x2	3	3	0	0	explicit
4-2s2-1__group.6356__Z3	144	2x2	3	3	0	0	explicit
4-2s2-1__group.6329__Z6	144	2	2	2	0	0	explicit
4-2s2-1__group.6402__Z1	24	2	2	2	0	0	explicit
4-2s2-1__group.6345__Z2	144	2x2	4	4	0	0	explicit
4-2s1s1__group.6290__Z6	72	2x6	6	8	2	0	explicit
4-2s2-1__group.6329__Z7	144	2x2	3	3	0	0	explicit
4-2s2-1__group.6355__Z1	144	2x6	6	6	0	0	explicit
4-2s2-1__group.6346__Z1	144	2x2	4	4	0	0	explicit
4-2s2-1__group.6403__Z1	24	2	2	2	0	0	explicit
4-2s2-1__group.6329__Z8	144	2	2	2	0	0	explicit
4-2s2-1__group.6415__Z2	288	2x2x2	6	6	0	0	explicit
4-2s1s1__min.584__Z5	36	2	2	2	0	0	explicit
4-2s2-1__group.6350__Z1	144	2x2	3	3	0	0	explicit
4-2s2-1__group.6356__Z4	144	2x2	3	3	0	0	explicit
4-2s1s1__group.6154__Z3	288	2x2x2x2x2x2	24	24	0	0	explicit
4-2s2-1__group.6355__Z2	144	2x2	3	3	0	0	explicit
4-2s2-1__group.6332__Z1	144	2	2	2	0	0	explicit
4-2s2-1__group.6403__Z2	24	2	2	2	0	0	explicit
4-2s2-1__group.6351__Z1	144	2x2	3	3	0	0	explicit
4-2s2-1__group.6322__Z1	1152	2x2x2	8	8	0	0	explicit
4-2s2-1__group.6356__Z5	144	2x2	4	4	0	0	explicit
4-2s2-1__group.6352__Z1	144	2	2	2	0	0	explicit
4-2s2-1__group.6355__Z3	144	2x6	6	6	0	0	explicit
4-2s2-1__group.6333__Z1	144	2x2	3	3	0	0	explicit
4-2s2-1__group.6415__Z3	288	2x2	3	3	0	0	explicit
4-2s2-1__group.6328__Z1	144	2	2	2	0	0	explicit
4-2s2-1__group.6403__Z3	24	2	2	2	0	0	explicit
4-2s2-1__group.6357__Z1	144	2	2	2	0	0	explicit
4-2s1s1__min.584__Z6	36	6	4	4	0	0	explicit
4-2s2-1__group.6355__Z4	144	2x2	3	3	0	0	explicit
4-2s2-1__group.6328__Z2	144	2x2	3	3	0	0	explicit
4-2s2-1__group.6357__Z2	144	2x2	4	4	0	0	explicit
4-2s2-1__group.6328__Z3	144	2	2	2	0	0	explicit
4-2s2-1__group.6415__Z4	288	2x2x2	6	6	0	0	explicit
4-2s2-1__group.6422__Z1	288	2x2	4	4	0	0	explicit
4-2s2-1__group.6433__Z3	288	2x2	4	4	0	0	explicit
4-2s2-1__group.6403__Z4	24	2	2	2	0	0	explicit
4-2s2-1__group.6355__Z5	144	2x2	4	4	0	0	explicit
4-2s2-1__group.6357__Z3	144	2	2	2	0	0	explicit
4-2s2-1__group.6328__Z4	144	2x2	3	3	0	0	explicit
4-2s1s1__min.584__Z7	36	4	3	3	0	0	explicit
4-2s2-1__group.6507__Z1	48	2x2	3	3	0	0	explicit
4-2s2-1__group.6328__Z5	144	2	2	2	0	0	explicit
4-2s2-1__group.6357__Z4	144	2	2	2	0	0	explicit
4-2s2-1__group.6433__Z4	288	2x2	4	4	0	0	explicit
4-2s2-1__group.6356__Z1	144	2x2	3	3	0	0	explicit
4-2s2-1__group.6462__Z1	288	2x2	4	4	0	0	explicit
4-2s2-1__group.6405__Z1	288	2x2	3	3	0	0	explicit
4-2s2-1__group.6328__Z6	144	2	2	2	0	0	explicit
4-2s2-1__group.6507__Z2	48	2x2	3	3	0	0	explicit
4-2s2-1__group.6416__Z1	288	2x2	3	3	0	0	explicit
4-2s2-1__group.6357__Z5	144	2x2	4	4	0	0	explicit
4-2s1s1__min.584__Z8	36	2	2	2	0	0	explicit
4-2s2-1__group.6328__Z7	144	2x2	3	3	0	0	explicit
4-2s2-1__group.6356__Z2	144	2x2	3	3	0	0	explicit
4-2s2-1__group.6575__Z1	72	6	4	4	0	0	explicit
4-2s2-1__group.6328__Z8	144	2x2	3	3	0	0	explicit
4-2s2-1__group.6357__Z6	144	2x2	4	4	0	0	explicit
4-2s2-1__group.6508__Z1	48	2x2	4	4	0	0	explicit
4-2s2-1__group.6434__Z1	288	2x2	4	4	0	0	explicit
4-2s2-1__group.6406__Z1	288	2x2x2	5	5	0	0	explicit
4-2s2-1__group.6478__Z1	288	2x2	3	3	0	0	explicit
4-2s2-1__group.6583__Z1	72	6	4	4	0	0	explicit
4-2s2-1__group.6575__Z2	72	6	4	4	0	0	explicit
4-2s2-1__group.6416__Z2	288	2x2x2	6	6	0	0	explicit
4-2s2-1__group.6509__Z1	48	2	2	2	0	0	explicit
4-2s2-1__group.6583__Z2	72	2	2	2	0	0	explicit
4-2s2-1__group.6575__Z3	72	2	2	2	0	0	explicit
4-2s2-1__group.6583__Z3	72	6	4	4	0	0	explicit
4-2s2-1__group.6408__Z1	288	2x2x2	6	6	0	0	explicit
4-2s2-1__group.6478__Z2	288	2x2	4	4	0	0	explicit
4-2s2-1__group.6576__Z1	72	2	2	2	0	0	explicit
4-2s2-1__group.6422__Z2	288	2x2	4	4	0	0	explicit
4-2s2-1__group.6434__Z2	288	2x6	8	8	0	0	explicit
4-2s2-1__group.6583__Z4	72	2	2	2	0	0	explicit
4-2s2-1__group.6416__Z3	288	2x2	3	3	0	0	explicit
4-2s2-1__group.6576__Z2	72	2	2	2	0	0	explicit
4-2s2-1__group.6583__Z5	72	2	2	2	0	0	explicit
4-2s2-1__group.6388__Z1	192	2x2x2	8	8	0	0	explicit
4-2s2-1__group.6545__Z1	576	2x2	4	4	0	0	explicit
4-2s2-1__group.6576__Z3	72	2	2	2	0	0	explicit
4-2s2-1__group.6478__Z3	288	2x2	3	3	0	0	explicit
4-2s2-1__group.6410__Z1	288	2x2	4	4	0	0	explicit
4-2s2-1__group.6584__Z1	72	2	2	2	0	0	explicit
4-2s2-1__group.6578__Z1	72	2	2	2	0	0	explicit
4-2s2-1__group.6502__Z1	36	1	1	1	0	0	trivial
4-2s2-1__group.6416__Z4	288	2x2x2	6	6	0	0	explicit
4-2s2-1__group.6434__Z3	288	2x6	8	8	0	0	explicit
4-2s2-1__group.6502__Z2	36	1	1	1	0	0	trivial
4-2s2-1__group.6584__Z2	72	2	2	2	0	0	explicit
4-2s2-1__group.6502__Z3	36	1	1	1	0	0	trivial
4-2s2-1__group.6578__Z2	72	2	2	2	0	0	explicit
4-2s2-1__min.597__Z1	48	2	2	2	0	0	explicit
4-2s2-1__group.6584__Z3	72	2	2	2	0	0	explicit
4-2s2-1__group.6504__Z1	48	2	2	2	0	0	explicit
4-2s2-1__group.6610__Z1	96	2x2	4	4	0	0	explicit
4-2s2-1__group.6416__Z5	288	2x2	4	4	0	0	explicit
4-2s2-1__group.6506__Z1	48	2x2	3	3	0	0	explicit
4-2s2-1__group.6411__Z1	288	2x2	4	4	0	0	explicit
4-2s2-1__group.6578__Z3	72	2	2	2	0	0	explicit
4-2s2-1__group.6546__Z1	576	2x2	4	4	0	0	explicit
4-2s2-1__min.598__Z1	48	2x2	3	3	0	0	explicit
4-2s2-1__group.6584__Z4	72	6	4	4	0	0	explicit
4-2s2-1__group.6434__Z4	288	2x2	4	4	0	0	explicit
4-2s2-1__group.6578__Z4	72	2	2	2	0	0	explicit
4-2s2-1__group.6422__Z3	288	2x2	4	4	0	0	explicit
4-2s2-1__group.6506__Z2	48	2x2	3	3	0	0	explicit
4-2s2-1__group.6584__Z5	72	6	4	4	0	0	explicit
4-2s2-1__min.598__Z2	48	2x2	3	3	0	0	explicit
4-2s2-1__group.6611__Z1	96	2x2	4	4	0	0	explicit
4-2s2-1__group.6516__Z1	576	2x2x2	6	6	0	0	explicit
4-2s2-1__group.6416__Z6	288	2x2x2	6	6	0	0	explicit
4-2s2-1__min.585__Z1	12	1	1	1	0	0	trivial
4-2s2-1__min.585__Z2	12	1	1	1	0	0	trivial
4-2s2-1__min.599__Z1	48	2	2	2	0	0	explicit
4-2s2-1__min.589__Z2	144	2	2	2	0	0	explicit
4-2s2-1__min.585__Z3	12	1	1	1	0	0	trivial
4-2s2-1__group.6456__Z1	288	2x2	4	4	0	0	explicit
4-2s2-2__group.6628__Z1	108	1	1	1	0	0	trivial
4-2s2-2__group.6628__Z2	108	1	1	1	0	0	trivial
4-2s2-1__min.589__Z3	144	2	2	2	0	0	explicit
4-2s2-1__group.6546__Z2	576	2x2	4	4	0	0	explicit
4-2s2-1__min.588__Z1	144	2	2	2	0	0	explicit
4-2s2-1__group.6584__Z6	72	2	2	2	0	0	explicit
4-2s2-2__group.6628__Z3	108	1	1	1	0	0	trivial
4-2s2-2__group.6633__Z2	108	3	2	2	0	0	explicit
4-2s2-1__group.6422__Z4	288	2x2	4	4	0	0	explicit
4-2s2-1__min.589__Z4	144	2	2	2	0	0	explicit
4-2s2-2__group.6628__Z4	108	1	1	1	0	0	trivial
4-2s2-2__group.6633__Z3	108	1	1	1	0	0	trivial
4-2s2-1__min.588__Z2	144	6	4	4	0	0	explicit
4-2s2-2__group.6633__Z4	108	1	1	1	0	0	trivial
4-2s2-1__min.588__Z3	144	6	4	4	0	0	explicit
4-2s2-2__group.6628__Z5	108	1	1	1	0	0	trivial
4-2s2-1__min.592__Z1	288	2x2	3	3	0	0	explicit
4-2s2-2__group.6633__Z5	108	3x3	4	5	1	0	explicit
4-2s2-1__group.6590__Z1	96	2x2x2	6	6	0	0	explicit
4-2s2-1__group.6459__Z1	288	2x2x2	5	5	0	0	explicit
4-2s2-1__min.588__Z4	144	2	2	2	0	0	explicit
4-2s2-1__group.6422__Z5	288	2x2	4	4	0	0	explicit
4-2s2-2__group.6653__Z1	144	1	1	1	0	0	trivial
4-2s2-1__min.592__Z2	288	2x2	3	3	0	0	explicit
4-2s2-2__group.6633__Z6	108	3	2	2	0	0	explicit
4-2s2-1__group.6548__Z1	576	2x2x2	6	6	0	0	explicit
4-2s2-1__group.6522__Z1	576	2x2x2	6	6	0	0	explicit
4-2s2-2__group.6633__Z7	108	1	1	1	0	0	trivial
4-2s2-1__min.589__Z1	144	2	2	2	0	0	explicit
4-2s2-2__group.6633__Z1	108	3	2	2	0	0	explicit
4-2s2-2__group.6653__Z2	144	1	1	1	0	0	trivial
4-2s2-1__min.593__Z1	36	3	2	2	0	0	explicit
4-2s2-2__group.6660__Z1	144	1	1	1	0	0	trivial
4-2s2-2__group.6634__Z1	108	3	2	2	0	0	explicit
4-2s2-1__group.6590__Z2	96	2x2x2	6	6	0	0	explicit
4-2s2-2__group.6654__Z1	144	1	1	1	0	0	trivial
4-2s2-1__group.6422__Z6	288	2x2	4	4	0	0	explicit
4-2s2-1__min.593__Z2	36	3	2	2	0	0	explicit
4-2s2-1__min.593__Z3	36	1	1	1	0	0	trivial
4-2s2-2__group.6634__Z2	108	1	1	1	0	0	trivial
4-2s2-2__group.6634__Z3	108	1	1	1	0	0	trivial
4-2s2-2__group.6655__Z1	144	1	1	1	0	0	trivial
4-2s2-1__min.596__Z1	48	2	2	2	0	0	explicit
4-2s2-1__group.6459__Z2	288	2x2x2	6	6	0	0	explicit
4-2s2-2__group.6661__Z1	144	3	2	2	0	0	explicit
4-2s2-2__group.6634__Z4	108	3x3	4	5	1	0	explicit
4-2s2-2__group.6656__Z1	144	1	1	1	0	0	trivial
4-2s2-1__group.6591__Z1	96	2x2	4	4	0	0	explicit
4-2s2-1__min.596__Z2	48	2	2	2	0	0	explicit
4-2s2-2__group.6723__Z7	216	1	1	1	0	0	trivial
4-2s2-1__group.6422__Z7	288	2x2	4	4	0	0	explicit
4-2s2-2__group.6700__Z1	144	1	1	1	0	0	trivial
4-2s2-1__group.6548__Z2	576	2x2x2	6	6	0	0	explicit
4-2s2-2__group.6634__Z5	108	3	2	2	0	0	explicit
4-2s2-2__group.6656__Z2	144	1	1	1	0	0	trivial
4-2s2-2__group.6725__Z1	216	1	1	1	0	0	trivial
4-2s2-2__group.6635__Z8	108	3	2	2	0	0	explicit
4-2s2-1__group.6461__Z1	288	2x2	3	3	0	0	explicit
4-2s2-2__group.6634__Z6	108	3	2	2	0	0	explicit
4-2s2-2__group.6657__Z1	144	1	1	1	0	0	trivial
4-2s2-1__group.6592__Z1	96	2x2	4	4	0	0	explicit
4-2s2-1__group.6522__Z2	576	2x2x2	8	8	0	0	explicit
4-2s2-2__group.6634__Z7	108	1	1	1	0	0	trivial
4-2s2-1__group.6422__Z8	288	2x2	4	4	0	0	explicit
4-2s2-2__group.6725__Z2	216	1	1	1	0	0	trivial
4-2s2-2__group.6658__Z1	144	1	1	1	0	0	trivial
4-2s2-2__group.6752__Z1	216	1	1	1	0	0	trivial
4-2s2-2__group.6726__Z1	216	1	1	1	0	0	trivial
4-2s2-2__group.6636__Z1	108	3	2	2	0	0	explicit
4-2s2-2__group.6753__Z1	216	1	1	1	0	0	trivial
4-2s2-2__group.6658__Z2	144	1	1	1	0	0	trivial
4-2s2-2__group.6727__Z1	216	1	1	1	0	0	trivial
4-2s2-1__group.6559__Z1	576	2x2	4	4	0	0	explicit
4-2s2-1__group.6592__Z2	96	2x2	4	4	0	0	explicit
4-2s2-2__group.6635__Z1	108	3x3	4	4	0	0	explicit
4-2s2-1__group.6433__Z1	288	2x2	4	4	0	0	explicit
4-2s2-2__group.6659__Z1	144	1	1	1	0	0	trivial
4-2s2-2__group.6727__Z2	216	1	1	1	0	0	trivial
4-2s2-2__group.6754__Z1	216	3	2	2	0	0	explicit
4-2s2-2__group.6727__Z3	216	1	1	1	0	0	trivial
4-2s2-2__group.6755__Z1	216	3	2	2	0	0	explicit
4-2s2-2__group.6762__Z1	216	3	2	2	0	0	explicit
4-2s2-1__group.6593__Z1	96	2x2	4	4	0	0	explicit
4-2s2-2__group.6636__Z2	108	3	2	2	0	0	explicit
4-2s2-2__group.6727__Z4	216	1	1	1	0	0	trivial
4-2s2-2__group.6635__Z2	108	3	2	2	0	0	explicit
4-2s2-1__group.6433__Z2	288	2x2	4	4	0	0	explicit
4-2s2-2__group.6727__Z5	216	1	1	1	0	0	trivial
4-2s2-2__group.6763__Z1	216	3	2	2	0	0	explicit
4-2s2-2__group.6756__Z1	216	1	1	1	0	0	trivial
4-2s2-1__group.6559__Z2	576	2x2x2x2	10	10	0	0	explicit
4-2s2-1__group.6522__Z3	576	2x2x2	6	6	0	0	explicit
4-2s2-2__group.6727__Z6	216	1	1	1	0	0	trivial
4-2s2-1__group.6594__Z1	96	2x2	4	4	0	0	explicit
4-2s2-2__group.6637__Z1	108	3	2	2	0	0	explicit
4-2s2-1__group.6573__Z1	72	2	2	2	0	0	explicit
4-2s2-2__group.6764__Z1	216	1	1	1	0	0	trivial
4-2s2-2__group.6635__Z3	108	3x3x3	8	10	2	0	explicit
4-2s2-2__group.6769__Z4	216	3	2	2	0	0	explicit
4-2s2-2__group.6765__Z1	216	1	1	1	0	0	trivial
4-2s2-2__group.6756__Z2	216	1	1	1	0	0	trivial
4-2s2-1__group.6573__Z2	72	2	2	2	0	0	explicit
4-2s2-1__group.6609__Z1	96	2x2	4	4	0	0	explicit
4-2s2-2__group.6638__Z1	108	3	2	2	0	0	explicit
4-2s2-2__group.6769__Z5	216	1	1	1	0	0	trivial
4-2s2-1__group.6574__Z1	72	2	2	2	0	0	explicit
4-2s2-2__group.6639__Z1	108	3	2	2	0	0	explicit
4-2s2-2__group.6801__Z8	216	1	1	1	0	0	trivial
4-2s2-2__group.6800__Z8	216	1	1	1	0	0	trivial
4-2s2-2__group.6757__Z1	216	1	1	1	0	0	trivial
4-2s2-1__group.6526__Z1	576	2x2	4	4	0	0	explicit
4-2s2-2__group.6767__Z1	216	3	2	2	0	0	explicit
4-2s2-2__group.6801__Z9	216	1	1	1	0	0	trivial
4-2s2-2__group.6800__Z9	216	1	1	1	0	0	trivial
4-2s2-2__group.6639__Z2	108	3	2	2	0	0	explicit
4-2s2-1__group.6609__Z2	96	2x2	4	4	0	0	explicit
4-2s2-2__group.6770__Z1	216	1	1	1	0	0	trivial
4-2s2-2__group.6779__Z3	216	3x3	4	5	1	0	explicit
4-2s2-2__group.6801__Z1	216	1	1	1	0	0	trivial
4-2s2-2__group.6757__Z2	216	1	1	1	0	0	trivial
4-2s2-2__group.6802__Z1	216	3	2	2	0	0	explicit
4-2s2-2__group.6711__Z1	1728	1	1	1	0	0	trivial
4-2s2-2__group.6801__Z10	216	1	1	1	0	0	trivial
4-2s2-2__group.6640__Z1	108	3x3	4	4	0	0	explicit
4-2s2-2__group.6760__Z1	216	1	1	1	0	0	trivial
4-2s2-2__group.6768__Z1	216	3	2	2	0	0	explicit
4-2s2-2__group.6640__Z2	108	1	1	1	0	0	trivial
4-2s2-2__group.6779__Z4	216	3	2	2	0	0	explicit
4-2s2-2__group.6635__Z4	108	3x3	4	4	0	0	explicit
4-2s2-2__group.6770__Z2	216	1	1	1	0	0	trivial
4-2s2-2__group.6801__Z2	216	1	1	1	0	0	trivial
4-2s2-2__group.6802__Z10	216	3	2	2	0	0	explicit
4-2s2-2__group.6723__Z1	216	1	1	1	0	0	trivial
4-2s2-2__group.6803__Z8	216	1	1	1	0	0	trivial
4-2s2-2__group.6800__Z1	216	1	1	1	0	0	trivial
4-2s2-2__group.6761__Z1	216	1	1	1	0	0	trivial
4-2s2-2__group.6640__Z3	108	3x3	4	5	1	0	explicit
4-2s2-1__group.6526__Z2	576	2x2	4	4	0	0	explicit
4-2s2-2__group.6801__Z3	216	1	1	1	0	0	trivial
4-2s2-2__group.6800__Z10	216	1	1	1	0	0	trivial
4-2s2-2__group.6803__Z9	216	1	1	1	0	0	trivial
4-2s2-2__group.6802__Z2	216	3	2	2	0	0	explicit
4-2s2-2__group.6802__Z8	216	1	1	1	0	0	trivial
4-2s2-2__group.6770__Z3	216	1	1	1	0	0	trivial
4-2s2-2__group.6768__Z2	216	3	2	2	0	0	explicit
4-2s2-2__group.6801__Z4	216	1	1	1	0	0	trivial
4-2s2-2__group.6723__Z2	216	1	1	1	0	0	trivial
4-2s2-2__group.6800__Z2	216	1	1	1	0	0	trivial
4-2s2-2__group.6801__Z5	216	1	1	1	0	0	trivial
4-2s2-2__group.6770__Z4	216	1	1	1	0	0	trivial
4-2s2-2__group.6802__Z3	216	3	2	2	0	0	explicit
4-2s2-2__group.6802__Z9	216	3x3	4	5	1	0	explicit
4-2s2-2__group.6800__Z3	216	1	1	1	0	0	trivial
4-2s2-2__group.6801__Z6	216	1	1	1	0	0	trivial
4-2s2-2__group.6770__Z5	216	1	1	1	0	0	trivial
4-2s2-2__group.6723__Z3	216	1	1	1	0	0	trivial
4-2s2-2__group.6769__Z1	216	3	2	2	0	0	explicit
4-2s2-2__group.6800__Z4	216	1	1	1	0	0	trivial
4-2s2-2__group.6802__Z4	216	3	2	2	0	0	explicit
4-2s2-2__group.6801__Z7	216	1	1	1	0	0	trivial
4-2s2-2__group.6770__Z6	216	1	1	1	0	0	trivial
4-2s2-2__group.6816__Z1	288	1	1	1	0	0	trivial
4-2s2-2__group.6833__Z2	36	1	1	1	0	0	trivial
4-2s2-2__group.6803__Z1	216	3	2	2	0	0	explicit
4-2s2-2__group.6800__Z5	216	1	1	1	0	0	trivial
4-2s2-2__group.6635__Z5	108	3	2	2	0	0	explicit
4-2s2-2__group.6832__Z1	36	1	1	1	0	0	trivial
4-2s2-2__group.6802__Z5	216	1	1	1	0	0	trivial
4-2s2-2__group.6769__Z2	216	1	1	1	0	0	trivial
4-2s2-2__group.6832__Z2	36	1	1	1	0	0	trivial
4-2s2-2__group.6723__Z4	216	1	1	1	0	0	trivial
4-2s2-2__group.6800__Z6	216	1	1	1	0	0	trivial
4-2s2-2__group.6779__Z1	216	3	2	2	0	0	explicit
4-2s2-2__group.6834__Z1	36	3	2	2	0	0	explicit
4-2s2-2__group.6802__Z6	216	1	1	1	0	0	trivial
4-2s2-2__group.6803__Z10	216	3x3	4	5	1	0	explicit
4-2s2-2__group.6832__Z3	36	1	1	1	0	0	trivial
4-2s2-2__group.6800__Z7	216	1	1	1	0	0	trivial
4-2s2-2__group.6779__Z2	216	1	1	1	0	0	trivial
4-2s2-2__group.6832__Z4	36	1	1	1	0	0	trivial
4-2s2-2__group.6635__Z6	108	3	2	2	0	0	explicit
4-2s2-2__group.6723__Z5	216	1	1	1	0	0	trivial
4-2s2-2__group.6769__Z3	216	3x3	4	5	1	0	explicit
4-2s2-2__group.6832__Z5	36	1	1	1	0	0	trivial
4-2s2-2__group.6803__Z2	216	3	2	2	0	0	explicit
4-2s2-2__group.6832__Z6	36	1	1	1	0	0	trivial
4-2s2-2__group.6833__Z1	36	1	1	1	0	0	trivial
4-2s2-2__group.6723__Z6	216	1	1	1	0	0	trivial
4-2s2-2__group.6803__Z3	216	3	2	2	0	0	explicit
4-2s2-2__group.6802__Z7	216	3x3	4	5	1	0	explicit
4-2s2-2__group.6635__Z7	108	3	2	2	0	0	explicit
4-2s2-2__group.6834__Z2	36	3	2	2	0	0	explicit
4-2s2-2__group.6803__Z4	216	3	2	2	0	0	explicit
4-2s2-2__group.6870__Z1	432	1	1	1	0	0	trivial
4-2s2-2__group.6835__Z1	36	3	2	2	0	0	explicit
4-2s2-2__group.6835__Z2	36	1	1	1	0	0	trivial
4-2s2-2__group.6935__Z1	432	1	1	1	0	0	trivial
4-2s2-2__group.6835__Z3	36	3	2	2	0	0	explicit
4-2s2-2__group.6915__Z2	432	1	1	1	0	0	trivial
4-2s2-2__group.6803__Z5	216	3	2	2	0	0	explicit
4-2s2-2__group.6933__Z3	432	1	1	1	0	0	trivial
4-2s2-2__group.6847__Z1	432	1	1	1	0	0	trivial
4-2s2-2__group.6803__Z6	216	1	1	1	0	0	trivial
4-2s2-2__group.6948__Z3	432	1	1	1	0	0	trivial
4-2s2-2__group.6847__Z2	432	1	1	1	0	0	trivial
4-2s2-2__group.6962__Z1	432	3	2	2	0	0	explicit
4-2s2-2__group.6803__Z7	216	3x3	4	5	1	0	explicit
4-2s2-2__min.610__Z5	108	1	1	1	0	0	trivial
4-2s2-2__group.6985__Z1	72	3	2	2	0	0	explicit
4-2s2-2__group.6935__Z2	432	1	1	1	0	0	trivial
4-2s2-2__group.6848__Z1	432	1	1	1	0	0	trivial
4-2s2-2__group.6948__Z4	432	1	1	1	0	0	trivial
4-2s2-2__group.6986__Z1	72	1	1	1	0	0	trivial
4-2s2-2__group.6971__Z2	54	3x3	4	4	0	0	explicit
4-2s2-2__min.610__Z6	108	3x3	4	5	1	0	explicit
4-2s2-2__group.6977__Z2	72	1	1	1	0	0	trivial
4-2s2-2__group.6986__Z2	72	1	1	1	0	0	trivial
4-2s2-2__group.6848__Z2	432	1	1	1	0	0	trivial
4-2s2-2__group.6971__Z3	54	3	2	2	0	0	explicit
4-2s2-2__group.6987__Z1	72	1	1	1	0	0	trivial
4-2s2-2__group.6935__Z3	432	1	1	1	0	0	trivial
4-2s2-2__group.6963__Z1	432	1	1	1	0	0	trivial
4-2s2-2__group.7006__Z1	72	1	1	1	0	0	trivial
4-2s2-2__group.6915__Z3	432	1	1	1	0	0	trivial
4-2s2-2__group.6978__Z1	72	3	2	2	0	0	explicit
4-2s2-2__group.7007__Z1	72	1	1	1	0	0	trivial
4-2s2-2__group.6964__Z1	48	1	1	1	0	0	trivial
4-2s2-2__group.7008__Z1	72	1	1	1	0	0	trivial
4-2s2-2__group.6971__Z4	54	3	2	2	0	0	explicit
4-2s2-2__group.7076__Z1	864	1	1	1	0	0	trivial
4-2s2-2__group.6949__Z1	432	3	2	2	0	0	explicit
4-2s2-2__group.6964__Z2	48	1	1	1	0	0	trivial
4-2s2-2__group.6971__Z5	54	3x3x3	8	10	2	0	explicit
4-2s2-2__group.6872__Z1	432	1	1	1	0	0	trivial
4-2s2-2__group.7009__Z1	72	3	2	2	0	0	explicit
4-2s2-2__group.7027__Z2	864	1	1	1	0	0	trivial
4-2s2-2__min.610__Z7	108	3	2	2	0	0	explicit
4-2s2-2__group.6933__Z4	432	1	1	1	0	0	trivial
4-2s2-2__group.6978__Z2	72	3	2	2	0	0	explicit
4-2s2-2__group.6974__Z1	72	1	1	1	0	0	trivial
4-2s2-2__group.6975__Z1	72	1	1	1	0	0	trivial
4-2s2-2__group.6979__Z1	72	1	1	1	0	0	trivial
4-2s2-2__group.6915__Z4	432	1	1	1	0	0	trivial
4-2s2-2__min.610__Z8	108	1	1	1	0	0	trivial
4-2s2-2__group.6970__Z1	54	3x3x3	8	8	0	0	explicit
4-2s2-2__group.6975__Z2	72	1	1	1	0	0	trivial
4-2s2-2__group.6980__Z1	72	1	1	1	0	0	trivial
4-2s2-2__min.610__Z9	108	1	1	1	0	0	trivial
4-2s2-2__group.6976__Z1	72	1	1	1	0	0	trivial
4-2s2-2__group.6981__Z1	72	1	1	1	0	0	trivial
4-2s2-2__min.612__Z6	18	3	2	2	0	0	explicit
4-2s2-2__group.6976__Z2	72	1	1	1	0	0	trivial
4-2s2-2__group.6935__Z4	432	1	1	1	0	0	trivial
4-2s2-2__group.6949__Z2	432	3	2	2	0	0	explicit
4-2s2-2__min.612__Z1	18	3	2	2	0	0	explicit
4-2s2-2__group.6982__Z1	72	3	2	2	0	0	explicit
4-2s2-2__group.6915__Z5	432	1	1	1	0	0	trivial
4-2s2-2__min.613__Z1	18	3x3	4	4	0	0	explicit
4-2s2-2__group.6970__Z2	54	3	2	2	0	0	explicit
4-2s2-2__group.6983__Z1	72	1	1	1	0	0	trivial
4-2s2-2__group.6977__Z1	72	1	1	1	0	0	trivial
4-2s2-2__group.6933__Z5	432	1	1	1	0	0	trivial
4-2s2-2__group.6983__Z2	72	1	1	1	0	0	trivial
4-2s2-2__group.6970__Z3	54	3	2	2	0	0	explicit
4-2s2-2__group.7023__Z1	864	1	1	1	0	0	trivial
4-2s2-2__min.612__Z2	18	3	2	2	0	0	explicit
4-2s2-2__group.6984__Z1	72	1	1	1	0	0	trivial
4-2s2-2__min.612__Z3	18	1	1	1	0	0	trivial
4-2s2-2__group.7028__Z1	864	1	1	1	0	0	trivial
4-2s2-2__group.6949__Z3	432	1	1	1	0	0	trivial
4-2s2-2__min.612__Z4	18	1	1	1	0	0	trivial
4-2s2-2__min.613__Z2	18	3	2	2	0	0	explicit
4-2s2-2__group.6970__Z4	54	3x3x3	8	10	2	0	explicit
4-2s2-2__min.612__Z5	18	1	1	1	0	0	trivial
4-2s2-2__min.615__Z4	24	1	1	1	0	0	trivial
4-2s2-2__group.6915__Z6	432	1	1	1	0	0	trivial
4-2s2-2__group.6933__Z6	432	1	1	1	0	0	trivial
4-2s2-2__group.6936__Z1	432	1	1	1	0	0	trivial
4-2s2-2__min.616__Z1	24	1	1	1	0	0	trivial
4-2s2-2__group.6970__Z5	54	3x3	4	4	0	0	explicit
4-2s2-2__group.7076__Z2	864	1	1	1	0	0	trivial
4-2s2-2__min.613__Z3	18	3x3	4	4	0	0	explicit
4-2s2-2__min.616__Z2	24	1	1	1	0	0	trivial
4-2s2-2__min.617__Z1	24	1	1	1	0	0	trivial
4-2s2-2__group.6936__Z2	432	1	1	1	0	0	trivial
4-2s2-2__group.6872__Z2	432	1	1	1	0	0	trivial
4-2s2-2__group.6949__Z4	432	3x3	4	5	1	0	explicit
4-2s2-2__min.617__Z2	24	1	1	1	0	0	trivial
4-2s2-2__group.6971__Z1	54	3x3x3	8	8	0	0	explicit
4-2s2-2__group.6915__Z7	432	1	1	1	0	0	trivial
4-2s2-2__min.618__Z1	36	3	2	2	0	0	explicit
4-2s2-2__group.7027__Z1	864	1	1	1	0	0	trivial
4-2s2-2__group.6934__Z1	432	1	1	1	0	0	trivial
4-2s2-2__group.6936__Z3	432	1	1	1	0	0	trivial
4-2s2-2__min.619__Z1	36	1	1	1	0	0	trivial
4-2s2-2__min.620__Z1	36	1	1	1	0	0	trivial
4-2s2-2__group.7028__Z2	864	1	1	1	0	0	trivial
4-2s2-2__group.6956__Z1	432	1	1	1	0	0	trivial
4-2s2-2__group.6936__Z4	432	1	1	1	0	0	trivial
4-2s2-2__group.6873__Z1	432	1	1	1	0	0	trivial
4-2s2-2__min.621__Z1	36	3	2	2	0	0	explicit
4-3ps1c1__group.7091__Z1	10	1	1	1	0	0	trivial
4-2s2-2__min.613__Z4	18	3x3	3	3	0	0	explicit
4-3ps1c1__group.7091__Z2	10	1	1	1	0	0	trivial
4-3ps1c1__group.7092__Z1	10	1	1	1	0	0	trivial
4-2s2-2__min.613__Z5	18	1	1	1	0	0	trivial
4-2s2-2__group.6915__Z8	432	1	1	1	0	0	trivial
4-2s2-2__group.6934__Z2	432	1	1	1	0	0	trivial
4-3ps1c1__group.7093__Z1	10	10x10	4	4	0	0	explicit
4-2s2-2__min.613__Z6	18	3	2	2	0	0	explicit
4-3ps1c1__group.7094__Z1	10	2x2	2	2	0	0	explicit
4-2s2-2__min.615__Z1	24	1	1	1	0	0	trivial
4-2s2-2__group.6957__Z1	432	1	1	1	0	0	trivial
4-2s2-2__group.6948__Z1	432	1	1	1	0	0	trivial
4-2s2-2__min.615__Z2	24	1	1	1	0	0	trivial
4-2s2-2__group.6874__Z1	432	1	1	1	0	0	trivial
4-2s2-2__min.615__Z3	24	1	1	1	0	0	trivial
4-2s2-2__group.6915__Z9	432	1	1	1	0	0	trivial
4-3ps1c1__group.7097__Z1	20	2x2	2	2	0	0	explicit
4-2s2-2__group.7029__Z1	864	1	1	1	0	0	trivial
4-3ps1c1__group.7094__Z2	10	2x2	2	2	0	0	explicit
4-3ps1c1__group.7097__Z2	20	2x2	2	2	0	0	explicit
4-2s2-2__group.6959__Z1	432	1	1	1	0	0	trivial
4-3ps2-1__group.7122__Z1	40	2	2	2	0	0	explicit
4-2s2-2__group.6948__Z2	432	1	1	1	0	0	trivial
4-3ps2-1__group.7126__Z1	40	2	2	2	0	0	explicit
4-2s2-2__group.6879__Z1	432	1	1	1	0	0	trivial
4-3ps2-1__min.632__Z2	20	1	1	1	0	0	trivial
4-3ps2-1__group.7126__Z2	40	2	2	2	0	0	explicit
4-2s2-2__group.6933__Z1	432	1	1	1	0	0	trivial
4-2s2-2__group.6934__Z3	432	1	1	1	0	0	trivial
4-3s1c1__group.7177__Z1	120	3	2	2	0	0	explicit
4-3ps2-1__group.7127__Z1	40	2	2	2	0	0	explicit
4-3ps2-2__group.7140__Z1	120	1	1	1	0	0	trivial
4-3ps2-2__group.7149__Z1	30	1	1	1	0	0	trivial
4-2s2-2__group.6960__Z1	432	1	1	1	0	0	trivial
4-3ps2-2__group.7150__Z1	30	1	1	1	0	0	trivial
4-3ps2-2__group.7151__Z1	30	1	1	1	0	0	trivial
4-3ps2-1__group.7127__Z2	40	2	2	2	0	0	explicit
4-3ps2-2__group.7152__Z1	30	1	1	1	0	0	trivial
4-3s1c1__group.7177__Z2	120	3	2	2	0	0	explicit
4-3ps2-2__group.7152__Z2	30	1	1	1	0	0	trivial
4-3ps2-2__group.7153__Z1	30	1	1	1	0	0	trivial
4-3ps2-1__group.7128__Z1	40	2	2	2	0	0	explicit
4-2s2-2__group.6879__Z2	432	1	1	1	0	0	trivial
4-3ps2-2__group.7153__Z2	30	1	1	1	0	0	trivial
4-2s2-2__group.7029__Z2	864	1	1	1	0	0	trivial
4-3s1c1__group.7178__Z1	120	2x2	2	2	0	0	explicit
4-3ps2-2__group.7158__Z1	60	1	1	1	0	0	trivial
4-3ps2-2__group.7157__Z1	60	1	1	1	0	0	trivial
4-3ps2-2__group.7159__Z1	60	1	1	1	0	0	trivial
4-2s2-2__group.6933__Z2	432	1	1	1	0	0	trivial
4-2s2-2__group.6934__Z4	432	1	1	1	0	0	trivial
4-3ps2-2__group.7159__Z2	60	1	1	1	0	0	trivial
4-3s1c1__group.7178__Z2	120	2x2	2	2	0	0	explicit
4-3ps2-1__group.7134__Z1	80	2x2	4	4	0	0	explicit
4-3ps2-2__group.7160__Z1	60	1	1	1	0	0	trivial
4-3ps2-1__min.630__Z1	20	1	1	1	0	0	trivial
4-3ps2-1__min.631__Z1	20	1	1	1	0	0	trivial
4-3ps2-2__group.7161__Z1	60	1	1	1	0	0	trivial
4-2s2-2__group.7089__Z1	864	1	1	1	0	0	trivial
4-3ps2-1__min.632__Z1	20	1	1	1	0	0	trivial
4-3ps2-2__group.7161__Z2	60	1	1	1	0	0	trivial
4-3ps2-2__min.633__Z1	15	1	1	1	0	0	trivial
4-3ps1c1__group.7094__Z3	10	2x2	2	2	0	0	explicit
4-3s1c1__group.7185__Z1	240	2x2	2	2	0	0	explicit
4-2s2-2__group.6879__Z3	432	1	1	1	0	0	trivial
4-3s1c1__group.7173__Z1	120	1	1	1	0	0	trivial
4-3ps1c1__group.7095__Z1	10	5x5	2	2	0	0	explicit
4-2s2-2__min.610__Z1	108	3	2	2	0	0	explicit
4-3s1c1__group.7173__Z2	120	1	1	1	0	0	trivial
4-3s1c1__group.7185__Z2	240	2x2	2	2	0	0	explicit
4-2s2-2__group.6934__Z5	432	1	1	1	0	0	trivial
4-3ps1c1__group.7095__Z2	10	5x5	2	2	0	0	explicit
4-2s2-2__min.610__Z10	108	3x3	4	5	1	0	explicit
4-3s1c1__group.7173__Z3	120	1	1	1	0	0	trivial
4-3s1s1__group.7193__Z2	120	3	2	2	0	0	explicit
4-3s1c1__min.636__Z1	60	3	2	2	0	0	explicit
4-2s2-2__group.7033__Z1	864	1	1	1	0	0	trivial
4-3s1s1__group.7194__Z4	120	1	1	1	0	0	trivial
4-2s2-2__min.610__Z11	108	3	2	2	0	0	explicit
4-3s1c1__min.636__Z2	60	3	2	2	0	0	explicit
4-2s2-2__group.6915__Z1	432	1	1	1	0	0	trivial
4-3s1s1__group.7193__Z3	120	6	4	4	0	0	explicit
4-2s2-2__min.610__Z12	108	3	2	2	0	0	explicit
4-2s2-2__group.6934__Z6	432	1	1	1	0	0	trivial
4-3ps1c1__group.7097__Z3	20	2x2	2	2	0	0	explicit
4-3s1s1__group.7194__Z5	120	2	2	2	0	0	explicit
4-2s2-2__min.610__Z2	108	1	1	1	0	0	trivial
4-3s1s1__group.7193__Z4	120	3	2	2	0	0	explicit
4-3ps1c1__group.7098__Z1	20	2x2	2	2	0	0	explicit
4-2s2-2__min.610__Z3	108	3	2	2	0	0	explicit
4-3ps1c1__group.7098__Z2	20	2x2	2	2	0	0	explicit
4-3s1s1__group.7194__Z6	120	2	2	2	0	0	explicit
4-3ps1c1__group.7095__Z3	10	5	2	2	0	0	explicit
4-3s1s1__group.7193__Z5	120	6	4	4	0	0	explicit
4-2s2-2__group.6915__Z10	432	1	1	1	0	0	trivial
4-3ps1c1__group.7099__Z1	20	2x2x2x2	5	5	0	0	explicit
4-3s1s1__group.7194__Z7	120	1	1	1	0	0	trivial
4-3ps1c1__group.7096__Z1	20	2x2	2	2	0	0	explicit
4-3s1s1__group.7194__Z8	120	1	1	1	0	0	trivial
4-3ps1c1__group.7100__Z1	20	10x10	4	4	0	0	explicit
4-3s1s1__group.7203__Z4	240	3	2	2	0	0	explicit
4-3s1s1__group.7196__Z6	240	2x2	4	4	0	0	explicit
4-2s2-2__group.7033__Z2	864	1	1	1	0	0	trivial
4-2s2-2__min.610__Z4	108	3	2	2	0	0	explicit
4-3s1s1__group.7193__Z6	120	6	4	4	0	0	explicit
4-3s1s1__group.7196__Z7	240	1	1	1	0	0	trivial
4-3s1s1__group.7211__Z1	240	2x2	3	3	0	0	explicit
4-3ps1c1__group.7101__Z1	40	2x2x2x2	5	5	0	0	explicit
4-3ps1c1__min.626__Z1	5	5x5	2	2	0	0	explicit
4-3s1s1__group.7196__Z8	240	1	1	1	0	0	trivial
4-3s1s1__group.7211__Z2	240	1	1	1	0	0	trivial
4-3s1s1__group.7196__Z1	240	2x2	4	4	0	0	explicit
4-3s1s1__group.7193__Z7	120	3	2	2	0	0	explicit
4-3s1c1__min.636__Z3	60	3	2	2	0	0	explicit
4-3s1s1__group.7211__Z3	240	2x2	3	3	0	0	explicit
4-3s1s1__group.7202__Z1	240	2x2x2	8	8	0	0	explicit
4-3s1s1__group.7211__Z4	240	1	1	1	0	0	trivial
4-3s1s1__group.7212__Z6	40	2x2	4	4	0	0	explicit
4-3s1s1__group.7196__Z2	240	1	1	1	0	0	trivial
4-3s1s1__group.7193__Z1	120	6	4	4	0	0	explicit
4-3s1s1__group.7202__Z2	240	2	2	2	0	0	explicit
4-3ps1c1__min.626__Z2	5	5	2	2	0	0	explicit
4-3s1s1__group.7193__Z8	120	3	2	2	0	0	explicit
4-3s1s1__group.7202__Z3	240	2x2x2	8	8	0	0	explicit
4-3s1s1__group.7212__Z1	40	2x2	4	4	0	0	explicit
4-3s1s1__group.7194__Z1	120	2	2	2	0	0	explicit
4-3s1s1__group.7233__Z2	80	2x2	4	4	0	0	explicit
4-3s2-1__group.7241__Z2	160	2x2	4	4	0	0	explicit
4-3s1s1__group.7194__Z2	120	1	1	1	0	0	trivial
4-3s1s1__min.639__Z16	20	2	2	2	0	0	explicit
4-3s1s1__group.7202__Z4	240	2	2	2	0	0	explicit
4-3s1s1__group.7196__Z3	240	2x2	4	4	0	0	explicit
4-2s2-2__group.7075__Z1	864	1	1	1	0	0	trivial
4-3s1s1__group.7218__Z4	40	2	2	2	0	0	explicit
4-3s1s1__group.7194__Z3	120	2	2	2	0	0	explicit
4-3s1s1__group.7212__Z7	40	2	2	2	0	0	explicit
4-3s1s1__group.7203__Z1	240	2x6	6	6	0	0	explicit
4-3s2-1__group.7252__Z1	480	2	2	2	0	0	explicit
4-3s1s1__group.7212__Z2	40	2	2	2	0	0	explicit
4-3s1s1__group.7218__Z5	40	2x2	3	3	0	0	explicit
4-3s1s1__min.639__Z2	20	2	2	2	0	0	explicit
4-3s1s1__group.7233__Z3	80	2x2x2x2	10	10	0	0	explicit
4-3s1s1__group.7196__Z4	240	1	1	1	0	0	trivial
4-3s1s1__group.7203__Z2	240	3	2	2	0	0	explicit
4-3s2-1__group.7252__Z2	480	2	2	2	0	0	explicit
4-3s1s1__group.7218__Z6	40	2	2	2	0	0	explicit
4-3s1s1__group.7212__Z3	40	2x2	4	4	0	0	explicit
4-3s1s1__min.639__Z3	20	4	3	3	0	0	explicit
4-3s2-1__min.643__Z4	80	2	2	2	0	0	explicit
4-3s1s1__group.7212__Z8	40	2	2	2	0	0	explicit
4-3s1s1__group.7218__Z7	40	2x2	3	3	0	0	explicit
4-3s1s1__group.7233__Z4	80	2x2	4	4	0	0	explicit
4-3s2-1__group.7258__Z1	480	6	4	4	0	0	explicit
4-3s1s1__min.639__Z4	20	2	2	2	0	0	explicit
4-3s1s1__group.7203__Z3	240	2x6	6	6	0	0	explicit
4-3s2-1__min.644__Z1	80	2	2	2	0	0	explicit
4-3s1s1__group.7212__Z4	40	2	2	2	0	0	explicit
4-3s1s1__group.7218__Z8	40	2	2	2	0	0	explicit
4-3s2-2__group.7288__Z2	120	1	1	1	0	0	trivial
4-3s1s1__group.7196__Z5	240	2x2	4	4	0	0	explicit
4-3s2-2__group.7288__Z3	120	1	1	1	0	0	trivial
4-3s2-1__min.644__Z2	80	2	2	2	0	0	explicit
4-3s2-1__group.7258__Z2	480	6	4	4	0	0	explicit
4-3s1s1__group.7217__Z1	40	2x2x4	12	12	0	0	explicit
4-3s1s1__min.639__Z5	20	4	3	3	0	0	explicit
4-3s2-1__group.7263__Z4	480	2	2	2	0	0	explicit
4-3s2-2__group.7288__Z4	120	1	1	1	0	0	trivial
4-3s1s1__min.639__Z1	20	4	3	3	0	0	explicit
4-3s2-2__group.7307__Z2	240	1	1	1	0	0	trivial
4-3s2-2__group.7289__Z1	120	1	1	1	0	0	trivial
4-3s1s1__group.7212__Z5	40	2x2	4	4	0	0	explicit
4-2s2-2__group.7075__Z2	864	1	1	1	0	0	trivial
4-3s2-2__group.7289__Z2	120	1	1	1	0	0	trivial
4-3s2-1__group.7259__Z1	480	2	2	2	0	0	explicit
4-3s2-1__min.644__Z3	80	2	2	2	0	0	explicit
4-3s2-2__group.7289__Z3	120	1	1	1	0	0	trivial
4-3s2-2__group.7312__Z1	360	3	2	2	0	0	explicit
4-3s1s1__group.7226__Z1	480	2x2x2x2	10	10	0	0	explicit
4-3s1s1__min.639__Z10	20	2	2	2	0	0	explicit
4-3s1s1__min.639__Z6	20	4	3	3	0	0	explicit
4-3s2-2__group.7289__Z4	120	1	1	1	0	0	trivial
4-3s1s1__group.7217__Z2	40	2x2	4	4	0	0	explicit
4-3s2-1__group.7259__Z2	480	2	2	2	0	0	explicit
4-3s2-1__min.644__Z4	80	2	2	2	0	0	explicit
4-3s2-2__group.7312__Z2	360	3	2	2	0	0	explicit
4-3s2-2__group.7316__Z4	360	1	1	1	0	0	trivial
4-3s2-2__group.7287__Z1	120	1	1	1	0	0	trivial
4-3s1s1__min.639__Z11	20	4	3	3	0	0	explicit
4-3s2-2__group.7287__Z2	120	1	1	1	0	0	trivial
4-3s2-2__group.7313__Z1	360	1	1	1	0	0	trivial
4-3s2-1__group.7263__Z1	480	2	2	2	0	0	explicit
4-3s1s1__group.7217__Z3	40	2x2x4	12	12	0	0	explicit
4-3s1s1__group.7226__Z2	480	2	2	2	0	0	explicit
4-3s2-2__group.7287__Z3	120	1	1	1	0	0	trivial
4-3s2-2__group.7317__Z1	360	3	2	2	0	0	explicit
4-3s1s1__min.639__Z7	20	2	2	2	0	0	explicit
4-3s2-2__group.7313__Z2	360	1	1	1	0	0	trivial
4-3s2-2__group.7287__Z4	120	1	1	1	0	0	trivial
4-3s1s1__min.639__Z12	20	2	2	2	0	0	explicit
4-3s2-2__group.7288__Z1	120	1	1	1	0	0	trivial
4-3s2-1__group.7263__Z2	480	2	2	2	0	0	explicit
4-3s2-2__group.7317__Z2	360	3	2	2	0	0	explicit
4-3s2-2__group.7314__Z1	360	1	1	1	0	0	trivial
4-3s1s1__group.7217__Z4	40	2x2	4	4	0	0	explicit
4-3s1s1__min.639__Z13	20	4	3	3	0	0	explicit
4-3s1s1__min.639__Z8	20	2	2	2	0	0	explicit
4-3s2-2__group.7314__Z2	360	1	1	1	0	0	trivial
4-3s1s1__group.7226__Z3	480	2x2x2x2	10	10	0	0	explicit
4-3s2-1__group.7263__Z3	480	2	2	2	0	0	explicit
4-3s2-2__group.7317__Z3	360	3	2	2	0	0	explicit
4-2s2-2__group.7075__Z3	864	1	1	1	0	0	trivial
4-3s1s1__group.7218__Z1	40	2x2	3	3	0	0	explicit
4-3s2-2__group.7316__Z1	360	1	1	1	0	0	trivial
4-3s1s1__min.639__Z9	20	4	3	3	0	0	explicit
4-3s2-2__group.7317__Z4	360	3	2	2	0	0	explicit
4-3s2-2__group.7294__Z1	1440	1	1	1	0	0	trivial
4-3s1s1__min.639__Z14	20	4	3	3	0	0	explicit
4-3s2-2__group.7316__Z2	360	1	1	1	0	0	trivial
4-3s1s1__group.7218__Z2	40	2	2	2	0	0	explicit
4-3s2-2__group.7316__Z3	360	1	1	1	0	0	trivial
4-3s1s1__group.7226__Z4	480	2	2	2	0	0	explicit
4-3s2-1__group.7241__Z1	160	2x2	4	4	0	0	explicit
4-3s2-2__group.7340__Z2	720	3	2	2	0	0	explicit
4-3s2-2__group.7326__Z1	720	1	1	1	0	0	trivial
4-3s2-2__min.645__Z2	180	3	2	2	0	0	explicit
4-3s2-1__group.7276__Z1	960	2x2	4	4	0	0	explicit
4-3s1s1__min.639__Z15	20	2	2	2	0	0	explicit
5-1s1__group.7344__Z2	160	2x2	3	3	0	0	explicit
4-3s2-2__min.648__Z1	60	1	1	1	0	0	trivial
4-3s1s1__group.7218__Z3	40	2x2	3	3	0	0	explicit
4-3s2-2__min.648__Z2	60	1	1	1	0	0	trivial
4-3s2-2__group.7326__Z2	720	1	1	1	0	0	trivial
4-3s2-2__group.7341__Z1	720	1	1	1	0	0	trivial
4-3s1s1__group.7233__Z1	80	2x2x2x2	10	10	0	0	explicit
5-1s1__group.7344__Z3	160	2x2x2	4	4	0	0	explicit
4-3s2-2__min.648__Z3	60	1	1	1	0	0	trivial
4-3s2-2__min.648__Z4	60	1	1	1	0	0	trivial
4-3s2-2__min.648__Z5	60	1	1	1	0	0	trivial
4-3s2-2__min.648__Z6	60	1	1	1	0	0	trivial
4-3s2-2__group.7339__Z1	720	1	1	1	0	0	trivial
4-3s2-2__group.7341__Z2	720	1	1	1	0	0	trivial
4-3s2-2__min.648__Z7	60	1	1	1	0	0	trivial
5-1s1__group.7344__Z4	160	2x2x2	4	4	0	0	explicit
5-1s1__group.7347__Z6	160	2x10	7	7	0	0	explicit
4-3s2-2__min.648__Z8	60	1	1	1	0	0	trivial
4-3s2-2__group.7294__Z2	1440	1	1	1	0	0	trivial
4-3s2-1__group.7276__Z2	960	2x2	4	4	0	0	explicit
4-3s2-2__group.7339__Z2	720	1	1	1	0	0	trivial
4-3s2-2__group.7341__Z3	720	1	1	1	0	0	trivial
5-1s1__group.7344__Z1	160	2x2x2x2	6	6	0	0	explicit
5-1s1__group.7348__Z1	160	2x2x2	8	8	0	0	explicit
5-1s1__group.7361__Z3	320	2x4	6	6	0	0	explicit
4-3s2-2__group.7307__Z1	240	1	1	1	0	0	trivial
5-1s1__group.7344__Z5	160	2	2	2	0	0	explicit
4-3s2-1__min.641__Z1	240	1	1	1	0	0	trivial
4-3s2-1__min.641__Z2	240	1	1	1	0	0	trivial
4-3s2-2__group.7341__Z4	720	1	1	1	0	0	trivial
5-1s1__group.7348__Z2	160	2x2x2	6	6	0	0	explicit
4-3s2-2__group.7340__Z1	720	3	2	2	0	0	explicit
5-1s1__group.7361__Z4	320	2x4	5	6	1	0	explicit
5-1s1__group.7344__Z6	160	2x2	3	3	0	0	explicit
4-3s2-1__min.642__Z1	240	3	2	2	0	0	explicit
5-1s1__group.7357__Z3	1920	1	1	1	0	0	trivial
5-1s1__group.7348__Z3	160	2x2x2	6	6	0	0	explicit
4-3s2-2__group.7342__Z1	720	1	1	1	0	0	trivial
5-1s1__group.7347__Z1	160	2x20	10	12	2	0	explicit
4-3s2-1__min.642__Z2	240	3	2	2	0	0	explicit
5-1s1__group.7361__Z5	320	4x4	9	10	1	0	explicit
5-1s1__group.7348__Z4	160	2x2x2	5	6	1	0	explicit
4-3s2-1__min.643__Z1	80	2	2	2	0	0	explicit
5-1s1__group.7347__Z2	160	2x10	7	7	0	0	explicit
4-3s2-2__group.7342__Z2	720	1	1	1	0	0	trivial
5-1s1__min.649__Z6	80	10	4	6	2	0	explicit
5-1s1__group.7363__Z1	320	2x2x2x2	12	12	0	0	explicit
5-1s1__group.7351__Z4	1920	1	1	1	0	0	trivial
5-1s1__group.7348__Z5	160	2x2	4	4	0	0	explicit
5-2s1__group.7388__Z4	120	2x2	4	4	0	0	explicit
4-3s2-1__min.643__Z2	80	2	2	2	0	0	explicit
5-1s1__group.7347__Z3	160	2x10	7	7	0	0	explicit
5-2s1__group.7388__Z5	120	2x2	4	4	0	0	explicit
5-2s1__group.7387__Z1	120	4	3	3	0	0	explicit
4-3s2-2__group.7342__Z3	720	1	1	1	0	0	trivial
5-1s1__group.7348__Z6	160	2x2x2	8	8	0	0	explicit
4-3s2-1__min.643__Z3	80	2	2	2	0	0	explicit
5-2s1__group.7388__Z6	120	2x2	3	4	1	0	explicit
5-1s1__group.7357__Z4	1920	1	1	1	0	0	trivial
5-1s1__group.7363__Z2	320	2x2x2x2	9	10	1	0	explicit
5-1s1__group.7347__Z4	160	2x10	7	7	0	0	explicit
5-2s1__group.7387__Z2	120	4	3	3	0	0	explicit
4-3s2-2__group.7342__Z4	720	1	1	1	0	0	trivial
5-1s1__group.7374__Z2	3840	2	2	2	0	0	explicit
4-3s2-2__min.645__Z1	180	3	2	2	0	0	explicit
5-2s1__group.7387__Z3	120	2	2	2	0	0	explicit
5-1s1__group.7347__Z5	160	10	4	6	2	0	explicit
5-1s1__group.7363__Z3	320	2x2x2	6	6	0	0	explicit
5-2s1__group.7391__Z1	120	2x2	3	3	0	0	explicit
5-2s1__group.7387__Z4	120	4	3	3	0	0	explicit
5-1s1__group.7351__Z5	1920	1	1	1	0	0	trivial
5-1s1__group.7351__Z1	1920	2	2	2	0	0	explicit
5-1s1__group.7384__Z2	960	1	1	1	0	0	trivial
5-2s1__group.7387__Z5	120	4	3	3	0	0	explicit
5-1s1__group.7363__Z4	320	2x2x2	5	6	1	0	explicit
5-2s1__group.7404__Z3	240	2x2	3	4	1	0	explicit
5-1s1__group.7357__Z5	1920	2	2	2	0	0	explicit
5-2s1__group.7391__Z2	120	2	2	2	0	0	explicit
5-2s1__group.7387__Z6	120	2	2	2	0	0	explicit
5-2s1__group.7391__Z8	120	2	2	2	0	0	explicit
5-1s1__group.7360__Z1	320	4	3	3	0	0	explicit
5-1s1__group.7384__Z3	960	1	1	1	0	0	trivial
5-2s1__group.7404__Z4	240	2x2x2	8	8	0	0	explicit
5-2s1__group.7388__Z1	120	2x2	4	4	0	0	explicit
5-2s1__group.7391__Z3	120	2	2	2	0	0	explicit
5-1s1__group.7363__Z5	320	2x2	4	4	0	0	explicit
5-2s1__group.7388__Z2	120	2x2	4	4	0	0	explicit
5-2s1__group.7409__Z8	720	1	1	1	0	0	trivial
5-2s1__group.7404__Z5	240	2x2	4	4	0	0	explicit
5-2s1__group.7391__Z9	120	2	2	2	0	0	explicit
5-1s1__group.7360__Z2	320	2	2	2	0	0	explicit
5-1s1__group.7351__Z6	1920	2	2	2	0	0	explicit
5-2s1__group.7388__Z3	120	2x2	3	4	1	0	explicit
5-2s1__group.7391__Z4	120	2x2	3	3	0	0	explicit
5-1s1__group.7384__Z4	960	1	1	1	0	0	trivial
5-1s1__group.7351__Z2	1920	2	2	2	0	0	explicit
5-1s1__group.7363__Z6	320	2x2x2x2	12	12	0	0	explicit
5-2s1__group.7409__Z9	720	1	1	1	0	0	trivial
5-2s1__group.7404__Z6	240	2x2	3	4	1	0	explicit
5-1s1__group.7360__Z3	320	2	2	2	0	0	explicit
5-2s1__group.7406__Z7	360	3	2	2	0	0	explicit
5-1s1__group.7374__Z3	3840	2	2	2	0	0	explicit
5-2s1__group.7406__Z1	360	1	1	1	0	0	trivial
5-2s1__group.7406__Z8	360	1	1	1	0	0	trivial
5-2s1__group.7412__Z1	720	2x2	4	4	0	0	explicit
5-1s1__group.7360__Z4	320	2	2	2	0	0	explicit
5-2s1__group.7406__Z2	360	1	1	1	0	0	trivial
5-2s1__group.7398__Z1	1440	2x2x2	8	8	0	0	explicit
5-1s1__group.7384__Z5	960	1	1	1	0	0	trivial
5-2s1__group.7406__Z9	360	1	1	1	0	0	trivial
5-2s1__group.7406__Z3	360	1	1	1	0	0	trivial
5-1s1__group.7355__Z1	1920	2x2	4	4	0	0	explicit
5-2s1__group.7412__Z2	720	2	2	2	0	0	explicit
5-1s1__group.7360__Z5	320	4	3	3	0	0	explicit
5-2s1__group.7406__Z4	360	3	2	2	0	0	explicit
5-2s1__group.7409__Z1	720	2	2	2	0	0	explicit
5-1s1__group.7351__Z3	1920	1	1	1	0	0	trivial
5-1s1__group.7384__Z6	960	1	1	1	0	0	trivial
5-2s1__group.7391__Z5	120	2x2	3	4	1	0	explicit
5-1s1__group.7361__Z1	320	4x4	9	10	1	0	explicit
5-2s1__group.7413__Z3	720	1	1	1	0	0	trivial
5-2s1__group.7406__Z5	360	1	1	1	0	0	trivial
5-2s1__min.650__Z7	60	2	2	2	0	0	explicit
5-1s1__min.649__Z1	80	10	4	4	0	0	explicit
5-2s1__group.7398__Z2	1440	2	2	2	0	0	explicit
5-2s1__group.7412__Z3	720	2	2	2	0	0	explicit
5-2s1__group.7409__Z2	720	1	1	1	0	0	trivial
5-2s1__group.7406__Z6	360	3	2	2	0	0	explicit
5-1s1__min.649__Z2	80	2x2x10	10	10	0	0	explicit
5-2s1__min.650__Z8	60	4	3	3	0	0	explicit
5-2s1__group.7391__Z6	120	2	2	2	0	0	explicit
5-1s1__group.7361__Z2	320	2x4	6	6	0	0	explicit
5-1s1__min.649__Z3	80	10	4	4	0	0	explicit
5-2s1__group.7412__Z4	720	2x6	8	8	0	0	explicit
5-1s1__group.7355__Z2	1920	2	2	2	0	0	explicit
5-2s1__group.7391__Z7	120	2	2	2	0	0	explicit
5-2s1__min.650__Z9	60	2	2	2	0	0	explicit
5-2s1__group.7413__Z4	720	2	2	2	0	0	explicit
5-1s1__min.649__Z4	80	2x2x10	10	10	0	0	explicit
5-1s1__min.649__Z5	80	2x2x10	10	10	0	0	explicit
5-2s1__group.7412__Z5	720	6	4	4	0	0	explicit
5-2s1__group.7413__Z5	720	1	1	1	0	0	trivial
5-1s1__group.7374__Z4	3840	2	2	2	0	0	explicit
5-2s1__group.7398__Z3	1440	2	2	2	0	0	explicit
5-2s1__group.7409__Z3	720	1	1	1	0	0	trivial
5-1s1__group.7374__Z1	3840	2x2x2	8	8	0	0	explicit
5-2s1__group.7413__Z6	720	1	1	1	0	0	trivial
5-2s1__group.7412__Z6	720	6	4	4	0	0	explicit
6-1__group.7415__Z1	1152	2x2	4	4	0	0	explicit
5-2s1__min.650__Z1	60	2	2	2	0	0	explicit
5-2s1__group.7409__Z4	720	2	2	2	0	0	explicit
5-2s1__min.650__Z2	60	4	3	3	0	0	explicit
6-1__group.7440__Z1	192	2x2x2x2	6	6	0	0	explicit
5-2s1__group.7413__Z1	720	2	2	2	0	0	explicit
5-2s1__group.7398__Z4	1440	2x2x2	8	8	0	0	explicit
5-2s1__min.650__Z3	60	2	2	2	0	0	explicit
5-2s1__group.7413__Z2	720	1	1	1	0	0	trivial
5-2s1__min.650__Z4	60	2	2	2	0	0	explicit
6-1__group.7418__Z2	1152	2	2	2	0	0	explicit
6-1__group.7442__Z3	192	2x2	4	4	0	0	explicit
5-1s1__group.7355__Z3	1920	2	2	2	0	0	explicit
6-1__group.7415__Z2	1152	2	2	2	0	0	explicit
5-2s1__min.650__Z5	60	2	2	2	0	0	explicit
6-1__group.7447__Z1	1920	2	2	2	0	0	explicit
5-2s1__group.7398__Z5	1440	2	2	2	0	0	explicit
6-1__group.7442__Z4	192	2x2x2	6	6	0	0	explicit
5-2s1__min.650__Z6	60	4	3	3	0	0	explicit
6-1__group.7427__Z3	1536	2x2	4	4	0	0	explicit
5-2s1__group.7409__Z5	720	2	2	2	0	0	explicit
5-1s1__group.7374__Z5	3840	2x2x2	8	8	0	0	explicit
5-1s1__group.7379__Z1	640	2x2x2	8	8	0	0	explicit
5-2s1__group.7398__Z6	1440	2	2	2	0	0	explicit
6-1__group.7440__Z2	192	2	2	2	0	0	explicit
6-1__group.7415__Z3	1152	2x2x2	6	6	0	0	explicit
6-1__group.7442__Z5	192	2x2	3	3	0	0	explicit
6-1__group.7447__Z2	1920	1	1	1	0	0	trivial
5-2s1__group.7409__Z6	720	1	1	1	0	0	trivial
5-2s1__group.7404__Z1	240	2x2x2	8	8	0	0	explicit
5-1s1__group.7379__Z2	640	2x2	4	4	0	0	explicit
6-1__group.7442__Z6	192	2	2	2	0	0	explicit
6-1__group.7431__Z1	192	2x2	3	3	0	0	explicit
5-2s1__group.7409__Z7	720	1	1	1	0	0	trivial
6-1__group.7465__Z3	384	2	2	2	0	0	explicit
5-2s1__group.7404__Z2	240	2x2	4	4	0	0	explicit
5-1s1__group.7355__Z4	1920	2	2	2	0	0	explicit
6-1__group.7415__Z4	1152	2x2	3	3	0	0	explicit
5-1s1__group.7379__Z3	640	2x2	4	4	0	0	explicit
6-1__group.7447__Z3	1920	2x2	3	3	0	0	explicit
6-1__group.7440__Z3	192	2x2x2	4	4	0	0	explicit
6-1__group.7415__Z5	1152	2x2	4	4	0	0	explicit
5-1s1__group.7355__Z5	1920	2x2	4	4	0	0	explicit
6-1__group.7442__Z7	192	2x2x2x2	10	10	0	0	explicit
6-1__group.7465__Z4	384	2x2	3	3	0	0	explicit
6-1__group.7440__Z4	192	2x2x2	4	4	0	0	explicit
6-1__group.7482__Z3	768	2	2	2	0	0	explicit
6-1__group.7431__Z2	192	2	2	2	0	0	explicit
6-1__group.7474__Z1	3840	2	2	2	0	0	explicit
5-1s1__group.7357__Z1	1920	2	2	2	0	0	explicit
6-1__group.7447__Z4	1920	2	2	2	0	0	explicit
6-1__group.7487__Z1	768	2x2	4	4	0	0	explicit
6-1__group.7418__Z3	1152	2x2	4	4	0	0	explicit
6-1__group.7415__Z6	1152	2x2	4	4	0	0	explicit
6-1__group.7469__Z1	384	2x2x2	8	8	0	0	explicit
6-1__group.7431__Z3	192	2	2	2	0	0	explicit
5-1s1__group.7379__Z4	640	2x2	3	4	1	0	explicit
6-1__group.7490__Z3	96	2x2	4	4	0	0	explicit
6-1__group.7442__Z8	192	2x2	3	3	0	0	explicit
5-1s1__group.7357__Z2	1920	1	1	1	0	0	trivial
6-1__group.7490__Z4	96	2	2	2	0	0	explicit
6-1__group.7474__Z2	3840	1	1	1	0	0	trivial
5-1s1__group.7379__Z5	640	2x2x2	8	8	0	0	explicit
6-1__group.7450__Z1	2304	2x2x2	8	8	0	0	explicit
6-1__group.7497__Z4	96	2	2	2	0	0	explicit
6-1__group.7490__Z5	96	2x2	4	4	0	0	explicit
6-1__group.7446__Z1	192	2x2x2	6	6	0	0	explicit
5-1s1__group.7384__Z1	960	1	1	1	0	0	trivial
6-1__group.7440__Z5	192	2x2	3	3	0	0	explicit
6-1__group.7469__Z2	384	2	2	2	0	0	explicit
6-1__group.7487__Z2	768	2x2	4	4	0	0	explicit
6-1__group.7418__Z1	1152	2x2	4	4	0	0	explicit
6-1__group.7440__Z6	192	2	2	2	0	0	explicit
6-1__group.7432__Z1	192	2x2x2	6	8	2	0	explicit
6-1__group.7498__Z1	96	2x2	3	3	0	0	explicit
6-1__group.7450__Z2	2304	2	2	2	0	0	explicit
6-1__group.7494__Z1	96	2x2	4	4	0	0	explicit
6-1__group.7440__Z7	192	2x2x2x2	6	6	0	0	explicit
6-1__group.7474__Z3	3840	2	2	2	0	0	explicit
6-1__group.7446__Z2	192	2x2	3	3	0	0	explicit
6-1__group.7469__Z3	384	2x2x2	8	8	0	0	explicit
6-1__min.652__Z2	48	1	1	1	0	0	trivial
6-1__group.7487__Z3	768	2	2	2	0	0	explicit
6-1__group.7469__Z4	384	2x2	4	4	0	0	explicit
6-1__group.7480__Z1	576	2x2	3	3	0	0	explicit
6-1__group.7450__Z3	2304	2x2	4	4	0	0	explicit
6-1__group.7494__Z2	96	2x2	3	3	0	0	explicit
6-1__group.7480__Z2	576	2	2	2	0	0	explicit
6-1__group.7446__Z3	192	2x2x2x2	10	10	0	0	explicit
6-1__min.653__Z4	48	2	2	2	0	0	explicit
6-1__min.656__Z2	96	2x2	3	4	1	0	explicit
6-1__group.7498__Z2	96	2x2	3	3	0	0	explicit
6-1__group.7469__Z5	384	2x2	4	4	0	0	explicit
6-1__group.7480__Z3	576	2	2	2	0	0	explicit
6-1__min.653__Z5	48	2	2	2	0	0	explicit
6-1__group.7488__Z1	768	2x2x2	6	6	0	0	explicit
6-1__group.7432__Z2	192	2x2	3	4	1	0	explicit
6-1__group.7494__Z3	96	2x2	3	3	0	0	explicit
6-1__group.7469__Z6	384	2x2	4	4	0	0	explicit
6-1__min.652__Z3	48	2x2	3	3	0	0	explicit
6-1__group.7450__Z4	2304	2x2	4	4	0	0	explicit
6-1__group.7446__Z4	192	2x2	4	4	0	0	explicit
6-1__group.7480__Z4	576	2x2	3	3	0	0	explicit
6-1__min.655__Z1	576	2	2	2	0	0	explicit
6-1__group.7418__Z4	1152	2x2	3	3	0	0	explicit
6-1__group.7488__Z2	768	2x2x2	5	6	1	0	explicit
6-1__group.7480__Z5	576	2	2	2	0	0	explicit
6-1__min.655__Z2	576	2	2	2	0	0	explicit
6-1__group.7440__Z8	192	2x2	3	3	0	0	explicit
6-1__group.7450__Z5	2304	2x2x2	8	8	0	0	explicit
6-1__group.7488__Z3	768	2x2x2	6	6	0	0	explicit
6-1__min.656__Z3	96	2x2	3	4	1	0	explicit
6-1__group.7494__Z4	96	2x2	3	3	0	0	explicit
6-1__min.655__Z3	576	4	3	3	0	0	explicit
6-1__min.652__Z4	48	2x2	3	3	0	0	explicit
6-1__group.7469__Z7	384	2x2x2	8	8	0	0	explicit
6-1__group.7488__Z4	768	2x2	4	4	0	0	explicit
6-1__group.7418__Z5	1152	2x2	4	4	0	0	explicit
6-1__group.7482__Z1	768	2x2x2x2	10	10	0	0	explicit
6-1__min.652__Z5	48	2	2	2	0	0	explicit
6-1__group.7497__Z1	96	2x2	3	3	0	0	explicit
6-1__min.655__Z4	576	4	3	3	0	0	explicit
6-1__min.655__Z5	576	2	2	2	0	0	explicit
6-1__min.652__Z6	48	2	2	2	0	0	explicit
6-1__min.656__Z4	96	2x2	3	4	1	0	explicit
6-1__group.7498__Z3	96	2x2	3	3	0	0	explicit
6-2__group.7499__Z1	108	1	1	1	0	0	trivial
6-1__min.655__Z6	576	4	3	3	0	0	explicit
6-1__min.652__Z7	48	2	2	2	0	0	explicit
6-1__group.7490__Z1	96	2x2	4	4	0	0	explicit
6-2__group.7499__Z2	108	1	1	1	0	0	trivial
6-1__group.7497__Z2	96	2x2	3	3	0	0	explicit
6-2__group.7499__Z3	108	1	1	1	0	0	trivial
6-1__min.655__Z7	576	2	2	2	0	0	explicit
6-1__group.7442__Z1	192	2x2x2x2	10	10	0	0	explicit
6-1__group.7482__Z2	768	2x2x2	6	6	0	0	explicit
6-1__group.7432__Z3	192	2x2	3	4	1	0	explicit
6-1__min.652__Z8	48	2	2	2	0	0	explicit
6-1__group.7469__Z8	384	2x2	4	4	0	0	explicit
6-1__group.7497__Z3	96	2x2	3	3	0	0	explicit
6-2__group.7504__Z1	108	1	1	1	0	0	trivial
6-2__group.7505__Z1	108	1	1	1	0	0	trivial
6-1__group.7439__Z1	192	2x2	3	3	0	0	explicit
6-1__min.656__Z1	96	2x2	3	4	1	0	explicit
6-1__group.7442__Z2	192	2	2	2	0	0	explicit
6-1__group.7490__Z2	96	2x2	4	4	0	0	explicit
6-1__group.7456__Z2	23040	1	1	1	0	0	trivial
6-1__min.653__Z1	48	2x2	3	3	0	0	explicit
6-2__group.7513__Z1	1296	1	1	1	0	0	trivial
6-2__group.7500__Z1	108	3	2	2	0	0	explicit
6-1__group.7498__Z4	96	4	3	3	0	0	explicit
6-2__group.7529__Z1	144	1	1	1	0	0	trivial
6-2__group.7529__Z2	144	1	1	1	0	0	trivial
6-2__group.7529__Z3	144	1	1	1	0	0	trivial
6-2__group.7532__Z2	162	1	1	1	0	0	trivial
6-2__group.7513__Z2	1296	1	1	1	0	0	trivial
6-1__group.7439__Z2	192	2	2	2	0	0	explicit
6-2__group.7532__Z3	162	1	1	1	0	0	trivial
6-2__group.7530__Z1	162	3	2	2	0	0	explicit
6-2__group.7538__Z1	216	1	1	1	0	0	trivial
6-2__group.7562__Z1	324	3	2	2	0	0	explicit
6-2__group.7563__Z1	324	1	1	1	0	0	trivial
6-1__min.651__Z1	48	2	2	2	0	0	explicit
6-2__group.7538__Z2	216	1	1	1	0	0	trivial
6-1__min.653__Z2	48	2x2	3	3	0	0	explicit
6-2__group.7540__Z1	216	1	1	1	0	0	trivial
6-2__group.7547__Z1	216	1	1	1	0	0	trivial
6-2__group.7540__Z2	216	1	1	1	0	0	trivial
6-2__group.7500__Z2	108	3	2	2	0	0	explicit
6-1__group.7425__Z1	11520	1	1	1	0	0	trivial
6-2__group.7548__Z1	216	1	1	1	0	0	trivial
6-1__group.7439__Z3	192	2	2	2	0	0	explicit
6-1__min.651__Z2	48	2x2	3	3	0	0	explicit
6-2__group.7563__Z2	324	3	2	2	0	0	explicit
6-1__min.651__Z3	48	1	1	1	0	0	trivial
6-2__group.7513__Z3	1296	1	1	1	0	0	trivial
6-1__min.651__Z4	48	2	2	2	0	0	explicit
6-2__group.7563__Z3	324	3	2	2	0	0	explicit
6-2__group.7552__Z1	2592	1	1	1	0	0	trivial
6-2__group.7563__Z4	324	1	1	1	0	0	trivial
6-2__group.7590__Z3	54	1	1	1	0	0	trivial
6-2__group.7564__Z1	324	1	1	1	0	0	trivial
6-2__group.7591__Z1	54	1	1	1	0	0	trivial
6-2__group.7541__Z1	216	3	2	2	0	0	explicit
6-2__group.7530__Z2	162	3	2	2	0	0	explicit
6-2__group.7574__Z1	432	1	1	1	0	0	trivial
6-1__min.652__Z1	48	2x2	3	3	0	0	explicit
6-2__group.7501__Z1	108	3x3	3	4	1	0	explicit
6-2__group.7553__Z1	2592	1	1	1	0	0	trivial
6-2__group.7513__Z4	1296	1	1	1	0	0	trivial
6-2__group.7591__Z2	54	1	1	1	0	0	trivial
6-2__group.7574__Z2	432	1	1	1	0	0	trivial
6-2__group.7591__Z3	54	1	1	1	0	0	trivial
6-2__group.7592__Z1	648	1	1	1	0	0	trivial
6-2__group.7577__Z1	432	1	1	1	0	0	trivial
6-1__group.7456__Z1	23040	2	2	2	0	0	explicit
6-2__group.7592__Z2	648	1	1	1	0	0	trivial
6-2__group.7541__Z2	216	3	2	2	0	0	explicit
6-2__group.7592__Z3	648	1	1	1	0	0	trivial
6-2__group.7545__Z1	216	1	1	1	0	0	trivial
6-2__group.7592__Z4	648	1	1	1	0	0	trivial
6-2__group.7546__Z1	216	1	1	1	0	0	trivial
6-2__group.7530__Z3	162	3x3	4	5	1	0	explicit
6-2__group.7593__Z1	648	1	1	1	0	0	trivial
6-1__min.653__Z3	48	2x2	3	3	0	0	explicit
6-2__group.7555__Z1	2592	1	1	1	0	0	trivial
6-2__group.7531__Z1	162	3	2	2	0	0	explicit
6-2__group.7593__Z3	648	3	2	2	0	0	explicit
6-2__group.7501__Z2	108	3x3	3	4	1	0	explicit
6-2__group.7606__Z1	648	1	1	1	0	0	trivial
6-2__group.7593__Z4	648	1	1	1	0	0	trivial
6-2__group.7582__Z1	5184	1	1	1	0	0	trivial
6-2__group.7607__Z1	648	1	1	1	0	0	trivial
6-2__group.7614__Z2	72	1	1	1	0	0	trivial
6-2__group.7611__Z1	72	1	1	1	0	0	trivial
6-2__group.7614__Z3	72	1	1	1	0	0	trivial
6-2__group.7611__Z2	72	1	1	1	0	0	trivial
6-2__group.7611__Z3	72	1	1	1	0	0	trivial
6-1__group.7425__Z2	11520	1	1	1	0	0	trivial
6-2__group.7612__Z1	72	1	1	1	0	0	trivial
6-2__group.7515__Z1	1296	1	1	1	0	0	trivial
6-2__group.7613__Z1	72	1	1	1	0	0	trivial
6-2__group.7615__Z1	81	3x3	4	4	0	0	explicit
6-2__group.7613__Z2	72	1	1	1	0	0	trivial
6-2__group.7593__Z2	648	3	2	2	0	0	explicit
6-2__group.7613__Z3	72	1	1	1	0	0	trivial
6-2__group.7600__Z1	648	3	2	2	0	0	explicit
6-2__group.7614__Z1	72	1	1	1	0	0	trivial
6-2__group.7600__Z2	648	1	1	1	0	0	trivial
6-2__group.7521__Z1	1296	1	1	1	0	0	trivial
6-3__min.664__Z1	21	1	1	1	0	0	trivial
6-3__min.664__Z2	21	1	1	1	0	0	trivial
6-3__min.664__Z3	21	1	1	1	0	0	trivial
6-3p__group.7633__Z1	14	1	1	1	0	0	trivial
6-3p__min.665__Z1	7	1	1	1	0	0	trivial
6-2__group.7601__Z1	648	1	1	1	0	0	trivial
6-4p__group.7636__Z1	120	2	2	2	0	0	explicit
6-4p__group.7636__Z2	120	2x2	2	2	0	0	explicit
6-4p__group.7636__Z3	120	1	1	1	0	0	trivial
6-2__group.7602__Z1	648	1	1	1	0	0	trivial
6-2__group.7521__Z2	1296	1	1	1	0	0	trivial
6-4p__min.667__Z1	60	5	2	2	0	0	explicit
6-4p__min.667__Z2	60	5	2	2	0	0	explicit
6-2__group.7602__Z2	648	1	1	1	0	0	trivial
6-3__group.7623__Z1	2520	1	1	1	0	0	trivial
6-2__group.7523__Z1	1296	1	1	1	0	0	trivial
6-2__group.7531__Z2	162	3	2	2	0	0	explicit
6-2__group.7602__Z3	648	1	1	1	0	0	trivial
6-4p__min.667__Z3	60	5	2	2	0	0	explicit
6-2__group.7531__Z3	162	1	1	1	0	0	trivial
6-2__group.7532__Z1	162	1	1	1	0	0	trivial
6-2__group.7602__Z4	648	1	1	1	0	0	trivial
6-2__group.7605__Z1	648	1	1	1	0	0	trivial
6-3__group.7623__Z2	2520	1	1	1	0	0	trivial
6-2__group.7615__Z2	81	3x3	4	4	0	0	explicit
6-3__group.7624__Z1	336	2	2	4	2	0	explicit
6-3__group.7624__Z2	336	2	2	4	2	0	explicit
6-3__group.7626__Z1	336	2x2	3	4	1	0	explicit
6-2__min.660__Z3	27	3	2	2	0	0	explicit
6-3__group.7627__Z1	42	1	1	1	0	0	trivial
6-2__min.661__Z1	36	1	1	1	0	0	trivial
6-2__min.661__Z2	36	1	1	1	0	0	trivial
6-3__group.7627__Z2	42	1	1	1	0	0	trivial
6-2__min.661__Z3	36	1	1	1	0	0	trivial
6-3__group.7627__Z3	42	1	1	1	0	0	trivial
6-2__min.662__Z1	36	1	1	1	0	0	trivial
6-2p__group.7618__Z1	18	1	1	1	0	0	trivial
6-2p__min.663__Z1	9	1	1	1	0	0	trivial
6-2__group.7615__Z3	81	3x3	4	5	1	0	explicit
6-1__group.7456__Z3	23040	1	1	1	0	0	trivial
6-3__group.7621__Z1	168	2	2	4	2	0	explicit
6-2__min.659__Z1	27	3x3x3	4	4	0	0	explicit
6-1__group.7425__Z3	11520	1	1	1	0	0	trivial
6-3__group.7621__Z2	168	2	2	4	2	0	explicit
6-3__group.7622__Z1	168	2x2	3	4	1	0	explicit
6-2__min.659__Z2	27	3	2	2	0	0	explicit
6-1__group.7457__Z1	240	2	2	4	2	0	explicit
6-3__group.7629__Z1	5040	1	1	1	0	0	trivial
6-2__min.659__Z3	27	3x3x3	4	4	0	0	explicit
6-1__group.7457__Z2	240	2	2	4	2	0	explicit
6-1__group.7457__Z3	240	1	1	2	1	0	trivial
6-2__min.660__Z1	27	3	2	2	0	0	explicit
6-3__group.7629__Z2	5040	1	1	1	0	0	trivial
6-2__min.660__Z2	27	3	2	2	0	0	explicit
6-1__group.7460__Z1	384	2x2	4	4	0	0	explicit
6-1__group.7460__Z2	384	2	2	2	0	0	explicit
6-1__group.7425__Z4	11520	1	1	1	0	0	trivial
6-1__group.7427__Z1	1536	2x2x2	8	8	0	0	explicit
6-1__group.7460__Z3	384	2x2	4	4	0	0	explicit
6-2__group.7557__Z1	25920	1	1	1	0	0	trivial
6-1__group.7465__Z1	384	2x2x2	6	6	0	0	explicit
6-1__group.7427__Z2	1536	2x2	4	4	0	0	explicit
6-1__group.7465__Z2	384	2x2x2x2	8	9	1	0	explicit
6-2__group.7585__Z1	51840	1	1	1	0	0	trivial
6-2__group.7557__Z2	25920	1	1	1	0	0	trivial
6-2__group.7559__Z1	324	1	1	1	0	0	trivial
6-2__group.7559__Z2	324	1	1	1	0	0	trivial
6-2__group.7559__Z3	324	1	1	1	0	0	trivial
6-2__group.7585__Z2	51840	1	1	1	0	0	trivial
6-2__group.7586__Z1	54	1	1	1	0	0	trivial
6-2__group.7586__Z2	54	1	1	1	0	0	trivial
6-2__group.7586__Z3	54	1	1	1	0	0	trivial
6-2__group.7587__Z1	54	3	2	2	0	0	explicit
6-2__group.7587__Z2	54	3x3x3	4	4	0	0	explicit
6-2__group.7587__Z3	54	3x3x3	4	4	0	0	explicit
6-2__group.7590__Z1	54	1	1	1	0	0	trivial
6-2__group.7590__Z2	54	1	1	1	0	0	trivial
