37783
85601
259631
268721
350941
371939
378901
516521
665111
733331
883331
967781
1047929
1056521
1081721
1258811
1427411
1480573
1515929
1584901
1614929
1842131
1875311
1885981
2027801
2044873
2450531
2759111
2847991
2860631
3166211
3805211
3809909
4006721
4161611
4187411
4241621
4415909
5031959
5233919
5361311
5699081
5966381
6051583
6444611
6583691
6621311
7112683
7141573
7168897
7251731
7254983
7646993
8124401
8906591
9305531
9701711
10077373
10138421
10551701
10588691
10634383
10768943
11170949
11678993
11679011
12337183
12355631
12912311
13902221
14550311
15223919
15302621
15318983
15335911
15444521
15509411
16023431
16308521
16384691
16753031
17107721
17267111
17379953
17761981
17987891
18152111
18734021
18765281
20719511
21038293
21070811
21288991
21362909
22478591
22590983
22618331
23165173
23440393
23487943
23622931
24040631
24906221
25012921
25647491
25661231
26479091
28313911
28566191
29646191
29685703
29713121
30324929
30406331
30445183
30796933
30801929
31073411
31445173
31446983
31447001
31565231
31806521
32106521
32146811
32306909
33431501
33728111
33772121
34394953
34728923
34803101
34953943
35100883
35260921
35745877
35822231
36131831
37022501
37365011
37438481
38705993
39254993
39835181
39901781
40356983
40845131
41092273
41257973
41408083
42016421
42115331
42206293
42403919
42508331
43030873
43202773
43622911
44544953
44608211
45036611
45076781
45740963
46093121
47863091
47871281
48830993
48831491
49234781
51344911
51508511
51809111
51921983
51922001
52710193
53101901
54950591
55242521
56118221
56157877
56237933
57376091
57500021
57691091
57713993
57790963
58201631
58405691
58466081
58686931
59036111
59500421
60589987
60774491
61232293
61315301
62029511
62647933
63380321
64207001
64295923
64468181
65107421
65677603
66181897
66658951
67587829
68215943
68821391
69060791
69185803
69385513
69572803
69777901
70108183
70622711
70686191
70923791
71143211
71202431
71630711
73071611
73203373
73266581
73351331
73659923
74008421
74249381
75230621
78328181
78676303
78694639
79022231
80073431
80104573
84310921
84669313
84770923
86589983
88050791
88414933
88489003
89556881
89559013
90550331
91299613
91591481
91702511
92886931
93402611
94012183
94344581
94582181
96873313
97410311
97776439
98006681
98143481
98827639
99577609
99673729
100560583
100691711
100752131
101108939
102847781
102866591
103663421
104315831
104735321
105224293
105505811
106763971
106876963
107152121
107314211
108759967
109012601
109737281
110268611
110613521
110995481
111033959
111081611
111371383
111393983
111394001
112388993
112449131
112539221
112725101
113105683
113328011
113448311
113597923
114004783
114431321
114458681
114638933
114688813
115148321
115236983
115260373
115579987
116332093
117500473
117673481
117816943
118588513
120115873
120224801
120270929
120439421
120519431
120941173
121237631
121505383
122051939
122814011
123881111
123946391
125181011
125235521
125714411
126912311
127461953
128954713
129422231
129673963
129706391
130271321
130328083
130650731
131137093
131144501
131155631
132982933
133210901
133251193
133417331
133530401
133530931
133755961
134557481
135212411
135260711
136388713
137222201
137238961
137254981
137369933
139316591
139366963
139388941
141306311
141812173
142782923
143060909
143271521
143772581
144660311
144660953
144915923
145369813
147401531
147603991
147607391
147854803
148316591
150296681
150326201
150425111
150975191
151059221
151771211
153143621
153641321
153873281
154110673
154534031
155382961
155550953
156641591
156952181
157117691
158201531
158371391
158996419
159070031
162254321
162569081
164169913
164330531
165019781
166101931
166251131
166707973
169402691
170117911
170628923
170814131
171553211
171801431
172554581
173155691
173291887
173442953
174183943
174871181
176690081
177865871
178569983
178871503
179594113
180186943
180335411
181014131
181704311
183611411
184081981
186588439
186888319
187196413
187388629
188504923
189212021
190126511
190197191
190823953
192066943
192551591
193180121
193505887
193969519
194807803
195172391
195677957
196042897
196609939
196661081
196670713
196798309
197018291
200308421
200812331
202017929
202077611
203133431
204934781
206904791
207440083
207749081
208440611
209370131
209470981
209491481
210053801
210142949
210359231
211566791
212954591
213014801
213860963
213975973
214211773
214477391
214481321
216652781
216665291
217136963
217499413
218057591
218110483
218171963
218786839
219015431
219532031
220169909
220264921
221226193
221705621
222013901
222140593
222332501
222379481
222691897
223102949
223463321
223597813
223908943
223984181
224560421
226994503
227795891
228055781
229582963
229937891
230280131
230670521
231119201
231268691
233208901
233528111
234166781
234582581
234939703
235341611
236422421
236657713
237978947
238867729
239300531
239499709
240101893
240438311
241794191
242376923
243202919
243938081
246336581
246680923
247023011
247327481
247373923
249035993
249717613
249873829
250860131
251513083
251903321
253266491
256776829
257193281
257638603
259483603
259991629
260137421
260631431
260835877
260934943
261647923
261815591
261844481
262304201
262490887
262944973
263260331
264174923
265156481
265253993
265325887
266439967
267991303
268623281
269415973
269846719
270332201
271425131
272896303
273013031
273176381
273398413
273643933
273797203
274262953
275618803
275679983
276761081
276868883
278023211
278547931
278920181
279549709
281284391
282210221
282614993
282733481
282735281
283342211
283985539
286015897
286331021
288634513
289502923
289994209
290236981
291391481
292046681
292158281
293241791
293958013
296874103
297123877
297185503
298489129
298808957
298910081
299088103
299696209
299955863
300053711
300995291
301237031
301976923
302315501
302445431
302680421
302743421
304071221
304131673
307747091
308976881
309113201
309286963
309371021
309997003
310238993
310539791
310802321
310911311
310924973
311017919
311190193
313143221
314545897
314712521
315392887
316577081
317130731
319028993
320019911
320854943
322681781
324440993
324617971
325609391
329797883
329828413
330920173
331655953
332148991
332232931
332932121
333375011
333656291
334347011
334437491
337186963
337910021
337967719
338333591
339847213
340135121
340237511
340279481
340423921
341374031
343279903
343556923
344060711
345656081
347420231
348481813
349469203
350257031
350979403
352652681
352976413
353979529
354031721
354423791
356021111
356102993
356466703
356659819
358253381
358828303
359495113
359528941
359633713
359747719
359757529
360223093
360319121
361346933
361834933
363268963
363837703
364169081
364321511
365397313
365688619
366696901
368974883
369342973
369493819
369548957
369698689
370536581
370830791
370838803
370975603
371033911
371800511
373636091
375054923
375691513
375782413
376201421
376667719
376922713
377646403
378698209
378919609
378938509
379275829
380180963
380295281
380631311
381388603
381948313
382109681
382149281
383928739
383958013
386725513
388099003
388193891
389050391
389077303
389087861
389170963
389681629
391200221
392280943
392561381
392706973
393004511
393704291
394668947
394981729
396715951
398790103
400191193
400634711
401107601
401931521
402628691
403578191
403701401
403970591
404540711
404655961
406032401
406331173
407240111
408784951
409237391
409506961
411450401
412054031
412412411
413626897
413765381
413960681
414902321
415345943
417133001
417240101
417600983
417601001
418003031
418531121
418778809
419147381
419279503
419586931
419777629
420471521
420882491
422315911
423650963
424780933
424909987
424959971
426097813
427122431
427560943
427894213
428924803
429322121
429328091
431003773
432981973
433221731
434232983
436164923
436169803
436516481
439495871
439699907
440278933
441199813
441341911
441400601
442247681
442425791
443742491
447327191
447929539
448520021
449013991
449971213
450031919
451463993
453148391
453226211
454020283
454465091
455010401
457110431
459514091
461366923
461632781
462127121
463465813
464350981
464441993
464485603
467199013
467653513
467709313
468848329
469786129
471070973
471235691
471569503
472111631
472797901
472832923
473899039
474198313
474839993
475657921
476015591
476160011
477186739
477872809
477909013
478686919
478721713
478823941
479102111
479883863
482887519
484736503
484753513
486936529
488419303
489325951
489480931
490213001
491032511
491316011
492454091
493341943
494285503
494949799
495856003
496549973
497289409
497775409
498465529
498675409
498831313
498920413
500036909
500268221
501250573
501689933
502133909
502302673
502538591
503220521
504314201
504601921
505060093
505130293
505978639
507746081
507815923
508837951
508994809
509229953
512093411
512280101
512371973
513250121
513438943
514305983
514538923
515066681
516176291
517891603
519208933
521142283
521950981
522412273
524607961
525061331
525535391
525707381
526423897
526606391
527241991
527315993
530260631
530269391
530663591
532076887
533646973
535096813
535174391
535227491
535250231
536308481
536847881
537312311
537529957
540365591
541274021
542327953
542402711
542801411
543169987
543677839
543959993
544054897
548293513
548582891
548968309
550730321
550832993
550833011
551762923
552160421
552841481
553081691
553685413
553789003
554153993
556089829
556978909
557010073
557070011
557074963
560204173
560939839
563975911
564192191
564669103
566326091
566846911
569538103
570645281
570720221
572782603
574954871
575641181
578292881
578598947
580723933
582154933
582975013
583117481
585079961
586859887
589501181
590433581
590991829
591696709
592735603
593681941
597068809
597079429
597891799
599072839
599254819
599844863
600045401
600228521
600417431
601096031
601101931
601302673
602431631
603184781
603713321
603760211
604122193
604128131
604430621
604897729
605776603
606031031
606055897
608563091
608712491
608924081
610367111
610518791
610804331
611511283
612322121
612921131
613056953
613515131
614204711
615525923
616269967
619211321
620451521
620625791
622865713
622942391
624088963
624276973
625121173
626440897
626467603
627451933
628917829
628958419
630163511
631011701
631795513
632019221
632322073
632472877
633065887
634130711
636249967
637081481
637801391
638001011
638352191
639850513
640026521
642564191
643325887
644329813
644374963
645909829
647690839
649211993
651317111
651839413
652241963
654914081
655641191
656027923
659517931
660183581
660812111
661555963
662040983
662041001
664622381
664681603
665491513
665709829
665764639
666963439
668806871
669075881
671317391
671323943
671725091
672038291
672351877
673025021
673610681
675120791
675729619
676389229
678889637
682903181
683088313
683852413
685491739
685686863
685700923
688672609
689325313
689872129
692135291
692584639
693095941
695285809
695859019
695952013
696561403
696586789
700224221
701260631
701591953
702401473
703302731
703740311
704218211
704354887
705965413
706879609
708004001
708888863
709489973
709690951
709865539
710096021
710327231
711631001
712238993
713310373
714104173
715299313
715874503
716405933
716762803
718504481
718525813
719586103
719668003
721402273
721417211
722021411
722468713
723196091
725310101
725936503
727116581
727221991
728053481
728252923
728834413
729109813
732221621
732406211
733022083
736190381
737770951
739002311
739194931
739693519
740140273
740325953
741167923
741930491
742452877
744558931
747274603
747485911
749061281
749435839
750505211
750592963
750713993
750949729
752354923
753034781
753330131
754689799
755668429
756179629
756376213
756389509
757385203
759838039
759979637
760038491
760882513
760960181
763568629
763730381
764059603
765311681
766140877
767200211
767711713
767957689
768561931
769145891
770254481
770810993
770811011
771254291
772657213
773939899
774194503
774316181
775402391
776791429
777773509
779236729
779451931
781708513
782342923
783676609
784923313
785880103
786798737
787267003
787281931
787608439
787770947
788057911
788993389
789883489
790749013
790872931
790897967
790927213
792673729
793508941
793664957
796699699
797409983
800103611
800120773
802289713
803587513
803940877
804581291
805171781
805308943
805348963
805605011
805673081
806343491
809956429
811246031
813111283
814054781
815373973
815776921
815939951
816620887
817465951
817588609
818663941
819865883
821545391
822140993
822506681
822919957
824073581
824697529
824742973
826786003
828039923
829456213
829749229
831446923
831574813
831736181
831921581
832243031
832431791
832650491
832767931
834675739
836402681
836584871
836645839
836685901
837903613
839796589
840532943
840928951
841675603
841917613
842274281
842464963
843027961
844148803
844319803
846932413
848994947
849915439
852795103
852810943
853232953
854143481
854311691
854468957
855565303
855860503
857000411
861331781
863272181
865583629
865659139
868461313
868645339
869058851
869381203
869619889
871485313
871698977
872344181
872548213
872755921
872782303
875286103
878152603
881992519
883052381
884299789
884926519
885027613
885716203
887338003
888971029
889342819
890738957
891032993
891175951
892022993
892558339
892841839
893233181
894865967
898308013
899441861
900158591
902025101
902209211
902683091
903084011
905126111
906110173
907309943
907375603
908092181
908302211
908884003
910106201
910144421
910455011
913065961
916221791
916631291
918278957
918850951
921164021
922265291
922659971
923607281
923900953
926418613
927194413
928576609
928848139
931514021
931591963
931825963
933791839
934991203
936765103
937195921
937477339
937780303
938094739
938696029
942014231
942839993
942949429
947875967
948951439
949083829
951781951
951988129
955105933
955202021
957579019
958513603
958748689
959317213
959334403
961361381
962478901
963185941
964883509
965077303
965613613
966456013
968234413
968682409
969258319
970070021
971679889
972938873
973482403
976057213
976456609
977444203
978415303
978637909
979977437
980157613
982667509
983844709
985914901
987864019
988541629
989560609
990648947
992848039
993152803
993483619
993525881
994305703
995287039
996319003
996565699
997641013
997651003
998002963
998602303
1000702693
1001723293
1001802583
1002816901
1002905201
1002920231
1003834511
1004067611
1005116501
1006021693
1008205811
1008865181
1010843531
1011038293
1011543821
1011677111
1012148993
1014372521
1014492953
1014522731
1015271531
1015664021
1016004611
1017945281
1018122221
1019041273
1020725911
1020973691
1022495953
1023130783
1023218201
1024306121
1025061931
1025065511
1027250201
1029469603
1032969967
1033208621
1035761971
1037706491
1040163821
1040176001
1040493791
1040724101
1040772791
1042687813
1044019421
1046667613
1047469939
1050406631
1052188481
1052621083
1052914897
1053021583
1053538933
1053968413
1055364943
1059863503
1060344101
1060846481
1061180173
1061259011
1062835481
1063792813
1064251511
1065549703
1066799927
1066900781
1067026691
1067395951
1072998439
1073434031
1073921111
1074830681
1075926613
1077306961
1078279819
1079555839
1080302501
1081590491
1081864963
1082602421
1082625581
1083123011
1083649603
1086671713
1086712481
1086749539
1088279719
1090288963
1092277091
1093413791
1094845513
1095423943
1096187839
1097222681
1099520381
1100082673
1100515393
1101771431
1102033811
1104091921
1106124221
1106727491
1107103421
1109115011
1109165111
1110181573
1110912731
1111309631
1111315393
1112024773
1112671421
1112910193
1113239909
1113395021
1113636791
1114484887
1115965181
1116103421
1116301393
1116716971
1118094491
1118423321
1118624953
1118829923
1119050531
1119472391
1120138031
1120237031
1120566791
1120665131
1121553431
1122142573
1124033411
1126077877
1127660953
1128749981
1128986539
1129842191
1130119631
1130494121
1131472973
1131768973
1134237791
1136511611
1138064887
1138260131
1142026211
1145026331
1146887719
1146983503
1147929313
1148133221
1148525381
1150389913
1153911953
1153996303
1155280897
1155803993
1155804011
1156020221
1156515011
1161304631
1161382121
1163091791
1165275191
1166747891
1169107481
1178527951
1178599129
1180927091
1183324943
1183549513
1185159923
1186772413
1186872881
1188973003
1189160381
1192128011
1192322321
1193168803
1194280933
1196462713
1196935921
1198698019
1199715931
1199905639
1200408731
1202224511
1202353811
1205259491
1205284211
1207029311
1209498739
1210255031
1210514831
1210671901
1210816973
1213170193
1213556681
1213803431
1214283221
1214657291
1218214331
1219291481
1219949993
1220120831
1221145721
1221316183
1221352921
1222411573
1224238781
1224663491
1224989993
1225103909
1225350073
1228191961
1228718713
1230108731
1230495943
1230513931
1231900031
1232225531
1232424073
1232685973
1232708111
1233475391
1233831791
1234371791
1234432421
1235249381
1236291011
1237330511
1237570391
1238920481
1239034031
1243402031
1244123911
1244458091
1244786891
1246023901
1247252971
1249794709
1251892181
1253065943
1253105111
1255306211
1260645923
1261303921
1262576713
1263768739
1264006511
1264019681
1264758829
1265639981
1266040511
1273019021
1275602971
1277392951
1280236031
1281136897
1281321101
1281456973
1282833191
1282911943
1286362963
1286954629
1287381703
1287468439
1287891947
1288357729
1288454941
1288903951
1290338381
1291649413
1293375613
1293522961
1295614091
1297178629
1297507513
1299190513
1299329113
1301036383
1301521483
1303770791
1304998921
1306061021
1306196923
1308177973
1308825191
1309606391
1309774513
1310238101
1310314331
1311746021
1312174001
1312414811
1312691971
1313213411
1314654491
1319696113
1320032621
1320524021
1321089491
1321179581
1321377923
1321879957
1325389939
1326051011
1326374923
1326841391
1327211621
1328350691
1330621031
1333315001
1333847803
1334544877
1335184481
1336928503
1339011901
1348091923
1348326191
1350044911
1352148491
1352542897
1352600993
1352601011
1353121631
1353651581
1353699709
1354151411
1354473191
1354478413
1358759239
1361029031
1361330911
1361644391
1365367603
1367296729
1368951739
1370072411
1370084021
1371127031
1372221611
1373916703
1375342933
1376039803
1377545941
1378399907
1379021591
1379847229
1382368513
1384909909
1385788853
1387203491
1388237941
1390177181
1390866931
1391760191
1392469909
1393685861
1393856539
1394467303
1396395439
1397444891
1398234703
1400441831
1400985281
1402452521
1402877713
1403171201
1403596963
1405147031
1405322531
1407325691
1409201711
1411076231
1411185311
1412572897
1416061001
1416543943
1417693951
1418027591
1419008993
1419161591
1419161993
1419205121
1420223501
1421176781
1426229381
1427569303
1427730923
1428111431
1428494941
1429775911
1430074001
1430240321
1430346991
1433504231
1435136953
1437323887
1441482943
1441979113
1444603031
1446149977
1448848339
1449920081
1451407031
1453019591
1454190961
1454695639
1457538931
1457852941
1460330621
1461602963
1463100931
1463285713
1465896409
1466056181
1466071391
1466594719
1467501943
1467856003
1468464313
1469341963
1469530963
1470079943
1470659503
1471399819
1471612897
1473677911
1476644891
1476949129
1477133923
1477465303
1478328829
1478398699
1479076639
1480200131
1480779983
1481519803
1483016021
1487020781
1487603713
1488888199
1489487119
1489634203
1489637329
1491109391
1493469983
1495316803
1495738609
1495825871
1495942639
1497201581
1497783863
1498174729
1498437439
1499042803
1499283529
1499729887
1500471431
1505767513
1505959729
1506165877
1506678829
1507050101
1511921321
1512116621
1512151211
1512520183
1512898213
1513287973
1514364491
1514929513
1515113993
1518011993
1518017887
1519487719
1520504201
1521152021
1523173121
1523282993
1523526581
1523932933
1524482291
1525451887
1526294713
1527738739
1528964719
1529567629
1530417221
1531976503
1533113201
1533982603
1534392281
1536261581
1536982729
1538681839
1538913703
1540245221
1540545581
1541614211
1544453291
1545867709
1546200101
1548159971
1549346891
1550442953
1552042511
1552979963
1553377603
1555034111
1559155513
1559482303
1559601191
1559667229
1559803951
1559900803
1559955799
1560537191
1561221611
1565369203
1565499863
1565548213
1565684203
1566239929
1566381613
1566495013
1567918003
1569185957
1569492619
1569677209
1571400011
1573559629
1574462081
1574651081
1576358911
1576795309
1579238113
1579262891
1579708883
1579819039
1583113211
1583135291
1583806603
1585651513
1586257639
1586856919
1587919219
1590554803
1593239839
1594053973
1594770739
1595478229
1596444931
1596753709
1598084629
1598254921
1600861781
1602134173
1605406031
1606243031
1607027111
1609779889
1610896603
1611155411
1612851943
1613311631
1613435111
1613897539
1614432991
1615124411
1616105411
1616517191
1617006311
1617965203
1618304591
1618305011
1625515481
1626288931
1626304781
1628518603
1630175681
1631282111
1633102301
1636685203
1636793861
1638718303
1638845539
1638991429
1642771181
1645356613
1645421681
1645478203
1646927539
1649695699
1650318491
1651004911
1651010831
1653787609
1654332877
1654562803
1655816413
1656297103
1658212481
1661720933
1663757911
1664467639
1667973319
1668204281
1669999337
1670090111
1670751281
1670911481
1672859239
1673217191
1675379899
1676010131
1677491861
1678038403
1679838947
1681207933
1683796039
1687033091
1687483883
1689331603
1689831529
1690241681
1690620923
1691847439
1692884873
1694002691
1694586863
1695151963
1696575799
1697516911
1698172921
1699235203
1699432871
1700113573
1700359481
1701418981
1702568713
1703350973
1703435021
1707612581
1710576191
1711790291
1712523991
1712877403
1714549957
1715629957
1715914181
1716164381
1716579983
1719893239
1719974419
1720429481
1720699639
1720761943
1721513231
1721877931
1722122021
1722801221
1724050973
1725061981
1729873609
1731002293
1732777213
1734442481
1739012021
1741199503
1741393813
1742840291
1742856931
1745638729
1745684719
1746031943
1747149829
1749401923
1750895911
1752495931
1756381951
1757058739
1759923439
1765866139
1766158213
1767371891
1767886009
1768449889
1769256851
1770967339
1771200611
1773851941
1775447957
1776008081
1776186947
1776570403
1776922729
1777615729
1778317213
1780595629
1781041781
1781060681
1781144381
1783188947
1784360803
1785684799
1787811313
1788035941
1791061933
1791564403
1792826911
1794273829
1794608719
1797062941
1800753961
1801678951
1802587603
1802692181
1805710211
1806239713
1806312791
1806479113
1811422001
1814242897
1815626081
1816845829
1817044391
1819919509
1820252411
1820493973
1822304321
1822768921
1825922713
1826568619
1826671603
1826675957
1826725951
1828198429
1829844619
1833001921
1833012073
1833182381
1834502993
1834919113
1835060021
1835311943
1837508891
1838327839
1841015411
1843153933
1846168921
1849525819
1849931203
1851058091
1851502943
1852692739
1854675103
1854778967
1855202933
1856658799
1857180613
1859127313
1867756909
1870268891
1870639909
1871349313
1871621291
1873149829
1873195213
1874008181
1874441081
1875001031
1875674239
1875680539
1876321963
1876919887
1877386309
1878508339
1881750613
1885495699
1885558039
1885585789
1885959737
1890656539
1890721813
1893610963
1894086013
1894257619
1895674219
1896496009
1896599599
1899713509
1900180511
1900327981
1900376381
1901998883
1904965819
1905016781
1905358603
1907083813
1907657809
1908578509
1908757429
1909666519
1909974229
1911574813
1912239191
1912326011
1915168513
1918104961
1921300211
1922079703
1924679899
1924831963
1925859409
1925932513
1928400581
1929203291
1931893819
1932379909
1933084963
1934986789
1935845203
1936644739
1936659229
1938188509
1938524503
1939289887
1939637239
1941246973
1942564513
1943184703
1944178213
1945809013
1946517739
1946964863
1947109939
1947525313
1948195429
1949846957
1952599907
1958533729
1959408947
1960954213
1964473639
1969902901
1970037191
1970314391
1971116923
1971905839
1972058941
1972935529
1973107813
1977136729
1977373883
1978344947
1979174419
1979527219
1979810719
1980409513
1980564829
1983148729
1983347911
1983564529
1984149529
1987572319
1987960129
1990050011
1991013961
1992261703
1992824629
1993782863
1994657029
1995352819
1997206639
1998322213
1998579707
1999267399
1999619837
2001327311
2001905021
2002231921
2002481911
2003574311
2004366131
2005203611
2008340531
2010109931
2010807983
2010808001
2011795481
2012656781
2014740901
2014912331
2015231321
2015972923
2016290231
2016605231
2017066943
2018056981
2018287091
2018532991
2018539091
2020751911
2023535963
2023782491
2024032511
2024040611
2024356031
2025246221
2026260011
2028202301
2029480391
2031560711
2032190911
2034173321
2036695513
2037822923
2038959529
2039440691
2039657891
2042292221
2045872813
2045897957
2051636887
2054604791
2054729713
2054866951
2055596941
2055869719
2056497829
2056517291
2060720621
2062366391
2063401031
2064228581
2064442781
2065986529
2066947639
2068482613
2069658947
2070779839
2073958213
2075012083
2075102083
2077759609
2078561081
2078571613
2079332291
2079378709
2081293481
2083226993
2083227011
2083533581
2084224981
2084262491
2086686439
2089059919
2091326971
2091845803
2093746951
2094201101
2094620993
2095298861
2095391803
2095972639
2096789599
2097924739
2098760941
2100766781
2101064321
2101345811
2102032811
2102994281
2103469391
2104023431
2104191101
2105293121
2105498081
2106114401
2107192781
2108120321
2108746813
2109977539
2109978529
2110045573
2110873981
2114712073
2114918381
2117264021
2120135293
2120701393
2120741111
2120982961
2121017231
2121304511
2122787081
2124108011
2124941887
2125271321
2127252131
2127606581
2129588911
2130915953
2132338981
2132601931
2135113921
2139432923
2141414083
2141562953
2142900073
2144413331
2144778739
2145173971
2146134131
2147865403
2147905181
2148797509
2149765921
2150285933
2151134173
2153160901
2153847613
2155572281
2157895609
2158200521
2159477539
2161719913
2162109311
2162559923
2163376091
2167083973
2167395313
2170086943
2170247993
2170248011
2170372781
2170520021
2170734581
2170906481
2173416491
2175532481
2175634091
2180044973
2181129581
2181183581
2183361491
2184616813
2185020521
2186632813
2186679799
2190740933
2190880091
2191371011
2193401411
2194766957
2196102791
2198393203
2199507829
2200497491
2201487923
2202398291
2202702311
2202939953
2205072521
2206192943
2208923923
2210506631
2211765961
2213855381
2214595091
2214775813
2215130473
2215170073
2215873813
2216453111
2217915191
2219430221
2220022873
2220344111
2220934943
2221047901
2222393111
2223517981
2227271933
2227868911
2228300621
2231836391
2231959603
2232731411
2233317311
2234308031
2234379967
2238160121
2242403531
2242955081
2244662923
2245671973
2245810943
2247758203
2247875719
2252444111
2253275291
2254087813
2254978339
2258688977
2258916739
2259962539
2260502173
2261552681
2262648613
2263100831
2263289929
2266164281
2266187503
2267968309
2271631031
2272225211
2274597439
2275572613
2276284603
2276379103
2280830887
2282841191
2286703091
2286956509
2287587139
2288548519
2290996429
2291121431
2291979229
2292643963
2293435091
2297112491
2297196901
2299670539
2300082131
2300681321
2303116031
2303368391
2304670691
2306097973
2307488891
2308116221
2308495951
2309225993
2309689973
2310119111
2310775391
2312151731
2312187961
2312968951
2313853933
2314174943
2316132431
2317224131
2318110183
2318937931
2320135721
2320361531
2320871591
2321767813
2323304993
2323705031
2326400911
2326900981
2327119481
2327604581
2332552121
2335413953
2335451971
2337115211
2338729303
2342567081
2344150421
2344342943
2344631111
2345405021
2347661081
2349497873
2351302721
2352376181
2352422231
2353583081
2354577931
2354670973
2356694911
2357371813
2359723603
2359906729
2360052521
2361053231
2364553813
2366808403
2367115481
2370939313
2371854703
2375479429
2375874103
2376933739
2377839319
2378201887
2379693139
2383974013
2387419729
2388333613
2390760973
2392026491
2393000111
2393797309
2394458719
2395543603
2395562941
2396191951
2397225613
2401228421
2401422731
2401944581
2402050919
2402606963
2403111493
2403420931
2405205521
2405976739
2406628963
2406843281
2406963613
2410527221
2410905131
2411649913
2412681581
2414515981
2415325897
2415514691
2416012631
2417005511
2417487829
2419311311
2420240831
2420970943
2421052121
2422167491
2422545491
2423598739
2430077021
2430149591
2431815877
2432041631
2433403421
2433840923
2433896719
2435269513
2436257713
2437447951
2438146091
2438873113
2439813613
2440897639
2444929639
2445086713
2451315311
2451473923
2454017971
2454874871
2457544951
2458351813
2460048961
2461834091
2462802581
2466473413
2467854901
2468296609
2469258851
2470010831
2470410073
2471889799
2473610681
2473928203
2474467871
2475140021
2477519113
2480124953
2480956213
2481183281
2482789219
2488381639
2489758399
2491337081
2491658629
2492584921
2493575911
2494460081
2495310491
2495502973
2498535709
2498735419
2499083957
2499156529
2501041483
2501518121
2502502721
2503315421
2504052073
2504363591
2506033331
2509216481
2509719829
2511235973
2511938081
2512895503
2514411101
2514590291
2515658839
2516932963
2517252961
2517587861
2522287091
2524645181
2525806181
2526650923
2527230221
2531459713
2531897861
2532471581
2533721591
2533766839
2534695819
2535126943
2538684901
2538897019
2540357381
2542230101
2544206591
2544811391
2545617703
2547179951
2547541813
2550422411
2553880951
2555461963
2555576539
2557949887
2558693419
2558950921
2559148303
2559203923
2559495977
2562275081
2562292963
2565034391
2565809629
2567882329
2568257539
2569087519
2570234993
2571561191
2571689963
2574277729
2577571729
2578136941
2578690003
2581955539
2582579963
2583330923
2586774919
2588348509
2588419429
2589728209
2590349413
2593250381
2594656429
2594680639
2595913921
2600705963
2603769313
2604724933
2607570281
2609977967
2610044911
2611102919
2611132721
2611516981
2612039021
2613005711
2614305131
2614353491
2614483181
2615423887
2615449957
2615890513
2617601681
2618328613
2619878119
2620121411
2621383481
2621889103
2623427381
2623843181
2624458513
2624714291
2624947921
2625300101
2627485639
2628503291
2629329971
2629418413
2629484629
2629539529
2629855883
2630386181
2631160421
2635304591
2639817013
2639991229
2641117691
2641543481
2642777911
2644277413
2644327813
2645646881
2646386629
2647319929
2647655809
2647783003
2648664947
2648827609
2649464539
2650267181
2651193973
2654610943
2655977957
2656479799
2656635829
2657175931
2657381413
2657588599
2657882239
2661938957
2663921713
2664579139
2665309939
2667369799
2667487853
2667838967
2671308973
2671758619
2673864439
2674031953
2676699737
2678016703
2678663873
2678928019
2679436003
2680560191
2681472613
2683556203
2685229303
2685633403
2686408639
2686591003
2687472103
2688889607
2691087313
2691447739
2693130491
2694100691
2695429973
2695731403
2696828209
2697538219
2699191003
2701968931
2707611877
2709132581
2709947329
2710007711
2710623791
2712055897
2712112121
2713031911
2713369513
2713749919
2715201431
2716245281
2716313993
2716314011
2716857439
2718860941
2718969499
2719200131
2720056211
2721144221
2722498819
2726167603
2728819339
2732322991
2733777103
2734777519
2735186413
2737018091
2737548529
2738292313
2738925103
2739216703
2739388219
2740018121
2740445381
2747800963
2747843911
2748533839
2752247081
2752567819
2753482951
2754029933
2754774901
2761600031
2761978129
2765894119
2766726901
2768556229
2768647309
2769296119
2774310943
2774783419
2776718509
2777709229
2780931613
2782570951
2782872947
2783753113
2783806639
2784283213
2784741931
2785028413
2785303181
2785828789
2786104091
2786398399
2786682229
2788369489
2788930883
2789148919
2790729983
2792829889
2794764229
2796128809
2803780963
2803977901
2804369839
2805909971
2806225481
2806697329
2806947947
2807320981
2808149503
2808508513
2809094941
2809691113
2810938513
2811862181
2812418381
2812848403
2814012101
2815744513
2818113581
2819889799
2819933719
2820057943
2821869709
2822450591
2823629981
2823696947
2824975883
2827635403
2827773901
2832200621
2832864403
2833974529
2834794003
2835330923
2835687863
2835982609
2837369239
2837715403
2838526819
2838672439
2839706539
2841574513
2841576403
2843929973
2843988947
2844167839
2847376429
2848328957
2850602021
2851576729
2852119091
2852981539
2854395619
2854659229
2854875409
2861728213
2861784529
2862743941
2865658967
2866551739
2869055957
2869406629
2869958537
2871400211
2871504973
2871917539
2873849029
2874378319
2875417819
2877444439
2878423871
2879414861
2880287719
2882496977
2884409113
2884707103
2886783019
2886844039
2889884717
2893475873
2894245639
2897907589
2900403901
2902586503
2904640391
2905409081
2905640923
2907992509
2908478329
2909906539
2911078813
2913630581
2913842081
2916769129
2918490829
2919280603
2919366529
2920100383
2920108897
2920379929
2921244877
2922223781
2924088931
2924253973
2929815439
2933778919
2933934881
2934050681
2936225713
2936757919
2937166303
2938898717
2939559019
2943030221
2947732213
2949203713
2950639729
2954282413
2957549689
2958018313
2958478489
2958717799
2959205941
2961981947
2963347213
2967413413
2968950409
2969157977
2971195303
2973056413
2974258519
2975529229
2977034839
2977461901
2978076229
2978986337
2979601213
2979650329
2981322973
2982300961
2982529973
2982537013
2983238809
2984099953
2984803303
2986055113
2987217619
2988171947
2988242539
2989630883
2990949989
2992046503
2992303091
2992746409
2996373977
2996584489
2997052819
2998250719
3000449411
3001180573
3002602511
3004547591
3005053273
3007572877
3007991803
3008220401
3008248391
3010343321
3010354031
3010822093
3012256001
3012769091
3014150501
3014562311
3015171521
3015455111
3015918973
3017014631
3020253931
3020892011
3021226031
3024305993
3025732781
3026947603
3027302911
3027742481
3029045953
3031503731
3032061931
3032070731
3032305301
3033550511
3033814897
3033898639
3034100711
3035044973
3035450321
3036801311
3037075933
3037081121
3040779967
3041319131
3042148211
3042998957
3044432231
3045502973
3045833381
3048828313
3049467881
3049521961
3050461331
3053824391
3053981713
3054958639
3056121521
3056914963
3058469203
3061512431
3062173781
3064252981
3065225971
3065859103
3066615191
3066878509
3069869119
3070998013
3071051993
3073075391
3073509913
3077979109
3078954103
3080639977
3080889103
3081041993
3082031621
3083501321
3083669993
3084400421
3084512933
3090318943
3090406211
3091811971
3093792739
3096269629
3096505963
3099264313
3100327093
3100607201
3100612483
3101672411
3101805073
3105256897
3105465491
3105994513
3106890973
3108986539
3110314483
3111009731
3111324731
3112229909
3117969013
3119379919
3122779939
3124623791
3124712231
3125424131
3126545291
3126886729
3126917081
3127269967
3127668931
3134829613
3135163781
3135987013
3138880513
3139844941
3141025031
3148469113
3149123953
3150104501
3153720953
3155115791
3156503681
3156778003
3156953413
3158658947
3159619961
3161372933
3161938513
3162365923
3169281613
3169809529
3170813111
3172222421
3172932281
3173239987
3174231791
3174757921
3174858619
3178803703
3178961809
3179169709
3180112183
3181107791
3183255281
3184721291
3184935829
3187286719
3187862911
3188834629
3189748789
3190210921
3191492081
3192115897
3192230231
3193556413
3193796509
3194525713
3194548639
3194648911
3197141923
3197673439
3200236093
3200962781
3202394887
3203162621
3204388963
3204556391
3208070321
3210039073
3210439121
3210526421
3210967091
3217378603
3217666951
3217858921
3218423111
3218527181
3219189971
3221889313
3222672581
3223596613
3224266933
3224271991
3226712971
3227223221
3228107681
3229421971
3229476403
3230045111
3230487191
3230933933
3231543131
3231564943
3235147933
3235478413
3236318291
3237459919
3240404911
3242193961
3242776951
3243541211
3244895809
3244966639
3248603381
3249652951
3250797313
3251408021
3258453703
3260650121
3261856603
3264949609
3265521491
3266035481
3266516713
3271999789
3274078513
3274639639
3275197921
3277501933
3277974863
3279574003
3280218581
3281676403
3282610691
3284792911
3285154963
3285394921
3286311943
3286737947
3291665413
3294096931
3294364603
3295022993
3295730803
3295970861
3296538709
3297049961
3297604951
3298809229
3299941429
3300133919
3302042231
3302575391
3304394381
3304617923
3304777603
3305131631
3308478829
3310083901
3312571781
3314964703
3315813581
3317139913
3317667739
3321414611
3325018211
3331416131
3332483381
3335531993
3335612591
3335838829
3335957113
3338296921
3340982713
3342532691
3344233691
3344802943
3346668901
3350579839
3351614887
3351999229
3352202083
3354149713
3355605191
3356565739
3358971013
3361114331
3362032511
3362833181
3364060897
3365038091
3365065181
3368554729
3368621803
3368687689
3370865413
3373890829
3374709829
3375188629
3375453703
3376636213
3379705729
3382161011
3382606813
3383033021
3386642503
3388272931
3390008887
3395177809
3395436829
3396789827
3399135829
3400630721
3403421173
3403627933
3406919839
3408054581
3408222221
3412125901
3414297703
3416835703
3417126943
3417391963
3419110511
3419694013
3421427953
3422831681
3423163691
3423361691
3425967901
3426326291
3428665819
3428841613
3429809951
3430751993
3431792713
3431988103
3432882613
3434135953
3436593313
3437648861
3438357313
3438821713
3439016923
3439323191
3439836619
3445301231
3445820381
3446944213
3447972851
3451644281
3451820681
3452030173
3453243923
3454559113
3454935881
3455136973
3455154973
3455265703
3457147513
3462976609
3463328081
3465080923
3467905921
3467933957
3470338181
3470549503
3470832973
3472104221
3472577113
3472899019
3474278809
3476871529
3477250813
3477718609
3477798199
3480561191
3480613481
3481500991
3481728829
3482120321
3482133877
3482849239
3486289129
3490598239
3492439729
3493073081
3493986499
3494709709
3496918129
3497008513
3500664943
3501535981
3501750221
3502327781
3504997883
3507116887
3509033993
3509308091
3510460001
3510952391
3511740131
3513660877
3516164923
3516187603
3516306923
3517425973
3517548739
3517794013
3518238613
3518955529
3519864013
3520174211
3522357973
3522662291
3527710391
3528373951
3528594529
3530377181
3530476181
3532820887
3535458931
3535862503
3540243221
3542130073
3542423021
3543851081
3549586699
3550294091
3551167181
3556232923
3558618439
3560476603
3560711887
3562838911
3563169919
3565019977
3567564439
3568044703
3568753519
3573142933
3576773509
3577174729
3578445529
3578556409
3580148713
3580317973
3580792921
3582201221
3583164703
3584605513
3585191503
3585289129
3585809239
3586594699
3587623213
3588678199
3588845209
3589551439
3589753967
3593577409
3594917509
3594964129
3596422513
3596445851
3597648589
3599804419
3600837973
3602111321
3604261691
3604301111
3607006691
3611059481
3612159953
3612417877
3612465973
3612534943
3612808813
3613060001
3614540021
3615129913
3615621943
3615940091
3616655503
3617648539
3617854819
3618561703
3620255971
3622237933
3622344491
3624430981
3627231961
3628005923
3628744871
3628857977
3630902021
3633930973
3634711481
3635289709
3637022887
3637395529
3641000501
3643898957
3647579209
3652169929
3663305291
3663693013
3665029957
3668909119
3668914429
3671198911
3672152923
3674915809
3675224803
3681438829
3682855339
3685641829
3687181639
3689219329
3689662219
3691359103
3692689009
3693335413
3693428957
3695139983
3695746129
3700572923
3708229939
3710359813
3713589013
3713921291
3714723281
3714832813
3715790839
3716419913
3719862529
3720575713
3722799917
3723310511
3724595911
3724971403
3726243973
3727644313
3728203481
3728456957
3729998627
3733034933
3733397719
3735956509
3736295809
3739535809
3740004901
3741201901
3742752613
3743682403
3744094513
3744493639
3744909439
3746494519
3746654911
3747378863
3748964599
3751766861
3752143391
3752401943
3754756609
3755012993
3762390703
3763853911
3767507539
3770964619
3771638809
3771886039
3773105381
3773724739
3776311963
3777514729
3778319329
3778425103
3779705329
3780590413
3780951739
3782047513
3783165931
3784542739
3785698699
3786439309
3786841609
3792629419
3794048809
3796626139
3796722851
3797042891
3798435139
3802152131
3806405923
3807675709
3808224191
3808298873
3808616503
3810154981
3810282491
3812921923
3814415291
3819387139
3822306491
3823010531
3824585203
3826375921
3827451703
3827937409
3830450111
3830814973
3830894629
3832497709
3833599309
3834797209
3835384921
3836408413
3836661931
3841013411
3841070111
3841606091
3843759229
3843950503
3844195921
3844308613
3845825861
3846694909
3846944873
3849290911
3850611943
3850652713
3851267503
3851359909
3854067313
3854180713
3854598499
3854874409
3855381931
3855490819
3856033963
3856501963
3856640891
3857370931
3858055921
3860185603
3860994229
3861877909
3863645809
3864923957
3866268863
3866729029
3866959099
3870413291
3870816881
3871509403
3871773901
3874197139
3874423951
3875915873
3876262921
3876372529
3879663019
3880035281
3883882039
3884492873
3884903629
3885536873
3887061931
3887291329
3890315081
3893209961
3893359219
3895084883
3897262609
3897306709
3898490689
3901711897
3903045943
3903787883
3906837901
3907873429
3908581213
3908739889
3909337921
3909782329
3911190923
3911749819
3912278413
3914154281
3914440391
3918061813
3918779299
3919098863
3920341981
3924024581
3924464503
3926229403
3927646003
3928194103
3929185339
3929854909
3933392891
3933759139
3933790921
3934719983
3934921513
3935000231
3935076403
3937368139
3937479499
3938254819
3942124391
3942168313
3942354613
3942613813
3944406703
3950790313
3950969887
3955315603
3956698189
3957147619
3957226921
3957614113
3957944209
3960066703
3962087719
3962308951
3962492113
3964671709
3967555853
3967703629
3968145529
3970123933
3974068883
3974409013
3974454013
3976118957
3977824853
3979163329
3979738699
3980965129
3984170413
3985492309
3988859921
3990438103
3992354911
3995071303
3996814309
3997015303
3997040503
3997996217
4000073411
4002405193
4003009273
4003160321
4003305821
4003708031
4004497813
4006036511
4006810001
4007327971
4007471971
4007896639
4008761291
4008861973
4010634011
4010837993
4012286111
4012843781
4015565381
4020031783
4020613811
4021088681
4021302583
4021306273
4022216531
4023137231
4024254953
4025130931
4025750591
4026844181
4029562091
4029929993
4032080911
4032490211
4033742681
4034482391
4036239913
4038571091
4040103611
4040715131
4041338887
4041720611
4045064591
4045685503
4045807813
4047528703
4047694921
4052237887
4052811221
4057229713
4057686901
4062659981
4063095191
4063102273
4065478213
4065702877
4066586203
4070608933
4071469939
4071503231
4071639703
4072659919
4074315943
4081100293
4082111911
4083773413
4086449113
4087236613
4089961339
4093023131
4093805081
4096523803
4096836619
4097167303
4098925609
4100291711
4100558591
4100945111
4104223031
4104260911
4106521511
4108232963
4110027373
4112150831
4116397951
4117010321
4120546897
4122701173
4123029881
4126243981
4128774931
4130164421
4130929181
4131815021
4133839939
4139079313
4140523511
4141208411
4141331993
4141832953
4142483291
4145458951
4147403591
4149914941
4150979719
4151527481
4152213983
4153410901
4154201111
4154325491
4155400001
4156395403
4156952413
4160042993
4161043331
4161611231
4162095281
4167637921
4167784003
4169358439
4170979973
4171215311
4171643381
4171978609
4174205681
4174227191
4174462091
4175413933
4175460973
4177164613
4177912513
4179382303
4183067803
4187252803
4188134803
4188622513
4189129729
4190233121
4192408963
4194305923
4196291413
4199561957
4199762239
4199767489
4203162011
4203171073
4203203909
4205006021
4207272943
4207297603
4207958539
4208005421
4208482181
4211718491
4212134911
4214166491
4215444943
4215591973
4216406111
4217127581
4217289403
4218479539
4218787519
4222651031
4223484191
4223515031
4224208031
4225371877
4225857403
4226987329
4227314681
4227499937
4231117001
4231422431
4232720963
4233113711
4235948809
4237719403
4238175703
4240501721
4244596729
4246061591
4252925713
4253867203
4255738303
4260232001
4262302001
4264935403
4264968919
4265497609
4265707951
4266658003
4267375639
4267953947
4269743911
4269837919
4270230101
4270389313
4275619819
4276287013
4276368013
4279557319
4280777629
4282866013
4283735503
4283818639
4289824519
4293579319
4293894229
4293994967
4295593339
4296417739
4298282539
4298354719
4299759199
4301140331
4301327231
4302122501
4302240931
4304407981
4306066481
4306300811
4306612691
4308439913
4311953291
4312822781
4314504791
4315487413
4315906963
4318363963
4318947901
4320035711
4320653111
4322035331
4326145391
4326196951
4326777709
4330591933
4330761923
4333163993
4335039913
4336447513
4339564921
4339761313
4340410211
4341582191
4341988429
4351173877
4351558513
4351929919
4353380923
4353383803
4353915613
4354867609
4355023121
4359189889
4360301201
4360895719
4361183381
4363506281
4363766629
4366285639
4366826861
4366958599
4367212933
4367971609
4368004481
4368067303
4370101921
4370758729
4377555439
4380746891
4383500021
4384066513
4384148941
4384850413
4388264539
4389646039
4390766203
4391575819
4391982709
4392961819
4393579219
4395489499
4397665039
4398726229
4398904519
4399091629
4400369381
4400772581
4403584181
4404589909
4407001031
4407320321
4407538951
4407715181
4408188931
4408575739
4408877873
4409515091
4409682313
4409716603
4410340631
4411353311
4415081971
4416031421
4427564503
4432028681
4432333897
4433115991
4435353191
4437102953
4438767139
4438829509
4439771911
4440502421
4442767639
4445559983
4447308703
4448456539
4448469889
4448735861
4449791509
4451503897
4451537803
4453488709
4456737013
4456904891
4457477873
4458411281
4458727519
4460423021
4460897509
4460914813
4462381813
4463301221
4463769889
4463817829
4467274921
4468526203
4470215111
4472717891
4474439719
4477748599
4479970699
4480124953
4480667809
4480668947
4481305391
4483708819
4486564609
4487652709
4488182203
4488853129
4489018921
4490865619
4491013031
4491188539
4495068901
4495140191
4495393429
4495627519
4498290103
4498317619
4501600121
4501997809
4502051173
4503525491
4504541681
4505062981
4506086803
4506226391
4510815877
4518716941
4518820091
4518930613
4520434981
4524652963
4529521963
4530216791
4531786921
4533170111
4533961951
4535843941
4537504963
4539421091
4541487403
4542407291
4545217091
4545696409
4547444413
4549179799
4549347013
4549408921
4553039713
4553840803
4556165503
4556255941
4560664513
4561835503
4562153923
4562775013
4564207091
4564845013
4565687029
4566029981
4570371973
4570742081
4570799599
4573555639
4575883789
4576372921
4577005963
4577192911
4577492509
4580826931
4582004681
4582379509
4583350813
4583375861
4583589019
4586182729
4590545891
4591249909
4592573203
4593972139
4594503703
4595532313
4596139003
4596787099
4596925219
4598173609
4602704591
4607026481
4608003991
4609670941
4610255971
4611225953
4611809933
4612236581
4612559929
4615701581
4618179103
4622456803
4624665739
4625976919
4626196303
4626939409
4628131933
4628767789
4631151221
4632288403
4636169203
4636399699
4640086181
4642888967
4643846629
4644542713
4648614829
4652775851
4652978599
4653464891
4654243091
4654581931
4654758319
4658624629
4659310963
4659445883
4660115111
4661134481
4661197213
4661302781
4662629809
4662980911
4663493539
4665708013
4666128881
4667200933
4668047809
4668594019
4670482951
4676097799
4678542013
4679194789
4681112021
4683438709
4684376509
4685317729
4686128203
4687092947
4688138239
4689239119
4689469817
4691070973
4691904313
4691984599
4694641921
4695953599
4699232809
4700327591
4701802943
4702274923
4703069803
4703821933
4707072191
4708088719
4708563403
4708716403
4708815403
4709184313
4713289961
4713755941
4715086951
4716917861
4717306091
4720120921
4722857957
4723456603
4723773403
4725055963
4725696229
4726489699
4726827439
4727026963
4727728003
4730531681
4732241993
4733269213
4734448871
4735767139
4738774129
4739311963
4739789627
4740898219
4741151953
4741153933
4744366639
4745566519
4746404713
4749228013
4749627139
4754603713
4755269899
4756527103
4757122963
4758533809
4760965519
4762726729
4762778029
4763281951
4764344839
4764353413
4768421503
4769710639
4770240581
4773727883
4774373809
4775648957
4776679189
4778296399
4778341303
4780584439
4781167819
4782626861
4782707203
4782798289
4783708519
4783758019
4783768489
4785250513
4786242313
4786638947
4790678209
4790729963
4793529319
4794541303
4794576947
4796845399
4801777639
4802783891
4803867619
4808387509
4811247191
4815619213
4815668419
4816360963
4818922921
4819856029
4824053291
4824066703
4828568957
4835771113
4838417113
4838648599
4838743883
4838809039
4839028819
4840809971
4841262191
4842468901
4843892873
4844484013
4844546719
4846612513
4847305513
4847377699
4848441931
4848732439
4848934039
4849146619
4849592029
4850190973
4851131993
4852652503
4854156403
4855611613
4857525619
4858420951
4861411481
4861728439
4865200391
4866170839
4866679099
4867574119
4869950689
4870646719
4871758699
4874771329
4875089599
4876718029
4878532339
4879205113
4879752109
4879810003
4881178339
4881384103
4887626119
4888590589
4890147403
4890279319
4891298119
4895794699
4896454789
4902109481
4905001511
4905719993
4906044973
4906771819
4908394429
4910302973
4912891639
4913267413
4915567883
4916767129
4916833921
4921014221
4924767977
4925681539
4931658709
4932881113
4937423941
4940052581
4941573313
4941681881
4946451403
4947394219
4948278499
4948434709
4948608229
4949032951
4951780303
4953284719
4953368509
4954185013
4955707429
4955961229
4956537409
4957350313
4957873009
4958406619
4959474109
4960394539
4961483539
4963625203
4964486689
4965485689
4970912941
4973534809
4975366789
4976441203
4976502931
4976518219
4978767707
4980351613
4981656139
4983958099
4987506319
4987563947
4988704219
4989080419
4989154853
4989677417
4990574873
4995009983
4995053113
5000651993
5002502321
5002801721
5004560411
5005006031
5005293011
5009021021
5009770963
5009872951
5010358897
5011166231
5011700321
5012889919
5015995213
5018771081
5024033711
5025996947
5026079081
5027071211
5027318381
5029462181
5031046973
5031879313
5031963973
5032146221
5032979113
5032985413
5033404331
5033987719
5034401173
5035505933
5036703943
5039977853
5040501821
5041411631
5043339281
5043654191
5043960281
5044120093
5044950973
5046637513
5047002901
5047423481
5047666303
5048529971
5048674303
5049356839
5050040293
5050517993
5051041183
5051120909
5051368963
5058824839
5059268911
5060102909
5060363591
5062336933
5063666891
5068761931
5068808113
5069348957
5070074953
5070312521
5071740943
5073234581
5076143381
5076261973
5079328921
5079605941
5079608957
5081010401
5082634091
5083007971
5084837911
5087770213
5089820941
5092200611
5092737931
5095767977
5096568977
5096761213
5098448419
5098585967
5099653883
5103081073
5103275971
5103319691
5104517953
5105028791
5108563181
5108587303
5112305021
5113319111
5114178281
5114382011
5114396713
5116687921
5116833191
5117192923
5119900481
5121068111
5124610331
5125144691
5128247713
5129512481
5129942413
5131650791
5132140721
5132526011
5132819977
5135636081
5137699219
5138123933
5140743943
5141353211
5144909503
5145638503
5145770713
5145890891
5147194513
5149908013
5151887539
5158824739
5159122391
5159934529
5160431963
5161100501
5163210901
5165101001
5166142481
5168586229
5171241311
5175029803
5175617413
5177368883
5179426729
5181696529
5184508951
5184929899
5186884039
5188451413
5190124981
5191161923
5196194719
5196871429
5198685109
5199336619
5199380957
5199458119
5201091431
5201841991
5201961943
5203031321
5204830781
5205788719
5207846503
5211435953
5217004511
5217388303
5217499429
5218235923
5218386931
5221383491
5221389703
5225274281
5225352943
5225488921
5229239839
5230312121
5238469339
5238826213
5239095881
5239120031
5239358629
5240517943
5241022211
5246945629
5248725739
5250269081
5250296081
5250894881
5251403231
5251526381
5251590191
5252468839
5252551933
5254679509
5255874947
5257820713
5257859119
5260456963
5260703887
5263397861
5267596967
5270281481
5270541961
5270810887
5271080993
5271288829
5274208813
5275829239
5276853619
5278518709
5283765901
5286909799
5287148539
5287318639
5289131713
5290196941
5290297871
5292071381
5293687309
5296347439
5296752529
5301611111
5305650943
5307018011
5307364091
5308010083
5308709929
5309150887
5314277081
5316342011
5317186603
5318825503
5318830963
5323022531
5323640591
5325870703
5330334311
5330337581
5332122011
5334107111
5337784883
5339422181
5339701181
5339832931
5340541781
5341730111
5342780081
5343611681
5345006993
5347532713
5348592709
5353577539
5353600943
5353705813
5354550281
5359526911
5362197931
5363586947
5365729609
5372773639
5374162813
5374671931
5375449609
5378295319
5378827309
5379085609
5380789129
5382192703
5384075839
5385233713
5385748789
5388627799
5390870413
5392640713
5393697499
5394010031
5394366013
5395830313
5396122091
5396801941
5397751339
5399343619
5400041293
5401777603
5403153221
5405068181
5407242877
5407302311
5407531933
5409172091
5410007173
5411796931
5413146581
5413235111
5415261491
5417064973
5417299609
5419251281
5420522321
5423615381
5423883931
5424631481
5425310321
5427644839
5429859989
5430064691
5431245877
5433241897
5434090933
5434446613
5435572951
5436085951
5437345513
5437490413
5437889299
5440469413
5443420211
5443974439
5445888499
5447649139
5449275947
5449413703
5450235491
5452464613
5453965609
5454504191
5454665539
5455169809
5455458013
5455714951
5456994019
5460111101
5460268951
5461589899
5464527403
5466161081
5467510963
5470915603
5471704963
5472029977
5474735911
5475526921
5475613603
5477735509
5479979237
5480065181
5480595013
5481698119
5481969989
5482695139
5483877947
5486229709
5488553509
5493402281
5493632891
5496978499
5496987437
5497347319
5498191609
5499563957
5500084781
5500905877
5500952381
5502781091
5506457503
5506609957
5506868509
5508691819
5510869961
5512709933
5516659339
5516664313
5517159313
5518401011
5519278003
5521348813
5526395957
5526757609
5527494103
5528943103
5529672013
5533748113
5533845739
5535553603
5535919003
5538085871
5539708883
5539850203
5541293081
5541520121
5542304953
5543973901
5544450973
5545999189
5552764639
5553415963
5555947129
5556275957
5558291719
5558316931
5559441313
5560687609
5561691829
5562477439
5563956799
5567694109
5568198109
5569172911
5569181957
5569319963
5569571239
5571082963
5571515713
5573011211
5575477129
5579842967
5582413181
5587969399
5589807109
5591129839
5591256313
5591313191
5594677009
5598755389
5599969127
5600185933
5603764951
5603991829
5608398799
5609205191
5609784799
5610336581
5611513031
5613226933
5613228281
5614931713
5615041121
5615488429
5620383973
5620671191
5620807813
5622430897
5623304681
5627547529
5628289039
5628583003
5629676957
5630938213
5631181481
5633159929
5638247809
5638518709
5639138203
5639723629
5639739019
5640748303
5642435081
5642511011
5642762413
5645050391
5645333081
5647756967
5648252503
5651142943
5651467303
5651553613
5651893003
5656495129
5659908109
5660912713
5661719113
5666648209
5667126931
5667152891
5667465319
5671905881
5672022581
5672755003
5673086539
5673904213
5675458967
5675897089
5676196219
5676937009
5677056013
5677361719
5678463229
5682572719
5682766967
5686021963
5686688537
5686735129
5686867189
5690487139
5691684139
5693091829
5693277977
5695379299
5698578617
5698838599
5700111821
5700435581
5703292963
5703724181
5706568429
5707630963
5707956977
5708239819
5710517381
5714601877
5717748863
5717845519
5721819403
5724590941
5727676789
5728079509
5728577689
5728676689
5728955599
5730213311
5735691901
5736400391
5738193103
5738479399
5738600713
5740075963
5740793911
5741294413
5747065213
5747175013
5747398399
5749606609
5751341381
5756003291
5760382951
5764799717
5764996099
5765812303
5769388637
5769905599
5771139739
5773424413
5775273709
5776618129
5778333013
5781823819
5781837409
5785207639
5786720911
5789203639
5789364589
5792970919
5795795717
5799108229
5799133429
5802075973
5802473713
5807955319
5808461839
5809160803
5815830613
5816293729
5817247213
5818372639
5818635439
5819943229
5820497629
5820662713
5821148803
5821269739
5823394729
5824686229
5824772809
5829275509
5829466967
5832550181
5833501481
5834096539
5834266303
5834417503
5837798537
5840776429
5840937709
5841593911
5842559329
5842681213
5845836319
5848253629
5849282419
5849713003
5850352181
5853456709
5855100011
5857790209
5858225809
5858475947
5858596699
5860964419
5861135803
5861632603
5863421803
5864256529
5866012181
5867046439
5868793727
5869576189
5870977009
5872592419
5873356883
5878065139
5880310481
5882234503
5882833609
5883264529
5887667089
5888274499
5890443739
5890779289
5891028881
5897589883
5897593727
5898269599
5900604877
5901808603
5902846921
5903621923
5906640613
5907331181
5910991921
5911424291
5911973629
5913349909
5916941809
5917660871
5918165203
5918252941
5918419519
5921847851
5922356941
5923348213
5923784239
5924762719
5925281839
5925329951
5932165513
5933718103
5936354719
5936880799
5941289509
5941483871
5948680789
5948710819
5951852911
5952200971
5953829689
5954064313
5954217403
5954679827
5955218809
5955749389
5955888707
5957388737
5959198699
5961206803
5962349963
5962558309
5962604891
5963806339
5965997237
5966723509
5966942689
5967924019
5970651881
5971505941
5971579489
5971685119
5978039209
5984275699
5984376589
5984933599
5985087109
5986501921
5988950389
5990504413
5992125313
5992227947
5993216629
5993284699
5994096947
5994160213
5994669617
5996012413
5996162509
5998253689
6003544121
6003791291
6006008321
6006019121
6007225943
6015078281
6016710131
6020758813
6021955813
6025521791
6025790081
6026512691
6027124031
6027680713
6029289103
6029451191
6029632963
6030478963
6031103383
6032105173
6032179903
6033009881
6034812011
6036614291
6036667729
6042420011
6043021811
6043234781
6043510001
6045601943
6046624963
6047964947
6050435971
6050588839
6051649913
6052311073
6052937413
6052954951
6053090111
6054558931
6055969039
6057164081
6057461803
6059960861
6063732973
6064741091
6066029803
6067188709
6067916203
6067975789
6069363739
6071192381
6072468739
6075158839
6076438213
6076531963
6078928789
6079330181
6080851813
6082880941
6083292613
6084127813
6088180603
6089327539
6093893419
6093938509
6094687853
6096928967
6097082503
6100989403
6104308897
6104742011
6105579313
6107262943
6107617091
6108740381
6110099381
6113123531
6113354021
6118297921
6118305581
6118928719
6122097973
6129030991
6133209581
6138349961
6143479819
6143780803
6143919403
6145488529
6148788109
6150257923
6151173011
6151181591
6151416581
6152523011
6152806813
6153440933
6156302111
6161121983
6161779339
6162385951
6162979219
6163784719
6166405963
6168467419
6169198309
6169840819
6171114953
6172166713
6175186921
6179292709
6181736941
6182099719
6183927619
6185949499
6186733871
6187193629
6188354957
6191213681
6191538403
6192955883
6194012971
6195486229
6196409993
6196838209
6197179129
6197745409
6198632203
6199259887
6199607873
6202610201
6202631411
6204097091
6204235781
6208110101
6210020711
6210642791
6211104373
6212205431
6213123431
6213439943
6217024943
6218847013
6220067681
6221788819
6223062311
6224900993
6225319987
6226113953
6227436613
6229786789
6230328491
6230720231
6234173381
6236506813
6240930011
6243610031
6245088931
6245396719
6250786303
6255638629
6257525503
6262926403
6263055191
6263403011
6265868689
6266536729
6266539519
6267964309
6268580809
6269545339
6269577109
6269881039
6273702973
6273869029
6273903613
6274647013
6275259439
6275571829
6276507313
6276563957
6280116961
6281052923
6285565519
6285671957
6287616103
6290748619
6291809203
6293933809
6298248409
6299691589
6299742409
6299995517
6300068993
6301074953
6302225231
6303033901
6303949303
6310751021
6311256943
6319261181
6319470613
6322496839
6323802943
6326665819
6326737639
6326854921
6329397229
6330983839
6331551943
6331823923
6331995619
6332247281
6333615973
6334739539
6338321291
6338857219
6341071897
6341756503
6345681739
6349764409
6350406581
6357955129
6360884539
6362566729
6363459709
6369350413
6369425203
6369527873
6376626709
6377178229
6377706901
6381286213
6385491103
6385922911
6390107291
6394537003
6394806013
6396547699
6400636933
6401394973
6402167381
6402255581
6402599719
6403980703
6404482813
6406269739
6406640291
6408325813
6409673911
6410585803
6412702781
6413199739
6416136191
6416511877
6417376871
6419116181
6419120111
6420255943
6420883603
6423030101
6424699219
6425762503
6427111121
6428402291
6433404491
6436545881
6441987319
6443396629
6443559439
6447409303
6448864853
6450940091
6451500311
6452504381
6454202021
6455635213
6456487909
6459820729
6463652413
6465324703
6466489009
6468385309
6468783589
6468889517
6469969399
6470446513
6479924029
6480543613
6481634503
6482967499
6483082513
6486194873
6495218809
6495445003
6496216819
6496681909
6498095599
6499127419
6499138967
6499751957
6500328943
6501372961
6501789013
6502026221
6502260311
6502811591
6504143953
6505777609
6507955609
6507990851
6509448901
6510004031
6511346381
6511793891
6513611681
6516602291
6516890911
6517304291
6518084891
6518671921
6520290011
6523379809
6525279619
6526775509
6529501091
6532790503
6536943709
6537086719
6542906413
6543059503
6548057539
6551199439
6552739003
6556983947
6559807129
6560646881
6562915819
6563096629
6563576329
6563587853
6563638429
6566706529
6569581699
6571293931
6571764439
6571940839
6573088883
6573300961
6576114613
6578115931
6578432911
6578439499
6581088439
6583875019
6587332303
6588892699
6589660219
6592119739
6592202291
6596327509
6599126329
6604466503
6606682921
6606694519
6607813603
6614300411
6616867967
6617088529
6617639239
6618194203
6619390303
6619609973
6620888873
6624113021
6624852931
6625487419
6626161181
6626561941
6627384619
6627633403
6630698419
6635049829
6637484239
6638044951
6638782699
6639211091
6639318709
6642627881
6643827013
6644347921
6644781439
6645458873
6650225381
6653429203
6653466709
6656556139
6658961689
6659049409
6660089993
6662933911
6663435739
6663459799
6663833203
6668924029
6672930829
6675886099
6676956289
6677562319
6678580039
6679445957
6681922921
6683281303
6685717309
6686172439
6689133947
6694703629
6695336419
6696229129
6696242719
6698947399
6698991527
6699248299
6700205411
6701271877
6702949973
6702968329
6710249713
6710583703
6712256713
6713227181
6714631813
6714746719
6715924921
6716584883
6717564013
6718683319
6720814813
6723513281
6724994599
6725139829
6725828873
6725964799
6728752339
6730386829
6730714091
6737490103
6738889427
6739361861
6740334191
6741143291
6741342281
6742795789
6742876219
6742923881
6744392861
6745145413
6745333603
6745646329
6750765103
6750928609
6754481203
6754643719
6755508103
6758175139
6759540709
6760442081
6761738509
6762915013
6763813921
6765697699
6768224629
6771831881
6772873039
6772954967
6773146213
6773300381
6776794637
6780483851
6780645947
6781010993
6781974109
6783449689
6786749807
6787580689
6789425119
6789765707
6789944537
6790014191
6793712957
6794498089
6796291699
6796775599
6801158713
6801521021
6805195921
6806174941
6806944429
6809038213
6810510221
6810940813
6813687799
6814386619
6816675799
6816873863
6817185103
6817598299
6818779727
6819086873
6820258513
6824192839
6825042281
6829011191
6832373413
6836166901
6836570539
6836825329
6841157891
6841244803
6842226613
6842518213
6844139993
6848782489
6851782519
6854236303
6857517319
6860566519
6862144951
6862505891
6863927689
6864375863
6864725509
6865365319
6867242719
6868668617
6871311191
6873055921
6873174439
6873547129
6874370809
6875196499
6875445229
6876894707
6877533977
6880734439
6881346947
6881850439
6882139339
6883336003
6884331739
6885101803
6885627019
6886820873
6887676527
6890528873
6896005213
6896310881
6897152239
6897304339
6901723963
6902001983
6904063181
6904771729
6904966967
6905030933
6905548519
6906025813
6906723403
6907756853
6908443303
6909108931
6911398883
6911773303
6916133713
6916828129
6917554519
6918191113
6918259897
6919840003
6920449909
6921896957
6924440713
6925281739
6925508539
6925543213
6925586029
6926533921
6926887727
6926900839
6927000961
6928235203
6928730957
6929437699
6929553977
6930332291
6931438303
6931482829
6933452503
6934662103
6935345957
6939626599
6944962699
6946179109
6946783009
6948193309
6948323719
6950591911
6950769019
6952226503
6953359219
6954173203
6954297589
6954927589
6955082203
6955598599
6958114921
6958945727
6959910319
6962023181
6963162403
6963368029
6964181957
6967207339
6968412947
6969640039
6970914103
6975404957
6976778507
6976914947
6977346589
6978755599
6979786127
6981028213
6984578599
6985541509
6985687337
6986558599
6986722129
6991282429
6991345883
6997497407
6998540599
7000812011
7001103521
7001646923
7002483491
7004665181
7006584703
7009804091
7012571971
7018747639
7021915391
7025703943
7026382963
7035711581
7035920291
7038536891
7039926013
7040731981
7041837613
7043729503
7043859103
7045235381
7045313953
7046033591
7046679229
7048639519
7048881709
7050116963
7050778871
7051620311
7052004611
7052894809
7054269829
7055237803
7058981329
7062231131
7065655921
7067395609
7068106963
7069453819
7070856739
7070929909
7071301973
7072113311
7074574729
7074860413
7077734539
7078270513
7078875109
7080803291
7085558509
7087275851
7088625619
7093589119
7094686853
7096413703
7097609899
7098971119
7100125121
7100765923
7101852943
7102025201
7104255581
7107643181
7109000083
7114701311
7115310011
7117253291
7119226813
7120440011
7124667313
7125482713
7126575881
7126676911
7129440973
7130083897
7133286613
7135011901
7137881957
7138801091
7138915639
7140847951
7142064961
7143290923
7145970313
7146031691
7151976947
7152709957
7154519413
7159058861
7159059983
7159785019
7160787901
7160900111
7162174181
7162728739
7165652941
7166466103
7166676799
7166774239
7168691419
7170025691
7172745403
7174536829
7175741941
7180563703
7182480703
7183354513
7183475539
7185329719
7186526861
7186597489
7190305391
7191718921
7197762409
7199948599
7204789973
7204841381
7206585931
7208021231
7212747613
7215237191
7220849981
7220989519
7222809613
7224718951
7224965203
7225879789
7226826403
7227320591
7230842923
7232221511
7233313897
7235112953
7236884873
7237259993
7242480191
7245669889
7246012211
7248468319
7249334839
7250602943
7250983921
7252486729
7253031311
7253061877
7255378883
7256851639
7256961013
7257014381
7257310481
7257658129
7258148957
7258481809
7258708003
7258942003
7260504011
7261953313
7263262091
7264496419
7264969489
7265729329
7267962319
7268360941
7270376413
7272517951
7274780957
7276665139
7279451911
7280449303
7280556403
7282950403
7286584219
7290781639
7292408891
7293190951
7294277509
7295273203
7295273809
7297015951
7300007021
7301048933
7302241511
7304050973
7305056923
7305737839
7308835213
7311551953
7311879013
7314079957
7317869029
7323795439
7324477819
7329529003
7329739897
7330760923
7332515291
7332912281
7338453739
7340800981
7346508931
7346853851
7348061713
7351992103
7353206923
7360006691
7361354713
7363086403
7365260803
7365271951
7367017951
7367191729
7368336901
7370653513
7371086413
7372267921
7372499689
7375369219
7377358129
7378642339
7378659199
7382031011
7384129213
7384246921
7387819399
7389811339
7392535303
7393104281
7395460213
7397235947
7398315709
7400037131
7402078181
7403403221
7403737951
7405439413
7407269113
7408980013
7409397409
7412252591
7413092923
7413788419
7417904839
7417925629
7418237891
7418348957
7418496863
7419177901
7419512081
7421877709
7422018943
7422750281
7423084091
7423382081
7429785499
7432468639
7433738629
7434050111
7435454839
7436148403
7436960203
7439473609
7439694109
7444059919
7445890003
7447614403
7448282957
7449052603
7451551813
7452018191
7454259013
7457251513
7457317639
7459812439
7461832603
7464464911
7467449029
7467515203
7468152313
7469647489
7471764947
7473564013
7474845799
7476399289
7476869537
7477139963
7478407883
7481029939
7482390739
7485828947
7487292919
7487885627
7489723699
7490656339
7493762509
7494712639
7499181229
7502597911
7504873921
7505670703
7507494619
7508600381
7509927977
7513594639
7514959789
7515876139
7516638529
7517462413
7518466883
7519889717
7520965213
7521952513
7523039933
7527244951
7528814911
7532903713
7534780303
7535041933
7539308911
7545536629
7547756119
7548805609
7549797499
7551752839
7552018181
7558286209
7562728609
7571184403
7573864219
7575418003
7578988099
7579206013
7580007973
7580229403
7581170081
7581178519
7581479887
7582376509
7583922851
7584316819
7585609897
7585949599
7586942119
7587032503
7587304639
7589104921
7592481709
7594215931
7594435339
7594572319
7595274139
7618105181
7621838113
7622826829
7623271091
7626743629
7628380303
7630446613
7630547941
7632659239
7633296851
7633359529
7633905739
7634487799
7637254819
7640007581
7640597329
7641093613
7641402943
7644899089
7648351303
7650732703
7655945599
7657442539
7657779707
7657960967
7658387389
7659175967
7661373403
7663032191
7664481529
7665092629
7665806419
7666889507
7669354219
7669777337
7671385429
7675691689
7678721873
7678936099
7679614853
7680566329
7680663439
7680909139
7683081313
7683680509
7685994707
7686090103
7687322809
7691605921
7691709139
7694299189
7694740003
7695583009
7699902499
7701504961
7703179639
7703891203
7706258957
7706738873
7709225413
7709451829
7710143591
7724518639
7726338901
7727097863
7727157103
7727981957
7729275919
7733210591
7734132281
7734432613
7734848119
7738233313
7739115403
7739209003
7740131681
7741999099
7747052503
7747306921
7747807219
7748521639
7748948089
7751760829
7752122381
7753147921
7753971139
7756123951
7756242313
7756881109
7759396637
7760971429
7763841901
7766350303
7768805599
7773020291
7774911103
7775356219
7777137139
7780747129
7782505921
7791719209
7794052639
7794535219
7796514139
7801141031
7802140211
7802902813
7803985309
7805574709
7806708439
7807723639
7809757399
7810705963
7814228941
7814356639
7815458509
7816712941
7820977699
7822000331
7823465539
7824517639
7826826863
7827850609
7828670873
7829217947
7829370529
7831168871
7832838319
7833691339
7834136941
7835058013
7836345947
7840184941
7841071813
7842530081
7842562729
7843295329
7844178319
7844715103
7847344339
7850164951
7851193921
7855764019
7857841853
7858265599
7859421439
7864185863
7864413313
7868660689
7868783717
7869795407
7870840213
7870962409
7872147529
7872385039
7872451819
7873671409
7874836009
7875100813
7875535309
7875694727
7877247019
7881615103
7883265139
7885384489
7887400303
7887601339
7889764607
7891404739
7892184799
7892554699
7893539299
7894893499
7895138029
7896221719
7898149817
7898179517
7899124967
7900322993
7901592739
7906335403
7908718967
7909139509
7910130791
7910796409
7917851509
7918536319
7919049409
7919596099
7921521281
7921938229
7922034973
7922238829
7927243921
7927527799
7928133403
7930040681
7930495883
7931634313
7933241081
7934264203
7934327911
7935030281
7935092629
7936205839
7937368399
7938351013
7940767039
7941933529
7942148861
7943255629
7943890789
7945026931
7948113881
7949967407
7952376139
7952424313
7952673863
7953359209
7955337139
7955382139
7960768489
7964183509
7964275853
7964716789
7967449099
7967478707
7967931947
7967994913
7969221709
7969329827
7970128213
7970271931
7974108529
7975056919
7975593737
7975636489
7978035319
7979121851
7979573599
7979785127
7984185589
7985399299
7986470599
7986803119
7988888893
7990328509
7990870309
7993025539
7997029399
7999303853
8001108431
8001520811
8002742021
8004447973
8005013111
8006939719
8008035943
8009802973
8009908639
8013628813
8013729613
8015446963
8016364963
8017321691
8018664931
8020631963
8021033173
8025216923
8025695957
8025792403
8026710961
8028955003
8029925203
8030974951
8031758503
8032810691
8035204943
8035330691
8035856809
8037876229
8038200311
8039522713
8040715481
8041221073
8043934513
8045969599
8046059503
8047757873
8048197519
8051796947
8052142211
8052732973
8053687003
8054367313
8055952871
8056253081
8057597599
8057781103
8058876019
8060947729
8062718941
8064858229
8064975977
8065402481
8067257203
8067473203
8068654519
8068930871
8069168329
8069476967
8069790977
8071738303
8073044923
8073118091
8076058213
8077144951
8079047629
8080060943
8085283303
8085908329
8087078239
8087085901
8087814439
8088486499
8089768727
8092277861
8093515603
8094876947
8095294003
8095826873
8096327203
8097910819
8098319899
8098472419
8098992289
8102270321
8107541291
8107766809
8112888439
8114176813
8114520991
8115072943
8115670813
8116726951
8119334803
8121050621
8122228481
8122410521
8123098513
8123823973
8128485619
8130358963
8132491963
8137362703
8140969003
8144331011
8148327931
8150884871
8151403121
8154392413
8154639439
8156449429
8156843861
8157223181
8157610963
8158127503
8158157957
8158818229
8160049813
8163839899
8164071281
8167517203
8167923619
8169583967
8169853309
8171779219
8173367861
8174949989
8175190603
8175411281
8176093921
8177114081
8180784947
8182051391
8184718519
8187012973
8188389289
8188872499
8189044921
8192687029
8194232803
8197264003
8197621871
8199893089
8202992503
8204989129
8205723973
8208444613
8211075581
8214319987
8219756239
8223903973
8225940703
8227690819
8228894689
8229461413
8230070231
8230779983
8238333703
8242340591
8250674503
8252978119
8253438313
8254138513
8259752873
8261051681
8262539539
8262845719
8262999799
8263404973
8265313813
8267660809
8267685499
8268460639
8269857199
8270703281
8272851739
8273808901
8274033281
8280628729
8280655819
8287096039
8287705883
8289028519
8289456499
8290110953
8290177871
8290453603
8292299209
8296284229
8297371609
8297394019
8297441629
8299203881
8301449977
8303691703
8304440933
8305411981
8305780603
8307978499
8308104943
8308439539
8308793239
8309597689
8310168281
8314390963
8315927861
8316770503
8316855901
8317543603
8320241231
8322975439
8327390503
8328382819
8330021201
8331027581
8333387809
8334241933
8335756609
8336927509
8343369103
8344827709
8345853013
8346138739
8349912947
8351211991
8351299003
8354482921
8354855419
8354981419
8360345713
8360791213
8361376213
8362917529
8364071081
8366475977
8367935689
8370078403
8374176901
8374461313
8374828309
8376303703
8377908589
8380846003
8381709439
8384217739
8384563609
8385903709
8388748189
8389165129
8390645911
8395386499
8395980589
8396176853
8400754091
8404080943
8404082381
8406367639
8408446213
8408857129
8410283923
8413071943
8414217281
8414376931
8419991119
8421839809
8423629639
8423642081
8424080923
8425382503
8426740603
8427280513
8428265539
8428634861
8430101111
8430124897
8430612877
8430952951
8433638809
8435465113
8438892499
8440992103
8441196931
8442239413
8443020991
8444768957
8450298529
8451784339
8454128941
8454372881
8454782239
8455657219
8456819029
8458239319
8461220111
8461903603
8462138891
8462369329
8462466619
8464927853
8467463509
8468429209
8470466911
8471642941
8473532891
8474678299
8476150951
8479173319
8481942103
8482141813
8482651921
8482735609
8483192719
8483815429
8484820639
8487829699
8487983627
8492710951
8494911619
8496298099
8497027519
8500207943
8503629919
8505073963
8509975489
8511027011
8512026491
8513711923
8514393931
8514543703
8516014933
8518173931
8520361933
8522499863
8527962409
8528029729
8529518419
8529795289
8529916699
8531113691
8532492403
8535657139
8537453629
8538589637
8538731629
8539166239
8540408081
8542755439
8543241191
8544264931
8544961339
8545556329
8545620613
8547338329
8548384853
8548471339
8548994537
8549060941
8551019713
8552735911
8555042803
8556607519
8560893919
8562720703
8563224613
8563383947
8564791853
8565057901
8565118213
8565462947
8569984337
8575889327
8576145709
8576534419
8577471863
8578710013
8581534729
8585452339
8586464119
8586679399
8595923029
8596455947
8596631873
8598810229
8602016993
8604418513
8605459609
8605852729
8606478319
8608808419
8608923619
8611490803
8613561703
8621321993
8621973439
8622825931
8626428851
8626435819
8629377499
8629689527
8630559013
8632392403
8636519509
8639735957
8639808109
8641023491
8643940639
8646463519
8646945589
8651324081
8653935319
8654393329
8654543539
8655646309
8656038901
8659416229
8660081081
8660851729
8662013291
8662716103
8663580529
8663822203
8664315739
8665012963
8666614003
8668254863
8675570873
8676399617
8677427599
8677875707
8679305419
8681307881
8683635409
8683664029
8687655737
8691740203
8692031713
8692617229
8693517229
8693722003
8696412103
8698024883
8699645089
8702962819
8703010331
8703565729
8705718103
8706079003
8706719899
8709850609
8710575931
8712037181
8714537809
8717316931
8717538229
8718143503
8719271629
8720107481
8722915921
8723926339
8726324839
8729006413
8729367019
8732003681
8732812951
8734508203
8734709509
8737313839
8737671863
8738305871
8741395609
8741815213
8741845429
8743093213
8743573519
8745236719
8745862967
8745880789
8746371709
8748078019
8748125629
8750220961
8751437809
8752552213
8758679507
8759099627
8761738967
8763712729
8765220703
8765449009
8768424229
8769745099
8770495039
8773181957
8774926399
8775008629
8777252873
8779153853
8779773617
8780129629
8780809129
8783913139
8784702947
8784929717
8786487707
8788096727
8791064911
8791770409
8792493019
8793420739
8794757537
8800058081
8802564931
8803252813
8807745319
8810313877
8810763881
8813377519
8816066113
8816287699
8819250313
8824851103
8826885737
8828053921
8833230191
8837662219
8839311829
8840830951
8842530703
8842979807
8844951229
8849307139
8851965019
8854347919
8854893737
8857460873
8858073799
8860811891
8861883109
8864043739
8865071629
8865265039
8869467499
8870544103
8871722809
8873164519
8874047239
8877287599
8882776099
8883469099
8885425039
8886126229
8886918499
8887757507
8888645089
8891437967
8892160639
8893624699
8893761109
8894823947
8899071499
8899345727
8900667103
8905415503
8906356883
8906435861
8907546229
8908194409
8914979089
8917436873
8918857699
8922715639
8924615911
8925556039
8926300181
8927421931
8929421861
8932581103
8934902957
8941826329
8946143719
8946553309
8947871389
8949700429
8949747617
8950675039
8951417539
8953284229
8954229139
8957217229
8958390019
8960676019
8960739019
8961642439
8962044313
8966046977
8966957507
8968214873
8970656119
8971628599
8973283699
8975228957
8975367199
8975959873
8976214609
8976218029
8976457099
8983089827
8984042629
8984402957
8984516119
8985222013
8988942437
8992030951
8994791599
8996882507
8999392399
8999553707
9000245963
9002006711
9002146031
9005814973
9005992819
9009851839
9010586803
9011925973
9012759919
9013989889
9014680963
9017291081
9017907403
9019924213
9020209031
9020508011
9025857013
9028079719
9030157481
9033436963
9033947539
9034840181
9035819539
9036873103
9038251091
9040136681
9040440221
9040823381
9044639809
9045257941
9052310321
9053978599
9058339973
9059362303
9060154391
9061307923
9062196881
9062590951
9063266413
9064811803
9066655519
9066954409
9069848299
9069864589
9071677883
9072401953
9072401971
9074714503
9079837399
9080297113
9081896119
9084817883
9085569109
9087722957
9089824039
9091196809
9092519809
9098578189
9100312093
9101047211
9104239181
9104938729
9112679951
9114504943
9115045481
9117995119
9118286539
9120850391
9121038877
9122332981
9129054703
9133230991
9133829951
9134078413
9136299917
9136931941
9138898189
9139342603
9141903191
9143246803
9144926957
9149011481
9151665829
9157974499
9159147947
9159721639
9160921963
9163220993
9165258439
9167348873
9178129973
9178969337
9183996737
9186017839
9187986527
9193067539
9195084529
9196171819
9197002813
9197123839
9199054429
9199191409
9200075953
9200101919
9201085391
9201268091
9202437281
9202735963
9202760381
9203768911
9205874809
9210090991
9212752963
9213674413
9213946921
9214120511
9214274803
9214785529
9216773809
9216796219
9219470839
9222100031
9224105993
9224954719
9224988109
9225066703
9225913513
9229255729
9230617091
9230785639
9233506813
9234823603
9234853819
9235798489
9239255719
9239403703
9239951239
9241004231
9242413391
9243030311
9243059929
9243647719
9244050877
9245344513
9246805303
9247573609
9248291809
9251051111
9251944213
9252267931
9253398863
9253468519
9253876039
9255479119
9255606403
9255626911
9258853039
9260595947
9264384851
9264762439
9265822729
9267388399
9268441921
9270186829
9272321291
9272521963
9272781439
9273048881
9273922921
9275473429
9277279399
9277438967
9277604113
9280954429
9282188329
9283741921
9284124613
9285065539
9285864499
9288640883
9288841909
9289912039
9292066921
9292645339
9292776019
9295978933
9296940409
9299975327
9301323953
9305050031
9306949219
9308148881
9311701897
9313031411
9313428613
9313901291
9313932703
9314992339
9319201391
9321799853
9324696319
9325950313
9327318313
9328173931
9328518439
9332667947
9333788599
9335110781
9336157871
9338319439
9340434281
9340581703
9342600923
9342699109
9345784219
9349935019
9350638303
9356990119
9357227629
9358270871
9358341931
9359046709
9362004923
9362249203
9363667909
9364457873
9367415203
9368443429
9370995019
9371332963
9373468309
9373974499
9376217629
9378035911
9380251091
9381367003
9381567799
9381606931
9382685209
9385069219
9386135719
9387061213
9390527957
9390731503
9391557863
9391779737
9395086219
9395903329
9397812139
9398354029
9400225897
9400938829
9401186803
9404163191
9404487619
9406983919
9407084839
9416225803
9418338851
9419295139
9420686203
9421316291
9423132491
9423658883
9423743503
9425759689
9425896009
9426687019
9433509829
9433625503
9435423703
9436694689
9436941947
9439186129
9439233931
9439435609
9442487419
9443416603
9446790319
9447704719
9448243921
9450982609
9455383519
9455913013
9459038873
9459995507
9460339909
9460373941
9461825957
9464285329
9466491799
9472428103
9473813809
9476880019
9478400413
9480057739
9481793957
9481999939
9482438239
9482733901
9483499189
9485815789
9488119789
9489476089
9490902931
9492989921
9494710639
9495522709
9496495637
9497461219
9503051111
9504040943
9504303581
9505989737
9508009913
9508791139
9512747957
9512792957
9515003591
9515808619
9516855863
9518076851
9519178789
9520318963
9521684957
9521722963
9522229513
9522499309
9525456901
9525480313
9530755921
9532565113
9532747429
9533239213
9536285873
9536519329
9538149139
9540241481
9541849129
9543584873
9546529897
9548380003
9550331381
9551196439
9551825809
9554123713
9554309203
9558933499
9559992707
9565408883
9566764489
9567329689
9567507799
9568256119
9571290881
9577013503
9579150439
9579622309
9579819499
9580738309
9581236871
9582535003
9584095039
9586601809
9589040861
9589695407
9590351839
9590943919
9591153931
9591269599
9591862309
9592071403
9592606003
9593261203
9593599399
9596114113
9596288089
9598577237
9598612909
9599535289
9600681613
9601994239
9603907871
9606169519
9608548853
9610668709
9611055191
9611648861
9611708941
9613663729
9614519539
9615205091
9615456947
9616267519
9616497109
9616568957
9617918599
9623268901
9623428303
9623793139
9625193719
9626136739
9627395599
9627432931
9628886537
9631232381
9632575339
9634266619
9635449699
9637337873
9639061921
9646660003
9648713419
9650087809
9650973229
9652754329
9653239339
9656614609
9658189637
9659130931
9661661539
9663949699
9664614709
9667179737
9669238399
9670671529
9671154739
9672208729
9673154203
9675118339
9676198099
9682617229
9685062619
9686405873
9696039109
9696220213
9696699107
9697919921
9698663089
9700097413
9700494931
9700587851
9702140681
9703837519
9709483219
9709645219
9717063931
9719450809
9719689517
9720197911
9720529729
9723909799
9727480519
9732427871
9734279999
9739289627
9742817239
9743344213
9748412203
9749289499
9749305883
9749920967
9750807439
9750807947
9753045881
9754652329
9756407239
9756427129
9756633977
9763998137
9766066967
9767179637
9768189499
9768207409
9768595399
9771439897
9773181013
9774839717
9775527109
9776036873
9776990537
9777379427
9777720863
9779382737
9782947189
9784106809
9787997819
9789767027
9789770717
9791432957
9793321729
9794820229
9795930019
9800132933
9800872303
9801077413
9801189103
9801235181
9806339509
9807318947
9817290103
9817360921
9817537129
9821933113
9822539329
9824982589
9825524809
9827154947
9827234957
9833871409
9834238339
9834244639
9836919199
9837985427
9838472029
9838817299
9839957923
9842305951
9843263113
9845119003
9846131413
9848625947
9850020581
9851217829
9855022951
9855875599
9856099637
9858087289
9860580619
9861425911
9864702619
9866891717
9867009409
9871180303
9874253509
9875506699
9879861437
9881209339
9882107957
9884848399
9891323203
9903263941
9903488689
9903607639
9907095977
9917150839
9918152203
9921349973
9922159609
9924737209
9931318819
9932277139
9933851509
9934171213
9939349817
9941681419
9941975389
9944392039
9945101713
9950976199
9951513829
9951737209
9952385957
9952635863
9957317119
9959506009
9960065809
9960602891
9962064103
9962547019
9962631013
9965146967
9966475699
9967639931
9968909299
9970610413
9971365909
9972019339
9976492637
9977819893
9978529399
9979249607
9979422589
9980068309
9983916737
9990610871
9990626599
9991264039
9991353139
9995409799
9996306589
9999850607
10001709101
10001876021
10004340611
10009223173
10010419093
10010722919
10012329073
10012703411
10014475781
10015315721
10016331401
10020208483
10020763421
10021071701
10022580983
10023762131
10023853943
10026469091
10027437491
10028236121
10029542993
10030700531
10031557121
10031878963
10033951211
10034728481
10035002773
10035184981
10035958951
10036555391
10038353021
10040021941
10040568961
10043710121
10044302909
10048290943
10048994957
10049985851
10049988139
10050144131
10052039891
10052929091
10054267933
10054483391
10055063411
10056164971
10057451953
10058493703
10059314021
10060907993
10061200873
10061742953
10062078581
10062990191
10063055963
10063876951
10064362211
10064827181
10065138581
10065810791
10069843951
10069960951
10070098391
10071393961
10072888921
10074895921
10076203001
10077886883
10080226001
10080616943
10083442981
10087686013
10088105887
10090951933
10091113121
10092830933
10093655713
10095991303
10096955629
10100359001
10102758877
10103802931
10106484877
10108459987
10112142583
10112360501
10113963961
10116161201
10116231311
10118336887
10121014811
10121566211
10122603193
10125826933
10126150721
10128012131
10129503221
10129518281
10131844781
10134703973
10136941481
10139854951
10141070909
10142482211
10147078091
10147941191
10149504923
10153533791
10156759303
10161561791
10164960973
10165455281
10167425381
10168767709
10169613191
10176787609
10177520021
10181321911
10182385963
10184965729
10187396809
10188845957
10190086391
10191261221
10191833381
10191980713
10193205991
10194334933
10195704973
10196658947
10196807839
10199346739
10199654719
10200285611
10200431939
10201595111
10203996703
10204696091
10207321183
10209032173
10209265481
10210428073
10210490083
10212594011
10213564211
10213836961
10214599513
10215115811
10215712511
10218123101
10218451121
10220350919
10221981491
10223959513
10226248933
10227631121
10233704321
10234392943
10235138887
10237116991
10238234971
10238976947
10240364411
10240394993
10241414021
10242937091
10244129681
10244587513
10245803111
10249766203
10250484961
10250880877
10251491993
10252248491
10253104811
10254840877
10257632381
10259468809
10261486181
10264991413
10269767509
10270572581
10273323131
10276602491
10276662703
10279050581
10280830943
10284018923
10285996219
10286480713
10287400691
10288094503
10288223923
10289419639
10290581381
10294639961
10295516713
10297935103
10301051801
10301637953
10302067511
10303631111
10303731101
10304559281
10307562011
10310804173
10311182173
10312788613
10313187877
10314032321
10314135011
10314151301
10315549091
10318532591
10318563973
10319215691
10319315887
10319360591
10320174611
10322102683
10324204811
10332207073
10336668739
10338138191
10340233921
10344591281
10345998919
10346867957
10347122321
10350015931
10350453991
10351308311
10351535111
10353065993
10353128021
10353316781
10353575081
10355322311
10359661513
10359915403
10365941713
10371356381
10371606491
10371610001
10377993319
10381180031
10384066813
10384213211
10386976129
10390450943
10393323011
10396943911
10398125081
10398287873
10398618103
10398775967
10400400883
10400441383
10401081373
10401692887
10403126911
10403322373
10404111493
10405996729
10406241431
10407207221
10410945581
10414892713
10418324887
10423650311
10425654191
10427010283
10430475943
10431032231
10431483943
10431527591
10432625681
10439775529
10439835313
10439872819
10440229781
10440739987
10441605311
10442403011
10442846081
10444865891
10449150581
10449684013
10450191953
10450221731
10450561943
10450946081
10451118791
10451327993
10454812391
10456105031
10456159939
10459439951
10460364491
10461104021
10462699937
10469561891
10471028591
10472166281
10474694861
10475983883
10477890901
10478999717
10479086539
10480037591
10481559313
10482751963
10483315481
10483871941
10484016581
10484527513
10486952719
10487276809
10487874977
10488372403
10493263181
10494792439
10503152173
10503611201
10508521943
10511489081
10513301321
10513500373
10521573961
10523089813
10525830011
10526996509
10528967873
10529322961
10532364923
10533089803
10533406691
10533655963
10533795313
10534105331
10540209881
10540273981
10541812121
10547492941
10547862739
10549782619
10549961861
10550550953
10551679819
10556727403
10556751703
10558019933
10558230581
10561038581
10561425943
10562241791
10567276729
10569883967
10575829339
10576112681
10581318973
10582658113
10587673003
10587696589
10587979817
10589050963
10590809503
10590882829
10591792639
10596135703
10598724901
10598942509
10599103181
10599187789
10599471013
10600340321
10601215811
10605276973
10606524581
10606943803
10608611681
10609708951
10614004183
10617895339
10618398103
10620712331
10621880923
10622053331
10622427581
10623828613
10623858313
10624882603
10626374081
10630129031
10631901131
10633376713
10633438181
10634988799
10635864829
10636871503
10640821943
10642635973
10644633973
10652827513
10654051981
10655740091
10656599119
10658300111
10659744947
10660906181
10667271613
10673088313
10675228951
10678606303
10679209213
10680552191
10681887319
10682122211
10686133963
10686638873
10688557909
10688630413
10692097921
10692125291
10700429111
10701093791
10701608591
10703938951
10705100501
10706857729
10710077591
10710115721
10710685091
10714073933
10715451491
10717530491
10717543181
10718457931
10719120311
10719529819
10722434993
10722831011
10723846951
10724034221
10725601981
10726889119
10727001101
10728004943
10728357403
10730703791
10731650021
10732410901
10733274281
10736420021
10736927629
10737243191
10737867863
10738166839
10739483539
10740987619
10741205231
10748694863
10750265291
10754359961
10755211031
10756130591
10756654819
10757942203
10759877299
10760062031
10761398911
10762272973
10764501491
10765399907
10768369699
10768658209
10769518429
10769570113
10770063923
10771007021
10773154963
10773891619
10775693419
10775991409
10777147729
10778324891
10780929619
10780965901
10782015581
10785365719
10785383911
10788880699
10790304011
10790847709
10793480839
10798489699
10799322829
10799403313
10800140909
10801322173
10802513411
10807568861
10807839983
10808491513
10808775619
10809269539
10810430531
10811860933
10812370781
10813580923
10814059987
10817593921
10821726191
10824370481
10827298519
10828733941
10828824739
10829429203
10829740951
10831787203
10837010963
10837791529
10838280613
10838726809
10840003921
10840353011
10843289203
10844471713
10844844403
10847369419
10849820413
10849830829
10849906003
10850249803
10855184839
10857487789
10858339003
10860076963
10861013231
10866118951
10869503941
10871617513
10873173613
10873196629
10874597957
10875094729
10877862409
10883120021
10884101933
10884880609
10886549689
10893368509
10893422713
10893905629
10895526619
10895880977
10896149419
10898711539
10899350113
10900192031
10901534591
10901599213
10902148391
10903598809
10904748931
10906320991
10907797699
10908201221
10911565963
10913564803
10914706181
10915348603
10916226281
10916434181
10920349987
10921036897
10924321943
10925584213
10925910973
10926096403
10931082923
10933250971
10934987029
10936131923
10940358703
10941006311
10943574931
10945179439
10945583629
10945932313
10951021331
10951451923
10956551839
10957736329
10958560303
10959109961
10962856609
10963909003
10965388309
10966506403
10966740931
10967964499
10969275409
10969865299
10977422839
10977926689
10980828619
10981350973
10984350613
10984804871
10985952863
10987641103
10991367619
10994826319
10995561851
10997381873
10998159019
10998653599
11000154673
11000856311
11001349511
11001543131
11001611773
11003208311
11006231473
11006397973
11008928713
11009100521
11011570211
11012756021
11013141583
11014896703
11016341111
11018464481
11019456191
11019665803
11022122773
11023082711
11023957963
11024481791
11027184491
11031202901
11032628993
11033817877
11035596703
11036012473
11036784613
11037223331
11037801311
11041205321
11043430921
11045967739
11046779203
11050124411
11052526943
11053153973
11053980191
11055681191
11060514901
11063383481
11064335993
11064336011
11074040993
11074175381
11075988229
11077397113
11079815503
11084945941
11086162391
11088726881
11091337391
11093225021
11094845891
11097562603
11100085093
11102380721
11102714111
11103134831
11105026301
11105720711
11106534953
11110704401
11111192021
11111508521
11113677191
11117075933
11117154221
11117704691
11119131521
11121561901
11122196681
11122957091
11123032919
11123605421
11126907973
11131353901
11132058221
11132952581
11133013511
11133305173
11133528491
11133706897
11136294973
11136551021
11138529613
11138871703
11139212411
11141556011
11142407963
11144987911
11145263021
11145555191
11148467413
11150322193
11150422121
11152211831
11155811971
11158781891
11162899883
11165619923
11167132211
11170141121
11170851491
11171057021
11174329987
11176661803
11178446941
11181776839
11185043993
11187229513
11189883863
11192609933
11192648503
11199634819
11200303949
11200472911
11201620511
11202619781
11203718681
11204070373
11204102711
11204411411
11204770211
11206108421
11208365381
11208382391
11209932191
11215832993
11217822943
11219069977
11219259703
11220063193
11220434083
11221803011
11221932991
11225680391
11226182993
11227121083
11228888329
11229904963
11230591781
11235829939
11240234531
11240235521
11244009131
11246297941
11247127481
11248968229
11250153521
11251298081
11252062511
11256178513
11257561963
11258077951
11259396947
11263530953
11264370581
11268594013
11270363971
11270787739
11271976213
11273421311
11277141923
11279428819
11280128971
11281598539
11283071971
11285239957
11285604191
11290306031
11290406591
11291200031
11291243993
11291244011
11291255291
11291602897
11295820181
11298179509
11299709419
11300694943
11301890953
11304134021
11304360101
11306241521
11306313611
11308004083
11310400721
11310442631
11311152731
11311321573
11311869703
11315033531
11319674941
11329934503
11333475191
11333758603
11334546191
11335899139
11336373281
11341510031
11343618191
11346072011
11346214031
11346940181
11348006953
11348791819
11349041933
11350670021
11350671011
11352532897
11355613481
11357557639
11357945719
11360891081
11361443953
11362967113
11364062993
11368312391
11369007191
11374789897
11375796977
11380310621
11380536281
11383671703
11386813513
11387186203
11388434503
11388962419
11389003933
11389011877
11389257013
11393743951
11394087931
11394172091
11398331713
11399725429
11400270283
11400681311
11401513631
11401643411
11402737391
11405917091
11407366181
11408697851
11408858861
11409189919
11409374803
11410509881
11411040929
11413027421
11413191311
11416173961
11416497881
11420912231
11422029881
11425024511
11425993819
11427175181
11427720923
11428886509
11429119987
11431150301
11431624121
11439288013
11440590943
11441279081
11441723021
11443550021
11448574213
11448775003
11449414091
11451519953
11453475613
11456997589
11460552491
11462370877
11462696719
11463773891
11466784883
11469174403
11469372931
11469813829
11471334943
11471450933
11472161111
11472784303
11475141581
11476210211
11476288339
11476439993
11477387329
11477510381
11481435281
11483259313
11484534613
11484780403
11486148829
11487997637
11489289589
11493460091
11493744403
11496580213
11497665139
11497708609
11503938613
11512437491
11512978303
11513603963
11515066391
11522831953
11525306591
11527638931
11528311121
11528738629
11529110321
11529212953
11529754871
11529870739
11530170611
11532802781
11534957719
11537015681
11537458213
11537681413
11541181121
11542352953
11542746613
11543180953
11547269203
11550281591
11561342591
11567233091
11569222963
11571527081
11573501971
11574829429
11578231813
11579995699
11584963339
11585665519
11586631603
11588571851
11589445429
11594893789
11594967499
11595034963
11595219403
11599032703
11600424431
11600763961
11602705981
11604452681
11608559719
11612345021
11614329281
11619675709
11620410821
11624097703
11624128391
11631200831
11632221011
11634319181
11637472603
11649148921
11650054211
11651052131
11652601897
11660516381
11660782603
11663223491
11664910181
11665235081
11665394809
11668343503
11669078419
11669427013
11673110321
11673361963
11674039913
11676086861
11678937019
11680213031
11681595619
11683846519
11684030591
11688667489
11688807139
11691006581
11691382513
11691962957
11692037803
11697788717
11700160183
11702368091
11705761181
11708230943
11708480803
11708695003
11708754829
11711516111
11711582291
11712111401
11712534923
11713821943
11714749213
11715379213
11715423491
11717080481
11720496703
11726051591
11726772881
11729886947
11732981413
11741400521
11742288403
11742558829
11744252291
11744538881
11745487003
11746596863
11747893309
11749981967
11750621681
11753991103
11755469419
11758962409
11762447941
11763672313
11764113877
11764903603
11768671609
11769167419
11771024021
11773211953
11773292941
11777931901
11780462081
11782512281
11784005381
11784471313
11784667967
11785482619
11786481013
11787804103
11789149219
11794439329
11796428239
11797361861
11800602901
11803388413
11803477603
11804609933
11805643181
11806518613
11808698029
11813759539
11813797609
11813949709
11815740281
11820349987
11821790081
11822080121
11822578819
11828319403
11829075931
11829824911
11831230331
11831558891
11831732923
11836177303
11836450963
11837993957
11838024973
11838605413
11840708713
11844899389
11846394103
11847111961
11852043491
11856123281
11856973129
11858094851
11858203813
11858798599
11858857489
11860467739
11861417713
11862508951
11862786919
11863009181
11863736719
11863765429
11864727709
11866451413
11867964947
11870550281
11871595339
11872571891
11872942303
11874845509
11875494977
11875608947
11878672219
11878819009
11879127947
11879267689
11880694883
11882735861
11883843901
11886404839
11888781109
11890951213
11891685409
11891836609
11893188319
11894193851
11894507539
11897275853
11899371409
11899994923
11900799709
11909018081
11909028613
11909295529
11909835013
11910749839
11911995103
11913159613
11915667947
11916281803
11917840951
11918113391
11919628519
11919918319
11921696113
11923477729
11926766419
11929558789
11930026781
11930102083
11930165381
11931562963
11934500887
11936193403
11938536947
11939715709
11943873947
11946192931
11946873863
11948581429
11950207481
11950488947
11958363103
11958602839
11964346213
11964823921
11965086439
11969044729
11969841319
11971886957
11972357629
11972392871
11975730313
11976675019
11978346977
11982291403
11983792129
11986085239
11986294967
11986337329
11986598599
11988635209
11990492809
11990507839
11995607419
11996862947
11998270883
11999436499
12002185511
12002246621
12007104931
12008471021
12009638803
12010671611
12011320873
12013064711
12014538581
12015046331
12019066933
12019499809
12019841291
12021911201
12023339681
12023524001
12024753491
12028732481
12028858819
12032239031
12033679939
12033853933
12035137031
12037495513
12038022901
12040025909
12040270273
12041104919
12046043231
12054393973
12058311311
12058996129
12060413201
12063091031
12065171887
12070430531
12071316311
12073155011
12074703877
12076604291
12077123111
12078594529
12079510481
12079511291
12080797639
12082912481
12083252887
12083739919
12084616963
12085788139
12093623923
12097807303
12101071511
12101584981
12102615073
12105365021
12109638703
12109867639
12112143821
12112388381
12114634211
12115320221
12118234943
12120040949
12121045031
12121287877
12123503201
12125051021
12126668839
12127054943
12127243781
12127482973
12131580311
12133180421
12133954813
12134372993
12134415791
12136360031
12137029481
12137983303
12138151211
12138514481
12138804191
12143254691
12143898901
12145878947
12146433491
12146526191
12146993539
12147137291
12148128191
12149336081
12151135511
12151681391
12152550791
12152908091
12153202121
12153972613
12155642381
12161394281
12161736973
12162479503
12163227961
12164998309
12167386639
12168223391
12169148503
12169982329
12170701331
12171818081
12173068091
12173669719
12177160481
12178482881
12179495329
12180560681
12182400101
12183132953
12183695203
12183767203
12184223111
12187255603
12188654809
12190126121
12190759961
12191250131
12194028191
12196848799
12197735629
12198465901
12199680439
12201421601
12204731411
12205399513
12206758951
12207466963
12209381291
12211317431
12214826291
12215621321
12216305963
12220328321
12221071921
12221387923
12222376391
12222460973
12223921691
12225192011
12226186963
12226688629
12227144933
12229298911
12229978909
12230628877
12230706991
12232109321
12236868103
12237548891
12238743613
12240620621
12253270781
12256177513
12257204681
12257719961
12257880403
12264487303
12264809929
12265006981
12266001521
12266168503
12266412581
12268280081
12274061971
12276764113
12280765951
12282329933
12283896319
12283994329
12290577829
12291423877
12292878319
12299336719
12300361273
12302121493
12302319131
12302484581
12307509913
12309381191
12311951591
12312699313
12313425991
12315383923
12317557951
12322745381
12324980081
12325221011
12329033021
12330220919
12331322021
12331380791
12337105211
12338331491
12342086923
12342131993
12349746529
12350438291
12350998003
12351223421
12356873629
12359497039
12362771713
12364982911
12366563941
12367949119
12369286519
12371102173
12372212231
12373503943
12376255513
12378497119
12384300953
12384340933
12387685789
12389295409
12389550931
12390092381
12394144963
12400333811
12401086031
12401260031
12401670131
12402648281
12406886809
12412077943
12415884931
12416172943
12417430211
12417720943
12418310321
12418878319
12419403011
12421058971
12421245131
12422319011
12423198703
12424531211
12425442923
12426040001
12427516813
12429731803
12432871963
12432898003
12434047933
12434738413
12436905703
12437241491
12437538829
12438492881
12439165513
12441599113
12441722021
12442290943
12443104511
12449926883
12454085713
12454741181
12455147713
12455333291
12455651713
12455793439
12456196639
12456908861
12457295629
12458483113
12458497967
12459545957
12463598239
12464712191
12466034923
12467520973
12467852629
12468233081
12469432513
12475809529
12477561829
12478884589
12479715851
12480142897
12482424973
12483663403
12485039503
12485465203
12488268409
12494608729
12495631513
12496237213
12496343941
12498005081
12499717309
12500041601
12500180083
12500383897
12502411811
12503651971
12504111283
12504810221
12505796861
12506028961
12508278313
12509299883
12509991947
12511110673
12511179953
12511987819
12514620791
12516141991
12516772603
12520855091
12522041201
12525894947
12526999889
12528385921
12530406221
12530811221
12531724481
12533963891
12534138191
12540889973
12544440943
12545807891
12549165931
12551706191
12551843081
12553404961
12553523923
12555579139
12559427539
12562857529
12563218181
12566807629
12567755419
12568214081
12568317739
12571528513
12573351191
12577376239
12580322933
12581674921
12583330933
12586292629
12586387909
12587364103
12589109993
12591878209
12592587863
12592728901
12595968289
12597165709
12599065519
12599243203
12601614791
12603989899
12604439977
12604459603
12607431877
12610940021
12611083897
12612107411
12612736181
12614040011
12614116121
12614362391
12616070953
12617228081
12617287303
12617990113
12620697403
12621002321
12621507923
12621924191
12630763181
12631013911
12631130173
12636558947
12637951303
12638309503
12642678901
12645628921
12646688209
12647127613
12647392213
12647673901
12649482103
12649557229
12651123311
12653701481
12654593719
12656514613
12658354213
12658798189
12660086713
12660263381
12661450933
12666327829
12666621703
12667480729
12668152951
12670970941
12674482819
12678086873
12679770409
12680807891
12686501081
12689752853
12690395719
12692428729
12693857689
12695830921
12696846499
12698371429
12698415619
12698631013
12700617011
12703334681
12703676891
12706589963
12708196213
12715203791
12715912091
12716758339
12716848429
12717477947
12717777409
12722806181
12724955539
12727285639
12730023073
12731174381
12732139813
12732242993
12734784947
12739368977
12740192923
12742800491
12747761539
12749280881
12749529889
12750439957
12751443281
12752785519
12755553931
12758490529
12761203943
12762489889
12763556203
12764248921
12764648873
12764978299
12765078901
12766313713
12768359599
12770303591
12770485729
12772311961
12779534329
12780026381
12781855003
12782662639
12783210943
12784095619
12785563883
12789826009
12792003491
12798087499
12804240991
12804710993
12807858799
12808318951
12811388413
12813439603
12816657709
12816688309
12816739003
12817402933
12817444513
12817508941
12819477799
12819761113
12821497303
12828882229
12832855729
12833196829
12835861921
12836043973
12838629799
12841886419
12842018381
12842056963
12844503281
12845538103
12849728599
12850888129
12851886977
12853029967
12854135803
12855448429
12855882139
12857371213
12858393319
12861355603
12861365941
12862835957
12866175013
12867812539
12867933409
12869100191
12869803003
12870395809
12871453603
12874829599
12875623921
12878655947
12878870209
12879034871
12886700839
12886806409
12886987427
12888521809
12888699137
12891253951
12893913947
12894342313
12895093429
12899187199
12909168947
12912782503
12919311973
12922431877
12923155963
12927836329
12930441011
12931071961
12935925619
12936940921
12937092313
12938784589
12939948289
12941821181
12942564829
12945989807
12947210923
12951190963
12951445603
12951695873
12953030933
12953652403
12956238709
12956638039
12958337239
12963721513
12963936319
12964795489
12967045921
12969707689
12972667129
12973094203
12974248429
12977061739
12980718529
12980942203
12981024191
12983829589
12984287689
12988114729
12988821319
12992385799
12993083539
12995352901
12997268299
12997422103
13001568011
13002420583
13002805331
13002916781
13008925091
13009002131
13010315231
13012505083
13015582933
13015611901
13017885931
13019178703
13019370011
13019498809
13024943923
13025607011
13027056011
13030315183
13033835923
13035181031
13039567921
13043317897
13043709191
13045073887
13046682703
13048663951
13049583829
13050962923
13051292993
13051293011
13051355111
13051571681
13051842581
13057232021
13066828213
13067071481
13072036981
13079056951
13080110383
13080534491
13081596739
13086339313
13087762213
13089098419
13089584509
13089852103
13090604993
13093486639
13093956851
13094548921
13095134291
13096349719
13097470513
13100110951
13104551321
13120569191
13120952111
13121940791
13122396281
13123388713
13123916381
13125548081
13129848709
13132203193
13135064993
13135120811
13135278703
13139348839
13141164991
13142538973
13142570591
13142690381
13142781191
13143066491
13145315591
13147062491
13155683941
13156250993
13156826941
13158354613
13158784003
13160851481
13164504923
13166875339
13168257313
13169362513
13169381503
13170372491
13170803111
13170967213
13171828951
13172065481
13172196703
13178289799
13179742819
13182769609
13186564819
13187318941
13188294709
13192113131
13194424091
13195709539
13195943539
13196263603
13196299219
13196413091
13200164993
13201206311
13203669613
13206242411
13209777439
13211853877
13212615953
13213821991
13215406121
13215450953
13217332981
13220860691
13221480791
13222356491
13222471211
13223448191
13226189929
13226608963
13228124887
13228557931
13229586947
13231455491
13231600183
13231617011
13234586941
13236351943
13237161011
13238083181
13238585809
13240822943
13240924933
13243993729
13245948619
13255137281
13258399309
13258785977
13258896589
13264650281
13270013531
13271005973
13271569303
13272361481
13273943941
13277341963
13277546911
13278840881
13281905713
13282448941
13282674403
13285779109
13286658863
13286883139
13288840819
13289788727
13290497113
13293155081
13294597219
13301441201
13303923877
13305110293
13305371993
13305897901
13306310021
13307597861
13308241943
13311408311
13314901031
13316465081
13320106183
13320369191
13320498703
13321510031
13323280121
13324821491
13326079513
13327004321
13327233923
13329466303
13330930121
13332054991
13332660491
13335365081
13335951613
13340510021
13341668839
13343299213
13343302421
13344145933
13344156191
13346798029
13348362613
13350622981
13352245391
13354664941
13354828639
13356323291
13357040887
13358236603
13360190933
13363690513
13366539983
13366631713
13367370703
13368198139
13369763873
13371512887
13372865113
13375868119
13376834113
13380639403
13383962629
13387492609
13389561439
13390982719
13396375519
13397238901
13399356409
13399620931
13400341301
13402402031
13403909977
13406283973
13408090391
13410110773
13412140631
13414613591
13417450391
13417587709
13418256613
13420965703
13421125331
13421480021
13424974921
13426052993
13426163381
13427239913
13428399139
13429247891
13430008001
13434391963
13440077381
13443788873
13447197901
13449256819
13450080131
13450468513
13450619803
13452881941
13453809829
13455075703
13455467629
13455964003
13456354603
13460917513
13464029977
13464728957
13464886129
13465131923
13468328911
13471894339
13472874529
13473064181
13477325413
13478484139
13479172639
13481856439
13485641839
13485884029
13488401081
13491594901
13491987589
13494313813
13498537309
13498644139
13498990009
13500734591
13502195381
13502533897
13505356091
13506349603
13510321921
13510562953
13513893931
13514390381
13515720923
13516425973
13518722803
13519137703
13519364839
13519968499
13520320301
13521423221
13522523591
13522683613
13523040101
13524822973
13527377719
13527795409
13531343591
13532421131
13533173923
13534718839
13534846921
13538662213
13550782951
13552314011
13554749419
13555409929
13556068303
13556880851
13557126703
13557499399
13558878737
13560617713
13561202411
13564731703
13564859887
13566950629
13569806329
13571715613
13571741713
13571825941
13572468439
13573030781
13574200691
13575218413
13575233803
13577474873
13577608609
13578089029
13578252829
13578316303
13582772719
13582913503
13583665429
13587721729
13588482977
13589591209
13591683439
13593080803
13593081703
13593321281
13594482851
13594555339
13595151613
13596764119
13597732339
13598266789
13601056897
13603319381
13603424993
13606570963
13606962829
13610830691
13612021301
13613430791
13614516191
13615179971
13616853931
13619192941
13620038111
13620604691
13621550953
13622160221
13623266803
13626226091
13629044081
13634891861
13637582719
13638629509
13639832719
13641867013
13644031691
13645775873
13648466239
13649950609
13651457503
13652358931
13653033943
13653040981
13653105581
13653717313
13659619219
13663097113
13666590709
13668303703
13668403603
13670540381
13674194957
13678037957
13680374891
13682301961
13682609113
13684675853
13685202191
13687615429
13688933029
13689505003
13691300681
13692105281
13692554203
13693943509
13694341513
13694963119
13696507609
13700434031
13700736281
13701513131
13701654191
13704966529
13707332291
13708050491
13710006901
13713001921
13713156973
13718214281
13718357539
13720130621
13720498639
13721030173
13722413993
13722414011
13726719983
13727862013
13732079929
13733595947
13734970213
13735836619
13737284203
13737538519
13738291871
13738821931
13739831719
13740632923
13742341933
13742365603
13742927113
13746555709
13747934419
13749616883
13749825863
13750550291
13751194603
13751294941
13751761951
13759993727
13760351291
13760751703
13760763829
13761376729
13768311703
13771808203
13777553329
13779651139
13780361713
13781100791
13782035713
13786109993
13792495699
13792584977
13794841003
13795790689
13799452039
13800179933
13801225121
13812651973
13813147091
13816426513
13821789889
13822107491
13826590303
13827385609
13827680539
13827739039
13829902213
13832111231
13833893873
13835871103
13838320963
13839119719
13842965509
13846507921
13846983019
13848408103
13848541639
13849454873
13849714429
13852040887
13852413973
13853179429
13853298139
13853464921
13857290203
13857624947
13860140887
13863017803
13863762439
13864566319
13864635013
13874650819
13875980119
13876474039
13876907599
13877210803
13881214091
13882659589
13882772419
13887892189
13890213191
13893806873
13895321941
13897956617
13900136111
13901108887
13903709503
13904297629
13907279963
13908699199
13909229539
13910163877
13910233781
13911795619
13915793509
13915848319
13916355829
13916622613
13919149609
13919468957
13920345281
13921178839
13921553081
13924592113
13924662931
13926093403
13931142877
13934636113
13938209539
13940955103
13942758139
13943992967
13944981977
13945085113
13945485919
13947459989
13948009819
13949329789
13950936529
13951177921
13952167213
13952412281
13953865853
13957929289
13958987327
13959128873
13959144439
13960794409
13962324613
13966317619
13969293109
13969821863
13970934013
13970970529
13972959289
13974485029
13974537229
13975570519
13976849717
13979047853
13979164789
13983542539
13985362883
13988058589
13989343789
13990061081
13992317113
13993513921
13994180719
13994475589
13994540957
13994644039
13997261419
13997790199
14000111893
14009035031
14009401421
14010030731
14011335901
14015137691
14016078191
14017203611
14020853591
14025488413
14026334591
14029041953
14031107911
14032232993
14032233011
14033880281
14036820011
14038256081
14039958409
14040303401
14041254221
14041842011
14042095933
14044900981
14045197951
14046341591
14046467503
14048651081
14049826729
14051474291
14052574181
14054710031
14056002901
14056318181
14058203953
14059267213
14063767639
14065558921
14069134813
14070270131
14072540681
14074499419
14075351923
14079154951
14081130431
14082250943
14082578957
14085488509
14086396003
14087564203
14088903403
14089183921
14089642871
14092684213
14094332381
14095759039
14096970947
14097285947
14102521721
14110314131
14111260211
14112950993
14120521211
14123034521
14124980081
14129938883
14136879409
14137721291
14138858329
14141668951
14146755313
14147420887
14154990881
14157864103
14164118291
14167615951
14173179403
14178723739
14179157203
14181824803
14182936921
14189591239
14189772409
14191833703
14192487619
14192897209
14194185403
14194849789
14195478229
14196354313
14196886009
14199819019
14201157991
14201855923
14202133921
14203003511
14205863713
14206456091
14210754581
14212094681
14212382971
14212485281
14213259913
14215288513
14220004919
14220438923
14220788839
14221112231
14221158943
14221595081
14224324897
14224554973
14226116591
14228349739
14228948329
14231196191
14237481613
14238195739
14238740713
14242149281
14243776639
14244031421
14244500411
14244524923
14245751081
14247384313
14249187947
14251244681
14254615091
14254980881
14263732963
14264709313
14267759599
14268109957
14270346191
14271161591
14271489619
14271604481
14276093413
14276688499
14278193203
14278550941
14278804303
14281210973
14283478609
14283519829
14283549103
14284706413
14284905403
14285937409
14286163603
14287102391
14288538919
14290389709
14290649539
14290682503
14291651081
14292983329
14296702951
14298634429
14299466119
14299510513
14299794737
14301182411
14302042921
14302978303
14304578839
14305704011
14305869103
14309042971
14310666191
14311349291
14311626943
14315852713
14317695013
14318467213
14319119933
14322001511
14326280291
14331769213
14332599709
14335505291
14338195639
14339275729
14339909509
14339959399
14343859609
14343903191
14349194861
14352225011
14354413481
14363287303
14366005481
14366563639
14370141311
14370758719
14371821973
14371866013
14373519739
14376102491
14376165403
14379466039
14386846129
14393185819
14395966489
14397451921
14397745699
14398707977
14409288013
14409809993
14410180331
14411019131
14414767303
14415038291
14416239703
14424003431
14429966209
14432550943
14433789319
14433939529
14438463313
14441742191
14449263403
14454772729
14455115291
14458904539
14459056303
14459299009
14463340391
14469922003
14473152191
14473285639
14478244303
14482535839
14483070191
14484200953
14485842013
14486092213
14489008921
14489493019
14490852829
14490980957
14492337403
14493431081
14496896537
14501022931
14503997509
14504435381
14504477413
14505863413
14505871603
14507495957
14508864901
14511183877
14511741581
14511845713
14512289503
14517285403
14518268113
14518473313
14520875503
14525563513
14528102591
14528601973
14529553921
14530475081
14531473181
14532068713
14533829203
14535918619
14537635729
14540133221
14543038963
14545780303
14546204381
14547260803
14548973119
14549660539
14551974851
14558285509
14558346013
14560060211
14560131791
14560204781
14560206961
14560500953
14561931613
14562481513
14563349993
14565933439
14566133713
14566792129
14568099499
14570767339
14571946429
14573961851
14575644901
14577109639
14577614539
14579655589
14585082829
14587174883
14591671921
14591766799
14591919799
14593200961
14593386229
14594069239
14597589499
14600016611
14602844803
14604544181
14614266703
14617522963
14621731391
14622266081
14622953941
14624794609
14625341923
14628890509
14629677499
14630220901
14633583403
14636026091
14638292957
14638483609
14638873699
14639164303
14640448513
14649810313
14650433381
14652826819
14654509819
14658830861
14659249789
14662679599
14663779489
14663815819
14667563873
14668454239
14671561951
14676854029
14678834119
14683727329
14683847599
14689329019
14689727389
14690555629
14693656129
14694217729
14695079029
14696186209
14697419599
14698458737
14699897027
14702172943
14703477403
14704211411
14705468203
14709990409
14710682803
14712758719
14714320031
14717660413
14718455809
14720032331
14721000193
14722413943
14722986919
14724876863
14726621803
14731535803
14733770413
14734326613
14735107813
14735785219
14737726519
14737835509
14738514313
14738660539
14739790129
14740723181
14741147081
14741992883
14742394819
14747358229
14749348129
14749484599
14751367303
14752085839
14756064931
14763829897
14767722103
14768570419
14768787437
14770740613
14771608871
14771849689
14772183313
14772263413
14773829887
14776207213
14777851853
14779167019
14779381129
14779937089
14782086439
14782904809
14784924799
14785169887
14786652319
14789785337
14790042973
14790607729
14792814851
14793810403
14799152419
14800899973
14806102897
14806427413
14806749319
14807201021
14807318503
14807517313
14810191933
14811096613
14814772729
14816422963
14818833619
14819788189
14823325963
14823729983
14827069003
14828537239
14829472429
14830354963
14831038091
14831334281
14831512933
14832600491
14837162839
14837629039
14838213703
14838924409
14843961529
14847037819
14848536229
14848583209
14849681029
14853049961
14857285789
14862464629
14862950719
14863642921
14864730739
14864961799
14865789707
14869578617
14873670103
14875173619
14876550851
14879273599
14881617529
14882873119
14883235921
14884461103
14885494009
14886562699
14886779507
14892731957
14893447909
14896600871
14897233339
14898460309
14898771289
14901388819
14905793509
14906068213
14906458883
14907685789
14907906529
14909416213
14912131211
14913456881
14914724413
14915904931
14917068619
14917102391
14918507203
14919847399
14922169303
14922419503
14924604703
14925394339
14927232703
14928323941
14929739837
14936000021
14936342503
14938329799
14940567619
14941114933
14942394619
14943654013
14945257339
14948394499
14952256303
14964490609
14968452977
14970517871
14973512891
14973817967
14974515851
14975635039
14975786599
14976526909
14978961737
14979856337
14982237901
14983096967
14992811629
14994589607
14996574737
14997280219
14998036789
15001405721
15003910331
15006130921
15007698103
15012160921
15012270901
15015185291
15015885881
15018208481
15020117621
15023005093
15024970813
15025384181
15026269939
15029914513
15030732221
15035429933
15036029291
15037066813
15040214621
15041273971
15044657839
15049758319
15050238491
15050889013
15055279639
15058453951
15059540803
15060799003
15061819957
15064597003
15065114681
15065695429
15066504281
15072906703
15073132691
15074328613
15074711381
15076567003
15078323081
15078862429
15081543973
15082562713
15084285313
15088063513
15097318871
15097865119
15098751947
15101332811
15101733221
15103402031
15104628191
15107118581
15107455963
15107489629
15110344331
15110710921
15111417791
15114258281
15114623021
15119855911
15121865081
15122987629
15124698709
15125180887
15125405111
15127656931
15130312811
15130739081
15130872973
15131501173
15135474703
15136866947
15137772931
15138982003
15140798203
15140902943
15148557103
15150012401
15153206993
15157328839
15157825303
15158047951
15158279509
15158866967
15161865931
15161948957
15165636881
15166896109
15169735519
15170047933
15171385951
15183030311
15186296239
15186943609
15188886289
15192861403
15193574629
15195096013
15195099917
15198381529
15201528581
15202101583
15202123921
15203006111
15205452877
15205690963
15209872819
15215914963
15216697883
15218393413
15218986967
15220100773
15223410431
15223471391
15228782809
15229423091
15230577613
15231250973
15232593613
15233785921
15235204121
15241235953
15242184281
15243855313
15244538891
15244957883
15245709971
15245938429
15247183951
15249367519
15249392629
15251896609
15252373963
15252560291
15254439919
15255675709
15256201781
15258269899
15260158091
15260519933
15261008591
15264571951
15264856339
15266596129
15266984119
15267318739
15268231091
15273984919
15275298229
15276066931
15280051781
15281452091
15281518951
15282378103
15284314963
15287365339
15287826919
15290196403
15290592739
15296049103
15296250703
15296627509
15298636699
15299440213
15300320831
15304365281
15305833181
15313024973
15315100211
15315650923
15315797509
15317515963
15318450281
15319564303
15319628113
15320854963
15321759403
15321844963
15324239713
15325417813
15326412011
15326413481
15326640191
15326680951
15328881901
15329895499
15334748203
15336524803
15341026781
15348383203
15351239081
15353520491
15353880931
15357815719
15361588003
15362210231
15363942931
15368516539
15370016933
15372679219
15373424081
15377630413
15378225829
15380335181
15382008281
15382492729
15385842947
15391181713
15391801091
15395793947
15400952381
15401410721
15402441953
15404798509
15406106021
15407765809
15408981013
15412316021
15412697957
15415664503
15415881931
15416241877
15422939113
15424696519
15425817881
15428405803
15428765329
15432339613
15432441923
15433039987
15433296313
15435501581
15437129839
15437570503
15442487719
15445805891
15449990029
15450710021
15453559973
15455942539
15456636851
15456987289
15457387219
15457390303
15458680519
15459868189
15461533963
15462104681
15462556639
15464915957
15466095851
15466161703
15467269039
15470932513
15471603281
15471756851
15473160973
15476635883
15477091639
15480804613
15480974419
15485078239
15485472529
15486635509
15488266039
15488928289
15492758599
15495491873
15496671977
15499521619
15500841491
15501097813
15502050101
15502839829
15504241211
15506025011
15506116933
15510469603
15511051001
15513359413
15513766819
15514186951
15515238703
15517489219
15518854339
15519867589
15522929113
15525659329
15526117091
15526510933
15526733503
15527807629
15529590529
15531043211
15536726957
15538244413
15538843003
15539986727
15547667689
15555732931
15555734539
15563546629
15567071413
15575956009
15577012181
15578090113
15581900713
15583468699
15584467039
15584526103
15586761919
15587118947
15588756199
15589116901
15593697199
15594268853
15595090639
15596166799
15600114611
15600308953
15601778719
15603300431
15605810291
15605978029
15606262813
15610574713
15611018021
15612666931
15615087403
15616201031
15617922403
15618748699
15621459313
15621765829
15623937103
15631279819
15631729961
15632666719
15634448911
15634772957
15634826629
15637493873
15637495309
15638540503
15639660709
15640942951
15641331011
15641756629
15642155803
15643212581
15647721931
15650256613
15650693911
15653345891
15653728609
15656296967
15656346103
15656813957
15658582909
15658651339
15659346229
15660547921
15661635739
15662266303
15662397409
15662576239
15663915013
15665747029
15666882499
15667474699
15671476339
15672902503
15673789189
15674483329
15679326799
15682809889
15683508619
15684091729
15684627799
15685519309
15688035947
15693903947
15694091719
15694499089
15694947199
15695626789
15699459499
15700581973
15701811491
15701874739
15703672951
15705733513
15706219957
15708775909
15710782513
15712239703
15712818829
15715180181
15715715941
15716408891
15717088609
15717684319
15718166957
15720463813
15721162481
15727176529
15727578589
15729120191
15729468947
15735571871
15735711613
15735924901
15736470829
15738742609
15739406629
15739443947
15740184613
15741077941
15741079639
15743517739
15744847309
15746829499
15746901829
15749565499
15749656399
15749922319
15750963439
15751123391
15753740941
15754148629
15756778699
15756936499
15759234709
15759662957
15759886427
15759973189
15763606871
15764400191
15770702081
15771054703
15773367139
15775419409
15776071303
15776307901
15776825599
15777033313
15778751689
15778990637
15779597923
15780391639
15781994299
15786521911
15787606129
15790143613
15791455429
15793636129
15796095499
15799586417
15801544963
15803972203
15805807921
15806035963
15808542881
15809950339
15812653603
15814564303
15815464729
15818093861
15819690919
15821280191
15822970213
15824867957
15825052091
15827011933
15828056203
15830083963
15830179639
15830270381
15830458921
15831881809
15832638529
15832944709
15834382639
15836157851
15836253739
15836864689
15839119973
15842377003
15845167003
15848056429
15850461703
15850829419
15854820829
15855736219
15855980029
15862525639
15866580319
15871671103
15873335911
15873365509
15875181709
15875616409
15876994517
15889393699
15893337409
15894161719
15895840039
15895903853
15898398913
15899805737
15904563403
15909755209
15910984003
15911380813
15912630191
15915847039
15915937967
15919444609
15920688799
15923810713
15923938909
15925459789
15928943689
15934199599
15934945129
15935167519
15935917853
15938064529
15941366113
15943991029
15944623921
15946574029
15951309739
15951711613
15952075729
15952303813
15955034839
15956555119
15958336789
15961909699
15962165203
15962732911
15963998327
15964092439
15968487499
15970329709
15974058977
15976797227
15977568499
15979470019
15979483699
15980239609
15980384509
15981043513
15981285977
15983900957
15987264947
15991944109
15992671909
15995635399
15996394699
15997413409
15998503039
15998980337
15999059627
15999441019
16000820083
16000843031
16002624991
16003327211
16003831691
16004044421
16007963891
16008279919
16011954281
16020248021
16021066121
16021187381
16025984539
16029397883
16030299613
16030451963
16034102621
16034847931
16035475513
16041749929
16047854957
16048909973
16051300093
16052803933
16055559529
16056319957
16056773539
16058035963
16060942813
16061112611
16061450681
16061778013
16063776709
16065997489
16066887019
16070270681
16071285613
16073974429
16075525513
16081916941
16082051681
16082266513
16082526613
16086873409
16087194103
16088203091
16089029629
16090619981
16091306381
16092021131
16092132943
16093547203
16096982029
16097174911
16099701829
16100661953
16101554681
16103747081
16108358503
16108475503
16110707933
16111851011
16112844191
16114102031
16114201811
16114291481
16115144953
16120288813
16120993951
16121578951
16121649703
16121769739
16122442943
16122875891
16125214943
16125229903
16128030311
16133413981
16139136613
16139393957
16142335933
16143641291
16146931513
16147566709
16148409313
16148883409
16149689299
16151053981
16152143681
16153348513
16153825603
16154443181
16155092081
16156833313
16157133191
16158748219
16163984509
16164734503
16165201211
16165846429
16167932719
16169477119
16169944309
16170750191
16171030331
16175412973
16175584339
16176137503
16177688299
16178375509
16179154213
16179174439
16181430011
16182202781
16182816931
16188098029
16192575439
16192957699
16196611513
16196834509
16197315881
16199453873
16200721331
16202592191
16204217681
16205258803
16206438613
16206630943
16211979439
16214077091
16217068951
16218548113
16221957403
16222434581
16222598911
16223802943
16228791619
16231314131
16231328923
16235376931
16239949399
16247815921
16249010681
16249037503
16250909929
16252246963
16252532381
16253064973
16255039513
16257724729
16258667209
16266796009
16270795339
16270980931
16271269639
16271458921
16271886977
16272028181
16272234191
16272253181
16273721081
16274349439
16277813911
16281397519
16287253729
16290855103
16290919339
16291618639
16294427957
16294529899
16296239419
16296752239
16300543943
16302649939
16303810031
16305354973
16307499973
16308190813
16308522281
16312807813
16313598709
16318138513
16319040961
16319575609
16320471961
16326587873
16327337839
16327925539
16330545191
16332479993
16332480973
16332864739
16334663941
16336365739
16341689899
16341792881
16348965019
16351459819
16352645891
16358228539
16358319619
16358334931
16360215877
16363013971
16364214973
16367086339
16369814239
16372202591
16379867627
16381691957
16382961103
16384433941
16385586499
16388574947
16388901709
16390276921
16391454829
16393723921
16398446599
16399469089
16400076943
16404326291
16407581891
16408310591
16408483921
16409587699
16411615933
16411901021
16413210521
16414324391
16414496911
16418202877
16419844429
16422301421
16423684213
16423747213
16425236081
16425595883
16426638901
16427140481
16427802613
16432314923
16433770513
16436384203
16438360513
16438531951
16439998517
16441406291
16442264803
16442486719
16445159993
16445576509
16445827883
16451135291
16457093957
16457549887
16460600111
16462687699
16464173503
16470499789
16475148439
16479276109
16480214381
16480466809
16481020781
16481867957
16484478947
16488418967
16488453409
16494412951
16495226203
16496406529
16499203921
16502398303
16506159403
16508728609
16511711971
16511999029
16517197429
16519046503
16519373809
16519612513
16519852883
16521785113
16523396203
16525645303
16528666309
16530579529
16531143581
16535276809
16536086113
16542505813
16543990429
16545431803
16546551313
16550667439
16551796039
16552629619
16553285113
16553862901
16556635429
16557650861
16557694399
16562689489
16564040291
16565880319
16570062281
16570221961
16571277529
16571400491
16572824539
16573160081
16575540829
16576852129
16577363419
16581086911
16583136403
16583560871
16584561709
16587725029
16589115709
16591716709
16595035213
16595811619
16595988317
16597503947
16597773737
16597960009
16598775437
16599845089
16605053923
16606109081
16606199927
16607648873
16608915013
16613678509
16615917947
16620372281
16621433923
16622531291
16624022021
16624693339
16627946119
16628067851
16628508709
16629871967
16631726413
16633966967
16635775853
16641966139
16643087809
16644112481
16646334403
16646378689
16646639599
16648547029
16649599517
16651601381
16653088003
16656434957
16656692029
16658037901
16658315203
16665004963
16666009303
16668150739
16671748039
16673684957
16675263851
16676728489
16679369599
16680691609
16689206329
16692881119
16692887599
16693017881
16695019339
16696911863
16702444813
16702539313
16702985419
16706094403
16709446609
16710008681
16714437829
16715403281
16716719419
16717999399
16718309203
16718693119
16718942329
16719409519
16721257951
16723649963
16725819139
16727286319
16728044941
16733498209
16739318873
16739428039
16742174503
16744209739
16746819589
16750440191
16754634709
16756222603
16756593947
16756839289
16758759707
16761177947
16764362957
16765660339
16766372509
16768304957
16770163951
16774300181
16774628957
16776616309
16777641799
16781446519
16785359389
16786205203
16786710901
16790182921
16791560861
16796273209
16797840019
16801985509
16802205011
16806069013
16808707519
16810629971
16817046881
16819116739
16819495009
16821902803
16823232191
16825346861
16825893499
16826836853
16829309509
16829661319
16830356839
16830750613
16831992977
16832820703
16834195519
16835157439
16836359689
16839212839
16839843947
16839975437
16840174513
16844511703
16847431819
16848990737
16850654911
16850953429
16851459319
16852025713
16852490861
16853274709
16857350539
16858114921
16861737229
16862715619
16874451947
16881623719
16883248219
16883875637
16888062977
16890066709
16890795737
16892650003
16893841967
16903051481
16906633819
16907631739
16907830213
16908174901
16908499099
16912748239
16912773439
16913293921
16914989599
16915009957
16916012923
16916905339
16917678199
16919101963
16919165873
16921143191
16922483861
16924056739
16927282429
16927453429
16932277339
16934628229
16935503891
16936801729
16939503439
16940079529
16940628619
16941101971
16942089319
16943334739
16946125871
16947291139
16947321739
16951728319
16952418103
16953312703
16959104203
16962517609
16965200713
16965944299
16970764309
16975263139
16976352139
16981253911
16981530403
16983034213
16983979099
16985930957
16986773627
16988493527
16991413213
16992934009
16994702509
16996080319
17000833897
17003286973
17003318021
17004524111
17005614961
17006349967
17006579809
17009806951
17010413083
17010949913
17013597313
17017522391
17017955113
17019483829
17020312301
17020863973
17021317981
17021989003
17022413963
17027977129
17028561703
17028908629
17032308011
17033578819
17035122791
17036129713
17039185213
17039276113
17041153211
17043522961
17043773839
17043870703
17044071943
17044758529
17045093081
17045096503
17047358539
17047392403
17049701803
17049864319
17050414781
17050662281
17053339603
17057202923
17058437719
17065967957
17066833639
17068299019
17071006781
17076770957
17078339419
17081678329
17082970871
17088759199
17091105923
17091752413
17092032943
17094155891
17097215413
17098940329
17100092231
17100495281
17101850021
17102301193
17106579709
17106900581
17110998529
17112320021
17112998239
17113515581
17113591181
17113703953
17114012911
17117190281
17118556729
17121002231
17128848409
17131149281
17133755941
17135241581
17139453739
17139768109
17148942947
17153959219
17155942729
17156639509
17161594213
17161806703
17164735639
17164917439
17166879199
17171568619
17172332291
17174316703
17174437921
17175729229
17178645919
17183861861
17183880013
17184124091
17188309609
17189293853
17189367499
17189800871
17191890619
17192649889
17194714871
17197023703
17197592957
17204554963
17210904877
17211320111
17211416993
17211417011
17212572191
17213037943
17215239967
17216593819
17222572181
17223131963
17226224291
17226999289
17227584947
17229988099
17231142991
17231306111
17237549509
17237928977
17242033121
17242413943
17246327503
17246434603
17248508861
17251962313
17252945113
17254999189
17257615303
17258900891
17259074113
17260190923
17260500953
17262376213
17263321391
17268444103
17268811639
17269094873
17269244203
17269419799
17269476019
17271461803
17271575911
17272190713
17272289239
17272531813
17273436403
17274883039
17278085329
17285518339
17285838109
17286091213
17286637789
17287583119
17288895707
17289543863
17299044013
17300024711
17301811781
17301952813
17302150331
17303630681
17307705703
17313045877
17313944839
17315156713
17316866239
17318353513
17321648503
17323857619
17324957239
17326274503
17328443413
17329193957
17329962799
17339760709
17342051021
17354584609
17356813921
17358437329
17359671863
17359687699
17360178739
17363409313
17363771539
17366139983
17369352439
17370219967
17371992919
17372147941
17374036513
17375841013
17378900113
17382166639
17382962329
17384098219
17384243413
17387439109
17392581529
17393644003
17396074519
17396404303
17396747299
17399198599
17399886137
17401276181
17403334933
17407750513
17410482281
17412174973
17412546703
17415575113
17421462973
17423384413
17423836303
17425382941
17425730713
17425914739
17427439339
17429489837
17429780509
17433406181
17435210953
17440996967
17443303391
17445313091
17446944139
17448762319
17449338229
17449456699
17450310221
17451875239
17452199873
17452928239
17456151613
17456819599
17459521921
17460548113
17463197239
17465646409
17467900213
17468096119
17469000973
17471300591
17471928919
17472899089
17475532303
17476800931
17478430639
17483049439
17486839099
17490322181
17491529963
17493021191
17495083429
17495187109
17503117481
17504557729
17505621281
17508777499
17509149103
17511820933
17518964689
17519675119
17519922103
17520560923
17521416973
17523103691
17523193603
17523223391
17523726881
17524097113
17525343613
17526096013
17526294529
17526383911
17528145881
17529151513
17530054481
17530606813
17531368639
17531927911
17532212953
17532673303
17535321281
17536336819
17537384873
17541975229
17544914539
17545175911
17547272203
17548698437
17549149039
17551492639
17551508941
17551963003
17552126803
17554704931
17558748737
17560687789
17561021591
17562384013
17565534439
17565576947
17565809119
17570357719
17571833957
17573673977
17573821729
17576091851
17579106901
17579140213
17580653539
17580753851
17583273901
17583902719
17586165409
17586497627
17587036609
17587735489
17588345119
17588431519
17595250639
17596748599
17597308219
17598523909
17599020403
17599981517
17603168941
17604955883
17605027963
17605200791
17610045491
17612392951
17612960941
17613752941
17614781809
17616294851
17616375709
17616729139
17618052703
17619885737
17622825881
17623607839
17627572003
17634872509
17637870139
17638134403
17638701739
17648553319
17649894527
17649947599
17649985337
17656474309
17657147873
17658117619
17660429993
17661912739
17663289019
17663461213
17667100181
17670622951
17671988627
17672417911
17672761429
17672878099
17673066013
17673632957
17683763957
17683772209
17686982717
17690457919
17692328509
17692546219
17692990009
17694555019
17695106203
17695108883
17706275809
17708933873
17711096941
17712179951
17713645871
17716267003
17722546819
17729578189
17729938727
17733475003
17734958389
17740778119
17744643013
17745371113
17750254513
17750974309
17755931873
17757035911
17763717799
17767088299
17768326789
17771318629
17771774957
17773980019
17775650509
17777042719
17778198437
17790236911
17795665189
17800594921
17806344739
17806487029
17806628509
17807040281
17808906229
17809580419
17810193703
17811273703
17813028703
17813322973
17821133381
17821644881
17822702081
17822952709
17826039013
17826339799
17826585947
17827380947
17830993909
17833182403
17833390639
17834615203
17834689099
17836217957
17836918009
17837535319
17839440529
17842391719
17843312803
17844041713
17846833853
17847128419
17848144883
17851194103
17852543861
17854152829
17856517309
17859558499
17859740599
17860466419
17862719029
17864561419
17865324709
17868463009
17868964427
17869585933
17870119909
17870441503
17872649299
17876105809
17882745499
17883043729
17885505863
17889412909
17889803389
17893048853
17897128009
17900240591
17901237703
17905453729
17907845209
17908164947
17909230513
17911491739
17911937419
17913613951
17914922629
17915081413
17915249329
17917232941
17917366967
17918421931
17922755509
17925317719
17925418883
17927140603
17927250881
17930561503
17932681003
17934147013
17936917399
17949172309
17951833429
17955402931
17956963699
17958394189
17960368967
17960485853
17962024603
17964478099
17968953617
17978530789
17982741229
17983828727
17986980437
17988874217
17992912219
17996618089
18000324011
18000819913
18002899609
18005473181
18007799209
18008054923
18010626877
18011920897
18015289909
18016044581
18017579963
18018773719
18020544961
18020673973
18023122973
18023196703
18023634191
18025595911
18025686439
18027131021
18027688309
18029761639
18029776129
18031352953
18031763081
18036592729
18040698901
18042557839
18043214681
18048921829
18051703391
18053828539
18054476203
18057292639
18057910513
18058436629
18061972871
18063221591
18066507313
18070282963
18074853529
18075475609
18078262819
18078809689
18082915303
18083936873
18084727519
18085338619
18089390419
18089940977
18091675883
18095274619
18096093013
18099991699
18101607943
18102868921
18103013993
18103014011
18104381291
18104629913
18106709839
18113211073
18122126591
18122989309
18130102273
18130413221
18132756403
18133624963
18134146813
18136782901
18138365719
18139087339
18141277951
18142391713
18146924539
18152537839
18153821713
18155844439
18155906203
18157623931
18158754139
18159548689
18164914871
18165366619
18166888099
18173736709
18173967499
18176384329
18176591239
18177817219
18178019809
18178335103
18183102943
18185609963
18187380619
18188739799
18189706039
18190781113
18190790203
18192981319
18193376419
18198207947
18203314691
18204967003
18205281973
18206809213
18209573719
18214312691
18215586947
18216973609
18219413081
18220753181
18229461829
18231619603
18233326091
18238166113
18238494919
18245501381
18249926599
18250697873
18252088639
18260077603
18261142391
18262349993
18262616413
18264795947
18265785589
18267733339
18268803439
18270729013
18273452941
18275832013
18276907699
18277875289
18279393499
18280344703
18282349339
18282392911
18286252819
18288679337
18293781409
18294798499
18296203951
18296496289
18296613947
18300126791
18303296941
18305431481
18308372503
18309975589
18309996737
18310515943
18310920581
18311242981
18313871413
18315440291
18316258871
18317582809
18318125803
18324069919
18328095529
18328096519
18328583239
18328946957
18334802081
18336494873
18338636419
18343944529
18344291503
18344565901
18346989707
18349277689
18350606713
18356566853
18357809689
18358637599
18360768799
18361853957
18364941709
18365717239
18367624003
18368434429
18371285957
18382605403
18383155729
18388271329
18388863737
18393102191
18393303703
18397731409
18397891727
18401254481
18405706951
18405895789
18405934303
18406491881
18410422691
18413432381
18413507803
18419930629
18420093281
18423033961
18425648239
18426902941
18427721891
18427728229
18428960873
18430617703
18430867519
18435752911
18436803313
18443771719
18448849099
18452988199
18453355303
18454257439
18454347529
18455919589
18457152313
18459342851
18460465819
18460792429
18460863013
18461753911
18473915329
18473923883
18474636919
18475978427
18476379737
18476868437
18480293539
18482435809
18489143419
18496604509
18498568399
18503190281
18506794853
18508266709
18508476229
18508567309
18508745873
18510074291
18513739609
18516021943
18517429429
18521293951
18522108973
18522414973
18523455403
18526706113
18527821303
18528570103
18530150021
18532842403
18534950113
18539433529
18541726871
18542205973
18544158851
18549107719
18549600739
18550726819
18550727203
18554727409
18554815519
18558143861
18558954199
18559156219
18560068213
18561336931
18561869299
18565316719
18570924709
18573943699
18576767717
18581138809
18581907977
18587015203
18590173639
18591511513
18591839837
18592442629
18597105619
18602300963
18606288139
18606617203
18613561513
18613941403
18616214713
18619393789
18619892299
18624734809
18630702191
18633023291
18634290739
18636571003
18637244809
18637464799
18638977517
18640320581
18642065891
18644705539
18644919989
18644950609
18645309439
18649272409
18650835103
18652650829
18654187967
18657526309
18663264947
18664519309
18664541113
18664671139
18665978237
18667430629
18669457637
18669694517
18673618129
18674844109
18675262429
18676516967
18677989861
18678399317
18682528699
18683570239
18684757699
18685789217
18688421239
18689093299
18692375957
18692633873
18693480977
18696198707
18703566103
18711477013
18715526911
18717310813
18717720313
18719675389
18721609639
18722546809
18727160839
18731164951
18732738319
18732860957
18734191921
18734992489
18735737957
18735808219
18736738399
18737236519
18740835901
18742412081
18743167609
18749946437
18754240513
18754293139
18754317013
18754698437
18756703883
18759426019
18761344639
18761470729
18767665699
18771539029
18772390883
18772903609
18774913699
18776331103
18777030313
18777916637
18778541209
18780279589
18780383239
18783008957
18783349489
18789901399
18791173003
18792163339
18793231819
18797861627
18798464717
18799609399
18800735413
18805454809
18808236947
18809523013
18810042961
18810925921
18814822921
18820300691
18824515921
18824587489
18825441829
18826033951
18826063639
18827940919
18833750539
18834212713
18835159309
18835470529
18835612819
18836828299
18837153103
18837941599
18838689407
18839461789
18840762439
18841637509
18845080871
18845448109
18849046039
18851741539
18858193009
18859090909
18861565039
18862386019
18866627389
18866767427
18868041529
18869005429
18869694317
18871015951
18872844019
18874215901
18874619389
18879916607
18883421957
18890787437
18891390799
18892688923
18900755911
18905010491
18905342503
18909370429
18913188799
18913708609
18916949089
18919491109
18920374639
18922141813
18922193113
18922774309
18924555799
18929806009
18930152081
18932736139
18934490873
18934718119
18938131819
18938303957
18939885137
18940327729
18940389109
18943956737
18947193589
18955441339
18956045873
18957721039
18960251941
18961551013
18963172883
18969348499
18972105403
18973091419
18973516129
18974656699
18976752737
18978777017
18980494009
18981257599
18981334429
18982932109
18984291019
18991976923
18996002719
18998361737
19001493281
19003440991
19009511291
19009744213
19009889299
19019200691
19022549981
19029492103
19032434923
19032443291
19034534081
19034923951
19037242963
19040198413
19041323591
19042501691
19042699789
19044395203
19051537513
19056767689
19058319103
19058401963
19058828119
19061685947
19062877219
19064723891
19066616809
19067544103
19068670609
19073710091
19078299199
19079306629
19081478239
19087455319
19089171529
19089711947
19090178113
19090501481
19091845519
19092564709
19093257619
19096803013
19097174419
19097947727
19098108013
19105700111
19108353613
19108455739
19111921481
19112331221
19119199907
19123215961
19123938709
19127516413
19128754339
19137598009
19138168883
19140469819
19140652963
19142126291
19142201411
19142777509
19147316891
19149820639
19152329981
19152339919
19153115291
19153695139
19157635429
19160853931
19162349993
19163544931
19170880639
19171893799
19172143181
19173653113
19174658119
19177990399
19179085967
19179342439
19179841129
19181444413
19182607303
19184343931
19185251413
19186324303
19186550629
19189418957
19191729229
19192219213
19192648039
19197404113
19197722419
19198418599
19198425409
19198733209
19199978207
19200346933
19201919413
19204529413
19205766851
19207312391
19209199853
19209287239
19210084391
19214339839
19215698209
19215834881
19216035191
19216058413
19217784977
19221062681
19222142591
19225739419
19228615639
19229147957
19235178901
19240747303
19244314963
19244941213
19245488029
19246751809
19246935863
19247098789
19248807139
19251871871
19252379329
19252600481
19252803613
19252979299
19254314081
19254906529
19260303581
19261322923
19265356003
19267713947
19269238039
19270408603
19271178439
19271435941
19271673013
19273085203
19273867009
19274068339
19274640313
19275563239
19279361509
19280564861
19280905871
19281156403
19281482719
19287383029
19291248103
19291795489
19293060613
19294363003
19294462339
19294733509
19295502829
19297318129
19301104331
19305862819
19309602703
19310423887
19314441973
19315953851
19317555013
19319197039
19319906509
19321451381
19321456951
19325162081
19326831313
19327194013
19332507703
19333777219
19336033813
19336152613
19336463957
19337833429
19338806419
19339059139
19342104581
19342918883
19345757209
19346504941
19348726699
19349280103
19350234191
19351042481
19351657519
19355400973
19355639999
19356055871
19357534883
19358018629
19360762639
19361607931
19363873853
19364989607
19373727319
19375170931
19375191529
19375307911
19378320881
19382667947
19394170871
19395021703
19395059209
19395831863
19396530529
19396689821
19397361229
19397532229
19398678199
19400007131
19402223681
19403221121
19408268419
19409239519
19411816951
19414806403
19429370539
19430958863
19432961957
19433582719
19434692509
19435380931
19435845409
19438176319
19440908911
19443931303
19445627419
19449350719
19450875319
19452173413
19454337103
19455481519
19459011613
19459514419
19460603081
19460690957
19464584119
19467270103
19467284209
19468117429
19469838499
19470899627
19472544439
19474873489
19476028339
19477264129
19477502113
19477631419
19480753609
19481418013
19482796189
19487499407
19494668717
19496236853
19498426489
19498692617
19498919327
19501699907
19502128813
19503779887
19504568329
19511877863
19515469219
19515771529
19519224313
19520589889
19522418413
19523572213
19523807113
19526386909
19527437239
19527913519
19533627947
19535815609
19541602963
19542595129
19543929989
19546680319
19554078139
19558671589
19562451313
19563972499
19567988117
19568877137
19572065957
19573755589
19577782099
19578550909
19579215863
19579704019
19581074911
19586239009
19595761489
19597763089
19599227299
19600364803
19602914413
19605707203
19607139529
19607828599
19614210943
19614311923
19614390881
19618526509
19622395003
19626238339
19626459109
19628020963
19628362003
19631693509
19633248013
19636168039
19637081809
19640756329
19641981319
19646559799
19653446419
19653774499
19656516977
19659134329
19660147921
19661516113
19664820103
19664957089
19666511911
19667520013
19669765337
19670354629
19672329409
19672820861
19676164853
19680317809
19681799507
19683203941
19684967327
19686270319
19686369617
19690106941
19690691957
19692512113
19693820329
19696120303
19696732399
19700610011
19700887309
19703647339
19704783863
19705466873
19706152513
19706418709
19710827113
19710948409
19711774339
19712586409
19713573013
19713998089
19717417883
19717428229
19718951689
19719546589
19721755003
19724286863
19724996089
19728138319
19728820519
19730838409
19733833429
19736404921
19737151729
19738420213
19741484509
19741552921
19742577499
19745323921
19746337129
19747514239
19747559717
19750238719
19750902739
19753582789
19754697617
19757667499
19757739707
19759327009
19759493717
19760765957
19763158039
19764869893
19767207409
19771366039
19773117709
19773274789
19776444109
19777398317
19779483617
19782264919
19782447109
19782722873
19784044883
19784704789
19786564727
19786934599
19788930199
19789004509
19790712901
19792909817
19793273029
19799170399
19802235703
19802344603
19802883409
19804607629
19812578119
19814293003
19815683029
19816362901
19817205739
19817922409
19820011121
19820791429
19824719119
19827261947
19827979217
19829016439
19829350339
19833854119
19837882637
19838434219
19841086883
19842023713
19843053403
19845661699
19846409887
19847559617
19849384699
19851136303
19852985627
19854698923
19854796337
19855760599
19858031719
19860348229
19860544003
19860642947
19861257319
19864650139
19865892437
19869735437
19870792009
19871713429
19876088599
19876495337
19877846237
19881483109
19881815599
19884688099
19885058299
19886474599
19890297289
19891560319
19892323519
19895778989
19895951627
19896333109
19898633717
19902015191
19904157709
19907365039
19908121951
19908131839
19916987507
19917257957
19917372799
19917869299
19919451319
19920548419
19921718419
19921762519
19922752519
19929985099
19930687009
19938006901
19942469389
19947205609
19948050439
19949735599
19950643883
19951218709
19953339019
19955199499
19956358727
19956522799
19956723109
19957358599
19961550013
19962148309
19965045977
19969496117
19970280013
19972550239
19973918599
19978851499
19979128727
19980135103
19981620619
19981860109
19982268737
19985618089
19986676217
19987788883
19993467617
19993864337
19994360209
19995510319
19998415637
20000357911
20001222883
20002747031
20003222683
20003723911
20004770321
20006242211
20008962973
20009186381
20009430011
20010855791
20013944021
20014547681
20014635791
20021702411
20025162901
20026286381
20026801331
20027836813
20030155031
20033307011
20034191231
20040705101
20043610721
20047381391
20052785803
20053913993
20055821953
20060077691
20060772581
20064613691
20066039381
20069159503
20069401981
20076161887
20076609967
20078399329
20080931021
20082226897
20083788947
20084130431
20084795719
20087522381
20095154291
20095729729
20102575211
20102617511
20102805901
20103638993
20103639011
20105043193
20105530121
20107995829
20109432221
20109959113
20110009421
20111603231
20111782121
20112277781
20119110283
20119587403
20119614877
20123829953
20123854481
20124243101
20129705381
20132581943
20133264131
20133813131
20135431331
20139100211
20144306411
20150625311
20154128591
20157066973
20159939329
20160315431
20160331811
20163272993
20163614971
20164817081
20165841973
20174126681
20174352943
20176037381
20176134491
20176741181
20179221011
20179711091
20184946871
20189256403
20189653639
20190641953
20191008791
20191349081
20195059513
20198247313
20199284113
20200481201
20201442931
20203098491
20203333211
20203592993
20203801921
20204376877
20205729281
20209175923
20210648993
20211050621
20212308101
20212548491
20212567481
20213545031
20214778603
20217902993
20219136011
20222568973
20222807993
20223135901
20229569809
20238012073
20238062953
20242316231
20242922681
20245566703
20246034131
20249317091
20251164221
20251215521
20252085943
20253461933
20253664181
20254158191
20258449909
20266889029
20268013691
20273361923
20278882339
20279818519
20280229391
20281852813
20282584951
20282602211
20286226813
20286932503
20293383703
20293978909
20294660081
20298024281
20300809121
20301271121
20301502919
20304090901
20309937313
20310485971
20312413811
20313191231
20317882513
20318110811
20320003631
20320644991
20320841231
20323235963
20325068381
20327626181
20328812923
20329959799
20332996921
20334060073
20335894213
20336937403
20338884901
20339777873
20340207431
20343004631
20343976819
20351373011
20352550121
20354026897
20357047091
20360902897
20360909081
20361326681
20362780181
20369077639
20369617819
20371154887
20372604491
20372757739
20374388539
20374785103
20374873639
20376032993
20376555931
20377037081
20378062181
20378634403
20379624403
20386475861
20386770829
20387250973
20388280603
20406027311
20407585951
20409619939
20410004939
20411729291
20414261411
20415706391
20417161981
20417205131
20429309977
20433030731
20433279613
20435578871
20435984203
20441786503
20441944091
20442138877
20442309011
20448107923
20448674629
20450221273
20451722887
20455582603
20457287861
20457363613
20457809993
20459685409
20463330791
20468723413
20469581203
20469975499
20471877901
20476990609
20478586129
20479920313
20480302511
20484864619
20484936529
20487067819
20489716609
20491770613
20494964239
20498173303
20498228203
20498661901
20500349591
20500855481
20502260173
20503031231
20503032283
20505498931
20506884313
20507892739
20508339923
20508455081
20508559639
20509309903
20510126711
20511635933
20513772281
20516345923
20517446713
20518737881
20520651131
20522245031
20526342877
20529392413
20532867829
20533061963
20535351581
20536056973
20536576213
20536933513
20537869789
20538130121
20539098529
20539764709
20540540231
20547367639
20550578891
20550812591
20552201993
20553498709
20556629809
20557861213
20560300031
20561108591
20565258313
20568058921
20572808891
20574747103
20584708303
20586533941
20586776689
20587727239
20588734003
20590249513
20592123961
20592344081
20594204381
20594529103
20594849599
20596854977
20597462957
20597706439
20598813947
20599297399
20601017711
20602158877
20606350031
20606789963
20610352421
20610379091
20611732121
20611844291
20612705591
20613632887
20614778809
20616945403
20618251391
20621381887
20623258963
20624199829
20624441111
20626548829
20630973613
20631248291
20636377819
20638102691
20638638103
20640021373
20641506877
20643218291
20643259603
20644739719
20646384881
20646472603
20646853303
20647031971
20647794799
20648102681
20651414591
20653510211
20654295313
20654394829
20658397219
20659263739
20661919961
20663734603
20668186519
20669942239
20670136481
20671254973
20671696519
20672359303
20673928339
20674668863
20675587853
20676523951
20677298209
20677851619
20678508901
20678784499
20679528409
20680228813
20683667509
20683947139
20688927947
20689728947
20690250943
20694479887
20695391809
20695773863
20695954039
20697082639
20697643339
20700047411
20700182231
20705425933
20706474703
20708129977
20709674911
20716257703
20716655503
20717887219
20718636931
20719391503
20723429977
20724893719
20729695219
20730011473
20736694609
20737719529
20737769029
20740097713
20740230431
20743549961
20743937861
20745668239
20754119933
20757990977
20758841539
20761037923
20765290603
20767032973
20768075957
20768186419
20769256883
20772954947
20774592851
20775886399
20775927229
20777148709
20777344729
20779636789
20781337513
20785453729
20786989607
20792746339
20794371881
20795651113
20797176409
20797524947
20798511313
20802520331
20807081291
20807161391
20808682729
20809958209
20812910021
20815189729
20816458921
20816765719
20820470971
20820533681
20821306897
20828766799
20830062131
20830910953
20833495303
20835956873
20842203791
20842450933
20844877699
20845149739
20847726439
20855848309
20857850203
20860569619
20862515081
20863491829
20870465503
20873490829
20875797737
20878141951
20878308439
20878795099
20879037709
20879965727
20880569239
20881655629
20881841941
20885716339
20888351203
20889929089
20890130953
20890439113
20891439529
20892959389
20896833319
20899634689
20900105531
20902879003
20904183281
20905946629
20908329829
20910929929
20911361971
20914318091
20914513391
20915594911
20916395719
20917568239
20917745861
20918418931
20924022221
20924320211
20926476947
20931215933
20931479809
20932480813
20933286931
20933386871
20934122933
20934766609
20937281839
20937595309
20938294609
20944634839
20944795789
20946873229
20947586689
20948562013
20952213943
20952987499
20953262081
20962781113
20963644921
20964564013
20964808429
20965061713
20970893329
20972266729
20976743509
20978063203
20980457203
20984772139
20987374129
20993542303
20998620901
20999768417
21000209411
21001119731
21001392431
21002333909
21004061411
21004449581
21005011949
21005203421
21006168923
21007292953
21008412611
21009366281
21011066911
21013190021
21019777871
21023358491
21025019321
21030206231
21037504031
21040053373
21049908931
21050097491
21052086943
21056496313
21057592603
21058552181
21060062531
21061991803
21063294281
21064333781
21065267803
21066280481
21066710681
21066895519
21067645513
21069485113
21069870403
21070535021
21072045131
21075785113
21077886229
21079472941
21081399739
21083820943
21084201011
21084285613
21087638629
21089618629
21090243221
21091112111
21093557413
21097277629
21101577943
21103034383
21103480511
21105426311
21116891713
21117151973
21117635381
21118596739
21119750381
21121953011
21122127011
21122455691
21123120493
21123571897
21132684281
21133229111
21134282111
21134457973
21135555281
21138999589
21140126621
21140929091
21143003831
21144171221
21145285963
21145918513
21147303311
21148416973
21150530111
21152754191
21156799039
21158259919
21159089993
21160950011
21168186313
21170029031
21170137981
21170165953
21173799917
21174854413
21176929973
21179531081
21181473281
21181503131
21183592513
21186807931
21188311481
21189629239
21192106121
21193332943
21195727921
21196477339
21198736519
21199747909
21202556887
21202559381
21203672591
21207549613
21209369981
21210841331
21214706971
21214804691
21223065953
21223206611
21223699729
21226136111
21230054173
21230541901
21230846381
21231733031
21232088291
21235133963
21238501121
21238966883
21239797129
21240733211
21241294933
21242672291
21243112273
21243278803
21247749983
21248789999
21248855629
21250731991
21251051083
21252574813
21253684951
21255265181
21256395313
21259325081
21260785603
21260874703
21262471933
21262999039
21266727739
21269556439
21270551591
21272598901
21274522481
21276295819
21280020731
21292569439
21296134091
21297542503
21299256947
21299832013
21301709591
21302889739
21304185943
21305830943
21307343111
21311734781
21316153031
21316562381
21318151781
21325877539
21328755313
21329460281
21333051611
21334697861
21335587921
21336975529
21341786839
21345585829
21346433923
21349590739
21356244191
21358027181
21358833403
21360203993
21361714481
21367040111
21368189239
21373684921
21374466931
21377665429
21384987499
21387567863
21390796519
21394957699
21397494799
21401672953
21403643021
21405901031
21406126897
21406623943
21407575951
21417402311
21418215491
21420031511
21420464111
21422157923
21424897883
21427359829
21430670953
21432236887
21433022021
21439067941
21439512973
21444101111
21449585873
21451249987
21454415291
21456609739
21460801031
21463666871
21466179983
21469291303
21469918219
21470864413
21471317381
21473703281
21475556957
21475687039
21479554339
21480395891
21481399609
21481815613
21482096413
21482771941
21483926957
21484448957
21484507951
21490949509
21490967419
21490974013
21497525719
21497733013
21501593923
21503840591
21503859739
21503949829
21506530691
21508215877
21508987039
21511758703
21512288803
21512677951
21513100919
21514136887
21516352933
21517459961
21518314933
21519696409
21522105901
21525470381
21525989689
21526320131
21527288911
21528049957
21529979389
21530978957
21533545181
21539252803
21539975957
21541915963
21546290081
21548341963
21548456861
21558920503
21564706951
21565113961
21567753439
21570280481
21572839339
21576286883
21582493213
21583978489
21585433603
21587198029
21590791213
21591744739
21592420391
21592619809
21597927499
21599293909
21600767803
21600981973
21601978729
21602788213
21603243131
21606101201
21608776429
21612076933
21613116131
21618783103
21620480887
21625081481
21625963819
21629434513
21630445391
21631633481
21632956921
21634934891
21636588139
21637085413
21637691539
21638437819
21640369939
21647021887
21647371513
21648300943
21650247973
21650589619
21651350681
21651654613
21657056503
21661082381
21665918873
21666640951
21668633113
21674149909
21677179039
21685672339
21685806529
21686442829
21689434883
21689714873
21691277957
21691846339
21691961861
21693195103
21693344941
21694959289
21695908789
21696736129
21697948189
21701755091
21702155933
21702475181
21702596891
21705428081
21709842313
21710974951
21711500911
21715187891
21716576719
21716817403
21717366739
21717502481
21717538729
21718794319
21719528629
21724402897
21726894229
21727307803
21730216121
21734974003
21742092973
21747653861
21748826873
21750233111
21751004321
21754655203
21758662339
21760829539
21761334281
21763743931
21767911639
21775929589
21777096409
21778386589
21778592029
21779986337
21781618819
21782667229
21787295119
21789422719
21790343713
21793746319
21797008921
21798005503
21802876213
21805043111
21806215933
21806928901
21807782809
21816560081
21818065513
21819823639
21820144897
21829664239
21830944951
21831168703
21831979129
21837618013
21837748853
21839852329
21839999417
21840049813
21841350943
21845471891
21846806957
21849457219
21851548819
21852934819
21854488967
21856005973
21860417713
21862619951
21871415803
21871628113
21873653861
21873782239
21873808339
21873838309
21873998717
21874073839
21875110391
21876984737
21878148977
21878531113
21880378609
21882581113
21882666139
21884401963
21888097009
21891020933
21891339013
21895482863
21896114413
21898787299
21900000611
21902142953
21903541481
21903808603
21903867103
21905024681
21905397439
21906554503
21909693409
21910356973
21910612781
21911255291
21912916951
21914028973
21918563957
21921386891
21927925003
21929402713
21935629973
21936248539
21937385419
21937708003
21942377203
21946757689
21948452629
21949727689
21951033491
21953751829
21955531513
21955738309
21957543947
21958109951
21959035729
21964065313
21967530313
21969453409
21974289989
21976861789
21978123313
21979846727
21979895417
21986055439
21986655589
21987428689
21989444209
21989611883
21990197329
21995321839
21995596699
21995833039
21996024829
21998805019
22001044511
22002886813
22003239311
22003454411
22007624993
22009895629
22011043393
22012960691
22013295011
22016005273
22016987203
22017183961
22021574591
22022433431
22025591923
22025878921
22026047111
22027000511
22028500331
22029510221
22031320573
22031664581
22032951923
22034354971
22034480887
22035173887
22038413993
22040123321
22040132909
22040713001
22041604001
22050413111
22055386513
22056615281
22058982851
22060275491
22064353391
22065114131
22067440933
22068511481
22070101919
22074699319
22077140681
22080250001
22082377951
22083497861
22083512993
22088316703
22093656313
22094475313
22099576129
22100115673
22102406993
22102407011
22102970111
22103868613
22106607491
22109497303
22110435101
22112001883
22115729803
22118338181
22118877439
22122716887
22131233911
22134171221
22134211921
22135184381
22136027887
22136901923
22140491953
22140801611
22141276481
22143158381
22145764951
22147595203
22154974213
22155607963
22157270381
22157754739
22159866977
22160483291
22165502591
22165552813
22167012221
22167679129
22171128943
22172395951
22173497719
22174519513
22181116031
22182625963
22184548303
22184976977
22187717957
22188826609
22191426281
22191526813
22192828921
22193226191
22195786219
22201439111
22207620991
22207966639
22209839203
22209883303
22210834691
22211129909
22214612411
22217162993
22218314681
22220098391
22220643131
22226816081
22229002331
22230345131
22232524031
22234552391
22242613781
22244603021
22246955113
22248763871
22249749229
22250997103
22254210431
22255940713
22257795799
22260407591
22261120631
22261406887
22263091933
22265809729
22266731803
22271217877
22272272923
22277879389
22278223813
22280271491
22281627703
22287649039
22288246639
22293983419
22296165739
22297613413
22298189999
22299159409
22299840529
22301044273
22303166933
22310316011
22311481211
22311536591
22312888729
22313191031
22314967303
22316800943
22318344973
22319295403
22319954203
22321752581
22327548403
22328409703
22328438941
22328802281
22329369983
22330547923
22337056813
22337698129
22339338313
22341240101
22341534581
22342370681
22343742191
22346674871
22348393213
22352545091
22354237813
22354424381
22357547203
22360966819
22365540973
22367835439
22371462973
22375298873
22375410923
22375562941
22385431091
22387772873
22390129903
22393316713
22393858219
22397749489
22401166691
22401191321
22401426953
22401721973
22402383877
22409221897
22410051193
22411498951
22423224311
22423859993
22428880921
22430250901
22434338081
22434787003
22434930191
22446150581
22447646629
22455199937
22455533081
22457773609
22458086957
22458716113
22459367509
22462783639
22474148941
22474853809
22476930313
22477685119
22481293951
22483226081
22485288863
22489448689
22494332713
22496630941
22498169599
22504974829
22507669003
22507703923
22520055791
22521040093
22522151321
22525389983
22525486639
22526147713
22528377439
22529197003
22529895109
22530024521
22531315897
22532389961
22536919519
22537460081
22537882519
22538457103
22539482957
22539846863
22540364381
22544304011
22547248303
22552521491
22554793609
22554917113
22557564619
22559543203
22559945599
22565194303
22567973599
22572049939
22574285809
22575113923
22576490539
22576658957
22578915319
22583753719
22584945139
22585231091
22586092303
22588036921
22589869517
22589905853
22590800923
22591720181
22592373403
22599226519
22599272873
22599766727
22600260101
22601740943
22607311031
22608708739
22609150933
22611007973
22611275923
22611640031
22613763703
22614681703
22617640963
22621712111
22622043953
22623512953
22624314943
22628907013
22629482203
22631150231
22632653081
22633758709
22633956619
22638303973
22642179919
22642651181
22642769329
22647335839
22647674509
22648938019
22649671003
22651259413
22652122781
22656495919
22657527103
22658278967
22659249139
22663428313
22666399009
22666779799
22667752339
22667853919
22668971029
22670182813
22676395309
22676633113
22678362013
22681448539
22682554729
22682708911
22683596209
22683746419
22685790409
22690381603
22690696219
22691061191
22694794489
22696159309
22696778717
22697059219
22698631883
22698815119
22699829807
22700075971
22702883503
22706919709
22707554413
22708786129
22709904313
22711723933
22711971703
22715179303
22721555081
22723121321
22724908303
22727483113
22730127943
22734042943
22734583303
22737346213
22740060221
22740761081
22742317181
22744079993
22749462013
22750623281
22751777239
22753489897
22759336003
22759449589
22759529887
22761368911
22761386911
22766589827
22767094429
22768943599
22771785409
22774200877
22775583139
22779552977
22782139819
22784820739
22786711921
22790506513
22793797099
22796136529
22802891413
22805844829
22806685609
22809371839
22809743629
22811142131
22811499103
22815608891
22818021943
22832484881
22832562703
22833884873
22835339809
22836167957
22836575329
22839465409
22840996309
22842692629
22844077303
22845731413
22846387219
22847156809
22848969617
22853199409
22857903619
22858071403
22858491919
22858584019
22859087957
22860919429
22862022923
22863752911
22866112963
22867705519
22868263339
22877938099
22878508909
22880843203
22883340703
22891490911
22896713239
22897024303
22902891313
22904675719
22904811973
22909092881
22912033121
22914101411
22918922629
22919563339
22922058703
22922769409
22923078931
22924673203
22926120011
22931619313
22932870739
22935430963
22937536883
22938462851
22939614619
22940321993
22940370281
22941284413
22941853303
22942504181
22943608819
22949002963
22951681213
22955443639
22959623419
22962307513
22962944509
22965029809
22965922519
22966059139
22967243539
22971747977
22979894417
22982124703
22983970129
22984466209
22984642339
22985823863
22987744489
22997875933
22998236119
22999369607
23000426531
23000569391
23005647281
23008417391
23010467933
23013413711
23017280021
23020217083
23020392953
23022705791
23023005931
23023784803
23026650961
23026830877
23028009581
23028203321
23029278403
23029449739
23029673413
23032671581
23036836513
23041282031
23047628941
23048578519
23049753403
23051057681
23051476813
23058247951
23059266403
23061024073
23062843963
23063603021
23065544713
23066092963
23066354081
23067856429
23068895029
23069103877
23069477419
23076919339
23077736719
23082841181
23084311121
23094216281
23095359709
23096014481
23096945873
23099536003
23101440311
23103186877
23106408011
23107161131
23107965403
23109586921
23111600293
23114345993
23114462887
23114653481
23114854813
23117713481
23123921971
23124282581
23128473703
23128694629
23130562943
23141409581
23146555951
23148184603
23150942923
23151457963
23157394303
23158415803
23158812613
23166576947
23169850303
23170200311
23170401901
23179596589
23183935871
23184367303
23184521291
23186298977
23192250581
23192598409
23193523813
23194052923
23196289219
23197218739
23200838923
23202608591
23204863963
23206135781
23207139953
23207872951
23209956013
23211143993
23213127221
23213406791
23216180681
23219304961
23220869929
23222356481
23222742581
23231647963
23232107963
23232753281
23238201131
23238566203
23241017963
23241739603
23242596931
23244378881
23250765613
23251627963
23251758403
23252394703
23252783891
23252862613
23254673941
23257760413
23258892799
23259354931
23260839313
23260985203
23262449929
23265449629
23266211993
23266296439
23272090481
23275277719
23275671931
23278480639
23281510943
23282753941
23285020211
23291807503
23308043021
23309198113
23310166031
23310651131
23313930923
23316474613
23316496871
23316860713
23317316291
23317791313
23319545839
23320195933
23327413391
23331565963
23333875819
23334826951
23335568911
23339053181
23339156839
23340006101
23342559739
23344808891
23345247703
23345468203
23348159203
23349941957
23353015897
23357361613
23357818339
23358365113
23363109191
23363502923
23365957039
23367579019
23368508539
23368973209
23369754409
23374696853
23375458429
23377083739
23378246113
23378444629
23392783339
23392849699
23393318941
23394953419
23397146719
23397528863
23398880599
23399234539
23399373229
23400894613
23407725703
23409622963
23411836813
23412181981
23412569839
23414986429
23419752403
23420417971
23420561993
23420713781
23425873921
23426613281
23429294113
23437202111
23440162211
23442402791
23444567203
23444819539
23456006381
23457115813
23457318881
23457451603
23458571113
23459235829
23460819971
23460988699
23470815703
23472343963
23474729329
23475392113
23476084921
23490030791
23490086891
23490783947
23490845113
23493752957
23496095239
23496735319
23501551691
23502325897
23505568213
23505956629
23507482951
23513279929
23517747947
23518845439
23522465081
23525911181
23528345839
23529256819
23529562729
23532818891
23533509613
23537573113
23545159303
23545826809
23547581203
23550836839
23552104897
23554295113
23555837419
23556311291
23556865699
23558164639
23558317729
23561882629
23567344921
23569506619
23571082963
23573826439
23574001897
23585346947
23589857089
23592654947
23595195139
23598119329
23598175039
23599585637
23600125421
23600972081
23601537191
23604133211
23606631973
23607979489
23608226713
23609988737
23611033973
23621443933
23624861891
23625416081
23629837219
23630169613
23636656429
23637834851
23638798637
23639245639
23641711481
23643269539
23643517603
23648443729
23651893883
23651938339
23652467911
23652870403
23657267509
23657280739
23658096229
23658242941
23661111311
23661120221
23668907599
23669106313
23673220391
23673757853
23676179689
23676810881
23677663853
23683439239
23683746319
23688059887
23693932519
23694749389
23695933909
23698237789
23700127211
23702643191
23704229933
23709185719
23709762103
23710604591
23713300511
23714740813
23724910091
23725022681
23726121581
23727882319
23728101581
23732729539
23734874329
23736502091
23737600963
23743938139
23745491719
23748215839
23749615429
23751769039
23752757239
23752872901
23756107951
23757525947
23758083529
23758533709
23761763629
23763428809
23764283911
23764526113
23765187139
23768873299
23769816019
23771233181
23773352413
23777229799
23777919827
23780912413
23780938967
23782103381
23785900921
23789245699
23789288717
23790163951
23791438609
23796058309
23798721977
23799706009
23802148091
23802827413
23803493503
23806348729
23811657739
23813868919
23815367911
23816574619
23818933609
23820065923
23821600981
23823439729
23824012781
23826035081
23826329951
23827901413
23831877799
23832807403
23835537013
23838270931
23839288489
23839937389
23842170973
23844198863
23845129961
23845575977
23847185419
23849012713
23851875977
23852121011
23852803603
23854184957
23854249519
23854265629
23854545947
23856114703
23856129439
23857220081
23857238239
23858012081
23859780019
23862011993
23864729887
23864924329
23865162313
23868383029
23870258911
23872257529
23873226931
23873638967
23875888607
23876766737
23879649499
23880156931
23884462883
23886359837
23893412839
23897267299
23901575839
23903987599
23904693947
23906982409
23907279889
23908644709
23910045581
23914977109
23917755863
23918408809
23922095941
23923760503
23923945519
23924397799
23925354403
23925367003
23926230281
23931656113
23936169409
23938019993
23940800381
23941080973
23942103961
23944514413
23949441013
23953644947
23954225413
23958223921
23958265967
23962188139
23964267139
23964564139
23964878627
23973812861
23974086319
23974258309
23974560619
23975690209
23985807589
23989836707
23996038309
24005018321
24006284923
24008648891
24010465781
24011324201
24012348923
24015058391
24021167953
24024084943
24024519191
24025424021
24026734091
24027460481
24030510131
24033300931
24034021273
24035407481
24041045411
24044151311
24044556703
24045706963
24046127381
24046790503
24047371963
24048885799
24048990439
24050004373
24059338819
24060550781
24062382973
24062788339
24066155081
24069893209
24070120211
24070914281
24071634281
24072640391
24072957851
24073596901
24076716739
24079267609
24079318213
24083295403
24088468967
24088823719
24091991113
24092028973
24093876409
24098585029
24099091213
24100114331
24100432093
24101130701
24102007921
24104066681
24104221811
24104606681
24104964703
24106118591
24111303283
24114692803
24116003173
24116656951
24118276603
24119038091
24121805111
24122412011
24129949219
24130348481
24131026001
24132343211
24133087091
24140222083
24143002721
24145781941
24148692709
24149668853
24150510431
24154478539
24160896709
24160998919
24162409987
24163025111
24163070681
24165484729
24169684219
24172003001
24173122781
24184742839
24186928699
24191788909
24195314081
24196611613
24196760911
24199094509
24200177591
24200435411
24201280331
24201402821
24204814481
24204929929
24205331963
24209764819
24211552121
24218198957
24220624781
24223128581
24226667719
24229571941
24229656439
24230988619
24232021273
24233871703
24234818941
24243558739
24244378303
24251602691
24254838851
24257338921
24257626639
24258706729
24267474013
24267571819
24270754513
24272956429
24274389319
24274500581
24278830871
24280315391
24282558947
24286776109
24288331513
24294060281
24297703303
24302656813
24302694613
24312603131
24316318181
24317565403
24320104631
24320926963
24321475813
24321548803
24325982809
24331884881
24335685851
24339361951
24346725313
24348078851
24350707813
24352125011
24352161877
24354411581
24355926103
24355963609
24356331281
24359981119
24360404953
24361237963
24362179819
24364235803
24365590303
24367711513
24373235713
24381327613
24382270181
24383624413
24387237439
24389511931
24390951313
24391288003
24391754861
24392179519
24394337203
24395263639
24397186909
24399865099
24399879991
24400719913
24401218981
24407114887
24409059739
24409751941
24410132993
24411405791
24413170121
24415984339
24416565829
24418850503
24420574181
24421638613
24423216581
24425064973
24425955013
24430721591
24440560933
24441386941
24445680313
24445705513
24454053191
24458508901
24461373613
24462824891
24462955609
24463370081
24468656689
24469073203
24472374881
24474516739
24476791789
24481371613
24486689089
24488741419
24493183303
24494417719
24495970129
24498922219
24499360883
24500128981
24501906973
24505643081
24506023211
24510128887
24510872713
24511110821
24512762081
24516923839
24522684313
24522797419
24523573513
24524102321
24525864947
24528187609
24528297319
24530102021
24530356181
24534666529
24535519639
24535762819
24539704729
24543878119
24544953947
24547247911
24550758619
24553356829
24553753729
24555906709
24562559239
24563643931
24564806957
24564818419
24566850013
24568514629
24568902851
24583409629
24585631729
24589461977
24594382429
24596025739
24600865603
24601549939
24603283091
24608507503
24609176629
24610555181
24614500121
24615384931
24615685519
24617876029
24618473629
24618888289
24620160311
24620383091
24622277503
24624013121
24628219909
24629759837
24631414391
24632160011
24632181281
24635973863
24637391113
24639358967
24639537799
24640280381
24645217603
24647095003
24648472339
24649210181
24649716863
24654555619
24658754209
24663642931
24664736329
24665879807
24669312931
24670957309
24676726853
24691526203
24694348309
24703399519
24705452081
24706531963
24709434829
24709741729
24710357713
24711802481
24712060031
24713790931
24717390881
24718705303
24719378209
24719914339
24720080591
24720291191
24720894529
24725394619
24726650891
24728552809
24729019729
24730198921
24735672947
24737622313
24739277957
24740129933
24740231993
24740848609
24743807719
24746984299
24747998923
24748227709
24754685209
24757859627
24758100973
24759040951
24764762419
24766870129
24768798137
24769170529
24769250113
24769346689
24771909139
24772297699
24772546429
24775722947
24778054519
24780042281
24780838967
24781905619
24784689437
24785270539
24787543853
24788133901
24791118829
24792108931
24794356039
24795115819
24798197089
24798331003
24799873607
24800153887
24801839539
24802788229
24803060591
24803623181
24806695219
24806987389
24815096539
24815775139
24818174809
24818209303
24819916909
24825295609
24826335829
24829164851
24829343719
24830299883
24831650803
24835108951
24841908709
24843110993
24843518911
24845503951
24852595853
24852664003
24853695589
24854628863
24855718967
24856708039
24856803947
24859315003
24861743719
24862615303
24864493789
24867690499
24868803863
24874142413
24876183229
24876564589
24880239983
24881353639
24881671519
24884956189
24885637009
24890714809
24892491139
24892726853
24895074977
24895867427
24902672891
24903298429
24904654213
24908724013
24910483603
24911553703
24912306191
24915789737
24915947689
24917281303
24920939419
24927445429
24929105503
24938327873
24938636119
24942927319
24947144539
24953719309
24956885089
24956887933
24959506853
24960960529
24962673919
24970383439
24972192013
24972812911
24973068863
24975831799
24976377289
24976675699
24981001933
24982919389
24986108509
24987382009
24988480399
24989936417
24991909399
24992533883
24995268737
25003382953
25004254031
25007001821
25007319191
25008444973
25009828639
25010132831
25011929977
25012016621
25012831211
25016761813
25018503581
25021327691
25022978203
25023217781
25029528313
25032111131
25032727963
25034678629
25038496883
25039115923
25042905191
25043227933
25044758861
25046472613
25047006581
25050702991
25051177181
25052130611
25052300111
25054884901
25055875003
25058257729
25059349429
25059672947
25061490973
25061739919
25068032923
25068359419
25068927319
25069350613
25071657829
25077205091
25079626003
25081223681
25082779129
25082809303
25084235713
25086749999
25089980957
25092265603
25093365931
25095146941
25095671957
25095987289
25097558599
25099085419
25104679819
25107897319
25108400963
25111075211
25113622943
25115041421
25116429703
25116585313
25118589319
25119486709
25119670603
25123337923
25126159957
25126254281
25127191963
25127279113
25127576629
25132453481
25134581081
25135767947
25139030591
25139211943
25143632291
25144890931
25144960513
25145858509
25149468139
25150560923
25152787609
25154874529
25155004943
25156968019
25157487139
25159548919
25160488303
25162231781
25167095113
25172442973
25176404713
25178420081
25185079973
25187779817
25188075529
25190055973
25190148703
25192188013
25193101897
25194408931
25194868399
25198095319
25201085887
25205172011
25205279503
25214072111
25215091933
25216472713
25223011921
25226674639
25229562829
25229827429
25235812813
25240809967
25242422021
25243909819
25244022311
25246537639
25249297699
25250114411
25251544963
25256513081
25257693319
25258335313
25263954619
25265074951
25268068429
25277310973
25277406313
25279474309
25282150391
25282953439
25283973977
25284916883
25285537883
25286901403
25287487009
25289130613
25290499789
25290888019
25290890539
25291929799
25292774239
25293116081
25294667119
25294971409
25296566599
25297264609
25297921003
25301594081
25305591613
25306238803
25310325791
25312902491
25313018953
25315214591
25320009131
25320155591
25322127491
25323444973
25324177513
25325142923
25327691629
25330900897
25333314581
25334114111
25334943313
25335374503
25336196957
25336836439
25338456901
25341008887
25344451091
25345261091
25345843213
25346005933
25347439339
25351388911
25351778509
25357395799
25358513839
25359882109
25361296921
25364854883
25364912941
25366640839
25368991009
25371294313
25371303011
25372299863
25372872439
25373635921
25376080603
25381872013
25382573539
25382608819
25385738689
25387637689
25394465329
25394664409
25394718799
25401921943
25404169957
25407428941
25408566709
25411424021
25411978429
25412179957
25412242781
25414880891
25417860313
25418413091
25420717963
25423349981
25427285809
25429701613
25434042877
25436483113
25436536819
25437824911
25438226413
25439008951
25440797419
25443137803
25443316181
25443765103
25446160963
25446626203
25451016961
25454055703
25455385429
25456267883
25456536709
25457165809
25457600803
25458772699
25458977717
25460228081
25460786419
25464927409
25468046203
25472301923
25481857853
25483002491
25488464689
25489711609
25491671911
25493116951
25496743039
25497752029
25501280681
25501754713
25504777429
25511111711
25512150311
25513244923
25519032191
25520415581
25526249113
25528288789
25529058619
25538804861
25542827203
25544135081
25544759599
25546515829
25546650403
25546923851
25547347429
25547808799
25548435439
25549037719
25552770403
25556911213
25557811819
25559490863
25560095413
25562215813
25573537519
25573936309
25574174809
25575969437
25582844509
25583084861
25583316739
25586412403
25589143883
25589358737
25591761851
25594376957
25595680909
25595761129
25596587089
25597085029
25604123887
25604176603
25609553719
25610185963
25615433803
25615953947
25616860729
25617639799
25622255713
25623118813
25623980719
25626661213
25627483883
25629093439
25630992529
25633697209
25634443603
25634486873
25637318719
25643323091
25644553303
25645921871
25645925419
25647961789
25649715863
25652703613
25653989807
25654760539
25655519419
25655580103
25659711439
25661527921
25661962429
25663287319
25664990209
25665372013
25667039963
25668323539
25670535829
25676388737
25681554529
25682713921
25689370219
25694866727
25696611901
25699295627
25701099313
25701240953
25708716013
25713592871
25715002031
25715331281
25717804921
25718028313
25718377309
25718912203
25725051973
25725382303
25727129993
25727157619
25729274509
25730275951
25730694529
25730753891
25737478399
25739521729
25740143291
25744133081
25746362539
25750875229
25759345699
25761408931
25771741213
25774407947
25779247009
25782518329
25784344609
25785205871
25786251013
25788032861
25789269707
25789369337
25790098853
25790351413
25798794199
25798810909
25802055281
25802738809
25805258113
25809676489
25812190181
25814718901
25816542881
25820639539
25821834403
25822246603
25823625829
25824061091
25832150381
25833843103
25835417911
25836437873
25841095921
25841863609
25849453219
25850881429
25852420963
25853392003
25857081013
25857921919
25860058921
25860463729
25860944419
25863717977
25864673599
25870069339
25873652509
25875983599
25877473399
25881071413
25881343921
25882545319
25885251709
25887027409
25892160313
25899379217
25899499007
25899832727
25903406803
25905146503
25906319539
25906638319
25908355003
25909106413
25912069961
25912952539
25913588599
25915543729
25918606429
25921715503
25925767009
25927122703
25931327413
25933363639
25937975627
25939522519
25940638519
25944554239
25945351921
25945452947
25946611819
25948046329
25948784599
25950049819
25952496109
25954206829
25958123957
25959673099
25967583737
25970954957
25972608229
25973994499
25974980299
25978866227
25981021181
25981097119
25981589807
25986747617
25987008977
25987468399
25989776027
25990949717
25991608967
25993285489
25998060139
25999200947
26002572923
26003098813
26005889963
26006051411
26009812963
26010991091
26016973729
26017053581
26017894519
26020491011
26021401631
26021884951
26024636713
26028753739
26031410173
26032254877
26034901391
26035598873
26035966003
26037187303
26041351943
26043910933
26046325181
26047628539
26049834947
26051400073
26051889889
26055053291
26056994209
26059259329
26061341953
26063016011
26063264081
26066634313
26069348419
26071277891
26078602951
26079317629
26083494851
26084338729
26085225703
26085953419
26086914013
26089392863
26090521481
26090592739
26090933503
26091886039
26097930619
26098222603
26098833799
26099140513
26102248481
26102485813
26108192713
26108403961
26110625971
26111154221
26112898519
26113091887
26114681713
26117708891
26126047813
26126125933
26126619971
26129586229
26131426933
26135980729
26141620781
26144895229
26145806839
26146286539
26148595699
26150487739
26152598509
26153212781
26156600923
26163820181
26165923639
26167340081
26175541603
26175884029
26178532819
26179020281
26187285977
26187346519
26193298129
26205403943
26209262081
26211284923
26217101321
26218826911
26221286713
26222097613
26222519933
26222709703
26223548891
26223955213
26231180953
26239481539
26239684129
26241184091
26244212681
26244635839
26244661603
26244983329
26249098129
26255587129
26256383203
26260479983
26261745931
26262448921
26263498853
26264404091
26269395589
26271140887
26271384313
26273069629
26274476419
26275497019
26276543809
26278698499
26278921003
26279059789
26280500111
26287283419
26288502739
26289051829
26292637883
26295027881
26295507709
26299184599
26302717813
26304355963
26306029903
26307096313
26309446213
26313959509
26314755403
26316274951
26318097709
26318434951
26318653213
26319108703
26320036781
26325248839
26330891413
26332796239
26337848209
26341886509
26346421181
26347098863
26350665881
26354023391
26356750729
26357464519
26361208963
26363931931
26365056313
26368093519
26370791539
26371543951
26372573809
26374308739
26375995699
26377479199
26379835399
26380724413
26382289699
26388591589
26390258911
26390277103
26390485339
26393316931
26397452509
26397948617
26398038319
26399024629
26402140001
26402985013
26404717513
26408129981
26408749039
26410127111
26412062993
26414776519
26415585709
26418133813
26418209413
26422103321
26423608513
26429415403
26429451403
26436005381
26436627439
26438042713
26440656313
26441439403
26443354603
26447166439
26447238901
26448830539
26449652329
26451287113
26451896599
26458971499
26459074003
26459899127
26460800291
26460934921
26461617313
26461844719
26462743729
26471661313
26475107839
26476090639
26478414439
26478700921
26480548519
26481982039
26482871329
26483799499
26484354901
26485779499
26486547019
26488092409
26489712229
26490575239
26492418947
26495066239
26499904009
26500137491
26500608191
26502401963
26503814081
26523441281
26524555639
26527210481
26527646419
26527803881
26530479439
26531272091
26531674303
26536575319
26537352739
26540964529
26549641883
26551504813
26556812957
26558337139
26559103951
26561776039
26564175901
26564235403
26569147789
26571728873
26572890919
26573723629
26578275109
26579477599
26579522509
26581856689
26584177853
26584506901
26585398727
26590160081
26591136881
26594158039
26596016539
26597354689
26599398913
26599477517
26605290703
26605664203
26605725313
26610644803
26611721291
26611767709
26616791419
26618429419
26621024993
26622703813
26624422091
26624847229
26624962883
26627335921
26629185977
26629341313
26631591313
26632483921
26639325103
26644923947
26645199589
26645427439
26646723013
26647868089
26650430291
26650831951
26651558873
26653176439
26654629129
26654736319
26655808219
26656780039
26659320739
26659413947
26663264629
26663674129
26664340513
26665628599
26668391209
26671709963
26672772229
26676462863
26680740739
26682215503
26682314891
26686522609
26686570219
26687809727
26690592139
26694023413
26694272873
26698254109
26700513491
26702762413
26703593911
26705619439
26705864873
26709507901
26711776519
26714275871
26715245941
26717640931
26718371629
26719008829
26721746539
26724096709
26728879399
26729008213
26729205931
26733077719
26733741739
26735156113
26739800809
26743465429
26744689099
26748525319
26751198977
26754180829
26760393529
26760635203
26772132703
26774912509
26779320709
26783489807
26784479537
26793799037
26796203719
26797207039
26799849017
26807401963
26808793009
26811155803
26813209939
26815671013
26816503951
26819731429
26821871957
26822626213
26824523503
26826054403
26828208947
26828215303
26830353703
26832973309
26834655863
26836400081
26837150941
26837619019
26839613873
26839742029
26840844529
26841836509
26844673853
26846569637
26849016013
26850578119
26850778489
26851485319
26854470947
26855157799
26855635129
26857761589
26859982399
26860352503
26864372239
26868802967
26870155303
26875705699
26876677517
26878735699
26879312329
26879794127
26881173439
26883380239
26884421719
26888606299
26891829827
26892025819
26892084319
26892910003
26896332919
26898108947
26899918037
26901674203
26902129913
26902753921
26904642829
26905523413
26906380213
26906750809
26907091639
26908325809
26910809539
26911310021
26913367609
26916920113
26917983289
26919028519
26920544503
26922653861
26924472013
26925549589
26927506429
26928261439
26933511613
26933952319
26935065851
26935215403
26938572109
26939710883
26939758933
26940639889
26942217829
26943506861
26944389827
26946947717
26950083313
26951891599
26954461609
26955133213
26955337039
26963760919
26965296289
26971365409
26972757199
26974990699
26975363599
26977953617
26978991407
26983884527
26985225863
26993325319
26995096727
26999491399
27005884729
27006296413
27013690181
27016479103
27017796977
27017969029
27018652513
27019970539
27020158933
27020498839
27020989003
27021669739
27022214963
27023691703
27024396313
27029854339
27030745813
27031238291
27031462481
27034152581
27035646881
27041909929
27045585103
27046676329
27047121961
27048690709
27049160713
27049494319
27053568439
27053929519
27054112781
27055125281
27058681519
27058925419
27069909109
27070940713
27073648883
27075790883
27076239709
27078154819
27078529039
27080089639
27080860603
27081690403
27081867863
27083219413
27083268529
27085625719
27087006703
27095153413
27097470013
27099894527
27102387703
27110659957
27114347713
27115112963
27117386861
27117865609
27119930503
27126762931
27129349339
27129750313
27130200131
27131063111
27131153591
27132869899
27133166803
27134186941
27138491203
27139770709
27140239813
27144924739
27145633951
27145736203
27146395519
27146846329
27149243413
27149273719
27151685629
27152031131
27155194303
27156970339
27159077873
27160325923
27161420887
27161727403
27163755851
27163767409
27164478977
27168184339
27168335539
27170005943
27173050481
27173814403
27174829789
27175915883
27176514881
27176646229
27179703619
27181953901
27184619963
27186467029
27187361629
27188415619
27189224809
27196307629
27199024819
27204110711
27204540943
27204709957
27205488529
27206194513
27208177729
27208240933
27210610421
27210840011
27211530953
27212867719
27214557313
27217711813
27219654013
27229094911
27229907329
27230519977
27236939999
27237942439
27244405091
27246119839
27257379109
27259898923
27260963957
27261932839
27263212391
27263336413
27267444709
27268063213
27269444239
27270104111
27275271739
27280161191
27283754873
27284475409
27287450629
27292979807
27295349999
27299218967
27301395703
27302280491
27303171491
27306358213
27309517303
27313807513
27314095951
27314286313
27316348303
27316411933
27319337113
27320888509
27328075871
27329990599
27330776719
27331300001
27331946539
27340387639
27342222581
27343716931
27361975219
27365128729
27369594289
27371083951
27374295139
27376013803
27382131191
27383254303
27385209013
27385857199
27385977527
27388508689
27392916409
27392958737
27399016339
27399990617
27400038877
27404629729
27407822941
27408276013
27415772203
27418160713
27418829209
27429211963
27430964629
27436543639
27437125603
27438870139
27439187029
27444047941
27446327539
27447282619
27447302081
27449250403
27449501941
27451476439
27452337881
27453346303
27455138957
27457154911
27465713203
27475917947
27479916199
27481589299
27484081213
27486668717
27487739627
27492574699
27496272799
27496346029
27498781637
27499513039
27500531111
27500710031
27506089609
27507960901
27509771329
27514367539
27517198853
27520695947
27527443819
27530079919
27537023081
27540916213
27542529983
27545708873
27546350941
27552200887
27556353901
27556457119
27556570609
27556689437
27558610213
27561498499
27569769317
27569967913
27570482911
27573917689
27574974289
27575079019
27576993617
27579571489
27581468209
27586271239
27586810883
27586913209
27588461209
27593698607
27596413003
27599485933
27600685729
27600810491
27600974911
27601631923
27603744313
27605667977
27605780809
27608553103
27609882947
27611249503
27613160291
27614404963
27614903413
27615649129
27624912313
27625172503
27629101963
27632659897
27633529519
27635410091
27637889507
27638131603
27638278489
27644293609
27648107719
27648276589
27651567319
27653673919
27656662853
27659037799
27662369029
27664440403
27665588627
27667602439
27671034613
27673043941
27675562699
27677454589
27679006609
27679342129
27685958327
27686199707
27688964923
27695342509
27695885417
27697011931
27698402873
27701291081
27703890901
27707053603
27710115581
27711734503
27711753739
27714726439
27714893029
27721669897
27723603613
27725771509
27731861719
27732339983
27733236313
27737554129
27738587089
27741328729
27742154941
27742924609
27744050713
27745517329
27746535799
27759346399
27760629409
27760844329
27764366029
27765132403
27767178737
27768098599
27774318919
27777005629
27778230947
27784073329
27784110703
27785520709
27785625947
27787151239
27787252699
27790852853
27796397327
27801437941
27805817873
27807380957
27807519889
27810294829
27810984863
27811027091
27811646861
27811941739
27812584339
27813411973
27818588599
27820135813
27824309809
27825074911
27826367689
27827233729
27831905719
27833131091
27833574319
27836751863
27841132181
27843811871
27844613911
27848325919
27850461739
27852844909
27855603851
27857854637
27860538799
27862438129
27863027809
27863222941
27863901529
27864939437
27867866417
27873125911
27875244409
27878879909
27879607099
27882113503
27886152863
27889212919
27889364717
27892102603
27893495627
27896382737
27896890517
27899410219
27904745419
27905000933
27910005581
27913715719
27914332951
27914406739
27915314503
27916446139
27919470977
27922421081
27923309993
27926079989
27929145799
27931632931
27931954129
27932383519
27934921519
27936700303
27940256629
27943018871
27943394029
27943853029
27945080113
27946083229
27947017429
27953049889
27954502819
27955715209
27958211629
27958725737
27959388407
27961428409
27965637289
27966128689
27966532309
27971751229
27974795923
27975439637
27977210113
27977394527
27977890427
27981460519
27981612013
27984510013
27984916699
27987010819
27987825527
27988759919
27991144609
27993856337
27994011739
27994297399
27995612209
27998493137
27999437507
28004171887
28008521381
28008935113
28015931803
28016511491
28022293181
28024425973
28025279809
28027574203
28027704703
28029309313
28030014611
28030316021
28035164081
28038263941
28038767209
28039000897
28040140001
28040638513
28044343181
28044757519
28045376539
28046214281
28046925103
28048707013
28051600691
28051602581
28053102131
28054308703
28055895499
28056561931
28057175957
28057610803
28059548029
28061563951
28062962861
28064482921
28067538977
28070782921
28073844947
28074646609
28075029739
28076132713
28077927947
28079766289
28079929699
28082875039
28087000481
28088142829
28088922919
28090794139
28091993029
28094198029
28096125881
28098814039
28100460953
28101072221
28101214331
28103379919
28104559729
28106666719
28106909629
28108105391
28112597861
28114014311
28117311491
28117494103
28119338809
28121400431
28131121001
28131897229
28132121231
28134924739
28137904303
28140661963
28141647739
28148541931
28151041031
28152855529
28153008973
28155937699
28163929309
28165383619
28167682853
28169899127
28172465539
28176255529
28179076967
28179360901
28184552629
28186528967
28187055709
28190570413
28191137941
28192023973
28193914429
28194925699
28197439489
28201669819
28203108961
28203402221
28203535813
28207889299
28209178003
28216808911
28217838409
28218749029
28222125923
28224510943
28224954529
28225874329
28226873509
28226978389
28232081291
28233879109
28234786967
28235169103
28235946229
28237091503
28238104963
28241937439
28243391503
28244678029
28248119951
28253482819
28253625931
28257744139
28258095863
28269030613
28271269003
28273442941
28275218957
28275252403
28276597189
28278232921
28281112933
28283137639
28288966933
28290592339
28291133081
28292586947
28295661319
28296257599
28297135519
28297714853
28301920391
28305509839
28306087819
28306141481
28307784863
28308058213
28309087003
28309535113
28312666639
28318764863
28328103191
28329416113
28329734239
28330639303
28331870503
28331898499
28332987019
28333925911
28334803951
28337159509
28340407091
28341248839
28341739609
28342759789
28344438439
28348418239
28348699607
28356847009
28358020181
28360339729
28362058213
28363237871
28363656319
28366269499
28366869499
28367015503
28369554019
28374365329
28384204951
28388566637
28389952637
28390568957
28390789727
28392989921
28393601839
28394878399
28402005311
28405999969
28407437957
28414967029
28415939119
28417417871
28417656409
28421897029
28423539103
28425014291
28427311813
28428282947
28430754739
28434035803
28434327403
28435641739
28435890229
28436171839
28438529029
28438927399
28439244709
28439270957
28442580931
28444989437
28448691589
28448860309
28450250923
28452792139
28453734619
28454509519
28456935019
28462987699
28463760439
28464609799
28465163539
28467077689
28474299199
28474593947
28481537509
28482320803
28485314629
28487946499
28489866137
28490405413
28491063313
28491264103
28494483109
28494925399
28498220911
28503605803
28506921739
28506999527
28512944539
28513633513
28515446203
28516164829
28523962609
28526290213
28526665309
28529091947
28532035963
28532791429
28537296019
28538147873
28539573499
28539885527
28543838689
28547454863
28547612809
28552176619
28552591883
28553074639
28553672239
28555725977
28556811851
28560823639
28561418957
28561752619
28566548299
28570562539
28575666199
28576526119
28576702519
28577108509
28577345119
28577940947
28585266109
28588089527
28589729237
28592325851
28593539837
28594082329
28597298237
28599658099
28599956117
28605685789
28606686109
28617206941
28618290947
28618298299
28618462003
28621622713
28625169319
28625585689
28626633103
28626804439
28627269589
28628696599
28629422113
28630588309
28631490931
28632205813
28632838309
28637585299
28637712619
28640247403
28646214829
28646306809
28650002993
28651060091
28652256901
28653356873
28655382229
28655689607
28658791099
28667351329
28667808289
28670434213
28670777299
28674338029
28678466599
28682008921
28682922319
28683128329
28685635399
28685738089
28688259499
28690441729
28691896399
28693078009
28693679327
28702728013
28703437729
28705486699
28708598089
28712494883
28715298019
28720816819
28724289499
28727039329
28727527789
28733318539
28733694109
28738135609
28747921039
28748215519
28748485699
28749659831
28749663737
28751070703
28752618799
28754174873
28755601921
28762082809
28762090639
28763844019
28770463429
28772057239
28772467489
28774577537
28777140013
28781405911
28781632339
28782540901
28786710863
28787310529
28788656327
28792311739
28793636299
28794737627
28795701139
28799187227
28802488219
28802600291
28804526957
28805194339
28805635003
28806374329
28816664119
28823897717
28827526309
28829595437
28835437129
28836750799
28844448019
28846867607
28847435599
28847664289
28857423863
28857773627
28858047499
28858710799
28859730019
28859838913
28864822309
28869809893
28869835607
28870165609
28872325883
28874240809
28876384189
28877828327
28878251599
28879806617
28880545219
28883485637
28887194627
28888891217
28889713189
28890158029
28890513013
28891223957
28892839427
28892958407
28895120113
28896553727
28898177299
28902138739
28905406213
28907603911
28909569617
28912138921
28912480921
28914820303
28915806229
28916233921
28917641509
28920407839
28922818219
28927304911
28928220403
28932371203
28934265229
28935390139
28936138219
28937093599
28937774717
28939368707
28944319897
28944904039
28945570039
28945804309
28947630863
28947818089
28954641977
28959539237
28961154619
28964551219
28965008329
28976150509
28977020911
28977566923
28978773137
28980737389
28982054873
28983351409
28988566037
28988713099
28989561437
28991840029
28997471717
28998003799
29006141953
29006297539
29007097871
29012151221
29013399529
29013498947
29014791881
29016855103
29018991409
29023022411
29023141943
29025568609
29026297609
29026833739
29027212481
29030884639
29033893519
29036983309
29040142031
29041398619
29044970113
29045245951
29046405613
29046606829
29051011421
29051450381
29054943851
29055611803
29056501091
29061294739
29063502973
29066167003
29067197119
29068326439
29071180091
29072208703
29072408941
29073722891
29075772919
29077047529
29081593339
29086860863
29087075873
29088108013
29090455921
29093000933
29093961977
29096367589
29098897307
29098994923
29099360239
29101973503
29102530031
29103066191
29103615973
29105663413
29107025291
29108587699
29108759209
29109186709
29109561931
29109573439
29109763429
29112629929
29117167921
29119326403
29120167963
29124929963
29127184871
29128495789
29132957509
29134315813
29134428931
29139187309
29139330613
29140496113
29141178739
29143382413
29144184931
29147208313
29147613829
29153237413
29160225973
29163659029
29163737873
29163927409
29172601813
29174141081
29174550403
29174997437
29175452629
29175823003
29176643239
29181340963
29181680113
29183067709
29183816509
29185213513
29186825599
29187675289
29188311403
29188747099
29189271799
29190487699
29195139139
29197019419
29200523993
29202479629
29203469629
29204450291
29210294713
29212817941
29218334839
29219276329
29219457919
29221361381
29222205581
29223479963
29224698109
29231564839
29232869599
29235735709
29238197689
29238690799
29238863029
29239214839
29239366853
29239522303
29241991003
29249860309
29252016973
29252844013
29263655419
29265295789
29269712509
29270607739
29271558139
29271860809
29273534113
29274411703
29275465129
29276243809
29277585199
29278945637
29280011993
29280682883
29281126951
29286436789
29287036003
29289132619
29299765933
29301371381
29307647329
29307685219
29309100943
29310823181
29311092191
29314585609
29315387509
29319719887
29322113971
29322732613
29323585003
29323917013
29325581539
29326367509
29326741729
29328604303
29329094419
29331008381
29333275819
29337029993
29337871699
29345318203
29346277039
29349265219
29353160803
29353204963
29353962863
29354496947
29354593967
29354952229
29356237429
29356416619
29357974699
29358721429
29358938627
29359506409
29359611709
29359775717
29360110211
29360602963
29363947489
29369927627
29370444403
29371094719
29379550699
29380897699
29384780209
29391351739
29391583853
29397552109
29401784809
29402477809
29403588139
29407538239
29410196839
29415791239
29416461313
29416478029
29419019719
29419782947
29419999307
29421874883
29423892919
29424585139
29424709519
29426097139
29427126829
29427343639
29427424921
29433448339
29433781519
29439056873
29440259809
29442817003
29443091941
29443462729
29446000391
29446394119
29446477009
29447524339
29457009619
29458589921
29461373861
29463732439
29463785389
29464621213
29466743209
29468929517
29470393429
29472373429
29472711739
29473233739
29473510603
29477371219
29478405409
29478837499
29479393189
29482314881
29483815219
29486617399
29488161319
29488569199
29492726209
29492879893
29494293019
29495277199
29496351229
29496353119
29496630409
29497962617
29498686307
29502818539
29505676699
29508000877
29508301091
29509339039
29510290091
29512402481
29513104391
29513451703
29516490439
29518993727
29519390419
29520886309
29521803613
29524071613
29524486699
29524899527
29526481003
29527117303
29529630439
29529825109
29534845699
29536129429
29536640113
29538015739
29543803819
29546322931
29547324619
29556264319
29556621439
29558359189
29558380909
29559109897
29560946119
29560947019
29563096309
29563187029
29563988299
29567576089
29568335119
29569862627
29572504729
29572803709
29573328409
29573482129
29577600901
29579020819
29580388489
29580574789
29581347799
29582135203
29585820139
29587515499
29594206003
29594533699
29597939027
29603870957
29604770203
29614892119
29615720839
29618921873
29618947727
29619810439
29620122491
29622576229
29622965209
29627955199
29631395509
29631954409
29641420091
29643749299
29654695727
29654942599
29655130513
29655132931
29655133639
29657084957
29659682089
29660518609
29662073113
29662811809
29662971109
29666594717
29667939883
29670996499
29671360871
29671923977
29672188009
29673634789
29675355019
29686049389
29688644537
29690262439
29692651039
29693470129
29694305419
29695320439
29696078627
29696148289
29696929981
29701035191
29701410581
29701592719
29704288129
29705265619
29706107891
29709595099
29710302581
29712508729
29713782863
29714634619
29714793109
29716192003
29718174229
29718212413
29719869199
29720157403
29722020943
29723192809
29723550403
29732729209
29735234629
29737927727
29738450509
29739603409
29744291509
29746526209
29746554589
29748425029
29749830589
29750089129
29750703739
29755933489
29756572399
29763053629
29764216883
29764556389
29765061103
29766874933
29772631883
29773504339
29774156957
29774214013
29775678407
29776013629
29780163103
29791704863
29791851589
29793240619
29793485537
29793527389
29793736727
29797699853
29800600391
29804418439
29808008957
29808319039
29810592103
29813244313
29814308809
29815552883
29815553329
29818126339
29818931119
29820661921
29823363439
29825109103
29825589527
29827433329
29827453129
29828055409
29831956009
29836122829
29836398617
29837061619
29837413003
29839281947
29843591599
29846240719
29849594507
29852369389
29853819199
29855237957
29855933389
29858929099
29863830319
29865048019
29867442109
29875216309
29875389883
29875468607
29887817327
29891562499
29891985199
29893738517
29894802947
29902096429
29903373901
29904796189
29904923239
29905114513
29907026861
29907170911
29910657229
29911952509
29913181303
29915154851
29916420829
29922486109
29925017113
29925374029
29926269799
29927040931
29927387627
29928162863
29929017799
29930408719
29930887099
29933165239
29933637499
29934244429
29937963437
29938375189
29938449707
29943391967
29947956407
29948208947
29949503599
29952702529
29953751957
29953769921
29962676089
29965222519
29970710719
29971921219
29973224873
29975161967
29978282627
29979175337
29984351209
29990910799
29992647437
29992701229
30002271401
30005224211
30005301701
30006329021
30006549281
30009574963
30010261601
30014702621
30015923591
30016059011
30016192781
30019615391
30020150773
30020520583
30023181521
30028532591
30033357877
30034011431
30034383877
30039205211
30045798529
30049963819
30050949923
30052627481
30053515691
30056459413
30058028381
30059552713
30060608933
30062004131
30063787213
30064146011
30066204221
30067706803
30072999409
30077050781
30077228803
30078388883
30081182111
30083996419
30089878009
30091799873
30092014331
30093314971
30094917739
30095935921
30095957239
30097858309
30098311391
30098458609
30098609951
30100160939
30100438421
30101872211
30105526897
30106123093
30110253821
30112642421
30117103921
30118288951
30121419311
30122265791
30122430931
30123042283
30123932681
30128208491
30129010211
30132489703
30134598313
30140329781
30143261321
30143728963
30144068291
30145768871
30146733191
30147421897
30147430031
30148666213
30151206611
30159679699
30160274887
30164802961
30170173031
30176915941
30178171813
30178808203
30181799419
30183226481
30185079971
30187674947
30189186947
30190218943
30193937629
30194468809
30198283729
30198781003
30198799727
30199184629
30203511931
30204997213
30208190993
30210452201
30212769967
30213201673
30214615121
30215408681
30217758313
30218224121
30226785829
30227538703
30227775313
30231003611
30234830953
30235639939
30238098829
30238133111
30240802421
30244521311
30249750613
30250031831
30251995303
30254778709
30255481181
30259953439
30260335943
30261138581
30263079967
30265668947
30270117221
30270400921
30274984609
30275114591
30285177313
30287003111
30287760313
30291353291
30292797229
30294439639
30296851213
30298038931
30300506993
30300507011
30300513731
30301280531
30303744943
30304044983
30304301411
30305416781
30310007501
30310410521
30310461073
30311342993
30312338591
30314272943
30316041901
30316489729
30318324877
30321160273
30321769939
30323628281
30329964013
30332220731
30335153993
30335325961
30338450381
30340304021
30340658713
30341863091
30343412321
30344055491
30348292603
30357287113
30358211111
30358827619
30364848947
30364995319
30365774539
30366151391
30366293891
30367980529
30369633313
30370762813
30370880713
30371837891
30376223291
30378300877
30378874129
30379110011
30382602581
30383600971
30384593203
30384666947
30389934409
30391709839
30392906503
30393269719
30394451081
30395657329
30397533931
30400062283
30400509221
30407307011
30412205531
30415622971
30426735613
30427873921
30428381803
30432135221
30436859419
30439140877
30441269933
30442734191
30445569439
30446033953
30448948853
30450658603
30454496911
30457594883
30463946809
30465765013
30466031681
30466219939
30469378967
30472241953
30473120231
30473399329
30475936429
30480519613
30480839951
30486849499
30491066803
30498575119
30502828963
30502887829
30503032631
30505928503
30507836941
30510342521
30511979629
30513211301
30520282691
30521067877
30531705923
30536178931
30537416803
30538814503
30541718803
30541794931
30542488213
30542849993
30548296003
30553477303
30554897599
30556216181
30557950921
30559120391
30560437091
30561753613
30561777901
30563706703
30572738113
30573975409
30579977537
30582134381
30583286203
30584669029
30589491409
30591031781
30596163739
30602697739
30603151973
30606000283
30608738911
30608925313
30610107901
30610174897
30614597809
30615490813
30616760803
30617053391
30628285871
30631066481
30631740961
30632129291
30637941403
30638511973
30642787429
30643848709
30644638729
30646310111
30652656403
30652721381
30653581951
30656060381
30658166719
30658838689
30665539609
30667205081
30669788089
30670971739
30671030321
30671432291
30672871213
30673059971
30674119939
30674494003
30674681809
30678470629
30678762409
30679990399
30680730973
30681137803
30682221961
30686222713
30686318629
30687764599
30689977427
30690319603
30691748239
30694216603
30694247113
30697189399
30697243729
30697679627
30699580039
30702109211
30705639403
30706846213
30708657439
30716019281
30719465911
30719619103
30721498729
30724805803
30725032691
30725309933
30727398319
30732667871
30735983329
30736378429
30737493901
30744261973
30744987019
30745629619
30750218381
30751377403
30753288901
30753634603
30753851941
30759711403
30759799517
30760642181
30764939119
30765173839
30770452091
30770919709
30772134191
30775388029
30775844873
30778652329
30783087529
30783633739
30785604881
30788868499
30793911829
30794203091
30797299727
30798540947
30799363219
30801256933
30802998409
30808569409
30814240031
30817122491
30819919219
30820898239
30820991503
30824679889
30827884309
30829163839
30830768113
30831497629
30833952739
30833976863
30834826639
30836003591
30836782003
30838108603
30843482503
30848258239
30848838109
30858668389
30859258699
30860744503
30862716931
30864597499
30866169409
30872589499
30873087709
30875128303
30875300381
30877194863
30878164003
30879739727
30881923871
30882760819
30883196419
30883266709
30884578009
30886237883
30886498099
30888046429
30888673489
30889246699
30890120971
30892553539
30892920739
30901649413
30901713923
30904610993
30905116933
30905123933
30905589139
30905946901
30907315091
30910323221
30916916203
30918449329
30924737719
30925862113
30926933911
30928628509
30929095429
30931931081
30935677789
30936946129
30939934219
30943998289
30945748129
30945823819
30946309819
30946527851
30946799089
30950079313
30951641803
30952130887
30952323973
30952737103
30953771911
30954113291
30956661013
30961772957
30964241713
30964806619
30967102091
30967866289
30968601931
30969363977
30972563203
30973093639
30973101491
30973899499
30974701603
30974757109
30974891957
30977124881
30977271439
30978276947
30979144519
30979585727
30979659499
30982429003
30983676019
30986406901
30987729827
30996471409
30997922209
30999597913
31000264811
31000481173
31002202873
31003001893
31005111673
31005269291
31005898639
31006806581
31011009131
31011396011
31013003683
31014097481
31017661391
31017885403
31019529703
31022365897
31023769603
31024346993
31024847713
31025413511
31025796313
31031173973
31032186011
31032290321
31036455973
31037389961
31038594403
31039766861
31046469739
31046883313
31052042201
31058376931
31058563513
31059876919
31062080411
31065858619
31066873921
31069382503
31069772809
31069984219
31074072877
31079685863
31081290943
31081738951
31082087713
31082829829
31087818851
31095231491
31097567873
31097836519
31098706871
31100122693
31102564211
31102929953
31114210483
31114320283
31114656281
31117597729
31118244923
31119967883
31120206283
31122743681
31123364887
31126416961
31127813923
31130914691
31131091331
31132653491
31134411901
31135311073
31147085803
31149815941
31150108001
31150647973
31152268963
31155457951
31156488529
31161773803
31164487639
31167397003
31170375281
31173767957
31176584539
31177556629
31177731703
31177880203
31179015191
31181440781
31181441887
31189635947
31190687719
31196547439
31199158429
31201400801
31202348953
31204525981
31204913111
31209387931
31210309331
31212092321
31212279913
31212646481
31212710621
31215254887
31217999977
31226102993
31229960941
31234469503
31236900943
31241684713
31243806973
31244192923
31244810111
31245111983
31245332681
31246204897
31250198713
31250889983
31251926803
31255774639
31257985309
31259179519
31260711311
31261506877
31262090681
31262118961
31265829709
31274212121
31274859229
31276608739
31277591809
31277966029
31285357819
31286918419
31290431933
31291175803
31294973239
31296677029
31297286239
31299462013
31303324511
31303893703
31305104993
31305746081
31307370961
31309000721
31312158877
31315202531
31318478539
31322448973
31323209591
31326693313
31330634021
31330670887
31331867503
31332552011
31332943963
31333540943
31342559929
31342623581
31345129181
31347709961
31348966699
31350416971
31351797947
31352379739
31353897409
31354058713
31354123211
31356522191
31356533713
31362838729
31370042411
31370801887
31370882941
31372727891
31372798129
31374721813
31376862851
31378728319
31380324923
31380860803
31381609603
31381990921
31383551081
31385249113
31385483719
31386466519
31387722739
31388395309
31389060613
31389253921
31389597199
31390090481
31391916739
31393565113
31395333703
31395885947
31398007951
31406289403
31407976609
31410196933
31413384973
31415988319
31416800953
31418397529
31419593911
31421101331
31422904481
31423876639
31424303321
31424489951
31424902391
31426040231
31430212921
31433850191
31434521681
31435471181
31436792957
31438538539
31439376439
31439781619
31442662091
31447286809
31447368947
31447856329
31448277013
31450367803
31454809303
31462469719
31466087911
31466385529
31470398203
31473466729
31475312381
31475770303
31484518213
31488570901
31489273883
31491132923
31498697627
31498732519
31499893189
31505777861
31506213131
31509755957
31510969909
31511573381
31513329191
31516673891
31525981639
31527006491
31527111131
31533711491
31535772739
31535833951
31536317713
31537457719
31539222191
31539816013
31545375881
31547931829
31548706729
31549259509
31549751539
31549781873
31551658871
31553222111
31554734503
31554910813
31555255951
31555597039
31563469519
31566741881
31568508901
31570161943
31575766909
31575787489
31582579219
31585457419
31586644003
31595246629
31596493967
31596721921
31597007941
31600015093
31600067111
31605851803
31606304591
31617733603
31619673013
31620817181
31623467413
31625149939
31626616951
31626675529
31626717739
31627301933
31628957599
31632866539
31633667539
31644651613
31646814931
31646867689
31650049091
31654336603
31656688009
31659406213
31663786309
31663835719
31664277709
31668590329
31670003411
31671667883
31672020311
31673521091
31675173931
31678988507
31680499853
31683666799
31684970329
31688914909
31690043381
31692776957
31695660947
31697626039
31704465703
31705049933
31707383891
31716104887
31718408941
31720349933
31722783881
31724336713
31725275891
31729221191
31729365439
31729384339
31731516281
31734744403
31736534839
31738001681
31738676209
31745239961
31746362891
31747434881
31750386931
31752926203
31753178861
31753461613
31755079519
31755931213
31761105581
31765780883
31766190931
31767636863
31769885627
31773561829
31774122973
31775824519
31775870509
31778145013
31782591947
31783217891
31783381871
31784119729
31787250881
31798875707
31799763199
31800911111
31801144691
31802007311
31802886529
31806369103
31807970539
31808843113
31809835339
31810279957
31810428191
31812885947
31814233481
31818539509
31818743629
31819434739
31822039987
31823168413
31825957853
31828727239
31829707883
31832201321
31832902813
31834322381
31837218313
31838941429
31841214943
31842288619
31844958589
31847830871
31852151291
31852655957
31852672213
31853088851
31853120953
31853327413
31855950103
31862128951
31863176911
31863266629
31863717709
31864248439
31864284103
31865456509
31865706013
31866540313
31867533013
31867824319
31868235439
31869350809
31870695229
31873168003
31873308881
31873978699
31874742439
31877683489
31879433329
31883991947
31884623629
31887515329
31888361419
31888641409
31890937219
31893820639
31897237219
31900111093
31901316581
31902507191
31905578329
31905959689
31907760931
31907971429
31908195439
31908956119
31910343961
31913764303
31915026973
31919482883
31920521993
31923421391
31926275809
31927362829
31928676019
31929019729
31940536951
31942788019
31943100131
31943718619
31947845029
31951665439
31951980103
31954571629
31955219951
31956493853
31959944389
31961337739
31965633709
31968198737
31978052203
31978179199
31982359039
31987152619
31988327029
31990707103
31991065303
31999424599
32006212631
32010137531
32014745923
32014945091
32015926181
32016155021
32016560111
32016623971
32019424933
32021240411
32022075131
32023122311
32023661993
32024400931
32025286091
32025688921
32028482081
32029828213
32030583581
32030981923
32034830111
32037010183
32038089739
32041603511
32044179613
32044611791
32046108011
32046874729
32049450281
32054683513
32059797499
32060681291
32060821691
32061111821
32062341221
32065345181
32065772891
32067883429
32068041581
32071590281
32071929971
32072329943
32074856113
32075286931
32078991229
32079398209
32079841921
32079983209
32081211983
32081212001
32086591921
32088413803
32098323703
32098751911
32100109031
32101254901
32102626691
32103357491
32103636581
32105265877
32108629957
32114840993
32116723481
32121786703
32124306131
32126170031
32128512011
32128662613
32128776709
32132545391
32133493813
32134025411
32135638603
32140813031
32141223901
32144540111
32145480973
32154107933
32158692901
32160780191
32163415391
32168213923
32171305981
32172855931
32181542291
32183492503
32183928103
32186541703
32186857039
32187477863
32188665139
32189806609
32191335973
32194684003
32200430293
32206991503
32207549929
32209701581
32210926933
32219362963
32226425923
32233315691
32233632581
32235027943
32237314933
32237628403
32239149829
32241058391
32246630291
32247126973
32249566883
32252402411
32254567921
32258593519
32259312191
32260531781
32262669619
32268433513
32269345921
32272496629
32273648203
32275663921
32285241973
32286447439
32286906013
32288553439
32289932239
32291740181
32292209933
32293645729
32293718203
32294078629
32296670957
32297292103
32297823013
32299015951
32300798839
32304370211
32307170591
32307449413
32308785013
32310333521
32310360011
32312664973
32316594829
32319146803
32319230681
32324390381
32327113211
32331160331
32331968957
32334460481
32341903933
32342931281
32344388911
32345034923
32345122031
32346874883
32347790539
32349777589
32351363381
32351885911
32356792519
32358552739
32360114231
32360487881
32365853203
32371196941
32371231691
32376820951
32382123581
32382302111
32384759689
32385039829
32385068539
32386291871
32389544329
32391694609
32393456957
32394010031
32394127603
32394417931
32398442861
32399202613
32399698337
32400415331
32402585713
32405139913
32412637963
32414593513
32416668709
32423562973
32423787947
32424990739
32431828603
32435288629
32440779013
32446643503
32446972609
32451525191
32451857629
32457208951
32461281973
32461962829
32473549973
32476646239
32483565619
32486750861
32491682957
32493287873
32496089599
32496828019
32501773813
32505803923
32506664941
32506895873
32507025581
32520413231
32522532943
32525411591
32525960503
32531226491
32531694313
32535746539
32536185739
32537597689
32543631973
32554782947
32557555339
32559154819
32562438313
32567804809
32569352719
32569613809
32571283513
32571816313
32573447911
32573915719
32584223803
32587627129
32591991799
32592653911
32593548139
32595425861
32597446309
32598445909
32604276703
32604894709
32607098203
32609584429
32614997957
32617623613
32619222973
32620043321
32622225943
32626734313
32627824213
32632042897
32632400963
32632694113
32635300031
32640670963
32645475619
32649103181
32649663229
32653521281
32655587119
32658186139
32661134381
32664232091
32665776109
32666263871
32666302181
32667478489
32671037713
32674075639
32674427113
32674987699
32675919019
32677158229
32680382503
32691891863
32694133513
32695573219
32697050839
32697968923
32699182129
32702542391
32702903381
32711710211
32714389429
32715406181
32715457921
32716603963
32724446891
32724517603
32728981699
32731513391
32732719909
32737748209
32738724947
32739483863
32739927109
32746067911
32748263957
32750451191
32751081191
32753604703
32755573003
32756891957
32757885289
32759974699
32760971539
32761587977
32766268039
32767434013
32767478389
32769059689
32769642319
32769806029
32771429629
32776284319
32776709887
32782401973
32784614809
32786356219
32787685727
32788666699
32790882977
32792335819
32795787707
32795974699
32796564019
32798188637
32799475637
32799940399
32804070491
32812760081
32812847629
32814501491
32817428719
32817825619
32824808113
32825673103
32827636003
32830537951
32830612933
32832745639
32835399109
32836367419
32836417921
32837156113
32842960303
32847324931
32849625139
32852032391
32855943863
32859404957
32859472909
32863243951
32864083639
32867068789
32868432529
32869393009
32873146921
32874898517
32879811799
32882197967
32882986637
32883301813
32884546909
32891475919
32895955637
32897241851
32897896217
32900339933
32902850081
32904342973
32905502381
32914590829
32915787109
32917625539
32922465739
32922920081
32924559229
32925606313
32928989237
32929765009
32931284413
32932661413
32936387599
32939550103
32944220923
32944729039
32950287947
32951690203
32954552629
32955427339
32956409509
32956602313
32960771719
32962047931
32965149229
32966617909
32968548737
32972177239
32973616883
32973650113
32973920113
32977479617
32977623799
32977778923
32982108403
32985042403
32985203413
32988834737
32989946923
32990757109
32990937589
32995377199
32995580689
32996092309
32997314239
33000375311
33002117531
33008649829
33014618381
33016547803
33017953603
33022382111
33024705943
33025883413
33027846403
33032213993
33032214011
33032232901
33036848539
33039929899
33040500401
33050812121
33053101093
33057730091
33059077819
33062437813
33064989499
33065447413
33065722181
33068733403
33068788009
33069405613
33072090943
33076014581
33076725739
33077717203
33079635709
33079824013
33082001621
33083491603
33083494729
33085541803
33086356921
33086756509
33087813931
33088727509
33093943303
33094719709
33094836013
33095429113
33097645519
33098076439
33099386209
33099550639
33103417691
33103525943
33103786603
33107743091
33110627933
33118103411
33123830111
33124878439
33126875629
33127646891
33128289619
33128873203
33129466819
33129737957
33130544021
33130968881
33134295703
33139785229
33141281993
33147544603
33147778039
33151406681
33152778947
33156508951
33156713081
33159653539
33160767881
33161127491
33162787883
33166352081
33166834303
33167671871
33169404703
33170350897
33173765113
33175679209
33179390957
33179829019
33180514391
33185364829
33186651931
33189083861
33190549729
33192854203
33198276799
33198489199
33205321511
33207487921
33210063011
33210814943
33211985941
33213342131
33217615091
33220624691
33223021721
33223663181
33223666603
33227229923
33228627829
33229882429
33232440953
33234634963
33237685339
33239096203
33242998909
33243100811
33244501781
33244568719
33247132481
33253970891
33264329503
33264482413
33265900181
33265959109
33267901603
33271528603
33276480313
33277816609
33277826873
33281975239
33285220481
33286762609
33288729589
33290031791
33290188639
33293783329
33295351951
33295418203
33299537209
33300771943
33301353131
33302636923
33303183581
33305458513
33305462291
33314723381
33316477213
33317676103
33323665513
33323976013
33324088951
33326014781
33326016877
33326721191
33327887119
33330694951
33331739981
33331972951
33332783503
33333142691
33333571963
33335297113
33338159203
33342868883
33349635439
33353498509
33353579239
33353762891
33355608739
33357143713
33357955129
33359662519
33366462403
33367942609
33370235923
33371015971
33372514963
33373527829
33377098039
33378545873
33383586139
33390556921
33390615613
33392602181
33392616931
33392952013
33400027421
33400293877
33404369503
33405554713
33406070993
33406896409
33413162681
33417014591
33417520933
33419856139
33425740091
33426186881
33429675319
33431237923
33431289403
33432126011
33436861303
33439757209
33440091011
33441865213
33441885947
33446204381
33447155503
33449827967
33453449203
33453533081
33458751709
33460703923
33462847609
33470846719
33472268861
33474406951
33478198489
33481837003
33482405713
33483642931
33484216603
33487631539
33488573957
33490725739
33492617957
33494043703
33499904209
33502252897
33508160381
33511772803
33516937609
33516976699
33518483629
33518531803
33524312993
33532514381
33534307813
33537609983
33542598977
33544071191
33545683519
33549752419
33550032953
33557227303
33562939897
33563233091
33566122813
33567362809
33568225871
33569612957
33580486339
33580997299
33582311923
33586352113
33588596599
33588663947
33588701957
33592009939
33597541339
33603001093
33608303291
33608446639
33611956921
33615527941
33617102681
33618633403
33621216011
33622981729
33626537957
33627186013
33627337213
33629740303
33636177013
33638721313
33640000811
33645116081
33649660339
33649726853
33652578919
33654378319
33654392203
33654623941
33655101581
33657088789
33661716313
33664269319
33667726129
33667959707
33671275639
33672313813
33673549309
33674224603
33674881129
33676356229
33678888227
33679677617
33687940309
33689022931
33690671719
33698240957
33698407219
33699127309
33700120721
33702664603
33705099619
33707355739
33707379319
33707385013
33708545809
33711675313
33714872539
33715343803
33719459209
33721767619
33723778853
33724483921
33725994499
33727637329
33734295709
33734979799
33735325513
33736255871
33737098309
33740048803
33741816739
33742584013
33760587863
33760838329
33760894309
33763259963
33766058873
33769427119
33771940729
33773606539
33775010923
33775467589
33777365029
33777450439
33778642967
33779044339
33780708529
33785007313
33785938189
33790463719
33793669699
33795504709
33798279527
33800544191
33801314681
33804312961
33809527519
33810242887
33811566881
33815855509
33815977399
33817349963
33818138719
33821862313
33822779209
33822793429
33827380729
33829482139
33830324291
33834774409
33834908329
33835379999
33835516303
33835769837
33837073213
33837637129
33842738239
33843266957
33844472719
33847520503
33848707853
33850188709
33851732503
33851931931
33852437719
33853117951
33856699427
33858071809
33858661699
33860159719
33864194239
33868124809
33870778399
33872424881
33875457589
33876111613
33876756737
33877617019
33882862309
33887798027
33887886199
33888031921
33888372589
33890897717
33894094789
33896160439
33897234863
33904112933
33912114581
33918278957
33918552851
33920992883
33921487609
33925774219
33926426957
33932946409
33933178519
33934471639
33934547873
33935416213
33937712911
33938483209
33945313603
33945959807
33946145539
33946499537
33951379309
33956634799
33957410891
33960447947
33961552871
33963504881
33964338409
33964786699
33964892389
33975889217
33977386637
33977829617
33978159737
33980982589
33981599599
33984658727
33986630239
33987476599
33993263873
33993265129
33993534409
34010968951
34013254897
34018316291
34018740191
34020009521
34023858931
34025333021
34033253591
34040550311
34041014173
34041783613
34042859951
34044979699
34045687883
34048147951
34050004301
34051653281
34052162887
34054175081
34061944603
34064566303
34066179709
34067321923
34069105813
34071926503
34080618613
34082848339
34088864119
34089931339
34090213897
34092017381
34092591881
34094765329
34097467967
34105834813
34106943613
34109182813
34114068973
34116049813
34126242011
34127103221
34130500093
34130917813
34133202011
34134962839
34137802091
34139558419
34140291961
34147529993
34148980339
34150789429
34154709829
34155981529
34158195947
34162297303
34162877239
34168850113
34174350191
34175101691
34175451703
34184917883
34185839599
34187703313
34187945599
34188087229
34191655639
34194559309
34195006091
34199150891
34200205211
34202155121
34206322781
34207198303
34209778219
34211516953
34213632491
34216979119
34217131121
34218240943
34220291681
34230596941
34231658941
34232828503
34233080887
34236751513
34241050331
34243838539
34244313581
34245709961
34248717901
34249364861
34249379599
34250469919
34250698519
34253825941
34262392513
34270544713
34275329719
34276734529
34279001923
34285373113
34286792689
34287249319
34292172613
34292739799
34292915809
34293722891
34300064411
34302015521
34306422011
34306604291
34307394739
34310505991
34313003993
34313163877
34313450021
34318210781
34318577239
34319143181
34319315081
34322035031
34322108591
34323495931
34323682513
34324403591
34325973901
34327518931
34327836901
34339101491
34339899437
34350757921
34350980891
34351872829
34352840803
34355003887
34355591911
34355762113
34356245503
34357075639
34363259993
34364846419
34367670619
34368322603
34369349689
34371044381
34371715603
34377624709
34382046613
34384718509
34384790329
34386343213
34389307339
34391012993
34391013011
34391173951
34391629609
34394459689
34395273439
34395517609
34395816799
34401900991
34403766403
34406780413
34412848303
34413491803
34417240933
34417864339
34418274829
34424531291
34425976789
34426818851
34427047951
34436170963
34437079003
34438452931
34449811303
34451499139
34455393013
34460510681
34461912703
34465057303
34466462809
34467018881
34468813339
34473548509
34473881419
34473986389
34474112923
34475149339
34476490519
34477656947
34478620303
34480681303
34482751871
34483082941
34484529319
34486531213
34486554139
34487811901
34488044719
34489412539
34492191313
34492327921
34492590529
34493267873
34495524439
34499046863
34501284281
34502052131
34506813703
34507355503
34507358911
34507832941
34509870947
34510291391
34510862713
34514628829
34524578419
34525670891
34529090941
34529745863
34530220331
34534485103
34534951303
34534993699
34539582229
34540520591
34542774103
34542999917
34545495409
34546993489
34549347799
34555806013
34559151313
34563685789
34565600803
34573106713
34573670539
34576416709
34576810921
34579402303
34582390729
34582716439
34588219129
34595661977
34601388403
34602894947
34603514923
34603690951
34603925413
34604012321
34605037963
34610213321
34612538413
34613907403
34619754409
34620694921
34621289993
34622231681
34626831829
34627869737
34632275891
34641855901
34645718329
34652209957
34655307829
34656535429
34657338409
34657428977
34660810813
34669279637
34671177529
34673252503
34685286589
34685731519
34689917089
34689954527
34690394873
34693983199
34694269009
34697949199
34701187513
34703577851
34704340933
34705938919
34707543931
34707783919
34708945699
34710950713
34711028291
34713123581
34713308803
34716133181
34716810703
34718958289
34720114943
34720238803
34723583957
34724285203
34725584329
34728235303
34730424973
34730682313
34734467329
34735604941
34739119003
34739592109
34740770413
34740883003
34744994299
34749483499
34749587627
34751592901
34752078103
34752471829
34758838727
34758998117
34763694947
34763705957
34764374873
34765231951
34766045957
34768621883
34769237957
34773756947
34776720529
34780477219
34782036829
34782439309
34783010291
34784380429
34788176299
34791367129
34792332931
34792430891
34793432911
34793535863
34795105871
34795660789
34813302943
34813547911
34814435839
34819090819
34821954103
34823588689
34824357901
34829074883
34829627689
34830692203
34831089983
34833284809
34833412181
34835711503
34836153739
34836699617
34838720957
34839225013
34841456539
34846875199
34847253439
34847966717
34848580853
34850705941
34851354403
34856347219
34857172429
34860916609
34866975617
34871311091
34872309529
34872774589
34875456589
34876773199
34880935967
34883072957
34888887017
34892224303
34893096947
34896034609
34898365189
34901000621
34902031897
34911489229
34912764619
34915257529
34917367853
34920683113
34920684709
34921523713
34923330191
34927684009
34928039329
34932922729
34932944873
34935385853
34942194709
34943210923
34946512819
34949652019
34952243941
34952670901
34952713819
34954738009
34958044339
34967165119
34971972589
34974179837
34977718189
34978202113
34978943537
34981409963
34985995217
34991358947
34991753119
34993016957
34993733119
34993734109
34994308309
34995287599
34997520139
35000701273
35000718581
35001603431
35005673081
35013893503
35015601991
35022542591
35023424971
35024631581
35027000621
35028186313
35029029967
35032869983
35036151877
35036157703
35038483213
35045734513
35046085513
35048331973
35048542513
35049136513
35049964129
35050794739
35052368839
35053665739
35054088313
35058919309
35060477891
35062563703
35064573403
35064652603
35065063091
35075488219
35078005091
35080599863
35083659409
35083729339
35085265871
35085535871
35090628739
35094455629
35096118881
35097605861
35098620313
35099638009
35100464591
35111481943
35112979609
35115839719
35120162411
35123207681
35123654803
35132250221
35132829971
35139908239
35140461491
35146895029
35153766103
35153779699
35154697219
35155373503
35158835419
35159952977
35160392081
35162094703
35163726739
35172104021
35173009181
35174367901
35175703513
35176309639
35177065639
35179841509
35184372739
35191238503
35192099419
35192157313
35192907619
35193002953
35193069529
35194048639
35196163213
35197546039
35212413791
35213159081
35214264191
35214713381
35218584529
35219061973
35220669829
35228493901
35231240321
35238933619
35244586519
35245043291
35246204381
35246873509
35247774977
35250171491
35256550951
35257835419
35260375603
35262576529
35262935629
35263485619
35264358529
35267177873
35268302803
35270239957
35270241943
35271049603
35271310121
35274514603
35277128539
35278209013
35278519789
35280566861
35280667003
35281960639
35283874699
35285903113
35286407809
35287908589
35288908489
35290500491
35293828789
35304685303
35305701877
35308566851
35310986911
35312868947
35313993901
35315194951
35315401031
35318803603
35322259939
35323917403
35327336413
35336692519
35338564609
35346016091
35348128213
35349280639
35352528881
35354496319
35355883699
35359278109
35360591503
35365177429
35365863139
35366661901
35368344439
35369956189
35371828339
35374561921
35381891329
35382211933
35383250803
35383804639
35384229103
35392079329
35392680013
35396249887
35399279627
35401588921
35404305491
35407010231
35409709609
35411287603
35412432943
35417274313
35418820513
35423188921
35424261281
35428434403
35432117381
35432895139
35434100321
35436526819
35436594139
35437071613
35440649203
35442369103
35448930947
35451469973
35455429973
35457782599
35460288901
35461728013
35465525861
35465571709
35471313973
35471529529
35472101591
35475134941
35478231881
35483286799
35486166409
35490375439
35490790883
35490827873
35491409809
35495943947
35501108021
35501862703
35502014231
35504523281
35505179719
35506113581
35508211391
35508486799
35511287503
35514242923
35514590941
35514733951
35518362931
35521868419
35523935203
35524320581
35524471603
35524960213
35529003281
35537682919
35541554891
35542369609
35543546113
35545100021
35547575029
35547615013
35547918499
35554476319
35554610803
35562744013
35564515639
35567251729
35568001813
35573529799
35573812639
35573908039
35575835209
35575890589
35576146883
35578179289
35579019799
35583408013
35588523977
35592605809
35592636319
35594318509
35601334933
35605498909
35606020897
35608386409
35609457409
35612474941
35614064081
35618480539
35629293863
35631030131
35633372839
35634033973
35634884119
35637449599
35637943853
35639218883
35639810719
35640378901
35641469239
35642286709
35645923609
35646067003
35646970967
35648663599
35648799317
35649472699
35654566039
35654625103
35656502503
35661169003
35661258439
35661518957
35665681039
35669886137
35670374629
35670538339
35672319103
35672782699
35673646219
35679445489
35682879707
35685102703
35686252883
35692077919
35693463139
35698161409
35700920923
35701045481
35703971203
35705439013
35705459963
35705588957
35706766699
35708180839
35709503839
35712749329
35719781957
35719836589
35720087941
35722079993
35730489139
35730740081
35734613503
35736491239
35738028709
35741336941
35743498009
35744063503
35744872789
35749255309
35750545871
35752424839
35753132081
35757267499
35758742119
35761955209
35766881389
35769595517
35776434919
35778443599
35779176289
35787260419
35790550921
35791181203
35791842319
35792519887
35796060851
35796423799
35798610977
35799255199
35800526803
35803416703
35806966399
35810800933
35815581103
35818987427
35819206921
35823477229
35823929599
35827305403
35828375599
35828513719
35828723509
35832255313
35832826429
35833390213
35833476863
35834055403
35834196319
35837384689
35838410891
35838734599
35841591529
35844329509
35849721977
35849992427
35851002491
35851207603
35851751539
35853684109
35854647947
35856123829
35857218863
35857903853
35858259737
35860754239
35864636957
35865174409
35865710539
35867098699
35869133329
35870308871
35873512921
35873964199
35876345689
35878397237
35882008303
35883880489
35884723219
35888596127
35889495199
35890393219
35893813699
35901980539
35905439239
35906969537
35907864589
35909325103
35911140011
35916318103
35916393977
35921074951
35921484901
35926631809
35927393119
35927825599
35928571309
35931271951
35932584409
35934538789
35939813029
35940367429
35941172413
35951184851
35960470729
35961169897
35961990499
35967478427
35967844637
35968363009
35970435901
35973890389
35976221629
35977331419
35978357089
35978519089
35979585227
35980263901
35986492637
35987268617
35987838317
35990046947
35998853923
35999287217
36000169481
36002097281
36004081781
36004877539
36006041321
36007349929
36015405581
36025811923
36028583719
36033412781
36033521971
36033757303
36035233933
36035513291
36035769799
36036818539
36037077313
36038998727
36055780921
36057558139
36060579619
36061267951
36061875439
36065398129
36065465539
36067814957
36070558819
36071017933
36073037713
36074879389
36077545429
36079483309
36081004781
36082143973
36087325639
36087706003
36087810739
36091570513
36092527819
36095439409
36096361729
36097643419
36098039963
36099695089
36101113093
36103460681
36109846519
36110203211
36118994599
36120354877
36120920021
36123912973
36124216481
36124326191
36126399409
36127836439
36130552481
36131043791
36131201621
36132875113
36133467313
36135328951
36138533891
36138840739
36141564703
36141965861
36142948609
36143579239
36144945439
36146300681
36146754103
36150738931
36151542281
36154162813
36155563303
36159083539
36159290861
36159720739
36161565313
36162712181
36163489129
36165188239
36166253839
36166903303
36169432921
36171999937
36178834309
36181265503
36181861921
36182390941
36183733921
36183984019
36184077103
36185995189
36186167873
36187584947
36192120581
36192122381
36195623911
36197044921
36199742209
36201182021
36203267081
36204233953
36204578719
36207682639
36210157391
36212221511
36212520991
36213893539
36215326813
36218290513
36218372503
36221720993
36223911973
36224654891
36225384931
36226808203
36226974863
36228503081
36235451713
36237961003
36239297599
36242139613
36245443603
36249498737
36255941203
36258762977
36259169599
36259697627
36262509403
36274315951
36275605871
36276032081
36276578389
36276809689
36280189973
36281020031
36281555861
36283228921
36284613931
36285943129
36287094139
36287739799
36289282129
36291813829
36297267109
36302343491
36304669003
36308940403
36309866209
36312569203
36315145091
36317862103
36325984039
36329913709
36333455941
36341835403
36345852947
36346664509
36348091729
36351219967
36353789389
36355854319
36357310963
36357533911
36358472239
36360982429
36362386003
36364728409
36367329139
36368604529
36369229219
36371958589
36375754039
36379644947
36386580319
36390717529
36398744299
36401828413
36402595921
36405042943
36405148513
36406767409
36409740881
36411168613
36413295829
36419871977
36421151887
36424570603
36427009603
36427899617
36434126081
36436400381
36439228519
36439790119
36446429419
36447629887
36447761239
36450383941
36450652603
36452907709
36456109639
36456401081
36460922413
36461639509
36466844209
36468590209
36468724129
36469983617
36475181203
36475462003
36476554967
36476628589
36478795399
36479692189
36480049213
36484591789
36490822639
36493186129
36496417967
36499369399
36499470947
36500608181
36500616281
36500756503
36502249603
36503573413
36507027703
36509596009
36512298439
36523781113
36525883853
36526482851
36526626901
36527680883
36529010923
36531978947
36535366883
36535809319
36536094709
36541461703
36543872873
36544245739
36547843309
36548333113
36551991799
36552101111
36556762699
36560545639
36560835439
36561220933
36562390303
36564059239
36564434719
36564812957
36568179827
36571464851
36574689527
36576723863
36577331957
36581264861
36584453239
36585355039
36586539827
36588051529
36588792707
36597785299
36599735089
36603325813
36603559609
36606830839
36609747947
36610194613
36610852951
36611286931
36611737639
36612991609
36613292941
36615666229
36615826339
36619201181
36620978957
36622297003
36624799699
36625060963
36625921921
36631438639
36631941403
36631961911
36632654203
36635166709
36636534439
36637404931
36637802629
36640180813
36643095103
36643676957
36643760809
36644452213
36645215839
36645387109
36646761139
36649366489
36649369699
36649867427
36650227951
36650420381
36653726419
36653746309
36657938089
36659081419
36661240813
36664154911
36665292799
36670311191
36670769299
36673566947
36674635853
36676373119
36678297437
36679676507
36681174619
36686740309
36687776507
36691628599
36692060413
36695887099
36697684337
36698039837
36700179403
36701074181
36705680719
36707207503
36707830921
36709259999
36709793389
36711682729
36713191513
36714898637
36719035303
36720815503
36723650839
36725379589
36728273873
36732638419
36733096429
36733781239
36735808699
36740450713
36741694699
36742519003
36743652851
36746107729
36746142739
36746394109
36748831219
36754313503
36760619899
36761447329
36761968099
36761991589
36762527509
36767700103
36767934199
36769320013
36773208529
36776840599
36780129709
36788405957
36792272329
36792567199
36793877299
36794669299
36798465437
36799401319
36800403877
36800592739
36801410953
36801483931
36802096819
36803429629
36803741413
36804374539
36812186539
36812906629
36815605639
36817155439
36819412921
36820743931
36823075871
36824335819
36826929827
36826933309
36828444409
36831735439
36832435729
36836106313
36836525419
36836884727
36840628519
36844328509
36846267019
36846315529
36847724209
36854181709
36855378289
36858901967
36859123519
36863019709
36867302809
36868381009
36868963933
36869358707
36869547707
36873464209
36877658417
36880173851
36882034921
36882913699
36884408599
36885201739
36890720957
36890989873
36893909089
36895585933
36897475607
36903466003
36909203941
36909394009
36912139961
36913969699
36914249899
36917038429
36917205739
36920178709
36922548139
36929697913
36930234703
36932873209
36933779537
36934077799
36937351519
36943166873
36945811519
36947589199
36947836699
36948242329
36950880919
36951397009
36952399637
36952806409
36953207719
36954804977
36963052729
36963519589
36964691389
36965055139
36968950189
36971154529
36972797299
36973599137
36976302947
36977701699
36984724009
36987860537
36988959841
36989389919
36990414947
36994506019
36997802299
36998883107
37003497931
37003816963
37004412131
37005001811
37005135961
37005270877
37011070331
37012890613
37015946113
37017045973
37020720311
37021282933
37029333703
37032219281
37035564403
37037908003
37038301933
37038555709
37039508113
37041011621
37042805081
37044259729
37049703403
37050603943
37050903973
37051889029
37052395871
37053424813
37054527403
37057213091
37057912729
37061052943
37064928919
37065625921
37066275619
37067813911
37068152413
37074694309
37074940921
37085587009
37086078977
37086107941
37091351081
37094298947
37097370529
37105244291
37109771861
37111552481
37113375703
37129238957
37129337719
37132691503
37135220021
37135566901
37139752519
37141231121
37142947609
37144260281
37144864429
37144971901
37146380839
37146518809
37149335957
37152576103
37153481941
37155396919
37155428861
37157487019
37158438409
37162102031
37162225813
37169054809
37170588799
37170662839
37170872957
37175029729
37176453103
37181118703
37184119729
37187715863
37192928957
37197365119
37198281919
37199133901
37199191129
37199330719
37200264961
37200939313
37207829899
37208016973
37208661313
37209304963
37209597589
37210614943
37211778529
37212510311
37213005131
37214506963
37215685519
37216852639
37221219281
37221263381
37222549729
37231768883
37232002001
37237365439
37241695429
37241973529
37243373941
37244818003
37244993119
37246143703
37246216603
37254678499
37256317729
37263545719
37263573103
37270976599
37271147839
37271686219
37271904403
37273139993
37273892119
37277628109
37278243529
37279852009
37281817519
37285249129
37286842699
37288803319
37300433953
37302247181
37306295539
37310181943
37315054813
37315457957
37321160021
37324050877
37327871239
37328640313
37330173191
37332988009
37334333713
37336039729
37336134613
37337655863
37338229609
37339460911
37339896499
37340685901
37340687239
37341887689
37342947409
37344551891
37345167529
37346229439
37347532213
37348271113
37348604911
37352571313
37352586863
37352817013
37354420963
37358773489
37361131481
37362179963
37365435529
37369359827
37372078339
37372680619
37374959599
37377969199
37378199627
37379397437
37379895199
37385422639
37390058203
37393244113
37402182973
37402900933
37407106813
37407434413
37408041973
37408387967
37414233973
37421586901
37425946967
37426712941
37427694947
37428740809
37429465039
37429859627
37434259003
37434982853
37435564003
37437926599
37439909389
37442017181
37450500961
37453706809
37454153413
37454607013
37455366139
37455393229
37456075883
37459740319
37464832519
37468766627
37469499407
37471150813
37472216839
37473316819
37474709119
37475545039
37478875517
37479764627
37482082639
37486953289
37487954627
37492308709
37492680139
37493826589
37496031931
37496821129
37497645737
37499285717
37500332971
37501062877
37501479013
37502311211
37504257313
37505990419
37506150973
37513196113
37514668129
37516158709
37518360881
37518417103
37523370613
37523650513
37531398977
37532543413
37541306713
37543604503
37546752977
37547536853
37549073329
37550238881
37551573947
37560523603
37561354921
37563315739
37564931329
37565356039
37566229219
37567744009
37568245219
37568311639
37570721941
37570829119
37583801719
37587244789
37590850519
37592462329
37593163609
37593271003
37605909409
37607262313
37609654853
37610585539
37614936977
37617377029
37619373409
37624287139
37626130181
37626432313
37635535519
37637518129
37641595699
37642486309
37646344339
37651306951
37653253639
37653599717
37656261947
37657866707
37661392883
37662054739
37663445873
37664018911
37666116619
37669725199
37673633419
37674927737
37679584933
37685680489
37686755537
37691243809
37692546019
37694928499
37701978947
37704422803
37706399389
37707124603
37707523729
37710323381
37714902931
37720234091
37721130961
37721872519
37723193719
37723920881
37724649019
37735036303
37738472119
37739021839
37743341413
37743911203
37745081719
37751000591
37754816599
37755114403
37758738707
37759672099
37764341203
37765237039
37765247957
37766186389
37770409003
37771914863
37774404901
37775206429
37780895627
37782300613
37788822199
37789771933
37789808299
37792925389
37796020303
37797467237
37800262813
37800857873
37800985699
37804604839
37807646599
37821077719
37823838109
37824005081
37825832329
37830184729
37834396489
37837549699
37837749527
37840167619
37840171951
37842153931
37842524809
37842698627
37843912429
37846663009
37849053139
37849532029
37849765427
37855623139
37856108239
37857657437
37858015609
37859366627
37872164419
37872554119
37875132709
37875934099
37877190499
37877739407
37878076099
37878081019
37883865527
37885090967
37885810219
37888346627
37889041219
37889970227
37890106819
37892758427
37894611319
37895451589
37899573913
37900408603
37901833639
37902236503
37905825319
37907465209
37907796499
37915602313
37918306609
37923675947
37925045957
37925464309
37927402819
37927710619
37935002713
37935707209
37936330819
37944635689
37944735019
37946046977
37952613103
37952692009
37954534909
37957999831
37961636957
37962823039
37963114729
37963732039
37964174957
37967082947
37970474029
37970620819
37971841129
37972298537
37980184219
37980936199
37984723009
37986387913
37989093617
37993310629
37996510967
37999741337
38001910981
38007060011
38009119513
38010561877
38012162933
38022828313
38026104581
38026728013
38029692139
38030125943
38035567519
38037864229
38038436957
38038450603
38041073923
38049180881
38050072481
38052648901
38058506809
38059900213
38061937883
38062216813
38062448629
38063108803
38067728029
38070024491
38071821703
38072739889
38076861139
38077161931
38078341729
38086834853
38088596599
38090329639
38107048951
38107948699
38108727947
38110212011
38113676539
38114313491
38115476957
38118873977
38119997627
38121391813
38124563413
38125138603
38129169409
38130359503
38131494829
38131512961
38135300591
38137132181
38137674977
38141763739
38143680881
38147588299
38152894309
38155392529
38155939489
38163050291
38164586209
38168575009
38170805941
38170876039
38172236941
38175390947
38182634957
38183229983
38185138609
38188430113
38190783409
38192347003
38192629039
38195040703
38197733689
38199604789
38199739337
38205914503
38209814911
38211686861
38211865729
38213670613
38215324963
38216446871
38217978199
38219373947
38219507957
38220401321
38220810581
38223382513
38224837883
38225664947
38226981409
38230793203
38235795019
38236006091
38241179629
38241220691
38242088719
38245246213
38247722203
38248408339
38249041951
38251027963
38251633951
38252965789
38258706229
38260983799
38261785909
38262046513
38263115081
38268314911
38269682389
38270503963
38276904139
38278921129
38283549989
38283969617
38294344003
38299429699
38309499737
38312568013
38314188529
38318995727
38319800503
38321836921
38326511803
38332789399
38332865509
38333754439
38335988627
38338025503
38338064911
38342165413
38344927853
38345851003
38346895099
38348214739
38351446921
38352517729
38354950429
38355816409
38357216539
38359139029
38362500191
38362514941
38362519609
38362617851
38363577019
38363735873
38370725203
38374234303
38375670139
38377034719
38377119229
38377223719
38378368099
38387863699
38389231883
38391937489
38395316419
38396004739
38398306789
38400100631
38405748319
38408206951
38410599319
38411819629
38413647851
38426495119
38427107839
38435393509
38439058219
38443297853
38445808967
38448991699
38450071813
38452254881
38452910941
38455096219
38456905789
38457148129
38460338911
38461375429
38462999327
38465904409
38467096489
38469192589
38473117303
38473976089
38474623003
38475166039
38475350629
38477193589
38478664699
38481030281
38481070951
38481263203
38482885099
38485232861
38485450519
38487690737
38489261029
38491582309
38491673599
38491831429
38491927489
38497182109
38500205111
38501819539
38502187303
38505317941
38505326941
38509392139
38510190281
38510539303
38510582503
38511448303
38511915881
38512705951
38513507941
38515049539
38518194919
38521362703
38523563629
38526441829
38527405921
38527484599
38529516139
38529875537
38534907919
38535439897
38538902239
38539487627
38544313513
38544445339
38550071713
38550204191
38551791409
38557326229
38563154719
38564437129
38565141313
38566234519
38567011603
38568126409
38574626119
38574860957
38581771853
38581926589
38582359489
38582978327
38583893717
38584603339
38584632319
38585019229
38590826689
38592734209
38594404339
38596290589
38596548437
38599652537
38600614181
38600859229
38603315081
38605596499
38606072941
38606184709
38606974009
38608829837
38611937239
38615273629
38627133313
38628680957
38629025629
38630230481
38633027413
38633193103
38634879527
38635607873
38635707139
38636016403
38636336419
38637742309
38641528339
38643392873
38644715419
38646710629
38650058203
38650163891
38652191861
38654175863
38655250213
38656016911
38656157209
38656403113
38658444109
38662900921
38663503213
38665380409
38665506409
38666939893
38670475219
38671567009
38672389099
38674859417
38675346109
38675742019
38677462489
38677697999
38683643209
38687863933
38689004873
38691505609
38691935389
38692700719
38692753009
38697071029
38700720973
38701573303
38704464901
38706047113
38707329889
38708469799
38709320941
38710708639
38713910941
38721627013
38725365229
38731244941
38737089289
38740517719
38742699707
38747887099
38748578237
38751602503
38755339009
38756037977
38758972607
38761922239
38762530921
38768488217
38770724329
38773155409
38776881707
38782067119
38782729189
38784241519
38784352909
38784700519
38785078699
38793480589
38794153967
38799809863
38802807947
38803439509
38808014503
38809393009
38818113931
38823727853
38824415957
38826866537
38828619827
38833013081
38834222503
38835550003
38841780919
38844640339
38848849811
38849120957
38850718853
38850737119
38851262539
38851670419
38852818399
38855021941
38858608099
38858964227
38859160699
38865351229
38865706489
38868013609
38869538299
38872096009
38873544109
38873642957
38874048947
38875540699
38881143013
38881431709
38883731119
38890134851
38892810139
38893011931
38893892237
38900029939
38901823921
38906658289
38908299499
38917715209
38920175113
38922038629
38922853699
38923636789
38924389727
38927768507
38928330439
38930444957
38930660809
38933473129
38938243219
38938386499
38938938407
38940432313
38944408309
38948569217
38949601699
38950035829
38950362439
38951339887
38954386637
38954707009
38957314219
38967146389
38967630109
38974111303
38974216219
38974680737
38984201629
38991262967
38993035853
38996193437
39000886303
39001342943
39003434291
39003753703
39006859699
39011372923
39011530981
39012600131
39014982103
39016221581
39017193829
39022341877
39023237081
39026718529
39026770729
39032994799
39033847609
39036821503
39039629119
39039973009
39040134011
39041759963
39042898399
39043064803
39044567329
39046954129
39047046881
39059367019
39060874609
39061009943
39062166739
39062759887
39074852419
39075270881
39075727129
39076848289
39077707853
39081775129
39081951901
39085309429
39086161819
39086329129
39088281977
39088705129
39094979327
39096246799
39097047229
39099041911
39101759629
39102379961
39106156951
39107408891
39110868103
39113990203
39123362713
39124090963
39124997299
39125944003
39132180973
39135969799
39136409629
39137527003
39140773729
39142112953
39146641213
39147624619
39152385529
39152718851
39154714213
39156604639
39157830013
39160157941
39162053713
39163281931
39166336519
39170576509
39178421809
39180275203
39180665239
39180697489
39180826519
39183737209
39184384219
39185115313
39191158609
39191454619
39192445003
39199000513
39201647413
39203245181
39203639539
39204252973
39209405941
39209894389
39214067891
39216826609
39217347709
39217423951
39217486309
39217518103
39222098911
39222217091
39227281213
39227907863
39227931709
39232162181
39234749209
39234874309
39235589389
39237722911
39240166951
39240849229
39246674119
39252000131
39252236941
39252275861
39256316629
39259696517
39261381829
39262344829
39263039719
39264774947
39271988627
39276432947
39279390019
39281873689
39283638109
39283815229
39285820883
39287391109
39288378707
39289682599
39293328229
39294352519
39301419967
39303736729
39308385139
39308508013
39308803819
39313619539
39313926709
39316622413
39319450871
39321856883
39323570413
39324123191
39326921957
39329252719
39331123933
39332153713
39332928863
39333768589
39337513819
39342240281
39342537529
39353564329
39354342931
39354440413
39361605403
39366794627
39369912499
39372589189
39373470947
39373638019
39373784299
39375336863
39376426909
39377468089
39377764099
39380728789
39382128529
39385174039
39392482039
39396667337
39396798989
39400599863
39401318713
39401688229
39403079539
39403085413
39404187439
39406496599
39408270739
39408892399
39410713091
39417609799
39420598309
39423882863
39432526871
39435026941
39437084419
39439849931
39444734509
39448273699
39448521103
39449530339
39454041703
39460758499
39461096239
39461285239
39462842329
39472843789
39473119429
39476539189
39477260873
39477892607
39481248977
39482443519
39488305309
39490265239
39491435509
39492769607
39498051919
39502145803
39504338911
39506169319
39508622861
39508971589
39513508729
39514527901
39519328909
39524420713
39528074329
39532607861
39533952229
39534542629
39535036921
39540625819
39545736589
39545911883
39547677707
39549453589
39551261839
39552623629
39555682489
39556210513
39557011513
39558486707
39560017951
39571366039
39571664029
39572658289
39573251719
39573255863
39573872389
39576611419
39577947317
39584512609
39584793617
39591116629
39593162239
39593868137
39594892607
39594977999
39596027599
39596160319
39599006119
39599212039
39602646901
39602982799
39603978199
39605323603
39606572419
39610663303
39611380951
39614722921
39615384139
39618730883
39624963947
39625252819
39626265229
39630276709
39636331921
39636716029
39637034719
39637472029
39638331013
39640556873
39640727509
39641313703
39641724439
39642191629
39643430503
39643770409
39645213313
39649069189
39653208103
39653810113
39661938289
39662938099
39665219029
39669493337
39670923139
39671733319
39673341947
39673783727
39674828717
39675433219
39678229699
39678853337
39680753689
39685801219
39686900599
39690091429
39691234003
39692172977
39697059617
39700354513
39700550081
39701275871
39701857309
39703001953
39705262921
39708039229
39709133539
39710042291
39710053091
39713696389
39717238219
39718333883
39719405329
39726160921
39730276609
39730613941
39732805429
39735256219
39739465699
39747543109
39747568517
39748589207
39748782527
39751108819
39755695607
39757399127
39763057909
39764969207
39765019219
39767153029
39767217947
39773114809
39779321689
39782061439
39784290499
39788266517
39789665207
39793564099
39805069897
39808850209
39810577789
39810659887
39812102923
39812156203
39813274883
39816073519
39819202729
39823234303
39827160619
39828746717
39832424113
39834491209
39835846727
39836468627
39839689007
39842012803
39849472099
39849700909
39851108719
39853552853
39853927699
39865030819
39871116013
39871527947
39872245219
39872850109
39879296999
39879329327
39887383933
39890797127
39891700339
39902652103
39904227529
39905907109
39908853737
39911048539
39912605539
39912925309
39914291509
39914347699
39914689931
39922073809
39924580309
39926808737
39928151873
39929298317
39934242619
39938601319
39940438309
39941282873
39944524853
39945351139
39946390009
39946947317
39948122419
39949106209
39950159209
39951156863
39951706699
39955775417
39957674923
39962346019
39965212519
39978891989
39981110839
39985870399
39986593099
39988261189
39989290933
39991033339
39992655617
39993192199
39993772517
40001106611
40002213583
40002679181
40002847481
40005942877
40013681111
40015515131
40018444481
40021711811
40022329121
40023106631
40024576181
40025865613
40026334121
40027434581
40028206781
40028904281
40038956539
40040299181
40041117073
40042028321
40042266491
40044739939
40047657931
40048489003
40050291131
40050395381
40061215973
40061933381
40065133781
40076053481
40078214291
40087831951
40087887019
40089186901
40091043791
40096882519
40098096529
40100056121
40102663031
40102841231
40106286973
40106898901
40110550211
40115037791
40115155211
40120854581
40121561411
40122375011
40123292933
40123517887
40125783613
40126292923
40126813933
40126996883
40134060983
40140637391
40141355591
40142425781
40144446281
40149015581
40149719993
40150304911
40151840681
40152100393
40156381963
40156489339
40157754313
40159877689
40160148943
40162405211
40165512943
40170106421
40171684603
40176000101
40178660839
40183044491
40185738013
40189296863
40190643973
40196002211
40196097103
40196950921
40197383203
40201169681
40203656291
40203767081
40207209011
40208850973
40211987839
40215762281
40217173481
40218152971
40221033221
40223777413
40226241311
40232300293
40232606111
40232963081
40234100909
40235755603
40241070983
40241362897
40242916963
40243126897
40244284181
40244342953
40244732923
40244824181
40245389203
40245652963
40248953113
40249177921
40249259203
40250797729
40251487513
40253673613
40260203993
40261645091
40264657819
40266487003
40272800111
40275465313
40278171613
40278271951
40281026971
40282660963
40284366739
40284782861
40288862329
40289356339
40291637891
40293396851
40295946139
40297932947
40299090313
40299633851
40299991399
40302307511
40304291933
40306533923
40308084281
40308379729
40311505511
40312531421
40314760391
40315233131
40315322321
40316603993
40317478921
40319783957
40323021311
40325599609
40325630591
40326211511
40330214531
40338235963
40344027877
40346944639
40347329413
40347976789
40348248739
40351342781
40357943809
40363938529
40364149603
40367223973
40371147281
40375736113
40379918209
40380656413
40381771513
40383502391
40387358419
40387409809
40387904911
40389056629
40389708977
40389722911
40390567639
40390784113
40390969699
40390971403
40391166703
40394050933
40394884967
40399690967
40402653877
40402699303
40403051021
40407679003
40408945729
40412112283
40417871839
40420969909
40422562391
40424054933
40426596103
40442819929
40443984709
40444972303
40445067613
40446720973
40460762803
40465412291
40465559899
40465588853
40467179509
40468577957
40469140181
40470034211
40471032221
40474600391
40474896499
40477429609
40480836313
40484680871
40485497029
40487831539
40488091921
40490966419
40498038439
40498073113
40499368009
40500186943
40500219131
40500844933
40504190887
40504802971
40505332211
40506741973
40506984439
40507658861
40513221011
40514512691
40516900481
40521902111
40523589013
40523852713
40525855819
40526960839
40533002173
40535107933
40535210231
40539233803
40549367329
40550021021
40555820803
40557462931
40558816429
40560748303
40561636513
40563846619
40568093809
40569891589
40570435181
40571162381
40572591403
40574455921
40576505839
40576560881
40577562947
40579491863
40583497789
40588724873
40589106881
40590492403
40590501943
40591619539
40593096619
40596056629
40598132503
40598582599
40600512611
40603509953
40606832803
40607692819
40612717091
40613153681
40614141991
40615780603
40616236963
40619857699
40619944429
40620531131
40627892419
40629930881
40634914951
40635558619
40637368339
40641907951
40645127713
40646935883
40652794519
40653235963
40656659209
40656847219
40660817839
40661936957
40662327613
40663483921
40665940729
40673310011
40675567789
40676672873
40677616883
40678525609
40683101887
40689472129
40698274129
40704455081
40705787509
40709431813
40710190211
40713522877
40714001201
40714233491
40714671703
40716910181
40717679689
40720977439
40723806703
40726192513
40728528901
40731541481
40732601887
40736944519
40737102491
40737407839
40737687019
40740643091
40742527603
40745419961
40748436901
40750370291
40751470091
40752226181
40753021121
40754807911
40756548863
40758462529
40763573861
40766000021
40768809019
40771554403
40773665329
40773713941
40775691799
40775741203
40778131951
40779994399
40782078851
40789512901
40791163603
40792656977
40793415829
40794477019
40795650013
40800305411
40804875103
40807755619
40808954873
40809384013
40809838309
40811235923
40811887003
40812945881
40814865709
40814927203
40819343839
40819545439
40819673239
40821230321
40825310681
40825616941
40825707313
40830978319
40836438529
40837694119
40839899237
40840151591
40840189213
40842255613
40842598309
40847639689
40850250943
40851782809
40853176921
40853465957
40862012591
40862582539
40866771139
40868345239
40868959931
40872229729
40873650739
40874163829
40876778599
40876845109
40877317339
40877380003
40877544863
40879215947
40879987217
40881874909
40882302281
40885176229
40886582599
40889410213
40890291829
40892531503
40894019539
40894177967
40898204629
40899756617
40900531943
40901727613
40902875203
40903121411
40905198619
40906953947
40908091603
40911304943
40912500221
40913867419
40915293931
40915489039
40915587319
40915677139
40915756883
40920512953
40923414281
40924541803
40925626871
40926588019
40926978199
40927453921
40928321803
40928380303
40928452921
40930107877
40931041211
40932656911
40936424891
40936662901
40942358957
40946631829
40949041951
40952649319
40961008091
40962069013
40963987699
40965211813
40965465319
40965702829
40966480339
40966525609
40970866309
40973109739
40978372129
40978433239
40979127799
40980273881
40980807103
40981575863
40982207503
40983246901
40983921529
40984869707
40985034313
40990818919
40991334403
40991656967
40996846637
41001304919
41002351121
41003743211
41004857713
41005593191
41007840491
41009975203
41011805321
41012479181
41012607221
41013420221
41016240521
41022435791
41030988403
41032744391
41036460877
41036811877
41042024531
41045732381
41052753281
41055993529
41056222211
41056758709
41057747719
41057874947
41059578229
41063702111
41064204791
41065546513
41067199339
41068762921
41071090691
41071944703
41073548839
41073756403
41078646709
41078677789
41078989099
41084413933
41089903639
41090939203
41094780403
41095755947
41099542639
41099558029
41099756119
41100414821
41104227953
41107084933
41112726877
41116265291
41117774839
41117882413
41120406101
41120913991
41121952481
41124403973
41128101073
41130430811
41133653923
41134047961
41139401591
41140616021
41141031821
41141204711
41148834739
41149498853
41150214073
41154207011
41155864639
41159356729
41160456191
41161549603
41162383181
41177149729
41181898039
41183780941
41186627539
41190897799
41196870851
41197552303
41199051613
41199066901
41199183901
41199907219
41200144721
41201405711
41201545943
41203005373
41203148887
41206194191
41211621431
41211673933
41218081481
41218800943
41225675941
41226287941
41226963931
41230832681
41231115901
41235812291
41236619981
41238141943
41238466729
41240131721
41244918829
41246573839
41251117981
41252383091
41255944819
41256846619
41258031877
41258724739
41260038877
41262048973
41262576881
41264483941
41267057941
41267269339
41278006963
41288283947
41290889599
41291289439
41293852213
41294221933
41295794209
41300132501
41300261083
41301006931
41303497513
41308161581
41310987313
41312751581
41314704877
41315569961
41318285413
41318849899
41319694519
41321634877
41322233411
41325529957
41329299139
41334185803
41337043933
41337770839
41340375281
41340549703
41341909957
41342180953
41344678003
41346533803
41346692539
41347545931
41349790883
41355187729
41356752403
41359638977
41360027591
41361304031
41363617513
41364538871
41364746719
41366681861
41368250713
41369552957
41370399013
41373692809
41384655947
41386634911
41387642861
41390122211
41391998299
41392290703
41393950729
41394829219
41400435221
41416767013
41417052491
41419323191
41419748239
41423508281
41430734291
41431722961
41432449939
41433072943
41434542973
41438061281
41438992219
41439667309
41459618873
41461954213
41464794863
41466823729
41468389399
41473696699
41476501813
41477724619
41478772967
41479596737
41481679219
41483909899
41484184921
41484807439
41490728911
41494191313
41495681509
41496707509
41496726863
41496745789
41497325113
41498168119
41498705873
41499215861
41502816281
41506559993
41506695103
41507300321
41507656639
41508219703
41508925303
41509536403
41511727963
41511932381
41512138933
41512820887
41513338091
41513491181
41517201311
41520712691
41523457513
41530217591
41538070813
41541746413
41543623813
41543865947
41547388219
41550476941
41551495729
41552888957
41555529709
41558138203
41558674789
41558814439
41561030411
41561587003
41562174613
41562704081
41563695799
41564687599
41568162739
41568697637
41569384309
41576024803
41578657009
41581090963
41583425413
41590483639
41591704951
41591926609
41592014291
41596437409
41596727209
41597805229
41598469637
41599734499
41600656091
41603121431
41603598901
41605568957
41606567861
41607944113
41610856603
41616627931
41619408829
41619755329
41622119381
41624352191
41624614181
41628238303
41629075819
41638775957
41643794509
41651601491
41655419629
41657003291
41658922003
41660386819
41660626603
41664389999
41664792919
41665032973
41669504809
41672860819
41676740719
41683608947
41684550829
41687380429
41689343873
41691771529
41692877299
41696002091
41697016213
41700397951
41702316581
41702359957
41702419181
41703323933
41703919819
41704422581
41704676809
41705221981
41708560951
41710789339
41712850181
41716843921
41717047513
41717499589
41718320381
41719096519
41720055491
41722237091
41724607513
41726393809
41730198403
41730846931
41733718921
41733992329
41734885039
41735501923
41736344941
41736671629
41737345729
41737373809
41737538239
41743432813
41745791509
41745931303
41746257013
41748664967
41755424891
41755539799
41755856599
41756088229
41756661619
41762107813
41764905439
41765906239
41768133829
41768886527
41769800957
41773295419
41773446901
41774284609
41774815609
41775344203
41775369989
41775394699
41777331829
41779789217
41781184639
41782566863
41784030973
41784662873
41787242719
41788777427
41789451139
41791292957
41796011713
41796022603
41797676717
41798689099
41799222947
41801891839
41802513581
41805937339
41810416391
41810654803
41811826603
41813000531
41814292603
41818690883
41820413111
41824379329
41829092719
41832204923
41835882229
41838073213
41839030813
41840763931
41842568329
41842702963
41843489999
41846191213
41853867499
41854343941
41854684699
41854995289
41855144941
41858579627
41864697289
41868034213
41871039919
41873483419
41875308103
41877275029
41879467699
41880240973
41881145503
41884698707
41885383129
41889152419
41889244699
41891890699
41895036851
41900520131
41900781613
41902847113
41904411961
41907634729
41908605313
41915278519
41916727883
41918230091
41918460739
41919787099
41922279709
41925556429
41926833709
41927970863
41932211681
41932376719
41932960819
41933860303
41934716539
41937360931
41940005111
41940257413
41946068873
41948321413
41949860209
41950796029
41953615303
41956175329
41960748229
41961005291
41961992957
41962686019
41965508873
41966025403
41972159963
41972998337
41974657009
41975194039
41975258029
41976325519
41981408957
41981649109
41982169699
41986091239
41986979207
41989181957
41989328389
41993114413
41993349989
41997003931
42002375993
42002798839
42003779413
42004613411
42014331901
42014665813
42024030131
42025183391
42025866829
42029692871
42034351943
42040030421
42044943613
42046949899
42050746813
42054682951
42055908403
42056645413
42056665639
42056907313
42057883429
42058186871
42061296703
42068958499
42074565931
42076310953
42076892873
42081891829
42083424281
42086527729
42088194013
42088466509
42088825003
42090120521
42097381213
42099372013
42105911591
42107242943
42111200773
42112724993
42114371111
42120841211
42120855191
42123503321
42124821581
42128902091
42136575931
42141995719
42143661281
42144420953
42147718303
42148553413
42150309491
42158652313
42160514887
42163740973
42168771013
42173138713
42173747719
42175044973
42181897039
42189035503
42190371191
42190393951
42190665313
42195715871
42195912881
42197014091
42197761883
42199821947
42201125201
42202257943
42203527481
42203765081
42204361691
42205190971
42209437951
42211205021
42212642993
42217429957
42219762313
42222894313
42223543391
42225471973
42225729313
42231256481
42232094381
42234987139
42235529503
42242448613
42244288921
42244897909
42247627819
42247996009
42249394609
42251401421
42251945891
42258854873
42258940303
42259485319
42260282291
42268381303
42268446851
42274036813
42279243313
42284100311
42287862863
42288094339
42295004291
42296582329
42296671429
42297058883
42304978003
42306593503
42311180963
42312343781
42313650877
42316884851
42318321961
42319190803
42320976829
42322491973
42324100631
42328278947
42328364891
42329168957
42330047933
42337810091
42338979799
42340698013
42341653091
42342360877
42345733513
42346754539
42349436719
42350241953
42352380281
42354052933
42356196013
42357273313
42359707003
42362067613
42368354957
42368986727
42369428509
42371908819
42374933203
42377157103
42379906039
42382005877
42382757509
42382793419
42384642739
42385301923
42385845919
42386112191
42386273203
42387748009
42391465213
42391539013
42396075901
42399107203
42401081231
42404315021
42406390181
42412777639
42416586529
42419095819
42419171803
42421027031
42422171591
42423534281
42425002421
42427236613
42430350791
42435994039
42436667239
42439248013
42439660639
42440504591
42442992103
42443612923
42443734951
42443907829
42450241781
42450892639
42454270091
42455918419
42459349789
42460105031
42463872439
42463889837
42464238881
42467566129
42469159897
42469414303
42473725639
42474784853
42475581851
42476297957
42476319709
42484214081
42484972967
42489045947
42490905739
42491669599
42495391429
42495902629
42501278713
42504386891
42505332943
42509615503
42511269967
42517969009
42518893699
42519345931
42520271993
42521121521
42524792203
42524879209
42526752739
42527564539
42528681529
42532595113
42532794947
42532931803
42533750803
42534589897
42537096439
42541948429
42542751613
42550924513
42552435703
42553230491
42555499009
42555533413
42557590003
42559428319
42562248881
42565577209
42566211973
42566860519
42568256509
42569700931
42572439439
42576597199
42583481719
42587104603
42587302951
42591789199
42593720891
42596825209
42604945871
42607149313
42607476619
42607575947
42608818883
42609770719
42609907429
42614947003
42616440281
42617862439
42620400611
42621669529
42622678429
42626456629
42628802413
42632820973
42634607891
42636549889
42639074809
42639573139
42644487139
42645237931
42645392957
42655068851
42656650639
42657282947
42658267219
42660302681
42661870819
42662188609
42665014963
42665237911
42666997427
42667034941
42667563919
42674904529
42677018809
42682344403
42683772863
42684704957
42686321891
42701173391
42702222221
42708039971
42717656329
42720647839
42721484413
42722575639
42730053943
42733823413
42737723957
42741461713
42742027091
42742409929
42745194529
42748670329
42749612809
42751759129
42751918519
42753726013
42757545139
42757608799
42760122011
42762618529
42765040963
42772458863
42773144941
42774677389
42778499299
42780353503
42781158103
42782416871
42783456977
42784961689
42790670809
42794267119
42795761689
42802862891
42804847339
42806934619
42807533941
42817258339
42818071951
42818365339
42821288957
42823097113
42823887499
42827416921
42830732713
42833358619
42834020953
42834077203
42834321281
42835215613
42836369689
42840649339
42841418891
42841466719
42844449889
42845714861
42847028113
42852436303
42854804203
42855347239
42857448019
42857698399
42862587589
42864428419
42867430213
42867754399
42868478089
42869622977
42870257113
42873434861
42873643429
42876922789
42877913209
42878403013
42878867923
42879615109
42880492003
42884193977
42884752219
42886426853
42893355863
42893565499
42897956923
42900067813
42908353921
42908951419
42911433281
42911647819
42914448851
42914602963
42914753911
42915268003
42916274809
42916963129
42918949637
42919989883
42922533613
42929655589
42932529529
42939292219
42940477609
42941098883
42942095957
42946800829
42947391139
42950086639
42952484873
42956106313
42957682399
42959629189
42967410403
42969294737
42974191339
42975851957
42987969107
42989377337
42990173861
42992885599
42998144689
42999904699
43001260301
43004687503
43007002301
43007712491
43007895013
43009054481
43010315993
43011305621
43014973513
43015296703
43015765603
43027441481
43031276291
43033143311
43034045993
43043194963
43045100201
43045435963
43049629429
43050282943
43050371887
43050411073
43054372181
43055077603
43055793901
43061264923
43062900581
43068989807
43075678853
43079278699
43079471629
43081082381
43081145291
43087991599
43088576957
43090251877
43094835709
43096381819
43096414951
43097538977
43099187119
43100005919
43100540201
43102023311
43103669929
43104314411
43104327491
43106770963
43113634391
43113840491
43113930581
43115333021
43117534181
43117566829
43117920973
43118764303
43121354953
43126299103
43126548739
43127603381
43132895203
43138164613
43138634503
43140186281
43141045691
43142043221
43144100201
43147415081
43153477921
43153740191
43156609729
43156755619
43165056703
43165930513
43166591203
43169508901
43176335941
43177219961
43180471181
43182371081
43182932941
43184564719
43185569887
43186742719
43189024513
43189152739
43189335103
43191659899
43195139629
43197474977
43198307629
43199851853
43200162073
43200446591
43202291933
43202511901
43204530791
43213668829
43213812491
43215278413
43219581739
43219607891
43219914931
43220183021
43230959203
43233898129
43234034887
43245031691
43246727809
43251685303
43254140933
43256984209
43258784689
43260004331
43260052897
43260494839
43261098403
43262960413
43263513191
43264418839
43267940539
43268147203
43270107961
43273010411
43274836519
43277075911
43279078699
43279641103
43280825503
43282561951
43282673719
43284230291
43284438619
43290974239
43295804809
43295930957
43297101191
43298610829
43300688941
43310570993
43315000811
43319013923
43323106121
43324106591
43325942941
43326972947
43327829329
43334477911
43338223963
43340182481
43342455703
43342895419
43353380713
43357067629
43357652809
43358929399
43366100681
43366139951
43366932709
43368165619
43370565313
43372751941
43374246313
43374570931
43376817863
43380349213
43380823513
43384258339
43384339003
43387827589
43390178539
43398451339
43400620421
43403120911
43403604943
43403698609
43413801581
43414972729
43415000173
43416864947
43418411381
43422776539
43426079951
43427655013
43431303221
43432244291
43434781921
43437385339
43440860713
43444974319
43446150191
43446723403
43448368699
43449035503
43451397529
43452755719
43454836339
43459207639
43459613203
43467311803
43468417609
43469366599
43469621203
43471608403
43472651503
43472666329
43472907529
43474791229
43475793019
43479382129
43484078873
43487762599
43493804719
43493815429
43502451943
43504855213
43504897129
43511044691
43514594911
43515963619
43517184313
43519093921
43519401973
43523674819
43528085203
43537037839
43538750719
43539825799
43542864619
43543962013
43546837853
43547129809
43554375103
43554626113
43558916957
43559488727
43560827861
43568765389
43569134911
43578460339
43579208873
43583485219
43585511839
43586894537
43592295863
43593201973
43593338419
43594550539
43595408509
43601730877
43601901011
43602470381
43608537103
43611282191
43612430111
43616069993
43620200111
43623877789
43624569319
43624840603
43627826873
43630468729
43632712181
43639209983
43640994409
43642368439
43643167303
43643955863
43645860529
43650993409
43651139929
43655106613
43658582599
43659522901
43662363931
43665895699
43665999137
43666026881
43667239219
43668579527
43669616209
43672313803
43675950319
43676025931
43679061901
43679250529
43679383399
43680580819
43683956389
43684058419
43686252901
43687287289
43687747099
43688099599
43688204957
43691021923
43692251503
43696421809
43698855617
43701800993
43704178729
43709605871
43716852709
43717183729
43717542931
43717565509
43717716439
43721188921
43722394871
43724232191
43725128413
43727217739
43727504413
43731436951
43732768967
43732881947
43736864029
43737863209
43738706419
43739257853
43744077529
43745113963
43745599699
43745817229
43746831619
43750060391
43755081313
43758142639
43759031413
43761585863
43763217829
43763287129
43770434941
43772790409
43782110923
43784565499
43785139897
43785403639
43792313839
43795840789
43800384703
43804733503
43806156739
43806747139
43806914719
43810788799
43813629529
43817638699
43824891139
43826183113
43828801921
43829076229
43829235529
43832367619
43833919309
43835490103
43840664911
43840828519
43843076957
43844787199
43844791789
43845119809
43845547699
43847634139
43850746609
43852254829
43852830313
43853337851
43854887627
43855581799
43862326639
43862352829
43862787737
43872552439
43873573039
43874065003
43874512303
43874904319
43875118883
43876093853
43878647537
43878960289
43879095289
43880426203
43881125839
43881485209
43885460873
43886219029
43887038957
43889024873
43895083129
43896010513
43902975139
43903527881
43904465113
43905194719
43909723003
43909852309
43911434713
43911537403
43912307713
43918118203
43918703809
43918741519
43920079639
43921385957
43921525513
43923101111
43926582229
43927460719
43929039799
43929231403
43929527209
43930055713
43930318951
43934280881
43934368909
43941638239
43943138203
43947093919
43953320713
43956700213
43959384199
43961378119
43961395789
43964391409
43966176109
43971543013
43973489627
43974522103
43978514119
43980541303
43981721957
43982048329
43991610881
43993462039
43997470399
44003469967
44006608813
44010432611
44013753191
44022787213
44023020731
44024668871
44030912971
44035110073
44038839409
44038880911
44040245933
44041374191
44044696519
44046386957
44048738329
44052407923
44057881883
44058001121
44058073603
44060070991
44060782603
44060800897
44062811291
44064789589
44065140943
44065748329
44067256213
44069338609
44072567113
44074839139
44075493013
44075581639
44078139439
44081289013
44081548639
44084763529
44087586019
44090243381
44093855873
44098908589
44109486851
44109789019
44110390691
44110863281
44111729803
44115297739
44115441961
44116117481
44123603933
44129602091
44133836839
44133957103
44134513391
44135241877
44136873439
44141191481
44144550973
44147094931
44153978599
44155962709
44156573809
44162214581
44165341813
44168947399
44169275873
44170267513
44170332961
44173680403
44178618409
44179341881
44182074613
44182750603
44187393799
44188118203
44189553409
44193017081
44195766947
44197972009
44200737281
44202281887
44203208591
44204774503
44209267303
44210619913
44213082581
44218529629
44221664803
44223001183
44223729971
44225653603
44229979817
44233838629
44237003021
44237427739
44239652911
44242312781
44243619313
44243786239
44245032581
44247949489
44255517403
44255705891
44255953883
44258740303
44259047113
44267032091
44269305739
44270914951
44273848699
44283165931
44283472921
44285833883
44286492799
44289667637
44294493977
44296218013
44299676599
44302013111
44302150001
44306161391
44307255613
44318268013
44318565901
44322182381
44324590951
44324682739
44337766219
44341530943
44342830813
44342997947
44343671503
44343993977
44345160973
44345540081
44349146957
44350497619
44351981203
44358178699
44358513931
44359622539
44363804413
44367301963
44370106481
44370221681
44370745729
44373927319
44375089897
44375651629
44376093529
44376290911
44376890119
44379167689
44385741709
44386216921
44389213303
44391496129
44393456329
44396473909
44398991537
44399300941
44400707381
44401126943
44402689973
44406000901
44408790901
44409025963
44412182923
44413641191
44413700993
44413701011
44414760613
44415430933
44416455739
44416485013
44416489129
44416650613
44420112983
44420207971
44421848539
44422483603
44429780873
44430947203
44431105981
44435516891
44435571931
44436077911
44436955039
44439227719
44445969199
44448264439
44450006971
44453354941
44453600291
44461923739
44462538013
44463332803
44466373519
44467153729
44472317891
44474689099
44476274873
44477965699
44481611803
44484760003
44488570309
44488796237
44500228481
44501085281
44501655703
44502678529
44504241581
44504828911
44507662921
44512013411
44516877947
44520328091
44520591613
44520753703
44521596103
44525519993
44528167339
44536762003
44542843921
44543709103
44545724911
44545915339
44546187863
44547840851
44552210953
44561102111
44561159809
44561952901
44562970883
44570439103
44571291829
44577157129
44577502639
44582264539
44584218439
44587160539
44588148109
44589172967
44589309109
44591646409
44592670519
44594183509
44595174863
44596345039
44597160947
44598220213
44599017977
44601070781
44601141791
44602413943
44605327513
44605497799
44606863519
44613990013
44615407951
44617217839
44619851509
44621403877
44625855919
44626165921
44626943873
44633379229
44635516921
44635524403
44638923863
44640951931
44643377329
44644583509
44645964589
44646579799
44647173947
44647381003
44650531813
44659196389
44662137739
44663201381
44664193883
44672681873
44674557019
44683861909
44684216809
44688532219
44692304413
44693365039
44694065239
44697405139
44698879861
44699350789
44699374189
44705169013
44705445881
44705934439
44706029839
44710012421
44711127973
44711585861
44713108963
44714013923
44714784409
44715412813
44716483429
44719493029
44722355891
44724177947
44724921403
44726585689
44728081729
44728504819
44728771309
44735470729
44735599189
44736631921
44741143963
44741979199
44743334413
44745824419
44748144439
44749557289
44750305091
44755183003
44755244957
44755309003
44758133911
44758937627
44764291609
44768310403
44769205003
44770419619
44772269887
44775369799
44779267699
44790846109
44792365909
44793289727
44793341539
44796393737
44804869489
44806891309
44808871853
44809533529
44812941881
44814070963
44816723911
44817943039
44821087921
44823559219
44828084239
44828595199
44828677099
44828836489
44828950909
44832032381
44833656799
44834167429
44835803629
44837325851
44837485009
44837707699
44838289099
44844630829
44848782289
44855760863
44857430203
44857509019
44858996027
44862023081
44862192439
44862643429
44868112819
44870828957
44871225313
44877314329
44877856337
44878831399
44879815699
44882355863
44884232203
44886756527
44886886127
44889257599
44890821901
44890974199
44891124931
44892090619
44902682203
44902864519
44907925039
44908858699
44912692519
44913644861
44914101923
44918941699
44922169003
44922438013
44925155203
44928503629
44931319729
44931465619
44931964219
44933723539
44934280819
44934699499
44934743509
44935019719
44935999099
44936587637
44937603103
44938062901
44938534219
44940078709
44941654339
44942156719
44943164719
44943598699
44943924139
44948007947
44948976407
44950217839
44951155213
44951629039
44958868127
44964527029
44966858507
44968117967
44972735029
44974930219
44978581189
44985910699
44986728617
44991423013
44998041229
45009562513
45011126231
45012704953
45020279933
45025340993
45026149957
45028300781
45031916803
45031938313
45036262091
45037578799
45038758129
45043353281
45046966039
45048666799
45048975947
45051336191
45052461191
45059471203
45059868199
45060644803
45063730181
45064588853
45074917883
45075359963
45076067203
45077910403
45078196789
45080839519
45083296883
45084397129
45084816013
45086591419
45088305739
45090851413
45096855109
45097833229
45100660211
45104447081
45105006311
45105996799
45106133591
45112534391
45114336973
45116694013
45116830813
45120804877
45128646529
45128823829
45129091603
45129389999
45134141021
45135422291
45137151973
45138864919
45139661113
45141810943
45147683239
45153288619
45157211291
45159224503
45161121953
45163342813
45169407901
45171337513
45173591629
45177901729
45178055539
45178541113
45178741609
45179448947
45181613713
45183950113
45184098977
45184877389
45185852329
45203010221
45205781839
45205782313
45205790503
45207202981
45212673703
45217458947
45219815911
45226920703
45228030877
45228656873
45229353931
45229562113
45230253491
45230958529
45239371819
45239879627
45241500221
45243096403
45246304963
45246669989
45247370503
45250386403
45250935739
45251331491
45252105961
45252366931
45254638003
45256450513
45256742911
45261033581
45261992239
45263400491
45267075013
45268290103
45269906599
45272162713
45272974129
45274526719
45274694029
45276050713
45276361303
45280373503
45281915113
45282913213
45292572901
45292753003
45293855119
45293888089
45295270819
45295989883
45297611539
45298122739
45298505509
45299763737
45302000383
45313271291
45313330031
45316832413
45319228921
45325961809
45328780429
45330163391
45330803923
45331746403
45331789309
45332930803
45336032381
45336496039
45336862429
45338367229
45339928009
45342029713
45345389209
45348265003
45351301943
45352949209
45356933239
45359125921
45381434503
45386415439
45386434003
45387540529
45388540339
45388913029
45391895389
45394408519
45396317419
45396440629
45402782839
45402954739
45403487719
45406385809
45406557709
45408379789
45412825603
45413581513
45417735901
45418387219
45418526911
45424962529
45430908829
45435128891
45439386589
45442357921
45451827901
45453932911
45458428129
45463238203
45464052703
45465717229
45466591039
45466821947
45467728399
45469703239
45472195883
45478534789
45479730319
45480846977
45481535629
45487792699
45491734429
45494183239
45494762119
45497362219
45498399407
45499972517
45501699409
45508501813
45513328603
45513348931
45515161091
45515886109
45515919409
45517286239
45517625203
45520041131
45520232111
45520601591
45522613813
45524732503
45529419409
45534076729
45536803303
45537353629
45537907039
45539107921
45544464103
45550312481
45554434213
45559612429
45563675957
45574534003
45583550539
45587230303
45588587923
45589047499
45589803019
45590219113
45591565853
45592872109
45595144883
45597722957
45599442019
45601909729
45602623813
45602951413
45603758419
45607155313
45608019739
45612923413
45613054181
45613674709
45615136603
45616437103
45617514403
45617529319
45621367639
45627485689
45629698337
45635035951
45636519139
45637037629
45646949599
45651782419
45653318911
45656216629
45656609209
45657262429
45657570799
45660282931
45660768499
45664149799
45665776699
45665781589
45669664189
45669777199
45672425203
45675630439
45676667599
45676999861
45677785607
45678465199
45680197039
45680254303
45680280829
45682108729
45687079189
45689932727
45690736219
45697014529
45698086727
45698919883
45699166699
45700579429
45701878699
45702686873
45716716519
45718547029
45718727209
45724261951
45726175609
45729023891
45729260809
45740320933
45742000781
45745353529
45747583009
45754461947
45758409019
45758821789
45759765707
45759783499
45769674437
45773040613
45774532883
45778957307
45780112813
45780849799
45782673589
45783337129
45791493499
45791861029
45792351851
45793293019
45794155219
45797924717
45798563717
45798718517
45802224973
45806788189
45808906309
45816155719
45819505883
45820782013
45823392103
45827542339
45836405203
45836968517
45838692737
45840077809
45850829599
45852073303
45852116941
45855337699
45857983337
45859961627
45859967207
45863989217
45864422861
45865233013
45869114509
45869940737
45873832853
45874147699
45874804039
45876776923
45879534199
45888544699
45890913799
45896005429
45896278399
45898015129
45898579861
45913482103
45913534819
45913649209
45914713213
45917756389
45919543699
45920708629
45920716213
45921027613
45924139973
45926910619
45933363013
45937777399
45944767727
45948231103
45954844489
45955318789
45956287099
45958042883
45958875227
45962003081
45970862689
45972530861
45974029897
45974672389
45976357699
45982160113
45982813967
45984630799
45986081599
45992303719
45993140719
45996627437
45997971317
45999644417
46004685403
46009836619
46010815481
46013176091
46013678911
46013761813
46022321321
46024030001
46025913613
46029953873
46032913963
46035934639
46037194639
46041175963
46044330923
46047076819
46047817429
46048888189
46048969727
46052559983
46053243281
46053473839
46053523963
46054014491
46055775229
46057834883
46060954213
46065278239
46065377873
46066993009
46071013031
46073208613
46077556309
46080060581
46080071291
46081293403
46085067103
46091865409
46091906719
46093662529
46101235031
46102316111
46104814813
46106039713
46108771213
46108839229
46112562191
46113005321
46116958967
46120394713
46121324933
46128056413
46131591703
46134797957
46142986129
46143802091
46146891229
46147443931
46148212181
46150557403
46151208281
46156086103
46164016813
46164628519
46165938499
46166128639
46169115739
46173505603
46179395299
46181158213
46182974119
46185164719
46185325639
46187749099
46187893699
46188614873
46189097389
46192491619
46195450729
46197182873
46197969227
46198914589
46199093029
46200114901
46200190121
46203100721
46204440943
46206995119
46212053021
46216945339
46223829013
46227403091
46229427103
46230951703
46231661713
46240005221
46242909983
46247849299
46250847103
46251329503
46254347809
46260529729
46264055503
46264756309
46264844239
46268191883
46269760699
46272534313
46272851539
46279711003
46279778507
46279812863
46281404713
46282000981
46282715113
46283598737
46284709129
46285045871
46295664109
46299635299
46303568719
46305662941
46305884329
46306285303
46307022011
46307440181
46308362413
46308684977
46308935873
46309459219
46310932813
46311968509
46313362091
46314254803
46314778039
46315776319
46316473921
46317345313
46318645339
46320471973
46325692883
46327286419
46327951339
46328614921
46330408181
46336286239
46338093103
46340646829
46342365931
46345387853
46347312703
46347754967
46356651013
46358107871
46360981339
46367803519
46369082509
46369214113
46371886009
46373438329
46375357219
46380360703
46382291861
46384352719
46385427139
46391831809
46392419509
46398952189
46402722973
46404658519
46405206191
46406298919
46407689837
46408537429
46409296309
46409344921
46409748589
46410279739
46413521923
46414783609
46419545873
46419899299
46420140131
46420283803
46422358921
46422496429
46422720973
46428899327
46432184839
46433213291
46442517739
46446835219
46447480609
46447731851
46450563931
46455518873
46455675589
46457759717
46460003021
46460852957
46461473957
46472317729
46472981119
46479836717
46486714129
46487360509
46489943089
46491006703
46491324931
46492348219
46493601313
46494199637
46494225013
46497723109
46501775539
46502305933
46506364819
46510959799
46513040681
46514954509
46515884599
46516322803
46517265709
46518268967
46519736209
46524816529
46526375509
46533210011
46537591967
46542710803
46543078429
46544032813
46544388109
46545574853
46553744329
46554186229
46558929617
46559203213
46559306873
46567029889
46569973337
46571606911
46572525529
46572616609
46572698717
46575524329
46579432853
46583943947
46586444689
46588569227
46592464129
46593568727
46593626119
46593957437
46597930009
46603013953
46605815629
46610908639
46611734413
46612303391
46612490891
46614358883
46615099309
46617508519
46619026819
46619580229
46624874689
46625092303
46628911429
46629281329
46630934113
46634018839
46638226339
46638735109
46639156219
46644321613
46644871219
46644976699
46646272429
46652565863
46653897707
46655127619
46655900861
46659731957
46661752883
46663653863
46671117403
46672819399
46672918489
46677500113
46677883517
46681049329
46681253719
46683499399
46685015203
46689982099
46690512829
46690923319
46694524853
46695348289
46699129637
46702293829
46702672213
46707457309
46709504911
46709896399
46710449113
46712960113
46714863799
46715275339
46716116413
46717743409
46718280709
46721870809
46728025639
46731482113
46733083819
46736050951
46740534829
46742580947
46743833239
46744394209
46756281799
46756778507
46758677417
46759491199
46761321613
46765259837
46765949507
46767127219
46767361219
46769463289
46770526003
46772055947
46772578189
46776088637
46779805727
46780077977
46784387537
46784795327
46788159499
46792566199
46794036977
46800565921
46800671839
46804560931
46808600941
46810121591
46818122941
46818125719
46819478599
46825762853
46827939527
46832024081
46832099029
46835717119
46836398627
46841788699
46844275967
46844652139
46846012513
46850852239
46851324739
46854893599
46859064589
46860924919
46861244113
46863895517
46868129837
46872201703
46874830039
46875211871
46877579117
46882089799
46882962199
46884307219
46885145119
46886223799
46887235489
46889062489
46889349317
46894060519
46896527599
46896743627
46900783883
46901427931
46904435629
46905178699
46907321891
46909355599
46909364209
46910642413
46910889737
46912156639
46913002933
46918829627
46922630891
46924351921
46926509029
46927635589
46930430081
46930614881
46931878727
46932009829
46934243861
46937085109
46937505319
46940144413
46940492509
46946044609
46950652429
46950797599
46951659289
46952162539
46956500809
46957398913
46959269831
46961346139
46962239999
46963244329
46963354853
46964073319
46964289707
46964742499
46969267427
46970224871
46973515219
46977677207
46990841119
46991076109
46994123419
47003584951
47004903191
47005853891
47007387439
47008417513
47010153991
47010302711
47011087091
47011866931
47012585839
47014205591
47014296313
47014701581
47014748719
47015600591
47021376613
47021513887
47022250897
47022773503
47022782941
47024015993
47024937709
47025858409
47026749229
47028378799
47029952873
47032875947
47035059919
47038693853
47039570719
47043975799
47044414091
47045449973
47045927419
47045961901
47048079409
47062439629
47063168539
47064518861
47064844339
47065330181
47068098499
47068223413
47072125813
47074265911
47075691409
47076489737
47077649299
47077930429
47079504529
47080955329
47083277873
47084099119
47087005951
47090320391
47091654619
47094464509
47098062439
47098336699
47103610781
47106850951
47108256931
47108437213
47110713581
47110933813
47112621877
47115155081
47115294829
47121964639
47122248703
47123006591
47123351291
47124597409
47125738003
47127748309
47128725103
47128789727
47131520021
47134221923
47139182539
47144210591
47147172829
47147915239
47151477619
47156488009
47157061603
47157923873
47158572319
47159291873
47159370529
47168561329
47170696967
47171027081
47172544819
47173546429
47175095329
47175669199
47175827029
47179252339
47185719019
47185902619
47187465019
47191451891
47193255947
47194709599
47196058219
47196416873
47202787609
47203491613
47203865113
47205030953
47206619539
47211898039
47216593003
47217126703
47217852947
47218266947
47221263281
47225153081
47225202877
47225413181
47226693229
47228477689
47231698309
47231746213
47232278861
47232787219
47235283213
47236422703
47237716429
47238691789
47240859409
47241427951
47251638013
47253355871
47254421803
47255649589
47257283509
47259053911
47259478727
47260399699
47261031491
47262041923
47271245503
47272059529
47272903729
47274238003
47275668289
47276953489
47279522509
47282085709
47283620941
47286686537
47286817489
47287541239
47288209699
47289243409
47290485139
47290779827
47290855699
47295426229
47296220941
47299754717
47304221681
47306038513
47306635213
47307578599
47307685967
47308169239
47308195003
47308279699
47308711603
47311006121
47315878009
47319493853
47320457413
47321827921
47323338313
47325555103
47325648319
47327328901
47327433313
47333396329
47335427911
47335581947
47338697537
47342176729
47346376309
47350469329
47351014933
47352096947
47354047729
47354574919
47357354329
47363204803
47363903809
47364971029
47365217957
47366021081
47368299499
47369856617
47371906429
47374624519
47375492599
47379780199
47379939821
47385232729
47391824509
47392004081
47392985089
47398012639
47400948709
47402424281
47402745829
47403079303
47405893039
47408203963
47409145921
47409897617
47410204691
47410816951
47412317081
47414580739
47416902829
47417076013
47423486419
47427644419
47428463419
47430110411
47432208613
47435385229
47436181213
47436268853
47437440829
47442892309
47445375919
47450072713
47453335819
47455474309
47461693039
47464464409
47469093499
47470426921
47470776109
47473812619
47474352619
47476035619
47479437737
47481162931
47485750789
47487143419
47490930709
47494570853
47495023819
47499560299
47501739619
47503531181
47503928873
47509916957
47517352639
47519363239
47524580629
47527075339
47527421941
47529884089
47534193013
47534302091
47536491319
47538661039
47539750967
47539778417
47551833103
47558254039
47559388337
47561945209
47562625609
47564206303
47567855717
47568044239
47569690099
47570467309
47570764039
47571728599
47577377599
47578252129
47579157737
47582478289
47582634409
47595101941
47601271181
47601646303
47602876309
47603942629
47604782419
47604843529
47605864699
47610282613
47610916729
47613647509
47614341703
47617669637
47621021681
47624428339
47627987923
47631317413
47633069963
47634857299
47636742319
47638509109
47641274203
47645067139
47647870399
47648278189
47648322851
47648665637
47648722909
47648921209
47649340883
47656135339
47656410313
47657119039
47663265799
47666738627
47670714439
47678154947
47679074299
47682321829
47691081709
47691998999
47692020703
47692480309
47692794707
47693258299
47693967913
47694553009
47702625881
47704334413
47706009971
47708015503
47708608039
47709510829
47710400021
47712152713
47712914911
47713700803
47714221813
47719265119
47721263413
47724583853
47729198717
47735931409
47739093109
47739691189
47739713689
47739813109
47741370829
47743166329
47743795637
47744435419
47746312213
47746979117
47748512239
47751271303
47751333313
47754094699
47754197389
47754727399
47755180003
47760028639
47764230403
47772019973
47780547109
47788609931
47793370853
47797103509
47799590417
47803041191
47806177967
47807711911
47816145947
47816976617
47817256789
47817988217
47818395199
47820039829
47820770719
47822097919
47822426203
47823582409
47823711931
47823851329
47825054861
47830981853
47834163529
47836377289
47836452799
47837504873
47839346389
47847896207
47849708717
47853156863
47853307339
47855879117
47858537627
47859509627
47860489189
47860555219
47861849807
47862154883
47865135319
47867127499
47874408499
47875626199
47877783407
47878135009
47878972307
47881046509
47881323439
47881712509
47882729627
47882746727
47888187227
47891868317
47899296017
47899945007
47900291839
47901907003
47910068809
47913419899
47914781209
47916919727
47919647717
47922700951
47923443947
47923627789
47926034203
47928160883
47928937517
47933472319
47935957607
47937912499
47939725727
47940830911
47941870699
47942391799
47942693389
47942879921
47944568627
47945883499
47947579307
47948881399
47950157873
47953138039
47954831689
47956009897
47956775299
47958178517
47962706599
47963662399
47964978107
47967296327
47967330799
47968877893
47971586717
47972697317
47974670389
47979607933
47983387337
47984882923
47986563617
47990055409
47990226139
47990229019
47995652599
47996465417
47997399883
48001996519
48010676503
48018478789
48019396967
48022496861
48022738639
48022764403
48033880729
48034268539
48041998399
48043012691
48044392303
48046860709
48047228539
48048548599
48048663799
48052031933
48052299917
48056664977
48057464239
48062874319
48063496853
48066480439
48071679589
48073972789
48076041613
48081900613
48082247809
48083471203
48084491239
48088835299
48090455719
48093708139
48094206313
48094669699
48099142519
48100481291
48102691603
48103839439
48106335703
48106395947
48109030391
48109328629
48109554439
48109962863
48112618513
48113146181
48114783529
48116851729
48117740941
48118923851
48119143951
48121089829
48121212791
48124041011
48124855003
48126096901
48128081941
48128760709
48133140491
48134779009
48135533503
48136067113
48141479963
48142578139
48142897489
48143392303
48145183921
48148986437
48149623003
48151263613
48151535503
48151746529
48151780213
48152007973
48152507839
48153424951
48158413871
48158457019
48158737009
48159382967
48162228739
48165007951
48166820539
48170636113
48179250103
48180935329
48183936019
48184268029
48184335439
48186979811
48189287537
48189588913
48189604219
48192460639
48195387199
48199968017
48210430943
48210589519
48212214923
48215297873
48215431091
48221510111
48223213391
48226292957
48226389989
48226651639
48228189109
48228544883
48228753799
48229485947
48229506851
48231894229
48234345931
48238213951
48239074003
48241254613
48244561639
48246658489
48247788707
48248663689
48249572029
48255352213
48258421639
48260157931
48261529973
48263613403
48268507219
48270963799
48272214703
48276814699
48278328019
48282057619
48283576399
48287511901
48287783627
48292930429
48297767237
48298100839
48300966013
48303038803
48303645881
48304378519
48306080803
48308835139
48311879887
48312280813
48312861739
48315917239
48317566699
48322981519
48324009967
48324248113
48326398009
48332310491
48340270963
48340924921
48344531839
48345912529
48347248967
48348071539
48349142861
48349954699
48352890977
48353278219
48355655119
48356688707
48357261709
48358255219
48362253829
48364109719
48369737089
48370552729
48373187119
48373882009
48379130113
48381080941
48387838427
48388871717
48389230429
48390734239
48391133503
48391769537
48392742799
48394006729
48394375009
48396203957
48402830803
48406319993
48412241291
48412462603
48412720963
48415435213
48419812429
48421004591
48423852013
48425063503
48425117941
48428308609
48428635039
48428926009
48430670941
48431405713
48434045941
48436092619
48436116881
48436236529
48437532851
48441996289
48445752919
48445834039
48447147799
48448778299
48449133013
48452980039
48454414639
48454650529
48457997117
48458620519
48460981039
48462450931
48464039419
48467325229
48468920957
48475264967
48478079717
48479469407
48482781019
48484302403
48485399507
48488133919
48488197517
48490468399
48491197399
48492742219
48496140439
48498072589
48498279407
48500312591
48500377213
48507058609
48510687139
48515265709
48517506619
48519507139
48521695853
48524276239
48526812013
48527428909
48529256957
48529926737
48531440803
48531945799
48533426911
48537189199
48537239689
48546865699
48547264039
48552031181
48554422729
48554528599
48560443639
48567799957
48571721113
48575655199
48577351219
48578931199
48580268119
48581275129
48583032829
48589331689
48591041413
48595645727
48596397407
48601442081
48603246403
48605930809
48606620891
48608507509
48608787527
48609222313
48610966853
48611155951
48611937229
48615676489
48616010381
48621672013
48622408213
48624830539
48629105719
48630221923
48632641639
48634384129
48636591947
48637350529
48643516003
48643613861
48649713589
48661729489
48662295109
48662383309
48663214213
48663271883
48664736389
48665180873
48670102181
48670907119
48677082109
48680911519
48685299317
48688197317
48693451967
48694601419
48695053219
48699867883
48705958099
48711079973
48720037603
48720293861
48720693799
48727601203
48732266329
48732335629
48733880029
48733943029
48736173229
48736214809
48740291629
48740814439
48746702509
48749664527
48749671099
48749783417
48750989327
48751994089
48751997417
48760431931
48764705029
48765992237
48772614977
48778667027
48780131941
48787282189
48787755407
48788549863
48794017039
48801965957
48802389589
48802504951
48804665029
48804765109
48807896507
48809401639
48810195013
48810941719
48812940947
48813096229
48819924289
48823165519
48825531901
48828362689
48836553947
48837560599
48847062139
48848957999
48849949861
48851228329
48851521819
48854751499
48859645517
48861843109
48874033339
48874101403
48874599017
48883143409
48884078627
48888268127
48894707599
48898380437
48898602737
48900395419
48902942419
48903098119
48908109139
48914436229
48915702529
48921648109
48922978933
48923134303
48923275967
48925223629
48926431429
48930960977
48937072039
48940721719
48941143819
48943005403
48945072977
48947475617
48948664517
48950070931
48951332113
48952160539
48956195537
48956944427
48960705319
48966221873
48971413429
48981512329
48981709099
48983375627
48983662699
48983764337
48983774417
48985907417
48986070019
48987406099
48998210119
49006924639
49009437709
49011897229
49013330591
49014155713
49020664951
49021790413
49022889109
49027518619
49029113713
49030000093
49030323581
49035177619
49039950139
49041216281
49042568873
49042669789
49045175911
49049715977
49057239799
49058190851
49058754109
49059408799
49061564911
49063541941
49063890977
49064942873
49069222819
49070265931
49070816629
49073484409
49079263039
49081266947
49082835229
49083449999
49084005613
49086083419
49088600629
49088729717
49089810229
49092048619
49092056539
49092482419
49092631639
49093163957
49098103213
49101397921
49109509973
49114102781
49115413091
49116906851
49116931921
49121024111
49121651713
49122196639
49125397309
49127067529
49128538853
49129132513
49129744039
49133464213
49134129829
49134425839
49134815809
49136199589
49137145639
49137699707
49145294329
49146873109
49150448957
49151102591
49157184799
49167000973
49173195139
49176401503
49177589921
49179293299
49182534529
49186987099
49187576089
49189768037
49192139509
49193298289
49194186499
49194788299
49194799037
49197945499
49198270853
49204421381
49209547967
49213597967
49219961689
49222251191
49222339819
49222598119
49227913519
49228155103
49229225113
49233248629
49235735873
49236843863
49238519599
49242590539
49243558219
49250762629
49251573013
49255263619
49258319119
49263837947
49264236103
49269838337
49271099029
49271691863
49272832519
49273018303
49276941499
49280310973
49280426203
49285214203
49285336853
49293145519
49293371873
49298603209
49298910109
49301077603
49303490839
49312630963
49317821719
49321618921
49323841921
49324209971
49327754689
49331001311
49332750403
49337802439
49339426039
49340042291
49347067309
49347455957
49348251709
49350641941
49354552339
49355841229
49360468309
49362831103
49370358319
49371007603
49372506709
49372623901
49375323947
49377242419
49378909607
49380820729
49382543239
49389251689
49391621861
49402017281
49404078439
49409166977
49409824909
49413914629
49414938589
49415233951
49415772863
49416160513
49416811729
49417259887
49422340813
49423137931
49425272629
49433452921
49441723819
49442339329
49442683789
49443206503
49443350503
49444509409
49445259989
49446804139
49450028839
49450287863
49456651967
49457262139
49457676707
49459309489
49460129951
49460682977
49461288109
49468803499
49469515009
49469609537
49470526883
49470582229
49471655957
49472244439
49476011941
49479365599
49479991307
49480826599
49481338853
49481633419
49488917299
49490482039
49492888127
49493030941
49502365303
49511866853
49512749029
49512858947
49512875119
49513420181
49515262729
49515533629
49515548119
49516598627
49518516409
49520485519
49520902513
49523308213
49523880799
49532258239
49534372609
49535240891
49537025809
49538880289
49540527851
49540574329
49541959189
49547150113
49551704539
49558159817
49566396437
49571281429
49573643029
49577604589
49579370389
49582150213
49582305901
49582706119
49584911119
49590919817
49596433399
49596569027
49598049499
49599607399
49602492529
49613419003
49614674209
49621192213
49625250881
49625482853
49628381119
49628563399
49632307213
49632897437
49636062013
49640155871
49641618799
49642191947
49649007409
49649369299
49655405329
49658405029
49659631009
49660632013
49667661289
49670315861
49671417409
49672265029
49672298717
49675832299
49677110957
49681332013
49684374737
49688544617
49691623789
49695603109
49696390699
49697790407
49698107299
49702930213
49703718409
49704979931
49705130803
49708674199
49708879217
49709358289
49713333403
49715820439
49716461419
49718063509
49721054503
49723412941
49723580419
49726237219
49726526029
49727441419
49730543113
49732970689
49734633139
49734698417
49737172853
49740505729
49740736789
49742252957
49742339887
49742589707
49742922409
49743748189
49745304709
49746494537
49746889007
49747260319
49747904299
49747985117
49751177689
49752774199
49760373863
49761849499
49763909537
49768044019
49770611203
49771371319
49773023957
49773123947
49774120639
49781083909
49782958307
49783351789
49783827617
49789149199
49789319417
49790600809
49790772737
49791204709
49795603399
49797543527
49799323727
49800747229
49801676209
49802708873
49805244529
49812569837
49813526239
49820871409
49824270103
49829520799
49829965217
49830637309
49831222603
49835011951
49842013513
49847472737
49848319637
49851572209
49852994299
49861489607
49861614863
49861832029
49863006439
49866765407
49874820109
49875521029
49879114489
49882070509
49885228699
49893033863
49894993007
49897600009
49899632327
49909112203
49910674909
49913624419
49917755627
49918395617
49918911499
49918936399
49920818957
49926326599
49928644699
49936628627
49936890527
49938810589
49940906209
49940961947
49946198299
49951604873
49956004883
49961432509
49964116039
49964503219
49971046039
49971759883
49972192399
49976438327
49978100509
49982409199
49982417389
49983204977
49990029589
49990394627
49993275499
49997291237
49997392127
