13
19
37
53
71
73
97
103
127
163
181
233
271
307
383
389
431
433
499
509
563
587
631
701
743
787
811
857
859
947
1009
1049
1061
1087
1153
1171
1223
1283
1423
1483
1489
1553
1597
1601
1607
1733
1801
1861
1867
1933
1973
1999
2017
2053
2143
2213
2237
2273
2293
2341
2383
2389
2521
2543
2633
2671
2677
2693
2729
2767
2857
2903
3041
3067
3089
3221
3313
3373
3391
3469
3533
3559
3593
3623
3643
3739
3797
3889
3931
4013
4057
4079
4211
4231
4273
4493
4507
4547
4583
4657
4729
4787
4789
4903
4909
4967
5003
5009
5087
5153
5281
5333
5393
5449
5483
5623
5641
5647
5717
5791
5827
5869
5881
6053
6073
6079
6121
6211
6271
6277
6301
6323
6343
6367
6529
6547
6637
6653
6703
6781
6857
6949
6961
7043
7193
7333
7537
7577
7681
7937
8053
8059
8101
8147
8273
8291
8431
8521
8543
8693
8699
8761
8837
8839
8941
9001
9029
9043
9137
9199
9241
9319
9391
9403
9421
9623
9649
9689
9739
9791
9829
10061
10133
10151
10177
10243
10313
10333
10463
10687
10867
10883
10957
10973
11057
11161
11251
11273
11321
11383
11497
11617
11677
11813
11923
12041
12203
12241
12263
12269
12401
12553
12601
12809
12889
12919
12953
12979
13033
13093
13099
13163
13381
13411
13477
13523
13613
13633
13691
13697
13729
13877
13879
14087
14177
14207
14401
14423
14533
14537
14731
14737
14869
14957
15017
15121
15217
15271
15277
15329
15361
15413
15439
15451
15473
15581
15619
15727
15859
16067
16069
16229
16333
16339
16427
16553
16603
16759
16823
16889
16937
16993
17011
17033
17077
17123
17167
17183
17299
17389
17471
17569
17657
17707
17761
17837
17903
17929
18043
18061
18133
18191
18229
18313
18481
18517
18919
18973
18979
19141
19163
19237
19381
19457
19583
19727
19891
19963
20107
20129
20147
20219
20323
20327
20389
20431
20507
20743
20749
20857
20963
20981
21023
21313
21379
21391
21397
21467
21577
21601
21713
21737
21751
21803
21977
21991
22031
22037
22123
22259
22291
22369
22381
22433
22453
22501
22549
22619
22699
22921
22943
23003
23021
23027
23117
23173
23201
23269
23311
23537
23539
23599
23609
23719
23753
23993
24077
24103
24107
24181
24419
24527
24671
24767
24923
25111
25153
25391
25423
25447
25577
25667
25793
25847
25913
25931
25997
26161
26183
26251
26437
26699
26701
26813
26893
26927
27043
27061
27191
27409
27427
27647
27737
27739
27773
27791
27803
27917
27919
27997
28097
28163
28181
28279
28547
28697
28703
28817
28901
29131
29153
29179
29209
29269
29311
29423
29599
29641
30089
30119
30203
30313
30469
30539
30557
30649
30661
30713
30803
30829
31019
31253
31307
31547
31699
31729
31981
32063
32069
32083
32173
32203
32353
32359
32401
32687
32917
32957
32971
33013
33037
33091
33301
33329
33343
33413
33457
33547
33581
33613
33617
33619
33769
33811
33871
33941
34283
34313
34351
34487
34591
34667
34849
35053
35059
35149
35251
35257
35291
35323
35381
35507
35509
35521
35569
35831
35837
35879
35899
35983
36229
36319
36353
36467
36469
36551
36559
36607
36683
36739
36793
36919
36979
37039
37123
37181
37189
37253
37321
37369
37501
37507
37547
37691
37853
37871
37963
38047
38281
38371
38959
39019
39079
39103
39161
39217
39301
39323
39383
39541
39581
40031
40163
40169
40231
40237
40343
40471
40543
40813
40819
40927
41131
41179
41203
41221
41243
41519
41603
41647
41737
41843
41911
41957
42013
42073
42181
42187
42323
42437
42451
42703
42767
42923
43003
43117
43223
43391
43399
43441
43591
43627
43759
43913
43951
43991
43997
44071
44101
44257
44273
44389
44543
44657
44839
44927
45061
45139
45317
45319
45377
45481
45533
45599
45737
45827
45841
45953
46073
46327
46451
46703
46831
47041
47221
47269
47317
47513
47629
47717
47791
47809
47869
47911
47951
48109
48383
48437
48589
48619
48767
48781
48787
48857
49003
49009
49081
49117
49171
49339
49391
49757
49801
49843
50023
50111
50221
50311
50513
50627
50753
50867
50971
51329
51413
51439
51503
51631
51637
51691
51769
51817
51871
51907
51949
52223
52267
52489
52609
52711
52757
52861
52937
52973
53093
53149
53299
53381
53419
53527
53569
53617
53633
53693
53699
53891
54001
54151
54331
54403
54421
54469
54517
54601
54647
54799
54881
54973
55057
55103
55127
55213
55291
55589
55639
55691
55787
55817
55897
55901
56081
56087
56179
56401
56597
56599
56711
56779
56821
56957
57037
57143
57251
57259
57347
57529
57679
57697
57709
57781
57853
57901
58027
58171
58199
58207
58337
58379
58391
58427
58573
58579
58661
58711
58757
58991
59093
59183
59417
59419
59471
59659
59671
59743
59747
59981
60091
60149
60413
60631
60637
60703
60859
60901
60923
61043
61153
61357
61403
61463
61609
61681
61979
61991
62297
62327
62581
62617
62633
62659
62723
62851
62897
63113
63317
63331
63443
63467
63559
63601
63607
63773
63803
63841
64217
64303
64381
64433
64613
64783
64853
64891
64901
64969
65119
65267
65393
65537
65599
65629
65687
65809
65867
66271
66347
66361
66499
66569
66617
66701
66763
66851
66923
67247
67399
67427
67489
67511
67733
67751
67757
67867
67931
67933
68059
68141
68279
68521
68633
68699
68743
68879
69193
69463
69467
69821
69827
69959
70001
70111
70177
70223
70249
70313
70373
70423
70429
70481
70607
70823
70849
70979
71059
71147
71233
71237
71327
71413
71453
71527
71569
71693
71741
71789
71899
71941
71987
72139
72229
72287
72467
72469
72481
72623
72647
72739
72869
72889
72931
72977
73039
73237
73277
73309
73433
73583
73673
73693
73819
74027
74203
74209
74357
74489
74551
74719
74797
74861
74869
74933
75013
75017
75161
75167
75211
75217
75307
75479
75521
75527
75583
75653
75721
75787
75967
76081
76261
76403
76441
76481
76487
76597
76753
76991
77237
77239
77291
77419
77477
77479
77543
77563
77587
77813
77969
77983
78137
78139
78283
78539
78623
78791
78889
79273
79309
79367
79411
79589
79657
79813
79907
80147
80309
80347
80491
80611
80651
80657
80749
80783
80897
80989
81049
81223
81353
81533
81649
81773
81869
81931
82051
82163
82217
82219
82279
82457
82471
82499
82507
82613
82729
82981
83117
83203
83207
83357
83399
83401
83423
83449
83537
83591
83663
83869
83911
84121
84143
84349
84389
84437
84499
84503
84631
84673
84691
84697
84761
84947
85021
85027
85081
85223
85313
85427
85571
85669
85711
86011
86183
86389
86477
86561
86677
86743
86837
86923
86927
86981
87179
87407
87421
87481
87557
87643
87649
87719
87931
87973
88301
88471
88721
88819
88897
88969
89021
89069
89087
89209
89269
89371
89533
89627
89759
89779
89821
89977
90001
90007
90067
90203
90227
90353
90379
90511
90599
90803
90841
90911
90971
90977
91099
91129
91163
91309
91367
91369
91433
91781
91969
92153
92203
92221
92269
92333
92357
92399
92681
92753
92801
92867
92959
93077
93257
93307
93503
93529
93581
93761
93941
93949
94207
94331
94399
94441
94777
94823
94933
94993
95071
95213
95239
95279
95369
95549
95569
95701
95891
96001
96179
96199
96289
96331
96443
96461
96553
96557
96643
96731
96737
96821
96823
96959
96973
97547
97549
97789
97813
97879
97927
98179
98377
98533
98641
98689
98711
98773
98869
98887
98911
99053
99109
99149
99233
99251
99257
99367
99523
99527
99529
99679
99761
99839
99901
100193
100333
100403
100511
100649
100733
100801
100913
100937
100999
101107
101141
101183
101273
101323
101363
101383
101411
101503
101723
101749
101987
102023
102061
102197
102241
102481
102533
102539
102647
102913
103079
103217
103291
103387
103529
103561
103787
103903
103967
103969
103981
104087
104113
104281
104287
104513
104623
104681
104827
104933
104959
104999
105253
105323
105367
105499
105503
105509
105541
105653
105907
106087
106261
106391
106621
106627
106681
106759
106937
106993
107053
107077
107123
107323
107453
107581
107693
107741
107747
107839
107903
108023
108139
108191
108203
108533
108649
108793
108881
108917
108959
109147
109433
109451
109583
109589
109721
109819
109891
109961
110051
110251
110431
110479
110543
110581
110587
110749
110923
110947
111043
111427
111487
111577
111623
111751
111847
111953
112103
112121
112213
112237
112459
112543
112583
112741
113041
113089
113117
113153
113173
113359
113467
113537
113957
114031
114073
114143
114259
114277
114451
114473
114691
114761
114769
115117
115201
115223
115757
115771
115849
115861
116167
116257
116273
116329
116471
116903
116927
117023
117223
117353
117517
117751
117779
117883
117959
118037
118147
118253
118471
118589
118691
118787
118873
118897
119047
119267
119513
119591
119627
119689
119797
119849
119953
120041
120223
120283
120557
120607
120661
120829
120917
120919
121013
121169
121343
121349
121453
121507
121909
121921
121967
122021
122041
122117
122201
122263
122449
122557
122719
122827
123017
123127
123169
123239
123307
123419
123433
123457
123503
123527
123581
123707
123833
123989
124067
124133
124193
124351
124427
124513
124717
124793
124991
125093
125507
125617
125659
125789
125897
125899
125941
126001
126023
126047
126199
126241
126337
126461
126713
127123
127189
127219
127271
127343
127507
127583
127637
127679
127691
127781
127817
128153
128221
128311
128399
128449
128483
128489
128629
128939
128959
129169
129341
129491
129497
129499
129527
129581
129707
129769
130073
130099
130183
130253
130259
130349
130363
130457
130619
130633
131009
131203
131221
131311
131591
131687
132103
132233
132347
132383
132491
132527
132631
132679
132859
133087
133153
133261
133283
133403
133519
133669
134033
134059
134161
134213
134417
134699
134839
134851
135029
135043
135173
135241
135281
135409
135427
135469
135571
135601
136013
136217
136303
136547
136727
136963
137089
137131
137359
137911
138079
138143
138899
139313
139339
139429
139483
139571
139591
139681
140177
140207
140249
140281
140317
140401
140407
140533
140603
140663
140689
140867
140869
141079
141121
141257
141301
141439
141529
141613
141679
141709
141767
141833
141851
141941
142223
142537
142553
142759
143093
143239
143387
143503
143567
143813
144139
144407
144461
144737
144751
144791
145361
145451
145459
145501
145549
145703
145897
145963
145987
146191
146449
146669
146807
146977
147031
147211
147293
147299
147743
147761
147853
148171
148207
148339
148429
148469
148663
148829
148933
148957
149011
149033
149059
149161
149491
149497
149521
149839
149899
150053
150077
150091
150211
150413
150497
150503
150589
150769
150893
150907
151153
151357
151397
151429
151517
151553
151579
151609
151667
151681
151883
151939
152183
152219
152389
152419
152617
152783
153067
153247
153287
153337
153421
153427
154057
154213
154277
154291
154417
154459
154523
154589
154699
154727
154789
154871
154981
155003
155047
155171
155203
155209
155423
155593
155627
155689
155719
155777
155801
155863
155887
156019
156109
156307
156493
156589
156691
156707
156749
156941
156943
157081
157207
157247
157429
157489
157799
157867
158141
158329
158341
158563
158611
158909
158927
158981
159199
159319
159463
159469
159539
159667
159737
159739
159799
159911
159979
160001
160397
160603
160621
160627
160669
160807
160861
161033
161039
161071
161123
161323
161507
161543
161611
161761
161879
161983
162229
162391
162649
162683
162731
162881
162971
163129
163147
163307
163321
163367
163613
163697
163819
164023
164089
164209
164449
164627
164809
165037
165181
165437
165479
165527
165569
165701
165811
166043
166157
166247
166429
166597
166669
166823
166841
166843
167017
167051
167149
167381
167521
167611
167677
167747
167879
168023
168083
168227
168331
168449
168463
168533
168737
169079
169097
169217
169343
169457
169501
169633
169657
169783
169831
169909
170101
170167
170213
170347
170363
170741
170749
170873
170927
171007
171029
171427
171517
171713
171803
171889
172147
172279
172411
172561
172721
172987
173023
173267
173573
174071
174121
174169
174299
174653
174767
174851
174859
175081
175601
175663
175753
175979
175991
176299
176327
176329
176369
176497
176509
176677
176747
176923
177269
177319
177511
177601
177647
177791
177889
177917
178039
178091
178307
178567
178613
178781
178819
178859
178903
178907
179021
179029
179083
179243
179287
179429
179623
179717
179779
179801
179821
179917
179999
180007
180317
180331
180391
180773
180779
181039
181141
181253
181277
181639
181693
181729
181763
181891
182009
182027
182041
182333
182423
182627
182779
182867
182887
182953
183037
183301
183307
183349
183361
183473
183479
183503
183943
184133
184199
184489
184577
184607
184669
184687
184711
184993
185051
185099
185149
185161
185189
185303
185369
185491
185543
185567
185677
185699
185723
185923
186227
186283
186317
186391
186647
186689
186733
186841
186883
187189
187361
187633
187637
188171
188249
188333
188719
188827
188911
188999
189017
189239
189361
189439
189479
189491
189583
189619
189817
189853
189929
189949
190507
190523
190613
190639
190783
190901
191027
191119
191227
191441
191447
191531
191537
191773
191999
192013
192091
192251
192323
192347
192529
192611
192749
192767
192833
192923
193009
193133
193261
193441
193573
193757
193771
193979
193993
194057
194093
194239
194543
194581
194653
194723
194813
194989
195023
195049
195089
195137
195197
195443
195733
195869
195971
196051
196169
196549
196699
196837
196873
196879
196961
197003
197089
197207
197243
197339
197539
197609
197621
197713
197773
197803
197887
198017
198251
198323
198413
198437
198503
198613
198811
198817
198929
198943
199081
199153
199261
199379
199403
199739
199751
199933
200033
200257
200341
200569
200587
200899
200909
201193
201203
201287
201403
201577
201797
201809
201827
201953
202121
202343
202387
202529
202613
202639
202729
202879
203207
203311
203429
203641
203869
204013
204301
204361
204439
204563
204587
204679
204781
204859
204947
205081
205171
205201
205223
205319
205397
205399
205463
205537
205603
205607
205937
205993
206033
206183
206233
206347
206879
207113
207199
207241
207443
207469
207593
207799
207931
207971
207973
208037
208189
208367
208493
208673
208697
208907
208963
209227
209311
209333
209371
209449
209669
209687
209717
209801
209809
209861
209939
209977
210131
210173
210193
210263
210283
210407
210467
210643
210739
210823
210913
211051
211231
211297
211349
211543
211639
211691
211727
211781
211789
211927
211969
212131
212227
212281
212353
212423
212447
212557
212573
212869
212881
213097
213329
213523
213637
213721
213859
213947
213949
214021
214069
214133
214243
214463
214519
214759
214939
215239
215329
215389
215659
215893
215927
216023
216113
216133
216157
216289
216551
216641
216731
216919
216973
217219
217369
217691
217907
217909
217969
218047
218117
218191
218227
218401
218531
218579
218629
219019
219071
219103
219437
219491
219503
219619
219761
219767
219839
219943
220013
220141
220163
220169
220279
220291
220369
220411
220543
220879
220903
221197
221201
221393
221401
221461
221713
221717
221827
222323
222329
222367
222499
222587
222679
222857
223243
223283
223339
223423
223621
223823
224033
224149
224239
224251
224299
224303
224491
224897
225023
225061
225067
225133
225241
225353
225689
226013
226189
226433
226637
226789
226817
227131
227281
227393
227399
227597
227627
227951
228077
228181
228299
228383
228479
228619
228707
228853
228901
228989
229133
229283
229399
229403
229519
229751
229753
229799
229979
230063
230203
230353
230449
230539
230551
230663
230827
231031
231053
231277
231347
231529
231893
231923
232003
232171
232391
232487
232571
232643
232937
233143
233251
233297
233327
233341
233417
233879
233921
234067
234083
234139
234191
234203
234319
234511
234713
234799
234977
234979
235091
235369
235493
235673
235783
235891
236209
236407
236449
236627
236681
236779
236881
237053
237071
237143
237257
237581
237673
237707
237749
237763
237877
237967
238009
238081
238151
238207
238519
238681
238991
239237
239251
239329
239389
239521
239611
239699
239831
239851
239929
240073
240101
240271
240349
240503
240707
240743
240769
241049
241249
241313
241537
241643
241711
241771
241847
241861
241951
242257
242309
242419
242617
242747
243137
243421
243517
243533
243623
243647
243829
243863
243931
244109
244141
244291
244367
244381
244471
244507
244561
244639
244873
245023
245317
245513
245593
245627
245683
245719
245881
245977
246167
246251
246769
246781
246811
246899
246947
247337
247393
247519
247579
247607
247771
247847
247913
247957
248051
248141
248291
248509
248543
248587
248749
248789
248813
248851
249199
249229
249827
249973
250043
250153
250681
250807
251059
251071
251143
251149
251297
251417
251491
251969
252173
252319
252409
252443
252887
252979
253361
253417
253613
253769
253787
253789
253853
253909
253969
253987
254027
254119
254179
254731
254959
255121
255127
255217
255361
255473
255503
255679
255851
255961
256337
256577
256687
256771
256931
257141
257189
257293
257381
257473
257639
257657
257837
257947
258331
258443
258487
258917
259169
259183
259277
259387
259499
259723
259813
260387
260419
260527
260651
260747
260921
260983
261043
261061
261229
261281
261407
261593
261773
262127
262217
262321
262781
262909
262981
263063
263191
263267
263423
263489
263513
263843
263867
263881
263911
264013
264091
264323
264437
264527
264697
264743
264763
264871
265021
265241
265247
265249
265313
265403
265483
265579
266369
266677
266767
266921
266983
267139
267199
267373
267391
267629
267643
267647
267713
267829
267913
268271
268459
268783
268813
268897
269029
269063
269201
269209
269351
269429
269539
269579
269623
269713
269953
270209
270223
270379
270421
270443
270593
270737
270799
270821
270931
271013
271057
271109
271253
271367
271451
271501
271703
271853
271969
272009
272171
272227
272333
272449
272537
272539
272777
272933
272971
273127
273233
273569
273617
273787
273941
273943
274081
274117
274223
274403
274777
274843
274861
274931
274993
275059
275161
275389
275419
275459
275521
275549
275677
275741
275929
275969
276151
276229
276319
276373
276461
276467
276553
276557
276599
276779
276821
276869
276917
276919
277073
277273
277297
277547
277567
277657
277789
277859
277961
278041
278119
278191
278207
278209
278623
278801
278809
279109
279121
279187
279451
279523
279613
280277
280321
280561
280673
280697
280817
280871
280879
281227
281317
281531
281627
281641
281719
281807
281887
281959
282071
282349
282383
282563
282671
282679
283007
283117
283463
283487
283553
283573
283609
283687
283799
284057
284477
284561
284633
284657
284749
284813
284831
284969
285317
285533
285629
285641
285731
285979
286459
286619
286831
287191
287849
287939
288109
288181
288349
288389
288433
288499
288527
288817
288839
288989
289001
289067
289139
289249
289573
289973
290023
290027
290041
290119
290393
290447
290593
290669
290959
290999
291077
291271
291299
291349
291619
291721
291901
292021
292157
292283
292573
292759
292841
293071
293107
293147
293149
293329
293431
293633
293651
293723
293989
294023
294179
294319
294397
294467
294731
294803
294919
294997
295079
295219
295291
295433
295567
295727
295819
295871
295909
295961
296243
296551
296557
296713
296719
296801
297079
297257
297589
297613
297893
298021
298201
298339
298759
298777
299099
299147
299213
299329
299501
299743
299983
300007
300089
300137
300221
300317
300481
300647
300733
300739
300757
300953
301057
301127
301211
301471
301927
302173
302443
302551
302573
302609
303011
303073
303097
303143
303271
303293
303323
303361
303367
303473
303529
303587
303691
303727
303781
303817
303983
304069
304153
304373
304391
304481
304537
304609
304643
304751
305033
305093
305101
305329
305419
305581
305761
305839
306029
306133
306331
306421
306827
306829
306919
306991
307147
307253
307361
307451
307523
307583
307631
307817
307891
308003
308081
308117
308311
308489
308551
308641
308773
309037
309079
309109
309121
309167
309271
309503
309521
309851
309899
309989
310363
310433
310459
310501
310547
310727
310781
310927
310969
311027
311137
311173
311177
311537
311539
311551
311687
311807
311869
312073
312107
312217
312253
312349
312413
312563
312581
312589
312677
312899
313087
313133
313267
313603
313711
313717
313883
313889
313993
314213
314239
314329
314491
314527
314569
314581
314693
314927
314983
315047
315083
315247
315421
315461
315467
315599
315779
315829
315881
316051
316219
316271
316343
316471
316499
316637
316691
316769
316819
316853
316891
317333
317351
317399
317591
317593
317711
317717
317797
317887
318077
318107
318181
318259
318349
318503
318569
318679
318781
318811
319027
319069
319289
319399
319427
319483
319519
319849
320027
320269
320449
320539
320591
320647
320687
320911
321017
321037
321301
321383
321413
321547
321631
321679
321983
322001
322193
322249
322319
322403
322409
322537
322591
322627
322757
322849
323123
323233
323419
323899
323903
324067
324223
324319
324403
324427
324469
324593
324641
324647
324773
324869
324953
324977
324991
325181
325189
325459
325697
325781
325921
326063
326087
326119
326203
326537
326539
326681
326869
327473
327479
327491
327529
327619
327839
327853
327941
328043
328067
328249
328379
328397
328591
328687
328753
328849
329123
329293
329299
329387
329639
329677
329761
329941
330053
330233
330271
330413
330703
330767
330859
331027
331319
331333
331577
331883
331889
331973
332053
332183
332303
332851
332987
332989
333049
333139
333427
333517
333647
333793
333997
334099
334231
334541
334693
334727
334897
334963
334987
335029
335089
335261
335449
335539
335663
335719
335807
335821
336143
336211
336437
336499
336631
336767
336769
336871
336961
337069
337201
337261
337339
337427
337517
337607
337759
337867
338161
338231
338237
338321
338389
338411
338497
338581
338927
339151
339289
339557
339799
340063
340111
340201
340429
340519
340793
340849
340913
341273
341323
341569
341659
341749
341879
341927
342049
342061
342191
342241
342319
342337
342469
342647
342799
342863
343307
343561
343639
343769
344153
344209
344221
344243
344791
344821
344887
345019
345307
345451
345479
345581
345673
345707
345769
345853
346117
346201
346391
346397
346399
346421
346469
346667
346933
347051
347099
347183
347297
347563
347587
347747
347983
348001
348191
348221
348407
348421
348461
348629
348643
348731
348911
348917
349093
349099
349183
349369
349381
349471
349813
349903
349907
350237
350431
350437
350699
350783
350983
351023
351061
351157
351391
351469
351751
351779
351797
351887
351959
352097
352181
352217
352327
352381
352523
352831
353047
353117
353621
353627
353629
353807
354017
354031
354143
354251
354301
354307
354619
354763
354877
355009
355027
355111
355171
355441
355559
355643
355777
355841
355913
355937
356123
356299
356453
356563
356927
356947
357047
357083
357179
357197
357241
357319
357559
357649
357689
357779
358051
358273
358279
358297
358471
358637
358691
358903
358987
359041
359069
359263
359267
359357
359449
359719
360023
360049
360197
360317
360803
360827
360869
360973
360979
361091
361217
361219
361321
361327
361499
361541
361549
361637
361763
361873
361877
362177
362191
362221
362281
362333
362393
362407
362599
362629
362717
362951
363037
363437
363529
363563
363691
363767
363941
363989
364171
364289
364313
364379
364643
365017
365107
365147
365231
365479
365509
365747
365903
365941
366139
366173
366193
366409
366869
366973
367163
367181
367277
367699
367819
368083
368197
368443
368513
368551
368689
368911
369071
369143
369703
369877
369983
370147
370411
370471
370871
370891
371191
371227
371281
371333
371359
371797
371843
372037
372121
372271
372451
372677
372707
372769
372833
372839
372943
373003
373157
373171
373199
373207
373463
373937
373999
374149
374291
374293
374299
374653
374761
374903
374989
375203
375227
375283
375359
375481
375559
375971
376099
376127
376477
376589
376631
376769
376811
376819
376921
377197
377263
377339
377717
377737
377801
377809
378523
378761
379007
379157
379399
379513
379573
379777
379849
379931
379997
380131
380179
380311
380461
380621
380629
380843
380881
380977
381077
381233
381323
381347
381439
382021
382351
382429
382553
382621
382751
382843
382933
383659
383813
383837
383923
383941
383983
384001
384113
384151
384227
384317
384481
384577
384779
384821
384913
385127
385631
385709
385783
385811
385859
385901
385907
386117
386131
386339
386537
386609
386621
386887
386977
386993
387109
387161
387169
387253
387503
387613
387631
387721
388067
388081
388133
388177
388319
388489
388931
388991
389057
389141
389189
389507
389527
389699
389897
389923
390323
390347
390389
390413
390437
390527
390721
390763
390781
390851
390961
391009
391199
391247
391373
391487
391579
391711
391757
391801
391847
391861
392033
392059
392099
392149
392213
392239
392299
392389
392543
392699
392741
392831
392851
392893
392929
392969
392981
392983
393083
393311
393373
393487
393539
393577
393649
393713
394073
394129
394169
394291
394453
394523
394699
394721
394727
394811
394987
395119
395159
395173
395287
395849
396091
396259
396323
396509
396547
396679
397153
397351
397427
397517
397759
397867
398033
398143
398369
398509
398569
398693
398819
399043
399067
399577
399643
399719
400109
400187
400277
400321
400657
400723
400837
400927
400943
401201
401287
401311
401519
401551
401629
401917
401959
402037
402091
402277
402343
402383
402503
402529
402581
402587
402769
402923
403043
403063
403159
403267
403577
403681
403757
403849
403993
404011
404161
404167
404251
404507
404671
404983
405001
405049
405157
405247
405683
405829
405869
405959
406013
406073
406309
406327
406381
406499
406501
406547
406561
406673
406697
407179
407203
407357
407483
407489
407599
407807
407821
407959
407977
408019
408071
408169
408251
408341
408413
408691
408769
408943
409007
409043
409397
409441
409517
409711
409753
409861
409867
409933
410243
410339
410393
410401
410461
410629
410731
411031
411143
411563
411617
411707
411721
412133
412171
412193
412201
412571
412603
412717
412771
412939
413053
413071
413093
413143
413251
413521
413879
414061
414157
414203
414313
414331
414607
414683
414737
414889
414959
415039
415187
415253
415523
415651
415691
415697
415787
415873
416243
416359
416393
416401
416593
416849
416957
417017
417181
417217
417271
417479
417617
417691
418007
418009
418289
418351
418597
418667
418799
418843
418849
418889
418933
419059
419161
419291
419297
419417
419459
419563
419567
419789
419927
420253
420293
420307
420419
420457
420671
420781
421133
421159
421339
421397
421711
421717
421997
422077
422101
422183
422291
422879
422969
422987
423083
423229
423469
423481
423559
423601
423803
423991
424103
424147
424231
424493
424547
424549
424639
424729
424817
425393
425423
425489
425779
425791
425869
425977
426077
426233
426389
426527
426541
426611
426697
426709
426761
426859
427081
427283
427403
427429
427591
427711
427849
427913
427919
427991
427993
428147
428149
428273
428369
428639
429083
429397
429469
429487
429823
429889
429937
429973
430267
430487
430847
430883
431077
431237
431251
431581
431671
431707
432023
432043
432139
432199
432281
432337
432391
432511
432559
432799
433033
433073
433271
433549
433651
433703
434009
434087
434221
434267
434717
434881
434957
435037
435109
435161
435257
435541
435619
435653
435857
435859
435949
436061
436151
436283
436481
437071
437237
437293
437363
437471
437473
437651
437653
437743
438001
438203
438377
438391
438467
438601
438667
438733
438793
438913
439141
439253
439381
439459
439567
439613
439729
439969
440183
440239
440527
440983
441113
441157
441229
441797
442181
442217
442271
442499
442501
442699
442781
442789
442817
442961
442963
443041
443089
443221
443227
443243
443731
443759
443867
443881
444109
444271
444527
444529
444589
444859
444967
445069
445157
445261
445427
445597
445771
445937
446189
446363
446569
447179
447193
447331
447481
447779
447791
447827
448121
448387
448769
448907
449131
449173
449269
449287
449311
449353
449399
449557
449629
449759
449773
450001
450083
450113
450199
450223
450377
450391
450481
450601
450649
450797
450917
450971
451181
451277
451309
451637
451901
451909
451961
452191
452269
452579
452597
452797
452957
453053
453161
453217
453301
453527
453569
453617
453709
453851
453949
454009
454199
454331
454609
454823
455033
455149
455237
455291
455321
455381
455479
455789
455969
456377
456539
456553
456647
456649
456737
457091
457253
457307
457367
457433
457651
457789
457871
458027
458191
458449
458599
458629
458863
458993
459181
459671
460091
460127
460189
460231
460891
460981
461171
461269
461627
461887
462109
462529
462899
463261
463399
463511
463579
463753
463823
463861
464237
464279
464419
464587
464767
464879
464909
464923
465041
465151
465407
465809
466547
466619
466723
466819
466859
467119
467171
467209
467399
467447
467557
467641
467681
467689
468079
468107
468109
468239
468439
468493
468613
468619
468697
468851
468859
469009
469241
469351
469649
469753
469919
469939
470207
470243
470447
470489
470531
470593
470627
470663
470711
470791
470863
470959
471439
471671
471749
471769
471923
472111
472247
472393
472597
472643
472687
472799
472993
473101
473147
473279
473293
473327
473383
473479
473497
473507
473633
473761
473833
473899
473923
474049
474137
474263
474319
474359
474379
474737
474751
474911
474917
474931
475051
475273
475297
475369
475549
475613
475637
475729
475859
476081
476401
476599
476681
476719
476803
476849
476977
477011
477019
477259
477329
477523
477637
477769
477811
477941
478067
478157
478171
478243
478427
478603
478711
478931
478991
479509
479561
479783
479839
480091
480383
480499
480527
480541
480761
480853
480967
481067
481133
481199
481469
481667
481847
481849
482017
482071
482101
482213
482633
482789
483139
483179
483289
483377
483407
483467
483577
483643
483719
483733
483829
483869
483937
484079
484091
484181
484457
484459
484613
485041
485447
485689
486091
486323
486527
486583
486637
486943
487111
487177
487391
487429
487447
487469
487793
487889
487973
488143
488233
488303
488347
488611
488617
488701
488909
488981
489133
489157
489179
489407
489449
489689
489793
489847
489869
489911
490003
490249
490283
490339
490393
490591
490937
490957
491299
491327
491329
491497
491611
491651
491819
491923
491983
492007
492061
492227
492377
492397
492463
492731
492799
493093
493169
493211
493217
493279
493369
493541
493721
493897
494069
494353
494443
494621
494731
495017
495149
495301
495343
495361
495433
495457
495527
495589
495611
495787
495893
495967
496313
496399
496427
496849
496997
497323
497417
497473
497701
497741
497969
498061
498227
498461
498551
498599
498733
498739
498977
499099
499127
499189
499321
499327
499363
499673
499691
499747
499781
499897
500111
500153
500177
500317
500393
500443
500713
500719
500809
500861
500933
501121
501187
501217
501271
501637
501703
502043
502063
502261
502429
502591
502807
502861
503123
503213
503233
503303
503543
503879
503963
503983
504001
504247
504337
504377
504593
504599
504661
505033
505051
505091
505123
505181
505187
505613
506131
506537
506573
506663
506809
506861
507103
507301
507361
507503
507691
507781
508021
508159
508223
508621
508771
508867
508919
508931
509297
509363
509549
509563
509569
509653
509659
509699
509767
509921
510073
510079
510233
510271
510383
510529
510589
510767
511087
511153
511193
511201
511223
511519
512011
512147
512521
512569
512657
512741
512891
513047
513083
513137
513319
513407
513739
513917
513977
514057
514103
514127
514433
514499
514523
514819
514831
515153
515351
515579
515861
516233
516293
516349
516587
516589
516617
516679
516701
516839
516877
516947
517061
517207
517241
517249
517373
517469
517481
517571
517609
517711
518057
518099
518411
518521
518587
518657
518699
518729
518747
518767
519089
519131
519229
519269
519359
519487
519553
519577
519737
520021
520193
520339
520357
520427
520609
520759
520889
521161
521251
521309
521471
521503
521581
521671
521723
521749
521897
521903
522113
522191
522199
522229
522317
522391
522469
522737
522827
522829
522919
523109
523459
523493
523639
523741
524087
524203
524599
524669
524681
524933
524971
525013
525143
525167
525439
525491
525677
525697
525781
525839
525947
525949
526027
526117
526199
526397
526511
526573
526681
526733
526931
527123
527251
527327
527381
527419
527507
527563
527671
527819
527909
527981
528137
528191
528263
528373
528391
528791
528971
528973
529127
529129
529273
529349
529547
529709
529723
529927
529987
530183
530251
530527
530989
531331
531337
531551
531799
531841
531977
532163
532327
532417
532783
532789
532981
533191
533227
533719
533801
533809
533887
533959
533971
534013
534091
534307
534581
534671
534857
534923
534943
535193
535207
535489
535609
535939
535991
536059
536213
536279
536479
536651
536671
536743
536891
536989
537007
537221
537281
537373
537379
537599
537739
537913
538051
538093
538297
538367
538561
538723
538789
539207
539269
539447
539629
539797
539863
540119
540157
540203
540517
540559
540751
540803
541181
541217
541361
541417
541507
541523
541549
541693
541967
541987
542063
542119
542261
542461
542539
542719
542797
542911
543143
543233
543259
543679
543857
543877
543967
544009
544373
544517
544667
544759
544889
545141
545239
545521
545723
545789
545899
546001
546151
546179
546289
546643
546841
547093
547301
547361
547499
547567
547741
547817
547819
548089
548117
548221
548263
548371
548461
548591
548719
548861
548869
549071
549169
549569
549707
549839
549943
550631
550637
550691
550763
550811
550909
551003
551113
551179
551269
551423
551461
551689
551717
551731
551773
551933
552031
552091
552107
552217
552301
552527
552583
552677
552787
552833
553067
553171
553207
553249
553481
553517
553573
553649
553667
553733
553757
553867
553933
554237
554419
554431
554611
554677
554747
554923
554927
555083
555391
555487
555557
556103
556279
556321
556613
556651
556691
556693
556741
556817
556987
557021
557269
557281
557339
557449
557461
557519
557731
557803
558457
558499
558529
558703
558787
558893
559049
559067
559177
559513
559649
559739
559807
559991
560023
560137
560191
560221
560227
560531
560621
560669
560771
560863
561161
561347
561761
562313
562579
562607
562663
562669
562753
563099
563419
563561
563837
564041
564229
564269
564373
564391
564409
564463
564643
564667
564793
564959
565163
565361
565549
566173
566179
566939
567031
567121
567181
567367
567493
567569
567631
567761
567899
568151
568609
568669
568751
569053
569077
569161
569237
570013
570079
570091
570109
570161
570233
570389
570497
570527
570569
570671
570853
570967
571199
571399
571777
571841
571939
572059
572161
572303
572329
572387
572471
572491
572567
572581
572633
572969
573263
573317
573409
573481
573647
573757
573829
574031
574169
574631
574907
574969
575027
575087
575131
575551
575623
575821
576439
576523
576581
576617
576701
576703
576749
576943
577007
577043
577151
577483
577531
577601
577919
577939
578419
578497
578563
578701
578819
578923
579199
579641
579829
580607
580663
580759
580843
580889
580913
581149
581237
581303
581459
581857
581909
581981
581983
582139
582203
582391
582623
582689
582937
582973
583127
583181
583273
583459
583501
583619
583631
584027
584249
584359
584377
584531
584627
584863
584917
584993
584999
585341
585547
585619
585721
585877
586009
586087
586429
586601
586603
586939
587123
587413
587459
587693
587789
587947
588199
588397
588641
588733
588773
588977
589213
589349
589493
589859
589877
590099
590363
590567
590813
590929
591137
591287
591443
591553
591623
591751
591757
591847
592099
592129
592309
592343
592561
592727
592903
593083
593179
593207
593353
593447
593539
593603
594091
594271
594367
594523
594721
595043
595229
595339
595351
595481
595843
596053
596059
596147
596257
596279
596341
596707
596749
596831
596839
596987
597137
597269
597539
597643
598051
598123
598127
598189
598387
598691
598891
598963
598981
599117
599353
599359
599591
599623
599663
599759
599939
600101
600233
600433
600857
600947
600961
601021
601247
601319
601357
601423
601669
601751
602033
602257
602839
602983
603133
603203
603791
603793
603881
603919
604237
604291
604369
604411
604697
604699
604727
604787
605023
605221
605573
605597
605687
605809
605887
606037
606091
606413
606493
606581
606721
606811
606943
606967
607043
607067
607337
607669
607861
607933
608099
608273
608369
608389
608411
608471
608581
608659
608819
608831
609199
609221
609227
609359
609421
609461
609571
609751
610409
610447
610681
610801
610823
610849
610913
611101
611257
611297
611419
611671
611707
611927
612023
612049
612133
612173
612319
612737
612791
612889
612977
613213
613231
613471
613549
613699
613741
613967
614113
614267
614717
614881
615031
615233
615493
615677
615721
615767
616117
616207
616223
616289
616481
616489
616519
616669
616757
616843
616933
616999
617011
617059
617107
617341
617369
617453
617509
617651
617657
617767
617879
618173
618227
618229
618269
618559
618643
618841
618913
618979
619079
619181
619277
619279
619363
619477
619561
619813
620239
620303
620329
620363
620413
620671
620929
620981
621043
621223
621337
621799
622051
622129
622493
622549
622637
623003
623041
623281
623401
623537
623591
623621
623717
623957
624031
624251
624521
624709
624763
624769
625199
625517
625609
625621
625777
625913
626147
626363
626581
626749
626833
626921
626929
627191
627269
627353
627449
627559
627919
628037
628363
628651
629003
629249
629339
629449
629537
629591
629711
629773
629779
629977
630151
630467
630559
630713
630803
630841
631039
631271
631457
631459
631507
631549
631679
631817
631819
632081
632089
632209
632371
632447
632717
632939
633767
634159
634241
634247
634421
634511
634577
634681
634759
634937
635291
635389
635507
635567
635879
635891
635983
636023
636241
636287
636331
636739
636829
636919
637129
637271
637291
637309
637471
637723
637783
638269
638467
638489
638629
638861
638999
639143
639299
639329
639679
639703
639907
640039
640099
640231
640279
640457
640499
640589
640873
640891
640907
641791
641821
641863
641881
642233
642529
642673
642853
642899
643009
643061
643199
643429
643649
643847
643849
643889
643957
644101
644107
644123
644327
644341
644411
644491
644767
644837
644923
645049
645397
645467
645571
645577
645629
645649
645713
646039
646073
646259
646273
646411
646523
646543
646637
646897
647111
647333
647371
647489
647531
647579
647609
647627
647719
647861
647917
647953
648019
648073
648107
648257
648259
648343
648617
648619
649469
649739
649751
649843
649867
650261
650359
650449
650537
650669
650779
650911
651271
651697
651769
651853
651943
652207
652261
652559
652577
652601
652667
652733
652937
652957
653057
653473
653491
653659
653761
653893
653929
653941
654229
654371
654539
654601
654779
654799
655013
655273
655439
655547
655693
655909
655927
656119
656263
656311
656737
656917
656977
657079
657257
657439
657491
657499
657617
657893
658043
658247
658379
658607
658751
658841
658979
659279
659419
659563
659569
659611
659831
659963
660013
660053
660103
660251
660349
660493
660529
660563
660617
660811
660949
661027
661117
661201
661393
661849
662149
662231
662327
662369
662639
662657
662743
662899
663241
663269
663409
663557
663571
663869
663959
663979
664091
664099
664121
664369
664549
664561
664633
665089
665179
665201
665207
665267
665447
665557
665603
665993
666091
666433
666527
666637
666697
666901
666983
667333
667379
667519
667531
667687
667829
667883
667991
668509
669023
669089
669289
669379
669667
669689
669863
669887
669913
670199
670517
670777
670823
670919
671017
671059
671141
671303
671369
671417
671581
671941
671947
672131
672283
672289
672641
672779
673091
673093
673129
673271
673349
673613
673637
673747
673811
674449
674717
674731
674953
675079
675097
675187
675271
675569
675839
676009
676069
676339
676717
677077
677213
677587
677983
678157
678179
678203
678289
678593
678607
678719
678731
678779
679169
679279
679369
679417
679709
679961
680107
680237
680321
680327
680417
680431
680611
680749
680831
680879
681041
681229
681449
681487
681557
681689
681809
682037
682219
682259
682307
682439
682699
682723
682729
683021
683087
683351
683447
683461
683681
683731
683911
684091
684163
684347
684419
684527
684547
684769
684949
685081
685337
685427
685511
685513
685621
685973
685991
686057
686417
686479
686611
686969
687151
687397
687403
687517
687683
687779
687809
688217
688697
689113
689393
689597
689827
689917
690407
690511
690661
690841
690889
690919
691037
691079
691309
691381
691727
691729
691813
691903
691921
692063
692281
692371
692401
692441
692513
692621
692689
693493
693503
693569
693659
693701
693989
694061
694201
694333
694339
694357
694513
694559
694829
694957
695293
695369
695561
695743
695839
696281
696317
696719
696793
697093
697271
697691
697693
697787
698249
698261
698263
698311
698483
698669
698939
699253
699299
699961
700087
700201
700223
700339
700571
700681
700849
700937
701033
701257
701341
701453
701509
701527
701611
701699
701761
701837
702113
702173
702313
702379
702391
702469
702517
702827
703123
703309
703327
703499
703679
703699
703763
704003
704009
704281
704393
704441
704449
704719
704771
704807
705053
705161
705169
705389
705493
705499
705787
705899
705967
706003
706157
706207
706283
706481
706597
706669
707011
707099
707321
707677
707767
707789
707831
707923
707969
707983
708041
708137
708283
708559
708641
708959
709211
709381
709561
709651
709703
709741
709901
710273
710299
710491
710503
710837
710839
710851
710987
710989
711517
711731
711889
712051
712303
712499
712631
712781
712819
713171
713261
713627
713807
713863
714143
714257
714341
714349
714529
714569
714691
714781
714853
714943
715171
715223
715489
715579
715621
715777
715823
715889
716123
716383
716453
716459
716549
716563
716659
716789
717113
717289
717463
717559
717719
717883
718093
718321
718349
718411
718547
718633
718691
718813
718897
719041
719153
719351
719599
719681
719717
720007
720173
720241
720281
720661
720829
720869
720971
721057
721109
721213
721321
721859
722047
722153
722333
722489
722537
722599
722791
722807
722849
723103
723161
723167
723259
723293
723439
723451
723589
723859
723923
723967
724519
724531
724597
724621
724751
724847
725303
725321
725639
725723
725789
725981
726023
726137
726379
726391
726487
726533
726601
726647
726751
726809
727169
727183
727271
727343
727471
727561
727729
727747
728269
728489
728551
728627
728681
728809
729527
729569
729637
729679
729749
729907
729943
730033
730091
730217
730459
730637
730727
730783
730789
730879
730943
731041
731483
731539
731603
731683
731881
731911
732169
732217
732257
732271
732299
732439
732521
732631
732877
732943
733111
733289
733399
733591
733841
733847
733849
733939
734189
734389
734411
734471
734659
734743
734837
735083
735311
735391
735421
735719
735919
736037
736093
736361
736367
736369
736381
736657
736679
736871
736961
737111
737119
737263
737281
737629
737683
737719
737809
737887
737999
738349
738499
738547
738877
739069
739087
739171
739337
739351
739399
739469
739603
739621
739759
740171
740351
740359
740461
740513
741121
741233
741347
741541
741677
741781
741833
741941
742009
742111
742193
742591
742757
742993
743123
743251
743657
743747
743819
743891
743921
744377
744397
744599
744791
744917
745013
745273
745343
745567
745709
745903
746069
746177
746197
746533
746807
747521
747529
747811
748249
748513
748597
748777
748801
748883
748889
748973
749143
749149
749299
749323
749701
749741
750037
750121
750679
750691
750769
750929
751007
751379
751579
751609
751643
751867
752033
752149
752273
752569
752833
752903
753229
753409
753647
753719
753799
753821
753931
754093
754099
754181
754183
754367
754549
754723
754903
754907
754969
755081
755311
755399
755449
755593
755737
756097
756167
756253
756853
757243
757403
757481
757661
757997
758099
758189
758237
758299
758699
758707
758729
758929
758963
759229
759359
759559
759641
759757
760043
760241
760289
760553
760843
760913
760933
761161
761363
761381
761417
761521
761611
761833
761983
762001
762227
762371
762373
762571
762791
762821
763039
763369
763381
763549
763699
763897
763901
764021
764111
764591
764593
764683
764849
764993
764999
765059
765097
765109
765169
765181
765581
765673
765859
765893
765983
766177
766229
766333
766399
766531
766867
767279
767549
767831
768133
768319
768773
769039
769123
769169
769259
769453
769543
769961
770761
770767
770839
770981
771047
771269
771481
771971
772181
772279
772349
772451
772459
772657
772987
773029
773533
773537
773681
773803
773821
773863
773869
773953
774107
774149
774523
774589
774671
774901
775063
775087
775157
775241
775627
775739
775889
776099
776389
776651
776969
776987
777137
777221
777241
777317
777551
777643
777863
778051
778091
778213
778363
778507
778529
778633
778693
778873
778963
779111
779131
779221
779531
779939
779993
780041
780179
780371
780401
780649
780823
780841
780971
780973
781217
781301
781367
781453
781567
781633
781819
781969
782191
782339
782461
782669
783121
783329
783613
783749
784061
784081
784153
784249
784351
784423
784513
784627
784687
784919
785101
785321
785329
785431
785501
785693
785879
785963
786151
786223
786337
786553
786887
787051
787091
787099
787477
787541
787783
788009
788089
788351
788353
788429
788531
788863
788933
789097
789121
789343
789367
789473
789493
789587
789673
789749
789941
790093
790169
790369
790501
790747
790927
790969
791159
791377
791629
791801
791887
791993
792073
792529
792613
792703
792941
793069
793399
793511
793519
793601
793739
793979
794011
794039
794077
794509
794921
794923
795001
795461
795517
795791
795913
796307
796493
796619
796673
796781
796813
796877
796981
797029
797359
797539
797593
797711
797773
797887
797917
797977
798059
798293
798613
798871
798923
799003
799061
799483
799573
799979
800057
800143
800291
800329
800419
800521
800659
800707
800903
801001
801061
801379
801403
801517
801551
801683
801791
802127
802163
802499
802583
802811
803041
803119
803207
803461
804091
804107
804383
804521
804581
804857
804989
805061
805159
805313
805757
805867
805991
806011
806059
806107
806213
806291
806297
806363
806521
806581
806639
806761
806903
807221
807463
807539
807731
807869
808343
808363
808589
808651
808699
808721
808961
809041
809173
809243
809399
809401
809603
809759
809771
809801
809869
810049
810223
810517
810533
810737
810881
811127
811163
811253
811493
811561
811729
811897
812081
812191
812359
812599
812711
813361
813811
814003
814043
814061
814069
814171
814403
814469
814577
814771
814889
815033
815251
815291
815431
815491
815543
815587
815653
815819
815891
816113
816191
816203
816443
816559
816779
816821
816841
816883
817051
817127
817183
817291
817529
817637
817651
817837
818281
818359
818371
818683
818959
818977
819073
819239
819491
819583
819619
819787
819943
820051
820073
820109
820187
820231
820411
820679
820763
820901
820969
821081
821131
821153
821441
821449
821551
821641
821999
822169
822233
822323
822361
822581
822611
822671
822721
822763
822853
823283
823373
823519
823591
823621
824017
824497
824563
824671
824723
824833
824899
824947
824983
825001
825007
825047
825421
825577
825647
825661
825997
826097
826169
826349
826363
826549
826907
826963
827041
827269
827429
827599
827809
828349
828703
828859
829159
829177
829223
829511
829601
829687
830003
830153
830267
830311
830359
830449
830591
830861
830957
831071
831217
831617
831619
831679
831697
832081
832339
832373
832379
832487
832597
832607
832681
832687
832889
833101
833363
833453
833509
833633
833839
833893
834131
834283
834469
834571
834643
834913
835013
835633
835897
836131
836191
836267
836351
836807
836917
837017
837079
837413
837631
837853
838043
838063
838139
838351
838421
838429
838483
838931
838991
839323
839413
839437
839459
839617
839693
839873
840299
840439
840451
840941
841003
841069
841081
841193
841573
841663
841889
842147
842183
842279
842321
842419
842497
842767
842923
843179
843229
843371
843461
844127
844141
844253
844457
844523
844619
845021
845083
845197
845209
845261
845717
845951
846161
846233
846389
846529
846721
846877
846943
847009
847069
847247
847339
847663
847687
847933
848123
848383
848879
848893
849049
849179
849427
849731
849733
849829
849883
850027
850043
850061
850207
850247
850351
850427
850753
850823
850979
851239
851251
851293
851387
851491
851569
851633
851639
851723
851813
852139
852179
852199
852289
852409
852557
852661
852793
852881
852959
853103
853291
853543
853637
854083
854089
854621
854993
855187
855277
855697
856021
856111
856153
856469
856519
856759
857053
857099
857167
857321
857369
857419
857431
857653
857707
857963
858223
858269
858463
858911
859057
859181
859259
859361
859633
859657
859783
859853
860051
860059
860239
860291
860479
860507
860543
860581
860747
860941
861083
861089
861139
861571
861733
861803
862013
862129
862181
862187
862297
862343
862541
862879
862909
863087
863153
863197
863609
863689
863771
863869
864053
864091
864169
864251
864301
864509
864613
864673
865069
865087
865177
865313
865511
865597
865609
865751
865829
865889
866053
866101
866743
866819
867001
867227
867337
867409
867577
867689
867913
868019
868039
868123
868369
868453
868493
868697
869119
869399
869849
869951
870083
870151
870197
870407
870739
870889
870997
871613
872243
872353
872533
872621
872999
873017
873079
873437
873541
873707
874009
874063
874087
874267
874427
874597
874661
874739
874919
875011
875213
875233
875299
875389
875509
875741
875783
875893
875969
875981
875983
876041
876229
876643
876913
877057
877181
877543
877783
877909
878159
878597
878681
878777
878957
879299
879493
879583
879653
879673
879941
879961
880127
880219
880543
880703
880723
880819
880871
880907
880961
881029
881119
881171
881191
881207
881311
881669
881911
881953
882019
882433
882659
882701
882851
883087
883247
883423
883517
883627
883739
883889
883973
883991
884077
884167
884341
884497
884617
884699
885133
885223
885359
885371
885449
885517
885883
885919
885977
885991
886129
886307
886387
886819
887113
887171
887533
887629
887867
888109
888493
888653
888761
888983
888989
889001
889139
889373
889391
889481
889829
889957
890027
890083
890119
890467
890683
890711
890809
890861
890887
891277
891323
891389
891523
891763
891817
891859
891929
892357
892481
892559
892609
892777
893059
893149
893413
893521
893743
893857
894119
894227
894247
894403
894731
895051
895127
895309
895361
895633
895691
895901
896069
896263
896681
896803
897019
897301
897433
897563
897671
897907
898063
898069
898199
898481
898483
899183
899189
899413
899491
899671
899851
899893
900139
900461
900737
900751
900971
901253
901451
901501
901787
901891
901909
902009
902119
902281
902449
902579
902687
902953
903017
903143
903389
903541
903673
903677
903871
904027
904067
904069
904193
904201
904261
904489
904511
904573
904759
904777
904801
904847
904867
905059
905123
905297
905587
905651
905659
905923
906007
906023
906089
906179
906197
906263
906317
906461
906557
906779
906847
907099
907141
907183
907297
907301
907363
907367
907549
907561
907691
907727
908179
908287
908353
908489
908539
908591
908759
908821
908861
908993
909019
909091
909107
909253
909343
909521
909611
909697
909859
909877
910099
910213
910279
910451
910561
910781
911023
911227
911311
911593
911681
911689
912031
912167
912211
912217
912839
913421
913771
914293
914491
914581
914701
914789
914857
915007
915203
915283
915353
915557
915601
915731
915737
915799
915917
916073
916121
916187
916291
916361
916477
916651
916831
916837
916907
917089
917153
917209
917353
917443
917557
917641
917689
917803
917809
917887
918361
918529
918613
918839
918899
918989
919081
919223
919267
919319
919393
919421
919531
919759
919939
920203
920393
920807
920863
920971
921013
921169
921259
921491
921563
921787
921839
921989
922021
922283
922289
922331
922463
922511
922667
923107
923567
923833
923929
924023
924083
924151
924397
924401
924731
924751
924793
924809
925051
925163
925501
925637
925987
926153
926357
926377
926399
926461
926533
926669
927161
927233
927301
927541
927709
928429
928597
928621
928979
929051
929129
929459
929527
929587
929743
929897
931517
931571
931757
931849
931999
932101
932149
932189
932419
932471
932651
932749
932879
932923
932941
933047
933173
933241
933269
933407
933643
934039
934079
934291
934499
934547
934639
934811
934907
934909
935003
935353
935359
935461
935827
936233
936253
936329
936437
936493
936499
936697
936907
937007
937351
937429
937537
937661
938033
938057
938071
938251
938323
938341
938921
938981
939061
939203
939317
940003
940157
940469
940531
940669
940733
940931
940993
941011
941093
941099
941491
941509
941701
941813
941903
941981
942041
942269
942827
942883
943127
943321
943387
943471
943477
943543
943567
943729
943741
943903
944533
944551
944689
944953
945211
945341
945431
945521
945589
945851
945899
945907
945983
946081
946111
946223
946469
946573
946663
946993
947369
947381
947417
947741
947819
947873
948041
948061
948139
948247
948317
948401
948407
948449
948517
948847
949019
949121
949213
949387
949477
949567
949583
949633
949891
949903
950149
950231
950329
950473
950497
950611
950699
950813
950837
950921
950927
951131
951193
951553
951557
951623
951803
951997
952097
952141
952219
952279
952349
952657
952709
952789
953111
953221
953399
953647
954097
954181
954433
955063
955243
955441
955807
955919
956237
956749
956987
957043
957133
957221
957317
957403
957553
957599
957773
957953
957977
958361
958543
958877
958901
959131
959173
959339
959351
959489
959719
959867
960049
960173
960191
960331
960467
960829
961091
961099
961567
961633
961657
961703
961783
961813
962041
962537
962807
962869
962993
963019
963121
963163
963323
963341
963761
963839
963899
964049
964261
964339
964531
964661
964753
964933
965147
965189
965303
965369
965639
965969
966113
966157
966209
966319
966379
966869
966883
967259
967321
967327
967363
967567
967721
967787
967903
967961
968111
968113
968197
968519
969037
969343
969433
969457
969677
969851
969877
970031
970219
970279
970549
970721
970789
970909
970927
971027
971171
971263
971281
971339
971353
971357
971917
971977
972079
972091
972581
972611
972787
972943
973067
973151
973919
974147
974161
974279
974383
974411
974497
974507
974923
975049
975281
975463
975599
975823
976013
976093
976271
976439
977021
977069
977209
977591
977681
977791
978017
978037
978239
978349
978473
978611
978697
978839
978907
979061
979201
979423
979481
979717
980081
980423
980557
980689
980801
980803
981187
981419
981439
981493
981703
981769
981983
982061
982067
982571
982829
983123
983233
983329
983659
984397
984427
984667
984689
984913
984959
985181
985219
985307
985451
985493
985679
985781
985877
985903
986207
986533
986593
986597
986719
987101
987587
987941
988061
988069
988199
988319
988643
988649
988861
988979
989059
989279
989309
989321
989381
989783
989831
989873
989921
990259
990349
990361
990503
990673
991009
991043
991063
991201
991229
991579
991717
991777
991973
991979
992417
992521
992819
992963
993137
993241
993397
993779
993869
994039
994271
994297
994307
994583
994769
994901
995023
995339
995399
995573
995713
995801
995957
996109
996169
996367
996563
996763
996967
997069
997267
997319
997649
997739
997973
998077
998273
998381
998411
998651
998897
999029
999287
999683
999809
999863
999917
1000151
1000409
1000669
1000829
1000999
1001017
1001093
1001303
1001389
1001549
1001639
1001989
1002227
1002247
1002467
1002553
1002719
1002751
1002913
1003103
1003259
1003291
1003349
1003381
1003417
1003741
1003819
1003879
1003909
1003943
1004063
1004429
1004461
1004551
1005079
1005187
1005293
1005349
1005413
1005437
1005617
1005989
1006007
1006133
1006153
1006339
1006351
1006531
1006861
1007059
1007381
1007527
1007693
1008209
1008223
1008331
1008353
1008379
1008421
1008467
1008829
1009237
1009303
1009417
1009457
1009499
1009781
1009787
1009873
1009909
1009963
1010129
1010411
1010501
1010671
1010747
1010749
1010903
1010981
1011221
1011377
1011391
1011539
1011649
1011733
1011799
1011917
1011979
1012259
1012307
1012411
1012433
1012507
1012657
1012703
1012903
1012967
1012981
1013263
1013377
1013609
1013713
1013791
1014121
1014743
1015043
1015081
1015139
1015481
1015823
1016053
1016123
1016143
1016341
1016419
1016569
1016749
1016921
1017061
1017119
1017157
1017173
1017199
1017371
1017647
1017889
1018097
1018291
1018651
1018679
1018697
1018763
1018949
1018967
1019261
1019423
1019537
1020223
1020337
1020379
1020667
1020757
1020823
1020827
1021073
1021183
1021367
1021561
1021879
1022113
1022201
1022429
1022591
1022821
1023079
1023277
1023301
1023367
1023541
1023851
1023947
1023949
1024021
1024313
1024319
1024357
1024391
1024399
1024669
1024757
1024823
1024883
1024931
1024997
1025093
1025239
1025257
1025327
1025477
1025891
1025929
1026119
1026199
1026229
1026391
1026427
1026799
1026917
1027051
1027459
1027493
1027727
1028003
1028029
1028081
1028089
1028113
1028191
1028243
1028809
1028953
1028999
1029383
1029499
1029569
1029617
1029697
1029989
1030019
1030031
1030291
1030349
1030619
1030723
1030831
1031461
1031533
1031609
1031809
1032211
1032329
1032491
1032833
1033063
1033441
1033537
1033667
1033807
1034147
1034219
1034233
1034323
1034477
1034491
1034617
1034707
1034783
1034837
1035061
1035191
1035241
1035427
1035599
1035973
1036073
1036109
1036163
1036213
1036271
1036327
1036471
1036499
1036729
1036831
1036921
1037317
1037537
1037627
1037791
1038019
1038211
1038307
1038383
1038497
1038503
1038589
1038617
1038811
1039021
1039111
1039289
1039517
1039799
1040021
1040069
1040153
1040371
1040483
1040629
1040731
1040777
1040807
1040861
1041149
1041253
1041329
1041563
1041653
1041893
1041961
1042087
1042243
1042399
1042609
1042681
1043291
1043617
1043657
1043723
1043747
1043873
1043897
1044133
1044139
1044227
1044371
1044559
1044739
1044779
1044971
1045013
1045129
1045367
1045411
1045507
1045523
1045547
1046029
1046047
1046179
1046371
1046807
1046951
1046959
1047107
1047479
1047499
1047701
1047833
1048027
1048043
1048193
1048573
1048681
1048759
1048799
1048991
1049101
1049471
1049509
1049569
1049833
1049857
1050031
1050169
1050323
1050437
1050949
1051157
1051397
1051571
1051643
1052299
1052309
1052437
1052693
1052873
1052981
1053067
1053083
1053557
1053571
1053959
1054033
1054181
1054309
1054321
1054457
1054549
1054583
1054639
1054831
1055063
1055359
1055407
1055933
1056053
1056347
1056589
1057003
1057157
1057393
1057579
1057607
1057753
1057919
1057993
1058011
1058389
1058639
1058677
1058723
1058747
1058983
1059001
1059007
1059599
1060223
1060249
1060357
1060373
1060513
1060861
1060937
1061149
1061297
1061569
1061707
1061969
1062407
1062469
1062881
1062911
1062977
1063019
1063219
1063303
1063457
1063541
1063693
1063729
1063871
1063891
1063961
1063967
1064243
1064317
1064731
1064911
1064957
1064977
1065019
1065037
1065109
1065479
1065503
1065529
1065569
1065677
1065763
1065787
1065899
1066313
1066339
1066379
1066399
1066531
1066643
1066687
1066757
1066777
1067057
1067383
1067459
1067471
1067509
1067741
1067761
1067851
1068061
1068191
1068409
1068577
1068779
1068913
1069031
1069543
1069693
1069819
1069949
1070011
1070149
1070233
1070323
1070341
1070347
1070389
1070491
1070899
1071047
1071197
1071337
1071379
1071661
1071821
1071977
1072213
1072613
1072811
1072943
1073089
1073131
1073243
1073441
1073537
1073573
1073791
1073881
1074079
1074259
1074581
1074617
1074673
1074691
1074851
1074923
1074989
1075007
1075159
1075397
1075463
1075621
1075649
1075663
1075667
1076017
1076107
1076123
1076237
1076303
1076417
1076473
1076639
1076879
1077371
1077719
1077733
1077827
1078127
1078219
1078369
1078657
1078699
1078813
1078817
1078879
1079069
1079081
1079647
1079887
1080029
1080043
1080229
1080281
1080661
1080791
1080803
1081099
1081123
1081231
1081277
1081279
1081679
1081699
1081789
1081891
1082027
1082209
1082593
1082597
1082681
1082717
1083037
1083079
1083167
1083301
1083349
1083451
1083583
1083721
1083871
1083949
1084067
1084313
1084403
1084579
1084609
1084771
1085327
1085611
1085767
1085857
1086047
1086331
1086443
1086881
1087091
1087259
1087381
1087433
1087561
1087631
1087679
1087747
1087789
1087873
1087897
1088027
1088089
1088209
1088443
1088537
1088579
1088669
1088807
1088953
1088977
1089107
1089523
1089877
1090013
1090099
1090129
1090189
1090381
1090457
1090493
1090891
1090909
1091003
1091137
1091243
1091371
1091591
1091711
1091809
1091843
1092019
1092107
1092257
1092451
1092961
1093223
1093531
1093667
1093751
1093843
1093889
1093957
1094099
1094123
1094183
1094237
1094293
1094299
1094491
1094657
1095023
1095229
1095287
1095449
1095461
1095713
1095751
1095821
1095931
1096099
1096163
1096451
1096549
1096639
1096831
1096969
1097069
1097209
1097351
1097513
1097627
1097861
1097869
1098077
1098101
1098187
1098211
1098451
1098509
1098673
1099171
1099223
1099247
1099289
1099337
1099513
1099687
1099799
1099807
1099997
1100123
1100161
1100303
1100503
1100543
1100569
1100837
1101283
1101421
1101511
1101517
1101571
1101593
1101649
1101937
1102147
1102237
1102279
1102523
1102547
1102709
1102727
1102831
1103087
1103111
1103203
1103467
1103533
1103591
1103603
1104079
1104097
1104491
1104769
1104833
1105157
1105193
1105441
1105603
1105627
1105759
1105847
1105861
1105997
1106233
1106257
1106381
1106471
1106509
1106543
1106741
1106789
1106927
1107203
1107319
1107511
1107593
1107751
1107803
1108147
1108181
1108321
1108369
1108691
1108697
1108727
1108967
1109399
1109513
1109579
1109869
1109881
1109887
1110289
1110353
1110533
1110713
1110803
1110913
1110953
1110979
1111013
1111211
1111433
1111543
1111639
1111651
1111741
1112003
1112087
1112131
1112269
1112359
1112591
1112597
1112731
1113011
1113181
1113703
1113859
1113941
1114193
1114249
1114283
1114397
1114427
1114591
1114661
1114733
1114807
1114973
1115299
1115329
1115561
1115657
1115879
1116209
1116281
1116317
1116571
1116977
1117013
1117057
1117253
1117279
1117451
1117729
1117741
1118081
1118203
1118317
1118393
1118809
1119323
1119529
1119589
1119659
1119707
1120073
1120211
1120303
1120369
1120459
1120529
1120633
1120723
1120727
1121023
1121173
1121221
1121333
1121357
1121629
1122103
1122259
1122367
1122529
1123247
1123399
1123621
1123667
1123883
1123973
1124219
1124251
1124303
1124509
1124581
1124659
1124813
1124969
1125151
1125203
1125379
1125739
1125931
1126361
1126457
1126963
1127029
1127081
1127227
1127281
1127629
1127641
1127773
1127809
1127849
1128161
1128527
1128691
1128697
1128899
1128947
1129111
1129133
1129159
1129313
1129399
1129487
1129489
1129757
1129861
1129991
1130117
1130267
1130629
1130719
1130803
1130807
1131103
1131121
1131239
1131253
1131307
1131451
1131547
1131721
1131727
1131857
1132177
1132409
1132519
1132883
1132991
1133239
1133303
1133479
1133633
1133963
1134043
1134421
1134481
1134557
1134559
1134841
1134977
1135091
1135217
1135411
1135613
1135699
1135819
1135879
1135891
1136089
1136221
1136357
1136449
1136461
1136843
1137527
1137707
1137781
1138429
1138519
1138559
1138649
1138751
1138849
1138867
1139059
1139123
1139293
1139491
1139819
1140121
1140143
1140851
1140983
1141081
1141087
1141267
1141717
1142039
1142783
1142789
1142837
1142891
1143049
1143067
1143223
1143371
1144163
1144271
1144327
1144417
1144589
1145191
1145281
1145311
1145359
1145371
1145593
1145689
1145773
1145797
1145999
1146071
1146307
1146679
1146697
1146763
1146781
1146877
1147247
1147331
1147427
1147441
1147579
1147759
1148729
1149131
1149193
1149469
1149487
1149559
1149661
1149737
1149779
1149881
1150139
1150229
1150397
1150403
1150531
1150609
1150717
1150757
1150847
1151147
1151303
1151363
1151389
1151581
1151651
1151659
1151879
1152023
1152287
1152317
1152623
1152649
1152773
1153219
1153367
1153457
1153459
1154029
1154207
1154311
1154537
1154539
1155127
1155569
1155631
1155899
1155901
1155929
1155943
1156009
1156151
1156403
1156427
1156429
1156681
1156823
1157033
1157099
1157183
1157237
1157341
1157671
1157837
1157839
1157969
1158089
1158847
1159127
1159633
1160057
1160147
1160213
1160303
1160413
1160491
1160503
1160569
1160839
1160927
1160983
1161001
1161203
1161289
1161443
1161829
1162277
1162471
1162507
1162547
1162589
1162727
1162853
1163003
1163131
1163137
1163333
1163627
1163663
1163759
1163821
1164071
1164181
1164323
1164413
1164479
1164589
1164899
1164967
1165081
1165201
1165511
1165751
1165799
1165823
1165861
1165919
1165993
1166057
1166383
1166453
1166497
1166507
1166569
1166833
1166903
1167139
1167359
1167443
1167599
1167667
1167791
1167799
1167821
1167841
1167919
1167973
1168451
1168501
1168789
1168859
1168879
1168969
1168987
1169249
1169353
1169593
1169713
1169801
1170007
1170067
1170119
1170173
1170683
1170779
1171039
1171783
1171789
1171967
1172009
1172047
1172179
1172401
1172407
1172807
1172953
1172959
1173521
1173853
1173947
1174027
1174171
1174247
1174463
1174487
1174681
1174687
1174759
1174847
1174919
1175123
1175677
1175899
1175927
1175989
1176061
1176089
1176137
1176407
1176557
1176793
1176911
1177129
1177181
1177219
1177433
1177453
1177543
1177619
1177723
1177741
1177949
1178069
1178173
1178197
1178447
1178591
1178669
1178719
1178809
1178887
1178939
1179019
1179253
1179259
1179389
1179901
1180013
1180073
1180219
1180369
1180493
1180549
1180693
1180819
1180859
1180873
1180897
1180961
1181023
1181267
1182431
1182437
1182659
1182763
1182989
1183241
1183571
1183579
1183733
1183753
1183799
1183913
1183933
1184093
1184123
1184291
1184329
1184741
1184927
1185281
1185287
1185551
1185601
1185643
1185661
1185823
1185827
1185889
1186079
1186259
1186631
1186699
1186769
1186811
1186813
1187003
1187287
1187717
1187863
1187911
1188259
1188361
1188457
1188527
1188581
1188619
1189007
1189159
1189313
1189333
1189603
1189621
1189717
1189933
1190047
1190447
1190513
1190809
1191079
1191103
1191109
1191347
1191691
1191781
1191899
1191947
1192069
1192151
1192391
1192427
1192753
1192847
1192889
1192937
1193183
1193239
1193473
1193729
1193741
1193743
1193837
1194421
1194553
1194731
1194821
1194883
1194997
1195039
1195121
1195127
1195189
1195387
1195561
1195709
1195723
1195811
1195897
1196087
1196089
1196191
1196281
1196513
1196683
1196809
1196911
1196959
1197167
1197187
1197257
1197451
1197617
1197709
1197901
1197907
1198049
1198069
1198157
1198261
1198481
1198511
1198609
1199659
1199789
1199819
1199879
1199929
1200313
1200373
1200937
1201073
1201097
1201103
1201493
1201709
1201813
1201853
1202009
1202027
1202063
1202221
1202423
1202609
1202791
1202827
1202843
1202959
1203211
1203217
1203343
1203437
1203619
1203893
1203899
1204153
1205437
1205527
1206043
1206209
1206319
1206973
1207097
1207237
1207291
1207309
1207343
1207417
1208089
1208269
1208663
1208681
1208821
1209053
1209079
1209437
1209491
1209671
1209781
1209947
1210037
1210163
1210387
1210439
1210477
1210877
1211191
1211407
1211647
1211719
1211807
1211843
1212703
1212817
1212923
1212989
1213007
1213081
1213087
1213357
1213607
1213931
1214093
1214167
1214567
1214617
1214657
1214659
1215083
1215209
1215421
1215647
1215827
1216507
1216561
1216879
1216961
1217119
1217131
1217179
1217191
1217269
1217423
1217483
1217687
1217731
1218631
1218787
1218923
1219061
1219399
1219469
1219481
1219843
1219847
1219919
1219957
1220027
1220333
1220353
1220423
1220689
1220803
1220993
1221097
1221499
1221541
1221767
1222171
1222373
1222667
1222993
1223039
1223161
1223329
1223437
1223471
1223527
1223749
1223921
1224133
1224203
1224739
1224863
1224887
1224991
1225073
1225097
1225099
1225109
1225303
1225361
1225501
1225507
1225589
1225703
1225871
1225891
1225907
1225949
1226063
1226191
1226461
1226681
1226683
1226801
1226867
1226959
1227437
1227949
1228133
1228159
1228193
1228247
1228373
1228429
1228519
1228849
1228861
1228919
1229071
1229279
1229297
1229369
1230013
1230301
1230347
1230349
1231177
1231247
1231261
1231283
1231319
1231357
1231487
1231669
1231733
1231799
1231807
1232213
1232299
1232417
1232657
1232831
1233409
1233593
1234367
1234417
1234787
1234873
1235063
1235137
1235243
1235281
1235447
1235449
1235669
1235807
1236307
1236439
1236491
1236527
1236583
1236709
1236761
1236769
1237043
1237199
1237283
1237519
1237823
1238051
1238291
1238381
1238411
1238459
1238509
1238659
1238767
1238789
1238921
1239197
1239319
1239353
1239421
1239481
1239643
1239739
1240007
1240081
1240159
1240621
1240717
1240999
1241059
1241347
1241417
1241741
1241941
1242067
1242151
1242289
1242379
1242403
1242601
1242623
1242739
1242803
1242959
1242979
1243141
1243147
1243367
1243691
1243783
1243969
1244041
1245017
1245091
1245121
1245529
1245589
1245691
1245701
1245763
1245767
1245929
1245943
1246081
1246261
1246339
1246351
1246397
1246517
1246573
1246711
1246841
1247033
1247101
1247291
1247297
1247419
1247453
1247549
1247563
1247699
1247767
1247833
1247923
1247969
1248001
1248061
1248469
1248539
1248847
1248979
1249013
1249037
1249099
1249141
1249217
1249321
1249411
1249477
1249657
1249693
1249811
1249817
1250507
1250761
1250839
1250983
1251157
1251227
1251409
1251641
1251881
1251919
1252057
1252129
1252457
1252817
1252921
1252963
1253027
1253689
1254037
1254109
1254301
1254503
1254527
1254529
1254619
1255081
1255117
1255157
1255313
1255393
1255427
1255591
1255687
1255829
1255913
1256303
1256587
1256659
1256891
1256989
1257049
1257199
1257281
1257409
1257463
1257827
1257931
1258099
1258141
1258181
1258183
1258291
1258589
1258903
1259029
1259081
1259179
1259537
1259627
1259939
1260047
1260319
1260461
1260641
1260713
1260731
1260797
1261411
1261459
1261769
1261789
1261943
1262081
1262221
1262483
1262731
1262869
1263077
1263079
1263299
1263347
1263473
1263767
1263929
1263947
1264027
1264199
1264337
1264667
1265093
1265279
1265549
1265653
1265941
1266047
1266197
1266241
1266269
1266379
1266557
1266731
1266751
1266841
1266919
1267349
1267859
1267907
1268119
1268207
1268261
1268429
1268447
1268593
1268713
1268759
1269017
1269091
1269187
1269299
1269529
1269703
1269901
1270051
1270097
1270499
1270541
1270547
1270639
1271029
1271047
1271089
1271317
1271393
1271531
1271807
1271971
1272091
1272233
1272653
1272811
1272899
1272961
1273021
1273199
1273313
1273403
1273609
1273687
1273739
1274051
1274183
1274389
1274701
1274851
1274899
1275173
1275467
1275779
1275823
1275829
1275973
1276103
1276129
1276279
1276543
1276631
1276721
1276871
1276949
1277041
1277207
1277267
1277429
1277449
1277863
1277993
1278097
1278163
1278181
1278493
1278583
1278631
1278637
1278811
1279021
1279111
1279177
1279427
1279609
1279661
1279687
1279753
1279843
1280113
1280119
1280399
1280401
1280603
1280759
1280887
1281167
1281257
1281431
1281503
1281541
1281781
1281899
1282009
1282133
1282241
1282517
1282571
1282649
1282933
1282993
1283011
1283509
1283521
1283563
1283839
1283969
1284421
1284601
1284713
1284737
1284823
1284937
1285679
1285813
1285871
1286081
1286119
1286177
1286261
1286269
1286371
1286533
1286669
1286797
1286807
1287329
1287343
1287457
1287569
1287707
1287749
1287989
1288009
1288513
1288559
1288571
1288843
1288933
1289077
1289329
1289749
1289969
1290109
1290259
1290293
1290439
1290581
1290901
1291117
1291193
1291489
1291991
1292099
1292149
1292387
1292477
1292563
1292659
1292831
1293199
1293287
1293401
1293533
1293757
1293841
1293917
1293979
1294103
1294169
1294231
1294273
1294277
1294367
1294691
1294817
1294987
1295191
1295221
1295533
1295647
1295711
1296109
1296181
1296343
1296523
1296749
1296839
1297063
1297139
1297243
1297337
1297421
1297573
1297687
1297841
1298279
1298617
1298831
1298981
1299029
1299317
1299821
1300127
1300237
1300297
1300457
1300471
1300501
1300813
1300907
1301023
1301243
1301281
1301393
1301423
1301539
1301603
1301827
1302107
1302163
1302253
1302293
1303069
1303517
1303553
1303591
1303667
1304503
1304581
1304659
1304929
1304983
1305229
1305371
1305427
1305511
1305559
1305571
1305803
1305881
1305919
1306237
1306691
1306831
1306873
1307063
1307081
1307281
1307461
1307731
1308121
1308299
1308323
1308529
1308563
1308581
1308583
1308691
1308709
1309067
1309313
1309559
1309849
1309999
1310063
1310359
1310467
1310591
1310599
1310719
1310779
1310999
1311053
1311127
1311239
1311301
1311383
1311433
1311473
1311769
1311901
1312153
1312373
1312391
1312847
1312889
1312931
1312937
1313219
1313363
1313569
1313699
1313929
1314113
1314133
1314517
1315213
1315493
1315651
1315697
1315943
1316401
1316593
1316717
1316779
1316971
1317301
1317521
1317671
1317761
1317853
1317961
1318003
1318157
1318379
1318463
1318553
1318753
1318829
1318991
1319033
1319057
1319293
1319477
1320091
1320413
1320727
1320859
1320947
1320961
1321063
1321193
1321267
1321283
1321357
1321429
1321487
1322011
1322143
1322149
1322161
1322303
1322341
1322507
1322851
1322927
1322941
1323409
1323571
1324039
1324097
1324381
1325063
1325267
1325399
1325483
1325959
1326251
1326631
1326659
1326673
1326943
1327043
1327199
1327201
1327351
1327759
1328161
1328279
1328497
1328501
1328671
1328749
1328891
1328893
1329353
1329371
1329599
1329733
1329971
1330001
1330157
1330223
1330229
1330397
1330519
1330577
1331039
1331107
1331327
1331527
1331657
1331761
1331789
1332151
1332313
1332427
1332713
1332739
1332803
1333253
1333291
1333457
1333721
1333811
1333963
1333967
1334119
1334371
1334441
1334537
1334717
1334719
1334771
1335259
1335619
1335749
1336003
1336009
1336021
1336151
1336241
1336429
1336519
1336579
1337071
1337299
1337363
1337411
1337419
1337563
1337701
1337981
1338371
1338647
1338823
1339127
1339381
1339411
1339567
1339781
1339873
1339903
1340011
1340033
1340419
1340617
1340723
1340749
1340897
1341007
1341203
1341467
1341713
1341841
1341911
1341919
1342051
1342219
1342493
1342499
1342547
1342727
1342871
1342877
1342969
1343009
1343203
1343311
1343627
1343689
1343717
1343759
1344053
1344569
1344767
1344947
1345117
1345207
1345481
1345667
1345733
1345777
1345931
1346123
1346161
1346341
1346419
1347263
1347713
1347757
1347919
1347937
1348013
1348051
1348129
1348211
1348381
1348549
1349119
1349207
1349339
1349401
1349669
1349773
1349977
1350029
1350287
1350319
1350533
1350773
1350883
1351039
1351099
1351417
1351523
1351589
1351639
1351901
1351949
1352171
1352207
1352489
1352753
1352849
1353581
1353679
1353707
1353763
1353949
1354021
1354043
1354207
1354289
1354777
1354931
1355279
1355303
1355329
1355507
1355659
1355743
1355891
1356083
1356227
1356463
1356571
1356577
1356643
1356689
1356869
1357561
1357679
1357703
1357901
1357969
1358029
1358083
1358171
1358179
1358281
1358359
1358377
1358689
1358713
1358803
1358887
1358939
1359181
1359329
1359367
1359529
1359679
1360237
1360327
1360417
1360507
1360673
1360763
1360783
1360819
1360921
1361029
1361047
1361357
1361401
1361573
1361777
1362019
1362181
1362271
1362437
1362479
1362631
1362761
1362989
1363151
1363157
1363753
1364017
1364161
1364303
1364431
1364581
1365137
1365139
1365281
1365467
1365733
1365869
1365979
1366093
1366459
1366523
1366721
1367447
1367539
1367579
1367953
1368053
1368161
1368233
1368253
1368439
1368761
1368811
1368989
1369201
1369337
1369339
1369393
1369483
1369559
1369793
1370269
1370461
1370573
1370669
1370953
1371031
1371079
1371103
1371121
1371563
1371581
1371619
1371989
1372081
1372379
1372391
1372607
1372771
1372933
1372951
1372957
1373059
1373147
1373341
1373497
1373521
1373563
1373761
1373819
1373839
1373989
1374007
1374379
1374533
1374557
1375037
1375091
1375189
1375411
1375567
1375637
1375769
1375783
1375819
1375949
1376131
1376197
1376359
1376423
1376429
1376443
1376513
1376591
1377107
1377347
1377457
1377479
1377749
1378007
1378067
1378339
1378799
1378807
1378957
1379099
1379167
1379659
1379857
1379923
1379969
1380031
1380251
1380307
1380653
1380853
1380949
1381207
1381421
1381487
1381609
1381621
1381999
1382189
1382651
1383089
1383359
1383731
1383737
1383803
1383881
1384219
1384309
1384679
1384781
1384879
1384961
1385003
1385179
1385399
1385621
1385809
1385861
1385953
1386053
1386149
1386167
1386239
1386457
1386569
1386631
1386703
1386811
1386901
1387289
1388053
1388293
1388587
1388963
1389139
1389403
1389511
1389629
1389643
1389797
1389911
1390003
1390283
1390607
1390621
1390681
1390733
1390757
1390937
1391057
1391239
1391381
1391419
1391561
1391893
1391969
1392197
1392353
1392449
1392779
1392803
1393103
1393121
1393187
1393297
1393361
1393459
1393589
1393633
1393723
1393837
1393969
1394177
1394401
1394539
1394669
1394681
1394711
1394821
1395109
1395181
1395301
1395413
1395523
1395659
1396007
1396069
1396393
1396513
1396531
1396663
1396979
1396991
1397161
1397219
1397233
1397303
1397569
1398049
1398113
1398227
1398247
1398269
1398289
1398401
1398559
1398667
1398731
1399361
1399439
1399543
1399583
1399589
1399639
1399813
1400131
1400353
1400599
1400731
1401017
1401053
1401167
1401233
1401349
1401613
1401721
1401767
1401949
1402153
1402711
1402847
1403167
1403239
1403657
1403813
1403893
1403903
1404191
1404371
1404737
1404883
1405127
1405343
1405561
1405693
1405769
1406081
1406591
1407017
1407019
1407293
1407383
1407499
1407619
1407851
1408007
1408009
1408201
1408339
1408601
1408669
1408843
1408993
1409033
1409101
1409231
1409237
1409329
1409381
1409491
1409549
1409633
1409651
1409879
1410037
1410163
1410361
1410499
1410707
1410781
1410859
1410923
1410947
1411159
1411519
1411621
1411847
1411979
1412219
1412413
1412813
1412837
1412969
1412981
1413427
1413571
1413641
1413647
1413751
1413959
1414097
1414549
1414921
1415023
1415179
1415221
1415317
1415681
1415753
1415957
1415977
1416031
1416053
1416479
1416769
1417067
1417337
1417489
1417597
1417751
1417991
1418093
1418101
1418213
1418239
1419137
1419199
1419511
1419557
1419713
1419799
1420261
1420283
1420577
1421093
1421213
1421417
1421527
1421611
1421747
1421989
1422007
1422199
1422241
1423039
1423091
1423237
1423307
1423381
1423417
1423637
1423691
1423897
1423943
1424399
1424681
1424809
1424849
1424869
1424933
1425091
1425271
1425707
1425877
1426043
1426111
1426151
1426199
1426429
1426669
1426753
1426889
1426913
1427017
1427297
1427479
1427501
1427567
1427653
1427879
1427893
1428199
1429367
1429369
1429567
1429619
1429633
1429817
1429837
1430419
1430659
1430707
1431113
1431139
1431173
1431191
1431203
1431317
1431713
1431737
1432091
1432411
1432549
1432589
1432703
1432729
1432859
1432897
1432987
1433041
1433177
1433351
1433603
1433689
1433717
1433801
1434109
1434451
1435069
1435117
1435151
1435249
1435597
1436147
1436231
1436411
1436417
1436767
1437203
1437229
1437551
1437739
1437841
1438103
1438181
1438253
1438721
1438729
1438817
1438907
1438961
1439177
1439261
1439359
1439717
1440247
1440403
1440533
1440557
1440737
1440773
1440779
1441189
1441309
1441361
1441523
1441703
1441729
1441981
1442003
1442579
1442599
1442621
1442627
1442717
1442887
1442939
1443053
1443103
1443271
1443529
1443679
1443961
1444043
1444081
1444489
1444661
1444777
1444801
1444999
1445033
1445149
1445417
1445567
1445671
1445723
1445929
1446023
1446409
1446803
1446971
1447037
1447073
1447189
1447219
1447529
1447543
1447549
1447727
1447949
1448191
1448423
1448683
1448771
1448779
1448801
1449163
1449361
1449479
1449523
1449907
1449983
1450499
1450727
1450819
1450963
1451041
1451371
1451603
1451641
1451717
1451797
1451867
1452109
1452127
1452181
1452301
1452413
1452527
1452631
1452833
1453003
1453427
1453429
1453889
1453913
1454149
1454417
1454567
1454657
1454767
1454899
1454989
1455007
1455023
1455089
1455227
1455241
1455409
1455809
1455821
1455827
1456187
1456529
1456657
1457083
1457353
1457849
1457959
1458031
1458071
1458169
1458343
1458433
1458521
1458659
1458673
1459319
1459993
1460089
1460957
1461479
1461697
1461763
1461781
1461851
1462171
1462339
1462403
1462939
1463149
1463327
1463459
1463509
1463587
1463947
1464137
1464263
1464373
1464829
1464917
1464959
1465097
1465273
1465279
1465523
1465637
1465693
1465703
1465819
1466519
1466599
1466713
1466719
1466999
1467017
1467097
1467121
1467299
1467413
1467493
1467589
1467749
1468427
1468469
1468603
1468759
1468933
1469147
1469161
1469291
1469437
1469509
1469527
1469693
1469893
1469947
1469983
1470431
1470839
1470949
1471289
1471403
1471553
1471669
1471681
1472389
1472561
1472657
1472831
1472837
1472927
1472929
1473049
1473061
1473193
1473391
1473421
1473841
1473971
1474097
1474217
1474411
1474523
1475371
1475489
1475759
1475827
1476011
1476169
1476523
1476949
1477061
1477081
1477337
1477607
1478161
1478381
1478437
1478611
1478987
1479133
1479139
1479229
1479449
1479823
1480067
1480397
1480517
1480597
1480643
1480663
1481749
1481989
1482007
1482137
1482199
1482263
1482443
1482461
1482739
1482869
1483103
1483231
1483277
1483529
1483969
1484207
1484209
1484221
1484359
1484467
1484629
1485019
1485233
1485251
1485433
1485761
1485877
1486153
1486223
1486267
1486571
1486649
1486799
1486841
1486867
1487053
1487071
1487219
1487383
1487389
1487509
1487743
1488139
1488199
1488209
1488337
1488379
1488959
1489031
1489259
1489507
1489633
1489721
1489723
1489729
1489781
1489903
1490161
1490213
1490273
1490297
1490327
1490677
1490941
1491199
1491401
1491629
1491649
1491667
1491739
1491979
1492187
1492189
1492541
1492879
1493171
1493249
1493311
1493449
1493461
1493539
1493623
1493717
1493731
1494019
1494161
1494257
1494343
1494583
1494613
1494659
1494679
1494707
1494709
1494853
1495267
1495421
1495687
1495751
1495777
1495829
1495939
1496039
1496141
1496189
1496251
1496437
1496479
1496563
1496707
1496987
1497193
1497229
1497283
1497313
1497407
1497667
1497719
1498279
1498327
1498411
1498543
1498583
1498697
1498811
1499429
1499881
1500143
1500349
1500491
1500503
1500691
1500761
1500769
1500817
1500833
1500871
1500899
1501207
1501427
1501481
1501847
1501889
1502183
1502297
1502309
1503043
1503113
1503247
1503353
1503661
1503731
1503739
1504037
1504073
1504103
1504231
1504493
1504583
1504651
1504691
1504817
1504949
1504967
1504969
1505117
1505489
1505683
1505797
1506077
1506121
1506413
1506473
1506587
1506697
1506781
1506851
1507069
1507427
1507469
1507559
1507609
1507841
1508147
1508293
1508303
1508587
1508659
1508851
1509197
1509331
1509463
1509553
1509913
1509919
1510043
1510087
1510337
1510339
1510373
1510681
1510889
1510913
1510991
1511569
1511723
1511921
1511927
1512113
1512197
1512607
1512661
1512751
1512829
1513033
1513073
1513091
1513123
1513361
1513583
1513859
1513909
1514131
1514209
1514537
1514599
1514797
1515169
1515251
1515617
1515671
1515691
1515947
1516027
1516199
1516337
1516421
1516607
1516661
1516681
1516733
1516843
1517141
1517279
1517569
1517671
1517749
1517837
1518449
1518551
1518553
1519097
1519169
1519363
1519523
1519657
1519703
1519769
1519907
1520143
1520213
1520341
1520381
1520527
1520693
1520903
1520983
1521029
1521067
1521199
1521209
1521281
1521371
1521571
1521623
1521649
1521869
1521991
1522051
1522343
1522457
1522459
1522981
1523089
1523261
1523393
1523407
1523531
1523539
1523953
1524293
1524349
1524767
1524871
1525067
1525207
1525331
1525607
1525609
1525669
1525933
1526071
1526341
1526411
1526587
1526633
1527083
1527551
1527689
1527737
1527979
1528259
1528633
1528897
1529027
1529357
1529603
1530313
1530517
1530827
1531091
1531697
1531987
1532009
1532351
1532579
1533107
1533437
1533659
1533899
1534081
1534133
1534151
1534289
1534861
1534931
1535279
1535341
1535497
1535581
1535587
1535741
1536049
1536373
1536553
1536649
1537031
1537141
1537457
1537819
1537897
1538029
1538083
1538179
1538429
1538807
1538951
1539253
1539451
1539521
1539613
1539619
1539679
1540141
1540321
1540673
1540789
1540873
1540969
1541171
1541597
1541663
1541681
1541791
1541867
1542071
1542217
1542349
1542361
1542451
1542479
1542503
1543081
1543111
1543207
1543391
1543463
1543777
1543951
1544051
1544341
1544507
1544509
1544659
1544891
1544903
1545001
1545007
1545553
1545667
1545751
1545799
1545917
1546121
1546211
1546219
1546271
1546273
1546361
1546499
1546901
1546907
1546969
1547069
1547173
1547423
1547771
1547807
1547993
1548121
1548149
1548187
1548277
1548389
1548433
1548493
1548619
1548761
1548901
1549049
1549061
1549319
1549447
1549489
1549519
1549883
1549957
1550119
1550209
1550359
1550449
1550539
1550597
1550669
1550753
1550999
1551019
1551619
1551659
1551707
1551763
1551871
1551929
1552351
1552469
1552517
1552531
1552571
1552643
1552843
1553093
1553107
1553147
1553369
1553381
1553389
1553509
1553701
1553743
1553837
1554151
1554193
1554281
1554391
1554881
1555013
1555079
1555091
1555129
1555189
1555291
1555613
1555633
1555657
1555679
1555727
1555963
1556173
1556339
1556519
1556591
1556641
1556869
1557079
1557091
1557109
1557343
1557389
1557613
1557763
1558061
1558201
1558289
1558483
1558597
1558829
1558841
1558933
1558939
1559059
1559303
1559521
1559651
1559839
1559893
1559983
1560037
1560127
1560211
1560217
1560677
1560707
1560749
1560859
1561003
1561117
1561159
1561393
1561429
1561607
1561801
1562107
1562983
1563083
1563227
1563229
1563407
1563449
1563461
1563469
1563511
1563571
1563623
1563739
1563937
1563973
1564037
1564091
1564309
1564543
1564747
1564921
1565177
1565261
1566121
1566343
1566479
1567333
1567339
1567513
1567661
1568309
1568419
1568509
1568729
1568969
1569131
1569209
1569289
1569317
1569517
1569643
1569793
1569937
1570061
1570399
1570427
1570487
1570607
1570753
1570847
1570889
1570991
1571183
1571189
1571239
1571387
1571587
1571749
1571789
1571839
1571989
1572191
1572353
1572407
1572647
1572841
1572997
1573079
1573679
1573811
1573907
1573927
1573969
1574029
1574173
1574197
1574311
1574467
1574647
1574953
1575011
1575253
1575479
1575521
1575583
1575659
1575989
1576007
1576357
1576483
1576537
1576661
1576849
1576957
1577099
1577309
1577503
1577507
1577659
1577729
1577839
1577897
1578001
1578029
1578407
1578469
1578607
1578779
1578793
1578821
1579057
1579099
1579141
1579183
1579363
1579583
1579769
1579901
1580251
1580387
1580699
1581379
1581443
1581553
1581577
1581623
1581719
1581889
1582363
1582381
1582549
1582703
1582927
1583027
1583287
1583773
1583809
1583887
1584169
1584343
1584413
1584437
1584613
1584703
1584899
1584983
1585007
1585261
1585393
1585513
1585603
1585663
1586077
1587067
1587577
1587809
1587829
1587991
1587997
1588019
1588673
1588859
1588877
1588901
1589089
1589207
1589663
1589713
1589803
1589849
1590047
1590049
1590241
1590317
1590487
1590643
1590713
1590803
1590917
1591363
1591813
1591901
1591921
1593149
1593167
1593271
1593323
1593491
1593499
1593619
1593859
1594111
1594249
1594261
1594267
1594559
1594661
1594669
1594883
1595053
1595239
1595729
1595819
1595831
1596029
1596043
1596313
1596629
1597103
1597147
1597417
1597619
1597679
1597721
1597763
1597781
1597873
1598137
1598197
1598711
1599293
1599839
1600201
1600243
1600373
1601123
1601239
1601477
1601507
1601543
1601659
1601749
1602407
1602829
1602869
1603013
1603051
1603057
1603073
1603493
1603501
1603673
1603769
1603817
1603871
1603891
1604003
1604081
1604131
1604243
1604441
1604539
1604593
1604719
1604731
1605013
1605031
1605389
1605413
1605587
1605691
1605853
1606117
1606247
1606249
1606289
1606399
1606643
1606739
1606751
1607057
1607293
1607477
1607479
1607491
1607563
1607831
1607839
1608083
1608461
1608577
1608599
1608913
1609037
1609141
1609219
1609477
1609549
1609589
1609871
1609969
1610107
1610347
1610783
1610899
1610941
1611139
1611199
1611517
1611737
1612141
1612307
1613041
1613153
1613371
1613483
1613621
1614017
1614307
1614383
1614619
1614707
1615027
1615157
1615199
1615331
1615337
1615483
1615843
1616161
1616491
1616569
1616611
1616677
1616723
1616833
1616899
1617283
1617557
1617689
1617739
1617779
1617971
1618181
1618189
1618291
1618307
1618367
1618433
1618453
1618457
1618769
1618817
1618909
1619087
1619153
1619249
1619353
1619531
1619713
1620331
1620391
1620469
1620517
1620551
1620803
1621033
1621219
1621237
1621369
1621639
1621877
1622591
1622681
1622779
1622953
1623071
1623169
1623437
1623451
1623707
1623767
1623833
1624171
1624351
1624661
1624663
1624993
1625297
1625471
1625851
1626047
1626083
1626269
1626283
1626461
1626739
1626803
1627013
1627079
1627099
1627169
1627309
1627501
1627693
1627729
1627819
1627831
1628131
1628171
1628353
1628441
1628551
1628689
1629011
1629091
1629109
1629169
1629253
1629259
1629431
1629451
1629547
1629983
1630253
1630367
1630381
1630411
1630451
1630457
1630891
1631029
1631171
1631243
1631489
1631579
1631629
1631771
1631843
1631957
1632019
1632031
1632167
1632619
1632781
1632853
1632871
1633081
1633223
1633249
1633337
1633531
1633757
1633777
1633913
1633993
1634011
1634051
1634239
1634291
1634417
1634497
1634569
1634837
1634923
1635041
1635173
1635373
1635937
1635973
1636039
1636079
1636363
1636529
1636543
1636619
1636637
1636927
1637221
1637599
1637711
1637887
1638031
1638943
1639061
1639159
1639201
1639243
1639427
1639481
1639717
1639849
1640131
1640599
1640663
1640939
1641077
1641589
1641709
1641811
1642247
1642283
1642441
1642777
1642919
1643251
1643659
1643857
1644193
1644197
1644199
1644283
1644641
1644719
1644791
1645129
1645183
1645433
1645499
1645529
1645907
1645927
1646209
1646287
1646641
1646647
1646861
1647361
1647439
1647523
1647617
1647673
1647727
1647853
1648001
1648261
1648379
1648481
1649129
1649327
1649341
1649507
1649639
1649831
1649987
1650079
1650301
1650437
1650529
1650563
1650569
1650743
1650877
1650949
1651151
1651207
1651379
1651571
1651829
1652237
1652291
1652459
1652479
1652543
1652837
1652839
1652891
1652921
1653083
1653317
1653469
1653643
1653959
1654013
1654127
1654291
1654369
1654547
1654693
1654859
1654903
1655089
1655153
1655197
1655209
1655281
1655449
1655531
1655627
1655999
1656019
1656101
1656167
1656169
1656301
1656617
1656631
1656679
1656761
1656877
1657001
1657067
1657087
1657153
1657157
1657429
1657603
1657627
1658383
1658389
1658413
1659067
1659373
1659629
1659881
1660069
1660199
1660207
1660261
1660573
1660663
1660667
1660843
1661141
1661251
1661327
1661567
1661789
1661813
1661831
1661833
1661899
1662007
1662191
1662229
1662281
1662319
1662553
1662559
1662667
1662733
1662751
1663091
1663099
1663273
1663349
1663523
1663547
1663721
1664261
1664681
1664821
1664869
1665109
1665121
1665211
1665277
1665451
1665493
1665529
1665899
1665929
1665941
1666177
1666403
1666447
1666559
1667051
1667147
1667189
1667251
1667329
1667473
1667509
1667741
1667833
1668061
1668517
1668553
1668683
1668869
1668911
1669121
1669219
1669231
1669697
1669963
1670161
1670327
1670419
1670491
1670633
1670891
1671421
1671643
1671689
1671713
1671731
1672037
1672091
1672471
1672523
1672921
1672927
1673027
1673081
1673209
1673249
1673489
1673629
1673713
1673719
1673759
1673807
1673951
1674107
1674181
1674433
1674581
1674763
1674949
1675111
1675351
1675759
1675931
1675991
1676321
1676383
1676561
1676879
1676963
1676981
1677593
1677667
1677773
1677847
1677971
1678037
1678217
1678321
1678543
1678639
1678657
1678673
1678877
1679131
1679351
1679683
1679801
1679863
1680089
1680401
1680557
1681129
1681219
1681679
1681873
1681903
1682069
1682249
1682311
1682423
1682531
1682539
1682801
1682809
1682911
1682999
1683259
1683271
1683491
1683679
1684063
1684289
1684511
1684829
1684843
1684973
1685039
1685077
1685521
1686137
1686203
1686319
1686551
1686593
1686823
1687033
1687633
1687783
1687909
1688041
1688047
1688623
1688629
1688803
1689253
1689343
1689521
1689659
1690187
1690231
1690277
1690387
1690693
1691003
1691069
1691087
1691269
1691401
1691429
1691533
1691647
1691771
1691821
1691827
1691863
1692017
1692059
1692149
1692167
1692433
1692589
1692697
1692721
1692949
1693331
1693333
1693511
1693607
1693621
1693777
1693807
1693883
1694141
1694213
1694327
1694729
1694897
1695157
1695289
1695779
1695847
1696169
1696213
1696231
1696417
1696543
1696657
1696691
1697159
1697351
1697827
1697957
1698101
1698611
1698833
1699007
1699069
1699289
1699627
1699739
1699793
1700077
1700659
1700987
1701043
1701607
1701829
1701979
1702291
1702523
1702549
1702637
1702721
1702781
1702963
1703269
1703573
1703687
1704103
1704121
1704181
1704251
1704679
1704929
1704943
1705111
1705247
1705399
1705843
1705849
1705861
1706213
1706291
1706459
1706473
1706569
1706633
1706657
1707137
1707379
1707421
1707467
1707577
1707757
1707869
1707913
1708039
1708181
1708219
1708363
1708543
1708769
1708909
1708963
1709243
1709287
1709489
1709959
1710061
1710139
1710403
1710409
1710517
1710593
1710601
1710607
1710799
1711097
1711103
1711459
1711547
1711651
1711859
1711901
1711909
1711949
1712153
1712203
1712531
1712759
1713521
1713709
1713763
1714151
1714157
1714159
1714241
1714403
1714421
1714519
1714751
1714759
1714931
1715123
1715479
1715507
1715569
1715741
1715761
1716241
1716317
1716391
1716443
1716551
1716733
1716937
1717321
1717451
1717637
1718027
1718131
1718191
1718357
1718441
1718669
1719299
1719721
1720163
1720189
1720613
1720679
1720897
1720909
1721449
1721887
1722013
1722053
1722529
1722619
1722989
1723193
1723489
1723609
1723801
1723957
1724183
1724273
1724329
1724389
1724509
1724651
1724893
1724981
1725089
1725151
1725481
1725869
1726411
1726453
1726567
1726897
1726903
1727029
1727069
1727263
1727287
1727717
1727779
1727911
1728017
1728091
1728329
1728547
1728697
1729229
1729249
1729687
1729843
1730081
1730441
1730797
1730863
1730867
1730887
1731053
1731091
1731349
1731361
1731479
1731617
1731701
1732117
1732193
1732469
1732597
1732649
1732777
1732847
1732867
1733279
1733327
1733549
1733701
1733903
1734023
1734373
1734533
1734713
1734737
1734793
1734869
1734883
1735183
1735259
1736179
1736191
1736269
1736531
1736599
1736689
1736759
1736821
1737053
1737479
1737523
1737529
1737761
1738021
1738379
1738391
1738427
1738571
1738799
1739167
1739383
1739653
1739767
1739833
1739839
1740169
1740257
1740301
1740503
1740589
1740611
1740701
1740787
1740853
1740877
1740943
1741111
1741151
1741351
1741979
1742369
1742473
1742563
1742677
1742701
1742941
1743221
1743461
1743463
1743557
1743629
1743713
1743793
1743803
1743823
1744279
1744549
1745197
1745311
1745461
1745467
1745621
1745669
1745717
1745803
1746169
1746181
1746299
1746673
1746697
1747007
1747087
1747153
1747289
1747513
1747573
1747579
1747939
1748237
1748471
1748479
1748611
1748743
1749023
1749157
1749179
1749229
1749281
1749469
1749641
1750081
1750597
1750999
1751033
1751149
1751327
1751567
1751671
1751767
1751851
1751891
1752007
1752193
1752197
1752227
1752371
1752449
1752823
1752913
1753439
1753547
1753903
1754209
1754377
1754579
1754681
1754911
1755181
1755343
1755493
1755701
1755707
1755839
1755851
1756171
1756331
1756333
1756663
1756883
1756919
1757057
1757323
1757417
1757521
1757653
1758221
1758269
1758371
1758397
1758959
1759103
1759181
1759363
1759673
1760567
1760701
1760747
1760947
1761049
1761379
1761821
1762129
1762471
1762477
1762589
1762903
1763159
1763269
1763401
1763513
1763551
1763623
1763849
1764071
1764187
1764253
1764431
1764839
1765087
1765403
1765469
1765513
1765559
1765579
1765627
1765843
1765997
1766099
1766251
1766507
1766587
1766701
1767001
1767043
1767203
1767281
1767373
1767427
1767449
1767911
1767959
1768037
1768477
1768787
1768903
1768927
1769041
1769441
1769531
1769737
1770199
1770409
1770449
1770463
1770557
1770739
1771031
1771169
1771387
1771453
1771457
1771459
1772087
1772209
1772333
1772401
1772467
1772591
1772711
1773413
1773613
1773671
1773679
1773721
1773853
1774021
1774337
1774489
1774621
1775471
1775563
1775743
1776193
1776209
1776223
1776461
1776739
1776793
1776997
1777031
1777453
1777891
1778027
1778041
1778137
1778159
1778209
1778443
1778593
1778719
1779097
1779301
1779497
1779961
1779983
1780099
1780169
1780231
1780277
1780301
1780307
1780349
1780367
1780523
1780969
1781027
1781029
1781063
1781287
1781359
1781519
1781537
1781669
1781803
1782167
1782169
1782239
1782527
1782589
1782709
1782811
1782901
1783009
1783043
1783333
1783391
1783519
1783751
1783799
1783867
1783883
1783889
1784239
1784257
1784389
1784527
1784767
1784789
1784873
1784891
1785001
1785209
1785599
1785821
1785913
1785977
1786079
1786451
1786583
1786639
1786721
1786787
1786909
1787089
1787377
1787519
1787663
1787861
1788011
1788013
1788211
1788341
1788473
1788509
1788727
1789001
1789559
1789649
1789681
1789979
1789999
1790263
1790531
1790623
1790669
1790863
1790917
1791017
1791019
1791169
1791343
1791431
1791523
1791697
1791899
1791941
1791989
1792247
1792313
1792753
1792979
1793101
1793147
1793219
1793303
1793383
1793459
1793611
1794049
1794179
1794203
1794719
1794731
1794773
1795033
1795109
1795273
1795411
1795583
1795813
1795853
1795877
1796269
1796759
1796801
1797017
1797161
1797239
1797293
1797781
1798151
1798241
1798333
1798429
1798591
1798603
1798919
1799141
1799477
1799761
1800047
1800083
1800157
1800593
1800803
1800863
1800979
1801213
1801237
1801433
1801549
1801691
1801873
1801897
1802117
1802267
1802393
1802621
1802683
1802687
1803077
1803127
1803211
1803541
1804399
1804463
1804469
1804577
1804919
1804939
1805059
1805123
1805501
1805549
1805651
1805789
1806001
1806041
1806241
1806353
1806461
1806557
1806841
1807037
1807093
1807097
1807361
1807499
1807543
1807691
1807769
1807811
1807909
1807963
1808243
1808281
1808669
1808803
1809079
1809211
1809271
1809349
1809523
1809853
1810219
1810967
1811119
1811539
1811791
1811867
1811959
1812037
1812053
1812121
1812383
1812527
1812589
1812949
1813579
1813667
1813913
1813937
1813991
1814107
1814279
1814431
1814543
1814581
1814819
1815061
1815269
1815533
1815599
1815799
1815809
1815883
1816091
1816121
1816253
1816387
1816651
1816949
1817041
1817269
1817513
1817737
1818077
1818347
1818419
1818431
1818437
1818499
1818527
1819157
1819333
1819513
1819711
1820267
1820281
1820551
1820597
1820669
1820809
1820843
1820999
1821121
1821679
1821707
1821763
1822003
1822207
1822441
1822669
1823033
1823093
1823567
1823581
1824047
1824139
1824281
1824353
1824371
1824401
1824467
1824689
1824827
1824847
1824959
1824971
1825129
1825141
1825297
1825309
1825457
1825459
1825699
1825897
1826003
1826171
1826371
1826849
1826863
1826977
1827181
1827277
1827341
1827361
1827697
1827703
1827901
1828243
1828249
1828399
1828423
1828517
1828601
1828669
1828793
1828829
1828973
1829057
1829143
1829417
1829479
1829497
1829549
1829743
1829873
1829879
1830013
1830589
1830901
1830943
1830967
1831111
1831133
1831373
1831481
1831913
1832093
1832123
1832381
1832471
1832653
1832819
1832833
1833089
1833137
1833317
1833319
1833487
1833647
1834039
1834307
1834451
1834501
1834879
1835263
1835333
1835467
1835557
1836031
1836059
1836271
1836479
1836727
1836763
1836811
1837223
1837393
1837489
1837607
1837687
1838141
1838549
1838741
1838923
1839283
1839401
1839913
1839991
1839997
1840331
1840429
1840669
1840711
1840843
1840939
1841291
1841479
1841837
1841923
1841941
1842199
1842263
1842391
1842481
1842641
1842913
1843091
1843169
1843547
1843909
1844153
1844263
1844377
1844537
1844863
1844977
1845161
1845167
1845457
1845499
1845509
1845611
1846067
1846139
1846153
1846261
1846331
1846441
1846609
1847239
1847327
1847341
1847381
1847653
1847831
1847969
1847983
1848193
1848247
1848311
1848577
1848641
1848773
1849051
1849189
1849231
1849279
1849451
1849811
1849877
1850033
1850561
1850941
1851023
1851287
1851359
1851373
1851407
1851463
1851469
1851539
1851643
1851667
1851869
1851919
1852051
1852079
1852163
1852217
1853081
1853177
1853281
1853443
1853447
1853557
1853641
1853939
1854187
1854211
1854299
1854529
1854703
1854851
1854899
1855247
1855517
1855649
1856033
1856237
1856819
1856909
1856963
1857113
1857281
1857407
1857577
1857887
1858033
1858057
1858217
1858279
1858309
1858541
1858631
1858693
1858891
1859009
1859353
1859531
1859843
1860083
1860533
1860647
1860731
1860821
1860979
1861121
1861187
1861309
1861547
1861859
1861927
1862221
1862621
1862711
1862797
1862869
1863479
1863509
1863527
1863581
1863637
1863839
1864043
1864241
1864469
1864517
1864661
1864711
1864979
1865147
1865233
1865419
1865509
1865527
1865569
1865987
1866049
1866223
1866247
1866269
1866517
1866863
1866971
1867013
1867051
1867211
1867213
1867219
1867231
1867783
1867813
1867949
1868533
1868663
1869169
1869389
1869691
1869947
1870079
1870097
1870369
1870411
1870619
1870879
1870927
1871029
1871603
1871641
1871951
1872109
1872239
1872253
1872301
1872389
1872503
1872547
1873133
1873409
1873513
1873517
1873687
1873849
1874417
1874659
1874729
1874819
1874921
1875403
1875449
1875793
1875971
1876129
1876417
1876507
1876697
1877069
1877137
1877209
1877399
1877483
1877683
1877801
1878431
1878839
1879069
1879391
1879421
1879511
1879597
1879807
1880287
1880441
1880689
1880803
1880807
1880849
1880869
1880993
1881277
1881749
1881949
1882009
1882403
1883279
1883369
1883389
1883471
1883611
1883699
1883969
1884193
1884221
1884313
1884427
1884539
1884791
1884793
1884821
1885307
1885321
1885567
1885673
1886081
1886119
1886197
1886317
1886623
1886663
1886777
1886809
1886917
1886999
1887103
1887169
1887307
1887619
1887877
1888063
1888267
1888571
1888793
1888841
1888919
1888979
1889053
1889077
1889143
1889273
1889347
1889383
1889453
1889471
1889477
1889651
1889707
1889761
1889969
1890079
1890257
1890299
1890509
1890521
1890769
1891069
1891111
1891249
1891333
1891489
1891579
1891627
1891711
1891889
1891991
1892057
1892413
1892497
1892503
1892617
1892833
1893049
1893191
1893289
1893317
1893403
1893599
1893719
1893779
1894181
1894307
1894411
1894631
1894691
1894873
1895207
1895249
1895317
1895533
1895623
1896431
1896677
1897087
1897139
1897243
1897667
1898053
1898257
1898549
1898693
1898761
1898921
1899049
1899263
1899311
1899377
1899661
1899797
1900147
1900181
1900253
1900291
1900369
1900499
1901089
1901131
1901209
1901407
1901531
1902107
1902217
1902293
1902389
1902437
1902617
1903081
1903207
1903441
1903483
1903669
1903757
1904011
1904509
1904521
1904587
1904729
1905049
1905359
1905689
1906183
1906271
1906321
1906453
1906477
1906589
1906693
1906699
1906963
1907041
1907449
1907593
1907599
1907797
1907993
1908631
1908749
1909021
1909081
1909087
1909241
1909409
1909429
1909807
1910131
1910269
1910401
1910687
1910869
1910977
1910999
1911017
1911053
1911211
1911347
1911439
1911671
1911929
1912067
1912429
1912481
1912531
1912621
1912681
1912847
1912919
1913017
1913251
1913419
1913473
1913581
1913789
1913833
1913969
1914023
1914469
1914481
1914719
1915031
1915321
1915451
1915471
1915729
1915813
1915961
1916281
1916311
1916339
1916443
1916539
1916689
1916917
1916977
1917101
1917341
1917493
1917541
1917697
1917703
1917893
1917943
1918087
1918429
1918489
1918517
1918537
1918649
1918933
1919123
1919341
1919431
1919471
1919947
1920211
1920257
1920361
1920679
1920769
1920901
1921021
1921069
1921247
1921531
1921681
1921739
1921847
1921849
1922213
1922491
1922507
1922749
1922923
1922983
1923083
1923139
1923281
1923289
1923409
1923443
1923463
1923841
1924217
1924297
1924501
1924547
1924651
1925191
1925359
1925461
1925531
1925719
1925801
1926019
1926053
1926161
1926259
1926329
1926341
1926437
1926439
1926541
1926611
1926707
1926811
1926893
1927007
1927223
1927319
1927333
1927603
1927979
1927997
1928071
1928141
1928323
1928653
1928767
1929043
1929289
1929913
1930351
1930391
1930517
1930801
1930937
1931123
1931273
1931291
1931329
1931383
1931819
1931983
1932001
1932089
1932353
1932397
1932401
1932803
1932841
1933103
1933499
1933523
1933709
1933727
1933747
1934041
1934173
1934377
1934399
1934629
1934689
1934797
1934951
1935149
1935253
1935343
1935509
1936133
1936289
1936357
1936609
1936751
1936777
1937051
1937233
1937329
1937437
1937549
1937659
1938179
1938199
1938577
1938791
1938847
1938971
1939039
1939123
1939141
1939303
1939307
1939363
1939369
1939499
1939541
1939673
1939961
1940123
1940453
1940509
1940747
1940903
1941061
1941193
1941229
1941377
1941469
1941481
1941799
1942099
1942141
1942169
1942361
1942433
1942453
1942543
1942723
1942729
1942909
1943069
1943197
1943209
1943243
1943533
1943629
1943827
1943863
1944079
1944143
1944361
1944499
1944529
1944763
1945337
1945399
1945519
1945597
1945627
1945649
1945711
1945799
1945991
1946059
1946369
1946389
1946473
1946909
1947119
1947227
1947269
1947359
1947487
1947607
1947629
1947731
1947773
1947977
1947997
1948099
1948147
1948301
1948763
1949113
1949539
1949771
1949777
1949887
1950023
1950139
1950227
1950317
1950391
1950623
1950629
1950913
1951099
1951127
1951457
1951459
1951529
1951837
1952089
1952191
1952201
1952551
1952591
1952689
1952911
1953277
1953349
1953503
1953659
1953727
1953811
1953943
1954151
1954159
1954247
1954289
1954391
1954607
1954621
1954627
1954889
1955099
1955251
1955507
1955509
1956179
1956289
1956313
1956991
1957037
1957079
1957121
1957301
1957477
1957583
1957763
1957871
1957903
1958029
1958069
1958249
1958317
1958531
1958687
1958773
1958777
1958861
1959019
1959787
1960141
1960613
1960879
1960909
1960961
1961467
1961489
1961623
1961759
1962091
1962097
1962271
1962347
1962419
1962437
1962523
1962811
1962929
1963111
1963883
1964059
1964411
1964561
1964947
1965427
1965463
1965641
1965883
1966297
1966303
1966387
1966787
1966813
1966901
1966967
1967137
1967263
1967377
1967593
1967759
1968019
1968293
1968569
1969021
1969241
1969511
1969661
1969757
1969993
1970209
1970263
1970333
1970429
1970681
1970959
1971091
1971181
1971479
1971967
1972111
1972249
1972379
1972571
1972739
1972849
1973011
1973233
1973299
1973347
1973369
1973437
1973501
1973507
1973563
1973857
1974229
1974319
1974881
1974883
1975091
1975121
1975387
1975499
1975619
1975901
1976113
1976393
1976593
1976687
1976771
1976791
1976803
1976939
1977301
1977697
1977709
1978159
1978393
1978429
1978591
1978799
1978883
1979039
1979101
1979143
1979189
1979321
1979347
1979543
1979729
1979741
1979947
1980073
1980079
1980343
1980367
1980491
1980659
1980673
1980859
1980907
1981153
1981403
1981649
1981711
1981753
1981883
1982059
1982077
1982437
1982587
1982611
1982839
1982969
1983599
1983649
1983731
1983997
1984013
1984079
1984091
1984309
1984327
1984363
1984709
1985407
1985759
1986037
1986097
1986497
1986899
1987003
1987373
1987481
1987483
1987577
1987649
1987829
1987841
1987889
1988183
1988279
1988297
1988561
1988633
1988851
1988963
1989193
1989643
1989979
1990007
1990069
1990133
1990223
1990447
1990661
1990753
1990867
1991251
1991893
1992227
1992269
1992407
1992469
1992797
1993231
1993307
1993493
1993657
1993877
1994429
1994483
1994647
1994711
1994977
1995107
1995109
1995947
1995967
1996177
1996283
1996289
1996573
1996609
1996681
1996979
1997053
1997101
1997141
1997459
1997657
1997707
1997813
1997969
1998067
1998089
1998223
1998397
1998641
1998793
1998917
1999211
1999297
1999471
1999499
1999651
