516493
1056493
1427383
1885943
3166183
3805183
4241593
6621283
7646953
12912283
17987839
32106493
107152093
120224773
131144473
133210873
139388891
142782877
150326173
155382923
177865819
184081943
227795839
242376877
264174877
270332173
286330981
333374971
388098947
406032373
436164877
455010373
473898977
491315971
495855947
513250093
556978853
695858957
708888799
739194881
759837977
768561881
787266947
790748957
790872881
822919913
836685851
890738911
891032953
892022953
907309903
947875909
955201981
995286977
1061258971
1102033783
1198697957
1253065897
1253105083
1287891901
1321377877
1377545891
1403171173
1428494891
1430240293
1446149933
1451406991
1467855947
1507050073
1565499799
1567917947
1586856863
1606242991
1663757861
1698172871
1714549913
1776186901
1851502897
1854778909
1855202887
1885557977
1896495947
1900327943
1994656967
2028202273
2120741083
2150285887
2202939913
2206192897
2227271887
2234379923
2297196851
2312187923
2314174897
2335451933
2345404981
2393000083
2460048923
2474467819
2514411073
2517252923
2559495919
2612038981
2639816957
2642777861
2647782947
2648664901
2686590947
2701968881
2732322953
2805909919
2809094891
2879414809
2886843977
2939558957
2982536957
3064252943
3070997957
3084512887
3127668881
3156777947
3217858871
3226712933
3230933887
3286737901
3294096881
3358970957
3430751953
3501535943
3509033953
3517793957
3542422981
3628857919
3746654861
3844195871
3866728967
3879662957
3893209909
3974408957
3974453957
3976118911
3977824789
4007471933
4040103583
4057686851
4126243943
4149914891
4167637871
4199561911
4223514991
4267953901
4269837863
4276367957
4339564871
4384148891
4415081933
4501600093
4531786871
4564844957
4566029929
4583588957
4596138947
4642888909
4668593957
4694641871
4713289909
4782626809
4851131953
4895794637
4916833871
4989154789
5011700293
5025996901
5068761881
5083007933
5089820891
5098585909
5190124943
5203031293
5316341971
5362197881
5394365957
5449275901
5472029933
5642510971
5724590891
5735691851
5747174957
5841593861
5855099953
5897589821
5962604839
6007225897
6034811971
6188354911
6218846957
6274646957
6326854871
6377706851
6495444947
6552738947
6662933861
6668923967
6698947337
6739361809
6765697637
6780645901
6793712911
6864375799
6905030887
6926533871
6927000923
6955598537
7001103493
7065655871
7250602897
7368336851
7575417947
7579205957
7630547891
7657960909
7691605871
7829217901
7835057957
7900322953
7988888819
8035204897
8069790919
8148327881
8180784901
8214319943
8380845947
8443020953
8464927789
8470466861
8471642891
8544264881
8560893863
8563383901
8565462901
8586679337
8668254799
8737671799
8877287537
8960738957
8994791537
9045257891
9159147901
9253398799
9289911977
9332667901
9358270819
9363667853
9381606881
9406983863
9426686957
9482733851
9512747911
9591153881
9611708891
9639061871
9663949637
9773180957
9855875537
10043710093
10060907953
10112360473
10116231283
10212593971
10218123073
10240394953
10303631083
10346867911
10393322971
10450561897
10540273943
10630128991
10778324839
10780965851
10814059943
10858338947
10934986967
10943574881
10985952799
10998158957
11003208283
11009100493
11032628953
11084945891
11093224981
11158781839
11204102683
11268593957
11290305991
11350670971
11602705943
11676086809
11726772829
11831558839
12118234897
12178482829
12190759909
12313425953
12359496977
12389550881
12415884881
12419402971
12496343891
12581674871
12621002293
12636558901
12732242953
12853029923
12869802947
12936940871
13051292953
13090604953
13164504877
13217332943
13229586901
13234586891
13237160971
13447197851
13513893881
13641866957
13733595901
13794840947
13945485863
13969821799
14041841971
14182936871
14196885947
14317694957
14485841957
14489008871
14777851789
14800899917
14853049909
14892731911
14896600819
14915904881
14970517819
14973512839
14973817909
15098751901
15140902897
15150012373
15153206953
15195095957
15273984863
15361587947
15445805839
15502050073
15575955947
15653345839
15663914957
15739443901
15776307851
15845166947
15910983947
15923938853
16090619929
16110707887
16133413943
16235376881
16271458871
16319040923
16352645839
16499203871
16608914957
16693017829
16786710851
16806068957
16825346809
16850654861
16874451901
16915009913
17076770911
17082970819
17091105877
17148942901
17174437871
17183861809
17271575861
17329193911
17579106851
17596748537
17627571947
17649947537
17673065957
17713645819
17790236861
17800594871
17826038957
17836217911
17927250829
17956963637
18027130981
18096092957
18102868871
18189705977
18215586901
18344565851
18426902891
18498568337
18642065839
18732860911
18734191871
18754316957
18783008911
18791172947
18808236901
18809522957
18849045977
18859090853
18861564977
18862385957
18874215851
19217784919
19229147911
19251871819
19327193957
19628361947
19736404871
19786934537
19815682967
19827261901
19886474537
20040705073
20212308073
20310485933
20471877851
20511635887
20518737829
20596854919
20597462911
20661919909
20743549909
20757990919
20820470933
20881841891
21000209383
21004061383
21150530083
21156798977
21170137943
21422157877
21490973957
21497732957
21587197967
21606101173
21806928851
21845471839
21957543901
22007624953
22013294971
22040123293
22083512953
22110435073
22244602981
22428880871
22539846799
22656495863
22779552919
22862022877
22863752861
22891490861
22923078881
22940321953
23106407971
23207139913
23254673891
23308042981
23374696789
23517747901
23532818839
23799705947
23835536957
23851875919
23922095891
23925366947
23973812809
24160998863
24234818891
24282558901
24441386891
24462824839
24500128943
24525864901
24649716799
24663642881
24717390829
24780838909
24787543789
24794355977
24843110953
24859314947
24972191957
24972812861
25004253991
25050702953
25052300083
25095146891
25135767901
25192187957
25283973919
25287486947
25361296871
25423349929
25437824861
25559490799
25583084809
25649715799
25713592819
25798794137
25857080957
25881343871
25908354947
25958123911
26262448871
26278698437
26278920947
26402984957
26579477537
27035646829
27078528977
27110659913
27117386809
27126762881
27164478919
27219653957
27229094861
27260963911
27517198789
27596412947
27605667919
27714892967
27836751799
27844613861
27889212863
27984916637
27994297337
28073844901
28096125829
28179360851
28275218911
28333925861
28407437911
28421896967
28537295957
28618290901
28688259437
28804526911
29088107957
29090455871
29238862967
29391583789
29416477967
29443091891
29488569137
29494292957
29563186967
29670996437
29706107839
29713782799
29808008911
29808318977
29831955947
29837412947
29907170861
29927040881
30187674901
30314272897
30384666901
30415622933
30454496861
30584668967
30628285819
30682221923
30753288851
30788868437
30798540901
30926933861
30953771861
30982428947
31024346953
31201400773
31307370923
31333540897
31389253871
31436792911
31619672957
31697625977
31782591901
31783217839
31787250829
31863176861
31865705957
31920521953
32086591871
32172855881
32254567871
32351885861
32360487829
32554782901
32755572947
32788666637
32795974637
32891475863
33110627887
33371015933
33441885901
33449827909
33611956871
33627185957
33689022881
33763259899
33843266911
33960447901
34097467909
34126241971
34140291923
34507358861
34705938863
34723583911
34792430839
34795105819
34824357851
34838720911
34917367789
34954737947
34993016911
35060477839
35085265819
35146894967
35228493851
35312868901
35352528829
35547574967
35654565977
35661518911
35720087891
35743497947
35790550871
35798610919
35870308819
36150738881
36159290809
36183733871
36304668947
36362385947
36475461947
36577331911
36664154861
36801483881
36819412871
36820743881
36903465947
36947836637
36972797237
37037907947
37051888967
37064928863
37149335911
37157486957
37339896437
37374959537
37434258947
37565355977
37570721891
37724648957
37770408947
37774404851
37878080957
37885090909
37944734957
37963731977
38001910943
38030125897
38038436911
38067727967
38175390901
38192628977
38225664901
38261785853
38363576957
38452254829
38475165977
38518194863
38534907863
38606072891
38675741957
38697070967
38747887037
38824415911
38869538237
38893011881
39081951851
39125943947
39160157891
39192444947
39237722861
39376426853
39636715967
39730613891
39849700853
39962345957
40106898851
40284782809
40291637839
40317478871
40394884909
40748436851
40773713891
40779994337
40809383957
40812945829
40853465911
40927453871
40932656861
40942358911
40962068957
40981575799
41226287891
41226963881
41264483891
41267057891
41364538819
41370398957
41384655901
41490728861
41616627881
41664792863
41736344891
41854343891
41974656947
42034351897
42074565881
42099371957
42205190933
42244288871
42251945839
42340697957
42368354911
42387747947
42439247957
42604945819
42657282901
42684704911
42737723911
42821288911
43007002273
43007894957
43097538919
43219607839
43475792957
43560827809
43620200083
43666026829
43679061851
43686252851
43688099537
43828801871
43843076911
43971542957
43993461977
44038880861
44075492957
44170332923
44237002981
44239652861
44343993919
44349146911
44396473853
44435571881
44436954977
44450006933
44462537957
44504828861
44693364977
44755182947
44812941829
44837484947
44907924977
44914101877
44922168947
44948007901
45026149913
45075359899
45252105923
45417735851
45453932861
45480846919
45574533947
45599441957
45759783437
45865232957
45933362957
45972530809
45982813909
46013678861
46044330877
46285045819
46406298863
46419899237
46537591909
46612490839
46770525947
46772055901
46818122891
46896527537
46934243809
47125737947
47217852901
47259053861
47335581901
47354574863
47364970967
47417075957
47481162881
47595101891
47706009919
47710399963
47830981789
47945883437
47968877819
48124040971
48134778947
48149622947
48212214877
48226292911
48278327957
48349954637
48428925947
48533426861
48693451909
48733942967
48788549801
48923275909
49129743977
49150448911
49186987037
49324209919
49339425977
49350641891
49372623851
49375323901
49460682919
49476011891
49598049437
49660631957
49677110911
49781083853
49971045977
49971759821
50147982851
50165873809
50303112193
50438248871
50599344919
50659996337
50687989811
50726960957
50778625967
50825199917
50838152839
50895602861
50971784957
51026937881
51150181981
51219428891
51269769737
51413210083
51423937871
51489058853
51495393977
51502788947
51590111971
51633286871
51688443977
51783264947
51977091799
52357703891
52480993967
52492918909
52564418861
52681626947
52791538853
52800100183
52819989137
52850492809
52866234851
52886948237
52895872637
52901972911
53006892881
53113040083
53145031897
53336201953
53460221953
53484713809
53575683947
53716902881
53862507851
54093626911
54318195901
54364433839
54379830863
54393886637
54427647863
54612203953
54618664909
54644418901
54647489537
54674289737
54780745853
54789693137
54824543957
54845607919
55034303971
55240793911
55274682919
55389297437
55516452829
55614932911
55722297919
55736207911
55762461901
55769964137
55820555911
55861271861
55884081863
55886386337
55967347637
56066996537
56185772957
56186677637
56585015957
56627170819
56648361799
56676324977
56695004911
56853228919
57080456911
57182264809
57186228863
57210585881
57248451851
57308466977
57308826863
57373800829
57634944947
57918254957
57970328957
58035011933
58064247947
58200776861
58242164839
58261386977
58262058851
58473147977
58514372957
58582464947
58656363947
58804038901
59000082877
59081818967
59108173819
59140488863
59187956237
59607233957
59616165799
59651448947
59665072967
59780406799
59922761957
59934484637
59971358537
60066881911
60303623971
60344657809
60379433809
60455156891
60492195901
60672904871
60691472911
60694966637
60695244947
60764381861
60936614861
61006001473
61117776851
61153188829
61338554911
61416908957
61549802957
61577306957
61579125851
61701204991
61828308947
61912673957
61954647947
62057870911
62110160173
62231756891
62311233991
62350961891
62384069899
62493753799
62523962911
62533796957
62536831871
62645048957
62651795957
62813645861
62823716861
63240927881
63245031877
63482448977
63522401953
63575721901
63590406829
63590981957
63715426871
63752064829
63863167789
63874074863
64018980947
64188513901
64194335861
64327864967
64367523901
64564537789
64603962947
64699714637
64744780909
64751694947
64820866853
64894440977
65064694967
65091657977
65101612981
65150025877
65422790809
65512103971
65525773967
65538797237
65688463637
65717051891
65738458637
65926332947
65951342861
66036675799
66344000971
66354416809
66360751819
66382074901
66518162861
66563312891
66610210943
66649829237
66704727919
66722652901
67112856851
67140484871
67189844537
67250466851
67345294967
67558574537
67587445637
67695837137
67701672901
67756718537
67810065881
67827691637
67844005819
67844962637
67856820947
67963450967
68075275909
68096805947
68105187947
68161073839
68183702861
68224643957
68236644799
68277130871
68543214829
68761390967
68779703537
68851611947
68953054789
69232585967
69292080901
69396463637
69457063789
69484153789
69503706851
69592630967
69680767337
69685023977
69726316853
69988243337
70033688957
70300013293
70339671851
70494352871
70651583911
70847481863
70881672863
71100021493
71104252897
71118493871
71136268871
71203351981
71251982861
71380608881
71459193863
71467916957
71469587537
71528804861
71621385881
71636367799
71952778637
72216458861
72241511887
72379132871
72383197967
72408982909
72502881881
72608283901
72693885437
72709365977
72806045891
72904652861
72918472789
73339920947
73371294901
73456314829
73473407957
73640909899
73812344891
73875584537
73915118957
74062938977
74609530871
74654456957
74731068901
74879481437
74905541911
74919640967
74957801957
75046635901
75129217819
75252488957
75286617947
75401877919
75431662871
75437094919
75503357861
75537247909
75572993537
75579756137
75625456789
75675005911
76000073971
76158564947
76223667977
76304905819
76328744957
76338026861
76437815957
76737317957
76911083957
76961425967
76967501957
77229401891
77341605829
77344343809
77389844237
77482434863
77623933967
77648169437
77652215911
77789621537
77909324957
78015327881
78036515861
78626226799
78791133977
79071638957
79185450977
79281658637
79351188947
79483189337
79561109899
79614216901
79641760789
79653633947
79831121891
79907224853
80066372839
80129426891
80148850819
80386987337
80393792957
80394485957
80405204953
80410868809
80533210981
80547452957
80565381851
80623782901
80739481789
80786218967
80871540881
80882270957
81100061173
81149181829
81176943977
81189702851
81280410877
81372696947
81372834901
81411685871
81531863911
81543650891
81558048799
81637365863
81756216947
81812992967
81880325861
81881433901
81912822881
81915087977
82141898957
82202521943
82383701891
82398216799
82554651947
82614184871
82794703909
83117725819
83236328957
83245378967
83269741967
83317184809
83381592799
83408316829
83638231871
83751903947
83833236901
83844931909
83847320957
83983739831
84127927789
84166993637
84302219933
84313398977
84321827809
84322469899
84506156957
84515841947
84547421957
84694641947
84754904957
84807423947
84952408967
85009864967
85012131991
85214348861
85219514911
85269222901
85270586957
85292643977
85384250911
85428587537
85432526911
85653711901
85732365799
85849150909
85872179537
85892585237
85959066437
86193122891
86210985799
86232963799
86333345957
86394867137
86486914637
86507604851
86577369821
86631816977
86777279801
86874635537
87014267861
87023937799
87066481967
87072550819
87079855337
87135084851
87255462799
87428308789
87465938237
87632243911
87656111911
87756315947
87763440977
87821910947
88422371861
88424337977
88475847137
88495345637
88535070851
88631688437
88635903947
88956178037
88990032799
89002908901
89010782911
89109355967
89315564957
89320831819
89554134863
89581199237
89675043947
89849625137
90254168861
90269328977
90392805901
90832799537
90850472957
90860256901
90909626957
90998272637
91137193871
91187710871
91219752901
91293143891
91330835891
91413566957
91438068919
91444099963
91468412911
91475491909
91548422957
91596220819
91786438637
92061439909
92065174871
92077770977
92144958947
92178148967
92209662851
92223980809
92300413943
92807252809
92917623863
92928510947
93028058957
93046935977
93080365871
93259151861
93327267799
93543218957
93670271809
93708165919
93772516909
93872640863
94128419899
94259304901
94309440881
94440775789
94550570911
94564341901
94565893337
94712624957
94841504809
94875887819
95135837957
95234746909
95236087789
95394423799
95403838853
95614762853
95634116861
95716255853
95902811861
95926727537
95960278637
95998406237
96009458957
96066215957
96130644829
96207900829
96308811901
96388230919
96413922901
96472570967
96481600819
96579308537
96804114829
96979039037
97136625919
97145382977
97209313871
97257656537
97317422911
97516452799
97605426977
97713642799
97783303853
97848714437
97881015863
98038251851
98050446947
98060191871
98254303871
98361810851
98435378537
98520753977
98573521789
98662947137
98743486337
98805596237
99043889237
99540503809
99607500901
99700164901
99739483037
99933322967
99989200637
100052474887
100088666911
100185857809
100260203293
100330143373
100439782871
100463848871
100509287839
100510911073
100603670887
100679760901
100732857881
100879718957
101041582981
101064400273
101111173183
101408879899
101423712953
101464015943
101578386799
101782656947
101799350911
101854682957
101953185881
101967452809
102110146093
102200800483
102279336881
102298365901
102300140773
102342031273
102444710887
102491401981
102550416923
103007997947
103171000393
103267301887
103487246809
103507398947
103590555881
103628682901
103691807911
103751007923
103807068881
103886427919
103949697437
103988669831
103996237853
104059761881
104146982809
104195509909
104284003981
104474835851
104543177839
104561918957
104571868789
104628743861
104654039929
104689260947
104772855919
105238950881
105239772901
105281486809
105453905839
105483940819
105497450911
105656148947
105757612819
105761484901
105938878337
105999052967
106011040573
106112111293
106269294863
106710319943
106747588637
106775721947
106878865337
106907009929
107036890871
107113424953
107182674901
107499462947
107550591881
107633826851
107793787337
107866327967
108029294911
108213729919
108355882853
108572930957
108881501891
108882540901
109086812911
109248690977
109342188947
109362594919
109458025871
109488936437
109527385789
109575327863
109649050871
109804728799
109932702829
110065896851
110077971881
110106653971
110130593933
110159401981
110309072971
110369590871
110413553953
110658932861
110709935911
110711797871
110790366881
110996373977
111014500573
111040375981
111128720953
111174288881
111206968819
111504002383
111554854871
111700615981
111726387901
111758324891
111907482829
111913115971
111921888977
111965256947
111966934853
111980685919
112004465887
112042462897
112107381877
112121530093
112252866829
112303222183
112320427943
112342334887
112450081943
112500070183
112632549919
112683285851
112938541819
113192688799
113240651971
113250702953
113656767947
113764765853
113778251861
113830125923
113861796947
113878140829
114060995911
114079184861
114366843901
114509538947
114692928947
114737845967
114760827901
114862476863
115012634953
115053576829
115399610957
115418109923
115796160947
115846632851
115944443809
116385620891
116607317891
116627845967
116642478863
116767131881
116826187853
117053368819
117242658851
117271974977
117314981957
117488650967
117583579637
117609870799
117663268909
117671968637
117747813863
117848361977
117849288437
117925137851
117955611901
118039713829
118046627957
118048806947
118099341901
118459500829
118542374809
118627672789
118638105829
118644072881
118651716901
118718421881
118804284947
118909345967
119291646919
119352486863
119806091957
119912560819
119940804901
119951133829
120027721897
120090501073
120112789913
120117272953
120186498977
120379398947
120380696809
120456737861
120687943967
120754950829
120793962977
121039496957
121557596957
121581557957
121727691947
121764276947
121859887337
121883466977
122166104887
122257656901
122298447977
122311000783
122395495909
122441045933
122584685957
122626188901
122792073829
122840132971
122887486637
123242505877
123393562871
123405738881
123453597919
123686554909
123689624957
123736738967
123915707911
124036763839
124114586891
124124090971
124143594829
124199076863
124377773957
124439652901
124495341881
124676176789
124680761911
124693290901
124753262891
124786151911
124815263891
124834183871
124836641957
124887082909
124912627871
124962367853
125024799973
125292717947
125293437851
125474930957
125918162861
126028488919
126215873911
126369212839
126777621977
126782039899
126801103943
126929433863
126967911947
127125765947
127237658957
127279996037
127350392839
127372374947
127528035881
127528551901
127641821891
127881903977
127910591911
127981521947
128350557901
128358463967
128407752901
128522355881
128542737863
128554073861
128653532911
128744081957
128749844537
128789877809
128960185789
129181683977
129202429913
129226280891
129239077853
129240638861
129282912947
129388528637
129472969337
129502861871
129713324891
129754291967
129875142977
129985814537
130398294919
130412014093
130680894863
130722101173
130811413981
131232145897
131269806947
131273939899
131385474901
131419745861
131524116877
131766291901
131843088901
131870831839
131873661901
132020204383
132033533953
132091775861
132110528887
132111602083
132120175981
132269943919
132344288957
132351847871
132438473861
132524229923
132655670957
132799333967
132863067947
132894500839
132964628957
133087494863
133264419919
133298720809
133371791957
133425465829
133611856871
134102803897
134298417863
134361609919
134458357853
134542950881
134549153861
134613662891
134659130839
134966972537
134973595637
135129972863
135145917947
135200389913
135239592799
135241968863
135242780891
135324582881
135406277911
135465722911
135571227829
135759244967
135839402861
135892615909
136106747957
136113720877
136239262871
136258536977
136458642863
136772621861
136833492863
136947720799
136965628637
137096252861
137262694853
137341545881
137537037851
137618888237
137633436851
137675142901
137743836947
137798291537
137812473901
137931753977
137940162881
138255612829
138344187977
138438474947
138438544967
138491905967
138492223819
138526901861
138545466947
138662554967
138887395037
139089064909
139116283819
139234316891
139289772437
139321009943
139416475853
139624815919
139678528337
139740316871
139805391799
139808015911
140038637839
140208323953
140473310953
140589341911
140667252829
140692136839
140785743799
140900927891
141100645897
141171699917
141205011373
141332044897
141342767809
141360773891
141406520953
141475911881
141531867947
141535547809
141549802871
141731124877
141866801809
142144776901
142237953901
142240895861
142278753919
142359870977
142377327901
142673954957
142753396853
142813673809
142934541829
142939035947
142959051901
142976576537
143143206923
143287716919
143346570881
143470112971
143512298911
143537493863
143542009943
143558364919
143569530851
143718416911
143741021887
143753544901
143818403891
143821178861
143882842967
143973797237
144348682853
144352861819
144392723861
144686076947
144772712957
144832244839
144929652947
145083706871
145096163911
145107479899
145141288871
145289104819
145431358871
145637711809
145676142851
145705554851
145730586977
145750653901
145770357977
145837610911
145916940977
146082491861
146190822881
146359624967
146493184909
146591493947
146709624977
146727643967
146828278637
146863184957
146931376789
147019075871
147083358977
147225937909
147290084911
147707985437
147785205977
147946881437
148020658871
148121756911
148219532861
148262263871
148335663799
148425452957
148490216957
148495569137
148586640947
148698933137
148842724909
149024671819
149268353957
149308407851
149324675957
149482340957
149486103947
149536303871
149576910947
149704353901
149793599873
149880442853
149936583437
150030508981
150378650911
150492676853
150514962881
150609096947
150766493957
150917990957
151000073173
151296171881
151408437881
151585287947
151585772957
151592643901
151641129923
151648533947
151959064967
152002065953
152228507891
152293219909
152322042991
152346756977
152362488977
152379481789
152523957919
152730933881
152786901919
152794337957
152801487851
152852874947
152894128909
152949504919
153028032877
153145175839
153235494851
153262358957
153600098891
153671547863
153740102953
153750198799
153864252901
153914244829
154029408881
154049847947
154370285911
154582520839
154648223911
154717036819
154762703957
154835455967
154878007789
155339365967
155444935853
155572026829
155583553967
155593404947
155595470957
155630493901
155724054881
155738371967
155744621861
155748179537
156086433851
156133943957
156146094901
156229672789
156343692863
156550814911
156999351437
157019643901
157024196957
157089682637
157192026829
157369161919
157434416861
157447044851
157469875037
157614483863
157654008851
157658601977
157713651947
157723644977
157797139337
157806035809
157971033851
157994157437
158019514819
158057562977
158214078851
158296198337
158419585637
158457259637
158519398337
158577383537
158632172911
158835352789
158900388947
159062507861
159070365851
159506823799
159621419899
159688292237
159736041851
159768079811
159964314947
160088754799
160353519919
160425755957
160483415891
160489587437
160645680851
160706438957
160839168947
160853943799
160882703911
160934526901
161088395957
161133953891
161306049923
161335547861
161464371881
161636175947
162105999899
162135925871
162276822901
162279914957
162317156891
162389992337
162439614901
162499875137
162582192901
163251663881
163315717871
163385143819
163409525911
163573047851
163661782789
163777206863
163792417909
163856022829
163898199929
164054346829
164273718799
164404266881
164494380977
164606692909
164627887337
164831944789
164913877637
164939825537
164941181957
164991370909
165070029923
165431246839
165610492819
165665661947
165762611957
165829306967
165859915337
165906228863
165951147799
166032673871
166127685947
166137516851
166159323901
166199917337
166370595947
166407979337
166418433851
166538541919
166735521947
166830387947
166948549037
167117741957
167210970881
167231617871
167238143861
167320876967
167351791967
167364333901
167383223957
167422527851
167425073957
167434759637
167495134967
167575619537
167576268437
167589460637
168212595919
168356684537
168416361947
168562760957
168807588137
168906519737
169060633871
169157003891
169237500881
169273354967
169457198237
169615578437
169761847337
169830204881
170018123953
170066088851
170116584829
170276998337
170323826891
170389421861
170478338957
170683672909
170733918799
170849065789
171233268881
171274292957
171338538799
171495931909
171591354947
171621374891
171652944919
172040796901
172194267799
172328228861
172352663911
172469308789
172533937967
172583550851
172586202829
172610510971
172758005957
172759866137
172818572957
172818807947
172930446851
173012079923
173334544871
173399700977
173555617789
173724977537
173794450789
173939152967
173991615947
174006009913
174243866957
174299581637
174366825947
174499067537
174501593957
174681057919
174920548853
174967340957
175074486947
175196412851
175201756819
175278136853
175518831799
175576348637
175590822863
175603065881
175603377799
175608108901
175672282967
176258594537
176504475799
176572941947
176818578137
176869049237
176948263637
177048034871
177419433977
177432053891
177563731853
177573773537
177626214947
177641644853
177659147537
177662148947
177762097637
177803126861
177861005957
177950051809
178290723977
178317634853
178421745863
178452008957
178474710977
178616015957
178673206909
178761532967
178779184037
178919708237
178998759931
179044008881
179085163853
179328433789
179430636799
179488606337
179514784637
179536711789
179606132809
179715136967
180157805911
180412797919
180466027871
180550894967
180757007861
180780362911
180853843909
180900971957
180934901957
181178562977
181220687861
181367508799
181386511871
181417931911
181444296799
181568418947
181618475957
181632590861
181689021901
182008166839
182059365919
182168081957
182391277853
182483262901
182535632809
182638700809
182688932537
182830439899
182852241829
183255452911
183514219909
183998373137
184113564881
184143564947
184155407911
184494020839
184716801851
185003871881
185004367819
185078539637
185496580637
185505506861
185703924799
185751462977
185901327901
185951614789
185976202967
186368800789
186411806957
186640994537
186669294137
186711177977
186835212947
186917151919
186964161947
187338776237
187447440863
187523292919
187632977237
188021294911
188080538957
188189976809
188194429637
188206324871
188230517861
188744963237
189120738977
189172236919
189178852337
189279285137
189343004839
189407118799
189502533901
189530661919
189596199883
189638368037
190002875891
190006956901
190053647957
190130710897
190235462891
190290474851
190297080851
190456383863
190539447947
190574708957
190646603957
190703834957
191046356911
191092586957
191181293911
191362662851
191373378947
191385414851
191386344977
191437314881
191508385853
191602735871
191998762037
192038342891
192146925977
192459812957
192475750967
192485235799
192579819137
192581153911
192639235967
192644776637
192678782237
192730396909
192742800881
192779320967
192825800957
193297803947
193466381957
193596000881
193604534911
193683317957
193838874137
194132167871
194304393901
194306363957
194339823947
194613690977
194629221851
194656026919
194783504957
194807730919
194809146947
195016751861
195199035947
195422832851
195473451799
195546985037
195718737437
195822705977
195955259831
196041694853
196094299337
196101103897
196112546911
196145504809
196231576967
196277090957
196364452789
196416166909
196430238947
196562073919
196645564637
196713435977
196779219137
196851130871
196912404851
197077242863
197180141891
197222192861
197252829737
197334053911
197503533901
197883239831
197911803799
198057253789
198126960947
198214038851
198284828237
198287048537
198703061861
198715242863
198891212957
198942105863
199003585789
199341180851
199401542861
199421974637
199427720957
199622331851
199824097337
199869569743
200031673943
200051132293
200111034583
200394780829
200500410493
200609738957
200806388911
200814020083
200949335911
200993826919
201045901897
201302492933
201479354861
201596471809
201695091881
201757281881
201866594957
202132610083
202192748809
202641540923
202742945957
202762366871
202857870977
202867532957
203069595919
203132978861
203224901953
203239296901
203280578861
203350424887
203653328839
203691179899
203717580881
203740420943
203928915863
203929356863
204116799917
204176275871
204177726947
204360578911
204581238881
204748460911
204812667947
204874575947
205060522943
205360586861
205413498947
205498685537
205523601923
205555845863
205715767909
205774518799
205991505901
206220704887
206273255891
206375845789
206445357901
206517292871
206749758437
206817088909
206978225957
206987160977
207036953957
207085254829
207328543819
207678441977
207695963537
208169361901
208179680957
208372822871
208660094809
208818955637
208971305861
209048484863
209051340877
209167635977
209335562809
209392062829
209508861977
209552462957
209555743853
209603618911
209603796947
209608195967
209758415957
209957829821
210011913073
210020813083
210051223093
210380241991
210389268919
210458592901
210603830953
210657366851
210727836947
210943755901
211004546887
211042661887
211071243991
211345666871
211470999899
211588803901
212038340953
212088693863
212204092981
212492694977
212686655957
212725727861
212897747537
212971584799
213089698637
213107919919
213142352953
213163846871
213408690829
213507768977
213612667819
214654904809
214790561957
214850356871
214928275909
214974283967
215088404891
215110391933
215130978851
215139506891
215277147851
215331668809
215421233887
215433635839
215489056967
215492334829
215542566901
215691537977
215869586237
215968641947
216041021173
216122314981
216174453829
216192563911
216303049943
216345068809
216439144819
216505320877
216548071819
217002004183
217281265819
217362086957
217773140839
217821990977
217856532799
217876243789
218081870911
218186661799
218880672947
219172648967
219264038911
219435817967
219532946957
219714741947
219792127853
219819320957
220273699907
220496063891
220512108991
220663197851
220741995919
220811324933
220866252881
221058384881
221112644887
221209329923
221216479909
221247276881
221268930829
221421065953
221641794851
221649978437
221772805819
222351983957
222384614839
222479844947
222513997967
222791643901
223073448881
223284527861
223354795967
223616516891
223723548901
223887426947
223947543977
223980880789
224072221897
224072577851
224078567957
224135061923
224202802981
224244050971
224314224877
224316060923
224563283911
224803009903
225227399953
225292815901
225415787957
225493672967
225621597977
225633536809
225730628911
225809622947
225839605967
225893150911
225899033957
226001155981
226083563911
226436333891
226517944789
226898499959
226942190861
226993044919
227282638789
227440583809
227440746851
227458576637
227499591437
227645464789
227651364851
227673382967
227762653967
227839014947
227877742637
228115375819
228134372839
228143553829
228398333957
228461197967
228608181947
228671158909
228819269537
228852430819
229108436911
229172490901
229226566967
229309721911
229482607789
229575506957
229633801819
229826308967
230200201873
230248584901
230275419919
230359477967
231010285943
231115054981
231528667967
231766096909
231778321871
231780904871
231837772909
231909960977
232170955871
232473707911
232644889637
232797510947
232822379899
232845744863
232877605967
232915485799
232916706851
232944125891
232965753947
233193247871
233277722911
233308777789
233486306957
233571650891
233851247957
233866250861
233895773537
233914227881
234006898967
234020829923
234076770901
234122984957
234375308957
234674538947
234762547853
234806763977
234839016901
234847347947
235005686957
235246675967
235278315851
235305121897
235422557861
235569325853
235581207881
235825253957
235863942947
235923357863
236041457891
236108925901
236384689337
236508902957
236563356977
236575749437
236764070957
236815722901
236866776137
236991949037
237035948957
237036590957
237069422809
237195697337
237227524871
237426693947
237616560901
237718042819
237894043967
238019808919
238057528789
238095345977
238193896337
238425360881
238737410809
238774367537
238855090853
238973384537
239004828901
239079970637
239397011957
239648961437
239661381977
239681855537
239847808337
239926022957
240417368911
240616210897
240678759437
240896980637
240966238967
241226990957
241272376819
241377771799
241422988909
241439245871
241597567637
241815487789
241901502877
242184518809
242265902891
242340944891
242386073861
242435654861
242515881851
243141430897
243155408891
243278413871
243376353947
243384618977
243387843947
243432368957
243463856957
243524277851
243599695037
243622221923
243727191901
243750918799
243762951977
243829104829
243901368901
243989373437
244138154839
244283615861
244303784957
244591385957
244661737909
244788333947
244818856637
244859215967
245044130971
245071202953
245119563947
245138058901
245185663909
245256961909
245348643919
245559505909
245622921881
246014864957
246083622881
246287016947
246318830911
246923472863
247365543977
247574038967
247676134967
247824435799
247868760437
248054683909
248076206957
248126490947
248336671853
248391384947
248506645789
248607067789
248763992237
248853280789
249141955967
249184605863
249223391957
249337977137
249590610901
249638818337
249654839831
249672505967
249809784137
249844072967
249994344437
250129009903
250350403981
250362797957
250451610923
250670807861
250772604881
250821895967
250839374957
250971263957
251044995977
251061917891
251198171911
251297806789
251319473957
251375920819
251439235819
251454218839
251663822957
251723970947
251748293957
251774376947
251967874337
252058752947
252255842911
252493708967
252552774863
252590801891
252655640911
252682752799
252710387911
252738825947
252917514901
253117031887
253184903861
253252607891
253276565957
253470629899
253539017911
253584095957
253609296947
253765170947
253810098947
254206697957
254468250947
254470715809
254665969037
254848503799
254976096437
255062991977
255086536909
255205427839
255234776957
255293801957
255321103897
255482715977
255512186911
255623881967
256071748789
256119156851
256136424829
256319717957
256403964863
256692910853
256887069821
256986817037
257062074881
257167213819
257174901901
257382841853
257513835863
257744398337
257758132909
257903267957
258028314829
258604352957
258810118871
259043336957
259170183851
259218215957
259257108863
259514080871
259681504967
259851621863
260017106887
260136176891
260260114943
260406102991
260489506789
260642960957
260647181957
260662794947
260671382957
260675754947
260684129899
260852962967
260856785537
261066846919
261150997967
261234934819
261293377853
261480784909
261489568337
261522230887
261527109919
261659723957
261677114861
261684152809
261750273881
261768524957
261784378637
261811278851
262125891901
262133133923
262177428977
262344889637
262403755819
262436048911
262536341891
262573491799
262694571947
262803956957
262882161947
262977430909
263006393891
263229047911
263353683863
263442348947
263528489537
263580781967
263594300839
263607531829
263628875537
263816355799
263867497037
263961107957
264070391839
264216815809
264261093829
264369811967
264417367789
264641453861
264667136957
264702357851
265063355911
265139338967
265337253901
265792271957
265914741977
265952730863
265995336437
266007780901
266250882977
266400798947
266430813829
266743224851
266760017861
266794751537
266797154537
266850166789
266947997843
266962493537
267178270967
267357207863
267570279737
267608837537
267741072901
268079111957
268106936957
268170191911
268335265853
268371346909
268384234967
268623431911
268679256137
268701723947
268713264977
268823179637
268830503911
269066786237
269078567237
269233880957
269384388137
269423275789
269894777843
269923384637
269933351957
270003131173
270103036897
270248764789
270276273901
270319845977
270457008881
271077075947
271144040887
271299079637
271306466957
271485841789
271669803947
271706813957
271811546911
271823741911
271873293947
271887251957
271971965537
272055138829
272086721861
272112954829
272279400881
272407728863
272543703881
272598536537
272786202901
273023988947
273261409909
273282470861
273355037861
273378424789
273409491863
273649251977
273682032829
273688871237
273790112891
273823136957
273837302911
273910680947
274100063971
274101767861
274168166957
274169240809
274344604819
274388208947
274525414871
274590699137
274651145957
274887662237
275064754967
275562440957
275704672909
275824322861
276249495437
276652134947
276721307809
276788605337
276984718037
277070126891
277175361863
277208328863
277420490957
277435048853
277458405947
277512727909
277638158537
277693480637
277717317947
277761114947
277764602957
277891042789
278082577637
278148395537
278221349899
278281923947
278913014911
278957462237
279070191947
279332670977
279440807957
279803424863
279893199959
279910776437
279931944437
279979303337
280194137911
280224683957
280318782977
280413109943
280666491947
280756517957
280785638537
280807740947
280809105881
280872294947
280948040809
280992858137
280998698843
281074167851
281260764901
281351369899
281366252809
281409615901
281544887537
281795583437
281825601881
281960433851
282000929929
282013928957
282171912881
282348086957
282365175919
282456606977
282505543819
282728544947
282744119899
282824571977
282954213851
283042157891
283064187799
283085114891
283200513877
283402681819
283612722829
283746394637
283781150911
283945005901
284054238851
284248137799
284357317967
284360277919
284730830809
284738239637
284756860637
284897770037
284955484337
285199628237
285316663967
285332622881
285423935957
285696194237
285699237137
286310445829
286691112901
286730303891
286761021881
286837336637
286846860437
286908944237
286911070819
287130793909
287162832799
287192034851
287303660911
287312292851
287444675537
287495015957
287510157901
287520281957
287725731947
287831055977
287847442637
287886146237
288003247871
288096321977
288347484437
288501660901
288642055789
288813410861
288826313957
288877331537
289272122809
289411285789
289525126853
289537556237
289550115947
289640141911
289645933337
289977217037
289986251237
289992858833
290024430877
290132967863
290364097853
290417255861
290424833957
290868101957
290869100861
291084566957
291284436977
291417456919
291429170911
291528417919
291669926237
291759369137
291810643819
291945127909
292028741911
292095589337
292151409919
292283627957
292552898237
292692240947
292723836947
292871043851
292975653437
293025573947
293033591861
293073962957
293084168957
293276218789
293504694947
293538254957
293647202809
293674431977
293994286037
294009654919
294084168947
294104806819
294258504919
294331652861
294446783537
294449086637
294478110947
294586020851
294822733967
294866140967
295033382911
295208879237
295228774637
295311874789
295482235967
295640445977
295642341851
295735666337
295919202919
296194341977
296207241829
296310561829
296319389237
296326417789
296393956037
296440933909
296496501947
296820232871
296864786819
297008842789
297277402909
297362163799
297544550957
297548930537
297671366537
297801209899
297804992237
297818050967
298003964957
298084646537
298340530871
298376121863
298380028909
298390558337
298478812337
298631478437
298780725437
299016138977
299028453947
299333344853
299511993437
299626628237
299710897037
299730604909
299978852843
300043824923
300599094919
300902988977
301115253991
301230492923
301341182953
301445726839
301527294881
301543467881
301620210373
301625312953
301631478881
301639978637
301757246911
302069165891
302299917947
302400739943
302525684957
302537982863
302765561957
302853931871
303187335881
303189108829
303342656891
303471944861
304136573891
304199086853
304234847911
304246935851
304284380891
304408737851
304504863881
304559215819
304653228829
304706185871
304911683809
304917822851
304931942911
305010555877
305046591881
305078255957
305184527957
305229174881
305565514819
305780234891
305927343901
305994162977
306336393851
306352824881
306549224911
306665472977
306713398853
306970772957
307047580871
307121799973
307191355819
307192408871
307223828911
307646324911
307682532851
307926072901
308164347851
308182791799
308193835853
308247360829
308292506861
308439192977
308462085947
308768018957
309048717863
309108954799
309149940919
309192664789
309193154911
309254567957
309360009923
309381798437
309475507853
309583774637
309634726789
309779462537
309801625871
309852625967
309855650957
309937401901
310012216273
310030432093
310200174073
310570059923
310717758863
310828316891
310879273909
311004715897
311109051991
311114470943
311128943891
311224721953
311262747881
311306786911
311315558839
311384471891
311389514861
311427684901
311650016933
311719734901
311917391809
311931231877
311968372909
312001181083
312039665957
312048864851
312374825911
312569644853
312713935871
312757545977
313269813947
313315791881
313448534911
313590390881
313645079899
313768053947
313926474863
314034062971
314140003273
314157708901
314404763891
314618088977
314648135911
314655873947
314762949737
315018495901
315021031093
315055102981
315162114877
315166731829
315171782911
315332936911
315555277789
315637601891
315707631829
315715595957
315741672901
315778136957
315804824861
315874250911
315954148967
315982223861
316129093871
316142122943
316161816881
316204025887
316490575909
316543452829
316687261789
316850463851
316851345851
316896232967
316951550911
317114198861
317201152897
317374717853
317593242947
317776159637
317977184537
318043739899
318046755977
318094455799
318133409929
318143677853
318205785977
318337383799
318365077967
318624503839
318706007839
318765262789
319142838799
319219924909
319230915881
319446332911
319457768237
319553063861
319716581957
319838725637
320150903971
320195471839
320278098799
320304182971
320439338911
320641800923
320913843881
320979137957
321101978891
321170049913
321386724947
321405007897
321536668909
321562628861
321859422947
321887613799
322183845947
322254368861
322333467881
322339770901
322597875437
322635851809
322756730911
322777092919
322853872853
322864146947
322943903809
323001453953
323339724901
323365811891
323424498977
323565092861
323654262829
323700504877
323812682861
324069604819
324081783947
324311983819
324604483871
324632868947
324689160977
324769069637
324986217947
325029393901
325533297919
325665850967
325984990337
326046288977
326064483947
326068528967
326081672911
326089103891
326225628851
326268090901
326311221953
326584481957
326604011887
326646422911
326874344957
326970471977
327147494957
327149234809
327280903871
327290450891
327301736891
327311220991
327334874957
327339602809
327906053861
328107753851
328113885863
328308470911
328310042887
328429173977
328444047851
328444725799
328814463863
328819612789
328869210863
328955276537
329045642911
329220375881
329396314789
329590106957
329690146967
329698021853
329874709337
329881316957
329901624901
330048198901
330323975911
330648350891
330819264851
331131498829
331220415991
331446963863
331489799939
331622209943
331661685863
331712387957
331747319899
331817534911
331869862637
331904726911
331925209909
331954687637
331978474637
331986417947
332044837871
332091936851
332135070877
332272009903
332355570881
332646438977
332669193947
332886110891
332950437851
333033900923
333035756957
333049266947
333121441943
333130227877
333157338947
333239506819
333256634911
333285404839
333336732829
333446290871
333518879537
333597782537
333646941863
333868589801
333928965437
333944064851
334105857851
334196144911
334491434911
334507604891
334558732789
334560784967
334803567799
334844915957
334863621947
334947640967
334957542947
334979664137
335261291891
335504763851
335937306919
336068283977
336068957537
336285702947
336424644851
336441960851
336660092809
337162863977
337174167919
337228483789
337380047861
337436280901
337472394947
337646434967
338204952947
338368758137
338531553901
339094398437
339263643799
339279439337
339314742947
339482831957
339492500957
339731383967
339752759831
339981293537
340043469919
340288995437
340331315971
340406022991
340449755957
340521312953
340624476901
340704221887
340935137861
341274964909
341284791863
341317971947
341517357901
341893940957
342007061887
342115983851
342124577911
342131004073
342133241953
342264743809
342327089899
342363684977
342419925977
342563633861
342586812977
343153771871
343603296851
343882644947
343965190909
344157361819
344329645853
344335847957
344361918863
344531966957
344533765909
344693402957
344697312863
344745800957
344827323851
344848072967
345124894967
345224048891
345861720851
346064935967
346122927901
346305921881
346660614851
346739121851
346740335911
346759098137
346863550853
346885345637
347152674863
347264208947
347478955037
347598833237
347633989037
347723270957
347745122911
347808669821
348160661911
348239070901
348346857437
348364274957
348463431947
348501396977
348698789743
348874079831
349008971957
349164375947
349258121911
349416488537
349434328853
349567033789
349805067947
349849640537
349880991137
350084994947
350578521901
350707169899
350720039933
350780468957
350873077967
351494661799
351592771909
351606544871
351779018957
351818283799
351844451957
351846597437
351899158337
351984389831
352217399953
352221566891
352558869137
352652763919
353049961853
353301696901
353490902911
353556250871
353611392881
353845543967
353848998809
353916238789
353939487137
353993339537
354146234839
354183722911
354303009913
354370963909
354461666957
354554999801
354764524853
354963065957
354997677809
355051277957
355083981947
355182968537
355521506839
355611982853
355629135863
355686680537
356016099917
356063427901
356155037957
356434716863
356542473799
356671658537
356902290947
356982637337
357064217911
357100700953
357347046799
357399707237
357663163789
357710871799
357818117957
357862514957
357886334537
357925802957
358206192901
358364442977
358418043947
358434677537
358515148967
358903354967
358904868137
359258827337
359385824537
359427598037
359693575037
359778182237
359797394819
359809001809
360238265809
360455944967
360540657901
360673713947
360758050819
360806274947
360928524919
361031885861
361049265851
361279624967
361291714871
361398280853
361920617911
361989490337
362129959637
362182328957
362280582901
362285136901
362370498947
362384420891
362790119899
362826800911
362873632789
363103288819
363163217839
363207507881
363353363809
363438422957
363490803947
363929011871
364073408957
364280463947
364357706957
364626522851
364641054829
364705966637
364726775537
364821701891
364845459437
364855087637
364918410947
365128338919
365150195957
365186253799
365407948637
365532953957
365913807947
365945301901
366107283851
366420595909
366626812967
366893121799
367199353637
367294261853
367367529437
367506043871
367518494537
367707368537
367783160957
368006363957
368101527881
368265210829
368516769821
368602663789
368931570947
368970980237
369017900957
369029740789
369375717437
369405912919
369581839811
369624631967
369738780137
369806012861
369842142799
369872155637
369953780237
370082956909
370179488537
370533578957
370620971911
370790654957
370851528863
370894540967
371138962967
371412558851
371760273901
371779105967
371974801789
372029147957
372073551881
372083728853
372333182891
372390859637
372458015957
372489111947
372596300911
372639354947
372665516957
372813381851
373017345829
373052646947
373095044957
373114678967
373169411957
373224690901
373260663851
373299612947
373358911967
373418975537
373645624789
373858060789
373918351909
373949605637
373998879733
374091134891
374225362871
374452313839
374544366947
374953630967
375097441909
375116426911
375167773637
375259146947
375315632911
375363199637
375709885037
376045332829
376130109923
376165761947
376410542891
376413683957
376728201901
376815782537
376941423863
376995710537
377099697809
377188125947
377312715947
377653432789
377809230977
378016699337
378037500829
378046912909
378080915957
378155370863
378244561967
378285482537
378433480967
378474690437
378564303863
378930640789
379048130911
379073379437
379190931947
379204537967
379622812909
379699009037
379732359437
379860946037
379976088809
380117291839
380412474881
380508704911
380715064819
380803764799
380825482853
380979309437
380990164909
381030768851
381173921809
381195653957
381308427901
381374800819
381749314853
381789033947
381958932437
381970398437
382274414861
382351782863
382445347789
382445640947
382456093909
382483133861
382710471881
382725503911
382777100861
382825459637
383036507911
383335065851
383521344881
383669303957
383671152901
383890334957
384165094967
384636886037
384801152891
384868159811
385024561819
385037431871
385227018947
385426221881
385469023853
385590156947
385732246789
385962555437
386108428967
386165047909
386220444829
386223665957
386433615977
386525304947
386587901537
386862373637
386867973809
387005903957
387090412871
387258297137
387322613957
387390668237
387425133947
387571254947
387805475537
387899221337
387906070967
387923016799
388073040829
388120297909
388308767237
388324470977
388404732977
388584934037
388666374137
388718246537
389025860957
389051123891
389066523947
389177696819
389226123851
389295999733
389563422947
389601572957
389632882337
390034196957
390426118871
390544332881
390688466237
391105220953
391370165957
391382941967
391425672919
391471128901
392311637911
392334552901
392468376437
392478002911
392488229537
392711117839
392713564853
392824676537
392922597437
393105454871
393122767853
393223992947
393265175957
393272315861
393570108947
393731266853
393745783337
393786111799
393931422947
394015626947
394511264911
394604018911
394663713947
394828000871
395302905901
395461700957
395508136909
395518503977
395611566947
395705343919
396070191901
396503283863
396857567819
397140280819
397219378337
397865328137
397901131871
397916456237
398034313819
398095340957
398182736537
398413776437
398858929951
398941240909
399342505909
399348490337
399443602967
399955183037
400209431887
400549580957
400602361981
400618814891
400904278871
401125883891
401308331887
401324774891
401486306839
401671758863
401694483919
401809631891
401835496967
402160082971
402769949237
402780481819
402881912911
402956054957
402968032871
403179394853
403232967947
403244918957
403709642957
403742294957
404186280881
404209494901
404269226957
404362744871
404543951957
404654480861
404677516909
404704203877
404819456957
405075542891
405153468901
405207591829
405296760919
405528353957
405701960891
406082766799
406249078789
406285143829
406409181881
406426217891
406462185901
406471325839
406574796437
406614266911
406693470919
406711002991
406879288037
407475473957
407751327901
407861117957
407878485137
407991523789
408248977337
408532541891
408570164809
408727586537
408918394637
409077162947
409240358861
409600647851
409986767819
410548307839
410750078839
410937541871
411096834901
411157718809
411239563871
411323162953
411560301991
411675476957
411788024957
411991673957
412020035173
412177167851
412285623881
412582734901
412590652819
412753854977
412767915947
412780635851
412877497337
413192660891
413247927977
413344436839
413532212971
413567275853
413662660871
413674803901
414134757901
414282629899
414330179929
414869217947
415575008861
415709550901
416029566863
416071575901
416317607911
416404257881
416422962947
416648729537
416946321901
417041717891
417120710887
417144002971
417186705977
417260598947
417350572819
417440745947
417507797537
417586766237
417729032911
417809945537
417919046957
417962032819
418113609919
418184436863
418442740819
418445758637
418498367237
418563978137
418755451909
419090069899
419162435911
419475621919
419591244977
419599744037
419628046853
419640147947
419655688037
419724706909
419777557037
419921535919
419926871537
420396433819
420408546829
420606806839
420713024887
420747637789
421117668901
421462418891
421558261819
421593864947
421737906977
421771802891
421853823851
422120006083
422321205953
422328453881
422330162953
422547505871
422572616911
422655435901
422691426851
422752686947
422847264799
422953428977
422980780853
422995431977
423019770881
423108957919
423370553891
423497334863
423602657861
423675414901
423686854637
423705945799
423800780839
423919006871
424053498919
424194135881
424196801957
424387594637
424490643947
424533454819
424587504799
424675751957
424713991789
424742638909
424755446957
424788160967
424977411799
425017938977
425053497863
425156973947
425415840881
425714368789
425728920919
425818035901
425922277789
426173940851
426316791863
426517854947
426538534789
426597937037
426605670947
426612608861
426802095851
426848389811
426896263637
427254435851
427335926957
427395381947
427571385947
427602588947
427615737947
427642295957
427831979831
428099133799
428216643947
428241298853
428334290809
428483113871
428584202861
428663415977
428700815911
428857420909
429067336967
429073460911
429077114861
429339920957
429423325871
429642341911
429666816437
429704862947
429757681337
430067706829
430169324891
430368605861
430840195871
430905299953
430910510971
431154948799
431157336829
431567055901
431614957789
431732934851
431911773901
431974766537
432099522947
432145957853
432226736861
432302450971
432324597919
432575852957
432704915861
432729807947
432755734967
432968860637
433074771851
433097207911
433179336977
433299254957
433312016887
433781535919
434043257891
434174625901
434384402891
434601839899
434815962947
434816563967
435032298947
435077042891
435440039929
435679024789
435899356037
436057018819
436119466967
436244607901
436391965637
436456502957
436497878819
436573298537
436653161911
436710816947
436724545853
436782460967
436901534957
437151852947
437191047851
437242077901
437250608957
437454985337
437516081809
437601246829
437682489137
437738489801
438280621871
438792222919
438945445637
439181373977
439322367863
439626002839
439811076977
439845184637
440129994947
440334744881
440520129913
440545497947
440669038967
440705258911
440736467957
440757222881
440785369637
440828117911
441159258977
441675252901
441771720881
441917502881
442295087957
442680664967
442689565337
443071493861
443091255881
443113611923
443342556901
443420636839
443540754851
443623694957
443628228863
443748784337
443768933537
443943695537
443973640853
443979095237
444034103971
444061466809
444174207881
444186779237
444258504947
444420113887
444425913947
444479653637
444854204911
444881412901
444949701947
445270467919
445303022953
445541702891
445585826537
445906160911
446099667137
446204487863
446622281957
447075324901
447177363947
447275706947
447281724863
447338614967
447439790537
447449780537
447627866237
447891250967
447963900947
447984709811
448024908977
448212038891
448360984637
448461215957
448514760919
448559204957
448581598037
448675032863
448851231901
448880348537
448940291957
449012292881
449050365947
449423536789
449472515957
450058327871
450138595789
450160888909
450266328851
450460158881
450491907799
450604566901
450793533863
450892856537
451012261897
451122062971
451194448909
451444558967
451590825799
451598910947
451712804839
451967665337
452164396967
452211974861
452368022891
452426813957
452445624901
452543337901
452712020953
452731813871
453240486851
453290543957
453439308799
453524689637
453562068977
453795085637
453821692967
453875591537
453934044947
453997336337
454291332829
454408663789
454429142861
454455993437
454607348957
454643979137
454680503911
454756320901
454798031957
455091317809
455111276839
455157333901
455170517911
455387736437
455441417861
455524771789
456072489737
456402932957
456409904957
456792539831
456817569821
456845142977
457218072851
457864484237
457884907037
458162582957
458184486437
458256302957
458470605863
458502528863
458693466137
459038172799
459196011947
459272502901
459408973337
459421194863
459444237947
459471060901
459638597819
459681377237
459711116957
459739450637
459752008909
459830232947
460065456901
460373183957
460470384851
460488728537
460576212829
460587895037
460786406957
460819927637
460832178977
461382804947
461400440887
461429071871
461460110971
461498456537
461506656977
461573292977
461868034909
461997901637
462111215887
462315762901
462621524891
462811557863
462849420919
462936604789
462952675637
463191921851
463406724901
463578402799
463885043957
464059070809
464225616851
464342737853
464405943977
464411694863
464617430911
464679425537
464818171967
465245464909
465246455957
465655555637
465794920637
465800987537
465964381637
466094895137
466372430861
466398632537
466792051853
467032648967
467134473977
467161215881
467256297437
467275636637
467276351957
467561387537
467693807237
468164472947
468229163957
468231933919
468588823037
468595497809
468628501853
468813423977
468880971137
468943016957
469251256909
469343189537
469738371437
469834843337
470073086911
470238080891
470269320881
470534525911
470541766789
470587439537
470694682637
471076275799
471394080947
471407407871
471441364819
471862040891
471869113789
471989509037
472251644861
472336836947
472363554919
472714808957
472911825977
472917622909
472932679337
472993468037
473023485901
473092514957
473099206967
473142894947
473242656863
473362970957
473426133881
473451384799
473654548637
473677688819
473688055637
473751469637
473905788137
473974729037
474073843853
474213676967
474242373851
474349512799
474861450799
474981720947
475120870871
475123806947
475306628957
475375080977
475481442977
475601345911
475720083901
475885456037
476143830901
476327811977
476362805957
476434431901
476542086947
476880512957
477055748537
477115550911
477168299939
477245210839
477354253967
477449185337
477513006881
477560949821
477842043799
478092420851
478121651957
478126444909
478484470637
478508448437
478895182037
479113334911
479244907637
479798350037
479910570947
480125776789
480326147957
480485055977
480651675947
480859570637
481335367967
481335462851
481381862957
481415789537
481562351861
481624604861
481773604789
481818336947
482038324871
482229067909
482334375977
482466295637
482528204861
482738726537
482740207871
483013853957
483124491851
483340534819
483562610911
483665220851
483833559437
484303615871
484494024799
484501613891
484850327957
485241433819
485403318901
485600840861
485985038237
486157035799
486428564537
486702165799
486702768437
487129198337
487432401881
487645174637
487727099939
487858676843
487986630137
488011950851
488014118957
488049737237
488252160901
488403274967
488487661037
488501208901
488781179801
488794129037
488896791833
488931020911
489007250957
489130154911
489242571947
489269100919
489283664237
489318368237
489335286437
489513064967
489526228637
490019917967
490266410891
490651139899
490953378437
490973622947
491080714871
491287097537
491504625851
491587122863
491633036809
491679327437
491849263637
491988224537
492122866789
492329331947
492350980789
492516255799
492661929437
492734310881
492793471637
493027836947
493044438919
493402235839
493616688137
493692727337
493892400977
494094138947
494102493901
494176170799
494220585799
494285034977
494582205977
494607308957
494723435957
494749848809
494910947537
494952198137
495058211861
495120992957
495190061911
495398282237
495454262957
495457264637
495654322789
495727041863
495955509821
496011507881
496090994237
496200175871
496257547337
496283061863
496572753437
496618855037
496667264237
496990519811
497061150829
497230236851
497403125809
497436088337
497774783819
497873120957
497982147137
498249853037
498412251901
498712277537
499074639821
499274834237
499614330977
500030222383
500162588911
500289386957
500774457919
501258158809
501263728871
501275892919
501575813861
501965081809
502175384957
502197712871
502207799953
502301919923
502353768799
502486452851
502592826863
502968948137
503408110943
503500044991
503565416911
503576252911
503784077957
504093347809
504214880839
504295854947
504334835957
504362348911
504815854789
505054572881
505092049909
505357392977
505698600863
505876500901
506055663947
506084353871
506089279637
506286630901
506295606799
506298622789
506524594967
506672661799
506762721947
506816680967
506825910901
506882598137
506895347537
506909132809
506943937637
507072867947
507091377977
507105194839
507325169899
507393930863
507576667337
507670043891
507774450977
507809335853
508131258881
508186812799
508191236911
508713705901
508725877337
508760027957
508967041789
508978014947
509115048881
509230379899
509260814957
509370147851
509390086967
509406452861
509423081891
509662313861
509715066799
509799935819
509875745237
510159734911
510287493977
510365658799
510391953901
510562428829
510799317947
511092871819
511106063933
511169673799
511187978537
511463763851
512027836871
512143977977
512165591957
512454057881
512583538967
512620222897
512871989831
513167191871
513173012971
513495711947
513535881863
513680444957
513710764871
513812534839
514255723819
514357951909
514450728947
514553692967
514555605901
514714266901
514851614957
514862441809
514908446957
514927724957
514935207851
514954893437
515144319919
515227941901
515370671911
515488400957
515649838337
515657355947
516251121877
516257504911
516295903789
516404825957
516405804881
516569611967
516828213901
516855723947
516859990037
516897290537
517009288967
517252541891
517304633891
517655073919
517739690537
517752340871
517773302957
517838118947
518016658853
518248539737
518420355881
518550353809
518912646947
519127404881
519149330911
519160920881
519190811911
519246018947
519337887137
519549431957
519550641851
519734263967
519897509801
520408664861
520585425851
520692450829
520718750957
520774536977
520922952947
520951182881
520984062901
521043700897
522040641877
522125783957
522293448977
522296243957
522365543957
522563315891
522569151901
522676264853
522798123919
523038298967
523329515861
523469250947
523562841947
523621277911
523655554909
523676953637
523704652819
524304491839
524496547637
524615891957
524880824957
525082486967
525336618977
525448883537
525659748137
525791051861
525821703881
525923743853
525943397537
525981865337
526032858863
526384570967
526586518637
526724760977
526817712977
526849660637
527090372911
527147995337
527386759811
527652681947
528097199237
528126215891
528258809537
528262951967
528308150891
528362698337
528374208799
528436372967
528450357977
528561510881
528582221957
528682595237
528732333901
529313067947
529347261977
529406091901
529755439337
530109059929
530509734901
530521323923
530589781637
530615642891
530704376861
530803806829
531000161173
531170675957
531622907911
531935919737
531973615853
532307456809
532326084881
532403955851
532533245891
532631696957
532777377437
532942341829
533012145877
533308695947
533394404911
533430024877
533568060901
533599842437
534076716799
534461066809
534653530819
534780185957
534810077957
535142642891
535440704891
535521653911
535613178977
535626035957
536093052881
536451524911
536652471863
536657366537
537174580853
537197071967
537243285919
537357534947
537420932861
537431335871
537474766337
537900083957
537939975809
537969029831
537981874037
538261640957
538284111829
538288264637
538333672909
538470323957
538601351839
538874458037
539094778037
539133561947
539169775037
539305900871
539315654957
539423096957
539448409637
539582782337
540199462853
540272870861
540476503871
540572652947
540934483909
541158655909
541183523891
541231088891
541364934919
541368431911
541430050897
541649992337
541861155947
541918824947
541948812947
542039693957
542163168947
542345872853
542464267853
542562483919
542664545957
542688030901
542710790911
542808195947
543037634809
543043773901
543048264901
543122575871
543315019913
543333747863
543370248901
543947644637
544259830967
544360733957
544503248911
544570155947
544721921911
544780882637
544979301947
545035922911
545417817947
545597131789
545603354911
545954013901
546055438967
546076800851
546203695853
546317505901
546387607637
546408440861
546481050881
546639403789
546700740829
546756016789
546834370967
547053703871
547139721977
547324482977
547721045957
547767903437
547785812537
547956374237
548121077957
548441393957
548504095967
548506160861
548703413809
548863142957
549136033871
549200965909
549212683853
549425962637
549441323957
549803115947
550003976861
550258447789
550282990967
550290480829
550292461871
550693949831
550702772957
550761763967
551285330891
551312994863
551365028861
551714922851
552337186909
552713417957
552844340809
552879249137
553340834911
553407368957
553431667967
553450056829
554127817853
554232816947
554352711881
554395018909
554538390947
554648260853
554685706637
554907479237
554944023901
555191716967
555236715799
555524280851
555873870437
556090536863
556152746957
556197725537
556205226881
556487639801
556503380861
556520415881
556651388537
556657016957
556729741637
557066402911
557121120877
557204737909
557354991437
557463488237
557710482799
557811260861
557855365337
557865996833
557982280637
557982436337
558210195947
558510164911
558931484537
559148180957
559162337957
559503562789
559526431967
559903062863
559952273537
560082066829
560282408911
560292861977
560630624891
560689672337
561056448863
561137791789
561145262891
561393327799
561444907853
561455569637
561472038851
561494694437
561559152799
561756679811
561951965537
562119048947
562333165871
562390073957
562480816967
562488067637
562613174957
562717299437
562850545967
562943589137
563379200809
563388222863
563703354901
563928981137
563934060947
564204960947
564337304911
564356430851
564454371799
564478404947
564484027853
564594231977
564702191957
564707240957
564735994037
564903733789
565037256799
565353224861
565684020851
565732417909
565966784819
566616042901
567044767637
567049311901
567238834637
567504360947
567706494437
567882516437
568062070871
568064601851
568207502809
568261053851
568283585237
568479959743
568578593819
568629343637
568826330957
568919082437
569078277137
569175520789
569250630901
569273018957
569413758437
569842558037
569862399959
569939358809
570075083957
570318048851
570336796637
570595154957
570629706947
570700715891
570752153957
570803325881
570808346957
571271286799
571372124891
571571550947
571620482809
571626842957
571679902637
571690363967
571768104977
571956617537
572046335911
572383114871
572405453911
572444232881
572534423809
572601794957
572894230967
573051921881
573325572977
573348018977
573385235957
573404352881
573736329737
573768974819
574144227901
574163753957
574205417861
574409471957
574549661537
574643046863
574686768809
574766089811
575041188977
575297608337
575437224863
576060390947
576094867037
576722534957
576769458809
577207038977
577761231919
577805125967
577870140977
577872626237
577940554637
578056810789
578317032851
578922143957
579017256947
579034506977
579224502947
579424198337
579630252977
579641874137
579703872437
579800398337
579891723137
579913242947
580075316861
580178352977
580312835957
580371682853
580426332881
580477998809
580702959737
580747269437
580786521947
580921521881
581012787799
581312258809
581517787337
581588385137
581662506977
581850777437
581902271809
581948425637
582157669337
582175641863
582255571967
582702917957
582809826437
582874177337
582979901237
583040763901
583050681947
583101060923
583114536947
583308582947
583432008881
583675671437
584260460911
584397960137
584536933637
584673385337
584757087137
584817792137
585213912851
585265749821
585275619437
585278500967
585307332947
585361080947
585427775237
585519675137
585532955537
585548911637
585665220799
585701466947
585717791237
586277752337
586277806337
586290027919
586445384537
586562770637
586620921863
586852303853
586921853537
586941711947
586952561537
587101845919
587339230853
587448128537
587540132911
587708534537
587941932437
588037400861
588086199929
588149199929
588192387137
588888561809
589366705337
589427563337
589772021957
589800961637
589838812037
589872326237
589963054337
590004927851
590119016891
590187064967
590192160829
590231366861
590513480861
590521850861
590570701871
590617502957
590874448337
590927626637
590965909811
591317859437
591371712901
591619696037
591756801947
592156025861
592298817137
592417311881
592538389811
592666374437
592843040957
593097518537
593284413977
593386314947
593391513919
593470577537
594344922947
594362142901
594396627137
594683212789
594988549951
595109313901
595363965137
595944411947
596073561947
596290270789
596382492437
596699031437
596746488809
596907995843
597001815947
597044223851
597047701967
597214795337
597735295037
597914366237
598090499939
598148500909
598281024919
598430947337
598682139137
598729034537
598998614843
599433658037
599532330977
599686839733
599920015789
600134810971
600306898909
600475922861
600612377891
600735227839
601024280953
601037676851
601099353901
601227693851
601440498947
601478067863
601499051809
601897531789
602078961863
602104145971
602432019913
602468869337
602617317829
602672863789
602824166957
603100822897
603150180923
603206728819
603280300897
603351213923
603386118851
603758231911
603763560947
603815887637
603824444911
603862902901
603915998237
604058921957
604098444919
604167327901
604197795437
604338582977
604792275947
604821516829
604901785853
604916858537
604943508977
605037076871
605119746799
605313846947
605483145947
605508026839
605640813829
605897966819
606082011923
606127548799
606986032967
607035269899
607062964789
607128290911
607199739137
607215834947
607246663789
607414263829
607560576947
607745697137
607800889637
607807048853
607851291799
607880884337
608006750891
608054853799
608109351881
608297667137
608335017881
608421496789
608773014851
608853810977
608935820957
609139623977
609722306911
610121462971
610449704911
610594546909
610750463891
610977082789
611069742901
611397813799
611594879237
611665906853
611723677909
611760625871
611808367967
612084660881
612260203981
612486752957
612751451891
612757536947
613107826871
613710881957
614082473911
614247692957
614596249637
614621166829
614744808947
614851644863
614924094977
615012201073
615024458957
615082494799
615099649337
615447246977
615528876437
615582489437
615582611957
615647650853
615767241863
615871599137
616053393947
616278992237
616294534789
616352552861
616453126819
616582335977
616655524789
616680156977
616859359811
616950877337
617154651851
617371977437
617631669737
617871959801
618084078947
618287934437
618305706901
618520936853
618633119899
618644271799
618676129637
619009317947
619023288977
619053888437
619085164853
619241153891
619293163967
619376115977
619391076947
619502750957
619621645967
619778533337
620064558947
620095626901
620414582891
620557470851
620670563809
620944438789
620958695237
621170708839
621658220891
621783119899
621816055871
622159422881
622322088881
622384091957
622442979737
622455602891
622633271839
622800845861
623236010953
623385612901
623563540819
623577820967
623703648977
623929746437
623993499893
624176018911
624193116829
624377539637
624565263799
624608707967
624677189831
624754350901
624780612901
625347444863
625379043977
625777752437
625853460977
625882521863
625955721947
626164043839
626541986537
626615978237
627114960947
627193723789
627232237871
627302696957
627323879537
627346496537
627389023967
627770373947
627823264909
627830464853
628330750819
628501371881
628514472977
628532090911
628692101911
629012751881
629178727337
629315306861
629340451871
629410533881
629526838337
629651874437
629701038947
629717764337
629923946237
629927461637
629994523337
630305796863
630329551871
630412124933
630510106981
630512555839
630558141881
630720483881
630832001971
630849597137
630917216957
630970998137
631096527977
631183047829
631255548799
631258650947
631436415829
631617927947
631667420911
631701990901
632349005839
632428644863
632667388337
632734270871
632902644851
633078869831
633243167957
633337415911
633384315947
633518250881
633566253799
633721526957
633807256853
633920376919
633966694037
634253166851
634306065881
634323362891
634344980957
634548220819
634596222919
634625215871
634659643637
634802615809
634945117853
635084208947
635293161901
635547868037
635555995037
635602774909
635735312911
635811731809
635854233799
636122200897
636165570977
636297600977
636410606891
636841688237
636874591337
636911266967
637024733911
637155976337
637162313839
637232755967
637480304957
637511027891
637551690947
637980819137
638120239909
638138787137
638210192839
638230364809
638239664537
638508237947
638697444137
639081775637
639241812851
639270238909
639706674437
639821949821
640040139913
640197225947
640217418881
640737694637
641022656891
641088976337
641131586957
641384789831
641567566637
641904555977
641918082863
641986107947
641991599939
642059352901
642251940829
642529291909
642549629537
642888470537
642933471799
642943076957
643014177829
643096141871
643459149737
643504274957
643527107911
643577758037
643690461977
643698005957
643816269737
643994683037
644109285977
644301687863
644369871437
644371280957
644377776137
644399519237
644514417851
644628911957
644823986237
644833732789
645169509737
645344095789
645372795437
645532430891
645572157947
645600941957
645913067957
646007000971
646096189337
646217166799
646266342919
646341779537
646366054909
646393269437
646411935919
646840461977
647129123957
647230751861
647450680909
647556409637
647571720863
647755472537
647781775037
648208800947
648229826537
648240053891
648347044853
648430313891
649003791977
649149143957
649313262901
649669370237
649862173637
650151287809
650162819899
650546082947
650581275977
650587944437
650855303957
651204123923
651274137947
651826705909
651877001957
652230112981
652268202829
652289086637
652773532967
652790585537
652912082957
653352704957
653417540911
653726092853
653960406863
654035485967
654398520947
654672599939
654765358337
654879737819
654949201789
655125440839
655272867437
655445241947
655574404853
655700038871
655712361947
655736800909
655744206919
656035710829
656061082871
656123638853
656157946337
656219604863
656239260977
656244157853
656257323863
656262192977
656289123947
656368544537
656556860537
656593467137
656610371957
657199797833
657361322861
657383189831
657410354911
657702602957
657920046799
658150830851
658230708977
658311196789
658584995843
659006472977
659270368637
659281673537
659404412861
659412800911
659624937137
659722818437
659857938833
659910883337
660062376851
660232845851
660268125901
660390690977
660463190911
660565236977
660636959831
660908362909
660923270957
661007636911
661433737967
661541562901
661645164977
661812521891
661848843437
661855857137
662101871891
662162713819
662260174819
662362275863
662426490863
662440866947
662454440861
662593452947
662604326957
662780827637
662797573037
662862462947
663167205901
663239259737
663401834861
663633502871
663859581137
664088668037
664173840919
664270248977
664995471137
665018360957
665067055853
665103388909
665744314789
665755611947
665917006967
666085104901
666605453957
666931656437
667417414967
667422540901
667790085437
667812828437
667871140967
668420334947
668735304947
668825005967
668952719801
669084996809
669504280789
669606899939
669655077137
669810859811
669921743537
670164183947
670208543957
670235789537
670293126851
670586610919
670656230861
671230755901
671283076909
671284389437
671373332911
671423892947
671425127809
671689159811
672184560863
672194312957
672217967537
672367781537
672754277537
673008074911
673106414891
673128078947
673436553947
673442695637
673603806919
673808520799
673870045853
673876625237
673879342337
674207820901
674247432799
674380601911
674480975237
674529792137
674735457437
674842278437
675011528911
675270552799
675615401861
675822188537
675979225037
676609887809
676647293237
676909275137
676950647237
677193238637
677198239811
677371104947
677472725537
677775866843
677850904637
678002638967
678123284957
678370389821
678581843237
678618248237
678823683137
679051369637
679121956637
679133304851
679147561637
679301338853
679435562537
679675920137
679819371137
679871171537
680019336901
680191812851
680244684947
680346531947
680386164947
680490807947
680854059737
681243059899
681408527957
681490364957
681774008957
681853503977
681914689811
682086982337
682508439737
682508866337
682527925637
682572252863
683390083967
683544131957
683766822437
684275654537
684552113911
684615110891
684967669951
685072884437
685126237909
685203853967
685254300881
685605230809
685655203967
685773211789
685826641637
686010110953
686041523861
686139312919
686414370919
686625855137
686727592037
686977302437
687003633947
687119403977
687385103957
687499184819
687576399929
687842147537
687873309821
687883425137
688018862537
688021074901
688113445909
688361125789
688865740037
689260113947
689419325537
689544826037
689887581833
689891546819
689942130947
690017890909
690030654881
690064409899
690145830901
690338879801
690407293853
690451994537
690603335911
690706905947
690866975819
690874186337
690941307799
691064850799
691098214853
691403765957
691516205911
691544506967
691556676137
691638149537
691670838437
691780028957
691782313853
691857436337
691957091537
692108242871
692345236789
692355549437
692451240829
692651041871
692928816137
693065058947
693131904947
693325920799
693442133861
693443373947
693543041861
693580005901
693664446437
694261443977
694550042861
694731230911
694738554137
694944302957
695407035977
695579123537
695782012853
695797324037
695829504437
695899418843
696260976137
696303870947
696319364537
696729135437
697081207789
697326384437
697331038967
698023131881
698115003881
698302624967
698882489941
698981142437
699150228947
699317704637
699776534819
699849320237
700095937909
700385615861
700419815957
700509984947
700550029943
700579840967
700733615839
700824192881
700828628957
701035313971
701294292851
701294751901
701323080923
701395186853
701610776957
701863087967
701965651853
702153411877
702173933861
702195143891
702310324897
702530847947
702701466829
702879655337
703051221991
703341835871
703567266947
703780235861
704063757863
704396093957
704461356947
704505828919
704515408871
704520465829
704576869037
704748113957
704752262861
705164651911
705537369737
705657367637
705690048799
705756907637
706061834861
706130790881
706133376947
706163277977
706264514911
706298258537
706308393799
706537413947
706582354853
706733968337
706804323881
707015778947
707126888537
707305485863
707376689801
707594099237
707615402891
708712951853
708886081637
709187701909
709196901947
710046647861
710323827881
710472792863
710487282863
710561120953
710709055871
710757914957
710942624957
711026286829
711250881829
711549793637
711582138901
711679195637
711706714871
711983112829
712189875437
712326648799
712343875853
712576332851
712645475957
712701594901
712754640947
712781473909
712970305819
713164445957
713420792911
713478778037
713568959801
713732445851
713810822891
714084675947
714206823829
714357075799
714637660853
714658215919
715242002887
715749837137
715917712967
716083689437
716459549831
716490175909
716584044919
716702296853
716756671637
717008156911
717070460891
717086865437
717165892637
717246658637
717323999893
717388241957
717415049899
717753450919
717911357957
718031382881
718051987637
718142236871
718468312853
718512416911
718632321881
718897701437
719106537977
719301937789
719340605861
719574508637
719833899959
719869100957
719939734037
720313161877
720814281829
720817914799
721065247871
721356970853
721418493799
721507857947
721677664637
721908330881
721913791789
722222249929
722425472861
722452532839
722721714881
722847453947
723180186947
723290646919
723384214871
723473969237
723512714839
723630238819
723755361799
723771513947
723826399337
723967396037
724088402911
724377280789
724428241871
724537125947
725065906967
725076878237
725183018957
725226924977
725722190957
726162651901
726352722947
726424518977
726516382789
726520706911
726523181809
726537104809
726632682947
726695455337
726757691237
726930454967
727023068809
727136125871
727247580947
727260987437
727311643871
727390521947
727651932947
727981904537
728268519437
728494010911
728720095967
728911787237
729000240877
729250064957
729272181919
729401840861
729620933957
729754133957
730323828851
730412393839
730494794537
730676250851
730767880637
730813495967
731434783909
731447118851
731721891863
731892827537
731926530851
732254904947
732856962437
733048641851
733600491881
733927032901
733981186637
734035724809
734445430871
734609272853
734621318911
734900448977
734915296637
735229056977
735282273863
735320618911
735377767037
735441037819
735614095967
735754103911
735850787237
735880838237
736110420923
736408742957
736451814799
736485161957
736705534853
736820043881
737065795337
737125494947
737170554863
737310650891
737435588237
737869072337
738006245957
738563905637
738751597037
738908641637
739032057947
739141027871
739254005957
739431546947
739686315437
740019650891
740163528851
740317463957
740443237871
740487614957
740694586337
740767975037
741293325901
741422546911
741428472919
741539479337
741581604851
742014917957
742019854967
742646560967
742835262977
742940018861
743255455853
743382413861
743463418853
743471626967
743650816967
743687786819
743909852537
744207655967
744288151909
744340442891
744405026891
744479517437
744521664863
744529101881
744778920437
744789891809
744936773237
745073805799
745080738947
745102481891
745330608947
745345893437
745421808799
745953807437
746088539237
746253889037
746309208919
746560137919
746795558819
748430965637
748447113977
748983677843
749597270237
749693512637
749706816437
749741307947
749768493809
750059720957
750302287871
750362615861
750565077947
750581257967
750609237799
750844831853
750885918137
751043726911
751067671789
751088910919
751117326881
751146038809
751330616891
751530119929
751905789821
751941949337
752007236839
752165801809
752935342909
753044076947
753170826977
753359298137
753424083901
753645336947
753800817799
753900512891
753959491037
754310264839
754366045967
754449511789
754554040871
754823046863
754860548537
755025408901
755547685037
755893654037
756164127863
756222791957
756258512957
756716437637
757043681957
757250540911
757255046957
757318690637
757516800977
757541353967
757686360437
757913950637
758071784537
758198454137
758224805957
758406396437
758407500901
758862699929
758892323537
759036003829
759070051819
759177604637
759392444537
759422700947
760117848947
760446143861
760454582957
760676502977
760753389437
760832767637
760915174909
761168532863
761513692909
761742445967
762102896957
762301880957
762312200933
762534689831
762577401977
762598542437
763062925789
763142165809
763491217967
763890601853
763900911947
763958889931
764216413871
764278007957
764316689831
764353017947
764423514851
764572013911
764726692337
764878497833
764949789733
764953303909
765260062871
765274902947
765312074911
765315255977
765380271863
765413252911
765698316137
765752331977
766024180871
766125167957
766313708957
767077331957
767314353919
767549969743
768008500871
768017106947
768045216977
768365326637
768454600789
768559024637
768581238437
768713952437
768973434137
769054108789
769093751537
769232864537
769303879811
769356230957
769360920947
769471015909
769618397819
769850476037
770266990637
770318913799
770494739237
770501717957
770698405637
770855520977
770908349537
770978701637
771270690863
771280325911
771701236871
771747568037
772495817237
772544451799
773120101981
773328123901
773414352947
773609978819
773908250957
773952837137
774117018947
774218330911
774248758037
774947086037
775000374829
775029140957
775131457909
775205843957
775413205871
775501127809
775904021861
776023914977
776024357957
776175030901
776352603977
777077492237
777380511977
777672466037
777693226337
777940799939
778102365977
778285020977
778592671037
778719318137
778925109437
778995093809
779037556337
779049858809
780114087947
780171444901
780263222891
780297682337
780473037919
781022763901
781125361871
781306717967
781505814977
781523373919
781851041957
782188213909
782373307909
782406008957
782426759237
782543172919
782848237337
783452920853
783457502957
783519189821
783788145137
783879018137
784010883977
784037830909
784201244891
784245082967
784332813863
784684824137
784824322967
784913923637
785051126861
785344215977
785671231853
785901621863
786021934853
786175105789
786361063853
786513279437
786726975809
786903385337
786969146819
787106859137
787120815799
787203948437
787298871809
788032302881
788243937137
788261268437
788297585843
789074483237
789718042637
789959619931
790286275637
790622464967
790990053947
790995063437
791067754637
791157334853
791969352137
792032655863
792065179637
792399155237
792456502967
792701464967
792919985843
793184765237
793494048437
793700127947
793732816637
793786700537
794100867947
794402447957
794546121977
794821727537
794833462637
794989032137
795051986237
795117114901
795158374337
795327449831
795632620967
795643594037
795688328819
795689907833
795739009337
795897909931
796245897809
796335150977
796384130957
796416306947
796428120863
796510542977
796810957037
796988291843
797290413947
797410164977
797410838537
797800352957
798038871137
798415625537
798439353137
798594849733
798617431637
798805667819
799136203967
799841095037
800226230887
800267638789
800340947911
800382726947
800466465919
800672287967
800707848947
800795703977
801063818809
801086435911
801167633957
801367068863
801404178829
801742913957
801824661851
801957327947
801969709337
802045299799
802178274977
802328804911
802460453891
802564799237
802635703819
802658551789
802828222871
802846888037
802973568437
803029473901
803162763901
803446663853
803648425967
803694014861
803775604909
803862167957
803908417789
803981982437
804048524911
804227628977
804623418901
805140112897
805217656909
805296113911
805742313829
806119880957
806207926967
806223366901
806654327957
807045951799
807210868967
807271263901
807752956337
808306997237
808423474909
808580661947
808658318537
808807414967
808892498819
808935001871
809062650901
809110926901
809239450967
809243625863
809641389437
810009683911
810277889831
810648595637
810781056851
811138086901
811157507861
811295616863
811796008853
811972757537
812013611953
812046536911
812217716911
812428028861
812539282853
812850754789
813042564881
813094925957
813284499437
813501796967
813667056947
813939379811
814116687947
814174531871
814262353871
814321466957
814325538919
814331655947
814390285789
814407168863
814546146919
814603464947
814623483977
814710438851
814718607947
814775531957
814794143957
814940315957
815088277637
815095615967
815191394957
815352155911
815419520957
815562232871
815796376037
815882172947
815909260853
815945459237
816116732861
816186135977
816349875137
816423516901
816768519821
817248809537
817450825853
817619945237
817644550967
817767399959
817780189337
817821847637
818011938977
818950162909
819189974819
819260901947
819269476037
819357466337
819506544947
819680536637
819761997809
819895713137
820075803829
820095237901
820266542957
820280574851
820550727851
820612188901
820649334863
820692193967
820732576967
820771802861
820796103851
820936266947
821002218877
821148206839
821643092861
821685113861
821830308881
821847782537
822038157851
822108089899
822290236871
822312320887
822369183947
822376291853
822700673957
822734283799
822941824909
822944719637
822954051901
823018287799
823168407977
823381038947
823396749137
823418240891
823594102871
823727406919
823739205977
823768023863
823786853237
824025139909
824042012953
824255316901
824279251909
824321668789
824538036799
824622602891
824629011881
824852065853
825095796137
825335235947
825632824789
826573401947
826744010891
826863012947
826889731037
827005472861
827042355901
827042364851
827108242819
827130573947
827173341947
827469211853
827614132819
827656321909
828025518919
828227205947
828267611957
828270479537
828872366237
828885398843
828996006437
829057387337
829290953537
829581374537
830010719933
830017556861
830242677799
830418812957
830608081819
830619071861
830622973853
830638152901
830642370829
830682232819
830839021871
830933630911
831131766901
831194531911
831256554977
831409424957
831543173809
831610817911
831616316911
831619071901
831682250911
831795936137
832155278957
832249323947
832302033923
832507287947
832553814977
832716732977
832745079737
832757465537
832878429137
833351840861
833462127947
833626170901
834233286977
834256912967
834394216967
834512784947
834518322901
834541442957
834845073947
835130753911
835208323871
835225505809
835701471901
835763195537
835806881537
835910661977
835981725437
836023987637
836043183851
836132339899
836190536957
836520633947
836585851337
836876544137
836917189037
837072273977
837144789137
837205218947
837434614967
837779216237
837780881237
838290872537
838583113789
838922666237
839196670337
839331341809
839332083977
839543017853
839569321637
839675900537
841601875909
841630246819
841632949637
841788109637
841992916337
842134098919
842190925967
842350307891
842524155947
842664500911
842700690901
842880360799
842966724437
843065815789
843463124957
843576383537
843687429821
843741849437
843791289137
843921753947
844063492967
844093302881
844250927957
844404136871
844478184437
844668000901
845303742947
845742947237
846004622839
846292632947
846338215967
846375896819
846615174947
846731610947
847003733911
847030660871
847071346853
847108515919
847419420863
847455991037
847509694037
847591863137
847624503919
847664264537
848189073437
848294941337
849077056637
849244745537
849278261537
849363089831
849364349237
849398071337
849757307237
849910252853
850107652819
850123557851
850127571851
850218682967
850490637947
850514741911
850665325967
850722906799
851108397947
851376649337
851410294871
851626146799
851981583437
852240436819
852638671637
852720090829
852737249537
852756412789
852804530957
852954169337
853024391809
853037045911
853127181947
853363174967
853530018829
853662216863
853673305909
853773517637
853786735037
853835978819
853886298809
854034811871
854037322871
854245076957
854430912901
854611164947
855011285911
855022971799
855346459337
855663003851
855928733237
855932331977
856000400953
856014611839
856044577637
856289821337
856805030911
856888919743
856924312967
856986612137
857053804853
857067239537
857146023901
857433740957
857452504967
858155654537
858380121901
858414730853
858752168237
858808830437
858851645237
859285753037
860312673851
860343035891
860437660967
860883685037
861086308909
861440553851
861500883977
861771320911
861838517537
861864313853
862436433799
862732033871
863280568637
864040244839
864150272809
864201774977
864326231957
864434577437
864446358437
864601830947
864704244799
864800271901
865214181851
865325155789
865380784337
865426749137
865789436819
865817678819
865820724947
865859272037
865892338037
866037037909
866037433853
866181234977
866204067919
866212081871
866318127947
866656261637
866922015977
866969934833
867064224799
867206241851
867633717437
867891534137
867897021437
867931940537
867989571833
868586033537
869240381957
869550935237
869586620237
869614131977
869736467819
869765495843
869943869941
870128590909
870142940911
870344628947
870429235789
870569179037
870650900957
870656482637
870750341957
870807036919
871137166789
871202694799
871235925947
871351037957
871362720901
871443160871
871521083957
871731264799
871741076957
871787441537
872309901919
872310793789
872794315637
872841920957
873040705871
873324601871
873620517799
873622633789
873750282947
874217784437
874238012957
874269211789
874310381957
874333567637
874355511919
874758334337
875008264789
875073105901
875113236901
875215600871
875405235977
875457561437
875607621947
876323114809
876749883833
876793117337
877243404977
877735265237
878171431789
878172160909
878192109737
878582905037
879055575137
880132335881
880214827909
880259295437
880364217919
880443206809
880570068947
880974059237
881071055957
881243691947
881435335789
881485124957
881707080977
881850694337
881860623947
882002497967
882159115967
882180540947
882243221891
882364531967
882587290337
882598060637
882601514911
882647115947
882683453537
882709629821
883070829737
883103283851
883136515853
883143580789
883243095947
883447076537
883583598809
883690002901
883801499237
884034889037
884212542947
884242921909
884269096037
884738750237
885251946437
885252929237
885499018037
886004161871
886265517437
886410373967
886497980843
886832542637
887161178537
887171871437
887263179137
887339653037
888384597833
888841560437
888855145037
889216639037
889363956809
890081527967
890190974537
890438469821
890601861977
890807012861
891105934967
891255371957
891832496237
891889423037
892118820863
892120811839
892232238977
892271778137
893271122911
893522779811
893741824637
893779620137
894429145637
895195192337
895209521957
895598075819
896231047967
896237790137
896429570237
896503937237
896507931437
896775202637
896824336337
897178689733
897744922037
898036014919
898166910437
898234110901
898350007909
898534219337
898657580819
899036470637
899144678819
899257831037
899356589743
899442410957
899502702947
899539374809
900030112273
900075807901
900300349943
900453020953
900468360901
900710386819
900830635819
900950273957
900965091799
901014053971
901019757919
901353956957
901389162977
901455593957
901491708863
901620050971
902425941947
902563689437
902742812957
902992180967
903003866911
903268043957
903290862919
903410973947
903436827947
903462541871
903482914853
903566057957
903632435809
903774385637
903847130861
903965964137
904065442871
904121340877
904159510871
904201430887
904324145839
904580541947
904586314967
905158421861
905200349929
905250716861
905314506829
905353910809
905430804829
905542205839
905893502957
905935001891
906116605819
906173334851
906216484853
906260693957
906344357957
906375022871
906407550901
906505217861
906764638337
906766729811
907014885947
907070953909
907072713851
907164063947
907253922863
907429212947
907512920861
907552404947
908102940881
908270337977
908340925909
909108690947
909171759437
909258674237
909264264947
909408809537
909522225947
909563136947
909752034977
909774600947
910174950851
910283534957
910343168957
910359571853
910492518799
910538271901
910862424947
911048396957
911167344947
911186677637
911345507861
911390057861
911480147957
911555717957
911919211871
912426750901
912637004891
912703972909
912817305947
912855005911
913128642851
913815780947
913855088537
913905372977
913981103911
914100855881
914280740911
914508209899
914937420977
915528774437
915636311809
915716193947
915760383947
915800174911
915844727537
916180820861
916315791947
916655835437
916922777237
917344430809
917534477537
917748033947
917748401957
917915961437
918071720809
918144014891
918154589237
918842935337
918861101911
919122574967
919142739737
919220853977
919228537637
919262524909
919457454437
919576335437
919651578137
919702205809
920274648947
920358224861
920359228853
920586197537
920588493437
920593114871
920742046871
921175137851
921295052861
921295534967
921435177863
921453026891
921611661881
921678387137
921757560947
921775112809
921795003851
922187106947
922210773829
922369012819
922449082909
922571222891
922732734799
922830109909
923293390909
923356482947
923571616853
923579502947
923591181977
923593224919
923605257919
924921328909
925000977863
925162788437
925219254863
925396033909
925434365957
925536023861
925557647237
925727901947
925940651957
926039597237
926211824809
926326714909
926345588237
926622483947
926684877809
926885507237
926962646237
927092060911
927121572851
927252131891
927425516957
927432162901
927638100947
928025977337
928027785437
928089176237
928873707137
928952688809
929233426789
929713343957
930055634957
930257957537
930344912911
930458632967
930469862537
930503031923
930720751871
930879021977
931149931967
931189311851
931347054947
932608147789
932634413911
933016454861
933029280901
933278090957
933304784957
933529116977
933712475957
933833920909
933891819137
934017663919
934044442819
934218193967
934282160957
934406654957
934447838237
934564306789
934610475977
934984300967
935064534799
935179051789
935383203901
935543254967
935814073967
935845906337
935911215947
936097999843
936134682947
936504147863
936717757037
936782626337
936843025967
937072922957
937204375967
937335370967
937647121909
937808249237
938042090861
938800256957
939364179821
939944802437
940145516911
940445932967
940743526909
940785702947
940847080967
940869321947
941050977947
941226960977
941606625977
941686752437
941735164967
941904562789
942045651901
942065190851
942216906919
942629144957
942663936437
942723285947
943014482911
943150545851
943228245863
943325957537
944043642901
944073500891
944142174901
944158943537
944188908137
944491588037
944561166947
944709520967
944769558809
944789515037
944916331967
945055469537
945076861637
945078223909
945402690863
945630886337
945640016861
946093301861
946098300799
946130638853
946175601799
946455824537
946523124851
946553008909
947061026861
947122641851
947173410947
947259591137
947440657637
947451228947
947483014967
947724141799
947730203957
947809184237
947814531947
947958402437
948039132863
948230463977
948272826437
948456221957
948553877819
948795420437
949032453977
949297862819
949421150809
949677208037
949756260437
949879104137
950337215911
950453127947
950564575637
950616512957
950659985819
950674044919
950688202853
950774225957
950895418337
951071750809
951112947977
951199727237
951221186911
951222129919
951283051819
951459304853
951547113901
951673169537
951753812957
951965916137
952025552809
952096315967
952221672851
952607605853
952722850909
953003727947
953009626967
953311356947
953332581863
953834232863
954252778337
954634242977
954636727337
954817327637
954833305967
954880348337
954966881819
955150366789
955326640909
955407136967
955666708037
955669205537
956059044947
956206272799
956231323871
956304017957
956466554237
956527815437
956808461537
956826177137
956905134947
957042170911
957524267537
957853496819
957857321537
958678117037
959020708967
959305861637
959465558819
959566631237
959739384809
959790612437
960375891437
961027068863
961245070871
961413759737
961632422911
962005557977
962059512977
962061822851
962114802829
962150754977
962176062863
962282218967
962978511437
963084011891
963131525809
963164517947
963194115977
963285567137
963318114901
963394349831
963491566337
964193610977
965530800901
965640370789
965657667809
965657903237
965963812337
966175079237
966522056957
966537600947
966579756833
966590310799
966625123967
966794915819
966881626037
966895221437
967004726957
967052713789
967141322911
967305937337
967496092037
967565508137
967568340437
967601859137
968268157037
968421249737
968625150947
969091051853
969091861337
969181332947
969227265437
969273723437
969319724237
969368219801
969838791833
970080138851
970165632977
970186122901
970381250911
970478043947
970487481437
970530127871
970614246799
970711446863
970823034851
970903642853
970986795833
971026097957
971181522901
971267325947
971468104967
971944459037
972019469537
972073304957
972176621957
972272006809
972327613909
972410831957
972439494137
972691141909
972721382957
972880330853
973019791637
973093289237
973205851789
973271560967
973354619537
973525310809
973713295637
973759038137
973810050881
974143404851
975085372637
975152213911
975231428957
975261243919
975320067977
975405732947
975591760337
975614030957
975710004881
975850002851
975993314237
976135916537
976176141947
976555542437
976718085137
976718387819
976850790137
976855318037
977231660957
977590225637
978299375843
978627823037
978696716843
978825147137
978956107037
980016366799
980075287637
980255105861
980311562957
980562831947
980769981809
980771187437
981239611853
981442601809
982616126957
983103822851
983131610891
983146846337
983159385137
983185862237
983411834957
983588744819
983625734537
983628013789
983664807137
983733700909
983745073637
983773343537
984438004789
984474258137
984950087237
985155935237
985237890137
985337302967
985520634947
985534521947
986077210967
986199900137
986206422863
986221714853
986248834037
986281469801
987221501957
987245914337
987358615037
987596853833
987703477037
987764579941
988503276437
988620204863
988936646843
989173604537
989672542037
990167035789
990244173977
990305167853
990320826799
990351081851
990606140911
990677244437
990718386137
990741299237
990747966809
991153710947
991176925337
991650874337
992032834789
992112062891
992574798833
992803500901
993103860799
993246628337
993258201863
993411904909
993875204537
994271775137
994765147037
995335114789
995407986809
996614608337
997020337853
997087101947
997502519537
997630519337
997858905833
997937033237
998120193947
998232639137
998283314537
998293552037
998507991809
999021280853
999732440537
999753522137
999801581237
1000211209093
1000299366901
1000299428911
1000472776819
1001039898799
1001486492861
1001724779899
1001794197799
1002109532887
1002130662991
1002274794901
1002357005933
1002363847871
1002875075861
1003112121493
1003318797799
1003603388839
1003744488863
1003794530891
1003895142829
1003992645919
1004146251923
1004154496871
1004174486911
1004194547809
1004199755957
1004399762957
1004451953891
1004699160901
1005106967861
1005429582851
1005967610957
1006054369909
1007029950881
1007277196967
1007356811891
1007729931799
1008159048851
1008331556891
1008351399799
1008489361853
1008669937337
1008841650881
1008846417863
1009164742819
1009331492891
1009352952851
1009368027851
1009735887437
1009755530911
1009870494947
1009883175947
1010023096981
1010024996839
1010060364991
1010223234073
1010253983891
1010562204991
1011050006383
1011193956901
1011330440173
1011608411953
1011866452819
1011943186871
1012291764881
1012466068871
1012524773839
1012835563819
1012906885789
1013220421093
1013334649909
1013792705911
1014535098947
1014644961901
1014791810891
1014878651957
1014886025957
1014902229923
1015149931871
1015202184923
1015255728901
1015289958437
1015334295881
1015357593799
1015371204877
1015857166967
1016084780911
1016098662977
1016182653881
1016332974901
1016362647851
1016448926957
1016730891947
1016783168957
1016876362967
1016982350809
1017547082957
1017550795909
1017572614819
1017636206891
1017712003897
1017993965237
1018172356819
1018191706871
1018368630901
1018441384819
1018509826853
1018583565947
1018707438799
1018864503901
1018883038853
1018894302851
1018983243977
1019075193901
1019134791901
1019195266909
1019200117981
1019248227947
1019255252891
1019276427919
1019322609919
1019394553909
1019680662799
1019683058957
1020023536897
1020042365971
1020615677911
1020670429913
1020696746957
1020732010183
1020753194891
1020836102887
1020956856947
1021022190073
1021127875819
1021318668901
1021766655799
1021813677901
1022407888967
1022418765947
1022436890957
1022561600887
1022619757909
1022782247957
1022844096947
1023379572977
1023457461881
1023532539919
1023664000897
1023847654789
1023922782947
1024012166953
1024450575881
1024988275637
1025379204881
1025731932829
1025925314839
1026097924853
1026334654819
1026483611891
1026560273839
1026718604861
1026726834799
1026848993237
1026904109929
1026957737537
1027182997637
1027338791957
1027528999811
1027744115891
1027857325853
1027861266863
1027936205809
1027968003901
1027972602851
1028055734809
1028112917891
1028123309933
1028123584871
1028191058809
1028345630891
1028514285901
1028680374919
1028714810891
1028917837637
1029054267947
1029496864337
1029690373853
1029806857637
1029958484237
1030134180953
1031288890909
1031365848977
1031614124953
1031688233861
1032124698947
1032348633881
1032687213829
1032871099963
1033212211183
1033334738809
1033644946853
1033709416819
1033769502851
1033840767919
1033948597337
1034097286909
1034219690957
1034379123829
1034833605829
1034842594853
1034932776947
1035100284877
1035219883967
1035244583809
1035324795863
1035495273863
1035514295861
1035514854901
1035552447851
1035566064947
1035621656911
1035698120861
1035783540851
1035787500901
1035866388437
1036109267861
1036138734947
1036199719637
1036247623819
1036296180851
1036340798957
1036503861829
1036577562947
1036726780909
1036866342977
1037754578537
1037989176137
1038086527909
1038145642819
1038570075947
1038963470957
1039192083851
1039432884947
1039550625947
1039728231901
1040013100873
1040245125877
1040546844901
1040564658799
1040691623891
1041005434897
1041403030183
1041689434909
1041939758537
1041971763799
1042057984853
1043740592861
1044224692871
1044323447891
1044565917947
1044609416911
1044682960967
1044823721839
1044952145911
1044980163901
1045044456881
1045106222971
1045254586967
1045549973537
1045649210891
1045764372977
1045771380947
1046013120073
1046318494789
1046348901947
1046641675967
1046799482237
1046888165537
1046921461871
1046997159137
1047209574919
1047313490891
1047919775237
1047977880137
1048325227871
1048519642967
1048569797819
1048580913977
1048645390789
1048650236957
1048750680863
1048910854853
1049008811891
1049320367911
1049543238977
1049701865957
1050105719933
1050370917881
1050382807871
1050586319899
1050623510971
1050870276947
1050954781853
1050972713957
1051248378799
1051418209913
1051500398891
1051618707851
1051635099973
1051801026923
1052108773871
1052700419933
1052798012957
1052827799237
1053042504923
1053206388851
1053534374957
1053606535871
1053692017871
1053725755967
1053923705911
1053985470947
1054086583789
1054149528863
1054208844901
1054233198947
1054943454977
1055166352871
1055269876337
1055637947537
1055651913947
1055984775137
1055987599949
1056016041877
1056196615909
1056323582861
1056612359899
1056703428947
1056728920789
1056813827957
1056948843437
1057091127881
1057095504947
1057137790853
1057209999137
1057224942947
1057290615947
1057348463957
1057489501909
1057505836853
1057517008819
1057622343829
1057918839821
1058285539637
1058307551957
1058315562901
1058360910881
1058447561957
1058801308871
1058802165947
1058928626537
1059290234809
1059301654871
1059501465851
1059572453957
1059636330947
1060391952947
1060576078789
1060837917947
1061097555799
1061431685957
1061470203877
1061518200877
1061518364861
1061594253851
1061810039933
1061859311911
1061977429637
1062183635911
1062237852901
1062297426863
1062534591851
1062722678957
1062768318947
1062828440911
1062851154881
1062929505863
1063334940881
1063449517789
1063463174861
1063656779831
1063730946919
1064016528881
1064330487947
1064452863863
1064462711839
1064520692957
1064651445947
1064685424853
1064735253947
1064763327799
1064771604851
1064955200839
1065071463881
1065216635957
1065287021839
1065501485809
1065598787819
1065600088871
1065604468967
1065617097947
1065663437957
1065665007947
1065755733947
1065770045957
1065779279801
1066338568637
1066411428829
1066432095901
1066523547863
1066809235853
1066833242957
1066980037789
1067104095881
1067544405947
1067702252891
1067764032851
1068018065809
1068048117901
1068170548789
1068252506809
1068253761977
1068319705909
1068341903809
1068853899863
1068901334911
1069029250871
1069127154947
1069132863919
1069138705909
1069265193947
1069318008947
1069550743853
1069564719437
1069604789237
1069687023947
1070075852957
1070086947947
1070101472887
1070135996957
1070302300183
1070391561881
1070453805881
1070955989801
1071220712971
1071346981853
1071377091947
1071521816839
1071705157819
1071752484799
1071783042881
1072136219929
1072212017971
1072463193947
1072733376919
1072859758037
1073309315891
1073323565911
1073482405819
1073613882919
1073717815853
1073723634901
1073742090829
1074088661957
1074232210897
1074301212953
1074308460881
1074598100861
1074637303819
1074746310881
1075040836871
1075046265901
1075107089899
1075127822861
1075137821809
1075240885967
1075444551851
1075472621911
1075512387863
1075625581853
1075637894237
1075734508909
1075949842337
1075986355337
1076122634891
1076131488919
1076246163901
1076308164901
1076332864967
1076599154537
1076612156957
1076818681637
1076880163967
1076912133881
1077074522911
1077231741881
1077771126977
1077773216957
1077806106851
1077820155901
1077903437957
1077916866137
1077975400967
1078084281863
1078131346871
1078238487437
1078334370851
1078361265977
1078390700911
1078410667853
1078423730911
1078570016911
1078672530977
1078730204891
1079113184911
1079205371957
1079211587957
1079310933947
1079397534437
1079515999999
1079737369037
1079853098237
1080333276829
1080677568437
1080846471919
1080881640901
1080916124839
1080947241947
1081193181881
1081348173901
1081411203953
1081740923911
1082152894789
1082208632891
1082344989437
1082670353861
1082726482967
1082851072819
1082938252789
1083213963901
1083323946863
1083378021829
1083736867337
1083834480977
1083901427957
1084045443881
1084312104877
1084326741947
1084383875537
1084588132909
1084610816911
1084638408947
1084734894437
1085123087957
1085301494911
1085449470947
1085549304799
1086151197863
1086414234881
1086724211891
1086925368437
1087563525947
1087685381537
1087687244537
1087723795337
1087977017537
1088160505871
1088224998137
1088859254237
1088889635819
1089060902861
1089072084977
1089244731977
1089273723947
1089325562957
1089453907637
1089717955037
1089837691037
1090036763861
1090138470881
1090327425881
1090754702861
1090909281799
1091117637901
1091192738957
1091533904911
1091596460957
1091740941947
1091804377967
1092132593911
1092145962977
1092180120877
1092204867977
1092302378809
1092374778437
1092401766851
1092422544881
1092437105891
1092823367957
1092882358637
1092929018957
1093015366871
1093039645909
1093119903901
1093762543967
1093768546337
1093834034957
1093917476537
1093962893237
1093995861137
1094071930871
1094182506947
1094504623819
1094557131947
1094564182967
1094779904237
1094946106853
1095168891437
1095419033809
1095497474237
1095757477037
1095864934337
1096028915957
1096109611819
1096133845909
1096170585947
1096643757437
1096854801947
1097192055863
1097435320871
1097617479137
1097639556137
1097999625809
1098036732977
1098206493947
1098690473537
1098800105839
1098847631537
1099161922909
1099488758843
1100502978881
1100764286957
1100888850977
1100894274947
1101106200583
1101194787799
1101356688977
1101725657957
1101771890809
1101988057853
1102099784957
1102210029073
1102414069943
1102679797337
1102756085957
1102821966901
1103240526923
1103276597957
1103536974977
1103566085861
1103589831919
1103627804891
1103794191901
1104025371877
1104111220573
1104249744947
1104503793829
1104968722789
1105234874911
1105349156911
1105414100173
1105584366977
1105635744901
1105642850891
1105801880891
1105811484881
1106015387839
1106091041971
1106464923901
1106661861901
1106736471947
1106765661977
1106813138839
1106825407819
1107196717789
1107274931911
1107327803839
1107412286891
1107758488337
1107786140861
1107880118911
1107991007911
1108352546957
1108492026881
1108671830911
1108995676037
1109316595967
1109335028839
1109528473789
1109618248789
1109744175919
1109945774537
1109956323799
1109971858337
1110314406991
1110581967863
1111120428991
1111162730933
1111388854909
1111648094957
1111673637901
1111767277967
1112168856977
1112388796637
1112616464891
1112736663851
1112828046881
1112853624829
1112946763853
1113120124093
1113448953977
1113502252981
1113639533911
1113664518947
1113668338967
1113700026953
1113957690947
1114142765839
1114269911957
1114392282881
1114766562799
1114815608861
1114891190957
1114991446967
1115140002373
1115257670809
1115458065851
1115668894337
1115823416891
1116256842947
1116862746947
1116964543967
1117382333839
1117403150953
1117408462871
1117720853957
1117804274861
1117804463861
1117915901957
1118007726881
1118070786799
1118308482901
1118444703829
1118973402947
1119077734909
1119596120861
1120136036953
1120853865799
1121176368947
1121189372911
1121645102887
1121660962871
1121831877799
1122398751863
1122464357957
1122497081861
1123036007971
1123095726901
1123580463881
1123613520877
1123818128809
1123845352871
1124317210943
1124483508947
1124486067863
1124617552819
1124684850977
1124821760891
1124851428947
1124873956637
1125339534947
1125563000971
1125604211887
1125689293637
1125736962947
1125747413911
1125855373967
1125903585977
1126043296871
1126207860829
1126352780911
1126463706947
1126652394799
1126676118977
1126676791637
1126793402957
1126824485957
1127015787977
1127058196853
1127211387881
1127215220953
1127232993919
1127452001887
1127629748537
1128054642881
1128060375829
1128067406957
1128703580911
1128826430861
1129070985947
1129127890789
1129214375911
1129272424871
1129279005947
1129381791947
1129415480957
1129526603911
1129790700851
1129848238637
1130499341911
1130531341981
1130538866957
1130819444957
1131004152073
1131189208871
1131788362909
1131803378911
1131893233819
1132007117953
1132026002083
1132149465901
1132528940861
1132905580819
1132970175901
1133120346877
1133165358851
1133322251953
1133497914947
1133869523957
1134037870871
1134204439913
1134357604819
1134708161891
1134936299537
1134937109899
1134939876137
1135045661839
1135564116881
1135579152977
1135720130887
1135853118947
1135952256799
1135972685537
1135987872137
1136225376851
1136502745871
1136799707237
1136942253901
1136945300839
1137190760957
1137387342799
1137404690911
1137476128967
1137491513861
1137597106967
1137726199637
1137783820967
1138115385947
1138379800967
1138385845637
1138543515947
1138638702977
1138686404957
1138830548957
1139075342957
1139134453819
1139425852967
1139581804789
1139621656853
1139739665237
1139794363637
1140134063953
1140175587919
1140616637911
1140953216839
1141304837891
1141428617957
1141550783809
1141601688901
1141743770957
1141767512861
1141870001971
1142547317809
1142636999831
1142734199953
1142738925947
1142787442967
1142928670789
1143116946901
1143150287891
1143173861861
1143334777789
1143377036957
1143385380947
1143639636947
1143781437863
1143816074861
1143821488967
1143826423871
1143887448437
1143975289337
1144110255877
1144154516891
1144212450877
1144599764237
1145336760947
1145375338967
1145545252871
1145598616637
1145657218967
1145754588437
1145824780853
1145909371909
1146219344861
1146652308947
1146825616967
1146828778037
1146833027911
1146938179337
1146964513967
1147129780967
1147328123839
1147526571977
1147937880437
1148412009923
1148434025891
1148533910861
1148541717977
1148791117909
1148941911977
1149086433919
1149555262789
1149612910871
1149638653637
1149662034901
1150435661839
1150442486957
1150917556967
1151232719929
1151349471851
1151406257891
1151774857637
1151906519899
1152063774947
1152126770891
1152226101991
1152276880967
1152391287863
1152457827947
1152483632957
1152527808799
1152939759137
1153162104923
1153176317911
1153184730881
1153326933947
1153476643789
1153712618911
1153774183853
1153830861901
1153906185799
1154318741911
1154559646637
1154570853977
1155047836853
1155066425861
1155186520871
1155200873891
1155381267863
1155619580957
1155631566919
1155970347947
1156068606799
1156322556947
1156360837909
1156472862947
1156584939137
1157070636851
1157071338901
1157111537839
1157278441789
1157554876337
1157558013851
1157670044911
1157695160957
1157697048437
1157787970037
1157858038637
1157921161819
1158214377799
1158331563947
1158525975437
1158932478437
1158980749037
1159122651881
1159236206809
1159238138957
1159312684909
1159326993437
1159831632919
1160023136971
1160029760839
1160262636881
1160309848909
1160314368881
1160378547947
1160621309933
1160661707911
1161178475957
1161352310933
1162280590871
1162476333947
1162645820911
1163308397957
1163407954853
1163414951861
1163845534853
1164007386947
1164178138789
1164232858967
1164469439537
1165034497789
1165211917819
1165214883799
1165286245789
1165742640901
1166225395967
1166293123871
1166403905809
1166409412871
1166532371957
1166866175537
1167028352957
1167042991967
1167221553829
1167241553809
1167263091901
1167618694337
1167690021881
1167692672537
1167748364537
1167829565237
1167952126853
1168113347809
1168219678337
1168419200891
1168505833853
1168579813337
1169050893947
1169343497537
1169479094237
1169483800853
1169633724947
1170104540953
1170119676919
1170337580809
1170371327891
1170690593957
1170961182851
1171197732799
1171905432881
1172270408839
1173191912861
1173681347957
1173722000953
1173770060839
1173945359537
1174013558911
1174039811957
1174239166909
1174264512881
1174308999821
1174321817957
1174846401947
1175014733839
1175726814947
1175883456437
1175903956637
1176290340829
1176312914957
1176582641957
1177118190851
1177230704891
1177712251871
1177883038637
1178172805967
1178446120871
1178507311819
1178915946137
1179210408829
1179428413789
1179466383437
1179498715037
1179902048957
1180185088967
1180192091839
1180332782809
1180368688337
1180503717829
1180525981853
1180722793967
1181021262877
1181228935967
1181437357853
1181506738967
1181916095957
1182167333911
1182196237967
1182363108881
1182416730881
1182478993037
1182515067901
1182553896437
1182665105911
1182917541919
1183092903901
1183124186809
1183384435967
1183491822977
1183853074853
1183958825237
1184001239933
1184082335911
1184170846909
1184436135851
1184531773967
1184901636977
1184906435957
1184910505819
1185078235853
1185118899137
1185242792957
1185382125947
1185762703967
1185866671337
1186014100981
1186035897437
1186065959831
1186144217809
1186183651853
1186394730947
1186595551637
1186658934137
1186659257237
1186695195137
1186918527437
1187215464977
1187428748237
1187487434537
1187573987819
1187639455337
1187641700911
1187665011947
1187777769961
1188319191947
1188583131863
1188630473957
1189163223851
1189373929811
1189413421871
1189439359037
1190020431991
1190147228911
1190167958537
1190210766881
1190450286901
1190680452901
1190708247919
1190713921871
1190994342947
1191045771901
1191325505891
1191403200991
1191473715919
1191658053919
1191662195957
1191681580909
1192204166891
1192342783967
1192614354947
1192653225851
1192818513863
1193578396037
1193607939437
1193645640919
1193961965237
1194303922871
1194362735957
1194710385863
1195224294863
1195297500799
1195424403829
1195432939637
1195531623901
1195728051799
1195851222851
1195901734967
1196059027789
1196224608863
1196564044789
1196748122957
1197026054911
1197228389831
1197326894237
1197365694137
1197528456437
1197549553337
1197711431911
1197762558137
1198078873037
1198244043901
1198322171911
1198738002799
1198927895843
1199128954337
1199247600919
1199374648037
1199801322901
1200022361173
1200029539913
1200031370173
1200416149903
1200479472947
1200509574829
1200557937919
1200682655911
1200846648919
1201077863957
1201261639913
1201306379929
1201409600971
1202120870933
1202485506881
1202764873909
1202815686977
1203052004083
1203127298911
1203180794957
1203215578819
1203371945911
1203415746829
1203577458947
1203619193911
1203646392901
1203675722911
1203731121991
1203861555851
1204206975901
1204318193891
1204522871891
1204689207863
1204692161839
1204709434871
1205275818863
1205488399337
1205538457789
1205794314947
1205896243967
1206383728789
1206386604901
1206491641819
1206546660947
1206575185789
1206750110887
1206757685537
1206780807977
1206818531861
1206955856537
1207032539929
1207124775947
1207245815957
1207443950957
1207997131853
1208142977957
1208196611957
1208226515891
1208369652947
1208391438977
1208848909337
1209074494909
1209089425909
1209097793537
1209204674809
1209550185901
1209818231911
1209830872909
1209859014799
1209883603853
1210003635991
1210060714981
1210310929943
1210329618881
1210876622957
1210906292891
1211499347957
1211665184861
1212310380991
1212330091897
1212380202953
1212488365789
1212599755637
1212638740871
1212712577861
1212885331871
1212994350851
1213186396909
1213282004887
1213463256829
1213625573911
1213711896919
1213893537947
1214419616911
1214435985947
1214770497947
1215157517957
1215232152877
1215360756901
1215612984919
1215876694337
1216173734957
1216639430861
1216659962537
1216975874237
1217172990863
1217390637863
1217482383919
1217579829821
1217745156863
1217829032957
1217859753437
1218059337919
1218136020923
1218193610891
1218226585789
1219123583809
1219266106871
1219286067947
1219441644851
1219708218919
1219728361853
1219743330881
1219834205809
1219973855237
1220152352933
1220308378871
1220323443877
1220363797967
1220379438977
1220775736853
1220783737967
1221042895819
1221493396789
1221589714853
1221618717947
1221943854799
1221979243789
1222028330953
1222034867957
1222279902901
1222412767871
1222497570799
1222701252923
1223189893637
1223305857947
1223573475919
1223588326967
1224159753799
1224262446829
1224347706947
1224726055871
1224845960957
1225389967037
1225818889811
1225890450901
1226109111923
1226697062957
1226770811957
1226855173909
1226904506911
1226969347337
1227147174901
1227270675863
1227838541957
1228377847337
1229013357829
1229124685967
1229125836919
1229284191977
1229464308977
1229921235947
1230104147933
1230130994839
1230171007981
1230406129903
1230533495911
1230865082809
1230973542901
1231334297957
1231692182911
1231709093861
1231723187861
1231829626967
1231982530871
1232058269899
1232201769919
1232285773853
1232394730871
1232394930901
1232580626911
1232591453861
1232824962977
1232826008891
1233179106829
1233325059919
1233520402897
1233587856437
1233681245809
1233804443891
1233947227967
1234085553901
1234291773919
1234390860947
1234405965977
1234583464967
1234801980851
1234908107957
1235019914809
1235380275947
1235509941977
1235609608967
1235750836909
1235781077957
1236204945851
1236561395957
1236587207957
1236956107789
1237126981967
1237164162881
1237189749137
1237568110819
1237698636137
1238591150809
1238795581337
1239102680839
1239713411891
1239796481237
1240089897437
1240131488839
1240269057901
1240475757947
1241068857947
1241437737919
1241536728977
1241581923947
1241654616901
1241684652799
1242322754839
1242542964977
1242743370881
1242854531861
1243166773967
1243282806947
1243562038871
1244148426901
1244148442819
1244158380851
1244413668863
1244646815957
1244808018901
1244916323957
1244926521851
1245246718789
1245349757537
1245370616957
1245443863967
1245645779237
1245800388799
1245812883947
1246375515799
1246517536853
1246522972909
1246542426851
1246616086853
1247091754967
1247267421901
1247356650977
1248149548637
1248304864909
1248704983637
1248933141901
1249165658537
1249247361863
1249417396637
1249606115809
1249714999931
1249731561977
1249803621901
1249830350957
1249861569137
1249883619821
1250104889899
1250118368809
1250159647853
1250253491891
1250267472851
1250324856901
1250541935809
1250622844819
1250712867799
1250909136947
1251300849919
1251347247851
1251475560901
1251806970863
1252208877947
1252216559899
1252317873977
1252355247901
1252365149899
1252749791537
1252766381957
1252773143911
1252825583957
1252942143881
1253048045839
1253096770853
1253135784799
1253335383851
1253693631863
1253715170839
1253946268637
1253964410957
1254029904851
1254365073851
1254426196909
1255013402971
1255058610829
1255083722911
1255181836967
1255225774853
1255257153947
1255641515861
1256059302829
1256227635919
1257192702947
1257247611947
1257408044957
1257488364437
1257490516967
1257752411957
1257880140901
1258193127977
1258377700967
1258490281967
1258502817863
1258636398137
1258955951237
1259012932871
1259185261853
1259327985137
1259381714957
1259634023957
1259958100789
1260257327957
1260364218829
1260456447799
1260665607977
1260953758637
1260991114871
1261086732947
1261155825851
1261281716861
1261544507957
1261649730919
1261801944947
1262012403991
1262156505829
1262448115871
1262512762871
1262623836977
1262715484853
1262754794537
1262810408891
1263094951967
1263136281881
1263475241957
1263830504891
1263947080789
1263995590337
1264472414809
1264629666437
1264643055901
1264721971967
1264854023911
1264950947537
1264995742337
1265395050851
1265600856977
1265617112891
1265750852957
1266145353901
1266169197437
1266424802809
1266537802853
1266544075967
1266605196947
1266655710919
1267009925957
1267304088977
1267317857537
1267427040881
1267735366637
1268174959811
1268702523947
1268900469737
1268953503947
1269102567977
1270001649923
1270106140943
1270251375881
1270363217839
1271083785947
1271252525891
1271312393839
1271728246853
1271777071967
1272027876947
1272157452901
1272199834637
1272359037919
1272429251861
1272492753947
1272646006871
1272740363809
1272962732957
1273337799137
1273377513977
1273517275853
1273680348947
1273814194853
1273878961037
1274025273881
1274358684437
1274607144901
1274608417967
1274611999337
1274626236977
1274832354919
1275096849821
1275116436851
1275129915947
1275419325863
1275680345957
1275861051947
1275861425957
1275883020901
1275983188037
1276163441957
1276200994909
1276513641947
1276785339821
1276946804537
1277296698809
1277356524947
1277406545957
1277745680537
1277857072637
1277884208537
1278117930977
1278507411901
1279191415967
1279638582137
1279870237637
1280154248911
1280242626881
1280364245957
1280688405947
1280860542947
1280884014901
1280987248337
1281114032953
1281129387947
1281618147863
1281864397337
1281901860851
1282191551957
1282197212911
1282268070851
1282381416947
1282436569637
1282454114891
1282466160947
1282503137891
1282513926977
1282540442839
1282572076789
1283132448901
1283274810901
1283329066967
1283566116799
1283855151863
1283950431947
1284125386853
1284162434861
1284217720871
1284386601863
1284515248967
1284697979941
1284818052799
1284965961137
1285035542957
1285166067947
1285179961337
1285456540789
1285474667237
1285555765337
1285870149737
1286034779537
1286067803957
1286084510957
1286254161851
1286374126909
1286570799893
1286857658819
1286901481909
1287092452967
1287124560851
1287154427957
1287219501901
1287276906437
1287284545637
1287492519437
1287720503957
1288141137901
1288482043789
1288723013861
1288961203853
1289047663637
1289253837437
1289445998843
1289570040901
1289702322901
1289732052799
1289818626137
1290033000073
1290191094851
1290355896437
1290534028871
1291146282901
1291231753871
1291247033891
1291479649037
1291929590537
1292157140839
1292241298967
1292305823911
1292328840799
1292642094977
1292671164919
1292911124891
1293181285789
1294077216977
1294177863437
1294267188437
1294383325789
1294622006891
1294756816337
1294935971237
1295003196901
1295119094957
1295210844947
1295252842789
1295656193537
1295783466137
1296235016957
1296311791909
1296471060901
1296479524337
1297008072851
1297171658537
1297453794137
1297744098137
1298071033871
1298203371901
1298360638637
1298424703967
1299153929831
1299594250637
1299600237919
1300156133953
1300292766901
1300463927911
1300510238887
1300631261933
1300752683957
1301199605957
1301528842819
1301749868537
1301898363947
1302030420193
1302128049923
1302518573809
1302889087637
1302913078871
1303029846851
1303224798919
1303499227853
1303843067809
1304167551881
1304190592871
1304348468957
1304446074829
1304558802901
1304645874947
1304792214881
1304890925957
1304923094957
1305050795809
1305077615911
1305098313829
1305163158829
1305730573871
1306328799437
1306528547957
1306812001981
1306872856637
1307095118957
1307175372901
1307225012953
1307286029899
1307449407863
1307845113881
1308048669737
1308157720819
1308191181881
1308254705861
1308347518909
1308555616789
1308563995337
1308591983537
1309066491977
1309092396947
1309164267919
1309242445871
1309321728901
1309394061947
1309746013819
1309860273977
1310133533971
1310257274891
1310367648977
1310791965947
1310889144863
1311187562957
1311370467829
1311399896237
1311537981977
1311768058967
1311787984337
1312328924861
1312639859537
1312753676957
1312815734809
1312827048851
1312874802901
1313178236861
1313211812953
1313231702933
1313486943947
1313913147829
1314032071981
1314052695947
1314143618839
1314150997967
1314169721957
1314248084861
1314530977789
1314660828799
1314687565637
1314862725863
1315013018887
1315175481901
1315210968901
1315248178967
1315254761809
1315269831977
1315581138947
1315629233911
1315672901911
1316005512923
1316219371871
1316253955967
1316855541919
1316974234789
1317056318861
1317404284871
1317439071947
1318005833839
1318039392863
1318124592947
1318142057891
1318414517957
1318566187637
1318621515829
1318663435853
1318800453829
1318850247863
1319074253911
1319302197947
1319470744789
1319602552819
1319780893337
1320185876957
1320191796799
1320218579899
1320351876947
1320449850851
1320791339899
1320871137881
1320914228839
1321234896977
1321393828967
1321513748861
1321564761901
1321575820819
1321629560957
1321928151881
1321929195947
1321934728853
1321993800851
1322072669899
1322511794809
1322733768947
1322868435947
1323282542891
1323328288967
1323480345881
1323590136881
1323765070819
1323932415829
1323983368637
1324284376967
1324297332851
1324562584789
1324704924947
1324804175861
1324880671909
1325179068947
1325600675957
1325713328861
1326165606851
1326220593829
1326258531901
1326581820947
1326593006957
1326712247911
1327173009919
1327450395977
1327575811853
1327924373957
1328059083863
1328270196863
1328530158947
1328594241977
1328829469811
1328888293037
1328913615919
1329122447911
1329125517901
1329233760901
1329457162853
1329512640881
1329707164853
1330223403991
1330339158851
1330488708947
1330695680957
1330847689337
1330962783947
1331291239909
1331818128947
1331857680947
1332424832891
1332447260891
1332801684901
1332841715809
1332925915967
1332940436911
1333148216839
1333250955947
1333424348911
1333441203923
1333732822871
1333846130839
1334166453947
1334315932819
1334355543901
1334425635947
1334537441911
1335116784863
1335558414919
1335639702863
1335736684637
1335784711967
1335910476863
1336092183851
1336093899137
1336173862909
1336341462829
1336412916901
1336468134977
1337026381819
1337067008911
1337113013953
1337179001839
1337456500819
1337511209929
1337549243957
1337614861853
1337671977137
1338117624901
1338150365957
1338169352957
1338906504863
1338918197237
1339057939337
1339197749801
1339751836637
1340133503971
1340166365809
1340271277871
1340284931911
1340354168809
1340376343871
1340461919899
1340593092901
1341011005093
1341037528871
1341237348851
1341392550881
1341433295957
1341857684537
1341883930967
1342170457819
1342419543851
1342446168799
1342518624851
1342844257967
1342958331919
1343231987957
1343338474853
1343338672789
1343357781947
1343602867909
1343875300871
1344168949337
1344477090919
1344627597437
1344642196967
1344806226851
1345274889137
1345507764947
1345530906901
1345548136789
1345747404977
1345800128839
1345886085437
1345898892809
1346294418947
1346532128911
1346716606789
1346892699959
1347074309899
1347094930967
1347207170839
1347214271891
1347225844967
1347440190881
1347544743947
1348246689137
1348416710957
1348467395237
1348663768037
1348676552537
1348746016853
1349011980947
1349205390947
1349291070851
1349541283967
1349550688337
1349563649831
1349664081947
1349790537437
1350397436957
1350504358871
1350599012911
1350824108891
1350842408911
1351006388957
1351023894851
1351074087851
1351423574957
1351458026861
1351490943799
1351514538947
1351632756977
1351650866957
1351754442947
1352011973891
1352219117839
1352378939237
1352491555967
1352654052881
1352683050881
1352870843957
1352893431863
1352962957337
1352995284437
1353044183891
1353135627901
1353720954977
1353900882977
1353913721957
1353936102829
1354016843957
1354167356957
1354278868037
1354329701911
1354515291901
1354542713809
1354550750911
1354928784137
1355215518901
1355327360911
1355562090851
1355630631881
1355718504799
1355905714789
1355971325957
1355982980237
1356253393853
1356571264967
1356696159821
1357129022839
1357139052851
1357160845967
1357399301957
1357501066819
1357525605977
1357624879811
1357690992137
1357870290947
1357964131967
1358135707967
1358442861947
1358545226957
1358727123977
1358731684637
1358925303863
1359048396437
1359143915957
1359145191799
1359380213911
1359578066237
1360097984537
1360173002887
1360402700933
1360670550829
1360679529437
1360809314861
1361077542901
1361078235901
1361097390977
1361522643829
1361685506957
1361938353947
1362064833947
1362068545967
1362070494901
1362453215839
1362722927957
1362833744957
1362887137637
1362912426901
1363002764839
1363555265957
1364062793957
1364724913967
1364921283919
1365776248337
1365848104909
1365952072789
1366525786337
1366618467437
1366667070947
1367317387637
1367827456337
1368094769801
1368119133947
1368280094957
1368315282977
1368417543947
1368507476537
1368655105967
1369120845919
1369292016919
1369414616957
1369422611861
1369933297037
1370018991919
1370165172829
1370198969801
1370506437901
1370525921861
1370685312901
1370814290957
1370861631851
1371033747851
1371101981839
1371285084863
1371761571863
1371915480919
1372035855863
1372042257829
1372141746947
1372169841947
1372526941967
1372589755037
1372782032957
1373040761839
1373055821861
1373434128851
1373557753637
1373712315881
1374041925947
1374073356863
1374079352957
1374140426839
1374154802957
1374701166901
1375341087863
1375671236957
1375691350853
1375722540947
1375994470337
1376039128967
1376054223881
1376316266957
1376517213901
1376744671637
1376807442947
1376881709831
1377291539537
1377320930809
1377739265237
1377833494337
1378013187977
1378134070871
1378327505957
1378889819743
1379157391637
1379515531789
1379751300901
1379886638843
1379956443137
1380447847637
1380623541881
1380882856337
1381597287137
1381645765637
1381655372957
1381666754537
1381763223901
1382080176947
1382190251891
1382295196637
1382432234839
1382557040861
1382623802957
1382735213861
1382823157789
1382921736947
1383237354977
1383344342911
1383581443967
1383954167537
1384009653977
1384038724967
1384040808851
1384045690967
1384131842809
1384253243809
1384353616909
1384368665237
1384388001901
1384762587137
1384841912957
1385046742789
1385056238957
1385494549037
1385993334437
1386336121871
1387023047957
1387930099337
1388072599037
1388087403947
1388265399929
1388352353957
1388418502789
1388637015947
1389025850957
1389025948337
1389132246863
1389212280901
1389235521977
1389435486137
1389863750237
1390606939637
1390746938237
1390820094901
1391074484957
1391469402977
1391566720853
1391805620861
1391880054863
1392034307891
1392084561799
1392090393977
1392091386947
1392195060947
1392681140861
1392915835637
1392942262967
1393190374909
1393479660437
1393511908967
1393695168137
1393704243901
1394323226861
1395506958137
1395585984809
1396021173829
1396067981237
1396258165637
1396530256853
1396683668819
1397044446947
1398002268799
1398080014871
1398205052957
1398454465337
1398559755809
1398579971843
1398666381137
1398810894137
1399179091337
1399451136947
1399531920947
1400075856947
1400091612877
1400378531891
1400437944947
1400684775947
1400893560947
1401075004897
1401082520953
1401350957911
1401447461891
1401591693863
1401663780901
1401853927909
1401907828967
1401942477919
1402242108877
1402290122953
1402421352923
1402433771891
1402524798947
1402554740891
1402785193967
1402815658967
1403085083891
1403125695901
1403376704911
1403414878909
1403868395537
1403964822977
1404147975947
1404149475863
1404394683947
1404492258977
1404593076977
1404609268967
1404824788637
1404887028947
1405137353839
1405263629899
1405473186977
1405525605881
1405533258947
1405689856037
1405917662957
1406082428911
1406297776337
1406374181911
1406395094957
1406493162947
1407020210173
1407351724819
1407474318799
1407672624977
1407733276909
1407770678537
1408130601877
1408148216957
1408165730911
1408243581947
1408406931901
1408444442957
1408623441829
1408938106909
1408971202819
1408973988809
1409317137947
1409440594789
1409744443853
1409948528237
1410055088891
1410196743947
1410447371891
1410587951957
1410614141971
1410772776947
1410939250871
1411034351933
1411084935851
1411222503953
1411273596919
1411755592789
1412003245897
1412078197853
1412194095901
1412834197967
1412949191957
1413114992911
1413127383881
1413175337957
1413267782957
1413463774967
1413604596799
1413744614911
1413951192947
1414183415839
1414338137911
1414658632967
1414680138901
1415078046947
1415198918537
1415219100877
1415381217829
1415428556957
1415888390537
1415944713977
1416071796947
1416334575919
1416429546947
1416546552977
1416638706947
1416698321957
1417004655881
1417130807891
1417329093977
1417558843637
1417622155871
1417711881863
1417755522977
1418063425819
1418682081799
1418685275537
1419045741901
1419095007851
1419096510901
1419123383911
1419218745947
1419394939811
1419521665853
1419622087789
1419653317967
1419682310957
1419853780637
1420076597957
1420110526981
1420128479899
1420412800943
1420495348967
1420741475809
1420746447863
1421087307881
1421364940819
1421575854947
1421710558819
1421907636977
1422226545829
1422237267901
1422457176799
1422461736901
1422485574947
1422538065947
1422555555977
1422572863967
1422857601901
1422983502851
1423039185901
1423122858851
1423369516909
1423599737237
1423608344911
1424060878789
1424219247947
1424345641819
1424480444911
1424488749137
1424676785237
1424928529637
1424938170977
1425369216863
1425614831911
1425637263977
1425795909137
1425951322819
1426640803871
1426647342863
1426947797819
1427331597947
1427514367967
1427632499537
1427973699959
1428096141947
1428173546957
1428235811809
1428236078957
1428558793037
1428645302957
1428818120861
1428988035437
1429091680967
1429268568137
1429331037829
1429395395237
1429440435901
1429686064637
1430121788957
1430270792809
1430653176947
1430731384871
1430846967437
1430983639637
1431094723819
1431281690911
1431425880901
1431437874947
1431508237871
1431792215911
1431981213881
1432136831891
1432237580861
1432314936947
1432361586863
1432498399037
1432828685537
1432927293947
1432955964437
1433355628909
1433461200923
1433767191947
1433828352863
1433908600819
1433918712977
1433966082947
1434755730977
1435022394829
1435362452861
1435405275947
1435665268637
1435763426957
1436338233851
1436454462977
1436700487967
1436745929831
1436771064863
1436901727967
1437169425947
1437198176537
1437285002891
1437385578137
1437608848337
1438502930957
1438648972037
1438695472337
1438793327537
1439064543799
1439191761947
1439274110839
1439594553437
1440035033953
1440068480957
1440129653957
1440829084853
1440934593947
1441061675957
1441176861919
1441334835851
1441339118911
1441618806863
1441650918977
1442266117871
1442564293909
1442587013957
1442652480947
1442794120871
1443747880637
1443790477637
1444569682337
1445036605871
1445057907947
1445100530971
1445300466829
1445454292967
1445554652957
1446066549737
1446075404861
1446185074909
1446523217957
1447061763799
1447101666947
1447526425853
1447875399959
1448044437799
1448101905829
1448244453863
1448425056919
1448435986037
1448551501871
1448579229137
1448630008871
1448927394137
1449341995337
1449367141967
1449474427637
1449508416947
1449606187637
1449613601809
1449639823337
1449977092037
1450257272809
1450362734911
1450578565637
1450936282967
1451252581819
1451427861977
1451511665911
1451516533871
1451571475789
1451642471809
1452207237881
1452261760819
1452286482947
1452613931957
1452701794909
1452755692637
1452801936863
1452907232957
1452981699929
1453617621851
1454003946947
1454105111887
1454128911901
1454798184137
1454832093919
1454926140901
1454996064437
1455093884537
1455180336947
1455235721809
1455546451967
1455743849237
1455829516637
1455955565237
1456042327871
1456090136861
1456090812851
1456155333851
1456482320861
1456604347853
1456924135967
1457088454637
1457562466637
1458029235977
1458354532853
1458516461957
1458783057437
1459117585637
1459202282809
1459529881037
1459561702789
1459576519811
1460438905909
1460473424911
1460684526947
1460693150957
1461181317829
1461373215829
1461457507967
1461601485901
1461614451881
1461639702977
1461701672911
1461860770967
1461931415957
1462047513881
1462048232891
1462204575901
1462257525977
1462311836911
1462397783237
1462809845537
1463261791909
1463332361891
1463334128957
1463337724967
1463400475819
1463669006957
1463742527957
1463789199809
1464522925909
1464713541901
1464750688337
1465210419919
1465278395237
1465279510853
1465346902853
1465478133947
1465526550977
1465536118789
1465683530957
1465815074957
1466445702919
1466451133871
1466594100901
1466668478819
1466847085337
1466924495237
1466929573037
1467009237919
1467015348977
1467252876437
1467253374947
1467353700947
1467490348637
1467906476237
1468051598537
1468061027809
1468234164919
1468402654967
1468555084637
1469011273819
1469301542809
1469429074637
1469803965137
1469813883137
1469815110901
1469938679743
1469953101977
1470230855861
1470368541919
1470478270909
1470529026947
1471063904911
1471078408853
1471168035851
1471228902947
1471463841863
1471476504863
1471609308863
1471703830819
1471823424901
1472133725911
1472194897037
1472394063799
1472608632863
1472649694037
1472887757819
1473240928909
1473293105957
1473609994037
1473741175789
1474385071967
1475219742947
1475318520901
1475418894137
1475486464337
1475709020861
1476052800829
1476097899853
1476402853909
1476695190437
1476800365967
1477125702901
1477167583337
1477263118853
1477544127947
1477561040911
1477626059537
1478561343947
1478659691819
1478885173037
1478920050901
1479276220967
1479505002881
1479990722237
1480025075839
1480294345967
1480408583957
1480890623957
1480903313891
1480926550967
1481157896237
1481351354911
1481355328909
1481405345957
1481443465967
1481889403637
1482498999733
1482621443911
1483256623853
1483451743789
1483640531911
1483825973237
1483932378437
1484258031901
1484379587819
1484441148919
1484456235947
1485452533967
1485558362537
1485836205947
1486236973337
1487022801881
1487418376337
1487824417637
1488975392819
1489059950237
1489176547037
1489493229137
1489612063909
1489774045337
1490112387947
1490133383911
1490391313871
1490463331871
1490702362871
1490724940853
1490763072919
1491003980861
1491088431799
1491101229923
1491162754789
1491512181829
1492004677789
1492028805919
1492220691851
1492542243947
1492544965337
1493135064901
1493214327851
1493713510819
1493869047137
1494026472863
1494280704799
1494322545977
1494369229337
1494399513437
1494451453853
1494630320891
1494687551237
1495065234799
1495075611977
1495144005881
1495224435919
1495235913947
1495297482137
1495313391799
1495499180237
1495502114891
1495732465637
1496266890137
1496692726037
1496734354637
1496808411947
1497517715537
1497605978819
1497862770137
1498006922957
1498036961537
1498177541537
1498596374819
1498801023851
1498889131037
1499469451037
1499840357237
1500633853871
1500705581891
1501240036897
1501444827851
1501694900911
1501952363911
1502037868789
1502537664863
1502597812909
1502760266911
1502832146891
1502943417851
1503013171897
1503227388977
1503636366863
1504055186911
1504228940861
1504381846789
1504421937947
1504446092911
1504541646851
1504635282947
1504637240839
1504772085919
1504834335947
1505440094839
1505491086919
1505591398637
1505993546537
1506338661977
1506462845957
1506532283957
1506689130977
1506737700851
1506827599037
1506854236967
1507084492789
1507203780829
1507326546919
1507572733967
1507592034947
1507619290909
1507748392637
1508163294863
1508670503861
1508786004919
1508992625537
1509094750789
1509107999237
1509339316909
1509622055861
1509728385437
1510272000073
1510577266853
1510831958957
1511066748977
1511159277799
1511217648851
1511238199789
1511701648819
1511854483967
1511887053977
1511965344863
1512126167891
1512140787901
1512181578977
1512285799337
1512805747909
1513145931881
1513167745909
1513233891901
1513358181851
1513469138957
1513737438947
1513752087863
1513805718977
1513924389737
1513936332901
1514154969737
1514186759537
1514427762863
1514514792799
1514672861957
1514918529737
1514964047957
1515022773829
1515230466881
1515253146881
1515270847967
1515620718947
1515673107947
1515831684947
1516038783947
1516071891977
1516152577909
1516210892957
1516249022839
1516734090901
1516811603891
1516921226911
1517106477863
1517115518911
1517191152881
1517721318901
1518193164977
1518280970957
1518507625909
1518544813909
1518823511809
1519176091967
1519562748437
1519576913537
1519866641537
1520068635851
1520159621891
1520241171877
1520375358919
1520393903957
1520492760851
1520670937967
1520704926901
1520796822947
1520876317967
1520936540861
1521060785861
1521082808957
1521143878789
1521464930957
1521518228957
1521569043947
1521790640861
1521810943871
1521868900967
1521918252947
1521938610947
1522480818977
1522661208829
1522752323891
1522755204829
1522821832871
1522865920853
1523031739909
1523424407891
1523456136901
1523911724809
1523936812967
1524119637919
1524374143871
1524426367853
1524444574967
1524638245789
1525156560947
1525171576909
1525238235901
1525254506957
1525424631881
1525561146947
1525566208853
1525599253637
1525670612911
1525789767809
1525818289337
1526466033901
1526690227967
1527143922947
1527251451829
1527306476957
1527604182851
1527683528537
1527836523947
1528126923977
1528206187789
1528267557437
1528463424919
1528511390911
1529449104977
1529631346909
1529973012977
1530613652839
1531215843881
1531273462871
1531755535909
1531831076861
1531859124863
1532226948947
1532309660911
1532455293977
1532464348967
1532569676237
1532956674437
1533018327829
1533337885637
1533377041871
1533382573967
1533432309919
1533595771637
1533637167947
1533638230819
1533800676977
1533842095853
1533850870967
1534265324957
1534631156911
1534907412947
1534908411851
1535108286799
1535111855861
1535337795437
1535580076853
1535604756947
1535712096977
1535794035947
1535917423967
1535959598843
1536219260809
1536224916977
1536449316947
1536455659337
1536929673137
1536988290137
1537046107871
1537243951909
1537279311977
1537461420829
1537543642909
1537808099237
1537856707337
1538026986437
1538483446637
1538591224853
1538686663037
1538886480137
1538983084337
1539477911537
1539937031957
1540241131943
1540287058909
1540505388977
1540520087891
1540529338967
1540662416861
1540973532799
1541004141953
1541044628861
1541372863909
1541440625891
1541507832901
1541543954957
1541662730957
1541717889137
1541746886237
1541868865037
1542092335871
1542127372871
1542308808919
1542362084911
1542379054967
1542529314901
1542670074901
1543045344829
1543312994957
1543509480977
1543778146637
1544160765799
1544171175851
1544315155871
1545177164957
1545770325863
1545776916137
1545845578037
1545963772337
1546306851977
1546469610947
1546581747437
1546593963137
1546905162799
1547225520829
1547361094967
1547408769821
1547686307537
1548072472909
1548127660967
1548686139137
1548976352237
1549080266957
1549143919637
1549173226967
1549193431967
1549256677037
1549532991437
1549704449537
1550101315897
1550392257919
1550464270871
1550493831977
1550525553947
1550756902853
1550781455957
1550969395037
1550981073919
1551006069919
1551260264839
1551589131977
1551594410911
1551804448967
1551889640537
1552069061957
1552111864871
1552131376819
1552528689137
1552826337947
1553018943799
1553022386957
1553059057789
1553162391901
1553380725977
1553391801851
1553622663799
1553731825909
1554103419919
1554359736437
1554453363863
1554482697137
1554526318853
1554717500957
1554751017851
1555011971809
1555112364881
1555197657137
1555273601911
1555502565977
1555613274977
1556164382957
1556348690537
1556972453537
1557104571947
1557233801911
1557407922947
1557641849237
1557705024901
1557928079801
1557960036947
1558214261809
1558259988833
1558285732637
1558659616037
1558696015637
1558913103851
1558983350537
1559043800957
1559060351911
1559203735853
1559424504919
1559453152967
1559721003829
1560441363829
1560640391911
1560730075871
1560777030947
1562652651799
1562685304909
1562715785537
1562728512977
1562745113957
1563050571829
1563259973237
1563444832909
1563453545957
1563508634957
1563575116967
1563626244977
1563650752967
1563789282137
1564032563809
1564433346799
1564441064957
1564580499137
1565045078957
1565186767037
1565221282871
1565491044977
1565710803901
1565711052881
1565753819831
1566791293337
1567025749637
1567122807799
1567450075967
1567668891809
1568330017871
1568505369437
1568611920919
1568630254967
1568638375037
1569027154853
1569154224919
1569403722919
1569771447137
1569851507537
1569947532137
1570174313891
1570296461957
1570301836819
1570754033911
1570884279137
1570930640957
1570937112947
1571138983637
1571203257881
1571207917967
1571646287537
1572055252871
1572213572957
1572300448871
1572356864537
1572651447947
1572847447337
1573055051839
1573152603829
1573170903947
1573223835863
1573265415919
1573530272957
1573637225957
1574001952871
1574084836637
1574163224911
1574290443863
1575753303863
1575766550537
1576015830901
1576043916947
1576104059899
1576150911851
1576170315851
1576213080881
1576334052851
1576804855337
1576858655819
1577112471947
1577674591037
1578260151851
1578335068637
1578396172337
1578674374037
1578700246789
1578760133957
1578903303863
1579005421871
1579353616637
1579605575237
1579792027337
1579926102947
1580012846809
1580046358789
1580070524839
1580119524947
1580165445863
1580310122933
1580389475237
1580409858437
1580526342947
1580646883337
1580871453947
1580984264537
1581273582947
1581318423851
1581606215957
1582484168537
1582639674137
1583188150909
1583236561789
1583306653853
1583824859801
1583958700637
1584482585237
1584521351957
1584803308789
1584903126977
1585151454863
1585461240851
1585706214977
1585720905947
1585826877809
1586052274909
1586223071809
1586303544799
1586663014967
1587021796637
1587082810853
1587381150863
1587571843337
1588123056977
1588161072863
1588891035437
1588940142947
1589000820829
1589241220871
1589357315537
1589389459951
1590013717819
1590020685901
1590145224881
1590297798809
1590309517967
1590639051919
1590791070919
1590884188037
1590983799929
1591050554809
1591075313911
1591308914957
1591831561909
1592152118861
1592157118967
1592232128957
1592586527237
1592637248537
1592873219537
1592885534237
1593112608947
1593247017799
1593948791819
1593965713337
1594050863957
1594233071957
1594623642947
1594637309537
1594872033947
1595090443853
1595103507901
1595155320851
1595206404851
1595214559637
1595523550853
1595611138789
1595642116909
1596223516967
1596239561537
1596626755037
1596655220957
1596700722977
1596786585833
1596835119437
1596837576809
1596958739941
1597114161901
1597152967037
1597158641537
1597182110861
1597712142799
1598233267637
1598272552637
1598500741909
1598940201799
1599000096919
1599145390637
1599183392237
1599202700861
1599261575237
1599287855843
1599382518137
1599445373237
1599501303947
1599825242537
1600450409933
1600657146901
1600719899237
1600824174881
1600829555957
1601629425901
1601892688337
1601951458967
1602119279899
1602146165839
1602195048901
1602596641967
1602824637919
1603303568957
1603468115911
1603612754911
1603834612871
1603930451839
1603957710863
1604334470891
1604560741871
1604741316881
1604869591337
1604914851863
1605097022839
1605108581861
1605131888957
1605209246911
1605361648853
1605485212871
1605737401819
1606081898537
1606171462871
1606336842919
1606346761909
1606453778537
1606454550947
1606550566967
1606868310919
1606941454967
1606946857037
1607162943977
1607406534901
1607412176861
1607900595947
1607931183799
1607954846237
1608179431909
1608499122947
1609005654901
1609032708947
1609072374799
1609143542957
1609181085977
1609207392977
1609222563901
1609394749811
1609485312977
1609537939811
1609746883037
1610295353809
1610422610933
1611222891829
1611927775637
1612062664871
1612332409913
1612623195947
1612625614819
1612772989811
1613122668901
1613213846809
1613247655967
1613253675919
1613429205881
1613437172861
1613794121809
1613947506947
1614359601901
1614478252853
1614695865137
1615307484799
1615343724851
1615625787437
1615734051829
1616184081851
1616303727947
1616322580819
1616436904909
1616642915957
1617007911829
1617054173957
1617176025947
1617179342957
1617382106957
1617896832137
1618143564977
1618172257789
1618187216957
1618651670957
1618842072977
1618845528437
1619228241901
1619308760957
1619388245537
1619406444977
1620129964853
1620284066809
1620670623829
1620782184799
1620787352957
1621111014073
1621165828967
1621576650977
1621583518909
1621665355789
1622581190809
1622755632863
1622844275957
1622855908637
1622891499137
1623246592853
1623298063853
1623606781967
1623706650901
1623843328853
1623881788037
1624020975851
1624232393957
1624408879337
1624627404947
1624654155977
1624727263909
1624976761337
1625246671967
1625292893537
1626072376967
1626716985137
1626868210853
1626962918237
1627007246861
1627012592809
1627401761957
1627570660789
1627725928337
1627962806537
1628017700839
1628176302947
1628432217851
1628484207947
1628660056853
1628789766833
1628816511799
1628905573637
1629081147919
1629090552863
1629124731851
1629137074853
1629430125881
1630139646977
1630184190881
1630250219933
1630735523957
1630745491789
1630759937237
1631346393977
1631676141947
1631735464967
1632075624901
1632366018851
1632501258881
1632514517861
1632807886337
1633397963237
1633549103957
1634007777947
1634333058851
1634382770957
1634476153909
1634539220911
1634573443967
1634574255947
1634625332861
1634716412957
1634920366909
1635003908809
1635005771957
1635079062919
1635122974909
1635208263947
1635282283909
1635429673637
1635532036819
1635536994137
1635587660537
1635634092919
1635656332853
1635867141947
1635902077967
1636066775537
1636325076977
1636352451901
1636460315957
1636594268237
1637047668437
1637081621957
1637149011881
1637189391437
1637256721909
1637339178437
1637407336853
1637524156909
1637603256977
1637920350851
1638230535901
1638248044967
1638307809737
1638431436919
1638591748037
1638619204909
1639928283137
1640051547829
1640405545871
1640462751947
1640896681337
1641114644839
1641196362919
1641420894977
1642019467789
1642039181911
1642134667909
1642271268919
1642373993537
1642375864637
1642571993537
1642998142637
1643209367957
1643309243911
1643333775947
1643406360829
1643580303881
1643656774337
1643685716537
1644169102819
1644172063819
1644332691977
1644386620853
1644553986137
1644750462863
1645176261977
1645185105947
1645328322901
1645447948037
1646003848967
1646113462871
1646272824947
1646332080881
1646675570537
1646729294237
1647056489831
1647119372957
1647122566909
1647172921789
1647235275947
1647415092919
1647427326947
1647872799929
1648200535819
1648484716337
1648574274437
1648935552437
1649381745437
1649448912437
1649511241871
1649780924237
1649948830037
1650387604909
1650490601839
1650557700901
1650745416799
1650843510829
1651074682967
1651830059899
1651975221977
1651984402967
1652080850911
1652153407871
1652744561957
1652779352537
1653701198957
1653715615967
1653765609437
1653865552637
1654465234967
1654534130891
1654550806967
1654723471789
1655108132891
1655181884537
1655292597137
1655404605947
1655724829337
1655844554537
1656353977037
1656555322909
1656721161947
1656947445137
1657145901919
1657516694237
1657731203809
1658047376537
1658131460911
1658242227977
1658448361637
1658834302967
1659109532957
1659254087537
1659495029831
1659733122919
1659900243977
1660600178911
1660695115967
1660959240947
1661351952977
1661352772909
1661449612789
1662327364967
1662509541799
1662549562637
1663064193799
1663277135957
1663349467337
1663516804853
1663788317237
1663973005853
1664084452967
1664439329537
1664483053967
1664726001881
1664819635337
1665041027891
1665407406919
1665525514909
1665637723637
1665659803337
1665724308947
1665942257537
1666000475809
1666006271911
1666149322967
1666195843337
1666312442911
1666572200911
1666632745637
1667420176909
1667601720947
1668027261799
1668065595137
1668074396237
1668096761237
1668109065947
1668221313881
1668366030977
1668422065789
1668749205437
1669032224957
1669076950337
1669091289821
1669206936437
1669230422957
1669394851037
1669470942437
1669913185337
1670044382911
1670116558853
1670151914861
1670787526337
1670977734137
1671293173789
1671373741853
1671616572947
1671679294037
1671851130881
1671872367437
1672059097637
1672349013901
1672802522957
1673010771881
1673435244799
1673726669801
1674058023901
1674640543853
1674835474337
1674906248537
1675227118909
1675256479811
1675732551947
1675814198237
1675877852819
1676223413957
1676318653637
1676563796819
1676685984833
1677370350863
1677639566819
1678221131891
1678778251037
1678827099883
1678959549733
1679507359037
1679676649951
1679706168137
1679942864819
1679960211947
1680038055851
1680171886637
1680682353947
1681193133901
1681290966437
1681969299929
1682125257863
1682496167237
1682588292137
1682641151809
1682931131957
1683527964137
1683619051967
1684232591957
1684267880237
1684583529137
1684583926037
1684635296237
1684691952137
1684924934237
1685038326947
1685400551911
1685406487337
1685443400911
1685919614237
1686414910909
1686435189821
1686532423967
1686950771237
1687193085437
1687212322819
1687450334957
1687865870819
1687949328809
1688442663437
1688730562637
1689028420853
1689198334037
1689865310537
1690161444901
1690324116881
1690796351537
1690858130957
1691290241957
1691407328957
1691638544537
1691690262947
1691703096947
1692008730901
1692146033911
1692163212829
1692201567799
1692227881637
1692265385537
1692416976137
1692461179637
1692507217909
1693243060819
1693333227863
1693562946137
1693989705809
1694210467909
1694226154909
1694307303851
1694709361637
1695127856237
1695242223901
1695302060839
1695335242967
1695436268237
1695439667819
1695722106863
1696012812947
1696269621437
1696931124947
1697114533853
1697314713947
1697410192789
1697523120851
1697748015437
1697964690809
1698090213977
1698097117337
1698457170437
1698632354537
1698864109037
1699190100901
1699471619801
1699647243137
1699951232537
1699983066809
1700002264897
1700048573957
1700127792901
1700299061957
1700423863819
1700481815911
1700649459737
1700771721829
1701092267957
1701522140953
1701578310881
1701647068853
1701760619899
1701841905901
1702083770911
1702364661947
1702637457947
1702705668947
1702818170957
1703077815799
1703097517853
1703135578789
1703395227977
1703666113819
1703707782947
1703821616911
1704051870881
1704186026957
1704191075809
1704623444861
1704999409811
1705157910901
1705869438137
1706231456957
1706351972957
1706362180819
1706485342853
1706708046863
1706856366437
1706884968809
1707065045957
1707738043789
1707834493637
1707941007901
1708012588967
1708279805537
1708282320881
1708420938947
1708531914863
1708678499863
1708774932437
1708817521967
1708970875037
1709030012887
1709114318861
1709124152891
1709253234947
1709305456853
1709350734799
1709986869733
1710178474789
1710295305881
1710502897967
1710616662901
1710629598437
1710970631957
1711506554911
1711675297637
1711726438853
1711749270799
1711857065957
1711901662819
1711986853337
1712034558947
1712062339909
1712225456861
1712247394789
1712366370947
1712444197967
1712735544977
1712901099799
1713009474901
1713036809899
1713307238861
1713462254957
1713551064881
1713588540947
1713614741957
1713779718137
1714036962863
1714398655337
1714683074957
1714734256789
1714794629237
1714895538137
1715039356967
1715039503871
1715136362861
1715761512947
1715965284437
1716132229909
1716228183863
1716243243829
1716388556237
1716907225853
1717049353909
1717099312967
1717117713901
1717135934957
1717559230789
1717573513967
1717586625437
1717602726799
1718360261809
1718411265947
1718919633437
1718925305957
1719547101901
1719580422799
1720085424881
1720137546851
1720828882637
1720926131891
1721015528891
1721199651947
1721256797537
1721705638789
1721786622947
1721802284911
1721852490977
1722117346871
1722194968337
1722219801881
1722491707967
1722628151861
1722663741977
1723416335911
1723467543947
1723496334947
1723518252901
1723774622957
1723802278853
1723832026871
1724051761871
1724307550871
1724423682977
1724931413911
1725544363789
1725592654637
1725844281947
1725863403799
1725959543237
1726141467977
1726174160861
1726244153957
1726285564637
1726317833957
1726416420829
1726580232901
1726897181237
1727027219899
1727090008871
1727099179811
1727255796137
1727316608957
1727364360977
1727520462851
1727863521947
1727903330911
1727971089137
1728019905947
1728035643977
1728093225977
1728146740909
1728163787237
1728199336337
1728381500957
1728456913637
1728620157863
1728784415537
1729061914967
1729092122911
1729248943337
1729336107977
1729345709537
1729362486437
1729501350881
1729836244637
1730039318911
1730341587977
1730446313891
1730523269899
1730527091861
1730585145977
1731010422991
1731074936957
1732105965977
1732443570947
1732543368947
1732640628799
1732849041799
1733025751819
1733216561957
1733604406871
1733678057537
1734041752871
1734676954037
1734711186863
1734758293337
1734959912237
1735242465919
1735261096967
1735319038909
1735638666137
1735831813853
1735852500947
1736095970537
1736404546909
1736526840947
1736731115957
1736745996809
1736913872537
1736961053957
1737189085337
1737322821947
1737511164947
1737681007967
1738328440789
1738533656537
1738534960637
1738756334537
1738991633237
1739053486637
1739614659137
1739616602957
1739660100881
1739810274947
1739898121337
1740233744957
1740299223863
1740416088863
1740773344909
1740886486037
1741476074957
1741634569637
1741804858637
1741884950537
1742138028901
1742505361871
1742515331891
1742890186637
1743288548237
1743437151947
1743741214819
1743753180919
1744111548947
1744318543789
1744351152881
1744419885137
1744686551537
1744715460977
1744818414947
1745216423809
1745225645957
1745703260911
1746402704957
1746558943037
1746573234947
1746578894843
1746630879821
1747341018851
1747916033957
1747964704337
1748035480967
1748102484977
1748155993037
1748425702909
1748747001863
1748918009537
1749209836337
1749311607863
1749383985809
1749475285037
1750456506919
1750532076901
1750537397537
1750652274799
1750707016871
1751258624957
1751496150799
1751555222957
1751737772537
1751949443537
1752057165977
1752223274911
1752230275871
1752242506871
1752437649437
1752438301819
1752603161891
1752624621901
1753010387809
1753107925909
1753205650871
1754735528537
1754743928237
1755219417947
1755282621863
1755487868843
1756227432977
1756286517437
1756337744537
1756595624237
1756614240947
1756679209037
1756732344947
1756805430977
1757030698637
1757046604967
1757105166799
1757153263967
1757414650853
1757499266819
1757639351537
1757645393237
1757861609831
1757899841843
1758349424537
1758487430537
1758498271037
1758722773337
1759032676637
1759303331809
1759414954337
1759575092237
1759603131851
1759669559941
1759870513637
1759938043337
1760041726819
1760464689821
1760477115977
1760596799939
1760690013881
1760750850799
1760903986337
1761170823851
1761217045871
1761308572853
1761531489737
1762170447977
1762334720911
1762453093789
1762916836337
1762934333957
1762979420537
1763003708911
1763092587437
1763557651637
1763797866833
1765178203909
1765676144537
1766062123871
1766073640789
1766260318789
1766414004829
1766490583337
1766621686337
1767210911911
1767249136637
1767308154947
1767328945037
1767341182909
1767382644437
1767405901909
1767987680843
1768306585337
1769193442637
1769242810967
1770009267919
1770263054957
1770345761957
1770408270947
1770501077809
1770584520919
1770655872437
1770920464909
1771119489437
1771277720957
1771291332851
1771908648137
1771919014967
1772253251957
1772297709821
1772389483037
1772583620957
1772944765037
1773486111919
1773577266137
1773791083637
1774104863957
1774391044967
1774408477337
1774632442853
1775271140861
1775462933537
1775532444947
1776021869537
1776201394853
1777024770947
1777088613437
1777192187237
1777484545037
1777602228947
1777617267137
1778253110861
1778385147137
1778587522037
1779639818843
1779771100909
1780203707911
1780231525819
1780241037829
1780735301809
1781064833957
1781100782957
1781160660901
1781311328861
1781401480819
1781614558637
1782418002829
1782469531637
1782570252863
1782876133637
1782986484809
1783241346977
1783323481909
1783349427437
1783723305799
1784344334957
1784363672537
1784534405957
1784534610799
1784791822337
1785261021881
1786134386537
1786182243947
1786418420957
1786546460537
1786553113789
1786640431967
1786756782809
1787320777337
1787578571819
1787651617337
1788050632789
1788122173967
1788722996843
1790002868957
1790135861957
1790148023957
1790298000947
1790523888137
1790645260909
1790752314863
1790869991843
1790911922957
1791084324977
1791521608853
1791577057337
1791587874809
1791924195437
1792026267947
1792162957337
1792692532637
1792914278237
1793052806957
1793231852957
1793327739821
1793493662237
1793802401957
1793806772237
1793836514537
1794247303909
1794298953809
1794625093637
1795013587637
1795166010947
1795249497809
1795306892237
1795353223967
1795451088437
1795474560437
1795518202967
1795530575537
1796038494137
1796222488337
1797252428537
1797371704637
1797380348237
1797432020861
1798442715437
1799920806137
1800203957861
1800270648901
1800342845957
1800696631967
1800800797909
1800805813819
1800892057967
1800897827237
1800926901901
1800927794537
1801252348871
1801378605977
1801508741861
1801666666637
1801694697137
1801761018829
1802137657909
1802216991863
1802350871861
1802375901947
1802411843891
1802526632861
1802681382863
1802946576437
1803369122861
1803437268947
1803502476851
1803526325911
1803528026957
1803532633871
1803546148909
1803736501871
1803818610851
1803974739821
1804123876967
1804350876947
1804497319637
1804552959437
1804904441911
1805002781891
1805517462799
1805966290637
1806129035957
1806194369537
1806240765799
1806743025947
1807227678437
1807383221911
1807451983637
1807515530809
1807632785537
1808065387637
1808203928957
1808333157977
1809049013809
1809081878237
1809153350861
1809314360957
1809317550919
1809343191919
1809415800901
1809810193853
1809832983137
1809877299929
1809909240947
1810270637957
1810672680799
1810775362789
1810812761809
1810895459237
1810906153871
1810951164901
1811031898789
1811064667967
1811165453957
1811187162947
1811334200887
1812403861819
1812428553977
1812870183977
1813172822957
1813475302819
1813545260809
1813557041809
1813711881977
1813822068977
1813974928037
1813983021901
1814016328871
1814214455957
1814351715947
1814370367967
1814378260789
1814393406799
1814470180819
1814501555957
1814864541947
1815371253851
1815509434789
1815545147957
1815792085637
1815816578237
1815931846637
1816052782853
1816511821819
1816607046977
1816802126861
1817019501881
1817249727437
1817834503853
1818021843901
1818584623637
1818632558537
1818653612957
1818812496437
1819038916637
1819434182957
1819902810863
1819930180967
1820402753839
1820537781947
1820761403891
1820918142947
1820928935537
1820982028909
1821035365871
1821047249899
1821152057839
1821521552891
1821596021957
1821813701839
1821816814967
1821846163789
1821959022977
1822090518851
1822184531809
1822194729737
1822292571863
1822580776637
1822668116957
1823009779637
1823590109899
1823938853237
1824125998337
1824128770909
1824140883919
1824207976637
1824439360967
1824627599939
1824792654437
1824852657437
1824979180337
1825015172839
1825426851947
1825529025919
1825677231947
1826000878789
1826271441947
1826503951967
1826676547037
1826751754637
1827143046947
1827422535863
1828228037957
1828259376137
1828805685137
1828916401789
1829431481957
1829555851337
1829810469437
1830045392957
1830184053829
1830187160957
1830348134911
1830606056809
1830647380789
1830903790909
1831144508957
1831492887137
1832541744799
1832575687037
1832632227851
1832837341967
1833073951853
1833125711891
1833245205829
1833650361901
1833774030947
1833948329831
1834424184799
1834591669811
1835066204911
1835212337957
1835501345957
1835686841237
1836058272947
1836117364789
1836317060911
1837294544537
1837574940437
1837765956809
1837766742137
1838139025967
1838166556337
1838179137437
1838301417947
1838454404957
1839104876537
1839766326137
1839805907237
1840125444881
1840221015923
1840258345789
1840282836947
1840647127789
1840770478637
1840907601947
1840927720909
1840987333637
1841207772799
1841493778037
1841497643537
1841629954337
1841803025891
1841891746337
1842712195967
1843280497637
1843360425901
1843465440977
1843813860947
1844144612911
1844324091947
1844899593833
1845053635967
1845152217901
1845570046909
1845573382637
1845893158037
1846036878137
1846200110971
1846273747337
1846364520799
1846601167909
1846777827809
1847016739637
1847188190537
1847260995137
1847545194437
1847562557237
1847819074337
1847891503637
1848229609337
1848384482237
1848463783037
1849066329437
1849441289831
1849445408537
1849660053947
1849719502637
1849842853037
1849887870833
1850100683891
1850134073891
1850576422967
1850984799929
1851065852957
1851654796037
1851737034799
1851967460537
1852063524851
1852506540851
1852914289337
1853126225809
1853253905957
1853502417947
1853693410967
1853736043909
1853982211789
1854445230851
1854911352799
1855095952337
1855177421957
1855193635637
1855201617851
1855211805851
1855656370637
1855684525337
1855691880137
1855810402871
1855900350901
1856224905947
1856626123853
1856711724947
1856751240919
1856768062337
1856923494137
1856927950037
1857001706957
1857067231909
1857078318437
1857575315537
1857674550437
1857751143947
1857846055337
1858017599939
1858103267957
1858304631919
1858413261977
1858545788843
1858590730637
1858615480637
1859223171919
1859331459437
1859636040947
1860533933957
1860704431871
1860731770967
1860911810809
1861169469821
1861235206819
1861517022881
1861925662637
1861943863337
1862168062967
1862173687337
1862415340871
1862756498819
1862878911137
1862972380637
1863351075799
1863681962237
1863911212871
1864045422947
1864493853137
1864650032957
1864707963137
1865001725911
1865117330861
1865232318977
1865234931947
1865241940853
1865337870437
1865379665819
1865457798833
1865675471237
1865858204537
1866201903851
1866361784237
1866612005809
1866762834137
1866943631537
1867765462037
1868279799907
1868459407037
1868524320863
1868964647843
1869057613637
1869217257437
1869367309037
1869509470337
1870519793237
1870540932919
1870639822637
1870669694819
1870673125967
1870890405947
1871108328799
1871260244911
1871351423911
1871393322977
1871456301851
1871541390863
1871687044637
1872193566437
1872335076947
1872530901947
1873022337947
1873036803919
1873244502851
1873639020919
1873755563237
1874054082863
1874185105789
1874405130881
1874434894037
1874448372437
1874581042967
1874629794809
1874854924037
1874927615237
1875020187919
1875106016957
1875170075957
1875318454637
1875856565819
1875970490237
1876020831851
1876045432967
1876432221901
1876566243437
1877209275437
1877226206957
1877268832037
1877418993809
1877425565237
1877496437819
1877543033957
1877626661237
1877637700637
1877961010853
1878105921947
1878320908637
1878488516819
1878570084437
1878616246337
1878715515437
1878782320637
1878852066137
1879160621957
1879397672843
1879460156537
1879691610437
1879720428437
1880100288947
1880246974337
1880866300967
1881025425901
1881326141911
1882337242909
1882544017789
1882599144137
1883009767337
1883028032861
1883144993237
1883240979821
1883297522537
1883558560337
1883568810437
1883958134237
1884343893137
1885909611437
1886106401957
1886659521137
1887029904437
1887227664137
1887686011637
1887802476137
1888752738809
1888809119801
1888872314237
1889697234809
1889883735833
1890008815967
1890107625799
1890151135819
1890156359537
1890158279237
1890309695237
1890531341911
1890810305809
1891033812851
1891134453799
1891236702799
1891364323909
1891458416537
1891473110861
1891500970967
1891520163947
1891527101861
1891696172237
1892038952537
1892150357957
1892381003809
1893019646537
1893597098843
1893614631947
1893636681137
1893673334537
1893894321437
1894237671437
1894340758337
1894363599809
1894540513909
1894545019637
1895028359831
1895106426947
1895206910957
1895266335437
1895340231947
1895380259831
1895765682809
1895942508137
1895976195833
1896013632977
1896110171861
1896674477843
1896832345337
1897429299929
1897554615137
1898019499949
1898435471237
1898682231437
1898875283843
1898995610819
1899213439337
1899563524037
1900295965637
1900321116877
1900345950901
1900434473911
1900700961829
1900806386957
1900871244851
1901014268891
1901087028947
1901093058901
1901193255947
1901358033829
1901382712871
1901649606947
1901701761829
1901821567853
1901858086637
1902117591901
1902207551891
1902217568957
1902231377957
1902345323891
1902425714911
1902508523957
1902681412871
1902742986437
1902793611799
1902891262967
1903025022923
1903213484911
1903324266901
1903368677237
1903435662977
1903473032891
1903543704901
1904013839899
1904036693957
1904861343799
1905107395967
1905319112891
1905671308967
1905682104901
1906307600839
1906616256947
1906687156337
1907000683871
1907451669437
1907541478637
1907773559801
1907893642337
1908121066871
1908322334861
1908442614919
1908446437637
1908474569801
1908488265137
1908602025829
1908955148237
1908984092237
1909481611909
1909766598833
1910156295919
1910292081829
1910475251911
1910550607871
1911177427967
1911270138881
1911409503881
1911920256901
1911960175967
1912002522877
1912068710957
1912355861957
1912472055947
1912526422871
1912707143911
1912965837137
1913423298947
1913567649137
1913581147789
1913932696337
1913936030911
1914192162901
1914552831977
1914591902957
1914597655037
1914855459137
1915243786637
1915376016863
1915409534957
1915679581037
1916293701799
1916487573137
1916575269821
1916622294947
1916687769961
1916818559801
1916900133829
1917061901957
1917237200839
1917616692437
1917723948137
1917750301871
1917956804237
1918374166637
1918453310957
1918519295237
1918534991237
1919110472911
1919131605851
1919330659637
1919383230977
1919605315853
1919920413863
1920075920911
1920391473799
1920676144967
1920823896437
1920850617799
1921686725537
1921754623909
1921771650977
1921819754537
1921914569537
1921928012861
1922004485809
1922800444819
1922811630829
1922982300851
1923022029923
1923534048977
1923633023891
1923688941137
1923732573947
1923915132901
1923953134967
1924361995337
1924552143901
1924571758337
1924671040871
1924678627037
1924866318437
1924935744437
1925010006877
1925109315947
1925310617809
1925476717337
1925507511947
1925883563237
1926104282911
1926131621839
1926203935967
1926276882137
1926286286237
1926524182853
1926746197037
1926870369821
1927212192947
1927561727537
1927603074977
1928280691637
1928312389637
1928839973843
1929695800337
1929709811537
1929978555833
1930069015871
1930324674919
1930383705799
1930421694863
1930424575853
1930630783789
1930833743957
1930928620967
1931023734881
1931394173957
1931641034891
1932103637809
1932212561891
1932266740853
1932624644957
1932781026863
1933043334881
1933058165957
1933072527977
1933176104957
1933226062871
1933442451851
1933612820809
1934134325957
1934160524911
1934304107839
1934337092957
1934472966137
1934640252851
1934695698833
1934938874819
1935025251829
1935092034901
1935189385037
1935265431863
1935361444967
1935582200957
1935871476137
1936148016799
1936272764537
1936362405799
1936490215789
1936525650947
1937113650947
1937174578037
1937582755037
1937631901967
1937633197337
1938019587137
1938135937337
1938385753037
1938505540967
1938513759821
1938559612337
1939299016337
1939301968337
1939734510947
1939744722437
1940166606799
1940322248957
1940399735237
1940402595799
1940633900809
1940850267947
1941071798537
1941186704957
1941534342851
1941592041947
1941835681637
1942032380839
1942649673137
1942874156537
1942900843789
1943201852957
1943319065957
1943531284967
1943647813637
1944286129637
1944560488337
1944737633537
1944812595437
1945036629737
1945229403977
1945882820537
1945896944843
1946096962037
1946368536137
1946975309801
1947129508637
1947130415809
1947519073637
1947837340637
1948099540337
1948337084537
1948627021853
1948948394843
1949085545237
1949638299853
1950153048947
1950202609909
1950473065909
1950722360861
1950896397809
1951721324911
1951737883037
1951844773337
1951956614537
1952217260911
1952591982137
1952929780037
1953033821957
1953140908909
1953145444909
1953228872537
1953405048799
1953448877819
1953530172901
1953607649831
1954070340881
1954116611809
1954243134947
1954411341829
1954874191337
1954925131909
1955209794137
1955644571537
1956152103881
1956168140957
1956661822637
1956841246637
1957538011789
1957902111947
1958259712337
1958427229337
1959103326919
1959156439811
1959978903833
1960014588947
1960014627947
1960075599137
1960426964537
1960476373637
1960591775237
1960838599873
1960849169801
1961263265957
1961276070977
1961281866437
1961320784957
1961435524967
1961490402901
1961547819137
1961640095957
1962496542437
1963099003967
1963375511957
1963459505537
1963573672337
1963745475137
1963777701437
1964353097537
1964444540957
1964623243789
1964700422911
1964975087819
1965013603871
1965036097637
1965263468237
1965694589743
1965704201957
1966024040839
1966094897843
1966150189637
1966301045809
1966489108037
1966825156337
1967175770237
1967260800863
1967334076637
1967541685037
1967701583537
1967719381037
1967989071809
1968007984037
1968115064957
1968241063909
1968246130789
1968293567819
1968840069137
1969238653037
1969747845833
1969861983833
1969933343237
1970095260799
1970126170819
1970305062881
1970371131829
1970766190637
1970814856337
1970828113853
1970862379037
1970993730437
1971104157901
1971142407947
1971671810957
1971730381967
1971846325637
1972174938137
1972189005947
1972556103799
1972559003957
1973008785437
1973012318911
1973085685037
1973221533901
1973262840947
1974424189337
1974698636843
1974757303637
1975095832337
1975289209037
1975384941137
1975419055637
1975890161537
1976087742137
1976133045977
1976414134967
1977138437237
1977190020947
1977531045947
1977621340909
1977636454037
1977715794809
1979444260637
1980169186337
1980550650919
1980684365237
1980784360637
1980871015789
1980987248819
1981243260947
1981434213947
1981604280919
1981674817037
1981808386037
1981831498037
1982255202947
1982296438037
1982419799863
1982433075947
1982740351789
1982914480637
1982959428809
1983003534851
1983284130977
1983312242911
1983372998843
1983805500977
1984042134901
1984161952637
1984581310967
1984885024337
1985295594809
1985307275537
1985423693237
1985473519811
1985637683819
1985857305137
1986152374637
1986329404637
1986337596809
1986666095819
1986694389931
1987003047919
1987099518809
1987354003909
1987877670833
1989104846237
1989127091537
1989646962833
1989910622537
1990151473909
1990232806853
1990451164789
1990561834637
1990650037967
1990665356237
1990691113967
1990770510863
1991243502851
1991281253957
1991510135809
1991731202957
1991824157537
1992275924237
1992771042947
1993114770947
1993244223977
1993341846437
1993419239831
1993469320637
1993514775137
1993903934237
1994192526437
1995217240967
1995222703909
1995340775237
1995400799939
1995523020901
1996100580977
1996642533437
1998248477843
1998296607809
1998560751137
1998912288809
1999022459831
1999080371537
1999614670037
