1 277
2 1559
3 5779
4 7489
5 11279
6 15091
7 22093
8 37811
9 43579
10 46279
11 48541
12 49957
13 53479
14 54751
15 60589
16 68473
17 72883
18 74821
19 83621
20 85621
21 90793
22 91921
23 93901
24 97501
25 107981
26 110899
27 111799
28 120193
29 153379
30 157739
31 170299
32 180731
33 184441
34 187141
35 196501
36 196901
37 198859
38 228929
39 229351
40 229739
41 230779
42 241489
43 247531
44 248701
45 253741
46 259657
47 268747
48 278557
49 284701
50 296201
51 304489
52 342821
53 347141
54 349837
55 350963
56 364601
57 371971
58 375511
59 378929
60 383611
61 384719
62 391331
63 397973
64 400291
65 405199
66 418739
67 424451
68 428231
69 430841
70 444811
71 491251
72 497257
73 506531
74 509521
75 516541
76 529657
77 531793
78 546241
79 560089
80 560179
81 572909
82 575557
83 576637
84 580711
85 581921
86 597559
87 599681
88 605531
89 608611
90 613651
91 621289
92 626701
93 637657
94 639637
95 646831
96 649801
97 658319
98 660901
99 665131
100 687331
101 691837
102 701479
103 703949
104 717511
105 724573
106 733351
107 738811
108 760511
109 769057
110 772921
111 784447
112 789671
113 819431
114 821939
115 823241
116 823573
117 831631
118 835831
119 842141
120 844093
121 857309
122 883357
123 917737
124 925921
125 926111
126 943273
127 943837
128 950639
129 958459
130 960131
131 967501
132 967819
133 968971
134 974431
135 977971
136 996301
137 1029341
138 1033489
139 1047961
140 1056541
141 1068719
142 1070851
143 1079821
144 1081741
145 1082971
146 1099621
147 1105579
148 1111169
149 1123931
150 1135831
151 1162943
152 1167539
153 1170641
154 1178609
155 1183739
156 1200889
157 1202779
158 1241893
159 1249273
160 1258837
161 1262441
162 1275719
163 1279601
164 1291931
165 1350731
166 1355831
167 1357619
168 1367519
169 1373473
170 1385801
171 1390573
172 1407251
173 1423901
174 1427431
175 1438211
176 1444441
177 1454941
178 1465231
179 1469231
180 1478909
181 1480601
182 1515961
183 1527041
184 1528831
185 1563041
186 1570931
187 1571729
188 1584929
189 1585447
190 1609501
191 1614961
192 1629211
193 1640621
194 1667749
195 1670831
196 1681619
197 1681837
198 1707331
199 1719239
200 1729759
201 1736131
202 1736993
203 1746929
204 1748963
205 1749119
206 1749221
207 1768411
208 1768709
209 1772531
210 1781609
211 1783801
212 1789481
213 1805729
214 1806193
215 1812341
216 1812541
217 1841857
218 1842151
219 1844111
220 1851809
221 1867729
222 1875337
223 1877009
224 1885501
225 1886021
226 1889011
227 1917631
228 1917859
229 1925311
230 1925993
231 1927537
232 1946011
233 1960093
234 1976047
235 1976609
236 1980031
237 1982011
238 1988219
239 2013679
240 2026721
241 2027821
242 2029331
243 2032931
244 2042981
245 2044901
246 2049973
247 2054939
248 2056421
249 2059709
250 2070883
251 2085311
252 2088419
253 2128241
254 2131399
255 2135641
256 2168801
257 2183501
258 2186519
259 2222741
260 2232959
261 2245951
262 2290829
263 2347837
264 2352583
265 2357939
266 2367329
267 2399993
268 2413451
269 2429519
270 2446747
271 2450551
272 2464831
273 2486611
274 2494357
275 2519911
276 2529521
277 2540641
278 2560351
279 2566139
280 2580401
281 2589101
282 2589619
283 2594909
284 2596057
285 2597591
286 2607041
287 2635121
288 2647111
289 2648257
290 2652373
291 2664901
292 2673431
293 2675839
294 2744519
295 2750431
296 2756521
297 2759137
298 2765891
299 2775221
300 2791531
301 2799371
302 2802901
303 2813819
304 2817239
305 2819521
306 2822819
307 2826073
308 2848031
309 2849771
310 2860657
311 2889209
312 2890919
313 2903639
314 2906131
315 2909749
316 2932837
317 2951021
318 2968409
319 2973511
320 2992109
321 2994877
322 3047251
323 3057931
324 3082441
325 3093131
326 3095621
327 3098749
328 3099209
329 3128611
330 3134773
331 3144961
332 3166231
333 3194111
334 3205949
335 3207901
336 3209293
337 3248731
338 3258301
339 3266519
340 3276457
341 3278321
342 3280441
343 3324929
344 3336629
345 3351611
346 3390041
347 3422179
348 3439801
349 3450079
350 3481721
351 3493319
352 3508619
353 3530939
354 3532483
355 3539659
356 3567881
357 3575437
358 3576119
359 3584101
360 3587359
361 3592801
362 3597983
363 3607411
364 3622919
365 3636329
366 3655447
367 3657119
368 3658729
369 3676781
370 3701179
371 3712393
372 3724031
373 3758933
374 3790993
375 3805231
376 3807431
377 3809947
378 3810701
379 3817111
380 3853621
381 3861211
382 3885983
383 3892619
384 3896329
385 3932647
386 3946231
387 3962521
388 4001779
389 4006741
390 4040921
391 4063931
392 4064141
393 4088839
394 4089559
395 4090511
396 4161631
397 4177357
398 4187437
399 4210579
400 4231741
401 4231783
402 4237747
403 4238519
404 4241641
405 4244341
406 4255501
407 4329631
408 4337401
409 4342829
410 4357447
411 4386973
412 4389439
413 4391339
414 4415941
415 4416193
416 4418221
417 4430711
418 4443311
419 4470911
420 4475257
421 4476247
422 4477691
423 4488943
424 4492409
425 4498001
426 4507051
427 4521611
428 4536929
429 4542719
430 4543901
431 4545859
432 4550383
433 4595953
434 4606709
435 4629511
436 4632809
437 4651301
438 4651709
439 4660709
440 4663201
441 4666549
442 4667609
443 4681973
444 4685539
445 4699109
446 4724173
447 4822121
448 4831949
449 4837411
450 4864709
451 4880839
452 4881029
453 4884031
454 4885249
455 4892609
456 4895419
457 4916347
458 4918411
459 4972501
460 4979287
461 5016611
462 5021299
463 5026711
464 5031991
465 5067859
466 5073373
467 5076509
468 5079829
469 5092921
470 5121911
471 5128657
472 5140189
473 5159611
474 5189047
475 5195891
476 5217809
477 5233951
478 5238929
479 5240441
480 5243501
481 5269639
482 5278237
483 5303911
484 5306729
485 5312621
486 5316041
487 5320279
488 5325809
489 5356111
490 5356201
491 5361331
492 5362501
493 5373211
494 5373701
495 5398409
496 5400953
497 5403583
498 5419801
499 5422393
500 5444801
501 5451241
502 5458121
503 5459681
504 5484337
505 5493991
506 5506619
507 5533141
508 5566619
509 5571431
510 5580073
511 5586037
512 5587391
513 5590759
514 5595349
515 5599981
516 5604629
517 5604931
518 5608139
519 5615131
520 5626001
521 5628719
522 5661121
523 5690501
524 5693971
525 5699119
526 5726521
527 5730311
528 5731619
529 5739101
530 5762321
531 5766581
532 5771257
533 5786329
534 5809549
535 5817829
536 5820539
537 5832329
538 5864449
539 5880209
540 5883961
541 5944871
542 5946671
543 5951749
544 5960701
545 5966419
546 5976281
547 5999633
548 6025351
549 6046211
550 6051611
551 6052351
552 6054539
553 6068431
554 6136619
555 6139319
556 6142441
557 6152921
558 6169871
559 6175973
560 6184229
561 6210991
562 6222341
563 6222451
564 6257129
565 6260231
566 6261601
567 6261719
568 6263339
569 6302683
570 6334747
571 6335519
572 6396581
573 6397571
574 6408811
575 6418229
576 6424811
577 6430241
578 6444637
579 6472139
580 6478481
581 6479471
582 6490711
583 6514031
584 6525811
585 6542621
586 6583729
587 6606101
588 6606811
589 6619927
590 6621331
591 6624547
592 6634357
593 6634531
594 6649249
595 6693419
596 6695419
597 6705031
598 6734011
599 6748409
600 6756439
601 6763709
602 6776963
603 6800639
604 6815749
605 6816401
606 6825331
607 6861401
608 6873697
609 6876139
610 6911731
611 6918349
612 6932819
613 6933337
614 6948397
615 6962009
616 6995029
617 7010651
618 7016341
619 7024393
620 7031441
621 7036709
622 7039919
623 7058431
624 7060441
625 7060483
626 7063709
627 7070341
628 7081831
629 7098121
630 7107511
631 7112711
632 7114621
633 7124521
634 7132241
635 7141601
636 7143401
637 7145557
638 7145609
639 7158973
640 7168943
641 7175219
642 7194881
643 7197349
644 7201631
645 7209457
646 7232383
647 7234831
648 7240531
649 7243837
650 7249897
651 7251757
652 7255021
653 7267121
654 7295719
655 7296101
656 7313611
657 7319909
658 7333211
659 7336421
660 7342501
661 7345711
662 7366897
663 7376311
664 7385519
665 7393459
666 7394111
667 7407611
668 7421831
669 7444621
670 7447057
671 7452811
672 7462919
673 7469309
674 7482649
675 7507849
676 7527029
677 7535701
678 7543001
679 7562309
680 7566619
681 7567409
682 7569119
683 7583111
684 7612831
685 7615319
686 7647037
687 7648001
688 7654729
689 7664519
690 7682771
691 7686139
692 7708237
693 7734791
694 7763519
695 7770247
696 7800959
697 7804229
698 7811311
699 7812457
700 7812901
701 7814819
702 7823411
703 7842337
704 7851601
705 7877081
706 7891867
707 7912511
708 7932209
709 7961449
710 7971787
711 7979453
712 8038409
713 8042521
714 8042611
715 8049829
716 8055101
717 8095211
718 8115959
719 8124421
720 8136859
721 8152901
722 8199371
723 8233501
724 8239019
725 8267009
726 8270429
727 8300683
728 8300911
729 8319221
730 8346791
731 8362331
732 8394943
733 8395867
734 8396291
735 8413051
736 8420521
737 8447771
738 8451929
739 8470801
740 8497219
741 8503141
742 8506801
743 8507039
744 8519887
745 8567219
746 8574439
747 8632357
748 8645047
749 8655011
750 8665933
751 8678029
752 8681401
753 8691923
754 8707031
755 8712701
756 8732839
757 8733247
758 8751401
759 8752619
760 8767387
761 8785963
762 8822129
763 8832881
764 8840309
765 8865973
766 8870401
767 8906629
768 8941057
769 8941781
770 8957467
771 8995267
772 9002621
773 9008221
774 9036073
775 9057337
776 9060809
777 9069877
778 9096697
779 9114283
780 9152111
781 9160439
782 9165719
783 9165791
784 9166301
785 9252329
786 9271421
787 9274019
788 9277867
789 9305557
790 9334537
791 9343001
792 9346619
793 9349481
794 9364963
795 9372421
796 9423509
797 9436459
798 9453559
799 9458587
800 9516809
801 9534829
802 9544109
803 9557291
804 9573671
805 9576397
806 9581771
807 9610747
808 9616619
809 9640919
810 9657209
811 9669019
812 9682111
813 9701737
814 9725609
815 9751549
816 9751981
817 9817519
818 9836381
819 9847219
820 9851047
821 9861697
822 9876019
823 9880001
824 9940709
825 9951301
826 10022599
827 10049947
828 10056701
829 10059629
830 10076819
831 10077401
832 10088339
833 10138441
834 10139383
835 10151299
836 10180831
837 10190731
838 10227929
839 10276031
840 10309829
841 10317583
842 10378531
843 10444801
844 10470673
845 10476701
846 10483141
847 10504451
848 10506451
849 10528657
850 10551721
851 10588729
852 10605901
853 10608601
854 10634321
855 10634411
856 10659157
857 10669459
858 10688609
859 10697887
860 10705421
861 10721351
862 10768981
863 10772737
864 10786019
865 10795501
866 10796719
867 10806539
868 10811089
869 10827631
870 10833931
871 10842151
872 10847437
873 10851719
874 10875881
875 10890329
876 10896877
877 10918849
878 10920493
879 10927759
880 10941809
881 10956601
882 10960031
883 10962701
884 10966019
885 11072179
886 11074573
887 11080943
888 11109079
889 11110093
890 11162911
891 11170981
892 11199337
893 11215279
894 11243593
895 11246909
896 11261821
897 11287531
898 11295121
899 11299619
900 11347747
901 11350541
902 11357083
903 11377601
904 11444051
905 11445221
906 11466431
907 11471639
908 11474821
909 11477891
910 11489021
911 11550901
912 11551919
913 11571629
914 11595421
915 11637211
916 11646121
917 11679037
918 11692621
919 11695459
920 11714639
921 11730079
922 11735429
923 11763457
924 11766421
925 11767709
926 11785019
927 11785211
928 11832757
929 11835721
930 11852531
931 11881357
932 11913731
933 11914901
934 11933731
935 11939009
936 11994211
937 12058051
938 12060551
939 12083293
940 12092141
941 12137611
942 12154931
943 12163951
944 12173501
945 12213793
946 12229709
947 12259201
948 12292529
949 12327041
950 12337211
951 12339419
952 12346183
953 12355657
954 12377219
955 12382093
956 12391321
957 12406393
958 12407383
959 12407921
960 12411953
961 12474509
962 12488797
963 12496871
964 12497311
965 12528073
966 12528211
967 12625051
968 12642041
969 12668449
970 12697933
971 12708457
972 12731909
973 12762859
974 12771431
975 12773521
976 12828719
977 12842821
978 12860531
979 12875221
980 12889109
981 12911819
982 12912331
983 12939671
984 12940183
985 12947131
986 12990119
987 12995149
988 12995291
989 12997297
990 13037051
991 13072739
992 13079659
993 13105921
994 13120489
995 13125251
996 13137757
997 13166801
998 13187039
999 13228619
1000 13262611
1001 13264051
1002 13274609
1003 13279109
1004 13281629
1005 13282921
1006 13318051
1007 13321279
1008 13338547
1009 13340911
1010 13425757
1011 13454131
1012 13460383
1013 13480121
1014 13485809
1015 13503493
1016 13538839
1017 13550909
1018 13557119
1019 13572509
1020 13604639
1021 13606811
1022 13607519
1023 13617239
1024 13643731
1025 13664219
1026 13665559
1027 13666729
1028 13668037
1029 13671929
1030 13711739
1031 13712383
1032 13719331
1033 13727611
1034 13753139
1035 13790839
1036 13799171
1037 13804631
1038 13832737
1039 13849597
1040 13853309
1041 13868587
1042 13878757
1043 13899187
1044 13902241
1045 13934891
1046 13988081
1047 14000599
1048 14021389
1049 14040911
1050 14063729
1051 14088247
1052 14119031
1053 14142839
1054 14196157
1055 14207701
1056 14254831
1057 14257973
1058 14265509
1059 14278031
1060 14284759
1061 14298121
1062 14315909
1063 14334373
1064 14357501
1065 14373901
1066 14378201
1067 14406193
1068 14453609
1069 14486221
1070 14496439
1071 14550331
1072 14572331
1073 14588963
1074 14617201
1075 14629501
1076 14637559
1077 14647109
1078 14655331
1079 14657887
1080 14715419
1081 14735437
1082 14750041
1083 14753309
1084 14762347
1085 14774933
1086 14788297
1087 14801051
1088 14822111
1089 14839339
1090 14849101
1091 14854897
1092 14907511
1093 14912021
1094 14924501
1095 14950993
1096 14951011
1097 14995109
1098 14997833
1099 15009629
1100 15022279
1101 15023551
1102 15028747
1103 15062501
1104 15078719
1105 15079501
1106 15091619
1107 15195311
1108 15223951
1109 15236621
1110 15238759
1111 15242639
1112 15246901
1113 15248521
1114 15265849
1115 15276719
1116 15288439
1117 15288697
1118 15302641
1119 15319021
1120 15319319
1121 15331573
1122 15335939
1123 15357809
1124 15371311
1125 15444547
1126 15509437
1127 15518891
1128 15523657
1129 15527521
1130 15551083
1131 15586687
1132 15597973
1133 15604619
1134 15630401
1135 15675787
1136 15681119
1137 15682897
1138 15691211
1139 15704609
1140 15704737
1141 15704939
1142 15725909
1143 15734659
1144 15765923
1145 15816029
1146 15818591
1147 15826501
1148 15908609
1149 15915973
1150 15924247
1151 15933881
1152 15938677
1153 15940531
1154 15944311
1155 15952109
1156 15954529
1157 15964687
1158 15974767
1159 16013441
1160 16023451
1161 16027439
1162 16027831
1163 16039319
1164 16092547
1165 16121179
1166 16132331
1167 16157129
1168 16175129
1169 16191457
1170 16192531
1171 16195819
1172 16198159
1173 16215373
1174 16253401
1175 16288021
1176 16308547
1177 16340729
1178 16345447
1179 16381111
1180 16384729
1181 16418749
1182 16424557
1183 16426759
1184 16456549
1185 16459021
1186 16470011
1187 16478101
1188 16480537
1189 16482209
1190 16513709
1191 16519109
1192 16555619
1193 16556009
1194 16578371
1195 16581337
1196 16607231
1197 16631939
1198 16650121
1199 16668209
1200 16679977
1201 16701193
1202 16702529
1203 16710539
1204 16719491
1205 16728671
1206 16753057
1207 16770511
1208 16781971
1209 16802021
1210 16809439
1211 16925719
1212 16925933
1213 16929139
1214 16938319
1215 16956139
1216 16965913
1217 17001199
1218 17004431
1219 17015701
1220 17047409
1221 17074111
1222 17076809
1223 17083531
1224 17107747
1225 17129891
1226 17146711
1227 17163239
1228 17167639
1229 17186539
1230 17209537
1231 17223539
1232 17255701
1233 17267137
1234 17272531
1235 17287201
1236 17293057
1237 17320421
1238 17326447
1239 17358101
1240 17375009
1241 17378059
1242 17379997
1243 17406611
1244 17413141
1245 17423173
1246 17431619
1247 17436739
1248 17442101
1249 17445331
1250 17499367
1251 17505611
1252 17526791
1253 17538419
1254 17567471
1255 17569943
1256 17572729
1257 17583581
1258 17590231
1259 17591797
1260 17657239
1261 17666309
1262 17669467
1263 17670649
1264 17694913
1265 17720173
1266 17762021
1267 17769833
1268 17791481
1269 17795119
1270 17809777
1271 17841991
1272 17891983
1273 17892001
1274 17919371
1275 17954767
1276 17957803
1277 17960359
1278 17964229
1279 17982281
1280 17987941
1281 18085411
1282 18099209
1283 18129119
1284 18135521
1285 18152131
1286 18159671
1287 18178429
1288 18195101
1289 18253759
1290 18260821
1291 18308749
1292 18315811
1293 18357877
1294 18358111
1295 18360431
1296 18372209
1297 18378487
1298 18386677
1299 18402719
1300 18416891
1301 18439571
1302 18458149
1303 18471421
1304 18564529
1305 18580897
1306 18581359
1307 18587081
1308 18607019
1309 18608131
1310 18633337
1311 18647059
1312 18664993
1313 18684191
1314 18693209
1315 18734047
1316 18751639
1317 18752359
1318 18765319
1319 18776287
1320 18791419
1321 18794081
1322 18799343
1323 18811021
1324 18831809
1325 18841819
1326 18931963
1327 18960301
1328 18969403
1329 18974029
1330 19017637
1331 19028129
1332 19055411
1333 19066109
1334 19077101
1335 19143329
1336 19178149
1337 19179119
1338 19250201
1339 19271891
1340 19327109
1341 19400819
1342 19407337
1343 19407881
1344 19457219
1345 19473697
1346 19494001
1347 19496753
1348 19538963
1349 19584667
1350 19616449
1351 19618481
1352 19622521
1353 19650739
1354 19672993
1355 19708571
1356 19739843
1357 19746229
1358 19750963
1359 19781497
1360 19814539
1361 19831211
1362 19853381
1363 19883029
1364 19892557
1365 19907149
1366 19924159
1367 19932037
1368 19952381
1369 19970011
1370 19996343
1371 20025883
1372 20049937
1373 20059093
1374 20073541
1375 20091431
1376 20145673
1377 20151959
1378 20165473
1379 20200093
1380 20206721
1381 20237411
1382 20262961
1383 20272919
1384 20274511
1385 20279411
1386 20290421
1387 20299231
1388 20307251
1389 20335801
1390 20341099
1391 20367637
1392 20445241
1393 20467973
1394 20476531
1395 20497237
1396 20511641
1397 20515483
1398 20526931
1399 20528993
1400 20563121
1401 20565509
1402 20598581
1403 20638201
1404 20665111
1405 20669009
1406 20701741
1407 20719537
1408 20741729
1409 20743747
1410 20766331
1411 20774437
1412 20785147
1413 20787419
1414 20790701
1415 20797159
1416 20799139
1417 20822941
1418 20825621
1419 20849009
1420 20866639
1421 20928157
1422 20931221
1423 20939609
1424 20943721
1425 20963659
1426 20970073
1427 20971919
1428 20980409
1429 20991001
1430 20991401
1431 21038321
1432 21057131
1433 21059021
1434 21070831
1435 21105641
1436 21249637
1437 21267011
1438 21289031
1439 21362941
1440 21388897
1441 21389887
1442 21423251
1443 21429547
1444 21452831
1445 21467129
1446 21505151
1447 21521939
1448 21536737
1449 21577639
1450 21591211
1451 21604601
1452 21622801
1453 21645419
1454 21649031
1455 21680609
1456 21699397
1457 21725519
1458 21761731
1459 21771329
1460 21806041
1461 21822809
1462 21829501
1463 21852121
1464 21854501
1465 21856619
1466 21872309
1467 21873739
1468 21906509
1469 21925229
1470 21936791
1471 21956009
1472 21958933
1473 21962701
1474 21987487
1475 21989119
1476 21996757
1477 22017811
1478 22037231
1479 22051811
1480 22060873
1481 22061911
1482 22063931
1483 22087621
1484 22101679
1485 22148111
1486 22177711
1487 22260079
1488 22303873
1489 22317629
1490 22369019
1491 22379887
1492 22390031
1493 22396237
1494 22418821
1495 22426211
1496 22437419
1497 22478629
1498 22480631
1499 22487221
1500 22498001
1501 22514473
1502 22539221
1503 22543529
1504 22591021
1505 22604431
1506 22618357
1507 22646891
1508 22663919
1509 22671521
1510 22675781
1511 22692511
1512 22720393
1513 22738897
1514 22779319
1515 22838449
1516 22845829
1517 22847933
1518 22909121
1519 22914431
1520 22915229
1521 22927943
1522 22935559
1523 22989613
1524 22995913
1525 23003389
1526 23007631
1527 23011841
1528 23018231
1529 23050873
1530 23067329
1531 23072729
1532 23079559
1533 23095711
1534 23108383
1535 23165201
1536 23186321
1537 23187029
1538 23214839
1539 23232673
1540 23263529
1541 23268221
1542 23277719
1543 23282111
1544 23298787
1545 23308529
1546 23321939
1547 23337631
1548 23351411
1549 23407921
1550 23433629
1551 23438309
1552 23440421
1553 23441909
1554 23487983
1555 23494781
1556 23495047
1557 23520961
1558 23562509
1559 23605273
1560 23622959
1561 23636819
1562 23658671
1563 23681701
1564 23702431
1565 23714531
1566 23722949
1567 23789287
1568 23809729
1569 23828797
1570 23834611
1571 23840911
1572 23908501
1573 23912173
1574 23963993
1575 24040651
1576 24055231
1577 24067447
1578 24074111
1579 24122621
1580 24136529
1581 24137083
1582 24147457
1583 24161231
1584 24163121
1585 24165811
1586 24168719
1587 24177809
1588 24181321
1589 24190093
1590 24200389
1591 24228811
1592 24237431
1593 24246329
1594 24275819
1595 24318031
1596 24346139
1597 24405041
1598 24473347
1599 24485047
1600 24499109
1601 24547121
1602 24555247
1603 24598657
1604 24605131
1605 24607409
1606 24619871
1607 24670511
1608 24677101
1609 24677923
1610 24691109
1611 24693923
1612 24724993
1613 24726511
1614 24737971
1615 24753401
1616 24754871
1617 24773887
1618 24838159
1619 24847021
1620 24890519
1621 24897097
1622 24906247
1623 24911401
1624 24928249
1625 24942739
1626 24944009
1627 24945301
1628 24965767
1629 24986029
1630 25000841
1631 25012943
1632 25017193
1633 25045837
1634 25079609
1635 25086401
1636 25137859
1637 25234439
1638 25279021
1639 25280911
1640 25309939
1641 25323959
1642 25351093
1643 25354421
1644 25385449
1645 25401583
1646 25406911
1647 25434547
1648 25442821
1649 25455119
1650 25460731
1651 25477391
1652 25495159
1653 25573819
1654 25595963
1655 25633319
1656 25634039
1657 25647529
1658 25661257
1659 25661611
1660 25663619
1661 25686281
1662 25707953
1663 25717781
1664 25719877
1665 25727021
1666 25755439
1667 25774409
1668 25815649
1669 25819597
1670 25839139
1671 25861321
1672 25906109
1673 25950401
1674 25953787
1675 25961137
1676 25973767
1677 25979453
1678 25980419
1679 25984657
1680 26071709
1681 26077619
1682 26089249
1683 26098409
1684 26110783
1685 26122331
1686 26138257
1687 26139331
1688 26181611
1689 26207173
1690 26233619
1691 26236801
1692 26284549
1693 26297059
1694 26303909
1695 26307859
1696 26308621
1697 26337247
1698 26356709
1699 26383549
1700 26434801
1701 26460509
1702 26463719
1703 26471611
1704 26475961
1705 26479129
1706 26490809
1707 26497109
1708 26503837
1709 26508809
1710 26536781
1711 26550859
1712 26598277
1713 26610809
1714 26647391
1715 26673419
1716 26682419
1717 26717771
1718 26763787
1719 26792497
1720 26824981
1721 26827687
1722 26848109
1723 26858081
1724 26883973
1725 26896997
1726 26906953
1727 26931511
1728 26932019
1729 26935339
1730 26954677
1731 26984081
1732 27005729
1733 27009211
1734 27021431
1735 27067981
1736 27086519
1737 27123821
1738 27128909
1739 27130739
1740 27148897
1741 27164309
1742 27174209
1743 27176797
1744 27196111
1745 27197101
1746 27208849
1747 27213911
1748 27224339
1749 27226229
1750 27230909
1751 27245891
1752 27356047
1753 27376159
1754 27408559
1755 27412439
1756 27419401
1757 27422711
1758 27474787
1759 27480119
1760 27507829
1761 27524501
1762 27565319
1763 27570973
1764 27583481
1765 27587803
1766 27592339
1767 27609349
1768 27614347
1769 27648119
1770 27656983
1771 27664159
1772 27703229
1773 27723881
1774 27732401
1775 27764923
1776 27774577
1777 27805819
1778 27808973
1779 27817429
1780 27835481
1781 27849923
1782 27914449
1783 27918973
1784 28013819
1785 28025821
1786 28026721
1787 28060051
1788 28074719
1789 28100531
1790 28162331
1791 28175933
1792 28176439
1793 28195339
1794 28206329
1795 28226257
1796 28268983
1797 28296973
1798 28310251
1799 28313939
1800 28318321
1801 28369813
1802 28374491
1803 28408031
1804 28435819
1805 28470809
1806 28490009
1807 28509419
1808 28514039
1809 28518509
1810 28531511
1811 28566229
1812 28586377
1813 28623421
1814 28642619
1815 28643609
1816 28650421
1817 28680349
1818 28711021
1819 28713331
1820 28742591
1821 28752671
1822 28767703
1823 28778891
1824 28784803
1825 28795087
1826 28795553
1827 28809953
1828 28815491
1829 28853497
1830 28861249
1831 28869881
1832 28876553
1833 28882657
1834 28925101
1835 28929367
1836 28957177
1837 29001839
1838 29008201
1839 29044973
1840 29062801
1841 29091221
1842 29113631
1843 29208973
1844 29210611
1845 29218411
1846 29233531
1847 29246401
1848 29247671
1849 29253649
1850 29272459
1851 29286371
1852 29295229
1853 29303041
1854 29321401
1855 29326897
1856 29350229
1857 29354021
1858 29392159
1859 29401301
1860 29405219
1861 29431229
1862 29433739
1863 29437201
1864 29452237
1865 29473319
1866 29475577
1867 29480953
1868 29518777
1869 29555011
1870 29556973
1871 29561771
1872 29605057
1873 29621659
1874 29633797
1875 29646229
1876 29657171
1877 29664913
1878 29672309
1879 29685743
1880 29703559
1881 29713147
1882 29723311
1883 29734993
1884 29735011
1885 29736191
1886 29749957
1887 29752571
1888 29754191
1889 29755963
1890 29825309
1891 29826119
1892 29841509
1893 29899313
1894 29998571
1895 30012589
1896 30023299
1897 30083941
1898 30125971
1899 30130973
1900 30171839
1901 30174511
1902 30193949
1903 30215531
1904 30222911
1905 30291601
1906 30324961
1907 30327421
1908 30328211
1909 30331901
1910 30347201
1911 30397897
1912 30406351
1913 30425383
1914 30427031
1915 30445211
1916 30507221
1917 30601693
1918 30607831
1919 30623501
1920 30624131
1921 30632293
1922 30653911
1923 30671021
1924 30672073
1925 30723911
1926 30754001
1927 30755891
1928 30796973
1929 30801961
1930 30804283
1931 30868993
1932 30869011
1933 30915431
1934 30942721
1935 31017521
1936 31023199
1937 31062079
1938 31073431
1939 31076939
1940 31079947
1941 31100689
1942 31127819
1943 31155821
1944 31169521
1945 31173931
1946 31195621
1947 31226383
1948 31229041
1949 31252829
1950 31259659
1951 31262383
1952 31306393
1953 31313531
1954 31326539
1955 31357849
1956 31369411
1957 31433729
1958 31445201
1959 31447021
1960 31506283
1961 31508621
1962 31541611
1963 31544131
1964 31565257
1965 31583819
1966 31594691
1967 31596671
1968 31632539
1969 31636849
1970 31637659
1971 31673101
1972 31676719
1973 31694771
1974 31741709
1975 31744919
1976 31747301
1977 31806547
1978 31809919
1979 31823621
1980 31825531
1981 31830041
1982 31831273
1983 31847449
1984 31853963
1985 31876409
1986 31878229
1987 31881337
1988 31919609
1989 31920809
1990 31923301
1991 31928009
1992 31936943
1993 31956943
1994 31980209
1995 31984319
1996 32030981
1997 32078909
1998 32079337
1999 32105441
2000 32106541
2001 32135611
2002 32146837
2003 32178649
2004 32247547
2005 32268421
2006 32286809
2007 32297519
2008 32306941
2009 32336021
2010 32338993
2011 32339011
2012 32340079
2013 32367421
2014 32371321
2015 32375839
2016 32381939
2017 32406041
2018 32412811
2019 32458031
2020 32489101
2021 32530151
2022 32530573
2023 32540857
2024 32555219
2025 32570939
2026 32593019
2027 32604421
2028 32643547
2029 32661521
2030 32662621
2031 32663431
2032 32671801
2033 32677159
2034 32698657
2035 32704901
2036 32747591
2037 32782121
2038 32816411
2039 32833621
2040 32840111
2041 32896387
2042 32898071
2043 32911231
2044 32917109
2045 32938319
2046 32960659
2047 32970209
2048 33031631
2049 33039859
2050 33048073
2051 33081539
2052 33085993
2053 33106331
2054 33112811
2055 33125857
2056 33126959
2057 33147239
2058 33148229
2059 33149749
2060 33151711
2061 33206141
2062 33224909
2063 33255121
2064 33279419
2065 33285157
2066 33292993
2067 33293011
2068 33303929
2069 33330961
2070 33360931
2071 33377401
2072 33408611
2073 33426329
2074 33431521
2075 33446891
2076 33448729
2077 33474247
2078 33488471
2079 33489139
2080 33539591
2081 33665311
2082 33679853
2083 33682639
2084 33707431
2085 33711373
2086 33712093
2087 33728137
2088 33747491
2089 33749101
2090 33761521
2091 33765619
2092 33768139
2093 33771421
2094 33772147
2095 33839219
2096 33841447
2097 33861337
2098 33868297
2099 33870401
2100 33879277
2101 33880897
2102 33933131
2103 33934231
2104 33936211
2105 33939209
2106 33960881
2107 33971401
2108 33982001
2109 34009301
2110 34033829
2111 34063411
2112 34081273
2113 34089101
2114 34092637
2115 34112773
2116 34158953
2117 34193659
2118 34207709
2119 34208557
2120 34225837
2121 34252901
2122 34254457
2123 34256437
2124 34257973
2125 34290211
2126 34295971
2127 34297001
2128 34314911
2129 34328011
2130 34342411
2131 34347337
2132 34350847
2133 34357709
2134 34359037
2135 34365649
2136 34394993
2137 34405439
2138 34412639
2139 34461929
2140 34467439
2141 34469497
2142 34479953
2143 34483121
2144 34528121
2145 34534711
2146 34554029
2147 34578319
2148 34586011
2149 34594249
2150 34631731
2151 34670257
2152 34671157
2153 34724983
2154 34725001
2155 34727629
2156 34728961
2157 34770601
2158 34787009
2159 34803121
2160 34856149
2161 34892677
2162 34910221
2163 34919419
2164 34947667
2165 34950337
2166 34952201
2167 34953983
2168 34954001
2169 34980259
2170 35000741
2171 35019121
2172 35100911
2173 35134301
2174 35191111
2175 35197993
2176 35198011
2177 35228129
2178 35244721
2179 35256601
2180 35260949
2181 35261021
2182 35287001
2183 35320739
2184 35516659
2185 35518871
2186 35571209
2187 35614801
2188 35636137
2189 35645221
2190 35672771
2191 35685119
2192 35691787
2193 35707019
2194 35717449
2195 35721031
2196 35737021
2197 35737319
2198 35745923
2199 35760719
2200 35778097
2201 35796613
2202 35800747
2203 35804347
2204 35822257
2205 35857219
2206 35872201
2207 35885119
2208 35912659
2209 35974903
2210 35975171
2211 35976277
2212 35991913
2213 36024629
2214 36076109
2215 36079391
2216 36084221
2217 36085943
2218 36088777
2219 36128129
2220 36131857
2221 36145139
2222 36153547
2223 36178409
2224 36243419
2225 36278149
2226 36330311
2227 36331709
2228 36372421
2229 36407257
2230 36462421
2231 36481897
2232 36483301
2233 36507209
2234 36507511
2235 36509131
2236 36516001
2237 36533839
2238 36544549
2239 36554933
2240 36583159
2241 36640111
2242 36684757
2243 36727111
2244 36728983
2245 36734591
2246 36748297
2247 36793657
2248 36843101
2249 36882973
2250 36915787
2251 36917471
2252 36932887
2253 36945119
2254 36946477
2255 37009537
2256 37022521
2257 37032959
2258 37035721
2259 37044929
2260 37058519
2261 37071431
2262 37084109
2263 37126993
2264 37147321
2265 37186159
2266 37186571
2267 37193539
2268 37233101
2269 37262411
2270 37262749
2271 37276159
2272 37276249
2273 37338121
2274 37365037
2275 37385239
2276 37388119
2277 37397081
2278 37413811
2279 37415309
2280 37433909
2281 37438519
2282 37454401
2283 37457059
2284 37487803
2285 37507781
2286 37515337
2287 37559009
2288 37616993
2289 37634221
2290 37672021
2291 37677071
2292 37692191
2293 37773973
2294 37797623
2295 37811309
2296 37811819
2297 37825481
2298 37892377
2299 37902157
2300 37921691
2301 37987253
2302 38003411
2303 38040601
2304 38043721
2305 38057993
2306 38060041
2307 38078767
2308 38089853
2309 38096329
2310 38112401
2311 38113709
2312 38114711
2313 38131183
2314 38226739
2315 38253829
2316 38285587
2317 38295371
2318 38308819
2319 38326121
2320 38327221
2321 38381047
2322 38402131
2323 38417539
2324 38421637
2325 38442739
2326 38450501
2327 38450611
2328 38457487
2329 38467903
2330 38490259
2331 38547281
2332 38550331
2333 38573149
2334 38585081
2335 38615047
2336 38617993
2337 38618011
2338 38620409
2339 38698523
2340 38706037
2341 38793277
2342 38810839
2343 38821709
2344 38877739
2345 38996539
2346 39032621
2347 39034409
2348 39044347
2349 39047887
2350 39078757
2351 39080309
2352 39087487
2353 39088039
2354 39089467
2355 39122201
2356 39172411
2357 39177209
2358 39217781
2359 39255037
2360 39261791
2361 39285229
2362 39293983
2363 39340421
2364 39363509
2365 39481993
2366 39500801
2367 39595357
2368 39606011
2369 39647081
2370 39649823
2371 39653857
2372 39675613
2373 39677503
2374 39723877
2375 39765457
2376 39780973
2377 39804509
2378 39812449
2379 39835219
2380 39835813
2381 39872197
2382 39873833
2383 39883087
2384 39901819
2385 39903509
2386 39911681
2387 39921529
2388 39932219
2389 39960119
2390 40039529
2391 40078421
2392 40092911
2393 40098809
2394 40099781
2395 40119809
2396 40143079
2397 40152961
2398 40166821
2399 40255273
2400 40281421
2401 40283311
2402 40309183
2403 40326283
2404 40331971
2405 40357021
2406 40360829
2407 40365547
2408 40427731
2409 40459459
2410 40477781
2411 40480619
2412 40492421
2413 40498319
2414 40525949
2415 40534231
2416 40569877
2417 40576729
2418 40579481
2419 40606619
2420 40640521
2421 40755601
2422 40777993
2423 40797139
2424 40801919
2425 40806811
2426 40817011
2427 40820921
2428 40832821
2429 40836119
2430 40841173
2431 40845157
2432 40862839
2433 40867319
2434 40902539
2435 40933001
2436 40935247
2437 40955609
2438 40967767
2439 40968667
2440 40995281
2441 41014741
2442 41057021
2443 41065721
2444 41070901
2445 41092301
2446 41120831
2447 41139101
2448 41161511
2449 41171729
2450 41184547
2451 41194919
2452 41217629
2453 41228339
2454 41229431
2455 41258011
2456 41275621
2457 41314951
2458 41318621
2459 41363911
2460 41371619
2461 41387539
2462 41394719
2463 41405293
2464 41408111
2465 41415911
2466 41452529
2467 41464001
2468 41494549
2469 41505847
2470 41544457
2471 41549681
2472 41565973
2473 41620331
2474 41644357
2475 41645983
2476 41651647
2477 41657131
2478 41667259
2479 41668481
2480 41672611
2481 41675131
2482 41685983
2483 41721601
2484 41739101
2485 41764871
2486 41777419
2487 41808881
2488 41834431
2489 41838697
2490 41853247
2491 41863729
2492 41873681
2493 41920183
2494 41924321
2495 41932201
2496 41955923
2497 41961247
2498 41962691
2499 41976191
2500 42016441
2501 42033631
2502 42091529
2503 42094021
2504 42098131
2505 42099349
2506 42108511
2507 42115351
2508 42116051
2509 42125729
2510 42125921
2511 42145619
2512 42206321
2513 42208121
2514 42227429
2515 42249247
2516 42351041
2517 42376031
2518 42381811
2519 42382759
2520 42397519
2521 42403951
2522 42405731
2523 42407531
2524 42408419
2525 42457501
2526 42467111
2527 42473983
2528 42474001
2529 42485719
2530 42507239
2531 42508357
2532 42517511
2533 42519559
2534 42526711
2535 42582649
2536 42596291
2537 42681559
2538 42696001
2539 42700241
2540 42765031
2541 42779377
2542 42785419
2543 42792671
2544 42805759
2545 42867229
2546 42938059
2547 42938963
2548 42941963
2549 42943871
2550 42962131
2551 42965149
2552 43003901
2553 43027709
2554 43030901
2555 43068247
2556 43086331
2557 43094963
2558 43108411
2559 43152311
2560 43202801
2561 43219711
2562 43247891
2563 43286311
2564 43287581
2565 43339819
2566 43371073
2567 43374119
2568 43456619
2569 43475449
2570 43495519
2571 43502831
2572 43506811
2573 43556971
2574 43564057
2575 43564501
2576 43600441
2577 43622939
2578 43628933
2579 43643129
2580 43652501
2581 43681501
2582 43690781
2583 43691359
2584 43709539
2585 43709797
2586 43734991
2587 43739329
2588 43749319
2589 43772797
2590 43788071
2591 43815559
2592 43838329
2593 43839119
2594 43864571
2595 43948657
2596 44006293
2597 44042611
2598 44051521
2599 44070331
2600 44076719
2601 44093219
2602 44128229
2603 44164409
2604 44185709
2605 44189059
2606 44215183
2607 44263357
2608 44283209
2609 44329057
2610 44339797
2611 44392109
2612 44406521
2613 44427601
2614 44441557
2615 44457011
2616 44464109
2617 44495149
2618 44544991
2619 44590709
2620 44593001
2621 44600051
2622 44605447
2623 44608237
2624 44614447
2625 44616953
2626 44618311
2627 44637101
2628 44645681
2629 44680549
2630 44716619
2631 44733719
2632 44761411
2633 44831231
2634 44874913
2635 44875297
2636 44889157
2637 44904331
2638 44917021
2639 44932231
2640 44935409
2641 44979313
2642 45017311
2643 45017993
2644 45028447
2645 45032431
2646 45036637
2647 45076819
2648 45085321
2649 45094019
2650 45099281
2651 45104639
2652 45112829
2653 45126611
2654 45147719
2655 45148963
2656 45166301
2657 45178481
2658 45193019
2659 45214657
2660 45250721
2661 45279049
2662 45283709
2663 45313321
2664 45320251
2665 45348031
2666 45366943
2667 45375419
2668 45406331
2669 45424601
2670 45451447
2671 45506347
2672 45618011
2673 45629291
2674 45671449
2675 45701801
2676 45723247
2677 45740983
2678 45741001
2679 45766129
2680 45774049
2681 45775903
2682 45855487
2683 45858187
2684 45896941
2685 45903401
2686 45913019
2687 45936139
2688 45996403
2689 45998333
2690 46012601
2691 46023283
2692 46068943
2693 46072759
2694 46093147
2695 46099477
2696 46101493
2697 46149419
2698 46167439
2699 46184311
2700 46206031
2701 46216139
2702 46317119
2703 46320719
2704 46351531
2705 46376963
2706 46385011
2707 46386191
2708 46386397
2709 46422811
2710 46460521
2711 46465571
2712 46485371
2713 46574923
2714 46580539
2715 46639039
2716 46679723
2717 46681249
2718 46690409
2719 46714781
2720 46725619
2721 46739377
2722 46771391
2723 46779067
2724 46800631
2725 46804943
2726 46807249
2727 46814137
2728 46879639
2729 46938277
2730 46989233
2731 46991171
2732 47099713
2733 47115547
2734 47132731
2735 47146819
2736 47148349
2737 47186149
2738 47204737
2739 47220629
2740 47221619
2741 47231519
2742 47239391
2743 47246359
2744 47253881
2745 47260621
2746 47304637
2747 47308109
2748 47311709
2749 47329319
2750 47339381
2751 47358973
2752 47370559
2753 47400511
2754 47403073
2755 47471953
2756 47472787
2757 47508697
2758 47564677
2759 47571037
2760 47573381
2761 47660449
2762 47670509
2763 47708329
2764 47719853
2765 47730719
2766 47750009
2767 47753767
2768 47754757
2769 47767997
2770 47779057
2771 47803109
2772 47828029
2773 47863129
2774 47868533
2775 47871209
2776 47871319
2777 47882171
2778 47937457
2779 47969333
2780 47996629
2781 48014557
2782 48065021
2783 48070531
2784 48132631
2785 48153331
2786 48154619
2787 48230519
2788 48280871
2789 48281221
2790 48283973
2791 48300719
2792 48304759
2793 48340531
2794 48361639
2795 48383677
2796 48385387
2797 48399829
2798 48421201
2799 48421621
2800 48482309
2801 48491419
2802 48508111
2803 48518219
2804 48522739
2805 48526201
2806 48539753
2807 48556271
2808 48581329
2809 48650933
2810 48680011
2811 48713933
2812 48746557
2813 48769613
2814 48772109
2815 48775997
2816 48801601
2817 48815983
2818 48824059
2819 48827029
2820 48831037
2821 48831529
2822 48852371
2823 48888143
2824 48979223
2825 48987413
2826 49042139
2827 49049101
2828 49067149
2829 49083121
2830 49085963
2831 49175963
2832 49180981
2833 49228391
2834 49234819
2835 49256983
2836 49309319
2837 49313701
2838 49340611
2839 49366813
2840 49404209
2841 49447109
2842 49511411
2843 49603781
2844 49695713
2845 49772377
2846 49832767
2847 49845097
2848 49846997
2849 49872367
2850 49900549
2851 49958591
2852 49977947
2853 49987661
2854 50033351
2855 50046757
2856 50080621
2857 50097511
2858 50114621
2859 50134151
2860 50156731
2861 50162909
2862 50195437
2863 50236031
2864 50238521
2865 50244241
2866 50254811
2867 50324341
2868 50443837
2869 50444531
2870 50459221
2871 50489239
2872 50519039
2873 50520251
2874 50523959
2875 50552609
2876 50616073
2877 50637649
2878 50640511
2879 50661301
2880 50686973
2881 50704631
2882 50705401
2883 50722411
2884 50734357
2885 50741429
2886 50783771
2887 50784301
2888 50784619
2889 50787577
2890 50792629
2891 50809019
2892 50819047
2893 50820283
2894 50832031
2895 50879557
2896 50884391
2897 50887181
2898 50903201
2899 50942231
2900 50949487
2901 50975329
2902 51028811
2903 51076759
2904 51090311
2905 51093509
2906 51103541
2907 51108131
2908 51143857
2909 51164041
2910 51194749
2911 51208529
2912 51229531
2913 51238139
2914 51245801
2915 51254821
2916 51292447
2917 51333847
2918 51344939
2919 51360539
2920 51370273
2921 51377401
2922 51409409
2923 51417983
2924 51480983
2925 51485519
2926 51494449
2927 51508537
2928 51531511
2929 51548401
2930 51555131
2931 51563411
2932 51603719
2933 51641111
2934 51659677
2935 51666011
2936 51701411
2937 51710473
2938 51718691
2939 51723901
2940 51737201
2941 51739409
2942 51740737
2943 51765031
2944 51776149
2945 51793481
2946 51800321
2947 51809137
2948 51836221
2949 51872591
2950 51895477
2951 51904759
2952 51922021
2953 51945787
2954 51957281
2955 51983923
2956 52005251
2957 52057139
2958 52057601
2959 52136221
2960 52146239
2961 52157891
2962 52217519
2963 52295449
2964 52304729
2965 52309409
2966 52336919
2967 52362929
2968 52442557
2969 52447237
2970 52452637
2971 52466681
2972 52511293
2973 52527511
2974 52564321
2975 52584439
2976 52609897
2977 52624139
2978 52670749
2979 52710041
2980 52710221
2981 52714357
2982 52720529
2983 52722419
2984 52724219
2985 52764419
2986 52781797
2987 52798267
2988 52869367
2989 52892923
2990 52953787
2991 52968613
2992 52978267
2993 52996357
2994 53029357
2995 53038229
2996 53053657
2997 53056511
2998 53056849
2999 53066347
3000 53086109
3001 53088509
3002 53101921
3003 53128993
3004 53219039
3005 53247157
3006 53247209
3007 53248549
3008 53249681
3009 53268581
3010 53283311
3011 53290973
3012 53316721
3013 53321941
3014 53330909
3015 53343701
3016 53349031
3017 53362229
3018 53380601
3019 53392211
3020 53414821
3021 53415811
3022 53430757
3023 53437781
3024 53445221
3025 53467867
3026 53471129
3027 53496577
3028 53535649
3029 53615039
3030 53634829
3031 53642521
3032 53702647
3033 53724739
3034 53736581
3035 53770781
3036 53791597
3037 53808011
3038 53831321
3039 53850791
3040 53903963
3041 53917519
3042 53978413
3043 54009239
3044 54029219
3045 54038909
3046 54040621
3047 54042601
3048 54146839
3049 54156247
3050 54183719
3051 54233021
3052 54284719
3053 54285211
3054 54309719
3055 54351509
3056 54356539
3057 54362101
3058 54393349
3059 54396229
3060 54423329
3061 54456211
3062 54462311
3063 54482137
3064 54516157
3065 54605701
3066 54606311
3067 54607109
3068 54608221
3069 54613919
3070 54624881
3071 54626591
3072 54652639
3073 54653953
3074 54691001
3075 54712421
3076 54723829
3077 54724459
3078 54724963
3079 54739109
3080 54772339
3081 54801011
3082 54816011
3083 54819139
3084 54833131
3085 54837119
3086 54864371
3087 54880249
3088 54921649
3089 54922943
3090 54930401
3091 54930559
3092 54933121
3093 54950629
3094 55030739
3095 55048211
3096 55093411
3097 55093897
3098 55096159
3099 55124401
3100 55164331
3101 55184993
3102 55202729
3103 55242547
3104 55265201
3105 55275491
3106 55297387
3107 55308739
3108 55367329
3109 55367857
3110 55368913
3111 55372729
3112 55377281
3113 55381411
3114 55384339
3115 55410331
3116 55414537
3117 55417639
3118 55450711
3119 55503101
3120 55505129
3121 55519687
3122 55538381
3123 55544719
3124 55545349
3125 55546867
3126 55561981
3127 55618391
3128 55678643
3129 55709149
3130 55734031
3131 55735111
3132 55738477
3133 55750109
3134 55788443
3135 55802963
3136 55808329
3137 55845001
3138 56021473
3139 56042221
3140 56058349
3141 56062537
3142 56082001
3143 56103821
3144 56118247
3145 56152319
3146 56153347
3147 56157509
3148 56157923
3149 56158339
3150 56209501
3151 56226337
3152 56233201
3153 56237971
3154 56238211
3155 56321939
3156 56345449
3157 56373349
3158 56405819
3159 56423909
3160 56475487
3161 56492419
3162 56496019
3163 56552887
3164 56553529
3165 56621909
3166 56647477
3167 56721331
3168 56725111
3169 56751301
3170 56760787
3171 56802973
3172 56850877
3173 56869523
3174 56930519
3175 57008257
3176 57088271
3177 57122557
3178 57126221
3179 57128311
3180 57133409
3181 57191137
3182 57195001
3183 57226321
3184 57270337
3185 57308359
3186 57308971
3187 57326953
3188 57376129
3189 57423649
3190 57500041
3191 57510521
3192 57537049
3193 57553571
3194 57554963
3195 57561121
3196 57617381
3197 57691129
3198 57699053
3199 57705121
3200 57714037
3201 57731131
3202 57750031
3203 57791009
3204 57863467
3205 57881029
3206 57912671
3207 57998789
3208 58005631
3209 58006849
3210 58025347
3211 58042531
3212 58048201
3213 58061257
3214 58082131
3215 58096477
3216 58121111
3217 58166767
3218 58201657
3219 58235131
3220 58272619
3221 58294039
3222 58308101
3223 58358081
3224 58405729
3225 58413829
3226 58422719
3227 58432501
3228 58466119
3229 58482371
3230 58568633
3231 58594267
3232 58612963
3233 58613539
3234 58614349
3235 58636297
3236 58680319
3237 58686977
3238 58716001
3239 58721591
3240 58806487
3241 58817197
3242 58871713
3243 58932397
3244 58939523
3245 59001847
3246 59026301
3247 59029391
3248 59036137
3249 59058001
3250 59120429
3251 59214157
3252 59228471
3253 59242709
3254 59260109
3255 59264239
3256 59275129
3257 59325697
3258 59484097
3259 59488057
3260 59500447
3261 59513137
3262 59547071
3263 59756987
3264 59831983
3265 59832281
3266 59852119
3267 59856353
3268 59953087
3269 59962267
3270 59977339
3271 59985619
3272 59986133
3273 60045311
3274 60094973
3275 60214241
3276 60239129
3277 60248011
3278 60267247
3279 60293521
3280 60326911
3281 60329431
3282 60337759
3283 60347257
3284 60359111
3285 60391801
3286 60398857
3287 60424901
3288 60454201
3289 60475819
3290 60495349
3291 60499297
3292 60530341
3293 60540847
3294 60567011
3295 60572011
3296 60590039
3297 60597209
3298 60600961
3299 60603911
3300 60632801
3301 60669229
3302 60710051
3303 60711311
3304 60722339
3305 60730837
3306 60731519
3307 60732431
3308 60741859
3309 60766933
3310 60770431
3311 60774529
3312 60804859
3313 60816719
3314 60820709
3315 60821731
3316 60824431
3317 60825719
3318 60854539
3319 60855037
3320 60856021
3321 60886039
3322 60900629
3323 60913537
3324 60936419
3325 60970237
3326 60988087
3327 61053193
3328 61077649
3329 61134719
3330 61232321
3331 61237409
3332 61262911
3333 61283819
3334 61301089
3335 61313729
3336 61315321
3337 61317121
3338 61395419
3339 61404283
3340 61437421
3341 61483691
3342 61515631
3343 61523647
3344 61526749
3345 61617719
3346 61624421
3347 61673629
3348 61674259
3349 61716829
3350 61725331
3351 61732711
3352 61763719
3353 61780963
3354 61787377
3355 61848139
3356 61850819
3357 61864519
3358 61890419
3359 61908211
3360 61912139
3361 61922101
3362 62029537
3363 62033611
3364 62036339
3365 62037901
3366 62082121
3367 62086639
3368 62107709
3369 62174891
3370 62224901
3371 62232601
3372 62274337
3373 62311351
3374 62336437
3375 62355247
3376 62357401
3377 62388371
3378 62410331
3379 62428411
3380 62432221
3381 62439037
3382 62444891
3383 62501701
3384 62513519
3385 62561839
3386 62591609
3387 62603111
3388 62612401
3389 62637943
3390 62647973
3391 62653729
3392 62705701
3393 62717887
3394 62768287
3395 62773597
3396 62790349
3397 62812601
3398 62818993
3399 62834021
3400 62872993
3401 62873011
3402 62898791
3403 62941819
3404 62977823
3405 62984377
3406 62987167
3407 63010873
3408 63029321
3409 63059131
3410 63074819
3411 63076459
3412 63108631
3413 63117121
3414 63140729
3415 63151709
3416 63192001
3417 63216859
3418 63236659
3419 63282809
3420 63283897
3421 63331831
3422 63366581
3423 63377767
3424 63380347
3425 63412031
3426 63422083
3427 63468281
3428 63471209
3429 63473401
3430 63507601
3431 63535321
3432 63583319
3433 63646021
3434 63665309
3435 63665471
3436 63724943
3437 63748129
3438 63820201
3439 63879791
3440 63926101
3441 63935059
3442 64014241
3443 64016201
3444 64038511
3445 64070311
3446 64093459
3447 64150301
3448 64207021
3449 64239509
3450 64240901
3451 64257509
3452 64295963
3453 64324111
3454 64345819
3455 64407247
3456 64411439
3457 64443331
3458 64468219
3459 64519001
3460 64627391
3461 64688257
3462 64691149
3463 64711111
3464 64720001
3465 64762519
3466 64784803
3467 64868633
3468 64903549
3469 64905923
3470 64935973
3471 64951597
3472 64980973
3473 64988153
3474 64996639
3475 65015173
3476 65024731
3477 65026711
3478 65052509
3479 65055401
3480 65088371
3481 65099843
3482 65107447
3483 65127247
3484 65140811
3485 65155549
3486 65181601
3487 65216611
3488 65217337
3489 65222519
3490 65230901
3491 65243257
3492 65266339
3493 65280157
3494 65305139
3495 65311321
3496 65317237
3497 65326231
3498 65376049
3499 65383973
3500 65407031
3501 65407301
3502 65483381
3503 65606539
3504 65629219
3505 65634301
3506 65643301
3507 65672059
3508 65677643
3509 65706923
3510 65740729
3511 65745319
3512 65756029
3513 65815571
3514 65834059
3515 65854219
3516 65862397
3517 65870059
3518 65873557
3519 65890129
3520 65897809
3521 65984813
3522 66002611
3523 66019501
3524 66020729
3525 66034849
3526 66039031
3527 66042419
3528 66054719
3529 66057671
3530 66062039
3531 66076687
3532 66113647
3533 66127121
3534 66178477
3535 66181943
3536 66210719
3537 66218137
3538 66292319
3539 66310093
3540 66310949
3541 66405337
3542 66406237
3543 66407591
3544 66408101
3545 66412849
3546 66418021
3547 66550871
3548 66585833
3549 66595267
3550 66635923
3551 66658997
3552 66721639
3553 66724159
3554 66760249
3555 66763271
3556 66770329
3557 66805201
3558 66812359
3559 66840419
3560 66898313
3561 66935467
3562 66962803
3563 66975313
3564 66983633
3565 67036231
3566 67037797
3567 67050073
3568 67050721
3569 67061909
3570 67075993
3571 67110283
3572 67115101
3573 67130131
3574 67156519
3575 67165481
3576 67186813
3577 67224991
3578 67225237
3579 67245671
3580 67307221
3581 67354993
3582 67450871
3583 67452529
3584 67480687
3585 67504211
3586 67512331
3587 67520963
3588 67524031
3589 67551349
3590 67576823
3591 67587881
3592 67599143
3593 67614259
3594 67645271
3595 67695403
3596 67801231
3597 67810619
3598 67822021
3599 67844009
3600 67852903
3601 67970753
3602 68000729
3603 68046787
3604 68054131
3605 68090311
3606 68103929
3607 68124131
3608 68147587
3609 68150437
3610 68164021
3611 68210731
3612 68215981
3613 68216201
3614 68290867
3615 68365387
3616 68380339
3617 68392477
3618 68420321
3619 68441449
3620 68451419
3621 68452159
3622 68456197
3623 68483119
3624 68524409
3625 68535119
3626 68550301
3627 68665087
3628 68788799
3629 68817277
3630 68821429
3631 68829403
3632 68842271
3633 68861029
3634 68870467
3635 68974343
3636 68975911
3637 69009877
3638 69016301
3639 69060829
3640 69085657
3641 69099739
3642 69148813
3643 69155291
3644 69172429
3645 69185843
3646 69200731
3647 69203891
3648 69212659
3649 69230611
3650 69241729
3651 69276833
3652 69372371
3653 69375367
3654 69383287
3655 69385553
3656 69394177
3657 69427109
3658 69519743
3659 69558977
3660 69572843
3661 69596203
3662 69651209
3663 69657977
3664 69658613
3665 69670109
3666 69671009
3667 69777947
3668 69801923
3669 69808267
3670 69812101
3671 69890453
3672 69901933
3673 69945977
3674 70005079
3675 70035193
3676 70072949
3677 70086311
3678 70108211
3679 70117811
3680 70137211
3681 70137611
3682 70164301
3683 70220441
3684 70229321
3685 70247231
3686 70270051
3687 70322639
3688 70341311
3689 70372919
3690 70388419
3691 70415201
3692 70450921
3693 70466359
3694 70504657
3695 70534601
3696 70536511
3697 70562521
3698 70587001
3699 70596049
3700 70597477
3701 70597853
3702 70620629
3703 70622737
3704 70637401
3705 70641457
3706 70670219
3707 70677667
3708 70682021
3709 70686229
3710 70709629
3711 70728509
3712 70730041
3713 70742257
3714 70753019
3715 70772111
3716 70824953
3717 70852619
3718 70863439
3719 70905311
3720 70917037
3721 70920329
3722 70923829
3723 70946101
3724 70956209
3725 70985171
3726 70990571
3727 71007809
3728 71049337
3729 71055547
3730 71086019
3731 71109509
3732 71131241
3733 71139311
3734 71143231
3735 71148421
3736 71152121
3737 71186359
3738 71197201
3739 71202451
3740 71237129
3741 71248031
3742 71289319
3743 71324221
3744 71383321
3745 71415637
3746 71450083
3747 71504311
3748 71505101
3749 71512439
3750 71528021
3751 71557319
3752 71567677
3753 71610131
3754 71630737
3755 71634809
3756 71713601
3757 71736619
3758 71747219
3759 71839091
3760 71841221
3761 71855309
3762 71886833
3763 71902601
3764 71921659
3765 71926391
3766 71931973
3767 71933401
3768 71950231
3769 71978633
3770 72034093
3771 72067147
3772 72090983
3773 72119347
3774 72158971
3775 72176719
3776 72185719
3777 72226139
3778 72233737
3779 72235001
3780 72245039
3781 72299081
3782 72313921
3783 72360611
3784 72367391
3785 72414631
3786 72427963
3787 72431131
3788 72447787
3789 72473221
3790 72479009
3791 72502631
3792 72535321
3793 72567371
3794 72572359
3795 72575471
3796 72580121
3797 72587843
3798 72614039
3799 72701221
3800 72714209
3801 72732559
3802 72758377
3803 72806137
3804 72916339
3805 72918281
3806 72924419
3807 72971291
3808 73037231
3809 73054139
3810 73071637
3811 73093781
3812 73104809
3813 73143701
3814 73154891
3815 73203401
3816 73243711
3817 73256137
3818 73266619
3819 73285867
3820 73288091
3821 73337111
3822 73351357
3823 73412173
3824 73478803
3825 73510709
3826 73517539
3827 73552639
3828 73563983
3829 73572439
3830 73578833
3831 73580629
3832 73583309
3833 73659967
3834 73773229
3835 73810409
3836 73815491
3837 73843201
3838 73851259
3839 73853149
3840 73873477
3841 73925309
3842 73927853
3843 73928171
3844 73957087
3845 73987057
3846 73988333
3847 74008447
3848 74014631
3849 74032901
3850 74106701
3851 74210639
3852 74231041
3853 74249419
3854 74317031
3855 74338933
3856 74347159
3857 74367191
3858 74374159
3859 74443981
3860 74479939
3861 74512759
3862 74551819
3863 74601301
3864 74638387
3865 74641871
3866 74707201
3867 74752571
3868 74757367
3869 74766019
3870 74767997
3871 74780767
3872 74843011
3873 74881903
3874 74904923
3875 74963197
3876 74965951
3877 74996513
3878 75029359
3879 75035321
3880 75067571
3881 75091691
3882 75136057
3883 75136729
3884 75148973
3885 75163691
3886 75191009
3887 75230647
3888 75325231
3889 75355249
3890 75463519
3891 75490777
3892 75506681
3893 75555209
3894 75598613
3895 75634159
3896 75692753
3897 75789013
3898 75800411
3899 75811781
3900 75816371
3901 75834667
3902 75889313
3903 75918457
3904 75950059
3905 76017209
3906 76023457
3907 76041457
3908 76070611
3909 76126819
3910 76169029
3911 76207231
3912 76226009
3913 76244771
3914 76255687
3915 76260559
3916 76263419
3917 76288643
3918 76325681
3919 76355291
3920 76437397
3921 76560349
3922 76644049
3923 76650121
3924 76849303
3925 76873513
3926 76910797
3927 76924039
3928 76976957
3929 76982723
3930 77009539
3931 77012311
3932 77019419
3933 77027519
3934 77028619
3935 77045131
3936 77049001
3937 77070209
3938 77077019
3939 77116321
3940 77144449
3941 77195557
3942 77263429
3943 77268097
3944 77294713
3945 77315629
3946 77323501
3947 77396413
3948 77428903
3949 77444309
3950 77541439
3951 77596613
3952 77641933
3953 77683513
3954 77758523
3955 77762467
3956 77819257
3957 77839819
3958 77851019
3959 77851271
3960 77876333
3961 77947819
3962 77952187
3963 78042421
3964 78042511
3965 78050701
3966 78057229
3967 78100921
3968 78151943
3969 78211319
3970 78211919
3971 78231953
3972 78260047
3973 78289781
3974 78305993
3975 78313897
3976 78315011
3977 78328219
3978 78347557
3979 78353291
3980 78404449
3981 78410963
3982 78451687
3983 78461381
3984 78535297
3985 78664823
3986 78665077
3987 78668591
3988 78670477
3989 78673267
3990 78676343
3991 78684791
3992 78694691
3993 78706657
3994 78728987
3995 78852457
3996 78852833
3997 78863413
3998 78934951
3999 78939491
4000 78951071
4001 79022257
4002 79045391
4003 79049171
4004 79050649
4005 79061539
4006 79083209
4007 79113337
4008 79137757
4009 79147091
4010 79262291
4011 79281487
4012 79320719
4013 79323943
4014 79364171
4015 79430719
4016 79461191
4017 79462091
4018 79539067
4019 79602491
4020 79634287
4021 79672823
4022 79676153
4023 79690733
4024 79730767
4025 79731191
4026 79758893
4027 79764313
4028 79782067
4029 79789499
4030 79793591
4031 79808503
4032 79897673
4033 79900519
4034 79973513
4035 80016719
4036 80038759
4037 80072911
4038 80073457
4039 80074409
4040 80098001
4041 80104601
4042 80132383
4043 80162647
4044 80181631
4045 80200741
4046 80216021
4047 80236111
4048 80247649
4049 80277031
4050 80281139
4051 80314439
4052 80350093
4053 80372437
4054 80379119
4055 80455147
4056 80457037
4057 80461621
4058 80467867
4059 80494867
4060 80502511
4061 80524001
4062 80630401
4063 80637301
4064 80643559
4065 80668039
4066 80699503
4067 80734691
4068 80743549
4069 80750701
4070 80751421
4071 80807047
4072 80840411
4073 80845867
4074 80852131
4075 80879503
4076 80896177
4077 80906591
4078 80933609
4079 80956039
4080 80964049
4081 80973577
4082 81017221
4083 81039559
4084 81071647
4085 81101821
4086 81108509
4087 81128819
4088 81129247
4089 81206737
4090 81265031
4091 81286319
4092 81325319
4093 81341083
4094 81424201
4095 81425611
4096 81454981
4097 81498367
4098 81508709
4099 81519419
4100 81524309
4101 81536629
4102 81571981
4103 81572629
4104 81582619
4105 81604849
4106 81633953
4107 81641891
4108 81677377
4109 81704521
4110 81711859
4111 81729191
4112 81809587
4113 81861349
4114 81872587
4115 81934571
4116 81951943
4117 81964109
4118 82015529
4119 82054139
4120 82056119
4121 82056791
4122 82068121
4123 82090357
4124 82130921
4125 82140601
4126 82223173
4127 82230821
4128 82267111
4129 82288813
4130 82336411
4131 82383619
4132 82397009
4133 82397377
4134 82401401
4135 82433437
4136 82469171
4137 82471211
4138 82530419
4139 82533221
4140 82548119
4141 82584371
4142 82590923
4143 82618519
4144 82641953
4145 82655291
4146 82724311
4147 82724519
4148 82820701
4149 82840819
4150 82848613
4151 82880419
4152 82909657
4153 82913953
4154 82953757
4155 82971397
4156 82987819
4157 83016701
4158 83020739
4159 83056819
4160 83104093
4161 83109421
4162 83115239
4163 83123731
4164 83143139
4165 83149481
4166 83170111
4167 83233511
4168 83270701
4169 83310809
4170 83370739
4171 83381953
4172 83413973
4173 83449657
4174 83451881
4175 83585377
4176 83601431
4177 83618497
4178 83646757
4179 83751961
4180 83762059
4181 83765081
4182 83845129
4183 83850419
4184 83871397
4185 83974643
4186 84000079
4187 84009559
4188 84060419
4189 84062101
4190 84065797
4191 84134521
4192 84150329
4193 84222521
4194 84256519
4195 84284059
4196 84303547
4197 84304001
4198 84310949
4199 84317111
4200 84322993
4201 84323011
4202 84353993
4203 84364249
4204 84369457
4205 84380221
4206 84422659
4207 84426619
4208 84454339
4209 84473329
4210 84528209
4211 84539557
4212 84552211
4213 84605629
4214 84626767
4215 84669353
4216 84699103
4217 84703211
4218 84742687
4219 84742993
4220 84744973
4221 84770963
4222 84815767
4223 84816371
4224 84860767
4225 84901459
4226 84931481
4227 84933577
4228 84970297
4229 84999599
4230 85002221
4231 85006759
4232 85014521
4233 85017337
4234 85055111
4235 85071559
4236 85076983
4237 85142411
4238 85144019
4239 85159297
4240 85217609
4241 85239397
4242 85243237
4243 85295377
4244 85387553
4245 85396643
4246 85405729
4247 85412101
4248 85413221
4249 85451629
4250 85464667
4251 85474271
4252 85483903
4253 85592081
4254 85605031
4255 85613993
4256 85641211
4257 85703047
4258 85732973
4259 85847257
4260 85867819
4261 85873267
4262 85876433
4263 85968671
4264 86010719
4265 86022121
4266 86050409
4267 86050711
4268 86081311
4269 86108201
4270 86115131
4271 86124421
4272 86150521
4273 86177197
4274 86212229
4275 86212759
4276 86245519
4277 86268187
4278 86335973
4279 86369077
4280 86370301
4281 86378167
4282 86386733
4283 86447843
4284 86479343
4285 86509853
4286 86511739
4287 86515201
4288 86517397
4289 86557267
4290 86590039
4291 86622619
4292 86636467
4293 86710237
4294 86767253
4295 86802031
4296 86810519
4297 86824853
4298 86849333
4299 86862019
4300 86866729
4301 86945839
4302 86968003
4303 86973443
4304 87015881
4305 87016639
4306 87074963
4307 87091597
4308 87116629
4309 87244111
4310 87271201
4311 87317983
4312 87404111
4313 87454019
4314 87456277
4315 87464843
4316 87470983
4317 87580271
4318 87762833
4319 87801491
4320 87816097
4321 87838057
4322 87844177
4323 87925823
4324 87938203
4325 88033019
4326 88050829
4327 88054249
4328 88065371
4329 88071121
4330 88080943
4331 88100429
4332 88124221
4333 88151933
4334 88169981
4335 88180867
4336 88223797
4337 88294553
4338 88310437
4339 88322629
4340 88414973
4341 88441201
4342 88469861
4343 88483357
4344 88489043
4345 88563367
4346 88601311
4347 88604101
4348 88675303
4349 88725277
4350 88729961
4351 88734743
4352 88749013
4353 88818713
4354 88830281
4355 88837921
4356 88846523
4357 88862413
4358 88887191
4359 88925987
4360 88959461
4361 89043509
4362 89051609
4363 89107933
4364 89136371
4365 89221031
4366 89235973
4367 89274833
4368 89320943
4369 89321887
4370 89344477
4371 89347997
4372 89397709
4373 89407963
4374 89427367
4375 89434853
4376 89506477
4377 89556931
4378 89559053
4379 89577619
4380 89592403
4381 89635643
4382 89719057
4383 89763533
4384 89789753
4385 89815997
4386 89844067
4387 89889109
4388 89892893
4389 89950643
4390 89964761
4391 90017339
4392 90032639
4393 90038983
4394 90046409
4395 90083611
4396 90139897
4397 90147809
4398 90151141
4399 90192331
4400 90212819
4401 90221051
4402 90287011
4403 90299557
4404 90364237
4405 90369119
4406 90441811
4407 90471001
4408 90478567
4409 90490019
4410 90494309
4411 90506309
4412 90542983
4413 90550357
4414 90571963
4415 90604621
4416 90636211
4417 90650011
4418 90653359
4419 90666371
4420 90686119
4421 90707137
4422 90749081
4423 90821749
4424 90822209
4425 90853409
4426 90863497
4427 90871021
4428 90917219
4429 90980101
4430 91029559
4431 91068697
4432 91076971
4433 91106557
4434 91128337
4435 91170329
4436 91197209
4437 91201801
4438 91227991
4439 91288903
4440 91299653
4441 91314239
4442 91338581
4443 91378813
4444 91385219
4445 91390729
4446 91424129
4447 91455439
4448 91461247
4449 91521509
4450 91560739
4451 91577081
4452 91588997
4453 91591519
4454 91598077
4455 91608787
4456 91644697
4457 91695367
4458 91702537
4459 91703039
4460 91769453
4461 91771111
4462 91801319
4463 91840109
4464 91865009
4465 91901521
4466 91911331
4467 91927813
4468 91940311
4469 91941671
4470 91945813
4471 91991197
4472 92033021
4473 92034121
4474 92037991
4475 92048771
4476 92085439
4477 92115301
4478 92124983
4479 92125001
4480 92137211
4481 92139301
4482 92184419
4483 92197019
4484 92207659
4485 92226131
4486 92271209
4487 92284519
4488 92346349
4489 92370337
4490 92408401
4491 92455021
4492 92475001
4493 92501939
4494 92540011
4495 92655139
4496 92666377
4497 92682757
4498 92701319
4499 92708677
4500 92741771
4501 92782477
4502 92832419
4503 92886977
4504 92918843
4505 92932409
4506 93056771
4507 93085933
4508 93118819
4509 93147211
4510 93152909
4511 93162809
4512 93164681
4513 93184159
4514 93209917
4515 93301093
4516 93302311
4517 93326131
4518 93347983
4519 93348001
4520 93359557
4521 93370709
4522 93379733
4523 93402637
4524 93409249
4525 93415109
4526 93432953
4527 93446767
4528 93497167
4529 93524359
4530 93544973
4531 93568733
4532 93655853
4533 93695543
4534 93698153
4535 93810559
4536 93876443
4537 93884257
4538 93947167
4539 94012211
4540 94021093
4541 94031621
4542 94046311
4543 94053649
4544 94059319
4545 94079933
4546 94105409
4547 94151411
4548 94158973
4549 94164529
4550 94273429
4551 94292239
4552 94306501
4553 94315147
4554 94344619
4555 94364471
4556 94437139
4557 94460591
4558 94555129
4559 94560259
4560 94582219
4561 94622771
4562 94624867
4563 94627109
4564 94657357
4565 94680319
4566 94710131
4567 94722101
4568 94762477
4569 94788671
4570 94831409
4571 94843657
4572 94920349
4573 94926613
4574 94929829
4575 94933567
4576 94972177
4577 95004929
4578 95038319
4579 95067913
4580 95072519
4581 95078843
4582 95108137
4583 95138963
4584 95195803
4585 95217923
4586 95239129
4587 95249753
4588 95265913
4589 95326201
4590 95329109
4591 95333047
4592 95340559
4593 95372471
4594 95460943
4595 95492557
4596 95547187
4597 95613697
4598 95623001
4599 95624239
4600 95675413
4601 95685157
4602 95710057
4603 95724319
4604 95741983
4605 95753377
4606 95756077
4607 95784067
4608 95839253
4609 95878571
4610 95882077
4611 95931001
4612 95979461
4613 96028571
4614 96062201
4615 96109319
4616 96124619
4617 96144211
4618 96151019
4619 96151709
4620 96162419
4621 96170681
4622 96173963
4623 96178177
4624 96228487
4625 96262249
4626 96303029
4627 96340709
4628 96380857
4629 96508963
4630 96559781
4631 96599213
4632 96604933
4633 96623381
4634 96690613
4635 96769133
4636 96818987
4637 96860287
4638 96862603
4639 96873353
4640 97044509
4641 97062011
4642 97062983
4643 97072597
4644 97117249
4645 97141301
4646 97178633
4647 97181309
4648 97209953
4649 97213639
4650 97238467
4651 97253983
4652 97310501
4653 97334059
4654 97370219
4655 97377067
4656 97387343
4657 97410337
4658 97440439
4659 97470973
4660 97516109
4661 97602121
4662 97709981
4663 97712309
4664 97754257
4665 97776491
4666 97779953
4667 97867519
4668 97874911
4669 97882781
4670 97883153
4671 97900993
4672 97955719
4673 98006719
4674 98030129
4675 98049019
4676 98113871
4677 98139187
4678 98143519
4679 98190319
4680 98210891
4681 98240221
4682 98260159
4683 98296433
4684 98326297
4685 98456167
4686 98486771
4687 98548433
4688 98601983
4689 98610529
4690 98640209
4691 98709739
4692 98723197
4693 98781623
4694 98803297
4695 98827691
4696 98841187
4697 98869271
4698 98885929
4699 98891539
4700 99036757
4701 99059453
4702 99072139
4703 99086413
4704 99141697
4705 99181039
4706 99260101
4707 99311221
4708 99357931
4709 99482723
4710 99522139
4711 99576709
4712 99577661
4713 99608813
4714 99673781
4715 99676391
4716 99749329
4717 99766481
4718 99779081
4719 99790921
4720 99866419
4721 99868673
4722 99874043
4723 99910039
4724 99912457
4725 99975977
4726 99987161
4727 100000379
4728 100005091
4729 100029431
4730 100035821
4731 100090721
4732 100168093
4733 100192711
4734 100209493
4735 100209839
4736 100264601
4737 100369849
4738 100381483
4739 100385801
4740 100405631
4741 100417483
4742 100433821
4743 100488247
4744 100492747
4745 100558511
4746 100560611
4747 100646911
4748 100691737
4749 100697629
4750 100752151
4751 100768237
4752 100775431
4753 100778609
4754 100823909
4755 100854031
4756 100885709
4757 100903331
4758 100917521
4759 100999387
4760 101007289
4761 101080279
4762 101089201
4763 101089711
4764 101095301
4765 101108971
4766 101119331
4767 101221399
4768 101238719
4769 101299031
4770 101335739
4771 101383231
4772 101384939
4773 101402479
4774 101468839
4775 101514493
4776 101547637
4777 101557139
4778 101572831
4779 101577559
4780 101589619
4781 101652241
4782 101676401
4783 101706041
4784 101714293
4785 101743121
4786 101747231
4787 101751809
4788 101766739
4789 101850911
4790 101878867
4791 101891011
4792 101904731
4793 101906111
4794 101924429
4795 101948771
4796 102008801
4797 102010789
4798 102044911
4799 102072079
4800 102079801
4801 102086731
4802 102119141
4803 102154421
4804 102171079
4805 102175921
4806 102211841
4807 102219241
4808 102237193
4809 102249457
4810 102303959
4811 102318539
4812 102320389
4813 102358849
4814 102363629
4815 102383041
4816 102408311
4817 102409529
4818 102445529
4819 102483301
4820 102557501
4821 102652831
4822 102665039
4823 102713729
4824 102726419
4825 102749519
4826 102749917
4827 102790801
4828 102832321
4829 102834239
4830 102847819
4831 102866629
4832 102878767
4833 102915011
4834 102917701
4835 103060099
4836 103062431
4837 103084837
4838 103089157
4839 103093093
4840 103169219
4841 103176547
4842 103200941
4843 103245931
4844 103278029
4845 103284509
4846 103297981
4847 103309183
4848 103336721
4849 103374631
4850 103416283
4851 103416959
4852 103431541
4853 103442819
4854 103482329
4855 103529501
4856 103531829
4857 103559719
4858 103569787
4859 103605847
4860 103631051
4861 103663447
4862 103666411
4863 103674331
4864 103677983
4865 103703141
4866 103719221
4867 103722757
4868 103734611
4869 103774709
4870 103872973
4871 103873943
4872 103944601
4873 103973131
4874 103977371
4875 103986049
4876 104033821
4877 104070493
4878 104075801
4879 104124929
4880 104133839
4881 104163809
4882 104181193
4883 104206441
4884 104208719
4885 104212651
4886 104239621
4887 104247929
4888 104255083
4889 104269897
4890 104272093
4891 104278709
4892 104315857
4893 104353901
4894 104366231
4895 104366701
4896 104370241
4897 104387629
4898 104445329
4899 104481431
4900 104521393
4901 104525557
4902 104571721
4903 104595943
4904 104665501
4905 104690039
4906 104735347
4907 104792609
4908 104847671
4909 104853649
4910 104863321
4911 104883101
4912 104900639
4913 104910601
4914 104922547
4915 104983481
4916 105019529
4917 105072629
4918 105095129
4919 105106919
4920 105109051
4921 105120991
4922 105147239
4923 105186511
4924 105224321
4925 105231493
4926 105274919
4927 105298201
4928 105354811
4929 105377609
4930 105417721
4931 105465809
4932 105482231
4933 105505837
4934 105528119
4935 105608611
4936 105667481
4937 105683009
4938 105687229
4939 105728591
4940 105729439
4941 105737719
4942 105751621
4943 105778657
4944 105790301
4945 105794239
4946 105797287
4947 105846619
4948 105871639
4949 105914749
4950 105951511
4951 105990259
4952 105994039
4953 106008241
4954 106068829
4955 106140451
4956 106157839
4957 106170193
4958 106190621
4959 106212929
4960 106223521
4961 106229749
4962 106241231
4963 106244401
4964 106345331
4965 106368671
4966 106450411
4967 106465691
4968 106507409
4969 106520321
4970 106649471
4971 106742309
4972 106744321
4973 106764011
4974 106774391
4975 106812457
4976 106853519
4977 106877009
4978 106890011
4979 107002873
4980 107005351
4981 107054111
4982 107090993
4983 107122601
4984 107131573
4985 107152141
4986 107158897
4987 107181121
4988 107183431
4989 107231051
4990 107239109
4991 107268529
4992 107314231
4993 107334547
4994 107368519
4995 107368777
4996 107399713
4997 107421731
4998 107426659
4999 107435347
5000 107465221
5001 107492771
5002 107516963
5003 107585587
5004 107589019
5005 107656429
5006 107680109
5007 107692687
5008 107707109
5009 107736529
5010 107737339
5011 107774239
5012 107807681
5013 107855471
5014 107903101
5015 107912011
5016 107916509
5017 107972857
5018 108043031
5019 108046447
5020 108066649
5021 108091021
5022 108091759
5023 108102341
5024 108136993
5025 108137011
5026 108174601
5027 108178159
5028 108192221
5029 108200179
5030 108215609
5031 108225031
5032 108233221
5033 108238709
5034 108246991
5035 108249259
5036 108253001
5037 108258349
5038 108285259
5039 108316331
5040 108318649
5041 108402719
5042 108436019
5043 108439777
5044 108441239
5045 108458767
5046 108482629
5047 108530083
5048 108544057
5049 108554311
5050 108570559
5051 108581009
5052 108587287
5053 108695009
5054 108732809
5055 108760019
5056 108781571
5057 108786071
5058 108807943
5059 108851311
5060 108876367
5061 108953857
5062 108965029
5063 109012621
5064 109044631
5065 109064983
5066 109076449
5067 109087933
5068 109094137
5069 109109437
5070 109116419
5071 109124731
5072 109145611
5073 109162021
5074 109168597
5075 109174943
5076 109189019
5077 109193009
5078 109208611
5079 109229111
5080 109243201
5081 109250821
5082 109277419
5083 109367309
5084 109367471
5085 109502131
5086 109505611
5087 109526609
5088 109544401
5089 109573201
5090 109623809
5091 109640129
5092 109659743
5093 109686457
5094 109717319
5095 109737319
5096 109741729
5097 109767703
5098 109790419
5099 109819271
5100 109828039
5101 109833419
5102 109842301
5103 109876087
5104 109889861
5105 109891181
5106 109905581
5107 109913933
5108 109961983
5109 109962973
5110 109970677
5111 110137711
5112 110145583
5113 110173801
5114 110246639
5115 110251721
5116 110268637
5117 110333683
5118 110434531
5119 110476357
5120 110523251
5121 110549039
5122 110550611
5123 110573609
5124 110600851
5125 110613541
5126 110625629
5127 110640583
5128 110685649
5129 110715719
5130 110717609
5131 110753821
5132 110759111
5133 110784559
5134 110812931
5135 110823311
5136 110840141
5137 110904757
5138 110905231
5139 110909947
5140 110918909
5141 110995519
5142 111033991
5143 111081631
5144 111099809
5145 111142721
5146 111155729
5147 111181801
5148 111263909
5149 111281293
5150 111298321
5151 111325393
5152 111359219
5153 111371411
5154 111394021
5155 111416611
5156 111457537
5157 111561959
5158 111566437
5159 111694871
5160 111695629
5161 111701351
5162 111725531
5163 111733051
5164 111745331
5165 111778867
5166 111901711
5167 111902341
5168 111906701
5169 111938221
5170 111951929
5171 111953839
5172 111979129
5173 111996281
5174 112049731
5175 112066529
5176 112087531
5177 112092719
5178 112137331
5179 112144829
5180 112211299
5181 112237183
5182 112250821
5183 112294621
5184 112336831
5185 112359809
5186 112370473
5187 112389037
5188 112395601
5189 112416719
5190 112425757
5191 112444231
5192 112449157
5193 112509547
5194 112518239
5195 112539247
5196 112545239
5197 112551629
5198 112642093
5199 112674209
5200 112682701
5201 112684147
5202 112725121
5203 112737649
5204 112772819
5205 112804031
5206 112830511
5207 112867933
5208 112881331
5209 112882691
5210 112884581
5211 112925749
5212 112928131
5213 112962953
5214 113013289
5215 113055401
5216 113055809
5217 113090141
5218 113105089
5219 113105711
5220 113147401
5221 113218439
5222 113254949
5223 113256457
5224 113275111
5225 113292637
5226 113302279
5227 113328031
5228 113331901
5229 113348909
5230 113374537
5231 113391631
5232 113395301
5233 113448337
5234 113456039
5235 113470031
5236 113480041
5237 113494321
5238 113500831
5239 113557321
5240 113597963
5241 113598139
5242 113630921
5243 113665109
5244 113675449
5245 113791781
5246 113816431
5247 113866429
5248 113887181
5249 113893973
5250 113907953
5251 113973121
5252 113986181
5253 114004811
5254 114021959
5255 114067319
5256 114075631
5257 114085511
5258 114107639
5259 114159601
5260 114201911
5261 114220189
5262 114222701
5263 114242473
5264 114259231
5265 114266819
5266 114317519
5267 114346229
5268 114358639
5269 114362939
5270 114381611
5271 114431341
5272 114458719
5273 114565819
5274 114570983
5275 114583897
5276 114601951
5277 114609337
5278 114615637
5279 114637057
5280 114638971
5281 114682121
5282 114688853
5283 114722221
5284 114742801
5285 114750121
5286 114750509
5287 114751759
5288 114791009
5289 114800909
5290 114820031
5291 114862019
5292 114863887
5293 114908539
5294 114961619
5295 114963439
5296 115026959
5297 115078031
5298 115100389
5299 115119419
5300 115148347
5301 115152041
5302 115176739
5303 115195501
5304 115217429
5305 115232501
5306 115237021
5307 115248157
5308 115260401
5309 115266719
5310 115277401
5311 115284881
5312 115312511
5313 115333837
5314 115440911
5315 115444801
5316 115454309
5317 115514731
5318 115525139
5319 115526659
5320 115580039
5321 115603837
5322 115620821
5323 115641611
5324 115682311
5325 115709609
5326 115756021
5327 115762819
5328 115787753
5329 115818259
5330 115827581
5331 115854509
5332 115883767
5333 115913521
5334 115917419
5335 115951819
5336 115953491
5337 115972001
5338 115972687
5339 116022611
5340 116033501
5341 116045173
5342 116055239
5343 116068819
5344 116075347
5345 116097101
5346 116121701
5347 116137201
5348 116143121
5349 116146357
5350 116148157
5351 116157221
5352 116183437
5353 116229809
5354 116240701
5355 116263447
5356 116325721
5357 116332121
5358 116345963
5359 116410711
5360 116413439
5361 116428549
5362 116443331
5363 116447021
5364 116453219
5365 116464619
5366 116519681
5367 116547619
5368 116550431
5369 116589703
5370 116633431
5371 116643559
5372 116700401
5373 116707109
5374 116721901
5375 116741659
5376 116746339
5377 116750983
5378 116809201
5379 116839477
5380 116844529
5381 116863111
5382 116885803
5383 116903431
5384 116929387
5385 116932729
5386 116940157
5387 116965477
5388 116971249
5389 117024221
5390 117032501
5391 117059609
5392 117091621
5393 117112739
5394 117167719
5395 117170821
5396 117173701
5397 117183119
5398 117190531
5399 117220739
5400 117262759
5401 117274501
5402 117312757
5403 117333521
5404 117337057
5405 117391501
5406 117438439
5407 117467767
5408 117500501
5409 117549281
5410 117550409
5411 117644953
5412 117664597
5413 117673519
5414 117673687
5415 117680021
5416 117764149
5417 117816983
5418 117817001
5419 117829297
5420 117864577
5421 117872149
5422 117878543
5423 117915983
5424 117992803
5425 118014821
5426 118074421
5427 118128991
5428 118147121
5429 118147709
5430 118150831
5431 118152239
5432 118181309
5433 118197973
5434 118208501
5435 118217431
5436 118229519
5437 118262129
5438 118293211
5439 118408501
5440 118443953
5441 118460819
5442 118461331
5443 118564867
5444 118588553
5445 118796453
5446 118800457
5447 118801447
5448 118814629
5449 118841993
5450 118871983
5451 118872001
5452 118972853
5453 118996303
5454 119043011
5455 119095391
5456 119130421
5457 119160721
5458 119192131
5459 119210473
5460 119255771
5461 119279287
5462 119288009
5463 119327591
5464 119337121
5465 119343559
5466 119407709
5467 119431357
5468 119441501
5469 119467963
5470 119499313
5471 119522983
5472 119530601
5473 119530849
5474 119555857
5475 119629219
5476 119663857
5477 119672219
5478 119678077
5479 119709371
5480 119710537
5481 119743409
5482 119757613
5483 119842159
5484 119856743
5485 119874071
5486 119881219
5487 119889053
5488 119913011
5489 119914429
5490 119929087
5491 119933497
5492 119970577
5493 120041921
5494 120056051
5495 120108251
5496 120115901
5497 120135341
5498 120195211
5499 120224821
5500 120270961
5501 120309131
5502 120374609
5503 120388943
5504 120401851
5505 120439447
5506 120465239
5507 120470639
5508 120476101
5509 120483431
5510 120499409
5511 120518221
5512 120519457
5513 120547201
5514 120548321
5515 120570809
5516 120576739
5517 120616949
5518 120624221
5519 120646919
5520 120655993
5521 120679571
5522 120698059
5523 120703393
5524 120720631
5525 120734993
5526 120745621
5527 120780859
5528 120804421
5529 120836983
5530 120837001
5531 120896767
5532 120909511
5533 120910393
5534 120940949
5535 120941201
5536 120947221
5537 121080961
5538 121147031
5539 121192321
5540 121196909
5541 121198619
5542 121237657
5543 121285621
5544 121390211
5545 121409647
5546 121460921
5547 121492139
5548 121505411
5549 121577887
5550 121631431
5551 121634021
5552 121688767
5553 121703383
5554 121704959
5555 121713847
5556 121739797
5557 121746649
5558 121750921
5559 121751083
5560 121757137
5561 121774729
5562 121788049
5563 121806329
5564 121840183
5565 121883221
5566 121891943
5567 121923701
5568 121950211
5569 121959577
5570 121973311
5571 121981549
5572 121997009
5573 122051971
5574 122077421
5575 122098231
5576 122106431
5577 122130959
5578 122220199
5579 122251351
5580 122316847
5581 122337521
5582 122341441
5583 122370757
5584 122392229
5585 122473139
5586 122474129
5587 122505809
5588 122519219
5589 122526101
5590 122618231
5591 122621729
5592 122653511
5593 122672411
5594 122689657
5595 122742901
5596 122788657
5597 122798009
5598 122800241
5599 122802601
5600 122814031
5601 122830657
5602 122842409
5603 122890121
5604 122985139
5605 123039239
5606 123058357
5607 123067229
5608 123074429
5609 123094409
5610 123108539
5611 123123493
5612 123124601
5613 123139021
5614 123145901
5615 123185819
5616 123186719
5617 123207241
5618 123211279
5619 123227737
5620 123238421
5621 123252911
5622 123268231
5623 123347839
5624 123355919
5625 123385019
5626 123444859
5627 123470401
5628 123529459
5629 123544801
5630 123547019
5631 123549037
5632 123554983
5633 123604121
5634 123650201
5635 123683591
5636 123697271
5637 123770501
5638 123789097
5639 123791519
5640 123813457
5641 123822631
5642 123873121
5643 123881137
5644 123931531
5645 123940357
5646 123944047
5647 123946429
5648 123969187
5649 123979087
5650 123986171
5651 123992329
5652 124049659
5653 124127041
5654 124176601
5655 124182329
5656 124193501
5657 124239937
5658 124254457
5659 124263721
5660 124330601
5661 124332283
5662 124358131
5663 124380901
5664 124423093
5665 124444993
5666 124503151
5667 124525537
5668 124535129
5669 124559219
5670 124583609
5671 124592933
5672 124607039
5673 124615229
5674 124623859
5675 124643437
5676 124654109
5677 124663871
5678 124703939
5679 124747201
5680 124774933
5681 124795129
5682 124850101
5683 124941337
5684 125062747
5685 125093257
5686 125116709
5687 125122331
5688 125158109
5689 125171021
5690 125177629
5691 125181031
5692 125200693
5693 125235211
5694 125235547
5695 125258311
5696 125258933
5697 125272759
5698 125276401
5699 125293549
5700 125325611
5701 125328157
5702 125336909
5703 125380621
5704 125409131
5705 125456137
5706 125463209
5707 125476249
5708 125506993
5709 125526337
5710 125530721
5711 125537681
5712 125603519
5713 125714437
5714 125740711
5715 125749387
5716 125831231
5717 125866219
5718 125871619
5719 125905237
5720 125925439
5721 125934509
5722 125952923
5723 125971249
5724 126050831
5725 126057559
5726 126110731
5727 126117631
5728 126168619
5729 126169867
5730 126170339
5731 126173963
5732 126177983
5733 126186301
5734 126191129
5735 126205921
5736 126262229
5737 126312821
5738 126319819
5739 126330539
5740 126392311
5741 126466429
5742 126491539
5743 126554201
5744 126554591
5745 126560101
5746 126577963
5747 126580301
5748 126587803
5749 126629857
5750 126651221
5751 126690419
5752 126739181
5753 126766109
5754 126780419
5755 126801431
5756 126861121
5757 126878987
5758 126911437
5759 126912337
5760 126938197
5761 126953923
5762 126976643
5763 127005821
5764 127027409
5765 127043201
5766 127064219
5767 127065401
5768 127080637
5769 127093321
5770 127146209
5771 127159687
5772 127162319
5773 127183619
5774 127221911
5775 127278913
5776 127312231
5777 127320511
5778 127347211
5779 127361431
5780 127369387
5781 127387109
5782 127434953
5783 127442611
5784 127450201
5785 127456481
5786 127461991
5787 127481953
5788 127513531
5789 127515247
5790 127535137
5791 127566371
5792 127567963
5793 127680349
5794 127687603
5795 127732057
5796 127802501
5797 127877257
5798 127878791
5799 127950037
5800 127975553
5801 127985813
5802 128004731
5803 128009891
5804 128039449
5805 128044919
5806 128045909
5807 128053201
5808 128092709
5809 128093401
5810 128094671
5811 128137057
5812 128155109
5813 128158201
5814 128162701
5815 128166211
5816 128183221
5817 128202331
5818 128204311
5819 128207039
5820 128235209
5821 128277757
5822 128302721
5823 128336359
5824 128360839
5825 128361209
5826 128369713
5827 128384677
5828 128406791
5829 128424649
5830 128448119
5831 128460029
5832 128480971
5833 128487019
5834 128500811
5835 128524147
5836 128545973
5837 128576557
5838 128662571
5839 128881297
5840 128954753
5841 128958353
5842 128998799
5843 129012601
5844 129084259
5845 129116909
5846 129120809
5847 129126973
5848 129136459
5849 129137629
5850 129175687
5851 129176239
5852 129213101
5853 129217549
5854 129313511
5855 129355201
5856 129363011
5857 129422257
5858 129468653
5859 129489443
5860 129513809
5861 129532321
5862 129537139
5863 129543671
5864 129614993
5865 129634111
5866 129674009
5867 129706429
5868 129837187
5869 129851497
5870 129853813
5871 129881119
5872 129924577
5873 129942229
5874 130017431
5875 130137311
5876 130165411
5877 130179739
5878 130271341
5879 130312943
5880 130323493
5881 130324919
5882 130328111
5883 130351829
5884 130407821
5885 130409801
5886 130447319
5887 130451501
5888 130473859
5889 130550831
5890 130553609
5891 130559591
5892 130629119
5893 130650757
5894 130670557
5895 130672111
5896 130683739
5897 130686509
5898 130699477
5899 130749349
5900 130756781
5901 130830311
5902 130848037
5903 130870601
5904 130919609
5905 130950811
5906 130962119
5907 130965259
5908 130996039
5909 131038051
5910 131050279
5911 131126231
5912 131137121
5913 131144521
5914 131155657
5915 131191831
5916 131235131
5917 131248001
5918 131263439
5919 131291339
5920 131305931
5921 131339437
5922 131367829
5923 131435429
5924 131442041
5925 131507609
5926 131534021
5927 131567971
5928 131575237
5929 131581601
5930 131596687
5931 131643859
5932 131653409
5933 131660821
5934 131666449
5935 131707711
5936 131725849
5937 131826719
5938 131832011
5939 131837887
5940 131849239
5941 131849677
5942 131872231
5943 131876149
5944 131905849
5945 131916881
5946 131952209
5947 131984767
5948 132044921
5949 132074609
5950 132074939
5951 132094531
5952 132140441
5953 132152921
5954 132190411
5955 132196237
5956 132211279
5957 132281801
5958 132365839
5959 132373621
5960 132374909
5961 132385459
5962 132437659
5963 132443041
5964 132458609
5965 132548359
5966 132609331
5967 132661229
5968 132690791
5969 132701251
5970 132744991
5971 132746359
5972 132783349
5973 132850919
5974 132891037
5975 132908519
5976 132947011
5977 132982973
5978 132988951
5979 133003873
5980 133018901
5981 133025831
5982 133044629
5983 133081439
5984 133093711
5985 133107131
5986 133137419
5987 133169111
5988 133210921
5989 133251221
5990 133284157
5991 133302811
5992 133417357
5993 133420951
5994 133450619
5995 133458491
5996 133472909
5997 133513949
5998 133516601
5999 133518157
6000 133530421
6001 133530959
6002 133543409
6003 133557301
6004 133624531
6005 133661659
6006 133666571
6007 133695139
6008 133704721
6009 133711901
6010 133721647
6011 133756001
6012 133795477
6013 133819339
6014 133838149
6015 133854491
6016 133854619
6017 133947371
6018 133957039
6019 134003939
6020 134028431
6021 134055101
6022 134063801
6023 134067881
6024 134069009
6025 134077459
6026 134110651
6027 134135531
6028 134143837
6029 134173229
6030 134190431
6031 134229401
6032 134237659
6033 134327411
6034 134347639
6035 134359249
6036 134403757
6037 134422411
6038 134515993
6039 134543231
6040 134557519
6041 134595281
6042 134638687
6043 134657059
6044 134688097
6045 134709529
6046 134717449
6047 134760247
6048 134819291
6049 134832991
6050 134916211
6051 134933401
6052 135050521
6053 135105629
6054 135139231
6055 135146819
6056 135151721
6057 135192331
6058 135204193
6059 135212431
6060 135255559
6061 135260737
6062 135264559
6063 135265411
6064 135274639
6065 135285877
6066 135306329
6067 135310711
6068 135323939
6069 135346121
6070 135386767
6071 135447419
6072 135449497
6073 135452659
6074 135460849
6075 135487091
6076 135539149
6077 135555983
6078 135560219
6079 135563137
6080 135580231
6081 135624029
6082 135642421
6083 135647101
6084 135647497
6085 135663259
6086 135707609
6087 135772409
6088 135819667
6089 135826597
6090 135831029
6091 135858743
6092 135862339
6093 135903511
6094 135904501
6095 135968167
6096 136008031
6097 136021511
6098 136045919
6099 136100593
6100 136124801
6101 136139221
6102 136150631
6103 136174057
6104 136216849
6105 136239619
6106 136240619
6107 136243621
6108 136248529
6109 136288039
6110 136384201
6111 136388753
6112 136447973
6113 136481591
6114 136500911
6115 136524221
6116 136542331
6117 136570897
6118 136608671
6119 136641809
6120 136670047
6121 136677703
6122 136680529
6123 136707787
6124 136798253
6125 136817587
6126 136846271
6127 136851529
6128 136935229
6129 136972019
6130 137012383
6131 137014231
6132 137021639
6133 137046131
6134 137063257
6135 137103719
6136 137109937
6137 137147771
6138 137149339
6139 137180129
6140 137185319
6141 137222221
6142 137239001
6143 137252659
6144 137255021
6145 137286139
6146 137288843
6147 137333309
6148 137369977
6149 137393857
6150 137402311
6151 137418349
6152 137580301
6153 137611531
6154 137634943
6155 137671159
6156 137718397
6157 137720749
6158 137728477
6159 137751101
6160 137792029
6161 137807381
6162 137817139
6163 137825419
6164 137875603
6165 137900611
6166 137942381
6167 138051637
6168 138069209
6169 138085973
6170 138109709
6171 138133537
6172 138195229
6173 138207809
6174 138241319
6175 138247001
6176 138249191
6177 138390529
6178 138394181
6179 138411419
6180 138482101
6181 138536767
6182 138543983
6183 138571319
6184 138581291
6185 138625111
6186 138631211
6187 138642983
6188 138654209
6189 138683287
6190 138690191
6191 138715571
6192 138719377
6193 138760429
6194 138804349
6195 138859871
6196 138927277
6197 138944467
6198 139007431
6199 139037359
6200 139044601
6201 139055009
6202 139077667
6203 139080001
6204 139117709
6205 139137491
6206 139162109
6207 139164671
6208 139204139
6209 139236619
6210 139256857
6211 139263529
6212 139269187
6213 139316629
6214 139332131
6215 139333729
6216 139340521
6217 139367009
6218 139388987
6219 139400519
6220 139401929
6221 139402919
6222 139420531
6223 139436963
6224 139440331
6225 139470943
6226 139526011
6227 139550519
6228 139567823
6229 139591477
6230 139622519
6231 139624993
6232 139648823
6233 139726039
6234 139728187
6235 139749971
6236 139790557
6237 139800247
6238 140049431
6239 140066911
6240 140099539
6241 140111479
6242 140113901
6243 140124631
6244 140254747
6245 140261729
6246 140276501
6247 140328239
6248 140354647
6249 140358809
6250 140381911
6251 140396401
6252 140421811
6253 140439401
6254 140444173
6255 140459131
6256 140488597
6257 140519219
6258 140559581
6259 140565829
6260 140575871
6261 140580721
6262 140600683
6263 140604511
6264 140604757
6265 140607031
6266 140611483
6267 140615711
6268 140661701
6269 140739259
6270 140812709
6271 140818501
6272 140839249
6273 140852039
6274 140856943
6275 140871119
6276 140873009
6277 140882681
6278 140939497
6279 140943601
6280 140977477
6281 141013189
6282 141057239
6283 141059431
6284 141066929
6285 141098519
6286 141107501
6287 141191131
6288 141274801
6289 141306331
6290 141342193
6291 141393157
6292 141412351
6293 141418229
6294 141428257
6295 141459211
6296 141486581
6297 141523231
6298 141540131
6299 141549509
6300 141618559
6301 141642509
6302 141673237
6303 141719009
6304 141792943
6305 141812201
6306 141820831
6307 141858757
6308 141862619
6309 141870401
6310 141875059
6311 141875219
6312 142113541
6313 142173211
6314 142192229
6315 142215539
6316 142255601
6317 142262221
6318 142273139
6319 142304251
6320 142306301
6321 142356601
6322 142388677
6323 142397923
6324 142403251
6325 142418039
6326 142421729
6327 142426919
6328 142446991
6329 142458923
6330 142485037
6331 142489297
6332 142531619
6333 142547681
6334 142562839
6335 142582709
6336 142584439
6337 142680331
6338 142720031
6339 142735871
6340 142774481
6341 142782961
6342 142800041
6343 142815209
6344 142833829
6345 142857049
6346 142868753
6347 142874059
6348 142932337
6349 142945111
6350 142960501
6351 143008093
6352 143060941
6353 143201683
6354 143225801
6355 143228611
6356 143263331
6357 143271547
6358 143425001
6359 143433929
6360 143464301
6361 143480411
6362 143519359
6363 143602183
6364 143608237
6365 143610821
6366 143626943
6367 143646011
6368 143678287
6369 143722001
6370 143760119
6371 143772619
6372 143802859
6373 143843719
6374 144005857
6375 144090637
6376 144102451
6377 144125557
6378 144150401
6379 144154229
6380 144157639
6381 144166237
6382 144206401
6383 144209129
6384 144245839
6385 144257111
6386 144289219
6387 144353347
6388 144360329
6389 144360859
6390 144376391
6391 144405721
6392 144417829
6393 144423431
6394 144462337
6395 144463639
6396 144516601
6397 144580057
6398 144641011
6399 144652147
6400 144660337
6401 144660991
6402 144690037
6403 144713839
6404 144796357
6405 144809419
6406 144818497
6407 144832819
6408 144914201
6409 144915961
6410 144924697
6411 144931781
6412 144940321
6413 144942037
6414 144942509
6415 144948367
6416 144995633
6417 145014959
6418 145025821
6419 145038991
6420 145118521
6421 145135447
6422 145184201
6423 145208983
6424 145211383
6425 145254973
6426 145256047
6427 145282411
6428 145285993
6429 145302809
6430 145350721
6431 145351511
6432 145353953
6433 145361701
6434 145369853
6435 145411093
6436 145411631
6437 145436539
6438 145464419
6439 145482419
6440 145633231
6441 145715771
6442 145716509
6443 145755139
6444 145757119
6445 145800301
6446 145851491
6447 145861021
6448 145908281
6449 145908487
6450 145961239
6451 145983613
6452 145990219
6453 146023529
6454 146038121
6455 146109001
6456 146146691
6457 146168471
6458 146193301
6459 146205509
6460 146220401
6461 146224801
6462 146234611
6463 146281781
6464 146288029
6465 146337787
6466 146344031
6467 146351819
6468 146401921
6469 146442719
6470 146442809
6471 146452459
6472 146462311
6473 146466371
6474 146503139
6475 146603983
6476 146613157
6477 146634101
6478 146647271
6479 146702701
6480 146704981
6481 146726309
6482 146783803
6483 146796977
6484 146888333
6485 146929733
6486 146935039
6487 146941429
6488 147002473
6489 147002909
6490 147014911
6491 147036881
6492 147061801
6493 147063559
6494 147088129
6495 147096371
6496 147126209
6497 147328249
6498 147331801
6499 147352057
6500 147401557
6501 147435439
6502 147462529
6503 147474209
6504 147486613
6505 147519139
6506 147553687
6507 147563963
6508 147604031
6509 147604619
6510 147607021
6511 147607429
6512 147622301
6513 147645191
6514 147697691
6515 147724111
6516 147744913
6517 147780001
6518 147831877
6519 147853903
6520 147854843
6521 147922409
6522 147973951
6523 148008331
6524 148015139
6525 148028359
6526 148051601
6527 148082609
6528 148087091
6529 148106891
6530 148120411
6531 148124309
6532 148130083
6533 148145359
6534 148150621
6535 148170601
6536 148207639
6537 148208971
6538 148240531
6539 148273339
6540 148316629
6541 148322039
6542 148325539
6543 148330993
6544 148331011
6545 148375963
6546 148386019
6547 148392119
6548 148470983
6549 148507571
6550 148539277
6551 148554281
6552 148611131
6553 148645657
6554 148651319
6555 148670857
6556 148673713
6557 148706059
6558 148708477
6559 148762813
6560 148777729
6561 148811797
6562 148920349
6563 149023801
6564 149045797
6565 149068963
6566 149100911
6567 149125237
6568 149144993
6569 149145011
6570 149170237
6571 149182597
6572 149210911
6573 149241331
6574 149241809
6575 149253211
6576 149268187
6577 149306629
6578 149357171
6579 149376457
6580 149411701
6581 149447029
6582 149508371
6583 149603609
6584 149670667
6585 149679619
6586 149725813
6587 149760913
6588 149785819
6589 149819543
6590 149891257
6591 149909839
6592 149914657
6593 149929781
6594 149996213
6595 150062729
6596 150068521
6597 150117131
6598 150119083
6599 150136501
6600 150138721
6601 150167231
6602 150171809
6603 150216719
6604 150296719
6605 150326221
6606 150402583
6607 150407731
6608 150410551
6609 150425131
6610 150453637
6611 150484231
6612 150519791
6613 150534431
6614 150591209
6615 150619459
6616 150634409
6617 150641173
6618 150710411
6619 150713429
6620 150801311
6621 150858049
6622 150903721
6623 150950309
6624 150972671
6625 150975229
6626 151006931
6627 151059247
6628 151061321
6629 151159709
6630 151160341
6631 151194649
6632 151203251
6633 151208221
6634 151230251
6635 151258501
6636 151262911
6637 151326419
6638 151332757
6639 151336621
6640 151341193
6641 151361621
6642 151431719
6643 151441721
6644 151457953
6645 151461929
6646 151517749
6647 151546501
6648 151546819
6649 151550911
6650 151553431
6651 151555981
6652 151557697
6653 151573871
6654 151574359
6655 151577149
6656 151588387
6657 151636231
6658 151660849
6659 151662029
6660 151674671
6661 151697009
6662 151759219
6663 151771237
6664 151802993
6665 151804001
6666 151816619
6667 151861781
6668 151968653
6669 152004929
6670 152006293
6671 152013811
6672 152031839
6673 152037811
6674 152040839
6675 152047759
6676 152069719
6677 152127211
6678 152208239
6679 152231941
6680 152253901
6681 152261821
6682 152285591
6683 152319511
6684 152326319
6685 152348519
6686 152455057
6687 152459149
6688 152490719
6689 152492539
6690 152508337
6691 152524711
6692 152529211
6693 152591771
6694 152630801
6695 152636311
6696 152672131
6697 152706991
6698 152709301
6699 152717519
6700 152737021
6701 152754031
6702 152780359
6703 152834359
6704 152840521
6705 152841991
6706 152942401
6707 152944777
6708 152993287
6709 153001721
6710 153059539
6711 153105041
6712 153105539
6713 153143647
6714 153195697
6715 153217331
6716 153280531
6717 153296309
6718 153325021
6719 153329629
6720 153330757
6721 153451447
6722 153571871
6723 153600241
6724 153609419
6725 153609877
6726 153628021
6727 153641347
6728 153732157
6729 153760147
6730 153840119
6731 153854219
6732 153873319
6733 153939923
6734 153955387
6735 154031701
6736 154051529
6737 154053901
6738 154110701
6739 154130701
6740 154146739
6741 154162111
6742 154166609
6743 154206211
6744 154212731
6745 154217501
6746 154229771
6747 154286857
6748 154295381
6749 154296973
6750 154332457
6751 154356439
6752 154372237
6753 154373449
6754 154374509
6755 154396181
6756 154413859
6757 154534057
6758 154542953
6759 154708319
6760 154731337
6761 154760933
6762 154824697
6763 154826219
6764 154863913
6765 154915249
6766 154926913
6767 154932961
6768 154996253
6769 155019791
6770 155029019
6771 155035319
6772 155041811
6773 155051021
6774 155062319
6775 155098091
6776 155135011
6777 155247419
6778 155378467
6779 155381047
6780 155383001
6781 155386129
6782 155466049
6783 155536201
6784 155550991
6785 155560501
6786 155574487
6787 155577703
6788 155592209
6789 155616101
6790 155636857
6791 155741111
6792 155809271
6793 155828287
6794 155850439
6795 155853119
6796 155860409
6797 155861767
6798 155866267
6799 155887967
6800 155960471
6801 156024509
6802 156028321
6803 156060329
6804 156082501
6805 156115919
6806 156116039
6807 156120931
6808 156124229
6809 156150419
6810 156166319
6811 156174787
6812 156194767
6813 156206431
6814 156234209
6815 156235109
6816 156255439
6817 156257419
6818 156273619
6819 156317401
6820 156341701
6821 156350521
6822 156354581
6823 156406031
6824 156482857
6825 156541109
6826 156616249
6827 156629197
6828 156641629
6829 156704971
6830 156719119
6831 156751993
6832 156779993
6833 156795791
6834 156864187
6835 156943271
6836 156952219
6837 156996709
6838 157021619
6839 157041239
6840 157041509
6841 157117729
6842 157131419
6843 157165409
6844 157173509
6845 157177039
6846 157191011
6847 157197277
6848 157208111
6849 157239319
6850 157317961
6851 157350601
6852 157372429
6853 157403321
6854 157418497
6855 157432943
6856 157563229
6857 157578829
6858 157619557
6859 157713011
6860 157762387
6861 157805983
6862 157818833
6863 157825813
6864 157841381
6865 157860281
6866 157889651
6867 157939213
6868 157978391
6869 157990823
6870 158058209
6871 158092933
6872 158099413
6873 158104511
6874 158106719
6875 158108719
6876 158164571
6877 158201041
6878 158201557
6879 158203849
6880 158297453
6881 158354309
6882 158371429
6883 158372983
6884 158373001
6885 158373577
6886 158384081
6887 158604491
6888 158623319
6889 158637653
6890 158696203
6891 158732767
6892 158767967
6893 158773997
6894 158782553
6895 158823281
6896 158996471
6897 159056101
6898 159070057
6899 159135259
6900 159144211
6901 159175567
6902 159250411
6903 159263857
6904 159272963
6905 159285187
6906 159334249
6907 159434101
6908 159471119
6909 159499883
6910 159502709
6911 159510601
6912 159522581
6913 159533923
6914 159595057
6915 159613973
6916 159650419
6917 159651229
6918 159693881
6919 159741319
6920 159742903
6921 159779981
6922 159940903
6923 159950171
6924 160001389
6925 160029547
6926 160077881
6927 160090747
6928 160111921
6929 160176649
6930 160185001
6931 160237229
6932 160248601
6933 160378111
6934 160379587
6935 160390409
6936 160392131
6937 160488397
6938 160539877
6939 160544101
6940 160617511
6941 160621619
6942 160751659
6943 160780691
6944 160781009
6945 160782491
6946 160873249
6947 160916401
6948 161024231
6949 161024321
6950 161037637
6951 161045711
6952 161057521
6953 161107273
6954 161113151
6955 161123231
6956 161174347
6957 161216609
6958 161245319
6959 161315221
6960 161321051
6961 161335319
6962 161341183
6963 161342609
6964 161370457
6965 161400251
6966 161458111
6967 161478913
6968 161481311
6969 161490331
6970 161514239
6971 161533331
6972 161537797
6973 161610283
6974 161655509
6975 161657011
6976 161703457
6977 161705701
6978 161732749
6979 161778187
6980 161799623
6981 161800321
6982 161867803
6983 161871037
6984 161897503
6985 161948081
6986 161974387
6987 162043709
6988 162058121
6989 162067639
6990 162133619
6991 162169867
6992 162171901
6993 162204131
6994 162254347
6995 162327401
6996 162336953
6997 162339509
6998 162380891
6999 162382639
7000 162385021
7001 162393349
7002 162464311
7003 162510311
7004 162515219
7005 162516131
7006 162547409
7007 162569119
7008 162605347
7009 162612859
7010 162627211
7011 162720631
7012 162731983
7013 162767557
7014 162790597
7015 162824953
7016 162838477
7017 162855229
7018 162858457
7019 162885367
7020 162898639
7021 162929029
7022 162937219
7023 162941993
7024 162942509
7025 163011721
7026 163028819
7027 163082701
7028 163088291
7029 163133731
7030 163161611
7031 163181749
7032 163197119
7033 163208701
7034 163302331
7035 163307819
7036 163313737
7037 163347439
7038 163371157
7039 163377397
7040 163438687
7041 163439011
7042 163441601
7043 163517539
7044 163601519
7045 163631231
7046 163683913
7047 163723237
7048 163802129
7049 163871291
7050 163915777
7051 163941419
7052 163970419
7053 164009231
7054 164018611
7055 164074237
7056 164082337
7057 164108309
7058 164115631
7059 164169953
7060 164217601
7061 164234101
7062 164234437
7063 164252129
7064 164257409
7065 164294857
7066 164324231
7067 164330557
7068 164356111
7069 164392519
7070 164415973
7071 164514131
7072 164515321
7073 164535619
7074 164548039
7075 164561009
7076 164563687
7077 164609677
7078 164630309
7079 164637667
7080 164643509
7081 164650639
7082 164665019
7083 164666753
7084 164679791
7085 164759981
7086 164900011
7087 164914249
7088 164968303
7089 164989991
7090 164990009
7091 165019819
7092 165154057
7093 165161219
7094 165180991
7095 165184519
7096 165255697
7097 165353681
7098 165363787
7099 165429119
7100 165442729
7101 165507943
7102 165681281
7103 165699761
7104 165703781
7105 165715339
7106 165748357
7107 165786443
7108 165806983
7109 165837277
7110 165874733
7111 165924667
7112 165930301
7113 165949613
7114 165961963
7115 165964177
7116 166029491
7117 166045963
7118 166081301
7119 166090871
7120 166096129
7121 166101959
7122 166132201
7123 166146439
7124 166165339
7125 166225781
7126 166251157
7127 166261691
7128 166263301
7129 166307539
7130 166341829
7131 166512601
7132 166516001
7133 166519853
7134 166551529
7135 166632787
7136 166641037
7137 166701247
7138 166708019
7139 166731619
7140 166790119
7141 166835803
7142 166849253
7143 166928987
7144 167003821
7145 167072221
7146 167076757
7147 167084011
7148 167092021
7149 167123701
7150 167125109
7151 167126221
7152 167166281
7153 167204659
7154 167227391
7155 167242619
7156 167253301
7157 167258753
7158 167336291
7159 167376019
7160 167420431
7161 167452249
7162 167496713
7163 167507677
7164 167564713
7165 167567839
7166 167612681
7167 167631439
7168 167714497
7169 167720131
7170 167773951
7171 167774543
7172 167791733
7173 167851219
7174 167913397
7175 167986661
7176 168019429
7177 168065419
7178 168073777
7179 168094477
7180 168173587
7181 168313619
7182 168318757
7183 168327667
7184 168352021
7185 168372667
7186 168380101
7187 168434587
7188 168450787
7189 168456097
7190 168534973
7191 168543371
7192 168630037
7193 168633001
7194 168692453
7195 168725009
7196 168770197
7197 168792623
7198 168848333
7199 168959213
7200 169031659
7201 169123501
7202 169130749
7203 169203739
7204 169219387
7205 169223771
7206 169238467
7207 169310611
7208 169314619
7209 169349891
7210 169371229
7211 169398233
7212 169402729
7213 169433149
7214 169608613
7215 169683713
7216 169768883
7217 169798309
7218 169811309
7219 169818931
7220 169880839
7221 169897789
7222 169902487
7223 170024831
7224 170078971
7225 170117939
7226 170269409
7227 170275459
7228 170309891
7229 170310901
7230 170326801
7231 170351801
7232 170378587
7233 170442431
7234 170536897
7235 170541457
7236 170552611
7237 170608231
7238 170628961
7239 170650849
7240 170814157
7241 170846219
7242 170891101
7243 170914781
7244 170946397
7245 171019621
7246 171025501
7247 171085619
7248 171124831
7249 171170711
7250 171179497
7251 171197309
7252 171219511
7253 171220151
7254 171239797
7255 171250921
7256 171256871
7257 171269381
7258 171286111
7259 171312221
7260 171322439
7261 171373639
7262 171393491
7263 171425983
7264 171429211
7265 171441121
7266 171448933
7267 171452891
7268 171479843
7269 171553237
7270 171621419
7271 171640537
7272 171651881
7273 171786367
7274 171790391
7275 171801457
7276 171837397
7277 171865567
7278 171908101
7279 171911219
7280 171912953
7281 171961159
7282 171994087
7283 172037101
7284 172039019
7285 172047881
7286 172081139
7287 172101929
7288 172113911
7289 172121611
7290 172174411
7291 172186159
7292 172334839
7293 172342201
7294 172366933
7295 172387297
7296 172414409
7297 172453871
7298 172462019
7299 172540409
7300 172554419
7301 172554619
7302 172620011
7303 172631819
7304 172634311
7305 172723549
7306 172732619
7307 172844963
7308 172855297
7309 172900759
7310 172916857
7311 172926667
7312 173007547
7313 173037791
7314 173047411
7315 173092057
7316 173133721
7317 173155729
7318 173178281
7319 173291933
7320 173303021
7321 173354771
7322 173374021
7323 173380411
7324 173391877
7325 173398177
7326 173410121
7327 173425981
7328 173442991
7329 173449813
7330 173478367
7331 173518867
7332 173522101
7333 173549029
7334 173575387
7335 173584181
7336 173613421
7337 173614691
7338 173670349
7339 173716973
7340 173728109
7341 173778739
7342 173836219
7343 173899003
7344 173921359
7345 174019501
7346 174031631
7347 174085409
7348 174108601
7349 174113531
7350 174127501
7351 174127981
7352 174150239
7353 174152611
7354 174152701
7355 174183983
7356 174196567
7357 174226963
7358 174252119
7359 174292319
7360 174306421
7361 174354671
7362 174360973
7363 174405131
7364 174407719
7365 174473381
7366 174507787
7367 174508933
7368 174545587
7369 174557753
7370 174580001
7371 174601421
7372 174686453
7373 174692377
7374 174694733
7375 174739823
7376 174740047
7377 174751571
7378 174771913
7379 174871219
7380 174874823
7381 174914983
7382 174926119
7383 174952109
7384 175050637
7385 175061039
7386 175088803
7387 175118401
7388 175134649
7389 175134809
7390 175208797
7391 175220911
7392 175237339
7393 175272439
7394 175308121
7395 175342459
7396 175361201
7397 175398739
7398 175402111
7399 175459087
7400 175465271
7401 175485097
7402 175527577
7403 175564271
7404 175651159
7405 175703519
7406 175722031
7407 175722259
7408 175731037
7409 175771657
7410 175880753
7411 175896761
7412 175918357
7413 175984057
7414 176035709
7415 176054609
7416 176106157
7417 176120911
7418 176129497
7419 176162131
7420 176201083
7421 176234111
7422 176304511
7423 176317597
7424 176339803
7425 176379713
7426 176388713
7427 176402839
7428 176403991
7429 176440109
7430 176449939
7431 176449957
7432 176534101
7433 176643281
7434 176690119
7435 176691703
7436 176693987
7437 176700829
7438 176706577
7439 176755603
7440 176796761
7441 176807119
7442 176836603
7443 176869661
7444 176871743
7445 176899589
7446 176911409
7447 176924557
7448 176941903
7449 176989961
7450 177058657
7451 177061639
7452 177080797
7453 177095081
7454 177102859
7455 177135697
7456 177176287
7457 177189157
7458 177314681
7459 177334571
7460 177362239
7461 177515857
7462 177538267
7463 177541201
7464 177571271
7465 177700459
7466 177704381
7467 177764413
7468 177773257
7469 177809813
7470 177865921
7471 177961643
7472 178059097
7473 178060237
7474 178111447
7475 178161301
7476 178190767
7477 178193377
7478 178201511
7479 178284097
7480 178307923
7481 178333249
7482 178377791
7483 178387819
7484 178411411
7485 178416487
7486 178460239
7487 178460857
7488 178506319
7489 178552019
7490 178570039
7491 178586809
7492 178589783
7493 178596323
7494 178672513
7495 178675613
7496 178721149
7497 178777883
7498 178806743
7499 178848323
7500 178865957
7501 178871543
7502 178918967
7503 178949033
7504 178974233
7505 178975799
7506 178980313
7507 179002331
7508 179007419
7509 179015449
7510 179022001
7511 179052491
7512 179072239
7513 179180587
7514 179336713
7515 179361913
7516 179391097
7517 179498929
7518 179530159
7519 179581603
7520 179582633
7521 179584729
7522 179594153
7523 179640001
7524 179657243
7525 179664791
7526 179761357
7527 179763403
7528 179786471
7529 179808443
7530 179894123
7531 180056659
7532 180070837
7533 180097777
7534 180125041
7535 180167681
7536 180186983
7537 180217409
7538 180335437
7539 180400601
7540 180425891
7541 180433711
7542 180460447
7543 180525809
7544 180531983
7545 180600283
7546 180620519
7547 180623431
7548 180628159
7549 180628993
7550 180629011
7551 180666209
7552 180683011
7553 180700721
7554 180722909
7555 180723401
7556 180737857
7557 180742897
7558 180800429
7559 180816491
7560 180818101
7561 180846319
7562 180891209
7563 180944587
7564 180977633
7565 180987533
7566 181014151
7567 181024141
7568 181032421
7569 181049887
7570 181121293
7571 181129549
7572 181245209
7573 181306849
7574 181376471
7575 181401401
7576 181431121
7577 181461739
7578 181486297
7579 181504331
7580 181511821
7581 181513021
7582 181521983
7583 181522001
7584 181553539
7585 181610041
7586 181611211
7587 181679891
7588 181704337
7589 181714321
7590 181730701
7591 181772329
7592 181874843
7593 181893653
7594 181948513
7595 182039887
7596 182058301
7597 182069471
7598 182074147
7599 182136247
7600 182138519
7601 182150911
7602 182174137
7603 182222801
7604 182244739
7605 182247349
7606 182291401
7607 182294419
7608 182304301
7609 182310041
7610 182318221
7611 182428867
7612 182433331
7613 182447219
7614 182468287
7615 182491597
7616 182523421
7617 182569913
7618 182586071
7619 182606933
7620 182630257
7621 182652439
7622 182665853
7623 182712157
7624 182756009
7625 182801219
7626 182810963
7627 182832619
7628 182834381
7629 182900659
7630 182906239
7631 182914519
7632 182981287
7633 183008701
7634 183033457
7635 183038221
7636 183060929
7637 183064691
7638 183085481
7639 183127619
7640 183143749
7641 183259943
7642 183273121
7643 183278197
7644 183342421
7645 183416449
7646 183472571
7647 183481021
7648 183492319
7649 183545587
7650 183565387
7651 183566029
7652 183611437
7653 183633787
7654 183877691
7655 184031339
7656 184034309
7657 184070039
7658 184082021
7659 184092581
7660 184106129
7661 184132139
7662 184172539
7663 184221637
7664 184231319
7665 184235021
7666 184264319
7667 184335259
7668 184350209
7669 184364149
7670 184457753
7671 184460953
7672 184473229
7673 184504871
7674 184534687
7675 184712131
7676 184714597
7677 184722943
7678 184722961
7679 184782071
7680 184807963
7681 184813933
7682 184884067
7683 184912339
7684 184973543
7685 185000611
7686 185005621
7687 185034337
7688 185052719
7689 185063009
7690 185106601
7691 185107501
7692 185139281
7693 185145787
7694 185148487
7695 185173481
7696 185180311
7697 185184191
7698 185221357
7699 185242781
7700 185273857
7701 185326597
7702 185332871
7703 185359357
7704 185413121
7705 185427667
7706 185452391
7707 185503963
7708 185551021
7709 185650391
7710 185657723
7711 185671219
7712 185701639
7713 185701981
7714 185769439
7715 185770477
7716 185803687
7717 185837413
7718 185868103
7719 185937403
7720 186036671
7721 186074963
7722 186117031
7723 186224221
7724 186232121
7725 186256963
7726 186321029
7727 186337219
7728 186404111
7729 186414419
7730 186482029
7731 186511321
7732 186524291
7733 186543001
7734 186561371
7735 186580903
7736 186583951
7737 186588491
7738 186597893
7739 186600991
7740 186695629
7741 186698033
7742 186811993
7743 186888371
7744 187007311
7745 187076171
7746 187083973
7747 187114211
7748 187175803
7749 187196453
7750 187203649
7751 187207159
7752 187210357
7753 187240121
7754 187264039
7755 187281209
7756 187360021
7757 187388681
7758 187410511
7759 187434139
7760 187563613
7761 187674623
7762 187789013
7763 187790413
7764 187805119
7765 187814197
7766 187909781
7767 187929143
7768 187965053
7769 188019119
7770 188027101
7771 188036011
7772 188040337
7773 188051009
7774 188055913
7775 188095177
7776 188096413
7777 188121601
7778 188144381
7779 188154229
7780 188158603
7781 188180309
7782 188184833
7783 188205509
7784 188253913
7785 188270101
7786 188336171
7787 188345713
7788 188418613
7789 188419991
7790 188492723
7791 188504963
7792 188560657
7793 188612239
7794 188654941
7795 188785043
7796 188794481
7797 188831843
7798 188916713
7799 188974661
7800 188993509
7801 189113311
7802 189122449
7803 189135229
7804 189157643
7805 189192277
7806 189198761
7807 189212047
7808 189217129
7809 189252757
7810 189270209
7811 189310109
7812 189391087
7813 189401609
7814 189441757
7815 189467513
7816 189631181
7817 189684947
7818 189895039
7819 189958451
7820 189966229
7821 190025111
7822 190049917
7823 190071929
7824 190119649
7825 190126537
7826 190135139
7827 190158037
7828 190167787
7829 190197229
7830 190223939
7831 190244101
7832 190271129
7833 190280257
7834 190318501
7835 190349149
7836 190373629
7837 190440011
7838 190442611
7839 190460219
7840 190471459
7841 190472993
7842 190473011
7843 190505701
7844 190513357
7845 190571021
7846 190592239
7847 190647371
7848 190714709
7849 190757803
7850 190759267
7851 190771409
7852 190823993
7853 190873019
7854 190881913
7855 190900421
7856 190911719
7857 190920029
7858 191005231
7859 191060131
7860 191137619
7861 191172809
7862 191203183
7863 191217119
7864 191269109
7865 191313211
7866 191324257
7867 191345009
7868 191368297
7869 191406157
7870 191422993
7871 191432963
7872 191465419
7873 191465587
7874 191512319
7875 191513411
7876 191664119
7877 191716867
7878 191730739
7879 191760259
7880 191793071
7881 191796713
7882 191807101
7883 191830231
7884 191897911
7885 192004321
7886 192014021
7887 192029311
7888 192062501
7889 192066983
7890 192118321
7891 192156037
7892 192172619
7893 192173591
7894 192180719
7895 192190147
7896 192207973
7897 192240859
7898 192278171
7899 192288367
7900 192423739
7901 192454687
7902 192526339
7903 192551629
7904 192586267
7905 192596813
7906 192613709
7907 192633439
7908 192633697
7909 192699439
7910 192729367
7911 192803797
7912 192806857
7913 192820231
7914 192845197
7915 192907903
7916 192935467
7917 192943657
7918 192962713
7919 193004311
7920 193044791
7921 193086913
7922 193091359
7923 193136519
7924 193141849
7925 193160321
7926 193180147
7927 193180237
7928 193202531
7929 193283767
7930 193333709
7931 193405819
7932 193437319
7933 193462391
7934 193505933
7935 193507429
7936 193649077
7937 193667813
7938 193922381
7939 193936733
7940 193969571
7941 194016209
7942 194042257
7943 194047201
7944 194062501
7945 194080321
7946 194105749
7947 194158109
7948 194166913
7949 194207971
7950 194209319
7951 194338297
7952 194400211
7953 194554181
7954 194582197
7955 194600101
7956 194610001
7957 194679761
7958 194691019
7959 194807843
7960 194809513
7961 194812021
7962 194863087
7963 194900221
7964 194902993
7965 194966243
7966 195015209
7967 195022511
7968 195074149
7969 195080681
7970 195135349
7971 195172429
7972 195201509
7973 195216509
7974 195232781
7975 195240247
7976 195276457
7977 195301973
7978 195375097
7979 195394267
7980 195474187
7981 195533329
7982 195641101
7983 195648829
7984 195678013
7985 195712249
7986 195716557
7987 195722011
7988 195744833
7989 195776423
7990 195787481
7991 195829639
7992 195831001
7993 195848957
7994 195885491
7995 195904853
7996 195916951
7997 195961267
7998 196042943
7999 196101211
8000 196104247
8001 196105237
8002 196126993
8003 196152101
8004 196171201
8005 196192181
8006 196224211
8007 196251943
8008 196298681
8009 196328557
8010 196344139
8011 196352983
8012 196480903
8013 196534109
8014 196571029
8015 196592413
8016 196609991
8017 196612687
8018 196661119
8019 196670753
8020 196702159
8021 196744267
8022 196748911
8023 196776233
8024 196798361
8025 196813657
8026 196828921
8027 196845067
8028 196866323
8029 196952167
8030 196983491
8031 197018329
8032 197034619
8033 197091371
8034 197110421
8035 197173129
8036 197181119
8037 197281129
8038 197314339
8039 197336287
8040 197376533
8041 197411359
8042 197450471
8043 197556713
8044 197595103
8045 197619313
8046 197764871
8047 197778281
8048 197848571
8049 197857043
8050 197875313
8051 197914553
8052 197926691
8053 197935729
8054 197992043
8055 198011819
8056 198024529
8057 198072191
8058 198133021
8059 198151777
8060 198160201
8061 198181219
8062 198207577
8063 198225281
8064 198310549
8065 198361091
8066 198435277
8067 198564713
8068 198570019
8069 198642071
8070 198762791
8071 198859499
8072 198898463
8073 198961781
8074 199014581
8075 199046377
8076 199084513
8077 199168967
8078 199173019
8079 199200649
8080 199204391
8081 199228177
8082 199242049
8083 199268513
8084 199331857
8085 199351813
8086 199382167
8087 199394243
8088 199443071
8089 199508077
8090 199593619
8091 199630903
8092 199648429
8093 199656323
8094 199726213
8095 199784213
8096 199793213
8097 199821653
8098 199919033
8099 199938371
8100 199980709
8101 200059031
8102 200098711
8103 200143921
8104 200151199
8105 200172521
8106 200175757
8107 200186131
8108 200230399
8109 200254739
8110 200284439
8111 200284657
8112 200297257
8113 200308441
8114 200359849
8115 200371421
8116 200389927
8117 200452801
8118 200469937
8119 200526331
8120 200615251
8121 200627311
8122 200717221
8123 200787211
8124 200808859
8125 200812351
8126 200832959
8127 200834993
8128 200839927
8129 200874649
8130 200909749
8131 200931421
8132 200943983
8133 201183809
8134 201196711
8135 201213841
8136 201248731
8137 201254639
8138 201263411
8139 201345719
8140 201383111
8141 201385511
8142 201429457
8143 201486157
8144 201499429
8145 201535093
8146 201535183
8147 201568019
8148 201625439
8149 201653401
8150 201668771
8151 201678121
8152 201680711
8153 201784981
8154 201816859
8155 201833131
8156 201878239
8157 201922411
8158 201931721
8159 201958571
8160 201963829
8161 202014991
8162 202017961
8163 202061089
8164 202077637
8165 202087409
8166 202164283
8167 202176859
8168 202263757
8169 202266811
8170 202339447
8171 202341611
8172 202377829
8173 202390031
8174 202404341
8175 202447319
8176 202453183
8177 202475011
8178 202555849
8179 202576109
8180 202609229
8181 202641401
8182 202670801
8183 202737421
8184 202740809
8185 202754011
8186 202795429
8187 202823339
8188 202826347
8189 202838971
8190 202845739
8191 202951201
8192 202953511
8193 202992943
8194 203035711
8195 203078749
8196 203133451
8197 203139457
8198 203157631
8199 203177309
8200 203207857
8201 203215829
8202 203222683
8203 203232431
8204 203242951
8205 203248711
8206 203321711
8207 203354737
8208 203362121
8209 203365919
8210 203366983
8211 203379529
8212 203393611
8213 203404151
8214 203409431
8215 203440801
8216 203447501
8217 203448209
8218 203464139
8219 203480647
8220 203499229
8221 203555347
8222 203584729
8223 203586491
8224 203614093
8225 203640911
8226 203661811
8227 203678219
8228 203696923
8229 203802629
8230 203808559
8231 203862601
8232 203876923
8233 203900141
8234 203908981
8235 203924257
8236 203970157
8237 204045757
8238 204163273
8239 204173647
8240 204185431
8241 204199159
8242 204219637
8243 204264101
8244 204268501
8245 204299219
8246 204380609
8247 204389149
8248 204407131
8249 204435901
8250 204456559
8251 204497497
8252 204525457
8253 204560737
8254 204565019
8255 204646147
8256 204653611
8257 204728609
8258 204730901
8259 204799643
8260 204826459
8261 204828031
8262 204834739
8263 204869557
8264 204879923
8265 204901141
8266 204933331
8267 204934819
8268 204962221
8269 205004593
8270 205016729
8271 205044283
8272 205157437
8273 205184701
8274 205193983
8275 205201949
8276 205208519
8277 205267109
8278 205277719
8279 205294729
8280 205309537
8281 205318111
8282 205348211
8283 205391437
8284 205460083
8285 205466629
8286 205476301
8287 205517891
8288 205521193
8289 205524901
8290 205530601
8291 205576867
8292 205593697
8293 205596973
8294 205669853
8295 205707001
8296 205724411
8297 205818121
8298 205823521
8299 205829219
8300 205873973
8301 205905247
8302 205915819
8303 205932247
8304 206015701
8305 206100731
8306 206111351
8307 206117173
8308 206164993
8309 206187983
8310 206188001
8311 206194871
8312 206226431
8313 206227621
8314 206239639
8315 206245849
8316 206314831
8317 206358877
8318 206360519
8319 206368571
8320 206401829
8321 206441993
8322 206465047
8323 206488657
8324 206536019
8325 206550859
8326 206629429
8327 206644709
8328 206758091
8329 206793487
8330 206806459
8331 206904829
8332 206910811
8333 206930231
8334 206975287
8335 207022951
8336 207064849
8337 207087943
8338 207098963
8339 207104819
8340 207141511
8341 207159877
8342 207180859
8343 207193411
8344 207196933
8345 207200711
8346 207261121
8347 207291221
8348 207321041
8349 207354421
8350 207374887
8351 207402401
8352 207420911
8353 207422647
8354 207426649
8355 207428201
8356 207435157
8357 207436121
8358 207440111
8359 207447349
8360 207506521
8361 207521339
8362 207546259
8363 207549281
8364 207550139
8365 207552649
8366 207571943
8367 207654301
8368 207715549
8369 207722819
8370 207745249
8371 207749119
8372 207765913
8373 207790519
8374 207792191
8375 207822119
8376 207841819
8377 207884029
8378 207931057
8379 207950887
8380 207960581
8381 207964903
8382 207966613
8383 208010773
8384 208027601
8385 208057963
8386 208074337
8387 208075981
8388 208101451
8389 208127963
8390 208144759
8391 208178767
8392 208180447
8393 208196381
8394 208204721
8395 208253839
8396 208268219
8397 208272209
8398 208313173
8399 208320041
8400 208324421
8401 208346797
8402 208356877
8403 208387477
8404 208387903
8405 208421429
8406 208424819
8407 208426871
8408 208430939
8409 208440637
8410 208493983
8411 208561109
8412 208613891
8413 208624411
8414 208659277
8415 208676009
8416 208699523
8417 208715131
8418 208810993
8419 208911119
8420 208918019
8421 208955753
8422 209055331
8423 209083981
8424 209117039
8425 209160859
8426 209163809
8427 209207659
8428 209245819
8429 209266111
8430 209280131
8431 209284597
8432 209295139
8433 209307157
8434 209311051
8435 209370157
8436 209376487
8437 209430509
8438 209438149
8439 209438239
8440 209440421
8441 209452109
8442 209471021
8443 209482001
8444 209491519
8445 209492923
8446 209540431
8447 209540659
8448 209578951
8449 209596357
8450 209637973
8451 209654857
8452 209661259
8453 209663677
8454 209724301
8455 209732359
8456 209743867
8457 209747081
8458 209778157
8459 209792287
8460 209814491
8461 209820119
8462 210047473
8463 210052631
8464 210053821
8465 210139837
8466 210142981
8467 210175747
8468 210184747
8469 210188129
8470 210247747
8471 210264809
8472 210279649
8473 210325331
8474 210349511
8475 210359257
8476 210377347
8477 210382657
8478 210470411
8479 210478981
8480 210491201
8481 210671801
8482 210704051
8483 210755431
8484 210777031
8485 210852721
8486 210922273
8487 210934021
8488 210973691
8489 210989287
8490 211098421
8491 211146959
8492 211147031
8493 211148429
8494 211160821
8495 211184621
8496 211247221
8497 211263373
8498 211320199
8499 211338859
8500 211347509
8501 211406051
8502 211411721
8503 211439309
8504 211468031
8505 211490737
8506 211513531
8507 211533151
8508 211536509
8509 211552141
8510 211558639
8511 211566829
8512 211587581
8513 211667681
8514 211696481
8515 211722629
8516 211766539
8517 211794509
8518 211812331
8519 211850531
8520 211864729
8521 211879387
8522 211884943
8523 211906319
8524 211943749
8525 212015593
8526 212019601
8527 212033971
8528 212065501
8529 212104099
8530 212171293
8531 212209051
8532 212310991
8533 212338447
8534 212376991
8535 212459719
8536 212474839
8537 212494981
8538 212522819
8539 212528521
8540 212537231
8541 212550731
8542 212587021
8543 212602829
8544 212613959
8545 212674019
8546 212733701
8547 212785021
8548 212827031
8549 212856037
8550 212877913
8551 212890709
8552 212954629
8553 212954719
8554 213014821
8555 213053909
8556 213055709
8557 213128737
8558 213145321
8559 213311711
8560 213348029
8561 213372521
8562 213395797
8563 213397201
8564 213413051
8565 213578381
8566 213583639
8567 213633859
8568 213649021
8569 213660631
8570 213684259
8571 213696191
8572 213710521
8573 213719449
8574 213741547
8575 213818047
8576 213861001
8577 213923909
8578 213932129
8579 213972419
8580 213976019
8581 213990983
8582 214006531
8583 214040621
8584 214068809
8585 214082221
8586 214098877
8587 214187629
8588 214200199
8589 214211801
8590 214221929
8591 214277311
8592 214293649
8593 214467259
8594 214467943
8595 214473157
8596 214477429
8597 214481347
8598 214522709
8599 214572157
8600 214618109
8601 214619359
8602 214645549
8603 214674697
8604 214681981
8605 214710539
8606 214711709
8607 214741139
8608 214815739
8609 214838471
8610 214848209
8611 214854349
8612 214860559
8613 214863491
8614 214886803
8615 214888997
8616 214901173
8617 214936159
8618 215000299
8619 215054821
8620 215135821
8621 215143273
8622 215198329
8623 215202811
8624 215220541
8625 215247001
8626 215256029
8627 215264611
8628 215271431
8629 215292221
8630 215300711
8631 215319119
8632 215328331
8633 215347549
8634 215432647
8635 215454559
8636 215510857
8637 215542601
8638 215555401
8639 215589923
8640 215620501
8641 215630801
8642 215695387
8643 215711339
8644 215742809
8645 215791519
8646 215804411
8647 215851781
8648 215877367
8649 215917687
8650 215922829
8651 215943697
8652 215950549
8653 215951201
8654 215999153
8655 216035731
8656 216091973
8657 216119749
8658 216122141
8659 216152311
8660 216161821
8661 216174209
8662 216216509
8663 216227749
8664 216263659
8665 216291511
8666 216329917
8667 216367391
8668 216371219
8669 216414859
8670 216415319
8671 216454691
8672 216459319
8673 216522121
8674 216652819
8675 216665329
8676 216703849
8677 216707629
8678 216761719
8679 216784181
8680 216841147
8681 216850639
8682 216852619
8683 216953239
8684 216992081
8685 216996713
8686 217009201
8687 217026637
8688 217049719
8689 217086439
8690 217137001
8691 217173157
8692 217203809
8693 217250311
8694 217266697
8695 217301729
8696 217307309
8697 217314509
8698 217394239
8699 217421557
8700 217422983
8701 217423001
8702 217499453
8703 217524649
8704 217549853
8705 217557757
8706 217560559
8707 217590349
8708 217605809
8709 217616681
8710 217619239
8711 217675567
8712 217707509
8713 217733609
8714 217752349
8715 217765657
8716 217801849
8717 217814609
8718 217828297
8719 217864477
8720 217915519
8721 217989671
8722 218042311
8723 218044201
8724 218057629
8725 218087329
8726 218110511
8727 218171983
8728 218172001
8729 218200573
8730 218238037
8731 218254237
8732 218261611
8733 218263411
8734 218275111
8735 218294497
8736 218318449
8737 218363993
8738 218446597
8739 218466139
8740 218481509
8741 218501519
8742 218561887
8743 218607619
8744 218641639
8745 218661349
8746 218674109
8747 218705131
8748 218747843
8749 218776823
8750 218786891
8751 218799103
8752 218802559
8753 218856613
8754 218874613
8755 218935853
8756 218957839
8757 219002921
8758 219008819
8759 219015457
8760 219034421
8761 219054119
8762 219074137
8763 219101941
8764 219113711
8765 219117559
8766 219174419
8767 219256159
8768 219267281
8769 219276139
8770 219289267
8771 219339139
8772 219382571
8773 219428497
8774 219452021
8775 219532057
8776 219539557
8777 219553993
8778 219555191
8779 219602963
8780 219640709
8781 219642877
8782 219731201
8783 219731401
8784 219772271
8785 219801601
8786 219899123
8787 219976613
8788 220008521
8789 220052089
8790 220075811
8791 220090931
8792 220169947
8793 220199131
8794 220211963
8795 220239073
8796 220264949
8797 220281311
8798 220305493
8799 220358521
8800 220417321
8801 220490821
8802 220638953
8803 220644811
8804 220649591
8805 220651051
8806 220677031
8807 220691231
8808 220745983
8809 220763909
8810 220781219
8811 220793047
8812 220808219
8813 220816801
8814 220829131
8815 220839211
8816 220853431
8817 220890119
8818 220896667
8819 220904531
8820 220918981
8821 220930141
8822 220931647
8823 220938787
8824 220977139
8825 220991887
8826 221086849
8827 221143829
8828 221145719
8829 221199101
8830 221217511
8831 221226221
8832 221253719
8833 221283721
8834 221319431
8835 221392993
8836 221422241
8837 221446447
8838 221456437
8839 221486609
8840 221491229
8841 221523629
8842 221524231
8843 221593237
8844 221637601
8845 221705647
8846 221721911
8847 221732111
8848 221764709
8849 221797813
8850 221826029
8851 221871809
8852 221931547
8853 221958973
8854 222013921
8855 222023773
8856 222081131
8857 222086983
8858 222087421
8859 222140621
8860 222158039
8861 222273983
8862 222310981
8863 222329039
8864 222332521
8865 222379519
8866 222392309
8867 222405041
8868 222412711
8869 222414421
8870 222433921
8871 222503857
8872 222505831
8873 222516929
8874 222557221
8875 222566797
8876 222655781
8877 222670319
8878 222691943
8879 222709211
8880 222774961
8881 222853321
8882 222893149
8883 222936491
8884 222960247
8885 223077739
8886 223102981
8887 223118993
8888 223147919
8889 223176809
8890 223198777
8891 223231829
8892 223268519
8893 223312801
8894 223374401
8895 223386301
8896 223403941
8897 223410541
8898 223459111
8899 223463347
8900 223476259
8901 223480001
8902 223597853
8903 223627121
8904 223722419
8905 223728121
8906 223775983
8907 223776001
8908 223818031
8909 223877287
8910 223908983
8911 223912229
8912 223984219
8913 224066839
8914 224084219
8915 224107747
8916 224131393
8917 224159519
8918 224166157
8919 224172983
8920 224204639
8921 224228129
8922 224329109
8923 224344447
8924 224413439
8925 224519719
8926 224531519
8927 224552701
8928 224555137
8929 224560447
8930 224634247
8931 224647777
8932 224756471
8933 224881159
8934 224911919
8935 224915359
8936 224917481
8937 224922421
8938 225014611
8939 225023831
8940 225037201
8941 225065909
8942 225087439
8943 225111701
8944 225123601
8945 225230701
8946 225240629
8947 225311909
8948 225333457
8949 225376597
8950 225413801
8951 225419137
8952 225461321
8953 225502631
8954 225534559
8955 225553781
8956 225582439
8957 225711301
8958 225732601
8959 225893119
8960 225902437
8961 225983171
8962 226020583
8963 226025131
8964 226031293
8965 226043711
8966 226072447
8967 226095301
8968 226104311
8969 226120711
8970 226133731
8971 226153357
8972 226160339
8973 226167301
8974 226243711
8975 226259101
8976 226321631
8977 226340339
8978 226379467
8979 226382971
8980 226384201
8981 226407421
8982 226411921
8983 226415983
8984 226422701
8985 226445539
8986 226447201
8987 226459813
8988 226480231
8989 226484767
8990 226525549
8991 226550431
8992 226566371
8993 226590697
8994 226598543
8995 226623157
8996 226718587
8997 226799423
8998 226823449
8999 226852319
9000 226902829
9001 226905121
9002 226905983
9003 226956097
9004 226967453
9005 226994543
9006 227023619
9007 227030051
9008 227086973
9009 227133811
9010 227140141
9011 227150993
9012 227153659
9013 227162521
9014 227194687
9015 227223929
9016 227232611
9017 227255519
9018 227261257
9019 227429471
9020 227452321
9021 227482777
9022 227531839
9023 227546471
9024 227607581
9025 227627419
9026 227650057
9027 227654381
9028 227691119
9029 227701531
9030 227722321
9031 227752001
9032 227770391
9033 227795941
9034 227803231
9035 227804047
9036 227834059
9037 227909029
9038 227953129
9039 227967533
9040 228042929
9041 228053437
9042 228055819
9043 228092933
9044 228130657
9045 228150721
9046 228171311
9047 228200831
9048 228216337
9049 228224839
9050 228275239
9051 228314347
9052 228331001
9053 228360029
9054 228414973
9055 228458467
9056 228487643
9057 228515629
9058 228677413
9059 228731137
9060 228835129
9061 228850249
9062 228915139
9063 228928267
9064 229037359
9065 229057687
9066 229070431
9067 229081031
9068 229098703
9069 229107001
9070 229111811
9071 229120709
9072 229126147
9073 229140239
9074 229206311
9075 229217719
9076 229271519
9077 229294903
9078 229295029
9079 229324321
9080 229351729
9081 229371943
9082 229402319
9083 229459913
9084 229462777
9085 229478633
9086 229521739
9087 229559453
9088 229583009
9089 229623509
9090 229663039
9091 229670767
9092 229673713
9093 229697203
9094 229728703
9095 229769993
9096 229799929
9097 229800829
9098 229918643
9099 229923319
9100 229935019
9101 229937941
9102 230012389
9103 230035951
9104 230091629
9105 230099591
9106 230099609
9107 230140279
9108 230160341
9109 230167537
9110 230191439
9111 230271809
9112 230280151
9113 230283121
9114 230348309
9115 230369681
9116 230370911
9117 230392601
9118 230418101
9119 230437919
9120 230446973
9121 230508101
9122 230537011
9123 230552221
9124 230562547
9125 230568301
9126 230623709
9127 230636983
9128 230640821
9129 230655001
9130 230655511
9131 230670547
9132 230685619
9133 230708839
9134 230800421
9135 230808157
9136 230816659
9137 230833139
9138 230907337
9139 230925649
9140 230999633
9141 231020893
9142 231031631
9143 231033839
9144 231058319
9145 231058511
9146 231060541
9147 231066701
9148 231109211
9149 231119221
9150 231169871
9151 231187109
9152 231187549
9153 231197009
9154 231206639
9155 231214829
9156 231234041
9157 231244051
9158 231268729
9159 231358147
9160 231435811
9161 231447739
9162 231466231
9163 231480983
9164 231481001
9165 231524911
9166 231525031
9167 231529729
9168 231565231
9169 231646781
9170 231686471
9171 231724001
9172 231742993
9173 231910747
9174 231949943
9175 231960991
9176 231981349
9177 232032929
9178 232033393
9179 232074631
9180 232085701
9181 232087619
9182 232093229
9183 232121089
9184 232137901
9185 232183319
9186 232189571
9187 232209031
9188 232217737
9189 232251629
9190 232257829
9191 232276619
9192 232318139
9193 232342709
9194 232427501
9195 232471331
9196 232488049
9197 232508501
9198 232545739
9199 232573459
9200 232576867
9201 232627639
9202 232674031
9203 232699177
9204 232703557
9205 232753321
9206 232770337
9207 232805819
9208 232875281
9209 232972111
9210 233018801
9211 233043731
9212 233046859
9213 233053231
9214 233060141
9215 233072519
9216 233081021
9217 233110099
9218 233208929
9219 233209759
9220 233214539
9221 233225401
9222 233315339
9223 233321909
9224 233338459
9225 233415011
9226 233454131
9227 233461849
9228 233486291
9229 233490209
9230 233528137
9231 233548201
9232 233551711
9233 233553311
9234 233571719
9235 233606039
9236 233630531
9237 233630801
9238 233693381
9239 233774011
9240 233784667
9241 233795377
9242 233805157
9243 233805421
9244 233820239
9245 233835031
9246 233849713
9247 233866019
9248 233890021
9249 233905691
9250 233912101
9251 233926481
9252 233963923
9253 233980339
9254 234030341
9255 234055001
9256 234059131
9257 234076897
9258 234101683
9259 234118021
9260 234128347
9261 234163229
9262 234166819
9263 234185201
9264 234208357
9265 234242731
9266 234316993
9267 234334319
9268 234340921
9269 234356359
9270 234458963
9271 234483671
9272 234486757
9273 234528031
9274 234582619
9275 234591509
9276 234627961
9277 234708619
9278 234730711
9279 234748109
9280 234785753
9281 234806519
9282 234828487
9283 234852581
9284 234860771
9285 234911437
9286 234913709
9287 234939743
9288 234949823
9289 234950609
9290 234985087
9291 235001821
9292 235058449
9293 235065119
9294 235111441
9295 235154839
9296 235197913
9297 235202411
9298 235210483
9299 235275419
9300 235280701
9301 235334909
9302 235341637
9303 235360319
9304 235400909
9305 235425881
9306 235448149
9307 235475291
9308 235491671
9309 235543709
9310 235550501
9311 235641157
9312 235672777
9313 235713809
9314 235729387
9315 235773191
9316 235807597
9317 235810801
9318 235832137
9319 235861391
9320 235917667
9321 235923301
9322 235924597
9323 235960973
9324 236054101
9325 236099081
9326 236119231
9327 236146619
9328 236167571
9329 236216011
9330 236245057
9331 236249471
9332 236256439
9333 236267149
9334 236300411
9335 236353321
9336 236370119
9337 236422331
9338 236422447
9339 236453131
9340 236493487
9341 236554687
9342 236555329
9343 236562877
9344 236636419
9345 236657753
9346 236766653
9347 236819029
9348 236835667
9349 236890813
9350 236910209
9351 236967881
9352 237008521
9353 237045131
9354 237048619
9355 237052919
9356 237100531
9357 237131221
9358 237153739
9359 237155629
9360 237174983
9361 237193993
9362 237216559
9363 237230083
9364 237234511
9365 237355973
9366 237387277
9367 237391201
9368 237398633
9369 237416539
9370 237426439
9371 237436933
9372 237442729
9373 237471697
9374 237523301
9375 237600859
9376 237627001
9377 237727129
9378 237771973
9379 237806923
9380 237832409
9381 237971843
9382 237979003
9383 238001251
9384 238117639
9385 238125221
9386 238142347
9387 238149049
9388 238208591
9389 238228519
9390 238246867
9391 238259171
9392 238272211
9393 238277009
9394 238352221
9395 238398353
9396 238431157
9397 238458613
9398 238666823
9399 238704121
9400 238792357
9401 238867781
9402 238940381
9403 239005001
9404 239021339
9405 239045797
9406 239077219
9407 239148139
9408 239177467
9409 239205157
9410 239241209
9411 239250331
9412 239300557
9413 239403559
9414 239403953
9415 239422501
9416 239427319
9417 239445281
9418 239499761
9419 239509091
9420 239628457
9421 239643913
9422 239744287
9423 239790277
9424 240009151
9425 240021731
9426 240096601
9427 240101921
9428 240258209
9429 240266659
9430 240291929
9431 240305341
9432 240324151
9433 240436759
9434 240438337
9435 240466691
9436 240479011
9437 240484549
9438 240504421
9439 240517919
9440 240532093
9441 240557539
9442 240564791
9443 240573829
9444 240619871
9445 240636131
9446 240723011
9447 240738671
9448 240741101
9449 240752839
9450 240772943
9451 240806347
9452 240813431
9453 240841319
9454 240857677
9455 240866239
9456 240903521
9457 240936923
9458 240954491
9459 240966001
9460 240980137
9461 241016383
9462 241049891
9463 241078549
9464 241307021
9465 241426621
9466 241478767
9467 241511729
9468 241522811
9469 241548101
9470 241561319
9471 241638301
9472 241722721
9473 241794229
9474 241820731
9475 241839667
9476 241840421
9477 241928963
9478 241935349
9479 241935877
9480 241936687
9481 241955419
9482 241976197
9483 242052931
9484 242067559
9485 242101901
9486 242140739
9487 242142401
9488 242157953
9489 242167781
9490 242269249
9491 242285137
9492 242291611
9493 242306111
9494 242376961
9495 242437231
9496 242455691
9497 242502151
9498 242527031
9499 242546131
9500 242583787
9501 242588557
9502 242594239
9503 242621647
9504 242623621
9505 242650711
9506 242651749
9507 242660101
9508 242676281
9509 242712073
9510 242728201
9511 242754529
9512 242791391
9513 242811721
9514 242814001
9515 242913973
9516 243006601
9517 243024757
9518 243038129
9519 243057559
9520 243118531
9521 243142301
9522 243202951
9523 243237119
9524 243309919
9525 243346639
9526 243364819
9527 243389467
9528 243424759
9529 243442447
9530 243473137
9531 243504983
9532 243520709
9533 243541849
9534 243585229
9535 243615991
9536 243660331
9537 243705029
9538 243722431
9539 243753101
9540 243840511
9541 243938119
9542 243961001
9543 243977257
9544 243977633
9545 244070083
9546 244077259
9547 244095101
9548 244106041
9549 244114529
9550 244117849
9551 244131331
9552 244142711
9553 244185301
9554 244193519
9555 244212511
9556 244290131
9557 244343219
9558 244373771
9559 244384409
9560 244401757
9561 244435781
9562 244483159
9563 244558109
9564 244575229
9565 244602509
9566 244653697
9567 244684039
9568 244710457
9569 244734031
9570 244737973
9571 244757081
9572 244777553
9573 244790677
9574 244832519
9575 244903121
9576 244903459
9577 244941121
9578 244981567
9579 244984951
9580 245018749
9581 245020393
9582 245050439
9583 245075359
9584 245101601
9585 245138449
9586 245165359
9587 245208829
9588 245268229
9589 245273719
9590 245285239
9591 245324347
9592 245344871
9593 245356429
9594 245364439
9595 245384059
9596 245394973
9597 245398997
9598 245428159
9599 245441839
9600 245443109
9601 245498413
9602 245512447
9603 245527993
9604 245550131
9605 245574319
9606 245666081
9607 245666171
9608 245687257
9609 245712953
9610 245742619
9611 245817001
9612 245843149
9613 245850259
9614 245903797
9615 246003629
9616 246030151
9617 246048031
9618 246072559
9619 246096667
9620 246154301
9621 246167309
9622 246168973
9623 246247777
9624 246320083
9625 246326539
9626 246328391
9627 246336619
9628 246354671
9629 246380311
9630 246398813
9631 246411701
9632 246448567
9633 246506629
9634 246571571
9635 246574219
9636 246603029
9637 246605971
9638 246607391
9639 246620219
9640 246680963
9641 246732349
9642 246811963
9643 246822581
9644 246856823
9645 246941291
9646 246963071
9647 246998509
9648 247023031
9649 247049857
9650 247084867
9651 247134791
9652 247141229
9653 247181359
9654 247237391
9655 247242791
9656 247250501
9657 247270871
9658 247325009
9659 247327519
9660 247373963
9661 247400557
9662 247473371
9663 247517239
9664 247677739
9665 247690271
9666 247694413
9667 247702691
9668 247782071
9669 247879799
9670 247902509
9671 247944187
9672 248038249
9673 248051431
9674 248123521
9675 248134109
9676 248135933
9677 248198891
9678 248200709
9679 248237923
9680 248331119
9681 248331337
9682 248355119
9683 248587433
9684 248598439
9685 248642587
9686 248659871
9687 248695781
9688 248744009
9689 248790653
9690 248823319
9691 248827177
9692 248941271
9693 249030631
9694 249036037
9695 249085219
9696 249124709
9697 249134681
9698 249136933
9699 249200519
9700 249218329
9701 249259643
9702 249304019
9703 249388819
9704 249393743
9705 249397639
9706 249434767
9707 249496253
9708 249593891
9709 249604021
9710 249611009
9711 249617803
9712 249620519
9713 249628553
9714 249650381
9715 249656413
9716 249698123
9717 249717653
9718 249719077
9719 249732281
9720 249787799
9721 249847303
9722 249873881
9723 249888409
9724 249933097
9725 250012943
9726 250076521
9727 250088681
9728 250135183
9729 250153901
9730 250157521
9731 250167991
9732 250197697
9733 250206283
9734 250253429
9735 250271201
9736 250289471
9737 250313639
9738 250327421
9739 250341041
9740 250344239
9741 250357871
9742 250367111
9743 250394009
9744 250475201
9745 250602959
9746 250607501
9747 250649677
9748 250679197
9749 250691887
9750 250729201
9751 250743029
9752 250753709
9753 250800401
9754 250860157
9755 250918973
9756 250933211
9757 250942501
9758 250970021
9759 251007041
9760 251078719
9761 251097349
9762 251165909
9763 251172631
9764 251255891
9765 251277419
9766 251299903
9767 251334859
9768 251343073
9769 251357311
9770 251384681
9771 251396767
9772 251400901
9773 251405173
9774 251417219
9775 251438771
9776 251458021
9777 251465971
9778 251467933
9779 251513111
9780 251528131
9781 251537047
9782 251766913
9783 251824549
9784 251827993
9785 251842963
9786 251852681
9787 251860897
9788 251903347
9789 251905057
9790 251924111
9791 252039131
9792 252060911
9793 252202331
9794 252221141
9795 252239681
9796 252291331
9797 252302857
9798 252350993
9799 252358993
9800 252359011
9801 252388181
9802 252421657
9803 252425101
9804 252434011
9805 252455591
9806 252471119
9807 252492101
9808 252680201
9809 252703531
9810 252774371
9811 252819397
9812 252819953
9813 252873371
9814 252917677
9815 253011701
9816 253047209
9817 253052201
9818 253116631
9819 253117229
9820 253124429
9821 253133609
9822 253144849
9823 253149349
9824 253163347
9825 253223647
9826 253265993
9827 253266529
9828 253322911
9829 253351139
9830 253425973
9831 253427221
9832 253473419
9833 253597733
9834 253640963
9835 253718239
9836 253782119
9837 253824509
9838 253858177
9839 253916101
9840 253933111
9841 254003941
9842 254016011
9843 254038019
9844 254075629
9845 254138047
9846 254184509
9847 254326301
9848 254346529
9849 254349049
9850 254363359
9851 254411939
9852 254450257
9853 254464481
9854 254507009
9855 254508349
9856 254518519
9857 254563391
9858 254569603
9859 254615201
9860 254631791
9861 254632237
9862 254647181
9863 254653481
9864 254763371
9865 254810219
9866 254831009
9867 254845387
9868 254969629
9869 255064031
9870 255118109
9871 255200251
9872 255219101
9873 255267913
9874 255286181
9875 255286477
9876 255302939
9877 255304447
9878 255306559
9879 255331229
9880 255369703
9881 255392329
9882 255424501
9883 255431437
9884 255443021
9885 255454429
9886 255487733
9887 255629557
9888 255679961
9889 255735757
9890 255738019
9891 255740311
9892 255763219
9893 255778967
9894 255801157
9895 255904933
9896 255965077
9897 256034839
9898 256107881
9899 256186657
9900 256371491
9901 256434349
9902 256441501
9903 256460401
9904 256517497
9905 256532993
9906 256628377
9907 256630057
9908 256722121
9909 256723429
9910 256740943
9911 256776881
9912 256815973
9913 256925197
9914 256950667
9915 256962613
9916 257050531
9917 257072131
9918 257122319
9919 257122409
9920 257128021
9921 257152981
9922 257165309
9923 257193319
9924 257279413
9925 257392567
9926 257402819
9927 257420257
9928 257424983
9929 257425001
9930 257535371
9931 257638643
9932 257694403
9933 257702539
9934 257705587
9935 257742139
9936 257754071
9937 257833903
9938 257851567
9939 258033511
9940 258107131
9941 258108581
9942 258209101
9943 258225581
9944 258299809
9945 258355129
9946 258421411
9947 258472271
9948 258482753
9949 258573277
9950 258613111
9951 258698213
9952 258869329
9953 258945403
9954 259005601
9955 259162391
9956 259200509
9957 259240781
9958 259243409
9959 259296313
9960 259308319
9961 259350031
9962 259354903
9963 259359533
9964 259483643
9965 259584881
9966 259650319
9967 259679509
9968 259755443
9969 259759223
9970 259991681
9971 260040541
9972 260059871
9973 260061719
9974 260137447
9975 260165039
9976 260224031
9977 260293963
9978 260317531
9979 260396419
9980 260408347
9981 260411231
9982 260419321
9983 260421241
9984 260422321
9985 260459149
9986 260461601
9987 260468149
9988 260470759
9989 260483681
9990 260491709
9991 260585497
9992 260595371
9993 260601373
9994 260622721
9995 260631457
9996 260634421
9997 260645201
9998 260648419
9999 260656001
10000 260680411
10001 260688613
10002 260707639
10003 260725237
10004 260749039
10005 260757139
10006 260785039
10007 260789813
10008 260819857
10009 260823421
10010 260834047
10011 260835923
10012 260932709
10013 260934983
10014 260935429
10015 260942519
10016 260988353
10017 260992091
10018 261096509
10019 261135509
10020 261186509
10021 261309809
10022 261328211
10023 261429697
10024 261437797
10025 261447259
10026 261450419
10027 261451409
10028 261472459
10029 261517819
10030 261537697
10031 261582011
10032 261583481
10033 261623963
10034 261629149
10035 261647963
10036 261741157
10037 261744349
10038 261746101
10039 261803219
10040 261815629
10041 261819119
10042 261844519
10043 261865477
10044 261877997
10045 261891281
10046 261915259
10047 261962497
10048 262048109
10049 262067539
10050 262094519
10051 262157047
10052 262165237
10053 262226891
10054 262227131
10055 262228501
10056 262304221
10057 262308001
10058 262308791
10059 262405537
10060 262463797
10061 262490359
10062 262490933
10063 262523659
10064 262594853
10065 262603409
10066 262623511
10067 262650809
10068 262710419
10069 262782229
10070 262840411
10071 262857019
10072 262923211
10073 262945019
10074 262950983
10075 262951001
10076 262951319
10077 263006111
10078 263008357
10079 263012819
10080 263013629
10081 263018891
10082 263047819
10083 263066887
10084 263076349
10085 263108347
10086 263119237
10087 263119819
10088 263129221
10089 263168923
10090 263194409
10091 263242801
10092 263244029
10093 263255221
10094 263260357
10095 263283011
10096 263286371
10097 263338429
10098 263349049
10099 263359813
10100 263415001
10101 263501647
10102 263524411
10103 263528767
10104 263564101
10105 263594081
10106 263608993
10107 263643509
10108 263648557
10109 263827903
10110 263830109
10111 263862667
10112 263911019
10113 263954029
10114 264056131
10115 264076391
10116 264118871
10117 264174961
10118 264232511
10119 264240419
10120 264355687
10121 264374309
10122 264398839
10123 264421447
10124 264479723
10125 264535021
10126 264602347
10127 264677167
10128 264725011
10129 264885443
10130 264892603
10131 264924577
10132 264926119
10133 265070321
10134 265073359
10135 265078271
10136 265156519
10137 265167913
10138 265224209
10139 265248667
10140 265254037
10141 265256239
10142 265325933
10143 265343887
10144 265413739
10145 265434439
10146 265448377
10147 265525597
10148 265599013
10149 265644667
10150 265716487
10151 265756823
10152 265803491
10153 265809613
10154 265821509
10155 265843129
10156 265861903
10157 265881277
10158 265942387
10159 265968671
10160 265982987
10161 265984253
10162 265992739
10163 265995761
10164 265999897
10165 266093857
10166 266152321
10167 266183101
10168 266223809
10169 266304119
10170 266352301
10171 266440019
10172 266532943
10173 266613923
10174 266621137
10175 266717287
10176 266730509
10177 266730983
10178 266751229
10179 266760757
10180 266794303
10181 266798123
10182 266798239
10183 266803429
10184 266862613
10185 266901031
10186 266956691
10187 267040531
10188 267062111
10189 267070057
10190 267179981
10191 267195703
10192 267223321
10193 267316249
10194 267354209
10195 267364297
10196 267410909
10197 267517039
10198 267548453
10199 267567931
10200 267682603
10201 267699863
10202 267739781
10203 267752171
10204 267768143
10205 267790603
10206 267826733
10207 267840371
10208 267946057
10209 267951071
10210 267991343
10211 268050221
10212 268054571
10213 268104247
10214 268121219
10215 268153519
10216 268164139
10217 268198781
10218 268394257
10219 268451219
10220 268488013
10221 268509457
10222 268512121
10223 268519939
10224 268615297
10225 268617367
10226 268623319
10227 268695103
10228 268738303
10229 268757243
10230 268959191
10231 269093009
10232 269113729
10233 269235209
10234 269285077
10235 269290271
10236 269351857
10237 269397529
10238 269416019
10239 269421301
10240 269435171
10241 269440571
10242 269474167
10243 269534803
10244 269550667
10245 269665343
10246 269816167
10247 269820913
10248 269846771
10249 269896909
10250 269984929
10251 270028001
10252 270058031
10253 270059771
10254 270073537
10255 270145357
10256 270182749
10257 270256237
10258 270292019
10259 270317219
10260 270317521
10261 270324121
10262 270332221
10263 270351073
10264 270351239
10265 270377587
10266 270397657
10267 270421093
10268 270438491
10269 270458497
10270 270463147
10271 270480739
10272 270707771
10273 270762581
10274 270940321
10275 270969067
10276 270975277
10277 271046231
10278 271065973
10279 271068529
10280 271106111
10281 271285687
10282 271323329
10283 271325039
10284 271334309
10285 271348201
10286 271391201
10287 271425157
10288 271443209
10289 271503811
10290 271545121
10291 271580201
10292 271606549
10293 271610711
10294 271614829
10295 271658081
10296 271700609
10297 271734349
10298 271766713
10299 271830829
10300 271864387
10301 271940681
10302 271945109
10303 271984087
10304 271991287
10305 272008111
10306 272055649
10307 272099119
10308 272102521
10309 272225321
10310 272227639
10311 272313631
10312 272335411
10313 272372131
10314 272408519
10315 272419481
10316 272420821
10317 272505119
10318 272621819
10319 272654149
10320 272697977
10321 272715943
10322 272720983
10323 272756377
10324 272761571
10325 272764109
10326 272852149
10327 272896343
10328 272910331
10329 272931419
10330 272961757
10331 272977213
10332 272989133
10333 273013051
10334 273065539
10335 273070621
10336 273171221
10337 273174491
10338 273176419
10339 273340759
10340 273372031
10341 273372439
10342 273398453
10343 273409519
10344 273413501
10345 273414601
10346 273461971
10347 273514639
10348 273517571
10349 273643973
10350 273707767
10351 273728467
10352 273764287
10353 273776077
10354 273797243
10355 273803009
10356 273811501
10357 273842857
10358 273852209
10359 273860677
10360 273878153
10361 273888143
10362 273920021
10363 273929723
10364 273965633
10365 273987491
10366 274014509
10367 274023811
10368 274041073
10369 274073311
10370 274194191
10371 274209301
10372 274223659
10373 274247381
10374 274258657
10375 274262993
10376 274305221
10377 274322039
10378 274386071
10379 274386703
10380 274406887
10381 274411409
10382 274421039
10383 274497791
10384 274526059
10385 274563371
10386 274569623
10387 274587977
10388 274589591
10389 274632877
10390 274682081
10391 274732519
10392 274793543
10393 274810411
10394 274816387
10395 274913497
10396 274995103
10397 275002631
10398 275008549
10399 275012939
10400 275040631
10401 275069467
10402 275073349
10403 275144591
10404 275187457
10405 275192419
10406 275242109
10407 275251549
10408 275294029
10409 275413147
10410 275422981
10411 275473091
10412 275526487
10413 275541619
10414 275601829
10415 275604983
10416 275618843
10417 275669113
10418 275680039
10419 275703121
10420 275711591
10421 275715371
10422 275717171
10423 275721581
10424 275745097
10425 275758213
10426 275869571
10427 275914853
10428 275998013
10429 275999887
10430 276055319
10431 276064597
10432 276072697
10433 276078457
10434 276123649
10435 276143201
10436 276249613
10437 276278941
10438 276334481
10439 276340819
10440 276386167
10441 276454813
10442 276487781
10443 276613159
10444 276630121
10445 276632471
10446 276720211
10447 276749203
10448 276761119
10449 276767957
10450 276835087
10451 276868939
10452 276972623
10453 276999161
10454 277061311
10455 277085009
10456 277100911
10457 277123459
10458 277129129
10459 277230029
10460 277246903
10461 277250797
10462 277272913
10463 277283081
10464 277353371
10465 277405319
10466 277446457
10467 277617367
10468 277625753
10469 277632371
10470 277635833
10471 277714109
10472 277759571
10473 277783523
10474 277823753
10475 277893013
10476 278014057
10477 278023237
10478 278061491
10479 278139457
10480 278375723
10481 278499371
10482 278505757
10483 278547977
10484 278576629
10485 278598409
10486 278740853
10487 278741713
10488 278779961
10489 278870257
10490 278891203
10491 278920219
10492 278932177
10493 279008923
10494 279011521
10495 279153191
10496 279208091
10497 279217903
10498 279228071
10499 279311401
10500 279371119
10501 279391823
10502 279444703
10503 279494113
10504 279537977
10505 279540757
10506 279549761
10507 279770987
10508 279823177
10509 279855893
10510 279892883
10511 279894371
10512 279966191
10513 280044521
10514 280056131
10515 280104151
10516 280118347
10517 280142531
10518 280153759
10519 280227247
10520 280244347
10521 280246321
10522 280247021
10523 280284581
10524 280308209
10525 280320241
10526 280320331
10527 280330273
10528 280340647
10529 280364009
10530 280371209
10531 280393571
10532 280422859
10533 280501631
10534 280507321
10535 280510121
10536 280541309
10537 280553797
10538 280577081
10539 280674139
10540 280686277
10541 280738181
10542 280790291
10543 280802437
10544 280816391
10545 280833983
10546 280911601
10547 280951973
10548 280972903
10549 281048797
10550 281057591
10551 281141221
10552 281145247
10553 281177497
10554 281219591
10555 281224759
10556 281244739
10557 281284429
10558 281287109
10559 281307209
10560 281338319
10561 281348149
10562 281410721
10563 281434019
10564 281434501
10565 281461057
10566 281462971
10567 281467903
10568 281476297
10569 281516401
10570 281523157
10571 281658277
10572 281667833
10573 281700101
10574 281702011
10575 281725933
10576 281746567
10577 281786077
10578 281820221
10579 281861011
10580 281899003
10581 281904211
10582 282002857
10583 282048619
10584 282106711
10585 282167219
10586 282176471
10587 282182591
10588 282200231
10589 282210241
10590 282273031
10591 282294667
10592 282305963
10593 282315157
10594 282353719
10595 282380719
10596 282415691
10597 282428059
10598 282477187
10599 282505549
10600 282527059
10601 282529109
10602 282530909
10603 282615037
10604 282616933
10605 282630511
10606 282650201
10607 282730109
10608 282733519
10609 282735319
10610 282738457
10611 282780191
10612 282817813
10613 282881029
10614 282979481
10615 282981187
10616 283024537
10617 283129201
10618 283226719
10619 283233029
10620 283251119
10621 283307009
10622 283327159
10623 283333147
10624 283342237
10625 283344671
10626 283349933
10627 283372391
10628 283410637
10629 283436011
10630 283504147
10631 283518757
10632 283527487
10633 283688513
10634 283735477
10635 283773187
10636 283794713
10637 283823471
10638 283985591
10639 283989773
10640 284025331
10641 284031521
10642 284113849
10643 284116109
10644 284128597
10645 284205001
10646 284224301
10647 284260211
10648 284293813
10649 284372239
10650 284399153
10651 284405047
10652 284437567
10653 284447029
10654 284496313
10655 284506111
10656 284522311
10657 284537119
10658 284552011
10659 284584087
10660 284595931
10661 284737951
10662 284787851
10663 284805049
10664 284822309
10665 284885203
10666 284912149
10667 284951197
10668 284993113
10669 285033131
10670 285076387
10671 285100631
10672 285120301
10673 285194803
10674 285241871
10675 285283129
10676 285366457
10677 285424571
10678 285511301
10679 285560239
10680 285566503
10681 285606577
10682 285607657
10683 285653843
10684 285730429
10685 285743713
10686 285794513
10687 285821059
10688 285976883
10689 285979129
10690 286015943
10691 286031891
10692 286034009
10693 286072777
10694 286211347
10695 286216481
10696 286261571
10697 286290371
10698 286331047
10699 286352309
10700 286421609
10701 286433923
10702 286533139
10703 286552853
10704 286560319
10705 286633271
10706 286660181
10707 286666213
10708 286828343
10709 286974323
10710 287009329
10711 287041459
10712 287059991
10713 287079157
10714 287086603
10715 287104549
10716 287196313
10717 287221321
10718 287264713
10719 287286443
10720 287304011
10721 287396861
10722 287411591
10723 287543467
10724 287551963
10725 287611201
10726 287632567
10727 287657861
10728 287721319
10729 287788219
10730 287881819
10731 287936681
10732 287993033
10733 288011309
10734 288057071
10735 288071309
10736 288135139
10737 288154903
10738 288339157
10739 288510491
10740 288548243
10741 288579113
10742 288616513
10743 288616733
10744 288634553
10745 288758291
10746 288798299
10747 288826781
10748 288849409
10749 288967673
10750 289032509
10751 289032581
10752 289090387
10753 289108109
10754 289116973
10755 289138357
10756 289140419
10757 289171109
10758 289213409
10759 289302619
10760 289377709
10761 289394153
10762 289410439
10763 289411777
10764 289429057
10765 289477571
10766 289502963
10767 289596319
10768 289717613
10769 289897463
10770 289985489
10771 289994261
10772 290009431
10773 290051737
10774 290068159
10775 290116973
10776 290130193
10777 290155109
10778 290174021
10779 290237021
10780 290271791
10781 290331121
10782 290338339
10783 290359129
10784 290370221
10785 290408681
10786 290429857
10787 290439953
10788 290472349
10789 290495197
10790 290504309
10791 290506709
10792 290538049
10793 290540963
10794 290541337
10795 290558377
10796 290613601
10797 290622247
10798 290648081
10799 290665387
10800 290688791
10801 290715301
10802 290754119
10803 290773039
10804 290803301
10805 290829923
10806 290868791
10807 290877443
10808 290882467
10809 290907319
10810 290925119
10811 291056047
10812 291101431
10813 291110819
10814 291140041
10815 291142849
10816 291179803
10817 291236591
10818 291257677
10819 291322001
10820 291341749
10821 291352619
10822 291390349
10823 291391519
10824 291414247
10825 291567457
10826 291616111
10827 291621881
10828 291626471
10829 291629197
10830 291675367
10831 291685951
10832 291692197
10833 291778343
10834 291914677
10835 291924049
10836 291939353
10837 291946513
10838 292046719
10839 292080421
10840 292125601
10841 292126781
10842 292158319
10843 292168297
10844 292341331
10845 292364239
10846 292401509
10847 292406221
10848 292432871
10849 292491281
10850 292504109
10851 292530829
10852 292544587
10853 292583803
10854 292603321
10855 292658453
10856 292681297
10857 292829839
10858 292913149
10859 292919813
10860 292920101
10861 292984781
10862 292986413
10863 293000639
10864 293060039
10865 293126681
10866 293184139
10867 293232791
10868 293241829
10869 293260691
10870 293331809
10871 293337049
10872 293337119
10873 293340739
10874 293368997
10875 293468257
10876 293490209
10877 293506201
10878 293548267
10879 293558723
10880 293583457
10881 293658931
10882 293807029
10883 293910439
10884 293941387
10885 293958053
10886 293977661
10887 294041819
10888 294079087
10889 294215797
10890 294250147
10891 294274657
10892 294283963
10893 294367643
10894 294370159
10895 294425149
10896 294504031
10897 294510511
10898 294515149
10899 294533471
10900 294625813
10901 294627367
10902 294726457
10903 294731497
10904 294749113
10905 294751903
10906 294770467
10907 294824171
10908 294847057
10909 294865213
10910 294928213
10911 294929993
10912 295011329
10913 295014331
10914 295018973
10915 295046923
10916 295059097
10917 295102537
10918 295122559
10919 295153409
10920 295203511
10921 295456267
10922 295505923
10923 295560119
10924 295561271
10925 295590833
10926 295642387
10927 295662457
10928 295719313
10929 295797023
10930 295813963
10931 295816553
10932 295822091
10933 295880891
10934 296064371
10935 296081587
10936 296105137
10937 296121559
10938 296129467
10939 296180419
10940 296205697
10941 296206159
10942 296246843
10943 296379851
10944 296384633
10945 296543287
10946 296614853
10947 296633287
10948 296658053
10949 296781791
10950 296874143
10951 296940187
10952 296942453
10953 296960077
10954 296968013
10955 296999389
10956 297011431
10957 297018191
10958 297024011
10959 297024529
10960 297123923
10961 297140681
10962 297149453
10963 297181853
10964 297185543
10965 297203359
10966 297206309
10967 297223429
10968 297251309
10969 297503963
10970 297531973
10971 297576947
10972 297611219
10973 297659899
10974 297715823
10975 297739391
10976 297748571
10977 297825713
10978 297975191
10979 297989051
10980 298000711
10981 298113121
10982 298118377
10983 298141391
10984 298223011
10985 298228823
10986 298291823
10987 298304497
10988 298309267
10989 298333129
10990 298400131
10991 298416187
10992 298429253
10993 298488599
10994 298489181
10995 298500439
10996 298587599
10997 298588013
10998 298609343
10999 298637513
11000 298710371
11001 298809013
11002 298842931
11003 298854233
11004 298879289
11005 298885589
11006 298910119
11007 298934591
11008 299086639
11009 299088143
11010 299151119
11011 299300137
11012 299302429
11013 299331577
11014 299337443
11015 299376013
11016 299522843
11017 299547233
11018 299552413
11019 299618681
11020 299673893
11021 299696261
11022 299742533
11023 299748461
11024 299760067
11025 299894753
11026 299922067
11027 299955919
11028 299956361
11029 299960113
11030 300053731
11031 300075539
11032 300144701
11033 300149711
11034 300198029
11035 300235801
11036 300238811
11037 300250451
11038 300270631
11039 300280711
11040 300282911
11041 300328439
11042 300337721
11043 300364837
11044 300374647
11045 300375721
11046 300394621
11047 300440773
11048 300459739
11049 300472121
11050 300480847
11051 300512551
11052 300529939
11053 300532951
11054 300551473
11055 300640441
11056 300694501
11057 300699001
11058 300735011
11059 300747973
11060 300789397
11061 300798319
11062 300833531
11063 300848719
11064 300947021
11065 300995329
11066 301100599
11067 301128629
11068 301152541
11069 301217639
11070 301237051
11071 301243951
11072 301259039
11073 301266457
11074 301303811
11075 301318921
11076 301370921
11077 301434041
11078 301440341
11079 301610641
11080 301708111
11081 301728221
11082 301755809
11083 301847681
11084 301871659
11085 301903501
11086 301932637
11087 301945019
11088 301973519
11089 301974031
11090 301976963
11091 302021831
11092 302071621
11093 302077229
11094 302082511
11095 302107951
11096 302109719
11097 302118331
11098 302128921
11099 302167993
11100 302169649
11101 302205961
11102 302214673
11103 302223521
11104 302258321
11105 302258659
11106 302270321
11107 302274631
11108 302291519
11109 302293319
11110 302295221
11111 302315521
11112 302318111
11113 302350739
11114 302372111
11115 302372201
11116 302390401
11117 302390519
11118 302437601
11119 302445457
11120 302450411
11121 302521441
11122 302522383
11123 302574809
11124 302680447
11125 302695597
11126 302709401
11127 302717839
11128 302721719
11129 302724239
11130 302743447
11131 302753219
11132 302763337
11133 302781601
11134 302810639
11135 302813519
11136 302835157
11137 302867101
11138 302921711
11139 303004811
11140 303160393
11141 303164557
11142 303186809
11143 303199111
11144 303249337
11145 303255011
11146 303263339
11147 303334747
11148 303338891
11149 303352631
11150 303362711
11151 303387943
11152 303428891
11153 303454409
11154 303529411
11155 303539591
11156 303574121
11157 303605531
11158 303657671
11159 303660431
11160 303672157
11161 303674719
11162 303691943
11163 303715537
11164 303732901
11165 303748111
11166 303756877
11167 303770437
11168 303822811
11169 303880943
11170 303960029
11171 303985813
11172 303992309
11173 304004089
11174 304071241
11175 304128431
11176 304131341
11177 304131701
11178 304134421
11179 304224311
11180 304241473
11181 304243183
11182 304278349
11183 304293601
11184 304312621
11185 304345511
11186 304387249
11187 304439131
11188 304493933
11189 304497191
11190 304549159
11191 304589977
11192 304606919
11193 304644601
11194 304682519
11195 304706431
11196 304708231
11197 304716649
11198 304753121
11199 304872419
11200 304985029
11201 305001731
11202 305068501
11203 305076791
11204 305087719
11205 305152657
11206 305171821
11207 305192039
11208 305193247
11209 305204611
11210 305239927
11211 305311829
11212 305313821
11213 305359111
11214 305362801
11215 305363347
11216 305390347
11217 305436953
11218 305439439
11219 305544131
11220 305561611
11221 305699413
11222 305723909
11223 305732611
11224 305737519
11225 305744519
11226 305744771
11227 305756239
11228 305825719
11229 305837381
11230 305863409
11231 305969413
11232 305977603
11233 305981983
11234 306037531
11235 306049031
11236 306055111
11237 306067459
11238 306142141
11239 306164659
11240 306219131
11241 306230819
11242 306266221
11243 306268519
11244 306275681
11245 306323939
11246 306326701
11247 306361409
11248 306380219
11249 306434521
11250 306495757
11251 306515257
11252 306526301
11253 306532021
11254 306547973
11255 306615809
11256 306722659
11257 306766219
11258 306775129
11259 306802973
11260 306820849
11261 306822601
11262 306823109
11263 306827419
11264 306853319
11265 306944329
11266 307069339
11267 307123529
11268 307150231
11269 307198181
11270 307202521
11271 307259471
11272 307293619
11273 307311821
11274 307320283
11275 307342759
11276 307345211
11277 307345943
11278 307373629
11279 307410931
11280 307436771
11281 307440901
11282 307509581
11283 307531759
11284 307538677
11285 307615709
11286 307627519
11287 307704119
11288 307709497
11289 307730701
11290 307747129
11291 307790381
11292 307796077
11293 307828219
11294 307886723
11295 307950301
11296 308036431
11297 308063101
11298 308070239
11299 308079757
11300 308122921
11301 308125711
11302 308144437
11303 308155619
11304 308193671
11305 308209501
11306 308245019
11307 308265211
11308 308272231
11309 308423839
11310 308433649
11311 308521229
11312 308617409
11313 308620919
11314 308653777
11315 308697791
11316 308800357
11317 308851339
11318 308938823
11319 308976931
11320 308981377
11321 308984257
11322 309003131
11323 309028019
11324 309040141
11325 309044011
11326 309055963
11327 309059857
11328 309064411
11329 309113221
11330 309134521
11331 309248983
11332 309267319
11333 309287009
11334 309322759
11335 309327419
11336 309334639
11337 309371047
11338 309416719
11339 309432029
11340 309432247
11341 309441739
11342 309443539
11343 309508519
11344 309522953
11345 309523321
11346 309589871
11347 309642877
11348 309690049
11349 309690487
11350 309691387
11351 309741877
11352 309848633
11353 309904481
11354 309922201
11355 309923767
11356 309953753
11357 309960913
11358 309976253
11359 309997043
11360 310056847
11361 310086701
11362 310140199
11363 310229609
11364 310235141
11365 310239031
11366 310252331
11367 310266811
11368 310289311
11369 310331531
11370 310396147
11371 310423951
11372 310428431
11373 310495963
11374 310525837
11375 310531483
11376 310539829
11377 310543747
11378 310562311
11379 310575247
11380 310586539
11381 310597481
11382 310619431
11383 310664891
11384 310672409
11385 310721909
11386 310772611
11387 310787471
11388 310802341
11389 310883021
11390 310903183
11391 310911331
11392 310925011
11393 310925611
11394 310953337
11395 310985309
11396 311017951
11397 311057801
11398 311098321
11399 311099137
11400 311184073
11401 311190221
11402 311288591
11403 311321531
11404 311394791
11405 311448131
11406 311450411
11407 311450819
11408 311456347
11409 311527319
11410 311547311
11411 311574157
11412 311611711
11413 311639137
11414 311658877
11415 311662801
11416 311682221
11417 311707849
11418 311752759
11419 311754649
11420 311756359
11421 311776973
11422 311792771
11423 311827871
11424 311852231
11425 311927201
11426 311927519
11427 311993497
11428 311998177
11429 312024673
11430 312069559
11431 312093073
11432 312121631
11433 312122801
11434 312141493
11435 312147301
11436 312195809
11437 312232351
11438 312239909
11439 312240631
11440 312247357
11441 312247849
11442 312251293
11443 312261931
11444 312264637
11445 312280273
11446 312297301
11447 312460657
11448 312481919
11449 312507457
11450 312529691
11451 312541709
11452 312568391
11453 312614609
11454 312625849
11455 312702959
11456 312752701
11457 312782629
11458 312843221
11459 312934301
11460 312942719
11461 312950411
11462 312972509
11463 313048201
11464 313054529
11465 313056929
11466 313068029
11467 313112441
11468 313131079
11469 313136801
11470 313138993
11471 313143241
11472 313146637
11473 313191457
11474 313196591
11475 313292411
11476 313310821
11477 313315921
11478 313326329
11479 313365001
11480 313372511
11481 313479997
11482 313517129
11483 313576001
11484 313615531
11485 313647211
11486 313690459
11487 313716881
11488 313726019
11489 313729597
11490 313733839
11491 313744121
11492 313759987
11493 313774973
11494 313795219
11495 313878743
11496 313931309
11497 313931963
11498 313934771
11499 313979543
11500 314021593
11501 314025539
11502 314053211
11503 314141341
11504 314146537
11505 314154983
11506 314212441
11507 314247719
11508 314291321
11509 314293549
11510 314303251
11511 314356871
11512 314391029
11513 314396587
11514 314409881
11515 314420473
11516 314436247
11517 314453701
11518 314481221
11519 314513429
11520 314518619
11521 314526791
11522 314545943
11523 314550101
11524 314554411
11525 314582629
11526 314599823
11527 314665867
11528 314675239
11529 314681539
11530 314712547
11531 314856209
11532 314871301
11533 314875181
11534 314907529
11535 315065819
11536 315141601
11537 315142183
11538 315192247
11539 315237829
11540 315252073
11541 315258011
11542 315265231
11543 315273209
11544 315279487
11545 315299713
11546 315369371
11547 315392933
11548 315432329
11549 315464797
11550 315470839
11551 315503311
11552 315535501
11553 315552311
11554 315588703
11555 315625691
11556 315640849
11557 315660649
11558 315701531
11559 315731659
11560 315751411
11561 315780671
11562 315809149
11563 315810211
11564 315823121
11565 315890101
11566 315913943
11567 315955181
11568 315988613
11569 316023821
11570 316046219
11571 316184201
11572 316197281
11573 316211729
11574 316218719
11575 316240411
11576 316259149
11577 316265591
11578 316271983
11579 316272001
11580 316325819
11581 316385857
11582 316413121
11583 316420183
11584 316422329
11585 316479923
11586 316507057
11587 316531759
11588 316577119
11589 316634047
11590 316653529
11591 316713601
11592 316771201
11593 316792129
11594 316825933
11595 316843159
11596 316931359
11597 317023501
11598 317068201
11599 317092301
11600 317095409
11601 317130757
11602 317149409
11603 317193983
11604 317194001
11605 317220131
11606 317225011
11607 317257777
11608 317325401
11609 317367397
11610 317373031
11611 317521447
11612 317525111
11613 317535671
11614 317573677
11615 317624401
11616 317647039
11617 317668177
11618 317672767
11619 317683271
11620 317698781
11621 317702101
11622 318003311
11623 318013183
11624 318041111
11625 318058159
11626 318090337
11627 318141521
11628 318200231
11629 318225157
11630 318264301
11631 318277109
11632 318307819
11633 318402031
11634 318414157
11635 318436777
11636 318462121
11637 318539803
11638 318573001
11639 318597157
11640 318601111
11641 318677941
11642 318745039
11643 318771209
11644 318852139
11645 318856513
11646 318916963
11647 318941309
11648 318962713
11649 319029037
11650 319035247
11651 319106891
11652 319123319
11653 319133039
11654 319133839
11655 319144019
11656 319151039
11657 319177297
11658 319183001
11659 319198603
11660 319205819
11661 319241431
11662 319247381
11663 319297997
11664 319305131
11665 319311329
11666 319323001
11667 319339297
11668 319384567
11669 319532009
11670 319548703
11671 319571101
11672 319611157
11673 319636271
11674 319801057
11675 319834181
11676 319843039
11677 319843963
11678 319909087
11679 320019937
11680 320041693
11681 320060711
11682 320063729
11683 320118847
11684 320133701
11685 320190757
11686 320235193
11687 320237173
11688 320243411
11689 320253421
11690 320267257
11691 320278709
11692 320286809
11693 320342431
11694 320347759
11695 320349401
11696 320377237
11697 320504819
11698 320514193
11699 320579059
11700 320682119
11701 320764057
11702 320766877
11703 320784983
11704 320785001
11705 320785391
11706 320787667
11707 320805301
11708 320850611
11709 320854981
11710 320858983
11711 320859001
11712 320902411
11713 320947021
11714 320979187
11715 320979833
11716 320993471
11717 321095701
11718 321135719
11719 321138031
11720 321159739
11721 321161231
11722 321171847
11723 321188771
11724 321236711
11725 321289429
11726 321346139
11727 321359771
11728 321365347
11729 321450401
11730 321461429
11731 321466459
11732 321514439
11733 321556639
11734 321593137
11735 321646691
11736 321653963
11737 321660811
11738 321664709
11739 321676021
11740 321676111
11741 321764719
11742 321780401
11743 321795667
11744 321797467
11745 321818311
11746 321824101
11747 321955519
11748 321970321
11749 321972011
11750 322093201
11751 322158209
11752 322177411
11753 322179581
11754 322242311
11755 322242959
11756 322247983
11757 322261273
11758 322341401
11759 322391011
11760 322482331
11761 322493047
11762 322515701
11763 322576409
11764 322645709
11765 322669987
11766 322681819
11767 322693409
11768 322737581
11769 322772953
11770 322842809
11771 322860809
11772 322892923
11773 322904011
11774 322936391
11775 322947049
11776 322978823
11777 323001551
11778 323063557
11779 323091011
11780 323098571
11781 323099767
11782 323121811
11783 323133731
11784 323158109
11785 323165039
11786 323179111
11787 323185729
11788 323187581
11789 323187877
11790 323218919
11791 323228839
11792 323239237
11793 323299091
11794 323327891
11795 323329639
11796 323344421
11797 323381749
11798 323460611
11799 323498171
11800 323529419
11801 323571953
11802 323622419
11803 323732501
11804 323962993
11805 323992271
11806 323998303
11807 324021521
11808 324043501
11809 324052811
11810 324066601
11811 324110939
11812 324133211
11813 324153211
11814 324183221
11815 324218431
11816 324236219
11817 324300541
11818 324440821
11819 324441031
11820 324483101
11821 324530939
11822 324560219
11823 324563137
11824 324618011
11825 324627031
11826 324662953
11827 324671609
11828 324701519
11829 324726491
11830 324749753
11831 324761953
11832 324816581
11833 324835481
11834 324884803
11835 324892387
11836 324905519
11837 324920749
11838 324952339
11839 324962329
11840 325028437
11841 325052911
11842 325094201
11843 325123439
11844 325124731
11845 325148519
11846 325154411
11847 325161509
11848 325200929
11849 325236311
11850 325275581
11851 325293923
11852 325316819
11853 325318691
11854 325346401
11855 325390501
11856 325445137
11857 325476049
11858 325604611
11859 325609429
11860 325900919
11861 325948823
11862 325981657
11863 325987639
11864 326008919
11865 326024821
11866 326029549
11867 326052631
11868 326113231
11869 326138009
11870 326165131
11871 326178577
11872 326182301
11873 326226001
11874 326261437
11875 326301809
11876 326311439
11877 326367487
11878 326472961
11879 326497603
11880 326509597
11881 326522501
11882 326526301
11883 326636329
11884 326721247
11885 326733419
11886 326787353
11887 326823619
11888 326941933
11889 326948077
11890 327020411
11891 327052993
11892 327053011
11893 327092009
11894 327104821
11895 327121831
11896 327133201
11897 327166687
11898 327176767
11899 327212339
11900 327216809
11901 327234311
11902 327244963
11903 327258209
11904 327262729
11905 327293011
11906 327296467
11907 327299257
11908 327326359
11909 327330301
11910 327332963
11911 327336301
11912 327350819
11913 327437101
11914 327440909
11915 327516011
11916 327556657
11917 327613709
11918 327644923
11919 327670339
11920 327737467
11921 327784357
11922 327818753
11923 327834139
11924 327891457
11925 327960667
11926 327987581
11927 328091629
11928 328131031
11929 328184497
11930 328196377
11931 328212329
11932 328214219
11933 328216211
11934 328226449
11935 328361311
11936 328415449
11937 328460609
11938 328489729
11939 328493467
11940 328496257
11941 328518209
11942 328611421
11943 328617371
11944 328710719
11945 328727803
11946 328803697
11947 328949771
11948 329005801
11949 329023021
11950 329050973
11951 329058757
11952 329077019
11953 329102737
11954 329104849
11955 329149813
11956 329154037
11957 329195287
11958 329244439
11959 329305709
11960 329343211
11961 329352787
11962 329363497
11963 329398819
11964 329430953
11965 329481577
11966 329515933
11967 329715667
11968 329741983
11969 329766443
11970 329766739
11971 329773603
11972 329797661
11973 329797939
11974 329828453
11975 329903219
11976 329935951
11977 329943703
11978 330026857
11979 330069791
11980 330096719
11981 330111289
11982 330123631
11983 330163501
11984 330164173
11985 330310811
11986 330357337
11987 330368359
11988 330483973
11989 330505031
11990 330527909
11991 330606239
11992 330608039
11993 330625601
11994 330668587
11995 330686471
11996 330775391
11997 330784021
11998 330802657
11999 330832849
12000 330836131
12001 330852029
12002 330855619
12003 330920201
12004 330925691
12005 330964201
12006 330970691
12007 331007857
12008 331010299
12009 331037737
12010 331057849
12011 331064401
12012 331081837
12013 331095337
12014 331172339
12015 331197301
12016 331197697
12017 331224193
12018 331226083
12019 331281721
12020 331320079
12021 331424339
12022 331481231
12023 331588181
12024 331591459
12025 331592137
12026 331602847
12027 331621721
12028 331655993
12029 331671029
12030 331674509
12031 331674529
12032 331752881
12033 331785229
12034 331827439
12035 331912621
12036 331992139
12037 332119357
12038 332149031
12039 332192891
12040 332232959
12041 332252821
12042 332335319
12043 332371849
12044 332397139
12045 332506711
12046 332513609
12047 332528681
12048 332534309
12049 332660611
12050 332677271
12051 332713621
12052 332737429
12053 332741701
12054 332743963
12055 332747291
12056 332766397
12057 332830409
12058 332833321
12059 332838973
12060 332868743
12061 332914619
12062 332932147
12063 332939977
12064 333038701
12065 333161173
12066 333193109
12067 333204629
12068 333232831
12069 333234431
12070 333273991
12071 333275311
12072 333357491
12073 333375037
12074 333401941
12075 333521821
12076 333523409
12077 333538159
12078 333633973
12079 333656329
12080 333666371
12081 333673933
12082 333790409
12083 333800339
12084 333825259
12085 333961429
12086 334013411
12087 334227511
12088 334347037
12089 334437529
12090 334448857
12091 334470029
12092 334525781
12093 334533119
12094 334542157
12095 334564339
12096 334612319
12097 334632209
12098 334646329
12099 334691587
12100 334722337
12101 334723639
12102 334861481
12103 334868813
12104 334871983
12105 334929187
12106 335006311
12107 335020801
12108 335064649
12109 335079139
12110 335089129
12111 335131619
12112 335150339
12113 335170111
12114 335197813
12115 335212529
12116 335231609
12117 335252909
12118 335254691
12119 335303911
12120 335317819
12121 335427439
12122 335470501
12123 335640247
12124 335740501
12125 335777503
12126 335809091
12127 336048121
12128 336061001
12129 336131993
12130 336145057
12131 336244301
12132 336255349
12133 336273121
12134 336281311
12135 336282259
12136 336366229
12137 336380111
12138 336394271
12139 336445933
12140 336492229
12141 336493181
12142 336503891
12143 336604871
12144 336616249
12145 336621001
12146 336640321
12147 336681973
12148 336713719
12149 336728377
12150 336766553
12151 336840697
12152 336917803
12153 336950857
12154 337075339
12155 337142411
12156 337164031
12157 337165111
12158 337187009
12159 337199813
12160 337226221
12161 337229471
12162 337251157
12163 337270639
12164 337275209
12165 337333943
12166 337383191
12167 337421309
12168 337434697
12169 337443923
12170 337531459
12171 337545001
12172 337563049
12173 337640021
12174 337730629
12175 337761667
12176 337811609
12177 337824757
12178 337844081
12179 337847633
12180 337854019
12181 337910047
12182 337967771
12183 337968053
12184 338005319
12185 338129497
12186 338223601
12187 338228381
12188 338253491
12189 338254409
12190 338257813
12191 338284109
12192 338333629
12193 338344249
12194 338421953
12195 338452481
12196 338460011
12197 338471677
12198 338526119
12199 338536853
12200 338547019
12201 338561291
12202 338569691
12203 338604619
12204 338605159
12205 338618197
12206 338641481
12207 338643049
12208 338690197
12209 338700511
12210 338711449
12211 338836733
12212 338885629
12213 339080771
12214 339163249
12215 339180301
12216 339289871
12217 339305009
12218 339370391
12219 339435119
12220 339526387
12221 339595057
12222 339676639
12223 339678893
12224 339682267
12225 339700729
12226 339730571
12227 339847253
12228 339872077
12229 339951613
12230 340063921
12231 340075111
12232 340135141
12233 340198409
12234 340222919
12235 340237537
12236 340279519
12237 340322231
12238 340332757
12239 340353329
12240 340423949
12241 340424111
12242 340519549
12243 340552319
12244 340557031
12245 340561919
12246 340585339
12247 340588019
12248 340641419
12249 340766471
12250 340827419
12251 340840537
12252 340841909
12253 340897553
12254 340932791
12255 340965973
12256 340982381
12257 340999613
12258 341022961
12259 341038993
12260 341070731
12261 341091721
12262 341134657
12263 341226121
12264 341254531
12265 341293501
12266 341374057
12267 341376509
12268 341421757
12269 341424329
12270 341453011
12271 341460101
12272 341483609
12273 341495963
12274 341504201
12275 341513647
12276 341542601
12277 341615437
12278 341746973
12279 341768467
12280 341771047
12281 341824237
12282 341833819
12283 341865371
12284 341888543
12285 341889157
12286 341904247
12287 341906009
12288 341924021
12289 341961787
12290 341966029
12291 341978633
12292 342063329
12293 342163993
12294 342178339
12295 342209701
12296 342223709
12297 342249211
12298 342283147
12299 342354601
12300 342358201
12301 342425431
12302 342451139
12303 342481639
12304 342540301
12305 342548329
12306 342659287
12307 342662609
12308 342667019
12309 342782309
12310 342792371
12311 342804221
12312 342817777
12313 342824519
12314 342942877
12315 342952111
12316 342996881
12317 343006051
12318 343043821
12319 343044901
12320 343192211
12321 343216919
12322 343253321
12323 343266439
12324 343273709
12325 343279943
12326 343309619
12327 343366519
12328 343376101
12329 343397029
12330 343551157
12331 343556963
12332 343563419
12333 343619291
12334 343661519
12335 343681319
12336 343731991
12337 343773667
12338 343895633
12339 343917319
12340 344013311
12341 344060737
12342 344065121
12343 344099377
12344 344174359
12345 344226331
12346 344248687
12347 344371301
12348 344405521
12349 344492963
12350 344534681
12351 344537059
12352 344543449
12353 344564963
12354 344610631
12355 344622881
12356 344667097
12357 344672149
12358 344673191
12359 344679067
12360 344737109
12361 344778067
12362 344828467
12363 344838833
12364 344886881
12365 344968523
12366 344983733
12367 344994791
12368 345007331
12369 345017909
12370 345057697
12371 345084301
12372 345088657
12373 345108331
12374 345120311
12375 345156439
12376 345169567
12377 345211501
12378 345260501
12379 345309101
12380 345316639
12381 345340201
12382 345343549
12383 345344047
12384 345413909
12385 345414973
12386 345434449
12387 345448813
12388 345489533
12389 345505109
12390 345521749
12391 345522337
12392 345541549
12393 345656119
12394 345690973
12395 345794413
12396 345807191
12397 345844271
12398 345871657
12399 345874553
12400 345955823
12401 346106963
12402 346166497
12403 346271993
12404 346292587
12405 346316609
12406 346327159
12407 346340749
12408 346406009
12409 346413209
12410 346492129
12411 346542439
12412 346574803
12413 346641439
12414 346643963
12415 346649453
12416 346656097
12417 346661767
12418 346705571
12419 346771129
12420 346800029
12421 346800791
12422 346806319
12423 346852567
12424 346861181
12425 346890703
12426 346999853
12427 347012111
12428 347021711
12429 347136619
12430 347156309
12431 347162131
12432 347173391
12433 347212357
12434 347225009
12435 347303129
12436 347308111
12437 347314147
12438 347316121
12439 347330309
12440 347344519
12441 347420257
12442 347464963
12443 347473657
12444 347542021
12445 347553281
12446 347566357
12447 347600749
12448 347711887
12449 347742139
12450 347818733
12451 347891839
12452 347952457
12453 348046249
12454 348071221
12455 348081619
12456 348151301
12457 348173587
12458 348183487
12459 348214709
12460 348233401
12461 348243619
12462 348251719
12463 348255119
12464 348271993
12465 348286823
12466 348392377
12467 348398957
12468 348456071
12469 348481853
12470 348528097
12471 348666713
12472 348686243
12473 348692543
12474 348773891
12475 348794681
12476 348835951
12477 348869509
12478 348882533
12479 348906277
12480 348940477
12481 348954791
12482 348975709
12483 348994339
12484 349013101
12485 349014157
12486 349015301
12487 349023809
12488 349058713
12489 349075109
12490 349112611
12491 349117159
12492 349118101
12493 349247557
12494 349310501
12495 349323349
12496 349380049
12497 349436119
12498 349443667
12499 349455097
12500 349469243
12501 349533913
12502 349538503
12503 349583987
12504 349605049
12505 349614371
12506 349642567
12507 349831297
12508 349861177
12509 349877929
12510 350066701
12511 350071273
12512 350149231
12513 350218229
12514 350250809
12515 350257057
12516 350309749
12517 350343859
12518 350405609
12519 350527109
12520 350561011
12521 350613811
12522 350706337
12523 350712031
12524 350757139
12525 350790211
12526 350801021
12527 350901631
12528 350965039
12529 350979443
12530 351049057
12531 351064139
12532 351068539
12533 351078011
12534 351129029
12535 351174157
12536 351174953
12537 351176519
12538 351184237
12539 351247147
12540 351282739
12541 351298271
12542 351303221
12543 351348671
12544 351372649
12545 351387973
12546 351392021
12547 351403721
12548 351432901
12549 351471649
12550 351504859
12551 351509401
12552 351510931
12553 351531031
12554 351546101
12555 351548381
12556 351583249
12557 351633511
12558 351705209
12559 351718391
12560 351731257
12561 351891139
12562 351926587
12563 352045801
12564 352046983
12565 352137791
12566 352157111
12567 352245337
12568 352355449
12569 352406963
12570 352475329
12571 352514347
12572 352569703
12573 352634719
12574 352640909
12575 352652719
12576 352717867
12577 352815121
12578 352827191
12579 352830337
12580 352840871
12581 352855109
12582 352856197
12583 352875097
12584 352917119
12585 352976453
12586 352996967
12587 353022847
12588 353067349
12589 353089567
12590 353119411
12591 353191781
12592 353204647
12593 353207611
12594 353218147
12595 353255131
12596 353255311
12597 353270521
12598 353286001
12599 353316511
12600 353320831
12601 353371691
12602 353378843
12603 353428429
12604 353516131
12605 353518201
12606 353541311
12607 353605237
12608 353633009
12609 353696633
12610 353765557
12611 353816497
12612 353881181
12613 353898143
12614 353915923
12615 353933219
12616 353958067
12617 353979581
12618 353980129
12619 354000701
12620 354031747
12621 354046109
12622 354136109
12623 354158923
12624 354240011
12625 354252029
12626 354299453
12627 354307411
12628 354407971
12629 354413309
12630 354423829
12631 354477367
12632 354479413
12633 354617149
12634 354633101
12635 354661339
12636 354666457
12637 354696403
12638 354785633
12639 354807209
12640 354877613
12641 354912697
12642 354916813
12643 354922993
12644 354952181
12645 354952567
12646 355010701
12647 355027121
12648 355032121
12649 355050239
12650 355109137
12651 355117871
12652 355131901
12653 355140329
12654 355166381
12655 355246597
12656 355260809
12657 355275191
12658 355288553
12659 355289929
12660 355304347
12661 355334047
12662 355334519
12663 355477513
12664 355654219
12665 355704581
12666 355758157
12667 355814059
12668 355885213
12669 355997783
12670 356021131
12671 356053031
12672 356055509
12673 356057239
12674 356084101
12675 356103031
12676 356105891
12677 356155777
12678 356248091
12679 356251619
12680 356254933
12681 356321101
12682 356333449
12683 356398213
12684 356406671
12685 356424671
12686 356466743
12687 356481487
12688 356613211
12689 356628367
12690 356631439
12691 356640419
12692 356650001
12693 356654029
12694 356659871
12695 356680477
12696 356981077
12697 357013409
12698 357106619
12699 357108259
12700 357133109
12701 357141209
12702 357251887
12703 357266197
12704 357271339
12705 357391129
12706 357415867
12707 357463109
12708 357463181
12709 357466951
12710 357491119
12711 357711923
12712 357721249
12713 357925177
12714 357982871
12715 358015709
12716 358030531
12717 358042459
12718 358073101
12719 358101547
12720 358134943
12721 358212739
12722 358253419
12723 358271983
12724 358293367
12725 358320331
12726 358336091
12727 358343149
12728 358357997
12729 358368713
12730 358400501
12731 358403993
12732 358485623
12733 358557403
12734 358622309
12735 358692403
12736 358705091
12737 358711777
12738 358714219
12739 358720249
12740 358747343
12741 358817813
12742 358828343
12743 358869551
12744 358936343
12745 359060137
12746 359080159
12747 359103809
12748 359143319
12749 359168891
12750 359177257
12751 359295791
12752 359317657
12753 359325191
12754 359335297
12755 359425181
12756 359495153
12757 359505577
12758 359528987
12759 359599271
12760 359616457
12761 359631229
12762 359633753
12763 359641853
12764 359747771
12765 359757581
12766 359763829
12767 359776939
12768 359888209
12769 359895113
12770 359924891
12771 359949683
12772 360048421
12773 360087349
12774 360124411
12775 360156311
12776 360175729
12777 360205949
12778 360206083
12779 360223121
12780 360244849
12781 360247231
12782 360262801
12783 360312041
12784 360319147
12785 360346211
12786 360388129
12787 360407129
12788 360453791
12789 360563887
12790 360579743
12791 360581681
12792 360612859
12793 360652619
12794 360688997
12795 360729119
12796 360760709
12797 360781571
12798 360802919
12799 360823871
12800 360827587
12801 360914201
12802 360936049
12803 360951697
12804 361030421
12805 361033501
12806 361053239
12807 361078339
12808 361146029
12809 361172983
12810 361187963
12811 361204709
12812 361224239
12813 361247449
12814 361324531
12815 361346971
12816 361353221
12817 361439101
12818 361451309
12819 361457059
12820 361480459
12821 361619059
12822 361640819
12823 361711421
12824 361736471
12825 361809281
12826 361834973
12827 361853497
12828 361907309
12829 361927567
12830 361940609
12831 361942409
12832 361991803
12833 362046247
12834 362068339
12835 362090129
12836 362098271
12837 362103151
12838 362156681
12839 362160419
12840 362204911
12841 362243891
12842 362272619
12843 362291359
12844 362291681
12845 362313031
12846 362344211
12847 362359477
12848 362364581
12849 362391259
12850 362438497
12851 362571439
12852 362611021
12853 362611357
12854 362674297
12855 362705401
12856 362868533
12857 362917019
12858 362987591
12859 363064411
12860 363208231
12861 363254009
12862 363257677
12863 363269009
12864 363279071
12865 363303631
12866 363331711
12867 363402983
12868 363409021
12869 363480031
12870 363503219
12871 363507301
12872 363508933
12873 363530347
12874 363565297
12875 363567613
12876 363613121
12877 363662239
12878 363668813
12879 363707497
12880 363728467
12881 363786443
12882 363837743
12883 363851857
12884 363948313
12885 363996233
12886 364032637
12887 364050983
12888 364074259
12889 364090301
12890 364108963
12891 364118609
12892 364140031
12893 364142321
12894 364160129
12895 364169119
12896 364169467
12897 364192201
12898 364203901
12899 364218671
12900 364240801
12901 364309159
12902 364321537
12903 364380509
12904 364412611
12905 364511039
12906 364515121
12907 364591853
12908 364603781
12909 364614697
12910 364615429
12911 364627297
12912 364668713
12913 364680229
12914 364730797
12915 364760329
12916 364778203
12917 364783513
12918 364879481
12919 364885343
12920 365007791
12921 365051431
12922 365057471
12923 365111311
12924 365332871
12925 365366377
12926 365397353
12927 365420129
12928 365479871
12929 365560319
12930 365561059
12931 365563567
12932 365570419
12933 365590567
12934 365644567
12935 365688053
12936 365688671
12937 365803429
12938 365830319
12939 365839871
12940 365853071
12941 365861803
12942 365903059
12943 365933377
12944 365961019
12945 366025109
12946 366036037
12947 366045671
12948 366050611
12949 366061411
12950 366113431
12951 366149843
12952 366265091
12953 366274567
12954 366300509
12955 366303739
12956 366309487
12957 366330511
12958 366373853
12959 366460571
12960 366493513
12961 366577639
12962 366590171
12963 366696947
12964 366801529
12965 366993413
12966 367014511
12967 367111111
12968 367113119
12969 367225409
12970 367225933
12971 367229803
12972 367271329
12973 367325059
12974 367343329
12975 367453477
12976 367740577
12977 367821973
12978 367855871
12979 367906951
12980 367933087
12981 367939609
12982 367983439
12983 368006591
12984 368030347
12985 368155387
12986 368187881
12987 368230691
12988 368262001
12989 368310401
12990 368344297
12991 368388851
12992 368450587
12993 368458523
12994 368505913
12995 368560853
12996 368890303
12997 368974939
12998 369062219
12999 369144577
13000 369150211
13001 369224983
13002 369226387
13003 369250201
13004 369252049
13005 369254843
13006 369257543
13007 369343019
13008 369479329
13009 369493871
13010 369528403
13011 369549013
13012 369558143
13013 369698753
13014 369723703
13015 369815723
13016 369938381
13017 369954581
13018 369984863
13019 370020901
13020 370068037
13021 370091521
13022 370195993
13023 370240231
13024 370310701
13025 370412083
13026 370432511
13027 370461209
13028 370470809
13029 370480147
13030 370486297
13031 370491259
13032 370507237
13033 370536619
13034 370566913
13035 370618319
13036 370655587
13037 370664309
13038 370750109
13039 370751449
13040 370792813
13041 370830829
13042 370838843
13043 370845229
13044 370873039
13045 370886543
13046 370914697
13047 370924409
13048 370975643
13049 370995739
13050 371003819
13051 371014411
13052 371033939
13053 371055331
13054 371064209
13055 371065729
13056 371070701
13057 371073809
13058 371085419
13059 371141429
13060 371209459
13061 371221657
13062 371274961
13063 371279081
13064 371309221
13065 371311631
13066 371389553
13067 371416109
13068 371493139
13069 371494219
13070 371513321
13071 371514601
13072 371538319
13073 371649277
13074 371673139
13075 371687453
13076 371800537
13077 371839733
13078 371862397
13079 371868067
13080 371905519
13081 371912953
13082 371933011
13083 371977967
13084 372024547
13085 372054719
13086 372143983
13087 372174211
13088 372229687
13089 372317311
13090 372403111
13091 372416311
13092 372480011
13093 372507943
13094 372513209
13095 372542971
13096 372588313
13097 372590381
13098 372607201
13099 372626101
13100 372634391
13101 372740201
13102 372807397
13103 372826567
13104 372906049
13105 372925271
13106 372930697
13107 373027819
13108 373108019
13109 373165993
13110 373166011
13111 373222319
13112 373247101
13113 373271021
13114 373340431
13115 373509757
13116 373527191
13117 373537477
13118 373559839
13119 373574171
13120 373614011
13121 373634587
13122 373636129
13123 373663813
13124 373671913
13125 373810781
13126 373871119
13127 373890613
13128 373939729
13129 373967591
13130 373998371
13131 373999091
13132 374008031
13133 374048329
13134 374065319
13135 374072047
13136 374138419
13137 374151131
13138 374162311
13139 374226301
13140 374249933
13141 374320021
13142 374409001
13143 374463371
13144 374496931
13145 374609197
13146 374638177
13147 374646367
13148 374680219
13149 374755553
13150 374761091
13151 374881513
13152 374895233
13153 374916277
13154 374967053
13155 375054961
13156 375133019
13157 375136933
13158 375181867
13159 375288791
13160 375303157
13161 375359723
13162 375361249
13163 375366743
13164 375436091
13165 375522619
13166 375579851
13167 375587911
13168 375600809
13169 375673267
13170 375691553
13171 375725803
13172 375744653
13173 375746543
13174 375782453
13175 375811159
13176 375843613
13177 375881167
13178 375897191
13179 375910933
13180 376023001
13181 376027571
13182 376141943
13183 376175803
13184 376201447
13185 376243159
13186 376334923
13187 376437097
13188 376446703
13189 376601311
13190 376602301
13191 376604471
13192 376608019
13193 376615181
13194 376667771
13195 376762513
13196 376803139
13197 376922753
13198 376980313
13199 377079067
13200 377114629
13201 377135149
13202 377173567
13203 377181281
13204 377289233
13205 377313439
13206 377314159
13207 377334119
13208 377385623
13209 377437087
13210 377472457
13211 377523229
13212 377548921
13213 377646443
13214 377662177
13215 377672413
13216 377781829
13217 377895919
13218 377953253
13219 377955323
13220 377967683
13221 378046091
13222 378063319
13223 378120991
13224 378127109
13225 378182009
13226 378201881
13227 378255653
13228 378271219
13229 378301109
13230 378375313
13231 378389873
13232 378426071
13233 378441757
13234 378456977
13235 378478223
13236 378497291
13237 378526823
13238 378530149
13239 378582623
13240 378599483
13241 378608257
13242 378653813
13243 378698261
13244 378848419
13245 378871967
13246 378919661
13247 378938561
13248 378943921
13249 379094941
13250 379101719
13251 379159691
13252 379178243
13253 379214239
13254 379275881
13255 379342129
13256 379350229
13257 379520923
13258 379633733
13259 379637809
13260 379675481
13261 379708613
13262 379713097
13263 379764053
13264 379814453
13265 379839113
13266 379862333
13267 379879289
13268 379881053
13269 379894909
13270 379981223
13271 380009411
13272 380044447
13273 380069149
13274 380072701
13275 380094439
13276 380113529
13277 380114201
13278 380181001
13279 380182619
13280 380226421
13281 380260537
13282 380295319
13283 380317549
13284 380383481
13285 380402131
13286 380426359
13287 380462359
13288 380525953
13289 380538577
13290 380539039
13291 380631337
13292 380638567
13293 380727667
13294 380828171
13295 380875087
13296 380916667
13297 380919703
13298 380935567
13299 380968781
13300 380980657
13301 381018973
13302 381027337
13303 381040619
13304 381152983
13305 381153001
13306 381157159
13307 381184777
13308 381221609
13309 381238687
13310 381316321
13311 381349477
13312 381388643
13313 381466181
13314 381534983
13315 381552923
13316 381568177
13317 381633509
13318 381649357
13319 381673091
13320 381681577
13321 381698153
13322 381726757
13323 381727219
13324 381778967
13325 381842309
13326 381854009
13327 381868343
13328 381906487
13329 381948353
13330 382004731
13331 382026401
13332 382050073
13333 382109719
13334 382115611
13335 382126691
13336 382149319
13337 382200151
13338 382220221
13339 382230929
13340 382258477
13341 382269367
13342 382335439
13343 382439287
13344 382442681
13345 382491757
13346 382506101
13347 382508471
13348 382633249
13349 382677403
13350 382714391
13351 382725139
13352 382774643
13353 382781713
13354 382790029
13355 382810963
13356 382813201
13357 382831409
13358 382864357
13359 382905577
13360 382952029
13361 382990997
13362 383090221
13363 383104973
13364 383141909
13365 383170709
13366 383201821
13367 383209391
13368 383217259
13369 383273419
13370 383275181
13371 383301859
13372 383306047
13373 383328397
13374 383331719
13375 383345239
13376 383352509
13377 383372923
13378 383518903
13379 383589413
13380 383606011
13381 383614993
13382 383619653
13383 383640671
13384 383764643
13385 383906557
13386 383928791
13387 383958053
13388 383997409
13389 384104839
13390 384254963
13391 384258187
13392 384262429
13393 384507397
13394 384650587
13395 384709939
13396 384746543
13397 384785911
13398 384801121
13399 384822209
13400 384859799
13401 384884719
13402 385051619
13403 385057903
13404 385073497
13405 385086019
13406 385111919
13407 385194703
13408 385221401
13409 385290667
13410 385324409
13411 385336657
13412 385503961
13413 385591267
13414 385598651
13415 385650119
13416 385774253
13417 385779773
13418 385812487
13419 385897219
13420 385910219
13421 386034031
13422 386111659
13423 386309713
13424 386407271
13425 386422159
13426 386458871
13427 386676893
13428 386725553
13429 386749973
13430 386758481
13431 386771167
13432 386870167
13433 386989489
13434 387091657
13435 387153913
13436 387172109
13437 387308029
13438 387344557
13439 387368153
13440 387414281
13441 387482413
13442 387534187
13443 387563167
13444 387693323
13445 387794929
13446 387869959
13447 387893329
13448 387969691
13449 387981233
13450 387996781
13451 387999089
13452 388006519
13453 388039357
13454 388046119
13455 388099043
13456 388130401
13457 388154119
13458 388193941
13459 388216963
13460 388231001
13461 388234039
13462 388326187
13463 388374353
13464 388399699
13465 388441219
13466 388584709
13467 388717781
13468 388780057
13469 388916153
13470 388918883
13471 388924967
13472 389011981
13473 389014391
13474 389014973
13475 389032249
13476 389050429
13477 389053963
13478 389077343
13479 389087911
13480 389097323
13481 389111629
13482 389121419
13483 389122973
13484 389171009
13485 389230571
13486 389231149
13487 389231419
13488 389327077
13489 389476391
13490 389537243
13491 389538761
13492 389546513
13493 389579689
13494 389681681
13495 389695181
13496 389700001
13497 389731733
13498 389950343
13499 389979391
13500 389982599
13501 390005821
13502 390028109
13503 390148201
13504 390153331
13505 390271709
13506 390280871
13507 390392381
13508 390416519
13509 390419291
13510 390429371
13511 390450029
13512 390473767
13513 390503011
13514 390586643
13515 390597791
13516 390604691
13517 390605519
13518 390639833
13519 390675367
13520 390711973
13521 390763019
13522 390773029
13523 390812111
13524 390842239
13525 390859871
13526 390919513
13527 390954833
13528 390996143
13529 391098457
13530 391109449
13531 391121083
13532 391135109
13533 391200241
13534 391245031
13535 391307629
13536 391309777
13537 391350991
13538 391368457
13539 391372571
13540 391469257
13541 391477357
13542 391512029
13543 391513691
13544 391520257
13545 391525993
13546 391541009
13547 391565843
13548 391576553
13549 391582903
13550 391605301
13551 391641101
13552 391645091
13553 391666267
13554 391726091
13555 391799651
13556 391808029
13557 391823059
13558 391939819
13559 392009719
13560 392012557
13561 392041849
13562 392086477
13563 392188087
13564 392205029
13565 392205719
13566 392235671
13567 392244301
13568 392280983
13569 392300221
13570 392308481
13571 392320601
13572 392376097
13573 392428657
13574 392559157
13575 392561419
13576 392598581
13577 392605201
13578 392636287
13579 392666167
13580 392707019
13581 392713973
13582 392720221
13583 392804471
13584 392945257
13585 393004537
13586 393005309
13587 393007231
13588 393041101
13589 393052871
13590 393067019
13591 393076129
13592 393111611
13593 393113411
13594 393135671
13595 393135877
13596 393188813
13597 393236219
13598 393244519
13599 393308497
13600 393372319
13601 393378977
13602 393403639
13603 393460201
13604 393516667
13605 393520019
13606 393570119
13607 393578153
13608 393704329
13609 393707467
13610 393729971
13611 393731983
13612 393740471
13613 393765623
13614 393832039
13615 393856613
13616 394003229
13617 394060897
13618 394258087
13619 394290667
13620 394338277
13621 394422943
13622 394438951
13623 394468691
13624 394525297
13625 394527703
13626 394570567
13627 394583543
13628 394599683
13629 394638313
13630 394639781
13631 394669003
13632 394698683
13633 394735603
13634 394783967
13635 394839439
13636 394890403
13637 394981781
13638 395090497
13639 395132359
13640 395196533
13641 395298413
13642 395305249
13643 395332687
13644 395458639
13645 395569799
13646 395592403
13647 395634097
13648 395714029
13649 395735257
13650 395758313
13651 395785799
13652 395786329
13653 395836691
13654 395849213
13655 395869589
13656 396022709
13657 396036757
13658 396070001
13659 396081281
13660 396087353
13661 396136297
13662 396153139
13663 396202501
13664 396250409
13665 396251983
13666 396252001
13667 396277729
13668 396367523
13669 396448343
13670 396460657
13671 396539719
13672 396611381
13673 396693013
13674 396707503
13675 396714457
13676 396715997
13677 396753353
13678 396830843
13679 396846581
13680 396868699
13681 396874043
13682 396905813
13683 396949219
13684 396951713
13685 396955571
13686 397019197
13687 397156267
13688 397186729
13689 397195613
13690 397206209
13691 397315903
13692 397379239
13693 397487213
13694 397489181
13695 397500787
13696 397638893
13697 397683529
13698 397690871
13699 397726057
13700 397744213
13701 397759181
13702 397800049
13703 397823453
13704 397887653
13705 397919419
13706 397968161
13707 398011459
13708 398028097
13709 398069153
13710 398115191
13711 398117287
13712 398257523
13713 398302319
13714 398519113
13715 398548133
13716 398575313
13717 398585123
13718 398689799
13719 398790143
13720 398792651
13721 398803733
13722 398805931
13723 398832713
13724 398856229
13725 399022159
13726 399032677
13727 399079391
13728 399117457
13729 399151019
13730 399245633
13731 399427921
13732 399482243
13733 399516157
13734 399666977
13735 399763223
13736 399841613
13737 399899089
13738 399952571
13739 399983957
13740 400007089
13741 400007821
13742 400038809
13743 400049801
13744 400051693
13745 400064293
13746 400136411
13747 400165231
13748 400175401
13749 400184201
13750 400191221
13751 400293521
13752 400333931
13753 400358501
13754 400367347
13755 400407809
13756 400442501
13757 400548131
13758 400586449
13759 400602341
13760 400634737
13761 400671121
13762 400680101
13763 400696867
13764 400777571
13765 400835909
13766 400852919
13767 400853521
13768 400871839
13769 400880983
13770 400890649
13771 400903837
13772 400946771
13773 400947923
13774 401107621
13775 401122831
13776 401140541
13777 401146619
13778 401170739
13779 401189311
13780 401219519
13781 401221721
13782 401232341
13783 401288609
13784 401318041
13785 401322839
13786 401330821
13787 401331079
13788 401380747
13789 401395019
13790 401400731
13791 401426021
13792 401437919
13793 401453519
13794 401457209
13795 401468359
13796 401494231
13797 401525911
13798 401552737
13799 401580901
13800 401631151
13801 401637421
13802 401650439
13803 401685419
13804 401686249
13805 401691029
13806 401696329
13807 401784419
13808 401802041
13809 401802601
13810 401875339
13811 401914621
13812 401920709
13813 401931547
13814 401969713
13815 401983409
13816 402022189
13817 402045151
13818 402057637
13819 402080431
13820 402152141
13821 402202721
13822 402219547
13823 402225931
13824 402263557
13825 402285209
13826 402322951
13827 402345457
13828 402363631
13829 402479381
13830 402487159
13831 402491101
13832 402518749
13833 402557137
13834 402579139
13835 402628729
13836 402643229
13837 402644659
13838 402668587
13839 402698287
13840 402735401
13841 402747581
13842 402771829
13843 402775409
13844 402782719
13845 402826321
13846 402841601
13847 402842431
13848 402854449
13849 402870421
13850 402894913
13851 402952897
13852 403031731
13853 403039939
13854 403071629
13855 403157891
13856 403168501
13857 403185649
13858 403188259
13859 403221341
13860 403354447
13861 403383809
13862 403471331
13863 403507759
13864 403534801
13865 403540211
13866 403566101
13867 403566983
13868 403578229
13869 403598081
13870 403615409
13871 403621901
13872 403660139
13873 403701421
13874 403740509
13875 403848371
13876 403888951
13877 403928587
13878 403970629
13879 403971349
13880 403982309
13881 404002279
13882 404014393
13883 404014511
13884 404062657
13885 404067331
13886 404069797
13887 404072021
13888 404124151
13889 404153647
13890 404172239
13891 404200541
13892 404201593
13893 404205847
13894 404242529
13895 404325721
13896 404346511
13897 404348401
13898 404353973
13899 404369767
13900 404437109
13901 404519771
13902 404540737
13903 404545019
13904 404554639
13905 404594381
13906 404632409
13907 404633347
13908 404652421
13909 404655983
13910 404656001
13911 404714309
13912 404743211
13913 404748973
13914 404865229
13915 404899819
13916 404921611
13917 405125111
13918 405131521
13919 405144121
13920 405195943
13921 405224041
13922 405298963
13923 405334229
13924 405382031
13925 405429509
13926 405467059
13927 405492259
13928 405559129
13929 405561719
13930 405663211
13931 405686753
13932 405746101
13933 405774209
13934 405792913
13935 405805871
13936 405832709
13937 405834101
13938 405908219
13939 406032421
13940 406059509
13941 406060183
13942 406091039
13943 406101811
13944 406121231
13945 406130293
13946 406142609
13947 406331201
13948 406369987
13949 406370231
13950 406444057
13951 406476281
13952 406508449
13953 406647209
13954 406682291
13955 406683209
13956 406817381
13957 406824211
13958 406841009
13959 406864109
13960 406882477
13961 406926049
13962 406991029
13963 407012611
13964 407034631
13965 407121283
13966 407149111
13967 407166581
13968 407201831
13969 407234521
13970 407240131
13971 407303621
13972 407340509
13973 407351891
13974 407367119
13975 407395477
13976 407409349
13977 407413849
13978 407420609
13979 407467219
13980 407470411
13981 407473687
13982 407486081
13983 407506459
13984 407550991
13985 407566219
13986 407622119
13987 407632501
13988 407674109
13989 407760877
13990 407802809
13991 407835139
13992 407883019
13993 407956177
13994 407966077
13995 407999873
13996 408000079
13997 408027331
13998 408049429
13999 408062437
14000 408062983
14001 408110701
14002 408134039
14003 408148159
14004 408223357
14005 408322357
14006 408336491
14007 408475297
14008 408483913
14009 408491219
14010 408529813
14011 408544481
14012 408552301
14013 408563677
14014 408564577
14015 408684833
14016 408706973
14017 408717229
14018 408754019
14019 408784997
14020 408801157
14021 408922933
14022 408945703
14023 409020719
14024 409027109
14025 409058219
14026 409078129
14027 409123711
14028 409150201
14029 409228409
14030 409237429
14031 409268843
14032 409290121
14033 409321021
14034 409329953
14035 409367467
14036 409415681
14037 409438567
14038 409448029
14039 409507001
14040 409535963
14041 409555129
14042 409560259
14043 409586413
14044 409625497
14045 409665833
14046 409710559
14047 409713419
14048 409730221
14049 409748503
14050 409820771
14051 409882997
14052 409887671
14053 409896581
14054 409979789
14055 410175901
14056 410246339
14057 410279629
14058 410403251
14059 410419021
14060 410461811
14061 410548729
14062 410645891
14063 410721757
14064 410797853
14065 410798197
14066 410862719
14067 410960659
14068 410986567
14069 411062819
14070 411064921
14071 411088501
14072 411109619
14073 411124739
14074 411149929
14075 411168649
14076 411178147
14077 411183239
14078 411214801
14079 411253529
14080 411260321
14081 411260819
14082 411293011
14083 411294029
14084 411333931
14085 411367549
14086 411450421
14087 411493031
14088 411522931
14089 411542531
14090 411581431
14091 411588371
14092 411612821
14093 411663029
14094 411687667
14095 411692401
14096 411699097
14097 411750211
14098 411781639
14099 411795973
14100 411817871
14101 411837983
14102 411838001
14103 411886219
14104 411948487
14105 411952301
14106 411969923
14107 411988513
14108 412032701
14109 412054051
14110 412086029
14111 412089011
14112 412128811
14113 412138319
14114 412153631
14115 412175611
14116 412188349
14117 412197509
14118 412246409
14119 412275119
14120 412294501
14121 412310971
14122 412338337
14123 412357871
14124 412374829
14125 412412431
14126 412412909
14127 412440241
14128 412482221
14129 412513631
14130 412544257
14131 412602539
14132 412668371
14133 412718519
14134 412738973
14135 412751501
14136 412755037
14137 412806809
14138 412810529
14139 412874923
14140 412904521
14141 412942619
14142 413009083
14143 413047993
14144 413051729
14145 413059501
14146 413068639
14147 413094001
14148 413095231
14149 413128201
14150 413153519
14151 413159137
14152 413163637
14153 413183839
14154 413185109
14155 413218801
14156 413224501
14157 413226239
14158 413242031
14159 413253329
14160 413313847
14161 413400811
14162 413402921
14163 413413411
14164 413445029
14165 413446963
14166 413470801
14167 413494429
14168 413525701
14169 413543659
14170 413557973
14171 413576329
14172 413591131
14173 413616131
14174 413626019
14175 413626943
14176 413655787
14177 413718923
14178 413742247
14179 413742559
14180 413765419
14181 413776963
14182 413781877
14183 413821711
14184 413877097
14185 413917993
14186 413938477
14187 413950729
14188 413960719
14189 413964667
14190 414021583
14191 414060601
14192 414077519
14193 414085709
14194 414092611
14195 414111541
14196 414160121
14197 414165337
14198 414178201
14199 414197219
14200 414240821
14201 414263909
14202 414284359
14203 414294983
14204 414295001
14205 414314311
14206 414355321
14207 414355639
14208 414363401
14209 414396209
14210 414465301
14211 414467149
14212 414520411
14213 414526709
14214 414550111
14215 414812347
14216 414902347
14217 414914047
14218 414921719
14219 414926219
14220 414941609
14221 414959453
14222 415006301
14223 415024439
14224 415033231
14225 415044011
14226 415058797
14227 415115429
14228 415145749
14229 415183057
14230 415185031
14231 415199713
14232 415257509
14233 415281511
14234 415299961
14235 415345981
14236 415417411
14237 415445311
14238 415463137
14239 415479833
14240 415558219
14241 415623881
14242 415664857
14243 415740601
14244 415849939
14245 415904681
14246 415931591
14247 415947703
14248 416101711
14249 416106073
14250 416119709
14251 416152021
14252 416153701
14253 416213429
14254 416216309
14255 416234521
14256 416236501
14257 416293571
14258 416299603
14259 416326121
14260 416381201
14261 416412701
14262 416415809
14263 416438677
14264 416520457
14265 416520631
14266 416552131
14267 416618291
14268 416624953
14269 416662409
14270 416679313
14271 416707391
14272 416713019
14273 416840401
14274 416904101
14275 416942587
14276 417037729
14277 417110231
14278 417115409
14279 417132239
14280 417133021
14281 417240121
14282 417273697
14283 417294487
14284 417316729
14285 417328159
14286 417356923
14287 417390943
14288 417457387
14289 417473963
14290 417509419
14291 417527309
14292 417534581
14293 417544571
14294 417601021
14295 417637387
14296 417682219
14297 417718853
14298 417721729
14299 417735049
14300 417796303
14301 417810559
14302 417819277
14303 417862219
14304 417874997
14305 417894881
14306 417896113
14307 418003051
14308 418014983
14309 418030183
14310 418048777
14311 418189913
14312 418244311
14313 418263943
14314 418303531
14315 418351501
14316 418372973
14317 418386071
14318 418517923
14319 418531147
14320 418533259
14321 418547197
14322 418555477
14323 418611209
14324 418652963
14325 418671191
14326 418762567
14327 418778861
14328 418806281
14329 418968413
14330 419002141
14331 419014801
14332 419039149
14333 419050201
14334 419065001
14335 419079457
14336 419094667
14337 419118619
14338 419129857
14339 419147419
14340 419211329
14341 419239903
14342 419243771
14343 419263409
14344 419279543
14345 419433439
14346 419434159
14347 419443777
14348 419444329
14349 419515249
14350 419551933
14351 419586313
14352 419586977
14353 419624239
14354 419702047
14355 419710321
14356 419734813
14357 419758343
14358 419773997
14359 419777681
14360 419781367
14361 419808833
14362 419857213
14363 419897329
14364 419913191
14365 419964067
14366 420007739
14367 420035921
14368 420043829
14369 420053701
14370 420140621
14371 420179609
14372 420245911
14373 420267209
14374 420352721
14375 420377681
14376 420451921
14377 420461609
14378 420471547
14379 420482611
14380 420532501
14381 420544801
14382 420573337
14383 420579119
14384 420584993
14385 420613657
14386 420688019
14387 420746933
14388 420751021
14389 420882529
14390 420896171
14391 421003651
14392 421031939
14393 421045211
14394 421068511
14395 421073339
14396 421076963
14397 421083721
14398 421088359
14399 421119239
14400 421187681
14401 421192021
14402 421249819
14403 421299757
14404 421308721
14405 421325083
14406 421339729
14407 421404283
14408 421404719
14409 421455337
14410 421460621
14411 421553129
14412 421578757
14413 421672019
14414 421758229
14415 421792409
14416 421944619
14417 421971037
14418 421997453
14419 422003711
14420 422051473
14421 422074511
14422 422120089
14423 422159629
14424 422161121
14425 422167729
14426 422200981
14427 422241221
14428 422272531
14429 422311919
14430 422315939
14431 422334329
14432 422381129
14433 422438971
14434 422499703
14435 422544719
14436 422570521
14437 422570839
14438 422586973
14439 422642257
14440 422671121
14441 422788357
14442 422840701
14443 422860709
14444 422950109
14445 422998921
14446 423019139
14447 423021631
14448 423023819
14449 423076321
14450 423093337
14451 423148057
14452 423183953
14453 423300961
14454 423351611
14455 423379181
14456 423405547
14457 423410341
14458 423435601
14459 423533909
14460 423542891
14461 423556481
14462 423613601
14463 423642719
14464 423651001
14465 423790319
14466 423814639
14467 423905719
14468 423906983
14469 424016731
14470 424081421
14471 424099297
14472 424107329
14473 424151131
14474 424163659
14475 424217309
14476 424264871
14477 424380157
14478 424416337
14479 424429249
14480 424535519
14481 424546777
14482 424625449
14483 424671581
14484 424672481
14485 424738129
14486 424742221
14487 424773119
14488 424780973
14489 424782191
14490 424801511
14491 424910039
14492 424960021
14493 424972813
14494 425016611
14495 425033519
14496 425074459
14497 425083871
14498 425191729
14499 425200801
14500 425211757
14501 425214721
14502 425245501
14503 425267419
14504 425271331
14505 425337509
14506 425353963
14507 425380019
14508 425382787
14509 425473339
14510 425661581
14511 425682371
14512 425706031
14513 425736001
14514 425910119
14515 426020341
14516 426046057
14517 426097853
14518 426143891
14519 426146887
14520 426160621
14521 426168667
14522 426224839
14523 426231011
14524 426264121
14525 426267371
14526 426272797
14527 426300911
14528 426427409
14529 426434887
14530 426476081
14531 426498881
14532 426516121
14533 426525031
14534 426593467
14535 426633419
14536 426844181
14537 426897619
14538 426906049
14539 426919957
14540 426990367
14541 427108211
14542 427122457
14543 427208359
14544 427223701
14545 427233029
14546 427322437
14547 427334953
14548 427361201
14549 427384963
14550 427419319
14551 427440791
14552 427460797
14553 427491973
14554 427506943
14555 427523311
14556 427532719
14557 427532933
14558 427547287
14559 427551419
14560 427560983
14561 427564271
14562 427669961
14563 427736081
14564 427736377
14565 427739929
14566 427768819
14567 427894253
14568 427933567
14569 427985113
14570 428003201
14571 428028787
14572 428074391
14573 428076001
14574 428103721
14575 428177377
14576 428200121
14577 428221421
14578 428260411
14579 428262349
14580 428295187
14581 428330701
14582 428401711
14583 428484187
14584 428520739
14585 428534101
14586 428550509
14587 428554657
14588 428670667
14589 428752477
14590 428786681
14591 428815813
14592 428833129
14593 428840857
14594 428846167
14595 428878339
14596 428924843
14597 429002173
14598 429107401
14599 429113819
14600 429212257
14601 429260609
14602 429284287
14603 429322147
14604 429325111
14605 429328129
14606 429344219
14607 429401309
14608 429405671
14609 429410347
14610 429449453
14611 429459157
14612 429473377
14613 429552191
14614 429571477
14615 429639919
14616 429641983
14617 429670387
14618 429732049
14619 429791839
14620 429833557
14621 429918443
14622 429936791
14623 429964729
14624 430002731
14625 430008539
14626 430131701
14627 430162709
14628 430225837
14629 430332719
14630 430339549
14631 430342831
14632 430351709
14633 430412051
14634 430504183
14635 430533637
14636 430612411
14637 430648409
14638 430790131
14639 430847149
14640 430857913
14641 430880591
14642 430999523
14643 431003801
14644 431035921
14645 431066231
14646 431077019
14647 431084839
14648 431094337
14649 431106283
14650 431130961
14651 431132729
14652 431198239
14653 431215619
14654 431216021
14655 431250629
14656 431253701
14657 431288857
14658 431318257
14659 431364119
14660 431410621
14661 431438401
14662 431473619
14663 431500711
14664 431524001
14665 431721929
14666 431742029
14667 431812993
14668 431934983
14669 432050051
14670 432065891
14671 432075829
14672 432104831
14673 432138209
14674 432205051
14675 432229411
14676 432273649
14677 432287587
14678 432330719
14679 432335411
14680 432337729
14681 432456697
14682 432473359
14683 432481691
14684 432495281
14685 432549371
14686 432564037
14687 432590933
14688 432610093
14689 432643709
14690 432661549
14691 432678457
14692 432679939
14693 432682597
14694 432736319
14695 432753943
14696 432792487
14697 432956009
14698 432982019
14699 433002673
14700 433033721
14701 433064347
14702 433108229
14703 433125859
14704 433136909
14705 433184771
14706 433211819
14707 433221757
14708 433266259
14709 433316749
14710 433403429
14711 433422239
14712 433461739
14713 433525237
14714 433546319
14715 433559843
14716 433577029
14717 433602419
14718 433748377
14719 433773371
14720 433790677
14721 433840871
14722 433859453
14723 433879909
14724 433918567
14725 434028559
14726 434076697
14727 434138591
14728 434191897
14729 434233021
14730 434344619
14731 434351129
14732 434362963
14733 434364211
14734 434366381
14735 434432039
14736 434444449
14737 434460511
14738 434492983
14739 434561539
14740 434563973
14741 434620409
14742 434706101
14743 434761409
14744 434862049
14745 434912629
14746 434980963
14747 434992823
14748 435025319
14749 435031183
14750 435086291
14751 435107219
14752 435128201
14753 435134983
14754 435156877
14755 435169477
14756 435174101
14757 435183439
14758 435291419
14759 435296377
14760 435338011
14761 435364429
14762 435370981
14763 435426529
14764 435455983
14765 435504973
14766 435544339
14767 435566029
14768 435598253
14769 435618049
14770 435621881
14771 435672119
14772 435695413
14773 435712411
14774 435740449
14775 435809081
14776 435842963
14777 435964513
14778 435981703
14779 435987581
14780 436039687
14781 436060711
14782 436109719
14783 436111439
14784 436112801
14785 436125719
14786 436153321
14787 436160411
14788 436164961
14789 436168387
14790 436169843
14791 436196029
14792 436217311
14793 436245419
14794 436281101
14795 436320301
14796 436348853
14797 436370609
14798 436383757
14799 436414501
14800 436421039
14801 436421891
14802 436441549
14803 436450411
14804 436462111
14805 436474567
14806 436492129
14807 436516519
14808 436533301
14809 436533943
14810 436622359
14811 436654039
14812 436799381
14813 436888481
14814 436956881
14815 437072221
14816 437149903
14817 437210993
14818 437247229
14819 437344111
14820 437397533
14821 437428129
14822 437451491
14823 437553913
14824 437590091
14825 437601881
14826 437687513
14827 437693941
14828 437788339
14829 437793977
14830 437810111
14831 437955977
14832 438030521
14833 438044953
14834 438133963
14835 438170009
14836 438208391
14837 438271159
14838 438280001
14839 438492367
14840 438522211
14841 438651001
14842 438688751
14843 438693791
14844 438922903
14845 438928057
14846 438974203
14847 438984851
14848 438999383
14849 439005131
14850 439007111
14851 439010401
14852 439032331
14853 439059743
14854 439066657
14855 439111601
14856 439120849
14857 439130231
14858 439187257
14859 439197791
14860 439233121
14861 439247009
14862 439322137
14863 439342777
14864 439443209
14865 439476533
14866 439495921
14867 439497761
14868 439540201
14869 439628633
14870 439699963
14871 439700719
14872 439750477
14873 439868789
14874 439879361
14875 439973113
14876 440028811
14877 440068781
14878 440091983
14879 440092001
14880 440149729
14881 440168591
14882 440170631
14883 440174257
14884 440278973
14885 440291963
14886 440304911
14887 440333401
14888 440374237
14889 440378011
14890 440420501
14891 440434601
14892 440472973
14893 440483401
14894 440488903
14895 440560447
14896 440591609
14897 440643029
14898 440647111
14899 440661401
14900 440841649
14901 440901073
14902 440923871
14903 440992129
14904 440994833
14905 440995733
14906 441030341
14907 441034619
14908 441038749
14909 441101911
14910 441184109
14911 441187249
14912 441199853
14913 441203831
14914 441240731
14915 441281839
14916 441341939
14917 441353659
14918 441355231
14919 441368677
14920 441383993
14921 441384011
14922 441400621
14923 441440609
14924 441447491
14925 441462029
14926 441506231
14927 441624881
14928 441645961
14929 441650819
14930 441709519
14931 441810073
14932 441867187
14933 441931943
14934 441998423
14935 442020079
14936 442028819
14937 442156501
14938 442240901
14939 442244219
14940 442247719
14941 442320911
14942 442352011
14943 442382519
14944 442425829
14945 442471459
14946 442524119
14947 442541611
14948 442586803
14949 442602859
14950 442643797
14951 442665319
14952 442665577
14953 442670131
14954 442730839
14955 442780319
14956 442879057
14957 442880857
14958 442912121
14959 443012819
14960 443064331
14961 443076787
14962 443117309
14963 443158021
14964 443173501
14965 443200573
14966 443351309
14967 443371321
14968 443380549
14969 443441101
14970 443475577
14971 443478071
14972 443490031
14973 443533459
14974 443598931
14975 443634259
14976 443684081
14977 443694071
14978 443740819
14979 443742529
14980 443800229
14981 443845387
14982 443860687
14983 443930681
14984 443940011
14985 443948839
14986 443956087
14987 444025139
14988 444116437
14989 444152431
14990 444159913
14991 444170039
14992 444227131
14993 444243791
14994 444311731
14995 444324337
14996 444342421
14997 444387019
14998 444408011
14999 444511447
15000 444517933
15001 444550501
15002 444616597
15003 444673181
15004 444814159
15005 444832519
15006 444851471
15007 444953713
15008 444965987
15009 445028009
15010 445042001
15011 445046401
15012 445058309
15013 445133431
15014 445162819
15015 445188703
15016 445244311
15017 445250347
15018 445256219
15019 445260973
15020 445421891
15021 445423019
15022 445676167
15023 445683097
15024 445900943
15025 445943467
15026 445965713
15027 446009449
15028 446061221
15029 446090401
15030 446216887
15031 446370961
15032 446391973
15033 446412559
15034 446433419
15035 446508397
15036 446572657
15037 446740159
15038 446906171
15039 447005309
15040 447010051
15041 447029857
15042 447107359
15043 447172111
15044 447304321
15045 447327229
15046 447346181
15047 447362291
15048 447373963
15049 447536029
15050 447551677
15051 447583553
15052 447587719
15053 447592997
15054 447622249
15055 447633049
15056 447633577
15057 447645743
15058 447662753
15059 447705001
15060 447797123
15061 447803309
15062 447848243
15063 447929591
15064 447958883
15065 448009201
15066 448010429
15067 448071419
15068 448097257
15069 448131791
15070 448143961
15071 448204459
15072 448271059
15073 448354219
15074 448424239
15075 448496423
15076 448512943
15077 448520047
15078 448540409
15079 448828213
15080 448961987
15081 448996013
15082 449014031
15083 449060021
15084 449112331
15085 449126767
15086 449130001
15087 449137109
15088 449144239
15089 449232943
15090 449249929
15091 449306149
15092 449325229
15093 449329513
15094 449350777
15095 449481743
15096 449501993
15097 449520439
15098 449551477
15099 449670457
15100 449689589
15101 449690723
15102 449797763
15103 449840467
15104 449870987
15105 449922703
15106 449937893
15107 449939213
15108 449971253
15109 450020939
15110 450028531
15111 450031951
15112 450065611
15113 450075953
15114 450083611
15115 450179419
15116 450219559
15117 450252721
15118 450253319
15119 450255401
15120 450314621
15121 450332621
15122 450385597
15123 450410141
15124 450421501
15125 450519787
15126 450581609
15127 450592867
15128 450701311
15129 450760411
15130 450875713
15131 450891319
15132 451006709
15133 451046347
15134 451064909
15135 451071721
15136 451080457
15137 451090319
15138 451093301
15139 451174729
15140 451182829
15141 451183619
15142 451195391
15143 451240501
15144 451267867
15145 451278049
15146 451288813
15147 451318019
15148 451346591
15149 451354121
15150 451384429
15151 451388843
15152 451425719
15153 451464037
15154 451474993
15155 451484857
15156 451495853
15157 451610993
15158 451690571
15159 451703983
15160 451712659
15161 451823797
15162 451907219
15163 452029927
15164 452060083
15165 452067943
15166 452115239
15167 452133239
15168 452143919
15169 452169371
15170 452172719
15171 452187139
15172 452227109
15173 452274509
15174 452280601
15175 452284249
15176 452297081
15177 452316511
15178 452338519
15179 452385001
15180 452385281
15181 452406991
15182 452428687
15183 452455687
15184 452599871
15185 452603891
15186 452632981
15187 452661439
15188 452698523
15189 452703337
15190 452750131
15191 452789993
15192 452801347
15193 452809853
15194 452821321
15195 452822719
15196 452904037
15197 452904581
15198 452925397
15199 453067933
15200 453069139
15201 453148429
15202 453152309
15203 453152411
15204 453226237
15205 453263933
15206 453274319
15207 453321859
15208 453366191
15209 453468097
15210 453528281
15211 453541897
15212 453641971
15213 453650719
15214 453669353
15215 453766087
15216 453797203
15217 453873019
15218 454020311
15219 454088029
15220 454171121
15221 454182943
15222 454281031
15223 454343221
15224 454417597
15225 454465129
15226 454468603
15227 454513057
15228 454562149
15229 454580923
15230 454609109
15231 454613591
15232 454670767
15233 454720411
15234 454733011
15235 454790009
15236 454805419
15237 454914209
15238 454927951
15239 455010421
15240 455036009
15241 455094209
15242 455144887
15243 455207359
15244 455255239
15245 455293129
15246 455324609
15247 455375009
15248 455415787
15249 455423131
15250 455489423
15251 455674357
15252 455823119
15253 455857433
15254 455860129
15255 455941477
15256 456065677
15257 456155767
15258 456195457
15259 456206539
15260 456222973
15261 456330421
15262 456336229
15263 456364109
15264 456426577
15265 456435139
15266 456451481
15267 456460597
15268 456561139
15269 456589429
15270 456679609
15271 456710311
15272 456731857
15273 456795233
15274 456796481
15275 456824843
15276 456890257
15277 456919691
15278 457037963
15279 457097891
15280 457110457
15281 457138963
15282 457361101
15283 457434319
15284 457454029
15285 457604101
15286 457631983
15287 457667333
15288 457712239
15289 457720481
15290 457938053
15291 457946243
15292 458132629
15293 458181487
15294 458198539
15295 458202029
15296 458203549
15297 458207291
15298 458215319
15299 458372029
15300 458393813
15301 458409277
15302 458419513
15303 458419957
15304 458441983
15305 458442001
15306 458484443
15307 458539253
15308 458623129
15309 458671643
15310 458673829
15311 458684539
15312 458769683
15313 458785339
15314 458861413
15315 458896853
15316 458924839
15317 458930287
15318 459017309
15319 459020983
15320 459061391
15321 459068503
15322 459094087
15323 459097523
15324 459128713
15325 459200501
15326 459263803
15327 459303301
15328 459342371
15329 459391643
15330 459435367
15331 459436823
15332 459514129
15333 459550963
15334 459810191
15335 459844433
15336 459912097
15337 459945671
15338 460015921
15339 460071811
15340 460087249
15341 460090711
15342 460125509
15343 460148047
15344 460156549
15345 460176011
15346 460231529
15347 460240901
15348 460292401
15349 460337021
15350 460338259
15351 460340801
15352 460364797
15353 460441601
15354 460463449
15355 460469287
15356 460501031
15357 460515973
15358 460531601
15359 460543019
15360 460727381
15361 460731421
15362 460739977
15363 460753973
15364 460794743
15365 460823047
15366 460888691
15367 460990091
15368 461014811
15369 461019331
15370 461028739
15371 461036819
15372 461081521
15373 461090501
15374 461117257
15375 461121911
15376 461213993
15377 461217331
15378 461326981
15379 461330609
15380 461366963
15381 461401121
15382 461407619
15383 461411557
15384 461439397
15385 461473391
15386 461543311
15387 461632819
15388 461641963
15389 461686513
15390 461743519
15391 461807011
15392 461807419
15393 462015859
15394 462049481
15395 462086857
15396 462127147
15397 462171421
15398 462173449
15399 462259657
15400 462291419
15401 462300731
15402 462301747
15403 462311737
15404 462401801
15405 462474119
15406 462536857
15407 462549653
15408 462552619
15409 462567097
15410 462608309
15411 462616001
15412 462628657
15413 462644419
15414 462679691
15415 462691297
15416 462761983
15417 462900247
15418 462969491
15419 463014521
15420 463028971
15421 463053719
15422 463091887
15423 463105849
15424 463157011
15425 463162709
15426 463178119
15427 463224829
15428 463421011
15429 463427291
15430 463465853
15431 463600531
15432 463630549
15433 463669433
15434 463732391
15435 463753019
15436 463754843
15437 463781287
15438 463999673
15439 464006909
15440 464048219
15441 464083973
15442 464085371
15443 464092319
15444 464140601
15445 464141039
15446 464142131
15447 464243047
15448 464334491
15449 464351021
15450 464354419
15451 464440709
15452 464442037
15453 464485643
15454 464491297
15455 464602729
15456 464686921
15457 464696629
15458 464707219
15459 464788661
15460 464844097
15461 464877103
15462 464892403
15463 464952457
15464 465082777
15465 465227963
15466 465287413
15467 465369791
15468 465539413
15469 465604319
15470 465618019
15471 465620009
15472 465639791
15473 465725287
15474 465754603
15475 465779291
15476 465896471
15477 466019101
15478 466030139
15479 466085119
15480 466193803
15481 466198253
15482 466232953
15483 466239457
15484 466294357
15485 466332121
15486 466365833
15487 466406419
15488 466577809
15489 466604239
15490 466627643
15491 466723813
15492 466774057
15493 466811291
15494 466939043
15495 466991153
15496 467006591
15497 467026481
15498 467028119
15499 467054677
15500 467058367
15501 467063419
15502 467081983
15503 467100611
15504 467120839
15505 467157653
15506 467174119
15507 467199053
15508 467245271
15509 467273377
15510 467310791
15511 467383643
15512 467384891
15513 467454187
15514 467549333
15515 467653553
15516 467654813
15517 467709353
15518 467735453
15519 467744633
15520 467819591
15521 467821091
15522 467830567
15523 468016481
15524 468024619
15525 468150581
15526 468211781
15527 468228613
15528 468245119
15529 468300029
15530 468321031
15531 468331481
15532 468342319
15533 468407197
15534 468452557
15535 468515171
15536 468547433
15537 468647719
15538 468657103
15539 468664921
15540 468700777
15541 468702973
15542 468734257
15543 468795139
15544 468845203
15545 468848381
15546 469019713
15547 469071397
15548 469102691
15549 469106471
15550 469110953
15551 469130887
15552 469156603
15553 469179983
15554 469203121
15555 469240867
15556 469248067
15557 469320491
15558 469362653
15559 469534643
15560 469538243
15561 469568123
15562 469572931
15563 469575013
15564 469633513
15565 469740457
15566 469772113
15567 469786181
15568 469909991
15569 469979581
15570 470009521
15571 470038819
15572 470082029
15573 470104709
15574 470170801
15575 470215919
15576 470227981
15577 470247671
15578 470253829
15579 470266429
15580 470271973
15581 470311811
15582 470320051
15583 470403431
15584 470615311
15585 470641781
15586 470683963
15587 470845477
15588 470964833
15589 470999471
15590 471071011
15591 471210809
15592 471215963
15593 471235729
15594 471236771
15595 471242983
15596 471260039
15597 471295091
15598 471325501
15599 471331447
15600 471333337
15601 471360157
15602 471366397
15603 471372943
15604 471431039
15605 471443771
15606 471477277
15607 471480349
15608 471480439
15609 471531791
15610 471569543
15611 471615301
15612 471646853
15613 471806767
15614 471817019
15615 471844853
15616 471866987
15617 471877433
15618 471948881
15619 472019719
15620 472068229
15621 472075867
15622 472111657
15623 472152029
15624 472160501
15625 472163359
15626 472270459
15627 472300093
15628 472311457
15629 472386367
15630 472395277
15631 472490677
15632 472501973
15633 472605619
15634 472632983
15635 472633001
15636 472747603
15637 472797947
15638 472832963
15639 472906963
15640 473083867
15641 473155021
15642 473172619
15643 473183149
15644 473187019
15645 473216719
15646 473223337
15647 473315131
15648 473354419
15649 473424031
15650 473428477
15651 473442037
15652 473449553
15653 473450449
15654 473493187
15655 473508281
15656 473523031
15657 473531221
15658 473583457
15659 473717081
15660 473754187
15661 473899091
15662 473904191
15663 473908733
15664 473923477
15665 473928977
15666 474007057
15667 474034147
15668 474075757
15669 474195097
15670 474198353
15671 474207619
15672 474265039
15673 474342419
15674 474404933
15675 474407149
15676 474412781
15677 474421639
15678 474480191
15679 474481039
15680 474622111
15681 474633667
15682 474789863
15683 474827723
15684 474840049
15685 474934177
15686 475003531
15687 475032511
15688 475062697
15689 475116619
15690 475212337
15691 475282271
15692 475344913
15693 475360687
15694 475371191
15695 475400039
15696 475439077
15697 475460497
15698 475550767
15699 475635187
15700 475657967
15701 475714387
15702 475748113
15703 475861733
15704 475900339
15705 475971791
15706 475978361
15707 475993519
15708 476013809
15709 476015629
15710 476023871
15711 476060887
15712 476160037
15713 476244281
15714 476265187
15715 476371271
15716 476483167
15717 476518951
15718 476667619
15719 476732119
15720 476987029
15721 476999183
15722 477092713
15723 477114439
15724 477125381
15725 477186791
15726 477339713
15727 477353029
15728 477392723
15729 477427733
15730 477447977
15731 477532903
15732 477587471
15733 477636067
15734 477700973
15735 477844921
15736 477872861
15737 477909053
15738 477962113
15739 477975863
15740 477977791
15741 478002829
15742 478025923
15743 478047653
15744 478190287
15745 478192733
15746 478249433
15747 478271119
15748 478379789
15749 478686977
15750 478721753
15751 478774799
15752 478809581
15753 478811803
15754 478823987
15755 478832633
15756 478878563
15757 478927391
15758 478951691
15759 478968947
15760 479094067
15761 479102137
15762 479134129
15763 479301671
15764 479320867
15765 479355829
15766 479356343
15767 479383921
15768 479451703
15769 479490623
15770 479563613
15771 479842523
15772 479862323
15773 479883919
15774 479893699
15775 480010931
15776 480013211
15777 480037729
15778 480148021
15779 480158923
15780 480170909
15781 480207209
15782 480259271
15783 480299077
15784 480322319
15785 480336697
15786 480363581
15787 480375139
15788 480416401
15789 480735973
15790 480874357
15791 480884543
15792 480980557
15793 480993713
15794 481010819
15795 481045871
15796 481066021
15797 481075993
15798 481081057
15799 481086371
15800 481094587
15801 481176049
15802 481180411
15803 481206881
15804 481213357
15805 481240919
15806 481262311
15807 481285813
15808 481326529
15809 481363391
15810 481441691
15811 481455119
15812 481522109
15813 481532131
15814 481600447
15815 481611001
15816 481671209
15817 481894057
15818 482114219
15819 482128571
15820 482137021
15821 482161501
15822 482168287
15823 482185181
15824 482221331
15825 482223029
15826 482239271
15827 482261009
15828 482341709
15829 482410531
15830 482416111
15831 482442101
15832 482502953
15833 482511209
15834 482523101
15835 482577533
15836 482595623
15837 482612359
15838 482622037
15839 482701057
15840 482716567
15841 482745833
15842 482780119
15843 482785253
15844 482801359
15845 482887571
15846 482889863
15847 482948681
15848 483102637
15849 483151729
15850 483191587
15851 483200429
15852 483208519
15853 483286997
15854 483338029
15855 483348367
15856 483415409
15857 483507757
15858 483528277
15859 483627743
15860 483665167
15861 483690367
15862 483734803
15863 483761713
15864 483801697
15865 483824377
15866 483859799
15867 483894893
15868 483949043
15869 483955781
15870 483990931
15871 484025221
15872 484039019
15873 484049009
15874 484072319
15875 484101547
15876 484135111
15877 484223771
15878 484280983
15879 484281001
15880 484304311
15881 484396433
15882 484397681
15883 484421401
15884 484528267
15885 484594819
15886 484637891
15887 484639691
15888 484736543
15889 484753553
15890 484891691
15891 484946771
15892 484950457
15893 485030501
15894 485116481
15895 485143249
15896 485202511
15897 485208049
15898 485240719
15899 485301209
15900 485412671
15901 485473603
15902 485551271
15903 485859229
15904 485946947
15905 485975239
15906 486101611
15907 486102209
15908 486102649
15909 486112709
15910 486133481
15911 486164557
15912 486194413
15913 486221201
15914 486275723
15915 486298391
15916 486300809
15917 486303619
15918 486326287
15919 486415297
15920 486422471
15921 486496223
15922 486584911
15923 486688589
15924 486744443
15925 486758329
15926 486770257
15927 486936581
15928 486936893
15929 487051021
15930 487094941
15931 487181171
15932 487221697
15933 487306109
15934 487361009
15935 487364077
15936 487371653
15937 487398683
15938 487413049
15939 487544987
15940 487559789
15941 487583113
15942 487609781
15943 487736911
15944 487775929
15945 487782619
15946 487850413
15947 487905157
15948 488012771
15949 488042983
15950 488081287
15951 488097671
15952 488214119
15953 488230159
15954 488348771
15955 488375243
15956 488384629
15957 488398129
15958 488419343
15959 488450467
15960 488505613
15961 488759261
15962 488812087
15963 489086113
15964 489096529
15965 489117613
15966 489160813
15967 489218413
15968 489257203
15969 489325997
15970 489384053
15971 489480977
15972 489537233
15973 489538661
15974 489694451
15975 489763429
15976 489818509
15977 489865451
15978 489939389
15979 490005101
15980 490035209
15981 490038509
15982 490133521
15983 490137259
15984 490174319
15985 490177657
15986 490213021
15987 490215157
15988 490242601
15989 490283419
15990 490465387
15991 490492813
15992 490509667
15993 490540781
15994 490579613
15995 490608281
15996 490644397
15997 490716371
15998 490721771
15999 490723867
16000 490744109
16001 490766077
16002 490777691
16003 490801321
16004 490812943
16005 490900639
16006 490922587
16007 490925081
16008 490931767
16009 490993523
16010 491009201
16011 491032537
16012 491033749
16013 491036629
16014 491040811
16015 491077903
16016 491114219
16017 491133809
16018 491161709
16019 491209021
16020 491248271
16021 491316037
16022 491337487
16023 491390059
16024 491391209
16025 491527657
16026 491533409
16027 491540311
16028 491591803
16029 491602301
16030 491877761
16031 491912963
16032 491914853
16033 491983523
16034 492025147
16035 492027671
16036 492095803
16037 492120631
16038 492122321
16039 492161519
16040 492193297
16041 492212983
16042 492233009
16043 492251953
16044 492454129
16045 492454903
16046 492510209
16047 492522983
16048 492647167
16049 492651281
16050 492706477
16051 492711259
16052 492713983
16053 492757781
16054 492786851
16055 492794957
16056 492813577
16057 492945977
16058 492959981
16059 492960019
16060 493015031
16061 493022819
16062 493190857
16063 493220521
16064 493269919
16065 493294177
16066 493341983
16067 493342001
16068 493428703
16069 493454287
16070 493543109
16071 493575403
16072 493621481
16073 493737791
16074 493823713
16075 493939609
16076 493941277
16077 494084119
16078 494161391
16079 494285543
16080 494307139
16081 494336287
16082 494369243
16083 494394829
16084 494432101
16085 494457157
16086 494633081
16087 494671643
16088 494702149
16089 494722297
16090 494759651
16091 494801149
16092 494835977
16093 494949863
16094 494997299
16095 495198709
16096 495224857
16097 495228367
16098 495350923
16099 495469313
16100 495506119
16101 495519067
16102 495618353
16103 495638719
16104 495786139
16105 495828761
16106 495852067
16107 495856043
16108 495869887
16109 495878351
16110 495882581
16111 495967091
16112 496011829
16113 496161139
16114 496280119
16115 496303391
16116 496361713
16117 496414657
16118 496430677
16119 496519253
16120 496550029
16121 496568789
16122 496610857
16123 496612019
16124 496620913
16125 496807967
16126 496978151
16127 497026129
16128 497084503
16129 497098939
16130 497145277
16131 497170657
16132 497199973
16133 497289461
16134 497333803
16135 497335733
16136 497359339
16137 497382533
16138 497385851
16139 497559971
16140 497649281
16141 497775461
16142 497934413
16143 498070109
16144 498079339
16145 498087893
16146 498208553
16147 498210301
16148 498379789
16149 498407257
16150 498465581
16151 498607691
16152 498620713
16153 498675461
16154 498729281
16155 498825323
16156 498831353
16157 498920453
16158 499037633
16159 499064413
16160 499078883
16161 499112587
16162 499194901
16163 499259899
16164 499299781
16165 499300687
16166 499319203
16167 499325891
16168 499412119
16169 499421081
16170 499429481
16171 499478689
16172 499615213
16173 499645313
16174 499660781
16175 499877789
16176 499900087
16177 499911977
16178 499980919
16179 500036941
16180 500058431
16181 500123551
16182 500144231
16183 500224511
16184 500228021
16185 500247521
16186 500248537
16187 500254501
16188 500268247
16189 500281121
16190 500419537
16191 500423411
16192 500476019
16193 500524709
16194 500537321
16195 500576359
16196 500623051
16197 500643509
16198 500651401
16199 500730283
16200 500765609
16201 500839597
16202 500881057
16203 500885963
16204 500894857
16205 500918591
16206 500918797
16207 501017383
16208 501024431
16209 501064093
16210 501069809
16211 501250601
16212 501251909
16213 501291431
16214 501344401
16215 501397867
16216 501417073
16217 501422819
16218 501519401
16219 501631051
16220 501644431
16221 501689977
16222 501707039
16223 501708601
16224 501755131
16225 501788753
16226 501816209
16227 501838867
16228 501865249
16229 501876191
16230 501935887
16231 501960247
16232 502025921
16233 502069819
16234 502079401
16235 502133941
16236 502200991
16237 502212839
16238 502257221
16239 502302701
16240 502344631
16241 502379011
16242 502401541
16243 502419739
16244 502438301
16245 502472819
16246 502482157
16247 502500611
16248 502506721
16249 502538629
16250 502562909
16251 502579853
16252 502592137
16253 502610921
16254 502675597
16255 502751983
16256 502765687
16257 502809101
16258 502854439
16259 502997167
16260 503035901
16261 503038021
16262 503043809
16263 503061931
16264 503066611
16265 503197571
16266 503204909
16267 503220541
16268 503239897
16269 503291101
16270 503327257
16271 503338963
16272 503349037
16273 503396767
16274 503404949
16275 503509301
16276 503525909
16277 503527781
16278 503605919
16279 503625337
16280 503625559
16281 503641601
16282 503655671
16283 503788603
16284 503806057
16285 503814221
16286 503832331
16287 503909101
16288 503934619
16289 503962391
16290 504008731
16291 504043439
16292 504062519
16293 504077311
16294 504087211
16295 504099229
16296 504151231
16297 504161821
16298 504222221
16299 504235621
16300 504259201
16301 504269767
16302 504279119
16303 504297139
16304 504297757
16305 504314221
16306 504548101
16307 504591259
16308 504601949
16309 504605219
16310 504629291
16311 504650611
16312 504678613
16313 504688603
16314 504711509
16315 504721319
16316 504748903
16317 504760237
16318 504779813
16319 504922147
16320 505009801
16321 505060121
16322 505085131
16323 505130321
16324 505148887
16325 505234601
16326 505322173
16327 505405409
16328 505406101
16329 505409539
16330 505409591
16331 505409719
16332 505470331
16333 505504919
16334 505553519
16335 505692371
16336 505715047
16337 505823047
16338 505823359
16339 505849823
16340 505851923
16341 505938187
16342 505978691
16343 506003857
16344 506057933
16345 506061547
16346 506068201
16347 506080357
16348 506091829
16349 506104211
16350 506109119
16351 506130809
16352 506132339
16353 506212093
16354 506224973
16355 506337529
16356 506347201
16357 506351431
16358 506365429
16359 506402531
16360 506430611
16361 506444539
16362 506450701
16363 506465963
16364 506497951
16365 506532511
16366 506552609
16367 506561221
16368 506590867
16369 506604719
16370 506636983
16371 506659357
16372 506692903
16373 506720749
16374 506801521
16375 506900231
16376 506916191
16377 507063719
16378 507103811
16379 507116611
16380 507125659
16381 507180809
16382 507213701
16383 507265111
16384 507289733
16385 507292777
16386 507358039
16387 507374677
16388 507402509
16389 507500731
16390 507515311
16391 507515719
16392 507569929
16393 507583091
16394 507605519
16395 507673297
16396 507687931
16397 507714671
16398 507746119
16399 507815963
16400 507832201
16401 507837457
16402 507855613
16403 507934477
16404 507941219
16405 507964643
16406 508019401
16407 508066571
16408 508136021
16409 508147687
16410 508405897
16411 508434697
16412 508450031
16413 508544419
16414 508574713
16415 508603819
16416 508634677
16417 508650509
16418 508710649
16419 508730137
16420 508757941
16421 508837997
16422 508884067
16423 508897751
16424 508923757
16425 508960477
16426 508962277
16427 508994861
16428 508995103
16429 509032319
16430 509041201
16431 509118529
16432 509127491
16433 509211811
16434 509217101
16435 509229997
16436 509279453
16437 509382119
16438 509399153
16439 509408329
16440 509420129
16441 509454191
16442 509479213
16443 509530871
16444 509542519
16445 509586313
16446 509621311
16447 509652973
16448 509685881
16449 509740159
16450 509757881
16451 509833297
16452 509903587
16453 509929639
16454 509995571
16455 510015901
16456 510030931
16457 510039121
16458 510074401
16459 510118657
16460 510137429
16461 510171373
16462 510206611
16463 510227737
16464 510230593
16465 510249209
16466 510263911
16467 510269917
16468 510296359
16469 510354721
16470 510455909
16471 510457639
16472 510486671
16473 510505921
16474 510544849
16475 510565057
16476 510577021
16477 510597973
16478 510626219
16479 510723431
16480 510860611
16481 510872953
16482 510915973
16483 510929767
16484 510960029
16485 510977029
16486 510979823
16487 510981259
16488 510993397
16489 511001479
16490 511069231
16491 511237711
16492 511293331
16493 511359509
16494 511369597
16495 511504831
16496 511523939
16497 511524329
16498 511535039
16499 511582963
16500 511585339
16501 511607347
16502 511734791
16503 511756867
16504 511786019
16505 511820609
16506 511848209
16507 511851511
16508 511917031
16509 511938281
16510 512021801
16511 512093437
16512 512170657
16513 512174321
16514 512201821
16515 512216557
16516 512271509
16517 512280121
16518 512289139
16519 512328001
16520 512372011
16521 512387471
16522 512470319
16523 512494519
16524 512494933
16525 512559913
16526 512581019
16527 512618311
16528 512723891
16529 512828587
16530 512862983
16531 512893019
16532 512909239
16533 512914781
16534 512943877
16535 512948081
16536 512989781
16537 513042241
16538 513055409
16539 513055421
16540 513076897
16541 513142439
16542 513175963
16543 513193301
16544 513202351
16545 513215519
16546 513250141
16547 513267943
16548 513281039
16549 513325447
16550 513354209
16551 513374111
16552 513387139
16553 513438983
16554 513495667
16555 513517897
16556 513531701
16557 513536449
16558 513575767
16559 513575857
16560 513592993
16561 513604537
16562 513642719
16563 513658657
16564 513756487
16565 513882209
16566 513898691
16567 513903991
16568 513962381
16569 514024501
16570 514069571
16571 514111441
16572 514139771
16573 514155401
16574 514189271
16575 514223519
16576 514267111
16577 514306021
16578 514359319
16579 514372231
16580 514379377
16581 514504357
16582 514538963
16583 514606501
16584 514634719
16585 514663159
16586 514706221
16587 514733137
16588 514750321
16589 514860259
16590 514899709
16591 514908049
16592 514952857
16593 515041811
16594 515056019
16595 515066719
16596 515123737
16597 515129047
16598 515187209
16599 515322811
16600 515352209
16601 515360347
16602 515370311
16603 515392429
16604 515411621
16605 515450129
16606 515457667
16607 515466191
16608 515470211
16609 515502419
16610 515538371
16611 515552131
16612 515580509
16613 515658653
16614 515665181
16615 516005311
16616 516005993
16617 516015329
16618 516095857
16619 516176329
16620 516214229
16621 516264031
16622 516523459
16623 516608471
16624 516633211
16625 516633301
16626 516686813
16627 516700537
16628 516731359
16629 516911221
16630 516913993
16631 516914011
16632 516931201
16633 516950767
16634 517008719
16635 517044337
16636 517102811
16637 517116401
16638 517250231
16639 517258019
16640 517263101
16641 517420201
16642 517435571
16643 517436419
16644 517500457
16645 517525777
16646 517608757
16647 517735181
16648 517788013
16649 517801411
16650 517869983
16651 517870387
16652 517891643
16653 517901609
16654 517917187
16655 517951477
16656 518108449
16657 518172581
16658 518203447
16659 518225311
16660 518290687
16661 518367457
16662 518382049
16663 518404321
16664 518420257
16665 518436371
16666 518440501
16667 518445049
16668 518561497
16669 518613619
16670 518624291
16671 518626477
16672 518666257
16673 518733667
16674 518761129
16675 518787439
16676 519081491
16677 519085271
16678 519102509
16679 519208973
16680 519232459
16681 519252983
16682 519322301
16683 519341131
16684 519383009
16685 519403943
16686 519455557
16687 519509009
16688 519542923
16689 519553091
16690 519625109
16691 519642577
16692 519700031
16693 519770287
16694 519787339
16695 519802597
16696 520045301
16697 520050541
16698 520089491
16699 520095809
16700 520105151
16701 520142639
16702 520151231
16703 520161539
16704 520162439
16705 520261411
16706 520263859
16707 520328749
16708 520346891
16709 520369111
16710 520426229
16711 520501621
16712 520571983
16713 520594973
16714 520613339
16715 520617247
16716 520638011
16717 520668667
16718 520678181
16719 520705319
16720 520708301
16721 520726963
16722 520772519
16723 520786129
16724 520896703
16725 520904347
16726 520907311
16727 520958843
16728 521018083
16729 521020189
16730 521142311
16731 521192839
16732 521202961
16733 521249111
16734 521250511
16735 521368391
16736 521372659
16737 521387291
16738 521392147
16739 521501857
16740 521521411
16741 521604509
16742 521652311
16743 521750819
16744 521754581
16745 521815691
16746 521815709
16747 521823157
16748 521865319
16749 521900647
16750 521906131
16751 521923301
16752 521951021
16753 521977733
16754 522023941
16755 522032729
16756 522109447
16757 522150283
16758 522196111
16759 522343021
16760 522353501
16761 522371431
16762 522412301
16763 522430529
16764 522514319
16765 522521173
16766 522563771
16767 522604993
16768 522729953
16769 522742691
16770 522783139
16771 522819487
16772 523030421
16773 523046819
16774 523068031
16775 523084031
16776 523097011
16777 523137331
16778 523194439
16779 523278757
16780 523356943
16781 523392581
16782 523399267
16783 523413239
16784 523434719
16785 523467001
16786 523601531
16787 523610041
16788 523690319
16789 523835471
16790 523852339
16791 523898629
16792 523941211
16793 524044531
16794 524120473
16795 524232239
16796 524247923
16797 524282009
16798 524282221
16799 524305849
16800 524422531
16801 524508671
16802 524539903
16803 524546291
16804 524560121
16805 524570953
16806 524591149
16807 524605709
16808 524607983
16809 524608001
16810 524656903
16811 524706349
16812 524724671
16813 524742419
16814 524765029
16815 524765713
16816 524771329
16817 524913121
16818 524952049
16819 524982277
16820 525061357
16821 525085111
16822 525092629
16823 525157481
16824 525232711
16825 525245401
16826 525255259
16827 525262019
16828 525265159
16829 525324809
16830 525334321
16831 525377557
16832 525401083
16833 525472001
16834 525520319
16835 525535429
16836 525536471
16837 525631709
16838 525707419
16839 525741787
16840 525822419
16841 525905239
16842 525914677
16843 525929813
16844 525940409
16845 526014547
16846 526036871
16847 526114973
16848 526161331
16849 526182121
16850 526183409
16851 526194049
16852 526304521
16853 526321331
16854 526324121
16855 526327687
16856 526423943
16857 526606429
16858 526635191
16859 526754029
16860 526767403
16861 526821419
16862 527019491
16863 527035321
16864 527050229
16865 527136419
16866 527227867
16867 527242031
16868 527276377
16869 527316037
16870 527333629
16871 527338129
16872 527350963
16873 527410357
16874 527436757
16875 527452687
16876 527521963
16877 527590477
16878 527662271
16879 527693839
16880 527712877
16881 527816171
16882 527864503
16883 527894113
16884 527964739
16885 527999573
16886 528016231
16887 528053137
16888 528059557
16889 528104431
16890 528157963
16891 528165049
16892 528312331
16893 528342349
16894 528376951
16895 528383287
16896 528384653
16897 528486353
16898 528588581
16899 528630923
16900 528714397
16901 528767243
16902 528799589
16903 528831577
16904 528831757
16905 528861367
16906 528932557
16907 528938203
16908 528981881
16909 529032221
16910 529038371
16911 529065281
16912 529120001
16913 529220011
16914 529225481
16915 529286077
16916 529323787
16917 529393177
16918 529414201
16919 529424587
16920 529460329
16921 529516903
16922 529525853
16923 529528997
16924 529553029
16925 529560049
16926 529630001
16927 529802381
16928 529840387
16929 529850803
16930 529895789
16931 530157119
16932 530191229
16933 530224921
16934 530248231
16935 530250911
16936 530260657
16937 530264611
16938 530269429
16939 530276771
16940 530367671
16941 530381701
16942 530487281
16943 530528359
16944 530545709
16945 530589457
16946 530617301
16947 530634119
16948 530663629
16949 530696377
16950 530804891
16951 530809339
16952 530946001
16953 530971409
16954 531009547
16955 531057119
16956 531068771
16957 531101971
16958 531123331
16959 531138649
16960 531150331
16961 531182909
16962 531192511
16963 531233519
16964 531237209
16965 531258509
16966 531277249
16967 531310931
16968 531330847
16969 531367933
16970 531463729
16971 531489703
16972 531552029
16973 531553147
16974 531595039
16975 531621521
16976 531642791
16977 531671401
16978 531687367
16979 531703531
16980 531733781
16981 531741719
16982 531819667
16983 531858097
16984 531864209
16985 532038719
16986 532066057
16987 532076933
16988 532081421
16989 532129237
16990 532160173
16991 532191559
16992 532217501
16993 532228729
16994 532248961
16995 532255019
16996 532258777
16997 532322993
16998 532335809
16999 532365259
17000 532377371
17001 532401959
17002 532414111
17003 532428031
17004 532544953
17005 532653983
17006 532724539
17007 532774903
17008 532789253
17009 532862677
17010 532890139
17011 533005141
17012 533074819
17013 533130601
17014 533143537
17015 533148983
17016 533166301
17017 533188181
17018 533197853
17019 533280953
17020 533376191
17021 533452729
17022 533494567
17023 533509391
17024 533538913
17025 533616619
17026 533647019
17027 533748613
17028 533770571
17029 533891467
17030 533905993
17031 534123329
17032 534145897
17033 534150637
17034 534183619
17035 534218221
17036 534365677
17037 534372983
17038 534422611
17039 534490993
17040 534502993
17041 534503819
17042 534622639
17043 534654209
17044 534668503
17045 534701347
17046 534704021
17047 534722609
17048 534736219
17049 534921581
17050 535002373
17051 535034431
17052 535052039
17053 535062881
17054 535096853
17055 535113637
17056 535133411
17057 535154539
17058 535159903
17059 535174429
17060 535191121
17061 535227529
17062 535239119
17063 535250257
17064 535253591
17065 535308581
17066 535351963
17067 535376081
17068 535437319
17069 535485653
17070 535502749
17071 535526059
17072 535549823
17073 535581913
17074 535600601
17075 535802797
17076 535832149
17077 535848829
17078 535856723
17079 535969991
17080 535970009
17081 536059129
17082 536112431
17083 536155201
17084 536171021
17085 536172697
17086 536193913
17087 536245319
17088 536254429
17089 536283001
17090 536294029
17091 536308519
17092 536321749
17093 536333887
17094 536339933
17095 536432797
17096 536446903
17097 536496739
17098 536535229
17099 536541877
17100 536596303
17101 536680387
17102 536699927
17103 536817187
17104 536821339
17105 536827087
17106 536847931
17107 537121229
17108 537125401
17109 537147139
17110 537203819
17111 537233933
17112 537312337
17113 537330421
17114 537336139
17115 537440311
17116 537529991
17117 537530009
17118 537570487
17119 537604021
17120 537611609
17121 537632059
17122 537678619
17123 537748781
17124 537774067
17125 537835267
17126 537852097
17127 537894103
17128 537931813
17129 537950557
17130 538014401
17131 538044349
17132 538065049
17133 538086277
17134 538120139
17135 538143301
17136 538175713
17137 538189303
17138 538235983
17139 538359881
17140 538383653
17141 538498043
17142 538510871
17143 538532587
17144 538540687
17145 538541309
17146 538675253
17147 538741019
17148 538888499
17149 538936781
17150 538997573
17151 539008571
17152 539019667
17153 539123609
17154 539180101
17155 539207219
17156 539259971
17157 539261923
17158 539271487
17159 539302019
17160 539308963
17161 539379761
17162 539418277
17163 539419913
17164 539439067
17165 539518997
17166 539524109
17167 539612149
17168 539696561
17169 539769319
17170 539782213
17171 539785481
17172 539789573
17173 539865709
17174 539888119
17175 540031931
17176 540312041
17177 540365629
17178 540381511
17179 540411331
17180 540447619
17181 540499823
17182 540545771
17183 540564491
17184 540571237
17185 540647587
17186 540665149
17187 540704909
17188 540728677
17189 540734771
17190 540741829
17191 540744877
17192 540755101
17193 540804311
17194 540859087
17195 540890219
17196 540917983
17197 540940237
17198 541006031
17199 541047421
17200 541146157
17201 541169471
17202 541171201
17203 541274047
17204 541290331
17205 541336231
17206 541389967
17207 541475329
17208 541481021
17209 541571021
17210 541593139
17211 541644671
17212 541705321
17213 541709059
17214 541785653
17215 541831819
17216 541951481
17217 541985987
17218 542011511
17219 542013911
17220 542034509
17221 542041321
17222 542041439
17223 542050121
17224 542057953
17225 542149339
17226 542151859
17227 542166259
17228 542203093
17229 542271649
17230 542291221
17231 542327993
17232 542342909
17233 542373581
17234 542402737
17235 542409211
17236 542467657
17237 542504909
17238 542545687
17239 542562619
17240 542639803
17241 542644111
17242 542683039
17243 542762329
17244 542801437
17245 542813137
17246 542841697
17247 542917387
17248 542921539
17249 542954287
17250 542995967
17251 543063601
17252 543066943
17253 543074201
17254 543095381
17255 543146609
17256 543170039
17257 543173401
17258 543255301
17259 543263047
17260 543294001
17261 543361237
17262 543367963
17263 543382687
17264 543442411
17265 543554149
17266 543567613
17267 543609667
17268 543677891
17269 543870209
17270 543905309
17271 543937087
17272 543956167
17273 543960049
17274 544036729
17275 544052909
17276 544054943
17277 544063231
17278 544091719
17279 544102721
17280 544119581
17281 544122011
17282 544128619
17283 544148419
17284 544190131
17285 544214257
17286 544252411
17287 544255409
17288 544257191
17289 544268467
17290 544273777
17291 544289929
17292 544328923
17293 544348853
17294 544353419
17295 544433797
17296 544437371
17297 544526309
17298 544542491
17299 544584277
17300 544602209
17301 544716371
17302 544754803
17303 544821671
17304 544851001
17305 544881833
17306 544893313
17307 544965931
17308 545042611
17309 545056867
17310 545059297
17311 545122001
17312 545135131
17313 545138857
17314 545205601
17315 545251549
17316 545355487
17317 545361031
17318 545380933
17319 545383129
17320 545495891
17321 545543767
17322 545548603
17323 545654119
17324 545669629
17325 545710691
17326 545864633
17327 545937713
17328 546040849
17329 546074471
17330 546117031
17331 546143009
17332 546156049
17333 546202711
17334 546204991
17335 546237191
17336 546240649
17337 546243877
17338 546290309
17339 546304501
17340 546411511
17341 546451597
17342 546512401
17343 546611993
17344 546663277
17345 546667819
17346 546917257
17347 546994661
17348 547004963
17349 547013219
17350 547064677
17351 547121909
17352 547140221
17353 547150501
17354 547201001
17355 547231301
17356 547321549
17357 547343011
17358 547352219
17359 547375357
17360 547385723
17361 547419923
17362 547469809
17363 547587893
17364 547606271
17365 547699129
17366 547786339
17367 547846921
17368 548004719
17369 548024111
17370 548032871
17371 548216219
17372 548243239
17373 548293553
17374 548310421
17375 548353567
17376 548414219
17377 548439791
17378 548448403
17379 548497751
17380 548582941
17381 548674781
17382 548692691
17383 548711381
17384 548853157
17385 548869969
17386 548887853
17387 548961353
17388 548968361
17389 548976683
17390 549002039
17391 549024121
17392 549038753
17393 549103231
17394 549235039
17395 549235657
17396 549238087
17397 549253963
17398 549388429
17399 549424039
17400 549490553
17401 549503309
17402 549692719
17403 549720667
17404 549784481
17405 549839239
17406 549958499
17407 549972851
17408 550010089
17409 550045511
17410 550078339
17411 550115557
17412 550124221
17413 550163659
17414 550163909
17415 550175047
17416 550192231
17417 550213529
17418 550249201
17419 550293943
17420 550305101
17421 550355111
17422 550462897
17423 550522993
17424 550540021
17425 550555249
17426 550620073
17427 550647001
17428 550671031
17429 550671439
17430 550730347
17431 550820129
17432 550830829
17433 550833037
17434 550905031
17435 550965367
17436 550984823
17437 551003521
17438 551061457
17439 551073119
17440 551078923
17441 551091511
17442 551093449
17443 551144129
17444 551220959
17445 551228401
17446 551303083
17447 551335963
17448 551383993
17449 551434943
17450 551456329
17451 551458091
17452 551525021
17453 551533897
17454 551545249
17455 551573101
17456 551606933
17457 551613421
17458 551617597
17459 551665813
17460 551734159
17461 551762963
17462 551773219
17463 551826973
17464 551832877
17465 551872109
17466 551891029
17467 551920321
17468 552067409
17469 552088091
17470 552127691
17471 552148159
17472 552160447
17473 552354211
17474 552447139
17475 552457181
17476 552470311
17477 552500621
17478 552585457
17479 552700201
17480 552769057
17481 552841519
17482 552842011
17483 552954613
17484 552969491
17485 553023239
17486 553033801
17487 553081729
17488 553107337
17489 553126109
17490 553137037
17491 553149913
17492 553155923
17493 553201141
17494 553221457
17495 553263787
17496 553308011
17497 553326259
17498 553447567
17499 553510759
17500 553553471
17501 553584613
17502 553600319
17503 553626487
17504 553685453
17505 553767623
17506 553789043
17507 553797529
17508 553824371
17509 553879429
17510 553929067
17511 553941757
17512 554049371
17513 554093471
17514 554111911
17515 554154037
17516 554181877
17517 554271671
17518 554280983
17519 554290687
17520 554332781
17521 554360539
17522 554470159
17523 554598323
17524 554643281
17525 554702221
17526 554754367
17527 554805487
17528 554840677
17529 554886671
17530 555063031
17531 555094109
17532 555110041
17533 555151781
17534 555153121
17535 555202229
17536 555209059
17537 555217933
17538 555250321
17539 555256109
17540 555264049
17541 555264757
17542 555404771
17543 555527197
17544 555572287
17545 555810923
17546 555815287
17547 555820777
17548 555831667
17549 555916177
17550 555938113
17551 556054867
17552 556089881
17553 556122719
17554 556254001
17555 556321897
17556 556347613
17557 556462477
17558 556536613
17559 556601009
17560 556829993
17561 556978967
17562 557010101
17563 557023963
17564 557070037
17565 557071973
17566 557075009
17567 557105449
17568 557147197
17569 557160509
17570 557182271
17571 557230411
17572 557232509
17573 557297681
17574 557332319
17575 557365177
17576 557405239
17577 557442913
17578 557466977
17579 557523209
17580 557542567
17581 557891629
17582 558024529
17583 558055657
17584 558081487
17585 558113221
17586 558146287
17587 558183277
17588 558285977
17589 558303301
17590 558320401
17591 558349691
17592 558366313
17593 558375403
17594 558401609
17595 558439729
17596 558479981
17597 558592729
17598 558608077
17599 558621487
17600 558697039
17601 558720667
17602 558739661
17603 558855013
17604 558998051
17605 559003019
17606 559124309
17607 559185157
17608 559199651
17609 559236071
17610 559245613
17611 559436503
17612 559457513
17613 559467143
17614 559485947
17615 559487329
17616 559615267
17617 559667873
17618 559708819
17619 559828133
17620 559991329
17621 560118973
17622 560193671
17623 560193923
17624 560204201
17625 560210341
17626 560255131
17627 560318009
17628 560342231
17629 560355671
17630 560410141
17631 560419429
17632 560540909
17633 560600429
17634 560601031
17635 560616619
17636 560678413
17637 560706943
17638 560718209
17639 560876077
17640 560931037
17641 560939891
17642 560955457
17643 560977639
17644 561042509
17645 561062963
17646 561072401
17647 561080521
17648 561116219
17649 561171511
17650 561216119
17651 561250849
17652 561280549
17653 561298267
17654 561353629
17655 561359977
17656 561401131
17657 561437011
17658 561449197
17659 561484853
17660 561515953
17661 561535867
17662 561610139
17663 561611839
17664 561617677
17665 561648613
17666 561652687
17667 561659543
17668 561702209
17669 561830629
17670 561839723
17671 561897439
17672 562053511
17673 562143649
17674 562147519
17675 562263101
17676 562290529
17677 562324897
17678 562340839
17679 562383487
17680 562440511
17681 562441963
17682 562507409
17683 562522781
17684 562555271
17685 562558553
17686 562721311
17687 562773097
17688 562795967
17689 562830259
17690 562845653
17691 562918087
17692 562933853
17693 562946077
17694 563015963
17695 563073509
17696 563110949
17697 563127671
17698 563173687
17699 563241131
17700 563288503
17701 563320409
17702 563381381
17703 563432609
17704 563534677
17705 563561587
17706 563676931
17707 563687771
17708 563691019
17709 563698661
17710 563720539
17711 563804239
17712 563859581
17713 563900681
17714 563903239
17715 563975957
17716 564010501
17717 564021301
17718 564054419
17719 564060131
17720 564067129
17721 564070729
17722 564071609
17723 564127001
17724 564141829
17725 564144011
17726 564150247
17727 564150649
17728 564192229
17729 564223871
17730 564225301
17731 564262571
17732 564301531
17733 564377941
17734 564399013
17735 564453139
17736 564512609
17737 564541391
17738 564583087
17739 564643903
17740 564652019
17741 564669143
17742 564924071
17743 564987229
17744 565075963
17745 565088723
17746 565116439
17747 565121309
17748 565150639
17749 565223797
17750 565276603
17751 565286413
17752 565314121
17753 565350581
17754 565420729
17755 565513973
17756 565561109
17757 565567213
17758 565718987
17759 565786043
17760 565906951
17761 566061011
17762 566117471
17763 566169829
17764 566239357
17765 566243857
17766 566271319
17767 566325119
17768 566326129
17769 566341249
17770 566350391
17771 566420311
17772 566435803
17773 566445653
17774 566499229
17775 566520671
17776 566531059
17777 566542903
17778 566547533
17779 566561029
17780 566563513
17781 566599699
17782 566610509
17783 566634071
17784 566846957
17785 567067177
17786 567143963
17787 567151933
17788 567222671
17789 567297671
17790 567311449
17791 567358343
17792 567455543
17793 567481951
17794 567540191
17795 567570833
17796 567600581
17797 567610249
17798 567650081
17799 567683203
17800 567849683
17801 568010819
17802 568053667
17803 568074457
17804 568215397
17805 568273513
17806 568292891
17807 568380613
17808 568384967
17809 568399309
17810 568421677
17811 568478033
17812 568532557
17813 568642267
17814 568848281
17815 568881619
17816 569010331
17817 569074951
17818 569152567
17819 569194729
17820 569225081
17821 569246633
17822 569301671
17823 569303219
17824 569350813
17825 569356057
17826 569367761
17827 569428729
17828 569473691
17829 569510219
17830 569538143
17831 569695673
17832 569702713
17833 569775799
17834 569808851
17835 569811703
17836 570009421
17837 570022709
17838 570038719
17839 570107101
17840 570167963
17841 570174491
17842 570263887
17843 570292993
17844 570293011
17845 570309211
17846 570405119
17847 570416311
17848 570417923
17849 570445867
17850 570454481
17851 570492577
17852 570508319
17853 570612649
17854 570629119
17855 570645319
17856 570720247
17857 570723787
17858 570727477
17859 570802709
17860 570805597
17861 570810791
17862 570820121
17863 570833677
17864 570835039
17865 570910121
17866 570976057
17867 571053559
17868 571059371
17869 571102657
17870 571106983
17871 571107001
17872 571142129
17873 571158397
17874 571165409
17875 571189939
17876 571230859
17877 571266049
17878 571279087
17879 571308259
17880 571349377
17881 571361771
17882 571404973
17883 571454291
17884 571515697
17885 571535309
17886 571633159
17887 571724149
17888 571843039
17889 571852109
17890 571878529
17891 571915387
17892 571942853
17893 571986893
17894 572050447
17895 572054047
17896 572074319
17897 572094371
17898 572123257
17899 572136101
17900 572176019
17901 572224871
17902 572324009
17903 572468077
17904 572524867
17905 572725297
17906 572782643
17907 572786771
17908 572812571
17909 572980267
17910 573014411
17911 573076129
17912 573154111
17913 573235867
17914 573246229
17915 573432121
17916 573497629
17917 573506419
17918 573510559
17919 573600421
17920 573652903
17921 573720529
17922 573754087
17923 573758113
17924 573878783
17925 573895661
17926 573928967
17927 574012139
17928 574055857
17929 574056913
17930 574113809
17931 574148753
17932 574190329
17933 574232201
17934 574310257
17935 574425001
17936 574451239
17937 574481029
17938 574566931
17939 574719403
17940 574768751
17941 574771823
17942 574781413
17943 574868699
17944 574940803
17945 574942997
17946 574954921
17947 574995683
17948 575092477
17949 575113619
17950 575177453
17951 575188613
17952 575198203
17953 575321771
17954 575323339
17955 575494057
17956 575513011
17957 575641219
17958 576002701
17959 576045229
17960 576081229
17961 576109297
17962 576179951
17963 576191843
17964 576280181
17965 576300247
17966 576473987
17967 576596213
17968 576690739
17969 576745781
17970 576789071
17971 576822457
17972 576933067
17973 576936013
17974 577002247
17975 577033201
17976 577055029
17977 577241101
17978 577250291
17979 577373413
17980 577397651
17981 577436941
17982 577438781
17983 577567481
17984 577596863
17985 577704019
17986 577752353
17987 577791143
17988 577815067
17989 577854413
17990 577871771
17991 577989779
17992 578121877
17993 578140933
17994 578159203
17995 578172187
17996 578173357
17997 578176253
17998 578196851
17999 578201137
18000 578253187
18001 578276911
18002 578283931
18003 578292931
18004 578339681
18005 578354633
18006 578381941
18007 578420309
18008 578444723
18009 578496551
18010 578521219
18011 578564771
18012 578599009
18013 579014419
18014 579034109
18015 579099799
18016 579133109
18017 579166213
18018 579184967
18019 579308987
18020 579385661
18021 579524167
18022 579554113
18023 579561403
18024 579573413
18025 579604951
18026 579650257
18027 579762709
18028 579787553
18029 579828113
18030 579899191
18031 579980651
18032 580003901
18033 580010611
18034 580057571
18035 580063501
18036 580087477
18037 580122239
18038 580133129
18039 580217887
18040 580233119
18041 580305881
18042 580395743
18043 580416923
18044 580446319
18045 580582853
18046 580648177
18047 580691009
18048 580723973
18049 580731259
18050 580750777
18051 580800029
18052 580800881
18053 580820797
18054 580939871
18055 580961287
18056 581033819
18057 581072021
18058 581086271
18059 581108629
18060 581125781
18061 581193667
18062 581240749
18063 581263021
18064 581290519
18065 581339197
18066 581366287
18067 581409281
18068 581507497
18069 581609009
18070 581620147
18071 581647603
18072 581877103
18073 581912983
18074 581913001
18075 581969699
18076 582044201
18077 582054509
18078 582130421
18079 582133231
18080 582154973
18081 582160459
18082 582268733
18083 582415391
18084 582486739
18085 582506011
18086 582508477
18087 582575633
18088 582674987
18089 582710971
18090 582737167
18091 582804487
18092 582917633
18093 582975053
18094 583013437
18095 583016009
18096 583021759
18097 583105031
18098 583111021
18099 583117519
18100 583127471
18101 583144481
18102 583153391
18103 583180201
18104 583213321
18105 583226471
18106 583281191
18107 583306429
18108 583403591
18109 583411943
18110 583472713
18111 583497671
18112 583556503
18113 583597519
18114 583613923
18115 583707613
18116 583801409
18117 583866013
18118 583893671
18119 583908623
18120 584003501
18121 584037281
18122 584112791
18123 584195987
18124 584273197
18125 584275513
18126 584321629
18127 584444713
18128 584457067
18129 584503519
18130 584524271
18131 584701597
18132 584824087
18133 584849651
18134 584868371
18135 584908213
18136 584925829
18137 584995967
18138 585018001
18139 585028963
18140 585068543
18141 585080011
18142 585082567
18143 585108371
18144 585153229
18145 585234191
18146 585271567
18147 585293077
18148 585337177
18149 585398789
18150 585470467
18151 585475819
18152 585692113
18153 585749963
18154 585783581
18155 585884471
18156 585938291
18157 585958129
18158 586003031
18159 586053001
18160 586076453
18161 586385861
18162 586506367
18163 586582057
18164 586699933
18165 586749971
18166 586784329
18167 586859951
18168 586942523
18169 586958663
18170 586959161
18171 586961423
18172 587095871
18173 587111131
18174 587124371
18175 587150219
18176 587187103
18177 587195423
18178 587322209
18179 587392343
18180 587403209
18181 587410111
18182 587440019
18183 587447911
18184 587485391
18185 587579791
18186 587663809
18187 587676113
18188 587751443
18189 587770303
18190 587921839
18191 587954651
18192 588008119
18193 588100147
18194 588101047
18195 588132397
18196 588265729
18197 588471157
18198 588515813
18199 588526781
18200 588636143
18201 588646609
18202 588681761
18203 588700477
18204 588709391
18205 588772799
18206 588802177
18207 588864319
18208 588981599
18209 588984691
18210 588994199
18211 589033091
18212 589136453
18213 589294939
18214 589320209
18215 589446901
18216 589501219
18217 589657853
18218 589695653
18219 589773773
18220 589801733
18221 589806491
18222 589860619
18223 589969769
18224 590011321
18225 590084239
18226 590159197
18227 590160029
18228 590273381
18229 590290867
18230 590425481
18231 590430809
18232 590433619
18233 590500201
18234 590516497
18235 590657891
18236 590713687
18237 590730619
18238 590758921
18239 590789783
18240 590950387
18241 590990077
18242 590991881
18243 590997139
18244 591009619
18245 591082319
18246 591265567
18247 591282281
18248 591289871
18249 591318229
18250 591405349
18251 591443219
18252 591524963
18253 591531671
18254 591696761
18255 591805091
18256 591869989
18257 591917839
18258 591995783
18259 592002547
18260 592052609
18261 592088633
18262 592120849
18263 592173397
18264 592303121
18265 592306777
18266 592405993
18267 592406011
18268 592442329
18269 592451011
18270 592464097
18271 592480271
18272 592556077
18273 592620011
18274 592653653
18275 592707613
18276 592735643
18277 592736987
18278 592747613
18279 592778509
18280 592832287
18281 592848103
18282 592890533
18283 592918057
18284 592953791
18285 593038129
18286 593126101
18287 593126497
18288 593152867
18289 593181319
18290 593213519
18291 593273029
18292 593294077
18293 593320549
18294 593406577
18295 593450239
18296 593575303
18297 593594629
18298 593635643
18299 593681987
18300 593722109
18301 593759471
18302 593944523
18303 594000983
18304 594053149
18305 594104591
18306 594171577
18307 594204301
18308 594205571
18309 594215767
18310 594253903
18311 594334963
18312 594370963
18313 594458957
18314 594510439
18315 594522119
18316 594559429
18317 594570367
18318 594575203
18319 594602011
18320 594604853
18321 594701291
18322 594818591
18323 594864761
18324 594885139
18325 594921277
18326 594955003
18327 594980681
18328 595023101
18329 595031953
18330 595050877
18331 595061587
18332 595114867
18333 595168433
18334 595209653
18335 595227277
18336 595236703
18337 595267691
18338 595331101
18339 595396429
18340 595439681
18341 595464157
18342 595470097
18343 595647851
18344 595836947
18345 595918751
18346 596003021
18347 596008019
18348 596061371
18349 596097053
18350 596244653
18351 596414557
18352 596524177
18353 596557391
18354 596743921
18355 596795351
18356 596828471
18357 596837789
18358 596882471
18359 596894663
18360 596962609
18361 596965763
18362 597010781
18363 597011953
18364 597029453
18365 597042371
18366 597048157
18367 597061181
18368 597062467
18369 597066403
18370 597068861
18371 597079481
18372 597133039
18373 597222049
18374 597246977
18375 597270097
18376 597272813
18377 597412903
18378 597512843
18379 597562729
18380 597661613
18381 597693409
18382 597759473
18383 597802267
18384 597842911
18385 597891863
18386 597993161
18387 597993499
18388 598050487
18389 598066871
18390 598220767
18391 598416353
18392 598419439
18393 598432357
18394 598447133
18395 598485863
18396 598538929
18397 598540087
18398 598569899
18399 598586119
18400 598594181
18401 598600091
18402 598679273
18403 598729897
18404 598802453
18405 598928261
18406 598932053
18407 598940513
18408 598993489
18409 599002867
18410 599072891
18411 599203853
18412 599254871
18413 599350357
18414 599395091
18415 599418901
18416 599684399
18417 599749151
18418 599751323
18419 599844919
18420 599897153
18421 599944129
18422 600013943
18423 600045421
18424 600077963
18425 600078719
18426 600129949
18427 600143941
18428 600167891
18429 600178639
18430 600228547
18431 600253831
18432 600327457
18433 600359681
18434 600386629
18435 600398497
18436 600417457
18437 600453701
18438 600504601
18439 600508973
18440 600517711
18441 600536501
18442 600580229
18443 600665591
18444 600687209
18445 600706331
18446 600744401
18447 600826619
18448 600854131
18449 600907781
18450 600920557
18451 600971887
18452 600987019
18453 600999713
18454 601004711
18455 601024951
18456 601029301
18457 601040711
18458 601043341
18459 601052611
18460 601096057
18461 601101953
18462 601116847
18463 601127201
18464 601152193
18465 601152809
18466 601158601
18467 601260629
18468 601302701
18469 601365119
18470 601370647
18471 601409909
18472 601524901
18473 601557787
18474 601580101
18475 601605419
18476 601632211
18477 601723319
18478 601735709
18479 601752881
18480 601871359
18481 601944011
18482 602037901
18483 602053093
18484 602105321
18485 602133809
18486 602135531
18487 602147891
18488 602206439
18489 602263001
18490 602267591
18491 602271419
18492 602287201
18493 602363231
18494 602376101
18495 602381309
18496 602397667
18497 602431657
18498 602440439
18499 602485777
18500 602539159
18501 602574619
18502 602608459
18503 602616739
18504 602647973
18505 602692339
18506 602716819
18507 602731111
18508 602792101
18509 602810339
18510 602818973
18511 602840611
18512 602858803
18513 602878643
18514 602895613
18515 602945587
18516 602972471
18517 602975171
18518 603004531
18519 603076459
18520 603090637
18521 603112331
18522 603137749
18523 603142273
18524 603143609
18525 603154511
18526 603174119
18527 603179767
18528 603184819
18529 603213131
18530 603231131
18531 603232411
18532 603256321
18533 603281219
18534 603290749
18535 603310951
18536 603350311
18537 603362819
18538 603391981
18539 603453209
18540 603474419
18541 603492671
18542 603504721
18543 603519529
18544 603595903
18545 603611731
18546 603713347
18547 603760237
18548 603836983
18549 603873577
18550 603889303
18551 603922019
18552 604007801
18553 604122221
18554 604128157
18555 604139359
18556 604223429
18557 604229449
18558 604254829
18559 604268767
18560 604304621
18561 604345943
18562 604364009
18563 604370309
18564 604396297
18565 604411721
18566 604430647
18567 604439239
18568 604463401
18569 604463933
18570 604515511
18571 604571311
18572 604572211
18573 604613039
18574 604643201
18575 604659967
18576 604673677
18577 604705109
18578 604750709
18579 604757467
18580 604827229
18581 604897781
18582 604971667
18583 605032619
18584 605117231
18585 605133073
18586 605136209
18587 605142859
18588 605151419
18589 605153231
18590 605251993
18591 605324347
18592 605433221
18593 605501339
18594 605506549
18595 605561953
18596 605579413
18597 605608571
18598 605614619
18599 605660221
18600 605744471
18601 605776643
18602 606006521
18603 606010711
18604 606017101
18605 606031051
18606 606053501
18607 606055943
18608 606059677
18609 606060011
18610 606083591
18611 606090337
18612 606095767
18613 606186397
18614 606196109
18615 606257381
18616 606303811
18617 606305839
18618 606341321
18619 606380519
18620 606383587
18621 606425539
18622 606503231
18623 606530129
18624 606557713
18625 606594367
18626 606602039
18627 606629081
18628 606664271
18629 606739267
18630 606743857
18631 606751391
18632 606801973
18633 606862387
18634 607080739
18635 607097713
18636 607120273
18637 607143209
18638 607223521
18639 607237597
18640 607242953
18641 607246429
18642 607254787
18643 607318597
18644 607331411
18645 607343629
18646 607371301
18647 607380121
18648 607438567
18649 607461259
18650 607547081
18651 607582853
18652 607588057
18653 607606973
18654 607814983
18655 607891267
18656 607900031
18657 607916081
18658 607922677
18659 607926457
18660 607950487
18661 607968323
18662 607970081
18663 608012557
18664 608045131
18665 608070131
18666 608088277
18667 608097019
18668 608155409
18669 608262509
18670 608276197
18671 608342681
18672 608386267
18673 608416429
18674 608426587
18675 608469881
18676 608499233
18677 608506571
18678 608521691
18679 608549413
18680 608563129
18681 608565019
18682 608617813
18683 608634577
18684 608665357
18685 608686523
18686 608712529
18687 608735467
18688 608830867
18689 608863357
18690 608887571
18691 608910259
18692 608924119
18693 608927633
18694 608991067
18695 609004139
18696 609005101
18697 609082933
18698 609110939
18699 609197077
18700 609241057
18701 609268087
18702 609310111
18703 609355297
18704 609376087
18705 609443011
18706 609528833
18707 609550519
18708 609615973
18709 609670091
18710 609752557
18711 609785243
18712 609910201
18713 609939851
18714 609978023
18715 610006151
18716 610082021
18717 610087943
18718 610091221
18719 610112621
18720 610149559
18721 610232473
18722 610298291
18723 610307609
18724 610334993
18725 610367137
18726 610412941
18727 610446131
18728 610495429
18729 610508039
18730 610518829
18731 610535983
18732 610592629
18733 610598029
18734 610700501
18735 610706321
18736 610737877
18737 610784149
18738 610804357
18739 610820647
18740 610828409
18741 610830547
18742 610881529
18743 610904101
18744 610911929
18745 610926419
18746 611054429
18747 611113829
18748 611119939
18749 611163929
18750 611179867
18751 611185501
18752 611248321
18753 611288219
18754 611364991
18755 611367121
18756 611409739
18757 611415419
18758 611463511
18759 611471501
18760 611498081
18761 611511311
18762 611528311
18763 611554781
18764 611574211
18765 611584409
18766 611602031
18767 611645933
18768 611651437
18769 611655787
18770 611681887
18771 611683687
18772 611692481
18773 611756381
18774 611846857
18775 611930819
18776 611971597
18777 612049729
18778 612066029
18779 612079777
18780 612304709
18781 612322141
18782 612346237
18783 612440519
18784 612488803
18785 612543401
18786 612551839
18787 612581131
18788 612592867
18789 612668009
18790 612713909
18791 612791677
18792 612842221
18793 612849187
18794 612890587
18795 612906121
18796 612912739
18797 612921157
18798 613018421
18799 613056991
18800 613062859
18801 613098667
18802 613170721
18803 613179997
18804 613259239
18805 613300511
18806 613318781
18807 613321619
18808 613365787
18809 613421621
18810 613443791
18811 613473031
18812 613515157
18813 613558181
18814 613625009
18815 613653529
18816 613707509
18817 613810111
18818 613843339
18819 613878739
18820 613890191
18821 613898591
18822 613932037
18823 613935281
18824 613952767
18825 613996921
18826 614062447
18827 614096677
18828 614123519
18829 614123737
18830 614143531
18831 614165221
18832 614171321
18833 614204737
18834 614241631
18835 614264401
18836 614283211
18837 614301131
18838 614321021
18839 614365777
18840 614382011
18841 614576467
18842 614605619
18843 614621983
18844 614844397
18845 614943757
18846 614952139
18847 614991613
18848 615045511
18849 615053963
18850 615113021
18851 615162029
18852 615188377
18853 615221731
18854 615350129
18855 615392587
18856 615525961
18857 615561509
18858 615585277
18859 615591209
18860 615633923
18861 615669533
18862 615705301
18863 615717913
18864 615738703
18865 615767813
18866 615795157
18867 615896681
18868 615906371
18869 615926081
18870 615935557
18871 615950677
18872 615999023
18873 616012619
18874 616043437
18875 616047787
18876 616176397
18877 616213849
18878 616227923
18879 616250321
18880 616252943
18881 616270019
18882 616306619
18883 616350829
18884 616403219
18885 616408201
18886 616414501
18887 616419487
18888 616491191
18889 616539071
18890 616549553
18891 616594087
18892 616600409
18893 616604449
18894 616676413
18895 616700411
18896 616767313
18897 616864603
18898 616910719
18899 617007337
18900 617076487
18901 617157577
18902 617165309
18903 617208259
18904 617210821
18905 617230319
18906 617361923
18907 617398921
18908 617454319
18909 617624419
18910 617626271
18911 617658157
18912 617688413
18913 617692951
18914 617703301
18915 617708843
18916 617721491
18917 617722867
18918 617847353
18919 617856623
18920 617863823
18921 617938523
18922 617950271
18923 617957423
18924 618019687
18925 618067271
18926 618146983
18927 618150119
18928 618151147
18929 618238297
18930 618292271
18931 618333439
18932 618393613
18933 618454181
18934 618503609
18935 618515101
18936 618542963
18937 618609071
18938 618654019
18939 618863503
18940 618944413
18941 618967519
18942 619031983
18943 619042321
18944 619047577
18945 619054993
18946 619058287
18947 619070359
18948 619091471
18949 619127239
18950 619143697
18951 619150943
18952 619189253
18953 619211347
18954 619224509
18955 619230991
18956 619454081
18957 619525219
18958 619557403
18959 619558967
18960 619776671
18961 619801687
18962 619831567
18963 619863931
18964 619873819
18965 619916987
18966 619921657
18967 619948939
18968 619995799
18969 620063173
18970 620066611
18971 620086963
18972 620110943
18973 620142401
18974 620213051
18975 620307859
18976 620314529
18977 620338639
18978 620451547
18979 620461601
18980 620496757
18981 620507891
18982 620574259
18983 620602183
18984 620625829
18985 620628923
18986 620642219
18987 620664943
18988 620733991
18989 620734897
18990 620772301
18991 620834971
18992 620908571
18993 620949097
18994 620952491
18995 620980319
18996 621016301
18997 621024629
18998 621043321
18999 621069349
19000 621106631
19001 621217601
19002 621259409
19003 621303421
19004 621326891
19005 621344257
19006 621354247
19007 621390739
19008 621396371
19009 621441419
19010 621483439
19011 621542039
19012 621568271
19013 621620173
19014 621621431
19015 621722839
19016 621762259
19017 621826571
19018 621850459
19019 621890963
19020 621898639
19021 621988303
19022 622070201
19023 622085449
19024 622092209
19025 622141411
19026 622144409
19027 622163231
19028 622164209
19029 622167349
19030 622170239
19031 622175887
19032 622189657
19033 622222093
19034 622233901
19035 622316659
19036 622364539
19037 622426237
19038 622448923
19039 622450421
19040 622491787
19041 622553401
19042 622605601
19043 622654481
19044 622764049
19045 622854319
19046 622858997
19047 622865753
19048 622885177
19049 622914581
19050 622942429
19051 622950491
19052 623024711
19053 623062229
19054 623081819
19055 623091739
19056 623100811
19057 623122921
19058 623154209
19059 623158391
19060 623180521
19061 623184349
19062 623194409
19063 623234431
19064 623313631
19065 623332537
19066 623359019
19067 623368219
19068 623376371
19069 623393471
19070 623443411
19071 623466667
19072 623512711
19073 623515729
19074 623583229
19075 623675119
19076 623713781
19077 623766277
19078 623801231
19079 623819197
19080 623925139
19081 623954119
19082 624013121
19083 624041801
19084 624089009
19085 624092401
19086 624125819
19087 624196297
19088 624250447
19089 624262147
19090 624267757
19091 624277019
19092 624294119
19093 624306601
19094 624353449
19095 624354923
19096 624394567
19097 624428471
19098 624572329
19099 624594071
19100 624605591
19101 624723529
19102 624854467
19103 624886343
19104 624941923
19105 625006001
19106 625028449
19107 625031557
19108 625036031
19109 625039021
19110 625120949
19111 625121201
19112 625135019
19113 625162781
19114 625163519
19115 625322521
19116 625333031
19117 625446209
19118 625654039
19119 625690477
19120 625700129
19121 625726853
19122 625730681
19123 625776623
19124 625799651
19125 625807019
19126 625861813
19127 625891267
19128 625911037
19129 625948343
19130 626039497
19131 626075239
19132 626205511
19133 626219471
19134 626243953
19135 626245429
19136 626304739
19137 626305819
19138 626330219
19139 626334101
19140 626349923
19141 626440943
19142 626450021
19143 626467643
19144 626575603
19145 626727833
19146 626730301
19147 626750381
19148 626793313
19149 626824903
19150 626833271
19151 626859671
19152 626872823
19153 626930767
19154 626967233
19155 626985529
19156 627005437
19157 627027581
19158 627152719
19159 627245767
19160 627310139
19161 627331321
19162 627350519
19163 627395723
19164 627400849
19165 627451973
19166 627470059
19167 627612619
19168 627616963
19169 627676433
19170 627739639
19171 627757253
19172 627814219
19173 627893911
19174 627951743
19175 628032221
19176 628064291
19177 628228091
19178 628242983
19179 628243001
19180 628247119
19181 628370497
19182 628429177
19183 628573177
19184 628578529
19185 628629919
19186 628800923
19187 628866893
19188 628900933
19189 628917881
19190 628958471
19191 628983491
19192 629010983
19193 629295313
19194 629315329
19195 629361487
19196 629364187
19197 629366723
19198 629390843
19199 629410231
19200 629433913
19201 629438839
19202 629439443
19203 629446087
19204 629504677
19205 629545603
19206 629560387
19207 629662997
19208 629701571
19209 629751277
19210 629757619
19211 629766439
19212 629979899
19213 630073531
19214 630107801
19215 630129937
19216 630163537
19217 630170531
19218 630193549
19219 630235759
19220 630239887
19221 630283691
19222 630284609
19223 630370759
19224 630386587
19225 630387229
19226 630397297
19227 630433537
19228 630485857
19229 630517781
19230 630561559
19231 630581401
19232 630582529
19233 630585209
19234 630732209
19235 630733639
19236 630742459
19237 630783229
19238 630827011
19239 630907021
19240 630917767
19241 631011721
19242 631020631
19243 631022501
19244 631127983
19245 631147549
19246 631176037
19247 631178239
19248 631220321
19249 631237109
19250 631238401
19251 631283111
19252 631302241
19253 631314521
19254 631347961
19255 631459567
19256 631467191
19257 631508021
19258 631578613
19259 631603537
19260 631604011
19261 631611859
19262 631711111
19263 631719577
19264 631745923
19265 631752509
19266 631795553
19267 631840031
19268 631917973
19269 631940539
19270 631977713
19271 632015911
19272 632019247
19273 632054219
19274 632173819
19275 632212709
19276 632215849
19277 632221831
19278 632240821
19279 632266519
19280 632284021
19281 632322101
19282 632354719
19283 632362411
19284 632379967
19285 632410619
19286 632421721
19287 632472923
19288 632515943
19289 632542237
19290 632600609
19291 632639009
19292 632746297
19293 632771149
19294 632827297
19295 632856097
19296 632872091
19297 633036421
19298 633039259
19299 633065933
19300 633071039
19301 633078209
19302 633111601
19303 633122647
19304 633153421
19305 633174037
19306 633220831
19307 633226301
19308 633258973
19309 633281797
19310 633327983
19311 633332309
19312 633361321
19313 633380519
19314 633415231
19315 633419239
19316 633439813
19317 633520973
19318 633571391
19319 633682963
19320 633698243
19321 633702973
19322 633723697
19323 633837097
19324 633846833
19325 633899509
19326 634041547
19327 634067923
19328 634130737
19329 634141759
19330 634157309
19331 634185397
19332 634206739
19333 634225231
19334 634226009
19335 634286377
19336 634323973
19337 634352137
19338 634354867
19339 634390319
19340 634405301
19341 634490239
19342 634527371
19343 634531301
19344 634625587
19345 634631449
19346 634657643
19347 634680757
19348 634809187
19349 634822021
19350 635018719
19351 635022929
19352 635065021
19353 635071211
19354 635080031
19355 635126131
19356 635130121
19357 635145697
19358 635153887
19359 635184371
19360 635187277
19361 635203001
19362 635248813
19363 635273329
19364 635295833
19365 635297891
19366 635363587
19367 635464477
19368 635503459
19369 635527129
19370 635543219
19371 635589233
19372 635631877
19373 635655367
19374 635699927
19375 635903923
19376 635979863
19377 636004319
19378 636016943
19379 636033953
19380 636184963
19381 636208021
19382 636217409
19383 636233629
19384 636250019
19385 636456097
19386 636512111
19387 636520109
19388 636581713
19389 636612037
19390 636703201
19391 636740857
19392 636883921
19393 636947771
19394 637001531
19395 637033057
19396 637033963
19397 637042981
19398 637064677
19399 637081519
19400 637198921
19401 637260031
19402 637343767
19403 637404101
19404 637410511
19405 637452191
19406 637520131
19407 637620787
19408 637630159
19409 637686103
19410 637801429
19411 637813567
19412 637941277
19413 638001031
19414 638016923
19415 638019757
19416 638019913
19417 638063471
19418 638087077
19419 638112247
19420 638147557
19421 638286533
19422 638352229
19423 638367157
19424 638442281
19425 638454367
19426 638497609
19427 638535743
19428 638561713
19429 638676413
19430 638694439
19431 638780167
19432 638782213
19433 638830219
19434 638854819
19435 638909951
19436 638912119
19437 639025571
19438 639175087
19439 639219923
19440 639221971
19441 639244019
19442 639342049
19443 639520339
19444 639596239
19445 639667571
19446 639720119
19447 639753157
19448 639850553
19449 639903703
19450 639947213
19451 639979799
19452 640026547
19453 640035701
19454 640042657
19455 640066619
19456 640090229
19457 640114439
19458 640175449
19459 640182247
19460 640208839
19461 640289557
19462 640306319
19463 640332239
19464 640337311
19465 640355591
19466 640445719
19467 640476913
19468 640483201
19469 640506247
19470 640522139
19471 640684813
19472 640729387
19473 640773139
19474 640810601
19475 640852021
19476 640934219
19477 640949077
19478 640999481
19479 641012857
19480 641054891
19481 641106901
19482 641169371
19483 641251001
19484 641314537
19485 641341601
19486 641345449
19487 641416109
19488 641451221
19489 641464867
19490 641547913
19491 641616419
19492 641752973
19493 641843011
19494 641846197
19495 641881091
19496 641892367
19497 641916371
19498 641979323
19499 641991071
19500 642000341
19501 642041201
19502 642073231
19503 642150329
19504 642151849
19505 642174121
19506 642198743
19507 642290591
19508 642323431
19509 642369019
19510 642383219
19511 642399313
19512 642461591
19513 642510509
19514 642551047
19515 642551933
19516 642564229
19517 642587453
19518 642642509
19519 642707587
19520 642738277
19521 642749077
19522 642760319
19523 642771209
19524 642823777
19525 642835091
19526 642881713
19527 642927613
19528 643081031
19529 643122509
19530 643182961
19531 643189553
19532 643198357
19533 643223039
19534 643233719
19535 643249813
19536 643317419
19537 643325933
19538 643420801
19539 643473119
19540 643569713
19541 643645657
19542 643666267
19543 643683743
19544 643785313
19545 643824281
19546 644024501
19547 644034311
19548 644086903
19549 644182159
19550 644183219
19551 644238229
19552 644251549
19553 644261311
19554 644313601
19555 644329853
19556 644360449
19557 644368513
19558 644375009
19559 644395267
19560 644444923
19561 644725297
19562 644757829
19563 644908087
19564 644910349
19565 644943743
19566 645066229
19567 645071719
19568 645083149
19569 645087019
19570 645202357
19571 645210521
19572 645241301
19573 645242539
19574 645302011
19575 645312719
19576 645335149
19577 645389153
19578 645410431
19579 645450529
19580 645523481
19581 645599509
19582 645874967
19583 645897919
19584 645909881
19585 645910249
19586 645983203
19587 646041881
19588 646057297
19589 646117001
19590 646155229
19591 646226767
19592 646287931
19593 646290397
19594 646303549
19595 646307983
19596 646308001
19597 646355557
19598 646367987
19599 646387213
19600 646479761
19601 646537267
19602 646556543
19603 646622329
19604 646638931
19605 646664413
19606 646695851
19607 646746533
19608 646793333
19609 646812319
19610 646881533
19611 646939313
19612 646990639
19613 647042971
19614 647117239
19615 647152201
19616 647242867
19617 647293643
19618 647320943
19619 647341993
19620 647350687
19621 647428603
19622 647432419
19623 647460139
19624 647606171
19625 647645813
19626 647666333
19627 647669419
19628 647690891
19629 647758313
19630 647800159
19631 647924633
19632 648028567
19633 648032519
19634 648035497
19635 648064477
19636 648084277
19637 648298429
19638 648305767
19639 648316297
19640 648343181
19641 648382643
19642 648387491
19643 648426367
19644 648480277
19645 648489683
19646 648536257
19647 648574781
19648 648592729
19649 648779171
19650 648871871
19651 648883043
19652 649043309
19653 649103519
19654 649146613
19655 649202221
19656 649212037
19657 649240597
19658 649262753
19659 649308743
19660 649315091
19661 649459519
19662 649522219
19663 649524613
19664 649721081
19665 649792391
19666 649847789
19667 649862771
19668 649871333
19669 650056619
19670 650061457
19671 650071001
19672 650075401
19673 650108891
19674 650132311
19675 650160701
19676 650193491
19677 650213737
19678 650323139
19679 650372131
19680 650377271
19681 650422537
19682 650436491
19683 650442809
19684 650484577
19685 650546219
19686 650546381
19687 650568097
19688 650605639
19689 650608201
19690 650621819
19691 650631809
19692 650709049
19693 650717677
19694 650832349
19695 651141859
19696 651150547
19697 651174619
19698 651213929
19699 651262321
19700 651317137
19701 651361709
19702 651391339
19703 651402457
19704 651431909
19705 651437497
19706 651518059
19707 651571201
19708 651609281
19709 651700993
19710 651702209
19711 651720029
19712 651725219
19713 651806963
19714 651839453
19715 651893633
19716 651917009
19717 651926287
19718 652026719
19719 652034909
19720 652051601
19721 652084319
19722 652154137
19723 652215029
19724 652215401
19725 652240801
19726 652242001
19727 652305029
19728 652383049
19729 652395743
19730 652524671
19731 652538713
19732 652660597
19733 652711639
19734 652739981
19735 652762181
19736 652870181
19737 652958539
19738 652961377
19739 653007401
19740 653068271
19741 653087081
19742 653171111
19743 653173777
19744 653190697
19745 653243519
19746 653318101
19747 653402011
19748 653512781
19749 653523011
19750 653589103
19751 653613787
19752 653675453
19753 653715487
19754 653728087
19755 653920571
19756 653943457
19757 653979371
19758 653982353
19759 653995939
19760 654033649
19761 654055429
19762 654113039
19763 654164219
19764 654236497
19765 654314021
19766 654332933
19767 654350131
19768 654350401
19769 654362587
19770 654384457
19771 654467813
19772 654538553
19773 654609457
19774 654618277
19775 654720491
19776 654727643
19777 654775691
19778 654914119
19779 655020901
19780 655111601
19781 655133953
19782 655160111
19783 655183387
19784 655216201
19785 655231237
19786 655304971
19787 655341877
19788 655369303
19789 655435091
19790 655577423
19791 655641229
19792 655722667
19793 655787471
19794 655830757
19795 655837057
19796 655956709
19797 655971881
19798 656016671
19799 656027963
19800 656179523
19801 656204359
19802 656321681
19803 656440867
19804 656503571
19805 656520037
19806 656535277
19807 656628067
19808 656632271
19809 656694893
19810 656722387
19811 656745403
19812 656802319
19813 656803963
19814 656952533
19815 657038843
19816 657061571
19817 657112501
19818 657198947
19819 657201119
19820 657252139
19821 657271129
19822 657279053
19823 657332471
19824 657343039
19825 657356633
19826 657399191
19827 657442091
19828 657463603
19829 657543703
19830 657595481
19831 657619343
19832 657942067
19833 658031629
19834 658088911
19835 658161487
19836 658165513
19837 658215209
19838 658274413
19839 658377901
19840 658405129
19841 658544839
19842 658581353
19843 658624823
19844 658855313
19845 658877753
19846 658878589
19847 658915613
19848 658929863
19849 658939271
19850 659044039
19851 659121877
19852 659183633
19853 659207713
19854 659241371
19855 659302867
19856 659517977
19857 659580443
19858 659614177
19859 659737571
19860 659747471
19861 659850157
19862 660032557
19863 660037871
19864 660134819
19865 660180421
19866 660183619
19867 660238993
19868 660240701
19869 660252991
19870 660408349
19871 660412229
19872 660452021
19873 660470359
19874 660482149
19875 660505231
19876 660506311
19877 660530749
19878 660632311
19879 660670111
19880 660685087
19881 660705349
19882 660720157
19883 660812137
19884 660838357
19885 660857839
19886 660858313
19887 660886433
19888 660912011
19889 660917753
19890 660924119
19891 660934903
19892 661023431
19893 661052839
19894 661129867
19895 661158209
19896 661172201
19897 661181449
19898 661276963
19899 661354571
19900 661367753
19901 661424539
19902 661472587
19903 661499203
19904 661528129
19905 661556009
19906 661602001
19907 661603109
19908 661996799
19909 662041021
19910 662177171
19911 662266019
19912 662382397
19913 662403649
19914 662520337
19915 662520401
19916 662553667
19917 662628613
19918 662804497
19919 662891543
19920 662913319
19921 662932903
19922 662978471
19923 663030239
19924 663032611
19925 663046973
19926 663093577
19927 663100183
19928 663104219
19929 663156049
19930 663211621
19931 663261259
19932 663342961
19933 663356081
19934 663428081
19935 663464119
19936 663467503
19937 663545119
19938 663590119
19939 663643109
19940 663817267
19941 663870703
19942 663892613
19943 663910409
19944 664002811
19945 664005649
19946 664015897
19947 664072001
19948 664073219
19949 664090249
19950 664152121
19951 664166803
19952 664193377
19953 664245397
19954 664298771
19955 664362119
19956 664445557
19957 664501619
19958 664620211
19959 664622419
19960 664651109
19961 664661029
19962 664681643
19963 664763987
19964 664775513
19965 664829629
19966 664849223
19967 664947013
19968 664968229
19969 664970723
19970 664989161
19971 665093029
19972 665094457
19973 665131031
19974 665171497
19975 665211973
19976 665240591
19977 665275733
19978 665322349
19979 665484881
19980 665491553
19981 665520509
19982 665522857
19983 665577851
19984 665593967
19985 665620429
19986 665623853
19987 665709881
19988 665716603
19989 665764691
19990 665796799
19991 665803297
19992 665827343
19993 666011309
19994 666065171
19995 666069829
19996 666144001
19997 666217219
19998 666287861
19999 666356839
20000 666370813
