1 11
2 59
3 101
4 149
5 167
6 257
7 293
8 367
9 419
10 479
11 547
12 617
13 727
14 839
15 1409
16 1579
17 1847
18 2039
19 2129
20 2617
21 2657
22 2837
23 3449
24 3517
25 3539
26 3607
27 3719
28 4217
29 4637
30 4877
31 5689
32 5807
33 5861
34 6037
35 6257
36 6761
37 7027
38 7517
39 8039
40 8741
41 8969
42 9371
43 9377
44 10667
45 10847
46 10937
47 11257
48 11299
49 11657
50 11897
51 12227
52 12379
53 13147
54 13457
55 13709
56 14407
57 14717
58 15107
59 16319
60 16979
61 17107
62 18287
63 18461
64 20369
65 21377
66 21557
67 22109
68 22349
69 23971
70 24091
71 24499
72 25771
73 26417
74 27407
75 27751
76 29573
77 30449
78 30809
79 31237
80 33587
81 33589
82 33851
83 35129
84 36209
85 36887
86 37019
87 37097
88 37831
89 38261
90 38351
91 38933
92 39521
93 40787
94 41117
95 41227
96 41627
97 42307
98 42677
99 43207
100 43607
101 45119
102 45289
103 45821
104 46307
105 46811
106 47777
107 47843
108 48563
109 48761
110 49991
111 50207
112 50599
113 50951
114 51419
115 52951
116 53129
117 53507
118 54377
119 54773
120 55871
121 56999
122 57653
123 58151
124 59387
125 60617
126 61027
127 62299
128 64189
129 65371
130 65777
131 68501
132 68611
133 69931
134 70157
135 70207
136 70229
137 71039
138 71387
139 71671
140 72461
141 72911
142 73019
143 73561
144 73651
145 74177
146 74531
147 74687
148 74771
149 74843
150 75941
151 76421
152 77521
153 79561
154 79631
155 79873
156 80471
157 80761
158 80963
159 81197
160 82189
161 83089
162 83177
163 83641
164 83843
165 84659
166 85061
167 85643
168 86161
169 87623
170 89939
171 90199
172 90821
173 91943
174 92177
175 93497
176 93923
177 94421
178 95857
179 96263
180 96931
181 97523
182 98849
183 101347
184 104597
185 106661
186 107057
187 107671
188 108007
189 109859
190 110237
191 110459
192 110527
193 110567
194 110729
195 110927
196 111029
197 111467
198 111827
199 113027
200 114671
201 115751
202 116989
203 117731
204 118127
205 119027
206 119771
207 120209
208 120889
209 121327
210 122027
211 123499
212 124771
213 125921
214 126317
215 128461
216 130057
217 130079
218 132499
219 133999
220 134039
221 135979
222 136189
223 136277
224 139397
225 140191
226 141107
227 141509
228 141587
229 143477
230 144379
231 144731
232 148151
233 148931
234 149459
235 151337
236 153407
237 155027
238 155663
239 155773
240 155861
241 156659
242 157061
243 157771
244 157841
245 159287
246 160841
247 161017
248 161741
249 162209
250 163109
251 163127
252 164999
253 165161
254 165673
255 166571
256 166643
257 166979
258 169321
259 170327
260 170851
261 171863
262 172127
263 172541
264 174631
265 175061
266 175573
267 176651
268 177883
269 178831
270 178873
271 179261
272 179591
273 180289
274 180371
275 180751
276 181019
277 181981
278 182999
279 183451
280 184463
281 185651
282 187163
283 188311
284 188801
285 189901
286 192497
287 192583
288 192811
289 193951
290 194071
291 194521
292 196523
293 196927
294 197063
295 197221
296 198301
297 198899
298 198901
299 199049
300 199889
301 201557
302 202099
303 202327
304 210157
305 210247
306 210391
307 210719
308 211217
309 211619
310 212117
311 213989
312 214007
313 215309
314 218171
315 219587
316 220147
317 220877
318 221807
319 222347
320 223319
321 223999
322 224129
323 227371
324 228587
325 228961
326 229261
327 229373
328 229487
329 229771
330 230047
331 230807
332 230999
333 231017
334 231871
335 237851
336 238649
337 239231
338 239297
339 239671
340 241229
341 241517
342 241931
343 243911
344 244451
345 245849
346 247553
347 247739
348 248477
349 248723
350 250027
351 253763
352 255107
353 255653
354 256661
355 257921
356 258421
357 259691
358 259781
359 260893
360 261379
361 262877
362 262949
363 263171
364 263821
365 263849
366 264071
367 264839
368 267803
369 268781
370 269041
371 269177
372 269513
373 271981
374 272911
375 273107
376 274061
377 274751
378 274829
379 275651
380 275941
381 276883
382 277051
383 278087
384 278177
385 278591
386 280541
387 281207
388 281621
389 281933
390 283771
391 284723
392 287159
393 287821
394 288077
395 288361
396 288493
397 290971
398 291701
399 293701
400 295187
401 295259
402 295411
403 295541
404 295693
405 295837
406 296221
407 296519
408 297581
409 299699
410 300719
411 301907
412 303307
413 304049
414 304517
415 305017
416 305741
417 307859
418 307969
419 308621
420 308999
421 309251
422 309493
423 310439
424 314219
425 316859
426 317771
427 318161
428 318653
429 318749
430 319993
431 320627
432 321961
433 322229
434 322571
435 322607
436 324931
437 325901
438 329729
439 330037
440 330217
441 333029
442 335009
443 335641
444 336929
445 338141
446 338293
447 338383
448 338893
449 339263
450 340409
451 342841
452 344759
453 344801
454 345431
455 346373
456 346393
457 347161
458 347561
459 348401
460 348883
461 349343
462 349871
463 350989
464 351731
465 352361
466 354587
467 355007
468 356893
469 357661
470 358031
471 360007
472 360289
473 360953
474 362371
475 363017
476 363497
477 363541
478 363659
479 364621
480 364979
481 366841
482 368171
483 370451
484 371999
485 373151
486 374729
487 375449
488 375533
489 377171
490 377711
491 378967
492 380441
493 380951
494 382331
495 382601
496 383633
497 383891
498 383909
499 384751
500 385831
501 387077
502 388111
503 389161
504 389659
505 391351
506 391553
507 392363
508 393551
509 394259
510 394501
511 395261
512 396301
513 397829
514 398011
515 398341
516 400093
517 400307
518 401179
519 403661
520 403979
521 404969
522 405029
523 405227
524 406361
525 407177
526 407573
527 407801
528 408659
529 408743
530 409841
531 410999
532 411127
533 411589
534 411679
535 415631
536 417161
537 417251
538 418331
539 418771
540 418861
541 419141
542 419893
543 422057
544 423209
545 423461
546 424471
547 426583
548 427957
549 428251
550 429791
551 429911
552 430861
553 432007
554 432317
555 433981
556 434849
557 435923
558 439349
559 439541
560 440507
561 442763
562 443711
563 444833
564 447311
565 447449
566 447757
567 447793
568 448093
569 448741
570 448873
571 449243
572 449261
573 451873
574 452171
575 453923
576 454577
577 455761
578 455941
579 456623
580 457411
581 457837
582 457987
583 460099
584 460949
585 461861
586 462871
587 463483
588 463829
589 464561
590 464741
591 467371
592 467531
593 468581
594 468817
595 470179
596 470933
597 471901
598 473453
599 473471
600 473611
601 473729
602 474241
603 475271
604 475523
605 475831
606 476647
607 478139
608 478571
609 480071
610 480521
611 480941
612 482051
613 483551
614 485021
615 488321
616 489959
617 490559
618 491273
619 491297
620 491969
621 493859
622 495749
623 497291
624 497929
625 498689
626 498937
627 501617
628 502409
629 502841
630 503969
631 505097
632 506551
633 507077
634 508841
635 509543
636 509633
637 509741
638 510217
639 516563
640 516653
641 516673
642 517577
643 518741
644 519551
645 522289
646 522371
647 522887
648 524939
649 525671
650 525923
651 526483
652 526649
653 529097
654 529691
655 530507
656 531821
657 532307
658 532949
659 533777
660 535957
661 536453
662 536857
663 538529
664 542441
665 542687
666 542771
667 544861
668 546263
669 547273
670 547471
671 547709
672 548201
673 548557
674 548827
675 550969
676 551911
677 554891
678 554893
679 555461
680 556253
681 556709
682 557423
683 558431
684 560117
685 560171
686 560207
687 564197
688 564359
689 566911
690 567011
691 567101
692 570071
693 571751
694 572549
695 572941
696 575591
697 576671
698 576721
699 576899
700 576967
701 580733
702 581947
703 582601
704 584593
705 585839
706 586403
707 586571
708 587101
709 587381
710 587749
711 588359
712 588937
713 589181
714 591421
715 591601
716 592073
717 592321
718 592693
719 593513
720 595313
721 595319
722 596231
723 596251
724 597599
725 598093
726 598853
727 599719
728 600217
729 601397
730 605551
731 605861
732 606017
733 608383
734 608633
735 609173
736 610661
737 613451
738 613673
739 614849
740 616463
741 616643
742 619253
743 621317
744 622109
745 623261
746 626341
747 626723
748 629939
749 632351
750 634483
751 634649
752 635363
753 637097
754 637277
755 637691
756 638959
757 639671
758 640019
759 640859
760 642871
761 644383
762 646859
763 647551
764 647593
765 649717
766 649799
767 649829
768 651251
769 652241
770 652573
771 652931
772 653903
773 655901
774 656939
775 657413
776 657583
777 658351
778 658573
779 658807
780 659251
781 660923
782 661823
783 663539
784 664529
785 665153
786 666493
787 667351
788 667649
789 667801
790 669649
791 669847
792 669869
793 671921
794 674683
795 675071
796 675161
797 675239
798 675541
799 676043
800 678739
801 680293
802 680411
803 681997
804 684493
805 685393
806 687359
807 688657
808 689081
809 690629
810 690997
811 691349
812 691693
813 691871
814 692249
815 694313
816 694481
817 694919
818 700067
819 700319
820 701507
821 701741
822 703673
823 703981
824 704687
825 705871
826 707293
827 709349
828 715151
829 715801
830 716633
831 717533
832 718657
833 719683
834 721037
835 722027
836 723271
837 723563
838 723901
839 724487
840 724601
841 725293
842 727703
843 728647
844 729493
845 730853
846 732493
847 733373
848 733559
849 733823
850 735061
851 735283
852 735359
853 735997
854 736927
855 737083
856 738839
857 739061
858 742559
859 744371
860 746171
861 746773
862 748481
863 748849
864 750653
865 751841
866 752251
867 753197
868 754073
869 755371
870 758071
871 759719
872 760531
873 762539
874 763349
875 763523
876 763859
877 765143
878 767521
879 769091
880 769231
881 770741
882 770813
883 771937
884 772631
885 772949
886 774491
887 775601
888 775711
889 776947
890 777209
891 780809
892 782429
893 782641
894 783721
895 784481
896 784649
897 785303
898 785839
899 786311
900 787057
901 787439
902 788317
903 789709
904 791849
905 792581
906 792907
907 793043
908 793711
909 793939
910 794879
911 795427
912 796769
913 797003
914 798569
915 802783
916 803441
917 804493
918 806549
919 807193
920 809737
921 811099
922 811697
923 811871
924 815231
925 815411
926 815459
927 818249
928 818339
929 819457
930 819899
931 820873
932 821971
933 823261
934 823351
935 823601
936 824701
937 824921
938 825551
939 825959
940 829151
941 831587
942 831653
943 832861
944 833477
945 835859
946 836159
947 838021
948 838403
949 839381
950 842161
951 842293
952 844121
953 845683
954 846361
955 847043
956 848101
957 848839
958 849997
959 850331
960 850951
961 851231
962 852263
963 852847
964 855983
965 856441
966 857341
967 858241
968 859031
969 859619
970 862097
971 863131
972 864581
973 865043
974 865061
975 865717
976 865801
977 866963
978 869809
979 870131
980 872959
981 874711
982 875929
983 876203
984 877871
985 878131
986 878737
987 879259
988 881159
989 881641
990 882631
991 883061
992 883391
993 883483
994 884309
995 885331
996 885421
997 885881
998 886349
999 887827
1000 888961
1001 890441
1002 891251
1003 891491
1004 892531
1005 893033
1006 893381
1007 894193
1008 894221
1009 894371
1010 899149
1011 902261
1012 904483
1013 904733
1014 906751
1015 907073
1016 907657
1017 907693
1018 908153
1019 908513
1020 908731
1021 911663
1022 913739
1023 916259
1024 916451
1025 917771
1026 917849
1027 918329
1028 918581
1029 918949
1030 920371
1031 921761
1032 922261
1033 923903
1034 924719
1035 925949
1036 926131
1037 926351
1038 928559
1039 929431
1040 929501
1041 929549
1042 933151
1043 933221
1044 934259
1045 934613
1046 936659
1047 936967
1048 937511
1049 937627
1050 938219
1051 938309
1052 941947
1053 943301
1054 943541
1055 943871
1056 944519
1057 945817
1058 947341
1059 947383
1060 947707
1061 948029
1062 949439
1063 949589
1064 949853
1065 950671
1066 951959
1067 952253
1068 953621
1069 957937
1070 958327
1071 958499
1072 959449
1073 959681
1074 960151
1075 960803
1076 961073
1077 963301
1078 963811
1079 964889
1080 965161
1081 965611
1082 967529
1083 967859
1084 968159
1085 969011
1086 969637
1087 970987
1088 971939
1089 972899
1090 974459
1091 974473
1092 974879
1093 976411
1094 978011
1095 979379
1096 980401
1097 982801
1098 984359
1099 985417
1100 985639
1101 989239
1102 989743
1103 990323
1104 990329
1105 994013
1106 994237
1107 995669
1108 996329
1109 997609
1110 997933
1111 998983
1112 1000393
1113 1001369
1114 1002887
1115 1011889
1116 1012637
1117 1013687
1118 1018271
1119 1020797
1120 1022179
1121 1023257
1122 1024337
1123 1025897
1124 1026371
1125 1026407
1126 1027471
1127 1027969
1128 1028777
1129 1029361
1130 1029473
1131 1033517
1132 1036307
1133 1037759
1134 1038563
1135 1040779
1136 1046351
1137 1046933
1138 1047989
1139 1048007
1140 1050307
1141 1052417
1142 1052851
1143 1053551
1144 1055911
1145 1056563
1146 1059571
1147 1060207
1148 1060229
1149 1060487
1150 1061129
1151 1062379
1152 1064951
1153 1065017
1154 1066511
1155 1066621
1156 1068377
1157 1068751
1158 1069921
1159 1070471
1160 1070873
1161 1071641
1162 1072187
1163 1074901
1164 1075441
1165 1075601
1166 1077793
1167 1079621
1168 1079849
1169 1079999
1170 1081097
1171 1081763
1172 1081859
1173 1082999
1174 1083431
1175 1083839
1176 1083923
1177 1084553
1178 1087349
1179 1087987
1180 1088063
1181 1088641
1182 1090471
1183 1090877
1184 1091777
1185 1092929
1186 1094161
1187 1095719
1188 1096141
1189 1098073
1190 1099139
1191 1099261
1192 1099649
1193 1099957
1194 1100147
1195 1101407
1196 1101917
1197 1102259
1198 1105607
1199 1107571
1200 1108127
1201 1109861
1202 1110269
1203 1110517
1204 1110887
1205 1111189
1206 1112339
1207 1116289
1208 1118371
1209 1120349
1210 1121317
1211 1123951
1212 1124561
1213 1125911
1214 1129957
1215 1130777
1216 1132861
1217 1133219
1218 1134821
1219 1135853
1220 1135859
1221 1137749
1222 1140127
1223 1141067
1224 1143047
1225 1145971
1226 1146671
1227 1152751
1228 1155107
1229 1155611
1230 1156801
1231 1158821
1232 1162969
1233 1163641
1234 1164941
1235 1167421
1236 1167571
1237 1168831
1238 1170661
1239 1171981
1240 1172027
1241 1172933
1242 1174441
1243 1175651
1244 1176041
1245 1177921
1246 1178557
1247 1178641
1248 1183771
1249 1184893
1250 1185791
1251 1186741
1252 1187261
1253 1188233
1254 1191077
1255 1193161
1256 1194959
1257 1195361
1258 1198229
1259 1198447
1260 1199839
1261 1200917
1262 1201787
1263 1202771
1264 1202807
1265 1211779
1266 1212677
1267 1217171
1268 1218761
1269 1218901
1270 1219931
1271 1220777
1272 1223309
1273 1228351
1274 1228397
1275 1229981
1276 1230329
1277 1231337
1278 1232389
1279 1236743
1280 1237487
1281 1238383
1282 1238761
1283 1239449
1284 1240139
1285 1240973
1286 1241039
1287 1241389
1288 1241921
1289 1243943
1290 1246061
1291 1246241
1292 1246331
1293 1248041
1294 1249121
1295 1249301
1296 1249631
1297 1250479
1298 1252037
1299 1252109
1300 1253999
1301 1254017
1302 1254497
1303 1255559
1304 1258871
1305 1259593
1306 1261763
1307 1262461
1308 1262711
1309 1265909
1310 1266719
1311 1267831
1312 1267873
1313 1268681
1314 1268731
1315 1271027
1316 1271939
1317 1272071
1318 1272631
1319 1274363
1320 1275751
1321 1275803
1322 1277021
1323 1278611
1324 1278983
1325 1279001
1326 1279627
1327 1281521
1328 1281871
1329 1283941
1330 1284791
1331 1286641
1332 1286773
1333 1287431
1334 1287541
1335 1288531
1336 1288799
1337 1289303
1338 1291957
1339 1292633
1340 1293373
1341 1295159
1342 1295201
1343 1296077
1344 1296721
1345 1297649
1346 1299283
1347 1304477
1348 1307261
1349 1307441
1350 1308497
1351 1315187
1352 1317493
1353 1317929
1354 1318441
1355 1321247
1356 1321409
1357 1322129
1358 1322831
1359 1322921
1360 1323551
1361 1324361
1362 1328473
1363 1330207
1364 1331299
1365 1333271
1366 1336487
1367 1337383
1368 1338791
1369 1340981
1370 1341883
1371 1345711
1372 1349087
1373 1350751
1374 1351019
1375 1355297
1376 1355857
1377 1356539
1378 1357651
1379 1358153
1380 1358333
1381 1360787
1382 1362161
1383 1363979
1384 1364141
1385 1366433
1386 1367551
1387 1368727
1388 1369531
1389 1371541
1390 1372739
1391 1373321
1392 1373501
1393 1374511
1394 1375921
1395 1376171
1396 1377451
1397 1377967
1398 1378759
1399 1379071
1400 1379141
1401 1379879
1402 1379929
1403 1385827
1404 1387261
1405 1389371
1406 1390601
1407 1391941
1408 1395077
1409 1395491
1410 1396939
1411 1399499
1412 1399549
1413 1401217
1414 1403147
1415 1405099
1416 1407271
1417 1407361
1418 1407473
1419 1407587
1420 1408573
1421 1409459
1422 1409851
1423 1410679
1424 1413551
1425 1417463
1426 1421389
1427 1421963
1428 1423361
1429 1423921
1430 1424911
1431 1425071
1432 1425251
1433 1426643
1434 1427453
1435 1427851
1436 1429783
1437 1429811
1438 1431119
1439 1434431
1440 1435571
1441 1437713
1442 1438231
1443 1441697
1444 1441949
1445 1443653
1446 1444463
1447 1446997
1448 1448401
1449 1448737
1450 1454969
1451 1457821
1452 1458011
1453 1458631
1454 1461671
1455 1461749
1456 1464241
1457 1465253
1458 1468889
1459 1469129
1460 1469257
1461 1471649
1462 1472893
1463 1473041
1464 1473937
1465 1475339
1466 1475731
1467 1478129
1468 1478947
1469 1479113
1470 1480571
1471 1480621
1472 1482421
1473 1484177
1474 1484201
1475 1486241
1476 1486829
1477 1489231
1478 1489589
1479 1491641
1480 1492163
1481 1493423
1482 1493683
1483 1495717
1484 1497281
1485 1499843
1486 1500127
1487 1504471
1488 1504631
1489 1505089
1490 1506749
1491 1508561
1492 1510319
1493 1515989
1494 1516007
1495 1516393
1496 1517639
1497 1519631
1498 1524839
1499 1526321
1500 1526561
1501 1526611
1502 1527061
1503 1528859
1504 1533871
1505 1534061
1506 1538773
1507 1538917
1508 1543441
1509 1544633
1510 1545641
1511 1546093
1512 1546873
1513 1547773
1514 1548161
1515 1548251
1516 1550971
1517 1554359
1518 1555163
1519 1555259
1520 1555693
1521 1556609
1522 1557053
1523 1558559
1524 1558807
1525 1559617
1526 1563061
1527 1563539
1528 1563911
1529 1564721
1530 1566101
1531 1566451
1532 1567627
1533 1569599
1534 1570957
1535 1571761
1536 1572331
1537 1573651
1538 1575631
1539 1576511
1540 1577071
1541 1577701
1542 1577963
1543 1579031
1544 1580671
1545 1581421
1546 1582901
1547 1584967
1548 1585481
1549 1588819
1550 1589669
1551 1590221
1552 1590461
1553 1593239
1554 1594223
1555 1595213
1556 1595701
1557 1598111
1558 1601107
1559 1601219
1560 1602379
1561 1603471
1562 1604711
1563 1608571
1564 1609523
1565 1609561
1566 1610761
1567 1613593
1568 1614989
1569 1616543
1570 1616651
1571 1617661
1572 1618411
1573 1618741
1574 1620371
1575 1623431
1576 1624151
1577 1624331
1578 1629077
1579 1629233
1580 1630361
1581 1630859
1582 1631821
1583 1632749
1584 1634471
1585 1638011
1586 1638899
1587 1640641
1588 1643231
1589 1644173
1590 1644757
1591 1645873
1592 1645901
1593 1646261
1594 1646609
1595 1649309
1596 1649611
1597 1650923
1598 1653061
1599 1654343
1600 1654871
1601 1655131
1602 1655177
1603 1655249
1604 1655593
1605 1655959
1606 1656073
1607 1656583
1608 1656839
1609 1657571
1610 1659041
1611 1661969
1612 1662641
1613 1663073
1614 1665907
1615 1666151
1616 1666421
1617 1666531
1618 1667789
1619 1670857
1620 1671997
1621 1672501
1622 1672901
1623 1673461
1624 1673681
1625 1673731
1626 1678837
1627 1680373
1628 1681187
1629 1681651
1630 1681871
1631 1683233
1632 1683239
1633 1684801
1634 1685051
1635 1686779
1636 1688579
1637 1688759
1638 1690211
1639 1691243
1640 1691621
1641 1691737
1642 1694701
1643 1695131
1644 1695809
1645 1697317
1646 1699249
1647 1704077
1648 1704161
1649 1705829
1650 1707353
1651 1707551
1652 1708741
1653 1709261
1654 1712177
1655 1713493
1656 1715729
1657 1716359
1658 1718159
1659 1719271
1660 1722587
1661 1723577
1662 1724363
1663 1726859
1664 1727261
1665 1727683
1666 1728659
1667 1729799
1668 1734511
1669 1734841
1670 1736153
1671 1737031
1672 1738357
1673 1746967
1674 1747061
1675 1748699
1676 1749001
1677 1749151
1678 1749247
1679 1750061
1680 1751639
1681 1751741
1682 1758359
1683 1760921
1684 1762451
1685 1762561
1686 1763243
1687 1763821
1688 1764811
1689 1765061
1690 1765957
1691 1767401
1692 1767421
1693 1767919
1694 1768439
1695 1768747
1696 1771361
1697 1772557
1698 1773581
1699 1773637
1700 1778009
1701 1778111
1702 1779457
1703 1781641
1704 1781771
1705 1782493
1706 1783829
1707 1784213
1708 1784231
1709 1784963
1710 1785869
1711 1787339
1712 1789519
1713 1790641
1714 1795769
1715 1795837
1716 1798207
1717 1798289
1718 1799107
1719 1800137
1720 1801187
1721 1801871
1722 1805473
1723 1805761
1724 1806221
1725 1806331
1726 1809323
1727 1809491
1728 1811759
1729 1812361
1730 1812563
1731 1819481
1732 1820261
1733 1820821
1734 1824331
1735 1824373
1736 1825277
1737 1827659
1738 1828223
1739 1829459
1740 1829699
1741 1832071
1742 1835993
1743 1836011
1744 1836239
1745 1836451
1746 1837573
1747 1838521
1748 1839953
1749 1841891
1750 1842173
1751 1844131
1752 1844939
1753 1847309
1754 1847347
1755 1847929
1756 1848221
1757 1848607
1758 1851841
1759 1854271
1760 1854859
1761 1855621
1762 1855993
1763 1858183
1764 1861831
1765 1863451
1766 1863493
1767 1863811
1768 1864483
1769 1864939
1770 1866191
1771 1866973
1772 1867769
1773 1870343
1774 1871917
1775 1875371
1776 1876657
1777 1877041
1778 1877111
1779 1883341
1780 1883659
1781 1885529
1782 1886047
1783 1887071
1784 1888753
1785 1889039
1786 1889099
1787 1889309
1788 1891223
1789 1891601
1790 1893371
1791 1895489
1792 1897199
1793 1897627
1794 1903061
1795 1904477
1796 1905661
1797 1910971
1798 1912601
1799 1913941
1800 1914443
1801 1915439
1802 1915703
1803 1916249
1804 1916939
1805 1917659
1806 1917899
1807 1921823
1808 1922891
1809 1923263
1810 1923377
1811 1924619
1812 1925333
1813 1926031
1814 1926413
1815 1927571
1816 1927957
1817 1929869
1818 1931297
1819 1932331
1820 1933471
1821 1934021
1822 1934351
1823 1936111
1824 1936331
1825 1938809
1826 1939109
1827 1942121
1828 1942411
1829 1943171
1830 1944053
1831 1944329
1832 1946033
1833 1947193
1834 1947241
1835 1949081
1836 1949737
1837 1950881
1838 1951811
1839 1952173
1840 1952519
1841 1952557
1842 1953323
1843 1954357
1844 1954573
1845 1955071
1846 1956953
1847 1957051
1848 1957859
1849 1958041
1850 1960121
1851 1961441
1852 1961461
1853 1962071
1854 1962239
1855 1964033
1856 1966259
1857 1969207
1858 1971149
1859 1971451
1860 1976081
1861 1976647
1862 1976759
1863 1978993
1864 1979149
1865 1979897
1866 1980053
1867 1980631
1868 1981621
1869 1982033
1870 1982051
1871 1983559
1872 1984057
1873 1987537
1874 1988257
1875 1988587
1876 1990111
1877 1990829
1878 1992241
1879 1992373
1880 1993273
1881 1995073
1882 1997419
1883 1997617
1884 1998049
1885 2003627
1886 2009971
1887 2010647
1888 2012429
1889 2012807
1890 2013707
1891 2014979
1892 2015831
1893 2017783
1894 2021599
1895 2021609
1896 2026741
1897 2027843
1898 2028749
1899 2029351
1900 2031037
1901 2031671
1902 2032607
1903 2032951
1904 2034317
1905 2038919
1906 2041427
1907 2041661
1908 2042129
1909 2042969
1910 2043007
1911 2043911
1912 2044921
1913 2048231
1914 2048639
1915 2050007
1916 2051417
1917 2052137
1918 2054027
1919 2054971
1920 2056441
1921 2057383
1922 2057611
1923 2058809
1924 2059271
1925 2059741
1926 2065711
1927 2066473
1928 2066903
1929 2067041
1930 2067997
1931 2068361
1932 2068439
1933 2068709
1934 2069647
1935 2069959
1936 2070911
1937 2072773
1938 2074487
1939 2075903
1940 2076421
1941 2077781
1942 2078339
1943 2078939
1944 2079811
1945 2082079
1946 2083511
1947 2084921
1948 2085197
1949 2085331
1950 2086433
1951 2088451
1952 2089151
1953 2090177
1954 2092397
1955 2092661
1956 2093761
1957 2095619
1958 2096063
1959 2096681
1960 2097451
1961 2098711
1962 2099033
1963 2099309
1964 2103989
1965 2104139
1966 2106911
1967 2107361
1968 2110637
1969 2112307
1970 2112871
1971 2114039
1972 2114327
1973 2119483
1974 2120207
1975 2121761
1976 2123237
1977 2123741
1978 2126171
1979 2128261
1980 2131427
1981 2131517
1982 2133379
1983 2135663
1984 2140049
1985 2141417
1986 2146483
1987 2147231
1988 2149859
1989 2150969
1990 2151137
1991 2152783
1992 2154839
1993 2156813
1994 2157131
1995 2158097
1996 2158501
1997 2158693
1998 2160971
1999 2162821
2000 2163923
2001 2164979
2002 2165903
2003 2168827
2004 2169143
2005 2172673
2006 2174251
2007 2174891
2008 2175311
2009 2179537
2010 2180351
2011 2183521
2012 2185921
2013 2186551
2014 2187233
2015 2189987
2016 2190473
2017 2192251
2018 2193449
2019 2195801
2020 2196659
2021 2198293
2022 2199151
2023 2200291
2024 2200699
2025 2202677
2026 2206877
2027 2209661
2028 2210267
2029 2215277
2030 2215307
2031 2215541
2032 2215651
2033 2215901
2034 2222761
2035 2224961
2036 2228893
2037 2230117
2038 2231129
2039 2231309
2040 2232991
2041 2233877
2042 2234179
2043 2238287
2044 2238359
2045 2238757
2046 2238931
2047 2239949
2048 2244563
2049 2244611
2050 2244659
2051 2244761
2052 2245979
2053 2247881
2054 2249171
2055 2253451
2056 2255387
2057 2255549
2058 2255723
2059 2256791
2060 2259671
2061 2260019
2062 2260631
2063 2260763
2064 2260859
2065 2262521
2066 2262811
2067 2263531
2068 2264293
2069 2265421
2070 2266097
2071 2269711
2072 2270117
2073 2270641
2074 2273543
2075 2274793
2076 2276243
2077 2279707
2078 2280079
2079 2282477
2080 2286457
2081 2286749
2082 2287171
2083 2287223
2084 2288257
2085 2290861
2086 2291903
2087 2293273
2088 2294911
2089 2295053
2090 2295329
2091 2295341
2092 2295509
2093 2297231
2094 2298937
2095 2300357
2096 2300777
2097 2300999
2098 2301017
2099 2301077
2100 2303989
2101 2306621
2102 2307941
2103 2311571
2104 2313379
2105 2314943
2106 2315597
2107 2316497
2108 2316631
2109 2317919
2110 2318891
2111 2319353
2112 2319461
2113 2322227
2114 2323561
2115 2323787
2116 2324683
2117 2326553
2118 2327701
2119 2328283
2120 2329259
2121 2333759
2122 2334743
2123 2334901
2124 2337641
2125 2339681
2126 2342933
2127 2345477
2128 2346803
2129 2346931
2130 2347693
2131 2347871
2132 2350217
2133 2352611
2134 2352989
2135 2353801
2136 2353919
2137 2353931
2138 2355883
2139 2357683
2140 2357977
2141 2359403
2142 2363831
2143 2363947
2144 2367361
2145 2368409
2146 2368759
2147 2369123
2148 2372431
2149 2372501
2150 2372893
2151 2375759
2152 2376053
2153 2376817
2154 2376929
2155 2378473
2156 2380733
2157 2381521
2158 2381909
2159 2382461
2160 2384771
2161 2387383
2162 2387729
2163 2387857
2164 2389181
2165 2389501
2166 2394419
2167 2396309
2168 2397151
2169 2398273
2170 2400037
2171 2401489
2172 2403377
2173 2403883
2174 2413471
2175 2414861
2176 2414911
2177 2415271
2178 2415473
2179 2416649
2180 2418373
2181 2423711
2182 2425957
2183 2427571
2184 2429551
2185 2432999
2186 2433251
2187 2443841
2188 2445353
2189 2446781
2190 2447519
2191 2448361
2192 2448637
2193 2450573
2194 2451749
2195 2452829
2196 2454731
2197 2455529
2198 2456063
2199 2458223
2200 2459707
2201 2459879
2202 2462851
2203 2463641
2204 2464859
2205 2472551
2206 2472791
2207 2473277
2208 2473301
2209 2474261
2210 2474603
2211 2476391
2212 2478041
2213 2482741
2214 2483641
2215 2484673
2216 2485649
2217 2486101
2218 2486639
2219 2487281
2220 2489159
2221 2491837
2222 2494391
2223 2494441
2224 2495291
2225 2495749
2226 2496629
2227 2496973
2228 2498173
2229 2499943
2230 2500067
2231 2501299
2232 2502047
2233 2502209
2234 2502317
2235 2502551
2236 2504597
2237 2509253
2238 2513663
2239 2517821
2240 2518259
2241 2519939
2242 2522371
2243 2523901
2244 2524531
2245 2528221
2246 2529301
2247 2529547
2248 2536631
2249 2537159
2250 2538749
2251 2539319
2252 2540663
2253 2542483
2254 2545619
2255 2549051
2256 2551397
2257 2554529
2258 2556101
2259 2558471
2260 2559191
2261 2560373
2262 2561051
2263 2562629
2264 2566171
2265 2567701
2266 2567963
2267 2569327
2268 2570639
2269 2570941
2270 2572183
2271 2574983
2272 2575799
2273 2576219
2274 2576341
2275 2578417
2276 2579221
2277 2579399
2278 2579737
2279 2580421
2280 2580931
2281 2581613
2282 2583431
2283 2583811
2284 2585347
2285 2587093
2286 2587103
2287 2588591
2288 2589127
2289 2589659
2290 2590097
2291 2590811
2292 2591683
2293 2591773
2294 2592521
2295 2594947
2296 2594983
2297 2595601
2298 2596091
2299 2597047
2300 2597629
2301 2600561
2302 2600761
2303 2602877
2304 2603759
2305 2604743
2306 2605979
2307 2607061
2308 2607571
2309 2608349
2310 2614061
2311 2614823
2312 2616193
2313 2616331
2314 2617987
2315 2618773
2316 2619329
2317 2623331
2318 2626259
2319 2627021
2320 2629421
2321 2631631
2322 2633651
2323 2635141
2324 2635949
2325 2640361
2326 2641487
2327 2642543
2328 2642561
2329 2644093
2330 2645827
2331 2645849
2332 2647133
2333 2648161
2334 2648291
2335 2649371
2336 2651387
2337 2652401
2338 2655701
2339 2655899
2340 2656229
2341 2659093
2342 2662097
2343 2663977
2344 2664341
2345 2664451
2346 2664859
2347 2664929
2348 2665001
2349 2666891
2350 2666947
2351 2668103
2352 2671183
2353 2671619
2354 2671901
2355 2673457
2356 2673673
2357 2675879
2358 2676241
2359 2676337
2360 2677093
2361 2679211
2362 2679349
2363 2682509
2364 2685511
2365 2685601
2366 2689249
2367 2690351
2368 2692061
2369 2692759
2370 2694001
2371 2695871
2372 2695943
2373 2696137
2374 2698571
2375 2702951
2376 2705051
2377 2708201
2378 2710921
2379 2712659
2380 2715571
2381 2715623
2382 2715931
2383 2718143
2384 2718817
2385 2718907
2386 2719331
2387 2719393
2388 2719421
2389 2723521
2390 2723761
2391 2728889
2392 2729071
2393 2729347
2394 2730743
2395 2732161
2396 2732297
2397 2733791
2398 2736143
2399 2738251
2400 2738321
2401 2739337
2402 2741231
2403 2741633
2404 2743501
2405 2743561
2406 2743691
2407 2744551
2408 2745541
2409 2748131
2410 2749639
2411 2750453
2412 2751449
2413 2753441
2414 2754491
2415 2756549
2416 2758051
2417 2758109
2418 2758181
2419 2759171
2420 2760847
2421 2761163
2422 2763967
2423 2765929
2424 2766193
2425 2767327
2426 2769439
2427 2770613
2428 2772967
2429 2773201
2430 2775247
2431 2775517
2432 2777407
2433 2780131
2434 2781143
2435 2785589
2436 2789707
2437 2790149
2438 2791559
2439 2792071
2440 2793041
2441 2793157
2442 2794271
2443 2794529
2444 2795971
2445 2798099
2446 2798129
2447 2798903
2448 2799119
2449 2799409
2450 2800541
2451 2800969
2452 2801593
2453 2802923
2454 2803061
2455 2803771
2456 2804251
2457 2804471
2458 2806619
2459 2809649
2460 2810009
2461 2810849
2462 2811161
2463 2811659
2464 2812393
2465 2812571
2466 2813453
2467 2813851
2468 2814881
2469 2815343
2470 2816221
2471 2817271
2472 2819549
2473 2820749
2474 2822851
2475 2824259
2476 2825429
2477 2826101
2478 2826431
2479 2830577
2480 2830913
2481 2831293
2482 2832359
2483 2833073
2484 2834683
2485 2835967
2486 2836357
2487 2836993
2488 2837141
2489 2838421
2490 2840161
2491 2844251
2492 2845571
2493 2848057
2494 2849809
2495 2852249
2496 2852939
2497 2855129
2498 2855213
2499 2855431
2500 2856779
2501 2857013
2502 2860691
2503 2861977
2504 2862491
2505 2867429
2506 2870531
2507 2872351
2508 2872391
2509 2872393
2510 2875349
2511 2877619
2512 2877943
2513 2880239
2514 2880817
2515 2881261
2516 2882123
2517 2882729
2518 2889247
2519 2890957
2520 2892847
2521 2893031
2522 2895439
2523 2899543
2524 2899613
2525 2900771
2526 2903671
2527 2905411
2528 2906153
2529 2907899
2530 2909789
2531 2910671
2532 2912473
2533 2915441
2534 2916143
2535 2917171
2536 2918213
2537 2918291
2538 2918411
2539 2923253
2540 2923741
2541 2923831
2542 2923901
2543 2924177
2544 2924371
2545 2924827
2546 2925053
2547 2926717
2548 2927101
2549 2930071
2550 2931193
2551 2932871
2552 2933647
2553 2934637
2554 2935241
2555 2935357
2556 2936039
2557 2937401
2558 2942041
2559 2943361
2560 2945101
2561 2946373
2562 2949217
2563 2951041
2564 2951423
2565 2951513
2566 2951771
2567 2952721
2568 2953537
2569 2954033
2570 2956729
2571 2957399
2572 2957753
2573 2959409
2574 2959597
2575 2959753
2576 2960171
2577 2960621
2578 2961949
2579 2962111
2580 2962483
2581 2964331
2582 2966081
2583 2968447
2584 2972219
2585 2973539
2586 2974057
2587 2974781
2588 2975317
2589 2976653
2590 2977021
2591 2977913
2592 2978189
2593 2979623
2594 2980759
2595 2981123
2596 2981383
2597 2981819
2598 2983147
2599 2983459
2600 2987437
2601 2988533
2602 2990639
2603 2992141
2604 2993609
2605 2994923
2606 3001057
2607 3001237
2608 3001879
2609 3003307
2610 3006371
2611 3009431
2612 3010457
2613 3010981
2614 3011599
2615 3012419
2616 3012497
2617 3013337
2618 3020779
2619 3021059
2620 3022861
2621 3023309
2622 3023963
2623 3024821
2624 3025961
2625 3031577
2626 3031999
2627 3033883
2628 3035009
2629 3036871
2630 3038813
2631 3041989
2632 3042007
2633 3045583
2634 3047273
2635 3050561
2636 3053849
2637 3053933
2638 3054871
2639 3056639
2640 3057959
2641 3058361
2642 3058703
2643 3058837
2644 3059401
2645 3060047
2646 3060461
2647 3061271
2648 3062461
2649 3062621
2650 3065411
2651 3067783
2652 3069541
2653 3070037
2654 3072431
2655 3073919
2656 3074251
2657 3074651
2658 3077621
2659 3077801
2660 3081161
2661 3082463
2662 3085613
2663 3086159
2664 3088061
2665 3088139
2666 3088573
2667 3089431
2668 3089549
2669 3090653
2670 3092071
2671 3093151
2672 3095647
2673 3097649
2674 3097711
2675 3097993
2676 3098789
2677 3099241
2678 3105821
2679 3105979
2680 3108361
2681 3109649
2682 3116777
2683 3116951
2684 3120499
2685 3122989
2686 3123007
2687 3125009
2688 3126653
2689 3128633
2690 3128729
2691 3129263
2692 3129461
2693 3130409
2694 3131309
2695 3133673
2696 3134801
2697 3135017
2698 3136571
2699 3138847
2700 3141197
2701 3143117
2702 3144989
2703 3146141
2704 3147719
2705 3149771
2706 3150887
2707 3151361
2708 3151741
2709 3152593
2710 3153901
2711 3153929
2712 3154483
2713 3156371
2714 3157277
2715 3157927
2716 3158531
2717 3160541
2718 3162587
2719 3163571
2720 3163577
2721 3164521
2722 3166253
2723 3166721
2724 3166831
2725 3166921
2726 3171671
2727 3173341
2728 3175987
2729 3177271
2730 3180431
2731 3182293
2732 3183287
2733 3185759
2734 3185821
2735 3186611
2736 3186983
2737 3187441
2738 3189029
2739 3189517
2740 3192041
2741 3194131
2742 3196421
2743 3196573
2744 3197839
2745 3198281
2746 3202229
2747 3203507
2748 3205981
2749 3207923
2750 3209321
2751 3214019
2752 3214187
2753 3216079
2754 3220577
2755 3220661
2756 3221107
2757 3221761
2758 3225161
2759 3227761
2760 3229349
2761 3231287
2762 3231931
2763 3236297
2764 3236903
2765 3237371
2766 3239647
2767 3241921
2768 3243811
2769 3243941
2770 3244441
2771 3247451
2772 3247987
2773 3248759
2774 3249581
2775 3250099
2776 3250631
2777 3250811
2778 3254729
2779 3255751
2780 3258323
2781 3258491
2782 3260087
2783 3260597
2784 3263851
2785 3265541
2786 3266339
2787 3266551
2788 3267907
2789 3268621
2790 3271861
2791 3272813
2792 3274231
2793 3276491
2794 3277531
2795 3278347
2796 3278789
2797 3279607
2798 3280463
2799 3282731
2800 3284647
2801 3285983
2802 3286807
2803 3286993
2804 3287293
2805 3288757
2806 3289327
2807 3290411
2808 3290671
2809 3291283
2810 3292343
2811 3294233
2812 3300149
2813 3304949
2814 3307351
2815 3308891
2816 3309353
2817 3310771
2818 3315079
2819 3318193
2820 3324961
2821 3325331
2822 3325733
2823 3325957
2824 3326831
2825 3328411
2826 3329423
2827 3330863
2828 3331109
2829 3336661
2830 3339121
2831 3339503
2832 3340853
2833 3342071
2834 3343511
2835 3344501
2836 3344701
2837 3346901
2838 3348581
2839 3350351
2840 3350597
2841 3351631
2842 3353293
2843 3358973
2844 3359347
2845 3359431
2846 3363757
2847 3364651
2848 3366031
2849 3366239
2850 3366673
2851 3370823
2852 3372331
2853 3374311
2854 3375077
2855 3375419
2856 3376111
2857 3377141
2858 3378131
2859 3382271
2860 3382349
2861 3384811
2862 3385409
2863 3386857
2864 3386909
2865 3388837
2866 3390061
2867 3391301
2868 3391471
2869 3391613
2870 3391831
2871 3392737
2872 3394627
2873 3395983
2874 3398399
2875 3399259
2876 3402953
2877 3402991
2878 3406463
2879 3406913
2880 3409093
2881 3409277
2882 3410941
2883 3413759
2884 3417151
2885 3420751
2886 3422207
2887 3424241
2888 3426359
2889 3426601
2890 3427093
2891 3433823
2892 3435661
2893 3435821
2894 3436211
2895 3436921
2896 3439393
2897 3439829
2898 3441611
2899 3446171
2900 3448573
2901 3448801
2902 3450107
2903 3455801
2904 3457049
2905 3460531
2906 3460739
2907 3462911
2908 3465031
2909 3465949
2910 3468401
2911 3470161
2912 3471283
2913 3471371
2914 3471931
2915 3472523
2916 3481273
2917 3481747
2918 3484001
2919 3488003
2920 3488311
2921 3491311
2922 3493351
2923 3495539
2924 3496091
2925 3497003
2926 3497827
2927 3499973
2928 3503261
2929 3503849
2930 3503911
2931 3505571
2932 3508651
2933 3509801
2934 3509917
2935 3513761
2936 3517253
2937 3517361
2938 3524071
2939 3525359
2940 3528251
2941 3530971
2942 3532511
2943 3533549
2944 3533819
2945 3534371
2946 3534803
2947 3535613
2948 3539699
2949 3539819
2950 3545021
2951 3545083
2952 3545177
2953 3545429
2954 3546239
2955 3547223
2956 3550711
2957 3552841
2958 3555011
2959 3555121
2960 3556061
2961 3556939
2962 3558337
2963 3558829
2964 3559183
2965 3561847
2966 3562901
2967 3564983
2968 3565829
2969 3566309
2970 3567373
2971 3567919
2972 3568417
2973 3568501
2974 3572351
2975 3573149
2976 3573839
2977 3574357
2978 3575471
2979 3576151
2980 3577109
2981 3578227
2982 3582611
2983 3582967
2984 3583711
2985 3584123
2986 3585689
2987 3586819
2988 3587399
2989 3589717
2990 3590441
2991 3590641
2992 3592261
2993 3592829
2994 3593549
2995 3595051
2996 3595589
2997 3598027
2998 3605857
2999 3606661
3000 3607183
3001 3607433
3002 3607561
3003 3612761
3004 3613151
3005 3613931
3006 3614813
3007 3618211
3008 3619261
3009 3619573
3010 3622951
3011 3624443
3012 3626173
3013 3629909
3014 3632903
3015 3635201
3016 3635551
3017 3636361
3018 3637061
3019 3639829
3020 3640801
3021 3645101
3022 3646229
3023 3646919
3024 3648041
3025 3649259
3026 3652163
3027 3652361
3028 3652871
3029 3654323
3030 3655111
3031 3655481
3032 3655627
3033 3657151
3034 3658769
3035 3659399
3036 3660353
3037 3662731
3038 3662849
3039 3662917
3040 3662977
3041 3664043
3042 3666001
3043 3666427
3044 3666757
3045 3667093
3046 3670259
3047 3670837
3048 3670949
3049 3672727
3050 3674291
3051 3674819
3052 3675601
3053 3676103
3054 3676147
3055 3676273
3056 3676819
3057 3676853
3058 3679807
3059 3680461
3060 3681749
3061 3684311
3062 3690031
3063 3690983
3064 3692617
3065 3693331
3066 3693973
3067 3694121
3068 3696071
3069 3696479
3070 3699797
3071 3701207
3072 3706141
3073 3708073
3074 3708301
3075 3708581
3076 3708967
3077 3711497
3078 3712421
3079 3713561
3080 3715781
3081 3716333
3082 3720851
3083 3720989
3084 3724051
3085 3725153
3086 3728947
3087 3729959
3088 3730801
3089 3735583
3090 3737291
3091 3738157
3092 3739019
3093 3739103
3094 3739349
3095 3743461
3096 3743683
3097 3746051
3098 3748141
3099 3749399
3100 3749957
3101 3750511
3102 3751613
3103 3752159
3104 3752773
3105 3753839
3106 3753949
3107 3754357
3108 3758317
3109 3758971
3110 3759989
3111 3762839
3112 3762949
3113 3764213
3114 3764291
3115 3764303
3116 3764437
3117 3777817
3118 3778391
3119 3779813
3120 3780053
3121 3783421
3122 3784927
3123 3785227
3124 3786569
3125 3788419
3126 3791033
3127 3792193
3128 3795983
3129 3796537
3130 3796609
3131 3797527
3132 3799787
3133 3799877
3134 3802151
3135 3802483
3136 3803561
3137 3805253
3138 3805471
3139 3807457
3140 3809987
3141 3810497
3142 3810563
3143 3810721
3144 3813539
3145 3815711
3146 3816907
3147 3817133
3148 3817739
3149 3818341
3150 3818501
3151 3821903
3152 3823411
3153 3825413
3154 3828359
3155 3831661
3156 3835241
3157 3835313
3158 3837151
3159 3838859
3160 3841927
3161 3845459
3162 3847093
3163 3847237
3164 3849491
3165 3853649
3166 3855151
3167 3856837
3168 3861233
3169 3861521
3170 3861929
3171 3866917
3172 3867349
3173 3871151
3174 3874639
3175 3875401
3176 3876907
3177 3878617
3178 3880601
3179 3881291
3180 3881659
3181 3885121
3182 3886027
3183 3887453
3184 3888029
3185 3889453
3186 3890659
3187 3891203
3188 3892657
3189 3893111
3190 3896369
3191 3897973
3192 3901511
3193 3901841
3194 3902819
3195 3905173
3196 3905441
3197 3907133
3198 3909023
3199 3909959
3200 3913561
3201 3918829
3202 3919183
3203 3921791
3204 3921881
3205 3923261
3206 3923609
3207 3925717
3208 3928091
3209 3929917
3210 3930197
3211 3932681
3212 3932801
3213 3934717
3214 3937019
3215 3939457
3216 3944729
3217 3946259
3218 3948121
3219 3953839
3220 3955909
3221 3959279
3222 3962549
3223 3962857
3224 3963209
3225 3964549
3226 3967049
3227 3970111
3228 3972113
3229 3973103
3230 3977471
3231 3978643
3232 3979181
3233 3983009
3234 3983201
3235 3984943
3236 3986459
3237 3988297
3238 3989287
3239 3990241
3240 3991639
3241 3992171
3242 3993037
3243 3993127
3244 3995587
3245 3998171
3246 4001089
3247 4001177
3248 4001807
3249 4002499
3250 4006361
3251 4006763
3252 4007551
3253 4008161
3254 4010117
3255 4010599
3256 4010777
3257 4018463
3258 4019387
3259 4020671
3260 4021399
3261 4021579
3262 4022297
3263 4023317
3264 4025849
3265 4027151
3266 4027643
3267 4028231
3268 4028341
3269 4029803
3270 4030571
3271 4031327
3272 4032991
3273 4034573
3274 4036861
3275 4038641
3276 4039709
3277 4040507
3278 4040941
3279 4041571
3280 4042697
3281 4043687
3282 4046453
3283 4046671
3284 4052773
3285 4052911
3286 4053659
3287 4057349
3288 4057693
3289 4058339
3290 4058401
3291 4061621
3292 4062749
3293 4063957
3294 4064161
3295 4064633
3296 4065571
3297 4066949
3298 4068503
3299 4068541
3300 4068811
3301 4068949
3302 4069627
3303 4072577
3304 4073851
3305 4074377
3306 4074533
3307 4075433
3308 4076351
3309 4077413
3310 4077583
3311 4078409
3312 4079617
3313 4079701
3314 4085993
3315 4086011
3316 4086059
3317 4086431
3318 4086493
3319 4087151
3320 4088879
3321 4089599
3322 4090531
3323 4091561
3324 4092041
3325 4092443
3326 4093541
3327 4094221
3328 4095671
3329 4097707
3330 4097879
3331 4098337
3332 4098607
3333 4099897
3334 4100207
3335 4101347
3336 4109051
3337 4109383
3338 4110217
3339 4117151
3340 4124179
3341 4125587
3342 4126373
3343 4127611
3344 4130129
3345 4130297
3346 4134743
3347 4136701
3348 4139593
3349 4139917
3350 4141811
3351 4148849
3352 4155997
3353 4156561
3354 4158859
3355 4161077
3356 4161653
3357 4161673
3358 4162661
3359 4162861
3360 4163741
3361 4165523
3362 4166087
3363 4166159
3364 4167491
3365 4170851
3366 4171771
3367 4173751
3368 4175519
3369 4176701
3370 4177391
3371 4177759
3372 4178701
3373 4178963
3374 4179607
3375 4180801
3376 4182131
3377 4183693
3378 4185101
3379 4185413
3380 4185949
3381 4187303
3382 4187471
3383 4187707
3384 4189121
3385 4191461
3386 4194493
3387 4196341
3388 4197601
3389 4198837
3390 4198963
3391 4203841
3392 4205777
3393 4207261
3394 4207771
3395 4208387
3396 4210607
3397 4212119
3398 4215811
3399 4217321
3400 4219183
3401 4220039
3402 4227571
3403 4227793
3404 4230377
3405 4231763
3406 4231811
3407 4233473
3408 4233611
3409 4237781
3410 4238551
3411 4239701
3412 4240127
3413 4240693
3414 4241663
3415 4244363
3416 4245821
3417 4246741
3418 4249391
3419 4249447
3420 4250933
3421 4251563
3422 4252841
3423 4253671
3424 4253941
3425 4254571
3426 4255523
3427 4255921
3428 4258043
3429 4259291
3430 4266967
3431 4273741
3432 4274917
3433 4276313
3434 4276627
3435 4277293
3436 4281731
3437 4284251
3438 4285627
3439 4285993
3440 4286011
3441 4287599
3442 4287809
3443 4289977
3444 4290641
3445 4291121
3446 4291471
3447 4293547
3448 4297301
3449 4298339
3450 4298629
3451 4298797
3452 4298887
3453 4299727
3454 4301237
3455 4301327
3456 4302461
3457 4302773
3458 4305361
3459 4306373
3460 4308371
3461 4310651
3462 4312361
3463 4312471
3464 4317263
3465 4317377
3466 4317661
3467 4318183
3468 4318949
3469 4319111
3470 4319461
3471 4321871
3472 4322027
3473 4323653
3474 4323721
3475 4324373
3476 4328551
3477 4329659
3478 4331683
3479 4332583
3480 4337423
3481 4337591
3482 4338431
3483 4340621
3484 4340849
3485 4342861
3486 4343459
3487 4343561
3488 4344931
3489 4349141
3490 4349699
3491 4350077
3492 4351573
3493 4353311
3494 4353883
3495 4356967
3496 4357481
3497 4359959
3498 4362461
3499 4362601
3500 4363259
3501 4364681
3502 4368113
3503 4368449
3504 4373087
3505 4375621
3506 4379719
3507 4379887
3508 4380263
3509 4381031
3510 4382849
3511 4386029
3512 4387013
3513 4387183
3514 4387501
3515 4389479
3516 4389653
3517 4391041
3518 4391371
3519 4396549
3520 4399627
3521 4400309
3522 4400507
3523 4403849
3524 4404677
3525 4404811
3526 4406411
3527 4408277
3528 4409849
3529 4415297
3530 4415969
3531 4416221
3532 4417121
3533 4417471
3534 4418083
3535 4418243
3536 4418917
3537 4419071
3538 4419451
3539 4419907
3540 4421771
3541 4421971
3542 4424341
3543 4425539
3544 4426277
3545 4427711
3546 4429331
3547 4430731
3548 4431839
3549 4431901
3550 4432559
3551 4432829
3552 4434041
3553 4435253
3554 4437457
3555 4438171
3556 4441601
3557 4441823
3558 4443331
3559 4445603
3560 4457473
3561 4458919
3562 4464839
3563 4468273
3564 4470421
3565 4470937
3566 4472371
3567 4473701
3568 4474409
3569 4475291
3570 4476281
3571 4477729
3572 4479121
3573 4479967
3574 4482721
3575 4482983
3576 4484749
3577 4485157
3578 4486231
3579 4486459
3580 4487519
3581 4488983
3582 4491749
3583 4492441
3584 4493213
3585 4493501
3586 4498027
3587 4502117
3588 4504397
3589 4506283
3590 4506731
3591 4506841
3592 4507073
3593 4507277
3594 4507361
3595 4508711
3596 4510307
3597 4513331
3598 4513577
3599 4514893
3600 4515881
3601 4517153
3602 4518211
3603 4518929
3604 4519939
3605 4520261
3606 4520849
3607 4521631
3608 4523521
3609 4523941
3610 4525541
3611 4526801
3612 4528151
3613 4535441
3614 4536491
3615 4536967
3616 4539739
3617 4540007
3618 4542751
3619 4543927
3620 4545899
3621 4547303
3622 4549967
3623 4550411
3624 4550813
3625 4554493
3626 4554983
3627 4555559
3628 4556701
3629 4560571
3630 4561097
3631 4561859
3632 4563077
3633 4563659
3634 4564531
3635 4564829
3636 4568737
3637 4569127
3638 4569529
3639 4569619
3640 4570691
3641 4573649
3642 4574123
3643 4575869
3644 4578727
3645 4578907
3646 4580603
3647 4581547
3648 4581611
3649 4583213
3650 4589587
3651 4593401
3652 4594781
3653 4595809
3654 4595993
3655 4596121
3656 4597807
3657 4598149
3658 4603751
3659 4606741
3660 4608859
3661 4609447
3662 4610821
3663 4614937
3664 4617271
3665 4619749
3666 4621951
3667 4623623
3668 4624871
3669 4628891
3670 4629539
3671 4631453
3672 4632841
3673 4635907
3674 4639853
3675 4641713
3676 4646071
3677 4646347
3678 4648321
3679 4650461
3680 4650661
3681 4651321
3682 4651741
3683 4651781
3684 4652551
3685 4653673
3686 4655251
3687 4655471
3688 4656203
3689 4657691
3690 4658539
3691 4659833
3692 4660741
3693 4662149
3694 4662271
3695 4663223
3696 4664431
3697 4665247
3698 4666589
3699 4667591
3700 4667647
3701 4668907
3702 4669111
3703 4669199
3704 4669481
3705 4671077
3706 4672621
3707 4673983
3708 4675103
3709 4677389
3710 4679923
3711 4681559
3712 4681993
3713 4682011
3714 4684091
3715 4684909
3716 4685579
3717 4687643
3718 4689359
3719 4690799
3720 4692757
3721 4693439
3722 4697923
3723 4699147
3724 4701871
3725 4704449
3726 4704793
3727 4706531
3728 4707361
3729 4707581
3730 4707817
3731 4719241
3732 4723921
3733 4724201
3734 4729897
3735 4733221
3736 4734503
3737 4740623
3738 4743637
3739 4744171
3740 4745071
3741 4750651
3742 4751333
3743 4753061
3744 4755337
3745 4756853
3746 4759357
3747 4759753
3748 4760177
3749 4761101
3750 4762441
3751 4762957
3752 4763839
3753 4764311
3754 4764629
3755 4770509
3756 4773739
3757 4774321
3758 4774411
3759 4774459
3760 4775339
3761 4777001
3762 4779029
3763 4779913
3764 4780403
3765 4781383
3766 4782191
3767 4782511
3768 4783781
3769 4786777
3770 4792927
3771 4794037
3772 4794259
3773 4795627
3774 4795867
3775 4797229
3776 4798181
3777 4801553
3778 4802051
3779 4802521
3780 4806341
3781 4807393
3782 4807409
3783 4813451
3784 4814683
3785 4816061
3786 4817101
3787 4818719
3788 4819091
3789 4819093
3790 4819943
3791 4822141
3792 4823821
3793 4827829
3794 4830373
3795 4831987
3796 4832759
3797 4833149
3798 4833583
3799 4837439
3800 4838797
3801 4839727
3802 4839833
3803 4844321
3804 4844501
3805 4846147
3806 4854203
3807 4854373
3808 4856003
3809 4858519
3810 4862219
3811 4862411
3812 4862699
3813 4863337
3814 4863919
3815 4864747
3816 4865227
3817 4866149
3818 4868107
3819 4869713
3820 4870531
3821 4871291
3822 4873103
3823 4873619
3824 4873819
3825 4874081
3826 4876357
3827 4876643
3828 4879507
3829 4880879
3830 4881061
3831 4884059
3832 4885289
3833 4885823
3834 4892647
3835 4894933
3836 4895459
3837 4895743
3838 4896337
3839 4896487
3840 4897523
3841 4900559
3842 4902757
3843 4905149
3844 4906241
3845 4907857
3846 4912433
3847 4916381
3848 4916707
3849 4917113
3850 4918439
3851 4918709
3852 4918943
3853 4920623
3854 4921051
3855 4921523
3856 4923901
3857 4924531
3858 4924649
3859 4927529
3860 4927639
3861 4930097
3862 4931159
3863 4932073
3864 4932611
3865 4934231
3866 4935061
3867 4938239
3868 4939933
3869 4940609
3870 4941161
3871 4941901
3872 4942313
3873 4943051
3874 4944311
3875 4946647
3876 4947301
3877 4950493
3878 4951829
3879 4953023
3880 4953601
3881 4954927
3882 4955407
3883 4956817
3884 4957021
3885 4961471
3886 4961521
3887 4963589
3888 4964227
3889 4967219
3890 4968643
3891 4970659
3892 4970857
3893 4972529
3894 4972549
3895 4976509
3896 4978109
3897 4979333
3898 4981549
3899 4981927
3900 4984999
3901 4989503
3902 4990501
3903 4993867
3904 4995007
3905 4995607
3906 4995953
3907 4998743
3908 5000861
3909 5003477
3910 5008841
3911 5011319
3912 5013797
3913 5013991
3914 5015089
3915 5016521
3916 5016631
3917 5020007
3918 5020489
3919 5021327
3920 5024177
3921 5025941
3922 5026733
3923 5027909
3924 5029529
3925 5030671
3926 5032019
3927 5037997
3928 5038871
3929 5039087
3930 5042371
3931 5042551
3932 5044007
3933 5051999
3934 5052497
3935 5052563
3936 5052653
3937 5053553
3938 5054431
3939 5057159
3940 5058143
3941 5060087
3942 5061473
3943 5062397
3944 5063431
3945 5064131
3946 5064373
3947 5064511
3948 5064539
3949 5066513
3950 5067899
3951 5069473
3952 5072633
3953 5073401
3954 5074831
3955 5076541
3956 5076637
3957 5079511
3958 5079869
3959 5080661
3960 5082713
3961 5083301
3962 5083657
3963 5084221
3964 5084371
3965 5085413
3966 5087707
3967 5090387
3968 5090671
3969 5092949
3970 5096411
3971 5096929
3972 5096983
3973 5097193
3974 5097511
3975 5097847
3976 5098141
3977 5098501
3978 5098943
3979 5099519
3980 5100671
3981 5104877
3982 5106631
3983 5107331
3984 5109283
3985 5112047
3986 5116861
3987 5117341
3988 5119097
3989 5121793
3990 5121931
3991 5123177
3992 5124017
3993 5125511
3994 5128523
3995 5128691
3996 5138311
3997 5139451
3998 5140217
3999 5140361
4000 5140873
4001 5144851
4002 5144903
4003 5145661
4004 5145937
4005 5147339
4006 5149801
4007 5150177
4008 5153521
4009 5154533
4010 5157967
4011 5159639
4012 5161643
4013 5163377
4014 5164097
4015 5164741
4016 5165519
4017 5166101
4018 5168857
4019 5169559
4020 5170531
4021 5170577
4022 5171071
4023 5171161
4024 5171633
4025 5171891
4026 5173859
4027 5174849
4028 5176571
4029 5179093
4030 5185351
4031 5187113
4032 5187449
4033 5187937
4034 5188231
4035 5188459
4036 5189081
4037 5189311
4038 5189917
4039 5191231
4040 5194351
4041 5195929
4042 5196311
4043 5197183
4044 5198429
4045 5200397
4046 5204911
4047 5208881
4048 5209783
4049 5210297
4050 5212541
4051 5214659
4052 5215643
4053 5215841
4054 5216231
4055 5217353
4056 5217841
4057 5220199
4058 5221631
4059 5227709
4060 5229011
4061 5233979
4062 5238161
4063 5238899
4064 5238967
4065 5239571
4066 5240461
4067 5241497
4068 5243521
4069 5245073
4070 5248973
4071 5249473
4072 5253719
4073 5256239
4074 5256341
4075 5256817
4076 5257531
4077 5262511
4078 5267257
4079 5267309
4080 5269679
4081 5272411
4082 5273173
4083 5273603
4084 5274583
4085 5274673
4086 5278271
4087 5285729
4088 5286283
4089 5286517
4090 5287141
4091 5287147
4092 5287897
4093 5288539
4094 5289509
4095 5290121
4096 5290651
4097 5291249
4098 5295029
4099 5297647
4100 5299001
4101 5300479
4102 5301047
4103 5303933
4104 5304851
4105 5306293
4106 5306761
4107 5307311
4108 5312179
4109 5312641
4110 5312939
4111 5316061
4112 5318683
4113 5319949
4114 5320187
4115 5320307
4116 5322563
4117 5322673
4118 5323421
4119 5324471
4120 5324549
4121 5325511
4122 5325841
4123 5327461
4124 5327821
4125 5329171
4126 5329801
4127 5330597
4128 5332661
4129 5332979
4130 5334751
4131 5335657
4132 5337491
4133 5337659
4134 5338409
4135 5339101
4136 5340017
4137 5340077
4138 5340749
4139 5341559
4140 5341979
4141 5342521
4142 5348839
4143 5349649
4144 5355419
4145 5356133
4146 5356223
4147 5359819
4148 5361353
4149 5361931
4150 5362523
4151 5364899
4152 5367511
4153 5368091
4154 5368411
4155 5369009
4156 5369681
4157 5369999
4158 5370751
4159 5370881
4160 5372771
4161 5373233
4162 5373727
4163 5374021
4164 5374151
4165 5374559
4166 5374973
4167 5376517
4168 5380691
4169 5382211
4170 5383601
4171 5383993
4172 5384303
4173 5388727
4174 5388853
4175 5390647
4176 5391149
4177 5391341
4178 5392201
4179 5395349
4180 5397011
4181 5397877
4182 5398447
4183 5400979
4184 5402087
4185 5403611
4186 5407747
4187 5408083
4188 5410871
4189 5411027
4190 5412923
4191 5413151
4192 5415881
4193 5416211
4194 5416651
4195 5419829
4196 5420089
4197 5420531
4198 5420683
4199 5422421
4200 5423921
4201 5425187
4202 5425271
4203 5426461
4204 5427413
4205 5428229
4206 5428403
4207 5429707
4208 5430079
4209 5434097
4210 5435603
4211 5437139
4212 5438071
4213 5439829
4214 5440007
4215 5440931
4216 5442287
4217 5444827
4218 5445053
4219 5446351
4220 5448061
4221 5448689
4222 5449529
4223 5450477
4224 5451263
4225 5452747
4226 5453249
4227 5453939
4228 5458147
4229 5459719
4230 5460841
4231 5462111
4232 5462959
4233 5463329
4234 5465431
4235 5466689
4236 5468083
4237 5469697
4238 5470187
4239 5471177
4240 5471771
4241 5471849
4242 5471993
4243 5472611
4244 5472631
4245 5472949
4246 5473511
4247 5473627
4248 5474549
4249 5476747
4250 5477401
4251 5478457
4252 5481583
4253 5484371
4254 5484719
4255 5486737
4256 5488001
4257 5488111
4258 5488159
4259 5491531
4260 5492033
4261 5493283
4262 5494031
4263 5495591
4264 5496943
4265 5497823
4266 5500969
4267 5505061
4268 5505719
4269 5506051
4270 5506651
4271 5508143
4272 5510849
4273 5511251
4274 5514881
4275 5515141
4276 5518001
4277 5518111
4278 5521261
4279 5525591
4280 5525771
4281 5526077
4282 5527939
4283 5528161
4284 5530841
4285 5531651
4286 5532377
4287 5532661
4288 5533163
4289 5533631
4290 5534773
4291 5534993
4292 5535011
4293 5536481
4294 5540251
4295 5540471
4296 5541421
4297 5543201
4298 5545049
4299 5545447
4300 5545849
4301 5546789
4302 5547371
4303 5547847
4304 5548769
4305 5552609
4306 5555611
4307 5557411
4308 5561593
4309 5562059
4310 5562071
4311 5562143
4312 5563049
4313 5565607
4314 5566657
4315 5567489
4316 5567669
4317 5568637
4318 5569021
4319 5570801
4320 5571457
4321 5575121
4322 5578049
4323 5579381
4324 5579617
4325 5580101
4326 5581973
4327 5584141
4328 5586071
4329 5587429
4330 5587753
4331 5588437
4332 5590799
4333 5591431
4334 5591437
4335 5592247
4336 5592449
4337 5595389
4338 5596229
4339 5600027
4340 5602643
4341 5604661
4342 5604959
4343 5605433
4344 5608171
4345 5608601
4346 5609231
4347 5609321
4348 5609341
4349 5615153
4350 5615609
4351 5619221
4352 5620957
4353 5626021
4354 5626151
4355 5628061
4356 5628757
4357 5629709
4358 5630633
4359 5630761
4360 5631401
4361 5633591
4362 5634817
4363 5637041
4364 5637689
4365 5643503
4366 5645257
4367 5646539
4368 5646881
4369 5647589
4370 5650811
4371 5652583
4372 5652701
4373 5659469
4374 5661143
4375 5661907
4376 5663929
4377 5665013
4378 5666737
4379 5670419
4380 5675311
4381 5677993
4382 5680151
4383 5681141
4384 5681471
4385 5681699
4386 5681983
4387 5684449
4388 5684669
4389 5685529
4390 5687453
4391 5687833
4392 5689657
4393 5690527
4394 5690857
4395 5690891
4396 5691113
4397 5691869
4398 5693021
4399 5693669
4400 5693993
4401 5694011
4402 5695111
4403 5696633
4404 5697247
4405 5699153
4406 5699159
4407 5703263
4408 5703377
4409 5705153
4410 5705939
4411 5706031
4412 5709029
4413 5709601
4414 5712151
4415 5717161
4416 5717707
4417 5718151
4418 5719619
4419 5723087
4420 5726257
4421 5726549
4422 5727401
4423 5730331
4424 5731651
4425 5734481
4426 5737181
4427 5739127
4428 5747083
4429 5748031
4430 5748073
4431 5748877
4432 5750827
4433 5753291
4434 5753639
4435 5757239
4436 5757491
4437 5757727
4438 5761621
4439 5762347
4440 5763649
4441 5765009
4442 5766619
4443 5767339
4444 5767357
4445 5771291
4446 5777509
4447 5781791
4448 5786369
4449 5786527
4450 5789533
4451 5790599
4452 5790809
4453 5791769
4454 5793439
4455 5794717
4456 5795291
4457 5795767
4458 5798227
4459 5799323
4460 5801051
4461 5801671
4462 5801701
4463 5801909
4464 5803411
4465 5803901
4466 5805907
4467 5806049
4468 5809411
4469 5809589
4470 5812343
4471 5813827
4472 5815151
4473 5817869
4474 5819081
4475 5820571
4476 5825231
4477 5826281
4478 5826599
4479 5828917
4480 5830343
4481 5832361
4482 5834431
4483 5835113
4484 5836459
4485 5839627
4486 5842261
4487 5842957
4488 5845321
4489 5851403
4490 5853241
4491 5854141
4492 5856073
4493 5856419
4494 5861321
4495 5863271
4496 5864489
4497 5864629
4498 5866379
4499 5867509
4500 5867707
4501 5870141
4502 5870303
4503 5873173
4504 5874787
4505 5879597
4506 5880241
4507 5882159
4508 5882171
4509 5884001
4510 5885189
4511 5885743
4512 5890981
4513 5891227
4514 5891429
4515 5893049
4516 5895319
4517 5901061
4518 5906071
4519 5907001
4520 5907061
4521 5907311
4522 5908327
4523 5908439
4524 5909737
4525 5911721
4526 5915891
4527 5916881
4528 5917231
4529 5918173
4530 5923849
4531 5924129
4532 5925757
4533 5930591
4534 5931143
4535 5932049
4536 5932889
4537 5934739
4538 5937817
4539 5939459
4540 5940983
4541 5943061
4542 5943281
4543 5943517
4544 5943757
4545 5944909
4546 5946709
4547 5947481
4548 5948279
4549 5949247
4550 5951789
4551 5951839
4552 5953109
4553 5955073
4554 5955671
4555 5960729
4556 5966459
4557 5972311
4558 5973349
4559 5973853
4560 5974777
4561 5975369
4562 5976319
4563 5977259
4564 5977613
4565 5978227
4566 5980439
4567 5981159
4568 5981489
4569 5981993
4570 5982307
4571 5982943
4572 5984857
4573 5988893
4574 5989793
4575 5990629
4576 5991071
4577 5994049
4578 5998133
4579 5998913
4580 5999677
4581 6001427
4582 6006361
4583 6007601
4584 6007711
4585 6009539
4586 6011309
4587 6011471
4588 6013541
4589 6013949
4590 6014117
4591 6018757
4592 6021641
4593 6022873
4594 6024107
4595 6025373
4596 6025571
4597 6026947
4598 6027661
4599 6027713
4600 6028097
4601 6029021
4602 6029087
4603 6031871
4604 6033761
4605 6041531
4606 6042671
4607 6046231
4608 6046451
4609 6048949
4610 6048967
4611 6049573
4612 6050687
4613 6051077
4614 6051631
4615 6051743
4616 6052373
4617 6052483
4618 6054571
4619 6054751
4620 6056201
4621 6057721
4622 6058993
4623 6059341
4624 6060071
4625 6060749
4626 6061421
4627 6061661
4628 6068411
4629 6068459
4630 6068819
4631 6069421
4632 6071651
4633 6073523
4634 6074087
4635 6074513
4636 6077611
4637 6078539
4638 6078559
4639 6081263
4640 6081287
4641 6084899
4642 6085139
4643 6085759
4644 6086383
4645 6087973
4646 6090719
4647 6094021
4648 6095549
4649 6095729
4650 6096373
4651 6096991
4652 6098401
4653 6098629
4654 6099349
4655 6099983
4656 6100337
4657 6101129
4658 6102377
4659 6102911
4660 6104621
4661 6106483
4662 6109837
4663 6111661
4664 6112187
4665 6115919
4666 6122759
4667 6122939
4668 6126821
4669 6127501
4670 6127831
4671 6131621
4672 6132107
4673 6136651
4674 6137557
4675 6137801
4676 6138239
4677 6139351
4678 6141833
4679 6142463
4680 6146593
4681 6146603
4682 6147721
4683 6148393
4684 6148601
4685 6151007
4686 6152459
4687 6152947
4688 6154541
4689 6157139
4690 6157559
4691 6157573
4692 6159539
4693 6162539
4694 6163541
4695 6164519
4696 6165673
4697 6166049
4698 6166261
4699 6166351
4700 6167471
4701 6168601
4702 6169439
4703 6169909
4704 6170341
4705 6170921
4706 6176011
4707 6176983
4708 6177559
4709 6178181
4710 6178859
4711 6179489
4712 6180841
4713 6182221
4714 6182261
4715 6184261
4716 6185857
4717 6188797
4718 6189529
4719 6190259
4720 6190859
4721 6191201
4722 6192509
4723 6193441
4724 6196709
4725 6197647
4726 6197753
4727 6199807
4728 6200219
4729 6200297
4730 6200561
4731 6203621
4732 6209603
4733 6210863
4734 6211019
4735 6213107
4736 6214751
4737 6216719
4738 6220217
4739 6220631
4740 6221951
4741 6222361
4742 6222473
4743 6226741
4744 6227371
4745 6228329
4746 6229799
4747 6230771
4748 6230849
4749 6231833
4750 6241661
4751 6247229
4752 6252443
4753 6257161
4754 6257473
4755 6260251
4756 6260893
4757 6261623
4758 6261751
4759 6261809
4760 6263371
4761 6264161
4762 6264329
4763 6266437
4764 6266521
4765 6268897
4766 6270193
4767 6270359
4768 6273011
4769 6273073
4770 6274223
4771 6275699
4772 6281641
4773 6282547
4774 6284549
4775 6285847
4776 6291503
4777 6294241
4778 6295417
4779 6296519
4780 6296669
4781 6296827
4782 6297509
4783 6298753
4784 6302711
4785 6303071
4786 6306151
4787 6308993
4788 6309161
4789 6313829
4790 6317159
4791 6317821
4792 6319403
4793 6320971
4794 6324821
4795 6327457
4796 6327721
4797 6328601
4798 6330941
4799 6334781
4800 6334987
4801 6335551
4802 6341473
4803 6342461
4804 6343187
4805 6344609
4806 6345271
4807 6345431
4808 6348119
4809 6349271
4810 6351911
4811 6353351
4812 6354059
4813 6356039
4814 6356101
4815 6356879
4816 6357991
4817 6358211
4818 6358411
4819 6358897
4820 6365011
4821 6365383
4822 6366203
4823 6367859
4824 6369479
4825 6371021
4826 6371557
4827 6372503
4828 6377047
4829 6377953
4830 6379843
4831 6381457
4832 6384113
4833 6388867
4834 6391261
4835 6393757
4836 6394183
4837 6394439
4838 6395171
4839 6396349
4840 6396619
4841 6397553
4842 6397609
4843 6398129
4844 6399427
4845 6402161
4846 6405533
4847 6406321
4848 6408839
4849 6409849
4850 6410821
4851 6416177
4852 6416513
4853 6416959
4854 6418261
4855 6419011
4856 6419729
4857 6422947
4858 6424837
4859 6424927
4860 6427061
4861 6427573
4862 6430261
4863 6431701
4864 6437303
4865 6438241
4866 6440459
4867 6442433
4868 6443083
4869 6443959
4870 6443977
4871 6444271
4872 6444671
4873 6449159
4874 6449753
4875 6450287
4876 6451163
4877 6451271
4878 6451657
4879 6454807
4880 6455639
4881 6455707
4882 6455749
4883 6456511
4884 6460721
4885 6461333
4886 6462541
4887 6463537
4888 6463649
4889 6464141
4890 6469807
4891 6471583
4892 6472171
4893 6476339
4894 6477299
4895 6477637
4896 6477983
4897 6478201
4898 6478519
4899 6479509
4900 6479617
4901 6481807
4902 6481957
4903 6482101
4904 6483779
4905 6490739
4906 6492809
4907 6495491
4908 6497291
4909 6502487
4910 6502577
4911 6504539
4912 6510671
4913 6511007
4914 6512477
4915 6514051
4916 6516583
4917 6516949
4918 6518051
4919 6522353
4920 6525839
4921 6528791
4922 6529927
4923 6531461
4924 6533641
4925 6533911
4926 6534329
4927 6542461
4928 6542647
4929 6543451
4930 6545321
4931 6545839
4932 6545857
4933 6546689
4934 6548539
4935 6549817
4936 6552817
4937 6554381
4938 6562559
4939 6563611
4940 6566809
4941 6568201
4942 6568609
4943 6572381
4944 6572431
4945 6576547
4946 6577027
4947 6577429
4948 6577717
4949 6579281
4950 6579553
4951 6581051
4952 6582061
4953 6582599
4954 6583327
4955 6583769
4956 6584311
4957 6586339
4958 6587923
4959 6588733
4960 6590039
4961 6595289
4962 6596257
4963 6597179
4964 6599713
4965 6602363
4966 6605371
4967 6606121
4968 6606839
4969 6608071
4970 6610573
4971 6610711
4972 6614063
4973 6614401
4974 6615491
4975 6615899
4976 6616447
4977 6616483
4978 6616717
4979 6619967
4980 6621353
4981 6624413
4982 6624581
4983 6625447
4984 6625573
4985 6627601
4986 6628639
4987 6628781
4988 6629317
4989 6629647
4990 6632333
4991 6633839
4992 6634049
4993 6634391
4994 6634559
4995 6637273
4996 6640451
4997 6643229
4998 6644101
4999 6644293
5000 6644381
5001 6646781
5002 6646837
5003 6647579
5004 6649289
5005 6649823
5006 6650531
5007 6659369
5008 6661649
5009 6661957
5010 6662857
5011 6665797
5012 6666059
5013 6672331
5014 6673109
5015 6674359
5016 6675299
5017 6675671
5018 6676753
5019 6676777
5020 6677767
5021 6678667
5022 6678979
5023 6679723
5024 6681847
5025 6684259
5026 6685409
5027 6688387
5028 6691019
5029 6693457
5030 6694229
5031 6694823
5032 6695459
5033 6697297
5034 6702757
5035 6702841
5036 6705053
5037 6706319
5038 6709837
5039 6711713
5040 6714161
5041 6714637
5042 6714899
5043 6715201
5044 6715409
5045 6719809
5046 6720377
5047 6721501
5048 6721691
5049 6721927
5050 6725839
5051 6726131
5052 6727927
5053 6731591
5054 6732503
5055 6732949
5056 6733229
5057 6733919
5058 6734033
5059 6737317
5060 6742171
5061 6743129
5062 6743257
5063 6744203
5064 6744371
5065 6745121
5066 6748447
5067 6750637
5068 6751049
5069 6753739
5070 6756479
5071 6757867
5072 6758039
5073 6761213
5074 6763321
5075 6763747
5076 6765389
5077 6768409
5078 6773797
5079 6777007
5080 6781109
5081 6784021
5082 6784627
5083 6786643
5084 6789037
5085 6791933
5086 6797137
5087 6800671
5088 6802093
5089 6804859
5090 6805573
5091 6809629
5092 6810449
5093 6812513
5094 6813899
5095 6814849
5096 6815789
5097 6816427
5098 6817501
5099 6818041
5100 6818953
5101 6819299
5102 6820097
5103 6822983
5104 6825359
5105 6828071
5106 6828853
5107 6832621
5108 6832939
5109 6836539
5110 6840161
5111 6840413
5112 6844549
5113 6845317
5114 6846149
5115 6846907
5116 6847609
5117 6848617
5118 6852061
5119 6852193
5120 6852739
5121 6853837
5122 6856391
5123 6858913
5124 6858979
5125 6861427
5126 6862417
5127 6862897
5128 6868039
5129 6870119
5130 6873011
5131 6873121
5132 6873743
5133 6874111
5134 6874339
5135 6874687
5136 6876179
5137 6880271
5138 6880411
5139 6881047
5140 6882439
5141 6884279
5142 6884653
5143 6889087
5144 6892201
5145 6892519
5146 6893527
5147 6894553
5148 6895327
5149 6903503
5150 6908021
5151 6908971
5152 6911759
5153 6915119
5154 6917021
5155 6917753
5156 6918389
5157 6920339
5158 6920423
5159 6920917
5160 6923321
5161 6926173
5162 6929903
5163 6930503
5164 6930541
5165 6931313
5166 6931511
5167 6932857
5168 6933371
5169 6934271
5170 6934819
5171 6937379
5172 6939487
5173 6941437
5174 6942209
5175 6943501
5176 6944429
5177 6945217
5178 6945671
5179 6946447
5180 6948443
5181 6950617
5182 6950639
5183 6952639
5184 6953137
5185 6955027
5186 6958507
5187 6960241
5188 6961121
5189 6961963
5190 6962041
5191 6962887
5192 6963877
5193 6964609
5194 6967633
5195 6967897
5196 6968407
5197 6968887
5198 6970273
5199 6970349
5200 6971317
5201 6973933
5202 6974453
5203 6976309
5204 6981301
5205 6981619
5206 6982319
5207 6984371
5208 6987433
5209 6987767
5210 6988777
5211 6992653
5212 6992903
5213 6995069
5214 6997117
5215 6999203
5216 7001327
5217 7001387
5218 7003697
5219 7005161
5220 7008751
5221 7010671
5222 7011887
5223 7013351
5224 7015511
5225 7016363
5226 7017511
5227 7017641
5228 7018301
5229 7021853
5230 7022531
5231 7022621
5232 7023563
5233 7024421
5234 7026821
5235 7027873
5236 7027901
5237 7030697
5238 7031371
5239 7031461
5240 7031551
5241 7032079
5242 7034701
5243 7036741
5244 7039957
5245 7041941
5246 7043251
5247 7043909
5248 7045631
5249 7046737
5250 7048409
5251 7054693
5252 7056323
5253 7058459
5254 7060463
5255 7060511
5256 7061941
5257 7063741
5258 7064173
5259 7065637
5260 7067309
5261 7068511
5262 7068791
5263 7070363
5264 7072321
5265 7073441
5266 7074341
5267 7075829
5268 7077449
5269 7078237
5270 7081859
5271 7081871
5272 7083521
5273 7085101
5274 7086029
5275 7088009
5276 7088933
5277 7089127
5278 7089743
5279 7090613
5280 7096459
5281 7097131
5282 7097359
5283 7098149
5284 7098653
5285 7098853
5286 7100651
5287 7100921
5288 7101287
5289 7102721
5290 7103801
5291 7103911
5292 7104941
5293 7104961
5294 7106251
5295 7107533
5296 7109423
5297 7109821
5298 7112731
5299 7114643
5300 7115161
5301 7116511
5302 7118159
5303 7120277
5304 7121683
5305 7122721
5306 7122749
5307 7122961
5308 7124543
5309 7125353
5310 7125803
5311 7126253
5312 7128673
5313 7128701
5314 7130009
5315 7132261
5316 7132649
5317 7133831
5318 7134311
5319 7135747
5320 7136083
5321 7136429
5322 7136593
5323 7137073
5324 7137149
5325 7138801
5326 7140923
5327 7141621
5328 7141931
5329 7142293
5330 7143421
5331 7145591
5332 7145641
5333 7151831
5334 7152791
5335 7154221
5336 7156571
5337 7158881
5338 7159013
5339 7159987
5340 7162523
5341 7163917
5342 7165021
5343 7168981
5344 7173547
5345 7174889
5346 7175251
5347 7177619
5348 7178917
5349 7180259
5350 7181171
5351 7182859
5352 7183049
5353 7184341
5354 7184789
5355 7185119
5356 7188787
5357 7191983
5358 7193749
5359 7194919
5360 7196339
5361 7197389
5362 7199011
5363 7201651
5364 7204733
5365 7204801
5366 7208917
5367 7209211
5368 7209491
5369 7212833
5370 7212839
5371 7217159
5372 7217731
5373 7218721
5374 7224359
5375 7224551
5376 7225949
5377 7229857
5378 7231261
5379 7232341
5380 7232411
5381 7234781
5382 7234859
5383 7235177
5384 7237739
5385 7240553
5386 7241459
5387 7243871
5388 7244371
5389 7246133
5390 7248191
5391 7249349
5392 7249943
5393 7250161
5394 7250363
5395 7251791
5396 7252031
5397 7253063
5398 7253641
5399 7254323
5400 7255043
5401 7257629
5402 7258837
5403 7259449
5404 7259519
5405 7260371
5406 7263341
5407 7264319
5408 7267147
5409 7269491
5410 7269853
5411 7270871
5412 7271531
5413 7271911
5414 7272659
5415 7273601
5416 7275937
5417 7277681
5418 7283231
5419 7285349
5420 7286131
5421 7289239
5422 7291111
5423 7291939
5424 7292251
5425 7295759
5426 7296127
5427 7296697
5428 7297559
5429 7297933
5430 7303913
5431 7305377
5432 7305731
5433 7307593
5434 7307771
5435 7311833
5436 7313633
5437 7314401
5438 7316849
5439 7317143
5440 7318319
5441 7319659
5442 7319947
5443 7322813
5444 7323359
5445 7327973
5446 7331431
5447 7331477
5448 7333231
5449 7335907
5450 7336447
5451 7336601
5452 7338241
5453 7338719
5454 7339183
5455 7340297
5456 7342271
5457 7342523
5458 7342831
5459 7343333
5460 7345043
5461 7345201
5462 7345483
5463 7345739
5464 7347601
5465 7348181
5466 7348321
5467 7349609
5468 7350449
5469 7351343
5470 7353581
5471 7354261
5472 7355303
5473 7355947
5474 7356001
5475 7359727
5476 7361171
5477 7366943
5478 7372919
5479 7372993
5480 7373011
5481 7374599
5482 7375729
5483 7376041
5484 7376339
5485 7376449
5486 7377569
5487 7379347
5488 7382527
5489 7383209
5490 7385557
5491 7386149
5492 7390391
5493 7391101
5494 7393499
5495 7394137
5496 7395307
5497 7395961
5498 7396229
5499 7401871
5500 7405451
5501 7405901
5502 7407637
5503 7410811
5504 7415087
5505 7417447
5506 7418473
5507 7421857
5508 7423211
5509 7424849
5510 7424959
5511 7426319
5512 7426621
5513 7430651
5514 7430947
5515 7431331
5516 7431719
5517 7431731
5518 7431959
5519 7434659
5520 7434949
5521 7441349
5522 7442339
5523 7442917
5524 7444649
5525 7445857
5526 7447019
5527 7447091
5528 7448971
5529 7449301
5530 7449307
5531 7450501
5532 7452839
5533 7455601
5534 7455937
5535 7457111
5536 7457647
5537 7459559
5538 7461073
5539 7462957
5540 7463879
5541 7465657
5542 7467073
5543 7469347
5544 7473281
5545 7473331
5546 7475609
5547 7476529
5548 7477627
5549 7478369
5550 7479517
5551 7482689
5552 7487329
5553 7487677
5554 7487743
5555 7492657
5556 7494329
5557 7496497
5558 7497029
5559 7498703
5560 7499171
5561 7500071
5562 7500271
5563 7500901
5564 7504529
5565 7507889
5566 7508141
5567 7509209
5568 7511611
5569 7512377
5570 7513703
5571 7517129
5572 7517347
5573 7517611
5574 7517963
5575 7521197
5576 7521533
5577 7523513
5578 7523939
5579 7526749
5580 7527061
5581 7529201
5582 7529359
5583 7529887
5584 7531211
5585 7533161
5586 7535729
5587 7536401
5588 7537259
5589 7537657
5590 7539307
5591 7540541
5592 7541021
5593 7541371
5594 7543021
5595 7547719
5596 7548389
5597 7550243
5598 7552001
5599 7552049
5600 7555897
5601 7557439
5602 7557787
5603 7560659
5604 7562141
5605 7562341
5606 7562839
5607 7563601
5608 7565737
5609 7566659
5610 7567447
5611 7569157
5612 7571699
5613 7572337
5614 7574173
5615 7574719
5616 7581061
5617 7582529
5618 7583137
5619 7583759
5620 7586011
5621 7586497
5622 7588309
5623 7588417
5624 7588963
5625 7589317
5626 7591237
5627 7592003
5628 7592201
5629 7593727
5630 7594933
5631 7595587
5632 7596887
5633 7597309
5634 7598753
5635 7599367
5636 7601903
5637 7602449
5638 7602461
5639 7604683
5640 7604911
5641 7606799
5642 7611997
5643 7612859
5644 7614121
5645 7615351
5646 7620421
5647 7622339
5648 7624061
5649 7624531
5650 7625257
5651 7625309
5652 7625699
5653 7626601
5654 7627943
5655 7628041
5656 7628339
5657 7632161
5658 7634293
5659 7635151
5660 7635157
5661 7640351
5662 7641611
5663 7642241
5664 7643347
5665 7647071
5666 7648027
5667 7651573
5668 7651829
5669 7652471
5670 7652947
5671 7654211
5672 7654769
5673 7655737
5674 7657339
5675 7658587
5676 7661749
5677 7661963
5678 7663349
5679 7663501
5680 7663729
5681 7664557
5682 7664887
5683 7665743
5684 7667707
5685 7669169
5686 7670501
5687 7672013
5688 7672109
5689 7672549
5690 7672657
5691 7674697
5692 7676527
5693 7676743
5694 7677001
5695 7680809
5696 7680973
5697 7682083
5698 7682809
5699 7685257
5700 7685857
5701 7686179
5702 7693597
5703 7693717
5704 7695157
5705 7695517
5706 7699207
5707 7699553
5708 7702949
5709 7703249
5710 7704071
5711 7706749
5712 7708271
5713 7709843
5714 7710641
5715 7711783
5716 7713077
5717 7714621
5718 7719419
5719 7720529
5720 7725241
5721 7725649
5722 7727047
5723 7729823
5724 7730731
5725 7731457
5726 7731817
5727 7732261
5728 7734829
5729 7735103
5730 7735327
5731 7735499
5732 7738201
5733 7740143
5734 7741241
5735 7746031
5736 7746943
5737 7750313
5738 7754081
5739 7755581
5740 7757707
5741 7758643
5742 7759813
5743 7761539
5744 7763401
5745 7763557
5746 7763797
5747 7766767
5748 7770281
5749 7770559
5750 7770953
5751 7772591
5752 7774993
5753 7778159
5754 7782659
5755 7783753
5756 7785319
5757 7785823
5758 7791697
5759 7792319
5760 7793833
5761 7794049
5762 7794209
5763 7796377
5764 7798939
5765 7799167
5766 7799503
5767 7800997
5768 7801093
5769 7804261
5770 7806973
5771 7807859
5772 7807927
5773 7808401
5774 7808579
5775 7811333
5776 7812491
5777 7812929
5778 7814857
5779 7819111
5780 7820063
5781 7820243
5782 7822531
5783 7823437
5784 7824937
5785 7827299
5786 7828199
5787 7828319
5788 7828519
5789 7829923
5790 7830671
5791 7831357
5792 7834459
5793 7836419
5794 7839269
5795 7841929
5796 7842371
5797 7842599
5798 7845301
5799 7848089
5800 7851629
5801 7853719
5802 7857533
5803 7861093
5804 7862339
5805 7862557
5806 7863101
5807 7869053
5808 7870549
5809 7870619
5810 7871081
5811 7871887
5812 7877119
5813 7878613
5814 7879423
5815 7881569
5816 7882289
5817 7884577
5818 7891913
5819 7892453
5820 7894723
5821 7895959
5822 7901759
5823 7907429
5824 7909021
5825 7909357
5826 7910849
5827 7912171
5828 7912537
5829 7914601
5830 7915147
5831 7915507
5832 7917743
5833 7919617
5834 7920329
5835 7921229
5836 7924013
5837 7924019
5838 7924211
5839 7925681
5840 7927357
5841 7928857
5842 7932241
5843 7936289
5844 7938397
5845 7940473
5846 7942691
5847 7945199
5848 7945481
5849 7946857
5850 7953787
5851 7955239
5852 7961489
5853 7962127
5854 7962389
5855 7964129
5856 7971833
5857 7972687
5858 7974191
5859 7976317
5860 7979497
5861 7981021
5862 7983179
5863 7983757
5864 7985227
5865 7986697
5866 7988587
5867 7988723
5868 7989467
5869 7990481
5870 7991101
5871 7991897
5872 7994407
5873 7997989
5874 7998667
5875 8004631
5876 8005483
5877 8008349
5878 8009087
5879 8009557
5880 8010461
5881 8012531
5882 8014553
5883 8015341
5884 8015611
5885 8019233
5886 8020981
5887 8024813
5888 8026093
5889 8026097
5890 8026451
5891 8028491
5892 8031431
5893 8032621
5894 8033161
5895 8034821
5896 8038441
5897 8039123
5898 8039749
5899 8041643
5900 8042543
5901 8042633
5902 8044271
5903 8045603
5904 8045801
5905 8046161
5906 8047649
5907 8048473
5908 8048659
5909 8049001
5910 8049869
5911 8053921
5912 8055121
5913 8056151
5914 8056261
5915 8058511
5916 8063221
5917 8065829
5918 8067151
5919 8067281
5920 8069041
5921 8071859
5922 8072429
5923 8079943
5924 8080693
5925 8081737
5926 8082749
5927 8084411
5928 8084701
5929 8087647
5930 8090171
5931 8090683
5932 8091059
5933 8092939
5934 8094607
5935 8095237
5936 8096317
5937 8098379
5938 8099347
5939 8101783
5940 8102089
5941 8106401
5942 8107651
5943 8109071
5944 8113571
5945 8115997
5946 8116231
5947 8116541
5948 8120683
5949 8124443
5950 8124731
5951 8125211
5952 8125301
5953 8126401
5954 8127659
5955 8130583
5956 8130851
5957 8131577
5958 8133731
5959 8133809
5960 8134051
5961 8134657
5962 8135201
5963 8135429
5964 8136143
5965 8136899
5966 8137021
5967 8138639
5968 8139997
5969 8140393
5970 8141741
5971 8143277
5972 8144827
5973 8146571
5974 8146829
5975 8147291
5976 8151371
5977 8152927
5978 8153153
5979 8153731
5980 8154631
5981 8154749
5982 8155229
5983 8157041
5984 8159311
5985 8159399
5986 8161451
5987 8162603
5988 8166757
5989 8168539
5990 8169653
5991 8170163
5992 8171173
5993 8171827
5994 8177669
5995 8181967
5996 8182403
5997 8182409
5998 8183729
5999 8187637
6000 8189309
6001 8190859
6002 8192141
6003 8193113
6004 8193629
6005 8194859
6006 8196479
6007 8199409
6008 8201773
6009 8205881
6010 8207333
6011 8207827
6012 8208721
6013 8209829
6014 8210777
6015 8213633
6016 8213819
6017 8213969
6018 8214539
6019 8216609
6020 8216939
6021 8218391
6022 8224259
6023 8225519
6024 8226949
6025 8227391
6026 8229131
6027 8229373
6028 8231297
6029 8232533
6030 8233523
6031 8234063
6032 8237701
6033 8238809
6034 8239051
6035 8242277
6036 8243647
6037 8244053
6038 8244631
6039 8247973
6040 8249489
6041 8251361
6042 8252339
6043 8252711
6044 8253031
6045 8254223
6046 8254849
6047 8255521
6048 8259787
6049 8260277
6050 8261441
6051 8261993
6052 8266411
6053 8266963
6054 8267041
6055 8268349
6056 8268907
6057 8269049
6058 8269409
6059 8270461
6060 8271521
6061 8272241
6062 8274247
6063 8277299
6064 8277509
6065 8278559
6066 8280721
6067 8281171
6068 8281201
6069 8283689
6070 8286217
6071 8290043
6072 8290393
6073 8292629
6074 8292919
6075 8296159
6076 8297059
6077 8297329
6078 8298001
6079 8298209
6080 8300711
6081 8300933
6082 8301659
6083 8301851
6084 8302711
6085 8303723
6086 8304713
6087 8304883
6088 8306423
6089 8306621
6090 8307983
6091 8308511
6092 8308973
6093 8310251
6094 8312921
6095 8314871
6096 8316457
6097 8318347
6098 8319247
6099 8324773
6100 8326261
6101 8327471
6102 8329327
6103 8329819
6104 8330363
6105 8331371
6106 8331539
6107 8332073
6108 8332859
6109 8336617
6110 8338237
6111 8339449
6112 8341831
6113 8343059
6114 8343121
6115 8343859
6116 8344481
6117 8346421
6118 8346829
6119 8346937
6120 8348227
6121 8348797
6122 8351911
6123 8352161
6124 8353621
6125 8358491
6126 8360249
6127 8360959
6128 8362357
6129 8362649
6130 8371133
6131 8373847
6132 8373991
6133 8374529
6134 8375009
6135 8375317
6136 8375557
6137 8376299
6138 8378347
6139 8379823
6140 8380223
6141 8382203
6142 8382937
6143 8384797
6144 8385211
6145 8387101
6146 8387369
6147 8388371
6148 8389039
6149 8392301
6150 8394983
6151 8395913
6152 8396329
6153 8397007
6154 8397119
6155 8401397
6156 8407171
6157 8413073
6158 8413721
6159 8414773
6160 8420543
6161 8422691
6162 8423731
6163 8424077
6164 8426123
6165 8426161
6166 8428439
6167 8428691
6168 8432621
6169 8433101
6170 8433211
6171 8433493
6172 8435891
6173 8436151
6174 8437181
6175 8439581
6176 8440259
6177 8440613
6178 8442271
6179 8443573
6180 8443711
6181 8445599
6182 8447809
6183 8449627
6184 8450609
6185 8451413
6186 8451967
6187 8452537
6188 8454371
6189 8455091
6190 8455141
6191 8456771
6192 8460059
6193 8461391
6194 8462383
6195 8463029
6196 8463869
6197 8465669
6198 8468419
6199 8468437
6200 8469049
6201 8470829
6202 8473657
6203 8475239
6204 8475787
6205 8477587
6206 8478823
6207 8479271
6208 8480617
6209 8482549
6210 8483201
6211 8486129
6212 8486857
6213 8487337
6214 8487823
6215 8489227
6216 8496359
6217 8496533
6218 8497259
6219 8503163
6220 8506313
6221 8506829
6222 8507071
6223 8508061
6224 8508151
6225 8509507
6226 8511571
6227 8515621
6228 8516707
6229 8517023
6230 8518019
6231 8518417
6232 8518709
6233 8519317
6234 8519933
6235 8520311
6236 8521781
6237 8522641
6238 8522681
6239 8522959
6240 8524357
6241 8525431
6242 8528797
6243 8531429
6244 8531683
6245 8532413
6246 8535029
6247 8537159
6248 8543071
6249 8543617
6250 8545091
6251 8545183
6252 8546429
6253 8547817
6254 8548409
6255 8548643
6256 8549857
6257 8551421
6258 8552437
6259 8553449
6260 8554327
6261 8554981
6262 8556853
6263 8561437
6264 8567257
6265 8567653
6266 8567989
6267 8568979
6268 8572349
6269 8572549
6270 8573771
6271 8574479
6272 8576509
6273 8582759
6274 8583529
6275 8586427
6276 8586577
6277 8592299
6278 8593159
6279 8598307
6280 8599027
6281 8601401
6282 8607601
6283 8609173
6284 8609609
6285 8610803
6286 8610997
6287 8611501
6288 8614483
6289 8615473
6290 8616221
6291 8616869
6292 8619031
6293 8625203
6294 8625649
6295 8626109
6296 8628121
6297 8631341
6298 8631451
6299 8631899
6300 8632391
6301 8633347
6302 8633857
6303 8638117
6304 8640161
6305 8641571
6306 8642819
6307 8644057
6308 8645081
6309 8645719
6310 8648369
6311 8650391
6312 8650531
6313 8653231
6314 8653859
6315 8654221
6316 8654759
6317 8655037
6318 8655637
6319 8656339
6320 8656807
6321 8660161
6322 8660891
6323 8660909
6324 8661689
6325 8664907
6326 8665973
6327 8666347
6328 8666381
6329 8667979
6330 8669443
6331 8671549
6332 8672647
6333 8678069
6334 8681429
6335 8681539
6336 8682211
6337 8683001
6338 8684903
6339 8685517
6340 8687171
6341 8691961
6342 8698009
6343 8702311
6344 8703491
6345 8703581
6346 8703859
6347 8705051
6348 8706791
6349 8707057
6350 8709121
6351 8710253
6352 8711821
6353 8712233
6354 8712727
6355 8715937
6356 8720773
6357 8723909
6358 8728207
6359 8728571
6360 8729107
6361 8731939
6362 8732879
6363 8733281
6364 8737111
6365 8737199
6366 8741071
6367 8741303
6368 8741437
6369 8742847
6370 8743549
6371 8747857
6372 8750309
6373 8751427
6374 8752657
6375 8753669
6376 8755913
6377 8758697
6378 8759977
6379 8760421
6380 8760607
6381 8762407
6382 8762647
6383 8762827
6384 8766517
6385 8767433
6386 8768597
6387 8768803
6388 8769413
6389 8771041
6390 8775607
6391 8780249
6392 8780311
6393 8781419
6394 8781853
6395 8785079
6396 8786009
6397 8787697
6398 8788939
6399 8792989
6400 8793209
6401 8794327
6402 8794477
6403 8795753
6404 8799683
6405 8801371
6406 8801917
6407 8804051
6408 8804123
6409 8805359
6410 8805869
6411 8809429
6412 8809687
6413 8811721
6414 8814511
6415 8820121
6416 8822161
6417 8826637
6418 8828471
6419 8829757
6420 8832919
6421 8833501
6422 8836357
6423 8840341
6424 8846983
6425 8847607
6426 8848057
6427 8848271
6428 8851057
6429 8854843
6430 8858713
6431 8860231
6432 8860909
6433 8861519
6434 8863429
6435 8864767
6436 8866019
6437 8866259
6438 8867153
6439 8868071
6440 8868323
6441 8870429
6442 8871509
6443 8872139
6444 8873743
6445 8874713
6446 8877053
6447 8881207
6448 8885557
6449 8886307
6450 8886833
6451 8887513
6452 8890229
6453 8891347
6454 8892119
6455 8892517
6456 8892577
6457 8894377
6458 8894533
6459 8894843
6460 8896133
6461 8897143
6462 8897633
6463 8900821
6464 8902351
6465 8906669
6466 8907853
6467 8913689
6468 8914837
6469 8914963
6470 8915311
6471 8922247
6472 8922791
6473 8932181
6474 8932927
6475 8936107
6476 8937029
6477 8937953
6478 8940023
6479 8941091
6480 8941819
6481 8942083
6482 8944597
6483 8946409
6484 8951081
6485 8951221
6486 8952529
6487 8953733
6488 8953999
6489 8957513
6490 8959777
6491 8960227
6492 8960669
6493 8961943
6494 8962823
6495 8963677
6496 8966227
6497 8966603
6498 8966959
6499 8971139
6500 8975713
6501 8976787
6502 8981099
6503 8981743
6504 8985253
6505 8989639
6506 8990497
6507 8991001
6508 8993287
6509 8995313
6510 8999423
6511 9000793
6512 9002641
6513 9004621
6514 9006359
6515 9006601
6516 9007183
6517 9007259
6518 9008243
6519 9009631
6520 9010853
6521 9011843
6522 9015173
6523 9015197
6524 9018907
6525 9023051
6526 9030851
6527 9033359
6528 9034451
6529 9036101
6530 9037759
6531 9038473
6532 9040397
6533 9040571
6534 9043361
6535 9044939
6536 9047611
6537 9050473
6538 9056303
6539 9057371
6540 9060841
6541 9061121
6542 9065383
6543 9066359
6544 9066599
6545 9067529
6546 9068009
6547 9068519
6548 9068827
6549 9068887
6550 9069923
6551 9071441
6552 9071801
6553 9072727
6554 9072949
6555 9076259
6556 9077737
6557 9079199
6558 9082511
6559 9085103
6560 9085499
6561 9089279
6562 9089653
6563 9092527
6564 9093061
6565 9093373
6566 9096743
6567 9098059
6568 9098743
6569 9100541
6570 9100673
6571 9100859
6572 9101759
6573 9101861
6574 9102901
6575 9103421
6576 9103841
6577 9105791
6578 9106561
6579 9107603
6580 9112261
6581 9114311
6582 9116917
6583 9117077
6584 9117659
6585 9120077
6586 9123511
6587 9125423
6588 9125959
6589 9128929
6590 9133349
6591 9134959
6592 9137213
6593 9137701
6594 9140459
6595 9141421
6596 9141751
6597 9144701
6598 9145319
6599 9147869
6600 9151349
6601 9152063
6602 9152131
6603 9152461
6604 9155857
6605 9160471
6606 9162547
6607 9164471
6608 9165151
6609 9165757
6610 9165829
6611 9166093
6612 9166327
6613 9166853
6614 9170401
6615 9172739
6616 9174311
6617 9175619
6618 9177211
6619 9177439
6620 9178597
6621 9183373
6622 9187249
6623 9191141
6624 9192779
6625 9193231
6626 9194407
6627 9196049
6628 9196207
6629 9196249
6630 9197011
6631 9197509
6632 9198359
6633 9199039
6634 9201611
6635 9201901
6636 9204311
6637 9207071
6638 9208229
6639 9209819
6640 9210017
6641 9210653
6642 9210749
6643 9211711
6644 9214831
6645 9217711
6646 9218459
6647 9219739
6648 9220241
6649 9229057
6650 9230161
6651 9230297
6652 9231661
6653 9231791
6654 9233243
6655 9236309
6656 9237829
6657 9239759
6658 9240131
6659 9243071
6660 9244171
6661 9245947
6662 9248887
6663 9251603
6664 9252361
6665 9253319
6666 9255041
6667 9256729
6668 9259447
6669 9260827
6670 9263341
6671 9266557
6672 9267121
6673 9271447
6674 9274051
6675 9274709
6676 9276121
6677 9277913
6678 9278963
6679 9279157
6680 9279887
6681 9280241
6682 9280571
6683 9282131
6684 9283271
6685 9285259
6686 9289387
6687 9289523
6688 9290473
6689 9290947
6690 9291119
6691 9298703
6692 9303241
6693 9304783
6694 9305339
6695 9305591
6696 9307061
6697 9307357
6698 9312883
6699 9313253
6700 9313561
6701 9313613
6702 9315967
6703 9319619
6704 9321283
6705 9323173
6706 9323609
6707 9324949
6708 9325601
6709 9325973
6710 9333521
6711 9333749
6712 9334393
6713 9334571
6714 9334889
6715 9336629
6716 9337411
6717 9338647
6718 9339787
6719 9340411
6720 9341249
6721 9341429
6722 9343021
6723 9344473
6724 9345559
6725 9346301
6726 9346657
6727 9349519
6728 9351011
6729 9354193
6730 9354427
6731 9358201
6732 9358379
6733 9359453
6734 9359587
6735 9360907
6736 9361393
6737 9362141
6738 9362789
6739 9363191
6740 9364679
6741 9365003
6742 9365519
6743 9367597
6744 9368257
6745 9369667
6746 9370807
6747 9371071
6748 9372449
6749 9372953
6750 9376447
6751 9379417
6752 9382141
6753 9384031
6754 9389557
6755 9391121
6756 9391439
6757 9394199
6758 9397259
6759 9398243
6760 9398317
6761 9398377
6762 9398687
6763 9400733
6764 9400861
6765 9401921
6766 9402937
6767 9403501
6768 9405727
6769 9405983
6770 9406711
6771 9408829
6772 9409273
6773 9413153
6774 9414949
6775 9415201
6776 9415391
6777 9415531
6778 9420287
6779 9421871
6780 9423541
6781 9427501
6782 9429653
6783 9431171
6784 9432413
6785 9434701
6786 9435739
6787 9436499
6788 9437009
6789 9437171
6790 9443729
6791 9444151
6792 9444937
6793 9448289
6794 9448553
6795 9449309
6796 9449437
6797 9450899
6798 9451261
6799 9452309
6800 9453599
6801 9453953
6802 9454019
6803 9455003
6804 9458633
6805 9461341
6806 9462511
6807 9466207
6808 9467309
6809 9472103
6810 9475111
6811 9476059
6812 9478057
6813 9478543
6814 9478787
6815 9480607
6816 9484609
6817 9487963
6818 9491401
6819 9494497
6820 9500903
6821 9502561
6822 9503243
6823 9510931
6824 9513811
6825 9515141
6826 9516847
6827 9520741
6828 9522749
6829 9524857
6830 9527311
6831 9531701
6832 9532351
6833 9533291
6834 9534869
6835 9537211
6836 9537727
6837 9539633
6838 9544141
6839 9545317
6840 9546787
6841 9553501
6842 9553589
6843 9557329
6844 9558667
6845 9559271
6846 9561991
6847 9562271
6848 9563429
6849 9564031
6850 9565687
6851 9567913
6852 9568219
6853 9568543
6854 9569557
6855 9571031
6856 9573307
6857 9573709
6858 9574249
6859 9575011
6860 9575857
6861 9576443
6862 9576803
6863 9578867
6864 9581809
6865 9582581
6866 9585371
6867 9587623
6868 9591727
6869 9592409
6870 9592717
6871 9593677
6872 9595253
6873 9596287
6874 9599873
6875 9600287
6876 9600751
6877 9601253
6878 9603817
6879 9608887
6880 9610781
6881 9611773
6882 9612721
6883 9613111
6884 9613421
6885 9613739
6886 9615157
6887 9616657
6888 9621817
6889 9623699
6890 9624869
6891 9625141
6892 9625589
6893 9625619
6894 9625747
6895 9629329
6896 9631261
6897 9634091
6898 9635953
6899 9640171
6900 9640483
6901 9640627
6902 9640957
6903 9642203
6904 9642991
6905 9647369
6906 9655717
6907 9657247
6908 9663853
6909 9663877
6910 9664843
6911 9666577
6912 9667633
6913 9669059
6914 9671083
6915 9671647
6916 9674459
6917 9677209
6918 9678187
6919 9679577
6920 9681071
6921 9682139
6922 9682993
6923 9684049
6924 9684517
6925 9687323
6926 9688597
6927 9688867
6928 9689387
6929 9691999
6930 9692017
6931 9692239
6932 9692437
6933 9692509
6934 9692743
6935 9693577
6936 9700541
6937 9701771
6938 9702239
6939 9702811
6940 9704789
6941 9709027
6942 9710461
6943 9713707
6944 9715231
6945 9716647
6946 9718571
6947 9722611
6948 9723283
6949 9723757
6950 9723829
6951 9725647
6952 9728527
6953 9735787
6954 9736807
6955 9738797
6956 9738979
6957 9740617
6958 9742121
6959 9743719
6960 9748169
6961 9748657
6962 9749353
6963 9751589
6964 9752021
6965 9758171
6966 9760273
6967 9761449
6968 9763469
6969 9766079
6970 9769009
6971 9776069
6972 9777949
6973 9780149
6974 9781201
6975 9782459
6976 9782833
6977 9783667
6978 9784057
6979 9788143
6980 9788297
6981 9788503
6982 9790379
6983 9791653
6984 9795307
6985 9799969
6986 9800771
6987 9801581
6988 9803947
6989 9804511
6990 9806917
6991 9810491
6992 9813151
6993 9814439
6994 9815629
6995 9816727
6996 9817117
6997 9817447
6998 9817559
6999 9819533
7000 9821527
7001 9822809
7002 9825121
7003 9825817
7004 9828179
7005 9828733
7006 9832321
7007 9833609
7008 9836419
7009 9836543
7010 9840001
7011 9840283
7012 9840539
7013 9841837
7014 9847259
7015 9847723
7016 9847969
7017 9849523
7018 9850349
7019 9851081
7020 9856963
7021 9857377
7022 9857443
7023 9858367
7024 9858949
7025 9860797
7026 9861349
7027 9861743
7028 9864733
7029 9868513
7030 9870943
7031 9872983
7032 9874327
7033 9874633
7034 9875407
7035 9876059
7036 9876071
7037 9877423
7038 9880027
7039 9887323
7040 9888313
7041 9888841
7042 9888979
7043 9890833
7044 9894923
7045 9898673
7046 9899333
7047 9902293
7048 9902411
7049 9903193
7050 9903241
7051 9904589
7052 9906653
7053 9910403
7054 9910409
7055 9911101
7056 9912829
7057 9915299
7058 9915457
7059 9916139
7060 9921193
7061 9923201
7062 9928129
7063 9929159
7064 9930629
7065 9932399
7066 9933239
7067 9933877
7068 9934823
7069 9935059
7070 9935437
7071 9936533
7072 9940747
7073 9942479
7074 9943319
7075 9946169
7076 9947243
7077 9950021
7078 9950827
7079 9951299
7080 9951329
7081 9954281
7082 9957307
7083 9958087
7084 9959981
7085 9960211
7086 9961687
7087 9962149
7088 9962983
7089 9965687
7090 9973507
7091 9973813
7092 9974933
7093 9978557
7094 9980099
7095 9993343
7096 9994177
7097 9994333
7098 9995497
7099 9996757
7100 10000247
7101 10004627
7102 10005329
7103 10012699
7104 10016309
7105 10019551
7106 10022627
7107 10023347
7108 10026119
7109 10029161
7110 10030109
7111 10031027
7112 10035887
7113 10039577
7114 10042841
7115 10043219
7116 10043417
7117 10047721
7118 10049981
7119 10056721
7120 10059661
7121 10070989
7122 10071377
7123 10075007
7124 10076477
7125 10076851
7126 10077421
7127 10077911
7128 10078451
7129 10081277
7130 10081961
7131 10083653
7132 10083989
7133 10086793
7134 10088371
7135 10088557
7136 10089901
7137 10093739
7138 10096651
7139 10100527
7140 10106147
7141 10110629
7142 10111547
7143 10112027
7144 10113091
7145 10120637
7146 10121777
7147 10122499
7148 10124057
7149 10124981
7150 10130009
7151 10132999
7152 10134931
7153 10136773
7154 10138463
7155 10138957
7156 10139411
7157 10139671
7158 10144811
7159 10145117
7160 10149539
7161 10149551
7162 10150229
7163 10151327
7164 10156261
7165 10157051
7166 10157321
7167 10161793
7168 10166549
7169 10166813
7170 10168271
7171 10168831
7172 10170047
7173 10172759
7174 10174061
7175 10178083
7176 10179509
7177 10180853
7178 10181849
7179 10182587
7180 10183421
7181 10184297
7182 10185751
7183 10187339
7184 10187959
7185 10190087
7186 10190753
7187 10191017
7188 10192957
7189 10194533
7190 10194731
7191 10194931
7192 10197949
7193 10198889
7194 10201817
7195 10203989
7196 10204771
7197 10208027
7198 10211599
7199 10212617
7200 10218493
7201 10220429
7202 10221037
7203 10222951
7204 10227961
7205 10228397
7206 10233407
7207 10234271
7208 10234949
7209 10236923
7210 10239221
7211 10239847
7212 10241219
7213 10241507
7214 10244771
7215 10246751
7216 10246823
7217 10249541
7218 10251841
7219 10252217
7220 10257041
7221 10258301
7222 10258921
7223 10261019
7224 10262009
7225 10263587
7226 10265341
7227 10267871
7228 10268641
7229 10268821
7230 10268827
7231 10270277
7232 10271441
7233 10276051
7234 10278271
7235 10279421
7236 10281749
7237 10288973
7238 10289611
7239 10294051
7240 10297621
7241 10298473
7242 10300877
7243 10301227
7244 10307351
7245 10307849
7246 10309861
7247 10312979
7248 10313477
7249 10317497
7250 10317611
7251 10317851
7252 10319651
7253 10322017
7254 10326587
7255 10328411
7256 10333361
7257 10335833
7258 10336951
7259 10338373
7260 10343687
7261 10345553
7262 10346459
7263 10347937
7264 10352087
7265 10353587
7266 10354061
7267 10357093
7268 10358917
7269 10364231
7270 10366271
7271 10369483
7272 10370753
7273 10371521
7274 10372559
7275 10374937
7276 10375901
7277 10377053
7278 10378559
7279 10379549
7280 10380541
7281 10380677
7282 10381957
7283 10383371
7284 10384631
7285 10384831
7286 10385339
7287 10387537
7288 10387621
7289 10389427
7290 10389649
7291 10393651
7292 10395901
7293 10397789
7294 10398371
7295 10398937
7296 10399981
7297 10400267
7298 10402607
7299 10404959
7300 10406801
7301 10408771
7302 10409431
7303 10410497
7304 10412989
7305 10414787
7306 10418761
7307 10419883
7308 10420139
7309 10421387
7310 10421471
7311 10427453
7312 10429187
7313 10430471
7314 10433531
7315 10435487
7316 10435511
7317 10436819
7318 10439371
7319 10444823
7320 10446533
7321 10447361
7322 10451641
7323 10452587
7324 10454293
7325 10454723
7326 10454947
7327 10457063
7328 10459717
7329 10464803
7330 10466087
7331 10470701
7332 10474411
7333 10474693
7334 10474747
7335 10476727
7336 10482793
7337 10483163
7338 10485949
7339 10490297
7340 10490639
7341 10493401
7342 10496039
7343 10498549
7344 10499249
7345 10500527
7346 10504471
7347 10506473
7348 10507733
7349 10511297
7350 10513969
7351 10515811
7352 10518661
7353 10518731
7354 10520017
7355 10521887
7356 10522307
7357 10522451
7358 10527373
7359 10528691
7360 10529177
7361 10529773
7362 10532009
7363 10538111
7364 10539457
7365 10543373
7366 10543829
7367 10544231
7368 10545809
7369 10546187
7370 10547333
7371 10548817
7372 10549261
7373 10551743
7374 10553701
7375 10554881
7376 10558711
7377 10559051
7378 10559141
7379 10559729
7380 10563197
7381 10565173
7382 10565641
7383 10566583
7384 10570601
7385 10571471
7386 10573741
7387 10576403
7388 10577291
7389 10579529
7390 10580651
7391 10581041
7392 10584583
7393 10586071
7394 10586309
7395 10587739
7396 10588769
7397 10589311
7398 10589977
7399 10591271
7400 10591811
7401 10593071
7402 10593701
7403 10593899
7404 10595789
7405 10596041
7406 10598591
7407 10599031
7408 10600319
7409 10605431
7410 10605923
7411 10608371
7412 10608623
7413 10610651
7414 10616051
7415 10616561
7416 10618529
7417 10618747
7418 10619621
7419 10621097
7420 10624007
7421 10624739
7422 10628557
7423 10633463
7424 10633919
7425 10634341
7426 10634431
7427 10636211
7428 10637351
7429 10637401
7430 10638077
7431 10640009
7432 10649011
7433 10649341
7434 10652893
7435 10657573
7436 10658437
7437 10659191
7438 10659421
7439 10662881
7440 10667639
7441 10669499
7442 10672271
7443 10672657
7444 10674271
7445 10674583
7446 10675537
7447 10676219
7448 10678769
7449 10679579
7450 10681343
7451 10682911
7452 10686601
7453 10688647
7454 10690871
7455 10694381
7456 10696709
7457 10697009
7458 10697933
7459 10701227
7460 10701751
7461 10705441
7462 10705573
7463 10706071
7464 10707551
7465 10709593
7466 10709641
7467 10711277
7468 10715231
7469 10717271
7470 10717781
7471 10721371
7472 10723421
7473 10732061
7474 10735541
7475 10735651
7476 10737031
7477 10739987
7478 10741823
7479 10743221
7480 10743713
7481 10744141
7482 10744343
7483 10744361
7484 10745993
7485 10746011
7486 10746251
7487 10746899
7488 10747973
7489 10748963
7490 10749971
7491 10750771
7492 10754759
7493 10754771
7494 10758973
7495 10758991
7496 10759103
7497 10759211
7498 10759327
7499 10761287
7500 10762211
7501 10762561
7502 10767689
7503 10768529
7504 10769021
7505 10772771
7506 10774601
7507 10776203
7508 10778407
7509 10781681
7510 10786051
7511 10786141
7512 10786837
7513 10790261
7514 10790711
7515 10793749
7516 10794649
7517 10795529
7518 10796759
7519 10798609
7520 10802027
7521 10806571
7522 10807831
7523 10807949
7524 10808711
7525 10810271
7526 10811117
7527 10812079
7528 10816271
7529 10818053
7530 10818329
7531 10819649
7532 10823387
7533 10823471
7534 10826083
7535 10827233
7536 10827659
7537 10829341
7538 10830161
7539 10830251
7540 10831661
7541 10832477
7542 10833551
7543 10833959
7544 10836431
7545 10837223
7546 10839203
7547 10839559
7548 10842173
7549 10842791
7550 10843277
7551 10845161
7552 10845239
7553 10846351
7554 10847471
7555 10848191
7556 10849183
7557 10851241
7558 10851751
7559 10858051
7560 10859003
7561 10861859
7562 10862021
7563 10863859
7564 10868971
7565 10870031
7566 10875131
7567 10875919
7568 10876031
7569 10876121
7570 10882919
7571 10887697
7572 10888597
7573 10889653
7574 10890361
7575 10895887
7576 10896923
7577 10897559
7578 10900787
7579 10903441
7580 10909049
7581 10909511
7582 10914539
7583 10914803
7584 10917749
7585 10917839
7586 10918889
7587 10920521
7588 10922501
7589 10923719
7590 10924691
7591 10926341
7592 10927799
7593 10928521
7594 10928639
7595 10929119
7596 10930061
7597 10931321
7598 10931387
7599 10935493
7600 10936649
7601 10937039
7602 10939031
7603 10940297
7604 10940549
7605 10941841
7606 10943557
7607 10944161
7608 10951747
7609 10951873
7610 10952087
7611 10952261
7612 10953211
7613 10953907
7614 10954133
7615 10956629
7616 10957181
7617 10957417
7618 10959457
7619 10960051
7620 10961711
7621 10962727
7622 10966051
7623 10968071
7624 10975927
7625 10976047
7626 10976429
7627 10976843
7628 10978823
7629 10978999
7630 10979107
7631 10980341
7632 10984507
7633 10987973
7634 10992539
7635 10995833
7636 10996021
7637 10997309
7638 11000747
7639 11002259
7640 11002457
7641 11002619
7642 11004167
7643 11004671
7644 11005607
7645 11008037
7646 11011093
7647 11011307
7648 11013329
7649 11018687
7650 11020439
7651 11025199
7652 11030177
7653 11030339
7654 11031509
7655 11032207
7656 11032579
7657 11035811
7658 11036687
7659 11037497
7660 11038861
7661 11039387
7662 11043317
7663 11045999
7664 11048321
7665 11050007
7666 11050979
7667 11052571
7668 11052887
7669 11052911
7670 11054663
7671 11054683
7672 11056823
7673 11058511
7674 11062279
7675 11072207
7676 11072951
7677 11074061
7678 11074331
7679 11074601
7680 11075473
7681 11076997
7682 11077873
7683 11077921
7684 11078773
7685 11080969
7686 11081089
7687 11085551
7688 11090687
7689 11090759
7690 11092331
7691 11093851
7692 11097161
7693 11098481
7694 11101507
7695 11101877
7696 11102177
7697 11104007
7698 11104517
7699 11105147
7700 11108087
7701 11109107
7702 11110109
7703 11111117
7704 11112989
7705 11113007
7706 11115971
7707 11118941
7708 11123479
7709 11124797
7710 11128951
7711 11129297
7712 11131229
7713 11135177
7714 11138251
7715 11139371
7716 11143871
7717 11144261
7718 11146739
7719 11148173
7720 11148443
7721 11155351
7722 11157353
7723 11162009
7724 11162933
7725 11171009
7726 11172671
7727 11173397
7728 11176619
7729 11177801
7730 11180777
7731 11181901
7732 11182739
7733 11183561
7734 11187503
7735 11197621
7736 11197919
7737 11198431
7738 11199371
7739 11203427
7740 11205137
7741 11207683
7742 11211437
7743 11214751
7744 11215307
7745 11216573
7746 11218577
7747 11226521
7748 11226653
7749 11227393
7750 11234351
7751 11234777
7752 11238841
7753 11243621
7754 11246941
7755 11248901
7756 11249177
7757 11251871
7758 11251873
7759 11254151
7760 11256041
7761 11257651
7762 11258959
7763 11260721
7764 11261177
7765 11261843
7766 11261951
7767 11264893
7768 11265911
7769 11267731
7770 11268581
7771 11269001
7772 11270551
7773 11273161
7774 11273903
7775 11274443
7776 11278331
7777 11278849
7778 11280701
7779 11281483
7780 11282819
7781 11285683
7782 11286071
7783 11287559
7784 11288707
7785 11292719
7786 11295143
7787 11297123
7788 11298689
7789 11299657
7790 11300407
7791 11301419
7792 11301707
7793 11306531
7794 11307271
7795 11308351
7796 11309293
7797 11321671
7798 11324597
7799 11325497
7800 11325521
7801 11326487
7802 11326841
7803 11327671
7804 11327851
7805 11331227
7806 11333821
7807 11337331
7808 11342939
7809 11343161
7810 11343653
7811 11344913
7812 11344951
7813 11345387
7814 11347781
7815 11347811
7816 11348993
7817 11350099
7818 11350561
7819 11352587
7820 11356921
7821 11357111
7822 11358071
7823 11359393
7824 11362801
7825 11365693
7826 11366021
7827 11372831
7828 11373377
7829 11377441
7830 11377627
7831 11378071
7832 11382359
7833 11382533
7834 11385071
7835 11386801
7836 11391791
7837 11393159
7838 11393801
7839 11393959
7840 11394073
7841 11396291
7842 11407261
7843 11409571
7844 11412197
7845 11413763
7846 11417741
7847 11419781
7848 11421461
7849 11422451
7850 11427263
7851 11428271
7852 11429339
7853 11431109
7854 11432731
7855 11436401
7856 11436791
7857 11438083
7858 11438333
7859 11438737
7860 11438849
7861 11442653
7862 11444071
7863 11445241
7864 11459839
7865 11460871
7866 11466071
7867 11466457
7868 11466583
7869 11468929
7870 11470007
7871 11471671
7872 11472173
7873 11472623
7874 11474849
7875 11477051
7876 11477929
7877 11478041
7878 11479417
7879 11479499
7880 11481461
7881 11485391
7882 11487041
7883 11489047
7884 11490539
7885 11491321
7886 11493073
7887 11499727
7888 11500607
7889 11502287
7890 11508997
7891 11511953
7892 11513371
7893 11513441
7894 11516521
7895 11520661
7896 11520863
7897 11521871
7898 11522939
7899 11525639
7900 11527031
7901 11527613
7902 11527619
7903 11528849
7904 11529901
7905 11531951
7906 11532161
7907 11539331
7908 11541473
7909 11541583
7910 11541941
7911 11543921
7912 11547143
7913 11550923
7914 11551951
7915 11553601
7916 11554541
7917 11558473
7918 11562641
7919 11566483
7920 11569013
7921 11570473
7922 11571661
7923 11572321
7924 11573339
7925 11575441
7926 11576321
7927 11579111
7928 11586209
7929 11591221
7930 11591821
7931 11594321
7932 11595449
7933 11596237
7934 11596747
7935 11604431
7936 11604563
7937 11607881
7938 11608273
7939 11608811
7940 11611037
7941 11613271
7942 11618249
7943 11623621
7944 11625193
7945 11627131
7946 11627159
7947 11627249
7948 11628031
7949 11632571
7950 11633819
7951 11636771
7952 11637233
7953 11638531
7954 11639071
7955 11639707
7956 11642387
7957 11643449
7958 11643791
7959 11646143
7960 11646967
7961 11648123
7962 11649023
7963 11649119
7964 11649601
7965 11650829
7966 11652661
7967 11656049
7968 11656829
7969 11658221
7970 11659819
7971 11661197
7972 11664503
7973 11665403
7974 11667937
7975 11668819
7976 11669201
7977 11672603
7978 11672911
7979 11673071
7980 11673859
7981 11675309
7982 11678827
7983 11679071
7984 11680693
7985 11685757
7986 11686781
7987 11689049
7988 11689571
7989 11690401
7990 11690737
7991 11691413
7992 11691671
7993 11691949
7994 11692649
7995 11695499
7996 11696131
7997 11696137
7998 11701099
7999 11701693
8000 11702597
8001 11705549
8002 11705893
8003 11706883
8004 11711731
8005 11713661
8006 11714671
8007 11715931
8008 11716097
8009 11717159
8010 11723071
8011 11725613
8012 11730107
8013 11732761
8014 11733311
8015 11735177
8016 11735461
8017 11736143
8018 11744801
8019 11747473
8020 11750639
8021 11751193
8022 11756617
8023 11757869
8024 11761259
8025 11761949
8026 11763491
8027 11766449
8028 11767109
8029 11767271
8030 11767747
8031 11768359
8032 11773849
8033 11775739
8034 11776927
8035 11777159
8036 11778581
8037 11780849
8038 11783701
8039 11783929
8040 11784847
8041 11785051
8042 11785237
8043 11786081
8044 11788027
8045 11788159
8046 11791393
8047 11792213
8048 11793283
8049 11793559
8050 11795317
8051 11795591
8052 11797199
8053 11797823
8054 11803829
8055 11804161
8056 11808271
8057 11808521
8058 11810177
8059 11814511
8060 11814641
8061 11816111
8062 11816531
8063 11817721
8064 11818649
8065 11819749
8066 11820161
8067 11823401
8068 11825551
8069 11825609
8070 11827111
8071 11828983
8072 11829281
8073 11832791
8074 11833231
8075 11833259
8076 11835361
8077 11835749
8078 11841377
8079 11843243
8080 11843621
8081 11846039
8082 11847119
8083 11849359
8084 11851613
8085 11852177
8086 11852513
8087 11852557
8088 11856001
8089 11857091
8090 11857327
8091 11859877
8092 11861159
8093 11862233
8094 11863759
8095 11866417
8096 11866709
8097 11869339
8098 11870087
8099 11875109
8100 11876171
8101 11877419
8102 11878289
8103 11880493
8104 11881391
8105 11881421
8106 11881801
8107 11888257
8108 11892203
8109 11893439
8110 11893619
8111 11896249
8112 11896733
8113 11904449
8114 11904511
8115 11905529
8116 11911733
8117 11912471
8118 11913757
8119 11914927
8120 11916491
8121 11917111
8122 11917537
8123 11918437
8124 11922193
8125 11922803
8126 11922821
8127 11923433
8128 11925239
8129 11926223
8130 11927749
8131 11928113
8132 11931371
8133 11932451
8134 11933759
8135 11934749
8136 11937193
8137 11938019
8138 11938963
8139 11939041
8140 11943011
8141 11943907
8142 11944351
8143 11944441
8144 11948317
8145 11949037
8146 11949307
8147 11951531
8148 11952817
8149 11953483
8150 11954707
8151 11955373
8152 11958853
8153 11960111
8154 11960821
8155 11963891
8156 11966953
8157 11969723
8158 11975399
8159 11978039
8160 11978419
8161 11980993
8162 11984887
8163 11986913
8164 11986999
8165 11989091
8166 11990611
8167 11991209
8168 11994127
8169 11994239
8170 11995469
8171 11995843
8172 11997397
8173 11997553
8174 12000407
8175 12001169
8176 12009521
8177 12011227
8178 12016783
8179 12018631
8180 12019559
8181 12022139
8182 12022337
8183 12024119
8184 12025109
8185 12026683
8186 12027497
8187 12030677
8188 12031247
8189 12040139
8190 12040999
8191 12046649
8192 12053089
8193 12057883
8194 12058073
8195 12060571
8196 12064483
8197 12066641
8198 12069341
8199 12074431
8200 12074477
8201 12076871
8202 12077371
8203 12077917
8204 12079043
8205 12079481
8206 12083321
8207 12088151
8208 12088403
8209 12091061
8210 12092161
8211 12096859
8212 12099281
8213 12100189
8214 12100637
8215 12103067
8216 12108493
8217 12109553
8218 12112427
8219 12121771
8220 12123731
8221 12128561
8222 12131389
8223 12134971
8224 12137633
8225 12138461
8226 12138661
8227 12139349
8228 12140651
8229 12141407
8230 12141887
8231 12142037
8232 12142673
8233 12144563
8234 12145711
8235 12147661
8236 12148093
8237 12149351
8238 12152009
8239 12154957
8240 12155387
8241 12155903
8242 12158711
8243 12159053
8244 12163979
8245 12164459
8246 12164909
8247 12166361
8248 12167993
8249 12169111
8250 12169403
8251 12170261
8252 12170531
8253 12173521
8254 12174803
8255 12175231
8256 12181649
8257 12183401
8258 12187649
8259 12190421
8260 12195361
8261 12197963
8262 12198829
8263 12200779
8264 12201677
8265 12202319
8266 12202979
8267 12204197
8268 12208957
8269 12213821
8270 12216161
8271 12217559
8272 12219359
8273 12223763
8274 12228809
8275 12229741
8276 12230671
8277 12233461
8278 12238253
8279 12239911
8280 12241127
8281 12241651
8282 12243541
8283 12245819
8284 12250471
8285 12252671
8286 12252901
8287 12253621
8288 12257711
8289 12257821
8290 12258907
8291 12259223
8292 12263921
8293 12264751
8294 12265411
8295 12266827
8296 12269501
8297 12272549
8298 12272671
8299 12275401
8300 12275591
8301 12276361
8302 12276949
8303 12277241
8304 12277799
8305 12279919
8306 12280661
8307 12281141
8308 12282311
8309 12283561
8310 12284609
8311 12284683
8312 12284801
8313 12285901
8314 12291793
8315 12292561
8316 12295559
8317 12296341
8318 12297151
8319 12299519
8320 12306743
8321 12313877
8322 12317471
8323 12325751
8324 12326521
8325 12327061
8326 12328163
8327 12328259
8328 12328721
8329 12333473
8330 12335723
8331 12337231
8332 12337691
8333 12338423
8334 12339451
8335 12340787
8336 12340981
8337 12342361
8338 12343861
8339 12344561
8340 12346073
8341 12346211
8342 12346651
8343 12347173
8344 12349627
8345 12351583
8346 12351743
8347 12351901
8348 12352511
8349 12353141
8350 12355691
8351 12360611
8352 12361733
8353 12362611
8354 12363283
8355 12363821
8356 12370979
8357 12371729
8358 12377251
8359 12377929
8360 12380161
8361 12380639
8362 12382121
8363 12391343
8364 12395983
8365 12398719
8366 12406421
8367 12406711
8368 12407411
8369 12407947
8370 12409231
8371 12410129
8372 12411979
8373 12412109
8374 12413461
8375 12414071
8376 12418277
8377 12424771
8378 12427183
8379 12427781
8380 12427873
8381 12429541
8382 12431801
8383 12436349
8384 12441673
8385 12443231
8386 12447329
8387 12447509
8388 12454439
8389 12456071
8390 12458839
8391 12459869
8392 12460061
8393 12460957
8394 12463831
8395 12466807
8396 12467101
8397 12468739
8398 12468847
8399 12470543
8400 12473711
8401 12474541
8402 12476381
8403 12478679
8404 12478943
8405 12479809
8406 12486337
8407 12488843
8408 12489569
8409 12490433
8410 12490747
8411 12492419
8412 12493711
8413 12496051
8414 12496909
8415 12497339
8416 12502109
8417 12503731
8418 12507931
8419 12509221
8420 12512939
8421 12515453
8422 12515903
8423 12518351
8424 12518423
8425 12519989
8426 12520811
8427 12521711
8428 12522701
8429 12528101
8430 12528233
8431 12530773
8432 12533051
8433 12537419
8434 12537727
8435 12538111
8436 12538139
8437 12538223
8438 12539701
8439 12540961
8440 12543353
8441 12545041
8442 12545177
8443 12550261
8444 12550931
8445 12552571
8446 12553451
8447 12553631
8448 12554249
8449 12554911
8450 12557891
8451 12558061
8452 12559231
8453 12560293
8454 12560903
8455 12564121
8456 12565481
8457 12567937
8458 12568679
8459 12570241
8460 12572603
8461 12580837
8462 12581441
8463 12581917
8464 12582929
8465 12583919
8466 12585193
8467 12585371
8468 12585791
8469 12586141
8470 12592849
8471 12595411
8472 12595871
8473 12598049
8474 12598913
8475 12604393
8476 12605969
8477 12607747
8478 12608429
8479 12609491
8480 12610901
8481 12613661
8482 12617201
8483 12617821
8484 12621901
8485 12623459
8486 12623813
8487 12625073
8488 12625871
8489 12626759
8490 12627211
8491 12627521
8492 12627907
8493 12629293
8494 12630161
8495 12630587
8496 12630941
8497 12632297
8498 12633311
8499 12635939
8500 12636031
8501 12636149
8502 12640241
8503 12640351
8504 12642061
8505 12645949
8506 12646939
8507 12647251
8508 12653111
8509 12653551
8510 12656291
8511 12659401
8512 12659519
8513 12660959
8514 12661273
8515 12662311
8516 12662401
8517 12662801
8518 12667349
8519 12668489
8520 12669127
8521 12674527
8522 12675241
8523 12676549
8524 12676927
8525 12677339
8526 12679339
8527 12680977
8528 12682171
8529 12683857
8530 12686827
8531 12688609
8532 12688733
8533 12690817
8534 12690907
8535 12693113
8536 12697973
8537 12708491
8538 12710933
8539 12712487
8540 12713893
8541 12715691
8542 12716849
8543 12721739
8544 12722071
8545 12725441
8546 12731611
8547 12731941
8548 12737639
8549 12737789
8550 12738881
8551 12740639
8552 12742073
8553 12743111
8554 12743681
8555 12745171
8556 12746231
8557 12748859
8558 12749131
8559 12750421
8560 12751073
8561 12751987
8562 12755459
8563 12757963
8564 12760873
8565 12762899
8566 12762949
8567 12764039
8568 12764879
8569 12765881
8570 12767681
8571 12771457
8572 12773549
8573 12776539
8574 12778933
8575 12780121
8576 12780907
8577 12781799
8578 12784747
8579 12789191
8580 12792151
8581 12797527
8582 12800771
8583 12801541
8584 12802553
8585 12803477
8586 12805703
8587 12807491
8588 12813641
8589 12814541
8590 12816077
8591 12816457
8592 12818161
8593 12822571
8594 12823901
8595 12826171
8596 12828757
8597 12830633
8598 12831359
8599 12831641
8600 12832187
8601 12836431
8602 12838109
8603 12839401
8604 12842177
8605 12842849
8606 12843073
8607 12844807
8608 12846629
8609 12846991
8610 12853531
8611 12854383
8612 12854929
8613 12855937
8614 12856211
8615 12860557
8616 12861143
8617 12863699
8618 12865057
8619 12865927
8620 12866311
8621 12870233
8622 12870541
8623 12871049
8624 12874019
8625 12875249
8626 12876211
8627 12876923
8628 12880139
8629 12883411
8630 12889147
8631 12892459
8632 12892679
8633 12898657
8634 12904253
8635 12905647
8636 12911851
8637 12912353
8638 12913211
8639 12919853
8640 12922501
8641 12923221
8642 12923461
8643 12924701
8644 12927119
8645 12927241
8646 12928679
8647 12929429
8648 12930881
8649 12932641
8650 12933611
8651 12933929
8652 12934483
8653 12934601
8654 12939709
8655 12939727
8656 12940211
8657 12941339
8658 12944231
8659 12946819
8660 12947159
8661 12947887
8662 12950519
8663 12952483
8664 12955231
8665 12957059
8666 12957389
8667 12958357
8668 12959329
8669 12967117
8670 12969139
8671 12970759
8672 12976643
8673 12977291
8674 12980521
8675 12982147
8676 12990151
8677 12990157
8678 12994867
8679 12994999
8680 12995189
8681 12995329
8682 12997343
8683 13010951
8684 13011091
8685 13013389
8686 13013921
8687 13015109
8688 13017811
8689 13019459
8690 13019729
8691 13020587
8692 13027621
8693 13029791
8694 13030973
8695 13031309
8696 13031989
8697 13032289
8698 13036553
8699 13037071
8700 13037543
8701 13041641
8702 13043971
8703 13045861
8704 13048051
8705 13048747
8706 13051763
8707 13062761
8708 13062989
8709 13065359
8710 13067731
8711 13068721
8712 13068901
8713 13069229
8714 13072771
8715 13072957
8716 13075141
8717 13076711
8718 13076759
8719 13079431
8720 13079699
8721 13083937
8722 13087649
8723 13088123
8724 13088129
8725 13088839
8726 13089539
8727 13089959
8728 13090261
8729 13095631
8730 13095673
8731 13097501
8732 13100207
8733 13105943
8734 13106641
8735 13113571
8736 13116541
8737 13117487
8738 13118857
8739 13120517
8740 13120999
8741 13122887
8742 13124593
8743 13125271
8744 13129349
8745 13130989
8746 13134161
8747 13137791
8748 13138343
8749 13142551
8750 13142593
8751 13147741
8752 13148959
8753 13151351
8754 13151951
8755 13154903
8756 13163639
8757 13164353
8758 13166827
8759 13168711
8760 13170161
8761 13171661
8762 13171751
8763 13172893
8764 13173539
8765 13175311
8766 13178639
8767 13178819
8768 13178929
8769 13179241
8770 13182847
8771 13183343
8772 13185611
8773 13186973
8774 13187071
8775 13187749
8776 13190729
8777 13191359
8778 13192273
8779 13193827
8780 13194521
8781 13195799
8782 13197209
8783 13198819
8784 13199609
8785 13199917
8786 13201841
8787 13210427
8788 13212821
8789 13218511
8790 13220309
8791 13221289
8792 13221911
8793 13222763
8794 13225061
8795 13225151
8796 13226471
8797 13228651
8798 13229999
8799 13231873
8800 13232641
8801 13239671
8802 13240697
8803 13241027
8804 13241177
8805 13246631
8806 13249889
8807 13252573
8808 13253459
8809 13254041
8810 13255741
8811 13256401
8812 13256801
8813 13257659
8814 13262633
8815 13263713
8816 13264073
8817 13264271
8818 13266727
8819 13267223
8820 13267393
8821 13269511
8822 13272793
8823 13274641
8824 13274827
8825 13276759
8826 13277659
8827 13279141
8828 13281193
8829 13281661
8830 13282949
8831 13286257
8832 13287119
8833 13290373
8834 13291451
8835 13291561
8836 13293239
8837 13294559
8838 13297769
8839 13298449
8840 13299907
8841 13300139
8842 13304461
8843 13305451
8844 13308193
8845 13312109
8846 13312451
8847 13313731
8848 13317793
8849 13318073
8850 13318273
8851 13321307
8852 13326263
8853 13327361
8854 13327619
8855 13329637
8856 13330721
8857 13332653
8858 13334521
8859 13335661
8860 13337551
8861 13338581
8862 13340933
8863 13341673
8864 13344511
8865 13346519
8866 13350361
8867 13353359
8868 13363187
8869 13365503
8870 13366559
8871 13366621
8872 13367033
8873 13371751
8874 13373351
8875 13374143
8876 13375441
8877 13382401
8878 13382591
8879 13382773
8880 13384313
8881 13387729
8882 13389127
8883 13390523
8884 13391401
8885 13392101
8886 13393351
8887 13393957
8888 13397359
8889 13397609
8890 13398653
8891 13405957
8892 13408949
8893 13412117
8894 13413497
8895 13415071
8896 13420961
8897 13423979
8898 13424921
8899 13425791
8900 13426187
8901 13428671
8902 13435501
8903 13437901
8904 13438559
8905 13438889
8906 13444097
8907 13444231
8908 13446239
8909 13447171
8910 13447919
8911 13448011
8912 13450397
8913 13452883
8914 13454153
8915 13454401
8916 13457383
8917 13459273
8918 13460411
8919 13462321
8920 13462721
8921 13464239
8922 13466071
8923 13467373
8924 13468729
8925 13470661
8926 13473949
8927 13475251
8928 13476371
8929 13478917
8930 13479259
8931 13480141
8932 13484231
8933 13484819
8934 13485847
8935 13486709
8936 13487519
8937 13487993
8938 13503521
8939 13507451
8940 13509341
8941 13511441
8942 13512361
8943 13514471
8944 13514701
8945 13517821
8946 13518541
8947 13521107
8948 13522979
8949 13523633
8950 13524449
8951 13527431
8952 13529101
8953 13533809
8954 13535993
8955 13536637
8956 13537621
8957 13538879
8958 13540463
8959 13541651
8960 13546627
8961 13547431
8962 13549769
8963 13550941
8964 13554419
8965 13556437
8966 13557151
8967 13558781
8968 13560931
8969 13561349
8970 13565749
8971 13566689
8972 13571513
8973 13571609
8974 13571683
8975 13572541
8976 13576439
8977 13576501
8978 13578101
8979 13578659
8980 13581361
8981 13581493
8982 13583293
8983 13584539
8984 13589369
8985 13591801
8986 13593809
8987 13594897
8988 13597777
8989 13598833
8990 13601821
8991 13604341
8992 13604671
8993 13606837
8994 13607311
8995 13607551
8996 13608071
8997 13610759
8998 13612351
8999 13613741
9000 13615361
9001 13617271
9002 13619129
9003 13629131
9004 13629221
9005 13632511
9006 13633121
9007 13635161
9008 13637639
9009 13639781
9010 13640453
9011 13643759
9012 13649917
9013 13652827
9014 13654759
9015 13658311
9016 13658753
9017 13660529
9018 13662031
9019 13664251
9020 13664891
9021 13665511
9022 13665599
9023 13666417
9024 13666769
9025 13668071
9026 13669753
9027 13671949
9028 13671967
9029 13676171
9030 13676407
9031 13676591
9032 13680673
9033 13683757
9034 13691701
9035 13696519
9036 13699039
9037 13702621
9038 13703477
9039 13710839
9040 13711771
9041 13712411
9042 13715531
9043 13715683
9044 13718659
9045 13719337
9046 13719359
9047 13719649
9048 13719869
9049 13725143
9050 13725233
9051 13725493
9052 13727039
9053 13727639
9054 13730341
9055 13734101
9056 13734493
9057 13738853
9058 13740757
9059 13740841
9060 13741433
9061 13741691
9062 13742557
9063 13744571
9064 13745521
9065 13746001
9066 13751603
9067 13752859
9068 13753171
9069 13754501
9070 13756051
9071 13756103
9072 13756619
9073 13759979
9074 13761329
9075 13761541
9076 13765781
9077 13767211
9078 13768201
9079 13772611
9080 13775407
9081 13777807
9082 13779179
9083 13780759
9084 13784201
9085 13786733
9086 13788409
9087 13790033
9088 13790879
9089 13791779
9090 13794037
9091 13796291
9092 13799209
9093 13801261
9094 13803793
9095 13804277
9096 13804657
9097 13804831
9098 13804927
9099 13805087
9100 13809421
9101 13810421
9102 13812173
9103 13816357
9104 13817819
9105 13818829
9106 13819349
9107 13819639
9108 13823021
9109 13824059
9110 13824341
9111 13824631
9112 13829227
9113 13829579
9114 13831837
9115 13832771
9116 13834133
9117 13835839
9118 13837349
9119 13838753
9120 13841911
9121 13842701
9122 13845001
9123 13845421
9124 13849643
9125 13850821
9126 13851121
9127 13851493
9128 13853341
9129 13860323
9130 13860727
9131 13867753
9132 13867999
9133 13868017
9134 13868633
9135 13868653
9136 13868857
9137 13869643
9138 13870939
9139 13871437
9140 13876717
9141 13878803
9142 13880639
9143 13880929
9144 13881421
9145 13885999
9146 13886309
9147 13888253
9148 13889159
9149 13889377
9150 13891183
9151 13895989
9152 13896517
9153 13896979
9154 13897057
9155 13899233
9156 13899877
9157 13902131
9158 13902263
9159 13907521
9160 13909109
9161 13909327
9162 13909439
9163 13909507
9164 13909837
9165 13910549
9166 13912439
9167 13913773
9168 13916411
9169 13918417
9170 13921651
9171 13922737
9172 13922911
9173 13924919
9174 13928399
9175 13934929
9176 13935041
9177 13937009
9178 13939979
9179 13940177
9180 13943291
9181 13944373
9182 13951447
9183 13957429
9184 13958743
9185 13959359
9186 13963853
9187 13967543
9188 13967743
9189 13968397
9190 13969877
9191 13972747
9192 13981273
9193 13983439
9194 13986029
9195 13987723
9196 13987969
9197 13988119
9198 13991171
9199 13991449
9200 13992787
9201 13993201
9202 13996523
9203 14000627
9204 14003219
9205 14004317
9206 14009561
9207 14014921
9208 14015731
9209 14017841
9210 14020661
9211 14021417
9212 14021941
9213 14025989
9214 14031317
9215 14038529
9216 14039171
9217 14040371
9218 14040821
9219 14040931
9220 14044061
9221 14045851
9222 14046551
9223 14046803
9224 14047613
9225 14049457
9226 14049583
9227 14051207
9228 14052743
9229 14054549
9230 14057441
9231 14058361
9232 14058749
9233 14058899
9234 14059939
9235 14060461
9236 14061107
9237 14063761
9238 14065703
9239 14066177
9240 14067811
9241 14068829
9242 14069383
9243 14069981
9244 14070473
9245 14074121
9246 14076583
9247 14081549
9248 14082539
9249 14084849
9250 14085233
9251 14087459
9252 14088281
9253 14090383
9254 14097119
9255 14098619
9256 14100617
9257 14103371
9258 14106839
9259 14108231
9260 14108947
9261 14110991
9262 14114117
9263 14117891
9264 14118371
9265 14119051
9266 14119439
9267 14124497
9268 14127803
9269 14128747
9270 14129513
9271 14131541
9272 14133671
9273 14134621
9274 14136449
9275 14138939
9276 14139491
9277 14142871
9278 14143957
9279 14149139
9280 14153473
9281 14154533
9282 14156759
9283 14159707
9284 14162341
9285 14164529
9286 14165243
9287 14166673
9288 14167229
9289 14172911
9290 14176573
9291 14178371
9292 14178559
9293 14183683
9294 14183959
9295 14184899
9296 14184967
9297 14185049
9298 14187427
9299 14188411
9300 14190151
9301 14192551
9302 14196191
9303 14199637
9304 14203831
9305 14204849
9306 14205871
9307 14207723
9308 14211007
9309 14211971
9310 14214107
9311 14216903
9312 14219339
9313 14220841
9314 14222597
9315 14222843
9316 14224241
9317 14229503
9318 14229521
9319 14230631
9320 14230969
9321 14233771
9322 14235719
9323 14241077
9324 14246773
9325 14248331
9326 14252383
9327 14252561
9328 14254321
9329 14254859
9330 14255737
9331 14255977
9332 14257559
9333 14257993
9334 14258011
9335 14258527
9336 14259373
9337 14261341
9338 14262757
9339 14264759
9340 14265541
9341 14265631
9342 14266573
9343 14266717
9344 14266939
9345 14269093
9346 14270723
9347 14273111
9348 14273333
9349 14274541
9350 14275241
9351 14275649
9352 14276909
9353 14277157
9354 14278057
9355 14278349
9356 14280551
9357 14281439
9358 14282339
9359 14283701
9360 14284229
9361 14284799
9362 14286539
9363 14287619
9364 14288719
9365 14289479
9366 14291041
9367 14292749
9368 14295973
9369 14297771
9370 14298149
9371 14299933
9372 14300851
9373 14301797
9374 14303771
9375 14306459
9376 14306857
9377 14308859
9378 14309173
9379 14311019
9380 14311981
9381 14312911
9382 14313161
9383 14314913
9384 14314957
9385 14315941
9386 14316661
9387 14316713
9388 14317949
9389 14319727
9390 14322493
9391 14326541
9392 14329061
9393 14331701
9394 14332007
9395 14334401
9396 14335561
9397 14335901
9398 14337031
9399 14349131
9400 14349193
9401 14350823
9402 14352601
9403 14352931
9404 14353613
9405 14354773
9406 14356889
9407 14357039
9408 14357527
9409 14370221
9410 14370449
9411 14370931
9412 14371831
9413 14373929
9414 14375293
9415 14375929
9416 14378227
9417 14380211
9418 14386181
9419 14386837
9420 14387629
9421 14390333
9422 14391907
9423 14392537
9424 14393749
9425 14395657
9426 14405051
9427 14405459
9428 14406131
9429 14406221
9430 14406551
9431 14409323
9432 14416691
9433 14418251
9434 14418611
9435 14422643
9436 14428993
9437 14432819
9438 14436161
9439 14436251
9440 14437531
9441 14439539
9442 14444593
9443 14447617
9444 14450341
9445 14451263
9446 14451287
9447 14452523
9448 14452741
9449 14453641
9450 14453993
9451 14454547
9452 14459317
9453 14459917
9454 14461613
9455 14462177
9456 14462681
9457 14465839
9458 14466281
9459 14469569
9460 14471801
9461 14472949
9462 14475847
9463 14476507
9464 14477339
9465 14478547
9466 14479117
9467 14481721
9468 14486249
9469 14486887
9470 14487817
9471 14488627
9472 14489107
9473 14490149
9474 14490419
9475 14493191
9476 14496479
9477 14497117
9478 14498291
9479 14498459
9480 14504741
9481 14508811
9482 14510731
9483 14511901
9484 14513729
9485 14517907
9486 14519473
9487 14524343
9488 14525647
9489 14526859
9490 14527391
9491 14528303
9492 14528879
9493 14530739
9494 14531611
9495 14531819
9496 14534041
9497 14534593
9498 14535611
9499 14544721
9500 14546123
9501 14547847
9502 14550353
9503 14550551
9504 14552711
9505 14556991
9506 14561759
9507 14562239
9508 14565193
9509 14565241
9510 14571541
9511 14571611
9512 14571859
9513 14572241
9514 14572357
9515 14572939
9516 14574607
9517 14581537
9518 14582947
9519 14585917
9520 14586127
9521 14589007
9522 14591303
9523 14593639
9524 14597437
9525 14598823
9526 14602331
9527 14605741
9528 14610587
9529 14612293
9530 14612903
9531 14613997
9532 14616031
9533 14616929
9534 14617223
9535 14618459
9536 14623051
9537 14629529
9538 14631601
9539 14632693
9540 14632703
9541 14633111
9542 14635571
9543 14637599
9544 14641031
9545 14642531
9546 14644171
9547 14647141
9548 14650781
9549 14651531
9550 14652899
9551 14653357
9552 14655359
9553 14656259
9554 14657933
9555 14660441
9556 14660641
9557 14660771
9558 14662573
9559 14663161
9560 14664449
9561 14666539
9562 14670301
9563 14670503
9564 14670547
9565 14672341
9566 14677627
9567 14678707
9568 14682937
9569 14686519
9570 14687653
9571 14688797
9572 14689057
9573 14692103
9574 14693317
9575 14693339
9576 14693429
9577 14693449
9578 14694259
9579 14695717
9580 14699081
9581 14704523
9582 14707481
9583 14707531
9584 14707717
9585 14708839
9586 14709809
9587 14709997
9588 14710441
9589 14710951
9590 14711161
9591 14715451
9592 14716957
9593 14719121
9594 14719499
9595 14726123
9596 14728093
9597 14729359
9598 14734739
9599 14734919
9600 14735471
9601 14738041
9602 14738917
9603 14739943
9604 14742491
9605 14745337
9606 14745373
9607 14746273
9608 14746439
9609 14748619
9610 14750063
9611 14752939
9612 14753341
9613 14755927
9614 14756771
9615 14757983
9616 14761139
9617 14762381
9618 14765917
9619 14768381
9620 14769409
9621 14770939
9622 14771321
9623 14773271
9624 14774399
9625 14774401
9626 14774971
9627 14775349
9628 14777923
9629 14778319
9630 14779703
9631 14784031
9632 14784727
9633 14786587
9634 14787089
9635 14787797
9636 14788343
9637 14790511
9638 14790739
9639 14794249
9640 14797417
9641 14801071
9642 14802373
9643 14803259
9644 14803693
9645 14803741
9646 14803871
9647 14804311
9648 14806973
9649 14810891
9650 14812613
9651 14813041
9652 14814419
9653 14817193
9654 14817779
9655 14818091
9656 14820539
9657 14822131
9658 14825381
9659 14834161
9660 14836691
9661 14839199
9662 14839379
9663 14840131
9664 14840593
9665 14840821
9666 14849129
9667 14854943
9668 14856071
9669 14856389
9670 14857229
9671 14857481
9672 14859001
9673 14865299
9674 14866843
9675 14869219
9676 14870617
9677 14872181
9678 14872747
9679 14875481
9680 14876347
9681 14876723
9682 14877119
9683 14878433
9684 14883419
9685 14884339
9686 14884409
9687 14891021
9688 14893999
9689 14895443
9690 14902837
9691 14904059
9692 14904907
9693 14905171
9694 14907539
9695 14912041
9696 14912759
9697 14915129
9698 14917927
9699 14920277
9700 14920561
9701 14920691
9702 14921519
9703 14922121
9704 14924383
9705 14924527
9706 14925041
9707 14925359
9708 14927753
9709 14927827
9710 14928307
9711 14931671
9712 14934401
9713 14936003
9714 14937239
9715 14939291
9716 14940071
9717 14949191
9718 14950241
9719 14951033
9720 14953051
9721 14953417
9722 14953507
9723 14960437
9724 14961311
9725 14966099
9726 14970281
9727 14970973
9728 14971963
9729 14973011
9730 14974207
9731 14975509
9732 14978533
9733 14980439
9734 14983117
9735 14983999
9736 14986253
9737 14987209
9738 14988613
9739 14989133
9740 14993189
9741 14993437
9742 14994443
9743 14995147
9744 14997877
9745 14998397
9746 14998793
9747 14999077
9748 15001027
9749 15001577
9750 15001579
9751 15001991
9752 15002851
9753 15004127
9754 15006749
9755 15006851
9756 15007801
9757 15009061
9758 15009661
9759 15009713
9760 15010861
9761 15016711
9762 15019321
9763 15022019
9764 15022307
9765 15022811
9766 15023171
9767 15023573
9768 15023849
9769 15024271
9770 15024941
9771 15028781
9772 15029731
9773 15030137
9774 15032177
9775 15032351
9776 15033677
9777 15033989
9778 15034979
9779 15035921
9780 15040037
9781 15041371
9782 15042341
9783 15042451
9784 15044297
9785 15049393
9786 15051671
9787 15056593
9788 15057727
9789 15058531
9790 15059969
9791 15060583
9792 15061919
9793 15062521
9794 15064433
9795 15074603
9796 15076223
9797 15076409
9798 15078247
9799 15078757
9800 15079529
9801 15083557
9802 15087119
9803 15090401
9804 15091211
9805 15091651
9806 15092401
9807 15092993
9808 15094139
9809 15096023
9810 15097091
9811 15097231
9812 15097501
9813 15101477
9814 15102029
9815 15104171
9816 15106241
9817 15116477
9818 15117041
9819 15119641
9820 15120377
9821 15122621
9822 15122687
9823 15124661
9824 15125521
9825 15125549
9826 15126421
9827 15126803
9828 15132521
9829 15133771
9830 15139331
9831 15145783
9832 15147031
9833 15148201
9834 15149611
9835 15149789
9836 15150251
9837 15150563
9838 15153311
9839 15153373
9840 15154471
9841 15155759
9842 15156949
9843 15158459
9844 15159601
9845 15159847
9846 15159919
9847 15160373
9848 15162449
9849 15163871
9850 15166061
9851 15166483
9852 15168311
9853 15170671
9854 15172541
9855 15173993
9856 15179399
9857 15184573
9858 15185213
9859 15190631
9860 15193889
9861 15194819
9862 15195337
9863 15199777
9864 15202877
9865 15208741
9866 15212861
9867 15223979
9868 15225713
9869 15226691
9870 15227221
9871 15231071
9872 15231079
9873 15232397
9874 15232643
9875 15234959
9876 15236647
9877 15237301
9878 15238799
9879 15240833
9880 15241573
9881 15242671
9882 15244349
9883 15245519
9884 15246929
9885 15247511
9886 15248341
9887 15248549
9888 15256133
9889 15256393
9890 15260473
9891 15262097
9892 15265331
9893 15265889
9894 15266123
9895 15267359
9896 15267719
9897 15270821
9898 15271741
9899 15274403
9900 15275101
9901 15276029
9902 15276203
9903 15276757
9904 15277853
9905 15279727
9906 15283409
9907 15283621
9908 15283711
9909 15285311
9910 15285757
9911 15286121
9912 15288479
9913 15288547
9914 15288743
9915 15289447
9916 15291631
9917 15291817
9918 15294869
9919 15295439
9920 15296339
9921 15296557
9922 15299587
9923 15302663
9924 15302731
9925 15308159
9926 15308171
9927 15308609
9928 15309431
9929 15309901
9930 15311371
9931 15316121
9932 15319043
9933 15319351
9934 15320939
9935 15326249
9936 15326821
9937 15330521
9938 15331601
9939 15332459
9940 15333641
9941 15333911
9942 15335977
9943 15338347
9944 15340621
9945 15342841
9946 15345059
9947 15345503
9948 15345541
9949 15346049
9950 15346621
9951 15347471
9952 15347749
9953 15348001
9954 15348973
9955 15349837
9956 15353827
9957 15354583
9958 15354811
9959 15354817
9960 15355801
9961 15357847
9962 15358103
9963 15363581
9964 15366191
9965 15368449
9966 15368519
9967 15371333
9968 15371771
9969 15372701
9970 15374383
9971 15375449
9972 15383983
9973 15384001
9974 15384829
9975 15386317
9976 15386557
9977 15386759
9978 15387877
9979 15390521
9980 15391049
9981 15391351
9982 15393953
9983 15395629
9984 15401027
9985 15405287
9986 15408101
9987 15412913
9988 15413071
9989 15415271
9990 15416683
9991 15418171
9992 15419549
9993 15423449
9994 15424873
9995 15432041
9996 15437341
9997 15437839
9998 15438739
9999 15443173
10000 15444581
10001 15445447
10002 15452441
10003 15456157
10004 15459259
10005 15460271
10006 15462541
10007 15463537
10008 15465061
10009 15466093
10010 15467009
10011 15467579
10012 15469159
10013 15469537
10014 15470083
10015 15471233
10016 15472001
10017 15473291
10018 15474517
10019 15474649
10020 15474973
10021 15475501
10022 15480239
10023 15481261
10024 15487933
10025 15490133
10026 15490261
10027 15493183
10028 15494539
10029 15495299
10030 15495547
10031 15495671
10032 15496111
10033 15496717
10034 15498823
10035 15502649
10036 15508331
10037 15509251
10038 15509381
10039 15509471
10040 15513847
10041 15516239
10042 15517717
10043 15518639
10044 15518929
10045 15520007
10046 15523691
10047 15524681
10048 15525509
10049 15525721
10050 15527549
10051 15529237
10052 15536051
10053 15536341
10054 15539171
10055 15539753
10056 15541949
10057 15543271
10058 15543547
10059 15545707
10060 15547943
10061 15550831
10062 15551111
10063 15551603
10064 15553393
10065 15555203
10066 15559469
10067 15561451
10068 15563707
10069 15564937
10070 15569291
10071 15570239
10072 15572213
10073 15578707
10074 15581857
10075 15582041
10076 15582779
10077 15583103
10078 15583507
10079 15586733
10080 15586999
10081 15591061
10082 15592501
10083 15592853
10084 15597577
10085 15598019
10086 15599407
10087 15599687
10088 15602453
10089 15604651
10090 15605911
10091 15605959
10092 15607957
10093 15610151
10094 15610487
10095 15613781
10096 15616889
10097 15617983
10098 15619031
10099 15623063
10100 15623243
10101 15624503
10102 15626749
10103 15628211
10104 15628231
10105 15630421
10106 15630551
10107 15630793
10108 15630883
10109 15638449
10110 15641441
10111 15643829
10112 15648389
10113 15649609
10114 15651859
10115 15654209
10116 15654599
10117 15655729
10118 15655781
10119 15660949
10120 15661357
10121 15661441
10122 15662501
10123 15664183
10124 15664657
10125 15664927
10126 15665681
10127 15666073
10128 15666149
10129 15668923
10130 15673897
10131 15675833
10132 15677239
10133 15680011
10134 15680321
10135 15681151
10136 15681649
10137 15682943
10138 15684787
10139 15687517
10140 15690023
10141 15691237
10142 15691411
10143 15699787
10144 15704083
10145 15704641
10146 15704771
10147 15704977
10148 15708157
10149 15709051
10150 15709747
10151 15710161
10152 15710477
10153 15718657
10154 15718943
10155 15719953
10156 15720377
10157 15720791
10158 15724043
10159 15725947
10160 15731641
10161 15733001
10162 15734699
10163 15737021
10164 15739597
10165 15741493
10166 15742919
10167 15743341
10168 15744241
10169 15747031
10170 15749011
10171 15751531
10172 15752129
10173 15752141
10174 15753371
10175 15755221
10176 15755609
10177 15757627
10178 15758459
10179 15761033
10180 15762937
10181 15762953
10182 15765943
10183 15765961
10184 15766207
10185 15767527
10186 15768667
10187 15770071
10188 15770431
10189 15771373
10190 15771607
10191 15772091
10192 15772321
10193 15777269
10194 15777913
10195 15784159
10196 15784201
10197 15784289
10198 15785453
10199 15789677
10200 15792121
10201 15793021
10202 15793643
10203 15795427
10204 15798019
10205 15798697
10206 15800639
10207 15803261
10208 15803603
10209 15806341
10210 15806611
10211 15807131
10212 15807629
10213 15809081
10214 15810173
10215 15812249
10216 15812371
10217 15814559
10218 15816061
10219 15818629
10220 15822901
10221 15825209
10222 15826529
10223 15827429
10224 15828149
10225 15833123
10226 15834937
10227 15836081
10228 15837299
10229 15841313
10230 15842051
10231 15842473
10232 15842611
10233 15846671
10234 15848813
10235 15849517
10236 15850441
10237 15850649
10238 15852719
10239 15852829
10240 15857437
10241 15861991
10242 15866189
10243 15867517
10244 15872249
10245 15873101
10246 15873509
10247 15874249
10248 15874643
10249 15875653
10250 15875857
10251 15876353
10252 15879187
10253 15882637
10254 15884509
10255 15884527
10256 15886181
10257 15887959
10258 15889487
10259 15895057
10260 15895387
10261 15901253
10262 15902171
10263 15902917
10264 15903413
10265 15904391
10266 15905471
10267 15905611
10268 15906061
10269 15906607
10270 15906719
10271 15908131
10272 15908539
10273 15908647
10274 15909329
10275 15909697
10276 15911249
10277 15912509
10278 15915311
10279 15916013
10280 15916349
10281 15919823
10282 15920063
10283 15922001
10284 15924281
10285 15926083
10286 15927059
10287 15930611
10288 15931351
10289 15933919
10290 15936299
10291 15938189
10292 15938543
10293 15938723
10294 15940559
10295 15943019
10296 15943237
10297 15944339
10298 15945581
10299 15946379
10300 15948953
10301 15950251
10302 15952141
10303 15954217
10304 15954569
10305 15955201
10306 15955553
10307 15958181
10308 15959623
10309 15961819
10310 15962047
10311 15962539
10312 15962591
10313 15962953
10314 15963907
10315 15964733
10316 15965743
10317 15967271
10318 15968959
10319 15974617
10320 15974813
10321 15977777
10322 15982429
10323 15987767
10324 15992017
10325 15994079
10326 15994169
10327 15994327
10328 15994787
10329 15998413
10330 16001387
10331 16011029
10332 16011461
10333 16012693
10334 16013461
10335 16013939
10336 16015771
10337 16016051
10338 16020461
10339 16023079
10340 16023473
10341 16027471
10342 16027859
10343 16028531
10344 16029907
10345 16032901
10346 16037731
10347 16037737
10348 16038839
10349 16039351
10350 16039571
10351 16040261
10352 16043431
10353 16043921
10354 16047611
10355 16055087
10356 16065053
10357 16065817
10358 16067473
10359 16067789
10360 16068401
10361 16068809
10362 16069853
10363 16070231
10364 16076051
10365 16076309
10366 16087013
10367 16087231
10368 16087417
10369 16087507
10370 16088131
10371 16089547
10372 16091683
10373 16092581
10374 16095119
10375 16096237
10376 16097429
10377 16097489
10378 16100039
10379 16100297
10380 16101979
10381 16105829
10382 16110287
10383 16110551
10384 16111961
10385 16114601
10386 16116449
10387 16117831
10388 16118111
10389 16121207
10390 16122923
10391 16125173
10392 16126927
10393 16132351
10394 16133473
10395 16135783
10396 16136311
10397 16138711
10398 16142383
10399 16142521
10400 16143131
10401 16143371
10402 16143629
10403 16144811
10404 16146341
10405 16150397
10406 16151561
10407 16153073
10408 16155011
10409 16157161
10410 16159691
10411 16160549
10412 16161283
10413 16169401
10414 16173431
10415 16174559
10416 16174621
10417 16175161
10418 16176449
10419 16176791
10420 16177439
10421 16178797
10422 16179211
10423 16179301
10424 16179817
10425 16180259
10426 16180561
10427 16182301
10428 16182581
10429 16182839
10430 16183241
10431 16187359
10432 16189913
10433 16191073
10434 16191491
10435 16192559
10436 16192711
10437 16193257
10438 16194449
10439 16194719
10440 16195859
10441 16196311
10442 16198199
10443 16198339
10444 16199543
10445 16203851
10446 16205561
10447 16208173
10448 16209541
10449 16211773
10450 16212923
10451 16215401
10452 16216051
10453 16216121
10454 16216271
10455 16216451
10456 16216523
10457 16219421
10458 16226333
10459 16230079
10460 16231801
10461 16232921
10462 16235683
10463 16238707
10464 16239373
10465 16240487
10466 16240919
10467 16241741
10468 16244737
10469 16246621
10470 16247123
10471 16248689
10472 16250161
10473 16253423
10474 16254071
10475 16255201
10476 16255601
10477 16256701
10478 16259339
10479 16259591
10480 16263361
10481 16264993
10482 16265947
10483 16266539
10484 16275041
10485 16277137
10486 16277159
10487 16278349
10488 16280423
10489 16282403
10490 16285859
10491 16286003
10492 16288049
10493 16288199
10494 16288201
10495 16289453
10496 16293311
10497 16294121
10498 16294273
10499 16294501
10500 16294769
10501 16295759
10502 16296491
10503 16297993
10504 16298011
10505 16298509
10506 16304941
10507 16306183
10508 16308581
10509 16313459
10510 16313543
10511 16313851
10512 16315451
10513 16316771
10514 16317251
10515 16321441
10516 16322921
10517 16326929
10518 16327351
10519 16327393
10520 16327711
10521 16329421
10522 16329739
10523 16333451
10524 16333561
10525 16336223
10526 16336241
10527 16336759
10528 16337381
10529 16339417
10530 16339987
10531 16340761
10532 16341841
10533 16345481
10534 16349539
10535 16350641
10536 16351561
10537 16353581
10538 16354511
10539 16355293
10540 16358137
10541 16359059
10542 16367359
10543 16369559
10544 16370461
10545 16371967
10546 16372229
10547 16373341
10548 16373879
10549 16380509
10550 16381133
10551 16383371
10552 16384103
10553 16384769
10554 16386211
10555 16386329
10556 16387409
10557 16388707
10558 16390021
10559 16393093
10560 16394887
10561 16397527
10562 16403549
10563 16404571
10564 16405349
10565 16406087
10566 16410833
10567 16414187
10568 16414451
10569 16414831
10570 16416161
10571 16418291
10572 16418789
10573 16420373
10574 16420661
10575 16421501
10576 16422331
10577 16423097
10578 16423987
10579 16424591
10580 16426799
10581 16428449
10582 16429141
10583 16432721
10584 16434251
10585 16434721
10586 16437041
10587 16437193
10588 16438927
10589 16444111
10590 16444801
10591 16445521
10592 16445699
10593 16447589
10594 16451159
10595 16451993
10596 16452071
10597 16452143
10598 16452301
10599 16452329
10600 16453531
10601 16454033
10602 16456589
10603 16459049
10604 16459913
10605 16462403
10606 16462601
10607 16463749
10608 16464607
10609 16466993
10610 16469813
10611 16470031
10612 16473113
10613 16473689
10614 16475933
10615 16478129
10616 16480241
10617 16480571
10618 16482241
10619 16482247
10620 16484003
10621 16488139
10622 16489181
10623 16490213
10624 16492103
10625 16494329
10626 16494581
10627 16494817
10628 16496471
10629 16499513
10630 16502813
10631 16505339
10632 16506859
10633 16509061
10634 16509517
10635 16512931
10636 16513741
10637 16514221
10638 16515547
10639 16516849
10640 16518829
10641 16519141
10642 16521623
10643 16521937
10644 16526123
10645 16532591
10646 16534043
10647 16534061
10648 16535879
10649 16543759
10650 16544699
10651 16546273
10652 16549447
10653 16555657
10654 16556041
10655 16556311
10656 16559897
10657 16560721
10658 16565539
10659 16567553
10660 16567627
10661 16569517
10662 16570739
10663 16578409
10664 16579309
10665 16581371
10666 16582639
10667 16585207
10668 16586419
10669 16587607
10670 16588219
10671 16589009
10672 16591121
10673 16592759
10674 16593637
10675 16594481
10676 16595419
10677 16596427
10678 16598713
10679 16607257
10680 16607341
10681 16610459
10682 16611131
10683 16612721
10684 16618499
10685 16619957
10686 16620911
10687 16621541
10688 16622773
10689 16631959
10690 16631977
10691 16633717
10692 16635599
10693 16636927
10694 16638653
10695 16638961
10696 16639289
10697 16640621
10698 16641077
10699 16642151
10700 16643213
10701 16644193
10702 16644337
10703 16650143
10704 16650323
10705 16651171
10706 16654501
10707 16655021
10708 16662203
10709 16668247
10710 16670293
10711 16670611
10712 16672321
10713 16676239
10714 16678169
10715 16680029
10716 16681013
10717 16685587
10718 16690301
10719 16698613
10720 16701221
10721 16702271
10722 16702561
10723 16703371
10724 16703993
10725 16704011
10726 16704503
10727 16707151
10728 16710571
10729 16713701
10730 16716373
10731 16717963
10732 16718131
10733 16719529
10734 16720831
10735 16722859
10736 16723573
10737 16725113
10738 16727311
10739 16727681
10740 16728709
10741 16731251
10742 16732537
10743 16733231
10744 16734539
10745 16737509
10746 16738571
10747 16738913
10748 16740929
10749 16741573
10750 16741807
10751 16741939
10752 16747559
10753 16748189
10754 16748279
10755 16748617
10756 16749797
10757 16751549
10758 16751701
10759 16753091
10760 16754173
10761 16756643
10762 16756717
10763 16760383
10764 16760749
10765 16762231
10766 16763407
10767 16766039
10768 16769513
10769 16770539
10770 16770601
10771 16771109
10772 16773671
10773 16779877
10774 16781917
10775 16782011
10776 16783993
10777 16785269
10778 16785623
10779 16785823
10780 16791031
10781 16792843
10782 16793923
10783 16794319
10784 16796243
10785 16799143
10786 16802041
10787 16803301
10788 16804849
10789 16804939
10790 16805219
10791 16809031
10792 16809479
10793 16810529
10794 16811959
10795 16812251
10796 16815283
10797 16816031
10798 16821341
10799 16824151
10800 16824607
10801 16833881
10802 16838039
10803 16841639
10804 16846229
10805 16850347
10806 16852019
10807 16852301
10808 16857979
10809 16859287
10810 16860757
10811 16861147
10812 16864537
10813 16865983
10814 16866001
10815 16870897
10816 16871111
10817 16872101
10818 16875371
10819 16879939
10820 16882807
10821 16885567
10822 16886557
10823 16891339
10824 16897267
10825 16902637
10826 16904473
10827 16909469
10828 16909643
10829 16913051
10830 16916401
10831 16916953
10832 16917671
10833 16918999
10834 16922699
10835 16922947
10836 16923191
10837 16925759
10838 16925971
10839 16927357
10840 16928497
10841 16929179
10842 16929337
10843 16931219
10844 16932337
10845 16935031
10846 16937903
10847 16938359
10848 16939147
10849 16951237
10850 16952041
10851 16952137
10852 16953127
10853 16955527
10854 16956179
10855 16956337
10856 16960051
10857 16961041
10858 16965953
10859 16966633
10860 16966877
10861 16967557
10862 16967597
10863 16970647
10864 16975477
10865 16988891
10866 16990319
10867 16992179
10868 16995833
10869 16996757
10870 17001227
10871 17001407
10872 17002019
10873 17004017
10874 17004451
10875 17005463
10876 17005711
10877 17011831
10878 17012951
10879 17013929
10880 17014531
10881 17015723
10882 17015969
10883 17017471
10884 17018159
10885 17019419
10886 17019521
10887 17022521
10888 17022631
10889 17023861
10890 17023913
10891 17025241
10892 17026411
10893 17029021
10894 17030683
10895 17032559
10896 17033141
10897 17033909
10898 17034883
10899 17037101
10900 17038261
10901 17039459
10902 17044471
10903 17047441
10904 17051477
10905 17052359
10906 17053259
10907 17055323
10908 17055457
10909 17056621
10910 17057219
10911 17058331
10912 17060453
10913 17064503
10914 17066321
10915 17068769
10916 17069629
10917 17069827
10918 17072401
10919 17074133
10920 17075291
10921 17076757
10922 17076847
10923 17077691
10924 17078843
10925 17079071
10926 17080747
10927 17082817
10928 17083559
10929 17094241
10930 17095499
10931 17098357
10932 17102933
10933 17107781
10934 17109413
10935 17110019
10936 17110097
10937 17110189
10938 17114701
10939 17118929
10940 17121077
10941 17124623
10942 17125183
10943 17129501
10944 17129929
10945 17130017
10946 17135641
10947 17137201
10948 17139113
10949 17140397
10950 17143859
10951 17144261
10952 17144731
10953 17145671
10954 17146739
10955 17148511
10956 17149103
10957 17153249
10958 17154301
10959 17155889
10960 17156231
10961 17157449
10962 17163271
10963 17167057
10964 17167679
10965 17168399
10966 17171939
10967 17172413
10968 17173973
10969 17175973
10970 17179159
10971 17179609
10972 17183701
10973 17184359
10974 17185013
10975 17186579
10976 17192639
10977 17195557
10978 17196787
10979 17198329
10980 17201687
10981 17202811
10982 17203573
10983 17204549
10984 17207087
10985 17207441
10986 17207591
10987 17209571
10988 17212649
10989 17212931
10990 17215871
10991 17219039
10992 17219639
10993 17223571
10994 17223821
10995 17224619
10996 17227571
10997 17231813
10998 17232421
10999 17233921
11000 17235503
11001 17243683
11002 17244361
11003 17251253
11004 17253503
11005 17255471
11006 17255729
11007 17256193
11008 17257183
11009 17263139
11010 17263331
11011 17264381
11012 17267171
11013 17269199
11014 17269913
11015 17271239
11016 17272559
11017 17274869
11018 17277569
11019 17280149
11020 17283359
11021 17284013
11022 17284147
11023 17285221
11024 17285759
11025 17287229
11026 17287687
11027 17288419
11028 17289269
11029 17290261
11030 17293091
11031 17293459
11032 17293853
11033 17294131
11034 17297257
11035 17298517
11036 17298823
11037 17299309
11038 17301677
11039 17301941
11040 17302801
11041 17306171
11042 17308409
11043 17310473
11044 17311601
11045 17312387
11046 17314613
11047 17315087
11048 17315959
11049 17315993
11050 17316811
11051 17317627
11052 17319193
11053 17319427
11054 17320007
11055 17320441
11056 17320643
11057 17322731
11058 17324441
11059 17326481
11060 17329259
11061 17332831
11062 17333977
11063 17336639
11064 17339083
11065 17339173
11066 17342911
11067 17343839
11068 17344571
11069 17345071
11070 17346247
11071 17349923
11072 17358127
11073 17358239
11074 17358787
11075 17358877
11076 17360333
11077 17367943
11078 17370949
11079 17374589
11080 17375041
11081 17376389
11082 17376509
11083 17377429
11084 17377559
11085 17377777
11086 17378099
11087 17378677
11088 17380049
11089 17382241
11090 17382427
11091 17384669
11092 17385299
11093 17386429
11094 17387653
11095 17391331
11096 17396149
11097 17396459
11098 17400521
11099 17400671
11100 17401733
11101 17406637
11102 17406811
11103 17408213
11104 17409131
11105 17412287
11106 17413163
11107 17414311
11108 17414429
11109 17415011
11110 17415547
11111 17417303
11112 17419183
11113 17423201
11114 17424907
11115 17427283
11116 17431651
11117 17432083
11118 17433457
11119 17436131
11120 17436779
11121 17437181
11122 17437909
11123 17439299
11124 17441849
11125 17442121
11126 17443571
11127 17444521
11128 17445359
11129 17447449
11130 17452111
11131 17454629
11132 17454757
11133 17454881
11134 17455093
11135 17455259
11136 17456227
11137 17456591
11138 17458537
11139 17459543
11140 17460329
11141 17460907
11142 17461537
11143 17462141
11144 17464639
11145 17465971
11146 17471101
11147 17472241
11148 17476111
11149 17478359
11150 17478623
11151 17480101
11152 17482211
11153 17483359
11154 17484547
11155 17487517
11156 17489317
11157 17490881
11158 17492737
11159 17495963
11160 17498443
11161 17498959
11162 17499413
11163 17502841
11164 17505637
11165 17506409
11166 17509549
11167 17511847
11168 17516929
11169 17517337
11170 17519081
11171 17522261
11172 17524201
11173 17526221
11174 17526829
11175 17527271
11176 17528827
11177 17528971
11178 17533223
11179 17537159
11180 17537173
11181 17537579
11182 17537797
11183 17538457
11184 17540773
11185 17545183
11186 17545211
11187 17548717
11188 17549743
11189 17550361
11190 17551537
11191 17553427
11192 17554181
11193 17554231
11194 17561381
11195 17563837
11196 17563981
11197 17567279
11198 17567509
11199 17568979
11200 17569543
11201 17569987
11202 17570411
11203 17570879
11204 17571881
11205 17572769
11206 17574671
11207 17579867
11208 17580221
11209 17581121
11210 17581853
11211 17582407
11212 17583101
11213 17583619
11214 17584159
11215 17584993
11216 17590103
11217 17590259
11218 17591843
11219 17592149
11220 17592923
11221 17597843
11222 17598857
11223 17600273
11224 17601373
11225 17602703
11226 17604491
11227 17604721
11228 17606231
11229 17606549
11230 17608769
11231 17611361
11232 17612939
11233 17614139
11234 17617679
11235 17621041
11236 17621371
11237 17623759
11238 17624521
11239 17624857
11240 17626709
11241 17631301
11242 17633383
11243 17635301
11244 17635691
11245 17638807
11246 17639189
11247 17640071
11248 17642161
11249 17644897
11250 17645359
11251 17647537
11252 17647913
11253 17648101
11254 17649733
11255 17655059
11256 17655529
11257 17657279
11258 17666347
11259 17669513
11260 17670689
11261 17671051
11262 17671837
11263 17679743
11264 17682943
11265 17684257
11266 17684617
11267 17684833
11268 17688323
11269 17690111
11270 17691389
11271 17691727
11272 17692319
11273 17694953
11274 17697019
11275 17697367
11276 17700959
11277 17703271
11278 17706881
11279 17714129
11280 17714141
11281 17720041
11282 17720201
11283 17720771
11284 17721071
11285 17723891
11286 17724869
11287 17732347
11288 17733119
11289 17733809
11290 17734141
11291 17734853
11292 17739089
11293 17740111
11294 17741039
11295 17744137
11296 17744359
11297 17753719
11298 17755229
11299 17757007
11300 17758943
11301 17762047
11302 17762917
11303 17766953
11304 17769877
11305 17772907
11306 17773229
11307 17773289
11308 17774149
11309 17775139
11310 17775371
11311 17775623
11312 17776181
11313 17779733
11314 17781149
11315 17785633
11316 17791519
11317 17791933
11318 17793157
11319 17793359
11320 17794327
11321 17794969
11322 17795159
11323 17798857
11324 17803801
11325 17804471
11326 17805539
11327 17806507
11328 17808547
11329 17808653
11330 17809823
11331 17811161
11332 17814371
11333 17815321
11334 17819189
11335 17820631
11336 17824091
11337 17825917
11338 17827807
11339 17827973
11340 17829001
11341 17830261
11342 17835121
11343 17838487
11344 17842031
11345 17844637
11346 17845207
11347 17847371
11348 17847887
11349 17849597
11350 17850517
11351 17851499
11352 17854429
11353 17855587
11354 17855897
11355 17856577
11356 17857969
11357 17859497
11358 17860963
11359 17861953
11360 17862127
11361 17864017
11362 17864677
11363 17868127
11364 17869043
11365 17870681
11366 17875327
11367 17881117
11368 17882587
11369 17883119
11370 17885797
11371 17886587
11372 17888323
11373 17892029
11374 17894623
11375 17894959
11376 17895217
11377 17896867
11378 17899703
11379 17899831
11380 17899969
11381 17900681
11382 17903471
11383 17905031
11384 17907907
11385 17907943
11386 17910671
11387 17914103
11388 17915171
11389 17915753
11390 17918743
11391 17918903
11392 17919409
11393 17920313
11394 17921231
11395 17923349
11396 17924003
11397 17927989
11398 17928007
11399 17928049
11400 17930383
11401 17932549
11402 17934121
11403 17934743
11404 17936833
11405 17937209
11406 17940607
11407 17941181
11408 17942201
11409 17946337
11410 17949343
11411 17950417
11412 17954813
11413 17955409
11414 17955953
11415 17957353
11416 17957843
11417 17960081
11418 17960399
11419 17960797
11420 17964119
11421 17964269
11422 17965417
11423 17965897
11424 17971339
11425 17971609
11426 17971913
11427 17973049
11428 17973209
11429 17974309
11430 17974343
11431 17976677
11432 17977207
11433 17980481
11434 17981279
11435 17982319
11436 17982553
11437 17982973
11438 17985587
11439 17987987
11440 17990459
11441 17993623
11442 17995207
11443 17999557
11444 18000887
11445 18007783
11446 18014341
11447 18016927
11448 18018323
11449 18022463
11450 18023501
11451 18024793
11452 18027859
11453 18032453
11454 18032909
11455 18035333
11456 18036341
11457 18038257
11458 18039689
11459 18039739
11460 18046043
11461 18048937
11462 18049439
11463 18049729
11464 18051353
11465 18051511
11466 18053333
11467 18053647
11468 18058141
11469 18061271
11470 18063413
11471 18064447
11472 18065617
11473 18065819
11474 18066953
11475 18068759
11476 18070529
11477 18071351
11478 18073799
11479 18074293
11480 18074839
11481 18075991
11482 18081031
11483 18085439
11484 18086009
11485 18091939
11486 18096121
11487 18096217
11488 18099247
11489 18101351
11490 18102677
11491 18102923
11492 18106471
11493 18108341
11494 18110461
11495 18110641
11496 18110951
11497 18114461
11498 18114511
11499 18118223
11500 18119291
11501 18120871
11502 18129151
11503 18132377
11504 18135547
11505 18137857
11506 18138041
11507 18138919
11508 18139871
11509 18139897
11510 18140561
11511 18142031
11512 18142613
11513 18144949
11514 18148271
11515 18151411
11516 18152153
11517 18152159
11518 18152557
11519 18156401
11520 18156559
11521 18156757
11522 18159709
11523 18163627
11524 18167993
11525 18169559
11526 18170429
11527 18171059
11528 18171721
11529 18171899
11530 18173251
11531 18174719
11532 18175349
11533 18176311
11534 18176971
11535 18177127
11536 18178319
11537 18178469
11538 18189667
11539 18190531
11540 18195127
11541 18198533
11542 18200087
11543 18202511
11544 18204847
11545 18205541
11546 18211559
11547 18212071
11548 18212969
11549 18215441
11550 18217351
11551 18218527
11552 18218789
11553 18219881
11554 18221611
11555 18223411
11556 18225341
11557 18226409
11558 18226759
11559 18227257
11560 18229837
11561 18230383
11562 18231793
11563 18233021
11564 18233801
11565 18234211
11566 18235537
11567 18236321
11568 18238349
11569 18242737
11570 18243361
11571 18246427
11572 18248609
11573 18248771
11574 18250433
11575 18250439
11576 18252413
11577 18252541
11578 18252659
11579 18253799
11580 18255359
11581 18258727
11582 18260603
11583 18260849
11584 18261611
11585 18262799
11586 18268447
11587 18269767
11588 18277289
11589 18280403
11590 18283709
11591 18284449
11592 18285301
11593 18291359
11594 18292013
11595 18292091
11596 18292499
11597 18295429
11598 18296633
11599 18297973
11600 18299081
11601 18301739
11602 18304873
11603 18308617
11604 18308789
11605 18311549
11606 18313411
11607 18313837
11608 18314201
11609 18315839
11610 18317909
11611 18317983
11612 18318539
11613 18322529
11614 18324967
11615 18325849
11616 18327427
11617 18327629
11618 18328549
11619 18330359
11620 18333631
11621 18334201
11622 18335983
11623 18336001
11624 18336629
11625 18338227
11626 18340709
11627 18341371
11628 18342967
11629 18344707
11630 18346271
11631 18347759
11632 18348817
11633 18352223
11634 18353473
11635 18354131
11636 18357923
11637 18358139
11638 18359903
11639 18360361
11640 18360457
11641 18361601
11642 18362033
11643 18366419
11644 18367807
11645 18368453
11646 18369733
11647 18371039
11648 18372241
11649 18372311
11650 18378533
11651 18380701
11652 18381001
11653 18383719
11654 18386723
11655 18386897
11656 18388723
11657 18390023
11658 18392753
11659 18393071
11660 18393877
11661 18396667
11662 18402353
11663 18402751
11664 18403277
11665 18406319
11666 18410611
11667 18415531
11668 18415759
11669 18416473
11670 18416929
11671 18417559
11672 18422171
11673 18422827
11674 18424807
11675 18428131
11676 18431603
11677 18431731
11678 18435649
11679 18437917
11680 18439609
11681 18443839
11682 18451151
11683 18451441
11684 18452549
11685 18455221
11686 18457111
11687 18458189
11688 18460627
11689 18461857
11690 18462203
11691 18462757
11692 18465787
11693 18466717
11694 18469057
11695 18471449
11696 18472411
11697 18472589
11698 18476897
11699 18478237
11700 18485587
11701 18492457
11702 18492581
11703 18493159
11704 18496129
11705 18496343
11706 18501283
11707 18502811
11708 18508051
11709 18509999
11710 18514313
11711 18515983
11712 18516559
11713 18523573
11714 18525599
11715 18526231
11716 18528637
11717 18528833
11718 18530021
11719 18531059
11720 18531361
11721 18531749
11722 18537307
11723 18538733
11724 18539189
11725 18540839
11726 18541531
11727 18543559
11728 18543739
11729 18543869
11730 18547807
11731 18549371
11732 18550799
11733 18554681
11734 18555073
11735 18555709
11736 18557453
11737 18560309
11738 18560527
11739 18564307
11740 18564547
11741 18564569
11742 18565199
11743 18565409
11744 18566011
11745 18566279
11746 18566381
11747 18569069
11748 18572887
11749 18577109
11750 18578843
11751 18579019
11752 18580691
11753 18580943
11754 18581399
11755 18581737
11756 18583717
11757 18584347
11758 18587119
11759 18587423
11760 18587557
11761 18589423
11762 18595853
11763 18597367
11764 18598487
11765 18601433
11766 18603721
11767 18607051
11768 18608159
11769 18610183
11770 18613481
11771 18614347
11772 18615791
11773 18616769
11774 18620773
11775 18621637
11776 18630839
11777 18631061
11778 18631391
11779 18631649
11780 18631919
11781 18632303
11782 18633371
11783 18633869
11784 18634141
11785 18635311
11786 18635933
11787 18643619
11788 18647039
11789 18647099
11790 18651337
11791 18654121
11792 18654211
11793 18654659
11794 18655159
11795 18656129
11796 18658271
11797 18660193
11798 18662173
11799 18665039
11800 18667433
11801 18669743
11802 18670051
11803 18676633
11804 18678497
11805 18680719
11806 18681671
11807 18683767
11808 18684229
11809 18684823
11810 18686753
11811 18690031
11812 18690817
11813 18691159
11814 18691207
11815 18693247
11816 18696949
11817 18700691
11818 18702121
11819 18704701
11820 18705649
11821 18714919
11822 18716519
11823 18719509
11824 18720673
11825 18720967
11826 18722909
11827 18725401
11828 18729397
11829 18730331
11830 18733499
11831 18734081
11832 18740231
11833 18744833
11834 18749443
11835 18749603
11836 18751679
11837 18752399
11838 18752917
11839 18753011
11840 18754199
11841 18754627
11842 18760589
11843 18765359
11844 18770173
11845 18772409
11846 18776333
11847 18778913
11848 18780479
11849 18783803
11850 18791329
11851 18791459
11852 18794119
11853 18794597
11854 18799387
11855 18800681
11856 18807743
11857 18811043
11858 18812699
11859 18814273
11860 18818329
11861 18819797
11862 18821819
11863 18823439
11864 18824137
11865 18825101
11866 18826469
11867 18828353
11868 18831629
11869 18831847
11870 18832031
11871 18834031
11872 18835469
11873 18835559
11874 18835867
11875 18840331
11876 18841859
11877 18846887
11878 18850327
11879 18850549
11880 18851647
11881 18852121
11882 18855119
11883 18855979
11884 18867053
11885 18870239
11886 18870727
11887 18872509
11888 18875081
11889 18875557
11890 18876217
11891 18876703
11892 18879533
11893 18882337
11894 18882757
11895 18887941
11896 18891371
11897 18892091
11898 18897803
11899 18898097
11900 18900121
11901 18902659
11902 18903601
11903 18905407
11904 18910261
11905 18910421
11906 18914719
11907 18915817
11908 18916481
11909 18921113
11910 18926767
11911 18927823
11912 18929803
11913 18930511
11914 18931819
11915 18932003
11916 18933569
11917 18936517
11918 18942439
11919 18945029
11920 18945643
11921 18946813
11922 18947029
11923 18949313
11924 18955169
11925 18956423
11926 18957767
11927 18957893
11928 18960329
11929 18963337
11930 18964613
11931 18965029
11932 18965959
11933 18969007
11934 18969443
11935 18970733
11936 18971833
11937 18972229
11938 18974069
11939 18977297
11940 18978667
11941 18978683
11942 18981667
11943 18985667
11944 18988831
11945 18997343
11946 18999367
11947 19000187
11948 19004851
11949 19005359
11950 19007759
11951 19009889
11952 19013549
11953 19013651
11954 19017671
11955 19017811
11956 19020431
11957 19021913
11958 19022161
11959 19022701
11960 19027201
11961 19027483
11962 19028161
11963 19028381
11964 19028473
11965 19035323
11966 19035637
11967 19038157
11968 19041571
11969 19042451
11970 19044457
11971 19044611
11972 19047283
11973 19049753
11974 19053817
11975 19054799
11976 19055437
11977 19055549
11978 19065029
11979 19066141
11980 19068031
11981 19068349
11982 19069159
11983 19075709
11984 19077127
11985 19078933
11986 19079653
11987 19080301
11988 19082549
11989 19084301
11990 19087643
11991 19089139
11992 19090849
11993 19091141
11994 19093927
11995 19098517
11996 19099019
11997 19100759
11998 19103857
11999 19104461
12000 19105277
12001 19105529
12002 19105721
12003 19107727
12004 19112729
12005 19115773
12006 19117171
12007 19117403
12008 19119427
12009 19119809
12010 19120771
12011 19121051
12012 19121831
12013 19126201
12014 19127611
12015 19131373
12016 19131719
12017 19133683
12018 19136501
12019 19138211
12020 19140193
12021 19143361
12022 19148737
12023 19149817
12024 19150433
12025 19150451
12026 19151243
12027 19151371
12028 19154963
12029 19159843
12030 19161419
12031 19163161
12032 19166131
12033 19167301
12034 19167419
12035 19169329
12036 19174417
12037 19177159
12038 19177229
12039 19178189
12040 19179157
12041 19179959
12042 19182649
12043 19184201
12044 19189853
12045 19190749
12046 19190839
12047 19192853
12048 19193809
12049 19195139
12050 19195753
12051 19196129
12052 19201601
12053 19203881
12054 19210661
12055 19214087
12056 19215239
12057 19217929
12058 19219709
12059 19219853
12060 19224503
12061 19224521
12062 19226033
12063 19227953
12064 19228109
12065 19229317
12066 19232111
12067 19235611
12068 19237417
12069 19238449
12070 19242073
12071 19245559
12072 19245973
12073 19247083
12074 19247401
12075 19247647
12076 19247681
12077 19250221
12078 19251413
12079 19251611
12080 19252627
12081 19254331
12082 19263689
12083 19265359
12084 19265669
12085 19265759
12086 19270241
12087 19271929
12088 19273141
12089 19274131
12090 19275419
12091 19277653
12092 19280347
12093 19280707
12094 19281601
12095 19283227
12096 19284653
12097 19287269
12098 19287353
12099 19291501
12100 19297181
12101 19297723
12102 19298287
12103 19299961
12104 19300733
12105 19302401
12106 19302533
12107 19303741
12108 19304531
12109 19305431
12110 19313711
12111 19315939
12112 19319173
12113 19319753
12114 19320809
12115 19322683
12116 19324483
12117 19324717
12118 19327141
12119 19327927
12120 19329509
12121 19332493
12122 19335209
12123 19337887
12124 19339391
12125 19339643
12126 19342261
12127 19342573
12128 19346609
12129 19350059
12130 19350251
12131 19351133
12132 19351649
12133 19351939
12134 19352699
12135 19353739
12136 19354639
12137 19355591
12138 19356637
12139 19358419
12140 19358453
12141 19359959
12142 19360441
12143 19360889
12144 19367527
12145 19368913
12146 19371607
12147 19372019
12148 19373201
12149 19375201
12150 19378703
12151 19379119
12152 19379467
12153 19382317
12154 19386797
12155 19389053
12156 19390237
12157 19390411
12158 19393687
12159 19394329
12160 19398109
12161 19399267
12162 19399687
12163 19400851
12164 19401331
12165 19402921
12166 19403311
12167 19407371
12168 19407919
12169 19410751
12170 19410841
12171 19414151
12172 19414201
12173 19417837
12174 19420693
12175 19420837
12176 19423717
12177 19423801
12178 19425421
12179 19426837
12180 19427131
12181 19434599
12182 19442471
12183 19446697
12184 19450421
12185 19453103
12186 19453211
12187 19455071
12188 19455211
12189 19457257
12190 19457897
12191 19459039
12192 19460549
12193 19461131
12194 19465993
12195 19466011
12196 19468109
12197 19469081
12198 19471747
12199 19473743
12200 19475219
12201 19476887
12202 19480259
12203 19486703
12204 19488743
12205 19490917
12206 19493633
12207 19494029
12208 19496797
12209 19500311
12210 19501987
12211 19503721
12212 19507231
12213 19511441
12214 19512509
12215 19517111
12216 19517669
12217 19519229
12218 19519823
12219 19521419
12220 19521673
12221 19527149
12222 19528207
12223 19530451
12224 19531261
12225 19531973
12226 19532701
12227 19536581
12228 19539007
12229 19540201
12230 19540649
12231 19541161
12232 19544111
12233 19546843
12234 19549787
12235 19553647
12236 19553719
12237 19555001
12238 19562083
12239 19564717
12240 19569019
12241 19571173
12242 19574011
12243 19574257
12244 19574509
12245 19578893
12246 19582319
12247 19584713
12248 19592329
12249 19595209
12250 19597667
12251 19605023
12252 19606837
12253 19607317
12254 19608073
12255 19608299
12256 19614241
12257 19614601
12258 19614757
12259 19616489
12260 19618519
12261 19622549
12262 19623937
12263 19625041
12264 19625399
12265 19626349
12266 19628743
12267 19630711
12268 19631309
12269 19631527
12270 19633231
12271 19633853
12272 19636021
12273 19637381
12274 19640521
12275 19640707
12276 19642411
12277 19650779
12278 19651141
12279 19651927
12280 19652317
12281 19654049
12282 19655653
12283 19655989
12284 19662491
12285 19665409
12286 19666039
12287 19666567
12288 19667243
12289 19669687
12290 19673039
12291 19678207
12292 19679813
12293 19679941
12294 19681139
12295 19682983
12296 19683281
12297 19683623
12298 19687939
12299 19689751
12300 19692319
12301 19698533
12302 19699457
12303 19702229
12304 19703219
12305 19703347
12306 19707833
12307 19708609
12308 19714411
12309 19714927
12310 19715753
12311 19716299
12312 19718471
12313 19720133
12314 19721231
12315 19722421
12316 19724519
12317 19724993
12318 19725011
12319 19726999
12320 19727347
12321 19729057
12322 19733827
12323 19735993
12324 19738079
12325 19738567
12326 19739887
12327 19740131
12328 19741121
12329 19744469
12330 19746269
12331 19746607
12332 19751003
12333 19752329
12334 19753777
12335 19755823
12336 19756787
12337 19761149
12338 19761817
12339 19762627
12340 19764553
12341 19767053
12342 19773371
12343 19775887
12344 19776037
12345 19778903
12346 19779533
12347 19781543
12348 19786133
12349 19788397
12350 19790983
12351 19796989
12352 19797007
12353 19798253
12354 19798819
12355 19800211
12356 19800701
12357 19800721
12358 19805917
12359 19808527
12360 19809443
12361 19810201
12362 19810447
12363 19814489
12364 19814579
12365 19818427
12366 19821719
12367 19823917
12368 19824439
12369 19829137
12370 19831237
12371 19834519
12372 19835279
12373 19838887
12374 19843289
12375 19844989
12376 19845179
12377 19846657
12378 19848923
12379 19849913
12380 19850359
12381 19853419
12382 19853527
12383 19854139
12384 19854803
12385 19855181
12386 19859839
12387 19861159
12388 19861609
12389 19861717
12390 19863887
12391 19866307
12392 19866923
12393 19867487
12394 19870867
12395 19873253
12396 19875217
12397 19879583
12398 19880347
12399 19880437
12400 19883069
12401 19883687
12402 19885027
12403 19887353
12404 19887919
12405 19889731
12406 19892603
12407 19893697
12408 19907189
12409 19910141
12410 19914101
12411 19915117
12412 19916497
12413 19918057
12414 19919197
12415 19921183
12416 19921679
12417 19924199
12418 19925677
12419 19925897
12420 19932071
12421 19935757
12422 19935823
12423 19939027
12424 19942777
12425 19943017
12426 19944667
12427 19945903
12428 19952419
12429 19954633
12430 19955209
12431 19956697
12432 19958657
12433 19961329
12434 19961743
12435 19963259
12436 19963477
12437 19965307
12438 19970039
12439 19972657
12440 19973197
12441 19973423
12442 19974497
12443 19975999
12444 19979243
12445 19982353
12446 19982959
12447 19988333
12448 19993951
12449 19996387
12450 19996969
12451 19999283
12452 20000077
12453 20000147
12454 20009371
12455 20014229
12456 20018849
12457 20023027
12458 20024561
12459 20025911
12460 20027087
12461 20035859
12462 20041607
12463 20049971
12464 20051309
12465 20051989
12466 20055743
12467 20055901
12468 20058371
12469 20058911
12470 20059121
12471 20062019
12472 20066141
12473 20071873
12474 20072027
12475 20072777
12476 20073563
12477 20074007
12478 20075477
12479 20076713
12480 20080943
12481 20085151
12482 20089759
12483 20090207
12484 20091451
12485 20094601
12486 20095703
12487 20097431
12488 20098061
12489 20098313
12490 20103761
12491 20106641
12492 20108009
12493 20109851
12494 20110217
12495 20117821
12496 20119577
12497 20121091
12498 20124773
12499 20130527
12500 20134949
12501 20137823
12502 20144777
12503 20145701
12504 20147251
12505 20151731
12506 20151991
12507 20152271
12508 20154811
12509 20155643
12510 20157751
12511 20165141
12512 20165501
12513 20165741
12514 20169301
12515 20170651
12516 20170831
12517 20177977
12518 20178451
12519 20181989
12520 20183321
12521 20183651
12522 20185691
12523 20189303
12524 20189431
12525 20189969
12526 20191621
12527 20193731
12528 20194871
12529 20196361
12530 20197759
12531 20198219
12532 20200109
12533 20201771
12534 20202419
12535 20206741
12536 20211167
12537 20220961
12538 20222561
12539 20223953
12540 20226071
12541 20226961
12542 20227463
12543 20230489
12544 20231129
12545 20232371
12546 20232959
12547 20234933
12548 20236661
12549 20237431
12550 20239831
12551 20241931
12552 20243089
12553 20243177
12554 20244361
12555 20248451
12556 20250289
12557 20254621
12558 20257703
12559 20258083
12560 20261261
12561 20262989
12562 20263007
12563 20264141
12564 20267593
12565 20272951
12566 20274533
12567 20275631
12568 20277419
12569 20279383
12570 20279437
12571 20282387
12572 20282701
12573 20282903
12574 20283719
12575 20285593
12576 20288381
12577 20290441
12578 20292221
12579 20294041
12580 20295239
12581 20295491
12582 20295701
12583 20299259
12584 20299927
12585 20300317
12586 20303981
12587 20304461
12588 20307271
12589 20310761
12590 20313047
12591 20315177
12592 20318813
12593 20320007
12594 20323921
12595 20325941
12596 20327729
12597 20331461
12598 20334929
12599 20335823
12600 20337371
12601 20339087
12602 20341127
12603 20345411
12604 20355193
12605 20358901
12606 20363477
12607 20367671
12608 20369639
12609 20369819
12610 20369891
12611 20370271
12612 20376101
12613 20381947
12614 20385341
12615 20391197
12616 20392987
12617 20393917
12618 20395421
12619 20402981
12620 20409793
12621 20415077
12622 20421209
12623 20426941
12624 20427283
12625 20427377
12626 20431277
12627 20437631
12628 20437783
12629 20439121
12630 20440271
12631 20441117
12632 20445263
12633 20445791
12634 20447083
12635 20450999
12636 20452007
12637 20452643
12638 20458043
12639 20459707
12640 20459909
12641 20461151
12642 20461951
12643 20468011
12644 20469151
12645 20469881
12646 20470487
12647 20471141
12648 20472511
12649 20476139
12650 20476559
12651 20481641
12652 20484671
12653 20486699
12654 20487449
12655 20490601
12656 20493323
12657 20496937
12658 20497271
12659 20500397
12660 20503949
12661 20508881
12662 20511661
12663 20513371
12664 20513593
12665 20515511
12666 20515559
12667 20519249
12668 20520289
12669 20521561
12670 20523077
12671 20524061
12672 20526959
12673 20527783
12674 20528423
12675 20529031
12676 20530109
12677 20532341
12678 20533511
12679 20538901
12680 20539919
12681 20540441
12682 20547673
12683 20553443
12684 20558123
12685 20559157
12686 20559607
12687 20560151
12688 20561473
12689 20562533
12690 20563141
12691 20565541
12692 20565659
12693 20568649
12694 20570549
12695 20570729
12696 20572073
12697 20574011
12698 20577511
12699 20578013
12700 20579047
12701 20581901
12702 20586029
12703 20589637
12704 20594983
12705 20595359
12706 20596091
12707 20596259
12708 20596417
12709 20597041
12710 20597887
12711 20598619
12712 20602189
12713 20605531
12714 20619239
12715 20620109
12716 20622341
12717 20623061
12718 20623919
12719 20626709
12720 20629717
12721 20634421
12722 20635871
12723 20638223
12724 20640107
12725 20643197
12726 20644693
12727 20650171
12728 20655143
12729 20658191
12730 20658881
12731 20661881
12732 20665133
12733 20669041
12734 20671873
12735 20672261
12736 20677819
12737 20678083
12738 20679121
12739 20684929
12740 20687131
12741 20687311
12742 20687449
12743 20688907
12744 20689979
12745 20694203
12746 20696827
12747 20697349
12748 20699059
12749 20699587
12750 20701097
12751 20701763
12752 20701787
12753 20702593
12754 20703541
12755 20711261
12756 20714741
12757 20715623
12758 20716253
12759 20716561
12760 20719571
12761 20721271
12762 20723411
12763 20723723
12764 20725709
12765 20726371
12766 20728061
12767 20728483
12768 20731397
12769 20735557
12770 20735647
12771 20735849
12772 20736077
12773 20737889
12774 20739023
12775 20739421
12776 20739427
12777 20740351
12778 20741321
12779 20741761
12780 20742461
12781 20743781
12782 20745059
12783 20745211
12784 20746351
12785 20748191
12786 20749747
12787 20754413
12788 20758091
12789 20759171
12790 20761721
12791 20766359
12792 20768081
12793 20773939
12794 20774471
12795 20775061
12796 20775511
12797 20778787
12798 20780731
12799 20782351
12800 20785181
12801 20787457
12802 20788913
12803 20790323
12804 20790727
12805 20790811
12806 20797199
12807 20797999
12808 20799049
12809 20799179
12810 20800097
12811 20807159
12812 20810177
12813 20812553
12814 20812801
12815 20814883
12816 20816249
12817 20818313
12818 20821487
12819 20822969
12820 20825647
12821 20830351
12822 20834551
12823 20835509
12824 20835611
12825 20837039
12826 20837251
12827 20846549
12828 20848231
12829 20849041
12830 20851273
12831 20851451
12832 20856029
12833 20857943
12834 20860501
12835 20863849
12836 20866031
12837 20866679
12838 20867933
12839 20870159
12840 20878049
12841 20878537
12842 20883427
12843 20884657
12844 20889139
12845 20892331
12846 20894359
12847 20897039
12848 20901071
12849 20903851
12850 20905277
12851 20905921
12852 20907631
12853 20909321
12854 20912561
12855 20913359
12856 20913511
12857 20914451
12858 20917849
12859 20918039
12860 20919421
12861 20923657
12862 20925271
12863 20925329
12864 20926531
12865 20928191
12866 20930671
12867 20931241
12868 20933603
12869 20935799
12870 20935939
12871 20938231
12872 20939647
12873 20943749
12874 20945789
12875 20947109
12876 20947211
12877 20947327
12878 20948201
12879 20949301
12880 20953957
12881 20956963
12882 20959319
12883 20960959
12884 20961727
12885 20962807
12886 20963699
12887 20970101
12888 20971957
12889 20972071
12890 20972291
12891 20972383
12892 20973241
12893 20975519
12894 20976509
12895 20978189
12896 20979001
12897 20980441
12898 20980573
12899 20982331
12900 20987963
12901 20988553
12902 20988973
12903 20989567
12904 20990521
12905 20990891
12906 20991023
12907 20991427
12908 20993173
12909 20993591
12910 20994671
12911 20999317
12912 20999467
12913 20999843
12914 21003329
12915 21012239
12916 21014963
12917 21015119
12918 21020777
12919 21032471
12920 21033371
12921 21035207
12922 21038341
12923 21040157
12924 21045107
12925 21046577
12926 21046951
12927 21050921
12928 21052561
12929 21057151
12930 21058721
12931 21059041
12932 21059911
12933 21060287
12934 21063743
12935 21067271
12936 21067927
12937 21068939
12938 21069901
12939 21070853
12940 21074051
12941 21075661
12942 21077333
12943 21079997
12944 21080771
12945 21084719
12946 21085541
12947 21087431
12948 21087581
12949 21089819
12950 21091151
12951 21091841
12952 21095551
12953 21104507
12954 21105661
12955 21109841
12956 21110027
12957 21111149
12958 21118553
12959 21121207
12960 21128561
12961 21128633
12962 21136553
12963 21138401
12964 21138791
12965 21138847
12966 21142871
12967 21144743
12968 21145919
12969 21147197
12970 21147713
12971 21149171
12972 21150821
12973 21154487
12974 21157343
12975 21159059
12976 21163531
12977 21163601
12978 21165533
12979 21166927
12980 21168967
12981 21171929
12982 21177071
12983 21177671
12984 21184073
12985 21187759
12986 21190711
12987 21191969
12988 21193231
12989 21193321
12990 21193927
12991 21194513
12992 21205853
12993 21213407
12994 21214877
12995 21217571
12996 21219061
12997 21219883
12998 21221237
12999 21225077
13000 21226483
13001 21227387
13002 21232921
13003 21233441
13004 21235733
13005 21237311
13006 21238051
13007 21239243
13008 21239429
13009 21239731
13010 21241873
13011 21242939
13012 21249671
13013 21249929
13014 21253979
13015 21254903
13016 21255757
13017 21257177
13018 21264461
13019 21265831
13020 21267031
13021 21268801
13022 21269879
13023 21273809
13024 21274031
13025 21274619
13026 21277409
13027 21281321
13028 21282221
13029 21283259
13030 21286241
13031 21287701
13032 21288023
13033 21289057
13034 21289259
13035 21291661
13036 21295111
13037 21298819
13038 21309973
13039 21311107
13040 21315961
13041 21316531
13042 21319783
13043 21321661
13044 21321887
13045 21321959
13046 21323641
13047 21324161
13048 21324923
13049 21326561
13050 21329603
13051 21338683
13052 21343919
13053 21345371
13054 21346873
13055 21348451
13056 21355561
13057 21355921
13058 21358111
13059 21358627
13060 21359549
13061 21360107
13062 21362969
13063 21363421
13064 21365159
13065 21370397
13066 21373501
13067 21377929
13068 21382271
13069 21382349
13070 21383249
13071 21386231
13072 21386471
13073 21388943
13074 21389933
13075 21391921
13076 21395947
13077 21397769
13078 21401389
13079 21402197
13080 21407521
13081 21416383
13082 21417449
13083 21419557
13084 21423271
13085 21423989
13086 21425639
13087 21427613
13088 21429323
13089 21429581
13090 21429671
13091 21431911
13092 21437021
13093 21440801
13094 21444061
13095 21444263
13096 21445451
13097 21452857
13098 21456727
13099 21457133
13100 21457649
13101 21458303
13102 21459517
13103 21459791
13104 21463031
13105 21465701
13106 21467161
13107 21471713
13108 21472783
13109 21476341
13110 21476383
13111 21479917
13112 21480331
13113 21484973
13114 21487051
13115 21489329
13116 21493133
13117 21494219
13118 21494639
13119 21497429
13120 21499823
13121 21500477
13122 21503821
13123 21505171
13124 21511361
13125 21513161
13126 21515293
13127 21517031
13128 21517439
13129 21518083
13130 21520831
13131 21521971
13132 21524273
13133 21525311
13134 21526693
13135 21527917
13136 21528329
13137 21528673
13138 21529171
13139 21529483
13140 21530261
13141 21535231
13142 21536261
13143 21536513
13144 21536771
13145 21540341
13146 21542071
13147 21542321
13148 21548141
13149 21548699
13150 21549719
13151 21551941
13152 21554177
13153 21554513
13154 21555673
13155 21555817
13156 21560909
13157 21561443
13158 21564637
13159 21565993
13160 21566011
13161 21566291
13162 21570401
13163 21570511
13164 21570793
13165 21571439
13166 21574957
13167 21575129
13168 21575459
13169 21576421
13170 21577679
13171 21579031
13172 21580451
13173 21580781
13174 21583537
13175 21583957
13176 21584527
13177 21585719
13178 21591233
13179 21594449
13180 21595103
13181 21595657
13182 21603251
13183 21604621
13184 21609899
13185 21612077
13186 21616031
13187 21617201
13188 21618451
13189 21618983
13190 21619621
13191 21620843
13192 21622823
13193 21623363
13194 21626131
13195 21628351
13196 21629411
13197 21629501
13198 21629749
13199 21632477
13200 21633719
13201 21637151
13202 21639281
13203 21641947
13204 21643051
13205 21644429
13206 21645413
13207 21645451
13208 21646021
13209 21648283
13210 21649057
13211 21649499
13212 21649679
13213 21651359
13214 21652871
13215 21653641
13216 21654701
13217 21656161
13218 21660131
13219 21661781
13220 21663149
13221 21665219
13222 21670703
13223 21672583
13224 21673973
13225 21674347
13226 21674749
13227 21680641
13228 21683033
13229 21687709
13230 21689497
13231 21690121
13232 21690233
13233 21691223
13234 21694237
13235 21694853
13236 21697201
13237 21699371
13238 21699443
13239 21703061
13240 21703573
13241 21708727
13242 21713473
13243 21713893
13244 21714401
13245 21719213
13246 21722639
13247 21725551
13248 21726121
13249 21728411
13250 21731561
13251 21731947
13252 21733561
13253 21737129
13254 21737659
13255 21737707
13256 21739967
13257 21744967
13258 21750629
13259 21751343
13260 21756041
13261 21761759
13262 21762901
13263 21763223
13264 21763403
13265 21764459
13266 21767171
13267 21770993
13268 21771161
13269 21771361
13270 21775837
13271 21776719
13272 21777907
13273 21785311
13274 21786983
13275 21794173
13276 21795307
13277 21797189
13278 21798157
13279 21805811
13280 21806063
13281 21808889
13282 21810749
13283 21814321
13284 21815551
13285 21817391
13286 21822841
13287 21824087
13288 21825949
13289 21828041
13290 21828689
13291 21829529
13292 21831881
13293 21832781
13294 21833177
13295 21837331
13296 21838639
13297 21840061
13298 21841691
13299 21842221
13300 21842959
13301 21843631
13302 21847013
13303 21849101
13304 21851351
13305 21852143
13306 21854527
13307 21855131
13308 21855881
13309 21856657
13310 21858439
13311 21858653
13312 21859391
13313 21862481
13314 21863879
13315 21866809
13316 21868289
13317 21869011
13318 21872341
13319 21872527
13320 21873779
13321 21877733
13322 21879229
13323 21883013
13324 21883639
13325 21886559
13326 21886609
13327 21887149
13328 21888443
13329 21891511
13330 21893609
13331 21899407
13332 21904271
13333 21904411
13334 21906541
13335 21910171
13336 21913709
13337 21914681
13338 21915143
13339 21918359
13340 21920903
13341 21923683
13342 21925261
13343 21925973
13344 21927281
13345 21927847
13346 21931271
13347 21932917
13348 21933673
13349 21935213
13350 21936829
13351 21938339
13352 21939727
13353 21950711
13354 21952573
13355 21956041
13356 21958553
13357 21958973
13358 21959239
13359 21960581
13360 21962729
13361 21964231
13362 21964507
13363 21972373
13364 21972649
13365 21979169
13366 21983887
13367 21986989
13368 21987179
13369 21987533
13370 21989159
13371 21991769
13372 21994111
13373 21996409
13374 21996803
13375 21999787
13376 22000619
13377 22001339
13378 22001627
13379 22006037
13380 22017833
13381 22019321
13382 22019909
13383 22020527
13384 22021229
13385 22029173
13386 22037251
13387 22041661
13388 22041821
13389 22042037
13390 22045711
13391 22046701
13392 22047197
13393 22049821
13394 22049999
13395 22051831
13396 22055611
13397 22058683
13398 22060901
13399 22061027
13400 22061933
13401 22062673
13402 22063957
13403 22064639
13404 22065803
13405 22070351
13406 22072573
13407 22072733
13408 22072931
13409 22075187
13410 22077949
13411 22078261
13412 22080563
13413 22081751
13414 22083791
13415 22084451
13416 22085519
13417 22087649
13418 22094087
13419 22095949
13420 22096001
13421 22096717
13422 22100317
13423 22101707
13424 22105561
13425 22107749
13426 22109903
13427 22111571
13428 22112507
13429 22114019
13430 22122371
13431 22123697
13432 22123901
13433 22124849
13434 22130057
13435 22132871
13436 22132961
13437 22133087
13438 22137197
13439 22137287
13440 22138349
13441 22140029
13442 22148131
13443 22150279
13444 22150811
13445 22153801
13446 22157063
13447 22158239
13448 22164931
13449 22170521
13450 22176457
13451 22177229
13452 22177739
13453 22178699
13454 22179331
13455 22180661
13456 22184683
13457 22186133
13458 22187707
13459 22188191
13460 22189589
13461 22190741
13462 22192273
13463 22193201
13464 22197739
13465 22198271
13466 22199609
13467 22200307
13468 22200499
13469 22201409
13470 22205597
13471 22211327
13472 22213787
13473 22219927
13474 22226297
13475 22227377
13476 22230661
13477 22230841
13478 22234463
13479 22235471
13480 22236449
13481 22237231
13482 22239149
13483 22242833
13484 22244071
13485 22248301
13486 22249049
13487 22250687
13488 22251611
13489 22254937
13490 22257901
13491 22258409
13492 22260107
13493 22262909
13494 22264631
13495 22265731
13496 22267481
13497 22268789
13498 22269113
13499 22270931
13500 22272401
13501 22277789
13502 22280383
13503 22281533
13504 22283683
13505 22290061
13506 22290449
13507 22293637
13508 22296601
13509 22299923
13510 22301387
13511 22303361
13512 22303901
13513 22304027
13514 22311931
13515 22312949
13516 22317371
13517 22317661
13518 22319333
13519 22320751
13520 22321217
13521 22323341
13522 22326937
13523 22328513
13524 22330307
13525 22333951
13526 22336141
13527 22337351
13528 22337759
13529 22338077
13530 22338341
13531 22341721
13532 22342373
13533 22344809
13534 22352903
13535 22356101
13536 22359283
13537 22362359
13538 22364593
13539 22364939
13540 22367341
13541 22369031
13542 22369051
13543 22374323
13544 22375889
13545 22378639
13546 22379933
13547 22380571
13548 22381561
13549 22381651
13550 22382441
13551 22384151
13552 22385291
13553 22386607
13554 22387747
13555 22389853
13556 22390051
13557 22391513
13558 22394101
13559 22394129
13560 22394909
13561 22395847
13562 22396271
13563 22397399
13564 22397971
13565 22398073
13566 22400897
13567 22404989
13568 22405241
13569 22405421
13570 22405571
13571 22406477
13572 22407331
13573 22408987
13574 22416061
13575 22416883
13576 22417541
13577 22418849
13578 22420763
13579 22420787
13580 22423711
13581 22424729
13582 22425173
13583 22425311
13584 22426231
13585 22428727
13586 22435901
13587 22437451
13588 22438049
13589 22439947
13590 22446071
13591 22446101
13592 22446811
13593 22447889
13594 22454087
13595 22455491
13596 22456223
13597 22457011
13598 22465537
13599 22466839
13600 22467331
13601 22468837
13602 22468871
13603 22469753
13604 22470373
13605 22471783
13606 22474061
13607 22475303
13608 22477271
13609 22478669
13610 22479217
13611 22480657
13612 22482671
13613 22483133
13614 22486619
13615 22487249
13616 22487539
13617 22490401
13618 22490621
13619 22490641
13620 22495273
13621 22496827
13622 22497637
13623 22498027
13624 22502531
13625 22509457
13626 22509493
13627 22510853
13628 22512901
13629 22513373
13630 22514501
13631 22519531
13632 22521743
13633 22522553
13634 22523549
13635 22525271
13636 22525873
13637 22534651
13638 22539193
13639 22539247
13640 22539971
13641 22543561
13642 22545053
13643 22546807
13644 22547983
13645 22550477
13646 22551533
13647 22554457
13648 22554509
13649 22556839
13650 22557203
13651 22559489
13652 22559519
13653 22562821
13654 22563907
13655 22563967
13656 22568111
13657 22569307
13658 22571261
13659 22572239
13660 22574411
13661 22575757
13662 22580401
13663 22581509
13664 22582649
13665 22583789
13666 22585501
13667 22586227
13668 22590721
13669 22591043
13670 22592051
13671 22595401
13672 22595609
13673 22595917
13674 22596071
13675 22596727
13676 22602659
13677 22604453
13678 22607159
13679 22608493
13680 22608659
13681 22609799
13682 22613411
13683 22615927
13684 22616311
13685 22617341
13686 22618391
13687 22619011
13688 22623793
13689 22623883
13690 22625221
13691 22634959
13692 22637749
13693 22646929
13694 22650539
13695 22651051
13696 22653451
13697 22660433
13698 22660501
13699 22663313
13700 22663957
13701 22664659
13702 22667933
13703 22671547
13704 22675819
13705 22679347
13706 22680101
13707 22681331
13708 22685137
13709 22685737
13710 22690511
13711 22691033
13712 22692539
13713 22695307
13714 22698607
13715 22701431
13716 22701901
13717 22702711
13718 22703383
13719 22703969
13720 22709411
13721 22710587
13722 22711823
13723 22714093
13724 22717111
13725 22717421
13726 22718431
13727 22720421
13728 22722449
13729 22723741
13730 22724441
13731 22725161
13732 22725211
13733 22727219
13734 22730651
13735 22734053
13736 22734077
13737 22735319
13738 22735957
13739 22738147
13740 22738943
13741 22743011
13742 22744313
13743 22745929
13744 22753993
13745 22755991
13746 22758299
13747 22760641
13748 22760681
13749 22762483
13750 22763639
13751 22769189
13752 22771043
13753 22771537
13754 22775009
13755 22775201
13756 22779359
13757 22782847
13758 22783141
13759 22784719
13760 22785121
13761 22786429
13762 22794301
13763 22794697
13764 22800923
13765 22802477
13766 22803449
13767 22803551
13768 22807711
13769 22810841
13770 22812401
13771 22812551
13772 22814531
13773 22814641
13774 22815329
13775 22817437
13776 22818119
13777 22819987
13778 22820459
13779 22820813
13780 22820921
13781 22823513
13782 22826341
13783 22826501
13784 22828019
13785 22828837
13786 22829669
13787 22829797
13788 22831451
13789 22831741
13790 22835231
13791 22835431
13792 22838489
13793 22839659
13794 22840093
13795 22841311
13796 22841771
13797 22845247
13798 22845517
13799 22845869
13800 22846853
13801 22847971
13802 22848877
13803 22851583
13804 22854061
13805 22868903
13806 22873679
13807 22874737
13808 22877983
13809 22878001
13810 22878643
13811 22880381
13812 22881919
13813 22887713
13814 22891273
13815 22891459
13816 22894519
13817 22895527
13818 22898159
13819 22899787
13820 22900931
13821 22902283
13822 22903747
13823 22904333
13824 22909147
13825 22914071
13826 22914457
13827 22915261
13828 22916857
13829 22919999
13830 22922083
13831 22924973
13832 22926283
13833 22927981
13834 22932419
13835 22934161
13836 22935599
13837 22936051
13838 22937137
13839 22937227
13840 22937399
13841 22938653
13842 22942229
13843 22945639
13844 22947817
13845 22949149
13846 22949279
13847 22955003
13848 22956299
13849 22956547
13850 22957139
13851 22958017
13852 22964009
13853 22965127
13854 22966199
13855 22967129
13856 22968443
13857 22968553
13858 22970699
13859 22971601
13860 22982111
13861 22984447
13862 22985059
13863 22987039
13864 22987253
13865 22989653
13866 22990927
13867 22991009
13868 22994099
13869 22994291
13870 22995179
13871 22995953
13872 22996723
13873 23003327
13874 23003417
13875 23004551
13876 23006843
13877 23007161
13878 23007653
13879 23007871
13880 23009611
13881 23011861
13882 23018251
13883 23018341
13884 23023471
13885 23024621
13886 23031641
13887 23036297
13888 23037221
13889 23038837
13890 23039351
13891 23048261
13892 23049073
13893 23050187
13894 23050901
13895 23052989
13896 23055511
13897 23057609
13898 23058323
13899 23065741
13900 23066063
13901 23066557
13902 23067361
13903 23068739
13904 23072761
13905 23073443
13906 23075711
13907 23078213
13908 23078947
13909 23079599
13910 23080553
13911 23082539
13912 23084461
13913 23085053
13914 23085901
13915 23087549
13916 23089909
13917 23091539
13918 23091997
13919 23094361
13920 23094581
13921 23095483
13922 23095739
13923 23096231
13924 23097829
13925 23099173
13926 23100017
13927 23103317
13928 23105597
13929 23108411
13930 23108651
13931 23112137
13932 23115361
13933 23122097
13934 23122361
13935 23122877
13936 23124077
13937 23128471
13938 23132261
13939 23137831
13940 23137837
13941 23143801
13942 23150663
13943 23150861
13944 23152841
13945 23158319
13946 23159611
13947 23165221
13948 23166211
13949 23171341
13950 23173691
13951 23182613
13952 23183159
13953 23183593
13954 23185133
13955 23186347
13956 23186699
13957 23186879
13958 23187061
13959 23188211
13960 23190311
13961 23191741
13962 23194111
13963 23195819
13964 23196829
13965 23197549
13966 23205271
13967 23206373
13968 23208821
13969 23213759
13970 23214871
13971 23216561
13972 23216761
13973 23219531
13974 23220959
13975 23221307
13976 23224577
13977 23227987
13978 23230127
13979 23232701
13980 23233061
13981 23233649
13982 23234851
13983 23239511
13984 23242711
13985 23246401
13986 23246593
13987 23248261
13988 23249071
13989 23250901
13990 23252521
13991 23255773
13992 23256899
13993 23258471
13994 23259953
13995 23260801
13996 23263561
13997 23265323
13998 23265727
13999 23266357
14000 23267729
14001 23268041
14002 23268247
14003 23271449
14004 23271841
14005 23272831
14006 23272901
14007 23275151
14008 23276749
14009 23277689
14010 23277757
14011 23281439
14012 23282131
14013 23283419
14014 23283503
14015 23283671
14016 23284241
14017 23287729
14018 23288021
14019 23291441
14020 23294701
14021 23294963
14022 23295847
14023 23297009
14024 23298259
14025 23298833
14026 23299447
14027 23307173
14028 23307331
14029 23307821
14030 23308561
14031 23309063
14032 23311763
14033 23312441
14034 23318153
14035 23318731
14036 23319701
14037 23320783
14038 23321971
14039 23322587
14040 23329409
14041 23329991
14042 23330009
14043 23334791
14044 23336609
14045 23336711
14046 23336993
14047 23337011
14048 23337271
14049 23337659
14050 23340839
14051 23342251
14052 23344523
14053 23351431
14054 23351473
14055 23352841
14056 23353709
14057 23354917
14058 23356849
14059 23358991
14060 23363773
14061 23365919
14062 23366611
14063 23366879
14064 23366929
14065 23368031
14066 23369083
14067 23371529
14068 23372221
14069 23373949
14070 23375141
14071 23378489
14072 23380741
14073 23389537
14074 23390641
14075 23393857
14076 23394649
14077 23398717
14078 23402777
14079 23407277
14080 23407949
14081 23408621
14082 23413373
14083 23413739
14084 23415373
14085 23420171
14086 23420759
14087 23424287
14088 23424883
14089 23429141
14090 23430587
14091 23433661
14092 23434561
14093 23438341
14094 23440441
14095 23440913
14096 23441941
14097 23443097
14098 23443691
14099 23444243
14100 23447033
14101 23449709
14102 23451803
14103 23454671
14104 23455759
14105 23456383
14106 23456749
14107 23462513
14108 23462683
14109 23465947
14110 23474293
14111 23479199
14112 23482331
14113 23482573
14114 23482919
14115 23483381
14116 23483617
14117 23485237
14118 23488027
14119 23488687
14120 23493203
14121 23494819
14122 23495081
14123 23496637
14124 23498099
14125 23500877
14126 23501351
14127 23504671
14128 23507441
14129 23507621
14130 23512711
14131 23515277
14132 23518799
14133 23519729
14134 23520989
14135 23521621
14136 23523131
14137 23524183
14138 23529997
14139 23533921
14140 23535899
14141 23541061
14142 23544581
14143 23545043
14144 23546129
14145 23547131
14146 23549249
14147 23549359
14148 23552351
14149 23556809
14150 23562251
14151 23562491
14152 23562541
14153 23563483
14154 23564707
14155 23567399
14156 23570683
14157 23570917
14158 23576827
14159 23580143
14160 23580541
14161 23582617
14162 23584507
14163 23589607
14164 23590649
14165 23592937
14166 23594449
14167 23601493
14168 23601587
14169 23602441
14170 23604401
14171 23604803
14172 23605301
14173 23608889
14174 23620739
14175 23622881
14176 23622997
14177 23625491
14178 23634323
14179 23634631
14180 23636857
14181 23638231
14182 23641097
14183 23645129
14184 23654303
14185 23655607
14186 23657311
14187 23657399
14188 23657917
14189 23658581
14190 23658709
14191 23663659
14192 23664247
14193 23664649
14194 23670839
14195 23673281
14196 23673511
14197 23676127
14198 23681729
14199 23690839
14200 23691281
14201 23698613
14202 23700631
14203 23702453
14204 23705261
14205 23705351
14206 23709599
14207 23714557
14208 23720251
14209 23721629
14210 23722187
14211 23722271
14212 23722987
14213 23723201
14214 23724073
14215 23726309
14216 23728589
14217 23728871
14218 23729003
14219 23731693
14220 23736689
14221 23737459
14222 23739439
14223 23739817
14224 23741513
14225 23741771
14226 23746691
14227 23747401
14228 23748299
14229 23748653
14230 23752801
14231 23753383
14232 23756647
14233 23758687
14234 23759833
14235 23763401
14236 23763881
14237 23766923
14238 23768813
14239 23769007
14240 23770849
14241 23771101
14242 23772649
14243 23775211
14244 23778533
14245 23779169
14246 23779853
14247 23780473
14248 23782691
14249 23786107
14250 23789333
14251 23792173
14252 23793031
14253 23795059
14254 23795381
14255 23796049
14256 23800463
14257 23800643
14258 23802061
14259 23802629
14260 23803361
14261 23808937
14262 23809769
14263 23809909
14264 23810071
14265 23812231
14266 23814491
14267 23816459
14268 23817191
14269 23817421
14270 23821271
14271 23826157
14272 23828843
14273 23829307
14274 23829349
14275 23829419
14276 23833801
14277 23834639
14278 23838239
14279 23839001
14280 23840939
14281 23842201
14282 23845051
14283 23845909
14284 23848843
14285 23850907
14286 23855407
14287 23857319
14288 23859397
14289 23859643
14290 23864843
14291 23865299
14292 23865547
14293 23866319
14294 23870471
14295 23875559
14296 23877823
14297 23878297
14298 23878697
14299 23880517
14300 23883983
14301 23886353
14302 23886913
14303 23887613
14304 23890231
14305 23890837
14306 23899823
14307 23901443
14308 23903993
14309 23905139
14310 23905261
14311 23906231
14312 23906347
14313 23906891
14314 23908211
14315 23908529
14316 23911187
14317 23912201
14318 23915123
14319 23918759
14320 23920433
14321 23925449
14322 23926321
14323 23926439
14324 23933219
14325 23935501
14326 23935981
14327 23936009
14328 23944819
14329 23945399
14330 23950649
14331 23952629
14332 23954081
14333 23954111
14334 23956447
14335 23956733
14336 23964037
14337 23964389
14338 23966279
14339 23967397
14340 23971093
14341 23971639
14342 23975101
14343 23981647
14344 23982073
14345 23982479
14346 23982509
14347 23985089
14348 23987377
14349 23991259
14350 23991943
14351 23994371
14352 23994517
14353 24000239
14354 24001751
14355 24002389
14356 24003971
14357 24009551
14358 24010397
14359 24010577
14360 24011893
14361 24013949
14362 24018359
14363 24032117
14364 24034397
14365 24037471
14366 24037529
14367 24039101
14368 24040127
14369 24040279
14370 24040673
14371 24043351
14372 24048413
14373 24049139
14374 24053273
14375 24054539
14376 24055253
14377 24057251
14378 24058061
14379 24059527
14380 24060653
14381 24062723
14382 24064301
14383 24066967
14384 24067481
14385 24068701
14386 24071459
14387 24071521
14388 24072641
14389 24072793
14390 24074131
14391 24074621
14392 24076049
14393 24080321
14394 24081847
14395 24083603
14396 24084451
14397 24087757
14398 24089003
14399 24094957
14400 24095293
14401 24097837
14402 24097963
14403 24098317
14404 24098993
14405 24100157
14406 24101471
14407 24107297
14408 24108911
14409 24111371
14410 24115261
14411 24121787
14412 24121969
14413 24122551
14414 24122641
14415 24127141
14416 24128827
14417 24130189
14418 24130831
14419 24133913
14420 24136561
14421 24136747
14422 24137111
14423 24143387
14424 24143611
14425 24143857
14426 24144661
14427 24146593
14428 24147491
14429 24148351
14430 24148627
14431 24152633
14432 24153533
14433 24154321
14434 24154703
14435 24157571
14436 24159281
14437 24161251
14438 24163141
14439 24164461
14440 24165839
14441 24168757
14442 24170431
14443 24171881
14444 24172619
14445 24177847
14446 24179999
14447 24180539
14448 24181343
14449 24183011
14450 24183059
14451 24183073
14452 24183233
14453 24187231
14454 24188173
14455 24189457
14456 24190121
14457 24190741
14458 24192341
14459 24196439
14460 24200417
14461 24204839
14462 24205553
14463 24206383
14464 24215431
14465 24217927
14466 24218759
14467 24221777
14468 24227681
14469 24227911
14470 24228839
14471 24233051
14472 24235949
14473 24237149
14474 24237457
14475 24237949
14476 24239251
14477 24240677
14478 24244613
14479 24245423
14480 24245461
14481 24246361
14482 24249371
14483 24256313
14484 24256957
14485 24257257
14486 24263429
14487 24268417
14488 24271073
14489 24272461
14490 24272711
14491 24275617
14492 24275857
14493 24280523
14494 24281177
14495 24284231
14496 24289207
14497 24289249
14498 24289469
14499 24296131
14500 24298753
14501 24302683
14502 24308773
14503 24312671
14504 24314891
14505 24317087
14506 24318053
14507 24320371
14508 24323473
14509 24325859
14510 24326513
14511 24327899
14512 24329639
14513 24337241
14514 24341813
14515 24342443
14516 24345341
14517 24346171
14518 24346313
14519 24348791
14520 24349679
14521 24354361
14522 24355049
14523 24356039
14524 24357511
14525 24359407
14526 24360803
14527 24362131
14528 24362759
14529 24363631
14530 24369833
14531 24372059
14532 24376091
14533 24377317
14534 24378037
14535 24378923
14536 24379391
14537 24380201
14538 24380311
14539 24381457
14540 24383309
14541 24390491
14542 24392471
14543 24392639
14544 24396301
14545 24396419
14546 24396961
14547 24397553
14548 24400561
14549 24401801
14550 24401911
14551 24405061
14552 24405809
14553 24407371
14554 24408457
14555 24409447
14556 24412061
14557 24412951
14558 24415277
14559 24416603
14560 24420761
14561 24425171
14562 24428549
14563 24431741
14564 24436889
14565 24437291
14566 24440701
14567 24441449
14568 24445313
14569 24446659
14570 24449771
14571 24451501
14572 24452041
14573 24452261
14574 24452959
14575 24455303
14576 24458843
14577 24460831
14578 24461609
14579 24462901
14580 24465283
14581 24470513
14582 24470557
14583 24472313
14584 24473381
14585 24476489
14586 24478469
14587 24478717
14588 24481739
14589 24485081
14590 24485609
14591 24486491
14592 24491471
14593 24491839
14594 24493619
14595 24494759
14596 24499147
14597 24501361
14598 24502393
14599 24503383
14600 24503561
14601 24504551
14602 24508829
14603 24512471
14604 24514691
14605 24516721
14606 24520487
14607 24525583
14608 24526319
14609 24526627
14610 24536411
14611 24536459
14612 24538529
14613 24539083
14614 24539227
14615 24539681
14616 24539737
14617 24542593
14618 24543721
14619 24546373
14620 24547147
14621 24547927
14622 24548933
14623 24551911
14624 24555281
14625 24555991
14626 24563659
14627 24566131
14628 24569707
14629 24571201
14630 24571601
14631 24574181
14632 24574819
14633 24577027
14634 24579959
14635 24582157
14636 24583019
14637 24583529
14638 24584843
14639 24585299
14640 24585727
14641 24592657
14642 24594259
14643 24595553
14644 24597733
14645 24598703
14646 24602161
14647 24605153
14648 24607441
14649 24609283
14650 24614423
14651 24619909
14652 24621931
14653 24623171
14654 24623647
14655 24624673
14656 24626611
14657 24629359
14658 24629953
14659 24631231
14660 24632401
14661 24633967
14662 24634061
14663 24635459
14664 24638489
14665 24645739
14666 24651059
14667 24651323
14668 24654281
14669 24656971
14670 24666073
14671 24670537
14672 24670649
14673 24671123
14674 24673507
14675 24676319
14676 24677129
14677 24677963
14678 24690427
14679 24691141
14680 24693961
14681 24702571
14682 24704159
14683 24704221
14684 24704311
14685 24705143
14686 24706043
14687 24709103
14688 24709987
14689 24710909
14690 24712183
14691 24713593
14692 24713977
14693 24715049
14694 24715441
14695 24717937
14696 24718301
14697 24725033
14698 24726539
14699 24727327
14700 24732907
14701 24733043
14702 24738011
14703 24743039
14704 24744359
14705 24744847
14706 24745327
14707 24747637
14708 24748117
14709 24750329
14710 24750581
14711 24753427
14712 24753973
14713 24754211
14714 24754897
14715 24754909
14716 24756509
14717 24757289
14718 24764647
14719 24768353
14720 24773933
14721 24776149
14722 24777713
14723 24777887
14724 24779333
14725 24781781
14726 24782647
14727 24787523
14728 24793553
14729 24802259
14730 24807247
14731 24809201
14732 24812159
14733 24813673
14734 24819671
14735 24820163
14736 24821911
14737 24822899
14738 24823171
14739 24825373
14740 24829913
14741 24838199
14742 24841889
14743 24842071
14744 24847049
14745 24853781
14746 24854041
14747 24854719
14748 24856571
14749 24858577
14750 24860141
14751 24862259
14752 24866129
14753 24866437
14754 24871837
14755 24871927
14756 24874429
14757 24875453
14758 24875677
14759 24876953
14760 24878797
14761 24880529
14762 24882547
14763 24883207
14764 24888037
14765 24889313
14766 24890557
14767 24891709
14768 24893149
14769 24896119
14770 24897143
14771 24900151
14772 24905383
14773 24906281
14774 24908591
14775 24911423
14776 24911759
14777 24920911
14778 24921859
14779 24922939
14780 24924061
14781 24927569
14782 24928289
14783 24930811
14784 24932213
14785 24939643
14786 24939997
14787 24940393
14788 24941309
14789 24941879
14790 24942779
14791 24943141
14792 24944041
14793 24945329
14794 24952211
14795 24952819
14796 24953009
14797 24953339
14798 24953993
14799 24954833
14800 24955001
14801 24958147
14802 24959533
14803 24960119
14804 24965813
14805 24966397
14806 24967433
14807 24981349
14808 24986069
14809 24990659
14810 24991627
14811 24993337
14812 24994147
14813 24995209
14814 24998107
14815 25000607
14816 25000861
14817 25001479
14818 25005671
14819 25006061
14820 25006573
14821 25011227
14822 25012271
14823 25012279
14824 25012969
14825 25015511
14826 25016071
14827 25016543
14828 25017221
14829 25018187
14830 25019153
14831 25019999
14832 25021279
14833 25028261
14834 25031593
14835 25032929
14836 25035359
14837 25036703
14838 25037939
14839 25038817
14840 25045871
14841 25048421
14842 25050743
14843 25053283
14844 25054709
14845 25056541
14846 25057171
14847 25060463
14848 25060733
14849 25061473
14850 25064111
14851 25064801
14852 25065493
14853 25070341
14854 25071359
14855 25073401
14856 25073771
14857 25076341
14858 25079647
14859 25079797
14860 25080641
14861 25081439
14862 25083503
14863 25084201
14864 25085381
14865 25086283
14866 25086427
14867 25086449
14868 25089439
14869 25094011
14870 25094257
14871 25094749
14872 25095779
14873 25095869
14874 25096963
14875 25098509
14876 25099537
14877 25099807
14878 25100479
14879 25106231
14880 25106701
14881 25107263
14882 25108651
14883 25114829
14884 25119053
14885 25123771
14886 25127429
14887 25128451
14888 25131493
14889 25131749
14890 25132007
14891 25133051
14892 25133651
14893 25134173
14894 25137899
14895 25137949
14896 25141559
14897 25145173
14898 25145917
14899 25147807
14900 25148213
14901 25149283
14902 25153631
14903 25155451
14904 25157617
14905 25159619
14906 25159747
14907 25160383
14908 25162523
14909 25163977
14910 25168411
14911 25173637
14912 25176401
14913 25176649
14914 25177013
14915 25178407
14916 25178539
14917 25178771
14918 25180709
14919 25181911
14920 25182611
14921 25184473
14922 25184729
14923 25185119
14924 25186141
14925 25186619
14926 25188853
14927 25190461
14928 25192229
14929 25193321
14930 25195943
14931 25197299
14932 25198339
14933 25198933
14934 25199189
14935 25199653
14936 25204841
14937 25205161
14938 25205909
14939 25208609
14940 25209071
14941 25214051
14942 25216871
14943 25218541
14944 25218859
14945 25221473
14946 25221839
14947 25222061
14948 25222931
14949 25222979
14950 25230721
14951 25234471
14952 25234501
14953 25241431
14954 25241921
14955 25242793
14956 25245491
14957 25246483
14958 25246889
14959 25246957
14960 25247437
14961 25248337
14962 25250471
14963 25254233
14964 25257209
14965 25257779
14966 25260661
14967 25261097
14968 25264739
14969 25265257
14970 25266247
14971 25269037
14972 25272899
14973 25275427
14974 25276963
14975 25279049
14976 25280939
14977 25287389
14978 25290431
14979 25292749
14980 25296059
14981 25297199
14982 25298017
14983 25299577
14984 25302811
14985 25306741
14986 25307063
14987 25307771
14988 25307801
14989 25308161
14990 25309573
14991 25309979
14992 25320929
14993 25321393
14994 25323997
14995 25325063
14996 25326701
14997 25330351
14998 25331701
14999 25333277
15000 25333471
15001 25336939
15002 25338629
15003 25340561
15004 25340741
15005 25341821
15006 25342253
15007 25343441
15008 25344457
15009 25345889
15010 25347937
15011 25348013
15012 25350539
15013 25351121
15014 25353907
15015 25354447
15016 25358609
15017 25364909
15018 25365283
15019 25368389
15020 25368653
15021 25374607
15022 25374809
15023 25378571
15024 25379239
15025 25380671
15026 25381441
15027 25382293
15028 25383649
15029 25385489
15030 25385669
15031 25388723
15032 25389887
15033 25390201
15034 25390601
15035 25391071
15036 25393769
15037 25394009
15038 25394449
15039 25397257
15040 25399433
15041 25401611
15042 25404241
15043 25406939
15044 25415333
15045 25418251
15046 25420601
15047 25421611
15048 25422791
15049 25425077
15050 25430459
15051 25434491
15052 25434581
15053 25437331
15054 25438871
15055 25442731
15056 25442849
15057 25443949
15058 25449301
15059 25454749
15060 25455151
15061 25455401
15062 25458659
15063 25460759
15064 25465019
15065 25465897
15066 25466009
15067 25466047
15068 25468519
15069 25470839
15070 25475539
15071 25477429
15072 25477609
15073 25477999
15074 25481707
15075 25485491
15076 25486777
15077 25487107
15078 25490789
15079 25490909
15080 25494653
15081 25495199
15082 25496279
15083 25496767
15084 25498813
15085 25500107
15086 25504163
15087 25505351
15088 25506233
15089 25507049
15090 25508729
15091 25510577
15092 25512847
15093 25514557
15094 25516511
15095 25518953
15096 25519853
15097 25522741
15098 25523591
15099 25524071
15100 25526749
15101 25527023
15102 25532911
15103 25533493
15104 25537103
15105 25543313
15106 25544231
15107 25544473
15108 25546853
15109 25549553
15110 25550351
15111 25560077
15112 25560211
15113 25561621
15114 25566439
15115 25571639
15116 25572739
15117 25573859
15118 25574401
15119 25574629
15120 25577329
15121 25578191
15122 25581449
15123 25584149
15124 25586459
15125 25591031
15126 25593121
15127 25594229
15128 25596007
15129 25596371
15130 25596757
15131 25597057
15132 25602821
15133 25603183
15134 25603631
15135 25605059
15136 25605817
15137 25606481
15138 25607437
15139 25612343
15140 25620937
15141 25621901
15142 25622021
15143 25622087
15144 25623673
15145 25625617
15146 25626247
15147 25627729
15148 25628539
15149 25630921
15150 25633351
15151 25634071
15152 25634309
15153 25634383
15154 25634611
15155 25637489
15156 25640249
15157 25643707
15158 25644029
15159 25645679
15160 25647569
15161 25647619
15162 25651531
15163 25652947
15164 25655809
15165 25661071
15166 25661291
15167 25661341
15168 25661501
15169 25661639
15170 25663657
15171 25665071
15172 25665961
15173 25675777
15174 25678969
15175 25680113
15176 25681031
15177 25686319
15178 25688687
15179 25688933
15180 25689187
15181 25698833
15182 25704431
15183 25705441
15184 25706701
15185 25707991
15186 25713637
15187 25717819
15188 25718081
15189 25718317
15190 25719923
15191 25723627
15192 25727047
15193 25729537
15194 25735121
15195 25745887
15196 25746307
15197 25747913
15198 25755479
15199 25757617
15200 25759169
15201 25764961
15202 25768903
15203 25768969
15204 25769533
15205 25771093
15206 25772111
15207 25774447
15208 25776623
15209 25780411
15210 25785979
15211 25786181
15212 25786309
15213 25789553
15214 25791697
15215 25793857
15216 25799677
15217 25801277
15218 25806331
15219 25810271
15220 25815689
15221 25819643
15222 25820261
15223 25824283
15224 25825417
15225 25828993
15226 25830323
15227 25832431
15228 25837159
15229 25839179
15230 25843837
15231 25846159
15232 25846537
15233 25848157
15234 25849853
15235 25853111
15236 25853489
15237 25861349
15238 25862489
15239 25864049
15240 25864537
15241 25866397
15242 25867613
15243 25874983
15244 25878857
15245 25882447
15246 25882627
15247 25890923
15248 25891627
15249 25901441
15250 25902671
15251 25903331
15252 25905371
15253 25905629
15254 25906141
15255 25913101
15256 25914373
15257 25916249
15258 25917011
15259 25919099
15260 25919633
15261 25920413
15262 25923607
15263 25931699
15264 25936139
15265 25940701
15266 25942093
15267 25945027
15268 25945999
15269 25946059
15270 25946857
15271 25949797
15272 25950427
15273 25950511
15274 25952737
15275 25953833
15276 25954777
15277 25956409
15278 25961041
15279 25961171
15280 25961359
15281 25966271
15282 25968653
15283 25969243
15284 25971479
15285 25972207
15286 25973543
15287 25973813
15288 25976597
15289 25977059
15290 25979497
15291 25980457
15292 25981391
15293 25982017
15294 25983359
15295 25983427
15296 25984703
15297 25985171
15298 25991101
15299 25991509
15300 25993787
15301 25997143
15302 25997633
15303 26000017
15304 26004497
15305 26004961
15306 26006501
15307 26011127
15308 26012171
15309 26018063
15310 26019431
15311 26019671
15312 26019727
15313 26021087
15314 26021759
15315 26023463
15316 26025331
15317 26026411
15318 26028413
15319 26028967
15320 26038241
15321 26038973
15322 26039383
15323 26041979
15324 26043197
15325 26046073
15326 26050351
15327 26058719
15328 26059109
15329 26061449
15330 26061551
15331 26063131
15332 26064659
15333 26065111
15334 26066251
15335 26067739
15336 26068927
15337 26069591
15338 26069759
15339 26070461
15340 26071741
15341 26072171
15342 26073451
15343 26074001
15344 26075251
15345 26075341
15346 26076203
15347 26077657
15348 26078753
15349 26080097
15350 26080259
15351 26082457
15352 26089111
15353 26089289
15354 26090849
15355 26090917
15356 26091547
15357 26091907
15358 26092393
15359 26095819
15360 26098117
15361 26098447
15362 26101787
15363 26105477
15364 26106511
15365 26108681
15366 26109583
15367 26110811
15368 26111027
15369 26113511
15370 26115883
15371 26118509
15372 26122351
15373 26123761
15374 26123893
15375 26125949
15376 26126021
15377 26126609
15378 26130563
15379 26137351
15380 26138291
15381 26139359
15382 26139511
15383 26143121
15384 26148113
15385 26150387
15386 26150459
15387 26150741
15388 26151731
15389 26152501
15390 26155331
15391 26155849
15392 26158679
15393 26165213
15394 26167909
15395 26170031
15396 26171609
15397 26172547
15398 26174839
15399 26176411
15400 26180083
15401 26181637
15402 26181907
15403 26185507
15404 26187659
15405 26192471
15406 26193221
15407 26194237
15408 26194327
15409 26194507
15410 26195171
15411 26201261
15412 26205331
15413 26207201
15414 26209829
15415 26210027
15416 26211901
15417 26215187
15418 26217721
15419 26221801
15420 26228459
15421 26231819
15422 26233651
15423 26236829
15424 26237473
15425 26237929
15426 26250911
15427 26251163
15428 26256511
15429 26256809
15430 26257109
15431 26260471
15432 26262211
15433 26263511
15434 26264383
15435 26266619
15436 26269469
15437 26271149
15438 26272061
15439 26272171
15440 26278867
15441 26281531
15442 26282309
15443 26284589
15444 26287777
15445 26290973
15446 26291071
15447 26292719
15448 26295299
15449 26295961
15450 26297099
15451 26298973
15452 26301161
15453 26303813
15454 26303941
15455 26304731
15456 26307899
15457 26308171
15458 26308241
15459 26308649
15460 26309039
15461 26310961
15462 26311511
15463 26316211
15464 26318983
15465 26319739
15466 26326919
15467 26327123
15468 26328739
15469 26329091
15470 26330477
15471 26331353
15472 26333339
15473 26337281
15474 26343451
15475 26345471
15476 26352419
15477 26356747
15478 26357173
15479 26359379
15480 26360249
15481 26368201
15482 26370637
15483 26371223
15484 26373601
15485 26374181
15486 26374963
15487 26375759
15488 26378767
15489 26378857
15490 26381473
15491 26382151
15492 26383589
15493 26384669
15494 26386753
15495 26386777
15496 26388823
15497 26390659
15498 26393669
15499 26396677
15500 26396983
15501 26397001
15502 26398079
15503 26403757
15504 26404561
15505 26404613
15506 26406673
15507 26411459
15508 26415749
15509 26416171
15510 26420501
15511 26422031
15512 26423171
15513 26423429
15514 26426879
15515 26427151
15516 26431211
15517 26431271
15518 26431987
15519 26434829
15520 26436539
15521 26437981
15522 26438407
15523 26444947
15524 26445119
15525 26445919
15526 26450041
15527 26451637
15528 26451967
15529 26452133
15530 26455691
15531 26460073
15532 26460251
15533 26460541
15534 26462701
15535 26463061
15536 26463757
15537 26464507
15538 26464747
15539 26466301
15540 26466709
15541 26468543
15542 26471141
15543 26471639
15544 26476001
15545 26476537
15546 26479169
15547 26482271
15548 26482349
15549 26483047
15550 26483449
15551 26483609
15552 26486149
15553 26486767
15554 26486983
15555 26490599
15556 26490847
15557 26490973
15558 26494933
15559 26495723
15560 26497147
15561 26498467
15562 26501297
15563 26502803
15564 26503871
15565 26504531
15566 26505581
15567 26506241
15568 26508061
15569 26508847
15570 26508869
15571 26511883
15572 26513261
15573 26513519
15574 26513647
15575 26514907
15576 26518411
15577 26521433
15578 26522371
15579 26525819
15580 26527019
15581 26528399
15582 26531261
15583 26531513
15584 26533043
15585 26534527
15586 26536057
15587 26536819
15588 26540351
15589 26540939
15590 26542717
15591 26549129
15592 26550899
15593 26554729
15594 26555083
15595 26555609
15596 26561341
15597 26561749
15598 26566429
15599 26568823
15600 26571331
15601 26580041
15602 26582173
15603 26587969
15604 26589253
15605 26591221
15606 26594011
15607 26595353
15608 26598323
15609 26604493
15610 26607869
15611 26608853
15612 26610841
15613 26612461
15614 26612647
15615 26615161
15616 26616151
15617 26618159
15618 26620651
15619 26622637
15620 26633051
15621 26633071
15622 26633251
15623 26640073
15624 26647429
15625 26652739
15626 26653019
15627 26662897
15628 26664439
15629 26666459
15630 26666527
15631 26667007
15632 26669287
15633 26670113
15634 26673457
15635 26675279
15636 26679253
15637 26682457
15638 26684239
15639 26684989
15640 26685979
15641 26687081
15642 26692571
15643 26694247
15644 26695091
15645 26695813
15646 26697233
15647 26699303
15648 26706517
15649 26707013
15650 26708809
15651 26709833
15652 26710121
15653 26714213
15654 26715203
15655 26717809
15656 26719753
15657 26720159
15658 26726339
15659 26729107
15660 26731829
15661 26736071
15662 26738011
15663 26738983
15664 26740261
15665 26742719
15666 26743237
15667 26746201
15668 26747453
15669 26751511
15670 26755753
15671 26756633
15672 26760131
15673 26762401
15674 26763833
15675 26767259
15676 26768227
15677 26770301
15678 26770769
15679 26771449
15680 26773867
15681 26778949
15682 26780591
15683 26783833
15684 26788009
15685 26790787
15686 26792543
15687 26794181
15688 26797597
15689 26801531
15690 26802161
15691 26803649
15692 26804879
15693 26806301
15694 26809537
15695 26809553
15696 26811101
15697 26812601
15698 26813219
15699 26814157
15700 26815499
15701 26815507
15702 26816407
15703 26819509
15704 26825021
15705 26827733
15706 26828453
15707 26832331
15708 26835071
15709 26841739
15710 26844457
15711 26847427
15712 26848147
15713 26850041
15714 26851963
15715 26853637
15716 26858119
15717 26860321
15718 26866453
15719 26869043
15720 26870933
15721 26871127
15722 26872627
15723 26873129
15724 26873677
15725 26877523
15726 26880653
15727 26882419
15728 26883139
15729 26884019
15730 26887423
15731 26887823
15732 26888657
15733 26890229
15734 26890559
15735 26892409
15736 26893297
15737 26894171
15738 26895457
15739 26897053
15740 26903983
15741 26904629
15742 26906993
15743 26907011
15744 26910721
15745 26913191
15746 26915111
15747 26919049
15748 26920151
15749 26921341
15750 26922131
15751 26926733
15752 26927239
15753 26931539
15754 26932051
15755 26932091
15756 26935379
15757 26936257
15758 26937553
15759 26939197
15760 26939533
15761 26944777
15762 26950589
15763 26954723
15764 26955001
15765 26956297
15766 26958677
15767 26959913
15768 26961299
15769 26964409
15770 26964803
15771 26966623
15772 26966867
15773 26970011
15774 26972833
15775 26973119
15776 26974417
15777 26974897
15778 26976923
15779 26979803
15780 26984119
15781 26984557
15782 26985703
15783 26990059
15784 26991577
15785 26993803
15786 26995043
15787 27000959
15788 27001921
15789 27005761
15790 27006377
15791 27009233
15792 27010541
15793 27012631
15794 27013601
15795 27016541
15796 27019393
15797 27020801
15798 27021451
15799 27023891
15800 27026063
15801 27027503
15802 27034613
15803 27041387
15804 27044593
15805 27046717
15806 27046939
15807 27049181
15808 27052451
15809 27057649
15810 27058439
15811 27058853
15812 27058963
15813 27061873
15814 27064001
15815 27068021
15816 27069071
15817 27070691
15818 27072659
15819 27074213
15820 27074909
15821 27083437
15822 27083659
15823 27086557
15824 27092789
15825 27093151
15826 27095737
15827 27099623
15828 27099803
15829 27106073
15830 27107111
15831 27111677
15832 27112861
15833 27112979
15834 27113813
15835 27118573
15836 27122761
15837 27123571
15838 27123847
15839 27125221
15840 27126811
15841 27127973
15842 27128291
15843 27128947
15844 27130771
15845 27131477
15846 27131521
15847 27138829
15848 27140231
15849 27141511
15850 27143351
15851 27143773
15852 27145973
15853 27148943
15854 27149977
15855 27151837
15856 27155839
15857 27156247
15858 27157093
15859 27164341
15860 27170333
15861 27171541
15862 27174241
15863 27175237
15864 27176843
15865 27178843
15866 27178867
15867 27181807
15868 27183973
15869 27184639
15870 27185311
15871 27185539
15872 27187289
15873 27189577
15874 27190483
15875 27191701
15876 27193679
15877 27196139
15878 27196249
15879 27197129
15880 27198247
15881 27198803
15882 27200773
15883 27200911
15884 27202061
15885 27202823
15886 27203387
15887 27204041
15888 27207637
15889 27208889
15890 27208919
15891 27211573
15892 27211913
15893 27212051
15894 27212651
15895 27213041
15896 27213931
15897 27213937
15898 27214651
15899 27215171
15900 27215423
15901 27220441
15902 27220979
15903 27222241
15904 27223271
15905 27223709
15906 27224371
15907 27226261
15908 27227749
15909 27228371
15910 27229589
15911 27230941
15912 27231751
15913 27234859
15914 27235223
15915 27235711
15916 27239159
15917 27240131
15918 27243101
15919 27245473
15920 27245929
15921 27249491
15922 27252611
15923 27253483
15924 27255401
15925 27255649
15926 27258853
15927 27260339
15928 27263983
15929 27264151
15930 27264607
15931 27268027
15932 27270077
15933 27270251
15934 27273203
15935 27275041
15936 27279281
15937 27281707
15938 27282517
15939 27287497
15940 27288049
15941 27289903
15942 27291337
15943 27294529
15944 27297191
15945 27298253
15946 27299047
15947 27303883
15948 27304987
15949 27307939
15950 27309203
15951 27309281
15952 27309719
15953 27314401
15954 27314681
15955 27316391
15956 27316759
15957 27319181
15958 27321809
15959 27322271
15960 27325957
15961 27326071
15962 27326303
15963 27327991
15964 27329539
15965 27333301
15966 27333907
15967 27335383
15968 27336689
15969 27338917
15970 27340349
15971 27340921
15972 27347557
15973 27348697
15974 27349867
15975 27350621
15976 27353033
15977 27353819
15978 27356081
15979 27356401
15980 27357349
15981 27360451
15982 27360901
15983 27362701
15984 27366727
15985 27367933
15986 27372203
15987 27372689
15988 27374227
15989 27374681
15990 27375877
15991 27376199
15992 27376537
15993 27378049
15994 27382657
15995 27383557
15996 27384211
15997 27384817
15998 27387823
15999 27390991
16000 27392557
16001 27396139
16002 27398803
16003 27399433
16004 27400151
16005 27405509
16006 27406559
16007 27408599
16008 27411401
16009 27411809
16010 27412471
16011 27413993
16012 27414161
16013 27414419
16014 27418301
16015 27419429
16016 27419647
16017 27422177
16018 27422737
16019 27425257
16020 27433403
16021 27437171
16022 27441581
16023 27441811
16024 27441899
16025 27442957
16026 27443749
16027 27444283
16028 27447529
16029 27448933
16030 27450547
16031 27450967
16032 27452617
16033 27455009
16034 27463031
16035 27465547
16036 27468359
16037 27472273
16038 27473081
16039 27474833
16040 27476017
16041 27479119
16042 27480151
16043 27480559
16044 27481109
16045 27481529
16046 27487567
16047 27490349
16048 27492121
16049 27494381
16050 27498143
16051 27498587
16052 27500723
16053 27502451
16054 27502529
16055 27505759
16056 27506231
16057 27506879
16058 27507869
16059 27510719
16060 27514801
16061 27520231
16062 27520541
16063 27521513
16064 27524383
16065 27524527
16066 27527173
16067 27528301
16068 27535709
16069 27536609
16070 27541739
16071 27548617
16072 27550571
16073 27550799
16074 27553871
16075 27565357
16076 27567359
16077 27571013
16078 27576643
16079 27580093
16080 27583519
16081 27584587
16082 27586297
16083 27587843
16084 27592049
16085 27592379
16086 27597457
16087 27603077
16088 27607231
16089 27609389
16090 27614381
16091 27615359
16092 27615373
16093 27617971
16094 27618389
16095 27619957
16096 27621211
16097 27622481
16098 27626719
16099 27627491
16100 27628609
16101 27629309
16102 27635917
16103 27638101
16104 27639179
16105 27641617
16106 27642247
16107 27642973
16108 27646753
16109 27648157
16110 27649697
16111 27650521
16112 27657029
16113 27660629
16114 27661507
16115 27663329
16116 27664111
16117 27664199
16118 27665129
16119 27671041
16120 27673207
16121 27673339
16122 27677557
16123 27677597
16124 27680759
16125 27681877
16126 27689839
16127 27690073
16128 27693179
16129 27697177
16130 27699467
16131 27700501
16132 27703241
16133 27703261
16134 27703717
16135 27705421
16136 27709001
16137 27710171
16138 27711301
16139 27717031
16140 27717923
16141 27721973
16142 27722789
16143 27723919
16144 27725953
16145 27727537
16146 27728347
16147 27731929
16148 27732421
16149 27732427
16150 27735671
16151 27738553
16152 27740431
16153 27751019
16154 27751459
16155 27751781
16156 27754933
16157 27755989
16158 27757853
16159 27759503
16160 27760417
16161 27760657
16162 27761401
16163 27763447
16164 27764963
16165 27766507
16166 27767867
16167 27770339
16168 27774623
16169 27780307
16170 27782723
16171 27785243
16172 27792001
16173 27794069
16174 27794119
16175 27803161
16176 27804559
16177 27805859
16178 27806021
16179 27806953
16180 27809017
16181 27810077
16182 27810329
16183 27811151
16184 27811403
16185 27815719
16186 27817469
16187 27818633
16188 27819713
16189 27823349
16190 27825983
16191 27826913
16192 27827497
16193 27831607
16194 27831847
16195 27833171
16196 27835519
16197 27848333
16198 27849071
16199 27849967
16200 27851489
16201 27856253
16202 27858587
16203 27867857
16204 27871159
16205 27881767
16206 27881897
16207 27887297
16208 27890587
16209 27902521
16210 27903119
16211 27908107
16212 27910061
16213 27914489
16214 27915907
16215 27916249
16216 27916843
16217 27918337
16218 27919019
16219 27922091
16220 27922819
16221 27927157
16222 27928091
16223 27929287
16224 27930719
16225 27935653
16226 27940301
16227 27944897
16228 27946969
16229 27947137
16230 27947713
16231 27951653
16232 27956171
16233 27958487
16234 27965753
16235 27966097
16236 27966787
16237 27967403
16238 27968903
16239 27972643
16240 27973657
16241 27973943
16242 27977233
16243 27981487
16244 27982543
16245 27982853
16246 27983687
16247 27986033
16248 27987667
16249 27991219
16250 27993677
16251 27994027
16252 27997703
16253 27997891
16254 28000949
16255 28002743
16256 28002749
16257 28004297
16258 28005641
16259 28005713
16260 28005841
16261 28008059
16262 28009139
16263 28010597
16264 28013851
16265 28016959
16266 28020659
16267 28023221
16268 28024471
16269 28025849
16270 28026749
16271 28028321
16272 28030829
16273 28034423
16274 28034621
16275 28036171
16276 28037381
16277 28037549
16278 28040893
16279 28043131
16280 28043849
16281 28045261
16282 28047023
16283 28047829
16284 28048417
16285 28049809
16286 28050461
16287 28058081
16288 28058221
16289 28060073
16290 28062239
16291 28063043
16292 28068419
16293 28071059
16294 28071907
16295 28074757
16296 28075549
16297 28076137
16298 28076753
16299 28077349
16300 28077853
16301 28080659
16302 28080673
16303 28080967
16304 28085753
16305 28087139
16306 28087429
16307 28091501
16308 28094887
16309 28095923
16310 28097347
16311 28098643
16312 28100551
16313 28101673
16314 28102601
16315 28107301
16316 28109051
16317 28109141
16318 28114873
16319 28116211
16320 28116701
16321 28117351
16322 28117357
16323 28118611
16324 28122421
16325 28122571
16326 28123619
16327 28123859
16328 28129853
16329 28130231
16330 28135021
16331 28136123
16332 28139977
16333 28140803
16334 28141031
16335 28144481
16336 28149071
16337 28152211
16338 28153313
16339 28153889
16340 28154701
16341 28154879
16342 28156181
16343 28156417
16344 28159519
16345 28161509
16346 28162357
16347 28163459
16348 28163699
16349 28163929
16350 28170059
16351 28173757
16352 28175971
16353 28176479
16354 28177021
16355 28179427
16356 28180601
16357 28182421
16358 28185259
16359 28187527
16360 28193579
16361 28195379
16362 28198057
16363 28198343
16364 28199137
16365 28199623
16366 28202831
16367 28204871
16368 28206361
16369 28208819
16370 28209359
16371 28209421
16372 28213253
16373 28213921
16374 28220383
16375 28221911
16376 28223551
16377 28223593
16378 28223801
16379 28224583
16380 28225829
16381 28226291
16382 28226929
16383 28228093
16384 28232153
16385 28233059
16386 28236119
16387 28241821
16388 28242301
16389 28244309
16390 28248239
16391 28253521
16392 28255459
16393 28259437
16394 28260329
16395 28261421
16396 28263539
16397 28267111
16398 28269029
16399 28269803
16400 28271699
16401 28273051
16402 28275509
16403 28276571
16404 28278409
16405 28278487
16406 28278713
16407 28282927
16408 28284439
16409 28284637
16410 28289777
16411 28290151
16412 28292609
16413 28293581
16414 28293697
16415 28297019
16416 28297309
16417 28301761
16418 28308869
16419 28309871
16420 28310273
16421 28310431
16422 28310903
16423 28311757
16424 28313977
16425 28314521
16426 28316437
16427 28316929
16428 28318349
16429 28319539
16430 28321471
16431 28321619
16432 28321721
16433 28322771
16434 28323077
16435 28324139
16436 28326919
16437 28327837
16438 28328771
16439 28330921
16440 28333889
16441 28340083
16442 28341503
16443 28343071
16444 28343219
16445 28343729
16446 28345417
16447 28348049
16448 28349059
16449 28349219
16450 28350859
16451 28351313
16452 28356101
16453 28357379
16454 28357753
16455 28359007
16456 28362559
16457 28363019
16458 28369853
16459 28371241
16460 28372051
16461 28374529
16462 28375469
16463 28379467
16464 28379713
16465 28380113
16466 28380607
16467 28385437
16468 28385459
16469 28386887
16470 28389877
16471 28391249
16472 28394617
16473 28395713
16474 28400893
16475 28404143
16476 28404721
16477 28406839
16478 28407193
16479 28408057
16480 28411927
16481 28413031
16482 28413491
16483 28415983
16484 28419211
16485 28422161
16486 28429823
16487 28432559
16488 28432711
16489 28433039
16490 28433473
16491 28435657
16492 28435859
16493 28436917
16494 28438001
16495 28440491
16496 28440583
16497 28441319
16498 28442101
16499 28442929
16500 28443829
16501 28444837
16502 28445401
16503 28447571
16504 28448437
16505 28452209
16506 28452427
16507 28452757
16508 28453459
16509 28454021
16510 28460501
16511 28462691
16512 28465807
16513 28467797
16514 28470283
16515 28470847
16516 28472449
16517 28479323
16518 28480019
16519 28487153
16520 28488457
16521 28490041
16522 28490083
16523 28491301
16524 28492687
16525 28494553
16526 28495633
16527 28497613
16528 28498513
16529 28498999
16530 28502171
16531 28502371
16532 28502827
16533 28503011
16534 28509457
16535 28514071
16536 28516013
16537 28517399
16538 28518547
16539 28518727
16540 28518907
16541 28520221
16542 28520551
16543 28521673
16544 28523213
16545 28524193
16546 28526249
16547 28530251
16548 28530839
16549 28531537
16550 28532039
16551 28532611
16552 28534981
16553 28536329
16554 28540511
16555 28541213
16556 28541341
16557 28543439
16558 28545259
16559 28546409
16560 28547459
16561 28548607
16562 28550909
16563 28551157
16564 28552897
16565 28558877
16566 28559933
16567 28566269
16568 28568159
16569 28571449
16570 28573469
16571 28577777
16572 28580933
16573 28581239
16574 28582159
16575 28583857
16576 28585657
16577 28586423
16578 28590833
16579 28591571
16580 28593007
16581 28595227
16582 28600097
16583 28605113
16584 28610773
16585 28611721
16586 28612393
16587 28614601
16588 28619743
16589 28621171
16590 28621393
16591 28622123
16592 28623449
16593 28625629
16594 28625843
16595 28626457
16596 28626907
16597 28627733
16598 28630621
16599 28632311
16600 28634003
16601 28634401
16602 28634737
16603 28637347
16604 28640947
16605 28642657
16606 28643359
16607 28643647
16608 28646633
16609 28650449
16610 28651321
16611 28661539
16612 28662031
16613 28665409
16614 28667623
16615 28668949
16616 28678667
16617 28679543
16618 28680389
16619 28683089
16620 28683371
16621 28684853
16622 28684969
16623 28688633
16624 28689971
16625 28695307
16626 28696643
16627 28707817
16628 28710727
16629 28711043
16630 28713359
16631 28719623
16632 28721659
16633 28727189
16634 28728191
16635 28731517
16636 28732411
16637 28742629
16638 28744999
16639 28751609
16640 28752259
16641 28752709
16642 28760131
16643 28761659
16644 28762379
16645 28763239
16646 28765057
16647 28765657
16648 28767743
16649 28768951
16650 28772833
16651 28775287
16652 28778941
16653 28782409
16654 28782979
16655 28784843
16656 28786397
16657 28788979
16658 28790857
16659 28790989
16660 28793287
16661 28795133
16662 28795397
16663 28795597
16664 28795867
16665 28800817
16666 28802857
16667 28803869
16668 28809733
16669 28809997
16670 28811071
16671 28811891
16672 28814003
16673 28815529
16674 28816379
16675 28820347
16676 28820471
16677 28823317
16678 28825469
16679 28826723
16680 28829029
16681 28829443
16682 28831141
16683 28834199
16684 28837507
16685 28837943
16686 28838353
16687 28841887
16688 28843481
16689 28844707
16690 28845353
16691 28847353
16692 28853527
16693 28853543
16694 28857053
16695 28860817
16696 28861289
16697 28862101
16698 28862963
16699 28865803
16700 28869223
16701 28869931
16702 28870339
16703 28871767
16704 28872553
16705 28873297
16706 28876009
16707 28876597
16708 28879387
16709 28882703
16710 28882787
16711 28884697
16712 28887773
16713 28890359
16714 28890643
16715 28903871
16716 28904809
16717 28906027
16718 28906117
16719 28906627
16720 28909039
16721 28910293
16722 28913407
16723 28913579
16724 28917443
16725 28920371
16726 28921237
16727 28921273
16728 28922827
16729 28925129
16730 28929413
16731 28930091
16732 28930301
16733 28930639
16734 28931827
16735 28932983
16736 28934677
16737 28935623
16738 28937603
16739 28945253
16740 28946933
16741 28947053
16742 28949477
16743 28949677
16744 28949857
16745 28951199
16746 28952017
16747 28957223
16748 28960993
16749 28962209
16750 28967903
16751 28968829
16752 28973209
16753 28974343
16754 28976567
16755 28979551
16756 28981969
16757 28984009
16758 28991227
16759 28996477
16760 28997861
16761 28999403
16762 29001871
16763 29002553
16764 29002801
16765 29004719
16766 29005271
16767 29005523
16768 29008223
16769 29008829
16770 29011351
16771 29011649
16772 29014873
16773 29015711
16774 29015731
16775 29016077
16776 29017133
16777 29019311
16778 29022809
16779 29023271
16780 29027983
16781 29029411
16782 29032343
16783 29036701
16784 29037191
16785 29039047
16786 29040793
16787 29044061
16788 29044739
16789 29045011
16790 29047507
16791 29053021
16792 29055629
16793 29057519
16794 29058529
16795 29060333
16796 29062829
16797 29065237
16798 29070073
16799 29073193
16800 29075041
16801 29077339
16802 29077823
16803 29088049
16804 29088797
16805 29091247
16806 29094853
16807 29095999
16808 29101829
16809 29104451
16810 29107201
16811 29111549
16812 29111639
16813 29113657
16814 29116481
16815 29116849
16816 29117293
16817 29118511
16818 29120543
16819 29121821
16820 29122097
16821 29122619
16822 29124727
16823 29125331
16824 29125351
16825 29126129
16826 29128237
16827 29130511
16828 29132977
16829 29133899
16830 29137781
16831 29151361
16832 29154421
16833 29156009
16834 29157697
16835 29159617
16836 29165041
16837 29167207
16838 29168903
16839 29171321
16840 29172401
16841 29173589
16842 29175709
16843 29181869
16844 29183227
16845 29186419
16846 29186767
16847 29190221
16848 29193961
16849 29194973
16850 29197523
16851 29198009
16852 29209013
16853 29209501
16854 29209769
16855 29210477
16856 29210633
16857 29213827
16858 29214233
16859 29214631
16860 29217607
16861 29218439
16862 29219083
16863 29225879
16864 29230031
16865 29233559
16866 29234039
16867 29237647
16868 29240243
16869 29240371
16870 29241701
16871 29243857
16872 29245897
16873 29246429
16874 29247709
16875 29249107
16876 29249279
16877 29249543
16878 29249923
16879 29250301
16880 29250451
16881 29253689
16882 29254273
16883 29258617
16884 29261549
16885 29262809
16886 29264171
16887 29268319
16888 29269129
16889 29270611
16890 29272499
16891 29273003
16892 29273131
16893 29274727
16894 29278723
16895 29281897
16896 29282359
16897 29282843
16898 29284627
16899 29286409
16900 29289059
16901 29291809
16902 29293409
16903 29295269
16904 29295533
16905 29298697
16906 29301551
16907 29302277
16908 29303063
16909 29307953
16910 29315749
16911 29317273
16912 29318753
16913 29319127
16914 29321423
16915 29326943
16916 29327933
16917 29328581
16918 29329207
16919 29331541
16920 29332049
16921 29337389
16922 29338571
16923 29340071
16924 29343311
16925 29343973
16926 29346389
16927 29350261
16928 29350973
16929 29351071
16930 29352119
16931 29352809
16932 29353057
16933 29354047
16934 29354629
16935 29356289
16936 29364943
16937 29368109
16938 29368237
16939 29370421
16940 29372669
16941 29373727
16942 29378137
16943 29380619
16944 29381021
16945 29383229
16946 29386237
16947 29386453
16948 29388127
16949 29389757
16950 29390579
16951 29391073
16952 29392199
16953 29393633
16954 29395813
16955 29396407
16956 29396557
16957 29400793
16958 29400911
16959 29401321
16960 29402759
16961 29403211
16962 29403547
16963 29404481
16964 29405251
16965 29409727
16966 29410141
16967 29410921
16968 29414521
16969 29416109
16970 29417317
16971 29420159
16972 29420551
16973 29421419
16974 29423231
16975 29429723
16976 29431261
16977 29431807
16978 29431889
16979 29432891
16980 29433221
16981 29433779
16982 29434529
16983 29435719
16984 29437229
16985 29437339
16986 29437867
16987 29438653
16988 29440717
16989 29441617
16990 29442689
16991 29442739
16992 29447309
16993 29450101
16994 29452183
16995 29452271
16996 29454419
16997 29457667
16998 29458057
16999 29462137
17000 29462317
17001 29463073
17002 29463569
17003 29467147
17004 29468533
17005 29468557
17006 29470549
17007 29472389
17008 29473357
17009 29473429
17010 29473643
17011 29474587
17012 29475623
17013 29477009
17014 29478767
17015 29480993
17016 29485903
17017 29491001
17018 29493973
17019 29496127
17020 29501063
17021 29501513
17022 29507407
17023 29508491
17024 29508509
17025 29513839
17026 29515327
17027 29518823
17028 29523629
17029 29524031
17030 29525887
17031 29530021
17032 29532331
17033 29539633
17034 29546707
17035 29547281
17036 29548969
17037 29554627
17038 29554913
17039 29555039
17040 29557019
17041 29559697
17042 29560301
17043 29561809
17044 29563021
17045 29566039
17046 29566813
17047 29568767
17048 29571349
17049 29572201
17050 29573437
17051 29577367
17052 29581823
17053 29581973
17054 29585623
17055 29589557
17056 29590537
17057 29593327
17058 29594137
17059 29595233
17060 29602571
17061 29604023
17062 29605091
17063 29611531
17064 29613113
17065 29615629
17066 29620889
17067 29621699
17068 29621819
17069 29622191
17070 29626537
17071 29632091
17072 29633843
17073 29640427
17074 29641109
17075 29641943
17076 29642647
17077 29645617
17078 29646179
17079 29646269
17080 29647147
17081 29651201
17082 29653289
17083 29653823
17084 29654587
17085 29656219
17086 29656633
17087 29656657
17088 29657209
17089 29657959
17090 29660249
17091 29662597
17092 29664953
17093 29667019
17094 29670659
17095 29672347
17096 29673733
17097 29676697
17098 29680111
17099 29685787
17100 29686043
17101 29687929
17102 29691553
17103 29691757
17104 29697919
17105 29703599
17106 29704781
17107 29705887
17108 29709887
17109 29711749
17110 29713181
17111 29713589
17112 29717239
17113 29718797
17114 29719633
17115 29721649
17116 29723339
17117 29726369
17118 29727979
17119 29732887
17120 29733037
17121 29735039
17122 29736229
17123 29736517
17124 29736643
17125 29739217
17126 29740031
17127 29740349
17128 29742491
17129 29744989
17130 29745007
17131 29745953
17132 29746903
17133 29750009
17134 29751569
17135 29752609
17136 29753527
17137 29754229
17138 29756009
17139 29762059
17140 29762617
17141 29766923
17142 29771723
17143 29772397
17144 29774467
17145 29776177
17146 29779523
17147 29783407
17148 29788763
17149 29792603
17150 29796023
17151 29798287
17152 29798591
17153 29801659
17154 29804041
17155 29804311
17156 29804737
17157 29809057
17158 29820953
17159 29822173
17160 29822753
17161 29823127
17162 29824733
17163 29825347
17164 29826157
17165 29827271
17166 29827507
17167 29829983
17168 29831003
17169 29831449
17170 29838217
17171 29839333
17172 29841547
17173 29842777
17174 29843923
17175 29849657
17176 29850059
17177 29851687
17178 29852897
17179 29858693
17180 29859919
17181 29860249
17182 29862757
17183 29864209
17184 29865127
17185 29866951
17186 29868863
17187 29870857
17188 29876851
17189 29878187
17190 29878477
17191 29884087
17192 29884333
17193 29885033
17194 29886133
17195 29887103
17196 29888591
17197 29889851
17198 29892523
17199 29894107
17200 29895403
17201 29898097
17202 29899357
17203 29900071
17204 29900293
17205 29905609
17206 29910421
17207 29914733
17208 29919059
17209 29919767
17210 29921399
17211 29921401
17212 29921737
17213 29923753
17214 29928053
17215 29928253
17216 29929597
17217 29930737
17218 29931637
17219 29935523
17220 29936843
17221 29938423
17222 29939167
17223 29939543
17224 29940121
17225 29940727
17226 29947487
17227 29955743
17228 29968123
17229 29968343
17230 29970487
17231 29973833
17232 29974643
17233 29975167
17234 29977853
17235 29982833
17236 29983117
17237 29985829
17238 29987483
17239 29987861
17240 29992009
17241 29994023
17242 29996513
17243 29996731
17244 29998621
17245 30000337
17246 30002009
17247 30002627
17248 30004027
17249 30004319
17250 30008773
17251 30012617
17252 30015571
17253 30019061
17254 30021037
17255 30023327
17256 30024571
17257 30024979
17258 30026027
17259 30027541
17260 30029431
17261 30030419
17262 30030677
17263 30031207
17264 30032309
17265 30033007
17266 30039371
17267 30039623
17268 30054749
17269 30055841
17270 30059917
17271 30062371
17272 30068173
17273 30069521
17274 30070969
17275 30073621
17276 30075131
17277 30075937
17278 30077401
17279 30078031
17280 30078721
17281 30079481
17282 30080441
17283 30082421
17284 30083561
17285 30083969
17286 30085361
17287 30085703
17288 30089789
17289 30098963
17290 30099193
17291 30108671
17292 30111527
17293 30116687
17294 30119231
17295 30121579
17296 30125999
17297 30128521
17298 30130007
17299 30130999
17300 30131561
17301 30137561
17302 30138041
17303 30139097
17304 30142361
17305 30148093
17306 30162631
17307 30163841
17308 30164671
17309 30165601
17310 30165931
17311 30169049
17312 30169241
17313 30171451
17314 30171871
17315 30172661
17316 30174533
17317 30176591
17318 30178481
17319 30180077
17320 30182723
17321 30187711
17322 30193987
17323 30194441
17324 30198283
17325 30198373
17326 30198601
17327 30201217
17328 30203941
17329 30204887
17330 30205361
17331 30206711
17332 30208397
17333 30210617
17334 30215551
17335 30216107
17336 30217441
17337 30219197
17338 30222931
17339 30228571
17340 30230297
17341 30236051
17342 30236903
17343 30239939
17344 30241741
17345 30242777
17346 30247927
17347 30248461
17348 30253801
17349 30258211
17350 30261521
17351 30261839
17352 30263633
17353 30265523
17354 30267631
17355 30268573
17356 30270671
17357 30270901
17358 30276811
17359 30278471
17360 30281431
17361 30282841
17362 30284593
17363 30285901
17364 30289109
17365 30290473
17366 30291623
17367 30291883
17368 30292411
17369 30292747
17370 30293591
17371 30295919
17372 30295973
17373 30299629
17374 30307649
17375 30310409
17376 30313271
17377 30317543
17378 30322541
17379 30324989
17380 30325751
17381 30326477
17382 30327443
17383 30328231
17384 30330379
17385 30331097
17386 30331783
17387 30331921
17388 30336377
17389 30337271
17390 30338111
17391 30338603
17392 30347221
17393 30347917
17394 30349849
17395 30352739
17396 30356603
17397 30356959
17398 30357451
17399 30362341
17400 30362819
17401 30366073
17402 30366631
17403 30367229
17404 30371893
17405 30373561
17406 30377033
17407 30377129
17408 30381443
17409 30391321
17410 30392711
17411 30394391
17412 30394807
17413 30395051
17414 30395251
17415 30397943
17416 30405721
17417 30406373
17418 30407071
17419 30407761
17420 30408881
17421 30412721
17422 30417571
17423 30420317
17424 30420751
17425 30424531
17426 30425411
17427 30427051
17428 30433463
17429 30433829
17430 30434231
17431 30442861
17432 30445231
17433 30445501
17434 30446441
17435 30450473
17436 30450743
17437 30452761
17438 30455801
17439 30457151
17440 30461831
17441 30463259
17442 30466049
17443 30466537
17444 30467303
17445 30468247
17446 30469057
17447 30470543
17448 30473731
17449 30477739
17450 30479737
17451 30484049
17452 30489031
17453 30489149
17454 30494473
17455 30496507
17456 30497003
17457 30498659
17458 30507241
17459 30508349
17460 30509519
17461 30512593
17462 30513451
17463 30518641
17464 30523751
17465 30524141
17466 30529021
17467 30529357
17468 30530971
17469 30532951
17470 30538559
17471 30544183
17472 30545731
17473 30545773
17474 30546143
17475 30553921
17476 30554959
17477 30558449
17478 30561131
17479 30561551
17480 30563041
17481 30563177
17482 30566381
17483 30568103
17484 30572821
17485 30573583
17486 30577853
17487 30579709
17488 30584381
17489 30593383
17490 30596359
17491 30596771
17492 30597509
17493 30601721
17494 30604571
17495 30607183
17496 30607859
17497 30609521
17498 30612251
17499 30612811
17500 30614477
17501 30615331
17502 30618271
17503 30623521
17504 30624151
17505 30630497
17506 30630851
17507 30631487
17508 30632321
17509 30634277
17510 30636901
17511 30643693
17512 30647231
17513 30648427
17514 30648847
17515 30649859
17516 30653221
17517 30653939
17518 30655601
17519 30657191
17520 30661031
17521 30663161
17522 30665857
17523 30666001
17524 30670259
17525 30671041
17526 30672101
17527 30672493
17528 30673537
17529 30678961
17530 30682441
17531 30685819
17532 30686449
17533 30687121
17534 30690701
17535 30690817
17536 30695827
17537 30696923
17538 30701911
17539 30702923
17540 30704903
17541 30711361
17542 30711833
17543 30712571
17544 30714511
17545 30715831
17546 30718223
17547 30718957
17548 30721511
17549 30723533
17550 30723937
17551 30723997
17552 30724709
17553 30725351
17554 30732131
17555 30732809
17556 30735053
17557 30736241
17558 30737101
17559 30738973
17560 30739871
17561 30742693
17562 30743849
17563 30746341
17564 30748589
17565 30751741
17566 30754021
17567 30755929
17568 30756449
17569 30757031
17570 30760343
17571 30768121
17572 30768853
17573 30769139
17574 30776797
17575 30781319
17576 30782383
17577 30785173
17578 30787111
17579 30790801
17580 30791701
17581 30794591
17582 30797017
17583 30798953
17584 30800531
17585 30801989
17586 30802007
17587 30804311
17588 30804911
17589 30805361
17590 30805741
17591 30810107
17592 30812549
17593 30817403
17594 30818341
17595 30819601
17596 30819829
17597 30820421
17598 30820661
17599 30822791
17600 30823651
17601 30824681
17602 30824939
17603 30825583
17604 30826409
17605 30827123
17606 30830903
17607 30832927
17608 30833423
17609 30836321
17610 30838859
17611 30839737
17612 30841211
17613 30841523
17614 30844973
17615 30850031
17616 30851063
17617 30851641
17618 30852583
17619 30853357
17620 30854101
17621 30857557
17622 30858101
17623 30858727
17624 30859481
17625 30859979
17626 30863101
17627 30864023
17628 30864209
17629 30867217
17630 30867439
17631 30869039
17632 30869347
17633 30871739
17634 30876457
17635 30876983
17636 30878459
17637 30882157
17638 30883327
17639 30889169
17640 30889181
17641 30889433
17642 30897577
17643 30898169
17644 30903287
17645 30906419
17646 30906983
17647 30907001
17648 30908749
17649 30915457
17650 30915817
17651 30916229
17652 30922361
17653 30923177
17654 30928327
17655 30929401
17656 30929519
17657 30929809
17658 30930041
17659 30931073
17660 30934511
17661 30935459
17662 30936599
17663 30937051
17664 30939653
17665 30941759
17666 30942239
17667 30942749
17668 30948149
17669 30961313
17670 30961319
17671 30963809
17672 30967049
17673 30967933
17674 30968437
17675 30976207
17676 30979523
17677 30982657
17678 30985753
17679 30987337
17680 30991091
17681 30991183
17682 30993073
17683 30994289
17684 30996029
17685 30996803
17686 30999767
17687 31017541
17688 31021517
17689 31023007
17690 31023227
17691 31026833
17692 31028051
17693 31030487
17694 31033853
17695 31038173
17696 31041979
17697 31042279
17698 31044701
17699 31047959
17700 31050137
17701 31050661
17702 31053761
17703 31054553
17704 31057361
17705 31059239
17706 31062107
17707 31065241
17708 31067221
17709 31068721
17710 31069939
17711 31071107
17712 31071941
17713 31072351
17714 31073453
17715 31075097
17716 31075651
17717 31075703
17718 31076977
17719 31077929
17720 31078441
17721 31079987
17722 31081643
17723 31081951
17724 31085609
17725 31086901
17726 31089371
17727 31095413
17728 31098629
17729 31100177
17730 31100717
17731 31101671
17732 31104979
17733 31106683
17734 31107673
17735 31112897
17736 31113371
17737 31117061
17738 31117739
17739 31120577
17740 31121039
17741 31121963
17742 31126241
17743 31127549
17744 31127851
17745 31130507
17746 31136543
17747 31137061
17748 31140029
17749 31141961
17750 31142731
17751 31148177
17752 31148911
17753 31149211
17754 31150811
17755 31150921
17756 31150949
17757 31152839
17758 31153823
17759 31155847
17760 31156921
17761 31157849
17762 31159049
17763 31159511
17764 31162661
17765 31162771
17766 31163273
17767 31166911
17768 31168447
17769 31168559
17770 31169549
17771 31169707
17772 31171331
17773 31173959
17774 31180861
17775 31183259
17776 31184371
17777 31191539
17778 31192873
17779 31193959
17780 31195649
17781 31206587
17782 31208729
17783 31211561
17784 31220219
17785 31220941
17786 31226411
17787 31226651
17788 31226851
17789 31229063
17790 31230371
17791 31231561
17792 31234823
17793 31237709
17794 31240763
17795 31244651
17796 31245997
17797 31248073
17798 31250771
17799 31252861
17800 31257251
17801 31259699
17802 31260721
17803 31262411
17804 31264451
17805 31265249
17806 31276061
17807 31276403
17808 31277101
17809 31277347
17810 31278119
17811 31283311
17812 31285021
17813 31285711
17814 31288259
17815 31292171
17816 31294649
17817 31295471
17818 31303277
17819 31306421
17820 31306577
17821 31308997
17822 31310561
17823 31313551
17824 31317197
17825 31317751
17826 31318349
17827 31319513
17828 31326571
17829 31327987
17830 31334411
17831 31335449
17832 31336439
17833 31336523
17834 31336901
17835 31341071
17836 31342957
17837 31343909
17838 31345121
17839 31353359
17840 31354657
17841 31356329
17842 31357889
17843 31369439
17844 31373171
17845 31376857
17846 31377601
17847 31380287
17848 31382339
17849 31386919
17850 31389923
17851 31391131
17852 31395241
17853 31395779
17854 31400651
17855 31402097
17856 31403117
17857 31408439
17858 31413743
17859 31416461
17860 31418441
17861 31419413
17862 31423331
17863 31429441
17864 31429807
17865 31433761
17866 31439383
17867 31439701
17868 31441331
17869 31445221
17870 31446011
17871 31447043
17872 31452173
17873 31452539
17874 31452623
17875 31455239
17876 31455701
17877 31457039
17878 31457929
17879 31459321
17880 31459853
17881 31460549
17882 31460851
17883 31461791
17884 31466549
17885 31472131
17886 31472773
17887 31472849
17888 31474801
17889 31476283
17890 31485001
17891 31490461
17892 31490917
17893 31491659
17894 31496917
17895 31498469
17896 31505473
17897 31505633
17898 31505741
17899 31506311
17900 31508647
17901 31509817
17902 31512017
17903 31517441
17904 31518457
17905 31525783
17906 31533571
17907 31539971
17908 31540979
17909 31541633
17910 31542359
17911 31542911
17912 31543691
17913 31544153
17914 31546759
17915 31555571
17916 31557881
17917 31558013
17918 31558529
17919 31559317
17920 31559771
17921 31560731
17922 31561093
17923 31562423
17924 31562441
17925 31565291
17926 31565929
17927 31566449
17928 31567729
17929 31569569
17930 31570873
17931 31571821
17932 31574303
17933 31576411
17934 31577131
17935 31581983
17936 31583857
17937 31584373
17938 31586311
17939 31587877
17940 31590583
17941 31594729
17942 31596709
17943 31598381
17944 31600693
17945 31608817
17946 31617503
17947 31617631
17948 31619501
17949 31624613
17950 31626899
17951 31626967
17952 31630751
17953 31632571
17954 31632883
17955 31633859
17956 31636889
17957 31637699
17958 31638427
17959 31645021
17960 31650757
17961 31651783
17962 31652371
17963 31653059
17964 31655161
17965 31657091
17966 31658359
17967 31661821
17968 31666507
17969 31668653
17970 31670801
17971 31671583
17972 31672889
17973 31673123
17974 31674373
17975 31675837
17976 31676759
17977 31679903
17978 31680301
17979 31684273
17980 31684529
17981 31684781
17982 31685221
17983 31687339
17984 31688543
17985 31689443
17986 31690331
17987 31690717
17988 31694809
17989 31705693
17990 31705987
17991 31710743
17992 31712459
17993 31721477
17994 31723949
17995 31725899
17996 31727947
17997 31730477
17998 31730549
17999 31732187
18000 31733731
18001 31741741
18002 31742647
18003 31744441
18004 31744481
18005 31744957
18006 31745011
18007 31745141
18008 31747091
18009 31747327
18010 31747747
18011 31747871
18012 31748917
18013 31751711
18014 31754161
18015 31762421
18016 31763707
18017 31764757
18018 31767059
18019 31771627
18020 31772891
18021 31776907
18022 31780537
18023 31781051
18024 31781839
18025 31782559
18026 31784993
18027 31786201
18028 31790611
18029 31791829
18030 31793539
18031 31800541
18032 31801841
18033 31802831
18034 31803661
18035 31806211
18036 31806581
18037 31809511
18038 31809847
18039 31809959
18040 31811651
18041 31812751
18042 31814171
18043 31815431
18044 31815493
18045 31815727
18046 31816601
18047 31816957
18048 31818001
18049 31819181
18050 31820501
18051 31822051
18052 31823111
18053 31823647
18054 31825559
18055 31828963
18056 31830061
18057 31831301
18058 31833233
18059 31833301
18060 31834331
18061 31834559
18062 31836241
18063 31836757
18064 31843319
18065 31844473
18066 31847317
18067 31847489
18068 31848239
18069 31850551
18070 31851161
18071 31852391
18072 31854001
18073 31855657
18074 31860053
18075 31864181
18076 31872119
18077 31874399
18078 31876447
18079 31876993
18080 31878269
18081 31881061
18082 31881371
18083 31884817
18084 31886039
18085 31886983
18086 31887001
18087 31888309
18088 31890829
18089 31891231
18090 31892173
18091 31897079
18092 31900553
18093 31903693
18094 31904711
18095 31905059
18096 31905239
18097 31906717
18098 31911661
18099 31919171
18100 31919317
18101 31919647
18102 31920841
18103 31920937
18104 31922063
18105 31922131
18106 31922173
18107 31923239
18108 31923323
18109 31923361
18110 31923431
18111 31924001
18112 31924531
18113 31928041
18114 31931171
18115 31932149
18116 31936981
18117 31941967
18118 31942447
18119 31945679
18120 31946843
18121 31947653
18122 31948159
18123 31949471
18124 31952251
18125 31956983
18126 31958527
18127 31958833
18128 31959427
18129 31959757
18130 31960939
18131 31961459
18132 31964753
18133 31965509
18134 31967743
18135 31968913
18136 31971119
18137 31972943
18138 31974419
18139 31974743
18140 31980241
18141 31980427
18142 31984357
18143 31986803
18144 31986973
18145 31987433
18146 31993469
18147 31997513
18148 31997533
18149 31999733
18150 32003479
18151 32006551
18152 32011489
18153 32019803
18154 32020951
18155 32026801
18156 32027297
18157 32030989
18158 32031007
18159 32034071
18160 32035649
18161 32035841
18162 32036453
18163 32039159
18164 32039603
18165 32040641
18166 32056231
18167 32057261
18168 32058811
18169 32060593
18170 32063723
18171 32065277
18172 32068061
18173 32068573
18174 32070659
18175 32072071
18176 32072549
18177 32073793
18178 32074051
18179 32078947
18180 32079371
18181 32079757
18182 32084249
18183 32085073
18184 32089781
18185 32091511
18186 32091539
18187 32094547
18188 32097281
18189 32105461
18190 32105597
18191 32106563
18192 32106583
18193 32106929
18194 32107487
18195 32108459
18196 32108701
18197 32109713
18198 32110489
18199 32115851
18200 32116823
18201 32117639
18202 32127353
18203 32128163
18204 32128703
18205 32133851
18206 32135387
18207 32135633
18208 32136287
18209 32146871
18210 32147821
18211 32150777
18212 32155093
18213 32155709
18214 32162293
18215 32163511
18216 32168527
18217 32169881
18218 32170979
18219 32171543
18220 32178689
18221 32179327
18222 32181841
18223 32183681
18224 32184671
18225 32186123
18226 32186639
18227 32189753
18228 32191703
18229 32193899
18230 32194711
18231 32195341
18232 32195381
18233 32198009
18234 32204177
18235 32204261
18236 32207459
18237 32212361
18238 32212871
18239 32214659
18240 32215861
18241 32216363
18242 32218871
18243 32219311
18244 32219557
18245 32219683
18246 32219917
18247 32220883
18248 32230097
18249 32231461
18250 32231911
18251 32237371
18252 32240009
18253 32241071
18254 32243831
18255 32246771
18256 32247143
18257 32247581
18258 32247659
18259 32249839
18260 32252251
18261 32252819
18262 32262623
18263 32262883
18264 32263927
18265 32265899
18266 32268449
18267 32268991
18268 32274859
18269 32276929
18270 32277359
18271 32286847
18272 32288539
18273 32291351
18274 32291711
18275 32293201
18276 32294617
18277 32294749
18278 32294909
18279 32296321
18280 32296909
18281 32297557
18282 32298073
18283 32298479
18284 32305463
18285 32306969
18286 32307533
18287 32309423
18288 32313361
18289 32314621
18290 32318087
18291 32327177
18292 32327993
18293 32334661
18294 32336041
18295 32336177
18296 32339033
18297 32340107
18298 32340929
18299 32342941
18300 32347391
18301 32348611
18302 32351251
18303 32354821
18304 32356483
18305 32360453
18306 32362163
18307 32363917
18308 32364901
18309 32365171
18310 32365447
18311 32367449
18312 32371343
18313 32373721
18314 32375033
18315 32375879
18316 32377259
18317 32381977
18318 32388479
18319 32388637
18320 32390311
18321 32392559
18322 32395709
18323 32398001
18324 32399291
18325 32402593
18326 32405501
18327 32406061
18328 32409547
18329 32409859
18330 32410783
18331 32412833
18332 32418899
18333 32419421
18334 32421761
18335 32421811
18336 32423411
18337 32424263
18338 32424377
18339 32427839
18340 32429039
18341 32430659
18342 32436361
18343 32437711
18344 32438701
18345 32439427
18346 32440487
18347 32440841
18348 32442847
18349 32443651
18350 32445701
18351 32447617
18352 32448919
18353 32449349
18354 32454749
18355 32458057
18356 32458109
18357 32465383
18358 32468753
18359 32475829
18360 32476091
18361 32479207
18362 32480939
18363 32485417
18364 32486771
18365 32489059
18366 32489129
18367 32490727
18368 32491391
18369 32496817
18370 32497973
18371 32501771
18372 32506741
18373 32507939
18374 32508901
18375 32509201
18376 32511989
18377 32512261
18378 32512463
18379 32512919
18380 32514551
18381 32517271
18382 32530171
18383 32530601
18384 32532821
18385 32534087
18386 32536043
18387 32538041
18388 32540891
18389 32555251
18390 32560631
18391 32563319
18392 32564891
18393 32567173
18394 32569391
18395 32570977
18396 32572313
18397 32575271
18398 32575507
18399 32577011
18400 32581807
18401 32583371
18402 32583779
18403 32585629
18404 32588189
18405 32588239
18406 32589157
18407 32589371
18408 32593051
18409 32593747
18410 32594489
18411 32595877
18412 32597011
18413 32599019
18414 32599129
18415 32601749
18416 32602373
18417 32604443
18418 32605141
18419 32606333
18420 32606593
18421 32607161
18422 32613283
18423 32614097
18424 32615519
18425 32618473
18426 32619971
18427 32620171
18428 32620571
18429 32620771
18430 32626481
18431 32629013
18432 32629211
18433 32631197
18434 32633683
18435 32638927
18436 32639557
18437 32643581
18438 32650529
18439 32652211
18440 32656499
18441 32656501
18442 32658121
18443 32660429
18444 32661341
18445 32661547
18446 32662649
18447 32663459
18448 32665657
18449 32667329
18450 32670233
18451 32671829
18452 32672749
18453 32674273
18454 32677199
18455 32678257
18456 32686807
18457 32688209
18458 32689297
18459 32691023
18460 32692529
18461 32693173
18462 32695339
18463 32696347
18464 32698453
18465 32698703
18466 32704361
18467 32704927
18468 32705021
18469 32706071
18470 32706329
18471 32706491
18472 32712359
18473 32713921
18474 32717819
18475 32718869
18476 32724431
18477 32725807
18478 32730641
18479 32730883
18480 32737181
18481 32739877
18482 32740541
18483 32744321
18484 32745131
18485 32745539
18486 32746093
18487 32747629
18488 32747843
18489 32748439
18490 32749117
18491 32750087
18492 32750429
18493 32752393
18494 32755439
18495 32755729
18496 32757259
18497 32761711
18498 32762459
18499 32763151
18500 32766439
18501 32769001
18502 32772937
18503 32773963
18504 32775709
18505 32775961
18506 32776993
18507 32777011
18508 32779433
18509 32782147
18510 32783629
18511 32790421
18512 32803651
18513 32807963
18514 32808829
18515 32809691
18516 32814839
18517 32816437
18518 32819021
18519 32825161
18520 32827709
18521 32831153
18522 32831917
18523 32833649
18524 32837933
18525 32838301
18526 32840131
18527 32840603
18528 32844247
18529 32847211
18530 32848553
18531 32852431
18532 32853203
18533 32856697
18534 32859049
18535 32863639
18536 32863927
18537 32867459
18538 32867963
18539 32870839
18540 32871649
18541 32873227
18542 32873669
18543 32878343
18544 32878877
18545 32881769
18546 32882771
18547 32884447
18548 32886157
18549 32888623
18550 32891609
18551 32895089
18552 32895157
18553 32895607
18554 32896433
18555 32898109
18556 32899939
18557 32904721
18558 32905403
18559 32906383
18560 32908103
18561 32909953
18562 32911253
18563 32917141
18564 32917459
18565 32919697
18566 32921821
18567 32926507
18568 32928509
18569 32932441
18570 32933051
18571 32934953
18572 32938357
18573 32938777
18574 32939707
18575 32940251
18576 32940493
18577 32941001
18578 32944231
18579 32945249
18580 32946509
18581 32947867
18582 32948309
18583 32949359
18584 32950201
18585 32952221
18586 32956687
18587 32960699
18588 32963681
18589 32966459
18590 32970241
18591 32970953
18592 32975743
18593 32977453
18594 32980837
18595 32985713
18596 32986453
18597 32987443
18598 32988037
18599 32993903
18600 32996959
18601 33004109
18602 33004921
18603 33007151
18604 33008387
18605 33011219
18606 33011893
18607 33017141
18608 33019439
18609 33020389
18610 33022651
18611 33023171
18612 33024161
18613 33024583
18614 33025739
18615 33027359
18616 33027461
18617 33027629
18618 33028183
18619 33028747
18620 33028811
18621 33029111
18622 33030887
18623 33031651
18624 33034649
18625 33036821
18626 33037321
18627 33037831
18628 33039899
18629 33040697
18630 33040873
18631 33042923
18632 33046121
18633 33048101
18634 33048451
18635 33048541
18636 33058483
18637 33061487
18638 33063197
18639 33065993
18640 33073709
18641 33078607
18642 33079237
18643 33080611
18644 33081571
18645 33083311
18646 33085849
18647 33086033
18648 33087629
18649 33090821
18650 33091301
18651 33091651
18652 33093301
18653 33097271
18654 33100007
18655 33104849
18656 33106351
18657 33108359
18658 33110299
18659 33110417
18660 33112127
18661 33112831
18662 33119041
18663 33119171
18664 33125891
18665 33126997
18666 33128423
18667 33129059
18668 33131771
18669 33137593
18670 33139229
18671 33140179
18672 33141929
18673 33145187
18674 33147271
18675 33148261
18676 33149789
18677 33151733
18678 33151771
18679 33151931
18680 33152761
18681 33156059
18682 33158963
18683 33161741
18684 33161969
18685 33162791
18686 33164683
18687 33164731
18688 33169691
18689 33170141
18690 33171821
18691 33172873
18692 33174101
18693 33174509
18694 33176123
18695 33178853
18696 33179609
18697 33179759
18698 33181651
18699 33183211
18700 33186281
18701 33187051
18702 33189697
18703 33190141
18704 33191519
18705 33196549
18706 33198547
18707 33199339
18708 33199807
18709 33206161
18710 33207263
18711 33207371
18712 33207641
18713 33210773
18714 33217343
18715 33218551
18716 33218737
18717 33220217
18718 33220651
18719 33224941
18720 33227773
18721 33229919
18722 33235343
18723 33244187
18724 33247849
18725 33249607
18726 33253163
18727 33255143
18728 33255659
18729 33259439
18730 33261937
18731 33261997
18732 33270641
18733 33270791
18734 33276337
18735 33279457
18736 33280073
18737 33280211
18738 33285191
18739 33289379
18740 33292151
18741 33293033
18742 33294241
18743 33299059
18744 33299437
18745 33303961
18746 33304801
18747 33307693
18748 33314231
18749 33317261
18750 33317351
18751 33318059
18752 33318983
18753 33319001
18754 33319151
18755 33319393
18756 33320687
18757 33324197
18758 33324443
18759 33326063
18760 33329161
18761 33330989
18762 33331007
18763 33334523
18764 33334811
18765 33335773
18766 33339953
18767 33346223
18768 33353087
18769 33355807
18770 33356789
18771 33358183
18772 33360959
18773 33363581
18774 33366061
18775 33367837
18776 33368003
18777 33372211
18778 33372611
18779 33372659
18780 33372967
18781 33377429
18782 33380821
18783 33381983
18784 33384739
18785 33388049
18786 33390509
18787 33390631
18788 33391717
18789 33396833
18790 33397201
18791 33399517
18792 33403823
18793 33408637
18794 33409223
18795 33414287
18796 33414937
18797 33415211
18798 33415273
18799 33416371
18800 33421649
18801 33424051
18802 33425173
18803 33425401
18804 33426361
18805 33426611
18806 33427759
18807 33429881
18808 33431543
18809 33439271
18810 33439507
18811 33442471
18812 33443647
18813 33443821
18814 33444581
18815 33446929
18816 33448769
18817 33450377
18818 33451433
18819 33452171
18820 33455321
18821 33465511
18822 33468299
18823 33468389
18824 33468569
18825 33468817
18826 33469823
18827 33474281
18828 33474283
18829 33478609
18830 33480749
18831 33483061
18832 33484729
18833 33484981
18834 33485311
18835 33485399
18836 33488509
18837 33489179
18838 33494759
18839 33495509
18840 33497257
18841 33501659
18842 33502397
18843 33506111
18844 33509257
18845 33509501
18846 33509891
18847 33510901
18848 33511487
18849 33512383
18850 33513373
18851 33514451
18852 33515771
18853 33518213
18854 33520649
18855 33521893
18856 33526447
18857 33527929
18858 33528241
18859 33535889
18860 33535973
18861 33536639
18862 33537359
18863 33539629
18864 33542261
18865 33551731
18866 33552721
18867 33556837
18868 33561839
18869 33563437
18870 33569453
18871 33572857
18872 33575579
18873 33576637
18874 33577111
18875 33581381
18876 33582881
18877 33584003
18878 33584137
18879 33585569
18880 33585907
18881 33587471
18882 33589019
18883 33590659
18884 33595999
18885 33604211
18886 33605683
18887 33606907
18888 33610531
18889 33611293
18890 33611701
18891 33614429
18892 33616043
18893 33616171
18894 33617729
18895 33628013
18896 33637183
18897 33638159
18898 33640709
18899 33642251
18900 33645607
18901 33647489
18902 33648101
18903 33661993
18904 33665339
18905 33672559
18906 33673411
18907 33673459
18908 33675529
18909 33676207
18910 33679897
18911 33682501
18912 33682679
18913 33685319
18914 33687553
18915 33697219
18916 33699343
18917 33701851
18918 33705929
18919 33706919
18920 33707459
18921 33710819
18922 33711401
18923 33712121
18924 33715133
18925 33716819
18926 33721253
18927 33722771
18928 33723749
18929 33724939
18930 33728171
18931 33729239
18932 33730211
18933 33730321
18934 33731311
18935 33732341
18936 33737971
18937 33738127
18938 33739319
18939 33739469
18940 33741493
18941 33743141
18942 33743729
18943 33744511
18944 33746719
18945 33747529
18946 33747853
18947 33747943
18948 33749129
18949 33750817
18950 33753791
18951 33753847
18952 33757249
18953 33757429
18954 33761549
18955 33762973
18956 33765659
18957 33766207
18958 33768179
18959 33768487
18960 33771191
18961 33771449
18962 33771601
18963 33772181
18964 33774101
18965 33782131
18966 33782681
18967 33786553
18968 33791081
18969 33800453
18970 33800561
18971 33804361
18972 33804611
18973 33806293
18974 33806341
18975 33808981
18976 33809519
18977 33814421
18978 33814799
18979 33816061
18980 33821731
18981 33829753
18982 33829843
18983 33835943
18984 33836311
18985 33839257
18986 33841481
18987 33842213
18988 33842527
18989 33846073
18990 33846569
18991 33852359
18992 33856357
18993 33857059
18994 33858191
18995 33860611
18996 33861371
18997 33864529
18998 33868343
18999 33868613
19000 33870427
19001 33877433
19002 33879323
19003 33880943
19004 33883391
19005 33886943
19006 33891037
19007 33892379
19008 33896047
19009 33897187
19010 33898133
19011 33899839
19012 33900803
19013 33902683
19014 33903143
19015 33905527
19016 33906193
19017 33912323
19018 33915331
19019 33916859
19020 33918121
19021 33918239
19022 33919559
19023 33923033
19024 33923411
19025 33924559
19026 33925057
19027 33926681
19028 33928537
19029 33932963
19030 33933157
19031 33934259
19032 33936239
19033 33939247
19034 33944579
19035 33945389
19036 33946111
19037 33947239
19038 33947257
19039 33948319
19040 33951517
19041 33952057
19042 33954299
19043 33957029
19044 33959867
19045 33960919
19046 33962339
19047 33964993
19048 33971227
19049 33971429
19050 33976297
19051 33978233
19052 33981637
19053 33982027
19054 33986317
19055 33987059
19056 33987677
19057 33987949
19058 33990547
19059 33995333
19060 33995557
19061 33995777
19062 33996019
19063 33996877
19064 33998077
19065 33999403
19066 34000319
19067 34004731
19068 34007383
19069 34008151
19070 34009321
19071 34010989
19072 34011793
19073 34019683
19074 34022621
19075 34023497
19076 34025363
19077 34027561
19078 34031177
19079 34033151
19080 34033861
19081 34038583
19082 34040711
19083 34043561
19084 34046171
19085 34049101
19086 34051007
19087 34055519
19088 34059847
19089 34063433
19090 34063987
19091 34064917
19092 34065431
19093 34067381
19094 34069103
19095 34072613
19096 34072741
19097 34074121
19098 34078943
19099 34079173
19100 34079887
19101 34080731
19102 34081301
19103 34082249
19104 34085039
19105 34087237
19106 34087439
19107 34088629
19108 34089127
19109 34092671
19110 34100831
19111 34102361
19112 34103911
19113 34105733
19114 34107883
19115 34109557
19116 34112801
19117 34118731
19118 34119949
19119 34121861
19120 34128631
19121 34129621
19122 34130009
19123 34137749
19124 34138241
19125 34138849
19126 34141739
19127 34143173
19128 34148431
19129 34151549
19130 34152197
19131 34152809
19132 34157749
19133 34158919
19134 34158991
19135 34160741
19136 34161629
19137 34163737
19138 34168747
19139 34171741
19140 34171871
19141 34173211
19142 34173329
19143 34175879
19144 34181621
19145 34183393
19146 34184231
19147 34186499
19148 34193347
19149 34193699
19150 34193707
19151 34195093
19152 34196429
19153 34197329
19154 34198753
19155 34199897
19156 34201787
19157 34207741
19158 34208591
19159 34211861
19160 34214051
19161 34222061
19162 34222913
19163 34224193
19164 34225871
19165 34226827
19166 34229969
19167 34231601
19168 34233751
19169 34237421
19170 34240823
19171 34241293
19172 34241633
19173 34244333
19174 34244461
19175 34244531
19176 34249147
19177 34249909
19178 34250947
19179 34252783
19180 34252927
19181 34254491
19182 34254811
19183 34256051
19184 34256213
19185 34256471
19186 34257953
19187 34258013
19188 34262171
19189 34262177
19190 34264481
19191 34265141
19192 34271551
19193 34272341
19194 34276321
19195 34281967
19196 34284739
19197 34285093
19198 34287479
19199 34288117
19200 34288867
19201 34289543
19202 34290073
19203 34290233
19204 34290271
19205 34291403
19206 34295753
19207 34295993
19208 34296011
19209 34297027
19210 34297609
19211 34299757
19212 34306781
19213 34314641
19214 34314937
19215 34315301
19216 34315949
19217 34317967
19218 34318391
19219 34319471
19220 34325041
19221 34325801
19222 34328033
19223 34329517
19224 34329809
19225 34331903
19226 34332377
19227 34336409
19228 34337141
19229 34338401
19230 34341551
19231 34342433
19232 34346381
19233 34346789
19234 34347371
19235 34350881
19236 34351277
19237 34352737
19238 34357747
19239 34357853
19240 34359071
19241 34361681
19242 34363151
19243 34365689
19244 34369627
19245 34369807
19246 34376539
19247 34379011
19248 34381229
19249 34381889
19250 34382983
19251 34385201
19252 34385557
19253 34390403
19254 34392119
19255 34393231
19256 34395037
19257 34405471
19258 34406153
19259 34406513
19260 34411711
19261 34412671
19262 34412909
19263 34420151
19264 34423073
19265 34427891
19266 34429657
19267 34438769
19268 34440713
19269 34441273
19270 34447837
19271 34457083
19272 34459207
19273 34461967
19274 34463129
19275 34465819
19276 34465927
19277 34467479
19278 34468117
19279 34469543
19280 34470451
19281 34474501
19282 34478309
19283 34479667
19284 34479997
19285 34482191
19286 34483147
19287 34486717
19288 34487617
19289 34487813
19290 34487923
19291 34490431
19292 34495249
19293 34497427
19294 34501861
19295 34511297
19296 34513439
19297 34516133
19298 34518371
19299 34519327
19300 34523959
19301 34527061
19302 34528147
19303 34528943
19304 34531747
19305 34534393
19306 34534573
19307 34534739
19308 34538083
19309 34539149
19310 34540321
19311 34541641
19312 34542457
19313 34545421
19314 34546019
19315 34547971
19316 34548389
19317 34552061
19318 34552223
19319 34552919
19320 34553879
19321 34554061
19322 34555909
19323 34568381
19324 34572247
19325 34572371
19326 34572739
19327 34573181
19328 34573321
19329 34574201
19330 34575727
19331 34576519
19332 34577189
19333 34577903
19334 34578359
19335 34580501
19336 34581517
19337 34583519
19338 34583737
19339 34586039
19340 34592449
19341 34594289
19342 34594379
19343 34600829
19344 34602371
19345 34602751
19346 34603561
19347 34604513
19348 34608449
19349 34609859
19350 34612183
19351 34613993
19352 34614583
19353 34621361
19354 34622771
19355 34624001
19356 34624319
19357 34624627
19358 34631759
19359 34632701
19360 34632929
19361 34636051
19362 34636747
19363 34638547
19364 34641983
19365 34642001
19366 34643321
19367 34643383
19368 34643611
19369 34645859
19370 34650899
19371 34656709
19372 34659517
19373 34662157
19374 34665419
19375 34666559
19376 34669343
19377 34670291
19378 34671191
19379 34672301
19380 34673971
19381 34674491
19382 34677443
19383 34682887
19384 34689097
19385 34690507
19386 34701713
19387 34705133
19388 34706501
19389 34710041
19390 34711349
19391 34712959
19392 34714049
19393 34715141
19394 34717093
19395 34720523
19396 34720747
19397 34724341
19398 34725023
19399 34725241
19400 34727669
19401 34728653
19402 34728983
19403 34729001
19404 34729049
19405 34730041
19406 34730159
19407 34732151
19408 34732409
19409 34734599
19410 34738049
19411 34738733
19412 34756537
19413 34756753
19414 34756913
19415 34757369
19416 34766101
19417 34769687
19418 34770629
19419 34770919
19420 34772009
19421 34772317
19422 34772519
19423 34773073
19424 34777453
19425 34779187
19426 34780709
19427 34787047
19428 34789687
19429 34789913
19430 34794979
19431 34795091
19432 34802021
19433 34803143
19434 34808317
19435 34810361
19436 34811773
19437 34812059
19438 34817201
19439 34817539
19440 34819199
19441 34823303
19442 34828999
19443 34832549
19444 34837379
19445 34838347
19446 34838653
19447 34840483
19448 34841141
19449 34842739
19450 34843439
19451 34843729
19452 34844647
19453 34851511
19454 34852639
19455 34855229
19456 34856189
19457 34862759
19458 34867253
19459 34867813
19460 34873999
19461 34884427
19462 34892723
19463 34894253
19464 34899577
19465 34900529
19466 34901441
19467 34902323
19468 34903331
19469 34904257
19470 34906121
19471 34906679
19472 34907557
19473 34908581
19474 34908961
19475 34910243
19476 34912261
19477 34919459
19478 34919707
19479 34922033
19480 34922161
19481 34924237
19482 34924349
19483 34924871
19484 34925797
19485 34927993
19486 34928381
19487 34929607
19488 34932829
19489 34934971
19490 34941331
19491 34941649
19492 34942031
19493 34942183
19494 34944653
19495 34946617
19496 34947713
19497 34950359
19498 34950371
19499 34952227
19500 34954027
19501 34954643
19502 34958353
19503 34967159
19504 34970399
19505 34973633
19506 34976069
19507 34977037
19508 34978997
19509 34979303
19510 34980299
19511 34981481
19512 34981777
19513 34984253
19514 34986253
19515 34989751
19516 34992533
19517 34994159
19518 35000107
19519 35000761
19520 35001731
19521 35008411
19522 35008871
19523 35009063
19524 35010887
19525 35016841
19526 35018603
19527 35019143
19528 35022671
19529 35023931
19530 35030351
19531 35030551
19532 35032397
19533 35034931
19534 35039309
19535 35047351
19536 35048929
19537 35049283
19538 35049373
19539 35052751
19540 35056391
19541 35059301
19542 35062523
19543 35064059
19544 35070803
19545 35071871
19546 35073541
19547 35077051
19548 35077747
19549 35082149
19550 35085209
19551 35086819
19552 35087887
19553 35088709
19554 35093231
19555 35093521
19556 35097787
19557 35100931
19558 35104931
19559 35108959
19560 35109583
19561 35109727
19562 35112761
19563 35116141
19564 35117249
19565 35118949
19566 35120573
19567 35122931
19568 35124377
19569 35128957
19570 35129729
19571 35134321
19572 35134949
19573 35135021
19574 35141741
19575 35147309
19576 35158147
19577 35159407
19578 35161031
19579 35161927
19580 35162513
19581 35164711
19582 35166193
19583 35167091
19584 35167411
19585 35169989
19586 35170183
19587 35181073
19588 35183303
19589 35184757
19590 35185301
19591 35186317
19592 35191133
19593 35192501
19594 35192909
19595 35194013
19596 35198039
19597 35198101
19598 35200783
19599 35205791
19600 35206141
19601 35209409
19602 35210731
19603 35212711
19604 35215031
19605 35215259
19606 35215811
19607 35221463
19608 35222459
19609 35222701
19610 35223841
19611 35225261
19612 35227201
19613 35228161
19614 35229157
19615 35229421
19616 35231761
19617 35237309
19618 35238131
19619 35242783
19620 35244749
19621 35245799
19622 35249917
19623 35250641
19624 35252153
19625 35253811
19626 35256629
19627 35256847
19628 35258681
19629 35260987
19630 35261041
19631 35268697
19632 35272313
19633 35284859
19634 35285339
19635 35286709
19636 35287027
19637 35288497
19638 35291033
19639 35293459
19640 35296207
19641 35297369
19642 35301923
19643 35304263
19644 35307059
19645 35307721
19646 35308621
19647 35309707
19648 35309909
19649 35313353
19650 35315821
19651 35319113
19652 35320007
19653 35320771
19654 35325727
19655 35326481
19656 35327729
19657 35328151
19658 35328791
19659 35334301
19660 35338769
19661 35340359
19662 35340847
19663 35342519
19664 35355193
19665 35361301
19666 35362711
19667 35363701
19668 35368933
19669 35370211
19670 35372521
19671 35374211
19672 35375429
19673 35380973
19674 35381219
19675 35382511
19676 35383181
19677 35384317
19678 35388487
19679 35392729
19680 35408071
19681 35413121
19682 35414261
19683 35418371
19684 35420611
19685 35422097
19686 35423977
19687 35427517
19688 35428273
19689 35429111
19690 35434151
19691 35434799
19692 35441759
19693 35446321
19694 35450603
19695 35452759
19696 35453101
19697 35458117
19698 35463157
19699 35463559
19700 35463629
19701 35468347
19702 35470559
19703 35472559
19704 35476409
19705 35477219
19706 35477471
19707 35486291
19708 35486743
19709 35490739
19710 35492173
19711 35493509
19712 35499253
19713 35507729
19714 35512259
19715 35512523
19716 35516699
19717 35518909
19718 35522771
19719 35523101
19720 35523503
19721 35527181
19722 35527273
19723 35531371
19724 35533133
19725 35537009
19726 35538479
19727 35539409
19728 35540177
19729 35543251
19730 35544221
19731 35547877
19732 35547907
19733 35551357
19734 35551849
19735 35553779
19736 35555173
19737 35556671
19738 35557229
19739 35557429
19740 35569147
19741 35571241
19742 35571919
19743 35573429
19744 35575933
19745 35578259
19746 35581093
19747 35582719
19748 35589787
19749 35589833
19750 35599087
19751 35602927
19752 35606161
19753 35606471
19754 35610551
19755 35614829
19756 35614849
19757 35617147
19758 35617819
19759 35619299
19760 35619637
19761 35623531
19762 35624909
19763 35628217
19764 35630401
19765 35631329
19766 35632319
19767 35636171
19768 35636719
19769 35640301
19770 35642501
19771 35644927
19772 35645249
19773 35648219
19774 35648903
19775 35649953
19776 35658607
19777 35662507
19778 35662589
19779 35667607
19780 35671411
19781 35672809
19782 35673031
19783 35674481
19784 35674537
19785 35675011
19786 35677181
19787 35681021
19788 35685157
19789 35685409
19790 35687959
19791 35691833
19792 35692933
19793 35700173
19794 35701273
19795 35703457
19796 35704261
19797 35707051
19798 35707093
19799 35707943
19800 35708083
19801 35710541
19802 35713049
19803 35717249
19804 35717489
19805 35717809
19806 35718833
19807 35720557
19808 35721053
19809 35722483
19810 35724517
19811 35727529
19812 35733937
19813 35735317
19814 35735771
19815 35737049
19816 35737357
19817 35738543
19818 35739337
19819 35740223
19820 35742869
19821 35745961
19822 35749237
19823 35754569
19824 35754907
19825 35757247
19826 35759777
19827 35760757
19828 35762081
19829 35762359
19830 35762719
19831 35764537
19832 35764867
19833 35769053
19834 35772833
19835 35775823
19836 35778143
19837 35781619
19838 35782391
19839 35782973
19840 35783543
19841 35784607
19842 35786209
19843 35787307
19844 35788867
19845 35789107
19846 35791843
19847 35792983
19848 35795159
19849 35796653
19850 35798017
19851 35800781
19852 35800987
19853 35802071
19854 35802929
19855 35804381
19856 35812313
19857 35812391
19858 35813303
19859 35815859
19860 35816887
19861 35818207
19862 35822291
19863 35824057
19864 35828257
19865 35828983
19866 35829487
19867 35831051
19868 35833019
19869 35833321
19870 35837677
19871 35839327
19872 35841599
19873 35841779
19874 35843081
19875 35856803
19876 35857259
19877 35858353
19878 35858443
19879 35859037
19880 35860031
19881 35861173
19882 35867081
19883 35872027
19884 35872229
19885 35872379
19886 35872553
19887 35873381
19888 35877019
19889 35877143
19890 35877587
19891 35885159
19892 35893453
19893 35895767
19894 35901011
19895 35903011
19896 35907149
19897 35907943
19898 35908519
19899 35911331
19900 35912699
19901 35914031
19902 35914121
19903 35915041
19904 35915591
19905 35918291
19906 35918989
19907 35919643
19908 35920447
19909 35921251
19910 35930123
19911 35930963
19912 35933081
19913 35934259
19914 35935021
19915 35937359
19916 35939081
19917 35947853
19918 35949019
19919 35953429
19920 35954257
19921 35957353
19922 35960591
19923 35963989
19924 35964713
19925 35965327
19926 35971993
19927 35972011
19928 35972219
19929 35974943
19930 35975209
19931 35976323
19932 35976697
19933 35976893
19934 35980201
19935 35985857
19936 35991953
19937 35997133
19938 36018413
19939 36018811
19940 36024661
19941 36027143
19942 36031511
19943 36037061
19944 36042401
19945 36045143
19946 36047381
19947 36047611
19948 36047707
19949 36048829
19950 36049259
19951 36050909
19952 36053261
19953 36056819
19954 36063059
19955 36067093
19956 36069073
19957 36070901
19958 36074251
19959 36076141
19960 36079429
19961 36080441
19962 36084247
19963 36084739
19964 36085981
19965 36088823
19966 36091511
19967 36100279
19968 36102107
19969 36112823
19970 36116159
19971 36116711
19972 36119383
19973 36121061
19974 36121171
19975 36122729
19976 36123641
19977 36128161
19978 36130751
19979 36131891
19980 36136571
19981 36139091
19982 36145171
19983 36145441
19984 36149957
19985 36151361
19986 36152681
19987 36153581
19988 36154849
19989 36157211
19990 36162121
19991 36165023
19992 36165517
19993 36166853
19994 36167081
19995 36172393
19996 36172649
19997 36173381
19998 36173611
19999 36178447
20000 36179369
