1 516493
2 1056493
3 1427383
4 1885943
5 3166183
6 3805183
7 4241593
8 6621283
9 7646953
10 12912283
11 17987839
12 32106493
13 107152093
14 120224773
15 131144473
16 133210873
17 139388891
18 142782877
19 150326173
20 155382923
21 177865819
22 184081943
23 227795839
24 242376877
25 264174877
26 270332173
27 286330981
28 333374971
29 388098947
30 406032373
31 436164877
32 455010373
33 473898977
34 491315971
35 495855947
36 513250093
37 556978853
38 695858957
39 708888799
40 739194881
41 759837977
42 768561881
43 787266947
44 790748957
45 790872881
46 822919913
47 836685851
48 890738911
49 891032953
50 892022953
51 907309903
52 947875909
53 955201981
54 995286977
55 1061258971
56 1102033783
57 1198697957
58 1253065897
59 1253105083
60 1287891901
61 1321377877
62 1377545891
63 1403171173
64 1428494891
65 1430240293
66 1446149933
67 1451406991
68 1467855947
69 1507050073
70 1565499799
71 1567917947
72 1586856863
73 1606242991
74 1663757861
75 1698172871
76 1714549913
77 1776186901
78 1851502897
79 1854778909
80 1855202887
81 1885557977
82 1896495947
83 1900327943
84 1994656967
85 2028202273
86 2120741083
87 2150285887
88 2202939913
89 2206192897
90 2227271887
91 2234379923
92 2297196851
93 2312187923
94 2314174897
95 2335451933
96 2345404981
97 2393000083
98 2460048923
99 2474467819
100 2514411073
101 2517252923
102 2559495919
103 2612038981
104 2639816957
105 2642777861
106 2647782947
107 2648664901
108 2686590947
109 2701968881
110 2732322953
111 2805909919
112 2809094891
113 2879414809
114 2886843977
115 2939558957
116 2982536957
117 3064252943
118 3070997957
119 3084512887
120 3127668881
121 3156777947
122 3217858871
123 3226712933
124 3230933887
125 3286737901
126 3294096881
127 3358970957
128 3430751953
129 3501535943
130 3509033953
131 3517793957
132 3542422981
133 3628857919
134 3746654861
135 3844195871
136 3866728967
137 3879662957
138 3893209909
139 3974408957
140 3974453957
141 3976118911
142 3977824789
143 4007471933
144 4040103583
145 4057686851
146 4126243943
147 4149914891
148 4167637871
149 4199561911
150 4223514991
151 4267953901
152 4269837863
153 4276367957
154 4339564871
155 4384148891
156 4415081933
157 4501600093
158 4531786871
159 4564844957
160 4566029929
161 4583588957
162 4596138947
163 4642888909
164 4668593957
165 4694641871
166 4713289909
167 4782626809
168 4851131953
169 4895794637
170 4916833871
171 4989154789
172 5011700293
173 5025996901
174 5068761881
175 5083007933
176 5089820891
177 5098585909
178 5190124943
179 5203031293
180 5316341971
181 5362197881
182 5394365957
183 5449275901
184 5472029933
185 5642510971
186 5724590891
187 5735691851
188 5747174957
189 5841593861
190 5855099953
191 5897589821
192 5962604839
193 6007225897
194 6034811971
195 6188354911
196 6218846957
197 6274646957
198 6326854871
199 6377706851
200 6495444947
201 6552738947
202 6662933861
203 6668923967
204 6698947337
205 6739361809
206 6765697637
207 6780645901
208 6793712911
209 6864375799
210 6905030887
211 6926533871
212 6927000923
213 6955598537
214 7001103493
215 7065655871
216 7250602897
217 7368336851
218 7575417947
219 7579205957
220 7630547891
221 7657960909
222 7691605871
223 7829217901
224 7835057957
225 7900322953
226 7988888819
227 8035204897
228 8069790919
229 8148327881
230 8180784901
231 8214319943
232 8380845947
233 8443020953
234 8464927789
235 8470466861
236 8471642891
237 8544264881
238 8560893863
239 8563383901
240 8565462901
241 8586679337
242 8668254799
243 8737671799
244 8877287537
245 8960738957
246 8994791537
247 9045257891
248 9159147901
249 9253398799
250 9289911977
251 9332667901
252 9358270819
253 9363667853
254 9381606881
255 9406983863
256 9426686957
257 9482733851
258 9512747911
259 9591153881
260 9611708891
261 9639061871
262 9663949637
263 9773180957
264 9855875537
265 10043710093
266 10060907953
267 10112360473
268 10116231283
269 10212593971
270 10218123073
271 10240394953
272 10303631083
273 10346867911
274 10393322971
275 10450561897
276 10540273943
277 10630128991
278 10778324839
279 10780965851
280 10814059943
281 10858338947
282 10934986967
283 10943574881
284 10985952799
285 10998158957
286 11003208283
287 11009100493
288 11032628953
289 11084945891
290 11093224981
291 11158781839
292 11204102683
293 11268593957
294 11290305991
295 11350670971
296 11602705943
297 11676086809
298 11726772829
299 11831558839
300 12118234897
301 12178482829
302 12190759909
303 12313425953
304 12359496977
305 12389550881
306 12415884881
307 12419402971
308 12496343891
309 12581674871
310 12621002293
311 12636558901
312 12732242953
313 12853029923
314 12869802947
315 12936940871
316 13051292953
317 13090604953
318 13164504877
319 13217332943
320 13229586901
321 13234586891
322 13237160971
323 13447197851
324 13513893881
325 13641866957
326 13733595901
327 13794840947
328 13945485863
329 13969821799
330 14041841971
331 14182936871
332 14196885947
333 14317694957
334 14485841957
335 14489008871
336 14777851789
337 14800899917
338 14853049909
339 14892731911
340 14896600819
341 14915904881
342 14970517819
343 14973512839
344 14973817909
345 15098751901
346 15140902897
347 15150012373
348 15153206953
349 15195095957
350 15273984863
351 15361587947
352 15445805839
353 15502050073
354 15575955947
355 15653345839
356 15663914957
357 15739443901
358 15776307851
359 15845166947
360 15910983947
361 15923938853
362 16090619929
363 16110707887
364 16133413943
365 16235376881
366 16271458871
367 16319040923
368 16352645839
369 16499203871
370 16608914957
371 16693017829
372 16786710851
373 16806068957
374 16825346809
375 16850654861
376 16874451901
377 16915009913
378 17076770911
379 17082970819
380 17091105877
381 17148942901
382 17174437871
383 17183861809
384 17271575861
385 17329193911
386 17579106851
387 17596748537
388 17627571947
389 17649947537
390 17673065957
391 17713645819
392 17790236861
393 17800594871
394 17826038957
395 17836217911
396 17927250829
397 17956963637
398 18027130981
399 18096092957
400 18102868871
401 18189705977
402 18215586901
403 18344565851
404 18426902891
405 18498568337
406 18642065839
407 18732860911
408 18734191871
409 18754316957
410 18783008911
411 18791172947
412 18808236901
413 18809522957
414 18849045977
415 18859090853
416 18861564977
417 18862385957
418 18874215851
419 19217784919
420 19229147911
421 19251871819
422 19327193957
423 19628361947
424 19736404871
425 19786934537
426 19815682967
427 19827261901
428 19886474537
429 20040705073
430 20212308073
431 20310485933
432 20471877851
433 20511635887
434 20518737829
435 20596854919
436 20597462911
437 20661919909
438 20743549909
439 20757990919
440 20820470933
441 20881841891
442 21000209383
443 21004061383
444 21150530083
445 21156798977
446 21170137943
447 21422157877
448 21490973957
449 21497732957
450 21587197967
451 21606101173
452 21806928851
453 21845471839
454 21957543901
455 22007624953
456 22013294971
457 22040123293
458 22083512953
459 22110435073
460 22244602981
461 22428880871
462 22539846799
463 22656495863
464 22779552919
465 22862022877
466 22863752861
467 22891490861
468 22923078881
469 22940321953
470 23106407971
471 23207139913
472 23254673891
473 23308042981
474 23374696789
475 23517747901
476 23532818839
477 23799705947
478 23835536957
479 23851875919
480 23922095891
481 23925366947
482 23973812809
483 24160998863
484 24234818891
485 24282558901
486 24441386891
487 24462824839
488 24500128943
489 24525864901
490 24649716799
491 24663642881
492 24717390829
493 24780838909
494 24787543789
495 24794355977
496 24843110953
497 24859314947
498 24972191957
499 24972812861
500 25004253991
501 25050702953
502 25052300083
503 25095146891
504 25135767901
505 25192187957
506 25283973919
507 25287486947
508 25361296871
509 25423349929
510 25437824861
511 25559490799
512 25583084809
513 25649715799
514 25713592819
515 25798794137
516 25857080957
517 25881343871
518 25908354947
519 25958123911
520 26262448871
521 26278698437
522 26278920947
523 26402984957
524 26579477537
525 27035646829
526 27078528977
527 27110659913
528 27117386809
529 27126762881
530 27164478919
531 27219653957
532 27229094861
533 27260963911
534 27517198789
535 27596412947
536 27605667919
537 27714892967
538 27836751799
539 27844613861
540 27889212863
541 27984916637
542 27994297337
543 28073844901
544 28096125829
545 28179360851
546 28275218911
547 28333925861
548 28407437911
549 28421896967
550 28537295957
551 28618290901
552 28688259437
553 28804526911
554 29088107957
555 29090455871
556 29238862967
557 29391583789
558 29416477967
559 29443091891
560 29488569137
561 29494292957
562 29563186967
563 29670996437
564 29706107839
565 29713782799
566 29808008911
567 29808318977
568 29831955947
569 29837412947
570 29907170861
571 29927040881
572 30187674901
573 30314272897
574 30384666901
575 30415622933
576 30454496861
577 30584668967
578 30628285819
579 30682221923
580 30753288851
581 30788868437
582 30798540901
583 30926933861
584 30953771861
585 30982428947
586 31024346953
587 31201400773
588 31307370923
589 31333540897
590 31389253871
591 31436792911
592 31619672957
593 31697625977
594 31782591901
595 31783217839
596 31787250829
597 31863176861
598 31865705957
599 31920521953
600 32086591871
601 32172855881
602 32254567871
603 32351885861
604 32360487829
605 32554782901
606 32755572947
607 32788666637
608 32795974637
609 32891475863
610 33110627887
611 33371015933
612 33441885901
613 33449827909
614 33611956871
615 33627185957
616 33689022881
617 33763259899
618 33843266911
619 33960447901
620 34097467909
621 34126241971
622 34140291923
623 34507358861
624 34705938863
625 34723583911
626 34792430839
627 34795105819
628 34824357851
629 34838720911
630 34917367789
631 34954737947
632 34993016911
633 35060477839
634 35085265819
635 35146894967
636 35228493851
637 35312868901
638 35352528829
639 35547574967
640 35654565977
641 35661518911
642 35720087891
643 35743497947
644 35790550871
645 35798610919
646 35870308819
647 36150738881
648 36159290809
649 36183733871
650 36304668947
651 36362385947
652 36475461947
653 36577331911
654 36664154861
655 36801483881
656 36819412871
657 36820743881
658 36903465947
659 36947836637
660 36972797237
661 37037907947
662 37051888967
663 37064928863
664 37149335911
665 37157486957
666 37339896437
667 37374959537
668 37434258947
669 37565355977
670 37570721891
671 37724648957
672 37770408947
673 37774404851
674 37878080957
675 37885090909
676 37944734957
677 37963731977
678 38001910943
679 38030125897
680 38038436911
681 38067727967
682 38175390901
683 38192628977
684 38225664901
685 38261785853
686 38363576957
687 38452254829
688 38475165977
689 38518194863
690 38534907863
691 38606072891
692 38675741957
693 38697070967
694 38747887037
695 38824415911
696 38869538237
697 38893011881
698 39081951851
699 39125943947
700 39160157891
701 39192444947
702 39237722861
703 39376426853
704 39636715967
705 39730613891
706 39849700853
707 39962345957
708 40106898851
709 40284782809
710 40291637839
711 40317478871
712 40394884909
713 40748436851
714 40773713891
715 40779994337
716 40809383957
717 40812945829
718 40853465911
719 40927453871
720 40932656861
721 40942358911
722 40962068957
723 40981575799
724 41226287891
725 41226963881
726 41264483891
727 41267057891
728 41364538819
729 41370398957
730 41384655901
731 41490728861
732 41616627881
733 41664792863
734 41736344891
735 41854343891
736 41974656947
737 42034351897
738 42074565881
739 42099371957
740 42205190933
741 42244288871
742 42251945839
743 42340697957
744 42368354911
745 42387747947
746 42439247957
747 42604945819
748 42657282901
749 42684704911
750 42737723911
751 42821288911
752 43007002273
753 43007894957
754 43097538919
755 43219607839
756 43475792957
757 43560827809
758 43620200083
759 43666026829
760 43679061851
761 43686252851
762 43688099537
763 43828801871
764 43843076911
765 43971542957
766 43993461977
767 44038880861
768 44075492957
769 44170332923
770 44237002981
771 44239652861
772 44343993919
773 44349146911
774 44396473853
775 44435571881
776 44436954977
777 44450006933
778 44462537957
779 44504828861
780 44693364977
781 44755182947
782 44812941829
783 44837484947
784 44907924977
785 44914101877
786 44922168947
787 44948007901
788 45026149913
789 45075359899
790 45252105923
791 45417735851
792 45453932861
793 45480846919
794 45574533947
795 45599441957
796 45759783437
797 45865232957
798 45933362957
799 45972530809
800 45982813909
801 46013678861
802 46044330877
803 46285045819
804 46406298863
805 46419899237
806 46537591909
807 46612490839
808 46770525947
809 46772055901
810 46818122891
811 46896527537
812 46934243809
813 47125737947
814 47217852901
815 47259053861
816 47335581901
817 47354574863
818 47364970967
819 47417075957
820 47481162881
821 47595101891
822 47706009919
823 47710399963
824 47830981789
825 47945883437
826 47968877819
827 48124040971
828 48134778947
829 48149622947
830 48212214877
831 48226292911
832 48278327957
833 48349954637
834 48428925947
835 48533426861
836 48693451909
837 48733942967
838 48788549801
839 48923275909
840 49129743977
841 49150448911
842 49186987037
843 49324209919
844 49339425977
845 49350641891
846 49372623851
847 49375323901
848 49460682919
849 49476011891
850 49598049437
851 49660631957
852 49677110911
853 49781083853
854 49971045977
855 49971759821
856 50147982851
857 50165873809
858 50303112193
859 50438248871
860 50599344919
861 50659996337
862 50687989811
863 50726960957
864 50778625967
865 50825199917
866 50838152839
867 50895602861
868 50971784957
869 51026937881
870 51150181981
871 51219428891
872 51269769737
873 51413210083
874 51423937871
875 51489058853
876 51495393977
877 51502788947
878 51590111971
879 51633286871
880 51688443977
881 51783264947
882 51977091799
883 52357703891
884 52480993967
885 52492918909
886 52564418861
887 52681626947
888 52791538853
889 52800100183
890 52819989137
891 52850492809
892 52866234851
893 52886948237
894 52895872637
895 52901972911
896 53006892881
897 53113040083
898 53145031897
899 53336201953
900 53460221953
901 53484713809
902 53575683947
903 53716902881
904 53862507851
905 54093626911
906 54318195901
907 54364433839
908 54379830863
909 54393886637
910 54427647863
911 54612203953
912 54618664909
913 54644418901
914 54647489537
915 54674289737
916 54780745853
917 54789693137
918 54824543957
919 54845607919
920 55034303971
921 55240793911
922 55274682919
923 55389297437
924 55516452829
925 55614932911
926 55722297919
927 55736207911
928 55762461901
929 55769964137
930 55820555911
931 55861271861
932 55884081863
933 55886386337
934 55967347637
935 56066996537
936 56185772957
937 56186677637
938 56585015957
939 56627170819
940 56648361799
941 56676324977
942 56695004911
943 56853228919
944 57080456911
945 57182264809
946 57186228863
947 57210585881
948 57248451851
949 57308466977
950 57308826863
951 57373800829
952 57634944947
953 57918254957
954 57970328957
955 58035011933
956 58064247947
957 58200776861
958 58242164839
959 58261386977
960 58262058851
961 58473147977
962 58514372957
963 58582464947
964 58656363947
965 58804038901
966 59000082877
967 59081818967
968 59108173819
969 59140488863
970 59187956237
971 59607233957
972 59616165799
973 59651448947
974 59665072967
975 59780406799
976 59922761957
977 59934484637
978 59971358537
979 60066881911
980 60303623971
981 60344657809
982 60379433809
983 60455156891
984 60492195901
985 60672904871
986 60691472911
987 60694966637
988 60695244947
989 60764381861
990 60936614861
991 61006001473
992 61117776851
993 61153188829
994 61338554911
995 61416908957
996 61549802957
997 61577306957
998 61579125851
999 61701204991
1000 61828308947
1001 61912673957
1002 61954647947
1003 62057870911
1004 62110160173
1005 62231756891
1006 62311233991
1007 62350961891
1008 62384069899
1009 62493753799
1010 62523962911
1011 62533796957
1012 62536831871
1013 62645048957
1014 62651795957
1015 62813645861
1016 62823716861
1017 63240927881
1018 63245031877
1019 63482448977
1020 63522401953
1021 63575721901
1022 63590406829
1023 63590981957
1024 63715426871
1025 63752064829
1026 63863167789
1027 63874074863
1028 64018980947
1029 64188513901
1030 64194335861
1031 64327864967
1032 64367523901
1033 64564537789
1034 64603962947
1035 64699714637
1036 64744780909
1037 64751694947
1038 64820866853
1039 64894440977
1040 65064694967
1041 65091657977
1042 65101612981
1043 65150025877
1044 65422790809
1045 65512103971
1046 65525773967
1047 65538797237
1048 65688463637
1049 65717051891
1050 65738458637
1051 65926332947
1052 65951342861
1053 66036675799
1054 66344000971
1055 66354416809
1056 66360751819
1057 66382074901
1058 66518162861
1059 66563312891
1060 66610210943
1061 66649829237
1062 66704727919
1063 66722652901
1064 67112856851
1065 67140484871
1066 67189844537
1067 67250466851
1068 67345294967
1069 67558574537
1070 67587445637
1071 67695837137
1072 67701672901
1073 67756718537
1074 67810065881
1075 67827691637
1076 67844005819
1077 67844962637
1078 67856820947
1079 67963450967
1080 68075275909
1081 68096805947
1082 68105187947
1083 68161073839
1084 68183702861
1085 68224643957
1086 68236644799
1087 68277130871
1088 68543214829
1089 68761390967
1090 68779703537
1091 68851611947
1092 68953054789
1093 69232585967
1094 69292080901
1095 69396463637
1096 69457063789
1097 69484153789
1098 69503706851
1099 69592630967
1100 69680767337
1101 69685023977
1102 69726316853
1103 69988243337
1104 70033688957
1105 70300013293
1106 70339671851
1107 70494352871
1108 70651583911
1109 70847481863
1110 70881672863
1111 71100021493
1112 71104252897
1113 71118493871
1114 71136268871
1115 71203351981
1116 71251982861
1117 71380608881
1118 71459193863
1119 71467916957
1120 71469587537
1121 71528804861
1122 71621385881
1123 71636367799
1124 71952778637
1125 72216458861
1126 72241511887
1127 72379132871
1128 72383197967
1129 72408982909
1130 72502881881
1131 72608283901
1132 72693885437
1133 72709365977
1134 72806045891
1135 72904652861
1136 72918472789
1137 73339920947
1138 73371294901
1139 73456314829
1140 73473407957
1141 73640909899
1142 73812344891
1143 73875584537
1144 73915118957
1145 74062938977
1146 74609530871
1147 74654456957
1148 74731068901
1149 74879481437
1150 74905541911
1151 74919640967
1152 74957801957
1153 75046635901
1154 75129217819
1155 75252488957
1156 75286617947
1157 75401877919
1158 75431662871
1159 75437094919
1160 75503357861
1161 75537247909
1162 75572993537
1163 75579756137
1164 75625456789
1165 75675005911
1166 76000073971
1167 76158564947
1168 76223667977
1169 76304905819
1170 76328744957
1171 76338026861
1172 76437815957
1173 76737317957
1174 76911083957
1175 76961425967
1176 76967501957
1177 77229401891
1178 77341605829
1179 77344343809
1180 77389844237
1181 77482434863
1182 77623933967
1183 77648169437
1184 77652215911
1185 77789621537
1186 77909324957
1187 78015327881
1188 78036515861
1189 78626226799
1190 78791133977
1191 79071638957
1192 79185450977
1193 79281658637
1194 79351188947
1195 79483189337
1196 79561109899
1197 79614216901
1198 79641760789
1199 79653633947
1200 79831121891
1201 79907224853
1202 80066372839
1203 80129426891
1204 80148850819
1205 80386987337
1206 80393792957
1207 80394485957
1208 80405204953
1209 80410868809
1210 80533210981
1211 80547452957
1212 80565381851
1213 80623782901
1214 80739481789
1215 80786218967
1216 80871540881
1217 80882270957
1218 81100061173
1219 81149181829
1220 81176943977
1221 81189702851
1222 81280410877
1223 81372696947
1224 81372834901
1225 81411685871
1226 81531863911
1227 81543650891
1228 81558048799
1229 81637365863
1230 81756216947
1231 81812992967
1232 81880325861
1233 81881433901
1234 81912822881
1235 81915087977
1236 82141898957
1237 82202521943
1238 82383701891
1239 82398216799
1240 82554651947
1241 82614184871
1242 82794703909
1243 83117725819
1244 83236328957
1245 83245378967
1246 83269741967
1247 83317184809
1248 83381592799
1249 83408316829
1250 83638231871
1251 83751903947
1252 83833236901
1253 83844931909
1254 83847320957
1255 83983739831
1256 84127927789
1257 84166993637
1258 84302219933
1259 84313398977
1260 84321827809
1261 84322469899
1262 84506156957
1263 84515841947
1264 84547421957
1265 84694641947
1266 84754904957
1267 84807423947
1268 84952408967
1269 85009864967
1270 85012131991
1271 85214348861
1272 85219514911
1273 85269222901
1274 85270586957
1275 85292643977
1276 85384250911
1277 85428587537
1278 85432526911
1279 85653711901
1280 85732365799
1281 85849150909
1282 85872179537
1283 85892585237
1284 85959066437
1285 86193122891
1286 86210985799
1287 86232963799
1288 86333345957
1289 86394867137
1290 86486914637
1291 86507604851
1292 86577369821
1293 86631816977
1294 86777279801
1295 86874635537
1296 87014267861
1297 87023937799
1298 87066481967
1299 87072550819
1300 87079855337
1301 87135084851
1302 87255462799
1303 87428308789
1304 87465938237
1305 87632243911
1306 87656111911
1307 87756315947
1308 87763440977
1309 87821910947
1310 88422371861
1311 88424337977
1312 88475847137
1313 88495345637
1314 88535070851
1315 88631688437
1316 88635903947
1317 88956178037
1318 88990032799
1319 89002908901
1320 89010782911
1321 89109355967
1322 89315564957
1323 89320831819
1324 89554134863
1325 89581199237
1326 89675043947
1327 89849625137
1328 90254168861
1329 90269328977
1330 90392805901
1331 90832799537
1332 90850472957
1333 90860256901
1334 90909626957
1335 90998272637
1336 91137193871
1337 91187710871
1338 91219752901
1339 91293143891
1340 91330835891
1341 91413566957
1342 91438068919
1343 91444099963
1344 91468412911
1345 91475491909
1346 91548422957
1347 91596220819
1348 91786438637
1349 92061439909
1350 92065174871
1351 92077770977
1352 92144958947
1353 92178148967
1354 92209662851
1355 92223980809
1356 92300413943
1357 92807252809
1358 92917623863
1359 92928510947
1360 93028058957
1361 93046935977
1362 93080365871
1363 93259151861
1364 93327267799
1365 93543218957
1366 93670271809
1367 93708165919
1368 93772516909
1369 93872640863
1370 94128419899
1371 94259304901
1372 94309440881
1373 94440775789
1374 94550570911
1375 94564341901
1376 94565893337
1377 94712624957
1378 94841504809
1379 94875887819
1380 95135837957
1381 95234746909
1382 95236087789
1383 95394423799
1384 95403838853
1385 95614762853
1386 95634116861
1387 95716255853
1388 95902811861
1389 95926727537
1390 95960278637
1391 95998406237
1392 96009458957
1393 96066215957
1394 96130644829
1395 96207900829
1396 96308811901
1397 96388230919
1398 96413922901
1399 96472570967
1400 96481600819
1401 96579308537
1402 96804114829
1403 96979039037
1404 97136625919
1405 97145382977
1406 97209313871
1407 97257656537
1408 97317422911
1409 97516452799
1410 97605426977
1411 97713642799
1412 97783303853
1413 97848714437
1414 97881015863
1415 98038251851
1416 98050446947
1417 98060191871
1418 98254303871
1419 98361810851
1420 98435378537
1421 98520753977
1422 98573521789
1423 98662947137
1424 98743486337
1425 98805596237
1426 99043889237
1427 99540503809
1428 99607500901
1429 99700164901
1430 99739483037
1431 99933322967
1432 99989200637
1433 100052474887
1434 100088666911
1435 100185857809
1436 100260203293
1437 100330143373
1438 100439782871
1439 100463848871
1440 100509287839
1441 100510911073
1442 100603670887
1443 100679760901
1444 100732857881
1445 100879718957
1446 101041582981
1447 101064400273
1448 101111173183
1449 101408879899
1450 101423712953
1451 101464015943
1452 101578386799
1453 101782656947
1454 101799350911
1455 101854682957
1456 101953185881
1457 101967452809
1458 102110146093
1459 102200800483
1460 102279336881
1461 102298365901
1462 102300140773
1463 102342031273
1464 102444710887
1465 102491401981
1466 102550416923
1467 103007997947
1468 103171000393
1469 103267301887
1470 103487246809
1471 103507398947
1472 103590555881
1473 103628682901
1474 103691807911
1475 103751007923
1476 103807068881
1477 103886427919
1478 103949697437
1479 103988669831
1480 103996237853
1481 104059761881
1482 104146982809
1483 104195509909
1484 104284003981
1485 104474835851
1486 104543177839
1487 104561918957
1488 104571868789
1489 104628743861
1490 104654039929
1491 104689260947
1492 104772855919
1493 105238950881
1494 105239772901
1495 105281486809
1496 105453905839
1497 105483940819
1498 105497450911
1499 105656148947
1500 105757612819
1501 105761484901
1502 105938878337
1503 105999052967
1504 106011040573
1505 106112111293
1506 106269294863
1507 106710319943
1508 106747588637
1509 106775721947
1510 106878865337
1511 106907009929
1512 107036890871
1513 107113424953
1514 107182674901
1515 107499462947
1516 107550591881
1517 107633826851
1518 107793787337
1519 107866327967
1520 108029294911
1521 108213729919
1522 108355882853
1523 108572930957
1524 108881501891
1525 108882540901
1526 109086812911
1527 109248690977
1528 109342188947
1529 109362594919
1530 109458025871
1531 109488936437
1532 109527385789
1533 109575327863
1534 109649050871
1535 109804728799
1536 109932702829
1537 110065896851
1538 110077971881
1539 110106653971
1540 110130593933
1541 110159401981
1542 110309072971
1543 110369590871
1544 110413553953
1545 110658932861
1546 110709935911
1547 110711797871
1548 110790366881
1549 110996373977
1550 111014500573
1551 111040375981
1552 111128720953
1553 111174288881
1554 111206968819
1555 111504002383
1556 111554854871
1557 111700615981
1558 111726387901
1559 111758324891
1560 111907482829
1561 111913115971
1562 111921888977
1563 111965256947
1564 111966934853
1565 111980685919
1566 112004465887
1567 112042462897
1568 112107381877
1569 112121530093
1570 112252866829
1571 112303222183
1572 112320427943
1573 112342334887
1574 112450081943
1575 112500070183
1576 112632549919
1577 112683285851
1578 112938541819
1579 113192688799
1580 113240651971
1581 113250702953
1582 113656767947
1583 113764765853
1584 113778251861
1585 113830125923
1586 113861796947
1587 113878140829
1588 114060995911
1589 114079184861
1590 114366843901
1591 114509538947
1592 114692928947
1593 114737845967
1594 114760827901
1595 114862476863
1596 115012634953
1597 115053576829
1598 115399610957
1599 115418109923
1600 115796160947
1601 115846632851
1602 115944443809
1603 116385620891
1604 116607317891
1605 116627845967
1606 116642478863
1607 116767131881
1608 116826187853
1609 117053368819
1610 117242658851
1611 117271974977
1612 117314981957
1613 117488650967
1614 117583579637
1615 117609870799
1616 117663268909
1617 117671968637
1618 117747813863
1619 117848361977
1620 117849288437
1621 117925137851
1622 117955611901
1623 118039713829
1624 118046627957
1625 118048806947
1626 118099341901
1627 118459500829
1628 118542374809
1629 118627672789
1630 118638105829
1631 118644072881
1632 118651716901
1633 118718421881
1634 118804284947
1635 118909345967
1636 119291646919
1637 119352486863
1638 119806091957
1639 119912560819
1640 119940804901
1641 119951133829
1642 120027721897
1643 120090501073
1644 120112789913
1645 120117272953
1646 120186498977
1647 120379398947
1648 120380696809
1649 120456737861
1650 120687943967
1651 120754950829
1652 120793962977
1653 121039496957
1654 121557596957
1655 121581557957
1656 121727691947
1657 121764276947
1658 121859887337
1659 121883466977
1660 122166104887
1661 122257656901
1662 122298447977
1663 122311000783
1664 122395495909
1665 122441045933
1666 122584685957
1667 122626188901
1668 122792073829
1669 122840132971
1670 122887486637
1671 123242505877
1672 123393562871
1673 123405738881
1674 123453597919
1675 123686554909
1676 123689624957
1677 123736738967
1678 123915707911
1679 124036763839
1680 124114586891
1681 124124090971
1682 124143594829
1683 124199076863
1684 124377773957
1685 124439652901
1686 124495341881
1687 124676176789
1688 124680761911
1689 124693290901
1690 124753262891
1691 124786151911
1692 124815263891
1693 124834183871
1694 124836641957
1695 124887082909
1696 124912627871
1697 124962367853
1698 125024799973
1699 125292717947
1700 125293437851
1701 125474930957
1702 125918162861
1703 126028488919
1704 126215873911
1705 126369212839
1706 126777621977
1707 126782039899
1708 126801103943
1709 126929433863
1710 126967911947
1711 127125765947
1712 127237658957
1713 127279996037
1714 127350392839
1715 127372374947
1716 127528035881
1717 127528551901
1718 127641821891
1719 127881903977
1720 127910591911
1721 127981521947
1722 128350557901
1723 128358463967
1724 128407752901
1725 128522355881
1726 128542737863
1727 128554073861
1728 128653532911
1729 128744081957
1730 128749844537
1731 128789877809
1732 128960185789
1733 129181683977
1734 129202429913
1735 129226280891
1736 129239077853
1737 129240638861
1738 129282912947
1739 129388528637
1740 129472969337
1741 129502861871
1742 129713324891
1743 129754291967
1744 129875142977
1745 129985814537
1746 130398294919
1747 130412014093
1748 130680894863
1749 130722101173
1750 130811413981
1751 131232145897
1752 131269806947
1753 131273939899
1754 131385474901
1755 131419745861
1756 131524116877
1757 131766291901
1758 131843088901
1759 131870831839
1760 131873661901
1761 132020204383
1762 132033533953
1763 132091775861
1764 132110528887
1765 132111602083
1766 132120175981
1767 132269943919
1768 132344288957
1769 132351847871
1770 132438473861
1771 132524229923
1772 132655670957
1773 132799333967
1774 132863067947
1775 132894500839
1776 132964628957
1777 133087494863
1778 133264419919
1779 133298720809
1780 133371791957
1781 133425465829
1782 133611856871
1783 134102803897
1784 134298417863
1785 134361609919
1786 134458357853
1787 134542950881
1788 134549153861
1789 134613662891
1790 134659130839
1791 134966972537
1792 134973595637
1793 135129972863
1794 135145917947
1795 135200389913
1796 135239592799
1797 135241968863
1798 135242780891
1799 135324582881
1800 135406277911
1801 135465722911
1802 135571227829
1803 135759244967
1804 135839402861
1805 135892615909
1806 136106747957
1807 136113720877
1808 136239262871
1809 136258536977
1810 136458642863
1811 136772621861
1812 136833492863
1813 136947720799
1814 136965628637
1815 137096252861
1816 137262694853
1817 137341545881
1818 137537037851
1819 137618888237
1820 137633436851
1821 137675142901
1822 137743836947
1823 137798291537
1824 137812473901
1825 137931753977
1826 137940162881
1827 138255612829
1828 138344187977
1829 138438474947
1830 138438544967
1831 138491905967
1832 138492223819
1833 138526901861
1834 138545466947
1835 138662554967
1836 138887395037
1837 139089064909
1838 139116283819
1839 139234316891
1840 139289772437
1841 139321009943
1842 139416475853
1843 139624815919
1844 139678528337
1845 139740316871
1846 139805391799
1847 139808015911
1848 140038637839
1849 140208323953
1850 140473310953
1851 140589341911
1852 140667252829
1853 140692136839
1854 140785743799
1855 140900927891
1856 141100645897
1857 141171699917
1858 141205011373
1859 141332044897
1860 141342767809
1861 141360773891
1862 141406520953
1863 141475911881
1864 141531867947
1865 141535547809
1866 141549802871
1867 141731124877
1868 141866801809
1869 142144776901
1870 142237953901
1871 142240895861
1872 142278753919
1873 142359870977
1874 142377327901
1875 142673954957
1876 142753396853
1877 142813673809
1878 142934541829
1879 142939035947
1880 142959051901
1881 142976576537
1882 143143206923
1883 143287716919
1884 143346570881
1885 143470112971
1886 143512298911
1887 143537493863
1888 143542009943
1889 143558364919
1890 143569530851
1891 143718416911
1892 143741021887
1893 143753544901
1894 143818403891
1895 143821178861
1896 143882842967
1897 143973797237
1898 144348682853
1899 144352861819
1900 144392723861
1901 144686076947
1902 144772712957
1903 144832244839
1904 144929652947
1905 145083706871
1906 145096163911
1907 145107479899
1908 145141288871
1909 145289104819
1910 145431358871
1911 145637711809
1912 145676142851
1913 145705554851
1914 145730586977
1915 145750653901
1916 145770357977
1917 145837610911
1918 145916940977
1919 146082491861
1920 146190822881
1921 146359624967
1922 146493184909
1923 146591493947
1924 146709624977
1925 146727643967
1926 146828278637
1927 146863184957
1928 146931376789
1929 147019075871
1930 147083358977
1931 147225937909
1932 147290084911
1933 147707985437
1934 147785205977
1935 147946881437
1936 148020658871
1937 148121756911
1938 148219532861
1939 148262263871
1940 148335663799
1941 148425452957
1942 148490216957
1943 148495569137
1944 148586640947
1945 148698933137
1946 148842724909
1947 149024671819
1948 149268353957
1949 149308407851
1950 149324675957
1951 149482340957
1952 149486103947
1953 149536303871
1954 149576910947
1955 149704353901
1956 149793599873
1957 149880442853
1958 149936583437
1959 150030508981
1960 150378650911
1961 150492676853
1962 150514962881
1963 150609096947
1964 150766493957
1965 150917990957
1966 151000073173
1967 151296171881
1968 151408437881
1969 151585287947
1970 151585772957
1971 151592643901
1972 151641129923
1973 151648533947
1974 151959064967
1975 152002065953
1976 152228507891
1977 152293219909
1978 152322042991
1979 152346756977
1980 152362488977
1981 152379481789
1982 152523957919
1983 152730933881
1984 152786901919
1985 152794337957
1986 152801487851
1987 152852874947
1988 152894128909
1989 152949504919
1990 153028032877
1991 153145175839
1992 153235494851
1993 153262358957
1994 153600098891
1995 153671547863
1996 153740102953
1997 153750198799
1998 153864252901
1999 153914244829
2000 154029408881
2001 154049847947
2002 154370285911
2003 154582520839
2004 154648223911
2005 154717036819
2006 154762703957
2007 154835455967
2008 154878007789
2009 155339365967
2010 155444935853
2011 155572026829
2012 155583553967
2013 155593404947
2014 155595470957
2015 155630493901
2016 155724054881
2017 155738371967
2018 155744621861
2019 155748179537
2020 156086433851
2021 156133943957
2022 156146094901
2023 156229672789
2024 156343692863
2025 156550814911
2026 156999351437
2027 157019643901
2028 157024196957
2029 157089682637
2030 157192026829
2031 157369161919
2032 157434416861
2033 157447044851
2034 157469875037
2035 157614483863
2036 157654008851
2037 157658601977
2038 157713651947
2039 157723644977
2040 157797139337
2041 157806035809
2042 157971033851
2043 157994157437
2044 158019514819
2045 158057562977
2046 158214078851
2047 158296198337
2048 158419585637
2049 158457259637
2050 158519398337
2051 158577383537
2052 158632172911
2053 158835352789
2054 158900388947
2055 159062507861
2056 159070365851
2057 159506823799
2058 159621419899
2059 159688292237
2060 159736041851
2061 159768079811
2062 159964314947
2063 160088754799
2064 160353519919
2065 160425755957
2066 160483415891
2067 160489587437
2068 160645680851
2069 160706438957
2070 160839168947
2071 160853943799
2072 160882703911
2073 160934526901
2074 161088395957
2075 161133953891
2076 161306049923
2077 161335547861
2078 161464371881
2079 161636175947
2080 162105999899
2081 162135925871
2082 162276822901
2083 162279914957
2084 162317156891
2085 162389992337
2086 162439614901
2087 162499875137
2088 162582192901
2089 163251663881
2090 163315717871
2091 163385143819
2092 163409525911
2093 163573047851
2094 163661782789
2095 163777206863
2096 163792417909
2097 163856022829
2098 163898199929
2099 164054346829
2100 164273718799
2101 164404266881
2102 164494380977
2103 164606692909
2104 164627887337
2105 164831944789
2106 164913877637
2107 164939825537
2108 164941181957
2109 164991370909
2110 165070029923
2111 165431246839
2112 165610492819
2113 165665661947
2114 165762611957
2115 165829306967
2116 165859915337
2117 165906228863
2118 165951147799
2119 166032673871
2120 166127685947
2121 166137516851
2122 166159323901
2123 166199917337
2124 166370595947
2125 166407979337
2126 166418433851
2127 166538541919
2128 166735521947
2129 166830387947
2130 166948549037
2131 167117741957
2132 167210970881
2133 167231617871
2134 167238143861
2135 167320876967
2136 167351791967
2137 167364333901
2138 167383223957
2139 167422527851
2140 167425073957
2141 167434759637
2142 167495134967
2143 167575619537
2144 167576268437
2145 167589460637
2146 168212595919
2147 168356684537
2148 168416361947
2149 168562760957
2150 168807588137
2151 168906519737
2152 169060633871
2153 169157003891
2154 169237500881
2155 169273354967
2156 169457198237
2157 169615578437
2158 169761847337
2159 169830204881
2160 170018123953
2161 170066088851
2162 170116584829
2163 170276998337
2164 170323826891
2165 170389421861
2166 170478338957
2167 170683672909
2168 170733918799
2169 170849065789
2170 171233268881
2171 171274292957
2172 171338538799
2173 171495931909
2174 171591354947
2175 171621374891
2176 171652944919
2177 172040796901
2178 172194267799
2179 172328228861
2180 172352663911
2181 172469308789
2182 172533937967
2183 172583550851
2184 172586202829
2185 172610510971
2186 172758005957
2187 172759866137
2188 172818572957
2189 172818807947
2190 172930446851
2191 173012079923
2192 173334544871
2193 173399700977
2194 173555617789
2195 173724977537
2196 173794450789
2197 173939152967
2198 173991615947
2199 174006009913
2200 174243866957
2201 174299581637
2202 174366825947
2203 174499067537
2204 174501593957
2205 174681057919
2206 174920548853
2207 174967340957
2208 175074486947
2209 175196412851
2210 175201756819
2211 175278136853
2212 175518831799
2213 175576348637
2214 175590822863
2215 175603065881
2216 175603377799
2217 175608108901
2218 175672282967
2219 176258594537
2220 176504475799
2221 176572941947
2222 176818578137
2223 176869049237
2224 176948263637
2225 177048034871
2226 177419433977
2227 177432053891
2228 177563731853
2229 177573773537
2230 177626214947
2231 177641644853
2232 177659147537
2233 177662148947
2234 177762097637
2235 177803126861
2236 177861005957
2237 177950051809
2238 178290723977
2239 178317634853
2240 178421745863
2241 178452008957
2242 178474710977
2243 178616015957
2244 178673206909
2245 178761532967
2246 178779184037
2247 178919708237
2248 178998759931
2249 179044008881
2250 179085163853
2251 179328433789
2252 179430636799
2253 179488606337
2254 179514784637
2255 179536711789
2256 179606132809
2257 179715136967
2258 180157805911
2259 180412797919
2260 180466027871
2261 180550894967
2262 180757007861
2263 180780362911
2264 180853843909
2265 180900971957
2266 180934901957
2267 181178562977
2268 181220687861
2269 181367508799
2270 181386511871
2271 181417931911
2272 181444296799
2273 181568418947
2274 181618475957
2275 181632590861
2276 181689021901
2277 182008166839
2278 182059365919
2279 182168081957
2280 182391277853
2281 182483262901
2282 182535632809
2283 182638700809
2284 182688932537
2285 182830439899
2286 182852241829
2287 183255452911
2288 183514219909
2289 183998373137
2290 184113564881
2291 184143564947
2292 184155407911
2293 184494020839
2294 184716801851
2295 185003871881
2296 185004367819
2297 185078539637
2298 185496580637
2299 185505506861
2300 185703924799
2301 185751462977
2302 185901327901
2303 185951614789
2304 185976202967
2305 186368800789
2306 186411806957
2307 186640994537
2308 186669294137
2309 186711177977
2310 186835212947
2311 186917151919
2312 186964161947
2313 187338776237
2314 187447440863
2315 187523292919
2316 187632977237
2317 188021294911
2318 188080538957
2319 188189976809
2320 188194429637
2321 188206324871
2322 188230517861
2323 188744963237
2324 189120738977
2325 189172236919
2326 189178852337
2327 189279285137
2328 189343004839
2329 189407118799
2330 189502533901
2331 189530661919
2332 189596199883
2333 189638368037
2334 190002875891
2335 190006956901
2336 190053647957
2337 190130710897
2338 190235462891
2339 190290474851
2340 190297080851
2341 190456383863
2342 190539447947
2343 190574708957
2344 190646603957
2345 190703834957
2346 191046356911
2347 191092586957
2348 191181293911
2349 191362662851
2350 191373378947
2351 191385414851
2352 191386344977
2353 191437314881
2354 191508385853
2355 191602735871
2356 191998762037
2357 192038342891
2358 192146925977
2359 192459812957
2360 192475750967
2361 192485235799
2362 192579819137
2363 192581153911
2364 192639235967
2365 192644776637
2366 192678782237
2367 192730396909
2368 192742800881
2369 192779320967
2370 192825800957
2371 193297803947
2372 193466381957
2373 193596000881
2374 193604534911
2375 193683317957
2376 193838874137
2377 194132167871
2378 194304393901
2379 194306363957
2380 194339823947
2381 194613690977
2382 194629221851
2383 194656026919
2384 194783504957
2385 194807730919
2386 194809146947
2387 195016751861
2388 195199035947
2389 195422832851
2390 195473451799
2391 195546985037
2392 195718737437
2393 195822705977
2394 195955259831
2395 196041694853
2396 196094299337
2397 196101103897
2398 196112546911
2399 196145504809
2400 196231576967
2401 196277090957
2402 196364452789
2403 196416166909
2404 196430238947
2405 196562073919
2406 196645564637
2407 196713435977
2408 196779219137
2409 196851130871
2410 196912404851
2411 197077242863
2412 197180141891
2413 197222192861
2414 197252829737
2415 197334053911
2416 197503533901
2417 197883239831
2418 197911803799
2419 198057253789
2420 198126960947
2421 198214038851
2422 198284828237
2423 198287048537
2424 198703061861
2425 198715242863
2426 198891212957
2427 198942105863
2428 199003585789
2429 199341180851
2430 199401542861
2431 199421974637
2432 199427720957
2433 199622331851
2434 199824097337
2435 199869569743
2436 200031673943
2437 200051132293
2438 200111034583
2439 200394780829
2440 200500410493
2441 200609738957
2442 200806388911
2443 200814020083
2444 200949335911
2445 200993826919
2446 201045901897
2447 201302492933
2448 201479354861
2449 201596471809
2450 201695091881
2451 201757281881
2452 201866594957
2453 202132610083
2454 202192748809
2455 202641540923
2456 202742945957
2457 202762366871
2458 202857870977
2459 202867532957
2460 203069595919
2461 203132978861
2462 203224901953
2463 203239296901
2464 203280578861
2465 203350424887
2466 203653328839
2467 203691179899
2468 203717580881
2469 203740420943
2470 203928915863
2471 203929356863
2472 204116799917
2473 204176275871
2474 204177726947
2475 204360578911
2476 204581238881
2477 204748460911
2478 204812667947
2479 204874575947
2480 205060522943
2481 205360586861
2482 205413498947
2483 205498685537
2484 205523601923
2485 205555845863
2486 205715767909
2487 205774518799
2488 205991505901
2489 206220704887
2490 206273255891
2491 206375845789
2492 206445357901
2493 206517292871
2494 206749758437
2495 206817088909
2496 206978225957
2497 206987160977
2498 207036953957
2499 207085254829
2500 207328543819
2501 207678441977
2502 207695963537
2503 208169361901
2504 208179680957
2505 208372822871
2506 208660094809
2507 208818955637
2508 208971305861
2509 209048484863
2510 209051340877
2511 209167635977
2512 209335562809
2513 209392062829
2514 209508861977
2515 209552462957
2516 209555743853
2517 209603618911
2518 209603796947
2519 209608195967
2520 209758415957
2521 209957829821
2522 210011913073
2523 210020813083
2524 210051223093
2525 210380241991
2526 210389268919
2527 210458592901
2528 210603830953
2529 210657366851
2530 210727836947
2531 210943755901
2532 211004546887
2533 211042661887
2534 211071243991
2535 211345666871
2536 211470999899
2537 211588803901
2538 212038340953
2539 212088693863
2540 212204092981
2541 212492694977
2542 212686655957
2543 212725727861
2544 212897747537
2545 212971584799
2546 213089698637
2547 213107919919
2548 213142352953
2549 213163846871
2550 213408690829
2551 213507768977
2552 213612667819
2553 214654904809
2554 214790561957
2555 214850356871
2556 214928275909
2557 214974283967
2558 215088404891
2559 215110391933
2560 215130978851
2561 215139506891
2562 215277147851
2563 215331668809
2564 215421233887
2565 215433635839
2566 215489056967
2567 215492334829
2568 215542566901
2569 215691537977
2570 215869586237
2571 215968641947
2572 216041021173
2573 216122314981
2574 216174453829
2575 216192563911
2576 216303049943
2577 216345068809
2578 216439144819
2579 216505320877
2580 216548071819
2581 217002004183
2582 217281265819
2583 217362086957
2584 217773140839
2585 217821990977
2586 217856532799
2587 217876243789
2588 218081870911
2589 218186661799
2590 218880672947
2591 219172648967
2592 219264038911
2593 219435817967
2594 219532946957
2595 219714741947
2596 219792127853
2597 219819320957
2598 220273699907
2599 220496063891
2600 220512108991
2601 220663197851
2602 220741995919
2603 220811324933
2604 220866252881
2605 221058384881
2606 221112644887
2607 221209329923
2608 221216479909
2609 221247276881
2610 221268930829
2611 221421065953
2612 221641794851
2613 221649978437
2614 221772805819
2615 222351983957
2616 222384614839
2617 222479844947
2618 222513997967
2619 222791643901
2620 223073448881
2621 223284527861
2622 223354795967
2623 223616516891
2624 223723548901
2625 223887426947
2626 223947543977
2627 223980880789
2628 224072221897
2629 224072577851
2630 224078567957
2631 224135061923
2632 224202802981
2633 224244050971
2634 224314224877
2635 224316060923
2636 224563283911
2637 224803009903
2638 225227399953
2639 225292815901
2640 225415787957
2641 225493672967
2642 225621597977
2643 225633536809
2644 225730628911
2645 225809622947
2646 225839605967
2647 225893150911
2648 225899033957
2649 226001155981
2650 226083563911
2651 226436333891
2652 226517944789
2653 226898499959
2654 226942190861
2655 226993044919
2656 227282638789
2657 227440583809
2658 227440746851
2659 227458576637
2660 227499591437
2661 227645464789
2662 227651364851
2663 227673382967
2664 227762653967
2665 227839014947
2666 227877742637
2667 228115375819
2668 228134372839
2669 228143553829
2670 228398333957
2671 228461197967
2672 228608181947
2673 228671158909
2674 228819269537
2675 228852430819
2676 229108436911
2677 229172490901
2678 229226566967
2679 229309721911
2680 229482607789
2681 229575506957
2682 229633801819
2683 229826308967
2684 230200201873
2685 230248584901
2686 230275419919
2687 230359477967
2688 231010285943
2689 231115054981
2690 231528667967
2691 231766096909
2692 231778321871
2693 231780904871
2694 231837772909
2695 231909960977
2696 232170955871
2697 232473707911
2698 232644889637
2699 232797510947
2700 232822379899
2701 232845744863
2702 232877605967
2703 232915485799
2704 232916706851
2705 232944125891
2706 232965753947
2707 233193247871
2708 233277722911
2709 233308777789
2710 233486306957
2711 233571650891
2712 233851247957
2713 233866250861
2714 233895773537
2715 233914227881
2716 234006898967
2717 234020829923
2718 234076770901
2719 234122984957
2720 234375308957
2721 234674538947
2722 234762547853
2723 234806763977
2724 234839016901
2725 234847347947
2726 235005686957
2727 235246675967
2728 235278315851
2729 235305121897
2730 235422557861
2731 235569325853
2732 235581207881
2733 235825253957
2734 235863942947
2735 235923357863
2736 236041457891
2737 236108925901
2738 236384689337
2739 236508902957
2740 236563356977
2741 236575749437
2742 236764070957
2743 236815722901
2744 236866776137
2745 236991949037
2746 237035948957
2747 237036590957
2748 237069422809
2749 237195697337
2750 237227524871
2751 237426693947
2752 237616560901
2753 237718042819
2754 237894043967
2755 238019808919
2756 238057528789
2757 238095345977
2758 238193896337
2759 238425360881
2760 238737410809
2761 238774367537
2762 238855090853
2763 238973384537
2764 239004828901
2765 239079970637
2766 239397011957
2767 239648961437
2768 239661381977
2769 239681855537
2770 239847808337
2771 239926022957
2772 240417368911
2773 240616210897
2774 240678759437
2775 240896980637
2776 240966238967
2777 241226990957
2778 241272376819
2779 241377771799
2780 241422988909
2781 241439245871
2782 241597567637
2783 241815487789
2784 241901502877
2785 242184518809
2786 242265902891
2787 242340944891
2788 242386073861
2789 242435654861
2790 242515881851
2791 243141430897
2792 243155408891
2793 243278413871
2794 243376353947
2795 243384618977
2796 243387843947
2797 243432368957
2798 243463856957
2799 243524277851
2800 243599695037
2801 243622221923
2802 243727191901
2803 243750918799
2804 243762951977
2805 243829104829
2806 243901368901
2807 243989373437
2808 244138154839
2809 244283615861
2810 244303784957
2811 244591385957
2812 244661737909
2813 244788333947
2814 244818856637
2815 244859215967
2816 245044130971
2817 245071202953
2818 245119563947
2819 245138058901
2820 245185663909
2821 245256961909
2822 245348643919
2823 245559505909
2824 245622921881
2825 246014864957
2826 246083622881
2827 246287016947
2828 246318830911
2829 246923472863
2830 247365543977
2831 247574038967
2832 247676134967
2833 247824435799
2834 247868760437
2835 248054683909
2836 248076206957
2837 248126490947
2838 248336671853
2839 248391384947
2840 248506645789
2841 248607067789
2842 248763992237
2843 248853280789
2844 249141955967
2845 249184605863
2846 249223391957
2847 249337977137
2848 249590610901
2849 249638818337
2850 249654839831
2851 249672505967
2852 249809784137
2853 249844072967
2854 249994344437
2855 250129009903
2856 250350403981
2857 250362797957
2858 250451610923
2859 250670807861
2860 250772604881
2861 250821895967
2862 250839374957
2863 250971263957
2864 251044995977
2865 251061917891
2866 251198171911
2867 251297806789
2868 251319473957
2869 251375920819
2870 251439235819
2871 251454218839
2872 251663822957
2873 251723970947
2874 251748293957
2875 251774376947
2876 251967874337
2877 252058752947
2878 252255842911
2879 252493708967
2880 252552774863
2881 252590801891
2882 252655640911
2883 252682752799
2884 252710387911
2885 252738825947
2886 252917514901
2887 253117031887
2888 253184903861
2889 253252607891
2890 253276565957
2891 253470629899
2892 253539017911
2893 253584095957
2894 253609296947
2895 253765170947
2896 253810098947
2897 254206697957
2898 254468250947
2899 254470715809
2900 254665969037
2901 254848503799
2902 254976096437
2903 255062991977
2904 255086536909
2905 255205427839
2906 255234776957
2907 255293801957
2908 255321103897
2909 255482715977
2910 255512186911
2911 255623881967
2912 256071748789
2913 256119156851
2914 256136424829
2915 256319717957
2916 256403964863
2917 256692910853
2918 256887069821
2919 256986817037
2920 257062074881
2921 257167213819
2922 257174901901
2923 257382841853
2924 257513835863
2925 257744398337
2926 257758132909
2927 257903267957
2928 258028314829
2929 258604352957
2930 258810118871
2931 259043336957
2932 259170183851
2933 259218215957
2934 259257108863
2935 259514080871
2936 259681504967
2937 259851621863
2938 260017106887
2939 260136176891
2940 260260114943
2941 260406102991
2942 260489506789
2943 260642960957
2944 260647181957
2945 260662794947
2946 260671382957
2947 260675754947
2948 260684129899
2949 260852962967
2950 260856785537
2951 261066846919
2952 261150997967
2953 261234934819
2954 261293377853
2955 261480784909
2956 261489568337
2957 261522230887
2958 261527109919
2959 261659723957
2960 261677114861
2961 261684152809
2962 261750273881
2963 261768524957
2964 261784378637
2965 261811278851
2966 262125891901
2967 262133133923
2968 262177428977
2969 262344889637
2970 262403755819
2971 262436048911
2972 262536341891
2973 262573491799
2974 262694571947
2975 262803956957
2976 262882161947
2977 262977430909
2978 263006393891
2979 263229047911
2980 263353683863
2981 263442348947
2982 263528489537
2983 263580781967
2984 263594300839
2985 263607531829
2986 263628875537
2987 263816355799
2988 263867497037
2989 263961107957
2990 264070391839
2991 264216815809
2992 264261093829
2993 264369811967
2994 264417367789
2995 264641453861
2996 264667136957
2997 264702357851
2998 265063355911
2999 265139338967
3000 265337253901
3001 265792271957
3002 265914741977
3003 265952730863
3004 265995336437
3005 266007780901
3006 266250882977
3007 266400798947
3008 266430813829
3009 266743224851
3010 266760017861
3011 266794751537
3012 266797154537
3013 266850166789
3014 266947997843
3015 266962493537
3016 267178270967
3017 267357207863
3018 267570279737
3019 267608837537
3020 267741072901
3021 268079111957
3022 268106936957
3023 268170191911
3024 268335265853
3025 268371346909
3026 268384234967
3027 268623431911
3028 268679256137
3029 268701723947
3030 268713264977
3031 268823179637
3032 268830503911
3033 269066786237
3034 269078567237
3035 269233880957
3036 269384388137
3037 269423275789
3038 269894777843
3039 269923384637
3040 269933351957
3041 270003131173
3042 270103036897
3043 270248764789
3044 270276273901
3045 270319845977
3046 270457008881
3047 271077075947
3048 271144040887
3049 271299079637
3050 271306466957
3051 271485841789
3052 271669803947
3053 271706813957
3054 271811546911
3055 271823741911
3056 271873293947
3057 271887251957
3058 271971965537
3059 272055138829
3060 272086721861
3061 272112954829
3062 272279400881
3063 272407728863
3064 272543703881
3065 272598536537
3066 272786202901
3067 273023988947
3068 273261409909
3069 273282470861
3070 273355037861
3071 273378424789
3072 273409491863
3073 273649251977
3074 273682032829
3075 273688871237
3076 273790112891
3077 273823136957
3078 273837302911
3079 273910680947
3080 274100063971
3081 274101767861
3082 274168166957
3083 274169240809
3084 274344604819
3085 274388208947
3086 274525414871
3087 274590699137
3088 274651145957
3089 274887662237
3090 275064754967
3091 275562440957
3092 275704672909
3093 275824322861
3094 276249495437
3095 276652134947
3096 276721307809
3097 276788605337
3098 276984718037
3099 277070126891
3100 277175361863
3101 277208328863
3102 277420490957
3103 277435048853
3104 277458405947
3105 277512727909
3106 277638158537
3107 277693480637
3108 277717317947
3109 277761114947
3110 277764602957
3111 277891042789
3112 278082577637
3113 278148395537
3114 278221349899
3115 278281923947
3116 278913014911
3117 278957462237
3118 279070191947
3119 279332670977
3120 279440807957
3121 279803424863
3122 279893199959
3123 279910776437
3124 279931944437
3125 279979303337
3126 280194137911
3127 280224683957
3128 280318782977
3129 280413109943
3130 280666491947
3131 280756517957
3132 280785638537
3133 280807740947
3134 280809105881
3135 280872294947
3136 280948040809
3137 280992858137
3138 280998698843
3139 281074167851
3140 281260764901
3141 281351369899
3142 281366252809
3143 281409615901
3144 281544887537
3145 281795583437
3146 281825601881
3147 281960433851
3148 282000929929
3149 282013928957
3150 282171912881
3151 282348086957
3152 282365175919
3153 282456606977
3154 282505543819
3155 282728544947
3156 282744119899
3157 282824571977
3158 282954213851
3159 283042157891
3160 283064187799
3161 283085114891
3162 283200513877
3163 283402681819
3164 283612722829
3165 283746394637
3166 283781150911
3167 283945005901
3168 284054238851
3169 284248137799
3170 284357317967
3171 284360277919
3172 284730830809
3173 284738239637
3174 284756860637
3175 284897770037
3176 284955484337
3177 285199628237
3178 285316663967
3179 285332622881
3180 285423935957
3181 285696194237
3182 285699237137
3183 286310445829
3184 286691112901
3185 286730303891
3186 286761021881
3187 286837336637
3188 286846860437
3189 286908944237
3190 286911070819
3191 287130793909
3192 287162832799
3193 287192034851
3194 287303660911
3195 287312292851
3196 287444675537
3197 287495015957
3198 287510157901
3199 287520281957
3200 287725731947
3201 287831055977
3202 287847442637
3203 287886146237
3204 288003247871
3205 288096321977
3206 288347484437
3207 288501660901
3208 288642055789
3209 288813410861
3210 288826313957
3211 288877331537
3212 289272122809
3213 289411285789
3214 289525126853
3215 289537556237
3216 289550115947
3217 289640141911
3218 289645933337
3219 289977217037
3220 289986251237
3221 289992858833
3222 290024430877
3223 290132967863
3224 290364097853
3225 290417255861
3226 290424833957
3227 290868101957
3228 290869100861
3229 291084566957
3230 291284436977
3231 291417456919
3232 291429170911
3233 291528417919
3234 291669926237
3235 291759369137
3236 291810643819
3237 291945127909
3238 292028741911
3239 292095589337
3240 292151409919
3241 292283627957
3242 292552898237
3243 292692240947
3244 292723836947
3245 292871043851
3246 292975653437
3247 293025573947
3248 293033591861
3249 293073962957
3250 293084168957
3251 293276218789
3252 293504694947
3253 293538254957
3254 293647202809
3255 293674431977
3256 293994286037
3257 294009654919
3258 294084168947
3259 294104806819
3260 294258504919
3261 294331652861
3262 294446783537
3263 294449086637
3264 294478110947
3265 294586020851
3266 294822733967
3267 294866140967
3268 295033382911
3269 295208879237
3270 295228774637
3271 295311874789
3272 295482235967
3273 295640445977
3274 295642341851
3275 295735666337
3276 295919202919
3277 296194341977
3278 296207241829
3279 296310561829
3280 296319389237
3281 296326417789
3282 296393956037
3283 296440933909
3284 296496501947
3285 296820232871
3286 296864786819
3287 297008842789
3288 297277402909
3289 297362163799
3290 297544550957
3291 297548930537
3292 297671366537
3293 297801209899
3294 297804992237
3295 297818050967
3296 298003964957
3297 298084646537
3298 298340530871
3299 298376121863
3300 298380028909
3301 298390558337
3302 298478812337
3303 298631478437
3304 298780725437
3305 299016138977
3306 299028453947
3307 299333344853
3308 299511993437
3309 299626628237
3310 299710897037
3311 299730604909
3312 299978852843
3313 300043824923
3314 300599094919
3315 300902988977
3316 301115253991
3317 301230492923
3318 301341182953
3319 301445726839
3320 301527294881
3321 301543467881
3322 301620210373
3323 301625312953
3324 301631478881
3325 301639978637
3326 301757246911
3327 302069165891
3328 302299917947
3329 302400739943
3330 302525684957
3331 302537982863
3332 302765561957
3333 302853931871
3334 303187335881
3335 303189108829
3336 303342656891
3337 303471944861
3338 304136573891
3339 304199086853
3340 304234847911
3341 304246935851
3342 304284380891
3343 304408737851
3344 304504863881
3345 304559215819
3346 304653228829
3347 304706185871
3348 304911683809
3349 304917822851
3350 304931942911
3351 305010555877
3352 305046591881
3353 305078255957
3354 305184527957
3355 305229174881
3356 305565514819
3357 305780234891
3358 305927343901
3359 305994162977
3360 306336393851
3361 306352824881
3362 306549224911
3363 306665472977
3364 306713398853
3365 306970772957
3366 307047580871
3367 307121799973
3368 307191355819
3369 307192408871
3370 307223828911
3371 307646324911
3372 307682532851
3373 307926072901
3374 308164347851
3375 308182791799
3376 308193835853
3377 308247360829
3378 308292506861
3379 308439192977
3380 308462085947
3381 308768018957
3382 309048717863
3383 309108954799
3384 309149940919
3385 309192664789
3386 309193154911
3387 309254567957
3388 309360009923
3389 309381798437
3390 309475507853
3391 309583774637
3392 309634726789
3393 309779462537
3394 309801625871
3395 309852625967
3396 309855650957
3397 309937401901
3398 310012216273
3399 310030432093
3400 310200174073
3401 310570059923
3402 310717758863
3403 310828316891
3404 310879273909
3405 311004715897
3406 311109051991
3407 311114470943
3408 311128943891
3409 311224721953
3410 311262747881
3411 311306786911
3412 311315558839
3413 311384471891
3414 311389514861
3415 311427684901
3416 311650016933
3417 311719734901
3418 311917391809
3419 311931231877
3420 311968372909
3421 312001181083
3422 312039665957
3423 312048864851
3424 312374825911
3425 312569644853
3426 312713935871
3427 312757545977
3428 313269813947
3429 313315791881
3430 313448534911
3431 313590390881
3432 313645079899
3433 313768053947
3434 313926474863
3435 314034062971
3436 314140003273
3437 314157708901
3438 314404763891
3439 314618088977
3440 314648135911
3441 314655873947
3442 314762949737
3443 315018495901
3444 315021031093
3445 315055102981
3446 315162114877
3447 315166731829
3448 315171782911
3449 315332936911
3450 315555277789
3451 315637601891
3452 315707631829
3453 315715595957
3454 315741672901
3455 315778136957
3456 315804824861
3457 315874250911
3458 315954148967
3459 315982223861
3460 316129093871
3461 316142122943
3462 316161816881
3463 316204025887
3464 316490575909
3465 316543452829
3466 316687261789
3467 316850463851
3468 316851345851
3469 316896232967
3470 316951550911
3471 317114198861
3472 317201152897
3473 317374717853
3474 317593242947
3475 317776159637
3476 317977184537
3477 318043739899
3478 318046755977
3479 318094455799
3480 318133409929
3481 318143677853
3482 318205785977
3483 318337383799
3484 318365077967
3485 318624503839
3486 318706007839
3487 318765262789
3488 319142838799
3489 319219924909
3490 319230915881
3491 319446332911
3492 319457768237
3493 319553063861
3494 319716581957
3495 319838725637
3496 320150903971
3497 320195471839
3498 320278098799
3499 320304182971
3500 320439338911
3501 320641800923
3502 320913843881
3503 320979137957
3504 321101978891
3505 321170049913
3506 321386724947
3507 321405007897
3508 321536668909
3509 321562628861
3510 321859422947
3511 321887613799
3512 322183845947
3513 322254368861
3514 322333467881
3515 322339770901
3516 322597875437
3517 322635851809
3518 322756730911
3519 322777092919
3520 322853872853
3521 322864146947
3522 322943903809
3523 323001453953
3524 323339724901
3525 323365811891
3526 323424498977
3527 323565092861
3528 323654262829
3529 323700504877
3530 323812682861
3531 324069604819
3532 324081783947
3533 324311983819
3534 324604483871
3535 324632868947
3536 324689160977
3537 324769069637
3538 324986217947
3539 325029393901
3540 325533297919
3541 325665850967
3542 325984990337
3543 326046288977
3544 326064483947
3545 326068528967
3546 326081672911
3547 326089103891
3548 326225628851
3549 326268090901
3550 326311221953
3551 326584481957
3552 326604011887
3553 326646422911
3554 326874344957
3555 326970471977
3556 327147494957
3557 327149234809
3558 327280903871
3559 327290450891
3560 327301736891
3561 327311220991
3562 327334874957
3563 327339602809
3564 327906053861
3565 328107753851
3566 328113885863
3567 328308470911
3568 328310042887
3569 328429173977
3570 328444047851
3571 328444725799
3572 328814463863
3573 328819612789
3574 328869210863
3575 328955276537
3576 329045642911
3577 329220375881
3578 329396314789
3579 329590106957
3580 329690146967
3581 329698021853
3582 329874709337
3583 329881316957
3584 329901624901
3585 330048198901
3586 330323975911
3587 330648350891
3588 330819264851
3589 331131498829
3590 331220415991
3591 331446963863
3592 331489799939
3593 331622209943
3594 331661685863
3595 331712387957
3596 331747319899
3597 331817534911
3598 331869862637
3599 331904726911
3600 331925209909
3601 331954687637
3602 331978474637
3603 331986417947
3604 332044837871
3605 332091936851
3606 332135070877
3607 332272009903
3608 332355570881
3609 332646438977
3610 332669193947
3611 332886110891
3612 332950437851
3613 333033900923
3614 333035756957
3615 333049266947
3616 333121441943
3617 333130227877
3618 333157338947
3619 333239506819
3620 333256634911
3621 333285404839
3622 333336732829
3623 333446290871
3624 333518879537
3625 333597782537
3626 333646941863
3627 333868589801
3628 333928965437
3629 333944064851
3630 334105857851
3631 334196144911
3632 334491434911
3633 334507604891
3634 334558732789
3635 334560784967
3636 334803567799
3637 334844915957
3638 334863621947
3639 334947640967
3640 334957542947
3641 334979664137
3642 335261291891
3643 335504763851
3644 335937306919
3645 336068283977
3646 336068957537
3647 336285702947
3648 336424644851
3649 336441960851
3650 336660092809
3651 337162863977
3652 337174167919
3653 337228483789
3654 337380047861
3655 337436280901
3656 337472394947
3657 337646434967
3658 338204952947
3659 338368758137
3660 338531553901
3661 339094398437
3662 339263643799
3663 339279439337
3664 339314742947
3665 339482831957
3666 339492500957
3667 339731383967
3668 339752759831
3669 339981293537
3670 340043469919
3671 340288995437
3672 340331315971
3673 340406022991
3674 340449755957
3675 340521312953
3676 340624476901
3677 340704221887
3678 340935137861
3679 341274964909
3680 341284791863
3681 341317971947
3682 341517357901
3683 341893940957
3684 342007061887
3685 342115983851
3686 342124577911
3687 342131004073
3688 342133241953
3689 342264743809
3690 342327089899
3691 342363684977
3692 342419925977
3693 342563633861
3694 342586812977
3695 343153771871
3696 343603296851
3697 343882644947
3698 343965190909
3699 344157361819
3700 344329645853
3701 344335847957
3702 344361918863
3703 344531966957
3704 344533765909
3705 344693402957
3706 344697312863
3707 344745800957
3708 344827323851
3709 344848072967
3710 345124894967
3711 345224048891
3712 345861720851
3713 346064935967
3714 346122927901
3715 346305921881
3716 346660614851
3717 346739121851
3718 346740335911
3719 346759098137
3720 346863550853
3721 346885345637
3722 347152674863
3723 347264208947
3724 347478955037
3725 347598833237
3726 347633989037
3727 347723270957
3728 347745122911
3729 347808669821
3730 348160661911
3731 348239070901
3732 348346857437
3733 348364274957
3734 348463431947
3735 348501396977
3736 348698789743
3737 348874079831
3738 349008971957
3739 349164375947
3740 349258121911
3741 349416488537
3742 349434328853
3743 349567033789
3744 349805067947
3745 349849640537
3746 349880991137
3747 350084994947
3748 350578521901
3749 350707169899
3750 350720039933
3751 350780468957
3752 350873077967
3753 351494661799
3754 351592771909
3755 351606544871
3756 351779018957
3757 351818283799
3758 351844451957
3759 351846597437
3760 351899158337
3761 351984389831
3762 352217399953
3763 352221566891
3764 352558869137
3765 352652763919
3766 353049961853
3767 353301696901
3768 353490902911
3769 353556250871
3770 353611392881
3771 353845543967
3772 353848998809
3773 353916238789
3774 353939487137
3775 353993339537
3776 354146234839
3777 354183722911
3778 354303009913
3779 354370963909
3780 354461666957
3781 354554999801
3782 354764524853
3783 354963065957
3784 354997677809
3785 355051277957
3786 355083981947
3787 355182968537
3788 355521506839
3789 355611982853
3790 355629135863
3791 355686680537
3792 356016099917
3793 356063427901
3794 356155037957
3795 356434716863
3796 356542473799
3797 356671658537
3798 356902290947
3799 356982637337
3800 357064217911
3801 357100700953
3802 357347046799
3803 357399707237
3804 357663163789
3805 357710871799
3806 357818117957
3807 357862514957
3808 357886334537
3809 357925802957
3810 358206192901
3811 358364442977
3812 358418043947
3813 358434677537
3814 358515148967
3815 358903354967
3816 358904868137
3817 359258827337
3818 359385824537
3819 359427598037
3820 359693575037
3821 359778182237
3822 359797394819
3823 359809001809
3824 360238265809
3825 360455944967
3826 360540657901
3827 360673713947
3828 360758050819
3829 360806274947
3830 360928524919
3831 361031885861
3832 361049265851
3833 361279624967
3834 361291714871
3835 361398280853
3836 361920617911
3837 361989490337
3838 362129959637
3839 362182328957
3840 362280582901
3841 362285136901
3842 362370498947
3843 362384420891
3844 362790119899
3845 362826800911
3846 362873632789
3847 363103288819
3848 363163217839
3849 363207507881
3850 363353363809
3851 363438422957
3852 363490803947
3853 363929011871
3854 364073408957
3855 364280463947
3856 364357706957
3857 364626522851
3858 364641054829
3859 364705966637
3860 364726775537
3861 364821701891
3862 364845459437
3863 364855087637
3864 364918410947
3865 365128338919
3866 365150195957
3867 365186253799
3868 365407948637
3869 365532953957
3870 365913807947
3871 365945301901
3872 366107283851
3873 366420595909
3874 366626812967
3875 366893121799
3876 367199353637
3877 367294261853
3878 367367529437
3879 367506043871
3880 367518494537
3881 367707368537
3882 367783160957
3883 368006363957
3884 368101527881
3885 368265210829
3886 368516769821
3887 368602663789
3888 368931570947
3889 368970980237
3890 369017900957
3891 369029740789
3892 369375717437
3893 369405912919
3894 369581839811
3895 369624631967
3896 369738780137
3897 369806012861
3898 369842142799
3899 369872155637
3900 369953780237
3901 370082956909
3902 370179488537
3903 370533578957
3904 370620971911
3905 370790654957
3906 370851528863
3907 370894540967
3908 371138962967
3909 371412558851
3910 371760273901
3911 371779105967
3912 371974801789
3913 372029147957
3914 372073551881
3915 372083728853
3916 372333182891
3917 372390859637
3918 372458015957
3919 372489111947
3920 372596300911
3921 372639354947
3922 372665516957
3923 372813381851
3924 373017345829
3925 373052646947
3926 373095044957
3927 373114678967
3928 373169411957
3929 373224690901
3930 373260663851
3931 373299612947
3932 373358911967
3933 373418975537
3934 373645624789
3935 373858060789
3936 373918351909
3937 373949605637
3938 373998879733
3939 374091134891
3940 374225362871
3941 374452313839
3942 374544366947
3943 374953630967
3944 375097441909
3945 375116426911
3946 375167773637
3947 375259146947
3948 375315632911
3949 375363199637
3950 375709885037
3951 376045332829
3952 376130109923
3953 376165761947
3954 376410542891
3955 376413683957
3956 376728201901
3957 376815782537
3958 376941423863
3959 376995710537
3960 377099697809
3961 377188125947
3962 377312715947
3963 377653432789
3964 377809230977
3965 378016699337
3966 378037500829
3967 378046912909
3968 378080915957
3969 378155370863
3970 378244561967
3971 378285482537
3972 378433480967
3973 378474690437
3974 378564303863
3975 378930640789
3976 379048130911
3977 379073379437
3978 379190931947
3979 379204537967
3980 379622812909
3981 379699009037
3982 379732359437
3983 379860946037
3984 379976088809
3985 380117291839
3986 380412474881
3987 380508704911
3988 380715064819
3989 380803764799
3990 380825482853
3991 380979309437
3992 380990164909
3993 381030768851
3994 381173921809
3995 381195653957
3996 381308427901
3997 381374800819
3998 381749314853
3999 381789033947
4000 381958932437
4001 381970398437
4002 382274414861
4003 382351782863
4004 382445347789
4005 382445640947
4006 382456093909
4007 382483133861
4008 382710471881
4009 382725503911
4010 382777100861
4011 382825459637
4012 383036507911
4013 383335065851
4014 383521344881
4015 383669303957
4016 383671152901
4017 383890334957
4018 384165094967
4019 384636886037
4020 384801152891
4021 384868159811
4022 385024561819
4023 385037431871
4024 385227018947
4025 385426221881
4026 385469023853
4027 385590156947
4028 385732246789
4029 385962555437
4030 386108428967
4031 386165047909
4032 386220444829
4033 386223665957
4034 386433615977
4035 386525304947
4036 386587901537
4037 386862373637
4038 386867973809
4039 387005903957
4040 387090412871
4041 387258297137
4042 387322613957
4043 387390668237
4044 387425133947
4045 387571254947
4046 387805475537
4047 387899221337
4048 387906070967
4049 387923016799
4050 388073040829
4051 388120297909
4052 388308767237
4053 388324470977
4054 388404732977
4055 388584934037
4056 388666374137
4057 388718246537
4058 389025860957
4059 389051123891
4060 389066523947
4061 389177696819
4062 389226123851
4063 389295999733
4064 389563422947
4065 389601572957
4066 389632882337
4067 390034196957
4068 390426118871
4069 390544332881
4070 390688466237
4071 391105220953
4072 391370165957
4073 391382941967
4074 391425672919
4075 391471128901
4076 392311637911
4077 392334552901
4078 392468376437
4079 392478002911
4080 392488229537
4081 392711117839
4082 392713564853
4083 392824676537
4084 392922597437
4085 393105454871
4086 393122767853
4087 393223992947
4088 393265175957
4089 393272315861
4090 393570108947
4091 393731266853
4092 393745783337
4093 393786111799
4094 393931422947
4095 394015626947
4096 394511264911
4097 394604018911
4098 394663713947
4099 394828000871
4100 395302905901
4101 395461700957
4102 395508136909
4103 395518503977
4104 395611566947
4105 395705343919
4106 396070191901
4107 396503283863
4108 396857567819
4109 397140280819
4110 397219378337
4111 397865328137
4112 397901131871
4113 397916456237
4114 398034313819
4115 398095340957
4116 398182736537
4117 398413776437
4118 398858929951
4119 398941240909
4120 399342505909
4121 399348490337
4122 399443602967
4123 399955183037
4124 400209431887
4125 400549580957
4126 400602361981
4127 400618814891
4128 400904278871
4129 401125883891
4130 401308331887
4131 401324774891
4132 401486306839
4133 401671758863
4134 401694483919
4135 401809631891
4136 401835496967
4137 402160082971
4138 402769949237
4139 402780481819
4140 402881912911
4141 402956054957
4142 402968032871
4143 403179394853
4144 403232967947
4145 403244918957
4146 403709642957
4147 403742294957
4148 404186280881
4149 404209494901
4150 404269226957
4151 404362744871
4152 404543951957
4153 404654480861
4154 404677516909
4155 404704203877
4156 404819456957
4157 405075542891
4158 405153468901
4159 405207591829
4160 405296760919
4161 405528353957
4162 405701960891
4163 406082766799
4164 406249078789
4165 406285143829
4166 406409181881
4167 406426217891
4168 406462185901
4169 406471325839
4170 406574796437
4171 406614266911
4172 406693470919
4173 406711002991
4174 406879288037
4175 407475473957
4176 407751327901
4177 407861117957
4178 407878485137
4179 407991523789
4180 408248977337
4181 408532541891
4182 408570164809
4183 408727586537
4184 408918394637
4185 409077162947
4186 409240358861
4187 409600647851
4188 409986767819
4189 410548307839
4190 410750078839
4191 410937541871
4192 411096834901
4193 411157718809
4194 411239563871
4195 411323162953
4196 411560301991
4197 411675476957
4198 411788024957
4199 411991673957
4200 412020035173
4201 412177167851
4202 412285623881
4203 412582734901
4204 412590652819
4205 412753854977
4206 412767915947
4207 412780635851
4208 412877497337
4209 413192660891
4210 413247927977
4211 413344436839
4212 413532212971
4213 413567275853
4214 413662660871
4215 413674803901
4216 414134757901
4217 414282629899
4218 414330179929
4219 414869217947
4220 415575008861
4221 415709550901
4222 416029566863
4223 416071575901
4224 416317607911
4225 416404257881
4226 416422962947
4227 416648729537
4228 416946321901
4229 417041717891
4230 417120710887
4231 417144002971
4232 417186705977
4233 417260598947
4234 417350572819
4235 417440745947
4236 417507797537
4237 417586766237
4238 417729032911
4239 417809945537
4240 417919046957
4241 417962032819
4242 418113609919
4243 418184436863
4244 418442740819
4245 418445758637
4246 418498367237
4247 418563978137
4248 418755451909
4249 419090069899
4250 419162435911
4251 419475621919
4252 419591244977
4253 419599744037
4254 419628046853
4255 419640147947
4256 419655688037
4257 419724706909
4258 419777557037
4259 419921535919
4260 419926871537
4261 420396433819
4262 420408546829
4263 420606806839
4264 420713024887
4265 420747637789
4266 421117668901
4267 421462418891
4268 421558261819
4269 421593864947
4270 421737906977
4271 421771802891
4272 421853823851
4273 422120006083
4274 422321205953
4275 422328453881
4276 422330162953
4277 422547505871
4278 422572616911
4279 422655435901
4280 422691426851
4281 422752686947
4282 422847264799
4283 422953428977
4284 422980780853
4285 422995431977
4286 423019770881
4287 423108957919
4288 423370553891
4289 423497334863
4290 423602657861
4291 423675414901
4292 423686854637
4293 423705945799
4294 423800780839
4295 423919006871
4296 424053498919
4297 424194135881
4298 424196801957
4299 424387594637
4300 424490643947
4301 424533454819
4302 424587504799
4303 424675751957
4304 424713991789
4305 424742638909
4306 424755446957
4307 424788160967
4308 424977411799
4309 425017938977
4310 425053497863
4311 425156973947
4312 425415840881
4313 425714368789
4314 425728920919
4315 425818035901
4316 425922277789
4317 426173940851
4318 426316791863
4319 426517854947
4320 426538534789
4321 426597937037
4322 426605670947
4323 426612608861
4324 426802095851
4325 426848389811
4326 426896263637
4327 427254435851
4328 427335926957
4329 427395381947
4330 427571385947
4331 427602588947
4332 427615737947
4333 427642295957
4334 427831979831
4335 428099133799
4336 428216643947
4337 428241298853
4338 428334290809
4339 428483113871
4340 428584202861
4341 428663415977
4342 428700815911
4343 428857420909
4344 429067336967
4345 429073460911
4346 429077114861
4347 429339920957
4348 429423325871
4349 429642341911
4350 429666816437
4351 429704862947
4352 429757681337
4353 430067706829
4354 430169324891
4355 430368605861
4356 430840195871
4357 430905299953
4358 430910510971
4359 431154948799
4360 431157336829
4361 431567055901
4362 431614957789
4363 431732934851
4364 431911773901
4365 431974766537
4366 432099522947
4367 432145957853
4368 432226736861
4369 432302450971
4370 432324597919
4371 432575852957
4372 432704915861
4373 432729807947
4374 432755734967
4375 432968860637
4376 433074771851
4377 433097207911
4378 433179336977
4379 433299254957
4380 433312016887
4381 433781535919
4382 434043257891
4383 434174625901
4384 434384402891
4385 434601839899
4386 434815962947
4387 434816563967
4388 435032298947
4389 435077042891
4390 435440039929
4391 435679024789
4392 435899356037
4393 436057018819
4394 436119466967
4395 436244607901
4396 436391965637
4397 436456502957
4398 436497878819
4399 436573298537
4400 436653161911
4401 436710816947
4402 436724545853
4403 436782460967
4404 436901534957
4405 437151852947
4406 437191047851
4407 437242077901
4408 437250608957
4409 437454985337
4410 437516081809
4411 437601246829
4412 437682489137
4413 437738489801
4414 438280621871
4415 438792222919
4416 438945445637
4417 439181373977
4418 439322367863
4419 439626002839
4420 439811076977
4421 439845184637
4422 440129994947
4423 440334744881
4424 440520129913
4425 440545497947
4426 440669038967
4427 440705258911
4428 440736467957
4429 440757222881
4430 440785369637
4431 440828117911
4432 441159258977
4433 441675252901
4434 441771720881
4435 441917502881
4436 442295087957
4437 442680664967
4438 442689565337
4439 443071493861
4440 443091255881
4441 443113611923
4442 443342556901
4443 443420636839
4444 443540754851
4445 443623694957
4446 443628228863
4447 443748784337
4448 443768933537
4449 443943695537
4450 443973640853
4451 443979095237
4452 444034103971
4453 444061466809
4454 444174207881
4455 444186779237
4456 444258504947
4457 444420113887
4458 444425913947
4459 444479653637
4460 444854204911
4461 444881412901
4462 444949701947
4463 445270467919
4464 445303022953
4465 445541702891
4466 445585826537
4467 445906160911
4468 446099667137
4469 446204487863
4470 446622281957
4471 447075324901
4472 447177363947
4473 447275706947
4474 447281724863
4475 447338614967
4476 447439790537
4477 447449780537
4478 447627866237
4479 447891250967
4480 447963900947
4481 447984709811
4482 448024908977
4483 448212038891
4484 448360984637
4485 448461215957
4486 448514760919
4487 448559204957
4488 448581598037
4489 448675032863
4490 448851231901
4491 448880348537
4492 448940291957
4493 449012292881
4494 449050365947
4495 449423536789
4496 449472515957
4497 450058327871
4498 450138595789
4499 450160888909
4500 450266328851
4501 450460158881
4502 450491907799
4503 450604566901
4504 450793533863
4505 450892856537
4506 451012261897
4507 451122062971
4508 451194448909
4509 451444558967
4510 451590825799
4511 451598910947
4512 451712804839
4513 451967665337
4514 452164396967
4515 452211974861
4516 452368022891
4517 452426813957
4518 452445624901
4519 452543337901
4520 452712020953
4521 452731813871
4522 453240486851
4523 453290543957
4524 453439308799
4525 453524689637
4526 453562068977
4527 453795085637
4528 453821692967
4529 453875591537
4530 453934044947
4531 453997336337
4532 454291332829
4533 454408663789
4534 454429142861
4535 454455993437
4536 454607348957
4537 454643979137
4538 454680503911
4539 454756320901
4540 454798031957
4541 455091317809
4542 455111276839
4543 455157333901
4544 455170517911
4545 455387736437
4546 455441417861
4547 455524771789
4548 456072489737
4549 456402932957
4550 456409904957
4551 456792539831
4552 456817569821
4553 456845142977
4554 457218072851
4555 457864484237
4556 457884907037
4557 458162582957
4558 458184486437
4559 458256302957
4560 458470605863
4561 458502528863
4562 458693466137
4563 459038172799
4564 459196011947
4565 459272502901
4566 459408973337
4567 459421194863
4568 459444237947
4569 459471060901
4570 459638597819
4571 459681377237
4572 459711116957
4573 459739450637
4574 459752008909
4575 459830232947
4576 460065456901
4577 460373183957
4578 460470384851
4579 460488728537
4580 460576212829
4581 460587895037
4582 460786406957
4583 460819927637
4584 460832178977
4585 461382804947
4586 461400440887
4587 461429071871
4588 461460110971
4589 461498456537
4590 461506656977
4591 461573292977
4592 461868034909
4593 461997901637
4594 462111215887
4595 462315762901
4596 462621524891
4597 462811557863
4598 462849420919
4599 462936604789
4600 462952675637
4601 463191921851
4602 463406724901
4603 463578402799
4604 463885043957
4605 464059070809
4606 464225616851
4607 464342737853
4608 464405943977
4609 464411694863
4610 464617430911
4611 464679425537
4612 464818171967
4613 465245464909
4614 465246455957
4615 465655555637
4616 465794920637
4617 465800987537
4618 465964381637
4619 466094895137
4620 466372430861
4621 466398632537
4622 466792051853
4623 467032648967
4624 467134473977
4625 467161215881
4626 467256297437
4627 467275636637
4628 467276351957
4629 467561387537
4630 467693807237
4631 468164472947
4632 468229163957
4633 468231933919
4634 468588823037
4635 468595497809
4636 468628501853
4637 468813423977
4638 468880971137
4639 468943016957
4640 469251256909
4641 469343189537
4642 469738371437
4643 469834843337
4644 470073086911
4645 470238080891
4646 470269320881
4647 470534525911
4648 470541766789
4649 470587439537
4650 470694682637
4651 471076275799
4652 471394080947
4653 471407407871
4654 471441364819
4655 471862040891
4656 471869113789
4657 471989509037
4658 472251644861
4659 472336836947
4660 472363554919
4661 472714808957
4662 472911825977
4663 472917622909
4664 472932679337
4665 472993468037
4666 473023485901
4667 473092514957
4668 473099206967
4669 473142894947
4670 473242656863
4671 473362970957
4672 473426133881
4673 473451384799
4674 473654548637
4675 473677688819
4676 473688055637
4677 473751469637
4678 473905788137
4679 473974729037
4680 474073843853
4681 474213676967
4682 474242373851
4683 474349512799
4684 474861450799
4685 474981720947
4686 475120870871
4687 475123806947
4688 475306628957
4689 475375080977
4690 475481442977
4691 475601345911
4692 475720083901
4693 475885456037
4694 476143830901
4695 476327811977
4696 476362805957
4697 476434431901
4698 476542086947
4699 476880512957
4700 477055748537
4701 477115550911
4702 477168299939
4703 477245210839
4704 477354253967
4705 477449185337
4706 477513006881
4707 477560949821
4708 477842043799
4709 478092420851
4710 478121651957
4711 478126444909
4712 478484470637
4713 478508448437
4714 478895182037
4715 479113334911
4716 479244907637
4717 479798350037
4718 479910570947
4719 480125776789
4720 480326147957
4721 480485055977
4722 480651675947
4723 480859570637
4724 481335367967
4725 481335462851
4726 481381862957
4727 481415789537
4728 481562351861
4729 481624604861
4730 481773604789
4731 481818336947
4732 482038324871
4733 482229067909
4734 482334375977
4735 482466295637
4736 482528204861
4737 482738726537
4738 482740207871
4739 483013853957
4740 483124491851
4741 483340534819
4742 483562610911
4743 483665220851
4744 483833559437
4745 484303615871
4746 484494024799
4747 484501613891
4748 484850327957
4749 485241433819
4750 485403318901
4751 485600840861
4752 485985038237
4753 486157035799
4754 486428564537
4755 486702165799
4756 486702768437
4757 487129198337
4758 487432401881
4759 487645174637
4760 487727099939
4761 487858676843
4762 487986630137
4763 488011950851
4764 488014118957
4765 488049737237
4766 488252160901
4767 488403274967
4768 488487661037
4769 488501208901
4770 488781179801
4771 488794129037
4772 488896791833
4773 488931020911
4774 489007250957
4775 489130154911
4776 489242571947
4777 489269100919
4778 489283664237
4779 489318368237
4780 489335286437
4781 489513064967
4782 489526228637
4783 490019917967
4784 490266410891
4785 490651139899
4786 490953378437
4787 490973622947
4788 491080714871
4789 491287097537
4790 491504625851
4791 491587122863
4792 491633036809
4793 491679327437
4794 491849263637
4795 491988224537
4796 492122866789
4797 492329331947
4798 492350980789
4799 492516255799
4800 492661929437
4801 492734310881
4802 492793471637
4803 493027836947
4804 493044438919
4805 493402235839
4806 493616688137
4807 493692727337
4808 493892400977
4809 494094138947
4810 494102493901
4811 494176170799
4812 494220585799
4813 494285034977
4814 494582205977
4815 494607308957
4816 494723435957
4817 494749848809
4818 494910947537
4819 494952198137
4820 495058211861
4821 495120992957
4822 495190061911
4823 495398282237
4824 495454262957
4825 495457264637
4826 495654322789
4827 495727041863
4828 495955509821
4829 496011507881
4830 496090994237
4831 496200175871
4832 496257547337
4833 496283061863
4834 496572753437
4835 496618855037
4836 496667264237
4837 496990519811
4838 497061150829
4839 497230236851
4840 497403125809
4841 497436088337
4842 497774783819
4843 497873120957
4844 497982147137
4845 498249853037
4846 498412251901
4847 498712277537
4848 499074639821
4849 499274834237
4850 499614330977
4851 500030222383
4852 500162588911
4853 500289386957
4854 500774457919
4855 501258158809
4856 501263728871
4857 501275892919
4858 501575813861
4859 501965081809
4860 502175384957
4861 502197712871
4862 502207799953
4863 502301919923
4864 502353768799
4865 502486452851
4866 502592826863
4867 502968948137
4868 503408110943
4869 503500044991
4870 503565416911
4871 503576252911
4872 503784077957
4873 504093347809
4874 504214880839
4875 504295854947
4876 504334835957
4877 504362348911
4878 504815854789
4879 505054572881
4880 505092049909
4881 505357392977
4882 505698600863
4883 505876500901
4884 506055663947
4885 506084353871
4886 506089279637
4887 506286630901
4888 506295606799
4889 506298622789
4890 506524594967
4891 506672661799
4892 506762721947
4893 506816680967
4894 506825910901
4895 506882598137
4896 506895347537
4897 506909132809
4898 506943937637
4899 507072867947
4900 507091377977
4901 507105194839
4902 507325169899
4903 507393930863
4904 507576667337
4905 507670043891
4906 507774450977
4907 507809335853
4908 508131258881
4909 508186812799
4910 508191236911
4911 508713705901
4912 508725877337
4913 508760027957
4914 508967041789
4915 508978014947
4916 509115048881
4917 509230379899
4918 509260814957
4919 509370147851
4920 509390086967
4921 509406452861
4922 509423081891
4923 509662313861
4924 509715066799
4925 509799935819
4926 509875745237
4927 510159734911
4928 510287493977
4929 510365658799
4930 510391953901
4931 510562428829
4932 510799317947
4933 511092871819
4934 511106063933
4935 511169673799
4936 511187978537
4937 511463763851
4938 512027836871
4939 512143977977
4940 512165591957
4941 512454057881
4942 512583538967
4943 512620222897
4944 512871989831
4945 513167191871
4946 513173012971
4947 513495711947
4948 513535881863
4949 513680444957
4950 513710764871
4951 513812534839
4952 514255723819
4953 514357951909
4954 514450728947
4955 514553692967
4956 514555605901
4957 514714266901
4958 514851614957
4959 514862441809
4960 514908446957
4961 514927724957
4962 514935207851
4963 514954893437
4964 515144319919
4965 515227941901
4966 515370671911
4967 515488400957
4968 515649838337
4969 515657355947
4970 516251121877
4971 516257504911
4972 516295903789
4973 516404825957
4974 516405804881
4975 516569611967
4976 516828213901
4977 516855723947
4978 516859990037
4979 516897290537
4980 517009288967
4981 517252541891
4982 517304633891
4983 517655073919
4984 517739690537
4985 517752340871
4986 517773302957
4987 517838118947
4988 518016658853
4989 518248539737
4990 518420355881
4991 518550353809
4992 518912646947
4993 519127404881
4994 519149330911
4995 519160920881
4996 519190811911
4997 519246018947
4998 519337887137
4999 519549431957
5000 519550641851
5001 519734263967
5002 519897509801
5003 520408664861
5004 520585425851
5005 520692450829
5006 520718750957
5007 520774536977
5008 520922952947
5009 520951182881
5010 520984062901
5011 521043700897
5012 522040641877
5013 522125783957
5014 522293448977
5015 522296243957
5016 522365543957
5017 522563315891
5018 522569151901
5019 522676264853
5020 522798123919
5021 523038298967
5022 523329515861
5023 523469250947
5024 523562841947
5025 523621277911
5026 523655554909
5027 523676953637
5028 523704652819
5029 524304491839
5030 524496547637
5031 524615891957
5032 524880824957
5033 525082486967
5034 525336618977
5035 525448883537
5036 525659748137
5037 525791051861
5038 525821703881
5039 525923743853
5040 525943397537
5041 525981865337
5042 526032858863
5043 526384570967
5044 526586518637
5045 526724760977
5046 526817712977
5047 526849660637
5048 527090372911
5049 527147995337
5050 527386759811
5051 527652681947
5052 528097199237
5053 528126215891
5054 528258809537
5055 528262951967
5056 528308150891
5057 528362698337
5058 528374208799
5059 528436372967
5060 528450357977
5061 528561510881
5062 528582221957
5063 528682595237
5064 528732333901
5065 529313067947
5066 529347261977
5067 529406091901
5068 529755439337
5069 530109059929
5070 530509734901
5071 530521323923
5072 530589781637
5073 530615642891
5074 530704376861
5075 530803806829
5076 531000161173
5077 531170675957
5078 531622907911
5079 531935919737
5080 531973615853
5081 532307456809
5082 532326084881
5083 532403955851
5084 532533245891
5085 532631696957
5086 532777377437
5087 532942341829
5088 533012145877
5089 533308695947
5090 533394404911
5091 533430024877
5092 533568060901
5093 533599842437
5094 534076716799
5095 534461066809
5096 534653530819
5097 534780185957
5098 534810077957
5099 535142642891
5100 535440704891
5101 535521653911
5102 535613178977
5103 535626035957
5104 536093052881
5105 536451524911
5106 536652471863
5107 536657366537
5108 537174580853
5109 537197071967
5110 537243285919
5111 537357534947
5112 537420932861
5113 537431335871
5114 537474766337
5115 537900083957
5116 537939975809
5117 537969029831
5118 537981874037
5119 538261640957
5120 538284111829
5121 538288264637
5122 538333672909
5123 538470323957
5124 538601351839
5125 538874458037
5126 539094778037
5127 539133561947
5128 539169775037
5129 539305900871
5130 539315654957
5131 539423096957
5132 539448409637
5133 539582782337
5134 540199462853
5135 540272870861
5136 540476503871
5137 540572652947
5138 540934483909
5139 541158655909
5140 541183523891
5141 541231088891
5142 541364934919
5143 541368431911
5144 541430050897
5145 541649992337
5146 541861155947
5147 541918824947
5148 541948812947
5149 542039693957
5150 542163168947
5151 542345872853
5152 542464267853
5153 542562483919
5154 542664545957
5155 542688030901
5156 542710790911
5157 542808195947
5158 543037634809
5159 543043773901
5160 543048264901
5161 543122575871
5162 543315019913
5163 543333747863
5164 543370248901
5165 543947644637
5166 544259830967
5167 544360733957
5168 544503248911
5169 544570155947
5170 544721921911
5171 544780882637
5172 544979301947
5173 545035922911
5174 545417817947
5175 545597131789
5176 545603354911
5177 545954013901
5178 546055438967
5179 546076800851
5180 546203695853
5181 546317505901
5182 546387607637
5183 546408440861
5184 546481050881
5185 546639403789
5186 546700740829
5187 546756016789
5188 546834370967
5189 547053703871
5190 547139721977
5191 547324482977
5192 547721045957
5193 547767903437
5194 547785812537
5195 547956374237
5196 548121077957
5197 548441393957
5198 548504095967
5199 548506160861
5200 548703413809
5201 548863142957
5202 549136033871
5203 549200965909
5204 549212683853
5205 549425962637
5206 549441323957
5207 549803115947
5208 550003976861
5209 550258447789
5210 550282990967
5211 550290480829
5212 550292461871
5213 550693949831
5214 550702772957
5215 550761763967
5216 551285330891
5217 551312994863
5218 551365028861
5219 551714922851
5220 552337186909
5221 552713417957
5222 552844340809
5223 552879249137
5224 553340834911
5225 553407368957
5226 553431667967
5227 553450056829
5228 554127817853
5229 554232816947
5230 554352711881
5231 554395018909
5232 554538390947
5233 554648260853
5234 554685706637
5235 554907479237
5236 554944023901
5237 555191716967
5238 555236715799
5239 555524280851
5240 555873870437
5241 556090536863
5242 556152746957
5243 556197725537
5244 556205226881
5245 556487639801
5246 556503380861
5247 556520415881
5248 556651388537
5249 556657016957
5250 556729741637
5251 557066402911
5252 557121120877
5253 557204737909
5254 557354991437
5255 557463488237
5256 557710482799
5257 557811260861
5258 557855365337
5259 557865996833
5260 557982280637
5261 557982436337
5262 558210195947
5263 558510164911
5264 558931484537
5265 559148180957
5266 559162337957
5267 559503562789
5268 559526431967
5269 559903062863
5270 559952273537
5271 560082066829
5272 560282408911
5273 560292861977
5274 560630624891
5275 560689672337
5276 561056448863
5277 561137791789
5278 561145262891
5279 561393327799
5280 561444907853
5281 561455569637
5282 561472038851
5283 561494694437
5284 561559152799
5285 561756679811
5286 561951965537
5287 562119048947
5288 562333165871
5289 562390073957
5290 562480816967
5291 562488067637
5292 562613174957
5293 562717299437
5294 562850545967
5295 562943589137
5296 563379200809
5297 563388222863
5298 563703354901
5299 563928981137
5300 563934060947
5301 564204960947
5302 564337304911
5303 564356430851
5304 564454371799
5305 564478404947
5306 564484027853
5307 564594231977
5308 564702191957
5309 564707240957
5310 564735994037
5311 564903733789
5312 565037256799
5313 565353224861
5314 565684020851
5315 565732417909
5316 565966784819
5317 566616042901
5318 567044767637
5319 567049311901
5320 567238834637
5321 567504360947
5322 567706494437
5323 567882516437
5324 568062070871
5325 568064601851
5326 568207502809
5327 568261053851
5328 568283585237
5329 568479959743
5330 568578593819
5331 568629343637
5332 568826330957
5333 568919082437
5334 569078277137
5335 569175520789
5336 569250630901
5337 569273018957
5338 569413758437
5339 569842558037
5340 569862399959
5341 569939358809
5342 570075083957
5343 570318048851
5344 570336796637
5345 570595154957
5346 570629706947
5347 570700715891
5348 570752153957
5349 570803325881
5350 570808346957
5351 571271286799
5352 571372124891
5353 571571550947
5354 571620482809
5355 571626842957
5356 571679902637
5357 571690363967
5358 571768104977
5359 571956617537
5360 572046335911
5361 572383114871
5362 572405453911
5363 572444232881
5364 572534423809
5365 572601794957
5366 572894230967
5367 573051921881
5368 573325572977
5369 573348018977
5370 573385235957
5371 573404352881
5372 573736329737
5373 573768974819
5374 574144227901
5375 574163753957
5376 574205417861
5377 574409471957
5378 574549661537
5379 574643046863
5380 574686768809
5381 574766089811
5382 575041188977
5383 575297608337
5384 575437224863
5385 576060390947
5386 576094867037
5387 576722534957
5388 576769458809
5389 577207038977
5390 577761231919
5391 577805125967
5392 577870140977
5393 577872626237
5394 577940554637
5395 578056810789
5396 578317032851
5397 578922143957
5398 579017256947
5399 579034506977
5400 579224502947
5401 579424198337
5402 579630252977
5403 579641874137
5404 579703872437
5405 579800398337
5406 579891723137
5407 579913242947
5408 580075316861
5409 580178352977
5410 580312835957
5411 580371682853
5412 580426332881
5413 580477998809
5414 580702959737
5415 580747269437
5416 580786521947
5417 580921521881
5418 581012787799
5419 581312258809
5420 581517787337
5421 581588385137
5422 581662506977
5423 581850777437
5424 581902271809
5425 581948425637
5426 582157669337
5427 582175641863
5428 582255571967
5429 582702917957
5430 582809826437
5431 582874177337
5432 582979901237
5433 583040763901
5434 583050681947
5435 583101060923
5436 583114536947
5437 583308582947
5438 583432008881
5439 583675671437
5440 584260460911
5441 584397960137
5442 584536933637
5443 584673385337
5444 584757087137
5445 584817792137
5446 585213912851
5447 585265749821
5448 585275619437
5449 585278500967
5450 585307332947
5451 585361080947
5452 585427775237
5453 585519675137
5454 585532955537
5455 585548911637
5456 585665220799
5457 585701466947
5458 585717791237
5459 586277752337
5460 586277806337
5461 586290027919
5462 586445384537
5463 586562770637
5464 586620921863
5465 586852303853
5466 586921853537
5467 586941711947
5468 586952561537
5469 587101845919
5470 587339230853
5471 587448128537
5472 587540132911
5473 587708534537
5474 587941932437
5475 588037400861
5476 588086199929
5477 588149199929
5478 588192387137
5479 588888561809
5480 589366705337
5481 589427563337
5482 589772021957
5483 589800961637
5484 589838812037
5485 589872326237
5486 589963054337
5487 590004927851
5488 590119016891
5489 590187064967
5490 590192160829
5491 590231366861
5492 590513480861
5493 590521850861
5494 590570701871
5495 590617502957
5496 590874448337
5497 590927626637
5498 590965909811
5499 591317859437
5500 591371712901
5501 591619696037
5502 591756801947
5503 592156025861
5504 592298817137
5505 592417311881
5506 592538389811
5507 592666374437
5508 592843040957
5509 593097518537
5510 593284413977
5511 593386314947
5512 593391513919
5513 593470577537
5514 594344922947
5515 594362142901
5516 594396627137
5517 594683212789
5518 594988549951
5519 595109313901
5520 595363965137
5521 595944411947
5522 596073561947
5523 596290270789
5524 596382492437
5525 596699031437
5526 596746488809
5527 596907995843
5528 597001815947
5529 597044223851
5530 597047701967
5531 597214795337
5532 597735295037
5533 597914366237
5534 598090499939
5535 598148500909
5536 598281024919
5537 598430947337
5538 598682139137
5539 598729034537
5540 598998614843
5541 599433658037
5542 599532330977
5543 599686839733
5544 599920015789
5545 600134810971
5546 600306898909
5547 600475922861
5548 600612377891
5549 600735227839
5550 601024280953
5551 601037676851
5552 601099353901
5553 601227693851
5554 601440498947
5555 601478067863
5556 601499051809
5557 601897531789
5558 602078961863
5559 602104145971
5560 602432019913
5561 602468869337
5562 602617317829
5563 602672863789
5564 602824166957
5565 603100822897
5566 603150180923
5567 603206728819
5568 603280300897
5569 603351213923
5570 603386118851
5571 603758231911
5572 603763560947
5573 603815887637
5574 603824444911
5575 603862902901
5576 603915998237
5577 604058921957
5578 604098444919
5579 604167327901
5580 604197795437
5581 604338582977
5582 604792275947
5583 604821516829
5584 604901785853
5585 604916858537
5586 604943508977
5587 605037076871
5588 605119746799
5589 605313846947
5590 605483145947
5591 605508026839
5592 605640813829
5593 605897966819
5594 606082011923
5595 606127548799
5596 606986032967
5597 607035269899
5598 607062964789
5599 607128290911
5600 607199739137
5601 607215834947
5602 607246663789
5603 607414263829
5604 607560576947
5605 607745697137
5606 607800889637
5607 607807048853
5608 607851291799
5609 607880884337
5610 608006750891
5611 608054853799
5612 608109351881
5613 608297667137
5614 608335017881
5615 608421496789
5616 608773014851
5617 608853810977
5618 608935820957
5619 609139623977
5620 609722306911
5621 610121462971
5622 610449704911
5623 610594546909
5624 610750463891
5625 610977082789
5626 611069742901
5627 611397813799
5628 611594879237
5629 611665906853
5630 611723677909
5631 611760625871
5632 611808367967
5633 612084660881
5634 612260203981
5635 612486752957
5636 612751451891
5637 612757536947
5638 613107826871
5639 613710881957
5640 614082473911
5641 614247692957
5642 614596249637
5643 614621166829
5644 614744808947
5645 614851644863
5646 614924094977
5647 615012201073
5648 615024458957
5649 615082494799
5650 615099649337
5651 615447246977
5652 615528876437
5653 615582489437
5654 615582611957
5655 615647650853
5656 615767241863
5657 615871599137
5658 616053393947
5659 616278992237
5660 616294534789
5661 616352552861
5662 616453126819
5663 616582335977
5664 616655524789
5665 616680156977
5666 616859359811
5667 616950877337
5668 617154651851
5669 617371977437
5670 617631669737
5671 617871959801
5672 618084078947
5673 618287934437
5674 618305706901
5675 618520936853
5676 618633119899
5677 618644271799
5678 618676129637
5679 619009317947
5680 619023288977
5681 619053888437
5682 619085164853
5683 619241153891
5684 619293163967
5685 619376115977
5686 619391076947
5687 619502750957
5688 619621645967
5689 619778533337
5690 620064558947
5691 620095626901
5692 620414582891
5693 620557470851
5694 620670563809
5695 620944438789
5696 620958695237
5697 621170708839
5698 621658220891
5699 621783119899
5700 621816055871
5701 622159422881
5702 622322088881
5703 622384091957
5704 622442979737
5705 622455602891
5706 622633271839
5707 622800845861
5708 623236010953
5709 623385612901
5710 623563540819
5711 623577820967
5712 623703648977
5713 623929746437
5714 623993499893
5715 624176018911
5716 624193116829
5717 624377539637
5718 624565263799
5719 624608707967
5720 624677189831
5721 624754350901
5722 624780612901
5723 625347444863
5724 625379043977
5725 625777752437
5726 625853460977
5727 625882521863
5728 625955721947
5729 626164043839
5730 626541986537
5731 626615978237
5732 627114960947
5733 627193723789
5734 627232237871
5735 627302696957
5736 627323879537
5737 627346496537
5738 627389023967
5739 627770373947
5740 627823264909
5741 627830464853
5742 628330750819
5743 628501371881
5744 628514472977
5745 628532090911
5746 628692101911
5747 629012751881
5748 629178727337
5749 629315306861
5750 629340451871
5751 629410533881
5752 629526838337
5753 629651874437
5754 629701038947
5755 629717764337
5756 629923946237
5757 629927461637
5758 629994523337
5759 630305796863
5760 630329551871
5761 630412124933
5762 630510106981
5763 630512555839
5764 630558141881
5765 630720483881
5766 630832001971
5767 630849597137
5768 630917216957
5769 630970998137
5770 631096527977
5771 631183047829
5772 631255548799
5773 631258650947
5774 631436415829
5775 631617927947
5776 631667420911
5777 631701990901
5778 632349005839
5779 632428644863
5780 632667388337
5781 632734270871
5782 632902644851
5783 633078869831
5784 633243167957
5785 633337415911
5786 633384315947
5787 633518250881
5788 633566253799
5789 633721526957
5790 633807256853
5791 633920376919
5792 633966694037
5793 634253166851
5794 634306065881
5795 634323362891
5796 634344980957
5797 634548220819
5798 634596222919
5799 634625215871
5800 634659643637
5801 634802615809
5802 634945117853
5803 635084208947
5804 635293161901
5805 635547868037
5806 635555995037
5807 635602774909
5808 635735312911
5809 635811731809
5810 635854233799
5811 636122200897
5812 636165570977
5813 636297600977
5814 636410606891
5815 636841688237
5816 636874591337
5817 636911266967
5818 637024733911
5819 637155976337
5820 637162313839
5821 637232755967
5822 637480304957
5823 637511027891
5824 637551690947
5825 637980819137
5826 638120239909
5827 638138787137
5828 638210192839
5829 638230364809
5830 638239664537
5831 638508237947
5832 638697444137
5833 639081775637
5834 639241812851
5835 639270238909
5836 639706674437
5837 639821949821
5838 640040139913
5839 640197225947
5840 640217418881
5841 640737694637
5842 641022656891
5843 641088976337
5844 641131586957
5845 641384789831
5846 641567566637
5847 641904555977
5848 641918082863
5849 641986107947
5850 641991599939
5851 642059352901
5852 642251940829
5853 642529291909
5854 642549629537
5855 642888470537
5856 642933471799
5857 642943076957
5858 643014177829
5859 643096141871
5860 643459149737
5861 643504274957
5862 643527107911
5863 643577758037
5864 643690461977
5865 643698005957
5866 643816269737
5867 643994683037
5868 644109285977
5869 644301687863
5870 644369871437
5871 644371280957
5872 644377776137
5873 644399519237
5874 644514417851
5875 644628911957
5876 644823986237
5877 644833732789
5878 645169509737
5879 645344095789
5880 645372795437
5881 645532430891
5882 645572157947
5883 645600941957
5884 645913067957
5885 646007000971
5886 646096189337
5887 646217166799
5888 646266342919
5889 646341779537
5890 646366054909
5891 646393269437
5892 646411935919
5893 646840461977
5894 647129123957
5895 647230751861
5896 647450680909
5897 647556409637
5898 647571720863
5899 647755472537
5900 647781775037
5901 648208800947
5902 648229826537
5903 648240053891
5904 648347044853
5905 648430313891
5906 649003791977
5907 649149143957
5908 649313262901
5909 649669370237
5910 649862173637
5911 650151287809
5912 650162819899
5913 650546082947
5914 650581275977
5915 650587944437
5916 650855303957
5917 651204123923
5918 651274137947
5919 651826705909
5920 651877001957
5921 652230112981
5922 652268202829
5923 652289086637
5924 652773532967
5925 652790585537
5926 652912082957
5927 653352704957
5928 653417540911
5929 653726092853
5930 653960406863
5931 654035485967
5932 654398520947
5933 654672599939
5934 654765358337
5935 654879737819
5936 654949201789
5937 655125440839
5938 655272867437
5939 655445241947
5940 655574404853
5941 655700038871
5942 655712361947
5943 655736800909
5944 655744206919
5945 656035710829
5946 656061082871
5947 656123638853
5948 656157946337
5949 656219604863
5950 656239260977
5951 656244157853
5952 656257323863
5953 656262192977
5954 656289123947
5955 656368544537
5956 656556860537
5957 656593467137
5958 656610371957
5959 657199797833
5960 657361322861
5961 657383189831
5962 657410354911
5963 657702602957
5964 657920046799
5965 658150830851
5966 658230708977
5967 658311196789
5968 658584995843
5969 659006472977
5970 659270368637
5971 659281673537
5972 659404412861
5973 659412800911
5974 659624937137
5975 659722818437
5976 659857938833
5977 659910883337
5978 660062376851
5979 660232845851
5980 660268125901
5981 660390690977
5982 660463190911
5983 660565236977
5984 660636959831
5985 660908362909
5986 660923270957
5987 661007636911
5988 661433737967
5989 661541562901
5990 661645164977
5991 661812521891
5992 661848843437
5993 661855857137
5994 662101871891
5995 662162713819
5996 662260174819
5997 662362275863
5998 662426490863
5999 662440866947
6000 662454440861
6001 662593452947
6002 662604326957
6003 662780827637
6004 662797573037
6005 662862462947
6006 663167205901
6007 663239259737
6008 663401834861
6009 663633502871
6010 663859581137
6011 664088668037
6012 664173840919
6013 664270248977
6014 664995471137
6015 665018360957
6016 665067055853
6017 665103388909
6018 665744314789
6019 665755611947
6020 665917006967
6021 666085104901
6022 666605453957
6023 666931656437
6024 667417414967
6025 667422540901
6026 667790085437
6027 667812828437
6028 667871140967
6029 668420334947
6030 668735304947
6031 668825005967
6032 668952719801
6033 669084996809
6034 669504280789
6035 669606899939
6036 669655077137
6037 669810859811
6038 669921743537
6039 670164183947
6040 670208543957
6041 670235789537
6042 670293126851
6043 670586610919
6044 670656230861
6045 671230755901
6046 671283076909
6047 671284389437
6048 671373332911
6049 671423892947
6050 671425127809
6051 671689159811
6052 672184560863
6053 672194312957
6054 672217967537
6055 672367781537
6056 672754277537
6057 673008074911
6058 673106414891
6059 673128078947
6060 673436553947
6061 673442695637
6062 673603806919
6063 673808520799
6064 673870045853
6065 673876625237
6066 673879342337
6067 674207820901
6068 674247432799
6069 674380601911
6070 674480975237
6071 674529792137
6072 674735457437
6073 674842278437
6074 675011528911
6075 675270552799
6076 675615401861
6077 675822188537
6078 675979225037
6079 676609887809
6080 676647293237
6081 676909275137
6082 676950647237
6083 677193238637
6084 677198239811
6085 677371104947
6086 677472725537
6087 677775866843
6088 677850904637
6089 678002638967
6090 678123284957
6091 678370389821
6092 678581843237
6093 678618248237
6094 678823683137
6095 679051369637
6096 679121956637
6097 679133304851
6098 679147561637
6099 679301338853
6100 679435562537
6101 679675920137
6102 679819371137
6103 679871171537
6104 680019336901
6105 680191812851
6106 680244684947
6107 680346531947
6108 680386164947
6109 680490807947
6110 680854059737
6111 681243059899
6112 681408527957
6113 681490364957
6114 681774008957
6115 681853503977
6116 681914689811
6117 682086982337
6118 682508439737
6119 682508866337
6120 682527925637
6121 682572252863
6122 683390083967
6123 683544131957
6124 683766822437
6125 684275654537
6126 684552113911
6127 684615110891
6128 684967669951
6129 685072884437
6130 685126237909
6131 685203853967
6132 685254300881
6133 685605230809
6134 685655203967
6135 685773211789
6136 685826641637
6137 686010110953
6138 686041523861
6139 686139312919
6140 686414370919
6141 686625855137
6142 686727592037
6143 686977302437
6144 687003633947
6145 687119403977
6146 687385103957
6147 687499184819
6148 687576399929
6149 687842147537
6150 687873309821
6151 687883425137
6152 688018862537
6153 688021074901
6154 688113445909
6155 688361125789
6156 688865740037
6157 689260113947
6158 689419325537
6159 689544826037
6160 689887581833
6161 689891546819
6162 689942130947
6163 690017890909
6164 690030654881
6165 690064409899
6166 690145830901
6167 690338879801
6168 690407293853
6169 690451994537
6170 690603335911
6171 690706905947
6172 690866975819
6173 690874186337
6174 690941307799
6175 691064850799
6176 691098214853
6177 691403765957
6178 691516205911
6179 691544506967
6180 691556676137
6181 691638149537
6182 691670838437
6183 691780028957
6184 691782313853
6185 691857436337
6186 691957091537
6187 692108242871
6188 692345236789
6189 692355549437
6190 692451240829
6191 692651041871
6192 692928816137
6193 693065058947
6194 693131904947
6195 693325920799
6196 693442133861
6197 693443373947
6198 693543041861
6199 693580005901
6200 693664446437
6201 694261443977
6202 694550042861
6203 694731230911
6204 694738554137
6205 694944302957
6206 695407035977
6207 695579123537
6208 695782012853
6209 695797324037
6210 695829504437
6211 695899418843
6212 696260976137
6213 696303870947
6214 696319364537
6215 696729135437
6216 697081207789
6217 697326384437
6218 697331038967
6219 698023131881
6220 698115003881
6221 698302624967
6222 698882489941
6223 698981142437
6224 699150228947
6225 699317704637
6226 699776534819
6227 699849320237
6228 700095937909
6229 700385615861
6230 700419815957
6231 700509984947
6232 700550029943
6233 700579840967
6234 700733615839
6235 700824192881
6236 700828628957
6237 701035313971
6238 701294292851
6239 701294751901
6240 701323080923
6241 701395186853
6242 701610776957
6243 701863087967
6244 701965651853
6245 702153411877
6246 702173933861
6247 702195143891
6248 702310324897
6249 702530847947
6250 702701466829
6251 702879655337
6252 703051221991
6253 703341835871
6254 703567266947
6255 703780235861
6256 704063757863
6257 704396093957
6258 704461356947
6259 704505828919
6260 704515408871
6261 704520465829
6262 704576869037
6263 704748113957
6264 704752262861
6265 705164651911
6266 705537369737
6267 705657367637
6268 705690048799
6269 705756907637
6270 706061834861
6271 706130790881
6272 706133376947
6273 706163277977
6274 706264514911
6275 706298258537
6276 706308393799
6277 706537413947
6278 706582354853
6279 706733968337
6280 706804323881
6281 707015778947
6282 707126888537
6283 707305485863
6284 707376689801
6285 707594099237
6286 707615402891
6287 708712951853
6288 708886081637
6289 709187701909
6290 709196901947
6291 710046647861
6292 710323827881
6293 710472792863
6294 710487282863
6295 710561120953
6296 710709055871
6297 710757914957
6298 710942624957
6299 711026286829
6300 711250881829
6301 711549793637
6302 711582138901
6303 711679195637
6304 711706714871
6305 711983112829
6306 712189875437
6307 712326648799
6308 712343875853
6309 712576332851
6310 712645475957
6311 712701594901
6312 712754640947
6313 712781473909
6314 712970305819
6315 713164445957
6316 713420792911
6317 713478778037
6318 713568959801
6319 713732445851
6320 713810822891
6321 714084675947
6322 714206823829
6323 714357075799
6324 714637660853
6325 714658215919
6326 715242002887
6327 715749837137
6328 715917712967
6329 716083689437
6330 716459549831
6331 716490175909
6332 716584044919
6333 716702296853
6334 716756671637
6335 717008156911
6336 717070460891
6337 717086865437
6338 717165892637
6339 717246658637
6340 717323999893
6341 717388241957
6342 717415049899
6343 717753450919
6344 717911357957
6345 718031382881
6346 718051987637
6347 718142236871
6348 718468312853
6349 718512416911
6350 718632321881
6351 718897701437
6352 719106537977
6353 719301937789
6354 719340605861
6355 719574508637
6356 719833899959
6357 719869100957
6358 719939734037
6359 720313161877
6360 720814281829
6361 720817914799
6362 721065247871
6363 721356970853
6364 721418493799
6365 721507857947
6366 721677664637
6367 721908330881
6368 721913791789
6369 722222249929
6370 722425472861
6371 722452532839
6372 722721714881
6373 722847453947
6374 723180186947
6375 723290646919
6376 723384214871
6377 723473969237
6378 723512714839
6379 723630238819
6380 723755361799
6381 723771513947
6382 723826399337
6383 723967396037
6384 724088402911
6385 724377280789
6386 724428241871
6387 724537125947
6388 725065906967
6389 725076878237
6390 725183018957
6391 725226924977
6392 725722190957
6393 726162651901
6394 726352722947
6395 726424518977
6396 726516382789
6397 726520706911
6398 726523181809
6399 726537104809
6400 726632682947
6401 726695455337
6402 726757691237
6403 726930454967
6404 727023068809
6405 727136125871
6406 727247580947
6407 727260987437
6408 727311643871
6409 727390521947
6410 727651932947
6411 727981904537
6412 728268519437
6413 728494010911
6414 728720095967
6415 728911787237
6416 729000240877
6417 729250064957
6418 729272181919
6419 729401840861
6420 729620933957
6421 729754133957
6422 730323828851
6423 730412393839
6424 730494794537
6425 730676250851
6426 730767880637
6427 730813495967
6428 731434783909
6429 731447118851
6430 731721891863
6431 731892827537
6432 731926530851
6433 732254904947
6434 732856962437
6435 733048641851
6436 733600491881
6437 733927032901
6438 733981186637
6439 734035724809
6440 734445430871
6441 734609272853
6442 734621318911
6443 734900448977
6444 734915296637
6445 735229056977
6446 735282273863
6447 735320618911
6448 735377767037
6449 735441037819
6450 735614095967
6451 735754103911
6452 735850787237
6453 735880838237
6454 736110420923
6455 736408742957
6456 736451814799
6457 736485161957
6458 736705534853
6459 736820043881
6460 737065795337
6461 737125494947
6462 737170554863
6463 737310650891
6464 737435588237
6465 737869072337
6466 738006245957
6467 738563905637
6468 738751597037
6469 738908641637
6470 739032057947
6471 739141027871
6472 739254005957
6473 739431546947
6474 739686315437
6475 740019650891
6476 740163528851
6477 740317463957
6478 740443237871
6479 740487614957
6480 740694586337
6481 740767975037
6482 741293325901
6483 741422546911
6484 741428472919
6485 741539479337
6486 741581604851
6487 742014917957
6488 742019854967
6489 742646560967
6490 742835262977
6491 742940018861
6492 743255455853
6493 743382413861
6494 743463418853
6495 743471626967
6496 743650816967
6497 743687786819
6498 743909852537
6499 744207655967
6500 744288151909
6501 744340442891
6502 744405026891
6503 744479517437
6504 744521664863
6505 744529101881
6506 744778920437
6507 744789891809
6508 744936773237
6509 745073805799
6510 745080738947
6511 745102481891
6512 745330608947
6513 745345893437
6514 745421808799
6515 745953807437
6516 746088539237
6517 746253889037
6518 746309208919
6519 746560137919
6520 746795558819
6521 748430965637
6522 748447113977
6523 748983677843
6524 749597270237
6525 749693512637
6526 749706816437
6527 749741307947
6528 749768493809
6529 750059720957
6530 750302287871
6531 750362615861
6532 750565077947
6533 750581257967
6534 750609237799
6535 750844831853
6536 750885918137
6537 751043726911
6538 751067671789
6539 751088910919
6540 751117326881
6541 751146038809
6542 751330616891
6543 751530119929
6544 751905789821
6545 751941949337
6546 752007236839
6547 752165801809
6548 752935342909
6549 753044076947
6550 753170826977
6551 753359298137
6552 753424083901
6553 753645336947
6554 753800817799
6555 753900512891
6556 753959491037
6557 754310264839
6558 754366045967
6559 754449511789
6560 754554040871
6561 754823046863
6562 754860548537
6563 755025408901
6564 755547685037
6565 755893654037
6566 756164127863
6567 756222791957
6568 756258512957
6569 756716437637
6570 757043681957
6571 757250540911
6572 757255046957
6573 757318690637
6574 757516800977
6575 757541353967
6576 757686360437
6577 757913950637
6578 758071784537
6579 758198454137
6580 758224805957
6581 758406396437
6582 758407500901
6583 758862699929
6584 758892323537
6585 759036003829
6586 759070051819
6587 759177604637
6588 759392444537
6589 759422700947
6590 760117848947
6591 760446143861
6592 760454582957
6593 760676502977
6594 760753389437
6595 760832767637
6596 760915174909
6597 761168532863
6598 761513692909
6599 761742445967
6600 762102896957
6601 762301880957
6602 762312200933
6603 762534689831
6604 762577401977
6605 762598542437
6606 763062925789
6607 763142165809
6608 763491217967
6609 763890601853
6610 763900911947
6611 763958889931
6612 764216413871
6613 764278007957
6614 764316689831
6615 764353017947
6616 764423514851
6617 764572013911
6618 764726692337
6619 764878497833
6620 764949789733
6621 764953303909
6622 765260062871
6623 765274902947
6624 765312074911
6625 765315255977
6626 765380271863
6627 765413252911
6628 765698316137
6629 765752331977
6630 766024180871
6631 766125167957
6632 766313708957
6633 767077331957
6634 767314353919
6635 767549969743
6636 768008500871
6637 768017106947
6638 768045216977
6639 768365326637
6640 768454600789
6641 768559024637
6642 768581238437
6643 768713952437
6644 768973434137
6645 769054108789
6646 769093751537
6647 769232864537
6648 769303879811
6649 769356230957
6650 769360920947
6651 769471015909
6652 769618397819
6653 769850476037
6654 770266990637
6655 770318913799
6656 770494739237
6657 770501717957
6658 770698405637
6659 770855520977
6660 770908349537
6661 770978701637
6662 771270690863
6663 771280325911
6664 771701236871
6665 771747568037
6666 772495817237
6667 772544451799
6668 773120101981
6669 773328123901
6670 773414352947
6671 773609978819
6672 773908250957
6673 773952837137
6674 774117018947
6675 774218330911
6676 774248758037
6677 774947086037
6678 775000374829
6679 775029140957
6680 775131457909
6681 775205843957
6682 775413205871
6683 775501127809
6684 775904021861
6685 776023914977
6686 776024357957
6687 776175030901
6688 776352603977
6689 777077492237
6690 777380511977
6691 777672466037
6692 777693226337
6693 777940799939
6694 778102365977
6695 778285020977
6696 778592671037
6697 778719318137
6698 778925109437
6699 778995093809
6700 779037556337
6701 779049858809
6702 780114087947
6703 780171444901
6704 780263222891
6705 780297682337
6706 780473037919
6707 781022763901
6708 781125361871
6709 781306717967
6710 781505814977
6711 781523373919
6712 781851041957
6713 782188213909
6714 782373307909
6715 782406008957
6716 782426759237
6717 782543172919
6718 782848237337
6719 783452920853
6720 783457502957
6721 783519189821
6722 783788145137
6723 783879018137
6724 784010883977
6725 784037830909
6726 784201244891
6727 784245082967
6728 784332813863
6729 784684824137
6730 784824322967
6731 784913923637
6732 785051126861
6733 785344215977
6734 785671231853
6735 785901621863
6736 786021934853
6737 786175105789
6738 786361063853
6739 786513279437
6740 786726975809
6741 786903385337
6742 786969146819
6743 787106859137
6744 787120815799
6745 787203948437
6746 787298871809
6747 788032302881
6748 788243937137
6749 788261268437
6750 788297585843
6751 789074483237
6752 789718042637
6753 789959619931
6754 790286275637
6755 790622464967
6756 790990053947
6757 790995063437
6758 791067754637
6759 791157334853
6760 791969352137
6761 792032655863
6762 792065179637
6763 792399155237
6764 792456502967
6765 792701464967
6766 792919985843
6767 793184765237
6768 793494048437
6769 793700127947
6770 793732816637
6771 793786700537
6772 794100867947
6773 794402447957
6774 794546121977
6775 794821727537
6776 794833462637
6777 794989032137
6778 795051986237
6779 795117114901
6780 795158374337
6781 795327449831
6782 795632620967
6783 795643594037
6784 795688328819
6785 795689907833
6786 795739009337
6787 795897909931
6788 796245897809
6789 796335150977
6790 796384130957
6791 796416306947
6792 796428120863
6793 796510542977
6794 796810957037
6795 796988291843
6796 797290413947
6797 797410164977
6798 797410838537
6799 797800352957
6800 798038871137
6801 798415625537
6802 798439353137
6803 798594849733
6804 798617431637
6805 798805667819
6806 799136203967
6807 799841095037
6808 800226230887
6809 800267638789
6810 800340947911
6811 800382726947
6812 800466465919
6813 800672287967
6814 800707848947
6815 800795703977
6816 801063818809
6817 801086435911
6818 801167633957
6819 801367068863
6820 801404178829
6821 801742913957
6822 801824661851
6823 801957327947
6824 801969709337
6825 802045299799
6826 802178274977
6827 802328804911
6828 802460453891
6829 802564799237
6830 802635703819
6831 802658551789
6832 802828222871
6833 802846888037
6834 802973568437
6835 803029473901
6836 803162763901
6837 803446663853
6838 803648425967
6839 803694014861
6840 803775604909
6841 803862167957
6842 803908417789
6843 803981982437
6844 804048524911
6845 804227628977
6846 804623418901
6847 805140112897
6848 805217656909
6849 805296113911
6850 805742313829
6851 806119880957
6852 806207926967
6853 806223366901
6854 806654327957
6855 807045951799
6856 807210868967
6857 807271263901
6858 807752956337
6859 808306997237
6860 808423474909
6861 808580661947
6862 808658318537
6863 808807414967
6864 808892498819
6865 808935001871
6866 809062650901
6867 809110926901
6868 809239450967
6869 809243625863
6870 809641389437
6871 810009683911
6872 810277889831
6873 810648595637
6874 810781056851
6875 811138086901
6876 811157507861
6877 811295616863
6878 811796008853
6879 811972757537
6880 812013611953
6881 812046536911
6882 812217716911
6883 812428028861
6884 812539282853
6885 812850754789
6886 813042564881
6887 813094925957
6888 813284499437
6889 813501796967
6890 813667056947
6891 813939379811
6892 814116687947
6893 814174531871
6894 814262353871
6895 814321466957
6896 814325538919
6897 814331655947
6898 814390285789
6899 814407168863
6900 814546146919
6901 814603464947
6902 814623483977
6903 814710438851
6904 814718607947
6905 814775531957
6906 814794143957
6907 814940315957
6908 815088277637
6909 815095615967
6910 815191394957
6911 815352155911
6912 815419520957
6913 815562232871
6914 815796376037
6915 815882172947
6916 815909260853
6917 815945459237
6918 816116732861
6919 816186135977
6920 816349875137
6921 816423516901
6922 816768519821
6923 817248809537
6924 817450825853
6925 817619945237
6926 817644550967
6927 817767399959
6928 817780189337
6929 817821847637
6930 818011938977
6931 818950162909
6932 819189974819
6933 819260901947
6934 819269476037
6935 819357466337
6936 819506544947
6937 819680536637
6938 819761997809
6939 819895713137
6940 820075803829
6941 820095237901
6942 820266542957
6943 820280574851
6944 820550727851
6945 820612188901
6946 820649334863
6947 820692193967
6948 820732576967
6949 820771802861
6950 820796103851
6951 820936266947
6952 821002218877
6953 821148206839
6954 821643092861
6955 821685113861
6956 821830308881
6957 821847782537
6958 822038157851
6959 822108089899
6960 822290236871
6961 822312320887
6962 822369183947
6963 822376291853
6964 822700673957
6965 822734283799
6966 822941824909
6967 822944719637
6968 822954051901
6969 823018287799
6970 823168407977
6971 823381038947
6972 823396749137
6973 823418240891
6974 823594102871
6975 823727406919
6976 823739205977
6977 823768023863
6978 823786853237
6979 824025139909
6980 824042012953
6981 824255316901
6982 824279251909
6983 824321668789
6984 824538036799
6985 824622602891
6986 824629011881
6987 824852065853
6988 825095796137
6989 825335235947
6990 825632824789
6991 826573401947
6992 826744010891
6993 826863012947
6994 826889731037
6995 827005472861
6996 827042355901
6997 827042364851
6998 827108242819
6999 827130573947
7000 827173341947
7001 827469211853
7002 827614132819
7003 827656321909
7004 828025518919
7005 828227205947
7006 828267611957
7007 828270479537
7008 828872366237
7009 828885398843
7010 828996006437
7011 829057387337
7012 829290953537
7013 829581374537
7014 830010719933
7015 830017556861
7016 830242677799
7017 830418812957
7018 830608081819
7019 830619071861
7020 830622973853
7021 830638152901
7022 830642370829
7023 830682232819
7024 830839021871
7025 830933630911
7026 831131766901
7027 831194531911
7028 831256554977
7029 831409424957
7030 831543173809
7031 831610817911
7032 831616316911
7033 831619071901
7034 831682250911
7035 831795936137
7036 832155278957
7037 832249323947
7038 832302033923
7039 832507287947
7040 832553814977
7041 832716732977
7042 832745079737
7043 832757465537
7044 832878429137
7045 833351840861
7046 833462127947
7047 833626170901
7048 834233286977
7049 834256912967
7050 834394216967
7051 834512784947
7052 834518322901
7053 834541442957
7054 834845073947
7055 835130753911
7056 835208323871
7057 835225505809
7058 835701471901
7059 835763195537
7060 835806881537
7061 835910661977
7062 835981725437
7063 836023987637
7064 836043183851
7065 836132339899
7066 836190536957
7067 836520633947
7068 836585851337
7069 836876544137
7070 836917189037
7071 837072273977
7072 837144789137
7073 837205218947
7074 837434614967
7075 837779216237
7076 837780881237
7077 838290872537
7078 838583113789
7079 838922666237
7080 839196670337
7081 839331341809
7082 839332083977
7083 839543017853
7084 839569321637
7085 839675900537
7086 841601875909
7087 841630246819
7088 841632949637
7089 841788109637
7090 841992916337
7091 842134098919
7092 842190925967
7093 842350307891
7094 842524155947
7095 842664500911
7096 842700690901
7097 842880360799
7098 842966724437
7099 843065815789
7100 843463124957
7101 843576383537
7102 843687429821
7103 843741849437
7104 843791289137
7105 843921753947
7106 844063492967
7107 844093302881
7108 844250927957
7109 844404136871
7110 844478184437
7111 844668000901
7112 845303742947
7113 845742947237
7114 846004622839
7115 846292632947
7116 846338215967
7117 846375896819
7118 846615174947
7119 846731610947
7120 847003733911
7121 847030660871
7122 847071346853
7123 847108515919
7124 847419420863
7125 847455991037
7126 847509694037
7127 847591863137
7128 847624503919
7129 847664264537
7130 848189073437
7131 848294941337
7132 849077056637
7133 849244745537
7134 849278261537
7135 849363089831
7136 849364349237
7137 849398071337
7138 849757307237
7139 849910252853
7140 850107652819
7141 850123557851
7142 850127571851
7143 850218682967
7144 850490637947
7145 850514741911
7146 850665325967
7147 850722906799
7148 851108397947
7149 851376649337
7150 851410294871
7151 851626146799
7152 851981583437
7153 852240436819
7154 852638671637
7155 852720090829
7156 852737249537
7157 852756412789
7158 852804530957
7159 852954169337
7160 853024391809
7161 853037045911
7162 853127181947
7163 853363174967
7164 853530018829
7165 853662216863
7166 853673305909
7167 853773517637
7168 853786735037
7169 853835978819
7170 853886298809
7171 854034811871
7172 854037322871
7173 854245076957
7174 854430912901
7175 854611164947
7176 855011285911
7177 855022971799
7178 855346459337
7179 855663003851
7180 855928733237
7181 855932331977
7182 856000400953
7183 856014611839
7184 856044577637
7185 856289821337
7186 856805030911
7187 856888919743
7188 856924312967
7189 856986612137
7190 857053804853
7191 857067239537
7192 857146023901
7193 857433740957
7194 857452504967
7195 858155654537
7196 858380121901
7197 858414730853
7198 858752168237
7199 858808830437
7200 858851645237
7201 859285753037
7202 860312673851
7203 860343035891
7204 860437660967
7205 860883685037
7206 861086308909
7207 861440553851
7208 861500883977
7209 861771320911
7210 861838517537
7211 861864313853
7212 862436433799
7213 862732033871
7214 863280568637
7215 864040244839
7216 864150272809
7217 864201774977
7218 864326231957
7219 864434577437
7220 864446358437
7221 864601830947
7222 864704244799
7223 864800271901
7224 865214181851
7225 865325155789
7226 865380784337
7227 865426749137
7228 865789436819
7229 865817678819
7230 865820724947
7231 865859272037
7232 865892338037
7233 866037037909
7234 866037433853
7235 866181234977
7236 866204067919
7237 866212081871
7238 866318127947
7239 866656261637
7240 866922015977
7241 866969934833
7242 867064224799
7243 867206241851
7244 867633717437
7245 867891534137
7246 867897021437
7247 867931940537
7248 867989571833
7249 868586033537
7250 869240381957
7251 869550935237
7252 869586620237
7253 869614131977
7254 869736467819
7255 869765495843
7256 869943869941
7257 870128590909
7258 870142940911
7259 870344628947
7260 870429235789
7261 870569179037
7262 870650900957
7263 870656482637
7264 870750341957
7265 870807036919
7266 871137166789
7267 871202694799
7268 871235925947
7269 871351037957
7270 871362720901
7271 871443160871
7272 871521083957
7273 871731264799
7274 871741076957
7275 871787441537
7276 872309901919
7277 872310793789
7278 872794315637
7279 872841920957
7280 873040705871
7281 873324601871
7282 873620517799
7283 873622633789
7284 873750282947
7285 874217784437
7286 874238012957
7287 874269211789
7288 874310381957
7289 874333567637
7290 874355511919
7291 874758334337
7292 875008264789
7293 875073105901
7294 875113236901
7295 875215600871
7296 875405235977
7297 875457561437
7298 875607621947
7299 876323114809
7300 876749883833
7301 876793117337
7302 877243404977
7303 877735265237
7304 878171431789
7305 878172160909
7306 878192109737
7307 878582905037
7308 879055575137
7309 880132335881
7310 880214827909
7311 880259295437
7312 880364217919
7313 880443206809
7314 880570068947
7315 880974059237
7316 881071055957
7317 881243691947
7318 881435335789
7319 881485124957
7320 881707080977
7321 881850694337
7322 881860623947
7323 882002497967
7324 882159115967
7325 882180540947
7326 882243221891
7327 882364531967
7328 882587290337
7329 882598060637
7330 882601514911
7331 882647115947
7332 882683453537
7333 882709629821
7334 883070829737
7335 883103283851
7336 883136515853
7337 883143580789
7338 883243095947
7339 883447076537
7340 883583598809
7341 883690002901
7342 883801499237
7343 884034889037
7344 884212542947
7345 884242921909
7346 884269096037
7347 884738750237
7348 885251946437
7349 885252929237
7350 885499018037
7351 886004161871
7352 886265517437
7353 886410373967
7354 886497980843
7355 886832542637
7356 887161178537
7357 887171871437
7358 887263179137
7359 887339653037
7360 888384597833
7361 888841560437
7362 888855145037
7363 889216639037
7364 889363956809
7365 890081527967
7366 890190974537
7367 890438469821
7368 890601861977
7369 890807012861
7370 891105934967
7371 891255371957
7372 891832496237
7373 891889423037
7374 892118820863
7375 892120811839
7376 892232238977
7377 892271778137
7378 893271122911
7379 893522779811
7380 893741824637
7381 893779620137
7382 894429145637
7383 895195192337
7384 895209521957
7385 895598075819
7386 896231047967
7387 896237790137
7388 896429570237
7389 896503937237
7390 896507931437
7391 896775202637
7392 896824336337
7393 897178689733
7394 897744922037
7395 898036014919
7396 898166910437
7397 898234110901
7398 898350007909
7399 898534219337
7400 898657580819
7401 899036470637
7402 899144678819
7403 899257831037
7404 899356589743
7405 899442410957
7406 899502702947
7407 899539374809
7408 900030112273
7409 900075807901
7410 900300349943
7411 900453020953
7412 900468360901
7413 900710386819
7414 900830635819
7415 900950273957
7416 900965091799
7417 901014053971
7418 901019757919
7419 901353956957
7420 901389162977
7421 901455593957
7422 901491708863
7423 901620050971
7424 902425941947
7425 902563689437
7426 902742812957
7427 902992180967
7428 903003866911
7429 903268043957
7430 903290862919
7431 903410973947
7432 903436827947
7433 903462541871
7434 903482914853
7435 903566057957
7436 903632435809
7437 903774385637
7438 903847130861
7439 903965964137
7440 904065442871
7441 904121340877
7442 904159510871
7443 904201430887
7444 904324145839
7445 904580541947
7446 904586314967
7447 905158421861
7448 905200349929
7449 905250716861
7450 905314506829
7451 905353910809
7452 905430804829
7453 905542205839
7454 905893502957
7455 905935001891
7456 906116605819
7457 906173334851
7458 906216484853
7459 906260693957
7460 906344357957
7461 906375022871
7462 906407550901
7463 906505217861
7464 906764638337
7465 906766729811
7466 907014885947
7467 907070953909
7468 907072713851
7469 907164063947
7470 907253922863
7471 907429212947
7472 907512920861
7473 907552404947
7474 908102940881
7475 908270337977
7476 908340925909
7477 909108690947
7478 909171759437
7479 909258674237
7480 909264264947
7481 909408809537
7482 909522225947
7483 909563136947
7484 909752034977
7485 909774600947
7486 910174950851
7487 910283534957
7488 910343168957
7489 910359571853
7490 910492518799
7491 910538271901
7492 910862424947
7493 911048396957
7494 911167344947
7495 911186677637
7496 911345507861
7497 911390057861
7498 911480147957
7499 911555717957
7500 911919211871
7501 912426750901
7502 912637004891
7503 912703972909
7504 912817305947
7505 912855005911
7506 913128642851
7507 913815780947
7508 913855088537
7509 913905372977
7510 913981103911
7511 914100855881
7512 914280740911
7513 914508209899
7514 914937420977
7515 915528774437
7516 915636311809
7517 915716193947
7518 915760383947
7519 915800174911
7520 915844727537
7521 916180820861
7522 916315791947
7523 916655835437
7524 916922777237
7525 917344430809
7526 917534477537
7527 917748033947
7528 917748401957
7529 917915961437
7530 918071720809
7531 918144014891
7532 918154589237
7533 918842935337
7534 918861101911
7535 919122574967
7536 919142739737
7537 919220853977
7538 919228537637
7539 919262524909
7540 919457454437
7541 919576335437
7542 919651578137
7543 919702205809
7544 920274648947
7545 920358224861
7546 920359228853
7547 920586197537
7548 920588493437
7549 920593114871
7550 920742046871
7551 921175137851
7552 921295052861
7553 921295534967
7554 921435177863
7555 921453026891
7556 921611661881
7557 921678387137
7558 921757560947
7559 921775112809
7560 921795003851
7561 922187106947
7562 922210773829
7563 922369012819
7564 922449082909
7565 922571222891
7566 922732734799
7567 922830109909
7568 923293390909
7569 923356482947
7570 923571616853
7571 923579502947
7572 923591181977
7573 923593224919
7574 923605257919
7575 924921328909
7576 925000977863
7577 925162788437
7578 925219254863
7579 925396033909
7580 925434365957
7581 925536023861
7582 925557647237
7583 925727901947
7584 925940651957
7585 926039597237
7586 926211824809
7587 926326714909
7588 926345588237
7589 926622483947
7590 926684877809
7591 926885507237
7592 926962646237
7593 927092060911
7594 927121572851
7595 927252131891
7596 927425516957
7597 927432162901
7598 927638100947
7599 928025977337
7600 928027785437
7601 928089176237
7602 928873707137
7603 928952688809
7604 929233426789
7605 929713343957
7606 930055634957
7607 930257957537
7608 930344912911
7609 930458632967
7610 930469862537
7611 930503031923
7612 930720751871
7613 930879021977
7614 931149931967
7615 931189311851
7616 931347054947
7617 932608147789
7618 932634413911
7619 933016454861
7620 933029280901
7621 933278090957
7622 933304784957
7623 933529116977
7624 933712475957
7625 933833920909
7626 933891819137
7627 934017663919
7628 934044442819
7629 934218193967
7630 934282160957
7631 934406654957
7632 934447838237
7633 934564306789
7634 934610475977
7635 934984300967
7636 935064534799
7637 935179051789
7638 935383203901
7639 935543254967
7640 935814073967
7641 935845906337
7642 935911215947
7643 936097999843
7644 936134682947
7645 936504147863
7646 936717757037
7647 936782626337
7648 936843025967
7649 937072922957
7650 937204375967
7651 937335370967
7652 937647121909
7653 937808249237
7654 938042090861
7655 938800256957
7656 939364179821
7657 939944802437
7658 940145516911
7659 940445932967
7660 940743526909
7661 940785702947
7662 940847080967
7663 940869321947
7664 941050977947
7665 941226960977
7666 941606625977
7667 941686752437
7668 941735164967
7669 941904562789
7670 942045651901
7671 942065190851
7672 942216906919
7673 942629144957
7674 942663936437
7675 942723285947
7676 943014482911
7677 943150545851
7678 943228245863
7679 943325957537
7680 944043642901
7681 944073500891
7682 944142174901
7683 944158943537
7684 944188908137
7685 944491588037
7686 944561166947
7687 944709520967
7688 944769558809
7689 944789515037
7690 944916331967
7691 945055469537
7692 945076861637
7693 945078223909
7694 945402690863
7695 945630886337
7696 945640016861
7697 946093301861
7698 946098300799
7699 946130638853
7700 946175601799
7701 946455824537
7702 946523124851
7703 946553008909
7704 947061026861
7705 947122641851
7706 947173410947
7707 947259591137
7708 947440657637
7709 947451228947
7710 947483014967
7711 947724141799
7712 947730203957
7713 947809184237
7714 947814531947
7715 947958402437
7716 948039132863
7717 948230463977
7718 948272826437
7719 948456221957
7720 948553877819
7721 948795420437
7722 949032453977
7723 949297862819
7724 949421150809
7725 949677208037
7726 949756260437
7727 949879104137
7728 950337215911
7729 950453127947
7730 950564575637
7731 950616512957
7732 950659985819
7733 950674044919
7734 950688202853
7735 950774225957
7736 950895418337
7737 951071750809
7738 951112947977
7739 951199727237
7740 951221186911
7741 951222129919
7742 951283051819
7743 951459304853
7744 951547113901
7745 951673169537
7746 951753812957
7747 951965916137
7748 952025552809
7749 952096315967
7750 952221672851
7751 952607605853
7752 952722850909
7753 953003727947
7754 953009626967
7755 953311356947
7756 953332581863
7757 953834232863
7758 954252778337
7759 954634242977
7760 954636727337
7761 954817327637
7762 954833305967
7763 954880348337
7764 954966881819
7765 955150366789
7766 955326640909
7767 955407136967
7768 955666708037
7769 955669205537
7770 956059044947
7771 956206272799
7772 956231323871
7773 956304017957
7774 956466554237
7775 956527815437
7776 956808461537
7777 956826177137
7778 956905134947
7779 957042170911
7780 957524267537
7781 957853496819
7782 957857321537
7783 958678117037
7784 959020708967
7785 959305861637
7786 959465558819
7787 959566631237
7788 959739384809
7789 959790612437
7790 960375891437
7791 961027068863
7792 961245070871
7793 961413759737
7794 961632422911
7795 962005557977
7796 962059512977
7797 962061822851
7798 962114802829
7799 962150754977
7800 962176062863
7801 962282218967
7802 962978511437
7803 963084011891
7804 963131525809
7805 963164517947
7806 963194115977
7807 963285567137
7808 963318114901
7809 963394349831
7810 963491566337
7811 964193610977
7812 965530800901
7813 965640370789
7814 965657667809
7815 965657903237
7816 965963812337
7817 966175079237
7818 966522056957
7819 966537600947
7820 966579756833
7821 966590310799
7822 966625123967
7823 966794915819
7824 966881626037
7825 966895221437
7826 967004726957
7827 967052713789
7828 967141322911
7829 967305937337
7830 967496092037
7831 967565508137
7832 967568340437
7833 967601859137
7834 968268157037
7835 968421249737
7836 968625150947
7837 969091051853
7838 969091861337
7839 969181332947
7840 969227265437
7841 969273723437
7842 969319724237
7843 969368219801
7844 969838791833
7845 970080138851
7846 970165632977
7847 970186122901
7848 970381250911
7849 970478043947
7850 970487481437
7851 970530127871
7852 970614246799
7853 970711446863
7854 970823034851
7855 970903642853
7856 970986795833
7857 971026097957
7858 971181522901
7859 971267325947
7860 971468104967
7861 971944459037
7862 972019469537
7863 972073304957
7864 972176621957
7865 972272006809
7866 972327613909
7867 972410831957
7868 972439494137
7869 972691141909
7870 972721382957
7871 972880330853
7872 973019791637
7873 973093289237
7874 973205851789
7875 973271560967
7876 973354619537
7877 973525310809
7878 973713295637
7879 973759038137
7880 973810050881
7881 974143404851
7882 975085372637
7883 975152213911
7884 975231428957
7885 975261243919
7886 975320067977
7887 975405732947
7888 975591760337
7889 975614030957
7890 975710004881
7891 975850002851
7892 975993314237
7893 976135916537
7894 976176141947
7895 976555542437
7896 976718085137
7897 976718387819
7898 976850790137
7899 976855318037
7900 977231660957
7901 977590225637
7902 978299375843
7903 978627823037
7904 978696716843
7905 978825147137
7906 978956107037
7907 980016366799
7908 980075287637
7909 980255105861
7910 980311562957
7911 980562831947
7912 980769981809
7913 980771187437
7914 981239611853
7915 981442601809
7916 982616126957
7917 983103822851
7918 983131610891
7919 983146846337
7920 983159385137
7921 983185862237
7922 983411834957
7923 983588744819
7924 983625734537
7925 983628013789
7926 983664807137
7927 983733700909
7928 983745073637
7929 983773343537
7930 984438004789
7931 984474258137
7932 984950087237
7933 985155935237
7934 985237890137
7935 985337302967
7936 985520634947
7937 985534521947
7938 986077210967
7939 986199900137
7940 986206422863
7941 986221714853
7942 986248834037
7943 986281469801
7944 987221501957
7945 987245914337
7946 987358615037
7947 987596853833
7948 987703477037
7949 987764579941
7950 988503276437
7951 988620204863
7952 988936646843
7953 989173604537
7954 989672542037
7955 990167035789
7956 990244173977
7957 990305167853
7958 990320826799
7959 990351081851
7960 990606140911
7961 990677244437
7962 990718386137
7963 990741299237
7964 990747966809
7965 991153710947
7966 991176925337
7967 991650874337
7968 992032834789
7969 992112062891
7970 992574798833
7971 992803500901
7972 993103860799
7973 993246628337
7974 993258201863
7975 993411904909
7976 993875204537
7977 994271775137
7978 994765147037
7979 995335114789
7980 995407986809
7981 996614608337
7982 997020337853
7983 997087101947
7984 997502519537
7985 997630519337
7986 997858905833
7987 997937033237
7988 998120193947
7989 998232639137
7990 998283314537
7991 998293552037
7992 998507991809
7993 999021280853
7994 999732440537
7995 999753522137
7996 999801581237
7997 1000211209093
7998 1000299366901
7999 1000299428911
8000 1000472776819
8001 1001039898799
8002 1001486492861
8003 1001724779899
8004 1001794197799
8005 1002109532887
8006 1002130662991
8007 1002274794901
8008 1002357005933
8009 1002363847871
8010 1002875075861
8011 1003112121493
8012 1003318797799
8013 1003603388839
8014 1003744488863
8015 1003794530891
8016 1003895142829
8017 1003992645919
8018 1004146251923
8019 1004154496871
8020 1004174486911
8021 1004194547809
8022 1004199755957
8023 1004399762957
8024 1004451953891
8025 1004699160901
8026 1005106967861
8027 1005429582851
8028 1005967610957
8029 1006054369909
8030 1007029950881
8031 1007277196967
8032 1007356811891
8033 1007729931799
8034 1008159048851
8035 1008331556891
8036 1008351399799
8037 1008489361853
8038 1008669937337
8039 1008841650881
8040 1008846417863
8041 1009164742819
8042 1009331492891
8043 1009352952851
8044 1009368027851
8045 1009735887437
8046 1009755530911
8047 1009870494947
8048 1009883175947
8049 1010023096981
8050 1010024996839
8051 1010060364991
8052 1010223234073
8053 1010253983891
8054 1010562204991
8055 1011050006383
8056 1011193956901
8057 1011330440173
8058 1011608411953
8059 1011866452819
8060 1011943186871
8061 1012291764881
8062 1012466068871
8063 1012524773839
8064 1012835563819
8065 1012906885789
8066 1013220421093
8067 1013334649909
8068 1013792705911
8069 1014535098947
8070 1014644961901
8071 1014791810891
8072 1014878651957
8073 1014886025957
8074 1014902229923
8075 1015149931871
8076 1015202184923
8077 1015255728901
8078 1015289958437
8079 1015334295881
8080 1015357593799
8081 1015371204877
8082 1015857166967
8083 1016084780911
8084 1016098662977
8085 1016182653881
8086 1016332974901
8087 1016362647851
8088 1016448926957
8089 1016730891947
8090 1016783168957
8091 1016876362967
8092 1016982350809
8093 1017547082957
8094 1017550795909
8095 1017572614819
8096 1017636206891
8097 1017712003897
8098 1017993965237
8099 1018172356819
8100 1018191706871
8101 1018368630901
8102 1018441384819
8103 1018509826853
8104 1018583565947
8105 1018707438799
8106 1018864503901
8107 1018883038853
8108 1018894302851
8109 1018983243977
8110 1019075193901
8111 1019134791901
8112 1019195266909
8113 1019200117981
8114 1019248227947
8115 1019255252891
8116 1019276427919
8117 1019322609919
8118 1019394553909
8119 1019680662799
8120 1019683058957
8121 1020023536897
8122 1020042365971
8123 1020615677911
8124 1020670429913
8125 1020696746957
8126 1020732010183
8127 1020753194891
8128 1020836102887
8129 1020956856947
8130 1021022190073
8131 1021127875819
8132 1021318668901
8133 1021766655799
8134 1021813677901
8135 1022407888967
8136 1022418765947
8137 1022436890957
8138 1022561600887
8139 1022619757909
8140 1022782247957
8141 1022844096947
8142 1023379572977
8143 1023457461881
8144 1023532539919
8145 1023664000897
8146 1023847654789
8147 1023922782947
8148 1024012166953
8149 1024450575881
8150 1024988275637
8151 1025379204881
8152 1025731932829
8153 1025925314839
8154 1026097924853
8155 1026334654819
8156 1026483611891
8157 1026560273839
8158 1026718604861
8159 1026726834799
8160 1026848993237
8161 1026904109929
8162 1026957737537
8163 1027182997637
8164 1027338791957
8165 1027528999811
8166 1027744115891
8167 1027857325853
8168 1027861266863
8169 1027936205809
8170 1027968003901
8171 1027972602851
8172 1028055734809
8173 1028112917891
8174 1028123309933
8175 1028123584871
8176 1028191058809
8177 1028345630891
8178 1028514285901
8179 1028680374919
8180 1028714810891
8181 1028917837637
8182 1029054267947
8183 1029496864337
8184 1029690373853
8185 1029806857637
8186 1029958484237
8187 1030134180953
8188 1031288890909
8189 1031365848977
8190 1031614124953
8191 1031688233861
8192 1032124698947
8193 1032348633881
8194 1032687213829
8195 1032871099963
8196 1033212211183
8197 1033334738809
8198 1033644946853
8199 1033709416819
8200 1033769502851
8201 1033840767919
8202 1033948597337
8203 1034097286909
8204 1034219690957
8205 1034379123829
8206 1034833605829
8207 1034842594853
8208 1034932776947
8209 1035100284877
8210 1035219883967
8211 1035244583809
8212 1035324795863
8213 1035495273863
8214 1035514295861
8215 1035514854901
8216 1035552447851
8217 1035566064947
8218 1035621656911
8219 1035698120861
8220 1035783540851
8221 1035787500901
8222 1035866388437
8223 1036109267861
8224 1036138734947
8225 1036199719637
8226 1036247623819
8227 1036296180851
8228 1036340798957
8229 1036503861829
8230 1036577562947
8231 1036726780909
8232 1036866342977
8233 1037754578537
8234 1037989176137
8235 1038086527909
8236 1038145642819
8237 1038570075947
8238 1038963470957
8239 1039192083851
8240 1039432884947
8241 1039550625947
8242 1039728231901
8243 1040013100873
8244 1040245125877
8245 1040546844901
8246 1040564658799
8247 1040691623891
8248 1041005434897
8249 1041403030183
8250 1041689434909
8251 1041939758537
8252 1041971763799
8253 1042057984853
8254 1043740592861
8255 1044224692871
8256 1044323447891
8257 1044565917947
8258 1044609416911
8259 1044682960967
8260 1044823721839
8261 1044952145911
8262 1044980163901
8263 1045044456881
8264 1045106222971
8265 1045254586967
8266 1045549973537
8267 1045649210891
8268 1045764372977
8269 1045771380947
8270 1046013120073
8271 1046318494789
8272 1046348901947
8273 1046641675967
8274 1046799482237
8275 1046888165537
8276 1046921461871
8277 1046997159137
8278 1047209574919
8279 1047313490891
8280 1047919775237
8281 1047977880137
8282 1048325227871
8283 1048519642967
8284 1048569797819
8285 1048580913977
8286 1048645390789
8287 1048650236957
8288 1048750680863
8289 1048910854853
8290 1049008811891
8291 1049320367911
8292 1049543238977
8293 1049701865957
8294 1050105719933
8295 1050370917881
8296 1050382807871
8297 1050586319899
8298 1050623510971
8299 1050870276947
8300 1050954781853
8301 1050972713957
8302 1051248378799
8303 1051418209913
8304 1051500398891
8305 1051618707851
8306 1051635099973
8307 1051801026923
8308 1052108773871
8309 1052700419933
8310 1052798012957
8311 1052827799237
8312 1053042504923
8313 1053206388851
8314 1053534374957
8315 1053606535871
8316 1053692017871
8317 1053725755967
8318 1053923705911
8319 1053985470947
8320 1054086583789
8321 1054149528863
8322 1054208844901
8323 1054233198947
8324 1054943454977
8325 1055166352871
8326 1055269876337
8327 1055637947537
8328 1055651913947
8329 1055984775137
8330 1055987599949
8331 1056016041877
8332 1056196615909
8333 1056323582861
8334 1056612359899
8335 1056703428947
8336 1056728920789
8337 1056813827957
8338 1056948843437
8339 1057091127881
8340 1057095504947
8341 1057137790853
8342 1057209999137
8343 1057224942947
8344 1057290615947
8345 1057348463957
8346 1057489501909
8347 1057505836853
8348 1057517008819
8349 1057622343829
8350 1057918839821
8351 1058285539637
8352 1058307551957
8353 1058315562901
8354 1058360910881
8355 1058447561957
8356 1058801308871
8357 1058802165947
8358 1058928626537
8359 1059290234809
8360 1059301654871
8361 1059501465851
8362 1059572453957
8363 1059636330947
8364 1060391952947
8365 1060576078789
8366 1060837917947
8367 1061097555799
8368 1061431685957
8369 1061470203877
8370 1061518200877
8371 1061518364861
8372 1061594253851
8373 1061810039933
8374 1061859311911
8375 1061977429637
8376 1062183635911
8377 1062237852901
8378 1062297426863
8379 1062534591851
8380 1062722678957
8381 1062768318947
8382 1062828440911
8383 1062851154881
8384 1062929505863
8385 1063334940881
8386 1063449517789
8387 1063463174861
8388 1063656779831
8389 1063730946919
8390 1064016528881
8391 1064330487947
8392 1064452863863
8393 1064462711839
8394 1064520692957
8395 1064651445947
8396 1064685424853
8397 1064735253947
8398 1064763327799
8399 1064771604851
8400 1064955200839
8401 1065071463881
8402 1065216635957
8403 1065287021839
8404 1065501485809
8405 1065598787819
8406 1065600088871
8407 1065604468967
8408 1065617097947
8409 1065663437957
8410 1065665007947
8411 1065755733947
8412 1065770045957
8413 1065779279801
8414 1066338568637
8415 1066411428829
8416 1066432095901
8417 1066523547863
8418 1066809235853
8419 1066833242957
8420 1066980037789
8421 1067104095881
8422 1067544405947
8423 1067702252891
8424 1067764032851
8425 1068018065809
8426 1068048117901
8427 1068170548789
8428 1068252506809
8429 1068253761977
8430 1068319705909
8431 1068341903809
8432 1068853899863
8433 1068901334911
8434 1069029250871
8435 1069127154947
8436 1069132863919
8437 1069138705909
8438 1069265193947
8439 1069318008947
8440 1069550743853
8441 1069564719437
8442 1069604789237
8443 1069687023947
8444 1070075852957
8445 1070086947947
8446 1070101472887
8447 1070135996957
8448 1070302300183
8449 1070391561881
8450 1070453805881
8451 1070955989801
8452 1071220712971
8453 1071346981853
8454 1071377091947
8455 1071521816839
8456 1071705157819
8457 1071752484799
8458 1071783042881
8459 1072136219929
8460 1072212017971
8461 1072463193947
8462 1072733376919
8463 1072859758037
8464 1073309315891
8465 1073323565911
8466 1073482405819
8467 1073613882919
8468 1073717815853
8469 1073723634901
8470 1073742090829
8471 1074088661957
8472 1074232210897
8473 1074301212953
8474 1074308460881
8475 1074598100861
8476 1074637303819
8477 1074746310881
8478 1075040836871
8479 1075046265901
8480 1075107089899
8481 1075127822861
8482 1075137821809
8483 1075240885967
8484 1075444551851
8485 1075472621911
8486 1075512387863
8487 1075625581853
8488 1075637894237
8489 1075734508909
8490 1075949842337
8491 1075986355337
8492 1076122634891
8493 1076131488919
8494 1076246163901
8495 1076308164901
8496 1076332864967
8497 1076599154537
8498 1076612156957
8499 1076818681637
8500 1076880163967
8501 1076912133881
8502 1077074522911
8503 1077231741881
8504 1077771126977
8505 1077773216957
8506 1077806106851
8507 1077820155901
8508 1077903437957
8509 1077916866137
8510 1077975400967
8511 1078084281863
8512 1078131346871
8513 1078238487437
8514 1078334370851
8515 1078361265977
8516 1078390700911
8517 1078410667853
8518 1078423730911
8519 1078570016911
8520 1078672530977
8521 1078730204891
8522 1079113184911
8523 1079205371957
8524 1079211587957
8525 1079310933947
8526 1079397534437
8527 1079515999999
8528 1079737369037
8529 1079853098237
8530 1080333276829
8531 1080677568437
8532 1080846471919
8533 1080881640901
8534 1080916124839
8535 1080947241947
8536 1081193181881
8537 1081348173901
8538 1081411203953
8539 1081740923911
8540 1082152894789
8541 1082208632891
8542 1082344989437
8543 1082670353861
8544 1082726482967
8545 1082851072819
8546 1082938252789
8547 1083213963901
8548 1083323946863
8549 1083378021829
8550 1083736867337
8551 1083834480977
8552 1083901427957
8553 1084045443881
8554 1084312104877
8555 1084326741947
8556 1084383875537
8557 1084588132909
8558 1084610816911
8559 1084638408947
8560 1084734894437
8561 1085123087957
8562 1085301494911
8563 1085449470947
8564 1085549304799
8565 1086151197863
8566 1086414234881
8567 1086724211891
8568 1086925368437
8569 1087563525947
8570 1087685381537
8571 1087687244537
8572 1087723795337
8573 1087977017537
8574 1088160505871
8575 1088224998137
8576 1088859254237
8577 1088889635819
8578 1089060902861
8579 1089072084977
8580 1089244731977
8581 1089273723947
8582 1089325562957
8583 1089453907637
8584 1089717955037
8585 1089837691037
8586 1090036763861
8587 1090138470881
8588 1090327425881
8589 1090754702861
8590 1090909281799
8591 1091117637901
8592 1091192738957
8593 1091533904911
8594 1091596460957
8595 1091740941947
8596 1091804377967
8597 1092132593911
8598 1092145962977
8599 1092180120877
8600 1092204867977
8601 1092302378809
8602 1092374778437
8603 1092401766851
8604 1092422544881
8605 1092437105891
8606 1092823367957
8607 1092882358637
8608 1092929018957
8609 1093015366871
8610 1093039645909
8611 1093119903901
8612 1093762543967
8613 1093768546337
8614 1093834034957
8615 1093917476537
8616 1093962893237
8617 1093995861137
8618 1094071930871
8619 1094182506947
8620 1094504623819
8621 1094557131947
8622 1094564182967
8623 1094779904237
8624 1094946106853
8625 1095168891437
8626 1095419033809
8627 1095497474237
8628 1095757477037
8629 1095864934337
8630 1096028915957
8631 1096109611819
8632 1096133845909
8633 1096170585947
8634 1096643757437
8635 1096854801947
8636 1097192055863
8637 1097435320871
8638 1097617479137
8639 1097639556137
8640 1097999625809
8641 1098036732977
8642 1098206493947
8643 1098690473537
8644 1098800105839
8645 1098847631537
8646 1099161922909
8647 1099488758843
8648 1100502978881
8649 1100764286957
8650 1100888850977
8651 1100894274947
8652 1101106200583
8653 1101194787799
8654 1101356688977
8655 1101725657957
8656 1101771890809
8657 1101988057853
8658 1102099784957
8659 1102210029073
8660 1102414069943
8661 1102679797337
8662 1102756085957
8663 1102821966901
8664 1103240526923
8665 1103276597957
8666 1103536974977
8667 1103566085861
8668 1103589831919
8669 1103627804891
8670 1103794191901
8671 1104025371877
8672 1104111220573
8673 1104249744947
8674 1104503793829
8675 1104968722789
8676 1105234874911
8677 1105349156911
8678 1105414100173
8679 1105584366977
8680 1105635744901
8681 1105642850891
8682 1105801880891
8683 1105811484881
8684 1106015387839
8685 1106091041971
8686 1106464923901
8687 1106661861901
8688 1106736471947
8689 1106765661977
8690 1106813138839
8691 1106825407819
8692 1107196717789
8693 1107274931911
8694 1107327803839
8695 1107412286891
8696 1107758488337
8697 1107786140861
8698 1107880118911
8699 1107991007911
8700 1108352546957
8701 1108492026881
8702 1108671830911
8703 1108995676037
8704 1109316595967
8705 1109335028839
8706 1109528473789
8707 1109618248789
8708 1109744175919
8709 1109945774537
8710 1109956323799
8711 1109971858337
8712 1110314406991
8713 1110581967863
8714 1111120428991
8715 1111162730933
8716 1111388854909
8717 1111648094957
8718 1111673637901
8719 1111767277967
8720 1112168856977
8721 1112388796637
8722 1112616464891
8723 1112736663851
8724 1112828046881
8725 1112853624829
8726 1112946763853
8727 1113120124093
8728 1113448953977
8729 1113502252981
8730 1113639533911
8731 1113664518947
8732 1113668338967
8733 1113700026953
8734 1113957690947
8735 1114142765839
8736 1114269911957
8737 1114392282881
8738 1114766562799
8739 1114815608861
8740 1114891190957
8741 1114991446967
8742 1115140002373
8743 1115257670809
8744 1115458065851
8745 1115668894337
8746 1115823416891
8747 1116256842947
8748 1116862746947
8749 1116964543967
8750 1117382333839
8751 1117403150953
8752 1117408462871
8753 1117720853957
8754 1117804274861
8755 1117804463861
8756 1117915901957
8757 1118007726881
8758 1118070786799
8759 1118308482901
8760 1118444703829
8761 1118973402947
8762 1119077734909
8763 1119596120861
8764 1120136036953
8765 1120853865799
8766 1121176368947
8767 1121189372911
8768 1121645102887
8769 1121660962871
8770 1121831877799
8771 1122398751863
8772 1122464357957
8773 1122497081861
8774 1123036007971
8775 1123095726901
8776 1123580463881
8777 1123613520877
8778 1123818128809
8779 1123845352871
8780 1124317210943
8781 1124483508947
8782 1124486067863
8783 1124617552819
8784 1124684850977
8785 1124821760891
8786 1124851428947
8787 1124873956637
8788 1125339534947
8789 1125563000971
8790 1125604211887
8791 1125689293637
8792 1125736962947
8793 1125747413911
8794 1125855373967
8795 1125903585977
8796 1126043296871
8797 1126207860829
8798 1126352780911
8799 1126463706947
8800 1126652394799
8801 1126676118977
8802 1126676791637
8803 1126793402957
8804 1126824485957
8805 1127015787977
8806 1127058196853
8807 1127211387881
8808 1127215220953
8809 1127232993919
8810 1127452001887
8811 1127629748537
8812 1128054642881
8813 1128060375829
8814 1128067406957
8815 1128703580911
8816 1128826430861
8817 1129070985947
8818 1129127890789
8819 1129214375911
8820 1129272424871
8821 1129279005947
8822 1129381791947
8823 1129415480957
8824 1129526603911
8825 1129790700851
8826 1129848238637
8827 1130499341911
8828 1130531341981
8829 1130538866957
8830 1130819444957
8831 1131004152073
8832 1131189208871
8833 1131788362909
8834 1131803378911
8835 1131893233819
8836 1132007117953
8837 1132026002083
8838 1132149465901
8839 1132528940861
8840 1132905580819
8841 1132970175901
8842 1133120346877
8843 1133165358851
8844 1133322251953
8845 1133497914947
8846 1133869523957
8847 1134037870871
8848 1134204439913
8849 1134357604819
8850 1134708161891
8851 1134936299537
8852 1134937109899
8853 1134939876137
8854 1135045661839
8855 1135564116881
8856 1135579152977
8857 1135720130887
8858 1135853118947
8859 1135952256799
8860 1135972685537
8861 1135987872137
8862 1136225376851
8863 1136502745871
8864 1136799707237
8865 1136942253901
8866 1136945300839
8867 1137190760957
8868 1137387342799
8869 1137404690911
8870 1137476128967
8871 1137491513861
8872 1137597106967
8873 1137726199637
8874 1137783820967
8875 1138115385947
8876 1138379800967
8877 1138385845637
8878 1138543515947
8879 1138638702977
8880 1138686404957
8881 1138830548957
8882 1139075342957
8883 1139134453819
8884 1139425852967
8885 1139581804789
8886 1139621656853
8887 1139739665237
8888 1139794363637
8889 1140134063953
8890 1140175587919
8891 1140616637911
8892 1140953216839
8893 1141304837891
8894 1141428617957
8895 1141550783809
8896 1141601688901
8897 1141743770957
8898 1141767512861
8899 1141870001971
8900 1142547317809
8901 1142636999831
8902 1142734199953
8903 1142738925947
8904 1142787442967
8905 1142928670789
8906 1143116946901
8907 1143150287891
8908 1143173861861
8909 1143334777789
8910 1143377036957
8911 1143385380947
8912 1143639636947
8913 1143781437863
8914 1143816074861
8915 1143821488967
8916 1143826423871
8917 1143887448437
8918 1143975289337
8919 1144110255877
8920 1144154516891
8921 1144212450877
8922 1144599764237
8923 1145336760947
8924 1145375338967
8925 1145545252871
8926 1145598616637
8927 1145657218967
8928 1145754588437
8929 1145824780853
8930 1145909371909
8931 1146219344861
8932 1146652308947
8933 1146825616967
8934 1146828778037
8935 1146833027911
8936 1146938179337
8937 1146964513967
8938 1147129780967
8939 1147328123839
8940 1147526571977
8941 1147937880437
8942 1148412009923
8943 1148434025891
8944 1148533910861
8945 1148541717977
8946 1148791117909
8947 1148941911977
8948 1149086433919
8949 1149555262789
8950 1149612910871
8951 1149638653637
8952 1149662034901
8953 1150435661839
8954 1150442486957
8955 1150917556967
8956 1151232719929
8957 1151349471851
8958 1151406257891
8959 1151774857637
8960 1151906519899
8961 1152063774947
8962 1152126770891
8963 1152226101991
8964 1152276880967
8965 1152391287863
8966 1152457827947
8967 1152483632957
8968 1152527808799
8969 1152939759137
8970 1153162104923
8971 1153176317911
8972 1153184730881
8973 1153326933947
8974 1153476643789
8975 1153712618911
8976 1153774183853
8977 1153830861901
8978 1153906185799
8979 1154318741911
8980 1154559646637
8981 1154570853977
8982 1155047836853
8983 1155066425861
8984 1155186520871
8985 1155200873891
8986 1155381267863
8987 1155619580957
8988 1155631566919
8989 1155970347947
8990 1156068606799
8991 1156322556947
8992 1156360837909
8993 1156472862947
8994 1156584939137
8995 1157070636851
8996 1157071338901
8997 1157111537839
8998 1157278441789
8999 1157554876337
9000 1157558013851
9001 1157670044911
9002 1157695160957
9003 1157697048437
9004 1157787970037
9005 1157858038637
9006 1157921161819
9007 1158214377799
9008 1158331563947
9009 1158525975437
9010 1158932478437
9011 1158980749037
9012 1159122651881
9013 1159236206809
9014 1159238138957
9015 1159312684909
9016 1159326993437
9017 1159831632919
9018 1160023136971
9019 1160029760839
9020 1160262636881
9021 1160309848909
9022 1160314368881
9023 1160378547947
9024 1160621309933
9025 1160661707911
9026 1161178475957
9027 1161352310933
9028 1162280590871
9029 1162476333947
9030 1162645820911
9031 1163308397957
9032 1163407954853
9033 1163414951861
9034 1163845534853
9035 1164007386947
9036 1164178138789
9037 1164232858967
9038 1164469439537
9039 1165034497789
9040 1165211917819
9041 1165214883799
9042 1165286245789
9043 1165742640901
9044 1166225395967
9045 1166293123871
9046 1166403905809
9047 1166409412871
9048 1166532371957
9049 1166866175537
9050 1167028352957
9051 1167042991967
9052 1167221553829
9053 1167241553809
9054 1167263091901
9055 1167618694337
9056 1167690021881
9057 1167692672537
9058 1167748364537
9059 1167829565237
9060 1167952126853
9061 1168113347809
9062 1168219678337
9063 1168419200891
9064 1168505833853
9065 1168579813337
9066 1169050893947
9067 1169343497537
9068 1169479094237
9069 1169483800853
9070 1169633724947
9071 1170104540953
9072 1170119676919
9073 1170337580809
9074 1170371327891
9075 1170690593957
9076 1170961182851
9077 1171197732799
9078 1171905432881
9079 1172270408839
9080 1173191912861
9081 1173681347957
9082 1173722000953
9083 1173770060839
9084 1173945359537
9085 1174013558911
9086 1174039811957
9087 1174239166909
9088 1174264512881
9089 1174308999821
9090 1174321817957
9091 1174846401947
9092 1175014733839
9093 1175726814947
9094 1175883456437
9095 1175903956637
9096 1176290340829
9097 1176312914957
9098 1176582641957
9099 1177118190851
9100 1177230704891
9101 1177712251871
9102 1177883038637
9103 1178172805967
9104 1178446120871
9105 1178507311819
9106 1178915946137
9107 1179210408829
9108 1179428413789
9109 1179466383437
9110 1179498715037
9111 1179902048957
9112 1180185088967
9113 1180192091839
9114 1180332782809
9115 1180368688337
9116 1180503717829
9117 1180525981853
9118 1180722793967
9119 1181021262877
9120 1181228935967
9121 1181437357853
9122 1181506738967
9123 1181916095957
9124 1182167333911
9125 1182196237967
9126 1182363108881
9127 1182416730881
9128 1182478993037
9129 1182515067901
9130 1182553896437
9131 1182665105911
9132 1182917541919
9133 1183092903901
9134 1183124186809
9135 1183384435967
9136 1183491822977
9137 1183853074853
9138 1183958825237
9139 1184001239933
9140 1184082335911
9141 1184170846909
9142 1184436135851
9143 1184531773967
9144 1184901636977
9145 1184906435957
9146 1184910505819
9147 1185078235853
9148 1185118899137
9149 1185242792957
9150 1185382125947
9151 1185762703967
9152 1185866671337
9153 1186014100981
9154 1186035897437
9155 1186065959831
9156 1186144217809
9157 1186183651853
9158 1186394730947
9159 1186595551637
9160 1186658934137
9161 1186659257237
9162 1186695195137
9163 1186918527437
9164 1187215464977
9165 1187428748237
9166 1187487434537
9167 1187573987819
9168 1187639455337
9169 1187641700911
9170 1187665011947
9171 1187777769961
9172 1188319191947
9173 1188583131863
9174 1188630473957
9175 1189163223851
9176 1189373929811
9177 1189413421871
9178 1189439359037
9179 1190020431991
9180 1190147228911
9181 1190167958537
9182 1190210766881
9183 1190450286901
9184 1190680452901
9185 1190708247919
9186 1190713921871
9187 1190994342947
9188 1191045771901
9189 1191325505891
9190 1191403200991
9191 1191473715919
9192 1191658053919
9193 1191662195957
9194 1191681580909
9195 1192204166891
9196 1192342783967
9197 1192614354947
9198 1192653225851
9199 1192818513863
9200 1193578396037
9201 1193607939437
9202 1193645640919
9203 1193961965237
9204 1194303922871
9205 1194362735957
9206 1194710385863
9207 1195224294863
9208 1195297500799
9209 1195424403829
9210 1195432939637
9211 1195531623901
9212 1195728051799
9213 1195851222851
9214 1195901734967
9215 1196059027789
9216 1196224608863
9217 1196564044789
9218 1196748122957
9219 1197026054911
9220 1197228389831
9221 1197326894237
9222 1197365694137
9223 1197528456437
9224 1197549553337
9225 1197711431911
9226 1197762558137
9227 1198078873037
9228 1198244043901
9229 1198322171911
9230 1198738002799
9231 1198927895843
9232 1199128954337
9233 1199247600919
9234 1199374648037
9235 1199801322901
9236 1200022361173
9237 1200029539913
9238 1200031370173
9239 1200416149903
9240 1200479472947
9241 1200509574829
9242 1200557937919
9243 1200682655911
9244 1200846648919
9245 1201077863957
9246 1201261639913
9247 1201306379929
9248 1201409600971
9249 1202120870933
9250 1202485506881
9251 1202764873909
9252 1202815686977
9253 1203052004083
9254 1203127298911
9255 1203180794957
9256 1203215578819
9257 1203371945911
9258 1203415746829
9259 1203577458947
9260 1203619193911
9261 1203646392901
9262 1203675722911
9263 1203731121991
9264 1203861555851
9265 1204206975901
9266 1204318193891
9267 1204522871891
9268 1204689207863
9269 1204692161839
9270 1204709434871
9271 1205275818863
9272 1205488399337
9273 1205538457789
9274 1205794314947
9275 1205896243967
9276 1206383728789
9277 1206386604901
9278 1206491641819
9279 1206546660947
9280 1206575185789
9281 1206750110887
9282 1206757685537
9283 1206780807977
9284 1206818531861
9285 1206955856537
9286 1207032539929
9287 1207124775947
9288 1207245815957
9289 1207443950957
9290 1207997131853
9291 1208142977957
9292 1208196611957
9293 1208226515891
9294 1208369652947
9295 1208391438977
9296 1208848909337
9297 1209074494909
9298 1209089425909
9299 1209097793537
9300 1209204674809
9301 1209550185901
9302 1209818231911
9303 1209830872909
9304 1209859014799
9305 1209883603853
9306 1210003635991
9307 1210060714981
9308 1210310929943
9309 1210329618881
9310 1210876622957
9311 1210906292891
9312 1211499347957
9313 1211665184861
9314 1212310380991
9315 1212330091897
9316 1212380202953
9317 1212488365789
9318 1212599755637
9319 1212638740871
9320 1212712577861
9321 1212885331871
9322 1212994350851
9323 1213186396909
9324 1213282004887
9325 1213463256829
9326 1213625573911
9327 1213711896919
9328 1213893537947
9329 1214419616911
9330 1214435985947
9331 1214770497947
9332 1215157517957
9333 1215232152877
9334 1215360756901
9335 1215612984919
9336 1215876694337
9337 1216173734957
9338 1216639430861
9339 1216659962537
9340 1216975874237
9341 1217172990863
9342 1217390637863
9343 1217482383919
9344 1217579829821
9345 1217745156863
9346 1217829032957
9347 1217859753437
9348 1218059337919
9349 1218136020923
9350 1218193610891
9351 1218226585789
9352 1219123583809
9353 1219266106871
9354 1219286067947
9355 1219441644851
9356 1219708218919
9357 1219728361853
9358 1219743330881
9359 1219834205809
9360 1219973855237
9361 1220152352933
9362 1220308378871
9363 1220323443877
9364 1220363797967
9365 1220379438977
9366 1220775736853
9367 1220783737967
9368 1221042895819
9369 1221493396789
9370 1221589714853
9371 1221618717947
9372 1221943854799
9373 1221979243789
9374 1222028330953
9375 1222034867957
9376 1222279902901
9377 1222412767871
9378 1222497570799
9379 1222701252923
9380 1223189893637
9381 1223305857947
9382 1223573475919
9383 1223588326967
9384 1224159753799
9385 1224262446829
9386 1224347706947
9387 1224726055871
9388 1224845960957
9389 1225389967037
9390 1225818889811
9391 1225890450901
9392 1226109111923
9393 1226697062957
9394 1226770811957
9395 1226855173909
9396 1226904506911
9397 1226969347337
9398 1227147174901
9399 1227270675863
9400 1227838541957
9401 1228377847337
9402 1229013357829
9403 1229124685967
9404 1229125836919
9405 1229284191977
9406 1229464308977
9407 1229921235947
9408 1230104147933
9409 1230130994839
9410 1230171007981
9411 1230406129903
9412 1230533495911
9413 1230865082809
9414 1230973542901
9415 1231334297957
9416 1231692182911
9417 1231709093861
9418 1231723187861
9419 1231829626967
9420 1231982530871
9421 1232058269899
9422 1232201769919
9423 1232285773853
9424 1232394730871
9425 1232394930901
9426 1232580626911
9427 1232591453861
9428 1232824962977
9429 1232826008891
9430 1233179106829
9431 1233325059919
9432 1233520402897
9433 1233587856437
9434 1233681245809
9435 1233804443891
9436 1233947227967
9437 1234085553901
9438 1234291773919
9439 1234390860947
9440 1234405965977
9441 1234583464967
9442 1234801980851
9443 1234908107957
9444 1235019914809
9445 1235380275947
9446 1235509941977
9447 1235609608967
9448 1235750836909
9449 1235781077957
9450 1236204945851
9451 1236561395957
9452 1236587207957
9453 1236956107789
9454 1237126981967
9455 1237164162881
9456 1237189749137
9457 1237568110819
9458 1237698636137
9459 1238591150809
9460 1238795581337
9461 1239102680839
9462 1239713411891
9463 1239796481237
9464 1240089897437
9465 1240131488839
9466 1240269057901
9467 1240475757947
9468 1241068857947
9469 1241437737919
9470 1241536728977
9471 1241581923947
9472 1241654616901
9473 1241684652799
9474 1242322754839
9475 1242542964977
9476 1242743370881
9477 1242854531861
9478 1243166773967
9479 1243282806947
9480 1243562038871
9481 1244148426901
9482 1244148442819
9483 1244158380851
9484 1244413668863
9485 1244646815957
9486 1244808018901
9487 1244916323957
9488 1244926521851
9489 1245246718789
9490 1245349757537
9491 1245370616957
9492 1245443863967
9493 1245645779237
9494 1245800388799
9495 1245812883947
9496 1246375515799
9497 1246517536853
9498 1246522972909
9499 1246542426851
9500 1246616086853
9501 1247091754967
9502 1247267421901
9503 1247356650977
9504 1248149548637
9505 1248304864909
9506 1248704983637
9507 1248933141901
9508 1249165658537
9509 1249247361863
9510 1249417396637
9511 1249606115809
9512 1249714999931
9513 1249731561977
9514 1249803621901
9515 1249830350957
9516 1249861569137
9517 1249883619821
9518 1250104889899
9519 1250118368809
9520 1250159647853
9521 1250253491891
9522 1250267472851
9523 1250324856901
9524 1250541935809
9525 1250622844819
9526 1250712867799
9527 1250909136947
9528 1251300849919
9529 1251347247851
9530 1251475560901
9531 1251806970863
9532 1252208877947
9533 1252216559899
9534 1252317873977
9535 1252355247901
9536 1252365149899
9537 1252749791537
9538 1252766381957
9539 1252773143911
9540 1252825583957
9541 1252942143881
9542 1253048045839
9543 1253096770853
9544 1253135784799
9545 1253335383851
9546 1253693631863
9547 1253715170839
9548 1253946268637
9549 1253964410957
9550 1254029904851
9551 1254365073851
9552 1254426196909
9553 1255013402971
9554 1255058610829
9555 1255083722911
9556 1255181836967
9557 1255225774853
9558 1255257153947
9559 1255641515861
9560 1256059302829
9561 1256227635919
9562 1257192702947
9563 1257247611947
9564 1257408044957
9565 1257488364437
9566 1257490516967
9567 1257752411957
9568 1257880140901
9569 1258193127977
9570 1258377700967
9571 1258490281967
9572 1258502817863
9573 1258636398137
9574 1258955951237
9575 1259012932871
9576 1259185261853
9577 1259327985137
9578 1259381714957
9579 1259634023957
9580 1259958100789
9581 1260257327957
9582 1260364218829
9583 1260456447799
9584 1260665607977
9585 1260953758637
9586 1260991114871
9587 1261086732947
9588 1261155825851
9589 1261281716861
9590 1261544507957
9591 1261649730919
9592 1261801944947
9593 1262012403991
9594 1262156505829
9595 1262448115871
9596 1262512762871
9597 1262623836977
9598 1262715484853
9599 1262754794537
9600 1262810408891
9601 1263094951967
9602 1263136281881
9603 1263475241957
9604 1263830504891
9605 1263947080789
9606 1263995590337
9607 1264472414809
9608 1264629666437
9609 1264643055901
9610 1264721971967
9611 1264854023911
9612 1264950947537
9613 1264995742337
9614 1265395050851
9615 1265600856977
9616 1265617112891
9617 1265750852957
9618 1266145353901
9619 1266169197437
9620 1266424802809
9621 1266537802853
9622 1266544075967
9623 1266605196947
9624 1266655710919
9625 1267009925957
9626 1267304088977
9627 1267317857537
9628 1267427040881
9629 1267735366637
9630 1268174959811
9631 1268702523947
9632 1268900469737
9633 1268953503947
9634 1269102567977
9635 1270001649923
9636 1270106140943
9637 1270251375881
9638 1270363217839
9639 1271083785947
9640 1271252525891
9641 1271312393839
9642 1271728246853
9643 1271777071967
9644 1272027876947
9645 1272157452901
9646 1272199834637
9647 1272359037919
9648 1272429251861
9649 1272492753947
9650 1272646006871
9651 1272740363809
9652 1272962732957
9653 1273337799137
9654 1273377513977
9655 1273517275853
9656 1273680348947
9657 1273814194853
9658 1273878961037
9659 1274025273881
9660 1274358684437
9661 1274607144901
9662 1274608417967
9663 1274611999337
9664 1274626236977
9665 1274832354919
9666 1275096849821
9667 1275116436851
9668 1275129915947
9669 1275419325863
9670 1275680345957
9671 1275861051947
9672 1275861425957
9673 1275883020901
9674 1275983188037
9675 1276163441957
9676 1276200994909
9677 1276513641947
9678 1276785339821
9679 1276946804537
9680 1277296698809
9681 1277356524947
9682 1277406545957
9683 1277745680537
9684 1277857072637
9685 1277884208537
9686 1278117930977
9687 1278507411901
9688 1279191415967
9689 1279638582137
9690 1279870237637
9691 1280154248911
9692 1280242626881
9693 1280364245957
9694 1280688405947
9695 1280860542947
9696 1280884014901
9697 1280987248337
9698 1281114032953
9699 1281129387947
9700 1281618147863
9701 1281864397337
9702 1281901860851
9703 1282191551957
9704 1282197212911
9705 1282268070851
9706 1282381416947
9707 1282436569637
9708 1282454114891
9709 1282466160947
9710 1282503137891
9711 1282513926977
9712 1282540442839
9713 1282572076789
9714 1283132448901
9715 1283274810901
9716 1283329066967
9717 1283566116799
9718 1283855151863
9719 1283950431947
9720 1284125386853
9721 1284162434861
9722 1284217720871
9723 1284386601863
9724 1284515248967
9725 1284697979941
9726 1284818052799
9727 1284965961137
9728 1285035542957
9729 1285166067947
9730 1285179961337
9731 1285456540789
9732 1285474667237
9733 1285555765337
9734 1285870149737
9735 1286034779537
9736 1286067803957
9737 1286084510957
9738 1286254161851
9739 1286374126909
9740 1286570799893
9741 1286857658819
9742 1286901481909
9743 1287092452967
9744 1287124560851
9745 1287154427957
9746 1287219501901
9747 1287276906437
9748 1287284545637
9749 1287492519437
9750 1287720503957
9751 1288141137901
9752 1288482043789
9753 1288723013861
9754 1288961203853
9755 1289047663637
9756 1289253837437
9757 1289445998843
9758 1289570040901
9759 1289702322901
9760 1289732052799
9761 1289818626137
9762 1290033000073
9763 1290191094851
9764 1290355896437
9765 1290534028871
9766 1291146282901
9767 1291231753871
9768 1291247033891
9769 1291479649037
9770 1291929590537
9771 1292157140839
9772 1292241298967
9773 1292305823911
9774 1292328840799
9775 1292642094977
9776 1292671164919
9777 1292911124891
9778 1293181285789
9779 1294077216977
9780 1294177863437
9781 1294267188437
9782 1294383325789
9783 1294622006891
9784 1294756816337
9785 1294935971237
9786 1295003196901
9787 1295119094957
9788 1295210844947
9789 1295252842789
9790 1295656193537
9791 1295783466137
9792 1296235016957
9793 1296311791909
9794 1296471060901
9795 1296479524337
9796 1297008072851
9797 1297171658537
9798 1297453794137
9799 1297744098137
9800 1298071033871
9801 1298203371901
9802 1298360638637
9803 1298424703967
9804 1299153929831
9805 1299594250637
9806 1299600237919
9807 1300156133953
9808 1300292766901
9809 1300463927911
9810 1300510238887
9811 1300631261933
9812 1300752683957
9813 1301199605957
9814 1301528842819
9815 1301749868537
9816 1301898363947
9817 1302030420193
9818 1302128049923
9819 1302518573809
9820 1302889087637
9821 1302913078871
9822 1303029846851
9823 1303224798919
9824 1303499227853
9825 1303843067809
9826 1304167551881
9827 1304190592871
9828 1304348468957
9829 1304446074829
9830 1304558802901
9831 1304645874947
9832 1304792214881
9833 1304890925957
9834 1304923094957
9835 1305050795809
9836 1305077615911
9837 1305098313829
9838 1305163158829
9839 1305730573871
9840 1306328799437
9841 1306528547957
9842 1306812001981
9843 1306872856637
9844 1307095118957
9845 1307175372901
9846 1307225012953
9847 1307286029899
9848 1307449407863
9849 1307845113881
9850 1308048669737
9851 1308157720819
9852 1308191181881
9853 1308254705861
9854 1308347518909
9855 1308555616789
9856 1308563995337
9857 1308591983537
9858 1309066491977
9859 1309092396947
9860 1309164267919
9861 1309242445871
9862 1309321728901
9863 1309394061947
9864 1309746013819
9865 1309860273977
9866 1310133533971
9867 1310257274891
9868 1310367648977
9869 1310791965947
9870 1310889144863
9871 1311187562957
9872 1311370467829
9873 1311399896237
9874 1311537981977
9875 1311768058967
9876 1311787984337
9877 1312328924861
9878 1312639859537
9879 1312753676957
9880 1312815734809
9881 1312827048851
9882 1312874802901
9883 1313178236861
9884 1313211812953
9885 1313231702933
9886 1313486943947
9887 1313913147829
9888 1314032071981
9889 1314052695947
9890 1314143618839
9891 1314150997967
9892 1314169721957
9893 1314248084861
9894 1314530977789
9895 1314660828799
9896 1314687565637
9897 1314862725863
9898 1315013018887
9899 1315175481901
9900 1315210968901
9901 1315248178967
9902 1315254761809
9903 1315269831977
9904 1315581138947
9905 1315629233911
9906 1315672901911
9907 1316005512923
9908 1316219371871
9909 1316253955967
9910 1316855541919
9911 1316974234789
9912 1317056318861
9913 1317404284871
9914 1317439071947
9915 1318005833839
9916 1318039392863
9917 1318124592947
9918 1318142057891
9919 1318414517957
9920 1318566187637
9921 1318621515829
9922 1318663435853
9923 1318800453829
9924 1318850247863
9925 1319074253911
9926 1319302197947
9927 1319470744789
9928 1319602552819
9929 1319780893337
9930 1320185876957
9931 1320191796799
9932 1320218579899
9933 1320351876947
9934 1320449850851
9935 1320791339899
9936 1320871137881
9937 1320914228839
9938 1321234896977
9939 1321393828967
9940 1321513748861
9941 1321564761901
9942 1321575820819
9943 1321629560957
9944 1321928151881
9945 1321929195947
9946 1321934728853
9947 1321993800851
9948 1322072669899
9949 1322511794809
9950 1322733768947
9951 1322868435947
9952 1323282542891
9953 1323328288967
9954 1323480345881
9955 1323590136881
9956 1323765070819
9957 1323932415829
9958 1323983368637
9959 1324284376967
9960 1324297332851
9961 1324562584789
9962 1324704924947
9963 1324804175861
9964 1324880671909
9965 1325179068947
9966 1325600675957
9967 1325713328861
9968 1326165606851
9969 1326220593829
9970 1326258531901
9971 1326581820947
9972 1326593006957
9973 1326712247911
9974 1327173009919
9975 1327450395977
9976 1327575811853
9977 1327924373957
9978 1328059083863
9979 1328270196863
9980 1328530158947
9981 1328594241977
9982 1328829469811
9983 1328888293037
9984 1328913615919
9985 1329122447911
9986 1329125517901
9987 1329233760901
9988 1329457162853
9989 1329512640881
9990 1329707164853
9991 1330223403991
9992 1330339158851
9993 1330488708947
9994 1330695680957
9995 1330847689337
9996 1330962783947
9997 1331291239909
9998 1331818128947
9999 1331857680947
10000 1332424832891
