1 37783
2 85601
3 259631
4 268721
5 350941
6 371939
7 378901
8 516521
9 665111
10 733331
11 883331
12 967781
13 1047929
14 1056521
15 1081721
16 1258811
17 1427411
18 1480573
19 1515929
20 1584901
21 1614929
22 1842131
23 1875311
24 1885981
25 2027801
26 2044873
27 2450531
28 2759111
29 2847991
30 2860631
31 3166211
32 3805211
33 3809909
34 4006721
35 4161611
36 4187411
37 4241621
38 4415909
39 5031959
40 5233919
41 5361311
42 5699081
43 5966381
44 6051583
45 6444611
46 6583691
47 6621311
48 7112683
49 7141573
50 7168897
51 7251731
52 7254983
53 7646993
54 8124401
55 8906591
56 9305531
57 9701711
58 10077373
59 10138421
60 10551701
61 10588691
62 10634383
63 10768943
64 11170949
65 11678993
66 11679011
67 12337183
68 12355631
69 12912311
70 13902221
71 14550311
72 15223919
73 15302621
74 15318983
75 15335911
76 15444521
77 15509411
78 16023431
79 16308521
80 16384691
81 16753031
82 17107721
83 17267111
84 17379953
85 17761981
86 17987891
87 18152111
88 18734021
89 18765281
90 20719511
91 21038293
92 21070811
93 21288991
94 21362909
95 22478591
96 22590983
97 22618331
98 23165173
99 23440393
100 23487943
101 23622931
102 24040631
103 24906221
104 25012921
105 25647491
106 25661231
107 26479091
108 28313911
109 28566191
110 29646191
111 29685703
112 29713121
113 30324929
114 30406331
115 30445183
116 30796933
117 30801929
118 31073411
119 31445173
120 31446983
121 31447001
122 31565231
123 31806521
124 32106521
125 32146811
126 32306909
127 33431501
128 33728111
129 33772121
130 34394953
131 34728923
132 34803101
133 34953943
134 35100883
135 35260921
136 35745877
137 35822231
138 36131831
139 37022501
140 37365011
141 37438481
142 38705993
143 39254993
144 39835181
145 39901781
146 40356983
147 40845131
148 41092273
149 41257973
150 41408083
151 42016421
152 42115331
153 42206293
154 42403919
155 42508331
156 43030873
157 43202773
158 43622911
159 44544953
160 44608211
161 45036611
162 45076781
163 45740963
164 46093121
165 47863091
166 47871281
167 48830993
168 48831491
169 49234781
170 51344911
171 51508511
172 51809111
173 51921983
174 51922001
175 52710193
176 53101901
177 54950591
178 55242521
179 56118221
180 56157877
181 56237933
182 57376091
183 57500021
184 57691091
185 57713993
186 57790963
187 58201631
188 58405691
189 58466081
190 58686931
191 59036111
192 59500421
193 60589987
194 60774491
195 61232293
196 61315301
197 62029511
198 62647933
199 63380321
200 64207001
201 64295923
202 64468181
203 65107421
204 65677603
205 66181897
206 66658951
207 67587829
208 68215943
209 68821391
210 69060791
211 69185803
212 69385513
213 69572803
214 69777901
215 70108183
216 70622711
217 70686191
218 70923791
219 71143211
220 71202431
221 71630711
222 73071611
223 73203373
224 73266581
225 73351331
226 73659923
227 74008421
228 74249381
229 75230621
230 78328181
231 78676303
232 78694639
233 79022231
234 80073431
235 80104573
236 84310921
237 84669313
238 84770923
239 86589983
240 88050791
241 88414933
242 88489003
243 89556881
244 89559013
245 90550331
246 91299613
247 91591481
248 91702511
249 92886931
250 93402611
251 94012183
252 94344581
253 94582181
254 96873313
255 97410311
256 97776439
257 98006681
258 98143481
259 98827639
260 99577609
261 99673729
262 100560583
263 100691711
264 100752131
265 101108939
266 102847781
267 102866591
268 103663421
269 104315831
270 104735321
271 105224293
272 105505811
273 106763971
274 106876963
275 107152121
276 107314211
277 108759967
278 109012601
279 109737281
280 110268611
281 110613521
282 110995481
283 111033959
284 111081611
285 111371383
286 111393983
287 111394001
288 112388993
289 112449131
290 112539221
291 112725101
292 113105683
293 113328011
294 113448311
295 113597923
296 114004783
297 114431321
298 114458681
299 114638933
300 114688813
301 115148321
302 115236983
303 115260373
304 115579987
305 116332093
306 117500473
307 117673481
308 117816943
309 118588513
310 120115873
311 120224801
312 120270929
313 120439421
314 120519431
315 120941173
316 121237631
317 121505383
318 122051939
319 122814011
320 123881111
321 123946391
322 125181011
323 125235521
324 125714411
325 126912311
326 127461953
327 128954713
328 129422231
329 129673963
330 129706391
331 130271321
332 130328083
333 130650731
334 131137093
335 131144501
336 131155631
337 132982933
338 133210901
339 133251193
340 133417331
341 133530401
342 133530931
343 133755961
344 134557481
345 135212411
346 135260711
347 136388713
348 137222201
349 137238961
350 137254981
351 137369933
352 139316591
353 139366963
354 139388941
355 141306311
356 141812173
357 142782923
358 143060909
359 143271521
360 143772581
361 144660311
362 144660953
363 144915923
364 145369813
365 147401531
366 147603991
367 147607391
368 147854803
369 148316591
370 150296681
371 150326201
372 150425111
373 150975191
374 151059221
375 151771211
376 153143621
377 153641321
378 153873281
379 154110673
380 154534031
381 155382961
382 155550953
383 156641591
384 156952181
385 157117691
386 158201531
387 158371391
388 158996419
389 159070031
390 162254321
391 162569081
392 164169913
393 164330531
394 165019781
395 166101931
396 166251131
397 166707973
398 169402691
399 170117911
400 170628923
401 170814131
402 171553211
403 171801431
404 172554581
405 173155691
406 173291887
407 173442953
408 174183943
409 174871181
410 176690081
411 177865871
412 178569983
413 178871503
414 179594113
415 180186943
416 180335411
417 181014131
418 181704311
419 183611411
420 184081981
421 186588439
422 186888319
423 187196413
424 187388629
425 188504923
426 189212021
427 190126511
428 190197191
429 190823953
430 192066943
431 192551591
432 193180121
433 193505887
434 193969519
435 194807803
436 195172391
437 195677957
438 196042897
439 196609939
440 196661081
441 196670713
442 196798309
443 197018291
444 200308421
445 200812331
446 202017929
447 202077611
448 203133431
449 204934781
450 206904791
451 207440083
452 207749081
453 208440611
454 209370131
455 209470981
456 209491481
457 210053801
458 210142949
459 210359231
460 211566791
461 212954591
462 213014801
463 213860963
464 213975973
465 214211773
466 214477391
467 214481321
468 216652781
469 216665291
470 217136963
471 217499413
472 218057591
473 218110483
474 218171963
475 218786839
476 219015431
477 219532031
478 220169909
479 220264921
480 221226193
481 221705621
482 222013901
483 222140593
484 222332501
485 222379481
486 222691897
487 223102949
488 223463321
489 223597813
490 223908943
491 223984181
492 224560421
493 226994503
494 227795891
495 228055781
496 229582963
497 229937891
498 230280131
499 230670521
500 231119201
501 231268691
502 233208901
503 233528111
504 234166781
505 234582581
506 234939703
507 235341611
508 236422421
509 236657713
510 237978947
511 238867729
512 239300531
513 239499709
514 240101893
515 240438311
516 241794191
517 242376923
518 243202919
519 243938081
520 246336581
521 246680923
522 247023011
523 247327481
524 247373923
525 249035993
526 249717613
527 249873829
528 250860131
529 251513083
530 251903321
531 253266491
532 256776829
533 257193281
534 257638603
535 259483603
536 259991629
537 260137421
538 260631431
539 260835877
540 260934943
541 261647923
542 261815591
543 261844481
544 262304201
545 262490887
546 262944973
547 263260331
548 264174923
549 265156481
550 265253993
551 265325887
552 266439967
553 267991303
554 268623281
555 269415973
556 269846719
557 270332201
558 271425131
559 272896303
560 273013031
561 273176381
562 273398413
563 273643933
564 273797203
565 274262953
566 275618803
567 275679983
568 276761081
569 276868883
570 278023211
571 278547931
572 278920181
573 279549709
574 281284391
575 282210221
576 282614993
577 282733481
578 282735281
579 283342211
580 283985539
581 286015897
582 286331021
583 288634513
584 289502923
585 289994209
586 290236981
587 291391481
588 292046681
589 292158281
590 293241791
591 293958013
592 296874103
593 297123877
594 297185503
595 298489129
596 298808957
597 298910081
598 299088103
599 299696209
600 299955863
601 300053711
602 300995291
603 301237031
604 301976923
605 302315501
606 302445431
607 302680421
608 302743421
609 304071221
610 304131673
611 307747091
612 308976881
613 309113201
614 309286963
615 309371021
616 309997003
617 310238993
618 310539791
619 310802321
620 310911311
621 310924973
622 311017919
623 311190193
624 313143221
625 314545897
626 314712521
627 315392887
628 316577081
629 317130731
630 319028993
631 320019911
632 320854943
633 322681781
634 324440993
635 324617971
636 325609391
637 329797883
638 329828413
639 330920173
640 331655953
641 332148991
642 332232931
643 332932121
644 333375011
645 333656291
646 334347011
647 334437491
648 337186963
649 337910021
650 337967719
651 338333591
652 339847213
653 340135121
654 340237511
655 340279481
656 340423921
657 341374031
658 343279903
659 343556923
660 344060711
661 345656081
662 347420231
663 348481813
664 349469203
665 350257031
666 350979403
667 352652681
668 352976413
669 353979529
670 354031721
671 354423791
672 356021111
673 356102993
674 356466703
675 356659819
676 358253381
677 358828303
678 359495113
679 359528941
680 359633713
681 359747719
682 359757529
683 360223093
684 360319121
685 361346933
686 361834933
687 363268963
688 363837703
689 364169081
690 364321511
691 365397313
692 365688619
693 366696901
694 368974883
695 369342973
696 369493819
697 369548957
698 369698689
699 370536581
700 370830791
701 370838803
702 370975603
703 371033911
704 371800511
705 373636091
706 375054923
707 375691513
708 375782413
709 376201421
710 376667719
711 376922713
712 377646403
713 378698209
714 378919609
715 378938509
716 379275829
717 380180963
718 380295281
719 380631311
720 381388603
721 381948313
722 382109681
723 382149281
724 383928739
725 383958013
726 386725513
727 388099003
728 388193891
729 389050391
730 389077303
731 389087861
732 389170963
733 389681629
734 391200221
735 392280943
736 392561381
737 392706973
738 393004511
739 393704291
740 394668947
741 394981729
742 396715951
743 398790103
744 400191193
745 400634711
746 401107601
747 401931521
748 402628691
749 403578191
750 403701401
751 403970591
752 404540711
753 404655961
754 406032401
755 406331173
756 407240111
757 408784951
758 409237391
759 409506961
760 411450401
761 412054031
762 412412411
763 413626897
764 413765381
765 413960681
766 414902321
767 415345943
768 417133001
769 417240101
770 417600983
771 417601001
772 418003031
773 418531121
774 418778809
775 419147381
776 419279503
777 419586931
778 419777629
779 420471521
780 420882491
781 422315911
782 423650963
783 424780933
784 424909987
785 424959971
786 426097813
787 427122431
788 427560943
789 427894213
790 428924803
791 429322121
792 429328091
793 431003773
794 432981973
795 433221731
796 434232983
797 436164923
798 436169803
799 436516481
800 439495871
801 439699907
802 440278933
803 441199813
804 441341911
805 441400601
806 442247681
807 442425791
808 443742491
809 447327191
810 447929539
811 448520021
812 449013991
813 449971213
814 450031919
815 451463993
816 453148391
817 453226211
818 454020283
819 454465091
820 455010401
821 457110431
822 459514091
823 461366923
824 461632781
825 462127121
826 463465813
827 464350981
828 464441993
829 464485603
830 467199013
831 467653513
832 467709313
833 468848329
834 469786129
835 471070973
836 471235691
837 471569503
838 472111631
839 472797901
840 472832923
841 473899039
842 474198313
843 474839993
844 475657921
845 476015591
846 476160011
847 477186739
848 477872809
849 477909013
850 478686919
851 478721713
852 478823941
853 479102111
854 479883863
855 482887519
856 484736503
857 484753513
858 486936529
859 488419303
860 489325951
861 489480931
862 490213001
863 491032511
864 491316011
865 492454091
866 493341943
867 494285503
868 494949799
869 495856003
870 496549973
871 497289409
872 497775409
873 498465529
874 498675409
875 498831313
876 498920413
877 500036909
878 500268221
879 501250573
880 501689933
881 502133909
882 502302673
883 502538591
884 503220521
885 504314201
886 504601921
887 505060093
888 505130293
889 505978639
890 507746081
891 507815923
892 508837951
893 508994809
894 509229953
895 512093411
896 512280101
897 512371973
898 513250121
899 513438943
900 514305983
901 514538923
902 515066681
903 516176291
904 517891603
905 519208933
906 521142283
907 521950981
908 522412273
909 524607961
910 525061331
911 525535391
912 525707381
913 526423897
914 526606391
915 527241991
916 527315993
917 530260631
918 530269391
919 530663591
920 532076887
921 533646973
922 535096813
923 535174391
924 535227491
925 535250231
926 536308481
927 536847881
928 537312311
929 537529957
930 540365591
931 541274021
932 542327953
933 542402711
934 542801411
935 543169987
936 543677839
937 543959993
938 544054897
939 548293513
940 548582891
941 548968309
942 550730321
943 550832993
944 550833011
945 551762923
946 552160421
947 552841481
948 553081691
949 553685413
950 553789003
951 554153993
952 556089829
953 556978909
954 557010073
955 557070011
956 557074963
957 560204173
958 560939839
959 563975911
960 564192191
961 564669103
962 566326091
963 566846911
964 569538103
965 570645281
966 570720221
967 572782603
968 574954871
969 575641181
970 578292881
971 578598947
972 580723933
973 582154933
974 582975013
975 583117481
976 585079961
977 586859887
978 589501181
979 590433581
980 590991829
981 591696709
982 592735603
983 593681941
984 597068809
985 597079429
986 597891799
987 599072839
988 599254819
989 599844863
990 600045401
991 600228521
992 600417431
993 601096031
994 601101931
995 601302673
996 602431631
997 603184781
998 603713321
999 603760211
1000 604122193
1001 604128131
1002 604430621
1003 604897729
1004 605776603
1005 606031031
1006 606055897
1007 608563091
1008 608712491
1009 608924081
1010 610367111
1011 610518791
1012 610804331
1013 611511283
1014 612322121
1015 612921131
1016 613056953
1017 613515131
1018 614204711
1019 615525923
1020 616269967
1021 619211321
1022 620451521
1023 620625791
1024 622865713
1025 622942391
1026 624088963
1027 624276973
1028 625121173
1029 626440897
1030 626467603
1031 627451933
1032 628917829
1033 628958419
1034 630163511
1035 631011701
1036 631795513
1037 632019221
1038 632322073
1039 632472877
1040 633065887
1041 634130711
1042 636249967
1043 637081481
1044 637801391
1045 638001011
1046 638352191
1047 639850513
1048 640026521
1049 642564191
1050 643325887
1051 644329813
1052 644374963
1053 645909829
1054 647690839
1055 649211993
1056 651317111
1057 651839413
1058 652241963
1059 654914081
1060 655641191
1061 656027923
1062 659517931
1063 660183581
1064 660812111
1065 661555963
1066 662040983
1067 662041001
1068 664622381
1069 664681603
1070 665491513
1071 665709829
1072 665764639
1073 666963439
1074 668806871
1075 669075881
1076 671317391
1077 671323943
1078 671725091
1079 672038291
1080 672351877
1081 673025021
1082 673610681
1083 675120791
1084 675729619
1085 676389229
1086 678889637
1087 682903181
1088 683088313
1089 683852413
1090 685491739
1091 685686863
1092 685700923
1093 688672609
1094 689325313
1095 689872129
1096 692135291
1097 692584639
1098 693095941
1099 695285809
1100 695859019
1101 695952013
1102 696561403
1103 696586789
1104 700224221
1105 701260631
1106 701591953
1107 702401473
1108 703302731
1109 703740311
1110 704218211
1111 704354887
1112 705965413
1113 706879609
1114 708004001
1115 708888863
1116 709489973
1117 709690951
1118 709865539
1119 710096021
1120 710327231
1121 711631001
1122 712238993
1123 713310373
1124 714104173
1125 715299313
1126 715874503
1127 716405933
1128 716762803
1129 718504481
1130 718525813
1131 719586103
1132 719668003
1133 721402273
1134 721417211
1135 722021411
1136 722468713
1137 723196091
1138 725310101
1139 725936503
1140 727116581
1141 727221991
1142 728053481
1143 728252923
1144 728834413
1145 729109813
1146 732221621
1147 732406211
1148 733022083
1149 736190381
1150 737770951
1151 739002311
1152 739194931
1153 739693519
1154 740140273
1155 740325953
1156 741167923
1157 741930491
1158 742452877
1159 744558931
1160 747274603
1161 747485911
1162 749061281
1163 749435839
1164 750505211
1165 750592963
1166 750713993
1167 750949729
1168 752354923
1169 753034781
1170 753330131
1171 754689799
1172 755668429
1173 756179629
1174 756376213
1175 756389509
1176 757385203
1177 759838039
1178 759979637
1179 760038491
1180 760882513
1181 760960181
1182 763568629
1183 763730381
1184 764059603
1185 765311681
1186 766140877
1187 767200211
1188 767711713
1189 767957689
1190 768561931
1191 769145891
1192 770254481
1193 770810993
1194 770811011
1195 771254291
1196 772657213
1197 773939899
1198 774194503
1199 774316181
1200 775402391
1201 776791429
1202 777773509
1203 779236729
1204 779451931
1205 781708513
1206 782342923
1207 783676609
1208 784923313
1209 785880103
1210 786798737
1211 787267003
1212 787281931
1213 787608439
1214 787770947
1215 788057911
1216 788993389
1217 789883489
1218 790749013
1219 790872931
1220 790897967
1221 790927213
1222 792673729
1223 793508941
1224 793664957
1225 796699699
1226 797409983
1227 800103611
1228 800120773
1229 802289713
1230 803587513
1231 803940877
1232 804581291
1233 805171781
1234 805308943
1235 805348963
1236 805605011
1237 805673081
1238 806343491
1239 809956429
1240 811246031
1241 813111283
1242 814054781
1243 815373973
1244 815776921
1245 815939951
1246 816620887
1247 817465951
1248 817588609
1249 818663941
1250 819865883
1251 821545391
1252 822140993
1253 822506681
1254 822919957
1255 824073581
1256 824697529
1257 824742973
1258 826786003
1259 828039923
1260 829456213
1261 829749229
1262 831446923
1263 831574813
1264 831736181
1265 831921581
1266 832243031
1267 832431791
1268 832650491
1269 832767931
1270 834675739
1271 836402681
1272 836584871
1273 836645839
1274 836685901
1275 837903613
1276 839796589
1277 840532943
1278 840928951
1279 841675603
1280 841917613
1281 842274281
1282 842464963
1283 843027961
1284 844148803
1285 844319803
1286 846932413
1287 848994947
1288 849915439
1289 852795103
1290 852810943
1291 853232953
1292 854143481
1293 854311691
1294 854468957
1295 855565303
1296 855860503
1297 857000411
1298 861331781
1299 863272181
1300 865583629
1301 865659139
1302 868461313
1303 868645339
1304 869058851
1305 869381203
1306 869619889
1307 871485313
1308 871698977
1309 872344181
1310 872548213
1311 872755921
1312 872782303
1313 875286103
1314 878152603
1315 881992519
1316 883052381
1317 884299789
1318 884926519
1319 885027613
1320 885716203
1321 887338003
1322 888971029
1323 889342819
1324 890738957
1325 891032993
1326 891175951
1327 892022993
1328 892558339
1329 892841839
1330 893233181
1331 894865967
1332 898308013
1333 899441861
1334 900158591
1335 902025101
1336 902209211
1337 902683091
1338 903084011
1339 905126111
1340 906110173
1341 907309943
1342 907375603
1343 908092181
1344 908302211
1345 908884003
1346 910106201
1347 910144421
1348 910455011
1349 913065961
1350 916221791
1351 916631291
1352 918278957
1353 918850951
1354 921164021
1355 922265291
1356 922659971
1357 923607281
1358 923900953
1359 926418613
1360 927194413
1361 928576609
1362 928848139
1363 931514021
1364 931591963
1365 931825963
1366 933791839
1367 934991203
1368 936765103
1369 937195921
1370 937477339
1371 937780303
1372 938094739
1373 938696029
1374 942014231
1375 942839993
1376 942949429
1377 947875967
1378 948951439
1379 949083829
1380 951781951
1381 951988129
1382 955105933
1383 955202021
1384 957579019
1385 958513603
1386 958748689
1387 959317213
1388 959334403
1389 961361381
1390 962478901
1391 963185941
1392 964883509
1393 965077303
1394 965613613
1395 966456013
1396 968234413
1397 968682409
1398 969258319
1399 970070021
1400 971679889
1401 972938873
1402 973482403
1403 976057213
1404 976456609
1405 977444203
1406 978415303
1407 978637909
1408 979977437
1409 980157613
1410 982667509
1411 983844709
1412 985914901
1413 987864019
1414 988541629
1415 989560609
1416 990648947
1417 992848039
1418 993152803
1419 993483619
1420 993525881
1421 994305703
1422 995287039
1423 996319003
1424 996565699
1425 997641013
1426 997651003
1427 998002963
1428 998602303
1429 1000702693
1430 1001723293
1431 1001802583
1432 1002816901
1433 1002905201
1434 1002920231
1435 1003834511
1436 1004067611
1437 1005116501
1438 1006021693
1439 1008205811
1440 1008865181
1441 1010843531
1442 1011038293
1443 1011543821
1444 1011677111
1445 1012148993
1446 1014372521
1447 1014492953
1448 1014522731
1449 1015271531
1450 1015664021
1451 1016004611
1452 1017945281
1453 1018122221
1454 1019041273
1455 1020725911
1456 1020973691
1457 1022495953
1458 1023130783
1459 1023218201
1460 1024306121
1461 1025061931
1462 1025065511
1463 1027250201
1464 1029469603
1465 1032969967
1466 1033208621
1467 1035761971
1468 1037706491
1469 1040163821
1470 1040176001
1471 1040493791
1472 1040724101
1473 1040772791
1474 1042687813
1475 1044019421
1476 1046667613
1477 1047469939
1478 1050406631
1479 1052188481
1480 1052621083
1481 1052914897
1482 1053021583
1483 1053538933
1484 1053968413
1485 1055364943
1486 1059863503
1487 1060344101
1488 1060846481
1489 1061180173
1490 1061259011
1491 1062835481
1492 1063792813
1493 1064251511
1494 1065549703
1495 1066799927
1496 1066900781
1497 1067026691
1498 1067395951
1499 1072998439
1500 1073434031
1501 1073921111
1502 1074830681
1503 1075926613
1504 1077306961
1505 1078279819
1506 1079555839
1507 1080302501
1508 1081590491
1509 1081864963
1510 1082602421
1511 1082625581
1512 1083123011
1513 1083649603
1514 1086671713
1515 1086712481
1516 1086749539
1517 1088279719
1518 1090288963
1519 1092277091
1520 1093413791
1521 1094845513
1522 1095423943
1523 1096187839
1524 1097222681
1525 1099520381
1526 1100082673
1527 1100515393
1528 1101771431
1529 1102033811
1530 1104091921
1531 1106124221
1532 1106727491
1533 1107103421
1534 1109115011
1535 1109165111
1536 1110181573
1537 1110912731
1538 1111309631
1539 1111315393
1540 1112024773
1541 1112671421
1542 1112910193
1543 1113239909
1544 1113395021
1545 1113636791
1546 1114484887
1547 1115965181
1548 1116103421
1549 1116301393
1550 1116716971
1551 1118094491
1552 1118423321
1553 1118624953
1554 1118829923
1555 1119050531
1556 1119472391
1557 1120138031
1558 1120237031
1559 1120566791
1560 1120665131
1561 1121553431
1562 1122142573
1563 1124033411
1564 1126077877
1565 1127660953
1566 1128749981
1567 1128986539
1568 1129842191
1569 1130119631
1570 1130494121
1571 1131472973
1572 1131768973
1573 1134237791
1574 1136511611
1575 1138064887
1576 1138260131
1577 1142026211
1578 1145026331
1579 1146887719
1580 1146983503
1581 1147929313
1582 1148133221
1583 1148525381
1584 1150389913
1585 1153911953
1586 1153996303
1587 1155280897
1588 1155803993
1589 1155804011
1590 1156020221
1591 1156515011
1592 1161304631
1593 1161382121
1594 1163091791
1595 1165275191
1596 1166747891
1597 1169107481
1598 1178527951
1599 1178599129
1600 1180927091
1601 1183324943
1602 1183549513
1603 1185159923
1604 1186772413
1605 1186872881
1606 1188973003
1607 1189160381
1608 1192128011
1609 1192322321
1610 1193168803
1611 1194280933
1612 1196462713
1613 1196935921
1614 1198698019
1615 1199715931
1616 1199905639
1617 1200408731
1618 1202224511
1619 1202353811
1620 1205259491
1621 1205284211
1622 1207029311
1623 1209498739
1624 1210255031
1625 1210514831
1626 1210671901
1627 1210816973
1628 1213170193
1629 1213556681
1630 1213803431
1631 1214283221
1632 1214657291
1633 1218214331
1634 1219291481
1635 1219949993
1636 1220120831
1637 1221145721
1638 1221316183
1639 1221352921
1640 1222411573
1641 1224238781
1642 1224663491
1643 1224989993
1644 1225103909
1645 1225350073
1646 1228191961
1647 1228718713
1648 1230108731
1649 1230495943
1650 1230513931
1651 1231900031
1652 1232225531
1653 1232424073
1654 1232685973
1655 1232708111
1656 1233475391
1657 1233831791
1658 1234371791
1659 1234432421
1660 1235249381
1661 1236291011
1662 1237330511
1663 1237570391
1664 1238920481
1665 1239034031
1666 1243402031
1667 1244123911
1668 1244458091
1669 1244786891
1670 1246023901
1671 1247252971
1672 1249794709
1673 1251892181
1674 1253065943
1675 1253105111
1676 1255306211
1677 1260645923
1678 1261303921
1679 1262576713
1680 1263768739
1681 1264006511
1682 1264019681
1683 1264758829
1684 1265639981
1685 1266040511
1686 1273019021
1687 1275602971
1688 1277392951
1689 1280236031
1690 1281136897
1691 1281321101
1692 1281456973
1693 1282833191
1694 1282911943
1695 1286362963
1696 1286954629
1697 1287381703
1698 1287468439
1699 1287891947
1700 1288357729
1701 1288454941
1702 1288903951
1703 1290338381
1704 1291649413
1705 1293375613
1706 1293522961
1707 1295614091
1708 1297178629
1709 1297507513
1710 1299190513
1711 1299329113
1712 1301036383
1713 1301521483
1714 1303770791
1715 1304998921
1716 1306061021
1717 1306196923
1718 1308177973
1719 1308825191
1720 1309606391
1721 1309774513
1722 1310238101
1723 1310314331
1724 1311746021
1725 1312174001
1726 1312414811
1727 1312691971
1728 1313213411
1729 1314654491
1730 1319696113
1731 1320032621
1732 1320524021
1733 1321089491
1734 1321179581
1735 1321377923
1736 1321879957
1737 1325389939
1738 1326051011
1739 1326374923
1740 1326841391
1741 1327211621
1742 1328350691
1743 1330621031
1744 1333315001
1745 1333847803
1746 1334544877
1747 1335184481
1748 1336928503
1749 1339011901
1750 1348091923
1751 1348326191
1752 1350044911
1753 1352148491
1754 1352542897
1755 1352600993
1756 1352601011
1757 1353121631
1758 1353651581
1759 1353699709
1760 1354151411
1761 1354473191
1762 1354478413
1763 1358759239
1764 1361029031
1765 1361330911
1766 1361644391
1767 1365367603
1768 1367296729
1769 1368951739
1770 1370072411
1771 1370084021
1772 1371127031
1773 1372221611
1774 1373916703
1775 1375342933
1776 1376039803
1777 1377545941
1778 1378399907
1779 1379021591
1780 1379847229
1781 1382368513
1782 1384909909
1783 1385788853
1784 1387203491
1785 1388237941
1786 1390177181
1787 1390866931
1788 1391760191
1789 1392469909
1790 1393685861
1791 1393856539
1792 1394467303
1793 1396395439
1794 1397444891
1795 1398234703
1796 1400441831
1797 1400985281
1798 1402452521
1799 1402877713
1800 1403171201
1801 1403596963
1802 1405147031
1803 1405322531
1804 1407325691
1805 1409201711
1806 1411076231
1807 1411185311
1808 1412572897
1809 1416061001
1810 1416543943
1811 1417693951
1812 1418027591
1813 1419008993
1814 1419161591
1815 1419161993
1816 1419205121
1817 1420223501
1818 1421176781
1819 1426229381
1820 1427569303
1821 1427730923
1822 1428111431
1823 1428494941
1824 1429775911
1825 1430074001
1826 1430240321
1827 1430346991
1828 1433504231
1829 1435136953
1830 1437323887
1831 1441482943
1832 1441979113
1833 1444603031
1834 1446149977
1835 1448848339
1836 1449920081
1837 1451407031
1838 1453019591
1839 1454190961
1840 1454695639
1841 1457538931
1842 1457852941
1843 1460330621
1844 1461602963
1845 1463100931
1846 1463285713
1847 1465896409
1848 1466056181
1849 1466071391
1850 1466594719
1851 1467501943
1852 1467856003
1853 1468464313
1854 1469341963
1855 1469530963
1856 1470079943
1857 1470659503
1858 1471399819
1859 1471612897
1860 1473677911
1861 1476644891
1862 1476949129
1863 1477133923
1864 1477465303
1865 1478328829
1866 1478398699
1867 1479076639
1868 1480200131
1869 1480779983
1870 1481519803
1871 1483016021
1872 1487020781
1873 1487603713
1874 1488888199
1875 1489487119
1876 1489634203
1877 1489637329
1878 1491109391
1879 1493469983
1880 1495316803
1881 1495738609
1882 1495825871
1883 1495942639
1884 1497201581
1885 1497783863
1886 1498174729
1887 1498437439
1888 1499042803
1889 1499283529
1890 1499729887
1891 1500471431
1892 1505767513
1893 1505959729
1894 1506165877
1895 1506678829
1896 1507050101
1897 1511921321
1898 1512116621
1899 1512151211
1900 1512520183
1901 1512898213
1902 1513287973
1903 1514364491
1904 1514929513
1905 1515113993
1906 1518011993
1907 1518017887
1908 1519487719
1909 1520504201
1910 1521152021
1911 1523173121
1912 1523282993
1913 1523526581
1914 1523932933
1915 1524482291
1916 1525451887
1917 1526294713
1918 1527738739
1919 1528964719
1920 1529567629
1921 1530417221
1922 1531976503
1923 1533113201
1924 1533982603
1925 1534392281
1926 1536261581
1927 1536982729
1928 1538681839
1929 1538913703
1930 1540245221
1931 1540545581
1932 1541614211
1933 1544453291
1934 1545867709
1935 1546200101
1936 1548159971
1937 1549346891
1938 1550442953
1939 1552042511
1940 1552979963
1941 1553377603
1942 1555034111
1943 1559155513
1944 1559482303
1945 1559601191
1946 1559667229
1947 1559803951
1948 1559900803
1949 1559955799
1950 1560537191
1951 1561221611
1952 1565369203
1953 1565499863
1954 1565548213
1955 1565684203
1956 1566239929
1957 1566381613
1958 1566495013
1959 1567918003
1960 1569185957
1961 1569492619
1962 1569677209
1963 1571400011
1964 1573559629
1965 1574462081
1966 1574651081
1967 1576358911
1968 1576795309
1969 1579238113
1970 1579262891
1971 1579708883
1972 1579819039
1973 1583113211
1974 1583135291
1975 1583806603
1976 1585651513
1977 1586257639
1978 1586856919
1979 1587919219
1980 1590554803
1981 1593239839
1982 1594053973
1983 1594770739
1984 1595478229
1985 1596444931
1986 1596753709
1987 1598084629
1988 1598254921
1989 1600861781
1990 1602134173
1991 1605406031
1992 1606243031
1993 1607027111
1994 1609779889
1995 1610896603
1996 1611155411
1997 1612851943
1998 1613311631
1999 1613435111
2000 1613897539
2001 1614432991
2002 1615124411
2003 1616105411
2004 1616517191
2005 1617006311
2006 1617965203
2007 1618304591
2008 1618305011
2009 1625515481
2010 1626288931
2011 1626304781
2012 1628518603
2013 1630175681
2014 1631282111
2015 1633102301
2016 1636685203
2017 1636793861
2018 1638718303
2019 1638845539
2020 1638991429
2021 1642771181
2022 1645356613
2023 1645421681
2024 1645478203
2025 1646927539
2026 1649695699
2027 1650318491
2028 1651004911
2029 1651010831
2030 1653787609
2031 1654332877
2032 1654562803
2033 1655816413
2034 1656297103
2035 1658212481
2036 1661720933
2037 1663757911
2038 1664467639
2039 1667973319
2040 1668204281
2041 1669999337
2042 1670090111
2043 1670751281
2044 1670911481
2045 1672859239
2046 1673217191
2047 1675379899
2048 1676010131
2049 1677491861
2050 1678038403
2051 1679838947
2052 1681207933
2053 1683796039
2054 1687033091
2055 1687483883
2056 1689331603
2057 1689831529
2058 1690241681
2059 1690620923
2060 1691847439
2061 1692884873
2062 1694002691
2063 1694586863
2064 1695151963
2065 1696575799
2066 1697516911
2067 1698172921
2068 1699235203
2069 1699432871
2070 1700113573
2071 1700359481
2072 1701418981
2073 1702568713
2074 1703350973
2075 1703435021
2076 1707612581
2077 1710576191
2078 1711790291
2079 1712523991
2080 1712877403
2081 1714549957
2082 1715629957
2083 1715914181
2084 1716164381
2085 1716579983
2086 1719893239
2087 1719974419
2088 1720429481
2089 1720699639
2090 1720761943
2091 1721513231
2092 1721877931
2093 1722122021
2094 1722801221
2095 1724050973
2096 1725061981
2097 1729873609
2098 1731002293
2099 1732777213
2100 1734442481
2101 1739012021
2102 1741199503
2103 1741393813
2104 1742840291
2105 1742856931
2106 1745638729
2107 1745684719
2108 1746031943
2109 1747149829
2110 1749401923
2111 1750895911
2112 1752495931
2113 1756381951
2114 1757058739
2115 1759923439
2116 1765866139
2117 1766158213
2118 1767371891
2119 1767886009
2120 1768449889
2121 1769256851
2122 1770967339
2123 1771200611
2124 1773851941
2125 1775447957
2126 1776008081
2127 1776186947
2128 1776570403
2129 1776922729
2130 1777615729
2131 1778317213
2132 1780595629
2133 1781041781
2134 1781060681
2135 1781144381
2136 1783188947
2137 1784360803
2138 1785684799
2139 1787811313
2140 1788035941
2141 1791061933
2142 1791564403
2143 1792826911
2144 1794273829
2145 1794608719
2146 1797062941
2147 1800753961
2148 1801678951
2149 1802587603
2150 1802692181
2151 1805710211
2152 1806239713
2153 1806312791
2154 1806479113
2155 1811422001
2156 1814242897
2157 1815626081
2158 1816845829
2159 1817044391
2160 1819919509
2161 1820252411
2162 1820493973
2163 1822304321
2164 1822768921
2165 1825922713
2166 1826568619
2167 1826671603
2168 1826675957
2169 1826725951
2170 1828198429
2171 1829844619
2172 1833001921
2173 1833012073
2174 1833182381
2175 1834502993
2176 1834919113
2177 1835060021
2178 1835311943
2179 1837508891
2180 1838327839
2181 1841015411
2182 1843153933
2183 1846168921
2184 1849525819
2185 1849931203
2186 1851058091
2187 1851502943
2188 1852692739
2189 1854675103
2190 1854778967
2191 1855202933
2192 1856658799
2193 1857180613
2194 1859127313
2195 1867756909
2196 1870268891
2197 1870639909
2198 1871349313
2199 1871621291
2200 1873149829
2201 1873195213
2202 1874008181
2203 1874441081
2204 1875001031
2205 1875674239
2206 1875680539
2207 1876321963
2208 1876919887
2209 1877386309
2210 1878508339
2211 1881750613
2212 1885495699
2213 1885558039
2214 1885585789
2215 1885959737
2216 1890656539
2217 1890721813
2218 1893610963
2219 1894086013
2220 1894257619
2221 1895674219
2222 1896496009
2223 1896599599
2224 1899713509
2225 1900180511
2226 1900327981
2227 1900376381
2228 1901998883
2229 1904965819
2230 1905016781
2231 1905358603
2232 1907083813
2233 1907657809
2234 1908578509
2235 1908757429
2236 1909666519
2237 1909974229
2238 1911574813
2239 1912239191
2240 1912326011
2241 1915168513
2242 1918104961
2243 1921300211
2244 1922079703
2245 1924679899
2246 1924831963
2247 1925859409
2248 1925932513
2249 1928400581
2250 1929203291
2251 1931893819
2252 1932379909
2253 1933084963
2254 1934986789
2255 1935845203
2256 1936644739
2257 1936659229
2258 1938188509
2259 1938524503
2260 1939289887
2261 1939637239
2262 1941246973
2263 1942564513
2264 1943184703
2265 1944178213
2266 1945809013
2267 1946517739
2268 1946964863
2269 1947109939
2270 1947525313
2271 1948195429
2272 1949846957
2273 1952599907
2274 1958533729
2275 1959408947
2276 1960954213
2277 1964473639
2278 1969902901
2279 1970037191
2280 1970314391
2281 1971116923
2282 1971905839
2283 1972058941
2284 1972935529
2285 1973107813
2286 1977136729
2287 1977373883
2288 1978344947
2289 1979174419
2290 1979527219
2291 1979810719
2292 1980409513
2293 1980564829
2294 1983148729
2295 1983347911
2296 1983564529
2297 1984149529
2298 1987572319
2299 1987960129
2300 1990050011
2301 1991013961
2302 1992261703
2303 1992824629
2304 1993782863
2305 1994657029
2306 1995352819
2307 1997206639
2308 1998322213
2309 1998579707
2310 1999267399
2311 1999619837
2312 2001327311
2313 2001905021
2314 2002231921
2315 2002481911
2316 2003574311
2317 2004366131
2318 2005203611
2319 2008340531
2320 2010109931
2321 2010807983
2322 2010808001
2323 2011795481
2324 2012656781
2325 2014740901
2326 2014912331
2327 2015231321
2328 2015972923
2329 2016290231
2330 2016605231
2331 2017066943
2332 2018056981
2333 2018287091
2334 2018532991
2335 2018539091
2336 2020751911
2337 2023535963
2338 2023782491
2339 2024032511
2340 2024040611
2341 2024356031
2342 2025246221
2343 2026260011
2344 2028202301
2345 2029480391
2346 2031560711
2347 2032190911
2348 2034173321
2349 2036695513
2350 2037822923
2351 2038959529
2352 2039440691
2353 2039657891
2354 2042292221
2355 2045872813
2356 2045897957
2357 2051636887
2358 2054604791
2359 2054729713
2360 2054866951
2361 2055596941
2362 2055869719
2363 2056497829
2364 2056517291
2365 2060720621
2366 2062366391
2367 2063401031
2368 2064228581
2369 2064442781
2370 2065986529
2371 2066947639
2372 2068482613
2373 2069658947
2374 2070779839
2375 2073958213
2376 2075012083
2377 2075102083
2378 2077759609
2379 2078561081
2380 2078571613
2381 2079332291
2382 2079378709
2383 2081293481
2384 2083226993
2385 2083227011
2386 2083533581
2387 2084224981
2388 2084262491
2389 2086686439
2390 2089059919
2391 2091326971
2392 2091845803
2393 2093746951
2394 2094201101
2395 2094620993
2396 2095298861
2397 2095391803
2398 2095972639
2399 2096789599
2400 2097924739
2401 2098760941
2402 2100766781
2403 2101064321
2404 2101345811
2405 2102032811
2406 2102994281
2407 2103469391
2408 2104023431
2409 2104191101
2410 2105293121
2411 2105498081
2412 2106114401
2413 2107192781
2414 2108120321
2415 2108746813
2416 2109977539
2417 2109978529
2418 2110045573
2419 2110873981
2420 2114712073
2421 2114918381
2422 2117264021
2423 2120135293
2424 2120701393
2425 2120741111
2426 2120982961
2427 2121017231
2428 2121304511
2429 2122787081
2430 2124108011
2431 2124941887
2432 2125271321
2433 2127252131
2434 2127606581
2435 2129588911
2436 2130915953
2437 2132338981
2438 2132601931
2439 2135113921
2440 2139432923
2441 2141414083
2442 2141562953
2443 2142900073
2444 2144413331
2445 2144778739
2446 2145173971
2447 2146134131
2448 2147865403
2449 2147905181
2450 2148797509
2451 2149765921
2452 2150285933
2453 2151134173
2454 2153160901
2455 2153847613
2456 2155572281
2457 2157895609
2458 2158200521
2459 2159477539
2460 2161719913
2461 2162109311
2462 2162559923
2463 2163376091
2464 2167083973
2465 2167395313
2466 2170086943
2467 2170247993
2468 2170248011
2469 2170372781
2470 2170520021
2471 2170734581
2472 2170906481
2473 2173416491
2474 2175532481
2475 2175634091
2476 2180044973
2477 2181129581
2478 2181183581
2479 2183361491
2480 2184616813
2481 2185020521
2482 2186632813
2483 2186679799
2484 2190740933
2485 2190880091
2486 2191371011
2487 2193401411
2488 2194766957
2489 2196102791
2490 2198393203
2491 2199507829
2492 2200497491
2493 2201487923
2494 2202398291
2495 2202702311
2496 2202939953
2497 2205072521
2498 2206192943
2499 2208923923
2500 2210506631
2501 2211765961
2502 2213855381
2503 2214595091
2504 2214775813
2505 2215130473
2506 2215170073
2507 2215873813
2508 2216453111
2509 2217915191
2510 2219430221
2511 2220022873
2512 2220344111
2513 2220934943
2514 2221047901
2515 2222393111
2516 2223517981
2517 2227271933
2518 2227868911
2519 2228300621
2520 2231836391
2521 2231959603
2522 2232731411
2523 2233317311
2524 2234308031
2525 2234379967
2526 2238160121
2527 2242403531
2528 2242955081
2529 2244662923
2530 2245671973
2531 2245810943
2532 2247758203
2533 2247875719
2534 2252444111
2535 2253275291
2536 2254087813
2537 2254978339
2538 2258688977
2539 2258916739
2540 2259962539
2541 2260502173
2542 2261552681
2543 2262648613
2544 2263100831
2545 2263289929
2546 2266164281
2547 2266187503
2548 2267968309
2549 2271631031
2550 2272225211
2551 2274597439
2552 2275572613
2553 2276284603
2554 2276379103
2555 2280830887
2556 2282841191
2557 2286703091
2558 2286956509
2559 2287587139
2560 2288548519
2561 2290996429
2562 2291121431
2563 2291979229
2564 2292643963
2565 2293435091
2566 2297112491
2567 2297196901
2568 2299670539
2569 2300082131
2570 2300681321
2571 2303116031
2572 2303368391
2573 2304670691
2574 2306097973
2575 2307488891
2576 2308116221
2577 2308495951
2578 2309225993
2579 2309689973
2580 2310119111
2581 2310775391
2582 2312151731
2583 2312187961
2584 2312968951
2585 2313853933
2586 2314174943
2587 2316132431
2588 2317224131
2589 2318110183
2590 2318937931
2591 2320135721
2592 2320361531
2593 2320871591
2594 2321767813
2595 2323304993
2596 2323705031
2597 2326400911
2598 2326900981
2599 2327119481
2600 2327604581
2601 2332552121
2602 2335413953
2603 2335451971
2604 2337115211
2605 2338729303
2606 2342567081
2607 2344150421
2608 2344342943
2609 2344631111
2610 2345405021
2611 2347661081
2612 2349497873
2613 2351302721
2614 2352376181
2615 2352422231
2616 2353583081
2617 2354577931
2618 2354670973
2619 2356694911
2620 2357371813
2621 2359723603
2622 2359906729
2623 2360052521
2624 2361053231
2625 2364553813
2626 2366808403
2627 2367115481
2628 2370939313
2629 2371854703
2630 2375479429
2631 2375874103
2632 2376933739
2633 2377839319
2634 2378201887
2635 2379693139
2636 2383974013
2637 2387419729
2638 2388333613
2639 2390760973
2640 2392026491
2641 2393000111
2642 2393797309
2643 2394458719
2644 2395543603
2645 2395562941
2646 2396191951
2647 2397225613
2648 2401228421
2649 2401422731
2650 2401944581
2651 2402050919
2652 2402606963
2653 2403111493
2654 2403420931
2655 2405205521
2656 2405976739
2657 2406628963
2658 2406843281
2659 2406963613
2660 2410527221
2661 2410905131
2662 2411649913
2663 2412681581
2664 2414515981
2665 2415325897
2666 2415514691
2667 2416012631
2668 2417005511
2669 2417487829
2670 2419311311
2671 2420240831
2672 2420970943
2673 2421052121
2674 2422167491
2675 2422545491
2676 2423598739
2677 2430077021
2678 2430149591
2679 2431815877
2680 2432041631
2681 2433403421
2682 2433840923
2683 2433896719
2684 2435269513
2685 2436257713
2686 2437447951
2687 2438146091
2688 2438873113
2689 2439813613
2690 2440897639
2691 2444929639
2692 2445086713
2693 2451315311
2694 2451473923
2695 2454017971
2696 2454874871
2697 2457544951
2698 2458351813
2699 2460048961
2700 2461834091
2701 2462802581
2702 2466473413
2703 2467854901
2704 2468296609
2705 2469258851
2706 2470010831
2707 2470410073
2708 2471889799
2709 2473610681
2710 2473928203
2711 2474467871
2712 2475140021
2713 2477519113
2714 2480124953
2715 2480956213
2716 2481183281
2717 2482789219
2718 2488381639
2719 2489758399
2720 2491337081
2721 2491658629
2722 2492584921
2723 2493575911
2724 2494460081
2725 2495310491
2726 2495502973
2727 2498535709
2728 2498735419
2729 2499083957
2730 2499156529
2731 2501041483
2732 2501518121
2733 2502502721
2734 2503315421
2735 2504052073
2736 2504363591
2737 2506033331
2738 2509216481
2739 2509719829
2740 2511235973
2741 2511938081
2742 2512895503
2743 2514411101
2744 2514590291
2745 2515658839
2746 2516932963
2747 2517252961
2748 2517587861
2749 2522287091
2750 2524645181
2751 2525806181
2752 2526650923
2753 2527230221
2754 2531459713
2755 2531897861
2756 2532471581
2757 2533721591
2758 2533766839
2759 2534695819
2760 2535126943
2761 2538684901
2762 2538897019
2763 2540357381
2764 2542230101
2765 2544206591
2766 2544811391
2767 2545617703
2768 2547179951
2769 2547541813
2770 2550422411
2771 2553880951
2772 2555461963
2773 2555576539
2774 2557949887
2775 2558693419
2776 2558950921
2777 2559148303
2778 2559203923
2779 2559495977
2780 2562275081
2781 2562292963
2782 2565034391
2783 2565809629
2784 2567882329
2785 2568257539
2786 2569087519
2787 2570234993
2788 2571561191
2789 2571689963
2790 2574277729
2791 2577571729
2792 2578136941
2793 2578690003
2794 2581955539
2795 2582579963
2796 2583330923
2797 2586774919
2798 2588348509
2799 2588419429
2800 2589728209
2801 2590349413
2802 2593250381
2803 2594656429
2804 2594680639
2805 2595913921
2806 2600705963
2807 2603769313
2808 2604724933
2809 2607570281
2810 2609977967
2811 2610044911
2812 2611102919
2813 2611132721
2814 2611516981
2815 2612039021
2816 2613005711
2817 2614305131
2818 2614353491
2819 2614483181
2820 2615423887
2821 2615449957
2822 2615890513
2823 2617601681
2824 2618328613
2825 2619878119
2826 2620121411
2827 2621383481
2828 2621889103
2829 2623427381
2830 2623843181
2831 2624458513
2832 2624714291
2833 2624947921
2834 2625300101
2835 2627485639
2836 2628503291
2837 2629329971
2838 2629418413
2839 2629484629
2840 2629539529
2841 2629855883
2842 2630386181
2843 2631160421
2844 2635304591
2845 2639817013
2846 2639991229
2847 2641117691
2848 2641543481
2849 2642777911
2850 2644277413
2851 2644327813
2852 2645646881
2853 2646386629
2854 2647319929
2855 2647655809
2856 2647783003
2857 2648664947
2858 2648827609
2859 2649464539
2860 2650267181
2861 2651193973
2862 2654610943
2863 2655977957
2864 2656479799
2865 2656635829
2866 2657175931
2867 2657381413
2868 2657588599
2869 2657882239
2870 2661938957
2871 2663921713
2872 2664579139
2873 2665309939
2874 2667369799
2875 2667487853
2876 2667838967
2877 2671308973
2878 2671758619
2879 2673864439
2880 2674031953
2881 2676699737
2882 2678016703
2883 2678663873
2884 2678928019
2885 2679436003
2886 2680560191
2887 2681472613
2888 2683556203
2889 2685229303
2890 2685633403
2891 2686408639
2892 2686591003
2893 2687472103
2894 2688889607
2895 2691087313
2896 2691447739
2897 2693130491
2898 2694100691
2899 2695429973
2900 2695731403
2901 2696828209
2902 2697538219
2903 2699191003
2904 2701968931
2905 2707611877
2906 2709132581
2907 2709947329
2908 2710007711
2909 2710623791
2910 2712055897
2911 2712112121
2912 2713031911
2913 2713369513
2914 2713749919
2915 2715201431
2916 2716245281
2917 2716313993
2918 2716314011
2919 2716857439
2920 2718860941
2921 2718969499
2922 2719200131
2923 2720056211
2924 2721144221
2925 2722498819
2926 2726167603
2927 2728819339
2928 2732322991
2929 2733777103
2930 2734777519
2931 2735186413
2932 2737018091
2933 2737548529
2934 2738292313
2935 2738925103
2936 2739216703
2937 2739388219
2938 2740018121
2939 2740445381
2940 2747800963
2941 2747843911
2942 2748533839
2943 2752247081
2944 2752567819
2945 2753482951
2946 2754029933
2947 2754774901
2948 2761600031
2949 2761978129
2950 2765894119
2951 2766726901
2952 2768556229
2953 2768647309
2954 2769296119
2955 2774310943
2956 2774783419
2957 2776718509
2958 2777709229
2959 2780931613
2960 2782570951
2961 2782872947
2962 2783753113
2963 2783806639
2964 2784283213
2965 2784741931
2966 2785028413
2967 2785303181
2968 2785828789
2969 2786104091
2970 2786398399
2971 2786682229
2972 2788369489
2973 2788930883
2974 2789148919
2975 2790729983
2976 2792829889
2977 2794764229
2978 2796128809
2979 2803780963
2980 2803977901
2981 2804369839
2982 2805909971
2983 2806225481
2984 2806697329
2985 2806947947
2986 2807320981
2987 2808149503
2988 2808508513
2989 2809094941
2990 2809691113
2991 2810938513
2992 2811862181
2993 2812418381
2994 2812848403
2995 2814012101
2996 2815744513
2997 2818113581
2998 2819889799
2999 2819933719
3000 2820057943
3001 2821869709
3002 2822450591
3003 2823629981
3004 2823696947
3005 2824975883
3006 2827635403
3007 2827773901
3008 2832200621
3009 2832864403
3010 2833974529
3011 2834794003
3012 2835330923
3013 2835687863
3014 2835982609
3015 2837369239
3016 2837715403
3017 2838526819
3018 2838672439
3019 2839706539
3020 2841574513
3021 2841576403
3022 2843929973
3023 2843988947
3024 2844167839
3025 2847376429
3026 2848328957
3027 2850602021
3028 2851576729
3029 2852119091
3030 2852981539
3031 2854395619
3032 2854659229
3033 2854875409
3034 2861728213
3035 2861784529
3036 2862743941
3037 2865658967
3038 2866551739
3039 2869055957
3040 2869406629
3041 2869958537
3042 2871400211
3043 2871504973
3044 2871917539
3045 2873849029
3046 2874378319
3047 2875417819
3048 2877444439
3049 2878423871
3050 2879414861
3051 2880287719
3052 2882496977
3053 2884409113
3054 2884707103
3055 2886783019
3056 2886844039
3057 2889884717
3058 2893475873
3059 2894245639
3060 2897907589
3061 2900403901
3062 2902586503
3063 2904640391
3064 2905409081
3065 2905640923
3066 2907992509
3067 2908478329
3068 2909906539
3069 2911078813
3070 2913630581
3071 2913842081
3072 2916769129
3073 2918490829
3074 2919280603
3075 2919366529
3076 2920100383
3077 2920108897
3078 2920379929
3079 2921244877
3080 2922223781
3081 2924088931
3082 2924253973
3083 2929815439
3084 2933778919
3085 2933934881
3086 2934050681
3087 2936225713
3088 2936757919
3089 2937166303
3090 2938898717
3091 2939559019
3092 2943030221
3093 2947732213
3094 2949203713
3095 2950639729
3096 2954282413
3097 2957549689
3098 2958018313
3099 2958478489
3100 2958717799
3101 2959205941
3102 2961981947
3103 2963347213
3104 2967413413
3105 2968950409
3106 2969157977
3107 2971195303
3108 2973056413
3109 2974258519
3110 2975529229
3111 2977034839
3112 2977461901
3113 2978076229
3114 2978986337
3115 2979601213
3116 2979650329
3117 2981322973
3118 2982300961
3119 2982529973
3120 2982537013
3121 2983238809
3122 2984099953
3123 2984803303
3124 2986055113
3125 2987217619
3126 2988171947
3127 2988242539
3128 2989630883
3129 2990949989
3130 2992046503
3131 2992303091
3132 2992746409
3133 2996373977
3134 2996584489
3135 2997052819
3136 2998250719
3137 3000449411
3138 3001180573
3139 3002602511
3140 3004547591
3141 3005053273
3142 3007572877
3143 3007991803
3144 3008220401
3145 3008248391
3146 3010343321
3147 3010354031
3148 3010822093
3149 3012256001
3150 3012769091
3151 3014150501
3152 3014562311
3153 3015171521
3154 3015455111
3155 3015918973
3156 3017014631
3157 3020253931
3158 3020892011
3159 3021226031
3160 3024305993
3161 3025732781
3162 3026947603
3163 3027302911
3164 3027742481
3165 3029045953
3166 3031503731
3167 3032061931
3168 3032070731
3169 3032305301
3170 3033550511
3171 3033814897
3172 3033898639
3173 3034100711
3174 3035044973
3175 3035450321
3176 3036801311
3177 3037075933
3178 3037081121
3179 3040779967
3180 3041319131
3181 3042148211
3182 3042998957
3183 3044432231
3184 3045502973
3185 3045833381
3186 3048828313
3187 3049467881
3188 3049521961
3189 3050461331
3190 3053824391
3191 3053981713
3192 3054958639
3193 3056121521
3194 3056914963
3195 3058469203
3196 3061512431
3197 3062173781
3198 3064252981
3199 3065225971
3200 3065859103
3201 3066615191
3202 3066878509
3203 3069869119
3204 3070998013
3205 3071051993
3206 3073075391
3207 3073509913
3208 3077979109
3209 3078954103
3210 3080639977
3211 3080889103
3212 3081041993
3213 3082031621
3214 3083501321
3215 3083669993
3216 3084400421
3217 3084512933
3218 3090318943
3219 3090406211
3220 3091811971
3221 3093792739
3222 3096269629
3223 3096505963
3224 3099264313
3225 3100327093
3226 3100607201
3227 3100612483
3228 3101672411
3229 3101805073
3230 3105256897
3231 3105465491
3232 3105994513
3233 3106890973
3234 3108986539
3235 3110314483
3236 3111009731
3237 3111324731
3238 3112229909
3239 3117969013
3240 3119379919
3241 3122779939
3242 3124623791
3243 3124712231
3244 3125424131
3245 3126545291
3246 3126886729
3247 3126917081
3248 3127269967
3249 3127668931
3250 3134829613
3251 3135163781
3252 3135987013
3253 3138880513
3254 3139844941
3255 3141025031
3256 3148469113
3257 3149123953
3258 3150104501
3259 3153720953
3260 3155115791
3261 3156503681
3262 3156778003
3263 3156953413
3264 3158658947
3265 3159619961
3266 3161372933
3267 3161938513
3268 3162365923
3269 3169281613
3270 3169809529
3271 3170813111
3272 3172222421
3273 3172932281
3274 3173239987
3275 3174231791
3276 3174757921
3277 3174858619
3278 3178803703
3279 3178961809
3280 3179169709
3281 3180112183
3282 3181107791
3283 3183255281
3284 3184721291
3285 3184935829
3286 3187286719
3287 3187862911
3288 3188834629
3289 3189748789
3290 3190210921
3291 3191492081
3292 3192115897
3293 3192230231
3294 3193556413
3295 3193796509
3296 3194525713
3297 3194548639
3298 3194648911
3299 3197141923
3300 3197673439
3301 3200236093
3302 3200962781
3303 3202394887
3304 3203162621
3305 3204388963
3306 3204556391
3307 3208070321
3308 3210039073
3309 3210439121
3310 3210526421
3311 3210967091
3312 3217378603
3313 3217666951
3314 3217858921
3315 3218423111
3316 3218527181
3317 3219189971
3318 3221889313
3319 3222672581
3320 3223596613
3321 3224266933
3322 3224271991
3323 3226712971
3324 3227223221
3325 3228107681
3326 3229421971
3327 3229476403
3328 3230045111
3329 3230487191
3330 3230933933
3331 3231543131
3332 3231564943
3333 3235147933
3334 3235478413
3335 3236318291
3336 3237459919
3337 3240404911
3338 3242193961
3339 3242776951
3340 3243541211
3341 3244895809
3342 3244966639
3343 3248603381
3344 3249652951
3345 3250797313
3346 3251408021
3347 3258453703
3348 3260650121
3349 3261856603
3350 3264949609
3351 3265521491
3352 3266035481
3353 3266516713
3354 3271999789
3355 3274078513
3356 3274639639
3357 3275197921
3358 3277501933
3359 3277974863
3360 3279574003
3361 3280218581
3362 3281676403
3363 3282610691
3364 3284792911
3365 3285154963
3366 3285394921
3367 3286311943
3368 3286737947
3369 3291665413
3370 3294096931
3371 3294364603
3372 3295022993
3373 3295730803
3374 3295970861
3375 3296538709
3376 3297049961
3377 3297604951
3378 3298809229
3379 3299941429
3380 3300133919
3381 3302042231
3382 3302575391
3383 3304394381
3384 3304617923
3385 3304777603
3386 3305131631
3387 3308478829
3388 3310083901
3389 3312571781
3390 3314964703
3391 3315813581
3392 3317139913
3393 3317667739
3394 3321414611
3395 3325018211
3396 3331416131
3397 3332483381
3398 3335531993
3399 3335612591
3400 3335838829
3401 3335957113
3402 3338296921
3403 3340982713
3404 3342532691
3405 3344233691
3406 3344802943
3407 3346668901
3408 3350579839
3409 3351614887
3410 3351999229
3411 3352202083
3412 3354149713
3413 3355605191
3414 3356565739
3415 3358971013
3416 3361114331
3417 3362032511
3418 3362833181
3419 3364060897
3420 3365038091
3421 3365065181
3422 3368554729
3423 3368621803
3424 3368687689
3425 3370865413
3426 3373890829
3427 3374709829
3428 3375188629
3429 3375453703
3430 3376636213
3431 3379705729
3432 3382161011
3433 3382606813
3434 3383033021
3435 3386642503
3436 3388272931
3437 3390008887
3438 3395177809
3439 3395436829
3440 3396789827
3441 3399135829
3442 3400630721
3443 3403421173
3444 3403627933
3445 3406919839
3446 3408054581
3447 3408222221
3448 3412125901
3449 3414297703
3450 3416835703
3451 3417126943
3452 3417391963
3453 3419110511
3454 3419694013
3455 3421427953
3456 3422831681
3457 3423163691
3458 3423361691
3459 3425967901
3460 3426326291
3461 3428665819
3462 3428841613
3463 3429809951
3464 3430751993
3465 3431792713
3466 3431988103
3467 3432882613
3468 3434135953
3469 3436593313
3470 3437648861
3471 3438357313
3472 3438821713
3473 3439016923
3474 3439323191
3475 3439836619
3476 3445301231
3477 3445820381
3478 3446944213
3479 3447972851
3480 3451644281
3481 3451820681
3482 3452030173
3483 3453243923
3484 3454559113
3485 3454935881
3486 3455136973
3487 3455154973
3488 3455265703
3489 3457147513
3490 3462976609
3491 3463328081
3492 3465080923
3493 3467905921
3494 3467933957
3495 3470338181
3496 3470549503
3497 3470832973
3498 3472104221
3499 3472577113
3500 3472899019
3501 3474278809
3502 3476871529
3503 3477250813
3504 3477718609
3505 3477798199
3506 3480561191
3507 3480613481
3508 3481500991
3509 3481728829
3510 3482120321
3511 3482133877
3512 3482849239
3513 3486289129
3514 3490598239
3515 3492439729
3516 3493073081
3517 3493986499
3518 3494709709
3519 3496918129
3520 3497008513
3521 3500664943
3522 3501535981
3523 3501750221
3524 3502327781
3525 3504997883
3526 3507116887
3527 3509033993
3528 3509308091
3529 3510460001
3530 3510952391
3531 3511740131
3532 3513660877
3533 3516164923
3534 3516187603
3535 3516306923
3536 3517425973
3537 3517548739
3538 3517794013
3539 3518238613
3540 3518955529
3541 3519864013
3542 3520174211
3543 3522357973
3544 3522662291
3545 3527710391
3546 3528373951
3547 3528594529
3548 3530377181
3549 3530476181
3550 3532820887
3551 3535458931
3552 3535862503
3553 3540243221
3554 3542130073
3555 3542423021
3556 3543851081
3557 3549586699
3558 3550294091
3559 3551167181
3560 3556232923
3561 3558618439
3562 3560476603
3563 3560711887
3564 3562838911
3565 3563169919
3566 3565019977
3567 3567564439
3568 3568044703
3569 3568753519
3570 3573142933
3571 3576773509
3572 3577174729
3573 3578445529
3574 3578556409
3575 3580148713
3576 3580317973
3577 3580792921
3578 3582201221
3579 3583164703
3580 3584605513
3581 3585191503
3582 3585289129
3583 3585809239
3584 3586594699
3585 3587623213
3586 3588678199
3587 3588845209
3588 3589551439
3589 3589753967
3590 3593577409
3591 3594917509
3592 3594964129
3593 3596422513
3594 3596445851
3595 3597648589
3596 3599804419
3597 3600837973
3598 3602111321
3599 3604261691
3600 3604301111
3601 3607006691
3602 3611059481
3603 3612159953
3604 3612417877
3605 3612465973
3606 3612534943
3607 3612808813
3608 3613060001
3609 3614540021
3610 3615129913
3611 3615621943
3612 3615940091
3613 3616655503
3614 3617648539
3615 3617854819
3616 3618561703
3617 3620255971
3618 3622237933
3619 3622344491
3620 3624430981
3621 3627231961
3622 3628005923
3623 3628744871
3624 3628857977
3625 3630902021
3626 3633930973
3627 3634711481
3628 3635289709
3629 3637022887
3630 3637395529
3631 3641000501
3632 3643898957
3633 3647579209
3634 3652169929
3635 3663305291
3636 3663693013
3637 3665029957
3638 3668909119
3639 3668914429
3640 3671198911
3641 3672152923
3642 3674915809
3643 3675224803
3644 3681438829
3645 3682855339
3646 3685641829
3647 3687181639
3648 3689219329
3649 3689662219
3650 3691359103
3651 3692689009
3652 3693335413
3653 3693428957
3654 3695139983
3655 3695746129
3656 3700572923
3657 3708229939
3658 3710359813
3659 3713589013
3660 3713921291
3661 3714723281
3662 3714832813
3663 3715790839
3664 3716419913
3665 3719862529
3666 3720575713
3667 3722799917
3668 3723310511
3669 3724595911
3670 3724971403
3671 3726243973
3672 3727644313
3673 3728203481
3674 3728456957
3675 3729998627
3676 3733034933
3677 3733397719
3678 3735956509
3679 3736295809
3680 3739535809
3681 3740004901
3682 3741201901
3683 3742752613
3684 3743682403
3685 3744094513
3686 3744493639
3687 3744909439
3688 3746494519
3689 3746654911
3690 3747378863
3691 3748964599
3692 3751766861
3693 3752143391
3694 3752401943
3695 3754756609
3696 3755012993
3697 3762390703
3698 3763853911
3699 3767507539
3700 3770964619
3701 3771638809
3702 3771886039
3703 3773105381
3704 3773724739
3705 3776311963
3706 3777514729
3707 3778319329
3708 3778425103
3709 3779705329
3710 3780590413
3711 3780951739
3712 3782047513
3713 3783165931
3714 3784542739
3715 3785698699
3716 3786439309
3717 3786841609
3718 3792629419
3719 3794048809
3720 3796626139
3721 3796722851
3722 3797042891
3723 3798435139
3724 3802152131
3725 3806405923
3726 3807675709
3727 3808224191
3728 3808298873
3729 3808616503
3730 3810154981
3731 3810282491
3732 3812921923
3733 3814415291
3734 3819387139
3735 3822306491
3736 3823010531
3737 3824585203
3738 3826375921
3739 3827451703
3740 3827937409
3741 3830450111
3742 3830814973
3743 3830894629
3744 3832497709
3745 3833599309
3746 3834797209
3747 3835384921
3748 3836408413
3749 3836661931
3750 3841013411
3751 3841070111
3752 3841606091
3753 3843759229
3754 3843950503
3755 3844195921
3756 3844308613
3757 3845825861
3758 3846694909
3759 3846944873
3760 3849290911
3761 3850611943
3762 3850652713
3763 3851267503
3764 3851359909
3765 3854067313
3766 3854180713
3767 3854598499
3768 3854874409
3769 3855381931
3770 3855490819
3771 3856033963
3772 3856501963
3773 3856640891
3774 3857370931
3775 3858055921
3776 3860185603
3777 3860994229
3778 3861877909
3779 3863645809
3780 3864923957
3781 3866268863
3782 3866729029
3783 3866959099
3784 3870413291
3785 3870816881
3786 3871509403
3787 3871773901
3788 3874197139
3789 3874423951
3790 3875915873
3791 3876262921
3792 3876372529
3793 3879663019
3794 3880035281
3795 3883882039
3796 3884492873
3797 3884903629
3798 3885536873
3799 3887061931
3800 3887291329
3801 3890315081
3802 3893209961
3803 3893359219
3804 3895084883
3805 3897262609
3806 3897306709
3807 3898490689
3808 3901711897
3809 3903045943
3810 3903787883
3811 3906837901
3812 3907873429
3813 3908581213
3814 3908739889
3815 3909337921
3816 3909782329
3817 3911190923
3818 3911749819
3819 3912278413
3820 3914154281
3821 3914440391
3822 3918061813
3823 3918779299
3824 3919098863
3825 3920341981
3826 3924024581
3827 3924464503
3828 3926229403
3829 3927646003
3830 3928194103
3831 3929185339
3832 3929854909
3833 3933392891
3834 3933759139
3835 3933790921
3836 3934719983
3837 3934921513
3838 3935000231
3839 3935076403
3840 3937368139
3841 3937479499
3842 3938254819
3843 3942124391
3844 3942168313
3845 3942354613
3846 3942613813
3847 3944406703
3848 3950790313
3849 3950969887
3850 3955315603
3851 3956698189
3852 3957147619
3853 3957226921
3854 3957614113
3855 3957944209
3856 3960066703
3857 3962087719
3858 3962308951
3859 3962492113
3860 3964671709
3861 3967555853
3862 3967703629
3863 3968145529
3864 3970123933
3865 3974068883
3866 3974409013
3867 3974454013
3868 3976118957
3869 3977824853
3870 3979163329
3871 3979738699
3872 3980965129
3873 3984170413
3874 3985492309
3875 3988859921
3876 3990438103
3877 3992354911
3878 3995071303
3879 3996814309
3880 3997015303
3881 3997040503
3882 3997996217
3883 4000073411
3884 4002405193
3885 4003009273
3886 4003160321
3887 4003305821
3888 4003708031
3889 4004497813
3890 4006036511
3891 4006810001
3892 4007327971
3893 4007471971
3894 4007896639
3895 4008761291
3896 4008861973
3897 4010634011
3898 4010837993
3899 4012286111
3900 4012843781
3901 4015565381
3902 4020031783
3903 4020613811
3904 4021088681
3905 4021302583
3906 4021306273
3907 4022216531
3908 4023137231
3909 4024254953
3910 4025130931
3911 4025750591
3912 4026844181
3913 4029562091
3914 4029929993
3915 4032080911
3916 4032490211
3917 4033742681
3918 4034482391
3919 4036239913
3920 4038571091
3921 4040103611
3922 4040715131
3923 4041338887
3924 4041720611
3925 4045064591
3926 4045685503
3927 4045807813
3928 4047528703
3929 4047694921
3930 4052237887
3931 4052811221
3932 4057229713
3933 4057686901
3934 4062659981
3935 4063095191
3936 4063102273
3937 4065478213
3938 4065702877
3939 4066586203
3940 4070608933
3941 4071469939
3942 4071503231
3943 4071639703
3944 4072659919
3945 4074315943
3946 4081100293
3947 4082111911
3948 4083773413
3949 4086449113
3950 4087236613
3951 4089961339
3952 4093023131
3953 4093805081
3954 4096523803
3955 4096836619
3956 4097167303
3957 4098925609
3958 4100291711
3959 4100558591
3960 4100945111
3961 4104223031
3962 4104260911
3963 4106521511
3964 4108232963
3965 4110027373
3966 4112150831
3967 4116397951
3968 4117010321
3969 4120546897
3970 4122701173
3971 4123029881
3972 4126243981
3973 4128774931
3974 4130164421
3975 4130929181
3976 4131815021
3977 4133839939
3978 4139079313
3979 4140523511
3980 4141208411
3981 4141331993
3982 4141832953
3983 4142483291
3984 4145458951
3985 4147403591
3986 4149914941
3987 4150979719
3988 4151527481
3989 4152213983
3990 4153410901
3991 4154201111
3992 4154325491
3993 4155400001
3994 4156395403
3995 4156952413
3996 4160042993
3997 4161043331
3998 4161611231
3999 4162095281
4000 4167637921
4001 4167784003
4002 4169358439
4003 4170979973
4004 4171215311
4005 4171643381
4006 4171978609
4007 4174205681
4008 4174227191
4009 4174462091
4010 4175413933
4011 4175460973
4012 4177164613
4013 4177912513
4014 4179382303
4015 4183067803
4016 4187252803
4017 4188134803
4018 4188622513
4019 4189129729
4020 4190233121
4021 4192408963
4022 4194305923
4023 4196291413
4024 4199561957
4025 4199762239
4026 4199767489
4027 4203162011
4028 4203171073
4029 4203203909
4030 4205006021
4031 4207272943
4032 4207297603
4033 4207958539
4034 4208005421
4035 4208482181
4036 4211718491
4037 4212134911
4038 4214166491
4039 4215444943
4040 4215591973
4041 4216406111
4042 4217127581
4043 4217289403
4044 4218479539
4045 4218787519
4046 4222651031
4047 4223484191
4048 4223515031
4049 4224208031
4050 4225371877
4051 4225857403
4052 4226987329
4053 4227314681
4054 4227499937
4055 4231117001
4056 4231422431
4057 4232720963
4058 4233113711
4059 4235948809
4060 4237719403
4061 4238175703
4062 4240501721
4063 4244596729
4064 4246061591
4065 4252925713
4066 4253867203
4067 4255738303
4068 4260232001
4069 4262302001
4070 4264935403
4071 4264968919
4072 4265497609
4073 4265707951
4074 4266658003
4075 4267375639
4076 4267953947
4077 4269743911
4078 4269837919
4079 4270230101
4080 4270389313
4081 4275619819
4082 4276287013
4083 4276368013
4084 4279557319
4085 4280777629
4086 4282866013
4087 4283735503
4088 4283818639
4089 4289824519
4090 4293579319
4091 4293894229
4092 4293994967
4093 4295593339
4094 4296417739
4095 4298282539
4096 4298354719
4097 4299759199
4098 4301140331
4099 4301327231
4100 4302122501
4101 4302240931
4102 4304407981
4103 4306066481
4104 4306300811
4105 4306612691
4106 4308439913
4107 4311953291
4108 4312822781
4109 4314504791
4110 4315487413
4111 4315906963
4112 4318363963
4113 4318947901
4114 4320035711
4115 4320653111
4116 4322035331
4117 4326145391
4118 4326196951
4119 4326777709
4120 4330591933
4121 4330761923
4122 4333163993
4123 4335039913
4124 4336447513
4125 4339564921
4126 4339761313
4127 4340410211
4128 4341582191
4129 4341988429
4130 4351173877
4131 4351558513
4132 4351929919
4133 4353380923
4134 4353383803
4135 4353915613
4136 4354867609
4137 4355023121
4138 4359189889
4139 4360301201
4140 4360895719
4141 4361183381
4142 4363506281
4143 4363766629
4144 4366285639
4145 4366826861
4146 4366958599
4147 4367212933
4148 4367971609
4149 4368004481
4150 4368067303
4151 4370101921
4152 4370758729
4153 4377555439
4154 4380746891
4155 4383500021
4156 4384066513
4157 4384148941
4158 4384850413
4159 4388264539
4160 4389646039
4161 4390766203
4162 4391575819
4163 4391982709
4164 4392961819
4165 4393579219
4166 4395489499
4167 4397665039
4168 4398726229
4169 4398904519
4170 4399091629
4171 4400369381
4172 4400772581
4173 4403584181
4174 4404589909
4175 4407001031
4176 4407320321
4177 4407538951
4178 4407715181
4179 4408188931
4180 4408575739
4181 4408877873
4182 4409515091
4183 4409682313
4184 4409716603
4185 4410340631
4186 4411353311
4187 4415081971
4188 4416031421
4189 4427564503
4190 4432028681
4191 4432333897
4192 4433115991
4193 4435353191
4194 4437102953
4195 4438767139
4196 4438829509
4197 4439771911
4198 4440502421
4199 4442767639
4200 4445559983
4201 4447308703
4202 4448456539
4203 4448469889
4204 4448735861
4205 4449791509
4206 4451503897
4207 4451537803
4208 4453488709
4209 4456737013
4210 4456904891
4211 4457477873
4212 4458411281
4213 4458727519
4214 4460423021
4215 4460897509
4216 4460914813
4217 4462381813
4218 4463301221
4219 4463769889
4220 4463817829
4221 4467274921
4222 4468526203
4223 4470215111
4224 4472717891
4225 4474439719
4226 4477748599
4227 4479970699
4228 4480124953
4229 4480667809
4230 4480668947
4231 4481305391
4232 4483708819
4233 4486564609
4234 4487652709
4235 4488182203
4236 4488853129
4237 4489018921
4238 4490865619
4239 4491013031
4240 4491188539
4241 4495068901
4242 4495140191
4243 4495393429
4244 4495627519
4245 4498290103
4246 4498317619
4247 4501600121
4248 4501997809
4249 4502051173
4250 4503525491
4251 4504541681
4252 4505062981
4253 4506086803
4254 4506226391
4255 4510815877
4256 4518716941
4257 4518820091
4258 4518930613
4259 4520434981
4260 4524652963
4261 4529521963
4262 4530216791
4263 4531786921
4264 4533170111
4265 4533961951
4266 4535843941
4267 4537504963
4268 4539421091
4269 4541487403
4270 4542407291
4271 4545217091
4272 4545696409
4273 4547444413
4274 4549179799
4275 4549347013
4276 4549408921
4277 4553039713
4278 4553840803
4279 4556165503
4280 4556255941
4281 4560664513
4282 4561835503
4283 4562153923
4284 4562775013
4285 4564207091
4286 4564845013
4287 4565687029
4288 4566029981
4289 4570371973
4290 4570742081
4291 4570799599
4292 4573555639
4293 4575883789
4294 4576372921
4295 4577005963
4296 4577192911
4297 4577492509
4298 4580826931
4299 4582004681
4300 4582379509
4301 4583350813
4302 4583375861
4303 4583589019
4304 4586182729
4305 4590545891
4306 4591249909
4307 4592573203
4308 4593972139
4309 4594503703
4310 4595532313
4311 4596139003
4312 4596787099
4313 4596925219
4314 4598173609
4315 4602704591
4316 4607026481
4317 4608003991
4318 4609670941
4319 4610255971
4320 4611225953
4321 4611809933
4322 4612236581
4323 4612559929
4324 4615701581
4325 4618179103
4326 4622456803
4327 4624665739
4328 4625976919
4329 4626196303
4330 4626939409
4331 4628131933
4332 4628767789
4333 4631151221
4334 4632288403
4335 4636169203
4336 4636399699
4337 4640086181
4338 4642888967
4339 4643846629
4340 4644542713
4341 4648614829
4342 4652775851
4343 4652978599
4344 4653464891
4345 4654243091
4346 4654581931
4347 4654758319
4348 4658624629
4349 4659310963
4350 4659445883
4351 4660115111
4352 4661134481
4353 4661197213
4354 4661302781
4355 4662629809
4356 4662980911
4357 4663493539
4358 4665708013
4359 4666128881
4360 4667200933
4361 4668047809
4362 4668594019
4363 4670482951
4364 4676097799
4365 4678542013
4366 4679194789
4367 4681112021
4368 4683438709
4369 4684376509
4370 4685317729
4371 4686128203
4372 4687092947
4373 4688138239
4374 4689239119
4375 4689469817
4376 4691070973
4377 4691904313
4378 4691984599
4379 4694641921
4380 4695953599
4381 4699232809
4382 4700327591
4383 4701802943
4384 4702274923
4385 4703069803
4386 4703821933
4387 4707072191
4388 4708088719
4389 4708563403
4390 4708716403
4391 4708815403
4392 4709184313
4393 4713289961
4394 4713755941
4395 4715086951
4396 4716917861
4397 4717306091
4398 4720120921
4399 4722857957
4400 4723456603
4401 4723773403
4402 4725055963
4403 4725696229
4404 4726489699
4405 4726827439
4406 4727026963
4407 4727728003
4408 4730531681
4409 4732241993
4410 4733269213
4411 4734448871
4412 4735767139
4413 4738774129
4414 4739311963
4415 4739789627
4416 4740898219
4417 4741151953
4418 4741153933
4419 4744366639
4420 4745566519
4421 4746404713
4422 4749228013
4423 4749627139
4424 4754603713
4425 4755269899
4426 4756527103
4427 4757122963
4428 4758533809
4429 4760965519
4430 4762726729
4431 4762778029
4432 4763281951
4433 4764344839
4434 4764353413
4435 4768421503
4436 4769710639
4437 4770240581
4438 4773727883
4439 4774373809
4440 4775648957
4441 4776679189
4442 4778296399
4443 4778341303
4444 4780584439
4445 4781167819
4446 4782626861
4447 4782707203
4448 4782798289
4449 4783708519
4450 4783758019
4451 4783768489
4452 4785250513
4453 4786242313
4454 4786638947
4455 4790678209
4456 4790729963
4457 4793529319
4458 4794541303
4459 4794576947
4460 4796845399
4461 4801777639
4462 4802783891
4463 4803867619
4464 4808387509
4465 4811247191
4466 4815619213
4467 4815668419
4468 4816360963
4469 4818922921
4470 4819856029
4471 4824053291
4472 4824066703
4473 4828568957
4474 4835771113
4475 4838417113
4476 4838648599
4477 4838743883
4478 4838809039
4479 4839028819
4480 4840809971
4481 4841262191
4482 4842468901
4483 4843892873
4484 4844484013
4485 4844546719
4486 4846612513
4487 4847305513
4488 4847377699
4489 4848441931
4490 4848732439
4491 4848934039
4492 4849146619
4493 4849592029
4494 4850190973
4495 4851131993
4496 4852652503
4497 4854156403
4498 4855611613
4499 4857525619
4500 4858420951
4501 4861411481
4502 4861728439
4503 4865200391
4504 4866170839
4505 4866679099
4506 4867574119
4507 4869950689
4508 4870646719
4509 4871758699
4510 4874771329
4511 4875089599
4512 4876718029
4513 4878532339
4514 4879205113
4515 4879752109
4516 4879810003
4517 4881178339
4518 4881384103
4519 4887626119
4520 4888590589
4521 4890147403
4522 4890279319
4523 4891298119
4524 4895794699
4525 4896454789
4526 4902109481
4527 4905001511
4528 4905719993
4529 4906044973
4530 4906771819
4531 4908394429
4532 4910302973
4533 4912891639
4534 4913267413
4535 4915567883
4536 4916767129
4537 4916833921
4538 4921014221
4539 4924767977
4540 4925681539
4541 4931658709
4542 4932881113
4543 4937423941
4544 4940052581
4545 4941573313
4546 4941681881
4547 4946451403
4548 4947394219
4549 4948278499
4550 4948434709
4551 4948608229
4552 4949032951
4553 4951780303
4554 4953284719
4555 4953368509
4556 4954185013
4557 4955707429
4558 4955961229
4559 4956537409
4560 4957350313
4561 4957873009
4562 4958406619
4563 4959474109
4564 4960394539
4565 4961483539
4566 4963625203
4567 4964486689
4568 4965485689
4569 4970912941
4570 4973534809
4571 4975366789
4572 4976441203
4573 4976502931
4574 4976518219
4575 4978767707
4576 4980351613
4577 4981656139
4578 4983958099
4579 4987506319
4580 4987563947
4581 4988704219
4582 4989080419
4583 4989154853
4584 4989677417
4585 4990574873
4586 4995009983
4587 4995053113
4588 5000651993
4589 5002502321
4590 5002801721
4591 5004560411
4592 5005006031
4593 5005293011
4594 5009021021
4595 5009770963
4596 5009872951
4597 5010358897
4598 5011166231
4599 5011700321
4600 5012889919
4601 5015995213
4602 5018771081
4603 5024033711
4604 5025996947
4605 5026079081
4606 5027071211
4607 5027318381
4608 5029462181
4609 5031046973
4610 5031879313
4611 5031963973
4612 5032146221
4613 5032979113
4614 5032985413
4615 5033404331
4616 5033987719
4617 5034401173
4618 5035505933
4619 5036703943
4620 5039977853
4621 5040501821
4622 5041411631
4623 5043339281
4624 5043654191
4625 5043960281
4626 5044120093
4627 5044950973
4628 5046637513
4629 5047002901
4630 5047423481
4631 5047666303
4632 5048529971
4633 5048674303
4634 5049356839
4635 5050040293
4636 5050517993
4637 5051041183
4638 5051120909
4639 5051368963
4640 5058824839
4641 5059268911
4642 5060102909
4643 5060363591
4644 5062336933
4645 5063666891
4646 5068761931
4647 5068808113
4648 5069348957
4649 5070074953
4650 5070312521
4651 5071740943
4652 5073234581
4653 5076143381
4654 5076261973
4655 5079328921
4656 5079605941
4657 5079608957
4658 5081010401
4659 5082634091
4660 5083007971
4661 5084837911
4662 5087770213
4663 5089820941
4664 5092200611
4665 5092737931
4666 5095767977
4667 5096568977
4668 5096761213
4669 5098448419
4670 5098585967
4671 5099653883
4672 5103081073
4673 5103275971
4674 5103319691
4675 5104517953
4676 5105028791
4677 5108563181
4678 5108587303
4679 5112305021
4680 5113319111
4681 5114178281
4682 5114382011
4683 5114396713
4684 5116687921
4685 5116833191
4686 5117192923
4687 5119900481
4688 5121068111
4689 5124610331
4690 5125144691
4691 5128247713
4692 5129512481
4693 5129942413
4694 5131650791
4695 5132140721
4696 5132526011
4697 5132819977
4698 5135636081
4699 5137699219
4700 5138123933
4701 5140743943
4702 5141353211
4703 5144909503
4704 5145638503
4705 5145770713
4706 5145890891
4707 5147194513
4708 5149908013
4709 5151887539
4710 5158824739
4711 5159122391
4712 5159934529
4713 5160431963
4714 5161100501
4715 5163210901
4716 5165101001
4717 5166142481
4718 5168586229
4719 5171241311
4720 5175029803
4721 5175617413
4722 5177368883
4723 5179426729
4724 5181696529
4725 5184508951
4726 5184929899
4727 5186884039
4728 5188451413
4729 5190124981
4730 5191161923
4731 5196194719
4732 5196871429
4733 5198685109
4734 5199336619
4735 5199380957
4736 5199458119
4737 5201091431
4738 5201841991
4739 5201961943
4740 5203031321
4741 5204830781
4742 5205788719
4743 5207846503
4744 5211435953
4745 5217004511
4746 5217388303
4747 5217499429
4748 5218235923
4749 5218386931
4750 5221383491
4751 5221389703
4752 5225274281
4753 5225352943
4754 5225488921
4755 5229239839
4756 5230312121
4757 5238469339
4758 5238826213
4759 5239095881
4760 5239120031
4761 5239358629
4762 5240517943
4763 5241022211
4764 5246945629
4765 5248725739
4766 5250269081
4767 5250296081
4768 5250894881
4769 5251403231
4770 5251526381
4771 5251590191
4772 5252468839
4773 5252551933
4774 5254679509
4775 5255874947
4776 5257820713
4777 5257859119
4778 5260456963
4779 5260703887
4780 5263397861
4781 5267596967
4782 5270281481
4783 5270541961
4784 5270810887
4785 5271080993
4786 5271288829
4787 5274208813
4788 5275829239
4789 5276853619
4790 5278518709
4791 5283765901
4792 5286909799
4793 5287148539
4794 5287318639
4795 5289131713
4796 5290196941
4797 5290297871
4798 5292071381
4799 5293687309
4800 5296347439
4801 5296752529
4802 5301611111
4803 5305650943
4804 5307018011
4805 5307364091
4806 5308010083
4807 5308709929
4808 5309150887
4809 5314277081
4810 5316342011
4811 5317186603
4812 5318825503
4813 5318830963
4814 5323022531
4815 5323640591
4816 5325870703
4817 5330334311
4818 5330337581
4819 5332122011
4820 5334107111
4821 5337784883
4822 5339422181
4823 5339701181
4824 5339832931
4825 5340541781
4826 5341730111
4827 5342780081
4828 5343611681
4829 5345006993
4830 5347532713
4831 5348592709
4832 5353577539
4833 5353600943
4834 5353705813
4835 5354550281
4836 5359526911
4837 5362197931
4838 5363586947
4839 5365729609
4840 5372773639
4841 5374162813
4842 5374671931
4843 5375449609
4844 5378295319
4845 5378827309
4846 5379085609
4847 5380789129
4848 5382192703
4849 5384075839
4850 5385233713
4851 5385748789
4852 5388627799
4853 5390870413
4854 5392640713
4855 5393697499
4856 5394010031
4857 5394366013
4858 5395830313
4859 5396122091
4860 5396801941
4861 5397751339
4862 5399343619
4863 5400041293
4864 5401777603
4865 5403153221
4866 5405068181
4867 5407242877
4868 5407302311
4869 5407531933
4870 5409172091
4871 5410007173
4872 5411796931
4873 5413146581
4874 5413235111
4875 5415261491
4876 5417064973
4877 5417299609
4878 5419251281
4879 5420522321
4880 5423615381
4881 5423883931
4882 5424631481
4883 5425310321
4884 5427644839
4885 5429859989
4886 5430064691
4887 5431245877
4888 5433241897
4889 5434090933
4890 5434446613
4891 5435572951
4892 5436085951
4893 5437345513
4894 5437490413
4895 5437889299
4896 5440469413
4897 5443420211
4898 5443974439
4899 5445888499
4900 5447649139
4901 5449275947
4902 5449413703
4903 5450235491
4904 5452464613
4905 5453965609
4906 5454504191
4907 5454665539
4908 5455169809
4909 5455458013
4910 5455714951
4911 5456994019
4912 5460111101
4913 5460268951
4914 5461589899
4915 5464527403
4916 5466161081
4917 5467510963
4918 5470915603
4919 5471704963
4920 5472029977
4921 5474735911
4922 5475526921
4923 5475613603
4924 5477735509
4925 5479979237
4926 5480065181
4927 5480595013
4928 5481698119
4929 5481969989
4930 5482695139
4931 5483877947
4932 5486229709
4933 5488553509
4934 5493402281
4935 5493632891
4936 5496978499
4937 5496987437
4938 5497347319
4939 5498191609
4940 5499563957
4941 5500084781
4942 5500905877
4943 5500952381
4944 5502781091
4945 5506457503
4946 5506609957
4947 5506868509
4948 5508691819
4949 5510869961
4950 5512709933
4951 5516659339
4952 5516664313
4953 5517159313
4954 5518401011
4955 5519278003
4956 5521348813
4957 5526395957
4958 5526757609
4959 5527494103
4960 5528943103
4961 5529672013
4962 5533748113
4963 5533845739
4964 5535553603
4965 5535919003
4966 5538085871
4967 5539708883
4968 5539850203
4969 5541293081
4970 5541520121
4971 5542304953
4972 5543973901
4973 5544450973
4974 5545999189
4975 5552764639
4976 5553415963
4977 5555947129
4978 5556275957
4979 5558291719
4980 5558316931
4981 5559441313
4982 5560687609
4983 5561691829
4984 5562477439
4985 5563956799
4986 5567694109
4987 5568198109
4988 5569172911
4989 5569181957
4990 5569319963
4991 5569571239
4992 5571082963
4993 5571515713
4994 5573011211
4995 5575477129
4996 5579842967
4997 5582413181
4998 5587969399
4999 5589807109
5000 5591129839
5001 5591256313
5002 5591313191
5003 5594677009
5004 5598755389
5005 5599969127
5006 5600185933
5007 5603764951
5008 5603991829
5009 5608398799
5010 5609205191
5011 5609784799
5012 5610336581
5013 5611513031
5014 5613226933
5015 5613228281
5016 5614931713
5017 5615041121
5018 5615488429
5019 5620383973
5020 5620671191
5021 5620807813
5022 5622430897
5023 5623304681
5024 5627547529
5025 5628289039
5026 5628583003
5027 5629676957
5028 5630938213
5029 5631181481
5030 5633159929
5031 5638247809
5032 5638518709
5033 5639138203
5034 5639723629
5035 5639739019
5036 5640748303
5037 5642435081
5038 5642511011
5039 5642762413
5040 5645050391
5041 5645333081
5042 5647756967
5043 5648252503
5044 5651142943
5045 5651467303
5046 5651553613
5047 5651893003
5048 5656495129
5049 5659908109
5050 5660912713
5051 5661719113
5052 5666648209
5053 5667126931
5054 5667152891
5055 5667465319
5056 5671905881
5057 5672022581
5058 5672755003
5059 5673086539
5060 5673904213
5061 5675458967
5062 5675897089
5063 5676196219
5064 5676937009
5065 5677056013
5066 5677361719
5067 5678463229
5068 5682572719
5069 5682766967
5070 5686021963
5071 5686688537
5072 5686735129
5073 5686867189
5074 5690487139
5075 5691684139
5076 5693091829
5077 5693277977
5078 5695379299
5079 5698578617
5080 5698838599
5081 5700111821
5082 5700435581
5083 5703292963
5084 5703724181
5085 5706568429
5086 5707630963
5087 5707956977
5088 5708239819
5089 5710517381
5090 5714601877
5091 5717748863
5092 5717845519
5093 5721819403
5094 5724590941
5095 5727676789
5096 5728079509
5097 5728577689
5098 5728676689
5099 5728955599
5100 5730213311
5101 5735691901
5102 5736400391
5103 5738193103
5104 5738479399
5105 5738600713
5106 5740075963
5107 5740793911
5108 5741294413
5109 5747065213
5110 5747175013
5111 5747398399
5112 5749606609
5113 5751341381
5114 5756003291
5115 5760382951
5116 5764799717
5117 5764996099
5118 5765812303
5119 5769388637
5120 5769905599
5121 5771139739
5122 5773424413
5123 5775273709
5124 5776618129
5125 5778333013
5126 5781823819
5127 5781837409
5128 5785207639
5129 5786720911
5130 5789203639
5131 5789364589
5132 5792970919
5133 5795795717
5134 5799108229
5135 5799133429
5136 5802075973
5137 5802473713
5138 5807955319
5139 5808461839
5140 5809160803
5141 5815830613
5142 5816293729
5143 5817247213
5144 5818372639
5145 5818635439
5146 5819943229
5147 5820497629
5148 5820662713
5149 5821148803
5150 5821269739
5151 5823394729
5152 5824686229
5153 5824772809
5154 5829275509
5155 5829466967
5156 5832550181
5157 5833501481
5158 5834096539
5159 5834266303
5160 5834417503
5161 5837798537
5162 5840776429
5163 5840937709
5164 5841593911
5165 5842559329
5166 5842681213
5167 5845836319
5168 5848253629
5169 5849282419
5170 5849713003
5171 5850352181
5172 5853456709
5173 5855100011
5174 5857790209
5175 5858225809
5176 5858475947
5177 5858596699
5178 5860964419
5179 5861135803
5180 5861632603
5181 5863421803
5182 5864256529
5183 5866012181
5184 5867046439
5185 5868793727
5186 5869576189
5187 5870977009
5188 5872592419
5189 5873356883
5190 5878065139
5191 5880310481
5192 5882234503
5193 5882833609
5194 5883264529
5195 5887667089
5196 5888274499
5197 5890443739
5198 5890779289
5199 5891028881
5200 5897589883
5201 5897593727
5202 5898269599
5203 5900604877
5204 5901808603
5205 5902846921
5206 5903621923
5207 5906640613
5208 5907331181
5209 5910991921
5210 5911424291
5211 5911973629
5212 5913349909
5213 5916941809
5214 5917660871
5215 5918165203
5216 5918252941
5217 5918419519
5218 5921847851
5219 5922356941
5220 5923348213
5221 5923784239
5222 5924762719
5223 5925281839
5224 5925329951
5225 5932165513
5226 5933718103
5227 5936354719
5228 5936880799
5229 5941289509
5230 5941483871
5231 5948680789
5232 5948710819
5233 5951852911
5234 5952200971
5235 5953829689
5236 5954064313
5237 5954217403
5238 5954679827
5239 5955218809
5240 5955749389
5241 5955888707
5242 5957388737
5243 5959198699
5244 5961206803
5245 5962349963
5246 5962558309
5247 5962604891
5248 5963806339
5249 5965997237
5250 5966723509
5251 5966942689
5252 5967924019
5253 5970651881
5254 5971505941
5255 5971579489
5256 5971685119
5257 5978039209
5258 5984275699
5259 5984376589
5260 5984933599
5261 5985087109
5262 5986501921
5263 5988950389
5264 5990504413
5265 5992125313
5266 5992227947
5267 5993216629
5268 5993284699
5269 5994096947
5270 5994160213
5271 5994669617
5272 5996012413
5273 5996162509
5274 5998253689
5275 6003544121
5276 6003791291
5277 6006008321
5278 6006019121
5279 6007225943
5280 6015078281
5281 6016710131
5282 6020758813
5283 6021955813
5284 6025521791
5285 6025790081
5286 6026512691
5287 6027124031
5288 6027680713
5289 6029289103
5290 6029451191
5291 6029632963
5292 6030478963
5293 6031103383
5294 6032105173
5295 6032179903
5296 6033009881
5297 6034812011
5298 6036614291
5299 6036667729
5300 6042420011
5301 6043021811
5302 6043234781
5303 6043510001
5304 6045601943
5305 6046624963
5306 6047964947
5307 6050435971
5308 6050588839
5309 6051649913
5310 6052311073
5311 6052937413
5312 6052954951
5313 6053090111
5314 6054558931
5315 6055969039
5316 6057164081
5317 6057461803
5318 6059960861
5319 6063732973
5320 6064741091
5321 6066029803
5322 6067188709
5323 6067916203
5324 6067975789
5325 6069363739
5326 6071192381
5327 6072468739
5328 6075158839
5329 6076438213
5330 6076531963
5331 6078928789
5332 6079330181
5333 6080851813
5334 6082880941
5335 6083292613
5336 6084127813
5337 6088180603
5338 6089327539
5339 6093893419
5340 6093938509
5341 6094687853
5342 6096928967
5343 6097082503
5344 6100989403
5345 6104308897
5346 6104742011
5347 6105579313
5348 6107262943
5349 6107617091
5350 6108740381
5351 6110099381
5352 6113123531
5353 6113354021
5354 6118297921
5355 6118305581
5356 6118928719
5357 6122097973
5358 6129030991
5359 6133209581
5360 6138349961
5361 6143479819
5362 6143780803
5363 6143919403
5364 6145488529
5365 6148788109
5366 6150257923
5367 6151173011
5368 6151181591
5369 6151416581
5370 6152523011
5371 6152806813
5372 6153440933
5373 6156302111
5374 6161121983
5375 6161779339
5376 6162385951
5377 6162979219
5378 6163784719
5379 6166405963
5380 6168467419
5381 6169198309
5382 6169840819
5383 6171114953
5384 6172166713
5385 6175186921
5386 6179292709
5387 6181736941
5388 6182099719
5389 6183927619
5390 6185949499
5391 6186733871
5392 6187193629
5393 6188354957
5394 6191213681
5395 6191538403
5396 6192955883
5397 6194012971
5398 6195486229
5399 6196409993
5400 6196838209
5401 6197179129
5402 6197745409
5403 6198632203
5404 6199259887
5405 6199607873
5406 6202610201
5407 6202631411
5408 6204097091
5409 6204235781
5410 6208110101
5411 6210020711
5412 6210642791
5413 6211104373
5414 6212205431
5415 6213123431
5416 6213439943
5417 6217024943
5418 6218847013
5419 6220067681
5420 6221788819
5421 6223062311
5422 6224900993
5423 6225319987
5424 6226113953
5425 6227436613
5426 6229786789
5427 6230328491
5428 6230720231
5429 6234173381
5430 6236506813
5431 6240930011
5432 6243610031
5433 6245088931
5434 6245396719
5435 6250786303
5436 6255638629
5437 6257525503
5438 6262926403
5439 6263055191
5440 6263403011
5441 6265868689
5442 6266536729
5443 6266539519
5444 6267964309
5445 6268580809
5446 6269545339
5447 6269577109
5448 6269881039
5449 6273702973
5450 6273869029
5451 6273903613
5452 6274647013
5453 6275259439
5454 6275571829
5455 6276507313
5456 6276563957
5457 6280116961
5458 6281052923
5459 6285565519
5460 6285671957
5461 6287616103
5462 6290748619
5463 6291809203
5464 6293933809
5465 6298248409
5466 6299691589
5467 6299742409
5468 6299995517
5469 6300068993
5470 6301074953
5471 6302225231
5472 6303033901
5473 6303949303
5474 6310751021
5475 6311256943
5476 6319261181
5477 6319470613
5478 6322496839
5479 6323802943
5480 6326665819
5481 6326737639
5482 6326854921
5483 6329397229
5484 6330983839
5485 6331551943
5486 6331823923
5487 6331995619
5488 6332247281
5489 6333615973
5490 6334739539
5491 6338321291
5492 6338857219
5493 6341071897
5494 6341756503
5495 6345681739
5496 6349764409
5497 6350406581
5498 6357955129
5499 6360884539
5500 6362566729
5501 6363459709
5502 6369350413
5503 6369425203
5504 6369527873
5505 6376626709
5506 6377178229
5507 6377706901
5508 6381286213
5509 6385491103
5510 6385922911
5511 6390107291
5512 6394537003
5513 6394806013
5514 6396547699
5515 6400636933
5516 6401394973
5517 6402167381
5518 6402255581
5519 6402599719
5520 6403980703
5521 6404482813
5522 6406269739
5523 6406640291
5524 6408325813
5525 6409673911
5526 6410585803
5527 6412702781
5528 6413199739
5529 6416136191
5530 6416511877
5531 6417376871
5532 6419116181
5533 6419120111
5534 6420255943
5535 6420883603
5536 6423030101
5537 6424699219
5538 6425762503
5539 6427111121
5540 6428402291
5541 6433404491
5542 6436545881
5543 6441987319
5544 6443396629
5545 6443559439
5546 6447409303
5547 6448864853
5548 6450940091
5549 6451500311
5550 6452504381
5551 6454202021
5552 6455635213
5553 6456487909
5554 6459820729
5555 6463652413
5556 6465324703
5557 6466489009
5558 6468385309
5559 6468783589
5560 6468889517
5561 6469969399
5562 6470446513
5563 6479924029
5564 6480543613
5565 6481634503
5566 6482967499
5567 6483082513
5568 6486194873
5569 6495218809
5570 6495445003
5571 6496216819
5572 6496681909
5573 6498095599
5574 6499127419
5575 6499138967
5576 6499751957
5577 6500328943
5578 6501372961
5579 6501789013
5580 6502026221
5581 6502260311
5582 6502811591
5583 6504143953
5584 6505777609
5585 6507955609
5586 6507990851
5587 6509448901
5588 6510004031
5589 6511346381
5590 6511793891
5591 6513611681
5592 6516602291
5593 6516890911
5594 6517304291
5595 6518084891
5596 6518671921
5597 6520290011
5598 6523379809
5599 6525279619
5600 6526775509
5601 6529501091
5602 6532790503
5603 6536943709
5604 6537086719
5605 6542906413
5606 6543059503
5607 6548057539
5608 6551199439
5609 6552739003
5610 6556983947
5611 6559807129
5612 6560646881
5613 6562915819
5614 6563096629
5615 6563576329
5616 6563587853
5617 6563638429
5618 6566706529
5619 6569581699
5620 6571293931
5621 6571764439
5622 6571940839
5623 6573088883
5624 6573300961
5625 6576114613
5626 6578115931
5627 6578432911
5628 6578439499
5629 6581088439
5630 6583875019
5631 6587332303
5632 6588892699
5633 6589660219
5634 6592119739
5635 6592202291
5636 6596327509
5637 6599126329
5638 6604466503
5639 6606682921
5640 6606694519
5641 6607813603
5642 6614300411
5643 6616867967
5644 6617088529
5645 6617639239
5646 6618194203
5647 6619390303
5648 6619609973
5649 6620888873
5650 6624113021
5651 6624852931
5652 6625487419
5653 6626161181
5654 6626561941
5655 6627384619
5656 6627633403
5657 6630698419
5658 6635049829
5659 6637484239
5660 6638044951
5661 6638782699
5662 6639211091
5663 6639318709
5664 6642627881
5665 6643827013
5666 6644347921
5667 6644781439
5668 6645458873
5669 6650225381
5670 6653429203
5671 6653466709
5672 6656556139
5673 6658961689
5674 6659049409
5675 6660089993
5676 6662933911
5677 6663435739
5678 6663459799
5679 6663833203
5680 6668924029
5681 6672930829
5682 6675886099
5683 6676956289
5684 6677562319
5685 6678580039
5686 6679445957
5687 6681922921
5688 6683281303
5689 6685717309
5690 6686172439
5691 6689133947
5692 6694703629
5693 6695336419
5694 6696229129
5695 6696242719
5696 6698947399
5697 6698991527
5698 6699248299
5699 6700205411
5700 6701271877
5701 6702949973
5702 6702968329
5703 6710249713
5704 6710583703
5705 6712256713
5706 6713227181
5707 6714631813
5708 6714746719
5709 6715924921
5710 6716584883
5711 6717564013
5712 6718683319
5713 6720814813
5714 6723513281
5715 6724994599
5716 6725139829
5717 6725828873
5718 6725964799
5719 6728752339
5720 6730386829
5721 6730714091
5722 6737490103
5723 6738889427
5724 6739361861
5725 6740334191
5726 6741143291
5727 6741342281
5728 6742795789
5729 6742876219
5730 6742923881
5731 6744392861
5732 6745145413
5733 6745333603
5734 6745646329
5735 6750765103
5736 6750928609
5737 6754481203
5738 6754643719
5739 6755508103
5740 6758175139
5741 6759540709
5742 6760442081
5743 6761738509
5744 6762915013
5745 6763813921
5746 6765697699
5747 6768224629
5748 6771831881
5749 6772873039
5750 6772954967
5751 6773146213
5752 6773300381
5753 6776794637
5754 6780483851
5755 6780645947
5756 6781010993
5757 6781974109
5758 6783449689
5759 6786749807
5760 6787580689
5761 6789425119
5762 6789765707
5763 6789944537
5764 6790014191
5765 6793712957
5766 6794498089
5767 6796291699
5768 6796775599
5769 6801158713
5770 6801521021
5771 6805195921
5772 6806174941
5773 6806944429
5774 6809038213
5775 6810510221
5776 6810940813
5777 6813687799
5778 6814386619
5779 6816675799
5780 6816873863
5781 6817185103
5782 6817598299
5783 6818779727
5784 6819086873
5785 6820258513
5786 6824192839
5787 6825042281
5788 6829011191
5789 6832373413
5790 6836166901
5791 6836570539
5792 6836825329
5793 6841157891
5794 6841244803
5795 6842226613
5796 6842518213
5797 6844139993
5798 6848782489
5799 6851782519
5800 6854236303
5801 6857517319
5802 6860566519
5803 6862144951
5804 6862505891
5805 6863927689
5806 6864375863
5807 6864725509
5808 6865365319
5809 6867242719
5810 6868668617
5811 6871311191
5812 6873055921
5813 6873174439
5814 6873547129
5815 6874370809
5816 6875196499
5817 6875445229
5818 6876894707
5819 6877533977
5820 6880734439
5821 6881346947
5822 6881850439
5823 6882139339
5824 6883336003
5825 6884331739
5826 6885101803
5827 6885627019
5828 6886820873
5829 6887676527
5830 6890528873
5831 6896005213
5832 6896310881
5833 6897152239
5834 6897304339
5835 6901723963
5836 6902001983
5837 6904063181
5838 6904771729
5839 6904966967
5840 6905030933
5841 6905548519
5842 6906025813
5843 6906723403
5844 6907756853
5845 6908443303
5846 6909108931
5847 6911398883
5848 6911773303
5849 6916133713
5850 6916828129
5851 6917554519
5852 6918191113
5853 6918259897
5854 6919840003
5855 6920449909
5856 6921896957
5857 6924440713
5858 6925281739
5859 6925508539
5860 6925543213
5861 6925586029
5862 6926533921
5863 6926887727
5864 6926900839
5865 6927000961
5866 6928235203
5867 6928730957
5868 6929437699
5869 6929553977
5870 6930332291
5871 6931438303
5872 6931482829
5873 6933452503
5874 6934662103
5875 6935345957
5876 6939626599
5877 6944962699
5878 6946179109
5879 6946783009
5880 6948193309
5881 6948323719
5882 6950591911
5883 6950769019
5884 6952226503
5885 6953359219
5886 6954173203
5887 6954297589
5888 6954927589
5889 6955082203
5890 6955598599
5891 6958114921
5892 6958945727
5893 6959910319
5894 6962023181
5895 6963162403
5896 6963368029
5897 6964181957
5898 6967207339
5899 6968412947
5900 6969640039
5901 6970914103
5902 6975404957
5903 6976778507
5904 6976914947
5905 6977346589
5906 6978755599
5907 6979786127
5908 6981028213
5909 6984578599
5910 6985541509
5911 6985687337
5912 6986558599
5913 6986722129
5914 6991282429
5915 6991345883
5916 6997497407
5917 6998540599
5918 7000812011
5919 7001103521
5920 7001646923
5921 7002483491
5922 7004665181
5923 7006584703
5924 7009804091
5925 7012571971
5926 7018747639
5927 7021915391
5928 7025703943
5929 7026382963
5930 7035711581
5931 7035920291
5932 7038536891
5933 7039926013
5934 7040731981
5935 7041837613
5936 7043729503
5937 7043859103
5938 7045235381
5939 7045313953
5940 7046033591
5941 7046679229
5942 7048639519
5943 7048881709
5944 7050116963
5945 7050778871
5946 7051620311
5947 7052004611
5948 7052894809
5949 7054269829
5950 7055237803
5951 7058981329
5952 7062231131
5953 7065655921
5954 7067395609
5955 7068106963
5956 7069453819
5957 7070856739
5958 7070929909
5959 7071301973
5960 7072113311
5961 7074574729
5962 7074860413
5963 7077734539
5964 7078270513
5965 7078875109
5966 7080803291
5967 7085558509
5968 7087275851
5969 7088625619
5970 7093589119
5971 7094686853
5972 7096413703
5973 7097609899
5974 7098971119
5975 7100125121
5976 7100765923
5977 7101852943
5978 7102025201
5979 7104255581
5980 7107643181
5981 7109000083
5982 7114701311
5983 7115310011
5984 7117253291
5985 7119226813
5986 7120440011
5987 7124667313
5988 7125482713
5989 7126575881
5990 7126676911
5991 7129440973
5992 7130083897
5993 7133286613
5994 7135011901
5995 7137881957
5996 7138801091
5997 7138915639
5998 7140847951
5999 7142064961
6000 7143290923
6001 7145970313
6002 7146031691
6003 7151976947
6004 7152709957
6005 7154519413
6006 7159058861
6007 7159059983
6008 7159785019
6009 7160787901
6010 7160900111
6011 7162174181
6012 7162728739
6013 7165652941
6014 7166466103
6015 7166676799
6016 7166774239
6017 7168691419
6018 7170025691
6019 7172745403
6020 7174536829
6021 7175741941
6022 7180563703
6023 7182480703
6024 7183354513
6025 7183475539
6026 7185329719
6027 7186526861
6028 7186597489
6029 7190305391
6030 7191718921
6031 7197762409
6032 7199948599
6033 7204789973
6034 7204841381
6035 7206585931
6036 7208021231
6037 7212747613
6038 7215237191
6039 7220849981
6040 7220989519
6041 7222809613
6042 7224718951
6043 7224965203
6044 7225879789
6045 7226826403
6046 7227320591
6047 7230842923
6048 7232221511
6049 7233313897
6050 7235112953
6051 7236884873
6052 7237259993
6053 7242480191
6054 7245669889
6055 7246012211
6056 7248468319
6057 7249334839
6058 7250602943
6059 7250983921
6060 7252486729
6061 7253031311
6062 7253061877
6063 7255378883
6064 7256851639
6065 7256961013
6066 7257014381
6067 7257310481
6068 7257658129
6069 7258148957
6070 7258481809
6071 7258708003
6072 7258942003
6073 7260504011
6074 7261953313
6075 7263262091
6076 7264496419
6077 7264969489
6078 7265729329
6079 7267962319
6080 7268360941
6081 7270376413
6082 7272517951
6083 7274780957
6084 7276665139
6085 7279451911
6086 7280449303
6087 7280556403
6088 7282950403
6089 7286584219
6090 7290781639
6091 7292408891
6092 7293190951
6093 7294277509
6094 7295273203
6095 7295273809
6096 7297015951
6097 7300007021
6098 7301048933
6099 7302241511
6100 7304050973
6101 7305056923
6102 7305737839
6103 7308835213
6104 7311551953
6105 7311879013
6106 7314079957
6107 7317869029
6108 7323795439
6109 7324477819
6110 7329529003
6111 7329739897
6112 7330760923
6113 7332515291
6114 7332912281
6115 7338453739
6116 7340800981
6117 7346508931
6118 7346853851
6119 7348061713
6120 7351992103
6121 7353206923
6122 7360006691
6123 7361354713
6124 7363086403
6125 7365260803
6126 7365271951
6127 7367017951
6128 7367191729
6129 7368336901
6130 7370653513
6131 7371086413
6132 7372267921
6133 7372499689
6134 7375369219
6135 7377358129
6136 7378642339
6137 7378659199
6138 7382031011
6139 7384129213
6140 7384246921
6141 7387819399
6142 7389811339
6143 7392535303
6144 7393104281
6145 7395460213
6146 7397235947
6147 7398315709
6148 7400037131
6149 7402078181
6150 7403403221
6151 7403737951
6152 7405439413
6153 7407269113
6154 7408980013
6155 7409397409
6156 7412252591
6157 7413092923
6158 7413788419
6159 7417904839
6160 7417925629
6161 7418237891
6162 7418348957
6163 7418496863
6164 7419177901
6165 7419512081
6166 7421877709
6167 7422018943
6168 7422750281
6169 7423084091
6170 7423382081
6171 7429785499
6172 7432468639
6173 7433738629
6174 7434050111
6175 7435454839
6176 7436148403
6177 7436960203
6178 7439473609
6179 7439694109
6180 7444059919
6181 7445890003
6182 7447614403
6183 7448282957
6184 7449052603
6185 7451551813
6186 7452018191
6187 7454259013
6188 7457251513
6189 7457317639
6190 7459812439
6191 7461832603
6192 7464464911
6193 7467449029
6194 7467515203
6195 7468152313
6196 7469647489
6197 7471764947
6198 7473564013
6199 7474845799
6200 7476399289
6201 7476869537
6202 7477139963
6203 7478407883
6204 7481029939
6205 7482390739
6206 7485828947
6207 7487292919
6208 7487885627
6209 7489723699
6210 7490656339
6211 7493762509
6212 7494712639
6213 7499181229
6214 7502597911
6215 7504873921
6216 7505670703
6217 7507494619
6218 7508600381
6219 7509927977
6220 7513594639
6221 7514959789
6222 7515876139
6223 7516638529
6224 7517462413
6225 7518466883
6226 7519889717
6227 7520965213
6228 7521952513
6229 7523039933
6230 7527244951
6231 7528814911
6232 7532903713
6233 7534780303
6234 7535041933
6235 7539308911
6236 7545536629
6237 7547756119
6238 7548805609
6239 7549797499
6240 7551752839
6241 7552018181
6242 7558286209
6243 7562728609
6244 7571184403
6245 7573864219
6246 7575418003
6247 7578988099
6248 7579206013
6249 7580007973
6250 7580229403
6251 7581170081
6252 7581178519
6253 7581479887
6254 7582376509
6255 7583922851
6256 7584316819
6257 7585609897
6258 7585949599
6259 7586942119
6260 7587032503
6261 7587304639
6262 7589104921
6263 7592481709
6264 7594215931
6265 7594435339
6266 7594572319
6267 7595274139
6268 7618105181
6269 7621838113
6270 7622826829
6271 7623271091
6272 7626743629
6273 7628380303
6274 7630446613
6275 7630547941
6276 7632659239
6277 7633296851
6278 7633359529
6279 7633905739
6280 7634487799
6281 7637254819
6282 7640007581
6283 7640597329
6284 7641093613
6285 7641402943
6286 7644899089
6287 7648351303
6288 7650732703
6289 7655945599
6290 7657442539
6291 7657779707
6292 7657960967
6293 7658387389
6294 7659175967
6295 7661373403
6296 7663032191
6297 7664481529
6298 7665092629
6299 7665806419
6300 7666889507
6301 7669354219
6302 7669777337
6303 7671385429
6304 7675691689
6305 7678721873
6306 7678936099
6307 7679614853
6308 7680566329
6309 7680663439
6310 7680909139
6311 7683081313
6312 7683680509
6313 7685994707
6314 7686090103
6315 7687322809
6316 7691605921
6317 7691709139
6318 7694299189
6319 7694740003
6320 7695583009
6321 7699902499
6322 7701504961
6323 7703179639
6324 7703891203
6325 7706258957
6326 7706738873
6327 7709225413
6328 7709451829
6329 7710143591
6330 7724518639
6331 7726338901
6332 7727097863
6333 7727157103
6334 7727981957
6335 7729275919
6336 7733210591
6337 7734132281
6338 7734432613
6339 7734848119
6340 7738233313
6341 7739115403
6342 7739209003
6343 7740131681
6344 7741999099
6345 7747052503
6346 7747306921
6347 7747807219
6348 7748521639
6349 7748948089
6350 7751760829
6351 7752122381
6352 7753147921
6353 7753971139
6354 7756123951
6355 7756242313
6356 7756881109
6357 7759396637
6358 7760971429
6359 7763841901
6360 7766350303
6361 7768805599
6362 7773020291
6363 7774911103
6364 7775356219
6365 7777137139
6366 7780747129
6367 7782505921
6368 7791719209
6369 7794052639
6370 7794535219
6371 7796514139
6372 7801141031
6373 7802140211
6374 7802902813
6375 7803985309
6376 7805574709
6377 7806708439
6378 7807723639
6379 7809757399
6380 7810705963
6381 7814228941
6382 7814356639
6383 7815458509
6384 7816712941
6385 7820977699
6386 7822000331
6387 7823465539
6388 7824517639
6389 7826826863
6390 7827850609
6391 7828670873
6392 7829217947
6393 7829370529
6394 7831168871
6395 7832838319
6396 7833691339
6397 7834136941
6398 7835058013
6399 7836345947
6400 7840184941
6401 7841071813
6402 7842530081
6403 7842562729
6404 7843295329
6405 7844178319
6406 7844715103
6407 7847344339
6408 7850164951
6409 7851193921
6410 7855764019
6411 7857841853
6412 7858265599
6413 7859421439
6414 7864185863
6415 7864413313
6416 7868660689
6417 7868783717
6418 7869795407
6419 7870840213
6420 7870962409
6421 7872147529
6422 7872385039
6423 7872451819
6424 7873671409
6425 7874836009
6426 7875100813
6427 7875535309
6428 7875694727
6429 7877247019
6430 7881615103
6431 7883265139
6432 7885384489
6433 7887400303
6434 7887601339
6435 7889764607
6436 7891404739
6437 7892184799
6438 7892554699
6439 7893539299
6440 7894893499
6441 7895138029
6442 7896221719
6443 7898149817
6444 7898179517
6445 7899124967
6446 7900322993
6447 7901592739
6448 7906335403
6449 7908718967
6450 7909139509
6451 7910130791
6452 7910796409
6453 7917851509
6454 7918536319
6455 7919049409
6456 7919596099
6457 7921521281
6458 7921938229
6459 7922034973
6460 7922238829
6461 7927243921
6462 7927527799
6463 7928133403
6464 7930040681
6465 7930495883
6466 7931634313
6467 7933241081
6468 7934264203
6469 7934327911
6470 7935030281
6471 7935092629
6472 7936205839
6473 7937368399
6474 7938351013
6475 7940767039
6476 7941933529
6477 7942148861
6478 7943255629
6479 7943890789
6480 7945026931
6481 7948113881
6482 7949967407
6483 7952376139
6484 7952424313
6485 7952673863
6486 7953359209
6487 7955337139
6488 7955382139
6489 7960768489
6490 7964183509
6491 7964275853
6492 7964716789
6493 7967449099
6494 7967478707
6495 7967931947
6496 7967994913
6497 7969221709
6498 7969329827
6499 7970128213
6500 7970271931
6501 7974108529
6502 7975056919
6503 7975593737
6504 7975636489
6505 7978035319
6506 7979121851
6507 7979573599
6508 7979785127
6509 7984185589
6510 7985399299
6511 7986470599
6512 7986803119
6513 7988888893
6514 7990328509
6515 7990870309
6516 7993025539
6517 7997029399
6518 7999303853
6519 8001108431
6520 8001520811
6521 8002742021
6522 8004447973
6523 8005013111
6524 8006939719
6525 8008035943
6526 8009802973
6527 8009908639
6528 8013628813
6529 8013729613
6530 8015446963
6531 8016364963
6532 8017321691
6533 8018664931
6534 8020631963
6535 8021033173
6536 8025216923
6537 8025695957
6538 8025792403
6539 8026710961
6540 8028955003
6541 8029925203
6542 8030974951
6543 8031758503
6544 8032810691
6545 8035204943
6546 8035330691
6547 8035856809
6548 8037876229
6549 8038200311
6550 8039522713
6551 8040715481
6552 8041221073
6553 8043934513
6554 8045969599
6555 8046059503
6556 8047757873
6557 8048197519
6558 8051796947
6559 8052142211
6560 8052732973
6561 8053687003
6562 8054367313
6563 8055952871
6564 8056253081
6565 8057597599
6566 8057781103
6567 8058876019
6568 8060947729
6569 8062718941
6570 8064858229
6571 8064975977
6572 8065402481
6573 8067257203
6574 8067473203
6575 8068654519
6576 8068930871
6577 8069168329
6578 8069476967
6579 8069790977
6580 8071738303
6581 8073044923
6582 8073118091
6583 8076058213
6584 8077144951
6585 8079047629
6586 8080060943
6587 8085283303
6588 8085908329
6589 8087078239
6590 8087085901
6591 8087814439
6592 8088486499
6593 8089768727
6594 8092277861
6595 8093515603
6596 8094876947
6597 8095294003
6598 8095826873
6599 8096327203
6600 8097910819
6601 8098319899
6602 8098472419
6603 8098992289
6604 8102270321
6605 8107541291
6606 8107766809
6607 8112888439
6608 8114176813
6609 8114520991
6610 8115072943
6611 8115670813
6612 8116726951
6613 8119334803
6614 8121050621
6615 8122228481
6616 8122410521
6617 8123098513
6618 8123823973
6619 8128485619
6620 8130358963
6621 8132491963
6622 8137362703
6623 8140969003
6624 8144331011
6625 8148327931
6626 8150884871
6627 8151403121
6628 8154392413
6629 8154639439
6630 8156449429
6631 8156843861
6632 8157223181
6633 8157610963
6634 8158127503
6635 8158157957
6636 8158818229
6637 8160049813
6638 8163839899
6639 8164071281
6640 8167517203
6641 8167923619
6642 8169583967
6643 8169853309
6644 8171779219
6645 8173367861
6646 8174949989
6647 8175190603
6648 8175411281
6649 8176093921
6650 8177114081
6651 8180784947
6652 8182051391
6653 8184718519
6654 8187012973
6655 8188389289
6656 8188872499
6657 8189044921
6658 8192687029
6659 8194232803
6660 8197264003
6661 8197621871
6662 8199893089
6663 8202992503
6664 8204989129
6665 8205723973
6666 8208444613
6667 8211075581
6668 8214319987
6669 8219756239
6670 8223903973
6671 8225940703
6672 8227690819
6673 8228894689
6674 8229461413
6675 8230070231
6676 8230779983
6677 8238333703
6678 8242340591
6679 8250674503
6680 8252978119
6681 8253438313
6682 8254138513
6683 8259752873
6684 8261051681
6685 8262539539
6686 8262845719
6687 8262999799
6688 8263404973
6689 8265313813
6690 8267660809
6691 8267685499
6692 8268460639
6693 8269857199
6694 8270703281
6695 8272851739
6696 8273808901
6697 8274033281
6698 8280628729
6699 8280655819
6700 8287096039
6701 8287705883
6702 8289028519
6703 8289456499
6704 8290110953
6705 8290177871
6706 8290453603
6707 8292299209
6708 8296284229
6709 8297371609
6710 8297394019
6711 8297441629
6712 8299203881
6713 8301449977
6714 8303691703
6715 8304440933
6716 8305411981
6717 8305780603
6718 8307978499
6719 8308104943
6720 8308439539
6721 8308793239
6722 8309597689
6723 8310168281
6724 8314390963
6725 8315927861
6726 8316770503
6727 8316855901
6728 8317543603
6729 8320241231
6730 8322975439
6731 8327390503
6732 8328382819
6733 8330021201
6734 8331027581
6735 8333387809
6736 8334241933
6737 8335756609
6738 8336927509
6739 8343369103
6740 8344827709
6741 8345853013
6742 8346138739
6743 8349912947
6744 8351211991
6745 8351299003
6746 8354482921
6747 8354855419
6748 8354981419
6749 8360345713
6750 8360791213
6751 8361376213
6752 8362917529
6753 8364071081
6754 8366475977
6755 8367935689
6756 8370078403
6757 8374176901
6758 8374461313
6759 8374828309
6760 8376303703
6761 8377908589
6762 8380846003
6763 8381709439
6764 8384217739
6765 8384563609
6766 8385903709
6767 8388748189
6768 8389165129
6769 8390645911
6770 8395386499
6771 8395980589
6772 8396176853
6773 8400754091
6774 8404080943
6775 8404082381
6776 8406367639
6777 8408446213
6778 8408857129
6779 8410283923
6780 8413071943
6781 8414217281
6782 8414376931
6783 8419991119
6784 8421839809
6785 8423629639
6786 8423642081
6787 8424080923
6788 8425382503
6789 8426740603
6790 8427280513
6791 8428265539
6792 8428634861
6793 8430101111
6794 8430124897
6795 8430612877
6796 8430952951
6797 8433638809
6798 8435465113
6799 8438892499
6800 8440992103
6801 8441196931
6802 8442239413
6803 8443020991
6804 8444768957
6805 8450298529
6806 8451784339
6807 8454128941
6808 8454372881
6809 8454782239
6810 8455657219
6811 8456819029
6812 8458239319
6813 8461220111
6814 8461903603
6815 8462138891
6816 8462369329
6817 8462466619
6818 8464927853
6819 8467463509
6820 8468429209
6821 8470466911
6822 8471642941
6823 8473532891
6824 8474678299
6825 8476150951
6826 8479173319
6827 8481942103
6828 8482141813
6829 8482651921
6830 8482735609
6831 8483192719
6832 8483815429
6833 8484820639
6834 8487829699
6835 8487983627
6836 8492710951
6837 8494911619
6838 8496298099
6839 8497027519
6840 8500207943
6841 8503629919
6842 8505073963
6843 8509975489
6844 8511027011
6845 8512026491
6846 8513711923
6847 8514393931
6848 8514543703
6849 8516014933
6850 8518173931
6851 8520361933
6852 8522499863
6853 8527962409
6854 8528029729
6855 8529518419
6856 8529795289
6857 8529916699
6858 8531113691
6859 8532492403
6860 8535657139
6861 8537453629
6862 8538589637
6863 8538731629
6864 8539166239
6865 8540408081
6866 8542755439
6867 8543241191
6868 8544264931
6869 8544961339
6870 8545556329
6871 8545620613
6872 8547338329
6873 8548384853
6874 8548471339
6875 8548994537
6876 8549060941
6877 8551019713
6878 8552735911
6879 8555042803
6880 8556607519
6881 8560893919
6882 8562720703
6883 8563224613
6884 8563383947
6885 8564791853
6886 8565057901
6887 8565118213
6888 8565462947
6889 8569984337
6890 8575889327
6891 8576145709
6892 8576534419
6893 8577471863
6894 8578710013
6895 8581534729
6896 8585452339
6897 8586464119
6898 8586679399
6899 8595923029
6900 8596455947
6901 8596631873
6902 8598810229
6903 8602016993
6904 8604418513
6905 8605459609
6906 8605852729
6907 8606478319
6908 8608808419
6909 8608923619
6910 8611490803
6911 8613561703
6912 8621321993
6913 8621973439
6914 8622825931
6915 8626428851
6916 8626435819
6917 8629377499
6918 8629689527
6919 8630559013
6920 8632392403
6921 8636519509
6922 8639735957
6923 8639808109
6924 8641023491
6925 8643940639
6926 8646463519
6927 8646945589
6928 8651324081
6929 8653935319
6930 8654393329
6931 8654543539
6932 8655646309
6933 8656038901
6934 8659416229
6935 8660081081
6936 8660851729
6937 8662013291
6938 8662716103
6939 8663580529
6940 8663822203
6941 8664315739
6942 8665012963
6943 8666614003
6944 8668254863
6945 8675570873
6946 8676399617
6947 8677427599
6948 8677875707
6949 8679305419
6950 8681307881
6951 8683635409
6952 8683664029
6953 8687655737
6954 8691740203
6955 8692031713
6956 8692617229
6957 8693517229
6958 8693722003
6959 8696412103
6960 8698024883
6961 8699645089
6962 8702962819
6963 8703010331
6964 8703565729
6965 8705718103
6966 8706079003
6967 8706719899
6968 8709850609
6969 8710575931
6970 8712037181
6971 8714537809
6972 8717316931
6973 8717538229
6974 8718143503
6975 8719271629
6976 8720107481
6977 8722915921
6978 8723926339
6979 8726324839
6980 8729006413
6981 8729367019
6982 8732003681
6983 8732812951
6984 8734508203
6985 8734709509
6986 8737313839
6987 8737671863
6988 8738305871
6989 8741395609
6990 8741815213
6991 8741845429
6992 8743093213
6993 8743573519
6994 8745236719
6995 8745862967
6996 8745880789
6997 8746371709
6998 8748078019
6999 8748125629
7000 8750220961
7001 8751437809
7002 8752552213
7003 8758679507
7004 8759099627
7005 8761738967
7006 8763712729
7007 8765220703
7008 8765449009
7009 8768424229
7010 8769745099
7011 8770495039
7012 8773181957
7013 8774926399
7014 8775008629
7015 8777252873
7016 8779153853
7017 8779773617
7018 8780129629
7019 8780809129
7020 8783913139
7021 8784702947
7022 8784929717
7023 8786487707
7024 8788096727
7025 8791064911
7026 8791770409
7027 8792493019
7028 8793420739
7029 8794757537
7030 8800058081
7031 8802564931
7032 8803252813
7033 8807745319
7034 8810313877
7035 8810763881
7036 8813377519
7037 8816066113
7038 8816287699
7039 8819250313
7040 8824851103
7041 8826885737
7042 8828053921
7043 8833230191
7044 8837662219
7045 8839311829
7046 8840830951
7047 8842530703
7048 8842979807
7049 8844951229
7050 8849307139
7051 8851965019
7052 8854347919
7053 8854893737
7054 8857460873
7055 8858073799
7056 8860811891
7057 8861883109
7058 8864043739
7059 8865071629
7060 8865265039
7061 8869467499
7062 8870544103
7063 8871722809
7064 8873164519
7065 8874047239
7066 8877287599
7067 8882776099
7068 8883469099
7069 8885425039
7070 8886126229
7071 8886918499
7072 8887757507
7073 8888645089
7074 8891437967
7075 8892160639
7076 8893624699
7077 8893761109
7078 8894823947
7079 8899071499
7080 8899345727
7081 8900667103
7082 8905415503
7083 8906356883
7084 8906435861
7085 8907546229
7086 8908194409
7087 8914979089
7088 8917436873
7089 8918857699
7090 8922715639
7091 8924615911
7092 8925556039
7093 8926300181
7094 8927421931
7095 8929421861
7096 8932581103
7097 8934902957
7098 8941826329
7099 8946143719
7100 8946553309
7101 8947871389
7102 8949700429
7103 8949747617
7104 8950675039
7105 8951417539
7106 8953284229
7107 8954229139
7108 8957217229
7109 8958390019
7110 8960676019
7111 8960739019
7112 8961642439
7113 8962044313
7114 8966046977
7115 8966957507
7116 8968214873
7117 8970656119
7118 8971628599
7119 8973283699
7120 8975228957
7121 8975367199
7122 8975959873
7123 8976214609
7124 8976218029
7125 8976457099
7126 8983089827
7127 8984042629
7128 8984402957
7129 8984516119
7130 8985222013
7131 8988942437
7132 8992030951
7133 8994791599
7134 8996882507
7135 8999392399
7136 8999553707
7137 9000245963
7138 9002006711
7139 9002146031
7140 9005814973
7141 9005992819
7142 9009851839
7143 9010586803
7144 9011925973
7145 9012759919
7146 9013989889
7147 9014680963
7148 9017291081
7149 9017907403
7150 9019924213
7151 9020209031
7152 9020508011
7153 9025857013
7154 9028079719
7155 9030157481
7156 9033436963
7157 9033947539
7158 9034840181
7159 9035819539
7160 9036873103
7161 9038251091
7162 9040136681
7163 9040440221
7164 9040823381
7165 9044639809
7166 9045257941
7167 9052310321
7168 9053978599
7169 9058339973
7170 9059362303
7171 9060154391
7172 9061307923
7173 9062196881
7174 9062590951
7175 9063266413
7176 9064811803
7177 9066655519
7178 9066954409
7179 9069848299
7180 9069864589
7181 9071677883
7182 9072401953
7183 9072401971
7184 9074714503
7185 9079837399
7186 9080297113
7187 9081896119
7188 9084817883
7189 9085569109
7190 9087722957
7191 9089824039
7192 9091196809
7193 9092519809
7194 9098578189
7195 9100312093
7196 9101047211
7197 9104239181
7198 9104938729
7199 9112679951
7200 9114504943
7201 9115045481
7202 9117995119
7203 9118286539
7204 9120850391
7205 9121038877
7206 9122332981
7207 9129054703
7208 9133230991
7209 9133829951
7210 9134078413
7211 9136299917
7212 9136931941
7213 9138898189
7214 9139342603
7215 9141903191
7216 9143246803
7217 9144926957
7218 9149011481
7219 9151665829
7220 9157974499
7221 9159147947
7222 9159721639
7223 9160921963
7224 9163220993
7225 9165258439
7226 9167348873
7227 9178129973
7228 9178969337
7229 9183996737
7230 9186017839
7231 9187986527
7232 9193067539
7233 9195084529
7234 9196171819
7235 9197002813
7236 9197123839
7237 9199054429
7238 9199191409
7239 9200075953
7240 9200101919
7241 9201085391
7242 9201268091
7243 9202437281
7244 9202735963
7245 9202760381
7246 9203768911
7247 9205874809
7248 9210090991
7249 9212752963
7250 9213674413
7251 9213946921
7252 9214120511
7253 9214274803
7254 9214785529
7255 9216773809
7256 9216796219
7257 9219470839
7258 9222100031
7259 9224105993
7260 9224954719
7261 9224988109
7262 9225066703
7263 9225913513
7264 9229255729
7265 9230617091
7266 9230785639
7267 9233506813
7268 9234823603
7269 9234853819
7270 9235798489
7271 9239255719
7272 9239403703
7273 9239951239
7274 9241004231
7275 9242413391
7276 9243030311
7277 9243059929
7278 9243647719
7279 9244050877
7280 9245344513
7281 9246805303
7282 9247573609
7283 9248291809
7284 9251051111
7285 9251944213
7286 9252267931
7287 9253398863
7288 9253468519
7289 9253876039
7290 9255479119
7291 9255606403
7292 9255626911
7293 9258853039
7294 9260595947
7295 9264384851
7296 9264762439
7297 9265822729
7298 9267388399
7299 9268441921
7300 9270186829
7301 9272321291
7302 9272521963
7303 9272781439
7304 9273048881
7305 9273922921
7306 9275473429
7307 9277279399
7308 9277438967
7309 9277604113
7310 9280954429
7311 9282188329
7312 9283741921
7313 9284124613
7314 9285065539
7315 9285864499
7316 9288640883
7317 9288841909
7318 9289912039
7319 9292066921
7320 9292645339
7321 9292776019
7322 9295978933
7323 9296940409
7324 9299975327
7325 9301323953
7326 9305050031
7327 9306949219
7328 9308148881
7329 9311701897
7330 9313031411
7331 9313428613
7332 9313901291
7333 9313932703
7334 9314992339
7335 9319201391
7336 9321799853
7337 9324696319
7338 9325950313
7339 9327318313
7340 9328173931
7341 9328518439
7342 9332667947
7343 9333788599
7344 9335110781
7345 9336157871
7346 9338319439
7347 9340434281
7348 9340581703
7349 9342600923
7350 9342699109
7351 9345784219
7352 9349935019
7353 9350638303
7354 9356990119
7355 9357227629
7356 9358270871
7357 9358341931
7358 9359046709
7359 9362004923
7360 9362249203
7361 9363667909
7362 9364457873
7363 9367415203
7364 9368443429
7365 9370995019
7366 9371332963
7367 9373468309
7368 9373974499
7369 9376217629
7370 9378035911
7371 9380251091
7372 9381367003
7373 9381567799
7374 9381606931
7375 9382685209
7376 9385069219
7377 9386135719
7378 9387061213
7379 9390527957
7380 9390731503
7381 9391557863
7382 9391779737
7383 9395086219
7384 9395903329
7385 9397812139
7386 9398354029
7387 9400225897
7388 9400938829
7389 9401186803
7390 9404163191
7391 9404487619
7392 9406983919
7393 9407084839
7394 9416225803
7395 9418338851
7396 9419295139
7397 9420686203
7398 9421316291
7399 9423132491
7400 9423658883
7401 9423743503
7402 9425759689
7403 9425896009
7404 9426687019
7405 9433509829
7406 9433625503
7407 9435423703
7408 9436694689
7409 9436941947
7410 9439186129
7411 9439233931
7412 9439435609
7413 9442487419
7414 9443416603
7415 9446790319
7416 9447704719
7417 9448243921
7418 9450982609
7419 9455383519
7420 9455913013
7421 9459038873
7422 9459995507
7423 9460339909
7424 9460373941
7425 9461825957
7426 9464285329
7427 9466491799
7428 9472428103
7429 9473813809
7430 9476880019
7431 9478400413
7432 9480057739
7433 9481793957
7434 9481999939
7435 9482438239
7436 9482733901
7437 9483499189
7438 9485815789
7439 9488119789
7440 9489476089
7441 9490902931
7442 9492989921
7443 9494710639
7444 9495522709
7445 9496495637
7446 9497461219
7447 9503051111
7448 9504040943
7449 9504303581
7450 9505989737
7451 9508009913
7452 9508791139
7453 9512747957
7454 9512792957
7455 9515003591
7456 9515808619
7457 9516855863
7458 9518076851
7459 9519178789
7460 9520318963
7461 9521684957
7462 9521722963
7463 9522229513
7464 9522499309
7465 9525456901
7466 9525480313
7467 9530755921
7468 9532565113
7469 9532747429
7470 9533239213
7471 9536285873
7472 9536519329
7473 9538149139
7474 9540241481
7475 9541849129
7476 9543584873
7477 9546529897
7478 9548380003
7479 9550331381
7480 9551196439
7481 9551825809
7482 9554123713
7483 9554309203
7484 9558933499
7485 9559992707
7486 9565408883
7487 9566764489
7488 9567329689
7489 9567507799
7490 9568256119
7491 9571290881
7492 9577013503
7493 9579150439
7494 9579622309
7495 9579819499
7496 9580738309
7497 9581236871
7498 9582535003
7499 9584095039
7500 9586601809
7501 9589040861
7502 9589695407
7503 9590351839
7504 9590943919
7505 9591153931
7506 9591269599
7507 9591862309
7508 9592071403
7509 9592606003
7510 9593261203
7511 9593599399
7512 9596114113
7513 9596288089
7514 9598577237
7515 9598612909
7516 9599535289
7517 9600681613
7518 9601994239
7519 9603907871
7520 9606169519
7521 9608548853
7522 9610668709
7523 9611055191
7524 9611648861
7525 9611708941
7526 9613663729
7527 9614519539
7528 9615205091
7529 9615456947
7530 9616267519
7531 9616497109
7532 9616568957
7533 9617918599
7534 9623268901
7535 9623428303
7536 9623793139
7537 9625193719
7538 9626136739
7539 9627395599
7540 9627432931
7541 9628886537
7542 9631232381
7543 9632575339
7544 9634266619
7545 9635449699
7546 9637337873
7547 9639061921
7548 9646660003
7549 9648713419
7550 9650087809
7551 9650973229
7552 9652754329
7553 9653239339
7554 9656614609
7555 9658189637
7556 9659130931
7557 9661661539
7558 9663949699
7559 9664614709
7560 9667179737
7561 9669238399
7562 9670671529
7563 9671154739
7564 9672208729
7565 9673154203
7566 9675118339
7567 9676198099
7568 9682617229
7569 9685062619
7570 9686405873
7571 9696039109
7572 9696220213
7573 9696699107
7574 9697919921
7575 9698663089
7576 9700097413
7577 9700494931
7578 9700587851
7579 9702140681
7580 9703837519
7581 9709483219
7582 9709645219
7583 9717063931
7584 9719450809
7585 9719689517
7586 9720197911
7587 9720529729
7588 9723909799
7589 9727480519
7590 9732427871
7591 9734279999
7592 9739289627
7593 9742817239
7594 9743344213
7595 9748412203
7596 9749289499
7597 9749305883
7598 9749920967
7599 9750807439
7600 9750807947
7601 9753045881
7602 9754652329
7603 9756407239
7604 9756427129
7605 9756633977
7606 9763998137
7607 9766066967
7608 9767179637
7609 9768189499
7610 9768207409
7611 9768595399
7612 9771439897
7613 9773181013
7614 9774839717
7615 9775527109
7616 9776036873
7617 9776990537
7618 9777379427
7619 9777720863
7620 9779382737
7621 9782947189
7622 9784106809
7623 9787997819
7624 9789767027
7625 9789770717
7626 9791432957
7627 9793321729
7628 9794820229
7629 9795930019
7630 9800132933
7631 9800872303
7632 9801077413
7633 9801189103
7634 9801235181
7635 9806339509
7636 9807318947
7637 9817290103
7638 9817360921
7639 9817537129
7640 9821933113
7641 9822539329
7642 9824982589
7643 9825524809
7644 9827154947
7645 9827234957
7646 9833871409
7647 9834238339
7648 9834244639
7649 9836919199
7650 9837985427
7651 9838472029
7652 9838817299
7653 9839957923
7654 9842305951
7655 9843263113
7656 9845119003
7657 9846131413
7658 9848625947
7659 9850020581
7660 9851217829
7661 9855022951
7662 9855875599
7663 9856099637
7664 9858087289
7665 9860580619
7666 9861425911
7667 9864702619
7668 9866891717
7669 9867009409
7670 9871180303
7671 9874253509
7672 9875506699
7673 9879861437
7674 9881209339
7675 9882107957
7676 9884848399
7677 9891323203
7678 9903263941
7679 9903488689
7680 9903607639
7681 9907095977
7682 9917150839
7683 9918152203
7684 9921349973
7685 9922159609
7686 9924737209
7687 9931318819
7688 9932277139
7689 9933851509
7690 9934171213
7691 9939349817
7692 9941681419
7693 9941975389
7694 9944392039
7695 9945101713
7696 9950976199
7697 9951513829
7698 9951737209
7699 9952385957
7700 9952635863
7701 9957317119
7702 9959506009
7703 9960065809
7704 9960602891
7705 9962064103
7706 9962547019
7707 9962631013
7708 9965146967
7709 9966475699
7710 9967639931
7711 9968909299
7712 9970610413
7713 9971365909
7714 9972019339
7715 9976492637
7716 9977819893
7717 9978529399
7718 9979249607
7719 9979422589
7720 9980068309
7721 9983916737
7722 9990610871
7723 9990626599
7724 9991264039
7725 9991353139
7726 9995409799
7727 9996306589
7728 9999850607
7729 10001709101
7730 10001876021
7731 10004340611
7732 10009223173
7733 10010419093
7734 10010722919
7735 10012329073
7736 10012703411
7737 10014475781
7738 10015315721
7739 10016331401
7740 10020208483
7741 10020763421
7742 10021071701
7743 10022580983
7744 10023762131
7745 10023853943
7746 10026469091
7747 10027437491
7748 10028236121
7749 10029542993
7750 10030700531
7751 10031557121
7752 10031878963
7753 10033951211
7754 10034728481
7755 10035002773
7756 10035184981
7757 10035958951
7758 10036555391
7759 10038353021
7760 10040021941
7761 10040568961
7762 10043710121
7763 10044302909
7764 10048290943
7765 10048994957
7766 10049985851
7767 10049988139
7768 10050144131
7769 10052039891
7770 10052929091
7771 10054267933
7772 10054483391
7773 10055063411
7774 10056164971
7775 10057451953
7776 10058493703
7777 10059314021
7778 10060907993
7779 10061200873
7780 10061742953
7781 10062078581
7782 10062990191
7783 10063055963
7784 10063876951
7785 10064362211
7786 10064827181
7787 10065138581
7788 10065810791
7789 10069843951
7790 10069960951
7791 10070098391
7792 10071393961
7793 10072888921
7794 10074895921
7795 10076203001
7796 10077886883
7797 10080226001
7798 10080616943
7799 10083442981
7800 10087686013
7801 10088105887
7802 10090951933
7803 10091113121
7804 10092830933
7805 10093655713
7806 10095991303
7807 10096955629
7808 10100359001
7809 10102758877
7810 10103802931
7811 10106484877
7812 10108459987
7813 10112142583
7814 10112360501
7815 10113963961
7816 10116161201
7817 10116231311
7818 10118336887
7819 10121014811
7820 10121566211
7821 10122603193
7822 10125826933
7823 10126150721
7824 10128012131
7825 10129503221
7826 10129518281
7827 10131844781
7828 10134703973
7829 10136941481
7830 10139854951
7831 10141070909
7832 10142482211
7833 10147078091
7834 10147941191
7835 10149504923
7836 10153533791
7837 10156759303
7838 10161561791
7839 10164960973
7840 10165455281
7841 10167425381
7842 10168767709
7843 10169613191
7844 10176787609
7845 10177520021
7846 10181321911
7847 10182385963
7848 10184965729
7849 10187396809
7850 10188845957
7851 10190086391
7852 10191261221
7853 10191833381
7854 10191980713
7855 10193205991
7856 10194334933
7857 10195704973
7858 10196658947
7859 10196807839
7860 10199346739
7861 10199654719
7862 10200285611
7863 10200431939
7864 10201595111
7865 10203996703
7866 10204696091
7867 10207321183
7868 10209032173
7869 10209265481
7870 10210428073
7871 10210490083
7872 10212594011
7873 10213564211
7874 10213836961
7875 10214599513
7876 10215115811
7877 10215712511
7878 10218123101
7879 10218451121
7880 10220350919
7881 10221981491
7882 10223959513
7883 10226248933
7884 10227631121
7885 10233704321
7886 10234392943
7887 10235138887
7888 10237116991
7889 10238234971
7890 10238976947
7891 10240364411
7892 10240394993
7893 10241414021
7894 10242937091
7895 10244129681
7896 10244587513
7897 10245803111
7898 10249766203
7899 10250484961
7900 10250880877
7901 10251491993
7902 10252248491
7903 10253104811
7904 10254840877
7905 10257632381
7906 10259468809
7907 10261486181
7908 10264991413
7909 10269767509
7910 10270572581
7911 10273323131
7912 10276602491
7913 10276662703
7914 10279050581
7915 10280830943
7916 10284018923
7917 10285996219
7918 10286480713
7919 10287400691
7920 10288094503
7921 10288223923
7922 10289419639
7923 10290581381
7924 10294639961
7925 10295516713
7926 10297935103
7927 10301051801
7928 10301637953
7929 10302067511
7930 10303631111
7931 10303731101
7932 10304559281
7933 10307562011
7934 10310804173
7935 10311182173
7936 10312788613
7937 10313187877
7938 10314032321
7939 10314135011
7940 10314151301
7941 10315549091
7942 10318532591
7943 10318563973
7944 10319215691
7945 10319315887
7946 10319360591
7947 10320174611
7948 10322102683
7949 10324204811
7950 10332207073
7951 10336668739
7952 10338138191
7953 10340233921
7954 10344591281
7955 10345998919
7956 10346867957
7957 10347122321
7958 10350015931
7959 10350453991
7960 10351308311
7961 10351535111
7962 10353065993
7963 10353128021
7964 10353316781
7965 10353575081
7966 10355322311
7967 10359661513
7968 10359915403
7969 10365941713
7970 10371356381
7971 10371606491
7972 10371610001
7973 10377993319
7974 10381180031
7975 10384066813
7976 10384213211
7977 10386976129
7978 10390450943
7979 10393323011
7980 10396943911
7981 10398125081
7982 10398287873
7983 10398618103
7984 10398775967
7985 10400400883
7986 10400441383
7987 10401081373
7988 10401692887
7989 10403126911
7990 10403322373
7991 10404111493
7992 10405996729
7993 10406241431
7994 10407207221
7995 10410945581
7996 10414892713
7997 10418324887
7998 10423650311
7999 10425654191
8000 10427010283
8001 10430475943
8002 10431032231
8003 10431483943
8004 10431527591
8005 10432625681
8006 10439775529
8007 10439835313
8008 10439872819
8009 10440229781
8010 10440739987
8011 10441605311
8012 10442403011
8013 10442846081
8014 10444865891
8015 10449150581
8016 10449684013
8017 10450191953
8018 10450221731
8019 10450561943
8020 10450946081
8021 10451118791
8022 10451327993
8023 10454812391
8024 10456105031
8025 10456159939
8026 10459439951
8027 10460364491
8028 10461104021
8029 10462699937
8030 10469561891
8031 10471028591
8032 10472166281
8033 10474694861
8034 10475983883
8035 10477890901
8036 10478999717
8037 10479086539
8038 10480037591
8039 10481559313
8040 10482751963
8041 10483315481
8042 10483871941
8043 10484016581
8044 10484527513
8045 10486952719
8046 10487276809
8047 10487874977
8048 10488372403
8049 10493263181
8050 10494792439
8051 10503152173
8052 10503611201
8053 10508521943
8054 10511489081
8055 10513301321
8056 10513500373
8057 10521573961
8058 10523089813
8059 10525830011
8060 10526996509
8061 10528967873
8062 10529322961
8063 10532364923
8064 10533089803
8065 10533406691
8066 10533655963
8067 10533795313
8068 10534105331
8069 10540209881
8070 10540273981
8071 10541812121
8072 10547492941
8073 10547862739
8074 10549782619
8075 10549961861
8076 10550550953
8077 10551679819
8078 10556727403
8079 10556751703
8080 10558019933
8081 10558230581
8082 10561038581
8083 10561425943
8084 10562241791
8085 10567276729
8086 10569883967
8087 10575829339
8088 10576112681
8089 10581318973
8090 10582658113
8091 10587673003
8092 10587696589
8093 10587979817
8094 10589050963
8095 10590809503
8096 10590882829
8097 10591792639
8098 10596135703
8099 10598724901
8100 10598942509
8101 10599103181
8102 10599187789
8103 10599471013
8104 10600340321
8105 10601215811
8106 10605276973
8107 10606524581
8108 10606943803
8109 10608611681
8110 10609708951
8111 10614004183
8112 10617895339
8113 10618398103
8114 10620712331
8115 10621880923
8116 10622053331
8117 10622427581
8118 10623828613
8119 10623858313
8120 10624882603
8121 10626374081
8122 10630129031
8123 10631901131
8124 10633376713
8125 10633438181
8126 10634988799
8127 10635864829
8128 10636871503
8129 10640821943
8130 10642635973
8131 10644633973
8132 10652827513
8133 10654051981
8134 10655740091
8135 10656599119
8136 10658300111
8137 10659744947
8138 10660906181
8139 10667271613
8140 10673088313
8141 10675228951
8142 10678606303
8143 10679209213
8144 10680552191
8145 10681887319
8146 10682122211
8147 10686133963
8148 10686638873
8149 10688557909
8150 10688630413
8151 10692097921
8152 10692125291
8153 10700429111
8154 10701093791
8155 10701608591
8156 10703938951
8157 10705100501
8158 10706857729
8159 10710077591
8160 10710115721
8161 10710685091
8162 10714073933
8163 10715451491
8164 10717530491
8165 10717543181
8166 10718457931
8167 10719120311
8168 10719529819
8169 10722434993
8170 10722831011
8171 10723846951
8172 10724034221
8173 10725601981
8174 10726889119
8175 10727001101
8176 10728004943
8177 10728357403
8178 10730703791
8179 10731650021
8180 10732410901
8181 10733274281
8182 10736420021
8183 10736927629
8184 10737243191
8185 10737867863
8186 10738166839
8187 10739483539
8188 10740987619
8189 10741205231
8190 10748694863
8191 10750265291
8192 10754359961
8193 10755211031
8194 10756130591
8195 10756654819
8196 10757942203
8197 10759877299
8198 10760062031
8199 10761398911
8200 10762272973
8201 10764501491
8202 10765399907
8203 10768369699
8204 10768658209
8205 10769518429
8206 10769570113
8207 10770063923
8208 10771007021
8209 10773154963
8210 10773891619
8211 10775693419
8212 10775991409
8213 10777147729
8214 10778324891
8215 10780929619
8216 10780965901
8217 10782015581
8218 10785365719
8219 10785383911
8220 10788880699
8221 10790304011
8222 10790847709
8223 10793480839
8224 10798489699
8225 10799322829
8226 10799403313
8227 10800140909
8228 10801322173
8229 10802513411
8230 10807568861
8231 10807839983
8232 10808491513
8233 10808775619
8234 10809269539
8235 10810430531
8236 10811860933
8237 10812370781
8238 10813580923
8239 10814059987
8240 10817593921
8241 10821726191
8242 10824370481
8243 10827298519
8244 10828733941
8245 10828824739
8246 10829429203
8247 10829740951
8248 10831787203
8249 10837010963
8250 10837791529
8251 10838280613
8252 10838726809
8253 10840003921
8254 10840353011
8255 10843289203
8256 10844471713
8257 10844844403
8258 10847369419
8259 10849820413
8260 10849830829
8261 10849906003
8262 10850249803
8263 10855184839
8264 10857487789
8265 10858339003
8266 10860076963
8267 10861013231
8268 10866118951
8269 10869503941
8270 10871617513
8271 10873173613
8272 10873196629
8273 10874597957
8274 10875094729
8275 10877862409
8276 10883120021
8277 10884101933
8278 10884880609
8279 10886549689
8280 10893368509
8281 10893422713
8282 10893905629
8283 10895526619
8284 10895880977
8285 10896149419
8286 10898711539
8287 10899350113
8288 10900192031
8289 10901534591
8290 10901599213
8291 10902148391
8292 10903598809
8293 10904748931
8294 10906320991
8295 10907797699
8296 10908201221
8297 10911565963
8298 10913564803
8299 10914706181
8300 10915348603
8301 10916226281
8302 10916434181
8303 10920349987
8304 10921036897
8305 10924321943
8306 10925584213
8307 10925910973
8308 10926096403
8309 10931082923
8310 10933250971
8311 10934987029
8312 10936131923
8313 10940358703
8314 10941006311
8315 10943574931
8316 10945179439
8317 10945583629
8318 10945932313
8319 10951021331
8320 10951451923
8321 10956551839
8322 10957736329
8323 10958560303
8324 10959109961
8325 10962856609
8326 10963909003
8327 10965388309
8328 10966506403
8329 10966740931
8330 10967964499
8331 10969275409
8332 10969865299
8333 10977422839
8334 10977926689
8335 10980828619
8336 10981350973
8337 10984350613
8338 10984804871
8339 10985952863
8340 10987641103
8341 10991367619
8342 10994826319
8343 10995561851
8344 10997381873
8345 10998159019
8346 10998653599
8347 11000154673
8348 11000856311
8349 11001349511
8350 11001543131
8351 11001611773
8352 11003208311
8353 11006231473
8354 11006397973
8355 11008928713
8356 11009100521
8357 11011570211
8358 11012756021
8359 11013141583
8360 11014896703
8361 11016341111
8362 11018464481
8363 11019456191
8364 11019665803
8365 11022122773
8366 11023082711
8367 11023957963
8368 11024481791
8369 11027184491
8370 11031202901
8371 11032628993
8372 11033817877
8373 11035596703
8374 11036012473
8375 11036784613
8376 11037223331
8377 11037801311
8378 11041205321
8379 11043430921
8380 11045967739
8381 11046779203
8382 11050124411
8383 11052526943
8384 11053153973
8385 11053980191
8386 11055681191
8387 11060514901
8388 11063383481
8389 11064335993
8390 11064336011
8391 11074040993
8392 11074175381
8393 11075988229
8394 11077397113
8395 11079815503
8396 11084945941
8397 11086162391
8398 11088726881
8399 11091337391
8400 11093225021
8401 11094845891
8402 11097562603
8403 11100085093
8404 11102380721
8405 11102714111
8406 11103134831
8407 11105026301
8408 11105720711
8409 11106534953
8410 11110704401
8411 11111192021
8412 11111508521
8413 11113677191
8414 11117075933
8415 11117154221
8416 11117704691
8417 11119131521
8418 11121561901
8419 11122196681
8420 11122957091
8421 11123032919
8422 11123605421
8423 11126907973
8424 11131353901
8425 11132058221
8426 11132952581
8427 11133013511
8428 11133305173
8429 11133528491
8430 11133706897
8431 11136294973
8432 11136551021
8433 11138529613
8434 11138871703
8435 11139212411
8436 11141556011
8437 11142407963
8438 11144987911
8439 11145263021
8440 11145555191
8441 11148467413
8442 11150322193
8443 11150422121
8444 11152211831
8445 11155811971
8446 11158781891
8447 11162899883
8448 11165619923
8449 11167132211
8450 11170141121
8451 11170851491
8452 11171057021
8453 11174329987
8454 11176661803
8455 11178446941
8456 11181776839
8457 11185043993
8458 11187229513
8459 11189883863
8460 11192609933
8461 11192648503
8462 11199634819
8463 11200303949
8464 11200472911
8465 11201620511
8466 11202619781
8467 11203718681
8468 11204070373
8469 11204102711
8470 11204411411
8471 11204770211
8472 11206108421
8473 11208365381
8474 11208382391
8475 11209932191
8476 11215832993
8477 11217822943
8478 11219069977
8479 11219259703
8480 11220063193
8481 11220434083
8482 11221803011
8483 11221932991
8484 11225680391
8485 11226182993
8486 11227121083
8487 11228888329
8488 11229904963
8489 11230591781
8490 11235829939
8491 11240234531
8492 11240235521
8493 11244009131
8494 11246297941
8495 11247127481
8496 11248968229
8497 11250153521
8498 11251298081
8499 11252062511
8500 11256178513
8501 11257561963
8502 11258077951
8503 11259396947
8504 11263530953
8505 11264370581
8506 11268594013
8507 11270363971
8508 11270787739
8509 11271976213
8510 11273421311
8511 11277141923
8512 11279428819
8513 11280128971
8514 11281598539
8515 11283071971
8516 11285239957
8517 11285604191
8518 11290306031
8519 11290406591
8520 11291200031
8521 11291243993
8522 11291244011
8523 11291255291
8524 11291602897
8525 11295820181
8526 11298179509
8527 11299709419
8528 11300694943
8529 11301890953
8530 11304134021
8531 11304360101
8532 11306241521
8533 11306313611
8534 11308004083
8535 11310400721
8536 11310442631
8537 11311152731
8538 11311321573
8539 11311869703
8540 11315033531
8541 11319674941
8542 11329934503
8543 11333475191
8544 11333758603
8545 11334546191
8546 11335899139
8547 11336373281
8548 11341510031
8549 11343618191
8550 11346072011
8551 11346214031
8552 11346940181
8553 11348006953
8554 11348791819
8555 11349041933
8556 11350670021
8557 11350671011
8558 11352532897
8559 11355613481
8560 11357557639
8561 11357945719
8562 11360891081
8563 11361443953
8564 11362967113
8565 11364062993
8566 11368312391
8567 11369007191
8568 11374789897
8569 11375796977
8570 11380310621
8571 11380536281
8572 11383671703
8573 11386813513
8574 11387186203
8575 11388434503
8576 11388962419
8577 11389003933
8578 11389011877
8579 11389257013
8580 11393743951
8581 11394087931
8582 11394172091
8583 11398331713
8584 11399725429
8585 11400270283
8586 11400681311
8587 11401513631
8588 11401643411
8589 11402737391
8590 11405917091
8591 11407366181
8592 11408697851
8593 11408858861
8594 11409189919
8595 11409374803
8596 11410509881
8597 11411040929
8598 11413027421
8599 11413191311
8600 11416173961
8601 11416497881
8602 11420912231
8603 11422029881
8604 11425024511
8605 11425993819
8606 11427175181
8607 11427720923
8608 11428886509
8609 11429119987
8610 11431150301
8611 11431624121
8612 11439288013
8613 11440590943
8614 11441279081
8615 11441723021
8616 11443550021
8617 11448574213
8618 11448775003
8619 11449414091
8620 11451519953
8621 11453475613
8622 11456997589
8623 11460552491
8624 11462370877
8625 11462696719
8626 11463773891
8627 11466784883
8628 11469174403
8629 11469372931
8630 11469813829
8631 11471334943
8632 11471450933
8633 11472161111
8634 11472784303
8635 11475141581
8636 11476210211
8637 11476288339
8638 11476439993
8639 11477387329
8640 11477510381
8641 11481435281
8642 11483259313
8643 11484534613
8644 11484780403
8645 11486148829
8646 11487997637
8647 11489289589
8648 11493460091
8649 11493744403
8650 11496580213
8651 11497665139
8652 11497708609
8653 11503938613
8654 11512437491
8655 11512978303
8656 11513603963
8657 11515066391
8658 11522831953
8659 11525306591
8660 11527638931
8661 11528311121
8662 11528738629
8663 11529110321
8664 11529212953
8665 11529754871
8666 11529870739
8667 11530170611
8668 11532802781
8669 11534957719
8670 11537015681
8671 11537458213
8672 11537681413
8673 11541181121
8674 11542352953
8675 11542746613
8676 11543180953
8677 11547269203
8678 11550281591
8679 11561342591
8680 11567233091
8681 11569222963
8682 11571527081
8683 11573501971
8684 11574829429
8685 11578231813
8686 11579995699
8687 11584963339
8688 11585665519
8689 11586631603
8690 11588571851
8691 11589445429
8692 11594893789
8693 11594967499
8694 11595034963
8695 11595219403
8696 11599032703
8697 11600424431
8698 11600763961
8699 11602705981
8700 11604452681
8701 11608559719
8702 11612345021
8703 11614329281
8704 11619675709
8705 11620410821
8706 11624097703
8707 11624128391
8708 11631200831
8709 11632221011
8710 11634319181
8711 11637472603
8712 11649148921
8713 11650054211
8714 11651052131
8715 11652601897
8716 11660516381
8717 11660782603
8718 11663223491
8719 11664910181
8720 11665235081
8721 11665394809
8722 11668343503
8723 11669078419
8724 11669427013
8725 11673110321
8726 11673361963
8727 11674039913
8728 11676086861
8729 11678937019
8730 11680213031
8731 11681595619
8732 11683846519
8733 11684030591
8734 11688667489
8735 11688807139
8736 11691006581
8737 11691382513
8738 11691962957
8739 11692037803
8740 11697788717
8741 11700160183
8742 11702368091
8743 11705761181
8744 11708230943
8745 11708480803
8746 11708695003
8747 11708754829
8748 11711516111
8749 11711582291
8750 11712111401
8751 11712534923
8752 11713821943
8753 11714749213
8754 11715379213
8755 11715423491
8756 11717080481
8757 11720496703
8758 11726051591
8759 11726772881
8760 11729886947
8761 11732981413
8762 11741400521
8763 11742288403
8764 11742558829
8765 11744252291
8766 11744538881
8767 11745487003
8768 11746596863
8769 11747893309
8770 11749981967
8771 11750621681
8772 11753991103
8773 11755469419
8774 11758962409
8775 11762447941
8776 11763672313
8777 11764113877
8778 11764903603
8779 11768671609
8780 11769167419
8781 11771024021
8782 11773211953
8783 11773292941
8784 11777931901
8785 11780462081
8786 11782512281
8787 11784005381
8788 11784471313
8789 11784667967
8790 11785482619
8791 11786481013
8792 11787804103
8793 11789149219
8794 11794439329
8795 11796428239
8796 11797361861
8797 11800602901
8798 11803388413
8799 11803477603
8800 11804609933
8801 11805643181
8802 11806518613
8803 11808698029
8804 11813759539
8805 11813797609
8806 11813949709
8807 11815740281
8808 11820349987
8809 11821790081
8810 11822080121
8811 11822578819
8812 11828319403
8813 11829075931
8814 11829824911
8815 11831230331
8816 11831558891
8817 11831732923
8818 11836177303
8819 11836450963
8820 11837993957
8821 11838024973
8822 11838605413
8823 11840708713
8824 11844899389
8825 11846394103
8826 11847111961
8827 11852043491
8828 11856123281
8829 11856973129
8830 11858094851
8831 11858203813
8832 11858798599
8833 11858857489
8834 11860467739
8835 11861417713
8836 11862508951
8837 11862786919
8838 11863009181
8839 11863736719
8840 11863765429
8841 11864727709
8842 11866451413
8843 11867964947
8844 11870550281
8845 11871595339
8846 11872571891
8847 11872942303
8848 11874845509
8849 11875494977
8850 11875608947
8851 11878672219
8852 11878819009
8853 11879127947
8854 11879267689
8855 11880694883
8856 11882735861
8857 11883843901
8858 11886404839
8859 11888781109
8860 11890951213
8861 11891685409
8862 11891836609
8863 11893188319
8864 11894193851
8865 11894507539
8866 11897275853
8867 11899371409
8868 11899994923
8869 11900799709
8870 11909018081
8871 11909028613
8872 11909295529
8873 11909835013
8874 11910749839
8875 11911995103
8876 11913159613
8877 11915667947
8878 11916281803
8879 11917840951
8880 11918113391
8881 11919628519
8882 11919918319
8883 11921696113
8884 11923477729
8885 11926766419
8886 11929558789
8887 11930026781
8888 11930102083
8889 11930165381
8890 11931562963
8891 11934500887
8892 11936193403
8893 11938536947
8894 11939715709
8895 11943873947
8896 11946192931
8897 11946873863
8898 11948581429
8899 11950207481
8900 11950488947
8901 11958363103
8902 11958602839
8903 11964346213
8904 11964823921
8905 11965086439
8906 11969044729
8907 11969841319
8908 11971886957
8909 11972357629
8910 11972392871
8911 11975730313
8912 11976675019
8913 11978346977
8914 11982291403
8915 11983792129
8916 11986085239
8917 11986294967
8918 11986337329
8919 11986598599
8920 11988635209
8921 11990492809
8922 11990507839
8923 11995607419
8924 11996862947
8925 11998270883
8926 11999436499
8927 12002185511
8928 12002246621
8929 12007104931
8930 12008471021
8931 12009638803
8932 12010671611
8933 12011320873
8934 12013064711
8935 12014538581
8936 12015046331
8937 12019066933
8938 12019499809
8939 12019841291
8940 12021911201
8941 12023339681
8942 12023524001
8943 12024753491
8944 12028732481
8945 12028858819
8946 12032239031
8947 12033679939
8948 12033853933
8949 12035137031
8950 12037495513
8951 12038022901
8952 12040025909
8953 12040270273
8954 12041104919
8955 12046043231
8956 12054393973
8957 12058311311
8958 12058996129
8959 12060413201
8960 12063091031
8961 12065171887
8962 12070430531
8963 12071316311
8964 12073155011
8965 12074703877
8966 12076604291
8967 12077123111
8968 12078594529
8969 12079510481
8970 12079511291
8971 12080797639
8972 12082912481
8973 12083252887
8974 12083739919
8975 12084616963
8976 12085788139
8977 12093623923
8978 12097807303
8979 12101071511
8980 12101584981
8981 12102615073
8982 12105365021
8983 12109638703
8984 12109867639
8985 12112143821
8986 12112388381
8987 12114634211
8988 12115320221
8989 12118234943
8990 12120040949
8991 12121045031
8992 12121287877
8993 12123503201
8994 12125051021
8995 12126668839
8996 12127054943
8997 12127243781
8998 12127482973
8999 12131580311
9000 12133180421
9001 12133954813
9002 12134372993
9003 12134415791
9004 12136360031
9005 12137029481
9006 12137983303
9007 12138151211
9008 12138514481
9009 12138804191
9010 12143254691
9011 12143898901
9012 12145878947
9013 12146433491
9014 12146526191
9015 12146993539
9016 12147137291
9017 12148128191
9018 12149336081
9019 12151135511
9020 12151681391
9021 12152550791
9022 12152908091
9023 12153202121
9024 12153972613
9025 12155642381
9026 12161394281
9027 12161736973
9028 12162479503
9029 12163227961
9030 12164998309
9031 12167386639
9032 12168223391
9033 12169148503
9034 12169982329
9035 12170701331
9036 12171818081
9037 12173068091
9038 12173669719
9039 12177160481
9040 12178482881
9041 12179495329
9042 12180560681
9043 12182400101
9044 12183132953
9045 12183695203
9046 12183767203
9047 12184223111
9048 12187255603
9049 12188654809
9050 12190126121
9051 12190759961
9052 12191250131
9053 12194028191
9054 12196848799
9055 12197735629
9056 12198465901
9057 12199680439
9058 12201421601
9059 12204731411
9060 12205399513
9061 12206758951
9062 12207466963
9063 12209381291
9064 12211317431
9065 12214826291
9066 12215621321
9067 12216305963
9068 12220328321
9069 12221071921
9070 12221387923
9071 12222376391
9072 12222460973
9073 12223921691
9074 12225192011
9075 12226186963
9076 12226688629
9077 12227144933
9078 12229298911
9079 12229978909
9080 12230628877
9081 12230706991
9082 12232109321
9083 12236868103
9084 12237548891
9085 12238743613
9086 12240620621
9087 12253270781
9088 12256177513
9089 12257204681
9090 12257719961
9091 12257880403
9092 12264487303
9093 12264809929
9094 12265006981
9095 12266001521
9096 12266168503
9097 12266412581
9098 12268280081
9099 12274061971
9100 12276764113
9101 12280765951
9102 12282329933
9103 12283896319
9104 12283994329
9105 12290577829
9106 12291423877
9107 12292878319
9108 12299336719
9109 12300361273
9110 12302121493
9111 12302319131
9112 12302484581
9113 12307509913
9114 12309381191
9115 12311951591
9116 12312699313
9117 12313425991
9118 12315383923
9119 12317557951
9120 12322745381
9121 12324980081
9122 12325221011
9123 12329033021
9124 12330220919
9125 12331322021
9126 12331380791
9127 12337105211
9128 12338331491
9129 12342086923
9130 12342131993
9131 12349746529
9132 12350438291
9133 12350998003
9134 12351223421
9135 12356873629
9136 12359497039
9137 12362771713
9138 12364982911
9139 12366563941
9140 12367949119
9141 12369286519
9142 12371102173
9143 12372212231
9144 12373503943
9145 12376255513
9146 12378497119
9147 12384300953
9148 12384340933
9149 12387685789
9150 12389295409
9151 12389550931
9152 12390092381
9153 12394144963
9154 12400333811
9155 12401086031
9156 12401260031
9157 12401670131
9158 12402648281
9159 12406886809
9160 12412077943
9161 12415884931
9162 12416172943
9163 12417430211
9164 12417720943
9165 12418310321
9166 12418878319
9167 12419403011
9168 12421058971
9169 12421245131
9170 12422319011
9171 12423198703
9172 12424531211
9173 12425442923
9174 12426040001
9175 12427516813
9176 12429731803
9177 12432871963
9178 12432898003
9179 12434047933
9180 12434738413
9181 12436905703
9182 12437241491
9183 12437538829
9184 12438492881
9185 12439165513
9186 12441599113
9187 12441722021
9188 12442290943
9189 12443104511
9190 12449926883
9191 12454085713
9192 12454741181
9193 12455147713
9194 12455333291
9195 12455651713
9196 12455793439
9197 12456196639
9198 12456908861
9199 12457295629
9200 12458483113
9201 12458497967
9202 12459545957
9203 12463598239
9204 12464712191
9205 12466034923
9206 12467520973
9207 12467852629
9208 12468233081
9209 12469432513
9210 12475809529
9211 12477561829
9212 12478884589
9213 12479715851
9214 12480142897
9215 12482424973
9216 12483663403
9217 12485039503
9218 12485465203
9219 12488268409
9220 12494608729
9221 12495631513
9222 12496237213
9223 12496343941
9224 12498005081
9225 12499717309
9226 12500041601
9227 12500180083
9228 12500383897
9229 12502411811
9230 12503651971
9231 12504111283
9232 12504810221
9233 12505796861
9234 12506028961
9235 12508278313
9236 12509299883
9237 12509991947
9238 12511110673
9239 12511179953
9240 12511987819
9241 12514620791
9242 12516141991
9243 12516772603
9244 12520855091
9245 12522041201
9246 12525894947
9247 12526999889
9248 12528385921
9249 12530406221
9250 12530811221
9251 12531724481
9252 12533963891
9253 12534138191
9254 12540889973
9255 12544440943
9256 12545807891
9257 12549165931
9258 12551706191
9259 12551843081
9260 12553404961
9261 12553523923
9262 12555579139
9263 12559427539
9264 12562857529
9265 12563218181
9266 12566807629
9267 12567755419
9268 12568214081
9269 12568317739
9270 12571528513
9271 12573351191
9272 12577376239
9273 12580322933
9274 12581674921
9275 12583330933
9276 12586292629
9277 12586387909
9278 12587364103
9279 12589109993
9280 12591878209
9281 12592587863
9282 12592728901
9283 12595968289
9284 12597165709
9285 12599065519
9286 12599243203
9287 12601614791
9288 12603989899
9289 12604439977
9290 12604459603
9291 12607431877
9292 12610940021
9293 12611083897
9294 12612107411
9295 12612736181
9296 12614040011
9297 12614116121
9298 12614362391
9299 12616070953
9300 12617228081
9301 12617287303
9302 12617990113
9303 12620697403
9304 12621002321
9305 12621507923
9306 12621924191
9307 12630763181
9308 12631013911
9309 12631130173
9310 12636558947
9311 12637951303
9312 12638309503
9313 12642678901
9314 12645628921
9315 12646688209
9316 12647127613
9317 12647392213
9318 12647673901
9319 12649482103
9320 12649557229
9321 12651123311
9322 12653701481
9323 12654593719
9324 12656514613
9325 12658354213
9326 12658798189
9327 12660086713
9328 12660263381
9329 12661450933
9330 12666327829
9331 12666621703
9332 12667480729
9333 12668152951
9334 12670970941
9335 12674482819
9336 12678086873
9337 12679770409
9338 12680807891
9339 12686501081
9340 12689752853
9341 12690395719
9342 12692428729
9343 12693857689
9344 12695830921
9345 12696846499
9346 12698371429
9347 12698415619
9348 12698631013
9349 12700617011
9350 12703334681
9351 12703676891
9352 12706589963
9353 12708196213
9354 12715203791
9355 12715912091
9356 12716758339
9357 12716848429
9358 12717477947
9359 12717777409
9360 12722806181
9361 12724955539
9362 12727285639
9363 12730023073
9364 12731174381
9365 12732139813
9366 12732242993
9367 12734784947
9368 12739368977
9369 12740192923
9370 12742800491
9371 12747761539
9372 12749280881
9373 12749529889
9374 12750439957
9375 12751443281
9376 12752785519
9377 12755553931
9378 12758490529
9379 12761203943
9380 12762489889
9381 12763556203
9382 12764248921
9383 12764648873
9384 12764978299
9385 12765078901
9386 12766313713
9387 12768359599
9388 12770303591
9389 12770485729
9390 12772311961
9391 12779534329
9392 12780026381
9393 12781855003
9394 12782662639
9395 12783210943
9396 12784095619
9397 12785563883
9398 12789826009
9399 12792003491
9400 12798087499
9401 12804240991
9402 12804710993
9403 12807858799
9404 12808318951
9405 12811388413
9406 12813439603
9407 12816657709
9408 12816688309
9409 12816739003
9410 12817402933
9411 12817444513
9412 12817508941
9413 12819477799
9414 12819761113
9415 12821497303
9416 12828882229
9417 12832855729
9418 12833196829
9419 12835861921
9420 12836043973
9421 12838629799
9422 12841886419
9423 12842018381
9424 12842056963
9425 12844503281
9426 12845538103
9427 12849728599
9428 12850888129
9429 12851886977
9430 12853029967
9431 12854135803
9432 12855448429
9433 12855882139
9434 12857371213
9435 12858393319
9436 12861355603
9437 12861365941
9438 12862835957
9439 12866175013
9440 12867812539
9441 12867933409
9442 12869100191
9443 12869803003
9444 12870395809
9445 12871453603
9446 12874829599
9447 12875623921
9448 12878655947
9449 12878870209
9450 12879034871
9451 12886700839
9452 12886806409
9453 12886987427
9454 12888521809
9455 12888699137
9456 12891253951
9457 12893913947
9458 12894342313
9459 12895093429
9460 12899187199
9461 12909168947
9462 12912782503
9463 12919311973
9464 12922431877
9465 12923155963
9466 12927836329
9467 12930441011
9468 12931071961
9469 12935925619
9470 12936940921
9471 12937092313
9472 12938784589
9473 12939948289
9474 12941821181
9475 12942564829
9476 12945989807
9477 12947210923
9478 12951190963
9479 12951445603
9480 12951695873
9481 12953030933
9482 12953652403
9483 12956238709
9484 12956638039
9485 12958337239
9486 12963721513
9487 12963936319
9488 12964795489
9489 12967045921
9490 12969707689
9491 12972667129
9492 12973094203
9493 12974248429
9494 12977061739
9495 12980718529
9496 12980942203
9497 12981024191
9498 12983829589
9499 12984287689
9500 12988114729
9501 12988821319
9502 12992385799
9503 12993083539
9504 12995352901
9505 12997268299
9506 12997422103
9507 13001568011
9508 13002420583
9509 13002805331
9510 13002916781
9511 13008925091
9512 13009002131
9513 13010315231
9514 13012505083
9515 13015582933
9516 13015611901
9517 13017885931
9518 13019178703
9519 13019370011
9520 13019498809
9521 13024943923
9522 13025607011
9523 13027056011
9524 13030315183
9525 13033835923
9526 13035181031
9527 13039567921
9528 13043317897
9529 13043709191
9530 13045073887
9531 13046682703
9532 13048663951
9533 13049583829
9534 13050962923
9535 13051292993
9536 13051293011
9537 13051355111
9538 13051571681
9539 13051842581
9540 13057232021
9541 13066828213
9542 13067071481
9543 13072036981
9544 13079056951
9545 13080110383
9546 13080534491
9547 13081596739
9548 13086339313
9549 13087762213
9550 13089098419
9551 13089584509
9552 13089852103
9553 13090604993
9554 13093486639
9555 13093956851
9556 13094548921
9557 13095134291
9558 13096349719
9559 13097470513
9560 13100110951
9561 13104551321
9562 13120569191
9563 13120952111
9564 13121940791
9565 13122396281
9566 13123388713
9567 13123916381
9568 13125548081
9569 13129848709
9570 13132203193
9571 13135064993
9572 13135120811
9573 13135278703
9574 13139348839
9575 13141164991
9576 13142538973
9577 13142570591
9578 13142690381
9579 13142781191
9580 13143066491
9581 13145315591
9582 13147062491
9583 13155683941
9584 13156250993
9585 13156826941
9586 13158354613
9587 13158784003
9588 13160851481
9589 13164504923
9590 13166875339
9591 13168257313
9592 13169362513
9593 13169381503
9594 13170372491
9595 13170803111
9596 13170967213
9597 13171828951
9598 13172065481
9599 13172196703
9600 13178289799
9601 13179742819
9602 13182769609
9603 13186564819
9604 13187318941
9605 13188294709
9606 13192113131
9607 13194424091
9608 13195709539
9609 13195943539
9610 13196263603
9611 13196299219
9612 13196413091
9613 13200164993
9614 13201206311
9615 13203669613
9616 13206242411
9617 13209777439
9618 13211853877
9619 13212615953
9620 13213821991
9621 13215406121
9622 13215450953
9623 13217332981
9624 13220860691
9625 13221480791
9626 13222356491
9627 13222471211
9628 13223448191
9629 13226189929
9630 13226608963
9631 13228124887
9632 13228557931
9633 13229586947
9634 13231455491
9635 13231600183
9636 13231617011
9637 13234586941
9638 13236351943
9639 13237161011
9640 13238083181
9641 13238585809
9642 13240822943
9643 13240924933
9644 13243993729
9645 13245948619
9646 13255137281
9647 13258399309
9648 13258785977
9649 13258896589
9650 13264650281
9651 13270013531
9652 13271005973
9653 13271569303
9654 13272361481
9655 13273943941
9656 13277341963
9657 13277546911
9658 13278840881
9659 13281905713
9660 13282448941
9661 13282674403
9662 13285779109
9663 13286658863
9664 13286883139
9665 13288840819
9666 13289788727
9667 13290497113
9668 13293155081
9669 13294597219
9670 13301441201
9671 13303923877
9672 13305110293
9673 13305371993
9674 13305897901
9675 13306310021
9676 13307597861
9677 13308241943
9678 13311408311
9679 13314901031
9680 13316465081
9681 13320106183
9682 13320369191
9683 13320498703
9684 13321510031
9685 13323280121
9686 13324821491
9687 13326079513
9688 13327004321
9689 13327233923
9690 13329466303
9691 13330930121
9692 13332054991
9693 13332660491
9694 13335365081
9695 13335951613
9696 13340510021
9697 13341668839
9698 13343299213
9699 13343302421
9700 13344145933
9701 13344156191
9702 13346798029
9703 13348362613
9704 13350622981
9705 13352245391
9706 13354664941
9707 13354828639
9708 13356323291
9709 13357040887
9710 13358236603
9711 13360190933
9712 13363690513
9713 13366539983
9714 13366631713
9715 13367370703
9716 13368198139
9717 13369763873
9718 13371512887
9719 13372865113
9720 13375868119
9721 13376834113
9722 13380639403
9723 13383962629
9724 13387492609
9725 13389561439
9726 13390982719
9727 13396375519
9728 13397238901
9729 13399356409
9730 13399620931
9731 13400341301
9732 13402402031
9733 13403909977
9734 13406283973
9735 13408090391
9736 13410110773
9737 13412140631
9738 13414613591
9739 13417450391
9740 13417587709
9741 13418256613
9742 13420965703
9743 13421125331
9744 13421480021
9745 13424974921
9746 13426052993
9747 13426163381
9748 13427239913
9749 13428399139
9750 13429247891
9751 13430008001
9752 13434391963
9753 13440077381
9754 13443788873
9755 13447197901
9756 13449256819
9757 13450080131
9758 13450468513
9759 13450619803
9760 13452881941
9761 13453809829
9762 13455075703
9763 13455467629
9764 13455964003
9765 13456354603
9766 13460917513
9767 13464029977
9768 13464728957
9769 13464886129
9770 13465131923
9771 13468328911
9772 13471894339
9773 13472874529
9774 13473064181
9775 13477325413
9776 13478484139
9777 13479172639
9778 13481856439
9779 13485641839
9780 13485884029
9781 13488401081
9782 13491594901
9783 13491987589
9784 13494313813
9785 13498537309
9786 13498644139
9787 13498990009
9788 13500734591
9789 13502195381
9790 13502533897
9791 13505356091
9792 13506349603
9793 13510321921
9794 13510562953
9795 13513893931
9796 13514390381
9797 13515720923
9798 13516425973
9799 13518722803
9800 13519137703
9801 13519364839
9802 13519968499
9803 13520320301
9804 13521423221
9805 13522523591
9806 13522683613
9807 13523040101
9808 13524822973
9809 13527377719
9810 13527795409
9811 13531343591
9812 13532421131
9813 13533173923
9814 13534718839
9815 13534846921
9816 13538662213
9817 13550782951
9818 13552314011
9819 13554749419
9820 13555409929
9821 13556068303
9822 13556880851
9823 13557126703
9824 13557499399
9825 13558878737
9826 13560617713
9827 13561202411
9828 13564731703
9829 13564859887
9830 13566950629
9831 13569806329
9832 13571715613
9833 13571741713
9834 13571825941
9835 13572468439
9836 13573030781
9837 13574200691
9838 13575218413
9839 13575233803
9840 13577474873
9841 13577608609
9842 13578089029
9843 13578252829
9844 13578316303
9845 13582772719
9846 13582913503
9847 13583665429
9848 13587721729
9849 13588482977
9850 13589591209
9851 13591683439
9852 13593080803
9853 13593081703
9854 13593321281
9855 13594482851
9856 13594555339
9857 13595151613
9858 13596764119
9859 13597732339
9860 13598266789
9861 13601056897
9862 13603319381
9863 13603424993
9864 13606570963
9865 13606962829
9866 13610830691
9867 13612021301
9868 13613430791
9869 13614516191
9870 13615179971
9871 13616853931
9872 13619192941
9873 13620038111
9874 13620604691
9875 13621550953
9876 13622160221
9877 13623266803
9878 13626226091
9879 13629044081
9880 13634891861
9881 13637582719
9882 13638629509
9883 13639832719
9884 13641867013
9885 13644031691
9886 13645775873
9887 13648466239
9888 13649950609
9889 13651457503
9890 13652358931
9891 13653033943
9892 13653040981
9893 13653105581
9894 13653717313
9895 13659619219
9896 13663097113
9897 13666590709
9898 13668303703
9899 13668403603
9900 13670540381
9901 13674194957
9902 13678037957
9903 13680374891
9904 13682301961
9905 13682609113
9906 13684675853
9907 13685202191
9908 13687615429
9909 13688933029
9910 13689505003
9911 13691300681
9912 13692105281
9913 13692554203
9914 13693943509
9915 13694341513
9916 13694963119
9917 13696507609
9918 13700434031
9919 13700736281
9920 13701513131
9921 13701654191
9922 13704966529
9923 13707332291
9924 13708050491
9925 13710006901
9926 13713001921
9927 13713156973
9928 13718214281
9929 13718357539
9930 13720130621
9931 13720498639
9932 13721030173
9933 13722413993
9934 13722414011
9935 13726719983
9936 13727862013
9937 13732079929
9938 13733595947
9939 13734970213
9940 13735836619
9941 13737284203
9942 13737538519
9943 13738291871
9944 13738821931
9945 13739831719
9946 13740632923
9947 13742341933
9948 13742365603
9949 13742927113
9950 13746555709
9951 13747934419
9952 13749616883
9953 13749825863
9954 13750550291
9955 13751194603
9956 13751294941
9957 13751761951
9958 13759993727
9959 13760351291
9960 13760751703
9961 13760763829
9962 13761376729
9963 13768311703
9964 13771808203
9965 13777553329
9966 13779651139
9967 13780361713
9968 13781100791
9969 13782035713
9970 13786109993
9971 13792495699
9972 13792584977
9973 13794841003
9974 13795790689
9975 13799452039
9976 13800179933
9977 13801225121
9978 13812651973
9979 13813147091
9980 13816426513
9981 13821789889
9982 13822107491
9983 13826590303
9984 13827385609
9985 13827680539
9986 13827739039
9987 13829902213
9988 13832111231
9989 13833893873
9990 13835871103
9991 13838320963
9992 13839119719
9993 13842965509
9994 13846507921
9995 13846983019
9996 13848408103
9997 13848541639
9998 13849454873
9999 13849714429
10000 13852040887
10001 13852413973
10002 13853179429
10003 13853298139
10004 13853464921
10005 13857290203
10006 13857624947
10007 13860140887
10008 13863017803
10009 13863762439
10010 13864566319
10011 13864635013
10012 13874650819
10013 13875980119
10014 13876474039
10015 13876907599
10016 13877210803
10017 13881214091
10018 13882659589
10019 13882772419
10020 13887892189
10021 13890213191
10022 13893806873
10023 13895321941
10024 13897956617
10025 13900136111
10026 13901108887
10027 13903709503
10028 13904297629
10029 13907279963
10030 13908699199
10031 13909229539
10032 13910163877
10033 13910233781
10034 13911795619
10035 13915793509
10036 13915848319
10037 13916355829
10038 13916622613
10039 13919149609
10040 13919468957
10041 13920345281
10042 13921178839
10043 13921553081
10044 13924592113
10045 13924662931
10046 13926093403
10047 13931142877
10048 13934636113
10049 13938209539
10050 13940955103
10051 13942758139
10052 13943992967
10053 13944981977
10054 13945085113
10055 13945485919
10056 13947459989
10057 13948009819
10058 13949329789
10059 13950936529
10060 13951177921
10061 13952167213
10062 13952412281
10063 13953865853
10064 13957929289
10065 13958987327
10066 13959128873
10067 13959144439
10068 13960794409
10069 13962324613
10070 13966317619
10071 13969293109
10072 13969821863
10073 13970934013
10074 13970970529
10075 13972959289
10076 13974485029
10077 13974537229
10078 13975570519
10079 13976849717
10080 13979047853
10081 13979164789
10082 13983542539
10083 13985362883
10084 13988058589
10085 13989343789
10086 13990061081
10087 13992317113
10088 13993513921
10089 13994180719
10090 13994475589
10091 13994540957
10092 13994644039
10093 13997261419
10094 13997790199
10095 14000111893
10096 14009035031
10097 14009401421
10098 14010030731
10099 14011335901
10100 14015137691
10101 14016078191
10102 14017203611
10103 14020853591
10104 14025488413
10105 14026334591
10106 14029041953
10107 14031107911
10108 14032232993
10109 14032233011
10110 14033880281
10111 14036820011
10112 14038256081
10113 14039958409
10114 14040303401
10115 14041254221
10116 14041842011
10117 14042095933
10118 14044900981
10119 14045197951
10120 14046341591
10121 14046467503
10122 14048651081
10123 14049826729
10124 14051474291
10125 14052574181
10126 14054710031
10127 14056002901
10128 14056318181
10129 14058203953
10130 14059267213
10131 14063767639
10132 14065558921
10133 14069134813
10134 14070270131
10135 14072540681
10136 14074499419
10137 14075351923
10138 14079154951
10139 14081130431
10140 14082250943
10141 14082578957
10142 14085488509
10143 14086396003
10144 14087564203
10145 14088903403
10146 14089183921
10147 14089642871
10148 14092684213
10149 14094332381
10150 14095759039
10151 14096970947
10152 14097285947
10153 14102521721
10154 14110314131
10155 14111260211
10156 14112950993
10157 14120521211
10158 14123034521
10159 14124980081
10160 14129938883
10161 14136879409
10162 14137721291
10163 14138858329
10164 14141668951
10165 14146755313
10166 14147420887
10167 14154990881
10168 14157864103
10169 14164118291
10170 14167615951
10171 14173179403
10172 14178723739
10173 14179157203
10174 14181824803
10175 14182936921
10176 14189591239
10177 14189772409
10178 14191833703
10179 14192487619
10180 14192897209
10181 14194185403
10182 14194849789
10183 14195478229
10184 14196354313
10185 14196886009
10186 14199819019
10187 14201157991
10188 14201855923
10189 14202133921
10190 14203003511
10191 14205863713
10192 14206456091
10193 14210754581
10194 14212094681
10195 14212382971
10196 14212485281
10197 14213259913
10198 14215288513
10199 14220004919
10200 14220438923
10201 14220788839
10202 14221112231
10203 14221158943
10204 14221595081
10205 14224324897
10206 14224554973
10207 14226116591
10208 14228349739
10209 14228948329
10210 14231196191
10211 14237481613
10212 14238195739
10213 14238740713
10214 14242149281
10215 14243776639
10216 14244031421
10217 14244500411
10218 14244524923
10219 14245751081
10220 14247384313
10221 14249187947
10222 14251244681
10223 14254615091
10224 14254980881
10225 14263732963
10226 14264709313
10227 14267759599
10228 14268109957
10229 14270346191
10230 14271161591
10231 14271489619
10232 14271604481
10233 14276093413
10234 14276688499
10235 14278193203
10236 14278550941
10237 14278804303
10238 14281210973
10239 14283478609
10240 14283519829
10241 14283549103
10242 14284706413
10243 14284905403
10244 14285937409
10245 14286163603
10246 14287102391
10247 14288538919
10248 14290389709
10249 14290649539
10250 14290682503
10251 14291651081
10252 14292983329
10253 14296702951
10254 14298634429
10255 14299466119
10256 14299510513
10257 14299794737
10258 14301182411
10259 14302042921
10260 14302978303
10261 14304578839
10262 14305704011
10263 14305869103
10264 14309042971
10265 14310666191
10266 14311349291
10267 14311626943
10268 14315852713
10269 14317695013
10270 14318467213
10271 14319119933
10272 14322001511
10273 14326280291
10274 14331769213
10275 14332599709
10276 14335505291
10277 14338195639
10278 14339275729
10279 14339909509
10280 14339959399
10281 14343859609
10282 14343903191
10283 14349194861
10284 14352225011
10285 14354413481
10286 14363287303
10287 14366005481
10288 14366563639
10289 14370141311
10290 14370758719
10291 14371821973
10292 14371866013
10293 14373519739
10294 14376102491
10295 14376165403
10296 14379466039
10297 14386846129
10298 14393185819
10299 14395966489
10300 14397451921
10301 14397745699
10302 14398707977
10303 14409288013
10304 14409809993
10305 14410180331
10306 14411019131
10307 14414767303
10308 14415038291
10309 14416239703
10310 14424003431
10311 14429966209
10312 14432550943
10313 14433789319
10314 14433939529
10315 14438463313
10316 14441742191
10317 14449263403
10318 14454772729
10319 14455115291
10320 14458904539
10321 14459056303
10322 14459299009
10323 14463340391
10324 14469922003
10325 14473152191
10326 14473285639
10327 14478244303
10328 14482535839
10329 14483070191
10330 14484200953
10331 14485842013
10332 14486092213
10333 14489008921
10334 14489493019
10335 14490852829
10336 14490980957
10337 14492337403
10338 14493431081
10339 14496896537
10340 14501022931
10341 14503997509
10342 14504435381
10343 14504477413
10344 14505863413
10345 14505871603
10346 14507495957
10347 14508864901
10348 14511183877
10349 14511741581
10350 14511845713
10351 14512289503
10352 14517285403
10353 14518268113
10354 14518473313
10355 14520875503
10356 14525563513
10357 14528102591
10358 14528601973
10359 14529553921
10360 14530475081
10361 14531473181
10362 14532068713
10363 14533829203
10364 14535918619
10365 14537635729
10366 14540133221
10367 14543038963
10368 14545780303
10369 14546204381
10370 14547260803
10371 14548973119
10372 14549660539
10373 14551974851
10374 14558285509
10375 14558346013
10376 14560060211
10377 14560131791
10378 14560204781
10379 14560206961
10380 14560500953
10381 14561931613
10382 14562481513
10383 14563349993
10384 14565933439
10385 14566133713
10386 14566792129
10387 14568099499
10388 14570767339
10389 14571946429
10390 14573961851
10391 14575644901
10392 14577109639
10393 14577614539
10394 14579655589
10395 14585082829
10396 14587174883
10397 14591671921
10398 14591766799
10399 14591919799
10400 14593200961
10401 14593386229
10402 14594069239
10403 14597589499
10404 14600016611
10405 14602844803
10406 14604544181
10407 14614266703
10408 14617522963
10409 14621731391
10410 14622266081
10411 14622953941
10412 14624794609
10413 14625341923
10414 14628890509
10415 14629677499
10416 14630220901
10417 14633583403
10418 14636026091
10419 14638292957
10420 14638483609
10421 14638873699
10422 14639164303
10423 14640448513
10424 14649810313
10425 14650433381
10426 14652826819
10427 14654509819
10428 14658830861
10429 14659249789
10430 14662679599
10431 14663779489
10432 14663815819
10433 14667563873
10434 14668454239
10435 14671561951
10436 14676854029
10437 14678834119
10438 14683727329
10439 14683847599
10440 14689329019
10441 14689727389
10442 14690555629
10443 14693656129
10444 14694217729
10445 14695079029
10446 14696186209
10447 14697419599
10448 14698458737
10449 14699897027
10450 14702172943
10451 14703477403
10452 14704211411
10453 14705468203
10454 14709990409
10455 14710682803
10456 14712758719
10457 14714320031
10458 14717660413
10459 14718455809
10460 14720032331
10461 14721000193
10462 14722413943
10463 14722986919
10464 14724876863
10465 14726621803
10466 14731535803
10467 14733770413
10468 14734326613
10469 14735107813
10470 14735785219
10471 14737726519
10472 14737835509
10473 14738514313
10474 14738660539
10475 14739790129
10476 14740723181
10477 14741147081
10478 14741992883
10479 14742394819
10480 14747358229
10481 14749348129
10482 14749484599
10483 14751367303
10484 14752085839
10485 14756064931
10486 14763829897
10487 14767722103
10488 14768570419
10489 14768787437
10490 14770740613
10491 14771608871
10492 14771849689
10493 14772183313
10494 14772263413
10495 14773829887
10496 14776207213
10497 14777851853
10498 14779167019
10499 14779381129
10500 14779937089
10501 14782086439
10502 14782904809
10503 14784924799
10504 14785169887
10505 14786652319
10506 14789785337
10507 14790042973
10508 14790607729
10509 14792814851
10510 14793810403
10511 14799152419
10512 14800899973
10513 14806102897
10514 14806427413
10515 14806749319
10516 14807201021
10517 14807318503
10518 14807517313
10519 14810191933
10520 14811096613
10521 14814772729
10522 14816422963
10523 14818833619
10524 14819788189
10525 14823325963
10526 14823729983
10527 14827069003
10528 14828537239
10529 14829472429
10530 14830354963
10531 14831038091
10532 14831334281
10533 14831512933
10534 14832600491
10535 14837162839
10536 14837629039
10537 14838213703
10538 14838924409
10539 14843961529
10540 14847037819
10541 14848536229
10542 14848583209
10543 14849681029
10544 14853049961
10545 14857285789
10546 14862464629
10547 14862950719
10548 14863642921
10549 14864730739
10550 14864961799
10551 14865789707
10552 14869578617
10553 14873670103
10554 14875173619
10555 14876550851
10556 14879273599
10557 14881617529
10558 14882873119
10559 14883235921
10560 14884461103
10561 14885494009
10562 14886562699
10563 14886779507
10564 14892731957
10565 14893447909
10566 14896600871
10567 14897233339
10568 14898460309
10569 14898771289
10570 14901388819
10571 14905793509
10572 14906068213
10573 14906458883
10574 14907685789
10575 14907906529
10576 14909416213
10577 14912131211
10578 14913456881
10579 14914724413
10580 14915904931
10581 14917068619
10582 14917102391
10583 14918507203
10584 14919847399
10585 14922169303
10586 14922419503
10587 14924604703
10588 14925394339
10589 14927232703
10590 14928323941
10591 14929739837
10592 14936000021
10593 14936342503
10594 14938329799
10595 14940567619
10596 14941114933
10597 14942394619
10598 14943654013
10599 14945257339
10600 14948394499
10601 14952256303
10602 14964490609
10603 14968452977
10604 14970517871
10605 14973512891
10606 14973817967
10607 14974515851
10608 14975635039
10609 14975786599
10610 14976526909
10611 14978961737
10612 14979856337
10613 14982237901
10614 14983096967
10615 14992811629
10616 14994589607
10617 14996574737
10618 14997280219
10619 14998036789
10620 15001405721
10621 15003910331
10622 15006130921
10623 15007698103
10624 15012160921
10625 15012270901
10626 15015185291
10627 15015885881
10628 15018208481
10629 15020117621
10630 15023005093
10631 15024970813
10632 15025384181
10633 15026269939
10634 15029914513
10635 15030732221
10636 15035429933
10637 15036029291
10638 15037066813
10639 15040214621
10640 15041273971
10641 15044657839
10642 15049758319
10643 15050238491
10644 15050889013
10645 15055279639
10646 15058453951
10647 15059540803
10648 15060799003
10649 15061819957
10650 15064597003
10651 15065114681
10652 15065695429
10653 15066504281
10654 15072906703
10655 15073132691
10656 15074328613
10657 15074711381
10658 15076567003
10659 15078323081
10660 15078862429
10661 15081543973
10662 15082562713
10663 15084285313
10664 15088063513
10665 15097318871
10666 15097865119
10667 15098751947
10668 15101332811
10669 15101733221
10670 15103402031
10671 15104628191
10672 15107118581
10673 15107455963
10674 15107489629
10675 15110344331
10676 15110710921
10677 15111417791
10678 15114258281
10679 15114623021
10680 15119855911
10681 15121865081
10682 15122987629
10683 15124698709
10684 15125180887
10685 15125405111
10686 15127656931
10687 15130312811
10688 15130739081
10689 15130872973
10690 15131501173
10691 15135474703
10692 15136866947
10693 15137772931
10694 15138982003
10695 15140798203
10696 15140902943
10697 15148557103
10698 15150012401
10699 15153206993
10700 15157328839
10701 15157825303
10702 15158047951
10703 15158279509
10704 15158866967
10705 15161865931
10706 15161948957
10707 15165636881
10708 15166896109
10709 15169735519
10710 15170047933
10711 15171385951
10712 15183030311
10713 15186296239
10714 15186943609
10715 15188886289
10716 15192861403
10717 15193574629
10718 15195096013
10719 15195099917
10720 15198381529
10721 15201528581
10722 15202101583
10723 15202123921
10724 15203006111
10725 15205452877
10726 15205690963
10727 15209872819
10728 15215914963
10729 15216697883
10730 15218393413
10731 15218986967
10732 15220100773
10733 15223410431
10734 15223471391
10735 15228782809
10736 15229423091
10737 15230577613
10738 15231250973
10739 15232593613
10740 15233785921
10741 15235204121
10742 15241235953
10743 15242184281
10744 15243855313
10745 15244538891
10746 15244957883
10747 15245709971
10748 15245938429
10749 15247183951
10750 15249367519
10751 15249392629
10752 15251896609
10753 15252373963
10754 15252560291
10755 15254439919
10756 15255675709
10757 15256201781
10758 15258269899
10759 15260158091
10760 15260519933
10761 15261008591
10762 15264571951
10763 15264856339
10764 15266596129
10765 15266984119
10766 15267318739
10767 15268231091
10768 15273984919
10769 15275298229
10770 15276066931
10771 15280051781
10772 15281452091
10773 15281518951
10774 15282378103
10775 15284314963
10776 15287365339
10777 15287826919
10778 15290196403
10779 15290592739
10780 15296049103
10781 15296250703
10782 15296627509
10783 15298636699
10784 15299440213
10785 15300320831
10786 15304365281
10787 15305833181
10788 15313024973
10789 15315100211
10790 15315650923
10791 15315797509
10792 15317515963
10793 15318450281
10794 15319564303
10795 15319628113
10796 15320854963
10797 15321759403
10798 15321844963
10799 15324239713
10800 15325417813
10801 15326412011
10802 15326413481
10803 15326640191
10804 15326680951
10805 15328881901
10806 15329895499
10807 15334748203
10808 15336524803
10809 15341026781
10810 15348383203
10811 15351239081
10812 15353520491
10813 15353880931
10814 15357815719
10815 15361588003
10816 15362210231
10817 15363942931
10818 15368516539
10819 15370016933
10820 15372679219
10821 15373424081
10822 15377630413
10823 15378225829
10824 15380335181
10825 15382008281
10826 15382492729
10827 15385842947
10828 15391181713
10829 15391801091
10830 15395793947
10831 15400952381
10832 15401410721
10833 15402441953
10834 15404798509
10835 15406106021
10836 15407765809
10837 15408981013
10838 15412316021
10839 15412697957
10840 15415664503
10841 15415881931
10842 15416241877
10843 15422939113
10844 15424696519
10845 15425817881
10846 15428405803
10847 15428765329
10848 15432339613
10849 15432441923
10850 15433039987
10851 15433296313
10852 15435501581
10853 15437129839
10854 15437570503
10855 15442487719
10856 15445805891
10857 15449990029
10858 15450710021
10859 15453559973
10860 15455942539
10861 15456636851
10862 15456987289
10863 15457387219
10864 15457390303
10865 15458680519
10866 15459868189
10867 15461533963
10868 15462104681
10869 15462556639
10870 15464915957
10871 15466095851
10872 15466161703
10873 15467269039
10874 15470932513
10875 15471603281
10876 15471756851
10877 15473160973
10878 15476635883
10879 15477091639
10880 15480804613
10881 15480974419
10882 15485078239
10883 15485472529
10884 15486635509
10885 15488266039
10886 15488928289
10887 15492758599
10888 15495491873
10889 15496671977
10890 15499521619
10891 15500841491
10892 15501097813
10893 15502050101
10894 15502839829
10895 15504241211
10896 15506025011
10897 15506116933
10898 15510469603
10899 15511051001
10900 15513359413
10901 15513766819
10902 15514186951
10903 15515238703
10904 15517489219
10905 15518854339
10906 15519867589
10907 15522929113
10908 15525659329
10909 15526117091
10910 15526510933
10911 15526733503
10912 15527807629
10913 15529590529
10914 15531043211
10915 15536726957
10916 15538244413
10917 15538843003
10918 15539986727
10919 15547667689
10920 15555732931
10921 15555734539
10922 15563546629
10923 15567071413
10924 15575956009
10925 15577012181
10926 15578090113
10927 15581900713
10928 15583468699
10929 15584467039
10930 15584526103
10931 15586761919
10932 15587118947
10933 15588756199
10934 15589116901
10935 15593697199
10936 15594268853
10937 15595090639
10938 15596166799
10939 15600114611
10940 15600308953
10941 15601778719
10942 15603300431
10943 15605810291
10944 15605978029
10945 15606262813
10946 15610574713
10947 15611018021
10948 15612666931
10949 15615087403
10950 15616201031
10951 15617922403
10952 15618748699
10953 15621459313
10954 15621765829
10955 15623937103
10956 15631279819
10957 15631729961
10958 15632666719
10959 15634448911
10960 15634772957
10961 15634826629
10962 15637493873
10963 15637495309
10964 15638540503
10965 15639660709
10966 15640942951
10967 15641331011
10968 15641756629
10969 15642155803
10970 15643212581
10971 15647721931
10972 15650256613
10973 15650693911
10974 15653345891
10975 15653728609
10976 15656296967
10977 15656346103
10978 15656813957
10979 15658582909
10980 15658651339
10981 15659346229
10982 15660547921
10983 15661635739
10984 15662266303
10985 15662397409
10986 15662576239
10987 15663915013
10988 15665747029
10989 15666882499
10990 15667474699
10991 15671476339
10992 15672902503
10993 15673789189
10994 15674483329
10995 15679326799
10996 15682809889
10997 15683508619
10998 15684091729
10999 15684627799
11000 15685519309
11001 15688035947
11002 15693903947
11003 15694091719
11004 15694499089
11005 15694947199
11006 15695626789
11007 15699459499
11008 15700581973
11009 15701811491
11010 15701874739
11011 15703672951
11012 15705733513
11013 15706219957
11014 15708775909
11015 15710782513
11016 15712239703
11017 15712818829
11018 15715180181
11019 15715715941
11020 15716408891
11021 15717088609
11022 15717684319
11023 15718166957
11024 15720463813
11025 15721162481
11026 15727176529
11027 15727578589
11028 15729120191
11029 15729468947
11030 15735571871
11031 15735711613
11032 15735924901
11033 15736470829
11034 15738742609
11035 15739406629
11036 15739443947
11037 15740184613
11038 15741077941
11039 15741079639
11040 15743517739
11041 15744847309
11042 15746829499
11043 15746901829
11044 15749565499
11045 15749656399
11046 15749922319
11047 15750963439
11048 15751123391
11049 15753740941
11050 15754148629
11051 15756778699
11052 15756936499
11053 15759234709
11054 15759662957
11055 15759886427
11056 15759973189
11057 15763606871
11058 15764400191
11059 15770702081
11060 15771054703
11061 15773367139
11062 15775419409
11063 15776071303
11064 15776307901
11065 15776825599
11066 15777033313
11067 15778751689
11068 15778990637
11069 15779597923
11070 15780391639
11071 15781994299
11072 15786521911
11073 15787606129
11074 15790143613
11075 15791455429
11076 15793636129
11077 15796095499
11078 15799586417
11079 15801544963
11080 15803972203
11081 15805807921
11082 15806035963
11083 15808542881
11084 15809950339
11085 15812653603
11086 15814564303
11087 15815464729
11088 15818093861
11089 15819690919
11090 15821280191
11091 15822970213
11092 15824867957
11093 15825052091
11094 15827011933
11095 15828056203
11096 15830083963
11097 15830179639
11098 15830270381
11099 15830458921
11100 15831881809
11101 15832638529
11102 15832944709
11103 15834382639
11104 15836157851
11105 15836253739
11106 15836864689
11107 15839119973
11108 15842377003
11109 15845167003
11110 15848056429
11111 15850461703
11112 15850829419
11113 15854820829
11114 15855736219
11115 15855980029
11116 15862525639
11117 15866580319
11118 15871671103
11119 15873335911
11120 15873365509
11121 15875181709
11122 15875616409
11123 15876994517
11124 15889393699
11125 15893337409
11126 15894161719
11127 15895840039
11128 15895903853
11129 15898398913
11130 15899805737
11131 15904563403
11132 15909755209
11133 15910984003
11134 15911380813
11135 15912630191
11136 15915847039
11137 15915937967
11138 15919444609
11139 15920688799
11140 15923810713
11141 15923938909
11142 15925459789
11143 15928943689
11144 15934199599
11145 15934945129
11146 15935167519
11147 15935917853
11148 15938064529
11149 15941366113
11150 15943991029
11151 15944623921
11152 15946574029
11153 15951309739
11154 15951711613
11155 15952075729
11156 15952303813
11157 15955034839
11158 15956555119
11159 15958336789
11160 15961909699
11161 15962165203
11162 15962732911
11163 15963998327
11164 15964092439
11165 15968487499
11166 15970329709
11167 15974058977
11168 15976797227
11169 15977568499
11170 15979470019
11171 15979483699
11172 15980239609
11173 15980384509
11174 15981043513
11175 15981285977
11176 15983900957
11177 15987264947
11178 15991944109
11179 15992671909
11180 15995635399
11181 15996394699
11182 15997413409
11183 15998503039
11184 15998980337
11185 15999059627
11186 15999441019
11187 16000820083
11188 16000843031
11189 16002624991
11190 16003327211
11191 16003831691
11192 16004044421
11193 16007963891
11194 16008279919
11195 16011954281
11196 16020248021
11197 16021066121
11198 16021187381
11199 16025984539
11200 16029397883
11201 16030299613
11202 16030451963
11203 16034102621
11204 16034847931
11205 16035475513
11206 16041749929
11207 16047854957
11208 16048909973
11209 16051300093
11210 16052803933
11211 16055559529
11212 16056319957
11213 16056773539
11214 16058035963
11215 16060942813
11216 16061112611
11217 16061450681
11218 16061778013
11219 16063776709
11220 16065997489
11221 16066887019
11222 16070270681
11223 16071285613
11224 16073974429
11225 16075525513
11226 16081916941
11227 16082051681
11228 16082266513
11229 16082526613
11230 16086873409
11231 16087194103
11232 16088203091
11233 16089029629
11234 16090619981
11235 16091306381
11236 16092021131
11237 16092132943
11238 16093547203
11239 16096982029
11240 16097174911
11241 16099701829
11242 16100661953
11243 16101554681
11244 16103747081
11245 16108358503
11246 16108475503
11247 16110707933
11248 16111851011
11249 16112844191
11250 16114102031
11251 16114201811
11252 16114291481
11253 16115144953
11254 16120288813
11255 16120993951
11256 16121578951
11257 16121649703
11258 16121769739
11259 16122442943
11260 16122875891
11261 16125214943
11262 16125229903
11263 16128030311
11264 16133413981
11265 16139136613
11266 16139393957
11267 16142335933
11268 16143641291
11269 16146931513
11270 16147566709
11271 16148409313
11272 16148883409
11273 16149689299
11274 16151053981
11275 16152143681
11276 16153348513
11277 16153825603
11278 16154443181
11279 16155092081
11280 16156833313
11281 16157133191
11282 16158748219
11283 16163984509
11284 16164734503
11285 16165201211
11286 16165846429
11287 16167932719
11288 16169477119
11289 16169944309
11290 16170750191
11291 16171030331
11292 16175412973
11293 16175584339
11294 16176137503
11295 16177688299
11296 16178375509
11297 16179154213
11298 16179174439
11299 16181430011
11300 16182202781
11301 16182816931
11302 16188098029
11303 16192575439
11304 16192957699
11305 16196611513
11306 16196834509
11307 16197315881
11308 16199453873
11309 16200721331
11310 16202592191
11311 16204217681
11312 16205258803
11313 16206438613
11314 16206630943
11315 16211979439
11316 16214077091
11317 16217068951
11318 16218548113
11319 16221957403
11320 16222434581
11321 16222598911
11322 16223802943
11323 16228791619
11324 16231314131
11325 16231328923
11326 16235376931
11327 16239949399
11328 16247815921
11329 16249010681
11330 16249037503
11331 16250909929
11332 16252246963
11333 16252532381
11334 16253064973
11335 16255039513
11336 16257724729
11337 16258667209
11338 16266796009
11339 16270795339
11340 16270980931
11341 16271269639
11342 16271458921
11343 16271886977
11344 16272028181
11345 16272234191
11346 16272253181
11347 16273721081
11348 16274349439
11349 16277813911
11350 16281397519
11351 16287253729
11352 16290855103
11353 16290919339
11354 16291618639
11355 16294427957
11356 16294529899
11357 16296239419
11358 16296752239
11359 16300543943
11360 16302649939
11361 16303810031
11362 16305354973
11363 16307499973
11364 16308190813
11365 16308522281
11366 16312807813
11367 16313598709
11368 16318138513
11369 16319040961
11370 16319575609
11371 16320471961
11372 16326587873
11373 16327337839
11374 16327925539
11375 16330545191
11376 16332479993
11377 16332480973
11378 16332864739
11379 16334663941
11380 16336365739
11381 16341689899
11382 16341792881
11383 16348965019
11384 16351459819
11385 16352645891
11386 16358228539
11387 16358319619
11388 16358334931
11389 16360215877
11390 16363013971
11391 16364214973
11392 16367086339
11393 16369814239
11394 16372202591
11395 16379867627
11396 16381691957
11397 16382961103
11398 16384433941
11399 16385586499
11400 16388574947
11401 16388901709
11402 16390276921
11403 16391454829
11404 16393723921
11405 16398446599
11406 16399469089
11407 16400076943
11408 16404326291
11409 16407581891
11410 16408310591
11411 16408483921
11412 16409587699
11413 16411615933
11414 16411901021
11415 16413210521
11416 16414324391
11417 16414496911
11418 16418202877
11419 16419844429
11420 16422301421
11421 16423684213
11422 16423747213
11423 16425236081
11424 16425595883
11425 16426638901
11426 16427140481
11427 16427802613
11428 16432314923
11429 16433770513
11430 16436384203
11431 16438360513
11432 16438531951
11433 16439998517
11434 16441406291
11435 16442264803
11436 16442486719
11437 16445159993
11438 16445576509
11439 16445827883
11440 16451135291
11441 16457093957
11442 16457549887
11443 16460600111
11444 16462687699
11445 16464173503
11446 16470499789
11447 16475148439
11448 16479276109
11449 16480214381
11450 16480466809
11451 16481020781
11452 16481867957
11453 16484478947
11454 16488418967
11455 16488453409
11456 16494412951
11457 16495226203
11458 16496406529
11459 16499203921
11460 16502398303
11461 16506159403
11462 16508728609
11463 16511711971
11464 16511999029
11465 16517197429
11466 16519046503
11467 16519373809
11468 16519612513
11469 16519852883
11470 16521785113
11471 16523396203
11472 16525645303
11473 16528666309
11474 16530579529
11475 16531143581
11476 16535276809
11477 16536086113
11478 16542505813
11479 16543990429
11480 16545431803
11481 16546551313
11482 16550667439
11483 16551796039
11484 16552629619
11485 16553285113
11486 16553862901
11487 16556635429
11488 16557650861
11489 16557694399
11490 16562689489
11491 16564040291
11492 16565880319
11493 16570062281
11494 16570221961
11495 16571277529
11496 16571400491
11497 16572824539
11498 16573160081
11499 16575540829
11500 16576852129
11501 16577363419
11502 16581086911
11503 16583136403
11504 16583560871
11505 16584561709
11506 16587725029
11507 16589115709
11508 16591716709
11509 16595035213
11510 16595811619
11511 16595988317
11512 16597503947
11513 16597773737
11514 16597960009
11515 16598775437
11516 16599845089
11517 16605053923
11518 16606109081
11519 16606199927
11520 16607648873
11521 16608915013
11522 16613678509
11523 16615917947
11524 16620372281
11525 16621433923
11526 16622531291
11527 16624022021
11528 16624693339
11529 16627946119
11530 16628067851
11531 16628508709
11532 16629871967
11533 16631726413
11534 16633966967
11535 16635775853
11536 16641966139
11537 16643087809
11538 16644112481
11539 16646334403
11540 16646378689
11541 16646639599
11542 16648547029
11543 16649599517
11544 16651601381
11545 16653088003
11546 16656434957
11547 16656692029
11548 16658037901
11549 16658315203
11550 16665004963
11551 16666009303
11552 16668150739
11553 16671748039
11554 16673684957
11555 16675263851
11556 16676728489
11557 16679369599
11558 16680691609
11559 16689206329
11560 16692881119
11561 16692887599
11562 16693017881
11563 16695019339
11564 16696911863
11565 16702444813
11566 16702539313
11567 16702985419
11568 16706094403
11569 16709446609
11570 16710008681
11571 16714437829
11572 16715403281
11573 16716719419
11574 16717999399
11575 16718309203
11576 16718693119
11577 16718942329
11578 16719409519
11579 16721257951
11580 16723649963
11581 16725819139
11582 16727286319
11583 16728044941
11584 16733498209
11585 16739318873
11586 16739428039
11587 16742174503
11588 16744209739
11589 16746819589
11590 16750440191
11591 16754634709
11592 16756222603
11593 16756593947
11594 16756839289
11595 16758759707
11596 16761177947
11597 16764362957
11598 16765660339
11599 16766372509
11600 16768304957
11601 16770163951
11602 16774300181
11603 16774628957
11604 16776616309
11605 16777641799
11606 16781446519
11607 16785359389
11608 16786205203
11609 16786710901
11610 16790182921
11611 16791560861
11612 16796273209
11613 16797840019
11614 16801985509
11615 16802205011
11616 16806069013
11617 16808707519
11618 16810629971
11619 16817046881
11620 16819116739
11621 16819495009
11622 16821902803
11623 16823232191
11624 16825346861
11625 16825893499
11626 16826836853
11627 16829309509
11628 16829661319
11629 16830356839
11630 16830750613
11631 16831992977
11632 16832820703
11633 16834195519
11634 16835157439
11635 16836359689
11636 16839212839
11637 16839843947
11638 16839975437
11639 16840174513
11640 16844511703
11641 16847431819
11642 16848990737
11643 16850654911
11644 16850953429
11645 16851459319
11646 16852025713
11647 16852490861
11648 16853274709
11649 16857350539
11650 16858114921
11651 16861737229
11652 16862715619
11653 16874451947
11654 16881623719
11655 16883248219
11656 16883875637
11657 16888062977
11658 16890066709
11659 16890795737
11660 16892650003
11661 16893841967
11662 16903051481
11663 16906633819
11664 16907631739
11665 16907830213
11666 16908174901
11667 16908499099
11668 16912748239
11669 16912773439
11670 16913293921
11671 16914989599
11672 16915009957
11673 16916012923
11674 16916905339
11675 16917678199
11676 16919101963
11677 16919165873
11678 16921143191
11679 16922483861
11680 16924056739
11681 16927282429
11682 16927453429
11683 16932277339
11684 16934628229
11685 16935503891
11686 16936801729
11687 16939503439
11688 16940079529
11689 16940628619
11690 16941101971
11691 16942089319
11692 16943334739
11693 16946125871
11694 16947291139
11695 16947321739
11696 16951728319
11697 16952418103
11698 16953312703
11699 16959104203
11700 16962517609
11701 16965200713
11702 16965944299
11703 16970764309
11704 16975263139
11705 16976352139
11706 16981253911
11707 16981530403
11708 16983034213
11709 16983979099
11710 16985930957
11711 16986773627
11712 16988493527
11713 16991413213
11714 16992934009
11715 16994702509
11716 16996080319
11717 17000833897
11718 17003286973
11719 17003318021
11720 17004524111
11721 17005614961
11722 17006349967
11723 17006579809
11724 17009806951
11725 17010413083
11726 17010949913
11727 17013597313
11728 17017522391
11729 17017955113
11730 17019483829
11731 17020312301
11732 17020863973
11733 17021317981
11734 17021989003
11735 17022413963
11736 17027977129
11737 17028561703
11738 17028908629
11739 17032308011
11740 17033578819
11741 17035122791
11742 17036129713
11743 17039185213
11744 17039276113
11745 17041153211
11746 17043522961
11747 17043773839
11748 17043870703
11749 17044071943
11750 17044758529
11751 17045093081
11752 17045096503
11753 17047358539
11754 17047392403
11755 17049701803
11756 17049864319
11757 17050414781
11758 17050662281
11759 17053339603
11760 17057202923
11761 17058437719
11762 17065967957
11763 17066833639
11764 17068299019
11765 17071006781
11766 17076770957
11767 17078339419
11768 17081678329
11769 17082970871
11770 17088759199
11771 17091105923
11772 17091752413
11773 17092032943
11774 17094155891
11775 17097215413
11776 17098940329
11777 17100092231
11778 17100495281
11779 17101850021
11780 17102301193
11781 17106579709
11782 17106900581
11783 17110998529
11784 17112320021
11785 17112998239
11786 17113515581
11787 17113591181
11788 17113703953
11789 17114012911
11790 17117190281
11791 17118556729
11792 17121002231
11793 17128848409
11794 17131149281
11795 17133755941
11796 17135241581
11797 17139453739
11798 17139768109
11799 17148942947
11800 17153959219
11801 17155942729
11802 17156639509
11803 17161594213
11804 17161806703
11805 17164735639
11806 17164917439
11807 17166879199
11808 17171568619
11809 17172332291
11810 17174316703
11811 17174437921
11812 17175729229
11813 17178645919
11814 17183861861
11815 17183880013
11816 17184124091
11817 17188309609
11818 17189293853
11819 17189367499
11820 17189800871
11821 17191890619
11822 17192649889
11823 17194714871
11824 17197023703
11825 17197592957
11826 17204554963
11827 17210904877
11828 17211320111
11829 17211416993
11830 17211417011
11831 17212572191
11832 17213037943
11833 17215239967
11834 17216593819
11835 17222572181
11836 17223131963
11837 17226224291
11838 17226999289
11839 17227584947
11840 17229988099
11841 17231142991
11842 17231306111
11843 17237549509
11844 17237928977
11845 17242033121
11846 17242413943
11847 17246327503
11848 17246434603
11849 17248508861
11850 17251962313
11851 17252945113
11852 17254999189
11853 17257615303
11854 17258900891
11855 17259074113
11856 17260190923
11857 17260500953
11858 17262376213
11859 17263321391
11860 17268444103
11861 17268811639
11862 17269094873
11863 17269244203
11864 17269419799
11865 17269476019
11866 17271461803
11867 17271575911
11868 17272190713
11869 17272289239
11870 17272531813
11871 17273436403
11872 17274883039
11873 17278085329
11874 17285518339
11875 17285838109
11876 17286091213
11877 17286637789
11878 17287583119
11879 17288895707
11880 17289543863
11881 17299044013
11882 17300024711
11883 17301811781
11884 17301952813
11885 17302150331
11886 17303630681
11887 17307705703
11888 17313045877
11889 17313944839
11890 17315156713
11891 17316866239
11892 17318353513
11893 17321648503
11894 17323857619
11895 17324957239
11896 17326274503
11897 17328443413
11898 17329193957
11899 17329962799
11900 17339760709
11901 17342051021
11902 17354584609
11903 17356813921
11904 17358437329
11905 17359671863
11906 17359687699
11907 17360178739
11908 17363409313
11909 17363771539
11910 17366139983
11911 17369352439
11912 17370219967
11913 17371992919
11914 17372147941
11915 17374036513
11916 17375841013
11917 17378900113
11918 17382166639
11919 17382962329
11920 17384098219
11921 17384243413
11922 17387439109
11923 17392581529
11924 17393644003
11925 17396074519
11926 17396404303
11927 17396747299
11928 17399198599
11929 17399886137
11930 17401276181
11931 17403334933
11932 17407750513
11933 17410482281
11934 17412174973
11935 17412546703
11936 17415575113
11937 17421462973
11938 17423384413
11939 17423836303
11940 17425382941
11941 17425730713
11942 17425914739
11943 17427439339
11944 17429489837
11945 17429780509
11946 17433406181
11947 17435210953
11948 17440996967
11949 17443303391
11950 17445313091
11951 17446944139
11952 17448762319
11953 17449338229
11954 17449456699
11955 17450310221
11956 17451875239
11957 17452199873
11958 17452928239
11959 17456151613
11960 17456819599
11961 17459521921
11962 17460548113
11963 17463197239
11964 17465646409
11965 17467900213
11966 17468096119
11967 17469000973
11968 17471300591
11969 17471928919
11970 17472899089
11971 17475532303
11972 17476800931
11973 17478430639
11974 17483049439
11975 17486839099
11976 17490322181
11977 17491529963
11978 17493021191
11979 17495083429
11980 17495187109
11981 17503117481
11982 17504557729
11983 17505621281
11984 17508777499
11985 17509149103
11986 17511820933
11987 17518964689
11988 17519675119
11989 17519922103
11990 17520560923
11991 17521416973
11992 17523103691
11993 17523193603
11994 17523223391
11995 17523726881
11996 17524097113
11997 17525343613
11998 17526096013
11999 17526294529
12000 17526383911
12001 17528145881
12002 17529151513
12003 17530054481
12004 17530606813
12005 17531368639
12006 17531927911
12007 17532212953
12008 17532673303
12009 17535321281
12010 17536336819
12011 17537384873
12012 17541975229
12013 17544914539
12014 17545175911
12015 17547272203
12016 17548698437
12017 17549149039
12018 17551492639
12019 17551508941
12020 17551963003
12021 17552126803
12022 17554704931
12023 17558748737
12024 17560687789
12025 17561021591
12026 17562384013
12027 17565534439
12028 17565576947
12029 17565809119
12030 17570357719
12031 17571833957
12032 17573673977
12033 17573821729
12034 17576091851
12035 17579106901
12036 17579140213
12037 17580653539
12038 17580753851
12039 17583273901
12040 17583902719
12041 17586165409
12042 17586497627
12043 17587036609
12044 17587735489
12045 17588345119
12046 17588431519
12047 17595250639
12048 17596748599
12049 17597308219
12050 17598523909
12051 17599020403
12052 17599981517
12053 17603168941
12054 17604955883
12055 17605027963
12056 17605200791
12057 17610045491
12058 17612392951
12059 17612960941
12060 17613752941
12061 17614781809
12062 17616294851
12063 17616375709
12064 17616729139
12065 17618052703
12066 17619885737
12067 17622825881
12068 17623607839
12069 17627572003
12070 17634872509
12071 17637870139
12072 17638134403
12073 17638701739
12074 17648553319
12075 17649894527
12076 17649947599
12077 17649985337
12078 17656474309
12079 17657147873
12080 17658117619
12081 17660429993
12082 17661912739
12083 17663289019
12084 17663461213
12085 17667100181
12086 17670622951
12087 17671988627
12088 17672417911
12089 17672761429
12090 17672878099
12091 17673066013
12092 17673632957
12093 17683763957
12094 17683772209
12095 17686982717
12096 17690457919
12097 17692328509
12098 17692546219
12099 17692990009
12100 17694555019
12101 17695106203
12102 17695108883
12103 17706275809
12104 17708933873
12105 17711096941
12106 17712179951
12107 17713645871
12108 17716267003
12109 17722546819
12110 17729578189
12111 17729938727
12112 17733475003
12113 17734958389
12114 17740778119
12115 17744643013
12116 17745371113
12117 17750254513
12118 17750974309
12119 17755931873
12120 17757035911
12121 17763717799
12122 17767088299
12123 17768326789
12124 17771318629
12125 17771774957
12126 17773980019
12127 17775650509
12128 17777042719
12129 17778198437
12130 17790236911
12131 17795665189
12132 17800594921
12133 17806344739
12134 17806487029
12135 17806628509
12136 17807040281
12137 17808906229
12138 17809580419
12139 17810193703
12140 17811273703
12141 17813028703
12142 17813322973
12143 17821133381
12144 17821644881
12145 17822702081
12146 17822952709
12147 17826039013
12148 17826339799
12149 17826585947
12150 17827380947
12151 17830993909
12152 17833182403
12153 17833390639
12154 17834615203
12155 17834689099
12156 17836217957
12157 17836918009
12158 17837535319
12159 17839440529
12160 17842391719
12161 17843312803
12162 17844041713
12163 17846833853
12164 17847128419
12165 17848144883
12166 17851194103
12167 17852543861
12168 17854152829
12169 17856517309
12170 17859558499
12171 17859740599
12172 17860466419
12173 17862719029
12174 17864561419
12175 17865324709
12176 17868463009
12177 17868964427
12178 17869585933
12179 17870119909
12180 17870441503
12181 17872649299
12182 17876105809
12183 17882745499
12184 17883043729
12185 17885505863
12186 17889412909
12187 17889803389
12188 17893048853
12189 17897128009
12190 17900240591
12191 17901237703
12192 17905453729
12193 17907845209
12194 17908164947
12195 17909230513
12196 17911491739
12197 17911937419
12198 17913613951
12199 17914922629
12200 17915081413
12201 17915249329
12202 17917232941
12203 17917366967
12204 17918421931
12205 17922755509
12206 17925317719
12207 17925418883
12208 17927140603
12209 17927250881
12210 17930561503
12211 17932681003
12212 17934147013
12213 17936917399
12214 17949172309
12215 17951833429
12216 17955402931
12217 17956963699
12218 17958394189
12219 17960368967
12220 17960485853
12221 17962024603
12222 17964478099
12223 17968953617
12224 17978530789
12225 17982741229
12226 17983828727
12227 17986980437
12228 17988874217
12229 17992912219
12230 17996618089
12231 18000324011
12232 18000819913
12233 18002899609
12234 18005473181
12235 18007799209
12236 18008054923
12237 18010626877
12238 18011920897
12239 18015289909
12240 18016044581
12241 18017579963
12242 18018773719
12243 18020544961
12244 18020673973
12245 18023122973
12246 18023196703
12247 18023634191
12248 18025595911
12249 18025686439
12250 18027131021
12251 18027688309
12252 18029761639
12253 18029776129
12254 18031352953
12255 18031763081
12256 18036592729
12257 18040698901
12258 18042557839
12259 18043214681
12260 18048921829
12261 18051703391
12262 18053828539
12263 18054476203
12264 18057292639
12265 18057910513
12266 18058436629
12267 18061972871
12268 18063221591
12269 18066507313
12270 18070282963
12271 18074853529
12272 18075475609
12273 18078262819
12274 18078809689
12275 18082915303
12276 18083936873
12277 18084727519
12278 18085338619
12279 18089390419
12280 18089940977
12281 18091675883
12282 18095274619
12283 18096093013
12284 18099991699
12285 18101607943
12286 18102868921
12287 18103013993
12288 18103014011
12289 18104381291
12290 18104629913
12291 18106709839
12292 18113211073
12293 18122126591
12294 18122989309
12295 18130102273
12296 18130413221
12297 18132756403
12298 18133624963
12299 18134146813
12300 18136782901
12301 18138365719
12302 18139087339
12303 18141277951
12304 18142391713
12305 18146924539
12306 18152537839
12307 18153821713
12308 18155844439
12309 18155906203
12310 18157623931
12311 18158754139
12312 18159548689
12313 18164914871
12314 18165366619
12315 18166888099
12316 18173736709
12317 18173967499
12318 18176384329
12319 18176591239
12320 18177817219
12321 18178019809
12322 18178335103
12323 18183102943
12324 18185609963
12325 18187380619
12326 18188739799
12327 18189706039
12328 18190781113
12329 18190790203
12330 18192981319
12331 18193376419
12332 18198207947
12333 18203314691
12334 18204967003
12335 18205281973
12336 18206809213
12337 18209573719
12338 18214312691
12339 18215586947
12340 18216973609
12341 18219413081
12342 18220753181
12343 18229461829
12344 18231619603
12345 18233326091
12346 18238166113
12347 18238494919
12348 18245501381
12349 18249926599
12350 18250697873
12351 18252088639
12352 18260077603
12353 18261142391
12354 18262349993
12355 18262616413
12356 18264795947
12357 18265785589
12358 18267733339
12359 18268803439
12360 18270729013
12361 18273452941
12362 18275832013
12363 18276907699
12364 18277875289
12365 18279393499
12366 18280344703
12367 18282349339
12368 18282392911
12369 18286252819
12370 18288679337
12371 18293781409
12372 18294798499
12373 18296203951
12374 18296496289
12375 18296613947
12376 18300126791
12377 18303296941
12378 18305431481
12379 18308372503
12380 18309975589
12381 18309996737
12382 18310515943
12383 18310920581
12384 18311242981
12385 18313871413
12386 18315440291
12387 18316258871
12388 18317582809
12389 18318125803
12390 18324069919
12391 18328095529
12392 18328096519
12393 18328583239
12394 18328946957
12395 18334802081
12396 18336494873
12397 18338636419
12398 18343944529
12399 18344291503
12400 18344565901
12401 18346989707
12402 18349277689
12403 18350606713
12404 18356566853
12405 18357809689
12406 18358637599
12407 18360768799
12408 18361853957
12409 18364941709
12410 18365717239
12411 18367624003
12412 18368434429
12413 18371285957
12414 18382605403
12415 18383155729
12416 18388271329
12417 18388863737
12418 18393102191
12419 18393303703
12420 18397731409
12421 18397891727
12422 18401254481
12423 18405706951
12424 18405895789
12425 18405934303
12426 18406491881
12427 18410422691
12428 18413432381
12429 18413507803
12430 18419930629
12431 18420093281
12432 18423033961
12433 18425648239
12434 18426902941
12435 18427721891
12436 18427728229
12437 18428960873
12438 18430617703
12439 18430867519
12440 18435752911
12441 18436803313
12442 18443771719
12443 18448849099
12444 18452988199
12445 18453355303
12446 18454257439
12447 18454347529
12448 18455919589
12449 18457152313
12450 18459342851
12451 18460465819
12452 18460792429
12453 18460863013
12454 18461753911
12455 18473915329
12456 18473923883
12457 18474636919
12458 18475978427
12459 18476379737
12460 18476868437
12461 18480293539
12462 18482435809
12463 18489143419
12464 18496604509
12465 18498568399
12466 18503190281
12467 18506794853
12468 18508266709
12469 18508476229
12470 18508567309
12471 18508745873
12472 18510074291
12473 18513739609
12474 18516021943
12475 18517429429
12476 18521293951
12477 18522108973
12478 18522414973
12479 18523455403
12480 18526706113
12481 18527821303
12482 18528570103
12483 18530150021
12484 18532842403
12485 18534950113
12486 18539433529
12487 18541726871
12488 18542205973
12489 18544158851
12490 18549107719
12491 18549600739
12492 18550726819
12493 18550727203
12494 18554727409
12495 18554815519
12496 18558143861
12497 18558954199
12498 18559156219
12499 18560068213
12500 18561336931
12501 18561869299
12502 18565316719
12503 18570924709
12504 18573943699
12505 18576767717
12506 18581138809
12507 18581907977
12508 18587015203
12509 18590173639
12510 18591511513
12511 18591839837
12512 18592442629
12513 18597105619
12514 18602300963
12515 18606288139
12516 18606617203
12517 18613561513
12518 18613941403
12519 18616214713
12520 18619393789
12521 18619892299
12522 18624734809
12523 18630702191
12524 18633023291
12525 18634290739
12526 18636571003
12527 18637244809
12528 18637464799
12529 18638977517
12530 18640320581
12531 18642065891
12532 18644705539
12533 18644919989
12534 18644950609
12535 18645309439
12536 18649272409
12537 18650835103
12538 18652650829
12539 18654187967
12540 18657526309
12541 18663264947
12542 18664519309
12543 18664541113
12544 18664671139
12545 18665978237
12546 18667430629
12547 18669457637
12548 18669694517
12549 18673618129
12550 18674844109
12551 18675262429
12552 18676516967
12553 18677989861
12554 18678399317
12555 18682528699
12556 18683570239
12557 18684757699
12558 18685789217
12559 18688421239
12560 18689093299
12561 18692375957
12562 18692633873
12563 18693480977
12564 18696198707
12565 18703566103
12566 18711477013
12567 18715526911
12568 18717310813
12569 18717720313
12570 18719675389
12571 18721609639
12572 18722546809
12573 18727160839
12574 18731164951
12575 18732738319
12576 18732860957
12577 18734191921
12578 18734992489
12579 18735737957
12580 18735808219
12581 18736738399
12582 18737236519
12583 18740835901
12584 18742412081
12585 18743167609
12586 18749946437
12587 18754240513
12588 18754293139
12589 18754317013
12590 18754698437
12591 18756703883
12592 18759426019
12593 18761344639
12594 18761470729
12595 18767665699
12596 18771539029
12597 18772390883
12598 18772903609
12599 18774913699
12600 18776331103
12601 18777030313
12602 18777916637
12603 18778541209
12604 18780279589
12605 18780383239
12606 18783008957
12607 18783349489
12608 18789901399
12609 18791173003
12610 18792163339
12611 18793231819
12612 18797861627
12613 18798464717
12614 18799609399
12615 18800735413
12616 18805454809
12617 18808236947
12618 18809523013
12619 18810042961
12620 18810925921
12621 18814822921
12622 18820300691
12623 18824515921
12624 18824587489
12625 18825441829
12626 18826033951
12627 18826063639
12628 18827940919
12629 18833750539
12630 18834212713
12631 18835159309
12632 18835470529
12633 18835612819
12634 18836828299
12635 18837153103
12636 18837941599
12637 18838689407
12638 18839461789
12639 18840762439
12640 18841637509
12641 18845080871
12642 18845448109
12643 18849046039
12644 18851741539
12645 18858193009
12646 18859090909
12647 18861565039
12648 18862386019
12649 18866627389
12650 18866767427
12651 18868041529
12652 18869005429
12653 18869694317
12654 18871015951
12655 18872844019
12656 18874215901
12657 18874619389
12658 18879916607
12659 18883421957
12660 18890787437
12661 18891390799
12662 18892688923
12663 18900755911
12664 18905010491
12665 18905342503
12666 18909370429
12667 18913188799
12668 18913708609
12669 18916949089
12670 18919491109
12671 18920374639
12672 18922141813
12673 18922193113
12674 18922774309
12675 18924555799
12676 18929806009
12677 18930152081
12678 18932736139
12679 18934490873
12680 18934718119
12681 18938131819
12682 18938303957
12683 18939885137
12684 18940327729
12685 18940389109
12686 18943956737
12687 18947193589
12688 18955441339
12689 18956045873
12690 18957721039
12691 18960251941
12692 18961551013
12693 18963172883
12694 18969348499
12695 18972105403
12696 18973091419
12697 18973516129
12698 18974656699
12699 18976752737
12700 18978777017
12701 18980494009
12702 18981257599
12703 18981334429
12704 18982932109
12705 18984291019
12706 18991976923
12707 18996002719
12708 18998361737
12709 19001493281
12710 19003440991
12711 19009511291
12712 19009744213
12713 19009889299
12714 19019200691
12715 19022549981
12716 19029492103
12717 19032434923
12718 19032443291
12719 19034534081
12720 19034923951
12721 19037242963
12722 19040198413
12723 19041323591
12724 19042501691
12725 19042699789
12726 19044395203
12727 19051537513
12728 19056767689
12729 19058319103
12730 19058401963
12731 19058828119
12732 19061685947
12733 19062877219
12734 19064723891
12735 19066616809
12736 19067544103
12737 19068670609
12738 19073710091
12739 19078299199
12740 19079306629
12741 19081478239
12742 19087455319
12743 19089171529
12744 19089711947
12745 19090178113
12746 19090501481
12747 19091845519
12748 19092564709
12749 19093257619
12750 19096803013
12751 19097174419
12752 19097947727
12753 19098108013
12754 19105700111
12755 19108353613
12756 19108455739
12757 19111921481
12758 19112331221
12759 19119199907
12760 19123215961
12761 19123938709
12762 19127516413
12763 19128754339
12764 19137598009
12765 19138168883
12766 19140469819
12767 19140652963
12768 19142126291
12769 19142201411
12770 19142777509
12771 19147316891
12772 19149820639
12773 19152329981
12774 19152339919
12775 19153115291
12776 19153695139
12777 19157635429
12778 19160853931
12779 19162349993
12780 19163544931
12781 19170880639
12782 19171893799
12783 19172143181
12784 19173653113
12785 19174658119
12786 19177990399
12787 19179085967
12788 19179342439
12789 19179841129
12790 19181444413
12791 19182607303
12792 19184343931
12793 19185251413
12794 19186324303
12795 19186550629
12796 19189418957
12797 19191729229
12798 19192219213
12799 19192648039
12800 19197404113
12801 19197722419
12802 19198418599
12803 19198425409
12804 19198733209
12805 19199978207
12806 19200346933
12807 19201919413
12808 19204529413
12809 19205766851
12810 19207312391
12811 19209199853
12812 19209287239
12813 19210084391
12814 19214339839
12815 19215698209
12816 19215834881
12817 19216035191
12818 19216058413
12819 19217784977
12820 19221062681
12821 19222142591
12822 19225739419
12823 19228615639
12824 19229147957
12825 19235178901
12826 19240747303
12827 19244314963
12828 19244941213
12829 19245488029
12830 19246751809
12831 19246935863
12832 19247098789
12833 19248807139
12834 19251871871
12835 19252379329
12836 19252600481
12837 19252803613
12838 19252979299
12839 19254314081
12840 19254906529
12841 19260303581
12842 19261322923
12843 19265356003
12844 19267713947
12845 19269238039
12846 19270408603
12847 19271178439
12848 19271435941
12849 19271673013
12850 19273085203
12851 19273867009
12852 19274068339
12853 19274640313
12854 19275563239
12855 19279361509
12856 19280564861
12857 19280905871
12858 19281156403
12859 19281482719
12860 19287383029
12861 19291248103
12862 19291795489
12863 19293060613
12864 19294363003
12865 19294462339
12866 19294733509
12867 19295502829
12868 19297318129
12869 19301104331
12870 19305862819
12871 19309602703
12872 19310423887
12873 19314441973
12874 19315953851
12875 19317555013
12876 19319197039
12877 19319906509
12878 19321451381
12879 19321456951
12880 19325162081
12881 19326831313
12882 19327194013
12883 19332507703
12884 19333777219
12885 19336033813
12886 19336152613
12887 19336463957
12888 19337833429
12889 19338806419
12890 19339059139
12891 19342104581
12892 19342918883
12893 19345757209
12894 19346504941
12895 19348726699
12896 19349280103
12897 19350234191
12898 19351042481
12899 19351657519
12900 19355400973
12901 19355639999
12902 19356055871
12903 19357534883
12904 19358018629
12905 19360762639
12906 19361607931
12907 19363873853
12908 19364989607
12909 19373727319
12910 19375170931
12911 19375191529
12912 19375307911
12913 19378320881
12914 19382667947
12915 19394170871
12916 19395021703
12917 19395059209
12918 19395831863
12919 19396530529
12920 19396689821
12921 19397361229
12922 19397532229
12923 19398678199
12924 19400007131
12925 19402223681
12926 19403221121
12927 19408268419
12928 19409239519
12929 19411816951
12930 19414806403
12931 19429370539
12932 19430958863
12933 19432961957
12934 19433582719
12935 19434692509
12936 19435380931
12937 19435845409
12938 19438176319
12939 19440908911
12940 19443931303
12941 19445627419
12942 19449350719
12943 19450875319
12944 19452173413
12945 19454337103
12946 19455481519
12947 19459011613
12948 19459514419
12949 19460603081
12950 19460690957
12951 19464584119
12952 19467270103
12953 19467284209
12954 19468117429
12955 19469838499
12956 19470899627
12957 19472544439
12958 19474873489
12959 19476028339
12960 19477264129
12961 19477502113
12962 19477631419
12963 19480753609
12964 19481418013
12965 19482796189
12966 19487499407
12967 19494668717
12968 19496236853
12969 19498426489
12970 19498692617
12971 19498919327
12972 19501699907
12973 19502128813
12974 19503779887
12975 19504568329
12976 19511877863
12977 19515469219
12978 19515771529
12979 19519224313
12980 19520589889
12981 19522418413
12982 19523572213
12983 19523807113
12984 19526386909
12985 19527437239
12986 19527913519
12987 19533627947
12988 19535815609
12989 19541602963
12990 19542595129
12991 19543929989
12992 19546680319
12993 19554078139
12994 19558671589
12995 19562451313
12996 19563972499
12997 19567988117
12998 19568877137
12999 19572065957
13000 19573755589
13001 19577782099
13002 19578550909
13003 19579215863
13004 19579704019
13005 19581074911
13006 19586239009
13007 19595761489
13008 19597763089
13009 19599227299
13010 19600364803
13011 19602914413
13012 19605707203
13013 19607139529
13014 19607828599
13015 19614210943
13016 19614311923
13017 19614390881
13018 19618526509
13019 19622395003
13020 19626238339
13021 19626459109
13022 19628020963
13023 19628362003
13024 19631693509
13025 19633248013
13026 19636168039
13027 19637081809
13028 19640756329
13029 19641981319
13030 19646559799
13031 19653446419
13032 19653774499
13033 19656516977
13034 19659134329
13035 19660147921
13036 19661516113
13037 19664820103
13038 19664957089
13039 19666511911
13040 19667520013
13041 19669765337
13042 19670354629
13043 19672329409
13044 19672820861
13045 19676164853
13046 19680317809
13047 19681799507
13048 19683203941
13049 19684967327
13050 19686270319
13051 19686369617
13052 19690106941
13053 19690691957
13054 19692512113
13055 19693820329
13056 19696120303
13057 19696732399
13058 19700610011
13059 19700887309
13060 19703647339
13061 19704783863
13062 19705466873
13063 19706152513
13064 19706418709
13065 19710827113
13066 19710948409
13067 19711774339
13068 19712586409
13069 19713573013
13070 19713998089
13071 19717417883
13072 19717428229
13073 19718951689
13074 19719546589
13075 19721755003
13076 19724286863
13077 19724996089
13078 19728138319
13079 19728820519
13080 19730838409
13081 19733833429
13082 19736404921
13083 19737151729
13084 19738420213
13085 19741484509
13086 19741552921
13087 19742577499
13088 19745323921
13089 19746337129
13090 19747514239
13091 19747559717
13092 19750238719
13093 19750902739
13094 19753582789
13095 19754697617
13096 19757667499
13097 19757739707
13098 19759327009
13099 19759493717
13100 19760765957
13101 19763158039
13102 19764869893
13103 19767207409
13104 19771366039
13105 19773117709
13106 19773274789
13107 19776444109
13108 19777398317
13109 19779483617
13110 19782264919
13111 19782447109
13112 19782722873
13113 19784044883
13114 19784704789
13115 19786564727
13116 19786934599
13117 19788930199
13118 19789004509
13119 19790712901
13120 19792909817
13121 19793273029
13122 19799170399
13123 19802235703
13124 19802344603
13125 19802883409
13126 19804607629
13127 19812578119
13128 19814293003
13129 19815683029
13130 19816362901
13131 19817205739
13132 19817922409
13133 19820011121
13134 19820791429
13135 19824719119
13136 19827261947
13137 19827979217
13138 19829016439
13139 19829350339
13140 19833854119
13141 19837882637
13142 19838434219
13143 19841086883
13144 19842023713
13145 19843053403
13146 19845661699
13147 19846409887
13148 19847559617
13149 19849384699
13150 19851136303
13151 19852985627
13152 19854698923
13153 19854796337
13154 19855760599
13155 19858031719
13156 19860348229
13157 19860544003
13158 19860642947
13159 19861257319
13160 19864650139
13161 19865892437
13162 19869735437
13163 19870792009
13164 19871713429
13165 19876088599
13166 19876495337
13167 19877846237
13168 19881483109
13169 19881815599
13170 19884688099
13171 19885058299
13172 19886474599
13173 19890297289
13174 19891560319
13175 19892323519
13176 19895778989
13177 19895951627
13178 19896333109
13179 19898633717
13180 19902015191
13181 19904157709
13182 19907365039
13183 19908121951
13184 19908131839
13185 19916987507
13186 19917257957
13187 19917372799
13188 19917869299
13189 19919451319
13190 19920548419
13191 19921718419
13192 19921762519
13193 19922752519
13194 19929985099
13195 19930687009
13196 19938006901
13197 19942469389
13198 19947205609
13199 19948050439
13200 19949735599
13201 19950643883
13202 19951218709
13203 19953339019
13204 19955199499
13205 19956358727
13206 19956522799
13207 19956723109
13208 19957358599
13209 19961550013
13210 19962148309
13211 19965045977
13212 19969496117
13213 19970280013
13214 19972550239
13215 19973918599
13216 19978851499
13217 19979128727
13218 19980135103
13219 19981620619
13220 19981860109
13221 19982268737
13222 19985618089
13223 19986676217
13224 19987788883
13225 19993467617
13226 19993864337
13227 19994360209
13228 19995510319
13229 19998415637
13230 20000357911
13231 20001222883
13232 20002747031
13233 20003222683
13234 20003723911
13235 20004770321
13236 20006242211
13237 20008962973
13238 20009186381
13239 20009430011
13240 20010855791
13241 20013944021
13242 20014547681
13243 20014635791
13244 20021702411
13245 20025162901
13246 20026286381
13247 20026801331
13248 20027836813
13249 20030155031
13250 20033307011
13251 20034191231
13252 20040705101
13253 20043610721
13254 20047381391
13255 20052785803
13256 20053913993
13257 20055821953
13258 20060077691
13259 20060772581
13260 20064613691
13261 20066039381
13262 20069159503
13263 20069401981
13264 20076161887
13265 20076609967
13266 20078399329
13267 20080931021
13268 20082226897
13269 20083788947
13270 20084130431
13271 20084795719
13272 20087522381
13273 20095154291
13274 20095729729
13275 20102575211
13276 20102617511
13277 20102805901
13278 20103638993
13279 20103639011
13280 20105043193
13281 20105530121
13282 20107995829
13283 20109432221
13284 20109959113
13285 20110009421
13286 20111603231
13287 20111782121
13288 20112277781
13289 20119110283
13290 20119587403
13291 20119614877
13292 20123829953
13293 20123854481
13294 20124243101
13295 20129705381
13296 20132581943
13297 20133264131
13298 20133813131
13299 20135431331
13300 20139100211
13301 20144306411
13302 20150625311
13303 20154128591
13304 20157066973
13305 20159939329
13306 20160315431
13307 20160331811
13308 20163272993
13309 20163614971
13310 20164817081
13311 20165841973
13312 20174126681
13313 20174352943
13314 20176037381
13315 20176134491
13316 20176741181
13317 20179221011
13318 20179711091
13319 20184946871
13320 20189256403
13321 20189653639
13322 20190641953
13323 20191008791
13324 20191349081
13325 20195059513
13326 20198247313
13327 20199284113
13328 20200481201
13329 20201442931
13330 20203098491
13331 20203333211
13332 20203592993
13333 20203801921
13334 20204376877
13335 20205729281
13336 20209175923
13337 20210648993
13338 20211050621
13339 20212308101
13340 20212548491
13341 20212567481
13342 20213545031
13343 20214778603
13344 20217902993
13345 20219136011
13346 20222568973
13347 20222807993
13348 20223135901
13349 20229569809
13350 20238012073
13351 20238062953
13352 20242316231
13353 20242922681
13354 20245566703
13355 20246034131
13356 20249317091
13357 20251164221
13358 20251215521
13359 20252085943
13360 20253461933
13361 20253664181
13362 20254158191
13363 20258449909
13364 20266889029
13365 20268013691
13366 20273361923
13367 20278882339
13368 20279818519
13369 20280229391
13370 20281852813
13371 20282584951
13372 20282602211
13373 20286226813
13374 20286932503
13375 20293383703
13376 20293978909
13377 20294660081
13378 20298024281
13379 20300809121
13380 20301271121
13381 20301502919
13382 20304090901
13383 20309937313
13384 20310485971
13385 20312413811
13386 20313191231
13387 20317882513
13388 20318110811
13389 20320003631
13390 20320644991
13391 20320841231
13392 20323235963
13393 20325068381
13394 20327626181
13395 20328812923
13396 20329959799
13397 20332996921
13398 20334060073
13399 20335894213
13400 20336937403
13401 20338884901
13402 20339777873
13403 20340207431
13404 20343004631
13405 20343976819
13406 20351373011
13407 20352550121
13408 20354026897
13409 20357047091
13410 20360902897
13411 20360909081
13412 20361326681
13413 20362780181
13414 20369077639
13415 20369617819
13416 20371154887
13417 20372604491
13418 20372757739
13419 20374388539
13420 20374785103
13421 20374873639
13422 20376032993
13423 20376555931
13424 20377037081
13425 20378062181
13426 20378634403
13427 20379624403
13428 20386475861
13429 20386770829
13430 20387250973
13431 20388280603
13432 20406027311
13433 20407585951
13434 20409619939
13435 20410004939
13436 20411729291
13437 20414261411
13438 20415706391
13439 20417161981
13440 20417205131
13441 20429309977
13442 20433030731
13443 20433279613
13444 20435578871
13445 20435984203
13446 20441786503
13447 20441944091
13448 20442138877
13449 20442309011
13450 20448107923
13451 20448674629
13452 20450221273
13453 20451722887
13454 20455582603
13455 20457287861
13456 20457363613
13457 20457809993
13458 20459685409
13459 20463330791
13460 20468723413
13461 20469581203
13462 20469975499
13463 20471877901
13464 20476990609
13465 20478586129
13466 20479920313
13467 20480302511
13468 20484864619
13469 20484936529
13470 20487067819
13471 20489716609
13472 20491770613
13473 20494964239
13474 20498173303
13475 20498228203
13476 20498661901
13477 20500349591
13478 20500855481
13479 20502260173
13480 20503031231
13481 20503032283
13482 20505498931
13483 20506884313
13484 20507892739
13485 20508339923
13486 20508455081
13487 20508559639
13488 20509309903
13489 20510126711
13490 20511635933
13491 20513772281
13492 20516345923
13493 20517446713
13494 20518737881
13495 20520651131
13496 20522245031
13497 20526342877
13498 20529392413
13499 20532867829
13500 20533061963
13501 20535351581
13502 20536056973
13503 20536576213
13504 20536933513
13505 20537869789
13506 20538130121
13507 20539098529
13508 20539764709
13509 20540540231
13510 20547367639
13511 20550578891
13512 20550812591
13513 20552201993
13514 20553498709
13515 20556629809
13516 20557861213
13517 20560300031
13518 20561108591
13519 20565258313
13520 20568058921
13521 20572808891
13522 20574747103
13523 20584708303
13524 20586533941
13525 20586776689
13526 20587727239
13527 20588734003
13528 20590249513
13529 20592123961
13530 20592344081
13531 20594204381
13532 20594529103
13533 20594849599
13534 20596854977
13535 20597462957
13536 20597706439
13537 20598813947
13538 20599297399
13539 20601017711
13540 20602158877
13541 20606350031
13542 20606789963
13543 20610352421
13544 20610379091
13545 20611732121
13546 20611844291
13547 20612705591
13548 20613632887
13549 20614778809
13550 20616945403
13551 20618251391
13552 20621381887
13553 20623258963
13554 20624199829
13555 20624441111
13556 20626548829
13557 20630973613
13558 20631248291
13559 20636377819
13560 20638102691
13561 20638638103
13562 20640021373
13563 20641506877
13564 20643218291
13565 20643259603
13566 20644739719
13567 20646384881
13568 20646472603
13569 20646853303
13570 20647031971
13571 20647794799
13572 20648102681
13573 20651414591
13574 20653510211
13575 20654295313
13576 20654394829
13577 20658397219
13578 20659263739
13579 20661919961
13580 20663734603
13581 20668186519
13582 20669942239
13583 20670136481
13584 20671254973
13585 20671696519
13586 20672359303
13587 20673928339
13588 20674668863
13589 20675587853
13590 20676523951
13591 20677298209
13592 20677851619
13593 20678508901
13594 20678784499
13595 20679528409
13596 20680228813
13597 20683667509
13598 20683947139
13599 20688927947
13600 20689728947
13601 20690250943
13602 20694479887
13603 20695391809
13604 20695773863
13605 20695954039
13606 20697082639
13607 20697643339
13608 20700047411
13609 20700182231
13610 20705425933
13611 20706474703
13612 20708129977
13613 20709674911
13614 20716257703
13615 20716655503
13616 20717887219
13617 20718636931
13618 20719391503
13619 20723429977
13620 20724893719
13621 20729695219
13622 20730011473
13623 20736694609
13624 20737719529
13625 20737769029
13626 20740097713
13627 20740230431
13628 20743549961
13629 20743937861
13630 20745668239
13631 20754119933
13632 20757990977
13633 20758841539
13634 20761037923
13635 20765290603
13636 20767032973
13637 20768075957
13638 20768186419
13639 20769256883
13640 20772954947
13641 20774592851
13642 20775886399
13643 20775927229
13644 20777148709
13645 20777344729
13646 20779636789
13647 20781337513
13648 20785453729
13649 20786989607
13650 20792746339
13651 20794371881
13652 20795651113
13653 20797176409
13654 20797524947
13655 20798511313
13656 20802520331
13657 20807081291
13658 20807161391
13659 20808682729
13660 20809958209
13661 20812910021
13662 20815189729
13663 20816458921
13664 20816765719
13665 20820470971
13666 20820533681
13667 20821306897
13668 20828766799
13669 20830062131
13670 20830910953
13671 20833495303
13672 20835956873
13673 20842203791
13674 20842450933
13675 20844877699
13676 20845149739
13677 20847726439
13678 20855848309
13679 20857850203
13680 20860569619
13681 20862515081
13682 20863491829
13683 20870465503
13684 20873490829
13685 20875797737
13686 20878141951
13687 20878308439
13688 20878795099
13689 20879037709
13690 20879965727
13691 20880569239
13692 20881655629
13693 20881841941
13694 20885716339
13695 20888351203
13696 20889929089
13697 20890130953
13698 20890439113
13699 20891439529
13700 20892959389
13701 20896833319
13702 20899634689
13703 20900105531
13704 20902879003
13705 20904183281
13706 20905946629
13707 20908329829
13708 20910929929
13709 20911361971
13710 20914318091
13711 20914513391
13712 20915594911
13713 20916395719
13714 20917568239
13715 20917745861
13716 20918418931
13717 20924022221
13718 20924320211
13719 20926476947
13720 20931215933
13721 20931479809
13722 20932480813
13723 20933286931
13724 20933386871
13725 20934122933
13726 20934766609
13727 20937281839
13728 20937595309
13729 20938294609
13730 20944634839
13731 20944795789
13732 20946873229
13733 20947586689
13734 20948562013
13735 20952213943
13736 20952987499
13737 20953262081
13738 20962781113
13739 20963644921
13740 20964564013
13741 20964808429
13742 20965061713
13743 20970893329
13744 20972266729
13745 20976743509
13746 20978063203
13747 20980457203
13748 20984772139
13749 20987374129
13750 20993542303
13751 20998620901
13752 20999768417
13753 21000209411
13754 21001119731
13755 21001392431
13756 21002333909
13757 21004061411
13758 21004449581
13759 21005011949
13760 21005203421
13761 21006168923
13762 21007292953
13763 21008412611
13764 21009366281
13765 21011066911
13766 21013190021
13767 21019777871
13768 21023358491
13769 21025019321
13770 21030206231
13771 21037504031
13772 21040053373
13773 21049908931
13774 21050097491
13775 21052086943
13776 21056496313
13777 21057592603
13778 21058552181
13779 21060062531
13780 21061991803
13781 21063294281
13782 21064333781
13783 21065267803
13784 21066280481
13785 21066710681
13786 21066895519
13787 21067645513
13788 21069485113
13789 21069870403
13790 21070535021
13791 21072045131
13792 21075785113
13793 21077886229
13794 21079472941
13795 21081399739
13796 21083820943
13797 21084201011
13798 21084285613
13799 21087638629
13800 21089618629
13801 21090243221
13802 21091112111
13803 21093557413
13804 21097277629
13805 21101577943
13806 21103034383
13807 21103480511
13808 21105426311
13809 21116891713
13810 21117151973
13811 21117635381
13812 21118596739
13813 21119750381
13814 21121953011
13815 21122127011
13816 21122455691
13817 21123120493
13818 21123571897
13819 21132684281
13820 21133229111
13821 21134282111
13822 21134457973
13823 21135555281
13824 21138999589
13825 21140126621
13826 21140929091
13827 21143003831
13828 21144171221
13829 21145285963
13830 21145918513
13831 21147303311
13832 21148416973
13833 21150530111
13834 21152754191
13835 21156799039
13836 21158259919
13837 21159089993
13838 21160950011
13839 21168186313
13840 21170029031
13841 21170137981
13842 21170165953
13843 21173799917
13844 21174854413
13845 21176929973
13846 21179531081
13847 21181473281
13848 21181503131
13849 21183592513
13850 21186807931
13851 21188311481
13852 21189629239
13853 21192106121
13854 21193332943
13855 21195727921
13856 21196477339
13857 21198736519
13858 21199747909
13859 21202556887
13860 21202559381
13861 21203672591
13862 21207549613
13863 21209369981
13864 21210841331
13865 21214706971
13866 21214804691
13867 21223065953
13868 21223206611
13869 21223699729
13870 21226136111
13871 21230054173
13872 21230541901
13873 21230846381
13874 21231733031
13875 21232088291
13876 21235133963
13877 21238501121
13878 21238966883
13879 21239797129
13880 21240733211
13881 21241294933
13882 21242672291
13883 21243112273
13884 21243278803
13885 21247749983
13886 21248789999
13887 21248855629
13888 21250731991
13889 21251051083
13890 21252574813
13891 21253684951
13892 21255265181
13893 21256395313
13894 21259325081
13895 21260785603
13896 21260874703
13897 21262471933
13898 21262999039
13899 21266727739
13900 21269556439
13901 21270551591
13902 21272598901
13903 21274522481
13904 21276295819
13905 21280020731
13906 21292569439
13907 21296134091
13908 21297542503
13909 21299256947
13910 21299832013
13911 21301709591
13912 21302889739
13913 21304185943
13914 21305830943
13915 21307343111
13916 21311734781
13917 21316153031
13918 21316562381
13919 21318151781
13920 21325877539
13921 21328755313
13922 21329460281
13923 21333051611
13924 21334697861
13925 21335587921
13926 21336975529
13927 21341786839
13928 21345585829
13929 21346433923
13930 21349590739
13931 21356244191
13932 21358027181
13933 21358833403
13934 21360203993
13935 21361714481
13936 21367040111
13937 21368189239
13938 21373684921
13939 21374466931
13940 21377665429
13941 21384987499
13942 21387567863
13943 21390796519
13944 21394957699
13945 21397494799
13946 21401672953
13947 21403643021
13948 21405901031
13949 21406126897
13950 21406623943
13951 21407575951
13952 21417402311
13953 21418215491
13954 21420031511
13955 21420464111
13956 21422157923
13957 21424897883
13958 21427359829
13959 21430670953
13960 21432236887
13961 21433022021
13962 21439067941
13963 21439512973
13964 21444101111
13965 21449585873
13966 21451249987
13967 21454415291
13968 21456609739
13969 21460801031
13970 21463666871
13971 21466179983
13972 21469291303
13973 21469918219
13974 21470864413
13975 21471317381
13976 21473703281
13977 21475556957
13978 21475687039
13979 21479554339
13980 21480395891
13981 21481399609
13982 21481815613
13983 21482096413
13984 21482771941
13985 21483926957
13986 21484448957
13987 21484507951
13988 21490949509
13989 21490967419
13990 21490974013
13991 21497525719
13992 21497733013
13993 21501593923
13994 21503840591
13995 21503859739
13996 21503949829
13997 21506530691
13998 21508215877
13999 21508987039
14000 21511758703
14001 21512288803
14002 21512677951
14003 21513100919
14004 21514136887
14005 21516352933
14006 21517459961
14007 21518314933
14008 21519696409
14009 21522105901
14010 21525470381
14011 21525989689
14012 21526320131
14013 21527288911
14014 21528049957
14015 21529979389
14016 21530978957
14017 21533545181
14018 21539252803
14019 21539975957
14020 21541915963
14021 21546290081
14022 21548341963
14023 21548456861
14024 21558920503
14025 21564706951
14026 21565113961
14027 21567753439
14028 21570280481
14029 21572839339
14030 21576286883
14031 21582493213
14032 21583978489
14033 21585433603
14034 21587198029
14035 21590791213
14036 21591744739
14037 21592420391
14038 21592619809
14039 21597927499
14040 21599293909
14041 21600767803
14042 21600981973
14043 21601978729
14044 21602788213
14045 21603243131
14046 21606101201
14047 21608776429
14048 21612076933
14049 21613116131
14050 21618783103
14051 21620480887
14052 21625081481
14053 21625963819
14054 21629434513
14055 21630445391
14056 21631633481
14057 21632956921
14058 21634934891
14059 21636588139
14060 21637085413
14061 21637691539
14062 21638437819
14063 21640369939
14064 21647021887
14065 21647371513
14066 21648300943
14067 21650247973
14068 21650589619
14069 21651350681
14070 21651654613
14071 21657056503
14072 21661082381
14073 21665918873
14074 21666640951
14075 21668633113
14076 21674149909
14077 21677179039
14078 21685672339
14079 21685806529
14080 21686442829
14081 21689434883
14082 21689714873
14083 21691277957
14084 21691846339
14085 21691961861
14086 21693195103
14087 21693344941
14088 21694959289
14089 21695908789
14090 21696736129
14091 21697948189
14092 21701755091
14093 21702155933
14094 21702475181
14095 21702596891
14096 21705428081
14097 21709842313
14098 21710974951
14099 21711500911
14100 21715187891
14101 21716576719
14102 21716817403
14103 21717366739
14104 21717502481
14105 21717538729
14106 21718794319
14107 21719528629
14108 21724402897
14109 21726894229
14110 21727307803
14111 21730216121
14112 21734974003
14113 21742092973
14114 21747653861
14115 21748826873
14116 21750233111
14117 21751004321
14118 21754655203
14119 21758662339
14120 21760829539
14121 21761334281
14122 21763743931
14123 21767911639
14124 21775929589
14125 21777096409
14126 21778386589
14127 21778592029
14128 21779986337
14129 21781618819
14130 21782667229
14131 21787295119
14132 21789422719
14133 21790343713
14134 21793746319
14135 21797008921
14136 21798005503
14137 21802876213
14138 21805043111
14139 21806215933
14140 21806928901
14141 21807782809
14142 21816560081
14143 21818065513
14144 21819823639
14145 21820144897
14146 21829664239
14147 21830944951
14148 21831168703
14149 21831979129
14150 21837618013
14151 21837748853
14152 21839852329
14153 21839999417
14154 21840049813
14155 21841350943
14156 21845471891
14157 21846806957
14158 21849457219
14159 21851548819
14160 21852934819
14161 21854488967
14162 21856005973
14163 21860417713
14164 21862619951
14165 21871415803
14166 21871628113
14167 21873653861
14168 21873782239
14169 21873808339
14170 21873838309
14171 21873998717
14172 21874073839
14173 21875110391
14174 21876984737
14175 21878148977
14176 21878531113
14177 21880378609
14178 21882581113
14179 21882666139
14180 21884401963
14181 21888097009
14182 21891020933
14183 21891339013
14184 21895482863
14185 21896114413
14186 21898787299
14187 21900000611
14188 21902142953
14189 21903541481
14190 21903808603
14191 21903867103
14192 21905024681
14193 21905397439
14194 21906554503
14195 21909693409
14196 21910356973
14197 21910612781
14198 21911255291
14199 21912916951
14200 21914028973
14201 21918563957
14202 21921386891
14203 21927925003
14204 21929402713
14205 21935629973
14206 21936248539
14207 21937385419
14208 21937708003
14209 21942377203
14210 21946757689
14211 21948452629
14212 21949727689
14213 21951033491
14214 21953751829
14215 21955531513
14216 21955738309
14217 21957543947
14218 21958109951
14219 21959035729
14220 21964065313
14221 21967530313
14222 21969453409
14223 21974289989
14224 21976861789
14225 21978123313
14226 21979846727
14227 21979895417
14228 21986055439
14229 21986655589
14230 21987428689
14231 21989444209
14232 21989611883
14233 21990197329
14234 21995321839
14235 21995596699
14236 21995833039
14237 21996024829
14238 21998805019
14239 22001044511
14240 22002886813
14241 22003239311
14242 22003454411
14243 22007624993
14244 22009895629
14245 22011043393
14246 22012960691
14247 22013295011
14248 22016005273
14249 22016987203
14250 22017183961
14251 22021574591
14252 22022433431
14253 22025591923
14254 22025878921
14255 22026047111
14256 22027000511
14257 22028500331
14258 22029510221
14259 22031320573
14260 22031664581
14261 22032951923
14262 22034354971
14263 22034480887
14264 22035173887
14265 22038413993
14266 22040123321
14267 22040132909
14268 22040713001
14269 22041604001
14270 22050413111
14271 22055386513
14272 22056615281
14273 22058982851
14274 22060275491
14275 22064353391
14276 22065114131
14277 22067440933
14278 22068511481
14279 22070101919
14280 22074699319
14281 22077140681
14282 22080250001
14283 22082377951
14284 22083497861
14285 22083512993
14286 22088316703
14287 22093656313
14288 22094475313
14289 22099576129
14290 22100115673
14291 22102406993
14292 22102407011
14293 22102970111
14294 22103868613
14295 22106607491
14296 22109497303
14297 22110435101
14298 22112001883
14299 22115729803
14300 22118338181
14301 22118877439
14302 22122716887
14303 22131233911
14304 22134171221
14305 22134211921
14306 22135184381
14307 22136027887
14308 22136901923
14309 22140491953
14310 22140801611
14311 22141276481
14312 22143158381
14313 22145764951
14314 22147595203
14315 22154974213
14316 22155607963
14317 22157270381
14318 22157754739
14319 22159866977
14320 22160483291
14321 22165502591
14322 22165552813
14323 22167012221
14324 22167679129
14325 22171128943
14326 22172395951
14327 22173497719
14328 22174519513
14329 22181116031
14330 22182625963
14331 22184548303
14332 22184976977
14333 22187717957
14334 22188826609
14335 22191426281
14336 22191526813
14337 22192828921
14338 22193226191
14339 22195786219
14340 22201439111
14341 22207620991
14342 22207966639
14343 22209839203
14344 22209883303
14345 22210834691
14346 22211129909
14347 22214612411
14348 22217162993
14349 22218314681
14350 22220098391
14351 22220643131
14352 22226816081
14353 22229002331
14354 22230345131
14355 22232524031
14356 22234552391
14357 22242613781
14358 22244603021
14359 22246955113
14360 22248763871
14361 22249749229
14362 22250997103
14363 22254210431
14364 22255940713
14365 22257795799
14366 22260407591
14367 22261120631
14368 22261406887
14369 22263091933
14370 22265809729
14371 22266731803
14372 22271217877
14373 22272272923
14374 22277879389
14375 22278223813
14376 22280271491
14377 22281627703
14378 22287649039
14379 22288246639
14380 22293983419
14381 22296165739
14382 22297613413
14383 22298189999
14384 22299159409
14385 22299840529
14386 22301044273
14387 22303166933
14388 22310316011
14389 22311481211
14390 22311536591
14391 22312888729
14392 22313191031
14393 22314967303
14394 22316800943
14395 22318344973
14396 22319295403
14397 22319954203
14398 22321752581
14399 22327548403
14400 22328409703
14401 22328438941
14402 22328802281
14403 22329369983
14404 22330547923
14405 22337056813
14406 22337698129
14407 22339338313
14408 22341240101
14409 22341534581
14410 22342370681
14411 22343742191
14412 22346674871
14413 22348393213
14414 22352545091
14415 22354237813
14416 22354424381
14417 22357547203
14418 22360966819
14419 22365540973
14420 22367835439
14421 22371462973
14422 22375298873
14423 22375410923
14424 22375562941
14425 22385431091
14426 22387772873
14427 22390129903
14428 22393316713
14429 22393858219
14430 22397749489
14431 22401166691
14432 22401191321
14433 22401426953
14434 22401721973
14435 22402383877
14436 22409221897
14437 22410051193
14438 22411498951
14439 22423224311
14440 22423859993
14441 22428880921
14442 22430250901
14443 22434338081
14444 22434787003
14445 22434930191
14446 22446150581
14447 22447646629
14448 22455199937
14449 22455533081
14450 22457773609
14451 22458086957
14452 22458716113
14453 22459367509
14454 22462783639
14455 22474148941
14456 22474853809
14457 22476930313
14458 22477685119
14459 22481293951
14460 22483226081
14461 22485288863
14462 22489448689
14463 22494332713
14464 22496630941
14465 22498169599
14466 22504974829
14467 22507669003
14468 22507703923
14469 22520055791
14470 22521040093
14471 22522151321
14472 22525389983
14473 22525486639
14474 22526147713
14475 22528377439
14476 22529197003
14477 22529895109
14478 22530024521
14479 22531315897
14480 22532389961
14481 22536919519
14482 22537460081
14483 22537882519
14484 22538457103
14485 22539482957
14486 22539846863
14487 22540364381
14488 22544304011
14489 22547248303
14490 22552521491
14491 22554793609
14492 22554917113
14493 22557564619
14494 22559543203
14495 22559945599
14496 22565194303
14497 22567973599
14498 22572049939
14499 22574285809
14500 22575113923
14501 22576490539
14502 22576658957
14503 22578915319
14504 22583753719
14505 22584945139
14506 22585231091
14507 22586092303
14508 22588036921
14509 22589869517
14510 22589905853
14511 22590800923
14512 22591720181
14513 22592373403
14514 22599226519
14515 22599272873
14516 22599766727
14517 22600260101
14518 22601740943
14519 22607311031
14520 22608708739
14521 22609150933
14522 22611007973
14523 22611275923
14524 22611640031
14525 22613763703
14526 22614681703
14527 22617640963
14528 22621712111
14529 22622043953
14530 22623512953
14531 22624314943
14532 22628907013
14533 22629482203
14534 22631150231
14535 22632653081
14536 22633758709
14537 22633956619
14538 22638303973
14539 22642179919
14540 22642651181
14541 22642769329
14542 22647335839
14543 22647674509
14544 22648938019
14545 22649671003
14546 22651259413
14547 22652122781
14548 22656495919
14549 22657527103
14550 22658278967
14551 22659249139
14552 22663428313
14553 22666399009
14554 22666779799
14555 22667752339
14556 22667853919
14557 22668971029
14558 22670182813
14559 22676395309
14560 22676633113
14561 22678362013
14562 22681448539
14563 22682554729
14564 22682708911
14565 22683596209
14566 22683746419
14567 22685790409
14568 22690381603
14569 22690696219
14570 22691061191
14571 22694794489
14572 22696159309
14573 22696778717
14574 22697059219
14575 22698631883
14576 22698815119
14577 22699829807
14578 22700075971
14579 22702883503
14580 22706919709
14581 22707554413
14582 22708786129
14583 22709904313
14584 22711723933
14585 22711971703
14586 22715179303
14587 22721555081
14588 22723121321
14589 22724908303
14590 22727483113
14591 22730127943
14592 22734042943
14593 22734583303
14594 22737346213
14595 22740060221
14596 22740761081
14597 22742317181
14598 22744079993
14599 22749462013
14600 22750623281
14601 22751777239
14602 22753489897
14603 22759336003
14604 22759449589
14605 22759529887
14606 22761368911
14607 22761386911
14608 22766589827
14609 22767094429
14610 22768943599
14611 22771785409
14612 22774200877
14613 22775583139
14614 22779552977
14615 22782139819
14616 22784820739
14617 22786711921
14618 22790506513
14619 22793797099
14620 22796136529
14621 22802891413
14622 22805844829
14623 22806685609
14624 22809371839
14625 22809743629
14626 22811142131
14627 22811499103
14628 22815608891
14629 22818021943
14630 22832484881
14631 22832562703
14632 22833884873
14633 22835339809
14634 22836167957
14635 22836575329
14636 22839465409
14637 22840996309
14638 22842692629
14639 22844077303
14640 22845731413
14641 22846387219
14642 22847156809
14643 22848969617
14644 22853199409
14645 22857903619
14646 22858071403
14647 22858491919
14648 22858584019
14649 22859087957
14650 22860919429
14651 22862022923
14652 22863752911
14653 22866112963
14654 22867705519
14655 22868263339
14656 22877938099
14657 22878508909
14658 22880843203
14659 22883340703
14660 22891490911
14661 22896713239
14662 22897024303
14663 22902891313
14664 22904675719
14665 22904811973
14666 22909092881
14667 22912033121
14668 22914101411
14669 22918922629
14670 22919563339
14671 22922058703
14672 22922769409
14673 22923078931
14674 22924673203
14675 22926120011
14676 22931619313
14677 22932870739
14678 22935430963
14679 22937536883
14680 22938462851
14681 22939614619
14682 22940321993
14683 22940370281
14684 22941284413
14685 22941853303
14686 22942504181
14687 22943608819
14688 22949002963
14689 22951681213
14690 22955443639
14691 22959623419
14692 22962307513
14693 22962944509
14694 22965029809
14695 22965922519
14696 22966059139
14697 22967243539
14698 22971747977
14699 22979894417
14700 22982124703
14701 22983970129
14702 22984466209
14703 22984642339
14704 22985823863
14705 22987744489
14706 22997875933
14707 22998236119
14708 22999369607
14709 23000426531
14710 23000569391
14711 23005647281
14712 23008417391
14713 23010467933
14714 23013413711
14715 23017280021
14716 23020217083
14717 23020392953
14718 23022705791
14719 23023005931
14720 23023784803
14721 23026650961
14722 23026830877
14723 23028009581
14724 23028203321
14725 23029278403
14726 23029449739
14727 23029673413
14728 23032671581
14729 23036836513
14730 23041282031
14731 23047628941
14732 23048578519
14733 23049753403
14734 23051057681
14735 23051476813
14736 23058247951
14737 23059266403
14738 23061024073
14739 23062843963
14740 23063603021
14741 23065544713
14742 23066092963
14743 23066354081
14744 23067856429
14745 23068895029
14746 23069103877
14747 23069477419
14748 23076919339
14749 23077736719
14750 23082841181
14751 23084311121
14752 23094216281
14753 23095359709
14754 23096014481
14755 23096945873
14756 23099536003
14757 23101440311
14758 23103186877
14759 23106408011
14760 23107161131
14761 23107965403
14762 23109586921
14763 23111600293
14764 23114345993
14765 23114462887
14766 23114653481
14767 23114854813
14768 23117713481
14769 23123921971
14770 23124282581
14771 23128473703
14772 23128694629
14773 23130562943
14774 23141409581
14775 23146555951
14776 23148184603
14777 23150942923
14778 23151457963
14779 23157394303
14780 23158415803
14781 23158812613
14782 23166576947
14783 23169850303
14784 23170200311
14785 23170401901
14786 23179596589
14787 23183935871
14788 23184367303
14789 23184521291
14790 23186298977
14791 23192250581
14792 23192598409
14793 23193523813
14794 23194052923
14795 23196289219
14796 23197218739
14797 23200838923
14798 23202608591
14799 23204863963
14800 23206135781
14801 23207139953
14802 23207872951
14803 23209956013
14804 23211143993
14805 23213127221
14806 23213406791
14807 23216180681
14808 23219304961
14809 23220869929
14810 23222356481
14811 23222742581
14812 23231647963
14813 23232107963
14814 23232753281
14815 23238201131
14816 23238566203
14817 23241017963
14818 23241739603
14819 23242596931
14820 23244378881
14821 23250765613
14822 23251627963
14823 23251758403
14824 23252394703
14825 23252783891
14826 23252862613
14827 23254673941
14828 23257760413
14829 23258892799
14830 23259354931
14831 23260839313
14832 23260985203
14833 23262449929
14834 23265449629
14835 23266211993
14836 23266296439
14837 23272090481
14838 23275277719
14839 23275671931
14840 23278480639
14841 23281510943
14842 23282753941
14843 23285020211
14844 23291807503
14845 23308043021
14846 23309198113
14847 23310166031
14848 23310651131
14849 23313930923
14850 23316474613
14851 23316496871
14852 23316860713
14853 23317316291
14854 23317791313
14855 23319545839
14856 23320195933
14857 23327413391
14858 23331565963
14859 23333875819
14860 23334826951
14861 23335568911
14862 23339053181
14863 23339156839
14864 23340006101
14865 23342559739
14866 23344808891
14867 23345247703
14868 23345468203
14869 23348159203
14870 23349941957
14871 23353015897
14872 23357361613
14873 23357818339
14874 23358365113
14875 23363109191
14876 23363502923
14877 23365957039
14878 23367579019
14879 23368508539
14880 23368973209
14881 23369754409
14882 23374696853
14883 23375458429
14884 23377083739
14885 23378246113
14886 23378444629
14887 23392783339
14888 23392849699
14889 23393318941
14890 23394953419
14891 23397146719
14892 23397528863
14893 23398880599
14894 23399234539
14895 23399373229
14896 23400894613
14897 23407725703
14898 23409622963
14899 23411836813
14900 23412181981
14901 23412569839
14902 23414986429
14903 23419752403
14904 23420417971
14905 23420561993
14906 23420713781
14907 23425873921
14908 23426613281
14909 23429294113
14910 23437202111
14911 23440162211
14912 23442402791
14913 23444567203
14914 23444819539
14915 23456006381
14916 23457115813
14917 23457318881
14918 23457451603
14919 23458571113
14920 23459235829
14921 23460819971
14922 23460988699
14923 23470815703
14924 23472343963
14925 23474729329
14926 23475392113
14927 23476084921
14928 23490030791
14929 23490086891
14930 23490783947
14931 23490845113
14932 23493752957
14933 23496095239
14934 23496735319
14935 23501551691
14936 23502325897
14937 23505568213
14938 23505956629
14939 23507482951
14940 23513279929
14941 23517747947
14942 23518845439
14943 23522465081
14944 23525911181
14945 23528345839
14946 23529256819
14947 23529562729
14948 23532818891
14949 23533509613
14950 23537573113
14951 23545159303
14952 23545826809
14953 23547581203
14954 23550836839
14955 23552104897
14956 23554295113
14957 23555837419
14958 23556311291
14959 23556865699
14960 23558164639
14961 23558317729
14962 23561882629
14963 23567344921
14964 23569506619
14965 23571082963
14966 23573826439
14967 23574001897
14968 23585346947
14969 23589857089
14970 23592654947
14971 23595195139
14972 23598119329
14973 23598175039
14974 23599585637
14975 23600125421
14976 23600972081
14977 23601537191
14978 23604133211
14979 23606631973
14980 23607979489
14981 23608226713
14982 23609988737
14983 23611033973
14984 23621443933
14985 23624861891
14986 23625416081
14987 23629837219
14988 23630169613
14989 23636656429
14990 23637834851
14991 23638798637
14992 23639245639
14993 23641711481
14994 23643269539
14995 23643517603
14996 23648443729
14997 23651893883
14998 23651938339
14999 23652467911
15000 23652870403
15001 23657267509
15002 23657280739
15003 23658096229
15004 23658242941
15005 23661111311
15006 23661120221
15007 23668907599
15008 23669106313
15009 23673220391
15010 23673757853
15011 23676179689
15012 23676810881
15013 23677663853
15014 23683439239
15015 23683746319
15016 23688059887
15017 23693932519
15018 23694749389
15019 23695933909
15020 23698237789
15021 23700127211
15022 23702643191
15023 23704229933
15024 23709185719
15025 23709762103
15026 23710604591
15027 23713300511
15028 23714740813
15029 23724910091
15030 23725022681
15031 23726121581
15032 23727882319
15033 23728101581
15034 23732729539
15035 23734874329
15036 23736502091
15037 23737600963
15038 23743938139
15039 23745491719
15040 23748215839
15041 23749615429
15042 23751769039
15043 23752757239
15044 23752872901
15045 23756107951
15046 23757525947
15047 23758083529
15048 23758533709
15049 23761763629
15050 23763428809
15051 23764283911
15052 23764526113
15053 23765187139
15054 23768873299
15055 23769816019
15056 23771233181
15057 23773352413
15058 23777229799
15059 23777919827
15060 23780912413
15061 23780938967
15062 23782103381
15063 23785900921
15064 23789245699
15065 23789288717
15066 23790163951
15067 23791438609
15068 23796058309
15069 23798721977
15070 23799706009
15071 23802148091
15072 23802827413
15073 23803493503
15074 23806348729
15075 23811657739
15076 23813868919
15077 23815367911
15078 23816574619
15079 23818933609
15080 23820065923
15081 23821600981
15082 23823439729
15083 23824012781
15084 23826035081
15085 23826329951
15086 23827901413
15087 23831877799
15088 23832807403
15089 23835537013
15090 23838270931
15091 23839288489
15092 23839937389
15093 23842170973
15094 23844198863
15095 23845129961
15096 23845575977
15097 23847185419
15098 23849012713
15099 23851875977
15100 23852121011
15101 23852803603
15102 23854184957
15103 23854249519
15104 23854265629
15105 23854545947
15106 23856114703
15107 23856129439
15108 23857220081
15109 23857238239
15110 23858012081
15111 23859780019
15112 23862011993
15113 23864729887
15114 23864924329
15115 23865162313
15116 23868383029
15117 23870258911
15118 23872257529
15119 23873226931
15120 23873638967
15121 23875888607
15122 23876766737
15123 23879649499
15124 23880156931
15125 23884462883
15126 23886359837
15127 23893412839
15128 23897267299
15129 23901575839
15130 23903987599
15131 23904693947
15132 23906982409
15133 23907279889
15134 23908644709
15135 23910045581
15136 23914977109
15137 23917755863
15138 23918408809
15139 23922095941
15140 23923760503
15141 23923945519
15142 23924397799
15143 23925354403
15144 23925367003
15145 23926230281
15146 23931656113
15147 23936169409
15148 23938019993
15149 23940800381
15150 23941080973
15151 23942103961
15152 23944514413
15153 23949441013
15154 23953644947
15155 23954225413
15156 23958223921
15157 23958265967
15158 23962188139
15159 23964267139
15160 23964564139
15161 23964878627
15162 23973812861
15163 23974086319
15164 23974258309
15165 23974560619
15166 23975690209
15167 23985807589
15168 23989836707
15169 23996038309
15170 24005018321
15171 24006284923
15172 24008648891
15173 24010465781
15174 24011324201
15175 24012348923
15176 24015058391
15177 24021167953
15178 24024084943
15179 24024519191
15180 24025424021
15181 24026734091
15182 24027460481
15183 24030510131
15184 24033300931
15185 24034021273
15186 24035407481
15187 24041045411
15188 24044151311
15189 24044556703
15190 24045706963
15191 24046127381
15192 24046790503
15193 24047371963
15194 24048885799
15195 24048990439
15196 24050004373
15197 24059338819
15198 24060550781
15199 24062382973
15200 24062788339
15201 24066155081
15202 24069893209
15203 24070120211
15204 24070914281
15205 24071634281
15206 24072640391
15207 24072957851
15208 24073596901
15209 24076716739
15210 24079267609
15211 24079318213
15212 24083295403
15213 24088468967
15214 24088823719
15215 24091991113
15216 24092028973
15217 24093876409
15218 24098585029
15219 24099091213
15220 24100114331
15221 24100432093
15222 24101130701
15223 24102007921
15224 24104066681
15225 24104221811
15226 24104606681
15227 24104964703
15228 24106118591
15229 24111303283
15230 24114692803
15231 24116003173
15232 24116656951
15233 24118276603
15234 24119038091
15235 24121805111
15236 24122412011
15237 24129949219
15238 24130348481
15239 24131026001
15240 24132343211
15241 24133087091
15242 24140222083
15243 24143002721
15244 24145781941
15245 24148692709
15246 24149668853
15247 24150510431
15248 24154478539
15249 24160896709
15250 24160998919
15251 24162409987
15252 24163025111
15253 24163070681
15254 24165484729
15255 24169684219
15256 24172003001
15257 24173122781
15258 24184742839
15259 24186928699
15260 24191788909
15261 24195314081
15262 24196611613
15263 24196760911
15264 24199094509
15265 24200177591
15266 24200435411
15267 24201280331
15268 24201402821
15269 24204814481
15270 24204929929
15271 24205331963
15272 24209764819
15273 24211552121
15274 24218198957
15275 24220624781
15276 24223128581
15277 24226667719
15278 24229571941
15279 24229656439
15280 24230988619
15281 24232021273
15282 24233871703
15283 24234818941
15284 24243558739
15285 24244378303
15286 24251602691
15287 24254838851
15288 24257338921
15289 24257626639
15290 24258706729
15291 24267474013
15292 24267571819
15293 24270754513
15294 24272956429
15295 24274389319
15296 24274500581
15297 24278830871
15298 24280315391
15299 24282558947
15300 24286776109
15301 24288331513
15302 24294060281
15303 24297703303
15304 24302656813
15305 24302694613
15306 24312603131
15307 24316318181
15308 24317565403
15309 24320104631
15310 24320926963
15311 24321475813
15312 24321548803
15313 24325982809
15314 24331884881
15315 24335685851
15316 24339361951
15317 24346725313
15318 24348078851
15319 24350707813
15320 24352125011
15321 24352161877
15322 24354411581
15323 24355926103
15324 24355963609
15325 24356331281
15326 24359981119
15327 24360404953
15328 24361237963
15329 24362179819
15330 24364235803
15331 24365590303
15332 24367711513
15333 24373235713
15334 24381327613
15335 24382270181
15336 24383624413
15337 24387237439
15338 24389511931
15339 24390951313
15340 24391288003
15341 24391754861
15342 24392179519
15343 24394337203
15344 24395263639
15345 24397186909
15346 24399865099
15347 24399879991
15348 24400719913
15349 24401218981
15350 24407114887
15351 24409059739
15352 24409751941
15353 24410132993
15354 24411405791
15355 24413170121
15356 24415984339
15357 24416565829
15358 24418850503
15359 24420574181
15360 24421638613
15361 24423216581
15362 24425064973
15363 24425955013
15364 24430721591
15365 24440560933
15366 24441386941
15367 24445680313
15368 24445705513
15369 24454053191
15370 24458508901
15371 24461373613
15372 24462824891
15373 24462955609
15374 24463370081
15375 24468656689
15376 24469073203
15377 24472374881
15378 24474516739
15379 24476791789
15380 24481371613
15381 24486689089
15382 24488741419
15383 24493183303
15384 24494417719
15385 24495970129
15386 24498922219
15387 24499360883
15388 24500128981
15389 24501906973
15390 24505643081
15391 24506023211
15392 24510128887
15393 24510872713
15394 24511110821
15395 24512762081
15396 24516923839
15397 24522684313
15398 24522797419
15399 24523573513
15400 24524102321
15401 24525864947
15402 24528187609
15403 24528297319
15404 24530102021
15405 24530356181
15406 24534666529
15407 24535519639
15408 24535762819
15409 24539704729
15410 24543878119
15411 24544953947
15412 24547247911
15413 24550758619
15414 24553356829
15415 24553753729
15416 24555906709
15417 24562559239
15418 24563643931
15419 24564806957
15420 24564818419
15421 24566850013
15422 24568514629
15423 24568902851
15424 24583409629
15425 24585631729
15426 24589461977
15427 24594382429
15428 24596025739
15429 24600865603
15430 24601549939
15431 24603283091
15432 24608507503
15433 24609176629
15434 24610555181
15435 24614500121
15436 24615384931
15437 24615685519
15438 24617876029
15439 24618473629
15440 24618888289
15441 24620160311
15442 24620383091
15443 24622277503
15444 24624013121
15445 24628219909
15446 24629759837
15447 24631414391
15448 24632160011
15449 24632181281
15450 24635973863
15451 24637391113
15452 24639358967
15453 24639537799
15454 24640280381
15455 24645217603
15456 24647095003
15457 24648472339
15458 24649210181
15459 24649716863
15460 24654555619
15461 24658754209
15462 24663642931
15463 24664736329
15464 24665879807
15465 24669312931
15466 24670957309
15467 24676726853
15468 24691526203
15469 24694348309
15470 24703399519
15471 24705452081
15472 24706531963
15473 24709434829
15474 24709741729
15475 24710357713
15476 24711802481
15477 24712060031
15478 24713790931
15479 24717390881
15480 24718705303
15481 24719378209
15482 24719914339
15483 24720080591
15484 24720291191
15485 24720894529
15486 24725394619
15487 24726650891
15488 24728552809
15489 24729019729
15490 24730198921
15491 24735672947
15492 24737622313
15493 24739277957
15494 24740129933
15495 24740231993
15496 24740848609
15497 24743807719
15498 24746984299
15499 24747998923
15500 24748227709
15501 24754685209
15502 24757859627
15503 24758100973
15504 24759040951
15505 24764762419
15506 24766870129
15507 24768798137
15508 24769170529
15509 24769250113
15510 24769346689
15511 24771909139
15512 24772297699
15513 24772546429
15514 24775722947
15515 24778054519
15516 24780042281
15517 24780838967
15518 24781905619
15519 24784689437
15520 24785270539
15521 24787543853
15522 24788133901
15523 24791118829
15524 24792108931
15525 24794356039
15526 24795115819
15527 24798197089
15528 24798331003
15529 24799873607
15530 24800153887
15531 24801839539
15532 24802788229
15533 24803060591
15534 24803623181
15535 24806695219
15536 24806987389
15537 24815096539
15538 24815775139
15539 24818174809
15540 24818209303
15541 24819916909
15542 24825295609
15543 24826335829
15544 24829164851
15545 24829343719
15546 24830299883
15547 24831650803
15548 24835108951
15549 24841908709
15550 24843110993
15551 24843518911
15552 24845503951
15553 24852595853
15554 24852664003
15555 24853695589
15556 24854628863
15557 24855718967
15558 24856708039
15559 24856803947
15560 24859315003
15561 24861743719
15562 24862615303
15563 24864493789
15564 24867690499
15565 24868803863
15566 24874142413
15567 24876183229
15568 24876564589
15569 24880239983
15570 24881353639
15571 24881671519
15572 24884956189
15573 24885637009
15574 24890714809
15575 24892491139
15576 24892726853
15577 24895074977
15578 24895867427
15579 24902672891
15580 24903298429
15581 24904654213
15582 24908724013
15583 24910483603
15584 24911553703
15585 24912306191
15586 24915789737
15587 24915947689
15588 24917281303
15589 24920939419
15590 24927445429
15591 24929105503
15592 24938327873
15593 24938636119
15594 24942927319
15595 24947144539
15596 24953719309
15597 24956885089
15598 24956887933
15599 24959506853
15600 24960960529
15601 24962673919
15602 24970383439
15603 24972192013
15604 24972812911
15605 24973068863
15606 24975831799
15607 24976377289
15608 24976675699
15609 24981001933
15610 24982919389
15611 24986108509
15612 24987382009
15613 24988480399
15614 24989936417
15615 24991909399
15616 24992533883
15617 24995268737
15618 25003382953
15619 25004254031
15620 25007001821
15621 25007319191
15622 25008444973
15623 25009828639
15624 25010132831
15625 25011929977
15626 25012016621
15627 25012831211
15628 25016761813
15629 25018503581
15630 25021327691
15631 25022978203
15632 25023217781
15633 25029528313
15634 25032111131
15635 25032727963
15636 25034678629
15637 25038496883
15638 25039115923
15639 25042905191
15640 25043227933
15641 25044758861
15642 25046472613
15643 25047006581
15644 25050702991
15645 25051177181
15646 25052130611
15647 25052300111
15648 25054884901
15649 25055875003
15650 25058257729
15651 25059349429
15652 25059672947
15653 25061490973
15654 25061739919
15655 25068032923
15656 25068359419
15657 25068927319
15658 25069350613
15659 25071657829
15660 25077205091
15661 25079626003
15662 25081223681
15663 25082779129
15664 25082809303
15665 25084235713
15666 25086749999
15667 25089980957
15668 25092265603
15669 25093365931
15670 25095146941
15671 25095671957
15672 25095987289
15673 25097558599
15674 25099085419
15675 25104679819
15676 25107897319
15677 25108400963
15678 25111075211
15679 25113622943
15680 25115041421
15681 25116429703
15682 25116585313
15683 25118589319
15684 25119486709
15685 25119670603
15686 25123337923
15687 25126159957
15688 25126254281
15689 25127191963
15690 25127279113
15691 25127576629
15692 25132453481
15693 25134581081
15694 25135767947
15695 25139030591
15696 25139211943
15697 25143632291
15698 25144890931
15699 25144960513
15700 25145858509
15701 25149468139
15702 25150560923
15703 25152787609
15704 25154874529
15705 25155004943
15706 25156968019
15707 25157487139
15708 25159548919
15709 25160488303
15710 25162231781
15711 25167095113
15712 25172442973
15713 25176404713
15714 25178420081
15715 25185079973
15716 25187779817
15717 25188075529
15718 25190055973
15719 25190148703
15720 25192188013
15721 25193101897
15722 25194408931
15723 25194868399
15724 25198095319
15725 25201085887
15726 25205172011
15727 25205279503
15728 25214072111
15729 25215091933
15730 25216472713
15731 25223011921
15732 25226674639
15733 25229562829
15734 25229827429
15735 25235812813
15736 25240809967
15737 25242422021
15738 25243909819
15739 25244022311
15740 25246537639
15741 25249297699
15742 25250114411
15743 25251544963
15744 25256513081
15745 25257693319
15746 25258335313
15747 25263954619
15748 25265074951
15749 25268068429
15750 25277310973
15751 25277406313
15752 25279474309
15753 25282150391
15754 25282953439
15755 25283973977
15756 25284916883
15757 25285537883
15758 25286901403
15759 25287487009
15760 25289130613
15761 25290499789
15762 25290888019
15763 25290890539
15764 25291929799
15765 25292774239
15766 25293116081
15767 25294667119
15768 25294971409
15769 25296566599
15770 25297264609
15771 25297921003
15772 25301594081
15773 25305591613
15774 25306238803
15775 25310325791
15776 25312902491
15777 25313018953
15778 25315214591
15779 25320009131
15780 25320155591
15781 25322127491
15782 25323444973
15783 25324177513
15784 25325142923
15785 25327691629
15786 25330900897
15787 25333314581
15788 25334114111
15789 25334943313
15790 25335374503
15791 25336196957
15792 25336836439
15793 25338456901
15794 25341008887
15795 25344451091
15796 25345261091
15797 25345843213
15798 25346005933
15799 25347439339
15800 25351388911
15801 25351778509
15802 25357395799
15803 25358513839
15804 25359882109
15805 25361296921
15806 25364854883
15807 25364912941
15808 25366640839
15809 25368991009
15810 25371294313
15811 25371303011
15812 25372299863
15813 25372872439
15814 25373635921
15815 25376080603
15816 25381872013
15817 25382573539
15818 25382608819
15819 25385738689
15820 25387637689
15821 25394465329
15822 25394664409
15823 25394718799
15824 25401921943
15825 25404169957
15826 25407428941
15827 25408566709
15828 25411424021
15829 25411978429
15830 25412179957
15831 25412242781
15832 25414880891
15833 25417860313
15834 25418413091
15835 25420717963
15836 25423349981
15837 25427285809
15838 25429701613
15839 25434042877
15840 25436483113
15841 25436536819
15842 25437824911
15843 25438226413
15844 25439008951
15845 25440797419
15846 25443137803
15847 25443316181
15848 25443765103
15849 25446160963
15850 25446626203
15851 25451016961
15852 25454055703
15853 25455385429
15854 25456267883
15855 25456536709
15856 25457165809
15857 25457600803
15858 25458772699
15859 25458977717
15860 25460228081
15861 25460786419
15862 25464927409
15863 25468046203
15864 25472301923
15865 25481857853
15866 25483002491
15867 25488464689
15868 25489711609
15869 25491671911
15870 25493116951
15871 25496743039
15872 25497752029
15873 25501280681
15874 25501754713
15875 25504777429
15876 25511111711
15877 25512150311
15878 25513244923
15879 25519032191
15880 25520415581
15881 25526249113
15882 25528288789
15883 25529058619
15884 25538804861
15885 25542827203
15886 25544135081
15887 25544759599
15888 25546515829
15889 25546650403
15890 25546923851
15891 25547347429
15892 25547808799
15893 25548435439
15894 25549037719
15895 25552770403
15896 25556911213
15897 25557811819
15898 25559490863
15899 25560095413
15900 25562215813
15901 25573537519
15902 25573936309
15903 25574174809
15904 25575969437
15905 25582844509
15906 25583084861
15907 25583316739
15908 25586412403
15909 25589143883
15910 25589358737
15911 25591761851
15912 25594376957
15913 25595680909
15914 25595761129
15915 25596587089
15916 25597085029
15917 25604123887
15918 25604176603
15919 25609553719
15920 25610185963
15921 25615433803
15922 25615953947
15923 25616860729
15924 25617639799
15925 25622255713
15926 25623118813
15927 25623980719
15928 25626661213
15929 25627483883
15930 25629093439
15931 25630992529
15932 25633697209
15933 25634443603
15934 25634486873
15935 25637318719
15936 25643323091
15937 25644553303
15938 25645921871
15939 25645925419
15940 25647961789
15941 25649715863
15942 25652703613
15943 25653989807
15944 25654760539
15945 25655519419
15946 25655580103
15947 25659711439
15948 25661527921
15949 25661962429
15950 25663287319
15951 25664990209
15952 25665372013
15953 25667039963
15954 25668323539
15955 25670535829
15956 25676388737
15957 25681554529
15958 25682713921
15959 25689370219
15960 25694866727
15961 25696611901
15962 25699295627
15963 25701099313
15964 25701240953
15965 25708716013
15966 25713592871
15967 25715002031
15968 25715331281
15969 25717804921
15970 25718028313
15971 25718377309
15972 25718912203
15973 25725051973
15974 25725382303
15975 25727129993
15976 25727157619
15977 25729274509
15978 25730275951
15979 25730694529
15980 25730753891
15981 25737478399
15982 25739521729
15983 25740143291
15984 25744133081
15985 25746362539
15986 25750875229
15987 25759345699
15988 25761408931
15989 25771741213
15990 25774407947
15991 25779247009
15992 25782518329
15993 25784344609
15994 25785205871
15995 25786251013
15996 25788032861
15997 25789269707
15998 25789369337
15999 25790098853
16000 25790351413
16001 25798794199
16002 25798810909
16003 25802055281
16004 25802738809
16005 25805258113
16006 25809676489
16007 25812190181
16008 25814718901
16009 25816542881
16010 25820639539
16011 25821834403
16012 25822246603
16013 25823625829
16014 25824061091
16015 25832150381
16016 25833843103
16017 25835417911
16018 25836437873
16019 25841095921
16020 25841863609
16021 25849453219
16022 25850881429
16023 25852420963
16024 25853392003
16025 25857081013
16026 25857921919
16027 25860058921
16028 25860463729
16029 25860944419
16030 25863717977
16031 25864673599
16032 25870069339
16033 25873652509
16034 25875983599
16035 25877473399
16036 25881071413
16037 25881343921
16038 25882545319
16039 25885251709
16040 25887027409
16041 25892160313
16042 25899379217
16043 25899499007
16044 25899832727
16045 25903406803
16046 25905146503
16047 25906319539
16048 25906638319
16049 25908355003
16050 25909106413
16051 25912069961
16052 25912952539
16053 25913588599
16054 25915543729
16055 25918606429
16056 25921715503
16057 25925767009
16058 25927122703
16059 25931327413
16060 25933363639
16061 25937975627
16062 25939522519
16063 25940638519
16064 25944554239
16065 25945351921
16066 25945452947
16067 25946611819
16068 25948046329
16069 25948784599
16070 25950049819
16071 25952496109
16072 25954206829
16073 25958123957
16074 25959673099
16075 25967583737
16076 25970954957
16077 25972608229
16078 25973994499
16079 25974980299
16080 25978866227
16081 25981021181
16082 25981097119
16083 25981589807
16084 25986747617
16085 25987008977
16086 25987468399
16087 25989776027
16088 25990949717
16089 25991608967
16090 25993285489
16091 25998060139
16092 25999200947
16093 26002572923
16094 26003098813
16095 26005889963
16096 26006051411
16097 26009812963
16098 26010991091
16099 26016973729
16100 26017053581
16101 26017894519
16102 26020491011
16103 26021401631
16104 26021884951
16105 26024636713
16106 26028753739
16107 26031410173
16108 26032254877
16109 26034901391
16110 26035598873
16111 26035966003
16112 26037187303
16113 26041351943
16114 26043910933
16115 26046325181
16116 26047628539
16117 26049834947
16118 26051400073
16119 26051889889
16120 26055053291
16121 26056994209
16122 26059259329
16123 26061341953
16124 26063016011
16125 26063264081
16126 26066634313
16127 26069348419
16128 26071277891
16129 26078602951
16130 26079317629
16131 26083494851
16132 26084338729
16133 26085225703
16134 26085953419
16135 26086914013
16136 26089392863
16137 26090521481
16138 26090592739
16139 26090933503
16140 26091886039
16141 26097930619
16142 26098222603
16143 26098833799
16144 26099140513
16145 26102248481
16146 26102485813
16147 26108192713
16148 26108403961
16149 26110625971
16150 26111154221
16151 26112898519
16152 26113091887
16153 26114681713
16154 26117708891
16155 26126047813
16156 26126125933
16157 26126619971
16158 26129586229
16159 26131426933
16160 26135980729
16161 26141620781
16162 26144895229
16163 26145806839
16164 26146286539
16165 26148595699
16166 26150487739
16167 26152598509
16168 26153212781
16169 26156600923
16170 26163820181
16171 26165923639
16172 26167340081
16173 26175541603
16174 26175884029
16175 26178532819
16176 26179020281
16177 26187285977
16178 26187346519
16179 26193298129
16180 26205403943
16181 26209262081
16182 26211284923
16183 26217101321
16184 26218826911
16185 26221286713
16186 26222097613
16187 26222519933
16188 26222709703
16189 26223548891
16190 26223955213
16191 26231180953
16192 26239481539
16193 26239684129
16194 26241184091
16195 26244212681
16196 26244635839
16197 26244661603
16198 26244983329
16199 26249098129
16200 26255587129
16201 26256383203
16202 26260479983
16203 26261745931
16204 26262448921
16205 26263498853
16206 26264404091
16207 26269395589
16208 26271140887
16209 26271384313
16210 26273069629
16211 26274476419
16212 26275497019
16213 26276543809
16214 26278698499
16215 26278921003
16216 26279059789
16217 26280500111
16218 26287283419
16219 26288502739
16220 26289051829
16221 26292637883
16222 26295027881
16223 26295507709
16224 26299184599
16225 26302717813
16226 26304355963
16227 26306029903
16228 26307096313
16229 26309446213
16230 26313959509
16231 26314755403
16232 26316274951
16233 26318097709
16234 26318434951
16235 26318653213
16236 26319108703
16237 26320036781
16238 26325248839
16239 26330891413
16240 26332796239
16241 26337848209
16242 26341886509
16243 26346421181
16244 26347098863
16245 26350665881
16246 26354023391
16247 26356750729
16248 26357464519
16249 26361208963
16250 26363931931
16251 26365056313
16252 26368093519
16253 26370791539
16254 26371543951
16255 26372573809
16256 26374308739
16257 26375995699
16258 26377479199
16259 26379835399
16260 26380724413
16261 26382289699
16262 26388591589
16263 26390258911
16264 26390277103
16265 26390485339
16266 26393316931
16267 26397452509
16268 26397948617
16269 26398038319
16270 26399024629
16271 26402140001
16272 26402985013
16273 26404717513
16274 26408129981
16275 26408749039
16276 26410127111
16277 26412062993
16278 26414776519
16279 26415585709
16280 26418133813
16281 26418209413
16282 26422103321
16283 26423608513
16284 26429415403
16285 26429451403
16286 26436005381
16287 26436627439
16288 26438042713
16289 26440656313
16290 26441439403
16291 26443354603
16292 26447166439
16293 26447238901
16294 26448830539
16295 26449652329
16296 26451287113
16297 26451896599
16298 26458971499
16299 26459074003
16300 26459899127
16301 26460800291
16302 26460934921
16303 26461617313
16304 26461844719
16305 26462743729
16306 26471661313
16307 26475107839
16308 26476090639
16309 26478414439
16310 26478700921
16311 26480548519
16312 26481982039
16313 26482871329
16314 26483799499
16315 26484354901
16316 26485779499
16317 26486547019
16318 26488092409
16319 26489712229
16320 26490575239
16321 26492418947
16322 26495066239
16323 26499904009
16324 26500137491
16325 26500608191
16326 26502401963
16327 26503814081
16328 26523441281
16329 26524555639
16330 26527210481
16331 26527646419
16332 26527803881
16333 26530479439
16334 26531272091
16335 26531674303
16336 26536575319
16337 26537352739
16338 26540964529
16339 26549641883
16340 26551504813
16341 26556812957
16342 26558337139
16343 26559103951
16344 26561776039
16345 26564175901
16346 26564235403
16347 26569147789
16348 26571728873
16349 26572890919
16350 26573723629
16351 26578275109
16352 26579477599
16353 26579522509
16354 26581856689
16355 26584177853
16356 26584506901
16357 26585398727
16358 26590160081
16359 26591136881
16360 26594158039
16361 26596016539
16362 26597354689
16363 26599398913
16364 26599477517
16365 26605290703
16366 26605664203
16367 26605725313
16368 26610644803
16369 26611721291
16370 26611767709
16371 26616791419
16372 26618429419
16373 26621024993
16374 26622703813
16375 26624422091
16376 26624847229
16377 26624962883
16378 26627335921
16379 26629185977
16380 26629341313
16381 26631591313
16382 26632483921
16383 26639325103
16384 26644923947
16385 26645199589
16386 26645427439
16387 26646723013
16388 26647868089
16389 26650430291
16390 26650831951
16391 26651558873
16392 26653176439
16393 26654629129
16394 26654736319
16395 26655808219
16396 26656780039
16397 26659320739
16398 26659413947
16399 26663264629
16400 26663674129
16401 26664340513
16402 26665628599
16403 26668391209
16404 26671709963
16405 26672772229
16406 26676462863
16407 26680740739
16408 26682215503
16409 26682314891
16410 26686522609
16411 26686570219
16412 26687809727
16413 26690592139
16414 26694023413
16415 26694272873
16416 26698254109
16417 26700513491
16418 26702762413
16419 26703593911
16420 26705619439
16421 26705864873
16422 26709507901
16423 26711776519
16424 26714275871
16425 26715245941
16426 26717640931
16427 26718371629
16428 26719008829
16429 26721746539
16430 26724096709
16431 26728879399
16432 26729008213
16433 26729205931
16434 26733077719
16435 26733741739
16436 26735156113
16437 26739800809
16438 26743465429
16439 26744689099
16440 26748525319
16441 26751198977
16442 26754180829
16443 26760393529
16444 26760635203
16445 26772132703
16446 26774912509
16447 26779320709
16448 26783489807
16449 26784479537
16450 26793799037
16451 26796203719
16452 26797207039
16453 26799849017
16454 26807401963
16455 26808793009
16456 26811155803
16457 26813209939
16458 26815671013
16459 26816503951
16460 26819731429
16461 26821871957
16462 26822626213
16463 26824523503
16464 26826054403
16465 26828208947
16466 26828215303
16467 26830353703
16468 26832973309
16469 26834655863
16470 26836400081
16471 26837150941
16472 26837619019
16473 26839613873
16474 26839742029
16475 26840844529
16476 26841836509
16477 26844673853
16478 26846569637
16479 26849016013
16480 26850578119
16481 26850778489
16482 26851485319
16483 26854470947
16484 26855157799
16485 26855635129
16486 26857761589
16487 26859982399
16488 26860352503
16489 26864372239
16490 26868802967
16491 26870155303
16492 26875705699
16493 26876677517
16494 26878735699
16495 26879312329
16496 26879794127
16497 26881173439
16498 26883380239
16499 26884421719
16500 26888606299
16501 26891829827
16502 26892025819
16503 26892084319
16504 26892910003
16505 26896332919
16506 26898108947
16507 26899918037
16508 26901674203
16509 26902129913
16510 26902753921
16511 26904642829
16512 26905523413
16513 26906380213
16514 26906750809
16515 26907091639
16516 26908325809
16517 26910809539
16518 26911310021
16519 26913367609
16520 26916920113
16521 26917983289
16522 26919028519
16523 26920544503
16524 26922653861
16525 26924472013
16526 26925549589
16527 26927506429
16528 26928261439
16529 26933511613
16530 26933952319
16531 26935065851
16532 26935215403
16533 26938572109
16534 26939710883
16535 26939758933
16536 26940639889
16537 26942217829
16538 26943506861
16539 26944389827
16540 26946947717
16541 26950083313
16542 26951891599
16543 26954461609
16544 26955133213
16545 26955337039
16546 26963760919
16547 26965296289
16548 26971365409
16549 26972757199
16550 26974990699
16551 26975363599
16552 26977953617
16553 26978991407
16554 26983884527
16555 26985225863
16556 26993325319
16557 26995096727
16558 26999491399
16559 27005884729
16560 27006296413
16561 27013690181
16562 27016479103
16563 27017796977
16564 27017969029
16565 27018652513
16566 27019970539
16567 27020158933
16568 27020498839
16569 27020989003
16570 27021669739
16571 27022214963
16572 27023691703
16573 27024396313
16574 27029854339
16575 27030745813
16576 27031238291
16577 27031462481
16578 27034152581
16579 27035646881
16580 27041909929
16581 27045585103
16582 27046676329
16583 27047121961
16584 27048690709
16585 27049160713
16586 27049494319
16587 27053568439
16588 27053929519
16589 27054112781
16590 27055125281
16591 27058681519
16592 27058925419
16593 27069909109
16594 27070940713
16595 27073648883
16596 27075790883
16597 27076239709
16598 27078154819
16599 27078529039
16600 27080089639
16601 27080860603
16602 27081690403
16603 27081867863
16604 27083219413
16605 27083268529
16606 27085625719
16607 27087006703
16608 27095153413
16609 27097470013
16610 27099894527
16611 27102387703
16612 27110659957
16613 27114347713
16614 27115112963
16615 27117386861
16616 27117865609
16617 27119930503
16618 27126762931
16619 27129349339
16620 27129750313
16621 27130200131
16622 27131063111
16623 27131153591
16624 27132869899
16625 27133166803
16626 27134186941
16627 27138491203
16628 27139770709
16629 27140239813
16630 27144924739
16631 27145633951
16632 27145736203
16633 27146395519
16634 27146846329
16635 27149243413
16636 27149273719
16637 27151685629
16638 27152031131
16639 27155194303
16640 27156970339
16641 27159077873
16642 27160325923
16643 27161420887
16644 27161727403
16645 27163755851
16646 27163767409
16647 27164478977
16648 27168184339
16649 27168335539
16650 27170005943
16651 27173050481
16652 27173814403
16653 27174829789
16654 27175915883
16655 27176514881
16656 27176646229
16657 27179703619
16658 27181953901
16659 27184619963
16660 27186467029
16661 27187361629
16662 27188415619
16663 27189224809
16664 27196307629
16665 27199024819
16666 27204110711
16667 27204540943
16668 27204709957
16669 27205488529
16670 27206194513
16671 27208177729
16672 27208240933
16673 27210610421
16674 27210840011
16675 27211530953
16676 27212867719
16677 27214557313
16678 27217711813
16679 27219654013
16680 27229094911
16681 27229907329
16682 27230519977
16683 27236939999
16684 27237942439
16685 27244405091
16686 27246119839
16687 27257379109
16688 27259898923
16689 27260963957
16690 27261932839
16691 27263212391
16692 27263336413
16693 27267444709
16694 27268063213
16695 27269444239
16696 27270104111
16697 27275271739
16698 27280161191
16699 27283754873
16700 27284475409
16701 27287450629
16702 27292979807
16703 27295349999
16704 27299218967
16705 27301395703
16706 27302280491
16707 27303171491
16708 27306358213
16709 27309517303
16710 27313807513
16711 27314095951
16712 27314286313
16713 27316348303
16714 27316411933
16715 27319337113
16716 27320888509
16717 27328075871
16718 27329990599
16719 27330776719
16720 27331300001
16721 27331946539
16722 27340387639
16723 27342222581
16724 27343716931
16725 27361975219
16726 27365128729
16727 27369594289
16728 27371083951
16729 27374295139
16730 27376013803
16731 27382131191
16732 27383254303
16733 27385209013
16734 27385857199
16735 27385977527
16736 27388508689
16737 27392916409
16738 27392958737
16739 27399016339
16740 27399990617
16741 27400038877
16742 27404629729
16743 27407822941
16744 27408276013
16745 27415772203
16746 27418160713
16747 27418829209
16748 27429211963
16749 27430964629
16750 27436543639
16751 27437125603
16752 27438870139
16753 27439187029
16754 27444047941
16755 27446327539
16756 27447282619
16757 27447302081
16758 27449250403
16759 27449501941
16760 27451476439
16761 27452337881
16762 27453346303
16763 27455138957
16764 27457154911
16765 27465713203
16766 27475917947
16767 27479916199
16768 27481589299
16769 27484081213
16770 27486668717
16771 27487739627
16772 27492574699
16773 27496272799
16774 27496346029
16775 27498781637
16776 27499513039
16777 27500531111
16778 27500710031
16779 27506089609
16780 27507960901
16781 27509771329
16782 27514367539
16783 27517198853
16784 27520695947
16785 27527443819
16786 27530079919
16787 27537023081
16788 27540916213
16789 27542529983
16790 27545708873
16791 27546350941
16792 27552200887
16793 27556353901
16794 27556457119
16795 27556570609
16796 27556689437
16797 27558610213
16798 27561498499
16799 27569769317
16800 27569967913
16801 27570482911
16802 27573917689
16803 27574974289
16804 27575079019
16805 27576993617
16806 27579571489
16807 27581468209
16808 27586271239
16809 27586810883
16810 27586913209
16811 27588461209
16812 27593698607
16813 27596413003
16814 27599485933
16815 27600685729
16816 27600810491
16817 27600974911
16818 27601631923
16819 27603744313
16820 27605667977
16821 27605780809
16822 27608553103
16823 27609882947
16824 27611249503
16825 27613160291
16826 27614404963
16827 27614903413
16828 27615649129
16829 27624912313
16830 27625172503
16831 27629101963
16832 27632659897
16833 27633529519
16834 27635410091
16835 27637889507
16836 27638131603
16837 27638278489
16838 27644293609
16839 27648107719
16840 27648276589
16841 27651567319
16842 27653673919
16843 27656662853
16844 27659037799
16845 27662369029
16846 27664440403
16847 27665588627
16848 27667602439
16849 27671034613
16850 27673043941
16851 27675562699
16852 27677454589
16853 27679006609
16854 27679342129
16855 27685958327
16856 27686199707
16857 27688964923
16858 27695342509
16859 27695885417
16860 27697011931
16861 27698402873
16862 27701291081
16863 27703890901
16864 27707053603
16865 27710115581
16866 27711734503
16867 27711753739
16868 27714726439
16869 27714893029
16870 27721669897
16871 27723603613
16872 27725771509
16873 27731861719
16874 27732339983
16875 27733236313
16876 27737554129
16877 27738587089
16878 27741328729
16879 27742154941
16880 27742924609
16881 27744050713
16882 27745517329
16883 27746535799
16884 27759346399
16885 27760629409
16886 27760844329
16887 27764366029
16888 27765132403
16889 27767178737
16890 27768098599
16891 27774318919
16892 27777005629
16893 27778230947
16894 27784073329
16895 27784110703
16896 27785520709
16897 27785625947
16898 27787151239
16899 27787252699
16900 27790852853
16901 27796397327
16902 27801437941
16903 27805817873
16904 27807380957
16905 27807519889
16906 27810294829
16907 27810984863
16908 27811027091
16909 27811646861
16910 27811941739
16911 27812584339
16912 27813411973
16913 27818588599
16914 27820135813
16915 27824309809
16916 27825074911
16917 27826367689
16918 27827233729
16919 27831905719
16920 27833131091
16921 27833574319
16922 27836751863
16923 27841132181
16924 27843811871
16925 27844613911
16926 27848325919
16927 27850461739
16928 27852844909
16929 27855603851
16930 27857854637
16931 27860538799
16932 27862438129
16933 27863027809
16934 27863222941
16935 27863901529
16936 27864939437
16937 27867866417
16938 27873125911
16939 27875244409
16940 27878879909
16941 27879607099
16942 27882113503
16943 27886152863
16944 27889212919
16945 27889364717
16946 27892102603
16947 27893495627
16948 27896382737
16949 27896890517
16950 27899410219
16951 27904745419
16952 27905000933
16953 27910005581
16954 27913715719
16955 27914332951
16956 27914406739
16957 27915314503
16958 27916446139
16959 27919470977
16960 27922421081
16961 27923309993
16962 27926079989
16963 27929145799
16964 27931632931
16965 27931954129
16966 27932383519
16967 27934921519
16968 27936700303
16969 27940256629
16970 27943018871
16971 27943394029
16972 27943853029
16973 27945080113
16974 27946083229
16975 27947017429
16976 27953049889
16977 27954502819
16978 27955715209
16979 27958211629
16980 27958725737
16981 27959388407
16982 27961428409
16983 27965637289
16984 27966128689
16985 27966532309
16986 27971751229
16987 27974795923
16988 27975439637
16989 27977210113
16990 27977394527
16991 27977890427
16992 27981460519
16993 27981612013
16994 27984510013
16995 27984916699
16996 27987010819
16997 27987825527
16998 27988759919
16999 27991144609
17000 27993856337
17001 27994011739
17002 27994297399
17003 27995612209
17004 27998493137
17005 27999437507
17006 28004171887
17007 28008521381
17008 28008935113
17009 28015931803
17010 28016511491
17011 28022293181
17012 28024425973
17013 28025279809
17014 28027574203
17015 28027704703
17016 28029309313
17017 28030014611
17018 28030316021
17019 28035164081
17020 28038263941
17021 28038767209
17022 28039000897
17023 28040140001
17024 28040638513
17025 28044343181
17026 28044757519
17027 28045376539
17028 28046214281
17029 28046925103
17030 28048707013
17031 28051600691
17032 28051602581
17033 28053102131
17034 28054308703
17035 28055895499
17036 28056561931
17037 28057175957
17038 28057610803
17039 28059548029
17040 28061563951
17041 28062962861
17042 28064482921
17043 28067538977
17044 28070782921
17045 28073844947
17046 28074646609
17047 28075029739
17048 28076132713
17049 28077927947
17050 28079766289
17051 28079929699
17052 28082875039
17053 28087000481
17054 28088142829
17055 28088922919
17056 28090794139
17057 28091993029
17058 28094198029
17059 28096125881
17060 28098814039
17061 28100460953
17062 28101072221
17063 28101214331
17064 28103379919
17065 28104559729
17066 28106666719
17067 28106909629
17068 28108105391
17069 28112597861
17070 28114014311
17071 28117311491
17072 28117494103
17073 28119338809
17074 28121400431
17075 28131121001
17076 28131897229
17077 28132121231
17078 28134924739
17079 28137904303
17080 28140661963
17081 28141647739
17082 28148541931
17083 28151041031
17084 28152855529
17085 28153008973
17086 28155937699
17087 28163929309
17088 28165383619
17089 28167682853
17090 28169899127
17091 28172465539
17092 28176255529
17093 28179076967
17094 28179360901
17095 28184552629
17096 28186528967
17097 28187055709
17098 28190570413
17099 28191137941
17100 28192023973
17101 28193914429
17102 28194925699
17103 28197439489
17104 28201669819
17105 28203108961
17106 28203402221
17107 28203535813
17108 28207889299
17109 28209178003
17110 28216808911
17111 28217838409
17112 28218749029
17113 28222125923
17114 28224510943
17115 28224954529
17116 28225874329
17117 28226873509
17118 28226978389
17119 28232081291
17120 28233879109
17121 28234786967
17122 28235169103
17123 28235946229
17124 28237091503
17125 28238104963
17126 28241937439
17127 28243391503
17128 28244678029
17129 28248119951
17130 28253482819
17131 28253625931
17132 28257744139
17133 28258095863
17134 28269030613
17135 28271269003
17136 28273442941
17137 28275218957
17138 28275252403
17139 28276597189
17140 28278232921
17141 28281112933
17142 28283137639
17143 28288966933
17144 28290592339
17145 28291133081
17146 28292586947
17147 28295661319
17148 28296257599
17149 28297135519
17150 28297714853
17151 28301920391
17152 28305509839
17153 28306087819
17154 28306141481
17155 28307784863
17156 28308058213
17157 28309087003
17158 28309535113
17159 28312666639
17160 28318764863
17161 28328103191
17162 28329416113
17163 28329734239
17164 28330639303
17165 28331870503
17166 28331898499
17167 28332987019
17168 28333925911
17169 28334803951
17170 28337159509
17171 28340407091
17172 28341248839
17173 28341739609
17174 28342759789
17175 28344438439
17176 28348418239
17177 28348699607
17178 28356847009
17179 28358020181
17180 28360339729
17181 28362058213
17182 28363237871
17183 28363656319
17184 28366269499
17185 28366869499
17186 28367015503
17187 28369554019
17188 28374365329
17189 28384204951
17190 28388566637
17191 28389952637
17192 28390568957
17193 28390789727
17194 28392989921
17195 28393601839
17196 28394878399
17197 28402005311
17198 28405999969
17199 28407437957
17200 28414967029
17201 28415939119
17202 28417417871
17203 28417656409
17204 28421897029
17205 28423539103
17206 28425014291
17207 28427311813
17208 28428282947
17209 28430754739
17210 28434035803
17211 28434327403
17212 28435641739
17213 28435890229
17214 28436171839
17215 28438529029
17216 28438927399
17217 28439244709
17218 28439270957
17219 28442580931
17220 28444989437
17221 28448691589
17222 28448860309
17223 28450250923
17224 28452792139
17225 28453734619
17226 28454509519
17227 28456935019
17228 28462987699
17229 28463760439
17230 28464609799
17231 28465163539
17232 28467077689
17233 28474299199
17234 28474593947
17235 28481537509
17236 28482320803
17237 28485314629
17238 28487946499
17239 28489866137
17240 28490405413
17241 28491063313
17242 28491264103
17243 28494483109
17244 28494925399
17245 28498220911
17246 28503605803
17247 28506921739
17248 28506999527
17249 28512944539
17250 28513633513
17251 28515446203
17252 28516164829
17253 28523962609
17254 28526290213
17255 28526665309
17256 28529091947
17257 28532035963
17258 28532791429
17259 28537296019
17260 28538147873
17261 28539573499
17262 28539885527
17263 28543838689
17264 28547454863
17265 28547612809
17266 28552176619
17267 28552591883
17268 28553074639
17269 28553672239
17270 28555725977
17271 28556811851
17272 28560823639
17273 28561418957
17274 28561752619
17275 28566548299
17276 28570562539
17277 28575666199
17278 28576526119
17279 28576702519
17280 28577108509
17281 28577345119
17282 28577940947
17283 28585266109
17284 28588089527
17285 28589729237
17286 28592325851
17287 28593539837
17288 28594082329
17289 28597298237
17290 28599658099
17291 28599956117
17292 28605685789
17293 28606686109
17294 28617206941
17295 28618290947
17296 28618298299
17297 28618462003
17298 28621622713
17299 28625169319
17300 28625585689
17301 28626633103
17302 28626804439
17303 28627269589
17304 28628696599
17305 28629422113
17306 28630588309
17307 28631490931
17308 28632205813
17309 28632838309
17310 28637585299
17311 28637712619
17312 28640247403
17313 28646214829
17314 28646306809
17315 28650002993
17316 28651060091
17317 28652256901
17318 28653356873
17319 28655382229
17320 28655689607
17321 28658791099
17322 28667351329
17323 28667808289
17324 28670434213
17325 28670777299
17326 28674338029
17327 28678466599
17328 28682008921
17329 28682922319
17330 28683128329
17331 28685635399
17332 28685738089
17333 28688259499
17334 28690441729
17335 28691896399
17336 28693078009
17337 28693679327
17338 28702728013
17339 28703437729
17340 28705486699
17341 28708598089
17342 28712494883
17343 28715298019
17344 28720816819
17345 28724289499
17346 28727039329
17347 28727527789
17348 28733318539
17349 28733694109
17350 28738135609
17351 28747921039
17352 28748215519
17353 28748485699
17354 28749659831
17355 28749663737
17356 28751070703
17357 28752618799
17358 28754174873
17359 28755601921
17360 28762082809
17361 28762090639
17362 28763844019
17363 28770463429
17364 28772057239
17365 28772467489
17366 28774577537
17367 28777140013
17368 28781405911
17369 28781632339
17370 28782540901
17371 28786710863
17372 28787310529
17373 28788656327
17374 28792311739
17375 28793636299
17376 28794737627
17377 28795701139
17378 28799187227
17379 28802488219
17380 28802600291
17381 28804526957
17382 28805194339
17383 28805635003
17384 28806374329
17385 28816664119
17386 28823897717
17387 28827526309
17388 28829595437
17389 28835437129
17390 28836750799
17391 28844448019
17392 28846867607
17393 28847435599
17394 28847664289
17395 28857423863
17396 28857773627
17397 28858047499
17398 28858710799
17399 28859730019
17400 28859838913
17401 28864822309
17402 28869809893
17403 28869835607
17404 28870165609
17405 28872325883
17406 28874240809
17407 28876384189
17408 28877828327
17409 28878251599
17410 28879806617
17411 28880545219
17412 28883485637
17413 28887194627
17414 28888891217
17415 28889713189
17416 28890158029
17417 28890513013
17418 28891223957
17419 28892839427
17420 28892958407
17421 28895120113
17422 28896553727
17423 28898177299
17424 28902138739
17425 28905406213
17426 28907603911
17427 28909569617
17428 28912138921
17429 28912480921
17430 28914820303
17431 28915806229
17432 28916233921
17433 28917641509
17434 28920407839
17435 28922818219
17436 28927304911
17437 28928220403
17438 28932371203
17439 28934265229
17440 28935390139
17441 28936138219
17442 28937093599
17443 28937774717
17444 28939368707
17445 28944319897
17446 28944904039
17447 28945570039
17448 28945804309
17449 28947630863
17450 28947818089
17451 28954641977
17452 28959539237
17453 28961154619
17454 28964551219
17455 28965008329
17456 28976150509
17457 28977020911
17458 28977566923
17459 28978773137
17460 28980737389
17461 28982054873
17462 28983351409
17463 28988566037
17464 28988713099
17465 28989561437
17466 28991840029
17467 28997471717
17468 28998003799
17469 29006141953
17470 29006297539
17471 29007097871
17472 29012151221
17473 29013399529
17474 29013498947
17475 29014791881
17476 29016855103
17477 29018991409
17478 29023022411
17479 29023141943
17480 29025568609
17481 29026297609
17482 29026833739
17483 29027212481
17484 29030884639
17485 29033893519
17486 29036983309
17487 29040142031
17488 29041398619
17489 29044970113
17490 29045245951
17491 29046405613
17492 29046606829
17493 29051011421
17494 29051450381
17495 29054943851
17496 29055611803
17497 29056501091
17498 29061294739
17499 29063502973
17500 29066167003
17501 29067197119
17502 29068326439
17503 29071180091
17504 29072208703
17505 29072408941
17506 29073722891
17507 29075772919
17508 29077047529
17509 29081593339
17510 29086860863
17511 29087075873
17512 29088108013
17513 29090455921
17514 29093000933
17515 29093961977
17516 29096367589
17517 29098897307
17518 29098994923
17519 29099360239
17520 29101973503
17521 29102530031
17522 29103066191
17523 29103615973
17524 29105663413
17525 29107025291
17526 29108587699
17527 29108759209
17528 29109186709
17529 29109561931
17530 29109573439
17531 29109763429
17532 29112629929
17533 29117167921
17534 29119326403
17535 29120167963
17536 29124929963
17537 29127184871
17538 29128495789
17539 29132957509
17540 29134315813
17541 29134428931
17542 29139187309
17543 29139330613
17544 29140496113
17545 29141178739
17546 29143382413
17547 29144184931
17548 29147208313
17549 29147613829
17550 29153237413
17551 29160225973
17552 29163659029
17553 29163737873
17554 29163927409
17555 29172601813
17556 29174141081
17557 29174550403
17558 29174997437
17559 29175452629
17560 29175823003
17561 29176643239
17562 29181340963
17563 29181680113
17564 29183067709
17565 29183816509
17566 29185213513
17567 29186825599
17568 29187675289
17569 29188311403
17570 29188747099
17571 29189271799
17572 29190487699
17573 29195139139
17574 29197019419
17575 29200523993
17576 29202479629
17577 29203469629
17578 29204450291
17579 29210294713
17580 29212817941
17581 29218334839
17582 29219276329
17583 29219457919
17584 29221361381
17585 29222205581
17586 29223479963
17587 29224698109
17588 29231564839
17589 29232869599
17590 29235735709
17591 29238197689
17592 29238690799
17593 29238863029
17594 29239214839
17595 29239366853
17596 29239522303
17597 29241991003
17598 29249860309
17599 29252016973
17600 29252844013
17601 29263655419
17602 29265295789
17603 29269712509
17604 29270607739
17605 29271558139
17606 29271860809
17607 29273534113
17608 29274411703
17609 29275465129
17610 29276243809
17611 29277585199
17612 29278945637
17613 29280011993
17614 29280682883
17615 29281126951
17616 29286436789
17617 29287036003
17618 29289132619
17619 29299765933
17620 29301371381
17621 29307647329
17622 29307685219
17623 29309100943
17624 29310823181
17625 29311092191
17626 29314585609
17627 29315387509
17628 29319719887
17629 29322113971
17630 29322732613
17631 29323585003
17632 29323917013
17633 29325581539
17634 29326367509
17635 29326741729
17636 29328604303
17637 29329094419
17638 29331008381
17639 29333275819
17640 29337029993
17641 29337871699
17642 29345318203
17643 29346277039
17644 29349265219
17645 29353160803
17646 29353204963
17647 29353962863
17648 29354496947
17649 29354593967
17650 29354952229
17651 29356237429
17652 29356416619
17653 29357974699
17654 29358721429
17655 29358938627
17656 29359506409
17657 29359611709
17658 29359775717
17659 29360110211
17660 29360602963
17661 29363947489
17662 29369927627
17663 29370444403
17664 29371094719
17665 29379550699
17666 29380897699
17667 29384780209
17668 29391351739
17669 29391583853
17670 29397552109
17671 29401784809
17672 29402477809
17673 29403588139
17674 29407538239
17675 29410196839
17676 29415791239
17677 29416461313
17678 29416478029
17679 29419019719
17680 29419782947
17681 29419999307
17682 29421874883
17683 29423892919
17684 29424585139
17685 29424709519
17686 29426097139
17687 29427126829
17688 29427343639
17689 29427424921
17690 29433448339
17691 29433781519
17692 29439056873
17693 29440259809
17694 29442817003
17695 29443091941
17696 29443462729
17697 29446000391
17698 29446394119
17699 29446477009
17700 29447524339
17701 29457009619
17702 29458589921
17703 29461373861
17704 29463732439
17705 29463785389
17706 29464621213
17707 29466743209
17708 29468929517
17709 29470393429
17710 29472373429
17711 29472711739
17712 29473233739
17713 29473510603
17714 29477371219
17715 29478405409
17716 29478837499
17717 29479393189
17718 29482314881
17719 29483815219
17720 29486617399
17721 29488161319
17722 29488569199
17723 29492726209
17724 29492879893
17725 29494293019
17726 29495277199
17727 29496351229
17728 29496353119
17729 29496630409
17730 29497962617
17731 29498686307
17732 29502818539
17733 29505676699
17734 29508000877
17735 29508301091
17736 29509339039
17737 29510290091
17738 29512402481
17739 29513104391
17740 29513451703
17741 29516490439
17742 29518993727
17743 29519390419
17744 29520886309
17745 29521803613
17746 29524071613
17747 29524486699
17748 29524899527
17749 29526481003
17750 29527117303
17751 29529630439
17752 29529825109
17753 29534845699
17754 29536129429
17755 29536640113
17756 29538015739
17757 29543803819
17758 29546322931
17759 29547324619
17760 29556264319
17761 29556621439
17762 29558359189
17763 29558380909
17764 29559109897
17765 29560946119
17766 29560947019
17767 29563096309
17768 29563187029
17769 29563988299
17770 29567576089
17771 29568335119
17772 29569862627
17773 29572504729
17774 29572803709
17775 29573328409
17776 29573482129
17777 29577600901
17778 29579020819
17779 29580388489
17780 29580574789
17781 29581347799
17782 29582135203
17783 29585820139
17784 29587515499
17785 29594206003
17786 29594533699
17787 29597939027
17788 29603870957
17789 29604770203
17790 29614892119
17791 29615720839
17792 29618921873
17793 29618947727
17794 29619810439
17795 29620122491
17796 29622576229
17797 29622965209
17798 29627955199
17799 29631395509
17800 29631954409
17801 29641420091
17802 29643749299
17803 29654695727
17804 29654942599
17805 29655130513
17806 29655132931
17807 29655133639
17808 29657084957
17809 29659682089
17810 29660518609
17811 29662073113
17812 29662811809
17813 29662971109
17814 29666594717
17815 29667939883
17816 29670996499
17817 29671360871
17818 29671923977
17819 29672188009
17820 29673634789
17821 29675355019
17822 29686049389
17823 29688644537
17824 29690262439
17825 29692651039
17826 29693470129
17827 29694305419
17828 29695320439
17829 29696078627
17830 29696148289
17831 29696929981
17832 29701035191
17833 29701410581
17834 29701592719
17835 29704288129
17836 29705265619
17837 29706107891
17838 29709595099
17839 29710302581
17840 29712508729
17841 29713782863
17842 29714634619
17843 29714793109
17844 29716192003
17845 29718174229
17846 29718212413
17847 29719869199
17848 29720157403
17849 29722020943
17850 29723192809
17851 29723550403
17852 29732729209
17853 29735234629
17854 29737927727
17855 29738450509
17856 29739603409
17857 29744291509
17858 29746526209
17859 29746554589
17860 29748425029
17861 29749830589
17862 29750089129
17863 29750703739
17864 29755933489
17865 29756572399
17866 29763053629
17867 29764216883
17868 29764556389
17869 29765061103
17870 29766874933
17871 29772631883
17872 29773504339
17873 29774156957
17874 29774214013
17875 29775678407
17876 29776013629
17877 29780163103
17878 29791704863
17879 29791851589
17880 29793240619
17881 29793485537
17882 29793527389
17883 29793736727
17884 29797699853
17885 29800600391
17886 29804418439
17887 29808008957
17888 29808319039
17889 29810592103
17890 29813244313
17891 29814308809
17892 29815552883
17893 29815553329
17894 29818126339
17895 29818931119
17896 29820661921
17897 29823363439
17898 29825109103
17899 29825589527
17900 29827433329
17901 29827453129
17902 29828055409
17903 29831956009
17904 29836122829
17905 29836398617
17906 29837061619
17907 29837413003
17908 29839281947
17909 29843591599
17910 29846240719
17911 29849594507
17912 29852369389
17913 29853819199
17914 29855237957
17915 29855933389
17916 29858929099
17917 29863830319
17918 29865048019
17919 29867442109
17920 29875216309
17921 29875389883
17922 29875468607
17923 29887817327
17924 29891562499
17925 29891985199
17926 29893738517
17927 29894802947
17928 29902096429
17929 29903373901
17930 29904796189
17931 29904923239
17932 29905114513
17933 29907026861
17934 29907170911
17935 29910657229
17936 29911952509
17937 29913181303
17938 29915154851
17939 29916420829
17940 29922486109
17941 29925017113
17942 29925374029
17943 29926269799
17944 29927040931
17945 29927387627
17946 29928162863
17947 29929017799
17948 29930408719
17949 29930887099
17950 29933165239
17951 29933637499
17952 29934244429
17953 29937963437
17954 29938375189
17955 29938449707
17956 29943391967
17957 29947956407
17958 29948208947
17959 29949503599
17960 29952702529
17961 29953751957
17962 29953769921
17963 29962676089
17964 29965222519
17965 29970710719
17966 29971921219
17967 29973224873
17968 29975161967
17969 29978282627
17970 29979175337
17971 29984351209
17972 29990910799
17973 29992647437
17974 29992701229
17975 30002271401
17976 30005224211
17977 30005301701
17978 30006329021
17979 30006549281
17980 30009574963
17981 30010261601
17982 30014702621
17983 30015923591
17984 30016059011
17985 30016192781
17986 30019615391
17987 30020150773
17988 30020520583
17989 30023181521
17990 30028532591
17991 30033357877
17992 30034011431
17993 30034383877
17994 30039205211
17995 30045798529
17996 30049963819
17997 30050949923
17998 30052627481
17999 30053515691
18000 30056459413
18001 30058028381
18002 30059552713
18003 30060608933
18004 30062004131
18005 30063787213
18006 30064146011
18007 30066204221
18008 30067706803
18009 30072999409
18010 30077050781
18011 30077228803
18012 30078388883
18013 30081182111
18014 30083996419
18015 30089878009
18016 30091799873
18017 30092014331
18018 30093314971
18019 30094917739
18020 30095935921
18021 30095957239
18022 30097858309
18023 30098311391
18024 30098458609
18025 30098609951
18026 30100160939
18027 30100438421
18028 30101872211
18029 30105526897
18030 30106123093
18031 30110253821
18032 30112642421
18033 30117103921
18034 30118288951
18035 30121419311
18036 30122265791
18037 30122430931
18038 30123042283
18039 30123932681
18040 30128208491
18041 30129010211
18042 30132489703
18043 30134598313
18044 30140329781
18045 30143261321
18046 30143728963
18047 30144068291
18048 30145768871
18049 30146733191
18050 30147421897
18051 30147430031
18052 30148666213
18053 30151206611
18054 30159679699
18055 30160274887
18056 30164802961
18057 30170173031
18058 30176915941
18059 30178171813
18060 30178808203
18061 30181799419
18062 30183226481
18063 30185079971
18064 30187674947
18065 30189186947
18066 30190218943
18067 30193937629
18068 30194468809
18069 30198283729
18070 30198781003
18071 30198799727
18072 30199184629
18073 30203511931
18074 30204997213
18075 30208190993
18076 30210452201
18077 30212769967
18078 30213201673
18079 30214615121
18080 30215408681
18081 30217758313
18082 30218224121
18083 30226785829
18084 30227538703
18085 30227775313
18086 30231003611
18087 30234830953
18088 30235639939
18089 30238098829
18090 30238133111
18091 30240802421
18092 30244521311
18093 30249750613
18094 30250031831
18095 30251995303
18096 30254778709
18097 30255481181
18098 30259953439
18099 30260335943
18100 30261138581
18101 30263079967
18102 30265668947
18103 30270117221
18104 30270400921
18105 30274984609
18106 30275114591
18107 30285177313
18108 30287003111
18109 30287760313
18110 30291353291
18111 30292797229
18112 30294439639
18113 30296851213
18114 30298038931
18115 30300506993
18116 30300507011
18117 30300513731
18118 30301280531
18119 30303744943
18120 30304044983
18121 30304301411
18122 30305416781
18123 30310007501
18124 30310410521
18125 30310461073
18126 30311342993
18127 30312338591
18128 30314272943
18129 30316041901
18130 30316489729
18131 30318324877
18132 30321160273
18133 30321769939
18134 30323628281
18135 30329964013
18136 30332220731
18137 30335153993
18138 30335325961
18139 30338450381
18140 30340304021
18141 30340658713
18142 30341863091
18143 30343412321
18144 30344055491
18145 30348292603
18146 30357287113
18147 30358211111
18148 30358827619
18149 30364848947
18150 30364995319
18151 30365774539
18152 30366151391
18153 30366293891
18154 30367980529
18155 30369633313
18156 30370762813
18157 30370880713
18158 30371837891
18159 30376223291
18160 30378300877
18161 30378874129
18162 30379110011
18163 30382602581
18164 30383600971
18165 30384593203
18166 30384666947
18167 30389934409
18168 30391709839
18169 30392906503
18170 30393269719
18171 30394451081
18172 30395657329
18173 30397533931
18174 30400062283
18175 30400509221
18176 30407307011
18177 30412205531
18178 30415622971
18179 30426735613
18180 30427873921
18181 30428381803
18182 30432135221
18183 30436859419
18184 30439140877
18185 30441269933
18186 30442734191
18187 30445569439
18188 30446033953
18189 30448948853
18190 30450658603
18191 30454496911
18192 30457594883
18193 30463946809
18194 30465765013
18195 30466031681
18196 30466219939
18197 30469378967
18198 30472241953
18199 30473120231
18200 30473399329
18201 30475936429
18202 30480519613
18203 30480839951
18204 30486849499
18205 30491066803
18206 30498575119
18207 30502828963
18208 30502887829
18209 30503032631
18210 30505928503
18211 30507836941
18212 30510342521
18213 30511979629
18214 30513211301
18215 30520282691
18216 30521067877
18217 30531705923
18218 30536178931
18219 30537416803
18220 30538814503
18221 30541718803
18222 30541794931
18223 30542488213
18224 30542849993
18225 30548296003
18226 30553477303
18227 30554897599
18228 30556216181
18229 30557950921
18230 30559120391
18231 30560437091
18232 30561753613
18233 30561777901
18234 30563706703
18235 30572738113
18236 30573975409
18237 30579977537
18238 30582134381
18239 30583286203
18240 30584669029
18241 30589491409
18242 30591031781
18243 30596163739
18244 30602697739
18245 30603151973
18246 30606000283
18247 30608738911
18248 30608925313
18249 30610107901
18250 30610174897
18251 30614597809
18252 30615490813
18253 30616760803
18254 30617053391
18255 30628285871
18256 30631066481
18257 30631740961
18258 30632129291
18259 30637941403
18260 30638511973
18261 30642787429
18262 30643848709
18263 30644638729
18264 30646310111
18265 30652656403
18266 30652721381
18267 30653581951
18268 30656060381
18269 30658166719
18270 30658838689
18271 30665539609
18272 30667205081
18273 30669788089
18274 30670971739
18275 30671030321
18276 30671432291
18277 30672871213
18278 30673059971
18279 30674119939
18280 30674494003
18281 30674681809
18282 30678470629
18283 30678762409
18284 30679990399
18285 30680730973
18286 30681137803
18287 30682221961
18288 30686222713
18289 30686318629
18290 30687764599
18291 30689977427
18292 30690319603
18293 30691748239
18294 30694216603
18295 30694247113
18296 30697189399
18297 30697243729
18298 30697679627
18299 30699580039
18300 30702109211
18301 30705639403
18302 30706846213
18303 30708657439
18304 30716019281
18305 30719465911
18306 30719619103
18307 30721498729
18308 30724805803
18309 30725032691
18310 30725309933
18311 30727398319
18312 30732667871
18313 30735983329
18314 30736378429
18315 30737493901
18316 30744261973
18317 30744987019
18318 30745629619
18319 30750218381
18320 30751377403
18321 30753288901
18322 30753634603
18323 30753851941
18324 30759711403
18325 30759799517
18326 30760642181
18327 30764939119
18328 30765173839
18329 30770452091
18330 30770919709
18331 30772134191
18332 30775388029
18333 30775844873
18334 30778652329
18335 30783087529
18336 30783633739
18337 30785604881
18338 30788868499
18339 30793911829
18340 30794203091
18341 30797299727
18342 30798540947
18343 30799363219
18344 30801256933
18345 30802998409
18346 30808569409
18347 30814240031
18348 30817122491
18349 30819919219
18350 30820898239
18351 30820991503
18352 30824679889
18353 30827884309
18354 30829163839
18355 30830768113
18356 30831497629
18357 30833952739
18358 30833976863
18359 30834826639
18360 30836003591
18361 30836782003
18362 30838108603
18363 30843482503
18364 30848258239
18365 30848838109
18366 30858668389
18367 30859258699
18368 30860744503
18369 30862716931
18370 30864597499
18371 30866169409
18372 30872589499
18373 30873087709
18374 30875128303
18375 30875300381
18376 30877194863
18377 30878164003
18378 30879739727
18379 30881923871
18380 30882760819
18381 30883196419
18382 30883266709
18383 30884578009
18384 30886237883
18385 30886498099
18386 30888046429
18387 30888673489
18388 30889246699
18389 30890120971
18390 30892553539
18391 30892920739
18392 30901649413
18393 30901713923
18394 30904610993
18395 30905116933
18396 30905123933
18397 30905589139
18398 30905946901
18399 30907315091
18400 30910323221
18401 30916916203
18402 30918449329
18403 30924737719
18404 30925862113
18405 30926933911
18406 30928628509
18407 30929095429
18408 30931931081
18409 30935677789
18410 30936946129
18411 30939934219
18412 30943998289
18413 30945748129
18414 30945823819
18415 30946309819
18416 30946527851
18417 30946799089
18418 30950079313
18419 30951641803
18420 30952130887
18421 30952323973
18422 30952737103
18423 30953771911
18424 30954113291
18425 30956661013
18426 30961772957
18427 30964241713
18428 30964806619
18429 30967102091
18430 30967866289
18431 30968601931
18432 30969363977
18433 30972563203
18434 30973093639
18435 30973101491
18436 30973899499
18437 30974701603
18438 30974757109
18439 30974891957
18440 30977124881
18441 30977271439
18442 30978276947
18443 30979144519
18444 30979585727
18445 30979659499
18446 30982429003
18447 30983676019
18448 30986406901
18449 30987729827
18450 30996471409
18451 30997922209
18452 30999597913
18453 31000264811
18454 31000481173
18455 31002202873
18456 31003001893
18457 31005111673
18458 31005269291
18459 31005898639
18460 31006806581
18461 31011009131
18462 31011396011
18463 31013003683
18464 31014097481
18465 31017661391
18466 31017885403
18467 31019529703
18468 31022365897
18469 31023769603
18470 31024346993
18471 31024847713
18472 31025413511
18473 31025796313
18474 31031173973
18475 31032186011
18476 31032290321
18477 31036455973
18478 31037389961
18479 31038594403
18480 31039766861
18481 31046469739
18482 31046883313
18483 31052042201
18484 31058376931
18485 31058563513
18486 31059876919
18487 31062080411
18488 31065858619
18489 31066873921
18490 31069382503
18491 31069772809
18492 31069984219
18493 31074072877
18494 31079685863
18495 31081290943
18496 31081738951
18497 31082087713
18498 31082829829
18499 31087818851
18500 31095231491
18501 31097567873
18502 31097836519
18503 31098706871
18504 31100122693
18505 31102564211
18506 31102929953
18507 31114210483
18508 31114320283
18509 31114656281
18510 31117597729
18511 31118244923
18512 31119967883
18513 31120206283
18514 31122743681
18515 31123364887
18516 31126416961
18517 31127813923
18518 31130914691
18519 31131091331
18520 31132653491
18521 31134411901
18522 31135311073
18523 31147085803
18524 31149815941
18525 31150108001
18526 31150647973
18527 31152268963
18528 31155457951
18529 31156488529
18530 31161773803
18531 31164487639
18532 31167397003
18533 31170375281
18534 31173767957
18535 31176584539
18536 31177556629
18537 31177731703
18538 31177880203
18539 31179015191
18540 31181440781
18541 31181441887
18542 31189635947
18543 31190687719
18544 31196547439
18545 31199158429
18546 31201400801
18547 31202348953
18548 31204525981
18549 31204913111
18550 31209387931
18551 31210309331
18552 31212092321
18553 31212279913
18554 31212646481
18555 31212710621
18556 31215254887
18557 31217999977
18558 31226102993
18559 31229960941
18560 31234469503
18561 31236900943
18562 31241684713
18563 31243806973
18564 31244192923
18565 31244810111
18566 31245111983
18567 31245332681
18568 31246204897
18569 31250198713
18570 31250889983
18571 31251926803
18572 31255774639
18573 31257985309
18574 31259179519
18575 31260711311
18576 31261506877
18577 31262090681
18578 31262118961
18579 31265829709
18580 31274212121
18581 31274859229
18582 31276608739
18583 31277591809
18584 31277966029
18585 31285357819
18586 31286918419
18587 31290431933
18588 31291175803
18589 31294973239
18590 31296677029
18591 31297286239
18592 31299462013
18593 31303324511
18594 31303893703
18595 31305104993
18596 31305746081
18597 31307370961
18598 31309000721
18599 31312158877
18600 31315202531
18601 31318478539
18602 31322448973
18603 31323209591
18604 31326693313
18605 31330634021
18606 31330670887
18607 31331867503
18608 31332552011
18609 31332943963
18610 31333540943
18611 31342559929
18612 31342623581
18613 31345129181
18614 31347709961
18615 31348966699
18616 31350416971
18617 31351797947
18618 31352379739
18619 31353897409
18620 31354058713
18621 31354123211
18622 31356522191
18623 31356533713
18624 31362838729
18625 31370042411
18626 31370801887
18627 31370882941
18628 31372727891
18629 31372798129
18630 31374721813
18631 31376862851
18632 31378728319
18633 31380324923
18634 31380860803
18635 31381609603
18636 31381990921
18637 31383551081
18638 31385249113
18639 31385483719
18640 31386466519
18641 31387722739
18642 31388395309
18643 31389060613
18644 31389253921
18645 31389597199
18646 31390090481
18647 31391916739
18648 31393565113
18649 31395333703
18650 31395885947
18651 31398007951
18652 31406289403
18653 31407976609
18654 31410196933
18655 31413384973
18656 31415988319
18657 31416800953
18658 31418397529
18659 31419593911
18660 31421101331
18661 31422904481
18662 31423876639
18663 31424303321
18664 31424489951
18665 31424902391
18666 31426040231
18667 31430212921
18668 31433850191
18669 31434521681
18670 31435471181
18671 31436792957
18672 31438538539
18673 31439376439
18674 31439781619
18675 31442662091
18676 31447286809
18677 31447368947
18678 31447856329
18679 31448277013
18680 31450367803
18681 31454809303
18682 31462469719
18683 31466087911
18684 31466385529
18685 31470398203
18686 31473466729
18687 31475312381
18688 31475770303
18689 31484518213
18690 31488570901
18691 31489273883
18692 31491132923
18693 31498697627
18694 31498732519
18695 31499893189
18696 31505777861
18697 31506213131
18698 31509755957
18699 31510969909
18700 31511573381
18701 31513329191
18702 31516673891
18703 31525981639
18704 31527006491
18705 31527111131
18706 31533711491
18707 31535772739
18708 31535833951
18709 31536317713
18710 31537457719
18711 31539222191
18712 31539816013
18713 31545375881
18714 31547931829
18715 31548706729
18716 31549259509
18717 31549751539
18718 31549781873
18719 31551658871
18720 31553222111
18721 31554734503
18722 31554910813
18723 31555255951
18724 31555597039
18725 31563469519
18726 31566741881
18727 31568508901
18728 31570161943
18729 31575766909
18730 31575787489
18731 31582579219
18732 31585457419
18733 31586644003
18734 31595246629
18735 31596493967
18736 31596721921
18737 31597007941
18738 31600015093
18739 31600067111
18740 31605851803
18741 31606304591
18742 31617733603
18743 31619673013
18744 31620817181
18745 31623467413
18746 31625149939
18747 31626616951
18748 31626675529
18749 31626717739
18750 31627301933
18751 31628957599
18752 31632866539
18753 31633667539
18754 31644651613
18755 31646814931
18756 31646867689
18757 31650049091
18758 31654336603
18759 31656688009
18760 31659406213
18761 31663786309
18762 31663835719
18763 31664277709
18764 31668590329
18765 31670003411
18766 31671667883
18767 31672020311
18768 31673521091
18769 31675173931
18770 31678988507
18771 31680499853
18772 31683666799
18773 31684970329
18774 31688914909
18775 31690043381
18776 31692776957
18777 31695660947
18778 31697626039
18779 31704465703
18780 31705049933
18781 31707383891
18782 31716104887
18783 31718408941
18784 31720349933
18785 31722783881
18786 31724336713
18787 31725275891
18788 31729221191
18789 31729365439
18790 31729384339
18791 31731516281
18792 31734744403
18793 31736534839
18794 31738001681
18795 31738676209
18796 31745239961
18797 31746362891
18798 31747434881
18799 31750386931
18800 31752926203
18801 31753178861
18802 31753461613
18803 31755079519
18804 31755931213
18805 31761105581
18806 31765780883
18807 31766190931
18808 31767636863
18809 31769885627
18810 31773561829
18811 31774122973
18812 31775824519
18813 31775870509
18814 31778145013
18815 31782591947
18816 31783217891
18817 31783381871
18818 31784119729
18819 31787250881
18820 31798875707
18821 31799763199
18822 31800911111
18823 31801144691
18824 31802007311
18825 31802886529
18826 31806369103
18827 31807970539
18828 31808843113
18829 31809835339
18830 31810279957
18831 31810428191
18832 31812885947
18833 31814233481
18834 31818539509
18835 31818743629
18836 31819434739
18837 31822039987
18838 31823168413
18839 31825957853
18840 31828727239
18841 31829707883
18842 31832201321
18843 31832902813
18844 31834322381
18845 31837218313
18846 31838941429
18847 31841214943
18848 31842288619
18849 31844958589
18850 31847830871
18851 31852151291
18852 31852655957
18853 31852672213
18854 31853088851
18855 31853120953
18856 31853327413
18857 31855950103
18858 31862128951
18859 31863176911
18860 31863266629
18861 31863717709
18862 31864248439
18863 31864284103
18864 31865456509
18865 31865706013
18866 31866540313
18867 31867533013
18868 31867824319
18869 31868235439
18870 31869350809
18871 31870695229
18872 31873168003
18873 31873308881
18874 31873978699
18875 31874742439
18876 31877683489
18877 31879433329
18878 31883991947
18879 31884623629
18880 31887515329
18881 31888361419
18882 31888641409
18883 31890937219
18884 31893820639
18885 31897237219
18886 31900111093
18887 31901316581
18888 31902507191
18889 31905578329
18890 31905959689
18891 31907760931
18892 31907971429
18893 31908195439
18894 31908956119
18895 31910343961
18896 31913764303
18897 31915026973
18898 31919482883
18899 31920521993
18900 31923421391
18901 31926275809
18902 31927362829
18903 31928676019
18904 31929019729
18905 31940536951
18906 31942788019
18907 31943100131
18908 31943718619
18909 31947845029
18910 31951665439
18911 31951980103
18912 31954571629
18913 31955219951
18914 31956493853
18915 31959944389
18916 31961337739
18917 31965633709
18918 31968198737
18919 31978052203
18920 31978179199
18921 31982359039
18922 31987152619
18923 31988327029
18924 31990707103
18925 31991065303
18926 31999424599
18927 32006212631
18928 32010137531
18929 32014745923
18930 32014945091
18931 32015926181
18932 32016155021
18933 32016560111
18934 32016623971
18935 32019424933
18936 32021240411
18937 32022075131
18938 32023122311
18939 32023661993
18940 32024400931
18941 32025286091
18942 32025688921
18943 32028482081
18944 32029828213
18945 32030583581
18946 32030981923
18947 32034830111
18948 32037010183
18949 32038089739
18950 32041603511
18951 32044179613
18952 32044611791
18953 32046108011
18954 32046874729
18955 32049450281
18956 32054683513
18957 32059797499
18958 32060681291
18959 32060821691
18960 32061111821
18961 32062341221
18962 32065345181
18963 32065772891
18964 32067883429
18965 32068041581
18966 32071590281
18967 32071929971
18968 32072329943
18969 32074856113
18970 32075286931
18971 32078991229
18972 32079398209
18973 32079841921
18974 32079983209
18975 32081211983
18976 32081212001
18977 32086591921
18978 32088413803
18979 32098323703
18980 32098751911
18981 32100109031
18982 32101254901
18983 32102626691
18984 32103357491
18985 32103636581
18986 32105265877
18987 32108629957
18988 32114840993
18989 32116723481
18990 32121786703
18991 32124306131
18992 32126170031
18993 32128512011
18994 32128662613
18995 32128776709
18996 32132545391
18997 32133493813
18998 32134025411
18999 32135638603
19000 32140813031
19001 32141223901
19002 32144540111
19003 32145480973
19004 32154107933
19005 32158692901
19006 32160780191
19007 32163415391
19008 32168213923
19009 32171305981
19010 32172855931
19011 32181542291
19012 32183492503
19013 32183928103
19014 32186541703
19015 32186857039
19016 32187477863
19017 32188665139
19018 32189806609
19019 32191335973
19020 32194684003
19021 32200430293
19022 32206991503
19023 32207549929
19024 32209701581
19025 32210926933
19026 32219362963
19027 32226425923
19028 32233315691
19029 32233632581
19030 32235027943
19031 32237314933
19032 32237628403
19033 32239149829
19034 32241058391
19035 32246630291
19036 32247126973
19037 32249566883
19038 32252402411
19039 32254567921
19040 32258593519
19041 32259312191
19042 32260531781
19043 32262669619
19044 32268433513
19045 32269345921
19046 32272496629
19047 32273648203
19048 32275663921
19049 32285241973
19050 32286447439
19051 32286906013
19052 32288553439
19053 32289932239
19054 32291740181
19055 32292209933
19056 32293645729
19057 32293718203
19058 32294078629
19059 32296670957
19060 32297292103
19061 32297823013
19062 32299015951
19063 32300798839
19064 32304370211
19065 32307170591
19066 32307449413
19067 32308785013
19068 32310333521
19069 32310360011
19070 32312664973
19071 32316594829
19072 32319146803
19073 32319230681
19074 32324390381
19075 32327113211
19076 32331160331
19077 32331968957
19078 32334460481
19079 32341903933
19080 32342931281
19081 32344388911
19082 32345034923
19083 32345122031
19084 32346874883
19085 32347790539
19086 32349777589
19087 32351363381
19088 32351885911
19089 32356792519
19090 32358552739
19091 32360114231
19092 32360487881
19093 32365853203
19094 32371196941
19095 32371231691
19096 32376820951
19097 32382123581
19098 32382302111
19099 32384759689
19100 32385039829
19101 32385068539
19102 32386291871
19103 32389544329
19104 32391694609
19105 32393456957
19106 32394010031
19107 32394127603
19108 32394417931
19109 32398442861
19110 32399202613
19111 32399698337
19112 32400415331
19113 32402585713
19114 32405139913
19115 32412637963
19116 32414593513
19117 32416668709
19118 32423562973
19119 32423787947
19120 32424990739
19121 32431828603
19122 32435288629
19123 32440779013
19124 32446643503
19125 32446972609
19126 32451525191
19127 32451857629
19128 32457208951
19129 32461281973
19130 32461962829
19131 32473549973
19132 32476646239
19133 32483565619
19134 32486750861
19135 32491682957
19136 32493287873
19137 32496089599
19138 32496828019
19139 32501773813
19140 32505803923
19141 32506664941
19142 32506895873
19143 32507025581
19144 32520413231
19145 32522532943
19146 32525411591
19147 32525960503
19148 32531226491
19149 32531694313
19150 32535746539
19151 32536185739
19152 32537597689
19153 32543631973
19154 32554782947
19155 32557555339
19156 32559154819
19157 32562438313
19158 32567804809
19159 32569352719
19160 32569613809
19161 32571283513
19162 32571816313
19163 32573447911
19164 32573915719
19165 32584223803
19166 32587627129
19167 32591991799
19168 32592653911
19169 32593548139
19170 32595425861
19171 32597446309
19172 32598445909
19173 32604276703
19174 32604894709
19175 32607098203
19176 32609584429
19177 32614997957
19178 32617623613
19179 32619222973
19180 32620043321
19181 32622225943
19182 32626734313
19183 32627824213
19184 32632042897
19185 32632400963
19186 32632694113
19187 32635300031
19188 32640670963
19189 32645475619
19190 32649103181
19191 32649663229
19192 32653521281
19193 32655587119
19194 32658186139
19195 32661134381
19196 32664232091
19197 32665776109
19198 32666263871
19199 32666302181
19200 32667478489
19201 32671037713
19202 32674075639
19203 32674427113
19204 32674987699
19205 32675919019
19206 32677158229
19207 32680382503
19208 32691891863
19209 32694133513
19210 32695573219
19211 32697050839
19212 32697968923
19213 32699182129
19214 32702542391
19215 32702903381
19216 32711710211
19217 32714389429
19218 32715406181
19219 32715457921
19220 32716603963
19221 32724446891
19222 32724517603
19223 32728981699
19224 32731513391
19225 32732719909
19226 32737748209
19227 32738724947
19228 32739483863
19229 32739927109
19230 32746067911
19231 32748263957
19232 32750451191
19233 32751081191
19234 32753604703
19235 32755573003
19236 32756891957
19237 32757885289
19238 32759974699
19239 32760971539
19240 32761587977
19241 32766268039
19242 32767434013
19243 32767478389
19244 32769059689
19245 32769642319
19246 32769806029
19247 32771429629
19248 32776284319
19249 32776709887
19250 32782401973
19251 32784614809
19252 32786356219
19253 32787685727
19254 32788666699
19255 32790882977
19256 32792335819
19257 32795787707
19258 32795974699
19259 32796564019
19260 32798188637
19261 32799475637
19262 32799940399
19263 32804070491
19264 32812760081
19265 32812847629
19266 32814501491
19267 32817428719
19268 32817825619
19269 32824808113
19270 32825673103
19271 32827636003
19272 32830537951
19273 32830612933
19274 32832745639
19275 32835399109
19276 32836367419
19277 32836417921
19278 32837156113
19279 32842960303
19280 32847324931
19281 32849625139
19282 32852032391
19283 32855943863
19284 32859404957
19285 32859472909
19286 32863243951
19287 32864083639
19288 32867068789
19289 32868432529
19290 32869393009
19291 32873146921
19292 32874898517
19293 32879811799
19294 32882197967
19295 32882986637
19296 32883301813
19297 32884546909
19298 32891475919
19299 32895955637
19300 32897241851
19301 32897896217
19302 32900339933
19303 32902850081
19304 32904342973
19305 32905502381
19306 32914590829
19307 32915787109
19308 32917625539
19309 32922465739
19310 32922920081
19311 32924559229
19312 32925606313
19313 32928989237
19314 32929765009
19315 32931284413
19316 32932661413
19317 32936387599
19318 32939550103
19319 32944220923
19320 32944729039
19321 32950287947
19322 32951690203
19323 32954552629
19324 32955427339
19325 32956409509
19326 32956602313
19327 32960771719
19328 32962047931
19329 32965149229
19330 32966617909
19331 32968548737
19332 32972177239
19333 32973616883
19334 32973650113
19335 32973920113
19336 32977479617
19337 32977623799
19338 32977778923
19339 32982108403
19340 32985042403
19341 32985203413
19342 32988834737
19343 32989946923
19344 32990757109
19345 32990937589
19346 32995377199
19347 32995580689
19348 32996092309
19349 32997314239
19350 33000375311
19351 33002117531
19352 33008649829
19353 33014618381
19354 33016547803
19355 33017953603
19356 33022382111
19357 33024705943
19358 33025883413
19359 33027846403
19360 33032213993
19361 33032214011
19362 33032232901
19363 33036848539
19364 33039929899
19365 33040500401
19366 33050812121
19367 33053101093
19368 33057730091
19369 33059077819
19370 33062437813
19371 33064989499
19372 33065447413
19373 33065722181
19374 33068733403
19375 33068788009
19376 33069405613
19377 33072090943
19378 33076014581
19379 33076725739
19380 33077717203
19381 33079635709
19382 33079824013
19383 33082001621
19384 33083491603
19385 33083494729
19386 33085541803
19387 33086356921
19388 33086756509
19389 33087813931
19390 33088727509
19391 33093943303
19392 33094719709
19393 33094836013
19394 33095429113
19395 33097645519
19396 33098076439
19397 33099386209
19398 33099550639
19399 33103417691
19400 33103525943
19401 33103786603
19402 33107743091
19403 33110627933
19404 33118103411
19405 33123830111
19406 33124878439
19407 33126875629
19408 33127646891
19409 33128289619
19410 33128873203
19411 33129466819
19412 33129737957
19413 33130544021
19414 33130968881
19415 33134295703
19416 33139785229
19417 33141281993
19418 33147544603
19419 33147778039
19420 33151406681
19421 33152778947
19422 33156508951
19423 33156713081
19424 33159653539
19425 33160767881
19426 33161127491
19427 33162787883
19428 33166352081
19429 33166834303
19430 33167671871
19431 33169404703
19432 33170350897
19433 33173765113
19434 33175679209
19435 33179390957
19436 33179829019
19437 33180514391
19438 33185364829
19439 33186651931
19440 33189083861
19441 33190549729
19442 33192854203
19443 33198276799
19444 33198489199
19445 33205321511
19446 33207487921
19447 33210063011
19448 33210814943
19449 33211985941
19450 33213342131
19451 33217615091
19452 33220624691
19453 33223021721
19454 33223663181
19455 33223666603
19456 33227229923
19457 33228627829
19458 33229882429
19459 33232440953
19460 33234634963
19461 33237685339
19462 33239096203
19463 33242998909
19464 33243100811
19465 33244501781
19466 33244568719
19467 33247132481
19468 33253970891
19469 33264329503
19470 33264482413
19471 33265900181
19472 33265959109
19473 33267901603
19474 33271528603
19475 33276480313
19476 33277816609
19477 33277826873
19478 33281975239
19479 33285220481
19480 33286762609
19481 33288729589
19482 33290031791
19483 33290188639
19484 33293783329
19485 33295351951
19486 33295418203
19487 33299537209
19488 33300771943
19489 33301353131
19490 33302636923
19491 33303183581
19492 33305458513
19493 33305462291
19494 33314723381
19495 33316477213
19496 33317676103
19497 33323665513
19498 33323976013
19499 33324088951
19500 33326014781
19501 33326016877
19502 33326721191
19503 33327887119
19504 33330694951
19505 33331739981
19506 33331972951
19507 33332783503
19508 33333142691
19509 33333571963
19510 33335297113
19511 33338159203
19512 33342868883
19513 33349635439
19514 33353498509
19515 33353579239
19516 33353762891
19517 33355608739
19518 33357143713
19519 33357955129
19520 33359662519
19521 33366462403
19522 33367942609
19523 33370235923
19524 33371015971
19525 33372514963
19526 33373527829
19527 33377098039
19528 33378545873
19529 33383586139
19530 33390556921
19531 33390615613
19532 33392602181
19533 33392616931
19534 33392952013
19535 33400027421
19536 33400293877
19537 33404369503
19538 33405554713
19539 33406070993
19540 33406896409
19541 33413162681
19542 33417014591
19543 33417520933
19544 33419856139
19545 33425740091
19546 33426186881
19547 33429675319
19548 33431237923
19549 33431289403
19550 33432126011
19551 33436861303
19552 33439757209
19553 33440091011
19554 33441865213
19555 33441885947
19556 33446204381
19557 33447155503
19558 33449827967
19559 33453449203
19560 33453533081
19561 33458751709
19562 33460703923
19563 33462847609
19564 33470846719
19565 33472268861
19566 33474406951
19567 33478198489
19568 33481837003
19569 33482405713
19570 33483642931
19571 33484216603
19572 33487631539
19573 33488573957
19574 33490725739
19575 33492617957
19576 33494043703
19577 33499904209
19578 33502252897
19579 33508160381
19580 33511772803
19581 33516937609
19582 33516976699
19583 33518483629
19584 33518531803
19585 33524312993
19586 33532514381
19587 33534307813
19588 33537609983
19589 33542598977
19590 33544071191
19591 33545683519
19592 33549752419
19593 33550032953
19594 33557227303
19595 33562939897
19596 33563233091
19597 33566122813
19598 33567362809
19599 33568225871
19600 33569612957
19601 33580486339
19602 33580997299
19603 33582311923
19604 33586352113
19605 33588596599
19606 33588663947
19607 33588701957
19608 33592009939
19609 33597541339
19610 33603001093
19611 33608303291
19612 33608446639
19613 33611956921
19614 33615527941
19615 33617102681
19616 33618633403
19617 33621216011
19618 33622981729
19619 33626537957
19620 33627186013
19621 33627337213
19622 33629740303
19623 33636177013
19624 33638721313
19625 33640000811
19626 33645116081
19627 33649660339
19628 33649726853
19629 33652578919
19630 33654378319
19631 33654392203
19632 33654623941
19633 33655101581
19634 33657088789
19635 33661716313
19636 33664269319
19637 33667726129
19638 33667959707
19639 33671275639
19640 33672313813
19641 33673549309
19642 33674224603
19643 33674881129
19644 33676356229
19645 33678888227
19646 33679677617
19647 33687940309
19648 33689022931
19649 33690671719
19650 33698240957
19651 33698407219
19652 33699127309
19653 33700120721
19654 33702664603
19655 33705099619
19656 33707355739
19657 33707379319
19658 33707385013
19659 33708545809
19660 33711675313
19661 33714872539
19662 33715343803
19663 33719459209
19664 33721767619
19665 33723778853
19666 33724483921
19667 33725994499
19668 33727637329
19669 33734295709
19670 33734979799
19671 33735325513
19672 33736255871
19673 33737098309
19674 33740048803
19675 33741816739
19676 33742584013
19677 33760587863
19678 33760838329
19679 33760894309
19680 33763259963
19681 33766058873
19682 33769427119
19683 33771940729
19684 33773606539
19685 33775010923
19686 33775467589
19687 33777365029
19688 33777450439
19689 33778642967
19690 33779044339
19691 33780708529
19692 33785007313
19693 33785938189
19694 33790463719
19695 33793669699
19696 33795504709
19697 33798279527
19698 33800544191
19699 33801314681
19700 33804312961
19701 33809527519
19702 33810242887
19703 33811566881
19704 33815855509
19705 33815977399
19706 33817349963
19707 33818138719
19708 33821862313
19709 33822779209
19710 33822793429
19711 33827380729
19712 33829482139
19713 33830324291
19714 33834774409
19715 33834908329
19716 33835379999
19717 33835516303
19718 33835769837
19719 33837073213
19720 33837637129
19721 33842738239
19722 33843266957
19723 33844472719
19724 33847520503
19725 33848707853
19726 33850188709
19727 33851732503
19728 33851931931
19729 33852437719
19730 33853117951
19731 33856699427
19732 33858071809
19733 33858661699
19734 33860159719
19735 33864194239
19736 33868124809
19737 33870778399
19738 33872424881
19739 33875457589
19740 33876111613
19741 33876756737
19742 33877617019
19743 33882862309
19744 33887798027
19745 33887886199
19746 33888031921
19747 33888372589
19748 33890897717
19749 33894094789
19750 33896160439
19751 33897234863
19752 33904112933
19753 33912114581
19754 33918278957
19755 33918552851
19756 33920992883
19757 33921487609
19758 33925774219
19759 33926426957
19760 33932946409
19761 33933178519
19762 33934471639
19763 33934547873
19764 33935416213
19765 33937712911
19766 33938483209
19767 33945313603
19768 33945959807
19769 33946145539
19770 33946499537
19771 33951379309
19772 33956634799
19773 33957410891
19774 33960447947
19775 33961552871
19776 33963504881
19777 33964338409
19778 33964786699
19779 33964892389
19780 33975889217
19781 33977386637
19782 33977829617
19783 33978159737
19784 33980982589
19785 33981599599
19786 33984658727
19787 33986630239
19788 33987476599
19789 33993263873
19790 33993265129
19791 33993534409
19792 34010968951
19793 34013254897
19794 34018316291
19795 34018740191
19796 34020009521
19797 34023858931
19798 34025333021
19799 34033253591
19800 34040550311
19801 34041014173
19802 34041783613
19803 34042859951
19804 34044979699
19805 34045687883
19806 34048147951
19807 34050004301
19808 34051653281
19809 34052162887
19810 34054175081
19811 34061944603
19812 34064566303
19813 34066179709
19814 34067321923
19815 34069105813
19816 34071926503
19817 34080618613
19818 34082848339
19819 34088864119
19820 34089931339
19821 34090213897
19822 34092017381
19823 34092591881
19824 34094765329
19825 34097467967
19826 34105834813
19827 34106943613
19828 34109182813
19829 34114068973
19830 34116049813
19831 34126242011
19832 34127103221
19833 34130500093
19834 34130917813
19835 34133202011
19836 34134962839
19837 34137802091
19838 34139558419
19839 34140291961
19840 34147529993
19841 34148980339
19842 34150789429
19843 34154709829
19844 34155981529
19845 34158195947
19846 34162297303
19847 34162877239
19848 34168850113
19849 34174350191
19850 34175101691
19851 34175451703
19852 34184917883
19853 34185839599
19854 34187703313
19855 34187945599
19856 34188087229
19857 34191655639
19858 34194559309
19859 34195006091
19860 34199150891
19861 34200205211
19862 34202155121
19863 34206322781
19864 34207198303
19865 34209778219
19866 34211516953
19867 34213632491
19868 34216979119
19869 34217131121
19870 34218240943
19871 34220291681
19872 34230596941
19873 34231658941
19874 34232828503
19875 34233080887
19876 34236751513
19877 34241050331
19878 34243838539
19879 34244313581
19880 34245709961
19881 34248717901
19882 34249364861
19883 34249379599
19884 34250469919
19885 34250698519
19886 34253825941
19887 34262392513
19888 34270544713
19889 34275329719
19890 34276734529
19891 34279001923
19892 34285373113
19893 34286792689
19894 34287249319
19895 34292172613
19896 34292739799
19897 34292915809
19898 34293722891
19899 34300064411
19900 34302015521
19901 34306422011
19902 34306604291
19903 34307394739
19904 34310505991
19905 34313003993
19906 34313163877
19907 34313450021
19908 34318210781
19909 34318577239
19910 34319143181
19911 34319315081
19912 34322035031
19913 34322108591
19914 34323495931
19915 34323682513
19916 34324403591
19917 34325973901
19918 34327518931
19919 34327836901
19920 34339101491
19921 34339899437
19922 34350757921
19923 34350980891
19924 34351872829
19925 34352840803
19926 34355003887
19927 34355591911
19928 34355762113
19929 34356245503
19930 34357075639
19931 34363259993
19932 34364846419
19933 34367670619
19934 34368322603
19935 34369349689
19936 34371044381
19937 34371715603
19938 34377624709
19939 34382046613
19940 34384718509
19941 34384790329
19942 34386343213
19943 34389307339
19944 34391012993
19945 34391013011
19946 34391173951
19947 34391629609
19948 34394459689
19949 34395273439
19950 34395517609
19951 34395816799
19952 34401900991
19953 34403766403
19954 34406780413
19955 34412848303
19956 34413491803
19957 34417240933
19958 34417864339
19959 34418274829
19960 34424531291
19961 34425976789
19962 34426818851
19963 34427047951
19964 34436170963
19965 34437079003
19966 34438452931
19967 34449811303
19968 34451499139
19969 34455393013
19970 34460510681
19971 34461912703
19972 34465057303
19973 34466462809
19974 34467018881
19975 34468813339
19976 34473548509
19977 34473881419
19978 34473986389
19979 34474112923
19980 34475149339
19981 34476490519
19982 34477656947
19983 34478620303
19984 34480681303
19985 34482751871
19986 34483082941
19987 34484529319
19988 34486531213
19989 34486554139
19990 34487811901
19991 34488044719
19992 34489412539
19993 34492191313
19994 34492327921
19995 34492590529
19996 34493267873
19997 34495524439
19998 34499046863
19999 34501284281
20000 34502052131
