1 13
2 19
3 37
4 53
5 71
6 73
7 97
8 103
9 127
10 163
11 181
12 233
13 271
14 307
15 383
16 389
17 431
18 433
19 499
20 509
21 563
22 587
23 631
24 701
25 743
26 787
27 811
28 857
29 859
30 947
31 1009
32 1049
33 1061
34 1087
35 1153
36 1171
37 1223
38 1283
39 1423
40 1483
41 1489
42 1553
43 1597
44 1601
45 1607
46 1733
47 1801
48 1861
49 1867
50 1933
51 1973
52 1999
53 2017
54 2053
55 2143
56 2213
57 2237
58 2273
59 2293
60 2341
61 2383
62 2389
63 2521
64 2543
65 2633
66 2671
67 2677
68 2693
69 2729
70 2767
71 2857
72 2903
73 3041
74 3067
75 3089
76 3221
77 3313
78 3373
79 3391
80 3469
81 3533
82 3559
83 3593
84 3623
85 3643
86 3739
87 3797
88 3889
89 3931
90 4013
91 4057
92 4079
93 4211
94 4231
95 4273
96 4493
97 4507
98 4547
99 4583
100 4657
101 4729
102 4787
103 4789
104 4903
105 4909
106 4967
107 5003
108 5009
109 5087
110 5153
111 5281
112 5333
113 5393
114 5449
115 5483
116 5623
117 5641
118 5647
119 5717
120 5791
121 5827
122 5869
123 5881
124 6053
125 6073
126 6079
127 6121
128 6211
129 6271
130 6277
131 6301
132 6323
133 6343
134 6367
135 6529
136 6547
137 6637
138 6653
139 6703
140 6781
141 6857
142 6949
143 6961
144 7043
145 7193
146 7333
147 7537
148 7577
149 7681
150 7937
151 8053
152 8059
153 8101
154 8147
155 8273
156 8291
157 8431
158 8521
159 8543
160 8693
161 8699
162 8761
163 8837
164 8839
165 8941
166 9001
167 9029
168 9043
169 9137
170 9199
171 9241
172 9319
173 9391
174 9403
175 9421
176 9623
177 9649
178 9689
179 9739
180 9791
181 9829
182 10061
183 10133
184 10151
185 10177
186 10243
187 10313
188 10333
189 10463
190 10687
191 10867
192 10883
193 10957
194 10973
195 11057
196 11161
197 11251
198 11273
199 11321
200 11383
201 11497
202 11617
203 11677
204 11813
205 11923
206 12041
207 12203
208 12241
209 12263
210 12269
211 12401
212 12553
213 12601
214 12809
215 12889
216 12919
217 12953
218 12979
219 13033
220 13093
221 13099
222 13163
223 13381
224 13411
225 13477
226 13523
227 13613
228 13633
229 13691
230 13697
231 13729
232 13877
233 13879
234 14087
235 14177
236 14207
237 14401
238 14423
239 14533
240 14537
241 14731
242 14737
243 14869
244 14957
245 15017
246 15121
247 15217
248 15271
249 15277
250 15329
251 15361
252 15413
253 15439
254 15451
255 15473
256 15581
257 15619
258 15727
259 15859
260 16067
261 16069
262 16229
263 16333
264 16339
265 16427
266 16553
267 16603
268 16759
269 16823
270 16889
271 16937
272 16993
273 17011
274 17033
275 17077
276 17123
277 17167
278 17183
279 17299
280 17389
281 17471
282 17569
283 17657
284 17707
285 17761
286 17837
287 17903
288 17929
289 18043
290 18061
291 18133
292 18191
293 18229
294 18313
295 18481
296 18517
297 18919
298 18973
299 18979
300 19141
301 19163
302 19237
303 19381
304 19457
305 19583
306 19727
307 19891
308 19963
309 20107
310 20129
311 20147
312 20219
313 20323
314 20327
315 20389
316 20431
317 20507
318 20743
319 20749
320 20857
321 20963
322 20981
323 21023
324 21313
325 21379
326 21391
327 21397
328 21467
329 21577
330 21601
331 21713
332 21737
333 21751
334 21803
335 21977
336 21991
337 22031
338 22037
339 22123
340 22259
341 22291
342 22369
343 22381
344 22433
345 22453
346 22501
347 22549
348 22619
349 22699
350 22921
351 22943
352 23003
353 23021
354 23027
355 23117
356 23173
357 23201
358 23269
359 23311
360 23537
361 23539
362 23599
363 23609
364 23719
365 23753
366 23993
367 24077
368 24103
369 24107
370 24181
371 24419
372 24527
373 24671
374 24767
375 24923
376 25111
377 25153
378 25391
379 25423
380 25447
381 25577
382 25667
383 25793
384 25847
385 25913
386 25931
387 25997
388 26161
389 26183
390 26251
391 26437
392 26699
393 26701
394 26813
395 26893
396 26927
397 27043
398 27061
399 27191
400 27409
401 27427
402 27647
403 27737
404 27739
405 27773
406 27791
407 27803
408 27917
409 27919
410 27997
411 28097
412 28163
413 28181
414 28279
415 28547
416 28697
417 28703
418 28817
419 28901
420 29131
421 29153
422 29179
423 29209
424 29269
425 29311
426 29423
427 29599
428 29641
429 30089
430 30119
431 30203
432 30313
433 30469
434 30539
435 30557
436 30649
437 30661
438 30713
439 30803
440 30829
441 31019
442 31253
443 31307
444 31547
445 31699
446 31729
447 31981
448 32063
449 32069
450 32083
451 32173
452 32203
453 32353
454 32359
455 32401
456 32687
457 32917
458 32957
459 32971
460 33013
461 33037
462 33091
463 33301
464 33329
465 33343
466 33413
467 33457
468 33547
469 33581
470 33613
471 33617
472 33619
473 33769
474 33811
475 33871
476 33941
477 34283
478 34313
479 34351
480 34487
481 34591
482 34667
483 34849
484 35053
485 35059
486 35149
487 35251
488 35257
489 35291
490 35323
491 35381
492 35507
493 35509
494 35521
495 35569
496 35831
497 35837
498 35879
499 35899
500 35983
501 36229
502 36319
503 36353
504 36467
505 36469
506 36551
507 36559
508 36607
509 36683
510 36739
511 36793
512 36919
513 36979
514 37039
515 37123
516 37181
517 37189
518 37253
519 37321
520 37369
521 37501
522 37507
523 37547
524 37691
525 37853
526 37871
527 37963
528 38047
529 38281
530 38371
531 38959
532 39019
533 39079
534 39103
535 39161
536 39217
537 39301
538 39323
539 39383
540 39541
541 39581
542 40031
543 40163
544 40169
545 40231
546 40237
547 40343
548 40471
549 40543
550 40813
551 40819
552 40927
553 41131
554 41179
555 41203
556 41221
557 41243
558 41519
559 41603
560 41647
561 41737
562 41843
563 41911
564 41957
565 42013
566 42073
567 42181
568 42187
569 42323
570 42437
571 42451
572 42703
573 42767
574 42923
575 43003
576 43117
577 43223
578 43391
579 43399
580 43441
581 43591
582 43627
583 43759
584 43913
585 43951
586 43991
587 43997
588 44071
589 44101
590 44257
591 44273
592 44389
593 44543
594 44657
595 44839
596 44927
597 45061
598 45139
599 45317
600 45319
601 45377
602 45481
603 45533
604 45599
605 45737
606 45827
607 45841
608 45953
609 46073
610 46327
611 46451
612 46703
613 46831
614 47041
615 47221
616 47269
617 47317
618 47513
619 47629
620 47717
621 47791
622 47809
623 47869
624 47911
625 47951
626 48109
627 48383
628 48437
629 48589
630 48619
631 48767
632 48781
633 48787
634 48857
635 49003
636 49009
637 49081
638 49117
639 49171
640 49339
641 49391
642 49757
643 49801
644 49843
645 50023
646 50111
647 50221
648 50311
649 50513
650 50627
651 50753
652 50867
653 50971
654 51329
655 51413
656 51439
657 51503
658 51631
659 51637
660 51691
661 51769
662 51817
663 51871
664 51907
665 51949
666 52223
667 52267
668 52489
669 52609
670 52711
671 52757
672 52861
673 52937
674 52973
675 53093
676 53149
677 53299
678 53381
679 53419
680 53527
681 53569
682 53617
683 53633
684 53693
685 53699
686 53891
687 54001
688 54151
689 54331
690 54403
691 54421
692 54469
693 54517
694 54601
695 54647
696 54799
697 54881
698 54973
699 55057
700 55103
701 55127
702 55213
703 55291
704 55589
705 55639
706 55691
707 55787
708 55817
709 55897
710 55901
711 56081
712 56087
713 56179
714 56401
715 56597
716 56599
717 56711
718 56779
719 56821
720 56957
721 57037
722 57143
723 57251
724 57259
725 57347
726 57529
727 57679
728 57697
729 57709
730 57781
731 57853
732 57901
733 58027
734 58171
735 58199
736 58207
737 58337
738 58379
739 58391
740 58427
741 58573
742 58579
743 58661
744 58711
745 58757
746 58991
747 59093
748 59183
749 59417
750 59419
751 59471
752 59659
753 59671
754 59743
755 59747
756 59981
757 60091
758 60149
759 60413
760 60631
761 60637
762 60703
763 60859
764 60901
765 60923
766 61043
767 61153
768 61357
769 61403
770 61463
771 61609
772 61681
773 61979
774 61991
775 62297
776 62327
777 62581
778 62617
779 62633
780 62659
781 62723
782 62851
783 62897
784 63113
785 63317
786 63331
787 63443
788 63467
789 63559
790 63601
791 63607
792 63773
793 63803
794 63841
795 64217
796 64303
797 64381
798 64433
799 64613
800 64783
801 64853
802 64891
803 64901
804 64969
805 65119
806 65267
807 65393
808 65537
809 65599
810 65629
811 65687
812 65809
813 65867
814 66271
815 66347
816 66361
817 66499
818 66569
819 66617
820 66701
821 66763
822 66851
823 66923
824 67247
825 67399
826 67427
827 67489
828 67511
829 67733
830 67751
831 67757
832 67867
833 67931
834 67933
835 68059
836 68141
837 68279
838 68521
839 68633
840 68699
841 68743
842 68879
843 69193
844 69463
845 69467
846 69821
847 69827
848 69959
849 70001
850 70111
851 70177
852 70223
853 70249
854 70313
855 70373
856 70423
857 70429
858 70481
859 70607
860 70823
861 70849
862 70979
863 71059
864 71147
865 71233
866 71237
867 71327
868 71413
869 71453
870 71527
871 71569
872 71693
873 71741
874 71789
875 71899
876 71941
877 71987
878 72139
879 72229
880 72287
881 72467
882 72469
883 72481
884 72623
885 72647
886 72739
887 72869
888 72889
889 72931
890 72977
891 73039
892 73237
893 73277
894 73309
895 73433
896 73583
897 73673
898 73693
899 73819
900 74027
901 74203
902 74209
903 74357
904 74489
905 74551
906 74719
907 74797
908 74861
909 74869
910 74933
911 75013
912 75017
913 75161
914 75167
915 75211
916 75217
917 75307
918 75479
919 75521
920 75527
921 75583
922 75653
923 75721
924 75787
925 75967
926 76081
927 76261
928 76403
929 76441
930 76481
931 76487
932 76597
933 76753
934 76991
935 77237
936 77239
937 77291
938 77419
939 77477
940 77479
941 77543
942 77563
943 77587
944 77813
945 77969
946 77983
947 78137
948 78139
949 78283
950 78539
951 78623
952 78791
953 78889
954 79273
955 79309
956 79367
957 79411
958 79589
959 79657
960 79813
961 79907
962 80147
963 80309
964 80347
965 80491
966 80611
967 80651
968 80657
969 80749
970 80783
971 80897
972 80989
973 81049
974 81223
975 81353
976 81533
977 81649
978 81773
979 81869
980 81931
981 82051
982 82163
983 82217
984 82219
985 82279
986 82457
987 82471
988 82499
989 82507
990 82613
991 82729
992 82981
993 83117
994 83203
995 83207
996 83357
997 83399
998 83401
999 83423
1000 83449
1001 83537
1002 83591
1003 83663
1004 83869
1005 83911
1006 84121
1007 84143
1008 84349
1009 84389
1010 84437
1011 84499
1012 84503
1013 84631
1014 84673
1015 84691
1016 84697
1017 84761
1018 84947
1019 85021
1020 85027
1021 85081
1022 85223
1023 85313
1024 85427
1025 85571
1026 85669
1027 85711
1028 86011
1029 86183
1030 86389
1031 86477
1032 86561
1033 86677
1034 86743
1035 86837
1036 86923
1037 86927
1038 86981
1039 87179
1040 87407
1041 87421
1042 87481
1043 87557
1044 87643
1045 87649
1046 87719
1047 87931
1048 87973
1049 88301
1050 88471
1051 88721
1052 88819
1053 88897
1054 88969
1055 89021
1056 89069
1057 89087
1058 89209
1059 89269
1060 89371
1061 89533
1062 89627
1063 89759
1064 89779
1065 89821
1066 89977
1067 90001
1068 90007
1069 90067
1070 90203
1071 90227
1072 90353
1073 90379
1074 90511
1075 90599
1076 90803
1077 90841
1078 90911
1079 90971
1080 90977
1081 91099
1082 91129
1083 91163
1084 91309
1085 91367
1086 91369
1087 91433
1088 91781
1089 91969
1090 92153
1091 92203
1092 92221
1093 92269
1094 92333
1095 92357
1096 92399
1097 92681
1098 92753
1099 92801
1100 92867
1101 92959
1102 93077
1103 93257
1104 93307
1105 93503
1106 93529
1107 93581
1108 93761
1109 93941
1110 93949
1111 94207
1112 94331
1113 94399
1114 94441
1115 94777
1116 94823
1117 94933
1118 94993
1119 95071
1120 95213
1121 95239
1122 95279
1123 95369
1124 95549
1125 95569
1126 95701
1127 95891
1128 96001
1129 96179
1130 96199
1131 96289
1132 96331
1133 96443
1134 96461
1135 96553
1136 96557
1137 96643
1138 96731
1139 96737
1140 96821
1141 96823
1142 96959
1143 96973
1144 97547
1145 97549
1146 97789
1147 97813
1148 97879
1149 97927
1150 98179
1151 98377
1152 98533
1153 98641
1154 98689
1155 98711
1156 98773
1157 98869
1158 98887
1159 98911
1160 99053
1161 99109
1162 99149
1163 99233
1164 99251
1165 99257
1166 99367
1167 99523
1168 99527
1169 99529
1170 99679
1171 99761
1172 99839
1173 99901
1174 100193
1175 100333
1176 100403
1177 100511
1178 100649
1179 100733
1180 100801
1181 100913
1182 100937
1183 100999
1184 101107
1185 101141
1186 101183
1187 101273
1188 101323
1189 101363
1190 101383
1191 101411
1192 101503
1193 101723
1194 101749
1195 101987
1196 102023
1197 102061
1198 102197
1199 102241
1200 102481
1201 102533
1202 102539
1203 102647
1204 102913
1205 103079
1206 103217
1207 103291
1208 103387
1209 103529
1210 103561
1211 103787
1212 103903
1213 103967
1214 103969
1215 103981
1216 104087
1217 104113
1218 104281
1219 104287
1220 104513
1221 104623
1222 104681
1223 104827
1224 104933
1225 104959
1226 104999
1227 105253
1228 105323
1229 105367
1230 105499
1231 105503
1232 105509
1233 105541
1234 105653
1235 105907
1236 106087
1237 106261
1238 106391
1239 106621
1240 106627
1241 106681
1242 106759
1243 106937
1244 106993
1245 107053
1246 107077
1247 107123
1248 107323
1249 107453
1250 107581
1251 107693
1252 107741
1253 107747
1254 107839
1255 107903
1256 108023
1257 108139
1258 108191
1259 108203
1260 108533
1261 108649
1262 108793
1263 108881
1264 108917
1265 108959
1266 109147
1267 109433
1268 109451
1269 109583
1270 109589
1271 109721
1272 109819
1273 109891
1274 109961
1275 110051
1276 110251
1277 110431
1278 110479
1279 110543
1280 110581
1281 110587
1282 110749
1283 110923
1284 110947
1285 111043
1286 111427
1287 111487
1288 111577
1289 111623
1290 111751
1291 111847
1292 111953
1293 112103
1294 112121
1295 112213
1296 112237
1297 112459
1298 112543
1299 112583
1300 112741
1301 113041
1302 113089
1303 113117
1304 113153
1305 113173
1306 113359
1307 113467
1308 113537
1309 113957
1310 114031
1311 114073
1312 114143
1313 114259
1314 114277
1315 114451
1316 114473
1317 114691
1318 114761
1319 114769
1320 115117
1321 115201
1322 115223
1323 115757
1324 115771
1325 115849
1326 115861
1327 116167
1328 116257
1329 116273
1330 116329
1331 116471
1332 116903
1333 116927
1334 117023
1335 117223
1336 117353
1337 117517
1338 117751
1339 117779
1340 117883
1341 117959
1342 118037
1343 118147
1344 118253
1345 118471
1346 118589
1347 118691
1348 118787
1349 118873
1350 118897
1351 119047
1352 119267
1353 119513
1354 119591
1355 119627
1356 119689
1357 119797
1358 119849
1359 119953
1360 120041
1361 120223
1362 120283
1363 120557
1364 120607
1365 120661
1366 120829
1367 120917
1368 120919
1369 121013
1370 121169
1371 121343
1372 121349
1373 121453
1374 121507
1375 121909
1376 121921
1377 121967
1378 122021
1379 122041
1380 122117
1381 122201
1382 122263
1383 122449
1384 122557
1385 122719
1386 122827
1387 123017
1388 123127
1389 123169
1390 123239
1391 123307
1392 123419
1393 123433
1394 123457
1395 123503
1396 123527
1397 123581
1398 123707
1399 123833
1400 123989
1401 124067
1402 124133
1403 124193
1404 124351
1405 124427
1406 124513
1407 124717
1408 124793
1409 124991
1410 125093
1411 125507
1412 125617
1413 125659
1414 125789
1415 125897
1416 125899
1417 125941
1418 126001
1419 126023
1420 126047
1421 126199
1422 126241
1423 126337
1424 126461
1425 126713
1426 127123
1427 127189
1428 127219
1429 127271
1430 127343
1431 127507
1432 127583
1433 127637
1434 127679
1435 127691
1436 127781
1437 127817
1438 128153
1439 128221
1440 128311
1441 128399
1442 128449
1443 128483
1444 128489
1445 128629
1446 128939
1447 128959
1448 129169
1449 129341
1450 129491
1451 129497
1452 129499
1453 129527
1454 129581
1455 129707
1456 129769
1457 130073
1458 130099
1459 130183
1460 130253
1461 130259
1462 130349
1463 130363
1464 130457
1465 130619
1466 130633
1467 131009
1468 131203
1469 131221
1470 131311
1471 131591
1472 131687
1473 132103
1474 132233
1475 132347
1476 132383
1477 132491
1478 132527
1479 132631
1480 132679
1481 132859
1482 133087
1483 133153
1484 133261
1485 133283
1486 133403
1487 133519
1488 133669
1489 134033
1490 134059
1491 134161
1492 134213
1493 134417
1494 134699
1495 134839
1496 134851
1497 135029
1498 135043
1499 135173
1500 135241
1501 135281
1502 135409
1503 135427
1504 135469
1505 135571
1506 135601
1507 136013
1508 136217
1509 136303
1510 136547
1511 136727
1512 136963
1513 137089
1514 137131
1515 137359
1516 137911
1517 138079
1518 138143
1519 138899
1520 139313
1521 139339
1522 139429
1523 139483
1524 139571
1525 139591
1526 139681
1527 140177
1528 140207
1529 140249
1530 140281
1531 140317
1532 140401
1533 140407
1534 140533
1535 140603
1536 140663
1537 140689
1538 140867
1539 140869
1540 141079
1541 141121
1542 141257
1543 141301
1544 141439
1545 141529
1546 141613
1547 141679
1548 141709
1549 141767
1550 141833
1551 141851
1552 141941
1553 142223
1554 142537
1555 142553
1556 142759
1557 143093
1558 143239
1559 143387
1560 143503
1561 143567
1562 143813
1563 144139
1564 144407
1565 144461
1566 144737
1567 144751
1568 144791
1569 145361
1570 145451
1571 145459
1572 145501
1573 145549
1574 145703
1575 145897
1576 145963
1577 145987
1578 146191
1579 146449
1580 146669
1581 146807
1582 146977
1583 147031
1584 147211
1585 147293
1586 147299
1587 147743
1588 147761
1589 147853
1590 148171
1591 148207
1592 148339
1593 148429
1594 148469
1595 148663
1596 148829
1597 148933
1598 148957
1599 149011
1600 149033
1601 149059
1602 149161
1603 149491
1604 149497
1605 149521
1606 149839
1607 149899
1608 150053
1609 150077
1610 150091
1611 150211
1612 150413
1613 150497
1614 150503
1615 150589
1616 150769
1617 150893
1618 150907
1619 151153
1620 151357
1621 151397
1622 151429
1623 151517
1624 151553
1625 151579
1626 151609
1627 151667
1628 151681
1629 151883
1630 151939
1631 152183
1632 152219
1633 152389
1634 152419
1635 152617
1636 152783
1637 153067
1638 153247
1639 153287
1640 153337
1641 153421
1642 153427
1643 154057
1644 154213
1645 154277
1646 154291
1647 154417
1648 154459
1649 154523
1650 154589
1651 154699
1652 154727
1653 154789
1654 154871
1655 154981
1656 155003
1657 155047
1658 155171
1659 155203
1660 155209
1661 155423
1662 155593
1663 155627
1664 155689
1665 155719
1666 155777
1667 155801
1668 155863
1669 155887
1670 156019
1671 156109
1672 156307
1673 156493
1674 156589
1675 156691
1676 156707
1677 156749
1678 156941
1679 156943
1680 157081
1681 157207
1682 157247
1683 157429
1684 157489
1685 157799
1686 157867
1687 158141
1688 158329
1689 158341
1690 158563
1691 158611
1692 158909
1693 158927
1694 158981
1695 159199
1696 159319
1697 159463
1698 159469
1699 159539
1700 159667
1701 159737
1702 159739
1703 159799
1704 159911
1705 159979
1706 160001
1707 160397
1708 160603
1709 160621
1710 160627
1711 160669
1712 160807
1713 160861
1714 161033
1715 161039
1716 161071
1717 161123
1718 161323
1719 161507
1720 161543
1721 161611
1722 161761
1723 161879
1724 161983
1725 162229
1726 162391
1727 162649
1728 162683
1729 162731
1730 162881
1731 162971
1732 163129
1733 163147
1734 163307
1735 163321
1736 163367
1737 163613
1738 163697
1739 163819
1740 164023
1741 164089
1742 164209
1743 164449
1744 164627
1745 164809
1746 165037
1747 165181
1748 165437
1749 165479
1750 165527
1751 165569
1752 165701
1753 165811
1754 166043
1755 166157
1756 166247
1757 166429
1758 166597
1759 166669
1760 166823
1761 166841
1762 166843
1763 167017
1764 167051
1765 167149
1766 167381
1767 167521
1768 167611
1769 167677
1770 167747
1771 167879
1772 168023
1773 168083
1774 168227
1775 168331
1776 168449
1777 168463
1778 168533
1779 168737
1780 169079
1781 169097
1782 169217
1783 169343
1784 169457
1785 169501
1786 169633
1787 169657
1788 169783
1789 169831
1790 169909
1791 170101
1792 170167
1793 170213
1794 170347
1795 170363
1796 170741
1797 170749
1798 170873
1799 170927
1800 171007
1801 171029
1802 171427
1803 171517
1804 171713
1805 171803
1806 171889
1807 172147
1808 172279
1809 172411
1810 172561
1811 172721
1812 172987
1813 173023
1814 173267
1815 173573
1816 174071
1817 174121
1818 174169
1819 174299
1820 174653
1821 174767
1822 174851
1823 174859
1824 175081
1825 175601
1826 175663
1827 175753
1828 175979
1829 175991
1830 176299
1831 176327
1832 176329
1833 176369
1834 176497
1835 176509
1836 176677
1837 176747
1838 176923
1839 177269
1840 177319
1841 177511
1842 177601
1843 177647
1844 177791
1845 177889
1846 177917
1847 178039
1848 178091
1849 178307
1850 178567
1851 178613
1852 178781
1853 178819
1854 178859
1855 178903
1856 178907
1857 179021
1858 179029
1859 179083
1860 179243
1861 179287
1862 179429
1863 179623
1864 179717
1865 179779
1866 179801
1867 179821
1868 179917
1869 179999
1870 180007
1871 180317
1872 180331
1873 180391
1874 180773
1875 180779
1876 181039
1877 181141
1878 181253
1879 181277
1880 181639
1881 181693
1882 181729
1883 181763
1884 181891
1885 182009
1886 182027
1887 182041
1888 182333
1889 182423
1890 182627
1891 182779
1892 182867
1893 182887
1894 182953
1895 183037
1896 183301
1897 183307
1898 183349
1899 183361
1900 183473
1901 183479
1902 183503
1903 183943
1904 184133
1905 184199
1906 184489
1907 184577
1908 184607
1909 184669
1910 184687
1911 184711
1912 184993
1913 185051
1914 185099
1915 185149
1916 185161
1917 185189
1918 185303
1919 185369
1920 185491
1921 185543
1922 185567
1923 185677
1924 185699
1925 185723
1926 185923
1927 186227
1928 186283
1929 186317
1930 186391
1931 186647
1932 186689
1933 186733
1934 186841
1935 186883
1936 187189
1937 187361
1938 187633
1939 187637
1940 188171
1941 188249
1942 188333
1943 188719
1944 188827
1945 188911
1946 188999
1947 189017
1948 189239
1949 189361
1950 189439
1951 189479
1952 189491
1953 189583
1954 189619
1955 189817
1956 189853
1957 189929
1958 189949
1959 190507
1960 190523
1961 190613
1962 190639
1963 190783
1964 190901
1965 191027
1966 191119
1967 191227
1968 191441
1969 191447
1970 191531
1971 191537
1972 191773
1973 191999
1974 192013
1975 192091
1976 192251
1977 192323
1978 192347
1979 192529
1980 192611
1981 192749
1982 192767
1983 192833
1984 192923
1985 193009
1986 193133
1987 193261
1988 193441
1989 193573
1990 193757
1991 193771
1992 193979
1993 193993
1994 194057
1995 194093
1996 194239
1997 194543
1998 194581
1999 194653
2000 194723
2001 194813
2002 194989
2003 195023
2004 195049
2005 195089
2006 195137
2007 195197
2008 195443
2009 195733
2010 195869
2011 195971
2012 196051
2013 196169
2014 196549
2015 196699
2016 196837
2017 196873
2018 196879
2019 196961
2020 197003
2021 197089
2022 197207
2023 197243
2024 197339
2025 197539
2026 197609
2027 197621
2028 197713
2029 197773
2030 197803
2031 197887
2032 198017
2033 198251
2034 198323
2035 198413
2036 198437
2037 198503
2038 198613
2039 198811
2040 198817
2041 198929
2042 198943
2043 199081
2044 199153
2045 199261
2046 199379
2047 199403
2048 199739
2049 199751
2050 199933
2051 200033
2052 200257
2053 200341
2054 200569
2055 200587
2056 200899
2057 200909
2058 201193
2059 201203
2060 201287
2061 201403
2062 201577
2063 201797
2064 201809
2065 201827
2066 201953
2067 202121
2068 202343
2069 202387
2070 202529
2071 202613
2072 202639
2073 202729
2074 202879
2075 203207
2076 203311
2077 203429
2078 203641
2079 203869
2080 204013
2081 204301
2082 204361
2083 204439
2084 204563
2085 204587
2086 204679
2087 204781
2088 204859
2089 204947
2090 205081
2091 205171
2092 205201
2093 205223
2094 205319
2095 205397
2096 205399
2097 205463
2098 205537
2099 205603
2100 205607
2101 205937
2102 205993
2103 206033
2104 206183
2105 206233
2106 206347
2107 206879
2108 207113
2109 207199
2110 207241
2111 207443
2112 207469
2113 207593
2114 207799
2115 207931
2116 207971
2117 207973
2118 208037
2119 208189
2120 208367
2121 208493
2122 208673
2123 208697
2124 208907
2125 208963
2126 209227
2127 209311
2128 209333
2129 209371
2130 209449
2131 209669
2132 209687
2133 209717
2134 209801
2135 209809
2136 209861
2137 209939
2138 209977
2139 210131
2140 210173
2141 210193
2142 210263
2143 210283
2144 210407
2145 210467
2146 210643
2147 210739
2148 210823
2149 210913
2150 211051
2151 211231
2152 211297
2153 211349
2154 211543
2155 211639
2156 211691
2157 211727
2158 211781
2159 211789
2160 211927
2161 211969
2162 212131
2163 212227
2164 212281
2165 212353
2166 212423
2167 212447
2168 212557
2169 212573
2170 212869
2171 212881
2172 213097
2173 213329
2174 213523
2175 213637
2176 213721
2177 213859
2178 213947
2179 213949
2180 214021
2181 214069
2182 214133
2183 214243
2184 214463
2185 214519
2186 214759
2187 214939
2188 215239
2189 215329
2190 215389
2191 215659
2192 215893
2193 215927
2194 216023
2195 216113
2196 216133
2197 216157
2198 216289
2199 216551
2200 216641
2201 216731
2202 216919
2203 216973
2204 217219
2205 217369
2206 217691
2207 217907
2208 217909
2209 217969
2210 218047
2211 218117
2212 218191
2213 218227
2214 218401
2215 218531
2216 218579
2217 218629
2218 219019
2219 219071
2220 219103
2221 219437
2222 219491
2223 219503
2224 219619
2225 219761
2226 219767
2227 219839
2228 219943
2229 220013
2230 220141
2231 220163
2232 220169
2233 220279
2234 220291
2235 220369
2236 220411
2237 220543
2238 220879
2239 220903
2240 221197
2241 221201
2242 221393
2243 221401
2244 221461
2245 221713
2246 221717
2247 221827
2248 222323
2249 222329
2250 222367
2251 222499
2252 222587
2253 222679
2254 222857
2255 223243
2256 223283
2257 223339
2258 223423
2259 223621
2260 223823
2261 224033
2262 224149
2263 224239
2264 224251
2265 224299
2266 224303
2267 224491
2268 224897
2269 225023
2270 225061
2271 225067
2272 225133
2273 225241
2274 225353
2275 225689
2276 226013
2277 226189
2278 226433
2279 226637
2280 226789
2281 226817
2282 227131
2283 227281
2284 227393
2285 227399
2286 227597
2287 227627
2288 227951
2289 228077
2290 228181
2291 228299
2292 228383
2293 228479
2294 228619
2295 228707
2296 228853
2297 228901
2298 228989
2299 229133
2300 229283
2301 229399
2302 229403
2303 229519
2304 229751
2305 229753
2306 229799
2307 229979
2308 230063
2309 230203
2310 230353
2311 230449
2312 230539
2313 230551
2314 230663
2315 230827
2316 231031
2317 231053
2318 231277
2319 231347
2320 231529
2321 231893
2322 231923
2323 232003
2324 232171
2325 232391
2326 232487
2327 232571
2328 232643
2329 232937
2330 233143
2331 233251
2332 233297
2333 233327
2334 233341
2335 233417
2336 233879
2337 233921
2338 234067
2339 234083
2340 234139
2341 234191
2342 234203
2343 234319
2344 234511
2345 234713
2346 234799
2347 234977
2348 234979
2349 235091
2350 235369
2351 235493
2352 235673
2353 235783
2354 235891
2355 236209
2356 236407
2357 236449
2358 236627
2359 236681
2360 236779
2361 236881
2362 237053
2363 237071
2364 237143
2365 237257
2366 237581
2367 237673
2368 237707
2369 237749
2370 237763
2371 237877
2372 237967
2373 238009
2374 238081
2375 238151
2376 238207
2377 238519
2378 238681
2379 238991
2380 239237
2381 239251
2382 239329
2383 239389
2384 239521
2385 239611
2386 239699
2387 239831
2388 239851
2389 239929
2390 240073
2391 240101
2392 240271
2393 240349
2394 240503
2395 240707
2396 240743
2397 240769
2398 241049
2399 241249
2400 241313
2401 241537
2402 241643
2403 241711
2404 241771
2405 241847
2406 241861
2407 241951
2408 242257
2409 242309
2410 242419
2411 242617
2412 242747
2413 243137
2414 243421
2415 243517
2416 243533
2417 243623
2418 243647
2419 243829
2420 243863
2421 243931
2422 244109
2423 244141
2424 244291
2425 244367
2426 244381
2427 244471
2428 244507
2429 244561
2430 244639
2431 244873
2432 245023
2433 245317
2434 245513
2435 245593
2436 245627
2437 245683
2438 245719
2439 245881
2440 245977
2441 246167
2442 246251
2443 246769
2444 246781
2445 246811
2446 246899
2447 246947
2448 247337
2449 247393
2450 247519
2451 247579
2452 247607
2453 247771
2454 247847
2455 247913
2456 247957
2457 248051
2458 248141
2459 248291
2460 248509
2461 248543
2462 248587
2463 248749
2464 248789
2465 248813
2466 248851
2467 249199
2468 249229
2469 249827
2470 249973
2471 250043
2472 250153
2473 250681
2474 250807
2475 251059
2476 251071
2477 251143
2478 251149
2479 251297
2480 251417
2481 251491
2482 251969
2483 252173
2484 252319
2485 252409
2486 252443
2487 252887
2488 252979
2489 253361
2490 253417
2491 253613
2492 253769
2493 253787
2494 253789
2495 253853
2496 253909
2497 253969
2498 253987
2499 254027
2500 254119
2501 254179
2502 254731
2503 254959
2504 255121
2505 255127
2506 255217
2507 255361
2508 255473
2509 255503
2510 255679
2511 255851
2512 255961
2513 256337
2514 256577
2515 256687
2516 256771
2517 256931
2518 257141
2519 257189
2520 257293
2521 257381
2522 257473
2523 257639
2524 257657
2525 257837
2526 257947
2527 258331
2528 258443
2529 258487
2530 258917
2531 259169
2532 259183
2533 259277
2534 259387
2535 259499
2536 259723
2537 259813
2538 260387
2539 260419
2540 260527
2541 260651
2542 260747
2543 260921
2544 260983
2545 261043
2546 261061
2547 261229
2548 261281
2549 261407
2550 261593
2551 261773
2552 262127
2553 262217
2554 262321
2555 262781
2556 262909
2557 262981
2558 263063
2559 263191
2560 263267
2561 263423
2562 263489
2563 263513
2564 263843
2565 263867
2566 263881
2567 263911
2568 264013
2569 264091
2570 264323
2571 264437
2572 264527
2573 264697
2574 264743
2575 264763
2576 264871
2577 265021
2578 265241
2579 265247
2580 265249
2581 265313
2582 265403
2583 265483
2584 265579
2585 266369
2586 266677
2587 266767
2588 266921
2589 266983
2590 267139
2591 267199
2592 267373
2593 267391
2594 267629
2595 267643
2596 267647
2597 267713
2598 267829
2599 267913
2600 268271
2601 268459
2602 268783
2603 268813
2604 268897
2605 269029
2606 269063
2607 269201
2608 269209
2609 269351
2610 269429
2611 269539
2612 269579
2613 269623
2614 269713
2615 269953
2616 270209
2617 270223
2618 270379
2619 270421
2620 270443
2621 270593
2622 270737
2623 270799
2624 270821
2625 270931
2626 271013
2627 271057
2628 271109
2629 271253
2630 271367
2631 271451
2632 271501
2633 271703
2634 271853
2635 271969
2636 272009
2637 272171
2638 272227
2639 272333
2640 272449
2641 272537
2642 272539
2643 272777
2644 272933
2645 272971
2646 273127
2647 273233
2648 273569
2649 273617
2650 273787
2651 273941
2652 273943
2653 274081
2654 274117
2655 274223
2656 274403
2657 274777
2658 274843
2659 274861
2660 274931
2661 274993
2662 275059
2663 275161
2664 275389
2665 275419
2666 275459
2667 275521
2668 275549
2669 275677
2670 275741
2671 275929
2672 275969
2673 276151
2674 276229
2675 276319
2676 276373
2677 276461
2678 276467
2679 276553
2680 276557
2681 276599
2682 276779
2683 276821
2684 276869
2685 276917
2686 276919
2687 277073
2688 277273
2689 277297
2690 277547
2691 277567
2692 277657
2693 277789
2694 277859
2695 277961
2696 278041
2697 278119
2698 278191
2699 278207
2700 278209
2701 278623
2702 278801
2703 278809
2704 279109
2705 279121
2706 279187
2707 279451
2708 279523
2709 279613
2710 280277
2711 280321
2712 280561
2713 280673
2714 280697
2715 280817
2716 280871
2717 280879
2718 281227
2719 281317
2720 281531
2721 281627
2722 281641
2723 281719
2724 281807
2725 281887
2726 281959
2727 282071
2728 282349
2729 282383
2730 282563
2731 282671
2732 282679
2733 283007
2734 283117
2735 283463
2736 283487
2737 283553
2738 283573
2739 283609
2740 283687
2741 283799
2742 284057
2743 284477
2744 284561
2745 284633
2746 284657
2747 284749
2748 284813
2749 284831
2750 284969
2751 285317
2752 285533
2753 285629
2754 285641
2755 285731
2756 285979
2757 286459
2758 286619
2759 286831
2760 287191
2761 287849
2762 287939
2763 288109
2764 288181
2765 288349
2766 288389
2767 288433
2768 288499
2769 288527
2770 288817
2771 288839
2772 288989
2773 289001
2774 289067
2775 289139
2776 289249
2777 289573
2778 289973
2779 290023
2780 290027
2781 290041
2782 290119
2783 290393
2784 290447
2785 290593
2786 290669
2787 290959
2788 290999
2789 291077
2790 291271
2791 291299
2792 291349
2793 291619
2794 291721
2795 291901
2796 292021
2797 292157
2798 292283
2799 292573
2800 292759
2801 292841
2802 293071
2803 293107
2804 293147
2805 293149
2806 293329
2807 293431
2808 293633
2809 293651
2810 293723
2811 293989
2812 294023
2813 294179
2814 294319
2815 294397
2816 294467
2817 294731
2818 294803
2819 294919
2820 294997
2821 295079
2822 295219
2823 295291
2824 295433
2825 295567
2826 295727
2827 295819
2828 295871
2829 295909
2830 295961
2831 296243
2832 296551
2833 296557
2834 296713
2835 296719
2836 296801
2837 297079
2838 297257
2839 297589
2840 297613
2841 297893
2842 298021
2843 298201
2844 298339
2845 298759
2846 298777
2847 299099
2848 299147
2849 299213
2850 299329
2851 299501
2852 299743
2853 299983
2854 300007
2855 300089
2856 300137
2857 300221
2858 300317
2859 300481
2860 300647
2861 300733
2862 300739
2863 300757
2864 300953
2865 301057
2866 301127
2867 301211
2868 301471
2869 301927
2870 302173
2871 302443
2872 302551
2873 302573
2874 302609
2875 303011
2876 303073
2877 303097
2878 303143
2879 303271
2880 303293
2881 303323
2882 303361
2883 303367
2884 303473
2885 303529
2886 303587
2887 303691
2888 303727
2889 303781
2890 303817
2891 303983
2892 304069
2893 304153
2894 304373
2895 304391
2896 304481
2897 304537
2898 304609
2899 304643
2900 304751
2901 305033
2902 305093
2903 305101
2904 305329
2905 305419
2906 305581
2907 305761
2908 305839
2909 306029
2910 306133
2911 306331
2912 306421
2913 306827
2914 306829
2915 306919
2916 306991
2917 307147
2918 307253
2919 307361
2920 307451
2921 307523
2922 307583
2923 307631
2924 307817
2925 307891
2926 308003
2927 308081
2928 308117
2929 308311
2930 308489
2931 308551
2932 308641
2933 308773
2934 309037
2935 309079
2936 309109
2937 309121
2938 309167
2939 309271
2940 309503
2941 309521
2942 309851
2943 309899
2944 309989
2945 310363
2946 310433
2947 310459
2948 310501
2949 310547
2950 310727
2951 310781
2952 310927
2953 310969
2954 311027
2955 311137
2956 311173
2957 311177
2958 311537
2959 311539
2960 311551
2961 311687
2962 311807
2963 311869
2964 312073
2965 312107
2966 312217
2967 312253
2968 312349
2969 312413
2970 312563
2971 312581
2972 312589
2973 312677
2974 312899
2975 313087
2976 313133
2977 313267
2978 313603
2979 313711
2980 313717
2981 313883
2982 313889
2983 313993
2984 314213
2985 314239
2986 314329
2987 314491
2988 314527
2989 314569
2990 314581
2991 314693
2992 314927
2993 314983
2994 315047
2995 315083
2996 315247
2997 315421
2998 315461
2999 315467
3000 315599
3001 315779
3002 315829
3003 315881
3004 316051
3005 316219
3006 316271
3007 316343
3008 316471
3009 316499
3010 316637
3011 316691
3012 316769
3013 316819
3014 316853
3015 316891
3016 317333
3017 317351
3018 317399
3019 317591
3020 317593
3021 317711
3022 317717
3023 317797
3024 317887
3025 318077
3026 318107
3027 318181
3028 318259
3029 318349
3030 318503
3031 318569
3032 318679
3033 318781
3034 318811
3035 319027
3036 319069
3037 319289
3038 319399
3039 319427
3040 319483
3041 319519
3042 319849
3043 320027
3044 320269
3045 320449
3046 320539
3047 320591
3048 320647
3049 320687
3050 320911
3051 321017
3052 321037
3053 321301
3054 321383
3055 321413
3056 321547
3057 321631
3058 321679
3059 321983
3060 322001
3061 322193
3062 322249
3063 322319
3064 322403
3065 322409
3066 322537
3067 322591
3068 322627
3069 322757
3070 322849
3071 323123
3072 323233
3073 323419
3074 323899
3075 323903
3076 324067
3077 324223
3078 324319
3079 324403
3080 324427
3081 324469
3082 324593
3083 324641
3084 324647
3085 324773
3086 324869
3087 324953
3088 324977
3089 324991
3090 325181
3091 325189
3092 325459
3093 325697
3094 325781
3095 325921
3096 326063
3097 326087
3098 326119
3099 326203
3100 326537
3101 326539
3102 326681
3103 326869
3104 327473
3105 327479
3106 327491
3107 327529
3108 327619
3109 327839
3110 327853
3111 327941
3112 328043
3113 328067
3114 328249
3115 328379
3116 328397
3117 328591
3118 328687
3119 328753
3120 328849
3121 329123
3122 329293
3123 329299
3124 329387
3125 329639
3126 329677
3127 329761
3128 329941
3129 330053
3130 330233
3131 330271
3132 330413
3133 330703
3134 330767
3135 330859
3136 331027
3137 331319
3138 331333
3139 331577
3140 331883
3141 331889
3142 331973
3143 332053
3144 332183
3145 332303
3146 332851
3147 332987
3148 332989
3149 333049
3150 333139
3151 333427
3152 333517
3153 333647
3154 333793
3155 333997
3156 334099
3157 334231
3158 334541
3159 334693
3160 334727
3161 334897
3162 334963
3163 334987
3164 335029
3165 335089
3166 335261
3167 335449
3168 335539
3169 335663
3170 335719
3171 335807
3172 335821
3173 336143
3174 336211
3175 336437
3176 336499
3177 336631
3178 336767
3179 336769
3180 336871
3181 336961
3182 337069
3183 337201
3184 337261
3185 337339
3186 337427
3187 337517
3188 337607
3189 337759
3190 337867
3191 338161
3192 338231
3193 338237
3194 338321
3195 338389
3196 338411
3197 338497
3198 338581
3199 338927
3200 339151
3201 339289
3202 339557
3203 339799
3204 340063
3205 340111
3206 340201
3207 340429
3208 340519
3209 340793
3210 340849
3211 340913
3212 341273
3213 341323
3214 341569
3215 341659
3216 341749
3217 341879
3218 341927
3219 342049
3220 342061
3221 342191
3222 342241
3223 342319
3224 342337
3225 342469
3226 342647
3227 342799
3228 342863
3229 343307
3230 343561
3231 343639
3232 343769
3233 344153
3234 344209
3235 344221
3236 344243
3237 344791
3238 344821
3239 344887
3240 345019
3241 345307
3242 345451
3243 345479
3244 345581
3245 345673
3246 345707
3247 345769
3248 345853
3249 346117
3250 346201
3251 346391
3252 346397
3253 346399
3254 346421
3255 346469
3256 346667
3257 346933
3258 347051
3259 347099
3260 347183
3261 347297
3262 347563
3263 347587
3264 347747
3265 347983
3266 348001
3267 348191
3268 348221
3269 348407
3270 348421
3271 348461
3272 348629
3273 348643
3274 348731
3275 348911
3276 348917
3277 349093
3278 349099
3279 349183
3280 349369
3281 349381
3282 349471
3283 349813
3284 349903
3285 349907
3286 350237
3287 350431
3288 350437
3289 350699
3290 350783
3291 350983
3292 351023
3293 351061
3294 351157
3295 351391
3296 351469
3297 351751
3298 351779
3299 351797
3300 351887
3301 351959
3302 352097
3303 352181
3304 352217
3305 352327
3306 352381
3307 352523
3308 352831
3309 353047
3310 353117
3311 353621
3312 353627
3313 353629
3314 353807
3315 354017
3316 354031
3317 354143
3318 354251
3319 354301
3320 354307
3321 354619
3322 354763
3323 354877
3324 355009
3325 355027
3326 355111
3327 355171
3328 355441
3329 355559
3330 355643
3331 355777
3332 355841
3333 355913
3334 355937
3335 356123
3336 356299
3337 356453
3338 356563
3339 356927
3340 356947
3341 357047
3342 357083
3343 357179
3344 357197
3345 357241
3346 357319
3347 357559
3348 357649
3349 357689
3350 357779
3351 358051
3352 358273
3353 358279
3354 358297
3355 358471
3356 358637
3357 358691
3358 358903
3359 358987
3360 359041
3361 359069
3362 359263
3363 359267
3364 359357
3365 359449
3366 359719
3367 360023
3368 360049
3369 360197
3370 360317
3371 360803
3372 360827
3373 360869
3374 360973
3375 360979
3376 361091
3377 361217
3378 361219
3379 361321
3380 361327
3381 361499
3382 361541
3383 361549
3384 361637
3385 361763
3386 361873
3387 361877
3388 362177
3389 362191
3390 362221
3391 362281
3392 362333
3393 362393
3394 362407
3395 362599
3396 362629
3397 362717
3398 362951
3399 363037
3400 363437
3401 363529
3402 363563
3403 363691
3404 363767
3405 363941
3406 363989
3407 364171
3408 364289
3409 364313
3410 364379
3411 364643
3412 365017
3413 365107
3414 365147
3415 365231
3416 365479
3417 365509
3418 365747
3419 365903
3420 365941
3421 366139
3422 366173
3423 366193
3424 366409
3425 366869
3426 366973
3427 367163
3428 367181
3429 367277
3430 367699
3431 367819
3432 368083
3433 368197
3434 368443
3435 368513
3436 368551
3437 368689
3438 368911
3439 369071
3440 369143
3441 369703
3442 369877
3443 369983
3444 370147
3445 370411
3446 370471
3447 370871
3448 370891
3449 371191
3450 371227
3451 371281
3452 371333
3453 371359
3454 371797
3455 371843
3456 372037
3457 372121
3458 372271
3459 372451
3460 372677
3461 372707
3462 372769
3463 372833
3464 372839
3465 372943
3466 373003
3467 373157
3468 373171
3469 373199
3470 373207
3471 373463
3472 373937
3473 373999
3474 374149
3475 374291
3476 374293
3477 374299
3478 374653
3479 374761
3480 374903
3481 374989
3482 375203
3483 375227
3484 375283
3485 375359
3486 375481
3487 375559
3488 375971
3489 376099
3490 376127
3491 376477
3492 376589
3493 376631
3494 376769
3495 376811
3496 376819
3497 376921
3498 377197
3499 377263
3500 377339
3501 377717
3502 377737
3503 377801
3504 377809
3505 378523
3506 378761
3507 379007
3508 379157
3509 379399
3510 379513
3511 379573
3512 379777
3513 379849
3514 379931
3515 379997
3516 380131
3517 380179
3518 380311
3519 380461
3520 380621
3521 380629
3522 380843
3523 380881
3524 380977
3525 381077
3526 381233
3527 381323
3528 381347
3529 381439
3530 382021
3531 382351
3532 382429
3533 382553
3534 382621
3535 382751
3536 382843
3537 382933
3538 383659
3539 383813
3540 383837
3541 383923
3542 383941
3543 383983
3544 384001
3545 384113
3546 384151
3547 384227
3548 384317
3549 384481
3550 384577
3551 384779
3552 384821
3553 384913
3554 385127
3555 385631
3556 385709
3557 385783
3558 385811
3559 385859
3560 385901
3561 385907
3562 386117
3563 386131
3564 386339
3565 386537
3566 386609
3567 386621
3568 386887
3569 386977
3570 386993
3571 387109
3572 387161
3573 387169
3574 387253
3575 387503
3576 387613
3577 387631
3578 387721
3579 388067
3580 388081
3581 388133
3582 388177
3583 388319
3584 388489
3585 388931
3586 388991
3587 389057
3588 389141
3589 389189
3590 389507
3591 389527
3592 389699
3593 389897
3594 389923
3595 390323
3596 390347
3597 390389
3598 390413
3599 390437
3600 390527
3601 390721
3602 390763
3603 390781
3604 390851
3605 390961
3606 391009
3607 391199
3608 391247
3609 391373
3610 391487
3611 391579
3612 391711
3613 391757
3614 391801
3615 391847
3616 391861
3617 392033
3618 392059
3619 392099
3620 392149
3621 392213
3622 392239
3623 392299
3624 392389
3625 392543
3626 392699
3627 392741
3628 392831
3629 392851
3630 392893
3631 392929
3632 392969
3633 392981
3634 392983
3635 393083
3636 393311
3637 393373
3638 393487
3639 393539
3640 393577
3641 393649
3642 393713
3643 394073
3644 394129
3645 394169
3646 394291
3647 394453
3648 394523
3649 394699
3650 394721
3651 394727
3652 394811
3653 394987
3654 395119
3655 395159
3656 395173
3657 395287
3658 395849
3659 396091
3660 396259
3661 396323
3662 396509
3663 396547
3664 396679
3665 397153
3666 397351
3667 397427
3668 397517
3669 397759
3670 397867
3671 398033
3672 398143
3673 398369
3674 398509
3675 398569
3676 398693
3677 398819
3678 399043
3679 399067
3680 399577
3681 399643
3682 399719
3683 400109
3684 400187
3685 400277
3686 400321
3687 400657
3688 400723
3689 400837
3690 400927
3691 400943
3692 401201
3693 401287
3694 401311
3695 401519
3696 401551
3697 401629
3698 401917
3699 401959
3700 402037
3701 402091
3702 402277
3703 402343
3704 402383
3705 402503
3706 402529
3707 402581
3708 402587
3709 402769
3710 402923
3711 403043
3712 403063
3713 403159
3714 403267
3715 403577
3716 403681
3717 403757
3718 403849
3719 403993
3720 404011
3721 404161
3722 404167
3723 404251
3724 404507
3725 404671
3726 404983
3727 405001
3728 405049
3729 405157
3730 405247
3731 405683
3732 405829
3733 405869
3734 405959
3735 406013
3736 406073
3737 406309
3738 406327
3739 406381
3740 406499
3741 406501
3742 406547
3743 406561
3744 406673
3745 406697
3746 407179
3747 407203
3748 407357
3749 407483
3750 407489
3751 407599
3752 407807
3753 407821
3754 407959
3755 407977
3756 408019
3757 408071
3758 408169
3759 408251
3760 408341
3761 408413
3762 408691
3763 408769
3764 408943
3765 409007
3766 409043
3767 409397
3768 409441
3769 409517
3770 409711
3771 409753
3772 409861
3773 409867
3774 409933
3775 410243
3776 410339
3777 410393
3778 410401
3779 410461
3780 410629
3781 410731
3782 411031
3783 411143
3784 411563
3785 411617
3786 411707
3787 411721
3788 412133
3789 412171
3790 412193
3791 412201
3792 412571
3793 412603
3794 412717
3795 412771
3796 412939
3797 413053
3798 413071
3799 413093
3800 413143
3801 413251
3802 413521
3803 413879
3804 414061
3805 414157
3806 414203
3807 414313
3808 414331
3809 414607
3810 414683
3811 414737
3812 414889
3813 414959
3814 415039
3815 415187
3816 415253
3817 415523
3818 415651
3819 415691
3820 415697
3821 415787
3822 415873
3823 416243
3824 416359
3825 416393
3826 416401
3827 416593
3828 416849
3829 416957
3830 417017
3831 417181
3832 417217
3833 417271
3834 417479
3835 417617
3836 417691
3837 418007
3838 418009
3839 418289
3840 418351
3841 418597
3842 418667
3843 418799
3844 418843
3845 418849
3846 418889
3847 418933
3848 419059
3849 419161
3850 419291
3851 419297
3852 419417
3853 419459
3854 419563
3855 419567
3856 419789
3857 419927
3858 420253
3859 420293
3860 420307
3861 420419
3862 420457
3863 420671
3864 420781
3865 421133
3866 421159
3867 421339
3868 421397
3869 421711
3870 421717
3871 421997
3872 422077
3873 422101
3874 422183
3875 422291
3876 422879
3877 422969
3878 422987
3879 423083
3880 423229
3881 423469
3882 423481
3883 423559
3884 423601
3885 423803
3886 423991
3887 424103
3888 424147
3889 424231
3890 424493
3891 424547
3892 424549
3893 424639
3894 424729
3895 424817
3896 425393
3897 425423
3898 425489
3899 425779
3900 425791
3901 425869
3902 425977
3903 426077
3904 426233
3905 426389
3906 426527
3907 426541
3908 426611
3909 426697
3910 426709
3911 426761
3912 426859
3913 427081
3914 427283
3915 427403
3916 427429
3917 427591
3918 427711
3919 427849
3920 427913
3921 427919
3922 427991
3923 427993
3924 428147
3925 428149
3926 428273
3927 428369
3928 428639
3929 429083
3930 429397
3931 429469
3932 429487
3933 429823
3934 429889
3935 429937
3936 429973
3937 430267
3938 430487
3939 430847
3940 430883
3941 431077
3942 431237
3943 431251
3944 431581
3945 431671
3946 431707
3947 432023
3948 432043
3949 432139
3950 432199
3951 432281
3952 432337
3953 432391
3954 432511
3955 432559
3956 432799
3957 433033
3958 433073
3959 433271
3960 433549
3961 433651
3962 433703
3963 434009
3964 434087
3965 434221
3966 434267
3967 434717
3968 434881
3969 434957
3970 435037
3971 435109
3972 435161
3973 435257
3974 435541
3975 435619
3976 435653
3977 435857
3978 435859
3979 435949
3980 436061
3981 436151
3982 436283
3983 436481
3984 437071
3985 437237
3986 437293
3987 437363
3988 437471
3989 437473
3990 437651
3991 437653
3992 437743
3993 438001
3994 438203
3995 438377
3996 438391
3997 438467
3998 438601
3999 438667
4000 438733
4001 438793
4002 438913
4003 439141
4004 439253
4005 439381
4006 439459
4007 439567
4008 439613
4009 439729
4010 439969
4011 440183
4012 440239
4013 440527
4014 440983
4015 441113
4016 441157
4017 441229
4018 441797
4019 442181
4020 442217
4021 442271
4022 442499
4023 442501
4024 442699
4025 442781
4026 442789
4027 442817
4028 442961
4029 442963
4030 443041
4031 443089
4032 443221
4033 443227
4034 443243
4035 443731
4036 443759
4037 443867
4038 443881
4039 444109
4040 444271
4041 444527
4042 444529
4043 444589
4044 444859
4045 444967
4046 445069
4047 445157
4048 445261
4049 445427
4050 445597
4051 445771
4052 445937
4053 446189
4054 446363
4055 446569
4056 447179
4057 447193
4058 447331
4059 447481
4060 447779
4061 447791
4062 447827
4063 448121
4064 448387
4065 448769
4066 448907
4067 449131
4068 449173
4069 449269
4070 449287
4071 449311
4072 449353
4073 449399
4074 449557
4075 449629
4076 449759
4077 449773
4078 450001
4079 450083
4080 450113
4081 450199
4082 450223
4083 450377
4084 450391
4085 450481
4086 450601
4087 450649
4088 450797
4089 450917
4090 450971
4091 451181
4092 451277
4093 451309
4094 451637
4095 451901
4096 451909
4097 451961
4098 452191
4099 452269
4100 452579
4101 452597
4102 452797
4103 452957
4104 453053
4105 453161
4106 453217
4107 453301
4108 453527
4109 453569
4110 453617
4111 453709
4112 453851
4113 453949
4114 454009
4115 454199
4116 454331
4117 454609
4118 454823
4119 455033
4120 455149
4121 455237
4122 455291
4123 455321
4124 455381
4125 455479
4126 455789
4127 455969
4128 456377
4129 456539
4130 456553
4131 456647
4132 456649
4133 456737
4134 457091
4135 457253
4136 457307
4137 457367
4138 457433
4139 457651
4140 457789
4141 457871
4142 458027
4143 458191
4144 458449
4145 458599
4146 458629
4147 458863
4148 458993
4149 459181
4150 459671
4151 460091
4152 460127
4153 460189
4154 460231
4155 460891
4156 460981
4157 461171
4158 461269
4159 461627
4160 461887
4161 462109
4162 462529
4163 462899
4164 463261
4165 463399
4166 463511
4167 463579
4168 463753
4169 463823
4170 463861
4171 464237
4172 464279
4173 464419
4174 464587
4175 464767
4176 464879
4177 464909
4178 464923
4179 465041
4180 465151
4181 465407
4182 465809
4183 466547
4184 466619
4185 466723
4186 466819
4187 466859
4188 467119
4189 467171
4190 467209
4191 467399
4192 467447
4193 467557
4194 467641
4195 467681
4196 467689
4197 468079
4198 468107
4199 468109
4200 468239
4201 468439
4202 468493
4203 468613
4204 468619
4205 468697
4206 468851
4207 468859
4208 469009
4209 469241
4210 469351
4211 469649
4212 469753
4213 469919
4214 469939
4215 470207
4216 470243
4217 470447
4218 470489
4219 470531
4220 470593
4221 470627
4222 470663
4223 470711
4224 470791
4225 470863
4226 470959
4227 471439
4228 471671
4229 471749
4230 471769
4231 471923
4232 472111
4233 472247
4234 472393
4235 472597
4236 472643
4237 472687
4238 472799
4239 472993
4240 473101
4241 473147
4242 473279
4243 473293
4244 473327
4245 473383
4246 473479
4247 473497
4248 473507
4249 473633
4250 473761
4251 473833
4252 473899
4253 473923
4254 474049
4255 474137
4256 474263
4257 474319
4258 474359
4259 474379
4260 474737
4261 474751
4262 474911
4263 474917
4264 474931
4265 475051
4266 475273
4267 475297
4268 475369
4269 475549
4270 475613
4271 475637
4272 475729
4273 475859
4274 476081
4275 476401
4276 476599
4277 476681
4278 476719
4279 476803
4280 476849
4281 476977
4282 477011
4283 477019
4284 477259
4285 477329
4286 477523
4287 477637
4288 477769
4289 477811
4290 477941
4291 478067
4292 478157
4293 478171
4294 478243
4295 478427
4296 478603
4297 478711
4298 478931
4299 478991
4300 479509
4301 479561
4302 479783
4303 479839
4304 480091
4305 480383
4306 480499
4307 480527
4308 480541
4309 480761
4310 480853
4311 480967
4312 481067
4313 481133
4314 481199
4315 481469
4316 481667
4317 481847
4318 481849
4319 482017
4320 482071
4321 482101
4322 482213
4323 482633
4324 482789
4325 483139
4326 483179
4327 483289
4328 483377
4329 483407
4330 483467
4331 483577
4332 483643
4333 483719
4334 483733
4335 483829
4336 483869
4337 483937
4338 484079
4339 484091
4340 484181
4341 484457
4342 484459
4343 484613
4344 485041
4345 485447
4346 485689
4347 486091
4348 486323
4349 486527
4350 486583
4351 486637
4352 486943
4353 487111
4354 487177
4355 487391
4356 487429
4357 487447
4358 487469
4359 487793
4360 487889
4361 487973
4362 488143
4363 488233
4364 488303
4365 488347
4366 488611
4367 488617
4368 488701
4369 488909
4370 488981
4371 489133
4372 489157
4373 489179
4374 489407
4375 489449
4376 489689
4377 489793
4378 489847
4379 489869
4380 489911
4381 490003
4382 490249
4383 490283
4384 490339
4385 490393
4386 490591
4387 490937
4388 490957
4389 491299
4390 491327
4391 491329
4392 491497
4393 491611
4394 491651
4395 491819
4396 491923
4397 491983
4398 492007
4399 492061
4400 492227
4401 492377
4402 492397
4403 492463
4404 492731
4405 492799
4406 493093
4407 493169
4408 493211
4409 493217
4410 493279
4411 493369
4412 493541
4413 493721
4414 493897
4415 494069
4416 494353
4417 494443
4418 494621
4419 494731
4420 495017
4421 495149
4422 495301
4423 495343
4424 495361
4425 495433
4426 495457
4427 495527
4428 495589
4429 495611
4430 495787
4431 495893
4432 495967
4433 496313
4434 496399
4435 496427
4436 496849
4437 496997
4438 497323
4439 497417
4440 497473
4441 497701
4442 497741
4443 497969
4444 498061
4445 498227
4446 498461
4447 498551
4448 498599
4449 498733
4450 498739
4451 498977
4452 499099
4453 499127
4454 499189
4455 499321
4456 499327
4457 499363
4458 499673
4459 499691
4460 499747
4461 499781
4462 499897
4463 500111
4464 500153
4465 500177
4466 500317
4467 500393
4468 500443
4469 500713
4470 500719
4471 500809
4472 500861
4473 500933
4474 501121
4475 501187
4476 501217
4477 501271
4478 501637
4479 501703
4480 502043
4481 502063
4482 502261
4483 502429
4484 502591
4485 502807
4486 502861
4487 503123
4488 503213
4489 503233
4490 503303
4491 503543
4492 503879
4493 503963
4494 503983
4495 504001
4496 504247
4497 504337
4498 504377
4499 504593
4500 504599
4501 504661
4502 505033
4503 505051
4504 505091
4505 505123
4506 505181
4507 505187
4508 505613
4509 506131
4510 506537
4511 506573
4512 506663
4513 506809
4514 506861
4515 507103
4516 507301
4517 507361
4518 507503
4519 507691
4520 507781
4521 508021
4522 508159
4523 508223
4524 508621
4525 508771
4526 508867
4527 508919
4528 508931
4529 509297
4530 509363
4531 509549
4532 509563
4533 509569
4534 509653
4535 509659
4536 509699
4537 509767
4538 509921
4539 510073
4540 510079
4541 510233
4542 510271
4543 510383
4544 510529
4545 510589
4546 510767
4547 511087
4548 511153
4549 511193
4550 511201
4551 511223
4552 511519
4553 512011
4554 512147
4555 512521
4556 512569
4557 512657
4558 512741
4559 512891
4560 513047
4561 513083
4562 513137
4563 513319
4564 513407
4565 513739
4566 513917
4567 513977
4568 514057
4569 514103
4570 514127
4571 514433
4572 514499
4573 514523
4574 514819
4575 514831
4576 515153
4577 515351
4578 515579
4579 515861
4580 516233
4581 516293
4582 516349
4583 516587
4584 516589
4585 516617
4586 516679
4587 516701
4588 516839
4589 516877
4590 516947
4591 517061
4592 517207
4593 517241
4594 517249
4595 517373
4596 517469
4597 517481
4598 517571
4599 517609
4600 517711
4601 518057
4602 518099
4603 518411
4604 518521
4605 518587
4606 518657
4607 518699
4608 518729
4609 518747
4610 518767
4611 519089
4612 519131
4613 519229
4614 519269
4615 519359
4616 519487
4617 519553
4618 519577
4619 519737
4620 520021
4621 520193
4622 520339
4623 520357
4624 520427
4625 520609
4626 520759
4627 520889
4628 521161
4629 521251
4630 521309
4631 521471
4632 521503
4633 521581
4634 521671
4635 521723
4636 521749
4637 521897
4638 521903
4639 522113
4640 522191
4641 522199
4642 522229
4643 522317
4644 522391
4645 522469
4646 522737
4647 522827
4648 522829
4649 522919
4650 523109
4651 523459
4652 523493
4653 523639
4654 523741
4655 524087
4656 524203
4657 524599
4658 524669
4659 524681
4660 524933
4661 524971
4662 525013
4663 525143
4664 525167
4665 525439
4666 525491
4667 525677
4668 525697
4669 525781
4670 525839
4671 525947
4672 525949
4673 526027
4674 526117
4675 526199
4676 526397
4677 526511
4678 526573
4679 526681
4680 526733
4681 526931
4682 527123
4683 527251
4684 527327
4685 527381
4686 527419
4687 527507
4688 527563
4689 527671
4690 527819
4691 527909
4692 527981
4693 528137
4694 528191
4695 528263
4696 528373
4697 528391
4698 528791
4699 528971
4700 528973
4701 529127
4702 529129
4703 529273
4704 529349
4705 529547
4706 529709
4707 529723
4708 529927
4709 529987
4710 530183
4711 530251
4712 530527
4713 530989
4714 531331
4715 531337
4716 531551
4717 531799
4718 531841
4719 531977
4720 532163
4721 532327
4722 532417
4723 532783
4724 532789
4725 532981
4726 533191
4727 533227
4728 533719
4729 533801
4730 533809
4731 533887
4732 533959
4733 533971
4734 534013
4735 534091
4736 534307
4737 534581
4738 534671
4739 534857
4740 534923
4741 534943
4742 535193
4743 535207
4744 535489
4745 535609
4746 535939
4747 535991
4748 536059
4749 536213
4750 536279
4751 536479
4752 536651
4753 536671
4754 536743
4755 536891
4756 536989
4757 537007
4758 537221
4759 537281
4760 537373
4761 537379
4762 537599
4763 537739
4764 537913
4765 538051
4766 538093
4767 538297
4768 538367
4769 538561
4770 538723
4771 538789
4772 539207
4773 539269
4774 539447
4775 539629
4776 539797
4777 539863
4778 540119
4779 540157
4780 540203
4781 540517
4782 540559
4783 540751
4784 540803
4785 541181
4786 541217
4787 541361
4788 541417
4789 541507
4790 541523
4791 541549
4792 541693
4793 541967
4794 541987
4795 542063
4796 542119
4797 542261
4798 542461
4799 542539
4800 542719
4801 542797
4802 542911
4803 543143
4804 543233
4805 543259
4806 543679
4807 543857
4808 543877
4809 543967
4810 544009
4811 544373
4812 544517
4813 544667
4814 544759
4815 544889
4816 545141
4817 545239
4818 545521
4819 545723
4820 545789
4821 545899
4822 546001
4823 546151
4824 546179
4825 546289
4826 546643
4827 546841
4828 547093
4829 547301
4830 547361
4831 547499
4832 547567
4833 547741
4834 547817
4835 547819
4836 548089
4837 548117
4838 548221
4839 548263
4840 548371
4841 548461
4842 548591
4843 548719
4844 548861
4845 548869
4846 549071
4847 549169
4848 549569
4849 549707
4850 549839
4851 549943
4852 550631
4853 550637
4854 550691
4855 550763
4856 550811
4857 550909
4858 551003
4859 551113
4860 551179
4861 551269
4862 551423
4863 551461
4864 551689
4865 551717
4866 551731
4867 551773
4868 551933
4869 552031
4870 552091
4871 552107
4872 552217
4873 552301
4874 552527
4875 552583
4876 552677
4877 552787
4878 552833
4879 553067
4880 553171
4881 553207
4882 553249
4883 553481
4884 553517
4885 553573
4886 553649
4887 553667
4888 553733
4889 553757
4890 553867
4891 553933
4892 554237
4893 554419
4894 554431
4895 554611
4896 554677
4897 554747
4898 554923
4899 554927
4900 555083
4901 555391
4902 555487
4903 555557
4904 556103
4905 556279
4906 556321
4907 556613
4908 556651
4909 556691
4910 556693
4911 556741
4912 556817
4913 556987
4914 557021
4915 557269
4916 557281
4917 557339
4918 557449
4919 557461
4920 557519
4921 557731
4922 557803
4923 558457
4924 558499
4925 558529
4926 558703
4927 558787
4928 558893
4929 559049
4930 559067
4931 559177
4932 559513
4933 559649
4934 559739
4935 559807
4936 559991
4937 560023
4938 560137
4939 560191
4940 560221
4941 560227
4942 560531
4943 560621
4944 560669
4945 560771
4946 560863
4947 561161
4948 561347
4949 561761
4950 562313
4951 562579
4952 562607
4953 562663
4954 562669
4955 562753
4956 563099
4957 563419
4958 563561
4959 563837
4960 564041
4961 564229
4962 564269
4963 564373
4964 564391
4965 564409
4966 564463
4967 564643
4968 564667
4969 564793
4970 564959
4971 565163
4972 565361
4973 565549
4974 566173
4975 566179
4976 566939
4977 567031
4978 567121
4979 567181
4980 567367
4981 567493
4982 567569
4983 567631
4984 567761
4985 567899
4986 568151
4987 568609
4988 568669
4989 568751
4990 569053
4991 569077
4992 569161
4993 569237
4994 570013
4995 570079
4996 570091
4997 570109
4998 570161
4999 570233
5000 570389
5001 570497
5002 570527
5003 570569
5004 570671
5005 570853
5006 570967
5007 571199
5008 571399
5009 571777
5010 571841
5011 571939
5012 572059
5013 572161
5014 572303
5015 572329
5016 572387
5017 572471
5018 572491
5019 572567
5020 572581
5021 572633
5022 572969
5023 573263
5024 573317
5025 573409
5026 573481
5027 573647
5028 573757
5029 573829
5030 574031
5031 574169
5032 574631
5033 574907
5034 574969
5035 575027
5036 575087
5037 575131
5038 575551
5039 575623
5040 575821
5041 576439
5042 576523
5043 576581
5044 576617
5045 576701
5046 576703
5047 576749
5048 576943
5049 577007
5050 577043
5051 577151
5052 577483
5053 577531
5054 577601
5055 577919
5056 577939
5057 578419
5058 578497
5059 578563
5060 578701
5061 578819
5062 578923
5063 579199
5064 579641
5065 579829
5066 580607
5067 580663
5068 580759
5069 580843
5070 580889
5071 580913
5072 581149
5073 581237
5074 581303
5075 581459
5076 581857
5077 581909
5078 581981
5079 581983
5080 582139
5081 582203
5082 582391
5083 582623
5084 582689
5085 582937
5086 582973
5087 583127
5088 583181
5089 583273
5090 583459
5091 583501
5092 583619
5093 583631
5094 584027
5095 584249
5096 584359
5097 584377
5098 584531
5099 584627
5100 584863
5101 584917
5102 584993
5103 584999
5104 585341
5105 585547
5106 585619
5107 585721
5108 585877
5109 586009
5110 586087
5111 586429
5112 586601
5113 586603
5114 586939
5115 587123
5116 587413
5117 587459
5118 587693
5119 587789
5120 587947
5121 588199
5122 588397
5123 588641
5124 588733
5125 588773
5126 588977
5127 589213
5128 589349
5129 589493
5130 589859
5131 589877
5132 590099
5133 590363
5134 590567
5135 590813
5136 590929
5137 591137
5138 591287
5139 591443
5140 591553
5141 591623
5142 591751
5143 591757
5144 591847
5145 592099
5146 592129
5147 592309
5148 592343
5149 592561
5150 592727
5151 592903
5152 593083
5153 593179
5154 593207
5155 593353
5156 593447
5157 593539
5158 593603
5159 594091
5160 594271
5161 594367
5162 594523
5163 594721
5164 595043
5165 595229
5166 595339
5167 595351
5168 595481
5169 595843
5170 596053
5171 596059
5172 596147
5173 596257
5174 596279
5175 596341
5176 596707
5177 596749
5178 596831
5179 596839
5180 596987
5181 597137
5182 597269
5183 597539
5184 597643
5185 598051
5186 598123
5187 598127
5188 598189
5189 598387
5190 598691
5191 598891
5192 598963
5193 598981
5194 599117
5195 599353
5196 599359
5197 599591
5198 599623
5199 599663
5200 599759
5201 599939
5202 600101
5203 600233
5204 600433
5205 600857
5206 600947
5207 600961
5208 601021
5209 601247
5210 601319
5211 601357
5212 601423
5213 601669
5214 601751
5215 602033
5216 602257
5217 602839
5218 602983
5219 603133
5220 603203
5221 603791
5222 603793
5223 603881
5224 603919
5225 604237
5226 604291
5227 604369
5228 604411
5229 604697
5230 604699
5231 604727
5232 604787
5233 605023
5234 605221
5235 605573
5236 605597
5237 605687
5238 605809
5239 605887
5240 606037
5241 606091
5242 606413
5243 606493
5244 606581
5245 606721
5246 606811
5247 606943
5248 606967
5249 607043
5250 607067
5251 607337
5252 607669
5253 607861
5254 607933
5255 608099
5256 608273
5257 608369
5258 608389
5259 608411
5260 608471
5261 608581
5262 608659
5263 608819
5264 608831
5265 609199
5266 609221
5267 609227
5268 609359
5269 609421
5270 609461
5271 609571
5272 609751
5273 610409
5274 610447
5275 610681
5276 610801
5277 610823
5278 610849
5279 610913
5280 611101
5281 611257
5282 611297
5283 611419
5284 611671
5285 611707
5286 611927
5287 612023
5288 612049
5289 612133
5290 612173
5291 612319
5292 612737
5293 612791
5294 612889
5295 612977
5296 613213
5297 613231
5298 613471
5299 613549
5300 613699
5301 613741
5302 613967
5303 614113
5304 614267
5305 614717
5306 614881
5307 615031
5308 615233
5309 615493
5310 615677
5311 615721
5312 615767
5313 616117
5314 616207
5315 616223
5316 616289
5317 616481
5318 616489
5319 616519
5320 616669
5321 616757
5322 616843
5323 616933
5324 616999
5325 617011
5326 617059
5327 617107
5328 617341
5329 617369
5330 617453
5331 617509
5332 617651
5333 617657
5334 617767
5335 617879
5336 618173
5337 618227
5338 618229
5339 618269
5340 618559
5341 618643
5342 618841
5343 618913
5344 618979
5345 619079
5346 619181
5347 619277
5348 619279
5349 619363
5350 619477
5351 619561
5352 619813
5353 620239
5354 620303
5355 620329
5356 620363
5357 620413
5358 620671
5359 620929
5360 620981
5361 621043
5362 621223
5363 621337
5364 621799
5365 622051
5366 622129
5367 622493
5368 622549
5369 622637
5370 623003
5371 623041
5372 623281
5373 623401
5374 623537
5375 623591
5376 623621
5377 623717
5378 623957
5379 624031
5380 624251
5381 624521
5382 624709
5383 624763
5384 624769
5385 625199
5386 625517
5387 625609
5388 625621
5389 625777
5390 625913
5391 626147
5392 626363
5393 626581
5394 626749
5395 626833
5396 626921
5397 626929
5398 627191
5399 627269
5400 627353
5401 627449
5402 627559
5403 627919
5404 628037
5405 628363
5406 628651
5407 629003
5408 629249
5409 629339
5410 629449
5411 629537
5412 629591
5413 629711
5414 629773
5415 629779
5416 629977
5417 630151
5418 630467
5419 630559
5420 630713
5421 630803
5422 630841
5423 631039
5424 631271
5425 631457
5426 631459
5427 631507
5428 631549
5429 631679
5430 631817
5431 631819
5432 632081
5433 632089
5434 632209
5435 632371
5436 632447
5437 632717
5438 632939
5439 633767
5440 634159
5441 634241
5442 634247
5443 634421
5444 634511
5445 634577
5446 634681
5447 634759
5448 634937
5449 635291
5450 635389
5451 635507
5452 635567
5453 635879
5454 635891
5455 635983
5456 636023
5457 636241
5458 636287
5459 636331
5460 636739
5461 636829
5462 636919
5463 637129
5464 637271
5465 637291
5466 637309
5467 637471
5468 637723
5469 637783
5470 638269
5471 638467
5472 638489
5473 638629
5474 638861
5475 638999
5476 639143
5477 639299
5478 639329
5479 639679
5480 639703
5481 639907
5482 640039
5483 640099
5484 640231
5485 640279
5486 640457
5487 640499
5488 640589
5489 640873
5490 640891
5491 640907
5492 641791
5493 641821
5494 641863
5495 641881
5496 642233
5497 642529
5498 642673
5499 642853
5500 642899
5501 643009
5502 643061
5503 643199
5504 643429
5505 643649
5506 643847
5507 643849
5508 643889
5509 643957
5510 644101
5511 644107
5512 644123
5513 644327
5514 644341
5515 644411
5516 644491
5517 644767
5518 644837
5519 644923
5520 645049
5521 645397
5522 645467
5523 645571
5524 645577
5525 645629
5526 645649
5527 645713
5528 646039
5529 646073
5530 646259
5531 646273
5532 646411
5533 646523
5534 646543
5535 646637
5536 646897
5537 647111
5538 647333
5539 647371
5540 647489
5541 647531
5542 647579
5543 647609
5544 647627
5545 647719
5546 647861
5547 647917
5548 647953
5549 648019
5550 648073
5551 648107
5552 648257
5553 648259
5554 648343
5555 648617
5556 648619
5557 649469
5558 649739
5559 649751
5560 649843
5561 649867
5562 650261
5563 650359
5564 650449
5565 650537
5566 650669
5567 650779
5568 650911
5569 651271
5570 651697
5571 651769
5572 651853
5573 651943
5574 652207
5575 652261
5576 652559
5577 652577
5578 652601
5579 652667
5580 652733
5581 652937
5582 652957
5583 653057
5584 653473
5585 653491
5586 653659
5587 653761
5588 653893
5589 653929
5590 653941
5591 654229
5592 654371
5593 654539
5594 654601
5595 654779
5596 654799
5597 655013
5598 655273
5599 655439
5600 655547
5601 655693
5602 655909
5603 655927
5604 656119
5605 656263
5606 656311
5607 656737
5608 656917
5609 656977
5610 657079
5611 657257
5612 657439
5613 657491
5614 657499
5615 657617
5616 657893
5617 658043
5618 658247
5619 658379
5620 658607
5621 658751
5622 658841
5623 658979
5624 659279
5625 659419
5626 659563
5627 659569
5628 659611
5629 659831
5630 659963
5631 660013
5632 660053
5633 660103
5634 660251
5635 660349
5636 660493
5637 660529
5638 660563
5639 660617
5640 660811
5641 660949
5642 661027
5643 661117
5644 661201
5645 661393
5646 661849
5647 662149
5648 662231
5649 662327
5650 662369
5651 662639
5652 662657
5653 662743
5654 662899
5655 663241
5656 663269
5657 663409
5658 663557
5659 663571
5660 663869
5661 663959
5662 663979
5663 664091
5664 664099
5665 664121
5666 664369
5667 664549
5668 664561
5669 664633
5670 665089
5671 665179
5672 665201
5673 665207
5674 665267
5675 665447
5676 665557
5677 665603
5678 665993
5679 666091
5680 666433
5681 666527
5682 666637
5683 666697
5684 666901
5685 666983
5686 667333
5687 667379
5688 667519
5689 667531
5690 667687
5691 667829
5692 667883
5693 667991
5694 668509
5695 669023
5696 669089
5697 669289
5698 669379
5699 669667
5700 669689
5701 669863
5702 669887
5703 669913
5704 670199
5705 670517
5706 670777
5707 670823
5708 670919
5709 671017
5710 671059
5711 671141
5712 671303
5713 671369
5714 671417
5715 671581
5716 671941
5717 671947
5718 672131
5719 672283
5720 672289
5721 672641
5722 672779
5723 673091
5724 673093
5725 673129
5726 673271
5727 673349
5728 673613
5729 673637
5730 673747
5731 673811
5732 674449
5733 674717
5734 674731
5735 674953
5736 675079
5737 675097
5738 675187
5739 675271
5740 675569
5741 675839
5742 676009
5743 676069
5744 676339
5745 676717
5746 677077
5747 677213
5748 677587
5749 677983
5750 678157
5751 678179
5752 678203
5753 678289
5754 678593
5755 678607
5756 678719
5757 678731
5758 678779
5759 679169
5760 679279
5761 679369
5762 679417
5763 679709
5764 679961
5765 680107
5766 680237
5767 680321
5768 680327
5769 680417
5770 680431
5771 680611
5772 680749
5773 680831
5774 680879
5775 681041
5776 681229
5777 681449
5778 681487
5779 681557
5780 681689
5781 681809
5782 682037
5783 682219
5784 682259
5785 682307
5786 682439
5787 682699
5788 682723
5789 682729
5790 683021
5791 683087
5792 683351
5793 683447
5794 683461
5795 683681
5796 683731
5797 683911
5798 684091
5799 684163
5800 684347
5801 684419
5802 684527
5803 684547
5804 684769
5805 684949
5806 685081
5807 685337
5808 685427
5809 685511
5810 685513
5811 685621
5812 685973
5813 685991
5814 686057
5815 686417
5816 686479
5817 686611
5818 686969
5819 687151
5820 687397
5821 687403
5822 687517
5823 687683
5824 687779
5825 687809
5826 688217
5827 688697
5828 689113
5829 689393
5830 689597
5831 689827
5832 689917
5833 690407
5834 690511
5835 690661
5836 690841
5837 690889
5838 690919
5839 691037
5840 691079
5841 691309
5842 691381
5843 691727
5844 691729
5845 691813
5846 691903
5847 691921
5848 692063
5849 692281
5850 692371
5851 692401
5852 692441
5853 692513
5854 692621
5855 692689
5856 693493
5857 693503
5858 693569
5859 693659
5860 693701
5861 693989
5862 694061
5863 694201
5864 694333
5865 694339
5866 694357
5867 694513
5868 694559
5869 694829
5870 694957
5871 695293
5872 695369
5873 695561
5874 695743
5875 695839
5876 696281
5877 696317
5878 696719
5879 696793
5880 697093
5881 697271
5882 697691
5883 697693
5884 697787
5885 698249
5886 698261
5887 698263
5888 698311
5889 698483
5890 698669
5891 698939
5892 699253
5893 699299
5894 699961
5895 700087
5896 700201
5897 700223
5898 700339
5899 700571
5900 700681
5901 700849
5902 700937
5903 701033
5904 701257
5905 701341
5906 701453
5907 701509
5908 701527
5909 701611
5910 701699
5911 701761
5912 701837
5913 702113
5914 702173
5915 702313
5916 702379
5917 702391
5918 702469
5919 702517
5920 702827
5921 703123
5922 703309
5923 703327
5924 703499
5925 703679
5926 703699
5927 703763
5928 704003
5929 704009
5930 704281
5931 704393
5932 704441
5933 704449
5934 704719
5935 704771
5936 704807
5937 705053
5938 705161
5939 705169
5940 705389
5941 705493
5942 705499
5943 705787
5944 705899
5945 705967
5946 706003
5947 706157
5948 706207
5949 706283
5950 706481
5951 706597
5952 706669
5953 707011
5954 707099
5955 707321
5956 707677
5957 707767
5958 707789
5959 707831
5960 707923
5961 707969
5962 707983
5963 708041
5964 708137
5965 708283
5966 708559
5967 708641
5968 708959
5969 709211
5970 709381
5971 709561
5972 709651
5973 709703
5974 709741
5975 709901
5976 710273
5977 710299
5978 710491
5979 710503
5980 710837
5981 710839
5982 710851
5983 710987
5984 710989
5985 711517
5986 711731
5987 711889
5988 712051
5989 712303
5990 712499
5991 712631
5992 712781
5993 712819
5994 713171
5995 713261
5996 713627
5997 713807
5998 713863
5999 714143
6000 714257
6001 714341
6002 714349
6003 714529
6004 714569
6005 714691
6006 714781
6007 714853
6008 714943
6009 715171
6010 715223
6011 715489
6012 715579
6013 715621
6014 715777
6015 715823
6016 715889
6017 716123
6018 716383
6019 716453
6020 716459
6021 716549
6022 716563
6023 716659
6024 716789
6025 717113
6026 717289
6027 717463
6028 717559
6029 717719
6030 717883
6031 718093
6032 718321
6033 718349
6034 718411
6035 718547
6036 718633
6037 718691
6038 718813
6039 718897
6040 719041
6041 719153
6042 719351
6043 719599
6044 719681
6045 719717
6046 720007
6047 720173
6048 720241
6049 720281
6050 720661
6051 720829
6052 720869
6053 720971
6054 721057
6055 721109
6056 721213
6057 721321
6058 721859
6059 722047
6060 722153
6061 722333
6062 722489
6063 722537
6064 722599
6065 722791
6066 722807
6067 722849
6068 723103
6069 723161
6070 723167
6071 723259
6072 723293
6073 723439
6074 723451
6075 723589
6076 723859
6077 723923
6078 723967
6079 724519
6080 724531
6081 724597
6082 724621
6083 724751
6084 724847
6085 725303
6086 725321
6087 725639
6088 725723
6089 725789
6090 725981
6091 726023
6092 726137
6093 726379
6094 726391
6095 726487
6096 726533
6097 726601
6098 726647
6099 726751
6100 726809
6101 727169
6102 727183
6103 727271
6104 727343
6105 727471
6106 727561
6107 727729
6108 727747
6109 728269
6110 728489
6111 728551
6112 728627
6113 728681
6114 728809
6115 729527
6116 729569
6117 729637
6118 729679
6119 729749
6120 729907
6121 729943
6122 730033
6123 730091
6124 730217
6125 730459
6126 730637
6127 730727
6128 730783
6129 730789
6130 730879
6131 730943
6132 731041
6133 731483
6134 731539
6135 731603
6136 731683
6137 731881
6138 731911
6139 732169
6140 732217
6141 732257
6142 732271
6143 732299
6144 732439
6145 732521
6146 732631
6147 732877
6148 732943
6149 733111
6150 733289
6151 733399
6152 733591
6153 733841
6154 733847
6155 733849
6156 733939
6157 734189
6158 734389
6159 734411
6160 734471
6161 734659
6162 734743
6163 734837
6164 735083
6165 735311
6166 735391
6167 735421
6168 735719
6169 735919
6170 736037
6171 736093
6172 736361
6173 736367
6174 736369
6175 736381
6176 736657
6177 736679
6178 736871
6179 736961
6180 737111
6181 737119
6182 737263
6183 737281
6184 737629
6185 737683
6186 737719
6187 737809
6188 737887
6189 737999
6190 738349
6191 738499
6192 738547
6193 738877
6194 739069
6195 739087
6196 739171
6197 739337
6198 739351
6199 739399
6200 739469
6201 739603
6202 739621
6203 739759
6204 740171
6205 740351
6206 740359
6207 740461
6208 740513
6209 741121
6210 741233
6211 741347
6212 741541
6213 741677
6214 741781
6215 741833
6216 741941
6217 742009
6218 742111
6219 742193
6220 742591
6221 742757
6222 742993
6223 743123
6224 743251
6225 743657
6226 743747
6227 743819
6228 743891
6229 743921
6230 744377
6231 744397
6232 744599
6233 744791
6234 744917
6235 745013
6236 745273
6237 745343
6238 745567
6239 745709
6240 745903
6241 746069
6242 746177
6243 746197
6244 746533
6245 746807
6246 747521
6247 747529
6248 747811
6249 748249
6250 748513
6251 748597
6252 748777
6253 748801
6254 748883
6255 748889
6256 748973
6257 749143
6258 749149
6259 749299
6260 749323
6261 749701
6262 749741
6263 750037
6264 750121
6265 750679
6266 750691
6267 750769
6268 750929
6269 751007
6270 751379
6271 751579
6272 751609
6273 751643
6274 751867
6275 752033
6276 752149
6277 752273
6278 752569
6279 752833
6280 752903
6281 753229
6282 753409
6283 753647
6284 753719
6285 753799
6286 753821
6287 753931
6288 754093
6289 754099
6290 754181
6291 754183
6292 754367
6293 754549
6294 754723
6295 754903
6296 754907
6297 754969
6298 755081
6299 755311
6300 755399
6301 755449
6302 755593
6303 755737
6304 756097
6305 756167
6306 756253
6307 756853
6308 757243
6309 757403
6310 757481
6311 757661
6312 757997
6313 758099
6314 758189
6315 758237
6316 758299
6317 758699
6318 758707
6319 758729
6320 758929
6321 758963
6322 759229
6323 759359
6324 759559
6325 759641
6326 759757
6327 760043
6328 760241
6329 760289
6330 760553
6331 760843
6332 760913
6333 760933
6334 761161
6335 761363
6336 761381
6337 761417
6338 761521
6339 761611
6340 761833
6341 761983
6342 762001
6343 762227
6344 762371
6345 762373
6346 762571
6347 762791
6348 762821
6349 763039
6350 763369
6351 763381
6352 763549
6353 763699
6354 763897
6355 763901
6356 764021
6357 764111
6358 764591
6359 764593
6360 764683
6361 764849
6362 764993
6363 764999
6364 765059
6365 765097
6366 765109
6367 765169
6368 765181
6369 765581
6370 765673
6371 765859
6372 765893
6373 765983
6374 766177
6375 766229
6376 766333
6377 766399
6378 766531
6379 766867
6380 767279
6381 767549
6382 767831
6383 768133
6384 768319
6385 768773
6386 769039
6387 769123
6388 769169
6389 769259
6390 769453
6391 769543
6392 769961
6393 770761
6394 770767
6395 770839
6396 770981
6397 771047
6398 771269
6399 771481
6400 771971
6401 772181
6402 772279
6403 772349
6404 772451
6405 772459
6406 772657
6407 772987
6408 773029
6409 773533
6410 773537
6411 773681
6412 773803
6413 773821
6414 773863
6415 773869
6416 773953
6417 774107
6418 774149
6419 774523
6420 774589
6421 774671
6422 774901
6423 775063
6424 775087
6425 775157
6426 775241
6427 775627
6428 775739
6429 775889
6430 776099
6431 776389
6432 776651
6433 776969
6434 776987
6435 777137
6436 777221
6437 777241
6438 777317
6439 777551
6440 777643
6441 777863
6442 778051
6443 778091
6444 778213
6445 778363
6446 778507
6447 778529
6448 778633
6449 778693
6450 778873
6451 778963
6452 779111
6453 779131
6454 779221
6455 779531
6456 779939
6457 779993
6458 780041
6459 780179
6460 780371
6461 780401
6462 780649
6463 780823
6464 780841
6465 780971
6466 780973
6467 781217
6468 781301
6469 781367
6470 781453
6471 781567
6472 781633
6473 781819
6474 781969
6475 782191
6476 782339
6477 782461
6478 782669
6479 783121
6480 783329
6481 783613
6482 783749
6483 784061
6484 784081
6485 784153
6486 784249
6487 784351
6488 784423
6489 784513
6490 784627
6491 784687
6492 784919
6493 785101
6494 785321
6495 785329
6496 785431
6497 785501
6498 785693
6499 785879
6500 785963
6501 786151
6502 786223
6503 786337
6504 786553
6505 786887
6506 787051
6507 787091
6508 787099
6509 787477
6510 787541
6511 787783
6512 788009
6513 788089
6514 788351
6515 788353
6516 788429
6517 788531
6518 788863
6519 788933
6520 789097
6521 789121
6522 789343
6523 789367
6524 789473
6525 789493
6526 789587
6527 789673
6528 789749
6529 789941
6530 790093
6531 790169
6532 790369
6533 790501
6534 790747
6535 790927
6536 790969
6537 791159
6538 791377
6539 791629
6540 791801
6541 791887
6542 791993
6543 792073
6544 792529
6545 792613
6546 792703
6547 792941
6548 793069
6549 793399
6550 793511
6551 793519
6552 793601
6553 793739
6554 793979
6555 794011
6556 794039
6557 794077
6558 794509
6559 794921
6560 794923
6561 795001
6562 795461
6563 795517
6564 795791
6565 795913
6566 796307
6567 796493
6568 796619
6569 796673
6570 796781
6571 796813
6572 796877
6573 796981
6574 797029
6575 797359
6576 797539
6577 797593
6578 797711
6579 797773
6580 797887
6581 797917
6582 797977
6583 798059
6584 798293
6585 798613
6586 798871
6587 798923
6588 799003
6589 799061
6590 799483
6591 799573
6592 799979
6593 800057
6594 800143
6595 800291
6596 800329
6597 800419
6598 800521
6599 800659
6600 800707
6601 800903
6602 801001
6603 801061
6604 801379
6605 801403
6606 801517
6607 801551
6608 801683
6609 801791
6610 802127
6611 802163
6612 802499
6613 802583
6614 802811
6615 803041
6616 803119
6617 803207
6618 803461
6619 804091
6620 804107
6621 804383
6622 804521
6623 804581
6624 804857
6625 804989
6626 805061
6627 805159
6628 805313
6629 805757
6630 805867
6631 805991
6632 806011
6633 806059
6634 806107
6635 806213
6636 806291
6637 806297
6638 806363
6639 806521
6640 806581
6641 806639
6642 806761
6643 806903
6644 807221
6645 807463
6646 807539
6647 807731
6648 807869
6649 808343
6650 808363
6651 808589
6652 808651
6653 808699
6654 808721
6655 808961
6656 809041
6657 809173
6658 809243
6659 809399
6660 809401
6661 809603
6662 809759
6663 809771
6664 809801
6665 809869
6666 810049
6667 810223
6668 810517
6669 810533
6670 810737
6671 810881
6672 811127
6673 811163
6674 811253
6675 811493
6676 811561
6677 811729
6678 811897
6679 812081
6680 812191
6681 812359
6682 812599
6683 812711
6684 813361
6685 813811
6686 814003
6687 814043
6688 814061
6689 814069
6690 814171
6691 814403
6692 814469
6693 814577
6694 814771
6695 814889
6696 815033
6697 815251
6698 815291
6699 815431
6700 815491
6701 815543
6702 815587
6703 815653
6704 815819
6705 815891
6706 816113
6707 816191
6708 816203
6709 816443
6710 816559
6711 816779
6712 816821
6713 816841
6714 816883
6715 817051
6716 817127
6717 817183
6718 817291
6719 817529
6720 817637
6721 817651
6722 817837
6723 818281
6724 818359
6725 818371
6726 818683
6727 818959
6728 818977
6729 819073
6730 819239
6731 819491
6732 819583
6733 819619
6734 819787
6735 819943
6736 820051
6737 820073
6738 820109
6739 820187
6740 820231
6741 820411
6742 820679
6743 820763
6744 820901
6745 820969
6746 821081
6747 821131
6748 821153
6749 821441
6750 821449
6751 821551
6752 821641
6753 821999
6754 822169
6755 822233
6756 822323
6757 822361
6758 822581
6759 822611
6760 822671
6761 822721
6762 822763
6763 822853
6764 823283
6765 823373
6766 823519
6767 823591
6768 823621
6769 824017
6770 824497
6771 824563
6772 824671
6773 824723
6774 824833
6775 824899
6776 824947
6777 824983
6778 825001
6779 825007
6780 825047
6781 825421
6782 825577
6783 825647
6784 825661
6785 825997
6786 826097
6787 826169
6788 826349
6789 826363
6790 826549
6791 826907
6792 826963
6793 827041
6794 827269
6795 827429
6796 827599
6797 827809
6798 828349
6799 828703
6800 828859
6801 829159
6802 829177
6803 829223
6804 829511
6805 829601
6806 829687
6807 830003
6808 830153
6809 830267
6810 830311
6811 830359
6812 830449
6813 830591
6814 830861
6815 830957
6816 831071
6817 831217
6818 831617
6819 831619
6820 831679
6821 831697
6822 832081
6823 832339
6824 832373
6825 832379
6826 832487
6827 832597
6828 832607
6829 832681
6830 832687
6831 832889
6832 833101
6833 833363
6834 833453
6835 833509
6836 833633
6837 833839
6838 833893
6839 834131
6840 834283
6841 834469
6842 834571
6843 834643
6844 834913
6845 835013
6846 835633
6847 835897
6848 836131
6849 836191
6850 836267
6851 836351
6852 836807
6853 836917
6854 837017
6855 837079
6856 837413
6857 837631
6858 837853
6859 838043
6860 838063
6861 838139
6862 838351
6863 838421
6864 838429
6865 838483
6866 838931
6867 838991
6868 839323
6869 839413
6870 839437
6871 839459
6872 839617
6873 839693
6874 839873
6875 840299
6876 840439
6877 840451
6878 840941
6879 841003
6880 841069
6881 841081
6882 841193
6883 841573
6884 841663
6885 841889
6886 842147
6887 842183
6888 842279
6889 842321
6890 842419
6891 842497
6892 842767
6893 842923
6894 843179
6895 843229
6896 843371
6897 843461
6898 844127
6899 844141
6900 844253
6901 844457
6902 844523
6903 844619
6904 845021
6905 845083
6906 845197
6907 845209
6908 845261
6909 845717
6910 845951
6911 846161
6912 846233
6913 846389
6914 846529
6915 846721
6916 846877
6917 846943
6918 847009
6919 847069
6920 847247
6921 847339
6922 847663
6923 847687
6924 847933
6925 848123
6926 848383
6927 848879
6928 848893
6929 849049
6930 849179
6931 849427
6932 849731
6933 849733
6934 849829
6935 849883
6936 850027
6937 850043
6938 850061
6939 850207
6940 850247
6941 850351
6942 850427
6943 850753
6944 850823
6945 850979
6946 851239
6947 851251
6948 851293
6949 851387
6950 851491
6951 851569
6952 851633
6953 851639
6954 851723
6955 851813
6956 852139
6957 852179
6958 852199
6959 852289
6960 852409
6961 852557
6962 852661
6963 852793
6964 852881
6965 852959
6966 853103
6967 853291
6968 853543
6969 853637
6970 854083
6971 854089
6972 854621
6973 854993
6974 855187
6975 855277
6976 855697
6977 856021
6978 856111
6979 856153
6980 856469
6981 856519
6982 856759
6983 857053
6984 857099
6985 857167
6986 857321
6987 857369
6988 857419
6989 857431
6990 857653
6991 857707
6992 857963
6993 858223
6994 858269
6995 858463
6996 858911
6997 859057
6998 859181
6999 859259
7000 859361
7001 859633
7002 859657
7003 859783
7004 859853
7005 860051
7006 860059
7007 860239
7008 860291
7009 860479
7010 860507
7011 860543
7012 860581
7013 860747
7014 860941
7015 861083
7016 861089
7017 861139
7018 861571
7019 861733
7020 861803
7021 862013
7022 862129
7023 862181
7024 862187
7025 862297
7026 862343
7027 862541
7028 862879
7029 862909
7030 863087
7031 863153
7032 863197
7033 863609
7034 863689
7035 863771
7036 863869
7037 864053
7038 864091
7039 864169
7040 864251
7041 864301
7042 864509
7043 864613
7044 864673
7045 865069
7046 865087
7047 865177
7048 865313
7049 865511
7050 865597
7051 865609
7052 865751
7053 865829
7054 865889
7055 866053
7056 866101
7057 866743
7058 866819
7059 867001
7060 867227
7061 867337
7062 867409
7063 867577
7064 867689
7065 867913
7066 868019
7067 868039
7068 868123
7069 868369
7070 868453
7071 868493
7072 868697
7073 869119
7074 869399
7075 869849
7076 869951
7077 870083
7078 870151
7079 870197
7080 870407
7081 870739
7082 870889
7083 870997
7084 871613
7085 872243
7086 872353
7087 872533
7088 872621
7089 872999
7090 873017
7091 873079
7092 873437
7093 873541
7094 873707
7095 874009
7096 874063
7097 874087
7098 874267
7099 874427
7100 874597
7101 874661
7102 874739
7103 874919
7104 875011
7105 875213
7106 875233
7107 875299
7108 875389
7109 875509
7110 875741
7111 875783
7112 875893
7113 875969
7114 875981
7115 875983
7116 876041
7117 876229
7118 876643
7119 876913
7120 877057
7121 877181
7122 877543
7123 877783
7124 877909
7125 878159
7126 878597
7127 878681
7128 878777
7129 878957
7130 879299
7131 879493
7132 879583
7133 879653
7134 879673
7135 879941
7136 879961
7137 880127
7138 880219
7139 880543
7140 880703
7141 880723
7142 880819
7143 880871
7144 880907
7145 880961
7146 881029
7147 881119
7148 881171
7149 881191
7150 881207
7151 881311
7152 881669
7153 881911
7154 881953
7155 882019
7156 882433
7157 882659
7158 882701
7159 882851
7160 883087
7161 883247
7162 883423
7163 883517
7164 883627
7165 883739
7166 883889
7167 883973
7168 883991
7169 884077
7170 884167
7171 884341
7172 884497
7173 884617
7174 884699
7175 885133
7176 885223
7177 885359
7178 885371
7179 885449
7180 885517
7181 885883
7182 885919
7183 885977
7184 885991
7185 886129
7186 886307
7187 886387
7188 886819
7189 887113
7190 887171
7191 887533
7192 887629
7193 887867
7194 888109
7195 888493
7196 888653
7197 888761
7198 888983
7199 888989
7200 889001
7201 889139
7202 889373
7203 889391
7204 889481
7205 889829
7206 889957
7207 890027
7208 890083
7209 890119
7210 890467
7211 890683
7212 890711
7213 890809
7214 890861
7215 890887
7216 891277
7217 891323
7218 891389
7219 891523
7220 891763
7221 891817
7222 891859
7223 891929
7224 892357
7225 892481
7226 892559
7227 892609
7228 892777
7229 893059
7230 893149
7231 893413
7232 893521
7233 893743
7234 893857
7235 894119
7236 894227
7237 894247
7238 894403
7239 894731
7240 895051
7241 895127
7242 895309
7243 895361
7244 895633
7245 895691
7246 895901
7247 896069
7248 896263
7249 896681
7250 896803
7251 897019
7252 897301
7253 897433
7254 897563
7255 897671
7256 897907
7257 898063
7258 898069
7259 898199
7260 898481
7261 898483
7262 899183
7263 899189
7264 899413
7265 899491
7266 899671
7267 899851
7268 899893
7269 900139
7270 900461
7271 900737
7272 900751
7273 900971
7274 901253
7275 901451
7276 901501
7277 901787
7278 901891
7279 901909
7280 902009
7281 902119
7282 902281
7283 902449
7284 902579
7285 902687
7286 902953
7287 903017
7288 903143
7289 903389
7290 903541
7291 903673
7292 903677
7293 903871
7294 904027
7295 904067
7296 904069
7297 904193
7298 904201
7299 904261
7300 904489
7301 904511
7302 904573
7303 904759
7304 904777
7305 904801
7306 904847
7307 904867
7308 905059
7309 905123
7310 905297
7311 905587
7312 905651
7313 905659
7314 905923
7315 906007
7316 906023
7317 906089
7318 906179
7319 906197
7320 906263
7321 906317
7322 906461
7323 906557
7324 906779
7325 906847
7326 907099
7327 907141
7328 907183
7329 907297
7330 907301
7331 907363
7332 907367
7333 907549
7334 907561
7335 907691
7336 907727
7337 908179
7338 908287
7339 908353
7340 908489
7341 908539
7342 908591
7343 908759
7344 908821
7345 908861
7346 908993
7347 909019
7348 909091
7349 909107
7350 909253
7351 909343
7352 909521
7353 909611
7354 909697
7355 909859
7356 909877
7357 910099
7358 910213
7359 910279
7360 910451
7361 910561
7362 910781
7363 911023
7364 911227
7365 911311
7366 911593
7367 911681
7368 911689
7369 912031
7370 912167
7371 912211
7372 912217
7373 912839
7374 913421
7375 913771
7376 914293
7377 914491
7378 914581
7379 914701
7380 914789
7381 914857
7382 915007
7383 915203
7384 915283
7385 915353
7386 915557
7387 915601
7388 915731
7389 915737
7390 915799
7391 915917
7392 916073
7393 916121
7394 916187
7395 916291
7396 916361
7397 916477
7398 916651
7399 916831
7400 916837
7401 916907
7402 917089
7403 917153
7404 917209
7405 917353
7406 917443
7407 917557
7408 917641
7409 917689
7410 917803
7411 917809
7412 917887
7413 918361
7414 918529
7415 918613
7416 918839
7417 918899
7418 918989
7419 919081
7420 919223
7421 919267
7422 919319
7423 919393
7424 919421
7425 919531
7426 919759
7427 919939
7428 920203
7429 920393
7430 920807
7431 920863
7432 920971
7433 921013
7434 921169
7435 921259
7436 921491
7437 921563
7438 921787
7439 921839
7440 921989
7441 922021
7442 922283
7443 922289
7444 922331
7445 922463
7446 922511
7447 922667
7448 923107
7449 923567
7450 923833
7451 923929
7452 924023
7453 924083
7454 924151
7455 924397
7456 924401
7457 924731
7458 924751
7459 924793
7460 924809
7461 925051
7462 925163
7463 925501
7464 925637
7465 925987
7466 926153
7467 926357
7468 926377
7469 926399
7470 926461
7471 926533
7472 926669
7473 927161
7474 927233
7475 927301
7476 927541
7477 927709
7478 928429
7479 928597
7480 928621
7481 928979
7482 929051
7483 929129
7484 929459
7485 929527
7486 929587
7487 929743
7488 929897
7489 931517
7490 931571
7491 931757
7492 931849
7493 931999
7494 932101
7495 932149
7496 932189
7497 932419
7498 932471
7499 932651
7500 932749
7501 932879
7502 932923
7503 932941
7504 933047
7505 933173
7506 933241
7507 933269
7508 933407
7509 933643
7510 934039
7511 934079
7512 934291
7513 934499
7514 934547
7515 934639
7516 934811
7517 934907
7518 934909
7519 935003
7520 935353
7521 935359
7522 935461
7523 935827
7524 936233
7525 936253
7526 936329
7527 936437
7528 936493
7529 936499
7530 936697
7531 936907
7532 937007
7533 937351
7534 937429
7535 937537
7536 937661
7537 938033
7538 938057
7539 938071
7540 938251
7541 938323
7542 938341
7543 938921
7544 938981
7545 939061
7546 939203
7547 939317
7548 940003
7549 940157
7550 940469
7551 940531
7552 940669
7553 940733
7554 940931
7555 940993
7556 941011
7557 941093
7558 941099
7559 941491
7560 941509
7561 941701
7562 941813
7563 941903
7564 941981
7565 942041
7566 942269
7567 942827
7568 942883
7569 943127
7570 943321
7571 943387
7572 943471
7573 943477
7574 943543
7575 943567
7576 943729
7577 943741
7578 943903
7579 944533
7580 944551
7581 944689
7582 944953
7583 945211
7584 945341
7585 945431
7586 945521
7587 945589
7588 945851
7589 945899
7590 945907
7591 945983
7592 946081
7593 946111
7594 946223
7595 946469
7596 946573
7597 946663
7598 946993
7599 947369
7600 947381
7601 947417
7602 947741
7603 947819
7604 947873
7605 948041
7606 948061
7607 948139
7608 948247
7609 948317
7610 948401
7611 948407
7612 948449
7613 948517
7614 948847
7615 949019
7616 949121
7617 949213
7618 949387
7619 949477
7620 949567
7621 949583
7622 949633
7623 949891
7624 949903
7625 950149
7626 950231
7627 950329
7628 950473
7629 950497
7630 950611
7631 950699
7632 950813
7633 950837
7634 950921
7635 950927
7636 951131
7637 951193
7638 951553
7639 951557
7640 951623
7641 951803
7642 951997
7643 952097
7644 952141
7645 952219
7646 952279
7647 952349
7648 952657
7649 952709
7650 952789
7651 953111
7652 953221
7653 953399
7654 953647
7655 954097
7656 954181
7657 954433
7658 955063
7659 955243
7660 955441
7661 955807
7662 955919
7663 956237
7664 956749
7665 956987
7666 957043
7667 957133
7668 957221
7669 957317
7670 957403
7671 957553
7672 957599
7673 957773
7674 957953
7675 957977
7676 958361
7677 958543
7678 958877
7679 958901
7680 959131
7681 959173
7682 959339
7683 959351
7684 959489
7685 959719
7686 959867
7687 960049
7688 960173
7689 960191
7690 960331
7691 960467
7692 960829
7693 961091
7694 961099
7695 961567
7696 961633
7697 961657
7698 961703
7699 961783
7700 961813
7701 962041
7702 962537
7703 962807
7704 962869
7705 962993
7706 963019
7707 963121
7708 963163
7709 963323
7710 963341
7711 963761
7712 963839
7713 963899
7714 964049
7715 964261
7716 964339
7717 964531
7718 964661
7719 964753
7720 964933
7721 965147
7722 965189
7723 965303
7724 965369
7725 965639
7726 965969
7727 966113
7728 966157
7729 966209
7730 966319
7731 966379
7732 966869
7733 966883
7734 967259
7735 967321
7736 967327
7737 967363
7738 967567
7739 967721
7740 967787
7741 967903
7742 967961
7743 968111
7744 968113
7745 968197
7746 968519
7747 969037
7748 969343
7749 969433
7750 969457
7751 969677
7752 969851
7753 969877
7754 970031
7755 970219
7756 970279
7757 970549
7758 970721
7759 970789
7760 970909
7761 970927
7762 971027
7763 971171
7764 971263
7765 971281
7766 971339
7767 971353
7768 971357
7769 971917
7770 971977
7771 972079
7772 972091
7773 972581
7774 972611
7775 972787
7776 972943
7777 973067
7778 973151
7779 973919
7780 974147
7781 974161
7782 974279
7783 974383
7784 974411
7785 974497
7786 974507
7787 974923
7788 975049
7789 975281
7790 975463
7791 975599
7792 975823
7793 976013
7794 976093
7795 976271
7796 976439
7797 977021
7798 977069
7799 977209
7800 977591
7801 977681
7802 977791
7803 978017
7804 978037
7805 978239
7806 978349
7807 978473
7808 978611
7809 978697
7810 978839
7811 978907
7812 979061
7813 979201
7814 979423
7815 979481
7816 979717
7817 980081
7818 980423
7819 980557
7820 980689
7821 980801
7822 980803
7823 981187
7824 981419
7825 981439
7826 981493
7827 981703
7828 981769
7829 981983
7830 982061
7831 982067
7832 982571
7833 982829
7834 983123
7835 983233
7836 983329
7837 983659
7838 984397
7839 984427
7840 984667
7841 984689
7842 984913
7843 984959
7844 985181
7845 985219
7846 985307
7847 985451
7848 985493
7849 985679
7850 985781
7851 985877
7852 985903
7853 986207
7854 986533
7855 986593
7856 986597
7857 986719
7858 987101
7859 987587
7860 987941
7861 988061
7862 988069
7863 988199
7864 988319
7865 988643
7866 988649
7867 988861
7868 988979
7869 989059
7870 989279
7871 989309
7872 989321
7873 989381
7874 989783
7875 989831
7876 989873
7877 989921
7878 990259
7879 990349
7880 990361
7881 990503
7882 990673
7883 991009
7884 991043
7885 991063
7886 991201
7887 991229
7888 991579
7889 991717
7890 991777
7891 991973
7892 991979
7893 992417
7894 992521
7895 992819
7896 992963
7897 993137
7898 993241
7899 993397
7900 993779
7901 993869
7902 994039
7903 994271
7904 994297
7905 994307
7906 994583
7907 994769
7908 994901
7909 995023
7910 995339
7911 995399
7912 995573
7913 995713
7914 995801
7915 995957
7916 996109
7917 996169
7918 996367
7919 996563
7920 996763
7921 996967
7922 997069
7923 997267
7924 997319
7925 997649
7926 997739
7927 997973
7928 998077
7929 998273
7930 998381
7931 998411
7932 998651
7933 998897
7934 999029
7935 999287
7936 999683
7937 999809
7938 999863
7939 999917
7940 1000151
7941 1000409
7942 1000669
7943 1000829
7944 1000999
7945 1001017
7946 1001093
7947 1001303
7948 1001389
7949 1001549
7950 1001639
7951 1001989
7952 1002227
7953 1002247
7954 1002467
7955 1002553
7956 1002719
7957 1002751
7958 1002913
7959 1003103
7960 1003259
7961 1003291
7962 1003349
7963 1003381
7964 1003417
7965 1003741
7966 1003819
7967 1003879
7968 1003909
7969 1003943
7970 1004063
7971 1004429
7972 1004461
7973 1004551
7974 1005079
7975 1005187
7976 1005293
7977 1005349
7978 1005413
7979 1005437
7980 1005617
7981 1005989
7982 1006007
7983 1006133
7984 1006153
7985 1006339
7986 1006351
7987 1006531
7988 1006861
7989 1007059
7990 1007381
7991 1007527
7992 1007693
7993 1008209
7994 1008223
7995 1008331
7996 1008353
7997 1008379
7998 1008421
7999 1008467
8000 1008829
8001 1009237
8002 1009303
8003 1009417
8004 1009457
8005 1009499
8006 1009781
8007 1009787
8008 1009873
8009 1009909
8010 1009963
8011 1010129
8012 1010411
8013 1010501
8014 1010671
8015 1010747
8016 1010749
8017 1010903
8018 1010981
8019 1011221
8020 1011377
8021 1011391
8022 1011539
8023 1011649
8024 1011733
8025 1011799
8026 1011917
8027 1011979
8028 1012259
8029 1012307
8030 1012411
8031 1012433
8032 1012507
8033 1012657
8034 1012703
8035 1012903
8036 1012967
8037 1012981
8038 1013263
8039 1013377
8040 1013609
8041 1013713
8042 1013791
8043 1014121
8044 1014743
8045 1015043
8046 1015081
8047 1015139
8048 1015481
8049 1015823
8050 1016053
8051 1016123
8052 1016143
8053 1016341
8054 1016419
8055 1016569
8056 1016749
8057 1016921
8058 1017061
8059 1017119
8060 1017157
8061 1017173
8062 1017199
8063 1017371
8064 1017647
8065 1017889
8066 1018097
8067 1018291
8068 1018651
8069 1018679
8070 1018697
8071 1018763
8072 1018949
8073 1018967
8074 1019261
8075 1019423
8076 1019537
8077 1020223
8078 1020337
8079 1020379
8080 1020667
8081 1020757
8082 1020823
8083 1020827
8084 1021073
8085 1021183
8086 1021367
8087 1021561
8088 1021879
8089 1022113
8090 1022201
8091 1022429
8092 1022591
8093 1022821
8094 1023079
8095 1023277
8096 1023301
8097 1023367
8098 1023541
8099 1023851
8100 1023947
8101 1023949
8102 1024021
8103 1024313
8104 1024319
8105 1024357
8106 1024391
8107 1024399
8108 1024669
8109 1024757
8110 1024823
8111 1024883
8112 1024931
8113 1024997
8114 1025093
8115 1025239
8116 1025257
8117 1025327
8118 1025477
8119 1025891
8120 1025929
8121 1026119
8122 1026199
8123 1026229
8124 1026391
8125 1026427
8126 1026799
8127 1026917
8128 1027051
8129 1027459
8130 1027493
8131 1027727
8132 1028003
8133 1028029
8134 1028081
8135 1028089
8136 1028113
8137 1028191
8138 1028243
8139 1028809
8140 1028953
8141 1028999
8142 1029383
8143 1029499
8144 1029569
8145 1029617
8146 1029697
8147 1029989
8148 1030019
8149 1030031
8150 1030291
8151 1030349
8152 1030619
8153 1030723
8154 1030831
8155 1031461
8156 1031533
8157 1031609
8158 1031809
8159 1032211
8160 1032329
8161 1032491
8162 1032833
8163 1033063
8164 1033441
8165 1033537
8166 1033667
8167 1033807
8168 1034147
8169 1034219
8170 1034233
8171 1034323
8172 1034477
8173 1034491
8174 1034617
8175 1034707
8176 1034783
8177 1034837
8178 1035061
8179 1035191
8180 1035241
8181 1035427
8182 1035599
8183 1035973
8184 1036073
8185 1036109
8186 1036163
8187 1036213
8188 1036271
8189 1036327
8190 1036471
8191 1036499
8192 1036729
8193 1036831
8194 1036921
8195 1037317
8196 1037537
8197 1037627
8198 1037791
8199 1038019
8200 1038211
8201 1038307
8202 1038383
8203 1038497
8204 1038503
8205 1038589
8206 1038617
8207 1038811
8208 1039021
8209 1039111
8210 1039289
8211 1039517
8212 1039799
8213 1040021
8214 1040069
8215 1040153
8216 1040371
8217 1040483
8218 1040629
8219 1040731
8220 1040777
8221 1040807
8222 1040861
8223 1041149
8224 1041253
8225 1041329
8226 1041563
8227 1041653
8228 1041893
8229 1041961
8230 1042087
8231 1042243
8232 1042399
8233 1042609
8234 1042681
8235 1043291
8236 1043617
8237 1043657
8238 1043723
8239 1043747
8240 1043873
8241 1043897
8242 1044133
8243 1044139
8244 1044227
8245 1044371
8246 1044559
8247 1044739
8248 1044779
8249 1044971
8250 1045013
8251 1045129
8252 1045367
8253 1045411
8254 1045507
8255 1045523
8256 1045547
8257 1046029
8258 1046047
8259 1046179
8260 1046371
8261 1046807
8262 1046951
8263 1046959
8264 1047107
8265 1047479
8266 1047499
8267 1047701
8268 1047833
8269 1048027
8270 1048043
8271 1048193
8272 1048573
8273 1048681
8274 1048759
8275 1048799
8276 1048991
8277 1049101
8278 1049471
8279 1049509
8280 1049569
8281 1049833
8282 1049857
8283 1050031
8284 1050169
8285 1050323
8286 1050437
8287 1050949
8288 1051157
8289 1051397
8290 1051571
8291 1051643
8292 1052299
8293 1052309
8294 1052437
8295 1052693
8296 1052873
8297 1052981
8298 1053067
8299 1053083
8300 1053557
8301 1053571
8302 1053959
8303 1054033
8304 1054181
8305 1054309
8306 1054321
8307 1054457
8308 1054549
8309 1054583
8310 1054639
8311 1054831
8312 1055063
8313 1055359
8314 1055407
8315 1055933
8316 1056053
8317 1056347
8318 1056589
8319 1057003
8320 1057157
8321 1057393
8322 1057579
8323 1057607
8324 1057753
8325 1057919
8326 1057993
8327 1058011
8328 1058389
8329 1058639
8330 1058677
8331 1058723
8332 1058747
8333 1058983
8334 1059001
8335 1059007
8336 1059599
8337 1060223
8338 1060249
8339 1060357
8340 1060373
8341 1060513
8342 1060861
8343 1060937
8344 1061149
8345 1061297
8346 1061569
8347 1061707
8348 1061969
8349 1062407
8350 1062469
8351 1062881
8352 1062911
8353 1062977
8354 1063019
8355 1063219
8356 1063303
8357 1063457
8358 1063541
8359 1063693
8360 1063729
8361 1063871
8362 1063891
8363 1063961
8364 1063967
8365 1064243
8366 1064317
8367 1064731
8368 1064911
8369 1064957
8370 1064977
8371 1065019
8372 1065037
8373 1065109
8374 1065479
8375 1065503
8376 1065529
8377 1065569
8378 1065677
8379 1065763
8380 1065787
8381 1065899
8382 1066313
8383 1066339
8384 1066379
8385 1066399
8386 1066531
8387 1066643
8388 1066687
8389 1066757
8390 1066777
8391 1067057
8392 1067383
8393 1067459
8394 1067471
8395 1067509
8396 1067741
8397 1067761
8398 1067851
8399 1068061
8400 1068191
8401 1068409
8402 1068577
8403 1068779
8404 1068913
8405 1069031
8406 1069543
8407 1069693
8408 1069819
8409 1069949
8410 1070011
8411 1070149
8412 1070233
8413 1070323
8414 1070341
8415 1070347
8416 1070389
8417 1070491
8418 1070899
8419 1071047
8420 1071197
8421 1071337
8422 1071379
8423 1071661
8424 1071821
8425 1071977
8426 1072213
8427 1072613
8428 1072811
8429 1072943
8430 1073089
8431 1073131
8432 1073243
8433 1073441
8434 1073537
8435 1073573
8436 1073791
8437 1073881
8438 1074079
8439 1074259
8440 1074581
8441 1074617
8442 1074673
8443 1074691
8444 1074851
8445 1074923
8446 1074989
8447 1075007
8448 1075159
8449 1075397
8450 1075463
8451 1075621
8452 1075649
8453 1075663
8454 1075667
8455 1076017
8456 1076107
8457 1076123
8458 1076237
8459 1076303
8460 1076417
8461 1076473
8462 1076639
8463 1076879
8464 1077371
8465 1077719
8466 1077733
8467 1077827
8468 1078127
8469 1078219
8470 1078369
8471 1078657
8472 1078699
8473 1078813
8474 1078817
8475 1078879
8476 1079069
8477 1079081
8478 1079647
8479 1079887
8480 1080029
8481 1080043
8482 1080229
8483 1080281
8484 1080661
8485 1080791
8486 1080803
8487 1081099
8488 1081123
8489 1081231
8490 1081277
8491 1081279
8492 1081679
8493 1081699
8494 1081789
8495 1081891
8496 1082027
8497 1082209
8498 1082593
8499 1082597
8500 1082681
8501 1082717
8502 1083037
8503 1083079
8504 1083167
8505 1083301
8506 1083349
8507 1083451
8508 1083583
8509 1083721
8510 1083871
8511 1083949
8512 1084067
8513 1084313
8514 1084403
8515 1084579
8516 1084609
8517 1084771
8518 1085327
8519 1085611
8520 1085767
8521 1085857
8522 1086047
8523 1086331
8524 1086443
8525 1086881
8526 1087091
8527 1087259
8528 1087381
8529 1087433
8530 1087561
8531 1087631
8532 1087679
8533 1087747
8534 1087789
8535 1087873
8536 1087897
8537 1088027
8538 1088089
8539 1088209
8540 1088443
8541 1088537
8542 1088579
8543 1088669
8544 1088807
8545 1088953
8546 1088977
8547 1089107
8548 1089523
8549 1089877
8550 1090013
8551 1090099
8552 1090129
8553 1090189
8554 1090381
8555 1090457
8556 1090493
8557 1090891
8558 1090909
8559 1091003
8560 1091137
8561 1091243
8562 1091371
8563 1091591
8564 1091711
8565 1091809
8566 1091843
8567 1092019
8568 1092107
8569 1092257
8570 1092451
8571 1092961
8572 1093223
8573 1093531
8574 1093667
8575 1093751
8576 1093843
8577 1093889
8578 1093957
8579 1094099
8580 1094123
8581 1094183
8582 1094237
8583 1094293
8584 1094299
8585 1094491
8586 1094657
8587 1095023
8588 1095229
8589 1095287
8590 1095449
8591 1095461
8592 1095713
8593 1095751
8594 1095821
8595 1095931
8596 1096099
8597 1096163
8598 1096451
8599 1096549
8600 1096639
8601 1096831
8602 1096969
8603 1097069
8604 1097209
8605 1097351
8606 1097513
8607 1097627
8608 1097861
8609 1097869
8610 1098077
8611 1098101
8612 1098187
8613 1098211
8614 1098451
8615 1098509
8616 1098673
8617 1099171
8618 1099223
8619 1099247
8620 1099289
8621 1099337
8622 1099513
8623 1099687
8624 1099799
8625 1099807
8626 1099997
8627 1100123
8628 1100161
8629 1100303
8630 1100503
8631 1100543
8632 1100569
8633 1100837
8634 1101283
8635 1101421
8636 1101511
8637 1101517
8638 1101571
8639 1101593
8640 1101649
8641 1101937
8642 1102147
8643 1102237
8644 1102279
8645 1102523
8646 1102547
8647 1102709
8648 1102727
8649 1102831
8650 1103087
8651 1103111
8652 1103203
8653 1103467
8654 1103533
8655 1103591
8656 1103603
8657 1104079
8658 1104097
8659 1104491
8660 1104769
8661 1104833
8662 1105157
8663 1105193
8664 1105441
8665 1105603
8666 1105627
8667 1105759
8668 1105847
8669 1105861
8670 1105997
8671 1106233
8672 1106257
8673 1106381
8674 1106471
8675 1106509
8676 1106543
8677 1106741
8678 1106789
8679 1106927
8680 1107203
8681 1107319
8682 1107511
8683 1107593
8684 1107751
8685 1107803
8686 1108147
8687 1108181
8688 1108321
8689 1108369
8690 1108691
8691 1108697
8692 1108727
8693 1108967
8694 1109399
8695 1109513
8696 1109579
8697 1109869
8698 1109881
8699 1109887
8700 1110289
8701 1110353
8702 1110533
8703 1110713
8704 1110803
8705 1110913
8706 1110953
8707 1110979
8708 1111013
8709 1111211
8710 1111433
8711 1111543
8712 1111639
8713 1111651
8714 1111741
8715 1112003
8716 1112087
8717 1112131
8718 1112269
8719 1112359
8720 1112591
8721 1112597
8722 1112731
8723 1113011
8724 1113181
8725 1113703
8726 1113859
8727 1113941
8728 1114193
8729 1114249
8730 1114283
8731 1114397
8732 1114427
8733 1114591
8734 1114661
8735 1114733
8736 1114807
8737 1114973
8738 1115299
8739 1115329
8740 1115561
8741 1115657
8742 1115879
8743 1116209
8744 1116281
8745 1116317
8746 1116571
8747 1116977
8748 1117013
8749 1117057
8750 1117253
8751 1117279
8752 1117451
8753 1117729
8754 1117741
8755 1118081
8756 1118203
8757 1118317
8758 1118393
8759 1118809
8760 1119323
8761 1119529
8762 1119589
8763 1119659
8764 1119707
8765 1120073
8766 1120211
8767 1120303
8768 1120369
8769 1120459
8770 1120529
8771 1120633
8772 1120723
8773 1120727
8774 1121023
8775 1121173
8776 1121221
8777 1121333
8778 1121357
8779 1121629
8780 1122103
8781 1122259
8782 1122367
8783 1122529
8784 1123247
8785 1123399
8786 1123621
8787 1123667
8788 1123883
8789 1123973
8790 1124219
8791 1124251
8792 1124303
8793 1124509
8794 1124581
8795 1124659
8796 1124813
8797 1124969
8798 1125151
8799 1125203
8800 1125379
8801 1125739
8802 1125931
8803 1126361
8804 1126457
8805 1126963
8806 1127029
8807 1127081
8808 1127227
8809 1127281
8810 1127629
8811 1127641
8812 1127773
8813 1127809
8814 1127849
8815 1128161
8816 1128527
8817 1128691
8818 1128697
8819 1128899
8820 1128947
8821 1129111
8822 1129133
8823 1129159
8824 1129313
8825 1129399
8826 1129487
8827 1129489
8828 1129757
8829 1129861
8830 1129991
8831 1130117
8832 1130267
8833 1130629
8834 1130719
8835 1130803
8836 1130807
8837 1131103
8838 1131121
8839 1131239
8840 1131253
8841 1131307
8842 1131451
8843 1131547
8844 1131721
8845 1131727
8846 1131857
8847 1132177
8848 1132409
8849 1132519
8850 1132883
8851 1132991
8852 1133239
8853 1133303
8854 1133479
8855 1133633
8856 1133963
8857 1134043
8858 1134421
8859 1134481
8860 1134557
8861 1134559
8862 1134841
8863 1134977
8864 1135091
8865 1135217
8866 1135411
8867 1135613
8868 1135699
8869 1135819
8870 1135879
8871 1135891
8872 1136089
8873 1136221
8874 1136357
8875 1136449
8876 1136461
8877 1136843
8878 1137527
8879 1137707
8880 1137781
8881 1138429
8882 1138519
8883 1138559
8884 1138649
8885 1138751
8886 1138849
8887 1138867
8888 1139059
8889 1139123
8890 1139293
8891 1139491
8892 1139819
8893 1140121
8894 1140143
8895 1140851
8896 1140983
8897 1141081
8898 1141087
8899 1141267
8900 1141717
8901 1142039
8902 1142783
8903 1142789
8904 1142837
8905 1142891
8906 1143049
8907 1143067
8908 1143223
8909 1143371
8910 1144163
8911 1144271
8912 1144327
8913 1144417
8914 1144589
8915 1145191
8916 1145281
8917 1145311
8918 1145359
8919 1145371
8920 1145593
8921 1145689
8922 1145773
8923 1145797
8924 1145999
8925 1146071
8926 1146307
8927 1146679
8928 1146697
8929 1146763
8930 1146781
8931 1146877
8932 1147247
8933 1147331
8934 1147427
8935 1147441
8936 1147579
8937 1147759
8938 1148729
8939 1149131
8940 1149193
8941 1149469
8942 1149487
8943 1149559
8944 1149661
8945 1149737
8946 1149779
8947 1149881
8948 1150139
8949 1150229
8950 1150397
8951 1150403
8952 1150531
8953 1150609
8954 1150717
8955 1150757
8956 1150847
8957 1151147
8958 1151303
8959 1151363
8960 1151389
8961 1151581
8962 1151651
8963 1151659
8964 1151879
8965 1152023
8966 1152287
8967 1152317
8968 1152623
8969 1152649
8970 1152773
8971 1153219
8972 1153367
8973 1153457
8974 1153459
8975 1154029
8976 1154207
8977 1154311
8978 1154537
8979 1154539
8980 1155127
8981 1155569
8982 1155631
8983 1155899
8984 1155901
8985 1155929
8986 1155943
8987 1156009
8988 1156151
8989 1156403
8990 1156427
8991 1156429
8992 1156681
8993 1156823
8994 1157033
8995 1157099
8996 1157183
8997 1157237
8998 1157341
8999 1157671
9000 1157837
9001 1157839
9002 1157969
9003 1158089
9004 1158847
9005 1159127
9006 1159633
9007 1160057
9008 1160147
9009 1160213
9010 1160303
9011 1160413
9012 1160491
9013 1160503
9014 1160569
9015 1160839
9016 1160927
9017 1160983
9018 1161001
9019 1161203
9020 1161289
9021 1161443
9022 1161829
9023 1162277
9024 1162471
9025 1162507
9026 1162547
9027 1162589
9028 1162727
9029 1162853
9030 1163003
9031 1163131
9032 1163137
9033 1163333
9034 1163627
9035 1163663
9036 1163759
9037 1163821
9038 1164071
9039 1164181
9040 1164323
9041 1164413
9042 1164479
9043 1164589
9044 1164899
9045 1164967
9046 1165081
9047 1165201
9048 1165511
9049 1165751
9050 1165799
9051 1165823
9052 1165861
9053 1165919
9054 1165993
9055 1166057
9056 1166383
9057 1166453
9058 1166497
9059 1166507
9060 1166569
9061 1166833
9062 1166903
9063 1167139
9064 1167359
9065 1167443
9066 1167599
9067 1167667
9068 1167791
9069 1167799
9070 1167821
9071 1167841
9072 1167919
9073 1167973
9074 1168451
9075 1168501
9076 1168789
9077 1168859
9078 1168879
9079 1168969
9080 1168987
9081 1169249
9082 1169353
9083 1169593
9084 1169713
9085 1169801
9086 1170007
9087 1170067
9088 1170119
9089 1170173
9090 1170683
9091 1170779
9092 1171039
9093 1171783
9094 1171789
9095 1171967
9096 1172009
9097 1172047
9098 1172179
9099 1172401
9100 1172407
9101 1172807
9102 1172953
9103 1172959
9104 1173521
9105 1173853
9106 1173947
9107 1174027
9108 1174171
9109 1174247
9110 1174463
9111 1174487
9112 1174681
9113 1174687
9114 1174759
9115 1174847
9116 1174919
9117 1175123
9118 1175677
9119 1175899
9120 1175927
9121 1175989
9122 1176061
9123 1176089
9124 1176137
9125 1176407
9126 1176557
9127 1176793
9128 1176911
9129 1177129
9130 1177181
9131 1177219
9132 1177433
9133 1177453
9134 1177543
9135 1177619
9136 1177723
9137 1177741
9138 1177949
9139 1178069
9140 1178173
9141 1178197
9142 1178447
9143 1178591
9144 1178669
9145 1178719
9146 1178809
9147 1178887
9148 1178939
9149 1179019
9150 1179253
9151 1179259
9152 1179389
9153 1179901
9154 1180013
9155 1180073
9156 1180219
9157 1180369
9158 1180493
9159 1180549
9160 1180693
9161 1180819
9162 1180859
9163 1180873
9164 1180897
9165 1180961
9166 1181023
9167 1181267
9168 1182431
9169 1182437
9170 1182659
9171 1182763
9172 1182989
9173 1183241
9174 1183571
9175 1183579
9176 1183733
9177 1183753
9178 1183799
9179 1183913
9180 1183933
9181 1184093
9182 1184123
9183 1184291
9184 1184329
9185 1184741
9186 1184927
9187 1185281
9188 1185287
9189 1185551
9190 1185601
9191 1185643
9192 1185661
9193 1185823
9194 1185827
9195 1185889
9196 1186079
9197 1186259
9198 1186631
9199 1186699
9200 1186769
9201 1186811
9202 1186813
9203 1187003
9204 1187287
9205 1187717
9206 1187863
9207 1187911
9208 1188259
9209 1188361
9210 1188457
9211 1188527
9212 1188581
9213 1188619
9214 1189007
9215 1189159
9216 1189313
9217 1189333
9218 1189603
9219 1189621
9220 1189717
9221 1189933
9222 1190047
9223 1190447
9224 1190513
9225 1190809
9226 1191079
9227 1191103
9228 1191109
9229 1191347
9230 1191691
9231 1191781
9232 1191899
9233 1191947
9234 1192069
9235 1192151
9236 1192391
9237 1192427
9238 1192753
9239 1192847
9240 1192889
9241 1192937
9242 1193183
9243 1193239
9244 1193473
9245 1193729
9246 1193741
9247 1193743
9248 1193837
9249 1194421
9250 1194553
9251 1194731
9252 1194821
9253 1194883
9254 1194997
9255 1195039
9256 1195121
9257 1195127
9258 1195189
9259 1195387
9260 1195561
9261 1195709
9262 1195723
9263 1195811
9264 1195897
9265 1196087
9266 1196089
9267 1196191
9268 1196281
9269 1196513
9270 1196683
9271 1196809
9272 1196911
9273 1196959
9274 1197167
9275 1197187
9276 1197257
9277 1197451
9278 1197617
9279 1197709
9280 1197901
9281 1197907
9282 1198049
9283 1198069
9284 1198157
9285 1198261
9286 1198481
9287 1198511
9288 1198609
9289 1199659
9290 1199789
9291 1199819
9292 1199879
9293 1199929
9294 1200313
9295 1200373
9296 1200937
9297 1201073
9298 1201097
9299 1201103
9300 1201493
9301 1201709
9302 1201813
9303 1201853
9304 1202009
9305 1202027
9306 1202063
9307 1202221
9308 1202423
9309 1202609
9310 1202791
9311 1202827
9312 1202843
9313 1202959
9314 1203211
9315 1203217
9316 1203343
9317 1203437
9318 1203619
9319 1203893
9320 1203899
9321 1204153
9322 1205437
9323 1205527
9324 1206043
9325 1206209
9326 1206319
9327 1206973
9328 1207097
9329 1207237
9330 1207291
9331 1207309
9332 1207343
9333 1207417
9334 1208089
9335 1208269
9336 1208663
9337 1208681
9338 1208821
9339 1209053
9340 1209079
9341 1209437
9342 1209491
9343 1209671
9344 1209781
9345 1209947
9346 1210037
9347 1210163
9348 1210387
9349 1210439
9350 1210477
9351 1210877
9352 1211191
9353 1211407
9354 1211647
9355 1211719
9356 1211807
9357 1211843
9358 1212703
9359 1212817
9360 1212923
9361 1212989
9362 1213007
9363 1213081
9364 1213087
9365 1213357
9366 1213607
9367 1213931
9368 1214093
9369 1214167
9370 1214567
9371 1214617
9372 1214657
9373 1214659
9374 1215083
9375 1215209
9376 1215421
9377 1215647
9378 1215827
9379 1216507
9380 1216561
9381 1216879
9382 1216961
9383 1217119
9384 1217131
9385 1217179
9386 1217191
9387 1217269
9388 1217423
9389 1217483
9390 1217687
9391 1217731
9392 1218631
9393 1218787
9394 1218923
9395 1219061
9396 1219399
9397 1219469
9398 1219481
9399 1219843
9400 1219847
9401 1219919
9402 1219957
9403 1220027
9404 1220333
9405 1220353
9406 1220423
9407 1220689
9408 1220803
9409 1220993
9410 1221097
9411 1221499
9412 1221541
9413 1221767
9414 1222171
9415 1222373
9416 1222667
9417 1222993
9418 1223039
9419 1223161
9420 1223329
9421 1223437
9422 1223471
9423 1223527
9424 1223749
9425 1223921
9426 1224133
9427 1224203
9428 1224739
9429 1224863
9430 1224887
9431 1224991
9432 1225073
9433 1225097
9434 1225099
9435 1225109
9436 1225303
9437 1225361
9438 1225501
9439 1225507
9440 1225589
9441 1225703
9442 1225871
9443 1225891
9444 1225907
9445 1225949
9446 1226063
9447 1226191
9448 1226461
9449 1226681
9450 1226683
9451 1226801
9452 1226867
9453 1226959
9454 1227437
9455 1227949
9456 1228133
9457 1228159
9458 1228193
9459 1228247
9460 1228373
9461 1228429
9462 1228519
9463 1228849
9464 1228861
9465 1228919
9466 1229071
9467 1229279
9468 1229297
9469 1229369
9470 1230013
9471 1230301
9472 1230347
9473 1230349
9474 1231177
9475 1231247
9476 1231261
9477 1231283
9478 1231319
9479 1231357
9480 1231487
9481 1231669
9482 1231733
9483 1231799
9484 1231807
9485 1232213
9486 1232299
9487 1232417
9488 1232657
9489 1232831
9490 1233409
9491 1233593
9492 1234367
9493 1234417
9494 1234787
9495 1234873
9496 1235063
9497 1235137
9498 1235243
9499 1235281
9500 1235447
9501 1235449
9502 1235669
9503 1235807
9504 1236307
9505 1236439
9506 1236491
9507 1236527
9508 1236583
9509 1236709
9510 1236761
9511 1236769
9512 1237043
9513 1237199
9514 1237283
9515 1237519
9516 1237823
9517 1238051
9518 1238291
9519 1238381
9520 1238411
9521 1238459
9522 1238509
9523 1238659
9524 1238767
9525 1238789
9526 1238921
9527 1239197
9528 1239319
9529 1239353
9530 1239421
9531 1239481
9532 1239643
9533 1239739
9534 1240007
9535 1240081
9536 1240159
9537 1240621
9538 1240717
9539 1240999
9540 1241059
9541 1241347
9542 1241417
9543 1241741
9544 1241941
9545 1242067
9546 1242151
9547 1242289
9548 1242379
9549 1242403
9550 1242601
9551 1242623
9552 1242739
9553 1242803
9554 1242959
9555 1242979
9556 1243141
9557 1243147
9558 1243367
9559 1243691
9560 1243783
9561 1243969
9562 1244041
9563 1245017
9564 1245091
9565 1245121
9566 1245529
9567 1245589
9568 1245691
9569 1245701
9570 1245763
9571 1245767
9572 1245929
9573 1245943
9574 1246081
9575 1246261
9576 1246339
9577 1246351
9578 1246397
9579 1246517
9580 1246573
9581 1246711
9582 1246841
9583 1247033
9584 1247101
9585 1247291
9586 1247297
9587 1247419
9588 1247453
9589 1247549
9590 1247563
9591 1247699
9592 1247767
9593 1247833
9594 1247923
9595 1247969
9596 1248001
9597 1248061
9598 1248469
9599 1248539
9600 1248847
9601 1248979
9602 1249013
9603 1249037
9604 1249099
9605 1249141
9606 1249217
9607 1249321
9608 1249411
9609 1249477
9610 1249657
9611 1249693
9612 1249811
9613 1249817
9614 1250507
9615 1250761
9616 1250839
9617 1250983
9618 1251157
9619 1251227
9620 1251409
9621 1251641
9622 1251881
9623 1251919
9624 1252057
9625 1252129
9626 1252457
9627 1252817
9628 1252921
9629 1252963
9630 1253027
9631 1253689
9632 1254037
9633 1254109
9634 1254301
9635 1254503
9636 1254527
9637 1254529
9638 1254619
9639 1255081
9640 1255117
9641 1255157
9642 1255313
9643 1255393
9644 1255427
9645 1255591
9646 1255687
9647 1255829
9648 1255913
9649 1256303
9650 1256587
9651 1256659
9652 1256891
9653 1256989
9654 1257049
9655 1257199
9656 1257281
9657 1257409
9658 1257463
9659 1257827
9660 1257931
9661 1258099
9662 1258141
9663 1258181
9664 1258183
9665 1258291
9666 1258589
9667 1258903
9668 1259029
9669 1259081
9670 1259179
9671 1259537
9672 1259627
9673 1259939
9674 1260047
9675 1260319
9676 1260461
9677 1260641
9678 1260713
9679 1260731
9680 1260797
9681 1261411
9682 1261459
9683 1261769
9684 1261789
9685 1261943
9686 1262081
9687 1262221
9688 1262483
9689 1262731
9690 1262869
9691 1263077
9692 1263079
9693 1263299
9694 1263347
9695 1263473
9696 1263767
9697 1263929
9698 1263947
9699 1264027
9700 1264199
9701 1264337
9702 1264667
9703 1265093
9704 1265279
9705 1265549
9706 1265653
9707 1265941
9708 1266047
9709 1266197
9710 1266241
9711 1266269
9712 1266379
9713 1266557
9714 1266731
9715 1266751
9716 1266841
9717 1266919
9718 1267349
9719 1267859
9720 1267907
9721 1268119
9722 1268207
9723 1268261
9724 1268429
9725 1268447
9726 1268593
9727 1268713
9728 1268759
9729 1269017
9730 1269091
9731 1269187
9732 1269299
9733 1269529
9734 1269703
9735 1269901
9736 1270051
9737 1270097
9738 1270499
9739 1270541
9740 1270547
9741 1270639
9742 1271029
9743 1271047
9744 1271089
9745 1271317
9746 1271393
9747 1271531
9748 1271807
9749 1271971
9750 1272091
9751 1272233
9752 1272653
9753 1272811
9754 1272899
9755 1272961
9756 1273021
9757 1273199
9758 1273313
9759 1273403
9760 1273609
9761 1273687
9762 1273739
9763 1274051
9764 1274183
9765 1274389
9766 1274701
9767 1274851
9768 1274899
9769 1275173
9770 1275467
9771 1275779
9772 1275823
9773 1275829
9774 1275973
9775 1276103
9776 1276129
9777 1276279
9778 1276543
9779 1276631
9780 1276721
9781 1276871
9782 1276949
9783 1277041
9784 1277207
9785 1277267
9786 1277429
9787 1277449
9788 1277863
9789 1277993
9790 1278097
9791 1278163
9792 1278181
9793 1278493
9794 1278583
9795 1278631
9796 1278637
9797 1278811
9798 1279021
9799 1279111
9800 1279177
9801 1279427
9802 1279609
9803 1279661
9804 1279687
9805 1279753
9806 1279843
9807 1280113
9808 1280119
9809 1280399
9810 1280401
9811 1280603
9812 1280759
9813 1280887
9814 1281167
9815 1281257
9816 1281431
9817 1281503
9818 1281541
9819 1281781
9820 1281899
9821 1282009
9822 1282133
9823 1282241
9824 1282517
9825 1282571
9826 1282649
9827 1282933
9828 1282993
9829 1283011
9830 1283509
9831 1283521
9832 1283563
9833 1283839
9834 1283969
9835 1284421
9836 1284601
9837 1284713
9838 1284737
9839 1284823
9840 1284937
9841 1285679
9842 1285813
9843 1285871
9844 1286081
9845 1286119
9846 1286177
9847 1286261
9848 1286269
9849 1286371
9850 1286533
9851 1286669
9852 1286797
9853 1286807
9854 1287329
9855 1287343
9856 1287457
9857 1287569
9858 1287707
9859 1287749
9860 1287989
9861 1288009
9862 1288513
9863 1288559
9864 1288571
9865 1288843
9866 1288933
9867 1289077
9868 1289329
9869 1289749
9870 1289969
9871 1290109
9872 1290259
9873 1290293
9874 1290439
9875 1290581
9876 1290901
9877 1291117
9878 1291193
9879 1291489
9880 1291991
9881 1292099
9882 1292149
9883 1292387
9884 1292477
9885 1292563
9886 1292659
9887 1292831
9888 1293199
9889 1293287
9890 1293401
9891 1293533
9892 1293757
9893 1293841
9894 1293917
9895 1293979
9896 1294103
9897 1294169
9898 1294231
9899 1294273
9900 1294277
9901 1294367
9902 1294691
9903 1294817
9904 1294987
9905 1295191
9906 1295221
9907 1295533
9908 1295647
9909 1295711
9910 1296109
9911 1296181
9912 1296343
9913 1296523
9914 1296749
9915 1296839
9916 1297063
9917 1297139
9918 1297243
9919 1297337
9920 1297421
9921 1297573
9922 1297687
9923 1297841
9924 1298279
9925 1298617
9926 1298831
9927 1298981
9928 1299029
9929 1299317
9930 1299821
9931 1300127
9932 1300237
9933 1300297
9934 1300457
9935 1300471
9936 1300501
9937 1300813
9938 1300907
9939 1301023
9940 1301243
9941 1301281
9942 1301393
9943 1301423
9944 1301539
9945 1301603
9946 1301827
9947 1302107
9948 1302163
9949 1302253
9950 1302293
9951 1303069
9952 1303517
9953 1303553
9954 1303591
9955 1303667
9956 1304503
9957 1304581
9958 1304659
9959 1304929
9960 1304983
9961 1305229
9962 1305371
9963 1305427
9964 1305511
9965 1305559
9966 1305571
9967 1305803
9968 1305881
9969 1305919
9970 1306237
9971 1306691
9972 1306831
9973 1306873
9974 1307063
9975 1307081
9976 1307281
9977 1307461
9978 1307731
9979 1308121
9980 1308299
9981 1308323
9982 1308529
9983 1308563
9984 1308581
9985 1308583
9986 1308691
9987 1308709
9988 1309067
9989 1309313
9990 1309559
9991 1309849
9992 1309999
9993 1310063
9994 1310359
9995 1310467
9996 1310591
9997 1310599
9998 1310719
9999 1310779
10000 1310999
