1 11
2 13
3 19
4 37
5 53
6 59
7 71
8 73
9 97
10 101
11 103
12 127
13 149
14 163
15 167
16 181
17 233
18 257
19 271
20 277
21 293
22 307
23 367
24 383
25 389
26 419
27 431
28 433
29 479
30 499
31 509
32 547
33 563
34 587
35 617
36 631
37 701
38 727
39 743
40 787
41 811
42 839
43 857
44 859
45 947
46 1009
47 1049
48 1061
49 1087
50 1153
51 1171
52 1223
53 1283
54 1409
55 1423
56 1483
57 1489
58 1553
59 1559
60 1579
61 1597
62 1601
63 1607
64 1733
65 1801
66 1847
67 1861
68 1867
69 1933
70 1973
71 1999
72 2017
73 2039
74 2053
75 2129
76 2143
77 2213
78 2237
79 2273
80 2293
81 2341
82 2383
83 2389
84 2521
85 2543
86 2617
87 2633
88 2657
89 2671
90 2677
91 2693
92 2729
93 2767
94 2837
95 2857
96 2903
97 3041
98 3067
99 3089
100 3221
101 3313
102 3373
103 3391
104 3449
105 3469
106 3517
107 3533
108 3539
109 3559
110 3593
111 3607
112 3623
113 3643
114 3719
115 3739
116 3797
117 3889
118 3931
119 4013
120 4057
121 4079
122 4211
123 4217
124 4231
125 4273
126 4493
127 4507
128 4547
129 4583
130 4637
131 4657
132 4729
133 4787
134 4789
135 4877
136 4903
137 4909
138 4967
139 5003
140 5009
141 5087
142 5153
143 5281
144 5333
145 5393
146 5449
147 5483
148 5623
149 5641
150 5647
151 5689
152 5717
153 5779
154 5791
155 5807
156 5827
157 5861
158 5869
159 5881
160 6037
161 6053
162 6073
163 6079
164 6121
165 6211
166 6257
167 6271
168 6277
169 6301
170 6323
171 6343
172 6367
173 6529
174 6547
175 6637
176 6653
177 6703
178 6761
179 6781
180 6857
181 6949
182 6961
183 7027
184 7043
185 7193
186 7333
187 7489
188 7517
189 7537
190 7577
191 7681
192 7937
193 8039
194 8053
195 8059
196 8101
197 8147
198 8273
199 8291
200 8431
201 8521
202 8543
203 8693
204 8699
205 8741
206 8761
207 8837
208 8839
209 8941
210 8969
211 9001
212 9029
213 9043
214 9137
215 9199
216 9241
217 9319
218 9371
219 9377
220 9391
221 9403
222 9421
223 9623
224 9649
225 9689
226 9739
227 9791
228 9829
229 10061
230 10133
231 10151
232 10177
233 10243
234 10313
235 10333
236 10463
237 10667
238 10687
239 10847
240 10867
241 10883
242 10937
243 10957
244 10973
245 11057
246 11161
247 11251
248 11257
249 11273
250 11279
251 11299
252 11321
253 11383
254 11497
255 11617
256 11657
257 11677
258 11813
259 11897
260 11923
261 12041
262 12203
263 12227
264 12241
265 12263
266 12269
267 12379
268 12401
269 12553
270 12601
271 12809
272 12889
273 12919
274 12953
275 12979
276 13033
277 13093
278 13099
279 13147
280 13163
281 13381
282 13411
283 13457
284 13477
285 13523
286 13613
287 13633
288 13691
289 13697
290 13709
291 13729
292 13877
293 13879
294 14087
295 14177
296 14207
297 14401
298 14407
299 14423
300 14533
301 14537
302 14717
303 14731
304 14737
305 14869
306 14957
307 15017
308 15091
309 15107
310 15121
311 15217
312 15271
313 15277
314 15329
315 15361
316 15413
317 15439
318 15451
319 15473
320 15581
321 15619
322 15727
323 15859
324 16067
325 16069
326 16229
327 16319
328 16333
329 16339
330 16427
331 16553
332 16603
333 16759
334 16823
335 16889
336 16937
337 16979
338 16993
339 17011
340 17033
341 17077
342 17107
343 17123
344 17167
345 17183
346 17299
347 17389
348 17471
349 17569
350 17657
351 17707
352 17761
353 17837
354 17903
355 17929
356 18043
357 18061
358 18133
359 18191
360 18229
361 18287
362 18313
363 18461
364 18481
365 18517
366 18919
367 18973
368 18979
369 19141
370 19163
371 19237
372 19381
373 19457
374 19583
375 19727
376 19891
377 19963
378 20107
379 20129
380 20147
381 20219
382 20323
383 20327
384 20369
385 20389
386 20431
387 20507
388 20743
389 20749
390 20857
391 20963
392 20981
393 21023
394 21313
395 21377
396 21379
397 21391
398 21397
399 21467
400 21557
401 21577
402 21601
403 21713
404 21737
405 21751
406 21803
407 21977
408 21991
409 22031
410 22037
411 22093
412 22109
413 22123
414 22259
415 22291
416 22349
417 22369
418 22381
419 22433
420 22453
421 22501
422 22549
423 22619
424 22699
425 22921
426 22943
427 23003
428 23021
429 23027
430 23117
431 23173
432 23201
433 23269
434 23311
435 23537
436 23539
437 23599
438 23609
439 23719
440 23753
441 23971
442 23993
443 24077
444 24091
445 24103
446 24107
447 24181
448 24419
449 24499
450 24527
451 24671
452 24767
453 24923
454 25111
455 25153
456 25391
457 25423
458 25447
459 25577
460 25667
461 25771
462 25793
463 25847
464 25913
465 25931
466 25997
467 26161
468 26183
469 26251
470 26417
471 26437
472 26699
473 26701
474 26813
475 26893
476 26927
477 27043
478 27061
479 27191
480 27407
481 27409
482 27427
483 27647
484 27737
485 27739
486 27751
487 27773
488 27791
489 27803
490 27917
491 27919
492 27997
493 28097
494 28163
495 28181
496 28279
497 28547
498 28697
499 28703
500 28817
501 28901
502 29131
503 29153
504 29179
505 29209
506 29269
507 29311
508 29423
509 29573
510 29599
511 29641
512 30089
513 30119
514 30203
515 30313
516 30449
517 30469
518 30539
519 30557
520 30649
521 30661
522 30713
523 30803
524 30809
525 30829
526 31019
527 31237
528 31253
529 31307
530 31547
531 31699
532 31729
533 31981
534 32063
535 32069
536 32083
537 32173
538 32203
539 32353
540 32359
541 32401
542 32687
543 32917
544 32957
545 32971
546 33013
547 33037
548 33091
549 33301
550 33329
551 33343
552 33413
553 33457
554 33547
555 33581
556 33587
557 33589
558 33613
559 33617
560 33619
561 33769
562 33811
563 33851
564 33871
565 33941
566 34283
567 34313
568 34351
569 34487
570 34591
571 34667
572 34849
573 35053
574 35059
575 35129
576 35149
577 35251
578 35257
579 35291
580 35323
581 35381
582 35507
583 35509
584 35521
585 35569
586 35831
587 35837
588 35879
589 35899
590 35983
591 36209
592 36229
593 36319
594 36353
595 36467
596 36469
597 36551
598 36559
599 36607
600 36683
601 36739
602 36793
603 36887
604 36919
605 36979
606 37019
607 37039
608 37097
609 37123
610 37181
611 37189
612 37253
613 37321
614 37369
615 37501
616 37507
617 37547
618 37691
619 37783
620 37811
621 37831
622 37853
623 37871
624 37963
625 38047
626 38261
627 38281
628 38351
629 38371
630 38933
631 38959
632 39019
633 39079
634 39103
635 39161
636 39217
637 39301
638 39323
639 39383
640 39521
641 39541
642 39581
643 40031
644 40163
645 40169
646 40231
647 40237
648 40343
649 40471
650 40543
651 40787
652 40813
653 40819
654 40927
655 41117
656 41131
657 41179
658 41203
659 41221
660 41227
661 41243
662 41519
663 41603
664 41627
665 41647
666 41737
667 41843
668 41911
669 41957
670 42013
671 42073
672 42181
673 42187
674 42307
675 42323
676 42437
677 42451
678 42677
679 42703
680 42767
681 42923
682 43003
683 43117
684 43207
685 43223
686 43391
687 43399
688 43441
689 43579
690 43591
691 43607
692 43627
693 43759
694 43913
695 43951
696 43991
697 43997
698 44071
699 44101
700 44257
701 44273
702 44389
703 44543
704 44657
705 44839
706 44927
707 45061
708 45119
709 45139
710 45289
711 45317
712 45319
713 45377
714 45481
715 45533
716 45599
717 45737
718 45821
719 45827
720 45841
721 45953
722 46073
723 46279
724 46307
725 46327
726 46451
727 46703
728 46811
729 46831
730 47041
731 47221
732 47269
733 47317
734 47513
735 47629
736 47717
737 47777
738 47791
739 47809
740 47843
741 47869
742 47911
743 47951
744 48109
745 48383
746 48437
747 48541
748 48563
749 48589
750 48619
751 48761
752 48767
753 48781
754 48787
755 48857
756 49003
757 49009
758 49081
759 49117
760 49171
761 49339
762 49391
763 49757
764 49801
765 49843
766 49957
767 49991
768 50023
769 50111
770 50207
771 50221
772 50311
773 50513
774 50599
775 50627
776 50753
777 50867
778 50951
779 50971
780 51329
781 51413
782 51419
783 51439
784 51503
785 51631
786 51637
787 51691
788 51769
789 51817
790 51871
791 51907
792 51949
793 52223
794 52267
795 52489
796 52609
797 52711
798 52757
799 52861
800 52937
801 52951
802 52973
803 53093
804 53129
805 53149
806 53299
807 53381
808 53419
809 53479
810 53507
811 53527
812 53569
813 53617
814 53633
815 53693
816 53699
817 53891
818 54001
819 54151
820 54331
821 54377
822 54403
823 54421
824 54469
825 54517
826 54601
827 54647
828 54751
829 54773
830 54799
831 54881
832 54973
833 55057
834 55103
835 55127
836 55213
837 55291
838 55589
839 55639
840 55691
841 55787
842 55817
843 55871
844 55897
845 55901
846 56081
847 56087
848 56179
849 56401
850 56597
851 56599
852 56711
853 56779
854 56821
855 56957
856 56999
857 57037
858 57143
859 57251
860 57259
861 57347
862 57529
863 57653
864 57679
865 57697
866 57709
867 57781
868 57853
869 57901
870 58027
871 58151
872 58171
873 58199
874 58207
875 58337
876 58379
877 58391
878 58427
879 58573
880 58579
881 58661
882 58711
883 58757
884 58991
885 59093
886 59183
887 59387
888 59417
889 59419
890 59471
891 59659
892 59671
893 59743
894 59747
895 59981
896 60091
897 60149
898 60413
899 60589
900 60617
901 60631
902 60637
903 60703
904 60859
905 60901
906 60923
907 61027
908 61043
909 61153
910 61357
911 61403
912 61463
913 61609
914 61681
915 61979
916 61991
917 62297
918 62299
919 62327
920 62581
921 62617
922 62633
923 62659
924 62723
925 62851
926 62897
927 63113
928 63317
929 63331
930 63443
931 63467
932 63559
933 63601
934 63607
935 63773
936 63803
937 63841
938 64189
939 64217
940 64303
941 64381
942 64433
943 64613
944 64783
945 64853
946 64891
947 64901
948 64969
949 65119
950 65267
951 65371
952 65393
953 65537
954 65599
955 65629
956 65687
957 65777
958 65809
959 65867
960 66271
961 66347
962 66361
963 66499
964 66569
965 66617
966 66701
967 66763
968 66851
969 66923
970 67247
971 67399
972 67427
973 67489
974 67511
975 67733
976 67751
977 67757
978 67867
979 67931
980 67933
981 68059
982 68141
983 68279
984 68473
985 68501
986 68521
987 68611
988 68633
989 68699
990 68743
991 68879
992 69193
993 69463
994 69467
995 69821
996 69827
997 69931
998 69959
999 70001
1000 70111
1001 70157
1002 70177
1003 70207
1004 70223
1005 70229
1006 70249
1007 70313
1008 70373
1009 70423
1010 70429
1011 70481
1012 70607
1013 70823
1014 70849
1015 70979
1016 71039
1017 71059
1018 71147
1019 71233
1020 71237
1021 71327
1022 71387
1023 71413
1024 71453
1025 71527
1026 71569
1027 71671
1028 71693
1029 71741
1030 71789
1031 71899
1032 71941
1033 71987
1034 72139
1035 72229
1036 72287
1037 72461
1038 72467
1039 72469
1040 72481
1041 72623
1042 72647
1043 72739
1044 72869
1045 72883
1046 72889
1047 72911
1048 72931
1049 72977
1050 73019
1051 73039
1052 73237
1053 73277
1054 73309
1055 73433
1056 73561
1057 73583
1058 73651
1059 73673
1060 73693
1061 73819
1062 74027
1063 74177
1064 74203
1065 74209
1066 74357
1067 74489
1068 74531
1069 74551
1070 74687
1071 74719
1072 74771
1073 74797
1074 74821
1075 74843
1076 74861
1077 74869
1078 74933
1079 75013
1080 75017
1081 75161
1082 75167
1083 75211
1084 75217
1085 75307
1086 75479
1087 75521
1088 75527
1089 75583
1090 75653
1091 75721
1092 75787
1093 75941
1094 75967
1095 76081
1096 76261
1097 76403
1098 76421
1099 76441
1100 76481
1101 76487
1102 76597
1103 76753
1104 76991
1105 77237
1106 77239
1107 77291
1108 77419
1109 77477
1110 77479
1111 77521
1112 77543
1113 77563
1114 77587
1115 77813
1116 77969
1117 77983
1118 78137
1119 78139
1120 78283
1121 78539
1122 78623
1123 78791
1124 78889
1125 79273
1126 79309
1127 79367
1128 79411
1129 79561
1130 79589
1131 79631
1132 79657
1133 79813
1134 79873
1135 79907
1136 80147
1137 80309
1138 80347
1139 80471
1140 80491
1141 80611
1142 80651
1143 80657
1144 80749
1145 80761
1146 80783
1147 80897
1148 80963
1149 80989
1150 81049
1151 81197
1152 81223
1153 81353
1154 81533
1155 81649
1156 81773
1157 81869
1158 81931
1159 82051
1160 82163
1161 82189
1162 82217
1163 82219
1164 82279
1165 82457
1166 82471
1167 82499
1168 82507
1169 82613
1170 82729
1171 82981
1172 83089
1173 83117
1174 83177
1175 83203
1176 83207
1177 83357
1178 83399
1179 83401
1180 83423
1181 83449
1182 83537
1183 83591
1184 83621
1185 83641
1186 83663
1187 83843
1188 83869
1189 83911
1190 84121
1191 84143
1192 84349
1193 84389
1194 84437
1195 84499
1196 84503
1197 84631
1198 84659
1199 84673
1200 84691
1201 84697
1202 84761
1203 84947
1204 85021
1205 85027
1206 85061
1207 85081
1208 85223
1209 85313
1210 85427
1211 85571
1212 85601
1213 85621
1214 85643
1215 85669
1216 85711
1217 86011
1218 86161
1219 86183
1220 86389
1221 86477
1222 86561
1223 86677
1224 86743
1225 86837
1226 86923
1227 86927
1228 86981
1229 87179
1230 87407
1231 87421
1232 87481
1233 87557
1234 87623
1235 87643
1236 87649
1237 87719
1238 87931
1239 87973
1240 88301
1241 88471
1242 88721
1243 88819
1244 88897
1245 88969
1246 89021
1247 89069
1248 89087
1249 89209
1250 89269
1251 89371
1252 89533
1253 89627
1254 89759
1255 89779
1256 89821
1257 89939
1258 89977
1259 90001
1260 90007
1261 90067
1262 90199
1263 90203
1264 90227
1265 90353
1266 90379
1267 90511
1268 90599
1269 90793
1270 90803
1271 90821
1272 90841
1273 90911
1274 90971
1275 90977
1276 91099
1277 91129
1278 91163
1279 91309
1280 91367
1281 91369
1282 91433
1283 91781
1284 91921
1285 91943
1286 91969
1287 92153
1288 92177
1289 92203
1290 92221
1291 92269
1292 92333
1293 92357
1294 92399
1295 92681
1296 92753
1297 92801
1298 92867
1299 92959
1300 93077
1301 93257
1302 93307
1303 93497
1304 93503
1305 93529
1306 93581
1307 93761
1308 93901
1309 93923
1310 93941
1311 93949
1312 94207
1313 94331
1314 94399
1315 94421
1316 94441
1317 94777
1318 94823
1319 94933
1320 94993
1321 95071
1322 95213
1323 95239
1324 95279
1325 95369
1326 95549
1327 95569
1328 95701
1329 95857
1330 95891
1331 96001
1332 96179
1333 96199
1334 96263
1335 96289
1336 96331
1337 96443
1338 96461
1339 96553
1340 96557
1341 96643
1342 96731
1343 96737
1344 96821
1345 96823
1346 96931
1347 96959
1348 96973
1349 97501
1350 97523
1351 97547
1352 97549
1353 97789
1354 97813
1355 97879
1356 97927
1357 98179
1358 98377
1359 98533
1360 98641
1361 98689
1362 98711
1363 98773
1364 98849
1365 98869
1366 98887
1367 98911
1368 99053
1369 99109
1370 99149
1371 99233
1372 99251
1373 99257
1374 99367
1375 99523
1376 99527
1377 99529
1378 99679
1379 99761
1380 99839
1381 99901
1382 100193
1383 100333
1384 100403
1385 100511
1386 100649
1387 100733
1388 100801
1389 100913
1390 100937
1391 100999
1392 101107
1393 101141
1394 101183
1395 101273
1396 101323
1397 101347
1398 101363
1399 101383
1400 101411
1401 101503
1402 101723
1403 101749
1404 101987
1405 102023
1406 102061
1407 102197
1408 102241
1409 102481
1410 102533
1411 102539
1412 102647
1413 102913
1414 103079
1415 103217
1416 103291
1417 103387
1418 103529
1419 103561
1420 103787
1421 103903
1422 103967
1423 103969
1424 103981
1425 104087
1426 104113
1427 104281
1428 104287
1429 104513
1430 104597
1431 104623
1432 104681
1433 104827
1434 104933
1435 104959
1436 104999
1437 105253
1438 105323
1439 105367
1440 105499
1441 105503
1442 105509
1443 105541
1444 105653
1445 105907
1446 106087
1447 106261
1448 106391
1449 106621
1450 106627
1451 106661
1452 106681
1453 106759
1454 106937
1455 106993
1456 107053
1457 107057
1458 107077
1459 107123
1460 107323
1461 107453
1462 107581
1463 107671
1464 107693
1465 107741
1466 107747
1467 107839
1468 107903
1469 107981
1470 108007
1471 108023
1472 108139
1473 108191
1474 108203
1475 108533
1476 108649
1477 108793
1478 108881
1479 108917
1480 108959
1481 109147
1482 109433
1483 109451
1484 109583
1485 109589
1486 109721
1487 109819
1488 109859
1489 109891
1490 109961
1491 110051
1492 110237
1493 110251
1494 110431
1495 110459
1496 110479
1497 110527
1498 110543
1499 110567
1500 110581
1501 110587
1502 110729
1503 110749
1504 110899
1505 110923
1506 110927
1507 110947
1508 111029
1509 111043
1510 111427
1511 111467
1512 111487
1513 111577
1514 111623
1515 111751
1516 111799
1517 111827
1518 111847
1519 111953
1520 112103
1521 112121
1522 112213
1523 112237
1524 112459
1525 112543
1526 112583
1527 112741
1528 113027
1529 113041
1530 113089
1531 113117
1532 113153
1533 113173
1534 113359
1535 113467
1536 113537
1537 113957
1538 114031
1539 114073
1540 114143
1541 114259
1542 114277
1543 114451
1544 114473
1545 114671
1546 114691
1547 114761
1548 114769
1549 115117
1550 115201
1551 115223
1552 115751
1553 115757
1554 115771
1555 115849
1556 115861
1557 116167
1558 116257
1559 116273
1560 116329
1561 116471
1562 116903
1563 116927
1564 116989
1565 117023
1566 117223
1567 117353
1568 117517
1569 117731
1570 117751
1571 117779
1572 117883
1573 117959
1574 118037
1575 118127
1576 118147
1577 118253
1578 118471
1579 118589
1580 118691
1581 118787
1582 118873
1583 118897
1584 119027
1585 119047
1586 119267
1587 119513
1588 119591
1589 119627
1590 119689
1591 119771
1592 119797
1593 119849
1594 119953
1595 120041
1596 120193
1597 120209
1598 120223
1599 120283
1600 120557
1601 120607
1602 120661
1603 120829
1604 120889
1605 120917
1606 120919
1607 121013
1608 121169
1609 121327
1610 121343
1611 121349
1612 121453
1613 121507
1614 121909
1615 121921
1616 121967
1617 122021
1618 122027
1619 122041
1620 122117
1621 122201
1622 122263
1623 122449
1624 122557
1625 122719
1626 122827
1627 123017
1628 123127
1629 123169
1630 123239
1631 123307
1632 123419
1633 123433
1634 123457
1635 123499
1636 123503
1637 123527
1638 123581
1639 123707
1640 123833
1641 123989
1642 124067
1643 124133
1644 124193
1645 124351
1646 124427
1647 124513
1648 124717
1649 124771
1650 124793
1651 124991
1652 125093
1653 125507
1654 125617
1655 125659
1656 125789
1657 125897
1658 125899
1659 125921
1660 125941
1661 126001
1662 126023
1663 126047
1664 126199
1665 126241
1666 126317
1667 126337
1668 126461
1669 126713
1670 127123
1671 127189
1672 127219
1673 127271
1674 127343
1675 127507
1676 127583
1677 127637
1678 127679
1679 127691
1680 127781
1681 127817
1682 128153
1683 128221
1684 128311
1685 128399
1686 128449
1687 128461
1688 128483
1689 128489
1690 128629
1691 128939
1692 128959
1693 129169
1694 129341
1695 129491
1696 129497
1697 129499
1698 129527
1699 129581
1700 129707
1701 129769
1702 130057
1703 130073
1704 130079
1705 130099
1706 130183
1707 130253
1708 130259
1709 130349
1710 130363
1711 130457
1712 130619
1713 130633
1714 131009
1715 131203
1716 131221
1717 131311
1718 131591
1719 131687
1720 132103
1721 132233
1722 132347
1723 132383
1724 132491
1725 132499
1726 132527
1727 132631
1728 132679
1729 132859
1730 133087
1731 133153
1732 133261
1733 133283
1734 133403
1735 133519
1736 133669
1737 133999
1738 134033
1739 134039
1740 134059
1741 134161
1742 134213
1743 134417
1744 134699
1745 134839
1746 134851
1747 135029
1748 135043
1749 135173
1750 135241
1751 135281
1752 135409
1753 135427
1754 135469
1755 135571
1756 135601
1757 135979
1758 136013
1759 136189
1760 136217
1761 136277
1762 136303
1763 136547
1764 136727
1765 136963
1766 137089
1767 137131
1768 137359
1769 137911
1770 138079
1771 138143
1772 138899
1773 139313
1774 139339
1775 139397
1776 139429
1777 139483
1778 139571
1779 139591
1780 139681
1781 140177
1782 140191
1783 140207
1784 140249
1785 140281
1786 140317
1787 140401
1788 140407
1789 140533
1790 140603
1791 140663
1792 140689
1793 140867
1794 140869
1795 141079
1796 141107
1797 141121
1798 141257
1799 141301
1800 141439
1801 141509
1802 141529
1803 141587
1804 141613
1805 141679
1806 141709
1807 141767
1808 141833
1809 141851
1810 141941
1811 142223
1812 142537
1813 142553
1814 142759
1815 143093
1816 143239
1817 143387
1818 143477
1819 143503
1820 143567
1821 143813
1822 144139
1823 144379
1824 144407
1825 144461
1826 144731
1827 144737
1828 144751
1829 144791
1830 145361
1831 145451
1832 145459
1833 145501
1834 145549
1835 145703
1836 145897
1837 145963
1838 145987
1839 146191
1840 146449
1841 146669
1842 146807
1843 146977
1844 147031
1845 147211
1846 147293
1847 147299
1848 147743
1849 147761
1850 147853
1851 148151
1852 148171
1853 148207
1854 148339
1855 148429
1856 148469
1857 148663
1858 148829
1859 148931
1860 148933
1861 148957
1862 149011
1863 149033
1864 149059
1865 149161
1866 149459
1867 149491
1868 149497
1869 149521
1870 149839
1871 149899
1872 150053
1873 150077
1874 150091
1875 150211
1876 150413
1877 150497
1878 150503
1879 150589
1880 150769
1881 150893
1882 150907
1883 151153
1884 151337
1885 151357
1886 151397
1887 151429
1888 151517
1889 151553
1890 151579
1891 151609
1892 151667
1893 151681
1894 151883
1895 151939
1896 152183
1897 152219
1898 152389
1899 152419
1900 152617
1901 152783
1902 153067
1903 153247
1904 153287
1905 153337
1906 153379
1907 153407
1908 153421
1909 153427
1910 154057
1911 154213
1912 154277
1913 154291
1914 154417
1915 154459
1916 154523
1917 154589
1918 154699
1919 154727
1920 154789
1921 154871
1922 154981
1923 155003
1924 155027
1925 155047
1926 155171
1927 155203
1928 155209
1929 155423
1930 155593
1931 155627
1932 155663
1933 155689
1934 155719
1935 155773
1936 155777
1937 155801
1938 155861
1939 155863
1940 155887
1941 156019
1942 156109
1943 156307
1944 156493
1945 156589
1946 156659
1947 156691
1948 156707
1949 156749
1950 156941
1951 156943
1952 157061
1953 157081
1954 157207
1955 157247
1956 157429
1957 157489
1958 157739
1959 157771
1960 157799
1961 157841
1962 157867
1963 158141
1964 158329
1965 158341
1966 158563
1967 158611
1968 158909
1969 158927
1970 158981
1971 159199
1972 159287
1973 159319
1974 159463
1975 159469
1976 159539
1977 159667
1978 159737
1979 159739
1980 159799
1981 159911
1982 159979
1983 160001
1984 160397
1985 160603
1986 160621
1987 160627
1988 160669
1989 160807
1990 160841
1991 160861
1992 161017
1993 161033
1994 161039
1995 161071
1996 161123
1997 161323
1998 161507
1999 161543
2000 161611
2001 161741
2002 161761
2003 161879
2004 161983
2005 162209
2006 162229
2007 162391
2008 162649
2009 162683
2010 162731
2011 162881
2012 162971
2013 163109
2014 163127
2015 163129
2016 163147
2017 163307
2018 163321
2019 163367
2020 163613
2021 163697
2022 163819
2023 164023
2024 164089
2025 164209
2026 164449
2027 164627
2028 164809
2029 164999
2030 165037
2031 165161
2032 165181
2033 165437
2034 165479
2035 165527
2036 165569
2037 165673
2038 165701
2039 165811
2040 166043
2041 166157
2042 166247
2043 166429
2044 166571
2045 166597
2046 166643
2047 166669
2048 166823
2049 166841
2050 166843
2051 166979
2052 167017
2053 167051
2054 167149
2055 167381
2056 167521
2057 167611
2058 167677
2059 167747
2060 167879
2061 168023
2062 168083
2063 168227
2064 168331
2065 168449
2066 168463
2067 168533
2068 168737
2069 169079
2070 169097
2071 169217
2072 169321
2073 169343
2074 169457
2075 169501
2076 169633
2077 169657
2078 169783
2079 169831
2080 169909
2081 170101
2082 170167
2083 170213
2084 170299
2085 170327
2086 170347
2087 170363
2088 170741
2089 170749
2090 170851
2091 170873
2092 170927
2093 171007
2094 171029
2095 171427
2096 171517
2097 171713
2098 171803
2099 171863
2100 171889
2101 172127
2102 172147
2103 172279
2104 172411
2105 172541
2106 172561
2107 172721
2108 172987
2109 173023
2110 173267
2111 173573
2112 174071
2113 174121
2114 174169
2115 174299
2116 174631
2117 174653
2118 174767
2119 174851
2120 174859
2121 175061
2122 175081
2123 175573
2124 175601
2125 175663
2126 175753
2127 175979
2128 175991
2129 176299
2130 176327
2131 176329
2132 176369
2133 176497
2134 176509
2135 176651
2136 176677
2137 176747
2138 176923
2139 177269
2140 177319
2141 177511
2142 177601
2143 177647
2144 177791
2145 177883
2146 177889
2147 177917
2148 178039
2149 178091
2150 178307
2151 178567
2152 178613
2153 178781
2154 178819
2155 178831
2156 178859
2157 178873
2158 178903
2159 178907
2160 179021
2161 179029
2162 179083
2163 179243
2164 179261
2165 179287
2166 179429
2167 179591
2168 179623
2169 179717
2170 179779
2171 179801
2172 179821
2173 179917
2174 179999
2175 180007
2176 180289
2177 180317
2178 180331
2179 180371
2180 180391
2181 180731
2182 180751
2183 180773
2184 180779
2185 181019
2186 181039
2187 181141
2188 181253
2189 181277
2190 181639
2191 181693
2192 181729
2193 181763
2194 181891
2195 181981
2196 182009
2197 182027
2198 182041
2199 182333
2200 182423
2201 182627
2202 182779
2203 182867
2204 182887
2205 182953
2206 182999
2207 183037
2208 183301
2209 183307
2210 183349
2211 183361
2212 183451
2213 183473
2214 183479
2215 183503
2216 183943
2217 184133
2218 184199
2219 184441
2220 184463
2221 184489
2222 184577
2223 184607
2224 184669
2225 184687
2226 184711
2227 184993
2228 185051
2229 185099
2230 185149
2231 185161
2232 185189
2233 185303
2234 185369
2235 185491
2236 185543
2237 185567
2238 185651
2239 185677
2240 185699
2241 185723
2242 185923
2243 186227
2244 186283
2245 186317
2246 186391
2247 186647
2248 186689
2249 186733
2250 186841
2251 186883
2252 187141
2253 187163
2254 187189
2255 187361
2256 187633
2257 187637
2258 188171
2259 188249
2260 188311
2261 188333
2262 188719
2263 188801
2264 188827
2265 188911
2266 188999
2267 189017
2268 189239
2269 189361
2270 189439
2271 189479
2272 189491
2273 189583
2274 189619
2275 189817
2276 189853
2277 189901
2278 189929
2279 189949
2280 190507
2281 190523
2282 190613
2283 190639
2284 190783
2285 190901
2286 191027
2287 191119
2288 191227
2289 191441
2290 191447
2291 191531
2292 191537
2293 191773
2294 191999
2295 192013
2296 192091
2297 192251
2298 192323
2299 192347
2300 192497
2301 192529
2302 192583
2303 192611
2304 192749
2305 192767
2306 192811
2307 192833
2308 192923
2309 193009
2310 193133
2311 193261
2312 193441
2313 193573
2314 193757
2315 193771
2316 193951
2317 193979
2318 193993
2319 194057
2320 194071
2321 194093
2322 194239
2323 194521
2324 194543
2325 194581
2326 194653
2327 194723
2328 194813
2329 194989
2330 195023
2331 195049
2332 195089
2333 195137
2334 195197
2335 195443
2336 195733
2337 195869
2338 195971
2339 196051
2340 196169
2341 196501
2342 196523
2343 196549
2344 196699
2345 196837
2346 196873
2347 196879
2348 196901
2349 196927
2350 196961
2351 197003
2352 197063
2353 197089
2354 197207
2355 197221
2356 197243
2357 197339
2358 197539
2359 197609
2360 197621
2361 197713
2362 197773
2363 197803
2364 197887
2365 198017
2366 198251
2367 198301
2368 198323
2369 198413
2370 198437
2371 198503
2372 198613
2373 198811
2374 198817
2375 198859
2376 198899
2377 198901
2378 198929
2379 198943
2380 199049
2381 199081
2382 199153
2383 199261
2384 199379
2385 199403
2386 199739
2387 199751
2388 199889
2389 199933
2390 200033
2391 200257
2392 200341
2393 200569
2394 200587
2395 200899
2396 200909
2397 201193
2398 201203
2399 201287
2400 201403
2401 201557
2402 201577
2403 201797
2404 201809
2405 201827
2406 201953
2407 202099
2408 202121
2409 202327
2410 202343
2411 202387
2412 202529
2413 202613
2414 202639
2415 202729
2416 202879
2417 203207
2418 203311
2419 203429
2420 203641
2421 203869
2422 204013
2423 204301
2424 204361
2425 204439
2426 204563
2427 204587
2428 204679
2429 204781
2430 204859
2431 204947
2432 205081
2433 205171
2434 205201
2435 205223
2436 205319
2437 205397
2438 205399
2439 205463
2440 205537
2441 205603
2442 205607
2443 205937
2444 205993
2445 206033
2446 206183
2447 206233
2448 206347
2449 206879
2450 207113
2451 207199
2452 207241
2453 207443
2454 207469
2455 207593
2456 207799
2457 207931
2458 207971
2459 207973
2460 208037
2461 208189
2462 208367
2463 208493
2464 208673
2465 208697
2466 208907
2467 208963
2468 209227
2469 209311
2470 209333
2471 209371
2472 209449
2473 209669
2474 209687
2475 209717
2476 209801
2477 209809
2478 209861
2479 209939
2480 209977
2481 210131
2482 210157
2483 210173
2484 210193
2485 210247
2486 210263
2487 210283
2488 210391
2489 210407
2490 210467
2491 210643
2492 210719
2493 210739
2494 210823
2495 210913
2496 211051
2497 211217
2498 211231
2499 211297
2500 211349
2501 211543
2502 211619
2503 211639
2504 211691
2505 211727
2506 211781
2507 211789
2508 211927
2509 211969
2510 212117
2511 212131
2512 212227
2513 212281
2514 212353
2515 212423
2516 212447
2517 212557
2518 212573
2519 212869
2520 212881
2521 213097
2522 213329
2523 213523
2524 213637
2525 213721
2526 213859
2527 213947
2528 213949
2529 213989
2530 214007
2531 214021
2532 214069
2533 214133
2534 214243
2535 214463
2536 214519
2537 214759
2538 214939
2539 215239
2540 215309
2541 215329
2542 215389
2543 215659
2544 215893
2545 215927
2546 216023
2547 216113
2548 216133
2549 216157
2550 216289
2551 216551
2552 216641
2553 216731
2554 216919
2555 216973
2556 217219
2557 217369
2558 217691
2559 217907
2560 217909
2561 217969
2562 218047
2563 218117
2564 218171
2565 218191
2566 218227
2567 218401
2568 218531
2569 218579
2570 218629
2571 219019
2572 219071
2573 219103
2574 219437
2575 219491
2576 219503
2577 219587
2578 219619
2579 219761
2580 219767
2581 219839
2582 219943
2583 220013
2584 220141
2585 220147
2586 220163
2587 220169
2588 220279
2589 220291
2590 220369
2591 220411
2592 220543
2593 220877
2594 220879
2595 220903
2596 221197
2597 221201
2598 221393
2599 221401
2600 221461
2601 221713
2602 221717
2603 221807
2604 221827
2605 222323
2606 222329
2607 222347
2608 222367
2609 222499
2610 222587
2611 222679
2612 222857
2613 223243
2614 223283
2615 223319
2616 223339
2617 223423
2618 223621
2619 223823
2620 223999
2621 224033
2622 224129
2623 224149
2624 224239
2625 224251
2626 224299
2627 224303
2628 224491
2629 224897
2630 225023
2631 225061
2632 225067
2633 225133
2634 225241
2635 225353
2636 225689
2637 226013
2638 226189
2639 226433
2640 226637
2641 226789
2642 226817
2643 227131
2644 227281
2645 227371
2646 227393
2647 227399
2648 227597
2649 227627
2650 227951
2651 228077
2652 228181
2653 228299
2654 228383
2655 228479
2656 228587
2657 228619
2658 228707
2659 228853
2660 228901
2661 228929
2662 228961
2663 228989
2664 229133
2665 229261
2666 229283
2667 229351
2668 229373
2669 229399
2670 229403
2671 229487
2672 229519
2673 229739
2674 229751
2675 229753
2676 229771
2677 229799
2678 229979
2679 230047
2680 230063
2681 230203
2682 230353
2683 230449
2684 230539
2685 230551
2686 230663
2687 230779
2688 230807
2689 230827
2690 230999
2691 231017
2692 231031
2693 231053
2694 231277
2695 231347
2696 231529
2697 231871
2698 231893
2699 231923
2700 232003
2701 232171
2702 232391
2703 232487
2704 232571
2705 232643
2706 232937
2707 233143
2708 233251
2709 233297
2710 233327
2711 233341
2712 233417
2713 233879
2714 233921
2715 234067
2716 234083
2717 234139
2718 234191
2719 234203
2720 234319
2721 234511
2722 234713
2723 234799
2724 234977
2725 234979
2726 235091
2727 235369
2728 235493
2729 235673
2730 235783
2731 235891
2732 236209
2733 236407
2734 236449
2735 236627
2736 236681
2737 236779
2738 236881
2739 237053
2740 237071
2741 237143
2742 237257
2743 237581
2744 237673
2745 237707
2746 237749
2747 237763
2748 237851
2749 237877
2750 237967
2751 238009
2752 238081
2753 238151
2754 238207
2755 238519
2756 238649
2757 238681
2758 238991
2759 239231
2760 239237
2761 239251
2762 239297
2763 239329
2764 239389
2765 239521
2766 239611
2767 239671
2768 239699
2769 239831
2770 239851
2771 239929
2772 240073
2773 240101
2774 240271
2775 240349
2776 240503
2777 240707
2778 240743
2779 240769
2780 241049
2781 241229
2782 241249
2783 241313
2784 241489
2785 241517
2786 241537
2787 241643
2788 241711
2789 241771
2790 241847
2791 241861
2792 241931
2793 241951
2794 242257
2795 242309
2796 242419
2797 242617
2798 242747
2799 243137
2800 243421
2801 243517
2802 243533
2803 243623
2804 243647
2805 243829
2806 243863
2807 243911
2808 243931
2809 244109
2810 244141
2811 244291
2812 244367
2813 244381
2814 244451
2815 244471
2816 244507
2817 244561
2818 244639
2819 244873
2820 245023
2821 245317
2822 245513
2823 245593
2824 245627
2825 245683
2826 245719
2827 245849
2828 245881
2829 245977
2830 246167
2831 246251
2832 246769
2833 246781
2834 246811
2835 246899
2836 246947
2837 247337
2838 247393
2839 247519
2840 247531
2841 247553
2842 247579
2843 247607
2844 247739
2845 247771
2846 247847
2847 247913
2848 247957
2849 248051
2850 248141
2851 248291
2852 248477
2853 248509
2854 248543
2855 248587
2856 248701
2857 248723
2858 248749
2859 248789
2860 248813
2861 248851
2862 249199
2863 249229
2864 249827
2865 249973
2866 250027
2867 250043
2868 250153
2869 250681
2870 250807
2871 251059
2872 251071
2873 251143
2874 251149
2875 251297
2876 251417
2877 251491
2878 251969
2879 252173
2880 252319
2881 252409
2882 252443
2883 252887
2884 252979
2885 253361
2886 253417
2887 253613
2888 253741
2889 253763
2890 253769
2891 253787
2892 253789
2893 253853
2894 253909
2895 253969
2896 253987
2897 254027
2898 254119
2899 254179
2900 254731
2901 254959
2902 255107
2903 255121
2904 255127
2905 255217
2906 255361
2907 255473
2908 255503
2909 255653
2910 255679
2911 255851
2912 255961
2913 256337
2914 256577
2915 256661
2916 256687
2917 256771
2918 256931
2919 257141
2920 257189
2921 257293
2922 257381
2923 257473
2924 257639
2925 257657
2926 257837
2927 257921
2928 257947
2929 258331
2930 258421
2931 258443
2932 258487
2933 258917
2934 259169
2935 259183
2936 259277
2937 259387
2938 259499
2939 259631
2940 259657
2941 259691
2942 259723
2943 259781
2944 259813
2945 260387
2946 260419
2947 260527
2948 260651
2949 260747
2950 260893
2951 260921
2952 260983
2953 261043
2954 261061
2955 261229
2956 261281
2957 261379
2958 261407
2959 261593
2960 261773
2961 262127
2962 262217
2963 262321
2964 262781
2965 262877
2966 262909
2967 262949
2968 262981
2969 263063
2970 263171
2971 263191
2972 263267
2973 263423
2974 263489
2975 263513
2976 263821
2977 263843
2978 263849
2979 263867
2980 263881
2981 263911
2982 264013
2983 264071
2984 264091
2985 264323
2986 264437
2987 264527
2988 264697
2989 264743
2990 264763
2991 264839
2992 264871
2993 265021
2994 265241
2995 265247
2996 265249
2997 265313
2998 265403
2999 265483
3000 265579
3001 266369
3002 266677
3003 266767
3004 266921
3005 266983
3006 267139
3007 267199
3008 267373
3009 267391
3010 267629
3011 267643
3012 267647
3013 267713
3014 267803
3015 267829
3016 267913
3017 268271
3018 268459
3019 268721
3020 268747
3021 268781
3022 268783
3023 268813
3024 268897
3025 269029
3026 269041
3027 269063
3028 269177
3029 269201
3030 269209
3031 269351
3032 269429
3033 269513
3034 269539
3035 269579
3036 269623
3037 269713
3038 269953
3039 270209
3040 270223
3041 270379
3042 270421
3043 270443
3044 270593
3045 270737
3046 270799
3047 270821
3048 270931
3049 271013
3050 271057
3051 271109
3052 271253
3053 271367
3054 271451
3055 271501
3056 271703
3057 271853
3058 271969
3059 271981
3060 272009
3061 272171
3062 272227
3063 272333
3064 272449
3065 272537
3066 272539
3067 272777
3068 272911
3069 272933
3070 272971
3071 273107
3072 273127
3073 273233
3074 273569
3075 273617
3076 273787
3077 273941
3078 273943
3079 274061
3080 274081
3081 274117
3082 274223
3083 274403
3084 274751
3085 274777
3086 274829
3087 274843
3088 274861
3089 274931
3090 274993
3091 275059
3092 275161
3093 275389
3094 275419
3095 275459
3096 275521
3097 275549
3098 275651
3099 275677
3100 275741
3101 275929
3102 275941
3103 275969
3104 276151
3105 276229
3106 276319
3107 276373
3108 276461
3109 276467
3110 276553
3111 276557
3112 276599
3113 276779
3114 276821
3115 276869
3116 276883
3117 276917
3118 276919
3119 277051
3120 277073
3121 277273
3122 277297
3123 277547
3124 277567
3125 277657
3126 277789
3127 277859
3128 277961
3129 278041
3130 278087
3131 278119
3132 278177
3133 278191
3134 278207
3135 278209
3136 278557
3137 278591
3138 278623
3139 278801
3140 278809
3141 279109
3142 279121
3143 279187
3144 279451
3145 279523
3146 279613
3147 280277
3148 280321
3149 280541
3150 280561
3151 280673
3152 280697
3153 280817
3154 280871
3155 280879
3156 281207
3157 281227
3158 281317
3159 281531
3160 281621
3161 281627
3162 281641
3163 281719
3164 281807
3165 281887
3166 281933
3167 281959
3168 282071
3169 282349
3170 282383
3171 282563
3172 282671
3173 282679
3174 283007
3175 283117
3176 283463
3177 283487
3178 283553
3179 283573
3180 283609
3181 283687
3182 283771
3183 283799
3184 284057
3185 284477
3186 284561
3187 284633
3188 284657
3189 284701
3190 284723
3191 284749
3192 284813
3193 284831
3194 284969
3195 285317
3196 285533
3197 285629
3198 285641
3199 285731
3200 285979
3201 286459
3202 286619
3203 286831
3204 287159
3205 287191
3206 287821
3207 287849
3208 287939
3209 288077
3210 288109
3211 288181
3212 288349
3213 288361
3214 288389
3215 288433
3216 288493
3217 288499
3218 288527
3219 288817
3220 288839
3221 288989
3222 289001
3223 289067
3224 289139
3225 289249
3226 289573
3227 289973
3228 290023
3229 290027
3230 290041
3231 290119
3232 290393
3233 290447
3234 290593
3235 290669
3236 290959
3237 290971
3238 290999
3239 291077
3240 291271
3241 291299
3242 291349
3243 291619
3244 291701
3245 291721
3246 291901
3247 292021
3248 292157
3249 292283
3250 292573
3251 292759
3252 292841
3253 293071
3254 293107
3255 293147
3256 293149
3257 293329
3258 293431
3259 293633
3260 293651
3261 293701
3262 293723
3263 293989
3264 294023
3265 294179
3266 294319
3267 294397
3268 294467
3269 294731
3270 294803
3271 294919
3272 294997
3273 295079
3274 295187
3275 295219
3276 295259
3277 295291
3278 295411
3279 295433
3280 295541
3281 295567
3282 295693
3283 295727
3284 295819
3285 295837
3286 295871
3287 295909
3288 295961
3289 296201
3290 296221
3291 296243
3292 296519
3293 296551
3294 296557
3295 296713
3296 296719
3297 296801
3298 297079
3299 297257
3300 297581
3301 297589
3302 297613
3303 297893
3304 298021
3305 298201
3306 298339
3307 298759
3308 298777
3309 299099
3310 299147
3311 299213
3312 299329
3313 299501
3314 299699
3315 299743
3316 299983
3317 300007
3318 300089
3319 300137
3320 300221
3321 300317
3322 300481
3323 300647
3324 300719
3325 300733
3326 300739
3327 300757
3328 300953
3329 301057
3330 301127
3331 301211
3332 301471
3333 301907
3334 301927
3335 302173
3336 302443
3337 302551
3338 302573
3339 302609
3340 303011
3341 303073
3342 303097
3343 303143
3344 303271
3345 303293
3346 303307
3347 303323
3348 303361
3349 303367
3350 303473
3351 303529
3352 303587
3353 303691
3354 303727
3355 303781
3356 303817
3357 303983
3358 304049
3359 304069
3360 304153
3361 304373
3362 304391
3363 304481
3364 304489
3365 304517
3366 304537
3367 304609
3368 304643
3369 304751
3370 305017
3371 305033
3372 305093
3373 305101
3374 305329
3375 305419
3376 305581
3377 305741
3378 305761
3379 305839
3380 306029
3381 306133
3382 306331
3383 306421
3384 306827
3385 306829
3386 306919
3387 306991
3388 307147
3389 307253
3390 307361
3391 307451
3392 307523
3393 307583
3394 307631
3395 307817
3396 307859
3397 307891
3398 307969
3399 308003
3400 308081
3401 308117
3402 308311
3403 308489
3404 308551
3405 308621
3406 308641
3407 308773
3408 308999
3409 309037
3410 309079
3411 309109
3412 309121
3413 309167
3414 309251
3415 309271
3416 309493
3417 309503
3418 309521
3419 309851
3420 309899
3421 309989
3422 310363
3423 310433
3424 310439
3425 310459
3426 310501
3427 310547
3428 310727
3429 310781
3430 310927
3431 310969
3432 311027
3433 311137
3434 311173
3435 311177
3436 311537
3437 311539
3438 311551
3439 311687
3440 311807
3441 311869
3442 312073
3443 312107
3444 312217
3445 312253
3446 312349
3447 312413
3448 312563
3449 312581
3450 312589
3451 312677
3452 312899
3453 313087
3454 313133
3455 313267
3456 313603
3457 313711
3458 313717
3459 313883
3460 313889
3461 313993
3462 314213
3463 314219
3464 314239
3465 314329
3466 314491
3467 314527
3468 314569
3469 314581
3470 314693
3471 314927
3472 314983
3473 315047
3474 315083
3475 315247
3476 315421
3477 315461
3478 315467
3479 315599
3480 315779
3481 315829
3482 315881
3483 316051
3484 316219
3485 316271
3486 316343
3487 316471
3488 316499
3489 316637
3490 316691
3491 316769
3492 316819
3493 316853
3494 316859
3495 316891
3496 317333
3497 317351
3498 317399
3499 317591
3500 317593
3501 317711
3502 317717
3503 317771
3504 317797
3505 317887
3506 318077
3507 318107
3508 318161
3509 318181
3510 318259
3511 318349
3512 318503
3513 318569
3514 318653
3515 318679
3516 318749
3517 318781
3518 318811
3519 319027
3520 319069
3521 319289
3522 319399
3523 319427
3524 319483
3525 319519
3526 319849
3527 319993
3528 320027
3529 320269
3530 320449
3531 320539
3532 320591
3533 320627
3534 320647
3535 320687
3536 320911
3537 321017
3538 321037
3539 321301
3540 321383
3541 321413
3542 321547
3543 321631
3544 321679
3545 321961
3546 321983
3547 322001
3548 322193
3549 322229
3550 322249
3551 322319
3552 322403
3553 322409
3554 322537
3555 322571
3556 322591
3557 322607
3558 322627
3559 322757
3560 322849
3561 323123
3562 323233
3563 323419
3564 323899
3565 323903
3566 324067
3567 324223
3568 324319
3569 324403
3570 324427
3571 324469
3572 324593
3573 324641
3574 324647
3575 324773
3576 324869
3577 324931
3578 324953
3579 324977
3580 324991
3581 325181
3582 325189
3583 325459
3584 325697
3585 325781
3586 325901
3587 325921
3588 326063
3589 326087
3590 326119
3591 326203
3592 326537
3593 326539
3594 326681
3595 326869
3596 327473
3597 327479
3598 327491
3599 327529
3600 327619
3601 327839
3602 327853
3603 327941
3604 328043
3605 328067
3606 328249
3607 328379
3608 328397
3609 328591
3610 328687
3611 328753
3612 328849
3613 329123
3614 329293
3615 329299
3616 329387
3617 329639
3618 329677
3619 329729
3620 329761
3621 329941
3622 330037
3623 330053
3624 330217
3625 330233
3626 330271
3627 330413
3628 330703
3629 330767
3630 330859
3631 331027
3632 331319
3633 331333
3634 331577
3635 331883
3636 331889
3637 331973
3638 332053
3639 332183
3640 332303
3641 332851
3642 332987
3643 332989
3644 333029
3645 333049
3646 333139
3647 333427
3648 333517
3649 333647
3650 333793
3651 333997
3652 334099
3653 334231
3654 334541
3655 334693
3656 334727
3657 334897
3658 334963
3659 334987
3660 335009
3661 335029
3662 335089
3663 335261
3664 335449
3665 335539
3666 335641
3667 335663
3668 335719
3669 335807
3670 335821
3671 336143
3672 336211
3673 336437
3674 336499
3675 336631
3676 336767
3677 336769
3678 336871
3679 336929
3680 336961
3681 337069
3682 337201
3683 337261
3684 337339
3685 337427
3686 337517
3687 337607
3688 337759
3689 337867
3690 338141
3691 338161
3692 338231
3693 338237
3694 338293
3695 338321
3696 338383
3697 338389
3698 338411
3699 338497
3700 338581
3701 338893
3702 338927
3703 339151
3704 339263
3705 339289
3706 339557
3707 339799
3708 340063
3709 340111
3710 340201
3711 340409
3712 340429
3713 340519
3714 340793
3715 340849
3716 340913
3717 341273
3718 341323
3719 341569
3720 341659
3721 341749
3722 341879
3723 341927
3724 342049
3725 342061
3726 342191
3727 342241
3728 342319
3729 342337
3730 342469
3731 342647
3732 342799
3733 342821
3734 342841
3735 342863
3736 343307
3737 343561
3738 343639
3739 343769
3740 344153
3741 344209
3742 344221
3743 344243
3744 344759
3745 344791
3746 344801
3747 344821
3748 344887
3749 345019
3750 345307
3751 345431
3752 345451
3753 345479
3754 345581
3755 345673
3756 345707
3757 345769
3758 345853
3759 346117
3760 346201
3761 346373
3762 346391
3763 346393
3764 346397
3765 346399
3766 346421
3767 346469
3768 346667
3769 346933
3770 347051
3771 347099
3772 347141
3773 347161
3774 347183
3775 347297
3776 347561
3777 347563
3778 347587
3779 347747
3780 347983
3781 348001
3782 348191
3783 348221
3784 348401
3785 348407
3786 348421
3787 348461
3788 348629
3789 348643
3790 348731
3791 348883
3792 348911
3793 348917
3794 349093
3795 349099
3796 349183
3797 349343
3798 349369
3799 349381
3800 349471
3801 349813
3802 349837
3803 349871
3804 349903
3805 349907
3806 350237
3807 350431
3808 350437
3809 350699
3810 350783
3811 350941
3812 350963
3813 350983
3814 350989
3815 351023
3816 351061
3817 351157
3818 351391
3819 351469
3820 351731
3821 351751
3822 351779
3823 351797
3824 351887
3825 351959
3826 352097
3827 352181
3828 352217
3829 352327
3830 352361
3831 352381
3832 352523
3833 352831
3834 353047
3835 353117
3836 353621
3837 353627
3838 353629
3839 353807
3840 354017
3841 354031
3842 354143
3843 354251
3844 354301
3845 354307
3846 354587
3847 354619
3848 354763
3849 354877
3850 355007
3851 355009
3852 355027
3853 355111
3854 355171
3855 355441
3856 355559
3857 355643
3858 355777
3859 355841
3860 355913
3861 355937
3862 356123
3863 356299
3864 356453
3865 356563
3866 356893
3867 356927
3868 356947
3869 357047
3870 357083
3871 357179
3872 357197
3873 357241
3874 357319
3875 357559
3876 357649
3877 357661
3878 357689
3879 357779
3880 358031
3881 358051
3882 358273
3883 358279
3884 358297
3885 358471
3886 358637
3887 358691
3888 358903
3889 358987
3890 359041
3891 359069
3892 359263
3893 359267
3894 359357
3895 359449
3896 359719
3897 360007
3898 360023
3899 360049
3900 360197
3901 360289
3902 360317
3903 360803
3904 360827
3905 360869
3906 360953
3907 360973
3908 360979
3909 361091
3910 361217
3911 361219
3912 361321
3913 361327
3914 361499
3915 361541
3916 361549
3917 361637
3918 361763
3919 361873
3920 361877
3921 362177
3922 362191
3923 362221
3924 362281
3925 362333
3926 362371
3927 362393
3928 362407
3929 362599
3930 362629
3931 362717
3932 362951
3933 363017
3934 363037
3935 363437
3936 363497
3937 363529
3938 363541
3939 363563
3940 363659
3941 363691
3942 363767
3943 363941
3944 363989
3945 364171
3946 364289
3947 364313
3948 364379
3949 364601
3950 364621
3951 364643
3952 364979
3953 365017
3954 365107
3955 365147
3956 365231
3957 365479
3958 365509
3959 365747
3960 365903
3961 365941
3962 366139
3963 366173
3964 366193
3965 366409
3966 366841
3967 366869
3968 366973
3969 367163
3970 367181
3971 367277
3972 367699
3973 367819
3974 368083
3975 368171
3976 368197
3977 368443
3978 368513
3979 368551
3980 368689
3981 368911
3982 369071
3983 369143
3984 369703
3985 369877
3986 369983
3987 370147
3988 370411
3989 370451
3990 370471
3991 370871
3992 370891
3993 371191
3994 371227
3995 371281
3996 371333
3997 371359
3998 371797
3999 371843
4000 371939
4001 371971
4002 371999
4003 372037
4004 372121
4005 372271
4006 372451
4007 372677
4008 372707
4009 372769
4010 372833
4011 372839
4012 372943
4013 373003
4014 373151
4015 373157
4016 373171
4017 373199
4018 373207
4019 373463
4020 373937
4021 373999
4022 374149
4023 374291
4024 374293
4025 374299
4026 374653
4027 374729
4028 374761
4029 374903
4030 374989
4031 375203
4032 375227
4033 375283
4034 375359
4035 375449
4036 375481
4037 375511
4038 375533
4039 375559
4040 375971
4041 376099
4042 376127
4043 376477
4044 376589
4045 376631
4046 376769
4047 376811
4048 376819
4049 376921
4050 377171
4051 377197
4052 377263
4053 377339
4054 377711
4055 377717
4056 377737
4057 377801
4058 377809
4059 378523
4060 378761
4061 378901
4062 378929
4063 378967
4064 379007
4065 379157
4066 379399
4067 379513
4068 379573
4069 379777
4070 379849
4071 379931
4072 379997
4073 380131
4074 380179
4075 380311
4076 380441
4077 380461
4078 380621
4079 380629
4080 380843
4081 380881
4082 380951
4083 380977
4084 381077
4085 381233
4086 381323
4087 381347
4088 381439
4089 382021
4090 382331
4091 382351
4092 382429
4093 382553
4094 382601
4095 382621
4096 382751
4097 382843
4098 382933
4099 383611
4100 383633
4101 383659
4102 383813
4103 383837
4104 383891
4105 383909
4106 383923
4107 383941
4108 383983
4109 384001
4110 384113
4111 384151
4112 384227
4113 384317
4114 384481
4115 384577
4116 384719
4117 384751
4118 384779
4119 384821
4120 384913
4121 385127
4122 385631
4123 385709
4124 385783
4125 385811
4126 385831
4127 385859
4128 385901
4129 385907
4130 386117
4131 386131
4132 386339
4133 386537
4134 386609
4135 386621
4136 386887
4137 386977
4138 386993
4139 387077
4140 387109
4141 387161
4142 387169
4143 387253
4144 387503
4145 387613
4146 387631
4147 387721
4148 388067
4149 388081
4150 388111
4151 388133
4152 388177
4153 388319
4154 388489
4155 388931
4156 388991
4157 389057
4158 389141
4159 389161
4160 389189
4161 389507
4162 389527
4163 389659
4164 389699
4165 389897
4166 389923
4167 390323
4168 390347
4169 390389
4170 390413
4171 390437
4172 390527
4173 390721
4174 390763
4175 390781
4176 390851
4177 390961
4178 391009
4179 391199
4180 391247
4181 391331
4182 391351
4183 391373
4184 391487
4185 391553
4186 391579
4187 391711
4188 391757
4189 391801
4190 391847
4191 391861
4192 392033
4193 392059
4194 392099
4195 392149
4196 392213
4197 392239
4198 392299
4199 392363
4200 392389
4201 392543
4202 392699
4203 392741
4204 392831
4205 392851
4206 392893
4207 392929
4208 392969
4209 392981
4210 392983
4211 393083
4212 393311
4213 393373
4214 393487
4215 393539
4216 393551
4217 393577
4218 393649
4219 393713
4220 394073
4221 394129
4222 394169
4223 394259
4224 394291
4225 394453
4226 394501
4227 394523
4228 394699
4229 394721
4230 394727
4231 394811
4232 394987
4233 395119
4234 395159
4235 395173
4236 395261
4237 395287
4238 395849
4239 396091
4240 396259
4241 396301
4242 396323
4243 396509
4244 396547
4245 396679
4246 397153
4247 397351
4248 397427
4249 397517
4250 397759
4251 397829
4252 397867
4253 397973
4254 398011
4255 398033
4256 398143
4257 398341
4258 398369
4259 398509
4260 398569
4261 398693
4262 398819
4263 399043
4264 399067
4265 399577
4266 399643
4267 399719
4268 400093
4269 400109
4270 400187
4271 400277
4272 400291
4273 400307
4274 400321
4275 400657
4276 400723
4277 400837
4278 400927
4279 400943
4280 401179
4281 401201
4282 401287
4283 401311
4284 401519
4285 401551
4286 401629
4287 401917
4288 401959
4289 402037
4290 402091
4291 402277
4292 402343
4293 402383
4294 402503
4295 402529
4296 402581
4297 402587
4298 402769
4299 402923
4300 403043
4301 403063
4302 403159
4303 403267
4304 403577
4305 403661
4306 403681
4307 403757
4308 403849
4309 403979
4310 403993
4311 404011
4312 404161
4313 404167
4314 404251
4315 404507
4316 404671
4317 404969
4318 404983
4319 405001
4320 405029
4321 405049
4322 405157
4323 405199
4324 405227
4325 405247
4326 405683
4327 405829
4328 405869
4329 405959
4330 406013
4331 406073
4332 406309
4333 406327
4334 406361
4335 406381
4336 406499
4337 406501
4338 406547
4339 406561
4340 406673
4341 406697
4342 407177
4343 407179
4344 407203
4345 407357
4346 407483
4347 407489
4348 407573
4349 407599
4350 407801
4351 407807
4352 407821
4353 407959
4354 407977
4355 408019
4356 408071
4357 408169
4358 408251
4359 408341
4360 408413
4361 408659
4362 408691
4363 408743
4364 408769
4365 408943
4366 409007
4367 409043
4368 409397
4369 409441
4370 409517
4371 409711
4372 409753
4373 409841
4374 409861
4375 409867
4376 409933
4377 410243
4378 410339
4379 410393
4380 410401
4381 410461
4382 410629
4383 410731
4384 410999
4385 411031
4386 411127
4387 411143
4388 411563
4389 411589
4390 411617
4391 411679
4392 411707
4393 411721
4394 412133
4395 412171
4396 412193
4397 412201
4398 412571
4399 412603
4400 412717
4401 412771
4402 412939
4403 413053
4404 413071
4405 413093
4406 413143
4407 413251
4408 413521
4409 413879
4410 414061
4411 414157
4412 414203
4413 414313
4414 414331
4415 414607
4416 414683
4417 414737
4418 414889
4419 414959
4420 415039
4421 415187
4422 415253
4423 415523
4424 415631
4425 415651
4426 415691
4427 415697
4428 415787
4429 415873
4430 416243
4431 416359
4432 416393
4433 416401
4434 416593
4435 416849
4436 416957
4437 417017
4438 417161
4439 417181
4440 417217
4441 417251
4442 417271
4443 417479
4444 417617
4445 417691
4446 418007
4447 418009
4448 418289
4449 418331
4450 418351
4451 418597
4452 418667
4453 418739
4454 418771
4455 418799
4456 418843
4457 418849
4458 418861
4459 418889
4460 418933
4461 419059
4462 419141
4463 419161
4464 419291
4465 419297
4466 419417
4467 419459
4468 419563
4469 419567
4470 419789
4471 419893
4472 419927
4473 420253
4474 420293
4475 420307
4476 420419
4477 420457
4478 420671
4479 420781
4480 421133
4481 421159
4482 421339
4483 421397
4484 421711
4485 421717
4486 421997
4487 422057
4488 422077
4489 422101
4490 422183
4491 422291
4492 422879
4493 422969
4494 422987
4495 423083
4496 423209
4497 423229
4498 423461
4499 423469
4500 423481
4501 423559
4502 423601
4503 423803
4504 423991
4505 424103
4506 424147
4507 424231
4508 424451
4509 424471
4510 424493
4511 424547
4512 424549
4513 424639
4514 424729
4515 424817
4516 425393
4517 425423
4518 425489
4519 425779
4520 425791
4521 425869
4522 425977
4523 426077
4524 426233
4525 426389
4526 426527
4527 426541
4528 426583
4529 426611
4530 426697
4531 426709
4532 426761
4533 426859
4534 427081
4535 427283
4536 427403
4537 427429
4538 427591
4539 427711
4540 427849
4541 427913
4542 427919
4543 427957
4544 427991
4545 427993
4546 428147
4547 428149
4548 428231
4549 428251
4550 428273
4551 428369
4552 428639
4553 429083
4554 429397
4555 429469
4556 429487
4557 429791
4558 429823
4559 429889
4560 429911
4561 429937
4562 429973
4563 430267
4564 430487
4565 430841
4566 430847
4567 430861
4568 430883
4569 431077
4570 431237
4571 431251
4572 431581
4573 431671
4574 431707
4575 432007
4576 432023
4577 432043
4578 432139
4579 432199
4580 432281
4581 432317
4582 432337
4583 432391
4584 432511
4585 432559
4586 432799
4587 433033
4588 433073
4589 433271
4590 433549
4591 433651
4592 433703
4593 433981
4594 434009
4595 434087
4596 434221
4597 434267
4598 434717
4599 434849
4600 434881
4601 434957
4602 435037
4603 435109
4604 435161
4605 435257
4606 435541
4607 435619
4608 435653
4609 435857
4610 435859
4611 435923
4612 435949
4613 436061
4614 436151
4615 436283
4616 436481
4617 437071
4618 437237
4619 437293
4620 437363
4621 437471
4622 437473
4623 437651
4624 437653
4625 437743
4626 438001
4627 438203
4628 438377
4629 438391
4630 438467
4631 438601
4632 438667
4633 438733
4634 438793
4635 438913
4636 439141
4637 439253
4638 439349
4639 439381
4640 439459
4641 439541
4642 439567
4643 439613
4644 439729
4645 439969
4646 440183
4647 440239
4648 440507
4649 440527
4650 440983
4651 441113
4652 441157
4653 441229
4654 441797
4655 442181
4656 442217
4657 442271
4658 442499
4659 442501
4660 442699
4661 442763
4662 442781
4663 442789
4664 442817
4665 442961
4666 442963
4667 443041
4668 443089
4669 443221
4670 443227
4671 443243
4672 443711
4673 443731
4674 443759
4675 443867
4676 443881
4677 444109
4678 444271
4679 444527
4680 444529
4681 444589
4682 444811
4683 444833
4684 444859
4685 444967
4686 445069
4687 445157
4688 445261
4689 445427
4690 445597
4691 445771
4692 445937
4693 446189
4694 446363
4695 446569
4696 447179
4697 447193
4698 447311
4699 447331
4700 447449
4701 447481
4702 447757
4703 447779
4704 447791
4705 447793
4706 447827
4707 448093
4708 448121
4709 448387
4710 448741
4711 448769
4712 448873
4713 448907
4714 449131
4715 449173
4716 449243
4717 449261
4718 449269
4719 449287
4720 449311
4721 449353
4722 449399
4723 449557
4724 449629
4725 449759
4726 449773
4727 450001
4728 450083
4729 450113
4730 450199
4731 450223
4732 450377
4733 450391
4734 450481
4735 450601
4736 450649
4737 450797
4738 450917
4739 450971
4740 451181
4741 451277
4742 451309
4743 451637
4744 451873
4745 451901
4746 451909
4747 451961
4748 452171
4749 452191
4750 452269
4751 452579
4752 452597
4753 452797
4754 452957
4755 453053
4756 453161
4757 453217
4758 453301
4759 453527
4760 453569
4761 453617
4762 453709
4763 453851
4764 453923
4765 453949
4766 454009
4767 454199
4768 454331
4769 454577
4770 454609
4771 454823
4772 455033
4773 455149
4774 455237
4775 455291
4776 455321
4777 455381
4778 455479
4779 455761
4780 455789
4781 455941
4782 455969
4783 456377
4784 456539
4785 456553
4786 456623
4787 456647
4788 456649
4789 456737
4790 457091
4791 457253
4792 457307
4793 457367
4794 457411
4795 457433
4796 457651
4797 457789
4798 457837
4799 457871
4800 457987
4801 458027
4802 458191
4803 458449
4804 458599
4805 458629
4806 458863
4807 458993
4808 459181
4809 459671
4810 460091
4811 460099
4812 460127
4813 460189
4814 460231
4815 460891
4816 460949
4817 460981
4818 461171
4819 461269
4820 461627
4821 461861
4822 461887
4823 462109
4824 462529
4825 462871
4826 462899
4827 463261
4828 463399
4829 463483
4830 463511
4831 463579
4832 463753
4833 463823
4834 463829
4835 463861
4836 464237
4837 464279
4838 464419
4839 464561
4840 464587
4841 464741
4842 464767
4843 464879
4844 464909
4845 464923
4846 465041
4847 465151
4848 465407
4849 465809
4850 466547
4851 466619
4852 466723
4853 466819
4854 466859
4855 467119
4856 467171
4857 467209
4858 467371
4859 467399
4860 467447
4861 467531
4862 467557
4863 467641
4864 467681
4865 467689
4866 468079
4867 468107
4868 468109
4869 468239
4870 468439
4871 468493
4872 468581
4873 468613
4874 468619
4875 468697
4876 468817
4877 468851
4878 468859
4879 469009
4880 469241
4881 469351
4882 469649
4883 469753
4884 469919
4885 469939
4886 470179
4887 470207
4888 470243
4889 470447
4890 470489
4891 470531
4892 470593
4893 470627
4894 470663
4895 470711
4896 470791
4897 470863
4898 470933
4899 470959
4900 471439
4901 471671
4902 471749
4903 471769
4904 471901
4905 471923
4906 472111
4907 472247
4908 472393
4909 472597
4910 472643
4911 472687
4912 472799
4913 472993
4914 473101
4915 473147
4916 473279
4917 473293
4918 473327
4919 473383
4920 473453
4921 473471
4922 473479
4923 473497
4924 473507
4925 473611
4926 473633
4927 473729
4928 473761
4929 473833
4930 473899
4931 473923
4932 474049
4933 474137
4934 474241
4935 474263
4936 474319
4937 474359
4938 474379
4939 474737
4940 474751
4941 474911
4942 474917
4943 474931
4944 475051
4945 475271
4946 475273
4947 475297
4948 475369
4949 475523
4950 475549
4951 475613
4952 475637
4953 475729
4954 475831
4955 475859
4956 476081
4957 476401
4958 476599
4959 476647
4960 476681
4961 476719
4962 476803
4963 476849
4964 476977
4965 477011
4966 477019
4967 477259
4968 477329
4969 477523
4970 477637
4971 477769
4972 477811
4973 477941
4974 478067
4975 478139
4976 478157
4977 478171
4978 478243
4979 478427
4980 478571
4981 478603
4982 478711
4983 478931
4984 478991
4985 479509
4986 479561
4987 479783
4988 479839
4989 480071
4990 480091
4991 480383
4992 480499
4993 480521
4994 480527
4995 480541
4996 480761
4997 480853
4998 480941
4999 480967
5000 481067
5001 481133
5002 481199
5003 481469
5004 481667
5005 481847
5006 481849
5007 482017
5008 482051
5009 482071
5010 482101
5011 482213
5012 482633
5013 482789
5014 483139
5015 483179
5016 483289
5017 483377
5018 483407
5019 483467
5020 483551
5021 483577
5022 483643
5023 483719
5024 483733
5025 483829
5026 483869
5027 483937
5028 484079
5029 484091
5030 484181
5031 484457
5032 484459
5033 484613
5034 485021
5035 485041
5036 485447
5037 485689
5038 486091
5039 486323
5040 486527
5041 486583
5042 486637
5043 486943
5044 487111
5045 487177
5046 487391
5047 487429
5048 487447
5049 487469
5050 487793
5051 487889
5052 487973
5053 488143
5054 488233
5055 488303
5056 488321
5057 488347
5058 488611
5059 488617
5060 488701
5061 488909
5062 488981
5063 489133
5064 489157
5065 489179
5066 489407
5067 489449
5068 489689
5069 489793
5070 489847
5071 489869
5072 489911
5073 489959
5074 490003
5075 490249
5076 490283
5077 490339
5078 490393
5079 490559
5080 490591
5081 490937
5082 490957
5083 491251
5084 491273
5085 491297
5086 491299
5087 491327
5088 491329
5089 491497
5090 491611
5091 491651
5092 491819
5093 491923
5094 491969
5095 491983
5096 492007
5097 492061
5098 492227
5099 492377
5100 492397
5101 492463
5102 492731
5103 492799
5104 493093
5105 493169
5106 493211
5107 493217
5108 493279
5109 493369
5110 493541
5111 493721
5112 493859
5113 493897
5114 494069
5115 494353
5116 494443
5117 494621
5118 494731
5119 495017
5120 495149
5121 495301
5122 495343
5123 495361
5124 495433
5125 495457
5126 495527
5127 495589
5128 495611
5129 495749
5130 495787
5131 495893
5132 495967
5133 496313
5134 496399
5135 496427
5136 496849
5137 496997
5138 497257
5139 497291
5140 497323
5141 497417
5142 497473
5143 497701
5144 497741
5145 497929
5146 497969
5147 498061
5148 498227
5149 498461
5150 498551
5151 498599
5152 498689
5153 498733
5154 498739
5155 498937
5156 498977
5157 499099
5158 499127
5159 499189
5160 499321
5161 499327
5162 499363
5163 499673
5164 499691
5165 499747
5166 499781
5167 499897
5168 500111
5169 500153
5170 500177
5171 500317
5172 500393
5173 500443
5174 500713
5175 500719
5176 500809
5177 500861
5178 500933
5179 501121
5180 501187
5181 501217
5182 501271
5183 501617
5184 501637
5185 501703
5186 502043
5187 502063
5188 502261
5189 502409
5190 502429
5191 502591
5192 502807
5193 502841
5194 502861
5195 503123
5196 503213
5197 503233
5198 503303
5199 503543
5200 503879
5201 503963
5202 503969
5203 503983
5204 504001
5205 504247
5206 504337
5207 504377
5208 504593
5209 504599
5210 504661
5211 505033
5212 505051
5213 505091
5214 505097
5215 505123
5216 505181
5217 505187
5218 505613
5219 506131
5220 506531
5221 506537
5222 506551
5223 506573
5224 506663
5225 506809
5226 506861
5227 507077
5228 507103
5229 507301
5230 507361
5231 507503
5232 507691
5233 507781
5234 508021
5235 508159
5236 508223
5237 508621
5238 508771
5239 508841
5240 508867
5241 508919
5242 508931
5243 509297
5244 509363
5245 509521
5246 509543
5247 509549
5248 509563
5249 509569
5250 509633
5251 509653
5252 509659
5253 509699
5254 509741
5255 509767
5256 509921
5257 510073
5258 510079
5259 510217
5260 510233
5261 510271
5262 510383
5263 510529
5264 510589
5265 510767
5266 511087
5267 511153
5268 511193
5269 511201
5270 511223
5271 511519
5272 512011
5273 512147
5274 512521
5275 512569
5276 512657
5277 512741
5278 512891
5279 513047
5280 513083
5281 513137
5282 513319
5283 513407
5284 513739
5285 513917
5286 513977
5287 514057
5288 514103
5289 514127
5290 514433
5291 514499
5292 514523
5293 514819
5294 514831
5295 515153
5296 515351
5297 515579
5298 515861
5299 516233
5300 516293
5301 516349
5302 516493
5303 516521
5304 516541
5305 516563
5306 516587
5307 516589
5308 516617
5309 516653
5310 516673
5311 516679
5312 516701
5313 516839
5314 516877
5315 516947
5316 517061
5317 517207
5318 517241
5319 517249
5320 517373
5321 517469
5322 517481
5323 517571
5324 517577
5325 517609
5326 517711
5327 518057
5328 518099
5329 518411
5330 518521
5331 518587
5332 518657
5333 518699
5334 518729
5335 518741
5336 518747
5337 518767
5338 519089
5339 519131
5340 519229
5341 519269
5342 519359
5343 519487
5344 519551
5345 519553
5346 519577
5347 519737
5348 520021
5349 520193
5350 520339
5351 520357
5352 520427
5353 520609
5354 520759
5355 520889
5356 521161
5357 521251
5358 521309
5359 521471
5360 521503
5361 521581
5362 521671
5363 521723
5364 521749
5365 521897
5366 521903
5367 522113
5368 522191
5369 522199
5370 522229
5371 522289
5372 522317
5373 522371
5374 522391
5375 522469
5376 522737
5377 522827
5378 522829
5379 522887
5380 522919
5381 523109
5382 523459
5383 523493
5384 523639
5385 523741
5386 524087
5387 524203
5388 524599
5389 524669
5390 524681
5391 524933
5392 524939
5393 524971
5394 525013
5395 525143
5396 525167
5397 525439
5398 525491
5399 525671
5400 525677
5401 525697
5402 525781
5403 525839
5404 525923
5405 525947
5406 525949
5407 526027
5408 526117
5409 526199
5410 526397
5411 526483
5412 526511
5413 526573
5414 526649
5415 526681
5416 526733
5417 526931
5418 527123
5419 527251
5420 527327
5421 527381
5422 527419
5423 527507
5424 527563
5425 527671
5426 527819
5427 527909
5428 527981
5429 528137
5430 528191
5431 528263
5432 528373
5433 528391
5434 528791
5435 528971
5436 528973
5437 529097
5438 529127
5439 529129
5440 529273
5441 529349
5442 529547
5443 529657
5444 529691
5445 529709
5446 529723
5447 529927
5448 529987
5449 530183
5450 530251
5451 530507
5452 530527
5453 530989
5454 531331
5455 531337
5456 531551
5457 531793
5458 531799
5459 531821
5460 531841
5461 531977
5462 532163
5463 532307
5464 532327
5465 532417
5466 532783
5467 532789
5468 532949
5469 532981
5470 533191
5471 533227
5472 533719
5473 533777
5474 533801
5475 533809
5476 533887
5477 533959
5478 533971
5479 534013
5480 534091
5481 534307
5482 534581
5483 534671
5484 534857
5485 534923
5486 534943
5487 535193
5488 535207
5489 535489
5490 535609
5491 535939
5492 535957
5493 535991
5494 536059
5495 536213
5496 536279
5497 536453
5498 536479
5499 536651
5500 536671
5501 536743
5502 536857
5503 536891
5504 536989
5505 537007
5506 537221
5507 537281
5508 537373
5509 537379
5510 537599
5511 537739
5512 537913
5513 538051
5514 538093
5515 538297
5516 538367
5517 538529
5518 538561
5519 538723
5520 538789
5521 539207
5522 539269
5523 539447
5524 539629
5525 539797
5526 539863
5527 540119
5528 540157
5529 540203
5530 540517
5531 540559
5532 540751
5533 540803
5534 541181
5535 541217
5536 541361
5537 541417
5538 541507
5539 541523
5540 541549
5541 541693
5542 541967
5543 541987
5544 542063
5545 542119
5546 542261
5547 542441
5548 542461
5549 542539
5550 542687
5551 542719
5552 542771
5553 542797
5554 542911
5555 543143
5556 543233
5557 543259
5558 543679
5559 543857
5560 543877
5561 543967
5562 544009
5563 544373
5564 544517
5565 544667
5566 544759
5567 544861
5568 544889
5569 545141
5570 545239
5571 545521
5572 545723
5573 545789
5574 545899
5575 546001
5576 546151
5577 546179
5578 546241
5579 546263
5580 546289
5581 546643
5582 546841
5583 547093
5584 547273
5585 547301
5586 547361
5587 547471
5588 547499
5589 547567
5590 547709
5591 547741
5592 547817
5593 547819
5594 548089
5595 548117
5596 548201
5597 548221
5598 548263
5599 548371
5600 548461
5601 548557
5602 548591
5603 548719
5604 548827
5605 548861
5606 548869
5607 549071
5608 549169
5609 549569
5610 549707
5611 549839
5612 549943
5613 550631
5614 550637
5615 550691
5616 550763
5617 550811
5618 550909
5619 550969
5620 551003
5621 551113
5622 551179
5623 551269
5624 551423
5625 551461
5626 551689
5627 551717
5628 551731
5629 551773
5630 551911
5631 551933
5632 552031
5633 552091
5634 552107
5635 552217
5636 552301
5637 552527
5638 552583
5639 552677
5640 552787
5641 552833
5642 553067
5643 553171
5644 553207
5645 553249
5646 553481
5647 553517
5648 553573
5649 553649
5650 553667
5651 553733
5652 553757
5653 553867
5654 553933
5655 554237
5656 554419
5657 554431
5658 554611
5659 554677
5660 554747
5661 554891
5662 554893
5663 554923
5664 554927
5665 555083
5666 555391
5667 555461
5668 555487
5669 555557
5670 556103
5671 556253
5672 556279
5673 556321
5674 556613
5675 556651
5676 556691
5677 556693
5678 556709
5679 556741
5680 556817
5681 556987
5682 557021
5683 557269
5684 557281
5685 557339
5686 557423
5687 557449
5688 557461
5689 557519
5690 557731
5691 557803
5692 558431
5693 558457
5694 558499
5695 558529
5696 558703
5697 558787
5698 558893
5699 559049
5700 559067
5701 559177
5702 559513
5703 559649
5704 559739
5705 559807
5706 559991
5707 560023
5708 560089
5709 560117
5710 560137
5711 560171
5712 560179
5713 560191
5714 560207
5715 560221
5716 560227
5717 560531
5718 560621
5719 560669
5720 560771
5721 560863
5722 561161
5723 561347
5724 561761
5725 562313
5726 562579
5727 562607
5728 562663
5729 562669
5730 562753
5731 563099
5732 563419
5733 563561
5734 563837
5735 564041
5736 564197
5737 564229
5738 564269
5739 564359
5740 564373
5741 564391
5742 564409
5743 564463
5744 564643
5745 564667
5746 564793
5747 564959
5748 565163
5749 565361
5750 565549
5751 566173
5752 566179
5753 566911
5754 566939
5755 567011
5756 567031
5757 567101
5758 567121
5759 567181
5760 567367
5761 567493
5762 567569
5763 567631
5764 567761
5765 567899
5766 568151
5767 568609
5768 568669
5769 568751
5770 569053
5771 569077
5772 569161
5773 569237
5774 570013
5775 570071
5776 570079
5777 570091
5778 570109
5779 570161
5780 570233
5781 570389
5782 570497
5783 570527
5784 570569
5785 570671
5786 570853
5787 570967
5788 571199
5789 571399
5790 571751
5791 571777
5792 571841
5793 571939
5794 572059
5795 572161
5796 572303
5797 572329
5798 572387
5799 572471
5800 572491
5801 572549
5802 572567
5803 572581
5804 572633
5805 572909
5806 572941
5807 572969
5808 573263
5809 573317
5810 573409
5811 573481
5812 573647
5813 573757
5814 573829
5815 574031
5816 574169
5817 574631
5818 574907
5819 574969
5820 575027
5821 575087
5822 575131
5823 575551
5824 575557
5825 575591
5826 575623
5827 575821
5828 576439
5829 576523
5830 576581
5831 576617
5832 576637
5833 576671
5834 576701
5835 576703
5836 576721
5837 576749
5838 576899
5839 576943
5840 576967
5841 577007
5842 577043
5843 577151
5844 577483
5845 577531
5846 577601
5847 577919
5848 577939
5849 578419
5850 578497
5851 578563
5852 578701
5853 578819
5854 578923
5855 579199
5856 579641
5857 579829
5858 580607
5859 580663
5860 580711
5861 580733
5862 580759
5863 580843
5864 580889
5865 580913
5866 581149
5867 581237
5868 581303
5869 581459
5870 581857
5871 581909
5872 581921
5873 581947
5874 581981
5875 581983
5876 582139
5877 582203
5878 582391
5879 582601
5880 582623
5881 582689
5882 582937
5883 582973
5884 583127
5885 583181
5886 583273
5887 583459
5888 583501
5889 583619
5890 583631
5891 584027
5892 584249
5893 584359
5894 584377
5895 584531
5896 584593
5897 584627
5898 584863
5899 584917
5900 584993
5901 584999
5902 585341
5903 585547
5904 585619
5905 585721
5906 585839
5907 585877
5908 586009
5909 586087
5910 586403
5911 586429
5912 586571
5913 586601
5914 586603
5915 586939
5916 587101
5917 587123
5918 587381
5919 587413
5920 587459
5921 587693
5922 587749
5923 587789
5924 587947
5925 588199
5926 588359
5927 588397
5928 588641
5929 588733
5930 588773
5931 588937
5932 588977
5933 589181
5934 589213
5935 589349
5936 589493
5937 589859
5938 589877
5939 590099
5940 590363
5941 590567
5942 590813
5943 590929
5944 591137
5945 591287
5946 591421
5947 591443
5948 591553
5949 591601
5950 591623
5951 591751
5952 591757
5953 591847
5954 592073
5955 592099
5956 592129
5957 592309
5958 592321
5959 592343
5960 592561
5961 592693
5962 592727
5963 592903
5964 593083
5965 593179
5966 593207
5967 593353
5968 593447
5969 593513
5970 593539
5971 593603
5972 594091
5973 594271
5974 594367
5975 594523
5976 594721
5977 595043
5978 595229
5979 595313
5980 595319
5981 595339
5982 595351
5983 595481
5984 595843
5985 596053
5986 596059
5987 596147
5988 596231
5989 596251
5990 596257
5991 596279
5992 596341
5993 596707
5994 596749
5995 596831
5996 596839
5997 596987
5998 597137
5999 597269
6000 597539
6001 597559
6002 597599
6003 597643
6004 598051
6005 598093
6006 598123
6007 598127
6008 598189
6009 598387
6010 598691
6011 598853
6012 598891
6013 598963
6014 598981
6015 599117
6016 599353
6017 599359
6018 599591
6019 599623
6020 599663
6021 599681
6022 599719
6023 599759
6024 599939
6025 600101
6026 600217
6027 600233
6028 600433
6029 600857
6030 600947
6031 600961
6032 601021
6033 601247
6034 601319
6035 601357
6036 601397
6037 601423
6038 601669
6039 601751
6040 602033
6041 602257
6042 602839
6043 602983
6044 603133
6045 603203
6046 603791
6047 603793
6048 603881
6049 603919
6050 604237
6051 604291
6052 604369
6053 604411
6054 604697
6055 604699
6056 604727
6057 604787
6058 605023
6059 605221
6060 605531
6061 605551
6062 605573
6063 605597
6064 605687
6065 605809
6066 605861
6067 605887
6068 606017
6069 606037
6070 606091
6071 606413
6072 606493
6073 606581
6074 606721
6075 606811
6076 606943
6077 606967
6078 607043
6079 607067
6080 607337
6081 607669
6082 607861
6083 607933
6084 608099
6085 608273
6086 608369
6087 608383
6088 608389
6089 608411
6090 608471
6091 608581
6092 608611
6093 608633
6094 608659
6095 608819
6096 608831
6097 609173
6098 609199
6099 609221
6100 609227
6101 609359
6102 609421
6103 609461
6104 609571
6105 609751
6106 610409
6107 610447
6108 610661
6109 610681
6110 610801
6111 610823
6112 610849
6113 610913
6114 611101
6115 611257
6116 611297
6117 611419
6118 611671
6119 611707
6120 611927
6121 612023
6122 612049
6123 612133
6124 612173
6125 612319
6126 612737
6127 612791
6128 612889
6129 612977
6130 613213
6131 613231
6132 613451
6133 613471
6134 613549
6135 613651
6136 613673
6137 613699
6138 613741
6139 613967
6140 614113
6141 614267
6142 614717
6143 614849
6144 614881
6145 615031
6146 615233
6147 615493
6148 615677
6149 615721
6150 615767
6151 616117
6152 616207
6153 616223
6154 616289
6155 616463
6156 616481
6157 616489
6158 616519
6159 616643
6160 616669
6161 616757
6162 616843
6163 616933
6164 616999
6165 617011
6166 617059
6167 617107
6168 617341
6169 617369
6170 617453
6171 617509
6172 617651
6173 617657
6174 617767
6175 617879
6176 618173
6177 618227
6178 618229
6179 618269
6180 618559
6181 618643
6182 618841
6183 618913
6184 618979
6185 619079
6186 619181
6187 619253
6188 619277
6189 619279
6190 619363
6191 619477
6192 619561
6193 619813
6194 620239
6195 620303
6196 620329
6197 620363
6198 620413
6199 620671
6200 620929
6201 620981
6202 621043
6203 621223
6204 621289
6205 621317
6206 621337
6207 621799
6208 622051
6209 622109
6210 622129
6211 622493
6212 622549
6213 622637
6214 623003
6215 623041
6216 623261
6217 623281
6218 623401
6219 623537
6220 623591
6221 623621
6222 623717
6223 623957
6224 624031
6225 624251
6226 624521
6227 624709
6228 624763
6229 624769
6230 625199
6231 625517
6232 625609
6233 625621
6234 625777
6235 625913
6236 626147
6237 626341
6238 626363
6239 626581
6240 626701
6241 626723
6242 626749
6243 626833
6244 626921
6245 626929
6246 627191
6247 627269
6248 627353
6249 627449
6250 627559
6251 627919
6252 628037
6253 628363
6254 628651
6255 629003
6256 629249
6257 629339
6258 629449
6259 629537
6260 629591
6261 629711
6262 629773
6263 629779
6264 629939
6265 629977
6266 630151
6267 630467
6268 630559
6269 630713
6270 630803
6271 630841
6272 631039
6273 631271
6274 631457
6275 631459
6276 631507
6277 631549
6278 631679
6279 631817
6280 631819
6281 632081
6282 632089
6283 632209
6284 632351
6285 632371
6286 632447
6287 632717
6288 632939
6289 633767
6290 634159
6291 634241
6292 634247
6293 634421
6294 634483
6295 634511
6296 634577
6297 634649
6298 634681
6299 634759
6300 634937
6301 635291
6302 635363
6303 635389
6304 635507
6305 635567
6306 635879
6307 635891
6308 635983
6309 636023
6310 636241
6311 636287
6312 636331
6313 636739
6314 636829
6315 636919
6316 637097
6317 637129
6318 637271
6319 637277
6320 637291
6321 637309
6322 637471
6323 637657
6324 637691
6325 637723
6326 637783
6327 638269
6328 638467
6329 638489
6330 638629
6331 638861
6332 638959
6333 638999
6334 639143
6335 639299
6336 639329
6337 639637
6338 639671
6339 639679
6340 639703
6341 639907
6342 640019
6343 640039
6344 640099
6345 640231
6346 640279
6347 640457
6348 640499
6349 640589
6350 640859
6351 640873
6352 640891
6353 640907
6354 641791
6355 641821
6356 641863
6357 641881
6358 642233
6359 642529
6360 642673
6361 642853
6362 642871
6363 642899
6364 643009
6365 643061
6366 643199
6367 643429
6368 643649
6369 643847
6370 643849
6371 643889
6372 643957
6373 644101
6374 644107
6375 644123
6376 644327
6377 644341
6378 644383
6379 644411
6380 644491
6381 644767
6382 644837
6383 644923
6384 645049
6385 645397
6386 645467
6387 645571
6388 645577
6389 645629
6390 645649
6391 645713
6392 646039
6393 646073
6394 646259
6395 646273
6396 646411
6397 646523
6398 646543
6399 646637
6400 646831
6401 646859
6402 646897
6403 647111
6404 647333
6405 647371
6406 647489
6407 647531
6408 647551
6409 647579
6410 647593
6411 647609
6412 647627
6413 647719
6414 647861
6415 647917
6416 647953
6417 648019
6418 648073
6419 648107
6420 648257
6421 648259
6422 648343
6423 648617
6424 648619
6425 649469
6426 649717
6427 649739
6428 649751
6429 649799
6430 649801
6431 649829
6432 649843
6433 649867
6434 650261
6435 650359
6436 650449
6437 650537
6438 650669
6439 650779
6440 650911
6441 651251
6442 651271
6443 651697
6444 651769
6445 651853
6446 651943
6447 652207
6448 652241
6449 652261
6450 652559
6451 652573
6452 652577
6453 652601
6454 652667
6455 652733
6456 652931
6457 652937
6458 652957
6459 653057
6460 653473
6461 653491
6462 653659
6463 653761
6464 653893
6465 653903
6466 653929
6467 653941
6468 654229
6469 654371
6470 654539
6471 654601
6472 654779
6473 654799
6474 655013
6475 655273
6476 655439
6477 655547
6478 655693
6479 655901
6480 655909
6481 655927
6482 656119
6483 656263
6484 656311
6485 656737
6486 656917
6487 656939
6488 656977
6489 657079
6490 657257
6491 657413
6492 657439
6493 657491
6494 657499
6495 657583
6496 657617
6497 657893
6498 658043
6499 658247
6500 658319
6501 658351
6502 658379
6503 658573
6504 658607
6505 658751
6506 658807
6507 658841
6508 658979
6509 659251
6510 659279
6511 659419
6512 659563
6513 659569
6514 659611
6515 659831
6516 659963
6517 660013
6518 660053
6519 660103
6520 660251
6521 660349
6522 660493
6523 660529
6524 660563
6525 660617
6526 660811
6527 660901
6528 660923
6529 660949
6530 661027
6531 661117
6532 661201
6533 661393
6534 661823
6535 661849
6536 662149
6537 662231
6538 662327
6539 662369
6540 662639
6541 662657
6542 662743
6543 662899
6544 663241
6545 663269
6546 663409
6547 663539
6548 663557
6549 663571
6550 663869
6551 663959
6552 663979
6553 664091
6554 664099
6555 664121
6556 664369
6557 664529
6558 664549
6559 664561
6560 664633
6561 665089
6562 665111
6563 665131
6564 665153
6565 665179
6566 665201
6567 665207
6568 665267
6569 665447
6570 665557
6571 665603
6572 665993
6573 666091
6574 666433
6575 666493
6576 666527
6577 666637
6578 666697
6579 666901
6580 666983
6581 667333
6582 667351
6583 667379
6584 667519
6585 667531
6586 667649
6587 667687
6588 667801
6589 667829
6590 667883
6591 667991
6592 668509
6593 669023
6594 669089
6595 669289
6596 669379
6597 669649
6598 669667
6599 669689
6600 669847
6601 669863
6602 669869
6603 669887
6604 669913
6605 670199
6606 670517
6607 670777
6608 670823
6609 670919
6610 671017
6611 671059
6612 671141
6613 671303
6614 671369
6615 671417
6616 671581
6617 671921
6618 671941
6619 671947
6620 672131
6621 672283
6622 672289
6623 672641
6624 672779
6625 673091
6626 673093
6627 673129
6628 673271
6629 673349
6630 673613
6631 673637
6632 673747
6633 673811
6634 674449
6635 674683
6636 674717
6637 674731
6638 674953
6639 675071
6640 675079
6641 675097
6642 675161
6643 675187
6644 675239
6645 675271
6646 675541
6647 675569
6648 675839
6649 676009
6650 676043
6651 676069
6652 676339
6653 676717
6654 677077
6655 677213
6656 677587
6657 677983
6658 678157
6659 678179
6660 678203
6661 678289
6662 678593
6663 678607
6664 678719
6665 678731
6666 678739
6667 678779
6668 679169
6669 679279
6670 679369
6671 679417
6672 679709
6673 679961
6674 680107
6675 680237
6676 680293
6677 680321
6678 680327
6679 680411
6680 680417
6681 680431
6682 680611
6683 680749
6684 680831
6685 680879
6686 681041
6687 681229
6688 681449
6689 681487
6690 681557
6691 681689
6692 681809
6693 681997
6694 682037
6695 682219
6696 682259
6697 682307
6698 682439
6699 682699
6700 682723
6701 682729
6702 683021
6703 683087
6704 683351
6705 683447
6706 683461
6707 683681
6708 683731
6709 683911
6710 684091
6711 684163
6712 684347
6713 684419
6714 684493
6715 684527
6716 684547
6717 684769
6718 684949
6719 685081
6720 685337
6721 685393
6722 685427
6723 685511
6724 685513
6725 685621
6726 685973
6727 685991
6728 686057
6729 686417
6730 686479
6731 686611
6732 686969
6733 687151
6734 687331
6735 687359
6736 687397
6737 687403
6738 687517
6739 687683
6740 687779
6741 687809
6742 688217
6743 688657
6744 688697
6745 689081
6746 689113
6747 689393
6748 689597
6749 689827
6750 689917
6751 690407
6752 690511
6753 690629
6754 690661
6755 690841
6756 690889
6757 690919
6758 690997
6759 691037
6760 691079
6761 691309
6762 691349
6763 691381
6764 691693
6765 691727
6766 691729
6767 691813
6768 691837
6769 691871
6770 691903
6771 691921
6772 692063
6773 692249
6774 692281
6775 692371
6776 692401
6777 692441
6778 692513
6779 692621
6780 692689
6781 693493
6782 693503
6783 693569
6784 693659
6785 693701
6786 693989
6787 694061
6788 694201
6789 694313
6790 694333
6791 694339
6792 694357
6793 694481
6794 694513
6795 694559
6796 694829
6797 694919
6798 694957
6799 695293
6800 695369
6801 695561
6802 695743
6803 695839
6804 696281
6805 696317
6806 696719
6807 696793
6808 697093
6809 697271
6810 697691
6811 697693
6812 697787
6813 698249
6814 698261
6815 698263
6816 698311
6817 698483
6818 698669
6819 698939
6820 699253
6821 699299
6822 699961
6823 700067
6824 700087
6825 700201
6826 700223
6827 700319
6828 700339
6829 700571
6830 700681
6831 700849
6832 700937
6833 701033
6834 701257
6835 701341
6836 701453
6837 701479
6838 701507
6839 701509
6840 701527
6841 701611
6842 701699
6843 701741
6844 701761
6845 701837
6846 702113
6847 702173
6848 702313
6849 702379
6850 702391
6851 702469
6852 702517
6853 702827
6854 703123
6855 703309
6856 703327
6857 703499
6858 703673
6859 703679
6860 703699
6861 703763
6862 703949
6863 703981
6864 704003
6865 704009
6866 704281
6867 704393
6868 704441
6869 704449
6870 704687
6871 704719
6872 704771
6873 704807
6874 705053
6875 705161
6876 705169
6877 705389
6878 705493
6879 705499
6880 705787
6881 705871
6882 705899
6883 705967
6884 706003
6885 706157
6886 706207
6887 706283
6888 706481
6889 706597
6890 706669
6891 707011
6892 707099
6893 707293
6894 707321
6895 707677
6896 707767
6897 707789
6898 707831
6899 707923
6900 707969
6901 707983
6902 708041
6903 708137
6904 708283
6905 708559
6906 708641
6907 708959
6908 709211
6909 709349
6910 709381
6911 709561
6912 709651
6913 709703
6914 709741
6915 709901
6916 710273
6917 710299
6918 710491
6919 710503
6920 710837
6921 710839
6922 710851
6923 710987
6924 710989
6925 711517
6926 711731
6927 711889
6928 712051
6929 712303
6930 712499
6931 712631
6932 712781
6933 712819
6934 713171
6935 713261
6936 713627
6937 713807
6938 713863
6939 714143
6940 714257
6941 714341
6942 714349
6943 714529
6944 714569
6945 714691
6946 714781
6947 714853
6948 714943
6949 715151
6950 715171
6951 715223
6952 715489
6953 715579
6954 715621
6955 715777
6956 715801
6957 715823
6958 715889
6959 716123
6960 716383
6961 716453
6962 716459
6963 716549
6964 716563
6965 716633
6966 716659
6967 716789
6968 717113
6969 717289
6970 717463
6971 717511
6972 717533
6973 717559
6974 717719
6975 717883
6976 718093
6977 718321
6978 718349
6979 718411
6980 718547
6981 718633
6982 718657
6983 718691
6984 718813
6985 718897
6986 719041
6987 719153
6988 719351
6989 719599
6990 719681
6991 719683
6992 719717
6993 720007
6994 720173
6995 720241
6996 720281
6997 720661
6998 720829
6999 720869
7000 720971
7001 721037
7002 721057
7003 721109
7004 721213
7005 721321
7006 721859
7007 722027
7008 722047
7009 722153
7010 722333
7011 722489
7012 722537
7013 722599
7014 722791
7015 722807
7016 722849
7017 723103
7018 723161
7019 723167
7020 723259
7021 723271
7022 723293
7023 723439
7024 723451
7025 723563
7026 723589
7027 723859
7028 723901
7029 723923
7030 723967
7031 724487
7032 724519
7033 724531
7034 724573
7035 724597
7036 724601
7037 724621
7038 724751
7039 724847
7040 725293
7041 725303
7042 725321
7043 725639
7044 725723
7045 725789
7046 725981
7047 726023
7048 726137
7049 726379
7050 726391
7051 726487
7052 726533
7053 726601
7054 726647
7055 726751
7056 726809
7057 727169
7058 727183
7059 727271
7060 727343
7061 727471
7062 727561
7063 727703
7064 727729
7065 727747
7066 728269
7067 728489
7068 728551
7069 728627
7070 728647
7071 728681
7072 728809
7073 729493
7074 729527
7075 729569
7076 729637
7077 729679
7078 729749
7079 729907
7080 729943
7081 730033
7082 730091
7083 730217
7084 730459
7085 730637
7086 730727
7087 730783
7088 730789
7089 730853
7090 730879
7091 730943
7092 731041
7093 731483
7094 731539
7095 731603
7096 731683
7097 731881
7098 731911
7099 732169
7100 732217
7101 732257
7102 732271
7103 732299
7104 732439
7105 732493
7106 732521
7107 732631
7108 732877
7109 732943
7110 733111
7111 733289
7112 733331
7113 733351
7114 733373
7115 733399
7116 733559
7117 733591
7118 733823
7119 733841
7120 733847
7121 733849
7122 733939
7123 734189
7124 734389
7125 734411
7126 734471
7127 734659
7128 734743
7129 734837
7130 735061
7131 735083
7132 735283
7133 735311
7134 735359
7135 735391
7136 735421
7137 735719
7138 735919
7139 735997
7140 736037
7141 736093
7142 736361
7143 736367
7144 736369
7145 736381
7146 736657
7147 736679
7148 736871
7149 736927
7150 736961
7151 737083
7152 737111
7153 737119
7154 737263
7155 737281
7156 737629
7157 737683
7158 737719
7159 737809
7160 737887
7161 737999
7162 738349
7163 738499
7164 738547
7165 738811
7166 738839
7167 738877
7168 739061
7169 739069
7170 739087
7171 739171
7172 739337
7173 739351
7174 739399
7175 739469
7176 739603
7177 739621
7178 739759
7179 740171
7180 740351
7181 740359
7182 740461
7183 740513
7184 741121
7185 741233
7186 741347
7187 741541
7188 741677
7189 741781
7190 741833
7191 741941
7192 742009
7193 742111
7194 742193
7195 742559
7196 742591
7197 742757
7198 742993
7199 743123
7200 743251
7201 743657
7202 743747
7203 743819
7204 743891
7205 743921
7206 744371
7207 744377
7208 744397
7209 744599
7210 744791
7211 744917
7212 745013
7213 745273
7214 745343
7215 745567
7216 745709
7217 745903
7218 746069
7219 746171
7220 746177
7221 746197
7222 746533
7223 746773
7224 746807
7225 747521
7226 747529
7227 747811
7228 748249
7229 748481
7230 748513
7231 748597
7232 748777
7233 748801
7234 748849
7235 748883
7236 748889
7237 748973
7238 749143
7239 749149
7240 749299
7241 749323
7242 749701
7243 749741
7244 750037
7245 750121
7246 750653
7247 750679
7248 750691
7249 750769
7250 750929
7251 751007
7252 751379
7253 751579
7254 751609
7255 751643
7256 751841
7257 751867
7258 752033
7259 752149
7260 752251
7261 752273
7262 752569
7263 752833
7264 752903
7265 753197
7266 753229
7267 753409
7268 753647
7269 753719
7270 753799
7271 753821
7272 753931
7273 754073
7274 754093
7275 754099
7276 754181
7277 754183
7278 754367
7279 754549
7280 754723
7281 754903
7282 754907
7283 754969
7284 755081
7285 755311
7286 755371
7287 755399
7288 755449
7289 755593
7290 755737
7291 756097
7292 756167
7293 756253
7294 756853
7295 757243
7296 757403
7297 757481
7298 757661
7299 757997
7300 758071
7301 758099
7302 758189
7303 758237
7304 758299
7305 758699
7306 758707
7307 758729
7308 758929
7309 758963
7310 759229
7311 759359
7312 759559
7313 759641
7314 759719
7315 759757
7316 760043
7317 760241
7318 760289
7319 760511
7320 760531
7321 760553
7322 760843
7323 760913
7324 760933
7325 761161
7326 761363
7327 761381
7328 761417
7329 761521
7330 761611
7331 761833
7332 761983
7333 762001
7334 762227
7335 762371
7336 762373
7337 762539
7338 762571
7339 762791
7340 762821
7341 763039
7342 763349
7343 763369
7344 763381
7345 763523
7346 763549
7347 763699
7348 763859
7349 763897
7350 763901
7351 764021
7352 764111
7353 764591
7354 764593
7355 764683
7356 764849
7357 764993
7358 764999
7359 765059
7360 765097
7361 765109
7362 765143
7363 765169
7364 765181
7365 765581
7366 765673
7367 765859
7368 765893
7369 765983
7370 766177
7371 766229
7372 766333
7373 766399
7374 766531
7375 766867
7376 767279
7377 767521
7378 767549
7379 767831
7380 768133
7381 768319
7382 768773
7383 769039
7384 769057
7385 769091
7386 769123
7387 769169
7388 769231
7389 769259
7390 769453
7391 769543
7392 769961
7393 770741
7394 770761
7395 770767
7396 770813
7397 770839
7398 770981
7399 771047
7400 771269
7401 771481
7402 771937
7403 771971
7404 772181
7405 772279
7406 772349
7407 772451
7408 772459
7409 772631
7410 772657
7411 772921
7412 772949
7413 772987
7414 773029
7415 773533
7416 773537
7417 773681
7418 773803
7419 773821
7420 773863
7421 773869
7422 773953
7423 774107
7424 774149
7425 774491
7426 774523
7427 774589
7428 774671
7429 774901
7430 775063
7431 775087
7432 775157
7433 775241
7434 775601
7435 775627
7436 775711
7437 775739
7438 775889
7439 776099
7440 776389
7441 776651
7442 776947
7443 776969
7444 776987
7445 777137
7446 777209
7447 777221
7448 777241
7449 777317
7450 777551
7451 777643
7452 777863
7453 778051
7454 778091
7455 778213
7456 778363
7457 778507
7458 778529
7459 778633
7460 778693
7461 778873
7462 778963
7463 779111
7464 779131
7465 779221
7466 779531
7467 779939
7468 779993
7469 780041
7470 780179
7471 780371
7472 780401
7473 780649
7474 780809
7475 780823
7476 780841
7477 780971
7478 780973
7479 781217
7480 781301
7481 781367
7482 781453
7483 781567
7484 781633
7485 781819
7486 781969
7487 782191
7488 782339
7489 782429
7490 782461
7491 782641
7492 782669
7493 783121
7494 783329
7495 783613
7496 783721
7497 783749
7498 784061
7499 784081
7500 784153
7501 784249
7502 784351
7503 784423
7504 784447
7505 784481
7506 784513
7507 784627
7508 784649
7509 784687
7510 784919
7511 785101
7512 785303
7513 785321
7514 785329
7515 785431
7516 785501
7517 785693
7518 785839
7519 785879
7520 785963
7521 786151
7522 786223
7523 786311
7524 786337
7525 786553
7526 786887
7527 787051
7528 787057
7529 787091
7530 787099
7531 787439
7532 787477
7533 787541
7534 787783
7535 788009
7536 788089
7537 788317
7538 788351
7539 788353
7540 788429
7541 788531
7542 788863
7543 788933
7544 789097
7545 789121
7546 789343
7547 789367
7548 789473
7549 789493
7550 789587
7551 789671
7552 789673
7553 789709
7554 789749
7555 789941
7556 790093
7557 790169
7558 790369
7559 790501
7560 790747
7561 790927
7562 790969
7563 791159
7564 791377
7565 791629
7566 791801
7567 791849
7568 791887
7569 791993
7570 792073
7571 792529
7572 792581
7573 792613
7574 792703
7575 792907
7576 792941
7577 793043
7578 793069
7579 793399
7580 793511
7581 793519
7582 793601
7583 793711
7584 793739
7585 793939
7586 793979
7587 794011
7588 794039
7589 794077
7590 794509
7591 794879
7592 794921
7593 794923
7594 795001
7595 795427
7596 795461
7597 795517
7598 795791
7599 795913
7600 796307
7601 796493
7602 796619
7603 796673
7604 796769
7605 796781
7606 796813
7607 796877
7608 796981
7609 797003
7610 797029
7611 797359
7612 797539
7613 797593
7614 797711
7615 797773
7616 797887
7617 797917
7618 797977
7619 798059
7620 798293
7621 798569
7622 798613
7623 798871
7624 798923
7625 799003
7626 799061
7627 799483
7628 799573
7629 799979
7630 800057
7631 800143
7632 800291
7633 800329
7634 800419
7635 800521
7636 800659
7637 800707
7638 800903
7639 801001
7640 801061
7641 801379
7642 801403
7643 801517
7644 801551
7645 801683
7646 801791
7647 802127
7648 802163
7649 802499
7650 802583
7651 802783
7652 802811
7653 803041
7654 803119
7655 803207
7656 803441
7657 803461
7658 804091
7659 804107
7660 804383
7661 804493
7662 804521
7663 804581
7664 804857
7665 804989
7666 805061
7667 805159
7668 805313
7669 805757
7670 805867
7671 805991
7672 806011
7673 806059
7674 806107
7675 806213
7676 806291
7677 806297
7678 806363
7679 806521
7680 806549
7681 806581
7682 806639
7683 806761
7684 806903
7685 807193
7686 807221
7687 807463
7688 807539
7689 807731
7690 807869
7691 808343
7692 808363
7693 808589
7694 808651
7695 808699
7696 808721
7697 808961
7698 809041
7699 809173
7700 809243
7701 809399
7702 809401
7703 809603
7704 809737
7705 809759
7706 809771
7707 809801
7708 809869
7709 810049
7710 810223
7711 810517
7712 810533
7713 810737
7714 810881
7715 811099
7716 811127
7717 811163
7718 811253
7719 811493
7720 811561
7721 811697
7722 811729
7723 811871
7724 811897
7725 812081
7726 812191
7727 812359
7728 812599
7729 812711
7730 813361
7731 813811
7732 814003
7733 814043
7734 814061
7735 814069
7736 814171
7737 814403
7738 814469
7739 814577
7740 814771
7741 814889
7742 815033
7743 815231
7744 815251
7745 815291
7746 815411
7747 815431
7748 815459
7749 815491
7750 815543
7751 815587
7752 815653
7753 815819
7754 815891
7755 816113
7756 816191
7757 816203
7758 816443
7759 816559
7760 816779
7761 816821
7762 816841
7763 816883
7764 817051
7765 817127
7766 817183
7767 817291
7768 817529
7769 817637
7770 817651
7771 817837
7772 818249
7773 818281
7774 818339
7775 818359
7776 818371
7777 818683
7778 818959
7779 818977
7780 819073
7781 819239
7782 819431
7783 819457
7784 819491
7785 819583
7786 819619
7787 819787
7788 819899
7789 819943
7790 820051
7791 820073
7792 820109
7793 820187
7794 820231
7795 820411
7796 820679
7797 820763
7798 820873
7799 820901
7800 820969
7801 821081
7802 821131
7803 821153
7804 821441
7805 821449
7806 821551
7807 821641
7808 821939
7809 821971
7810 821999
7811 822169
7812 822233
7813 822323
7814 822361
7815 822581
7816 822611
7817 822671
7818 822721
7819 822763
7820 822853
7821 823241
7822 823261
7823 823283
7824 823351
7825 823373
7826 823519
7827 823573
7828 823591
7829 823601
7830 823621
7831 824017
7832 824497
7833 824563
7834 824671
7835 824701
7836 824723
7837 824833
7838 824899
7839 824921
7840 824947
7841 824983
7842 825001
7843 825007
7844 825047
7845 825421
7846 825551
7847 825577
7848 825647
7849 825661
7850 825959
7851 825997
7852 826097
7853 826169
7854 826349
7855 826363
7856 826549
7857 826907
7858 826963
7859 827041
7860 827269
7861 827429
7862 827599
7863 827809
7864 828349
7865 828703
7866 828859
7867 829151
7868 829159
7869 829177
7870 829223
7871 829511
7872 829601
7873 829687
7874 830003
7875 830153
7876 830267
7877 830311
7878 830359
7879 830449
7880 830591
7881 830861
7882 830957
7883 831071
7884 831217
7885 831587
7886 831617
7887 831619
7888 831631
7889 831653
7890 831679
7891 831697
7892 832081
7893 832339
7894 832373
7895 832379
7896 832487
7897 832597
7898 832607
7899 832681
7900 832687
7901 832861
7902 832889
7903 833101
7904 833363
7905 833453
7906 833477
7907 833509
7908 833633
7909 833839
7910 833893
7911 834131
7912 834283
7913 834469
7914 834571
7915 834643
7916 834913
7917 835013
7918 835633
7919 835831
7920 835859
7921 835897
7922 836131
7923 836159
7924 836191
7925 836267
7926 836351
7927 836807
7928 836917
7929 837017
7930 837079
7931 837413
7932 837631
7933 837853
7934 838021
7935 838043
7936 838063
7937 838139
7938 838351
7939 838403
7940 838421
7941 838429
7942 838483
7943 838931
7944 838991
7945 839323
7946 839381
7947 839413
7948 839437
7949 839459
7950 839617
7951 839693
7952 839873
7953 840299
7954 840439
7955 840451
7956 840941
7957 841003
7958 841069
7959 841081
7960 841193
7961 841573
7962 841663
7963 841889
7964 842141
7965 842147
7966 842161
7967 842183
7968 842279
7969 842293
7970 842321
7971 842419
7972 842497
7973 842767
7974 842923
7975 843179
7976 843229
7977 843371
7978 843461
7979 844093
7980 844121
7981 844127
7982 844141
7983 844253
7984 844457
7985 844523
7986 844619
7987 845021
7988 845083
7989 845197
7990 845209
7991 845261
7992 845683
7993 845717
7994 845951
7995 846161
7996 846233
7997 846361
7998 846389
7999 846529
8000 846721
8001 846877
8002 846943
8003 847009
8004 847043
8005 847069
8006 847247
8007 847339
8008 847663
8009 847687
8010 847933
8011 848101
8012 848123
8013 848383
8014 848839
8015 848879
8016 848893
8017 849049
8018 849179
8019 849427
8020 849731
8021 849733
8022 849829
8023 849883
8024 849997
8025 850027
8026 850043
8027 850061
8028 850207
8029 850247
8030 850331
8031 850351
8032 850427
8033 850753
8034 850823
8035 850951
8036 850979
8037 851231
8038 851239
8039 851251
8040 851293
8041 851387
8042 851491
8043 851569
8044 851633
8045 851639
8046 851723
8047 851813
8048 852139
8049 852179
8050 852199
8051 852263
8052 852289
8053 852409
8054 852557
8055 852661
8056 852793
8057 852847
8058 852881
8059 852959
8060 853103
8061 853291
8062 853543
8063 853637
8064 854083
8065 854089
8066 854621
8067 854993
8068 855187
8069 855277
8070 855697
8071 855983
8072 856021
8073 856111
8074 856153
8075 856441
8076 856469
8077 856519
8078 856759
8079 857053
8080 857099
8081 857167
8082 857309
8083 857321
8084 857341
8085 857369
8086 857419
8087 857431
8088 857653
8089 857707
8090 857963
8091 858223
8092 858241
8093 858269
8094 858463
8095 858911
8096 859031
8097 859057
8098 859181
8099 859259
8100 859361
8101 859619
8102 859633
8103 859657
8104 859783
8105 859853
8106 860051
8107 860059
8108 860239
8109 860291
8110 860479
8111 860507
8112 860543
8113 860581
8114 860747
8115 860941
8116 861083
8117 861089
8118 861139
8119 861571
8120 861733
8121 861803
8122 862013
8123 862097
8124 862129
8125 862181
8126 862187
8127 862297
8128 862343
8129 862541
8130 862879
8131 862909
8132 863087
8133 863131
8134 863153
8135 863197
8136 863609
8137 863689
8138 863771
8139 863869
8140 864053
8141 864091
8142 864169
8143 864251
8144 864301
8145 864509
8146 864581
8147 864613
8148 864673
8149 865043
8150 865061
8151 865069
8152 865087
8153 865177
8154 865313
8155 865511
8156 865597
8157 865609
8158 865717
8159 865751
8160 865801
8161 865829
8162 865889
8163 866053
8164 866101
8165 866743
8166 866819
8167 866963
8168 867001
8169 867227
8170 867337
8171 867409
8172 867577
8173 867689
8174 867913
8175 868019
8176 868039
8177 868123
8178 868369
8179 868453
8180 868493
8181 868697
8182 869119
8183 869399
8184 869809
8185 869849
8186 869951
8187 870083
8188 870131
8189 870151
8190 870197
8191 870407
8192 870739
8193 870889
8194 870997
8195 871613
8196 872243
8197 872353
8198 872533
8199 872621
8200 872959
8201 872999
8202 873017
8203 873079
8204 873437
8205 873541
8206 873707
8207 874009
8208 874063
8209 874087
8210 874267
8211 874427
8212 874597
8213 874661
8214 874711
8215 874739
8216 874919
8217 875011
8218 875213
8219 875233
8220 875299
8221 875389
8222 875509
8223 875741
8224 875783
8225 875893
8226 875929
8227 875969
8228 875981
8229 875983
8230 876041
8231 876203
8232 876229
8233 876643
8234 876913
8235 877057
8236 877181
8237 877543
8238 877783
8239 877871
8240 877909
8241 878131
8242 878159
8243 878597
8244 878681
8245 878737
8246 878777
8247 878957
8248 879259
8249 879299
8250 879493
8251 879583
8252 879653
8253 879673
8254 879941
8255 879961
8256 880127
8257 880219
8258 880543
8259 880703
8260 880723
8261 880819
8262 880871
8263 880907
8264 880961
8265 881029
8266 881119
8267 881159
8268 881171
8269 881191
8270 881207
8271 881311
8272 881641
8273 881669
8274 881911
8275 881953
8276 882019
8277 882433
8278 882631
8279 882659
8280 882701
8281 882851
8282 883061
8283 883087
8284 883247
8285 883331
8286 883357
8287 883391
8288 883423
8289 883483
8290 883517
8291 883627
8292 883739
8293 883889
8294 883973
8295 883991
8296 884077
8297 884167
8298 884309
8299 884341
8300 884497
8301 884617
8302 884699
8303 885133
8304 885223
8305 885331
8306 885359
8307 885371
8308 885421
8309 885449
8310 885517
8311 885881
8312 885883
8313 885919
8314 885977
8315 885991
8316 886129
8317 886307
8318 886349
8319 886387
8320 886819
8321 887113
8322 887171
8323 887533
8324 887629
8325 887827
8326 887867
8327 888109
8328 888493
8329 888653
8330 888761
8331 888961
8332 888983
8333 888989
8334 889001
8335 889139
8336 889373
8337 889391
8338 889481
8339 889829
8340 889957
8341 890027
8342 890083
8343 890119
8344 890441
8345 890467
8346 890683
8347 890711
8348 890809
8349 890861
8350 890887
8351 891251
8352 891277
8353 891323
8354 891389
8355 891491
8356 891523
8357 891763
8358 891817
8359 891859
8360 891929
8361 892357
8362 892481
8363 892531
8364 892559
8365 892609
8366 892777
8367 893033
8368 893059
8369 893149
8370 893381
8371 893413
8372 893521
8373 893743
8374 893857
8375 894119
8376 894193
8377 894221
8378 894227
8379 894247
8380 894371
8381 894403
8382 894731
8383 895051
8384 895127
8385 895309
8386 895361
8387 895633
8388 895691
8389 895901
8390 896069
8391 896263
8392 896681
8393 896803
8394 897019
8395 897301
8396 897433
8397 897563
8398 897671
8399 897907
8400 898063
8401 898069
8402 898199
8403 898481
8404 898483
8405 899149
8406 899183
8407 899189
8408 899413
8409 899491
8410 899671
8411 899851
8412 899893
8413 900139
8414 900461
8415 900737
8416 900751
8417 900971
8418 901253
8419 901451
8420 901501
8421 901787
8422 901891
8423 901909
8424 902009
8425 902119
8426 902261
8427 902281
8428 902449
8429 902579
8430 902687
8431 902953
8432 903017
8433 903143
8434 903389
8435 903541
8436 903673
8437 903677
8438 903871
8439 904027
8440 904067
8441 904069
8442 904193
8443 904201
8444 904261
8445 904483
8446 904489
8447 904511
8448 904573
8449 904733
8450 904759
8451 904777
8452 904801
8453 904847
8454 904867
8455 905059
8456 905123
8457 905297
8458 905587
8459 905651
8460 905659
8461 905923
8462 906007
8463 906023
8464 906089
8465 906179
8466 906197
8467 906263
8468 906317
8469 906461
8470 906557
8471 906751
8472 906779
8473 906847
8474 907073
8475 907099
8476 907141
8477 907183
8478 907297
8479 907301
8480 907363
8481 907367
8482 907549
8483 907561
8484 907657
8485 907691
8486 907693
8487 907727
8488 908153
8489 908179
8490 908287
8491 908353
8492 908489
8493 908513
8494 908539
8495 908591
8496 908731
8497 908759
8498 908821
8499 908861
8500 908993
8501 909019
8502 909091
8503 909107
8504 909253
8505 909343
8506 909521
8507 909611
8508 909697
8509 909859
8510 909877
8511 910099
8512 910213
8513 910279
8514 910451
8515 910561
8516 910781
8517 911023
8518 911227
8519 911311
8520 911593
8521 911663
8522 911681
8523 911689
8524 912031
8525 912167
8526 912211
8527 912217
8528 912839
8529 913421
8530 913739
8531 913771
8532 914293
8533 914491
8534 914581
8535 914701
8536 914789
8537 914857
8538 915007
8539 915203
8540 915283
8541 915353
8542 915557
8543 915601
8544 915731
8545 915737
8546 915799
8547 915917
8548 916073
8549 916121
8550 916187
8551 916259
8552 916291
8553 916361
8554 916451
8555 916477
8556 916651
8557 916831
8558 916837
8559 916907
8560 917089
8561 917153
8562 917209
8563 917353
8564 917443
8565 917557
8566 917641
8567 917689
8568 917737
8569 917771
8570 917803
8571 917809
8572 917849
8573 917887
8574 918329
8575 918361
8576 918529
8577 918581
8578 918613
8579 918839
8580 918899
8581 918949
8582 918989
8583 919081
8584 919223
8585 919267
8586 919319
8587 919393
8588 919421
8589 919531
8590 919759
8591 919939
8592 920203
8593 920371
8594 920393
8595 920807
8596 920863
8597 920971
8598 921013
8599 921169
8600 921259
8601 921491
8602 921563
8603 921761
8604 921787
8605 921839
8606 921989
8607 922021
8608 922261
8609 922283
8610 922289
8611 922331
8612 922463
8613 922511
8614 922667
8615 923107
8616 923567
8617 923833
8618 923903
8619 923929
8620 924023
8621 924083
8622 924151
8623 924397
8624 924401
8625 924719
8626 924731
8627 924751
8628 924793
8629 924809
8630 925051
8631 925163
8632 925501
8633 925637
8634 925921
8635 925949
8636 925987
8637 926111
8638 926131
8639 926153
8640 926351
8641 926357
8642 926377
8643 926399
8644 926461
8645 926533
8646 926669
8647 927161
8648 927233
8649 927301
8650 927541
8651 927709
8652 928429
8653 928559
8654 928597
8655 928621
8656 928979
8657 929051
8658 929129
8659 929431
8660 929459
8661 929501
8662 929527
8663 929549
8664 929587
8665 929743
8666 929897
8667 931517
8668 931571
8669 931757
8670 931849
8671 931999
8672 932101
8673 932149
8674 932189
8675 932419
8676 932471
8677 932651
8678 932749
8679 932879
8680 932923
8681 932941
8682 933047
8683 933151
8684 933173
8685 933221
8686 933241
8687 933269
8688 933407
8689 933643
8690 934039
8691 934079
8692 934259
8693 934291
8694 934499
8695 934547
8696 934613
8697 934639
8698 934811
8699 934907
8700 934909
8701 935003
8702 935353
8703 935359
8704 935461
8705 935827
8706 936233
8707 936253
8708 936329
8709 936437
8710 936493
8711 936499
8712 936659
8713 936697
8714 936907
8715 936967
8716 937007
8717 937351
8718 937429
8719 937511
8720 937537
8721 937627
8722 937661
8723 938033
8724 938057
8725 938071
8726 938219
8727 938251
8728 938309
8729 938323
8730 938341
8731 938921
8732 938981
8733 939061
8734 939203
8735 939317
8736 940003
8737 940157
8738 940469
8739 940531
8740 940669
8741 940733
8742 940931
8743 940993
8744 941011
8745 941093
8746 941099
8747 941491
8748 941509
8749 941701
8750 941813
8751 941903
8752 941947
8753 941981
8754 942041
8755 942269
8756 942827
8757 942883
8758 943127
8759 943273
8760 943301
8761 943321
8762 943387
8763 943471
8764 943477
8765 943541
8766 943543
8767 943567
8768 943729
8769 943741
8770 943837
8771 943871
8772 943903
8773 944519
8774 944533
8775 944551
8776 944689
8777 944953
8778 945211
8779 945341
8780 945431
8781 945521
8782 945589
8783 945817
8784 945851
8785 945899
8786 945907
8787 945983
8788 946081
8789 946111
8790 946223
8791 946469
8792 946573
8793 946663
8794 946993
8795 947341
8796 947369
8797 947381
8798 947383
8799 947417
8800 947707
8801 947741
8802 947819
8803 947873
8804 948029
8805 948041
8806 948061
8807 948139
8808 948247
8809 948317
8810 948401
8811 948407
8812 948449
8813 948517
8814 948847
8815 949019
8816 949121
8817 949213
8818 949387
8819 949439
8820 949477
8821 949567
8822 949583
8823 949589
8824 949633
8825 949853
8826 949891
8827 949903
8828 950149
8829 950231
8830 950329
8831 950473
8832 950497
8833 950611
8834 950639
8835 950671
8836 950699
8837 950813
8838 950837
8839 950921
8840 950927
8841 951131
8842 951193
8843 951553
8844 951557
8845 951623
8846 951803
8847 951959
8848 951997
8849 952097
8850 952141
8851 952219
8852 952253
8853 952279
8854 952349
8855 952657
8856 952709
8857 952789
8858 953111
8859 953221
8860 953399
8861 953621
8862 953647
8863 954097
8864 954181
8865 954433
8866 955063
8867 955243
8868 955441
8869 955807
8870 955919
8871 956237
8872 956749
8873 956987
8874 957043
8875 957133
8876 957221
8877 957317
8878 957403
8879 957553
8880 957599
8881 957773
8882 957937
8883 957953
8884 957977
8885 958327
8886 958361
8887 958459
8888 958499
8889 958543
8890 958877
8891 958901
8892 959131
8893 959173
8894 959339
8895 959351
8896 959449
8897 959489
8898 959681
8899 959719
8900 959867
8901 960049
8902 960131
8903 960151
8904 960173
8905 960191
8906 960331
8907 960467
8908 960803
8909 960829
8910 961073
8911 961091
8912 961099
8913 961567
8914 961633
8915 961657
8916 961703
8917 961783
8918 961813
8919 962041
8920 962537
8921 962807
8922 962869
8923 962993
8924 963019
8925 963121
8926 963163
8927 963301
8928 963323
8929 963341
8930 963761
8931 963811
8932 963839
8933 963899
8934 964049
8935 964261
8936 964339
8937 964531
8938 964661
8939 964753
8940 964889
8941 964933
8942 965147
8943 965161
8944 965189
8945 965303
8946 965369
8947 965611
8948 965639
8949 965969
8950 966113
8951 966157
8952 966209
8953 966319
8954 966379
8955 966869
8956 966883
8957 967259
8958 967321
8959 967327
8960 967363
8961 967501
8962 967529
8963 967567
8964 967721
8965 967781
8966 967787
8967 967819
8968 967859
8969 967903
8970 967961
8971 968111
8972 968113
8973 968159
8974 968197
8975 968519
8976 968971
8977 969011
8978 969037
8979 969343
8980 969433
8981 969457
8982 969637
8983 969677
8984 969851
8985 969877
8986 970031
8987 970219
8988 970279
8989 970549
8990 970721
8991 970789
8992 970909
8993 970927
8994 970987
8995 971027
8996 971171
8997 971263
8998 971281
8999 971339
9000 971353
9001 971357
9002 971917
9003 971939
9004 971977
9005 972079
9006 972091
9007 972581
9008 972611
9009 972787
9010 972899
9011 972943
9012 973067
9013 973151
9014 973919
9015 974147
9016 974161
9017 974279
9018 974383
9019 974411
9020 974431
9021 974459
9022 974473
9023 974497
9024 974507
9025 974879
9026 974923
9027 975049
9028 975281
9029 975463
9030 975599
9031 975823
9032 976013
9033 976093
9034 976271
9035 976411
9036 976439
9037 977021
9038 977069
9039 977209
9040 977591
9041 977681
9042 977791
9043 977971
9044 978011
9045 978017
9046 978037
9047 978239
9048 978349
9049 978473
9050 978611
9051 978697
9052 978839
9053 978907
9054 979061
9055 979201
9056 979379
9057 979423
9058 979481
9059 979717
9060 980081
9061 980401
9062 980423
9063 980557
9064 980689
9065 980801
9066 980803
9067 981187
9068 981419
9069 981439
9070 981493
9071 981703
9072 981769
9073 981983
9074 982061
9075 982067
9076 982571
9077 982801
9078 982829
9079 983123
9080 983233
9081 983329
9082 983659
9083 984359
9084 984397
9085 984427
9086 984667
9087 984689
9088 984913
9089 984959
9090 985181
9091 985219
9092 985307
9093 985417
9094 985451
9095 985493
9096 985639
9097 985679
9098 985781
9099 985877
9100 985903
9101 986207
9102 986533
9103 986593
9104 986597
9105 986719
9106 987101
9107 987587
9108 987941
9109 988061
9110 988069
9111 988199
9112 988319
9113 988643
9114 988649
9115 988861
9116 988979
9117 989059
9118 989239
9119 989279
9120 989309
9121 989321
9122 989381
9123 989743
9124 989783
9125 989831
9126 989873
9127 989921
9128 990259
9129 990323
9130 990329
9131 990349
9132 990361
9133 990503
9134 990673
9135 991009
9136 991043
9137 991063
9138 991201
9139 991229
9140 991579
9141 991717
9142 991777
9143 991973
9144 991979
9145 992417
9146 992521
9147 992819
9148 992963
9149 993137
9150 993241
9151 993397
9152 993779
9153 993869
9154 994013
9155 994039
9156 994237
9157 994271
9158 994297
9159 994307
9160 994583
9161 994769
9162 994901
9163 995023
9164 995339
9165 995399
9166 995573
9167 995669
9168 995713
9169 995801
9170 995957
9171 996109
9172 996169
9173 996301
9174 996329
9175 996367
9176 996563
9177 996763
9178 996967
9179 997069
9180 997267
9181 997319
9182 997609
9183 997649
9184 997739
9185 997933
9186 997973
9187 998077
9188 998273
9189 998381
9190 998411
9191 998651
9192 998897
9193 998983
9194 999029
9195 999287
9196 999683
9197 999809
9198 999863
9199 999917
9200 1000151
9201 1000393
9202 1000409
9203 1000669
9204 1000829
9205 1000999
9206 1001017
9207 1001093
9208 1001303
9209 1001369
9210 1001389
9211 1001549
9212 1001639
9213 1001989
9214 1002227
9215 1002247
9216 1002467
9217 1002553
9218 1002719
9219 1002751
9220 1002887
9221 1002913
9222 1003103
9223 1003259
9224 1003291
9225 1003349
9226 1003381
9227 1003417
9228 1003741
9229 1003819
9230 1003879
9231 1003909
9232 1003943
9233 1004063
9234 1004429
9235 1004461
9236 1004551
9237 1005079
9238 1005187
9239 1005293
9240 1005349
9241 1005413
9242 1005437
9243 1005617
9244 1005989
9245 1006007
9246 1006133
9247 1006153
9248 1006339
9249 1006351
9250 1006531
9251 1006861
9252 1007059
9253 1007381
9254 1007527
9255 1007693
9256 1008209
9257 1008223
9258 1008331
9259 1008353
9260 1008379
9261 1008421
9262 1008467
9263 1008829
9264 1009237
9265 1009303
9266 1009417
9267 1009457
9268 1009499
9269 1009781
9270 1009787
9271 1009873
9272 1009909
9273 1009963
9274 1010129
9275 1010411
9276 1010501
9277 1010671
9278 1010747
9279 1010749
9280 1010903
9281 1010981
9282 1011221
9283 1011377
9284 1011391
9285 1011539
9286 1011649
9287 1011733
9288 1011799
9289 1011889
9290 1011917
9291 1011979
9292 1012259
9293 1012307
9294 1012411
9295 1012433
9296 1012507
9297 1012637
9298 1012657
9299 1012703
9300 1012903
9301 1012967
9302 1012981
9303 1013263
9304 1013377
9305 1013609
9306 1013687
9307 1013713
9308 1013791
9309 1014121
9310 1014743
9311 1015043
9312 1015081
9313 1015139
9314 1015481
9315 1015823
9316 1016053
9317 1016123
9318 1016143
9319 1016341
9320 1016419
9321 1016569
9322 1016749
9323 1016921
9324 1017061
9325 1017119
9326 1017157
9327 1017173
9328 1017199
9329 1017371
9330 1017647
9331 1017889
9332 1018097
9333 1018271
9334 1018291
9335 1018651
9336 1018679
9337 1018697
9338 1018763
9339 1018949
9340 1018967
9341 1019261
9342 1019423
9343 1019537
9344 1020223
9345 1020337
9346 1020379
9347 1020667
9348 1020757
9349 1020797
9350 1020823
9351 1020827
9352 1021073
9353 1021183
9354 1021367
9355 1021561
9356 1021879
9357 1022113
9358 1022179
9359 1022201
9360 1022429
9361 1022591
9362 1022821
9363 1023079
9364 1023257
9365 1023277
9366 1023301
9367 1023367
9368 1023541
9369 1023851
9370 1023947
9371 1023949
9372 1024021
9373 1024313
9374 1024319
9375 1024337
9376 1024357
9377 1024391
9378 1024399
9379 1024669
9380 1024757
9381 1024823
9382 1024883
9383 1024931
9384 1024997
9385 1025093
9386 1025239
9387 1025257
9388 1025327
9389 1025477
9390 1025891
9391 1025897
9392 1025929
9393 1026119
9394 1026199
9395 1026229
9396 1026371
9397 1026391
9398 1026407
9399 1026427
9400 1026799
9401 1026917
9402 1027051
9403 1027459
9404 1027471
9405 1027493
9406 1027727
9407 1027969
9408 1028003
9409 1028029
9410 1028081
9411 1028089
9412 1028113
9413 1028191
9414 1028243
9415 1028777
9416 1028809
9417 1028953
9418 1028999
9419 1029341
9420 1029361
9421 1029383
9422 1029473
9423 1029499
9424 1029569
9425 1029617
9426 1029697
9427 1029989
9428 1030019
9429 1030031
9430 1030291
9431 1030349
9432 1030619
9433 1030723
9434 1030831
9435 1031461
9436 1031533
9437 1031609
9438 1031809
9439 1032211
9440 1032329
9441 1032491
9442 1032833
9443 1033063
9444 1033441
9445 1033489
9446 1033517
9447 1033537
9448 1033667
9449 1033807
9450 1034147
9451 1034219
9452 1034233
9453 1034323
9454 1034477
9455 1034491
9456 1034617
9457 1034707
9458 1034783
9459 1034837
9460 1035061
9461 1035191
9462 1035241
9463 1035427
9464 1035599
9465 1035973
9466 1036073
9467 1036109
9468 1036163
9469 1036213
9470 1036271
9471 1036307
9472 1036327
9473 1036471
9474 1036499
9475 1036729
9476 1036831
9477 1036921
9478 1037317
9479 1037537
9480 1037627
9481 1037759
9482 1037791
9483 1038019
9484 1038211
9485 1038307
9486 1038383
9487 1038497
9488 1038503
9489 1038563
9490 1038589
9491 1038617
9492 1038811
9493 1039021
9494 1039111
9495 1039289
9496 1039517
9497 1039799
9498 1040021
9499 1040069
9500 1040153
9501 1040371
9502 1040483
9503 1040629
9504 1040731
9505 1040777
9506 1040779
9507 1040807
9508 1040861
9509 1041149
9510 1041253
9511 1041329
9512 1041563
9513 1041653
9514 1041893
9515 1041961
9516 1042087
9517 1042243
9518 1042399
9519 1042609
9520 1042681
9521 1043291
9522 1043617
9523 1043657
9524 1043723
9525 1043747
9526 1043873
9527 1043897
9528 1044133
9529 1044139
9530 1044227
9531 1044371
9532 1044559
9533 1044739
9534 1044779
9535 1044971
9536 1045013
9537 1045129
9538 1045367
9539 1045411
9540 1045507
9541 1045523
9542 1045547
9543 1046029
9544 1046047
9545 1046179
9546 1046351
9547 1046371
9548 1046807
9549 1046933
9550 1046951
9551 1046959
9552 1047107
9553 1047479
9554 1047499
9555 1047701
9556 1047833
9557 1047929
9558 1047961
9559 1047989
9560 1048007
9561 1048027
9562 1048043
9563 1048193
9564 1048573
9565 1048681
9566 1048759
9567 1048799
9568 1048991
9569 1049101
9570 1049471
9571 1049509
9572 1049569
9573 1049833
9574 1049857
9575 1050031
9576 1050169
9577 1050307
9578 1050323
9579 1050437
9580 1050949
9581 1051157
9582 1051397
9583 1051571
9584 1051643
9585 1052299
9586 1052309
9587 1052417
9588 1052437
9589 1052693
9590 1052851
9591 1052873
9592 1052981
9593 1053067
9594 1053083
9595 1053551
9596 1053557
9597 1053571
9598 1053959
9599 1054033
9600 1054181
9601 1054309
9602 1054321
9603 1054457
9604 1054549
9605 1054583
9606 1054639
9607 1054831
9608 1055063
9609 1055359
9610 1055407
9611 1055911
9612 1055933
9613 1056053
9614 1056347
9615 1056493
9616 1056521
9617 1056541
9618 1056563
9619 1056589
9620 1057003
9621 1057157
9622 1057393
9623 1057579
9624 1057607
9625 1057753
9626 1057919
9627 1057993
9628 1058011
9629 1058389
9630 1058639
9631 1058677
9632 1058723
9633 1058747
9634 1058983
9635 1059001
9636 1059007
9637 1059571
9638 1059599
9639 1060207
9640 1060223
9641 1060229
9642 1060249
9643 1060357
9644 1060373
9645 1060487
9646 1060513
9647 1060861
9648 1060937
9649 1061129
9650 1061149
9651 1061297
9652 1061569
9653 1061707
9654 1061969
9655 1062379
9656 1062407
9657 1062469
9658 1062881
9659 1062911
9660 1062977
9661 1063019
9662 1063219
9663 1063303
9664 1063457
9665 1063541
9666 1063693
9667 1063729
9668 1063871
9669 1063891
9670 1063961
9671 1063967
9672 1064243
9673 1064317
9674 1064731
9675 1064911
9676 1064951
9677 1064957
9678 1064977
9679 1065017
9680 1065019
9681 1065037
9682 1065109
9683 1065479
9684 1065503
9685 1065529
9686 1065569
9687 1065677
9688 1065763
9689 1065787
9690 1065899
9691 1066313
9692 1066339
9693 1066379
9694 1066399
9695 1066511
9696 1066531
9697 1066621
9698 1066643
9699 1066687
9700 1066757
9701 1066777
9702 1067057
9703 1067383
9704 1067459
9705 1067471
9706 1067509
9707 1067741
9708 1067761
9709 1067851
9710 1068061
9711 1068191
9712 1068377
9713 1068409
9714 1068577
9715 1068719
9716 1068751
9717 1068779
9718 1068913
9719 1069031
9720 1069543
9721 1069693
9722 1069819
9723 1069921
9724 1069949
9725 1070011
9726 1070149
9727 1070233
9728 1070323
9729 1070341
9730 1070347
9731 1070389
9732 1070471
9733 1070491
9734 1070851
9735 1070873
9736 1070899
9737 1071047
9738 1071197
9739 1071337
9740 1071379
9741 1071641
9742 1071661
9743 1071821
9744 1071977
9745 1072187
9746 1072213
9747 1072613
9748 1072811
9749 1072943
9750 1073089
9751 1073131
9752 1073243
9753 1073441
9754 1073537
9755 1073573
9756 1073791
9757 1073881
9758 1074079
9759 1074259
9760 1074581
9761 1074617
9762 1074673
9763 1074691
9764 1074851
9765 1074901
9766 1074923
9767 1074989
9768 1075007
9769 1075159
9770 1075397
9771 1075441
9772 1075463
9773 1075601
9774 1075621
9775 1075649
9776 1075663
9777 1075667
9778 1076017
9779 1076107
9780 1076123
9781 1076237
9782 1076303
9783 1076417
9784 1076473
9785 1076639
9786 1076879
9787 1077371
9788 1077719
9789 1077733
9790 1077793
9791 1077827
9792 1078127
9793 1078219
9794 1078369
9795 1078657
9796 1078699
9797 1078813
9798 1078817
9799 1078879
9800 1079069
9801 1079081
9802 1079621
9803 1079647
9804 1079821
9805 1079849
9806 1079887
9807 1079999
9808 1080029
9809 1080043
9810 1080229
9811 1080281
9812 1080661
9813 1080791
9814 1080803
9815 1081097
9816 1081099
9817 1081123
9818 1081231
9819 1081277
9820 1081279
9821 1081679
9822 1081699
9823 1081721
9824 1081741
9825 1081763
9826 1081789
9827 1081859
9828 1081891
9829 1082027
9830 1082209
9831 1082593
9832 1082597
9833 1082681
9834 1082717
9835 1082971
9836 1082999
9837 1083037
9838 1083079
9839 1083167
9840 1083301
9841 1083349
9842 1083431
9843 1083451
9844 1083583
9845 1083721
9846 1083839
9847 1083871
9848 1083923
9849 1083949
9850 1084067
9851 1084313
9852 1084403
9853 1084553
9854 1084579
9855 1084609
9856 1084771
9857 1085327
9858 1085611
9859 1085767
9860 1085857
9861 1086047
9862 1086331
9863 1086443
9864 1086881
9865 1087091
9866 1087259
9867 1087349
9868 1087381
9869 1087433
9870 1087561
9871 1087631
9872 1087679
9873 1087747
9874 1087789
9875 1087873
9876 1087897
9877 1087987
9878 1088027
9879 1088063
9880 1088089
9881 1088209
9882 1088443
9883 1088537
9884 1088579
9885 1088641
9886 1088669
9887 1088807
9888 1088953
9889 1088977
9890 1089107
9891 1089523
9892 1089877
9893 1090013
9894 1090099
9895 1090129
9896 1090189
9897 1090381
9898 1090457
9899 1090471
9900 1090493
9901 1090877
9902 1090891
9903 1090909
9904 1091003
9905 1091137
9906 1091243
9907 1091371
9908 1091591
9909 1091711
9910 1091777
9911 1091809
9912 1091843
9913 1092019
9914 1092107
9915 1092257
9916 1092451
9917 1092929
9918 1092961
9919 1093223
9920 1093531
9921 1093667
9922 1093751
9923 1093843
9924 1093889
9925 1093957
9926 1094099
9927 1094123
9928 1094161
9929 1094183
9930 1094237
9931 1094293
9932 1094299
9933 1094491
9934 1094657
9935 1095023
9936 1095229
9937 1095287
9938 1095449
9939 1095461
9940 1095713
9941 1095719
9942 1095751
9943 1095821
9944 1095931
9945 1096099
9946 1096141
9947 1096163
9948 1096451
9949 1096549
9950 1096639
9951 1096831
9952 1096969
9953 1097069
9954 1097209
9955 1097351
9956 1097513
9957 1097627
9958 1097861
9959 1097869
9960 1098073
9961 1098077
9962 1098101
9963 1098187
9964 1098211
9965 1098451
9966 1098509
9967 1098673
9968 1099139
9969 1099171
9970 1099223
9971 1099247
9972 1099261
9973 1099289
9974 1099337
9975 1099513
9976 1099621
9977 1099649
9978 1099687
9979 1099799
9980 1099807
9981 1099957
9982 1099997
9983 1100123
9984 1100147
9985 1100161
9986 1100303
9987 1100503
9988 1100543
9989 1100569
9990 1100837
9991 1101283
9992 1101407
9993 1101421
9994 1101511
9995 1101517
9996 1101571
9997 1101593
9998 1101649
9999 1101917
10000 1101937
