1 286330897
2 286330943
3 388098901
4 955201943
5 1776186851
6 1854778853
7 2559495863
8 2647782901
9 3517793911
10 3628857863
11 3866728909
12 3974453911
13 4167637819
14 4269837799
15 5083007887
16 5362197829
17 5642510933
18 6034811933
19 8180784851
20 8214319903
21 9045257839
22 9406983799
23 9512747861
24 10858338851
25 10858338901
26 11290305953
27 12415884829
28 12869802851
29 12869802901
30 13217332897
31 13237160933
32 13641866911
33 15663914911
34 15845166851
35 15845166901
36 16608914911
37 17673065911
38 18783008861
39 19327193911
40 19827261851
41 24282558851
42 29808008861
43 29837412851
44 29837412901
45 30584668909
46 32351885809
47 34097467853
48 34140291877
49 34723583861
50 35720087839
51 36304668901
52 36475461901
53 37037907901
54 38038436861
55 38534907799
56 40394884853
57 40809383911
58 42099371911
59 42244288819
60 43097538863
61 43843076861
62 45480846799
63 45480846863
64 46537591853
65 47417075911
66 47595101839
67 51219428839
68 51423937819
69 52480993909
70 53716902829
71 54618664853
72 55762461851
73 56676324799
74 56676324863
75 56676324919
76 60672904819
77 60695244901
78 60764381809
79 61338554861
80 61416908911
81 62645048911
82 63240927829
83 63874074799
84 64367523851
85 65091657919
86 65717051839
87 66382074851
88 67701672851
89 67963450909
90 68105187851
91 68105187901
92 68224643911
93 68761390909
94 69726316789
95 70651583861
96 70847481799
97 73915118861
98 73915118911
99 74062938919
100 77623933909
101 78791133919
102 81176943919
103 81880325809
104 83751903901
105 83847320911
106 84547421911
107 84952408909
108 85653711851
109 91444099907
110 92928510901
111 94309440829
112 96413922851
113 97209313819
114 100088666861
115 100439782819
116 103590555829
117 105656148901
118 108029294861
119 108572930911
120 111554854819
121 111966934789
122 111980685863
123 114737845853
124 114737845909
125 116767131829
126 118651716851
127 119291646863
128 120456737809
129 123393562819
130 126028488863
131 127125765901
132 127528551851
133 129240638809
134 129282912851
135 129282912901
136 132863067901
137 134613662839
138 135145917901
139 135242780839
140 135892615853
141 138526901809
142 139089064853
143 139234316839
144 143287716863
145 145837610861
146 146082491809
147 146493184853
148 147290084861
149 148219532809
150 151959064909
151 154648223809
152 154648223861
153 154835455909
154 155738371853
155 155738371909
156 157369161863
157 157434416809
158 158632172861
159 160706438911
160 161464371829
161 163251663829
162 163409525861
163 165906228799
164 166032673819
165 166159323851
166 168416361901
167 169157003839
168 169830204829
169 172758005911
170 174501593911
171 177861005911
172 178761532909
173 180934901911
174 181386511819
175 184113564829
176 188230517809
177 189502533851
178 190646603911
179 190703834911
180 192742800829
181 194132167819
182 201479354809
183 204176275819
184 204360578861
185 205555845799
186 207036953861
187 207036953911
188 210389268863
189 216192563861
190 220811324887
191 221247276829
192 222351983911
193 225621597919
194 225730628861
195 225839605909
196 228671158853
197 229108436861
198 236764070911
199 237616560851
200 239004828851
201 239926022911
202 240417368861
203 241439245819
204 243432368911
205 245559505853
206 250971263911
207 252917514851
208 254468250901
209 260260114897
210 262125891851
211 262977430853
212 266007780851
213 268371346853
214 270276273851
215 271077075851
216 271077075901
217 272543703829
218 272786202851
219 273649251919
220 273823136911
221 273837302861
222 279070191901
223 282365175863
224 288501660851
225 290132967799
226 290364097789
227 294009654863
228 298380028853
229 307192408819
230 313315791829
231 314404763839
232 319446332861
233 320439338861
234 320641800877
235 321562628809
236 322777092863
237 324081783901
238 325029393851
239 325533297863
240 326268090851
241 327280903819
242 328814463799
243 329698021789
244 331712387911
245 331817534861
246 332044837819
247 332646438919
248 337436280851
249 343965190853
250 345124894909
251 346122927851
252 347723270911
253 351844451911
254 353490902861
255 353611392829
256 358515148853
257 358515148909
258 360673713901
259 360806274901
260 360928524863
261 364073408911
262 364280463901
263 370082956853
264 373169411809
265 373169411861
266 373169411911
267 373224690851
268 379204537909
269 380412474829
270 380508704861
271 385227018901
272 393272315809
273 393570108901
274 395705343799
275 395705343863
276 397901131819
277 399342505853
278 402956054911
279 403709642911
280 404186280829
281 404209494851
282 412285623829
283 413662660819
284 416946321851
285 418184436799
286 421771802839
287 424053498863
288 424490643851
289 424490643901
290 426605670901
291 426612608809
292 432755734909
293 435077042839
294 436782460909
295 439181373919
296 447338614909
297 450058327819
298 452164396909
299 459711116861
300 459711116911
301 461573292919
302 462315762851
303 462849420863
304 467134473863
305 467134473919
306 470238080839
307 476327811919
308 484501613839
309 488931020861
310 491587122799
311 493892400919
312 494582205919
313 500774457863
314 505054572829
315 506055663851
316 506055663901
317 506524594909
318 509260814911
319 509406452809
320 516828213851
321 517655073799
322 517655073863
323 518420355829
324 519246018901
325 520718750911
326 522563315839
327 523655554853
328 525791051809
329 525923743789
330 528436372909
331 528582221911
332 530521323877
333 531170675911
334 537197071909
335 541364934863
336 542688030851
337 543333747799
338 543370248851
339 545035922861
340 549200965853
341 549441323911
342 550282990909
343 553431667909
344 555191716909
345 556503380809
346 559903062799
347 562613174911
348 565353224809
349 572383114819
350 574144227851
351 574643046799
352 577870140863
353 577870140919
354 580075316809
355 580371682789
356 594362142851
357 598148500853
358 598281024863
359 603150180877
360 604167327851
361 606082011877
362 608853810919
363 609722306861
364 610449704861
365 611723677853
366 611808367909
367 612260203943
368 614924094919
369 615024458911
370 620414582839
371 622800845809
372 623385612851
373 624754350851
374 627823264853
375 628692101861
376 630510106943
377 633337415861
378 633920376863
379 637480304911
380 643096141819
381 646266342863
382 647450680853
383 651826705853
384 655712361901
385 656123638789
386 659006472919
387 660923270911
388 673008074861
389 679301338789
390 683544131861
391 683544131911
392 689260113901
393 693543041809
394 693580005851
395 695407035919
396 700419815911
397 700824192829
398 701035313933
399 704063757799
400 704461356901
401 705164651861
402 709187701853
403 712701594851
404 714658215863
405 717008156861
406 717753450863
407 718512416861
408 722425472809
409 731721891799
410 733600491829
411 739141027819
412 742014917911
413 742940018809
414 744207655909
415 745330608901
416 746560137863
417 750059720911
418 751117326829
419 753044076901
420 753900512839
421 758862699853
422 759422700851
423 759422700901
424 761168532799
425 764572013861
426 765312074861
427 770501717911
428 771701236819
429 780263222839
430 780473037863
431 781306717909
432 782373307789
433 782373307853
434 784332813799
435 793700127901
436 797410164919
437 799136203909
438 804048524861
439 808423474853
440 809239450909
441 812428028809
442 814546146863
443 815562232819
444 816423516851
445 822290236819
446 822954051851
447 823381038901
448 823418240839
449 826863012901
450 832249323901
451 832302033877
452 841601875853
453 844404136819
454 844668000851
455 847624503863
456 853673305853
457 854430912851
458 855011285809
459 855011285861
460 864800271851
461 866922015919
462 870807036863
463 871351037861
464 871351037911
465 874355511863
466 882159115909
467 886410373909
468 900468360851
469 904159510819
470 904580541901
471 904586314909
472 907429212901
473 908340925853
474 912817305901
475 914280740861
476 916180820809
477 927432162851
478 931347054901
479 933029280851
480 937204375909
481 938042090809
482 940145516809
483 940145516861
484 942216906863
485 947173410901
486 950453127901
487 951112947919
488 951547113851
489 952722850853
490 956231323819
491 962150754919
492 963084011839
493 972327613853
494 972880330789
495 975261243863
496 986221714789
497 988620204799
498 992112062839
499 1000299428861
500 1003992645863
501 1004154496819
502 1004451953839
503 1005967610911
504 1009331492839
505 1014644961851
506 1016098662863
507 1016098662919
508 1018983243919
509 1019248227901
510 1020042365933
511 1021813677851
512 1022619757853
513 1028345630839
514 1033840767863
515 1034842594789
516 1045044456829
517 1046641675909
518 1046921461819
519 1048325227819
520 1050370917829
521 1050623510933
522 1052108773819
523 1054208844851
524 1056196615853
525 1058360910829
526 1060391952901
527 1062183635861
528 1066523547799
529 1071377091901
530 1071783042829
531 1073323565861
532 1076131488863
533 1077771126863
534 1077771126919
535 1079113184861
536 1082208632839
537 1083834480863
538 1083834480919
539 1084045443829
540 1088160505819
541 1093119903851
542 1096133845853
543 1101725657911
544 1103536974919
545 1105349156861
546 1105642850839
547 1105801880839
548 1106736471901
549 1107412286839
550 1107786140809
551 1111120428953
552 1111767277853
553 1111767277909
554 1113502252943
555 1116964543909
556 1117804274809
557 1117915901911
558 1121176368901
559 1121189372861
560 1124486067799
561 1128067406911
562 1130499341861
563 1130531341943
564 1131189208819
565 1131788362853
566 1135579152919
567 1135853118901
568 1137190760911
569 1138638702919
570 1148434025839
571 1148533910809
572 1148941911919
573 1150917556909
574 1152226101953
575 1153184730829
576 1153774183789
577 1156322556901
578 1160262636829
579 1162476333901
580 1174239166853
581 1182416730829
582 1184082335861
583 1186183651789
584 1190680452851
585 1190713921819
586 1191658053863
587 1203371945861
588 1206386604851
589 1209818231861
590 1210329618829
591 1213625573861
592 1219266106819
593 1219708218863
594 1221618717901
595 1223573475863
596 1229124685909
597 1231334297911
598 1232580626861
599 1243166773909
600 1246522972853
601 1246616086789
602 1249247361799
603 1249803621851
604 1250909136901
605 1255013402933
606 1255083722861
607 1260257327911
608 1261086732901
609 1264854023861
610 1270251375829
611 1275419325799
612 1278507411851
613 1280242626829
614 1280364245911
615 1282513926919
616 1291146282851
617 1296471060851
618 1300631261887
619 1307175372851
620 1307449407799
621 1309066491919
622 1316253955853
623 1316253955909
624 1318414517911
625 1321928151829
626 1323282542839
627 1333441203877
628 1335910476799
629 1336468134919
630 1341392550829
631 1343602867853
632 1349205390901
633 1351423574911
634 1351632756919
635 1352011973839
636 1354515291851
637 1355215518851
638 1355327360861
639 1358135707853
640 1358135707909
641 1362068545909
642 1369120845863
643 1370018991799
644 1370018991863
645 1376054223829
646 1378013187919
647 1394323226809
648 1400893560901
649 1401350957861
650 1401447461839
651 1401942477799
652 1401942477863
653 1402421352877
654 1407733276853
655 1408165730861
656 1409317137901
657 1410614141933
658 1412834197909
659 1413463774909
660 1415078046901
661 1416546552919
662 1417622155819
663 1417711881799
664 1419653317853
665 1419653317909
666 1419682310861
667 1419682310911
668 1420412800897
669 1422555555919
670 1428645302911
671 1429091680909
672 1430121788911
673 1433355628853
674 1435362452809
675 1442266117819
676 1442587013911
677 1447526425789
678 1450936282909
679 1452613931911
680 1462257525919
681 1463261791853
682 1471063904809
683 1471063904861
684 1481355328853
685 1490391313819
686 1490763072863
687 1500705581839
688 1501952363861
689 1520159621839
690 1521060785809
691 1521518228911
692 1528126923919
693 1531273462819
694 1531755535789
695 1531755535853
696 1533842095789
697 1537543642853
698 1542670074851
699 1550493831919
700 1552069061911
701 1557705024851
702 1559043800861
703 1559043800911
704 1559424504863
705 1562745113911
706 1565491044919
707 1568330017819
708 1570930640911
709 1573265415863
710 1574163224861
711 1574290443799
712 1580165445799
713 1581606215911
714 1585706214919
715 1587381150799
716 1594233071911
717 1597182110809
718 1598500741853
719 1602195048851
720 1605485212819
721 1609143542911
722 1612623195901
723 1619406444919
724 1621576650919
725 1623706650851
726 1634716412911
727 1635634092863
728 1635656332789
729 1641196362863
730 1645176261919
731 1651074682853
732 1651074682909
733 1652153407819
734 1656555322853
735 1658131460861
736 1659900243919
737 1660695115853
738 1660695115909
739 1664084452853
740 1664084452909
741 1665407406863
742 1667420176789
743 1667420176853
744 1667601720901
745 1676223413911
746 1683619051909
747 1692008730851
748 1700299061861
749 1700299061911
750 1701647068789
751 1702364661901
752 1703097517789
753 1709114318809
754 1709253234901
755 1713009474851
756 1713307238809
757 1717099312909
758 1721015528839
759 1726580232851
760 1732443570901
761 1733216561911
762 1735242465863
763 1740299223799
764 1742505361819
765 1742515331839
766 1743437151901
767 1746402704911
768 1748035480853
769 1748035480909
770 1753107925853
771 1767210911861
772 1775271140809
773 1780203707861
774 1781311328809
775 1786640431909
776 1795166010901
777 1795518202909
778 1800270648851
779 1802411843839
780 1810951164851
781 1812870183919
782 1814016328819
783 1816802126809
784 1819930180909
785 1824128770853
786 1831144508911
787 1835212337911
788 1840221015877
789 1843465440919
790 1846200110933
791 1850576422909
792 1855810402819
793 1856626123789
794 1864045422901
795 1865232318919
796 1865241940789
797 1873036803863
798 1875106016911
799 1880866300909
800 1881326141809
801 1881326141861
802 1891527101809
803 1902345323839
804 1905319112839
805 1919920413799
806 1920676144853
807 1920676144909
808 1921754623853
809 1925109315901
810 1933043334829
811 1933226062819
812 1935092034851
813 1950153048901
814 1954925131853
815 1963099003909
816 1965704201911
817 1983312242861
818 1990232806789
819 2001290423933
820 2002245251887
821 2003418882901
822 2005920792901
823 2008181838919
824 2011626787853
825 2013516774901
826 2024244885863
827 2024244885919
828 2028465116809
829 2030520235897
830 2031519762851
831 2031875805919
832 2034805890863
833 2041506737911
834 2045782131829
835 2048520951901
836 2049234291851
837 2051869251863
838 2054610872861
839 2054610872911
840 2060227935901
841 2061530098819
842 2064800110897
843 2064800110943
844 2068452261901
845 2072096437909
846 2076442842919
847 2081290468909
848 2082205753819
849 2085841462853
850 2089403240839
851 2092347305861
852 2096085023911
853 2108758720909
854 2113550031953
855 2113791618919
856 2115112225943
857 2116143123877
858 2118011611943
859 2121907674919
860 2121959132809
861 2121959132861
862 2121959132911
863 2122351487911
864 2124175408819
865 2124790037861
866 2132414691829
867 2133958314863
868 2134660495789
869 2137276255853
870 2142304781839
871 2143059552901
872 2144369042911
873 2145233634829
874 2149415006839
875 2150770346861
876 2152167732851
877 2156038452851
878 2158581410809
879 2163941108911
880 2166037208809
881 2169991210853
882 2170696323863
883 2172771228799
884 2174881004809
885 2181790412911
886 2182354640861
887 2188328300861
888 2197321163861
889 2202670934809
890 2209404285901
891 2213414401943
892 2214791190851
893 2216590424911
894 2218583601901
895 2220375733819
896 2240072368819
897 2243071777789
898 2247077064919
899 2250033584839
900 2253583170851
901 2253921528919
902 2254880245789
903 2256127438909
904 2257015662851
905 2262352083829
906 2262820820839
907 2263371360829
908 2263662823789
909 2272573434799
910 2282274832909
911 2283086124901
912 2283233507809
913 2284293433909
914 2284391141911
915 2286241514911
916 2287232148919
917 2291210458819
918 2292807081919
919 2294411157851
920 2294411157901
921 2297312634863
922 2301750656861
923 2301813691819
924 2303194932901
925 2305263335839
926 2306295570919
927 2312390445829
928 2312658381799
929 2316725630861
930 2318361334819
931 2319431435861
932 2319431435911
933 2321518347851
934 2324736017809
935 2326015960819
936 2328016395799
937 2332618830901
938 2341625553851
939 2350568533853
940 2351691543919
941 2352130866851
942 2353212837851
943 2361271455901
944 2363313954919
945 2363870434853
946 2363870434909
947 2370135784909
948 2372689030909
949 2374241922851
950 2380364135861
951 2381131781911
952 2381522092819
953 2382791121901
954 2388024213829
955 2391334820911
956 2392903147853
957 2396113645909
958 2401188173861
959 2401188173911
960 2404152763819
961 2404580643901
962 2410954326901
963 2419398021863
964 2420682128911
965 2422279057789
966 2422941362861
967 2426453503819
968 2428281256853
969 2429122644901
970 2433951445789
971 2437259134853
972 2438491103809
973 2439673042853
974 2439703344919
975 2443477027853
976 2454850183789
977 2461417807789
978 2465762224789
979 2465762224853
980 2467051753853
981 2470379211851
982 2481380054809
983 2492240417809
984 2493541363853
985 2503273805911
986 2512396461863
987 2514544464799
988 2515820238851
989 2518026512839
990 2526608208799
991 2531293802809
992 2542256622901
993 2546061901819
994 2546215512829
995 2550656511901
996 2555540423809
997 2568124215851
998 2571680032819
999 2580101747911
1000 2580610363819
1001 2588308001861
1002 2588308001911
1003 2590426061911
1004 2593383214853
1005 2604206807809
1006 2606320098901
1007 2606421693919
1008 2606451170839
1009 2609114730829
1010 2609523390863
1011 2611242895909
1012 2613190850911
1013 2617732840909
1014 2617910860853
1015 2622227490901
1016 2624882100829
1017 2625630541819
1018 2629052045861
1019 2630205194839
1020 2633600775863
1021 2635493061919
1022 2636461560919
1023 2640554544799
1024 2640732943853
1025 2640732943909
1026 2645193640853
1027 2645313264851
1028 2648117240809
1029 2653073702809
1030 2660017733809
1031 2666213418863
1032 2673171580909
1033 2673262114819
1034 2677261022809
1035 2686320090851
1036 2687049300799
1037 2703496062919
1038 2704650714851
1039 2711728651909
1040 2718086502799
1041 2720086344851
1042 2720086344901
1043 2722514810839
1044 2724155922919
1045 2727903631853
1046 2729452521799
1047 2730166721809
1048 2730585135919
1049 2731615734919
1050 2733620000933
1051 2735031384901
1052 2740049171911
1053 2742212965853
1054 2744414206819
1055 2747406141901
1056 2765911040911
1057 2773503318863
1058 2775134451919
1059 2783791200863
1060 2786004642919
1061 2803077453863
1062 2803215716911
1063 2804104836901
1064 2809000357819
1065 2816339314853
1066 2816733253909
1067 2820421102943
1068 2830714821901
1069 2832075341911
1070 2852615142851
1071 2860068370909
1072 2875306512919
1073 2885515330853
1074 2900406864799
1075 2909203146851
1076 2909203146901
1077 2911913502829
1078 2922135911809
1079 2923412904851
1080 2936360740853
1081 2941025088863
1082 2944760313863
1083 2953716250853
1084 2971913111861
1085 2972027074789
1086 2984404117853
1087 2984404117909
1088 2988023260909
1089 3001845167809
1090 3002265230933
1091 3013700721877
1092 3017441922829
1093 3018670492853
1094 3025830518911
1095 3030623311897
1096 3031163788909
1097 3036484007861
1098 3036484007911
1099 3039130238839
1100 3046173542809
1101 3046282154911
1102 3046863811853
1103 3047413647919
1104 3051499310861
1105 3051499310911
1106 3053860092851
1107 3054276832909
1108 3057035183861
1109 3061709922919
1110 3063342465851
1111 3079080206809
1112 3083111005943
1113 3085640135911
1114 3086447130901
1115 3090571532809
1116 3090817605919
1117 3090873045863
1118 3091072284851
1119 3098633242853
1120 3100478651911
1121 3101682300877
1122 3102703916839
1123 3102753258901
1124 3104247568909
1125 3104307455839
1126 3108701685863
1127 3117555224911
1128 3120734101897
1129 3122765913919
1130 3126122016877
1131 3131382536861
1132 3136292541901
1133 3136613337901
1134 3142156473901
1135 3144241816819
1136 3147057305911
1137 3163238460901
1138 3175055531861
1139 3180447076909
1140 3186154435909
1141 3192350337901
1142 3192531920911
1143 3193106632819
1144 3193184214851
1145 3193184214901
1146 3196104710839
1147 3201519356911
1148 3204303765829
1149 3204583257919
1150 3205748254789
1151 3205950361819
1152 3208900761851
1153 3214007130953
1154 3215406707861
1155 3217009227829
1156 3217543824799
1157 3217543824863
1158 3219320658863
1159 3220960083829
1160 3221126486861
1161 3226087741853
1162 3226660554863
1163 3228375712853
1164 3229312643911
1165 3232921561819
1166 3235551134839
1167 3243121223887
1168 3248209750853
1169 3249066212911
1170 3249070325861
1171 3254105474861
1172 3254114294911
1173 3258310287863
1174 3264057921919
1175 3265093124911
1176 3267007127861
1177 3283335841789
1178 3294102407839
1179 3298122512911
1180 3300294390829
1181 3302853118819
1182 3304902396919
1183 3305182183819
1184 3312305765911
1185 3312659214901
1186 3314184156901
1187 3318421692863
1188 3320957820863
1189 3321649215851
1190 3325120847911
1191 3331309706861
1192 3333551165911
1193 3335181484853
1194 3338621414809
1195 3347242285789
1196 3359353450853
1197 3370831270819
1198 3374226553909
1199 3380602364809
1200 3381183035911
1201 3404941082911
1202 3405719430901
1203 3409133732861
1204 3412991146909
1205 3413364376909
1206 3414791245909
1207 3417763305799
1208 3422661646853
1209 3424717134851
1210 3426614351861
1211 3426614351911
1212 3435656313799
1213 3441228915863
1214 3442824314911
1215 3444002599907
1216 3445280554789
1217 3470454072901
1218 3470881503799
1219 3471217124839
1220 3479322117863
1221 3482046660919
1222 3486052264789
1223 3487744399873
1224 3496777539961
1225 3500549046851
1226 3501851391851
1227 3503255442829
1228 3503354394863
1229 3506307480901
1230 3508235117809
1231 3510895810909
1232 3511354198789
1233 3517031358851
1234 3517031358901
1235 3518176203901
1236 3524171526851
1237 3524171526901
1238 3525407820901
1239 3526317315901
1240 3530265281861
1241 3531423653809
1242 3531423653861
1243 3540646741909
1244 3546125053819
1245 3561543165863
1246 3566333061901
1247 3570162664909
1248 3581626602863
1249 3590448132863
1250 3603812325829
1251 3608621018861
1252 3610084882853
1253 3614763325909
1254 3617046463853
1255 3624375550909
1256 3626520804901
1257 3632841700819
1258 3635313920911
1259 3635547003901
1260 3639007632863
1261 3643213626901
1262 3643375031809
1263 3643375031861
1264 3651244392863
1265 3671608054789
1266 3685101830911
1267 3702615456919
1268 3709292301901
1269 3711122746819
1270 3712721367799
1271 3715156008901
1272 3716494799863
1273 3719128135909
1274 3727109415863
1275 3730454544919
1276 3742603703911
1277 3742712621861
1278 3743042091829
1279 3744197032789
1280 3747500621911
1281 3760267001839
1282 3765414910853
1283 3766092114919
1284 3791223432851
1285 3815056303819
1286 3816522418789
1287 3820090972909
1288 3820533736909
1289 3821654511901
1290 3827602056919
1291 3831142571911
1292 3840573532853
1293 3840962214863
1294 3854902230901
1295 3862006331839
1296 3890515333853
1297 3893210428853
1298 3903007764919
1299 3904916021861
1300 3926006333861
1301 3944605450853
1302 3970142752789
1303 3975232400809
1304 3983040381863
1305 4002510703897
1306 4005075626911
1307 4006062030953
1308 4013770567789
1309 4015163093839
1310 4019734920919
1311 4024348116829
1312 4025982910853
1313 4041343926901
1314 4041618537799
1315 4041775422851
1316 4044000777829
1317 4054059323861
1318 4060277514851
1319 4062011225933
1320 4067165272909
1321 4069450322911
1322 4080516375919
1323 4104164456911
1324 4112934228901
1325 4121075338819
1326 4126215617861
1327 4131414674809
1328 4134259305901
1329 4137138237863
1330 4139106047911
1331 4145102937901
1332 4147421290819
1333 4148442156919
1334 4152545163901
1335 4152883410901
1336 4157801405809
1337 4169280162799
1338 4169280162863
1339 4180227546863
1340 4184524822853
1341 4184524822909
1342 4185244516853
1343 4186310917853
1344 4191144723851
1345 4200420163943
1346 4200486691789
1347 4201863934909
1348 4210604667851
1349 4211981814863
1350 4212551438861
1351 4212551438911
1352 4225763470853
1353 4227275362853
1354 4241931999821
1355 4251964230901
1356 4256360743853
1357 4256731241911
1358 4261724900911
1359 4281277012819
1360 4283313236861
1361 4294260553789
1362 4294520343851
1363 4294520343901
1364 4306619217799
1365 4312952904863
1366 4317661164799
1367 4318750520911
1368 4321238841851
1369 4321238841901
1370 4324920632911
1371 4330605680809
1372 4332622158901
1373 4333110007943
1374 4334018462861
1375 4334018462911
1376 4336109482853
1377 4337184405863
1378 4339209306863
1379 4339209306919
1380 4340642476853
1381 4343141907851
1382 4367635010861
1383 4372320374809
1384 4372320374861
1385 4372702902901
1386 4372772430919
1387 4375213932799
1388 4381608414919
1389 4391062316911
1390 4394103255851
1391 4402491516901
1392 4412088171901
1393 4414403366861
1394 4430377282853
1395 4448256132863
1396 4451818026919
1397 4451936134909
1398 4452602345861
1399 4455120645901
1400 4455253071901
1401 4462150782799
1402 4469453410853
1403 4480026326861
1404 4493142732919
1405 4500742292861
1406 4505309153861
1407 4517052072829
1408 4517066713853
1409 4520449125901
1410 4522134576863
1411 4522852107901
1412 4523569402789
1413 4525365154789
1414 4526100576901
1415 4530093642901
1416 4531109850901
1417 4531805306911
1418 4535063580863
1419 4548125340901
1420 4563556023799
1421 4568085310853
1422 4570625613863
1423 4576265500789
1424 4592020291819
1425 4602092584853
1426 4602614174911
1427 4602894231799
1428 4607410284901
1429 4614173733919
1430 4623404265901
1431 4627982011909
1432 4628190041911
1433 4633821904909
1434 4640683080863
1435 4664101581851
1436 4674144042901
1437 4676030190851
1438 4690425910853
1439 4704631271861
1440 4705915170863
1441 4713187112911
1442 4714313871863
1443 4720350914911
1444 4721343177919
1445 4722901293863
1446 4731117844853
1447 4738412120839
1448 4745105563789
1449 4746410373799
1450 4760101267819
1451 4763354223799
1452 4793062342909
1453 4800120695911
1454 4815058310911
1455 4820105465911
1456 4825912310861
1457 4827118018909
1458 4841192304901
1459 4844312423809
1460 4853401722901
1461 4863552115853
1462 4867051130861
1463 4871360310829
1464 4874045223863
1465 4900344384863
1466 4905203094851
1467 4909540270853
1468 4912058037863
1469 4912409043851
1470 4914316255789
1471 4917333136789
1472 4920003818861
1473 4920244092851
1474 4920338218909
1475 4937514201901
1476 4957121352919
1477 4970036920789
1478 4983402033851
1479 4990025623789
1480 4991131731863
1481 4992305043863
1482 4993150153909
1483 5003530996853
1484 5004172466809
1485 5010366534829
1486 5016151664861
1487 5021932074829
1488 5025764326789
1489 5026314185911
1490 5030657213839
1491 5037026853799
1492 5038088301901
1493 5042290652911
1494 5042328704911
1495 5044624072819
1496 5052953601851
1497 5056443562909
1498 5056822107851
1499 5064210617839
1500 5072315295799
1501 5075722610911
1502 5081642414861
1503 5081824921853
1504 5086162026851
1505 5111433141877
1506 5115914025829
1507 5120425592861
1508 5123074541839
1509 5124517284919
1510 5130461758909
1511 5131753905919
1512 5132940090829
1513 5133191548789
1514 5133717454909
1515 5138171526799
1516 5140203846829
1517 5142017973863
1518 5150430448819
1519 5156160277909
1520 5163315035839
1521 5165042458789
1522 5170038714901
1523 5179073611909
1524 5187109044863
1525 5209423564789
1526 5210218790911
1527 5222943216851
1528 5222943216901
1529 5223045634819
1530 5228032923851
1531 5235408252901
1532 5237255245909
1533 5245811923789
1534 5251395104861
1535 5255433723919
1536 5262582500911
1537 5267365500863
1538 5269112442851
1539 5273412075901
1540 5298011132839
1541 5300070991819
1542 5315722700839
1543 5316361142839
1544 5322892125919
1545 5324026755863
1546 5328032408861
1547 5331363143839
1548 5333610348851
1549 5333820276919
1550 5336158522853
1551 5336158522909
1552 5336291032819
1553 5338000835861
1554 5342202196819
1555 5344414612819
1556 5361416440819
1557 5362920732863
1558 5370038850863
1559 5386640107853
1560 5387603016863
1561 5390282502851
1562 5390862010819
1563 5398316022863
1564 5404116533839
1565 5407116762799
1566 5411080448911
1567 5413932732799
1568 5415557300861
1569 5415557300911
1570 5418742112911
1571 5421307581901
1572 5442605190851
1573 5444128615789
1574 5446545042863
1575 5446545042919
1576 5446560351863
1577 5448454212919
1578 5453371327909
1579 5462421375863
1580 5476054134919
1581 5480783499809
1582 5492421580853
1583 5501386125901
1584 5513217165901
1585 5514422377909
1586 5518335500911
1587 5521323099917
1588 5526542340901
1589 5528453004901
1590 5530812376853
1591 5533992301853
1592 5536332534919
1593 5544122925799
1594 5544273208853
1595 5546421147863
1596 5564613136909
1597 5571613084789
1598 5602543080829
1599 5605180218901
1600 5621073560911
1601 5628726031909
1602 5636251502911
1603 5676131721863
1604 5676131721919
1605 5677832299873
1606 5684202315851
1607 5695302307853
1608 5695302307909
1609 5700016992799
1610 5702381162809
1611 5745648000863
1612 5752031606809
1613 5761712223901
1614 5763090513799
1615 5775114033901
1616 5775344202799
1617 5780102940851
1618 5780102940901
1619 5807791959961
1620 5808045510901
1621 5820808122901
1622 5841756030863
1623 5843062083919
1624 5845113661789
1625 5848410261919
1626 5855432220851
1627 5864700302809
1628 5865202130839
1629 5880301824863
1630 5881550130851
1631 5961452215853
1632 6001261764829
1633 6004852164851
1634 6008171881909
1635 6011756851853
1636 6013591272851
1637 6013591272901
1638 6016513935919
1639 6018605144809
1640 6023783240809
1641 6023783240861
1642 6027248803909
1643 6027531942799
1644 6031054782901
1645 6037506306851
1646 6050153587853
1647 6062464420819
1648 6063900628909
1649 6072770012839
1650 6082412551819
1651 6092403970789
1652 6092403970853
1653 6107348141809
1654 6121646117911
1655 6123369120829
1656 6125338220839
1657 6138470812853
1658 6140382434861
1659 6150653118901
1660 6164339512789
1661 6165223780853
1662 6180010874809
1663 6181280252911
1664 6181287600799
1665 6183018553853
1666 6191311364911
1667 6203456338853
1668 6203632481911
1669 6215705280901
1670 6229142604851
1671 6230430456829
1672 6235434364853
1673 6241443367853
1674 6241645052809
1675 6276750051799
1676 6282706305919
1677 6283745130919
1678 6286300186853
1679 6306729511909
1680 6306813233911
1681 6307033692919
1682 6316590271909
1683 6320096208851
1684 6323132775863
1685 6323281375909
1686 6326230415839
1687 6330047155819
1688 6330928101829
1689 6350132048839
1690 6354583010861
1691 6360409341851
1692 6360643560863
1693 6370632314911
1694 6374100380839
1695 6389102326909
1696 6401353362829
1697 6403436733919
1698 6410625492863
1699 6422077237789
1700 6423010935829
1701 6431735312861
1702 6439521032911
1703 6456053641789
1704 6459031920863
1705 6460784041909
1706 6504233286919
1707 6511308831851
1708 6512156527909
1709 6522518610851
1710 6534060027829
1711 6541037150839
1712 6541114157861
1713 6541266811789
1714 6544521260861
1715 6560034741851
1716 6571501811911
1717 6610975320863
1718 6627333005809
1719 6642170802901
1720 6645380111809
1721 6661416081863
1722 6662743015909
1723 6676550302909
1724 6688030350863
1725 6700271296909
1726 6701819602853
1727 6705071405861
1728 6717260015861
1729 6723437031851
1730 6725550213901
1731 6730029620911
1732 6735018312901
1733 6817603630853
1734 6823830802853
1735 6823830802909
1736 6841436233909
1737 6860144460919
1738 6903127080901
1739 6913428142909
1740 6931362324863
1741 6972271420853
1742 6972271420909
1743 7000906343839
1744 7009174173919
1745 7011014597911
1746 7014861327919
1747 7020995242909
1748 7041175528789
1749 7041442514839
1750 7047606144919
1751 7050061287901
1752 7054317453863
1753 7054317453919
1754 7055314348909
1755 7057414511911
1756 7061215391861
1757 7063492022809
1758 7063492022861
1759 7070402761819
1760 7073093411861
1761 7083129307789
1762 7093222073911
1763 7106324444809
1764 7110078921901
1765 7115714225911
1766 7118623318789
1767 7121806334809
1768 7122217707851
1769 7122544770863
1770 7134371508799
1771 7134418005829
1772 7136816160919
1773 7141800930829
1774 7142104556911
1775 7154622404911
1776 7160603245819
1777 7163360351911
1778 7164227380789
1779 7181155043911
1780 7182071328863
1781 7184001946789
1782 7184352312901
1783 7190221235839
1784 7200136347829
1785 7208013157819
1786 7210320893861
1787 7210703475851
1788 7210703475901
1789 7215500475901
1790 7220303775851
1791 7220342528911
1792 7221848003809
1793 7239181521799
1794 7239181521863
1795 7240363450819
1796 7261171460911
1797 7261454015911
1798 7281053243809
1799 7281053243861
1800 7284717004909
1801 7302649203851
1802 7304322576919
1803 7310141697863
1804 7310141697919
1805 7310750655799
1806 7312337225861
1807 7312337225911
1808 7312932062809
1809 7321510866799
1810 7323273360901
1811 7332652170901
1812 7334182434919
1813 7341721362851
1814 7341721362901
1815 7354430054809
1816 7360886101909
1817 7362545440909
1818 7383310073809
1819 7391904214853
1820 7400892721909
1821 7416745020851
1822 7422402803839
1823 7434391040911
1824 7443330924919
1825 7460063175919
1826 7471807100809
1827 7478202054863
1828 7495185849961
1829 7502190731911
1830 7503510964909
1831 7505038731863
1832 7506222236809
1833 7507431261851
1834 7515652233799
1835 7516332170911
1836 7516351246853
1837 7521106922911
1838 7522057803863
1839 7526762001851
1840 7534132313839
1841 7539276001909
1842 7541433516863
1843 7542170067863
1844 7543734231863
1845 7554137021861
1846 7554137021911
1847 7555171440919
1848 7568802699853
1849 7593331311851
1850 7602360187909
1851 7626103118861
1852 7626965199853
1853 7635413280863
1854 7640621707853
1855 7663039410799
1856 7687023601909
1857 7702272516863
1858 7708051146863
1859 7710104555809
1860 7729285199863
1861 7765900312789
1862 7780302237919
1863 7801006535911
1864 7802284152863
1865 7844027102809
1866 7865003406863
1867 7921710261901
1868 7947201212809
1869 8004226792853
1870 8010982471853
1871 8014014782911
1872 8017633040839
1873 8023964170853
1874 8025074440819
1875 8035156440851
1876 8036230623829
1877 8041860391909
1878 8043732306901
1879 8049250124911
1880 8050921182851
1881 8052291427853
1882 8057001174829
1883 8058212240839
1884 8071902251911
1885 8081368230799
1886 8082502923863
1887 8084080174789
1888 8084350422901
1889 8101093891789
1890 8116405028911
1891 8123600662819
1892 8136083650789
1893 8136124932919
1894 8148303440861
1895 8201104043933
1896 8202386127919
1897 8206279006853
1898 8210502944911
1899 8211775045853
1900 8226352713919
1901 8241120211897
1902 8241120211943
1903 8242440691789
1904 8250603916909
1905 8251179043853
1906 8253639112909
1907 8264141451851
1908 8267904220909
1909 8273303105839
1910 8288844729961
1911 8290161507799
1912 8300980182863
1913 8302228555909
1914 8302284240829
1915 8305573305919
1916 8314329204851
1917 8322602336911
1918 8328035641909
1919 8337214065919
1920 8342702505901
1921 8391410540809
1922 8391410540861
1923 8391830000839
1924 8410972054789
1925 8441529510863
1926 8461024037861
1927 8472129241789
1928 8476342033909
1929 8510019604819
1930 8513015628863
1931 8513015628919
1932 8535266202863
1933 8541151065851
1934 8553110344819
1935 8555700252863
1936 8608092101911
1937 8623082033809
1938 8623162812799
1939 8625373402853
1940 8632222106839
1941 8700011693861
1942 8703154335919
1943 8710661142851
1944 8711436046909
1945 8718400151861
1946 8721543131911
1947 8727972459961
1948 8736212217919
1949 8803161611911
1950 8811321325819
1951 8820304582853
1952 8840012494853
1953 8874992319961
1954 8881162011901
1955 8900602253861
1956 8910014570861
1957 8913205470919
1958 8938106014909
1959 8949102241909
1960 8954000634863
1961 8954000634919
1962 9021931281851
1963 9031532624861
1964 9046604120839
1965 9055015807909
1966 9056262003829
1967 9058227021901
1968 9060930138919
1969 9070080452911
1970 9090632640919
1971 9107637102901
1972 9112207517911
1973 9121812701839
1974 9127213820861
1975 9130870471909
1976 9181123215829
1977 9201053466851
1978 9204000997853
1979 9220324755919
1980 9220813933853
1981 9220920255851
1982 9223744050901
1983 9227631123901
1984 9240208672853
1985 9252169050919
1986 9253064406863
1987 9253130308819
1988 9263410631861
1989 9264836002909
1990 9265003622911
1991 9312420892909
1992 9331249026863
1993 9337140535909
1994 9346190044909
1995 9408690013909
1996 9420324920861
1997 9420324920911
1998 9421353142819
1999 9442500555919
2000 9460514460919
2001 9494629449961
2002 9500425135819
2003 9502087026863
2004 9510494610919
2005 9522621135851
2006 9532152171901
2007 9540091191919
2008 9548115061789
2009 9555412211861
2010 9564201504901
2011 9603036382909
2012 9605150095909
2013 9617120770909
2014 9633000087901
2015 9642011083819
2016 9653010628853
2017 9662000264911
2018 9670152613789
2019 9701215834853
2020 9707041305851
2021 9735032154863
2022 9743906020789
2023 9743906020853
2024 9820822090909
2025 9839684229961
2026 9910339150909
2027 9912202065851
2028 10003464924829
2029 10006944551809
2030 10008453527861
2031 10014032778829
2032 10018133990861
2033 10018133990911
2034 10021514037877
2035 10022880087901
2036 10031299546909
2037 10032120379903
2038 10032818999831
2039 10043347245829
2040 10048901045839
2041 10056861543919
2042 10059205773863
2043 10075249812799
2044 10075593060901
2045 10080191686853
2046 10091131738819
2047 10103939604901
2048 10108924811809
2049 10109865460909
2050 10110560795809
2051 10123807716851
2052 10123807716901
2053 10128671338909
2054 10135535174861
2055 10135635206839
2056 10144053707839
2057 10157117623819
2058 10165045734901
2059 10165652464789
2060 10180316556901
2061 10180781225809
2062 10180781225861
2063 10180781225911
2064 10194301184839
2065 10195205100877
2066 10195632332861
2067 10203309890861
2068 10207242673819
2069 10207346606861
2070 10207848541789
2071 10209072276901
2072 10209835017901
2073 10215400145933
2074 10215770027839
2075 10219494090863
2076 10224490842851
2077 10228965322909
2078 10229064190819
2079 10232527535809
2080 10241904816851
2081 10247942244863
2082 10251048775789
2083 10251368550851
2084 10255174960909
2085 10255480416851
2086 10258222293901
2087 10266418254919
2088 10276860316909
2089 10283565406853
2090 10283685312799
2091 10284044944853
2092 10284044944909
2093 10284435045901
2094 10291932171901
2095 10292613357863
2096 10301250996901
2097 10309180491851
2098 10309180491901
2099 10309253840861
2100 10311887703919
2101 10331176545901
2102 10332373416829
2103 10341811556911
2104 10347629602853
2105 10362514635901
2106 10363264770919
2107 10370745314911
2108 10372505553901
2109 10372521951901
2110 10378646799853
2111 10380570916789
2112 10384813416799
2113 10385817240863
2114 10385817240919
2115 10392117934789
2116 10404731210933
2117 10407258265853
2118 10407474246863
2119 10423157155819
2120 10426357160809
2121 10434148807853
2122 10434148807909
2123 10434953082863
2124 10437211943861
2125 10437211943911
2126 10437334924909
2127 10437715232911
2128 10438525332901
2129 10439096071853
2130 10440681651901
2131 10441312398851
2132 10449500773909
2133 10453306764799
2134 10456116092861
2135 10457067171919
2136 10463411775863
2137 10465073504911
2138 10483822332901
2139 10495658101909
2140 10500745392901
2141 10503052599917
2142 10507448999851
2143 10510312397839
2144 10511632776863
2145 10511654751901
2146 10511730828901
2147 10515908007851
2148 10516709820919
2149 10523248573909
2150 10524810991853
2151 10524880151809
2152 10528522127861
2153 10530362087911
2154 10534502651839
2155 10542058332829
2156 10546142903809
2157 10546142903861
2158 10547731840853
2159 10558844221909
2160 10558890130853
2161 10571602833901
2162 10574530087789
2163 10575264212861
2164 10582116546863
2165 10582116546919
2166 10583809041863
2167 10590173171861
2168 10592320463861
2169 10592320463911
2170 10594209190853
2171 10601867102839
2172 10602246924901
2173 10602601123897
2174 10605259281863
2175 10605259281919
2176 10606427108911
2177 10607811290861
2178 10614415517809
2179 10620149962789
2180 10620149962853
2181 10621418656909
2182 10623744238853
2183 10623744238909
2184 10624602927919
2185 10634307236911
2186 10641175627853
2187 10652239533799
2188 10661920514911
2189 10692362640863
2190 10700230711897
2191 10700920876853
2192 10700920876909
2193 10721591620819
2194 10721614724809
2195 10722619083863
2196 10723133781901
2197 10737224222839
2198 10738204062829
2199 10739102088863
2200 10740580307861
2201 10740640927853
2202 10742712182809
2203 10764242427919
2204 10774616112851
2205 10805652080911
2206 10812316846853
2207 10814633940863
2208 10820324591809
2209 10825008503839
2210 10839295021909
2211 10878002090911
2212 10900344095911
2213 10901836213819
2214 10921565226799
2215 10921565226863
2216 10921717421911
2217 10925116077919
2218 10925222580851
2219 10940626191863
2220 10942542634853
2221 10950546020839
2222 10992530403851
2223 11007078452911
2224 11008523952851
2225 11010912686911
2226 11018922137911
2227 11019427225819
2228 11021169186851
2229 11023925467909
2230 11026071666851
2231 11034538825853
2232 11047393173799
2233 11050533773809
2234 11060575532861
2235 11065478142799
2236 11076120675901
2237 11082135833809
2238 11083354374919
2239 11091963203861
2240 11092247346863
2241 11093422593863
2242 11106270548809
2243 11112956217851
2244 11112967322861
2245 11115380790901
2246 11116766213911
2247 11118084465919
2248 11132648433901
2249 11134508740819
2250 11140782924863
2251 11141272850839
2252 11143733137819
2253 11162686162853
2254 11170256427851
2255 11171872133861
2256 11181029742851
2257 11181029742901
2258 11182446423901
2259 11192464453909
2260 11199036504919
2261 11205548562799
2262 11208583070911
2263 11211937332829
2264 11212179547853
2265 11214747540851
2266 11222085725861
2267 11225284092901
2268 11226457304911
2269 11231564714861
2270 11232029112877
2271 11233720574911
2272 11235129207829
2273 11238653411861
2274 11238653411911
2275 11240524871861
2276 11248156407919
2277 11253774460909
2278 11254356048863
2279 11258826200861
2280 11259201650839
2281 11265352091911
2282 11272114475911
2283 11274704026819
2284 11275102931839
2285 11291013953809
2286 11291013953861
2287 11296902312901
2288 11301938225911
2289 11327077080901
2290 11328732760789
2291 11331558184789
2292 11333257356919
2293 11336203258819
2294 11336271533809
2295 11336271533861
2296 11341273981853
2297 11342351906861
2298 11344528223911
2299 11344834017851
2300 11350393374799
2301 11364701287789
2302 11377446102851
2303 11377446102901
2304 11389540360789
2305 11395662002911
2306 11401178517901
2307 11403272825911
2308 11404243842829
2309 11407482256853
2310 11408234732809
2311 11408234732861
2312 11408400862819
2313 11411103848839
2314 11413750176901
2315 11416080576799
2316 11420444841829
2317 11429212643861
2318 11437046900809
2319 11437046900861
2320 11453353581799
2321 11457730530901
2322 11460013486819
2323 11465307612851
2324 11465307612901
2325 11472501707861
2326 11477152381853
2327 11482546410851
2328 11485335811909
2329 11490336117851
2330 11507820637853
2331 11510448740911
2332 11512660944919
2333 11513548237853
2334 11515439203819
2335 11526631118809
2336 11534852006809
2337 11545082433851
2338 11551083636863
2339 11551083636919
2340 11551484510809
2341 11556310890919
2342 11561801066911
2343 11563147633789
2344 11567503350901
2345 11597105641789
2346 11600858214901
2347 11606359210819
2348 11606541137861
2349 11612970157909
2350 11615119545919
2351 11618056215901
2352 11620146185911
2353 11621031974911
2354 11625786030863
2355 11631519503809
2356 11648676939961
2357 11660233362829
2358 11671049325799
2359 11683786299853
2360 11690116825909
2361 11700474174901
2362 11701672191851
2363 11704139133829
2364 11710551483901
2365 11718236622919
2366 11722343408861
2367 11725705313911
2368 11731622225839
2369 11739570502789
2370 11741523651901
2371 11744295124789
2372 11747026232911
2373 11751091920901
2374 11752700664863
2375 11752700664919
2376 11759420227909
2377 11761374222901
2378 11762229203861
2379 11763125630911
2380 11764682130919
2381 11766050094919
2382 11770665160789
2383 11781245052851
2384 11798321012809
2385 11801164615819
2386 11803363272851
2387 11813632563919
2388 11820001027897
2389 11821084504819
2390 11824093044851
2391 11824912510819
2392 11837014681853
2393 11841407436919
2394 11843222592919
2395 11846900056853
2396 11872190105861
2397 11876164010861
2398 11881005740809
2399 11902612355861
2400 11902612355911
2401 11905420428851
2402 11905439124863
2403 11905439124919
2404 11931430684853
2405 11944266011809
2406 11954222900861
2407 11960543614909
2408 12000392896853
2409 12002698633909
2410 12005836537789
2411 12012645266861
2412 12015222773839
2413 12035750448919
2414 12037671133819
2415 12041291974853
2416 12050316557809
2417 12059129182853
2418 12071036408839
2419 12104197515901
2420 12112674750851
2421 12122050977851
2422 12123872413819
2423 12124123628839
2424 12124237354819
2425 12126680180861
2426 12130954456909
2427 12131912951911
2428 12134562168919
2429 12134903818853
2430 12140247455911
2431 12143461377799
2432 12143641557799
2433 12157308700819
2434 12161743640911
2435 12162571842919
2436 12165606157853
2437 12165753216863
2438 12165753216919
2439 12176051827789
2440 12182156513809
2441 12186183108863
2442 12189720311911
2443 12192307086863
2444 12193880403863
2445 12204208962901
2446 12204362893909
2447 12208429034861
2448 12208429034911
2449 12209008751809
2450 12213556146901
2451 12213854603809
2452 12216476218853
2453 12218013593809
2454 12219601980919
2455 12220831618819
2456 12225842445919
2457 12231034321897
2458 12234054528901
2459 12236088117863
2460 12238043470819
2461 12242318414839
2462 12250673391863
2463 12251188272863
2464 12251188272919
2465 12275247501851
2466 12293036715919
2467 12300352881829
2468 12330784930909
2469 12338323618853
2470 12338409231901
2471 12347602901911
2472 12353219343901
2473 12357472612789
2474 12357472612853
2475 12360461353819
2476 12361620762901
2477 12366563431853
2478 12370860711851
2479 12371511507829
2480 12387091230851
2481 12394011267851
2482 12405721056829
2483 12407641195853
2484 12408330528851
2485 12410495523851
2486 12412680902911
2487 12416512284851
2488 12419042890789
2489 12419173241809
2490 12419173241861
2491 12437231763863
2492 12481626401911
2493 12484605312901
2494 12490204665863
2495 12492810332861
2496 12504315297863
2497 12504315297919
2498 12511616682919
2499 12518453700901
2500 12523233654851
2501 12536346500809
2502 12547047550789
2503 12547047550853
2504 12547900431901
2505 12563800802911
2506 12574600834909
2507 12594451022861
2508 12601673270861
2509 12602309184851
2510 12607334094799
2511 12609217273909
2512 12610572843863
2513 12614163902861
2514 12615722905853
2515 12621371634901
2516 12627107068853
2517 12627107068909
2518 12630619930909
2519 12638440390789
2520 12642607124911
2521 12647304115819
2522 12649751203853
2523 12654906052853
2524 12667230414851
2525 12700527372851
2526 12711029262829
2527 12722746027909
2528 12725465062853
2529 12747612501851
2530 12753209232901
2531 12753553044919
2532 12754690510853
2533 12772623207863
2534 12802376007901
2535 12802813181861
2536 12803071594853
2537 12806128813789
2538 12806128813853
2539 12809342614853
2540 12813725713909
2541 12820850607919
2542 12822296142863
2543 12827501046851
2544 12831090840851
2545 12831390133819
2546 12834260602819
2547 12851632911863
2548 12860232623911
2549 12905335291909
2550 12931801545799
2551 12934044412819
2552 12937003564789
2553 12943206404809
2554 12945300092861
2555 12957312244853
2556 12963301740901
2557 13000747913861
2558 13007003985851
2559 13007433366901
2560 13015282328861
2561 13020809835799
2562 13020809835863
2563 13023207845911
2564 13040223045877
2565 13052351667799
2566 13055141496919
2567 13065482740853
2568 13083014946919
2569 13083721383919
2570 13094071636909
2571 13110745128829
2572 13115036564911
2573 13145713613911
2574 13148061186919
2575 13152246196853
2576 13152990150851
2577 13154260316839
2578 13164516224809
2579 13166291227853
2580 13184201645809
2581 13189236412789
2582 13201384408819
2583 13201671545861
2584 13203792247853
2585 13208117638789
2586 13208117638853
2587 13211149593919
2588 13213220059903
2589 13221432377911
2590 13223413866799
2591 13225252297853
2592 13228038237863
2593 13234553721901
2594 13237816013809
2595 13240598102911
2596 13244511058819
2597 13256712561919
2598 13268403701911
2599 13270682030839
2600 13281848130919
2601 13289252044909
2602 13302886413919
2603 13302960093851
2604 13315790203819
2605 13322204972809
2606 13322204972861
2607 13322690256919
2608 13327514544863
2609 13332901526911
2610 13341693405863
2611 13346365215919
2612 13350105945901
2613 13353387511853
2614 13353387511909
2615 13366407204901
2616 13382221275851
2617 13382221275901
2618 13384070086909
2619 13412705408911
2620 13413335038819
2621 13416607510819
2622 13416668112919
2623 13424565330901
2624 13451022945851
2625 13483334650909
2626 13489074012863
2627 13500843270829
2628 13506752442863
2629 13513324406839
2630 13514865016789
2631 13523125095901
2632 13524700742911
2633 13527315332911
2634 13552302094819
2635 13556711321861
2636 13561441440829
2637 13565104722901
2638 13579060104901
2639 13585423504909
2640 13586103732919
2641 13587211305901
2642 13600921755919
2643 13605067340861
2644 13611061400933
2645 13628022444851
2646 13628022444901
2647 13631451618919
2648 13643325481909
2649 13676252242909
2650 13707112733861
2651 13709411284909
2652 13711904054861
2653 13712373404861
2654 13724056204819
2655 13725443043901
2656 13726071822863
2657 13731102594851
2658 13738244070919
2659 13751492003861
2660 13751492003911
2661 13766841013853
2662 13771225215851
2663 13773601920919
2664 13785841200799
2665 13820232492851
2666 13820232492901
2667 13820364242911
2668 13826815203919
2669 13833253281919
2670 13843037014819
2671 13856261053853
2672 13895010841853
2673 13895010841909
2674 13914723352853
2675 13930138336909
2676 13937412505789
2677 13940143618853
2678 13982910033919
2679 14001364687853
2680 14003630582839
2681 14012242666819
2682 14022158534861
2683 14022158534911
2684 14023109367851
2685 14030172588799
2686 14039335231819
2687 14040456456919
2688 14040566082901
2689 14040810755809
2690 14040810755861
2691 14043317377853
2692 14044837270909
2693 14046082405819
2694 14046520293851
2695 14053571261861
2696 14059295500909
2697 14060408156911
2698 14060633661901
2699 14063294271863
2700 14065924143863
2701 14069021444809
2702 14070724056901
2703 14073262285909
2704 14074713108851
2705 14074713108901
2706 14084112636851
2707 14086075810853
2708 14091112760839
2709 14095950051863
2710 14102578660789
2711 14103318851861
2712 14104182635861
2713 14111393372809
2714 14112780673853
2715 14112997221863
2716 14122308580819
2717 14126661221839
2718 14136032294809
2719 14143080725861
2720 14156290713919
2721 14161148941909
2722 14165150533819
2723 14168102318809
2724 14170811352829
2725 14171144490851
2726 14174080618909
2727 14188513431919
2728 14212612187911
2729 14213472308911
2730 14234174324911
2731 14234367225919
2732 14240760138851
2733 14241424192819
2734 14244966220789
2735 14248170421819
2736 14250276363863
2737 14251085116819
2738 14253019194863
2739 14253145470901
2740 14255002808861
2741 14258323151861
2742 14260103348839
2743 14270344245901
2744 14276025306901
2745 14301591084901
2746 14305805550851
2747 14311219292861
2748 14313313638851
2749 14313313638901
2750 14320859341909
2751 14324422361839
2752 14328311692789
2753 14328311692853
2754 14328311692909
2755 14329356312919
2756 14340681381919
2757 14351522454851
2758 14354041084819
2759 14361188305909
2760 14374374204863
2761 14375360302819
2762 14383644151909
2763 14402900058829
2764 14409045222829
2765 14421646530901
2766 14426172026911
2767 14440831451861
2768 14440831451911
2769 14464361312809
2770 14465632500901
2771 14480081421829
2772 14485602005911
2773 14511592821799
2774 14513724426863
2775 14517137353909
2776 14524525237909
2777 14542229641789
2778 14555503615909
2779 14556065340799
2780 14565062604863
2781 14575418040863
2782 14576520523909
2783 14611141187809
2784 14629320521911
2785 14630618263853
2786 14632354106861
2787 14639600411809
2788 14691052134851
2789 14700852242911
2790 14703091623851
2791 14715541700911
2792 14724931026919
2793 14750296024909
2794 14770507701799
2795 14770507701863
2796 14782090044863
2797 14800076922863
2798 14805023724851
2799 14809781002789
2800 14809781002853
2801 14812118805863
2802 14822500953919
2803 14832321208819
2804 14856115032901
2805 14864630502919
2806 14881023085853
2807 14901250940809
2808 14911047643853
2809 14912735412919
2810 14938011660799
2811 14945512440919
2812 14951338100861
2813 14985000027901
2814 15003115305877
2815 15012105397819
2816 15012467180911
2817 15024320747809
2818 15025694030911
2819 15049089102799
2820 15053515425901
2821 15060000797861
2822 15072064352861
2823 15080340928789
2824 15104638322911
2825 15116000280877
2826 15120158054839
2827 15121368602861
2828 15127081127861
2829 15136944223853
2830 15142647235789
2831 15145656210851
2832 15147930230911
2833 15155145427909
2834 15161554038863
2835 15161554038919
2836 15172158203861
2837 15172158203911
2838 15172201836851
2839 15172393401901
2840 15181214088863
2841 15182414742799
2842 15186820401901
2843 15190640550851
2844 15202029707911
2845 15210244492819
2846 15210861264901
2847 15211067457799
2848 15212146382911
2849 15220648165909
2850 15220661508851
2851 15223306576909
2852 15233402178851
2853 15234654030829
2854 15235122708851
2855 15235122708901
2856 15236730602809
2857 15243033765863
2858 15245526210829
2859 15264033367789
2860 15266017143851
2861 15295621423909
2862 15315021447829
2863 15316932013819
2864 15318770161909
2865 15332237625919
2866 15334064460851
2867 15334064460901
2868 15343156142911
2869 15344211577853
2870 15354463521863
2871 15358111325861
2872 15368402040829
2873 15372281038909
2874 15375554122909
2875 15394903140863
2876 15398640031909
2877 15401171943901
2878 15410193244819
2879 15415145275909
2880 15417164334799
2881 15417164334863
2882 15418102264819
2883 15421444645853
2884 15423013993789
2885 15423183732799
2886 15423851141911
2887 15424311607819
2888 15434413086863
2889 15435351363799
2890 15435635241919
2891 15444178213853
2892 15446050026829
2893 15455002095851
2894 15462603273919
2895 15486036060799
2896 15486036060863
2897 15504155304829
2898 15505684041863
2899 15507513170861
2900 15508007028851
2901 15514262184919
2902 15563527240853
2903 15576833200853
2904 15576833200909
2905 15603019802911
2906 15605181143861
2907 15618040047851
2908 15621734330809
2909 15631061920819
2910 15631710901819
2911 15696239919961
2912 15698131024789
2913 15701616053861
2914 15704026375789
2915 15712573900853
2916 15724502340829
2917 15725233372853
2918 15734141261911
2919 15761470342789
2920 15806016318919
2921 15830691133853
2922 15837044220901
2923 15837129103909
2924 15838013217799
2925 15845420114809
2926 15854074122863
2927 15873232324909
2928 15906311832863
2929 15952605101911
2930 15954026502863
2931 15954026502919
2932 16001033329903
2933 16001219148829
2934 16010122442887
2935 16010122442933
2936 16016631308809
2937 16022681910901
2938 16023048190819
2939 16025466172789
2940 16025585007919
2941 16029733040911
2942 16040291227819
2943 16045215281861
2944 16061735335909
2945 16062693060863
2946 16062693060919
2947 16062776001851
2948 16070716260901
2949 16093181263909
2950 16111418188909
2951 16115161527901
2952 16132137812911
2953 16136451008809
2954 16136451008861
2955 16140209642861
2956 16140661154809
2957 16145429340919
2958 16154218722919
2959 16183252650863
2960 16201068907789
2961 16211991510851
2962 16222074290809
2963 16223662053901
2964 16241288220851
2965 16245028008851
2966 16261055364863
2967 16296424320863
2968 16303021928911
2969 16306592112851
2970 16314709143919
2971 16317055561853
2972 16320539083853
2973 16332209315809
2974 16332410651839
2975 16333230374911
2976 16342690323919
2977 16361122715911
2978 16363333503851
2979 16376123226863
2980 16383234123901
2981 16400527851919
2982 16411624550809
2983 16413342282901
2984 16425226061809
2985 16425226061861
2986 16430464128919
2987 16440703821851
2988 16472265700789
2989 16473207315863
2990 16509810410809
2991 16520751323861
2992 16530553065863
2993 16542843012901
2994 16544324411861
2995 16553402518789
2996 16564402552853
2997 16564402552909
2998 16566011312839
2999 16592476569961
3000 16601424726919
3001 16610806042819
3002 16613275702853
3003 16619433304853
3004 16627002603829
3005 16645530333799
3006 16730409501901
3007 16742524032851
3008 16788613000909
3009 16801048402819
3010 16826762020909
3011 16869210304853
3012 16870076301863
3013 16870076301919
3014 16920513408919
3015 16950039132863
3016 16951004550901
3017 17021961805789
3018 17022044951809
3019 17029260733789
3020 17032325904851
3021 17036616252919
3022 17048187399809
3023 17062505820901
3024 17063930303911
3025 17070075215861
3026 17081035191901
3027 17086523340919
3028 17102002406887
3029 17106009537863
3030 17107960332863
3031 17111037734911
3032 17121864324863
3033 17121864324919
3034 17123316570901
3035 17127931081853
3036 17142102301897
3037 17158515330799
3038 17160604627853
3039 17164126453853
3040 17177534005909
3041 17189351401853
3042 17189351401909
3043 17201560567853
3044 17208571013861
3045 17209115081861
3046 17210590861909
3047 17220382825853
3048 17236094301851
3049 17242930322861
3050 17247700431851
3051 17247700431901
3052 17260812342901
3053 17262182128909
3054 17281260922853
3055 17305705023829
3056 17310352936909
3057 17310433361839
3058 17311192999811
3059 17320905264919
3060 17321191136911
3061 17342427135863
3062 17347410813919
3063 17350217824909
3064 17363033450911
3065 17371127103829
3066 17380510176919
3067 17400441663851
3068 17403346605863
3069 17404805223851
3070 17404805223901
3071 17406150942799
3072 17411025473861
3073 17412826153909
3074 17413128036851
3075 17416722118853
3076 17424128420911
3077 17429111275789
3078 17429111275853
3079 17429111275909
3080 17466120390799
3081 17507660430919
3082 17512408512901
3083 17525701413851
3084 17542550335853
3085 17616314434909
3086 17630300767909
3087 17640628122863
3088 17660708010901
3089 17702234612809
3090 17702583312919
3091 17707302620911
3092 17714100120877
3093 17742531028909
3094 17752440522799
3095 17760240850789
3096 17800066362863
3097 17812419420799
3098 17837300118863
3099 17902203730819
3100 17902510960909
3101 17909201326853
3102 17952026017789
3103 18000383661901
3104 18005075734909
3105 18006706710851
3106 18016081942853
3107 18023305248901
3108 18025030454839
3109 18028604155789
3110 18041151806911
3111 18045255306863
3112 18050557450909
3113 18053205902861
3114 18062005535911
3115 18070550520829
3116 18080900207809
3117 18090035455853
3118 18090600821809
3119 18093100632829
3120 18105308905909
3121 18115381412861
3122 18117712999931
3123 18120527454919
3124 18123800624861
3125 18124817002819
3126 18125216405809
3127 18126005363861
3128 18127121660861
3129 18135423255863
3130 18136634223919
3131 18170364171863
3132 18176011176863
3133 18192526311863
3134 18217530180901
3135 18220220393839
3136 18220707017809
3137 18223326147919
3138 18236147120809
3139 18240076507853
3140 18272808031853
3141 18293463211853
3142 18302074621819
3143 18303080480911
3144 18311117826863
3145 18314331961789
3146 18317029306853
3147 18317042540809
3148 18317515081909
3149 18324009180901
3150 18346016407909
3151 18380412152911
3152 18391055611853
3153 18403220841829
3154 18403343081911
3155 18405207243851
3156 18412626324863
3157 18431336173909
3158 18442284200861
3159 18444035013829
3160 18472013670863
3161 18523375200851
3162 18523430325901
3163 18530153730901
3164 18560251515919
3165 18584143010861
3166 18652640701789
3167 18700180126819
3168 18711519021851
3169 18713108030839
3170 18713444016863
3171 18790300173863
3172 18821372001829
3173 18831712302901
3174 18835020913789
3175 18870106230901
3176 19016025603829
3177 19016470363789
3178 19018332601819
3179 19028238111851
3180 19030405980799
3181 19038743889961
3182 19042043453911
3183 19056145310911
3184 19080024308809
3185 19080024308861
3186 19080737230909
3187 19084003573853
3188 19101961215901
3189 19102279050901
3190 19103673030829
3191 19115715414919
3192 19119104234809
3193 19119104234861
3194 19125021921829
3195 19128552200809
3196 19131645370909
3197 19137091032901
3198 19140836601919
3199 19156205202829
3200 19156651221919
3201 19172231225911
3202 19201294512901
3203 19202567323789
3204 19204407238789
3205 19204407238853
3206 19206211662851
3207 19208821350799
3208 19216803204901
3209 19221428343919
3210 19242711342901
3211 19248411810799
3212 19276100314819
3213 19277041013911
3214 19290634330789
3215 19303074090851
3216 19391164500863
3217 19402140486919
3218 19410026592863
3219 19420661605789
3220 19422305262901
3221 19422512233819
3222 19432121922901
3223 19446312221911
3224 19449033105863
3225 19454131008901
3226 19457270022863
3227 19458604111789
3228 19470133023829
3229 19609106120861
3230 19639012342853
3231 19673615001863
3232 19702840621853
3233 19731153027919
3234 19740337104919
3235 19770104065853
3236 19804112621911
3237 19823405021911
3238 19872302161853
3239 19901006932789
3240 19901006932853
3241 19953068559961
3242 20011453928861
3243 20016269068909
3244 20017873272863
3245 20017873272919
3246 20024338670911
3247 20029035527861
3248 20041484646919
3249 20045601248839
3250 20047317174901
3251 20051729811851
3252 20059426071851
3253 20063211494839
3254 20066055672919
3255 20073134776789
3256 20074900544911
3257 20084460475853
3258 20084460475909
3259 20094525018901
3260 20108192373851
3261 20113622657809
3262 20118419343851
3263 20118419343901
3264 20122468470851
3265 20125104585829
3266 20133345643819
3267 20138291630861
3268 20144442446861
3269 20146242528851
3270 20152145507839
3271 20156404451839
3272 20156651247919
3273 20159562122911
3274 20161917571853
3275 20167772511863
3276 20173044374911
3277 20184713702809
3278 20190954810863
3279 20191751760919
3280 20206783920863
3281 20207308756853
3282 20208150537829
3283 20218239273919
3284 20220158294911
3285 20221537374851
3286 20221893122839
3287 20224316841829
3288 20232653534809
3289 20236310658901
3290 20239470206861
3291 20246940831919
3292 20250037926851
3293 20253154545851
3294 20255450791789
3295 20259163213819
3296 20261386416863
3297 20262511944901
3298 20274764701853
3299 20280221297911
3300 20290204556911
3301 20303363950819
3302 20309170284901
3303 20312922625819
3304 20313681943909
3305 20315386260901
3306 20320608751819
3307 20322232547839
3308 20322686007901
3309 20325905051839
3310 20333941423819
3311 20335560943853
3312 20335560943909
3313 20340284218819
3314 20340345365861
3315 20340875623853
3316 20375252136851
3317 20380210698863
3318 20394578399863
3319 20401904626819
3320 20408539090789
3321 20410195755799
3322 20411624472829
3323 20423157803911
3324 20430044958863
3325 20431132944829
3326 20432443418861
3327 20434452708799
3328 20438293211911
3329 20445412846853
3330 20447046643789
3331 20461413095911
3332 20461456404901
3333 20461653260809
3334 20486402256799
3335 20490027552901
3336 20507632332829
3337 20511845544863
3338 20519277012851
3339 20530349716853
3340 20531001245933
3341 20542107825901
3342 20542208544901
3343 20544362027911
3344 20554631347909
3345 20561281254851
3346 20574251283919
3347 20591232852863
3348 20592503080819
3349 20604322463839
3350 20606130890861
3351 20613475305851
3352 20613534285863
3353 20620107768863
3354 20631191628863
3355 20633914390853
3356 20642104970911
3357 20645450544799
3358 20673338022901
3359 20689090110851
3360 20700182382829
3361 20700375417851
3362 20702072556901
3363 20704647510851
3364 20717323653863
3365 20717323653919
3366 20717412591919
3367 20718260761789
3368 20733525363919
3369 20738135312809
3370 20741657511919
3371 20754318244789
3372 20759847819961
3373 20765131631809
3374 20782451330911
3375 20791461405863
3376 20801115644839
3377 20801239056901
3378 20802538413851
3379 20802734356853
3380 20805176551909
3381 20812571715863
3382 20821214685863
3383 20835181407863
3384 20840029554919
3385 20843275171909
3386 20852703131839
3387 20860820504861
3388 20860820504911
3389 20868355002863
3390 20869232112851
3391 20874443010829
3392 20875530261919
3393 20886221470789
3394 20924332770799
3395 20941314830809
3396 20942027532851
3397 20942525703863
3398 21014922200887
3399 21014922200933
3400 21022846087853
3401 21024275704819
3402 21025027908851
3403 21031204983829
3404 21035931641911
3405 21038656224799
3406 21044872434919
3407 21056310674911
3408 21059561622863
3409 21063081328819
3410 21074359310861
3411 21074359310911
3412 21095361044809
3413 21112237547809
3414 21114340043887
3415 21120805876789
3416 21146004494809
3417 21146004494861
3418 21149060652851
3419 21153507727789
3420 21156448221851
3421 21177062923789
3422 21182723661863
3423 21210298560901
3424 21219833610851
3425 21219833610901
3426 21222065884909
3427 21222129158809
3428 21232454664919
3429 21232536064819
3430 21244484114911
3431 21260456761853
3432 21261705960799
3433 21262421363839
3434 21269148007853
3435 21275261136851
3436 21294012266861
3437 21298601910919
3438 21300927650809
3439 21306170258809
3440 21320848124861
3441 21323213276839
3442 21334192172809
3443 21339284521909
3444 21343327087853
3445 21351253491851
3446 21351253491901
3447 21351541922861
3448 21381117057851
3449 21391513902901
3450 21392027725909
3451 21401273852911
3452 21414751343861
3453 21414751343911
3454 21424392711851
3455 21426194222809
3456 21430195082809
3457 21430195082861
3458 21436307545789
3459 21440198092909
3460 21450271905851
3461 21450616717853
3462 21450616717909
3463 21481411047829
3464 21494020715809
3465 21497127115909
3466 21513261465901
3467 21516056720861
3468 21516432561901
3469 21519090066863
3470 21521592413809
3471 21521592413861
3472 21528343534909
3473 21529259022863
3474 21530162924861
3475 21530162924911
3476 21550256446853
3477 21550256446909
3478 21552156611861
3479 21554135167909
3480 21581376511909
3481 21588211821863
3482 21590453424919
3483 21601353248809
3484 21601353248861
3485 21615105537901
3486 21623032853809
3487 21626411028829
3488 21628430518909
3489 21649224302861
3490 21665466013909
3491 21666414180863
3492 21673320008839
3493 21681465006919
3494 21696061230901
3495 21700095452911
3496 21712724321839
3497 21717783103853
3498 21740822455789
3499 21750566413853
3500 21755222284909
3501 21763611360901
3502 21800734622861
3503 21807300374861
3504 21821463512809
3505 21830555202829
3506 21831067074799
3507 21833402760901
3508 21836136351863
3509 21852303177919
3510 21894211250809
3511 21900547065863
3512 21900547065919
3513 21906312366863
3514 21917284010861
3515 21917284010911
3516 21920115816901
3517 21920760426863
3518 22004907327901
3519 22008633754853
3520 22010461968799
3521 22016355916853
3522 22016355916909
3523 22024392174901
3524 22029662443909
3525 22030830980861
3526 22033884111829
3527 22056215441839
3528 22059025077799
3529 22080384051829
3530 22082230320877
3531 22090923661853
3532 22100484641839
3533 22107315861901
3534 22111829437853
3535 22112142204953
3536 22113127733839
3537 22114040331953
3538 22118006852861
3539 22118635223911
3540 22118723153861
3541 22119263324911
3542 22122873417863
3543 22126206285901
3544 22130258781863
3545 22133410567819
3546 22134654733853
3547 22134654733909
3548 22137082730911
3549 22142068722901
3550 22142907035911
3551 22157957679961
3552 22159311504829
3553 22165450262911
3554 22184013771851
3555 22192802095909
3556 22207487016863
3557 22208842605799
3558 22219054308901
3559 22225123786909
3560 22226419164863
3561 22229301338809
3562 22229301338861
3563 22230846161911
3564 22231037677909
3565 22231452738863
3566 22244273581853
3567 22254163108819
3568 22256167540853
3569 22256167540909
3570 22258200228829
3571 22261264127911
3572 22271058041839
3573 22283374211911
3574 22290104843861
3575 22293152044819
3576 22303291264819
3577 22306195542863
3578 22307435055901
3579 22317759399883
3580 22318232427901
3581 22323381523819
3582 22334865411919
3583 22340167403839
3584 22340437726853
3585 22341675113861
3586 22342084144819
3587 22342144454911
3588 22358019028789
3589 22358420481799
3590 22360375340861
3591 22363205355901
3592 22368511303819
3593 22370016075829
3594 22372903710901
3595 22384164280853
3596 22384164280909
3597 22393474041919
3598 22400477171861
3599 22401922765853
3600 22402628491853
3601 22404248743909
3602 22404673191799
3603 22408345381789
3604 22408530394909
3605 22423790103829
3606 22429151055901
3607 22433363517919
3608 22444137651863
3609 22496150223851
3610 22503307548863
3611 22509084140911
3612 22511923163809
3613 22512918303901
3614 22513235265901
3615 22515201557861
3616 22523417842853
3617 22535365031911
3618 22552108374919
3619 22590120684799
3620 22601051150933
3621 22602157194919
3622 22607156370863
3623 22612252176901
3624 22614041238829
3625 22619313221839
3626 22630501196861
3627 22640444625863
3628 22654510425901
3629 22661754141919
3630 22663504326863
3631 22664045056789
3632 22664045056853
3633 22680443114911
3634 22682505505789
3635 22706601606901
3636 22711155263809
3637 22714923037789
3638 22716218120839
3639 22721518524799
3640 22721518524863
3641 22722248127863
3642 22724034561901
3643 22741074504851
3644 22741074504901
3645 22744250940863
3646 22761208191863
3647 22765695459961
3648 22771232734853
3649 22785158589961
3650 22808127041911
3651 22809148989961
3652 22812705480919
3653 22813275041861
3654 22815068000839
3655 22823164051819
3656 22823770400911
3657 22891253170789
3658 22911200595901
3659 22927020452911
3660 22930329423919
3661 22930332251839
3662 22931420805851
3663 22935253100839
3664 23004264623839
3665 23008109390911
3666 23012617352839
3667 23024512583861
3668 23027484055909
3669 23032966126853
3670 23033023794901
3671 23039627602853
3672 23044282631809
3673 23050307844901
3674 23055417431861
3675 23055417431911
3676 23058252440911
3677 23062042772911
3678 23072187217789
3679 23081608106911
3680 23094106227901
3681 23105026067839
3682 23106220241887
3683 23107344542809
3684 23108931652789
3685 23114868250853
3686 23115411557911
3687 23121631625839
3688 23122095018829
3689 23123065941901
3690 23124132376819
3691 23125663552909
3692 23126206382809
3693 23133419423809
3694 23133604253839
3695 23136138345863
3696 23138852430919
3697 23156054190851
3698 23165167215863
3699 23170011478819
3700 23184501915919
3701 23198410521851
3702 23201941058861
3703 23202462258901
3704 23212251575861
3705 23223374226851
3706 23231607066851
3707 23237112757853
3708 23239057413863
3709 23247811435789
3710 23275230064819
3711 23280252062839
3712 23280338250901
3713 23280570535909
3714 23286322624853
3715 23290242426901
3716 23305162842901
3717 23314490806909
3718 23332235614819
3719 23333453181851
3720 23333862820909
3721 23343232095901
3722 23350906164919
3723 23353991005789
3724 23362420455851
3725 23363910203839
3726 23366043363863
3727 23378322213901
3728 23390711411839
3729 23395618599853
3730 23413260518861
3731 23414120204887
3732 23414232487853
3733 23418036700819
3734 23423711832901
3735 23425614616853
3736 23429112708863
3737 23463183015851
3738 23471184441919
3739 23480037705919
3740 23480911017901
3741 23492140215829
3742 23510087532851
3743 23510087532901
3744 23534734311901
3745 23548222038799
3746 23580413604851
3747 23587212032809
3748 23593416250853
3749 23593416250909
3750 23596101345919
3751 23604550744909
3752 23613380106829
3753 23618260380863
3754 23621801565799
3755 23644210391861
3756 23652811614863
3757 23662710321829
3758 23686002710809
3759 23695436499853
3760 23695518100789
3761 23700244712839
3762 23711013747901
3763 23726254103861
3764 23744060028901
3765 23747815030853
3766 23802920126809
3767 23805463104901
3768 23810324234839
3769 23830180524851
3770 23832371403901
3771 23839201007911
3772 23852414434789
3773 23858000521819
3774 23940655212919
3775 23942314425919
3776 23950211073829
3777 23975102713853
3778 24004088123839
3779 24005830563851
3780 24008108556799
3781 24020815815851
3782 24028626042851
3783 24033449470853
3784 24033449470909
3785 24038013110887
3786 24039749499853
3787 24043302972851
3788 24044631750851
3789 24051951246863
3790 24051951246919
3791 24055215721819
3792 24061925210839
3793 24064133670901
3794 24083406205819
3795 24091076406863
3796 24096480012901
3797 24108352613861
3798 24110732942809
3799 24117256215851
3800 24117256215901
3801 24118286012861
3802 24119736101911
3803 24128021794909
3804 24133056336901
3805 24134127273901
3806 24135260854853
3807 24141019101877
3808 24174352137799
3809 24176270550799
3810 24176270550863
3811 24183012923911
3812 24192710811901
3813 24200644544809
3814 24200644544861
3815 24209421093901
3816 24213501378851
3817 24214217343829
3818 24240484731863
3819 24241973233853
3820 24244226028851
3821 24244226028901
3822 24250332572911
3823 24250841491909
3824 24256302243829
3825 24260464403911
3826 24295090220809
3827 24320390362819
3828 24322276452863
3829 24332006394851
3830 24332018818853
3831 24336003651829
3832 24355622713853
3833 24364301660911
3834 24373308433853
3835 24406132508809
3836 24416444114861
3837 24417411642851
3838 24420581025829
3839 24425812542799
3840 24427680303799
3841 24445316114809
3842 24477071701853
3843 24477071701909
3844 24483503510861
3845 24483503510911
3846 24492511713799
3847 24492832303853
3848 24514401567919
3849 24527204162809
3850 24530702228861
3851 24530702228911
3852 24533082900901
3853 24533312561809
3854 24533312561861
3855 24541463515909
3856 24600402014887
3857 24628102407851
3858 24630271153819
3859 24630362373919
3860 24633090571853
3861 24634820051861
3862 24644082181909
3863 24650119047863
3864 24651281461909
3865 24653113092851
3866 24672021048901
3867 24700189053863
3868 24700189053919
3869 24722039250851
3870 24727622151919
3871 24753202314829
3872 24760252206901
3873 24843514040861
3874 24882015311809
3875 24900630066901
3876 24905053713919
3877 24913151406851
3878 24972233799809
3879 24972233799883
3880 25000763616901
3881 25001029827901
3882 25001526365861
3883 25004428528853
3884 25004538228799
3885 25008390282919
3886 25012711863851
3887 25024904490919
3888 25026930633863
3889 25026930633919
3890 25035253281901
3891 25040719821863
3892 25042089230861
3893 25047711140839
3894 25054845020809
3895 25054845020861
3896 25062247236863
3897 25068100490911
3898 25072341772909
3899 25075351521851
3900 25075351521901
3901 25090218732919
3902 25100565457789
3903 25101817451911
3904 25103295940909
3905 25111223944819
3906 25115901353911
3907 25124506271911
3908 25144302891919
3909 25152647241863
3910 25156106824853
3911 25156301543861
3912 25185246024863
3913 25196221615909
3914 25204270373861
3915 25215904017901
3916 25220862234901
3917 25222810706809
3918 25225038404809
3919 25226027240839
3920 25250629112809
3921 25252144236901
3922 25260271923863
3923 25261067091863
3924 25275520151911
3925 25280552155853
3926 25285247100901
3927 25307412273851
3928 25317016905863
3929 25331127708919
3930 25332274165789
3931 25332545240809
3932 25333511408809
3933 25340288143909
3934 25354004926853
3935 25355027181863
3936 25361259100819
3937 25419628201789
3938 25423472335909
3939 25445411707853
3940 25452023574799
3941 25453310566909
3942 25462238142799
3943 25464405370853
3944 25471580314853
3945 25480631502901
3946 25487100507863
3947 25502083613911
3948 25509121128901
3949 25514843331799
3950 25531086054863
3951 25534160437909
3952 25535221374799
3953 25557022804853
3954 25580243033861
3955 25581006166853
3956 25591506300901
3957 25613560332851
3958 25613560332901
3959 25627512002839
3960 25631061555863
3961 25652351208863
3962 25653103744909
3963 25721280251861
3964 25724490132799
3965 25729785519961
3966 25783310127919
3967 25824112564853
3968 25830534126919
3969 25835647569961
3970 25853414512789
3971 25880121345863
3972 25880121345919
3973 26008255222819
3974 26010381536911
3975 26012384508863
3976 26018076730853
3977 26023881330851
3978 26025641054911
3979 26033318910901
3980 26042909314789
3981 26044904506853
3982 26050557244909
3983 26051116173829
3984 26056464502909
3985 26070793303853
3986 26080440903851
3987 26092102527901
3988 26104132454839
3989 26108222484863
3990 26142024085819
3991 26153242603819
3992 26161336920799
3993 26174057170909
3994 26203841932909
3995 26204287513909
3996 26205255080861
3997 26206333133839
3998 26221117396853
3999 26222470482799
4000 26239512136853
4001 26240405325829
4002 26246730081863
4003 26252611555853
4004 26252611555909
4005 26254002864799
4006 26260702308851
4007 26261383005901
4008 26266920102851
4009 26280502712861
4010 26291076124909
4011 26315436180863
4012 26337032352901
4013 26347160303809
4014 26347160303861
4015 26366811012851
4016 26382509221853
4017 26383843120853
4018 26428225440863
4019 26428225440919
4020 26437515043853
4021 26444810601851
4022 26445422802863
4023 26447762199809
4024 26452462062799
4025 26476312500851
4026 26498002620799
4027 26500283172851
4028 26523443641853
4029 26539116231799
4030 26583013525909
4031 26601416931799
4032 26607090127789
4033 26607552060799
4034 26610350444809
4035 26611781044909
4036 26616740404789
4037 26620276320851
4038 26630417532799
4039 26632501618909
4040 26710331772919
4041 26716330017851
4042 26728886229961
4043 26743602370789
4044 26776410123863
4045 26810521225819
4046 26821911513799
4047 26822076101809
4048 26880120005839
4049 26901865300789
4050 26902174630789
4051 26902174630853
4052 27000246456851
4053 27006812733799
4054 27009290006861
4055 27010401992911
4056 27011141684861
4057 27017101518829
4058 27032130778909
4059 27034416602911
4060 27035304146861
4061 27035807210809
4062 27063167161853
4063 27079782279961
4064 27081074281853
4065 27082120193809
4066 27082120193861
4067 27102345137911
4068 27103476027799
4069 27106046553919
4070 27126317214901
4071 27131464407799
4072 27131660108911
4073 27133533044809
4074 27151181440819
4075 27172050227911
4076 27180391261853
4077 27181842000829
4078 27193021631861
4079 27201616906853
4080 27225045413809
4081 27231243273901
4082 27252043218901
4083 27252128213861
4084 27271902226853
4085 27274110943853
4086 27274110943909
4087 27280632370853
4088 27290120048809
4089 27290120048861
4090 27300335637863
4091 27311543922863
4092 27312580930853
4093 27318165002861
4094 27344001293911
4095 27346014355789
4096 27355407340909
4097 27360363613789
4098 27371107650919
4099 27393912121853
4100 27393912121909
4101 27401078136919
4102 27402140462839
4103 27417337410863
4104 27420726811909
4105 27420921333901
4106 27428058121909
4107 27429004237853
4108 27432282006901
4109 27435935010863
4110 27448928349961
4111 27484000254901
4112 27501891034789
4113 27510103844911
4114 27511770144863
4115 27511770144919
4116 27522691033853
4117 27570113901851
4118 27623246233789
4119 27700414163809
4120 27753342321799
4121 27802139160919
4122 27830461314863
4123 27830461314919
4124 27851106442853
4125 27852430090789
4126 27852430090853
4127 27860577819961
4128 27930619959961
4129 28000172376851
4130 28000172376901
4131 28015140563911
4132 28021618056799
4133 28024256055799
4134 28027115721851
4135 28035239899873
4136 28040118055819
4137 28080065015809
4138 28080065015861
4139 28090931125853
4140 28096101364789
4141 28104664702853
4142 28110367214911
4143 28116736131863
4144 28123535092909
4145 28126560037853
4146 28140070293851
4147 28144032628909
4148 28148012162911
4149 28151165740909
4150 28157311411819
4151 28211940035809
4152 28212175038799
4153 28212175038863
4154 28219401205819
4155 28251307264853
4156 28300210568911
4157 28303136160829
4158 28315661004901
4159 28331005057819
4160 28332214712861
4161 28365480211853
4162 28365480211909
4163 28390021236851
4164 28434112407851
4165 28434112407901
4166 28440307034911
4167 28440566022863
4168 28466943459961
4169 28530320754919
4170 28551129402919
4171 28570560201851
4172 28621811244919
4173 28625444311909
4174 28633450414909
4175 28636240032901
4176 28682146201789
4177 28753242222919
4178 28814401701901
4179 28817601034909
4180 28850512302851
4181 28850512302901
4182 28942000091911
4183 29002306674799
4184 29004046331839
4185 29006692010861
4186 29006900045911
4187 29031835152799
4188 29041412566853
4189 29050398022909
4190 29072419500919
4191 29084310313819
4192 29086264002863
4193 29100261680911
4194 29114551008901
4195 29119219221863
4196 29121037923799
4197 29140467312863
4198 29151101555809
4199 29182391022919
4200 29193741211853
4201 29248135114789
4202 29252008231819
4203 29266102525789
4204 29266131820853
4205 29312822631863
4206 29373171403909
4207 29401049430901
4208 29403842305853
4209 29410054803851
4210 29410820433851
4211 29411640252901
4212 29421321207829
4213 29440640245853
4214 29440640245909
4215 29457500120861
4216 29506621140901
4217 29507020275919
4218 29524422231901
4219 29532630240851
4220 29545401054919
4221 29561276299873
4222 29566707369961
4223 29627405000861
4224 29662131028909
4225 29671620610909
4226 29702140316809
4227 29702470512863
4228 29707708839961
4229 29720305308919
4230 29901602211829
4231 29904353131853
4232 29904353131909
4233 29920166400799
4234 29930932299809
4235 30001375735819
4236 30011554367911
4237 30013453527829
4238 30015366147901
4239 30041190692809
4240 30047573047853
4241 30048852451789
4242 30050923517809
4243 30053413965863
4244 30057214882789
4245 30057371160829
4246 30065482921853
4247 30066427165909
4248 30075942702919
4249 30088026291863
4250 30088026291919
4251 30090550247861
4252 30098114842853
4253 30100487243839
4254 30108506175851
4255 30125247800839
4256 30133182318829
4257 30146038942909
4258 30148565025919
4259 30152287156853
4260 30152287156909
4261 30152443581851
4262 30153414282829
4263 30162719217919
4264 30165414047911
4265 30171408417901
4266 30173625714919
4267 30181266274909
4268 30190982121851
4269 30193453137919
4270 30201525962911
4271 30208682232901
4272 30211312172933
4273 30213990382789
4274 30220529643851
4275 30223027475911
4276 30227117999831
4277 30231773181901
4278 30232531395901
4279 30232614756863
4280 30232614756919
4281 30234537940853
4282 30236066355799
4283 30237147233911
4284 30246328911863
4285 30249506430851
4286 30249506430901
4287 30251518901809
4288 30281138082851
4289 30283473131809
4290 30291704208851
4291 30308603736863
4292 30309309742909
4293 30315727035851
4294 30321850396853
4295 30325336208911
4296 30337078081853
4297 30345927101911
4298 30353323638863
4299 30360463663853
4300 30362119262911
4301 30367016460901
4302 30368112216829
4303 30370897110863
4304 30388110714901
4305 30398737000909
4306 30412198840789
4307 30416204086819
4308 30423389025863
4309 30423850181861
4310 30428343643853
4311 30431948120911
4312 30432187651909
4313 30435037560901
4314 30458121732851
4315 30459150723863
4316 30461653353799
4317 30480007584919
4318 30483385123909
4319 30491710905863
4320 30507522506861
4321 30510605763851
4322 30510605763901
4323 30513266522911
4324 30521758612789
4325 30527156014819
4326 30564173740853
4327 30567418051853
4328 30600881610829
4329 30604228740901
4330 30612373590863
4331 30618060268853
4332 30632232972799
4333 30637931013901
4334 30643128364909
4335 30656038135909
4336 30659340320911
4337 30667145223863
4338 30670057353863
4339 30671416014829
4340 30692220290911
4341 30704023646861
4342 30706019436863
4343 30706803471919
4344 30731389100809
4345 30731528091799
4346 30750402099917
4347 30754607220901
4348 30762215222839
4349 30800034886909
4350 30800687210861
4351 30810284076863
4352 30815902605863
4353 30825520294853
4354 30825520294909
4355 30860313543901
4356 30861405005839
4357 30873273601909
4358 30876111015829
4359 30881017245863
4360 30912571506799
4361 30920143651819
4362 30922191612901
4363 30940272480863
4364 30952611373909
4365 30959090121919
4366 31002963354851
4367 31003294347901
4368 31006464126829
4369 31013737077863
4370 31016269615853
4371 31025229372901
4372 31027743553853
4373 31030629163819
4374 31037601906901
4375 31038911626909
4376 31040856620861
4377 31045826060911
4378 31079600701819
4379 31096361091799
4380 31115458204819
4381 31122148675789
4382 31129207572863
4383 31129735243853
4384 31131656324861
4385 31132107022943
4386 31140444715819
4387 31144326128911
4388 31156831232809
4389 31156831232861
4390 31164214657909
4391 31171384813909
4392 31180292760863
4393 31181055840901
4394 31186053372863
4395 31186313064901
4396 31186412346863
4397 31194146415863
4398 31194146415919
4399 31210996126853
4400 31214226892789
4401 31219451532901
4402 31225482324851
4403 31232576610901
4404 31234162931809
4405 31253363373919
4406 31260421683851
4407 31283062456853
4408 31283062456909
4409 31286092315909
4410 31290723323809
4411 31293281353909
4412 31294373430863
4413 31307822451901
4414 31311459630901
4415 31312747223809
4416 31314559305919
4417 31315362556909
4418 31317108244819
4419 31319399200853
4420 31320519614911
4421 31320758430851
4422 31323539114911
4423 31324122688853
4424 31327609710863
4425 31327609710919
4426 31329216107911
4427 31333815116809
4428 31333815116861
4429 31345600287919
4430 31346751020839
4431 31349361111829
4432 31355178241909
4433 31360619613863
4434 31363513118911
4435 31393209027799
4436 31395310811911
4437 31434993130909
4438 31442961541853
4439 31448302614901
4440 31451608610809
4441 31454523071911
4442 31460121594851
4443 31461354741799
4444 31472383125919
4445 31480039440851
4446 31492741404919
4447 31501520856851
4448 31501520856901
4449 31510436235829
4450 31516716180919
4451 31531561317901
4452 31535086521863
4453 31535605431851
4454 31535605431901
4455 31536230118829
4456 31537005803861
4457 31543077021829
4458 31546475221909
4459 31556340414901
4460 31570435317919
4461 31580456030861
4462 31592449689961
4463 31600803624829
4464 31611723078919
4465 31614634165789
4466 31615287100819
4467 31632618105901
4468 31634010277819
4469 31654490400851
4470 31654490400901
4471 31673353206863
4472 31676001318851
4473 31702372143829
4474 31703056641901
4475 31711076118901
4476 31712237108809
4477 31714609323919
4478 31758230082863
4479 31758230082919
4480 31801592082919
4481 31809350033809
4482 31809350033861
4483 31818110556863
4484 31818110556919
4485 31849223061863
4486 31852221655789
4487 31871041393909
4488 31880161714789
4489 31890403710901
4490 31920471134911
4491 31925026114819
4492 31926480402799
4493 31927510641799
4494 31927510641863
4495 31933290032911
4496 31936030744789
4497 31974324412909
4498 31980303070819
4499 32002189164851
4500 32011882172861
4501 32013363021877
4502 32017328292863
4503 32020700937829
4504 32025816143861
4505 32035145076901
4506 32038137216851
4507 32038137216901
4508 32056990899853
4509 32093530092901
4510 32103902626819
4511 32105924058799
4512 32110971538853
4513 32110971538909
4514 32112197472799
4515 32120654741911
4516 32120692227851
4517 32132217472819
4518 32132731616809
4519 32132731616861
4520 32134231428829
4521 32135142436819
4522 32135308190911
4523 32142483512809
4524 32142483512861
4525 32145403751911
4526 32151067527919
4527 32161415466919
4528 32169630523853
4529 32181178360789
4530 32195218103809
4531 32202340794851
4532 32203281199907
4533 32203509750851
4534 32206213647851
4535 32208427611901
4536 32209534173863
4537 32210838125861
4538 32212842538853
4539 32221093437851
4540 32221608333829
4541 32221840264819
4542 32226012554839
4543 32230890651863
4544 32232091283911
4545 32232884115863
4546 32238723333919
4547 32245253430829
4548 32247057414863
4549 32254456012819
4550 32265216327919
4551 32265271331911
4552 32270330583851
4553 32273100185839
4554 32281420860851
4555 32282921154863
4556 32286281431909
4557 32293172451863
4558 32300783373863
4559 32305038350839
4560 32307381265909
4561 32311139656853
4562 32320086407911
4563 32324128257919
4564 32324253064819
4565 32325476040901
4566 32330923281851
4567 32332740168919
4568 32334518155789
4569 32350633244911
4570 32355184801909
4571 32360209218851
4572 32361112458901
4573 32401358513861
4574 32401586254853
4575 32402345253829
4576 32407410057829
4577 32411347154911
4578 32414712027829
4579 32427172044851
4580 32431452870919
4581 32432368621909
4582 32433449305909
4583 32433539161789
4584 32434367611909
4585 32435154611861
4586 32454305913863
4587 32455040741911
4588 32456212331839
4589 32478810111851
4590 32486600424919
4591 32490531135851
4592 32502157627853
4593 32504481192919
4594 32511480731809
4595 32511480731861
4596 32512932045851
4597 32522230295809
4598 32525802243901
4599 32532904133861
4600 32538612450863
4601 32540173280809
4602 32546150670799
4603 32548521801863
4604 32594135422789
4605 32594135422853
4606 32594135422909
4607 32602085455853
4608 32604122211877
4609 32608542451789
4610 32610523507819
4611 32621825812789
4612 32646134173909
4613 32671129220861
4614 32690733024799
4615 32704112824819
4616 32716045146919
4617 32759227030909
4618 32762212870853
4619 32763501850909
4620 32812630573909
4621 32832229603853
4622 32842049241863
4623 32872022437789
4624 32901274017851
4625 32905014717919
4626 32911646017909
4627 32921367141863
4628 32921367141919
4629 32921404160839
4630 32958520240853
4631 32984622004909
4632 33009634831853
4633 33012555381901
4634 33018351327901
4635 33028158154909
4636 33040165193911
4637 33043741352861
4638 33062690151901
4639 33102173536819
4640 33102766425919
4641 33107052744851
4642 33133564152851
4643 33133564152901
4644 33137813514863
4645 33137813514919
4646 33149931421853
4647 33171091470851
4648 33202073951911
4649 33207321438901
4650 33224435604851
4651 33225853323919
4652 33231037190839
4653 33232781541863
4654 33235394310851
4655 33238721623853
4656 33241826326789
4657 33243056631901
4658 33252365137853
4659 33266213143819
4660 33273674131853
4661 33311545442911
4662 33328074051851
4663 33333605342809
4664 33353239242919
4665 33354001925861
4666 33354582511853
4667 33371650026901
4668 33379236210799
4669 33383600244901
4670 33391231347863
4671 33414715903909
4672 33415071903901
4673 33423536321911
4674 33427024451861
4675 33438150323861
4676 33441160383901
4677 33441344340829
4678 33483022712809
4679 33534136452919
4680 33537081117863
4681 33557007514853
4682 33574007142901
4683 33600574642853
4684 33610211958919
4685 33610402584851
4686 33621729160853
4687 33631315047901
4688 33646541211851
4689 33649441005863
4690 33681023626853
4691 33681023626909
4692 33694001117911
4693 33701554227799
4694 33701554227863
4695 33702574701919
4696 33720013926901
4697 33740217440911
4698 33741039901853
4699 33750166710919
4700 33803135094919
4701 33832311444851
4702 33863000723861
4703 33901102556911
4704 33901450731851
4705 33902040495863
4706 33902911218863
4707 33905060824853
4708 33910611208819
4709 33913480013911
4710 33914251803799
4711 33915432028789
4712 33920081352851
4713 33931271205851
4714 33940022772863
4715 33940810632863
4716 33993145111789
4717 34012439805863
4718 34023314202877
4719 34024133664901
4720 34063076290853
4721 34083212048911
4722 34093180206851
4723 34100565801829
4724 34104908214851
4725 34108791060919
4726 34131524820829
4727 34133197180909
4728 34137700542901
4729 34158847929961
4730 34162471071851
4731 34164611811851
4732 34165291333853
4733 34170283345789
4734 34172212257901
4735 34172631715909
4736 34178110528853
4737 34182773979961
4738 34208127364909
4739 34214262804901
4740 34216920526853
4741 34218801454909
4742 34253925501799
4743 34257210308911
4744 34275212163901
4745 34294701162919
4746 34304225732911
4747 34310791214911
4748 34314241436809
4749 34327062247789
4750 34327062247853
4751 34327062247909
4752 34342141297909
4753 34355522060911
4754 34360304733851
4755 34421123942809
4756 34423205156911
4757 34429332037853
4758 34432406810861
4759 34432503431839
4760 34439201067919
4761 34447044406909
4762 34455100284851
4763 34474215207919
4764 34490030390861
4765 34508011941901
4766 34508015315911
4767 34524619011851
4768 34524619011901
4769 34535230374863
4770 34575011244901
4771 34590105580909
4772 34590326332789
4773 34590326332853
4774 34601030665819
4775 34607705322863
4776 34621214625901
4777 34644720234863
4778 34671145113901
4779 34688402401789
4780 34720814154919
4781 34723215462863
4782 34752124821919
4783 34766513001901
4784 34770422213809
4785 34782600253789
4786 34821209213911
4787 34825301527789
4788 34841013701839
4789 34853046699883
4790 34906021726853
4791 34906531010839
4792 34911215176909
4793 34923100434829
4794 34992061123909
4795 35002069803851
4796 35006281521829
4797 35007556071919
4798 35013833630861
4799 35013833630911
4800 35014063454911
4801 35017127702861
4802 35020502666861
4803 35036815005851
4804 35036815005901
4805 35038912305799
4806 35042202102953
4807 35051022592819
4808 35056706071789
4809 35084152151911
4810 35123424285799
4811 35164030981853
4812 35172638499883
4813 35177203920799
4814 35178110175799
4815 35184042602809
4816 35190413343901
4817 35204135072839
4818 35218342731799
4819 35218342731863
4820 35292458199809
4821 35304044453809
4822 35318251125851
4823 35322313256809
4824 35335412270911
4825 35342059702853
4826 35342059702909
4827 35344031612839
4828 35390531222861
4829 35390531222911
4830 35403190618853
4831 35405065281919
4832 35410269820853
4833 35413882131799
4834 35426200675909
4835 35437326210851
4836 35444020638919
4837 35448027420919
4838 35455035410911
4839 35461303146851
4840 35464020307819
4841 35506043037851
4842 35515290420901
4843 35520492460853
4844 35521365510901
4845 35521571811799
4846 35530614330829
4847 35532022415839
4848 35537430221911
4849 35541339110861
4850 35556135420919
4851 35649610330853
4852 35649610330909
4853 35667800699863
4854 35701625250901
4855 35711261018861
4856 35716001175851
4857 35731195020901
4858 35783210231911
4859 35928144040853
4860 36005365601861
4861 36022542552851
4862 36023334933799
4863 36027408600901
4864 36028867199863
4865 36034318314851
4866 36048254331919
4867 36053730043819
4868 36057081030829
4869 36059160702919
4870 36067934001863
4871 36071113863919
4872 36074021208829
4873 36091022543809
4874 36103029164911
4875 36126747211909
4876 36134450135911
4877 36137301038911
4878 36150709072909
4879 36154800315901
4880 36163029213901
4881 36165224141861
4882 36166411713863
4883 36186028051909
4884 36200666073863
4885 36201188830789
4886 36202920452911
4887 36205769010799
4888 36206319006901
4889 36221590115861
4890 36221590115911
4891 36228104312839
4892 36242916204799
4893 36262581402863
4894 36275243040901
4895 36276329199809
4896 36304936100809
4897 36311097310819
4898 36312722724919
4899 36380620070911
4900 36381979239961
4901 36481454032789
4902 36515136243919
4903 36520533390863
4904 36530257032901
4905 36558111315863
4906 36573510140861
4907 36603207184853
4908 36611221914851
4909 36612634130861
4910 36622802802799
4911 36639614100799
4912 36639614100863
4913 36662210247863
4914 36726715002799
4915 36731820311911
4916 36736513420909
4917 36811970302909
4918 36817010541901
4919 36904013213839
4920 36904351040911
4921 37000661745799
4922 37000661745863
4923 37001730694909
4924 37012829022901
4925 37052462424799
4926 37061482023851
4927 37068353212789
4928 37080823243853
4929 37095010505911
4930 37124150462911
4931 37172004335861
4932 37235106462863
4933 37241331164809
4934 37241520408901
4935 37260361416919
4936 37271410632851
4937 37274124021829
4938 37290014851853
4939 37301118153829
4940 37304601406819
4941 37321079602789
4942 37321079602853
4943 37331910116911
4944 37332140138861
4945 37332140138911
4946 37333722231851
4947 37340132922901
4948 37354309060853
4949 37364005218863
4950 37364005218919
4951 37427111234809
4952 37429101274853
4953 37441117282853
4954 37446007140901
4955 37455812031863
4956 37500292380919
4957 37508510141911
4958 37520640417919
4959 37535422503919
4960 37545201643853
4961 37585401331789
4962 37661423053789
4963 37672430601863
4964 37721031703819
4965 37841571220853
4966 37861004331901
4967 37941201751853
4968 38017051047851
4969 38021483316863
4970 38021483316919
4971 38032086811909
4972 38053300923851
4973 38072532202819
4974 38078036000861
4975 38080322842853
4976 38107058021911
4977 38107941223789
4978 38120094741919
4979 38140845601853
4980 38143632113809
4981 38179002140861
4982 38204401554901
4983 38209692099809
4984 38271149401789
4985 38305164613789
4986 38312330265851
4987 38320064427863
4988 38333034333851
4989 38408056200851
4990 38411831802919
4991 38416711031861
4992 38425161721789
4993 38425161721853
4994 38454612100819
4995 38463200460851
4996 38505234343853
4997 38540111000933
4998 38701051026829
4999 38702129220851
5000 38704101088909
5001 38751100096789
5002 38757333001853
5003 38800700351911
5004 39001063368863
5005 39001063368919
5006 39006241545919
5007 39020480913863
5008 39024309172909
5009 39026517700789
5010 39030301268911
5011 39069301206919
5012 39113523408919
5013 39114374521909
5014 39122823280909
5015 39131820423901
5016 39132233341819
5017 39150316220839
5018 39206461122901
5019 39212751306863
5020 39224062911863
5021 39236421415909
5022 39262151325799
5023 39262151325863
5024 39262151325919
5025 39300209712851
5026 39306144212809
5027 39329201141809
5028 39346115111861
5029 39366159459961
5030 39403472610863
5031 39425102243809
5032 39442133316799
5033 39442133316863
5034 39501051506911
5035 39504251024911
5036 39505116037789
5037 39511710081901
5038 39520281522863
5039 39520281522919
5040 39532460322799
5041 39534001554799
5042 39534001554863
5043 39603703602863
5044 39633331008919
5045 39652610301901
5046 39706225221799
5047 39824230251919
5048 39900001846853
5049 40003648942853
5050 40007603676863
5051 40008240278911
5052 40016411105887
5053 40024075706861
5054 40024280956789
5055 40030746128861
5056 40037391071861
5057 40039271037901
5058 40045840168853
5059 40051515905809
5060 40056011855861
5061 40059181230829
5062 40060478425789
5063 40066334055851
5064 40080338608853
5065 40102015497829
5066 40107356851853
5067 40108527265789
5068 40120488171851
5069 40128580530901
5070 40130191158829
5071 40141330776901
5072 40143295204819
5073 40143309376853
5074 40155356420911
5075 40156621545919
5076 40161434643851
5077 40166903501911
5078 40186137405919
5079 40196536101851
5080 40200881426911
5081 40204840723819
5082 40212067631839
5083 40216958203789
5084 40224945240901
5085 40234491333901
5086 40236541524901
5087 40243591263919
5088 40246421471911
5089 40253282116819
5090 40267625512853
5091 40267625512909
5092 40270445144911
5093 40271633424851
5094 40275219204901
5095 40300037584819
5096 40324955403919
5097 40334504631829
5098 40337124263809
5099 40340901483851
5100 40342006880911
5101 40354163151829
5102 40377324244853
5103 40377324244909
5104 40384406700901
5105 40401434870809
5106 40421768111861
5107 40428151108819
5108 40428171184853
5109 40428316381853
5110 40431212298901
5111 40435022492911
5112 40442134773919
5113 40451922642799
5114 40463036160829
5115 40474724512909
5116 40478009224853
5117 40502553432829
5118 40513133491819
5119 40514110303943
5120 40516820028851
5121 40522091705911
5122 40560461355863
5123 40589115600799
5124 40604982213863
5125 40616512347799
5126 40618183090789
5127 40632552067853
5128 40636421842789
5129 40662442371919
5130 40720347441901
5131 40726043063861
5132 40761311505829
5133 40764512812853
5134 40765247140789
5135 40802101430933
5136 40810527150829
5137 40814107326851
5138 40838080041901
5139 40860115820861
5140 40871023366909
5141 40871214072851
5142 40890213940909
5143 40916820123901
5144 40920162056911
5145 40930640712851
5146 40942850503853
5147 40942850503909
5148 40971141350809
5149 41013231666829
5150 41028314562901
5151 41038125924863
5152 41043478110829
5153 41064111122933
5154 41066093300839
5155 41067287301863
5156 41068406416789
5157 41068406416853
5158 41072106658789
5159 41083144590799
5160 41083637250863
5161 41102844521839
5162 41119905005911
5163 41140425374861
5164 41142363880789
5165 41146019244851
5166 41180413524829
5167 41191646151863
5168 41197211621809
5169 41204222198911
5170 41206148217901
5171 41214379243853
5172 41237531340829
5173 41245805142851
5174 41245805142901
5175 41260818261919
5176 41270542483789
5177 41290090185863
5178 41301698313919
5179 41303728350901
5180 41322064247861
5181 41325235663853
5182 41330264711839
5183 41340943264853
5184 41340943264909
5185 41346622530901
5186 41351280065911
5187 41403705960863
5188 41414089103809
5189 41419100808901
5190 41425160661901
5191 41426547052789
5192 41430306282829
5193 41438130290911
5194 41465314403861
5195 41480439250909
5196 41492201480861
5197 41504291134819
5198 41512392090901
5199 41514307266919
5200 41517280134901
5201 41520071753861
5202 41520071753911
5203 41565132183919
5204 41626601094863
5205 41626900362799
5206 41657411812853
5207 41672300476789
5208 41680031814851
5209 41680031814901
5210 41690807104853
5211 41725094115919
5212 41728104741863
5213 41732363012839
5214 41762342704909
5215 41768322021851
5216 41811208523911
5217 41812746043853
5218 41818312240819
5219 41831901404809
5220 41844414631909
5221 41854105061911
5222 41902270740851
5223 41911037325901
5224 41964201085789
5225 41973141104809
5226 41993301145853
5227 42002472783863
5228 42006509806909
5229 42007330654819
5230 42018942221911
5231 42021738480863
5232 42031008783901
5233 42057322960909
5234 42060641661901
5235 42066139054909
5236 42105616348853
5237 42112501023953
5238 42125430626911
5239 42126609330901
5240 42134909160863
5241 42136593214853
5242 42147070118809
5243 42158400407861
5244 42161642324861
5245 42167655003863
5246 42172685032789
5247 42172685032853
5248 42173212972789
5249 42182223534901
5250 42207016482901
5251 42207417090851
5252 42208233272861
5253 42211347354851
5254 42212563636853
5255 42220207301887
5256 42244434026911
5257 42254346222901
5258 42255127336853
5259 42263091153851
5260 42263091153901
5261 42287030007829
5262 42300222106897
5263 42303424584919
5264 42308107413829
5265 42316135293863
5266 42324619320901
5267 42331042482829
5268 42333235474909
5269 42360952107863
5270 42360952107919
5271 42390433170901
5272 42392710700861
5273 42400232103953
5274 42406360351819
5275 42413221844911
5276 42422633860909
5277 42424401825851
5278 42435325530901
5279 42441539232919
5280 42456206501809
5281 42459602215909
5282 42470108145851
5283 42511355913799
5284 42521844140911
5285 42523203590911
5286 42527150643799
5287 42529201044829
5288 42542545134799
5289 42564510238853
5290 42573028212851
5291 42581811361853
5292 42601038281911
5293 42604139901919
5294 42606722713853
5295 42606722713909
5296 42609862599853
5297 42612044953853
5298 42615364062919
5299 42626632162909
5300 42710819170853
5301 42710819170909
5302 42714001734829
5303 42854114343863
5304 42925484002853
5305 42967131200911
5306 42982500002839
5307 43002016699907
5308 43009716370909
5309 43021533275911
5310 43025339114809
5311 43040464533901
5312 43041774042901
5313 43044222478909
5314 43045050337819
5315 43053516507919
5316 43065225831799
5317 43100770607861
5318 43100770607911
5319 43105261544861
5320 43113634216819
5321 43139022582863
5322 43151670108901
5323 43162346550919
5324 43172168022901
5325 43175554042909
5326 43177802110819
5327 43200508926863
5328 43200508926919
5329 43207482212809
5330 43211124576901
5331 43213833401839
5332 43216521263911
5333 43218132902911
5334 43218317160901
5335 43221555500839
5336 43233501294901
5337 43240246370861
5338 43240246370911
5339 43252072902901
5340 43262223704911
5341 43263099003919
5342 43264423291853
5343 43273078203799
5344 43277101726853
5345 43311187422851
5346 43316641152901
5347 43325312183911
5348 43342710196853
5349 43349132403851
5350 43374816130909
5351 43410702194809
5352 43450624620901
5353 43453616404789
5354 43458301066853
5355 43465413531919
5356 43515931027909
5357 43528101244819
5358 43532712203839
5359 43572531221809
5360 43582542610909
5361 43619030446853
5362 43630476006919
5363 43700317713851
5364 43710138166789
5365 43711087050901
5366 43722115456853
5367 43722115456909
5368 43722241025839
5369 43751514126863
5370 43827603201901
5371 43840447114853
5372 43871670120919
5373 43873312513853
5374 43873312513909
5375 43877904549961
5376 43900237331809
5377 43911130904911
5378 43953649449961
5379 43963364100919
5380 43993000026851
5381 44001834091819
5382 44005816507853
5383 44016222627851
5384 44021733460819
5385 44025281352901
5386 44025424644919
5387 44027730212839
5388 44028612603901
5389 44036413356863
5390 44038319043799
5391 44044930326799
5392 44061842402911
5393 44064256504909
5394 44095115083909
5395 44098036141909
5396 44100174623839
5397 44104490235851
5398 44109793201853
5399 44114905025809
5400 44130631346861
5401 44130631346911
5402 44131324715809
5403 44132518407799
5404 44135640417863
5405 44174923599809
5406 44178141351919
5407 44204282134819
5408 44208611616919
5409 44220445834853
5410 44268007113901
5411 44278512115909
5412 44285601442853
5413 44301855162863
5414 44306477031799
5415 44335313180911
5416 44339241126799
5417 44347115290789
5418 44349132032861
5419 44384120018911
5420 44411627605789
5421 44414126126911
5422 44426107542919
5423 44462160237863
5424 44510804364799
5425 44522029250861
5426 44634271243853
5427 44716204006819
5428 44717011443851
5429 44736814200919
5430 44791000833863
5431 44812166026853
5432 44821091506853
5433 44821167421909
5434 44850092313799
5435 44855608479961
5436 44903780013863
5437 44907078001853
5438 44924731042853
5439 44942703510799
5440 45023584026919
5441 45026490031819
5442 45043340763919
5443 45073203444851
5444 45076230750919
5445 45110174237861
5446 45115346231861
5447 45116304735863
5448 45116853133789
5449 45124375211911
5450 45140687310799
5451 45141034318819
5452 45143303517901
5453 45145502026819
5454 45152356107863
5455 45165902102809
5456 45167625210863
5457 45169150063789
5458 45170436351863
5459 45184499259961
5460 45186400143851
5461 45190338051919
5462 45201884124799
5463 45223246335863
5464 45234134752789
5465 45241506336919
5466 45261386010901
5467 45286800042863
5468 45300380448919
5469 45304850214901
5470 45314001906829
5471 45330216354901
5472 45341152432819
5473 45341313632861
5474 45349031362853
5475 45360237631789
5476 45373461520789
5477 45382353120851
5478 45427010805901
5479 45430118810809
5480 45430820046851
5481 45430820046901
5482 45441705501851
5483 45441705501901
5484 45451150902851
5485 45511570800901
5486 45540542160851
5487 45580212214819
5488 45582192301909
5489 45601231173829
5490 45700802530819
5491 45712187005853
5492 45732121016839
5493 45754709739961
5494 45803109532853
5495 45810310806901
5496 45811222018819
5497 45851623110851
5498 45882541779961
5499 45905613002861
5500 45910371523853
5501 46000890800861
5502 46002053298863
5503 46002277710901
5504 46002856152863
5505 46002990216863
5506 46002990216919
5507 46005890022901
5508 46012871136919
5509 46016650335863
5510 46016650335919
5511 46024610841851
5512 46030420102897
5513 46031159704909
5514 46031465254909
5515 46041911193919
5516 46047521830789
5517 46055066012861
5518 46060046234911
5519 46063162336853
5520 46109321427863
5521 46115182524799
5522 46121706114829
5523 46138513422919
5524 46144163014819
5525 46154260731919
5526 46161236052851
5527 46202235281911
5528 46207343442863
5529 46208802225919
5530 46213263090901
5531 46256104372909
5532 46301064803911
5533 46315074055909
5534 46342033523809
5535 46342053336863
5536 46370223058853
5537 46370223058909
5538 46414442150809
5539 46429161042799
5540 46440490063789
5541 46450617232909
5542 46490160203911
5543 46506445014863
5544 46517502145853
5545 46517502145909
5546 46522411335901
5547 46611112962863
5548 46611293062853
5549 46643153002819
5550 46709300121829
5551 46744333330853
5552 46821414540799
5553 46835162320789
5554 46842423011911
5555 46872221800909
5556 46914511215863
5557 47015330273809
5558 47015330273861
5559 47041722050839
5560 47051511456863
5561 47060321580851
5562 47071634310851
5563 47072143304861
5564 47100649002829
5565 47102049224911
5566 47115583320863
5567 47116902243863
5568 47123322047861
5569 47130948121853
5570 47132025645919
5571 47163270352789
5572 47213105808863
5573 47264802160789
5574 47300334513829
5575 47302135082911
5576 47320700904901
5577 47357004423919
5578 47413346017789
5579 47413500416861
5580 47418450020861
5581 47418450020911
5582 47430560154799
5583 47442811121809
5584 47442811121861
5585 47453037111901
5586 47500170831901
5587 47503303515851
5588 47537123205863
5589 47566801210853
5590 47605314153863
5591 47605475859961
5592 47606504021809
5593 47640011247901
5594 47641464699853
5595 47703286599853
5596 47750115414919
5597 47830155322853
5598 47837000142851
5599 47894941419961
5600 47901327322909
5601 48051223603819
5602 48051404540809
5603 48053203146901
5604 48054413012839
5605 48111154403839
5606 48113140445911
5607 48127813010861
5608 48144185000809
5609 48171035051861
5610 48171035051911
5611 48198000261799
5612 48202901333809
5613 48202910216861
5614 48207711320809
5615 48218572299883
5616 48233310147851
5617 48238620123919
5618 48245333021861
5619 48301619304863
5620 48322525036853
5621 48354022533863
5622 48355305024919
5623 48394081300909
5624 48410150642911
5625 48420331045819
5626 48425007131861
5627 48425007131911
5628 48425324512853
5629 48440023518919
5630 48514441008799
5631 48561030603901
5632 48620043611911
5633 48623024640863
5634 48677034100909
5635 48705314030809
5636 48729131005853
5637 48805336120909
5638 48811630341863
5639 48900812052863
5640 49000211877919
5641 49006280500819
5642 49011159072919
5643 49021613270911
5644 49114336121911
5645 49127452222789
5646 49127452222853
5647 49150606216853
5648 49190213321861
5649 49205229002911
5650 49212043812851
5651 49215421431901
5652 49243190340863
5653 49335189099853
5654 49391003502851
5655 49404144024901
5656 49411120372819
5657 49415600240861
5658 49416006036799
5659 49423453203919
5660 49454303106799
5661 49514116611919
5662 49522110921901
5663 49550313005911
5664 49613254042789
5665 49660160124919
5666 49661942739961
5667 49682200899883
5668 49721223270799
5669 49832261699863
5670 50001519594799
5671 50001519594863
5672 50004017693911
5673 50013475801819
5674 50016610122877
5675 50017502663861
5676 50022176814901
5677 50028420199907
5678 50032636650851
5679 50035563205819
5680 50048385799873
5681 50053970340901
5682 50063358612919
5683 50104127001953
5684 50110593803861
5685 50111039745901
5686 50118262506901
5687 50123315695853
5688 50127318463909
5689 50139213614911
5690 50152130648911
5691 50179206036919
5692 50191374006901
5693 50203062738901
5694 50203343642839
5695 50218710186863
5696 50236831048909
5697 50251486899883
5698 50255522430829
5699 50259210341839
5700 50280027037819
5701 50303158771909
5702 50314425308911
5703 50323461038911
5704 50325275421851
5705 50331340935851
5706 50344255830863
5707 50406326522809
5708 50406326522861
5709 50412142367861
5710 50412142367911
5711 50412570612829
5712 50440083181819
5713 50466211412839
5714 50472260406851
5715 50473392021851
5716 50475081144863
5717 50475112802809
5718 50493150413809
5719 50501719421911
5720 50511513195901
5721 50523814651853
5722 50543342421829
5723 50577251400901
5724 50582112137861
5725 50582112137911
5726 50585200208861
5727 50610542660809
5728 50631416117861
5729 50631442090819
5730 50632767120863
5731 50640117165901
5732 50648220814853
5733 50670011068819
5734 50674417600909
5735 50715442902863
5736 50733671161853
5737 50744031591863
5738 50744522033861
5739 50790237304789
5740 50790348201799
5741 50820423353911
5742 50822123515819
5743 50827206225799
5744 50827206225863
5745 50842591001809
5746 50851249104863
5747 50861431071851
5748 50870283020861
5749 51010809708919
5750 51011594271901
5751 51025605258799
5752 51031234941829
5753 51035071390819
5754 51045058133911
5755 51067320565853
5756 51096342018863
5757 51102634635851
5758 51108626112829
5759 51116132943901
5760 51123128921911
5761 51134621237911
5762 51157340274863
5763 51160229441861
5764 51160229441911
5765 51161142828919
5766 51162370407901
5767 51164424733789
5768 51204017276809
5769 51204704665909
5770 51216561062809
5771 51219258501799
5772 51220251087829
5773 51231096411829
5774 51231647325919
5775 51231786210851
5776 51233381235851
5777 51233381235901
5778 51235297110901
5779 51250258470863
5780 51252238290863
5781 51259751104853
5782 51261446142901
5783 51263730620911
5784 51273800545789
5785 51292373340799
5786 51306148440851
5787 51311581914799
5788 51312467016851
5789 51317791101901
5790 51341722563799
5791 51342003102953
5792 51360601713829
5793 51365361216863
5794 51367213521901
5795 51385134460789
5796 51402622616861
5797 51410116157839
5798 51426843123863
5799 51426843123919
5800 51436811411911
5801 51451840057789
5802 51453845010851
5803 51481077899863
5804 51500824281901
5805 51513360673909
5806 51526005416861
5807 51530306813809
5808 51533001592819
5809 51560137301839
5810 51563604324919
5811 51583181134853
5812 51603615670909
5813 51624419422789
5814 51627723011911
5815 51650244025819
5816 51750054341809
5817 51819021403819
5818 51823331922799
5819 51830742051901
5820 51871721323909
5821 52006631921911
5822 52008398230853
5823 52010916236861
5824 52010916236911
5825 52011236905819
5826 52014029944853
5827 52015603283911
5828 52016391503861
5829 52027077104861
5830 52028005615819
5831 52042190922901
5832 52046622900851
5833 52056255320911
5834 52061512837853
5835 52061824074863
5836 52070830353901
5837 52073574015863
5838 52091833054909
5839 52102488500911
5840 52107167190863
5841 52107167190919
5842 52114152617861
5843 52120703475851
5844 52137702048799
5845 52150294710851
5846 52155102693919
5847 52161924145789
5848 52175814011911
5849 52211955423799
5850 52215074707909
5851 52221550495853
5852 52221550495909
5853 52234202298919
5854 52236190043809
5855 52236190043861
5856 52243073360809
5857 52244406373853
5858 52244461075909
5859 52250005394809
5860 52251254117809
5861 52251254117861
5862 52251621906863
5863 52279502202901
5864 52282057130861
5865 52296101734909
5866 52302029903861
5867 52314391302829
5868 52360050266809
5869 52360417025911
5870 52380103185901
5871 52400247037819
5872 52404660516799
5873 52409209431919
5874 52410030602887
5875 52432054515901
5876 52446841599883
5877 52451419013911
5878 52454503435909
5879 52460046192863
5880 52470436022911
5881 52507000395851
5882 52551412073861
5883 52561366212799
5884 52580401304839
5885 52611140861911
5886 52620797589961
5887 52628333242789
5888 52654305500809
5889 52660108660853
5890 52660108660909
5891 52707356001851
5892 52707513262909
5893 52710632581853
5894 52734651699809
5895 52761803215789
5896 52800405633851
5897 52808297559961
5898 52809013290863
5899 52831320426851
5900 52865423010901
5901 52871012206819
5902 52892211027919
5903 52901072338789
5904 52912282116919
5905 52914003911911
5906 52961270080853
5907 52961270080909
5908 53003255881909
5909 53004744503861
5910 53004744503911
5911 53007527411911
5912 53010400967861
5913 53012713527901
5914 53014855710863
5915 53024004993919
5916 53034029432911
5917 53034361811911
5918 53071630541911
5919 53074070544863
5920 53074437002809
5921 53102535736909
5922 53111133637819
5923 53112644247919
5924 53181230457799
5925 53201909043901
5926 53201971362863
5927 53202384116911
5928 53203233924901
5929 53215171614901
5930 53218823002819
5931 53225345433863
5932 53247512253799
5933 53271409441909
5934 53289611310919
5935 53312488020901
5936 53317208304901
5937 53354155002829
5938 53373431641853
5939 53400216675863
5940 53443613830853
5941 53456041152851
5942 53505870150919
5943 53509123999861
5944 53511092450861
5945 53529421410901
5946 53549132422789
5947 53572106362909
5948 53581002381901
5949 53611302056839
5950 53611940460919
5951 53628235222853
5952 53722731022819
5953 53731335243919
5954 53762324300911
5955 53775303699883
5956 53822378199809
5957 53972313330919
5958 54006315333829
5959 54018100457861
5960 54021045236839
5961 54043751424863
5962 54046026203839
5963 54048533530853
5964 54050157050839
5965 54053500548863
5966 54057331313911
5967 54082505041819
5968 54086010362809
5969 54105184412861
5970 54110770366789
5971 54114003833839
5972 54117185151863
5973 54120833414861
5974 54126332504861
5975 54140645406919
5976 54175204313911
5977 54211760580799
5978 54227505501901
5979 54234281424919
5980 54236003386909
5981 54274711112911
5982 54310262907799
5983 54331332672919
5984 54343634700799
5985 54425106071911
5986 54440057132911
5987 54512424215861
5988 54521444290853
5989 54532720340911
5990 54541881112909
5991 54542620921853
5992 54542620921909
5993 54551412251911
5994 54560233516853
5995 54574311811853
5996 54602914710863
5997 54602914710919
5998 54610360348853
5999 54615124048853
6000 54643259200909
6001 54650500164901
6002 54671547399853
6003 54680321025851
6004 54692195379961
6005 54710104616861
6006 54724224046853
6007 54725177001863
6008 54732112464863
6009 54734233440919
6010 54754461021919
6011 54760024741853
6012 54831376020919
6013 54862516021853
6014 54901303711819
6015 55060138007911
6016 55076070024851
6017 55103223516829
6018 55116090241819
6019 55117095150863
6020 55136604910789
6021 55141432701829
6022 55145023325911
6023 55157421135919
6024 55160324244901
6025 55176210900851
6026 55177361500909
6027 55180935399809
6028 55201262317819
6029 55203747021851
6030 55220115920839
6031 55220963107853
6032 55224053118851
6033 55233230381911
6034 55235131701829
6035 55238001704911
6036 55283302191863
6037 55327621540853
6038 55327621540909
6039 55340153563909
6040 55350117143809
6041 55401007127839
6042 55402035628789
6043 55404254600809
6044 55413530502829
6045 55474013160851
6046 55506782769961
6047 55521704712919
6048 55530039423919
6049 55553118007853
6050 55553118007909
6051 55553512041851
6052 55561671013853
6053 55561671013909
6054 55605112347919
6055 55650451031911
6056 55711093170919
6057 55950226411853
6058 55950226411909
6059 56007092124901
6060 56008051503829
6061 56012691040819
6062 56015105390861
6063 56015105390911
6064 56015397012863
6065 56030094350809
6066 56065235304919
6067 56071439212909
6068 56076531142909
6069 56085241080863
6070 56113421228911
6071 56122415680789
6072 56191642020851
6073 56220028056901
6074 56226472006853
6075 56245060426909
6076 56256401371909
6077 56263322034851
6078 56271321035911
6079 56276212522909
6080 56302492022911
6081 56303208292789
6082 56303214844853
6083 56306221370911
6084 56307643100809
6085 56312080914799
6086 56319631401863
6087 56329102552909
6088 56330010972901
6089 56333902333789
6090 56337413323909
6091 56367053000809
6092 56402305860799
6093 56403403910911
6094 56410810532809
6095 56410810532861
6096 56413007270911
6097 56431008328789
6098 56450900136919
6099 56461404172853
6100 56471331523853
6101 56567321221909
6102 56570523420863
6103 56611035066799
6104 56654232111901
6105 56673000652909
6106 56703012074809
6107 56711875749961
6108 56771140211809
6109 56901433014851
6110 56910331731863
6111 56913219210863
6112 56913219210919
6113 56924060142919
6114 57012273350861
6115 57014160372901
6116 57031085281789
6117 57037168779961
6118 57074104016861
6119 57074104016911
6120 57093423420799
6121 57104000846861
6122 57110825640863
6123 57130831331911
6124 57134401055911
6125 57142442082863
6126 57159402106789
6127 57180220518919
6128 57212072613901
6129 57300513453901
6130 57306292200901
6131 57330125323819
6132 57362204321809
6133 57401043701839
6134 57401152451809
6135 57404320087789
6136 57404320087853
6137 57404320087909
6138 57485193909961
6139 57504012690799
6140 57510416223851
6141 57661241332789
6142 57690212012809
6143 57701324326909
6144 57723561969961
6145 57811619199809
6146 57850877409961
6147 57901370010829
6148 57912127222853
6149 57912127222909
6150 57955718229961
6151 58004224902901
6152 58009408231909
6153 58015872599863
6154 58021231837853
6155 58022053217861
6156 58025631240851
6157 58043201638789
6158 58044125470853
6159 58050563124863
6160 58102521084851
6161 58124015580919
6162 58126015330819
6163 58129615021789
6164 58150145506853
6165 58160024133829
6166 58213931112851
6167 58215600216901
6168 58224129011809
6169 58303804010839
6170 58312133055851
6171 58312133055901
6172 58317440120809
6173 58330330455919
6174 58377641829961
6175 58396070010919
6176 58413540011839
6177 58440507210901
6178 58443350611853
6179 58443350611909
6180 58522600205911
6181 58571444020853
6182 58627305003919
6183 58650027300901
6184 58716000410839
6185 58732408299809
6186 58771344489961
6187 58820056230799
6188 58820056230863
6189 58884101000911
6190 58981238439961
6191 59003408203819
6192 59060238042919
6193 59122532254853
6194 59128325103863
6195 59128325103919
6196 59132424110839
6197 59133027213851
6198 59204400812861
6199 59204400812911
6200 59221050334819
6201 59241969609961
6202 59243810201809
6203 59251100238851
6204 59252132560909
6205 59302283161789
6206 59332428879961
6207 59341225010839
6208 59351120148799
6209 59381253013853
6210 59408114000839
6211 59448580629961
6212 59460349199863
6213 59530819000789
6214 59610150900851
6215 59723061021901
6216 60023058244819
6217 60030547645909
6218 60038591233909
6219 60041921561911
6220 60043078174789
6221 60046222864853
6222 60051027383861
6223 60065260133839
6224 60071239912909
6225 60082112276911
6226 60088631331919
6227 60092920704799
6228 60108376203901
6229 60109555101829
6230 60110347473851
6231 60124593410911
6232 60126063475789
6233 60126063475853
6234 60145153163861
6235 60151712706901
6236 60158010762851
6237 60159137152789
6238 60166021792909
6239 60172914370909
6240 60184824002861
6241 60198206160919
6242 60209430236911
6243 60210881613851
6244 60211371099917
6245 60223281155861
6246 60235111876909
6247 60251673144919
6248 60265201390819
6249 60266660071789
6250 60280413915863
6251 60300619910911
6252 60307654423853
6253 60312036077911
6254 60328160603911
6255 60331528025809
6256 60363150573799
6257 60406037234911
6258 60407024138861
6259 60407926041863
6260 60412614187853
6261 60413188621789
6262 60420058627909
6263 60425106318851
6264 60440942300839
6265 60442374630863
6266 60443329602919
6267 60450183733853
6268 60460319223851
6269 60513224391901
6270 60533410076911
6271 60552202253839
6272 60588112216909
6273 60602623325809
6274 60602623325861
6275 60603460515901
6276 60613467700909
6277 60623442720851
6278 60625794939961
6279 60626400335911
6280 60641941540853
6281 60660042907909
6282 60680932010911
6283 60701788299809
6284 60711751014829
6285 60714293215853
6286 60714293215909
6287 60737105073863
6288 60760337021911
6289 60760513291789
6290 60760513291853
6291 60760513291909
6292 60762320217901
6293 60800186033809
6294 60810192238909
6295 60823833011911
6296 60861421650863
6297 60870217021819
6298 60880320630901
6299 60911914301911
6300 60937105113851
6301 60976141001861
6302 60980760030863
6303 61005030692839
6304 61011453356911
6305 61026611728909
6306 61034530674863
6307 61045251732851
6308 61045440551911
6309 61062443625863
6310 61071531942919
6311 61094561323853
6312 61119340227851
6313 61128143073901
6314 61134093404861
6315 61134436601911
6316 61140734338909
6317 61170819421909
6318 61200751264819
6319 61201938603919
6320 61212061545829
6321 61234161717863
6322 61254152271901
6323 61267556002909
6324 61270029462919
6325 61311003305887
6326 61313527354789
6327 61315709502799
6328 61338113562863
6329 61342740723799
6330 61346648200853
6331 61350618221911
6332 61359180412909
6333 61370417064799
6334 61397851199863
6335 61412053158851
6336 61412083461851
6337 61418930003911
6338 61420179361909
6339 61425247206919
6340 61454272310911
6341 61465325310901
6342 61466122241809
6343 61466122241861
6344 61469623021853
6345 61470153032839
6346 61481041350829
6347 61500643780789
6348 61504515306901
6349 61539252110911
6350 61551252264863
6351 61613520434911
6352 61614030474851
6353 61625245323919
6354 61631420237809
6355 61641450602861
6356 61651155122911
6357 61701712605901
6358 61706295012799
6359 61713341090809
6360 61740721614799
6361 61814514316909
6362 61816370404853
6363 61832126331901
6364 61905122256799
6365 61912312008829
6366 61918310222809
6367 61932227232919
6368 61985003260853
6369 62003681770853
6370 62009423190901
6371 62026700584909
6372 62027670014809
6373 62029679289961
6374 62040722448919
6375 62076352521863
6376 62076352521919
6377 62090927005853
6378 62112465090901
6379 62127178132853
6380 62152605912863
6381 62156434113901
6382 62160726091909
6383 62192340327863
6384 62218118901863
6385 62218118901919
6386 62220630148819
6387 62227131236911
6388 62245073111839
6389 62263423542863
6390 62282211812809
6391 62292612231851
6392 62315153820851
6393 62351477302909
6394 62353421091901
6395 62357220054851
6396 62357220054901
6397 62366111042839
6398 62382533001829
6399 62404162770799
6400 62412551253851
6401 62421301050877
6402 62421806424799
6403 62427123060829
6404 62443211027839
6405 62443412526863
6406 62450415903919
6407 62477310024851
6408 62502526314901
6409 62507603650853
6410 62517406152863
6411 62523102644809
6412 62530120966853
6413 62660022362911
6414 62701160457919
6415 62711014396909
6416 62741931331909
6417 62891902012909
6418 62910274013809
6419 62918746089961
6420 62928010146919
6421 62942240511901
6422 62963042010829
6423 63004511475901
6424 63022824440809
6425 63027267003901
6426 63028013327911
6427 63046605004819
6428 63067134055909
6429 63081631034809
6430 63094016613799
6431 63116080460809
6432 63116080460861
6433 63116080460911
6434 63120515831861
6435 63141123774919
6436 63142740561799
6437 63165327303863
6438 63211211548819
6439 63220848102851
6440 63225534640909
6441 63231442821851
6442 63254435323909
6443 63260011498909
6444 63262426305919
6445 63277026601853
6446 63302010945829
6447 63302884213853
6448 63317145082853
6449 63317145082909
6450 63319116180799
6451 63340840830919
6452 63352051226809
6453 63354832105909
6454 63393530111809
6455 63403565021809
6456 63420348423799
6457 63431235116911
6458 63440772106853
6459 63445722600863
6460 63501801970853
6461 63513338610863
6462 63541033704851
6463 63541814313799
6464 63560032384853
6465 63562393011863
6466 63562393011919
6467 63565283199809
6468 63580202072809
6469 63604045061911
6470 63605367310853
6471 63605596569961
6472 63606403116901
6473 63632509002851
6474 63682102007861
6475 63831600440911
6476 63845400103819
6477 63900352070809
6478 63952403331799
6479 64000240222943
6480 64010860762853
6481 64014723841853
6482 64020280920829
6483 64032250950851
6484 64036551171799
6485 64050751340861
6486 64057246321853
6487 64071116671853
6488 64104604640861
6489 64106121784853
6490 64122155621911
6491 64132155715853
6492 64142712580789
6493 64144616233853
6494 64144616233909
6495 64170051744919
6496 64172723260909
6497 64191025440851
6498 64206044613901
6499 64217737299883
6500 64223031990863
6501 64226228530909
6502 64230452364919
6503 64234940124799
6504 64235000020897
6505 64263111093851
6506 64301565144863
6507 64301565144919
6508 64303160727863
6509 64340343503861
6510 64358165399863
6511 64361152013839
6512 64394266569961
6513 64454155015853
6514 64497002043919
6515 64500226164901
6516 64500450285863
6517 64502255532863
6518 64526315026909
6519 64531251504851
6520 64533239310919
6521 64570155110861
6522 64571012136901
6523 64603582213789
6524 64614424134863
6525 64637012007851
6526 64651245321799
6527 64651245321863
6528 64772408199809
6529 64840503306919
6530 64901406603863
6531 64955022151853
6532 65000315636911
6533 65002239900901
6534 65004651422861
6535 65007831541789
6536 65008045401829
6537 65010760117819
6538 65071526620853
6539 65106157311851
6540 65110229518909
6541 65115341481863
6542 65124265225853
6543 65135021656853
6544 65140723413851
6545 65140723413901
6546 65176020607853
6547 65176020607909
6548 65232341721851
6549 65233228170863
6550 65236511146853
6551 65240460023839
6552 65240681120861
6553 65240681120911
6554 65246502050809
6555 65246502050861
6556 65261033644789
6557 65305119410911
6558 65305136142901
6559 65335306112809
6560 65358044320909
6561 65360224313911
6562 65412305441911
6563 65446030350901
6564 65511260432861
6565 65555415004853
6566 65555415004909
6567 65570722240789
6568 65709101316799
6569 65724200123839
6570 65728067829961
6571 65732106631853
6572 65790575259961
6573 65801432330911
6574 65832410047853
6575 65851622310863
6576 65902517220863
6577 65910427311863
6578 65910427311919
6579 66003404606911
6580 66007450525789
6581 66008081999851
6582 66008417011819
6583 66019360090909
6584 66060515550863
6585 66060910165909
6586 66076218003863
6587 66105224572789
6588 66105224572853
6589 66105224572909
6590 66112212950911
6591 66131005805911
6592 66154102194863
6593 66154152320911
6594 66201138841853
6595 66221115406819
6596 66221192137853
6597 66224062525853
6598 66229433310919
6599 66233103753863
6600 66284211810799
6601 66301542122839
6602 66315643122863
6603 66320540116819
6604 66412043702861
6605 66415252216909
6606 66469110160853
6607 66500460661853
6608 66514091502863
6609 66531405603919
6610 66546012640853
6611 66611343451789
6612 67013572103809
6613 67041354217909
6614 67095554649961
6615 67100670035911
6616 67102225258909
6617 67111007903809
6618 67123030823861
6619 67131112670861
6620 67131112670911
6621 67151130180829
6622 67180025150911
6623 67220537340863
6624 67300241814851
6625 67375010047789
6626 67434031831853
6627 67476040001911
6628 67533306304853
6629 67585834509961
6630 67607103231901
6631 67608520320863
6632 67701280103861
6633 67804803103853
6634 68000448221911
6635 68023405182919
6636 68035624060909
6637 68083304700799
6638 68087621002853
6639 68120833342789
6640 68143431081799
6641 68180020290901
6642 68203269879961
6643 68210413906853
6644 68257459239961
6645 68301741105901
6646 68352103530901
6647 68417050022861
6648 68424012525863
6649 68451312207919
6650 68519272839961
6651 68700411355853
6652 68833040071909
6653 68833473369961
6654 68901630141863
6655 68903110061809
6656 69004285005863
6657 69012964120853
6658 69044041246853
6659 69100544704909
6660 69103362900863
6661 69120800261809
6662 69121171222819
6663 69171012093863
6664 69171012093919
6665 69180052342789
6666 69300293008789
6667 69425364669961
6668 69464170120789
6669 69502015542919
6670 69856281519961
6671 70004841722911
6672 70007017494919
6673 70023837217909
6674 70024771242851
6675 70029144274853
6676 70037460044809
6677 70042600863901
6678 70052891008853
6679 70054613256799
6680 70117350570901
6681 70124912217901
6682 70141346510839
6683 70153111474819
6684 70160253483799
6685 70163036508919
6686 70203214715839
6687 70221154641829
6688 70264318521863
6689 70274415060851
6690 70274415060901
6691 70303800138829
6692 70306580370799
6693 70311004296829
6694 70311903916789
6695 70312955340799
6696 70320722802829
6697 70321459004809
6698 70325304834919
6699 70328153317909
6700 70335222525901
6701 70353216450851
6702 70410416174911
6703 70413132761861
6704 70413701692853
6705 70420758214909
6706 70448031143911
6707 70490540290789
6708 70490540290853
6709 70503396070853
6710 70517510733799
6711 70521119325851
6712 70537153612789
6713 70537153612853
6714 70538323122901
6715 70540214453809
6716 70550502291901
6717 70568005050901
6718 70603077302861
6719 70606909210853
6720 70606909210909
6721 70610442134839
6722 70610941084909
6723 70621190702861
6724 70634581033853
6725 70645403033809
6726 70651131574853
6727 70655003360861
6728 70660811380909
6729 70715236014851
6730 70721521708909
6731 70723412247799
6732 70723412247863
6733 70751327043919
6734 70784813100919
6735 70810068310819
6736 70832418312863
6737 70922046802909
6738 70932112914919
6739 71003340588863
6740 71003340588919
6741 71004183326809
6742 71013141378901
6743 71013738510901
6744 71026277404909
6745 71030322240877
6746 71052673036789
6747 71063665150909
6748 71066463043909
6749 71094105242911
6750 71102653095919
6751 71107631905789
6752 71111825437789
6753 71113099233863
6754 71114171661901
6755 71121782902853
6756 71122702365901
6757 71126023827799
6758 71140837050901
6759 71148314222809
6760 71155766001863
6761 71191137103819
6762 71197115421863
6763 71203810653851
6764 71205201836809
6765 71205201836861
6766 71223144660851
6767 71245566120863
6768 71264110166861
6769 71290080711851
6770 71300303771839
6771 71302436072911
6772 71310046372819
6773 71313147246863
6774 71339016310819
6775 71350754512853
6776 71404214817863
6777 71421234912851
6778 71421449223863
6779 71462146008863
6780 71481134901863
6781 71520940422851
6782 71521832415799
6783 71562007641863
6784 71562007641919
6785 71620404781909
6786 71641720705853
6787 71712482242789
6788 71721292220861
6789 71734703010829
6790 71759411100851
6791 71800602358789
6792 71832140094863
6793 71836121340901
6794 71847270301853
6795 71850531163909
6796 71944110431861
6797 71944110431911
6798 72007094043851
6799 72010536165851
6800 72013173831901
6801 72026005920829
6802 72046230416911
6803 72070313010877
6804 72078415600909
6805 72105459232909
6806 72144129702863
6807 72164032428863
6808 72171236163919
6809 72182111525809
6810 72191037315799
6811 72211052754851
6812 72221166531901
6813 72232023274819
6814 72232581216919
6815 72238210207819
6816 72243129037789
6817 72250391470909
6818 72251572090909
6819 72260050563851
6820 72302764018853
6821 72324714541909
6822 72342427310809
6823 72354242006911
6824 72363112456853
6825 72415052526799
6826 72452201781863
6827 72452201781919
6828 72525171514909
6829 72525921123919
6830 72530072805863
6831 72530085112819
6832 72604531233851
6833 72604531233901
6834 72622102076809
6835 72811119631853
6836 72829238829961
6837 72910254302861
6838 72986011100809
6839 73000513776863
6840 73005165008911
6841 73011703417819
6842 73014233416819
6843 73015301364829
6844 73017106434851
6845 73028053705853
6846 73034352480799
6847 73040616620911
6848 73061021345839
6849 73061471460799
6850 73070116353851
6851 73111433718919
6852 73134104355901
6853 73145230338919
6854 73151381326789
6855 73151381326853
6856 73151770035863
6857 73170232505861
6858 73170705131809
6859 73177915479961
6860 73180737201799
6861 73200087801901
6862 73233823315789
6863 73240934250863
6864 73247205123901
6865 73303441465789
6866 73310511707911
6867 73318005212839
6868 73330015158901
6869 73366600431799
6870 73375276929961
6871 73386252399809
6872 73401580282909
6873 73404028133809
6874 73406435125789
6875 73410670380863
6876 73412426240911
6877 73512334471853
6878 73581133410901
6879 73614411124819
6880 73705025313851
6881 73706025342863
6882 73710811014829
6883 73723503432919
6884 73725161103851
6885 73731104701819
6886 73812142205911
6887 73840363060909
6888 73870214034919
6889 73940241402851
6890 73950154311863
6891 74016450351901
6892 74025104088863
6893 74025104088919
6894 74027208334789
6895 74030152827863
6896 74031750840799
6897 74034370660853
6898 74081185015853
6899 74102172790909
6900 74114813042911
6901 74124802242901
6902 74128131413911
6903 74160625500901
6904 74160652320851
6905 74200540192819
6906 74202337228909
6907 74203706064799
6908 74206580530909
6909 74210931247853
6910 74221370415901
6911 74240506610861
6912 74285100552919
6913 74334009136909
6914 74334922006789
6915 74353105431851
6916 74354184021863
6917 74362314027863
6918 74410200583819
6919 74421124717789
6920 74471216899873
6921 74512810632919
6922 74520815080853
6923 74531146152863
6924 74540120414839
6925 74549017111909
6926 74572323016909
6927 74581210425863
6928 74701432800851
6929 74750511401809
6930 74763000305911
6931 74782620120799
6932 74801223522901
6933 74810150581853
6934 74930222102839
6935 75001546161851
6936 75001546161901
6937 75006244070861
6938 75029111154901
6939 75040090158799
6940 75043223193863
6941 75066230164853
6942 75066230164909
6943 75074931111919
6944 75083100807863
6945 75100828410851
6946 75108104303839
6947 75110089130809
6948 75110089130861
6949 75126070025861
6950 75126070025911
6951 75145101236809
6952 75155722500799
6953 75161802360863
6954 75192013066909
6955 75204412284919
6956 75211911427853
6957 75262013356853
6958 75306730143863
6959 75318634499863
6960 75415301068853
6961 75421080813919
6962 75431611281799
6963 75433291113863
6964 75504417025853
6965 75506900106863
6966 75515238300863
6967 75530905001911
6968 75539000514799
6969 75552211236863
6970 75604040226851
6971 75604040226901
6972 75701516430919
6973 75723512520863
6974 75730422108863
6975 75775500120863
6976 75801829299853
6977 75852973059961
6978 75853581639961
6979 76001173743863
6980 76002864100819
6981 76003723227863
6982 76051222802809
6983 76054454401853
6984 76142277300863
6985 76201913317853
6986 76202308331861
6987 76238010122839
6988 76251316233919
6989 76308121422901
6990 76319731869961
6991 76343353105909
6992 76352568729961
6993 76355005040861
6994 76355005040911
6995 76376401020901
6996 76416241040809
6997 76416241040861
6998 76525218121789
6999 76562216000861
7000 76604117103851
7001 76609256559961
7002 76612037350789
7003 76631883549961
7004 76650880000909
7005 76780256829961
7006 76830105130819
7007 76853540020909
7008 77013221073829
7009 77043312126901
7010 77050443640909
7011 77071273010861
7012 77108360421919
7013 77111327452909
7014 77201146524863
7015 77248001060911
7016 77257101325909
7017 77306221115861
7018 77322704211901
7019 77330272441853
7020 77330272441909
7021 77393880609961
7022 77403018401809
7023 77422413108919
7024 77490510043853
7025 77634362949961
7026 77681352669961
7027 78002109606919
7028 78023804080909
7029 78100664601863
7030 78221415802909
7031 78232343611909
7032 78274120801909
7033 78313215072919
7034 78417325110863
7035 78439121014789
7036 78470754099853
7037 78511310721901
7038 78600522540919
7039 78681485229961
7040 78970076259961
7041 79020141870799
7042 79022108150911
7043 79055484189961
7044 79080124005851
7045 79120260067789
7046 79120260067853
7047 79143503010829
7048 79147124103863
7049 79171101071911
7050 79221203321839
7051 79250903499883
7052 79301157322789
7053 79302144141901
7054 79401303432901
7055 79450405141909
7056 79450559079961
7057 79464040042853
7058 79481510131853
7059 79513011184853
7060 79522568079961
7061 79544135200853
7062 79588210099873
7063 79630123500901
7064 79750501100911
7065 79812302112901
7066 80008144627909
7067 80031640890919
7068 80040749400851
7069 80044724334863
7070 80044832040829
7071 80064148243853
7072 80083120058911
7073 80120237584853
7074 80120237584909
7075 80124709004861
7076 80124709004911
7077 80149412127919
7078 80183217132901
7079 80187102234901
7080 80196540240863
7081 80196540240919
7082 80213434610839
7083 80231282442851
7084 80235300095809
7085 80238113142829
7086 80244346310861
7087 80256003088909
7088 80309401056851
7089 80311281136819
7090 80311815624863
7091 80330542441819
7092 80368010213839
7093 80407406501809
7094 80414841523853
7095 80415011790851
7096 80422460067799
7097 80427204314861
7098 80455240713919
7099 80474592579961
7100 80503664260853
7101 80512191143911
7102 80515740243919
7103 80546010264851
7104 80550300486863
7105 80573021607863
7106 80583363103853
7107 80632412325901
7108 80640435013819
7109 80650913111809
7110 80722775001863
7111 80736140203819
7112 80740906010861
7113 80750222572853
7114 80840000970851
7115 80840000970901
7116 80973520105909
7117 81011701746901
7118 81024443404819
7119 81045660712789
7120 81061467601789
7121 81082621223809
7122 81082621223861
7123 81103439402911
7124 81104061964853
7125 81104061964909
7126 81112602387799
7127 81112602387863
7128 81114359400901
7129 81122606303839
7130 81180426045799
7131 81191065531789
7132 81200624584853
7133 81217211256851
7134 81219541341919
7135 81229201812851
7136 81241600706911
7137 81244313085863
7138 81255430304911
7139 81262521134911
7140 81300353508851
7141 81317235210829
7142 81357102521861
7143 81359251132853
7144 81393101280901
7145 81401750432861
7146 81430702091861
7147 81434031452861
7148 81461002198789
7149 81502511822911
7150 81503148005911
7151 81525100557799
7152 81539061402919
7153 81540114251839
7154 81540171042829
7155 81555544110863
7156 81601139335853
7157 81601239441863
7158 81613800701861
7159 81614015652863
7160 81614015652919
7161 81641223151819
7162 81652012262861
7163 81731631104861
7164 81751106070901
7165 81801257322919
7166 81811214325851
7167 81870343420909
7168 81901120293851
7169 81931155111901
7170 82000826833909
7171 82013812053829
7172 82029692769961
7173 82035508005901
7174 82050933442909
7175 82086113402861
7176 82095704100901
7177 82102035744901
7178 82106086081853
7179 82131920508863
7180 82132094106851
7181 82132334062819
7182 82135247143909
7183 82176650131789
7184 82194341030911
7185 82211417801861
7186 82211936400851
7187 82213850031829
7188 82229130143861
7189 82240393404919
7190 82241706261863
7191 82301712732851
7192 82401023563819
7193 82409331811789
7194 82450760061799
7195 82452307113901
7196 82460062228853
7197 82466014108789
7198 82467141321863
7199 82467141321919
7200 82475140522909
7201 82503085008863
7202 82512115323829
7203 82531173420851
7204 82543435799863
7205 82600410752911
7206 82605540414919
7207 82635232801789
7208 82643842300853
7209 82644960099809
7210 82644960099883
7211 82671036142789
7212 82721192201911
7213 82750206150901
7214 82761374299873
7215 82780140613909
7216 82783203340909
7217 82817333230909
7218 82870524301853
7219 82870524301909
7220 82902605431909
7221 83006048172863
7222 83011862303911
7223 83020527525799
7224 83023061090839
7225 83050076604799
7226 83065737849961
7227 83114158062799
7228 83122902273863
7229 83137600660909
7230 83160154503851
7231 83168006035789
7232 83168006035853
7233 83191278299863
7234 83236310306861
7235 83244150123829
7236 83250374331919
7237 83257313701789
7238 83305816410919
7239 83309212551863
7240 83310920270911
7241 83384553100909
7242 83409511220911
7243 83412822351919
7244 83423117352863
7245 83473312711853
7246 83484960549961
7247 83515273501789
7248 83516713303853
7249 83612343401861
7250 83612343401911
7251 83634080224909
7252 83652041204861
7253 83721204171851
7254 83733144300901
7255 83800220228911
7256 83804706102863
7257 83900271163789
7258 84000247551901
7259 84001430767789
7260 84012481160911
7261 84016146141901
7262 84042823044799
7263 84046133803909
7264 84113514192863
7265 84120706231819
7266 84121740153851
7267 84137610135919
7268 84217341112819
7269 84231460336853
7270 84326131511861
7271 84350704013809
7272 84367103241919
7273 84401273520901
7274 84468840369961
7275 84505032166909
7276 84523151343863
7277 84523151343919
7278 84634311711863
7279 84650240400829
7280 84686608149961
7281 84696111499873
7282 84712544401853
7283 84810132346909
7284 84886407519961
7285 84903261511853
7286 84947785999841
7287 85004641422851
7288 85020653506909
7289 85031634301819
7290 85077420201901
7291 85085640040789
7292 85102990222853
7293 85103253184909
7294 85113201553819
7295 85123326135919
7296 85133675100863
7297 85133675100919
7298 85212573402863
7299 85216705051909
7300 85224524422853
7301 85270518000851
7302 85270518000901
7303 85311691011901
7304 85352450142863
7305 85352450142919
7306 85380002205829
7307 85417012232861
7308 85417012232911
7309 85523354040863
7310 85646094369961
7311 85720129420853
7312 85943729049961
7313 86000182350829
7314 86011527312901
7315 86045141022829
7316 86048000312839
7317 86053026042901
7318 86075006130901
7319 86161506601789
7320 86200489300909
7321 86212461131809
7322 86232054211819
7323 86260024426909
7324 86301050336861
7325 86313100337809
7326 86341520830909
7327 86404423215863
7328 86422153022809
7329 86540304810863
7330 86563032502789
7331 86563032502853
7332 86603012382863
7333 86603012382919
7334 86626152310909
7335 86701613080909
7336 87010154081911
7337 87010411176851
7338 87101556501919
7339 87102112963909
7340 87140230266863
7341 87220562430863
7342 87321070211839
7343 87341007612799
7344 87411511164799
7345 87456119099863
7346 87515524021853
7347 87596000032909
7348 87825030501799
7349 87901910220919
7350 88013625102901
7351 88014621532909
7352 88034224710863
7353 88040571015799
7354 88047411114799
7355 88058033022919
7356 88103026093853
7357 88125117015919
7358 88160111343851
7359 88200631070911
7360 88203254201911
7361 88212161154863
7362 88740033331853
7363 88901011620851
7364 88901011620901
7365 89003005722901
7366 89010814233863
7367 89014442305909
7368 89051515131919
7369 89120085133789
7370 89132400435919
7371 89204297739961
7372 89232621020911
7373 89342104801909
7374 89372066829961
7375 89540004312901
7376 90001108293829
7377 90002376801851
7378 90002964315799
7379 90004961541799
7380 90009801436853
7381 90020175071839
7382 90055330233829
7383 90072473521853
7384 90072473521909
7385 90111132673819
7386 90130591273909
7387 90174100585909
7388 90181170511819
7389 90244602246863
7390 90253303541809
7391 90271900524919
7392 90307340342809
7393 90311045544851
7394 90313272705863
7395 90315140616901
7396 90322624425799
7397 90341505840863
7398 90350072752909
7399 90375012355853
7400 90420571281919
7401 90422730404861
7402 90432230376863
7403 90435913110901
7404 90442217560853
7405 90444832140799
7406 90463920132919
7407 90466100716853
7408 90480251650853
7409 90480251650909
7410 90500873251909
7411 90503090931863
7412 90531370515799
7413 90610680820789
7414 90632400171829
7415 90663112272919
7416 90692811210863
7417 90712226303861
7418 90756003222901
7419 90780412206863
7420 90782321107853
7421 90782321107909
7422 90803019022819
7423 90913234602863
7424 90920332341851
7425 90950710122851
7426 91012381280809
7427 91014651422809
7428 91014702357919
7429 91019168410853
7430 91024456360853
7431 91024456360909
7432 91033321426819
7433 91041300012953
7434 91071500435911
7435 91073583004909
7436 91088005090909
7437 91091322814853
7438 91104262064861
7439 91121661510829
7440 91157821032919
7441 91205035334911
7442 91213508181919
7443 91231005851911
7444 91275140013829
7445 91292106712789
7446 91294010810861
7447 91300250595863
7448 91315032074911
7449 91316211326861
7450 91336032117851
7451 91340370611911
7452 91342406244863
7453 91342406244919
7454 91360752330919
7455 91425172212901
7456 91435216503863
7457 91511370323809
7458 91601593110851
7459 91613011218829
7460 91739137389961
7461 91761656199853
7462 91806333250909
7463 91912212624919
7464 92054642332789
7465 92054642332853
7466 92054642332909
7467 92060320904809
7468 92063034625789
7469 92064183160909
7470 92064529110863
7471 92085784269961
7472 92112075530911
7473 92115419124919
7474 92124242481863
7475 92131310626819
7476 92153146300819
7477 92190177004909
7478 92200064999831
7479 92207652321919
7480 92211203568863
7481 92211272090911
7482 92223046161901
7483 92226019611799
7484 92233576300909
7485 92293150023901
7486 92307216411901
7487 92311061844919
7488 92316911332853
7489 92320430907799
7490 92345450125853
7491 92416911610853
7492 92441564031863
7493 92470402246853
7494 92470402246909
7495 92484161400863
7496 92520814023901
7497 92523019111819
7498 92541123161911
7499 92590034115919
7500 92610542820919
7501 92614022670919
7502 92685056099863
7503 92703056121901
7504 92709201622853
7505 92711503032829
7506 92822103148909
7507 92830181026789
7508 92993003122853
7509 93032010194839
7510 93050153905789
7511 93068002232809
7512 93095041131901
7513 93139513122863
7514 93141182163863
7515 93142157340919
7516 93147301336853
7517 93159614200789
7518 93204165171919
7519 93211348018909
7520 93216197100919
7521 93217341810799
7522 93224004551809
7523 93234320108861
7524 93243092602789
7525 93303341518909
7526 93402452235919
7527 93432410145901
7528 93445088649961
7529 93450503721919
7530 93500002922839
7531 93512612083789
7532 93514113018901
7533 93520902127789
7534 93641901060919
7535 93662420413853
7536 93812142702919
7537 93821204070851
7538 93883355709961
7539 94001534711911
7540 94002228157853
7541 94002228157909
7542 94025063024911
7543 94033135016809
7544 94053930510919
7545 94105053705863
7546 94114548000901
7547 94115162033861
7548 94121335403861
7549 94211076501901
7550 94240001914819
7551 94287163000853
7552 94301439223909
7553 94303553503853
7554 94303553503909
7555 94322114034829
7556 94325156410853
7557 94423124055919
7558 94501144511911
7559 94503933400909
7560 94525511403919
7561 94587166509961
7562 94603305420901
7563 94806021721909
7564 95003556899863
7565 95056253013863
7566 95062429689961
7567 95066008599883
7568 95100469501853
7569 95160346010861
7570 95222261403851
7571 95222425702853
7572 95251054621909
7573 95254716100853
7574 95302532172919
7575 95322041383909
7576 95340526002851
7577 95360078200909
7578 95360433600919
7579 95612231370919
7580 95614913769961
7581 95641451000911
7582 95967851109961
7583 96001281094853
7584 96020392022809
7585 96020497200799
7586 96052802003861
7587 96071030117861
7588 96244315204789
7589 96281203014851
7590 96281203014901
7591 96304513026863
7592 96327108211853
7593 96632673819961
7594 96910091500909
7595 97012214621911
7596 97017015072799
7597 97042406003861
7598 97053125130851
7599 97111203615851
7600 97160373003919
7601 97203411282799
7602 97214112255863
7603 97217007030901
7604 97241501115851
7605 97248251200853
7606 97520140303819
7607 97608000104911
7608 97634012502919
7609 98010632132911
7610 98062644010789
7611 98121600441901
7612 98210613054863
7613 98211428023789
7614 98216002205809
7615 98321140431851
7616 98321140431901
7617 98511040520861
7618 98606700040789
7619 98606700040853
7620 98606700040909
7621 98613324220909
7622 99003021703819
7623 99111018172853
7624 99120426210851
7625 99145030112861
7626 99836414619961
7627 100007982075919
7628 100017856322861
7629 100019545091861
7630 100023064486819
7631 100030286490829
7632 100032854256851
7633 100041272918911
7634 100056902184901
7635 100057154475919
7636 100058208326809
7637 100071008502877
7638 100076155446919
7639 100079555102861
7640 100090715835863
7641 100093761402829
7642 100094716443919
7643 100112825021887
7644 100120324163933
7645 100125324448819
7646 100126410677861
7647 100126410677911
7648 100135832372861
7649 100136871150829
7650 100151783406901
7651 100158842901919
7652 100162688421799
7653 100166643435799
7654 100171929033851
7655 100171929033901
7656 100184065172861
7657 100192248634853
7658 100193605280911
7659 100195633060819
7660 100207743902911
7661 100215511674829
7662 100238176533863
7663 100245563832919
7664 100254562181911
7665 100256443154911
7666 100273553472863
7667 100274890522853
7668 100275030684901
7669 100276652334863
7670 100302354574819
7671 100302692093809
7672 100305508098919
7673 100330639134829
7674 100333079090861
7675 100335458802919
7676 100338471053861
7677 100352272841809
7678 100361262535819
7679 100373248813853
7680 100423298316863
7681 100423650650839
7682 100439000973851
7683 100443222098809
7684 100446453225851
7685 100461907722863
7686 100476343542919
7687 100497605224909
7688 100502432972911
7689 100510195832861
7690 100511895060901
7691 100514633287853
7692 100514633287909
7693 100516904455789
7694 100518085007861
7695 100519223724851
7696 100567811604863
7697 100605030467839
7698 100605078705799
7699 100615231104877
7700 100617630660901
7701 100625418233911
7702 100637410981853
7703 100643353631809
7704 100673452070809
7705 100675030188919
7706 100696019044853
7707 100704503695853
7708 100705732825853
7709 100705732825909
7710 100720026597863
7711 100728363110839
7712 100735650441851
7713 100754215118911
7714 100755046408789
7715 100791281133901
7716 100809751152863
7717 100822357421809
7718 100837434343853
7719 100837434343909
7720 100903301666911
7721 100905850016861
7722 100927103036839
7723 100931139008911
7724 100948014610819
7725 100955219062909
7726 100990265224853
7727 100994206041851
7728 101004311452897
7729 101007287450911
7730 101023295703829
7731 101024483804861
7732 101026747520911
7733 101033330567839
7734 101040276474901
7735 101050423785901
7736 101067145370809
7737 101077825400911
7738 101083263934909
7739 101084513703829
7740 101091153738863
7741 101100607250887
7742 101103954583909
7743 101113534934809
7744 101120291977853
7745 101121480015877
7746 101133149405839
7747 101135991612863
7748 101137226457863
7749 101137226457919
7750 101142942534901
7751 101149245174799
7752 101158225370809
7753 101158225370861
7754 101166073275919
7755 101183415916789
7756 101199247020901
7757 101208144473809
7758 101211089362819
7759 101215159914863
7760 101217762440911
7761 101224277733919
7762 101259690033863
7763 101272517811851
7764 101273275272919
7765 101302665533911
7766 101306249090911
7767 101307563446853
7768 101336348151901
7769 101349716220901
7770 101355612934909
7771 101375972100901
7772 101384051557909
7773 101404094318809
7774 101414620938919
7775 101416227065911
7776 101423512843819
7777 101430980922919
7778 101431019375911
7779 101437193335909
7780 101438637610789
7781 101440557156919
7782 101461107941911
7783 101461217444861
7784 101475431145901
7785 101491711812851
7786 101502468328909
7787 101505539308853
7788 101505539308909
7789 101521804624819
7790 101522411796863
7791 101528423256863
7792 101531275564853
7793 101551216208839
7794 101553345700819
7795 101570713914799
7796 101573750073799
7797 101575417103911
7798 101606068048853
7799 101611094048809
7800 101613232395901
7801 101614174061839
7802 101621935206851
7803 101621935206901
7804 101630880552919
7805 101633141474861
7806 101637112562911
7807 101642273306911
7808 101662793000809
7809 101663332154809
7810 101684442051851
7811 101702925008911
7812 101703470538799
7813 101703513914861
7814 101703533664919
7815 101715878101909
7816 101723631137861
7817 101771554008799
7818 101792033148863
7819 101800369704799
7820 101803446274853
7821 101803446274909
7822 101803837131901
7823 101806243870789
7824 101811281916863
7825 101811281916919
7826 101849062008919
7827 101903045544851
7828 101931074355863
7829 101941358520919
7830 101975018161909
7831 102006037508839
7832 102011957207861
7833 102024438612829
7834 102033394532911
7835 102043593261901
7836 102056104098901
7837 102064255605901
7838 102066917125909
7839 102068045145851
7840 102080323646911
7841 102080411495911
7842 102104073648901
7843 102117704547919
7844 102133282098863
7845 102156609504919
7846 102182392804853
7847 102198008222809
7848 102204819611861
7849 102205626137911
7850 102208032662839
7851 102220485371861
7852 102226222491829
7853 102226453824799
7854 102229290225851
7855 102236563245863
7856 102261171200887
7857 102267413541851
7858 102274313922901
7859 102280324703839
7860 102281251756909
7861 102295600434851
7862 102297245080853
7863 102310006515877
7864 102315047952919
7865 102319158163853
7866 102329082423851
7867 102331840791799
7868 102336087810863
7869 102336452082901
7870 102344139180901
7871 102353107464851
7872 102353113022933
7873 102355750831853
7874 102371535603851
7875 102377409303863
7876 102391822318909
7877 102404402728819
7878 102404648820919
7879 102420222008887
7880 102450181716901
7881 102455360257853
7882 102463392303851
7883 102467390044853
7884 102467390044909
7885 102470040993863
7886 102474152314819
7887 102486160173799
7888 102504009366851
7889 102511592504911
7890 102515623555789
7891 102516720385789
7892 102521144804839
7893 102540076614901
7894 102540168061819
7895 102544814231861
7896 102546541250809
7897 102551732365909
7898 102562283640863
7899 102562283640919
7900 102563057136863
7901 102590611433861
7902 102600660257911
7903 102601782183799
7904 102608772120901
7905 102611136375851
7906 102630534602839
7907 102652771531853
7908 102701861028901
7909 102717080108809
7910 102724276611799
7911 102750217680863
7912 102774503204861
7913 102800580808909
7914 102800584903853
7915 102801081951901
7916 102802807812799
7917 102810139046911
7918 102815986199863
7919 102835063025809
7920 102883060130839
7921 102901371655909
7922 102902641304839
7923 102920575413919
7924 102923634343853
7925 102925014116839
7926 102929243062853
7927 102935124381919
7928 102951065214901
7929 102954422012839
7930 102960210477799
7931 102967120191919
7932 102975113105861
7933 103008511682809
7934 103012882618853
7935 103013789440789
7936 103015349365853
7937 103017903087863
7938 103023791446909
7939 103029053790919
7940 103109853432919
7941 103115255291809
7942 103128134603839
7943 103132418822911
7944 103142415864863
7945 103147071295909
7946 103154552027809
7947 103159811033861
7948 103174751231809
7949 103181282541901
7950 103210934146819
7951 103217805913853
7952 103230447821911
7953 103231331796799
7954 103235314608851
7955 103240692634853
7956 103240692634909
7957 103242269163863
7958 103242576122911
7959 103244390356853
7960 103244426243911
7961 103246302950911
7962 103247752162909
7963 103261073764853
7964 103261346621911
7965 103302245478799
7966 103302605870809
7967 103306546005829
7968 103321101533887
7969 103358541630863
7970 103381074732919
7971 103402982335853
7972 103404348351851
7973 103421334823819
7974 103423196451919
7975 103423231627819
7976 103436182305851
7977 103439316140911
7978 103442974011851
7979 103449203733919
7980 103450753660789
7981 103458023028851
7982 103477173133909
7983 103500221323897
7984 103501532834911
7985 103502514477799
7986 103508890105909
7987 103509336312901
7988 103513317843799
7989 103517803048789
7990 103532126728909
7991 103536065344909
7992 103540139652919
7993 103553053266799
7994 103553316140839
7995 103554017090861
7996 103591440080809
7997 103591440080861
7998 103601374172809
7999 103601822854909
8000 103603052546911
8001 103607245516909
8002 103614168212809
8003 103614243825919
8004 103620650580851
8005 103629252190853
8006 103633519162853
8007 103661393043799
8008 103673512701851
8009 103701714372901
8010 103711134567919
8011 103716084321901
8012 103804058163919
8013 103815113516861
8014 103849300152901
8015 103862004853909
8016 103901830870909
8017 103934066161909
8018 103990341011839
8019 103993220060809
8020 104009520257809
8021 104016018657919
8022 104017316881789
8023 104022379611901
8024 104024473492853
8025 104033992603909
8026 104040058851851
8027 104042544372901
8028 104045810083819
8029 104052993300901
8030 104053534807909
8031 104056500175819
8032 104066081904919
8033 104080716616909
8034 104092253226901
8035 104109211931839
8036 104115960131839
8037 104128678959961
8038 104130892570853
8039 104133540624829
8040 104144441922901
8041 104155663014901
8042 104161528165909
8043 104172024095809
8044 104176711323851
8045 104182382505863
8046 104190535250861
8047 104192165214901
8048 104205618543863
8049 104211204965911
8050 104211913607861
8051 104221515680809
8052 104221515680861
8053 104230695108919
8054 104262926017853
8055 104276629102853
8056 104282241537919
8057 104300319843851
8058 104303441183839
8059 104311510745839
8060 104323344924919
8061 104331511970911
8062 104337360072901
8063 104344364151851
8064 104426206335851
8065 104427242950909
8066 104428204455863
8067 104441231537809
8068 104442700675853
8069 104465032761919
8070 104465730154789
8071 104500526165911
8072 104512404807851
8073 104531623618789
8074 104542507161901
8075 104545018610861
8076 104546003624911
8077 104557576659961
8078 104591116211839
8079 104601630293861
8080 104612338227799
8081 104621317180819
8082 104629263240863
8083 104641053146911
8084 104643842022851
8085 104702322684863
8086 104715107072809
8087 104722714713919
8088 104731520917789
8089 104782364000861
8090 104806450251851
8091 104827402024819
8092 104844705003851
8093 104855241136909
8094 104870340930799
8095 104911271801911
8096 104950098202909
8097 105006756231851
8098 105007735206901
8099 105009334662863
8100 105015629514863
8101 105025415354809
8102 105027055555853
8103 105032048826919
8104 105032439006829
8105 105040621844911
8106 105042852152911
8107 105066430046911
8108 105081765132919
8109 105096140725853
8110 105133113854809
8111 105136140717851
8112 105142764101839
8113 105142860912919
8114 105145035470809
8115 105146332172911
8116 105154384413863
8117 105155470236919
8118 105181605080861
8119 105181605080911
8120 105201443750839
8121 105202683535853
8122 105206293218799
8123 105212554707919
8124 105218316351851
8125 105220797610909
8126 105235364142851
8127 105252741332911
8128 105272132628799
8129 105279113312809
8130 105331715428853
8131 105348253432909
8132 105394201335901
8133 105405421076911
8134 105425640552863
8135 105425640552919
8136 105430107865909
8137 105453552153863
8138 105453552153919
8139 105503059048853
8140 105532970301901
8141 105568842010909
8142 105574512072919
8143 105584540241799
8144 105585335599873
8145 105601188312901
8146 105616081430809
8147 105620601158861
8148 105621452743853
8149 105621452743909
8150 105660234615799
8151 105670410084851
8152 105701235358853
8153 105701235358909
8154 105713121418819
8155 105730012104877
8156 105744133542799
8157 105750326114809
8158 105750326114861
8159 105767724000863
8160 105804192105901
8161 105818250900799
8162 105830508810919
8163 105881308150789
8164 106012334474911
8165 106014607901809
8166 106014607901861
8167 106018543024819
8168 106057334331901
8169 106057451051911
8170 106063739500853
8171 106067666199809
8172 106071655203901
8173 106079312231861
8174 106093546221799
8175 106100169335861
8176 106101661085911
8177 106101929047853
8178 106101929047909
8179 106102540776863
8180 106102540776919
8181 106106814122839
8182 106110947014819
8183 106111991132911
8184 106113120049903
8185 106113801752911
8186 106171006824901
8187 106193334423863
8188 106195403344853
8189 106200042198829
8190 106207110735829
8191 106220153087911
8192 106230210621877
8193 106246326024851
8194 106249630013809
8195 106270147232861
8196 106277543100901
8197 106300361835851
8198 106325602815863
8199 106326159007909
8200 106340226714901
8201 106393511102839
8202 106405122708851
8203 106415441214829
8204 106416315175789
8205 106447003357853
8206 106462825113863
8207 106473804111901
8208 106494130035851
8209 106500439016809
8210 106505121717901
8211 106534140970853
8212 106534140970909
8213 106541304390901
8214 106549002351901
8215 106555480302863
8216 106582723042853
8217 106610572313911
8218 106612353900901
8219 106630057610809
8220 106647434599873
8221 106665415100911
8222 106770180631853
8223 106821215342861
8224 106829101035851
8225 106843153233799
8226 106843153233863
8227 106844303424799
8228 106862233004809
8229 106867023303863
8230 106894220700919
8231 106918112380789
8232 106976002071919
8233 107005624332829
8234 107015841700819
8235 107036033172829
8236 107038311372851
8237 107051040825829
8238 107068801122901
8239 107070732165799
8240 107081418510851
8241 107081418510901
8242 107090334913853
8243 107103614328901
8244 107134547602909
8245 107134661401819
8246 107135446062863
8247 107151166061809
8248 107173541280863
8249 107183050722851
8250 107208193220809
8251 107208193220861
8252 107211392108809
8253 107233374240851
8254 107252500990853
8255 107320317550819
8256 107326125160819
8257 107342740146919
8258 107349560113853
8259 107351832120829
8260 107354472030851
8261 107354472030901
8262 107391350214851
8263 107391350214901
8264 107403714805853
8265 107403714805909
8266 107415283008799
8267 107416314027851
8268 107448023146909
8269 107451380420911
8270 107507302181809
8271 107510522921861
8272 107520200024933
8273 107535163440799
8274 107631184323799
8275 107633655211853
8276 107652353061863
8277 107660246003861
8278 107730363113809
8279 107761331321911
8280 107765002125901
8281 107800012545829
8282 107802043073911
8283 107811050691919
8284 107811800730901
8285 107814826299883
8286 107820243105829
8287 107879401030789
8288 107900034290861
8289 107911530404911
8290 107971307302853
8291 108010415473819
8292 108021268205911
8293 108027504323861
8294 108035303643901
8295 108050427462799
8296 108058404051901
8297 108061664250863
8298 108065193700909
8299 108095227500919
8300 108096650230909
8301 108103411708819
8302 108120445056901
8303 108120861125861
8304 108130240376911
8305 108131022131933
8306 108131325371911
8307 108156244134919
8308 108173135430851
8309 108180074204809
8310 108181612071851
8311 108209643501863
8312 108222416361901
8313 108222804076909
8314 108224067221911
8315 108264934111853
8316 108270097104863
8317 108313552241911
8318 108315361551799
8319 108340444214809
8320 108340838212909
8321 108373109430919
8322 108411514263851
8323 108446349100853
8324 108570305115851
8325 108603061244809
8326 108603061244861
8327 108620511092809
8328 108621314406851
8329 108623635150909
8330 108643226620853
8331 108643226620909
8332 108653850012863
8333 108706643400799
8334 108715290024863
8335 108723561025789
8336 108754291210909
8337 108791022050911
8338 108820035490853
8339 108912323052901
8340 109008090381863
8341 109022337373853
8342 109052173813789
8343 109054341562853
8344 109055113267853
8345 109060610244829
8346 109063471225789
8347 109063824322853
8348 109097121180799
8349 109112229255919
8350 109128075520853
8351 109128075520909
8352 109135113816863
8353 109146640014851
8354 109183318989961
8355 109184905869961
8356 109186400250901
8357 109193010817789
8358 109235163126799
8359 109263106161851
8360 109306590699809
8361 109311168051851
8362 109317631203901
8363 109320947311909
8364 109419130341901
8365 109422943113863
8366 109428193299809
8367 109435126071863
8368 109453134012829
8369 109473401501809
8370 109502831430851
8371 109504774020919
8372 109542222071809
8373 109605011903809
8374 109624103941789
8375 109630800062911
8376 109643071103809
8377 109673140117909
8378 109714270360789
8379 110000138948911
8380 110002365916819
8381 110002390863829
8382 110006143395829
8383 110007046925861
8384 110040346872851
8385 110040764692853
8386 110041645625809
8387 110045090357861
8388 110061732662911
8389 110067646121911
8390 110067851371789
8391 110068177333789
8392 110070569103829
8393 110093448631853
8394 110101787072861
8395 110101787072911
8396 110113098541819
8397 110118227930861
8398 110129101105897
8399 110137395163909
8400 110144406707809
8401 110146607107819
8402 110155513098919
8403 110161171716829
8404 110171144201933
8405 110178517211911
8406 110181715492853
8407 110191330970911
8408 110208504544819
8409 110210497272901
8410 110210781284809
8411 110216662641901
8412 110223454751911
8413 110242820817901
8414 110242943382799
8415 110253014041943
8416 110255436138919
8417 110282116356851
8418 110290582016861
8419 110290650727909
8420 110296130237861
8421 110300642918911
8422 110302739017819
8423 110303114419903
8424 110330231343877
8425 110338644523853
8426 110345843424919
8427 110354291613851
8428 110394151474853
8429 110406128840911
8430 110427834333799
8431 110427834333863
8432 110429030892919
8433 110446012835861
8434 110452801782863
8435 110484938399863
8436 110501070938809
8437 110503827342851
8438 110508522615851
8439 110508582230861
8440 110514072748789
8441 110525645070901
8442 110530641856853
8443 110531187373909
8444 110540925530911
8445 110542954153909
8446 110545660713863
8447 110545660713919
8448 110553071890853
8449 110563382021839
8450 110565330542809
8451 110586020252839
8452 110595404222861
8453 110602036547861
8454 110620391376863
8455 110638210782863
8456 110641713363851
8457 110648903314853
8458 110650963031911
8459 110660444134819
8460 110663225045809
8461 110671562313901
8462 110681541402829
8463 110693022970853
8464 110700623248819
8465 110700739812799
8466 110705031585901
8467 110715809062853
8468 110717251821901
8469 110721191841901
8470 110722165611829
8471 110723880303851
8472 110725914321901
8473 110733100865809
8474 110740351713829
8475 110740602158861
8476 110771209641919
8477 110784240372863
8478 110833610940851
8479 110846113470901
8480 110903284520911
8481 110904067322809
8482 110905408633909
8483 110910970353863
8484 110913713091851
8485 110915270356789
8486 110921140671829
8487 110933248401901
8488 110972190036919
8489 110977405222909
8490 110985611430919
8491 111011495228861
8492 111014295246901
8493 111018400844839
8494 111018555516863
8495 111026057574799
8496 111028336536919
8497 111034059182911
8498 111037915560863
8499 111041168207839
8500 111060466370911
8501 111061343130877
8502 111074198003809
8503 111087202840819
8504 111095016244819
8505 111103042721933
8506 111104354528809
8507 111109145817799
8508 111111321362887
8509 111112847603861
8510 111113247923861
8511 111114356467909
8512 111140625932911
8513 111142294325809
8514 111175351181809
8515 111182910564799
8516 111185613414851
8517 111186540233809
8518 111203276910829
8519 111218710594909
8520 111224212938851
8521 111255164743909
8522 111268542032861
8523 111268542032911
8524 111273991020851
8525 111276172320829
8526 111281344053829
8527 111282531821911
8528 111293421195863
8529 111308176412809
8530 111321395441911
8531 111360852270901
8532 111372716271919
8533 111389107005851
8534 111416098104851
8535 111420938361919
8536 111445054541861
8537 111485300651911
8538 111510805545851
8539 111512787510799
8540 111512787510863
8541 111524211086839
8542 111537061662799
8543 111537061662863
8544 111544513604911
8545 111553434332911
8546 111554408047853
8547 111581403082819
8548 111600335884853
8549 111602001083887
8550 111603229074851
8551 111603229074901
8552 111625701178909
8553 111644851032901
8554 111651237224861
8555 111692124490853
8556 111707522512819
8557 111711453254809
8558 111721502178851
8559 111732455326853
8560 111753916002851
8561 111793314208909
8562 111814403647853
8563 111833004527809
8564 111837810162919
8565 111854661025909
8566 111855100580911
8567 111914152244809
8568 111922342513819
8569 111939526120909
8570 111943060924789
8571 111943060924853
8572 112000098288863
8573 112000098288919
8574 112003383915851
8575 112003383915901
8576 112004878031861
8577 112004878031911
8578 112005828265789
8579 112006457504861
8580 112029335613851
8581 112041336365911
8582 112042465451911
8583 112044037827863
8584 112086313267853
8585 112100345708839
8586 112105649520901
8587 112105918610911
8588 112121956434919
8589 112138015077901
8590 112153458600851
8591 112157450090911
8592 112162820652901
8593 112168080602861
8594 112176216175853
8595 112181340761911
8596 112191419146853
8597 112197202293863
8598 112205802537901
8599 112222990202839
8600 112228672260799
8601 112247901166789
8602 112254707371909
8603 112260178714909
8604 112285143381799
8605 112285143381863
8606 112291164480863
8607 112297121095909
8608 112305521556901
8609 112310545085911
8610 112326183116911
8611 112336036762853
8612 112338404257909
8613 112353508115861
8614 112360117416829
8615 112360363036819
8616 112360784205799
8617 112367590203863
8618 112375402640911
8619 112414622940901
8620 112418128320829
8621 112422508470851
8622 112433846250863
8623 112461038333911
8624 112479273310853
8625 112500364346911
8626 112509752161853
8627 112521133890901
8628 112521575812853
8629 112521575812909
8630 112526851701799
8631 112531007580829
8632 112541850018901
8633 112548302805863
8634 112551285230809
8635 112553403285863
8636 112561364052901
8637 112574001387919
8638 112583241345919
8639 112608500733901
8640 112610028744901
8641 112619014061839
8642 112626477399809
8643 112636242192919
8644 112642342326901
8645 112652240814851
8646 112661336713789
8647 112666440451909
8648 112703412652819
8649 112707038130829
8650 112717444121809
8651 112718182414909
8652 112723080493853
8653 112741524670909
8654 112750240594909
8655 112810077175909
8656 112819065111901
8657 112822622932909
8658 112830105384851
8659 112831460922919
8660 112880216083853
8661 112900269320911
8662 112906303753853
8663 112922824050851
8664 112923966579961
8665 112933076061863
8666 112953634002851
8667 113000066645839
8668 113029333127911
8669 113032630195819
8670 113050269372919
8671 113055842065853
8672 113060740728919
8673 113064377151863
8674 113095107017861
8675 113106066145819
8676 113112928416863
8677 113118053999831
8678 113123486820919
8679 113134940055901
8680 113138600075861
8681 113141065085809
8682 113142675315799
8683 113149063404851
8684 113150945421851
8685 113152104994853
8686 113159814300901
8687 113162860241911
8688 113177750313799
8689 113186314264853
8690 113200644765799
8691 113204314438819
8692 113223705633851
8693 113230908355909
8694 113252507801861
8695 113270230617829
8696 113273673002911
8697 113275120278863
8698 113288222051861
8699 113290002024877
8700 113325801353861
8701 113331100910887
8702 113336125613861
8703 113340244020877
8704 113340781570909
8705 113370383034851
8706 113372505094853
8707 113402102460877
8708 113403816304819
8709 113425206753799
8710 113431301943829
8711 113451360722911
8712 113495144250863
8713 113511250808861
8714 113514601085911
8715 113517532125901
8716 113523283031839
8717 113524804304809
8718 113541280460911
8719 113567061333799
8720 113567061333863
8721 113572170507799
8722 113601121883861
8723 113601121883911
8724 113610345655789
8725 113614451414861
8726 113615536242799
8727 113624753331919
8728 113692133514863
8729 113761821023911
8730 113762531731909
8731 113771007075863
8732 113801029127809
8733 113806666003909
8734 113813880070789
8735 113840035653863
8736 113880723115909
8737 113890248499873
8738 113906130390851
8739 113906130390901
8740 113908052515909
8741 113923083311809
8742 113955013426789
8743 113996110702853
8744 114012527343829
8745 114016147810819
8746 114032520957799
8747 114040372742809
8748 114040973380909
8749 114042428406901
8750 114050869203863
8751 114071355606799
8752 114080237581853
8753 114091204805911
8754 114102763235911
8755 114107297008853
8756 114110153558809
8757 114111811916911
8758 114118124702839
8759 114128319261799
8760 114132422286851
8761 114141922536919
8762 114163093106911
8763 114184481017853
8764 114198321122911
8765 114200190945851
8766 114200190945901
8767 114213332955863
8768 114223310384839
8769 114272673240799
8770 114293303770909
8771 114300540764911
8772 114320415774919
8773 114330051594901
8774 114350184071861
8775 114361554333799
8776 114401361478909
8777 114419102093809
8778 114458102337919
8779 114489032030861
8780 114490327134919
8781 114507007622911
8782 114516021282829
8783 114524204226829
8784 114532145355799
8785 114534280412809
8786 114552232362851
8787 114607067121901
8788 114618050580863
8789 114627500625863
8790 114652011675919
8791 114701587320863
8792 114842671203863
8793 114911241624901
8794 114920063305819
8795 115000210705943
8796 115004571078799
8797 115011184237819
8798 115015158143911
8799 115018902157853
8800 115025944004809
8801 115026507710861
8802 115049013570851
8803 115051626063901
8804 115058550020839
8805 115129353006851
8806 115141119713911
8807 115149016125851
8808 115149016125901
8809 115155117162901
8810 115161094223911
8811 115172110466911
8812 115187233701863
8813 115203504933851
8814 115215806326909
8815 115222182800839
8816 115223801144839
8817 115234362603851
8818 115236560205901
8819 115250165036861
8820 115254347102861
8821 115280323155901
8822 115321526433901
8823 115342154405809
8824 115360712181851
8825 115365222540901
8826 115381001660839
8827 115422481250809
8828 115509428113853
8829 115523014760911
8830 115544306420861
8831 115550921344853
8832 115603561642853
8833 115644056701853
8834 115644056701909
8835 115670035255909
8836 115674521062853
8837 115680190036909
8838 115706542513853
8839 115712810635909
8840 115720303904861
8841 115720922640919
8842 115735106241851
8843 115736087199883
8844 115823710331911
8845 115831122182861
8846 115912003283911
8847 115913540163919
8848 115952218321909
8849 116000589027863
8850 116004337465909
8851 116016525027901
8852 116018006813809
8853 116022036158911
8854 116032274625863
8855 116033384214851
8856 116053157025901
8857 116061432416911
8858 116063818411909
8859 116086260460909
8860 116101463952919
8861 116120417736863
8862 116130551265901
8863 116142336025819
8864 116152244820901
8865 116153718403909
8866 116172913243853
8867 116174354224853
8868 116174354224909
8869 116202361980919
8870 116203321854901
8871 116204904390919
8872 116212922418799
8873 116241912106819
8874 116250700683919
8875 116254040661901
8876 116254080427789
8877 116261082330829
8878 116265290080909
8879 116303833354789
8880 116304640716799
8881 116311671170809
8882 116312442951799
8883 116321551901809
8884 116340683170909
8885 116352591030901
8886 116357505030901
8887 116412931902919
8888 116414800924853
8889 116492350504909
8890 116500941113839
8891 116521206318851
8892 116522253048919
8893 116577121323919
8894 116594116123853
8895 116611081308851
8896 116621054414861
8897 116633361140809
8898 116640512602819
8899 116641128006901
8900 116708325610853
8901 116712538042853
8902 116713408012819
8903 116722109208919
8904 116810640621901
8905 116833552010911
8906 116864902030853
8907 116900830215901
8908 116911302152839
8909 116936721022789
8910 117000439645853
8911 117014281644863
8912 117084582400853
8913 117087511080919
8914 117103332452839
8915 117113482344863
8916 117130175117911
8917 117135123036829
8918 117141045880853
8919 117146076006863
8920 117160055064901
8921 117165226032851
8922 117171136251901
8923 117173146413919
8924 117191201372911
8925 117204560814799
8926 117217640030839
8927 117221623217861
8928 117222635560909
8929 117256016025901
8930 117258102252901
8931 117263071732853
8932 117270222236861
8933 117270222236911
8934 117271561301809
8935 117272215040839
8936 117315091146863
8937 117361355103851
8938 117407163802909
8939 117412049205851
8940 117412049205901
8941 117421833041809
8942 117431913306863
8943 117442831126853
8944 117459233113853
8945 117459233113909
8946 117500266228789
8947 117511972132853
8948 117512071046861
8949 117537331333909
8950 117555720070909
8951 117563210077853
8952 117590192050789
8953 117590192050853
8954 117600762361909
8955 117602676130789
8956 117603357205853
8957 117642230491789
8958 117642230491853
8959 117682250107789
8960 117702165104861
8961 117821120881909
8962 117822010882909
8963 117840511605919
8964 117851052411901
8965 117901081093853
8966 118007023192819
8967 118024518333863
8968 118034681116789
8969 118122255904853
8970 118141323731911
8971 118141904344853
8972 118160286799873
8973 118162826500853
8974 118195028040919
8975 118201479101809
8976 118209470012861
8977 118212096050911
8978 118227092233909
8979 118241620218851
8980 118280521525853
8981 118300126093819
8982 118300526621861
8983 118300826127863
8984 118322461124911
8985 118323406402819
8986 118377003603863
8987 118400211967853
8988 118474041523909
8989 118484112023861
8990 118484112023911
8991 118495111004911
8992 118506671320853
8993 118509011094863
8994 118535021715863
8995 118542124255909
8996 118552101064819
8997 118570551132799
8998 118574721130909
8999 118631815002851
9000 118631815002901
9001 118701910903853
9002 118930100291861
9003 118984136379961
9004 119004366032809
9005 119008062081851
9006 119010636342901
9007 119034061851863
9008 119140143245911
9009 119184303352789
9010 119215314156919
9011 119277117300799
9012 119297723289961
9013 119303373221911
9014 119332006632851
9015 119333363241863
9016 119373150222901
9017 119390126200819
9018 119411417911909
9019 119416075501909
9020 119421314333861
9021 119430011880901
9022 119430300354829
9023 119451414031819
9024 119490058101863
9025 119502132090829
9026 119512014660851
9027 119520440671909
9028 119593201030819
9029 119701725101911
9030 119740070154863
9031 119781343959961
9032 120005920040933
9033 120010718384861
9034 120018444704861
9035 120036683335853
9036 120038024685919
9037 120047347534909
9038 120051063908861
9039 120051091795853
9040 120090116201933
9041 120102927543901
9042 120103373475851
9043 120115095902861
9044 120115555181911
9045 120118141536829
9046 120127308117829
9047 120153770118901
9048 120156592112861
9049 120163377410861
9050 120173910317911
9051 120190300577911
9052 120201695248853
9053 120208039513819
9054 120208444053829
9055 120209944003819
9056 120216229852909
9057 120218178018919
9058 120229250920819
9059 120230505908861
9060 120232318704829
9061 120244640475919
9062 120253963405789
9063 120255394050901
9064 120261561354901
9065 120265038742909
9066 120271511618809
9067 120279400078909
9068 120286461240851
9069 120293513145851
9070 120302704866863
9071 120311964107809
9072 120333390276863
9073 120338852440853
9074 120348544801789
9075 120352353360829
9076 120353419408853
9077 120374090905853
9078 120374090905909
9079 120381155532901
9080 120413934642863
9081 120415079415919
9082 120416661535853
9083 120416661535909
9084 120417367008863
9085 120418122096851
9086 120446200932829
9087 120511885342789
9088 120522250563829
9089 120536326150819
9090 120552336431809
9091 120562542823909
9092 120602294751863
9093 120613107694853
9094 120613107694909
9095 120613639162853
9096 120614826207919
9097 120632060176819
9098 120632341068901
9099 120714143444911
9100 120714354850853
9101 120717016680863
9102 120742275442853
9103 120744009224911
9104 120754451006911
9105 120800349066863
9106 120845824024789
9107 120901216671901
9108 120904062524911
9109 120904361208901
9110 120907354023901
9111 120943020290839
9112 120956406205853
9113 121004517582901
9114 121022983025911
9115 121028833543789
9116 121041160676809
9117 121042148630839
9118 121042184737853
9119 121042353927799
9120 121043742371911
9121 121046530490861
9122 121048166164789
9123 121048166164853
9124 121051068682853
9125 121069554411919
9126 121071672143861
9127 121076852020819
9128 121083651228863
9129 121095924150863
9130 121095924150919
9131 121097953002799
9132 121101550844839
9133 121103235653839
9134 121105914731861
9135 121125202367839
9136 121143538462853
9137 121171391730901
9138 121191760241809
9139 121202815683799
9140 121206011768861
9141 121208117745863
9142 121210882861909
9143 121212073457809
9144 121213667322851
9145 121223312754829
9146 121226436256853
9147 121228733442919
9148 121235762524853
9149 121235762524909
9150 121237021645819
9151 121245058821919
9152 121246202861911
9153 121265542183789
9154 121265542183853
9155 121265542183909
9156 121315230653839
9157 121315261932901
9158 121320952038851
9159 121331609611819
9160 121340517903901
9161 121344340256911
9162 121360342318819
9163 121367312337863
9164 121367312337919
9165 121384116516863
9166 121402256705809
9167 121402668108863
9168 121404631377863
9169 121418044901861
9170 121418330156911
9171 121421171293819
9172 121422238806863
9173 121426945100861
9174 121427930461909
9175 121432237604809
9176 121450391108911
9177 121450413813829
9178 121452279101809
9179 121466632135789
9180 121469423430799
9181 121478910411919
9182 121512472127911
9183 121513293084863
9184 121520248554799
9185 121539531153919
9186 121543306537853
9187 121573501433809
9188 121590920070901
9189 121593123602809
9190 121620336156901
9191 121630319382863
9192 121632734533853
9193 121661702860853
9194 121661702860909
9195 121700175168799
9196 121700175168863
9197 121700625177799
9198 121702556631919
9199 121705534206901
9200 121706556210851
9201 121715836320919
9202 121723229434853
9203 121735022740819
9204 121740227446853
9205 121745530173863
9206 121750831601911
9207 121831674232909
9208 121848190000819
9209 121851269013863
9210 121951610216861
9211 121972524511853
9212 121975040106901
9213 122037646810909
9214 122068238210861
9215 122069421900851
9216 122070723803911
9217 122080027136839
9218 122082143075911
9219 122090481180901
9220 122103710119903
9221 122112784813853
9222 122118763341863
9223 122122238880919
9224 122135610865909
9225 122135910371809
9226 122138433264919
9227 122140782350861
9228 122143823343851
9229 122144334704911
9230 122173101338839
9231 122185225192909
9232 122190049312819
9233 122190532631861
9234 122192065480853
9235 122212862244901
9236 122235228526909
9237 122248516710799
9238 122248516710863
9239 122250123113887
9240 122250665262863
9241 122263620354851
9242 122304046094911
9243 122311638602809
9244 122312515940809
9245 122314292321839
9246 122317825215799
9247 122328004094809
9248 122332567130911
9249 122333204762809
9250 122333204762861
9251 122393402270809
9252 122420753061829
9253 122424316920901
9254 122433520733809
9255 122471444700901
9256 122495011315819
9257 122506039462789
9258 122537107390909
9259 122541710922901
9260 122545356124853
9261 122553027381919
9262 122556074044853
9263 122558004822863
9264 122560305443861
9265 122595354012799
9266 122616632370919
9267 122617226061851
9268 122630607711901
9269 122641680410861
9270 122644860000829
9271 122647704114863
9272 122704501020877
9273 122725581231863
9274 122740534053901
9275 122751272320819
9276 122754111246901
9277 122771248011851
9278 122782224262853
9279 122784175120909
9280 122803643902853
9281 122817105066919
9282 122820501487909
9283 122852020460839
9284 122901559110851
9285 122910023492911
9286 122915580331853
9287 122920545131911
9288 122926653120863
9289 122991111603851
9290 123000392003887
9291 123008021748901
9292 123014068613809
9293 123014068613861
9294 123014099245853
9295 123024900564851
9296 123025271327911
9297 123033706704851
9298 123041716726909
9299 123050334546851
9300 123062252853919
9301 123081660508789
9302 123090005694863
9303 123090005694919
9304 123104040170887
9305 123104040170933
9306 123121493270861
9307 123124271552809
9308 123130840752851
9309 123134244570851
9310 123151860530861
9311 123151860530911
9312 123155800218901
9313 123166073452789
9314 123232508194853
9315 123240367701851
9316 123248521341851
9317 123278212133911
9318 123316813237789
9319 123324328213819
9320 123333175017851
9321 123341643283853
9322 123344700471851
9323 123350114616829
9324 123357264231919
9325 123374147160799
9326 123438505422863
9327 123439131832909
9328 123440412580819
9329 123441485025919
9330 123450421100933
9331 123470024318911
9332 123501391960853
9333 123532905190789
9334 123540612735863
9335 123540612735919
9336 123542160457789
9337 123560306431819
9338 123560414913919
9339 123624351390863
9340 123624351390919
9341 123641069511919
9342 123650028661909
9343 123701034717851
9344 123709200564799
9345 123731513231839
9346 123731644612909
9347 123740412763789
9348 123831075420851
9349 123834241241861
9350 123902054680853
9351 123920055305911
9352 123921205115839
9353 123922212447799
9354 123930444202819
9355 123931301733901
9356 124003743582799
9357 124017017651809
9358 124018230625819
9359 124023752262901
9360 124026074482789
9361 124032736920863
9362 124036207465789
9363 124042318360819
9364 124100158643809
9365 124100614557901
9366 124103883720919
9367 124119721840789
9368 124122394025911
9369 124137396111863
9370 124142920631861
9371 124158191340919
9372 124171214407819
9373 124185413111839
9374 124190328401809
9375 124195272002911
9376 124202647206851
9377 124203060465829
9378 124216080343819
9379 124221081427819
9380 124244502192851
9381 124253024754799
9382 124256260560863
9383 124282532190799
9384 124291323634789
9385 124304392623863
9386 124312536036901
9387 124317619141789
9388 124326701913863
9389 124331403982909
9390 124332302681809
9391 124332302681861
9392 124405012870819
9393 124421257125901
9394 124462860600863
9395 124501217705911
9396 124505031653809
9397 124513832830853
9398 124514520541819
9399 124523024484863
9400 124523931225919
9401 124562041722851
9402 124564024035851
9403 124564024035901
9404 124581045222901
9405 124612168711853
9406 124614551244919
9407 124623431225809
9408 124624321680863
9409 124635214821863
9410 124703116225819
9411 124705316007851
9412 124709052222851
9413 124712124406819
9414 124731461037919
9415 124806109899883
9416 124812761201861
9417 124820701546909
9418 124821305135809
9419 124822802424799
9420 124835113131829
9421 124926116250919
9422 125051505263911
9423 125101165482851
9424 125104822162819
9425 125106850444909
9426 125114370582863
9427 125124284640799
9428 125127551601851
9429 125127551601901
9430 125153373423863
9431 125187150180919
9432 125196242030911
9433 125216109328789
9434 125236730340901
9435 125240108363861
9436 125243148504919
9437 125245134233809
9438 125250941241851
9439 125303413518901
9440 125313922502861
9441 125400041397901
9442 125400328636789
9443 125400817413901
9444 125421909411863
9445 125433325218863
9446 125440025306839
9447 125440318205861
9448 125443879089961
9449 125491016082799
9450 125507208005911
9451 125507303224819
9452 125516463322909
9453 125591106352909
9454 125623902312851
9455 125657104203901
9456 125661238410919
9457 125704115261861
9458 125704115261911
9459 125705102097863
9460 125774410162789
9461 125816100134839
9462 125820029326853
9463 125833413041911
9464 125862385000789
9465 125895269049961
9466 125923127125909
9467 125940101191819
9468 126037822170919
9469 126107252505851
9470 126110149233829
9471 126128782011919
9472 126173850070909
9473 126184260361853
9474 126202164092911
9475 126202191821809
9476 126216081413809
9477 126223780044799
9478 126229611135799
9479 126262344204901
9480 126306103671851
9481 126318941005909
9482 126351406140829
9483 126412921520911
9484 126413502263861
9485 126413662090789
9486 126425010662809
9487 126425037135919
9488 126432234724909
9489 126435520335863
9490 126455300403829
9491 126460324191919
9492 126545006051861
9493 126560531115901
9494 126573140038789
9495 126601438801853
9496 126602227831789
9497 126604039224799
9498 126635635689961
9499 126730084126853
9500 126730084126909
9501 126767001310819
9502 126783141420919
9503 126800515416919
9504 126910056140911
9505 126910234161901
9506 127011281647853
9507 127013168430901
9508 127030710905911
9509 127031205873863
9510 127031334082819
9511 127048077399809
9512 127074537003863
9513 127092305402911
9514 127123806014861
9515 127141206834919
9516 127142106565853
9517 127153016222839
9518 127155743500909
9519 127161512216911
9520 127170551541799
9521 127202873061799
9522 127212980214799
9523 127260302336911
9524 127274423152853
9525 127310300694851
9526 127313090073901
9527 127358510403919
9528 127387240002901
9529 127402120358809
9530 127406404326863
9531 127414811520901
9532 127420045072819
9533 127521208520861
9534 127553107301911
9535 127600733420911
9536 127625450121901
9537 127717413402919
9538 127801526701909
9539 127824015433909
9540 128021830127809
9541 128027231261861
9542 128052619311863
9543 128071079302853
9544 128076202273853
9545 128078509099873
9546 128092242136853
9547 128112682252853
9548 128112682252909
9549 128130096901853
9550 128160570051851
9551 128227220473789
9552 128267302500901
9553 128275514022919
9554 128301234448853
9555 128323028244863
9556 128342012175851
9557 128363134153789
9558 128400072187789
9559 128414555100851
9560 128420761180909
9561 128435042213809
9562 128442306081863
9563 128442306081919
9564 128531250270851
9565 128539060203863
9566 128548005402919
9567 128570333152909
9568 128601123537919
9569 128614216103809
9570 128646310224799
9571 128651735499853
9572 128723322271853
9573 128778075339961
9574 128855030001829
9575 128904144024919
9576 128931002292919
9577 129026355021901
9578 129031225451809
9579 129046314262909
9580 129137220840799
9581 129143071007809
9582 129230497111853
9583 129233016215861
9584 129290215710919
9585 129300264427909
9586 129340771114853
9587 129406303340861
9588 129534116310901
9589 129823317111799
9590 129983145639961
9591 130004263884863
9592 130009324428901
9593 130012074945901
9594 130014259275799
9595 130014259550911
9596 130018750910861
9597 130023384044839
9598 130025926143851
9599 130027057564909
9600 130028382282863
9601 130035849060863
9602 130044660137911
9603 130051298722789
9604 130058392035863
9605 130061559014809
9606 130063952024861
9607 130067204650819
9608 130071160794919
9609 130073694020911
9610 130090008941861
9611 130101991087853
9612 130103551736861
9613 130107905460851
9614 130120075880911
9615 130123432814839
9616 130130191966909
9617 130131543761861
9618 130140811368851
9619 130142336544901
9620 130145047761919
9621 130146050348861
9622 130159883110909
9623 130169290120819
9624 130176910722919
9625 130180094536853
9626 130180910890909
9627 130200825807851
9628 130202828464789
9629 130227176280919
9630 130265546115863
9631 130265546115919
9632 130277619400853
9633 130279102631809
9634 130286433500911
9635 130312847523863
9636 130348020850819
9637 130361449211911
9638 130363370360911
9639 130369120722901
9640 130371063915919
9641 130399599039961
9642 130400633298799
9643 130445380084909
9644 130455116223829
9645 130471626091909
9646 130482203514829
9647 130484854120853
9648 130490403044839
9649 130492430241829
9650 130520509663853
9651 130523151099917
9652 130530492048799
9653 130530492048863
9654 130532471352851
9655 130547572023863
9656 130553125541911
9657 130554041292901
9658 130595512063909
9659 130631640861863
9660 130631640861919
9661 130635300177901
9662 130641855051863
9663 130650804431911
9664 130654770051919
9665 130658541043909
9666 130660510283861
9667 130682054452853
9668 130716054242861
9669 130744161323911
9670 130772035017901
9671 130845165610853
9672 130861029234863
9673 130861029234919
9674 130900472370851
9675 130900472370901
9676 130902700814861
9677 130916216523919
9678 130932917979961
9679 130950605140819
9680 131009357025851
9681 131047399201853
9682 131068119103819
9683 131092803273863
9684 131096050800829
9685 131101981523861
9686 131104641792919
9687 131105480728909
9688 131106611871901
9689 131110936815799
9690 131134204970861
9691 131135410592911
9692 131149202812819
9693 131154277021819
9694 131161772362853
9695 131168700346909
9696 131174532337909
9697 131179344403909
9698 131184596020909
9699 131200258265911
9700 131200878420901
9701 131208062138861
9702 131208062138911
9703 131213679151909
9704 131227640244901
9705 131231552377789
9706 131232180147829
9707 131240147593909
9708 131251520294911
9709 131280055703809
9710 131301383822911
9711 131302294530829
9712 131303715348919
9713 131315318923909
9714 131342712138901
9715 131350963711789
9716 131352251913851
9717 131353282040839
9718 131364851413909
9719 131375161713919
9720 131385935859961
9721 131405340397853
9722 131440708242901
9723 131442335702861
9724 131462031425839
9725 131492007126901
9726 131513624562863
9727 131548254120851
9728 131593093123853
9729 131631306591919
9730 131637102465863
9731 131690601800809
9732 131693002118911
9733 131709170303861
9734 131712272508863
9735 131714950071799
9736 131716018700911
9737 131730207543901
9738 131746914003799
9739 131763301092901
9740 131810507635853
9741 131842650361789
9742 131971421402809
9743 132000282086839
9744 132003513872911
9745 132033067612819
9746 132035372106829
9747 132035516531861
9748 132039516212861
9749 132040681540819
9750 132042909027863
9751 132046220266819
9752 132081436191919
9753 132107403387863
9754 132121491912901
9755 132123350388919
9756 132128207328919
9757 132130376136851
9758 132130376136901
9759 132166108191919
9760 132174702147799
9761 132216408801901
9762 132217620480901
9763 132222593150861
9764 132238650073853
9765 132242773410851
9766 132271343832799
9767 132275443031861
9768 132275443031911
9769 132280640427919
9770 132305572425863
9771 132305572425919
9772 132327851602853
9773 132333242381911
9774 132340127547799
9775 132350475910853
9776 132353064373853
9777 132353064373909
9778 132354224225911
9779 132396141442909
9780 132415281804863
9781 132420380931851
9782 132421730673863
9783 132423239524789
9784 132453137420861
9785 132511660545799
9786 132538207131901
9787 132571444206919
9788 132602006807911
9789 132630910007839
9790 132672021438799
9791 132682090252909
9792 132701436561919
9793 132705063180901
9794 132705344182909
9795 132706463100829
9796 132742012615819
9797 132752420526799
9798 132752420526863
9799 132766117321853
9800 132811742022829
9801 132834821211901
9802 132918503061919
9803 132920621360809
9804 132927210203839
9805 133003436066861
9806 133006380741851
9807 133017642634909
9808 133024165062829
9809 133028418154909
9810 133033716706789
9811 133037326623919
9812 133046322754789
9813 133049021376863
9814 133053516510829
9815 133121926160911
9816 133143873700909
9817 133191180652909
9818 133206360921901
9819 133211485044851
9820 133214254780853
9821 133214254780909
9822 133216035664853
9823 133218130550839
9824 133230379320851
9825 133266310352911
9826 133311138804901
9827 133341853440919
9828 133341922034911
9829 133346255611909
9830 133354033520839
9831 133405126830901
9832 133410155652901
9833 133414606511861
9834 133441328321911
9835 133455142903909
9836 133473083350853
9837 133515359014789
9838 133523411971853
9839 133534507107863
9840 133548039021799
9841 133548039021863
9842 133553306231809
9843 133635256410919
9844 133654100315839
9845 133671811311851
9846 133671811311901
9847 133713271263863
9848 133741209180919
9849 133742021253829
9850 133753253111809
9851 133773226204789
9852 133802345920853
9853 133810244143819
9854 133833733231789
9855 133917642031909
9856 133935010602829
9857 133941167005853
9858 134003574427909
9859 134004331578919
9860 134012451807901
9861 134014447362863
9862 134025420473911
9863 134052760921853
9864 134058520061861
9865 134065822522909
9866 134101161780829
9867 134103553226809
9868 134113068552863
9869 134121170726861
9870 134131920484853
9871 134193043318853
9872 134202420591829
9873 134204338025809
9874 134207036535863
9875 134210941155901
9876 134243444424799
9877 134310598501909
9878 134316560430851
9879 134316560430901
9880 134330260913809
9881 134333021690911
9882 134366633301799
9883 134381123241829
9884 134403044822861
9885 134408266015853
9886 134410743490853
9887 134413581060901
9888 134423228250901
9889 134427161310829
9890 134460802425799
9891 134500095116861
9892 134504038065863
9893 134560100448901
9894 134561480112901
9895 134591133023861
9896 134606114680789
9897 134609103215861
9898 134624214810901
9899 134632624130861
9900 134648363299873
9901 134671135405789
9902 134703615702919
9903 134714117092853
9904 134714425242863
9905 134715901503863
9906 134715901503919
9907 134742604701799
9908 134742604701863
9909 134747453199809
9910 134760707121919
9911 134849140989961
9912 134880601210819
9913 134902091263909
9914 134905447020919
9915 134920044075799
9916 135000513958789
9917 135007062282901
9918 135011240891809
9919 135011240891861
9920 135022845127789
9921 135040753335919
9922 135040914320839
9923 135041113867789
9924 135048420228919
9925 135060721470901
9926 135083332017901
9927 135103008284911
9928 135104627442919
9929 135130181901829
9930 135131587002851
9931 135200913803911
9932 135216940332919
9933 135224938102789
9934 135230663042861
9935 135237206410819
9936 135242910224809
9937 135243103626901
9938 135259213023901
9939 135265115406919
9940 135324503108911
9941 135326132036861
9942 135336272021809
9943 135363251060809
9944 135373191799873
9945 135417226530919
9946 135430258113901
9947 135503427018919
9948 135505115125819
9949 135515734212863
9950 135591022050829
9951 135592311131861
9952 135618313112861
9953 135631240915909
9954 135660060441901
9955 135700316383909
9956 135700630542901
9957 135743004044861
9958 135752411632909
9959 135753307321909
9960 135906001370861
9961 136000196446909
9962 136003331930839
9963 136005050806819
9964 136016375223863
9965 136023253316809
9966 136031687122789
9967 136034580351799
9968 136041740914909
9969 136052045433901
9970 136085410332901
9971 136101522740839
9972 136106836041863
9973 136114350258863
9974 136123118621911
9975 136123433706919
9976 136132571403901
9977 136132632273863
9978 136135551042851
9979 136140465213901
9980 136180033272901
9981 136210146332839
9982 136210734382909
9983 136210902906863
9984 136210902906919
9985 136221150158809
9986 136223068315909
9987 136253115070819
9988 136260133815919
9989 136261116192863
9990 136276312130911
9991 136311009046819
9992 136316534062789
9993 136321706231861
9994 136321706231911
9995 136342282053799
9996 136426580320853
9997 136454213127863
9998 136501085042911
9999 136503623146789
10000 136510061910829
