1 4
2 6
3 10
4 13
5 14
6 17
7 25
8 28
9 29
10 35
11 40
12 46
13 47
14 50
15 58
16 61
17 68
18 73
19 79
20 80
21 83
22 94
23 95
24 103
25 106
26 107
27 113
28 115
29 118
30 119
31 136
32 137
33 148
34 152
35 158
36 163
37 170
38 173
39 181
40 184
41 191
42 196
43 202
44 206
45 214
46 215
47 218
48 230
49 238
50 241
51 242
52 248
53 253
54 259
55 271
56 274
57 281
58 286
59 292
60 293
61 296
62 307
63 316
64 317
65 320
66 328
67 338
68 350
69 361
70 364
71 365
72 376
73 383
74 386
75 397
76 398
77 406
78 409
79 416
80 422
81 428
82 433
83 439
84 443
85 454
86 455
87 466
88 472
89 473
90 476
91 484
92 499
93 505
94 506
95 511
96 521
97 523
98 529
99 533
100 551
101 563
102 574
103 577
104 584
105 589
106 596
107 607
108 608
109 610
110 620
111 622
112 623
113 631
114 635
115 641
116 652
117 656
118 664
119 667
120 674
121 679
122 689
123 697
124 700
125 707
126 709
127 725
128 736
129 743
130 746
131 757
132 758
133 764
134 775
135 776
136 790
137 791
138 809
139 820
140 821
141 826
142 832
143 836
144 844
145 848
146 859
147 869
148 877
149 880
150 881
151 898
152 899
153 902
154 910
155 922
156 923
157 938
158 949
159 955
160 956
161 967
162 970
163 988
164 989
165 1000
166 1003
167 1010
168 1018
169 1019
170 1022
171 1025
172 1030
173 1036
174 1040
175 1052
176 1058
177 1063
178 1069
179 1073
180 1085
181 1102
182 1103
183 1106
184 1108
185 1114
186 1120
187 1127
188 1130
189 1142
190 1159
191 1163
192 1174
193 1181
194 1192
195 1204
196 1205
197 1207
198 1220
199 1228
200 1231
201 1238
202 1243
203 1250
204 1265
205 1276
206 1294
207 1297
208 1298
209 1304
210 1306
211 1309
212 1310
213 1316
214 1318
215 1328
216 1333
217 1340
218 1372
219 1384
220 1387
221 1394
222 1421
223 1423
224 1433
225 1441
226 1444
227 1445
228 1456
229 1462
230 1463
231 1466
232 1478
233 1484
234 1495
235 1499
236 1507
237 1510
238 1511
239 1519
240 1522
241 1534
242 1541
243 1556
244 1567
245 1568
246 1579
247 1585
248 1586
249 1600
250 1601
251 1609
252 1619
253 1621
254 1624
255 1625
256 1631
257 1636
258 1643
259 1654
260 1676
261 1679
262 1687
263 1691
264 1712
265 1720
266 1724
267 1726
268 1732
269 1736
270 1747
271 1754
272 1766
273 1769
274 1781
275 1799
276 1802
277 1810
278 1811
279 1814
280 1822
281 1837
282 1844
283 1867
284 1877
285 1888
286 1889
287 1892
288 1900
289 1904
290 1912
291 1915
292 1924
293 1927
294 1945
295 1949
296 1967
297 1972
298 1993
299 2005
300 2008
301 2012
302 2015
303 2023
304 2027
305 2038
306 2042
307 2053
308 2063
309 2074
310 2086
311 2092
312 2096
313 2104
314 2108
315 2116
316 2119
317 2120
318 2138
319 2143
320 2149
321 2150
322 2153
323 2164
324 2171
325 2198
326 2210
327 2218
328 2221
329 2228
330 2251
331 2254
332 2255
333 2261
334 2284
335 2287
336 2288
337 2294
338 2306
339 2309
340 2317
341 2318
342 2323
343 2344
344 2351
345 2356
346 2362
347 2363
348 2374
349 2384
350 2395
351 2396
352 2399
353 2410
354 2411
355 2419
356 2422
357 2431
358 2434
359 2452
360 2453
361 2464
362 2479
363 2486
364 2489
365 2497
366 2513
367 2531
368 2542
369 2557
370 2558
371 2564
372 2569
373 2576
374 2602
375 2608
376 2612
377 2626
378 2632
379 2633
380 2647
381 2666
382 2677
383 2680
384 2681
385 2687
386 2699
387 2702
388 2710
389 2713
390 2714
391 2722
392 2723
393 2725
394 2726
395 2738
396 2744
397 2749
398 2755
399 2770
400 2771
401 2789
402 2800
403 2810
404 2812
405 2815
406 2816
407 2822
408 2839
409 2849
410 2857
411 2860
412 2867
413 2878
414 2879
415 2905
416 2912
417 2917
418 2923
419 2929
420 2936
421 2947
422 2962
423 2972
424 2980
425 2983
426 2990
427 2995
428 3005
429 3016
430 3028
431 3031
432 3032
433 3049
434 3050
435 3065
436 3071
437 3083
438 3097
439 3098
440 3109
441 3122
442 3128
443 3133
444 3151
445 3176
446 3184
447 3188
448 3194
449 3205
450 3206
451 3211
452 3223
453 3229
454 3230
455 3245
456 3262
457 3266
458 3274
459 3278
460 3284
461 3308
462 3320
463 3322
464 3323
465 3334
466 3335
467 3341
468 3346
469 3356
470 3364
471 3374
472 3379
473 3385
474 3389
475 3407
476 3412
477 3421
478 3424
479 3446
480 3469
481 3475
482 3476
483 3479
484 3487
485 3491
486 3508
487 3521
488 3524
489 3533
490 3544
491 3547
492 3548
493 3554
494 3559
495 3566
496 3577
497 3581
498 3587
499 3598
500 3602
501 3613
502 3623
503 3626
504 3634
505 3637
506 3644
507 3656
508 3659
509 3682
510 3688
511 3692
512 3700
513 3710
514 3712
515 3722
516 3728
517 3739
518 3746
519 3749
520 3761
521 3778
522 3790
523 3794
524 3805
525 3815
526 3817
527 3823
528 3835
529 3839
530 3850
531 3868
532 3869
533 3872
534 3883
535 3901
536 3902
537 3917
538 3925
539 3926
540 3937
541 3940
542 3941
543 3947
544 3952
545 3962
546 3970
547 3992
548 4006
549 4010
550 4018
551 4021
552 4028
553 4033
554 4040
555 4061
556 4066
557 4073
558 4087
559 4099
560 4105
561 4109
562 4118
563 4121
564 4141
565 4144
566 4145
567 4156
568 4166
569 4174
570 4178
571 4196
572 4208
573 4219
574 4231
575 4235
576 4241
577 4246
578 4252
579 4256
580 4267
581 4274
582 4279
583 4285
584 4289
585 4300
586 4312
587 4319
588 4343
589 4354
590 4358
591 4369
592 4376
593 4379
594 4390
595 4408
596 4420
597 4426
598 4432
599 4436
600 4454
601 4465
602 4466
603 4477
604 4480
605 4498
606 4502
607 4513
608 4523
609 4526
610 4534
611 4537
612 4538
613 4567
614 4571
615 4577
616 4589
617 4603
618 4610
619 4616
620 4622
621 4634
622 4657
623 4660
624 4661
625 4667
626 4672
627 4679
628 4682
629 4693
630 4705
631 4711
632 4717
633 4735
634 4739
635 4750
636 4751
637 4768
638 4784
639 4805
640 4813
641 4814
642 4816
643 4817
644 4828
645 4829
646 4837
647 4847
648 4880
649 4891
650 4903
651 4918
652 4919
653 4931
654 4942
655 4948
656 4952
657 4960
658 4963
659 4970
660 4982
661 4993
662 4996
663 4997
664 5011
665 5015
666 5018
667 5023
668 5029
669 5030
670 5033
671 5056
672 5062
673 5078
674 5095
675 5096
676 5107
677 5108
678 5120
679 5122
680 5123
681 5135
682 5164
683 5167
684 5185
685 5186
686 5201
687 5212
688 5219
689 5225
690 5242
691 5243
692 5246
693 5254
694 5275
695 5290
696 5297
697 5302
698 5314
699 5320
700 5326
701 5336
702 5347
703 5365
704 5366
705 5398
706 5410
707 5413
708 5423
709 5425
710 5426
711 5434
712 5438
713 5444
714 5455
715 5456
716 5459
717 5471
718 5488
719 5500
720 5503
721 5504
722 5512
723 5516
724 5524
725 5534
726 5539
727 5545
728 5546
729 5579
730 5582
731 5593
732 5594
733 5600
734 5611
735 5639
736 5657
737 5662
738 5668
739 5669
740 5672
741 5680
742 5684
743 5695
744 5705
745 5714
746 5716
747 5717
748 5725
749 5737
750 5758
751 5759
752 5762
753 5774
754 5806
755 5807
756 5813
757 5815
758 5827
759 5830
760 5837
761 5849
762 5863
763 5864
764 5870
765 5875
766 5881
767 5882
768 5893
769 5897
770 5903
771 5908
772 5920
773 5926
774 5942
775 5950
776 5965
777 5975
778 6004
779 6016
780 6019
781 6020
782 6046
783 6053
784 6056
785 6064
786 6067
787 6086
788 6089
789 6101
790 6107
791 6109
792 6112
793 6124
794 6131
795 6142
796 6146
797 6157
798 6164
799 6179
800 6190
801 6214
802 6220
803 6221
804 6224
805 6232
806 6233
807 6248
808 6266
809 6277
810 6280
811 6287
812 6292
813 6299
814 6310
815 6311
816 6322
817 6325
818 6334
819 6337
820 6349
821 6356
822 6359
823 6370
824 6377
825 6382
826 6389
827 6392
828 6404
829 6415
830 6422
831 6434
832 6446
833 6467
834 6472
835 6493
836 6494
837 6500
838 6511
839 6535
840 6551
841 6568
842 6569
843 6572
844 6583
845 6590
846 6595
847 6601
848 6602
849 6626
850 6628
851 6641
852 6659
853 6673
854 6680
855 6685
856 6695
857 6707
858 6713
859 6715
860 6718
861 6719
862 6731
863 6742
864 6752
865 6760
866 6781
867 6785
868 6803
869 6808
870 6814
871 6818
872 6820
873 6842
874 6850
875 6853
876 6854
877 6860
878 6883
879 6886
880 6893
881 6898
882 6908
883 6928
884 6929
885 6931
886 6940
887 6973
888 6977
889 6983
890 6988
891 6994
892 6995
893 7006
894 7009
895 7016
896 7024
897 7028
898 7036
899 7043
900 7057
901 7058
902 7076
903 7091
904 7102
905 7114
906 7126
907 7132
908 7144
909 7148
910 7165
911 7181
912 7199
913 7210
914 7213
915 7222
916 7223
917 7226
918 7238
919 7249
920 7256
921 7259
922 7267
923 7270
924 7303
925 7322
926 7324
927 7328
928 7334
929 7345
930 7349
931 7367
932 7372
933 7394
934 7415
935 7424
936 7436
937 7450
938 7468
939 7480
940 7484
941 7501
942 7502
943 7513
944 7517
945 7526
946 7528
947 7537
948 7540
949 7552
950 7558
951 7559
952 7570
953 7574
954 7580
955 7585
956 7595
957 7603
958 7606
959 7613
960 7618
961 7619
962 7627
963 7637
964 7663
965 7664
966 7675
967 7696
968 7697
969 7703
970 7714
971 7715
972 7720
973 7730
974 7739
975 7742
976 7750
977 7760
978 7775
979 7783
980 7787
981 7819
982 7820
983 7840
984 7843
985 7855
986 7861
987 7876
988 7895
989 7898
990 7906
991 7909
992 7910
993 7918
994 7930
995 7945
996 7952
997 7955
998 7963
999 7973
1000 7978
1001 7988
1002 8021
1003 8026
1004 8033
1005 8059
1006 8069
1007 8081
1008 8092
1009 8098
1010 8110
1011 8111
1012 8113
1013 8114
1014 8122
1015 8134
1016 8137
1017 8167
1018 8177
1019 8188
1020 8189
1021 8204
1022 8210
1023 8228
1024 8234
1025 8239
1026 8245
1027 8249
1028 8257
1029 8260
1030 8282
1031 8293
1032 8294
1033 8311
1034 8312
1035 8315
1036 8323
1037 8324
1038 8336
1039 8351
1040 8372
1041 8383
1042 8395
1043 8402
1044 8413
1045 8417
1046 8440
1047 8441
1048 8447
1049 8452
1050 8462
1051 8470
1052 8480
1053 8492
1054 8515
1055 8530
1056 8537
1057 8549
1058 8560
1059 8563
1060 8564
1061 8585
1062 8596
1063 8603
1064 8626
1065 8630
1066 8632
1067 8642
1068 8650
1069 8654
1070 8660
1071 8672
1072 8686
1073 8698
1074 8704
1075 8705
1076 8719
1077 8720
1078 8729
1079 8731
1080 8732
1081 8744
1082 8750
1083 8761
1084 8762
1085 8773
1086 8776
1087 8783
1088 8809
1089 8810
1090 8822
1091 8830
1092 8840
1093 8845
1094 8851
1095 8863
1096 8867
1097 8878
1098 8884
1099 8888
1100 8896
1101 8918
1102 8921
1103 8945
1104 8956
1105 8957
1106 8963
1107 8974
1108 8989
1109 8996
1110 9001
1111 9011
1112 9022
1113 9023
1114 9026
1115 9034
1116 9049
1117 9055
1118 9059
1119 9071
1120 9082
1121 9089
1122 9110
1123 9116
1124 9128
1125 9146
1126 9149
1127 9157
1128 9167
1129 9178
1130 9179
1131 9193
1132 9200
1133 9212
1134 9217
1135 9227
1136 9229
1137 9235
1138 9247
1139 9257
1140 9262
1141 9280
1142 9301
1143 9302
1144 9305
1145 9316
1146 9325
1147 9340
1148 9341
1149 9358
1150 9359
1151 9362
1152 9374
1153 9391
1154 9403
1155 9413
1156 9419
1157 9425
1158 9430
1159 9437
1160 9442
1161 9448
1162 9452
1163 9460
1164 9464
1165 9481
1166 9485
1167 9493
1168 9496
1169 9508
1170 9514
1171 9526
1172 9527
1173 9538
1174 9553
1175 9565
1176 9571
1177 9572
1178 9616
1179 9617
1180 9632
1181 9643
1182 9644
1183 9650
1184 9655
1185 9665
1186 9677
1187 9683
1188 9706
1189 9710
1190 9721
1191 9728
1192 9740
1193 9745
1194 9755
1195 9766
1196 9767
1197 9778
1198 9796
1199 9800
1200 9806
1201 9817
1202 9818
1203 9823
1204 9830
1205 9842
1206 9856
1207 9857
1208 9868
1209 9874
1210 9886
1211 9890
1212 9896
1213 9911
1214 9919
1215 9920
1216 9932
1217 9946
1218 9953
1219 9958
1220 9964
1221 9980
1222 9998
1223 10001
1224 10015
1225 10019
1226 10048
1227 10052
1228 10069
1229 10081
1230 10085
1231 10096
1232 10102
1233 10106
1234 10108
1235 10115
1236 10118
1237 10141
1238 10148
1239 10153
1240 10159
1241 10174
1242 10175
1243 10186
1244 10192
1245 10193
1246 10207
1247 10216
1248 10231
1249 10253
1250 10261
1251 10264
1252 10276
1253 10282
1254 10283
1255 10286
1256 10306
1257 10309
1258 10310
1259 10321
1260 10328
1261 10339
1262 10343
1263 10351
1264 10354
1265 10373
1266 10388
1267 10405
1268 10421
1269 10441
1270 10444
1271 10445
1272 10466
1273 10474
1274 10477
1275 10478
1276 10496
1277 10507
1278 10508
1279 10522
1280 10523
1281 10541
1282 10546
1283 10579
1284 10586
1285 10609
1286 10612
1287 10619
1288 10621
1289 10624
1290 10642
1291 10643
1292 10658
1293 10664
1294 10676
1295 10679
1296 10687
1297 10708
1298 10709
1299 10721
1300 10726
1301 10736
1302 10747
1303 10748
1304 10759
1305 10769
1306 10787
1307 10798
1308 10814
1309 10825
1310 10844
1311 10856
1312 10867
1313 10870
1314 10877
1315 10882
1316 10889
1317 10903
1318 10910
1319 10915
1320 10916
1321 10928
1322 10957
1323 10961
1324 10972
1325 10979
1326 10993
1327 11005
1328 11008
1329 11012
1330 11015
1331 11038
1332 11060
1333 11071
1334 11075
1335 11081
1336 11086
1337 11096
1338 11104
1339 11107
1340 11120
1341 11128
1342 11132
1343 11138
1344 11165
1345 11171
1346 11176
1347 11182
1348 11186
1349 11194
1350 11216
1351 11221
1352 11254
1353 11255
1354 11261
1355 11272
1356 11273
1357 11287
1358 11299
1359 11306
1360 11318
1361 11321
1362 11329
1363 11330
1364 11345
1365 11362
1366 11366
1367 11389
1368 11399
1369 11410
1370 11419
1371 11422
1372 11434
1373 11453
1374 11456
1375 11464
1376 11485
1377 11486
1378 11500
1379 11507
1380 11512
1381 11513
1382 11519
1383 11536
1384 11543
1385 11564
1386 11569
1387 11602
1388 11609
1389 11612
1390 11620
1391 11632
1392 11633
1393 11647
1394 11677
1395 11698
1396 11699
1397 11711
1398 11714
1399 11725
1400 11734
1401 11738
1402 11744
1403 11759
1404 11800
1405 11803
1406 11804
1407 11812
1408 11815
1409 11824
1410 11827
1411 11834
1412 11845
1413 11846
1414 11849
1415 11861
1416 11882
1417 11890
1418 11912
1419 11917
1420 11923
1421 11929
1422 11939
1423 11947
1424 11950
1425 11957
1426 11962
1427 11972
1428 11984
1429 11990
1430 11995
1431 12001
1432 12013
1433 12016
1434 12017
1435 12049
1436 12050
1437 12053
1438 12065
1439 12082
1440 12086
1441 12106
1442 12116
1443 12118
1444 12121
1445 12122
1446 12133
1447 12154
1448 12166
1449 12172
1450 12173
1451 12176
1452 12211
1453 12217
1454 12218
1455 12241
1456 12251
1457 12256
1458 12262
1459 12266
1460 12277
1461 12289
1462 12295
1463 12296
1464 12308
1465 12311
1466 12334
1467 12346
1468 12356
1469 12364
1470 12389
1471 12397
1472 12401
1473 12407
1474 12409
1475 12424
1476 12425
1477 12431
1478 12446
1479 12454
1480 12464
1481 12476
1482 12490
1483 12502
1484 12508
1485 12509
1486 12514
1487 12520
1488 12521
1489 12533
1490 12544
1491 12554
1492 12559
1493 12566
1494 12569
1495 12592
1496 12599
1497 12602
1498 12611
1499 12614
1500 12622
1501 12626
1502 12638
1503 12655
1504 12656
1505 12667
1506 12670
1507 12682
1508 12688
1509 12715
1510 12716
1511 12722
1512 12727
1513 12734
1514 12760
1515 12761
1516 12779
1517 12782
1518 12800
1519 12811
1520 12827
1521 12829
1522 12835
1523 12839
1524 12851
1525 12857
1526 12872
1527 12916
1528 12917
1529 12925
1530 12926
1531 12928
1532 12937
1533 12940
1534 12941
1535 12958
1536 12973
1537 12985
1538 12992
1539 12995
1540 13006
1541 13007
1542 13010
1543 13018
1544 13022
1545 13043
1546 13051
1547 13054
1548 13066
1549 13076
1550 13109
1551 13111
1552 13121
1553 13123
1554 13129
1555 13141
1556 13162
1557 13163
1558 13177
1559 13178
1560 13184
1561 13196
1562 13199
1563 13207
1564 13231
1565 13235
1566 13246
1567 13252
1568 13268
1569 13279
1570 13286
1571 13307
1572 13319
1573 13324
1574 13325
1575 13342
1576 13343
1577 13354
1578 13358
1579 13387
1580 13397
1581 13420
1582 13421
1583 13424
1584 13432
1585 13433
1586 13454
1587 13465
1588 13477
1589 13480
1590 13492
1591 13499
1592 13510
1593 13525
1594 13526
1595 13537
1596 13556
1597 13570
1598 13589
1599 13600
1600 13610
1601 13622
1602 13627
1603 13639
1604 13646
1605 13649
1606 13672
1607 13694
1608 13700
1609 13705
1610 13711
1611 13712
1612 13715
1613 13723
1614 13724
1615 13729
1616 13735
1617 13739
1618 13751
1619 13768
1620 13780
1621 13783
1622 13784
1623 13801
1624 13817
1625 13826
1626 13828
1627 13847
1628 13852
1629 13858
1630 13885
1631 13895
1632 13903
1633 13906
1634 13907
1635 13915
1636 13919
1637 13927
1638 13930
1639 13937
1640 13948
1641 13952
1642 13985
1643 13993
1644 14018
1645 14023
1646 14026
1647 14030
1648 14044
1649 14045
1650 14062
1651 14074
1652 14084
1653 14095
1654 14099
1655 14107
1656 14120
1657 14156
1658 14167
1659 14168
1660 14179
1661 14189
1662 14197
1663 14219
1664 14221
1665 14231
1666 14257
1667 14264
1668 14269
1669 14297
1670 14312
1671 14314
1672 14332
1673 14336
1674 14344
1675 14354
1676 14366
1677 14392
1678 14410
1679 14411
1680 14414
1681 14422
1682 14423
1683 14437
1684 14438
1685 14444
1686 14456
1687 14467
1688 14471
1689 14477
1690 14504
1691 14515
1692 14516
1693 14539
1694 14549
1695 14557
1696 14560
1697 14567
1698 14572
1699 14578
1700 14579
1701 14582
1702 14611
1703 14615
1704 14635
1705 14647
1706 14650
1707 14651
1708 14662
1709 14672
1710 14680
1711 14695
1712 14705
1713 14728
1714 14729
1715 14737
1716 14740
1717 14747
1718 14758
1719 14759
1720 14770
1721 14773
1722 14785
1723 14791
1724 14792
1725 14806
1726 14807
1727 14825
1728 14830
1729 14837
1730 14848
1731 14849
1732 14863
1733 14870
1734 14893
1735 14897
1736 14908
1737 14914
1738 14915
1739 14926
1740 14942
1741 14954
1742 14965
1743 14971
1744 14972
1745 14983
1746 14998
1747 15008
1748 15023
1749 15031
1750 15041
1751 15067
1752 15074
1753 15089
1754 15097
1755 15100
1756 15107
1757 15109
1758 15121
1759 15131
1760 15142
1761 15154
1762 15158
1763 15169
1764 15175
1765 15190
1766 15209
1767 15212
1768 15224
1769 15233
1770 15244
1771 15247
1772 15254
1773 15280
1774 15281
1775 15287
1776 15292
1777 15299
1778 15310
1779 15314
1780 15323
1781 15325
1782 15326
1783 15338
1784 15344
1785 15349
1786 15371
1787 15377
1788 15382
1789 15392
1790 15400
1791 15403
1792 15410
1793 15412
1794 15427
1795 15446
1796 15460
1797 15461
1798 15467
1799 15478
1800 15490
1801 15493
1802 15515
1803 15523
1804 15524
1805 15547
1806 15557
1807 15568
1808 15584
1809 15595
1810 15601
1811 15605
1812 15614
1813 15626
1814 15641
1815 15652
1816 15658
1817 15662
1818 15670
1819 15674
1820 15680
1821 15691
1822 15692
1823 15706
1824 15707
1825 15748
1826 15749
1827 15752
1828 15760
1829 15764
1830 15775
1831 15781
1832 15793
1833 15796
1834 15814
1835 15815
1836 15820
1837 15826
1838 15832
1839 15839
1840 15842
1841 15887
1842 15904
1843 15905
1844 15916
1845 15917
1846 15920
1847 15929
1848 15932
1849 15943
1850 15944
1851 15962
1852 15988
1853 15994
1854 15998
1855 16009
1856 16016
1857 16021
1858 16046
1859 16075
1860 16076
1861 16079
1862 16087
1863 16090
1864 16091
1865 16108
1866 16109
1867 16114
1868 16120
1869 16121
1870 16144
1871 16154
1872 16159
1873 16202
1874 16210
1875 16213
1876 16214
1877 16234
1878 16237
1879 16244
1880 16249
1881 16270
1882 16271
1883 16289
1884 16292
1885 16312
1886 16339
1887 16349
1888 16361
1889 16372
1890 16378
1891 16382
1892 16394
1893 16400
1894 16424
1895 16435
1896 16436
1897 16447
1898 16450
1899 16468
1900 16469
1901 16472
1902 16501
1903 16502
1904 16513
1905 16516
1906 16541
1907 16552
1908 16570
1909 16573
1910 16580
1911 16592
1912 16595
1913 16619
1914 16627
1915 16642
1916 16648
1917 16652
1918 16670
1919 16675
1920 16681
1921 16682
1922 16696
1923 16714
1924 16718
1925 16720
1926 16730
1927 16754
1928 16760
1929 16772
1930 16786
1931 16787
1932 16816
1933 16828
1934 16843
1935 16850
1936 16855
1937 16865
1938 16894
1939 16909
1940 16910
1941 16918
1942 16921
1943 16922
1944 16940
1945 16951
1946 16952
1947 16963
1948 16966
1949 16988
1950 17006
1951 17011
1952 17018
1953 17021
1954 17032
1955 17044
1956 17047
1957 17048
1958 17054
1959 17066
1960 17069
1961 17099
1962 17113
1963 17123
1964 17125
1965 17134
1966 17137
1967 17156
1968 17182
1969 17189
1970 17203
1971 17210
1972 17215
1973 17216
1974 17224
1975 17228
1976 17245
1977 17261
1978 17279
1979 17311
1980 17315
1981 17327
1982 17335
1983 17336
1984 17347
1985 17350
1986 17357
1987 17368
1988 17384
1989 17402
1990 17405
1991 17413
1992 17414
1993 17416
1994 17417
1995 17437
1996 17441
1997 17447
1998 17462
1999 17474
2000 17491
2001 17492
2002 17503
2003 17506
2004 17513
2005 17518
2006 17525
2007 17531
2008 17542
2009 17564
2010 17570
2011 17596
2012 17597
2013 17603
2014 17608
2015 17626
2016 17630
2017 17632
2018 17642
2019 17650
2020 17683
2021 17687
2022 17698
2023 17704
2024 17708
2025 17729
2026 17732
2027 17755
2028 17762
2029 17773
2030 17777
2031 17783
2032 17809
2033 17816
2034 17821
2035 17830
2036 17852
2037 17863
2038 17867
2039 17873
2040 17888
2041 17906
2042 17917
2043 17923
2044 17930
2045 17935
2046 17941
2047 17945
2048 17957
2049 17968
2050 17986
2051 17990
2052 17996
2053 18007
2054 18008
2055 18019
2056 18023
2057 18026
2058 18055
2059 18059
2060 18067
2061 18071
2062 18077
2063 18082
2064 18100
2065 18115
2066 18122
2067 18134
2068 18139
2069 18145
2070 18146
2071 18149
2072 18160
2073 18172
2074 18194
2075 18200
2076 18211
2077 18224
2078 18227
2079 18236
2080 18239
2081 18250
2082 18251
2083 18268
2084 18272
2085 18280
2086 18295
2087 18313
2088 18314
2089 18317
2090 18325
2091 18326
2092 18329
2093 18352
2094 18358
2095 18373
2096 18391
2097 18392
2098 18407
2099 18415
2100 18425
2101 18430
2102 18449
2103 18452
2104 18463
2105 18464
2106 18470
2107 18481
2108 18482
2109 18503
2110 18518
2111 18520
2112 18538
2113 18539
2114 18542
2115 18560
2116 18565
2117 18575
2118 18608
2119 18616
2120 18619
2121 18640
2122 18662
2123 18683
2124 18694
2125 18710
2126 18716
2127 18718
2128 18733
2129 18745
2130 18751
2131 18766
2132 18778
2133 18785
2134 18799
2135 18818
2136 18821
2137 18823
2138 18829
2139 18868
2140 18890
2141 18901
2142 18931
2143 18934
2144 18935
2145 18943
2146 18947
2147 18976
2148 18991
2149 19001
2150 19012
2151 19013
2152 19027
2153 19028
2154 19045
2155 19057
2156 19067
2157 19093
2158 19094
2159 19100
2160 19105
2161 19112
2162 19135
2163 19157
2164 19162
2165 19180
2166 19183
2167 19201
2168 19205
2169 19225
2170 19226
2171 19229
2172 19241
2173 19247
2174 19259
2175 19274
2176 19285
2177 19292
2178 19295
2179 19315
2180 19318
2181 19331
2182 19342
2183 19352
2184 19396
2185 19403
2186 19408
2187 19414
2188 19415
2189 19420
2190 19438
2191 19439
2192 19442
2193 19450
2194 19453
2195 19454
2196 19460
2197 19472
2198 19483
2199 19486
2200 19493
2201 19498
2202 19505
2203 19508
2204 19517
2205 19520
2206 19529
2207 19550
2208 19561
2209 19565
2210 19576
2211 19588
2212 19594
2213 19606
2214 19609
2215 19622
2216 19628
2217 19634
2218 19684
2219 19706
2220 19718
2221 19729
2222 19733
2223 19735
2224 19742
2225 19753
2226 19768
2227 19774
2228 19778
2229 19789
2230 19790
2231 19808
2232 19820
2233 19822
2234 19835
2235 19847
2236 19864
2237 19868
2238 19879
2239 19886
2240 19898
2241 19919
2242 19924
2243 19936
2244 19948
2245 19955
2246 19966
2247 19981
2248 19987
2249 19991
2250 20002
2251 20014
2252 20015
2253 20020
2254 20024
2255 20026
2256 20030
2257 20032
2258 20042
2259 20059
2260 20060
2261 20074
2262 20081
2263 20105
2264 20108
2265 20117
2266 20120
2267 20128
2268 20131
2269 20143
2270 20153
2271 20161
2272 20165
2273 20171
2274 20186
2275 20194
2276 20197
2277 20206
2278 20233
2279 20239
2280 20243
2281 20266
2282 20272
2283 20288
2284 20306
2285 20317
2286 20333
2287 20341
2288 20344
2289 20351
2290 20363
2291 20366
2292 20374
2293 20378
2294 20389
2295 20410
2296 20411
2297 20419
2298 20420
2299 20422
2300 20441
2301 20452
2302 20456
2303 20497
2304 20500
2305 20501
2306 20521
2307 20525
2308 20531
2309 20546
2310 20557
2311 20564
2312 20569
2313 20579
2314 20612
2315 20621
2316 20624
2317 20644
2318 20654
2319 20659
2320 20680
2321 20698
2322 20713
2323 20723
2324 20734
2325 20738
2326 20744
2327 20759
2328 20767
2329 20770
2330 20771
2331 20782
2332 20788
2333 20792
2334 20815
2335 20824
2336 20828
2337 20872
2338 20879
2339 20893
2340 20905
2341 20912
2342 20917
2343 20923
2344 20927
2345 20935
2346 20951
2347 20962
2348 20969
2349 20983
2350 20984
2351 21001
2352 21005
2353 21016
2354 21020
2355 21028
2356 21031
2357 21032
2358 21038
2359 21071
2360 21076
2361 21083
2362 21106
2363 21109
2364 21118
2365 21128
2366 21154
2367 21155
2368 21166
2369 21173
2370 21176
2371 21188
2372 21199
2373 21205
2374 21206
2375 21209
2376 21218
2377 21229
2378 21241
2379 21263
2380 21289
2381 21296
2382 21299
2383 21323
2384 21331
2385 21334
2386 21335
2387 21352
2388 21364
2389 21397
2390 21400
2391 21401
2392 21407
2393 21409
2394 21419
2395 21421
2396 21436
2397 21446
2398 21487
2399 21497
2400 21508
2401 21509
2402 21512
2403 21514
2404 21524
2405 21532
2406 21533
2407 21536
2408 21548
2409 21577
2410 21580
2411 21581
2412 21592
2413 21599
2414 21610
2415 21611
2416 21614
2417 21622
2418 21625
2419 21626
2420 21634
2421 21667
2422 21671
2423 21677
2424 21692
2425 21703
2426 21712
2427 21727
2428 21746
2429 21757
2430 21761
2431 21767
2432 21779
2433 21790
2434 21793
2435 21812
2436 21817
2437 21827
2438 21835
2439 21836
2440 21857
2441 21862
2442 21868
2443 21883
2444 21884
2445 21890
2446 21901
2447 21916
2448 21925
2449 21952
2450 21959
2451 21962
2452 21980
2453 22003
2454 22010
2455 22013
2456 22021
2457 22025
2458 22039
2459 22040
2460 22051
2461 22055
2462 22061
2463 22076
2464 22084
2465 22087
2466 22099
2467 22105
2468 22109
2469 22118
2470 22123
2471 22133
2472 22144
2473 22145
2474 22163
2475 22166
2476 22174
2477 22178
2478 22184
2479 22210
2480 22211
2481 22246
2482 22264
2483 22279
2484 22285
2485 22289
2486 22297
2487 22300
2488 22301
2489 22307
2490 22313
2491 22321
2492 22357
2493 22369
2494 22387
2495 22391
2496 22397
2497 22408
2498 22420
2499 22426
2500 22447
2501 22454
2502 22466
2503 22469
2504 22492
2505 22498
2506 22502
2507 22511
2508 22522
2509 22544
2510 22555
2511 22559
2512 22571
2513 22588
2514 22589
2515 22592
2516 22627
2517 22634
2518 22639
2519 22657
2520 22660
2521 22661
2522 22667
2523 22694
2524 22705
2525 22711
2526 22723
2527 22727
2528 22729
2529 22735
2530 22736
2531 22747
2532 22757
2533 22762
2534 22768
2535 22795
2536 22802
2537 22805
2538 22813
2539 22825
2540 22826
2541 22837
2542 22873
2543 22880
2544 22885
2545 22891
2546 22903
2547 22915
2548 22927
2549 22937
2550 22960
2551 22963
2552 22981
2553 22985
2554 22996
2555 23011
2556 23018
2557 23029
2558 23030
2559 23041
2560 23045
2561 23051
2562 23056
2563 23066
2564 23074
2565 23077
2566 23078
2567 23084
2568 23095
2569 23107
2570 23122
2571 23131
2572 23141
2573 23156
2574 23179
2575 23186
2576 23189
2577 23209
2578 23212
2579 23213
2580 23219
2581 23225
2582 23243
2583 23264
2584 23291
2585 23302
2586 23308
2587 23312
2588 23320
2589 23321
2590 23332
2591 23344
2592 23347
2593 23359
2594 23377
2595 23387
2596 23392
2597 23425
2598 23434
2599 23444
2600 23467
2601 23482
2602 23492
2603 23522
2604 23528
2605 23545
2606 23557
2607 23561
2608 23572
2609 23578
2610 23579
2611 23582
2612 23590
2613 23600
2614 23615
2615 23617
2616 23627
2617 23629
2618 23639
2619 23647
2620 23650
2621 23651
2622 23683
2623 23690
2624 23695
2625 23702
2626 23713
2627 23717
2628 23741
2629 23758
2630 23762
2631 23770
2632 23773
2633 23780
2634 23792
2635 23795
2636 23815
2637 23818
2638 23830
2639 23842
2640 23848
2641 23849
2642 23852
2643 23882
2644 23896
2645 23897
2646 23908
2647 23915
2648 23918
2649 23927
2650 23930
2651 23932
2652 23939
2653 23954
2654 23983
2655 23993
2656 24004
2657 24005
2658 24008
2659 24019
2660 24020
2661 24034
2662 24035
2663 24046
2664 24056
2665 24068
2666 24074
2667 24085
2668 24097
2669 24100
2670 24107
2671 24113
2672 24119
2673 24121
2674 24124
2675 24125
2676 24131
2677 24146
2678 24154
2679 24164
2680 24191
2681 24197
2682 24202
2683 24214
2684 24220
2685 24236
2686 24248
2687 24259
2688 24265
2689 24266
2690 24298
2691 24334
2692 24349
2693 24356
2694 24382
2695 24388
2696 24392
2697 24404
2698 24410
2699 24424
2700 24427
2701 24434
2702 24439
2703 24460
2704 24461
2705 24493
2706 24494
2707 24500
2708 24527
2709 24529
2710 24536
2711 24547
2712 24550
2713 24568
2714 24569
2715 24590
2716 24616
2717 24625
2718 24640
2719 24647
2720 24685
2721 24691
2722 24703
2723 24706
2724 24713
2725 24725
2726 24731
2727 24752
2728 24775
2729 24785
2730 24793
2731 24803
2732 24818
2733 24830
2734 24832
2735 24838
2736 24860
2737 24871
2738 24872
2739 24887
2740 24905
2741 24920
2742 24929
2743 24940
2744 24943
2745 24944
2746 24965
2747 24976
2748 24994
2749 24995
2750 25006
2751 25010
2752 25021
2753 25024
2754 25042
2755 25046
2756 25054
2757 25076
2758 25090
2759 25109
2760 25120
2761 25121
2762 25132
2763 25133
2764 25144
2765 25166
2766 25169
2767 25180
2768 25187
2769 25192
2770 25202
2771 25214
2772 25238
2773 25249
2774 25256
2775 25259
2776 25267
2777 25270
2778 25277
2779 25312
2780 25316
2781 25324
2782 25328
2783 25334
2784 25360
2785 25361
2786 25372
2787 25379
2788 25390
2789 25393
2790 25411
2791 25424
2792 25429
2793 25439
2794 25462
2795 25469
2796 25472
2797 25480
2798 25483
2799 25490
2800 25495
2801 25540
2802 25558
2803 25559
2804 25580
2805 25603
2806 25606
2807 25607
2808 25615
2809 25618
2810 25619
2811 25631
2812 25637
2813 25652
2814 25663
2815 25664
2816 25682
2817 25693
2818 25696
2819 25708
2820 25718
2821 25720
2822 25739
2823 25753
2824 25760
2825 25772
2826 25786
2827 25787
2828 25793
2829 25817
2830 25819
2831 25831
2832 25844
2833 25861
2834 25873
2835 25877
2836 25895
2837 25898
2838 25921
2839 25922
2840 25933
2841 25945
2842 25951
2843 25955
2844 25966
2845 25967
2846 25973
2847 26000
2848 26006
2849 26014
2850 26029
2851 26032
2852 26033
2853 26048
2854 26054
2855 26069
2856 26102
2857 26122
2858 26123
2859 26125
2860 26126
2861 26138
2862 26155
2863 26170
2864 26177
2865 26188
2866 26200
2867 26203
2868 26215
2869 26216
2870 26228
2871 26246
2872 26257
2873 26267
2874 26272
2875 26278
2876 26282
2877 26290
2878 26315
2879 26323
2880 26329
2881 26335
2882 26336
2883 26362
2884 26369
2885 26380
2886 26390
2887 26413
2888 26416
2889 26426
2890 26428
2891 26437
2892 26440
2893 26447
2894 26459
2895 26474
2896 26485
2897 26507
2898 26515
2899 26518
2900 26525
2901 26530
2902 26564
2903 26581
2904 26582
2905 26596
2906 26614
2907 26626
2908 26650
2909 26653
2910 26660
2911 26672
2912 26698
2913 26704
2914 26708
2915 26716
2916 26717
2917 26719
2918 26728
2919 26731
2920 26732
2921 26740
2922 26743
2923 26750
2924 26755
2925 26762
2926 26788
2927 26806
2928 26809
2929 26818
2930 26833
2931 26840
2932 26855
2933 26867
2934 26878
2935 26884
2936 26888
2937 26906
2938 26911
2939 26917
2940 26921
2941 26923
2942 26941
2943 26953
2944 26974
2945 26975
2946 26978
2947 26990
2948 27007
2949 27019
2950 27022
2951 27034
2952 27044
2953 27059
2954 27077
2955 27082
2956 27089
2957 27092
2958 27100
2959 27110
2960 27116
2961 27124
2962 27128
2963 27146
2964 27160
2965 27205
2966 27211
2967 27223
2968 27224
2969 27257
2970 27262
2971 27272
2972 27284
2973 27290
2974 27301
2975 27302
2976 27305
2977 27328
2978 27352
2979 27359
2980 27380
2981 27392
2982 27425
2983 27427
2984 27431
2985 27448
2986 27449
2987 27460
2988 27475
2989 27482
2990 27503
2991 27508
2992 27515
2993 27532
2994 27550
2995 27554
2996 27560
2997 27565
2998 27571
2999 27604
3000 27608
3001 27628
3002 27640
3003 27650
3004 27673
3005 27676
3006 27698
3007 27716
3008 27718
3009 27721
3010 27728
3011 27755
3012 27763
3013 27766
3014 27767
3015 27773
3016 27778
3017 27788
3018 27796
3019 27799
3020 27811
3021 27817
3022 27821
3023 27823
3024 27833
3025 27835
3026 27842
3027 27845
3028 27853
3029 27874
3030 27875
3031 27911
3032 27920
3033 27922
3034 27943
3035 27947
3036 27964
3037 27968
3038 27976
3039 27979
3040 27986
3041 27998
3042 28012
3043 28031
3044 28039
3045 28045
3046 28046
3047 28067
3048 28079
3049 28094
3050 28100
3051 28112
3052 28123
3053 28124
3054 28127
3055 28129
3056 28139
3057 28168
3058 28183
3059 28201
3060 28205
3061 28214
3062 28225
3063 28241
3064 28252
3065 28303
3066 28306
3067 28307
3068 28318
3069 28325
3070 28327
3071 28331
3072 28342
3073 28370
3074 28375
3075 28415
3076 28418
3077 28420
3078 28427
3079 28432
3080 28453
3081 28454
3082 28465
3083 28472
3084 28486
3085 28505
3086 28519
3087 28531
3088 28532
3089 28540
3090 28561
3091 28562
3092 28573
3093 28577
3094 28588
3095 28594
3096 28598
3097 28610
3098 28616
3099 28622
3100 28628
3101 28630
3102 28640
3103 28645
3104 28651
3105 28652
3106 28666
3107 28678
3108 28684
3109 28685
3110 28688
3111 28700
3112 28718
3113 28723
3114 28729
3115 28730
3116 28745
3117 28757
3118 28774
3119 28778
3120 28790
3121 28796
3122 28822
3123 28823
3124 28832
3125 28835
3126 28843
3127 28865
3128 28868
3129 28891
3130 28897
3131 28898
3132 28913
3133 28921
3134 28937
3135 28943
3136 28955
3137 28958
3138 28981
3139 28987
3140 29014
3141 29029
3142 29035
3143 29036
3144 29039
3145 29047
3146 29050
3147 29083
3148 29084
3149 29102
3150 29114
3151 29140
3152 29147
3153 29152
3154 29159
3155 29170
3156 29173
3157 29192
3158 29195
3159 29207
3160 29213
3161 29215
3162 29227
3163 29231
3164 29237
3165 29248
3166 29263
3167 29270
3168 29297
3169 29315
3170 29320
3171 29326
3172 29327
3173 29350
3174 29353
3175 29365
3176 29372
3177 29386
3178 29408
3179 29416
3180 29417
3181 29420
3182 29428
3183 29431
3184 29443
3185 29455
3186 29462
3187 29465
3188 29476
3189 29498
3190 29509
3191 29518
3192 29551
3193 29552
3194 29563
3195 29596
3196 29599
3197 29600
3198 29606
3199 29618
3200 29630
3201 29633
3202 29656
3203 29657
3204 29663
3205 29689
3206 29696
3207 29701
3208 29711
3209 29743
3210 29746
3211 29764
3212 29779
3213 29786
3214 29791
3215 29824
3216 29825
3217 29848
3218 29858
3219 29866
3220 29876
3221 29891
3222 29899
3223 29902
3224 29909
3225 29914
3226 29944
3227 29945
3228 29956
3229 29978
3230 29993
3231 30014
3232 30016
3233 30020
3234 30026
3235 30043
3236 30061
3237 30076
3238 30082
3239 30104
3240 30109
3241 30110
3242 30116
3243 30121
3244 30122
3245 30133
3246 30143
3247 30151
3248 30155
3249 30172
3250 30188
3251 30194
3252 30206
3253 30211
3254 30217
3255 30218
3256 30233
3257 30251
3258 30266
3259 30278
3260 30284
3261 30289
3262 30310
3263 30320
3264 30323
3265 30334
3266 30335
3267 30352
3268 30364
3269 30386
3270 30407
3271 30412
3272 30413
3273 30442
3274 30443
3275 30469
3276 30487
3277 30491
3278 30508
3279 30512
3280 30520
3281 30526
3282 30533
3283 30548
3284 30559
3285 30569
3286 30577
3287 30581
3288 30599
3289 30613
3290 30644
3291 30656
3292 30659
3293 30671
3294 30677
3295 30688
3296 30700
3297 30715
3298 30716
3299 30722
3300 30724
3301 30727
3302 30746
3303 30779
3304 30782
3305 30793
3306 30800
3307 30817
3308 30829
3309 30836
3310 30851
3311 30857
3312 30862
3313 30868
3314 30872
3315 30884
3316 30890
3317 30895
3318 30901
3319 30916
3320 30925
3321 30947
3322 30958
3323 30959
3324 30974
3325 30991
3326 31003
3327 31006
3328 31021
3329 31033
3330 31043
3331 31055
3332 31061
3333 31076
3334 31088
3335 31094
3336 31099
3337 31105
3338 31129
3339 31133
3340 31156
3341 31162
3342 31163
3343 31166
3344 31178
3345 31195
3346 31196
3347 31199
3348 31210
3349 31211
3350 31234
3351 31235
3352 31241
3353 31253
3354 31264
3355 31267
3356 31268
3357 31279
3358 31285
3359 31286
3360 31297
3361 31321
3362 31331
3363 31336
3364 31343
3365 31346
3366 31354
3367 31376
3368 31402
3369 31408
3370 31409
3371 31412
3372 31420
3373 31492
3374 31498
3375 31499
3376 31514
3377 31522
3378 31526
3379 31534
3380 31544
3381 31555
3382 31559
3383 31567
3384 31589
3385 31592
3386 31603
3387 31612
3388 31624
3389 31646
3390 31660
3391 31672
3392 31679
3393 31682
3394 31690
3395 31712
3396 31727
3397 31735
3398 31739
3399 31747
3400 31751
3401 31757
3402 31768
3403 31790
3404 31795
3405 31816
3406 31828
3407 31837
3408 31870
3409 31874
3410 31885
3411 31895
3412 31906
3413 31913
3414 31927
3415 31982
3416 31985
3417 31996
3418 32003
3419 32011
3420 32014
3421 32023
3422 32041
3423 32045
3424 32062
3425 32074
3426 32077
3427 32078
3428 32089
3429 32096
3430 32099
3431 32111
3432 32122
3433 32131
3434 32135
3435 32152
3436 32156
3437 32179
3438 32189
3439 32200
3440 32207
3441 32212
3442 32213
3443 32224
3444 32246
3445 32254
3446 32264
3447 32275
3448 32276
3449 32314
3450 32320
3451 32324
3452 32326
3453 32332
3454 32336
3455 32344
3456 32354
3457 32369
3458 32380
3459 32381
3460 32387
3461 32392
3462 32398
3463 32399
3464 32411
3465 32422
3466 32426
3467 32437
3468 32449
3469 32455
3470 32459
3471 32489
3472 32504
3473 32510
3474 32516
3475 32522
3476 32524
3477 32545
3478 32549
3479 32557
3480 32578
3481 32582
3482 32593
3483 32594
3484 32605
3485 32612
3486 32617
3487 32624
3488 32629
3489 32635
3490 32650
3491 32669
3492 32672
3493 32713
3494 32716
3495 32726
3496 32729
3497 32737
3498 32741
3499 32774
3500 32791
3501 32806
3502 32807
3503 32815
3504 32818
3505 32819
3506 32825
3507 32848
3508 32852
3509 32863
3510 32864
3511 32897
3512 32915
3513 32927
3514 32932
3515 32939
3516 32953
3517 32960
3518 32965
3519 32983
3520 32993
3521 32998
3522 33008
3523 33016
3524 33019
3525 33023
3526 33031
3527 33034
3528 33046
3529 33053
3530 33067
3531 33068
3532 33085
3533 33089
3534 33100
3535 33107
3536 33121
3537 33124
3538 33136
3539 33164
3540 33169
3541 33175
3542 33197
3543 33202
3544 33208
3545 33214
3546 33221
3547 33224
3548 33236
3549 33266
3550 33310
3551 33311
3552 33314
3553 33322
3554 33334
3555 33344
3556 33349
3557 33359
3558 33367
3559 33370
3560 33371
3561 33382
3562 33400
3563 33410
3564 33416
3565 33427
3566 33428
3567 33446
3568 33478
3569 33479
3570 33494
3571 33505
3572 33512
3573 33515
3574 33517
3575 33535
3576 33550
3577 33551
3578 33569
3579 33583
3580 33595
3581 33601
3582 33602
3583 33613
3584 33614
3585 33617
3586 33628
3587 33629
3588 33637
3589 33640
3590 33641
3591 33652
3592 33658
3593 33659
3594 33670
3595 33707
3596 33719
3597 33730
3598 33737
3599 33764
3600 33770
3601 33775
3602 33782
3603 33793
3604 33796
3605 33797
3606 33814
3607 33826
3608 33827
3609 33832
3610 33850
3611 33854
3612 33871
3613 33883
3614 33886
3615 33893
3616 33919
3617 33920
3618 33928
3619 33943
3620 33950
3621 33961
3622 33962
3623 33983
3624 33995
3625 34028
3626 34036
3627 34042
3628 34046
3629 34058
3630 34075
3631 34076
3632 34136
3633 34144
3634 34148
3635 34154
3636 34166
3637 34177
3638 34181
3639 34187
3640 34202
3641 34222
3642 34226
3643 34234
3644 34244
3645 34270
3646 34277
3647 34282
3648 34289
3649 34292
3650 34303
3651 34312
3652 34316
3653 34322
3654 34327
3655 34339
3656 34346
3657 34357
3658 34367
3659 34378
3660 34390
3661 34394
3662 34400
3663 34417
3664 34435
3665 34451
3666 34462
3667 34480
3668 34490
3669 34495
3670 34505
3671 34513
3672 34514
3673 34525
3674 34528
3675 34529
3676 34541
3677 34559
3678 34562
3679 34574
3680 34606
3681 34613
3682 34618
3683 34619
3684 34627
3685 34630
3686 34648
3687 34670
3688 34675
3689 34693
3690 34696
3691 34708
3692 34715
3693 34718
3694 34720
3695 34738
3696 34754
3697 34765
3698 34772
3699 34783
3700 34786
3701 34787
3702 34804
3703 34829
3704 34844
3705 34861
3706 34865
3707 34873
3708 34877
3709 34894
3710 34906
3711 34909
3712 34928
3713 34933
3714 34945
3715 34967
3716 34978
3717 34984
3718 34988
3719 35006
3720 35036
3721 35044
3722 35065
3723 35069
3724 35081
3725 35092
3726 35098
3727 35102
3728 35114
3729 35122
3730 35123
3731 35125
3732 35134
3733 35149
3734 35155
3735 35170
3736 35171
3737 35182
3738 35188
3739 35212
3740 35234
3741 35246
3742 35267
3743 35279
3744 35290
3745 35300
3746 35305
3747 35311
3748 35324
3749 35336
3750 35339
3751 35347
3752 35362
3753 35372
3754 35383
3755 35401
3756 35414
3757 35416
3758 35426
3759 35440
3760 35441
3761 35459
3762 35470
3763 35474
3764 35480
3765 35513
3766 35527
3767 35531
3768 35537
3769 35548
3770 35549
3771 35552
3772 35560
3773 35563
3774 35596
3775 35597
3776 35614
3777 35618
3778 35620
3779 35626
3780 35639
3781 35693
3782 35705
3783 35750
3784 35755
3785 35773
3786 35776
3787 35788
3788 35794
3789 35818
3790 35822
3791 35828
3792 35834
3793 35851
3794 35863
3795 35867
3796 35873
3797 35888
3798 35900
3799 35911
3800 35929
3801 35930
3802 35933
3803 35945
3804 35956
3805 35974
3806 35989
3807 36001
3808 36008
3809 36011
3810 36022
3811 36023
3812 36026
3813 36034
3814 36056
3815 36077
3816 36089
3817 36092
3818 36103
3819 36122
3820 36124
3821 36128
3822 36145
3823 36157
3824 36167
3825 36178
3826 36211
3827 36212
3828 36229
3829 36236
3830 36251
3831 36257
3832 36268
3833 36283
3834 36295
3835 36302
3836 36316
3837 36326
3838 36328
3839 36329
3840 36341
3841 36358
3842 36362
3843 36373
3844 36395
3845 36406
3846 36418
3847 36452
3848 36470
3849 36482
3850 36493
3851 36496
3852 36497
3853 36508
3854 36518
3855 36526
3856 36542
3857 36550
3858 36554
3859 36560
3860 36571
3861 36586
3862 36587
3863 36593
3864 36608
3865 36616
3866 36629
3867 36631
3868 36655
3869 36662
3870 36665
3871 36676
3872 36694
3873 36706
3874 36709
3875 36716
3876 36728
3877 36733
3878 36734
3879 36740
3880 36767
3881 36778
3882 36784
3883 36796
3884 36806
3885 36811
3886 36817
3887 36818
3888 36821
3889 36835
3890 36841
3891 36856
3892 36875
3893 36886
3894 36896
3895 36908
3896 36919
3897 36920
3898 36934
3899 36935
3900 36946
3901 36947
3902 36953
3903 36958
3904 36968
3905 36976
3906 37001
3907 37013
3908 37016
3909 37027
3910 37031
3911 37034
3912 37039
3913 37061
3914 37072
3915 37078
3916 37079
3917 37112
3918 37123
3919 37136
3920 37139
3921 37162
3922 37184
3923 37190
3924 37201
3925 37214
3926 37217
3927 37228
3928 37237
3929 37240
3930 37262
3931 37273
3932 37295
3933 37303
3934 37327
3935 37330
3936 37331
3937 37337
3938 37360
3939 37364
3940 37381
3941 37382
3942 37385
3943 37397
3944 37408
3945 37426
3946 37432
3947 37442
3948 37460
3949 37472
3950 37486
3951 37508
3952 37517
3953 37519
3954 37520
3955 37528
3956 37529
3957 37540
3958 37555
3959 37562
3960 37573
3961 37577
3962 37583
3963 37594
3964 37595
3965 37598
3966 37610
3967 37616
3968 37621
3969 37630
3970 37645
3971 37655
3972 37666
3973 37678
3974 37685
3975 37688
3976 37717
3977 37721
3978 37733
3979 37742
3980 37775
3981 37807
3982 37811
3983 37831
3984 37834
3985 37835
3986 37853
3987 37876
3988 37879
3989 37886
3990 37897
3991 37913
3992 37924
3993 37931
3994 37933
3995 37976
3996 37988
3997 37991
3998 37999
3999 38020
4000 38021
4001 38024
4002 38032
4003 38062
4004 38069
4005 38072
4006 38095
4007 38105
4008 38129
4009 38141
4010 38173
4011 38174
4012 38192
4013 38203
4014 38206
4015 38215
4016 38218
4017 38225
4018 38242
4019 38248
4020 38260
4021 38264
4022 38281
4023 38296
4024 38303
4025 38315
4026 38320
4027 38330
4028 38338
4029 38339
4030 38350
4031 38353
4032 38354
4033 38371
4034 38393
4035 38405
4036 38419
4037 38450
4038 38473
4039 38476
4040 38477
4041 38483
4042 38488
4043 38518
4044 38566
4045 38584
4046 38585
4047 38596
4048 38600
4049 38621
4050 38623
4051 38630
4052 38635
4053 38657
4054 38668
4055 38674
4056 38678
4057 38696
4058 38701
4059 38708
4060 38722
4061 38731
4062 38732
4063 38734
4064 38735
4065 38746
4066 38758
4067 38765
4068 38776
4069 38780
4070 38798
4071 38812
4072 38819
4073 38825
4074 38843
4075 38858
4076 38870
4077 38876
4078 38887
4079 38899
4080 38902
4081 38920
4082 38926
4083 38944
4084 38945
4085 38948
4086 38959
4087 38981
4088 38993
4089 38999
4090 39011
4091 39025
4092 39040
4093 39041
4094 39058
4095 39062
4096 39070
4097 39107
4098 39118
4099 39119
4100 39125
4101 39127
4102 39130
4103 39142
4104 39152
4105 39164
4106 39181
4107 39182
4108 39185
4109 39203
4110 39214
4111 39230
4112 39232
4113 39239
4114 39250
4115 39253
4116 39254
4117 39260
4118 39265
4119 39271
4120 39317
4121 39319
4122 39332
4123 39340
4124 39343
4125 39361
4126 39365
4127 39388
4128 39394
4129 39395
4130 39398
4131 39409
4132 39428
4133 39434
4134 39445
4135 39466
4136 39467
4137 39473
4138 39484
4139 39523
4140 39530
4141 39533
4142 39535
4143 39541
4144 39563
4145 39574
4146 39589
4147 39601
4148 39607
4149 39632
4150 39646
4151 39647
4152 39653
4153 39691
4154 39697
4155 39698
4156 39713
4157 39725
4158 39737
4159 39748
4160 39755
4161 39758
4162 39781
4163 39787
4164 39803
4165 39814
4166 39820
4167 39836
4168 39844
4169 39856
4170 39860
4171 39866
4172 39871
4173 39878
4174 39889
4175 39892
4176 39904
4177 39911
4178 39914
4179 39922
4180 39923
4181 39961
4182 39968
4183 39982
4184 40000
4185 40015
4186 40016
4187 40021
4188 40022
4189 40027
4190 40039
4191 40051
4192 40055
4193 40076
4194 40106
4195 40109
4196 40118
4197 40121
4198 40133
4199 40141
4200 40145
4201 40162
4202 40166
4203 40177
4204 40189
4205 40196
4206 40210
4207 40211
4208 40223
4209 40241
4210 40252
4211 40253
4212 40267
4213 40297
4214 40300
4215 40312
4216 40357
4217 40364
4218 40375
4219 40376
4220 40409
4221 40436
4222 40444
4223 40447
4224 40448
4225 40481
4226 40487
4227 40502
4228 40510
4229 40513
4230 40523
4231 40525
4232 40538
4233 40544
4234 40549
4235 40559
4236 40582
4237 40600
4238 40603
4239 40610
4240 40622
4241 40628
4242 40646
4243 40657
4244 40661
4245 40715
4246 40723
4247 40727
4248 40729
4249 40762
4250 40768
4251 40783
4252 40784
4253 40790
4254 40813
4255 40814
4256 40829
4257 40840
4258 40841
4259 40852
4260 40858
4261 40870
4262 40873
4263 40874
4264 40892
4265 40906
4266 40907
4267 40919
4268 40925
4269 40949
4270 40952
4271 40964
4272 40975
4273 40981
4274 40996
4275 41018
4276 41030
4277 41033
4278 41056
4279 41062
4280 41063
4281 41074
4282 41095
4283 41096
4284 41123
4285 41131
4286 41141
4287 41152
4288 41156
4289 41168
4290 41174
4291 41197
4292 41200
4293 41201
4294 41209
4295 41212
4296 41213
4297 41224
4298 41231
4299 41242
4300 41243
4301 41246
4302 41257
4303 41276
4304 41279
4305 41291
4306 41297
4307 41324
4308 41347
4309 41354
4310 41365
4311 41377
4312 41398
4313 41410
4314 41414
4315 41422
4316 41425
4317 41426
4318 41459
4319 41470
4320 41489
4321 41504
4322 41510
4323 41524
4324 41527
4325 41534
4326 41539
4327 41560
4328 41561
4329 41572
4330 41605
4331 41615
4332 41617
4333 41623
4334 41624
4335 41629
4336 41635
4337 41636
4338 41647
4339 41657
4340 41668
4341 41669
4342 41684
4343 41695
4344 41701
4345 41713
4346 41741
4347 41752
4348 41759
4349 41780
4350 41785
4351 41791
4352 41803
4353 41815
4354 41830
4355 41831
4356 41863
4357 41870
4358 41875
4359 41885
4360 41908
4361 41915
4362 41918
4363 41920
4364 41926
4365 41927
4366 41950
4367 41960
4368 41972
4369 41975
4370 41983
4371 41987
4372 41998
4373 42004
4374 42008
4375 42023
4376 42031
4377 42034
4378 42035
4379 42056
4380 42074
4381 42085
4382 42089
4383 42100
4384 42109
4385 42112
4386 42142
4387 42158
4388 42176
4389 42191
4390 42197
4391 42202
4392 42209
4393 42212
4394 42220
4395 42226
4396 42232
4397 42236
4398 42244
4399 42259
4400 42277
4401 42298
4402 42302
4403 42313
4404 42323
4405 42325
4406 42337
4407 42344
4408 42356
4409 42371
4410 42382
4411 42392
4412 42404
4413 42410
4414 42416
4415 42422
4416 42424
4417 42428
4418 42449
4419 42457
4420 42460
4421 42467
4422 42478
4423 42479
4424 42482
4425 42490
4426 42493
4427 42511
4428 42512
4429 42527
4430 42529
4431 42550
4432 42580
4433 42590
4434 42595
4435 42602
4436 42617
4437 42625
4438 42658
4439 42662
4440 42674
4441 42692
4442 42703
4443 42706
4444 42715
4445 42718
4446 42719
4447 42725
4448 42731
4449 42742
4450 42749
4451 42760
4452 42763
4453 42770
4454 42793
4455 42796
4456 42815
4457 42818
4458 42826
4459 42838
4460 42854
4461 42860
4462 42865
4463 42875
4464 42886
4465 42887
4466 42917
4467 42931
4468 42943
4469 42955
4470 42962
4471 42965
4472 42976
4473 42983
4474 42995
4475 43010
4476 43013
4477 43021
4478 43024
4479 43036
4480 43054
4481 43064
4482 43069
4483 43079
4484 43087
4485 43112
4486 43114
4487 43133
4488 43147
4489 43165
4490 43181
4491 43199
4492 43211
4493 43214
4494 43223
4495 43237
4496 43256
4497 43277
4498 43288
4499 43303
4500 43310
4501 43327
4502 43334
4503 43339
4504 43345
4505 43411
4506 43417
4507 43423
4508 43424
4509 43427
4510 43447
4511 43457
4512 43468
4513 43480
4514 43501
4515 43513
4516 43528
4517 43537
4518 43558
4519 43562
4520 43595
4521 43603
4522 43607
4523 43613
4524 43625
4525 43627
4526 43630
4527 43631
4528 43649
4529 43652
4530 43670
4531 43675
4532 43681
4533 43697
4534 43714
4535 43727
4536 43738
4537 43739
4538 43775
4539 43787
4540 43804
4541 43805
4542 43808
4543 43816
4544 43817
4545 43819
4546 43820
4547 43876
4548 43895
4549 43916
4550 43921
4551 43933
4552 43955
4553 43966
4554 43973
4555 43984
4556 43988
4557 43999
4558 44000
4559 44017
4560 44018
4561 44029
4562 44032
4563 44033
4564 44044
4565 44048
4566 44054
4567 44069
4568 44081
4569 44087
4570 44110
4571 44111
4572 44114
4573 44122
4574 44137
4575 44138
4576 44144
4577 44149
4578 44182
4579 44188
4580 44204
4581 44212
4582 44215
4583 44216
4584 44224
4585 44234
4586 44272
4587 44279
4588 44282
4589 44290
4590 44293
4591 44294
4592 44300
4593 44305
4594 44315
4595 44368
4596 44380
4597 44390
4598 44401
4599 44405
4600 44417
4601 44437
4602 44473
4603 44474
4604 44506
4605 44513
4606 44515
4607 44525
4608 44527
4609 44542
4610 44548
4611 44552
4612 44560
4613 44563
4614 44575
4615 44585
4616 44608
4617 44615
4618 44638
4619 44639
4620 44642
4621 44653
4622 44660
4623 44671
4624 44672
4625 44683
4626 44708
4627 44716
4628 44717
4629 44728
4630 44731
4631 44755
4632 44761
4633 44776
4634 44794
4635 44798
4636 44806
4637 44821
4638 44828
4639 44834
4640 44845
4641 44866
4642 44867
4643 44873
4644 44896
4645 44911
4646 44918
4647 44921
4648 44935
4649 44942
4650 44953
4651 44968
4652 44978
4653 44989
4654 44990
4655 44996
4656 45011
4657 45019
4658 45023
4659 45026
4660 45070
4661 45077
4662 45100
4663 45103
4664 45134
4665 45139
4666 45145
4667 45146
4668 45157
4669 45161
4670 45178
4671 45200
4672 45205
4673 45211
4674 45223
4675 45250
4676 45269
4677 45283
4678 45284
4679 45301
4680 45316
4681 45317
4682 45326
4683 45337
4684 45341
4685 45352
4686 45358
4687 45359
4688 45362
4689 45380
4690 45403
4691 45418
4692 45419
4693 45430
4694 45449
4695 45452
4696 45464
4697 45503
4698 45514
4699 45520
4700 45526
4701 45542
4702 45553
4703 45560
4704 45575
4705 45583
4706 45598
4707 45616
4708 45620
4709 45631
4710 45632
4711 45650
4712 45661
4713 45688
4714 45695
4715 45698
4716 45706
4717 45716
4718 45728
4719 45730
4720 45763
4721 45773
4722 45785
4723 45788
4724 45796
4725 45811
4726 45841
4727 45842
4728 45845
4729 45853
4730 45856
4731 45863
4732 45878
4733 45889
4734 45901
4735 45919
4736 45922
4737 45968
4738 45979
4739 45980
4740 45991
4741 45997
4742 46013
4743 46024
4744 46034
4745 46046
4746 46067
4747 46072
4748 46078
4749 46093
4750 46111
4751 46115
4752 46117
4753 46127
4754 46150
4755 46157
4756 46169
4757 46172
4758 46190
4759 46201
4760 46205
4761 46213
4762 46228
4763 46241
4764 46252
4765 46259
4766 46280
4767 46291
4768 46295
4769 46307
4770 46315
4771 46327
4772 46331
4773 46349
4774 46360
4775 46370
4776 46375
4777 46403
4778 46427
4779 46430
4780 46460
4781 46465
4782 46471
4783 46472
4784 46483
4785 46493
4786 46505
4787 46520
4788 46528
4789 46529
4790 46531
4791 46543
4792 46577
4793 46588
4794 46595
4795 46598
4796 46616
4797 46618
4798 46621
4799 46645
4800 46655
4801 46666
4802 46667
4803 46678
4804 46688
4805 46706
4806 46711
4807 46717
4808 46718
4809 46723
4810 46745
4811 46753
4812 46774
4813 46775
4814 46786
4815 46796
4816 46801
4817 46831
4818 46832
4819 46843
4820 46847
4821 46853
4822 46858
4823 46879
4824 46886
4825 46898
4826 46909
4827 46921
4828 46924
4829 46948
4830 46958
4831 46988
4832 47024
4833 47032
4834 47036
4835 47057
4836 47068
4837 47080
4838 47084
4839 47113
4840 47116
4841 47125
4842 47140
4843 47141
4844 47152
4845 47159
4846 47162
4847 47170
4848 47174
4849 47180
4850 47218
4851 47227
4852 47237
4853 47260
4854 47270
4855 47297
4856 47308
4857 47315
4858 47318
4859 47320
4860 47326
4861 47332
4862 47339
4863 47365
4864 47371
4865 47375
4866 47386
4867 47404
4868 47416
4869 47420
4870 47429
4871 47440
4872 47444
4873 47450
4874 47461
4875 47488
4876 47516
4877 47518
4878 47528
4879 47530
4880 47533
4881 47540
4882 47552
4883 47555
4884 47566
4885 47588
4886 47600
4887 47606
4888 47617
4889 47633
4890 47635
4891 47645
4892 47657
4893 47668
4894 47678
4895 47686
4896 47690
4897 47707
4898 47720
4899 47731
4900 47734
4901 47735
4902 47743
4903 47764
4904 47765
4905 47768
4906 47809
4907 47813
4908 47819
4909 47831
4910 47833
4911 47837
4912 47848
4913 47866
4914 47869
4915 47888
4916 47903
4917 47909
4918 47926
4919 47933
4920 47945
4921 47959
4922 47971
4923 47977
4924 47978
4925 47992
4926 48004
4927 48010
4928 48011
4929 48037
4930 48040
4931 48052
4932 48074
4933 48095
4934 48107
4935 48113
4936 48131
4937 48137
4938 48142
4939 48148
4940 48182
4941 48185
4942 48208
4943 48215
4944 48218
4945 48226
4946 48238
4947 48265
4948 48272
4949 48287
4950 48293
4951 48304
4952 48328
4953 48331
4954 48332
4955 48361
4956 48362
4957 48376
4958 48394
4959 48409
4960 48428
4961 48430
4962 48433
4963 48434
4964 48463
4965 48478
4966 48488
4967 48499
4968 48506
4969 48511
4970 48517
4971 48518
4972 48529
4973 48545
4974 48553
4975 48556
4976 48563
4977 48568
4978 48589
4979 48596
4980 48622
4981 48623
4982 48631
4983 48646
4984 48647
4985 48676
4986 48680
4987 48686
4988 48701
4989 48709
4990 48713
4991 48754
4992 48758
4993 48776
4994 48787
4995 48788
4996 48799
4997 48809
4998 48814
4999 48821
5000 48836
5001 48838
5002 48844
5003 48845
5004 48848
5005 48878
5006 48889
5007 48893
5008 48899
5009 48904
5010 48914
5011 48926
5012 48935
5013 48979
5014 48982
5015 49004
5016 49019
5017 49022
5018 49027
5019 49031
5020 49042
5021 49048
5022 49052
5023 49060
5024 49063
5025 49082
5026 49097
5027 49103
5028 49120
5029 49132
5030 49138
5031 49139
5032 49142
5033 49165
5034 49183
5035 49193
5036 49198
5037 49205
5038 49217
5039 49219
5040 49228
5041 49229
5042 49231
5043 49243
5044 49276
5045 49283
5046 49306
5047 49310
5048 49328
5049 49330
5050 49351
5051 49355
5052 49367
5053 49388
5054 49396
5055 49400
5056 49417
5057 49421
5058 49430
5059 49435
5060 49442
5061 49456
5062 49457
5063 49474
5064 49489
5065 49490
5066 49507
5067 49508
5068 49534
5069 49546
5070 49553
5071 49558
5072 49565
5073 49576
5074 49580
5075 49591
5076 49625
5077 49631
5078 49636
5079 49655
5080 49658
5081 49670
5082 49691
5083 49699
5084 49703
5085 49709
5086 49732
5087 49733
5088 49756
5089 49766
5090 49771
5091 49778
5092 49789
5093 49814
5094 49822
5095 49823
5096 49826
5097 49834
5098 49835
5099 49849
5100 49856
5101 49871
5102 49882
5103 49900
5104 49912
5105 49922
5106 49946
5107 49951
5108 49958
5109 49969
5110 49972
5111 49973
5112 49991
5113 50023
5114 50027
5115 50029
5116 50033
5117 50039
5118 50044
5119 50062
5120 50063
5121 50066
5122 50089
5123 50096
5124 50107
5125 50108
5126 50110
5127 50119
5128 50134
5129 50135
5130 50141
5131 50146
5132 50164
5133 50167
5134 50179
5135 50197
5136 50221
5137 50231
5138 50242
5139 50243
5140 50275
5141 50279
5142 50290
5143 50308
5144 50309
5145 50321
5146 50332
5147 50347
5148 50348
5149 50354
5150 50380
5151 50381
5152 50399
5153 50402
5154 50410
5155 50422
5156 50434
5157 50437
5158 50455
5159 50477
5160 50482
5161 50516
5162 50522
5163 50527
5164 50546
5165 50560
5166 50561
5167 50567
5168 50572
5169 50600
5170 50611
5171 50612
5172 50615
5173 50627
5174 50647
5175 50668
5176 50669
5177 50690
5178 50705
5179 50726
5180 50740
5181 50758
5182 50773
5183 50792
5184 50795
5185 50803
5186 50818
5187 50837
5188 50852
5189 50864
5190 50875
5191 50882
5192 50893
5193 50896
5194 50914
5195 50918
5196 50932
5197 50942
5198 50954
5199 50971
5200 50983
5201 50993
5202 50998
5203 51008
5204 51019
5205 51020
5206 51041
5207 51056
5208 51064
5209 51074
5210 51079
5211 51085
5212 51125
5213 51142
5214 51146
5215 51154
5216 51164
5217 51176
5218 51191
5219 51212
5220 51214
5221 51220
5222 51224
5223 51233
5224 51248
5225 51254
5226 51259
5227 51277
5228 51280
5229 51302
5230 51310
5231 51323
5232 51349
5233 51355
5234 51359
5235 51367
5236 51371
5237 51377
5238 51403
5239 51424
5240 51427
5241 51434
5242 51439
5243 51445
5244 51446
5245 51457
5246 51461
5247 51472
5248 51478
5249 51493
5250 51500
5251 51505
5252 51512
5253 51517
5254 51524
5255 51535
5256 51536
5257 51562
5258 51568
5259 51583
5260 51601
5261 51602
5262 51616
5263 51626
5264 51628
5265 51629
5266 51647
5267 51659
5268 51670
5269 51685
5270 51695
5271 51706
5272 51707
5273 51713
5274 51730
5275 51737
5276 51742
5277 51775
5278 51793
5279 51797
5280 51815
5281 51820
5282 51826
5283 51839
5284 51850
5285 51854
5286 51865
5287 51875
5288 51887
5289 51893
5290 51898
5291 51919
5292 51929
5293 51931
5294 51932
5295 51955
5296 51961
5297 51977
5298 51994
5299 51998
5300 52006
5301 52016
5302 52025
5303 52031
5304 52043
5305 52064
5306 52076
5307 52087
5308 52091
5309 52097
5310 52114
5311 52132
5312 52144
5313 52166
5314 52169
5315 52180
5316 52198
5317 52199
5318 52202
5319 52211
5320 52214
5321 52237
5322 52256
5323 52270
5324 52271
5325 52282
5326 52289
5327 52310
5328 52312
5329 52315
5330 52327
5331 52334
5332 52378
5333 52382
5334 52394
5335 52405
5336 52411
5337 52412
5338 52450
5339 52472
5340 52480
5341 52514
5342 52517
5343 52525
5344 52537
5345 52552
5346 52558
5347 52562
5348 52573
5349 52580
5350 52591
5351 52592
5352 52606
5353 52607
5354 52631
5355 52648
5356 52649
5357 52664
5358 52693
5359 52696
5360 52714
5361 52726
5362 52727
5363 52732
5364 52738
5365 52750
5366 52753
5367 52772
5368 52783
5369 52798
5370 52808
5371 52829
5372 52832
5373 52840
5374 52862
5375 52883
5376 52888
5377 52909
5378 52910
5379 52918
5380 52921
5381 52922
5382 52945
5383 52963
5384 52973
5385 52985
5386 52988
5387 52996
5388 52999
5389 53006
5390 53014
5391 53033
5392 53065
5393 53066
5394 53092
5395 53099
5396 53110
5397 53111
5398 53113
5399 53114
5400 53126
5401 53134
5402 53149
5403 53167
5404 53171
5405 53177
5406 53188
5407 53192
5408 53212
5409 53215
5410 53222
5411 53245
5412 53249
5413 53261
5414 53290
5415 53294
5416 53300
5417 53305
5418 53327
5419 53329
5420 53339
5421 53347
5422 53372
5423 53384
5424 53401
5425 53402
5426 53414
5427 53425
5428 53426
5429 53441
5430 53458
5431 53459
5432 53473
5433 53507
5434 53519
5435 53527
5436 53549
5437 53570
5438 53575
5439 53597
5440 53614
5441 53618
5442 53626
5443 53627
5444 53632
5445 53639
5446 53642
5447 53653
5448 53654
5449 53665
5450 53675
5451 53683
5452 53704
5453 53719
5454 53731
5455 53740
5456 53744
5457 53750
5458 53788
5459 53798
5460 53806
5461 53809
5462 53816
5463 53833
5464 53845
5465 53851
5466 53878
5467 53884
5468 53885
5469 53906
5470 53917
5471 53918
5472 53929
5473 53933
5474 53942
5475 53945
5476 53953
5477 53968
5478 53974
5479 53990
5480 54011
5481 54019
5482 54022
5483 54026
5484 54056
5485 54071
5486 54082
5487 54103
5488 54110
5489 54112
5490 54134
5491 54149
5492 54161
5493 54167
5494 54182
5495 54190
5496 54200
5497 54215
5498 54236
5499 54268
5500 54295
5501 54302
5502 54313
5503 54316
5504 54325
5505 54340
5506 54341
5507 54347
5508 54370
5509 54380
5510 54391
5511 54392
5512 54403
5513 54415
5514 54419
5515 54430
5516 54431
5517 54437
5518 54442
5519 54460
5520 54463
5521 54475
5522 54497
5523 54518
5524 54520
5525 54526
5526 54530
5527 54538
5528 54539
5529 54560
5530 54565
5531 54572
5532 54586
5533 54587
5534 54604
5535 54605
5536 54608
5537 54617
5538 54640
5539 54643
5540 54650
5541 54655
5542 54673
5543 54695
5544 54698
5545 54710
5546 54733
5547 54734
5548 54740
5549 54752
5550 54773
5551 54796
5552 54799
5553 54811
5554 54818
5555 54833
5556 54856
5557 54857
5558 54874
5559 54901
5560 54907
5561 54908
5562 54932
5563 54943
5564 54947
5565 54964
5566 54980
5567 54991
5568 55001
5569 55012
5570 55013
5571 55028
5572 55034
5573 55067
5574 55072
5575 55078
5576 55079
5577 55093
5578 55105
5579 55117
5580 55129
5581 55136
5582 55147
5583 55169
5584 55183
5585 55190
5586 55214
5587 55226
5588 55229
5589 55237
5590 55241
5591 55252
5592 55262
5593 55274
5594 55285
5595 55313
5596 55330
5597 55348
5598 55352
5599 55360
5600 55363
5601 55364
5602 55370
5603 55396
5604 55403
5605 55427
5606 55430
5607 55460
5608 55465
5609 55483
5610 55498
5611 55516
5612 55517
5613 55528
5614 55555
5615 55561
5616 55573
5617 55610
5618 55621
5619 55622
5620 55634
5621 55640
5622 55645
5623 55651
5624 55655
5625 55667
5626 55684
5627 55688
5628 55696
5629 55699
5630 55706
5631 55717
5632 55729
5633 55730
5634 55741
5635 55742
5636 55756
5637 55789
5638 55819
5639 55822
5640 55832
5641 55834
5642 55835
5643 55843
5644 55846
5645 55847
5646 55858
5647 55865
5648 55868
5649 55880
5650 55897
5651 55921
5652 55924
5653 55925
5654 55931
5655 55943
5656 55954
5657 55955
5658 55958
5659 55981
5660 55999
5661 56017
5662 56021
5663 56029
5664 56032
5665 56057
5666 56062
5667 56072
5668 56101
5669 56113
5670 56114
5671 56116
5672 56128
5673 56129
5674 56140
5675 56147
5676 56174
5677 56191
5678 56192
5679 56207
5680 56225
5681 56227
5682 56231
5683 56260
5684 56264
5685 56275
5686 56285
5687 56293
5688 56297
5689 56327
5690 56330
5691 56353
5692 56387
5693 56398
5694 56405
5695 56408
5696 56417
5697 56419
5698 56440
5699 56450
5700 56462
5701 56465
5702 56476
5703 56495
5704 56498
5705 56506
5706 56510
5707 56518
5708 56521
5709 56522
5710 56534
5711 56545
5712 56551
5713 56552
5714 56555
5715 56566
5716 56600
5717 56617
5718 56629
5719 56630
5720 56633
5721 56656
5722 56657
5723 56689
5724 56690
5725 56696
5726 56707
5727 56719
5728 56720
5729 56731
5730 56735
5731 56753
5732 56765
5733 56776
5734 56798
5735 56801
5736 56812
5737 56813
5738 56833
5739 56836
5740 56837
5741 56843
5742 56855
5743 56869
5744 56888
5745 56902
5746 56920
5747 56924
5748 56932
5749 56933
5750 56938
5751 56944
5752 56948
5753 56960
5754 56966
5755 56977
5756 56989
5757 56992
5758 57014
5759 57025
5760 57026
5761 57037
5762 57058
5763 57059
5764 57070
5765 57085
5766 57095
5767 57103
5768 57118
5769 57125
5770 57127
5771 57142
5772 57148
5773 57163
5774 57164
5775 57175
5776 57185
5777 57196
5778 57208
5779 57214
5780 57218
5781 57220
5782 57238
5783 57242
5784 57260
5785 57271
5786 57287
5787 57293
5788 57298
5789 57308
5790 57316
5791 57317
5792 57350
5793 57355
5794 57373
5795 57377
5796 57395
5797 57398
5798 57409
5799 57421
5800 57428
5801 57433
5802 57452
5803 57485
5804 57496
5805 57518
5806 57521
5807 57523
5808 57553
5809 57557
5810 57586
5811 57590
5812 57596
5813 57619
5814 57620
5815 57622
5816 57664
5817 57665
5818 57679
5819 57680
5820 57698
5821 57713
5822 57724
5823 57731
5824 57736
5825 57737
5826 57748
5827 57754
5828 57755
5829 57766
5830 57776
5831 57802
5832 57809
5833 57820
5834 57821
5835 57824
5836 57826
5837 57838
5838 57860
5839 57871
5840 57878
5841 57881
5842 57893
5843 57910
5844 57923
5845 57937
5846 57946
5847 57949
5848 57971
5849 57979
5850 58004
5851 58012
5852 58022
5853 58030
5854 58048
5855 58049
5856 58063
5857 58075
5858 58081
5859 58082
5860 58093
5861 58096
5862 58127
5863 58130
5864 58132
5865 58154
5866 58171
5867 58172
5868 58175
5869 58193
5870 58198
5871 58219
5872 58220
5873 58228
5874 58229
5875 58231
5876 58240
5877 58250
5878 58255
5879 58262
5880 58265
5881 58294
5882 58333
5883 58334
5884 58340
5885 58363
5886 58388
5887 58396
5888 58400
5889 58411
5890 58417
5891 58421
5892 58423
5893 58430
5894 58442
5895 58453
5896 58463
5897 58468
5898 58474
5899 58478
5900 58507
5901 58508
5902 58531
5903 58565
5904 58568
5905 58580
5906 58598
5907 58601
5908 58613
5909 58621
5910 58625
5911 58636
5912 58654
5913 58687
5914 58688
5915 58714
5916 58721
5917 58724
5918 58733
5919 58736
5920 58756
5921 58759
5922 58766
5923 58789
5924 58792
5925 58799
5926 58822
5927 58826
5928 58856
5929 58924
5930 58927
5931 58934
5932 58936
5933 58939
5934 58940
5935 58946
5936 58969
5937 58972
5938 58994
5939 59002
5940 59017
5941 59023
5942 59027
5943 59032
5944 59035
5945 59038
5946 59042
5947 59054
5948 59071
5949 59075
5950 59086
5951 59098
5952 59105
5953 59108
5954 59119
5955 59129
5956 59132
5957 59143
5958 59144
5959 59161
5960 59177
5961 59188
5962 59195
5963 59209
5964 59228
5965 59230
5966 59234
5967 59240
5968 59245
5969 59255
5970 59266
5971 59267
5972 59288
5973 59299
5974 59306
5975 59356
5976 59363
5977 59374
5978 59386
5979 59390
5980 59401
5981 59408
5982 59419
5983 59422
5984 59432
5985 59434
5986 59443
5987 59447
5988 59464
5989 59468
5990 59476
5991 59479
5992 59497
5993 59498
5994 59501
5995 59531
5996 59536
5997 59537
5998 59570
5999 59587
6000 59588
6001 59599
6002 59609
6003 59633
6004 59644
6005 59645
6006 59656
6007 59660
6008 59677
6009 59692
6010 59693
6011 59699
6012 59704
6013 59725
6014 59735
6015 59737
6016 59749
6017 59761
6018 59771
6019 59779
6020 59782
6021 59800
6022 59816
6023 59822
6024 59834
6025 59840
6026 59861
6027 59894
6028 59917
6029 59924
6030 59947
6031 59963
6032 59980
6033 59992
6034 60002
6035 60013
6036 60023
6037 60031
6038 60040
6039 60046
6040 60052
6041 60053
6042 60097
6043 60100
6044 60107
6045 60109
6046 60112
6047 60113
6048 60121
6049 60143
6050 60146
6051 60158
6052 60169
6053 60175
6054 60187
6055 60191
6056 60226
6057 60233
6058 60236
6059 60265
6060 60277
6061 60281
6062 60287
6063 60313
6064 60314
6065 60334
6066 60344
6067 60356
6068 60359
6069 60370
6070 60392
6071 60403
6072 60422
6073 60427
6074 60446
6075 60460
6076 60472
6077 60479
6078 60515
6079 60523
6080 60529
6081 60535
6082 60547
6083 60562
6084 60614
6085 60617
6086 60625
6087 60626
6088 60637
6089 60640
6090 60647
6091 60659
6092 60670
6093 60674
6094 60680
6095 60685
6096 60707
6097 60718
6098 60719
6099 60742
6100 60749
6101 60752
6102 60760
6103 60781
6104 60782
6105 60785
6106 60796
6107 60808
6108 60818
6109 60827
6110 60838
6111 60887
6112 60898
6113 60916
6114 60917
6115 60920
6116 60931
6117 60932
6118 60940
6119 60943
6120 60944
6121 60962
6122 60965
6123 60976
6124 60983
6125 61009
6126 61021
6127 61042
6128 61043
6129 61057
6130 61064
6131 61076
6132 61108
6133 61124
6134 61132
6135 61148
6136 61154
6137 61165
6138 61169
6139 61192
6140 61222
6141 61237
6142 61244
6143 61270
6144 61277
6145 61303
6146 61310
6147 61322
6148 61345
6149 61349
6150 61360
6151 61361
6152 61379
6153 61382
6154 61400
6155 61405
6156 61417
6157 61429
6158 61436
6159 61457
6160 61483
6161 61490
6162 61495
6163 61505
6164 61513
6165 61516
6166 61525
6167 61526
6168 61541
6169 61562
6170 61570
6171 61573
6172 61580
6173 61585
6174 61606
6175 61619
6176 61630
6177 61631
6178 61648
6179 61649
6180 61660
6181 61663
6182 61670
6183 61682
6184 61693
6185 61696
6186 61703
6187 61715
6188 61720
6189 61739
6190 61742
6191 61754
6192 61771
6193 61783
6194 61804
6195 61832
6196 61844
6197 61862
6198 61865
6199 61883
6200 61894
6201 61910
6202 61934
6203 61952
6204 61955
6205 61978
6206 61984
6207 61996
6208 62006
6209 62011
6210 62014
6211 62017
6212 62018
6213 62021
6214 62033
6215 62059
6216 62066
6217 62069
6218 62077
6219 62087
6220 62098
6221 62125
6222 62138
6223 62144
6224 62149
6225 62155
6226 62156
6227 62159
6228 62188
6229 62210
6230 62212
6231 62215
6232 62224
6233 62227
6234 62239
6235 62249
6236 62293
6237 62317
6238 62323
6239 62324
6240 62327
6241 62339
6242 62347
6243 62368
6244 62369
6245 62405
6246 62414
6247 62437
6248 62440
6249 62485
6250 62492
6251 62495
6252 62503
6253 62506
6254 62515
6255 62525
6256 62527
6257 62552
6258 62564
6259 62575
6260 62585
6261 62603
6262 62614
6263 62620
6264 62626
6265 62639
6266 62650
6267 62653
6268 62665
6269 62675
6270 62687
6271 62708
6272 62716
6273 62717
6274 62743
6275 62750
6276 62765
6277 62776
6278 62783
6279 62798
6280 62816
6281 62818
6282 62845
6283 62852
6284 62873
6285 62884
6286 62899
6287 62900
6288 62923
6289 62929
6290 62941
6291 62953
6292 62957
6293 62968
6294 62996
6295 63001
6296 63007
6297 63011
6298 63019
6299 63023
6300 63044
6301 63049
6302 63082
6303 63089
6304 63092
6305 63104
6306 63116
6307 63122
6308 63127
6309 63145
6310 63146
6311 63172
6312 63205
6313 63223
6314 63224
6315 63227
6316 63257
6317 63269
6318 63301
6319 63302
6320 63325
6321 63328
6322 63329
6323 63337
6324 63347
6325 63359
6326 63370
6327 63373
6328 63380
6329 63392
6330 63403
6331 63413
6332 63418
6333 63425
6334 63431
6335 63437
6336 63442
6337 63463
6338 63464
6339 63485
6340 63493
6341 63496
6342 63515
6343 63518
6344 63530
6345 63538
6346 63550
6347 63553
6348 63560
6349 63587
6350 63605
6351 63616
6352 63617
6353 63620
6354 63628
6355 63629
6356 63631
6357 63640
6358 63655
6359 63673
6360 63677
6361 63688
6362 63694
6363 63695
6364 63716
6365 63721
6366 63722
6367 63728
6368 63734
6369 63745
6370 63752
6371 63763
6372 63766
6373 63784
6374 63799
6375 63806
6376 63821
6377 63823
6378 63833
6379 63835
6380 63845
6381 63863
6382 63868
6383 63878
6384 63886
6385 63889
6386 63920
6387 63932
6388 63935
6389 63958
6390 63980
6391 64009
6392 64024
6393 64027
6394 64031
6395 64039
6396 64049
6397 64057
6398 64082
6399 64090
6400 64100
6401 64111
6402 64129
6403 64139
6404 64168
6405 64172
6406 64180
6407 64190
6408 64213
6409 64217
6410 64237
6411 64240
6412 64247
6413 64259
6414 64291
6415 64306
6416 64307
6417 64315
6418 64319
6419 64342
6420 64349
6421 64352
6422 64396
6423 64403
6424 64420
6425 64430
6426 64453
6427 64465
6428 64471
6429 64475
6430 64508
6431 64520
6432 64531
6433 64532
6434 64576
6435 64595
6436 64606
6437 64610
6438 64616
6439 64618
6440 64633
6441 64634
6442 64640
6443 64652
6444 64655
6445 64684
6446 64688
6447 64696
6448 64711
6449 64721
6450 64735
6451 64742
6452 64775
6453 64789
6454 64807
6455 64811
6456 64822
6457 64831
6458 64843
6459 64879
6460 64880
6461 64897
6462 64909
6463 64913
6464 64919
6465 64921
6466 64943
6467 64948
6468 64955
6469 64966
6470 64976
6471 65003
6472 65017
6473 65024
6474 65032
6475 65047
6476 65050
6477 65051
6478 65072
6479 65083
6480 65090
6481 65114
6482 65117
6483 65125
6484 65128
6485 65140
6486 65141
6487 65152
6488 65158
6489 65170
6490 65191
6491 65192
6492 65195
6493 65206
6494 65207
6495 65219
6496 65230
6497 65264
6498 65282
6499 65293
6500 65297
6501 65315
6502 65318
6503 65332
6504 65342
6505 65350
6506 65375
6507 65383
6508 65393
6509 65404
6510 65419
6511 65429
6512 65432
6513 65443
6514 65444
6515 65462
6516 65473
6517 65477
6518 65510
6519 65528
6520 65540
6521 65545
6522 65563
6523 65566
6524 65567
6525 65573
6526 65585
6527 65588
6528 65606
6529 65611
6530 65618
6531 65633
6532 65635
6533 65642
6534 65656
6535 65657
6536 65674
6537 65675
6538 65686
6539 65708
6540 65719
6541 65720
6542 65732
6543 65734
6544 65735
6545 65743
6546 65747
6547 65753
6548 65758
6549 65786
6550 65809
6551 65824
6552 65837
6553 65854
6554 65855
6555 65866
6556 65869
6557 65870
6558 65876
6559 65899
6560 65909
6561 65936
6562 65944
6563 65956
6564 65960
6565 65977
6566 65989
6567 65992
6568 66010
6569 66014
6570 66025
6571 66052
6572 66058
6573 66059
6574 66070
6575 66091
6576 66092
6577 66106
6578 66118
6579 66119
6580 66127
6581 66131
6582 66160
6583 66181
6584 66196
6585 66197
6586 66208
6587 66214
6588 66238
6589 66265
6590 66293
6591 66317
6592 66319
6593 66362
6594 66365
6595 66373
6596 66383
6597 66388
6598 66398
6599 66406
6600 66409
6601 66422
6602 66433
6603 66451
6604 66478
6605 66485
6606 66488
6607 66496
6608 66517
6609 66533
6610 66535
6611 66545
6612 66556
6613 66557
6614 66563
6615 66578
6616 66596
6617 66601
6618 66619
6619 66620
6620 66622
6621 66643
6622 66658
6623 66668
6624 66679
6625 66712
6626 66721
6627 66731
6628 66736
6629 66743
6630 66758
6631 66770
6632 66776
6633 66781
6634 66791
6635 66820
6636 66832
6637 66838
6638 66844
6639 66866
6640 66877
6641 66881
6642 66892
6643 66911
6644 66914
6645 66926
6646 66949
6647 66950
6648 66956
6649 66971
6650 66979
6651 66983
6652 66994
6653 67004
6654 67012
6655 67019
6656 67037
6657 67052
6658 67063
6659 67075
6660 67081
6661 67082
6662 67096
6663 67108
6664 67120
6665 67138
6666 67154
6667 67160
6668 67165
6669 67175
6670 67183
6671 67198
6672 67204
6673 67216
6674 67220
6675 67228
6676 67232
6677 67240
6678 67244
6679 67250
6680 67273
6681 67283
6682 67294
6683 67298
6684 67321
6685 67330
6686 67366
6687 67367
6688 67378
6689 67400
6690 67417
6691 67430
6692 67433
6693 67435
6694 67441
6695 67453
6696 67456
6697 67457
6698 67475
6699 67478
6700 67507
6701 67508
6702 67522
6703 67523
6704 67531
6705 67534
6706 67546
6707 67553
6708 67565
6709 67576
6710 67591
6711 67598
6712 67609
6713 67613
6714 67621
6715 67624
6716 67633
6717 67648
6718 67654
6719 67676
6720 67714
6721 67736
6722 67738
6723 67748
6724 67759
6725 67766
6726 67777
6727 67789
6728 67792
6729 67793
6730 67811
6731 67814
6732 67823
6733 67826
6734 67835
6735 67850
6736 67861
6737 67871
6738 67882
6739 67901
6740 67915
6741 67922
6742 67924
6743 67957
6744 67958
6745 67961
6746 67972
6747 67973
6748 67990
6749 67991
6750 68002
6751 68017
6752 68024
6753 68027
6754 68042
6755 68060
6756 68075
6757 68087
6758 68093
6759 68116
6760 68128
6761 68131
6762 68132
6763 68161
6764 68173
6765 68183
6766 68194
6767 68230
6768 68233
6769 68234
6770 68245
6771 68252
6772 68267
6773 68284
6774 68306
6775 68311
6776 68330
6777 68357
6778 68374
6779 68396
6780 68423
6781 68434
6782 68465
6783 68468
6784 68476
6785 68480
6786 68501
6787 68509
6788 68512
6789 68519
6790 68521
6791 68524
6792 68533
6793 68543
6794 68554
6795 68569
6796 68570
6797 68599
6798 68609
6799 68632
6800 68633
6801 68659
6802 68671
6803 68693
6804 68704
6805 68714
6806 68722
6807 68734
6808 68737
6809 68738
6810 68761
6811 68768
6812 68771
6813 68783
6814 68800
6815 68801
6816 68812
6817 68822
6818 68839
6819 68846
6820 68851
6821 68894
6822 68912
6823 68917
6824 68923
6825 68929
6826 68935
6827 68939
6828 68941
6829 68948
6830 68959
6831 68981
6832 68995
6833 69017
6834 69028
6835 69044
6836 69050
6837 69055
6838 69083
6839 69095
6840 69098
6841 69134
6842 69145
6843 69152
6844 69166
6845 69173
6846 69178
6847 69188
6848 69217
6849 69221
6850 69223
6851 69229
6852 69241
6853 69256
6854 69268
6855 69275
6856 69286
6857 69289
6858 69290
6859 69335
6860 69343
6861 69364
6862 69365
6863 69397
6864 69412
6865 69413
6866 69421
6867 69424
6868 69425
6869 69454
6870 69455
6871 69470
6872 69488
6873 69491
6874 69499
6875 69502
6876 69509
6877 69520
6878 69524
6879 69532
6880 69536
6881 69571
6882 69589
6883 69625
6884 69649
6885 69682
6886 69689
6887 69712
6888 69722
6889 69734
6890 69740
6891 69769
6892 69773
6893 69790
6894 69794
6895 69802
6896 69817
6897 69841
6898 69847
6899 69859
6900 69862
6901 69863
6902 69881
6903 69892
6904 69896
6905 69914
6906 69937
6907 69940
6908 69959
6909 69964
6910 69970
6911 69997
6912 70009
6913 70013
6914 70025
6915 70036
6916 70037
6917 70058
6918 70064
6919 70075
6920 70087
6921 70102
6922 70121
6923 70124
6924 70132
6925 70133
6926 70136
6927 70154
6928 70159
6929 70177
6930 70180
6931 70198
6932 70199
6933 70202
6934 70211
6935 70223
6936 70225
6937 70237
6938 70249
6939 70255
6940 70256
6941 70271
6942 70288
6943 70315
6944 70322
6945 70327
6946 70328
6947 70334
6948 70346
6949 70367
6950 70393
6951 70400
6952 70405
6953 70415
6954 70439
6955 70451
6956 70462
6957 70468
6958 70480
6959 70484
6960 70501
6961 70513
6962 70514
6963 70517
6964 70526
6965 70552
6966 70559
6967 70574
6968 70591
6969 70595
6970 70606
6971 70618
6972 70627
6973 70637
6974 70642
6975 70649
6976 70664
6977 70682
6978 70685
6979 70693
6980 70715
6981 70732
6982 70739
6983 70754
6984 70775
6985 70798
6986 70808
6987 70819
6988 70843
6989 70861
6990 70865
6991 70876
6992 70877
6993 70895
6994 70906
6995 70910
6996 70916
6997 70918
6998 70933
6999 70940
7000 70945
7001 70963
7002 70973
7003 70978
7004 70985
7005 71000
7006 71006
7007 71011
7008 71017
7009 71021
7010 71029
7011 71033
7012 71036
7013 71059
7014 71081
7015 71092
7016 71098
7017 71114
7018 71138
7019 71149
7020 71159
7021 71167
7022 71170
7023 71177
7024 71188
7025 71189
7026 71210
7027 71228
7028 71249
7029 71257
7030 71272
7031 71278
7032 71279
7033 71282
7034 71312
7035 71315
7036 71336
7037 71347
7038 71350
7039 71351
7040 71357
7041 71362
7042 71369
7043 71372
7044 71383
7045 71384
7046 71413
7047 71417
7048 71425
7049 71428
7050 71429
7051 71441
7052 71452
7053 71459
7054 71462
7055 71473
7056 71491
7057 71495
7058 71506
7059 71507
7060 71519
7061 71549
7062 71560
7063 71570
7064 71575
7065 71585
7066 71597
7067 71618
7068 71626
7069 71653
7070 71672
7071 71686
7072 71693
7073 71719
7074 71728
7075 71729
7076 71731
7077 71732
7078 71744
7079 71761
7080 71783
7081 71806
7082 71821
7083 71830
7084 71834
7085 71840
7086 71863
7087 71866
7088 71878
7089 71884
7090 71896
7091 71906
7092 71911
7093 71918
7094 71933
7095 71935
7096 71942
7097 71956
7098 71963
7099 71975
7100 71989
7101 71996
7102 72011
7103 72019
7104 72022
7105 72034
7106 72038
7107 72044
7108 72059
7109 72067
7110 72070
7111 72092
7112 72100
7113 72110
7114 72112
7115 72115
7116 72116
7117 72128
7118 72161
7119 72178
7120 72190
7121 72193
7122 72194
7123 72224
7124 72235
7125 72239
7126 72247
7127 72251
7128 72268
7129 72272
7130 72290
7131 72295
7132 72302
7133 72313
7134 72326
7135 72329
7136 72358
7137 72359
7138 72373
7139 72392
7140 72406
7141 72407
7142 72437
7143 72448
7144 72481
7145 72493
7146 72497
7147 72503
7148 72518
7149 72520
7150 72526
7151 72553
7152 72571
7153 72572
7154 72587
7155 72605
7156 72632
7157 72640
7158 72643
7159 72665
7160 72673
7161 72677
7162 72683
7163 72694
7164 72698
7165 72710
7166 72718
7167 72721
7168 72730
7169 72745
7170 72752
7171 72755
7172 72767
7173 72788
7174 72796
7175 72829
7176 72842
7177 72845
7178 72890
7179 72896
7180 72901
7181 72911
7182 72920
7183 72922
7184 72923
7185 72931
7186 72932
7187 72946
7188 72953
7189 72965
7190 72979
7191 72980
7192 72991
7193 73001
7194 73009
7195 73027
7196 73028
7197 73031
7198 73039
7199 73057
7200 73060
7201 73061
7202 73078
7203 73082
7204 73105
7205 73111
7206 73135
7207 73147
7208 73150
7209 73157
7210 73201
7211 73217
7212 73259
7213 73262
7214 73285
7215 73303
7216 73313
7217 73319
7218 73331
7219 73348
7220 73349
7221 73370
7222 73381
7223 73385
7224 73397
7225 73408
7226 73415
7227 73438
7228 73439
7229 73453
7230 73475
7231 73487
7232 73493
7233 73505
7234 73508
7235 73540
7236 73543
7237 73555
7238 73573
7239 73576
7240 73583
7241 73594
7242 73609
7243 73621
7244 73628
7245 73630
7246 73633
7247 73634
7248 73663
7249 73666
7250 73673
7251 73699
7252 73706
7253 73711
7254 73721
7255 73733
7256 73735
7257 73741
7258 73753
7259 73774
7260 73786
7261 73796
7262 73811
7263 73846
7264 73847
7265 73876
7266 73880
7267 73891
7268 73898
7269 73909
7270 73912
7271 73931
7272 73933
7273 73969
7274 73970
7275 73976
7276 73987
7277 74002
7278 74035
7279 74036
7280 74047
7281 74068
7282 74069
7283 74090
7284 74102
7285 74114
7286 74116
7287 74128
7288 74147
7289 74162
7290 74174
7291 74180
7292 74185
7293 74192
7294 74203
7295 74215
7296 74218
7297 74219
7298 74225
7299 74231
7300 74242
7301 74248
7302 74282
7303 74308
7304 74315
7305 74318
7306 74326
7307 74327
7308 74339
7309 74342
7310 74375
7311 74383
7312 74386
7313 74404
7314 74405
7315 74408
7316 74428
7317 74432
7318 74444
7319 74461
7320 74476
7321 74477
7322 74494
7323 74521
7324 74530
7325 74534
7326 74540
7327 74551
7328 74552
7329 74573
7330 74584
7331 74596
7332 74599
7333 74618
7334 74629
7335 74630
7336 74635
7337 74645
7338 74678
7339 74719
7340 74732
7341 74734
7342 74735
7343 74743
7344 74747
7345 74753
7346 74758
7347 74776
7348 74786
7349 74791
7350 74797
7351 74813
7352 74831
7353 74843
7354 74854
7355 74855
7356 74869
7357 74887
7358 74888
7359 74902
7360 74903
7361 74920
7362 74921
7363 74926
7364 74932
7365 74948
7366 74959
7367 74960
7368 74966
7369 74993
7370 75025
7371 75029
7372 75037
7373 75052
7374 75058
7375 75059
7376 75106
7377 75107
7378 75131
7379 75152
7380 75175
7381 75181
7382 75193
7383 75197
7384 75203
7385 75218
7386 75227
7387 75232
7388 75239
7389 75242
7390 75250
7391 75265
7392 75275
7393 75298
7394 75305
7395 75320
7396 75329
7397 75343
7398 75355
7399 75362
7400 75373
7401 75376
7402 75395
7403 75406
7404 75416
7405 75418
7406 75421
7407 75422
7408 75430
7409 75451
7410 75463
7411 75511
7412 75523
7413 75530
7414 75541
7415 75553
7416 75556
7417 75563
7418 75568
7419 75578
7420 75586
7421 75596
7422 75608
7423 75611
7424 75631
7425 75643
7426 75647
7427 75658
7428 75664
7429 75679
7430 75691
7431 75712
7432 75713
7433 75724
7434 75725
7435 75733
7436 75737
7437 75743
7438 75754
7439 75769
7440 75799
7441 75802
7442 75809
7443 75821
7444 75824
7445 75832
7446 75844
7447 75859
7448 75881
7449 75904
7450 75914
7451 75938
7452 75956
7453 75967
7454 75968
7455 76001
7456 76015
7457 76016
7458 76019
7459 76022
7460 76027
7461 76034
7462 76048
7463 76064
7464 76103
7465 76108
7466 76114
7467 76120
7468 76130
7469 76142
7470 76154
7471 76172
7472 76183
7473 76186
7474 76187
7475 76229
7476 76232
7477 76250
7478 76265
7479 76276
7480 76277
7481 76283
7482 76288
7483 76309
7484 76321
7485 76322
7486 76355
7487 76366
7488 76396
7489 76400
7490 76411
7491 76418
7492 76423
7493 76441
7494 76445
7495 76463
7496 76489
7497 76496
7498 76507
7499 76519
7500 76522
7501 76531
7502 76532
7503 76547
7504 76564
7505 76565
7506 76568
7507 76586
7508 76613
7509 76625
7510 76631
7511 76633
7512 76654
7513 76676
7514 76681
7515 76699
7516 76702
7517 76714
7518 76732
7519 76745
7520 76759
7521 76781
7522 76789
7523 76799
7524 76810
7525 76811
7526 76823
7527 76850
7528 76856
7529 76861
7530 76868
7531 76879
7532 76900
7533 76904
7534 76915
7535 76936
7536 76939
7537 76951
7538 76972
7539 76984
7540 76990
7541 76994
7542 77020
7543 77023
7544 77039
7545 77042
7546 77054
7547 77060
7548 77072
7549 77098
7550 77104
7551 77117
7552 77119
7553 77161
7554 77162
7555 77176
7556 77194
7557 77195
7558 77216
7559 77218
7560 77233
7561 77263
7562 77266
7563 77267
7564 77278
7565 77284
7566 77288
7567 77296
7568 77300
7569 77311
7570 77317
7571 77342
7572 77345
7573 77368
7574 77374
7575 77375
7576 77390
7577 77401
7578 77408
7579 77411
7580 77443
7581 77447
7582 77453
7583 77476
7584 77497
7585 77509
7586 77513
7587 77519
7588 77524
7589 77536
7590 77537
7591 77543
7592 77555
7593 77569
7594 77576
7595 77581
7596 77588
7597 77591
7598 77602
7599 77603
7600 77620
7601 77621
7602 77633
7603 77644
7604 77645
7605 77666
7606 77678
7607 77693
7608 77710
7609 77722
7610 77726
7611 77734
7612 77737
7613 77738
7614 77749
7615 77750
7616 77756
7617 77771
7618 77779
7619 77789
7620 77804
7621 77815
7622 77824
7623 77834
7624 77839
7625 77873
7626 77884
7627 77894
7628 77902
7629 77927
7630 77939
7631 77962
7632 77963
7633 77980
7634 78007
7635 78014
7636 78017
7637 78029
7638 78040
7639 78050
7640 78061
7641 78077
7642 78088
7643 78110
7644 78118
7645 78140
7646 78163
7647 78167
7648 78185
7649 78188
7650 78196
7651 78199
7652 78211
7653 78217
7654 78221
7655 78223
7656 78256
7657 78257
7658 78263
7659 78290
7660 78308
7661 78311
7662 78320
7663 78331
7664 78332
7665 78343
7666 78364
7667 78376
7668 78398
7669 78421
7670 78455
7671 78466
7672 78470
7673 78499
7674 78514
7675 78521
7676 78532
7677 78533
7678 78538
7679 78545
7680 78566
7681 78571
7682 78581
7683 78599
7684 78604
7685 78611
7686 78614
7687 78625
7688 78635
7689 78649
7690 78671
7691 78682
7692 78683
7693 78722
7694 78734
7695 78736
7696 78739
7697 78746
7698 78769
7699 78812
7700 78817
7701 78823
7702 78824
7703 78829
7704 78835
7705 78841
7706 78851
7707 78874
7708 78884
7709 78892
7710 78914
7711 78925
7712 78926
7713 78928
7714 78929
7715 78953
7716 78964
7717 78970
7718 79015
7719 79019
7720 79030
7721 79051
7722 79066
7723 79067
7724 79088
7725 79118
7726 79123
7727 79130
7728 79156
7729 79168
7730 79174
7731 79175
7732 79178
7733 79190
7734 79207
7735 79219
7736 79220
7737 79222
7738 79253
7739 79258
7740 79264
7741 79291
7742 79301
7743 79312
7744 79313
7745 79321
7746 79337
7747 79348
7748 79358
7749 79366
7750 79381
7751 79388
7752 79399
7753 79414
7754 79424
7755 79432
7756 79433
7757 79436
7758 79448
7759 79456
7760 79459
7761 79477
7762 79510
7763 79525
7764 79556
7765 79568
7766 79583
7767 79589
7768 79594
7769 79616
7770 79624
7771 79627
7772 79639
7773 79640
7774 79646
7775 79657
7776 79658
7777 79661
7778 79691
7779 79706
7780 79723
7781 79724
7782 79727
7783 79735
7784 79739
7785 79792
7786 79807
7787 79814
7788 79826
7789 79837
7790 79841
7791 79849
7792 79852
7793 79864
7794 79870
7795 79874
7796 79882
7797 79892
7798 79904
7799 79907
7800 79927
7801 79930
7802 79931
7803 79939
7804 79975
7805 79976
7806 80005
7807 80008
7808 80020
7809 80027
7810 80032
7811 80038
7812 80042
7813 80059
7814 80065
7815 80087
7816 80099
7817 80122
7818 80123
7819 80155
7820 80167
7821 80170
7822 80171
7823 80189
7824 80192
7825 80200
7826 80210
7827 80224
7828 80228
7829 80234
7830 80245
7831 80249
7832 80261
7833 80267
7834 80282
7835 80293
7836 80305
7837 80312
7838 80329
7839 80336
7840 80351
7841 80357
7842 80369
7843 80383
7844 80395
7845 80413
7846 80426
7847 80452
7848 80470
7849 80474
7850 80491
7851 80495
7852 80513
7853 80518
7854 80530
7855 80549
7856 80560
7857 80582
7858 80593
7859 80620
7860 80627
7861 80630
7862 80638
7863 80650
7864 80654
7865 80671
7866 80683
7867 80693
7868 80698
7869 80704
7870 80705
7871 80708
7872 80716
7873 80717
7874 80732
7875 80762
7876 80773
7877 80777
7878 80783
7879 80806
7880 80809
7881 80810
7882 80821
7883 80822
7884 80834
7885 80845
7886 80851
7887 80855
7888 80878
7889 80888
7890 80929
7891 80930
7892 80935
7893 80942
7894 80945
7895 80956
7896 80957
7897 80978
7898 80989
7899 81011
7900 81023
7901 81026
7902 81034
7903 81037
7904 81038
7905 81044
7906 81055
7907 81059
7908 81067
7909 81071
7910 81088
7911 81100
7912 81103
7913 81112
7914 81122
7915 81139
7916 81145
7917 81179
7918 81182
7919 81193
7920 81200
7921 81217
7922 81223
7923 81227
7924 81239
7925 81250
7926 81262
7927 81301
7928 81305
7929 81316
7930 81326
7931 81328
7932 81347
7933 81362
7934 81373
7935 81374
7936 81385
7937 81391
7938 81395
7939 81415
7940 81431
7941 81437
7942 81464
7943 81482
7944 81485
7945 81532
7946 81539
7947 81550
7948 81553
7949 81571
7950 81572
7951 81575
7952 81586
7953 81587
7954 81598
7955 81628
7956 81644
7957 81655
7958 81662
7959 81673
7960 81677
7961 81694
7962 81695
7963 81706
7964 81718
7965 81721
7966 81722
7967 81730
7968 81752
7969 81763
7970 81778
7971 81784
7972 81799
7973 81800
7974 81833
7975 81842
7976 81868
7977 81875
7978 81878
7979 81901
7980 81911
7981 81920
7982 81934
7983 81947
7984 81953
7985 81958
7986 81965
7987 81968
7988 81979
7989 81997
7990 81998
7991 82001
7992 82016
7993 82024
7994 82027
7995 82028
7996 82034
7997 82045
7998 82057
7999 82061
8000 82067
8001 82090
8002 82093
8003 82151
8004 82157
8005 82162
8006 82172
8007 82183
8008 82190
8009 82205
8010 82216
8011 82217
8012 82226
8013 82237
8014 82240
8015 82241
8016 82247
8017 82258
8018 82259
8019 82280
8020 82292
8021 82307
8022 82315
8023 82327
8024 82364
8025 82370
8026 82375
8027 82381
8028 82396
8029 82415
8030 82418
8031 82438
8032 82483
8033 82486
8034 82493
8035 82498
8036 82508
8037 82516
8038 82519
8039 82529
8040 82531
8041 82550
8042 82555
8043 82577
8044 82583
8045 82588
8046 82594
8047 82595
8048 82616
8049 82618
8050 82633
8051 82634
8052 82645
8053 82655
8054 82673
8055 82685
8056 82733
8057 82741
8058 82745
8059 82753
8060 82757
8061 82786
8062 82789
8063 82790
8064 82807
8065 82819
8066 82822
8067 82831
8068 82834
8069 82835
8070 82865
8071 82876
8072 82912
8073 82919
8074 82924
8075 82925
8076 82936
8077 82970
8078 82991
8079 83009
8080 83017
8081 83029
8082 83032
8083 83039
8084 83069
8085 83083
8086 83084
8087 83090
8088 83102
8089 83114
8090 83116
8091 83117
8092 83137
8093 83159
8094 83203
8095 83219
8096 83227
8097 83237
8098 83242
8099 83248
8100 83249
8101 83252
8102 83263
8103 83282
8104 83293
8105 83296
8106 83297
8107 83327
8108 83330
8109 83360
8110 83365
8111 83383
8112 83408
8113 83417
8114 83420
8115 83429
8116 83431
8117 83440
8118 83443
8119 83450
8120 83462
8121 83465
8122 83477
8123 83488
8124 83494
8125 83506
8126 83528
8127 83563
8128 83584
8129 83585
8130 83588
8131 83611
8132 83617
8133 83629
8134 83635
8135 83641
8136 83642
8137 83663
8138 83668
8139 83678
8140 83689
8141 83720
8142 83723
8143 83743
8144 83747
8145 83765
8146 83786
8147 83801
8148 83809
8149 83819
8150 83836
8151 83858
8152 83869
8153 83888
8154 83902
8155 83903
8156 83920
8157 83926
8158 83933
8159 83944
8160 83959
8161 83971
8162 84004
8163 84014
8164 84022
8165 84025
8166 84037
8167 84070
8168 84073
8169 84080
8170 84085
8171 84092
8172 84118
8173 84137
8174 84148
8175 84149
8176 84160
8177 84163
8178 84185
8179 84203
8180 84208
8181 84214
8182 84227
8183 84230
8184 84238
8185 84242
8186 84254
8187 84265
8188 84272
8189 84286
8190 84329
8191 84331
8192 84332
8193 84340
8194 84344
8195 84373
8196 84377
8197 84406
8198 84416
8199 84418
8200 84421
8201 84430
8202 84440
8203 84451
8204 84463
8205 84466
8206 84478
8207 84485
8208 84488
8209 84496
8210 84506
8211 84523
8212 84533
8213 84535
8214 84541
8215 84545
8216 84556
8217 84574
8218 84590
8219 84623
8220 84653
8221 84658
8222 84679
8223 84680
8224 84691
8225 84701
8226 84719
8227 84721
8228 84731
8229 84736
8230 84748
8231 84754
8232 84766
8233 84776
8234 84787
8235 84821
8236 84824
8237 84833
8238 84838
8239 84856
8240 84889
8241 84893
8242 84899
8243 84904
8244 84938
8245 84950
8246 84979
8247 84989
8248 85001
8249 85012
8250 85016
8251 85022
8252 85031
8253 85037
8254 85049
8255 85060
8256 85075
8257 85081
8258 85103
8259 85114
8260 85115
8261 85118
8262 85120
8263 85132
8264 85138
8265 85153
8266 85172
8267 85187
8268 85217
8269 85219
8270 85231
8271 85232
8272 85243
8273 85255
8274 85262
8275 85265
8276 85273
8277 85288
8278 85322
8279 85328
8280 85333
8281 85351
8282 85355
8283 85384
8284 85388
8285 85400
8286 85406
8287 85430
8288 85453
8289 85457
8290 85468
8291 85474
8292 85475
8293 85478
8294 85501
8295 85519
8296 85535
8297 85543
8298 85546
8299 85553
8300 85580
8301 85597
8302 85609
8303 85621
8304 85631
8305 85633
8306 85643
8307 85648
8308 85655
8309 85669
8310 85670
8311 85687
8312 85699
8313 85703
8314 85720
8315 85726
8316 85733
8317 85745
8318 85759
8319 85777
8320 85810
8321 85825
8322 85846
8323 85850
8324 85856
8325 85861
8326 85868
8327 85871
8328 85879
8329 85882
8330 85927
8331 85928
8332 85940
8333 85957
8334 85961
8335 86023
8336 86027
8337 86039
8338 86050
8339 86054
8340 86098
8341 86105
8342 86108
8343 86128
8344 86132
8345 86140
8346 86150
8347 86162
8348 86165
8349 86183
8350 86194
8351 86209
8352 86210
8353 86218
8354 86228
8355 86234
8356 86266
8357 86267
8358 86278
8359 86285
8360 86288
8361 86300
8362 86317
8363 86318
8364 86321
8365 86329
8366 86330
8367 86345
8368 86363
8369 86374
8370 86378
8371 86386
8372 86396
8373 86401
8374 86407
8375 86423
8376 86434
8377 86435
8378 86446
8379 86464
8380 86479
8381 86486
8382 86498
8383 86509
8384 86519
8385 86521
8386 86537
8387 86554
8388 86558
8389 86570
8390 86587
8391 86602
8392 86614
8393 86621
8394 86636
8395 86656
8396 86660
8397 86711
8398 86725
8399 86726
8400 86734
8401 86750
8402 86761
8403 86771
8404 86782
8405 86800
8406 86801
8407 86815
8408 86839
8409 86869
8410 86872
8411 86879
8412 86890
8413 86891
8414 86906
8415 86951
8416 86959
8417 86963
8418 86974
8419 86980
8420 86996
8421 87007
8422 87013
8423 87028
8424 87032
8425 87061
8426 87062
8427 87077
8428 87094
8429 87109
8430 87122
8431 87130
8432 87140
8433 87145
8434 87155
8435 87173
8436 87178
8437 87206
8438 87211
8439 87218
8440 87230
8441 87241
8442 87245
8443 87274
8444 87278
8445 87286
8446 87307
8447 87308
8448 87322
8449 87334
8450 87335
8451 87343
8452 87346
8453 87365
8454 87391
8455 87412
8456 87425
8457 87433
8458 87443
8459 87455
8460 87458
8461 87469
8462 87502
8463 87509
8464 87520
8465 87533
8466 87538
8467 87545
8468 87548
8469 87566
8470 87571
8471 87578
8472 87581
8473 87589
8474 87593
8475 87614
8476 87622
8477 87626
8478 87638
8479 87649
8480 87656
8481 87661
8482 87667
8483 87671
8484 87683
8485 87700
8486 87715
8487 87716
8488 87722
8489 87724
8490 87734
8491 87746
8492 87751
8493 87772
8494 87773
8495 87779
8496 87802
8497 87827
8498 87829
8499 87835
8500 87836
8501 87862
8502 87884
8503 87907
8504 87913
8505 87914
8506 87925
8507 87937
8508 87949
8509 87959
8510 87974
8511 87992
8512 87997
8513 88007
8514 88015
8515 88018
8516 88022
8517 88025
8518 88030
8519 88045
8520 88063
8521 88100
8522 88111
8523 88121
8524 88142
8525 88157
8526 88201
8527 88208
8528 88231
8529 88246
8530 88264
8531 88265
8532 88286
8533 88291
8534 88321
8535 88324
8536 88343
8537 88355
8538 88366
8539 88370
8540 88414
8541 88432
8542 88433
8543 88448
8544 88456
8545 88492
8546 88499
8547 88504
8548 88525
8549 88537
8550 88538
8551 88549
8552 88579
8553 88622
8554 88627
8555 88636
8556 88640
8557 88672
8558 88679
8559 88690
8560 88691
8561 88694
8562 88702
8563 88712
8564 88747
8565 88763
8566 88769
8567 88781
8568 88802
8569 88826
8570 88828
8571 88829
8572 88837
8573 88838
8574 88840
8575 88841
8576 88849
8577 88853
8578 88874
8579 88885
8580 88892
8581 88904
8582 88907
8583 88918
8584 88931
8585 88937
8586 88954
8587 88972
8588 88982
8589 89009
8590 89023
8591 89030
8592 89035
8593 89038
8594 89041
8595 89042
8596 89063
8597 89074
8598 89086
8599 89096
8600 89101
8601 89111
8602 89119
8603 89120
8604 89132
8605 89135
8606 89146
8607 89147
8608 89165
8609 89179
8610 89224
8611 89225
8612 89236
8613 89237
8614 89254
8615 89255
8616 89266
8617 89287
8618 89302
8619 89303
8620 89324
8621 89326
8622 89345
8623 89360
8624 89392
8625 89399
8626 89410
8627 89422
8628 89425
8629 89437
8630 89438
8631 89446
8632 89456
8633 89471
8634 89483
8635 89494
8636 89512
8637 89522
8638 89524
8639 89539
8640 89546
8641 89551
8642 89558
8643 89561
8644 89590
8645 89594
8646 89602
8647 89623
8648 89629
8649 89635
8650 89636
8651 89639
8652 89659
8653 89662
8654 89684
8655 89692
8656 89696
8657 89702
8658 89707
8659 89713
8660 89729
8661 89785
8662 89797
8663 89804
8664 89818
8665 89819
8666 89837
8667 89843
8668 89849
8669 89854
8670 89864
8671 89876
8672 89887
8673 89905
8674 89926
8675 89938
8676 89942
8677 89944
8678 89951
8679 89954
8680 89977
8681 89998
8682 89999
8683 90011
8684 90017
8685 90020
8686 90022
8687 90023
8688 90032
8689 90034
8690 90037
8691 90038
8692 90044
8693 90070
8694 90082
8695 90088
8696 90089
8697 90092
8698 90115
8699 90124
8700 90134
8701 90146
8702 90172
8703 90182
8704 90193
8705 90211
8706 90212
8707 90217
8708 90223
8709 90227
8710 90236
8711 90247
8712 90262
8713 90269
8714 90283
8715 90290
8716 90301
8717 90317
8718 90329
8719 90373
8720 90385
8721 90391
8722 90395
8723 90407
8724 90415
8725 90419
8726 90425
8727 90427
8728 90460
8729 90464
8730 90496
8731 90497
8732 90503
8733 90527
8734 90530
8735 90542
8736 90550
8737 90553
8738 90554
8739 90572
8740 90608
8741 90631
8742 90640
8743 90644
8744 90650
8745 90661
8746 90673
8747 90688
8748 90706
8749 90710
8750 90722
8751 90728
8752 90734
8753 90751
8754 90778
8755 90818
8756 90821
8757 90823
8758 90841
8759 90845
8760 90856
8761 90863
8762 90875
8763 90889
8764 90919
8765 90920
8766 90931
8767 90932
8768 90943
8769 90953
8770 90976
8771 90997
8772 91009
8773 91024
8774 91028
8775 91031
8776 91039
8777 91049
8778 91100
8779 91105
8780 91123
8781 91127
8782 91135
8783 91147
8784 91151
8785 91157
8786 91162
8787 91168
8788 91172
8789 91183
8790 91184
8791 91205
8792 91216
8793 91228
8794 91252
8795 91259
8796 91262
8797 91273
8798 91274
8799 91306
8800 91313
8801 91319
8802 91325
8803 91331
8804 91348
8805 91393
8806 91396
8807 91397
8808 91403
8809 91415
8810 91418
8811 91426
8812 91427
8813 91442
8814 91453
8815 91475
8816 91483
8817 91486
8818 91487
8819 91519
8820 91531
8821 91532
8822 91555
8823 91561
8824 91594
8825 91598
8826 91606
8827 91609
8828 91616
8829 91640
8830 91651
8831 91667
8832 91699
8833 91717
8834 91723
8835 91730
8836 91756
8837 91778
8838 91786
8839 91796
8840 91807
8841 91820
8842 91831
8843 91832
8844 91835
8845 91846
8846 91864
8847 91865
8848 91898
8849 91901
8850 91937
8851 91943
8852 91969
8853 91970
8854 91976
8855 91987
8856 91988
8857 91999
8858 92003
8859 92017
8860 92029
8861 92032
8862 92050
8863 92057
8864 92068
8865 92102
8866 92105
8867 92125
8868 92126
8869 92141
8870 92162
8871 92173
8872 92195
8873 92203
8874 92207
8875 92218
8876 92219
8877 92237
8878 92242
8879 92249
8880 92252
8881 92260
8882 92263
8883 92270
8884 92297
8885 92326
8886 92327
8887 92339
8888 92353
8889 92372
8890 92375
8891 92383
8892 92386
8893 92398
8894 92404
8895 92405
8896 92408
8897 92416
8898 92417
8899 92431
8900 92432
8901 92444
8902 92450
8903 92483
8904 92488
8905 92495
8906 92510
8907 92521
8908 92522
8909 92530
8910 92573
8911 92585
8912 92596
8913 92600
8914 92606
8915 92621
8916 92645
8917 92653
8918 92663
8919 92668
8920 92675
8921 92686
8922 92696
8923 92701
8924 92707
8925 92711
8926 92722
8927 92732
8928 92734
8929 92743
8930 92746
8931 92765
8932 92779
8933 92786
8934 92798
8935 92813
8936 92819
8937 92821
8938 92824
8939 92837
8940 92843
8941 92854
8942 92881
8943 92887
8944 92888
8945 92891
8946 92899
8947 92924
8948 92936
8949 92944
8950 92956
8951 92966
8952 92977
8953 92989
8954 92993
8955 93014
8956 93022
8957 93025
8958 93070
8959 93073
8960 93085
8961 93103
8962 93106
8963 93118
8964 93119
8965 93125
8966 93130
8967 93148
8968 93152
8969 93164
8970 93170
8971 93197
8972 93208
8973 93215
8974 93230
8975 93254
8976 93260
8977 93265
8978 93271
8979 93275
8980 93283
8981 93286
8982 93304
8983 93308
8984 93316
8985 93329
8986 93343
8987 93344
8988 93355
8989 93362
8990 93394
8991 93406
8992 93409
8993 93430
8994 93445
8995 93452
8996 93488
8997 93506
8998 93511
8999 93517
9000 93518
9001 93521
9002 93523
9003 93529
9004 93545
9005 93557
9006 93578
9007 93586
9008 93589
9009 93590
9010 93607
9011 93620
9012 93632
9013 93658
9014 93665
9015 93712
9016 93721
9017 93725
9018 93748
9019 93770
9020 93787
9021 93791
9022 93821
9023 93833
9024 93838
9025 93856
9026 93877
9027 93899
9028 93922
9029 93923
9030 93925
9031 93926
9032 93934
9033 93938
9034 93949
9035 93967
9036 93968
9037 93983
9038 94000
9039 94001
9040 94015
9041 94016
9042 94027
9043 94031
9044 94034
9045 94052
9046 94075
9047 94082
9048 94085
9049 94108
9050 94127
9051 94130
9052 94132
9053 94138
9054 94139
9055 94171
9056 94175
9057 94198
9058 94217
9059 94229
9060 94244
9061 94255
9062 94276
9063 94283
9064 94298
9065 94316
9066 94330
9067 94334
9068 94340
9069 94351
9070 94352
9071 94366
9072 94373
9073 94378
9074 94411
9075 94429
9076 94433
9077 94441
9078 94453
9079 94456
9080 94463
9081 94468
9082 94475
9083 94489
9084 94508
9085 94511
9086 94535
9087 94553
9088 94558
9089 94564
9090 94568
9091 94576
9092 94586
9093 94591
9094 94601
9095 94612
9096 94625
9097 94631
9098 94636
9099 94643
9100 94676
9101 94681
9102 94721
9103 94724
9104 94738
9105 94748
9106 94756
9107 94778
9108 94799
9109 94810
9110 94811
9111 94825
9112 94826
9113 94834
9114 94849
9115 94850
9116 94867
9117 94868
9118 94879
9119 94883
9120 94904
9121 94927
9122 94928
9123 94936
9124 94961
9125 94979
9126 94984
9127 94990
9128 95020
9129 95027
9130 95032
9131 95038
9132 95039
9133 95050
9134 95086
9135 95093
9136 95108
9137 95116
9138 95117
9139 95119
9140 95120
9141 95128
9142 95129
9143 95150
9144 95165
9145 95176
9146 95206
9147 95216
9148 95221
9149 95222
9150 95233
9151 95245
9152 95251
9153 95255
9154 95267
9155 95284
9156 95285
9157 95296
9158 95299
9159 95311
9160 95318
9161 95330
9162 95342
9163 95353
9164 95368
9165 95401
9166 95411
9167 95420
9168 95422
9169 95435
9170 95447
9171 95458
9172 95464
9173 95468
9174 95486
9175 95497
9176 95498
9177 95512
9178 95513
9179 95533
9180 95554
9181 95555
9182 95570
9183 95581
9184 95587
9185 95603
9186 95609
9187 95626
9188 95632
9189 95644
9190 95645
9191 95659
9192 95660
9193 95677
9194 95723
9195 95735
9196 95738
9197 95746
9198 95749
9199 95756
9200 95768
9201 95779
9202 95804
9203 95815
9204 95822
9205 95824
9206 95827
9207 95828
9208 95839
9209 95851
9210 95891
9211 95905
9212 95906
9213 95912
9214 95923
9215 95936
9216 95948
9217 95951
9218 95963
9219 95981
9220 95992
9221 95996
9222 96002
9223 96017
9224 96025
9225 96029
9226 96032
9227 96040
9228 96065
9229 96076
9230 96088
9231 96110
9232 96128
9233 96163
9234 96178
9235 96185
9236 96196
9237 96206
9238 96211
9239 96230
9240 96233
9241 96241
9242 96245
9243 96256
9244 96289
9245 96290
9246 96301
9247 96307
9248 96322
9249 96323
9250 96346
9251 96353
9252 96358
9253 96365
9254 96379
9255 96409
9256 96421
9257 96448
9258 96454
9259 96469
9260 96476
9261 96487
9262 96488
9263 96503
9264 96514
9265 96521
9266 96524
9267 96532
9268 96545
9269 96556
9270 96581
9271 96589
9272 96610
9273 96622
9274 96623
9275 96626
9276 96671
9277 96689
9278 96700
9279 96701
9280 96728
9281 96734
9282 96757
9283 96769
9284 96773
9285 96784
9286 96791
9287 96794
9288 96806
9289 96817
9290 96824
9291 96835
9292 96839
9293 96847
9294 96851
9295 96859
9296 96880
9297 96881
9298 96892
9299 96928
9300 96937
9301 96938
9302 96959
9303 96985
9304 96997
9305 97007
9306 97018
9307 97019
9308 97022
9309 97030
9310 97037
9311 97040
9312 97067
9313 97099
9314 97106
9315 97123
9316 97142
9317 97153
9318 97174
9319 97186
9320 97190
9321 97196
9322 97201
9323 97208
9324 97219
9325 97235
9326 97253
9327 97264
9328 97291
9329 97312
9330 97321
9331 97325
9332 97355
9333 97399
9334 97402
9335 97403
9336 97409
9337 97414
9338 97421
9339 97432
9340 97448
9341 97460
9342 97466
9343 97481
9344 97492
9345 97493
9346 97523
9347 97534
9348 97537
9349 97549
9350 97579
9351 97582
9352 97583
9353 97589
9354 97600
9355 97612
9356 97615
9357 97616
9358 97636
9359 97639
9360 97640
9361 97679
9362 97684
9363 97705
9364 97724
9365 97736
9366 97763
9367 97802
9368 97814
9369 97825
9370 97829
9371 97841
9372 97864
9373 97870
9374 97874
9375 97882
9376 97886
9377 97892
9378 97897
9379 97903
9380 97918
9381 97919
9382 97954
9383 97960
9384 97961
9385 97975
9386 97993
9387 98005
9388 98008
9389 98027
9390 98030
9391 98035
9392 98042
9393 98063
9394 98075
9395 98086
9396 98107
9397 98120
9398 98146
9399 98158
9400 98168
9401 98213
9402 98233
9403 98236
9404 98243
9405 98255
9406 98276
9407 98288
9408 98303
9409 98332
9410 98336
9411 98344
9412 98345
9413 98348
9414 98356
9415 98378
9416 98404
9417 98411
9418 98422
9419 98426
9420 98434
9421 98435
9422 98450
9423 98461
9424 98471
9425 98482
9426 98494
9427 98501
9428 98504
9429 98516
9430 98522
9431 98536
9432 98551
9433 98561
9434 98572
9435 98590
9436 98594
9437 98605
9438 98635
9439 98647
9440 98659
9441 98669
9442 98674
9443 98695
9444 98707
9445 98729
9446 98737
9447 98741
9448 98749
9449 98759
9450 98764
9451 98771
9452 98807
9453 98819
9454 98827
9455 98839
9456 98843
9457 98872
9458 98887
9459 98905
9460 98908
9461 98909
9462 98927
9463 98930
9464 98938
9465 98939
9466 98942
9467 98944
9468 98962
9469 98966
9470 98977
9471 98984
9472 98987
9473 98998
9474 99016
9475 99031
9476 99035
9477 99043
9478 99046
9479 99064
9480 99079
9481 99112
9482 99113
9483 99124
9484 99125
9485 99137
9486 99148
9487 99154
9488 99158
9489 99166
9490 99170
9491 99181
9492 99202
9493 99209
9494 99220
9495 99248
9496 99259
9497 99266
9498 99277
9499 99289
9500 99293
9501 99311
9502 99326
9503 99346
9504 99379
9505 99383
9506 99400
9507 99401
9508 99412
9509 99422
9510 99424
9511 99434
9512 99440
9513 99457
9514 99473
9515 99506
9516 99524
9517 99535
9518 99551
9519 99559
9520 99563
9521 99580
9522 99595
9523 99596
9524 99602
9525 99613
9526 99614
9527 99637
9528 99638
9529 99652
9530 99674
9531 99692
9532 99704
9533 99719
9534 99730
9535 99739
9536 99742
9537 99743
9538 99749
9539 99754
9540 99764
9541 99793
9542 99805
9543 99827
9544 99830
9545 99844
9546 99851
9547 99854
9548 99865
9549 99866
9550 99877
9551 99899
9552 99905
9553 99916
9554 99917
9555 99929
9556 99941
9557 99955
9558 99967
9559 99995
9560 100006
9561 100007
9562 100028
9563 100030
9564 100033
9565 100051
9566 100063
9567 100070
9568 100085
9569 100108
9570 100120
9571 100142
9572 100159
9573 100163
9574 100186
9575 100196
9576 100207
9577 100208
9578 100217
9579 100220
9580 100250
9581 100282
9582 100283
9583 100298
9584 100304
9585 100316
9586 100321
9587 100343
9588 100354
9589 100372
9590 100373
9591 100376
9592 100399
9593 100405
9594 100409
9595 100411
9596 100418
9597 100430
9598 100463
9599 100478
9600 100489
9601 100499
9602 100508
9603 100510
9604 100519
9605 100531
9606 100534
9607 100535
9608 100553
9609 100564
9610 100568
9611 100579
9612 100607
9613 100624
9614 100625
9615 100631
9616 100669
9617 100690
9618 100691
9619 100712
9620 100714
9621 100724
9622 100747
9623 100754
9624 100766
9625 100792
9626 100810
9627 100811
9628 100822
9629 100825
9630 100837
9631 100849
9632 100867
9633 100870
9634 100924
9635 100927
9636 100945
9637 100946
9638 100957
9639 100960
9640 100979
9641 101000
9642 101012
9643 101020
9644 101026
9645 101027
9646 101038
9647 101059
9648 101074
9649 101092
9650 101108
9651 101116
9652 101117
9653 101120
9654 101128
9655 101132
9656 101149
9657 101165
9658 101171
9659 101176
9660 101186
9661 101197
9662 101210
9663 101216
9664 101218
9665 101222
9666 101228
9667 101284
9668 101287
9669 101294
9670 101299
9671 101306
9672 101309
9673 101333
9674 101344
9675 101351
9676 101363
9677 101377
9678 101378
9679 101396
9680 101399
9681 101419
9682 101422
9683 101435
9684 101446
9685 101468
9686 101486
9687 101497
9688 101500
9689 101509
9690 101512
9691 101513
9692 101524
9693 101542
9694 101543
9695 101546
9696 101554
9697 101575
9698 101590
9699 101597
9700 101614
9701 101621
9702 101624
9703 101644
9704 101654
9705 101669
9706 101680
9707 101698
9708 101711
9709 101713
9710 101737
9711 101738
9712 101755
9713 101756
9714 101767
9715 101771
9716 101788
9717 101815
9718 101822
9719 101824
9720 101849
9721 101857
9722 101861
9723 101882
9724 101893
9725 101894
9726 101905
9727 101911
9728 101935
9729 101936
9730 101951
9731 101962
9732 101980
9733 101983
9734 102002
9735 102005
9736 102013
9737 102020
9738 102028
9739 102031
9740 102032
9741 102038
9742 102053
9743 102071
9744 102076
9745 102082
9746 102094
9747 102098
9748 102106
9749 102110
9750 102118
9751 102128
9752 102155
9753 102166
9754 102172
9755 102194
9756 102205
9757 102211
9758 102217
9759 102221
9760 102230
9761 102244
9762 102245
9763 102251
9764 102262
9765 102266
9766 102278
9767 102308
9768 102310
9769 102322
9770 102331
9771 102346
9772 102353
9773 102379
9774 102386
9775 102419
9776 102421
9777 102425
9778 102446
9779 102454
9780 102464
9781 102475
9782 102497
9783 102514
9784 102520
9785 102524
9786 102536
9787 102547
9788 102559
9789 102565
9790 102566
9791 102580
9792 102581
9793 102610
9794 102613
9795 102622
9796 102623
9797 102659
9798 102667
9799 102670
9800 102689
9801 102692
9802 102700
9803 102704
9804 102712
9805 102778
9806 102782
9807 102794
9808 102815
9809 102823
9810 102824
9811 102851
9812 102857
9813 102884
9814 102890
9815 102901
9816 102902
9817 102925
9818 102929
9819 102947
9820 102952
9821 102973
9822 102992
9823 103006
9824 103018
9825 103054
9826 103066
9827 103084
9828 103088
9829 103099
9830 103105
9831 103106
9832 103109
9833 103121
9834 103133
9835 103151
9836 103184
9837 103196
9838 103199
9839 103231
9840 103241
9841 103253
9842 103307
9843 103312
9844 103321
9845 103336
9846 103346
9847 103369
9848 103376
9849 103408
9850 103409
9851 103412
9852 103424
9853 103426
9854 103432
9855 103436
9856 103465
9857 103477
9858 103487
9859 103502
9860 103522
9861 103549
9862 103570
9863 103571
9864 103577
9865 103589
9866 103592
9867 103600
9868 103603
9869 103610
9870 103627
9871 103639
9872 103660
9873 103667
9874 103679
9875 103694
9876 103700
9877 103712
9878 103717
9879 103727
9880 103739
9881 103795
9882 103813
9883 103814
9884 103825
9885 103829
9886 103858
9887 103859
9888 103862
9889 103892
9890 103918
9891 103919
9892 103930
9893 103942
9894 103970
9895 103985
9896 103993
9897 103997
9898 104003
9899 104008
9900 104011
9901 104014
9902 104018
9903 104023
9904 104026
9905 104029
9906 104044
9907 104063
9908 104066
9909 104078
9910 104107
9911 104111
9912 104120
9913 104123
9914 104134
9915 104135
9916 104164
9917 104168
9918 104174
9919 104189
9920 104200
9921 104201
9922 104221
9923 104242
9924 104246
9925 104257
9926 104258
9927 104297
9928 104309
9929 104320
9930 104321
9931 104326
9932 104336
9933 104344
9934 104366
9935 104392
9936 104398
9937 104402
9938 104413
9939 104425
9940 104434
9941 104482
9942 104488
9943 104492
9944 104504
9945 104510
9946 104527
9947 104546
9948 104557
9949 104560
9950 104567
9951 104572
9952 104578
9953 104605
9954 104615
9955 104623
9956 104639
9957 104662
9958 104668
9959 104684
9960 104701
9961 104702
9962 104705
9963 104714
9964 104716
9965 104725
9966 104726
9967 104737
9968 104740
9969 104752
9970 104762
9971 104780
9972 104785
9973 104795
9974 104807
9975 104815
9976 104818
9977 104819
9978 104848
9979 104849
9980 104870
9981 104875
9982 104897
9983 104908
9984 104914
9985 104927
9986 104939
9987 104953
9988 104972
9989 104975
9990 104987
9991 104993
9992 105016
9993 105031
9994 105034
9995 105035
9996 105041
9997 105053
9998 105085
9999 105119
10000 105121
