277
1559
5779
7489
11279
15091
22093
37811
43579
46279
48541
49957
53479
54751
60589
68473
72883
74821
83621
85621
90793
91921
93901
97501
107981
110899
111799
120193
153379
157739
170299
180731
184441
187141
196501
196901
198859
228929
229351
229739
230779
241489
247531
248701
253741
259657
268747
278557
284701
296201
304489
342821
347141
349837
350963
364601
371971
375511
378929
383611
384719
391331
397973
400291
405199
418739
424451
428231
430841
444811
491251
497257
506531
509521
516541
529657
531793
546241
560089
560179
572909
575557
576637
580711
581921
597559
599681
605531
608611
613651
621289
626701
637657
639637
646831
649801
658319
660901
665131
687331
691837
701479
703949
717511
724573
733351
738811
760511
769057
772921
784447
789671
819431
821939
823241
823573
831631
835831
842141
844093
857309
883357
917737
925921
926111
943273
943837
950639
958459
960131
967501
967819
968971
974431
977971
996301
1029341
1033489
1047961
1056541
1068719
1070851
1079821
1081741
1082971
1099621
1105579
1111169
1123931
1135831
1162943
1167539
1170641
1178609
1183739
1200889
1202779
1241893
1249273
1258837
1262441
1275719
1279601
1291931
1350731
1355831
1357619
1367519
1373473
1385801
1390573
1407251
1423901
1427431
1438211
1444441
1454941
1465231
1469231
1478909
1480601
1515961
1527041
1528831
1563041
1570931
1571729
1584929
1585447
1609501
1614961
1629211
1640621
1667749
1670831
1681619
1681837
1707331
1719239
1729759
1736131
1736993
1746929
1748963
1749119
1749221
1768411
1768709
1772531
1781609
1783801
1789481
1805729
1806193
1812341
1812541
1841857
1842151
1844111
1851809
1867729
1875337
1877009
1885501
1886021
1889011
1917631
1917859
1925311
1925993
1927537
1946011
1960093
1976047
1976609
1980031
1982011
1988219
2013679
2026721
2027821
2029331
2032931
2042981
2044901
2049973
2054939
2056421
2059709
2070883
2085311
2088419
2128241
2131399
2135641
2168801
2183501
2186519
2222741
2232959
2245951
2290829
2347837
2352583
2357939
2367329
2399993
2413451
2429519
2446747
2450551
2464831
2486611
2494357
2519911
2529521
2540641
2560351
2566139
2580401
2589101
2589619
2594909
2596057
2597591
2607041
2635121
2647111
2648257
2652373
2664901
2673431
2675839
2744519
2750431
2756521
2759137
2765891
2775221
2791531
2799371
2802901
2813819
2817239
2819521
2822819
2826073
2848031
2849771
2860657
2889209
2890919
2903639
2906131
2909749
2932837
2951021
2968409
2973511
2992109
2994877
3047251
3057931
3082441
3093131
3095621
3098749
3099209
3128611
3134773
3144961
3166231
3194111
3205949
3207901
3209293
3248731
3258301
3266519
3276457
3278321
3280441
3324929
3336629
3351611
3390041
3422179
3439801
3450079
3481721
3493319
3508619
3530939
3532483
3539659
3567881
3575437
3576119
3584101
3587359
3592801
3597983
3607411
3622919
3636329
3655447
3657119
3658729
3676781
3701179
3712393
3724031
3758933
3790993
3805231
3807431
3809947
3810701
3817111
3853621
3861211
3885983
3892619
3896329
3932647
3946231
3962521
4001779
4006741
4040921
4063931
4064141
4088839
4089559
4090511
4161631
4177357
4187437
4210579
4231741
4231783
4237747
4238519
4241641
4244341
4255501
4329631
4337401
4342829
4357447
4386973
4389439
4391339
4415941
4416193
4418221
4430711
4443311
4470911
4475257
4476247
4477691
4488943
4492409
4498001
4507051
4521611
4536929
4542719
4543901
4545859
4550383
4595953
4606709
4629511
4632809
4651301
4651709
4660709
4663201
4666549
4667609
4681973
4685539
4699109
4724173
4822121
4831949
4837411
4864709
4880839
4881029
4884031
4885249
4892609
4895419
4916347
4918411
4972501
4979287
5016611
5021299
5026711
5031991
5067859
5073373
5076509
5079829
5092921
5121911
5128657
5140189
5159611
5189047
5195891
5217809
5233951
5238929
5240441
5243501
5269639
5278237
5303911
5306729
5312621
5316041
5320279
5325809
5356111
5356201
5361331
5362501
5373211
5373701
5398409
5400953
5403583
5419801
5422393
5444801
5451241
5458121
5459681
5484337
5493991
5506619
5533141
5566619
5571431
5580073
5586037
5587391
5590759
5595349
5599981
5604629
5604931
5608139
5615131
5626001
5628719
5661121
5690501
5693971
5699119
5726521
5730311
5731619
5739101
5762321
5766581
5771257
5786329
5809549
5817829
5820539
5832329
5864449
5880209
5883961
5944871
5946671
5951749
5960701
5966419
5976281
5999633
6025351
6046211
6051611
6052351
6054539
6068431
6136619
6139319
6142441
6152921
6169871
6175973
6184229
6210991
6222341
6222451
6257129
6260231
6261601
6261719
6263339
6302683
6334747
6335519
6396581
6397571
6408811
6418229
6424811
6430241
6444637
6472139
6478481
6479471
6490711
6514031
6525811
6542621
6583729
6606101
6606811
6619927
6621331
6624547
6634357
6634531
6649249
6693419
6695419
6705031
6734011
6748409
6756439
6763709
6776963
6800639
6815749
6816401
6825331
6861401
6873697
6876139
6911731
6918349
6932819
6933337
6948397
6962009
6995029
7010651
7016341
7024393
7031441
7036709
7039919
7058431
7060441
7060483
7063709
7070341
7081831
7098121
7107511
7112711
7114621
7124521
7132241
7141601
7143401
7145557
7145609
7158973
7168943
7175219
7194881
7197349
7201631
7209457
7232383
7234831
7240531
7243837
7249897
7251757
7255021
7267121
7295719
7296101
7313611
7319909
7333211
7336421
7342501
7345711
7366897
7376311
7385519
7393459
7394111
7407611
7421831
7444621
7447057
7452811
7462919
7469309
7482649
7507849
7527029
7535701
7543001
7562309
7566619
7567409
7569119
7583111
7612831
7615319
7647037
7648001
7654729
7664519
7682771
7686139
7708237
7734791
7763519
7770247
7800959
7804229
7811311
7812457
7812901
7814819
7823411
7842337
7851601
7877081
7891867
7912511
7932209
7961449
7971787
7979453
8038409
8042521
8042611
8049829
8055101
8095211
8115959
8124421
8136859
8152901
8199371
8233501
8239019
8267009
8270429
8300683
8300911
8319221
8346791
8362331
8394943
8395867
8396291
8413051
8420521
8447771
8451929
8470801
8497219
8503141
8506801
8507039
8519887
8567219
8574439
8632357
8645047
8655011
8665933
8678029
8681401
8691923
8707031
8712701
8732839
8733247
8751401
8752619
8767387
8785963
8822129
8832881
8840309
8865973
8870401
8906629
8941057
8941781
8957467
8995267
9002621
9008221
9036073
9057337
9060809
9069877
9096697
9114283
9152111
9160439
9165719
9165791
9166301
9252329
9271421
9274019
9277867
9305557
9334537
9343001
9346619
9349481
9364963
9372421
9423509
9436459
9453559
9458587
9516809
9534829
9544109
9557291
9573671
9576397
9581771
9610747
9616619
9640919
9657209
9669019
9682111
9701737
9725609
9751549
9751981
9817519
9836381
9847219
9851047
9861697
9876019
9880001
9940709
9951301
10022599
10049947
10056701
10059629
10076819
10077401
10088339
10138441
10139383
10151299
10180831
10190731
10227929
10276031
10309829
10317583
10378531
10444801
10470673
10476701
10483141
10504451
10506451
10528657
10551721
10588729
10605901
10608601
10634321
10634411
10659157
10669459
10688609
10697887
10705421
10721351
10768981
10772737
10786019
10795501
10796719
10806539
10811089
10827631
10833931
10842151
10847437
10851719
10875881
10890329
10896877
10918849
10920493
10927759
10941809
10956601
10960031
10962701
10966019
11072179
11074573
11080943
11109079
11110093
11162911
11170981
11199337
11215279
11243593
11246909
11261821
11287531
11295121
11299619
11347747
11350541
11357083
11377601
11444051
11445221
11466431
11471639
11474821
11477891
11489021
11550901
11551919
11571629
11595421
11637211
11646121
11679037
11692621
11695459
11714639
11730079
11735429
11763457
11766421
11767709
11785019
11785211
11832757
11835721
11852531
11881357
11913731
11914901
11933731
11939009
11994211
12058051
12060551
12083293
12092141
12137611
12154931
12163951
12173501
12213793
12229709
12259201
12292529
12327041
12337211
12339419
12346183
12355657
12377219
12382093
12391321
12406393
12407383
12407921
12411953
12474509
12488797
12496871
12497311
12528073
12528211
12625051
12642041
12668449
12697933
12708457
12731909
12762859
12771431
12773521
12828719
12842821
12860531
12875221
12889109
12911819
12912331
12939671
12940183
12947131
12990119
12995149
12995291
12997297
13037051
13072739
13079659
13105921
13120489
13125251
13137757
13166801
13187039
13228619
13262611
13264051
13274609
13279109
13281629
13282921
13318051
13321279
13338547
13340911
13425757
13454131
13460383
13480121
13485809
13503493
13538839
13550909
13557119
13572509
13604639
13606811
13607519
13617239
13643731
13664219
13665559
13666729
13668037
13671929
13711739
13712383
13719331
13727611
13753139
13790839
13799171
13804631
13832737
13849597
13853309
13868587
13878757
13899187
13902241
13934891
13988081
14000599
14021389
14040911
14063729
14088247
14119031
14142839
14196157
14207701
14254831
14257973
14265509
14278031
14284759
14298121
14315909
14334373
14357501
14373901
14378201
14406193
14453609
14486221
14496439
14550331
14572331
14588963
14617201
14629501
14637559
14647109
14655331
14657887
14715419
14735437
14750041
14753309
14762347
14774933
14788297
14801051
14822111
14839339
14849101
14854897
14907511
14912021
14924501
14950993
14951011
14995109
14997833
15009629
15022279
15023551
15028747
15062501
15078719
15079501
15091619
15195311
15223951
15236621
15238759
15242639
15246901
15248521
15265849
15276719
15288439
15288697
15302641
15319021
15319319
15331573
15335939
15357809
15371311
15444547
15509437
15518891
15523657
15527521
15551083
15586687
15597973
15604619
15630401
15675787
15681119
15682897
15691211
15704609
15704737
15704939
15725909
15734659
15765923
15816029
15818591
15826501
15908609
15915973
15924247
15933881
15938677
15940531
15944311
15952109
15954529
15964687
15974767
16013441
16023451
16027439
16027831
16039319
16092547
16121179
16132331
16157129
16175129
16191457
16192531
16195819
16198159
16215373
16253401
16288021
16308547
16340729
16345447
16381111
16384729
16418749
16424557
16426759
16456549
16459021
16470011
16478101
16480537
16482209
16513709
16519109
16555619
16556009
16578371
16581337
16607231
16631939
16650121
16668209
16679977
16701193
16702529
16710539
16719491
16728671
16753057
16770511
16781971
16802021
16809439
16925719
16925933
16929139
16938319
16956139
16965913
17001199
17004431
17015701
17047409
17074111
17076809
17083531
17107747
17129891
17146711
17163239
17167639
17186539
17209537
17223539
17255701
17267137
17272531
17287201
17293057
17320421
17326447
17358101
17375009
17378059
17379997
17406611
17413141
17423173
17431619
17436739
17442101
17445331
17499367
17505611
17526791
17538419
17567471
17569943
17572729
17583581
17590231
17591797
17657239
17666309
17669467
17670649
17694913
17720173
17762021
17769833
17791481
17795119
17809777
17841991
17891983
17892001
17919371
17954767
17957803
17960359
17964229
17982281
17987941
18085411
18099209
18129119
18135521
18152131
18159671
18178429
18195101
18253759
18260821
18308749
18315811
18357877
18358111
18360431
18372209
18378487
18386677
18402719
18416891
18439571
18458149
18471421
18564529
18580897
18581359
18587081
18607019
18608131
18633337
18647059
18664993
18684191
18693209
18734047
18751639
18752359
18765319
18776287
18791419
18794081
18799343
18811021
18831809
18841819
18931963
18960301
18969403
18974029
19017637
19028129
19055411
19066109
19077101
19143329
19178149
19179119
19250201
19271891
19327109
19400819
19407337
19407881
19457219
19473697
19494001
19496753
19538963
19584667
19616449
19618481
19622521
19650739
19672993
19708571
19739843
19746229
19750963
19781497
19814539
19831211
19853381
19883029
19892557
19907149
19924159
19932037
19952381
19970011
19996343
20025883
20049937
20059093
20073541
20091431
20145673
20151959
20165473
20200093
20206721
20237411
20262961
20272919
20274511
20279411
20290421
20299231
20307251
20335801
20341099
20367637
20445241
20467973
20476531
20497237
20511641
20515483
20526931
20528993
20563121
20565509
20598581
20638201
20665111
20669009
20701741
20719537
20741729
20743747
20766331
20774437
20785147
20787419
20790701
20797159
20799139
20822941
20825621
20849009
20866639
20928157
20931221
20939609
20943721
20963659
20970073
20971919
20980409
20991001
20991401
21038321
21057131
21059021
21070831
21105641
21249637
21267011
21289031
21362941
21388897
21389887
21423251
21429547
21452831
21467129
21505151
21521939
21536737
21577639
21591211
21604601
21622801
21645419
21649031
21680609
21699397
21725519
21761731
21771329
21806041
21822809
21829501
21852121
21854501
21856619
21872309
21873739
21906509
21925229
21936791
21956009
21958933
21962701
21987487
21989119
21996757
22017811
22037231
22051811
22060873
22061911
22063931
22087621
22101679
22148111
22177711
22260079
22303873
22317629
22369019
22379887
22390031
22396237
22418821
22426211
22437419
22478629
22480631
22487221
22498001
22514473
22539221
22543529
22591021
22604431
22618357
22646891
22663919
22671521
22675781
22692511
22720393
22738897
22779319
22838449
22845829
22847933
22909121
22914431
22915229
22927943
22935559
22989613
22995913
23003389
23007631
23011841
23018231
23050873
23067329
23072729
23079559
23095711
23108383
23165201
23186321
23187029
23214839
23232673
23263529
23268221
23277719
23282111
23298787
23308529
23321939
23337631
23351411
23407921
23433629
23438309
23440421
23441909
23487983
23494781
23495047
23520961
23562509
23605273
23622959
23636819
23658671
23681701
23702431
23714531
23722949
23789287
23809729
23828797
23834611
23840911
23908501
23912173
23963993
24040651
24055231
24067447
24074111
24122621
24136529
24137083
24147457
24161231
24163121
24165811
24168719
24177809
24181321
24190093
24200389
24228811
24237431
24246329
24275819
24318031
24346139
24405041
24473347
24485047
24499109
24547121
24555247
24598657
24605131
24607409
24619871
24670511
24677101
24677923
24691109
24693923
24724993
24726511
24737971
24753401
24754871
24773887
24838159
24847021
24890519
24897097
24906247
24911401
24928249
24942739
24944009
24945301
24965767
24986029
25000841
25012943
25017193
25045837
25079609
25086401
25137859
25234439
25279021
25280911
25309939
25323959
25351093
25354421
25385449
25401583
25406911
25434547
25442821
25455119
25460731
25477391
25495159
25573819
25595963
25633319
25634039
25647529
25661257
25661611
25663619
25686281
25707953
25717781
25719877
25727021
25755439
25774409
25815649
25819597
25839139
25861321
25906109
25950401
25953787
25961137
25973767
25979453
25980419
25984657
26071709
26077619
26089249
26098409
26110783
26122331
26138257
26139331
26181611
26207173
26233619
26236801
26284549
26297059
26303909
26307859
26308621
26337247
26356709
26383549
26434801
26460509
26463719
26471611
26475961
26479129
26490809
26497109
26503837
26508809
26536781
26550859
26598277
26610809
26647391
26673419
26682419
26717771
26763787
26792497
26824981
26827687
26848109
26858081
26883973
26896997
26906953
26931511
26932019
26935339
26954677
26984081
27005729
27009211
27021431
27067981
27086519
27123821
27128909
27130739
27148897
27164309
27174209
27176797
27196111
27197101
27208849
27213911
27224339
27226229
27230909
27245891
27356047
27376159
27408559
27412439
27419401
27422711
27474787
27480119
27507829
27524501
27565319
27570973
27583481
27587803
27592339
27609349
27614347
27648119
27656983
27664159
27703229
27723881
27732401
27764923
27774577
27805819
27808973
27817429
27835481
27849923
27914449
27918973
28013819
28025821
28026721
28060051
28074719
28100531
28162331
28175933
28176439
28195339
28206329
28226257
28268983
28296973
28310251
28313939
28318321
28369813
28374491
28408031
28435819
28470809
28490009
28509419
28514039
28518509
28531511
28566229
28586377
28623421
28642619
28643609
28650421
28680349
28711021
28713331
28742591
28752671
28767703
28778891
28784803
28795087
28795553
28809953
28815491
28853497
28861249
28869881
28876553
28882657
28925101
28929367
28957177
29001839
29008201
29044973
29062801
29091221
29113631
29208973
29210611
29218411
29233531
29246401
29247671
29253649
29272459
29286371
29295229
29303041
29321401
29326897
29350229
29354021
29392159
29401301
29405219
29431229
29433739
29437201
29452237
29473319
29475577
29480953
29518777
29555011
29556973
29561771
29605057
29621659
29633797
29646229
29657171
29664913
29672309
29685743
29703559
29713147
29723311
29734993
29735011
29736191
29749957
29752571
29754191
29755963
29825309
29826119
29841509
29899313
29998571
30012589
30023299
30083941
30125971
30130973
30171839
30174511
30193949
30215531
30222911
30291601
30324961
30327421
30328211
30331901
30347201
30397897
30406351
30425383
30427031
30445211
30507221
30601693
30607831
30623501
30624131
30632293
30653911
30671021
30672073
30723911
30754001
30755891
30796973
30801961
30804283
30868993
30869011
30915431
30942721
31017521
31023199
31062079
31073431
31076939
31079947
31100689
31127819
31155821
31169521
31173931
31195621
31226383
31229041
31252829
31259659
31262383
31306393
31313531
31326539
31357849
31369411
31433729
31445201
31447021
31506283
31508621
31541611
31544131
31565257
31583819
31594691
31596671
31632539
31636849
31637659
31673101
31676719
31694771
31741709
31744919
31747301
31806547
31809919
31823621
31825531
31830041
31831273
31847449
31853963
31876409
31878229
31881337
31919609
31920809
31923301
31928009
31936943
31956943
31980209
31984319
32030981
32078909
32079337
32105441
32106541
32135611
32146837
32178649
32247547
32268421
32286809
32297519
32306941
32336021
32338993
32339011
32340079
32367421
32371321
32375839
32381939
32406041
32412811
32458031
32489101
32530151
32530573
32540857
32555219
32570939
32593019
32604421
32643547
32661521
32662621
32663431
32671801
32677159
32698657
32704901
32747591
32782121
32816411
32833621
32840111
32896387
32898071
32911231
32917109
32938319
32960659
32970209
33031631
33039859
33048073
33081539
33085993
33106331
33112811
33125857
33126959
33147239
33148229
33149749
33151711
33206141
33224909
33255121
33279419
33285157
33292993
33293011
33303929
33330961
33360931
33377401
33408611
33426329
33431521
33446891
33448729
33474247
33488471
33489139
33539591
33665311
33679853
33682639
33707431
33711373
33712093
33728137
33747491
33749101
33761521
33765619
33768139
33771421
33772147
33839219
33841447
33861337
33868297
33870401
33879277
33880897
33933131
33934231
33936211
33939209
33960881
33971401
33982001
34009301
34033829
34063411
34081273
34089101
34092637
34112773
34158953
34193659
34207709
34208557
34225837
34252901
34254457
34256437
34257973
34290211
34295971
34297001
34314911
34328011
34342411
34347337
34350847
34357709
34359037
34365649
34394993
34405439
34412639
34461929
34467439
34469497
34479953
34483121
34528121
34534711
34554029
34578319
34586011
34594249
34631731
34670257
34671157
34724983
34725001
34727629
34728961
34770601
34787009
34803121
34856149
34892677
34910221
34919419
34947667
34950337
34952201
34953983
34954001
34980259
35000741
35019121
35100911
35134301
35191111
35197993
35198011
35228129
35244721
35256601
35260949
35261021
35287001
35320739
35516659
35518871
35571209
35614801
35636137
35645221
35672771
35685119
35691787
35707019
35717449
35721031
35737021
35737319
35745923
35760719
35778097
35796613
35800747
35804347
35822257
35857219
35872201
35885119
35912659
35974903
35975171
35976277
35991913
36024629
36076109
36079391
36084221
36085943
36088777
36128129
36131857
36145139
36153547
36178409
36243419
36278149
36330311
36331709
36372421
36407257
36462421
36481897
36483301
36507209
36507511
36509131
36516001
36533839
36544549
36554933
36583159
36640111
36684757
36727111
36728983
36734591
36748297
36793657
36843101
36882973
36915787
36917471
36932887
36945119
36946477
37009537
37022521
37032959
37035721
37044929
37058519
37071431
37084109
37126993
37147321
37186159
37186571
37193539
37233101
37262411
37262749
37276159
37276249
37338121
37365037
37385239
37388119
37397081
37413811
37415309
37433909
37438519
37454401
37457059
37487803
37507781
37515337
37559009
37616993
37634221
37672021
37677071
37692191
37773973
37797623
37811309
37811819
37825481
37892377
37902157
37921691
37987253
38003411
38040601
38043721
38057993
38060041
38078767
38089853
38096329
38112401
38113709
38114711
38131183
38226739
38253829
38285587
38295371
38308819
38326121
38327221
38381047
38402131
38417539
38421637
38442739
38450501
38450611
38457487
38467903
38490259
38547281
38550331
38573149
38585081
38615047
38617993
38618011
38620409
38698523
38706037
38793277
38810839
38821709
38877739
38996539
39032621
39034409
39044347
39047887
39078757
39080309
39087487
39088039
39089467
39122201
39172411
39177209
39217781
39255037
39261791
39285229
39293983
39340421
39363509
39481993
39500801
39595357
39606011
39647081
39649823
39653857
39675613
39677503
39723877
39765457
39780973
39804509
39812449
39835219
39835813
39872197
39873833
39883087
39901819
39903509
39911681
39921529
39932219
39960119
40039529
40078421
40092911
40098809
40099781
40119809
40143079
40152961
40166821
40255273
40281421
40283311
40309183
40326283
40331971
40357021
40360829
40365547
40427731
40459459
40477781
40480619
40492421
40498319
40525949
40534231
40569877
40576729
40579481
40606619
40640521
40755601
40777993
40797139
40801919
40806811
40817011
40820921
40832821
40836119
40841173
40845157
40862839
40867319
40902539
40933001
40935247
40955609
40967767
40968667
40995281
41014741
41057021
41065721
41070901
41092301
41120831
41139101
41161511
41171729
41184547
41194919
41217629
41228339
41229431
41258011
41275621
41314951
41318621
41363911
41371619
41387539
41394719
41405293
41408111
41415911
41452529
41464001
41494549
41505847
41544457
41549681
41565973
41620331
41644357
41645983
41651647
41657131
41667259
41668481
41672611
41675131
41685983
41721601
41739101
41764871
41777419
41808881
41834431
41838697
41853247
41863729
41873681
41920183
41924321
41932201
41955923
41961247
41962691
41976191
42016441
42033631
42091529
42094021
42098131
42099349
42108511
42115351
42116051
42125729
42125921
42145619
42206321
42208121
42227429
42249247
42351041
42376031
42381811
42382759
42397519
42403951
42405731
42407531
42408419
42457501
42467111
42473983
42474001
42485719
42507239
42508357
42517511
42519559
42526711
42582649
42596291
42681559
42696001
42700241
42765031
42779377
42785419
42792671
42805759
42867229
42938059
42938963
42941963
42943871
42962131
42965149
43003901
43027709
43030901
43068247
43086331
43094963
43108411
43152311
43202801
43219711
43247891
43286311
43287581
43339819
43371073
43374119
43456619
43475449
43495519
43502831
43506811
43556971
43564057
43564501
43600441
43622939
43628933
43643129
43652501
43681501
43690781
43691359
43709539
43709797
43734991
43739329
43749319
43772797
43788071
43815559
43838329
43839119
43864571
43948657
44006293
44042611
44051521
44070331
44076719
44093219
44128229
44164409
44185709
44189059
44215183
44263357
44283209
44329057
44339797
44392109
44406521
44427601
44441557
44457011
44464109
44495149
44544991
44590709
44593001
44600051
44605447
44608237
44614447
44616953
44618311
44637101
44645681
44680549
44716619
44733719
44761411
44831231
44874913
44875297
44889157
44904331
44917021
44932231
44935409
44979313
45017311
45017993
45028447
45032431
45036637
45076819
45085321
45094019
45099281
45104639
45112829
45126611
45147719
45148963
45166301
45178481
45193019
45214657
45250721
45279049
45283709
45313321
45320251
45348031
45366943
45375419
45406331
45424601
45451447
45506347
45618011
45629291
45671449
45701801
45723247
45740983
45741001
45766129
45774049
45775903
45855487
45858187
45896941
45903401
45913019
45936139
45996403
45998333
46012601
46023283
46068943
46072759
46093147
46099477
46101493
46149419
46167439
46184311
46206031
46216139
46317119
46320719
46351531
46376963
46385011
46386191
46386397
46422811
46460521
46465571
46485371
46574923
46580539
46639039
46679723
46681249
46690409
46714781
46725619
46739377
46771391
46779067
46800631
46804943
46807249
46814137
46879639
46938277
46989233
46991171
47099713
47115547
47132731
47146819
47148349
47186149
47204737
47220629
47221619
47231519
47239391
47246359
47253881
47260621
47304637
47308109
47311709
47329319
47339381
47358973
47370559
47400511
47403073
47471953
47472787
47508697
47564677
47571037
47573381
47660449
47670509
47708329
47719853
47730719
47750009
47753767
47754757
47767997
47779057
47803109
47828029
47863129
47868533
47871209
47871319
47882171
47937457
47969333
47996629
48014557
48065021
48070531
48132631
48153331
48154619
48230519
48280871
48281221
48283973
48300719
48304759
48340531
48361639
48383677
48385387
48399829
48421201
48421621
48482309
48491419
48508111
48518219
48522739
48526201
48539753
48556271
48581329
48650933
48680011
48713933
48746557
48769613
48772109
48775997
48801601
48815983
48824059
48827029
48831037
48831529
48852371
48888143
48979223
48987413
49042139
49049101
49067149
49083121
49085963
49175963
49180981
49228391
49234819
49256983
49309319
49313701
49340611
49366813
49404209
49447109
49511411
49603781
49695713
49772377
49832767
49845097
49846997
49872367
49900549
49958591
49977947
49987661
50033351
50046757
50080621
50097511
50114621
50134151
50156731
50162909
50195437
50236031
50238521
50244241
50254811
50324341
50443837
50444531
50459221
50489239
50519039
50520251
50523959
50552609
50616073
50637649
50640511
50661301
50686973
50704631
50705401
50722411
50734357
50741429
50783771
50784301
50784619
50787577
50792629
50809019
50819047
50820283
50832031
50879557
50884391
50887181
50903201
50942231
50949487
50975329
51028811
51076759
51090311
51093509
51103541
51108131
51143857
51164041
51194749
51208529
51229531
51238139
51245801
51254821
51292447
51333847
51344939
51360539
51370273
51377401
51409409
51417983
51480983
51485519
51494449
51508537
51531511
51548401
51555131
51563411
51603719
51641111
51659677
51666011
51701411
51710473
51718691
51723901
51737201
51739409
51740737
51765031
51776149
51793481
51800321
51809137
51836221
51872591
51895477
51904759
51922021
51945787
51957281
51983923
52005251
52057139
52057601
52136221
52146239
52157891
52217519
52295449
52304729
52309409
52336919
52362929
52442557
52447237
52452637
52466681
52511293
52527511
52564321
52584439
52609897
52624139
52670749
52710041
52710221
52714357
52720529
52722419
52724219
52764419
52781797
52798267
52869367
52892923
52953787
52968613
52978267
52996357
53029357
53038229
53053657
53056511
53056849
53066347
53086109
53088509
53101921
53128993
53219039
53247157
53247209
53248549
53249681
53268581
53283311
53290973
53316721
53321941
53330909
53343701
53349031
53362229
53380601
53392211
53414821
53415811
53430757
53437781
53445221
53467867
53471129
53496577
53535649
53615039
53634829
53642521
53702647
53724739
53736581
53770781
53791597
53808011
53831321
53850791
53903963
53917519
53978413
54009239
54029219
54038909
54040621
54042601
54146839
54156247
54183719
54233021
54284719
54285211
54309719
54351509
54356539
54362101
54393349
54396229
54423329
54456211
54462311
54482137
54516157
54605701
54606311
54607109
54608221
54613919
54624881
54626591
54652639
54653953
54691001
54712421
54723829
54724459
54724963
54739109
54772339
54801011
54816011
54819139
54833131
54837119
54864371
54880249
54921649
54922943
54930401
54930559
54933121
54950629
55030739
55048211
55093411
55093897
55096159
55124401
55164331
55184993
55202729
55242547
55265201
55275491
55297387
55308739
55367329
55367857
55368913
55372729
55377281
55381411
55384339
55410331
55414537
55417639
55450711
55503101
55505129
55519687
55538381
55544719
55545349
55546867
55561981
55618391
55678643
55709149
55734031
55735111
55738477
55750109
55788443
55802963
55808329
55845001
56021473
56042221
56058349
56062537
56082001
56103821
56118247
56152319
56153347
56157509
56157923
56158339
56209501
56226337
56233201
56237971
56238211
56321939
56345449
56373349
56405819
56423909
56475487
56492419
56496019
56552887
56553529
56621909
56647477
56721331
56725111
56751301
56760787
56802973
56850877
56869523
56930519
57008257
57088271
57122557
57126221
57128311
57133409
57191137
57195001
57226321
57270337
57308359
57308971
57326953
57376129
57423649
57500041
57510521
57537049
57553571
57554963
57561121
57617381
57691129
57699053
57705121
57714037
57731131
57750031
57791009
57863467
57881029
57912671
57998789
58005631
58006849
58025347
58042531
58048201
58061257
58082131
58096477
58121111
58166767
58201657
58235131
58272619
58294039
58308101
58358081
58405729
58413829
58422719
58432501
58466119
58482371
58568633
58594267
58612963
58613539
58614349
58636297
58680319
58686977
58716001
58721591
58806487
58817197
58871713
58932397
58939523
59001847
59026301
59029391
59036137
59058001
59120429
59214157
59228471
59242709
59260109
59264239
59275129
59325697
59484097
59488057
59500447
59513137
59547071
59756987
59831983
59832281
59852119
59856353
59953087
59962267
59977339
59985619
59986133
60045311
60094973
60214241
60239129
60248011
60267247
60293521
60326911
60329431
60337759
60347257
60359111
60391801
60398857
60424901
60454201
60475819
60495349
60499297
60530341
60540847
60567011
60572011
60590039
60597209
60600961
60603911
60632801
60669229
60710051
60711311
60722339
60730837
60731519
60732431
60741859
60766933
60770431
60774529
60804859
60816719
60820709
60821731
60824431
60825719
60854539
60855037
60856021
60886039
60900629
60913537
60936419
60970237
60988087
61053193
61077649
61134719
61232321
61237409
61262911
61283819
61301089
61313729
61315321
61317121
61395419
61404283
61437421
61483691
61515631
61523647
61526749
61617719
61624421
61673629
61674259
61716829
61725331
61732711
61763719
61780963
61787377
61848139
61850819
61864519
61890419
61908211
61912139
61922101
62029537
62033611
62036339
62037901
62082121
62086639
62107709
62174891
62224901
62232601
62274337
62311351
62336437
62355247
62357401
62388371
62410331
62428411
62432221
62439037
62444891
62501701
62513519
62561839
62591609
62603111
62612401
62637943
62647973
62653729
62705701
62717887
62768287
62773597
62790349
62812601
62818993
62834021
62872993
62873011
62898791
62941819
62977823
62984377
62987167
63010873
63029321
63059131
63074819
63076459
63108631
63117121
63140729
63151709
63192001
63216859
63236659
63282809
63283897
63331831
63366581
63377767
63380347
63412031
63422083
63468281
63471209
63473401
63507601
63535321
63583319
63646021
63665309
63665471
63724943
63748129
63820201
63879791
63926101
63935059
64014241
64016201
64038511
64070311
64093459
64150301
64207021
64239509
64240901
64257509
64295963
64324111
64345819
64407247
64411439
64443331
64468219
64519001
64627391
64688257
64691149
64711111
64720001
64762519
64784803
64868633
64903549
64905923
64935973
64951597
64980973
64988153
64996639
65015173
65024731
65026711
65052509
65055401
65088371
65099843
65107447
65127247
65140811
65155549
65181601
65216611
65217337
65222519
65230901
65243257
65266339
65280157
65305139
65311321
65317237
65326231
65376049
65383973
65407031
65407301
65483381
65606539
65629219
65634301
65643301
65672059
65677643
65706923
65740729
65745319
65756029
65815571
65834059
65854219
65862397
65870059
65873557
65890129
65897809
65984813
66002611
66019501
66020729
66034849
66039031
66042419
66054719
66057671
66062039
66076687
66113647
66127121
66178477
66181943
66210719
66218137
66292319
66310093
66310949
66405337
66406237
66407591
66408101
66412849
66418021
66550871
66585833
66595267
66635923
66658997
66721639
66724159
66760249
66763271
66770329
66805201
66812359
66840419
66898313
66935467
66962803
66975313
66983633
67036231
67037797
67050073
67050721
67061909
67075993
67110283
67115101
67130131
67156519
67165481
67186813
67224991
67225237
67245671
67307221
67354993
67450871
67452529
67480687
67504211
67512331
67520963
67524031
67551349
67576823
67587881
67599143
67614259
67645271
67695403
67801231
67810619
67822021
67844009
67852903
67970753
68000729
68046787
68054131
68090311
68103929
68124131
68147587
68150437
68164021
68210731
68215981
68216201
68290867
68365387
68380339
68392477
68420321
68441449
68451419
68452159
68456197
68483119
68524409
68535119
68550301
68665087
68788799
68817277
68821429
68829403
68842271
68861029
68870467
68974343
68975911
69009877
69016301
69060829
69085657
69099739
69148813
69155291
69172429
69185843
69200731
69203891
69212659
69230611
69241729
69276833
69372371
69375367
69383287
69385553
69394177
69427109
69519743
69558977
69572843
69596203
69651209
69657977
69658613
69670109
69671009
69777947
69801923
69808267
69812101
69890453
69901933
69945977
70005079
70035193
70072949
70086311
70108211
70117811
70137211
70137611
70164301
70220441
70229321
70247231
70270051
70322639
70341311
70372919
70388419
70415201
70450921
70466359
70504657
70534601
70536511
70562521
70587001
70596049
70597477
70597853
70620629
70622737
70637401
70641457
70670219
70677667
70682021
70686229
70709629
70728509
70730041
70742257
70753019
70772111
70824953
70852619
70863439
70905311
70917037
70920329
70923829
70946101
70956209
70985171
70990571
71007809
71049337
71055547
71086019
71109509
71131241
71139311
71143231
71148421
71152121
71186359
71197201
71202451
71237129
71248031
71289319
71324221
71383321
71415637
71450083
71504311
71505101
71512439
71528021
71557319
71567677
71610131
71630737
71634809
71713601
71736619
71747219
71839091
71841221
71855309
71886833
71902601
71921659
71926391
71931973
71933401
71950231
71978633
72034093
72067147
72090983
72119347
72158971
72176719
72185719
72226139
72233737
72235001
72245039
72299081
72313921
72360611
72367391
72414631
72427963
72431131
72447787
72473221
72479009
72502631
72535321
72567371
72572359
72575471
72580121
72587843
72614039
72701221
72714209
72732559
72758377
72806137
72916339
72918281
72924419
72971291
73037231
73054139
73071637
73093781
73104809
73143701
73154891
73203401
73243711
73256137
73266619
73285867
73288091
73337111
73351357
73412173
73478803
73510709
73517539
73552639
73563983
73572439
73578833
73580629
73583309
73659967
73773229
73810409
73815491
73843201
73851259
73853149
73873477
73925309
73927853
73928171
73957087
73987057
73988333
74008447
74014631
74032901
74106701
74210639
74231041
74249419
74317031
74338933
74347159
74367191
74374159
74443981
74479939
74512759
74551819
74601301
74638387
74641871
74707201
74752571
74757367
74766019
74767997
74780767
74843011
74881903
74904923
74963197
74965951
74996513
75029359
75035321
75067571
75091691
75136057
75136729
75148973
75163691
75191009
75230647
75325231
75355249
75463519
75490777
75506681
75555209
75598613
75634159
75692753
75789013
75800411
75811781
75816371
75834667
75889313
75918457
75950059
76017209
76023457
76041457
76070611
76126819
76169029
76207231
76226009
76244771
76255687
76260559
76263419
76288643
76325681
76355291
76437397
76560349
76644049
76650121
76849303
76873513
76910797
76924039
76976957
76982723
77009539
77012311
77019419
77027519
77028619
77045131
77049001
77070209
77077019
77116321
77144449
77195557
77263429
77268097
77294713
77315629
77323501
77396413
77428903
77444309
77541439
77596613
77641933
77683513
77758523
77762467
77819257
77839819
77851019
77851271
77876333
77947819
77952187
78042421
78042511
78050701
78057229
78100921
78151943
78211319
78211919
78231953
78260047
78289781
78305993
78313897
78315011
78328219
78347557
78353291
78404449
78410963
78451687
78461381
78535297
78664823
78665077
78668591
78670477
78673267
78676343
78684791
78694691
78706657
78728987
78852457
78852833
78863413
78934951
78939491
78951071
79022257
79045391
79049171
79050649
79061539
79083209
79113337
79137757
79147091
79262291
79281487
79320719
79323943
79364171
79430719
79461191
79462091
79539067
79602491
79634287
79672823
79676153
79690733
79730767
79731191
79758893
79764313
79782067
79789499
79793591
79808503
79897673
79900519
79973513
80016719
80038759
80072911
80073457
80074409
80098001
80104601
80132383
80162647
80181631
80200741
80216021
80236111
80247649
80277031
80281139
80314439
80350093
80372437
80379119
80455147
80457037
80461621
80467867
80494867
80502511
80524001
80630401
80637301
80643559
80668039
80699503
80734691
80743549
80750701
80751421
80807047
80840411
80845867
80852131
80879503
80896177
80906591
80933609
80956039
80964049
80973577
81017221
81039559
81071647
81101821
81108509
81128819
81129247
81206737
81265031
81286319
81325319
81341083
81424201
81425611
81454981
81498367
81508709
81519419
81524309
81536629
81571981
81572629
81582619
81604849
81633953
81641891
81677377
81704521
81711859
81729191
81809587
81861349
81872587
81934571
81951943
81964109
82015529
82054139
82056119
82056791
82068121
82090357
82130921
82140601
82223173
82230821
82267111
82288813
82336411
82383619
82397009
82397377
82401401
82433437
82469171
82471211
82530419
82533221
82548119
82584371
82590923
82618519
82641953
82655291
82724311
82724519
82820701
82840819
82848613
82880419
82909657
82913953
82953757
82971397
82987819
83016701
83020739
83056819
83104093
83109421
83115239
83123731
83143139
83149481
83170111
83233511
83270701
83310809
83370739
83381953
83413973
83449657
83451881
83585377
83601431
83618497
83646757
83751961
83762059
83765081
83845129
83850419
83871397
83974643
84000079
84009559
84060419
84062101
84065797
84134521
84150329
84222521
84256519
84284059
84303547
84304001
84310949
84317111
84322993
84323011
84353993
84364249
84369457
84380221
84422659
84426619
84454339
84473329
84528209
84539557
84552211
84605629
84626767
84669353
84699103
84703211
84742687
84742993
84744973
84770963
84815767
84816371
84860767
84901459
84931481
84933577
84970297
84999599
85002221
85006759
85014521
85017337
85055111
85071559
85076983
85142411
85144019
85159297
85217609
85239397
85243237
85295377
85387553
85396643
85405729
85412101
85413221
85451629
85464667
85474271
85483903
85592081
85605031
85613993
85641211
85703047
85732973
85847257
85867819
85873267
85876433
85968671
86010719
86022121
86050409
86050711
86081311
86108201
86115131
86124421
86150521
86177197
86212229
86212759
86245519
86268187
86335973
86369077
86370301
86378167
86386733
86447843
86479343
86509853
86511739
86515201
86517397
86557267
86590039
86622619
86636467
86710237
86767253
86802031
86810519
86824853
86849333
86862019
86866729
86945839
86968003
86973443
87015881
87016639
87074963
87091597
87116629
87244111
87271201
87317983
87404111
87454019
87456277
87464843
87470983
87580271
87762833
87801491
87816097
87838057
87844177
87925823
87938203
88033019
88050829
88054249
88065371
88071121
88080943
88100429
88124221
88151933
88169981
88180867
88223797
88294553
88310437
88322629
88414973
88441201
88469861
88483357
88489043
88563367
88601311
88604101
88675303
88725277
88729961
88734743
88749013
88818713
88830281
88837921
88846523
88862413
88887191
88925987
88959461
89043509
89051609
89107933
89136371
89221031
89235973
89274833
89320943
89321887
89344477
89347997
89397709
89407963
89427367
89434853
89506477
89556931
89559053
89577619
89592403
89635643
89719057
89763533
89789753
89815997
89844067
89889109
89892893
89950643
89964761
90017339
90032639
90038983
90046409
90083611
90139897
90147809
90151141
90192331
90212819
90221051
90287011
90299557
90364237
90369119
90441811
90471001
90478567
90490019
90494309
90506309
90542983
90550357
90571963
90604621
90636211
90650011
90653359
90666371
90686119
90707137
90749081
90821749
90822209
90853409
90863497
90871021
90917219
90980101
91029559
91068697
91076971
91106557
91128337
91170329
91197209
91201801
91227991
91288903
91299653
91314239
91338581
91378813
91385219
91390729
91424129
91455439
91461247
91521509
91560739
91577081
91588997
91591519
91598077
91608787
91644697
91695367
91702537
91703039
91769453
91771111
91801319
91840109
91865009
91901521
91911331
91927813
91940311
91941671
91945813
91991197
92033021
92034121
92037991
92048771
92085439
92115301
92124983
92125001
92137211
92139301
92184419
92197019
92207659
92226131
92271209
92284519
92346349
92370337
92408401
92455021
92475001
92501939
92540011
92655139
92666377
92682757
92701319
92708677
92741771
92782477
92832419
92886977
92918843
92932409
93056771
93085933
93118819
93147211
93152909
93162809
93164681
93184159
93209917
93301093
93302311
93326131
93347983
93348001
93359557
93370709
93379733
93402637
93409249
93415109
93432953
93446767
93497167
93524359
93544973
93568733
93655853
93695543
93698153
93810559
93876443
93884257
93947167
94012211
94021093
94031621
94046311
94053649
94059319
94079933
94105409
94151411
94158973
94164529
94273429
94292239
94306501
94315147
94344619
94364471
94437139
94460591
94555129
94560259
94582219
94622771
94624867
94627109
94657357
94680319
94710131
94722101
94762477
94788671
94831409
94843657
94920349
94926613
94929829
94933567
94972177
95004929
95038319
95067913
95072519
95078843
95108137
95138963
95195803
95217923
95239129
95249753
95265913
95326201
95329109
95333047
95340559
95372471
95460943
95492557
95547187
95613697
95623001
95624239
95675413
95685157
95710057
95724319
95741983
95753377
95756077
95784067
95839253
95878571
95882077
95931001
95979461
96028571
96062201
96109319
96124619
96144211
96151019
96151709
96162419
96170681
96173963
96178177
96228487
96262249
96303029
96340709
96380857
96508963
96559781
96599213
96604933
96623381
96690613
96769133
96818987
96860287
96862603
96873353
97044509
97062011
97062983
97072597
97117249
97141301
97178633
97181309
97209953
97213639
97238467
97253983
97310501
97334059
97370219
97377067
97387343
97410337
97440439
97470973
97516109
97602121
97709981
97712309
97754257
97776491
97779953
97867519
97874911
97882781
97883153
97900993
97955719
98006719
98030129
98049019
98113871
98139187
98143519
98190319
98210891
98240221
98260159
98296433
98326297
98456167
98486771
98548433
98601983
98610529
98640209
98709739
98723197
98781623
98803297
98827691
98841187
98869271
98885929
98891539
99036757
99059453
99072139
99086413
99141697
99181039
99260101
99311221
99357931
99482723
99522139
99576709
99577661
99608813
99673781
99676391
99749329
99766481
99779081
99790921
99866419
99868673
99874043
99910039
99912457
99975977
99987161
100000379
100005091
100029431
100035821
100090721
100168093
100192711
100209493
100209839
100264601
100369849
100381483
100385801
100405631
100417483
100433821
100488247
100492747
100558511
100560611
100646911
100691737
100697629
100752151
100768237
100775431
100778609
100823909
100854031
100885709
100903331
100917521
100999387
101007289
101080279
101089201
101089711
101095301
101108971
101119331
101221399
101238719
101299031
101335739
101383231
101384939
101402479
101468839
101514493
101547637
101557139
101572831
101577559
101589619
101652241
101676401
101706041
101714293
101743121
101747231
101751809
101766739
101850911
101878867
101891011
101904731
101906111
101924429
101948771
102008801
102010789
102044911
102072079
102079801
102086731
102119141
102154421
102171079
102175921
102211841
102219241
102237193
102249457
102303959
102318539
102320389
102358849
102363629
102383041
102408311
102409529
102445529
102483301
102557501
102652831
102665039
102713729
102726419
102749519
102749917
102790801
102832321
102834239
102847819
102866629
102878767
102915011
102917701
103060099
103062431
103084837
103089157
103093093
103169219
103176547
103200941
103245931
103278029
103284509
103297981
103309183
103336721
103374631
103416283
103416959
103431541
103442819
103482329
103529501
103531829
103559719
103569787
103605847
103631051
103663447
103666411
103674331
103677983
103703141
103719221
103722757
103734611
103774709
103872973
103873943
103944601
103973131
103977371
103986049
104033821
104070493
104075801
104124929
104133839
104163809
104181193
104206441
104208719
104212651
104239621
104247929
104255083
104269897
104272093
104278709
104315857
104353901
104366231
104366701
104370241
104387629
104445329
104481431
104521393
104525557
104571721
104595943
104665501
104690039
104735347
104792609
104847671
104853649
104863321
104883101
104900639
104910601
104922547
104983481
105019529
105072629
105095129
105106919
105109051
105120991
105147239
105186511
105224321
105231493
105274919
105298201
105354811
105377609
105417721
105465809
105482231
105505837
105528119
105608611
105667481
105683009
105687229
105728591
105729439
105737719
105751621
105778657
105790301
105794239
105797287
105846619
105871639
105914749
105951511
105990259
105994039
106008241
106068829
106140451
106157839
106170193
106190621
106212929
106223521
106229749
106241231
106244401
106345331
106368671
106450411
106465691
106507409
106520321
106649471
106742309
106744321
106764011
106774391
106812457
106853519
106877009
106890011
107002873
107005351
107054111
107090993
107122601
107131573
107152141
107158897
107181121
107183431
107231051
107239109
107268529
107314231
107334547
107368519
107368777
107399713
107421731
107426659
107435347
107465221
107492771
107516963
107585587
107589019
107656429
107680109
107692687
107707109
107736529
107737339
107774239
107807681
107855471
107903101
107912011
107916509
107972857
108043031
108046447
108066649
108091021
108091759
108102341
108136993
108137011
108174601
108178159
108192221
108200179
108215609
108225031
108233221
108238709
108246991
108249259
108253001
108258349
108285259
108316331
108318649
108402719
108436019
108439777
108441239
108458767
108482629
108530083
108544057
108554311
108570559
108581009
108587287
108695009
108732809
108760019
108781571
108786071
108807943
108851311
108876367
108953857
108965029
109012621
109044631
109064983
109076449
109087933
109094137
109109437
109116419
109124731
109145611
109162021
109168597
109174943
109189019
109193009
109208611
109229111
109243201
109250821
109277419
109367309
109367471
109502131
109505611
109526609
109544401
109573201
109623809
109640129
109659743
109686457
109717319
109737319
109741729
109767703
109790419
109819271
109828039
109833419
109842301
109876087
109889861
109891181
109905581
109913933
109961983
109962973
109970677
110137711
110145583
110173801
110246639
110251721
110268637
110333683
110434531
110476357
110523251
110549039
110550611
110573609
110600851
110613541
110625629
110640583
110685649
110715719
110717609
110753821
110759111
110784559
110812931
110823311
110840141
110904757
110905231
110909947
110918909
110995519
111033991
111081631
111099809
111142721
111155729
111181801
111263909
111281293
111298321
111325393
111359219
111371411
111394021
111416611
111457537
111561959
111566437
111694871
111695629
111701351
111725531
111733051
111745331
111778867
111901711
111902341
111906701
111938221
111951929
111953839
111979129
111996281
112049731
112066529
112087531
112092719
112137331
112144829
112211299
112237183
112250821
112294621
112336831
112359809
112370473
112389037
112395601
112416719
112425757
112444231
112449157
112509547
112518239
112539247
112545239
112551629
112642093
112674209
112682701
112684147
112725121
112737649
112772819
112804031
112830511
112867933
112881331
112882691
112884581
112925749
112928131
112962953
113013289
113055401
113055809
113090141
113105089
113105711
113147401
113218439
113254949
113256457
113275111
113292637
113302279
113328031
113331901
113348909
113374537
113391631
113395301
113448337
113456039
113470031
113480041
113494321
113500831
113557321
113597963
113598139
113630921
113665109
113675449
113791781
113816431
113866429
113887181
113893973
113907953
113973121
113986181
114004811
114021959
114067319
114075631
114085511
114107639
114159601
114201911
114220189
114222701
114242473
114259231
114266819
114317519
114346229
114358639
114362939
114381611
114431341
114458719
114565819
114570983
114583897
114601951
114609337
114615637
114637057
114638971
114682121
114688853
114722221
114742801
114750121
114750509
114751759
114791009
114800909
114820031
114862019
114863887
114908539
114961619
114963439
115026959
115078031
115100389
115119419
115148347
115152041
115176739
115195501
115217429
115232501
115237021
115248157
115260401
115266719
115277401
115284881
115312511
115333837
115440911
115444801
115454309
115514731
115525139
115526659
115580039
115603837
115620821
115641611
115682311
115709609
115756021
115762819
115787753
115818259
115827581
115854509
115883767
115913521
115917419
115951819
115953491
115972001
115972687
116022611
116033501
116045173
116055239
116068819
116075347
116097101
116121701
116137201
116143121
116146357
116148157
116157221
116183437
116229809
116240701
116263447
116325721
116332121
116345963
116410711
116413439
116428549
116443331
116447021
116453219
116464619
116519681
116547619
116550431
116589703
116633431
116643559
116700401
116707109
116721901
116741659
116746339
116750983
116809201
116839477
116844529
116863111
116885803
116903431
116929387
116932729
116940157
116965477
116971249
117024221
117032501
117059609
117091621
117112739
117167719
117170821
117173701
117183119
117190531
117220739
117262759
117274501
117312757
117333521
117337057
117391501
117438439
117467767
117500501
117549281
117550409
117644953
117664597
117673519
117673687
117680021
117764149
117816983
117817001
117829297
117864577
117872149
117878543
117915983
117992803
118014821
118074421
118128991
118147121
118147709
118150831
118152239
118181309
118197973
118208501
118217431
118229519
118262129
118293211
118408501
118443953
118460819
118461331
118564867
118588553
118796453
118800457
118801447
118814629
118841993
118871983
118872001
118972853
118996303
119043011
119095391
119130421
119160721
119192131
119210473
119255771
119279287
119288009
119327591
119337121
119343559
119407709
119431357
119441501
119467963
119499313
119522983
119530601
119530849
119555857
119629219
119663857
119672219
119678077
119709371
119710537
119743409
119757613
119842159
119856743
119874071
119881219
119889053
119913011
119914429
119929087
119933497
119970577
120041921
120056051
120108251
120115901
120135341
120195211
120224821
120270961
120309131
120374609
120388943
120401851
120439447
120465239
120470639
120476101
120483431
120499409
120518221
120519457
120547201
120548321
120570809
120576739
120616949
120624221
120646919
120655993
120679571
120698059
120703393
120720631
120734993
120745621
120780859
120804421
120836983
120837001
120896767
120909511
120910393
120940949
120941201
120947221
121080961
121147031
121192321
121196909
121198619
121237657
121285621
121390211
121409647
121460921
121492139
121505411
121577887
121631431
121634021
121688767
121703383
121704959
121713847
121739797
121746649
121750921
121751083
121757137
121774729
121788049
121806329
121840183
121883221
121891943
121923701
121950211
121959577
121973311
121981549
121997009
122051971
122077421
122098231
122106431
122130959
122220199
122251351
122316847
122337521
122341441
122370757
122392229
122473139
122474129
122505809
122519219
122526101
122618231
122621729
122653511
122672411
122689657
122742901
122788657
122798009
122800241
122802601
122814031
122830657
122842409
122890121
122985139
123039239
123058357
123067229
123074429
123094409
123108539
123123493
123124601
123139021
123145901
123185819
123186719
123207241
123211279
123227737
123238421
123252911
123268231
123347839
123355919
123385019
123444859
123470401
123529459
123544801
123547019
123549037
123554983
123604121
123650201
123683591
123697271
123770501
123789097
123791519
123813457
123822631
123873121
123881137
123931531
123940357
123944047
123946429
123969187
123979087
123986171
123992329
124049659
124127041
124176601
124182329
124193501
124239937
124254457
124263721
124330601
124332283
124358131
124380901
124423093
124444993
124503151
124525537
124535129
124559219
124583609
124592933
124607039
124615229
124623859
124643437
124654109
124663871
124703939
124747201
124774933
124795129
124850101
124941337
125062747
125093257
125116709
125122331
125158109
125171021
125177629
125181031
125200693
125235211
125235547
125258311
125258933
125272759
125276401
125293549
125325611
125328157
125336909
125380621
125409131
125456137
125463209
125476249
125506993
125526337
125530721
125537681
125603519
125714437
125740711
125749387
125831231
125866219
125871619
125905237
125925439
125934509
125952923
125971249
126050831
126057559
126110731
126117631
126168619
126169867
126170339
126173963
126177983
126186301
126191129
126205921
126262229
126312821
126319819
126330539
126392311
126466429
126491539
126554201
126554591
126560101
126577963
126580301
126587803
126629857
126651221
126690419
126739181
126766109
126780419
126801431
126861121
126878987
126911437
126912337
126938197
126953923
126976643
127005821
127027409
127043201
127064219
127065401
127080637
127093321
127146209
127159687
127162319
127183619
127221911
127278913
127312231
127320511
127347211
127361431
127369387
127387109
127434953
127442611
127450201
127456481
127461991
127481953
127513531
127515247
127535137
127566371
127567963
127680349
127687603
127732057
127802501
127877257
127878791
127950037
127975553
127985813
128004731
128009891
128039449
128044919
128045909
128053201
128092709
128093401
128094671
128137057
128155109
128158201
128162701
128166211
128183221
128202331
128204311
128207039
128235209
128277757
128302721
128336359
128360839
128361209
128369713
128384677
128406791
128424649
128448119
128460029
128480971
128487019
128500811
128524147
128545973
128576557
128662571
128881297
128954753
128958353
128998799
129012601
129084259
129116909
129120809
129126973
129136459
129137629
129175687
129176239
129213101
129217549
129313511
129355201
129363011
129422257
129468653
129489443
129513809
129532321
129537139
129543671
129614993
129634111
129674009
129706429
129837187
129851497
129853813
129881119
129924577
129942229
130017431
130137311
130165411
130179739
130271341
130312943
130323493
130324919
130328111
130351829
130407821
130409801
130447319
130451501
130473859
130550831
130553609
130559591
130629119
130650757
130670557
130672111
130683739
130686509
130699477
130749349
130756781
130830311
130848037
130870601
130919609
130950811
130962119
130965259
130996039
131038051
131050279
131126231
131137121
131144521
131155657
131191831
131235131
131248001
131263439
131291339
131305931
131339437
131367829
131435429
131442041
131507609
131534021
131567971
131575237
131581601
131596687
131643859
131653409
131660821
131666449
131707711
131725849
131826719
131832011
131837887
131849239
131849677
131872231
131876149
131905849
131916881
131952209
131984767
132044921
132074609
132074939
132094531
132140441
132152921
132190411
132196237
132211279
132281801
132365839
132373621
132374909
132385459
132437659
132443041
132458609
132548359
132609331
132661229
132690791
132701251
132744991
132746359
132783349
132850919
132891037
132908519
132947011
132982973
132988951
133003873
133018901
133025831
133044629
133081439
133093711
133107131
133137419
133169111
133210921
133251221
133284157
133302811
133417357
133420951
133450619
133458491
133472909
133513949
133516601
133518157
133530421
133530959
133543409
133557301
133624531
133661659
133666571
133695139
133704721
133711901
133721647
133756001
133795477
133819339
133838149
133854491
133854619
133947371
133957039
134003939
134028431
134055101
134063801
134067881
134069009
134077459
134110651
134135531
134143837
134173229
134190431
134229401
134237659
134327411
134347639
134359249
134403757
134422411
134515993
134543231
134557519
134595281
134638687
134657059
134688097
134709529
134717449
134760247
134819291
134832991
134916211
134933401
135050521
135105629
135139231
135146819
135151721
135192331
135204193
135212431
135255559
135260737
135264559
135265411
135274639
135285877
135306329
135310711
135323939
135346121
135386767
135447419
135449497
135452659
135460849
135487091
135539149
135555983
135560219
135563137
135580231
135624029
135642421
135647101
135647497
135663259
135707609
135772409
135819667
135826597
135831029
135858743
135862339
135903511
135904501
135968167
136008031
136021511
136045919
136100593
136124801
136139221
136150631
136174057
136216849
136239619
136240619
136243621
136248529
136288039
136384201
136388753
136447973
136481591
136500911
136524221
136542331
136570897
136608671
136641809
136670047
136677703
136680529
136707787
136798253
136817587
136846271
136851529
136935229
136972019
137012383
137014231
137021639
137046131
137063257
137103719
137109937
137147771
137149339
137180129
137185319
137222221
137239001
137252659
137255021
137286139
137288843
137333309
137369977
137393857
137402311
137418349
137580301
137611531
137634943
137671159
137718397
137720749
137728477
137751101
137792029
137807381
137817139
137825419
137875603
137900611
137942381
138051637
138069209
138085973
138109709
138133537
138195229
138207809
138241319
138247001
138249191
138390529
138394181
138411419
138482101
138536767
138543983
138571319
138581291
138625111
138631211
138642983
138654209
138683287
138690191
138715571
138719377
138760429
138804349
138859871
138927277
138944467
139007431
139037359
139044601
139055009
139077667
139080001
139117709
139137491
139162109
139164671
139204139
139236619
139256857
139263529
139269187
139316629
139332131
139333729
139340521
139367009
139388987
139400519
139401929
139402919
139420531
139436963
139440331
139470943
139526011
139550519
139567823
139591477
139622519
139624993
139648823
139726039
139728187
139749971
139790557
139800247
140049431
140066911
140099539
140111479
140113901
140124631
140254747
140261729
140276501
140328239
140354647
140358809
140381911
140396401
140421811
140439401
140444173
140459131
140488597
140519219
140559581
140565829
140575871
140580721
140600683
140604511
140604757
140607031
140611483
140615711
140661701
140739259
140812709
140818501
140839249
140852039
140856943
140871119
140873009
140882681
140939497
140943601
140977477
141013189
141057239
141059431
141066929
141098519
141107501
141191131
141274801
141306331
141342193
141393157
141412351
141418229
141428257
141459211
141486581
141523231
141540131
141549509
141618559
141642509
141673237
141719009
141792943
141812201
141820831
141858757
141862619
141870401
141875059
141875219
142113541
142173211
142192229
142215539
142255601
142262221
142273139
142304251
142306301
142356601
142388677
142397923
142403251
142418039
142421729
142426919
142446991
142458923
142485037
142489297
142531619
142547681
142562839
142582709
142584439
142680331
142720031
142735871
142774481
142782961
142800041
142815209
142833829
142857049
142868753
142874059
142932337
142945111
142960501
143008093
143060941
143201683
143225801
143228611
143263331
143271547
143425001
143433929
143464301
143480411
143519359
143602183
143608237
143610821
143626943
143646011
143678287
143722001
143760119
143772619
143802859
143843719
144005857
144090637
144102451
144125557
144150401
144154229
144157639
144166237
144206401
144209129
144245839
144257111
144289219
144353347
144360329
144360859
144376391
144405721
144417829
144423431
144462337
144463639
144516601
144580057
144641011
144652147
144660337
144660991
144690037
144713839
144796357
144809419
144818497
144832819
144914201
144915961
144924697
144931781
144940321
144942037
144942509
144948367
144995633
145014959
145025821
145038991
145118521
145135447
145184201
145208983
145211383
145254973
145256047
145282411
145285993
145302809
145350721
145351511
145353953
145361701
145369853
145411093
145411631
145436539
145464419
145482419
145633231
145715771
145716509
145755139
145757119
145800301
145851491
145861021
145908281
145908487
145961239
145983613
145990219
146023529
146038121
146109001
146146691
146168471
146193301
146205509
146220401
146224801
146234611
146281781
146288029
146337787
146344031
146351819
146401921
146442719
146442809
146452459
146462311
146466371
146503139
146603983
146613157
146634101
146647271
146702701
146704981
146726309
146783803
146796977
146888333
146929733
146935039
146941429
147002473
147002909
147014911
147036881
147061801
147063559
147088129
147096371
147126209
147328249
147331801
147352057
147401557
147435439
147462529
147474209
147486613
147519139
147553687
147563963
147604031
147604619
147607021
147607429
147622301
147645191
147697691
147724111
147744913
147780001
147831877
147853903
147854843
147922409
147973951
148008331
148015139
148028359
148051601
148082609
148087091
148106891
148120411
148124309
148130083
148145359
148150621
148170601
148207639
148208971
148240531
148273339
148316629
148322039
148325539
148330993
148331011
148375963
148386019
148392119
148470983
148507571
148539277
148554281
148611131
148645657
148651319
148670857
148673713
148706059
148708477
148762813
148777729
148811797
148920349
149023801
149045797
149068963
149100911
149125237
149144993
149145011
149170237
149182597
149210911
149241331
149241809
149253211
149268187
149306629
149357171
149376457
149411701
149447029
149508371
149603609
149670667
149679619
149725813
149760913
149785819
149819543
149891257
149909839
149914657
149929781
149996213
150062729
150068521
150117131
150119083
150136501
150138721
150167231
150171809
150216719
150296719
150326221
150402583
150407731
150410551
150425131
150453637
150484231
150519791
150534431
150591209
150619459
150634409
150641173
150710411
150713429
150801311
150858049
150903721
150950309
150972671
150975229
151006931
151059247
151061321
151159709
151160341
151194649
151203251
151208221
151230251
151258501
151262911
151326419
151332757
151336621
151341193
151361621
151431719
151441721
151457953
151461929
151517749
151546501
151546819
151550911
151553431
151555981
151557697
151573871
151574359
151577149
151588387
151636231
151660849
151662029
151674671
151697009
151759219
151771237
151802993
151804001
151816619
151861781
151968653
152004929
152006293
152013811
152031839
152037811
152040839
152047759
152069719
152127211
152208239
152231941
152253901
152261821
152285591
152319511
152326319
152348519
152455057
152459149
152490719
152492539
152508337
152524711
152529211
152591771
152630801
152636311
152672131
152706991
152709301
152717519
152737021
152754031
152780359
152834359
152840521
152841991
152942401
152944777
152993287
153001721
153059539
153105041
153105539
153143647
153195697
153217331
153280531
153296309
153325021
153329629
153330757
153451447
153571871
153600241
153609419
153609877
153628021
153641347
153732157
153760147
153840119
153854219
153873319
153939923
153955387
154031701
154051529
154053901
154110701
154130701
154146739
154162111
154166609
154206211
154212731
154217501
154229771
154286857
154295381
154296973
154332457
154356439
154372237
154373449
154374509
154396181
154413859
154534057
154542953
154708319
154731337
154760933
154824697
154826219
154863913
154915249
154926913
154932961
154996253
155019791
155029019
155035319
155041811
155051021
155062319
155098091
155135011
155247419
155378467
155381047
155383001
155386129
155466049
155536201
155550991
155560501
155574487
155577703
155592209
155616101
155636857
155741111
155809271
155828287
155850439
155853119
155860409
155861767
155866267
155887967
155960471
156024509
156028321
156060329
156082501
156115919
156116039
156120931
156124229
156150419
156166319
156174787
156194767
156206431
156234209
156235109
156255439
156257419
156273619
156317401
156341701
156350521
156354581
156406031
156482857
156541109
156616249
156629197
156641629
156704971
156719119
156751993
156779993
156795791
156864187
156943271
156952219
156996709
157021619
157041239
157041509
157117729
157131419
157165409
157173509
157177039
157191011
157197277
157208111
157239319
157317961
157350601
157372429
157403321
157418497
157432943
157563229
157578829
157619557
157713011
157762387
157805983
157818833
157825813
157841381
157860281
157889651
157939213
157978391
157990823
158058209
158092933
158099413
158104511
158106719
158108719
158164571
158201041
158201557
158203849
158297453
158354309
158371429
158372983
158373001
158373577
158384081
158604491
158623319
158637653
158696203
158732767
158767967
158773997
158782553
158823281
158996471
159056101
159070057
159135259
159144211
159175567
159250411
159263857
159272963
159285187
159334249
159434101
159471119
159499883
159502709
159510601
159522581
159533923
159595057
159613973
159650419
159651229
159693881
159741319
159742903
159779981
159940903
159950171
160001389
160029547
160077881
160090747
160111921
160176649
160185001
160237229
160248601
160378111
160379587
160390409
160392131
160488397
160539877
160544101
160617511
160621619
160751659
160780691
160781009
160782491
160873249
160916401
161024231
161024321
161037637
161045711
161057521
161107273
161113151
161123231
161174347
161216609
161245319
161315221
161321051
161335319
161341183
161342609
161370457
161400251
161458111
161478913
161481311
161490331
161514239
161533331
161537797
161610283
161655509
161657011
161703457
161705701
161732749
161778187
161799623
161800321
161867803
161871037
161897503
161948081
161974387
162043709
162058121
162067639
162133619
162169867
162171901
162204131
162254347
162327401
162336953
162339509
162380891
162382639
162385021
162393349
162464311
162510311
162515219
162516131
162547409
162569119
162605347
162612859
162627211
162720631
162731983
162767557
162790597
162824953
162838477
162855229
162858457
162885367
162898639
162929029
162937219
162941993
162942509
163011721
163028819
163082701
163088291
163133731
163161611
163181749
163197119
163208701
163302331
163307819
163313737
163347439
163371157
163377397
163438687
163439011
163441601
163517539
163601519
163631231
163683913
163723237
163802129
163871291
163915777
163941419
163970419
164009231
164018611
164074237
164082337
164108309
164115631
164169953
164217601
164234101
164234437
164252129
164257409
164294857
164324231
164330557
164356111
164392519
164415973
164514131
164515321
164535619
164548039
164561009
164563687
164609677
164630309
164637667
164643509
164650639
164665019
164666753
164679791
164759981
164900011
164914249
164968303
164989991
164990009
165019819
165154057
165161219
165180991
165184519
165255697
165353681
165363787
165429119
165442729
165507943
165681281
165699761
165703781
165715339
165748357
165786443
165806983
165837277
165874733
165924667
165930301
165949613
165961963
165964177
166029491
166045963
166081301
166090871
166096129
166101959
166132201
166146439
166165339
166225781
166251157
166261691
166263301
166307539
166341829
166512601
166516001
166519853
166551529
166632787
166641037
166701247
166708019
166731619
166790119
166835803
166849253
166928987
167003821
167072221
167076757
167084011
167092021
167123701
167125109
167126221
167166281
167204659
167227391
167242619
167253301
167258753
167336291
167376019
167420431
167452249
167496713
167507677
167564713
167567839
167612681
167631439
167714497
167720131
167773951
167774543
167791733
167851219
167913397
167986661
168019429
168065419
168073777
168094477
168173587
168313619
168318757
168327667
168352021
168372667
168380101
168434587
168450787
168456097
168534973
168543371
168630037
168633001
168692453
168725009
168770197
168792623
168848333
168959213
169031659
169123501
169130749
169203739
169219387
169223771
169238467
169310611
169314619
169349891
169371229
169398233
169402729
169433149
169608613
169683713
169768883
169798309
169811309
169818931
169880839
169897789
169902487
170024831
170078971
170117939
170269409
170275459
170309891
170310901
170326801
170351801
170378587
170442431
170536897
170541457
170552611
170608231
170628961
170650849
170814157
170846219
170891101
170914781
170946397
171019621
171025501
171085619
171124831
171170711
171179497
171197309
171219511
171220151
171239797
171250921
171256871
171269381
171286111
171312221
171322439
171373639
171393491
171425983
171429211
171441121
171448933
171452891
171479843
171553237
171621419
171640537
171651881
171786367
171790391
171801457
171837397
171865567
171908101
171911219
171912953
171961159
171994087
172037101
172039019
172047881
172081139
172101929
172113911
172121611
172174411
172186159
172334839
172342201
172366933
172387297
172414409
172453871
172462019
172540409
172554419
172554619
172620011
172631819
172634311
172723549
172732619
172844963
172855297
172900759
172916857
172926667
173007547
173037791
173047411
173092057
173133721
173155729
173178281
173291933
173303021
173354771
173374021
173380411
173391877
173398177
173410121
173425981
173442991
173449813
173478367
173518867
173522101
173549029
173575387
173584181
173613421
173614691
173670349
173716973
173728109
173778739
173836219
173899003
173921359
174019501
174031631
174085409
174108601
174113531
174127501
174127981
174150239
174152611
174152701
174183983
174196567
174226963
174252119
174292319
174306421
174354671
174360973
174405131
174407719
174473381
174507787
174508933
174545587
174557753
174580001
174601421
174686453
174692377
174694733
174739823
174740047
174751571
174771913
174871219
174874823
174914983
174926119
174952109
175050637
175061039
175088803
175118401
175134649
175134809
175208797
175220911
175237339
175272439
175308121
175342459
175361201
175398739
175402111
175459087
175465271
175485097
175527577
175564271
175651159
175703519
175722031
175722259
175731037
175771657
175880753
175896761
175918357
175984057
176035709
176054609
176106157
176120911
176129497
176162131
176201083
176234111
176304511
176317597
176339803
176379713
176388713
176402839
176403991
176440109
176449939
176449957
176534101
176643281
176690119
176691703
176693987
176700829
176706577
176755603
176796761
176807119
176836603
176869661
176871743
176899589
176911409
176924557
176941903
176989961
177058657
177061639
177080797
177095081
177102859
177135697
177176287
177189157
177314681
177334571
177362239
177515857
177538267
177541201
177571271
177700459
177704381
177764413
177773257
177809813
177865921
177961643
178059097
178060237
178111447
178161301
178190767
178193377
178201511
178284097
178307923
178333249
178377791
178387819
178411411
178416487
178460239
178460857
178506319
178552019
178570039
178586809
178589783
178596323
178672513
178675613
178721149
178777883
178806743
178848323
178865957
178871543
178918967
178949033
178974233
178975799
178980313
179002331
179007419
179015449
179022001
179052491
179072239
179180587
179336713
179361913
179391097
179498929
179530159
179581603
179582633
179584729
179594153
179640001
179657243
179664791
179761357
179763403
179786471
179808443
179894123
180056659
180070837
180097777
180125041
180167681
180186983
180217409
180335437
180400601
180425891
180433711
180460447
180525809
180531983
180600283
180620519
180623431
180628159
180628993
180629011
180666209
180683011
180700721
180722909
180723401
180737857
180742897
180800429
180816491
180818101
180846319
180891209
180944587
180977633
180987533
181014151
181024141
181032421
181049887
181121293
181129549
181245209
181306849
181376471
181401401
181431121
181461739
181486297
181504331
181511821
181513021
181521983
181522001
181553539
181610041
181611211
181679891
181704337
181714321
181730701
181772329
181874843
181893653
181948513
182039887
182058301
182069471
182074147
182136247
182138519
182150911
182174137
182222801
182244739
182247349
182291401
182294419
182304301
182310041
182318221
182428867
182433331
182447219
182468287
182491597
182523421
182569913
182586071
182606933
182630257
182652439
182665853
182712157
182756009
182801219
182810963
182832619
182834381
182900659
182906239
182914519
182981287
183008701
183033457
183038221
183060929
183064691
183085481
183127619
183143749
183259943
183273121
183278197
183342421
183416449
183472571
183481021
183492319
183545587
183565387
183566029
183611437
183633787
183877691
184031339
184034309
184070039
184082021
184092581
184106129
184132139
184172539
184221637
184231319
184235021
184264319
184335259
184350209
184364149
184457753
184460953
184473229
184504871
184534687
184712131
184714597
184722943
184722961
184782071
184807963
184813933
184884067
184912339
184973543
185000611
185005621
185034337
185052719
185063009
185106601
185107501
185139281
185145787
185148487
185173481
185180311
185184191
185221357
185242781
185273857
185326597
185332871
185359357
185413121
185427667
185452391
185503963
185551021
185650391
185657723
185671219
185701639
185701981
185769439
185770477
185803687
185837413
185868103
185937403
186036671
186074963
186117031
186224221
186232121
186256963
186321029
186337219
186404111
186414419
186482029
186511321
186524291
186543001
186561371
186580903
186583951
186588491
186597893
186600991
186695629
186698033
186811993
186888371
187007311
187076171
187083973
187114211
187175803
187196453
187203649
187207159
187210357
187240121
187264039
187281209
187360021
187388681
187410511
187434139
187563613
187674623
187789013
187790413
187805119
187814197
187909781
187929143
187965053
188019119
188027101
188036011
188040337
188051009
188055913
188095177
188096413
188121601
188144381
188154229
188158603
188180309
188184833
188205509
188253913
188270101
188336171
188345713
188418613
188419991
188492723
188504963
188560657
188612239
188654941
188785043
188794481
188831843
188916713
188974661
188993509
189113311
189122449
189135229
189157643
189192277
189198761
189212047
189217129
189252757
189270209
189310109
189391087
189401609
189441757
189467513
189631181
189684947
189895039
189958451
189966229
190025111
190049917
190071929
190119649
190126537
190135139
190158037
190167787
190197229
190223939
190244101
190271129
190280257
190318501
190349149
190373629
190440011
190442611
190460219
190471459
190472993
190473011
190505701
190513357
190571021
190592239
190647371
190714709
190757803
190759267
190771409
190823993
190873019
190881913
190900421
190911719
190920029
191005231
191060131
191137619
191172809
191203183
191217119
191269109
191313211
191324257
191345009
191368297
191406157
191422993
191432963
191465419
191465587
191512319
191513411
191664119
191716867
191730739
191760259
191793071
191796713
191807101
191830231
191897911
192004321
192014021
192029311
192062501
192066983
192118321
192156037
192172619
192173591
192180719
192190147
192207973
192240859
192278171
192288367
192423739
192454687
192526339
192551629
192586267
192596813
192613709
192633439
192633697
192699439
192729367
192803797
192806857
192820231
192845197
192907903
192935467
192943657
192962713
193004311
193044791
193086913
193091359
193136519
193141849
193160321
193180147
193180237
193202531
193283767
193333709
193405819
193437319
193462391
193505933
193507429
193649077
193667813
193922381
193936733
193969571
194016209
194042257
194047201
194062501
194080321
194105749
194158109
194166913
194207971
194209319
194338297
194400211
194554181
194582197
194600101
194610001
194679761
194691019
194807843
194809513
194812021
194863087
194900221
194902993
194966243
195015209
195022511
195074149
195080681
195135349
195172429
195201509
195216509
195232781
195240247
195276457
195301973
195375097
195394267
195474187
195533329
195641101
195648829
195678013
195712249
195716557
195722011
195744833
195776423
195787481
195829639
195831001
195848957
195885491
195904853
195916951
195961267
196042943
196101211
196104247
196105237
196126993
196152101
196171201
196192181
196224211
196251943
196298681
196328557
196344139
196352983
196480903
196534109
196571029
196592413
196609991
196612687
196661119
196670753
196702159
196744267
196748911
196776233
196798361
196813657
196828921
196845067
196866323
196952167
196983491
197018329
197034619
197091371
197110421
197173129
197181119
197281129
197314339
197336287
197376533
197411359
197450471
197556713
197595103
197619313
197764871
197778281
197848571
197857043
197875313
197914553
197926691
197935729
197992043
198011819
198024529
198072191
198133021
198151777
198160201
198181219
198207577
198225281
198310549
198361091
198435277
198564713
198570019
198642071
198762791
198859499
198898463
198961781
199014581
199046377
199084513
199168967
199173019
199200649
199204391
199228177
199242049
199268513
199331857
199351813
199382167
199394243
199443071
199508077
199593619
199630903
199648429
199656323
199726213
199784213
199793213
199821653
199919033
199938371
199980709
200059031
200098711
200143921
200151199
200172521
200175757
200186131
200230399
200254739
200284439
200284657
200297257
200308441
200359849
200371421
200389927
200452801
200469937
200526331
200615251
200627311
200717221
200787211
200808859
200812351
200832959
200834993
200839927
200874649
200909749
200931421
200943983
201183809
201196711
201213841
201248731
201254639
201263411
201345719
201383111
201385511
201429457
201486157
201499429
201535093
201535183
201568019
201625439
201653401
201668771
201678121
201680711
201784981
201816859
201833131
201878239
201922411
201931721
201958571
201963829
202014991
202017961
202061089
202077637
202087409
202164283
202176859
202263757
202266811
202339447
202341611
202377829
202390031
202404341
202447319
202453183
202475011
202555849
202576109
202609229
202641401
202670801
202737421
202740809
202754011
202795429
202823339
202826347
202838971
202845739
202951201
202953511
202992943
203035711
203078749
203133451
203139457
203157631
203177309
203207857
203215829
203222683
203232431
203242951
203248711
203321711
203354737
203362121
203365919
203366983
203379529
203393611
203404151
203409431
203440801
203447501
203448209
203464139
203480647
203499229
203555347
203584729
203586491
203614093
203640911
203661811
203678219
203696923
203802629
203808559
203862601
203876923
203900141
203908981
203924257
203970157
204045757
204163273
204173647
204185431
204199159
204219637
204264101
204268501
204299219
204380609
204389149
204407131
204435901
204456559
204497497
204525457
204560737
204565019
204646147
204653611
204728609
204730901
204799643
204826459
204828031
204834739
204869557
204879923
204901141
204933331
204934819
204962221
205004593
205016729
205044283
205157437
205184701
205193983
205201949
205208519
205267109
205277719
205294729
205309537
205318111
205348211
205391437
205460083
205466629
205476301
205517891
205521193
205524901
205530601
205576867
205593697
205596973
205669853
205707001
205724411
205818121
205823521
205829219
205873973
205905247
205915819
205932247
206015701
206100731
206111351
206117173
206164993
206187983
206188001
206194871
206226431
206227621
206239639
206245849
206314831
206358877
206360519
206368571
206401829
206441993
206465047
206488657
206536019
206550859
206629429
206644709
206758091
206793487
206806459
206904829
206910811
206930231
206975287
207022951
207064849
207087943
207098963
207104819
207141511
207159877
207180859
207193411
207196933
207200711
207261121
207291221
207321041
207354421
207374887
207402401
207420911
207422647
207426649
207428201
207435157
207436121
207440111
207447349
207506521
207521339
207546259
207549281
207550139
207552649
207571943
207654301
207715549
207722819
207745249
207749119
207765913
207790519
207792191
207822119
207841819
207884029
207931057
207950887
207960581
207964903
207966613
208010773
208027601
208057963
208074337
208075981
208101451
208127963
208144759
208178767
208180447
208196381
208204721
208253839
208268219
208272209
208313173
208320041
208324421
208346797
208356877
208387477
208387903
208421429
208424819
208426871
208430939
208440637
208493983
208561109
208613891
208624411
208659277
208676009
208699523
208715131
208810993
208911119
208918019
208955753
209055331
209083981
209117039
209160859
209163809
209207659
209245819
209266111
209280131
209284597
209295139
209307157
209311051
209370157
209376487
209430509
209438149
209438239
209440421
209452109
209471021
209482001
209491519
209492923
209540431
209540659
209578951
209596357
209637973
209654857
209661259
209663677
209724301
209732359
209743867
209747081
209778157
209792287
209814491
209820119
210047473
210052631
210053821
210139837
210142981
210175747
210184747
210188129
210247747
210264809
210279649
210325331
210349511
210359257
210377347
210382657
210470411
210478981
210491201
210671801
210704051
210755431
210777031
210852721
210922273
210934021
210973691
210989287
211098421
211146959
211147031
211148429
211160821
211184621
211247221
211263373
211320199
211338859
211347509
211406051
211411721
211439309
211468031
211490737
211513531
211533151
211536509
211552141
211558639
211566829
211587581
211667681
211696481
211722629
211766539
211794509
211812331
211850531
211864729
211879387
211884943
211906319
211943749
212015593
212019601
212033971
212065501
212104099
212171293
212209051
212310991
212338447
212376991
212459719
212474839
212494981
212522819
212528521
212537231
212550731
212587021
212602829
212613959
212674019
212733701
212785021
212827031
212856037
212877913
212890709
212954629
212954719
213014821
213053909
213055709
213128737
213145321
213311711
213348029
213372521
213395797
213397201
213413051
213578381
213583639
213633859
213649021
213660631
213684259
213696191
213710521
213719449
213741547
213818047
213861001
213923909
213932129
213972419
213976019
213990983
214006531
214040621
214068809
214082221
214098877
214187629
214200199
214211801
214221929
214277311
214293649
214467259
214467943
214473157
214477429
214481347
214522709
214572157
214618109
214619359
214645549
214674697
214681981
214710539
214711709
214741139
214815739
214838471
214848209
214854349
214860559
214863491
214886803
214888997
214901173
214936159
215000299
215054821
215135821
215143273
215198329
215202811
215220541
215247001
215256029
215264611
215271431
215292221
215300711
215319119
215328331
215347549
215432647
215454559
215510857
215542601
215555401
215589923
215620501
215630801
215695387
215711339
215742809
215791519
215804411
215851781
215877367
215917687
215922829
215943697
215950549
215951201
215999153
216035731
216091973
216119749
216122141
216152311
216161821
216174209
216216509
216227749
216263659
216291511
216329917
216367391
216371219
216414859
216415319
216454691
216459319
216522121
216652819
216665329
216703849
216707629
216761719
216784181
216841147
216850639
216852619
216953239
216992081
216996713
217009201
217026637
217049719
217086439
217137001
217173157
217203809
217250311
217266697
217301729
217307309
217314509
217394239
217421557
217422983
217423001
217499453
217524649
217549853
217557757
217560559
217590349
217605809
217616681
217619239
217675567
217707509
217733609
217752349
217765657
217801849
217814609
217828297
217864477
217915519
217989671
218042311
218044201
218057629
218087329
218110511
218171983
218172001
218200573
218238037
218254237
218261611
218263411
218275111
218294497
218318449
218363993
218446597
218466139
218481509
218501519
218561887
218607619
218641639
218661349
218674109
218705131
218747843
218776823
218786891
218799103
218802559
218856613
218874613
218935853
218957839
219002921
219008819
219015457
219034421
219054119
219074137
219101941
219113711
219117559
219174419
219256159
219267281
219276139
219289267
219339139
219382571
219428497
219452021
219532057
219539557
219553993
219555191
219602963
219640709
219642877
219731201
219731401
219772271
219801601
219899123
219976613
220008521
220052089
220075811
220090931
220169947
220199131
220211963
220239073
220264949
220281311
220305493
220358521
220417321
220490821
220638953
220644811
220649591
220651051
220677031
220691231
220745983
220763909
220781219
220793047
220808219
220816801
220829131
220839211
220853431
220890119
220896667
220904531
220918981
220930141
220931647
220938787
220977139
220991887
221086849
221143829
221145719
221199101
221217511
221226221
221253719
221283721
221319431
221392993
221422241
221446447
221456437
221486609
221491229
221523629
221524231
221593237
221637601
221705647
221721911
221732111
221764709
221797813
221826029
221871809
221931547
221958973
222013921
222023773
222081131
222086983
222087421
222140621
222158039
222273983
222310981
222329039
222332521
222379519
222392309
222405041
222412711
222414421
222433921
222503857
222505831
222516929
222557221
222566797
222655781
222670319
222691943
222709211
222774961
222853321
222893149
222936491
222960247
223077739
223102981
223118993
223147919
223176809
223198777
223231829
223268519
223312801
223374401
223386301
223403941
223410541
223459111
223463347
223476259
223480001
223597853
223627121
223722419
223728121
223775983
223776001
223818031
223877287
223908983
223912229
223984219
224066839
224084219
224107747
224131393
224159519
224166157
224172983
224204639
224228129
224329109
224344447
224413439
224519719
224531519
224552701
224555137
224560447
224634247
224647777
224756471
224881159
224911919
224915359
224917481
224922421
225014611
225023831
225037201
225065909
225087439
225111701
225123601
225230701
225240629
225311909
225333457
225376597
225413801
225419137
225461321
225502631
225534559
225553781
225582439
225711301
225732601
225893119
225902437
225983171
226020583
226025131
226031293
226043711
226072447
226095301
226104311
226120711
226133731
226153357
226160339
226167301
226243711
226259101
226321631
226340339
226379467
226382971
226384201
226407421
226411921
226415983
226422701
226445539
226447201
226459813
226480231
226484767
226525549
226550431
226566371
226590697
226598543
226623157
226718587
226799423
226823449
226852319
226902829
226905121
226905983
226956097
226967453
226994543
227023619
227030051
227086973
227133811
227140141
227150993
227153659
227162521
227194687
227223929
227232611
227255519
227261257
227429471
227452321
227482777
227531839
227546471
227607581
227627419
227650057
227654381
227691119
227701531
227722321
227752001
227770391
227795941
227803231
227804047
227834059
227909029
227953129
227967533
228042929
228053437
228055819
228092933
228130657
228150721
228171311
228200831
228216337
228224839
228275239
228314347
228331001
228360029
228414973
228458467
228487643
228515629
228677413
228731137
228835129
228850249
228915139
228928267
229037359
229057687
229070431
229081031
229098703
229107001
229111811
229120709
229126147
229140239
229206311
229217719
229271519
229294903
229295029
229324321
229351729
229371943
229402319
229459913
229462777
229478633
229521739
229559453
229583009
229623509
229663039
229670767
229673713
229697203
229728703
229769993
229799929
229800829
229918643
229923319
229935019
229937941
230012389
230035951
230091629
230099591
230099609
230140279
230160341
230167537
230191439
230271809
230280151
230283121
230348309
230369681
230370911
230392601
230418101
230437919
230446973
230508101
230537011
230552221
230562547
230568301
230623709
230636983
230640821
230655001
230655511
230670547
230685619
230708839
230800421
230808157
230816659
230833139
230907337
230925649
230999633
231020893
231031631
231033839
231058319
231058511
231060541
231066701
231109211
231119221
231169871
231187109
231187549
231197009
231206639
231214829
231234041
231244051
231268729
231358147
231435811
231447739
231466231
231480983
231481001
231524911
231525031
231529729
231565231
231646781
231686471
231724001
231742993
231910747
231949943
231960991
231981349
232032929
232033393
232074631
232085701
232087619
232093229
232121089
232137901
232183319
232189571
232209031
232217737
232251629
232257829
232276619
232318139
232342709
232427501
232471331
232488049
232508501
232545739
232573459
232576867
232627639
232674031
232699177
232703557
232753321
232770337
232805819
232875281
232972111
233018801
233043731
233046859
233053231
233060141
233072519
233081021
233110099
233208929
233209759
233214539
233225401
233315339
233321909
233338459
233415011
233454131
233461849
233486291
233490209
233528137
233548201
233551711
233553311
233571719
233606039
233630531
233630801
233693381
233774011
233784667
233795377
233805157
233805421
233820239
233835031
233849713
233866019
233890021
233905691
233912101
233926481
233963923
233980339
234030341
234055001
234059131
234076897
234101683
234118021
234128347
234163229
234166819
234185201
234208357
234242731
234316993
234334319
234340921
234356359
234458963
234483671
234486757
234528031
234582619
234591509
234627961
234708619
234730711
234748109
234785753
234806519
234828487
234852581
234860771
234911437
234913709
234939743
234949823
234950609
234985087
235001821
235058449
235065119
235111441
235154839
235197913
235202411
235210483
235275419
235280701
235334909
235341637
235360319
235400909
235425881
235448149
235475291
235491671
235543709
235550501
235641157
235672777
235713809
235729387
235773191
235807597
235810801
235832137
235861391
235917667
235923301
235924597
235960973
236054101
236099081
236119231
236146619
236167571
236216011
236245057
236249471
236256439
236267149
236300411
236353321
236370119
236422331
236422447
236453131
236493487
236554687
236555329
236562877
236636419
236657753
236766653
236819029
236835667
236890813
236910209
236967881
237008521
237045131
237048619
237052919
237100531
237131221
237153739
237155629
237174983
237193993
237216559
237230083
237234511
237355973
237387277
237391201
237398633
237416539
237426439
237436933
237442729
237471697
237523301
237600859
237627001
237727129
237771973
237806923
237832409
237971843
237979003
238001251
238117639
238125221
238142347
238149049
238208591
238228519
238246867
238259171
238272211
238277009
238352221
238398353
238431157
238458613
238666823
238704121
238792357
238867781
238940381
239005001
239021339
239045797
239077219
239148139
239177467
239205157
239241209
239250331
239300557
239403559
239403953
239422501
239427319
239445281
239499761
239509091
239628457
239643913
239744287
239790277
240009151
240021731
240096601
240101921
240258209
240266659
240291929
240305341
240324151
240436759
240438337
240466691
240479011
240484549
240504421
240517919
240532093
240557539
240564791
240573829
240619871
240636131
240723011
240738671
240741101
240752839
240772943
240806347
240813431
240841319
240857677
240866239
240903521
240936923
240954491
240966001
240980137
241016383
241049891
241078549
241307021
241426621
241478767
241511729
241522811
241548101
241561319
241638301
241722721
241794229
241820731
241839667
241840421
241928963
241935349
241935877
241936687
241955419
241976197
242052931
242067559
242101901
242140739
242142401
242157953
242167781
242269249
242285137
242291611
242306111
242376961
242437231
242455691
242502151
242527031
242546131
242583787
242588557
242594239
242621647
242623621
242650711
242651749
242660101
242676281
242712073
242728201
242754529
242791391
242811721
242814001
242913973
243006601
243024757
243038129
243057559
243118531
243142301
243202951
243237119
243309919
243346639
243364819
243389467
243424759
243442447
243473137
243504983
243520709
243541849
243585229
243615991
243660331
243705029
243722431
243753101
243840511
243938119
243961001
243977257
243977633
244070083
244077259
244095101
244106041
244114529
244117849
244131331
244142711
244185301
244193519
244212511
244290131
244343219
244373771
244384409
244401757
244435781
244483159
244558109
244575229
244602509
244653697
244684039
244710457
244734031
244737973
244757081
244777553
244790677
244832519
244903121
244903459
244941121
244981567
244984951
245018749
245020393
245050439
245075359
245101601
245138449
245165359
245208829
245268229
245273719
245285239
245324347
245344871
245356429
245364439
245384059
245394973
245398997
245428159
245441839
245443109
245498413
245512447
245527993
245550131
245574319
245666081
245666171
245687257
245712953
245742619
245817001
245843149
245850259
245903797
246003629
246030151
246048031
246072559
246096667
246154301
246167309
246168973
246247777
246320083
246326539
246328391
246336619
246354671
246380311
246398813
246411701
246448567
246506629
246571571
246574219
246603029
246605971
246607391
246620219
246680963
246732349
246811963
246822581
246856823
246941291
246963071
246998509
247023031
247049857
247084867
247134791
247141229
247181359
247237391
247242791
247250501
247270871
247325009
247327519
247373963
247400557
247473371
247517239
247677739
247690271
247694413
247702691
247782071
247879799
247902509
247944187
248038249
248051431
248123521
248134109
248135933
248198891
248200709
248237923
248331119
248331337
248355119
248587433
248598439
248642587
248659871
248695781
248744009
248790653
248823319
248827177
248941271
249030631
249036037
249085219
249124709
249134681
249136933
249200519
249218329
249259643
249304019
249388819
249393743
249397639
249434767
249496253
249593891
249604021
249611009
249617803
249620519
249628553
249650381
249656413
249698123
249717653
249719077
249732281
249787799
249847303
249873881
249888409
249933097
250012943
250076521
250088681
250135183
250153901
250157521
250167991
250197697
250206283
250253429
250271201
250289471
250313639
250327421
250341041
250344239
250357871
250367111
250394009
250475201
250602959
250607501
250649677
250679197
250691887
250729201
250743029
250753709
250800401
250860157
250918973
250933211
250942501
250970021
251007041
251078719
251097349
251165909
251172631
251255891
251277419
251299903
251334859
251343073
251357311
251384681
251396767
251400901
251405173
251417219
251438771
251458021
251465971
251467933
251513111
251528131
251537047
251766913
251824549
251827993
251842963
251852681
251860897
251903347
251905057
251924111
252039131
252060911
252202331
252221141
252239681
252291331
252302857
252350993
252358993
252359011
252388181
252421657
252425101
252434011
252455591
252471119
252492101
252680201
252703531
252774371
252819397
252819953
252873371
252917677
253011701
253047209
253052201
253116631
253117229
253124429
253133609
253144849
253149349
253163347
253223647
253265993
253266529
253322911
253351139
253425973
253427221
253473419
253597733
253640963
253718239
253782119
253824509
253858177
253916101
253933111
254003941
254016011
254038019
254075629
254138047
254184509
254326301
254346529
254349049
254363359
254411939
254450257
254464481
254507009
254508349
254518519
254563391
254569603
254615201
254631791
254632237
254647181
254653481
254763371
254810219
254831009
254845387
254969629
255064031
255118109
255200251
255219101
255267913
255286181
255286477
255302939
255304447
255306559
255331229
255369703
255392329
255424501
255431437
255443021
255454429
255487733
255629557
255679961
255735757
255738019
255740311
255763219
255778967
255801157
255904933
255965077
256034839
256107881
256186657
256371491
256434349
256441501
256460401
256517497
256532993
256628377
256630057
256722121
256723429
256740943
256776881
256815973
256925197
256950667
256962613
257050531
257072131
257122319
257122409
257128021
257152981
257165309
257193319
257279413
257392567
257402819
257420257
257424983
257425001
257535371
257638643
257694403
257702539
257705587
257742139
257754071
257833903
257851567
258033511
258107131
258108581
258209101
258225581
258299809
258355129
258421411
258472271
258482753
258573277
258613111
258698213
258869329
258945403
259005601
259162391
259200509
259240781
259243409
259296313
259308319
259350031
259354903
259359533
259483643
259584881
259650319
259679509
259755443
259759223
259991681
260040541
260059871
260061719
260137447
260165039
260224031
260293963
260317531
260396419
260408347
260411231
260419321
260421241
260422321
260459149
260461601
260468149
260470759
260483681
260491709
260585497
260595371
260601373
260622721
260631457
260634421
260645201
260648419
260656001
260680411
260688613
260707639
260725237
260749039
260757139
260785039
260789813
260819857
260823421
260834047
260835923
260932709
260934983
260935429
260942519
260988353
260992091
261096509
261135509
261186509
261309809
261328211
261429697
261437797
261447259
261450419
261451409
261472459
261517819
261537697
261582011
261583481
261623963
261629149
261647963
261741157
261744349
261746101
261803219
261815629
261819119
261844519
261865477
261877997
261891281
261915259
261962497
262048109
262067539
262094519
262157047
262165237
262226891
262227131
262228501
262304221
262308001
262308791
262405537
262463797
262490359
262490933
262523659
262594853
262603409
262623511
262650809
262710419
262782229
262840411
262857019
262923211
262945019
262950983
262951001
262951319
263006111
263008357
263012819
263013629
263018891
263047819
263066887
263076349
263108347
263119237
263119819
263129221
263168923
263194409
263242801
263244029
263255221
263260357
263283011
263286371
263338429
263349049
263359813
263415001
263501647
263524411
263528767
263564101
263594081
263608993
263643509
263648557
263827903
263830109
263862667
263911019
263954029
264056131
264076391
264118871
264174961
264232511
264240419
264355687
264374309
264398839
264421447
264479723
264535021
264602347
264677167
264725011
264885443
264892603
264924577
264926119
265070321
265073359
265078271
265156519
265167913
265224209
265248667
265254037
265256239
265325933
265343887
265413739
265434439
265448377
265525597
265599013
265644667
265716487
265756823
265803491
265809613
265821509
265843129
265861903
265881277
265942387
265968671
265982987
265984253
265992739
265995761
265999897
266093857
266152321
266183101
266223809
266304119
266352301
266440019
266532943
266613923
266621137
266717287
266730509
266730983
266751229
266760757
266794303
266798123
266798239
266803429
266862613
266901031
266956691
267040531
267062111
267070057
267179981
267195703
267223321
267316249
267354209
267364297
267410909
267517039
267548453
267567931
267682603
267699863
267739781
267752171
267768143
267790603
267826733
267840371
267946057
267951071
267991343
268050221
268054571
268104247
268121219
268153519
268164139
268198781
268394257
268451219
268488013
268509457
268512121
268519939
268615297
268617367
268623319
268695103
268738303
268757243
268959191
269093009
269113729
269235209
269285077
269290271
269351857
269397529
269416019
269421301
269435171
269440571
269474167
269534803
269550667
269665343
269816167
269820913
269846771
269896909
269984929
270028001
270058031
270059771
270073537
270145357
270182749
270256237
270292019
270317219
270317521
270324121
270332221
270351073
270351239
270377587
270397657
270421093
270438491
270458497
270463147
270480739
270707771
270762581
270940321
270969067
270975277
271046231
271065973
271068529
271106111
271285687
271323329
271325039
271334309
271348201
271391201
271425157
271443209
271503811
271545121
271580201
271606549
271610711
271614829
271658081
271700609
271734349
271766713
271830829
271864387
271940681
271945109
271984087
271991287
272008111
272055649
272099119
272102521
272225321
272227639
272313631
272335411
272372131
272408519
272419481
272420821
272505119
272621819
272654149
272697977
272715943
272720983
272756377
272761571
272764109
272852149
272896343
272910331
272931419
272961757
272977213
272989133
273013051
273065539
273070621
273171221
273174491
273176419
273340759
273372031
273372439
273398453
273409519
273413501
273414601
273461971
273514639
273517571
273643973
273707767
273728467
273764287
273776077
273797243
273803009
273811501
273842857
273852209
273860677
273878153
273888143
273920021
273929723
273965633
273987491
274014509
274023811
274041073
274073311
274194191
274209301
274223659
274247381
274258657
274262993
274305221
274322039
274386071
274386703
274406887
274411409
274421039
274497791
274526059
274563371
274569623
274587977
274589591
274632877
274682081
274732519
274793543
274810411
274816387
274913497
274995103
275002631
275008549
275012939
275040631
275069467
275073349
275144591
275187457
275192419
275242109
275251549
275294029
275413147
275422981
275473091
275526487
275541619
275601829
275604983
275618843
275669113
275680039
275703121
275711591
275715371
275717171
275721581
275745097
275758213
275869571
275914853
275998013
275999887
276055319
276064597
276072697
276078457
276123649
276143201
276249613
276278941
276334481
276340819
276386167
276454813
276487781
276613159
276630121
276632471
276720211
276749203
276761119
276767957
276835087
276868939
276972623
276999161
277061311
277085009
277100911
277123459
277129129
277230029
277246903
277250797
277272913
277283081
277353371
277405319
277446457
277617367
277625753
277632371
277635833
277714109
277759571
277783523
277823753
277893013
278014057
278023237
278061491
278139457
278375723
278499371
278505757
278547977
278576629
278598409
278740853
278741713
278779961
278870257
278891203
278920219
278932177
279008923
279011521
279153191
279208091
279217903
279228071
279311401
279371119
279391823
279444703
279494113
279537977
279540757
279549761
279770987
279823177
279855893
279892883
279894371
279966191
280044521
280056131
280104151
280118347
280142531
280153759
280227247
280244347
280246321
280247021
280284581
280308209
280320241
280320331
280330273
280340647
280364009
280371209
280393571
280422859
280501631
280507321
280510121
280541309
280553797
280577081
280674139
280686277
280738181
280790291
280802437
280816391
280833983
280911601
280951973
280972903
281048797
281057591
281141221
281145247
281177497
281219591
281224759
281244739
281284429
281287109
281307209
281338319
281348149
281410721
281434019
281434501
281461057
281462971
281467903
281476297
281516401
281523157
281658277
281667833
281700101
281702011
281725933
281746567
281786077
281820221
281861011
281899003
281904211
282002857
282048619
282106711
282167219
282176471
282182591
282200231
282210241
282273031
282294667
282305963
282315157
282353719
282380719
282415691
282428059
282477187
282505549
282527059
282529109
282530909
282615037
282616933
282630511
282650201
282730109
282733519
282735319
282738457
282780191
282817813
282881029
282979481
282981187
283024537
283129201
283226719
283233029
283251119
283307009
283327159
283333147
283342237
283344671
283349933
283372391
283410637
283436011
283504147
283518757
283527487
283688513
283735477
283773187
283794713
283823471
283985591
283989773
284025331
284031521
284113849
284116109
284128597
284205001
284224301
284260211
284293813
284372239
284399153
284405047
284437567
284447029
284496313
284506111
284522311
284537119
284552011
284584087
284595931
284737951
284787851
284805049
284822309
284885203
284912149
284951197
284993113
285033131
285076387
285100631
285120301
285194803
285241871
285283129
285366457
285424571
285511301
285560239
285566503
285606577
285607657
285653843
285730429
285743713
285794513
285821059
285976883
285979129
286015943
286031891
286034009
286072777
286211347
286216481
286261571
286290371
286331047
286352309
286421609
286433923
286533139
286552853
286560319
286633271
286660181
286666213
286828343
286974323
287009329
287041459
287059991
287079157
287086603
287104549
287196313
287221321
287264713
287286443
287304011
287396861
287411591
287543467
287551963
287611201
287632567
287657861
287721319
287788219
287881819
287936681
287993033
288011309
288057071
288071309
288135139
288154903
288339157
288510491
288548243
288579113
288616513
288616733
288634553
288758291
288798299
288826781
288849409
288967673
289032509
289032581
289090387
289108109
289116973
289138357
289140419
289171109
289213409
289302619
289377709
289394153
289410439
289411777
289429057
289477571
289502963
289596319
289717613
289897463
289985489
289994261
290009431
290051737
290068159
290116973
290130193
290155109
290174021
290237021
290271791
290331121
290338339
290359129
290370221
290408681
290429857
290439953
290472349
290495197
290504309
290506709
290538049
290540963
290541337
290558377
290613601
290622247
290648081
290665387
290688791
290715301
290754119
290773039
290803301
290829923
290868791
290877443
290882467
290907319
290925119
291056047
291101431
291110819
291140041
291142849
291179803
291236591
291257677
291322001
291341749
291352619
291390349
291391519
291414247
291567457
291616111
291621881
291626471
291629197
291675367
291685951
291692197
291778343
291914677
291924049
291939353
291946513
292046719
292080421
292125601
292126781
292158319
292168297
292341331
292364239
292401509
292406221
292432871
292491281
292504109
292530829
292544587
292583803
292603321
292658453
292681297
292829839
292913149
292919813
292920101
292984781
292986413
293000639
293060039
293126681
293184139
293232791
293241829
293260691
293331809
293337049
293337119
293340739
293368997
293468257
293490209
293506201
293548267
293558723
293583457
293658931
293807029
293910439
293941387
293958053
293977661
294041819
294079087
294215797
294250147
294274657
294283963
294367643
294370159
294425149
294504031
294510511
294515149
294533471
294625813
294627367
294726457
294731497
294749113
294751903
294770467
294824171
294847057
294865213
294928213
294929993
295011329
295014331
295018973
295046923
295059097
295102537
295122559
295153409
295203511
295456267
295505923
295560119
295561271
295590833
295642387
295662457
295719313
295797023
295813963
295816553
295822091
295880891
296064371
296081587
296105137
296121559
296129467
296180419
296205697
296206159
296246843
296379851
296384633
296543287
296614853
296633287
296658053
296781791
296874143
296940187
296942453
296960077
296968013
296999389
297011431
297018191
297024011
297024529
297123923
297140681
297149453
297181853
297185543
297203359
297206309
297223429
297251309
297503963
297531973
297576947
297611219
297659899
297715823
297739391
297748571
297825713
297975191
297989051
298000711
298113121
298118377
298141391
298223011
298228823
298291823
298304497
298309267
298333129
298400131
298416187
298429253
298488599
298489181
298500439
298587599
298588013
298609343
298637513
298710371
298809013
298842931
298854233
298879289
298885589
298910119
298934591
299086639
299088143
299151119
299300137
299302429
299331577
299337443
299376013
299522843
299547233
299552413
299618681
299673893
299696261
299742533
299748461
299760067
299894753
299922067
299955919
299956361
299960113
300053731
300075539
300144701
300149711
300198029
300235801
300238811
300250451
300270631
300280711
300282911
300328439
300337721
300364837
300374647
300375721
300394621
300440773
300459739
300472121
300480847
300512551
300529939
300532951
300551473
300640441
300694501
300699001
300735011
300747973
300789397
300798319
300833531
300848719
300947021
300995329
301100599
301128629
301152541
301217639
301237051
301243951
301259039
301266457
301303811
301318921
301370921
301434041
301440341
301610641
301708111
301728221
301755809
301847681
301871659
301903501
301932637
301945019
301973519
301974031
301976963
302021831
302071621
302077229
302082511
302107951
302109719
302118331
302128921
302167993
302169649
302205961
302214673
302223521
302258321
302258659
302270321
302274631
302291519
302293319
302295221
302315521
302318111
302350739
302372111
302372201
302390401
302390519
302437601
302445457
302450411
302521441
302522383
302574809
302680447
302695597
302709401
302717839
302721719
302724239
302743447
302753219
302763337
302781601
302810639
302813519
302835157
302867101
302921711
303004811
303160393
303164557
303186809
303199111
303249337
303255011
303263339
303334747
303338891
303352631
303362711
303387943
303428891
303454409
303529411
303539591
303574121
303605531
303657671
303660431
303672157
303674719
303691943
303715537
303732901
303748111
303756877
303770437
303822811
303880943
303960029
303985813
303992309
304004089
304071241
304128431
304131341
304131701
304134421
304224311
304241473
304243183
304278349
304293601
304312621
304345511
304387249
304439131
304493933
304497191
304549159
304589977
304606919
304644601
304682519
304706431
304708231
304716649
304753121
304872419
304985029
305001731
305068501
305076791
305087719
305152657
305171821
305192039
305193247
305204611
305239927
305311829
305313821
305359111
305362801
305363347
305390347
305436953
305439439
305544131
305561611
305699413
305723909
305732611
305737519
305744519
305744771
305756239
305825719
305837381
305863409
305969413
305977603
305981983
306037531
306049031
306055111
306067459
306142141
306164659
306219131
306230819
306266221
306268519
306275681
306323939
306326701
306361409
306380219
306434521
306495757
306515257
306526301
306532021
306547973
306615809
306722659
306766219
306775129
306802973
306820849
306822601
306823109
306827419
306853319
306944329
307069339
307123529
307150231
307198181
307202521
307259471
307293619
307311821
307320283
307342759
307345211
307345943
307373629
307410931
307436771
307440901
307509581
307531759
307538677
307615709
307627519
307704119
307709497
307730701
307747129
307790381
307796077
307828219
307886723
307950301
308036431
308063101
308070239
308079757
308122921
308125711
308144437
308155619
308193671
308209501
308245019
308265211
308272231
308423839
308433649
308521229
308617409
308620919
308653777
308697791
308800357
308851339
308938823
308976931
308981377
308984257
309003131
309028019
309040141
309044011
309055963
309059857
309064411
309113221
309134521
309248983
309267319
309287009
309322759
309327419
309334639
309371047
309416719
309432029
309432247
309441739
309443539
309508519
309522953
309523321
309589871
309642877
309690049
309690487
309691387
309741877
309848633
309904481
309922201
309923767
309953753
309960913
309976253
309997043
310056847
310086701
310140199
310229609
310235141
310239031
310252331
310266811
310289311
310331531
310396147
310423951
310428431
310495963
310525837
310531483
310539829
310543747
310562311
310575247
310586539
310597481
310619431
310664891
310672409
310721909
310772611
310787471
310802341
310883021
310903183
310911331
310925011
310925611
310953337
310985309
311017951
311057801
311098321
311099137
311184073
311190221
311288591
311321531
311394791
311448131
311450411
311450819
311456347
311527319
311547311
311574157
311611711
311639137
311658877
311662801
311682221
311707849
311752759
311754649
311756359
311776973
311792771
311827871
311852231
311927201
311927519
311993497
311998177
312024673
312069559
312093073
312121631
312122801
312141493
312147301
312195809
312232351
312239909
312240631
312247357
312247849
312251293
312261931
312264637
312280273
312297301
312460657
312481919
312507457
312529691
312541709
312568391
312614609
312625849
312702959
312752701
312782629
312843221
312934301
312942719
312950411
312972509
313048201
313054529
313056929
313068029
313112441
313131079
313136801
313138993
313143241
313146637
313191457
313196591
313292411
313310821
313315921
313326329
313365001
313372511
313479997
313517129
313576001
313615531
313647211
313690459
313716881
313726019
313729597
313733839
313744121
313759987
313774973
313795219
313878743
313931309
313931963
313934771
313979543
314021593
314025539
314053211
314141341
314146537
314154983
314212441
314247719
314291321
314293549
314303251
314356871
314391029
314396587
314409881
314420473
314436247
314453701
314481221
314513429
314518619
314526791
314545943
314550101
314554411
314582629
314599823
314665867
314675239
314681539
314712547
314856209
314871301
314875181
314907529
315065819
315141601
315142183
315192247
315237829
315252073
315258011
315265231
315273209
315279487
315299713
315369371
315392933
315432329
315464797
315470839
315503311
315535501
315552311
315588703
315625691
315640849
315660649
315701531
315731659
315751411
315780671
315809149
315810211
315823121
315890101
315913943
315955181
315988613
316023821
316046219
316184201
316197281
316211729
316218719
316240411
316259149
316265591
316271983
316272001
316325819
316385857
316413121
316420183
316422329
316479923
316507057
316531759
316577119
316634047
316653529
316713601
316771201
316792129
316825933
316843159
316931359
317023501
317068201
317092301
317095409
317130757
317149409
317193983
317194001
317220131
317225011
317257777
317325401
317367397
317373031
317521447
317525111
317535671
317573677
317624401
317647039
317668177
317672767
317683271
317698781
317702101
318003311
318013183
318041111
318058159
318090337
318141521
318200231
318225157
318264301
318277109
318307819
318402031
318414157
318436777
318462121
318539803
318573001
318597157
318601111
318677941
318745039
318771209
318852139
318856513
318916963
318941309
318962713
319029037
319035247
319106891
319123319
319133039
319133839
319144019
319151039
319177297
319183001
319198603
319205819
319241431
319247381
319297997
319305131
319311329
319323001
319339297
319384567
319532009
319548703
319571101
319611157
319636271
319801057
319834181
319843039
319843963
319909087
320019937
320041693
320060711
320063729
320118847
320133701
320190757
320235193
320237173
320243411
320253421
320267257
320278709
320286809
320342431
320347759
320349401
320377237
320504819
320514193
320579059
320682119
320764057
320766877
320784983
320785001
320785391
320787667
320805301
320850611
320854981
320858983
320859001
320902411
320947021
320979187
320979833
320993471
321095701
321135719
321138031
321159739
321161231
321171847
321188771
321236711
321289429
321346139
321359771
321365347
321450401
321461429
321466459
321514439
321556639
321593137
321646691
321653963
321660811
321664709
321676021
321676111
321764719
321780401
321795667
321797467
321818311
321824101
321955519
321970321
321972011
322093201
322158209
322177411
322179581
322242311
322242959
322247983
322261273
322341401
322391011
322482331
322493047
322515701
322576409
322645709
322669987
322681819
322693409
322737581
322772953
322842809
322860809
322892923
322904011
322936391
322947049
322978823
323001551
323063557
323091011
323098571
323099767
323121811
323133731
323158109
323165039
323179111
323185729
323187581
323187877
323218919
323228839
323239237
323299091
323327891
323329639
323344421
323381749
323460611
323498171
323529419
323571953
323622419
323732501
323962993
323992271
323998303
324021521
324043501
324052811
324066601
324110939
324133211
324153211
324183221
324218431
324236219
324300541
324440821
324441031
324483101
324530939
324560219
324563137
324618011
324627031
324662953
324671609
324701519
324726491
324749753
324761953
324816581
324835481
324884803
324892387
324905519
324920749
324952339
324962329
325028437
325052911
325094201
325123439
325124731
325148519
325154411
325161509
325200929
325236311
325275581
325293923
325316819
325318691
325346401
325390501
325445137
325476049
325604611
325609429
325900919
325948823
325981657
325987639
326008919
326024821
326029549
326052631
326113231
326138009
326165131
326178577
326182301
326226001
326261437
326301809
326311439
326367487
326472961
326497603
326509597
326522501
326526301
326636329
326721247
326733419
326787353
326823619
326941933
326948077
327020411
327052993
327053011
327092009
327104821
327121831
327133201
327166687
327176767
327212339
327216809
327234311
327244963
327258209
327262729
327293011
327296467
327299257
327326359
327330301
327332963
327336301
327350819
327437101
327440909
327516011
327556657
327613709
327644923
327670339
327737467
327784357
327818753
327834139
327891457
327960667
327987581
328091629
328131031
328184497
328196377
328212329
328214219
328216211
328226449
328361311
328415449
328460609
328489729
328493467
328496257
328518209
328611421
328617371
328710719
328727803
328803697
328949771
329005801
329023021
329050973
329058757
329077019
329102737
329104849
329149813
329154037
329195287
329244439
329305709
329343211
329352787
329363497
329398819
329430953
329481577
329515933
329715667
329741983
329766443
329766739
329773603
329797661
329797939
329828453
329903219
329935951
329943703
330026857
330069791
330096719
330111289
330123631
330163501
330164173
330310811
330357337
330368359
330483973
330505031
330527909
330606239
330608039
330625601
330668587
330686471
330775391
330784021
330802657
330832849
330836131
330852029
330855619
330920201
330925691
330964201
330970691
331007857
331010299
331037737
331057849
331064401
331081837
331095337
331172339
331197301
331197697
331224193
331226083
331281721
331320079
331424339
331481231
331588181
331591459
331592137
331602847
331621721
331655993
331671029
331674509
331674529
331752881
331785229
331827439
331912621
331992139
332119357
332149031
332192891
332232959
332252821
332335319
332371849
332397139
332506711
332513609
332528681
332534309
332660611
332677271
332713621
332737429
332741701
332743963
332747291
332766397
332830409
332833321
332838973
332868743
332914619
332932147
332939977
333038701
333161173
333193109
333204629
333232831
333234431
333273991
333275311
333357491
333375037
333401941
333521821
333523409
333538159
333633973
333656329
333666371
333673933
333790409
333800339
333825259
333961429
334013411
334227511
334347037
334437529
334448857
334470029
334525781
334533119
334542157
334564339
334612319
334632209
334646329
334691587
334722337
334723639
334861481
334868813
334871983
334929187
335006311
335020801
335064649
335079139
335089129
335131619
335150339
335170111
335197813
335212529
335231609
335252909
335254691
335303911
335317819
335427439
335470501
335640247
335740501
335777503
335809091
336048121
336061001
336131993
336145057
336244301
336255349
336273121
336281311
336282259
336366229
336380111
336394271
336445933
336492229
336493181
336503891
336604871
336616249
336621001
336640321
336681973
336713719
336728377
336766553
336840697
336917803
336950857
337075339
337142411
337164031
337165111
337187009
337199813
337226221
337229471
337251157
337270639
337275209
337333943
337383191
337421309
337434697
337443923
337531459
337545001
337563049
337640021
337730629
337761667
337811609
337824757
337844081
337847633
337854019
337910047
337967771
337968053
338005319
338129497
338223601
338228381
338253491
338254409
338257813
338284109
338333629
338344249
338421953
338452481
338460011
338471677
338526119
338536853
338547019
338561291
338569691
338604619
338605159
338618197
338641481
338643049
338690197
338700511
338711449
338836733
338885629
339080771
339163249
339180301
339289871
339305009
339370391
339435119
339526387
339595057
339676639
339678893
339682267
339700729
339730571
339847253
339872077
339951613
340063921
340075111
340135141
340198409
340222919
340237537
340279519
340322231
340332757
340353329
340423949
340424111
340519549
340552319
340557031
340561919
340585339
340588019
340641419
340766471
340827419
340840537
340841909
340897553
340932791
340965973
340982381
340999613
341022961
341038993
341070731
341091721
341134657
341226121
341254531
341293501
341374057
341376509
341421757
341424329
341453011
341460101
341483609
341495963
341504201
341513647
341542601
341615437
341746973
341768467
341771047
341824237
341833819
341865371
341888543
341889157
341904247
341906009
341924021
341961787
341966029
341978633
342063329
342163993
342178339
342209701
342223709
342249211
342283147
342354601
342358201
342425431
342451139
342481639
342540301
342548329
342659287
342662609
342667019
342782309
342792371
342804221
342817777
342824519
342942877
342952111
342996881
343006051
343043821
343044901
343192211
343216919
343253321
343266439
343273709
343279943
343309619
343366519
343376101
343397029
343551157
343556963
343563419
343619291
343661519
343681319
343731991
343773667
343895633
343917319
344013311
344060737
344065121
344099377
344174359
344226331
344248687
344371301
344405521
344492963
344534681
344537059
344543449
344564963
344610631
344622881
344667097
344672149
344673191
344679067
344737109
344778067
344828467
344838833
344886881
344968523
344983733
344994791
345007331
345017909
345057697
345084301
345088657
345108331
345120311
345156439
345169567
345211501
345260501
345309101
345316639
345340201
345343549
345344047
345413909
345414973
345434449
345448813
345489533
345505109
345521749
345522337
345541549
345656119
345690973
345794413
345807191
345844271
345871657
345874553
345955823
346106963
346166497
346271993
346292587
346316609
346327159
346340749
346406009
346413209
346492129
346542439
346574803
346641439
346643963
346649453
346656097
346661767
346705571
346771129
346800029
346800791
346806319
346852567
346861181
346890703
346999853
347012111
347021711
347136619
347156309
347162131
347173391
347212357
347225009
347303129
347308111
347314147
347316121
347330309
347344519
347420257
347464963
347473657
347542021
347553281
347566357
347600749
347711887
347742139
347818733
347891839
347952457
348046249
348071221
348081619
348151301
348173587
348183487
348214709
348233401
348243619
348251719
348255119
348271993
348286823
348392377
348398957
348456071
348481853
348528097
348666713
348686243
348692543
348773891
348794681
348835951
348869509
348882533
348906277
348940477
348954791
348975709
348994339
349013101
349014157
349015301
349023809
349058713
349075109
349112611
349117159
349118101
349247557
349310501
349323349
349380049
349436119
349443667
349455097
349469243
349533913
349538503
349583987
349605049
349614371
349642567
349831297
349861177
349877929
350066701
350071273
350149231
350218229
350250809
350257057
350309749
350343859
350405609
350527109
350561011
350613811
350706337
350712031
350757139
350790211
350801021
350901631
350965039
350979443
351049057
351064139
351068539
351078011
351129029
351174157
351174953
351176519
351184237
351247147
351282739
351298271
351303221
351348671
351372649
351387973
351392021
351403721
351432901
351471649
351504859
351509401
351510931
351531031
351546101
351548381
351583249
351633511
351705209
351718391
351731257
351891139
351926587
352045801
352046983
352137791
352157111
352245337
352355449
352406963
352475329
352514347
352569703
352634719
352640909
352652719
352717867
352815121
352827191
352830337
352840871
352855109
352856197
352875097
352917119
352976453
352996967
353022847
353067349
353089567
353119411
353191781
353204647
353207611
353218147
353255131
353255311
353270521
353286001
353316511
353320831
353371691
353378843
353428429
353516131
353518201
353541311
353605237
353633009
353696633
353765557
353816497
353881181
353898143
353915923
353933219
353958067
353979581
353980129
354000701
354031747
354046109
354136109
354158923
354240011
354252029
354299453
354307411
354407971
354413309
354423829
354477367
354479413
354617149
354633101
354661339
354666457
354696403
354785633
354807209
354877613
354912697
354916813
354922993
354952181
354952567
355010701
355027121
355032121
355050239
355109137
355117871
355131901
355140329
355166381
355246597
355260809
355275191
355288553
355289929
355304347
355334047
355334519
355477513
355654219
355704581
355758157
355814059
355885213
355997783
356021131
356053031
356055509
356057239
356084101
356103031
356105891
356155777
356248091
356251619
356254933
356321101
356333449
356398213
356406671
356424671
356466743
356481487
356613211
356628367
356631439
356640419
356650001
356654029
356659871
356680477
356981077
357013409
357106619
357108259
357133109
357141209
357251887
357266197
357271339
357391129
357415867
357463109
357463181
357466951
357491119
357711923
357721249
357925177
357982871
358015709
358030531
358042459
358073101
358101547
358134943
358212739
358253419
358271983
358293367
358320331
358336091
358343149
358357997
358368713
358400501
358403993
358485623
358557403
358622309
358692403
358705091
358711777
358714219
358720249
358747343
358817813
358828343
358869551
358936343
359060137
359080159
359103809
359143319
359168891
359177257
359295791
359317657
359325191
359335297
359425181
359495153
359505577
359528987
359599271
359616457
359631229
359633753
359641853
359747771
359757581
359763829
359776939
359888209
359895113
359924891
359949683
360048421
360087349
360124411
360156311
360175729
360205949
360206083
360223121
360244849
360247231
360262801
360312041
360319147
360346211
360388129
360407129
360453791
360563887
360579743
360581681
360612859
360652619
360688997
360729119
360760709
360781571
360802919
360823871
360827587
360914201
360936049
360951697
361030421
361033501
361053239
361078339
361146029
361172983
361187963
361204709
361224239
361247449
361324531
361346971
361353221
361439101
361451309
361457059
361480459
361619059
361640819
361711421
361736471
361809281
361834973
361853497
361907309
361927567
361940609
361942409
361991803
362046247
362068339
362090129
362098271
362103151
362156681
362160419
362204911
362243891
362272619
362291359
362291681
362313031
362344211
362359477
362364581
362391259
362438497
362571439
362611021
362611357
362674297
362705401
362868533
362917019
362987591
363064411
363208231
363254009
363257677
363269009
363279071
363303631
363331711
363402983
363409021
363480031
363503219
363507301
363508933
363530347
363565297
363567613
363613121
363662239
363668813
363707497
363728467
363786443
363837743
363851857
363948313
363996233
364032637
364050983
364074259
364090301
364108963
364118609
364140031
364142321
364160129
364169119
364169467
364192201
364203901
364218671
364240801
364309159
364321537
364380509
364412611
364511039
364515121
364591853
364603781
364614697
364615429
364627297
364668713
364680229
364730797
364760329
364778203
364783513
364879481
364885343
365007791
365051431
365057471
365111311
365332871
365366377
365397353
365420129
365479871
365560319
365561059
365563567
365570419
365590567
365644567
365688053
365688671
365803429
365830319
365839871
365853071
365861803
365903059
365933377
365961019
366025109
366036037
366045671
366050611
366061411
366113431
366149843
366265091
366274567
366300509
366303739
366309487
366330511
366373853
366460571
366493513
366577639
366590171
366696947
366801529
366993413
367014511
367111111
367113119
367225409
367225933
367229803
367271329
367325059
367343329
367453477
367740577
367821973
367855871
367906951
367933087
367939609
367983439
368006591
368030347
368155387
368187881
368230691
368262001
368310401
368344297
368388851
368450587
368458523
368505913
368560853
368890303
368974939
369062219
369144577
369150211
369224983
369226387
369250201
369252049
369254843
369257543
369343019
369479329
369493871
369528403
369549013
369558143
369698753
369723703
369815723
369938381
369954581
369984863
370020901
370068037
370091521
370195993
370240231
370310701
370412083
370432511
370461209
370470809
370480147
370486297
370491259
370507237
370536619
370566913
370618319
370655587
370664309
370750109
370751449
370792813
370830829
370838843
370845229
370873039
370886543
370914697
370924409
370975643
370995739
371003819
371014411
371033939
371055331
371064209
371065729
371070701
371073809
371085419
371141429
371209459
371221657
371274961
371279081
371309221
371311631
371389553
371416109
371493139
371494219
371513321
371514601
371538319
371649277
371673139
371687453
371800537
371839733
371862397
371868067
371905519
371912953
371933011
371977967
372024547
372054719
372143983
372174211
372229687
372317311
372403111
372416311
372480011
372507943
372513209
372542971
372588313
372590381
372607201
372626101
372634391
372740201
372807397
372826567
372906049
372925271
372930697
373027819
373108019
373165993
373166011
373222319
373247101
373271021
373340431
373509757
373527191
373537477
373559839
373574171
373614011
373634587
373636129
373663813
373671913
373810781
373871119
373890613
373939729
373967591
373998371
373999091
374008031
374048329
374065319
374072047
374138419
374151131
374162311
374226301
374249933
374320021
374409001
374463371
374496931
374609197
374638177
374646367
374680219
374755553
374761091
374881513
374895233
374916277
374967053
375054961
375133019
375136933
375181867
375288791
375303157
375359723
375361249
375366743
375436091
375522619
375579851
375587911
375600809
375673267
375691553
375725803
375744653
375746543
375782453
375811159
375843613
375881167
375897191
375910933
376023001
376027571
376141943
376175803
376201447
376243159
376334923
376437097
376446703
376601311
376602301
376604471
376608019
376615181
376667771
376762513
376803139
376922753
376980313
377079067
377114629
377135149
377173567
377181281
377289233
377313439
377314159
377334119
377385623
377437087
377472457
377523229
377548921
377646443
377662177
377672413
377781829
377895919
377953253
377955323
377967683
378046091
378063319
378120991
378127109
378182009
378201881
378255653
378271219
378301109
378375313
378389873
378426071
378441757
378456977
378478223
378497291
378526823
378530149
378582623
378599483
378608257
378653813
378698261
378848419
378871967
378919661
378938561
378943921
379094941
379101719
379159691
379178243
379214239
379275881
379342129
379350229
379520923
379633733
379637809
379675481
379708613
379713097
379764053
379814453
379839113
379862333
379879289
379881053
379894909
379981223
380009411
380044447
380069149
380072701
380094439
380113529
380114201
380181001
380182619
380226421
380260537
380295319
380317549
380383481
380402131
380426359
380462359
380525953
380538577
380539039
380631337
380638567
380727667
380828171
380875087
380916667
380919703
380935567
380968781
380980657
381018973
381027337
381040619
381152983
381153001
381157159
381184777
381221609
381238687
381316321
381349477
381388643
381466181
381534983
381552923
381568177
381633509
381649357
381673091
381681577
381698153
381726757
381727219
381778967
381842309
381854009
381868343
381906487
381948353
382004731
382026401
382050073
382109719
382115611
382126691
382149319
382200151
382220221
382230929
382258477
382269367
382335439
382439287
382442681
382491757
382506101
382508471
382633249
382677403
382714391
382725139
382774643
382781713
382790029
382810963
382813201
382831409
382864357
382905577
382952029
382990997
383090221
383104973
383141909
383170709
383201821
383209391
383217259
383273419
383275181
383301859
383306047
383328397
383331719
383345239
383352509
383372923
383518903
383589413
383606011
383614993
383619653
383640671
383764643
383906557
383928791
383958053
383997409
384104839
384254963
384258187
384262429
384507397
384650587
384709939
384746543
384785911
384801121
384822209
384859799
384884719
385051619
385057903
385073497
385086019
385111919
385194703
385221401
385290667
385324409
385336657
385503961
385591267
385598651
385650119
385774253
385779773
385812487
385897219
385910219
386034031
386111659
386309713
386407271
386422159
386458871
386676893
386725553
386749973
386758481
386771167
386870167
386989489
387091657
387153913
387172109
387308029
387344557
387368153
387414281
387482413
387534187
387563167
387693323
387794929
387869959
387893329
387969691
387981233
387996781
387999089
388006519
388039357
388046119
388099043
388130401
388154119
388193941
388216963
388231001
388234039
388326187
388374353
388399699
388441219
388584709
388717781
388780057
388916153
388918883
388924967
389011981
389014391
389014973
389032249
389050429
389053963
389077343
389087911
389097323
389111629
389121419
389122973
389171009
389230571
389231149
389231419
389327077
389476391
389537243
389538761
389546513
389579689
389681681
389695181
389700001
389731733
389950343
389979391
389982599
390005821
390028109
390148201
390153331
390271709
390280871
390392381
390416519
390419291
390429371
390450029
390473767
390503011
390586643
390597791
390604691
390605519
390639833
390675367
390711973
390763019
390773029
390812111
390842239
390859871
390919513
390954833
390996143
391098457
391109449
391121083
391135109
391200241
391245031
391307629
391309777
391350991
391368457
391372571
391469257
391477357
391512029
391513691
391520257
391525993
391541009
391565843
391576553
391582903
391605301
391641101
391645091
391666267
391726091
391799651
391808029
391823059
391939819
392009719
392012557
392041849
392086477
392188087
392205029
392205719
392235671
392244301
392280983
392300221
392308481
392320601
392376097
392428657
392559157
392561419
392598581
392605201
392636287
392666167
392707019
392713973
392720221
392804471
392945257
393004537
393005309
393007231
393041101
393052871
393067019
393076129
393111611
393113411
393135671
393135877
393188813
393236219
393244519
393308497
393372319
393378977
393403639
393460201
393516667
393520019
393570119
393578153
393704329
393707467
393729971
393731983
393740471
393765623
393832039
393856613
394003229
394060897
394258087
394290667
394338277
394422943
394438951
394468691
394525297
394527703
394570567
394583543
394599683
394638313
394639781
394669003
394698683
394735603
394783967
394839439
394890403
394981781
395090497
395132359
395196533
395298413
395305249
395332687
395458639
395569799
395592403
395634097
395714029
395735257
395758313
395785799
395786329
395836691
395849213
395869589
396022709
396036757
396070001
396081281
396087353
396136297
396153139
396202501
396250409
396251983
396252001
396277729
396367523
396448343
396460657
396539719
396611381
396693013
396707503
396714457
396715997
396753353
396830843
396846581
396868699
396874043
396905813
396949219
396951713
396955571
397019197
397156267
397186729
397195613
397206209
397315903
397379239
397487213
397489181
397500787
397638893
397683529
397690871
397726057
397744213
397759181
397800049
397823453
397887653
397919419
397968161
398011459
398028097
398069153
398115191
398117287
398257523
398302319
398519113
398548133
398575313
398585123
398689799
398790143
398792651
398803733
398805931
398832713
398856229
399022159
399032677
399079391
399117457
399151019
399245633
399427921
399482243
399516157
399666977
399763223
399841613
399899089
399952571
399983957
400007089
400007821
400038809
400049801
400051693
400064293
400136411
400165231
400175401
400184201
400191221
400293521
400333931
400358501
400367347
400407809
400442501
400548131
400586449
400602341
400634737
400671121
400680101
400696867
400777571
400835909
400852919
400853521
400871839
400880983
400890649
400903837
400946771
400947923
401107621
401122831
401140541
401146619
401170739
401189311
401219519
401221721
401232341
401288609
401318041
401322839
401330821
401331079
401380747
401395019
401400731
401426021
401437919
401453519
401457209
401468359
401494231
401525911
401552737
401580901
401631151
401637421
401650439
401685419
401686249
401691029
401696329
401784419
401802041
401802601
401875339
401914621
401920709
401931547
401969713
401983409
402022189
402045151
402057637
402080431
402152141
402202721
402219547
402225931
402263557
402285209
402322951
402345457
402363631
402479381
402487159
402491101
402518749
402557137
402579139
402628729
402643229
402644659
402668587
402698287
402735401
402747581
402771829
402775409
402782719
402826321
402841601
402842431
402854449
402870421
402894913
402952897
403031731
403039939
403071629
403157891
403168501
403185649
403188259
403221341
403354447
403383809
403471331
403507759
403534801
403540211
403566101
403566983
403578229
403598081
403615409
403621901
403660139
403701421
403740509
403848371
403888951
403928587
403970629
403971349
403982309
404002279
404014393
404014511
404062657
404067331
404069797
404072021
404124151
404153647
404172239
404200541
404201593
404205847
404242529
404325721
404346511
404348401
404353973
404369767
404437109
404519771
404540737
404545019
404554639
404594381
404632409
404633347
404652421
404655983
404656001
404714309
404743211
404748973
404865229
404899819
404921611
405125111
405131521
405144121
405195943
405224041
405298963
405334229
405382031
405429509
405467059
405492259
405559129
405561719
405663211
405686753
405746101
405774209
405792913
405805871
405832709
405834101
405908219
406032421
406059509
406060183
406091039
406101811
406121231
406130293
406142609
406331201
406369987
406370231
406444057
406476281
406508449
406647209
406682291
406683209
406817381
406824211
406841009
406864109
406882477
406926049
406991029
407012611
407034631
407121283
407149111
407166581
407201831
407234521
407240131
407303621
407340509
407351891
407367119
407395477
407409349
407413849
407420609
407467219
407470411
407473687
407486081
407506459
407550991
407566219
407622119
407632501
407674109
407760877
407802809
407835139
407883019
407956177
407966077
407999873
408000079
408027331
408049429
408062437
408062983
408110701
408134039
408148159
408223357
408322357
408336491
408475297
408483913
408491219
408529813
408544481
408552301
408563677
408564577
408684833
408706973
408717229
408754019
408784997
408801157
408922933
408945703
409020719
409027109
409058219
409078129
409123711
409150201
409228409
409237429
409268843
409290121
409321021
409329953
409367467
409415681
409438567
409448029
409507001
409535963
409555129
409560259
409586413
409625497
409665833
409710559
409713419
409730221
409748503
409820771
409882997
409887671
409896581
409979789
410175901
410246339
410279629
410403251
410419021
410461811
410548729
410645891
410721757
410797853
410798197
410862719
410960659
410986567
411062819
411064921
411088501
411109619
411124739
411149929
411168649
411178147
411183239
411214801
411253529
411260321
411260819
411293011
411294029
411333931
411367549
411450421
411493031
411522931
411542531
411581431
411588371
411612821
411663029
411687667
411692401
411699097
411750211
411781639
411795973
411817871
411837983
411838001
411886219
411948487
411952301
411969923
411988513
412032701
412054051
412086029
412089011
412128811
412138319
412153631
412175611
412188349
412197509
412246409
412275119
412294501
412310971
412338337
412357871
412374829
412412431
412412909
412440241
412482221
412513631
412544257
412602539
412668371
412718519
412738973
412751501
412755037
412806809
412810529
412874923
412904521
412942619
413009083
413047993
413051729
413059501
413068639
413094001
413095231
413128201
413153519
413159137
413163637
413183839
413185109
413218801
413224501
413226239
413242031
413253329
413313847
413400811
413402921
413413411
413445029
413446963
413470801
413494429
413525701
413543659
413557973
413576329
413591131
413616131
413626019
413626943
413655787
413718923
413742247
413742559
413765419
413776963
413781877
413821711
413877097
413917993
413938477
413950729
413960719
413964667
414021583
414060601
414077519
414085709
414092611
414111541
414160121
414165337
414178201
414197219
414240821
414263909
414284359
414294983
414295001
414314311
414355321
414355639
414363401
414396209
414465301
414467149
414520411
414526709
414550111
414812347
414902347
414914047
414921719
414926219
414941609
414959453
415006301
415024439
415033231
415044011
415058797
415115429
415145749
415183057
415185031
415199713
415257509
415281511
415299961
415345981
415417411
415445311
415463137
415479833
415558219
415623881
415664857
415740601
415849939
415904681
415931591
415947703
416101711
416106073
416119709
416152021
416153701
416213429
416216309
416234521
416236501
416293571
416299603
416326121
416381201
416412701
416415809
416438677
416520457
416520631
416552131
416618291
416624953
416662409
416679313
416707391
416713019
416840401
416904101
416942587
417037729
417110231
417115409
417132239
417133021
417240121
417273697
417294487
417316729
417328159
417356923
417390943
417457387
417473963
417509419
417527309
417534581
417544571
417601021
417637387
417682219
417718853
417721729
417735049
417796303
417810559
417819277
417862219
417874997
417894881
417896113
418003051
418014983
418030183
418048777
418189913
418244311
418263943
418303531
418351501
418372973
418386071
418517923
418531147
418533259
418547197
418555477
418611209
418652963
418671191
418762567
418778861
418806281
418968413
419002141
419014801
419039149
419050201
419065001
419079457
419094667
419118619
419129857
419147419
419211329
419239903
419243771
419263409
419279543
419433439
419434159
419443777
419444329
419515249
419551933
419586313
419586977
419624239
419702047
419710321
419734813
419758343
419773997
419777681
419781367
419808833
419857213
419897329
419913191
419964067
420007739
420035921
420043829
420053701
420140621
420179609
420245911
420267209
420352721
420377681
420451921
420461609
420471547
420482611
420532501
420544801
420573337
420579119
420584993
420613657
420688019
420746933
420751021
420882529
420896171
421003651
421031939
421045211
421068511
421073339
421076963
421083721
421088359
421119239
421187681
421192021
421249819
421299757
421308721
421325083
421339729
421404283
421404719
421455337
421460621
421553129
421578757
421672019
421758229
421792409
421944619
421971037
421997453
422003711
422051473
422074511
422120089
422159629
422161121
422167729
422200981
422241221
422272531
422311919
422315939
422334329
422381129
422438971
422499703
422544719
422570521
422570839
422586973
422642257
422671121
422788357
422840701
422860709
422950109
422998921
423019139
423021631
423023819
423076321
423093337
423148057
423183953
423300961
423351611
423379181
423405547
423410341
423435601
423533909
423542891
423556481
423613601
423642719
423651001
423790319
423814639
423905719
423906983
424016731
424081421
424099297
424107329
424151131
424163659
424217309
424264871
424380157
424416337
424429249
424535519
424546777
424625449
424671581
424672481
424738129
424742221
424773119
424780973
424782191
424801511
424910039
424960021
424972813
425016611
425033519
425074459
425083871
425191729
425200801
425211757
425214721
425245501
425267419
425271331
425337509
425353963
425380019
425382787
425473339
425661581
425682371
425706031
425736001
425910119
426020341
426046057
426097853
426143891
426146887
426160621
426168667
426224839
426231011
426264121
426267371
426272797
426300911
426427409
426434887
426476081
426498881
426516121
426525031
426593467
426633419
426844181
426897619
426906049
426919957
426990367
427108211
427122457
427208359
427223701
427233029
427322437
427334953
427361201
427384963
427419319
427440791
427460797
427491973
427506943
427523311
427532719
427532933
427547287
427551419
427560983
427564271
427669961
427736081
427736377
427739929
427768819
427894253
427933567
427985113
428003201
428028787
428074391
428076001
428103721
428177377
428200121
428221421
428260411
428262349
428295187
428330701
428401711
428484187
428520739
428534101
428550509
428554657
428670667
428752477
428786681
428815813
428833129
428840857
428846167
428878339
428924843
429002173
429107401
429113819
429212257
429260609
429284287
429322147
429325111
429328129
429344219
429401309
429405671
429410347
429449453
429459157
429473377
429552191
429571477
429639919
429641983
429670387
429732049
429791839
429833557
429918443
429936791
429964729
430002731
430008539
430131701
430162709
430225837
430332719
430339549
430342831
430351709
430412051
430504183
430533637
430612411
430648409
430790131
430847149
430857913
430880591
430999523
431003801
431035921
431066231
431077019
431084839
431094337
431106283
431130961
431132729
431198239
431215619
431216021
431250629
431253701
431288857
431318257
431364119
431410621
431438401
431473619
431500711
431524001
431721929
431742029
431812993
431934983
432050051
432065891
432075829
432104831
432138209
432205051
432229411
432273649
432287587
432330719
432335411
432337729
432456697
432473359
432481691
432495281
432549371
432564037
432590933
432610093
432643709
432661549
432678457
432679939
432682597
432736319
432753943
432792487
432956009
432982019
433002673
433033721
433064347
433108229
433125859
433136909
433184771
433211819
433221757
433266259
433316749
433403429
433422239
433461739
433525237
433546319
433559843
433577029
433602419
433748377
433773371
433790677
433840871
433859453
433879909
433918567
434028559
434076697
434138591
434191897
434233021
434344619
434351129
434362963
434364211
434366381
434432039
434444449
434460511
434492983
434561539
434563973
434620409
434706101
434761409
434862049
434912629
434980963
434992823
435025319
435031183
435086291
435107219
435128201
435134983
435156877
435169477
435174101
435183439
435291419
435296377
435338011
435364429
435370981
435426529
435455983
435504973
435544339
435566029
435598253
435618049
435621881
435672119
435695413
435712411
435740449
435809081
435842963
435964513
435981703
435987581
436039687
436060711
436109719
436111439
436112801
436125719
436153321
436160411
436164961
436168387
436169843
436196029
436217311
436245419
436281101
436320301
436348853
436370609
436383757
436414501
436421039
436421891
436441549
436450411
436462111
436474567
436492129
436516519
436533301
436533943
436622359
436654039
436799381
436888481
436956881
437072221
437149903
437210993
437247229
437344111
437397533
437428129
437451491
437553913
437590091
437601881
437687513
437693941
437788339
437793977
437810111
437955977
438030521
438044953
438133963
438170009
438208391
438271159
438280001
438492367
438522211
438651001
438688751
438693791
438922903
438928057
438974203
438984851
438999383
439005131
439007111
439010401
439032331
439059743
439066657
439111601
439120849
439130231
439187257
439197791
439233121
439247009
439322137
439342777
439443209
439476533
439495921
439497761
439540201
439628633
439699963
439700719
439750477
439868789
439879361
439973113
440028811
440068781
440091983
440092001
440149729
440168591
440170631
440174257
440278973
440291963
440304911
440333401
440374237
440378011
440420501
440434601
440472973
440483401
440488903
440560447
440591609
440643029
440647111
440661401
440841649
440901073
440923871
440992129
440994833
440995733
441030341
441034619
441038749
441101911
441184109
441187249
441199853
441203831
441240731
441281839
441341939
441353659
441355231
441368677
441383993
441384011
441400621
441440609
441447491
441462029
441506231
441624881
441645961
441650819
441709519
441810073
441867187
441931943
441998423
442020079
442028819
442156501
442240901
442244219
442247719
442320911
442352011
442382519
442425829
442471459
442524119
442541611
442586803
442602859
442643797
442665319
442665577
442670131
442730839
442780319
442879057
442880857
442912121
443012819
443064331
443076787
443117309
443158021
443173501
443200573
443351309
443371321
443380549
443441101
443475577
443478071
443490031
443533459
443598931
443634259
443684081
443694071
443740819
443742529
443800229
443845387
443860687
443930681
443940011
443948839
443956087
444025139
444116437
444152431
444159913
444170039
444227131
444243791
444311731
444324337
444342421
444387019
444408011
444511447
444517933
444550501
444616597
444673181
444814159
444832519
444851471
444953713
444965987
445028009
445042001
445046401
445058309
445133431
445162819
445188703
445244311
445250347
445256219
445260973
445421891
445423019
445676167
445683097
445900943
445943467
445965713
446009449
446061221
446090401
446216887
446370961
446391973
446412559
446433419
446508397
446572657
446740159
446906171
447005309
447010051
447029857
447107359
447172111
447304321
447327229
447346181
447362291
447373963
447536029
447551677
447583553
447587719
447592997
447622249
447633049
447633577
447645743
447662753
447705001
447797123
447803309
447848243
447929591
447958883
448009201
448010429
448071419
448097257
448131791
448143961
448204459
448271059
448354219
448424239
448496423
448512943
448520047
448540409
448828213
448961987
448996013
449014031
449060021
449112331
449126767
449130001
449137109
449144239
449232943
449249929
449306149
449325229
449329513
449350777
449481743
449501993
449520439
449551477
449670457
449689589
449690723
449797763
449840467
449870987
449922703
449937893
449939213
449971253
450020939
450028531
450031951
450065611
450075953
450083611
450179419
450219559
450252721
450253319
450255401
450314621
450332621
450385597
450410141
450421501
450519787
450581609
450592867
450701311
450760411
450875713
450891319
451006709
451046347
451064909
451071721
451080457
451090319
451093301
451174729
451182829
451183619
451195391
451240501
451267867
451278049
451288813
451318019
451346591
451354121
451384429
451388843
451425719
451464037
451474993
451484857
451495853
451610993
451690571
451703983
451712659
451823797
451907219
452029927
452060083
452067943
452115239
452133239
452143919
452169371
452172719
452187139
452227109
452274509
452280601
452284249
452297081
452316511
452338519
452385001
452385281
452406991
452428687
452455687
452599871
452603891
452632981
452661439
452698523
452703337
452750131
452789993
452801347
452809853
452821321
452822719
452904037
452904581
452925397
453067933
453069139
453148429
453152309
453152411
453226237
453263933
453274319
453321859
453366191
453468097
453528281
453541897
453641971
453650719
453669353
453766087
453797203
453873019
454020311
454088029
454171121
454182943
454281031
454343221
454417597
454465129
454468603
454513057
454562149
454580923
454609109
454613591
454670767
454720411
454733011
454790009
454805419
454914209
454927951
455010421
455036009
455094209
455144887
455207359
455255239
455293129
455324609
455375009
455415787
455423131
455489423
455674357
455823119
455857433
455860129
455941477
456065677
456155767
456195457
456206539
456222973
456330421
456336229
456364109
456426577
456435139
456451481
456460597
456561139
456589429
456679609
456710311
456731857
456795233
456796481
456824843
456890257
456919691
457037963
457097891
457110457
457138963
457361101
457434319
457454029
457604101
457631983
457667333
457712239
457720481
457938053
457946243
458132629
458181487
458198539
458202029
458203549
458207291
458215319
458372029
458393813
458409277
458419513
458419957
458441983
458442001
458484443
458539253
458623129
458671643
458673829
458684539
458769683
458785339
458861413
458896853
458924839
458930287
459017309
459020983
459061391
459068503
459094087
459097523
459128713
459200501
459263803
459303301
459342371
459391643
459435367
459436823
459514129
459550963
459810191
459844433
459912097
459945671
460015921
460071811
460087249
460090711
460125509
460148047
460156549
460176011
460231529
460240901
460292401
460337021
460338259
460340801
460364797
460441601
460463449
460469287
460501031
460515973
460531601
460543019
460727381
460731421
460739977
460753973
460794743
460823047
460888691
460990091
461014811
461019331
461028739
461036819
461081521
461090501
461117257
461121911
461213993
461217331
461326981
461330609
461366963
461401121
461407619
461411557
461439397
461473391
461543311
461632819
461641963
461686513
461743519
461807011
461807419
462015859
462049481
462086857
462127147
462171421
462173449
462259657
462291419
462300731
462301747
462311737
462401801
462474119
462536857
462549653
462552619
462567097
462608309
462616001
462628657
462644419
462679691
462691297
462761983
462900247
462969491
463014521
463028971
463053719
463091887
463105849
463157011
463162709
463178119
463224829
463421011
463427291
463465853
463600531
463630549
463669433
463732391
463753019
463754843
463781287
463999673
464006909
464048219
464083973
464085371
464092319
464140601
464141039
464142131
464243047
464334491
464351021
464354419
464440709
464442037
464485643
464491297
464602729
464686921
464696629
464707219
464788661
464844097
464877103
464892403
464952457
465082777
465227963
465287413
465369791
465539413
465604319
465618019
465620009
465639791
465725287
465754603
465779291
465896471
466019101
466030139
466085119
466193803
466198253
466232953
466239457
466294357
466332121
466365833
466406419
466577809
466604239
466627643
466723813
466774057
466811291
466939043
466991153
467006591
467026481
467028119
467054677
467058367
467063419
467081983
467100611
467120839
467157653
467174119
467199053
467245271
467273377
467310791
467383643
467384891
467454187
467549333
467653553
467654813
467709353
467735453
467744633
467819591
467821091
467830567
468016481
468024619
468150581
468211781
468228613
468245119
468300029
468321031
468331481
468342319
468407197
468452557
468515171
468547433
468647719
468657103
468664921
468700777
468702973
468734257
468795139
468845203
468848381
469019713
469071397
469102691
469106471
469110953
469130887
469156603
469179983
469203121
469240867
469248067
469320491
469362653
469534643
469538243
469568123
469572931
469575013
469633513
469740457
469772113
469786181
469909991
469979581
470009521
470038819
470082029
470104709
470170801
470215919
470227981
470247671
470253829
470266429
470271973
470311811
470320051
470403431
470615311
470641781
470683963
470845477
470964833
470999471
471071011
471210809
471215963
471235729
471236771
471242983
471260039
471295091
471325501
471331447
471333337
471360157
471366397
471372943
471431039
471443771
471477277
471480349
471480439
471531791
471569543
471615301
471646853
471806767
471817019
471844853
471866987
471877433
471948881
472019719
472068229
472075867
472111657
472152029
472160501
472163359
472270459
472300093
472311457
472386367
472395277
472490677
472501973
472605619
472632983
472633001
472747603
472797947
472832963
472906963
473083867
473155021
473172619
473183149
473187019
473216719
473223337
473315131
473354419
473424031
473428477
473442037
473449553
473450449
473493187
473508281
473523031
473531221
473583457
473717081
473754187
473899091
473904191
473908733
473923477
473928977
474007057
474034147
474075757
474195097
474198353
474207619
474265039
474342419
474404933
474407149
474412781
474421639
474480191
474481039
474622111
474633667
474789863
474827723
474840049
474934177
475003531
475032511
475062697
475116619
475212337
475282271
475344913
475360687
475371191
475400039
475439077
475460497
475550767
475635187
475657967
475714387
475748113
475861733
475900339
475971791
475978361
475993519
476013809
476015629
476023871
476060887
476160037
476244281
476265187
476371271
476483167
476518951
476667619
476732119
476987029
476999183
477092713
477114439
477125381
477186791
477339713
477353029
477392723
477427733
477447977
477532903
477587471
477636067
477700973
477844921
477872861
477909053
477962113
477975863
477977791
478002829
478025923
478047653
478190287
478192733
478249433
478271119
478379789
478686977
478721753
478774799
478809581
478811803
478823987
478832633
478878563
478927391
478951691
478968947
479094067
479102137
479134129
479301671
479320867
479355829
479356343
479383921
479451703
479490623
479563613
479842523
479862323
479883919
479893699
480010931
480013211
480037729
480148021
480158923
480170909
480207209
480259271
480299077
480322319
480336697
480363581
480375139
480416401
480735973
480874357
480884543
480980557
480993713
481010819
481045871
481066021
481075993
481081057
481086371
481094587
481176049
481180411
481206881
481213357
481240919
481262311
481285813
481326529
481363391
481441691
481455119
481522109
481532131
481600447
481611001
481671209
481894057
482114219
482128571
482137021
482161501
482168287
482185181
482221331
482223029
482239271
482261009
482341709
482410531
482416111
482442101
482502953
482511209
482523101
482577533
482595623
482612359
482622037
482701057
482716567
482745833
482780119
482785253
482801359
482887571
482889863
482948681
483102637
483151729
483191587
483200429
483208519
483286997
483338029
483348367
483415409
483507757
483528277
483627743
483665167
483690367
483734803
483761713
483801697
483824377
483859799
483894893
483949043
483955781
483990931
484025221
484039019
484049009
484072319
484101547
484135111
484223771
484280983
484281001
484304311
484396433
484397681
484421401
484528267
484594819
484637891
484639691
484736543
484753553
484891691
484946771
484950457
485030501
485116481
485143249
485202511
485208049
485240719
485301209
485412671
485473603
485551271
485859229
485946947
485975239
486101611
486102209
486102649
486112709
486133481
486164557
486194413
486221201
486275723
486298391
486300809
486303619
486326287
486415297
486422471
486496223
486584911
486688589
486744443
486758329
486770257
486936581
486936893
487051021
487094941
487181171
487221697
487306109
487361009
487364077
487371653
487398683
487413049
487544987
487559789
487583113
487609781
487736911
487775929
487782619
487850413
487905157
488012771
488042983
488081287
488097671
488214119
488230159
488348771
488375243
488384629
488398129
488419343
488450467
488505613
488759261
488812087
489086113
489096529
489117613
489160813
489218413
489257203
489325997
489384053
489480977
489537233
489538661
489694451
489763429
489818509
489865451
489939389
490005101
490035209
490038509
490133521
490137259
490174319
490177657
490213021
490215157
490242601
490283419
490465387
490492813
490509667
490540781
490579613
490608281
490644397
490716371
490721771
490723867
490744109
490766077
490777691
490801321
490812943
490900639
490922587
490925081
490931767
490993523
491009201
491032537
491033749
491036629
491040811
491077903
491114219
491133809
491161709
491209021
491248271
491316037
491337487
491390059
491391209
491527657
491533409
491540311
491591803
491602301
491877761
491912963
491914853
491983523
492025147
492027671
492095803
492120631
492122321
492161519
492193297
492212983
492233009
492251953
492454129
492454903
492510209
492522983
492647167
492651281
492706477
492711259
492713983
492757781
492786851
492794957
492813577
492945977
492959981
492960019
493015031
493022819
493190857
493220521
493269919
493294177
493341983
493342001
493428703
493454287
493543109
493575403
493621481
493737791
493823713
493939609
493941277
494084119
494161391
494285543
494307139
494336287
494369243
494394829
494432101
494457157
494633081
494671643
494702149
494722297
494759651
494801149
494835977
494949863
494997299
495198709
495224857
495228367
495350923
495469313
495506119
495519067
495618353
495638719
495786139
495828761
495852067
495856043
495869887
495878351
495882581
495967091
496011829
496161139
496280119
496303391
496361713
496414657
496430677
496519253
496550029
496568789
496610857
496612019
496620913
496807967
496978151
497026129
497084503
497098939
497145277
497170657
497199973
497289461
497333803
497335733
497359339
497382533
497385851
497559971
497649281
497775461
497934413
498070109
498079339
498087893
498208553
498210301
498379789
498407257
498465581
498607691
498620713
498675461
498729281
498825323
498831353
498920453
499037633
499064413
499078883
499112587
499194901
499259899
499299781
499300687
499319203
499325891
499412119
499421081
499429481
499478689
499615213
499645313
499660781
499877789
499900087
499911977
499980919
500036941
500058431
500123551
500144231
500224511
500228021
500247521
500248537
500254501
500268247
500281121
500419537
500423411
500476019
500524709
500537321
500576359
500623051
500643509
500651401
500730283
500765609
500839597
500881057
500885963
500894857
500918591
500918797
501017383
501024431
501064093
501069809
501250601
501251909
501291431
501344401
501397867
501417073
501422819
501519401
501631051
501644431
501689977
501707039
501708601
501755131
501788753
501816209
501838867
501865249
501876191
501935887
501960247
502025921
502069819
502079401
502133941
502200991
502212839
502257221
502302701
502344631
502379011
502401541
502419739
502438301
502472819
502482157
502500611
502506721
502538629
502562909
502579853
502592137
502610921
502675597
502751983
502765687
502809101
502854439
502997167
503035901
503038021
503043809
503061931
503066611
503197571
503204909
503220541
503239897
503291101
503327257
503338963
503349037
503396767
503404949
503509301
503525909
503527781
503605919
503625337
503625559
503641601
503655671
503788603
503806057
503814221
503832331
503909101
503934619
503962391
504008731
504043439
504062519
504077311
504087211
504099229
504151231
504161821
504222221
504235621
504259201
504269767
504279119
504297139
504297757
504314221
504548101
504591259
504601949
504605219
504629291
504650611
504678613
504688603
504711509
504721319
504748903
504760237
504779813
504922147
505009801
505060121
505085131
505130321
505148887
505234601
505322173
505405409
505406101
505409539
505409591
505409719
505470331
505504919
505553519
505692371
505715047
505823047
505823359
505849823
505851923
505938187
505978691
506003857
506057933
506061547
506068201
506080357
506091829
506104211
506109119
506130809
506132339
506212093
506224973
506337529
506347201
506351431
506365429
506402531
506430611
506444539
506450701
506465963
506497951
506532511
506552609
506561221
506590867
506604719
506636983
506659357
506692903
506720749
506801521
506900231
506916191
507063719
507103811
507116611
507125659
507180809
507213701
507265111
507289733
507292777
507358039
507374677
507402509
507500731
507515311
507515719
507569929
507583091
507605519
507673297
507687931
507714671
507746119
507815963
507832201
507837457
507855613
507934477
507941219
507964643
508019401
508066571
508136021
508147687
508405897
508434697
508450031
508544419
508574713
508603819
508634677
508650509
508710649
508730137
508757941
508837997
508884067
508897751
508923757
508960477
508962277
508994861
508995103
509032319
509041201
509118529
509127491
509211811
509217101
509229997
509279453
509382119
509399153
509408329
509420129
509454191
509479213
509530871
509542519
509586313
509621311
509652973
509685881
509740159
509757881
509833297
509903587
509929639
509995571
510015901
510030931
510039121
510074401
510118657
510137429
510171373
510206611
510227737
510230593
510249209
510263911
510269917
510296359
510354721
510455909
510457639
510486671
510505921
510544849
510565057
510577021
510597973
510626219
510723431
510860611
510872953
510915973
510929767
510960029
510977029
510979823
510981259
510993397
511001479
511069231
511237711
511293331
511359509
511369597
511504831
511523939
511524329
511535039
511582963
511585339
511607347
511734791
511756867
511786019
511820609
511848209
511851511
511917031
511938281
512021801
512093437
512170657
512174321
512201821
512216557
512271509
512280121
512289139
512328001
512372011
512387471
512470319
512494519
512494933
512559913
512581019
512618311
512723891
512828587
512862983
512893019
512909239
512914781
512943877
512948081
512989781
513042241
513055409
513055421
513076897
513142439
513175963
513193301
513202351
513215519
513250141
513267943
513281039
513325447
513354209
513374111
513387139
513438983
513495667
513517897
513531701
513536449
513575767
513575857
513592993
513604537
513642719
513658657
513756487
513882209
513898691
513903991
513962381
514024501
514069571
514111441
514139771
514155401
514189271
514223519
514267111
514306021
514359319
514372231
514379377
514504357
514538963
514606501
514634719
514663159
514706221
514733137
514750321
514860259
514899709
514908049
514952857
515041811
515056019
515066719
515123737
515129047
515187209
515322811
515352209
515360347
515370311
515392429
515411621
515450129
515457667
515466191
515470211
515502419
515538371
515552131
515580509
515658653
515665181
516005311
516005993
516015329
516095857
516176329
516214229
516264031
516523459
516608471
516633211
516633301
516686813
516700537
516731359
516911221
516913993
516914011
516931201
516950767
517008719
517044337
517102811
517116401
517250231
517258019
517263101
517420201
517435571
517436419
517500457
517525777
517608757
517735181
517788013
517801411
517869983
517870387
517891643
517901609
517917187
517951477
518108449
518172581
518203447
518225311
518290687
518367457
518382049
518404321
518420257
518436371
518440501
518445049
518561497
518613619
518624291
518626477
518666257
518733667
518761129
518787439
519081491
519085271
519102509
519208973
519232459
519252983
519322301
519341131
519383009
519403943
519455557
519509009
519542923
519553091
519625109
519642577
519700031
519770287
519787339
519802597
520045301
520050541
520089491
520095809
520105151
520142639
520151231
520161539
520162439
520261411
520263859
520328749
520346891
520369111
520426229
520501621
520571983
520594973
520613339
520617247
520638011
520668667
520678181
520705319
520708301
520726963
520772519
520786129
520896703
520904347
520907311
520958843
521018083
521020189
521142311
521192839
521202961
521249111
521250511
521368391
521372659
521387291
521392147
521501857
521521411
521604509
521652311
521750819
521754581
521815691
521815709
521823157
521865319
521900647
521906131
521923301
521951021
521977733
522023941
522032729
522109447
522150283
522196111
522343021
522353501
522371431
522412301
522430529
522514319
522521173
522563771
522604993
522729953
522742691
522783139
522819487
523030421
523046819
523068031
523084031
523097011
523137331
523194439
523278757
523356943
523392581
523399267
523413239
523434719
523467001
523601531
523610041
523690319
523835471
523852339
523898629
523941211
524044531
524120473
524232239
524247923
524282009
524282221
524305849
524422531
524508671
524539903
524546291
524560121
524570953
524591149
524605709
524607983
524608001
524656903
524706349
524724671
524742419
524765029
524765713
524771329
524913121
524952049
524982277
525061357
525085111
525092629
525157481
525232711
525245401
525255259
525262019
525265159
525324809
525334321
525377557
525401083
525472001
525520319
525535429
525536471
525631709
525707419
525741787
525822419
525905239
525914677
525929813
525940409
526014547
526036871
526114973
526161331
526182121
526183409
526194049
526304521
526321331
526324121
526327687
526423943
526606429
526635191
526754029
526767403
526821419
527019491
527035321
527050229
527136419
527227867
527242031
527276377
527316037
527333629
527338129
527350963
527410357
527436757
527452687
527521963
527590477
527662271
527693839
527712877
527816171
527864503
527894113
527964739
527999573
528016231
528053137
528059557
528104431
528157963
528165049
528312331
528342349
528376951
528383287
528384653
528486353
528588581
528630923
528714397
528767243
528799589
528831577
528831757
528861367
528932557
528938203
528981881
529032221
529038371
529065281
529120001
529220011
529225481
529286077
529323787
529393177
529414201
529424587
529460329
529516903
529525853
529528997
529553029
529560049
529630001
529802381
529840387
529850803
529895789
530157119
530191229
530224921
530248231
530250911
530260657
530264611
530269429
530276771
530367671
530381701
530487281
530528359
530545709
530589457
530617301
530634119
530663629
530696377
530804891
530809339
530946001
530971409
531009547
531057119
531068771
531101971
531123331
531138649
531150331
531182909
531192511
531233519
531237209
531258509
531277249
531310931
531330847
531367933
531463729
531489703
531552029
531553147
531595039
531621521
531642791
531671401
531687367
531703531
531733781
531741719
531819667
531858097
531864209
532038719
532066057
532076933
532081421
532129237
532160173
532191559
532217501
532228729
532248961
532255019
532258777
532322993
532335809
532365259
532377371
532401959
532414111
532428031
532544953
532653983
532724539
532774903
532789253
532862677
532890139
533005141
533074819
533130601
533143537
533148983
533166301
533188181
533197853
533280953
533376191
533452729
533494567
533509391
533538913
533616619
533647019
533748613
533770571
533891467
533905993
534123329
534145897
534150637
534183619
534218221
534365677
534372983
534422611
534490993
534502993
534503819
534622639
534654209
534668503
534701347
534704021
534722609
534736219
534921581
535002373
535034431
535052039
535062881
535096853
535113637
535133411
535154539
535159903
535174429
535191121
535227529
535239119
535250257
535253591
535308581
535351963
535376081
535437319
535485653
535502749
535526059
535549823
535581913
535600601
535802797
535832149
535848829
535856723
535969991
535970009
536059129
536112431
536155201
536171021
536172697
536193913
536245319
536254429
536283001
536294029
536308519
536321749
536333887
536339933
536432797
536446903
536496739
536535229
536541877
536596303
536680387
536699927
536817187
536821339
536827087
536847931
537121229
537125401
537147139
537203819
537233933
537312337
537330421
537336139
537440311
537529991
537530009
537570487
537604021
537611609
537632059
537678619
537748781
537774067
537835267
537852097
537894103
537931813
537950557
538014401
538044349
538065049
538086277
538120139
538143301
538175713
538189303
538235983
538359881
538383653
538498043
538510871
538532587
538540687
538541309
538675253
538741019
538888499
538936781
538997573
539008571
539019667
539123609
539180101
539207219
539259971
539261923
539271487
539302019
539308963
539379761
539418277
539419913
539439067
539518997
539524109
539612149
539696561
539769319
539782213
539785481
539789573
539865709
539888119
540031931
540312041
540365629
540381511
540411331
540447619
540499823
540545771
540564491
540571237
540647587
540665149
540704909
540728677
540734771
540741829
540744877
540755101
540804311
540859087
540890219
540917983
540940237
541006031
541047421
541146157
541169471
541171201
541274047
541290331
541336231
541389967
541475329
541481021
541571021
541593139
541644671
541705321
541709059
541785653
541831819
541951481
541985987
542011511
542013911
542034509
542041321
542041439
542050121
542057953
542149339
542151859
542166259
542203093
542271649
542291221
542327993
542342909
542373581
542402737
542409211
542467657
542504909
542545687
542562619
542639803
542644111
542683039
542762329
542801437
542813137
542841697
542917387
542921539
542954287
542995967
543063601
543066943
543074201
543095381
543146609
543170039
543173401
543255301
543263047
543294001
543361237
543367963
543382687
543442411
543554149
543567613
543609667
543677891
543870209
543905309
543937087
543956167
543960049
544036729
544052909
544054943
544063231
544091719
544102721
544119581
544122011
544128619
544148419
544190131
544214257
544252411
544255409
544257191
544268467
544273777
544289929
544328923
544348853
544353419
544433797
544437371
544526309
544542491
544584277
544602209
544716371
544754803
544821671
544851001
544881833
544893313
544965931
545042611
545056867
545059297
545122001
545135131
545138857
545205601
545251549
545355487
545361031
545380933
545383129
545495891
545543767
545548603
545654119
545669629
545710691
545864633
545937713
546040849
546074471
546117031
546143009
546156049
546202711
546204991
546237191
546240649
546243877
546290309
546304501
546411511
546451597
546512401
546611993
546663277
546667819
546917257
546994661
547004963
547013219
547064677
547121909
547140221
547150501
547201001
547231301
547321549
547343011
547352219
547375357
547385723
547419923
547469809
547587893
547606271
547699129
547786339
547846921
548004719
548024111
548032871
548216219
548243239
548293553
548310421
548353567
548414219
548439791
548448403
548497751
548582941
548674781
548692691
548711381
548853157
548869969
548887853
548961353
548968361
548976683
549002039
549024121
549038753
549103231
549235039
549235657
549238087
549253963
549388429
549424039
549490553
549503309
549692719
549720667
549784481
549839239
549958499
549972851
550010089
550045511
550078339
550115557
550124221
550163659
550163909
550175047
550192231
550213529
550249201
550293943
550305101
550355111
550462897
550522993
550540021
550555249
550620073
550647001
550671031
550671439
550730347
550820129
550830829
550833037
550905031
550965367
550984823
551003521
551061457
551073119
551078923
551091511
551093449
551144129
551220959
551228401
551303083
551335963
551383993
551434943
551456329
551458091
551525021
551533897
551545249
551573101
551606933
551613421
551617597
551665813
551734159
551762963
551773219
551826973
551832877
551872109
551891029
551920321
552067409
552088091
552127691
552148159
552160447
552354211
552447139
552457181
552470311
552500621
552585457
552700201
552769057
552841519
552842011
552954613
552969491
553023239
553033801
553081729
553107337
553126109
553137037
553149913
553155923
553201141
553221457
553263787
553308011
553326259
553447567
553510759
553553471
553584613
553600319
553626487
553685453
553767623
553789043
553797529
553824371
553879429
553929067
553941757
554049371
554093471
554111911
554154037
554181877
554271671
554280983
554290687
554332781
554360539
554470159
554598323
554643281
554702221
554754367
554805487
554840677
554886671
555063031
555094109
555110041
555151781
555153121
555202229
555209059
555217933
555250321
555256109
555264049
555264757
555404771
555527197
555572287
555810923
555815287
555820777
555831667
555916177
555938113
556054867
556089881
556122719
556254001
556321897
556347613
556462477
556536613
556601009
556829993
556978967
557010101
557023963
557070037
557071973
557075009
557105449
557147197
557160509
557182271
557230411
557232509
557297681
557332319
557365177
557405239
557442913
557466977
557523209
557542567
557891629
558024529
558055657
558081487
558113221
558146287
558183277
558285977
558303301
558320401
558349691
558366313
558375403
558401609
558439729
558479981
558592729
558608077
558621487
558697039
558720667
558739661
558855013
558998051
559003019
559124309
559185157
559199651
559236071
559245613
559436503
559457513
559467143
559485947
559487329
559615267
559667873
559708819
559828133
559991329
560118973
560193671
560193923
560204201
560210341
560255131
560318009
560342231
560355671
560410141
560419429
560540909
560600429
560601031
560616619
560678413
560706943
560718209
560876077
560931037
560939891
560955457
560977639
561042509
561062963
561072401
561080521
561116219
561171511
561216119
561250849
561280549
561298267
561353629
561359977
561401131
561437011
561449197
561484853
561515953
561535867
561610139
561611839
561617677
561648613
561652687
561659543
561702209
561830629
561839723
561897439
562053511
562143649
562147519
562263101
562290529
562324897
562340839
562383487
562440511
562441963
562507409
562522781
562555271
562558553
562721311
562773097
562795967
562830259
562845653
562918087
562933853
562946077
563015963
563073509
563110949
563127671
563173687
563241131
563288503
563320409
563381381
563432609
563534677
563561587
563676931
563687771
563691019
563698661
563720539
563804239
563859581
563900681
563903239
563975957
564010501
564021301
564054419
564060131
564067129
564070729
564071609
564127001
564141829
564144011
564150247
564150649
564192229
564223871
564225301
564262571
564301531
564377941
564399013
564453139
564512609
564541391
564583087
564643903
564652019
564669143
564924071
564987229
565075963
565088723
565116439
565121309
565150639
565223797
565276603
565286413
565314121
565350581
565420729
565513973
565561109
565567213
565718987
565786043
565906951
566061011
566117471
566169829
566239357
566243857
566271319
566325119
566326129
566341249
566350391
566420311
566435803
566445653
566499229
566520671
566531059
566542903
566547533
566561029
566563513
566599699
566610509
566634071
566846957
567067177
567143963
567151933
567222671
567297671
567311449
567358343
567455543
567481951
567540191
567570833
567600581
567610249
567650081
567683203
567849683
568010819
568053667
568074457
568215397
568273513
568292891
568380613
568384967
568399309
568421677
568478033
568532557
568642267
568848281
568881619
569010331
569074951
569152567
569194729
569225081
569246633
569301671
569303219
569350813
569356057
569367761
569428729
569473691
569510219
569538143
569695673
569702713
569775799
569808851
569811703
570009421
570022709
570038719
570107101
570167963
570174491
570263887
570292993
570293011
570309211
570405119
570416311
570417923
570445867
570454481
570492577
570508319
570612649
570629119
570645319
570720247
570723787
570727477
570802709
570805597
570810791
570820121
570833677
570835039
570910121
570976057
571053559
571059371
571102657
571106983
571107001
571142129
571158397
571165409
571189939
571230859
571266049
571279087
571308259
571349377
571361771
571404973
571454291
571515697
571535309
571633159
571724149
571843039
571852109
571878529
571915387
571942853
571986893
572050447
572054047
572074319
572094371
572123257
572136101
572176019
572224871
572324009
572468077
572524867
572725297
572782643
572786771
572812571
572980267
573014411
573076129
573154111
573235867
573246229
573432121
573497629
573506419
573510559
573600421
573652903
573720529
573754087
573758113
573878783
573895661
573928967
574012139
574055857
574056913
574113809
574148753
574190329
574232201
574310257
574425001
574451239
574481029
574566931
574719403
574768751
574771823
574781413
574868699
574940803
574942997
574954921
574995683
575092477
575113619
575177453
575188613
575198203
575321771
575323339
575494057
575513011
575641219
576002701
576045229
576081229
576109297
576179951
576191843
576280181
576300247
576473987
576596213
576690739
576745781
576789071
576822457
576933067
576936013
577002247
577033201
577055029
577241101
577250291
577373413
577397651
577436941
577438781
577567481
577596863
577704019
577752353
577791143
577815067
577854413
577871771
577989779
578121877
578140933
578159203
578172187
578173357
578176253
578196851
578201137
578253187
578276911
578283931
578292931
578339681
578354633
578381941
578420309
578444723
578496551
578521219
578564771
578599009
579014419
579034109
579099799
579133109
579166213
579184967
579308987
579385661
579524167
579554113
579561403
579573413
579604951
579650257
579762709
579787553
579828113
579899191
579980651
580003901
580010611
580057571
580063501
580087477
580122239
580133129
580217887
580233119
580305881
580395743
580416923
580446319
580582853
580648177
580691009
580723973
580731259
580750777
580800029
580800881
580820797
580939871
580961287
581033819
581072021
581086271
581108629
581125781
581193667
581240749
581263021
581290519
581339197
581366287
581409281
581507497
581609009
581620147
581647603
581877103
581912983
581913001
581969699
582044201
582054509
582130421
582133231
582154973
582160459
582268733
582415391
582486739
582506011
582508477
582575633
582674987
582710971
582737167
582804487
582917633
582975053
583013437
583016009
583021759
583105031
583111021
583117519
583127471
583144481
583153391
583180201
583213321
583226471
583281191
583306429
583403591
583411943
583472713
583497671
583556503
583597519
583613923
583707613
583801409
583866013
583893671
583908623
584003501
584037281
584112791
584195987
584273197
584275513
584321629
584444713
584457067
584503519
584524271
584701597
584824087
584849651
584868371
584908213
584925829
584995967
585018001
585028963
585068543
585080011
585082567
585108371
585153229
585234191
585271567
585293077
585337177
585398789
585470467
585475819
585692113
585749963
585783581
585884471
585938291
585958129
586003031
586053001
586076453
586385861
586506367
586582057
586699933
586749971
586784329
586859951
586942523
586958663
586959161
586961423
587095871
587111131
587124371
587150219
587187103
587195423
587322209
587392343
587403209
587410111
587440019
587447911
587485391
587579791
587663809
587676113
587751443
587770303
587921839
587954651
588008119
588100147
588101047
588132397
588265729
588471157
588515813
588526781
588636143
588646609
588681761
588700477
588709391
588772799
588802177
588864319
588981599
588984691
588994199
589033091
589136453
589294939
589320209
589446901
589501219
589657853
589695653
589773773
589801733
589806491
589860619
589969769
590011321
590084239
590159197
590160029
590273381
590290867
590425481
590430809
590433619
590500201
590516497
590657891
590713687
590730619
590758921
590789783
590950387
590990077
590991881
590997139
591009619
591082319
591265567
591282281
591289871
591318229
591405349
591443219
591524963
591531671
591696761
591805091
591869989
591917839
591995783
592002547
592052609
592088633
592120849
592173397
592303121
592306777
592405993
592406011
592442329
592451011
592464097
592480271
592556077
592620011
592653653
592707613
592735643
592736987
592747613
592778509
592832287
592848103
592890533
592918057
592953791
593038129
593126101
593126497
593152867
593181319
593213519
593273029
593294077
593320549
593406577
593450239
593575303
593594629
593635643
593681987
593722109
593759471
593944523
594000983
594053149
594104591
594171577
594204301
594205571
594215767
594253903
594334963
594370963
594458957
594510439
594522119
594559429
594570367
594575203
594602011
594604853
594701291
594818591
594864761
594885139
594921277
594955003
594980681
595023101
595031953
595050877
595061587
595114867
595168433
595209653
595227277
595236703
595267691
595331101
595396429
595439681
595464157
595470097
595647851
595836947
595918751
596003021
596008019
596061371
596097053
596244653
596414557
596524177
596557391
596743921
596795351
596828471
596837789
596882471
596894663
596962609
596965763
597010781
597011953
597029453
597042371
597048157
597061181
597062467
597066403
597068861
597079481
597133039
597222049
597246977
597270097
597272813
597412903
597512843
597562729
597661613
597693409
597759473
597802267
597842911
597891863
597993161
597993499
598050487
598066871
598220767
598416353
598419439
598432357
598447133
598485863
598538929
598540087
598569899
598586119
598594181
598600091
598679273
598729897
598802453
598928261
598932053
598940513
598993489
599002867
599072891
599203853
599254871
599350357
599395091
599418901
599684399
599749151
599751323
599844919
599897153
599944129
600013943
600045421
600077963
600078719
600129949
600143941
600167891
600178639
600228547
600253831
600327457
600359681
600386629
600398497
600417457
600453701
600504601
600508973
600517711
600536501
600580229
600665591
600687209
600706331
600744401
600826619
600854131
600907781
600920557
600971887
600987019
600999713
601004711
601024951
601029301
601040711
601043341
601052611
601096057
601101953
601116847
601127201
601152193
601152809
601158601
601260629
601302701
601365119
601370647
601409909
601524901
601557787
601580101
601605419
601632211
601723319
601735709
601752881
601871359
601944011
602037901
602053093
602105321
602133809
602135531
602147891
602206439
602263001
602267591
602271419
602287201
602363231
602376101
602381309
602397667
602431657
602440439
602485777
602539159
602574619
602608459
602616739
602647973
602692339
602716819
602731111
602792101
602810339
602818973
602840611
602858803
602878643
602895613
602945587
602972471
602975171
603004531
603076459
603090637
603112331
603137749
603142273
603143609
603154511
603174119
603179767
603184819
603213131
603231131
603232411
603256321
603281219
603290749
603310951
603350311
603362819
603391981
603453209
603474419
603492671
603504721
603519529
603595903
603611731
603713347
603760237
603836983
603873577
603889303
603922019
604007801
604122221
604128157
604139359
604223429
604229449
604254829
604268767
604304621
604345943
604364009
604370309
604396297
604411721
604430647
604439239
604463401
604463933
604515511
604571311
604572211
604613039
604643201
604659967
604673677
604705109
604750709
604757467
604827229
604897781
604971667
605032619
605117231
605133073
605136209
605142859
605151419
605153231
605251993
605324347
605433221
605501339
605506549
605561953
605579413
605608571
605614619
605660221
605744471
605776643
606006521
606010711
606017101
606031051
606053501
606055943
606059677
606060011
606083591
606090337
606095767
606186397
606196109
606257381
606303811
606305839
606341321
606380519
606383587
606425539
606503231
606530129
606557713
606594367
606602039
606629081
606664271
606739267
606743857
606751391
606801973
606862387
607080739
607097713
607120273
607143209
607223521
607237597
607242953
607246429
607254787
607318597
607331411
607343629
607371301
607380121
607438567
607461259
607547081
607582853
607588057
607606973
607814983
607891267
607900031
607916081
607922677
607926457
607950487
607968323
607970081
608012557
608045131
608070131
608088277
608097019
608155409
608262509
608276197
608342681
608386267
608416429
608426587
608469881
608499233
608506571
608521691
608549413
608563129
608565019
608617813
608634577
608665357
608686523
608712529
608735467
608830867
608863357
608887571
608910259
608924119
608927633
608991067
609004139
609005101
609082933
609110939
609197077
609241057
609268087
609310111
609355297
609376087
609443011
609528833
609550519
609615973
609670091
609752557
609785243
609910201
609939851
609978023
610006151
610082021
610087943
610091221
610112621
610149559
610232473
610298291
610307609
610334993
610367137
610412941
610446131
610495429
610508039
610518829
610535983
610592629
610598029
610700501
610706321
610737877
610784149
610804357
610820647
610828409
610830547
610881529
610904101
610911929
610926419
611054429
611113829
611119939
611163929
611179867
611185501
611248321
611288219
611364991
611367121
611409739
611415419
611463511
611471501
611498081
611511311
611528311
611554781
611574211
611584409
611602031
611645933
611651437
611655787
611681887
611683687
611692481
611756381
611846857
611930819
611971597
612049729
612066029
612079777
612304709
612322141
612346237
612440519
612488803
612543401
612551839
612581131
612592867
612668009
612713909
612791677
612842221
612849187
612890587
612906121
612912739
612921157
613018421
613056991
613062859
613098667
613170721
613179997
613259239
613300511
613318781
613321619
613365787
613421621
613443791
613473031
613515157
613558181
613625009
613653529
613707509
613810111
613843339
613878739
613890191
613898591
613932037
613935281
613952767
613996921
614062447
614096677
614123519
614123737
614143531
614165221
614171321
614204737
614241631
614264401
614283211
614301131
614321021
614365777
614382011
614576467
614605619
614621983
614844397
614943757
614952139
614991613
615045511
615053963
615113021
615162029
615188377
615221731
615350129
615392587
615525961
615561509
615585277
615591209
615633923
615669533
615705301
615717913
615738703
615767813
615795157
615896681
615906371
615926081
615935557
615950677
615999023
616012619
616043437
616047787
616176397
616213849
616227923
616250321
616252943
616270019
616306619
616350829
616403219
616408201
616414501
616419487
616491191
616539071
616549553
616594087
616600409
616604449
616676413
616700411
616767313
616864603
616910719
617007337
617076487
617157577
617165309
617208259
617210821
617230319
617361923
617398921
617454319
617624419
617626271
617658157
617688413
617692951
617703301
617708843
617721491
617722867
617847353
617856623
617863823
617938523
617950271
617957423
618019687
618067271
618146983
618150119
618151147
618238297
618292271
618333439
618393613
618454181
618503609
618515101
618542963
618609071
618654019
618863503
618944413
618967519
619031983
619042321
619047577
619054993
619058287
619070359
619091471
619127239
619143697
619150943
619189253
619211347
619224509
619230991
619454081
619525219
619557403
619558967
619776671
619801687
619831567
619863931
619873819
619916987
619921657
619948939
619995799
620063173
620066611
620086963
620110943
620142401
620213051
620307859
620314529
620338639
620451547
620461601
620496757
620507891
620574259
620602183
620625829
620628923
620642219
620664943
620733991
620734897
620772301
620834971
620908571
620949097
620952491
620980319
621016301
621024629
621043321
621069349
621106631
621217601
621259409
621303421
621326891
621344257
621354247
621390739
621396371
621441419
621483439
621542039
621568271
621620173
621621431
621722839
621762259
621826571
621850459
621890963
621898639
621988303
622070201
622085449
622092209
622141411
622144409
622163231
622164209
622167349
622170239
622175887
622189657
622222093
622233901
622316659
622364539
622426237
622448923
622450421
622491787
622553401
622605601
622654481
622764049
622854319
622858997
622865753
622885177
622914581
622942429
622950491
623024711
623062229
623081819
623091739
623100811
623122921
623154209
623158391
623180521
623184349
623194409
623234431
623313631
623332537
623359019
623368219
623376371
623393471
623443411
623466667
623512711
623515729
623583229
623675119
623713781
623766277
623801231
623819197
623925139
623954119
624013121
624041801
624089009
624092401
624125819
624196297
624250447
624262147
624267757
624277019
624294119
624306601
624353449
624354923
624394567
624428471
624572329
624594071
624605591
624723529
624854467
624886343
624941923
625006001
625028449
625031557
625036031
625039021
625120949
625121201
625135019
625162781
625163519
625322521
625333031
625446209
625654039
625690477
625700129
625726853
625730681
625776623
625799651
625807019
625861813
625891267
625911037
625948343
626039497
626075239
626205511
626219471
626243953
626245429
626304739
626305819
626330219
626334101
626349923
626440943
626450021
626467643
626575603
626727833
626730301
626750381
626793313
626824903
626833271
626859671
626872823
626930767
626967233
626985529
627005437
627027581
627152719
627245767
627310139
627331321
627350519
627395723
627400849
627451973
627470059
627612619
627616963
627676433
627739639
627757253
627814219
627893911
627951743
628032221
628064291
628228091
628242983
628243001
628247119
628370497
628429177
628573177
628578529
628629919
628800923
628866893
628900933
628917881
628958471
628983491
629010983
629295313
629315329
629361487
629364187
629366723
629390843
629410231
629433913
629438839
629439443
629446087
629504677
629545603
629560387
629662997
629701571
629751277
629757619
629766439
629979899
630073531
630107801
630129937
630163537
630170531
630193549
630235759
630239887
630283691
630284609
630370759
630386587
630387229
630397297
630433537
630485857
630517781
630561559
630581401
630582529
630585209
630732209
630733639
630742459
630783229
630827011
630907021
630917767
631011721
631020631
631022501
631127983
631147549
631176037
631178239
631220321
631237109
631238401
631283111
631302241
631314521
631347961
631459567
631467191
631508021
631578613
631603537
631604011
631611859
631711111
631719577
631745923
631752509
631795553
631840031
631917973
631940539
631977713
632015911
632019247
632054219
632173819
632212709
632215849
632221831
632240821
632266519
632284021
632322101
632354719
632362411
632379967
632410619
632421721
632472923
632515943
632542237
632600609
632639009
632746297
632771149
632827297
632856097
632872091
633036421
633039259
633065933
633071039
633078209
633111601
633122647
633153421
633174037
633220831
633226301
633258973
633281797
633327983
633332309
633361321
633380519
633415231
633419239
633439813
633520973
633571391
633682963
633698243
633702973
633723697
633837097
633846833
633899509
634041547
634067923
634130737
634141759
634157309
634185397
634206739
634225231
634226009
634286377
634323973
634352137
634354867
634390319
634405301
634490239
634527371
634531301
634625587
634631449
634657643
634680757
634809187
634822021
635018719
635022929
635065021
635071211
635080031
635126131
635130121
635145697
635153887
635184371
635187277
635203001
635248813
635273329
635295833
635297891
635363587
635464477
635503459
635527129
635543219
635589233
635631877
635655367
635699927
635903923
635979863
636004319
636016943
636033953
636184963
636208021
636217409
636233629
636250019
636456097
636512111
636520109
636581713
636612037
636703201
636740857
636883921
636947771
637001531
637033057
637033963
637042981
637064677
637081519
637198921
637260031
637343767
637404101
637410511
637452191
637520131
637620787
637630159
637686103
637801429
637813567
637941277
638001031
638016923
638019757
638019913
638063471
638087077
638112247
638147557
638286533
638352229
638367157
638442281
638454367
638497609
638535743
638561713
638676413
638694439
638780167
638782213
638830219
638854819
638909951
638912119
639025571
639175087
639219923
639221971
639244019
639342049
639520339
639596239
639667571
639720119
639753157
639850553
639903703
639947213
639979799
640026547
640035701
640042657
640066619
640090229
640114439
640175449
640182247
640208839
640289557
640306319
640332239
640337311
640355591
640445719
640476913
640483201
640506247
640522139
640684813
640729387
640773139
640810601
640852021
640934219
640949077
640999481
641012857
641054891
641106901
641169371
641251001
641314537
641341601
641345449
641416109
641451221
641464867
641547913
641616419
641752973
641843011
641846197
641881091
641892367
641916371
641979323
641991071
642000341
642041201
642073231
642150329
642151849
642174121
642198743
642290591
642323431
642369019
642383219
642399313
642461591
642510509
642551047
642551933
642564229
642587453
642642509
642707587
642738277
642749077
642760319
642771209
642823777
642835091
642881713
642927613
643081031
643122509
643182961
643189553
643198357
643223039
643233719
643249813
643317419
643325933
643420801
643473119
643569713
643645657
643666267
643683743
643785313
643824281
644024501
644034311
644086903
644182159
644183219
644238229
644251549
644261311
644313601
644329853
644360449
644368513
644375009
644395267
644444923
644725297
644757829
644908087
644910349
644943743
645066229
645071719
645083149
645087019
645202357
645210521
645241301
645242539
645302011
645312719
645335149
645389153
645410431
645450529
645523481
645599509
645874967
645897919
645909881
645910249
645983203
646041881
646057297
646117001
646155229
646226767
646287931
646290397
646303549
646307983
646308001
646355557
646367987
646387213
646479761
646537267
646556543
646622329
646638931
646664413
646695851
646746533
646793333
646812319
646881533
646939313
646990639
647042971
647117239
647152201
647242867
647293643
647320943
647341993
647350687
647428603
647432419
647460139
647606171
647645813
647666333
647669419
647690891
647758313
647800159
647924633
648028567
648032519
648035497
648064477
648084277
648298429
648305767
648316297
648343181
648382643
648387491
648426367
648480277
648489683
648536257
648574781
648592729
648779171
648871871
648883043
649043309
649103519
649146613
649202221
649212037
649240597
649262753
649308743
649315091
649459519
649522219
649524613
649721081
649792391
649847789
649862771
649871333
650056619
650061457
650071001
650075401
650108891
650132311
650160701
650193491
650213737
650323139
650372131
650377271
650422537
650436491
650442809
650484577
650546219
650546381
650568097
650605639
650608201
650621819
650631809
650709049
650717677
650832349
651141859
651150547
651174619
651213929
651262321
651317137
651361709
651391339
651402457
651431909
651437497
651518059
651571201
651609281
651700993
651702209
651720029
651725219
651806963
651839453
651893633
651917009
651926287
652026719
652034909
652051601
652084319
652154137
652215029
652215401
652240801
652242001
652305029
652383049
652395743
652524671
652538713
652660597
652711639
652739981
652762181
652870181
652958539
652961377
653007401
653068271
653087081
653171111
653173777
653190697
653243519
653318101
653402011
653512781
653523011
653589103
653613787
653675453
653715487
653728087
653920571
653943457
653979371
653982353
653995939
654033649
654055429
654113039
654164219
654236497
654314021
654332933
654350131
654350401
654362587
654384457
654467813
654538553
654609457
654618277
654720491
654727643
654775691
654914119
655020901
655111601
655133953
655160111
655183387
655216201
655231237
655304971
655341877
655369303
655435091
655577423
655641229
655722667
655787471
655830757
655837057
655956709
655971881
656016671
656027963
656179523
656204359
656321681
656440867
656503571
656520037
656535277
656628067
656632271
656694893
656722387
656745403
656802319
656803963
656952533
657038843
657061571
657112501
657198947
657201119
657252139
657271129
657279053
657332471
657343039
657356633
657399191
657442091
657463603
657543703
657595481
657619343
657942067
658031629
658088911
658161487
658165513
658215209
658274413
658377901
658405129
658544839
658581353
658624823
658855313
658877753
658878589
658915613
658929863
658939271
659044039
659121877
659183633
659207713
659241371
659302867
659517977
659580443
659614177
659737571
659747471
659850157
660032557
660037871
660134819
660180421
660183619
660238993
660240701
660252991
660408349
660412229
660452021
660470359
660482149
660505231
660506311
660530749
660632311
660670111
660685087
660705349
660720157
660812137
660838357
660857839
660858313
660886433
660912011
660917753
660924119
660934903
661023431
661052839
661129867
661158209
661172201
661181449
661276963
661354571
661367753
661424539
661472587
661499203
661528129
661556009
661602001
661603109
661996799
662041021
662177171
662266019
662382397
662403649
662520337
662520401
662553667
662628613
662804497
662891543
662913319
662932903
662978471
663030239
663032611
663046973
663093577
663100183
663104219
663156049
663211621
663261259
663342961
663356081
663428081
663464119
663467503
663545119
663590119
663643109
663817267
663870703
663892613
663910409
664002811
664005649
664015897
664072001
664073219
664090249
664152121
664166803
664193377
664245397
664298771
664362119
664445557
664501619
664620211
664622419
664651109
664661029
664681643
664763987
664775513
664829629
664849223
664947013
664968229
664970723
664989161
665093029
665094457
665131031
665171497
665211973
665240591
665275733
665322349
665484881
665491553
665520509
665522857
665577851
665593967
665620429
665623853
665709881
665716603
665764691
665796799
665803297
665827343
666011309
666065171
666069829
666144001
666217219
666287861
666356839
666370813
666460271
666477709
666579971
666675103
666704557
666963491
667032439
667040221
667094167
667096057
667138357
667144297
667229503
667235029
667250497
667270853
667438433
667471997
667649509
667762253
668053567
668069993
668086781
668095523
668100649
668108803
668171171
668205371
668232577
668260387
668411101
668481533
668481791
668520371
668560177
668642941
668688563
668774929
668798363
668806921
668814353
668866909
668929853
668970053
669013867
669033319
669075931
669156443
669197783
669257629
669313109
669370643
669450071
669468773
669479483
669481523
669490343
669493571
669564893
669577763
669587663
669598591
669609491
669696299
669883909
670074943
670099513
670122521
670131031
670160437
670232231
670311073
670432709
670512559
670516481
670621943
670660429
670689323
670694987
670735903
670756643
670930571
670941209
671027933
671065111
671074409
671130631
671161619
671192857
671203711
671229001
671306137
671315681
671317429
671323981
671414311
671463139
671470519
671585503
671725129
671801539
671805397
671902201
671907367
671965967
671967581
671970367
672017009
672038329
672040001
672090101
672129209
672152993
672253409
672351923
672353309
672361933
672363281
672383377
672403639
672450509
672460391
672513943
672515471
672522787
672561397
672570281
672587681
672597103
672613001
672615397
672678143
672798689
672931019
672949481
673021511
673025047
673030601
673059923
673086833
673112347
673181101
673183853
673187839
673201759
673235767
673244381
673437097
673461119
673498939
673552813
673608457
673610719
673675921
673694591
673789091
673822271
673941097
673971791
674081923
674110621
674115439
674171677
674175277
674216857
674257643
674259533
674272091
674287871
674312539
674357891
674368921
674412671
674430259
674507377
674544613
674546813
674593057
674596609
674686799
674723197
674779013
674830903
674858783
674907829
674930119
674979499
675010801
675039097
675039613
675120829
675175997
675203131
675228187
675361109
675495893
675525457
675729671
676052677
676082081
676082467
676258523
676305913
676319981
676389281
676402777
676412239
676486883
676524019
676658291
676680791
676877689
676948583
676961333
677005339
677071477
677102519
677110691
677131001
677153377
677171377
677221777
677309981
677546809
677580829
677723633
677759171
677816539
677869553
677876753
677891509
677958653
678000331
678232567
678242171
678323377
678477551
678480533
678550603
678636103
678712513
678727661
678856309
678889699
678913253
678924413
678993499
679101259
679127077
679139809
679181453
679230397
679244077
679255781
679257893
679346771
679370723
679502713
679598453
679757753
679808783
679965161
679977391
679977737
679984399
679988599
680042101
680092481
680108797
680180681
680204521
680215729
680333221
680484703
680580371
680582171
680591287
680808743
680892739
680956967
680974691
680993113
681044519
681055021
681100031
681101021
681114331
681119149
681155011
681230659
681231119
681231311
681340691
681423943
681441491
681446081
681716557
681798919
681899209
681912397
681930397
682007009
682029487
682031039
682033501
682132819
682295839
682421771
682561219
682566623
682586243
682608457
682757591
682775243
682837303
682903219
683020357
683084081
683088353
683223301
683231953
683281219
683296967
683300983
683359961
683409071
683522923
683598191
683622371
683659043
683685529
683725267
683826977
683852453
683882513
683928709
683994683
683994799
684008497
684057071
684137081
684140591
684222943
684242857
684375067
684420101
684484967
684531139
684540281
684545413
684550109
684564791
684609157
684642703
684766883
684770453
684795863
684809591
684813277
684885023
684995351
685006481
685017577
685020209
685021321
685034587
685037029
685177967
685212211
685343467
685404371
685405271
685465639
685471357
685491791
685625723
685636613
685686919
685700963
685703009
685766699
685783481
685834057
685900387
685950739
686063377
686071109
686093987
686176613
686180557
686194871
686201797
686227357
686281553
686283739
686441843
686451457
686470357
686489261
686500777
686501239
686502209
686682947
686683133
686745013
686749309
686788463
686983853
687009097
687040201
687094691
687153653
687198773
687254941
687279599
687362413
687428153
687486599
687551413
687570881
687573233
687663323
687753233
687765409
687767573
687780671
687853043
687872699
687929261
687963319
688034843
688046941
688055413
688169381
688207603
688270951
688321019
688340171
688423357
688519313
688536103
688626013
688665113
688672661
688711603
688740623
688826381
688898281
688924339
688933571
688961699
689012983
689022667
689029819
689052703
689063813
689074781
689136353
689144077
689208829
689296583
689325067
689325353
689334713
689334829
689336911
689376461
689460829
689591699
689679083
689695289
689750629
689797291
689872181
689889569
689977679
690022621
690096613
690186097
690272497
690326101
690348097
690360491
690372913
690446171
690458633
690561049
690567739
690609613
690660371
690853997
690903487
690924653
690938719
690978551
690999389
691061401
691075271
691118677
691251439
691291963
691301231
691357603
691498391
691514381
691551319
691591951
691695761
691811587
691884761
691943257
692005057
692035111
692038903
692040421
692112401
692135329
692155903
692214671
692262757
692438839
692532319
692584691
692619157
692628353
692758571
692789599
692793671
692835713
692901371
692903377
693008219
693013781
693019219
693027371
693074029
693095987
693105031
693129277
693152149
693171757
693190903
693221201
693411787
693433219
693440291
693504281
693521011
693549671
693620149
693665153
693668699
693684323
693735067
693762977
694014961
694071487
694102109
694129643
694188893
694201147
694288939
694308019
694321339
694569683
694606177
694622557
694713743
694741997
694800209
694829789
694948129
694958261
695111401
695123857
695203391
695207119
695221687
695231309
695238067
695257921
695285861
695420149
695478799
695659583
695682851
695716781
695859071
695866181
695869591
695940977
695952053
696091951
696179123
696197561
696328057
696402319
696451267
696462623
696522019
696561443
696586853
696598289
696608771
696644719
696773699
696827561
696907481
696927229
696955583
696965029
697171357
697237967
697302667
697305097
697317443
697379261
697432357
697446619
697489937
697724957
697853789
697888381
697922243
697981673
698239973
698245921
698249471
698494361
698500039
698584673
698666351
698675261
698688827
698689879
698714243
698837261
698877481
698881129
698890499
698895599
698974799
698994353
699001201
699013813
699050119
699080633
699179951
699188489
699232643
699255709
699281113
699335423
699479899
699485351
699586373
699588599
699704771
699964591
699984799
699993289
700068953
700096121
700154083
700224241
700250819
700265101
700275559
700276963
700282201
700285549
700318537
700360211
700384231
700395349
700397857
700465321
700480021
700495993
700546619
700564411
700635119
700666159
700736111
700736401
700807981
700834709
700849657
700867091
700872509
700937767
700957181
701171557
701210593
701221919
701257121
701260657
701323747
701362229
701385787
701387471
701417963
701437981
701444819
701591993
701629111
701659129
701680943
701821711
701867557
701892973
701908111
701932549
702065011
702083659
702119909
702122819
702184019
702284953
702342637
702351431
702382943
702399743
702401501
702406993
702407011
702449309
702469219
702567487
702613601
702631849
702647419
702683587
702732559
702832121
702833137
702858019
702966743
702978623
702994951
702998809
703006709
703038421
703045139
703111919
703131131
703201511
703221193
703265021
703266671
703272247
703274359
703285777
703302757
703329787
703335421
703360201
703365529
703368139
703406219
703417709
703441229
703448983
703457149
703517449
703546973
703552211
703621201
703634681
703646011
703740337
703752211
703911881
703962001
704052073
704150401
704179657
704192519
704218237
704255359
704308211
704313811
704316401
704354933
704460973
704472983
704515211
704561953
704604829
704664973
704670943
704676703
704732797
704733529
704814581
704818297
704832031
704909377
705066031
705113911
705134659
705217301
705296467
705375119
705504809
705523691
705541321
705604231
705641609
705685553
705721411
705761587
705761963
705954833
705965453
705987103
706116401
706116881
706122239
706124101
706168657
706301083
706348091
706375129
706403521
706421321
706482487
706483109
706491119
706542581
706568413
706598957
706731301
706761397
706776713
706794791
706796809
706819357
706879661
706918357
707027609
707051819
707063771
707086019
707174219
707206301
707231891
707292319
707422057
707461319
707518813
707590271
707661049
707702311
707703509
707717287
707940757
708004021
708149081
708162491
708172319
708230701
708300521
708315787
708326767
708411001
708451519
708502819
708507049
708509467
708660209
708744457
708764633
708778003
708888919
709045867
709082419
709086071
709407371
709490029
709507109
709522687
709587103
709674067
709690997
709865591
710020651
710075309
710096047
710151041
710152837
710159539
710193881
710210911
710227919
710277031
710291891
710307211
710327257
710341529
710346829
710348993
710391719
710446109
710446943
710449339
710457491
710693219
710721701
710734781
710735131
710736529
710783149
710820329
710851459
710862301
710894029
710900221
710907121
710958653
711137611
711147601
711186491
711193943
711221909
711252701
711264401
711272321
711287011
711287767
711315239
711333859
711344749
711373549
711388129
711408421
711498743
711545111
711546491
711552649
711555619
711601619
711631021
711634709
711664159
711681697
711709597
711819001
711888533
711930649
711991019
711996067
712038001
712111151
712136219
712161239
712191881
712217749
712239037
712240141
712271039
712274047
712307749
712316749
712377209
712399733
712401629
712431859
712445359
712451659
712532819
712595119
712618429
712643681
712726481
712779971
712784081
712854973
712880677
712942249
712966603
713027011
713034929
713076121
713084401
713117701
713157121
713183719
713198081
713268001
713310401
713362301
713374001
713384101
713402401
713402821
713448397
713459713
713468557
713484913
713501911
713577457
713594009
713600939
713612819
713654219
713903401
713907209
714063029
714094481
714101231
714104201
714123239
714128111
714140519
714205357
714265249
714298177
714299723
714391571
714410993
714411011
714412319
714510031
714529987
714567277
714635059
714739957
714751021
714751201
714763813
715165777
715205431
715244359
715299353
715335697
715360231
715408777
715422881
715427149
715498213
715523539
715544471
715556081
715624201
715643059
715645129
715703591
715719187
715874543
716007601
716013637
716015039
716017619
716029319
716036401
716095657
716127787
716132411
716214209
716340029
716400101
716405971
716433037
716441111
716503819
716520209
716553119
716606857
716654377
716662109
716674267
716696203
716705963
716762843
716784977
716787761
716859851
717036301
717093973
717096097
717120121
717146011
717189971
717195833
717215111
717226429
717293197
717321601
717323137
717357457
717388691
717462913
717469253
717533381
717542471
717700231
717702301
717787571
717789461
717921049
717950377
717975103
717993671
717996371
718002101
718016609
718019677
718055291
718055857
718119757
718130839
718226059
718226767
718263191
718314943
718326281
718341439
718352059
718360571
718371139
718438951
718504519
718517029
718521697
718525853
718559861
718623667
718646503
718714109
718741477
718790167
718875851
718919951
718945303
718961167
718962353
719017249
719018857
719046487
719070101
719191181
719241619
719333011
719405963
719411311
719415577
719540149
719586143
719601031
719615009
719656921
719668043
719830567
719901139
719918153
719945539
719977309
720014341
720031573
720039919
720055421
720076619
720093221
720175237
720190021
720232921
720240041
720348619
720372511
720442319
720518009
720533431
720533659
720570973
720625943
720671519
720693973
720742709
720744877
720763867
720835481
720889303
720991963
720996443
721058131
721062431
721110521
721151429
721191649
721295101
721297219
721319681
721320221
721385219
721402301
721417237
721454771
721468039
721489957
721526137
721539001
721541983
721559467
721597733
721678733
721735687
721746757
721751629
721808963
721812739
721850359
721878881
722021431
722027701
722053021
722111521
722117611
722149111
722193011
722194001
722244157
722252501
722438329
722466757
722467219
722468753
722480009
722483309
722484281
722554409
722690239
722707339
722742439
722746477
722813797
722814121
722904491
722960767
722982833
722997529
723017909
723019819
723052111
723075211
723113801
723136619
723172781
723196129
723202619
723202709
723244211
723253781
723325237
723372439
723432421
723447577
723574297
723600457
723651101
723738187
723828187
723834487
723858739
723969671
723977591
724004131
724053131
724076329
724112429
724207019
724211311
724230301
724234981
724237597
724239371
724247059
724252211
724261781
724295753
724296277
724314001
724314601
724317037
724468553
724512601
724550311
724561339
724608667
724670587
724701157
724733291
724839403
724897883
725106209
725188357
725191249
725198891
725203447
725222891
725248039
725264291
725302021
725310121
725318149
725336291
725381011
725432401
725472577
725474467
725490757
725572181
725610829
725660239
725691457
725725963
725803409
725936543
725942377
726016549
726022537
726048229
726074983
726096071
726117031
726142237
726190973
726253519
726342943
726404933
726479681
726505933
726530933
726563557
726602311
726691997
726693739
726738157
726739729
726784433
726821239
726900983
726902471
726974771
727004101
727064587
727065139
727083913
727116619
727204057
727222031
727256557
727301219
727327039
727412311
727435091
727472029
727488851
727559771
727567781
727638533
727715119
727793513
727815743
727888673
727924357
727938619
727955771
728053519
728061419
728252963
728255557
728300011
728388581
728451487
728489239
728510681
728613667
728657513
728710777
728711059
728834453
728843503
728988499
729020909
729024259
729107677
729109853
729129367
729141031
729172271
729205993
729206011
729212591
729232993
729267313
729295921
729329929
729379661
729401539
729443753
729665513
729667313
729680167
729859271
729881681
729911753
729922177
729986483
730034647
730072621
730076201
730096687
730141501
730156549
730170431
730206073
730233239
730236719
730237231
730314301
730352309
730360201
730394677
730399603
730416119
730418771
730461791
730463771
730527491
730536101
730539119
730557577
730622309
730690777
730728913
730788533
730798921
730828271
730881049
730960429
731053201
731066009
731083411
731113709
731119211
731181953
731213519
731233409
731250301
731331521
731417681
731436491
731497087
731521421
731605109
731921797
731936197
732036791
732093787
732122401
732193159
732202301
732221647
732231457
732235019
732261953
732263131
732274001
732280781
732300539
732302339
732404437
732406237
732415459
732424691
732512659
732565903
732615439
732618371
732726139
732809197
732831259
732854029
732920971
732943657
732991951
733022111
733090459
733092419
733123537
733125739
733162301
733167973
733175497
733217137
733301731
733304219
733322521
733330849
733461031
733561391
733569971
733583009
733591129
733601411
733686313
733693603
733786967
733789223
733899461
733921571
733962071
733975303
733982839
734027933
734032331
734077387
734133601
734155481
734245319
734296357
734407519
734415509
734431963
734521121
734544281
734581109
734709967
734805397
734871187
734918453
734975719
735047149
735105719
735121139
735240119
735353767
735361021
735371101
735384071
735493643
735535271
735537743
735543209
735586967
735595433
735749423
735767911
736003621
736048297
736096513
736134983
736190419
736241021
736330897
736395313
736405867
736483087
736499471
736564603
736579133
736639523
736705271
736717733
736820101
736844503
736850197
736911229
736961077
737052923
737097623
737145757
737275267
737404001
737452477
737477203
737521867
737532119
737556829
737561081
737606171
737624803
737695223
737770997
737792513
737801381
737871829
737942167
738071149
738121639
738145657
738161239
738208297
738242497
738252209
738528067
738547253
738548243
738582067
738616997
738649799
738851941
738855947
739002337
739042933
739130629
739194977
739199471
739241983
739312687
739330001
739439951
739440913
739449709
739551457
739693571
739731019
739753213
739799923
739948967
740009909
740016811
740027437
740094787
740100583
740140301
740164121
740180219
740292211
740306521
740325991
740348309
740411131
740457191
740488643
740494129
740504749
740625037
740638109
740676019
740690011
740786941
740819377
740833777
740846287
740848643
740916667
740990377
741157481
741167963
741194059
741232001
741274319
741287377
741321101
741417301
741441809
741450421
741451121
741473767
741476713
741494557
741530611
741603029
741611501
741720739
741763039
741891277
741914587
741930529
741975623
742166149
742190221
742219409
742252109
742272697
742327867
742351237
742391219
742452923
742484713
742502437
742684603
742947157
743110031
743110619
743156471
743158477
743173973
743175319
743235419
743251147
743314639
743374271
743452319
743465171
743496881
743501701
743522359
743614481
743695613
743710501
743724577
743785213
743875819
743987471
744082597
744107681
744115019
744124691
744182239
744261619
744328903
744344857
744431221
744478921
744481853
744526219
744558977
744640777
744698239
744800201
744805129
744976313
745014601
745188739
745234687
745261159
745274171
745282903
745284457
745314419
745531571
745531687
745533281
745679213
745680743
745802471
745856591
745974323
746002531
746030321
746211247
746268067
746300309
746304619
746369629
746408753
746412259
746415913
746422409
746548819
746554951
746559581
746763067
746772931
746821219
746898071
746999789
747023539
747110437
747274643
747369143
747485957
747516071
747523657
747609829
747629203
747630757
747687023
747736433
747739571
747849191
747887489
747907819
747986753
747992239
748041031
748150339
748176313
748195639
748220131
748254277
748284403
748532009
748589573
748668689
748687853
748821071
748896383
748910171
748941623
749008109
749055019
749061319
749205371
749212319
749300933
749341387
749354839
749357113
749400121
749401519
749435891
749506951
749533357
749770213
749782609
749837929
749839499
749963213
750047953
750081119
750082321
750123301
750243829
750271019
750282529
750333421
750384487
750390877
750412801
750505237
750506539
750579353
750583039
750593009
750623681
750660671
750703981
750714037
750863467
750949781
750979043
751001411
751024801
751030031
751034129
751035829
751089071
751252031
751290349
751303447
751344101
751403129
751425419
751515943
751609297
751641581
751741339
751804021
751846087
751924039
751937633
752005021
752027359
752043311
752093497
752103301
752136529
752150101
752173519
752199353
752307923
752354963
752358743
752360933
752431019
752433509
752460301
752470021
752605481
752612681
752615419
752623519
752630401
752741291
752909723
752910581
752921291
752931577
752969213
753030329
753034819
753058297
753065381
753081529
753102509
753162877
753173419
753221011
753293377
753314137
753330157
753340019
753444229
753475087
753555071
753624577
753629453
753656987
753678581
753705397
753746633
753759103
754079981
754131331
754163983
754253419
754390019
754475987
754632049
754689863
754720867
754822657
754867571
754891967
754894003
754931803
754970987
754984313
754995281
755082397
755106259
755158603
755183119
755222047
755300411
755315291
755363197
755405471
755411681
755434657
755515091
755620597
755667013
755668481
755721191
755795561
755869789
755878853
755910319
756016777
756033671
756061021
756150491
756179681
756224059
756341587
756376253
756378893
756389561
756456931
756531397
756569783
756595429
756784429
756919973
757001039
757113491
757139813
757200601
757289033
757379561
757385243
757392157
757427453
757449013
757612477
757788781
758005111
758053091
758168681
758255503
758303677
758313209
758314091
758413181
758438203
758473253
758721097
758811367
758851523
758920733
758939791
759022519
759114281
759119981
759128453
759206803
759302309
759322387
759422467
759448751
759600119
759628223
759801071
759808661
759838091
759896183
759955013
759979699
760027981
760035119
760038529
760260157
760283497
760284913
760339109
760382471
760392973
760595503
760646753
760658077
760671577
760785533
760789391
760882553
760960219
760985243
761012221
761056409
761069009
761189453
761223559
761283209
761357081
761377733
761464019
761487931
761626387
761696113
761733139
761902319
761912149
762111631
762121001
762133709
762161401
762275713
762339187
762351943
762359929
762413629
762496729
762501791
762540983
762581753
762624119
762702509
762733903
762784523
762867491
762910777
762920857
762960743
763013701
763023719
763044301
763044787
763080491
763105549
763109059
763126201
763182281
763188739
763257743
763292029
763310983
763316011
763353757
763360111
763373029
763385167
763430021
763568681
763612571
763621519
763623191
763627087
763675433
763730419
763757957
763766513
763807997
763855523
764016943
764031559
764059643
764154973
764160301
764165287
764176603
764217281
764374733
764471713
764682829
764760277
764784851
764869499
764884391
765034481
765132619
765134471
765223597
765302771
765311719
765370181
765372019
765522757
765550271
765585671
765594761
765604039
765687371
765702281
765709781
765784003
765800963
765815543
765826819
765830081
766052767
766122211
766140923
766162297
766187861
766305229
766420201
766426553
766450903
766466203
766514713
766536977
766682591
766802753
766819481
766871423
766909391
766937929
766939583
766952861
767009753
767078423
767123587
767200237
767204329
767431853
767479589
767492113
767513171
767540119
767649599
767667599
767676683
767711753
767942911
767957753
768025963
768186581
768200933
768232181
768356203
768417977
768423277
768515633
768561977
768564529
768568499
768600757
768637043
768649499
768658013
768889291
768953873
769020509
769072267
769145941
769280503
769362157
769404613
769407739
769446143
769457873
769550839
769572233
769667663
769925033
769960223
770144971
770221357
770254519
770265487
770286653
770323237
770325509
770391191
770402909
770473387
770483171
770576077
770672557
770679491
770811037
770918257
770954167
771089929
771102929
771154429
771157903
771205147
771254329
771262021
771297713
771392287
771397343
771753833
771824029
771836077
771866423
772036571
772067171
772092577
772097413
772151797
772201711
772203001
772225973
772242259
772252933
772262419
772306597
772315391
772371209
772468303
772529077
772593931
772610221
772657253
772730587
772782067
772808987
772815457
772819961
772871413
773014147
773037487
773092219
773113963
773117419
773150629
773153239
773226319
773275513
773360101
773440973
773457931
773484931
773508019
773509603
773816503
773884571
773886551
773919233
773939963
774012881
774036209
774040963
774083171
774169639
774188153
774191557
774194543
774213491
774231509
774258157
774284633
774316219
774324487
774402983
774403001
774424813
774451903
774453187
774529961
774530329
774673253
774702119
774723097
774801281
774826343
774827957
774883883
774983789
775101739
775105481
775124309
775184987
775231319
775272613
775276819
775402429
775502381
775569551
775597853
775598261
775601419
775614703
775761713
775775123
775796171
775828043
775865213
775883509
775931941
776040037
776051291
776102771
776124229
776142209
776250973
776345503
776431129
776443513
776444413
776465719
776496551
776599489
776791481
776800813
776806057
776972381
777021211
777113677
777140101
777183977
777208823
777237067
777298091
777450097
777474323
777521119
777587081
777741157
777773561
777805921
777812257
777853799
777971783
778140119
778183781
778391539
778402091
778419013
778521743
778595119
778699189
778740533
778855219
778973483
779144813
779170603
779236781
779260513
779266799
779276471
779288791
779310229
779326253
779338223
779353613
779451977
779512087
779596289
779654033
779764763
779770883
779830253
779831113
779864599
780047101
780049091
780080401
780125771
780217973
780219487
780326291
780340321
780361867
780446287
780499609
780586967
780615001
780627457
780650329
780695911
780733477
780779381
780801031
780911239
780954067
781311809
781334923
781522481
781528997
781701671
781708553
781718167
781836931
781841029
781862839
781937809
781942267
781967873
782042629
782091757
782161481
782342963
782386343
782418019
782420629
782454613
782460229
782641109
782707951
782716087
782764921
782840197
782849471
782897029
782910757
783186931
783201739
783232481
783265643
783328823
783351119
783421777
783483931
783555739
783571603
783676661
783715357
783724177
783873529
783906157
783947789
783971423
784012549
784118843
784170229
784260209
784430963
784557143
784611577
784637911
784668281
784715077
784794229
784842533
784905881
784923353
784941881
785033149
785238931
785381167
785488789
785507453
785680691
785781413
785793409
785803267
785808619
785839699
785880143
785932613
785972783
786001459
786008843
786113291
786138739
786171833
786199699
786312229
786384761
786386651
786430181
786567113
786621457
786653957
786680809
786695753
786788363
786798799
786805967
786974791
787020211
787173157
787267043
787281977
787297219
787301239
787362881
787439651
787472911
787570613
787608491
787609481
787611613
787642433
787771003
787790873
787835651
787875499
787884589
787984489
788039423
788039719
788046353
788057957
788140963
788189489
788199563
788277773
788578061
788578463
788985599
788988589
788993453
789086699
789109781
789199373
789254423
789289799
789299789
789368791
789376309
789592763
789593171
789637451
789665957
789694151
789732143
789780863
789783473
789883553
789949907
789971029
790142519
790222231
790348087
790512101
790520359
790530491
790605913
790701787
790749053
790783921
790784333
790864691
790866581
790872977
790898029
790921387
790927253
790961077
791011759
791108309
791153677
791210891
791248603
791305973
791321681
791342219
791345287
791551129
791590733
791638613
791665613
791695313
791716357
791767481
791824177
792008923
792196729
792211691
792273187
792279013
792432191
792673781
792777191
792838481
792843713
793096781
793192357
793217753
793230671
793298789
793390643
793508987
793544077
793597583
793600571
793608157
793617157
793665013
793689473
793724167
793787399
793859351
793920097
793934957
794012137
794056997
794060101
794089609
794122249
794214049
794232209
794262277
794315029
794352653
794441029
794471891
794474591
794522119
794525813
794580739
794724713
794761057
794794673
794807203
794912077
794941871
794979917
794986799
795031319
795104983
795108187
795178883
795201419
795223019
795267323
795367571
795489781
795496789
795561623
795565429
795647239
795710803
795785261
795823871
795838699
796023191
796131757
796225603
796502713
796699769
796702087
796708391
796917773
797041657
797045633
797188673
797295683
797301209
797410039
797446519
797461213
797533819
797566309
797647789
797661103
797746853
797760053
797772023
797920691
797950939
798013109
798036931
798047333
798054533
798135829
798142603
798152813
798271613
798302171
798360713
798385583
798404891
798442639
798508429
798514921
798595199
798629081
798646789
798782399
798972563
798982061
799078309
799085123
799089383
799129973
799154423
799167139
799313813
799321177
799327429
799363043
799372571
799474673
799494109
799539899
799555583
799594399
799600513
799608023
799671409
799722439
799738591
799765199
799937837
800000479
800040079
800094331
800103631
800103961
800120801
800133629
800137801
800164973
800190239
800356639
800367671
800386319
800400451
800477291
800485993
800495329
800571719
800591111
800615983
800621083
800622509
800649209
800678467
800690047
800715809
800768557
800808259
800816311
800862983
800863001
800875657
800923231
800931991
800963011
801033809
801145139
801172201
801188497
801200441
801207811
801320909
801357419
801372119
801405301
801434219
801477577
801549913
801584219
801602519
801692149
801760501
801773471
801881419
801882577
801932519
801973129
802000189
802045759
802046309
802063421
802091659
802268309
802280701
802289753
802361309
802401539
802421519
802474319
802562311
802570031
802689157
802712839
802837657
802843319
802859503
802882109
802978343
803032183
803060711
803096309
803230657
803237681
803250011
803317019
803336971
803350409
803384587
803587553
803590481
803600911
803612437
803794177
803873377
803933219
803940923
803986613
803997053
804010483
804035431
804090739
804109121
804109871
804179557
804279071
804415301
804529039
804560221
804581329
804664657
804805571
804819097
804821047
804835813
804882019
804982553
805033601
805065101
805067059
805082449
805136009
805171819
805256677
805308983
805312021
805349009
805361971
805404311
805431331
805464371
805605037
805624571
805661497
805673119
805731037
805749713
805750249
805776791
805869851
805889509
805895681
805914913
805952197
806138857
806147011
806147983
806218867
806233501
806279813
806314549
806333519
806343529
806351933
806419657
806462309
806499413
806594543
806633983
806720359
806743129
806858719
807015331
807075001
807102239
807129229
807154597
807162439
807173963
807182767
807187643
807300457
807311321
807408757
807421231
807473197
807520981
807655997
807742181
807750577
807927829
807934177
807970733
808151401
808176097
808250609
808252481
808300711
808304681
808312781
808341031
808399003
808471903
808592453
808639303
808653613
808657781
808680097
808710697
808800301
808838203
808856539
809004331
809121791
809142419
809188433
809193703
809208319
809268157
809413973
809501131
809886773
809956481
810061411
810077539
810090329
810123731
810124093
810131383
810144031
810267509
810304141
810365519
810396319
810412709
810435001
810518047
810524749
810530311
810675913
810742871
810758197
810765913
810816491
810845219
810848557
810866843
810868951
810915943
810918281
810943993
811017457
811017637
811034111
811042709
811050629
811056809
811059619
811150031
811193111
811221821
811234531
811246057
811247519
811271611
811342201
811353209
811391797
811408321
811416719
811450319
811475677
811477903
811509211
811676171
811695653
811702711
811747129
811800329
811851877
811930019
812004911
812023831
812059319
812088119
812090309
812132609
812138609
812149201
812177497
812273771
812333749
812395109
812399633
812562031
812585467
812678257
812702321
812780497
812791039
812794267
812810129
812823259
812828287
812913011
812931439
812935129
813027739
813054881
813085993
813098081
813109019
813111311
813166597
813215891
813217549
813227131
813290539
813317201
813350011
813368557
813410711
813442411
813492209
813524449
813584803
813601601
813615787
813622109
813939713
814054819
814099733
814205411
814281301
814286843
814324109
814366271
814431511
814463497
814544923
814586723
814602791
814619977
814642429
814678253
814845613
814849909
814869851
814959053
814991987
815122421
815157001
815277187
815280419
815287177
815374019
815428181
815465377
815484277
815553209
815573713
815603953
815607371
815681803
815703697
815734019
815776967
815818603
815843467
815849681
815923477
815940001
816019249
816024421
816037993
816129577
816133963
816403691
816423121
816475951
816513101
816566941
816576829
816606281
816620933
816633973
816757057
816890413
816995873
817010993
817042981
817075657
817114321
817223629
817366951
817389143
817410953
817412719
817465603
817465997
817511311
817572277
817588661
817612111
817699583
817699699
817772257
817797689
817908353
817992103
818030039
818127139
818226973
818325757
818329513
818391071
818426171
818451191
818502301
818584057
818641039
818663987
818751613
818778683
818966471
818993291
819004897
819033301
819083081
819119377
819184603
819227029
819378491
819396143
819438533
819511481
819544951
819687863
819707503
819744829
819746911
819789653
819844691
819857789
819865939
819969071
820037839
820044811
820120573
820219709
820261111
820329121
820331429
820364021
820373311
820431929
820455101
820532611
820598453
820616359
820631521
820761671
820781309
820791281
820808101
820833529
820892029
820980577
821016631
821072611
821111639
821155019
821177309
821184211
821186291
821211931
821271601
821284687
821359271
821420647
821432257
821455339
821505953
821508031
821545429
821549933
821590993
821616101
821661259
821706037
821763913
821792467
821997901
822036739
822043601
822043801
822107129
822141031
822161411
822184021
822199643
822216119
822264439
822335953
822379823
822430229
822449377
822506719
822511621
822530963
822608239
822610319
822735371
822744001
822867623
822920009
822983503
823021301
823037311
823058857
823094291
823105511
823113983
823114001
823118047
823179187
823185397
823231229
823235009
823242559
823274149
823324459
823331321
823351147
823364239
823372001
823545119
823549733
823602953
823619803
823634587
823753039
823957523
823988699
824073619
824128339
824173249
824187277
824248387
824252609
824255857
824344933
824370923
824405539
824424619
824429803
824446019
824453677
824560777
824562119
824573171
824615497
824697581
824702009
824710619
824731249
824743019
824771081
824786719
824820011
824849203
824915197
824954413
824967439
825055159
825074309
825101021
825149713
825164149
825172867
825196357
825247477
825339367
825365803
825370001
825407419
825454129
825675157
825690071
825690367
825711581
825765739
825781951
825829343
825927533
825931039
825985939
826234111
826252159
826253381
826373029
826387967
826452667
826478911
826511131
826592257
826623319
826635703
826687751
826738057
826786043
826821371
826860187
826879853
826882691
826899071
826975661
827068087
827071339
827105887
827113549
827213221
827218019
827350933
827440429
827452387
827566819
827691533
827760457
827763977
827912081
827974661
828017219
828025021
828039967
828056753
828073567
828215767
828299291
828302719
828336097
828416467
828448253
828457921
828472553
828537791
828617453
828810209
828832087
828833813
829061419
829104697
829110559
829301359
829369391
829383829
829384433
829456253
829457861
829579853
829686551
829699799
829743881
829749281
829795129
829860791
829880203
829884023
829947799
829952681
830084539
830135659
830189977
830218211
830336629
830350421
830484209
830504659
830544419
830566091
830887781
830963171
830972287
831027601
831064411
831151319
831163709
831195319
831251411
831307781
831342401
831354011
831416591
831431819
831446963
831457903
831570101
831574853
831583019
831660301
831666653
831701309
831721301
831736219
831776453
831897439
831921619
832009237
832033849
832039249
832043039
832082401
832128259
832156687
832221631
832243057
832257487
832388987
832397633
832420447
832431829
832479353
832502819
832613591
832650529
832655171
832658941
832711109
832767977
832822597
832946941
833064259
833112031
833118037
833124829
833126311
833182249
833198813
833212711
833231521
833309291
833347297
833531047
833604581
833633923
833651309
833713249
833726753
833735753
833783633
833813329
833826703
834028249
834062519
834064159
834092059
834103229
834174487
834189443
834244933
834436181
834462319
834525577
834543757
834554753
834603943
834610619
834630787
834640319
834675791
834699799
834742567
834744019
834889309
834901597
835033411
835034449
835036973
835052111
835092001
835115591
835137049
835180571
835300447
835325419
835343381
835353209
835354477
835386313
835518367
835560001
835597571
835664633
835693213
835696339
835747057
835799953
835852643
835891213
835900159
835992671
836005897
836014237
836036587
836079067
836169881
836224001
836230321
836281657
836329513
836332001
836352371
836402719
836429413
836482357
836497429
836544367
836565157
836565713
836584921
836645891
836685947
836686429
836762503
836976281
836984419
837001229
837040121
837057457
837320311
837373951
837411031
837413767
837465931
837483067
837567439
837669229
837742513
837785873
837802477
837849979
837903653
837941891
837942067
838005031
838037843
838106329
838140581
838242487
838428739
838459751
838497599
838505029
838507951
838521913
838566947
838655681
838741357
838749773
838757873
838794023
838836233
838854529
838896473
838946509
838953581
839027467
839107567
839301923
839354891
839410021
839446871
839633891
839644343
839724533
839749219
839796653
839851819
839952013
839980313
840039619
840080909
840082459
840089171
840117829
840131311
840154459
840193021
840236359
840241229
840333829
840359803
840434009
840440701
840532981
840614771
840625777
840717487
840780757
840835903
840844271
840925181
840928997
840940993
840941011
841052819
841079977
841141621
841282249
841300051
841378357
841415719
841437973
841448843
841517101
841537297
841551923
841562291
841584019
841609903
841610701
841630019
841675643
841917653
841949113
842071639
842201519
842235983
842236001
842274319
842318471
842372983
842374567
842439457
842465009
842474081
842509219
842513201
842564377
842570497
842658881
842709019
842806109
842892829
843028001
843071953
843117787
843164677
843167029
843326291
843367823
843388057
843405697
843498947
843510221
843523159
843591703
843617171
843642049
843714757
843740101
843948491
844001083
844007771
844042019
844053211
844058713
844112701
844148843
844154767
844155049
844174109
844204729
844250629
844319843
844441001
844461229
844463119
844512259
844530419
844543813
844782403
844803229
844821577
845025439
845060933
845095733
845131981
845200229
845253667
845370049
845389609
845403301
845407853
845410231
845417081
845447453
845599763
845608177
845688229
845732081
845742097
845757233
845757413
845800687
845992661
846049177
846051419
846086723
846104681
846118477
846140137
846164009
846214429
846220147
846221111
846240011
846258313
846295433
846489773
846525613
846600943
846607357
846671257
846677651
846726403
846749873
846766043
846784751
846932453
847022629
847068829
847113419
847171271
847187771
847299113
847410787
847423271
847485103
847570267
847621219
847676419
847733723
847784239
847817629
847828313
847888553
847969937
847987373
848015677
848100119
848147257
848196529
848246543
848258681
848286947
848312419
848368223
848495873
848708911
848806613
848807681
848907901
848943761
848945033
848995009
849021619
849142039
849351187
849430567
849476561
849509993
849533891
849557651
849594281
849743423
849915491
849938261
849985289
850003439
850055359
850107649
850119877
850125421
850157101
850188653
850371787
850445923
850472677
850475713
850530559
850532953
850542031
850546219
850548019
850750339
850865891
850868861
850883503
850996313
850997239
851026019
851034791
851046011
851067281
851092339
851216449
851248129
851316619
851366753
851424121
851470339
851605571
851607209
851723101
851744713
851767781
851965253
852003211
852009787
852026719
852120701
852138913
852253111
852274477
852304549
852334687
852387313
852494633
852525757
852556603
852566413
852569203
852677333
852692413
852795143
852806197
852810983
852860377
852978773
852981931
853063571
853096357
853144519
853152301
853181677
853204501
853216201
853232993
853265009
853274197
853284097
853303897
853378613
853400963
853448257
853499789
853666691
853796651
853901011
853925077
853928591
854030257
854143519
854156081
854203237
854213131
854217229
854301829
854311729
854469013
854477243
854537891
854584433
854585957
854613667
854618987
854643653
854656819
854679773
854751019
854811487
854856529
854902219
854968451
855025429
855037109
855055657
855057187
855134587
855171913
855233011
855340429
855351281
855367057
855513397
855524753
855565343
855577223
855779689
855826729
855835691
855860543
855916213
855920803
856021031
856043677
856106309
856122439
856233319
856486481
856511101
856533277
856609213
856690433
856781911
856868351
856880809
856896071
856955123
856961719
857000437
857026091
857058443
857141587
857163187
857177591
857220619
857222419
857264987
857299271
857387213
857396123
857498689
857584223
857714813
858030419
858034657
858167113
858231487
858324367
858459229
858564439
858623723
858649699
858661781
858664003
858702703
858745751
858766583
858782471
858827509
858874909
858934939
858972461
859175153
859282213
859311001
859374013
859452931
859680491
859715719
859861391
859868837
859931539
859941947
860040859
860080321
860089357
860102429
860109671
860252137
860260301
860293853
860307619
860326111
860346913
860417587
860512729
860512781
860703671
860749691
860769491
860906467
860916187
860949491
861005963
861045671
861061321
861079357
861106237
861110429
861134137
861160709
861161591
861162877
861261301
861297977
861331819
861421819
861578911
861613429
861661109
861718177
861929951
861953077
861984143
861988271
862061401
862090391
862092229
862280011
862312819
862353913
862399939
862403221
862473277
862510031
862611439
862745987
862801519
862802767
862805803
862813657
863015221
863024681
863192713
863202973
863272219
863302057
863378333
863528167
863873861
863952403
864005047
864006349
864112709
864143219
864222031
864236287
864241481
864301211
864380009
864387143
864497419
864587291
864610111
864625087
864627931
864663829
864752503
864774851
864829429
865012321
865108219
865199471
865200719
865210691
865210963
865230349
865254653
865297751
865505197
865583681
865659191
865689499
865709681
865821703
865966499
866023597
866034049
866154019
866158303
866404271
866451097
866467939
866508067
866612753
866639981
866698463
866701271
866748551
866754491
866974763
867001231
867019991
867074503
867190087
867201787
867237713
867240973
867436967
867439519
867500857
867571213
867572513
867677119
867693139
867731987
867897263
867959453
868098281
868135087
868147871
868216733
868251653
868281977
868309781
868324357
868461353
868462871
868493789
868511803
868527323
868532257
868610287
868621177
868645391
868693499
868785383
868875563
868894799
868934783
869001697
869002249
869020391
869058901
869063077
869242177
869312713
869381243
869410109
869410963
869439889
869454491
869548219
869619953
869674583
869712353
869723333
869737699
869763863
869779073
869865691
869865947
870099313
870116021
870139019
870390487
870430321
870431311
870487213
870630697
870759413
870838781
870922181
870932009
870995239
870997271
871002721
871085029
871157377
871341101
871398901
871485353
871532219
871615813
871620961
871623397
871676681
871692403
871699039
871723129
871745543
871774781
871776013
871819213
872142671
872323391
872332249
872344219
872520211
872548253
872599309
872627257
872755967
872782343
872899373
872918681
872936629
872961443
873035291
873122519
873177353
873191843
873204349
873297671
873303581
873747491
873815167
874020029
874026229
874151309
874156513
874234903
874310771
874408553
874422209
874894583
874975789
874979879
874989889
874998737
875001991
875088761
875101109
875110231
875286143
875307071
875344823
875366153
875473253
875535977
875549291
875565893
875580791
875634791
875654719
875711029
875766799
875940313
876002009
876008557
876024577
876035287
876341197
876417713
876453623
876465619
876574883
876699391
877000321
877042129
877134613
877154543
877257947
877326313
877369763
877411109
877411387
877549969
877786463
877884473
877950893
878017603
878085947
878152643
878232457
878251177
878273203
878449589
878457863
878609981
878697353
878781551
878845789
878862191
878964781
879067003
879246439
879246761
879285863
879334303
879338329
879365213
879366409
879429409
879504443
879627863
879693109
879694489
879754699
879774563
879810931
879897527
879902539
879920203
880032331
880090571
880095071
880103891
880181677
880212511
880218973
880245371
880284653
880313887
880571467
880652713
880706467
880715119
880762823
880764977
880787329
880928591
880937333
880948751
880992143
881000173
881081059
881081983
881136577
881145371
881212781
881249813
881253371
881318803
881334001
881366503
881455823
881457713
881558203
881648629
881729243
881772791
881775143
881779897
881826977
881831009
881932603
881949113
881957291
881976113
881992571
881994683
882107419
882164029
882264367
882291367
882434713
882567893
882665423
882893213
882933157
882977573
883023121
883041101
883052419
883058503
883060571
883238987
883274167
883280843
883408177
883558751
883602371
883658033
883712197
883752533
883789553
883829033
883905931
883916591
883939499
883965191
883979273
884033291
884086781
884095921
884097901
884144197
884150923
884201221
884205319
884222291
884271613
884293967
884299853
884348771
884446729
884541071
884566481
884702171
884761729
884842213
884899163
884926571
885027653
885061297
885259883
885299171
885333187
885357439
885369113
885472729
885538223
885594683
885716243
885923809
885959273
886013419
886067423
886141387
886158709
886216951
886231219
886265153
886267751
886340197
886396789
886410191
886450823
886582043
886590491
886686473
886716323
886875161
886917281
886922203
886956019
886982689
887001211
887016833
887282719
887311387
887327153
887338043
887385113
887400049
887419391
887420803
887427581
887567689
887579491
887587061
887644481
887716751
887752883
887851751
887855791
887888191
888149963
888152257
888154303
888155591
888173243
888216713
888247223
888255581
888261623
888350839
888369109
888433781
888447919
888567653
888863489
888910691
888971081
889000001
889004009
889139651
889168789
889208539
889254323
889275461
889293773
889300963
889342871
889350067
889371143
889407413
889546673
889569391
889604113
889627909
889679191
890080409
890129171
890205419
890482603
890492257
890541973
890591453
890739013
890950553
890952067
890989937
891033037
891085733
891108319
891175997
891188629
891220619
891313777
891363457
891517177
891574613
891783323
891790967
891813277
891851453
891891053
892022519
892023037
892054091
892057997
892084513
892163843
892313011
892354553
892389863
892421059
892432657
892470277
892491533
892495609
892540039
892549429
892557709
892558391
892692851
892703843
892803097
892841891
892908893
892910197
892925591
893020619
893060963
893169413
893233219
893330983
893334833
893349323
893372413
893387123
893408543
893431271
893436881
893580533
893587909
893598947
893705257
893749309
893801009
893823313
893851433
893888363
893923523
893947451
893983309
894051049
894095681
894192067
894211933
894232219
894245941
894261187
894726851
894731503
894828281
894838361
894866029
894947399
895010681
895029791
895031219
895125703
895214557
895221209
895236403
895274911
895352503
895356013
895380881
895679189
895719191
895919489
896069651
896086223
896101319
896120219
896244157
896244931
896308613
896334067
896432813
896470613
896575219
896617133
896632691
896660243
896895973
896898617
897111667
897257509
897284789
897324403
897377399
897515513
897533719
897689489
897784289
897850391
897906773
898009729
898057751
898102019
898112557
898183883
898289879
898308053
898360691
898590229
898691753
898743023
898780699
898826791
898868779
898918373
898927283
899156329
899212357
899283773
899441911
899542571
899586089
899709563
899722799
899819491
899827553
899829199
899864699
899932699
899984489
900018631
900158629
900196519
900208447
900218411
900227347
900271139
900287767
900337147
900360031
900528439
900614411
900631229
900648139
900665239
900704309
900713659
900720721
900753509
900759071
900795703
900801521
900822829
900881011
900951509
900997303
901002541
901041041
901228019
901231321
901379081
901403401
901423001
901440073
901451321
901521631
901527037
901534897
901601731
901612993
901642211
901660321
901972567
901984357
901990039
902025121
902130629
902209237
902239867
902313073
902345519
902411557
902483963
902531501
902541001
902623459
902638019
902683129
902697157
902739703
902790913
902821109
902893177
902912519
903022657
903036119
903038131
903045029
903079657
903084037
903089713
903174697
903180401
903197287
903201311
903204859
903217109
903233659
903306791
903355867
903398077
903424549
903451019
903549833
903590419
903617291
903808181
903866839
903888103
903922519
903941923
903953467
904043011
904050239
904091047
904108619
904138973
904173923
904183409
904210121
904215401
904257209
904275209
904336429
904374577
904383757
904417597
904434529
904575187
904630301
904632121
904644229
904663181
904728613
904731301
904731439
904768213
904853377
905071549
905098823
905126137
905181923
905183471
905186377
905206321
905279929
905422981
905488303
905541509
905555557
905567167
905600257
905666941
905888471
905950181
906045031
906074471
906110201
906139109
906162787
906214147
906227963
906254471
906302819
906361777
906370687
906371471
906393457
906451993
906504259
906513983
906531259
906818503
906884513
906903119
906969773
907005881
907016771
907056757
907113511
907134037
907141211
907151719
907199861
907269067
907307587
907309987
907321729
907375643
907433381
907578709
907611787
907612021
907645513
907729343
907751171
907778873
907807177
907820471
907837781
907873639
907955681
908007943
908018497
908040209
908071687
908089057
908092219
908223259
908302237
908306219
908402771
908408467
908547067
908613577
908679773
908694947
908696783
908702857
908710339
908867929
908884043
908930377
908934157
908946413
909218029
909220709
909266503
909306577
909428813
909533803
909560713
909639671
909650197
909705187
909732277
909772057
909818719
909969383
910045711
910066639
910089119
910096339
910106221
910144447
910157519
910184993
910203809
910265771
910316129
910347259
910355591
910385419
910403519
910422983
910438429
910455037
910466677
910482961
910521811
910534057
910552501
910597951
910606321
910659097
910669553
910714459
910805591
910812131
910923619
911029019
911030431
911066953
911154331
911160329
911186923
911324749
911372311
911403631
911440139
911472259
911472983
911473001
911480359
911506147
911528329
911594377
911640559
911660111
911680409
911690149
911732519
911761111
911784187
911844281
911886977
911912629
911969951
911994739
911996243
912027331
912156211
912165259
912230021
912278557
912307321
912393487
912398941
912404231
912707149
912714211
912716419
912720331
912723983
912742429
912777443
912845029
912881803
912905309
912944029
912977243
912990833
913064953
913066001
913114759
913118953
913134829
913206829
913219429
913248913
913271131
913281301
913315411
913367197
913402319
913442009
913525021
913531301
913603121
913612459
913661963
913798429
913860139
913926071
913988381
913996661
914005139
914012609
914020837
914070881
914071897
914072519
914147291
914165101
914197267
914256319
914270009
914274913
914282381
914304649
914375009
914472001
914560973
914571487
914642497
914668871
914687957
914704867
914712529
914817097
914826277
914866343
915008359
915010093
915029419
915041431
915061019
915105809
915123029
915124019
915134629
915167081
915203983
915204001
915231791
915268951
915310021
915370571
915374753
915522787
915553109
915613159
915613429
915620359
915722011
915822319
915847819
915948233
916022039
916023809
916054339
916086833
916102801
916156567
916211129
916221829
916233671
916234519
916250519
916365367
916376633
916376723
916405409
916419703
916430681
916501549
916629353
916631329
916773157
916775203
916908931
916955629
916958381
917016031
917016259
917129977
917259313
917330311
917399239
917529157
917552287
917561713
917566781
917592353
917676143
917946709
918024581
918045371
918115519
918146029
918149257
918237743
918279013
918321031
918386423
918408457
918434009
918520391
918526267
918532129
918558103
918591881
918656861
918660833
918678799
918685883
918722377
918722803
918733951
918762443
918800381
918850997
918858461
918916967
918969563
918990103
919005211
919071001
919111729
919129733
919193941
919250291
919251371
919311259
919352009
919480733
919502329
919612039
919776191
919853203
920023721
920058301
920106547
920165221
920186011
920231821
920436211
920447923
920492497
920513431
920522011
920522891
920532601
920616121
920694743
920703559
920760439
920823529
920827657
920959057
920971853
921048983
921059149
921073501
921089171
921096139
921134411
921162131
921164047
921277657
921307691
921312101
921317009
921344201
921415109
921718657
921726049
921862181
921901459
921912877
921925271
922001921
922011193
922029671
922036019
922039777
922126057
922158973
922218211
922221073
922259171
922265329
922332953
922335961
922378733
922460519
922520309
922575613
922609297
922660021
922672657
922704943
922798003
922800829
922841239
922900019
922906091
922989113
923085973
923153009
923218319
923323301
923357009
923391757
923448187
923458267
923531771
923533571
923569433
923587213
923607319
923631101
923641339
923715119
923745187
923764951
923788609
923822149
923883313
923900993
923965921
923983967
923986223
923998583
924004919
924025121
924120073
924142301
924171877
924201631
924206359
924264119
924338803
924379303
924430963
924432787
924468403
924536843
924552319
924615319
924714913
924915613
924976133
925005401
925014511
925021919
925038973
925045481
925067119
925102621
925127923
925131331
925146667
925179919
925180519
925237297
925265753
925319029
925363297
925442677
925510231
925530509
925532677
925546357
925568719
925604587
925820309
925835543
925853543
925911281
925915553
926013601
926014619
926037913
926156467
926165171
926204401
926270101
926282557
926295157
926328743
926418653
926516081
926524091
926605039
926624081
926641477
926696873
926740387
926779583
926850833
926892671
926918911
927027973
927056843
927116497
927146029
927171319
927194453
927203201
927222349
927235181
927237277
927289991
927290009
927309923
927311629
927348157
927384067
927433019
927519533
927553997
927612229
927653723
927669551
927860077
927875651
927943921
927998189
928037753
928099993
928105571
928174733
928232219
928291603
928303933
928436813
928496381
928519343
928576661
928612109
928643941
928644403
928644791
928671157
928848191
928854947
928866409
928887251
929017039
929070049
929179799
929193443
929214371
929246723
929325277
929395003
929398181
929477509
929498081
929577599
929740951
929854481
929869799
929964229
930007711
930008839
930160537
930179557
930181897
930225809
930246349
930301949
930347239
930405739
930454201
930481339
930530257
930550871
930617381
930800309
930831439
930900511
930940973
930973357
931075933
931092439
931128787
931159091
931160231
931193983
931194001
931200511
931202221
931345409
931371439
931456181
931514047
931527973
931532401
931592009
931710601
931773833
931803619
931826009
931844009
931870019
932007119
932074201
932106649
932126971
932130811
932269991
932305819
932315719
932317571
932413709
932434319
932466833
932652319
932654029
932830391
932863733
932867539
933038419
933129319
933141331
933172021
933205709
933206401
933252031
933292219
933350311
933369919
933372487
933395077
933400511
933434767
933444319
933489413
933506923
933520897
933591613
933618187
933679991
933741397
933772643
933791891
933864403
933897799
933900509
933980813
934045867
934115887
934118011
934118923
934255657
934304771
934417039
934566881
934622149
934630481
934816823
934849991
934991243
935014019
935102411
935196443
935210701
935243677
935251319
935312771
935321449
935381081
935404597
935429543
935481097
935546723
935565881
935571277
935622139
935638057
935770177
935780987
935828771
935874103
936076733
936090319
936110309
936198491
936201247
936202459
936211109
936246833
936302629
936399461
936495103
936504913
936644077
936765143
936833413
937028467
937049891
937093643
937102871
937114319
937195967
937332397
937351297
937477391
937538333
937615823
937646513
937780343
937786361
937859959
937982783
938010001
938039257
938094791
938121031
938289371
938301619
938369329
938383213
938547671
938619233
938675873
938685799
938696081
938883863
938900467
938993171
939040111
939140291
939210121
939266591
939296929
939375529
939412387
939414019
939514357
939755419
939833911
939860513
939963023
939970391
940034437
940035881
940136539
940163401
940170131
940187557
940230701
940232611
940251973
940307539
940424993
940438271
940542961
940547467
940549823
940651339
940680229
940720897
940772377
940833577
940947713
941004509
941008619
941012557
941036771
941062301
941075983
941106337
941130329
941148913
941292973
941302331
941322401
941362519
941393029
941398781
941512321
941523983
941571667
941680657
941724229
941759993
941765413
941945813
941994439
942007057
942007109
942012011
942014257
942029677
942042953
942051001
942055159
942110531
942116401
942263963
942314137
942352391
942396313
942452101
942509287
942611591
942660487
942712993
942721001
942836891
942840049
942857203
942882881
942949481
942985133
943050337
943089313
943146397
943320739
943341031
943343983
943513111
943527833
943553287
943774729
943812139
943835839
943848013
943979753
944031973
944090923
944190139
944216963
944223121
944241301
944289413
944331877
944381843
944420311
944503481
944550119
944624029
944692613
944696419
944960813
945002983
945014933
945068503
945073477
945097729
945130819
945252397
945474977
945486491
945496609
945541567
945737809
945757339
945797483
945826639
945838043
945874519
945998363
946039513
946044049
946081567
946120619
946166941
946193723
946246267
946294523
946331011
946373503
946412309
946695689
946706503
946727681
946994119
947080657
947081803
947102137
947158691
947178013
947184313
947205139
947288651
947315713
947352187
947558561
947610487
947639213
947639981
947826947
947876029
948006001
948048791
948103319
948104011
948105049
948223963
948263453
948316177
948426881
948446911
948477281
948535729
948615713
948741623
948871883
948876389
948889727
948916519
948930403
948951491
948953471
949083881
949099909
949120597
949273433
949281353
949403753
949410139
949479899
949600657
949601197
949615253
949666789
949822303
949862651
950017121
950083111
950096467
950122357
950172787
950203801
950209597
950220031
950220811
950283577
950305231
950331881
950340739
950375557
950403331
950451529
950506339
950554567
950590019
950700209
950710109
950731429
950805913
950808743
950850319
950911111
950917087
951078019
951079939
951114881
951117943
951210329
951241549
951301111
951381209
951522529
951723757
951781997
951807457
951974809
951988181
952005829
952109149
952113209
952130219
952160887
952173913
952188067
952272397
952399003
952445467
952627513
952690553
952713577
952730329
952814287
953283367
953298013
953342381
953376533
953481833
953536267
953566613
953708167
953781713
953798171
953800571
953832613
953878853
953927539
954011749
954027049
954230359
954273367
954384791
954416377
954460387
954491987
954535513
954690157
954744353
954771443
954771931
954785033
954834791
954840277
954892751
954999827
955003619
955059353
955098491
955105973
955120121
955202047
955286809
955298471
955411687
955434457
955479229
955481077
955533613
955601239
955631713
955657223
955689499
955810813
955884773
955893977
956068639
956100953
956110459
956232577
956240381
956333557
956444257
956449883
956521109
956576471
956593481
956650733
956683571
956835233
956905253
956969183
956990329
956991281
957122239
957139343
957168761
957176771
957263077
957346967
957430657
957479209
957579071
957587753
957598373
957630097
957660791
957792023
958019453
958186043
958218829
958234951
958262633
958287599
958350097
958399591
958465751
958513643
958517423
958692689
958748753
958896353
959103577
959163533
959200339
959258239
959295191
959317253
959334443
959426861
959445709
959467451
959487161
959564783
959644003
959682371
959687051
959710513
959794799
959896163
959927351
959936209
960051991
960052619
960062137
960093319
960115147
960202319
960238963
960283297
960301319
960328387
960361687
960401411
960418477
960423301
960432581
960451201
960473557
960542329
960554171
960559871
960564457
960606487
960620953
960635009
960744457
960802201
960896789
961024619
961080961
961088941
961116581
961176071
961271309
961361419
961505219
961669799
961685203
961695893
961781167
961798853
961843733
961873303
961906823
961966883
961995799
962001101
962073757
962224111
962254567
962281387
962297911
962478947
962527087
962657513
962686883
962743997
962801101
962802319
962817157
962894873
962995853
963093097
963131797
963131887
963157087
963185987
963211321
963212449
963217109
963223319
963242309
963242381
963259433
963271567
963281119
963352219
963371557
963408097
963413149
963430249
963452843
963477761
963488033
963589673
963685799
963744533
963756413
963772213
963796699
963805177
963843791
963856043
963969899
964174553
964344457
964377671
964393343
964490077
964517987
964609057
964654213
964669499
964673771
964827439
964883561
964995781
965025577
965026567
965077343
965080297
965115667
965120021
965185253
965231419
965253019
965406019
965488451
965546957
965556103
965557391
965597663
965613653
965706353
965717771
965761871
965867689
965945419
966000649
966047839
966068681
966357143
966360833
966429323
966456053
966592481
966635333
966803839
966847309
966960619
966982451
967068761
967078481
967092713
967201687
967219639
967326977
967352839
967360087
967397209
967438391
967468763
967485461
967486271
967562243
967644529
967661243
967668473
967690571
967696799
967733861
967766689
967929019
967949581
967969381
967970929
967999337
968034187
968059973
968110201
968137433
968175053
968220191
968234453
968255243
968282591
968351257
968427323
968532157
968563751
968576753
968583281
968682461
968741681
968811157
968913947
968948699
969084947
969180533
969201973
969258371
969620987
969684109
969707873
969763271
969777827
969810739
969846473
969861371
969877817
970041719
970070047
970073677
970248187
970264657
970310219
970330729
970484813
970506487
970507567
970533913
970540339
970605001
970666967
970726357
970774213
970914097
970954213
970970503
970979171
971011919
971031311
971045983
971066171
971074219
971079919
971254129
971266951
971284357
971341867
971391613
971436833
971521249
971679953
971702239
971788451
971946851
971947481
971983799
972123697
972229991
972362557
972374413
972552187
972627533
972714833
972720913
972844921
972938929
973042001
973092097
973133419
973148503
973314281
973408643
973410121
973422757
973476893
973482443
973536623
973630271
973769081
973771639
973841503
973866191
973918313
973924057
974052577
974103121
974157713
974177629
974267771
974283157
974288123
974309929
974514367
974539883
974560357
974594471
974628323
974660503
974685863
974707303
974804543
974853233
974930503
974970233
974998679
975002933
975021301
975104329
975162187
975196751
975290453
975563203
975568589
975686171
975686483
975706057
975779183
975827033
975856451
975875171
975888737
975982499
976007803
976057253
976061377
976082077
976086143
976104049
976211381
976232557
976268651
976373681
976426057
976456661
976479589
976568119
976592471
976663313
976682123
976802503
976809689
976919483
976975151
977021291
977170603
977241019
977270167
977367023
977409143
977444243
977463439
977540813
977560967
977587399
977659937
977659939
977700653
977754689
977843651
977864957
977895799
977970551
977986699
978052997
978057529
978089171
978108067
978112657
978130091
978135791
978166939
978197351
978338929
978394763
978415343
978530543
978563381
978577373
978604691
978637967
978699389
978782489
978816023
978824699
978825977
978949789
979014833
979021567
979046113
979114553
979177699
979458071
979644139
979654673
979728653
979755563
979764109
979796281
979848827
979858163
979977499
980031601
980111701
980157653
980160101
980200021
980371019
980384257
980406001
980603497
980642171
980658893
980739143
980791433
980990719
981002909
981143239
981202121
981295639
981296333
981327187
981393313
981415387
981445603
981550477
981572413
981599753
981709691
981969251
982030981
982050961
982202681
982221349
982249253
982279481
982421291
982431049
982486133
982584851
982630813
982667561
982671623
982758281
982761443
982817513
982891661
982936223
982948699
982970539
982989289
983006767
983201221
983278609
983329909
983511371
983548799
983549981
983580977
983595551
983759171
983819873
983844761
984021509
984035029
984035081
984063653
984101047
984101401
984133567
984265523
984293243
984314081
984349313
984398573
984568909
984584033
984610129
984659483
984991013
984992689
985091167
985238591
985387673
985393223
985443353
985572851
985600039
985682419
985685599
985765271
985770323
985774589
985868453
985914947
986283491
986328053
986351413
986401181
986469989
986493689
986495483
986596399
986613977
986643103
986962219
987003757
987041467
987155629
987196013
987396383
987541213
987570893
987584573
987605771
987613343
987622303
987698669
987703433
987711353
987770239
987786353
987822581
987864071
987870683
987918383
988022843
988292783
988293281
988303553
988345429
988433113
988454419
988541681
988590139
988592599
988655753
988687727
988833371
988843589
988873489
988929391
988945553
988984769
988992083
989032643
989035921
989117153
989132839
989144809
989226143
989238409
989273561
989426651
989467799
989560661
989726351
989849579
989853071
989859707
989886299
989978189
989992769
990025111
990113771
990130781
990209287
990313409
990317467
990338257
990413219
990601201
990603281
990607733
990649003
990669971
990834067
990855233
990939799
991032037
991059791
991108219
991112539
991208377
991277591
991308277
991338443
991394629
991419157
991514009
991830703
991844591
991880333
991929683
992024101
992086057
992096957
992111591
992308997
992341271
992373313
992422129
992436623
992470513
992505653
992527691
992627681
992809799
992848091
992883371
992899189
992917481
993002771
993152843
993170119
993177851
993232091
993340963
993357671
993422029
993434257
993438947
993456323
993483671
993525931
993659119
993819461
993832613
993862481
993907883
993943661
993983261
994084057
994112381
994123477
994165343
994254739
994259561
994305743
994459673
994463333
994507057
994509671
994524977
994560313
994571771
994726339
994802813
994821533
994921253
994947299
994976273
994999199
995055829
995150081
995170357
995223071
995287091
995301371
995303753
995642719
995854039
995859869
995892383
995962967
995987579
996075671
996159023
996170543
996187789
996265883
996278753
996278957
996307343
996319043
996505781
996565763
996583361
996617213
996734929
996780409
996981653
997010309
997078853
997246043
997391783
997508033
997621967
997641053
997651043
997659599
997753129
997782299
997957699
997992199
998003009
998059451
998097383
998169499
998177261
998195663
998252719
998259589
998340713
998379869
998467489
998473271
998494199
998532671
998602343
998607191
998914013
998955599
998966399
998975717
999048551
999085181
999141739
999231829
999333901
999431809
999547799
999801893
999825473
999864973
999922789
999960781
