286330897
286330943
388098901
955201943
1776186851
1854778853
2559495863
2647782901
3517793911
3628857863
3866728909
3974453911
4167637819
4269837799
5083007887
5362197829
5642510933
6034811933
8180784851
8214319903
9045257839
9406983799
9512747861
10858338851
10858338901
11290305953
12415884829
12869802851
12869802901
13217332897
13237160933
13641866911
15663914911
15845166851
15845166901
16608914911
17673065911
18783008861
19327193911
19827261851
24282558851
29808008861
29837412851
29837412901
30584668909
32351885809
34097467853
34140291877
34723583861
35720087839
36304668901
36475461901
37037907901
38038436861
38534907799
40394884853
40809383911
42099371911
42244288819
43097538863
43843076861
45480846799
45480846863
46537591853
47417075911
47595101839
51219428839
51423937819
52480993909
53716902829
54618664853
55762461851
56676324799
56676324863
56676324919
60672904819
60695244901
60764381809
61338554861
61416908911
62645048911
63240927829
63874074799
64367523851
65091657919
65717051839
66382074851
67701672851
67963450909
68105187851
68105187901
68224643911
68761390909
69726316789
70651583861
70847481799
73915118861
73915118911
74062938919
77623933909
78791133919
81176943919
81880325809
83751903901
83847320911
84547421911
84952408909
85653711851
91444099907
92928510901
94309440829
96413922851
97209313819
100088666861
100439782819
103590555829
105656148901
108029294861
108572930911
111554854819
111966934789
111980685863
114737845853
114737845909
116767131829
118651716851
119291646863
120456737809
123393562819
126028488863
127125765901
127528551851
129240638809
129282912851
129282912901
132863067901
134613662839
135145917901
135242780839
135892615853
138526901809
139089064853
139234316839
143287716863
145837610861
146082491809
146493184853
147290084861
148219532809
151959064909
154648223809
154648223861
154835455909
155738371853
155738371909
157369161863
157434416809
158632172861
160706438911
161464371829
163251663829
163409525861
165906228799
166032673819
166159323851
168416361901
169157003839
169830204829
172758005911
174501593911
177861005911
178761532909
180934901911
181386511819
184113564829
188230517809
189502533851
190646603911
190703834911
192742800829
194132167819
201479354809
204176275819
204360578861
205555845799
207036953861
207036953911
210389268863
216192563861
220811324887
221247276829
222351983911
225621597919
225730628861
225839605909
228671158853
229108436861
236764070911
237616560851
239004828851
239926022911
240417368861
241439245819
243432368911
245559505853
250971263911
252917514851
254468250901
260260114897
262125891851
262977430853
266007780851
268371346853
270276273851
271077075851
271077075901
272543703829
272786202851
273649251919
273823136911
273837302861
279070191901
282365175863
288501660851
290132967799
290364097789
294009654863
298380028853
307192408819
313315791829
314404763839
319446332861
320439338861
320641800877
321562628809
322777092863
324081783901
325029393851
325533297863
326268090851
327280903819
328814463799
329698021789
331712387911
331817534861
332044837819
332646438919
337436280851
343965190853
345124894909
346122927851
347723270911
351844451911
353490902861
353611392829
358515148853
358515148909
360673713901
360806274901
360928524863
364073408911
364280463901
370082956853
373169411809
373169411861
373169411911
373224690851
379204537909
380412474829
380508704861
385227018901
393272315809
393570108901
395705343799
395705343863
397901131819
399342505853
402956054911
403709642911
404186280829
404209494851
412285623829
413662660819
416946321851
418184436799
421771802839
424053498863
424490643851
424490643901
426605670901
426612608809
432755734909
435077042839
436782460909
439181373919
447338614909
450058327819
452164396909
459711116861
459711116911
461573292919
462315762851
462849420863
467134473863
467134473919
470238080839
476327811919
484501613839
488931020861
491587122799
493892400919
494582205919
500774457863
505054572829
506055663851
506055663901
506524594909
509260814911
509406452809
516828213851
517655073799
517655073863
518420355829
519246018901
520718750911
522563315839
523655554853
525791051809
525923743789
528436372909
528582221911
530521323877
531170675911
537197071909
541364934863
542688030851
543333747799
543370248851
545035922861
549200965853
549441323911
550282990909
553431667909
555191716909
556503380809
559903062799
562613174911
565353224809
572383114819
574144227851
574643046799
577870140863
577870140919
580075316809
580371682789
594362142851
598148500853
598281024863
603150180877
604167327851
606082011877
608853810919
609722306861
610449704861
611723677853
611808367909
612260203943
614924094919
615024458911
620414582839
622800845809
623385612851
624754350851
627823264853
628692101861
630510106943
633337415861
633920376863
637480304911
643096141819
646266342863
647450680853
651826705853
655712361901
656123638789
659006472919
660923270911
673008074861
679301338789
683544131861
683544131911
689260113901
693543041809
693580005851
695407035919
700419815911
700824192829
701035313933
704063757799
704461356901
705164651861
709187701853
712701594851
714658215863
717008156861
717753450863
718512416861
722425472809
731721891799
733600491829
739141027819
742014917911
742940018809
744207655909
745330608901
746560137863
750059720911
751117326829
753044076901
753900512839
758862699853
759422700851
759422700901
761168532799
764572013861
765312074861
770501717911
771701236819
780263222839
780473037863
781306717909
782373307789
782373307853
784332813799
793700127901
797410164919
799136203909
804048524861
808423474853
809239450909
812428028809
814546146863
815562232819
816423516851
822290236819
822954051851
823381038901
823418240839
826863012901
832249323901
832302033877
841601875853
844404136819
844668000851
847624503863
853673305853
854430912851
855011285809
855011285861
864800271851
866922015919
870807036863
871351037861
871351037911
874355511863
882159115909
886410373909
900468360851
904159510819
904580541901
904586314909
907429212901
908340925853
912817305901
914280740861
916180820809
927432162851
931347054901
933029280851
937204375909
938042090809
940145516809
940145516861
942216906863
947173410901
950453127901
951112947919
951547113851
952722850853
956231323819
962150754919
963084011839
972327613853
972880330789
975261243863
986221714789
988620204799
992112062839
1000299428861
1003992645863
1004154496819
1004451953839
1005967610911
1009331492839
1014644961851
1016098662863
1016098662919
1018983243919
1019248227901
1020042365933
1021813677851
1022619757853
1028345630839
1033840767863
1034842594789
1045044456829
1046641675909
1046921461819
1048325227819
1050370917829
1050623510933
1052108773819
1054208844851
1056196615853
1058360910829
1060391952901
1062183635861
1066523547799
1071377091901
1071783042829
1073323565861
1076131488863
1077771126863
1077771126919
1079113184861
1082208632839
1083834480863
1083834480919
1084045443829
1088160505819
1093119903851
1096133845853
1101725657911
1103536974919
1105349156861
1105642850839
1105801880839
1106736471901
1107412286839
1107786140809
1111120428953
1111767277853
1111767277909
1113502252943
1116964543909
1117804274809
1117915901911
1121176368901
1121189372861
1124486067799
1128067406911
1130499341861
1130531341943
1131189208819
1131788362853
1135579152919
1135853118901
1137190760911
1138638702919
1148434025839
1148533910809
1148941911919
1150917556909
1152226101953
1153184730829
1153774183789
1156322556901
1160262636829
1162476333901
1174239166853
1182416730829
1184082335861
1186183651789
1190680452851
1190713921819
1191658053863
1203371945861
1206386604851
1209818231861
1210329618829
1213625573861
1219266106819
1219708218863
1221618717901
1223573475863
1229124685909
1231334297911
1232580626861
1243166773909
1246522972853
1246616086789
1249247361799
1249803621851
1250909136901
1255013402933
1255083722861
1260257327911
1261086732901
1264854023861
1270251375829
1275419325799
1278507411851
1280242626829
1280364245911
1282513926919
1291146282851
1296471060851
1300631261887
1307175372851
1307449407799
1309066491919
1316253955853
1316253955909
1318414517911
1321928151829
1323282542839
1333441203877
1335910476799
1336468134919
1341392550829
1343602867853
1349205390901
1351423574911
1351632756919
1352011973839
1354515291851
1355215518851
1355327360861
1358135707853
1358135707909
1362068545909
1369120845863
1370018991799
1370018991863
1376054223829
1378013187919
1394323226809
1400893560901
1401350957861
1401447461839
1401942477799
1401942477863
1402421352877
1407733276853
1408165730861
1409317137901
1410614141933
1412834197909
1413463774909
1415078046901
1416546552919
1417622155819
1417711881799
1419653317853
1419653317909
1419682310861
1419682310911
1420412800897
1422555555919
1428645302911
1429091680909
1430121788911
1433355628853
1435362452809
1442266117819
1442587013911
1447526425789
1450936282909
1452613931911
1462257525919
1463261791853
1471063904809
1471063904861
1481355328853
1490391313819
1490763072863
1500705581839
1501952363861
1520159621839
1521060785809
1521518228911
1528126923919
1531273462819
1531755535789
1531755535853
1533842095789
1537543642853
1542670074851
1550493831919
1552069061911
1557705024851
1559043800861
1559043800911
1559424504863
1562745113911
1565491044919
1568330017819
1570930640911
1573265415863
1574163224861
1574290443799
1580165445799
1581606215911
1585706214919
1587381150799
1594233071911
1597182110809
1598500741853
1602195048851
1605485212819
1609143542911
1612623195901
1619406444919
1621576650919
1623706650851
1634716412911
1635634092863
1635656332789
1641196362863
1645176261919
1651074682853
1651074682909
1652153407819
1656555322853
1658131460861
1659900243919
1660695115853
1660695115909
1664084452853
1664084452909
1665407406863
1667420176789
1667420176853
1667601720901
1676223413911
1683619051909
1692008730851
1700299061861
1700299061911
1701647068789
1702364661901
1703097517789
1709114318809
1709253234901
1713009474851
1713307238809
1717099312909
1721015528839
1726580232851
1732443570901
1733216561911
1735242465863
1740299223799
1742505361819
1742515331839
1743437151901
1746402704911
1748035480853
1748035480909
1753107925853
1767210911861
1775271140809
1780203707861
1781311328809
1786640431909
1795166010901
1795518202909
1800270648851
1802411843839
1810951164851
1812870183919
1814016328819
1816802126809
1819930180909
1824128770853
1831144508911
1835212337911
1840221015877
1843465440919
1846200110933
1850576422909
1855810402819
1856626123789
1864045422901
1865232318919
1865241940789
1873036803863
1875106016911
1880866300909
1881326141809
1881326141861
1891527101809
1902345323839
1905319112839
1919920413799
1920676144853
1920676144909
1921754623853
1925109315901
1933043334829
1933226062819
1935092034851
1950153048901
1954925131853
1963099003909
1965704201911
1983312242861
1990232806789
2001290423933
2002245251887
2003418882901
2005920792901
2008181838919
2011626787853
2013516774901
2024244885863
2024244885919
2028465116809
2030520235897
2031519762851
2031875805919
2034805890863
2041506737911
2045782131829
2048520951901
2049234291851
2051869251863
2054610872861
2054610872911
2060227935901
2061530098819
2064800110897
2064800110943
2068452261901
2072096437909
2076442842919
2081290468909
2082205753819
2085841462853
2089403240839
2092347305861
2096085023911
2108758720909
2113550031953
2113791618919
2115112225943
2116143123877
2118011611943
2121907674919
2121959132809
2121959132861
2121959132911
2122351487911
2124175408819
2124790037861
2132414691829
2133958314863
2134660495789
2137276255853
2142304781839
2143059552901
2144369042911
2145233634829
2149415006839
2150770346861
2152167732851
2156038452851
2158581410809
2163941108911
2166037208809
2169991210853
2170696323863
2172771228799
2174881004809
2181790412911
2182354640861
2188328300861
2197321163861
2202670934809
2209404285901
2213414401943
2214791190851
2216590424911
2218583601901
2220375733819
2240072368819
2243071777789
2247077064919
2250033584839
2253583170851
2253921528919
2254880245789
2256127438909
2257015662851
2262352083829
2262820820839
2263371360829
2263662823789
2272573434799
2282274832909
2283086124901
2283233507809
2284293433909
2284391141911
2286241514911
2287232148919
2291210458819
2292807081919
2294411157851
2294411157901
2297312634863
2301750656861
2301813691819
2303194932901
2305263335839
2306295570919
2312390445829
2312658381799
2316725630861
2318361334819
2319431435861
2319431435911
2321518347851
2324736017809
2326015960819
2328016395799
2332618830901
2341625553851
2350568533853
2351691543919
2352130866851
2353212837851
2361271455901
2363313954919
2363870434853
2363870434909
2370135784909
2372689030909
2374241922851
2380364135861
2381131781911
2381522092819
2382791121901
2388024213829
2391334820911
2392903147853
2396113645909
2401188173861
2401188173911
2404152763819
2404580643901
2410954326901
2419398021863
2420682128911
2422279057789
2422941362861
2426453503819
2428281256853
2429122644901
2433951445789
2437259134853
2438491103809
2439673042853
2439703344919
2443477027853
2454850183789
2461417807789
2465762224789
2465762224853
2467051753853
2470379211851
2481380054809
2492240417809
2493541363853
2503273805911
2512396461863
2514544464799
2515820238851
2518026512839
2526608208799
2531293802809
2542256622901
2546061901819
2546215512829
2550656511901
2555540423809
2568124215851
2571680032819
2580101747911
2580610363819
2588308001861
2588308001911
2590426061911
2593383214853
2604206807809
2606320098901
2606421693919
2606451170839
2609114730829
2609523390863
2611242895909
2613190850911
2617732840909
2617910860853
2622227490901
2624882100829
2625630541819
2629052045861
2630205194839
2633600775863
2635493061919
2636461560919
2640554544799
2640732943853
2640732943909
2645193640853
2645313264851
2648117240809
2653073702809
2660017733809
2666213418863
2673171580909
2673262114819
2677261022809
2686320090851
2687049300799
2703496062919
2704650714851
2711728651909
2718086502799
2720086344851
2720086344901
2722514810839
2724155922919
2727903631853
2729452521799
2730166721809
2730585135919
2731615734919
2733620000933
2735031384901
2740049171911
2742212965853
2744414206819
2747406141901
2765911040911
2773503318863
2775134451919
2783791200863
2786004642919
2803077453863
2803215716911
2804104836901
2809000357819
2816339314853
2816733253909
2820421102943
2830714821901
2832075341911
2852615142851
2860068370909
2875306512919
2885515330853
2900406864799
2909203146851
2909203146901
2911913502829
2922135911809
2923412904851
2936360740853
2941025088863
2944760313863
2953716250853
2971913111861
2972027074789
2984404117853
2984404117909
2988023260909
3001845167809
3002265230933
3013700721877
3017441922829
3018670492853
3025830518911
3030623311897
3031163788909
3036484007861
3036484007911
3039130238839
3046173542809
3046282154911
3046863811853
3047413647919
3051499310861
3051499310911
3053860092851
3054276832909
3057035183861
3061709922919
3063342465851
3079080206809
3083111005943
3085640135911
3086447130901
3090571532809
3090817605919
3090873045863
3091072284851
3098633242853
3100478651911
3101682300877
3102703916839
3102753258901
3104247568909
3104307455839
3108701685863
3117555224911
3120734101897
3122765913919
3126122016877
3131382536861
3136292541901
3136613337901
3142156473901
3144241816819
3147057305911
3163238460901
3175055531861
3180447076909
3186154435909
3192350337901
3192531920911
3193106632819
3193184214851
3193184214901
3196104710839
3201519356911
3204303765829
3204583257919
3205748254789
3205950361819
3208900761851
3214007130953
3215406707861
3217009227829
3217543824799
3217543824863
3219320658863
3220960083829
3221126486861
3226087741853
3226660554863
3228375712853
3229312643911
3232921561819
3235551134839
3243121223887
3248209750853
3249066212911
3249070325861
3254105474861
3254114294911
3258310287863
3264057921919
3265093124911
3267007127861
3283335841789
3294102407839
3298122512911
3300294390829
3302853118819
3304902396919
3305182183819
3312305765911
3312659214901
3314184156901
3318421692863
3320957820863
3321649215851
3325120847911
3331309706861
3333551165911
3335181484853
3338621414809
3347242285789
3359353450853
3370831270819
3374226553909
3380602364809
3381183035911
3404941082911
3405719430901
3409133732861
3412991146909
3413364376909
3414791245909
3417763305799
3422661646853
3424717134851
3426614351861
3426614351911
3435656313799
3441228915863
3442824314911
3444002599907
3445280554789
3470454072901
3470881503799
3471217124839
3479322117863
3482046660919
3486052264789
3487744399873
3496777539961
3500549046851
3501851391851
3503255442829
3503354394863
3506307480901
3508235117809
3510895810909
3511354198789
3517031358851
3517031358901
3518176203901
3524171526851
3524171526901
3525407820901
3526317315901
3530265281861
3531423653809
3531423653861
3540646741909
3546125053819
3561543165863
3566333061901
3570162664909
3581626602863
3590448132863
3603812325829
3608621018861
3610084882853
3614763325909
3617046463853
3624375550909
3626520804901
3632841700819
3635313920911
3635547003901
3639007632863
3643213626901
3643375031809
3643375031861
3651244392863
3671608054789
3685101830911
3702615456919
3709292301901
3711122746819
3712721367799
3715156008901
3716494799863
3719128135909
3727109415863
3730454544919
3742603703911
3742712621861
3743042091829
3744197032789
3747500621911
3760267001839
3765414910853
3766092114919
3791223432851
3815056303819
3816522418789
3820090972909
3820533736909
3821654511901
3827602056919
3831142571911
3840573532853
3840962214863
3854902230901
3862006331839
3890515333853
3893210428853
3903007764919
3904916021861
3926006333861
3944605450853
3970142752789
3975232400809
3983040381863
4002510703897
4005075626911
4006062030953
4013770567789
4015163093839
4019734920919
4024348116829
4025982910853
4041343926901
4041618537799
4041775422851
4044000777829
4054059323861
4060277514851
4062011225933
4067165272909
4069450322911
4080516375919
4104164456911
4112934228901
4121075338819
4126215617861
4131414674809
4134259305901
4137138237863
4139106047911
4145102937901
4147421290819
4148442156919
4152545163901
4152883410901
4157801405809
4169280162799
4169280162863
4180227546863
4184524822853
4184524822909
4185244516853
4186310917853
4191144723851
4200420163943
4200486691789
4201863934909
4210604667851
4211981814863
4212551438861
4212551438911
4225763470853
4227275362853
4241931999821
4251964230901
4256360743853
4256731241911
4261724900911
4281277012819
4283313236861
4294260553789
4294520343851
4294520343901
4306619217799
4312952904863
4317661164799
4318750520911
4321238841851
4321238841901
4324920632911
4330605680809
4332622158901
4333110007943
4334018462861
4334018462911
4336109482853
4337184405863
4339209306863
4339209306919
4340642476853
4343141907851
4367635010861
4372320374809
4372320374861
4372702902901
4372772430919
4375213932799
4381608414919
4391062316911
4394103255851
4402491516901
4412088171901
4414403366861
4430377282853
4448256132863
4451818026919
4451936134909
4452602345861
4455120645901
4455253071901
4462150782799
4469453410853
4480026326861
4493142732919
4500742292861
4505309153861
4517052072829
4517066713853
4520449125901
4522134576863
4522852107901
4523569402789
4525365154789
4526100576901
4530093642901
4531109850901
4531805306911
4535063580863
4548125340901
4563556023799
4568085310853
4570625613863
4576265500789
4592020291819
4602092584853
4602614174911
4602894231799
4607410284901
4614173733919
4623404265901
4627982011909
4628190041911
4633821904909
4640683080863
4664101581851
4674144042901
4676030190851
4690425910853
4704631271861
4705915170863
4713187112911
4714313871863
4720350914911
4721343177919
4722901293863
4731117844853
4738412120839
4745105563789
4746410373799
4760101267819
4763354223799
4793062342909
4800120695911
4815058310911
4820105465911
4825912310861
4827118018909
4841192304901
4844312423809
4853401722901
4863552115853
4867051130861
4871360310829
4874045223863
4900344384863
4905203094851
4909540270853
4912058037863
4912409043851
4914316255789
4917333136789
4920003818861
4920244092851
4920338218909
4937514201901
4957121352919
4970036920789
4983402033851
4990025623789
4991131731863
4992305043863
4993150153909
5003530996853
5004172466809
5010366534829
5016151664861
5021932074829
5025764326789
5026314185911
5030657213839
5037026853799
5038088301901
5042290652911
5042328704911
5044624072819
5052953601851
5056443562909
5056822107851
5064210617839
5072315295799
5075722610911
5081642414861
5081824921853
5086162026851
5111433141877
5115914025829
5120425592861
5123074541839
5124517284919
5130461758909
5131753905919
5132940090829
5133191548789
5133717454909
5138171526799
5140203846829
5142017973863
5150430448819
5156160277909
5163315035839
5165042458789
5170038714901
5179073611909
5187109044863
5209423564789
5210218790911
5222943216851
5222943216901
5223045634819
5228032923851
5235408252901
5237255245909
5245811923789
5251395104861
5255433723919
5262582500911
5267365500863
5269112442851
5273412075901
5298011132839
5300070991819
5315722700839
5316361142839
5322892125919
5324026755863
5328032408861
5331363143839
5333610348851
5333820276919
5336158522853
5336158522909
5336291032819
5338000835861
5342202196819
5344414612819
5361416440819
5362920732863
5370038850863
5386640107853
5387603016863
5390282502851
5390862010819
5398316022863
5404116533839
5407116762799
5411080448911
5413932732799
5415557300861
5415557300911
5418742112911
5421307581901
5442605190851
5444128615789
5446545042863
5446545042919
5446560351863
5448454212919
5453371327909
5462421375863
5476054134919
5480783499809
5492421580853
5501386125901
5513217165901
5514422377909
5518335500911
5521323099917
5526542340901
5528453004901
5530812376853
5533992301853
5536332534919
5544122925799
5544273208853
5546421147863
5564613136909
5571613084789
5602543080829
5605180218901
5621073560911
5628726031909
5636251502911
5676131721863
5676131721919
5677832299873
5684202315851
5695302307853
5695302307909
5700016992799
5702381162809
5745648000863
5752031606809
5761712223901
5763090513799
5775114033901
5775344202799
5780102940851
5780102940901
5807791959961
5808045510901
5820808122901
5841756030863
5843062083919
5845113661789
5848410261919
5855432220851
5864700302809
5865202130839
5880301824863
5881550130851
5961452215853
6001261764829
6004852164851
6008171881909
6011756851853
6013591272851
6013591272901
6016513935919
6018605144809
6023783240809
6023783240861
6027248803909
6027531942799
6031054782901
6037506306851
6050153587853
6062464420819
6063900628909
6072770012839
6082412551819
6092403970789
6092403970853
6107348141809
6121646117911
6123369120829
6125338220839
6138470812853
6140382434861
6150653118901
6164339512789
6165223780853
6180010874809
6181280252911
6181287600799
6183018553853
6191311364911
6203456338853
6203632481911
6215705280901
6229142604851
6230430456829
6235434364853
6241443367853
6241645052809
6276750051799
6282706305919
6283745130919
6286300186853
6306729511909
6306813233911
6307033692919
6316590271909
6320096208851
6323132775863
6323281375909
6326230415839
6330047155819
6330928101829
6350132048839
6354583010861
6360409341851
6360643560863
6370632314911
6374100380839
6389102326909
6401353362829
6403436733919
6410625492863
6422077237789
6423010935829
6431735312861
6439521032911
6456053641789
6459031920863
6460784041909
6504233286919
6511308831851
6512156527909
6522518610851
6534060027829
6541037150839
6541114157861
6541266811789
6544521260861
6560034741851
6571501811911
6610975320863
6627333005809
6642170802901
6645380111809
6661416081863
6662743015909
6676550302909
6688030350863
6700271296909
6701819602853
6705071405861
6717260015861
6723437031851
6725550213901
6730029620911
6735018312901
6817603630853
6823830802853
6823830802909
6841436233909
6860144460919
6903127080901
6913428142909
6931362324863
6972271420853
6972271420909
7000906343839
7009174173919
7011014597911
7014861327919
7020995242909
7041175528789
7041442514839
7047606144919
7050061287901
7054317453863
7054317453919
7055314348909
7057414511911
7061215391861
7063492022809
7063492022861
7070402761819
7073093411861
7083129307789
7093222073911
7106324444809
7110078921901
7115714225911
7118623318789
7121806334809
7122217707851
7122544770863
7134371508799
7134418005829
7136816160919
7141800930829
7142104556911
7154622404911
7160603245819
7163360351911
7164227380789
7181155043911
7182071328863
7184001946789
7184352312901
7190221235839
7200136347829
7208013157819
7210320893861
7210703475851
7210703475901
7215500475901
7220303775851
7220342528911
7221848003809
7239181521799
7239181521863
7240363450819
7261171460911
7261454015911
7281053243809
7281053243861
7284717004909
7302649203851
7304322576919
7310141697863
7310141697919
7310750655799
7312337225861
7312337225911
7312932062809
7321510866799
7323273360901
7332652170901
7334182434919
7341721362851
7341721362901
7354430054809
7360886101909
7362545440909
7383310073809
7391904214853
7400892721909
7416745020851
7422402803839
7434391040911
7443330924919
7460063175919
7471807100809
7478202054863
7495185849961
7502190731911
7503510964909
7505038731863
7506222236809
7507431261851
7515652233799
7516332170911
7516351246853
7521106922911
7522057803863
7526762001851
7534132313839
7539276001909
7541433516863
7542170067863
7543734231863
7554137021861
7554137021911
7555171440919
7568802699853
7593331311851
7602360187909
7626103118861
7626965199853
7635413280863
7640621707853
7663039410799
7687023601909
7702272516863
7708051146863
7710104555809
7729285199863
7765900312789
7780302237919
7801006535911
7802284152863
7844027102809
7865003406863
7921710261901
7947201212809
8004226792853
8010982471853
8014014782911
8017633040839
8023964170853
8025074440819
8035156440851
8036230623829
8041860391909
8043732306901
8049250124911
8050921182851
8052291427853
8057001174829
8058212240839
8071902251911
8081368230799
8082502923863
8084080174789
8084350422901
8101093891789
8116405028911
8123600662819
8136083650789
8136124932919
8148303440861
8201104043933
8202386127919
8206279006853
8210502944911
8211775045853
8226352713919
8241120211897
8241120211943
8242440691789
8250603916909
8251179043853
8253639112909
8264141451851
8267904220909
8273303105839
8288844729961
8290161507799
8300980182863
8302228555909
8302284240829
8305573305919
8314329204851
8322602336911
8328035641909
8337214065919
8342702505901
8391410540809
8391410540861
8391830000839
8410972054789
8441529510863
8461024037861
8472129241789
8476342033909
8510019604819
8513015628863
8513015628919
8535266202863
8541151065851
8553110344819
8555700252863
8608092101911
8623082033809
8623162812799
8625373402853
8632222106839
8700011693861
8703154335919
8710661142851
8711436046909
8718400151861
8721543131911
8727972459961
8736212217919
8803161611911
8811321325819
8820304582853
8840012494853
8874992319961
8881162011901
8900602253861
8910014570861
8913205470919
8938106014909
8949102241909
8954000634863
8954000634919
9021931281851
9031532624861
9046604120839
9055015807909
9056262003829
9058227021901
9060930138919
9070080452911
9090632640919
9107637102901
9112207517911
9121812701839
9127213820861
9130870471909
9181123215829
9201053466851
9204000997853
9220324755919
9220813933853
9220920255851
9223744050901
9227631123901
9240208672853
9252169050919
9253064406863
9253130308819
9263410631861
9264836002909
9265003622911
9312420892909
9331249026863
9337140535909
9346190044909
9408690013909
9420324920861
9420324920911
9421353142819
9442500555919
9460514460919
9494629449961
9500425135819
9502087026863
9510494610919
9522621135851
9532152171901
9540091191919
9548115061789
9555412211861
9564201504901
9603036382909
9605150095909
9617120770909
9633000087901
9642011083819
9653010628853
9662000264911
9670152613789
9701215834853
9707041305851
9735032154863
9743906020789
9743906020853
9820822090909
9839684229961
9910339150909
9912202065851
10003464924829
10006944551809
10008453527861
10014032778829
10018133990861
10018133990911
10021514037877
10022880087901
10031299546909
10032120379903
10032818999831
10043347245829
10048901045839
10056861543919
10059205773863
10075249812799
10075593060901
10080191686853
10091131738819
10103939604901
10108924811809
10109865460909
10110560795809
10123807716851
10123807716901
10128671338909
10135535174861
10135635206839
10144053707839
10157117623819
10165045734901
10165652464789
10180316556901
10180781225809
10180781225861
10180781225911
10194301184839
10195205100877
10195632332861
10203309890861
10207242673819
10207346606861
10207848541789
10209072276901
10209835017901
10215400145933
10215770027839
10219494090863
10224490842851
10228965322909
10229064190819
10232527535809
10241904816851
10247942244863
10251048775789
10251368550851
10255174960909
10255480416851
10258222293901
10266418254919
10276860316909
10283565406853
10283685312799
10284044944853
10284044944909
10284435045901
10291932171901
10292613357863
10301250996901
10309180491851
10309180491901
10309253840861
10311887703919
10331176545901
10332373416829
10341811556911
10347629602853
10362514635901
10363264770919
10370745314911
10372505553901
10372521951901
10378646799853
10380570916789
10384813416799
10385817240863
10385817240919
10392117934789
10404731210933
10407258265853
10407474246863
10423157155819
10426357160809
10434148807853
10434148807909
10434953082863
10437211943861
10437211943911
10437334924909
10437715232911
10438525332901
10439096071853
10440681651901
10441312398851
10449500773909
10453306764799
10456116092861
10457067171919
10463411775863
10465073504911
10483822332901
10495658101909
10500745392901
10503052599917
10507448999851
10510312397839
10511632776863
10511654751901
10511730828901
10515908007851
10516709820919
10523248573909
10524810991853
10524880151809
10528522127861
10530362087911
10534502651839
10542058332829
10546142903809
10546142903861
10547731840853
10558844221909
10558890130853
10571602833901
10574530087789
10575264212861
10582116546863
10582116546919
10583809041863
10590173171861
10592320463861
10592320463911
10594209190853
10601867102839
10602246924901
10602601123897
10605259281863
10605259281919
10606427108911
10607811290861
10614415517809
10620149962789
10620149962853
10621418656909
10623744238853
10623744238909
10624602927919
10634307236911
10641175627853
10652239533799
10661920514911
10692362640863
10700230711897
10700920876853
10700920876909
10721591620819
10721614724809
10722619083863
10723133781901
10737224222839
10738204062829
10739102088863
10740580307861
10740640927853
10742712182809
10764242427919
10774616112851
10805652080911
10812316846853
10814633940863
10820324591809
10825008503839
10839295021909
10878002090911
10900344095911
10901836213819
10921565226799
10921565226863
10921717421911
10925116077919
10925222580851
10940626191863
10942542634853
10950546020839
10992530403851
11007078452911
11008523952851
11010912686911
11018922137911
11019427225819
11021169186851
11023925467909
11026071666851
11034538825853
11047393173799
11050533773809
11060575532861
11065478142799
11076120675901
11082135833809
11083354374919
11091963203861
11092247346863
11093422593863
11106270548809
11112956217851
11112967322861
11115380790901
11116766213911
11118084465919
11132648433901
11134508740819
11140782924863
11141272850839
11143733137819
11162686162853
11170256427851
11171872133861
11181029742851
11181029742901
11182446423901
11192464453909
11199036504919
11205548562799
11208583070911
11211937332829
11212179547853
11214747540851
11222085725861
11225284092901
11226457304911
11231564714861
11232029112877
11233720574911
11235129207829
11238653411861
11238653411911
11240524871861
11248156407919
11253774460909
11254356048863
11258826200861
11259201650839
11265352091911
11272114475911
11274704026819
11275102931839
11291013953809
11291013953861
11296902312901
11301938225911
11327077080901
11328732760789
11331558184789
11333257356919
11336203258819
11336271533809
11336271533861
11341273981853
11342351906861
11344528223911
11344834017851
11350393374799
11364701287789
11377446102851
11377446102901
11389540360789
11395662002911
11401178517901
11403272825911
11404243842829
11407482256853
11408234732809
11408234732861
11408400862819
11411103848839
11413750176901
11416080576799
11420444841829
11429212643861
11437046900809
11437046900861
11453353581799
11457730530901
11460013486819
11465307612851
11465307612901
11472501707861
11477152381853
11482546410851
11485335811909
11490336117851
11507820637853
11510448740911
11512660944919
11513548237853
11515439203819
11526631118809
11534852006809
11545082433851
11551083636863
11551083636919
11551484510809
11556310890919
11561801066911
11563147633789
11567503350901
11597105641789
11600858214901
11606359210819
11606541137861
11612970157909
11615119545919
11618056215901
11620146185911
11621031974911
11625786030863
11631519503809
11648676939961
11660233362829
11671049325799
11683786299853
11690116825909
11700474174901
11701672191851
11704139133829
11710551483901
11718236622919
11722343408861
11725705313911
11731622225839
11739570502789
11741523651901
11744295124789
11747026232911
11751091920901
11752700664863
11752700664919
11759420227909
11761374222901
11762229203861
11763125630911
11764682130919
11766050094919
11770665160789
11781245052851
11798321012809
11801164615819
11803363272851
11813632563919
11820001027897
11821084504819
11824093044851
11824912510819
11837014681853
11841407436919
11843222592919
11846900056853
11872190105861
11876164010861
11881005740809
11902612355861
11902612355911
11905420428851
11905439124863
11905439124919
11931430684853
11944266011809
11954222900861
11960543614909
12000392896853
12002698633909
12005836537789
12012645266861
12015222773839
12035750448919
12037671133819
12041291974853
12050316557809
12059129182853
12071036408839
12104197515901
12112674750851
12122050977851
12123872413819
12124123628839
12124237354819
12126680180861
12130954456909
12131912951911
12134562168919
12134903818853
12140247455911
12143461377799
12143641557799
12157308700819
12161743640911
12162571842919
12165606157853
12165753216863
12165753216919
12176051827789
12182156513809
12186183108863
12189720311911
12192307086863
12193880403863
12204208962901
12204362893909
12208429034861
12208429034911
12209008751809
12213556146901
12213854603809
12216476218853
12218013593809
12219601980919
12220831618819
12225842445919
12231034321897
12234054528901
12236088117863
12238043470819
12242318414839
12250673391863
12251188272863
12251188272919
12275247501851
12293036715919
12300352881829
12330784930909
12338323618853
12338409231901
12347602901911
12353219343901
12357472612789
12357472612853
12360461353819
12361620762901
12366563431853
12370860711851
12371511507829
12387091230851
12394011267851
12405721056829
12407641195853
12408330528851
12410495523851
12412680902911
12416512284851
12419042890789
12419173241809
12419173241861
12437231763863
12481626401911
12484605312901
12490204665863
12492810332861
12504315297863
12504315297919
12511616682919
12518453700901
12523233654851
12536346500809
12547047550789
12547047550853
12547900431901
12563800802911
12574600834909
12594451022861
12601673270861
12602309184851
12607334094799
12609217273909
12610572843863
12614163902861
12615722905853
12621371634901
12627107068853
12627107068909
12630619930909
12638440390789
12642607124911
12647304115819
12649751203853
12654906052853
12667230414851
12700527372851
12711029262829
12722746027909
12725465062853
12747612501851
12753209232901
12753553044919
12754690510853
12772623207863
12802376007901
12802813181861
12803071594853
12806128813789
12806128813853
12809342614853
12813725713909
12820850607919
12822296142863
12827501046851
12831090840851
12831390133819
12834260602819
12851632911863
12860232623911
12905335291909
12931801545799
12934044412819
12937003564789
12943206404809
12945300092861
12957312244853
12963301740901
13000747913861
13007003985851
13007433366901
13015282328861
13020809835799
13020809835863
13023207845911
13040223045877
13052351667799
13055141496919
13065482740853
13083014946919
13083721383919
13094071636909
13110745128829
13115036564911
13145713613911
13148061186919
13152246196853
13152990150851
13154260316839
13164516224809
13166291227853
13184201645809
13189236412789
13201384408819
13201671545861
13203792247853
13208117638789
13208117638853
13211149593919
13213220059903
13221432377911
13223413866799
13225252297853
13228038237863
13234553721901
13237816013809
13240598102911
13244511058819
13256712561919
13268403701911
13270682030839
13281848130919
13289252044909
13302886413919
13302960093851
13315790203819
13322204972809
13322204972861
13322690256919
13327514544863
13332901526911
13341693405863
13346365215919
13350105945901
13353387511853
13353387511909
13366407204901
13382221275851
13382221275901
13384070086909
13412705408911
13413335038819
13416607510819
13416668112919
13424565330901
13451022945851
13483334650909
13489074012863
13500843270829
13506752442863
13513324406839
13514865016789
13523125095901
13524700742911
13527315332911
13552302094819
13556711321861
13561441440829
13565104722901
13579060104901
13585423504909
13586103732919
13587211305901
13600921755919
13605067340861
13611061400933
13628022444851
13628022444901
13631451618919
13643325481909
13676252242909
13707112733861
13709411284909
13711904054861
13712373404861
13724056204819
13725443043901
13726071822863
13731102594851
13738244070919
13751492003861
13751492003911
13766841013853
13771225215851
13773601920919
13785841200799
13820232492851
13820232492901
13820364242911
13826815203919
13833253281919
13843037014819
13856261053853
13895010841853
13895010841909
13914723352853
13930138336909
13937412505789
13940143618853
13982910033919
14001364687853
14003630582839
14012242666819
14022158534861
14022158534911
14023109367851
14030172588799
14039335231819
14040456456919
14040566082901
14040810755809
14040810755861
14043317377853
14044837270909
14046082405819
14046520293851
14053571261861
14059295500909
14060408156911
14060633661901
14063294271863
14065924143863
14069021444809
14070724056901
14073262285909
14074713108851
14074713108901
14084112636851
14086075810853
14091112760839
14095950051863
14102578660789
14103318851861
14104182635861
14111393372809
14112780673853
14112997221863
14122308580819
14126661221839
14136032294809
14143080725861
14156290713919
14161148941909
14165150533819
14168102318809
14170811352829
14171144490851
14174080618909
14188513431919
14212612187911
14213472308911
14234174324911
14234367225919
14240760138851
14241424192819
14244966220789
14248170421819
14250276363863
14251085116819
14253019194863
14253145470901
14255002808861
14258323151861
14260103348839
14270344245901
14276025306901
14301591084901
14305805550851
14311219292861
14313313638851
14313313638901
14320859341909
14324422361839
14328311692789
14328311692853
14328311692909
14329356312919
14340681381919
14351522454851
14354041084819
14361188305909
14374374204863
14375360302819
14383644151909
14402900058829
14409045222829
14421646530901
14426172026911
14440831451861
14440831451911
14464361312809
14465632500901
14480081421829
14485602005911
14511592821799
14513724426863
14517137353909
14524525237909
14542229641789
14555503615909
14556065340799
14565062604863
14575418040863
14576520523909
14611141187809
14629320521911
14630618263853
14632354106861
14639600411809
14691052134851
14700852242911
14703091623851
14715541700911
14724931026919
14750296024909
14770507701799
14770507701863
14782090044863
14800076922863
14805023724851
14809781002789
14809781002853
14812118805863
14822500953919
14832321208819
14856115032901
14864630502919
14881023085853
14901250940809
14911047643853
14912735412919
14938011660799
14945512440919
14951338100861
14985000027901
15003115305877
15012105397819
15012467180911
15024320747809
15025694030911
15049089102799
15053515425901
15060000797861
15072064352861
15080340928789
15104638322911
15116000280877
15120158054839
15121368602861
15127081127861
15136944223853
15142647235789
15145656210851
15147930230911
15155145427909
15161554038863
15161554038919
15172158203861
15172158203911
15172201836851
15172393401901
15181214088863
15182414742799
15186820401901
15190640550851
15202029707911
15210244492819
15210861264901
15211067457799
15212146382911
15220648165909
15220661508851
15223306576909
15233402178851
15234654030829
15235122708851
15235122708901
15236730602809
15243033765863
15245526210829
15264033367789
15266017143851
15295621423909
15315021447829
15316932013819
15318770161909
15332237625919
15334064460851
15334064460901
15343156142911
15344211577853
15354463521863
15358111325861
15368402040829
15372281038909
15375554122909
15394903140863
15398640031909
15401171943901
15410193244819
15415145275909
15417164334799
15417164334863
15418102264819
15421444645853
15423013993789
15423183732799
15423851141911
15424311607819
15434413086863
15435351363799
15435635241919
15444178213853
15446050026829
15455002095851
15462603273919
15486036060799
15486036060863
15504155304829
15505684041863
15507513170861
15508007028851
15514262184919
15563527240853
15576833200853
15576833200909
15603019802911
15605181143861
15618040047851
15621734330809
15631061920819
15631710901819
15696239919961
15698131024789
15701616053861
15704026375789
15712573900853
15724502340829
15725233372853
15734141261911
15761470342789
15806016318919
15830691133853
15837044220901
15837129103909
15838013217799
15845420114809
15854074122863
15873232324909
15906311832863
15952605101911
15954026502863
15954026502919
16001033329903
16001219148829
16010122442887
16010122442933
16016631308809
16022681910901
16023048190819
16025466172789
16025585007919
16029733040911
16040291227819
16045215281861
16061735335909
16062693060863
16062693060919
16062776001851
16070716260901
16093181263909
16111418188909
16115161527901
16132137812911
16136451008809
16136451008861
16140209642861
16140661154809
16145429340919
16154218722919
16183252650863
16201068907789
16211991510851
16222074290809
16223662053901
16241288220851
16245028008851
16261055364863
16296424320863
16303021928911
16306592112851
16314709143919
16317055561853
16320539083853
16332209315809
16332410651839
16333230374911
16342690323919
16361122715911
16363333503851
16376123226863
16383234123901
16400527851919
16411624550809
16413342282901
16425226061809
16425226061861
16430464128919
16440703821851
16472265700789
16473207315863
16509810410809
16520751323861
16530553065863
16542843012901
16544324411861
16553402518789
16564402552853
16564402552909
16566011312839
16592476569961
16601424726919
16610806042819
16613275702853
16619433304853
16627002603829
16645530333799
16730409501901
16742524032851
16788613000909
16801048402819
16826762020909
16869210304853
16870076301863
16870076301919
16920513408919
16950039132863
16951004550901
17021961805789
17022044951809
17029260733789
17032325904851
17036616252919
17048187399809
17062505820901
17063930303911
17070075215861
17081035191901
17086523340919
17102002406887
17106009537863
17107960332863
17111037734911
17121864324863
17121864324919
17123316570901
17127931081853
17142102301897
17158515330799
17160604627853
17164126453853
17177534005909
17189351401853
17189351401909
17201560567853
17208571013861
17209115081861
17210590861909
17220382825853
17236094301851
17242930322861
17247700431851
17247700431901
17260812342901
17262182128909
17281260922853
17305705023829
17310352936909
17310433361839
17311192999811
17320905264919
17321191136911
17342427135863
17347410813919
17350217824909
17363033450911
17371127103829
17380510176919
17400441663851
17403346605863
17404805223851
17404805223901
17406150942799
17411025473861
17412826153909
17413128036851
17416722118853
17424128420911
17429111275789
17429111275853
17429111275909
17466120390799
17507660430919
17512408512901
17525701413851
17542550335853
17616314434909
17630300767909
17640628122863
17660708010901
17702234612809
17702583312919
17707302620911
17714100120877
17742531028909
17752440522799
17760240850789
17800066362863
17812419420799
17837300118863
17902203730819
17902510960909
17909201326853
17952026017789
18000383661901
18005075734909
18006706710851
18016081942853
18023305248901
18025030454839
18028604155789
18041151806911
18045255306863
18050557450909
18053205902861
18062005535911
18070550520829
18080900207809
18090035455853
18090600821809
18093100632829
18105308905909
18115381412861
18117712999931
18120527454919
18123800624861
18124817002819
18125216405809
18126005363861
18127121660861
18135423255863
18136634223919
18170364171863
18176011176863
18192526311863
18217530180901
18220220393839
18220707017809
18223326147919
18236147120809
18240076507853
18272808031853
18293463211853
18302074621819
18303080480911
18311117826863
18314331961789
18317029306853
18317042540809
18317515081909
18324009180901
18346016407909
18380412152911
18391055611853
18403220841829
18403343081911
18405207243851
18412626324863
18431336173909
18442284200861
18444035013829
18472013670863
18523375200851
18523430325901
18530153730901
18560251515919
18584143010861
18652640701789
18700180126819
18711519021851
18713108030839
18713444016863
18790300173863
18821372001829
18831712302901
18835020913789
18870106230901
19016025603829
19016470363789
19018332601819
19028238111851
19030405980799
19038743889961
19042043453911
19056145310911
19080024308809
19080024308861
19080737230909
19084003573853
19101961215901
19102279050901
19103673030829
19115715414919
19119104234809
19119104234861
19125021921829
19128552200809
19131645370909
19137091032901
19140836601919
19156205202829
19156651221919
19172231225911
19201294512901
19202567323789
19204407238789
19204407238853
19206211662851
19208821350799
19216803204901
19221428343919
19242711342901
19248411810799
19276100314819
19277041013911
19290634330789
19303074090851
19391164500863
19402140486919
19410026592863
19420661605789
19422305262901
19422512233819
19432121922901
19446312221911
19449033105863
19454131008901
19457270022863
19458604111789
19470133023829
19609106120861
19639012342853
19673615001863
19702840621853
19731153027919
19740337104919
19770104065853
19804112621911
19823405021911
19872302161853
19901006932789
19901006932853
19953068559961
20011453928861
20016269068909
20017873272863
20017873272919
20024338670911
20029035527861
20041484646919
20045601248839
20047317174901
20051729811851
20059426071851
20063211494839
20066055672919
20073134776789
20074900544911
20084460475853
20084460475909
20094525018901
20108192373851
20113622657809
20118419343851
20118419343901
20122468470851
20125104585829
20133345643819
20138291630861
20144442446861
20146242528851
20152145507839
20156404451839
20156651247919
20159562122911
20161917571853
20167772511863
20173044374911
20184713702809
20190954810863
20191751760919
20206783920863
20207308756853
20208150537829
20218239273919
20220158294911
20221537374851
20221893122839
20224316841829
20232653534809
20236310658901
20239470206861
20246940831919
20250037926851
20253154545851
20255450791789
20259163213819
20261386416863
20262511944901
20274764701853
20280221297911
20290204556911
20303363950819
20309170284901
20312922625819
20313681943909
20315386260901
20320608751819
20322232547839
20322686007901
20325905051839
20333941423819
20335560943853
20335560943909
20340284218819
20340345365861
20340875623853
20375252136851
20380210698863
20394578399863
20401904626819
20408539090789
20410195755799
20411624472829
20423157803911
20430044958863
20431132944829
20432443418861
20434452708799
20438293211911
20445412846853
20447046643789
20461413095911
20461456404901
20461653260809
20486402256799
20490027552901
20507632332829
20511845544863
20519277012851
20530349716853
20531001245933
20542107825901
20542208544901
20544362027911
20554631347909
20561281254851
20574251283919
20591232852863
20592503080819
20604322463839
20606130890861
20613475305851
20613534285863
20620107768863
20631191628863
20633914390853
20642104970911
20645450544799
20673338022901
20689090110851
20700182382829
20700375417851
20702072556901
20704647510851
20717323653863
20717323653919
20717412591919
20718260761789
20733525363919
20738135312809
20741657511919
20754318244789
20759847819961
20765131631809
20782451330911
20791461405863
20801115644839
20801239056901
20802538413851
20802734356853
20805176551909
20812571715863
20821214685863
20835181407863
20840029554919
20843275171909
20852703131839
20860820504861
20860820504911
20868355002863
20869232112851
20874443010829
20875530261919
20886221470789
20924332770799
20941314830809
20942027532851
20942525703863
21014922200887
21014922200933
21022846087853
21024275704819
21025027908851
21031204983829
21035931641911
21038656224799
21044872434919
21056310674911
21059561622863
21063081328819
21074359310861
21074359310911
21095361044809
21112237547809
21114340043887
21120805876789
21146004494809
21146004494861
21149060652851
21153507727789
21156448221851
21177062923789
21182723661863
21210298560901
21219833610851
21219833610901
21222065884909
21222129158809
21232454664919
21232536064819
21244484114911
21260456761853
21261705960799
21262421363839
21269148007853
21275261136851
21294012266861
21298601910919
21300927650809
21306170258809
21320848124861
21323213276839
21334192172809
21339284521909
21343327087853
21351253491851
21351253491901
21351541922861
21381117057851
21391513902901
21392027725909
21401273852911
21414751343861
21414751343911
21424392711851
21426194222809
21430195082809
21430195082861
21436307545789
21440198092909
21450271905851
21450616717853
21450616717909
21481411047829
21494020715809
21497127115909
21513261465901
21516056720861
21516432561901
21519090066863
21521592413809
21521592413861
21528343534909
21529259022863
21530162924861
21530162924911
21550256446853
21550256446909
21552156611861
21554135167909
21581376511909
21588211821863
21590453424919
21601353248809
21601353248861
21615105537901
21623032853809
21626411028829
21628430518909
21649224302861
21665466013909
21666414180863
21673320008839
21681465006919
21696061230901
21700095452911
21712724321839
21717783103853
21740822455789
21750566413853
21755222284909
21763611360901
21800734622861
21807300374861
21821463512809
21830555202829
21831067074799
21833402760901
21836136351863
21852303177919
21894211250809
21900547065863
21900547065919
21906312366863
21917284010861
21917284010911
21920115816901
21920760426863
22004907327901
22008633754853
22010461968799
22016355916853
22016355916909
22024392174901
22029662443909
22030830980861
22033884111829
22056215441839
22059025077799
22080384051829
22082230320877
22090923661853
22100484641839
22107315861901
22111829437853
22112142204953
22113127733839
22114040331953
22118006852861
22118635223911
22118723153861
22119263324911
22122873417863
22126206285901
22130258781863
22133410567819
22134654733853
22134654733909
22137082730911
22142068722901
22142907035911
22157957679961
22159311504829
22165450262911
22184013771851
22192802095909
22207487016863
22208842605799
22219054308901
22225123786909
22226419164863
22229301338809
22229301338861
22230846161911
22231037677909
22231452738863
22244273581853
22254163108819
22256167540853
22256167540909
22258200228829
22261264127911
22271058041839
22283374211911
22290104843861
22293152044819
22303291264819
22306195542863
22307435055901
22317759399883
22318232427901
22323381523819
22334865411919
22340167403839
22340437726853
22341675113861
22342084144819
22342144454911
22358019028789
22358420481799
22360375340861
22363205355901
22368511303819
22370016075829
22372903710901
22384164280853
22384164280909
22393474041919
22400477171861
22401922765853
22402628491853
22404248743909
22404673191799
22408345381789
22408530394909
22423790103829
22429151055901
22433363517919
22444137651863
22496150223851
22503307548863
22509084140911
22511923163809
22512918303901
22513235265901
22515201557861
22523417842853
22535365031911
22552108374919
22590120684799
22601051150933
22602157194919
22607156370863
22612252176901
22614041238829
22619313221839
22630501196861
22640444625863
22654510425901
22661754141919
22663504326863
22664045056789
22664045056853
22680443114911
22682505505789
22706601606901
22711155263809
22714923037789
22716218120839
22721518524799
22721518524863
22722248127863
22724034561901
22741074504851
22741074504901
22744250940863
22761208191863
22765695459961
22771232734853
22785158589961
22808127041911
22809148989961
22812705480919
22813275041861
22815068000839
22823164051819
22823770400911
22891253170789
22911200595901
22927020452911
22930329423919
22930332251839
22931420805851
22935253100839
23004264623839
23008109390911
23012617352839
23024512583861
23027484055909
23032966126853
23033023794901
23039627602853
23044282631809
23050307844901
23055417431861
23055417431911
23058252440911
23062042772911
23072187217789
23081608106911
23094106227901
23105026067839
23106220241887
23107344542809
23108931652789
23114868250853
23115411557911
23121631625839
23122095018829
23123065941901
23124132376819
23125663552909
23126206382809
23133419423809
23133604253839
23136138345863
23138852430919
23156054190851
23165167215863
23170011478819
23184501915919
23198410521851
23201941058861
23202462258901
23212251575861
23223374226851
23231607066851
23237112757853
23239057413863
23247811435789
23275230064819
23280252062839
23280338250901
23280570535909
23286322624853
23290242426901
23305162842901
23314490806909
23332235614819
23333453181851
23333862820909
23343232095901
23350906164919
23353991005789
23362420455851
23363910203839
23366043363863
23378322213901
23390711411839
23395618599853
23413260518861
23414120204887
23414232487853
23418036700819
23423711832901
23425614616853
23429112708863
23463183015851
23471184441919
23480037705919
23480911017901
23492140215829
23510087532851
23510087532901
23534734311901
23548222038799
23580413604851
23587212032809
23593416250853
23593416250909
23596101345919
23604550744909
23613380106829
23618260380863
23621801565799
23644210391861
23652811614863
23662710321829
23686002710809
23695436499853
23695518100789
23700244712839
23711013747901
23726254103861
23744060028901
23747815030853
23802920126809
23805463104901
23810324234839
23830180524851
23832371403901
23839201007911
23852414434789
23858000521819
23940655212919
23942314425919
23950211073829
23975102713853
24004088123839
24005830563851
24008108556799
24020815815851
24028626042851
24033449470853
24033449470909
24038013110887
24039749499853
24043302972851
24044631750851
24051951246863
24051951246919
24055215721819
24061925210839
24064133670901
24083406205819
24091076406863
24096480012901
24108352613861
24110732942809
24117256215851
24117256215901
24118286012861
24119736101911
24128021794909
24133056336901
24134127273901
24135260854853
24141019101877
24174352137799
24176270550799
24176270550863
24183012923911
24192710811901
24200644544809
24200644544861
24209421093901
24213501378851
24214217343829
24240484731863
24241973233853
24244226028851
24244226028901
24250332572911
24250841491909
24256302243829
24260464403911
24295090220809
24320390362819
24322276452863
24332006394851
24332018818853
24336003651829
24355622713853
24364301660911
24373308433853
24406132508809
24416444114861
24417411642851
24420581025829
24425812542799
24427680303799
24445316114809
24477071701853
24477071701909
24483503510861
24483503510911
24492511713799
24492832303853
24514401567919
24527204162809
24530702228861
24530702228911
24533082900901
24533312561809
24533312561861
24541463515909
24600402014887
24628102407851
24630271153819
24630362373919
24633090571853
24634820051861
24644082181909
24650119047863
24651281461909
24653113092851
24672021048901
24700189053863
24700189053919
24722039250851
24727622151919
24753202314829
24760252206901
24843514040861
24882015311809
24900630066901
24905053713919
24913151406851
24972233799809
24972233799883
25000763616901
25001029827901
25001526365861
25004428528853
25004538228799
25008390282919
25012711863851
25024904490919
25026930633863
25026930633919
25035253281901
25040719821863
25042089230861
25047711140839
25054845020809
25054845020861
25062247236863
25068100490911
25072341772909
25075351521851
25075351521901
25090218732919
25100565457789
25101817451911
25103295940909
25111223944819
25115901353911
25124506271911
25144302891919
25152647241863
25156106824853
25156301543861
25185246024863
25196221615909
25204270373861
25215904017901
25220862234901
25222810706809
25225038404809
25226027240839
25250629112809
25252144236901
25260271923863
25261067091863
25275520151911
25280552155853
25285247100901
25307412273851
25317016905863
25331127708919
25332274165789
25332545240809
25333511408809
25340288143909
25354004926853
25355027181863
25361259100819
25419628201789
25423472335909
25445411707853
25452023574799
25453310566909
25462238142799
25464405370853
25471580314853
25480631502901
25487100507863
25502083613911
25509121128901
25514843331799
25531086054863
25534160437909
25535221374799
25557022804853
25580243033861
25581006166853
25591506300901
25613560332851
25613560332901
25627512002839
25631061555863
25652351208863
25653103744909
25721280251861
25724490132799
25729785519961
25783310127919
25824112564853
25830534126919
25835647569961
25853414512789
25880121345863
25880121345919
26008255222819
26010381536911
26012384508863
26018076730853
26023881330851
26025641054911
26033318910901
26042909314789
26044904506853
26050557244909
26051116173829
26056464502909
26070793303853
26080440903851
26092102527901
26104132454839
26108222484863
26142024085819
26153242603819
26161336920799
26174057170909
26203841932909
26204287513909
26205255080861
26206333133839
26221117396853
26222470482799
26239512136853
26240405325829
26246730081863
26252611555853
26252611555909
26254002864799
26260702308851
26261383005901
26266920102851
26280502712861
26291076124909
26315436180863
26337032352901
26347160303809
26347160303861
26366811012851
26382509221853
26383843120853
26428225440863
26428225440919
26437515043853
26444810601851
26445422802863
26447762199809
26452462062799
26476312500851
26498002620799
26500283172851
26523443641853
26539116231799
26583013525909
26601416931799
26607090127789
26607552060799
26610350444809
26611781044909
26616740404789
26620276320851
26630417532799
26632501618909
26710331772919
26716330017851
26728886229961
26743602370789
26776410123863
26810521225819
26821911513799
26822076101809
26880120005839
26901865300789
26902174630789
26902174630853
27000246456851
27006812733799
27009290006861
27010401992911
27011141684861
27017101518829
27032130778909
27034416602911
27035304146861
27035807210809
27063167161853
27079782279961
27081074281853
27082120193809
27082120193861
27102345137911
27103476027799
27106046553919
27126317214901
27131464407799
27131660108911
27133533044809
27151181440819
27172050227911
27180391261853
27181842000829
27193021631861
27201616906853
27225045413809
27231243273901
27252043218901
27252128213861
27271902226853
27274110943853
27274110943909
27280632370853
27290120048809
27290120048861
27300335637863
27311543922863
27312580930853
27318165002861
27344001293911
27346014355789
27355407340909
27360363613789
27371107650919
27393912121853
27393912121909
27401078136919
27402140462839
27417337410863
27420726811909
27420921333901
27428058121909
27429004237853
27432282006901
27435935010863
27448928349961
27484000254901
27501891034789
27510103844911
27511770144863
27511770144919
27522691033853
27570113901851
27623246233789
27700414163809
27753342321799
27802139160919
27830461314863
27830461314919
27851106442853
27852430090789
27852430090853
27860577819961
27930619959961
28000172376851
28000172376901
28015140563911
28021618056799
28024256055799
28027115721851
28035239899873
28040118055819
28080065015809
28080065015861
28090931125853
28096101364789
28104664702853
28110367214911
28116736131863
28123535092909
28126560037853
28140070293851
28144032628909
28148012162911
28151165740909
28157311411819
28211940035809
28212175038799
28212175038863
28219401205819
28251307264853
28300210568911
28303136160829
28315661004901
28331005057819
28332214712861
28365480211853
28365480211909
28390021236851
28434112407851
28434112407901
28440307034911
28440566022863
28466943459961
28530320754919
28551129402919
28570560201851
28621811244919
28625444311909
28633450414909
28636240032901
28682146201789
28753242222919
28814401701901
28817601034909
28850512302851
28850512302901
28942000091911
29002306674799
29004046331839
29006692010861
29006900045911
29031835152799
29041412566853
29050398022909
29072419500919
29084310313819
29086264002863
29100261680911
29114551008901
29119219221863
29121037923799
29140467312863
29151101555809
29182391022919
29193741211853
29248135114789
29252008231819
29266102525789
29266131820853
29312822631863
29373171403909
29401049430901
29403842305853
29410054803851
29410820433851
29411640252901
29421321207829
29440640245853
29440640245909
29457500120861
29506621140901
29507020275919
29524422231901
29532630240851
29545401054919
29561276299873
29566707369961
29627405000861
29662131028909
29671620610909
29702140316809
29702470512863
29707708839961
29720305308919
29901602211829
29904353131853
29904353131909
29920166400799
29930932299809
30001375735819
30011554367911
30013453527829
30015366147901
30041190692809
30047573047853
30048852451789
30050923517809
30053413965863
30057214882789
30057371160829
30065482921853
30066427165909
30075942702919
30088026291863
30088026291919
30090550247861
30098114842853
30100487243839
30108506175851
30125247800839
30133182318829
30146038942909
30148565025919
30152287156853
30152287156909
30152443581851
30153414282829
30162719217919
30165414047911
30171408417901
30173625714919
30181266274909
30190982121851
30193453137919
30201525962911
30208682232901
30211312172933
30213990382789
30220529643851
30223027475911
30227117999831
30231773181901
30232531395901
30232614756863
30232614756919
30234537940853
30236066355799
30237147233911
30246328911863
30249506430851
30249506430901
30251518901809
30281138082851
30283473131809
30291704208851
30308603736863
30309309742909
30315727035851
30321850396853
30325336208911
30337078081853
30345927101911
30353323638863
30360463663853
30362119262911
30367016460901
30368112216829
30370897110863
30388110714901
30398737000909
30412198840789
30416204086819
30423389025863
30423850181861
30428343643853
30431948120911
30432187651909
30435037560901
30458121732851
30459150723863
30461653353799
30480007584919
30483385123909
30491710905863
30507522506861
30510605763851
30510605763901
30513266522911
30521758612789
30527156014819
30564173740853
30567418051853
30600881610829
30604228740901
30612373590863
30618060268853
30632232972799
30637931013901
30643128364909
30656038135909
30659340320911
30667145223863
30670057353863
30671416014829
30692220290911
30704023646861
30706019436863
30706803471919
30731389100809
30731528091799
30750402099917
30754607220901
30762215222839
30800034886909
30800687210861
30810284076863
30815902605863
30825520294853
30825520294909
30860313543901
30861405005839
30873273601909
30876111015829
30881017245863
30912571506799
30920143651819
30922191612901
30940272480863
30952611373909
30959090121919
31002963354851
31003294347901
31006464126829
31013737077863
31016269615853
31025229372901
31027743553853
31030629163819
31037601906901
31038911626909
31040856620861
31045826060911
31079600701819
31096361091799
31115458204819
31122148675789
31129207572863
31129735243853
31131656324861
31132107022943
31140444715819
31144326128911
31156831232809
31156831232861
31164214657909
31171384813909
31180292760863
31181055840901
31186053372863
31186313064901
31186412346863
31194146415863
31194146415919
31210996126853
31214226892789
31219451532901
31225482324851
31232576610901
31234162931809
31253363373919
31260421683851
31283062456853
31283062456909
31286092315909
31290723323809
31293281353909
31294373430863
31307822451901
31311459630901
31312747223809
31314559305919
31315362556909
31317108244819
31319399200853
31320519614911
31320758430851
31323539114911
31324122688853
31327609710863
31327609710919
31329216107911
31333815116809
31333815116861
31345600287919
31346751020839
31349361111829
31355178241909
31360619613863
31363513118911
31393209027799
31395310811911
31434993130909
31442961541853
31448302614901
31451608610809
31454523071911
31460121594851
31461354741799
31472383125919
31480039440851
31492741404919
31501520856851
31501520856901
31510436235829
31516716180919
31531561317901
31535086521863
31535605431851
31535605431901
31536230118829
31537005803861
31543077021829
31546475221909
31556340414901
31570435317919
31580456030861
31592449689961
31600803624829
31611723078919
31614634165789
31615287100819
31632618105901
31634010277819
31654490400851
31654490400901
31673353206863
31676001318851
31702372143829
31703056641901
31711076118901
31712237108809
31714609323919
31758230082863
31758230082919
31801592082919
31809350033809
31809350033861
31818110556863
31818110556919
31849223061863
31852221655789
31871041393909
31880161714789
31890403710901
31920471134911
31925026114819
31926480402799
31927510641799
31927510641863
31933290032911
31936030744789
31974324412909
31980303070819
32002189164851
32011882172861
32013363021877
32017328292863
32020700937829
32025816143861
32035145076901
32038137216851
32038137216901
32056990899853
32093530092901
32103902626819
32105924058799
32110971538853
32110971538909
32112197472799
32120654741911
32120692227851
32132217472819
32132731616809
32132731616861
32134231428829
32135142436819
32135308190911
32142483512809
32142483512861
32145403751911
32151067527919
32161415466919
32169630523853
32181178360789
32195218103809
32202340794851
32203281199907
32203509750851
32206213647851
32208427611901
32209534173863
32210838125861
32212842538853
32221093437851
32221608333829
32221840264819
32226012554839
32230890651863
32232091283911
32232884115863
32238723333919
32245253430829
32247057414863
32254456012819
32265216327919
32265271331911
32270330583851
32273100185839
32281420860851
32282921154863
32286281431909
32293172451863
32300783373863
32305038350839
32307381265909
32311139656853
32320086407911
32324128257919
32324253064819
32325476040901
32330923281851
32332740168919
32334518155789
32350633244911
32355184801909
32360209218851
32361112458901
32401358513861
32401586254853
32402345253829
32407410057829
32411347154911
32414712027829
32427172044851
32431452870919
32432368621909
32433449305909
32433539161789
32434367611909
32435154611861
32454305913863
32455040741911
32456212331839
32478810111851
32486600424919
32490531135851
32502157627853
32504481192919
32511480731809
32511480731861
32512932045851
32522230295809
32525802243901
32532904133861
32538612450863
32540173280809
32546150670799
32548521801863
32594135422789
32594135422853
32594135422909
32602085455853
32604122211877
32608542451789
32610523507819
32621825812789
32646134173909
32671129220861
32690733024799
32704112824819
32716045146919
32759227030909
32762212870853
32763501850909
32812630573909
32832229603853
32842049241863
32872022437789
32901274017851
32905014717919
32911646017909
32921367141863
32921367141919
32921404160839
32958520240853
32984622004909
33009634831853
33012555381901
33018351327901
33028158154909
33040165193911
33043741352861
33062690151901
33102173536819
33102766425919
33107052744851
33133564152851
33133564152901
33137813514863
33137813514919
33149931421853
33171091470851
33202073951911
33207321438901
33224435604851
33225853323919
33231037190839
33232781541863
33235394310851
33238721623853
33241826326789
33243056631901
33252365137853
33266213143819
33273674131853
33311545442911
33328074051851
33333605342809
33353239242919
33354001925861
33354582511853
33371650026901
33379236210799
33383600244901
33391231347863
33414715903909
33415071903901
33423536321911
33427024451861
33438150323861
33441160383901
33441344340829
33483022712809
33534136452919
33537081117863
33557007514853
33574007142901
33600574642853
33610211958919
33610402584851
33621729160853
33631315047901
33646541211851
33649441005863
33681023626853
33681023626909
33694001117911
33701554227799
33701554227863
33702574701919
33720013926901
33740217440911
33741039901853
33750166710919
33803135094919
33832311444851
33863000723861
33901102556911
33901450731851
33902040495863
33902911218863
33905060824853
33910611208819
33913480013911
33914251803799
33915432028789
33920081352851
33931271205851
33940022772863
33940810632863
33993145111789
34012439805863
34023314202877
34024133664901
34063076290853
34083212048911
34093180206851
34100565801829
34104908214851
34108791060919
34131524820829
34133197180909
34137700542901
34158847929961
34162471071851
34164611811851
34165291333853
34170283345789
34172212257901
34172631715909
34178110528853
34182773979961
34208127364909
34214262804901
34216920526853
34218801454909
34253925501799
34257210308911
34275212163901
34294701162919
34304225732911
34310791214911
34314241436809
34327062247789
34327062247853
34327062247909
34342141297909
34355522060911
34360304733851
34421123942809
34423205156911
34429332037853
34432406810861
34432503431839
34439201067919
34447044406909
34455100284851
34474215207919
34490030390861
34508011941901
34508015315911
34524619011851
34524619011901
34535230374863
34575011244901
34590105580909
34590326332789
34590326332853
34601030665819
34607705322863
34621214625901
34644720234863
34671145113901
34688402401789
34720814154919
34723215462863
34752124821919
34766513001901
34770422213809
34782600253789
34821209213911
34825301527789
34841013701839
34853046699883
34906021726853
34906531010839
34911215176909
34923100434829
34992061123909
35002069803851
35006281521829
35007556071919
35013833630861
35013833630911
35014063454911
35017127702861
35020502666861
35036815005851
35036815005901
35038912305799
35042202102953
35051022592819
35056706071789
35084152151911
35123424285799
35164030981853
35172638499883
35177203920799
35178110175799
35184042602809
35190413343901
35204135072839
35218342731799
35218342731863
35292458199809
35304044453809
35318251125851
35322313256809
35335412270911
35342059702853
35342059702909
35344031612839
35390531222861
35390531222911
35403190618853
35405065281919
35410269820853
35413882131799
35426200675909
35437326210851
35444020638919
35448027420919
35455035410911
35461303146851
35464020307819
35506043037851
35515290420901
35520492460853
35521365510901
35521571811799
35530614330829
35532022415839
35537430221911
35541339110861
35556135420919
35649610330853
35649610330909
35667800699863
35701625250901
35711261018861
35716001175851
35731195020901
35783210231911
35928144040853
36005365601861
36022542552851
36023334933799
36027408600901
36028867199863
36034318314851
36048254331919
36053730043819
36057081030829
36059160702919
36067934001863
36071113863919
36074021208829
36091022543809
36103029164911
36126747211909
36134450135911
36137301038911
36150709072909
36154800315901
36163029213901
36165224141861
36166411713863
36186028051909
36200666073863
36201188830789
36202920452911
36205769010799
36206319006901
36221590115861
36221590115911
36228104312839
36242916204799
36262581402863
36275243040901
36276329199809
36304936100809
36311097310819
36312722724919
36380620070911
36381979239961
36481454032789
36515136243919
36520533390863
36530257032901
36558111315863
36573510140861
36603207184853
36611221914851
36612634130861
36622802802799
36639614100799
36639614100863
36662210247863
36726715002799
36731820311911
36736513420909
36811970302909
36817010541901
36904013213839
36904351040911
37000661745799
37000661745863
37001730694909
37012829022901
37052462424799
37061482023851
37068353212789
37080823243853
37095010505911
37124150462911
37172004335861
37235106462863
37241331164809
37241520408901
37260361416919
37271410632851
37274124021829
37290014851853
37301118153829
37304601406819
37321079602789
37321079602853
37331910116911
37332140138861
37332140138911
37333722231851
37340132922901
37354309060853
37364005218863
37364005218919
37427111234809
37429101274853
37441117282853
37446007140901
37455812031863
37500292380919
37508510141911
37520640417919
37535422503919
37545201643853
37585401331789
37661423053789
37672430601863
37721031703819
37841571220853
37861004331901
37941201751853
38017051047851
38021483316863
38021483316919
38032086811909
38053300923851
38072532202819
38078036000861
38080322842853
38107058021911
38107941223789
38120094741919
38140845601853
38143632113809
38179002140861
38204401554901
38209692099809
38271149401789
38305164613789
38312330265851
38320064427863
38333034333851
38408056200851
38411831802919
38416711031861
38425161721789
38425161721853
38454612100819
38463200460851
38505234343853
38540111000933
38701051026829
38702129220851
38704101088909
38751100096789
38757333001853
38800700351911
39001063368863
39001063368919
39006241545919
39020480913863
39024309172909
39026517700789
39030301268911
39069301206919
39113523408919
39114374521909
39122823280909
39131820423901
39132233341819
39150316220839
39206461122901
39212751306863
39224062911863
39236421415909
39262151325799
39262151325863
39262151325919
39300209712851
39306144212809
39329201141809
39346115111861
39366159459961
39403472610863
39425102243809
39442133316799
39442133316863
39501051506911
39504251024911
39505116037789
39511710081901
39520281522863
39520281522919
39532460322799
39534001554799
39534001554863
39603703602863
39633331008919
39652610301901
39706225221799
39824230251919
39900001846853
40003648942853
40007603676863
40008240278911
40016411105887
40024075706861
40024280956789
40030746128861
40037391071861
40039271037901
40045840168853
40051515905809
40056011855861
40059181230829
40060478425789
40066334055851
40080338608853
40102015497829
40107356851853
40108527265789
40120488171851
40128580530901
40130191158829
40141330776901
40143295204819
40143309376853
40155356420911
40156621545919
40161434643851
40166903501911
40186137405919
40196536101851
40200881426911
40204840723819
40212067631839
40216958203789
40224945240901
40234491333901
40236541524901
40243591263919
40246421471911
40253282116819
40267625512853
40267625512909
40270445144911
40271633424851
40275219204901
40300037584819
40324955403919
40334504631829
40337124263809
40340901483851
40342006880911
40354163151829
40377324244853
40377324244909
40384406700901
40401434870809
40421768111861
40428151108819
40428171184853
40428316381853
40431212298901
40435022492911
40442134773919
40451922642799
40463036160829
40474724512909
40478009224853
40502553432829
40513133491819
40514110303943
40516820028851
40522091705911
40560461355863
40589115600799
40604982213863
40616512347799
40618183090789
40632552067853
40636421842789
40662442371919
40720347441901
40726043063861
40761311505829
40764512812853
40765247140789
40802101430933
40810527150829
40814107326851
40838080041901
40860115820861
40871023366909
40871214072851
40890213940909
40916820123901
40920162056911
40930640712851
40942850503853
40942850503909
40971141350809
41013231666829
41028314562901
41038125924863
41043478110829
41064111122933
41066093300839
41067287301863
41068406416789
41068406416853
41072106658789
41083144590799
41083637250863
41102844521839
41119905005911
41140425374861
41142363880789
41146019244851
41180413524829
41191646151863
41197211621809
41204222198911
41206148217901
41214379243853
41237531340829
41245805142851
41245805142901
41260818261919
41270542483789
41290090185863
41301698313919
41303728350901
41322064247861
41325235663853
41330264711839
41340943264853
41340943264909
41346622530901
41351280065911
41403705960863
41414089103809
41419100808901
41425160661901
41426547052789
41430306282829
41438130290911
41465314403861
41480439250909
41492201480861
41504291134819
41512392090901
41514307266919
41517280134901
41520071753861
41520071753911
41565132183919
41626601094863
41626900362799
41657411812853
41672300476789
41680031814851
41680031814901
41690807104853
41725094115919
41728104741863
41732363012839
41762342704909
41768322021851
41811208523911
41812746043853
41818312240819
41831901404809
41844414631909
41854105061911
41902270740851
41911037325901
41964201085789
41973141104809
41993301145853
42002472783863
42006509806909
42007330654819
42018942221911
42021738480863
42031008783901
42057322960909
42060641661901
42066139054909
42105616348853
42112501023953
42125430626911
42126609330901
42134909160863
42136593214853
42147070118809
42158400407861
42161642324861
42167655003863
42172685032789
42172685032853
42173212972789
42182223534901
42207016482901
42207417090851
42208233272861
42211347354851
42212563636853
42220207301887
42244434026911
42254346222901
42255127336853
42263091153851
42263091153901
42287030007829
42300222106897
42303424584919
42308107413829
42316135293863
42324619320901
42331042482829
42333235474909
42360952107863
42360952107919
42390433170901
42392710700861
42400232103953
42406360351819
42413221844911
42422633860909
42424401825851
42435325530901
42441539232919
42456206501809
42459602215909
42470108145851
42511355913799
42521844140911
42523203590911
42527150643799
42529201044829
42542545134799
42564510238853
42573028212851
42581811361853
42601038281911
42604139901919
42606722713853
42606722713909
42609862599853
42612044953853
42615364062919
42626632162909
42710819170853
42710819170909
42714001734829
42854114343863
42925484002853
42967131200911
42982500002839
43002016699907
43009716370909
43021533275911
43025339114809
43040464533901
43041774042901
43044222478909
43045050337819
43053516507919
43065225831799
43100770607861
43100770607911
43105261544861
43113634216819
43139022582863
43151670108901
43162346550919
43172168022901
43175554042909
43177802110819
43200508926863
43200508926919
43207482212809
43211124576901
43213833401839
43216521263911
43218132902911
43218317160901
43221555500839
43233501294901
43240246370861
43240246370911
43252072902901
43262223704911
43263099003919
43264423291853
43273078203799
43277101726853
43311187422851
43316641152901
43325312183911
43342710196853
43349132403851
43374816130909
43410702194809
43450624620901
43453616404789
43458301066853
43465413531919
43515931027909
43528101244819
43532712203839
43572531221809
43582542610909
43619030446853
43630476006919
43700317713851
43710138166789
43711087050901
43722115456853
43722115456909
43722241025839
43751514126863
43827603201901
43840447114853
43871670120919
43873312513853
43873312513909
43877904549961
43900237331809
43911130904911
43953649449961
43963364100919
43993000026851
44001834091819
44005816507853
44016222627851
44021733460819
44025281352901
44025424644919
44027730212839
44028612603901
44036413356863
44038319043799
44044930326799
44061842402911
44064256504909
44095115083909
44098036141909
44100174623839
44104490235851
44109793201853
44114905025809
44130631346861
44130631346911
44131324715809
44132518407799
44135640417863
44174923599809
44178141351919
44204282134819
44208611616919
44220445834853
44268007113901
44278512115909
44285601442853
44301855162863
44306477031799
44335313180911
44339241126799
44347115290789
44349132032861
44384120018911
44411627605789
44414126126911
44426107542919
44462160237863
44510804364799
44522029250861
44634271243853
44716204006819
44717011443851
44736814200919
44791000833863
44812166026853
44821091506853
44821167421909
44850092313799
44855608479961
44903780013863
44907078001853
44924731042853
44942703510799
45023584026919
45026490031819
45043340763919
45073203444851
45076230750919
45110174237861
45115346231861
45116304735863
45116853133789
45124375211911
45140687310799
45141034318819
45143303517901
45145502026819
45152356107863
45165902102809
45167625210863
45169150063789
45170436351863
45184499259961
45186400143851
45190338051919
45201884124799
45223246335863
45234134752789
45241506336919
45261386010901
45286800042863
45300380448919
45304850214901
45314001906829
45330216354901
45341152432819
45341313632861
45349031362853
45360237631789
45373461520789
45382353120851
45427010805901
45430118810809
45430820046851
45430820046901
45441705501851
45441705501901
45451150902851
45511570800901
45540542160851
45580212214819
45582192301909
45601231173829
45700802530819
45712187005853
45732121016839
45754709739961
45803109532853
45810310806901
45811222018819
45851623110851
45882541779961
45905613002861
45910371523853
46000890800861
46002053298863
46002277710901
46002856152863
46002990216863
46002990216919
46005890022901
46012871136919
46016650335863
46016650335919
46024610841851
46030420102897
46031159704909
46031465254909
46041911193919
46047521830789
46055066012861
46060046234911
46063162336853
46109321427863
46115182524799
46121706114829
46138513422919
46144163014819
46154260731919
46161236052851
46202235281911
46207343442863
46208802225919
46213263090901
46256104372909
46301064803911
46315074055909
46342033523809
46342053336863
46370223058853
46370223058909
46414442150809
46429161042799
46440490063789
46450617232909
46490160203911
46506445014863
46517502145853
46517502145909
46522411335901
46611112962863
46611293062853
46643153002819
46709300121829
46744333330853
46821414540799
46835162320789
46842423011911
46872221800909
46914511215863
47015330273809
47015330273861
47041722050839
47051511456863
47060321580851
47071634310851
47072143304861
47100649002829
47102049224911
47115583320863
47116902243863
47123322047861
47130948121853
47132025645919
47163270352789
47213105808863
47264802160789
47300334513829
47302135082911
47320700904901
47357004423919
47413346017789
47413500416861
47418450020861
47418450020911
47430560154799
47442811121809
47442811121861
47453037111901
47500170831901
47503303515851
47537123205863
47566801210853
47605314153863
47605475859961
47606504021809
47640011247901
47641464699853
47703286599853
47750115414919
47830155322853
47837000142851
47894941419961
47901327322909
48051223603819
48051404540809
48053203146901
48054413012839
48111154403839
48113140445911
48127813010861
48144185000809
48171035051861
48171035051911
48198000261799
48202901333809
48202910216861
48207711320809
48218572299883
48233310147851
48238620123919
48245333021861
48301619304863
48322525036853
48354022533863
48355305024919
48394081300909
48410150642911
48420331045819
48425007131861
48425007131911
48425324512853
48440023518919
48514441008799
48561030603901
48620043611911
48623024640863
48677034100909
48705314030809
48729131005853
48805336120909
48811630341863
48900812052863
49000211877919
49006280500819
49011159072919
49021613270911
49114336121911
49127452222789
49127452222853
49150606216853
49190213321861
49205229002911
49212043812851
49215421431901
49243190340863
49335189099853
49391003502851
49404144024901
49411120372819
49415600240861
49416006036799
49423453203919
49454303106799
49514116611919
49522110921901
49550313005911
49613254042789
49660160124919
49661942739961
49682200899883
49721223270799
49832261699863
50001519594799
50001519594863
50004017693911
50013475801819
50016610122877
50017502663861
50022176814901
50028420199907
50032636650851
50035563205819
50048385799873
50053970340901
50063358612919
50104127001953
50110593803861
50111039745901
50118262506901
50123315695853
50127318463909
50139213614911
50152130648911
50179206036919
50191374006901
50203062738901
50203343642839
50218710186863
50236831048909
50251486899883
50255522430829
50259210341839
50280027037819
50303158771909
50314425308911
50323461038911
50325275421851
50331340935851
50344255830863
50406326522809
50406326522861
50412142367861
50412142367911
50412570612829
50440083181819
50466211412839
50472260406851
50473392021851
50475081144863
50475112802809
50493150413809
50501719421911
50511513195901
50523814651853
50543342421829
50577251400901
50582112137861
50582112137911
50585200208861
50610542660809
50631416117861
50631442090819
50632767120863
50640117165901
50648220814853
50670011068819
50674417600909
50715442902863
50733671161853
50744031591863
50744522033861
50790237304789
50790348201799
50820423353911
50822123515819
50827206225799
50827206225863
50842591001809
50851249104863
50861431071851
50870283020861
51010809708919
51011594271901
51025605258799
51031234941829
51035071390819
51045058133911
51067320565853
51096342018863
51102634635851
51108626112829
51116132943901
51123128921911
51134621237911
51157340274863
51160229441861
51160229441911
51161142828919
51162370407901
51164424733789
51204017276809
51204704665909
51216561062809
51219258501799
51220251087829
51231096411829
51231647325919
51231786210851
51233381235851
51233381235901
51235297110901
51250258470863
51252238290863
51259751104853
51261446142901
51263730620911
51273800545789
51292373340799
51306148440851
51311581914799
51312467016851
51317791101901
51341722563799
51342003102953
51360601713829
51365361216863
51367213521901
51385134460789
51402622616861
51410116157839
51426843123863
51426843123919
51436811411911
51451840057789
51453845010851
51481077899863
51500824281901
51513360673909
51526005416861
51530306813809
51533001592819
51560137301839
51563604324919
51583181134853
51603615670909
51624419422789
51627723011911
51650244025819
51750054341809
51819021403819
51823331922799
51830742051901
51871721323909
52006631921911
52008398230853
52010916236861
52010916236911
52011236905819
52014029944853
52015603283911
52016391503861
52027077104861
52028005615819
52042190922901
52046622900851
52056255320911
52061512837853
52061824074863
52070830353901
52073574015863
52091833054909
52102488500911
52107167190863
52107167190919
52114152617861
52120703475851
52137702048799
52150294710851
52155102693919
52161924145789
52175814011911
52211955423799
52215074707909
52221550495853
52221550495909
52234202298919
52236190043809
52236190043861
52243073360809
52244406373853
52244461075909
52250005394809
52251254117809
52251254117861
52251621906863
52279502202901
52282057130861
52296101734909
52302029903861
52314391302829
52360050266809
52360417025911
52380103185901
52400247037819
52404660516799
52409209431919
52410030602887
52432054515901
52446841599883
52451419013911
52454503435909
52460046192863
52470436022911
52507000395851
52551412073861
52561366212799
52580401304839
52611140861911
52620797589961
52628333242789
52654305500809
52660108660853
52660108660909
52707356001851
52707513262909
52710632581853
52734651699809
52761803215789
52800405633851
52808297559961
52809013290863
52831320426851
52865423010901
52871012206819
52892211027919
52901072338789
52912282116919
52914003911911
52961270080853
52961270080909
53003255881909
53004744503861
53004744503911
53007527411911
53010400967861
53012713527901
53014855710863
53024004993919
53034029432911
53034361811911
53071630541911
53074070544863
53074437002809
53102535736909
53111133637819
53112644247919
53181230457799
53201909043901
53201971362863
53202384116911
53203233924901
53215171614901
53218823002819
53225345433863
53247512253799
53271409441909
53289611310919
53312488020901
53317208304901
53354155002829
53373431641853
53400216675863
53443613830853
53456041152851
53505870150919
53509123999861
53511092450861
53529421410901
53549132422789
53572106362909
53581002381901
53611302056839
53611940460919
53628235222853
53722731022819
53731335243919
53762324300911
53775303699883
53822378199809
53972313330919
54006315333829
54018100457861
54021045236839
54043751424863
54046026203839
54048533530853
54050157050839
54053500548863
54057331313911
54082505041819
54086010362809
54105184412861
54110770366789
54114003833839
54117185151863
54120833414861
54126332504861
54140645406919
54175204313911
54211760580799
54227505501901
54234281424919
54236003386909
54274711112911
54310262907799
54331332672919
54343634700799
54425106071911
54440057132911
54512424215861
54521444290853
54532720340911
54541881112909
54542620921853
54542620921909
54551412251911
54560233516853
54574311811853
54602914710863
54602914710919
54610360348853
54615124048853
54643259200909
54650500164901
54671547399853
54680321025851
54692195379961
54710104616861
54724224046853
54725177001863
54732112464863
54734233440919
54754461021919
54760024741853
54831376020919
54862516021853
54901303711819
55060138007911
55076070024851
55103223516829
55116090241819
55117095150863
55136604910789
55141432701829
55145023325911
55157421135919
55160324244901
55176210900851
55177361500909
55180935399809
55201262317819
55203747021851
55220115920839
55220963107853
55224053118851
55233230381911
55235131701829
55238001704911
55283302191863
55327621540853
55327621540909
55340153563909
55350117143809
55401007127839
55402035628789
55404254600809
55413530502829
55474013160851
55506782769961
55521704712919
55530039423919
55553118007853
55553118007909
55553512041851
55561671013853
55561671013909
55605112347919
55650451031911
55711093170919
55950226411853
55950226411909
56007092124901
56008051503829
56012691040819
56015105390861
56015105390911
56015397012863
56030094350809
56065235304919
56071439212909
56076531142909
56085241080863
56113421228911
56122415680789
56191642020851
56220028056901
56226472006853
56245060426909
56256401371909
56263322034851
56271321035911
56276212522909
56302492022911
56303208292789
56303214844853
56306221370911
56307643100809
56312080914799
56319631401863
56329102552909
56330010972901
56333902333789
56337413323909
56367053000809
56402305860799
56403403910911
56410810532809
56410810532861
56413007270911
56431008328789
56450900136919
56461404172853
56471331523853
56567321221909
56570523420863
56611035066799
56654232111901
56673000652909
56703012074809
56711875749961
56771140211809
56901433014851
56910331731863
56913219210863
56913219210919
56924060142919
57012273350861
57014160372901
57031085281789
57037168779961
57074104016861
57074104016911
57093423420799
57104000846861
57110825640863
57130831331911
57134401055911
57142442082863
57159402106789
57180220518919
57212072613901
57300513453901
57306292200901
57330125323819
57362204321809
57401043701839
57401152451809
57404320087789
57404320087853
57404320087909
57485193909961
57504012690799
57510416223851
57661241332789
57690212012809
57701324326909
57723561969961
57811619199809
57850877409961
57901370010829
57912127222853
57912127222909
57955718229961
58004224902901
58009408231909
58015872599863
58021231837853
58022053217861
58025631240851
58043201638789
58044125470853
58050563124863
58102521084851
58124015580919
58126015330819
58129615021789
58150145506853
58160024133829
58213931112851
58215600216901
58224129011809
58303804010839
58312133055851
58312133055901
58317440120809
58330330455919
58377641829961
58396070010919
58413540011839
58440507210901
58443350611853
58443350611909
58522600205911
58571444020853
58627305003919
58650027300901
58716000410839
58732408299809
58771344489961
58820056230799
58820056230863
58884101000911
58981238439961
59003408203819
59060238042919
59122532254853
59128325103863
59128325103919
59132424110839
59133027213851
59204400812861
59204400812911
59221050334819
59241969609961
59243810201809
59251100238851
59252132560909
59302283161789
59332428879961
59341225010839
59351120148799
59381253013853
59408114000839
59448580629961
59460349199863
59530819000789
59610150900851
59723061021901
60023058244819
60030547645909
60038591233909
60041921561911
60043078174789
60046222864853
60051027383861
60065260133839
60071239912909
60082112276911
60088631331919
60092920704799
60108376203901
60109555101829
60110347473851
60124593410911
60126063475789
60126063475853
60145153163861
60151712706901
60158010762851
60159137152789
60166021792909
60172914370909
60184824002861
60198206160919
60209430236911
60210881613851
60211371099917
60223281155861
60235111876909
60251673144919
60265201390819
60266660071789
60280413915863
60300619910911
60307654423853
60312036077911
60328160603911
60331528025809
60363150573799
60406037234911
60407024138861
60407926041863
60412614187853
60413188621789
60420058627909
60425106318851
60440942300839
60442374630863
60443329602919
60450183733853
60460319223851
60513224391901
60533410076911
60552202253839
60588112216909
60602623325809
60602623325861
60603460515901
60613467700909
60623442720851
60625794939961
60626400335911
60641941540853
60660042907909
60680932010911
60701788299809
60711751014829
60714293215853
60714293215909
60737105073863
60760337021911
60760513291789
60760513291853
60760513291909
60762320217901
60800186033809
60810192238909
60823833011911
60861421650863
60870217021819
60880320630901
60911914301911
60937105113851
60976141001861
60980760030863
61005030692839
61011453356911
61026611728909
61034530674863
61045251732851
61045440551911
61062443625863
61071531942919
61094561323853
61119340227851
61128143073901
61134093404861
61134436601911
61140734338909
61170819421909
61200751264819
61201938603919
61212061545829
61234161717863
61254152271901
61267556002909
61270029462919
61311003305887
61313527354789
61315709502799
61338113562863
61342740723799
61346648200853
61350618221911
61359180412909
61370417064799
61397851199863
61412053158851
61412083461851
61418930003911
61420179361909
61425247206919
61454272310911
61465325310901
61466122241809
61466122241861
61469623021853
61470153032839
61481041350829
61500643780789
61504515306901
61539252110911
61551252264863
61613520434911
61614030474851
61625245323919
61631420237809
61641450602861
61651155122911
61701712605901
61706295012799
61713341090809
61740721614799
61814514316909
61816370404853
61832126331901
61905122256799
61912312008829
61918310222809
61932227232919
61985003260853
62003681770853
62009423190901
62026700584909
62027670014809
62029679289961
62040722448919
62076352521863
62076352521919
62090927005853
62112465090901
62127178132853
62152605912863
62156434113901
62160726091909
62192340327863
62218118901863
62218118901919
62220630148819
62227131236911
62245073111839
62263423542863
62282211812809
62292612231851
62315153820851
62351477302909
62353421091901
62357220054851
62357220054901
62366111042839
62382533001829
62404162770799
62412551253851
62421301050877
62421806424799
62427123060829
62443211027839
62443412526863
62450415903919
62477310024851
62502526314901
62507603650853
62517406152863
62523102644809
62530120966853
62660022362911
62701160457919
62711014396909
62741931331909
62891902012909
62910274013809
62918746089961
62928010146919
62942240511901
62963042010829
63004511475901
63022824440809
63027267003901
63028013327911
63046605004819
63067134055909
63081631034809
63094016613799
63116080460809
63116080460861
63116080460911
63120515831861
63141123774919
63142740561799
63165327303863
63211211548819
63220848102851
63225534640909
63231442821851
63254435323909
63260011498909
63262426305919
63277026601853
63302010945829
63302884213853
63317145082853
63317145082909
63319116180799
63340840830919
63352051226809
63354832105909
63393530111809
63403565021809
63420348423799
63431235116911
63440772106853
63445722600863
63501801970853
63513338610863
63541033704851
63541814313799
63560032384853
63562393011863
63562393011919
63565283199809
63580202072809
63604045061911
63605367310853
63605596569961
63606403116901
63632509002851
63682102007861
63831600440911
63845400103819
63900352070809
63952403331799
64000240222943
64010860762853
64014723841853
64020280920829
64032250950851
64036551171799
64050751340861
64057246321853
64071116671853
64104604640861
64106121784853
64122155621911
64132155715853
64142712580789
64144616233853
64144616233909
64170051744919
64172723260909
64191025440851
64206044613901
64217737299883
64223031990863
64226228530909
64230452364919
64234940124799
64235000020897
64263111093851
64301565144863
64301565144919
64303160727863
64340343503861
64358165399863
64361152013839
64394266569961
64454155015853
64497002043919
64500226164901
64500450285863
64502255532863
64526315026909
64531251504851
64533239310919
64570155110861
64571012136901
64603582213789
64614424134863
64637012007851
64651245321799
64651245321863
64772408199809
64840503306919
64901406603863
64955022151853
65000315636911
65002239900901
65004651422861
65007831541789
65008045401829
65010760117819
65071526620853
65106157311851
65110229518909
65115341481863
65124265225853
65135021656853
65140723413851
65140723413901
65176020607853
65176020607909
65232341721851
65233228170863
65236511146853
65240460023839
65240681120861
65240681120911
65246502050809
65246502050861
65261033644789
65305119410911
65305136142901
65335306112809
65358044320909
65360224313911
65412305441911
65446030350901
65511260432861
65555415004853
65555415004909
65570722240789
65709101316799
65724200123839
65728067829961
65732106631853
65790575259961
65801432330911
65832410047853
65851622310863
65902517220863
65910427311863
65910427311919
66003404606911
66007450525789
66008081999851
66008417011819
66019360090909
66060515550863
66060910165909
66076218003863
66105224572789
66105224572853
66105224572909
66112212950911
66131005805911
66154102194863
66154152320911
66201138841853
66221115406819
66221192137853
66224062525853
66229433310919
66233103753863
66284211810799
66301542122839
66315643122863
66320540116819
66412043702861
66415252216909
66469110160853
66500460661853
66514091502863
66531405603919
66546012640853
66611343451789
67013572103809
67041354217909
67095554649961
67100670035911
67102225258909
67111007903809
67123030823861
67131112670861
67131112670911
67151130180829
67180025150911
67220537340863
67300241814851
67375010047789
67434031831853
67476040001911
67533306304853
67585834509961
67607103231901
67608520320863
67701280103861
67804803103853
68000448221911
68023405182919
68035624060909
68083304700799
68087621002853
68120833342789
68143431081799
68180020290901
68203269879961
68210413906853
68257459239961
68301741105901
68352103530901
68417050022861
68424012525863
68451312207919
68519272839961
68700411355853
68833040071909
68833473369961
68901630141863
68903110061809
69004285005863
69012964120853
69044041246853
69100544704909
69103362900863
69120800261809
69121171222819
69171012093863
69171012093919
69180052342789
69300293008789
69425364669961
69464170120789
69502015542919
69856281519961
70004841722911
70007017494919
70023837217909
70024771242851
70029144274853
70037460044809
70042600863901
70052891008853
70054613256799
70117350570901
70124912217901
70141346510839
70153111474819
70160253483799
70163036508919
70203214715839
70221154641829
70264318521863
70274415060851
70274415060901
70303800138829
70306580370799
70311004296829
70311903916789
70312955340799
70320722802829
70321459004809
70325304834919
70328153317909
70335222525901
70353216450851
70410416174911
70413132761861
70413701692853
70420758214909
70448031143911
70490540290789
70490540290853
70503396070853
70517510733799
70521119325851
70537153612789
70537153612853
70538323122901
70540214453809
70550502291901
70568005050901
70603077302861
70606909210853
70606909210909
70610442134839
70610941084909
70621190702861
70634581033853
70645403033809
70651131574853
70655003360861
70660811380909
70715236014851
70721521708909
70723412247799
70723412247863
70751327043919
70784813100919
70810068310819
70832418312863
70922046802909
70932112914919
71003340588863
71003340588919
71004183326809
71013141378901
71013738510901
71026277404909
71030322240877
71052673036789
71063665150909
71066463043909
71094105242911
71102653095919
71107631905789
71111825437789
71113099233863
71114171661901
71121782902853
71122702365901
71126023827799
71140837050901
71148314222809
71155766001863
71191137103819
71197115421863
71203810653851
71205201836809
71205201836861
71223144660851
71245566120863
71264110166861
71290080711851
71300303771839
71302436072911
71310046372819
71313147246863
71339016310819
71350754512853
71404214817863
71421234912851
71421449223863
71462146008863
71481134901863
71520940422851
71521832415799
71562007641863
71562007641919
71620404781909
71641720705853
71712482242789
71721292220861
71734703010829
71759411100851
71800602358789
71832140094863
71836121340901
71847270301853
71850531163909
71944110431861
71944110431911
72007094043851
72010536165851
72013173831901
72026005920829
72046230416911
72070313010877
72078415600909
72105459232909
72144129702863
72164032428863
72171236163919
72182111525809
72191037315799
72211052754851
72221166531901
72232023274819
72232581216919
72238210207819
72243129037789
72250391470909
72251572090909
72260050563851
72302764018853
72324714541909
72342427310809
72354242006911
72363112456853
72415052526799
72452201781863
72452201781919
72525171514909
72525921123919
72530072805863
72530085112819
72604531233851
72604531233901
72622102076809
72811119631853
72829238829961
72910254302861
72986011100809
73000513776863
73005165008911
73011703417819
73014233416819
73015301364829
73017106434851
73028053705853
73034352480799
73040616620911
73061021345839
73061471460799
73070116353851
73111433718919
73134104355901
73145230338919
73151381326789
73151381326853
73151770035863
73170232505861
73170705131809
73177915479961
73180737201799
73200087801901
73233823315789
73240934250863
73247205123901
73303441465789
73310511707911
73318005212839
73330015158901
73366600431799
73375276929961
73386252399809
73401580282909
73404028133809
73406435125789
73410670380863
73412426240911
73512334471853
73581133410901
73614411124819
73705025313851
73706025342863
73710811014829
73723503432919
73725161103851
73731104701819
73812142205911
73840363060909
73870214034919
73940241402851
73950154311863
74016450351901
74025104088863
74025104088919
74027208334789
74030152827863
74031750840799
74034370660853
74081185015853
74102172790909
74114813042911
74124802242901
74128131413911
74160625500901
74160652320851
74200540192819
74202337228909
74203706064799
74206580530909
74210931247853
74221370415901
74240506610861
74285100552919
74334009136909
74334922006789
74353105431851
74354184021863
74362314027863
74410200583819
74421124717789
74471216899873
74512810632919
74520815080853
74531146152863
74540120414839
74549017111909
74572323016909
74581210425863
74701432800851
74750511401809
74763000305911
74782620120799
74801223522901
74810150581853
74930222102839
75001546161851
75001546161901
75006244070861
75029111154901
75040090158799
75043223193863
75066230164853
75066230164909
75074931111919
75083100807863
75100828410851
75108104303839
75110089130809
75110089130861
75126070025861
75126070025911
75145101236809
75155722500799
75161802360863
75192013066909
75204412284919
75211911427853
75262013356853
75306730143863
75318634499863
75415301068853
75421080813919
75431611281799
75433291113863
75504417025853
75506900106863
75515238300863
75530905001911
75539000514799
75552211236863
75604040226851
75604040226901
75701516430919
75723512520863
75730422108863
75775500120863
75801829299853
75852973059961
75853581639961
76001173743863
76002864100819
76003723227863
76051222802809
76054454401853
76142277300863
76201913317853
76202308331861
76238010122839
76251316233919
76308121422901
76319731869961
76343353105909
76352568729961
76355005040861
76355005040911
76376401020901
76416241040809
76416241040861
76525218121789
76562216000861
76604117103851
76609256559961
76612037350789
76631883549961
76650880000909
76780256829961
76830105130819
76853540020909
77013221073829
77043312126901
77050443640909
77071273010861
77108360421919
77111327452909
77201146524863
77248001060911
77257101325909
77306221115861
77322704211901
77330272441853
77330272441909
77393880609961
77403018401809
77422413108919
77490510043853
77634362949961
77681352669961
78002109606919
78023804080909
78100664601863
78221415802909
78232343611909
78274120801909
78313215072919
78417325110863
78439121014789
78470754099853
78511310721901
78600522540919
78681485229961
78970076259961
79020141870799
79022108150911
79055484189961
79080124005851
79120260067789
79120260067853
79143503010829
79147124103863
79171101071911
79221203321839
79250903499883
79301157322789
79302144141901
79401303432901
79450405141909
79450559079961
79464040042853
79481510131853
79513011184853
79522568079961
79544135200853
79588210099873
79630123500901
79750501100911
79812302112901
80008144627909
80031640890919
80040749400851
80044724334863
80044832040829
80064148243853
80083120058911
80120237584853
80120237584909
80124709004861
80124709004911
80149412127919
80183217132901
80187102234901
80196540240863
80196540240919
80213434610839
80231282442851
80235300095809
80238113142829
80244346310861
80256003088909
80309401056851
80311281136819
80311815624863
80330542441819
80368010213839
80407406501809
80414841523853
80415011790851
80422460067799
80427204314861
80455240713919
80474592579961
80503664260853
80512191143911
80515740243919
80546010264851
80550300486863
80573021607863
80583363103853
80632412325901
80640435013819
80650913111809
80722775001863
80736140203819
80740906010861
80750222572853
80840000970851
80840000970901
80973520105909
81011701746901
81024443404819
81045660712789
81061467601789
81082621223809
81082621223861
81103439402911
81104061964853
81104061964909
81112602387799
81112602387863
81114359400901
81122606303839
81180426045799
81191065531789
81200624584853
81217211256851
81219541341919
81229201812851
81241600706911
81244313085863
81255430304911
81262521134911
81300353508851
81317235210829
81357102521861
81359251132853
81393101280901
81401750432861
81430702091861
81434031452861
81461002198789
81502511822911
81503148005911
81525100557799
81539061402919
81540114251839
81540171042829
81555544110863
81601139335853
81601239441863
81613800701861
81614015652863
81614015652919
81641223151819
81652012262861
81731631104861
81751106070901
81801257322919
81811214325851
81870343420909
81901120293851
81931155111901
82000826833909
82013812053829
82029692769961
82035508005901
82050933442909
82086113402861
82095704100901
82102035744901
82106086081853
82131920508863
82132094106851
82132334062819
82135247143909
82176650131789
82194341030911
82211417801861
82211936400851
82213850031829
82229130143861
82240393404919
82241706261863
82301712732851
82401023563819
82409331811789
82450760061799
82452307113901
82460062228853
82466014108789
82467141321863
82467141321919
82475140522909
82503085008863
82512115323829
82531173420851
82543435799863
82600410752911
82605540414919
82635232801789
82643842300853
82644960099809
82644960099883
82671036142789
82721192201911
82750206150901
82761374299873
82780140613909
82783203340909
82817333230909
82870524301853
82870524301909
82902605431909
83006048172863
83011862303911
83020527525799
83023061090839
83050076604799
83065737849961
83114158062799
83122902273863
83137600660909
83160154503851
83168006035789
83168006035853
83191278299863
83236310306861
83244150123829
83250374331919
83257313701789
83305816410919
83309212551863
83310920270911
83384553100909
83409511220911
83412822351919
83423117352863
83473312711853
83484960549961
83515273501789
83516713303853
83612343401861
83612343401911
83634080224909
83652041204861
83721204171851
83733144300901
83800220228911
83804706102863
83900271163789
84000247551901
84001430767789
84012481160911
84016146141901
84042823044799
84046133803909
84113514192863
84120706231819
84121740153851
84137610135919
84217341112819
84231460336853
84326131511861
84350704013809
84367103241919
84401273520901
84468840369961
84505032166909
84523151343863
84523151343919
84634311711863
84650240400829
84686608149961
84696111499873
84712544401853
84810132346909
84886407519961
84903261511853
84947785999841
85004641422851
85020653506909
85031634301819
85077420201901
85085640040789
85102990222853
85103253184909
85113201553819
85123326135919
85133675100863
85133675100919
85212573402863
85216705051909
85224524422853
85270518000851
85270518000901
85311691011901
85352450142863
85352450142919
85380002205829
85417012232861
85417012232911
85523354040863
85646094369961
85720129420853
85943729049961
86000182350829
86011527312901
86045141022829
86048000312839
86053026042901
86075006130901
86161506601789
86200489300909
86212461131809
86232054211819
86260024426909
86301050336861
86313100337809
86341520830909
86404423215863
86422153022809
86540304810863
86563032502789
86563032502853
86603012382863
86603012382919
86626152310909
86701613080909
87010154081911
87010411176851
87101556501919
87102112963909
87140230266863
87220562430863
87321070211839
87341007612799
87411511164799
87456119099863
87515524021853
87596000032909
87825030501799
87901910220919
88013625102901
88014621532909
88034224710863
88040571015799
88047411114799
88058033022919
88103026093853
88125117015919
88160111343851
88200631070911
88203254201911
88212161154863
88740033331853
88901011620851
88901011620901
89003005722901
89010814233863
89014442305909
89051515131919
89120085133789
89132400435919
89204297739961
89232621020911
89342104801909
89372066829961
89540004312901
90001108293829
90002376801851
90002964315799
90004961541799
90009801436853
90020175071839
90055330233829
90072473521853
90072473521909
90111132673819
90130591273909
90174100585909
90181170511819
90244602246863
90253303541809
90271900524919
90307340342809
90311045544851
90313272705863
90315140616901
90322624425799
90341505840863
90350072752909
90375012355853
90420571281919
90422730404861
90432230376863
90435913110901
90442217560853
90444832140799
90463920132919
90466100716853
90480251650853
90480251650909
90500873251909
90503090931863
90531370515799
90610680820789
90632400171829
90663112272919
90692811210863
90712226303861
90756003222901
90780412206863
90782321107853
90782321107909
90803019022819
90913234602863
90920332341851
90950710122851
91012381280809
91014651422809
91014702357919
91019168410853
91024456360853
91024456360909
91033321426819
91041300012953
91071500435911
91073583004909
91088005090909
91091322814853
91104262064861
91121661510829
91157821032919
91205035334911
91213508181919
91231005851911
91275140013829
91292106712789
91294010810861
91300250595863
91315032074911
91316211326861
91336032117851
91340370611911
91342406244863
91342406244919
91360752330919
91425172212901
91435216503863
91511370323809
91601593110851
91613011218829
91739137389961
91761656199853
91806333250909
91912212624919
92054642332789
92054642332853
92054642332909
92060320904809
92063034625789
92064183160909
92064529110863
92085784269961
92112075530911
92115419124919
92124242481863
92131310626819
92153146300819
92190177004909
92200064999831
92207652321919
92211203568863
92211272090911
92223046161901
92226019611799
92233576300909
92293150023901
92307216411901
92311061844919
92316911332853
92320430907799
92345450125853
92416911610853
92441564031863
92470402246853
92470402246909
92484161400863
92520814023901
92523019111819
92541123161911
92590034115919
92610542820919
92614022670919
92685056099863
92703056121901
92709201622853
92711503032829
92822103148909
92830181026789
92993003122853
93032010194839
93050153905789
93068002232809
93095041131901
93139513122863
93141182163863
93142157340919
93147301336853
93159614200789
93204165171919
93211348018909
93216197100919
93217341810799
93224004551809
93234320108861
93243092602789
93303341518909
93402452235919
93432410145901
93445088649961
93450503721919
93500002922839
93512612083789
93514113018901
93520902127789
93641901060919
93662420413853
93812142702919
93821204070851
93883355709961
94001534711911
94002228157853
94002228157909
94025063024911
94033135016809
94053930510919
94105053705863
94114548000901
94115162033861
94121335403861
94211076501901
94240001914819
94287163000853
94301439223909
94303553503853
94303553503909
94322114034829
94325156410853
94423124055919
94501144511911
94503933400909
94525511403919
94587166509961
94603305420901
94806021721909
95003556899863
95056253013863
95062429689961
95066008599883
95100469501853
95160346010861
95222261403851
95222425702853
95251054621909
95254716100853
95302532172919
95322041383909
95340526002851
95360078200909
95360433600919
95612231370919
95614913769961
95641451000911
95967851109961
96001281094853
96020392022809
96020497200799
96052802003861
96071030117861
96244315204789
96281203014851
96281203014901
96304513026863
96327108211853
96632673819961
96910091500909
97012214621911
97017015072799
97042406003861
97053125130851
97111203615851
97160373003919
97203411282799
97214112255863
97217007030901
97241501115851
97248251200853
97520140303819
97608000104911
97634012502919
98010632132911
98062644010789
98121600441901
98210613054863
98211428023789
98216002205809
98321140431851
98321140431901
98511040520861
98606700040789
98606700040853
98606700040909
98613324220909
99003021703819
99111018172853
99120426210851
99145030112861
99836414619961
100007982075919
100017856322861
100019545091861
100023064486819
100030286490829
100032854256851
100041272918911
100056902184901
100057154475919
100058208326809
100071008502877
100076155446919
100079555102861
100090715835863
100093761402829
100094716443919
100112825021887
100120324163933
100125324448819
100126410677861
100126410677911
100135832372861
100136871150829
100151783406901
100158842901919
100162688421799
100166643435799
100171929033851
100171929033901
100184065172861
100192248634853
100193605280911
100195633060819
100207743902911
100215511674829
100238176533863
100245563832919
100254562181911
100256443154911
100273553472863
100274890522853
100275030684901
100276652334863
100302354574819
100302692093809
100305508098919
100330639134829
100333079090861
100335458802919
100338471053861
100352272841809
100361262535819
100373248813853
100423298316863
100423650650839
100439000973851
100443222098809
100446453225851
100461907722863
100476343542919
100497605224909
100502432972911
100510195832861
100511895060901
100514633287853
100514633287909
100516904455789
100518085007861
100519223724851
100567811604863
100605030467839
100605078705799
100615231104877
100617630660901
100625418233911
100637410981853
100643353631809
100673452070809
100675030188919
100696019044853
100704503695853
100705732825853
100705732825909
100720026597863
100728363110839
100735650441851
100754215118911
100755046408789
100791281133901
100809751152863
100822357421809
100837434343853
100837434343909
100903301666911
100905850016861
100927103036839
100931139008911
100948014610819
100955219062909
100990265224853
100994206041851
101004311452897
101007287450911
101023295703829
101024483804861
101026747520911
101033330567839
101040276474901
101050423785901
101067145370809
101077825400911
101083263934909
101084513703829
101091153738863
101100607250887
101103954583909
101113534934809
101120291977853
101121480015877
101133149405839
101135991612863
101137226457863
101137226457919
101142942534901
101149245174799
101158225370809
101158225370861
101166073275919
101183415916789
101199247020901
101208144473809
101211089362819
101215159914863
101217762440911
101224277733919
101259690033863
101272517811851
101273275272919
101302665533911
101306249090911
101307563446853
101336348151901
101349716220901
101355612934909
101375972100901
101384051557909
101404094318809
101414620938919
101416227065911
101423512843819
101430980922919
101431019375911
101437193335909
101438637610789
101440557156919
101461107941911
101461217444861
101475431145901
101491711812851
101502468328909
101505539308853
101505539308909
101521804624819
101522411796863
101528423256863
101531275564853
101551216208839
101553345700819
101570713914799
101573750073799
101575417103911
101606068048853
101611094048809
101613232395901
101614174061839
101621935206851
101621935206901
101630880552919
101633141474861
101637112562911
101642273306911
101662793000809
101663332154809
101684442051851
101702925008911
101703470538799
101703513914861
101703533664919
101715878101909
101723631137861
101771554008799
101792033148863
101800369704799
101803446274853
101803446274909
101803837131901
101806243870789
101811281916863
101811281916919
101849062008919
101903045544851
101931074355863
101941358520919
101975018161909
102006037508839
102011957207861
102024438612829
102033394532911
102043593261901
102056104098901
102064255605901
102066917125909
102068045145851
102080323646911
102080411495911
102104073648901
102117704547919
102133282098863
102156609504919
102182392804853
102198008222809
102204819611861
102205626137911
102208032662839
102220485371861
102226222491829
102226453824799
102229290225851
102236563245863
102261171200887
102267413541851
102274313922901
102280324703839
102281251756909
102295600434851
102297245080853
102310006515877
102315047952919
102319158163853
102329082423851
102331840791799
102336087810863
102336452082901
102344139180901
102353107464851
102353113022933
102355750831853
102371535603851
102377409303863
102391822318909
102404402728819
102404648820919
102420222008887
102450181716901
102455360257853
102463392303851
102467390044853
102467390044909
102470040993863
102474152314819
102486160173799
102504009366851
102511592504911
102515623555789
102516720385789
102521144804839
102540076614901
102540168061819
102544814231861
102546541250809
102551732365909
102562283640863
102562283640919
102563057136863
102590611433861
102600660257911
102601782183799
102608772120901
102611136375851
102630534602839
102652771531853
102701861028901
102717080108809
102724276611799
102750217680863
102774503204861
102800580808909
102800584903853
102801081951901
102802807812799
102810139046911
102815986199863
102835063025809
102883060130839
102901371655909
102902641304839
102920575413919
102923634343853
102925014116839
102929243062853
102935124381919
102951065214901
102954422012839
102960210477799
102967120191919
102975113105861
103008511682809
103012882618853
103013789440789
103015349365853
103017903087863
103023791446909
103029053790919
103109853432919
103115255291809
103128134603839
103132418822911
103142415864863
103147071295909
103154552027809
103159811033861
103174751231809
103181282541901
103210934146819
103217805913853
103230447821911
103231331796799
103235314608851
103240692634853
103240692634909
103242269163863
103242576122911
103244390356853
103244426243911
103246302950911
103247752162909
103261073764853
103261346621911
103302245478799
103302605870809
103306546005829
103321101533887
103358541630863
103381074732919
103402982335853
103404348351851
103421334823819
103423196451919
103423231627819
103436182305851
103439316140911
103442974011851
103449203733919
103450753660789
103458023028851
103477173133909
103500221323897
103501532834911
103502514477799
103508890105909
103509336312901
103513317843799
103517803048789
103532126728909
103536065344909
103540139652919
103553053266799
103553316140839
103554017090861
103591440080809
103591440080861
103601374172809
103601822854909
103603052546911
103607245516909
103614168212809
103614243825919
103620650580851
103629252190853
103633519162853
103661393043799
103673512701851
103701714372901
103711134567919
103716084321901
103804058163919
103815113516861
103849300152901
103862004853909
103901830870909
103934066161909
103990341011839
103993220060809
104009520257809
104016018657919
104017316881789
104022379611901
104024473492853
104033992603909
104040058851851
104042544372901
104045810083819
104052993300901
104053534807909
104056500175819
104066081904919
104080716616909
104092253226901
104109211931839
104115960131839
104128678959961
104130892570853
104133540624829
104144441922901
104155663014901
104161528165909
104172024095809
104176711323851
104182382505863
104190535250861
104192165214901
104205618543863
104211204965911
104211913607861
104221515680809
104221515680861
104230695108919
104262926017853
104276629102853
104282241537919
104300319843851
104303441183839
104311510745839
104323344924919
104331511970911
104337360072901
104344364151851
104426206335851
104427242950909
104428204455863
104441231537809
104442700675853
104465032761919
104465730154789
104500526165911
104512404807851
104531623618789
104542507161901
104545018610861
104546003624911
104557576659961
104591116211839
104601630293861
104612338227799
104621317180819
104629263240863
104641053146911
104643842022851
104702322684863
104715107072809
104722714713919
104731520917789
104782364000861
104806450251851
104827402024819
104844705003851
104855241136909
104870340930799
104911271801911
104950098202909
105006756231851
105007735206901
105009334662863
105015629514863
105025415354809
105027055555853
105032048826919
105032439006829
105040621844911
105042852152911
105066430046911
105081765132919
105096140725853
105133113854809
105136140717851
105142764101839
105142860912919
105145035470809
105146332172911
105154384413863
105155470236919
105181605080861
105181605080911
105201443750839
105202683535853
105206293218799
105212554707919
105218316351851
105220797610909
105235364142851
105252741332911
105272132628799
105279113312809
105331715428853
105348253432909
105394201335901
105405421076911
105425640552863
105425640552919
105430107865909
105453552153863
105453552153919
105503059048853
105532970301901
105568842010909
105574512072919
105584540241799
105585335599873
105601188312901
105616081430809
105620601158861
105621452743853
105621452743909
105660234615799
105670410084851
105701235358853
105701235358909
105713121418819
105730012104877
105744133542799
105750326114809
105750326114861
105767724000863
105804192105901
105818250900799
105830508810919
105881308150789
106012334474911
106014607901809
106014607901861
106018543024819
106057334331901
106057451051911
106063739500853
106067666199809
106071655203901
106079312231861
106093546221799
106100169335861
106101661085911
106101929047853
106101929047909
106102540776863
106102540776919
106106814122839
106110947014819
106111991132911
106113120049903
106113801752911
106171006824901
106193334423863
106195403344853
106200042198829
106207110735829
106220153087911
106230210621877
106246326024851
106249630013809
106270147232861
106277543100901
106300361835851
106325602815863
106326159007909
106340226714901
106393511102839
106405122708851
106415441214829
106416315175789
106447003357853
106462825113863
106473804111901
106494130035851
106500439016809
106505121717901
106534140970853
106534140970909
106541304390901
106549002351901
106555480302863
106582723042853
106610572313911
106612353900901
106630057610809
106647434599873
106665415100911
106770180631853
106821215342861
106829101035851
106843153233799
106843153233863
106844303424799
106862233004809
106867023303863
106894220700919
106918112380789
106976002071919
107005624332829
107015841700819
107036033172829
107038311372851
107051040825829
107068801122901
107070732165799
107081418510851
107081418510901
107090334913853
107103614328901
107134547602909
107134661401819
107135446062863
107151166061809
107173541280863
107183050722851
107208193220809
107208193220861
107211392108809
107233374240851
107252500990853
107320317550819
107326125160819
107342740146919
107349560113853
107351832120829
107354472030851
107354472030901
107391350214851
107391350214901
107403714805853
107403714805909
107415283008799
107416314027851
107448023146909
107451380420911
107507302181809
107510522921861
107520200024933
107535163440799
107631184323799
107633655211853
107652353061863
107660246003861
107730363113809
107761331321911
107765002125901
107800012545829
107802043073911
107811050691919
107811800730901
107814826299883
107820243105829
107879401030789
107900034290861
107911530404911
107971307302853
108010415473819
108021268205911
108027504323861
108035303643901
108050427462799
108058404051901
108061664250863
108065193700909
108095227500919
108096650230909
108103411708819
108120445056901
108120861125861
108130240376911
108131022131933
108131325371911
108156244134919
108173135430851
108180074204809
108181612071851
108209643501863
108222416361901
108222804076909
108224067221911
108264934111853
108270097104863
108313552241911
108315361551799
108340444214809
108340838212909
108373109430919
108411514263851
108446349100853
108570305115851
108603061244809
108603061244861
108620511092809
108621314406851
108623635150909
108643226620853
108643226620909
108653850012863
108706643400799
108715290024863
108723561025789
108754291210909
108791022050911
108820035490853
108912323052901
109008090381863
109022337373853
109052173813789
109054341562853
109055113267853
109060610244829
109063471225789
109063824322853
109097121180799
109112229255919
109128075520853
109128075520909
109135113816863
109146640014851
109183318989961
109184905869961
109186400250901
109193010817789
109235163126799
109263106161851
109306590699809
109311168051851
109317631203901
109320947311909
109419130341901
109422943113863
109428193299809
109435126071863
109453134012829
109473401501809
109502831430851
109504774020919
109542222071809
109605011903809
109624103941789
109630800062911
109643071103809
109673140117909
109714270360789
110000138948911
110002365916819
110002390863829
110006143395829
110007046925861
110040346872851
110040764692853
110041645625809
110045090357861
110061732662911
110067646121911
110067851371789
110068177333789
110070569103829
110093448631853
110101787072861
110101787072911
110113098541819
110118227930861
110129101105897
110137395163909
110144406707809
110146607107819
110155513098919
110161171716829
110171144201933
110178517211911
110181715492853
110191330970911
110208504544819
110210497272901
110210781284809
110216662641901
110223454751911
110242820817901
110242943382799
110253014041943
110255436138919
110282116356851
110290582016861
110290650727909
110296130237861
110300642918911
110302739017819
110303114419903
110330231343877
110338644523853
110345843424919
110354291613851
110394151474853
110406128840911
110427834333799
110427834333863
110429030892919
110446012835861
110452801782863
110484938399863
110501070938809
110503827342851
110508522615851
110508582230861
110514072748789
110525645070901
110530641856853
110531187373909
110540925530911
110542954153909
110545660713863
110545660713919
110553071890853
110563382021839
110565330542809
110586020252839
110595404222861
110602036547861
110620391376863
110638210782863
110641713363851
110648903314853
110650963031911
110660444134819
110663225045809
110671562313901
110681541402829
110693022970853
110700623248819
110700739812799
110705031585901
110715809062853
110717251821901
110721191841901
110722165611829
110723880303851
110725914321901
110733100865809
110740351713829
110740602158861
110771209641919
110784240372863
110833610940851
110846113470901
110903284520911
110904067322809
110905408633909
110910970353863
110913713091851
110915270356789
110921140671829
110933248401901
110972190036919
110977405222909
110985611430919
111011495228861
111014295246901
111018400844839
111018555516863
111026057574799
111028336536919
111034059182911
111037915560863
111041168207839
111060466370911
111061343130877
111074198003809
111087202840819
111095016244819
111103042721933
111104354528809
111109145817799
111111321362887
111112847603861
111113247923861
111114356467909
111140625932911
111142294325809
111175351181809
111182910564799
111185613414851
111186540233809
111203276910829
111218710594909
111224212938851
111255164743909
111268542032861
111268542032911
111273991020851
111276172320829
111281344053829
111282531821911
111293421195863
111308176412809
111321395441911
111360852270901
111372716271919
111389107005851
111416098104851
111420938361919
111445054541861
111485300651911
111510805545851
111512787510799
111512787510863
111524211086839
111537061662799
111537061662863
111544513604911
111553434332911
111554408047853
111581403082819
111600335884853
111602001083887
111603229074851
111603229074901
111625701178909
111644851032901
111651237224861
111692124490853
111707522512819
111711453254809
111721502178851
111732455326853
111753916002851
111793314208909
111814403647853
111833004527809
111837810162919
111854661025909
111855100580911
111914152244809
111922342513819
111939526120909
111943060924789
111943060924853
112000098288863
112000098288919
112003383915851
112003383915901
112004878031861
112004878031911
112005828265789
112006457504861
112029335613851
112041336365911
112042465451911
112044037827863
112086313267853
112100345708839
112105649520901
112105918610911
112121956434919
112138015077901
112153458600851
112157450090911
112162820652901
112168080602861
112176216175853
112181340761911
112191419146853
112197202293863
112205802537901
112222990202839
112228672260799
112247901166789
112254707371909
112260178714909
112285143381799
112285143381863
112291164480863
112297121095909
112305521556901
112310545085911
112326183116911
112336036762853
112338404257909
112353508115861
112360117416829
112360363036819
112360784205799
112367590203863
112375402640911
112414622940901
112418128320829
112422508470851
112433846250863
112461038333911
112479273310853
112500364346911
112509752161853
112521133890901
112521575812853
112521575812909
112526851701799
112531007580829
112541850018901
112548302805863
112551285230809
112553403285863
112561364052901
112574001387919
112583241345919
112608500733901
112610028744901
112619014061839
112626477399809
112636242192919
112642342326901
112652240814851
112661336713789
112666440451909
112703412652819
112707038130829
112717444121809
112718182414909
112723080493853
112741524670909
112750240594909
112810077175909
112819065111901
112822622932909
112830105384851
112831460922919
112880216083853
112900269320911
112906303753853
112922824050851
112923966579961
112933076061863
112953634002851
113000066645839
113029333127911
113032630195819
113050269372919
113055842065853
113060740728919
113064377151863
113095107017861
113106066145819
113112928416863
113118053999831
113123486820919
113134940055901
113138600075861
113141065085809
113142675315799
113149063404851
113150945421851
113152104994853
113159814300901
113162860241911
113177750313799
113186314264853
113200644765799
113204314438819
113223705633851
113230908355909
113252507801861
113270230617829
113273673002911
113275120278863
113288222051861
113290002024877
113325801353861
113331100910887
113336125613861
113340244020877
113340781570909
113370383034851
113372505094853
113402102460877
113403816304819
113425206753799
113431301943829
113451360722911
113495144250863
113511250808861
113514601085911
113517532125901
113523283031839
113524804304809
113541280460911
113567061333799
113567061333863
113572170507799
113601121883861
113601121883911
113610345655789
113614451414861
113615536242799
113624753331919
113692133514863
113761821023911
113762531731909
113771007075863
113801029127809
113806666003909
113813880070789
113840035653863
113880723115909
113890248499873
113906130390851
113906130390901
113908052515909
113923083311809
113955013426789
113996110702853
114012527343829
114016147810819
114032520957799
114040372742809
114040973380909
114042428406901
114050869203863
114071355606799
114080237581853
114091204805911
114102763235911
114107297008853
114110153558809
114111811916911
114118124702839
114128319261799
114132422286851
114141922536919
114163093106911
114184481017853
114198321122911
114200190945851
114200190945901
114213332955863
114223310384839
114272673240799
114293303770909
114300540764911
114320415774919
114330051594901
114350184071861
114361554333799
114401361478909
114419102093809
114458102337919
114489032030861
114490327134919
114507007622911
114516021282829
114524204226829
114532145355799
114534280412809
114552232362851
114607067121901
114618050580863
114627500625863
114652011675919
114701587320863
114842671203863
114911241624901
114920063305819
115000210705943
115004571078799
115011184237819
115015158143911
115018902157853
115025944004809
115026507710861
115049013570851
115051626063901
115058550020839
115129353006851
115141119713911
115149016125851
115149016125901
115155117162901
115161094223911
115172110466911
115187233701863
115203504933851
115215806326909
115222182800839
115223801144839
115234362603851
115236560205901
115250165036861
115254347102861
115280323155901
115321526433901
115342154405809
115360712181851
115365222540901
115381001660839
115422481250809
115509428113853
115523014760911
115544306420861
115550921344853
115603561642853
115644056701853
115644056701909
115670035255909
115674521062853
115680190036909
115706542513853
115712810635909
115720303904861
115720922640919
115735106241851
115736087199883
115823710331911
115831122182861
115912003283911
115913540163919
115952218321909
116000589027863
116004337465909
116016525027901
116018006813809
116022036158911
116032274625863
116033384214851
116053157025901
116061432416911
116063818411909
116086260460909
116101463952919
116120417736863
116130551265901
116142336025819
116152244820901
116153718403909
116172913243853
116174354224853
116174354224909
116202361980919
116203321854901
116204904390919
116212922418799
116241912106819
116250700683919
116254040661901
116254080427789
116261082330829
116265290080909
116303833354789
116304640716799
116311671170809
116312442951799
116321551901809
116340683170909
116352591030901
116357505030901
116412931902919
116414800924853
116492350504909
116500941113839
116521206318851
116522253048919
116577121323919
116594116123853
116611081308851
116621054414861
116633361140809
116640512602819
116641128006901
116708325610853
116712538042853
116713408012819
116722109208919
116810640621901
116833552010911
116864902030853
116900830215901
116911302152839
116936721022789
117000439645853
117014281644863
117084582400853
117087511080919
117103332452839
117113482344863
117130175117911
117135123036829
117141045880853
117146076006863
117160055064901
117165226032851
117171136251901
117173146413919
117191201372911
117204560814799
117217640030839
117221623217861
117222635560909
117256016025901
117258102252901
117263071732853
117270222236861
117270222236911
117271561301809
117272215040839
117315091146863
117361355103851
117407163802909
117412049205851
117412049205901
117421833041809
117431913306863
117442831126853
117459233113853
117459233113909
117500266228789
117511972132853
117512071046861
117537331333909
117555720070909
117563210077853
117590192050789
117590192050853
117600762361909
117602676130789
117603357205853
117642230491789
117642230491853
117682250107789
117702165104861
117821120881909
117822010882909
117840511605919
117851052411901
117901081093853
118007023192819
118024518333863
118034681116789
118122255904853
118141323731911
118141904344853
118160286799873
118162826500853
118195028040919
118201479101809
118209470012861
118212096050911
118227092233909
118241620218851
118280521525853
118300126093819
118300526621861
118300826127863
118322461124911
118323406402819
118377003603863
118400211967853
118474041523909
118484112023861
118484112023911
118495111004911
118506671320853
118509011094863
118535021715863
118542124255909
118552101064819
118570551132799
118574721130909
118631815002851
118631815002901
118701910903853
118930100291861
118984136379961
119004366032809
119008062081851
119010636342901
119034061851863
119140143245911
119184303352789
119215314156919
119277117300799
119297723289961
119303373221911
119332006632851
119333363241863
119373150222901
119390126200819
119411417911909
119416075501909
119421314333861
119430011880901
119430300354829
119451414031819
119490058101863
119502132090829
119512014660851
119520440671909
119593201030819
119701725101911
119740070154863
119781343959961
120005920040933
120010718384861
120018444704861
120036683335853
120038024685919
120047347534909
120051063908861
120051091795853
120090116201933
120102927543901
120103373475851
120115095902861
120115555181911
120118141536829
120127308117829
120153770118901
120156592112861
120163377410861
120173910317911
120190300577911
120201695248853
120208039513819
120208444053829
120209944003819
120216229852909
120218178018919
120229250920819
120230505908861
120232318704829
120244640475919
120253963405789
120255394050901
120261561354901
120265038742909
120271511618809
120279400078909
120286461240851
120293513145851
120302704866863
120311964107809
120333390276863
120338852440853
120348544801789
120352353360829
120353419408853
120374090905853
120374090905909
120381155532901
120413934642863
120415079415919
120416661535853
120416661535909
120417367008863
120418122096851
120446200932829
120511885342789
120522250563829
120536326150819
120552336431809
120562542823909
120602294751863
120613107694853
120613107694909
120613639162853
120614826207919
120632060176819
120632341068901
120714143444911
120714354850853
120717016680863
120742275442853
120744009224911
120754451006911
120800349066863
120845824024789
120901216671901
120904062524911
120904361208901
120907354023901
120943020290839
120956406205853
121004517582901
121022983025911
121028833543789
121041160676809
121042148630839
121042184737853
121042353927799
121043742371911
121046530490861
121048166164789
121048166164853
121051068682853
121069554411919
121071672143861
121076852020819
121083651228863
121095924150863
121095924150919
121097953002799
121101550844839
121103235653839
121105914731861
121125202367839
121143538462853
121171391730901
121191760241809
121202815683799
121206011768861
121208117745863
121210882861909
121212073457809
121213667322851
121223312754829
121226436256853
121228733442919
121235762524853
121235762524909
121237021645819
121245058821919
121246202861911
121265542183789
121265542183853
121265542183909
121315230653839
121315261932901
121320952038851
121331609611819
121340517903901
121344340256911
121360342318819
121367312337863
121367312337919
121384116516863
121402256705809
121402668108863
121404631377863
121418044901861
121418330156911
121421171293819
121422238806863
121426945100861
121427930461909
121432237604809
121450391108911
121450413813829
121452279101809
121466632135789
121469423430799
121478910411919
121512472127911
121513293084863
121520248554799
121539531153919
121543306537853
121573501433809
121590920070901
121593123602809
121620336156901
121630319382863
121632734533853
121661702860853
121661702860909
121700175168799
121700175168863
121700625177799
121702556631919
121705534206901
121706556210851
121715836320919
121723229434853
121735022740819
121740227446853
121745530173863
121750831601911
121831674232909
121848190000819
121851269013863
121951610216861
121972524511853
121975040106901
122037646810909
122068238210861
122069421900851
122070723803911
122080027136839
122082143075911
122090481180901
122103710119903
122112784813853
122118763341863
122122238880919
122135610865909
122135910371809
122138433264919
122140782350861
122143823343851
122144334704911
122173101338839
122185225192909
122190049312819
122190532631861
122192065480853
122212862244901
122235228526909
122248516710799
122248516710863
122250123113887
122250665262863
122263620354851
122304046094911
122311638602809
122312515940809
122314292321839
122317825215799
122328004094809
122332567130911
122333204762809
122333204762861
122393402270809
122420753061829
122424316920901
122433520733809
122471444700901
122495011315819
122506039462789
122537107390909
122541710922901
122545356124853
122553027381919
122556074044853
122558004822863
122560305443861
122595354012799
122616632370919
122617226061851
122630607711901
122641680410861
122644860000829
122647704114863
122704501020877
122725581231863
122740534053901
122751272320819
122754111246901
122771248011851
122782224262853
122784175120909
122803643902853
122817105066919
122820501487909
122852020460839
122901559110851
122910023492911
122915580331853
122920545131911
122926653120863
122991111603851
123000392003887
123008021748901
123014068613809
123014068613861
123014099245853
123024900564851
123025271327911
123033706704851
123041716726909
123050334546851
123062252853919
123081660508789
123090005694863
123090005694919
123104040170887
123104040170933
123121493270861
123124271552809
123130840752851
123134244570851
123151860530861
123151860530911
123155800218901
123166073452789
123232508194853
123240367701851
123248521341851
123278212133911
123316813237789
123324328213819
123333175017851
123341643283853
123344700471851
123350114616829
123357264231919
123374147160799
123438505422863
123439131832909
123440412580819
123441485025919
123450421100933
123470024318911
123501391960853
123532905190789
123540612735863
123540612735919
123542160457789
123560306431819
123560414913919
123624351390863
123624351390919
123641069511919
123650028661909
123701034717851
123709200564799
123731513231839
123731644612909
123740412763789
123831075420851
123834241241861
123902054680853
123920055305911
123921205115839
123922212447799
123930444202819
123931301733901
124003743582799
124017017651809
124018230625819
124023752262901
124026074482789
124032736920863
124036207465789
124042318360819
124100158643809
124100614557901
124103883720919
124119721840789
124122394025911
124137396111863
124142920631861
124158191340919
124171214407819
124185413111839
124190328401809
124195272002911
124202647206851
124203060465829
124216080343819
124221081427819
124244502192851
124253024754799
124256260560863
124282532190799
124291323634789
124304392623863
124312536036901
124317619141789
124326701913863
124331403982909
124332302681809
124332302681861
124405012870819
124421257125901
124462860600863
124501217705911
124505031653809
124513832830853
124514520541819
124523024484863
124523931225919
124562041722851
124564024035851
124564024035901
124581045222901
124612168711853
124614551244919
124623431225809
124624321680863
124635214821863
124703116225819
124705316007851
124709052222851
124712124406819
124731461037919
124806109899883
124812761201861
124820701546909
124821305135809
124822802424799
124835113131829
124926116250919
125051505263911
125101165482851
125104822162819
125106850444909
125114370582863
125124284640799
125127551601851
125127551601901
125153373423863
125187150180919
125196242030911
125216109328789
125236730340901
125240108363861
125243148504919
125245134233809
125250941241851
125303413518901
125313922502861
125400041397901
125400328636789
125400817413901
125421909411863
125433325218863
125440025306839
125440318205861
125443879089961
125491016082799
125507208005911
125507303224819
125516463322909
125591106352909
125623902312851
125657104203901
125661238410919
125704115261861
125704115261911
125705102097863
125774410162789
125816100134839
125820029326853
125833413041911
125862385000789
125895269049961
125923127125909
125940101191819
126037822170919
126107252505851
126110149233829
126128782011919
126173850070909
126184260361853
126202164092911
126202191821809
126216081413809
126223780044799
126229611135799
126262344204901
126306103671851
126318941005909
126351406140829
126412921520911
126413502263861
126413662090789
126425010662809
126425037135919
126432234724909
126435520335863
126455300403829
126460324191919
126545006051861
126560531115901
126573140038789
126601438801853
126602227831789
126604039224799
126635635689961
126730084126853
126730084126909
126767001310819
126783141420919
126800515416919
126910056140911
126910234161901
127011281647853
127013168430901
127030710905911
127031205873863
127031334082819
127048077399809
127074537003863
127092305402911
127123806014861
127141206834919
127142106565853
127153016222839
127155743500909
127161512216911
127170551541799
127202873061799
127212980214799
127260302336911
127274423152853
127310300694851
127313090073901
127358510403919
127387240002901
127402120358809
127406404326863
127414811520901
127420045072819
127521208520861
127553107301911
127600733420911
127625450121901
127717413402919
127801526701909
127824015433909
128021830127809
128027231261861
128052619311863
128071079302853
128076202273853
128078509099873
128092242136853
128112682252853
128112682252909
128130096901853
128160570051851
128227220473789
128267302500901
128275514022919
128301234448853
128323028244863
128342012175851
128363134153789
128400072187789
128414555100851
128420761180909
128435042213809
128442306081863
128442306081919
128531250270851
128539060203863
128548005402919
128570333152909
128601123537919
128614216103809
128646310224799
128651735499853
128723322271853
128778075339961
128855030001829
128904144024919
128931002292919
129026355021901
129031225451809
129046314262909
129137220840799
129143071007809
129230497111853
129233016215861
129290215710919
129300264427909
129340771114853
129406303340861
129534116310901
129823317111799
129983145639961
130004263884863
130009324428901
130012074945901
130014259275799
130014259550911
130018750910861
130023384044839
130025926143851
130027057564909
130028382282863
130035849060863
130044660137911
130051298722789
130058392035863
130061559014809
130063952024861
130067204650819
130071160794919
130073694020911
130090008941861
130101991087853
130103551736861
130107905460851
130120075880911
130123432814839
130130191966909
130131543761861
130140811368851
130142336544901
130145047761919
130146050348861
130159883110909
130169290120819
130176910722919
130180094536853
130180910890909
130200825807851
130202828464789
130227176280919
130265546115863
130265546115919
130277619400853
130279102631809
130286433500911
130312847523863
130348020850819
130361449211911
130363370360911
130369120722901
130371063915919
130399599039961
130400633298799
130445380084909
130455116223829
130471626091909
130482203514829
130484854120853
130490403044839
130492430241829
130520509663853
130523151099917
130530492048799
130530492048863
130532471352851
130547572023863
130553125541911
130554041292901
130595512063909
130631640861863
130631640861919
130635300177901
130641855051863
130650804431911
130654770051919
130658541043909
130660510283861
130682054452853
130716054242861
130744161323911
130772035017901
130845165610853
130861029234863
130861029234919
130900472370851
130900472370901
130902700814861
130916216523919
130932917979961
130950605140819
131009357025851
131047399201853
131068119103819
131092803273863
131096050800829
131101981523861
131104641792919
131105480728909
131106611871901
131110936815799
131134204970861
131135410592911
131149202812819
131154277021819
131161772362853
131168700346909
131174532337909
131179344403909
131184596020909
131200258265911
131200878420901
131208062138861
131208062138911
131213679151909
131227640244901
131231552377789
131232180147829
131240147593909
131251520294911
131280055703809
131301383822911
131302294530829
131303715348919
131315318923909
131342712138901
131350963711789
131352251913851
131353282040839
131364851413909
131375161713919
131385935859961
131405340397853
131440708242901
131442335702861
131462031425839
131492007126901
131513624562863
131548254120851
131593093123853
131631306591919
131637102465863
131690601800809
131693002118911
131709170303861
131712272508863
131714950071799
131716018700911
131730207543901
131746914003799
131763301092901
131810507635853
131842650361789
131971421402809
132000282086839
132003513872911
132033067612819
132035372106829
132035516531861
132039516212861
132040681540819
132042909027863
132046220266819
132081436191919
132107403387863
132121491912901
132123350388919
132128207328919
132130376136851
132130376136901
132166108191919
132174702147799
132216408801901
132217620480901
132222593150861
132238650073853
132242773410851
132271343832799
132275443031861
132275443031911
132280640427919
132305572425863
132305572425919
132327851602853
132333242381911
132340127547799
132350475910853
132353064373853
132353064373909
132354224225911
132396141442909
132415281804863
132420380931851
132421730673863
132423239524789
132453137420861
132511660545799
132538207131901
132571444206919
132602006807911
132630910007839
132672021438799
132682090252909
132701436561919
132705063180901
132705344182909
132706463100829
132742012615819
132752420526799
132752420526863
132766117321853
132811742022829
132834821211901
132918503061919
132920621360809
132927210203839
133003436066861
133006380741851
133017642634909
133024165062829
133028418154909
133033716706789
133037326623919
133046322754789
133049021376863
133053516510829
133121926160911
133143873700909
133191180652909
133206360921901
133211485044851
133214254780853
133214254780909
133216035664853
133218130550839
133230379320851
133266310352911
133311138804901
133341853440919
133341922034911
133346255611909
133354033520839
133405126830901
133410155652901
133414606511861
133441328321911
133455142903909
133473083350853
133515359014789
133523411971853
133534507107863
133548039021799
133548039021863
133553306231809
133635256410919
133654100315839
133671811311851
133671811311901
133713271263863
133741209180919
133742021253829
133753253111809
133773226204789
133802345920853
133810244143819
133833733231789
133917642031909
133935010602829
133941167005853
134003574427909
134004331578919
134012451807901
134014447362863
134025420473911
134052760921853
134058520061861
134065822522909
134101161780829
134103553226809
134113068552863
134121170726861
134131920484853
134193043318853
134202420591829
134204338025809
134207036535863
134210941155901
134243444424799
134310598501909
134316560430851
134316560430901
134330260913809
134333021690911
134366633301799
134381123241829
134403044822861
134408266015853
134410743490853
134413581060901
134423228250901
134427161310829
134460802425799
134500095116861
134504038065863
134560100448901
134561480112901
134591133023861
134606114680789
134609103215861
134624214810901
134632624130861
134648363299873
134671135405789
134703615702919
134714117092853
134714425242863
134715901503863
134715901503919
134742604701799
134742604701863
134747453199809
134760707121919
134849140989961
134880601210819
134902091263909
134905447020919
134920044075799
135000513958789
135007062282901
135011240891809
135011240891861
135022845127789
135040753335919
135040914320839
135041113867789
135048420228919
135060721470901
135083332017901
135103008284911
135104627442919
135130181901829
135131587002851
135200913803911
135216940332919
135224938102789
135230663042861
135237206410819
135242910224809
135243103626901
135259213023901
135265115406919
135324503108911
135326132036861
135336272021809
135363251060809
135373191799873
135417226530919
135430258113901
135503427018919
135505115125819
135515734212863
135591022050829
135592311131861
135618313112861
135631240915909
135660060441901
135700316383909
135700630542901
135743004044861
135752411632909
135753307321909
135906001370861
136000196446909
136003331930839
136005050806819
136016375223863
136023253316809
136031687122789
136034580351799
136041740914909
136052045433901
136085410332901
136101522740839
136106836041863
136114350258863
136123118621911
136123433706919
136132571403901
136132632273863
136135551042851
136140465213901
136180033272901
136210146332839
136210734382909
136210902906863
136210902906919
136221150158809
136223068315909
136253115070819
136260133815919
136261116192863
136276312130911
136311009046819
136316534062789
136321706231861
136321706231911
136342282053799
136426580320853
136454213127863
136501085042911
136503623146789
136510061910829
136514371072909
136515100653851
136610301923911
136611260505851
136624212660799
136650804015799
136701030706819
136725330460853
136951260304853
137001694031809
137027222148919
137054211624851
137070614015809
137082071430901
137104385304919
137106314536853
137106314536909
137115511712911
137123840901799
137124312462901
137135007243851
137135007243901
137144475022853
137208202248863
137221332834863
137223252192919
137242658949961
137250413176853
137300471073901
137317114701901
137320322561809
137320322561861
137341731050911
137352334702789
137373641130799
137373641130863
137420391522919
137472360223789
137484024110911
137501130095911
137509210921853
137534300604901
137632320751909
137692795209961
137730911026789
137753292010909
137853023106919
137880351969961
137930917000909
138050231810839
138102590601901
138108110714911
138111039233809
138111039233861
138111039233911
138211620651851
138214906240909
138235430334863
138235430334919
138302272053901
138320314623851
138323163333799
138324800034851
138348890439961
138360016065863
138511420205839
138700510527919
138740052540863
138757025101789
138757025101853
138813311253919
138822101711809
138914304114799
139035312270851
139036191411863
139049200322911
139052234006911
139082462230853
139150445152909
139200235536799
139241305070911
139291833000863
139300711542851
139393822389961
139432165402853
139473124131799
139473124131863
139605829359961
139710235302901
139720054401901
139752001741789
139813130073863
139820030325901
139830721122919
140002490690911
140017514817863
140018112510877
140035732812851
140047301817851
140047301817901
140049102671809
140055811135819
140065452612901
140065910472799
140074764160789
140090469601853
140108057631851
140131553228809
140131553228861
140132006212897
140136328251901
140140368062861
140145660058853
140168340328909
140173031794853
140219437314799
140265407910799
140271700585789
140283736230863
140307301691911
140311534077851
140316137760863
140318511633851
140319821731853
140332345128851
140341767501799
140341906251901
140344241372809
140350500908809
140352271078909
140404350571819
140415349153789
140423485040911
140425220366861
140425531128901
140428260670853
140428260670909
140428730310829
140430711348901
140431252238861
140465403323911
140482150442861
140504043265819
140517437251853
140633747112799
140651414411839
140652092022829
140660232753919
140711611395799
140714030358851
140733166135789
140750380322911
140751753402863
140758614103909
140780021187863
140780021187919
140781022177909
140805092041819
140817180204901
140839144231909
140912129307799
140913136214861
140916608401853
140919018024919
140920441361911
140922317461909
141004327774853
141006993201901
141011728072819
141013501992851
141020772137911
141021576183863
141023328717919
141037382425789
141037981699873
141040600595911
141043274373863
141044330556851
141046322306839
141052600457911
141053275304861
141065556214789
141068231617853
141074065543909
141096201853909
141109051406839
141111095831809
141121890330829
141130950591919
141135815204809
141150295161851
141179304730853
141191120168911
141201923073829
141202440845911
141213171824861
141213171824911
141216032952901
141218123670901
141240338328799
141249227030861
141289520412863
141290941002829
141293203077919
141308935402853
141321840465919
141342535335863
141343064414911
141351243560809
141351243560861
141376093402853
141403193235901
141404144732861
141411619502911
141413229543919
141440155524851
141440155524901
141445320357799
141445320357863
141476733004909
141478046699863
141487602223789
141505504492789
141505633218799
141511232346829
141523412763919
141526611931853
141533332491919
141550536500861
141563204256863
141564232273853
141568531141853
141595016512853
141604009087909
141620210394829
141631980200911
141634460137789
141686303323853
141708305115851
141723217452799
141744125308789
141744125308853
141803722614863
141914020197863
141921163332901
141960384211853
142018410167861
142024556220829
142043510790851
142079039040863
142114216391911
142126180340839
142130536550809
142138013736799
142143841831909
142172804335789
142186181313863
142211515347851
142212293225861
142222262921911
142242021868789
142261306752863
142263476203909
142265661232909
142304438033809
142304438033861
142305013257829
142311844533799
142311844533863
142320332842819
142321703504839
142332146518853
142337504730919
142401409406911
142402731357919
142501165437863
142542621058909
142560140368853
142571440443799
142580825031863
142660331620819
142673150317853
142685202150851
142701273706853
142702528432853
142702528432909
142705750126909
142750033770863
142764512322919
142910372214901
142932412260851
143007007077901
143007324178909
143016263513861
143016263513911
143026327533799
143081732190919
143084074134919
143100407636861
143102071526839
143104040775901
143110663326901
143113363716919
143117613193909
143130590063911
143141462392909
143162528224853
143238130164851
143260118545853
143275420152901
143314346254789
143315670203911
143324168034799
143336735005909
143381073712909
143382603401861
143408047414909
143411368005901
143412681207919
143417310762799
143431004757863
143433433264789
143446115141911
143605600017829
143622490302901
143623603237789
143638020615863
143640151366853
143640151366909
143706302160829
143762103305809
143764236201863
143804642602909
143831031367853
143861310661909
143904207311861
143923523300911
143963430002911
144003680700829
144014398113799
144017125177789
144019862023789
144034605741799
144053400383861
144062593010911
144071118462863
144113662722919
144114357091853
144162443205901
144181031000887
144215425741909
144218033154851
144220722906863
144237474400909
144245060314819
144260120982799
144277610412919
144311640744863
144324052821901
144414046471909
144460761240919
144511721562799
144515172370853
144544005171851
144632206840789
144643110145819
144702345122809
144704723413909
144705910203901
144912339003863
144993203140789
145010412950839
145014527123911
145042147205861
145064055212911
145083072307853
145083840214853
145088101821919
145103371407851
145103371407901
145113129814853
145113129814909
145119038331863
145119038331919
145210124663861
145220816452853
145227013780909
145247718100789
145261901038789
145270654240909
145316019108863
145342441515919
145424069212909
145424920027789
145541005460861
145545118105853
145565031114851
145602107355919
145630558299883
145707104402911
145710316092863
145774131214853
145802082420851
145829014501909
145921013531809
145921231007861
145921231007911
146008108421911
146021116742911
146025441255919
146033754003901
146060055706853
146081841610853
146100963640909
146103557304919
146108434117909
146120864080909
146126710731863
146135811081919
146141401364911
146153413803919
146170621840853
146203808700863
146307312540901
146314013137819
146331304217911
146342620152901
146370198489961
146402812218863
146444905101799
146503511711861
146532003735863
146532003735919
146540732430863
146602630750909
146640085005919
146652036001819
146731320018851
147014557010911
147031106605819
147041137170901
147054900235853
147128034307789
147204338440909
147342303291919
147411039253853
147411039253909
147473440105853
147513160425863
147523110036829
147615016810853
147615016810909
147617002254919
147842000243911
148014282523909
148057230504919
148072461322789
148072461322853
148115730712909
148117623313789
148150190046799
148176022108789
148206601320829
148312135602901
148358101243789
148400536202861
148401143553919
148426204621789
148521431326909
148531442121851
148542006307789
148601022035839
149014810407863
149130011573911
149141090047909
149151290012911
149242003280911
149282112213851
149310030756919
149333490112853
149365140012901
149444504301919
149531144250799
149531144250863
149602209101809
149640024613909
149721681100909
149860000075909
150015657342919
150016817281789
150019619016919
150022438371851
150023423397863
150030227276911
150039301028839
150041933364863
150058421158853
150064391502901
150070850225809
150070850225861
150072226524851
150072226524901
150077118041861
150080245164851
150080245164901
150087021285919
150107161670911
150120558373909
150148033911851
150159007353799
150184262510809
150191685121789
150192153260861
150208132913911
150218095203901
150242247552799
150242247552863
150250480163911
150272333306861
150275335026863
150301083365911
150302580384799
150308049460853
150313114383829
150313921626863
150346524042851
150350657161853
150359402443909
150373127028863
150390115451861
150440863103911
150477253010911
150495136212919
150502299501863
150504841345853
150509026124861
150511200876851
150511684045909
150530276163919
150532076280863
150541533414851
150606115375853
150624005526851
150643621245919
150662402518853
150706136421901
150711514455863
150731766120799
150732031293901
150750562131901
150806006391863
150831481012819
150834034713799
150839500013809
150901226324861
150923607007853
151005056764853
151006037615911
151006615090819
151020802858789
151020802858853
151045294045853
151045294045909
151062548400851
151064250903851
151072027608863
151077038313919
151090650080911
151103255472901
151103855232851
151111519416901
151115680601861
151122732317911
151132734223819
151150805423809
151158219403853
151162731152911
151164434340851
151172521617919
151182804351863
151182804351919
151184001246829
151190234531911
151194153045919
151220449134851
151224050555861
151224050555911
151227139152919
151230575250851
151236152167853
151327109211829
151330319253851
151346864100863
151370764330853
151381803064853
151400711745851
151408311343819
151417051581863
151421512391861
151441062236861
151454150621911
151460110358911
151483329013853
151508603370799
151508603370863
151509600265789
151520640704911
151531148091863
151531148091919
151532663322919
151544208500911
151565333151919
151600415355901
151651962012919
151661375122909
151665215035909
151680090003829
151700491507909
151702295021861
151707400924789
151723012642819
151831000863851
151925810521789
151966250220919
151977220050863
152021459421851
152031488610863
152034322854919
152083063107901
152092442703919
152100935611819
152101094808863
152101094808919
152105287899883
152110330847809
152114012990809
152128744420909
152130730670861
152142225457853
152152632422911
152201556355853
152220810667909
152222592307789
152234294700919
152234352630851
152235042425861
152238619020863
152238619020919
152241731346863
152301785000839
152312138171861
152312138171911
152315103464809
152327828859961
152333042327911
152344154024809
152360750042911
152369084110853
152376220075789
152376220075853
152431401194861
152443235102839
152461019070901
152470216705789
152470216705853
152474125203901
152481102705901
152513514732919
152528115204901
152532552311911
152537123007851
152542313215819
152572441810909
152610021895853
152614550271863
152631245121829
152711027355919
152712313046861
152712313046911
152800068303851
152808400390853
152810803416863
152866314021919
152902354225853
152906010951919
152991203080853
153003251438809
153047870005909
153078501141851
153082030292861
153082715052863
153082715052919
153089520421853
153093001445911
153104482160911
153105481254863
153105615741919
153113125782863
153117214506901
153118534010839
153153304536919
153161507830853
153173002392901
153205190307901
153212713432819
153219252024851
153224064302839
153251544091909
153261540611911
153276629099863
153300660641809
153305290731799
153306141452809
153309784569961
153328094100851
153333577101799
153333577101863
153336456120919
153341333324911
153350172246863
153372105215911
153381604332863
153403864500863
153423571341863
153516244004861
153531950224853
153615113126911
153627501320809
153681344599873
153781140213901
153806714140789
153806714140853
153806714140909
153821712132901
153841802115919
153914440212901
154001570287853
154002839250919
154002912902911
154062491431853
154062491431909
154103448126799
154111636134901
154123733033861
154141376800909
154213074711851
154225104065911
154227141322819
154235090061851
154240393035863
154241300492911
154269400050851
154302338290853
154322387410909
154332997269961
154355000108839
154362026132861
154403530825853
154413201824911
154428012320839
154477934349961
154480914310909
154491305030861
154500722307901
154502125073809
154502571190789
154503090373909
154594002208853
154614334072789
154710013453819
154719070060909
154800331491863
154801045264909
154801242621901
154931412441863
155011403021933
155028174250909
155030328150829
155074141611901
155102292810901
155102432745919
155110714726789
155121065613901
155123300807861
155241106811911
155253009015851
155291525499809
155305249213789
155311253428853
155311700463851
155371091503853
155390611003819
155426311125851
155501471004829
155655027120799
155702404043861
155837198409961
155943312100819
156061042173851
156103141525819
156105742630853
156107410618909
156126817012853
156127402741853
156129412045909
156150181402819
156150815322863
156151416303901
156220333262911
156237343330853
156253402912909
156260041424911
156262070150911
156292005003829
156301497210863
156301497210919
156334117302851
156339115105909
156340244730799
156383120073919
156402159223853
156446271399809
156452702211901
156501205492909
156520111733809
156556090021789
156562012250911
156620151273863
156625120192909
156664102134919
156700261425919
156712127022851
156751111241861
157003075251851
157058205502789
157096019110853
157101420264829
157134123432851
157141453404799
157166316102799
157166316102863
157212222753919
157312816600909
157320010556809
157367004411919
157402074307909
157418503320919
157462125133853
157462125133909
157600511127901
157604955729961
157610408520863
157614072331853
157614121138853
157660994229961
157672015131863
157720340411911
157800540050861
157807470000799
158022416004829
158024702631863
158201482032851
158262230065789
158290041540863
158302836022853
158445118011799
158530130634919
158611331541799
158641043143789
158710282222853
158830313102861
158830313102911
159003054750863
159041135012839
159042504406909
159090621033863
159093520311799
159104601615919
159114735040853
159121347411919
159142027522853
159142027522909
159218310420901
159233530108853
159234442204909
159291444939961
159315012813799
159316106102861
159327401013901
159344027320853
159344027320909
159351110307901
159411931101901
159416051502919
159431363010851
159431363010901
159719462529961
159952010016863
159967046229961
160002549036851
160005067248799
160013931285799
160021102432897
160036834602863
160060404267851
160060404267901
160077161343863
160106611722829
160117099001911
160122320681839
160123108482851
160148461500851
160170583603853
160172444136919
160178101505861
160184772210863
160192350165863
160230105666901
160231616536909
160254331244911
160255087015789
160261174331809
160265502507863
160315720734863
160315860045863
160367033013829
160390240721861
160404639106909
160412250632839
160419562001861
160429111028911
160439225511919
160472131640809
160472131640861
160472725050863
160501160058829
160505209224851
160512102827861
160515411335809
160524750181909
160526435121901
160581700206901
160605310355911
160610135930809
160623062094863
160641107910901
160687257189961
160707240741863
160713403605851
160761311531861
160768150240909
160770126333799
160823022834919
160830237013819
160841400605861
160910143614901
160943115513919
160950521065853
160972107799873
161003280387799
161006851713919
161052606320839
161060029038851
161062606007861
161072057721863
161072518171909
161074306421911
161082310850911
161103980304851
161110402692829
161111813561861
161131708422851
161136851440853
161183000714839
161200154592901
161202427465789
161223514218901
161238732051919
161245103480911
161257417410919
161281004925919
161315316741919
161324012256829
161329138231909
161333720820851
161375134202809
161441111717861
161464101790853
161541205811861
161590749729961
161600116194851
161613457100911
161625208054789
161630453605909
161630923431799
161632319322919
161681230803919
161722246341863
161753023116851
161772610116863
161803336302851
161810522491789
161817202254863
161820460512901
161829459249961
161831200733809
161855620050863
161950240601861
161963312211901
161990258469961
162018228622909
162023633901851
162083189859961
162112039550809
162115034238851
162115034238901
162130616603911
162154192090789
162192619002863
162213090074911
162223200970819
162223380033829
162226109131819
162238110740911
162242970223853
162281058402863
162307013566853
162311028780799
162350024065819
162408501435799
162410597004863
162424026801901
162427732041919
162430370251819
162457001733919
162510620814901
162540070432819
162543560502863
162563075320909
162710625036863
162842042137909
162871137004853
162901428033919
162912105463909
162936100323901
163051490052851
163060704041839
163090131618863
163120074843863
163120150841839
163137373113863
163145056500851
163182676479961
163191711113861
163205227831909
163226070813863
163251155145863
163262540380909
163268320063853
163294136203789
163311103917901
163323755400919
163354231164799
163421213485853
163426303260901
163430480281853
163430480281909
163441402356919
163441511027911
163495012315853
163650134070851
163673310820853
163752624499873
163782064101863
163801013643901
163803005094863
163813202720809
163901210742901
163911501152911
163940426302909
164003378107853
164011414344829
164016420282851
164020720283911
164035654501909
164036345103901
164051636004901
164073253360853
164077770099809
164077770099883
164091270402901
164100526046861
164103808342853
164107238899873
164130108465863
164141393232919
164181410243861
164181410243911
164201691225863
164225004441829
164236921001911
164271203815853
164271203815909
164290323051851
164303211680911
164304174522799
164304174522863
164326007024911
164352453312863
164444604012851
164517014145863
164541934030853
164616336499873
164684180001799
164731709010863
164983201104919
164987104000853
165003707420911
165010120727839
165016339020851
165024394113863
165053332533799
165062153335853
165066090600863
165112129143901
165130356207919
165142250274863
165142532028863
165227141003839
165231340545919
165232131156901
165242200576853
165253530640789
165346135222909
165357011181799
165360343801853
165390209013919
165456012811853
165540383230853
165601401650911
165610260832909
165624074103799
165638013105919
165734401243909
165912110842909
166010130358819
166018040432911
166021960270853
166033601154851
166033601154901
166054001811829
166061035453909
166091330411911
166121602532861
166121602532911
166172150713853
166175202307789
166191202314901
166209232500851
166211195340863
166213202566909
166221385110901
166232715213863
166323208230901
166342104341911
166413820500901
166432373032909
166503550162853
166601142017861
166702560141863
166720640013901
167007134362853
167013118291853
167013118291909
167035218200861
167110715204809
167127021036851
167127106413919
167141701372909
167162404071919
167206000830829
167223928659961
167264305200851
167300142075901
167311329141799
167335300452799
167401692120919
167403219600863
167470800222863
167614233021901
167702140804789
167705126799853
167805005211901
167806206202853
168006530520901
168093212610919
168120116950909
168122814025853
168162463012853
168248180200853
168263283849961
168360559539961
168400801290919
168516007060789
168613020007819
168801201508853
168801201508909
168931410222863
169023006553853
169111122171829
169160115501851
169241020905799
169391013051919
170004187314851
170005304934901
170016806037863
170054190107861
170055420393863
170101960542851
170122765300819
170143118115829
170143346502851
170172107504911
170207491413919
170216430613819
170235268200901
170236114253809
170250195225863
170265121217809
170267006052901
170280153661789
170300640396863
170328485199809
170328485199883
170347410273863
170347410273919
170354143310839
170370832320851
170400640740829
170408705052799
170408705052863
170408705052919
170416021904809
170442388002863
170453511660799
170461470600851
170522260244911
170526318200911
170536630080799
170551009250861
170626327212799
170631341284853
170638118010851
170643214236863
170694010999931
170720055445853
170759023002851
170841272502799
170851180104851
170933140062851
171005650370809
171008200212877
171072623415919
171114011378861
171121289512853
171125082531901
171143062334861
171210637007911
171211359433909
171213867400789
171231465442853
171244017751853
171257540799809
171260008254851
171271018084853
171281610435799
171283276011919
171304020197809
171342425515853
171402230565851
171402963520853
171402963520909
171418032045901
171421555800863
171430550460901
171460444801909
171472400058863
171488141004863
171488141004919
171500156523901
171500922255799
171510210457819
171515541370853
171526244521909
171552142183789
171622806007789
171632006257909
171735607002919
171826103016851
171849102132863
171952103370863
171960107120911
172001611517839
172031521845863
172033737034853
172050629070863
172060352094863
172112320593901
172201850850863
172308841402909
172310504637863
172310504637919
172323361831853
172328346220909
172358851479961
172380015522901
172422191901863
172445834399863
172511525650853
172531304334901
172531636401919
172625203920863
172625203920919
172640061480863
172703037140911
172721113415861
172749105013853
172753002045901
172763442111919
172801717510909
172802616330863
172803061380799
172812070317863
172940800233863
173014574206853
173020871232851
173030403814819
173049021931789
173076328210853
173076328210909
173080100087809
173106590151863
173132149125919
173140740183863
173145147102901
173167201320829
173211108066901
173247233115799
173254115213911
173262501025819
173287210125919
173310354561863
173316163203901
173373102125911
173431353310819
173450208244909
173542216125919
173563005014911
173625995049961
173636400117919
173660340121819
173702265214909
173811510490789
174017524333789
174017524333853
174027056313863
174046763200789
174047108313863
174052511026819
174067065121853
174142194340909
174145103536853
174145103536909
174215604270919
174224062150819
174240903013819
174264014335909
174264324300901
174325460034799
174472102331809
174516171240799
174531615021901
174544350223853
174589055169961
174612702531919
174761225301799
174830612521909
175004375152909
175005902311819
175014705023911
175015110437861
175021034390911
175024198011919
175053013601839
175070283610909
175102224182861
175140222660901
175187332003909
175214105450809
175261134042901
175332210475789
175364012640863
175364012640919
175710311418919
175813730121863
175814512101901
175823333499809
175859001103789
176003051908909
176004307327909
176040141618863
176052749379961
176080315063789
176128533120863
176128533120919
176208228310909
176307105410861
176323224730909
176400536502863
176420001882919
176420257014863
176461112250901
176561072410909
176821038021799
177000721092851
177035400481909
177080019051863
177100915251919
177105105823853
177114636021863
177133146510799
177171040741909
177311108006861
177740200254919
178004171430851
178012810502809
178092128589961
178101824521853
178121143530901
178151400423901
178213521420901
178240940000911
178244515020799
178484210301799
178484210301863
178515201450799
179010305248909
179013160443863
179033436202909
179090860199863
179114023601809
179208110712919
179216929419961
179329502859961
179400012344911
179431223403863
179501407041799
179520030345863
179533120153909
179730107040863
180000158343829
180000377405809
180006121482829
180007983030919
180017322654919
180018690511789
180022137371809
180031911380861
180032436841909
180060210824839
180071101386901
180081983020853
180120548092789
180134425710851
180207660253909
180220157833853
180220572327863
180223108941919
180242372623853
180248063602853
180255800226863
180271712622863
180300165632861
180300165632911
180304710745909
180317155702909
180317517024863
180322045082911
180341321277919
180373161102829
180377128111853
180391424214919
180405255108919
180413353132819
180430143062839
180453110308819
180486630130789
180502543632799
180512632228909
180560432362853
180616064214799
180630608502919
180666000701911
180671152450909
180681411140809
180740860110851
180814151632789
180900341243861
180999001111853
181000272766909
181026324183799
181074514206863
181101019472861
181108332291919
181117435224863
181117600351819
181176010910861
181176010910911
181187204620789
181205059500901
181211421824861
181213018257863
181225403077909
181231934103901
181268140014901
181281064540789
181301490165799
181310822418799
181331325520819
181365022301839
181372006237853
181415218252909
181439002704863
181510137432901
181510280261809
181518784359961
181550080290919
181650001037839
181660428031909
181707224008789
181738104012901
181905004611851
181920422013829
182002566402851
182032210834819
182041285351789
182093613024919
182120830254851
182122394025799
182123420953853
182133644421919
182139201521861
182148324223909
182151401525809
182161501451861
182164044270799
182200620775909
182202283421861
182291812033789
182291812033853
182333503623863
182400411327829
182405440223911
182415813042863
182440161152861
182451104067863
182471571301853
182524210590919
182532075213863
182532075213919
182626220505919
182630600190901
183001323681901
183034400238901
183053313062911
183084004525789
183114420690863
183115780006909
183116140281901
183142077340909
183163125141851
183257520150863
183281013008809
183281145070789
183288463809961
183300406407851
183320861512853
183324503501861
183340413534919
183420565599883
183481333113919
183540008730863
183602404561789
183732051114851
183740703021851
183817611399883
183832250004901
184050003357901
184052133606863
184105210148809
184120742731789
184143212517799
184171405080799
184211554130809
184212651712853
184214014280809
184214014280861
184275302160799
184314026163863
184331321571799
184343007221861
184375114320863
184412007090851
184428313410799
184428313410863
184487350299853
184542217312853
184604026100839
184622412050809
184622412050861
184930622220863
185006328313853
185006328313909
185012052812861
185012052812911
185050013382851
185110525920863
185153561311853
185180300154901
185314284031909
185402220943853
185415140121829
185558711099863
185811035440909
185902036402909
185990640909961
186010037433901
186010387200901
186028657629961
186030433313861
186033038031851
186036146014909
186080602800863
186080602800919
186122100618851
186167130150863
186174217869961
186216107107853
186216107107909
186222442201819
186262103722909
186435319479961
186440714014909
186441112426909
186461113131851
186600621012829
186612029220863
186650106501919
186761022142909
186854422569961
186905376339961
186911440501853
187090313125789
187101702625909
187133008211861
187212997149961
187331454789961
187422143025863
187521132261863
188108032135789
188201200188919
188220192003901
188436000244853
188470111216789
188470111216853
188470111216909
188501025441863
188830004003911
189011473114853
189111661101851
189120173331799
189142114341799
189172458429961
189410716210789
189410716210853
189429903429961
189678214149961
189745562409961
189800013513863
189922512099809
190016411192911
190020515570911
190025615505799
190070271651863
190100351690911
190105913730919
190136361021829
190137401512819
190149022092863
190161107730851
190166049102863
190190144150861
190201246505861
190208140352861
190214105364851
190226156160919
190307545213853
190383027105863
190383027105919
190388310600799
190388310600863
190403605160809
190406820172853
190417278489961
190447230203809
190465204022809
190510400299907
190513911271909
190521600174901
190523509023863
190602906020809
190602906020861
190634209010911
190652312133851
190732641101809
190805006317853
190823351412919
190913506050863
191001325850809
191004517006819
191023226805799
191025238252789
191030224831819
191035533231901
191043062166863
191044222802861
191113235613851
191165421711799
191188227759961
191190027712909
191201029717853
191202931620901
191220532914863
191234242053901
191291120743909
191304207750863
191304207750919
191305184300809
191430360508853
191434080320911
191500332632911
191511151425851
191527032622789
191540823322909
191561051303861
191602123266863
191602431306851
191624017030819
191635791189961
191702233421911
191721210092809
191970110361919
192012742070861
192021928114789
192021928114853
192033701554789
192071062422851
192103512441829
192123712047919
192140333027809
192216521340901
192221126325901
192245511334909
192279681429961
192353221304911
192431712037853
192431712037909
192453230524853
192511406042861
192534082599883
192550013240839
192571500101839
192592611111799
192620514600851
192645524020853
192645524020909
192734021502851
192860031523853
193010464313809
193012192543789
193023212048809
193026473211863
193031054700829
193034028132901
193034411530819
193085105004851
193092019150853
193112920700911
193121682322853
193131407254909
193156042252909
193202830605919
193221001695919
193228350120901
193241380201819
193267161120799
193310104607911
193320923412919
193410272222861
193418111202829
193516112222861
193582100122819
193584101422853
193600162332851
193613062053863
193620155503909
193640401533919
193801430430851
193901041272919
193941031450853
194100180551861
194105572222853
194132060148863
194141406222901
194151245710909
194205311571863
194210401971919
194210970231919
194212615050851
194216006244919
194230754104853
194270413044863
194281000636909
194295020003911
194307033411901
194380070215789
194516045000861
194604107160863
194604607003789
194604607003853
194621511810863
194820301241809
194991200001901
195016212341809
195027703410863
195049150101901
195332700500911
195342211317863
195400701525863
195710305130911
195931218399853
195990220120853
195990220120909
196001219118863
196007178099883
196180312351789
196203313016911
196252421332789
196321203328909
196342018402853
196352041152863
196406131210819
196410344016919
196443744549961
196457608239961
196800902103919
197011136043901
197171526849961
197255717529961
197396940219961
197403556389961
197501515402909
197805050010901
198030090063863
198191006010901
198204204046853
198288023469961
198320000444809
198330120633863
198603230030809
198865247109961
199012014414901
199311240550909
199501212240851
199501212240901
199802582619961
