dspattern: p -> p + digitsum(p), chains of length >= 10
  range     : 2 .. 10,000,000,000,000,000,000,000
  patterns  : 5 (5 of them carry past the low four digits)
  candidates: 100,476,518,473,002 numbers in range fit a pattern (1 in 9.95e+07)
  threads   : GPU (Apple M2 Ultra) plus 22 CPU threads
  mode      : all starts
  checkpoint: len10all.ckpt every 300s

[len 10] 63782998969989799429(+142) -> 63782998969989799571(+140) -> 63782998969989799711(+136) -> 63782998969989799847(+146) -> 63782998969989799993(+148) -> 63782998969989800141(+116) -> 63782998969989800257(+124) -> 63782998969989800381(+122) -> 63782998969989800503(+118) -> 63782998969989800621(+119)
[len 10] 96989986598717899429(+142) -> 96989986598717899571(+140) -> 96989986598717899711(+136) -> 96989986598717899847(+146) -> 96989986598717899993(+148) -> 96989986598717900141(+116) -> 96989986598717900257(+124) -> 96989986598717900381(+122) -> 96989986598717900503(+118) -> 96989986598717900621(+119)
[len 10] 268997958095988899329(+142) -> 268997958095988899471(+140) -> 268997958095988899611(+136) -> 268997958095988899747(+146) -> 268997958095988899893(+148) -> 268997958095988900041(+116) -> 268997958095988900157(+124) -> 268997958095988900281(+122) -> 268997958095988900403(+118) -> 268997958095988900521(+119)
[len 10] 296888698475698799329(+142) -> 296888698475698799471(+140) -> 296888698475698799611(+136) -> 296888698475698799747(+146) -> 296888698475698799893(+148) -> 296888698475698800041(+116) -> 296888698475698800157(+124) -> 296888698475698800281(+122) -> 296888698475698800403(+118) -> 296888698475698800521(+119)
[len 10] 478776289862999899429(+142) -> 478776289862999899571(+140) -> 478776289862999899711(+136) -> 478776289862999899847(+146) -> 478776289862999899993(+148) -> 478776289862999900141(+116) -> 478776289862999900257(+124) -> 478776289862999900381(+122) -> 478776289862999900503(+118) -> 478776289862999900621(+119)
[len 10] 498077995966789799329(+142) -> 498077995966789799471(+140) -> 498077995966789799611(+136) -> 498077995966789799747(+146) -> 498077995966789799893(+148) -> 498077995966789800041(+116) -> 498077995966789800157(+124) -> 498077995966789800281(+122) -> 498077995966789800403(+118) -> 498077995966789800521(+119)
[len 10] 586289088899957899429(+142) -> 586289088899957899571(+140) -> 586289088899957899711(+136) -> 586289088899957899847(+146) -> 586289088899957899993(+148) -> 586289088899957900141(+116) -> 586289088899957900257(+124) -> 586289088899957900381(+122) -> 586289088899957900503(+118) -> 586289088899957900621(+119)
[len 10] 679957758586388899429(+142) -> 679957758586388899571(+140) -> 679957758586388899711(+136) -> 679957758586388899847(+146) -> 679957758586388899993(+148) -> 679957758586388900141(+116) -> 679957758586388900257(+124) -> 679957758586388900381(+122) -> 679957758586388900503(+118) -> 679957758586388900621(+119)
[len 10] 688177977888837899329(+142) -> 688177977888837899471(+140) -> 688177977888837899611(+136) -> 688177977888837899747(+146) -> 688177977888837899893(+148) -> 688177977888837900041(+116) -> 688177977888837900157(+124) -> 688177977888837900281(+122) -> 688177977888837900403(+118) -> 688177977888837900521(+119)
[len 10] 736794879935979899329(+142) -> 736794879935979899471(+140) -> 736794879935979899611(+136) -> 736794879935979899747(+146) -> 736794879935979899893(+148) -> 736794879935979900041(+116) -> 736794879935979900157(+124) -> 736794879935979900281(+122) -> 736794879935979900403(+118) -> 736794879935979900521(+119)
[len 10] 789867584696559799429(+142) -> 789867584696559799571(+140) -> 789867584696559799711(+136) -> 789867584696559799847(+146) -> 789867584696559799993(+148) -> 789867584696559800141(+116) -> 789867584696559800257(+124) -> 789867584696559800381(+122) -> 789867584696559800503(+118) -> 789867584696559800621(+119)
[len 10] 825989999644977499429(+142) -> 825989999644977499571(+140) -> 825989999644977499711(+136) -> 825989999644977499847(+146) -> 825989999644977499993(+148) -> 825989999644977500141(+116) -> 825989999644977500257(+124) -> 825989999644977500381(+122) -> 825989999644977500503(+118) -> 825989999644977500621(+119)
[len 10] 889792908728969899429(+142) -> 889792908728969899571(+140) -> 889792908728969899711(+136) -> 889792908728969899847(+146) -> 889792908728969899993(+148) -> 889792908728969900141(+116) -> 889792908728969900257(+124) -> 889792908728969900381(+122) -> 889792908728969900503(+118) -> 889792908728969900621(+119)
[len 10] 974869994878475599429(+142) -> 974869994878475599571(+140) -> 974869994878475599711(+136) -> 974869994878475599847(+146) -> 974869994878475599993(+148) -> 974869994878475600141(+116) -> 974869994878475600257(+124) -> 974869994878475600381(+122) -> 974869994878475600503(+118) -> 974869994878475600621(+119)
[len 10] 977939989018797799429(+142) -> 977939989018797799571(+140) -> 977939989018797799711(+136) -> 977939989018797799847(+146) -> 977939989018797799993(+148) -> 977939989018797800141(+116) -> 977939989018797800257(+124) -> 977939989018797800381(+122) -> 977939989018797800503(+118) -> 977939989018797800621(+119)
  1.77%  2.96e+04M cand/s  complete below 9.8670e+20  elapsed 00:01:00  eta 00:55:37  hits=15
[len 10] 996994343977899499429(+142) -> 996994343977899499571(+140) -> 996994343977899499711(+136) -> 996994343977899499847(+146) -> 996994343977899499993(+148) -> 996994343977899500141(+116) -> 996994343977899500257(+124) -> 996994343977899500381(+122) -> 996994343977899500503(+118) -> 996994343977899500621(+119)
[len 10] 998279746799469499429(+142) -> 998279746799469499571(+140) -> 998279746799469499711(+136) -> 998279746799469499847(+146) -> 998279746799469499993(+148) -> 998279746799469500141(+116) -> 998279746799469500257(+124) -> 998279746799469500381(+122) -> 998279746799469500503(+118) -> 998279746799469500621(+119)
[len 10] 999756696917878399429(+142) -> 999756696917878399571(+140) -> 999756696917878399711(+136) -> 999756696917878399847(+146) -> 999756696917878399993(+148) -> 999756696917878400141(+116) -> 999756696917878400257(+124) -> 999756696917878400381(+122) -> 999756696917878400503(+118) -> 999756696917878400621(+119)
[len 10] 1387855867949887799329(+142) -> 1387855867949887799471(+140) -> 1387855867949887799611(+136) -> 1387855867949887799747(+146) -> 1387855867949887799893(+148) -> 1387855867949887800041(+116) -> 1387855867949887800157(+124) -> 1387855867949887800281(+122) -> 1387855867949887800403(+118) -> 1387855867949887800521(+119)
[len 10] 1586683765789896899329(+142) -> 1586683765789896899471(+140) -> 1586683765789896899611(+136) -> 1586683765789896899747(+146) -> 1586683765789896899893(+148) -> 1586683765789896900041(+116) -> 1586683765789896900157(+124) -> 1586683765789896900281(+122) -> 1586683765789896900403(+118) -> 1586683765789896900521(+119)
[len 10] 1779188858549977799329(+142) -> 1779188858549977799471(+140) -> 1779188858549977799611(+136) -> 1779188858549977799747(+146) -> 1779188858549977799893(+148) -> 1779188858549977800041(+116) -> 1779188858549977800157(+124) -> 1779188858549977800281(+122) -> 1779188858549977800403(+118) -> 1779188858549977800521(+119)
[len 10] 1798961977888357799329(+142) -> 1798961977888357799471(+140) -> 1798961977888357799611(+136) -> 1798961977888357799747(+146) -> 1798961977888357799893(+148) -> 1798961977888357800041(+116) -> 1798961977888357800157(+124) -> 1798961977888357800281(+122) -> 1798961977888357800403(+118) -> 1798961977888357800521(+119)
[len 10] 1827739882998899299429(+142) -> 1827739882998899299571(+140) -> 1827739882998899299711(+136) -> 1827739882998899299847(+146) -> 1827739882998899299993(+148) -> 1827739882998899300141(+116) -> 1827739882998899300257(+124) -> 1827739882998899300381(+122) -> 1827739882998899300503(+118) -> 1827739882998899300621(+119)
  3.56%  2.97e+04M cand/s  complete below 1.8600e+21  elapsed 00:02:00  eta 00:54:20  hits=23
[len 10] 1877979887497097399329(+142) -> 1877979887497097399471(+140) -> 1877979887497097399611(+136) -> 1877979887497097399747(+146) -> 1877979887497097399893(+148) -> 1877979887497097400041(+116) -> 1877979887497097400157(+124) -> 1877979887497097400281(+122) -> 1877979887497097400403(+118) -> 1877979887497097400521(+119)
[len 10] 1887796943664999599329(+142) -> 1887796943664999599471(+140) -> 1887796943664999599611(+136) -> 1887796943664999599747(+146) -> 1887796943664999599893(+148) -> 1887796943664999600041(+116) -> 1887796943664999600157(+124) -> 1887796943664999600281(+122) -> 1887796943664999600403(+118) -> 1887796943664999600521(+119)
[len 10] 1894998769956056899429(+142) -> 1894998769956056899571(+140) -> 1894998769956056899711(+136) -> 1894998769956056899847(+146) -> 1894998769956056899993(+148) -> 1894998769956056900141(+116) -> 1894998769956056900257(+124) -> 1894998769956056900381(+122) -> 1894998769956056900503(+118) -> 1894998769956056900621(+119)
[len 10] 1896949889546709899329(+142) -> 1896949889546709899471(+140) -> 1896949889546709899611(+136) -> 1896949889546709899747(+146) -> 1896949889546709899893(+148) -> 1896949889546709900041(+116) -> 1896949889546709900157(+124) -> 1896949889546709900281(+122) -> 1896949889546709900403(+118) -> 1896949889546709900521(+119)
[len 10] 1928858709999866599429(+142) -> 1928858709999866599571(+140) -> 1928858709999866599711(+136) -> 1928858709999866599847(+146) -> 1928858709999866599993(+148) -> 1928858709999866600141(+116) -> 1928858709999866600257(+124) -> 1928858709999866600381(+122) -> 1928858709999866600503(+118) -> 1928858709999866600621(+119)
[len 10] 1957489896790757899429(+142) -> 1957489896790757899571(+140) -> 1957489896790757899711(+136) -> 1957489896790757899847(+146) -> 1957489896790757899993(+148) -> 1957489896790757900141(+116) -> 1957489896790757900257(+124) -> 1957489896790757900381(+122) -> 1957489896790757900503(+118) -> 1957489896790757900621(+119)
[len 10] 1959907396789578799429(+142) -> 1959907396789578799571(+140) -> 1959907396789578799711(+136) -> 1959907396789578799847(+146) -> 1959907396789578799993(+148) -> 1959907396789578800141(+116) -> 1959907396789578800257(+124) -> 1959907396789578800381(+122) -> 1959907396789578800503(+118) -> 1959907396789578800621(+119)
[len 10] 1969977809858286899329(+142) -> 1969977809858286899471(+140) -> 1969977809858286899611(+136) -> 1969977809858286899747(+146) -> 1969977809858286899893(+148) -> 1969977809858286900041(+116) -> 1969977809858286900157(+124) -> 1969977809858286900281(+122) -> 1969977809858286900403(+118) -> 1969977809858286900521(+119)
[len 10] 1996999908234889699429(+142) -> 1996999908234889699571(+140) -> 1996999908234889699711(+136) -> 1996999908234889699847(+146) -> 1996999908234889699993(+148) -> 1996999908234889700141(+116) -> 1996999908234889700257(+124) -> 1996999908234889700381(+122) -> 1996999908234889700503(+118) -> 1996999908234889700621(+119)
[len 10] 2079895858959485899429(+142) -> 2079895858959485899571(+140) -> 2079895858959485899711(+136) -> 2079895858959485899847(+146) -> 2079895858959485899993(+148) -> 2079895858959485900141(+116) -> 2079895858959485900257(+124) -> 2079895858959485900381(+122) -> 2079895858959485900503(+118) -> 2079895858959485900621(+119)
[len 10] 2266968625999899599329(+142) -> 2266968625999899599471(+140) -> 2266968625999899599611(+136) -> 2266968625999899599747(+146) -> 2266968625999899599893(+148) -> 2266968625999899600041(+116) -> 2266968625999899600157(+124) -> 2266968625999899600281(+122) -> 2266968625999899600403(+118) -> 2266968625999899600521(+119)
[len 10] 2389997836689367799329(+142) -> 2389997836689367799471(+140) -> 2389997836689367799611(+136) -> 2389997836689367799747(+146) -> 2389997836689367799893(+148) -> 2389997836689367800041(+116) -> 2389997836689367800157(+124) -> 2389997836689367800281(+122) -> 2389997836689367800403(+118) -> 2389997836689367800521(+119)
[len 10] 2477957878976970799429(+142) -> 2477957878976970799571(+140) -> 2477957878976970799711(+136) -> 2477957878976970799847(+146) -> 2477957878976970799993(+148) -> 2477957878976970800141(+116) -> 2477957878976970800257(+124) -> 2477957878976970800381(+122) -> 2477957878976970800503(+118) -> 2477957878976970800621(+119)
[len 10] 2487828289891989899329(+142) -> 2487828289891989899471(+140) -> 2487828289891989899611(+136) -> 2487828289891989899747(+146) -> 2487828289891989899893(+148) -> 2487828289891989900041(+116) -> 2487828289891989900157(+124) -> 2487828289891989900281(+122) -> 2487828289891989900403(+118) -> 2487828289891989900521(+119)
[len 10] 2492698857889769299429(+142) -> 2492698857889769299571(+140) -> 2492698857889769299711(+136) -> 2492698857889769299847(+146) -> 2492698857889769299993(+148) -> 2492698857889769300141(+116) -> 2492698857889769300257(+124) -> 2492698857889769300381(+122) -> 2492698857889769300503(+118) -> 2492698857889769300621(+119)
  5.39%  3e+04M cand/s  complete below 2.4989e+21  elapsed 00:03:00  eta 00:52:49  hits=38
[len 10] 2518959659538989899429(+142) -> 2518959659538989899571(+140) -> 2518959659538989899711(+136) -> 2518959659538989899847(+146) -> 2518959659538989899993(+148) -> 2518959659538989900141(+116) -> 2518959659538989900257(+124) -> 2518959659538989900381(+122) -> 2518959659538989900503(+118) -> 2518959659538989900621(+119)
[len 10] 2549898575956489799329(+142) -> 2549898575956489799471(+140) -> 2549898575956489799611(+136) -> 2549898575956489799747(+146) -> 2549898575956489799893(+148) -> 2549898575956489800041(+116) -> 2549898575956489800157(+124) -> 2549898575956489800281(+122) -> 2549898575956489800403(+118) -> 2549898575956489800521(+119)
[len 10] 2599688678936847499429(+142) -> 2599688678936847499571(+140) -> 2599688678936847499711(+136) -> 2599688678936847499847(+146) -> 2599688678936847499993(+148) -> 2599688678936847500141(+116) -> 2599688678936847500257(+124) -> 2599688678936847500381(+122) -> 2599688678936847500503(+118) -> 2599688678936847500621(+119)
[len 10] 2699891549595569899429(+142) -> 2699891549595569899571(+140) -> 2699891549595569899711(+136) -> 2699891549595569899847(+146) -> 2699891549595569899993(+148) -> 2699891549595569900141(+116) -> 2699891549595569900257(+124) -> 2699891549595569900381(+122) -> 2699891549595569900503(+118) -> 2699891549595569900621(+119)
[len 10] 2745685969899870899329(+142) -> 2745685969899870899471(+140) -> 2745685969899870899611(+136) -> 2745685969899870899747(+146) -> 2745685969899870899893(+148) -> 2745685969899870900041(+116) -> 2745685969899870900157(+124) -> 2745685969899870900281(+122) -> 2745685969899870900403(+118) -> 2745685969899870900521(+119)
[len 10] 2757739847598895699429(+142) -> 2757739847598895699571(+140) -> 2757739847598895699711(+136) -> 2757739847598895699847(+146) -> 2757739847598895699993(+148) -> 2757739847598895700141(+116) -> 2757739847598895700257(+124) -> 2757739847598895700381(+122) -> 2757739847598895700503(+118) -> 2757739847598895700621(+119)
[len 10] 2766473779798889399329(+142) -> 2766473779798889399471(+140) -> 2766473779798889399611(+136) -> 2766473779798889399747(+146) -> 2766473779798889399893(+148) -> 2766473779798889400041(+116) -> 2766473779798889400157(+124) -> 2766473779798889400281(+122) -> 2766473779798889400403(+118) -> 2766473779798889400521(+119)
[len 10] 2771999899864379299429(+142) -> 2771999899864379299571(+140) -> 2771999899864379299711(+136) -> 2771999899864379299847(+146) -> 2771999899864379299993(+148) -> 2771999899864379300141(+116) -> 2771999899864379300257(+124) -> 2771999899864379300381(+122) -> 2771999899864379300503(+118) -> 2771999899864379300621(+119)
[len 10] 2778598746776987399329(+142) -> 2778598746776987399471(+140) -> 2778598746776987399611(+136) -> 2778598746776987399747(+146) -> 2778598746776987399893(+148) -> 2778598746776987400041(+116) -> 2778598746776987400157(+124) -> 2778598746776987400281(+122) -> 2778598746776987400403(+118) -> 2778598746776987400521(+119)
[len 10] 2784595756799199799429(+142) -> 2784595756799199799571(+140) -> 2784595756799199799711(+136) -> 2784595756799199799847(+146) -> 2784595756799199799993(+148) -> 2784595756799199800141(+116) -> 2784595756799199800257(+124) -> 2784595756799199800381(+122) -> 2784595756799199800503(+118) -> 2784595756799199800621(+119)
[len 10] 2848999936847792699329(+142) -> 2848999936847792699471(+140) -> 2848999936847792699611(+136) -> 2848999936847792699747(+146) -> 2848999936847792699893(+148) -> 2848999936847792700041(+116) -> 2848999936847792700157(+124) -> 2848999936847792700281(+122) -> 2848999936847792700403(+118) -> 2848999936847792700521(+119)
[len 10] 2848799889156686599429(+142) -> 2848799889156686599571(+140) -> 2848799889156686599711(+136) -> 2848799889156686599847(+146) -> 2848799889156686599993(+148) -> 2848799889156686600141(+116) -> 2848799889156686600257(+124) -> 2848799889156686600381(+122) -> 2848799889156686600503(+118) -> 2848799889156686600621(+119)
[len 10] 2875968699765395599429(+142) -> 2875968699765395599571(+140) -> 2875968699765395599711(+136) -> 2875968699765395599847(+146) -> 2875968699765395599993(+148) -> 2875968699765395600141(+116) -> 2875968699765395600257(+124) -> 2875968699765395600381(+122) -> 2875968699765395600503(+118) -> 2875968699765395600621(+119)
[len 10] 2885959079898394699429(+142) -> 2885959079898394699571(+140) -> 2885959079898394699711(+136) -> 2885959079898394699847(+146) -> 2885959079898394699993(+148) -> 2885959079898394700141(+116) -> 2885959079898394700257(+124) -> 2885959079898394700381(+122) -> 2885959079898394700503(+118) -> 2885959079898394700621(+119)
[len 10] 2888728477956886699429(+142) -> 2888728477956886699571(+140) -> 2888728477956886699711(+136) -> 2888728477956886699847(+146) -> 2888728477956886699993(+148) -> 2888728477956886700141(+116) -> 2888728477956886700257(+124) -> 2888728477956886700381(+122) -> 2888728477956886700503(+118) -> 2888728477956886700621(+119)
  7.22%  3.02e+04M cand/s  complete below 2.8878e+21  elapsed 00:04:00  eta 00:51:29  hits=53
[len 10] 2897798648891929399429(+142) -> 2897798648891929399571(+140) -> 2897798648891929399711(+136) -> 2897798648891929399847(+146) -> 2897798648891929399993(+148) -> 2897798648891929400141(+116) -> 2897798648891929400257(+124) -> 2897798648891929400381(+122) -> 2897798648891929400503(+118) -> 2897798648891929400621(+119)
[len 10] 2946885789747666899329(+142) -> 2946885789747666899471(+140) -> 2946885789747666899611(+136) -> 2946885789747666899747(+146) -> 2946885789747666899893(+148) -> 2946885789747666900041(+116) -> 2946885789747666900157(+124) -> 2946885789747666900281(+122) -> 2946885789747666900403(+118) -> 2946885789747666900521(+119)
[len 10] 2968906934997794899429(+142) -> 2968906934997794899571(+140) -> 2968906934997794899711(+136) -> 2968906934997794899847(+146) -> 2968906934997794899993(+148) -> 2968906934997794900141(+116) -> 2968906934997794900257(+124) -> 2968906934997794900381(+122) -> 2968906934997794900503(+118) -> 2968906934997794900621(+119)
[len 10] 2983937669877855799429(+142) -> 2983937669877855799571(+140) -> 2983937669877855799711(+136) -> 2983937669877855799847(+146) -> 2983937669877855799993(+148) -> 2983937669877855800141(+116) -> 2983937669877855800257(+124) -> 2983937669877855800381(+122) -> 2983937669877855800503(+118) -> 2983937669877855800621(+119)
[len 10] 2989386185877875899429(+142) -> 2989386185877875899571(+140) -> 2989386185877875899711(+136) -> 2989386185877875899847(+146) -> 2989386185877875899993(+148) -> 2989386185877875900141(+116) -> 2989386185877875900257(+124) -> 2989386185877875900381(+122) -> 2989386185877875900503(+118) -> 2989386185877875900621(+119)
[len 10] 2989849867676355799429(+142) -> 2989849867676355799571(+140) -> 2989849867676355799711(+136) -> 2989849867676355799847(+146) -> 2989849867676355799993(+148) -> 2989849867676355800141(+116) -> 2989849867676355800257(+124) -> 2989849867676355800381(+122) -> 2989849867676355800503(+118) -> 2989849867676355800621(+119)
[len 10] 3099949779285993899329(+142) -> 3099949779285993899471(+140) -> 3099949779285993899611(+136) -> 3099949779285993899747(+146) -> 3099949779285993899893(+148) -> 3099949779285993900041(+116) -> 3099949779285993900157(+124) -> 3099949779285993900281(+122) -> 3099949779285993900403(+118) -> 3099949779285993900521(+119)
[len 10] 3229788676899984599329(+142) -> 3229788676899984599471(+140) -> 3229788676899984599611(+136) -> 3229788676899984599747(+146) -> 3229788676899984599893(+148) -> 3229788676899984600041(+116) -> 3229788676899984600157(+124) -> 3229788676899984600281(+122) -> 3229788676899984600403(+118) -> 3229788676899984600521(+119)
[len 10] 3247778669676879899329(+142) -> 3247778669676879899471(+140) -> 3247778669676879899611(+136) -> 3247778669676879899747(+146) -> 3247778669676879899893(+148) -> 3247778669676879900041(+116) -> 3247778669676879900157(+124) -> 3247778669676879900281(+122) -> 3247778669676879900403(+118) -> 3247778669676879900521(+119)
[len 10] 3286929939893859799429(+142) -> 3286929939893859799571(+140) -> 3286929939893859799711(+136) -> 3286929939893859799847(+146) -> 3286929939893859799993(+148) -> 3286929939893859800141(+116) -> 3286929939893859800257(+124) -> 3286929939893859800381(+122) -> 3286929939893859800503(+118) -> 3286929939893859800621(+119)
[len 10] 3328798798959863699329(+142) -> 3328798798959863699471(+140) -> 3328798798959863699611(+136) -> 3328798798959863699747(+146) -> 3328798798959863699893(+148) -> 3328798798959863700041(+116) -> 3328798798959863700157(+124) -> 3328798798959863700281(+122) -> 3328798798959863700403(+118) -> 3328798798959863700521(+119)
[len 10] 3329787697879557799429(+142) -> 3329787697879557799571(+140) -> 3329787697879557799711(+136) -> 3329787697879557799847(+146) -> 3329787697879557799993(+148) -> 3329787697879557800141(+116) -> 3329787697879557800257(+124) -> 3329787697879557800381(+122) -> 3329787697879557800503(+118) -> 3329787697879557800621(+119)
[len 10] 3383999898782963699329(+142) -> 3383999898782963699471(+140) -> 3383999898782963699611(+136) -> 3383999898782963699747(+146) -> 3383999898782963699893(+148) -> 3383999898782963700041(+116) -> 3383999898782963700157(+124) -> 3383999898782963700281(+122) -> 3383999898782963700403(+118) -> 3383999898782963700521(+119)
[len 10] 3396927978397966699429(+142) -> 3396927978397966699571(+140) -> 3396927978397966699711(+136) -> 3396927978397966699847(+146) -> 3396927978397966699993(+148) -> 3396927978397966700141(+116) -> 3396927978397966700257(+124) -> 3396927978397966700381(+122) -> 3396927978397966700503(+118) -> 3396927978397966700621(+119)
  9.06%  3.03e+04M cand/s  complete below 3.3949e+21  elapsed 00:05:01  eta 00:50:16  hits=67
[len 10] 3417499939983887899429(+142) -> 3417499939983887899571(+140) -> 3417499939983887899711(+136) -> 3417499939983887899847(+146) -> 3417499939983887899993(+148) -> 3417499939983887900141(+116) -> 3417499939983887900257(+124) -> 3417499939983887900381(+122) -> 3417499939983887900503(+118) -> 3417499939983887900621(+119)
[len 10] 3459969263989497799429(+142) -> 3459969263989497799571(+140) -> 3459969263989497799711(+136) -> 3459969263989497799847(+146) -> 3459969263989497799993(+148) -> 3459969263989497800141(+116) -> 3459969263989497800257(+124) -> 3459969263989497800381(+122) -> 3459969263989497800503(+118) -> 3459969263989497800621(+119)
[len 10] 3497999385475569899329(+142) -> 3497999385475569899471(+140) -> 3497999385475569899611(+136) -> 3497999385475569899747(+146) -> 3497999385475569899893(+148) -> 3497999385475569900041(+116) -> 3497999385475569900157(+124) -> 3497999385475569900281(+122) -> 3497999385475569900403(+118) -> 3497999385475569900521(+119)
[len 10] 3526699999849994099329(+142) -> 3526699999849994099471(+140) -> 3526699999849994099611(+136) -> 3526699999849994099747(+146) -> 3526699999849994099893(+148) -> 3526699999849994100041(+116) -> 3526699999849994100157(+124) -> 3526699999849994100281(+122) -> 3526699999849994100403(+118) -> 3526699999849994100521(+119)
[len 10] 3588371996969698499329(+142) -> 3588371996969698499471(+140) -> 3588371996969698499611(+136) -> 3588371996969698499747(+146) -> 3588371996969698499893(+148) -> 3588371996969698500041(+116) -> 3588371996969698500157(+124) -> 3588371996969698500281(+122) -> 3588371996969698500403(+118) -> 3588371996969698500521(+119)
[len 10] 3599919687187797499429(+142) -> 3599919687187797499571(+140) -> 3599919687187797499711(+136) -> 3599919687187797499847(+146) -> 3599919687187797499993(+148) -> 3599919687187797500141(+116) -> 3599919687187797500257(+124) -> 3599919687187797500381(+122) -> 3599919687187797500503(+118) -> 3599919687187797500621(+119)
[len 10] 3637628995685799899329(+142) -> 3637628995685799899471(+140) -> 3637628995685799899611(+136) -> 3637628995685799899747(+146) -> 3637628995685799899893(+148) -> 3637628995685799900041(+116) -> 3637628995685799900157(+124) -> 3637628995685799900281(+122) -> 3637628995685799900403(+118) -> 3637628995685799900521(+119)
[len 10] 3669477789805997599429(+142) -> 3669477789805997599571(+140) -> 3669477789805997599711(+136) -> 3669477789805997599847(+146) -> 3669477789805997599993(+148) -> 3669477789805997600141(+116) -> 3669477789805997600257(+124) -> 3669477789805997600381(+122) -> 3669477789805997600503(+118) -> 3669477789805997600621(+119)
[len 10] 3668578598888657399329(+142) -> 3668578598888657399471(+140) -> 3668578598888657399611(+136) -> 3668578598888657399747(+146) -> 3668578598888657399893(+148) -> 3668578598888657400041(+116) -> 3668578598888657400157(+124) -> 3668578598888657400281(+122) -> 3668578598888657400403(+118) -> 3668578598888657400521(+119)
[len 10] 3693779998899841199329(+142) -> 3693779998899841199471(+140) -> 3693779998899841199611(+136) -> 3693779998899841199747(+146) -> 3693779998899841199893(+148) -> 3693779998899841200041(+116) -> 3693779998899841200157(+124) -> 3693779998899841200281(+122) -> 3693779998899841200403(+118) -> 3693779998899841200521(+119)
[len 10] 3697949591898937399429(+142) -> 3697949591898937399571(+140) -> 3697949591898937399711(+136) -> 3697949591898937399847(+146) -> 3697949591898937399993(+148) -> 3697949591898937400141(+116) -> 3697949591898937400257(+124) -> 3697949591898937400381(+122) -> 3697949591898937400503(+118) -> 3697949591898937400621(+119)
[len 10] 3728578855959886699429(+142) -> 3728578855959886699571(+140) -> 3728578855959886699711(+136) -> 3728578855959886699847(+146) -> 3728578855959886699993(+148) -> 3728578855959886700141(+116) -> 3728578855959886700257(+124) -> 3728578855959886700381(+122) -> 3728578855959886700503(+118) -> 3728578855959886700621(+119)
[len 10] 3749833849998858499429(+142) -> 3749833849998858499571(+140) -> 3749833849998858499711(+136) -> 3749833849998858499847(+146) -> 3749833849998858499993(+148) -> 3749833849998858500141(+116) -> 3749833849998858500257(+124) -> 3749833849998858500381(+122) -> 3749833849998858500503(+118) -> 3749833849998858500621(+119)
[len 10] 3761777999989374499429(+142) -> 3761777999989374499571(+140) -> 3761777999989374499711(+136) -> 3761777999989374499847(+146) -> 3761777999989374499993(+148) -> 3761777999989374500141(+116) -> 3761777999989374500257(+124) -> 3761777999989374500381(+122) -> 3761777999989374500503(+118) -> 3761777999989374500621(+119)
[len 10] 3777950383999897799329(+142) -> 3777950383999897799471(+140) -> 3777950383999897799611(+136) -> 3777950383999897799747(+146) -> 3777950383999897799893(+148) -> 3777950383999897800041(+116) -> 3777950383999897800157(+124) -> 3777950383999897800281(+122) -> 3777950383999897800403(+118) -> 3777950383999897800521(+119)
[len 10] 3779953973788395899329(+142) -> 3779953973788395899471(+140) -> 3779953973788395899611(+136) -> 3779953973788395899747(+146) -> 3779953973788395899893(+148) -> 3779953973788395900041(+116) -> 3779953973788395900157(+124) -> 3779953973788395900281(+122) -> 3779953973788395900403(+118) -> 3779953973788395900521(+119)
[len 10] 3786999817991786299429(+142) -> 3786999817991786299571(+140) -> 3786999817991786299711(+136) -> 3786999817991786299847(+146) -> 3786999817991786299993(+148) -> 3786999817991786300141(+116) -> 3786999817991786300257(+124) -> 3786999817991786300381(+122) -> 3786999817991786300503(+118) -> 3786999817991786300621(+119)
 10.90%  3.03e+04M cand/s  complete below 3.7850e+21  elapsed 00:06:01  eta 00:49:11  hits=84
[len 10] 3798877488676844699329(+142) -> 3798877488676844699471(+140) -> 3798877488676844699611(+136) -> 3798877488676844699747(+146) -> 3798877488676844699893(+148) -> 3798877488676844700041(+116) -> 3798877488676844700157(+124) -> 3798877488676844700281(+122) -> 3798877488676844700403(+118) -> 3798877488676844700521(+119)
[len 10] 3799928149668569899429(+142) -> 3799928149668569899571(+140) -> 3799928149668569899711(+136) -> 3799928149668569899847(+146) -> 3799928149668569899993(+148) -> 3799928149668569900141(+116) -> 3799928149668569900257(+124) -> 3799928149668569900381(+122) -> 3799928149668569900503(+118) -> 3799928149668569900621(+119)
[len 10] 3869791799296783699429(+142) -> 3869791799296783699571(+140) -> 3869791799296783699711(+136) -> 3869791799296783699847(+146) -> 3869791799296783699993(+148) -> 3869791799296783700141(+116) -> 3869791799296783700257(+124) -> 3869791799296783700381(+122) -> 3869791799296783700503(+118) -> 3869791799296783700621(+119)
[len 10] 3868988953686285899329(+142) -> 3868988953686285899471(+140) -> 3868988953686285899611(+136) -> 3868988953686285899747(+146) -> 3868988953686285899893(+148) -> 3868988953686285900041(+116) -> 3868988953686285900157(+124) -> 3868988953686285900281(+122) -> 3868988953686285900403(+118) -> 3868988953686285900521(+119)
[len 10] 3876919279994866799329(+142) -> 3876919279994866799471(+140) -> 3876919279994866799611(+136) -> 3876919279994866799747(+146) -> 3876919279994866799893(+148) -> 3876919279994866800041(+116) -> 3876919279994866800157(+124) -> 3876919279994866800281(+122) -> 3876919279994866800403(+118) -> 3876919279994866800521(+119)
[len 10] 3887893695568773899329(+142) -> 3887893695568773899471(+140) -> 3887893695568773899611(+136) -> 3887893695568773899747(+146) -> 3887893695568773899893(+148) -> 3887893695568773900041(+116) -> 3887893695568773900157(+124) -> 3887893695568773900281(+122) -> 3887893695568773900403(+118) -> 3887893695568773900521(+119)
[len 10] 3899675088979475599429(+142) -> 3899675088979475599571(+140) -> 3899675088979475599711(+136) -> 3899675088979475599847(+146) -> 3899675088979475599993(+148) -> 3899675088979475600141(+116) -> 3899675088979475600257(+124) -> 3899675088979475600381(+122) -> 3899675088979475600503(+118) -> 3899675088979475600621(+119)
[len 10] 3936971869459996699429(+142) -> 3936971869459996699571(+140) -> 3936971869459996699711(+136) -> 3936971869459996699847(+146) -> 3936971869459996699993(+148) -> 3936971869459996700141(+116) -> 3936971869459996700257(+124) -> 3936971869459996700381(+122) -> 3936971869459996700503(+118) -> 3936971869459996700621(+119)
[len 10] 3949973866788755599429(+142) -> 3949973866788755599571(+140) -> 3949973866788755599711(+136) -> 3949973866788755599847(+146) -> 3949973866788755599993(+148) -> 3949973866788755600141(+116) -> 3949973866788755600257(+124) -> 3949973866788755600381(+122) -> 3949973866788755600503(+118) -> 3949973866788755600621(+119)
[len 10] 3957879749197789199329(+142) -> 3957879749197789199471(+140) -> 3957879749197789199611(+136) -> 3957879749197789199747(+146) -> 3957879749197789199893(+148) -> 3957879749197789200041(+116) -> 3957879749197789200157(+124) -> 3957879749197789200281(+122) -> 3957879749197789200403(+118) -> 3957879749197789200521(+119)
 12.77%  3.05e+04M cand/s  complete below 3.9689e+21  elapsed 00:07:01  eta 00:47:57  hits=94
[len 10] 3977765399658779399329(+142) -> 3977765399658779399471(+140) -> 3977765399658779399611(+136) -> 3977765399658779399747(+146) -> 3977765399658779399893(+148) -> 3977765399658779400041(+116) -> 3977765399658779400157(+124) -> 3977765399658779400281(+122) -> 3977765399658779400403(+118) -> 3977765399658779400521(+119)
[len 10] 3987488863987359599329(+142) -> 3987488863987359599471(+140) -> 3987488863987359599611(+136) -> 3987488863987359599747(+146) -> 3987488863987359599893(+148) -> 3987488863987359600041(+116) -> 3987488863987359600157(+124) -> 3987488863987359600281(+122) -> 3987488863987359600403(+118) -> 3987488863987359600521(+119)
[len 10] 3999897990138855799429(+142) -> 3999897990138855799571(+140) -> 3999897990138855799711(+136) -> 3999897990138855799847(+146) -> 3999897990138855799993(+148) -> 3999897990138855800141(+116) -> 3999897990138855800257(+124) -> 3999897990138855800381(+122) -> 3999897990138855800503(+118) -> 3999897990138855800621(+119)
[len 10] 4077686962986997699429(+142) -> 4077686962986997699571(+140) -> 4077686962986997699711(+136) -> 4077686962986997699847(+146) -> 4077686962986997699993(+148) -> 4077686962986997700141(+116) -> 4077686962986997700257(+124) -> 4077686962986997700381(+122) -> 4077686962986997700503(+118) -> 4077686962986997700621(+119)
[len 10] 4087995389977818899329(+142) -> 4087995389977818899471(+140) -> 4087995389977818899611(+136) -> 4087995389977818899747(+146) -> 4087995389977818899893(+148) -> 4087995389977818900041(+116) -> 4087995389977818900157(+124) -> 4087995389977818900281(+122) -> 4087995389977818900403(+118) -> 4087995389977818900521(+119)
[len 10] 4190879899766588699329(+142) -> 4190879899766588699471(+140) -> 4190879899766588699611(+136) -> 4190879899766588699747(+146) -> 4190879899766588699893(+148) -> 4190879899766588700041(+116) -> 4190879899766588700157(+124) -> 4190879899766588700281(+122) -> 4190879899766588700403(+118) -> 4190879899766588700521(+119)
[len 10] 4268089469898697799329(+142) -> 4268089469898697799471(+140) -> 4268089469898697799611(+136) -> 4268089469898697799747(+146) -> 4268089469898697799893(+148) -> 4268089469898697800041(+116) -> 4268089469898697800157(+124) -> 4268089469898697800281(+122) -> 4268089469898697800403(+118) -> 4268089469898697800521(+119)
[len 10] 4381994886477799699429(+142) -> 4381994886477799699571(+140) -> 4381994886477799699711(+136) -> 4381994886477799699847(+146) -> 4381994886477799699993(+148) -> 4381994886477799700141(+116) -> 4381994886477799700257(+124) -> 4381994886477799700381(+122) -> 4381994886477799700503(+118) -> 4381994886477799700621(+119)
[len 10] 4387699973888777099329(+142) -> 4387699973888777099471(+140) -> 4387699973888777099611(+136) -> 4387699973888777099747(+146) -> 4387699973888777099893(+148) -> 4387699973888777100041(+116) -> 4387699973888777100157(+124) -> 4387699973888777100281(+122) -> 4387699973888777100403(+118) -> 4387699973888777100521(+119)
[len 10] 4387868153898798899329(+142) -> 4387868153898798899471(+140) -> 4387868153898798899611(+136) -> 4387868153898798899747(+146) -> 4387868153898798899893(+148) -> 4387868153898798900041(+116) -> 4387868153898798900157(+124) -> 4387868153898798900281(+122) -> 4387868153898798900403(+118) -> 4387868153898798900521(+119)
[len 10] 4389949568397666799429(+142) -> 4389949568397666799571(+140) -> 4389949568397666799711(+136) -> 4389949568397666799847(+146) -> 4389949568397666799993(+148) -> 4389949568397666800141(+116) -> 4389949568397666800257(+124) -> 4389949568397666800381(+122) -> 4389949568397666800503(+118) -> 4389949568397666800621(+119)
[len 10] 4398911968899567799429(+142) -> 4398911968899567799571(+140) -> 4398911968899567799711(+136) -> 4398911968899567799847(+146) -> 4398911968899567799993(+148) -> 4398911968899567800141(+116) -> 4398911968899567800257(+124) -> 4398911968899567800381(+122) -> 4398911968899567800503(+118) -> 4398911968899567800621(+119)
[len 10] 4469767229989397899429(+142) -> 4469767229989397899571(+140) -> 4469767229989397899711(+136) -> 4469767229989397899847(+146) -> 4469767229989397899993(+148) -> 4469767229989397900141(+116) -> 4469767229989397900257(+124) -> 4469767229989397900381(+122) -> 4469767229989397900503(+118) -> 4469767229989397900621(+119)
 14.60%  3.05e+04M cand/s  complete below 4.4752e+21  elapsed 00:08:01  eta 00:46:54  hits=107
[len 10] 4548494889693898499329(+142) -> 4548494889693898499471(+140) -> 4548494889693898499611(+136) -> 4548494889693898499747(+146) -> 4548494889693898499893(+148) -> 4548494889693898500041(+116) -> 4548494889693898500157(+124) -> 4548494889693898500281(+122) -> 4548494889693898500403(+118) -> 4548494889693898500521(+119)
[len 10] 4587796966699058699329(+142) -> 4587796966699058699471(+140) -> 4587796966699058699611(+136) -> 4587796966699058699747(+146) -> 4587796966699058699893(+148) -> 4587796966699058700041(+116) -> 4587796966699058700157(+124) -> 4587796966699058700281(+122) -> 4587796966699058700403(+118) -> 4587796966699058700521(+119)
[len 10] 4597978529846576899429(+142) -> 4597978529846576899571(+140) -> 4597978529846576899711(+136) -> 4597978529846576899847(+146) -> 4597978529846576899993(+148) -> 4597978529846576900141(+116) -> 4597978529846576900257(+124) -> 4597978529846576900381(+122) -> 4597978529846576900503(+118) -> 4597978529846576900621(+119)
[len 10] 4624899872099889899329(+142) -> 4624899872099889899471(+140) -> 4624899872099889899611(+136) -> 4624899872099889899747(+146) -> 4624899872099889899893(+148) -> 4624899872099889900041(+116) -> 4624899872099889900157(+124) -> 4624899872099889900281(+122) -> 4624899872099889900403(+118) -> 4624899872099889900521(+119)
[len 10] 4658899579756149799429(+142) -> 4658899579756149799571(+140) -> 4658899579756149799711(+136) -> 4658899579756149799847(+146) -> 4658899579756149799993(+148) -> 4658899579756149800141(+116) -> 4658899579756149800257(+124) -> 4658899579756149800381(+122) -> 4658899579756149800503(+118) -> 4658899579756149800621(+119)
[len 10] 4669682969759276899429(+142) -> 4669682969759276899571(+140) -> 4669682969759276899711(+136) -> 4669682969759276899847(+146) -> 4669682969759276899993(+148) -> 4669682969759276900141(+116) -> 4669682969759276900257(+124) -> 4669682969759276900381(+122) -> 4669682969759276900503(+118) -> 4669682969759276900621(+119)
[len 10] 4677476326979899799329(+142) -> 4677476326979899799471(+140) -> 4677476326979899799611(+136) -> 4677476326979899799747(+146) -> 4677476326979899799893(+148) -> 4677476326979899800041(+116) -> 4677476326979899800157(+124) -> 4677476326979899800281(+122) -> 4677476326979899800403(+118) -> 4677476326979899800521(+119)
[len 10] 4678646795872988599429(+142) -> 4678646795872988599571(+140) -> 4678646795872988599711(+136) -> 4678646795872988599847(+146) -> 4678646795872988599993(+148) -> 4678646795872988600141(+116) -> 4678646795872988600257(+124) -> 4678646795872988600381(+122) -> 4678646795872988600503(+118) -> 4678646795872988600621(+119)
[len 10] 4685999066789971799329(+142) -> 4685999066789971799471(+140) -> 4685999066789971799611(+136) -> 4685999066789971799747(+146) -> 4685999066789971799893(+148) -> 4685999066789971800041(+116) -> 4685999066789971800157(+124) -> 4685999066789971800281(+122) -> 4685999066789971800403(+118) -> 4685999066789971800521(+119)
[len 10] 4698118889548889699329(+142) -> 4698118889548889699471(+140) -> 4698118889548889699611(+136) -> 4698118889548889699747(+146) -> 4698118889548889699893(+148) -> 4698118889548889700041(+116) -> 4698118889548889700157(+124) -> 4698118889548889700281(+122) -> 4698118889548889700403(+118) -> 4698118889548889700521(+119)
 16.44%  3.05e+04M cand/s  complete below 4.7565e+21  elapsed 00:09:01  eta 00:45:51  hits=117
[len 10] 4768471898699745799429(+142) -> 4768471898699745799571(+140) -> 4768471898699745799711(+136) -> 4768471898699745799847(+146) -> 4768471898699745799993(+148) -> 4768471898699745800141(+116) -> 4768471898699745800257(+124) -> 4768471898699745800381(+122) -> 4768471898699745800503(+118) -> 4768471898699745800621(+119)
[len 10] 4779989738835185899429(+142) -> 4779989738835185899571(+140) -> 4779989738835185899711(+136) -> 4779989738835185899847(+146) -> 4779989738835185899993(+148) -> 4779989738835185900141(+116) -> 4779989738835185900257(+124) -> 4779989738835185900381(+122) -> 4779989738835185900503(+118) -> 4779989738835185900621(+119)
[len 10] 4782399598465788799429(+142) -> 4782399598465788799571(+140) -> 4782399598465788799711(+136) -> 4782399598465788799847(+146) -> 4782399598465788799993(+148) -> 4782399598465788800141(+116) -> 4782399598465788800257(+124) -> 4782399598465788800381(+122) -> 4782399598465788800503(+118) -> 4782399598465788800621(+119)
[len 10] 4787765663999749399429(+142) -> 4787765663999749399571(+140) -> 4787765663999749399711(+136) -> 4787765663999749399847(+146) -> 4787765663999749399993(+148) -> 4787765663999749400141(+116) -> 4787765663999749400257(+124) -> 4787765663999749400381(+122) -> 4787765663999749400503(+118) -> 4787765663999749400621(+119)
[len 10] 4793455996596895699429(+142) -> 4793455996596895699571(+140) -> 4793455996596895699711(+136) -> 4793455996596895699847(+146) -> 4793455996596895699993(+148) -> 4793455996596895700141(+116) -> 4793455996596895700257(+124) -> 4793455996596895700381(+122) -> 4793455996596895700503(+118) -> 4793455996596895700621(+119)
[len 10] 4796899889868115499329(+142) -> 4796899889868115499471(+140) -> 4796899889868115499611(+136) -> 4796899889868115499747(+146) -> 4796899889868115499893(+148) -> 4796899889868115500041(+116) -> 4796899889868115500157(+124) -> 4796899889868115500281(+122) -> 4796899889868115500403(+118) -> 4796899889868115500521(+119)
[len 10] 4798147898865795599329(+142) -> 4798147898865795599471(+140) -> 4798147898865795599611(+136) -> 4798147898865795599747(+146) -> 4798147898865795599893(+148) -> 4798147898865795600041(+116) -> 4798147898865795600157(+124) -> 4798147898865795600281(+122) -> 4798147898865795600403(+118) -> 4798147898865795600521(+119)
[len 10] 4815963994658999699329(+142) -> 4815963994658999699471(+140) -> 4815963994658999699611(+136) -> 4815963994658999699747(+146) -> 4815963994658999699893(+148) -> 4815963994658999700041(+116) -> 4815963994658999700157(+124) -> 4815963994658999700281(+122) -> 4815963994658999700403(+118) -> 4815963994658999700521(+119)
[len 10] 4836488192999797699429(+142) -> 4836488192999797699571(+140) -> 4836488192999797699711(+136) -> 4836488192999797699847(+146) -> 4836488192999797699993(+148) -> 4836488192999797700141(+116) -> 4836488192999797700257(+124) -> 4836488192999797700381(+122) -> 4836488192999797700503(+118) -> 4836488192999797700621(+119)
[len 10] 4836977658959985199429(+142) -> 4836977658959985199571(+140) -> 4836977658959985199711(+136) -> 4836977658959985199847(+146) -> 4836977658959985199993(+148) -> 4836977658959985200141(+116) -> 4836977658959985200257(+124) -> 4836977658959985200381(+122) -> 4836977658959985200503(+118) -> 4836977658959985200621(+119)
[len 10] 4848468839983974899329(+142) -> 4848468839983974899471(+140) -> 4848468839983974899611(+136) -> 4848468839983974899747(+146) -> 4848468839983974899893(+148) -> 4848468839983974900041(+116) -> 4848468839983974900157(+124) -> 4848468839983974900281(+122) -> 4848468839983974900403(+118) -> 4848468839983974900521(+119)
[len 10] 4866965178998497499329(+142) -> 4866965178998497499471(+140) -> 4866965178998497499611(+136) -> 4866965178998497499747(+146) -> 4866965178998497499893(+148) -> 4866965178998497500041(+116) -> 4866965178998497500157(+124) -> 4866965178998497500281(+122) -> 4866965178998497500403(+118) -> 4866965178998497500521(+119)
[len 10] 4868068695969848699329(+142) -> 4868068695969848699471(+140) -> 4868068695969848699611(+136) -> 4868068695969848699747(+146) -> 4868068695969848699893(+148) -> 4868068695969848700041(+116) -> 4868068695969848700157(+124) -> 4868068695969848700281(+122) -> 4868068695969848700403(+118) -> 4868068695969848700521(+119)
[len 10] 4868689891984268699329(+142) -> 4868689891984268699471(+140) -> 4868689891984268699611(+136) -> 4868689891984268699747(+146) -> 4868689891984268699893(+148) -> 4868689891984268700041(+116) -> 4868689891984268700157(+124) -> 4868689891984268700281(+122) -> 4868689891984268700403(+118) -> 4868689891984268700521(+119)
[len 10] 4869478898616792799429(+142) -> 4869478898616792799571(+140) -> 4869478898616792799711(+136) -> 4869478898616792799847(+146) -> 4869478898616792799993(+148) -> 4869478898616792800141(+116) -> 4869478898616792800257(+124) -> 4869478898616792800381(+122) -> 4869478898616792800503(+118) -> 4869478898616792800621(+119)
[len 10] 4869493788199855699429(+142) -> 4869493788199855699571(+140) -> 4869493788199855699711(+136) -> 4869493788199855699847(+146) -> 4869493788199855699993(+148) -> 4869493788199855700141(+116) -> 4869493788199855700257(+124) -> 4869493788199855700381(+122) -> 4869493788199855700503(+118) -> 4869493788199855700621(+119)
[len 10] 4873487895639978499429(+142) -> 4873487895639978499571(+140) -> 4873487895639978499711(+136) -> 4873487895639978499847(+146) -> 4873487895639978499993(+148) -> 4873487895639978500141(+116) -> 4873487895639978500257(+124) -> 4873487895639978500381(+122) -> 4873487895639978500503(+118) -> 4873487895639978500621(+119)
[len 10] 4876897489789490299429(+142) -> 4876897489789490299571(+140) -> 4876897489789490299711(+136) -> 4876897489789490299847(+146) -> 4876897489789490299993(+148) -> 4876897489789490300141(+116) -> 4876897489789490300257(+124) -> 4876897489789490300381(+122) -> 4876897489789490300503(+118) -> 4876897489789490300621(+119)
[len 10] 4888989673234788899329(+142) -> 4888989673234788899471(+140) -> 4888989673234788899611(+136) -> 4888989673234788899747(+146) -> 4888989673234788899893(+148) -> 4888989673234788900041(+116) -> 4888989673234788900157(+124) -> 4888989673234788900281(+122) -> 4888989673234788900403(+118) -> 4888989673234788900521(+119)
 18.32%  3.06e+04M cand/s  complete below 4.8927e+21  elapsed 00:10:01  eta 00:44:42  hits=136
[len 10] 4894687725769956899329(+142) -> 4894687725769956899471(+140) -> 4894687725769956899611(+136) -> 4894687725769956899747(+146) -> 4894687725769956899893(+148) -> 4894687725769956900041(+116) -> 4894687725769956900157(+124) -> 4894687725769956900281(+122) -> 4894687725769956900403(+118) -> 4894687725769956900521(+119)
[len 10] 4894989456785962799329(+142) -> 4894989456785962799471(+140) -> 4894989456785962799611(+136) -> 4894989456785962799747(+146) -> 4894989456785962799893(+148) -> 4894989456785962800041(+116) -> 4894989456785962800157(+124) -> 4894989456785962800281(+122) -> 4894989456785962800403(+118) -> 4894989456785962800521(+119)
[len 10] 4896878375498848399429(+142) -> 4896878375498848399571(+140) -> 4896878375498848399711(+136) -> 4896878375498848399847(+146) -> 4896878375498848399993(+148) -> 4896878375498848400141(+116) -> 4896878375498848400257(+124) -> 4896878375498848400381(+122) -> 4896878375498848400503(+118) -> 4896878375498848400621(+119)
[len 10] 4896897699318892499329(+142) -> 4896897699318892499471(+140) -> 4896897699318892499611(+136) -> 4896897699318892499747(+146) -> 4896897699318892499893(+148) -> 4896897699318892500041(+116) -> 4896897699318892500157(+124) -> 4896897699318892500281(+122) -> 4896897699318892500403(+118) -> 4896897699318892500521(+119)
[len 10] 4896977639658862799329(+142) -> 4896977639658862799471(+140) -> 4896977639658862799611(+136) -> 4896977639658862799747(+146) -> 4896977639658862799893(+148) -> 4896977639658862800041(+116) -> 4896977639658862800157(+124) -> 4896977639658862800281(+122) -> 4896977639658862800403(+118) -> 4896977639658862800521(+119)
[len 10] 4897898937974917099429(+142) -> 4897898937974917099571(+140) -> 4897898937974917099711(+136) -> 4897898937974917099847(+146) -> 4897898937974917099993(+148) -> 4897898937974917100141(+116) -> 4897898937974917100257(+124) -> 4897898937974917100381(+122) -> 4897898937974917100503(+118) -> 4897898937974917100621(+119)
[len 10] 4898960599759593599329(+142) -> 4898960599759593599471(+140) -> 4898960599759593599611(+136) -> 4898960599759593599747(+146) -> 4898960599759593599893(+148) -> 4898960599759593600041(+116) -> 4898960599759593600157(+124) -> 4898960599759593600281(+122) -> 4898960599759593600403(+118) -> 4898960599759593600521(+119)
[len 10] 4949928982529798599429(+142) -> 4949928982529798599571(+140) -> 4949928982529798599711(+136) -> 4949928982529798599847(+146) -> 4949928982529798599993(+148) -> 4949928982529798600141(+116) -> 4949928982529798600257(+124) -> 4949928982529798600381(+122) -> 4949928982529798600503(+118) -> 4949928982529798600621(+119)
[len 10] 4958428865998097899429(+142) -> 4958428865998097899571(+140) -> 4958428865998097899711(+136) -> 4958428865998097899847(+146) -> 4958428865998097899993(+148) -> 4958428865998097900141(+116) -> 4958428865998097900257(+124) -> 4958428865998097900381(+122) -> 4958428865998097900503(+118) -> 4958428865998097900621(+119)
[len 10] 4975917895875887299429(+142) -> 4975917895875887299571(+140) -> 4975917895875887299711(+136) -> 4975917895875887299847(+146) -> 4975917895875887299993(+148) -> 4975917895875887300141(+116) -> 4975917895875887300257(+124) -> 4975917895875887300381(+122) -> 4975917895875887300503(+118) -> 4975917895875887300621(+119)
[len 10] 4975978518783978499429(+142) -> 4975978518783978499571(+140) -> 4975978518783978499711(+136) -> 4975978518783978499847(+146) -> 4975978518783978499993(+148) -> 4975978518783978500141(+116) -> 4975978518783978500257(+124) -> 4975978518783978500381(+122) -> 4975978518783978500503(+118) -> 4975978518783978500621(+119)
[len 10] 4979099858287088899429(+142) -> 4979099858287088899571(+140) -> 4979099858287088899711(+136) -> 4979099858287088899847(+146) -> 4979099858287088899993(+148) -> 4979099858287088900141(+116) -> 4979099858287088900257(+124) -> 4979099858287088900381(+122) -> 4979099858287088900503(+118) -> 4979099858287088900621(+119)
[len 10] 4980695675499588899329(+142) -> 4980695675499588899471(+140) -> 4980695675499588899611(+136) -> 4980695675499588899747(+146) -> 4980695675499588899893(+148) -> 4980695675499588900041(+116) -> 4980695675499588900157(+124) -> 4980695675499588900281(+122) -> 4980695675499588900403(+118) -> 4980695675499588900521(+119)
[len 10] 4984889865596268599329(+142) -> 4984889865596268599471(+140) -> 4984889865596268599611(+136) -> 4984889865596268599747(+146) -> 4984889865596268599893(+148) -> 4984889865596268600041(+116) -> 4984889865596268600157(+124) -> 4984889865596268600281(+122) -> 4984889865596268600403(+118) -> 4984889865596268600521(+119)
[len 10] 4987379446977792899329(+142) -> 4987379446977792899471(+140) -> 4987379446977792899611(+136) -> 4987379446977792899747(+146) -> 4987379446977792899893(+148) -> 4987379446977792900041(+116) -> 4987379446977792900157(+124) -> 4987379446977792900281(+122) -> 4987379446977792900403(+118) -> 4987379446977792900521(+119)
[len 10] 4987489799471737699429(+142) -> 4987489799471737699571(+140) -> 4987489799471737699711(+136) -> 4987489799471737699847(+146) -> 4987489799471737699993(+148) -> 4987489799471737700141(+116) -> 4987489799471737700257(+124) -> 4987489799471737700381(+122) -> 4987489799471737700503(+118) -> 4987489799471737700621(+119)
[len 10] 4989818398865629799329(+142) -> 4989818398865629799471(+140) -> 4989818398865629799611(+136) -> 4989818398865629799747(+146) -> 4989818398865629799893(+148) -> 4989818398865629800041(+116) -> 4989818398865629800157(+124) -> 4989818398865629800281(+122) -> 4989818398865629800403(+118) -> 4989818398865629800521(+119)
[len 10] 4991768297966893799329(+142) -> 4991768297966893799471(+140) -> 4991768297966893799611(+136) -> 4991768297966893799747(+146) -> 4991768297966893799893(+148) -> 4991768297966893800041(+116) -> 4991768297966893800157(+124) -> 4991768297966893800281(+122) -> 4991768297966893800403(+118) -> 4991768297966893800521(+119)
[len 10] 4995677929734959699329(+142) -> 4995677929734959699471(+140) -> 4995677929734959699611(+136) -> 4995677929734959699747(+146) -> 4995677929734959699893(+148) -> 4995677929734959700041(+116) -> 4995677929734959700157(+124) -> 4995677929734959700281(+122) -> 4995677929734959700403(+118) -> 4995677929734959700521(+119)
[len 10] 4996447576289769799429(+142) -> 4996447576289769799571(+140) -> 4996447576289769799711(+136) -> 4996447576289769799847(+146) -> 4996447576289769799993(+148) -> 4996447576289769800141(+116) -> 4996447576289769800257(+124) -> 4996447576289769800381(+122) -> 4996447576289769800503(+118) -> 4996447576289769800621(+119)
[len 10] 4997689598186654699329(+142) -> 4997689598186654699471(+140) -> 4997689598186654699611(+136) -> 4997689598186654699747(+146) -> 4997689598186654699893(+148) -> 4997689598186654700041(+116) -> 4997689598186654700157(+124) -> 4997689598186654700281(+122) -> 4997689598186654700403(+118) -> 4997689598186654700521(+119)
 20.21%  3.07e+04M cand/s  complete below 4.9979e+21  elapsed 00:11:01  eta 00:43:31  hits=157
[len 10] 4998833772986897299429(+142) -> 4998833772986897299571(+140) -> 4998833772986897299711(+136) -> 4998833772986897299847(+146) -> 4998833772986897299993(+148) -> 4998833772986897300141(+116) -> 4998833772986897300257(+124) -> 4998833772986897300381(+122) -> 4998833772986897300503(+118) -> 4998833772986897300621(+119)
[len 10] 4998887691981737599429(+142) -> 4998887691981737599571(+140) -> 4998887691981737599711(+136) -> 4998887691981737599847(+146) -> 4998887691981737599993(+148) -> 4998887691981737600141(+116) -> 4998887691981737600257(+124) -> 4998887691981737600381(+122) -> 4998887691981737600503(+118) -> 4998887691981737600621(+119)
[len 10] 4999282858499797099429(+142) -> 4999282858499797099571(+140) -> 4999282858499797099711(+136) -> 4999282858499797099847(+146) -> 4999282858499797099993(+148) -> 4999282858499797100141(+116) -> 4999282858499797100257(+124) -> 4999282858499797100381(+122) -> 4999282858499797100503(+118) -> 4999282858499797100621(+119)
[len 10] 5058892775988796699429(+142) -> 5058892775988796699571(+140) -> 5058892775988796699711(+136) -> 5058892775988796699847(+146) -> 5058892775988796699993(+148) -> 5058892775988796700141(+116) -> 5058892775988796700257(+124) -> 5058892775988796700381(+122) -> 5058892775988796700503(+118) -> 5058892775988796700621(+119)
[len 10] 5099672968875884899429(+142) -> 5099672968875884899571(+140) -> 5099672968875884899711(+136) -> 5099672968875884899847(+146) -> 5099672968875884899993(+148) -> 5099672968875884900141(+116) -> 5099672968875884900257(+124) -> 5099672968875884900381(+122) -> 5099672968875884900503(+118) -> 5099672968875884900621(+119)
[len 10] 5119690789979994899329(+142) -> 5119690789979994899471(+140) -> 5119690789979994899611(+136) -> 5119690789979994899747(+146) -> 5119690789979994899893(+148) -> 5119690789979994900041(+116) -> 5119690789979994900157(+124) -> 5119690789979994900281(+122) -> 5119690789979994900403(+118) -> 5119690789979994900521(+119)
[len 10] 5171889959397695899429(+142) -> 5171889959397695899571(+140) -> 5171889959397695899711(+136) -> 5171889959397695899847(+146) -> 5171889959397695899993(+148) -> 5171889959397695900141(+116) -> 5171889959397695900257(+124) -> 5171889959397695900381(+122) -> 5171889959397695900503(+118) -> 5171889959397695900621(+119)
[len 10] 5178686999967941699329(+142) -> 5178686999967941699471(+140) -> 5178686999967941699611(+136) -> 5178686999967941699747(+146) -> 5178686999967941699893(+148) -> 5178686999967941700041(+116) -> 5178686999967941700157(+124) -> 5178686999967941700281(+122) -> 5178686999967941700403(+118) -> 5178686999967941700521(+119)
[len 10] 5289848999653478599429(+142) -> 5289848999653478599571(+140) -> 5289848999653478599711(+136) -> 5289848999653478599847(+146) -> 5289848999653478599993(+148) -> 5289848999653478600141(+116) -> 5289848999653478600257(+124) -> 5289848999653478600381(+122) -> 5289848999653478600503(+118) -> 5289848999653478600621(+119)
[len 10] 5355597788495989399429(+142) -> 5355597788495989399571(+140) -> 5355597788495989399711(+136) -> 5355597788495989399847(+146) -> 5355597788495989399993(+148) -> 5355597788495989400141(+116) -> 5355597788495989400257(+124) -> 5355597788495989400381(+122) -> 5355597788495989400503(+118) -> 5355597788495989400621(+119)
[len 10] 5386968897739288399429(+142) -> 5386968897739288399571(+140) -> 5386968897739288399711(+136) -> 5386968897739288399847(+146) -> 5386968897739288399993(+148) -> 5386968897739288400141(+116) -> 5386968897739288400257(+124) -> 5386968897739288400381(+122) -> 5386968897739288400503(+118) -> 5386968897739288400621(+119)
[len 10] 5397745488769799299429(+142) -> 5397745488769799299571(+140) -> 5397745488769799299711(+136) -> 5397745488769799299847(+146) -> 5397745488769799299993(+148) -> 5397745488769799300141(+116) -> 5397745488769799300257(+124) -> 5397745488769799300381(+122) -> 5397745488769799300503(+118) -> 5397745488769799300621(+119)
[len 10] 5418949966898796299329(+142) -> 5418949966898796299471(+140) -> 5418949966898796299611(+136) -> 5418949966898796299747(+146) -> 5418949966898796299893(+148) -> 5418949966898796300041(+116) -> 5418949966898796300157(+124) -> 5418949966898796300281(+122) -> 5418949966898796300403(+118) -> 5418949966898796300521(+119)
[len 10] 5470888798896790699429(+142) -> 5470888798896790699571(+140) -> 5470888798896790699711(+136) -> 5470888798896790699847(+146) -> 5470888798896790699993(+148) -> 5470888798896790700141(+116) -> 5470888798896790700257(+124) -> 5470888798896790700381(+122) -> 5470888798896790700503(+118) -> 5470888798896790700621(+119)
[len 10] 5485396989678834899329(+142) -> 5485396989678834899471(+140) -> 5485396989678834899611(+136) -> 5485396989678834899747(+146) -> 5485396989678834899893(+148) -> 5485396989678834900041(+116) -> 5485396989678834900157(+124) -> 5485396989678834900281(+122) -> 5485396989678834900403(+118) -> 5485396989678834900521(+119)
[len 10] 5496998389374797299429(+142) -> 5496998389374797299571(+140) -> 5496998389374797299711(+136) -> 5496998389374797299847(+146) -> 5496998389374797299993(+148) -> 5496998389374797300141(+116) -> 5496998389374797300257(+124) -> 5496998389374797300381(+122) -> 5496998389374797300503(+118) -> 5496998389374797300621(+119)
 22.04%  3.07e+04M cand/s  complete below 5.4980e+21  elapsed 00:12:02  eta 00:42:32  hits=173
[len 10] 5528849982947958899329(+142) -> 5528849982947958899471(+140) -> 5528849982947958899611(+136) -> 5528849982947958899747(+146) -> 5528849982947958899893(+148) -> 5528849982947958900041(+116) -> 5528849982947958900157(+124) -> 5528849982947958900281(+122) -> 5528849982947958900403(+118) -> 5528849982947958900521(+119)
[len 10] 5536396997689496599429(+142) -> 5536396997689496599571(+140) -> 5536396997689496599711(+136) -> 5536396997689496599847(+146) -> 5536396997689496599993(+148) -> 5536396997689496600141(+116) -> 5536396997689496600257(+124) -> 5536396997689496600381(+122) -> 5536396997689496600503(+118) -> 5536396997689496600621(+119)
[len 10] 5588948864068789799329(+142) -> 5588948864068789799471(+140) -> 5588948864068789799611(+136) -> 5588948864068789799747(+146) -> 5588948864068789799893(+148) -> 5588948864068789800041(+116) -> 5588948864068789800157(+124) -> 5588948864068789800281(+122) -> 5588948864068789800403(+118) -> 5588948864068789800521(+119)
[len 10] 5604989883798988199329(+142) -> 5604989883798988199471(+140) -> 5604989883798988199611(+136) -> 5604989883798988199747(+146) -> 5604989883798988199893(+148) -> 5604989883798988200041(+116) -> 5604989883798988200157(+124) -> 5604989883798988200281(+122) -> 5604989883798988200403(+118) -> 5604989883798988200521(+119)
[len 10] 5626597576699766899429(+142) -> 5626597576699766899571(+140) -> 5626597576699766899711(+136) -> 5626597576699766899847(+146) -> 5626597576699766899993(+148) -> 5626597576699766900141(+116) -> 5626597576699766900257(+124) -> 5626597576699766900381(+122) -> 5626597576699766900503(+118) -> 5626597576699766900621(+119)
[len 10] 5657687989984075699429(+142) -> 5657687989984075699571(+140) -> 5657687989984075699711(+136) -> 5657687989984075699847(+146) -> 5657687989984075699993(+148) -> 5657687989984075700141(+116) -> 5657687989984075700257(+124) -> 5657687989984075700381(+122) -> 5657687989984075700503(+118) -> 5657687989984075700621(+119)
[len 10] 5678752878878763799429(+142) -> 5678752878878763799571(+140) -> 5678752878878763799711(+136) -> 5678752878878763799847(+146) -> 5678752878878763799993(+148) -> 5678752878878763800141(+116) -> 5678752878878763800257(+124) -> 5678752878878763800381(+122) -> 5678752878878763800503(+118) -> 5678752878878763800621(+119)
[len 10] 5679299888075787499429(+142) -> 5679299888075787499571(+140) -> 5679299888075787499711(+136) -> 5679299888075787499847(+146) -> 5679299888075787499993(+148) -> 5679299888075787500141(+116) -> 5679299888075787500257(+124) -> 5679299888075787500381(+122) -> 5679299888075787500503(+118) -> 5679299888075787500621(+119)
[len 10] 5679835379874777899329(+142) -> 5679835379874777899471(+140) -> 5679835379874777899611(+136) -> 5679835379874777899747(+146) -> 5679835379874777899893(+148) -> 5679835379874777900041(+116) -> 5679835379874777900157(+124) -> 5679835379874777900281(+122) -> 5679835379874777900403(+118) -> 5679835379874777900521(+119)
[len 10] 5687778985949279099329(+142) -> 5687778985949279099471(+140) -> 5687778985949279099611(+136) -> 5687778985949279099747(+146) -> 5687778985949279099893(+148) -> 5687778985949279100041(+116) -> 5687778985949279100157(+124) -> 5687778985949279100281(+122) -> 5687778985949279100403(+118) -> 5687778985949279100521(+119)
[len 10] 5695725781968789799429(+142) -> 5695725781968789799571(+140) -> 5695725781968789799711(+136) -> 5695725781968789799847(+146) -> 5695725781968789799993(+148) -> 5695725781968789800141(+116) -> 5695725781968789800257(+124) -> 5695725781968789800381(+122) -> 5695725781968789800503(+118) -> 5695725781968789800621(+119)
 23.90%  3.07e+04M cand/s  complete below 5.6997e+21  elapsed 00:13:02  eta 00:41:29  hits=184
[len 10] 5734379564897988899329(+142) -> 5734379564897988899471(+140) -> 5734379564897988899611(+136) -> 5734379564897988899747(+146) -> 5734379564897988899893(+148) -> 5734379564897988900041(+116) -> 5734379564897988900157(+124) -> 5734379564897988900281(+122) -> 5734379564897988900403(+118) -> 5734379564897988900521(+119)
[len 10] 5734784969977908799429(+142) -> 5734784969977908799571(+140) -> 5734784969977908799711(+136) -> 5734784969977908799847(+146) -> 5734784969977908799993(+148) -> 5734784969977908800141(+116) -> 5734784969977908800257(+124) -> 5734784969977908800381(+122) -> 5734784969977908800503(+118) -> 5734784969977908800621(+119)
[len 10] 5769158842678998899329(+142) -> 5769158842678998899471(+140) -> 5769158842678998899611(+136) -> 5769158842678998899747(+146) -> 5769158842678998899893(+148) -> 5769158842678998900041(+116) -> 5769158842678998900157(+124) -> 5769158842678998900281(+122) -> 5769158842678998900403(+118) -> 5769158842678998900521(+119)
[len 10] 5774888892882938599429(+142) -> 5774888892882938599571(+140) -> 5774888892882938599711(+136) -> 5774888892882938599847(+146) -> 5774888892882938599993(+148) -> 5774888892882938600141(+116) -> 5774888892882938600257(+124) -> 5774888892882938600381(+122) -> 5774888892882938600503(+118) -> 5774888892882938600621(+119)
[len 10] 5794497247939989499429(+142) -> 5794497247939989499571(+140) -> 5794497247939989499711(+136) -> 5794497247939989499847(+146) -> 5794497247939989499993(+148) -> 5794497247939989500141(+116) -> 5794497247939989500257(+124) -> 5794497247939989500381(+122) -> 5794497247939989500503(+118) -> 5794497247939989500621(+119)
[len 10] 5796869743895629799329(+142) -> 5796869743895629799471(+140) -> 5796869743895629799611(+136) -> 5796869743895629799747(+146) -> 5796869743895629799893(+148) -> 5796869743895629800041(+116) -> 5796869743895629800157(+124) -> 5796869743895629800281(+122) -> 5796869743895629800403(+118) -> 5796869743895629800521(+119)
[len 10] 5797695298259947699429(+142) -> 5797695298259947699571(+140) -> 5797695298259947699711(+136) -> 5797695298259947699847(+146) -> 5797695298259947699993(+148) -> 5797695298259947700141(+116) -> 5797695298259947700257(+124) -> 5797695298259947700381(+122) -> 5797695298259947700503(+118) -> 5797695298259947700621(+119)
[len 10] 5799852697396848499429(+142) -> 5799852697396848499571(+140) -> 5799852697396848499711(+136) -> 5799852697396848499847(+146) -> 5799852697396848499993(+148) -> 5799852697396848500141(+116) -> 5799852697396848500257(+124) -> 5799852697396848500381(+122) -> 5799852697396848500503(+118) -> 5799852697396848500621(+119)
[len 10] 5807887718889869299429(+142) -> 5807887718889869299571(+140) -> 5807887718889869299711(+136) -> 5807887718889869299847(+146) -> 5807887718889869299993(+148) -> 5807887718889869300141(+116) -> 5807887718889869300257(+124) -> 5807887718889869300381(+122) -> 5807887718889869300503(+118) -> 5807887718889869300621(+119)
[len 10] 5809989382983968699329(+142) -> 5809989382983968699471(+140) -> 5809989382983968699611(+136) -> 5809989382983968699747(+146) -> 5809989382983968699893(+148) -> 5809989382983968700041(+116) -> 5809989382983968700157(+124) -> 5809989382983968700281(+122) -> 5809989382983968700403(+118) -> 5809989382983968700521(+119)
[len 10] 5826079795857995899429(+142) -> 5826079795857995899571(+140) -> 5826079795857995899711(+136) -> 5826079795857995899847(+146) -> 5826079795857995899993(+148) -> 5826079795857995900141(+116) -> 5826079795857995900257(+124) -> 5826079795857995900381(+122) -> 5826079795857995900503(+118) -> 5826079795857995900621(+119)
[len 10] 5839894878875517799429(+142) -> 5839894878875517799571(+140) -> 5839894878875517799711(+136) -> 5839894878875517799847(+146) -> 5839894878875517799993(+148) -> 5839894878875517800141(+116) -> 5839894878875517800257(+124) -> 5839894878875517800381(+122) -> 5839894878875517800503(+118) -> 5839894878875517800621(+119)
[len 10] 5857507779689748799429(+142) -> 5857507779689748799571(+140) -> 5857507779689748799711(+136) -> 5857507779689748799847(+146) -> 5857507779689748799993(+148) -> 5857507779689748800141(+116) -> 5857507779689748800257(+124) -> 5857507779689748800381(+122) -> 5857507779689748800503(+118) -> 5857507779689748800621(+119)
[len 10] 5858852837768399899429(+142) -> 5858852837768399899571(+140) -> 5858852837768399899711(+136) -> 5858852837768399899847(+146) -> 5858852837768399899993(+148) -> 5858852837768399900141(+116) -> 5858852837768399900257(+124) -> 5858852837768399900381(+122) -> 5858852837768399900503(+118) -> 5858852837768399900621(+119)
[len 10] 5858857188960797899429(+142) -> 5858857188960797899571(+140) -> 5858857188960797899711(+136) -> 5858857188960797899847(+146) -> 5858857188960797899993(+148) -> 5858857188960797900141(+116) -> 5858857188960797900257(+124) -> 5858857188960797900381(+122) -> 5858857188960797900503(+118) -> 5858857188960797900621(+119)
 25.77%  3.08e+04M cand/s  complete below 5.8589e+21  elapsed 00:14:02  eta 00:40:25  hits=199
[len 10] 5860897996799846099329(+142) -> 5860897996799846099471(+140) -> 5860897996799846099611(+136) -> 5860897996799846099747(+146) -> 5860897996799846099893(+148) -> 5860897996799846100041(+116) -> 5860897996799846100157(+124) -> 5860897996799846100281(+122) -> 5860897996799846100403(+118) -> 5860897996799846100521(+119)
[len 10] 5876638886498847599329(+142) -> 5876638886498847599471(+140) -> 5876638886498847599611(+136) -> 5876638886498847599747(+146) -> 5876638886498847599893(+148) -> 5876638886498847600041(+116) -> 5876638886498847600157(+124) -> 5876638886498847600281(+122) -> 5876638886498847600403(+118) -> 5876638886498847600521(+119)
[len 10] 5879486504785899799429(+142) -> 5879486504785899799571(+140) -> 5879486504785899799711(+136) -> 5879486504785899799847(+146) -> 5879486504785899799993(+148) -> 5879486504785899800141(+116) -> 5879486504785899800257(+124) -> 5879486504785899800381(+122) -> 5879486504785899800503(+118) -> 5879486504785899800621(+119)
[len 10] 5886837996974753699329(+142) -> 5886837996974753699471(+140) -> 5886837996974753699611(+136) -> 5886837996974753699747(+146) -> 5886837996974753699893(+148) -> 5886837996974753700041(+116) -> 5886837996974753700157(+124) -> 5886837996974753700281(+122) -> 5886837996974753700403(+118) -> 5886837996974753700521(+119)
[len 10] 5896472998742895899329(+142) -> 5896472998742895899471(+140) -> 5896472998742895899611(+136) -> 5896472998742895899747(+146) -> 5896472998742895899893(+148) -> 5896472998742895900041(+116) -> 5896472998742895900157(+124) -> 5896472998742895900281(+122) -> 5896472998742895900403(+118) -> 5896472998742895900521(+119)
[len 10] 5899692868686675199429(+142) -> 5899692868686675199571(+140) -> 5899692868686675199711(+136) -> 5899692868686675199847(+146) -> 5899692868686675199993(+148) -> 5899692868686675200141(+116) -> 5899692868686675200257(+124) -> 5899692868686675200381(+122) -> 5899692868686675200503(+118) -> 5899692868686675200621(+119)
[len 10] 5899886578885590299329(+142) -> 5899886578885590299471(+140) -> 5899886578885590299611(+136) -> 5899886578885590299747(+146) -> 5899886578885590299893(+148) -> 5899886578885590300041(+116) -> 5899886578885590300157(+124) -> 5899886578885590300281(+122) -> 5899886578885590300403(+118) -> 5899886578885590300521(+119)
[len 10] 5909999087795839499329(+142) -> 5909999087795839499471(+140) -> 5909999087795839499611(+136) -> 5909999087795839499747(+146) -> 5909999087795839499893(+148) -> 5909999087795839500041(+116) -> 5909999087795839500157(+124) -> 5909999087795839500281(+122) -> 5909999087795839500403(+118) -> 5909999087795839500521(+119)
[len 10] 5936868886554389899429(+142) -> 5936868886554389899571(+140) -> 5936868886554389899711(+136) -> 5936868886554389899847(+146) -> 5936868886554389899993(+148) -> 5936868886554389900141(+116) -> 5936868886554389900257(+124) -> 5936868886554389900381(+122) -> 5936868886554389900503(+118) -> 5936868886554389900621(+119)
[len 10] 5946581588888946799429(+142) -> 5946581588888946799571(+140) -> 5946581588888946799711(+136) -> 5946581588888946799847(+146) -> 5946581588888946799993(+148) -> 5946581588888946800141(+116) -> 5946581588888946800257(+124) -> 5946581588888946800381(+122) -> 5946581588888946800503(+118) -> 5946581588888946800621(+119)
[len 10] 5950855785999798199429(+142) -> 5950855785999798199571(+140) -> 5950855785999798199711(+136) -> 5950855785999798199847(+146) -> 5950855785999798199993(+148) -> 5950855785999798200141(+116) -> 5950855785999798200257(+124) -> 5950855785999798200381(+122) -> 5950855785999798200503(+118) -> 5950855785999798200621(+119)
[len 10] 5952467974867787899429(+142) -> 5952467974867787899571(+140) -> 5952467974867787899711(+136) -> 5952467974867787899847(+146) -> 5952467974867787899993(+148) -> 5952467974867787900141(+116) -> 5952467974867787900257(+124) -> 5952467974867787900381(+122) -> 5952467974867787900503(+118) -> 5952467974867787900621(+119)
 27.66%  3.08e+04M cand/s  complete below 5.9578e+21  elapsed 00:15:02  eta 00:39:19  hits=211
[len 10] 5971825994587789799329(+142) -> 5971825994587789799471(+140) -> 5971825994587789799611(+136) -> 5971825994587789799747(+146) -> 5971825994587789799893(+148) -> 5971825994587789800041(+116) -> 5971825994587789800157(+124) -> 5971825994587789800281(+122) -> 5971825994587789800403(+118) -> 5971825994587789800521(+119)
[len 10] 5976864967598663699329(+142) -> 5976864967598663699471(+140) -> 5976864967598663699611(+136) -> 5976864967598663699747(+146) -> 5976864967598663699893(+148) -> 5976864967598663700041(+116) -> 5976864967598663700157(+124) -> 5976864967598663700281(+122) -> 5976864967598663700403(+118) -> 5976864967598663700521(+119)
[len 10] 5988494638798536899329(+142) -> 5988494638798536899471(+140) -> 5988494638798536899611(+136) -> 5988494638798536899747(+146) -> 5988494638798536899893(+148) -> 5988494638798536900041(+116) -> 5988494638798536900157(+124) -> 5988494638798536900281(+122) -> 5988494638798536900403(+118) -> 5988494638798536900521(+119)
[len 10] 5990377796985927899329(+142) -> 5990377796985927899471(+140) -> 5990377796985927899611(+136) -> 5990377796985927899747(+146) -> 5990377796985927899893(+148) -> 5990377796985927900041(+116) -> 5990377796985927900157(+124) -> 5990377796985927900281(+122) -> 5990377796985927900403(+118) -> 5990377796985927900521(+119)
[len 10] 5990899676477974399429(+142) -> 5990899676477974399571(+140) -> 5990899676477974399711(+136) -> 5990899676477974399847(+146) -> 5990899676477974399993(+148) -> 5990899676477974400141(+116) -> 5990899676477974400257(+124) -> 5990899676477974400381(+122) -> 5990899676477974400503(+118) -> 5990899676477974400621(+119)
[len 10] 5997688854458861899429(+142) -> 5997688854458861899571(+140) -> 5997688854458861899711(+136) -> 5997688854458861899847(+146) -> 5997688854458861899993(+148) -> 5997688854458861900141(+116) -> 5997688854458861900257(+124) -> 5997688854458861900381(+122) -> 5997688854458861900503(+118) -> 5997688854458861900621(+119)
[len 10] 5999774476974266899429(+142) -> 5999774476974266899571(+140) -> 5999774476974266899711(+136) -> 5999774476974266899847(+146) -> 5999774476974266899993(+148) -> 5999774476974266900141(+116) -> 5999774476974266900257(+124) -> 5999774476974266900381(+122) -> 5999774476974266900503(+118) -> 5999774476974266900621(+119)
[len 10] 5999988403645994899429(+142) -> 5999988403645994899571(+140) -> 5999988403645994899711(+136) -> 5999988403645994899847(+146) -> 5999988403645994899993(+148) -> 5999988403645994900141(+116) -> 5999988403645994900257(+124) -> 5999988403645994900381(+122) -> 5999988403645994900503(+118) -> 5999988403645994900621(+119)
[len 10] 6079998805995774899329(+142) -> 6079998805995774899471(+140) -> 6079998805995774899611(+136) -> 6079998805995774899747(+146) -> 6079998805995774899893(+148) -> 6079998805995774900041(+116) -> 6079998805995774900157(+124) -> 6079998805995774900281(+122) -> 6079998805995774900403(+118) -> 6079998805995774900521(+119)
[len 10] 6096793684962999899329(+142) -> 6096793684962999899471(+140) -> 6096793684962999899611(+136) -> 6096793684962999899747(+146) -> 6096793684962999899893(+148) -> 6096793684962999900041(+116) -> 6096793684962999900157(+124) -> 6096793684962999900281(+122) -> 6096793684962999900403(+118) -> 6096793684962999900521(+119)
 29.55%  3.09e+04M cand/s  complete below 6.0990e+21  elapsed 00:16:02  eta 00:38:14  hits=221
[len 10] 6146789963987578699429(+142) -> 6146789963987578699571(+140) -> 6146789963987578699711(+136) -> 6146789963987578699847(+146) -> 6146789963987578699993(+148) -> 6146789963987578700141(+116) -> 6146789963987578700257(+124) -> 6146789963987578700381(+122) -> 6146789963987578700503(+118) -> 6146789963987578700621(+119)
[len 10] 6273669999478858399429(+142) -> 6273669999478858399571(+140) -> 6273669999478858399711(+136) -> 6273669999478858399847(+146) -> 6273669999478858399993(+148) -> 6273669999478858400141(+116) -> 6273669999478858400257(+124) -> 6273669999478858400381(+122) -> 6273669999478858400503(+118) -> 6273669999478858400621(+119)
[len 10] 6279688824918799699429(+142) -> 6279688824918799699571(+140) -> 6279688824918799699711(+136) -> 6279688824918799699847(+146) -> 6279688824918799699993(+148) -> 6279688824918799700141(+116) -> 6279688824918799700257(+124) -> 6279688824918799700381(+122) -> 6279688824918799700503(+118) -> 6279688824918799700621(+119)
[len 10] 6377899848478863599329(+142) -> 6377899848478863599471(+140) -> 6377899848478863599611(+136) -> 6377899848478863599747(+146) -> 6377899848478863599893(+148) -> 6377899848478863600041(+116) -> 6377899848478863600157(+124) -> 6377899848478863600281(+122) -> 6377899848478863600403(+118) -> 6377899848478863600521(+119)
[len 10] 6390899865559578799429(+142) -> 6390899865559578799571(+140) -> 6390899865559578799711(+136) -> 6390899865559578799847(+146) -> 6390899865559578799993(+148) -> 6390899865559578800141(+116) -> 6390899865559578800257(+124) -> 6390899865559578800381(+122) -> 6390899865559578800503(+118) -> 6390899865559578800621(+119)
 31.39%  3.08e+04M cand/s  complete below 6.4878e+21  elapsed 00:17:02  eta 00:37:15  hits=226
[len 10] 6491196198989499899329(+142) -> 6491196198989499899471(+140) -> 6491196198989499899611(+136) -> 6491196198989499899747(+146) -> 6491196198989499899893(+148) -> 6491196198989499900041(+116) -> 6491196198989499900157(+124) -> 6491196198989499900281(+122) -> 6491196198989499900403(+118) -> 6491196198989499900521(+119)
[len 10] 6494869497928486699429(+142) -> 6494869497928486699571(+140) -> 6494869497928486699711(+136) -> 6494869497928486699847(+146) -> 6494869497928486699993(+148) -> 6494869497928486700141(+116) -> 6494869497928486700257(+124) -> 6494869497928486700381(+122) -> 6494869497928486700503(+118) -> 6494869497928486700621(+119)
[len 10] 6514969497179988799429(+142) -> 6514969497179988799571(+140) -> 6514969497179988799711(+136) -> 6514969497179988799847(+146) -> 6514969497179988799993(+148) -> 6514969497179988800141(+116) -> 6514969497179988800257(+124) -> 6514969497179988800381(+122) -> 6514969497179988800503(+118) -> 6514969497179988800621(+119)
[len 10] 6536789478498946799329(+142) -> 6536789478498946799471(+140) -> 6536789478498946799611(+136) -> 6536789478498946799747(+146) -> 6536789478498946799893(+148) -> 6536789478498946800041(+116) -> 6536789478498946800157(+124) -> 6536789478498946800281(+122) -> 6536789478498946800403(+118) -> 6536789478498946800521(+119)
[len 10] 6554579799879486299329(+142) -> 6554579799879486299471(+140) -> 6554579799879486299611(+136) -> 6554579799879486299747(+146) -> 6554579799879486299893(+148) -> 6554579799879486300041(+116) -> 6554579799879486300157(+124) -> 6554579799879486300281(+122) -> 6554579799879486300403(+118) -> 6554579799879486300521(+119)
[len 10] 6569714877479997599329(+142) -> 6569714877479997599471(+140) -> 6569714877479997599611(+136) -> 6569714877479997599747(+146) -> 6569714877479997599893(+148) -> 6569714877479997600041(+116) -> 6569714877479997600157(+124) -> 6569714877479997600281(+122) -> 6569714877479997600403(+118) -> 6569714877479997600521(+119)
[len 10] 6589489966684382899429(+142) -> 6589489966684382899571(+140) -> 6589489966684382899711(+136) -> 6589489966684382899847(+146) -> 6589489966684382899993(+148) -> 6589489966684382900141(+116) -> 6589489966684382900257(+124) -> 6589489966684382900381(+122) -> 6589489966684382900503(+118) -> 6589489966684382900621(+119)
[len 10] 6598678685786478299329(+142) -> 6598678685786478299471(+140) -> 6598678685786478299611(+136) -> 6598678685786478299747(+146) -> 6598678685786478299893(+148) -> 6598678685786478300041(+116) -> 6598678685786478300157(+124) -> 6598678685786478300281(+122) -> 6598678685786478300403(+118) -> 6598678685786478300521(+119)
[len 10] 6599127977868893699329(+142) -> 6599127977868893699471(+140) -> 6599127977868893699611(+136) -> 6599127977868893699747(+146) -> 6599127977868893699893(+148) -> 6599127977868893700041(+116) -> 6599127977868893700157(+124) -> 6599127977868893700281(+122) -> 6599127977868893700403(+118) -> 6599127977868893700521(+119)
[len 10] 6599976198824892899329(+142) -> 6599976198824892899471(+140) -> 6599976198824892899611(+136) -> 6599976198824892899747(+146) -> 6599976198824892899893(+148) -> 6599976198824892900041(+116) -> 6599976198824892900157(+124) -> 6599976198824892900281(+122) -> 6599976198824892900403(+118) -> 6599976198824892900521(+119)
[len 10] 6615748977667999499329(+142) -> 6615748977667999499471(+140) -> 6615748977667999499611(+136) -> 6615748977667999499747(+146) -> 6615748977667999499893(+148) -> 6615748977667999500041(+116) -> 6615748977667999500157(+124) -> 6615748977667999500281(+122) -> 6615748977667999500403(+118) -> 6615748977667999500521(+119)
[len 10] 6658487794656786899329(+142) -> 6658487794656786899471(+140) -> 6658487794656786899611(+136) -> 6658487794656786899747(+146) -> 6658487794656786899893(+148) -> 6658487794656786900041(+116) -> 6658487794656786900157(+124) -> 6658487794656786900281(+122) -> 6658487794656786900403(+118) -> 6658487794656786900521(+119)
[len 10] 6658928849879705899429(+142) -> 6658928849879705899571(+140) -> 6658928849879705899711(+136) -> 6658928849879705899847(+146) -> 6658928849879705899993(+148) -> 6658928849879705900141(+116) -> 6658928849879705900257(+124) -> 6658928849879705900381(+122) -> 6658928849879705900503(+118) -> 6658928849879705900621(+119)
[len 10] 6668896577359847699329(+142) -> 6668896577359847699471(+140) -> 6668896577359847699611(+136) -> 6668896577359847699747(+146) -> 6668896577359847699893(+148) -> 6668896577359847700041(+116) -> 6668896577359847700157(+124) -> 6668896577359847700281(+122) -> 6668896577359847700403(+118) -> 6668896577359847700521(+119)
[len 10] 6668989851478776599329(+142) -> 6668989851478776599471(+140) -> 6668989851478776599611(+136) -> 6668989851478776599747(+146) -> 6668989851478776599893(+148) -> 6668989851478776600041(+116) -> 6668989851478776600157(+124) -> 6668989851478776600281(+122) -> 6668989851478776600403(+118) -> 6668989851478776600521(+119)
 33.24%  3.09e+04M cand/s  complete below 6.6696e+21  elapsed 00:18:02  eta 00:36:14  hits=241
[len 10] 6685887584842869899329(+142) -> 6685887584842869899471(+140) -> 6685887584842869899611(+136) -> 6685887584842869899747(+146) -> 6685887584842869899893(+148) -> 6685887584842869900041(+116) -> 6685887584842869900157(+124) -> 6685887584842869900281(+122) -> 6685887584842869900403(+118) -> 6685887584842869900521(+119)
[len 10] 6689829991768196699329(+142) -> 6689829991768196699471(+140) -> 6689829991768196699611(+136) -> 6689829991768196699747(+146) -> 6689829991768196699893(+148) -> 6689829991768196700041(+116) -> 6689829991768196700157(+124) -> 6689829991768196700281(+122) -> 6689829991768196700403(+118) -> 6689829991768196700521(+119)
[len 10] 6689885271639698899429(+142) -> 6689885271639698899571(+140) -> 6689885271639698899711(+136) -> 6689885271639698899847(+146) -> 6689885271639698899993(+148) -> 6689885271639698900141(+116) -> 6689885271639698900257(+124) -> 6689885271639698900381(+122) -> 6689885271639698900503(+118) -> 6689885271639698900621(+119)
[len 10] 6693996735693967799329(+142) -> 6693996735693967799471(+140) -> 6693996735693967799611(+136) -> 6693996735693967799747(+146) -> 6693996735693967799893(+148) -> 6693996735693967800041(+116) -> 6693996735693967800157(+124) -> 6693996735693967800281(+122) -> 6693996735693967800403(+118) -> 6693996735693967800521(+119)
[len 10] 6695999654896971299329(+142) -> 6695999654896971299471(+140) -> 6695999654896971299611(+136) -> 6695999654896971299747(+146) -> 6695999654896971299893(+148) -> 6695999654896971300041(+116) -> 6695999654896971300157(+124) -> 6695999654896971300281(+122) -> 6695999654896971300403(+118) -> 6695999654896971300521(+119)
[len 10] 6697723897897951799329(+142) -> 6697723897897951799471(+140) -> 6697723897897951799611(+136) -> 6697723897897951799747(+146) -> 6697723897897951799893(+148) -> 6697723897897951800041(+116) -> 6697723897897951800157(+124) -> 6697723897897951800281(+122) -> 6697723897897951800403(+118) -> 6697723897897951800521(+119)
[len 10] 6699765528805799899429(+142) -> 6699765528805799899571(+140) -> 6699765528805799899711(+136) -> 6699765528805799899847(+146) -> 6699765528805799899993(+148) -> 6699765528805799900141(+116) -> 6699765528805799900257(+124) -> 6699765528805799900381(+122) -> 6699765528805799900503(+118) -> 6699765528805799900621(+119)
[len 10] 6737847728898755899429(+142) -> 6737847728898755899571(+140) -> 6737847728898755899711(+136) -> 6737847728898755899847(+146) -> 6737847728898755899993(+148) -> 6737847728898755900141(+116) -> 6737847728898755900257(+124) -> 6737847728898755900381(+122) -> 6737847728898755900503(+118) -> 6737847728898755900621(+119)
[len 10] 6747349885898695499329(+142) -> 6747349885898695499471(+140) -> 6747349885898695499611(+136) -> 6747349885898695499747(+146) -> 6747349885898695499893(+148) -> 6747349885898695500041(+116) -> 6747349885898695500157(+124) -> 6747349885898695500281(+122) -> 6747349885898695500403(+118) -> 6747349885898695500521(+119)
[len 10] 6754955579679972799429(+142) -> 6754955579679972799571(+140) -> 6754955579679972799711(+136) -> 6754955579679972799847(+146) -> 6754955579679972799993(+148) -> 6754955579679972800141(+116) -> 6754955579679972800257(+124) -> 6754955579679972800381(+122) -> 6754955579679972800503(+118) -> 6754955579679972800621(+119)
[len 10] 6758789858484709699429(+142) -> 6758789858484709699571(+140) -> 6758789858484709699711(+136) -> 6758789858484709699847(+146) -> 6758789858484709699993(+148) -> 6758789858484709700141(+116) -> 6758789858484709700257(+124) -> 6758789858484709700381(+122) -> 6758789858484709700503(+118) -> 6758789858484709700621(+119)
[len 10] 6759752995857991699429(+142) -> 6759752995857991699571(+140) -> 6759752995857991699711(+136) -> 6759752995857991699847(+146) -> 6759752995857991699993(+148) -> 6759752995857991700141(+116) -> 6759752995857991700257(+124) -> 6759752995857991700381(+122) -> 6759752995857991700503(+118) -> 6759752995857991700621(+119)
[len 10] 6761599748888089799329(+142) -> 6761599748888089799471(+140) -> 6761599748888089799611(+136) -> 6761599748888089799747(+146) -> 6761599748888089799893(+148) -> 6761599748888089800041(+116) -> 6761599748888089800157(+124) -> 6761599748888089800281(+122) -> 6761599748888089800403(+118) -> 6761599748888089800521(+119)
[len 10] 6765496365758988899329(+142) -> 6765496365758988899471(+140) -> 6765496365758988899611(+136) -> 6765496365758988899747(+146) -> 6765496365758988899893(+148) -> 6765496365758988900041(+116) -> 6765496365758988900157(+124) -> 6765496365758988900281(+122) -> 6765496365758988900403(+118) -> 6765496365758988900521(+119)
[len 10] 6771699691756897799329(+142) -> 6771699691756897799471(+140) -> 6771699691756897799611(+136) -> 6771699691756897799747(+146) -> 6771699691756897799893(+148) -> 6771699691756897800041(+116) -> 6771699691756897800157(+124) -> 6771699691756897800281(+122) -> 6771699691756897800403(+118) -> 6771699691756897800521(+119)
[len 10] 6774688762675698899329(+142) -> 6774688762675698899471(+140) -> 6774688762675698899611(+136) -> 6774688762675698899747(+146) -> 6774688762675698899893(+148) -> 6774688762675698900041(+116) -> 6774688762675698900157(+124) -> 6774688762675698900281(+122) -> 6774688762675698900403(+118) -> 6774688762675698900521(+119)
[len 10] 6776696981599563899329(+142) -> 6776696981599563899471(+140) -> 6776696981599563899611(+136) -> 6776696981599563899747(+146) -> 6776696981599563899893(+148) -> 6776696981599563900041(+116) -> 6776696981599563900157(+124) -> 6776696981599563900281(+122) -> 6776696981599563900403(+118) -> 6776696981599563900521(+119)
 35.11%  3.09e+04M cand/s  complete below 6.7830e+21  elapsed 00:19:03  eta 00:35:11  hits=258
[len 10] 6787777987677563299429(+142) -> 6787777987677563299571(+140) -> 6787777987677563299711(+136) -> 6787777987677563299847(+146) -> 6787777987677563299993(+148) -> 6787777987677563300141(+116) -> 6787777987677563300257(+124) -> 6787777987677563300381(+122) -> 6787777987677563300503(+118) -> 6787777987677563300621(+119)
[len 10] 6794934769466889599329(+142) -> 6794934769466889599471(+140) -> 6794934769466889599611(+136) -> 6794934769466889599747(+146) -> 6794934769466889599893(+148) -> 6794934769466889600041(+116) -> 6794934769466889600157(+124) -> 6794934769466889600281(+122) -> 6794934769466889600403(+118) -> 6794934769466889600521(+119)
[len 10] 6799692437591999599429(+142) -> 6799692437591999599571(+140) -> 6799692437591999599711(+136) -> 6799692437591999599847(+146) -> 6799692437591999599993(+148) -> 6799692437591999600141(+116) -> 6799692437591999600257(+124) -> 6799692437591999600381(+122) -> 6799692437591999600503(+118) -> 6799692437591999600621(+119)
[len 10] 6799867381997508799429(+142) -> 6799867381997508799571(+140) -> 6799867381997508799711(+136) -> 6799867381997508799847(+146) -> 6799867381997508799993(+148) -> 6799867381997508800141(+116) -> 6799867381997508800257(+124) -> 6799867381997508800381(+122) -> 6799867381997508800503(+118) -> 6799867381997508800621(+119)
[len 10] 6799927759276934899429(+142) -> 6799927759276934899571(+140) -> 6799927759276934899711(+136) -> 6799927759276934899847(+146) -> 6799927759276934899993(+148) -> 6799927759276934900141(+116) -> 6799927759276934900257(+124) -> 6799927759276934900381(+122) -> 6799927759276934900503(+118) -> 6799927759276934900621(+119)
[len 10] 6806999267945698699429(+142) -> 6806999267945698699571(+140) -> 6806999267945698699711(+136) -> 6806999267945698699847(+146) -> 6806999267945698699993(+148) -> 6806999267945698700141(+116) -> 6806999267945698700257(+124) -> 6806999267945698700381(+122) -> 6806999267945698700503(+118) -> 6806999267945698700621(+119)
[len 10] 6841888735885679899429(+142) -> 6841888735885679899571(+140) -> 6841888735885679899711(+136) -> 6841888735885679899847(+146) -> 6841888735885679899993(+148) -> 6841888735885679900141(+116) -> 6841888735885679900257(+124) -> 6841888735885679900381(+122) -> 6841888735885679900503(+118) -> 6841888735885679900621(+119)
[len 10] 6845790867589947799429(+142) -> 6845790867589947799571(+140) -> 6845790867589947799711(+136) -> 6845790867589947799847(+146) -> 6845790867589947799993(+148) -> 6845790867589947800141(+116) -> 6845790867589947800257(+124) -> 6845790867589947800381(+122) -> 6845790867589947800503(+118) -> 6845790867589947800621(+119)
[len 10] 6866989727989434499429(+142) -> 6866989727989434499571(+140) -> 6866989727989434499711(+136) -> 6866989727989434499847(+146) -> 6866989727989434499993(+148) -> 6866989727989434500141(+116) -> 6866989727989434500257(+124) -> 6866989727989434500381(+122) -> 6866989727989434500503(+118) -> 6866989727989434500621(+119)
[len 10] 6867986768818049899429(+142) -> 6867986768818049899571(+140) -> 6867986768818049899711(+136) -> 6867986768818049899847(+146) -> 6867986768818049899993(+148) -> 6867986768818049900141(+116) -> 6867986768818049900257(+124) -> 6867986768818049900381(+122) -> 6867986768818049900503(+118) -> 6867986768818049900621(+119)
[len 10] 6876664995388657799329(+142) -> 6876664995388657799471(+140) -> 6876664995388657799611(+136) -> 6876664995388657799747(+146) -> 6876664995388657799893(+148) -> 6876664995388657800041(+116) -> 6876664995388657800157(+124) -> 6876664995388657800281(+122) -> 6876664995388657800403(+118) -> 6876664995388657800521(+119)
 36.99%  3.09e+04M cand/s  complete below 6.8777e+21  elapsed 00:20:03  eta 00:34:08  hits=269
[len 10] 6879897980855644699429(+142) -> 6879897980855644699571(+140) -> 6879897980855644699711(+136) -> 6879897980855644699847(+146) -> 6879897980855644699993(+148) -> 6879897980855644700141(+116) -> 6879897980855644700257(+124) -> 6879897980855644700381(+122) -> 6879897980855644700503(+118) -> 6879897980855644700621(+119)
[len 10] 6879981960867458899429(+142) -> 6879981960867458899571(+140) -> 6879981960867458899711(+136) -> 6879981960867458899847(+146) -> 6879981960867458899993(+148) -> 6879981960867458900141(+116) -> 6879981960867458900257(+124) -> 6879981960867458900381(+122) -> 6879981960867458900503(+118) -> 6879981960867458900621(+119)
[len 10] 6881397694399795799329(+142) -> 6881397694399795799471(+140) -> 6881397694399795799611(+136) -> 6881397694399795799747(+146) -> 6881397694399795799893(+148) -> 6881397694399795800041(+116) -> 6881397694399795800157(+124) -> 6881397694399795800281(+122) -> 6881397694399795800403(+118) -> 6881397694399795800521(+119)
[len 10] 6886759019686789699429(+142) -> 6886759019686789699571(+140) -> 6886759019686789699711(+136) -> 6886759019686789699847(+146) -> 6886759019686789699993(+148) -> 6886759019686789700141(+116) -> 6886759019686789700257(+124) -> 6886759019686789700381(+122) -> 6886759019686789700503(+118) -> 6886759019686789700621(+119)
[len 10] 6889499394753971899429(+142) -> 6889499394753971899571(+140) -> 6889499394753971899711(+136) -> 6889499394753971899847(+146) -> 6889499394753971899993(+148) -> 6889499394753971900141(+116) -> 6889499394753971900257(+124) -> 6889499394753971900381(+122) -> 6889499394753971900503(+118) -> 6889499394753971900621(+119)
[len 10] 6889871697825666899329(+142) -> 6889871697825666899471(+140) -> 6889871697825666899611(+136) -> 6889871697825666899747(+146) -> 6889871697825666899893(+148) -> 6889871697825666900041(+116) -> 6889871697825666900157(+124) -> 6889871697825666900281(+122) -> 6889871697825666900403(+118) -> 6889871697825666900521(+119)
[len 10] 6896478622995876799429(+142) -> 6896478622995876799571(+140) -> 6896478622995876799711(+136) -> 6896478622995876799847(+146) -> 6896478622995876799993(+148) -> 6896478622995876800141(+116) -> 6896478622995876800257(+124) -> 6896478622995876800381(+122) -> 6896478622995876800503(+118) -> 6896478622995876800621(+119)
[len 10] 6899653986757751899429(+142) -> 6899653986757751899571(+140) -> 6899653986757751899711(+136) -> 6899653986757751899847(+146) -> 6899653986757751899993(+148) -> 6899653986757751900141(+116) -> 6899653986757751900257(+124) -> 6899653986757751900381(+122) -> 6899653986757751900503(+118) -> 6899653986757751900621(+119)
[len 10] 6899981748296687399329(+142) -> 6899981748296687399471(+140) -> 6899981748296687399611(+136) -> 6899981748296687399747(+146) -> 6899981748296687399893(+148) -> 6899981748296687400041(+116) -> 6899981748296687400157(+124) -> 6899981748296687400281(+122) -> 6899981748296687400403(+118) -> 6899981748296687400521(+119)
[len 10] 6944785895469498499429(+142) -> 6944785895469498499571(+140) -> 6944785895469498499711(+136) -> 6944785895469498499847(+146) -> 6944785895469498499993(+148) -> 6944785895469498500141(+116) -> 6944785895469498500257(+124) -> 6944785895469498500381(+122) -> 6944785895469498500503(+118) -> 6944785895469498500621(+119)
[len 10] 6946295857877798299429(+142) -> 6946295857877798299571(+140) -> 6946295857877798299711(+136) -> 6946295857877798299847(+146) -> 6946295857877798299993(+148) -> 6946295857877798300141(+116) -> 6946295857877798300257(+124) -> 6946295857877798300381(+122) -> 6946295857877798300503(+118) -> 6946295857877798300621(+119)
[len 10] 6949928914528899799429(+142) -> 6949928914528899799571(+140) -> 6949928914528899799711(+136) -> 6949928914528899799847(+146) -> 6949928914528899799993(+148) -> 6949928914528899800141(+116) -> 6949928914528899800257(+124) -> 6949928914528899800381(+122) -> 6949928914528899800503(+118) -> 6949928914528899800621(+119)
 38.89%  3.09e+04M cand/s  complete below 6.9569e+21  elapsed 00:21:03  eta 00:33:05  hits=281
[len 10] 6958445464986969899329(+142) -> 6958445464986969899471(+140) -> 6958445464986969899611(+136) -> 6958445464986969899747(+146) -> 6958445464986969899893(+148) -> 6958445464986969900041(+116) -> 6958445464986969900157(+124) -> 6958445464986969900281(+122) -> 6958445464986969900403(+118) -> 6958445464986969900521(+119)
[len 10] 6966988864979017799329(+142) -> 6966988864979017799471(+140) -> 6966988864979017799611(+136) -> 6966988864979017799747(+146) -> 6966988864979017799893(+148) -> 6966988864979017800041(+116) -> 6966988864979017800157(+124) -> 6966988864979017800281(+122) -> 6966988864979017800403(+118) -> 6966988864979017800521(+119)
[len 10] 6967283896882798399429(+142) -> 6967283896882798399571(+140) -> 6967283896882798399711(+136) -> 6967283896882798399847(+146) -> 6967283896882798399993(+148) -> 6967283896882798400141(+116) -> 6967283896882798400257(+124) -> 6967283896882798400381(+122) -> 6967283896882798400503(+118) -> 6967283896882798400621(+119)
[len 10] 6968826399488727899329(+142) -> 6968826399488727899471(+140) -> 6968826399488727899611(+136) -> 6968826399488727899747(+146) -> 6968826399488727899893(+148) -> 6968826399488727900041(+116) -> 6968826399488727900157(+124) -> 6968826399488727900281(+122) -> 6968826399488727900403(+118) -> 6968826399488727900521(+119)
[len 10] 6977956785956547499429(+142) -> 6977956785956547499571(+140) -> 6977956785956547499711(+136) -> 6977956785956547499847(+146) -> 6977956785956547499993(+148) -> 6977956785956547500141(+116) -> 6977956785956547500257(+124) -> 6977956785956547500381(+122) -> 6977956785956547500503(+118) -> 6977956785956547500621(+119)
[len 10] 6978853985433799799329(+142) -> 6978853985433799799471(+140) -> 6978853985433799799611(+136) -> 6978853985433799799747(+146) -> 6978853985433799799893(+148) -> 6978853985433799800041(+116) -> 6978853985433799800157(+124) -> 6978853985433799800281(+122) -> 6978853985433799800403(+118) -> 6978853985433799800521(+119)
[len 10] 6984942288938896799329(+142) -> 6984942288938896799471(+140) -> 6984942288938896799611(+136) -> 6984942288938896799747(+146) -> 6984942288938896799893(+148) -> 6984942288938896800041(+116) -> 6984942288938896800157(+124) -> 6984942288938896800281(+122) -> 6984942288938896800403(+118) -> 6984942288938896800521(+119)
[len 10] 6988067468989197599329(+142) -> 6988067468989197599471(+140) -> 6988067468989197599611(+136) -> 6988067468989197599747(+146) -> 6988067468989197599893(+148) -> 6988067468989197600041(+116) -> 6988067468989197600157(+124) -> 6988067468989197600281(+122) -> 6988067468989197600403(+118) -> 6988067468989197600521(+119)
[len 10] 6991858287746986699429(+142) -> 6991858287746986699571(+140) -> 6991858287746986699711(+136) -> 6991858287746986699847(+146) -> 6991858287746986699993(+148) -> 6991858287746986700141(+116) -> 6991858287746986700257(+124) -> 6991858287746986700381(+122) -> 6991858287746986700503(+118) -> 6991858287746986700621(+119)
[len 10] 6996754799775274799329(+142) -> 6996754799775274799471(+140) -> 6996754799775274799611(+136) -> 6996754799775274799747(+146) -> 6996754799775274799893(+148) -> 6996754799775274800041(+116) -> 6996754799775274800157(+124) -> 6996754799775274800281(+122) -> 6996754799775274800403(+118) -> 6996754799775274800521(+119)
 40.78%  3.1e+04M cand/s  complete below 6.9982e+21  elapsed 00:22:03  eta 00:32:01  hits=291
[len 10] 6998659964982058799329(+142) -> 6998659964982058799471(+140) -> 6998659964982058799611(+136) -> 6998659964982058799747(+146) -> 6998659964982058799893(+148) -> 6998659964982058800041(+116) -> 6998659964982058800157(+124) -> 6998659964982058800281(+122) -> 6998659964982058800403(+118) -> 6998659964982058800521(+119)
[len 10] 6999616586382896899429(+142) -> 6999616586382896899571(+140) -> 6999616586382896899711(+136) -> 6999616586382896899847(+146) -> 6999616586382896899993(+148) -> 6999616586382896900141(+116) -> 6999616586382896900257(+124) -> 6999616586382896900381(+122) -> 6999616586382896900503(+118) -> 6999616586382896900621(+119)
[len 10] 6999882794614938899329(+142) -> 6999882794614938899471(+140) -> 6999882794614938899611(+136) -> 6999882794614938899747(+146) -> 6999882794614938899893(+148) -> 6999882794614938900041(+116) -> 6999882794614938900157(+124) -> 6999882794614938900281(+122) -> 6999882794614938900403(+118) -> 6999882794614938900521(+119)
[len 10] 7028376878989795799329(+142) -> 7028376878989795799471(+140) -> 7028376878989795799611(+136) -> 7028376878989795799747(+146) -> 7028376878989795799893(+148) -> 7028376878989795800041(+116) -> 7028376878989795800157(+124) -> 7028376878989795800281(+122) -> 7028376878989795800403(+118) -> 7028376878989795800521(+119)
[len 10] 7066989967381998599329(+142) -> 7066989967381998599471(+140) -> 7066989967381998599611(+136) -> 7066989967381998599747(+146) -> 7066989967381998599893(+148) -> 7066989967381998600041(+116) -> 7066989967381998600157(+124) -> 7066989967381998600281(+122) -> 7066989967381998600403(+118) -> 7066989967381998600521(+119)
[len 10] 7077377691898796899429(+142) -> 7077377691898796899571(+140) -> 7077377691898796899711(+136) -> 7077377691898796899847(+146) -> 7077377691898796899993(+148) -> 7077377691898796900141(+116) -> 7077377691898796900257(+124) -> 7077377691898796900381(+122) -> 7077377691898796900503(+118) -> 7077377691898796900621(+119)
[len 10] 7094693989845896699329(+142) -> 7094693989845896699471(+140) -> 7094693989845896699611(+136) -> 7094693989845896699747(+146) -> 7094693989845896699893(+148) -> 7094693989845896700041(+116) -> 7094693989845896700157(+124) -> 7094693989845896700281(+122) -> 7094693989845896700403(+118) -> 7094693989845896700521(+119)
[len 10] 7119689198953989799429(+142) -> 7119689198953989799571(+140) -> 7119689198953989799711(+136) -> 7119689198953989799847(+146) -> 7119689198953989799993(+148) -> 7119689198953989800141(+116) -> 7119689198953989800257(+124) -> 7119689198953989800381(+122) -> 7119689198953989800503(+118) -> 7119689198953989800621(+119)
[len 10] 7198709789689446799429(+142) -> 7198709789689446799571(+140) -> 7198709789689446799711(+136) -> 7198709789689446799847(+146) -> 7198709789689446799993(+148) -> 7198709789689446800141(+116) -> 7198709789689446800257(+124) -> 7198709789689446800381(+122) -> 7198709789689446800503(+118) -> 7198709789689446800621(+119)
[len 10] 7279999886092791899329(+142) -> 7279999886092791899471(+140) -> 7279999886092791899611(+136) -> 7279999886092791899747(+146) -> 7279999886092791899893(+148) -> 7279999886092791900041(+116) -> 7279999886092791900157(+124) -> 7279999886092791900281(+122) -> 7279999886092791900403(+118) -> 7279999886092791900521(+119)
[len 10] 7297475958698098699429(+142) -> 7297475958698098699571(+140) -> 7297475958698098699711(+136) -> 7297475958698098699847(+146) -> 7297475958698098699993(+148) -> 7297475958698098700141(+116) -> 7297475958698098700257(+124) -> 7297475958698098700381(+122) -> 7297475958698098700503(+118) -> 7297475958698098700621(+119)
[len 10] 7334579849887589699329(+142) -> 7334579849887589699471(+140) -> 7334579849887589699611(+136) -> 7334579849887589699747(+146) -> 7334579849887589699893(+148) -> 7334579849887589700041(+116) -> 7334579849887589700157(+124) -> 7334579849887589700281(+122) -> 7334579849887589700403(+118) -> 7334579849887589700521(+119)
 42.62%  3.1e+04M cand/s  complete below 7.3688e+21  elapsed 00:23:03  eta 00:31:02  hits=303
[len 10] 7389893794551968899429(+142) -> 7389893794551968899571(+140) -> 7389893794551968899711(+136) -> 7389893794551968899847(+146) -> 7389893794551968899993(+148) -> 7389893794551968900141(+116) -> 7389893794551968900257(+124) -> 7389893794551968900381(+122) -> 7389893794551968900503(+118) -> 7389893794551968900621(+119)
[len 10] 7399917999845707799329(+142) -> 7399917999845707799471(+140) -> 7399917999845707799611(+136) -> 7399917999845707799747(+146) -> 7399917999845707799893(+148) -> 7399917999845707800041(+116) -> 7399917999845707800157(+124) -> 7399917999845707800281(+122) -> 7399917999845707800403(+118) -> 7399917999845707800521(+119)
[len 10] 7416915999919895899429(+142) -> 7416915999919895899571(+140) -> 7416915999919895899711(+136) -> 7416915999919895899847(+146) -> 7416915999919895899993(+148) -> 7416915999919895900141(+116) -> 7416915999919895900257(+124) -> 7416915999919895900381(+122) -> 7416915999919895900503(+118) -> 7416915999919895900621(+119)
[len 10] 7419884279989994399329(+142) -> 7419884279989994399471(+140) -> 7419884279989994399611(+136) -> 7419884279989994399747(+146) -> 7419884279989994399893(+148) -> 7419884279989994400041(+116) -> 7419884279989994400157(+124) -> 7419884279989994400281(+122) -> 7419884279989994400403(+118) -> 7419884279989994400521(+119)
[len 10] 7441976667878858899429(+142) -> 7441976667878858899571(+140) -> 7441976667878858899711(+136) -> 7441976667878858899847(+146) -> 7441976667878858899993(+148) -> 7441976667878858900141(+116) -> 7441976667878858900257(+124) -> 7441976667878858900381(+122) -> 7441976667878858900503(+118) -> 7441976667878858900621(+119)
[len 10] 7468969822987818799429(+142) -> 7468969822987818799571(+140) -> 7468969822987818799711(+136) -> 7468969822987818799847(+146) -> 7468969822987818799993(+148) -> 7468969822987818800141(+116) -> 7468969822987818800257(+124) -> 7468969822987818800381(+122) -> 7468969822987818800503(+118) -> 7468969822987818800621(+119)
[len 10] 7481549598999852799429(+142) -> 7481549598999852799571(+140) -> 7481549598999852799711(+136) -> 7481549598999852799847(+146) -> 7481549598999852799993(+148) -> 7481549598999852800141(+116) -> 7481549598999852800257(+124) -> 7481549598999852800381(+122) -> 7481549598999852800503(+118) -> 7481549598999852800621(+119)
[len 10] 7498959234496997599429(+142) -> 7498959234496997599571(+140) -> 7498959234496997599711(+136) -> 7498959234496997599847(+146) -> 7498959234496997599993(+148) -> 7498959234496997600141(+116) -> 7498959234496997600257(+124) -> 7498959234496997600381(+122) -> 7498959234496997600503(+118) -> 7498959234496997600621(+119)
[len 10] 7555578973993879499329(+142) -> 7555578973993879499471(+140) -> 7555578973993879499611(+136) -> 7555578973993879499747(+146) -> 7555578973993879499893(+148) -> 7555578973993879500041(+116) -> 7555578973993879500157(+124) -> 7555578973993879500281(+122) -> 7555578973993879500403(+118) -> 7555578973993879500521(+119)
 44.48%  3.1e+04M cand/s  complete below 7.5563e+21  elapsed 00:24:03  eta 00:30:01  hits=312
[len 10] 7569598668384991799329(+142) -> 7569598668384991799471(+140) -> 7569598668384991799611(+136) -> 7569598668384991799747(+146) -> 7569598668384991799893(+148) -> 7569598668384991800041(+116) -> 7569598668384991800157(+124) -> 7569598668384991800281(+122) -> 7569598668384991800403(+118) -> 7569598668384991800521(+119)
[len 10] 7587189979576791599329(+142) -> 7587189979576791599471(+140) -> 7587189979576791599611(+136) -> 7587189979576791599747(+146) -> 7587189979576791599893(+148) -> 7587189979576791600041(+116) -> 7587189979576791600157(+124) -> 7587189979576791600281(+122) -> 7587189979576791600403(+118) -> 7587189979576791600521(+119)
[len 10] 7596788938718839399429(+142) -> 7596788938718839399571(+140) -> 7596788938718839399711(+136) -> 7596788938718839399847(+146) -> 7596788938718839399993(+148) -> 7596788938718839400141(+116) -> 7596788938718839400257(+124) -> 7596788938718839400381(+122) -> 7596788938718839400503(+118) -> 7596788938718839400621(+119)
[len 10] 7596798076477977599329(+142) -> 7596798076477977599471(+140) -> 7596798076477977599611(+136) -> 7596798076477977599747(+146) -> 7596798076477977599893(+148) -> 7596798076477977600041(+116) -> 7596798076477977600157(+124) -> 7596798076477977600281(+122) -> 7596798076477977600403(+118) -> 7596798076477977600521(+119)
[len 10] 7597859189897064899329(+142) -> 7597859189897064899471(+140) -> 7597859189897064899611(+136) -> 7597859189897064899747(+146) -> 7597859189897064899893(+148) -> 7597859189897064900041(+116) -> 7597859189897064900157(+124) -> 7597859189897064900281(+122) -> 7597859189897064900403(+118) -> 7597859189897064900521(+119)
[len 10] 7599395993198946499429(+142) -> 7599395993198946499571(+140) -> 7599395993198946499711(+136) -> 7599395993198946499847(+146) -> 7599395993198946499993(+148) -> 7599395993198946500141(+116) -> 7599395993198946500257(+124) -> 7599395993198946500381(+122) -> 7599395993198946500503(+118) -> 7599395993198946500621(+119)
[len 10] 7609796988397178599429(+142) -> 7609796988397178599571(+140) -> 7609796988397178599711(+136) -> 7609796988397178599847(+146) -> 7609796988397178599993(+148) -> 7609796988397178600141(+116) -> 7609796988397178600257(+124) -> 7609796988397178600381(+122) -> 7609796988397178600503(+118) -> 7609796988397178600621(+119)
[len 10] 7657661954995989499429(+142) -> 7657661954995989499571(+140) -> 7657661954995989499711(+136) -> 7657661954995989499847(+146) -> 7657661954995989499993(+148) -> 7657661954995989500141(+116) -> 7657661954995989500257(+124) -> 7657661954995989500381(+122) -> 7657661954995989500503(+118) -> 7657661954995989500621(+119)
[len 10] 7658796971478972899329(+142) -> 7658796971478972899471(+140) -> 7658796971478972899611(+136) -> 7658796971478972899747(+146) -> 7658796971478972899893(+148) -> 7658796971478972900041(+116) -> 7658796971478972900157(+124) -> 7658796971478972900281(+122) -> 7658796971478972900403(+118) -> 7658796971478972900521(+119)
 46.35%  3.1e+04M cand/s  complete below 7.6760e+21  elapsed 00:25:03  eta 00:29:00  hits=321
[len 10] 7678783588796364899329(+142) -> 7678783588796364899471(+140) -> 7678783588796364899611(+136) -> 7678783588796364899747(+146) -> 7678783588796364899893(+148) -> 7678783588796364900041(+116) -> 7678783588796364900157(+124) -> 7678783588796364900281(+122) -> 7678783588796364900403(+118) -> 7678783588796364900521(+119)
[len 10] 7687276832959897699429(+142) -> 7687276832959897699571(+140) -> 7687276832959897699711(+136) -> 7687276832959897699847(+146) -> 7687276832959897699993(+148) -> 7687276832959897700141(+116) -> 7687276832959897700257(+124) -> 7687276832959897700381(+122) -> 7687276832959897700503(+118) -> 7687276832959897700621(+119)
[len 10] 7689882777184968599329(+142) -> 7689882777184968599471(+140) -> 7689882777184968599611(+136) -> 7689882777184968599747(+146) -> 7689882777184968599893(+148) -> 7689882777184968600041(+116) -> 7689882777184968600157(+124) -> 7689882777184968600281(+122) -> 7689882777184968600403(+118) -> 7689882777184968600521(+119)
[len 10] 7693887385949896099429(+142) -> 7693887385949896099571(+140) -> 7693887385949896099711(+136) -> 7693887385949896099847(+146) -> 7693887385949896099993(+148) -> 7693887385949896100141(+116) -> 7693887385949896100257(+124) -> 7693887385949896100381(+122) -> 7693887385949896100503(+118) -> 7693887385949896100621(+119)
[len 10] 7696688263678848799429(+142) -> 7696688263678848799571(+140) -> 7696688263678848799711(+136) -> 7696688263678848799847(+146) -> 7696688263678848799993(+148) -> 7696688263678848800141(+116) -> 7696688263678848800257(+124) -> 7696688263678848800381(+122) -> 7696688263678848800503(+118) -> 7696688263678848800621(+119)
[len 10] 7696999390565784799429(+142) -> 7696999390565784799571(+140) -> 7696999390565784799711(+136) -> 7696999390565784799847(+146) -> 7696999390565784799993(+148) -> 7696999390565784800141(+116) -> 7696999390565784800257(+124) -> 7696999390565784800381(+122) -> 7696999390565784800503(+118) -> 7696999390565784800621(+119)
[len 10] 7715937886896978299329(+142) -> 7715937886896978299471(+140) -> 7715937886896978299611(+136) -> 7715937886896978299747(+146) -> 7715937886896978299893(+148) -> 7715937886896978300041(+116) -> 7715937886896978300157(+124) -> 7715937886896978300281(+122) -> 7715937886896978300403(+118) -> 7715937886896978300521(+119)
[len 10] 7717996999198429399429(+142) -> 7717996999198429399571(+140) -> 7717996999198429399711(+136) -> 7717996999198429399847(+146) -> 7717996999198429399993(+148) -> 7717996999198429400141(+116) -> 7717996999198429400257(+124) -> 7717996999198429400381(+122) -> 7717996999198429400503(+118) -> 7717996999198429400621(+119)
[len 10] 7719936889679474699329(+142) -> 7719936889679474699471(+140) -> 7719936889679474699611(+136) -> 7719936889679474699747(+146) -> 7719936889679474699893(+148) -> 7719936889679474700041(+116) -> 7719936889679474700157(+124) -> 7719936889679474700281(+122) -> 7719936889679474700403(+118) -> 7719936889679474700521(+119)
[len 10] 7724939468497979699329(+142) -> 7724939468497979699471(+140) -> 7724939468497979699611(+136) -> 7724939468497979699747(+146) -> 7724939468497979699893(+148) -> 7724939468497979700041(+116) -> 7724939468497979700157(+124) -> 7724939468497979700281(+122) -> 7724939468497979700403(+118) -> 7724939468497979700521(+119)
[len 10] 7736965854679497899329(+142) -> 7736965854679497899471(+140) -> 7736965854679497899611(+136) -> 7736965854679497899747(+146) -> 7736965854679497899893(+148) -> 7736965854679497900041(+116) -> 7736965854679497900157(+124) -> 7736965854679497900281(+122) -> 7736965854679497900403(+118) -> 7736965854679497900521(+119)
[len 10] 7747398987059298799429(+142) -> 7747398987059298799571(+140) -> 7747398987059298799711(+136) -> 7747398987059298799847(+146) -> 7747398987059298799993(+148) -> 7747398987059298800141(+116) -> 7747398987059298800257(+124) -> 7747398987059298800381(+122) -> 7747398987059298800503(+118) -> 7747398987059298800621(+119)
[len 10] 7756439899939567399429(+142) -> 7756439899939567399571(+140) -> 7756439899939567399711(+136) -> 7756439899939567399847(+146) -> 7756439899939567399993(+148) -> 7756439899939567400141(+116) -> 7756439899939567400257(+124) -> 7756439899939567400381(+122) -> 7756439899939567400503(+118) -> 7756439899939567400621(+119)
[len 10] 7757709808388799799429(+142) -> 7757709808388799799571(+140) -> 7757709808388799799711(+136) -> 7757709808388799799847(+146) -> 7757709808388799799993(+148) -> 7757709808388799800141(+116) -> 7757709808388799800257(+124) -> 7757709808388799800381(+122) -> 7757709808388799800503(+118) -> 7757709808388799800621(+119)
[len 10] 7758995462786597599429(+142) -> 7758995462786597599571(+140) -> 7758995462786597599711(+136) -> 7758995462786597599847(+146) -> 7758995462786597599993(+148) -> 7758995462786597600141(+116) -> 7758995462786597600257(+124) -> 7758995462786597600381(+122) -> 7758995462786597600503(+118) -> 7758995462786597600621(+119)
[len 10] 7766228897489877599329(+142) -> 7766228897489877599471(+140) -> 7766228897489877599611(+136) -> 7766228897489877599747(+146) -> 7766228897489877599893(+148) -> 7766228897489877600041(+116) -> 7766228897489877600157(+124) -> 7766228897489877600281(+122) -> 7766228897489877600403(+118) -> 7766228897489877600521(+119)
 48.23%  3.1e+04M cand/s  complete below 7.7695e+21  elapsed 00:26:04  eta 00:27:58  hits=337
[len 10] 7777763259978986399329(+142) -> 7777763259978986399471(+140) -> 7777763259978986399611(+136) -> 7777763259978986399747(+146) -> 7777763259978986399893(+148) -> 7777763259978986400041(+116) -> 7777763259978986400157(+124) -> 7777763259978986400281(+122) -> 7777763259978986400403(+118) -> 7777763259978986400521(+119)
[len 10] 7787655999905577599329(+142) -> 7787655999905577599471(+140) -> 7787655999905577599611(+136) -> 7787655999905577599747(+146) -> 7787655999905577599893(+148) -> 7787655999905577600041(+116) -> 7787655999905577600157(+124) -> 7787655999905577600281(+122) -> 7787655999905577600403(+118) -> 7787655999905577600521(+119)
[len 10] 7789878659691582499429(+142) -> 7789878659691582499571(+140) -> 7789878659691582499711(+136) -> 7789878659691582499847(+146) -> 7789878659691582499993(+148) -> 7789878659691582500141(+116) -> 7789878659691582500257(+124) -> 7789878659691582500381(+122) -> 7789878659691582500503(+118) -> 7789878659691582500621(+119)
[len 10] 7794975889457891399329(+142) -> 7794975889457891399471(+140) -> 7794975889457891399611(+136) -> 7794975889457891399747(+146) -> 7794975889457891399893(+148) -> 7794975889457891400041(+116) -> 7794975889457891400157(+124) -> 7794975889457891400281(+122) -> 7794975889457891400403(+118) -> 7794975889457891400521(+119)
[len 10] 7798872876717487699429(+142) -> 7798872876717487699571(+140) -> 7798872876717487699711(+136) -> 7798872876717487699847(+146) -> 7798872876717487699993(+148) -> 7798872876717487700141(+116) -> 7798872876717487700257(+124) -> 7798872876717487700381(+122) -> 7798872876717487700503(+118) -> 7798872876717487700621(+119)
[len 10] 7820097895987977799429(+142) -> 7820097895987977799571(+140) -> 7820097895987977799711(+136) -> 7820097895987977799847(+146) -> 7820097895987977799993(+148) -> 7820097895987977800141(+116) -> 7820097895987977800257(+124) -> 7820097895987977800381(+122) -> 7820097895987977800503(+118) -> 7820097895987977800621(+119)
[len 10] 7825988898178957199329(+142) -> 7825988898178957199471(+140) -> 7825988898178957199611(+136) -> 7825988898178957199747(+146) -> 7825988898178957199893(+148) -> 7825988898178957200041(+116) -> 7825988898178957200157(+124) -> 7825988898178957200281(+122) -> 7825988898178957200403(+118) -> 7825988898178957200521(+119)
[len 10] 7845939765678548899429(+142) -> 7845939765678548899571(+140) -> 7845939765678548899711(+136) -> 7845939765678548899847(+146) -> 7845939765678548899993(+148) -> 7845939765678548900141(+116) -> 7845939765678548900257(+124) -> 7845939765678548900381(+122) -> 7845939765678548900503(+118) -> 7845939765678548900621(+119)
[len 10] 7847832595977879499429(+142) -> 7847832595977879499571(+140) -> 7847832595977879499711(+136) -> 7847832595977879499847(+146) -> 7847832595977879499993(+148) -> 7847832595977879500141(+116) -> 7847832595977879500257(+124) -> 7847832595977879500381(+122) -> 7847832595977879500503(+118) -> 7847832595977879500621(+119)
 50.13%  3.1e+04M cand/s  complete below 7.8470e+21  elapsed 00:27:04  eta 00:26:56  hits=346
[len 10] 7858889309665859599429(+142) -> 7858889309665859599571(+140) -> 7858889309665859599711(+136) -> 7858889309665859599847(+146) -> 7858889309665859599993(+148) -> 7858889309665859600141(+116) -> 7858889309665859600257(+124) -> 7858889309665859600381(+122) -> 7858889309665859600503(+118) -> 7858889309665859600621(+119)
[len 10] 7869647499832849699429(+142) -> 7869647499832849699571(+140) -> 7869647499832849699711(+136) -> 7869647499832849699847(+146) -> 7869647499832849699993(+148) -> 7869647499832849700141(+116) -> 7869647499832849700257(+124) -> 7869647499832849700381(+122) -> 7869647499832849700503(+118) -> 7869647499832849700621(+119)
[len 10] 7874687543785967899429(+142) -> 7874687543785967899571(+140) -> 7874687543785967899711(+136) -> 7874687543785967899847(+146) -> 7874687543785967899993(+148) -> 7874687543785967900141(+116) -> 7874687543785967900257(+124) -> 7874687543785967900381(+122) -> 7874687543785967900503(+118) -> 7874687543785967900621(+119)
[len 10] 7878079969156788499429(+142) -> 7878079969156788499571(+140) -> 7878079969156788499711(+136) -> 7878079969156788499847(+146) -> 7878079969156788499993(+148) -> 7878079969156788500141(+116) -> 7878079969156788500257(+124) -> 7878079969156788500381(+122) -> 7878079969156788500503(+118) -> 7878079969156788500621(+119)
[len 10] 7883507960989699699429(+142) -> 7883507960989699699571(+140) -> 7883507960989699699711(+136) -> 7883507960989699699847(+146) -> 7883507960989699699993(+148) -> 7883507960989699700141(+116) -> 7883507960989699700257(+124) -> 7883507960989699700381(+122) -> 7883507960989699700503(+118) -> 7883507960989699700621(+119)
[len 10] 7887939770609994899329(+142) -> 7887939770609994899471(+140) -> 7887939770609994899611(+136) -> 7887939770609994899747(+146) -> 7887939770609994899893(+148) -> 7887939770609994900041(+116) -> 7887939770609994900157(+124) -> 7887939770609994900281(+122) -> 7887939770609994900403(+118) -> 7887939770609994900521(+119)
[len 10] 7889668194998443799329(+142) -> 7889668194998443799471(+140) -> 7889668194998443799611(+136) -> 7889668194998443799747(+146) -> 7889668194998443799893(+148) -> 7889668194998443800041(+116) -> 7889668194998443800157(+124) -> 7889668194998443800281(+122) -> 7889668194998443800403(+118) -> 7889668194998443800521(+119)
 52.02%  3.1e+04M cand/s  complete below 7.8956e+21  elapsed 00:28:04  eta 00:25:53  hits=353
[len 10] 7896988609893548299429(+142) -> 7896988609893548299571(+140) -> 7896988609893548299711(+136) -> 7896988609893548299847(+146) -> 7896988609893548299993(+148) -> 7896988609893548300141(+116) -> 7896988609893548300257(+124) -> 7896988609893548300381(+122) -> 7896988609893548300503(+118) -> 7896988609893548300621(+119)
[len 10] 7897975949416567799329(+142) -> 7897975949416567799471(+140) -> 7897975949416567799611(+136) -> 7897975949416567799747(+146) -> 7897975949416567799893(+148) -> 7897975949416567800041(+116) -> 7897975949416567800157(+124) -> 7897975949416567800281(+122) -> 7897975949416567800403(+118) -> 7897975949416567800521(+119)
[len 10] 7899991059498781699429(+142) -> 7899991059498781699571(+140) -> 7899991059498781699711(+136) -> 7899991059498781699847(+146) -> 7899991059498781699993(+148) -> 7899991059498781700141(+116) -> 7899991059498781700257(+124) -> 7899991059498781700381(+122) -> 7899991059498781700503(+118) -> 7899991059498781700621(+119)
[len 10] 7919893771977785599429(+142) -> 7919893771977785599571(+140) -> 7919893771977785599711(+136) -> 7919893771977785599847(+146) -> 7919893771977785599993(+148) -> 7919893771977785600141(+116) -> 7919893771977785600257(+124) -> 7919893771977785600381(+122) -> 7919893771977785600503(+118) -> 7919893771977785600621(+119)
[len 10] 7931989759698358399429(+142) -> 7931989759698358399571(+140) -> 7931989759698358399711(+136) -> 7931989759698358399847(+146) -> 7931989759698358399993(+148) -> 7931989759698358400141(+116) -> 7931989759698358400257(+124) -> 7931989759698358400381(+122) -> 7931989759698358400503(+118) -> 7931989759698358400621(+119)
[len 10] 7936933869849775799329(+142) -> 7936933869849775799471(+140) -> 7936933869849775799611(+136) -> 7936933869849775799747(+146) -> 7936933869849775799893(+148) -> 7936933869849775800041(+116) -> 7936933869849775800157(+124) -> 7936933869849775800281(+122) -> 7936933869849775800403(+118) -> 7936933869849775800521(+119)
[len 10] 7939169569974846799429(+142) -> 7939169569974846799571(+140) -> 7939169569974846799711(+136) -> 7939169569974846799847(+146) -> 7939169569974846799993(+148) -> 7939169569974846800141(+116) -> 7939169569974846800257(+124) -> 7939169569974846800381(+122) -> 7939169569974846800503(+118) -> 7939169569974846800621(+119)
[len 10] 7950957889748777399329(+142) -> 7950957889748777399471(+140) -> 7950957889748777399611(+136) -> 7950957889748777399747(+146) -> 7950957889748777399893(+148) -> 7950957889748777400041(+116) -> 7950957889748777400157(+124) -> 7950957889748777400281(+122) -> 7950957889748777400403(+118) -> 7950957889748777400521(+119)
[len 10] 7958774698287859099429(+142) -> 7958774698287859099571(+140) -> 7958774698287859099711(+136) -> 7958774698287859099847(+146) -> 7958774698287859099993(+148) -> 7958774698287859100141(+116) -> 7958774698287859100257(+124) -> 7958774698287859100381(+122) -> 7958774698287859100503(+118) -> 7958774698287859100621(+119)
[len 10] 7958865994429268899429(+142) -> 7958865994429268899571(+140) -> 7958865994429268899711(+136) -> 7958865994429268899847(+146) -> 7958865994429268899993(+148) -> 7958865994429268900141(+116) -> 7958865994429268900257(+124) -> 7958865994429268900381(+122) -> 7958865994429268900503(+118) -> 7958865994429268900621(+119)
[len 10] 7959687178742598799429(+142) -> 7959687178742598799571(+140) -> 7959687178742598799711(+136) -> 7959687178742598799847(+146) -> 7959687178742598799993(+148) -> 7959687178742598800141(+116) -> 7959687178742598800257(+124) -> 7959687178742598800381(+122) -> 7959687178742598800503(+118) -> 7959687178742598800621(+119)
[len 10] 7962671768778896599429(+142) -> 7962671768778896599571(+140) -> 7962671768778896599711(+136) -> 7962671768778896599847(+146) -> 7962671768778896599993(+148) -> 7962671768778896600141(+116) -> 7962671768778896600257(+124) -> 7962671768778896600381(+122) -> 7962671768778896600503(+118) -> 7962671768778896600621(+119)
[len 10] 7966891798768245799429(+142) -> 7966891798768245799571(+140) -> 7966891798768245799711(+136) -> 7966891798768245799847(+146) -> 7966891798768245799993(+148) -> 7966891798768245800141(+116) -> 7966891798768245800257(+124) -> 7966891798768245800381(+122) -> 7966891798768245800503(+118) -> 7966891798768245800621(+119)
 53.92%  3.11e+04M cand/s  complete below 7.9678e+21  elapsed 00:29:04  eta 00:24:51  hits=366
[len 10] 7975154993399976899329(+142) -> 7975154993399976899471(+140) -> 7975154993399976899611(+136) -> 7975154993399976899747(+146) -> 7975154993399976899893(+148) -> 7975154993399976900041(+116) -> 7975154993399976900157(+124) -> 7975154993399976900281(+122) -> 7975154993399976900403(+118) -> 7975154993399976900521(+119)
[len 10] 7988454946782975799429(+142) -> 7988454946782975799571(+140) -> 7988454946782975799711(+136) -> 7988454946782975799847(+146) -> 7988454946782975799993(+148) -> 7988454946782975800141(+116) -> 7988454946782975800257(+124) -> 7988454946782975800381(+122) -> 7988454946782975800503(+118) -> 7988454946782975800621(+119)
[len 10] 7988687448196845799429(+142) -> 7988687448196845799571(+140) -> 7988687448196845799711(+136) -> 7988687448196845799847(+146) -> 7988687448196845799993(+148) -> 7988687448196845800141(+116) -> 7988687448196845800257(+124) -> 7988687448196845800381(+122) -> 7988687448196845800503(+118) -> 7988687448196845800621(+119)
[len 10] 7989269899730773699429(+142) -> 7989269899730773699571(+140) -> 7989269899730773699711(+136) -> 7989269899730773699847(+146) -> 7989269899730773699993(+148) -> 7989269899730773700141(+116) -> 7989269899730773700257(+124) -> 7989269899730773700381(+122) -> 7989269899730773700503(+118) -> 7989269899730773700621(+119)
 55.82%  3.11e+04M cand/s  complete below 7.9979e+21  elapsed 00:30:04  eta 00:23:48  hits=370
[len 10] 8193789971628889699429(+142) -> 8193789971628889699571(+140) -> 8193789971628889699711(+136) -> 8193789971628889699847(+146) -> 8193789971628889699993(+148) -> 8193789971628889700141(+116) -> 8193789971628889700257(+124) -> 8193789971628889700381(+122) -> 8193789971628889700503(+118) -> 8193789971628889700621(+119)
[len 10] 8219868937959674899429(+142) -> 8219868937959674899571(+140) -> 8219868937959674899711(+136) -> 8219868937959674899847(+146) -> 8219868937959674899993(+148) -> 8219868937959674900141(+116) -> 8219868937959674900257(+124) -> 8219868937959674900381(+122) -> 8219868937959674900503(+118) -> 8219868937959674900621(+119)
[len 10] 8255987646697994699329(+142) -> 8255987646697994699471(+140) -> 8255987646697994699611(+136) -> 8255987646697994699747(+146) -> 8255987646697994699893(+148) -> 8255987646697994700041(+116) -> 8255987646697994700157(+124) -> 8255987646697994700281(+122) -> 8255987646697994700403(+118) -> 8255987646697994700521(+119)
[len 10] 8258939798169298799329(+142) -> 8258939798169298799471(+140) -> 8258939798169298799611(+136) -> 8258939798169298799747(+146) -> 8258939798169298799893(+148) -> 8258939798169298800041(+116) -> 8258939798169298800157(+124) -> 8258939798169298800281(+122) -> 8258939798169298800403(+118) -> 8258939798169298800521(+119)
[len 10] 8259327983979878599429(+142) -> 8259327983979878599571(+140) -> 8259327983979878599711(+136) -> 8259327983979878599847(+146) -> 8259327983979878599993(+148) -> 8259327983979878600141(+116) -> 8259327983979878600257(+124) -> 8259327983979878600381(+122) -> 8259327983979878600503(+118) -> 8259327983979878600621(+119)
[len 10] 8286659939564797799329(+142) -> 8286659939564797799471(+140) -> 8286659939564797799611(+136) -> 8286659939564797799747(+146) -> 8286659939564797799893(+148) -> 8286659939564797800041(+116) -> 8286659939564797800157(+124) -> 8286659939564797800281(+122) -> 8286659939564797800403(+118) -> 8286659939564797800521(+119)
 57.69%  3.11e+04M cand/s  complete below 8.2889e+21  elapsed 00:31:05  eta 00:22:48  hits=376
[len 10] 8296818779708993899429(+142) -> 8296818779708993899571(+140) -> 8296818779708993899711(+136) -> 8296818779708993899847(+146) -> 8296818779708993899993(+148) -> 8296818779708993900141(+116) -> 8296818779708993900257(+124) -> 8296818779708993900381(+122) -> 8296818779708993900503(+118) -> 8296818779708993900621(+119)
[len 10] 8376097899675982799329(+142) -> 8376097899675982799471(+140) -> 8376097899675982799611(+136) -> 8376097899675982799747(+146) -> 8376097899675982799893(+148) -> 8376097899675982800041(+116) -> 8376097899675982800157(+124) -> 8376097899675982800281(+122) -> 8376097899675982800403(+118) -> 8376097899675982800521(+119)
[len 10] 8378651889969589199329(+142) -> 8378651889969589199471(+140) -> 8378651889969589199611(+136) -> 8378651889969589199747(+146) -> 8378651889969589199893(+148) -> 8378651889969589200041(+116) -> 8378651889969589200157(+124) -> 8378651889969589200281(+122) -> 8378651889969589200403(+118) -> 8378651889969589200521(+119)
[len 10] 8379878447779489099429(+142) -> 8379878447779489099571(+140) -> 8379878447779489099711(+136) -> 8379878447779489099847(+146) -> 8379878447779489099993(+148) -> 8379878447779489100141(+116) -> 8379878447779489100257(+124) -> 8379878447779489100381(+122) -> 8379878447779489100503(+118) -> 8379878447779489100621(+119)
[len 10] 8379931995772797799429(+142) -> 8379931995772797799571(+140) -> 8379931995772797799711(+136) -> 8379931995772797799847(+146) -> 8379931995772797799993(+148) -> 8379931995772797800141(+116) -> 8379931995772797800257(+124) -> 8379931995772797800381(+122) -> 8379931995772797800503(+118) -> 8379931995772797800621(+119)
[len 10] 8381598975693965899429(+142) -> 8381598975693965899571(+140) -> 8381598975693965899711(+136) -> 8381598975693965899847(+146) -> 8381598975693965899993(+148) -> 8381598975693965900141(+116) -> 8381598975693965900257(+124) -> 8381598975693965900381(+122) -> 8381598975693965900503(+118) -> 8381598975693965900621(+119)
[len 10] 8387858387538768799429(+142) -> 8387858387538768799571(+140) -> 8387858387538768799711(+136) -> 8387858387538768799847(+146) -> 8387858387538768799993(+148) -> 8387858387538768800141(+116) -> 8387858387538768800257(+124) -> 8387858387538768800381(+122) -> 8387858387538768800503(+118) -> 8387858387538768800621(+119)
[len 10] 8394394986697658599429(+142) -> 8394394986697658599571(+140) -> 8394394986697658599711(+136) -> 8394394986697658599847(+146) -> 8394394986697658599993(+148) -> 8394394986697658600141(+116) -> 8394394986697658600257(+124) -> 8394394986697658600381(+122) -> 8394394986697658600503(+118) -> 8394394986697658600621(+119)
[len 10] 8439562477789986899329(+142) -> 8439562477789986899471(+140) -> 8439562477789986899611(+136) -> 8439562477789986899747(+146) -> 8439562477789986899893(+148) -> 8439562477789986900041(+116) -> 8439562477789986900157(+124) -> 8439562477789986900281(+122) -> 8439562477789986900403(+118) -> 8439562477789986900521(+119)
[len 10] 8443699652797976899429(+142) -> 8443699652797976899571(+140) -> 8443699652797976899711(+136) -> 8443699652797976899847(+146) -> 8443699652797976899993(+148) -> 8443699652797976900141(+116) -> 8443699652797976900257(+124) -> 8443699652797976900381(+122) -> 8443699652797976900503(+118) -> 8443699652797976900621(+119)
[len 10] 8457299798957509699429(+142) -> 8457299798957509699571(+140) -> 8457299798957509699711(+136) -> 8457299798957509699847(+146) -> 8457299798957509699993(+148) -> 8457299798957509700141(+116) -> 8457299798957509700257(+124) -> 8457299798957509700381(+122) -> 8457299798957509700503(+118) -> 8457299798957509700621(+119)
[len 10] 8465667336996999599329(+142) -> 8465667336996999599471(+140) -> 8465667336996999599611(+136) -> 8465667336996999599747(+146) -> 8465667336996999599893(+148) -> 8465667336996999600041(+116) -> 8465667336996999600157(+124) -> 8465667336996999600281(+122) -> 8465667336996999600403(+118) -> 8465667336996999600521(+119)
[len 10] 8465697950969889199429(+142) -> 8465697950969889199571(+140) -> 8465697950969889199711(+136) -> 8465697950969889199847(+146) -> 8465697950969889199993(+148) -> 8465697950969889200141(+116) -> 8465697950969889200257(+124) -> 8465697950969889200381(+122) -> 8465697950969889200503(+118) -> 8465697950969889200621(+119)
[len 10] 8472866497596868699429(+142) -> 8472866497596868699571(+140) -> 8472866497596868699711(+136) -> 8472866497596868699847(+146) -> 8472866497596868699993(+148) -> 8472866497596868700141(+116) -> 8472866497596868700257(+124) -> 8472866497596868700381(+122) -> 8472866497596868700503(+118) -> 8472866497596868700621(+119)
 59.55%  3.11e+04M cand/s  complete below 8.4729e+21  elapsed 00:32:05  eta 00:21:48  hits=390
[len 10] 8495098169788659899329(+142) -> 8495098169788659899471(+140) -> 8495098169788659899611(+136) -> 8495098169788659899747(+146) -> 8495098169788659899893(+148) -> 8495098169788659900041(+116) -> 8495098169788659900157(+124) -> 8495098169788659900281(+122) -> 8495098169788659900403(+118) -> 8495098169788659900521(+119)
[len 10] 8496494949849456899329(+142) -> 8496494949849456899471(+140) -> 8496494949849456899611(+136) -> 8496494949849456899747(+146) -> 8496494949849456899893(+148) -> 8496494949849456900041(+116) -> 8496494949849456900157(+124) -> 8496494949849456900281(+122) -> 8496494949849456900403(+118) -> 8496494949849456900521(+119)
[len 10] 8497678348997359399429(+142) -> 8497678348997359399571(+140) -> 8497678348997359399711(+136) -> 8497678348997359399847(+146) -> 8497678348997359399993(+148) -> 8497678348997359400141(+116) -> 8497678348997359400257(+124) -> 8497678348997359400381(+122) -> 8497678348997359400503(+118) -> 8497678348997359400621(+119)
[len 10] 8498997098616567899329(+142) -> 8498997098616567899471(+140) -> 8498997098616567899611(+136) -> 8498997098616567899747(+146) -> 8498997098616567899893(+148) -> 8498997098616567900041(+116) -> 8498997098616567900157(+124) -> 8498997098616567900281(+122) -> 8498997098616567900403(+118) -> 8498997098616567900521(+119)
[len 10] 8499639364779477799429(+142) -> 8499639364779477799571(+140) -> 8499639364779477799711(+136) -> 8499639364779477799847(+146) -> 8499639364779477799993(+148) -> 8499639364779477800141(+116) -> 8499639364779477800257(+124) -> 8499639364779477800381(+122) -> 8499639364779477800503(+118) -> 8499639364779477800621(+119)
[len 10] 8529995558789049899329(+142) -> 8529995558789049899471(+140) -> 8529995558789049899611(+136) -> 8529995558789049899747(+146) -> 8529995558789049899893(+148) -> 8529995558789049900041(+116) -> 8529995558789049900157(+124) -> 8529995558789049900281(+122) -> 8529995558789049900403(+118) -> 8529995558789049900521(+119)
[len 10] 8534838719739899899429(+142) -> 8534838719739899899571(+140) -> 8534838719739899899711(+136) -> 8534838719739899899847(+146) -> 8534838719739899899993(+148) -> 8534838719739899900141(+116) -> 8534838719739899900257(+124) -> 8534838719739899900381(+122) -> 8534838719739899900503(+118) -> 8534838719739899900621(+119)
[len 10] 8541489967894598599429(+142) -> 8541489967894598599571(+140) -> 8541489967894598599711(+136) -> 8541489967894598599847(+146) -> 8541489967894598599993(+148) -> 8541489967894598600141(+116) -> 8541489967894598600257(+124) -> 8541489967894598600381(+122) -> 8541489967894598600503(+118) -> 8541489967894598600621(+119)
[len 10] 8550899977979541799429(+142) -> 8550899977979541799571(+140) -> 8550899977979541799711(+136) -> 8550899977979541799847(+146) -> 8550899977979541799993(+148) -> 8550899977979541800141(+116) -> 8550899977979541800257(+124) -> 8550899977979541800381(+122) -> 8550899977979541800503(+118) -> 8550899977979541800621(+119)
[len 10] 8559588640569888799429(+142) -> 8559588640569888799571(+140) -> 8559588640569888799711(+136) -> 8559588640569888799847(+146) -> 8559588640569888799993(+148) -> 8559588640569888800141(+116) -> 8559588640569888800257(+124) -> 8559588640569888800381(+122) -> 8559588640569888800503(+118) -> 8559588640569888800621(+119)
[len 10] 8559965978783357699329(+142) -> 8559965978783357699471(+140) -> 8559965978783357699611(+136) -> 8559965978783357699747(+146) -> 8559965978783357699893(+148) -> 8559965978783357700041(+116) -> 8559965978783357700157(+124) -> 8559965978783357700281(+122) -> 8559965978783357700403(+118) -> 8559965978783357700521(+119)
[len 10] 8570459595998698399429(+142) -> 8570459595998698399571(+140) -> 8570459595998698399711(+136) -> 8570459595998698399847(+146) -> 8570459595998698399993(+148) -> 8570459595998698400141(+116) -> 8570459595998698400257(+124) -> 8570459595998698400381(+122) -> 8570459595998698400503(+118) -> 8570459595998698400621(+119)
 61.43%  3.11e+04M cand/s  complete below 8.5858e+21  elapsed 00:33:05  eta 00:20:46  hits=402
[len 10] 8587939577267669599429(+142) -> 8587939577267669599571(+140) -> 8587939577267669599711(+136) -> 8587939577267669599847(+146) -> 8587939577267669599993(+148) -> 8587939577267669600141(+116) -> 8587939577267669600257(+124) -> 8587939577267669600381(+122) -> 8587939577267669600503(+118) -> 8587939577267669600621(+119)
[len 10] 8589398456984466899329(+142) -> 8589398456984466899471(+140) -> 8589398456984466899611(+136) -> 8589398456984466899747(+146) -> 8589398456984466899893(+148) -> 8589398456984466900041(+116) -> 8589398456984466900157(+124) -> 8589398456984466900281(+122) -> 8589398456984466900403(+118) -> 8589398456984466900521(+119)
[len 10] 8599777818668535899329(+142) -> 8599777818668535899471(+140) -> 8599777818668535899611(+136) -> 8599777818668535899747(+146) -> 8599777818668535899893(+148) -> 8599777818668535900041(+116) -> 8599777818668535900157(+124) -> 8599777818668535900281(+122) -> 8599777818668535900403(+118) -> 8599777818668535900521(+119)
[len 10] 8610789879597688399429(+142) -> 8610789879597688399571(+140) -> 8610789879597688399711(+136) -> 8610789879597688399847(+146) -> 8610789879597688399993(+148) -> 8610789879597688400141(+116) -> 8610789879597688400257(+124) -> 8610789879597688400381(+122) -> 8610789879597688400503(+118) -> 8610789879597688400621(+119)
[len 10] 8626579978938982399429(+142) -> 8626579978938982399571(+140) -> 8626579978938982399711(+136) -> 8626579978938982399847(+146) -> 8626579978938982399993(+148) -> 8626579978938982400141(+116) -> 8626579978938982400257(+124) -> 8626579978938982400381(+122) -> 8626579978938982400503(+118) -> 8626579978938982400621(+119)
[len 10] 8628958864995807899329(+142) -> 8628958864995807899471(+140) -> 8628958864995807899611(+136) -> 8628958864995807899747(+146) -> 8628958864995807899893(+148) -> 8628958864995807900041(+116) -> 8628958864995807900157(+124) -> 8628958864995807900281(+122) -> 8628958864995807900403(+118) -> 8628958864995807900521(+119)
[len 10] 8635584761788899799429(+142) -> 8635584761788899799571(+140) -> 8635584761788899799711(+136) -> 8635584761788899799847(+146) -> 8635584761788899799993(+148) -> 8635584761788899800141(+116) -> 8635584761788899800257(+124) -> 8635584761788899800381(+122) -> 8635584761788899800503(+118) -> 8635584761788899800621(+119)
[len 10] 8647879586667488399329(+142) -> 8647879586667488399471(+140) -> 8647879586667488399611(+136) -> 8647879586667488399747(+146) -> 8647879586667488399893(+148) -> 8647879586667488400041(+116) -> 8647879586667488400157(+124) -> 8647879586667488400281(+122) -> 8647879586667488400403(+118) -> 8647879586667488400521(+119)
[len 10] 8657089587898449599329(+142) -> 8657089587898449599471(+140) -> 8657089587898449599611(+136) -> 8657089587898449599747(+146) -> 8657089587898449599893(+148) -> 8657089587898449600041(+116) -> 8657089587898449600157(+124) -> 8657089587898449600281(+122) -> 8657089587898449600403(+118) -> 8657089587898449600521(+119)
[len 10] 8659895848800996899329(+142) -> 8659895848800996899471(+140) -> 8659895848800996899611(+136) -> 8659895848800996899747(+146) -> 8659895848800996899893(+148) -> 8659895848800996900041(+116) -> 8659895848800996900157(+124) -> 8659895848800996900281(+122) -> 8659895848800996900403(+118) -> 8659895848800996900521(+119)
[len 10] 8664869249897379499429(+142) -> 8664869249897379499571(+140) -> 8664869249897379499711(+136) -> 8664869249897379499847(+146) -> 8664869249897379499993(+148) -> 8664869249897379500141(+116) -> 8664869249897379500257(+124) -> 8664869249897379500381(+122) -> 8664869249897379500503(+118) -> 8664869249897379500621(+119)
[len 10] 8667858883734769699429(+142) -> 8667858883734769699571(+140) -> 8667858883734769699711(+136) -> 8667858883734769699847(+146) -> 8667858883734769699993(+148) -> 8667858883734769700141(+116) -> 8667858883734769700257(+124) -> 8667858883734769700381(+122) -> 8667858883734769700503(+118) -> 8667858883734769700621(+119)
[len 10] 8668982884984149799429(+142) -> 8668982884984149799571(+140) -> 8668982884984149799711(+136) -> 8668982884984149799847(+146) -> 8668982884984149799993(+148) -> 8668982884984149800141(+116) -> 8668982884984149800257(+124) -> 8668982884984149800381(+122) -> 8668982884984149800503(+118) -> 8668982884984149800621(+119)
[len 10] 8669858688693937099429(+142) -> 8669858688693937099571(+140) -> 8669858688693937099711(+136) -> 8669858688693937099847(+146) -> 8669858688693937099993(+148) -> 8669858688693937100141(+116) -> 8669858688693937100257(+124) -> 8669858688693937100381(+122) -> 8669858688693937100503(+118) -> 8669858688693937100621(+119)
[len 10] 8678350682989778899429(+142) -> 8678350682989778899571(+140) -> 8678350682989778899711(+136) -> 8678350682989778899847(+146) -> 8678350682989778899993(+148) -> 8678350682989778900141(+116) -> 8678350682989778900257(+124) -> 8678350682989778900381(+122) -> 8678350682989778900503(+118) -> 8678350682989778900621(+119)
[len 10] 8678887189445888299429(+142) -> 8678887189445888299571(+140) -> 8678887189445888299711(+136) -> 8678887189445888299847(+146) -> 8678887189445888299993(+148) -> 8678887189445888300141(+116) -> 8678887189445888300257(+124) -> 8678887189445888300381(+122) -> 8678887189445888300503(+118) -> 8678887189445888300621(+119)
 63.31%  3.11e+04M cand/s  complete below 8.6787e+21  elapsed 00:34:05  eta 00:19:45  hits=418
[len 10] 8688999757567751399329(+142) -> 8688999757567751399471(+140) -> 8688999757567751399611(+136) -> 8688999757567751399747(+146) -> 8688999757567751399893(+148) -> 8688999757567751400041(+116) -> 8688999757567751400157(+124) -> 8688999757567751400281(+122) -> 8688999757567751400403(+118) -> 8688999757567751400521(+119)
[len 10] 8689687618654948699429(+142) -> 8689687618654948699571(+140) -> 8689687618654948699711(+136) -> 8689687618654948699847(+146) -> 8689687618654948699993(+148) -> 8689687618654948700141(+116) -> 8689687618654948700257(+124) -> 8689687618654948700381(+122) -> 8689687618654948700503(+118) -> 8689687618654948700621(+119)
[len 10] 8693687666653978799329(+142) -> 8693687666653978799471(+140) -> 8693687666653978799611(+136) -> 8693687666653978799747(+146) -> 8693687666653978799893(+148) -> 8693687666653978800041(+116) -> 8693687666653978800157(+124) -> 8693687666653978800281(+122) -> 8693687666653978800403(+118) -> 8693687666653978800521(+119)
[len 10] 8695954599867265699429(+142) -> 8695954599867265699571(+140) -> 8695954599867265699711(+136) -> 8695954599867265699847(+146) -> 8695954599867265699993(+148) -> 8695954599867265700141(+116) -> 8695954599867265700257(+124) -> 8695954599867265700381(+122) -> 8695954599867265700503(+118) -> 8695954599867265700621(+119)
[len 10] 8696971839949753699429(+142) -> 8696971839949753699571(+140) -> 8696971839949753699711(+136) -> 8696971839949753699847(+146) -> 8696971839949753699993(+148) -> 8696971839949753700141(+116) -> 8696971839949753700257(+124) -> 8696971839949753700381(+122) -> 8696971839949753700503(+118) -> 8696971839949753700621(+119)
[len 10] 8699976445698457499329(+142) -> 8699976445698457499471(+140) -> 8699976445698457499611(+136) -> 8699976445698457499747(+146) -> 8699976445698457499893(+148) -> 8699976445698457500041(+116) -> 8699976445698457500157(+124) -> 8699976445698457500281(+122) -> 8699976445698457500403(+118) -> 8699976445698457500521(+119)
[len 10] 8709966775699673599429(+142) -> 8709966775699673599571(+140) -> 8709966775699673599711(+136) -> 8709966775699673599847(+146) -> 8709966775699673599993(+148) -> 8709966775699673600141(+116) -> 8709966775699673600257(+124) -> 8709966775699673600381(+122) -> 8709966775699673600503(+118) -> 8709966775699673600621(+119)
[len 10] 8729786788840884899329(+142) -> 8729786788840884899471(+140) -> 8729786788840884899611(+136) -> 8729786788840884899747(+146) -> 8729786788840884899893(+148) -> 8729786788840884900041(+116) -> 8729786788840884900157(+124) -> 8729786788840884900281(+122) -> 8729786788840884900403(+118) -> 8729786788840884900521(+119)
[len 10] 8739684691758885899329(+142) -> 8739684691758885899471(+140) -> 8739684691758885899611(+136) -> 8739684691758885899747(+146) -> 8739684691758885899893(+148) -> 8739684691758885900041(+116) -> 8739684691758885900157(+124) -> 8739684691758885900281(+122) -> 8739684691758885900403(+118) -> 8739684691758885900521(+119)
[len 10] 8748669972977237899429(+142) -> 8748669972977237899571(+140) -> 8748669972977237899711(+136) -> 8748669972977237899847(+146) -> 8748669972977237899993(+148) -> 8748669972977237900141(+116) -> 8748669972977237900257(+124) -> 8748669972977237900381(+122) -> 8748669972977237900503(+118) -> 8748669972977237900621(+119)
[len 10] 8752969697293488899329(+142) -> 8752969697293488899471(+140) -> 8752969697293488899611(+136) -> 8752969697293488899747(+146) -> 8752969697293488899893(+148) -> 8752969697293488900041(+116) -> 8752969697293488900157(+124) -> 8752969697293488900281(+122) -> 8752969697293488900403(+118) -> 8752969697293488900521(+119)
 65.19%  3.11e+04M cand/s  complete below 8.7580e+21  elapsed 00:35:05  eta 00:18:44  hits=429
[len 10] 8763749922999836899429(+142) -> 8763749922999836899571(+140) -> 8763749922999836899711(+136) -> 8763749922999836899847(+146) -> 8763749922999836899993(+148) -> 8763749922999836900141(+116) -> 8763749922999836900257(+124) -> 8763749922999836900381(+122) -> 8763749922999836900503(+118) -> 8763749922999836900621(+119)
[len 10] 8764976297946596699329(+142) -> 8764976297946596699471(+140) -> 8764976297946596699611(+136) -> 8764976297946596699747(+146) -> 8764976297946596699893(+148) -> 8764976297946596700041(+116) -> 8764976297946596700157(+124) -> 8764976297946596700281(+122) -> 8764976297946596700403(+118) -> 8764976297946596700521(+119)
[len 10] 8776946716998758299429(+142) -> 8776946716998758299571(+140) -> 8776946716998758299711(+136) -> 8776946716998758299847(+146) -> 8776946716998758299993(+148) -> 8776946716998758300141(+116) -> 8776946716998758300257(+124) -> 8776946716998758300381(+122) -> 8776946716998758300503(+118) -> 8776946716998758300621(+119)
[len 10] 8779897637389393399429(+142) -> 8779897637389393399571(+140) -> 8779897637389393399711(+136) -> 8779897637389393399847(+146) -> 8779897637389393399993(+148) -> 8779897637389393400141(+116) -> 8779897637389393400257(+124) -> 8779897637389393400381(+122) -> 8779897637389393400503(+118) -> 8779897637389393400621(+119)
[len 10] 8781779899478390699329(+142) -> 8781779899478390699471(+140) -> 8781779899478390699611(+136) -> 8781779899478390699747(+146) -> 8781779899478390699893(+148) -> 8781779899478390700041(+116) -> 8781779899478390700157(+124) -> 8781779899478390700281(+122) -> 8781779899478390700403(+118) -> 8781779899478390700521(+119)
[len 10] 8788528337989836899329(+142) -> 8788528337989836899471(+140) -> 8788528337989836899611(+136) -> 8788528337989836899747(+146) -> 8788528337989836899893(+148) -> 8788528337989836900041(+116) -> 8788528337989836900157(+124) -> 8788528337989836900281(+122) -> 8788528337989836900403(+118) -> 8788528337989836900521(+119)
[len 10] 8788627886773993399429(+142) -> 8788627886773993399571(+140) -> 8788627886773993399711(+136) -> 8788627886773993399847(+146) -> 8788627886773993399993(+148) -> 8788627886773993400141(+116) -> 8788627886773993400257(+124) -> 8788627886773993400381(+122) -> 8788627886773993400503(+118) -> 8788627886773993400621(+119)
[len 10] 8789534858819479799329(+142) -> 8789534858819479799471(+140) -> 8789534858819479799611(+136) -> 8789534858819479799747(+146) -> 8789534858819479799893(+148) -> 8789534858819479800041(+116) -> 8789534858819479800157(+124) -> 8789534858819479800281(+122) -> 8789534858819479800403(+118) -> 8789534858819479800521(+119)
[len 10] 8789789288536678199329(+142) -> 8789789288536678199471(+140) -> 8789789288536678199611(+136) -> 8789789288536678199747(+146) -> 8789789288536678199893(+148) -> 8789789288536678200041(+116) -> 8789789288536678200157(+124) -> 8789789288536678200281(+122) -> 8789789288536678200403(+118) -> 8789789288536678200521(+119)
[len 10] 8789899856544774199429(+142) -> 8789899856544774199571(+140) -> 8789899856544774199711(+136) -> 8789899856544774199847(+146) -> 8789899856544774199993(+148) -> 8789899856544774200141(+116) -> 8789899856544774200257(+124) -> 8789899856544774200381(+122) -> 8789899856544774200503(+118) -> 8789899856544774200621(+119)
[len 10] 8793237798887947399429(+142) -> 8793237798887947399571(+140) -> 8793237798887947399711(+136) -> 8793237798887947399847(+146) -> 8793237798887947399993(+148) -> 8793237798887947400141(+116) -> 8793237798887947400257(+124) -> 8793237798887947400381(+122) -> 8793237798887947400503(+118) -> 8793237798887947400621(+119)
[len 10] 8793888147929675899429(+142) -> 8793888147929675899571(+140) -> 8793888147929675899711(+136) -> 8793888147929675899847(+146) -> 8793888147929675899993(+148) -> 8793888147929675900141(+116) -> 8793888147929675900257(+124) -> 8793888147929675900381(+122) -> 8793888147929675900503(+118) -> 8793888147929675900621(+119)
[len 10] 8795288971667765899429(+142) -> 8795288971667765899571(+140) -> 8795288971667765899711(+136) -> 8795288971667765899847(+146) -> 8795288971667765899993(+148) -> 8795288971667765900141(+116) -> 8795288971667765900257(+124) -> 8795288971667765900381(+122) -> 8795288971667765900503(+118) -> 8795288971667765900621(+119)
[len 10] 8796943375988880799429(+142) -> 8796943375988880799571(+140) -> 8796943375988880799711(+136) -> 8796943375988880799847(+146) -> 8796943375988880799993(+148) -> 8796943375988880800141(+116) -> 8796943375988880800257(+124) -> 8796943375988880800381(+122) -> 8796943375988880800503(+118) -> 8796943375988880800621(+119)
[len 10] 8797167878648847599329(+142) -> 8797167878648847599471(+140) -> 8797167878648847599611(+136) -> 8797167878648847599747(+146) -> 8797167878648847599893(+148) -> 8797167878648847600041(+116) -> 8797167878648847600157(+124) -> 8797167878648847600281(+122) -> 8797167878648847600403(+118) -> 8797167878648847600521(+119)
[len 10] 8798159777585578499329(+142) -> 8798159777585578499471(+140) -> 8798159777585578499611(+136) -> 8798159777585578499747(+146) -> 8798159777585578499893(+148) -> 8798159777585578500041(+116) -> 8798159777585578500157(+124) -> 8798159777585578500281(+122) -> 8798159777585578500403(+118) -> 8798159777585578500521(+119)
[len 10] 8798698769813186599429(+142) -> 8798698769813186599571(+140) -> 8798698769813186599711(+136) -> 8798698769813186599847(+146) -> 8798698769813186599993(+148) -> 8798698769813186600141(+116) -> 8798698769813186600257(+124) -> 8798698769813186600381(+122) -> 8798698769813186600503(+118) -> 8798698769813186600621(+119)
 67.09%  3.11e+04M cand/s  complete below 8.7987e+21  elapsed 00:36:06  eta 00:17:42  hits=446
[len 10] 8798859638976180899329(+142) -> 8798859638976180899471(+140) -> 8798859638976180899611(+136) -> 8798859638976180899747(+146) -> 8798859638976180899893(+148) -> 8798859638976180900041(+116) -> 8798859638976180900157(+124) -> 8798859638976180900281(+122) -> 8798859638976180900403(+118) -> 8798859638976180900521(+119)
[len 10] 8799457564764886699429(+142) -> 8799457564764886699571(+140) -> 8799457564764886699711(+136) -> 8799457564764886699847(+146) -> 8799457564764886699993(+148) -> 8799457564764886700141(+116) -> 8799457564764886700257(+124) -> 8799457564764886700381(+122) -> 8799457564764886700503(+118) -> 8799457564764886700621(+119)
[len 10] 8809570689968799199429(+142) -> 8809570689968799199571(+140) -> 8809570689968799199711(+136) -> 8809570689968799199847(+146) -> 8809570689968799199993(+148) -> 8809570689968799200141(+116) -> 8809570689968799200257(+124) -> 8809570689968799200381(+122) -> 8809570689968799200503(+118) -> 8809570689968799200621(+119)
[len 10] 8814473894879697899329(+142) -> 8814473894879697899471(+140) -> 8814473894879697899611(+136) -> 8814473894879697899747(+146) -> 8814473894879697899893(+148) -> 8814473894879697900041(+116) -> 8814473894879697900157(+124) -> 8814473894879697900281(+122) -> 8814473894879697900403(+118) -> 8814473894879697900521(+119)
[len 10] 8820899488558876699429(+142) -> 8820899488558876699571(+140) -> 8820899488558876699711(+136) -> 8820899488558876699847(+146) -> 8820899488558876699993(+148) -> 8820899488558876700141(+116) -> 8820899488558876700257(+124) -> 8820899488558876700381(+122) -> 8820899488558876700503(+118) -> 8820899488558876700621(+119)
[len 10] 8823858399479868599329(+142) -> 8823858399479868599471(+140) -> 8823858399479868599611(+136) -> 8823858399479868599747(+146) -> 8823858399479868599893(+148) -> 8823858399479868600041(+116) -> 8823858399479868600157(+124) -> 8823858399479868600281(+122) -> 8823858399479868600403(+118) -> 8823858399479868600521(+119)
[len 10] 8824685488967369899429(+142) -> 8824685488967369899571(+140) -> 8824685488967369899711(+136) -> 8824685488967369899847(+146) -> 8824685488967369899993(+148) -> 8824685488967369900141(+116) -> 8824685488967369900257(+124) -> 8824685488967369900381(+122) -> 8824685488967369900503(+118) -> 8824685488967369900621(+119)
[len 10] 8828691719898386899429(+142) -> 8828691719898386899571(+140) -> 8828691719898386899711(+136) -> 8828691719898386899847(+146) -> 8828691719898386899993(+148) -> 8828691719898386900141(+116) -> 8828691719898386900257(+124) -> 8828691719898386900381(+122) -> 8828691719898386900503(+118) -> 8828691719898386900621(+119)
[len 10] 8829692779156977799429(+142) -> 8829692779156977799571(+140) -> 8829692779156977799711(+136) -> 8829692779156977799847(+146) -> 8829692779156977799993(+148) -> 8829692779156977800141(+116) -> 8829692779156977800257(+124) -> 8829692779156977800381(+122) -> 8829692779156977800503(+118) -> 8829692779156977800621(+119)
[len 10] 8837793629785885799329(+142) -> 8837793629785885799471(+140) -> 8837793629785885799611(+136) -> 8837793629785885799747(+146) -> 8837793629785885799893(+148) -> 8837793629785885800041(+116) -> 8837793629785885800157(+124) -> 8837793629785885800281(+122) -> 8837793629785885800403(+118) -> 8837793629785885800521(+119)
[len 10] 8846958908917794799429(+142) -> 8846958908917794799571(+140) -> 8846958908917794799711(+136) -> 8846958908917794799847(+146) -> 8846958908917794799993(+148) -> 8846958908917794800141(+116) -> 8846958908917794800257(+124) -> 8846958908917794800381(+122) -> 8846958908917794800503(+118) -> 8846958908917794800621(+119)
[len 10] 8849885444868699199429(+142) -> 8849885444868699199571(+140) -> 8849885444868699199711(+136) -> 8849885444868699199847(+146) -> 8849885444868699199993(+148) -> 8849885444868699200141(+116) -> 8849885444868699200257(+124) -> 8849885444868699200381(+122) -> 8849885444868699200503(+118) -> 8849885444868699200621(+119)
[len 10] 8849994389099463799429(+142) -> 8849994389099463799571(+140) -> 8849994389099463799711(+136) -> 8849994389099463799847(+146) -> 8849994389099463799993(+148) -> 8849994389099463800141(+116) -> 8849994389099463800257(+124) -> 8849994389099463800381(+122) -> 8849994389099463800503(+118) -> 8849994389099463800621(+119)
[len 10] 8853682799968835599429(+142) -> 8853682799968835599571(+140) -> 8853682799968835599711(+136) -> 8853682799968835599847(+146) -> 8853682799968835599993(+148) -> 8853682799968835600141(+116) -> 8853682799968835600257(+124) -> 8853682799968835600381(+122) -> 8853682799968835600503(+118) -> 8853682799968835600621(+119)
[len 10] 8855639359989389299429(+142) -> 8855639359989389299571(+140) -> 8855639359989389299711(+136) -> 8855639359989389299847(+146) -> 8855639359989389299993(+148) -> 8855639359989389300141(+116) -> 8855639359989389300257(+124) -> 8855639359989389300381(+122) -> 8855639359989389300503(+118) -> 8855639359989389300621(+119)
[len 10] 8861768478938774899429(+142) -> 8861768478938774899571(+140) -> 8861768478938774899711(+136) -> 8861768478938774899847(+146) -> 8861768478938774899993(+148) -> 8861768478938774900141(+116) -> 8861768478938774900257(+124) -> 8861768478938774900381(+122) -> 8861768478938774900503(+118) -> 8861768478938774900621(+119)
[len 10] 8862546858998397599329(+142) -> 8862546858998397599471(+140) -> 8862546858998397599611(+136) -> 8862546858998397599747(+146) -> 8862546858998397599893(+148) -> 8862546858998397600041(+116) -> 8862546858998397600157(+124) -> 8862546858998397600281(+122) -> 8862546858998397600403(+118) -> 8862546858998397600521(+119)
[len 10] 8867229898086598699429(+142) -> 8867229898086598699571(+140) -> 8867229898086598699711(+136) -> 8867229898086598699847(+146) -> 8867229898086598699993(+148) -> 8867229898086598700141(+116) -> 8867229898086598700257(+124) -> 8867229898086598700381(+122) -> 8867229898086598700503(+118) -> 8867229898086598700621(+119)
[len 10] 8868984872457099799429(+142) -> 8868984872457099799571(+140) -> 8868984872457099799711(+136) -> 8868984872457099799847(+146) -> 8868984872457099799993(+148) -> 8868984872457099800141(+116) -> 8868984872457099800257(+124) -> 8868984872457099800381(+122) -> 8868984872457099800503(+118) -> 8868984872457099800621(+119)
[len 10] 8869446788248975699429(+142) -> 8869446788248975699571(+140) -> 8869446788248975699711(+136) -> 8869446788248975699847(+146) -> 8869446788248975699993(+148) -> 8869446788248975700141(+116) -> 8869446788248975700257(+124) -> 8869446788248975700381(+122) -> 8869446788248975700503(+118) -> 8869446788248975700621(+119)
 68.98%  3.11e+04M cand/s  complete below 8.8735e+21  elapsed 00:37:06  eta 00:16:41  hits=466
[len 10] 8879849095178289899329(+142) -> 8879849095178289899471(+140) -> 8879849095178289899611(+136) -> 8879849095178289899747(+146) -> 8879849095178289899893(+148) -> 8879849095178289900041(+116) -> 8879849095178289900157(+124) -> 8879849095178289900281(+122) -> 8879849095178289900403(+118) -> 8879849095178289900521(+119)
[len 10] 8879993749354986299329(+142) -> 8879993749354986299471(+140) -> 8879993749354986299611(+136) -> 8879993749354986299747(+146) -> 8879993749354986299893(+148) -> 8879993749354986300041(+116) -> 8879993749354986300157(+124) -> 8879993749354986300281(+122) -> 8879993749354986300403(+118) -> 8879993749354986300521(+119)
[len 10] 8883978443897848399429(+142) -> 8883978443897848399571(+140) -> 8883978443897848399711(+136) -> 8883978443897848399847(+146) -> 8883978443897848399993(+148) -> 8883978443897848400141(+116) -> 8883978443897848400257(+124) -> 8883978443897848400381(+122) -> 8883978443897848400503(+118) -> 8883978443897848400621(+119)
[len 10] 8885589889924851599329(+142) -> 8885589889924851599471(+140) -> 8885589889924851599611(+136) -> 8885589889924851599747(+146) -> 8885589889924851599893(+148) -> 8885589889924851600041(+116) -> 8885589889924851600157(+124) -> 8885589889924851600281(+122) -> 8885589889924851600403(+118) -> 8885589889924851600521(+119)
[len 10] 8886463496999956099429(+142) -> 8886463496999956099571(+140) -> 8886463496999956099711(+136) -> 8886463496999956099847(+146) -> 8886463496999956099993(+148) -> 8886463496999956100141(+116) -> 8886463496999956100257(+124) -> 8886463496999956100381(+122) -> 8886463496999956100503(+118) -> 8886463496999956100621(+119)
[len 10] 8888578761799387099429(+142) -> 8888578761799387099571(+140) -> 8888578761799387099711(+136) -> 8888578761799387099847(+146) -> 8888578761799387099993(+148) -> 8888578761799387100141(+116) -> 8888578761799387100257(+124) -> 8888578761799387100381(+122) -> 8888578761799387100503(+118) -> 8888578761799387100621(+119)
[len 10] 8889697183787456599429(+142) -> 8889697183787456599571(+140) -> 8889697183787456599711(+136) -> 8889697183787456599847(+146) -> 8889697183787456599993(+148) -> 8889697183787456600141(+116) -> 8889697183787456600257(+124) -> 8889697183787456600381(+122) -> 8889697183787456600503(+118) -> 8889697183787456600621(+119)
[len 10] 8889970389955743899329(+142) -> 8889970389955743899471(+140) -> 8889970389955743899611(+136) -> 8889970389955743899747(+146) -> 8889970389955743899893(+148) -> 8889970389955743900041(+116) -> 8889970389955743900157(+124) -> 8889970389955743900281(+122) -> 8889970389955743900403(+118) -> 8889970389955743900521(+119)
[len 10] 8892984188276778899329(+142) -> 8892984188276778899471(+140) -> 8892984188276778899611(+136) -> 8892984188276778899747(+146) -> 8892984188276778899893(+148) -> 8892984188276778900041(+116) -> 8892984188276778900157(+124) -> 8892984188276778900281(+122) -> 8892984188276778900403(+118) -> 8892984188276778900521(+119)
[len 10] 8893965998375248799329(+142) -> 8893965998375248799471(+140) -> 8893965998375248799611(+136) -> 8893965998375248799747(+146) -> 8893965998375248799893(+148) -> 8893965998375248800041(+116) -> 8893965998375248800157(+124) -> 8893965998375248800281(+122) -> 8893965998375248800403(+118) -> 8893965998375248800521(+119)
[len 10] 8894569588929684199429(+142) -> 8894569588929684199571(+140) -> 8894569588929684199711(+136) -> 8894569588929684199847(+146) -> 8894569588929684199993(+148) -> 8894569588929684200141(+116) -> 8894569588929684200257(+124) -> 8894569588929684200381(+122) -> 8894569588929684200503(+118) -> 8894569588929684200621(+119)
[len 10] 8898571979738179399429(+142) -> 8898571979738179399571(+140) -> 8898571979738179399711(+136) -> 8898571979738179399847(+146) -> 8898571979738179399993(+148) -> 8898571979738179400141(+116) -> 8898571979738179400257(+124) -> 8898571979738179400381(+122) -> 8898571979738179400503(+118) -> 8898571979738179400621(+119)
[len 10] 8899028669757693799429(+142) -> 8899028669757693799571(+140) -> 8899028669757693799711(+136) -> 8899028669757693799847(+146) -> 8899028669757693799993(+148) -> 8899028669757693800141(+116) -> 8899028669757693800257(+124) -> 8899028669757693800381(+122) -> 8899028669757693800503(+118) -> 8899028669757693800621(+119)
[len 10] 8899441799398925699329(+142) -> 8899441799398925699471(+140) -> 8899441799398925699611(+136) -> 8899441799398925699747(+146) -> 8899441799398925699893(+148) -> 8899441799398925700041(+116) -> 8899441799398925700157(+124) -> 8899441799398925700281(+122) -> 8899441799398925700403(+118) -> 8899441799398925700521(+119)
[len 10] 8899788883720917799429(+142) -> 8899788883720917799571(+140) -> 8899788883720917799711(+136) -> 8899788883720917799847(+146) -> 8899788883720917799993(+148) -> 8899788883720917800141(+116) -> 8899788883720917800257(+124) -> 8899788883720917800381(+122) -> 8899788883720917800503(+118) -> 8899788883720917800621(+119)
 70.88%  3.12e+04M cand/s  complete below 8.8998e+21  elapsed 00:38:06  eta 00:15:39  hits=481
[len 10] 8917838898979185199429(+142) -> 8917838898979185199571(+140) -> 8917838898979185199711(+136) -> 8917838898979185199847(+146) -> 8917838898979185199993(+148) -> 8917838898979185200141(+116) -> 8917838898979185200257(+124) -> 8917838898979185200381(+122) -> 8917838898979185200503(+118) -> 8917838898979185200621(+119)
[len 10] 8921697679960896799429(+142) -> 8921697679960896799571(+140) -> 8921697679960896799711(+136) -> 8921697679960896799847(+146) -> 8921697679960896799993(+148) -> 8921697679960896800141(+116) -> 8921697679960896800257(+124) -> 8921697679960896800381(+122) -> 8921697679960896800503(+118) -> 8921697679960896800621(+119)
[len 10] 8927488918428969799429(+142) -> 8927488918428969799571(+140) -> 8927488918428969799711(+136) -> 8927488918428969799847(+146) -> 8927488918428969799993(+148) -> 8927488918428969800141(+116) -> 8927488918428969800257(+124) -> 8927488918428969800381(+122) -> 8927488918428969800503(+118) -> 8927488918428969800621(+119)
[len 10] 8927955872999921899429(+142) -> 8927955872999921899571(+140) -> 8927955872999921899711(+136) -> 8927955872999921899847(+146) -> 8927955872999921899993(+148) -> 8927955872999921900141(+116) -> 8927955872999921900257(+124) -> 8927955872999921900381(+122) -> 8927955872999921900503(+118) -> 8927955872999921900621(+119)
[len 10] 8928975906859484899429(+142) -> 8928975906859484899571(+140) -> 8928975906859484899711(+136) -> 8928975906859484899847(+146) -> 8928975906859484899993(+148) -> 8928975906859484900141(+116) -> 8928975906859484900257(+124) -> 8928975906859484900381(+122) -> 8928975906859484900503(+118) -> 8928975906859484900621(+119)
[len 10] 8934974617689974899429(+142) -> 8934974617689974899571(+140) -> 8934974617689974899711(+136) -> 8934974617689974899847(+146) -> 8934974617689974899993(+148) -> 8934974617689974900141(+116) -> 8934974617689974900257(+124) -> 8934974617689974900381(+122) -> 8934974617689974900503(+118) -> 8934974617689974900621(+119)
[len 10] 8938355668778389799329(+142) -> 8938355668778389799471(+140) -> 8938355668778389799611(+136) -> 8938355668778389799747(+146) -> 8938355668778389799893(+148) -> 8938355668778389800041(+116) -> 8938355668778389800157(+124) -> 8938355668778389800281(+122) -> 8938355668778389800403(+118) -> 8938355668778389800521(+119)
[len 10] 8939465855928877699429(+142) -> 8939465855928877699571(+140) -> 8939465855928877699711(+136) -> 8939465855928877699847(+146) -> 8939465855928877699993(+148) -> 8939465855928877700141(+116) -> 8939465855928877700257(+124) -> 8939465855928877700381(+122) -> 8939465855928877700503(+118) -> 8939465855928877700621(+119)
[len 10] 8945998221468999799429(+142) -> 8945998221468999799571(+140) -> 8945998221468999799711(+136) -> 8945998221468999799847(+146) -> 8945998221468999799993(+148) -> 8945998221468999800141(+116) -> 8945998221468999800257(+124) -> 8945998221468999800381(+122) -> 8945998221468999800503(+118) -> 8945998221468999800621(+119)
[len 10] 8947934698477548899329(+142) -> 8947934698477548899471(+140) -> 8947934698477548899611(+136) -> 8947934698477548899747(+146) -> 8947934698477548899893(+148) -> 8947934698477548900041(+116) -> 8947934698477548900157(+124) -> 8947934698477548900281(+122) -> 8947934698477548900403(+118) -> 8947934698477548900521(+119)
[len 10] 8956997269427767799329(+142) -> 8956997269427767799471(+140) -> 8956997269427767799611(+136) -> 8956997269427767799747(+146) -> 8956997269427767799893(+148) -> 8956997269427767800041(+116) -> 8956997269427767800157(+124) -> 8956997269427767800281(+122) -> 8956997269427767800403(+118) -> 8956997269427767800521(+119)
[len 10] 8957094957888367699429(+142) -> 8957094957888367699571(+140) -> 8957094957888367699711(+136) -> 8957094957888367699847(+146) -> 8957094957888367699993(+148) -> 8957094957888367700141(+116) -> 8957094957888367700257(+124) -> 8957094957888367700381(+122) -> 8957094957888367700503(+118) -> 8957094957888367700621(+119)
[len 10] 8958779950946259799429(+142) -> 8958779950946259799571(+140) -> 8958779950946259799711(+136) -> 8958779950946259799847(+146) -> 8958779950946259799993(+148) -> 8958779950946259800141(+116) -> 8958779950946259800257(+124) -> 8958779950946259800381(+122) -> 8958779950946259800503(+118) -> 8958779950946259800621(+119)
[len 10] 8959539295671986899429(+142) -> 8959539295671986899571(+140) -> 8959539295671986899711(+136) -> 8959539295671986899847(+146) -> 8959539295671986899993(+148) -> 8959539295671986900141(+116) -> 8959539295671986900257(+124) -> 8959539295671986900381(+122) -> 8959539295671986900503(+118) -> 8959539295671986900621(+119)
[len 10] 8959697824894916599429(+142) -> 8959697824894916599571(+140) -> 8959697824894916599711(+136) -> 8959697824894916599847(+146) -> 8959697824894916599993(+148) -> 8959697824894916600141(+116) -> 8959697824894916600257(+124) -> 8959697824894916600381(+122) -> 8959697824894916600503(+118) -> 8959697824894916600621(+119)
 72.77%  3.12e+04M cand/s  complete below 8.9678e+21  elapsed 00:39:06  eta 00:14:38  hits=496
[len 10] 8969867377399264799329(+142) -> 8969867377399264799471(+140) -> 8969867377399264799611(+136) -> 8969867377399264799747(+146) -> 8969867377399264799893(+148) -> 8969867377399264800041(+116) -> 8969867377399264800157(+124) -> 8969867377399264800281(+122) -> 8969867377399264800403(+118) -> 8969867377399264800521(+119)
[len 10] 8969937434569956799429(+142) -> 8969937434569956799571(+140) -> 8969937434569956799711(+136) -> 8969937434569956799847(+146) -> 8969937434569956799993(+148) -> 8969937434569956800141(+116) -> 8969937434569956800257(+124) -> 8969937434569956800381(+122) -> 8969937434569956800503(+118) -> 8969937434569956800621(+119)
[len 10] 8970791974809968899429(+142) -> 8970791974809968899571(+140) -> 8970791974809968899711(+136) -> 8970791974809968899847(+146) -> 8970791974809968899993(+148) -> 8970791974809968900141(+116) -> 8970791974809968900257(+124) -> 8970791974809968900381(+122) -> 8970791974809968900503(+118) -> 8970791974809968900621(+119)
[len 10] 8972485168589988599329(+142) -> 8972485168589988599471(+140) -> 8972485168589988599611(+136) -> 8972485168589988599747(+146) -> 8972485168589988599893(+148) -> 8972485168589988600041(+116) -> 8972485168589988600157(+124) -> 8972485168589988600281(+122) -> 8972485168589988600403(+118) -> 8972485168589988600521(+119)
[len 10] 8973699866445868499329(+142) -> 8973699866445868499471(+140) -> 8973699866445868499611(+136) -> 8973699866445868499747(+146) -> 8973699866445868499893(+148) -> 8973699866445868500041(+116) -> 8973699866445868500157(+124) -> 8973699866445868500281(+122) -> 8973699866445868500403(+118) -> 8973699866445868500521(+119)
[len 10] 8977763889828555599329(+142) -> 8977763889828555599471(+140) -> 8977763889828555599611(+136) -> 8977763889828555599747(+146) -> 8977763889828555599893(+148) -> 8977763889828555600041(+116) -> 8977763889828555600157(+124) -> 8977763889828555600281(+122) -> 8977763889828555600403(+118) -> 8977763889828555600521(+119)
[len 10] 8978098368099756799429(+142) -> 8978098368099756799571(+140) -> 8978098368099756799711(+136) -> 8978098368099756799847(+146) -> 8978098368099756799993(+148) -> 8978098368099756800141(+116) -> 8978098368099756800257(+124) -> 8978098368099756800381(+122) -> 8978098368099756800503(+118) -> 8978098368099756800621(+119)
[len 10] 8978367785988515699329(+142) -> 8978367785988515699471(+140) -> 8978367785988515699611(+136) -> 8978367785988515699747(+146) -> 8978367785988515699893(+148) -> 8978367785988515700041(+116) -> 8978367785988515700157(+124) -> 8978367785988515700281(+122) -> 8978367785988515700403(+118) -> 8978367785988515700521(+119)
[len 10] 8979547955496287599429(+142) -> 8979547955496287599571(+140) -> 8979547955496287599711(+136) -> 8979547955496287599847(+146) -> 8979547955496287599993(+148) -> 8979547955496287600141(+116) -> 8979547955496287600257(+124) -> 8979547955496287600381(+122) -> 8979547955496287600503(+118) -> 8979547955496287600621(+119)
[len 10] 8980358677984999199329(+142) -> 8980358677984999199471(+140) -> 8980358677984999199611(+136) -> 8980358677984999199747(+146) -> 8980358677984999199893(+148) -> 8980358677984999200041(+116) -> 8980358677984999200157(+124) -> 8980358677984999200281(+122) -> 8980358677984999200403(+118) -> 8980358677984999200521(+119)
[len 10] 8984986878595366199329(+142) -> 8984986878595366199471(+140) -> 8984986878595366199611(+136) -> 8984986878595366199747(+146) -> 8984986878595366199893(+148) -> 8984986878595366200041(+116) -> 8984986878595366200157(+124) -> 8984986878595366200281(+122) -> 8984986878595366200403(+118) -> 8984986878595366200521(+119)
[len 10] 8985079995853783699429(+142) -> 8985079995853783699571(+140) -> 8985079995853783699711(+136) -> 8985079995853783699847(+146) -> 8985079995853783699993(+148) -> 8985079995853783700141(+116) -> 8985079995853783700257(+124) -> 8985079995853783700381(+122) -> 8985079995853783700503(+118) -> 8985079995853783700621(+119)
[len 10] 8986598175529749799429(+142) -> 8986598175529749799571(+140) -> 8986598175529749799711(+136) -> 8986598175529749799847(+146) -> 8986598175529749799993(+148) -> 8986598175529749800141(+116) -> 8986598175529749800257(+124) -> 8986598175529749800381(+122) -> 8986598175529749800503(+118) -> 8986598175529749800621(+119)
[len 10] 8986666996990256699329(+142) -> 8986666996990256699471(+140) -> 8986666996990256699611(+136) -> 8986666996990256699747(+146) -> 8986666996990256699893(+148) -> 8986666996990256700041(+116) -> 8986666996990256700157(+124) -> 8986666996990256700281(+122) -> 8986666996990256700403(+118) -> 8986666996990256700521(+119)
[len 10] 8989289079777666199429(+142) -> 8989289079777666199571(+140) -> 8989289079777666199711(+136) -> 8989289079777666199847(+146) -> 8989289079777666199993(+148) -> 8989289079777666200141(+116) -> 8989289079777666200257(+124) -> 8989289079777666200381(+122) -> 8989289079777666200503(+118) -> 8989289079777666200621(+119)
[len 10] 8991556893798868199329(+142) -> 8991556893798868199471(+140) -> 8991556893798868199611(+136) -> 8991556893798868199747(+146) -> 8991556893798868199893(+148) -> 8991556893798868200041(+116) -> 8991556893798868200157(+124) -> 8991556893798868200281(+122) -> 8991556893798868200403(+118) -> 8991556893798868200521(+119)
[len 10] 8993756891596667599429(+142) -> 8993756891596667599571(+140) -> 8993756891596667599711(+136) -> 8993756891596667599847(+146) -> 8993756891596667599993(+148) -> 8993756891596667600141(+116) -> 8993756891596667600257(+124) -> 8993756891596667600381(+122) -> 8993756891596667600503(+118) -> 8993756891596667600621(+119)
 74.67%  3.12e+04M cand/s  complete below 8.9938e+21  elapsed 00:40:06  eta 00:13:36  hits=513
[len 10] 8995783929287868299329(+142) -> 8995783929287868299471(+140) -> 8995783929287868299611(+136) -> 8995783929287868299747(+146) -> 8995783929287868299893(+148) -> 8995783929287868300041(+116) -> 8995783929287868300157(+124) -> 8995783929287868300281(+122) -> 8995783929287868300403(+118) -> 8995783929287868300521(+119)
[len 10] 8995898488046773799329(+142) -> 8995898488046773799471(+140) -> 8995898488046773799611(+136) -> 8995898488046773799747(+146) -> 8995898488046773799893(+148) -> 8995898488046773800041(+116) -> 8995898488046773800157(+124) -> 8995898488046773800281(+122) -> 8995898488046773800403(+118) -> 8995898488046773800521(+119)
[len 10] 8995999634450759899429(+142) -> 8995999634450759899571(+140) -> 8995999634450759899711(+136) -> 8995999634450759899847(+146) -> 8995999634450759899993(+148) -> 8995999634450759900141(+116) -> 8995999634450759900257(+124) -> 8995999634450759900381(+122) -> 8995999634450759900503(+118) -> 8995999634450759900621(+119)
[len 10] 8997284966319688699429(+142) -> 8997284966319688699571(+140) -> 8997284966319688699711(+136) -> 8997284966319688699847(+146) -> 8997284966319688699993(+148) -> 8997284966319688700141(+116) -> 8997284966319688700257(+124) -> 8997284966319688700381(+122) -> 8997284966319688700503(+118) -> 8997284966319688700621(+119)
[len 10] 8997906267846996599329(+142) -> 8997906267846996599471(+140) -> 8997906267846996599611(+136) -> 8997906267846996599747(+146) -> 8997906267846996599893(+148) -> 8997906267846996600041(+116) -> 8997906267846996600157(+124) -> 8997906267846996600281(+122) -> 8997906267846996600403(+118) -> 8997906267846996600521(+119)
[len 10] 8998689105998395399429(+142) -> 8998689105998395399571(+140) -> 8998689105998395399711(+136) -> 8998689105998395399847(+146) -> 8998689105998395399993(+148) -> 8998689105998395400141(+116) -> 8998689105998395400257(+124) -> 8998689105998395400381(+122) -> 8998689105998395400503(+118) -> 8998689105998395400621(+119)
[len 10] 9077788555869693899329(+142) -> 9077788555869693899471(+140) -> 9077788555869693899611(+136) -> 9077788555869693899747(+146) -> 9077788555869693899893(+148) -> 9077788555869693900041(+116) -> 9077788555869693900157(+124) -> 9077788555869693900281(+122) -> 9077788555869693900403(+118) -> 9077788555869693900521(+119)
[len 10] 9087647638973899799329(+142) -> 9087647638973899799471(+140) -> 9087647638973899799611(+136) -> 9087647638973899799747(+146) -> 9087647638973899799893(+148) -> 9087647638973899800041(+116) -> 9087647638973899800157(+124) -> 9087647638973899800281(+122) -> 9087647638973899800403(+118) -> 9087647638973899800521(+119)
[len 10] 9089879804757888599329(+142) -> 9089879804757888599471(+140) -> 9089879804757888599611(+136) -> 9089879804757888599747(+146) -> 9089879804757888599893(+148) -> 9089879804757888600041(+116) -> 9089879804757888600157(+124) -> 9089879804757888600281(+122) -> 9089879804757888600403(+118) -> 9089879804757888600521(+119)
[len 10] 9095798599229199899329(+142) -> 9095798599229199899471(+140) -> 9095798599229199899611(+136) -> 9095798599229199899747(+146) -> 9095798599229199899893(+148) -> 9095798599229199900041(+116) -> 9095798599229199900157(+124) -> 9095798599229199900281(+122) -> 9095798599229199900403(+118) -> 9095798599229199900521(+119)
[len 10] 9099679993678373599429(+142) -> 9099679993678373599571(+140) -> 9099679993678373599711(+136) -> 9099679993678373599847(+146) -> 9099679993678373599993(+148) -> 9099679993678373600141(+116) -> 9099679993678373600257(+124) -> 9099679993678373600381(+122) -> 9099679993678373600503(+118) -> 9099679993678373600621(+119)
[len 10] 9129798938973795599329(+142) -> 9129798938973795599471(+140) -> 9129798938973795599611(+136) -> 9129798938973795599747(+146) -> 9129798938973795599893(+148) -> 9129798938973795600041(+116) -> 9129798938973795600157(+124) -> 9129798938973795600281(+122) -> 9129798938973795600403(+118) -> 9129798938973795600521(+119)
[len 10] 9169869977341978799329(+142) -> 9169869977341978799471(+140) -> 9169869977341978799611(+136) -> 9169869977341978799747(+146) -> 9169869977341978799893(+148) -> 9169869977341978800041(+116) -> 9169869977341978800157(+124) -> 9169869977341978800281(+122) -> 9169869977341978800403(+118) -> 9169869977341978800521(+119)
 76.55%  3.12e+04M cand/s  complete below 9.1867e+21  elapsed 00:41:06  eta 00:12:36  hits=526
[len 10] 9192568949477788799329(+142) -> 9192568949477788799471(+140) -> 9192568949477788799611(+136) -> 9192568949477788799747(+146) -> 9192568949477788799893(+148) -> 9192568949477788800041(+116) -> 9192568949477788800157(+124) -> 9192568949477788800281(+122) -> 9192568949477788800403(+118) -> 9192568949477788800521(+119)
[len 10] 9199363864867995799429(+142) -> 9199363864867995799571(+140) -> 9199363864867995799711(+136) -> 9199363864867995799847(+146) -> 9199363864867995799993(+148) -> 9199363864867995800141(+116) -> 9199363864867995800257(+124) -> 9199363864867995800381(+122) -> 9199363864867995800503(+118) -> 9199363864867995800621(+119)
[len 10] 9278668879972419899329(+142) -> 9278668879972419899471(+140) -> 9278668879972419899611(+136) -> 9278668879972419899747(+146) -> 9278668879972419899893(+148) -> 9278668879972419900041(+116) -> 9278668879972419900157(+124) -> 9278668879972419900281(+122) -> 9278668879972419900403(+118) -> 9278668879972419900521(+119)
[len 10] 9297459956718999199429(+142) -> 9297459956718999199571(+140) -> 9297459956718999199711(+136) -> 9297459956718999199847(+146) -> 9297459956718999199993(+148) -> 9297459956718999200141(+116) -> 9297459956718999200257(+124) -> 9297459956718999200381(+122) -> 9297459956718999200503(+118) -> 9297459956718999200621(+119)
[len 10] 9324987778787965399429(+142) -> 9324987778787965399571(+140) -> 9324987778787965399711(+136) -> 9324987778787965399847(+146) -> 9324987778787965399993(+148) -> 9324987778787965400141(+116) -> 9324987778787965400257(+124) -> 9324987778787965400381(+122) -> 9324987778787965400503(+118) -> 9324987778787965400621(+119)
[len 10] 9337857989864993399329(+142) -> 9337857989864993399471(+140) -> 9337857989864993399611(+136) -> 9337857989864993399747(+146) -> 9337857989864993399893(+148) -> 9337857989864993400041(+116) -> 9337857989864993400157(+124) -> 9337857989864993400281(+122) -> 9337857989864993400403(+118) -> 9337857989864993400521(+119)
 78.42%  3.12e+04M cand/s  complete below 9.3697e+21  elapsed 00:42:06  eta 00:11:35  hits=532
[len 10] 9376897268798794099429(+142) -> 9376897268798794099571(+140) -> 9376897268798794099711(+136) -> 9376897268798794099847(+146) -> 9376897268798794099993(+148) -> 9376897268798794100141(+116) -> 9376897268798794100257(+124) -> 9376897268798794100381(+122) -> 9376897268798794100503(+118) -> 9376897268798794100621(+119)
[len 10] 9378837308899777699429(+142) -> 9378837308899777699571(+140) -> 9378837308899777699711(+136) -> 9378837308899777699847(+146) -> 9378837308899777699993(+148) -> 9378837308899777700141(+116) -> 9378837308899777700257(+124) -> 9378837308899777700381(+122) -> 9378837308899777700503(+118) -> 9378837308899777700621(+119)
[len 10] 9379951585896997099429(+142) -> 9379951585896997099571(+140) -> 9379951585896997099711(+136) -> 9379951585896997099847(+146) -> 9379951585896997099993(+148) -> 9379951585896997100141(+116) -> 9379951585896997100257(+124) -> 9379951585896997100381(+122) -> 9379951585896997100503(+118) -> 9379951585896997100621(+119)
[len 10] 9383764799907697699429(+142) -> 9383764799907697699571(+140) -> 9383764799907697699711(+136) -> 9383764799907697699847(+146) -> 9383764799907697699993(+148) -> 9383764799907697700141(+116) -> 9383764799907697700257(+124) -> 9383764799907697700381(+122) -> 9383764799907697700503(+118) -> 9383764799907697700621(+119)
[len 10] 9383989349884692899329(+142) -> 9383989349884692899471(+140) -> 9383989349884692899611(+136) -> 9383989349884692899747(+146) -> 9383989349884692899893(+148) -> 9383989349884692900041(+116) -> 9383989349884692900157(+124) -> 9383989349884692900281(+122) -> 9383989349884692900403(+118) -> 9383989349884692900521(+119)
[len 10] 9389429787995863399429(+142) -> 9389429787995863399571(+140) -> 9389429787995863399711(+136) -> 9389429787995863399847(+146) -> 9389429787995863399993(+148) -> 9389429787995863400141(+116) -> 9389429787995863400257(+124) -> 9389429787995863400381(+122) -> 9389429787995863400503(+118) -> 9389429787995863400621(+119)
[len 10] 9397878329973598499329(+142) -> 9397878329973598499471(+140) -> 9397878329973598499611(+136) -> 9397878329973598499747(+146) -> 9397878329973598499893(+148) -> 9397878329973598500041(+116) -> 9397878329973598500157(+124) -> 9397878329973598500281(+122) -> 9397878329973598500403(+118) -> 9397878329973598500521(+119)
[len 10] 9398852996476377799429(+142) -> 9398852996476377799571(+140) -> 9398852996476377799711(+136) -> 9398852996476377799847(+146) -> 9398852996476377799993(+148) -> 9398852996476377800141(+116) -> 9398852996476377800257(+124) -> 9398852996476377800381(+122) -> 9398852996476377800503(+118) -> 9398852996476377800621(+119)
[len 10] 9398969279880194899429(+142) -> 9398969279880194899571(+140) -> 9398969279880194899711(+136) -> 9398969279880194899847(+146) -> 9398969279880194899993(+148) -> 9398969279880194900141(+116) -> 9398969279880194900257(+124) -> 9398969279880194900381(+122) -> 9398969279880194900503(+118) -> 9398969279880194900621(+119)
[len 10] 9399477397599086699329(+142) -> 9399477397599086699471(+140) -> 9399477397599086699611(+136) -> 9399477397599086699747(+146) -> 9399477397599086699893(+148) -> 9399477397599086700041(+116) -> 9399477397599086700157(+124) -> 9399477397599086700281(+122) -> 9399477397599086700403(+118) -> 9399477397599086700521(+119)
[len 10] 9423898999950578599429(+142) -> 9423898999950578599571(+140) -> 9423898999950578599711(+136) -> 9423898999950578599847(+146) -> 9423898999950578599993(+148) -> 9423898999950578600141(+116) -> 9423898999950578600257(+124) -> 9423898999950578600381(+122) -> 9423898999950578600503(+118) -> 9423898999950578600621(+119)
[len 10] 9448565649997378799329(+142) -> 9448565649997378799471(+140) -> 9448565649997378799611(+136) -> 9448565649997378799747(+146) -> 9448565649997378799893(+148) -> 9448565649997378800041(+116) -> 9448565649997378800157(+124) -> 9448565649997378800281(+122) -> 9448565649997378800403(+118) -> 9448565649997378800521(+119)
[len 10] 9468267996897284599429(+142) -> 9468267996897284599571(+140) -> 9468267996897284599711(+136) -> 9468267996897284599847(+146) -> 9468267996897284599993(+148) -> 9468267996897284600141(+116) -> 9468267996897284600257(+124) -> 9468267996897284600381(+122) -> 9468267996897284600503(+118) -> 9468267996897284600621(+119)
[len 10] 9479877938796541699429(+142) -> 9479877938796541699571(+140) -> 9479877938796541699711(+136) -> 9479877938796541699847(+146) -> 9479877938796541699993(+148) -> 9479877938796541700141(+116) -> 9479877938796541700257(+124) -> 9479877938796541700381(+122) -> 9479877938796541700503(+118) -> 9479877938796541700621(+119)
 80.30%  3.12e+04M cand/s  complete below 9.4838e+21  elapsed 00:43:07  eta 00:10:35  hits=546
[len 10] 9486368995802989699429(+142) -> 9486368995802989699571(+140) -> 9486368995802989699711(+136) -> 9486368995802989699847(+146) -> 9486368995802989699993(+148) -> 9486368995802989700141(+116) -> 9486368995802989700257(+124) -> 9486368995802989700381(+122) -> 9486368995802989700503(+118) -> 9486368995802989700621(+119)
[len 10] 9489556356984499699429(+142) -> 9489556356984499699571(+140) -> 9489556356984499699711(+136) -> 9489556356984499699847(+146) -> 9489556356984499699993(+148) -> 9489556356984499700141(+116) -> 9489556356984499700257(+124) -> 9489556356984499700381(+122) -> 9489556356984499700503(+118) -> 9489556356984499700621(+119)
[len 10] 9493499849575587499429(+142) -> 9493499849575587499571(+140) -> 9493499849575587499711(+136) -> 9493499849575587499847(+146) -> 9493499849575587499993(+148) -> 9493499849575587500141(+116) -> 9493499849575587500257(+124) -> 9493499849575587500381(+122) -> 9493499849575587500503(+118) -> 9493499849575587500621(+119)
[len 10] 9495097889256994799329(+142) -> 9495097889256994799471(+140) -> 9495097889256994799611(+136) -> 9495097889256994799747(+146) -> 9495097889256994799893(+148) -> 9495097889256994800041(+116) -> 9495097889256994800157(+124) -> 9495097889256994800281(+122) -> 9495097889256994800403(+118) -> 9495097889256994800521(+119)
[len 10] 9496598969659375099429(+142) -> 9496598969659375099571(+140) -> 9496598969659375099711(+136) -> 9496598969659375099847(+146) -> 9496598969659375099993(+148) -> 9496598969659375100141(+116) -> 9496598969659375100257(+124) -> 9496598969659375100381(+122) -> 9496598969659375100503(+118) -> 9496598969659375100621(+119)
[len 10] 9497778874576883299429(+142) -> 9497778874576883299571(+140) -> 9497778874576883299711(+136) -> 9497778874576883299847(+146) -> 9497778874576883299993(+148) -> 9497778874576883300141(+116) -> 9497778874576883300257(+124) -> 9497778874576883300381(+122) -> 9497778874576883300503(+118) -> 9497778874576883300621(+119)
[len 10] 9499947864936473899429(+142) -> 9499947864936473899571(+140) -> 9499947864936473899711(+136) -> 9499947864936473899847(+146) -> 9499947864936473899993(+148) -> 9499947864936473900141(+116) -> 9499947864936473900257(+124) -> 9499947864936473900381(+122) -> 9499947864936473900503(+118) -> 9499947864936473900621(+119)
[len 10] 9504697787977946599429(+142) -> 9504697787977946599571(+140) -> 9504697787977946599711(+136) -> 9504697787977946599847(+146) -> 9504697787977946599993(+148) -> 9504697787977946600141(+116) -> 9504697787977946600257(+124) -> 9504697787977946600381(+122) -> 9504697787977946600503(+118) -> 9504697787977946600621(+119)
[len 10] 9536386776777688799329(+142) -> 9536386776777688799471(+140) -> 9536386776777688799611(+136) -> 9536386776777688799747(+146) -> 9536386776777688799893(+148) -> 9536386776777688800041(+116) -> 9536386776777688800157(+124) -> 9536386776777688800281(+122) -> 9536386776777688800403(+118) -> 9536386776777688800521(+119)
[len 10] 9542885898798912899329(+142) -> 9542885898798912899471(+140) -> 9542885898798912899611(+136) -> 9542885898798912899747(+146) -> 9542885898798912899893(+148) -> 9542885898798912900041(+116) -> 9542885898798912900157(+124) -> 9542885898798912900281(+122) -> 9542885898798912900403(+118) -> 9542885898798912900521(+119)
[len 10] 9549976194099975899329(+142) -> 9549976194099975899471(+140) -> 9549976194099975899611(+136) -> 9549976194099975899747(+146) -> 9549976194099975899893(+148) -> 9549976194099975900041(+116) -> 9549976194099975900157(+124) -> 9549976194099975900281(+122) -> 9549976194099975900403(+118) -> 9549976194099975900521(+119)
[len 10] 9558877783448967499429(+142) -> 9558877783448967499571(+140) -> 9558877783448967499711(+136) -> 9558877783448967499847(+146) -> 9558877783448967499993(+148) -> 9558877783448967500141(+116) -> 9558877783448967500257(+124) -> 9558877783448967500381(+122) -> 9558877783448967500503(+118) -> 9558877783448967500621(+119)
[len 10] 9565893857999663299429(+142) -> 9565893857999663299571(+140) -> 9565893857999663299711(+136) -> 9565893857999663299847(+146) -> 9565893857999663299993(+148) -> 9565893857999663300141(+116) -> 9565893857999663300257(+124) -> 9565893857999663300381(+122) -> 9565893857999663300503(+118) -> 9565893857999663300621(+119)
[len 10] 9569977926398387399329(+142) -> 9569977926398387399471(+140) -> 9569977926398387399611(+136) -> 9569977926398387399747(+146) -> 9569977926398387399893(+148) -> 9569977926398387400041(+116) -> 9569977926398387400157(+124) -> 9569977926398387400281(+122) -> 9569977926398387400403(+118) -> 9569977926398387400521(+119)
 82.19%  3.12e+04M cand/s  complete below 9.5779e+21  elapsed 00:44:07  eta 00:09:33  hits=560
[len 10] 9587828944198379899429(+142) -> 9587828944198379899571(+140) -> 9587828944198379899711(+136) -> 9587828944198379899847(+146) -> 9587828944198379899993(+148) -> 9587828944198379900141(+116) -> 9587828944198379900257(+124) -> 9587828944198379900381(+122) -> 9587828944198379900503(+118) -> 9587828944198379900621(+119)
[len 10] 9588845728439799599329(+142) -> 9588845728439799599471(+140) -> 9588845728439799599611(+136) -> 9588845728439799599747(+146) -> 9588845728439799599893(+148) -> 9588845728439799600041(+116) -> 9588845728439799600157(+124) -> 9588845728439799600281(+122) -> 9588845728439799600403(+118) -> 9588845728439799600521(+119)
[len 10] 9592892496576849799429(+142) -> 9592892496576849799571(+140) -> 9592892496576849799711(+136) -> 9592892496576849799847(+146) -> 9592892496576849799993(+148) -> 9592892496576849800141(+116) -> 9592892496576849800257(+124) -> 9592892496576849800381(+122) -> 9592892496576849800503(+118) -> 9592892496576849800621(+119)
[len 10] 9617878529739499699429(+142) -> 9617878529739499699571(+140) -> 9617878529739499699711(+136) -> 9617878529739499699847(+146) -> 9617878529739499699993(+148) -> 9617878529739499700141(+116) -> 9617878529739499700257(+124) -> 9617878529739499700381(+122) -> 9617878529739499700503(+118) -> 9617878529739499700621(+119)
[len 10] 9637527899889447599329(+142) -> 9637527899889447599471(+140) -> 9637527899889447599611(+136) -> 9637527899889447599747(+146) -> 9637527899889447599893(+148) -> 9637527899889447600041(+116) -> 9637527899889447600157(+124) -> 9637527899889447600281(+122) -> 9637527899889447600403(+118) -> 9637527899889447600521(+119)
[len 10] 9638898592696993199329(+142) -> 9638898592696993199471(+140) -> 9638898592696993199611(+136) -> 9638898592696993199747(+146) -> 9638898592696993199893(+148) -> 9638898592696993200041(+116) -> 9638898592696993200157(+124) -> 9638898592696993200281(+122) -> 9638898592696993200403(+118) -> 9638898592696993200521(+119)
[len 10] 9644658967667838899329(+142) -> 9644658967667838899471(+140) -> 9644658967667838899611(+136) -> 9644658967667838899747(+146) -> 9644658967667838899893(+148) -> 9644658967667838900041(+116) -> 9644658967667838900157(+124) -> 9644658967667838900281(+122) -> 9644658967667838900403(+118) -> 9644658967667838900521(+119)
[len 10] 9657646468398759799429(+142) -> 9657646468398759799571(+140) -> 9657646468398759799711(+136) -> 9657646468398759799847(+146) -> 9657646468398759799993(+148) -> 9657646468398759800141(+116) -> 9657646468398759800257(+124) -> 9657646468398759800381(+122) -> 9657646468398759800503(+118) -> 9657646468398759800621(+119)
[len 10] 9657937769914768699429(+142) -> 9657937769914768699571(+140) -> 9657937769914768699711(+136) -> 9657937769914768699847(+146) -> 9657937769914768699993(+148) -> 9657937769914768700141(+116) -> 9657937769914768700257(+124) -> 9657937769914768700381(+122) -> 9657937769914768700503(+118) -> 9657937769914768700621(+119)
 84.09%  3.12e+04M cand/s  complete below 9.6578e+21  elapsed 00:45:07  eta 00:08:32  hits=569
[len 10] 9673777993179297899329(+142) -> 9673777993179297899471(+140) -> 9673777993179297899611(+136) -> 9673777993179297899747(+146) -> 9673777993179297899893(+148) -> 9673777993179297900041(+116) -> 9673777993179297900157(+124) -> 9673777993179297900281(+122) -> 9673777993179297900403(+118) -> 9673777993179297900521(+119)
[len 10] 9674779894173899399329(+142) -> 9674779894173899399471(+140) -> 9674779894173899399611(+136) -> 9674779894173899399747(+146) -> 9674779894173899399893(+148) -> 9674779894173899400041(+116) -> 9674779894173899400157(+124) -> 9674779894173899400281(+122) -> 9674779894173899400403(+118) -> 9674779894173899400521(+119)
[len 10] 9676852783795993699429(+142) -> 9676852783795993699571(+140) -> 9676852783795993699711(+136) -> 9676852783795993699847(+146) -> 9676852783795993699993(+148) -> 9676852783795993700141(+116) -> 9676852783795993700257(+124) -> 9676852783795993700381(+122) -> 9676852783795993700503(+118) -> 9676852783795993700621(+119)
[len 10] 9679669247069998499329(+142) -> 9679669247069998499471(+140) -> 9679669247069998499611(+136) -> 9679669247069998499747(+146) -> 9679669247069998499893(+148) -> 9679669247069998500041(+116) -> 9679669247069998500157(+124) -> 9679669247069998500281(+122) -> 9679669247069998500403(+118) -> 9679669247069998500521(+119)
[len 10] 9679969319957936399329(+142) -> 9679969319957936399471(+140) -> 9679969319957936399611(+136) -> 9679969319957936399747(+146) -> 9679969319957936399893(+148) -> 9679969319957936400041(+116) -> 9679969319957936400157(+124) -> 9679969319957936400281(+122) -> 9679969319957936400403(+118) -> 9679969319957936400521(+119)
[len 10] 9681739795995466699429(+142) -> 9681739795995466699571(+140) -> 9681739795995466699711(+136) -> 9681739795995466699847(+146) -> 9681739795995466699993(+148) -> 9681739795995466700141(+116) -> 9681739795995466700257(+124) -> 9681739795995466700381(+122) -> 9681739795995466700503(+118) -> 9681739795995466700621(+119)
[len 10] 9688247839883972899429(+142) -> 9688247839883972899571(+140) -> 9688247839883972899711(+136) -> 9688247839883972899847(+146) -> 9688247839883972899993(+148) -> 9688247839883972900141(+116) -> 9688247839883972900257(+124) -> 9688247839883972900381(+122) -> 9688247839883972900503(+118) -> 9688247839883972900621(+119)
[len 10] 9689688075917864899429(+142) -> 9689688075917864899571(+140) -> 9689688075917864899711(+136) -> 9689688075917864899847(+146) -> 9689688075917864899993(+148) -> 9689688075917864900141(+116) -> 9689688075917864900257(+124) -> 9689688075917864900381(+122) -> 9689688075917864900503(+118) -> 9689688075917864900621(+119)
[len 10] 9697395921789758699329(+142) -> 9697395921789758699471(+140) -> 9697395921789758699611(+136) -> 9697395921789758699747(+146) -> 9697395921789758699893(+148) -> 9697395921789758700041(+116) -> 9697395921789758700157(+124) -> 9697395921789758700281(+122) -> 9697395921789758700403(+118) -> 9697395921789758700521(+119)
[len 10] 9697778978612699099329(+142) -> 9697778978612699099471(+140) -> 9697778978612699099611(+136) -> 9697778978612699099747(+146) -> 9697778978612699099893(+148) -> 9697778978612699100041(+116) -> 9697778978612699100157(+124) -> 9697778978612699100281(+122) -> 9697778978612699100403(+118) -> 9697778978612699100521(+119)
 86.00%  3.12e+04M cand/s  complete below 9.6985e+21  elapsed 00:46:07  eta 00:07:31  hits=579
[len 10] 9699167159589882899329(+142) -> 9699167159589882899471(+140) -> 9699167159589882899611(+136) -> 9699167159589882899747(+146) -> 9699167159589882899893(+148) -> 9699167159589882900041(+116) -> 9699167159589882900157(+124) -> 9699167159589882900281(+122) -> 9699167159589882900403(+118) -> 9699167159589882900521(+119)
[len 10] 9699935944793585599429(+142) -> 9699935944793585599571(+140) -> 9699935944793585599711(+136) -> 9699935944793585599847(+146) -> 9699935944793585599993(+148) -> 9699935944793585600141(+116) -> 9699935944793585600257(+124) -> 9699935944793585600381(+122) -> 9699935944793585600503(+118) -> 9699935944793585600621(+119)
[len 10] 9706789086859868599429(+142) -> 9706789086859868599571(+140) -> 9706789086859868599711(+136) -> 9706789086859868599847(+146) -> 9706789086859868599993(+148) -> 9706789086859868600141(+116) -> 9706789086859868600257(+124) -> 9706789086859868600381(+122) -> 9706789086859868600503(+118) -> 9706789086859868600621(+119)
[len 10] 9706997188777448899429(+142) -> 9706997188777448899571(+140) -> 9706997188777448899711(+136) -> 9706997188777448899847(+146) -> 9706997188777448899993(+148) -> 9706997188777448900141(+116) -> 9706997188777448900257(+124) -> 9706997188777448900381(+122) -> 9706997188777448900503(+118) -> 9706997188777448900621(+119)
[len 10] 9719856992839697299429(+142) -> 9719856992839697299571(+140) -> 9719856992839697299711(+136) -> 9719856992839697299847(+146) -> 9719856992839697299993(+148) -> 9719856992839697300141(+116) -> 9719856992839697300257(+124) -> 9719856992839697300381(+122) -> 9719856992839697300503(+118) -> 9719856992839697300621(+119)
[len 10] 9719988488749912799329(+142) -> 9719988488749912799471(+140) -> 9719988488749912799611(+136) -> 9719988488749912799747(+146) -> 9719988488749912799893(+148) -> 9719988488749912800041(+116) -> 9719988488749912800157(+124) -> 9719988488749912800281(+122) -> 9719988488749912800403(+118) -> 9719988488749912800521(+119)
[len 10] 9727794185896986599329(+142) -> 9727794185896986599471(+140) -> 9727794185896986599611(+136) -> 9727794185896986599747(+146) -> 9727794185896986599893(+148) -> 9727794185896986600041(+116) -> 9727794185896986600157(+124) -> 9727794185896986600281(+122) -> 9727794185896986600403(+118) -> 9727794185896986600521(+119)
[len 10] 9728884579966671799429(+142) -> 9728884579966671799571(+140) -> 9728884579966671799711(+136) -> 9728884579966671799847(+146) -> 9728884579966671799993(+148) -> 9728884579966671800141(+116) -> 9728884579966671800257(+124) -> 9728884579966671800381(+122) -> 9728884579966671800503(+118) -> 9728884579966671800621(+119)
[len 10] 9738947275879997099329(+142) -> 9738947275879997099471(+140) -> 9738947275879997099611(+136) -> 9738947275879997099747(+146) -> 9738947275879997099893(+148) -> 9738947275879997100041(+116) -> 9738947275879997100157(+124) -> 9738947275879997100281(+122) -> 9738947275879997100403(+118) -> 9738947275879997100521(+119)
[len 10] 9744494879957776499329(+142) -> 9744494879957776499471(+140) -> 9744494879957776499611(+136) -> 9744494879957776499747(+146) -> 9744494879957776499893(+148) -> 9744494879957776500041(+116) -> 9744494879957776500157(+124) -> 9744494879957776500281(+122) -> 9744494879957776500403(+118) -> 9744494879957776500521(+119)
[len 10] 9748984149936759799429(+142) -> 9748984149936759799571(+140) -> 9748984149936759799711(+136) -> 9748984149936759799847(+146) -> 9748984149936759799993(+148) -> 9748984149936759800141(+116) -> 9748984149936759800257(+124) -> 9748984149936759800381(+122) -> 9748984149936759800503(+118) -> 9748984149936759800621(+119)
[len 10] 9756488794963468699429(+142) -> 9756488794963468699571(+140) -> 9756488794963468699711(+136) -> 9756488794963468699847(+146) -> 9756488794963468699993(+148) -> 9756488794963468700141(+116) -> 9756488794963468700257(+124) -> 9756488794963468700381(+122) -> 9756488794963468700503(+118) -> 9756488794963468700621(+119)
[len 10] 9758692298468867699329(+142) -> 9758692298468867699471(+140) -> 9758692298468867699611(+136) -> 9758692298468867699747(+146) -> 9758692298468867699893(+148) -> 9758692298468867700041(+116) -> 9758692298468867700157(+124) -> 9758692298468867700281(+122) -> 9758692298468867700403(+118) -> 9758692298468867700521(+119)
[len 10] 9759299589167397599329(+142) -> 9759299589167397599471(+140) -> 9759299589167397599611(+136) -> 9759299589167397599747(+146) -> 9759299589167397599893(+148) -> 9759299589167397600041(+116) -> 9759299589167397600157(+124) -> 9759299589167397600281(+122) -> 9759299589167397600403(+118) -> 9759299589167397600521(+119)
[len 10] 9765935098835699899429(+142) -> 9765935098835699899571(+140) -> 9765935098835699899711(+136) -> 9765935098835699899847(+146) -> 9765935098835699899993(+148) -> 9765935098835699900141(+116) -> 9765935098835699900257(+124) -> 9765935098835699900381(+122) -> 9765935098835699900503(+118) -> 9765935098835699900621(+119)
 87.89%  3.12e+04M cand/s  complete below 9.7728e+21  elapsed 00:47:07  eta 00:06:30  hits=594
[len 10] 9777454639997973599329(+142) -> 9777454639997973599471(+140) -> 9777454639997973599611(+136) -> 9777454639997973599747(+146) -> 9777454639997973599893(+148) -> 9777454639997973600041(+116) -> 9777454639997973600157(+124) -> 9777454639997973600281(+122) -> 9777454639997973600403(+118) -> 9777454639997973600521(+119)
[len 10] 9778733597887908599329(+142) -> 9778733597887908599471(+140) -> 9778733597887908599611(+136) -> 9778733597887908599747(+146) -> 9778733597887908599893(+148) -> 9778733597887908600041(+116) -> 9778733597887908600157(+124) -> 9778733597887908600281(+122) -> 9778733597887908600403(+118) -> 9778733597887908600521(+119)
[len 10] 9778993659147918899329(+142) -> 9778993659147918899471(+140) -> 9778993659147918899611(+136) -> 9778993659147918899747(+146) -> 9778993659147918899893(+148) -> 9778993659147918900041(+116) -> 9778993659147918900157(+124) -> 9778993659147918900281(+122) -> 9778993659147918900403(+118) -> 9778993659147918900521(+119)
[len 10] 9780878737834869799429(+142) -> 9780878737834869799571(+140) -> 9780878737834869799711(+136) -> 9780878737834869799847(+146) -> 9780878737834869799993(+148) -> 9780878737834869800141(+116) -> 9780878737834869800257(+124) -> 9780878737834869800381(+122) -> 9780878737834869800503(+118) -> 9780878737834869800621(+119)
[len 10] 9786836797155878699329(+142) -> 9786836797155878699471(+140) -> 9786836797155878699611(+136) -> 9786836797155878699747(+146) -> 9786836797155878699893(+148) -> 9786836797155878700041(+116) -> 9786836797155878700157(+124) -> 9786836797155878700281(+122) -> 9786836797155878700403(+118) -> 9786836797155878700521(+119)
[len 10] 9786987462975653899429(+142) -> 9786987462975653899571(+140) -> 9786987462975653899711(+136) -> 9786987462975653899847(+146) -> 9786987462975653899993(+148) -> 9786987462975653900141(+116) -> 9786987462975653900257(+124) -> 9786987462975653900381(+122) -> 9786987462975653900503(+118) -> 9786987462975653900621(+119)
[len 10] 9788378892961869299329(+142) -> 9788378892961869299471(+140) -> 9788378892961869299611(+136) -> 9788378892961869299747(+146) -> 9788378892961869299893(+148) -> 9788378892961869300041(+116) -> 9788378892961869300157(+124) -> 9788378892961869300281(+122) -> 9788378892961869300403(+118) -> 9788378892961869300521(+119)
[len 10] 9791799758980289399329(+142) -> 9791799758980289399471(+140) -> 9791799758980289399611(+136) -> 9791799758980289399747(+146) -> 9791799758980289399893(+148) -> 9791799758980289400041(+116) -> 9791799758980289400157(+124) -> 9791799758980289400281(+122) -> 9791799758980289400403(+118) -> 9791799758980289400521(+119)
[len 10] 9794817555699388799329(+142) -> 9794817555699388799471(+140) -> 9794817555699388799611(+136) -> 9794817555699388799747(+146) -> 9794817555699388799893(+148) -> 9794817555699388800041(+116) -> 9794817555699388800157(+124) -> 9794817555699388800281(+122) -> 9794817555699388800403(+118) -> 9794817555699388800521(+119)
[len 10] 9794948574687960799429(+142) -> 9794948574687960799571(+140) -> 9794948574687960799711(+136) -> 9794948574687960799847(+146) -> 9794948574687960799993(+148) -> 9794948574687960800141(+116) -> 9794948574687960800257(+124) -> 9794948574687960800381(+122) -> 9794948574687960800503(+118) -> 9794948574687960800621(+119)
[len 10] 9798988225952969399329(+142) -> 9798988225952969399471(+140) -> 9798988225952969399611(+136) -> 9798988225952969399747(+146) -> 9798988225952969399893(+148) -> 9798988225952969400041(+116) -> 9798988225952969400157(+124) -> 9798988225952969400281(+122) -> 9798988225952969400403(+118) -> 9798988225952969400521(+119)
 89.79%  3.12e+04M cand/s  complete below 9.7998e+21  elapsed 00:48:08  eta 00:05:28  hits=605
[len 10] 9812557877777984899429(+142) -> 9812557877777984899571(+140) -> 9812557877777984899711(+136) -> 9812557877777984899847(+146) -> 9812557877777984899993(+148) -> 9812557877777984900141(+116) -> 9812557877777984900257(+124) -> 9812557877777984900381(+122) -> 9812557877777984900503(+118) -> 9812557877777984900621(+119)
[len 10] 9826724997799654799329(+142) -> 9826724997799654799471(+140) -> 9826724997799654799611(+136) -> 9826724997799654799747(+146) -> 9826724997799654799893(+148) -> 9826724997799654800041(+116) -> 9826724997799654800157(+124) -> 9826724997799654800281(+122) -> 9826724997799654800403(+118) -> 9826724997799654800521(+119)
[len 10] 9828690825994698799429(+142) -> 9828690825994698799571(+140) -> 9828690825994698799711(+136) -> 9828690825994698799847(+146) -> 9828690825994698799993(+148) -> 9828690825994698800141(+116) -> 9828690825994698800257(+124) -> 9828690825994698800381(+122) -> 9828690825994698800503(+118) -> 9828690825994698800621(+119)
[len 10] 9839698188556896199429(+142) -> 9839698188556896199571(+140) -> 9839698188556896199711(+136) -> 9839698188556896199847(+146) -> 9839698188556896199993(+148) -> 9839698188556896200141(+116) -> 9839698188556896200257(+124) -> 9839698188556896200381(+122) -> 9839698188556896200503(+118) -> 9839698188556896200621(+119)
[len 10] 9848966809645838899429(+142) -> 9848966809645838899571(+140) -> 9848966809645838899711(+136) -> 9848966809645838899847(+146) -> 9848966809645838899993(+148) -> 9848966809645838900141(+116) -> 9848966809645838900257(+124) -> 9848966809645838900381(+122) -> 9848966809645838900503(+118) -> 9848966809645838900621(+119)
[len 10] 9851979092887899199429(+142) -> 9851979092887899199571(+140) -> 9851979092887899199711(+136) -> 9851979092887899199847(+146) -> 9851979092887899199993(+148) -> 9851979092887899200141(+116) -> 9851979092887899200257(+124) -> 9851979092887899200381(+122) -> 9851979092887899200503(+118) -> 9851979092887899200621(+119)
[len 10] 9853939948576836799429(+142) -> 9853939948576836799571(+140) -> 9853939948576836799711(+136) -> 9853939948576836799847(+146) -> 9853939948576836799993(+148) -> 9853939948576836800141(+116) -> 9853939948576836800257(+124) -> 9853939948576836800381(+122) -> 9853939948576836800503(+118) -> 9853939948576836800621(+119)
[len 10] 9855622979399981899429(+142) -> 9855622979399981899571(+140) -> 9855622979399981899711(+136) -> 9855622979399981899847(+146) -> 9855622979399981899993(+148) -> 9855622979399981900141(+116) -> 9855622979399981900257(+124) -> 9855622979399981900381(+122) -> 9855622979399981900503(+118) -> 9855622979399981900621(+119)
[len 10] 9855693088787765899429(+142) -> 9855693088787765899571(+140) -> 9855693088787765899711(+136) -> 9855693088787765899847(+146) -> 9855693088787765899993(+148) -> 9855693088787765900141(+116) -> 9855693088787765900257(+124) -> 9855693088787765900381(+122) -> 9855693088787765900503(+118) -> 9855693088787765900621(+119)
[len 10] 9857855116999785799429(+142) -> 9857855116999785799571(+140) -> 9857855116999785799711(+136) -> 9857855116999785799847(+146) -> 9857855116999785799993(+148) -> 9857855116999785800141(+116) -> 9857855116999785800257(+124) -> 9857855116999785800381(+122) -> 9857855116999785800503(+118) -> 9857855116999785800621(+119)
[len 10] 9859968568960479299329(+142) -> 9859968568960479299471(+140) -> 9859968568960479299611(+136) -> 9859968568960479299747(+146) -> 9859968568960479299893(+148) -> 9859968568960479300041(+116) -> 9859968568960479300157(+124) -> 9859968568960479300281(+122) -> 9859968568960479300403(+118) -> 9859968568960479300521(+119)
[len 10] 9866866698726627899329(+142) -> 9866866698726627899471(+140) -> 9866866698726627899611(+136) -> 9866866698726627899747(+146) -> 9866866698726627899893(+148) -> 9866866698726627900041(+116) -> 9866866698726627900157(+124) -> 9866866698726627900281(+122) -> 9866866698726627900403(+118) -> 9866866698726627900521(+119)
 91.68%  3.13e+04M cand/s  complete below 9.8677e+21  elapsed 00:49:08  eta 00:04:28  hits=617
[len 10] 9868185855058998799429(+142) -> 9868185855058998799571(+140) -> 9868185855058998799711(+136) -> 9868185855058998799847(+146) -> 9868185855058998799993(+148) -> 9868185855058998800141(+116) -> 9868185855058998800257(+124) -> 9868185855058998800381(+122) -> 9868185855058998800503(+118) -> 9868185855058998800621(+119)
[len 10] 9868518877749870899329(+142) -> 9868518877749870899471(+140) -> 9868518877749870899611(+136) -> 9868518877749870899747(+146) -> 9868518877749870899893(+148) -> 9868518877749870900041(+116) -> 9868518877749870900157(+124) -> 9868518877749870900281(+122) -> 9868518877749870900403(+118) -> 9868518877749870900521(+119)
[len 10] 9874835979053799799429(+142) -> 9874835979053799799571(+140) -> 9874835979053799799711(+136) -> 9874835979053799799847(+146) -> 9874835979053799799993(+148) -> 9874835979053799800141(+116) -> 9874835979053799800257(+124) -> 9874835979053799800381(+122) -> 9874835979053799800503(+118) -> 9874835979053799800621(+119)
[len 10] 9877566693781869599329(+142) -> 9877566693781869599471(+140) -> 9877566693781869599611(+136) -> 9877566693781869599747(+146) -> 9877566693781869599893(+148) -> 9877566693781869600041(+116) -> 9877566693781869600157(+124) -> 9877566693781869600281(+122) -> 9877566693781869600403(+118) -> 9877566693781869600521(+119)
[len 10] 9879057684567976799329(+142) -> 9879057684567976799471(+140) -> 9879057684567976799611(+136) -> 9879057684567976799747(+146) -> 9879057684567976799893(+148) -> 9879057684567976800041(+116) -> 9879057684567976800157(+124) -> 9879057684567976800281(+122) -> 9879057684567976800403(+118) -> 9879057684567976800521(+119)
[len 10] 9879656169435998599429(+142) -> 9879656169435998599571(+140) -> 9879656169435998599711(+136) -> 9879656169435998599847(+146) -> 9879656169435998599993(+148) -> 9879656169435998600141(+116) -> 9879656169435998600257(+124) -> 9879656169435998600381(+122) -> 9879656169435998600503(+118) -> 9879656169435998600621(+119)
[len 10] 9889656780880982899429(+142) -> 9889656780880982899571(+140) -> 9889656780880982899711(+136) -> 9889656780880982899847(+146) -> 9889656780880982899993(+148) -> 9889656780880982900141(+116) -> 9889656780880982900257(+124) -> 9889656780880982900381(+122) -> 9889656780880982900503(+118) -> 9889656780880982900621(+119)
 93.58%  3.13e+04M cand/s  complete below 9.8938e+21  elapsed 00:50:08  eta 00:03:26  hits=624
[len 10] 9896282966479977299329(+142) -> 9896282966479977299471(+140) -> 9896282966479977299611(+136) -> 9896282966479977299747(+146) -> 9896282966479977299893(+148) -> 9896282966479977300041(+116) -> 9896282966479977300157(+124) -> 9896282966479977300281(+122) -> 9896282966479977300403(+118) -> 9896282966479977300521(+119)
[len 10] 9896807462945879899429(+142) -> 9896807462945879899571(+140) -> 9896807462945879899711(+136) -> 9896807462945879899847(+146) -> 9896807462945879899993(+148) -> 9896807462945879900141(+116) -> 9896807462945879900257(+124) -> 9896807462945879900381(+122) -> 9896807462945879900503(+118) -> 9896807462945879900621(+119)
[len 10] 9898563436699776499429(+142) -> 9898563436699776499571(+140) -> 9898563436699776499711(+136) -> 9898563436699776499847(+146) -> 9898563436699776499993(+148) -> 9898563436699776500141(+116) -> 9898563436699776500257(+124) -> 9898563436699776500381(+122) -> 9898563436699776500503(+118) -> 9898563436699776500621(+119)
[len 10] 9899689996391090699329(+142) -> 9899689996391090699471(+140) -> 9899689996391090699611(+136) -> 9899689996391090699747(+146) -> 9899689996391090699893(+148) -> 9899689996391090700041(+116) -> 9899689996391090700157(+124) -> 9899689996391090700281(+122) -> 9899689996391090700403(+118) -> 9899689996391090700521(+119)
[len 10] 9899795864686473299329(+142) -> 9899795864686473299471(+140) -> 9899795864686473299611(+136) -> 9899795864686473299747(+146) -> 9899795864686473299893(+148) -> 9899795864686473300041(+116) -> 9899795864686473300157(+124) -> 9899795864686473300281(+122) -> 9899795864686473300403(+118) -> 9899795864686473300521(+119)
[len 10] 9905689869759572699329(+142) -> 9905689869759572699471(+140) -> 9905689869759572699611(+136) -> 9905689869759572699747(+146) -> 9905689869759572699893(+148) -> 9905689869759572700041(+116) -> 9905689869759572700157(+124) -> 9905689869759572700281(+122) -> 9905689869759572700403(+118) -> 9905689869759572700521(+119)
[len 10] 9915966893809776899329(+142) -> 9915966893809776899471(+140) -> 9915966893809776899611(+136) -> 9915966893809776899747(+146) -> 9915966893809776899893(+148) -> 9915966893809776900041(+116) -> 9915966893809776900157(+124) -> 9915966893809776900281(+122) -> 9915966893809776900403(+118) -> 9915966893809776900521(+119)
[len 10] 9925973978182896899329(+142) -> 9925973978182896899471(+140) -> 9925973978182896899611(+136) -> 9925973978182896899747(+146) -> 9925973978182896899893(+148) -> 9925973978182896900041(+116) -> 9925973978182896900157(+124) -> 9925973978182896900281(+122) -> 9925973978182896900403(+118) -> 9925973978182896900521(+119)
[len 10] 9935998374869557399429(+142) -> 9935998374869557399571(+140) -> 9935998374869557399711(+136) -> 9935998374869557399847(+146) -> 9935998374869557399993(+148) -> 9935998374869557400141(+116) -> 9935998374869557400257(+124) -> 9935998374869557400381(+122) -> 9935998374869557400503(+118) -> 9935998374869557400621(+119)
[len 10] 9938915827585598899429(+142) -> 9938915827585598899571(+140) -> 9938915827585598899711(+136) -> 9938915827585598899847(+146) -> 9938915827585598899993(+148) -> 9938915827585598900141(+116) -> 9938915827585598900257(+124) -> 9938915827585598900381(+122) -> 9938915827585598900503(+118) -> 9938915827585598900621(+119)
[len 10] 9939992752879392799429(+142) -> 9939992752879392799571(+140) -> 9939992752879392799711(+136) -> 9939992752879392799847(+146) -> 9939992752879392799993(+148) -> 9939992752879392800141(+116) -> 9939992752879392800257(+124) -> 9939992752879392800381(+122) -> 9939992752879392800503(+118) -> 9939992752879392800621(+119)
 95.48%  3.13e+04M cand/s  complete below 9.9448e+21  elapsed 00:51:08  eta 00:02:25  hits=635
[len 10] 9948478816485967799329(+142) -> 9948478816485967799471(+140) -> 9948478816485967799611(+136) -> 9948478816485967799747(+146) -> 9948478816485967799893(+148) -> 9948478816485967800041(+116) -> 9948478816485967800157(+124) -> 9948478816485967800281(+122) -> 9948478816485967800403(+118) -> 9948478816485967800521(+119)
[len 10] 9948888009995762899429(+142) -> 9948888009995762899571(+140) -> 9948888009995762899711(+136) -> 9948888009995762899847(+146) -> 9948888009995762899993(+148) -> 9948888009995762900141(+116) -> 9948888009995762900257(+124) -> 9948888009995762900381(+122) -> 9948888009995762900503(+118) -> 9948888009995762900621(+119)
[len 10] 9948917439666988399429(+142) -> 9948917439666988399571(+140) -> 9948917439666988399711(+136) -> 9948917439666988399847(+146) -> 9948917439666988399993(+148) -> 9948917439666988400141(+116) -> 9948917439666988400257(+124) -> 9948917439666988400381(+122) -> 9948917439666988400503(+118) -> 9948917439666988400621(+119)
[len 10] 9950096793788996699329(+142) -> 9950096793788996699471(+140) -> 9950096793788996699611(+136) -> 9950096793788996699747(+146) -> 9950096793788996699893(+148) -> 9950096793788996700041(+116) -> 9950096793788996700157(+124) -> 9950096793788996700281(+122) -> 9950096793788996700403(+118) -> 9950096793788996700521(+119)
[len 10] 9955797952494298799329(+142) -> 9955797952494298799471(+140) -> 9955797952494298799611(+136) -> 9955797952494298799747(+146) -> 9955797952494298799893(+148) -> 9955797952494298800041(+116) -> 9955797952494298800157(+124) -> 9955797952494298800281(+122) -> 9955797952494298800403(+118) -> 9955797952494298800521(+119)
[len 10] 9957006987978449899429(+142) -> 9957006987978449899571(+140) -> 9957006987978449899711(+136) -> 9957006987978449899847(+146) -> 9957006987978449899993(+148) -> 9957006987978449900141(+116) -> 9957006987978449900257(+124) -> 9957006987978449900381(+122) -> 9957006987978449900503(+118) -> 9957006987978449900621(+119)
[len 10] 9959578927456916899429(+142) -> 9959578927456916899571(+140) -> 9959578927456916899711(+136) -> 9959578927456916899847(+146) -> 9959578927456916899993(+148) -> 9959578927456916900141(+116) -> 9959578927456916900257(+124) -> 9959578927456916900381(+122) -> 9959578927456916900503(+118) -> 9959578927456916900621(+119)
[len 10] 9959857219599971699329(+142) -> 9959857219599971699471(+140) -> 9959857219599971699611(+136) -> 9959857219599971699747(+146) -> 9959857219599971699893(+148) -> 9959857219599971700041(+116) -> 9959857219599971700157(+124) -> 9959857219599971700281(+122) -> 9959857219599971700403(+118) -> 9959857219599971700521(+119)
[len 10] 9965499735958762799329(+142) -> 9965499735958762799471(+140) -> 9965499735958762799611(+136) -> 9965499735958762799747(+146) -> 9965499735958762799893(+148) -> 9965499735958762800041(+116) -> 9965499735958762800157(+124) -> 9965499735958762800281(+122) -> 9965499735958762800403(+118) -> 9965499735958762800521(+119)
[len 10] 9966739788909357499429(+142) -> 9966739788909357499571(+140) -> 9966739788909357499711(+136) -> 9966739788909357499847(+146) -> 9966739788909357499993(+148) -> 9966739788909357500141(+116) -> 9966739788909357500257(+124) -> 9966739788909357500381(+122) -> 9966739788909357500503(+118) -> 9966739788909357500621(+119)
[len 10] 9968302895964789799429(+142) -> 9968302895964789799571(+140) -> 9968302895964789799711(+136) -> 9968302895964789799847(+146) -> 9968302895964789799993(+148) -> 9968302895964789800141(+116) -> 9968302895964789800257(+124) -> 9968302895964789800381(+122) -> 9968302895964789800503(+118) -> 9968302895964789800621(+119)
[len 10] 9969469668447943699429(+142) -> 9969469668447943699571(+140) -> 9969469668447943699711(+136) -> 9969469668447943699847(+146) -> 9969469668447943699993(+148) -> 9969469668447943700141(+116) -> 9969469668447943700257(+124) -> 9969469668447943700381(+122) -> 9969469668447943700503(+118) -> 9969469668447943700621(+119)
 97.38%  3.13e+04M cand/s  complete below 9.9767e+21  elapsed 00:52:08  eta 00:01:24  hits=647
[len 10] 9977937799972145599429(+142) -> 9977937799972145599571(+140) -> 9977937799972145599711(+136) -> 9977937799972145599847(+146) -> 9977937799972145599993(+148) -> 9977937799972145600141(+116) -> 9977937799972145600257(+124) -> 9977937799972145600381(+122) -> 9977937799972145600503(+118) -> 9977937799972145600621(+119)
[len 10] 9979590397887906599329(+142) -> 9979590397887906599471(+140) -> 9979590397887906599611(+136) -> 9979590397887906599747(+146) -> 9979590397887906599893(+148) -> 9979590397887906600041(+116) -> 9979590397887906600157(+124) -> 9979590397887906600281(+122) -> 9979590397887906600403(+118) -> 9979590397887906600521(+119)
[len 10] 9981979615873978399429(+142) -> 9981979615873978399571(+140) -> 9981979615873978399711(+136) -> 9981979615873978399847(+146) -> 9981979615873978399993(+148) -> 9981979615873978400141(+116) -> 9981979615873978400257(+124) -> 9981979615873978400381(+122) -> 9981979615873978400503(+118) -> 9981979615873978400621(+119)
[len 10] 9983297979770682799429(+142) -> 9983297979770682799571(+140) -> 9983297979770682799711(+136) -> 9983297979770682799847(+146) -> 9983297979770682799993(+148) -> 9983297979770682800141(+116) -> 9983297979770682800257(+124) -> 9983297979770682800381(+122) -> 9983297979770682800503(+118) -> 9983297979770682800621(+119)
[len 10] 9983857878364458899329(+142) -> 9983857878364458899471(+140) -> 9983857878364458899611(+136) -> 9983857878364458899747(+146) -> 9983857878364458899893(+148) -> 9983857878364458900041(+116) -> 9983857878364458900157(+124) -> 9983857878364458900281(+122) -> 9983857878364458900403(+118) -> 9983857878364458900521(+119)
[len 10] 9987158537997538799329(+142) -> 9987158537997538799471(+140) -> 9987158537997538799611(+136) -> 9987158537997538799747(+146) -> 9987158537997538799893(+148) -> 9987158537997538800041(+116) -> 9987158537997538800157(+124) -> 9987158537997538800281(+122) -> 9987158537997538800403(+118) -> 9987158537997538800521(+119)
[len 10] 9988762277948488399429(+142) -> 9988762277948488399571(+140) -> 9988762277948488399711(+136) -> 9988762277948488399847(+146) -> 9988762277948488399993(+148) -> 9988762277948488400141(+116) -> 9988762277948488400257(+124) -> 9988762277948488400381(+122) -> 9988762277948488400503(+118) -> 9988762277948488400621(+119)
[len 10] 9989699780340399799429(+142) -> 9989699780340399799571(+140) -> 9989699780340399799711(+136) -> 9989699780340399799847(+146) -> 9989699780340399799993(+148) -> 9989699780340399800141(+116) -> 9989699780340399800257(+124) -> 9989699780340399800381(+122) -> 9989699780340399800503(+118) -> 9989699780340399800621(+119)
[len 10] 9989798851634297599429(+142) -> 9989798851634297599571(+140) -> 9989798851634297599711(+136) -> 9989798851634297599847(+146) -> 9989798851634297599993(+148) -> 9989798851634297600141(+116) -> 9989798851634297600257(+124) -> 9989798851634297600381(+122) -> 9989798851634297600503(+118) -> 9989798851634297600621(+119)
[len 10] 9989963294877096499429(+142) -> 9989963294877096499571(+140) -> 9989963294877096499711(+136) -> 9989963294877096499847(+146) -> 9989963294877096499993(+148) -> 9989963294877096500141(+116) -> 9989963294877096500257(+124) -> 9989963294877096500381(+122) -> 9989963294877096500503(+118) -> 9989963294877096500621(+119)
[len 10] 9991685089791948899329(+142) -> 9991685089791948899471(+140) -> 9991685089791948899611(+136) -> 9991685089791948899747(+146) -> 9991685089791948899893(+148) -> 9991685089791948900041(+116) -> 9991685089791948900157(+124) -> 9991685089791948900281(+122) -> 9991685089791948900403(+118) -> 9991685089791948900521(+119)
[len 10] 9993817994952458899429(+142) -> 9993817994952458899571(+140) -> 9993817994952458899711(+136) -> 9993817994952458899847(+146) -> 9993817994952458899993(+148) -> 9993817994952458900141(+116) -> 9993817994952458900257(+124) -> 9993817994952458900381(+122) -> 9993817994952458900503(+118) -> 9993817994952458900621(+119)
[len 10] 9994966989860442899329(+142) -> 9994966989860442899471(+140) -> 9994966989860442899611(+136) -> 9994966989860442899747(+146) -> 9994966989860442899893(+148) -> 9994966989860442900041(+116) -> 9994966989860442900157(+124) -> 9994966989860442900281(+122) -> 9994966989860442900403(+118) -> 9994966989860442900521(+119)
 99.29%  3.13e+04M cand/s  complete below 9.9961e+21  elapsed 00:53:08  eta 00:00:23  hits=660
[len 10] 9996399868392327799429(+142) -> 9996399868392327799571(+140) -> 9996399868392327799711(+136) -> 9996399868392327799847(+146) -> 9996399868392327799993(+148) -> 9996399868392327800141(+116) -> 9996399868392327800257(+124) -> 9996399868392327800381(+122) -> 9996399868392327800503(+118) -> 9996399868392327800621(+119)
[len 10] 9996996270359982899329(+142) -> 9996996270359982899471(+140) -> 9996996270359982899611(+136) -> 9996996270359982899747(+146) -> 9996996270359982899893(+148) -> 9996996270359982900041(+116) -> 9996996270359982900157(+124) -> 9996996270359982900281(+122) -> 9996996270359982900403(+118) -> 9996996270359982900521(+119)
[len 10] 9999557796773159399329(+142) -> 9999557796773159399471(+140) -> 9999557796773159399611(+136) -> 9999557796773159399747(+146) -> 9999557796773159399893(+148) -> 9999557796773159400041(+116) -> 9999557796773159400157(+124) -> 9999557796773159400281(+122) -> 9999557796773159400403(+118) -> 9999557796773159400521(+119)
[len 10] 9999757166871848699329(+142) -> 9999757166871848699471(+140) -> 9999757166871848699611(+136) -> 9999757166871848699747(+146) -> 9999757166871848699893(+148) -> 9999757166871848700041(+116) -> 9999757166871848700157(+124) -> 9999757166871848700281(+122) -> 9999757166871848700403(+118) -> 9999757166871848700521(+119)
[len 10] 9999859793822964199429(+142) -> 9999859793822964199571(+140) -> 9999859793822964199711(+136) -> 9999859793822964199847(+146) -> 9999859793822964199993(+148) -> 9999859793822964200141(+116) -> 9999859793822964200257(+124) -> 9999859793822964200381(+122) -> 9999859793822964200503(+118) -> 9999859793822964200621(+119)

done
  elapsed          : 3210.98s
  candidates       : 100,476,518,473,002
  after sieve      : 2,249,747,785
  base-2 tests     : 2,892,288,055
  chains >= 10     : 665
  longest found    : 10 (starting at 63782998969989799429)

checkpoint len10all.ckpt marked complete
