X=10000000000000000000000000000  threads=14  ckpt=ipn_1e28.ckpt  (1077871 primes sieved)
FOUND 6 = 2 3
FOUND 90 = 2 5 9
FOUND 60 = 3 4 5
tasks: 9577 at depth 4 (0 already done)
[5s] tasks 0/9577  nodes 1.231e+07 (2.5M/s)  sols 3  cl 7 2c 127 dv 103 fb 0 wn 0
[10s] tasks 1/9577  nodes 2.551e+07 (2.6M/s)  sols 3  cl 7 2c 263 dv 215 fb 0 wn 0
[15s] tasks 1/9577  nodes 3.862e+07 (2.6M/s)  sols 3  cl 7 2c 664 dv 307 fb 0 wn 0
[20s] tasks 3/9577  nodes 5.209e+07 (2.7M/s)  sols 3  cl 7 2c 866 dv 387 fb 0 wn 0
[25s] tasks 3/9577  nodes 6.521e+07 (2.6M/s)  sols 3  cl 7 2c 1257 dv 487 fb 0 wn 0
[30s] tasks 5/9577  nodes 7.896e+07 (2.8M/s)  sols 3  cl 7 2c 1585 dv 584 fb 0 wn 0
[35s] tasks 7/9577  nodes 9.263e+07 (2.7M/s)  sols 3  cl 7 2c 2169 dv 679 fb 0 wn 0
[40s] tasks 8/9577  nodes 1.039e+08 (2.3M/s)  sols 3  cl 7 2c 2512 dv 733 fb 0 wn 0
[45s] tasks 8/9577  nodes 1.188e+08 (3.0M/s)  sols 3  cl 7 2c 2748 dv 792 fb 0 wn 0
[50s] tasks 11/9577  nodes 1.334e+08 (2.9M/s)  sols 3  cl 7 2c 3236 dv 911 fb 0 wn 0
[55s] tasks 13/9577  nodes 1.475e+08 (2.8M/s)  sols 3  cl 7 2c 3784 dv 1002 fb 0 wn 0
[60s] tasks 14/9577  nodes 1.625e+08 (3.0M/s)  sols 3  cl 7 2c 4201 dv 1091 fb 0 wn 0
[65s] tasks 15/9577  nodes 1.772e+08 (2.9M/s)  sols 3  cl 7 2c 4684 dv 1169 fb 0 wn 0
[70s] tasks 17/9577  nodes 1.927e+08 (3.1M/s)  sols 3  cl 7 2c 5233 dv 1239 fb 0 wn 0
[75s] tasks 115/9577  nodes 2.086e+08 (3.2M/s)  sols 3  cl 7 2c 6081 dv 1312 fb 0 wn 0
[80s] tasks 118/9577  nodes 2.222e+08 (2.7M/s)  sols 3  cl 7 2c 6532 dv 1393 fb 0 wn 0
[85s] tasks 118/9577  nodes 2.357e+08 (2.7M/s)  sols 3  cl 7 2c 6888 dv 1494 fb 0 wn 0
[90s] tasks 118/9577  nodes 2.496e+08 (2.8M/s)  sols 3  cl 7 2c 7430 dv 1569 fb 0 wn 0
[95s] tasks 118/9577  nodes 2.637e+08 (2.8M/s)  sols 3  cl 7 2c 7927 dv 1680 fb 0 wn 0
[100s] tasks 119/9577  nodes 2.782e+08 (2.9M/s)  sols 3  cl 7 2c 8457 dv 1747 fb 0 wn 0
[105s] tasks 120/9577  nodes 2.922e+08 (2.8M/s)  sols 3  cl 7 2c 9302 dv 1815 fb 0 wn 0
[110s] tasks 121/9577  nodes 3.064e+08 (2.8M/s)  sols 3  cl 7 2c 10176 dv 1890 fb 0 wn 0
[115s] tasks 122/9577  nodes 3.211e+08 (2.9M/s)  sols 3  cl 7 2c 10417 dv 1943 fb 0 wn 0
[120s] tasks 123/9577  nodes 3.356e+08 (2.9M/s)  sols 3  cl 7 2c 10937 dv 1999 fb 0 wn 0
[125s] tasks 127/9577  nodes 3.498e+08 (2.8M/s)  sols 3  cl 7 2c 11642 dv 2100 fb 0 wn 0
[131s] tasks 129/9577  nodes 3.644e+08 (2.4M/s)  sols 3  cl 7 2c 12427 dv 2189 fb 0 wn 0
[136s] tasks 131/9577  nodes 3.792e+08 (3.0M/s)  sols 3  cl 7 2c 13499 dv 2275 fb 0 wn 0
[141s] tasks 132/9577  nodes 3.952e+08 (3.2M/s)  sols 3  cl 7 2c 14164 dv 2347 fb 0 wn 0
[146s] tasks 211/9577  nodes 4.117e+08 (3.3M/s)  sols 3  cl 7 2c 14518 dv 2411 fb 0 wn 0
[151s] tasks 213/9577  nodes 4.253e+08 (2.7M/s)  sols 3  cl 7 2c 15123 dv 2503 fb 0 wn 0
[156s] tasks 214/9577  nodes 4.401e+08 (3.0M/s)  sols 3  cl 7 2c 15532 dv 2599 fb 0 wn 0
[161s] tasks 216/9577  nodes 4.537e+08 (2.7M/s)  sols 3  cl 7 2c 16052 dv 2694 fb 0 wn 0
[166s] tasks 216/9577  nodes 4.673e+08 (2.7M/s)  sols 3  cl 7 2c 16983 dv 2771 fb 0 wn 0
[171s] tasks 216/9577  nodes 4.818e+08 (2.9M/s)  sols 3  cl 7 2c 18133 dv 2859 fb 0 wn 0
[176s] tasks 217/9577  nodes 4.957e+08 (2.8M/s)  sols 3  cl 7 2c 18777 dv 2978 fb 0 wn 0
[181s] tasks 217/9577  nodes 5.101e+08 (2.9M/s)  sols 3  cl 7 2c 19128 dv 3104 fb 0 wn 0
[186s] tasks 218/9577  nodes 5.239e+08 (2.8M/s)  sols 3  cl 7 2c 19453 dv 3185 fb 0 wn 0
[191s] tasks 218/9577  nodes 5.381e+08 (2.8M/s)  sols 3  cl 7 2c 19850 dv 3260 fb 0 wn 0
[196s] tasks 218/9577  nodes 5.525e+08 (2.9M/s)  sols 3  cl 7 2c 20247 dv 3335 fb 0 wn 0
[201s] tasks 218/9577  nodes 5.669e+08 (2.9M/s)  sols 3  cl 7 2c 20710 dv 3405 fb 0 wn 0
[206s] tasks 218/9577  nodes 5.821e+08 (3.0M/s)  sols 3  cl 7 2c 21698 dv 3489 fb 0 wn 0
[211s] tasks 219/9577  nodes 5.967e+08 (2.9M/s)  sols 3  cl 7 2c 22135 dv 3594 fb 0 wn 0
[217s] tasks 219/9577  nodes 6.118e+08 (2.5M/s)  sols 3  cl 7 2c 22662 dv 3687 fb 0 wn 0
[222s] tasks 220/9577  nodes 6.263e+08 (2.9M/s)  sols 3  cl 7 2c 23261 dv 3759 fb 0 wn 0
[227s] tasks 222/9577  nodes 6.409e+08 (2.9M/s)  sols 3  cl 7 2c 23762 dv 3867 fb 0 wn 0
[232s] tasks 222/9577  nodes 6.563e+08 (3.1M/s)  sols 3  cl 7 2c 24117 dv 3955 fb 0 wn 0
[237s] tasks 223/9577  nodes 6.709e+08 (2.9M/s)  sols 3  cl 7 2c 24760 dv 4041 fb 0 wn 0
[242s] tasks 224/9577  nodes 6.850e+08 (2.8M/s)  sols 3  cl 7 2c 25432 dv 4120 fb 0 wn 0
[247s] tasks 224/9577  nodes 7.000e+08 (3.0M/s)  sols 3  cl 7 2c 26837 dv 4215 fb 0 wn 0
[252s] tasks 224/9577  nodes 7.144e+08 (2.9M/s)  sols 3  cl 7 2c 27975 dv 4306 fb 0 wn 0
[257s] tasks 225/9577  nodes 7.283e+08 (2.8M/s)  sols 3  cl 7 2c 30058 dv 4401 fb 0 wn 0
[262s] tasks 225/9577  nodes 7.436e+08 (3.1M/s)  sols 3  cl 7 2c 32329 dv 4486 fb 0 wn 0
[267s] tasks 226/9577  nodes 7.590e+08 (3.1M/s)  sols 3  cl 7 2c 33988 dv 4580 fb 0 wn 0
[272s] tasks 227/9577  nodes 7.734e+08 (2.9M/s)  sols 3  cl 7 2c 35716 dv 4686 fb 0 wn 0
[277s] tasks 227/9577  nodes 7.887e+08 (3.1M/s)  sols 3  cl 7 2c 37375 dv 4783 fb 0 wn 0
[282s] tasks 227/9577  nodes 8.039e+08 (3.0M/s)  sols 3  cl 7 2c 38804 dv 4867 fb 0 wn 0
[287s] tasks 228/9577  nodes 8.192e+08 (3.1M/s)  sols 3  cl 7 2c 40691 dv 4973 fb 0 wn 0
[292s] tasks 230/9577  nodes 8.348e+08 (3.1M/s)  sols 3  cl 7 2c 41630 dv 5084 fb 0 wn 0
[297s] tasks 285/9577  nodes 8.504e+08 (3.1M/s)  sols 3  cl 7 2c 43034 dv 5169 fb 0 wn 0
[302s] tasks 285/9577  nodes 8.653e+08 (3.0M/s)  sols 3  cl 7 2c 44584 dv 5262 fb 0 wn 0
[307s] tasks 285/9577  nodes 8.803e+08 (3.0M/s)  sols 3  cl 7 2c 45540 dv 5352 fb 0 wn 0
[312s] tasks 290/9577  nodes 8.926e+08 (2.5M/s)  sols 3  cl 7 2c 46263 dv 5411 fb 0 wn 0
[317s] tasks 292/9577  nodes 9.086e+08 (3.2M/s)  sols 3  cl 7 2c 47214 dv 5496 fb 0 wn 0
[322s] tasks 292/9577  nodes 9.236e+08 (3.0M/s)  sols 3  cl 7 2c 48345 dv 5578 fb 0 wn 0
[327s] tasks 294/9577  nodes 9.384e+08 (3.0M/s)  sols 3  cl 7 2c 49868 dv 5698 fb 0 wn 0
[332s] tasks 294/9577  nodes 9.526e+08 (2.9M/s)  sols 3  cl 7 2c 50887 dv 5789 fb 0 wn 0
[337s] tasks 295/9577  nodes 9.668e+08 (2.8M/s)  sols 3  cl 7 2c 52189 dv 5895 fb 0 wn 0
[342s] tasks 296/9577  nodes 9.807e+08 (2.8M/s)  sols 3  cl 7 2c 52738 dv 5967 fb 0 wn 0
[347s] tasks 297/9577  nodes 9.946e+08 (2.8M/s)  sols 3  cl 7 2c 53804 dv 6059 fb 0 wn 0
[352s] tasks 298/9577  nodes 1.009e+09 (2.9M/s)  sols 3  cl 7 2c 55395 dv 6138 fb 0 wn 0
[357s] tasks 298/9577  nodes 1.024e+09 (2.9M/s)  sols 3  cl 7 2c 56117 dv 6236 fb 0 wn 0
[362s] tasks 298/9577  nodes 1.038e+09 (2.9M/s)  sols 3  cl 7 2c 56732 dv 6342 fb 0 wn 0
[367s] tasks 298/9577  nodes 1.053e+09 (2.9M/s)  sols 3  cl 7 2c 57419 dv 6443 fb 0 wn 0
[372s] tasks 298/9577  nodes 1.067e+09 (2.9M/s)  sols 3  cl 7 2c 58031 dv 6537 fb 0 wn 0
[377s] tasks 298/9577  nodes 1.081e+09 (2.8M/s)  sols 3  cl 7 2c 58664 dv 6650 fb 0 wn 0
[382s] tasks 298/9577  nodes 1.097e+09 (3.0M/s)  sols 3  cl 7 2c 59532 dv 6746 fb 0 wn 0
[387s] tasks 299/9577  nodes 1.110e+09 (2.8M/s)  sols 3  cl 7 2c 60607 dv 6879 fb 0 wn 0
[392s] tasks 299/9577  nodes 1.125e+09 (2.8M/s)  sols 3  cl 7 2c 61817 dv 6968 fb 0 wn 0
[397s] tasks 299/9577  nodes 1.136e+09 (2.2M/s)  sols 3  cl 7 2c 62529 dv 7049 fb 0 wn 0
[402s] tasks 299/9577  nodes 1.150e+09 (2.9M/s)  sols 3  cl 7 2c 63518 dv 7144 fb 0 wn 0
[407s] tasks 299/9577  nodes 1.164e+09 (2.8M/s)  sols 3  cl 7 2c 65421 dv 7245 fb 0 wn 0
[412s] tasks 300/9577  nodes 1.179e+09 (2.9M/s)  sols 3  cl 7 2c 67071 dv 7341 fb 0 wn 0
[417s] tasks 300/9577  nodes 1.193e+09 (2.9M/s)  sols 3  cl 7 2c 68732 dv 7424 fb 0 wn 0
[422s] tasks 300/9577  nodes 1.208e+09 (2.9M/s)  sols 3  cl 7 2c 70977 dv 7512 fb 0 wn 0
[427s] tasks 300/9577  nodes 1.223e+09 (3.0M/s)  sols 3  cl 7 2c 72045 dv 7610 fb 0 wn 0
[432s] tasks 300/9577  nodes 1.238e+09 (3.0M/s)  sols 3  cl 7 2c 73155 dv 7682 fb 0 wn 0
[437s] tasks 300/9577  nodes 1.253e+09 (3.0M/s)  sols 3  cl 7 2c 75056 dv 7764 fb 0 wn 0
[442s] tasks 301/9577  nodes 1.268e+09 (3.0M/s)  sols 3  cl 7 2c 78519 dv 7843 fb 0 wn 0
[447s] tasks 301/9577  nodes 1.282e+09 (2.9M/s)  sols 3  cl 7 2c 81156 dv 7962 fb 0 wn 0
[452s] tasks 301/9577  nodes 1.298e+09 (3.1M/s)  sols 3  cl 7 2c 82777 dv 8069 fb 0 wn 0
[457s] tasks 303/9577  nodes 1.313e+09 (3.1M/s)  sols 3  cl 7 2c 84395 dv 8144 fb 0 wn 0
[462s] tasks 303/9577  nodes 1.328e+09 (3.1M/s)  sols 3  cl 7 2c 85354 dv 8222 fb 0 wn 0
[467s] tasks 304/9577  nodes 1.343e+09 (3.0M/s)  sols 3  cl 7 2c 86905 dv 8308 fb 0 wn 0
[472s] tasks 305/9577  nodes 1.359e+09 (3.2M/s)  sols 3  cl 7 2c 88763 dv 8389 fb 0 wn 0
[477s] tasks 357/9577  nodes 1.376e+09 (3.5M/s)  sols 3  cl 7 2c 90373 dv 8456 fb 0 wn 0
[482s] tasks 365/9577  nodes 1.389e+09 (2.5M/s)  sols 3  cl 7 2c 91396 dv 8540 fb 0 wn 0
[487s] tasks 365/9577  nodes 1.404e+09 (2.9M/s)  sols 3  cl 7 2c 92561 dv 8644 fb 0 wn 0
[492s] tasks 365/9577  nodes 1.419e+09 (3.0M/s)  sols 3  cl 7 2c 94159 dv 8724 fb 0 wn 0
[497s] tasks 365/9577  nodes 1.433e+09 (3.0M/s)  sols 3  cl 7 2c 94786 dv 8826 fb 0 wn 0
[502s] tasks 366/9577  nodes 1.449e+09 (3.0M/s)  sols 3  cl 7 2c 96022 dv 8932 fb 0 wn 0
[507s] tasks 366/9577  nodes 1.463e+09 (2.9M/s)  sols 3  cl 7 2c 97006 dv 9033 fb 0 wn 0
[512s] tasks 366/9577  nodes 1.478e+09 (2.9M/s)  sols 3  cl 7 2c 98102 dv 9152 fb 0 wn 0
[517s] tasks 366/9577  nodes 1.492e+09 (2.9M/s)  sols 3  cl 7 2c 99232 dv 9264 fb 0 wn 0
[522s] tasks 366/9577  nodes 1.508e+09 (3.1M/s)  sols 3  cl 7 2c 100169 dv 9374 fb 0 wn 0
[527s] tasks 366/9577  nodes 1.523e+09 (3.0M/s)  sols 3  cl 7 2c 101337 dv 9485 fb 0 wn 0
[532s] tasks 366/9577  nodes 1.538e+09 (3.1M/s)  sols 3  cl 7 2c 103397 dv 9575 fb 0 wn 0
[537s] tasks 366/9577  nodes 1.553e+09 (3.1M/s)  sols 3  cl 7 2c 105629 dv 9687 fb 0 wn 0
[542s] tasks 366/9577  nodes 1.568e+09 (2.9M/s)  sols 3  cl 7 2c 107640 dv 9778 fb 0 wn 0
[547s] tasks 367/9577  nodes 1.583e+09 (3.0M/s)  sols 3  cl 7 2c 108884 dv 9868 fb 0 wn 0
[552s] tasks 368/9577  nodes 1.598e+09 (3.1M/s)  sols 3  cl 7 2c 109787 dv 9949 fb 0 wn 0
[557s] tasks 368/9577  nodes 1.614e+09 (3.1M/s)  sols 3  cl 7 2c 110499 dv 10074 fb 0 wn 0
[562s] tasks 368/9577  nodes 1.628e+09 (2.9M/s)  sols 3  cl 7 2c 111100 dv 10207 fb 0 wn 0
[567s] tasks 368/9577  nodes 1.640e+09 (2.3M/s)  sols 3  cl 7 2c 111813 dv 10297 fb 0 wn 0
[572s] tasks 369/9577  nodes 1.655e+09 (3.0M/s)  sols 3  cl 7 2c 113206 dv 10393 fb 0 wn 0
[577s] tasks 369/9577  nodes 1.669e+09 (2.8M/s)  sols 3  cl 7 2c 114774 dv 10499 fb 0 wn 0
[582s] tasks 369/9577  nodes 1.683e+09 (2.8M/s)  sols 3  cl 7 2c 119087 dv 10580 fb 0 wn 0
[587s] tasks 370/9577  nodes 1.698e+09 (3.0M/s)  sols 3  cl 7 2c 121267 dv 10653 fb 0 wn 0
[592s] tasks 370/9577  nodes 1.712e+09 (2.9M/s)  sols 3  cl 7 2c 123731 dv 10753 fb 0 wn 0
[597s] tasks 370/9577  nodes 1.727e+09 (2.9M/s)  sols 3  cl 7 2c 125833 dv 10845 fb 0 wn 0
[602s] tasks 370/9577  nodes 1.742e+09 (3.0M/s)  sols 3  cl 7 2c 128902 dv 10948 fb 0 wn 0
[607s] tasks 371/9577  nodes 1.757e+09 (3.1M/s)  sols 3  cl 7 2c 132162 dv 11032 fb 0 wn 0
[612s] tasks 371/9577  nodes 1.773e+09 (3.1M/s)  sols 3  cl 7 2c 135618 dv 11098 fb 0 wn 0
[617s] tasks 371/9577  nodes 1.788e+09 (3.0M/s)  sols 3  cl 7 2c 138935 dv 11189 fb 0 wn 0
[622s] tasks 372/9577  nodes 1.804e+09 (3.3M/s)  sols 3  cl 7 2c 140341 dv 11265 fb 0 wn 0
[627s] tasks 373/9577  nodes 1.821e+09 (3.5M/s)  sols 3  cl 7 2c 142182 dv 11322 fb 0 wn 0
[632s] tasks 418/9577  nodes 1.840e+09 (3.6M/s)  sols 3  cl 7 2c 144550 dv 11386 fb 0 wn 0
[637s] tasks 424/9577  nodes 1.856e+09 (3.2M/s)  sols 3  cl 7 2c 145981 dv 11471 fb 0 wn 0
[642s] tasks 424/9577  nodes 1.871e+09 (3.1M/s)  sols 3  cl 7 2c 146845 dv 11581 fb 0 wn 0
[647s] tasks 425/9577  nodes 1.883e+09 (2.3M/s)  sols 3  cl 7 2c 148226 dv 11650 fb 0 wn 0
[652s] tasks 425/9577  nodes 1.898e+09 (3.1M/s)  sols 3  cl 7 2c 149955 dv 11749 fb 0 wn 0
[657s] tasks 425/9577  nodes 1.914e+09 (3.1M/s)  sols 3  cl 7 2c 152031 dv 11829 fb 0 wn 0
[662s] tasks 425/9577  nodes 1.929e+09 (3.2M/s)  sols 3  cl 7 2c 154056 dv 11910 fb 0 wn 0
[667s] tasks 426/9577  nodes 1.946e+09 (3.3M/s)  sols 3  cl 7 2c 155908 dv 12010 fb 0 wn 0
[672s] tasks 426/9577  nodes 1.962e+09 (3.2M/s)  sols 3  cl 7 2c 157453 dv 12092 fb 0 wn 0
[677s] tasks 427/9577  nodes 1.979e+09 (3.4M/s)  sols 3  cl 7 2c 158723 dv 12182 fb 0 wn 0
[682s] tasks 428/9577  nodes 1.994e+09 (3.0M/s)  sols 3  cl 7 2c 161096 dv 12258 fb 0 wn 0
[687s] tasks 429/9577  nodes 2.010e+09 (3.1M/s)  sols 3  cl 7 2c 164169 dv 12336 fb 0 wn 0
[692s] tasks 429/9577  nodes 2.026e+09 (3.3M/s)  sols 3  cl 7 2c 165681 dv 12411 fb 0 wn 0
[697s] tasks 430/9577  nodes 2.044e+09 (3.5M/s)  sols 3  cl 7 2c 166852 dv 12485 fb 0 wn 0
[702s] tasks 471/9577  nodes 2.061e+09 (3.5M/s)  sols 3  cl 7 2c 168727 dv 12565 fb 0 wn 0
[707s] tasks 472/9577  nodes 2.078e+09 (3.2M/s)  sols 3  cl 7 2c 169768 dv 12655 fb 0 wn 0
[712s] tasks 472/9577  nodes 2.095e+09 (3.4M/s)  sols 3  cl 7 2c 170398 dv 12741 fb 0 wn 0
[717s] tasks 472/9577  nodes 2.112e+09 (3.4M/s)  sols 3  cl 7 2c 171931 dv 12816 fb 0 wn 0
[722s] tasks 472/9577  nodes 2.129e+09 (3.4M/s)  sols 3  cl 7 2c 173106 dv 12893 fb 0 wn 0
[727s] tasks 472/9577  nodes 2.144e+09 (3.2M/s)  sols 3  cl 7 2c 174740 dv 12982 fb 0 wn 0
[732s] tasks 472/9577  nodes 2.162e+09 (3.5M/s)  sols 3  cl 7 2c 175542 dv 13054 fb 0 wn 0
[737s] tasks 472/9577  nodes 2.178e+09 (3.3M/s)  sols 3  cl 7 2c 175994 dv 13166 fb 0 wn 0
[742s] tasks 472/9577  nodes 2.191e+09 (2.7M/s)  sols 3  cl 7 2c 176484 dv 13238 fb 0 wn 0
[747s] tasks 473/9577  nodes 2.208e+09 (3.4M/s)  sols 3  cl 7 2c 177577 dv 13319 fb 0 wn 0
[752s] tasks 474/9577  nodes 2.226e+09 (3.6M/s)  sols 3  cl 7 2c 178536 dv 13391 fb 0 wn 0
[757s] tasks 475/9577  nodes 2.242e+09 (3.2M/s)  sols 3  cl 7 2c 181736 dv 13467 fb 0 wn 0
[762s] tasks 476/9577  nodes 2.259e+09 (3.4M/s)  sols 3  cl 7 2c 183730 dv 13537 fb 0 wn 0
[767s] tasks 477/9577  nodes 2.276e+09 (3.4M/s)  sols 3  cl 7 2c 186016 dv 13600 fb 0 wn 0
[772s] tasks 512/9577  nodes 2.293e+09 (3.4M/s)  sols 3  cl 7 2c 190241 dv 13652 fb 0 wn 0
[777s] tasks 513/9577  nodes 2.310e+09 (3.4M/s)  sols 3  cl 7 2c 192366 dv 13741 fb 0 wn 0
[782s] tasks 514/9577  nodes 2.327e+09 (3.4M/s)  sols 3  cl 7 2c 195850 dv 13814 fb 0 wn 0
[787s] tasks 515/9577  nodes 2.345e+09 (3.7M/s)  sols 3  cl 7 2c 197951 dv 13893 fb 0 wn 0
[792s] tasks 551/9577  nodes 2.364e+09 (3.9M/s)  sols 3  cl 7 2c 200430 dv 13949 fb 0 wn 0
[797s] tasks 553/9577  nodes 2.383e+09 (3.7M/s)  sols 3  cl 7 2c 201558 dv 14006 fb 0 wn 0
[802s] tasks 585/9577  nodes 2.402e+09 (3.8M/s)  sols 3  cl 7 2c 202010 dv 14062 fb 0 wn 0
[807s] tasks 617/9577  nodes 2.421e+09 (3.8M/s)  sols 3  cl 7 2c 202433 dv 14132 fb 0 wn 0
[812s] tasks 835/9577  nodes 2.441e+09 (4.0M/s)  sols 3  cl 7 2c 203163 dv 14199 fb 0 wn 0
[817s] tasks 835/9577  nodes 2.458e+09 (3.4M/s)  sols 3  cl 7 2c 204204 dv 14288 fb 0 wn 0
[822s] tasks 835/9577  nodes 2.475e+09 (3.5M/s)  sols 3  cl 7 2c 205876 dv 14360 fb 0 wn 0
[827s] tasks 837/9577  nodes 2.493e+09 (3.6M/s)  sols 3  cl 7 2c 207223 dv 14426 fb 0 wn 0
[832s] tasks 840/9577  nodes 2.510e+09 (3.5M/s)  sols 3  cl 7 2c 208144 dv 14508 fb 0 wn 0
[837s] tasks 842/9577  nodes 2.529e+09 (3.7M/s)  sols 3  cl 7 2c 209082 dv 14566 fb 0 wn 0
[842s] tasks 917/9577  nodes 2.544e+09 (3.0M/s)  sols 3  cl 7 2c 209774 dv 14636 fb 0 wn 0
[847s] tasks 917/9577  nodes 2.560e+09 (3.2M/s)  sols 3  cl 7 2c 211234 dv 14724 fb 0 wn 0
[852s] tasks 919/9577  nodes 2.576e+09 (3.2M/s)  sols 3  cl 7 2c 211690 dv 14792 fb 0 wn 0
[857s] tasks 919/9577  nodes 2.593e+09 (3.4M/s)  sols 3  cl 7 2c 212059 dv 14836 fb 0 wn 0
[862s] tasks 921/9577  nodes 2.609e+09 (3.2M/s)  sols 3  cl 7 2c 212330 dv 14906 fb 0 wn 0
[867s] tasks 922/9577  nodes 2.626e+09 (3.3M/s)  sols 3  cl 7 2c 212813 dv 14967 fb 0 wn 0
[872s] tasks 923/9577  nodes 2.642e+09 (3.3M/s)  sols 3  cl 7 2c 213402 dv 15029 fb 0 wn 0
[877s] tasks 926/9577  nodes 2.659e+09 (3.4M/s)  sols 3  cl 7 2c 213571 dv 15085 fb 0 wn 0
[882s] tasks 927/9577  nodes 2.676e+09 (3.4M/s)  sols 3  cl 7 2c 213785 dv 15144 fb 0 wn 0
[887s] tasks 929/9577  nodes 2.693e+09 (3.4M/s)  sols 3  cl 7 2c 214164 dv 15227 fb 0 wn 0
[892s] tasks 931/9577  nodes 2.711e+09 (3.6M/s)  sols 3  cl 7 2c 214557 dv 15283 fb 0 wn 0
[897s] tasks 1014/9577  nodes 2.729e+09 (3.5M/s)  sols 3  cl 7 2c 214851 dv 15332 fb 0 wn 0
[902s] tasks 1019/9577  nodes 2.743e+09 (2.9M/s)  sols 3  cl 7 2c 216328 dv 15417 fb 0 wn 0
[907s] tasks 1019/9577  nodes 2.758e+09 (3.0M/s)  sols 3  cl 7 2c 216718 dv 15505 fb 0 wn 0
[912s] tasks 1021/9577  nodes 2.773e+09 (3.0M/s)  sols 3  cl 7 2c 217752 dv 15589 fb 0 wn 0
[917s] tasks 1022/9577  nodes 2.788e+09 (3.1M/s)  sols 3  cl 7 2c 218204 dv 15677 fb 0 wn 0
[922s] tasks 1023/9577  nodes 2.803e+09 (3.0M/s)  sols 3  cl 7 2c 218831 dv 15777 fb 0 wn 0
[927s] tasks 1023/9577  nodes 2.818e+09 (2.9M/s)  sols 3  cl 7 2c 221022 dv 15861 fb 0 wn 0
[932s] tasks 1024/9577  nodes 2.830e+09 (2.5M/s)  sols 3  cl 7 2c 222856 dv 15927 fb 0 wn 0
[937s] tasks 1025/9577  nodes 2.846e+09 (3.2M/s)  sols 3  cl 7 2c 225418 dv 16016 fb 0 wn 0
[942s] tasks 1026/9577  nodes 2.862e+09 (3.0M/s)  sols 3  cl 7 2c 227628 dv 16111 fb 0 wn 0
[947s] tasks 1074/9577  nodes 2.878e+09 (3.2M/s)  sols 3  cl 7 2c 231583 dv 16192 fb 0 wn 0
[952s] tasks 1078/9577  nodes 2.893e+09 (3.1M/s)  sols 3  cl 7 2c 232403 dv 16291 fb 0 wn 0
[957s] tasks 1078/9577  nodes 2.908e+09 (3.0M/s)  sols 3  cl 7 2c 233111 dv 16387 fb 0 wn 0
[962s] tasks 1078/9577  nodes 2.924e+09 (3.1M/s)  sols 3  cl 7 2c 233860 dv 16477 fb 0 wn 0
[967s] tasks 1078/9577  nodes 2.939e+09 (3.1M/s)  sols 3  cl 7 2c 235086 dv 16576 fb 0 wn 0
FOUND 1446875426304 = 2 7 11 41 43 81 256 257
[972s] tasks 1081/9577  nodes 2.954e+09 (3.0M/s)  sols 4  cl 8 2c 236438 dv 16679 fb 0 wn 0
[977s] tasks 1081/9577  nodes 2.969e+09 (3.0M/s)  sols 4  cl 8 2c 237292 dv 16773 fb 0 wn 0
[982s] tasks 1081/9577  nodes 2.985e+09 (3.1M/s)  sols 4  cl 8 2c 238128 dv 16872 fb 0 wn 0
[987s] tasks 1082/9577  nodes 3.000e+09 (3.1M/s)  sols 4  cl 8 2c 239130 dv 16972 fb 0 wn 0
[992s] tasks 1082/9577  nodes 3.016e+09 (3.1M/s)  sols 4  cl 8 2c 240158 dv 17058 fb 0 wn 0
[997s] tasks 1082/9577  nodes 3.030e+09 (2.8M/s)  sols 4  cl 8 2c 242086 dv 17177 fb 0 wn 0
[1002s] tasks 1083/9577  nodes 3.044e+09 (2.8M/s)  sols 4  cl 8 2c 245800 dv 17278 fb 0 wn 0
[1007s] tasks 1083/9577  nodes 3.058e+09 (2.9M/s)  sols 4  cl 8 2c 249582 dv 17374 fb 0 wn 0
[1012s] tasks 1083/9577  nodes 3.072e+09 (2.7M/s)  sols 4  cl 8 2c 251348 dv 17491 fb 0 wn 0
[1017s] tasks 1083/9577  nodes 3.086e+09 (2.9M/s)  sols 4  cl 8 2c 253688 dv 17605 fb 0 wn 0
[1022s] tasks 1083/9577  nodes 3.098e+09 (2.3M/s)  sols 4  cl 8 2c 254929 dv 17698 fb 0 wn 0
[1027s] tasks 1083/9577  nodes 3.112e+09 (2.9M/s)  sols 4  cl 8 2c 258094 dv 17796 fb 0 wn 0
[1032s] tasks 1083/9577  nodes 3.126e+09 (2.9M/s)  sols 4  cl 8 2c 260312 dv 17891 fb 0 wn 0
[1037s] tasks 1083/9577  nodes 3.141e+09 (3.0M/s)  sols 4  cl 8 2c 261784 dv 18003 fb 0 wn 0
[1042s] tasks 1083/9577  nodes 3.156e+09 (2.9M/s)  sols 4  cl 8 2c 262982 dv 18116 fb 0 wn 0
[1047s] tasks 1083/9577  nodes 3.171e+09 (3.1M/s)  sols 4  cl 8 2c 263980 dv 18233 fb 0 wn 0
[1052s] tasks 1083/9577  nodes 3.187e+09 (3.1M/s)  sols 4  cl 8 2c 264497 dv 18344 fb 0 wn 0
[1057s] tasks 1083/9577  nodes 3.202e+09 (2.9M/s)  sols 4  cl 8 2c 265022 dv 18461 fb 0 wn 0
[1062s] tasks 1083/9577  nodes 3.217e+09 (3.0M/s)  sols 4  cl 8 2c 265675 dv 18557 fb 0 wn 0
[1067s] tasks 1083/9577  nodes 3.232e+09 (3.0M/s)  sols 4  cl 8 2c 267316 dv 18688 fb 0 wn 0
[1072s] tasks 1083/9577  nodes 3.247e+09 (3.1M/s)  sols 4  cl 8 2c 268616 dv 18755 fb 0 wn 0
[1077s] tasks 1083/9577  nodes 3.262e+09 (3.0M/s)  sols 4  cl 8 2c 270512 dv 18888 fb 0 wn 0
[1082s] tasks 1083/9577  nodes 3.277e+09 (3.0M/s)  sols 4  cl 8 2c 273052 dv 18978 fb 0 wn 0
[1087s] tasks 1083/9577  nodes 3.292e+09 (3.0M/s)  sols 4  cl 8 2c 275780 dv 19083 fb 0 wn 0
[1092s] tasks 1084/9577  nodes 3.307e+09 (3.0M/s)  sols 4  cl 8 2c 277814 dv 19168 fb 0 wn 0
[1097s] tasks 1084/9577  nodes 3.321e+09 (3.0M/s)  sols 4  cl 8 2c 279457 dv 19264 fb 0 wn 0
[1102s] tasks 1084/9577  nodes 3.336e+09 (2.9M/s)  sols 4  cl 8 2c 280640 dv 19400 fb 0 wn 0
[1107s] tasks 1084/9577  nodes 3.351e+09 (3.0M/s)  sols 4  cl 8 2c 281678 dv 19532 fb 0 wn 0
[1113s] tasks 1084/9577  nodes 3.366e+09 (2.5M/s)  sols 4  cl 8 2c 282707 dv 19609 fb 0 wn 0
[1118s] tasks 1084/9577  nodes 3.381e+09 (3.1M/s)  sols 4  cl 8 2c 283806 dv 19678 fb 0 wn 0
[1123s] tasks 1084/9577  nodes 3.396e+09 (3.1M/s)  sols 4  cl 8 2c 284372 dv 19781 fb 0 wn 0
[1128s] tasks 1085/9577  nodes 3.413e+09 (3.2M/s)  sols 4  cl 8 2c 285370 dv 19867 fb 0 wn 0
[1133s] tasks 1085/9577  nodes 3.427e+09 (2.9M/s)  sols 4  cl 8 2c 287581 dv 19967 fb 0 wn 0
[1138s] tasks 1085/9577  nodes 3.443e+09 (3.2M/s)  sols 4  cl 8 2c 288991 dv 20036 fb 0 wn 0
[1143s] tasks 1085/9577  nodes 3.458e+09 (3.1M/s)  sols 4  cl 8 2c 289484 dv 20130 fb 0 wn 0
[1148s] tasks 1086/9577  nodes 3.473e+09 (3.0M/s)  sols 4  cl 8 2c 290408 dv 20208 fb 0 wn 0
[1153s] tasks 1086/9577  nodes 3.489e+09 (3.2M/s)  sols 4  cl 8 2c 291211 dv 20296 fb 0 wn 0
[1158s] tasks 1087/9577  nodes 3.505e+09 (3.1M/s)  sols 4  cl 8 2c 292138 dv 20380 fb 0 wn 0
[1163s] tasks 1087/9577  nodes 3.520e+09 (3.0M/s)  sols 4  cl 8 2c 294434 dv 20447 fb 0 wn 0
[1168s] tasks 1087/9577  nodes 3.536e+09 (3.3M/s)  sols 4  cl 8 2c 295327 dv 20509 fb 0 wn 0
[1173s] tasks 1087/9577  nodes 3.552e+09 (3.2M/s)  sols 4  cl 8 2c 295907 dv 20587 fb 0 wn 0
[1178s] tasks 1087/9577  nodes 3.568e+09 (3.2M/s)  sols 4  cl 8 2c 296399 dv 20670 fb 0 wn 0
[1183s] tasks 1087/9577  nodes 3.583e+09 (2.9M/s)  sols 4  cl 8 2c 297846 dv 20800 fb 0 wn 0
[1188s] tasks 1087/9577  nodes 3.598e+09 (3.0M/s)  sols 4  cl 8 2c 299449 dv 20903 fb 0 wn 0
[1193s] tasks 1087/9577  nodes 3.614e+09 (3.2M/s)  sols 4  cl 8 2c 302719 dv 20994 fb 0 wn 0
[1198s] tasks 1087/9577  nodes 3.630e+09 (3.3M/s)  sols 4  cl 8 2c 303230 dv 21065 fb 0 wn 0
[1203s] tasks 1088/9577  nodes 3.647e+09 (3.3M/s)  sols 4  cl 8 2c 304140 dv 21145 fb 0 wn 0
[1208s] tasks 1088/9577  nodes 3.659e+09 (2.5M/s)  sols 4  cl 8 2c 305964 dv 21243 fb 0 wn 0
[1213s] tasks 1088/9577  nodes 3.675e+09 (3.2M/s)  sols 4  cl 8 2c 307226 dv 21343 fb 0 wn 0
[1218s] tasks 1088/9577  nodes 3.691e+09 (3.1M/s)  sols 4  cl 8 2c 307998 dv 21429 fb 0 wn 0
[1223s] tasks 1088/9577  nodes 3.707e+09 (3.1M/s)  sols 4  cl 8 2c 310639 dv 21547 fb 0 wn 0
[1228s] tasks 1089/9577  nodes 3.722e+09 (3.1M/s)  sols 4  cl 8 2c 313577 dv 21649 fb 0 wn 0
[1233s] tasks 1090/9577  nodes 3.737e+09 (3.0M/s)  sols 4  cl 8 2c 315907 dv 21736 fb 0 wn 0
[1238s] tasks 1090/9577  nodes 3.753e+09 (3.3M/s)  sols 4  cl 8 2c 318248 dv 21822 fb 0 wn 0
[1243s] tasks 1092/9577  nodes 3.770e+09 (3.3M/s)  sols 4  cl 8 2c 320780 dv 21911 fb 0 wn 0
[1248s] tasks 1136/9577  nodes 3.786e+09 (3.2M/s)  sols 4  cl 8 2c 323544 dv 21978 fb 0 wn 0
[1253s] tasks 1136/9577  nodes 3.802e+09 (3.2M/s)  sols 4  cl 8 2c 325567 dv 22058 fb 0 wn 0
[1258s] tasks 1136/9577  nodes 3.819e+09 (3.4M/s)  sols 4  cl 8 2c 327169 dv 22127 fb 0 wn 0
[1263s] tasks 1136/9577  nodes 3.835e+09 (3.3M/s)  sols 4  cl 8 2c 328109 dv 22230 fb 0 wn 0
[1268s] tasks 1136/9577  nodes 3.851e+09 (3.1M/s)  sols 4  cl 8 2c 329719 dv 22333 fb 0 wn 0
[1273s] tasks 1136/9577  nodes 3.866e+09 (3.0M/s)  sols 4  cl 8 2c 331256 dv 22438 fb 0 wn 0
[1278s] tasks 1140/9577  nodes 3.881e+09 (3.0M/s)  sols 4  cl 8 2c 332220 dv 22548 fb 0 wn 0
[1283s] tasks 1140/9577  nodes 3.896e+09 (3.0M/s)  sols 4  cl 8 2c 332799 dv 22649 fb 0 wn 0
[1288s] tasks 1140/9577  nodes 3.911e+09 (3.0M/s)  sols 4  cl 8 2c 333724 dv 22747 fb 0 wn 0
[1293s] tasks 1140/9577  nodes 3.926e+09 (3.0M/s)  sols 4  cl 8 2c 335019 dv 22859 fb 0 wn 0
[1298s] tasks 1143/9577  nodes 3.938e+09 (2.5M/s)  sols 4  cl 8 2c 336065 dv 22929 fb 0 wn 0
[1303s] tasks 1144/9577  nodes 3.954e+09 (3.1M/s)  sols 4  cl 8 2c 337261 dv 23038 fb 0 wn 0
[1308s] tasks 1145/9577  nodes 3.970e+09 (3.1M/s)  sols 4  cl 8 2c 338688 dv 23122 fb 0 wn 0
[1313s] tasks 1145/9577  nodes 3.985e+09 (3.1M/s)  sols 4  cl 8 2c 339654 dv 23220 fb 0 wn 0
[1318s] tasks 1145/9577  nodes 4.000e+09 (3.0M/s)  sols 4  cl 8 2c 340949 dv 23310 fb 0 wn 0
[1323s] tasks 1147/9577  nodes 4.015e+09 (3.0M/s)  sols 4  cl 8 2c 342012 dv 23400 fb 0 wn 0
[1328s] tasks 1147/9577  nodes 4.030e+09 (3.0M/s)  sols 4  cl 8 2c 343811 dv 23498 fb 0 wn 0
[1333s] tasks 1147/9577  nodes 4.045e+09 (3.1M/s)  sols 4  cl 8 2c 345344 dv 23603 fb 0 wn 0
[1338s] tasks 1147/9577  nodes 4.060e+09 (2.9M/s)  sols 4  cl 8 2c 347451 dv 23688 fb 0 wn 0
[1343s] tasks 1147/9577  nodes 4.075e+09 (3.0M/s)  sols 4  cl 8 2c 349796 dv 23796 fb 0 wn 0
[1348s] tasks 1147/9577  nodes 4.090e+09 (3.0M/s)  sols 4  cl 8 2c 351838 dv 23897 fb 0 wn 0
[1353s] tasks 1147/9577  nodes 4.105e+09 (3.1M/s)  sols 4  cl 8 2c 354421 dv 23984 fb 0 wn 0
[1358s] tasks 1147/9577  nodes 4.121e+09 (3.1M/s)  sols 4  cl 8 2c 357032 dv 24073 fb 0 wn 0
[1363s] tasks 1147/9577  nodes 4.137e+09 (3.2M/s)  sols 4  cl 8 2c 360376 dv 24168 fb 0 wn 0
[1368s] tasks 1148/9577  nodes 4.153e+09 (3.2M/s)  sols 4  cl 8 2c 363384 dv 24258 fb 0 wn 0
[1373s] tasks 1148/9577  nodes 4.169e+09 (3.2M/s)  sols 4  cl 8 2c 365796 dv 24349 fb 0 wn 0
[1378s] tasks 1148/9577  nodes 4.185e+09 (3.2M/s)  sols 4  cl 8 2c 366488 dv 24450 fb 0 wn 0
[1383s] tasks 1148/9577  nodes 4.200e+09 (3.0M/s)  sols 4  cl 8 2c 368561 dv 24535 fb 0 wn 0
[1388s] tasks 1148/9577  nodes 4.215e+09 (2.9M/s)  sols 4  cl 8 2c 372497 dv 24640 fb 0 wn 0
[1393s] tasks 1149/9577  nodes 4.226e+09 (2.3M/s)  sols 4  cl 8 2c 374761 dv 24719 fb 0 wn 0
[1398s] tasks 1149/9577  nodes 4.242e+09 (3.1M/s)  sols 4  cl 8 2c 377429 dv 24809 fb 0 wn 0
[1403s] tasks 1150/9577  nodes 4.258e+09 (3.3M/s)  sols 4  cl 8 2c 379967 dv 24905 fb 0 wn 0
[1408s] tasks 1150/9577  nodes 4.275e+09 (3.3M/s)  sols 4  cl 8 2c 382138 dv 24985 fb 0 wn 0
[1413s] tasks 1154/9577  nodes 4.291e+09 (3.3M/s)  sols 4  cl 8 2c 384659 dv 25064 fb 0 wn 0
[1418s] tasks 1183/9577  nodes 4.307e+09 (3.1M/s)  sols 4  cl 8 2c 387081 dv 25155 fb 0 wn 0
[1423s] tasks 1183/9577  nodes 4.322e+09 (3.1M/s)  sols 4  cl 8 2c 388895 dv 25250 fb 0 wn 0
[1428s] tasks 1183/9577  nodes 4.338e+09 (3.1M/s)  sols 4  cl 8 2c 390290 dv 25332 fb 0 wn 0
[1433s] tasks 1183/9577  nodes 4.353e+09 (3.1M/s)  sols 4  cl 8 2c 392288 dv 25422 fb 0 wn 0
[1438s] tasks 1183/9577  nodes 4.369e+09 (3.1M/s)  sols 4  cl 8 2c 395130 dv 25507 fb 0 wn 0
[1443s] tasks 1183/9577  nodes 4.384e+09 (3.1M/s)  sols 4  cl 8 2c 398876 dv 25583 fb 0 wn 0
[1448s] tasks 1183/9577  nodes 4.400e+09 (3.2M/s)  sols 4  cl 8 2c 402439 dv 25671 fb 0 wn 0
[1453s] tasks 1183/9577  nodes 4.417e+09 (3.3M/s)  sols 4  cl 8 2c 403830 dv 25741 fb 0 wn 0
[1458s] tasks 1184/9577  nodes 4.432e+09 (3.1M/s)  sols 4  cl 8 2c 404852 dv 25820 fb 0 wn 0
[1463s] tasks 1184/9577  nodes 4.448e+09 (3.1M/s)  sols 4  cl 8 2c 406670 dv 25909 fb 0 wn 0
[1468s] tasks 1184/9577  nodes 4.464e+09 (3.2M/s)  sols 4  cl 8 2c 408823 dv 25992 fb 0 wn 0
[1473s] tasks 1184/9577  nodes 4.480e+09 (3.3M/s)  sols 4  cl 8 2c 410294 dv 26080 fb 0 wn 0
[1478s] tasks 1184/9577  nodes 4.496e+09 (3.1M/s)  sols 4  cl 8 2c 412798 dv 26149 fb 0 wn 0
[1483s] tasks 1188/9577  nodes 4.513e+09 (3.4M/s)  sols 4  cl 8 2c 414327 dv 26237 fb 0 wn 0
[1488s] tasks 1188/9577  nodes 4.528e+09 (2.9M/s)  sols 4  cl 8 2c 416690 dv 26312 fb 0 wn 0
[1493s] tasks 1189/9577  nodes 4.540e+09 (2.5M/s)  sols 4  cl 8 2c 418486 dv 26404 fb 0 wn 0
[1498s] tasks 1189/9577  nodes 4.555e+09 (3.1M/s)  sols 4  cl 8 2c 420425 dv 26482 fb 0 wn 0
[1503s] tasks 1189/9577  nodes 4.570e+09 (2.9M/s)  sols 4  cl 8 2c 423109 dv 26552 fb 0 wn 0
[1508s] tasks 1189/9577  nodes 4.586e+09 (3.1M/s)  sols 4  cl 8 2c 425422 dv 26627 fb 0 wn 0
[1513s] tasks 1190/9577  nodes 4.601e+09 (3.0M/s)  sols 4  cl 8 2c 428079 dv 26713 fb 0 wn 0
[1518s] tasks 1190/9577  nodes 4.616e+09 (3.1M/s)  sols 4  cl 8 2c 429819 dv 26794 fb 0 wn 0
[1523s] tasks 1191/9577  nodes 4.631e+09 (2.9M/s)  sols 4  cl 8 2c 432268 dv 26886 fb 0 wn 0
[1528s] tasks 1191/9577  nodes 4.645e+09 (2.9M/s)  sols 4  cl 8 2c 435658 dv 26997 fb 0 wn 0
[1533s] tasks 1191/9577  nodes 4.659e+09 (2.8M/s)  sols 4  cl 8 2c 438495 dv 27077 fb 0 wn 0
[1538s] tasks 1191/9577  nodes 4.673e+09 (2.8M/s)  sols 4  cl 8 2c 441820 dv 27164 fb 0 wn 0
[1543s] tasks 1191/9577  nodes 4.689e+09 (3.1M/s)  sols 4  cl 8 2c 443512 dv 27240 fb 0 wn 0
[1548s] tasks 1191/9577  nodes 4.704e+09 (3.1M/s)  sols 4  cl 8 2c 445572 dv 27330 fb 0 wn 0
[1553s] tasks 1191/9577  nodes 4.719e+09 (3.0M/s)  sols 4  cl 8 2c 447810 dv 27428 fb 0 wn 0
[1558s] tasks 1191/9577  nodes 4.733e+09 (2.9M/s)  sols 4  cl 8 2c 450161 dv 27545 fb 0 wn 0
[1563s] tasks 1191/9577  nodes 4.748e+09 (3.0M/s)  sols 4  cl 8 2c 452543 dv 27631 fb 0 wn 0
[1568s] tasks 1191/9577  nodes 4.763e+09 (3.0M/s)  sols 4  cl 8 2c 456058 dv 27725 fb 0 wn 0
[1573s] tasks 1191/9577  nodes 4.779e+09 (3.1M/s)  sols 4  cl 8 2c 458651 dv 27817 fb 0 wn 0
[1578s] tasks 1191/9577  nodes 4.791e+09 (2.5M/s)  sols 4  cl 8 2c 460570 dv 27865 fb 0 wn 0
[1583s] tasks 1191/9577  nodes 4.808e+09 (3.3M/s)  sols 4  cl 8 2c 462893 dv 27935 fb 0 wn 0
[1588s] tasks 1192/9577  nodes 4.825e+09 (3.5M/s)  sols 4  cl 8 2c 465433 dv 28022 fb 0 wn 0
[1593s] tasks 1192/9577  nodes 4.842e+09 (3.4M/s)  sols 4  cl 8 2c 468724 dv 28094 fb 0 wn 0
[1598s] tasks 1192/9577  nodes 4.859e+09 (3.3M/s)  sols 4  cl 8 2c 470881 dv 28161 fb 0 wn 0
[1603s] tasks 1192/9577  nodes 4.875e+09 (3.3M/s)  sols 4  cl 8 2c 472975 dv 28241 fb 0 wn 0
[1608s] tasks 1192/9577  nodes 4.892e+09 (3.4M/s)  sols 4  cl 8 2c 474474 dv 28319 fb 0 wn 0
[1613s] tasks 1192/9577  nodes 4.907e+09 (2.9M/s)  sols 4  cl 8 2c 476245 dv 28424 fb 0 wn 0
[1618s] tasks 1192/9577  nodes 4.922e+09 (3.0M/s)  sols 4  cl 8 2c 478310 dv 28528 fb 0 wn 0
[1623s] tasks 1192/9577  nodes 4.938e+09 (3.2M/s)  sols 4  cl 8 2c 480360 dv 28606 fb 0 wn 0
[1628s] tasks 1192/9577  nodes 4.955e+09 (3.3M/s)  sols 4  cl 8 2c 482601 dv 28677 fb 0 wn 0
[1633s] tasks 1192/9577  nodes 4.971e+09 (3.2M/s)  sols 4  cl 8 2c 485602 dv 28754 fb 0 wn 0
[1638s] tasks 1192/9577  nodes 4.986e+09 (3.1M/s)  sols 4  cl 8 2c 487604 dv 28835 fb 0 wn 0
[1643s] tasks 1193/9577  nodes 5.002e+09 (3.2M/s)  sols 4  cl 8 2c 490005 dv 28915 fb 0 wn 0
[1648s] tasks 1194/9577  nodes 5.019e+09 (3.4M/s)  sols 4  cl 8 2c 492426 dv 29000 fb 0 wn 0
[1653s] tasks 1194/9577  nodes 5.036e+09 (3.4M/s)  sols 4  cl 8 2c 495881 dv 29082 fb 0 wn 0
[1658s] tasks 1194/9577  nodes 5.052e+09 (3.2M/s)  sols 4  cl 8 2c 498311 dv 29153 fb 0 wn 0
[1663s] tasks 1194/9577  nodes 5.070e+09 (3.5M/s)  sols 4  cl 8 2c 501828 dv 29225 fb 0 wn 0
[1668s] tasks 1224/9577  nodes 5.087e+09 (3.5M/s)  sols 4  cl 8 2c 504349 dv 29287 fb 0 wn 0
[1673s] tasks 1225/9577  nodes 5.104e+09 (3.4M/s)  sols 4  cl 8 2c 507309 dv 29363 fb 0 wn 0
[1679s] tasks 1230/9577  nodes 5.122e+09 (3.0M/s)  sols 4  cl 8 2c 509142 dv 29437 fb 0 wn 0
[1684s] tasks 1230/9577  nodes 5.137e+09 (3.0M/s)  sols 4  cl 8 2c 510898 dv 29526 fb 0 wn 0
[1689s] tasks 1230/9577  nodes 5.153e+09 (3.3M/s)  sols 4  cl 8 2c 512493 dv 29614 fb 0 wn 0
[1694s] tasks 1230/9577  nodes 5.169e+09 (3.1M/s)  sols 4  cl 8 2c 515288 dv 29702 fb 0 wn 0
[1699s] tasks 1230/9577  nodes 5.184e+09 (3.1M/s)  sols 4  cl 8 2c 517596 dv 29809 fb 0 wn 0
[1704s] tasks 1230/9577  nodes 5.200e+09 (3.2M/s)  sols 4  cl 8 2c 520986 dv 29888 fb 0 wn 0
[1709s] tasks 1230/9577  nodes 5.216e+09 (3.2M/s)  sols 4  cl 8 2c 523889 dv 29956 fb 0 wn 0
[1714s] tasks 1230/9577  nodes 5.233e+09 (3.2M/s)  sols 4  cl 8 2c 526667 dv 30026 fb 0 wn 0
[1719s] tasks 1230/9577  nodes 5.248e+09 (3.2M/s)  sols 4  cl 8 2c 529658 dv 30108 fb 0 wn 0
[1724s] tasks 1230/9577  nodes 5.264e+09 (3.1M/s)  sols 4  cl 8 2c 533063 dv 30199 fb 0 wn 0
[1729s] tasks 1231/9577  nodes 5.281e+09 (3.5M/s)  sols 4  cl 8 2c 535628 dv 30272 fb 0 wn 0
[1734s] tasks 1231/9577  nodes 5.299e+09 (3.6M/s)  sols 4  cl 8 2c 538075 dv 30345 fb 0 wn 0
[1739s] tasks 1231/9577  nodes 5.317e+09 (3.6M/s)  sols 4  cl 8 2c 539910 dv 30417 fb 0 wn 0
[1744s] tasks 1231/9577  nodes 5.334e+09 (3.4M/s)  sols 4  cl 8 2c 541856 dv 30495 fb 0 wn 0
[1749s] tasks 1231/9577  nodes 5.352e+09 (3.5M/s)  sols 4  cl 8 2c 543913 dv 30568 fb 0 wn 0
[1754s] tasks 1232/9577  nodes 5.369e+09 (3.4M/s)  sols 4  cl 8 2c 545956 dv 30656 fb 0 wn 0
[1759s] tasks 1232/9577  nodes 5.385e+09 (3.3M/s)  sols 4  cl 8 2c 547731 dv 30756 fb 0 wn 0
[1764s] tasks 1232/9577  nodes 5.399e+09 (2.8M/s)  sols 4  cl 8 2c 549171 dv 30810 fb 0 wn 0
[1769s] tasks 1232/9577  nodes 5.415e+09 (3.3M/s)  sols 4  cl 8 2c 551648 dv 30899 fb 0 wn 0
[1774s] tasks 1232/9577  nodes 5.432e+09 (3.4M/s)  sols 4  cl 8 2c 553886 dv 30971 fb 0 wn 0
[1779s] tasks 1232/9577  nodes 5.451e+09 (3.6M/s)  sols 4  cl 8 2c 555556 dv 31037 fb 0 wn 0
[1784s] tasks 1232/9577  nodes 5.468e+09 (3.5M/s)  sols 4  cl 8 2c 558089 dv 31134 fb 0 wn 0
[1789s] tasks 1233/9577  nodes 5.485e+09 (3.4M/s)  sols 4  cl 8 2c 561090 dv 31243 fb 0 wn 0
[1794s] tasks 1234/9577  nodes 5.501e+09 (3.3M/s)  sols 4  cl 8 2c 563691 dv 31342 fb 0 wn 0
[1799s] tasks 1259/9577  nodes 5.517e+09 (3.1M/s)  sols 4  cl 8 2c 567674 dv 31439 fb 0 wn 0
[1804s] tasks 1259/9577  nodes 5.532e+09 (3.1M/s)  sols 4  cl 8 2c 569873 dv 31533 fb 0 wn 0
[1809s] tasks 1259/9577  nodes 5.548e+09 (3.2M/s)  sols 4  cl 8 2c 574105 dv 31603 fb 0 wn 0
[1814s] tasks 1259/9577  nodes 5.565e+09 (3.3M/s)  sols 4  cl 8 2c 576600 dv 31686 fb 0 wn 0
[1819s] tasks 1259/9577  nodes 5.581e+09 (3.3M/s)  sols 4  cl 8 2c 578687 dv 31773 fb 0 wn 0
[1824s] tasks 1259/9577  nodes 5.598e+09 (3.4M/s)  sols 4  cl 8 2c 582354 dv 31836 fb 0 wn 0
[1829s] tasks 1259/9577  nodes 5.616e+09 (3.4M/s)  sols 4  cl 8 2c 585072 dv 31906 fb 0 wn 0
[1834s] tasks 1259/9577  nodes 5.632e+09 (3.4M/s)  sols 4  cl 8 2c 588198 dv 32007 fb 0 wn 0
[1839s] tasks 1264/9577  nodes 5.650e+09 (3.6M/s)  sols 4  cl 8 2c 589721 dv 32102 fb 0 wn 0
[1844s] tasks 1264/9577  nodes 5.667e+09 (3.3M/s)  sols 4  cl 8 2c 591883 dv 32182 fb 0 wn 0
[1849s] tasks 1264/9577  nodes 5.685e+09 (3.5M/s)  sols 4  cl 8 2c 594906 dv 32247 fb 0 wn 0
[1854s] tasks 1264/9577  nodes 5.701e+09 (3.3M/s)  sols 4  cl 8 2c 596652 dv 32331 fb 0 wn 0
[1859s] tasks 1265/9577  nodes 5.717e+09 (3.2M/s)  sols 4  cl 8 2c 598926 dv 32420 fb 0 wn 0
[1864s] tasks 1265/9577  nodes 5.731e+09 (2.7M/s)  sols 4  cl 8 2c 600700 dv 32484 fb 0 wn 0
[1869s] tasks 1266/9577  nodes 5.749e+09 (3.6M/s)  sols 4  cl 8 2c 602796 dv 32544 fb 0 wn 0
[1874s] tasks 1266/9577  nodes 5.767e+09 (3.6M/s)  sols 4  cl 8 2c 606078 dv 32602 fb 0 wn 0
[1879s] tasks 1293/9577  nodes 5.785e+09 (3.7M/s)  sols 4  cl 8 2c 609582 dv 32664 fb 0 wn 0
[1884s] tasks 1293/9577  nodes 5.804e+09 (3.8M/s)  sols 4  cl 8 2c 612999 dv 32722 fb 0 wn 0
[1889s] tasks 1293/9577  nodes 5.822e+09 (3.6M/s)  sols 4  cl 8 2c 616325 dv 32798 fb 0 wn 0
[1894s] tasks 1318/9577  nodes 5.842e+09 (4.0M/s)  sols 4  cl 8 2c 619601 dv 32860 fb 0 wn 0
[1899s] tasks 1455/9577  nodes 5.860e+09 (3.5M/s)  sols 4  cl 8 2c 622636 dv 32910 fb 0 wn 0
[1904s] tasks 1455/9577  nodes 5.877e+09 (3.5M/s)  sols 4  cl 8 2c 625343 dv 32969 fb 0 wn 0
[1909s] tasks 1455/9577  nodes 5.895e+09 (3.7M/s)  sols 4  cl 8 2c 627028 dv 33029 fb 0 wn 0
[1914s] tasks 1455/9577  nodes 5.912e+09 (3.4M/s)  sols 4  cl 8 2c 628916 dv 33116 fb 0 wn 0
[1919s] tasks 1456/9577  nodes 5.929e+09 (3.4M/s)  sols 4  cl 8 2c 631075 dv 33187 fb 0 wn 0
[1924s] tasks 1457/9577  nodes 5.947e+09 (3.5M/s)  sols 4  cl 8 2c 633184 dv 33240 fb 0 wn 0
[1929s] tasks 1458/9577  nodes 5.964e+09 (3.4M/s)  sols 4  cl 8 2c 634289 dv 33297 fb 0 wn 0
[1934s] tasks 1458/9577  nodes 5.980e+09 (3.3M/s)  sols 4  cl 8 2c 635387 dv 33359 fb 0 wn 0
[1939s] tasks 1459/9577  nodes 5.996e+09 (3.2M/s)  sols 4  cl 8 2c 636168 dv 33423 fb 0 wn 0
[1944s] tasks 1459/9577  nodes 6.012e+09 (3.2M/s)  sols 4  cl 8 2c 637231 dv 33490 fb 0 wn 0
[1949s] tasks 1459/9577  nodes 6.029e+09 (3.4M/s)  sols 4  cl 8 2c 637957 dv 33576 fb 0 wn 0
[1954s] tasks 1459/9577  nodes 6.043e+09 (2.8M/s)  sols 4  cl 8 2c 638683 dv 33619 fb 0 wn 0
[1959s] tasks 1460/9577  nodes 6.060e+09 (3.4M/s)  sols 4  cl 8 2c 639203 dv 33677 fb 0 wn 0
[1964s] tasks 1460/9577  nodes 6.076e+09 (3.2M/s)  sols 4  cl 8 2c 639742 dv 33756 fb 0 wn 0
[1969s] tasks 1460/9577  nodes 6.090e+09 (2.8M/s)  sols 4  cl 8 2c 640617 dv 33830 fb 0 wn 0
[1974s] tasks 1461/9577  nodes 6.106e+09 (3.3M/s)  sols 4  cl 8 2c 641379 dv 33892 fb 0 wn 0
[1979s] tasks 1461/9577  nodes 6.123e+09 (3.3M/s)  sols 4  cl 8 2c 642820 dv 33950 fb 0 wn 0
[1984s] tasks 1461/9577  nodes 6.140e+09 (3.3M/s)  sols 4  cl 8 2c 644332 dv 34042 fb 0 wn 0
[1989s] tasks 1463/9577  nodes 6.156e+09 (3.3M/s)  sols 4  cl 8 2c 644839 dv 34114 fb 0 wn 0
[1994s] tasks 1464/9577  nodes 6.173e+09 (3.3M/s)  sols 4  cl 8 2c 645424 dv 34187 fb 0 wn 0
[1999s] tasks 1464/9577  nodes 6.190e+09 (3.4M/s)  sols 4  cl 8 2c 646501 dv 34244 fb 0 wn 0
[2004s] tasks 1464/9577  nodes 6.208e+09 (3.5M/s)  sols 4  cl 8 2c 647618 dv 34308 fb 0 wn 0
[2009s] tasks 1465/9577  nodes 6.226e+09 (3.6M/s)  sols 4  cl 8 2c 648307 dv 34391 fb 0 wn 0
[2014s] tasks 1469/9577  nodes 6.244e+09 (3.6M/s)  sols 4  cl 8 2c 648868 dv 34473 fb 0 wn 0
[2019s] tasks 1529/9577  nodes 6.261e+09 (3.5M/s)  sols 4  cl 8 2c 649667 dv 34572 fb 0 wn 0
[2024s] tasks 1531/9577  nodes 6.278e+09 (3.4M/s)  sols 4  cl 8 2c 650473 dv 34626 fb 0 wn 0
[2029s] tasks 1531/9577  nodes 6.296e+09 (3.5M/s)  sols 4  cl 8 2c 651210 dv 34693 fb 0 wn 0
[2035s] tasks 1532/9577  nodes 6.313e+09 (3.0M/s)  sols 4  cl 8 2c 651903 dv 34770 fb 0 wn 0
[2040s] tasks 1533/9577  nodes 6.331e+09 (3.5M/s)  sols 4  cl 8 2c 653277 dv 34842 fb 0 wn 0
[2045s] tasks 1534/9577  nodes 6.349e+09 (3.6M/s)  sols 4  cl 8 2c 654112 dv 34923 fb 0 wn 0
[2050s] tasks 1576/9577  nodes 6.366e+09 (3.5M/s)  sols 4  cl 8 2c 655060 dv 35000 fb 0 wn 0
[2055s] tasks 1577/9577  nodes 6.384e+09 (3.5M/s)  sols 4  cl 8 2c 656375 dv 35062 fb 0 wn 0
[2060s] tasks 1578/9577  nodes 6.401e+09 (3.4M/s)  sols 4  cl 8 2c 657339 dv 35119 fb 0 wn 0
[2065s] tasks 1578/9577  nodes 6.418e+09 (3.4M/s)  sols 4  cl 8 2c 658309 dv 35192 fb 0 wn 0
[2070s] tasks 1579/9577  nodes 6.435e+09 (3.4M/s)  sols 4  cl 8 2c 658918 dv 35259 fb 0 wn 0
[2075s] tasks 1579/9577  nodes 6.453e+09 (3.5M/s)  sols 4  cl 8 2c 659734 dv 35331 fb 0 wn 0
[2080s] tasks 1579/9577  nodes 6.471e+09 (3.6M/s)  sols 4  cl 8 2c 660110 dv 35405 fb 0 wn 0
[2085s] tasks 1581/9577  nodes 6.488e+09 (3.5M/s)  sols 4  cl 8 2c 660600 dv 35485 fb 0 wn 0
[2090s] tasks 1581/9577  nodes 6.505e+09 (3.4M/s)  sols 4  cl 8 2c 661273 dv 35555 fb 0 wn 0
[2095s] tasks 1582/9577  nodes 6.523e+09 (3.5M/s)  sols 4  cl 8 2c 661931 dv 35632 fb 0 wn 0
[2100s] tasks 1584/9577  nodes 6.541e+09 (3.6M/s)  sols 4  cl 8 2c 662683 dv 35706 fb 0 wn 0
[2105s] tasks 1584/9577  nodes 6.558e+09 (3.5M/s)  sols 4  cl 8 2c 663374 dv 35773 fb 0 wn 0
[2110s] tasks 1585/9577  nodes 6.576e+09 (3.5M/s)  sols 4  cl 8 2c 664221 dv 35836 fb 0 wn 0
[2115s] tasks 1618/9577  nodes 6.594e+09 (3.7M/s)  sols 4  cl 8 2c 664939 dv 35914 fb 0 wn 0
[2120s] tasks 1619/9577  nodes 6.612e+09 (3.6M/s)  sols 4  cl 8 2c 665935 dv 35986 fb 0 wn 0
[2125s] tasks 1627/9577  nodes 6.630e+09 (3.5M/s)  sols 4  cl 8 2c 667220 dv 36047 fb 0 wn 0
[2130s] tasks 1628/9577  nodes 6.643e+09 (2.7M/s)  sols 4  cl 8 2c 667946 dv 36091 fb 0 wn 0
[2135s] tasks 1628/9577  nodes 6.661e+09 (3.4M/s)  sols 4  cl 8 2c 669008 dv 36181 fb 0 wn 0
[2140s] tasks 1629/9577  nodes 6.677e+09 (3.3M/s)  sols 4  cl 8 2c 669819 dv 36266 fb 0 wn 0
[2145s] tasks 1629/9577  nodes 6.692e+09 (3.0M/s)  sols 4  cl 8 2c 670815 dv 36375 fb 0 wn 0
FOUND 12646368 = 2 7 16 17 41 81
[2150s] tasks 1630/9577  nodes 6.709e+09 (3.3M/s)  sols 5  cl 9 2c 671573 dv 36473 fb 0 wn 0
[2155s] tasks 1630/9577  nodes 6.724e+09 (3.2M/s)  sols 5  cl 9 2c 672823 dv 36576 fb 0 wn 0
[2160s] tasks 1630/9577  nodes 6.742e+09 (3.5M/s)  sols 5  cl 9 2c 673596 dv 36663 fb 0 wn 0
[2165s] tasks 1630/9577  nodes 6.758e+09 (3.3M/s)  sols 5  cl 9 2c 674616 dv 36751 fb 0 wn 0
[2170s] tasks 1630/9577  nodes 6.776e+09 (3.5M/s)  sols 5  cl 9 2c 675253 dv 36838 fb 0 wn 0
[2175s] tasks 1631/9577  nodes 6.794e+09 (3.7M/s)  sols 5  cl 9 2c 676085 dv 36908 fb 0 wn 0
[2180s] tasks 1662/9577  nodes 6.812e+09 (3.5M/s)  sols 5  cl 9 2c 677268 dv 36977 fb 0 wn 0
[2185s] tasks 1666/9577  nodes 6.829e+09 (3.4M/s)  sols 5  cl 9 2c 678473 dv 37050 fb 0 wn 0
[2190s] tasks 1666/9577  nodes 6.846e+09 (3.4M/s)  sols 5  cl 9 2c 679795 dv 37125 fb 0 wn 0
[2195s] tasks 1670/9577  nodes 6.862e+09 (3.2M/s)  sols 5  cl 9 2c 681537 dv 37188 fb 0 wn 0
[2200s] tasks 1671/9577  nodes 6.878e+09 (3.2M/s)  sols 5  cl 9 2c 683722 dv 37291 fb 0 wn 0
[2205s] tasks 1671/9577  nodes 6.894e+09 (3.2M/s)  sols 5  cl 9 2c 686918 dv 37388 fb 0 wn 0
[2210s] tasks 1671/9577  nodes 6.910e+09 (3.2M/s)  sols 5  cl 9 2c 688563 dv 37462 fb 0 wn 0
[2215s] tasks 1671/9577  nodes 6.928e+09 (3.4M/s)  sols 5  cl 9 2c 690602 dv 37533 fb 0 wn 0
[2220s] tasks 1671/9577  nodes 6.942e+09 (2.8M/s)  sols 5  cl 9 2c 692514 dv 37587 fb 0 wn 0
[2225s] tasks 1696/9577  nodes 6.960e+09 (3.6M/s)  sols 5  cl 9 2c 694694 dv 37650 fb 0 wn 0
[2230s] tasks 1700/9577  nodes 6.978e+09 (3.5M/s)  sols 5  cl 9 2c 697127 dv 37717 fb 0 wn 0
[2235s] tasks 1700/9577  nodes 6.995e+09 (3.5M/s)  sols 5  cl 9 2c 698510 dv 37791 fb 0 wn 0
[2240s] tasks 1700/9577  nodes 7.012e+09 (3.4M/s)  sols 5  cl 9 2c 699475 dv 37851 fb 0 wn 0
[2245s] tasks 1700/9577  nodes 7.030e+09 (3.6M/s)  sols 5  cl 9 2c 700714 dv 37918 fb 0 wn 0
[2250s] tasks 1700/9577  nodes 7.048e+09 (3.6M/s)  sols 5  cl 9 2c 701893 dv 38013 fb 0 wn 0
[2255s] tasks 1700/9577  nodes 7.066e+09 (3.6M/s)  sols 5  cl 9 2c 703463 dv 38090 fb 0 wn 0
[2260s] tasks 1700/9577  nodes 7.084e+09 (3.7M/s)  sols 5  cl 9 2c 704489 dv 38145 fb 0 wn 0
[2265s] tasks 1701/9577  nodes 7.104e+09 (3.9M/s)  sols 5  cl 9 2c 705707 dv 38217 fb 0 wn 0
[2270s] tasks 1702/9577  nodes 7.122e+09 (3.7M/s)  sols 5  cl 9 2c 706708 dv 38281 fb 0 wn 0
[2275s] tasks 1702/9577  nodes 7.140e+09 (3.6M/s)  sols 5  cl 9 2c 708481 dv 38353 fb 0 wn 0
[2280s] tasks 1702/9577  nodes 7.158e+09 (3.5M/s)  sols 5  cl 9 2c 710040 dv 38425 fb 0 wn 0
[2285s] tasks 1702/9577  nodes 7.175e+09 (3.4M/s)  sols 5  cl 9 2c 711669 dv 38512 fb 0 wn 0
[2290s] tasks 1702/9577  nodes 7.193e+09 (3.7M/s)  sols 5  cl 9 2c 714416 dv 38571 fb 0 wn 0
[2295s] tasks 1728/9577  nodes 7.212e+09 (3.7M/s)  sols 5  cl 9 2c 716001 dv 38633 fb 0 wn 0
[2300s] tasks 1728/9577  nodes 7.230e+09 (3.6M/s)  sols 5  cl 9 2c 717163 dv 38710 fb 0 wn 0
[2305s] tasks 1729/9577  nodes 7.245e+09 (3.1M/s)  sols 5  cl 9 2c 718735 dv 38761 fb 0 wn 0
[2310s] tasks 1753/9577  nodes 7.264e+09 (3.9M/s)  sols 5  cl 9 2c 720776 dv 38845 fb 0 wn 0
[2315s] tasks 1859/9577  nodes 7.284e+09 (3.9M/s)  sols 5  cl 9 2c 722468 dv 38899 fb 0 wn 0
[2320s] tasks 1891/9577  nodes 7.303e+09 (3.8M/s)  sols 5  cl 9 2c 724565 dv 38948 fb 0 wn 0
[2325s] tasks 1892/9577  nodes 7.321e+09 (3.7M/s)  sols 5  cl 9 2c 726473 dv 38994 fb 0 wn 0
[2330s] tasks 1893/9577  nodes 7.340e+09 (3.6M/s)  sols 5  cl 9 2c 728812 dv 39067 fb 0 wn 0
[2335s] tasks 1893/9577  nodes 7.359e+09 (3.8M/s)  sols 5  cl 9 2c 730679 dv 39148 fb 0 wn 0
[2340s] tasks 1924/9577  nodes 7.379e+09 (4.1M/s)  sols 5  cl 9 2c 731812 dv 39219 fb 0 wn 0
[2345s] tasks 1925/9577  nodes 7.398e+09 (3.7M/s)  sols 5  cl 9 2c 732590 dv 39295 fb 0 wn 0
[2350s] tasks 1925/9577  nodes 7.417e+09 (3.8M/s)  sols 5  cl 9 2c 733723 dv 39351 fb 0 wn 0
[2355s] tasks 1925/9577  nodes 7.434e+09 (3.5M/s)  sols 5  cl 9 2c 735115 dv 39444 fb 0 wn 0
[2360s] tasks 1925/9577  nodes 7.451e+09 (3.4M/s)  sols 5  cl 9 2c 736086 dv 39524 fb 0 wn 0
[2365s] tasks 1925/9577  nodes 7.469e+09 (3.5M/s)  sols 5  cl 9 2c 737069 dv 39591 fb 0 wn 0
[2370s] tasks 1926/9577  nodes 7.487e+09 (3.7M/s)  sols 5  cl 9 2c 738141 dv 39663 fb 0 wn 0
[2375s] tasks 1926/9577  nodes 7.506e+09 (3.8M/s)  sols 5  cl 9 2c 739088 dv 39740 fb 0 wn 0
[2380s] tasks 1927/9577  nodes 7.525e+09 (3.7M/s)  sols 5  cl 9 2c 742152 dv 39801 fb 0 wn 0
[2385s] tasks 1950/9577  nodes 7.543e+09 (3.7M/s)  sols 5  cl 9 2c 745455 dv 39865 fb 0 wn 0
[2390s] tasks 1950/9577  nodes 7.561e+09 (3.6M/s)  sols 5  cl 9 2c 747088 dv 39926 fb 0 wn 0
[2395s] tasks 1950/9577  nodes 7.574e+09 (2.7M/s)  sols 5  cl 9 2c 749145 dv 39980 fb 0 wn 0
[2400s] tasks 1950/9577  nodes 7.592e+09 (3.6M/s)  sols 5  cl 9 2c 750835 dv 40053 fb 0 wn 0
[2405s] tasks 1950/9577  nodes 7.611e+09 (3.7M/s)  sols 5  cl 9 2c 752796 dv 40117 fb 0 wn 0
[2410s] tasks 1950/9577  nodes 7.630e+09 (3.8M/s)  sols 5  cl 9 2c 754190 dv 40186 fb 0 wn 0
[2415s] tasks 1950/9577  nodes 7.648e+09 (3.6M/s)  sols 5  cl 9 2c 755796 dv 40259 fb 0 wn 0
[2420s] tasks 1954/9577  nodes 7.666e+09 (3.6M/s)  sols 5  cl 9 2c 757785 dv 40330 fb 0 wn 0
[2425s] tasks 1954/9577  nodes 7.685e+09 (3.7M/s)  sols 5  cl 9 2c 758824 dv 40407 fb 0 wn 0
[2430s] tasks 1954/9577  nodes 7.701e+09 (3.2M/s)  sols 5  cl 9 2c 762541 dv 40470 fb 0 wn 0
[2435s] tasks 1954/9577  nodes 7.719e+09 (3.6M/s)  sols 5  cl 9 2c 764988 dv 40523 fb 0 wn 0
[2440s] tasks 1954/9577  nodes 7.736e+09 (3.5M/s)  sols 5  cl 9 2c 766635 dv 40612 fb 0 wn 0
[2445s] tasks 1954/9577  nodes 7.754e+09 (3.5M/s)  sols 5  cl 9 2c 769195 dv 40682 fb 0 wn 0
[2450s] tasks 1954/9577  nodes 7.771e+09 (3.5M/s)  sols 5  cl 9 2c 771410 dv 40758 fb 0 wn 0
[2455s] tasks 1954/9577  nodes 7.791e+09 (3.9M/s)  sols 5  cl 9 2c 773548 dv 40813 fb 0 wn 0
[2460s] tasks 1955/9577  nodes 7.810e+09 (3.8M/s)  sols 5  cl 9 2c 776004 dv 40868 fb 0 wn 0
[2465s] tasks 1955/9577  nodes 7.829e+09 (3.8M/s)  sols 5  cl 9 2c 778089 dv 40945 fb 0 wn 0
[2470s] tasks 1955/9577  nodes 7.847e+09 (3.7M/s)  sols 5  cl 9 2c 780565 dv 41016 fb 0 wn 0
[2475s] tasks 1956/9577  nodes 7.866e+09 (3.6M/s)  sols 5  cl 9 2c 782670 dv 41082 fb 0 wn 0
[2480s] tasks 1976/9577  nodes 7.885e+09 (4.0M/s)  sols 5  cl 9 2c 784358 dv 41145 fb 0 wn 0
[2485s] tasks 1976/9577  nodes 7.899e+09 (2.8M/s)  sols 5  cl 9 2c 786416 dv 41199 fb 0 wn 0
[2490s] tasks 1976/9577  nodes 7.917e+09 (3.5M/s)  sols 5  cl 9 2c 789049 dv 41281 fb 0 wn 0
[2495s] tasks 1976/9577  nodes 7.934e+09 (3.4M/s)  sols 5  cl 9 2c 790833 dv 41361 fb 0 wn 0
[2500s] tasks 1976/9577  nodes 7.953e+09 (3.7M/s)  sols 5  cl 9 2c 792000 dv 41437 fb 0 wn 0
[2505s] tasks 1976/9577  nodes 7.971e+09 (3.6M/s)  sols 5  cl 9 2c 793275 dv 41515 fb 0 wn 0
[2510s] tasks 1976/9577  nodes 7.989e+09 (3.6M/s)  sols 5  cl 9 2c 794855 dv 41583 fb 0 wn 0
[2515s] tasks 1982/9577  nodes 8.006e+09 (3.5M/s)  sols 5  cl 9 2c 797278 dv 41650 fb 0 wn 0
FOUND 3291641594841600 = 2 11 13 25 41 43 49 81 256 257
[2520s] tasks 2001/9577  nodes 8.024e+09 (3.6M/s)  sols 6  cl 10 2c 800250 dv 41718 fb 0 wn 0
[2525s] tasks 2094/9577  nodes 8.043e+09 (3.8M/s)  sols 6  cl 10 2c 802838 dv 41780 fb 0 wn 0
[2530s] tasks 2122/9577  nodes 8.063e+09 (3.9M/s)  sols 6  cl 10 2c 805551 dv 41828 fb 0 wn 0
[2535s] tasks 2123/9577  nodes 8.081e+09 (3.7M/s)  sols 6  cl 10 2c 808333 dv 41890 fb 0 wn 0
[2540s] tasks 2124/9577  nodes 8.100e+09 (3.8M/s)  sols 6  cl 10 2c 811038 dv 41943 fb 0 wn 0
[2545s] tasks 2149/9577  nodes 8.119e+09 (3.7M/s)  sols 6  cl 10 2c 812228 dv 42005 fb 0 wn 0
[2550s] tasks 2149/9577  nodes 8.137e+09 (3.7M/s)  sols 6  cl 10 2c 813574 dv 42077 fb 0 wn 0
[2555s] tasks 2149/9577  nodes 8.155e+09 (3.6M/s)  sols 6  cl 10 2c 815081 dv 42156 fb 0 wn 0
[2560s] tasks 2154/9577  nodes 8.173e+09 (3.6M/s)  sols 6  cl 10 2c 818523 dv 42221 fb 0 wn 0
[2565s] tasks 2175/9577  nodes 8.192e+09 (3.9M/s)  sols 6  cl 10 2c 821398 dv 42274 fb 0 wn 0
[2571s] tasks 2196/9577  nodes 8.211e+09 (3.1M/s)  sols 6  cl 10 2c 824069 dv 42340 fb 0 wn 0
[2576s] tasks 2387/9577  nodes 8.230e+09 (3.8M/s)  sols 6  cl 10 2c 828322 dv 42405 fb 0 wn 0
[2581s] tasks 2637/9577  nodes 8.247e+09 (3.3M/s)  sols 6  cl 10 2c 832231 dv 42474 fb 0 wn 0
[2586s] tasks 2639/9577  nodes 8.261e+09 (3.0M/s)  sols 6  cl 10 2c 836234 dv 42545 fb 0 wn 0
[2591s] tasks 2643/9577  nodes 8.278e+09 (3.3M/s)  sols 6  cl 10 2c 839571 dv 42613 fb 0 wn 0
[2596s] tasks 2648/9577  nodes 8.294e+09 (3.3M/s)  sols 6  cl 10 2c 842923 dv 42673 fb 0 wn 0
[2601s] tasks 2652/9577  nodes 8.311e+09 (3.3M/s)  sols 6  cl 10 2c 845469 dv 42749 fb 0 wn 0
[2606s] tasks 2655/9577  nodes 8.328e+09 (3.5M/s)  sols 6  cl 10 2c 847057 dv 42830 fb 0 wn 0
[2611s] tasks 2661/9577  nodes 8.345e+09 (3.5M/s)  sols 6  cl 10 2c 848834 dv 42901 fb 0 wn 0
[2616s] tasks 2672/9577  nodes 8.362e+09 (3.3M/s)  sols 6  cl 10 2c 850516 dv 42965 fb 0 wn 0
[2621s] tasks 2689/9577  nodes 8.379e+09 (3.5M/s)  sols 6  cl 10 2c 852217 dv 43032 fb 0 wn 0
[2626s] tasks 2865/9577  nodes 8.396e+09 (3.2M/s)  sols 6  cl 10 2c 854391 dv 43100 fb 0 wn 0
[2631s] tasks 2867/9577  nodes 8.413e+09 (3.4M/s)  sols 6  cl 10 2c 855719 dv 43159 fb 0 wn 0
[2636s] tasks 2873/9577  nodes 8.428e+09 (3.1M/s)  sols 6  cl 10 2c 857786 dv 43244 fb 0 wn 0
[2641s] tasks 2877/9577  nodes 8.444e+09 (3.2M/s)  sols 6  cl 10 2c 859520 dv 43319 fb 0 wn 0
[2646s] tasks 2880/9577  nodes 8.459e+09 (3.0M/s)  sols 6  cl 10 2c 861308 dv 43408 fb 0 wn 0
[2651s] tasks 2884/9577  nodes 8.475e+09 (3.2M/s)  sols 6  cl 10 2c 862904 dv 43475 fb 0 wn 0
[2656s] tasks 2887/9577  nodes 8.488e+09 (2.7M/s)  sols 6  cl 10 2c 863741 dv 43535 fb 0 wn 0
[2661s] tasks 2891/9577  nodes 8.505e+09 (3.4M/s)  sols 6  cl 10 2c 864774 dv 43594 fb 0 wn 0
[2666s] tasks 3010/9577  nodes 8.524e+09 (3.7M/s)  sols 6  cl 10 2c 865483 dv 43653 fb 0 wn 0
[2671s] tasks 3022/9577  nodes 8.540e+09 (3.3M/s)  sols 6  cl 10 2c 866332 dv 43711 fb 0 wn 0
[2676s] tasks 3027/9577  nodes 8.558e+09 (3.4M/s)  sols 6  cl 10 2c 867169 dv 43771 fb 0 wn 0
[2681s] tasks 3031/9577  nodes 8.574e+09 (3.2M/s)  sols 6  cl 10 2c 867744 dv 43843 fb 0 wn 0
[2686s] tasks 3034/9577  nodes 8.591e+09 (3.4M/s)  sols 6  cl 10 2c 868042 dv 43906 fb 0 wn 0
[2691s] tasks 3036/9577  nodes 8.607e+09 (3.3M/s)  sols 6  cl 10 2c 868687 dv 43957 fb 0 wn 0
[2696s] tasks 3038/9577  nodes 8.625e+09 (3.5M/s)  sols 6  cl 10 2c 869342 dv 44015 fb 0 wn 0
[2701s] tasks 3139/9577  nodes 8.644e+09 (3.8M/s)  sols 6  cl 10 2c 869892 dv 44053 fb 0 wn 0
[2706s] tasks 3145/9577  nodes 8.660e+09 (3.2M/s)  sols 6  cl 10 2c 870541 dv 44099 fb 0 wn 0
[2711s] tasks 3147/9577  nodes 8.675e+09 (3.2M/s)  sols 6  cl 10 2c 870900 dv 44158 fb 0 wn 0
[2716s] tasks 3149/9577  nodes 8.691e+09 (3.1M/s)  sols 6  cl 10 2c 871688 dv 44227 fb 0 wn 0
[2721s] tasks 3153/9577  nodes 8.708e+09 (3.3M/s)  sols 6  cl 10 2c 872646 dv 44289 fb 0 wn 0
[2726s] tasks 3159/9577  nodes 8.725e+09 (3.4M/s)  sols 6  cl 10 2c 874031 dv 44346 fb 0 wn 0
[2731s] tasks 3231/9577  nodes 8.743e+09 (3.6M/s)  sols 6  cl 10 2c 875128 dv 44396 fb 0 wn 0
[2736s] tasks 3235/9577  nodes 8.759e+09 (3.3M/s)  sols 6  cl 10 2c 875749 dv 44450 fb 0 wn 0
[2741s] tasks 3240/9577  nodes 8.771e+09 (2.4M/s)  sols 6  cl 10 2c 876602 dv 44504 fb 0 wn 0
[2746s] tasks 3241/9577  nodes 8.787e+09 (3.1M/s)  sols 6  cl 10 2c 878555 dv 44537 fb 0 wn 0
[2751s] tasks 3245/9577  nodes 8.803e+09 (3.3M/s)  sols 6  cl 10 2c 880136 dv 44575 fb 0 wn 0
[2756s] tasks 3246/9577  nodes 8.820e+09 (3.3M/s)  sols 6  cl 10 2c 881136 dv 44626 fb 0 wn 0
[2761s] tasks 3249/9577  nodes 8.837e+09 (3.5M/s)  sols 6  cl 10 2c 882063 dv 44687 fb 0 wn 0
[2766s] tasks 3328/9577  nodes 8.856e+09 (3.7M/s)  sols 6  cl 10 2c 882755 dv 44745 fb 0 wn 0
[2771s] tasks 3336/9577  nodes 8.872e+09 (3.3M/s)  sols 6  cl 10 2c 883550 dv 44787 fb 0 wn 0
[2776s] tasks 3343/9577  nodes 8.890e+09 (3.6M/s)  sols 6  cl 10 2c 883920 dv 44835 fb 0 wn 0
[2781s] tasks 3411/9577  nodes 8.908e+09 (3.5M/s)  sols 6  cl 10 2c 884264 dv 44875 fb 0 wn 0
[2786s] tasks 3416/9577  nodes 8.926e+09 (3.6M/s)  sols 6  cl 10 2c 884529 dv 44937 fb 0 wn 0
[2791s] tasks 3477/9577  nodes 8.942e+09 (3.3M/s)  sols 6  cl 10 2c 884791 dv 44989 fb 0 wn 0
[2796s] tasks 3541/9577  nodes 8.960e+09 (3.6M/s)  sols 6  cl 10 2c 885126 dv 45047 fb 0 wn 0
[2801s] tasks 3543/9577  nodes 8.977e+09 (3.4M/s)  sols 6  cl 10 2c 885461 dv 45107 fb 0 wn 0
[2806s] tasks 3547/9577  nodes 8.994e+09 (3.4M/s)  sols 6  cl 10 2c 886062 dv 45186 fb 0 wn 0
[2811s] tasks 3601/9577  nodes 9.012e+09 (3.5M/s)  sols 6  cl 10 2c 886702 dv 45236 fb 0 wn 0
[2816s] tasks 3602/9577  nodes 9.029e+09 (3.5M/s)  sols 6  cl 10 2c 887252 dv 45312 fb 0 wn 0
[2821s] tasks 3606/9577  nodes 9.047e+09 (3.5M/s)  sols 6  cl 10 2c 887773 dv 45381 fb 0 wn 0
[2826s] tasks 3654/9577  nodes 9.065e+09 (3.6M/s)  sols 6  cl 10 2c 888340 dv 45458 fb 0 wn 0
FOUND 28770487200 = 2 13 16 17 25 41 49 81
[2831s] tasks 3655/9577  nodes 9.079e+09 (2.8M/s)  sols 7  cl 11 2c 888880 dv 45511 fb 0 wn 0
[2836s] tasks 3703/9577  nodes 9.098e+09 (3.8M/s)  sols 7  cl 11 2c 889649 dv 45575 fb 0 wn 0
[2841s] tasks 3794/9577  nodes 9.117e+09 (3.9M/s)  sols 7  cl 11 2c 890223 dv 45653 fb 0 wn 0
[2846s] tasks 4206/9577  nodes 9.137e+09 (3.9M/s)  sols 7  cl 11 2c 890743 dv 45714 fb 0 wn 0
[2851s] tasks 4211/9577  nodes 9.152e+09 (3.0M/s)  sols 7  cl 11 2c 891801 dv 45765 fb 0 wn 0
[2856s] tasks 4217/9577  nodes 9.168e+09 (3.2M/s)  sols 7  cl 11 2c 892339 dv 45845 fb 0 wn 0
[2861s] tasks 4307/9577  nodes 9.185e+09 (3.3M/s)  sols 7  cl 11 2c 892904 dv 45921 fb 0 wn 0
[2866s] tasks 4316/9577  nodes 9.201e+09 (3.3M/s)  sols 7  cl 11 2c 893689 dv 45981 fb 0 wn 0
[2871s] tasks 4320/9577  nodes 9.218e+09 (3.3M/s)  sols 7  cl 11 2c 894614 dv 46045 fb 0 wn 0
[2876s] tasks 4320/9577  nodes 9.234e+09 (3.3M/s)  sols 7  cl 11 2c 895663 dv 46118 fb 0 wn 0
[2881s] tasks 4321/9577  nodes 9.252e+09 (3.5M/s)  sols 7  cl 11 2c 896671 dv 46195 fb 0 wn 0
[2886s] tasks 4328/9577  nodes 9.270e+09 (3.7M/s)  sols 7  cl 11 2c 897521 dv 46252 fb 0 wn 0
[2891s] tasks 4411/9577  nodes 9.287e+09 (3.4M/s)  sols 7  cl 11 2c 898492 dv 46311 fb 0 wn 0
[2896s] tasks 4455/9577  nodes 9.304e+09 (3.3M/s)  sols 7  cl 11 2c 898981 dv 46351 fb 0 wn 0
[2901s] tasks 4763/9577  nodes 9.320e+09 (3.3M/s)  sols 7  cl 11 2c 899488 dv 46416 fb 0 wn 0
[2906s] tasks 4765/9577  nodes 9.337e+09 (3.4M/s)  sols 7  cl 11 2c 900039 dv 46485 fb 0 wn 0
[2911s] tasks 4766/9577  nodes 9.350e+09 (2.6M/s)  sols 7  cl 11 2c 900515 dv 46552 fb 0 wn 0
[2916s] tasks 4766/9577  nodes 9.367e+09 (3.4M/s)  sols 7  cl 11 2c 901646 dv 46641 fb 0 wn 0
[2921s] tasks 4767/9577  nodes 9.384e+09 (3.4M/s)  sols 7  cl 11 2c 902604 dv 46715 fb 0 wn 0
[2926s] tasks 4767/9577  nodes 9.401e+09 (3.4M/s)  sols 7  cl 11 2c 903366 dv 46789 fb 0 wn 0
[2931s] tasks 4768/9577  nodes 9.419e+09 (3.6M/s)  sols 7  cl 11 2c 904121 dv 46865 fb 0 wn 0
[2936s] tasks 4768/9577  nodes 9.437e+09 (3.5M/s)  sols 7  cl 11 2c 905139 dv 46937 fb 0 wn 0
[2941s] tasks 4768/9577  nodes 9.455e+09 (3.7M/s)  sols 7  cl 11 2c 905945 dv 46985 fb 0 wn 0
[2946s] tasks 4768/9577  nodes 9.473e+09 (3.6M/s)  sols 7  cl 11 2c 906773 dv 47063 fb 0 wn 0
[2951s] tasks 4768/9577  nodes 9.491e+09 (3.5M/s)  sols 7  cl 11 2c 907710 dv 47138 fb 0 wn 0
[2956s] tasks 4768/9577  nodes 9.507e+09 (3.2M/s)  sols 7  cl 11 2c 908767 dv 47223 fb 0 wn 0
[2961s] tasks 4808/9577  nodes 9.524e+09 (3.4M/s)  sols 7  cl 11 2c 909517 dv 47301 fb 0 wn 0
[2966s] tasks 4808/9577  nodes 9.542e+09 (3.6M/s)  sols 7  cl 11 2c 910390 dv 47373 fb 0 wn 0
[2971s] tasks 4808/9577  nodes 9.560e+09 (3.7M/s)  sols 7  cl 11 2c 911121 dv 47449 fb 0 wn 0
[2976s] tasks 4809/9577  nodes 9.579e+09 (3.7M/s)  sols 7  cl 11 2c 912024 dv 47524 fb 0 wn 0
[2981s] tasks 4814/9577  nodes 9.595e+09 (3.4M/s)  sols 7  cl 11 2c 913234 dv 47592 fb 0 wn 0
[2986s] tasks 4815/9577  nodes 9.613e+09 (3.4M/s)  sols 7  cl 11 2c 913741 dv 47659 fb 0 wn 0
[2991s] tasks 4815/9577  nodes 9.629e+09 (3.4M/s)  sols 7  cl 11 2c 914227 dv 47735 fb 0 wn 0
[2996s] tasks 4815/9577  nodes 9.644e+09 (2.8M/s)  sols 7  cl 11 2c 915002 dv 47776 fb 0 wn 0
[3001s] tasks 4816/9577  nodes 9.662e+09 (3.6M/s)  sols 7  cl 11 2c 915582 dv 47836 fb 0 wn 0
[3006s] tasks 4816/9577  nodes 9.679e+09 (3.4M/s)  sols 7  cl 11 2c 916162 dv 47886 fb 0 wn 0
[3011s] tasks 4816/9577  nodes 9.696e+09 (3.5M/s)  sols 7  cl 11 2c 916802 dv 47945 fb 0 wn 0
[3016s] tasks 4816/9577  nodes 9.712e+09 (3.2M/s)  sols 7  cl 11 2c 917640 dv 48019 fb 0 wn 0
[3021s] tasks 4816/9577  nodes 9.729e+09 (3.3M/s)  sols 7  cl 11 2c 918450 dv 48073 fb 0 wn 0
[3026s] tasks 4816/9577  nodes 9.746e+09 (3.5M/s)  sols 7  cl 11 2c 919346 dv 48139 fb 0 wn 0
[3031s] tasks 4816/9577  nodes 9.765e+09 (3.7M/s)  sols 7  cl 11 2c 919981 dv 48204 fb 0 wn 0
[3036s] tasks 4819/9577  nodes 9.783e+09 (3.5M/s)  sols 7  cl 11 2c 920711 dv 48262 fb 0 wn 0
[3041s] tasks 4819/9577  nodes 9.800e+09 (3.4M/s)  sols 7  cl 11 2c 921560 dv 48328 fb 0 wn 0
[3046s] tasks 4820/9577  nodes 9.818e+09 (3.6M/s)  sols 7  cl 11 2c 922309 dv 48394 fb 0 wn 0
[3051s] tasks 4820/9577  nodes 9.836e+09 (3.6M/s)  sols 7  cl 11 2c 923006 dv 48485 fb 0 wn 0
[3056s] tasks 4821/9577  nodes 9.853e+09 (3.4M/s)  sols 7  cl 11 2c 924017 dv 48555 fb 0 wn 0
[3061s] tasks 4822/9577  nodes 9.870e+09 (3.4M/s)  sols 7  cl 11 2c 925374 dv 48639 fb 0 wn 0
[3066s] tasks 4855/9577  nodes 9.888e+09 (3.6M/s)  sols 7  cl 11 2c 926409 dv 48712 fb 0 wn 0
[3071s] tasks 4855/9577  nodes 9.906e+09 (3.6M/s)  sols 7  cl 11 2c 927458 dv 48787 fb 0 wn 0
[3076s] tasks 4855/9577  nodes 9.925e+09 (3.7M/s)  sols 7  cl 11 2c 928843 dv 48847 fb 0 wn 0
[3081s] tasks 4859/9577  nodes 9.938e+09 (2.7M/s)  sols 7  cl 11 2c 929592 dv 48917 fb 0 wn 0
[3086s] tasks 4859/9577  nodes 9.955e+09 (3.4M/s)  sols 7  cl 11 2c 930400 dv 48981 fb 0 wn 0
[3091s] tasks 4859/9577  nodes 9.973e+09 (3.6M/s)  sols 7  cl 11 2c 931340 dv 49052 fb 0 wn 0
[3096s] tasks 4859/9577  nodes 9.991e+09 (3.6M/s)  sols 7  cl 11 2c 932254 dv 49126 fb 0 wn 0
[3101s] tasks 4859/9577  nodes 1.001e+10 (3.5M/s)  sols 7  cl 11 2c 933244 dv 49208 fb 0 wn 0
[3106s] tasks 4859/9577  nodes 1.003e+10 (3.4M/s)  sols 7  cl 11 2c 934092 dv 49281 fb 0 wn 0
[3111s] tasks 4859/9577  nodes 1.004e+10 (3.6M/s)  sols 7  cl 11 2c 934889 dv 49356 fb 0 wn 0
[3116s] tasks 4859/9577  nodes 1.006e+10 (3.7M/s)  sols 7  cl 11 2c 935600 dv 49415 fb 0 wn 0
[3121s] tasks 4861/9577  nodes 1.008e+10 (3.5M/s)  sols 7  cl 11 2c 936728 dv 49478 fb 0 wn 0
[3126s] tasks 4861/9577  nodes 1.010e+10 (3.4M/s)  sols 7  cl 11 2c 937693 dv 49541 fb 0 wn 0
[3131s] tasks 4861/9577  nodes 1.012e+10 (3.8M/s)  sols 7  cl 11 2c 938465 dv 49602 fb 0 wn 0
[3136s] tasks 4861/9577  nodes 1.013e+10 (3.6M/s)  sols 7  cl 11 2c 939172 dv 49711 fb 0 wn 0
[3141s] tasks 4861/9577  nodes 1.015e+10 (3.5M/s)  sols 7  cl 11 2c 940010 dv 49784 fb 0 wn 0
[3146s] tasks 4862/9577  nodes 1.017e+10 (3.3M/s)  sols 7  cl 11 2c 940791 dv 49877 fb 0 wn 0
[3151s] tasks 4862/9577  nodes 1.018e+10 (3.2M/s)  sols 7  cl 11 2c 941890 dv 49964 fb 0 wn 0
[3156s] tasks 4862/9577  nodes 1.020e+10 (3.4M/s)  sols 7  cl 11 2c 943378 dv 50045 fb 0 wn 0
[3161s] tasks 4862/9577  nodes 1.021e+10 (2.8M/s)  sols 7  cl 11 2c 944549 dv 50103 fb 0 wn 0
[3166s] tasks 4862/9577  nodes 1.023e+10 (3.4M/s)  sols 7  cl 11 2c 946891 dv 50172 fb 0 wn 0
[3171s] tasks 4862/9577  nodes 1.025e+10 (3.4M/s)  sols 7  cl 11 2c 947904 dv 50269 fb 0 wn 0
[3176s] tasks 4863/9577  nodes 1.026e+10 (3.3M/s)  sols 7  cl 11 2c 949417 dv 50368 fb 0 wn 0
[3181s] tasks 4863/9577  nodes 1.028e+10 (3.6M/s)  sols 7  cl 11 2c 951067 dv 50440 fb 0 wn 0
[3186s] tasks 4863/9577  nodes 1.030e+10 (3.4M/s)  sols 7  cl 11 2c 952113 dv 50537 fb 0 wn 0
[3191s] tasks 4864/9577  nodes 1.032e+10 (3.4M/s)  sols 7  cl 11 2c 953189 dv 50607 fb 0 wn 0
[3196s] tasks 4864/9577  nodes 1.033e+10 (3.5M/s)  sols 7  cl 11 2c 954430 dv 50705 fb 0 wn 0
[3201s] tasks 4865/9577  nodes 1.035e+10 (3.6M/s)  sols 7  cl 11 2c 956269 dv 50783 fb 0 wn 0
[3206s] tasks 4865/9577  nodes 1.037e+10 (3.5M/s)  sols 7  cl 11 2c 958354 dv 50858 fb 0 wn 0
[3211s] tasks 4866/9577  nodes 1.039e+10 (3.6M/s)  sols 7  cl 11 2c 959584 dv 50929 fb 0 wn 0
[3216s] tasks 4893/9577  nodes 1.041e+10 (3.8M/s)  sols 7  cl 11 2c 961573 dv 50989 fb 0 wn 0
[3221s] tasks 4893/9577  nodes 1.042e+10 (3.4M/s)  sols 7  cl 11 2c 963032 dv 51061 fb 0 wn 0
[3226s] tasks 4893/9577  nodes 1.044e+10 (3.3M/s)  sols 7  cl 11 2c 965050 dv 51139 fb 0 wn 0
[3231s] tasks 4893/9577  nodes 1.046e+10 (3.6M/s)  sols 7  cl 11 2c 967161 dv 51216 fb 0 wn 0
[3236s] tasks 4893/9577  nodes 1.048e+10 (3.6M/s)  sols 7  cl 11 2c 968812 dv 51289 fb 0 wn 0
[3241s] tasks 4893/9577  nodes 1.049e+10 (3.4M/s)  sols 7  cl 11 2c 970279 dv 51372 fb 0 wn 0
[3246s] tasks 4893/9577  nodes 1.051e+10 (3.5M/s)  sols 7  cl 11 2c 971796 dv 51439 fb 0 wn 0
[3251s] tasks 4893/9577  nodes 1.053e+10 (3.0M/s)  sols 7  cl 11 2c 973584 dv 51490 fb 0 wn 0
[3256s] tasks 4898/9577  nodes 1.054e+10 (3.7M/s)  sols 7  cl 11 2c 976337 dv 51552 fb 0 wn 0
[3261s] tasks 4900/9577  nodes 1.056e+10 (3.8M/s)  sols 7  cl 11 2c 977660 dv 51612 fb 0 wn 0
[3266s] tasks 4902/9577  nodes 1.058e+10 (3.7M/s)  sols 7  cl 11 2c 979774 dv 51680 fb 0 wn 0
[3271s] tasks 4930/9577  nodes 1.060e+10 (3.6M/s)  sols 7  cl 11 2c 983581 dv 51734 fb 0 wn 0
[3276s] tasks 4931/9577  nodes 1.062e+10 (3.6M/s)  sols 7  cl 11 2c 987241 dv 51811 fb 0 wn 0
[3281s] tasks 4932/9577  nodes 1.064e+10 (3.8M/s)  sols 7  cl 11 2c 989020 dv 51874 fb 0 wn 0
[3286s] tasks 4954/9577  nodes 1.066e+10 (3.7M/s)  sols 7  cl 11 2c 991946 dv 51929 fb 0 wn 0
[3291s] tasks 4954/9577  nodes 1.067e+10 (3.6M/s)  sols 7  cl 11 2c 996288 dv 52001 fb 0 wn 0
[3296s] tasks 4958/9577  nodes 1.069e+10 (3.7M/s)  sols 7  cl 11 2c 999184 dv 52065 fb 0 wn 0
[3301s] tasks 4958/9577  nodes 1.071e+10 (3.7M/s)  sols 7  cl 11 2c 1003046 dv 52129 fb 0 wn 0
[3306s] tasks 5096/9577  nodes 1.073e+10 (4.0M/s)  sols 7  cl 11 2c 1007319 dv 52198 fb 0 wn 0
[3311s] tasks 5096/9577  nodes 1.075e+10 (3.9M/s)  sols 7  cl 11 2c 1009734 dv 52263 fb 0 wn 0
[3316s] tasks 5133/9577  nodes 1.077e+10 (4.2M/s)  sols 7  cl 11 2c 1012938 dv 52313 fb 0 wn 0
[3321s] tasks 5135/9577  nodes 1.079e+10 (3.7M/s)  sols 7  cl 11 2c 1016048 dv 52367 fb 0 wn 0
[3326s] tasks 5135/9577  nodes 1.081e+10 (3.7M/s)  sols 7  cl 11 2c 1020826 dv 52423 fb 0 wn 0
[3331s] tasks 5136/9577  nodes 1.082e+10 (3.6M/s)  sols 7  cl 11 2c 1026506 dv 52473 fb 0 wn 0
[3336s] tasks 5137/9577  nodes 1.084e+10 (3.6M/s)  sols 7  cl 11 2c 1029490 dv 52541 fb 0 wn 0
[3341s] tasks 5165/9577  nodes 1.086e+10 (3.6M/s)  sols 7  cl 11 2c 1031992 dv 52610 fb 0 wn 0
[3346s] tasks 5165/9577  nodes 1.088e+10 (3.2M/s)  sols 7  cl 11 2c 1033448 dv 52662 fb 0 wn 0
[3351s] tasks 5240/9577  nodes 1.090e+10 (3.8M/s)  sols 7  cl 11 2c 1035358 dv 52729 fb 0 wn 0
[3356s] tasks 5240/9577  nodes 1.091e+10 (3.6M/s)  sols 7  cl 11 2c 1036598 dv 52799 fb 0 wn 0
[3361s] tasks 5263/9577  nodes 1.093e+10 (4.0M/s)  sols 7  cl 11 2c 1037856 dv 52853 fb 0 wn 0
[3366s] tasks 5267/9577  nodes 1.095e+10 (3.7M/s)  sols 7  cl 11 2c 1039390 dv 52925 fb 0 wn 0
[3371s] tasks 5268/9577  nodes 1.097e+10 (4.0M/s)  sols 7  cl 11 2c 1041257 dv 52985 fb 0 wn 0
[3376s] tasks 5417/9577  nodes 1.099e+10 (4.0M/s)  sols 7  cl 11 2c 1042535 dv 53039 fb 0 wn 0
[3381s] tasks 5419/9577  nodes 1.101e+10 (3.6M/s)  sols 7  cl 11 2c 1043744 dv 53109 fb 0 wn 0
[3386s] tasks 5419/9577  nodes 1.103e+10 (3.3M/s)  sols 7  cl 11 2c 1044619 dv 53173 fb 0 wn 0
[3391s] tasks 5420/9577  nodes 1.104e+10 (3.3M/s)  sols 7  cl 11 2c 1045797 dv 53268 fb 0 wn 0
[3396s] tasks 5421/9577  nodes 1.106e+10 (3.2M/s)  sols 7  cl 11 2c 1047839 dv 53339 fb 0 wn 0
[3401s] tasks 5421/9577  nodes 1.107e+10 (3.1M/s)  sols 7  cl 11 2c 1051711 dv 53436 fb 0 wn 0
[3406s] tasks 5421/9577  nodes 1.109e+10 (3.3M/s)  sols 7  cl 11 2c 1052403 dv 53504 fb 0 wn 0
[3411s] tasks 5422/9577  nodes 1.111e+10 (3.4M/s)  sols 7  cl 11 2c 1053065 dv 53582 fb 0 wn 0
[3416s] tasks 5423/9577  nodes 1.112e+10 (3.1M/s)  sols 7  cl 11 2c 1053712 dv 53654 fb 0 wn 0
[3421s] tasks 5423/9577  nodes 1.114e+10 (3.0M/s)  sols 7  cl 11 2c 1054681 dv 53741 fb 0 wn 0
[3426s] tasks 5423/9577  nodes 1.115e+10 (3.0M/s)  sols 7  cl 11 2c 1055487 dv 53848 fb 0 wn 0
[3431s] tasks 5423/9577  nodes 1.117e+10 (3.0M/s)  sols 7  cl 11 2c 1056394 dv 53953 fb 0 wn 0
[3436s] tasks 5423/9577  nodes 1.118e+10 (3.2M/s)  sols 7  cl 11 2c 1057359 dv 54040 fb 0 wn 0
[3441s] tasks 5423/9577  nodes 1.120e+10 (2.6M/s)  sols 7  cl 11 2c 1058084 dv 54109 fb 0 wn 0
[3446s] tasks 5423/9577  nodes 1.121e+10 (3.0M/s)  sols 7  cl 11 2c 1059511 dv 54214 fb 0 wn 0
[3451s] tasks 5423/9577  nodes 1.123e+10 (3.1M/s)  sols 7  cl 11 2c 1061382 dv 54313 fb 0 wn 0
[3456s] tasks 5423/9577  nodes 1.124e+10 (3.2M/s)  sols 7  cl 11 2c 1064153 dv 54417 fb 0 wn 0
[3461s] tasks 5423/9577  nodes 1.126e+10 (3.1M/s)  sols 7  cl 11 2c 1066882 dv 54471 fb 0 wn 0
[3466s] tasks 5423/9577  nodes 1.128e+10 (3.3M/s)  sols 7  cl 11 2c 1069178 dv 54552 fb 0 wn 0
[3471s] tasks 5423/9577  nodes 1.129e+10 (3.2M/s)  sols 7  cl 11 2c 1070013 dv 54636 fb 0 wn 0
[3476s] tasks 5423/9577  nodes 1.131e+10 (3.0M/s)  sols 7  cl 11 2c 1071363 dv 54728 fb 0 wn 0
[3481s] tasks 5423/9577  nodes 1.132e+10 (3.0M/s)  sols 7  cl 11 2c 1073606 dv 54851 fb 0 wn 0
[3486s] tasks 5423/9577  nodes 1.134e+10 (3.0M/s)  sols 7  cl 11 2c 1075421 dv 54945 fb 0 wn 0
[3491s] tasks 5424/9577  nodes 1.135e+10 (3.2M/s)  sols 7  cl 11 2c 1077644 dv 55057 fb 0 wn 0
[3496s] tasks 5424/9577  nodes 1.137e+10 (3.2M/s)  sols 7  cl 11 2c 1079492 dv 55143 fb 0 wn 0
[3501s] tasks 5424/9577  nodes 1.138e+10 (3.0M/s)  sols 7  cl 11 2c 1081684 dv 55213 fb 0 wn 0
[3506s] tasks 5424/9577  nodes 1.140e+10 (3.0M/s)  sols 7  cl 11 2c 1083785 dv 55276 fb 0 wn 0
[3511s] tasks 5424/9577  nodes 1.141e+10 (3.1M/s)  sols 7  cl 11 2c 1085336 dv 55359 fb 0 wn 0
[3517s] tasks 5424/9577  nodes 1.143e+10 (2.5M/s)  sols 7  cl 11 2c 1087775 dv 55466 fb 0 wn 0
[3522s] tasks 5425/9577  nodes 1.145e+10 (3.0M/s)  sols 7  cl 11 2c 1089176 dv 55592 fb 0 wn 0
[3527s] tasks 5425/9577  nodes 1.146e+10 (3.0M/s)  sols 7  cl 11 2c 1091450 dv 55690 fb 0 wn 0
[3532s] tasks 5425/9577  nodes 1.148e+10 (3.0M/s)  sols 7  cl 11 2c 1093857 dv 55773 fb 0 wn 0
[3537s] tasks 5425/9577  nodes 1.149e+10 (3.2M/s)  sols 7  cl 11 2c 1095654 dv 55871 fb 0 wn 0
[3542s] tasks 5425/9577  nodes 1.151e+10 (3.2M/s)  sols 7  cl 11 2c 1097238 dv 55954 fb 0 wn 0
[3547s] tasks 5425/9577  nodes 1.152e+10 (3.3M/s)  sols 7  cl 11 2c 1099916 dv 56028 fb 0 wn 0
[3552s] tasks 5426/9577  nodes 1.154e+10 (3.0M/s)  sols 7  cl 11 2c 1102845 dv 56108 fb 0 wn 0
[3557s] tasks 5427/9577  nodes 1.155e+10 (3.0M/s)  sols 7  cl 11 2c 1105872 dv 56180 fb 0 wn 0
[3562s] tasks 5427/9577  nodes 1.157e+10 (3.2M/s)  sols 7  cl 11 2c 1107531 dv 56303 fb 0 wn 0
[3567s] tasks 5430/9577  nodes 1.159e+10 (3.3M/s)  sols 7  cl 11 2c 1108829 dv 56414 fb 0 wn 0
[3572s] tasks 5471/9577  nodes 1.160e+10 (3.2M/s)  sols 7  cl 11 2c 1110870 dv 56503 fb 0 wn 0
[3577s] tasks 5472/9577  nodes 1.162e+10 (3.1M/s)  sols 7  cl 11 2c 1113044 dv 56597 fb 0 wn 0
[3582s] tasks 5472/9577  nodes 1.163e+10 (3.1M/s)  sols 7  cl 11 2c 1114930 dv 56713 fb 0 wn 0
[3587s] tasks 5472/9577  nodes 1.165e+10 (3.2M/s)  sols 7  cl 11 2c 1116963 dv 56805 fb 0 wn 0
[3592s] tasks 5472/9577  nodes 1.167e+10 (3.3M/s)  sols 7  cl 11 2c 1118542 dv 56862 fb 0 wn 0
[3597s] tasks 5472/9577  nodes 1.168e+10 (3.3M/s)  sols 7  cl 11 2c 1121259 dv 56950 fb 0 wn 0
[3602s] tasks 5472/9577  nodes 1.170e+10 (3.5M/s)  sols 7  cl 11 2c 1122163 dv 57032 fb 0 wn 0
[3607s] tasks 5475/9577  nodes 1.171e+10 (2.4M/s)  sols 7  cl 11 2c 1123327 dv 57093 fb 0 wn 0
[3612s] tasks 5475/9577  nodes 1.173e+10 (3.1M/s)  sols 7  cl 11 2c 1125000 dv 57184 fb 0 wn 0
[3617s] tasks 5475/9577  nodes 1.174e+10 (3.3M/s)  sols 7  cl 11 2c 1126121 dv 57286 fb 0 wn 0
[3622s] tasks 5478/9577  nodes 1.176e+10 (3.2M/s)  sols 7  cl 11 2c 1127597 dv 57360 fb 0 wn 0
[3627s] tasks 5478/9577  nodes 1.177e+10 (2.9M/s)  sols 7  cl 11 2c 1128645 dv 57428 fb 0 wn 0
[3632s] tasks 5478/9577  nodes 1.179e+10 (3.0M/s)  sols 7  cl 11 2c 1129760 dv 57528 fb 0 wn 0
[3637s] tasks 5478/9577  nodes 1.180e+10 (2.9M/s)  sols 7  cl 11 2c 1131562 dv 57626 fb 0 wn 0
[3642s] tasks 5478/9577  nodes 1.182e+10 (3.0M/s)  sols 7  cl 11 2c 1132900 dv 57740 fb 0 wn 0
[3647s] tasks 5478/9577  nodes 1.183e+10 (3.0M/s)  sols 7  cl 11 2c 1134426 dv 57834 fb 0 wn 0
[3652s] tasks 5479/9577  nodes 1.185e+10 (3.0M/s)  sols 7  cl 11 2c 1136383 dv 57921 fb 0 wn 0
[3657s] tasks 5479/9577  nodes 1.186e+10 (3.1M/s)  sols 7  cl 11 2c 1138044 dv 58024 fb 0 wn 0
[3662s] tasks 5480/9577  nodes 1.188e+10 (3.1M/s)  sols 7  cl 11 2c 1139192 dv 58118 fb 0 wn 0
[3667s] tasks 5480/9577  nodes 1.190e+10 (3.1M/s)  sols 7  cl 11 2c 1140291 dv 58212 fb 0 wn 0
[3672s] tasks 5480/9577  nodes 1.191e+10 (2.9M/s)  sols 7  cl 11 2c 1141576 dv 58312 fb 0 wn 0
[3677s] tasks 5480/9577  nodes 1.192e+10 (3.0M/s)  sols 7  cl 11 2c 1143526 dv 58363 fb 0 wn 0
[3682s] tasks 5480/9577  nodes 1.194e+10 (2.8M/s)  sols 7  cl 11 2c 1144951 dv 58430 fb 0 wn 0
[3687s] tasks 5480/9577  nodes 1.195e+10 (2.8M/s)  sols 7  cl 11 2c 1146755 dv 58524 fb 0 wn 0
[3692s] tasks 5480/9577  nodes 1.197e+10 (2.8M/s)  sols 7  cl 11 2c 1148018 dv 58629 fb 0 wn 0
[3697s] tasks 5480/9577  nodes 1.198e+10 (2.8M/s)  sols 7  cl 11 2c 1150204 dv 58754 fb 0 wn 0
[3703s] tasks 5480/9577  nodes 1.200e+10 (2.5M/s)  sols 7  cl 11 2c 1152338 dv 58835 fb 0 wn 0
[3708s] tasks 5480/9577  nodes 1.201e+10 (2.9M/s)  sols 7  cl 11 2c 1154118 dv 58920 fb 0 wn 0
[3713s] tasks 5480/9577  nodes 1.202e+10 (2.9M/s)  sols 7  cl 11 2c 1156228 dv 59011 fb 0 wn 0
[3718s] tasks 5480/9577  nodes 1.204e+10 (2.7M/s)  sols 7  cl 11 2c 1158368 dv 59112 fb 0 wn 0
[3723s] tasks 5480/9577  nodes 1.205e+10 (2.9M/s)  sols 7  cl 11 2c 1160623 dv 59203 fb 0 wn 0
[3728s] tasks 5480/9577  nodes 1.207e+10 (2.9M/s)  sols 7  cl 11 2c 1162846 dv 59301 fb 0 wn 0
[3733s] tasks 5480/9577  nodes 1.208e+10 (2.9M/s)  sols 7  cl 11 2c 1164818 dv 59424 fb 0 wn 0
[3738s] tasks 5480/9577  nodes 1.210e+10 (2.9M/s)  sols 7  cl 11 2c 1166637 dv 59510 fb 0 wn 0
[3743s] tasks 5480/9577  nodes 1.211e+10 (2.9M/s)  sols 7  cl 11 2c 1168183 dv 59620 fb 0 wn 0
[3748s] tasks 5480/9577  nodes 1.212e+10 (2.8M/s)  sols 7  cl 11 2c 1169614 dv 59709 fb 0 wn 0
[3753s] tasks 5480/9577  nodes 1.214e+10 (2.9M/s)  sols 7  cl 11 2c 1171557 dv 59810 fb 0 wn 0
[3758s] tasks 5481/9577  nodes 1.215e+10 (3.0M/s)  sols 7  cl 11 2c 1173592 dv 59905 fb 0 wn 0
[3763s] tasks 5481/9577  nodes 1.217e+10 (2.8M/s)  sols 7  cl 11 2c 1176000 dv 59988 fb 0 wn 0
[3768s] tasks 5481/9577  nodes 1.218e+10 (2.7M/s)  sols 7  cl 11 2c 1178989 dv 60082 fb 0 wn 0
[3773s] tasks 5481/9577  nodes 1.220e+10 (2.8M/s)  sols 7  cl 11 2c 1181764 dv 60147 fb 0 wn 0
[3778s] tasks 5481/9577  nodes 1.221e+10 (2.8M/s)  sols 7  cl 11 2c 1185087 dv 60222 fb 0 wn 0
[3783s] tasks 5482/9577  nodes 1.222e+10 (3.1M/s)  sols 7  cl 11 2c 1187787 dv 60318 fb 0 wn 0
[3788s] tasks 5482/9577  nodes 1.224e+10 (2.9M/s)  sols 7  cl 11 2c 1190850 dv 60418 fb 0 wn 0
[3793s] tasks 5483/9577  nodes 1.225e+10 (2.2M/s)  sols 7  cl 11 2c 1193732 dv 60500 fb 0 wn 0
[3798s] tasks 5483/9577  nodes 1.226e+10 (2.7M/s)  sols 7  cl 11 2c 1199034 dv 60600 fb 0 wn 0
[3803s] tasks 5483/9577  nodes 1.228e+10 (2.7M/s)  sols 7  cl 11 2c 1203436 dv 60693 fb 0 wn 0
[3808s] tasks 5483/9577  nodes 1.229e+10 (2.8M/s)  sols 7  cl 11 2c 1209000 dv 60776 fb 0 wn 0
[3813s] tasks 5483/9577  nodes 1.231e+10 (2.9M/s)  sols 7  cl 11 2c 1213572 dv 60836 fb 0 wn 0
[3818s] tasks 5483/9577  nodes 1.232e+10 (2.8M/s)  sols 7  cl 11 2c 1217592 dv 60928 fb 0 wn 0
[3823s] tasks 5483/9577  nodes 1.233e+10 (3.0M/s)  sols 7  cl 11 2c 1221097 dv 61031 fb 0 wn 0
[3828s] tasks 5483/9577  nodes 1.235e+10 (2.7M/s)  sols 7  cl 11 2c 1224063 dv 61174 fb 0 wn 0
[3833s] tasks 5483/9577  nodes 1.236e+10 (2.9M/s)  sols 7  cl 11 2c 1226116 dv 61276 fb 0 wn 0
[3838s] tasks 5483/9577  nodes 1.238e+10 (2.7M/s)  sols 7  cl 11 2c 1228818 dv 61402 fb 0 wn 0
[3843s] tasks 5483/9577  nodes 1.239e+10 (2.8M/s)  sols 7  cl 11 2c 1232728 dv 61484 fb 0 wn 0
[3848s] tasks 5483/9577  nodes 1.240e+10 (2.7M/s)  sols 7  cl 11 2c 1236706 dv 61555 fb 0 wn 0
[3853s] tasks 5483/9577  nodes 1.242e+10 (2.7M/s)  sols 7  cl 11 2c 1239907 dv 61632 fb 0 wn 0
[3858s] tasks 5483/9577  nodes 1.243e+10 (3.0M/s)  sols 7  cl 11 2c 1242325 dv 61732 fb 0 wn 0
[3863s] tasks 5483/9577  nodes 1.245e+10 (3.0M/s)  sols 7  cl 11 2c 1244259 dv 61826 fb 0 wn 0
[3868s] tasks 5483/9577  nodes 1.246e+10 (3.1M/s)  sols 7  cl 11 2c 1247938 dv 61892 fb 0 wn 0
[3873s] tasks 5484/9577  nodes 1.248e+10 (3.2M/s)  sols 7  cl 11 2c 1251069 dv 61981 fb 0 wn 0
[3878s] tasks 5485/9577  nodes 1.249e+10 (3.1M/s)  sols 7  cl 11 2c 1254834 dv 62042 fb 0 wn 0
[3883s] tasks 5514/9577  nodes 1.251e+10 (2.4M/s)  sols 7  cl 11 2c 1259102 dv 62128 fb 0 wn 0
[3888s] tasks 5514/9577  nodes 1.252e+10 (2.9M/s)  sols 7  cl 11 2c 1263320 dv 62229 fb 0 wn 0
[3893s] tasks 5514/9577  nodes 1.254e+10 (3.0M/s)  sols 7  cl 11 2c 1266526 dv 62302 fb 0 wn 0
[3898s] tasks 5514/9577  nodes 1.255e+10 (3.1M/s)  sols 7  cl 11 2c 1270220 dv 62368 fb 0 wn 0
[3903s] tasks 5514/9577  nodes 1.257e+10 (2.8M/s)  sols 7  cl 11 2c 1273904 dv 62472 fb 0 wn 0
[3908s] tasks 5514/9577  nodes 1.258e+10 (3.0M/s)  sols 7  cl 11 2c 1276376 dv 62560 fb 0 wn 0
[3913s] tasks 5514/9577  nodes 1.260e+10 (3.0M/s)  sols 7  cl 11 2c 1278826 dv 62653 fb 0 wn 0
[3918s] tasks 5518/9577  nodes 1.261e+10 (2.9M/s)  sols 7  cl 11 2c 1282362 dv 62753 fb 0 wn 0
[3923s] tasks 5518/9577  nodes 1.262e+10 (2.9M/s)  sols 7  cl 11 2c 1285965 dv 62834 fb 0 wn 0
[3928s] tasks 5518/9577  nodes 1.264e+10 (2.9M/s)  sols 7  cl 11 2c 1290044 dv 62935 fb 0 wn 0
[3933s] tasks 5518/9577  nodes 1.265e+10 (3.0M/s)  sols 7  cl 11 2c 1294169 dv 63003 fb 0 wn 0
[3938s] tasks 5518/9577  nodes 1.267e+10 (3.0M/s)  sols 7  cl 11 2c 1296742 dv 63091 fb 0 wn 0
[3943s] tasks 5518/9577  nodes 1.268e+10 (2.9M/s)  sols 7  cl 11 2c 1300648 dv 63175 fb 0 wn 0
[3948s] tasks 5518/9577  nodes 1.270e+10 (3.1M/s)  sols 7  cl 11 2c 1302589 dv 63263 fb 0 wn 0
[3953s] tasks 5518/9577  nodes 1.271e+10 (2.9M/s)  sols 7  cl 11 2c 1304871 dv 63343 fb 0 wn 0
[3958s] tasks 5518/9577  nodes 1.273e+10 (3.2M/s)  sols 7  cl 11 2c 1307405 dv 63424 fb 0 wn 0
[3963s] tasks 5518/9577  nodes 1.275e+10 (3.2M/s)  sols 7  cl 11 2c 1310020 dv 63495 fb 0 wn 0
[3968s] tasks 5518/9577  nodes 1.276e+10 (3.2M/s)  sols 7  cl 11 2c 1311828 dv 63589 fb 0 wn 0
[3973s] tasks 5518/9577  nodes 1.277e+10 (2.6M/s)  sols 7  cl 11 2c 1313106 dv 63655 fb 0 wn 0
[3978s] tasks 5518/9577  nodes 1.279e+10 (3.0M/s)  sols 7  cl 11 2c 1314891 dv 63736 fb 0 wn 0
[3983s] tasks 5518/9577  nodes 1.280e+10 (2.8M/s)  sols 7  cl 11 2c 1317073 dv 63828 fb 0 wn 0
[3988s] tasks 5518/9577  nodes 1.282e+10 (3.0M/s)  sols 7  cl 11 2c 1319527 dv 63911 fb 0 wn 0
[3993s] tasks 5518/9577  nodes 1.283e+10 (2.9M/s)  sols 7  cl 11 2c 1321663 dv 64003 fb 0 wn 0
[3998s] tasks 5518/9577  nodes 1.285e+10 (3.1M/s)  sols 7  cl 11 2c 1324075 dv 64094 fb 0 wn 0
[4003s] tasks 5518/9577  nodes 1.286e+10 (2.8M/s)  sols 7  cl 11 2c 1327438 dv 64172 fb 0 wn 0
[4008s] tasks 5518/9577  nodes 1.288e+10 (2.9M/s)  sols 7  cl 11 2c 1330520 dv 64249 fb 0 wn 0
[4013s] tasks 5518/9577  nodes 1.289e+10 (3.2M/s)  sols 7  cl 11 2c 1333760 dv 64315 fb 0 wn 0
[4018s] tasks 5518/9577  nodes 1.291e+10 (3.1M/s)  sols 7  cl 11 2c 1337487 dv 64399 fb 0 wn 0
[4023s] tasks 5518/9577  nodes 1.292e+10 (3.3M/s)  sols 7  cl 11 2c 1340456 dv 64477 fb 0 wn 0
[4028s] tasks 5520/9577  nodes 1.294e+10 (3.4M/s)  sols 7  cl 11 2c 1342366 dv 64547 fb 0 wn 0
[4033s] tasks 5520/9577  nodes 1.296e+10 (3.4M/s)  sols 7  cl 11 2c 1344362 dv 64616 fb 0 wn 0
[4038s] tasks 5521/9577  nodes 1.297e+10 (3.1M/s)  sols 7  cl 11 2c 1346052 dv 64675 fb 0 wn 0
[4043s] tasks 5521/9577  nodes 1.299e+10 (3.0M/s)  sols 7  cl 11 2c 1348479 dv 64762 fb 0 wn 0
[4048s] tasks 5521/9577  nodes 1.300e+10 (3.0M/s)  sols 7  cl 11 2c 1350454 dv 64869 fb 0 wn 0
[4053s] tasks 5521/9577  nodes 1.302e+10 (2.9M/s)  sols 7  cl 11 2c 1353209 dv 64987 fb 0 wn 0
[4058s] tasks 5521/9577  nodes 1.303e+10 (2.3M/s)  sols 7  cl 11 2c 1354821 dv 65046 fb 0 wn 0
[4063s] tasks 5521/9577  nodes 1.304e+10 (2.9M/s)  sols 7  cl 11 2c 1357316 dv 65136 fb 0 wn 0
[4068s] tasks 5521/9577  nodes 1.306e+10 (2.7M/s)  sols 7  cl 11 2c 1359824 dv 65234 fb 0 wn 0
[4073s] tasks 5521/9577  nodes 1.307e+10 (2.8M/s)  sols 7  cl 11 2c 1362749 dv 65320 fb 0 wn 0
[4078s] tasks 5521/9577  nodes 1.309e+10 (2.8M/s)  sols 7  cl 11 2c 1366758 dv 65425 fb 0 wn 0
[4083s] tasks 5521/9577  nodes 1.310e+10 (3.0M/s)  sols 7  cl 11 2c 1370093 dv 65512 fb 0 wn 0
[4088s] tasks 5521/9577  nodes 1.312e+10 (3.1M/s)  sols 7  cl 11 2c 1372390 dv 65594 fb 0 wn 0
[4093s] tasks 5521/9577  nodes 1.313e+10 (3.1M/s)  sols 7  cl 11 2c 1374435 dv 65683 fb 0 wn 0
[4098s] tasks 5521/9577  nodes 1.315e+10 (2.9M/s)  sols 7  cl 11 2c 1376743 dv 65778 fb 0 wn 0
[4103s] tasks 5521/9577  nodes 1.316e+10 (2.7M/s)  sols 7  cl 11 2c 1380763 dv 65859 fb 0 wn 0
[4108s] tasks 5521/9577  nodes 1.317e+10 (2.9M/s)  sols 7  cl 11 2c 1383958 dv 65954 fb 0 wn 0
[4113s] tasks 5521/9577  nodes 1.319e+10 (3.2M/s)  sols 7  cl 11 2c 1386314 dv 66043 fb 0 wn 0
[4118s] tasks 5521/9577  nodes 1.321e+10 (3.1M/s)  sols 7  cl 11 2c 1387688 dv 66166 fb 0 wn 0
[4123s] tasks 5521/9577  nodes 1.322e+10 (2.9M/s)  sols 7  cl 11 2c 1390430 dv 66278 fb 0 wn 0
[4128s] tasks 5521/9577  nodes 1.324e+10 (3.0M/s)  sols 7  cl 11 2c 1392858 dv 66363 fb 0 wn 0
[4133s] tasks 5521/9577  nodes 1.325e+10 (3.1M/s)  sols 7  cl 11 2c 1394485 dv 66482 fb 0 wn 0
[4138s] tasks 5522/9577  nodes 1.327e+10 (3.0M/s)  sols 7  cl 11 2c 1396422 dv 66568 fb 0 wn 0
[4143s] tasks 5522/9577  nodes 1.328e+10 (2.9M/s)  sols 7  cl 11 2c 1399159 dv 66646 fb 0 wn 0
[4148s] tasks 5522/9577  nodes 1.329e+10 (2.3M/s)  sols 7  cl 11 2c 1401412 dv 66724 fb 0 wn 0
[4153s] tasks 5522/9577  nodes 1.331e+10 (2.9M/s)  sols 7  cl 11 2c 1405241 dv 66799 fb 0 wn 0
[4158s] tasks 5522/9577  nodes 1.332e+10 (2.9M/s)  sols 7  cl 11 2c 1409404 dv 66880 fb 0 wn 0
[4163s] tasks 5522/9577  nodes 1.333e+10 (2.7M/s)  sols 7  cl 11 2c 1412969 dv 66972 fb 0 wn 0
[4168s] tasks 5523/9577  nodes 1.335e+10 (2.9M/s)  sols 7  cl 11 2c 1416752 dv 67071 fb 0 wn 0
[4173s] tasks 5523/9577  nodes 1.336e+10 (2.9M/s)  sols 7  cl 11 2c 1420619 dv 67143 fb 0 wn 0
[4178s] tasks 5523/9577  nodes 1.338e+10 (3.0M/s)  sols 7  cl 11 2c 1425403 dv 67211 fb 0 wn 0
[4183s] tasks 5523/9577  nodes 1.339e+10 (3.0M/s)  sols 7  cl 11 2c 1429215 dv 67290 fb 0 wn 0
[4188s] tasks 5523/9577  nodes 1.341e+10 (3.1M/s)  sols 7  cl 11 2c 1432986 dv 67367 fb 0 wn 0
[4193s] tasks 5523/9577  nodes 1.342e+10 (3.0M/s)  sols 7  cl 11 2c 1437078 dv 67452 fb 0 wn 0
[4198s] tasks 5524/9577  nodes 1.344e+10 (3.0M/s)  sols 7  cl 11 2c 1441587 dv 67544 fb 0 wn 0
[4203s] tasks 5524/9577  nodes 1.345e+10 (3.0M/s)  sols 7  cl 11 2c 1446514 dv 67630 fb 0 wn 0
[4208s] tasks 5524/9577  nodes 1.347e+10 (3.1M/s)  sols 7  cl 11 2c 1452182 dv 67710 fb 0 wn 0
[4213s] tasks 5526/9577  nodes 1.349e+10 (3.2M/s)  sols 7  cl 11 2c 1456177 dv 67796 fb 0 wn 0
[4218s] tasks 5551/9577  nodes 1.350e+10 (2.9M/s)  sols 7  cl 11 2c 1458328 dv 67894 fb 0 wn 0
[4223s] tasks 5551/9577  nodes 1.352e+10 (3.2M/s)  sols 7  cl 11 2c 1460637 dv 67986 fb 0 wn 0
[4228s] tasks 5551/9577  nodes 1.353e+10 (2.8M/s)  sols 7  cl 11 2c 1466025 dv 68058 fb 0 wn 0
[4233s] tasks 5551/9577  nodes 1.354e+10 (2.4M/s)  sols 7  cl 11 2c 1468990 dv 68143 fb 0 wn 0
[4238s] tasks 5551/9577  nodes 1.356e+10 (2.9M/s)  sols 7  cl 11 2c 1473667 dv 68221 fb 0 wn 0
[4243s] tasks 5551/9577  nodes 1.357e+10 (3.0M/s)  sols 7  cl 11 2c 1477004 dv 68303 fb 0 wn 0
[4248s] tasks 5551/9577  nodes 1.359e+10 (3.2M/s)  sols 7  cl 11 2c 1480267 dv 68376 fb 0 wn 0
[4253s] tasks 5551/9577  nodes 1.360e+10 (3.1M/s)  sols 7  cl 11 2c 1485104 dv 68431 fb 0 wn 0
[4258s] tasks 5551/9577  nodes 1.362e+10 (3.3M/s)  sols 7  cl 11 2c 1489536 dv 68505 fb 0 wn 0
[4263s] tasks 5551/9577  nodes 1.364e+10 (3.4M/s)  sols 7  cl 11 2c 1493615 dv 68583 fb 0 wn 0
[4268s] tasks 5551/9577  nodes 1.365e+10 (3.4M/s)  sols 7  cl 11 2c 1495911 dv 68650 fb 0 wn 0
[4273s] tasks 5551/9577  nodes 1.367e+10 (3.3M/s)  sols 7  cl 11 2c 1499461 dv 68718 fb 0 wn 0
[4278s] tasks 5551/9577  nodes 1.369e+10 (3.4M/s)  sols 7  cl 11 2c 1502150 dv 68793 fb 0 wn 0
[4283s] tasks 5551/9577  nodes 1.370e+10 (3.4M/s)  sols 7  cl 11 2c 1504213 dv 68863 fb 0 wn 0
[4288s] tasks 5554/9577  nodes 1.372e+10 (3.3M/s)  sols 7  cl 11 2c 1506267 dv 68950 fb 0 wn 0
[4293s] tasks 5554/9577  nodes 1.374e+10 (3.1M/s)  sols 7  cl 11 2c 1507720 dv 69040 fb 0 wn 0
[4298s] tasks 5554/9577  nodes 1.375e+10 (3.1M/s)  sols 7  cl 11 2c 1509708 dv 69124 fb 0 wn 0
[4303s] tasks 5554/9577  nodes 1.377e+10 (3.3M/s)  sols 7  cl 11 2c 1511333 dv 69217 fb 0 wn 0
[4308s] tasks 5554/9577  nodes 1.379e+10 (3.4M/s)  sols 7  cl 11 2c 1513249 dv 69284 fb 0 wn 0
[4313s] tasks 5554/9577  nodes 1.380e+10 (3.3M/s)  sols 7  cl 11 2c 1515029 dv 69378 fb 0 wn 0
[4318s] tasks 5554/9577  nodes 1.382e+10 (3.0M/s)  sols 7  cl 11 2c 1517343 dv 69473 fb 0 wn 0
[4324s] tasks 5554/9577  nodes 1.383e+10 (2.6M/s)  sols 7  cl 11 2c 1519799 dv 69564 fb 0 wn 0
[4329s] tasks 5554/9577  nodes 1.385e+10 (3.1M/s)  sols 7  cl 11 2c 1523535 dv 69634 fb 0 wn 0
[4334s] tasks 5554/9577  nodes 1.386e+10 (3.1M/s)  sols 7  cl 11 2c 1529013 dv 69700 fb 0 wn 0
[4339s] tasks 5554/9577  nodes 1.388e+10 (3.1M/s)  sols 7  cl 11 2c 1536088 dv 69764 fb 0 wn 0
[4344s] tasks 5554/9577  nodes 1.390e+10 (3.2M/s)  sols 7  cl 11 2c 1541237 dv 69848 fb 0 wn 0
[4349s] tasks 5554/9577  nodes 1.391e+10 (3.2M/s)  sols 7  cl 11 2c 1544159 dv 69923 fb 0 wn 0
[4354s] tasks 5554/9577  nodes 1.393e+10 (3.2M/s)  sols 7  cl 11 2c 1546093 dv 69995 fb 0 wn 0
[4359s] tasks 5554/9577  nodes 1.394e+10 (3.1M/s)  sols 7  cl 11 2c 1549307 dv 70065 fb 0 wn 0
[4364s] tasks 5554/9577  nodes 1.396e+10 (3.2M/s)  sols 7  cl 11 2c 1552756 dv 70160 fb 0 wn 0
[4369s] tasks 5554/9577  nodes 1.397e+10 (3.1M/s)  sols 7  cl 11 2c 1555392 dv 70263 fb 0 wn 0
[4374s] tasks 5554/9577  nodes 1.399e+10 (2.9M/s)  sols 7  cl 11 2c 1559055 dv 70390 fb 0 wn 0
[4379s] tasks 5554/9577  nodes 1.401e+10 (3.2M/s)  sols 7  cl 11 2c 1562436 dv 70473 fb 0 wn 0
[4384s] tasks 5554/9577  nodes 1.402e+10 (3.4M/s)  sols 7  cl 11 2c 1565633 dv 70535 fb 0 wn 0
[4389s] tasks 5554/9577  nodes 1.404e+10 (3.1M/s)  sols 7  cl 11 2c 1569266 dv 70614 fb 0 wn 0
[4394s] tasks 5554/9577  nodes 1.405e+10 (3.2M/s)  sols 7  cl 11 2c 1573832 dv 70676 fb 0 wn 0
[4399s] tasks 5554/9577  nodes 1.407e+10 (3.2M/s)  sols 7  cl 11 2c 1580824 dv 70720 fb 0 wn 0
[4404s] tasks 5554/9577  nodes 1.408e+10 (3.1M/s)  sols 7  cl 11 2c 1583826 dv 70814 fb 0 wn 0
[4409s] tasks 5554/9577  nodes 1.410e+10 (3.2M/s)  sols 7  cl 11 2c 1589511 dv 70880 fb 0 wn 0
[4414s] tasks 5554/9577  nodes 1.411e+10 (2.6M/s)  sols 7  cl 11 2c 1593590 dv 70941 fb 0 wn 0
[4419s] tasks 5554/9577  nodes 1.413e+10 (3.3M/s)  sols 7  cl 11 2c 1597767 dv 71015 fb 0 wn 0
[4424s] tasks 5554/9577  nodes 1.415e+10 (3.3M/s)  sols 7  cl 11 2c 1601890 dv 71071 fb 0 wn 0
[4429s] tasks 5554/9577  nodes 1.416e+10 (3.4M/s)  sols 7  cl 11 2c 1606788 dv 71140 fb 0 wn 0
[4434s] tasks 5556/9577  nodes 1.418e+10 (3.3M/s)  sols 7  cl 11 2c 1611528 dv 71205 fb 0 wn 0
[4439s] tasks 5556/9577  nodes 1.420e+10 (3.4M/s)  sols 7  cl 11 2c 1615564 dv 71288 fb 0 wn 0
[4444s] tasks 5556/9577  nodes 1.421e+10 (3.1M/s)  sols 7  cl 11 2c 1619879 dv 71365 fb 0 wn 0
[4449s] tasks 5556/9577  nodes 1.423e+10 (3.3M/s)  sols 7  cl 11 2c 1622686 dv 71469 fb 0 wn 0
[4454s] tasks 5556/9577  nodes 1.425e+10 (3.4M/s)  sols 7  cl 11 2c 1625236 dv 71544 fb 0 wn 0
[4459s] tasks 5556/9577  nodes 1.426e+10 (3.2M/s)  sols 7  cl 11 2c 1627608 dv 71619 fb 0 wn 0
[4464s] tasks 5556/9577  nodes 1.428e+10 (3.4M/s)  sols 7  cl 11 2c 1630350 dv 71711 fb 0 wn 0
[4469s] tasks 5556/9577  nodes 1.430e+10 (3.3M/s)  sols 7  cl 11 2c 1633244 dv 71787 fb 0 wn 0
[4474s] tasks 5556/9577  nodes 1.431e+10 (3.2M/s)  sols 7  cl 11 2c 1637029 dv 71858 fb 0 wn 0
[4479s] tasks 5556/9577  nodes 1.433e+10 (3.3M/s)  sols 7  cl 11 2c 1642328 dv 71931 fb 0 wn 0
[4484s] tasks 5556/9577  nodes 1.434e+10 (3.1M/s)  sols 7  cl 11 2c 1648112 dv 72017 fb 0 wn 0
[4489s] tasks 5556/9577  nodes 1.436e+10 (3.4M/s)  sols 7  cl 11 2c 1649343 dv 72103 fb 0 wn 0
[4494s] tasks 5556/9577  nodes 1.438e+10 (3.5M/s)  sols 7  cl 11 2c 1651765 dv 72177 fb 0 wn 0
[4499s] tasks 5556/9577  nodes 1.440e+10 (3.2M/s)  sols 7  cl 11 2c 1655009 dv 72258 fb 0 wn 0
[4505s] tasks 5556/9577  nodes 1.441e+10 (2.4M/s)  sols 7  cl 11 2c 1660896 dv 72344 fb 0 wn 0
[4510s] tasks 5556/9577  nodes 1.442e+10 (2.7M/s)  sols 7  cl 11 2c 1666615 dv 72449 fb 0 wn 0
[4515s] tasks 5556/9577  nodes 1.444e+10 (3.1M/s)  sols 7  cl 11 2c 1670503 dv 72525 fb 0 wn 0
[4520s] tasks 5556/9577  nodes 1.446e+10 (3.3M/s)  sols 7  cl 11 2c 1672774 dv 72610 fb 0 wn 0
[4525s] tasks 5557/9577  nodes 1.447e+10 (3.3M/s)  sols 7  cl 11 2c 1675642 dv 72697 fb 0 wn 0
[4530s] tasks 5557/9577  nodes 1.449e+10 (3.4M/s)  sols 7  cl 11 2c 1679302 dv 72784 fb 0 wn 0
[4535s] tasks 5557/9577  nodes 1.450e+10 (3.3M/s)  sols 7  cl 11 2c 1682864 dv 72876 fb 0 wn 0
[4540s] tasks 5557/9577  nodes 1.452e+10 (3.2M/s)  sols 7  cl 11 2c 1684653 dv 72961 fb 0 wn 0
[4545s] tasks 5558/9577  nodes 1.454e+10 (3.1M/s)  sols 7  cl 11 2c 1688506 dv 73031 fb 0 wn 0
[4550s] tasks 5559/9577  nodes 1.455e+10 (3.1M/s)  sols 7  cl 11 2c 1693174 dv 73107 fb 0 wn 0
[4555s] tasks 5584/9577  nodes 1.457e+10 (3.4M/s)  sols 7  cl 11 2c 1698249 dv 73154 fb 0 wn 0
[4560s] tasks 5585/9577  nodes 1.458e+10 (3.2M/s)  sols 7  cl 11 2c 1702992 dv 73218 fb 0 wn 0
[4565s] tasks 5586/9577  nodes 1.460e+10 (3.5M/s)  sols 7  cl 11 2c 1707947 dv 73268 fb 0 wn 0
[4570s] tasks 5587/9577  nodes 1.462e+10 (3.4M/s)  sols 7  cl 11 2c 1714747 dv 73335 fb 0 wn 0
[4575s] tasks 5606/9577  nodes 1.464e+10 (3.3M/s)  sols 7  cl 11 2c 1718717 dv 73418 fb 0 wn 0
[4580s] tasks 5609/9577  nodes 1.465e+10 (3.3M/s)  sols 7  cl 11 2c 1722802 dv 73511 fb 0 wn 0
[4585s] tasks 5628/9577  nodes 1.467e+10 (3.2M/s)  sols 7  cl 11 2c 1727381 dv 73588 fb 0 wn 0
[4590s] tasks 5628/9577  nodes 1.468e+10 (3.2M/s)  sols 7  cl 11 2c 1732905 dv 73668 fb 0 wn 0
[4595s] tasks 5628/9577  nodes 1.470e+10 (3.2M/s)  sols 7  cl 11 2c 1739808 dv 73724 fb 0 wn 0
[4600s] tasks 5715/9577  nodes 1.471e+10 (2.7M/s)  sols 7  cl 11 2c 1746561 dv 73772 fb 0 wn 0
[4605s] tasks 5716/9577  nodes 1.473e+10 (3.4M/s)  sols 7  cl 11 2c 1751789 dv 73822 fb 0 wn 0
[4610s] tasks 5717/9577  nodes 1.475e+10 (3.2M/s)  sols 7  cl 11 2c 1757104 dv 73881 fb 0 wn 0
[4615s] tasks 5717/9577  nodes 1.476e+10 (3.1M/s)  sols 7  cl 11 2c 1762136 dv 73974 fb 0 wn 0
[4620s] tasks 5718/9577  nodes 1.478e+10 (2.9M/s)  sols 7  cl 11 2c 1766928 dv 74066 fb 0 wn 0
[4625s] tasks 5718/9577  nodes 1.479e+10 (3.0M/s)  sols 7  cl 11 2c 1770362 dv 74144 fb 0 wn 0
[4630s] tasks 5718/9577  nodes 1.481e+10 (3.0M/s)  sols 7  cl 11 2c 1774291 dv 74201 fb 0 wn 0
[4635s] tasks 5718/9577  nodes 1.482e+10 (2.9M/s)  sols 7  cl 11 2c 1779142 dv 74270 fb 0 wn 0
[4640s] tasks 5718/9577  nodes 1.484e+10 (3.2M/s)  sols 7  cl 11 2c 1783732 dv 74333 fb 0 wn 0
[4645s] tasks 5718/9577  nodes 1.485e+10 (3.2M/s)  sols 7  cl 11 2c 1789114 dv 74389 fb 0 wn 0
[4650s] tasks 5718/9577  nodes 1.487e+10 (3.3M/s)  sols 7  cl 11 2c 1793418 dv 74440 fb 0 wn 0
[4655s] tasks 5718/9577  nodes 1.489e+10 (3.3M/s)  sols 7  cl 11 2c 1796628 dv 74503 fb 0 wn 0
[4660s] tasks 5718/9577  nodes 1.490e+10 (3.3M/s)  sols 7  cl 11 2c 1798483 dv 74593 fb 0 wn 0
[4665s] tasks 5718/9577  nodes 1.492e+10 (3.2M/s)  sols 7  cl 11 2c 1800393 dv 74667 fb 0 wn 0
[4670s] tasks 5718/9577  nodes 1.493e+10 (3.2M/s)  sols 7  cl 11 2c 1802651 dv 74763 fb 0 wn 0
[4675s] tasks 5718/9577  nodes 1.495e+10 (3.0M/s)  sols 7  cl 11 2c 1804710 dv 74862 fb 0 wn 0
[4680s] tasks 5718/9577  nodes 1.497e+10 (3.0M/s)  sols 7  cl 11 2c 1807438 dv 74923 fb 0 wn 0
[4685s] tasks 5718/9577  nodes 1.498e+10 (2.5M/s)  sols 7  cl 11 2c 1809724 dv 74987 fb 0 wn 0
[4690s] tasks 5718/9577  nodes 1.499e+10 (3.2M/s)  sols 7  cl 11 2c 1814974 dv 75061 fb 0 wn 0
[4695s] tasks 5718/9577  nodes 1.501e+10 (3.1M/s)  sols 7  cl 11 2c 1818456 dv 75147 fb 0 wn 0
[4700s] tasks 5718/9577  nodes 1.502e+10 (3.1M/s)  sols 7  cl 11 2c 1820980 dv 75243 fb 0 wn 0
[4705s] tasks 5718/9577  nodes 1.504e+10 (3.1M/s)  sols 7  cl 11 2c 1824519 dv 75330 fb 0 wn 0
[4710s] tasks 5719/9577  nodes 1.506e+10 (3.1M/s)  sols 7  cl 11 2c 1827499 dv 75409 fb 0 wn 0
[4715s] tasks 5720/9577  nodes 1.507e+10 (2.8M/s)  sols 7  cl 11 2c 1832256 dv 75498 fb 0 wn 0
[4720s] tasks 5720/9577  nodes 1.508e+10 (3.0M/s)  sols 7  cl 11 2c 1834559 dv 75573 fb 0 wn 0
[4725s] tasks 5720/9577  nodes 1.510e+10 (2.9M/s)  sols 7  cl 11 2c 1836993 dv 75658 fb 0 wn 0
[4730s] tasks 5720/9577  nodes 1.511e+10 (3.0M/s)  sols 7  cl 11 2c 1839705 dv 75731 fb 0 wn 0
FOUND 4201148160 = 3 5 9 11 43 256 257
[4735s] tasks 5720/9577  nodes 1.513e+10 (3.2M/s)  sols 8  cl 12 2c 1842839 dv 75829 fb 0 wn 0
[4740s] tasks 5720/9577  nodes 1.514e+10 (2.8M/s)  sols 8  cl 12 2c 1845668 dv 75917 fb 0 wn 0
[4745s] tasks 5720/9577  nodes 1.516e+10 (3.2M/s)  sols 8  cl 12 2c 1848736 dv 75981 fb 0 wn 0
[4750s] tasks 5720/9577  nodes 1.518e+10 (3.2M/s)  sols 8  cl 12 2c 1850833 dv 76064 fb 0 wn 0
[4755s] tasks 5720/9577  nodes 1.519e+10 (3.2M/s)  sols 8  cl 12 2c 1854127 dv 76130 fb 0 wn 0
[4760s] tasks 5720/9577  nodes 1.521e+10 (3.3M/s)  sols 8  cl 12 2c 1855774 dv 76235 fb 0 wn 0
[4765s] tasks 5720/9577  nodes 1.522e+10 (3.2M/s)  sols 8  cl 12 2c 1857436 dv 76316 fb 0 wn 0
[4770s] tasks 5720/9577  nodes 1.524e+10 (3.2M/s)  sols 8  cl 12 2c 1859504 dv 76388 fb 0 wn 0
[4775s] tasks 5720/9577  nodes 1.526e+10 (3.2M/s)  sols 8  cl 12 2c 1862316 dv 76466 fb 0 wn 0
[4780s] tasks 5720/9577  nodes 1.527e+10 (2.7M/s)  sols 8  cl 12 2c 1864239 dv 76528 fb 0 wn 0
[4785s] tasks 5721/9577  nodes 1.529e+10 (3.2M/s)  sols 8  cl 12 2c 1867043 dv 76634 fb 0 wn 0
[4790s] tasks 5721/9577  nodes 1.530e+10 (3.2M/s)  sols 8  cl 12 2c 1872356 dv 76702 fb 0 wn 0
[4795s] tasks 5721/9577  nodes 1.532e+10 (3.3M/s)  sols 8  cl 12 2c 1874835 dv 76786 fb 0 wn 0
[4800s] tasks 5721/9577  nodes 1.533e+10 (3.1M/s)  sols 8  cl 12 2c 1878149 dv 76880 fb 0 wn 0
[4805s] tasks 5721/9577  nodes 1.535e+10 (3.2M/s)  sols 8  cl 12 2c 1882195 dv 76958 fb 0 wn 0
[4810s] tasks 5721/9577  nodes 1.537e+10 (3.3M/s)  sols 8  cl 12 2c 1885536 dv 77029 fb 0 wn 0
[4815s] tasks 5721/9577  nodes 1.538e+10 (3.1M/s)  sols 8  cl 12 2c 1888598 dv 77094 fb 0 wn 0
[4820s] tasks 5721/9577  nodes 1.540e+10 (3.1M/s)  sols 8  cl 12 2c 1890953 dv 77171 fb 0 wn 0
[4825s] tasks 5721/9577  nodes 1.541e+10 (3.2M/s)  sols 8  cl 12 2c 1893427 dv 77254 fb 0 wn 0
[4830s] tasks 5721/9577  nodes 1.543e+10 (3.3M/s)  sols 8  cl 12 2c 1896851 dv 77323 fb 0 wn 0
[4835s] tasks 5721/9577  nodes 1.545e+10 (3.1M/s)  sols 8  cl 12 2c 1899566 dv 77395 fb 0 wn 0
[4840s] tasks 5721/9577  nodes 1.546e+10 (3.4M/s)  sols 8  cl 12 2c 1901695 dv 77494 fb 0 wn 0
[4845s] tasks 5721/9577  nodes 1.548e+10 (3.2M/s)  sols 8  cl 12 2c 1904760 dv 77563 fb 0 wn 0
[4850s] tasks 5721/9577  nodes 1.549e+10 (3.1M/s)  sols 8  cl 12 2c 1908081 dv 77648 fb 0 wn 0
[4855s] tasks 5721/9577  nodes 1.551e+10 (3.2M/s)  sols 8  cl 12 2c 1909887 dv 77728 fb 0 wn 0
[4860s] tasks 5721/9577  nodes 1.553e+10 (3.0M/s)  sols 8  cl 12 2c 1913305 dv 77824 fb 0 wn 0
[4865s] tasks 5721/9577  nodes 1.554e+10 (3.1M/s)  sols 8  cl 12 2c 1915835 dv 77909 fb 0 wn 0
[4870s] tasks 5721/9577  nodes 1.555e+10 (2.3M/s)  sols 8  cl 12 2c 1918196 dv 77975 fb 0 wn 0
[4875s] tasks 5721/9577  nodes 1.557e+10 (3.0M/s)  sols 8  cl 12 2c 1920983 dv 78061 fb 0 wn 0
[4880s] tasks 5721/9577  nodes 1.558e+10 (3.2M/s)  sols 8  cl 12 2c 1925462 dv 78118 fb 0 wn 0
[4885s] tasks 5721/9577  nodes 1.560e+10 (3.3M/s)  sols 8  cl 12 2c 1929165 dv 78183 fb 0 wn 0
[4890s] tasks 5721/9577  nodes 1.562e+10 (3.2M/s)  sols 8  cl 12 2c 1931865 dv 78261 fb 0 wn 0
[4895s] tasks 5721/9577  nodes 1.563e+10 (3.3M/s)  sols 8  cl 12 2c 1934557 dv 78345 fb 0 wn 0
[4900s] tasks 5721/9577  nodes 1.565e+10 (3.0M/s)  sols 8  cl 12 2c 1937393 dv 78430 fb 0 wn 0
[4905s] tasks 5721/9577  nodes 1.566e+10 (3.0M/s)  sols 8  cl 12 2c 1940464 dv 78528 fb 0 wn 0
[4910s] tasks 5721/9577  nodes 1.568e+10 (3.2M/s)  sols 8  cl 12 2c 1943292 dv 78599 fb 0 wn 0
[4915s] tasks 5721/9577  nodes 1.570e+10 (3.4M/s)  sols 8  cl 12 2c 1945838 dv 78694 fb 0 wn 0
[4920s] tasks 5721/9577  nodes 1.571e+10 (3.1M/s)  sols 8  cl 12 2c 1948397 dv 78807 fb 0 wn 0
[4925s] tasks 5721/9577  nodes 1.573e+10 (3.3M/s)  sols 8  cl 12 2c 1950522 dv 78864 fb 0 wn 0
[4930s] tasks 5721/9577  nodes 1.574e+10 (3.2M/s)  sols 8  cl 12 2c 1953408 dv 78955 fb 0 wn 0
[4935s] tasks 5721/9577  nodes 1.576e+10 (3.1M/s)  sols 8  cl 12 2c 1956312 dv 79020 fb 0 wn 0
[4940s] tasks 5721/9577  nodes 1.578e+10 (3.3M/s)  sols 8  cl 12 2c 1959926 dv 79097 fb 0 wn 0
[4945s] tasks 5721/9577  nodes 1.579e+10 (3.1M/s)  sols 8  cl 12 2c 1962992 dv 79181 fb 0 wn 0
[4950s] tasks 5721/9577  nodes 1.581e+10 (3.1M/s)  sols 8  cl 12 2c 1967107 dv 79250 fb 0 wn 0
[4955s] tasks 5722/9577  nodes 1.582e+10 (3.2M/s)  sols 8  cl 12 2c 1970600 dv 79333 fb 0 wn 0
[4960s] tasks 5722/9577  nodes 1.583e+10 (2.5M/s)  sols 8  cl 12 2c 1973663 dv 79393 fb 0 wn 0
[4965s] tasks 5722/9577  nodes 1.585e+10 (3.4M/s)  sols 8  cl 12 2c 1975523 dv 79464 fb 0 wn 0
[4970s] tasks 5722/9577  nodes 1.587e+10 (3.4M/s)  sols 8  cl 12 2c 1977916 dv 79542 fb 0 wn 0
[4975s] tasks 5722/9577  nodes 1.588e+10 (3.0M/s)  sols 8  cl 12 2c 1981868 dv 79613 fb 0 wn 0
[4980s] tasks 5723/9577  nodes 1.590e+10 (3.4M/s)  sols 8  cl 12 2c 1984915 dv 79693 fb 0 wn 0
[4985s] tasks 5723/9577  nodes 1.592e+10 (3.3M/s)  sols 8  cl 12 2c 1989691 dv 79759 fb 0 wn 0
[4990s] tasks 5724/9577  nodes 1.593e+10 (3.3M/s)  sols 8  cl 12 2c 1992391 dv 79843 fb 0 wn 0
[4995s] tasks 5759/9577  nodes 1.595e+10 (3.1M/s)  sols 8  cl 12 2c 1997200 dv 79932 fb 0 wn 0
[5000s] tasks 5759/9577  nodes 1.596e+10 (3.1M/s)  sols 8  cl 12 2c 2003226 dv 80006 fb 0 wn 0
[5005s] tasks 5759/9577  nodes 1.598e+10 (3.0M/s)  sols 8  cl 12 2c 2008795 dv 80081 fb 0 wn 0
FOUND 36720 = 3 5 9 16 17
[5010s] tasks 5763/9577  nodes 1.600e+10 (3.3M/s)  sols 9  cl 13 2c 2011956 dv 80143 fb 0 wn 0
[5015s] tasks 5766/9577  nodes 1.601e+10 (3.2M/s)  sols 9  cl 13 2c 2014215 dv 80224 fb 0 wn 0
[5020s] tasks 5790/9577  nodes 1.603e+10 (3.0M/s)  sols 9  cl 13 2c 2016584 dv 80317 fb 0 wn 0
[5025s] tasks 5790/9577  nodes 1.604e+10 (2.9M/s)  sols 9  cl 13 2c 2018745 dv 80411 fb 0 wn 0
[5030s] tasks 5791/9577  nodes 1.606e+10 (3.1M/s)  sols 9  cl 13 2c 2020720 dv 80510 fb 0 wn 0
[5035s] tasks 5791/9577  nodes 1.607e+10 (3.1M/s)  sols 9  cl 13 2c 2022377 dv 80585 fb 0 wn 0
[5040s] tasks 5791/9577  nodes 1.609e+10 (3.2M/s)  sols 9  cl 13 2c 2024940 dv 80660 fb 0 wn 0
[5045s] tasks 5791/9577  nodes 1.610e+10 (2.7M/s)  sols 9  cl 13 2c 2026441 dv 80726 fb 0 wn 0
[5050s] tasks 5791/9577  nodes 1.612e+10 (3.2M/s)  sols 9  cl 13 2c 2029621 dv 80803 fb 0 wn 0
[5055s] tasks 5791/9577  nodes 1.613e+10 (3.3M/s)  sols 9  cl 13 2c 2031559 dv 80885 fb 0 wn 0
[5060s] tasks 5791/9577  nodes 1.615e+10 (3.3M/s)  sols 9  cl 13 2c 2033688 dv 80966 fb 0 wn 0
[5065s] tasks 5791/9577  nodes 1.617e+10 (3.4M/s)  sols 9  cl 13 2c 2036019 dv 81030 fb 0 wn 0
[5070s] tasks 5791/9577  nodes 1.618e+10 (3.2M/s)  sols 9  cl 13 2c 2038696 dv 81125 fb 0 wn 0
[5075s] tasks 5791/9577  nodes 1.620e+10 (2.9M/s)  sols 9  cl 13 2c 2042147 dv 81188 fb 0 wn 0
[5080s] tasks 5791/9577  nodes 1.621e+10 (3.1M/s)  sols 9  cl 13 2c 2046669 dv 81257 fb 0 wn 0
[5085s] tasks 5791/9577  nodes 1.623e+10 (3.1M/s)  sols 9  cl 13 2c 2050284 dv 81337 fb 0 wn 0
[5090s] tasks 5791/9577  nodes 1.625e+10 (3.1M/s)  sols 9  cl 13 2c 2053626 dv 81413 fb 0 wn 0
[5095s] tasks 5791/9577  nodes 1.626e+10 (3.1M/s)  sols 9  cl 13 2c 2058250 dv 81475 fb 0 wn 0
[5100s] tasks 5791/9577  nodes 1.628e+10 (3.1M/s)  sols 9  cl 13 2c 2060892 dv 81554 fb 0 wn 0
[5105s] tasks 5791/9577  nodes 1.629e+10 (2.9M/s)  sols 9  cl 13 2c 2066518 dv 81619 fb 0 wn 0
[5110s] tasks 5791/9577  nodes 1.631e+10 (3.2M/s)  sols 9  cl 13 2c 2070876 dv 81688 fb 0 wn 0
[5115s] tasks 5792/9577  nodes 1.632e+10 (3.4M/s)  sols 9  cl 13 2c 2074565 dv 81747 fb 0 wn 0
[5120s] tasks 5792/9577  nodes 1.634e+10 (3.3M/s)  sols 9  cl 13 2c 2078256 dv 81816 fb 0 wn 0
[5125s] tasks 5792/9577  nodes 1.636e+10 (3.3M/s)  sols 9  cl 13 2c 2080394 dv 81901 fb 0 wn 0
[5130s] tasks 5792/9577  nodes 1.637e+10 (3.3M/s)  sols 9  cl 13 2c 2082967 dv 81992 fb 0 wn 0
[5135s] tasks 5792/9577  nodes 1.639e+10 (3.3M/s)  sols 9  cl 13 2c 2085608 dv 82077 fb 0 wn 0
[5140s] tasks 5792/9577  nodes 1.641e+10 (3.4M/s)  sols 9  cl 13 2c 2089579 dv 82150 fb 0 wn 0
[5145s] tasks 5792/9577  nodes 1.642e+10 (2.8M/s)  sols 9  cl 13 2c 2091287 dv 82223 fb 0 wn 0
[5150s] tasks 5792/9577  nodes 1.644e+10 (3.5M/s)  sols 9  cl 13 2c 2092244 dv 82303 fb 0 wn 0
[5155s] tasks 5792/9577  nodes 1.646e+10 (3.5M/s)  sols 9  cl 13 2c 2093512 dv 82364 fb 0 wn 0
[5160s] tasks 5793/9577  nodes 1.647e+10 (3.5M/s)  sols 9  cl 13 2c 2095951 dv 82443 fb 0 wn 0
[5165s] tasks 5794/9577  nodes 1.649e+10 (3.5M/s)  sols 9  cl 13 2c 2099696 dv 82508 fb 0 wn 0
[5170s] tasks 5821/9577  nodes 1.651e+10 (3.5M/s)  sols 9  cl 13 2c 2101575 dv 82580 fb 0 wn 0
[5175s] tasks 5821/9577  nodes 1.653e+10 (3.6M/s)  sols 9  cl 13 2c 2102516 dv 82666 fb 0 wn 0
[5180s] tasks 5821/9577  nodes 1.654e+10 (3.3M/s)  sols 9  cl 13 2c 2103821 dv 82760 fb 0 wn 0
[5185s] tasks 5821/9577  nodes 1.656e+10 (3.5M/s)  sols 9  cl 13 2c 2105470 dv 82841 fb 0 wn 0
[5190s] tasks 5822/9577  nodes 1.658e+10 (3.4M/s)  sols 9  cl 13 2c 2106453 dv 82919 fb 0 wn 0
[5195s] tasks 5822/9577  nodes 1.660e+10 (3.5M/s)  sols 9  cl 13 2c 2107454 dv 82987 fb 0 wn 0
[5200s] tasks 5822/9577  nodes 1.661e+10 (3.6M/s)  sols 9  cl 13 2c 2108788 dv 83092 fb 0 wn 0
[5205s] tasks 5822/9577  nodes 1.663e+10 (3.3M/s)  sols 9  cl 13 2c 2110555 dv 83157 fb 0 wn 0
[5210s] tasks 5822/9577  nodes 1.665e+10 (3.5M/s)  sols 9  cl 13 2c 2111922 dv 83242 fb 0 wn 0
[5215s] tasks 5822/9577  nodes 1.666e+10 (3.5M/s)  sols 9  cl 13 2c 2113328 dv 83323 fb 0 wn 0
[5220s] tasks 5822/9577  nodes 1.668e+10 (3.3M/s)  sols 9  cl 13 2c 2115181 dv 83410 fb 0 wn 0
[5225s] tasks 5822/9577  nodes 1.670e+10 (3.2M/s)  sols 9  cl 13 2c 2117216 dv 83500 fb 0 wn 0
[5230s] tasks 5822/9577  nodes 1.671e+10 (2.9M/s)  sols 9  cl 13 2c 2118681 dv 83550 fb 0 wn 0
[5235s] tasks 5823/9577  nodes 1.673e+10 (3.4M/s)  sols 9  cl 13 2c 2120469 dv 83634 fb 0 wn 0
[5240s] tasks 5823/9577  nodes 1.674e+10 (3.1M/s)  sols 9  cl 13 2c 2123276 dv 83719 fb 0 wn 0
[5245s] tasks 5823/9577  nodes 1.676e+10 (3.1M/s)  sols 9  cl 13 2c 2126875 dv 83787 fb 0 wn 0
[5250s] tasks 5823/9577  nodes 1.677e+10 (3.0M/s)  sols 9  cl 13 2c 2130053 dv 83868 fb 0 wn 0
[5255s] tasks 5823/9577  nodes 1.679e+10 (3.1M/s)  sols 9  cl 13 2c 2133596 dv 83935 fb 0 wn 0
[5260s] tasks 5823/9577  nodes 1.681e+10 (3.2M/s)  sols 9  cl 13 2c 2136453 dv 83995 fb 0 wn 0
[5265s] tasks 5823/9577  nodes 1.682e+10 (3.2M/s)  sols 9  cl 13 2c 2138833 dv 84086 fb 0 wn 0
[5270s] tasks 5824/9577  nodes 1.684e+10 (3.2M/s)  sols 9  cl 13 2c 2141408 dv 84171 fb 0 wn 0
[5275s] tasks 5825/9577  nodes 1.685e+10 (3.4M/s)  sols 9  cl 13 2c 2146351 dv 84226 fb 0 wn 0
[5280s] tasks 5847/9577  nodes 1.687e+10 (3.3M/s)  sols 9  cl 13 2c 2149439 dv 84315 fb 0 wn 0
[5285s] tasks 5847/9577  nodes 1.689e+10 (3.5M/s)  sols 9  cl 13 2c 2150603 dv 84387 fb 0 wn 0
[5290s] tasks 5847/9577  nodes 1.691e+10 (3.5M/s)  sols 9  cl 13 2c 2152237 dv 84468 fb 0 wn 0
[5295s] tasks 5847/9577  nodes 1.692e+10 (3.6M/s)  sols 9  cl 13 2c 2155115 dv 84554 fb 0 wn 0
[5300s] tasks 5847/9577  nodes 1.694e+10 (3.6M/s)  sols 9  cl 13 2c 2158740 dv 84624 fb 0 wn 0
[5305s] tasks 5850/9577  nodes 1.696e+10 (3.4M/s)  sols 9  cl 13 2c 2161416 dv 84698 fb 0 wn 0
[5310s] tasks 5850/9577  nodes 1.697e+10 (2.8M/s)  sols 9  cl 13 2c 2164723 dv 84770 fb 0 wn 0
[5315s] tasks 5850/9577  nodes 1.699e+10 (3.1M/s)  sols 9  cl 13 2c 2167556 dv 84855 fb 0 wn 0
[5320s] tasks 5850/9577  nodes 1.700e+10 (3.1M/s)  sols 9  cl 13 2c 2172334 dv 84934 fb 0 wn 0
[5325s] tasks 5850/9577  nodes 1.702e+10 (3.2M/s)  sols 9  cl 13 2c 2176568 dv 85015 fb 0 wn 0
[5330s] tasks 5852/9577  nodes 1.704e+10 (3.2M/s)  sols 9  cl 13 2c 2180135 dv 85128 fb 0 wn 0
[5335s] tasks 5852/9577  nodes 1.705e+10 (3.0M/s)  sols 9  cl 13 2c 2182968 dv 85227 fb 0 wn 0
[5340s] tasks 5852/9577  nodes 1.707e+10 (3.0M/s)  sols 9  cl 13 2c 2187323 dv 85314 fb 0 wn 0
[5345s] tasks 5852/9577  nodes 1.708e+10 (3.1M/s)  sols 9  cl 13 2c 2190729 dv 85422 fb 0 wn 0
[5350s] tasks 5852/9577  nodes 1.710e+10 (3.2M/s)  sols 9  cl 13 2c 2194112 dv 85503 fb 0 wn 0
[5355s] tasks 5852/9577  nodes 1.711e+10 (3.2M/s)  sols 9  cl 13 2c 2197556 dv 85573 fb 0 wn 0
[5360s] tasks 5852/9577  nodes 1.713e+10 (3.1M/s)  sols 9  cl 13 2c 2200194 dv 85657 fb 0 wn 0
[5365s] tasks 5852/9577  nodes 1.714e+10 (3.0M/s)  sols 9  cl 13 2c 2203477 dv 85729 fb 0 wn 0
[5370s] tasks 5852/9577  nodes 1.716e+10 (3.0M/s)  sols 9  cl 13 2c 2207934 dv 85802 fb 0 wn 0
[5375s] tasks 5852/9577  nodes 1.717e+10 (3.1M/s)  sols 9  cl 13 2c 2210605 dv 85885 fb 0 wn 0
[5380s] tasks 5853/9577  nodes 1.719e+10 (2.9M/s)  sols 9  cl 13 2c 2213471 dv 85952 fb 0 wn 0
[5385s] tasks 5853/9577  nodes 1.721e+10 (3.1M/s)  sols 9  cl 13 2c 2216433 dv 86051 fb 0 wn 0
[5390s] tasks 5853/9577  nodes 1.722e+10 (3.2M/s)  sols 9  cl 13 2c 2218915 dv 86139 fb 0 wn 0
[5395s] tasks 5854/9577  nodes 1.724e+10 (3.1M/s)  sols 9  cl 13 2c 2222322 dv 86227 fb 0 wn 0
[5400s] tasks 5854/9577  nodes 1.725e+10 (2.7M/s)  sols 9  cl 13 2c 2226518 dv 86277 fb 0 wn 0
[5405s] tasks 5876/9577  nodes 1.727e+10 (3.3M/s)  sols 9  cl 13 2c 2234927 dv 86345 fb 0 wn 0
[5410s] tasks 5876/9577  nodes 1.728e+10 (3.4M/s)  sols 9  cl 13 2c 2242287 dv 86403 fb 0 wn 0
[5415s] tasks 5876/9577  nodes 1.730e+10 (3.3M/s)  sols 9  cl 13 2c 2252154 dv 86466 fb 0 wn 0
[5420s] tasks 5879/9577  nodes 1.732e+10 (3.0M/s)  sols 9  cl 13 2c 2257885 dv 86541 fb 0 wn 0
[5425s] tasks 5879/9577  nodes 1.733e+10 (3.2M/s)  sols 9  cl 13 2c 2263624 dv 86609 fb 0 wn 0
[5430s] tasks 5879/9577  nodes 1.735e+10 (3.3M/s)  sols 9  cl 13 2c 2268777 dv 86666 fb 0 wn 0
[5435s] tasks 5879/9577  nodes 1.736e+10 (3.3M/s)  sols 9  cl 13 2c 2274608 dv 86744 fb 0 wn 0
[5440s] tasks 5879/9577  nodes 1.738e+10 (3.3M/s)  sols 9  cl 13 2c 2280394 dv 86811 fb 0 wn 0
[5445s] tasks 5879/9577  nodes 1.740e+10 (3.5M/s)  sols 9  cl 13 2c 2284543 dv 86884 fb 0 wn 0
[5450s] tasks 5879/9577  nodes 1.741e+10 (3.3M/s)  sols 9  cl 13 2c 2288618 dv 86949 fb 0 wn 0
[5455s] tasks 5879/9577  nodes 1.743e+10 (3.4M/s)  sols 9  cl 13 2c 2292198 dv 87016 fb 0 wn 0
[5460s] tasks 5879/9577  nodes 1.745e+10 (3.4M/s)  sols 9  cl 13 2c 2295673 dv 87078 fb 0 wn 0
[5465s] tasks 5879/9577  nodes 1.746e+10 (3.1M/s)  sols 9  cl 13 2c 2301140 dv 87163 fb 0 wn 0
[5470s] tasks 5879/9577  nodes 1.748e+10 (3.2M/s)  sols 9  cl 13 2c 2306280 dv 87234 fb 0 wn 0
[5475s] tasks 5879/9577  nodes 1.750e+10 (3.5M/s)  sols 9  cl 13 2c 2310234 dv 87305 fb 0 wn 0
[5480s] tasks 5879/9577  nodes 1.751e+10 (3.5M/s)  sols 9  cl 13 2c 2315356 dv 87370 fb 0 wn 0
[5485s] tasks 5881/9577  nodes 1.753e+10 (2.8M/s)  sols 9  cl 13 2c 2318709 dv 87416 fb 0 wn 0
[5490s] tasks 5882/9577  nodes 1.755e+10 (3.6M/s)  sols 9  cl 13 2c 2324422 dv 87471 fb 0 wn 0
[5495s] tasks 5882/9577  nodes 1.756e+10 (3.4M/s)  sols 9  cl 13 2c 2328379 dv 87550 fb 0 wn 0
[5500s] tasks 5904/9577  nodes 1.758e+10 (3.5M/s)  sols 9  cl 13 2c 2334433 dv 87598 fb 0 wn 0
[5505s] tasks 5904/9577  nodes 1.760e+10 (3.5M/s)  sols 9  cl 13 2c 2347683 dv 87651 fb 0 wn 0
[5510s] tasks 5904/9577  nodes 1.762e+10 (3.4M/s)  sols 9  cl 13 2c 2354062 dv 87716 fb 0 wn 0
[5515s] tasks 5992/9577  nodes 1.763e+10 (3.4M/s)  sols 9  cl 13 2c 2360717 dv 87774 fb 0 wn 0
[5520s] tasks 5992/9577  nodes 1.765e+10 (3.2M/s)  sols 9  cl 13 2c 2366393 dv 87858 fb 0 wn 0
[5525s] tasks 5992/9577  nodes 1.767e+10 (3.3M/s)  sols 9  cl 13 2c 2371629 dv 87923 fb 0 wn 0
[5530s] tasks 5992/9577  nodes 1.768e+10 (3.2M/s)  sols 9  cl 13 2c 2377030 dv 87988 fb 0 wn 0
[5535s] tasks 5993/9577  nodes 1.770e+10 (3.2M/s)  sols 9  cl 13 2c 2383729 dv 88062 fb 0 wn 0
[5540s] tasks 5993/9577  nodes 1.771e+10 (3.2M/s)  sols 9  cl 13 2c 2388473 dv 88128 fb 0 wn 0
[5545s] tasks 5993/9577  nodes 1.773e+10 (3.1M/s)  sols 9  cl 13 2c 2393727 dv 88199 fb 0 wn 0
[5550s] tasks 5993/9577  nodes 1.774e+10 (3.1M/s)  sols 9  cl 13 2c 2398665 dv 88281 fb 0 wn 0
[5555s] tasks 5993/9577  nodes 1.776e+10 (3.1M/s)  sols 9  cl 13 2c 2405064 dv 88355 fb 0 wn 0
[5560s] tasks 5993/9577  nodes 1.778e+10 (3.4M/s)  sols 9  cl 13 2c 2410457 dv 88419 fb 0 wn 0
[5565s] tasks 5993/9577  nodes 1.779e+10 (3.0M/s)  sols 9  cl 13 2c 2415679 dv 88487 fb 0 wn 0
[5570s] tasks 5993/9577  nodes 1.780e+10 (2.2M/s)  sols 9  cl 13 2c 2419345 dv 88556 fb 0 wn 0
[5575s] tasks 5993/9577  nodes 1.782e+10 (2.8M/s)  sols 9  cl 13 2c 2424506 dv 88617 fb 0 wn 0
[5580s] tasks 5993/9577  nodes 1.783e+10 (3.1M/s)  sols 9  cl 13 2c 2431912 dv 88698 fb 0 wn 0
[5585s] tasks 5993/9577  nodes 1.785e+10 (3.3M/s)  sols 9  cl 13 2c 2435601 dv 88754 fb 0 wn 0
[5590s] tasks 5993/9577  nodes 1.787e+10 (3.1M/s)  sols 9  cl 13 2c 2439975 dv 88826 fb 0 wn 0
[5595s] tasks 5993/9577  nodes 1.788e+10 (3.2M/s)  sols 9  cl 13 2c 2445503 dv 88896 fb 0 wn 0
[5600s] tasks 5993/9577  nodes 1.790e+10 (3.3M/s)  sols 9  cl 13 2c 2450424 dv 88976 fb 0 wn 0
[5605s] tasks 5993/9577  nodes 1.791e+10 (3.2M/s)  sols 9  cl 13 2c 2456057 dv 89033 fb 0 wn 0
[5610s] tasks 5993/9577  nodes 1.793e+10 (2.9M/s)  sols 9  cl 13 2c 2461950 dv 89127 fb 0 wn 0
[5615s] tasks 5994/9577  nodes 1.794e+10 (2.8M/s)  sols 9  cl 13 2c 2469322 dv 89200 fb 0 wn 0
[5620s] tasks 5994/9577  nodes 1.796e+10 (2.8M/s)  sols 9  cl 13 2c 2479711 dv 89274 fb 0 wn 0
[5625s] tasks 5994/9577  nodes 1.797e+10 (3.0M/s)  sols 9  cl 13 2c 2488341 dv 89351 fb 0 wn 0
[5630s] tasks 5994/9577  nodes 1.798e+10 (2.8M/s)  sols 9  cl 13 2c 2496748 dv 89417 fb 0 wn 0
FOUND 590325173932032 = 3 7 11 16 17 41 43 81 256 257
[5635s] tasks 5994/9577  nodes 1.800e+10 (3.1M/s)  sols 10  cl 14 2c 2504908 dv 89496 fb 0 wn 0
[5640s] tasks 5994/9577  nodes 1.802e+10 (3.3M/s)  sols 10  cl 14 2c 2512032 dv 89559 fb 0 wn 0
[5645s] tasks 5994/9577  nodes 1.803e+10 (3.0M/s)  sols 10  cl 14 2c 2523802 dv 89631 fb 0 wn 0
[5650s] tasks 5994/9577  nodes 1.804e+10 (2.5M/s)  sols 10  cl 14 2c 2527849 dv 89686 fb 0 wn 0
[5655s] tasks 5994/9577  nodes 1.806e+10 (3.3M/s)  sols 10  cl 14 2c 2533323 dv 89745 fb 0 wn 0
[5660s] tasks 5994/9577  nodes 1.808e+10 (3.0M/s)  sols 10  cl 14 2c 2540869 dv 89813 fb 0 wn 0
[5665s] tasks 5994/9577  nodes 1.809e+10 (3.2M/s)  sols 10  cl 14 2c 2548386 dv 89868 fb 0 wn 0
[5670s] tasks 5995/9577  nodes 1.811e+10 (3.3M/s)  sols 10  cl 14 2c 2554577 dv 89922 fb 0 wn 0
[5675s] tasks 5995/9577  nodes 1.812e+10 (3.1M/s)  sols 10  cl 14 2c 2558778 dv 89992 fb 0 wn 0
[5680s] tasks 5995/9577  nodes 1.814e+10 (3.1M/s)  sols 10  cl 14 2c 2564495 dv 90046 fb 0 wn 0
[5685s] tasks 5996/9577  nodes 1.816e+10 (3.2M/s)  sols 10  cl 14 2c 2568903 dv 90105 fb 0 wn 0
[5690s] tasks 5996/9577  nodes 1.817e+10 (3.2M/s)  sols 10  cl 14 2c 2572519 dv 90187 fb 0 wn 0
[5695s] tasks 5996/9577  nodes 1.819e+10 (3.4M/s)  sols 10  cl 14 2c 2576818 dv 90263 fb 0 wn 0
[5700s] tasks 5996/9577  nodes 1.820e+10 (3.2M/s)  sols 10  cl 14 2c 2581161 dv 90338 fb 0 wn 0
[5705s] tasks 5996/9577  nodes 1.822e+10 (3.2M/s)  sols 10  cl 14 2c 2587503 dv 90413 fb 0 wn 0
[5710s] tasks 5996/9577  nodes 1.824e+10 (3.3M/s)  sols 10  cl 14 2c 2595247 dv 90484 fb 0 wn 0
[5715s] tasks 5996/9577  nodes 1.825e+10 (3.3M/s)  sols 10  cl 14 2c 2599593 dv 90550 fb 0 wn 0
[5720s] tasks 5996/9577  nodes 1.827e+10 (3.2M/s)  sols 10  cl 14 2c 2604216 dv 90622 fb 0 wn 0
[5725s] tasks 5996/9577  nodes 1.829e+10 (3.2M/s)  sols 10  cl 14 2c 2609467 dv 90697 fb 0 wn 0
[5730s] tasks 5996/9577  nodes 1.830e+10 (3.4M/s)  sols 10  cl 14 2c 2613543 dv 90765 fb 0 wn 0
[5735s] tasks 5996/9577  nodes 1.832e+10 (3.5M/s)  sols 10  cl 14 2c 2617406 dv 90826 fb 0 wn 0
[5740s] tasks 5996/9577  nodes 1.834e+10 (3.3M/s)  sols 10  cl 14 2c 2623999 dv 90885 fb 0 wn 0
[5745s] tasks 5996/9577  nodes 1.835e+10 (2.7M/s)  sols 10  cl 14 2c 2628046 dv 90942 fb 0 wn 0
[5750s] tasks 5996/9577  nodes 1.837e+10 (3.4M/s)  sols 10  cl 14 2c 2631579 dv 90999 fb 0 wn 0
[5755s] tasks 5996/9577  nodes 1.838e+10 (3.6M/s)  sols 10  cl 14 2c 2638042 dv 91063 fb 0 wn 0
[5760s] tasks 5996/9577  nodes 1.840e+10 (3.5M/s)  sols 10  cl 14 2c 2641377 dv 91138 fb 0 wn 0
[5765s] tasks 5996/9577  nodes 1.842e+10 (3.1M/s)  sols 10  cl 14 2c 2647166 dv 91215 fb 0 wn 0
[5770s] tasks 5996/9577  nodes 1.843e+10 (3.2M/s)  sols 10  cl 14 2c 2653838 dv 91277 fb 0 wn 0
[5775s] tasks 5996/9577  nodes 1.845e+10 (3.2M/s)  sols 10  cl 14 2c 2659423 dv 91345 fb 0 wn 0
[5780s] tasks 5996/9577  nodes 1.847e+10 (3.1M/s)  sols 10  cl 14 2c 2666226 dv 91408 fb 0 wn 0
[5785s] tasks 5996/9577  nodes 1.848e+10 (3.3M/s)  sols 10  cl 14 2c 2672310 dv 91465 fb 0 wn 0
[5790s] tasks 5996/9577  nodes 1.850e+10 (2.9M/s)  sols 10  cl 14 2c 2677750 dv 91553 fb 0 wn 0
[5795s] tasks 5996/9577  nodes 1.851e+10 (3.0M/s)  sols 10  cl 14 2c 2683504 dv 91641 fb 0 wn 0
[5800s] tasks 5996/9577  nodes 1.853e+10 (3.3M/s)  sols 10  cl 14 2c 2688708 dv 91712 fb 0 wn 0
[5805s] tasks 5996/9577  nodes 1.854e+10 (3.2M/s)  sols 10  cl 14 2c 2693692 dv 91792 fb 0 wn 0
[5810s] tasks 5996/9577  nodes 1.856e+10 (3.1M/s)  sols 10  cl 14 2c 2698189 dv 91862 fb 0 wn 0
[5815s] tasks 5997/9577  nodes 1.858e+10 (3.2M/s)  sols 10  cl 14 2c 2703830 dv 91910 fb 0 wn 0
[5820s] tasks 5997/9577  nodes 1.859e+10 (3.2M/s)  sols 10  cl 14 2c 2708115 dv 91983 fb 0 wn 0
[5826s] tasks 5997/9577  nodes 1.861e+10 (2.6M/s)  sols 10  cl 14 2c 2714444 dv 92043 fb 0 wn 0
[5831s] tasks 5997/9577  nodes 1.862e+10 (2.8M/s)  sols 10  cl 14 2c 2722760 dv 92104 fb 0 wn 0
[5836s] tasks 5997/9577  nodes 1.864e+10 (3.2M/s)  sols 10  cl 14 2c 2730600 dv 92163 fb 0 wn 0
[5841s] tasks 5997/9577  nodes 1.865e+10 (3.0M/s)  sols 10  cl 14 2c 2741436 dv 92224 fb 0 wn 0
[5846s] tasks 5997/9577  nodes 1.867e+10 (3.3M/s)  sols 10  cl 14 2c 2748466 dv 92273 fb 0 wn 0
[5851s] tasks 5997/9577  nodes 1.869e+10 (3.5M/s)  sols 10  cl 14 2c 2754396 dv 92351 fb 0 wn 0
[5856s] tasks 5997/9577  nodes 1.870e+10 (3.3M/s)  sols 10  cl 14 2c 2762628 dv 92416 fb 0 wn 0
[5861s] tasks 6025/9577  nodes 1.872e+10 (3.5M/s)  sols 10  cl 14 2c 2768798 dv 92474 fb 0 wn 0
[5866s] tasks 6025/9577  nodes 1.874e+10 (3.3M/s)  sols 10  cl 14 2c 2778521 dv 92540 fb 0 wn 0
[5871s] tasks 6028/9577  nodes 1.875e+10 (3.3M/s)  sols 10  cl 14 2c 2786180 dv 92589 fb 0 wn 0
[5876s] tasks 6028/9577  nodes 1.877e+10 (3.3M/s)  sols 10  cl 14 2c 2794646 dv 92625 fb 0 wn 0
[5881s] tasks 6028/9577  nodes 1.879e+10 (3.5M/s)  sols 10  cl 14 2c 2798902 dv 92684 fb 0 wn 0
[5886s] tasks 6028/9577  nodes 1.881e+10 (3.7M/s)  sols 10  cl 14 2c 2803708 dv 92746 fb 0 wn 0
[5891s] tasks 6028/9577  nodes 1.882e+10 (3.4M/s)  sols 10  cl 14 2c 2806856 dv 92834 fb 0 wn 0
[5896s] tasks 6028/9577  nodes 1.884e+10 (3.4M/s)  sols 10  cl 14 2c 2812932 dv 92928 fb 0 wn 0
[5901s] tasks 6028/9577  nodes 1.886e+10 (3.4M/s)  sols 10  cl 14 2c 2819193 dv 93002 fb 0 wn 0
[5906s] tasks 6028/9577  nodes 1.887e+10 (3.1M/s)  sols 10  cl 14 2c 2823326 dv 93117 fb 0 wn 0
[5911s] tasks 6028/9577  nodes 1.889e+10 (3.0M/s)  sols 10  cl 14 2c 2826678 dv 93215 fb 0 wn 0
[5916s] tasks 6028/9577  nodes 1.890e+10 (3.2M/s)  sols 10  cl 14 2c 2831657 dv 93302 fb 0 wn 0
[5921s] tasks 6028/9577  nodes 1.892e+10 (2.7M/s)  sols 10  cl 14 2c 2834880 dv 93369 fb 0 wn 0
[5926s] tasks 6048/9577  nodes 1.893e+10 (3.2M/s)  sols 10  cl 14 2c 2839276 dv 93432 fb 0 wn 0
[5931s] tasks 6048/9577  nodes 1.895e+10 (3.1M/s)  sols 10  cl 14 2c 2845235 dv 93540 fb 0 wn 0
[5936s] tasks 6048/9577  nodes 1.896e+10 (3.0M/s)  sols 10  cl 14 2c 2849177 dv 93626 fb 0 wn 0
[5941s] tasks 6048/9577  nodes 1.898e+10 (3.2M/s)  sols 10  cl 14 2c 2851850 dv 93715 fb 0 wn 0
[5946s] tasks 6048/9577  nodes 1.900e+10 (3.3M/s)  sols 10  cl 14 2c 2853951 dv 93787 fb 0 wn 0
[5951s] tasks 6048/9577  nodes 1.901e+10 (3.2M/s)  sols 10  cl 14 2c 2856897 dv 93865 fb 0 wn 0
[5956s] tasks 6048/9577  nodes 1.903e+10 (3.2M/s)  sols 10  cl 14 2c 2861140 dv 93918 fb 0 wn 0
[5961s] tasks 6048/9577  nodes 1.904e+10 (3.1M/s)  sols 10  cl 14 2c 2865417 dv 93985 fb 0 wn 0
[5966s] tasks 6048/9577  nodes 1.906e+10 (3.2M/s)  sols 10  cl 14 2c 2869011 dv 94045 fb 0 wn 0
[5971s] tasks 6048/9577  nodes 1.908e+10 (3.4M/s)  sols 10  cl 14 2c 2873210 dv 94091 fb 0 wn 0
[5976s] tasks 6048/9577  nodes 1.909e+10 (3.4M/s)  sols 10  cl 14 2c 2876629 dv 94160 fb 0 wn 0
[5981s] tasks 6048/9577  nodes 1.911e+10 (3.4M/s)  sols 10  cl 14 2c 2879993 dv 94238 fb 0 wn 0
[5986s] tasks 6048/9577  nodes 1.913e+10 (3.4M/s)  sols 10  cl 14 2c 2884294 dv 94297 fb 0 wn 0
[5991s] tasks 6050/9577  nodes 1.914e+10 (3.6M/s)  sols 10  cl 14 2c 2889557 dv 94359 fb 0 wn 0
[5996s] tasks 6072/9577  nodes 1.916e+10 (3.7M/s)  sols 10  cl 14 2c 2893840 dv 94422 fb 0 wn 0
[6001s] tasks 6072/9577  nodes 1.918e+10 (3.6M/s)  sols 10  cl 14 2c 2896262 dv 94480 fb 0 wn 0
[6006s] tasks 6073/9577  nodes 1.920e+10 (3.5M/s)  sols 10  cl 14 2c 2900327 dv 94541 fb 0 wn 0
[6011s] tasks 6073/9577  nodes 1.921e+10 (3.0M/s)  sols 10  cl 14 2c 2907111 dv 94588 fb 0 wn 0
[6016s] tasks 6073/9577  nodes 1.923e+10 (3.4M/s)  sols 10  cl 14 2c 2911793 dv 94651 fb 0 wn 0
[6021s] tasks 6073/9577  nodes 1.925e+10 (3.6M/s)  sols 10  cl 14 2c 2914694 dv 94697 fb 0 wn 0
[6026s] tasks 6073/9577  nodes 1.926e+10 (3.3M/s)  sols 10  cl 14 2c 2920536 dv 94762 fb 0 wn 0
[6031s] tasks 6073/9577  nodes 1.928e+10 (3.3M/s)  sols 10  cl 14 2c 2931861 dv 94824 fb 0 wn 0
[6036s] tasks 6073/9577  nodes 1.930e+10 (3.5M/s)  sols 10  cl 14 2c 2940820 dv 94887 fb 0 wn 0
[6041s] tasks 6094/9577  nodes 1.932e+10 (3.4M/s)  sols 10  cl 14 2c 2951800 dv 94936 fb 0 wn 0
[6046s] tasks 6096/9577  nodes 1.933e+10 (3.4M/s)  sols 10  cl 14 2c 2956701 dv 95022 fb 0 wn 0
[6051s] tasks 6190/9577  nodes 1.935e+10 (3.3M/s)  sols 10  cl 14 2c 2962351 dv 95094 fb 0 wn 0
[6056s] tasks 6190/9577  nodes 1.937e+10 (3.3M/s)  sols 10  cl 14 2c 2967385 dv 95155 fb 0 wn 0
[6061s] tasks 6190/9577  nodes 1.938e+10 (3.3M/s)  sols 10  cl 14 2c 2970018 dv 95224 fb 0 wn 0
[6066s] tasks 6190/9577  nodes 1.940e+10 (3.3M/s)  sols 10  cl 14 2c 2975094 dv 95292 fb 0 wn 0
[6071s] tasks 6190/9577  nodes 1.942e+10 (3.3M/s)  sols 10  cl 14 2c 2980412 dv 95354 fb 0 wn 0
[6076s] tasks 6190/9577  nodes 1.943e+10 (3.4M/s)  sols 10  cl 14 2c 2985095 dv 95417 fb 0 wn 0
[6081s] tasks 6190/9577  nodes 1.945e+10 (3.4M/s)  sols 10  cl 14 2c 2993678 dv 95464 fb 0 wn 0
[6086s] tasks 6190/9577  nodes 1.947e+10 (3.6M/s)  sols 10  cl 14 2c 3001108 dv 95524 fb 0 wn 0
[6091s] tasks 6191/9577  nodes 1.949e+10 (3.6M/s)  sols 10  cl 14 2c 3004992 dv 95591 fb 0 wn 0
[6096s] tasks 6298/9577  nodes 1.950e+10 (3.7M/s)  sols 10  cl 14 2c 3010229 dv 95648 fb 0 wn 0
[6101s] tasks 6298/9577  nodes 1.952e+10 (2.9M/s)  sols 10  cl 14 2c 3013274 dv 95690 fb 0 wn 0
[6106s] tasks 6298/9577  nodes 1.954e+10 (3.4M/s)  sols 10  cl 14 2c 3016008 dv 95755 fb 0 wn 0
[6111s] tasks 6298/9577  nodes 1.955e+10 (3.5M/s)  sols 10  cl 14 2c 3020705 dv 95808 fb 0 wn 0
[6116s] tasks 6483/9577  nodes 1.957e+10 (3.6M/s)  sols 10  cl 14 2c 3025516 dv 95871 fb 0 wn 0
[6121s] tasks 6484/9577  nodes 1.959e+10 (3.2M/s)  sols 10  cl 14 2c 3030443 dv 95929 fb 0 wn 0
[6126s] tasks 6484/9577  nodes 1.960e+10 (3.2M/s)  sols 10  cl 14 2c 3034707 dv 95988 fb 0 wn 0
[6131s] tasks 6484/9577  nodes 1.962e+10 (3.3M/s)  sols 10  cl 14 2c 3038225 dv 96048 fb 0 wn 0
[6136s] tasks 6484/9577  nodes 1.964e+10 (3.5M/s)  sols 10  cl 14 2c 3040607 dv 96118 fb 0 wn 0
[6141s] tasks 6484/9577  nodes 1.965e+10 (3.6M/s)  sols 10  cl 14 2c 3043348 dv 96180 fb 0 wn 0
[6146s] tasks 6484/9577  nodes 1.967e+10 (3.7M/s)  sols 10  cl 14 2c 3046200 dv 96252 fb 0 wn 0
[6151s] tasks 6484/9577  nodes 1.969e+10 (3.3M/s)  sols 10  cl 14 2c 3048815 dv 96320 fb 0 wn 0
[6156s] tasks 6484/9577  nodes 1.971e+10 (3.3M/s)  sols 10  cl 14 2c 3052410 dv 96368 fb 0 wn 0
[6161s] tasks 6484/9577  nodes 1.972e+10 (3.3M/s)  sols 10  cl 14 2c 3054946 dv 96420 fb 0 wn 0
[6166s] tasks 6484/9577  nodes 1.974e+10 (3.1M/s)  sols 10  cl 14 2c 3058766 dv 96479 fb 0 wn 0
[6171s] tasks 6484/9577  nodes 1.975e+10 (3.1M/s)  sols 10  cl 14 2c 3064121 dv 96543 fb 0 wn 0
[6176s] tasks 6484/9577  nodes 1.977e+10 (3.3M/s)  sols 10  cl 14 2c 3067658 dv 96606 fb 0 wn 0
[6181s] tasks 6484/9577  nodes 1.979e+10 (3.4M/s)  sols 10  cl 14 2c 3073086 dv 96665 fb 0 wn 0
[6187s] tasks 6484/9577  nodes 1.980e+10 (2.7M/s)  sols 10  cl 14 2c 3079148 dv 96716 fb 0 wn 0
[6192s] tasks 6485/9577  nodes 1.982e+10 (3.2M/s)  sols 10  cl 14 2c 3085738 dv 96775 fb 0 wn 0
[6197s] tasks 6485/9577  nodes 1.984e+10 (3.3M/s)  sols 10  cl 14 2c 3089311 dv 96843 fb 0 wn 0
FOUND 1342989770695372800 = 3 11 13 16 17 25 41 43 49 81 256 257
[6202s] tasks 6485/9577  nodes 1.985e+10 (3.3M/s)  sols 11  cl 15 2c 3093058 dv 96926 fb 0 wn 0
[6207s] tasks 6485/9577  nodes 1.987e+10 (3.3M/s)  sols 11  cl 15 2c 3096997 dv 97002 fb 0 wn 0
[6212s] tasks 6485/9577  nodes 1.989e+10 (3.4M/s)  sols 11  cl 15 2c 3100489 dv 97063 fb 0 wn 0
[6217s] tasks 6485/9577  nodes 1.990e+10 (3.4M/s)  sols 11  cl 15 2c 3103742 dv 97132 fb 0 wn 0
[6222s] tasks 6486/9577  nodes 1.992e+10 (3.3M/s)  sols 11  cl 15 2c 3106381 dv 97199 fb 0 wn 0
[6227s] tasks 6486/9577  nodes 1.994e+10 (3.6M/s)  sols 11  cl 15 2c 3109610 dv 97271 fb 0 wn 0
[6232s] tasks 6486/9577  nodes 1.995e+10 (3.5M/s)  sols 11  cl 15 2c 3111996 dv 97328 fb 0 wn 0
[6237s] tasks 6486/9577  nodes 1.997e+10 (3.5M/s)  sols 11  cl 15 2c 3117298 dv 97397 fb 0 wn 0
[6242s] tasks 6486/9577  nodes 1.999e+10 (3.5M/s)  sols 11  cl 15 2c 3122433 dv 97449 fb 0 wn 0
[6247s] tasks 6486/9577  nodes 2.001e+10 (3.5M/s)  sols 11  cl 15 2c 3126554 dv 97509 fb 0 wn 0
[6252s] tasks 6487/9577  nodes 2.002e+10 (3.6M/s)  sols 11  cl 15 2c 3131843 dv 97566 fb 0 wn 0
[6257s] tasks 6487/9577  nodes 2.004e+10 (3.4M/s)  sols 11  cl 15 2c 3136549 dv 97634 fb 0 wn 0
[6262s] tasks 6488/9577  nodes 2.006e+10 (3.5M/s)  sols 11  cl 15 2c 3141656 dv 97687 fb 0 wn 0
[6267s] tasks 6488/9577  nodes 2.007e+10 (3.2M/s)  sols 11  cl 15 2c 3144919 dv 97783 fb 0 wn 0
[6272s] tasks 6489/9577  nodes 2.009e+10 (2.6M/s)  sols 11  cl 15 2c 3147338 dv 97872 fb 0 wn 0
[6277s] tasks 6490/9577  nodes 2.010e+10 (3.2M/s)  sols 11  cl 15 2c 3151190 dv 97940 fb 0 wn 0
[6282s] tasks 6490/9577  nodes 2.012e+10 (3.2M/s)  sols 11  cl 15 2c 3156177 dv 98016 fb 0 wn 0
[6287s] tasks 6490/9577  nodes 2.014e+10 (3.4M/s)  sols 11  cl 15 2c 3159222 dv 98080 fb 0 wn 0
[6292s] tasks 6490/9577  nodes 2.015e+10 (3.2M/s)  sols 11  cl 15 2c 3162650 dv 98156 fb 0 wn 0
[6297s] tasks 6490/9577  nodes 2.017e+10 (3.2M/s)  sols 11  cl 15 2c 3166726 dv 98239 fb 0 wn 0
[6302s] tasks 6490/9577  nodes 2.018e+10 (3.1M/s)  sols 11  cl 15 2c 3169534 dv 98312 fb 0 wn 0
[6307s] tasks 6490/9577  nodes 2.020e+10 (3.3M/s)  sols 11  cl 15 2c 3171264 dv 98369 fb 0 wn 0
[6312s] tasks 6490/9577  nodes 2.022e+10 (3.4M/s)  sols 11  cl 15 2c 3173672 dv 98438 fb 0 wn 0
[6317s] tasks 6491/9577  nodes 2.023e+10 (3.4M/s)  sols 11  cl 15 2c 3177201 dv 98497 fb 0 wn 0
[6322s] tasks 6491/9577  nodes 2.025e+10 (3.3M/s)  sols 11  cl 15 2c 3181281 dv 98560 fb 0 wn 0
[6327s] tasks 6491/9577  nodes 2.027e+10 (3.2M/s)  sols 11  cl 15 2c 3186324 dv 98624 fb 0 wn 0
[6332s] tasks 6491/9577  nodes 2.028e+10 (3.5M/s)  sols 11  cl 15 2c 3193145 dv 98678 fb 0 wn 0
[6337s] tasks 6492/9577  nodes 2.030e+10 (3.2M/s)  sols 11  cl 15 2c 3199570 dv 98779 fb 0 wn 0
[6342s] tasks 6492/9577  nodes 2.032e+10 (3.1M/s)  sols 11  cl 15 2c 3202589 dv 98878 fb 0 wn 0
[6347s] tasks 6492/9577  nodes 2.033e+10 (3.1M/s)  sols 11  cl 15 2c 3204934 dv 98969 fb 0 wn 0
[6352s] tasks 6492/9577  nodes 2.035e+10 (3.1M/s)  sols 11  cl 15 2c 3208997 dv 99068 fb 0 wn 0
[6357s] tasks 6492/9577  nodes 2.036e+10 (2.5M/s)  sols 11  cl 15 2c 3211076 dv 99130 fb 0 wn 0
[6362s] tasks 6492/9577  nodes 2.038e+10 (3.2M/s)  sols 11  cl 15 2c 3214093 dv 99212 fb 0 wn 0
[6367s] tasks 6493/9577  nodes 2.039e+10 (3.0M/s)  sols 11  cl 15 2c 3218703 dv 99288 fb 0 wn 0
[6372s] tasks 6493/9577  nodes 2.041e+10 (3.2M/s)  sols 11  cl 15 2c 3222400 dv 99358 fb 0 wn 0
[6377s] tasks 6493/9577  nodes 2.042e+10 (3.2M/s)  sols 11  cl 15 2c 3229887 dv 99435 fb 0 wn 0
[6382s] tasks 6493/9577  nodes 2.044e+10 (3.2M/s)  sols 11  cl 15 2c 3235167 dv 99507 fb 0 wn 0
[6387s] tasks 6493/9577  nodes 2.046e+10 (3.4M/s)  sols 11  cl 15 2c 3241726 dv 99559 fb 0 wn 0
[6392s] tasks 6493/9577  nodes 2.047e+10 (3.4M/s)  sols 11  cl 15 2c 3244048 dv 99621 fb 0 wn 0
[6397s] tasks 6494/9577  nodes 2.049e+10 (3.3M/s)  sols 11  cl 15 2c 3246658 dv 99695 fb 0 wn 0
[6402s] tasks 6494/9577  nodes 2.051e+10 (3.4M/s)  sols 11  cl 15 2c 3249750 dv 99753 fb 0 wn 0
[6407s] tasks 6494/9577  nodes 2.052e+10 (3.4M/s)  sols 11  cl 15 2c 3252924 dv 99802 fb 0 wn 0
[6412s] tasks 6495/9577  nodes 2.054e+10 (3.4M/s)  sols 11  cl 15 2c 3255571 dv 99870 fb 0 wn 0
[6417s] tasks 6496/9577  nodes 2.056e+10 (3.3M/s)  sols 11  cl 15 2c 3257929 dv 99932 fb 0 wn 0
[6422s] tasks 6497/9577  nodes 2.057e+10 (3.3M/s)  sols 11  cl 15 2c 3260929 dv 99984 fb 0 wn 0
[6427s] tasks 6497/9577  nodes 2.059e+10 (3.7M/s)  sols 11  cl 15 2c 3263656 dv 100041 fb 0 wn 0
[6432s] tasks 6499/9577  nodes 2.061e+10 (3.9M/s)  sols 11  cl 15 2c 3268535 dv 100077 fb 0 wn 0
[6437s] tasks 6557/9577  nodes 2.063e+10 (3.4M/s)  sols 11  cl 15 2c 3272990 dv 100138 fb 0 wn 0
[6442s] tasks 6562/9577  nodes 2.065e+10 (3.4M/s)  sols 11  cl 15 2c 3276213 dv 100218 fb 0 wn 0
[6447s] tasks 6562/9577  nodes 2.066e+10 (2.4M/s)  sols 11  cl 15 2c 3278643 dv 100287 fb 0 wn 0
[6452s] tasks 6562/9577  nodes 2.067e+10 (3.0M/s)  sols 11  cl 15 2c 3282523 dv 100359 fb 0 wn 0
[6457s] tasks 6565/9577  nodes 2.069e+10 (3.1M/s)  sols 11  cl 15 2c 3286695 dv 100435 fb 0 wn 0
[6462s] tasks 6565/9577  nodes 2.070e+10 (3.1M/s)  sols 11  cl 15 2c 3290660 dv 100520 fb 0 wn 0
[6467s] tasks 6565/9577  nodes 2.072e+10 (3.0M/s)  sols 11  cl 15 2c 3294242 dv 100572 fb 0 wn 0
[6472s] tasks 6565/9577  nodes 2.073e+10 (2.9M/s)  sols 11  cl 15 2c 3297937 dv 100650 fb 0 wn 0
[6477s] tasks 6565/9577  nodes 2.075e+10 (3.0M/s)  sols 11  cl 15 2c 3301979 dv 100733 fb 0 wn 0
[6482s] tasks 6565/9577  nodes 2.076e+10 (3.0M/s)  sols 11  cl 15 2c 3304315 dv 100842 fb 0 wn 0
[6487s] tasks 6566/9577  nodes 2.078e+10 (3.0M/s)  sols 11  cl 15 2c 3307514 dv 100916 fb 0 wn 0
[6492s] tasks 6567/9577  nodes 2.079e+10 (2.8M/s)  sols 11  cl 15 2c 3310462 dv 101003 fb 0 wn 0
[6497s] tasks 6567/9577  nodes 2.081e+10 (2.6M/s)  sols 11  cl 15 2c 3314086 dv 101089 fb 0 wn 0
[6502s] tasks 6567/9577  nodes 2.082e+10 (2.8M/s)  sols 11  cl 15 2c 3319102 dv 101174 fb 0 wn 0
[6507s] tasks 6567/9577  nodes 2.083e+10 (3.0M/s)  sols 11  cl 15 2c 3324119 dv 101232 fb 0 wn 0
[6512s] tasks 6567/9577  nodes 2.085e+10 (3.0M/s)  sols 11  cl 15 2c 3327995 dv 101313 fb 0 wn 0
[6517s] tasks 6567/9577  nodes 2.087e+10 (3.2M/s)  sols 11  cl 15 2c 3330918 dv 101383 fb 0 wn 0
[6522s] tasks 6567/9577  nodes 2.088e+10 (3.1M/s)  sols 11  cl 15 2c 3333349 dv 101465 fb 0 wn 0
[6527s] tasks 6567/9577  nodes 2.090e+10 (3.2M/s)  sols 11  cl 15 2c 3335796 dv 101529 fb 0 wn 0
[6532s] tasks 6567/9577  nodes 2.091e+10 (3.2M/s)  sols 11  cl 15 2c 3338660 dv 101618 fb 0 wn 0
[6537s] tasks 6567/9577  nodes 2.093e+10 (2.5M/s)  sols 11  cl 15 2c 3341090 dv 101674 fb 0 wn 0
[6542s] tasks 6567/9577  nodes 2.094e+10 (3.1M/s)  sols 11  cl 15 2c 3344643 dv 101746 fb 0 wn 0
[6547s] tasks 6567/9577  nodes 2.096e+10 (3.3M/s)  sols 11  cl 15 2c 3347892 dv 101817 fb 0 wn 0
[6552s] tasks 6567/9577  nodes 2.097e+10 (3.2M/s)  sols 11  cl 15 2c 3351803 dv 101900 fb 0 wn 0
[6557s] tasks 6567/9577  nodes 2.099e+10 (3.2M/s)  sols 11  cl 15 2c 3355403 dv 101967 fb 0 wn 0
[6562s] tasks 6567/9577  nodes 2.100e+10 (3.0M/s)  sols 11  cl 15 2c 3358475 dv 102036 fb 0 wn 0
[6567s] tasks 6567/9577  nodes 2.102e+10 (2.9M/s)  sols 11  cl 15 2c 3365318 dv 102093 fb 0 wn 0
[6572s] tasks 6567/9577  nodes 2.104e+10 (3.1M/s)  sols 11  cl 15 2c 3370590 dv 102174 fb 0 wn 0
[6577s] tasks 6567/9577  nodes 2.105e+10 (3.0M/s)  sols 11  cl 15 2c 3373656 dv 102253 fb 0 wn 0
[6582s] tasks 6567/9577  nodes 2.106e+10 (3.0M/s)  sols 11  cl 15 2c 3376833 dv 102338 fb 0 wn 0
[6587s] tasks 6567/9577  nodes 2.108e+10 (3.1M/s)  sols 11  cl 15 2c 3380812 dv 102407 fb 0 wn 0
[6592s] tasks 6567/9577  nodes 2.110e+10 (3.3M/s)  sols 11  cl 15 2c 3384931 dv 102465 fb 0 wn 0
[6597s] tasks 6567/9577  nodes 2.111e+10 (3.2M/s)  sols 11  cl 15 2c 3390882 dv 102527 fb 0 wn 0
[6602s] tasks 6567/9577  nodes 2.113e+10 (3.2M/s)  sols 11  cl 15 2c 3394990 dv 102597 fb 0 wn 0
[6607s] tasks 6567/9577  nodes 2.115e+10 (3.4M/s)  sols 11  cl 15 2c 3398707 dv 102662 fb 0 wn 0
[6612s] tasks 6568/9577  nodes 2.116e+10 (3.3M/s)  sols 11  cl 15 2c 3402378 dv 102721 fb 0 wn 0
[6617s] tasks 6568/9577  nodes 2.118e+10 (3.3M/s)  sols 11  cl 15 2c 3407823 dv 102788 fb 0 wn 0
[6622s] tasks 6568/9577  nodes 2.120e+10 (3.4M/s)  sols 11  cl 15 2c 3413297 dv 102847 fb 0 wn 0
[6627s] tasks 6569/9577  nodes 2.121e+10 (3.5M/s)  sols 11  cl 15 2c 3416803 dv 102919 fb 0 wn 0
[6632s] tasks 6569/9577  nodes 2.123e+10 (2.7M/s)  sols 11  cl 15 2c 3418408 dv 102968 fb 0 wn 0
[6637s] tasks 6569/9577  nodes 2.124e+10 (3.3M/s)  sols 11  cl 15 2c 3421846 dv 103041 fb 0 wn 0
[6642s] tasks 6570/9577  nodes 2.126e+10 (3.1M/s)  sols 11  cl 15 2c 3426314 dv 103108 fb 0 wn 0
[6647s] tasks 6570/9577  nodes 2.127e+10 (3.2M/s)  sols 11  cl 15 2c 3432019 dv 103189 fb 0 wn 0
[6652s] tasks 6570/9577  nodes 2.129e+10 (3.2M/s)  sols 11  cl 15 2c 3436936 dv 103252 fb 0 wn 0
[6657s] tasks 6570/9577  nodes 2.131e+10 (3.3M/s)  sols 11  cl 15 2c 3441349 dv 103311 fb 0 wn 0
[6662s] tasks 6570/9577  nodes 2.132e+10 (3.0M/s)  sols 11  cl 15 2c 3446868 dv 103375 fb 0 wn 0
[6667s] tasks 6570/9577  nodes 2.134e+10 (3.1M/s)  sols 11  cl 15 2c 3451828 dv 103439 fb 0 wn 0
[6672s] tasks 6570/9577  nodes 2.135e+10 (3.1M/s)  sols 11  cl 15 2c 3456921 dv 103516 fb 0 wn 0
[6677s] tasks 6570/9577  nodes 2.137e+10 (3.3M/s)  sols 11  cl 15 2c 3461783 dv 103567 fb 0 wn 0
[6682s] tasks 6570/9577  nodes 2.139e+10 (3.5M/s)  sols 11  cl 15 2c 3466486 dv 103624 fb 0 wn 0
[6687s] tasks 6570/9577  nodes 2.140e+10 (3.4M/s)  sols 11  cl 15 2c 3469637 dv 103705 fb 0 wn 0
[6692s] tasks 6570/9577  nodes 2.142e+10 (3.1M/s)  sols 11  cl 15 2c 3472981 dv 103761 fb 0 wn 0
[6697s] tasks 6570/9577  nodes 2.144e+10 (3.3M/s)  sols 11  cl 15 2c 3476839 dv 103825 fb 0 wn 0
[6702s] tasks 6570/9577  nodes 2.145e+10 (3.4M/s)  sols 11  cl 15 2c 3480278 dv 103879 fb 0 wn 0
[6707s] tasks 6570/9577  nodes 2.147e+10 (3.3M/s)  sols 11  cl 15 2c 3483867 dv 103953 fb 0 wn 0
[6712s] tasks 6571/9577  nodes 2.149e+10 (3.5M/s)  sols 11  cl 15 2c 3487551 dv 104039 fb 0 wn 0
[6717s] tasks 6572/9577  nodes 2.150e+10 (2.8M/s)  sols 11  cl 15 2c 3489869 dv 104092 fb 0 wn 0
[6722s] tasks 6572/9577  nodes 2.152e+10 (3.4M/s)  sols 11  cl 15 2c 3493053 dv 104157 fb 0 wn 0
[6727s] tasks 6572/9577  nodes 2.154e+10 (3.4M/s)  sols 11  cl 15 2c 3496072 dv 104228 fb 0 wn 0
[6732s] tasks 6572/9577  nodes 2.155e+10 (3.3M/s)  sols 11  cl 15 2c 3499870 dv 104311 fb 0 wn 0
[6737s] tasks 6572/9577  nodes 2.157e+10 (3.4M/s)  sols 11  cl 15 2c 3503639 dv 104370 fb 0 wn 0
[6742s] tasks 6572/9577  nodes 2.159e+10 (3.5M/s)  sols 11  cl 15 2c 3507687 dv 104439 fb 0 wn 0
[6747s] tasks 6572/9577  nodes 2.160e+10 (3.5M/s)  sols 11  cl 15 2c 3511339 dv 104513 fb 0 wn 0
[6752s] tasks 6573/9577  nodes 2.162e+10 (3.7M/s)  sols 11  cl 15 2c 3515208 dv 104577 fb 0 wn 0
[6757s] tasks 6573/9577  nodes 2.164e+10 (3.5M/s)  sols 11  cl 15 2c 3517670 dv 104648 fb 0 wn 0
[6762s] tasks 6573/9577  nodes 2.166e+10 (3.7M/s)  sols 11  cl 15 2c 3519842 dv 104718 fb 0 wn 0
[6767s] tasks 6573/9577  nodes 2.168e+10 (3.7M/s)  sols 11  cl 15 2c 3522400 dv 104798 fb 0 wn 0
[6772s] tasks 6613/9577  nodes 2.170e+10 (4.1M/s)  sols 11  cl 15 2c 3524595 dv 104860 fb 0 wn 0
[6777s] tasks 6613/9577  nodes 2.171e+10 (3.4M/s)  sols 11  cl 15 2c 3527117 dv 104945 fb 0 wn 0
[6782s] tasks 6613/9577  nodes 2.173e+10 (3.3M/s)  sols 11  cl 15 2c 3530289 dv 105022 fb 0 wn 0
[6787s] tasks 6614/9577  nodes 2.175e+10 (3.6M/s)  sols 11  cl 15 2c 3534352 dv 105069 fb 0 wn 0
[6792s] tasks 6614/9577  nodes 2.177e+10 (3.5M/s)  sols 11  cl 15 2c 3537679 dv 105143 fb 0 wn 0
[6797s] tasks 6614/9577  nodes 2.178e+10 (2.7M/s)  sols 11  cl 15 2c 3541822 dv 105183 fb 0 wn 0
[6802s] tasks 6614/9577  nodes 2.180e+10 (3.6M/s)  sols 11  cl 15 2c 3545902 dv 105250 fb 0 wn 0
[6807s] tasks 6617/9577  nodes 2.182e+10 (3.7M/s)  sols 11  cl 15 2c 3551544 dv 105300 fb 0 wn 0
[6812s] tasks 6617/9577  nodes 2.183e+10 (3.5M/s)  sols 11  cl 15 2c 3554043 dv 105356 fb 0 wn 0
[6817s] tasks 6617/9577  nodes 2.185e+10 (3.5M/s)  sols 11  cl 15 2c 3557093 dv 105438 fb 0 wn 0
[6822s] tasks 6619/9577  nodes 2.187e+10 (3.2M/s)  sols 11  cl 15 2c 3559039 dv 105507 fb 0 wn 0
[6827s] tasks 6619/9577  nodes 2.188e+10 (3.3M/s)  sols 11  cl 15 2c 3561249 dv 105572 fb 0 wn 0
[6832s] tasks 6619/9577  nodes 2.190e+10 (3.3M/s)  sols 11  cl 15 2c 3563617 dv 105631 fb 0 wn 0
[6837s] tasks 6619/9577  nodes 2.192e+10 (3.4M/s)  sols 11  cl 15 2c 3566306 dv 105698 fb 0 wn 0
[6842s] tasks 6619/9577  nodes 2.193e+10 (3.1M/s)  sols 11  cl 15 2c 3569798 dv 105768 fb 0 wn 0
[6847s] tasks 6619/9577  nodes 2.195e+10 (3.3M/s)  sols 11  cl 15 2c 3577008 dv 105828 fb 0 wn 0
[6852s] tasks 6619/9577  nodes 2.197e+10 (3.4M/s)  sols 11  cl 15 2c 3579521 dv 105909 fb 0 wn 0
[6857s] tasks 6619/9577  nodes 2.198e+10 (3.4M/s)  sols 11  cl 15 2c 3581893 dv 105972 fb 0 wn 0
[6862s] tasks 6619/9577  nodes 2.200e+10 (3.7M/s)  sols 11  cl 15 2c 3584664 dv 106031 fb 0 wn 0
[6867s] tasks 6621/9577  nodes 2.202e+10 (3.2M/s)  sols 11  cl 15 2c 3586820 dv 106103 fb 0 wn 0
[6872s] tasks 6621/9577  nodes 2.203e+10 (3.4M/s)  sols 11  cl 15 2c 3588655 dv 106190 fb 0 wn 0
[6877s] tasks 6622/9577  nodes 2.205e+10 (3.4M/s)  sols 11  cl 15 2c 3590995 dv 106246 fb 0 wn 0
[6882s] tasks 6622/9577  nodes 2.207e+10 (3.4M/s)  sols 11  cl 15 2c 3593079 dv 106328 fb 0 wn 0
[6887s] tasks 6622/9577  nodes 2.208e+10 (2.7M/s)  sols 11  cl 15 2c 3594803 dv 106377 fb 0 wn 0
[6892s] tasks 6622/9577  nodes 2.210e+10 (3.4M/s)  sols 11  cl 15 2c 3596677 dv 106445 fb 0 wn 0
[6897s] tasks 6622/9577  nodes 2.212e+10 (3.5M/s)  sols 11  cl 15 2c 3598093 dv 106519 fb 0 wn 0
[6902s] tasks 6622/9577  nodes 2.213e+10 (3.5M/s)  sols 11  cl 15 2c 3600478 dv 106608 fb 0 wn 0
[6907s] tasks 6622/9577  nodes 2.215e+10 (3.2M/s)  sols 11  cl 15 2c 3604078 dv 106679 fb 0 wn 0
[6912s] tasks 6622/9577  nodes 2.217e+10 (3.4M/s)  sols 11  cl 15 2c 3607626 dv 106750 fb 0 wn 0
[6917s] tasks 6622/9577  nodes 2.219e+10 (3.5M/s)  sols 11  cl 15 2c 3613272 dv 106812 fb 0 wn 0
[6922s] tasks 6622/9577  nodes 2.220e+10 (3.5M/s)  sols 11  cl 15 2c 3616418 dv 106886 fb 0 wn 0
[6927s] tasks 6622/9577  nodes 2.222e+10 (3.2M/s)  sols 11  cl 15 2c 3618895 dv 106971 fb 0 wn 0
[6932s] tasks 6622/9577  nodes 2.223e+10 (3.0M/s)  sols 11  cl 15 2c 3622019 dv 107061 fb 0 wn 0
[6937s] tasks 6622/9577  nodes 2.225e+10 (3.0M/s)  sols 11  cl 15 2c 3625591 dv 107161 fb 0 wn 0
[6942s] tasks 6623/9577  nodes 2.226e+10 (3.3M/s)  sols 11  cl 15 2c 3631783 dv 107244 fb 0 wn 0
[6947s] tasks 6623/9577  nodes 2.228e+10 (3.1M/s)  sols 11  cl 15 2c 3637611 dv 107383 fb 0 wn 0
[6952s] tasks 6623/9577  nodes 2.229e+10 (2.9M/s)  sols 11  cl 15 2c 3646783 dv 107516 fb 0 wn 0
[6957s] tasks 6623/9577  nodes 2.231e+10 (3.2M/s)  sols 11  cl 15 2c 3650552 dv 107579 fb 0 wn 0
[6962s] tasks 6625/9577  nodes 2.233e+10 (3.1M/s)  sols 11  cl 15 2c 3654557 dv 107668 fb 0 wn 0
[6967s] tasks 6625/9577  nodes 2.234e+10 (3.2M/s)  sols 11  cl 15 2c 3656088 dv 107748 fb 0 wn 0
[6972s] tasks 6625/9577  nodes 2.236e+10 (3.2M/s)  sols 11  cl 15 2c 3659286 dv 107841 fb 0 wn 0
[6977s] tasks 6625/9577  nodes 2.237e+10 (2.6M/s)  sols 11  cl 15 2c 3662132 dv 107893 fb 0 wn 0
[6982s] tasks 6626/9577  nodes 2.239e+10 (3.4M/s)  sols 11  cl 15 2c 3664873 dv 107987 fb 0 wn 0
[6987s] tasks 6627/9577  nodes 2.241e+10 (3.5M/s)  sols 11  cl 15 2c 3668024 dv 108060 fb 0 wn 0
[6992s] tasks 6660/9577  nodes 2.242e+10 (3.5M/s)  sols 11  cl 15 2c 3670188 dv 108121 fb 0 wn 0
[6997s] tasks 6660/9577  nodes 2.244e+10 (3.0M/s)  sols 11  cl 15 2c 3673181 dv 108211 fb 0 wn 0
[7002s] tasks 6664/9577  nodes 2.245e+10 (3.2M/s)  sols 11  cl 15 2c 3676518 dv 108287 fb 0 wn 0
[7007s] tasks 6664/9577  nodes 2.247e+10 (3.0M/s)  sols 11  cl 15 2c 3679982 dv 108355 fb 0 wn 0
[7012s] tasks 6666/9577  nodes 2.249e+10 (3.2M/s)  sols 11  cl 15 2c 3682883 dv 108436 fb 0 wn 0
[7017s] tasks 6666/9577  nodes 2.250e+10 (3.3M/s)  sols 11  cl 15 2c 3685715 dv 108509 fb 0 wn 0
[7022s] tasks 6666/9577  nodes 2.252e+10 (3.1M/s)  sols 11  cl 15 2c 3689142 dv 108582 fb 0 wn 0
[7027s] tasks 6666/9577  nodes 2.253e+10 (3.2M/s)  sols 11  cl 15 2c 3691352 dv 108669 fb 0 wn 0
[7032s] tasks 6666/9577  nodes 2.255e+10 (3.5M/s)  sols 11  cl 15 2c 3692633 dv 108747 fb 0 wn 0
[7037s] tasks 6666/9577  nodes 2.257e+10 (3.4M/s)  sols 11  cl 15 2c 3694351 dv 108840 fb 0 wn 0
[7042s] tasks 6667/9577  nodes 2.258e+10 (3.0M/s)  sols 11  cl 15 2c 3696785 dv 108939 fb 0 wn 0
[7047s] tasks 6667/9577  nodes 2.260e+10 (3.1M/s)  sols 11  cl 15 2c 3699284 dv 109022 fb 0 wn 0
[7052s] tasks 6668/9577  nodes 2.261e+10 (3.1M/s)  sols 11  cl 15 2c 3701271 dv 109117 fb 0 wn 0
[7057s] tasks 6668/9577  nodes 2.263e+10 (3.4M/s)  sols 11  cl 15 2c 3702493 dv 109207 fb 0 wn 0
[7062s] tasks 6668/9577  nodes 2.264e+10 (2.6M/s)  sols 11  cl 15 2c 3703574 dv 109266 fb 0 wn 0
[7067s] tasks 6669/9577  nodes 2.266e+10 (3.5M/s)  sols 11  cl 15 2c 3705458 dv 109332 fb 0 wn 0
[7072s] tasks 6669/9577  nodes 2.268e+10 (3.6M/s)  sols 11  cl 15 2c 3707219 dv 109399 fb 0 wn 0
[7077s] tasks 6670/9577  nodes 2.270e+10 (3.6M/s)  sols 11  cl 15 2c 3708348 dv 109476 fb 0 wn 0
[7082s] tasks 6698/9577  nodes 2.272e+10 (3.7M/s)  sols 11  cl 15 2c 3710108 dv 109554 fb 0 wn 0
[7087s] tasks 6703/9577  nodes 2.273e+10 (3.6M/s)  sols 11  cl 15 2c 3711848 dv 109643 fb 0 wn 0
[7092s] tasks 6703/9577  nodes 2.275e+10 (3.3M/s)  sols 11  cl 15 2c 3713388 dv 109723 fb 0 wn 0
[7097s] tasks 6703/9577  nodes 2.277e+10 (3.4M/s)  sols 11  cl 15 2c 3714682 dv 109814 fb 0 wn 0
[7102s] tasks 6703/9577  nodes 2.278e+10 (3.4M/s)  sols 11  cl 15 2c 3717387 dv 109889 fb 0 wn 0
[7107s] tasks 6703/9577  nodes 2.280e+10 (3.5M/s)  sols 11  cl 15 2c 3721493 dv 109942 fb 0 wn 0
[7112s] tasks 6703/9577  nodes 2.282e+10 (3.7M/s)  sols 11  cl 15 2c 3724534 dv 109995 fb 0 wn 0
[7117s] tasks 6704/9577  nodes 2.284e+10 (3.7M/s)  sols 11  cl 15 2c 3726223 dv 110076 fb 0 wn 0
[7122s] tasks 6705/9577  nodes 2.286e+10 (3.4M/s)  sols 11  cl 15 2c 3728011 dv 110171 fb 0 wn 0
[7127s] tasks 6705/9577  nodes 2.287e+10 (3.3M/s)  sols 11  cl 15 2c 3729923 dv 110245 fb 0 wn 0
[7132s] tasks 6705/9577  nodes 2.289e+10 (3.7M/s)  sols 11  cl 15 2c 3731510 dv 110307 fb 0 wn 0
[7137s] tasks 6705/9577  nodes 2.291e+10 (3.3M/s)  sols 11  cl 15 2c 3732965 dv 110402 fb 0 wn 0
[7142s] tasks 6705/9577  nodes 2.293e+10 (3.6M/s)  sols 11  cl 15 2c 3734138 dv 110474 fb 0 wn 0
[7147s] tasks 6706/9577  nodes 2.294e+10 (2.9M/s)  sols 11  cl 15 2c 3735538 dv 110530 fb 0 wn 0
[7152s] tasks 6706/9577  nodes 2.296e+10 (3.6M/s)  sols 11  cl 15 2c 3738739 dv 110608 fb 0 wn 0
[7157s] tasks 6706/9577  nodes 2.298e+10 (3.5M/s)  sols 11  cl 15 2c 3741411 dv 110659 fb 0 wn 0
[7162s] tasks 6706/9577  nodes 2.299e+10 (3.6M/s)  sols 11  cl 15 2c 3745710 dv 110726 fb 0 wn 0
[7167s] tasks 6706/9577  nodes 2.301e+10 (3.8M/s)  sols 11  cl 15 2c 3747629 dv 110779 fb 0 wn 0
[7172s] tasks 6707/9577  nodes 2.303e+10 (3.8M/s)  sols 11  cl 15 2c 3749949 dv 110843 fb 0 wn 0
[7177s] tasks 6735/9577  nodes 2.305e+10 (3.6M/s)  sols 11  cl 15 2c 3753203 dv 110895 fb 0 wn 0
[7182s] tasks 6735/9577  nodes 2.307e+10 (3.7M/s)  sols 11  cl 15 2c 3755898 dv 110961 fb 0 wn 0
[7187s] tasks 6735/9577  nodes 2.309e+10 (3.8M/s)  sols 11  cl 15 2c 3759222 dv 111016 fb 0 wn 0
[7192s] tasks 6736/9577  nodes 2.310e+10 (3.6M/s)  sols 11  cl 15 2c 3765145 dv 111068 fb 0 wn 0
[7197s] tasks 6736/9577  nodes 2.312e+10 (3.8M/s)  sols 11  cl 15 2c 3771132 dv 111127 fb 0 wn 0
[7202s] tasks 6736/9577  nodes 2.314e+10 (3.7M/s)  sols 11  cl 15 2c 3776341 dv 111210 fb 0 wn 0
[7207s] tasks 6736/9577  nodes 2.316e+10 (3.8M/s)  sols 11  cl 15 2c 3780473 dv 111262 fb 0 wn 0
[7212s] tasks 6759/9577  nodes 2.318e+10 (3.8M/s)  sols 11  cl 15 2c 3784351 dv 111311 fb 0 wn 0
[7217s] tasks 6763/9577  nodes 2.320e+10 (3.7M/s)  sols 11  cl 15 2c 3787424 dv 111388 fb 0 wn 0
[7222s] tasks 6763/9577  nodes 2.322e+10 (3.5M/s)  sols 11  cl 15 2c 3795067 dv 111459 fb 0 wn 0
[7227s] tasks 6907/9577  nodes 2.323e+10 (3.8M/s)  sols 11  cl 15 2c 3798498 dv 111515 fb 0 wn 0
[7232s] tasks 6907/9577  nodes 2.325e+10 (2.6M/s)  sols 11  cl 15 2c 3799974 dv 111558 fb 0 wn 0
[7237s] tasks 6907/9577  nodes 2.327e+10 (3.5M/s)  sols 11  cl 15 2c 3801241 dv 111622 fb 0 wn 0
[7242s] tasks 6907/9577  nodes 2.328e+10 (3.5M/s)  sols 11  cl 15 2c 3803153 dv 111685 fb 0 wn 0
[7247s] tasks 6908/9577  nodes 2.330e+10 (3.4M/s)  sols 11  cl 15 2c 3804390 dv 111741 fb 0 wn 0
[7252s] tasks 6909/9577  nodes 2.332e+10 (3.2M/s)  sols 11  cl 15 2c 3805621 dv 111830 fb 0 wn 0
[7257s] tasks 6909/9577  nodes 2.333e+10 (3.3M/s)  sols 11  cl 15 2c 3808147 dv 111902 fb 0 wn 0
[7262s] tasks 6909/9577  nodes 2.335e+10 (3.1M/s)  sols 11  cl 15 2c 3811360 dv 111977 fb 0 wn 0
[7267s] tasks 6909/9577  nodes 2.336e+10 (2.9M/s)  sols 11  cl 15 2c 3814864 dv 112061 fb 0 wn 0
[7272s] tasks 6910/9577  nodes 2.338e+10 (3.1M/s)  sols 11  cl 15 2c 3817775 dv 112147 fb 0 wn 0
[7277s] tasks 6910/9577  nodes 2.339e+10 (3.3M/s)  sols 11  cl 15 2c 3818901 dv 112247 fb 0 wn 0
[7282s] tasks 6911/9577  nodes 2.341e+10 (2.9M/s)  sols 11  cl 15 2c 3821130 dv 112331 fb 0 wn 0
[7287s] tasks 6911/9577  nodes 2.342e+10 (3.0M/s)  sols 11  cl 15 2c 3823343 dv 112401 fb 0 wn 0
[7292s] tasks 6911/9577  nodes 2.344e+10 (3.1M/s)  sols 11  cl 15 2c 3825478 dv 112500 fb 0 wn 0
[7297s] tasks 6911/9577  nodes 2.346e+10 (3.1M/s)  sols 11  cl 15 2c 3827848 dv 112570 fb 0 wn 0
[7302s] tasks 6911/9577  nodes 2.347e+10 (3.1M/s)  sols 11  cl 15 2c 3829391 dv 112646 fb 0 wn 0
[7307s] tasks 6911/9577  nodes 2.349e+10 (3.2M/s)  sols 11  cl 15 2c 3830529 dv 112737 fb 0 wn 0
[7312s] tasks 6911/9577  nodes 2.350e+10 (3.2M/s)  sols 11  cl 15 2c 3832557 dv 112824 fb 0 wn 0
[7317s] tasks 6911/9577  nodes 2.352e+10 (2.6M/s)  sols 11  cl 15 2c 3835450 dv 112884 fb 0 wn 0
[7322s] tasks 6911/9577  nodes 2.353e+10 (3.3M/s)  sols 11  cl 15 2c 3836765 dv 112966 fb 0 wn 0
[7327s] tasks 6911/9577  nodes 2.355e+10 (3.4M/s)  sols 11  cl 15 2c 3837818 dv 113043 fb 0 wn 0
[7332s] tasks 6911/9577  nodes 2.357e+10 (3.6M/s)  sols 11  cl 15 2c 3838846 dv 113090 fb 0 wn 0
[7337s] tasks 6912/9577  nodes 2.358e+10 (3.4M/s)  sols 11  cl 15 2c 3839807 dv 113163 fb 0 wn 0
[7342s] tasks 6912/9577  nodes 2.360e+10 (3.3M/s)  sols 11  cl 15 2c 3840741 dv 113233 fb 0 wn 0
[7347s] tasks 6912/9577  nodes 2.362e+10 (3.4M/s)  sols 11  cl 15 2c 3841875 dv 113306 fb 0 wn 0
[7352s] tasks 6913/9577  nodes 2.363e+10 (3.4M/s)  sols 11  cl 15 2c 3843230 dv 113389 fb 0 wn 0
[7357s] tasks 6913/9577  nodes 2.365e+10 (3.3M/s)  sols 11  cl 15 2c 3844175 dv 113457 fb 0 wn 0
[7362s] tasks 6913/9577  nodes 2.367e+10 (3.4M/s)  sols 11  cl 15 2c 3845537 dv 113539 fb 0 wn 0
[7367s] tasks 6913/9577  nodes 2.369e+10 (3.6M/s)  sols 11  cl 15 2c 3847293 dv 113605 fb 0 wn 0
[7372s] tasks 6913/9577  nodes 2.370e+10 (3.2M/s)  sols 11  cl 15 2c 3848335 dv 113688 fb 0 wn 0
[7377s] tasks 6913/9577  nodes 2.372e+10 (3.2M/s)  sols 11  cl 15 2c 3849678 dv 113764 fb 0 wn 0
[7382s] tasks 6913/9577  nodes 2.374e+10 (3.4M/s)  sols 11  cl 15 2c 3851278 dv 113857 fb 0 wn 0
[7387s] tasks 6913/9577  nodes 2.375e+10 (3.3M/s)  sols 11  cl 15 2c 3853060 dv 113926 fb 0 wn 0
[7392s] tasks 6913/9577  nodes 2.377e+10 (3.3M/s)  sols 11  cl 15 2c 3854523 dv 114004 fb 0 wn 0
[7397s] tasks 6913/9577  nodes 2.379e+10 (3.3M/s)  sols 11  cl 15 2c 3855975 dv 114077 fb 0 wn 0
[7402s] tasks 6913/9577  nodes 2.380e+10 (2.7M/s)  sols 11  cl 15 2c 3856837 dv 114135 fb 0 wn 0
[7407s] tasks 6913/9577  nodes 2.382e+10 (3.5M/s)  sols 11  cl 15 2c 3858275 dv 114207 fb 0 wn 0
[7412s] tasks 6913/9577  nodes 2.383e+10 (3.5M/s)  sols 11  cl 15 2c 3859825 dv 114277 fb 0 wn 0
[7417s] tasks 6914/9577  nodes 2.385e+10 (3.5M/s)  sols 11  cl 15 2c 3861239 dv 114356 fb 0 wn 0
[7422s] tasks 6915/9577  nodes 2.387e+10 (3.2M/s)  sols 11  cl 15 2c 3863135 dv 114420 fb 0 wn 0
[7427s] tasks 6915/9577  nodes 2.388e+10 (3.4M/s)  sols 11  cl 15 2c 3865639 dv 114483 fb 0 wn 0
[7432s] tasks 6915/9577  nodes 2.390e+10 (3.5M/s)  sols 11  cl 15 2c 3868194 dv 114581 fb 0 wn 0
[7437s] tasks 6915/9577  nodes 2.392e+10 (3.2M/s)  sols 11  cl 15 2c 3870196 dv 114666 fb 0 wn 0
[7442s] tasks 6916/9577  nodes 2.394e+10 (3.4M/s)  sols 11  cl 15 2c 3873406 dv 114733 fb 0 wn 0
[7447s] tasks 6916/9577  nodes 2.395e+10 (3.4M/s)  sols 11  cl 15 2c 3875695 dv 114804 fb 0 wn 0
[7452s] tasks 6917/9577  nodes 2.397e+10 (3.5M/s)  sols 11  cl 15 2c 3877941 dv 114864 fb 0 wn 0
[7457s] tasks 6963/9577  nodes 2.399e+10 (3.6M/s)  sols 11  cl 15 2c 3879036 dv 114961 fb 0 wn 0
[7462s] tasks 6963/9577  nodes 2.400e+10 (3.1M/s)  sols 11  cl 15 2c 3881839 dv 115019 fb 0 wn 0
[7467s] tasks 6963/9577  nodes 2.402e+10 (3.3M/s)  sols 11  cl 15 2c 3884399 dv 115116 fb 0 wn 0
[7472s] tasks 6964/9577  nodes 2.404e+10 (3.4M/s)  sols 11  cl 15 2c 3887149 dv 115182 fb 0 wn 0
[7477s] tasks 6964/9577  nodes 2.405e+10 (3.1M/s)  sols 11  cl 15 2c 3890015 dv 115257 fb 0 wn 0
[7482s] tasks 6964/9577  nodes 2.407e+10 (3.3M/s)  sols 11  cl 15 2c 3894252 dv 115331 fb 0 wn 0
[7487s] tasks 6964/9577  nodes 2.409e+10 (3.3M/s)  sols 11  cl 15 2c 3896520 dv 115409 fb 0 wn 0
[7492s] tasks 6964/9577  nodes 2.410e+10 (2.6M/s)  sols 11  cl 15 2c 3899723 dv 115457 fb 0 wn 0
[7497s] tasks 6964/9577  nodes 2.412e+10 (3.3M/s)  sols 11  cl 15 2c 3902787 dv 115516 fb 0 wn 0
[7502s] tasks 6964/9577  nodes 2.413e+10 (3.2M/s)  sols 11  cl 15 2c 3904108 dv 115578 fb 0 wn 0
[7507s] tasks 6968/9577  nodes 2.415e+10 (3.2M/s)  sols 11  cl 15 2c 3905731 dv 115664 fb 0 wn 0
[7512s] tasks 6968/9577  nodes 2.416e+10 (2.9M/s)  sols 11  cl 15 2c 3907877 dv 115754 fb 0 wn 0
[7517s] tasks 6968/9577  nodes 2.418e+10 (3.2M/s)  sols 11  cl 15 2c 3910270 dv 115824 fb 0 wn 0
[7522s] tasks 6968/9577  nodes 2.419e+10 (3.2M/s)  sols 11  cl 15 2c 3912268 dv 115881 fb 0 wn 0
[7527s] tasks 6968/9577  nodes 2.421e+10 (3.3M/s)  sols 11  cl 15 2c 3913318 dv 115961 fb 0 wn 0
[7532s] tasks 6968/9577  nodes 2.423e+10 (3.2M/s)  sols 11  cl 15 2c 3914632 dv 116027 fb 0 wn 0
[7537s] tasks 6968/9577  nodes 2.424e+10 (3.3M/s)  sols 11  cl 15 2c 3917167 dv 116092 fb 0 wn 0
[7542s] tasks 6971/9577  nodes 2.426e+10 (3.1M/s)  sols 11  cl 15 2c 3920268 dv 116166 fb 0 wn 0
[7547s] tasks 6971/9577  nodes 2.428e+10 (3.2M/s)  sols 11  cl 15 2c 3922665 dv 116234 fb 0 wn 0
[7552s] tasks 6972/9577  nodes 2.429e+10 (3.3M/s)  sols 11  cl 15 2c 3924788 dv 116298 fb 0 wn 0
[7557s] tasks 6973/9577  nodes 2.431e+10 (3.4M/s)  sols 11  cl 15 2c 3926601 dv 116368 fb 0 wn 0
[7562s] tasks 7007/9577  nodes 2.433e+10 (3.4M/s)  sols 11  cl 15 2c 3927880 dv 116434 fb 0 wn 0
[7567s] tasks 7007/9577  nodes 2.434e+10 (3.2M/s)  sols 11  cl 15 2c 3929661 dv 116506 fb 0 wn 0
[7573s] tasks 7007/9577  nodes 2.436e+10 (2.6M/s)  sols 11  cl 15 2c 3931695 dv 116579 fb 0 wn 0
[7578s] tasks 7007/9577  nodes 2.437e+10 (3.5M/s)  sols 11  cl 15 2c 3933499 dv 116644 fb 0 wn 0
[7583s] tasks 7008/9577  nodes 2.439e+10 (3.5M/s)  sols 11  cl 15 2c 3935004 dv 116704 fb 0 wn 0
[7588s] tasks 7008/9577  nodes 2.441e+10 (3.6M/s)  sols 11  cl 15 2c 3936734 dv 116763 fb 0 wn 0
[7593s] tasks 7009/9577  nodes 2.443e+10 (3.5M/s)  sols 11  cl 15 2c 3937773 dv 116840 fb 0 wn 0
[7598s] tasks 7010/9577  nodes 2.445e+10 (3.6M/s)  sols 11  cl 15 2c 3938803 dv 116894 fb 0 wn 0
[7603s] tasks 7010/9577  nodes 2.446e+10 (3.5M/s)  sols 11  cl 15 2c 3939784 dv 116977 fb 0 wn 0
[7608s] tasks 7010/9577  nodes 2.448e+10 (3.7M/s)  sols 11  cl 15 2c 3940720 dv 117046 fb 0 wn 0
[7613s] tasks 7010/9577  nodes 2.450e+10 (3.6M/s)  sols 11  cl 15 2c 3941464 dv 117122 fb 0 wn 0
[7618s] tasks 7010/9577  nodes 2.452e+10 (3.2M/s)  sols 11  cl 15 2c 3943064 dv 117195 fb 0 wn 0
[7623s] tasks 7010/9577  nodes 2.453e+10 (3.3M/s)  sols 11  cl 15 2c 3944500 dv 117270 fb 0 wn 0
[7628s] tasks 7010/9577  nodes 2.455e+10 (3.2M/s)  sols 11  cl 15 2c 3945744 dv 117347 fb 0 wn 0
[7633s] tasks 7010/9577  nodes 2.456e+10 (3.2M/s)  sols 11  cl 15 2c 3947932 dv 117429 fb 0 wn 0
[7638s] tasks 7010/9577  nodes 2.458e+10 (3.3M/s)  sols 11  cl 15 2c 3950535 dv 117511 fb 0 wn 0
[7643s] tasks 7011/9577  nodes 2.460e+10 (3.4M/s)  sols 11  cl 15 2c 3952569 dv 117585 fb 0 wn 0
[7648s] tasks 7012/9577  nodes 2.461e+10 (3.5M/s)  sols 11  cl 15 2c 3955607 dv 117665 fb 0 wn 0
[7653s] tasks 7013/9577  nodes 2.463e+10 (3.5M/s)  sols 11  cl 15 2c 3957929 dv 117738 fb 0 wn 0
[7658s] tasks 7041/9577  nodes 2.465e+10 (3.3M/s)  sols 11  cl 15 2c 3961353 dv 117834 fb 0 wn 0
[7664s] tasks 7041/9577  nodes 2.467e+10 (2.9M/s)  sols 11  cl 15 2c 3964617 dv 117893 fb 0 wn 0
[7669s] tasks 7041/9577  nodes 2.468e+10 (3.7M/s)  sols 11  cl 15 2c 3968922 dv 117952 fb 0 wn 0
[7674s] tasks 7047/9577  nodes 2.470e+10 (3.8M/s)  sols 11  cl 15 2c 3972181 dv 118016 fb 0 wn 0
[7679s] tasks 7048/9577  nodes 2.472e+10 (3.6M/s)  sols 11  cl 15 2c 3974912 dv 118095 fb 0 wn 0
[7684s] tasks 7048/9577  nodes 2.474e+10 (3.3M/s)  sols 11  cl 15 2c 3976840 dv 118167 fb 0 wn 0
[7689s] tasks 7048/9577  nodes 2.475e+10 (3.1M/s)  sols 11  cl 15 2c 3978750 dv 118252 fb 0 wn 0
[7694s] tasks 7048/9577  nodes 2.477e+10 (3.1M/s)  sols 11  cl 15 2c 3981079 dv 118333 fb 0 wn 0
[7699s] tasks 7049/9577  nodes 2.478e+10 (3.3M/s)  sols 11  cl 15 2c 3983744 dv 118401 fb 0 wn 0
[7704s] tasks 7050/9577  nodes 2.480e+10 (3.2M/s)  sols 11  cl 15 2c 3985948 dv 118479 fb 0 wn 0
[7709s] tasks 7050/9577  nodes 2.482e+10 (3.2M/s)  sols 11  cl 15 2c 3994541 dv 118552 fb 0 wn 0
[7714s] tasks 7050/9577  nodes 2.483e+10 (3.3M/s)  sols 11  cl 15 2c 4001831 dv 118628 fb 0 wn 0
[7719s] tasks 7072/9577  nodes 2.485e+10 (3.3M/s)  sols 11  cl 15 2c 4008604 dv 118692 fb 0 wn 0
[7724s] tasks 7074/9577  nodes 2.487e+10 (3.1M/s)  sols 11  cl 15 2c 4014546 dv 118763 fb 0 wn 0
[7729s] tasks 7074/9577  nodes 2.488e+10 (3.1M/s)  sols 11  cl 15 2c 4019066 dv 118862 fb 0 wn 0
[7734s] tasks 7074/9577  nodes 2.490e+10 (3.4M/s)  sols 11  cl 15 2c 4021667 dv 118930 fb 0 wn 0
[7739s] tasks 7074/9577  nodes 2.491e+10 (3.1M/s)  sols 11  cl 15 2c 4025859 dv 118990 fb 0 wn 0
[7744s] tasks 7074/9577  nodes 2.493e+10 (3.1M/s)  sols 11  cl 15 2c 4029885 dv 119060 fb 0 wn 0
[7749s] tasks 7074/9577  nodes 2.494e+10 (3.1M/s)  sols 11  cl 15 2c 4033895 dv 119140 fb 0 wn 0
[7754s] tasks 7074/9577  nodes 2.496e+10 (2.6M/s)  sols 11  cl 15 2c 4038425 dv 119183 fb 0 wn 0
[7759s] tasks 7074/9577  nodes 2.497e+10 (3.2M/s)  sols 11  cl 15 2c 4046882 dv 119244 fb 0 wn 0
[7764s] tasks 7074/9577  nodes 2.499e+10 (3.4M/s)  sols 11  cl 15 2c 4050573 dv 119311 fb 0 wn 0
[7769s] tasks 7074/9577  nodes 2.501e+10 (3.6M/s)  sols 11  cl 15 2c 4054498 dv 119366 fb 0 wn 0
[7774s] tasks 7077/9577  nodes 2.503e+10 (3.5M/s)  sols 11  cl 15 2c 4057337 dv 119428 fb 0 wn 0
[7779s] tasks 7077/9577  nodes 2.504e+10 (3.1M/s)  sols 11  cl 15 2c 4060961 dv 119500 fb 0 wn 0
[7784s] tasks 7077/9577  nodes 2.506e+10 (3.3M/s)  sols 11  cl 15 2c 4065942 dv 119564 fb 0 wn 0
[7789s] tasks 7077/9577  nodes 2.508e+10 (3.5M/s)  sols 11  cl 15 2c 4070562 dv 119621 fb 0 wn 0
[7794s] tasks 7077/9577  nodes 2.509e+10 (3.4M/s)  sols 11  cl 15 2c 4076172 dv 119685 fb 0 wn 0
[7799s] tasks 7078/9577  nodes 2.511e+10 (3.4M/s)  sols 11  cl 15 2c 4085729 dv 119751 fb 0 wn 0
[7804s] tasks 7078/9577  nodes 2.513e+10 (3.4M/s)  sols 11  cl 15 2c 4102396 dv 119815 fb 0 wn 0
[7809s] tasks 7100/9577  nodes 2.514e+10 (3.4M/s)  sols 11  cl 15 2c 4114990 dv 119868 fb 0 wn 0
[7814s] tasks 7100/9577  nodes 2.516e+10 (3.3M/s)  sols 11  cl 15 2c 4122174 dv 119958 fb 0 wn 0
[7819s] tasks 7100/9577  nodes 2.518e+10 (3.1M/s)  sols 11  cl 15 2c 4125767 dv 120040 fb 0 wn 0
[7824s] tasks 7102/9577  nodes 2.519e+10 (3.1M/s)  sols 11  cl 15 2c 4130615 dv 120109 fb 0 wn 0
[7829s] tasks 7102/9577  nodes 2.521e+10 (3.2M/s)  sols 11  cl 15 2c 4139019 dv 120181 fb 0 wn 0
[7834s] tasks 7102/9577  nodes 2.523e+10 (3.6M/s)  sols 11  cl 15 2c 4150169 dv 120263 fb 0 wn 0
[7839s] tasks 7102/9577  nodes 2.524e+10 (3.5M/s)  sols 11  cl 15 2c 4161562 dv 120333 fb 0 wn 0
[7844s] tasks 7208/9577  nodes 2.526e+10 (2.7M/s)  sols 11  cl 15 2c 4170284 dv 120399 fb 0 wn 0
[7849s] tasks 7208/9577  nodes 2.527e+10 (3.4M/s)  sols 11  cl 15 2c 4176138 dv 120448 fb 0 wn 0
[7854s] tasks 7208/9577  nodes 2.529e+10 (3.3M/s)  sols 11  cl 15 2c 4188899 dv 120496 fb 0 wn 0
[7859s] tasks 7208/9577  nodes 2.531e+10 (3.6M/s)  sols 11  cl 15 2c 4211482 dv 120545 fb 0 wn 0
[7864s] tasks 7208/9577  nodes 2.533e+10 (3.6M/s)  sols 11  cl 15 2c 4221873 dv 120617 fb 0 wn 0
[7869s] tasks 7208/9577  nodes 2.534e+10 (3.3M/s)  sols 11  cl 15 2c 4234227 dv 120685 fb 0 wn 0
[7874s] tasks 7208/9577  nodes 2.536e+10 (3.2M/s)  sols 11  cl 15 2c 4254678 dv 120742 fb 0 wn 0
[7879s] tasks 7208/9577  nodes 2.538e+10 (3.4M/s)  sols 11  cl 15 2c 4270101 dv 120785 fb 0 wn 0
[7884s] tasks 7208/9577  nodes 2.539e+10 (3.4M/s)  sols 11  cl 15 2c 4285030 dv 120836 fb 0 wn 0
[7889s] tasks 7209/9577  nodes 2.541e+10 (3.6M/s)  sols 11  cl 15 2c 4293457 dv 120883 fb 0 wn 0
[7894s] tasks 7250/9577  nodes 2.543e+10 (3.5M/s)  sols 11  cl 15 2c 4301225 dv 120933 fb 0 wn 0
[7899s] tasks 7331/9577  nodes 2.545e+10 (3.6M/s)  sols 11  cl 15 2c 4311284 dv 120972 fb 0 wn 0
[7904s] tasks 7352/9577  nodes 2.546e+10 (3.7M/s)  sols 11  cl 15 2c 4320358 dv 121016 fb 0 wn 0
[7909s] tasks 7352/9577  nodes 2.548e+10 (3.2M/s)  sols 11  cl 15 2c 4331328 dv 121061 fb 0 wn 0
[7914s] tasks 7354/9577  nodes 2.550e+10 (3.4M/s)  sols 11  cl 15 2c 4347315 dv 121097 fb 0 wn 0
[7919s] tasks 7354/9577  nodes 2.551e+10 (3.4M/s)  sols 11  cl 15 2c 4363796 dv 121136 fb 0 wn 0
[7924s] tasks 7354/9577  nodes 2.553e+10 (3.4M/s)  sols 11  cl 15 2c 4378695 dv 121160 fb 0 wn 0
FOUND 1441560489708423064780800 = 3 7 11 13 25 41 49 81 83 331 65536 65537
[7929s] tasks 7354/9577  nodes 2.554e+10 (2.8M/s)  sols 12  cl 15 2c 4398073 dv 121186 fb 0 wn 0
[7934s] tasks 7354/9577  nodes 2.556e+10 (3.6M/s)  sols 12  cl 15 2c 4414737 dv 121222 fb 0 wn 0
[7939s] tasks 7437/9577  nodes 2.558e+10 (3.5M/s)  sols 12  cl 15 2c 4431652 dv 121280 fb 0 wn 0
[7944s] tasks 7437/9577  nodes 2.560e+10 (3.3M/s)  sols 12  cl 15 2c 4444586 dv 121333 fb 0 wn 0
[7949s] tasks 7437/9577  nodes 2.561e+10 (3.2M/s)  sols 12  cl 15 2c 4455180 dv 121394 fb 0 wn 0
[7954s] tasks 7437/9577  nodes 2.563e+10 (3.4M/s)  sols 12  cl 15 2c 4468127 dv 121442 fb 0 wn 0
[7959s] tasks 7438/9577  nodes 2.565e+10 (3.5M/s)  sols 12  cl 15 2c 4477620 dv 121486 fb 0 wn 0
[7964s] tasks 7438/9577  nodes 2.566e+10 (3.4M/s)  sols 12  cl 15 2c 4483467 dv 121530 fb 0 wn 0
[7969s] tasks 7438/9577  nodes 2.568e+10 (3.4M/s)  sols 12  cl 15 2c 4488284 dv 121595 fb 0 wn 0
[7974s] tasks 7438/9577  nodes 2.570e+10 (3.2M/s)  sols 12  cl 15 2c 4493663 dv 121672 fb 0 wn 0
[7979s] tasks 7438/9577  nodes 2.571e+10 (3.1M/s)  sols 12  cl 15 2c 4502888 dv 121743 fb 0 wn 0
[7984s] tasks 7438/9577  nodes 2.573e+10 (3.1M/s)  sols 12  cl 15 2c 4513192 dv 121799 fb 0 wn 0
[7989s] tasks 7438/9577  nodes 2.574e+10 (3.1M/s)  sols 12  cl 15 2c 4525410 dv 121855 fb 0 wn 0
[7994s] tasks 7439/9577  nodes 2.576e+10 (3.4M/s)  sols 12  cl 15 2c 4538216 dv 121914 fb 0 wn 0
[7999s] tasks 7439/9577  nodes 2.578e+10 (3.0M/s)  sols 12  cl 15 2c 4551828 dv 121964 fb 0 wn 0
[8004s] tasks 7439/9577  nodes 2.579e+10 (3.3M/s)  sols 12  cl 15 2c 4564197 dv 122013 fb 0 wn 0
[8009s] tasks 7440/9577  nodes 2.581e+10 (3.4M/s)  sols 12  cl 15 2c 4574683 dv 122059 fb 0 wn 0
[8014s] tasks 7462/9577  nodes 2.583e+10 (3.5M/s)  sols 12  cl 15 2c 4586205 dv 122104 fb 0 wn 0
[8019s] tasks 7462/9577  nodes 2.584e+10 (2.9M/s)  sols 12  cl 15 2c 4593678 dv 122129 fb 0 wn 0
[8024s] tasks 7462/9577  nodes 2.586e+10 (3.4M/s)  sols 12  cl 15 2c 4600719 dv 122184 fb 0 wn 0
[8029s] tasks 7490/9577  nodes 2.588e+10 (3.9M/s)  sols 12  cl 15 2c 4611052 dv 122236 fb 0 wn 0
[8034s] tasks 7506/9577  nodes 2.590e+10 (3.4M/s)  sols 12  cl 15 2c 4621596 dv 122311 fb 0 wn 0
[8039s] tasks 7737/9577  nodes 2.591e+10 (3.8M/s)  sols 12  cl 15 2c 4631477 dv 122389 fb 0 wn 0
[8044s] tasks 7739/9577  nodes 2.593e+10 (3.4M/s)  sols 12  cl 15 2c 4642702 dv 122487 fb 0 wn 0
[8049s] tasks 7756/9577  nodes 2.595e+10 (3.5M/s)  sols 12  cl 15 2c 4647818 dv 122545 fb 0 wn 0
[8054s] tasks 8063/9577  nodes 2.597e+10 (3.7M/s)  sols 12  cl 15 2c 4653043 dv 122611 fb 0 wn 0
[8059s] tasks 8063/9577  nodes 2.599e+10 (3.5M/s)  sols 12  cl 15 2c 4662197 dv 122671 fb 0 wn 0
[8064s] tasks 8401/9577  nodes 2.600e+10 (3.8M/s)  sols 12  cl 15 2c 4679713 dv 122720 fb 0 wn 0
[8069s] tasks 8401/9577  nodes 2.602e+10 (3.4M/s)  sols 12  cl 15 2c 4685662 dv 122782 fb 0 wn 0
[8074s] tasks 8401/9577  nodes 2.604e+10 (3.2M/s)  sols 12  cl 15 2c 4694283 dv 122859 fb 0 wn 0
[8079s] tasks 8401/9577  nodes 2.605e+10 (3.4M/s)  sols 12  cl 15 2c 4700388 dv 122944 fb 0 wn 0
[8084s] tasks 8401/9577  nodes 2.607e+10 (3.2M/s)  sols 12  cl 15 2c 4707896 dv 123023 fb 0 wn 0
[8089s] tasks 8401/9577  nodes 2.609e+10 (3.3M/s)  sols 12  cl 15 2c 4718830 dv 123083 fb 0 wn 0
[8094s] tasks 8401/9577  nodes 2.610e+10 (3.5M/s)  sols 12  cl 15 2c 4728313 dv 123136 fb 0 wn 0
[8099s] tasks 8402/9577  nodes 2.612e+10 (3.5M/s)  sols 12  cl 15 2c 4737829 dv 123215 fb 0 wn 0
[8104s] tasks 8403/9577  nodes 2.614e+10 (3.2M/s)  sols 12  cl 15 2c 4748483 dv 123279 fb 0 wn 0
[8109s] tasks 8403/9577  nodes 2.615e+10 (2.7M/s)  sols 12  cl 15 2c 4752213 dv 123322 fb 0 wn 0
[8114s] tasks 8403/9577  nodes 2.617e+10 (3.2M/s)  sols 12  cl 15 2c 4756121 dv 123384 fb 0 wn 0
[8119s] tasks 8403/9577  nodes 2.618e+10 (3.2M/s)  sols 12  cl 15 2c 4760857 dv 123440 fb 0 wn 0
[8124s] tasks 8403/9577  nodes 2.620e+10 (3.2M/s)  sols 12  cl 15 2c 4765794 dv 123484 fb 0 wn 0
[8129s] tasks 8404/9577  nodes 2.622e+10 (3.3M/s)  sols 12  cl 15 2c 4770014 dv 123540 fb 0 wn 0
[8134s] tasks 8404/9577  nodes 2.623e+10 (3.1M/s)  sols 12  cl 15 2c 4773937 dv 123613 fb 0 wn 0
[8139s] tasks 8404/9577  nodes 2.625e+10 (2.9M/s)  sols 12  cl 15 2c 4778875 dv 123681 fb 0 wn 0
[8144s] tasks 8404/9577  nodes 2.626e+10 (3.1M/s)  sols 12  cl 15 2c 4783140 dv 123759 fb 0 wn 0
[8149s] tasks 8404/9577  nodes 2.628e+10 (2.9M/s)  sols 12  cl 15 2c 4786989 dv 123829 fb 0 wn 0
FOUND 20144846560430592000 = 5 9 11 13 16 17 25 41 43 49 81 256 257
[8154s] tasks 8404/9577  nodes 2.629e+10 (3.1M/s)  sols 13  cl 16 2c 4791859 dv 123889 fb 0 wn 0
[8159s] tasks 8404/9577  nodes 2.631e+10 (3.2M/s)  sols 13  cl 16 2c 4796450 dv 123947 fb 0 wn 0
[8164s] tasks 8406/9577  nodes 2.632e+10 (3.3M/s)  sols 13  cl 16 2c 4801760 dv 124018 fb 0 wn 0
[8169s] tasks 8406/9577  nodes 2.634e+10 (3.1M/s)  sols 13  cl 16 2c 4807132 dv 124096 fb 0 wn 0
[8174s] tasks 8406/9577  nodes 2.635e+10 (3.1M/s)  sols 13  cl 16 2c 4813224 dv 124156 fb 0 wn 0
[8179s] tasks 8406/9577  nodes 2.637e+10 (3.1M/s)  sols 13  cl 16 2c 4821093 dv 124219 fb 0 wn 0
[8184s] tasks 8406/9577  nodes 2.639e+10 (3.4M/s)  sols 13  cl 16 2c 4825290 dv 124281 fb 0 wn 0
[8189s] tasks 8406/9577  nodes 2.640e+10 (3.1M/s)  sols 13  cl 16 2c 4832177 dv 124340 fb 0 wn 0
[8194s] tasks 8407/9577  nodes 2.642e+10 (3.2M/s)  sols 13  cl 16 2c 4839829 dv 124399 fb 0 wn 0
[8199s] tasks 8407/9577  nodes 2.644e+10 (3.3M/s)  sols 13  cl 16 2c 4846226 dv 124460 fb 0 wn 0
[8204s] tasks 8407/9577  nodes 2.645e+10 (2.6M/s)  sols 13  cl 16 2c 4851651 dv 124531 fb 0 wn 0
[8209s] tasks 8407/9577  nodes 2.646e+10 (3.0M/s)  sols 13  cl 16 2c 4856309 dv 124601 fb 0 wn 0
[8214s] tasks 8442/9577  nodes 2.648e+10 (3.2M/s)  sols 13  cl 16 2c 4862257 dv 124667 fb 0 wn 0
[8219s] tasks 8442/9577  nodes 2.650e+10 (3.1M/s)  sols 13  cl 16 2c 4866536 dv 124751 fb 0 wn 0
[8224s] tasks 8442/9577  nodes 2.651e+10 (3.2M/s)  sols 13  cl 16 2c 4870586 dv 124840 fb 0 wn 0
[8229s] tasks 8442/9577  nodes 2.653e+10 (3.3M/s)  sols 13  cl 16 2c 4874853 dv 124904 fb 0 wn 0
[8234s] tasks 8442/9577  nodes 2.655e+10 (3.4M/s)  sols 13  cl 16 2c 4878070 dv 124953 fb 0 wn 0
[8239s] tasks 8442/9577  nodes 2.656e+10 (3.3M/s)  sols 13  cl 16 2c 4881683 dv 125018 fb 0 wn 0
[8244s] tasks 8442/9577  nodes 2.658e+10 (3.6M/s)  sols 13  cl 16 2c 4888569 dv 125082 fb 0 wn 0
[8249s] tasks 8442/9577  nodes 2.660e+10 (3.4M/s)  sols 13  cl 16 2c 4895696 dv 125141 fb 0 wn 0
[8254s] tasks 8442/9577  nodes 2.661e+10 (3.2M/s)  sols 13  cl 16 2c 4904049 dv 125223 fb 0 wn 0
[8259s] tasks 8442/9577  nodes 2.663e+10 (3.3M/s)  sols 13  cl 16 2c 4916960 dv 125291 fb 0 wn 0
[8264s] tasks 8442/9577  nodes 2.665e+10 (3.2M/s)  sols 13  cl 16 2c 4923116 dv 125358 fb 0 wn 0
[8269s] tasks 8442/9577  nodes 2.666e+10 (3.2M/s)  sols 13  cl 16 2c 4927815 dv 125434 fb 0 wn 0
[8274s] tasks 8442/9577  nodes 2.668e+10 (3.3M/s)  sols 13  cl 16 2c 4932089 dv 125486 fb 0 wn 0
[8279s] tasks 8442/9577  nodes 2.669e+10 (3.4M/s)  sols 13  cl 16 2c 4935591 dv 125544 fb 0 wn 0
[8284s] tasks 8446/9577  nodes 2.671e+10 (3.4M/s)  sols 13  cl 16 2c 4940179 dv 125612 fb 0 wn 0
[8289s] tasks 8446/9577  nodes 2.672e+10 (2.6M/s)  sols 13  cl 16 2c 4944237 dv 125643 fb 0 wn 0
[8294s] tasks 8448/9577  nodes 2.674e+10 (3.3M/s)  sols 13  cl 16 2c 4949112 dv 125707 fb 0 wn 0
[8299s] tasks 8448/9577  nodes 2.676e+10 (3.1M/s)  sols 13  cl 16 2c 4952966 dv 125759 fb 0 wn 0
[8304s] tasks 8448/9577  nodes 2.677e+10 (3.0M/s)  sols 13  cl 16 2c 4957207 dv 125819 fb 0 wn 0
[8309s] tasks 8448/9577  nodes 2.679e+10 (3.4M/s)  sols 13  cl 16 2c 4961784 dv 125881 fb 0 wn 0
[8314s] tasks 8448/9577  nodes 2.680e+10 (3.2M/s)  sols 13  cl 16 2c 4966715 dv 125947 fb 0 wn 0
[8319s] tasks 8448/9577  nodes 2.682e+10 (3.4M/s)  sols 13  cl 16 2c 4971251 dv 126019 fb 0 wn 0
[8324s] tasks 8448/9577  nodes 2.684e+10 (3.6M/s)  sols 13  cl 16 2c 4973659 dv 126072 fb 0 wn 0
FOUND 126463680 = 4 5 7 16 17 41 81
[8329s] tasks 8448/9577  nodes 2.686e+10 (3.4M/s)  sols 14  cl 17 2c 4977552 dv 126158 fb 0 wn 0
[8334s] tasks 8448/9577  nodes 2.687e+10 (3.4M/s)  sols 14  cl 17 2c 4980744 dv 126220 fb 0 wn 0
[8339s] tasks 8448/9577  nodes 2.689e+10 (3.3M/s)  sols 14  cl 17 2c 4986066 dv 126273 fb 0 wn 0
[8344s] tasks 8448/9577  nodes 2.691e+10 (3.3M/s)  sols 14  cl 17 2c 4992867 dv 126339 fb 0 wn 0
[8349s] tasks 8448/9577  nodes 2.692e+10 (3.3M/s)  sols 14  cl 17 2c 5000589 dv 126426 fb 0 wn 0
[8354s] tasks 8448/9577  nodes 2.694e+10 (3.0M/s)  sols 14  cl 17 2c 5004005 dv 126508 fb 0 wn 0
[8359s] tasks 8448/9577  nodes 2.695e+10 (3.1M/s)  sols 14  cl 17 2c 5007780 dv 126580 fb 0 wn 0
[8364s] tasks 8448/9577  nodes 2.697e+10 (3.1M/s)  sols 14  cl 17 2c 5011823 dv 126651 fb 0 wn 0
[8369s] tasks 8448/9577  nodes 2.699e+10 (3.3M/s)  sols 14  cl 17 2c 5018925 dv 126715 fb 0 wn 0
[8375s] tasks 8448/9577  nodes 2.700e+10 (2.6M/s)  sols 14  cl 17 2c 5022561 dv 126777 fb 0 wn 0
[8380s] tasks 8448/9577  nodes 2.702e+10 (3.2M/s)  sols 14  cl 17 2c 5029231 dv 126847 fb 0 wn 0
[8385s] tasks 8448/9577  nodes 2.703e+10 (3.3M/s)  sols 14  cl 17 2c 5041147 dv 126939 fb 0 wn 0
[8390s] tasks 8448/9577  nodes 2.705e+10 (3.0M/s)  sols 14  cl 17 2c 5055291 dv 127033 fb 0 wn 0
[8395s] tasks 8448/9577  nodes 2.706e+10 (3.2M/s)  sols 14  cl 17 2c 5069424 dv 127093 fb 0 wn 0
[8400s] tasks 8448/9577  nodes 2.708e+10 (3.1M/s)  sols 14  cl 17 2c 5072226 dv 127180 fb 0 wn 0
[8405s] tasks 8448/9577  nodes 2.710e+10 (3.2M/s)  sols 14  cl 17 2c 5077624 dv 127265 fb 0 wn 0
[8410s] tasks 8449/9577  nodes 2.711e+10 (3.1M/s)  sols 14  cl 17 2c 5083786 dv 127341 fb 0 wn 0
[8415s] tasks 8449/9577  nodes 2.713e+10 (3.1M/s)  sols 14  cl 17 2c 5091326 dv 127411 fb 0 wn 0
[8420s] tasks 8449/9577  nodes 2.714e+10 (3.2M/s)  sols 14  cl 17 2c 5099926 dv 127484 fb 0 wn 0
[8425s] tasks 8449/9577  nodes 2.716e+10 (3.1M/s)  sols 14  cl 17 2c 5101950 dv 127535 fb 0 wn 0
[8430s] tasks 8449/9577  nodes 2.717e+10 (3.1M/s)  sols 14  cl 17 2c 5104626 dv 127636 fb 0 wn 0
[8435s] tasks 8449/9577  nodes 2.719e+10 (3.2M/s)  sols 14  cl 17 2c 5107901 dv 127709 fb 0 wn 0
[8440s] tasks 8449/9577  nodes 2.721e+10 (3.1M/s)  sols 14  cl 17 2c 5110609 dv 127784 fb 0 wn 0
[8445s] tasks 8449/9577  nodes 2.722e+10 (3.3M/s)  sols 14  cl 17 2c 5113646 dv 127868 fb 0 wn 0
[8450s] tasks 8449/9577  nodes 2.724e+10 (3.4M/s)  sols 14  cl 17 2c 5118809 dv 127930 fb 0 wn 0
[8455s] tasks 8449/9577  nodes 2.726e+10 (3.3M/s)  sols 14  cl 17 2c 5124967 dv 127996 fb 0 wn 0
[8460s] tasks 8449/9577  nodes 2.727e+10 (3.3M/s)  sols 14  cl 17 2c 5130596 dv 128054 fb 0 wn 0
[8465s] tasks 8449/9577  nodes 2.728e+10 (2.6M/s)  sols 14  cl 17 2c 5138331 dv 128124 fb 0 wn 0
[8470s] tasks 8449/9577  nodes 2.730e+10 (3.1M/s)  sols 14  cl 17 2c 5145879 dv 128225 fb 0 wn 0
[8475s] tasks 8449/9577  nodes 2.732e+10 (3.3M/s)  sols 14  cl 17 2c 5150013 dv 128284 fb 0 wn 0
[8480s] tasks 8449/9577  nodes 2.733e+10 (3.3M/s)  sols 14  cl 17 2c 5154640 dv 128350 fb 0 wn 0
[8485s] tasks 8449/9577  nodes 2.735e+10 (3.3M/s)  sols 14  cl 17 2c 5163022 dv 128426 fb 0 wn 0
[8490s] tasks 8449/9577  nodes 2.737e+10 (3.2M/s)  sols 14  cl 17 2c 5172719 dv 128507 fb 0 wn 0
[8495s] tasks 8449/9577  nodes 2.738e+10 (3.2M/s)  sols 14  cl 17 2c 5183864 dv 128584 fb 0 wn 0
[8500s] tasks 8449/9577  nodes 2.740e+10 (3.0M/s)  sols 14  cl 17 2c 5197576 dv 128661 fb 0 wn 0
[8505s] tasks 8449/9577  nodes 2.741e+10 (3.2M/s)  sols 14  cl 17 2c 5205943 dv 128728 fb 0 wn 0
[8510s] tasks 8449/9577  nodes 2.743e+10 (3.2M/s)  sols 14  cl 17 2c 5212433 dv 128780 fb 0 wn 0
[8515s] tasks 8449/9577  nodes 2.745e+10 (3.3M/s)  sols 14  cl 17 2c 5223742 dv 128857 fb 0 wn 0
[8520s] tasks 8449/9577  nodes 2.746e+10 (3.2M/s)  sols 14  cl 17 2c 5234433 dv 128930 fb 0 wn 0
[8525s] tasks 8449/9577  nodes 2.748e+10 (3.0M/s)  sols 14  cl 17 2c 5253112 dv 129015 fb 0 wn 0
[8530s] tasks 8449/9577  nodes 2.749e+10 (3.1M/s)  sols 14  cl 17 2c 5255841 dv 129088 fb 0 wn 0
[8535s] tasks 8449/9577  nodes 2.751e+10 (3.1M/s)  sols 14  cl 17 2c 5258490 dv 129183 fb 0 wn 0
[8540s] tasks 8449/9577  nodes 2.752e+10 (3.0M/s)  sols 14  cl 17 2c 5261116 dv 129268 fb 0 wn 0
[8545s] tasks 8449/9577  nodes 2.754e+10 (3.1M/s)  sols 14  cl 17 2c 5266020 dv 129360 fb 0 wn 0
[8550s] tasks 8449/9577  nodes 2.755e+10 (2.4M/s)  sols 14  cl 17 2c 5270356 dv 129416 fb 0 wn 0
[8555s] tasks 8449/9577  nodes 2.757e+10 (3.1M/s)  sols 14  cl 17 2c 5275169 dv 129503 fb 0 wn 0
[8560s] tasks 8449/9577  nodes 2.758e+10 (3.0M/s)  sols 14  cl 17 2c 5278106 dv 129603 fb 0 wn 0
[8565s] tasks 8449/9577  nodes 2.760e+10 (3.1M/s)  sols 14  cl 17 2c 5282450 dv 129680 fb 0 wn 0
[8570s] tasks 8449/9577  nodes 2.761e+10 (3.2M/s)  sols 14  cl 17 2c 5287369 dv 129765 fb 0 wn 0
[8575s] tasks 8449/9577  nodes 2.763e+10 (3.2M/s)  sols 14  cl 17 2c 5290145 dv 129851 fb 0 wn 0
[8580s] tasks 8449/9577  nodes 2.764e+10 (3.3M/s)  sols 14  cl 17 2c 5294299 dv 129926 fb 0 wn 0
[8585s] tasks 8449/9577  nodes 2.766e+10 (3.3M/s)  sols 14  cl 17 2c 5296479 dv 130003 fb 0 wn 0
[8590s] tasks 8449/9577  nodes 2.768e+10 (3.1M/s)  sols 14  cl 17 2c 5301716 dv 130090 fb 0 wn 0
[8595s] tasks 8449/9577  nodes 2.769e+10 (3.2M/s)  sols 14  cl 17 2c 5307215 dv 130170 fb 0 wn 0
[8600s] tasks 8449/9577  nodes 2.771e+10 (3.5M/s)  sols 14  cl 17 2c 5312947 dv 130235 fb 0 wn 0
[8605s] tasks 8449/9577  nodes 2.773e+10 (3.4M/s)  sols 14  cl 17 2c 5317202 dv 130303 fb 0 wn 0
[8610s] tasks 8449/9577  nodes 2.774e+10 (3.3M/s)  sols 14  cl 17 2c 5320796 dv 130375 fb 0 wn 0
[8615s] tasks 8449/9577  nodes 2.776e+10 (3.3M/s)  sols 14  cl 17 2c 5324506 dv 130445 fb 0 wn 0
[8620s] tasks 8449/9577  nodes 2.778e+10 (3.0M/s)  sols 14  cl 17 2c 5328954 dv 130534 fb 0 wn 0
[8625s] tasks 8449/9577  nodes 2.779e+10 (3.3M/s)  sols 14  cl 17 2c 5334681 dv 130610 fb 0 wn 0
[8630s] tasks 8449/9577  nodes 2.781e+10 (3.3M/s)  sols 14  cl 17 2c 5339302 dv 130676 fb 0 wn 0
[8635s] tasks 8449/9577  nodes 2.782e+10 (3.2M/s)  sols 14  cl 17 2c 5345746 dv 130752 fb 0 wn 0
[8640s] tasks 8449/9577  nodes 2.784e+10 (3.3M/s)  sols 14  cl 17 2c 5350913 dv 130798 fb 0 wn 0
[8645s] tasks 8449/9577  nodes 2.786e+10 (2.9M/s)  sols 14  cl 17 2c 5354509 dv 130841 fb 0 wn 0
[8650s] tasks 8449/9577  nodes 2.787e+10 (3.3M/s)  sols 14  cl 17 2c 5358995 dv 130899 fb 0 wn 0
[8655s] tasks 8449/9577  nodes 2.789e+10 (3.4M/s)  sols 14  cl 17 2c 5362351 dv 130962 fb 0 wn 0
[8660s] tasks 8449/9577  nodes 2.790e+10 (3.1M/s)  sols 14  cl 17 2c 5367295 dv 131025 fb 0 wn 0
[8665s] tasks 8449/9577  nodes 2.792e+10 (3.2M/s)  sols 14  cl 17 2c 5371986 dv 131104 fb 0 wn 0
[8670s] tasks 8449/9577  nodes 2.794e+10 (3.4M/s)  sols 14  cl 17 2c 5376859 dv 131180 fb 0 wn 0
[8675s] tasks 8449/9577  nodes 2.795e+10 (3.4M/s)  sols 14  cl 17 2c 5381537 dv 131246 fb 0 wn 0
[8680s] tasks 8449/9577  nodes 2.797e+10 (3.6M/s)  sols 14  cl 17 2c 5385719 dv 131307 fb 0 wn 0
[8685s] tasks 8449/9577  nodes 2.799e+10 (3.5M/s)  sols 14  cl 17 2c 5389373 dv 131359 fb 0 wn 0
[8690s] tasks 8449/9577  nodes 2.801e+10 (3.5M/s)  sols 14  cl 17 2c 5392706 dv 131408 fb 0 wn 0
[8695s] tasks 8449/9577  nodes 2.803e+10 (3.6M/s)  sols 14  cl 17 2c 5398311 dv 131455 fb 0 wn 0
[8700s] tasks 8449/9577  nodes 2.804e+10 (3.2M/s)  sols 14  cl 17 2c 5406550 dv 131530 fb 0 wn 0
[8705s] tasks 8449/9577  nodes 2.806e+10 (3.3M/s)  sols 14  cl 17 2c 5410967 dv 131581 fb 0 wn 0
[8710s] tasks 8449/9577  nodes 2.808e+10 (3.4M/s)  sols 14  cl 17 2c 5416525 dv 131637 fb 0 wn 0
[8715s] tasks 8449/9577  nodes 2.809e+10 (3.2M/s)  sols 14  cl 17 2c 5423113 dv 131681 fb 0 wn 0
[8720s] tasks 8450/9577  nodes 2.811e+10 (3.4M/s)  sols 14  cl 17 2c 5426581 dv 131745 fb 0 wn 0
[8725s] tasks 8451/9577  nodes 2.813e+10 (3.7M/s)  sols 14  cl 17 2c 5428305 dv 131805 fb 0 wn 0
[8730s] tasks 8451/9577  nodes 2.814e+10 (2.8M/s)  sols 14  cl 17 2c 5429563 dv 131868 fb 0 wn 0
[8735s] tasks 8451/9577  nodes 2.816e+10 (3.5M/s)  sols 14  cl 17 2c 5433106 dv 131929 fb 0 wn 0
[8740s] tasks 8451/9577  nodes 2.818e+10 (3.7M/s)  sols 14  cl 17 2c 5435700 dv 132004 fb 0 wn 0
[8745s] tasks 8451/9577  nodes 2.820e+10 (3.5M/s)  sols 14  cl 17 2c 5438427 dv 132085 fb 0 wn 0
[8750s] tasks 8476/9577  nodes 2.821e+10 (3.8M/s)  sols 14  cl 17 2c 5441856 dv 132132 fb 0 wn 0
[8755s] tasks 8478/9577  nodes 2.823e+10 (3.6M/s)  sols 14  cl 17 2c 5444095 dv 132192 fb 0 wn 0
[8760s] tasks 8479/9577  nodes 2.825e+10 (3.6M/s)  sols 14  cl 17 2c 5446764 dv 132270 fb 0 wn 0
[8765s] tasks 8479/9577  nodes 2.827e+10 (3.8M/s)  sols 14  cl 17 2c 5449362 dv 132312 fb 0 wn 0
[8770s] tasks 8479/9577  nodes 2.829e+10 (3.4M/s)  sols 14  cl 17 2c 5452979 dv 132378 fb 0 wn 0
[8775s] tasks 8479/9577  nodes 2.830e+10 (3.4M/s)  sols 14  cl 17 2c 5458058 dv 132441 fb 0 wn 0
[8780s] tasks 8479/9577  nodes 2.832e+10 (3.5M/s)  sols 14  cl 17 2c 5462351 dv 132499 fb 0 wn 0
[8785s] tasks 8479/9577  nodes 2.834e+10 (3.4M/s)  sols 14  cl 17 2c 5466639 dv 132549 fb 0 wn 0
[8790s] tasks 8479/9577  nodes 2.835e+10 (3.3M/s)  sols 14  cl 17 2c 5471547 dv 132621 fb 0 wn 0
[8795s] tasks 8480/9577  nodes 2.837e+10 (3.1M/s)  sols 14  cl 17 2c 5479346 dv 132700 fb 0 wn 0
[8800s] tasks 8480/9577  nodes 2.839e+10 (3.3M/s)  sols 14  cl 17 2c 5484094 dv 132779 fb 0 wn 0
[8805s] tasks 8504/9577  nodes 2.840e+10 (3.5M/s)  sols 14  cl 17 2c 5489302 dv 132833 fb 0 wn 0
[8810s] tasks 8504/9577  nodes 2.842e+10 (3.4M/s)  sols 14  cl 17 2c 5493157 dv 132884 fb 0 wn 0
[8815s] tasks 8504/9577  nodes 2.844e+10 (3.4M/s)  sols 14  cl 17 2c 5498694 dv 132939 fb 0 wn 0
[8820s] tasks 8504/9577  nodes 2.845e+10 (2.7M/s)  sols 14  cl 17 2c 5502710 dv 132984 fb 0 wn 0
[8825s] tasks 8504/9577  nodes 2.847e+10 (3.6M/s)  sols 14  cl 17 2c 5508184 dv 133047 fb 0 wn 0
[8830s] tasks 8504/9577  nodes 2.849e+10 (3.8M/s)  sols 14  cl 17 2c 5514006 dv 133106 fb 0 wn 0
[8835s] tasks 8504/9577  nodes 2.851e+10 (3.4M/s)  sols 14  cl 17 2c 5518885 dv 133162 fb 0 wn 0
[8840s] tasks 8504/9577  nodes 2.852e+10 (3.3M/s)  sols 14  cl 17 2c 5523584 dv 133206 fb 0 wn 0
[8845s] tasks 8504/9577  nodes 2.854e+10 (3.4M/s)  sols 14  cl 17 2c 5527667 dv 133265 fb 0 wn 0
[8850s] tasks 8504/9577  nodes 2.856e+10 (3.4M/s)  sols 14  cl 17 2c 5532415 dv 133324 fb 0 wn 0
[8855s] tasks 8504/9577  nodes 2.857e+10 (3.2M/s)  sols 14  cl 17 2c 5537453 dv 133385 fb 0 wn 0
[8860s] tasks 8504/9577  nodes 2.859e+10 (3.4M/s)  sols 14  cl 17 2c 5542600 dv 133439 fb 0 wn 0
[8865s] tasks 8506/9577  nodes 2.861e+10 (3.6M/s)  sols 14  cl 17 2c 5545822 dv 133498 fb 0 wn 0
[8870s] tasks 8506/9577  nodes 2.862e+10 (3.4M/s)  sols 14  cl 17 2c 5550049 dv 133567 fb 0 wn 0
[8875s] tasks 8506/9577  nodes 2.864e+10 (3.6M/s)  sols 14  cl 17 2c 5553210 dv 133631 fb 0 wn 0
[8880s] tasks 8506/9577  nodes 2.866e+10 (3.6M/s)  sols 14  cl 17 2c 5555620 dv 133721 fb 0 wn 0
[8885s] tasks 8506/9577  nodes 2.868e+10 (3.4M/s)  sols 14  cl 17 2c 5559001 dv 133793 fb 0 wn 0
[8890s] tasks 8506/9577  nodes 2.869e+10 (3.3M/s)  sols 14  cl 17 2c 5565133 dv 133872 fb 0 wn 0
[8895s] tasks 8506/9577  nodes 2.871e+10 (3.5M/s)  sols 14  cl 17 2c 5570659 dv 133929 fb 0 wn 0
[8900s] tasks 8605/9577  nodes 2.873e+10 (3.4M/s)  sols 14  cl 17 2c 5577419 dv 133988 fb 0 wn 0
[8906s] tasks 8605/9577  nodes 2.874e+10 (2.7M/s)  sols 14  cl 17 2c 5582891 dv 134055 fb 0 wn 0
[8911s] tasks 8605/9577  nodes 2.876e+10 (3.2M/s)  sols 14  cl 17 2c 5589468 dv 134112 fb 0 wn 0
[8916s] tasks 8605/9577  nodes 2.878e+10 (3.2M/s)  sols 14  cl 17 2c 5594827 dv 134172 fb 0 wn 0
FOUND 287704872000 = 4 5 13 16 17 25 41 49 81
[8921s] tasks 8605/9577  nodes 2.879e+10 (3.4M/s)  sols 15  cl 18 2c 5599608 dv 134230 fb 0 wn 0
[8926s] tasks 8605/9577  nodes 2.881e+10 (3.6M/s)  sols 15  cl 18 2c 5603842 dv 134308 fb 0 wn 0
[8931s] tasks 8605/9577  nodes 2.883e+10 (3.4M/s)  sols 15  cl 18 2c 5608009 dv 134377 fb 0 wn 0
[8936s] tasks 8605/9577  nodes 2.885e+10 (3.4M/s)  sols 15  cl 18 2c 5613955 dv 134433 fb 0 wn 0
[8941s] tasks 8606/9577  nodes 2.886e+10 (3.5M/s)  sols 15  cl 18 2c 5618575 dv 134481 fb 0 wn 0
[8946s] tasks 8606/9577  nodes 2.888e+10 (3.5M/s)  sols 15  cl 18 2c 5621990 dv 134550 fb 0 wn 0
[8951s] tasks 8606/9577  nodes 2.890e+10 (3.5M/s)  sols 15  cl 18 2c 5625659 dv 134620 fb 0 wn 0
[8956s] tasks 8606/9577  nodes 2.892e+10 (3.6M/s)  sols 15  cl 18 2c 5628232 dv 134689 fb 0 wn 0
[8961s] tasks 8606/9577  nodes 2.893e+10 (3.4M/s)  sols 15  cl 18 2c 5630581 dv 134764 fb 0 wn 0
[8966s] tasks 8606/9577  nodes 2.895e+10 (3.5M/s)  sols 15  cl 18 2c 5633915 dv 134841 fb 0 wn 0
[8971s] tasks 8606/9577  nodes 2.897e+10 (3.4M/s)  sols 15  cl 18 2c 5636605 dv 134909 fb 0 wn 0
[8976s] tasks 8606/9577  nodes 2.899e+10 (3.5M/s)  sols 15  cl 18 2c 5639748 dv 134979 fb 0 wn 0
[8981s] tasks 8608/9577  nodes 2.900e+10 (3.8M/s)  sols 15  cl 18 2c 5642273 dv 135044 fb 0 wn 0
[8987s] tasks 8608/9577  nodes 2.902e+10 (2.8M/s)  sols 15  cl 18 2c 5645302 dv 135128 fb 0 wn 0
[8992s] tasks 8608/9577  nodes 2.904e+10 (3.5M/s)  sols 15  cl 18 2c 5647935 dv 135209 fb 0 wn 0
[8997s] tasks 8608/9577  nodes 2.906e+10 (3.7M/s)  sols 15  cl 18 2c 5649762 dv 135271 fb 0 wn 0
[9002s] tasks 8608/9577  nodes 2.908e+10 (3.7M/s)  sols 15  cl 18 2c 5652511 dv 135355 fb 0 wn 0
[9007s] tasks 8609/9577  nodes 2.909e+10 (3.4M/s)  sols 15  cl 18 2c 5656383 dv 135425 fb 0 wn 0
FOUND 21623407345626345971712000 = 5 7 9 11 13 25 41 49 81 83 331 65536 65537
[9012s] tasks 8609/9577  nodes 2.911e+10 (3.6M/s)  sols 16  cl 18 2c 5659692 dv 135487 fb 0 wn 0
[9017s] tasks 8609/9577  nodes 2.913e+10 (3.4M/s)  sols 16  cl 18 2c 5663529 dv 135555 fb 0 wn 0
[9022s] tasks 8609/9577  nodes 2.915e+10 (3.7M/s)  sols 16  cl 18 2c 5665991 dv 135618 fb 0 wn 0
[9027s] tasks 8609/9577  nodes 2.916e+10 (3.3M/s)  sols 16  cl 18 2c 5669553 dv 135688 fb 0 wn 0
[9032s] tasks 8609/9577  nodes 2.918e+10 (3.6M/s)  sols 16  cl 18 2c 5672595 dv 135742 fb 0 wn 0
[9037s] tasks 8609/9577  nodes 2.920e+10 (3.6M/s)  sols 16  cl 18 2c 5676380 dv 135798 fb 0 wn 0
[9042s] tasks 8609/9577  nodes 2.922e+10 (3.6M/s)  sols 16  cl 18 2c 5679894 dv 135848 fb 0 wn 0
[9047s] tasks 8610/9577  nodes 2.924e+10 (3.9M/s)  sols 16  cl 18 2c 5683391 dv 135898 fb 0 wn 0
[9052s] tasks 8636/9577  nodes 2.926e+10 (4.0M/s)  sols 16  cl 18 2c 5687406 dv 135943 fb 0 wn 0
[9057s] tasks 8639/9577  nodes 2.928e+10 (3.8M/s)  sols 16  cl 18 2c 5689987 dv 136020 fb 0 wn 0
[9062s] tasks 8639/9577  nodes 2.929e+10 (3.6M/s)  sols 16  cl 18 2c 5691986 dv 136076 fb 0 wn 0
[9067s] tasks 8656/9577  nodes 2.931e+10 (3.8M/s)  sols 16  cl 18 2c 5694053 dv 136147 fb 0 wn 0
[9072s] tasks 8656/9577  nodes 2.933e+10 (3.6M/s)  sols 16  cl 18 2c 5696241 dv 136203 fb 0 wn 0
[9077s] tasks 8656/9577  nodes 2.935e+10 (3.8M/s)  sols 16  cl 18 2c 5697883 dv 136257 fb 0 wn 0
[9082s] tasks 8656/9577  nodes 2.936e+10 (3.1M/s)  sols 16  cl 18 2c 5699113 dv 136314 fb 0 wn 0
[9087s] tasks 8656/9577  nodes 2.938e+10 (3.6M/s)  sols 16  cl 18 2c 5700891 dv 136386 fb 0 wn 0
[9092s] tasks 8656/9577  nodes 2.940e+10 (3.3M/s)  sols 16  cl 18 2c 5703424 dv 136464 fb 0 wn 0
[9097s] tasks 8656/9577  nodes 2.942e+10 (3.4M/s)  sols 16  cl 18 2c 5705992 dv 136548 fb 0 wn 0
[9102s] tasks 8656/9577  nodes 2.943e+10 (3.4M/s)  sols 16  cl 18 2c 5709480 dv 136611 fb 0 wn 0
[9107s] tasks 8656/9577  nodes 2.945e+10 (3.5M/s)  sols 16  cl 18 2c 5712018 dv 136689 fb 0 wn 0
[9112s] tasks 8656/9577  nodes 2.947e+10 (3.5M/s)  sols 16  cl 18 2c 5715387 dv 136768 fb 0 wn 0
[9117s] tasks 8656/9577  nodes 2.949e+10 (3.5M/s)  sols 16  cl 18 2c 5717750 dv 136841 fb 0 wn 0
[9122s] tasks 8656/9577  nodes 2.950e+10 (3.5M/s)  sols 16  cl 18 2c 5720788 dv 136918 fb 0 wn 0
[9127s] tasks 8657/9577  nodes 2.952e+10 (3.4M/s)  sols 16  cl 18 2c 5723666 dv 137000 fb 0 wn 0
[9132s] tasks 8657/9577  nodes 2.954e+10 (3.7M/s)  sols 16  cl 18 2c 5726964 dv 137072 fb 0 wn 0
[9137s] tasks 8678/9577  nodes 2.956e+10 (3.9M/s)  sols 16  cl 18 2c 5729505 dv 137135 fb 0 wn 0
[9142s] tasks 8678/9577  nodes 2.958e+10 (3.8M/s)  sols 16  cl 18 2c 5731221 dv 137201 fb 0 wn 0
[9147s] tasks 8679/9577  nodes 2.960e+10 (3.7M/s)  sols 16  cl 18 2c 5734492 dv 137264 fb 0 wn 0
[9152s] tasks 8679/9577  nodes 2.961e+10 (3.6M/s)  sols 16  cl 18 2c 5736035 dv 137332 fb 0 wn 0
[9157s] tasks 8679/9577  nodes 2.963e+10 (3.6M/s)  sols 16  cl 18 2c 5738428 dv 137390 fb 0 wn 0
[9162s] tasks 8679/9577  nodes 2.965e+10 (3.7M/s)  sols 16  cl 18 2c 5741240 dv 137449 fb 0 wn 0
[9167s] tasks 8679/9577  nodes 2.967e+10 (3.4M/s)  sols 16  cl 18 2c 5744653 dv 137524 fb 0 wn 0
[9172s] tasks 8679/9577  nodes 2.968e+10 (2.7M/s)  sols 16  cl 18 2c 5747414 dv 137565 fb 0 wn 0
[9177s] tasks 8679/9577  nodes 2.970e+10 (3.5M/s)  sols 16  cl 18 2c 5749299 dv 137639 fb 0 wn 0
[9182s] tasks 8679/9577  nodes 2.972e+10 (3.3M/s)  sols 16  cl 18 2c 5751726 dv 137701 fb 0 wn 0
[9187s] tasks 8680/9577  nodes 2.973e+10 (3.6M/s)  sols 16  cl 18 2c 5753904 dv 137773 fb 0 wn 0
[9192s] tasks 8702/9577  nodes 2.975e+10 (3.7M/s)  sols 16  cl 18 2c 5757875 dv 137858 fb 0 wn 0
[9197s] tasks 8702/9577  nodes 2.977e+10 (3.4M/s)  sols 16  cl 18 2c 5762143 dv 137926 fb 0 wn 0
[9202s] tasks 8704/9577  nodes 2.979e+10 (3.3M/s)  sols 16  cl 18 2c 5765413 dv 137996 fb 0 wn 0
[9207s] tasks 8704/9577  nodes 2.980e+10 (3.3M/s)  sols 16  cl 18 2c 5768593 dv 138051 fb 0 wn 0
[9212s] tasks 8704/9577  nodes 2.982e+10 (3.4M/s)  sols 16  cl 18 2c 5771133 dv 138118 fb 0 wn 0
[9217s] tasks 8704/9577  nodes 2.984e+10 (3.5M/s)  sols 16  cl 18 2c 5774567 dv 138202 fb 0 wn 0
[9222s] tasks 8704/9577  nodes 2.985e+10 (3.5M/s)  sols 16  cl 18 2c 5777311 dv 138251 fb 0 wn 0
[9227s] tasks 8704/9577  nodes 2.987e+10 (3.3M/s)  sols 16  cl 18 2c 5780962 dv 138318 fb 0 wn 0
[9232s] tasks 8704/9577  nodes 2.989e+10 (3.6M/s)  sols 16  cl 18 2c 5783536 dv 138380 fb 0 wn 0
[9237s] tasks 8704/9577  nodes 2.991e+10 (3.7M/s)  sols 16  cl 18 2c 5785748 dv 138448 fb 0 wn 0
FOUND 32916415948416000 = 4 5 11 13 25 41 43 49 81 256 257
[9242s] tasks 8704/9577  nodes 2.992e+10 (3.4M/s)  sols 17  cl 19 2c 5788852 dv 138525 fb 0 wn 0
[9248s] tasks 8704/9577  nodes 2.994e+10 (2.9M/s)  sols 17  cl 19 2c 5792251 dv 138592 fb 0 wn 0
[9253s] tasks 8704/9577  nodes 2.996e+10 (3.6M/s)  sols 17  cl 19 2c 5795590 dv 138643 fb 0 wn 0
[9258s] tasks 8704/9577  nodes 2.998e+10 (3.6M/s)  sols 17  cl 19 2c 5799427 dv 138702 fb 0 wn 0
[9263s] tasks 8704/9577  nodes 3.000e+10 (3.7M/s)  sols 17  cl 19 2c 5804628 dv 138765 fb 0 wn 0
[9268s] tasks 8705/9577  nodes 3.001e+10 (3.7M/s)  sols 17  cl 19 2c 5810045 dv 138820 fb 0 wn 0
[9273s] tasks 8724/9577  nodes 3.003e+10 (3.7M/s)  sols 17  cl 19 2c 5817169 dv 138887 fb 0 wn 0
[9278s] tasks 8724/9577  nodes 3.005e+10 (3.6M/s)  sols 17  cl 19 2c 5822030 dv 138932 fb 0 wn 0
[9283s] tasks 8724/9577  nodes 3.007e+10 (3.8M/s)  sols 17  cl 19 2c 5825127 dv 138991 fb 0 wn 0
[9288s] tasks 8724/9577  nodes 3.009e+10 (3.7M/s)  sols 17  cl 19 2c 5827278 dv 139050 fb 0 wn 0
[9293s] tasks 8724/9577  nodes 3.011e+10 (3.5M/s)  sols 17  cl 19 2c 5829839 dv 139108 fb 0 wn 0
[9298s] tasks 8724/9577  nodes 3.012e+10 (3.7M/s)  sols 17  cl 19 2c 5831940 dv 139181 fb 0 wn 0
[9303s] tasks 8724/9577  nodes 3.014e+10 (3.5M/s)  sols 17  cl 19 2c 5834187 dv 139249 fb 0 wn 0
[9308s] tasks 8724/9577  nodes 3.016e+10 (3.5M/s)  sols 17  cl 19 2c 5836907 dv 139321 fb 0 wn 0
[9313s] tasks 8726/9577  nodes 3.018e+10 (3.8M/s)  sols 17  cl 19 2c 5839391 dv 139383 fb 0 wn 0
[9318s] tasks 8801/9577  nodes 3.020e+10 (3.6M/s)  sols 17  cl 19 2c 5841309 dv 139445 fb 0 wn 0
[9323s] tasks 8801/9577  nodes 3.021e+10 (3.5M/s)  sols 17  cl 19 2c 5844069 dv 139509 fb 0 wn 0
[9328s] tasks 8801/9577  nodes 3.023e+10 (3.5M/s)  sols 17  cl 19 2c 5847132 dv 139569 fb 0 wn 0
[9333s] tasks 8801/9577  nodes 3.024e+10 (2.9M/s)  sols 17  cl 19 2c 5848908 dv 139635 fb 0 wn 0
[9338s] tasks 8802/9577  nodes 3.026e+10 (3.3M/s)  sols 17  cl 19 2c 5851467 dv 139698 fb 0 wn 0
[9343s] tasks 8802/9577  nodes 3.028e+10 (3.6M/s)  sols 17  cl 19 2c 5854106 dv 139778 fb 0 wn 0
[9348s] tasks 8802/9577  nodes 3.030e+10 (3.3M/s)  sols 17  cl 19 2c 5857408 dv 139840 fb 0 wn 0
[9353s] tasks 8802/9577  nodes 3.031e+10 (3.5M/s)  sols 17  cl 19 2c 5859648 dv 139902 fb 0 wn 0
[9358s] tasks 8802/9577  nodes 3.033e+10 (3.3M/s)  sols 17  cl 19 2c 5862529 dv 139986 fb 0 wn 0
[9363s] tasks 8802/9577  nodes 3.035e+10 (3.3M/s)  sols 17  cl 19 2c 5866605 dv 140066 fb 0 wn 0
[9368s] tasks 8803/9577  nodes 3.036e+10 (3.4M/s)  sols 17  cl 19 2c 5870702 dv 140130 fb 0 wn 0
[9373s] tasks 8803/9577  nodes 3.038e+10 (3.2M/s)  sols 17  cl 19 2c 5876740 dv 140197 fb 0 wn 0
[9378s] tasks 8803/9577  nodes 3.039e+10 (3.2M/s)  sols 17  cl 19 2c 5884398 dv 140248 fb 0 wn 0
[9383s] tasks 8803/9577  nodes 3.041e+10 (3.4M/s)  sols 17  cl 19 2c 5890155 dv 140318 fb 0 wn 0
[9388s] tasks 8803/9577  nodes 3.043e+10 (3.1M/s)  sols 17  cl 19 2c 5900184 dv 140394 fb 0 wn 0
[9393s] tasks 8803/9577  nodes 3.044e+10 (3.4M/s)  sols 17  cl 19 2c 5908662 dv 140451 fb 0 wn 0
[9398s] tasks 8803/9577  nodes 3.046e+10 (3.2M/s)  sols 17  cl 19 2c 5927097 dv 140525 fb 0 wn 0
[9403s] tasks 8803/9577  nodes 3.048e+10 (3.5M/s)  sols 17  cl 19 2c 5934298 dv 140593 fb 0 wn 0
[9408s] tasks 8803/9577  nodes 3.050e+10 (3.5M/s)  sols 17  cl 19 2c 5939531 dv 140667 fb 0 wn 0
[9413s] tasks 8803/9577  nodes 3.051e+10 (3.6M/s)  sols 17  cl 19 2c 5946799 dv 140725 fb 0 wn 0
[9418s] tasks 8803/9577  nodes 3.053e+10 (2.8M/s)  sols 17  cl 19 2c 5960031 dv 140752 fb 0 wn 0
[9423s] tasks 8803/9577  nodes 3.055e+10 (3.6M/s)  sols 17  cl 19 2c 5971578 dv 140810 fb 0 wn 0
[9428s] tasks 8805/9577  nodes 3.056e+10 (3.7M/s)  sols 17  cl 19 2c 5977852 dv 140863 fb 0 wn 0
[9433s] tasks 8841/9577  nodes 3.058e+10 (3.6M/s)  sols 17  cl 19 2c 5981867 dv 140920 fb 0 wn 0
[9438s] tasks 8841/9577  nodes 3.060e+10 (3.5M/s)  sols 17  cl 19 2c 5987095 dv 140966 fb 0 wn 0
[9443s] tasks 8860/9577  nodes 3.062e+10 (3.7M/s)  sols 17  cl 19 2c 5991116 dv 141024 fb 0 wn 0
[9448s] tasks 8878/9577  nodes 3.064e+10 (3.7M/s)  sols 17  cl 19 2c 5994861 dv 141085 fb 0 wn 0
[9453s] tasks 8878/9577  nodes 3.065e+10 (3.4M/s)  sols 17  cl 19 2c 5998028 dv 141138 fb 0 wn 0
[9458s] tasks 8878/9577  nodes 3.067e+10 (3.6M/s)  sols 17  cl 19 2c 6001270 dv 141197 fb 0 wn 0
[9463s] tasks 8878/9577  nodes 3.069e+10 (3.7M/s)  sols 17  cl 19 2c 6004501 dv 141257 fb 0 wn 0
[9468s] tasks 8949/9577  nodes 3.071e+10 (3.3M/s)  sols 17  cl 19 2c 6008088 dv 141317 fb 0 wn 0
[9473s] tasks 9141/9577  nodes 3.072e+10 (3.5M/s)  sols 17  cl 19 2c 6012592 dv 141383 fb 0 wn 0
[9478s] tasks 9141/9577  nodes 3.074e+10 (3.5M/s)  sols 17  cl 19 2c 6018060 dv 141456 fb 0 wn 0
[9483s] tasks 9141/9577  nodes 3.076e+10 (3.3M/s)  sols 17  cl 19 2c 6023084 dv 141505 fb 0 wn 0
[9488s] tasks 9142/9577  nodes 3.078e+10 (3.4M/s)  sols 17  cl 19 2c 6027730 dv 141552 fb 0 wn 0
[9493s] tasks 9162/9577  nodes 3.079e+10 (3.5M/s)  sols 17  cl 19 2c 6035200 dv 141598 fb 0 wn 0
[9498s] tasks 9164/9577  nodes 3.081e+10 (2.9M/s)  sols 17  cl 19 2c 6040810 dv 141636 fb 0 wn 0
[9503s] tasks 9164/9577  nodes 3.082e+10 (3.4M/s)  sols 17  cl 19 2c 6049526 dv 141713 fb 0 wn 0
[9508s] tasks 9164/9577  nodes 3.084e+10 (3.4M/s)  sols 17  cl 19 2c 6059553 dv 141764 fb 0 wn 0
[9513s] tasks 9257/9577  nodes 3.086e+10 (3.7M/s)  sols 17  cl 19 2c 6067228 dv 141826 fb 0 wn 0
[9518s] tasks 9564/9577  nodes 3.088e+10 (3.5M/s)  sols 17  cl 19 2c 6072631 dv 141886 fb 0 wn 0
[9523s] tasks 9564/9577  nodes 3.090e+10 (3.6M/s)  sols 17  cl 19 2c 6077967 dv 141950 fb 0 wn 0
[9528s] tasks 9564/9577  nodes 3.091e+10 (3.7M/s)  sols 17  cl 19 2c 6084004 dv 141996 fb 0 wn 0
[9533s] tasks 9564/9577  nodes 3.093e+10 (3.5M/s)  sols 17  cl 19 2c 6090375 dv 142041 fb 0 wn 0
[9538s] tasks 9564/9577  nodes 3.095e+10 (3.5M/s)  sols 17  cl 19 2c 6095379 dv 142096 fb 0 wn 0
[9543s] tasks 9565/9577  nodes 3.097e+10 (3.6M/s)  sols 17  cl 19 2c 6097660 dv 142159 fb 0 wn 0
[9548s] tasks 9565/9577  nodes 3.099e+10 (3.5M/s)  sols 17  cl 19 2c 6104035 dv 142223 fb 0 wn 0
[9553s] tasks 9565/9577  nodes 3.100e+10 (3.5M/s)  sols 17  cl 19 2c 6111065 dv 142289 fb 0 wn 0
[9558s] tasks 9566/9577  nodes 3.102e+10 (3.7M/s)  sols 17  cl 19 2c 6114830 dv 142330 fb 0 wn 0
[9563s] tasks 9566/9577  nodes 3.104e+10 (3.5M/s)  sols 17  cl 19 2c 6121748 dv 142400 fb 0 wn 0
[9568s] tasks 9566/9577  nodes 3.106e+10 (3.6M/s)  sols 17  cl 19 2c 6127830 dv 142452 fb 0 wn 0
[9573s] tasks 9566/9577  nodes 3.107e+10 (3.5M/s)  sols 17  cl 19 2c 6129825 dv 142499 fb 0 wn 0
[9578s] tasks 9566/9577  nodes 3.109e+10 (3.5M/s)  sols 17  cl 19 2c 6133476 dv 142557 fb 0 wn 0
[9583s] tasks 9566/9577  nodes 3.111e+10 (3.4M/s)  sols 17  cl 19 2c 6138547 dv 142610 fb 0 wn 0
[9588s] tasks 9566/9577  nodes 3.113e+10 (3.6M/s)  sols 17  cl 19 2c 6142832 dv 142659 fb 0 wn 0
[9593s] tasks 9566/9577  nodes 3.114e+10 (3.3M/s)  sols 17  cl 19 2c 6147465 dv 142727 fb 0 wn 0
[9598s] tasks 9566/9577  nodes 3.116e+10 (3.3M/s)  sols 17  cl 19 2c 6152866 dv 142745 fb 0 wn 0
[9603s] tasks 9566/9577  nodes 3.117e+10 (2.8M/s)  sols 17  cl 19 2c 6158205 dv 142786 fb 0 wn 0
[9608s] tasks 9566/9577  nodes 3.119e+10 (3.7M/s)  sols 17  cl 19 2c 6168109 dv 142831 fb 0 wn 0
[9613s] tasks 9567/9577  nodes 3.121e+10 (3.7M/s)  sols 17  cl 19 2c 6171783 dv 142886 fb 0 wn 0
FOUND 14468754263040 = 4 5 7 11 41 43 81 256 257
[9618s] tasks 9567/9577  nodes 3.123e+10 (3.0M/s)  sols 18  cl 20 2c 6174854 dv 142939 fb 0 wn 0
[9623s] tasks 9567/9577  nodes 3.124e+10 (3.2M/s)  sols 18  cl 20 2c 6186022 dv 142971 fb 0 wn 0
[9628s] tasks 9568/9577  nodes 3.126e+10 (3.3M/s)  sols 18  cl 20 2c 6200513 dv 143011 fb 0 wn 0
[9633s] tasks 9568/9577  nodes 3.127e+10 (3.0M/s)  sols 18  cl 20 2c 6204465 dv 143060 fb 0 wn 0
[9638s] tasks 9568/9577  nodes 3.129e+10 (2.8M/s)  sols 18  cl 20 2c 6210174 dv 143109 fb 0 wn 0
[9643s] tasks 9568/9577  nodes 3.130e+10 (3.0M/s)  sols 18  cl 20 2c 6215730 dv 143149 fb 0 wn 0
[9648s] tasks 9568/9577  nodes 3.132e+10 (2.7M/s)  sols 18  cl 20 2c 6224429 dv 143194 fb 0 wn 0
[9653s] tasks 9569/9577  nodes 3.133e+10 (2.7M/s)  sols 18  cl 20 2c 6234652 dv 143253 fb 0 wn 0
[9658s] tasks 9569/9577  nodes 3.134e+10 (2.6M/s)  sols 18  cl 20 2c 6239784 dv 143302 fb 0 wn 0
[9663s] tasks 9569/9577  nodes 3.136e+10 (2.6M/s)  sols 18  cl 20 2c 6244688 dv 143359 fb 0 wn 0
[9668s] tasks 9569/9577  nodes 3.137e+10 (2.5M/s)  sols 18  cl 20 2c 6249372 dv 143406 fb 0 wn 0
[9673s] tasks 9569/9577  nodes 3.138e+10 (2.7M/s)  sols 18  cl 20 2c 6252495 dv 143449 fb 0 wn 0
[9678s] tasks 9569/9577  nodes 3.140e+10 (2.6M/s)  sols 18  cl 20 2c 6256093 dv 143493 fb 0 wn 0
[9683s] tasks 9569/9577  nodes 3.141e+10 (2.9M/s)  sols 18  cl 20 2c 6258832 dv 143535 fb 0 wn 0
[9688s] tasks 9569/9577  nodes 3.142e+10 (2.9M/s)  sols 18  cl 20 2c 6261227 dv 143591 fb 0 wn 0
[9693s] tasks 9569/9577  nodes 3.144e+10 (2.9M/s)  sols 18  cl 20 2c 6263093 dv 143633 fb 0 wn 0
[9698s] tasks 9569/9577  nodes 3.145e+10 (2.8M/s)  sols 18  cl 20 2c 6265648 dv 143684 fb 0 wn 0
[9703s] tasks 9569/9577  nodes 3.147e+10 (2.7M/s)  sols 18  cl 20 2c 6270739 dv 143719 fb 0 wn 0
[9708s] tasks 9569/9577  nodes 3.148e+10 (2.8M/s)  sols 18  cl 20 2c 6274938 dv 143762 fb 0 wn 0
[9713s] tasks 9569/9577  nodes 3.149e+10 (2.9M/s)  sols 18  cl 20 2c 6279619 dv 143787 fb 0 wn 0
[9718s] tasks 9569/9577  nodes 3.151e+10 (2.7M/s)  sols 18  cl 20 2c 6285074 dv 143832 fb 0 wn 0
FOUND 2548696550400 = 4 7 9 11 13 25 43 256 257
[9723s] tasks 9570/9577  nodes 3.152e+10 (2.6M/s)  sols 19  cl 21 2c 6289090 dv 143885 fb 0 wn 0
[9728s] tasks 9570/9577  nodes 3.153e+10 (2.4M/s)  sols 19  cl 21 2c 6290122 dv 143944 fb 0 wn 0
[9733s] tasks 9570/9577  nodes 3.155e+10 (2.3M/s)  sols 19  cl 21 2c 6292635 dv 143998 fb 0 wn 0
[9738s] tasks 9570/9577  nodes 3.156e+10 (2.3M/s)  sols 19  cl 21 2c 6296683 dv 144040 fb 0 wn 0
[9743s] tasks 9570/9577  nodes 3.157e+10 (2.5M/s)  sols 19  cl 21 2c 6299004 dv 144085 fb 0 wn 0
[9748s] tasks 9570/9577  nodes 3.158e+10 (2.0M/s)  sols 19  cl 21 2c 6302096 dv 144112 fb 0 wn 0
[9753s] tasks 9571/9577  nodes 3.159e+10 (2.4M/s)  sols 19  cl 21 2c 6303694 dv 144145 fb 0 wn 0
[9758s] tasks 9571/9577  nodes 3.160e+10 (1.9M/s)  sols 19  cl 21 2c 6305276 dv 144187 fb 0 wn 0
[9763s] tasks 9571/9577  nodes 3.161e+10 (2.2M/s)  sols 19  cl 21 2c 6307291 dv 144220 fb 0 wn 0
[9768s] tasks 9571/9577  nodes 3.162e+10 (2.2M/s)  sols 19  cl 21 2c 6308821 dv 144264 fb 0 wn 0
[9773s] tasks 9571/9577  nodes 3.163e+10 (2.1M/s)  sols 19  cl 21 2c 6311964 dv 144295 fb 0 wn 0
[9778s] tasks 9571/9577  nodes 3.164e+10 (2.1M/s)  sols 19  cl 21 2c 6316912 dv 144322 fb 0 wn 0
[9783s] tasks 9571/9577  nodes 3.165e+10 (2.0M/s)  sols 19  cl 21 2c 6318802 dv 144360 fb 0 wn 0
[9788s] tasks 9571/9577  nodes 3.166e+10 (2.0M/s)  sols 19  cl 21 2c 6322150 dv 144385 fb 0 wn 0
[9793s] tasks 9571/9577  nodes 3.168e+10 (2.2M/s)  sols 19  cl 21 2c 6325192 dv 144414 fb 0 wn 0
[9798s] tasks 9571/9577  nodes 3.169e+10 (2.1M/s)  sols 19  cl 21 2c 6329223 dv 144438 fb 0 wn 0
[9803s] tasks 9571/9577  nodes 3.170e+10 (2.3M/s)  sols 19  cl 21 2c 6331330 dv 144481 fb 0 wn 0
[9808s] tasks 9571/9577  nodes 3.171e+10 (2.1M/s)  sols 19  cl 21 2c 6335563 dv 144520 fb 0 wn 0
[9813s] tasks 9571/9577  nodes 3.172e+10 (2.0M/s)  sols 19  cl 21 2c 6339791 dv 144558 fb 0 wn 0
[9818s] tasks 9571/9577  nodes 3.173e+10 (1.9M/s)  sols 19  cl 21 2c 6345908 dv 144608 fb 0 wn 0
[9823s] tasks 9571/9577  nodes 3.174e+10 (2.1M/s)  sols 19  cl 21 2c 6351474 dv 144639 fb 0 wn 0
[9828s] tasks 9571/9577  nodes 3.175e+10 (2.1M/s)  sols 19  cl 21 2c 6360445 dv 144665 fb 0 wn 0
[9833s] tasks 9571/9577  nodes 3.176e+10 (2.3M/s)  sols 19  cl 21 2c 6368242 dv 144706 fb 0 wn 0
[9838s] tasks 9571/9577  nodes 3.177e+10 (2.3M/s)  sols 19  cl 21 2c 6372145 dv 144740 fb 0 wn 0
[9843s] tasks 9571/9577  nodes 3.178e+10 (2.1M/s)  sols 19  cl 21 2c 6374162 dv 144777 fb 0 wn 0
[9848s] tasks 9571/9577  nodes 3.179e+10 (2.3M/s)  sols 19  cl 21 2c 6375955 dv 144810 fb 0 wn 0
[9853s] tasks 9571/9577  nodes 3.180e+10 (2.2M/s)  sols 19  cl 21 2c 6377928 dv 144840 fb 0 wn 0
[9858s] tasks 9571/9577  nodes 3.182e+10 (2.2M/s)  sols 19  cl 21 2c 6382414 dv 144868 fb 0 wn 0
[9863s] tasks 9571/9577  nodes 3.183e+10 (2.2M/s)  sols 19  cl 21 2c 6387798 dv 144898 fb 0 wn 0
[9868s] tasks 9571/9577  nodes 3.184e+10 (2.3M/s)  sols 19  cl 21 2c 6393136 dv 144935 fb 0 wn 0
[9873s] tasks 9571/9577  nodes 3.185e+10 (2.1M/s)  sols 19  cl 21 2c 6395606 dv 144963 fb 0 wn 0
[9878s] tasks 9571/9577  nodes 3.186e+10 (2.2M/s)  sols 19  cl 21 2c 6398909 dv 144982 fb 0 wn 0
[9884s] tasks 9571/9577  nodes 3.187e+10 (1.9M/s)  sols 19  cl 21 2c 6405611 dv 145003 fb 0 wn 0
[9889s] tasks 9571/9577  nodes 3.188e+10 (2.4M/s)  sols 19  cl 21 2c 6409735 dv 145043 fb 0 wn 0
[9894s] tasks 9571/9577  nodes 3.189e+10 (2.2M/s)  sols 19  cl 21 2c 6412283 dv 145087 fb 0 wn 0
[9899s] tasks 9571/9577  nodes 3.190e+10 (2.0M/s)  sols 19  cl 21 2c 6413885 dv 145130 fb 0 wn 0
[9904s] tasks 9571/9577  nodes 3.191e+10 (2.2M/s)  sols 19  cl 21 2c 6416305 dv 145159 fb 0 wn 0
[9909s] tasks 9571/9577  nodes 3.192e+10 (1.9M/s)  sols 19  cl 21 2c 6419180 dv 145192 fb 0 wn 0
[9914s] tasks 9571/9577  nodes 3.193e+10 (2.1M/s)  sols 19  cl 21 2c 6421558 dv 145221 fb 0 wn 0
[9919s] tasks 9571/9577  nodes 3.194e+10 (2.1M/s)  sols 19  cl 21 2c 6423948 dv 145253 fb 0 wn 0
[9924s] tasks 9571/9577  nodes 3.196e+10 (2.3M/s)  sols 19  cl 21 2c 6427093 dv 145283 fb 0 wn 0
[9929s] tasks 9571/9577  nodes 3.197e+10 (2.1M/s)  sols 19  cl 21 2c 6428723 dv 145335 fb 0 wn 0
[9934s] tasks 9572/9577  nodes 3.197e+10 (1.7M/s)  sols 19  cl 21 2c 6430960 dv 145369 fb 0 wn 0
[9939s] tasks 9572/9577  nodes 3.198e+10 (1.9M/s)  sols 19  cl 21 2c 6432251 dv 145396 fb 0 wn 0
[9944s] tasks 9572/9577  nodes 3.199e+10 (1.8M/s)  sols 19  cl 21 2c 6434103 dv 145423 fb 0 wn 0
[9949s] tasks 9572/9577  nodes 3.200e+10 (1.8M/s)  sols 19  cl 21 2c 6436286 dv 145456 fb 0 wn 0
[9954s] tasks 9572/9577  nodes 3.201e+10 (1.9M/s)  sols 19  cl 21 2c 6440940 dv 145479 fb 0 wn 0
[9959s] tasks 9572/9577  nodes 3.202e+10 (1.7M/s)  sols 19  cl 21 2c 6442384 dv 145526 fb 0 wn 0
[9964s] tasks 9572/9577  nodes 3.203e+10 (1.9M/s)  sols 19  cl 21 2c 6445865 dv 145558 fb 0 wn 0
[9969s] tasks 9572/9577  nodes 3.204e+10 (1.7M/s)  sols 19  cl 21 2c 6449012 dv 145601 fb 0 wn 0
[9974s] tasks 9572/9577  nodes 3.205e+10 (1.6M/s)  sols 19  cl 21 2c 6450456 dv 145634 fb 0 wn 0
[9979s] tasks 9572/9577  nodes 3.205e+10 (1.8M/s)  sols 19  cl 21 2c 6452220 dv 145660 fb 0 wn 0
FOUND 8854877608980480 = 5 7 9 11 16 17 41 43 81 256 257
[9984s] tasks 9572/9577  nodes 3.206e+10 (1.9M/s)  sols 20  cl 22 2c 6454073 dv 145696 fb 0 wn 0
[9989s] tasks 9572/9577  nodes 3.207e+10 (1.6M/s)  sols 20  cl 22 2c 6457571 dv 145725 fb 0 wn 0
[9994s] tasks 9572/9577  nodes 3.208e+10 (1.7M/s)  sols 20  cl 22 2c 6460753 dv 145754 fb 0 wn 0
[9999s] tasks 9572/9577  nodes 3.209e+10 (1.9M/s)  sols 20  cl 22 2c 6463284 dv 145774 fb 0 wn 0
[10005s] tasks 9572/9577  nodes 3.210e+10 (1.9M/s)  sols 20  cl 22 2c 6465071 dv 145789 fb 0 wn 0
[10010s] tasks 9572/9577  nodes 3.211e+10 (1.7M/s)  sols 20  cl 22 2c 6467120 dv 145825 fb 0 wn 0
[10015s] tasks 9572/9577  nodes 3.212e+10 (1.8M/s)  sols 20  cl 22 2c 6469777 dv 145858 fb 0 wn 0
[10020s] tasks 9572/9577  nodes 3.213e+10 (1.8M/s)  sols 20  cl 22 2c 6472254 dv 145886 fb 0 wn 0
[10025s] tasks 9572/9577  nodes 3.214e+10 (1.8M/s)  sols 20  cl 22 2c 6475189 dv 145926 fb 0 wn 0
[10030s] tasks 9572/9577  nodes 3.215e+10 (1.7M/s)  sols 20  cl 22 2c 6476118 dv 145955 fb 0 wn 0
[10035s] tasks 9572/9577  nodes 3.215e+10 (1.7M/s)  sols 20  cl 22 2c 6477750 dv 145981 fb 0 wn 0
[10040s] tasks 9572/9577  nodes 3.216e+10 (1.8M/s)  sols 20  cl 22 2c 6479006 dv 146026 fb 0 wn 0
[10045s] tasks 9572/9577  nodes 3.217e+10 (1.6M/s)  sols 20  cl 22 2c 6479707 dv 146086 fb 0 wn 0
[10050s] tasks 9572/9577  nodes 3.218e+10 (1.7M/s)  sols 20  cl 22 2c 6480668 dv 146120 fb 0 wn 0
[10055s] tasks 9572/9577  nodes 3.219e+10 (1.7M/s)  sols 20  cl 22 2c 6481831 dv 146168 fb 0 wn 0
[10060s] tasks 9572/9577  nodes 3.220e+10 (1.8M/s)  sols 20  cl 22 2c 6483135 dv 146203 fb 0 wn 0
[10065s] tasks 9572/9577  nodes 3.221e+10 (1.8M/s)  sols 20  cl 22 2c 6484714 dv 146242 fb 0 wn 0
[10070s] tasks 9572/9577  nodes 3.221e+10 (1.7M/s)  sols 20  cl 22 2c 6486218 dv 146285 fb 0 wn 0
[10075s] tasks 9572/9577  nodes 3.222e+10 (1.8M/s)  sols 20  cl 22 2c 6488317 dv 146312 fb 0 wn 0
[10080s] tasks 9572/9577  nodes 3.223e+10 (1.8M/s)  sols 20  cl 22 2c 6490273 dv 146346 fb 0 wn 0
[10085s] tasks 9572/9577  nodes 3.224e+10 (1.9M/s)  sols 20  cl 22 2c 6494037 dv 146383 fb 0 wn 0
[10090s] tasks 9572/9577  nodes 3.225e+10 (1.7M/s)  sols 20  cl 22 2c 6496752 dv 146429 fb 0 wn 0
[10095s] tasks 9572/9577  nodes 3.226e+10 (1.8M/s)  sols 20  cl 22 2c 6498126 dv 146466 fb 0 wn 0
[10100s] tasks 9572/9577  nodes 3.227e+10 (1.8M/s)  sols 20  cl 22 2c 6500653 dv 146507 fb 0 wn 0
[10105s] tasks 9572/9577  nodes 3.228e+10 (1.8M/s)  sols 20  cl 22 2c 6502366 dv 146549 fb 0 wn 0
[10110s] tasks 9572/9577  nodes 3.229e+10 (1.9M/s)  sols 20  cl 22 2c 6504058 dv 146580 fb 0 wn 0
[10115s] tasks 9572/9577  nodes 3.230e+10 (2.0M/s)  sols 20  cl 22 2c 6505961 dv 146617 fb 0 wn 0
[10120s] tasks 9572/9577  nodes 3.230e+10 (1.8M/s)  sols 20  cl 22 2c 6506770 dv 146636 fb 0 wn 0
[10125s] tasks 9572/9577  nodes 3.231e+10 (1.8M/s)  sols 20  cl 22 2c 6507845 dv 146672 fb 0 wn 0
[10130s] tasks 9572/9577  nodes 3.232e+10 (2.0M/s)  sols 20  cl 22 2c 6509627 dv 146711 fb 0 wn 0
[10135s] tasks 9573/9577  nodes 3.233e+10 (1.5M/s)  sols 20  cl 22 2c 6510892 dv 146744 fb 0 wn 0
[10140s] tasks 9573/9577  nodes 3.234e+10 (1.5M/s)  sols 20  cl 22 2c 6515455 dv 146769 fb 0 wn 0
[10145s] tasks 9573/9577  nodes 3.235e+10 (1.5M/s)  sols 20  cl 22 2c 6523210 dv 146796 fb 0 wn 0
[10150s] tasks 9573/9577  nodes 3.235e+10 (1.6M/s)  sols 20  cl 22 2c 6529185 dv 146820 fb 0 wn 0
[10155s] tasks 9573/9577  nodes 3.236e+10 (1.6M/s)  sols 20  cl 22 2c 6530436 dv 146837 fb 0 wn 0
[10160s] tasks 9573/9577  nodes 3.237e+10 (1.6M/s)  sols 20  cl 22 2c 6532027 dv 146857 fb 0 wn 0
[10165s] tasks 9573/9577  nodes 3.238e+10 (1.5M/s)  sols 20  cl 22 2c 6533429 dv 146884 fb 0 wn 0
[10170s] tasks 9573/9577  nodes 3.239e+10 (1.6M/s)  sols 20  cl 22 2c 6535198 dv 146902 fb 0 wn 0
[10175s] tasks 9573/9577  nodes 3.239e+10 (1.6M/s)  sols 20  cl 22 2c 6536996 dv 146921 fb 0 wn 0
[10180s] tasks 9574/9577  nodes 3.240e+10 (1.8M/s)  sols 20  cl 22 2c 6540579 dv 146937 fb 0 wn 0
FOUND 22276800 = 4 7 9 13 16 17 25
[10185s] tasks 9574/9577  nodes 3.241e+10 (1.2M/s)  sols 21  cl 23 2c 6541976 dv 146950 fb 0 wn 0
[10190s] tasks 9574/9577  nodes 3.241e+10 (1.1M/s)  sols 21  cl 23 2c 6542731 dv 146961 fb 0 wn 0
[10195s] tasks 9574/9577  nodes 3.242e+10 (1.2M/s)  sols 21  cl 23 2c 6543648 dv 146970 fb 0 wn 0
[10200s] tasks 9574/9577  nodes 3.243e+10 (1.2M/s)  sols 21  cl 23 2c 6544423 dv 146985 fb 0 wn 0
[10205s] tasks 9574/9577  nodes 3.243e+10 (1.1M/s)  sols 21  cl 23 2c 6545393 dv 147000 fb 0 wn 0
[10210s] tasks 9574/9577  nodes 3.244e+10 (1.2M/s)  sols 21  cl 23 2c 6545751 dv 147015 fb 0 wn 0
[10215s] tasks 9575/9577  nodes 3.244e+10 (0.9M/s)  sols 21  cl 23 2c 6545858 dv 147043 fb 0 wn 0
[10220s] tasks 9575/9577  nodes 3.245e+10 (0.7M/s)  sols 21  cl 23 2c 6546159 dv 147067 fb 0 wn 0
[10225s] tasks 9575/9577  nodes 3.245e+10 (0.7M/s)  sols 21  cl 23 2c 6546379 dv 147081 fb 0 wn 0
[10230s] tasks 9575/9577  nodes 3.245e+10 (0.6M/s)  sols 21  cl 23 2c 6546926 dv 147093 fb 0 wn 0
[10235s] tasks 9575/9577  nodes 3.246e+10 (0.7M/s)  sols 21  cl 23 2c 6547511 dv 147104 fb 0 wn 0
[10240s] tasks 9575/9577  nodes 3.246e+10 (0.8M/s)  sols 21  cl 23 2c 6548317 dv 147109 fb 0 wn 0
[10245s] tasks 9575/9577  nodes 3.247e+10 (0.9M/s)  sols 21  cl 23 2c 6548801 dv 147119 fb 0 wn 0
[10250s] tasks 9575/9577  nodes 3.247e+10 (0.8M/s)  sols 21  cl 23 2c 6548918 dv 147143 fb 0 wn 0
[10255s] tasks 9575/9577  nodes 3.247e+10 (0.6M/s)  sols 21  cl 23 2c 6549143 dv 147169 fb 0 wn 0
[10260s] tasks 9575/9577  nodes 3.248e+10 (0.7M/s)  sols 21  cl 23 2c 6549792 dv 147178 fb 0 wn 0
[10265s] tasks 9575/9577  nodes 3.248e+10 (0.6M/s)  sols 21  cl 23 2c 6550190 dv 147193 fb 0 wn 0
[10270s] tasks 9575/9577  nodes 3.248e+10 (0.7M/s)  sols 21  cl 23 2c 6550571 dv 147211 fb 0 wn 0
[10275s] tasks 9575/9577  nodes 3.249e+10 (0.8M/s)  sols 21  cl 23 2c 6550820 dv 147223 fb 0 wn 0
[10280s] tasks 9575/9577  nodes 3.249e+10 (0.6M/s)  sols 21  cl 23 2c 6551852 dv 147242 fb 0 wn 0
[10285s] tasks 9575/9577  nodes 3.249e+10 (0.7M/s)  sols 21  cl 23 2c 6552596 dv 147258 fb 0 wn 0
[10290s] tasks 9575/9577  nodes 3.250e+10 (0.8M/s)  sols 21  cl 23 2c 6552903 dv 147275 fb 0 wn 0
[10295s] tasks 9575/9577  nodes 3.250e+10 (0.7M/s)  sols 21  cl 23 2c 6553352 dv 147287 fb 0 wn 0
[10300s] tasks 9575/9577  nodes 3.251e+10 (0.8M/s)  sols 21  cl 23 2c 6553726 dv 147296 fb 0 wn 0
[10305s] tasks 9575/9577  nodes 3.251e+10 (0.6M/s)  sols 21  cl 23 2c 6554113 dv 147321 fb 0 wn 0
[10310s] tasks 9575/9577  nodes 3.251e+10 (0.7M/s)  sols 21  cl 23 2c 6555111 dv 147333 fb 0 wn 0
[10315s] tasks 9575/9577  nodes 3.252e+10 (0.7M/s)  sols 21  cl 23 2c 6555776 dv 147349 fb 0 wn 0
[10320s] tasks 9575/9577  nodes 3.252e+10 (0.8M/s)  sols 21  cl 23 2c 6556411 dv 147356 fb 0 wn 0
[10325s] tasks 9576/9577  nodes 3.252e+10 (0.8M/s)  sols 21  cl 23 2c 6557320 dv 147372 fb 0 wn 0
[10330s] tasks 9576/9577  nodes 3.252e+10 (0.4M/s)  sols 21  cl 23 2c 6558300 dv 147372 fb 0 wn 0
[10335s] tasks 9576/9577  nodes 3.253e+10 (0.4M/s)  sols 21  cl 23 2c 6558851 dv 147376 fb 0 wn 0
[10340s] tasks 9576/9577  nodes 3.253e+10 (0.2M/s)  sols 21  cl 23 2c 6559115 dv 147387 fb 0 wn 0
[10345s] tasks 9576/9577  nodes 3.253e+10 (0.3M/s)  sols 21  cl 23 2c 6559597 dv 147397 fb 0 wn 0
[10350s] tasks 9576/9577  nodes 3.253e+10 (0.3M/s)  sols 21  cl 23 2c 6560185 dv 147401 fb 0 wn 0
[10355s] tasks 9576/9577  nodes 3.253e+10 (0.3M/s)  sols 21  cl 23 2c 6560580 dv 147407 fb 0 wn 0
[10360s] tasks 9576/9577  nodes 3.253e+10 (0.3M/s)  sols 21  cl 23 2c 6560918 dv 147417 fb 0 wn 0
[10365s] tasks 9576/9577  nodes 3.254e+10 (0.3M/s)  sols 21  cl 23 2c 6561672 dv 147432 fb 0 wn 0
[10370s] tasks 9576/9577  nodes 3.254e+10 (0.3M/s)  sols 21  cl 23 2c 6561938 dv 147439 fb 0 wn 0
[10375s] tasks 9576/9577  nodes 3.254e+10 (0.3M/s)  sols 21  cl 23 2c 6562095 dv 147450 fb 0 wn 0
[10380s] tasks 9576/9577  nodes 3.254e+10 (0.3M/s)  sols 21  cl 23 2c 6562394 dv 147455 fb 0 wn 0
[10385s] tasks 9576/9577  nodes 3.254e+10 (0.3M/s)  sols 21  cl 23 2c 6562738 dv 147457 fb 0 wn 0
[10390s] tasks 9576/9577  nodes 3.254e+10 (0.3M/s)  sols 21  cl 23 2c 6562972 dv 147464 fb 0 wn 0
[10395s] tasks 9576/9577  nodes 3.254e+10 (0.3M/s)  sols 21  cl 23 2c 6563727 dv 147475 fb 0 wn 0
[10400s] tasks 9576/9577  nodes 3.255e+10 (0.3M/s)  sols 21  cl 23 2c 6564304 dv 147480 fb 0 wn 0
[10405s] tasks 9576/9577  nodes 3.255e+10 (0.3M/s)  sols 21  cl 23 2c 6564890 dv 147487 fb 0 wn 0
[10410s] tasks 9576/9577  nodes 3.255e+10 (0.3M/s)  sols 21  cl 23 2c 6565250 dv 147491 fb 0 wn 0
[10415s] tasks 9576/9577  nodes 3.255e+10 (0.3M/s)  sols 21  cl 23 2c 6565817 dv 147500 fb 0 wn 0
[10420s] tasks 9576/9577  nodes 3.255e+10 (0.3M/s)  sols 21  cl 23 2c 6566100 dv 147515 fb 0 wn 0
[10425s] tasks 9576/9577  nodes 3.255e+10 (0.4M/s)  sols 21  cl 23 2c 6566823 dv 147518 fb 0 wn 0
[10430s] tasks 9576/9577  nodes 3.256e+10 (0.3M/s)  sols 21  cl 23 2c 6567138 dv 147523 fb 0 wn 0
[10435s] tasks 9576/9577  nodes 3.256e+10 (0.3M/s)  sols 21  cl 23 2c 6567908 dv 147531 fb 0 wn 0
[10440s] tasks 9576/9577  nodes 3.256e+10 (0.4M/s)  sols 21  cl 23 2c 6568573 dv 147535 fb 0 wn 0
[10445s] tasks 9576/9577  nodes 3.256e+10 (0.5M/s)  sols 21  cl 23 2c 6569108 dv 147537 fb 0 wn 0
[10450s] tasks 9576/9577  nodes 3.256e+10 (0.3M/s)  sols 21  cl 23 2c 6569268 dv 147548 fb 0 wn 0
[10455s] tasks 9576/9577  nodes 3.256e+10 (0.3M/s)  sols 21  cl 23 2c 6569690 dv 147553 fb 0 wn 0
[10460s] tasks 9576/9577  nodes 3.257e+10 (0.3M/s)  sols 21  cl 23 2c 6570400 dv 147558 fb 0 wn 0
[10465s] tasks 9576/9577  nodes 3.257e+10 (0.4M/s)  sols 21  cl 23 2c 6571284 dv 147559 fb 0 wn 0
[10470s] tasks 9576/9577  nodes 3.257e+10 (0.3M/s)  sols 21  cl 23 2c 6571764 dv 147566 fb 0 wn 0
[10475s] tasks 9576/9577  nodes 3.257e+10 (0.3M/s)  sols 21  cl 23 2c 6572068 dv 147584 fb 0 wn 0
[10480s] tasks 9576/9577  nodes 3.257e+10 (0.3M/s)  sols 21  cl 23 2c 6572463 dv 147592 fb 0 wn 0
[10485s] tasks 9576/9577  nodes 3.257e+10 (0.3M/s)  sols 21  cl 23 2c 6572918 dv 147600 fb 0 wn 0
[10490s] tasks 9576/9577  nodes 3.258e+10 (0.3M/s)  sols 21  cl 23 2c 6573631 dv 147606 fb 0 wn 0
[10495s] tasks 9576/9577  nodes 3.258e+10 (0.3M/s)  sols 21  cl 23 2c 6573949 dv 147615 fb 0 wn 0
[10500s] tasks 9576/9577  nodes 3.258e+10 (0.3M/s)  sols 21  cl 23 2c 6574563 dv 147627 fb 0 wn 0
[10505s] tasks 9576/9577  nodes 3.258e+10 (0.3M/s)  sols 21  cl 23 2c 6575299 dv 147637 fb 0 wn 0
[10510s] tasks 9576/9577  nodes 3.258e+10 (0.2M/s)  sols 21  cl 23 2c 6575903 dv 147650 fb 0 wn 0
[10515s] tasks 9576/9577  nodes 3.258e+10 (0.3M/s)  sols 21  cl 23 2c 6576620 dv 147654 fb 0 wn 0
[10520s] tasks 9576/9577  nodes 3.258e+10 (0.3M/s)  sols 21  cl 23 2c 6576955 dv 147668 fb 0 wn 0
[10525s] tasks 9576/9577  nodes 3.259e+10 (0.3M/s)  sols 21  cl 23 2c 6577574 dv 147674 fb 0 wn 0
[10530s] tasks 9576/9577  nodes 3.259e+10 (0.3M/s)  sols 21  cl 23 2c 6578403 dv 147682 fb 0 wn 0
[10535s] tasks 9576/9577  nodes 3.259e+10 (0.3M/s)  sols 21  cl 23 2c 6578705 dv 147692 fb 0 wn 0
[10540s] tasks 9576/9577  nodes 3.259e+10 (0.3M/s)  sols 21  cl 23 2c 6579152 dv 147697 fb 0 wn 0
[10545s] tasks 9576/9577  nodes 3.259e+10 (0.3M/s)  sols 21  cl 23 2c 6579828 dv 147703 fb 0 wn 0
[10550s] tasks 9576/9577  nodes 3.259e+10 (0.3M/s)  sols 21  cl 23 2c 6580265 dv 147716 fb 0 wn 0
[10555s] tasks 9576/9577  nodes 3.260e+10 (0.3M/s)  sols 21  cl 23 2c 6580798 dv 147722 fb 0 wn 0
[10560s] tasks 9576/9577  nodes 3.260e+10 (0.4M/s)  sols 21  cl 23 2c 6581550 dv 147723 fb 0 wn 0
[10565s] tasks 9576/9577  nodes 3.260e+10 (0.4M/s)  sols 21  cl 23 2c 6582149 dv 147726 fb 0 wn 0
[10570s] tasks 9576/9577  nodes 3.260e+10 (0.4M/s)  sols 21  cl 23 2c 6583152 dv 147726 fb 0 wn 0
[10575s] tasks 9576/9577  nodes 3.260e+10 (0.4M/s)  sols 21  cl 23 2c 6583400 dv 147734 fb 0 wn 0
[10580s] tasks 9576/9577  nodes 3.261e+10 (0.3M/s)  sols 21  cl 23 2c 6583980 dv 147735 fb 0 wn 0
[10585s] tasks 9576/9577  nodes 3.261e+10 (0.3M/s)  sols 21  cl 23 2c 6584942 dv 147743 fb 0 wn 0
[10590s] tasks 9576/9577  nodes 3.261e+10 (0.3M/s)  sols 21  cl 23 2c 6585739 dv 147748 fb 0 wn 0
[10595s] tasks 9576/9577  nodes 3.261e+10 (0.4M/s)  sols 21  cl 23 2c 6586629 dv 147748 fb 0 wn 0
[10600s] tasks 9576/9577  nodes 3.261e+10 (0.3M/s)  sols 21  cl 23 2c 6586938 dv 147762 fb 0 wn 0
[10605s] tasks 9576/9577  nodes 3.261e+10 (0.3M/s)  sols 21  cl 23 2c 6587453 dv 147768 fb 0 wn 0
[10610s] tasks 9576/9577  nodes 3.261e+10 (0.3M/s)  sols 21  cl 23 2c 6588221 dv 147781 fb 0 wn 0
[10615s] tasks 9576/9577  nodes 3.262e+10 (0.3M/s)  sols 21  cl 23 2c 6588591 dv 147788 fb 0 wn 0
[10620s] tasks 9576/9577  nodes 3.262e+10 (0.4M/s)  sols 21  cl 23 2c 6588975 dv 147791 fb 0 wn 0
[10625s] tasks 9576/9577  nodes 3.262e+10 (0.3M/s)  sols 21  cl 23 2c 6589386 dv 147796 fb 0 wn 0
[10630s] tasks 9576/9577  nodes 3.262e+10 (0.4M/s)  sols 21  cl 23 2c 6589840 dv 147798 fb 0 wn 0
[10635s] tasks 9576/9577  nodes 3.262e+10 (0.4M/s)  sols 21  cl 23 2c 6590316 dv 147804 fb 0 wn 0
[10640s] tasks 9576/9577  nodes 3.263e+10 (0.5M/s)  sols 21  cl 23 2c 6590683 dv 147805 fb 0 wn 0
[10645s] tasks 9576/9577  nodes 3.263e+10 (0.3M/s)  sols 21  cl 23 2c 6591227 dv 147809 fb 0 wn 0
[10650s] tasks 9576/9577  nodes 3.263e+10 (0.4M/s)  sols 21  cl 23 2c 6591960 dv 147811 fb 0 wn 0
[10655s] tasks 9576/9577  nodes 3.263e+10 (0.4M/s)  sols 21  cl 23 2c 6592505 dv 147817 fb 0 wn 0
[10661s] tasks 9576/9577  nodes 3.263e+10 (0.3M/s)  sols 21  cl 23 2c 6593150 dv 147823 fb 0 wn 0
[10666s] tasks 9576/9577  nodes 3.264e+10 (0.3M/s)  sols 21  cl 23 2c 6593994 dv 147828 fb 0 wn 0
[10671s] tasks 9576/9577  nodes 3.264e+10 (0.3M/s)  sols 21  cl 23 2c 6594606 dv 147834 fb 0 wn 0
[10676s] tasks 9576/9577  nodes 3.264e+10 (0.4M/s)  sols 21  cl 23 2c 6595506 dv 147836 fb 0 wn 0
[10681s] tasks 9576/9577  nodes 3.264e+10 (0.4M/s)  sols 21  cl 23 2c 6596620 dv 147839 fb 0 wn 0
[10686s] tasks 9576/9577  nodes 3.264e+10 (0.3M/s)  sols 21  cl 23 2c 6597530 dv 147840 fb 0 wn 0
[10691s] tasks 9576/9577  nodes 3.264e+10 (0.4M/s)  sols 21  cl 23 2c 6598364 dv 147842 fb 0 wn 0
[10696s] tasks 9576/9577  nodes 3.265e+10 (0.4M/s)  sols 21  cl 23 2c 6601281 dv 147847 fb 0 wn 0
[10701s] tasks 9576/9577  nodes 3.265e+10 (0.4M/s)  sols 21  cl 23 2c 6601744 dv 147851 fb 0 wn 0
[10706s] tasks 9576/9577  nodes 3.265e+10 (0.4M/s)  sols 21  cl 23 2c 6602268 dv 147852 fb 0 wn 0
[10711s] tasks 9576/9577  nodes 3.265e+10 (0.5M/s)  sols 21  cl 23 2c 6602849 dv 147854 fb 0 wn 0
[10716s] tasks 9576/9577  nodes 3.266e+10 (0.4M/s)  sols 21  cl 23 2c 6603474 dv 147855 fb 0 wn 0
[10721s] tasks 9576/9577  nodes 3.266e+10 (0.5M/s)  sols 21  cl 23 2c 6603758 dv 147859 fb 0 wn 0
[10726s] tasks 9576/9577  nodes 3.266e+10 (0.4M/s)  sols 21  cl 23 2c 6603821 dv 147868 fb 0 wn 0
[10731s] tasks 9576/9577  nodes 3.266e+10 (0.4M/s)  sols 21  cl 23 2c 6603908 dv 147881 fb 0 wn 0
[10736s] tasks 9576/9577  nodes 3.266e+10 (0.4M/s)  sols 21  cl 23 2c 6603990 dv 147888 fb 0 wn 0
[10741s] tasks 9576/9577  nodes 3.267e+10 (0.4M/s)  sols 21  cl 23 2c 6604127 dv 147895 fb 0 wn 0
[10746s] tasks 9576/9577  nodes 3.267e+10 (0.5M/s)  sols 21  cl 23 2c 6604442 dv 147896 fb 0 wn 0
[10751s] tasks 9576/9577  nodes 3.267e+10 (0.3M/s)  sols 21  cl 23 2c 6604607 dv 147906 fb 0 wn 0
[10756s] tasks 9576/9577  nodes 3.267e+10 (0.3M/s)  sols 21  cl 23 2c 6604785 dv 147914 fb 0 wn 0
[10761s] tasks 9576/9577  nodes 3.267e+10 (0.3M/s)  sols 21  cl 23 2c 6605222 dv 147919 fb 0 wn 0
[10766s] tasks 9576/9577  nodes 3.268e+10 (0.3M/s)  sols 21  cl 23 2c 6605624 dv 147924 fb 0 wn 0
[10771s] tasks 9576/9577  nodes 3.268e+10 (0.3M/s)  sols 21  cl 23 2c 6605800 dv 147931 fb 0 wn 0
[10776s] tasks 9576/9577  nodes 3.268e+10 (0.4M/s)  sols 21  cl 23 2c 6605992 dv 147937 fb 0 wn 0
[10781s] tasks 9576/9577  nodes 3.268e+10 (0.3M/s)  sols 21  cl 23 2c 6606424 dv 147944 fb 0 wn 0
[10786s] tasks 9576/9577  nodes 3.268e+10 (0.4M/s)  sols 21  cl 23 2c 6606860 dv 147954 fb 0 wn 0
[10791s] tasks 9576/9577  nodes 3.268e+10 (0.3M/s)  sols 21  cl 23 2c 6607605 dv 147958 fb 0 wn 0
[10796s] tasks 9576/9577  nodes 3.269e+10 (0.4M/s)  sols 21  cl 23 2c 6608023 dv 147961 fb 0 wn 0
[10801s] tasks 9576/9577  nodes 3.269e+10 (0.3M/s)  sols 21  cl 23 2c 6608438 dv 147966 fb 0 wn 0
[10806s] tasks 9576/9577  nodes 3.269e+10 (0.4M/s)  sols 21  cl 23 2c 6608859 dv 147973 fb 0 wn 0
[10811s] tasks 9576/9577  nodes 3.269e+10 (0.4M/s)  sols 21  cl 23 2c 6609422 dv 147974 fb 0 wn 0
[10816s] tasks 9576/9577  nodes 3.269e+10 (0.4M/s)  sols 21  cl 23 2c 6609896 dv 147976 fb 0 wn 0
[10821s] tasks 9576/9577  nodes 3.269e+10 (0.4M/s)  sols 21  cl 23 2c 6610502 dv 147976 fb 0 wn 0
[10826s] tasks 9576/9577  nodes 3.270e+10 (0.4M/s)  sols 21  cl 23 2c 6610673 dv 147980 fb 0 wn 0
[10831s] tasks 9576/9577  nodes 3.270e+10 (0.4M/s)  sols 21  cl 23 2c 6610872 dv 147987 fb 0 wn 0
[10836s] tasks 9576/9577  nodes 3.270e+10 (0.3M/s)  sols 21  cl 23 2c 6611376 dv 147999 fb 0 wn 0
[10841s] tasks 9576/9577  nodes 3.270e+10 (0.3M/s)  sols 21  cl 23 2c 6611997 dv 148003 fb 0 wn 0
[10846s] tasks 9576/9577  nodes 3.270e+10 (0.3M/s)  sols 21  cl 23 2c 6612764 dv 148010 fb 0 wn 0
[10851s] tasks 9576/9577  nodes 3.271e+10 (0.3M/s)  sols 21  cl 23 2c 6613189 dv 148016 fb 0 wn 0
[10856s] tasks 9576/9577  nodes 3.271e+10 (0.4M/s)  sols 21  cl 23 2c 6613640 dv 148022 fb 0 wn 0
[10861s] tasks 9576/9577  nodes 3.271e+10 (0.4M/s)  sols 21  cl 23 2c 6614229 dv 148026 fb 0 wn 0
[10866s] tasks 9576/9577  nodes 3.271e+10 (0.4M/s)  sols 21  cl 23 2c 6614685 dv 148030 fb 0 wn 0
[10871s] tasks 9576/9577  nodes 3.271e+10 (0.5M/s)  sols 21  cl 23 2c 6615139 dv 148031 fb 0 wn 0
[10876s] tasks 9576/9577  nodes 3.272e+10 (0.4M/s)  sols 21  cl 23 2c 6615566 dv 148034 fb 0 wn 0
[10881s] tasks 9576/9577  nodes 3.272e+10 (0.4M/s)  sols 21  cl 23 2c 6616252 dv 148036 fb 0 wn 0
[10886s] tasks 9576/9577  nodes 3.272e+10 (0.5M/s)  sols 21  cl 23 2c 6616607 dv 148039 fb 0 wn 0
[10891s] tasks 9576/9577  nodes 3.272e+10 (0.5M/s)  sols 21  cl 23 2c 6616705 dv 148043 fb 0 wn 0
[10896s] tasks 9576/9577  nodes 3.272e+10 (0.4M/s)  sols 21  cl 23 2c 6617287 dv 148044 fb 0 wn 0
[10901s] tasks 9576/9577  nodes 3.273e+10 (0.4M/s)  sols 21  cl 23 2c 6618004 dv 148045 fb 0 wn 0
[10906s] tasks 9576/9577  nodes 3.273e+10 (0.5M/s)  sols 21  cl 23 2c 6618741 dv 148046 fb 0 wn 0
[10911s] tasks 9576/9577  nodes 3.273e+10 (0.5M/s)  sols 21  cl 23 2c 6620243 dv 148046 fb 0 wn 0
[10916s] tasks 9576/9577  nodes 3.273e+10 (0.5M/s)  sols 21  cl 23 2c 6620450 dv 148047 fb 0 wn 0
[10921s] tasks 9576/9577  nodes 3.273e+10 (0.4M/s)  sols 21  cl 23 2c 6620543 dv 148057 fb 0 wn 0
[10926s] tasks 9576/9577  nodes 3.274e+10 (0.4M/s)  sols 21  cl 23 2c 6620668 dv 148064 fb 0 wn 0
[10931s] tasks 9576/9577  nodes 3.274e+10 (0.4M/s)  sols 21  cl 23 2c 6620750 dv 148069 fb 0 wn 0
[10936s] tasks 9576/9577  nodes 3.274e+10 (0.5M/s)  sols 21  cl 23 2c 6620839 dv 148075 fb 0 wn 0
[10941s] tasks 9576/9577  nodes 3.274e+10 (0.4M/s)  sols 21  cl 23 2c 6621048 dv 148078 fb 0 wn 0
[10946s] tasks 9576/9577  nodes 3.275e+10 (0.4M/s)  sols 21  cl 23 2c 6621612 dv 148083 fb 0 wn 0
[10951s] tasks 9576/9577  nodes 3.275e+10 (0.3M/s)  sols 21  cl 23 2c 6622452 dv 148086 fb 0 wn 0
[10956s] tasks 9576/9577  nodes 3.275e+10 (0.4M/s)  sols 21  cl 23 2c 6622912 dv 148091 fb 0 wn 0
[10961s] tasks 9576/9577  nodes 3.275e+10 (0.4M/s)  sols 21  cl 23 2c 6623358 dv 148093 fb 0 wn 0
[10966s] tasks 9576/9577  nodes 3.275e+10 (0.5M/s)  sols 21  cl 23 2c 6623792 dv 148095 fb 0 wn 0
[10971s] tasks 9576/9577  nodes 3.276e+10 (0.5M/s)  sols 21  cl 23 2c 6624139 dv 148098 fb 0 wn 0
[10976s] tasks 9576/9577  nodes 3.276e+10 (0.5M/s)  sols 21  cl 23 2c 6624994 dv 148098 fb 0 wn 0
[10981s] tasks 9576/9577  nodes 3.276e+10 (0.4M/s)  sols 21  cl 23 2c 6626970 dv 148098 fb 0 wn 0
[10986s] tasks 9576/9577  nodes 3.276e+10 (0.5M/s)  sols 21  cl 23 2c 6627395 dv 148103 fb 0 wn 0
[10991s] tasks 9576/9577  nodes 3.277e+10 (0.4M/s)  sols 21  cl 23 2c 6629255 dv 148103 fb 0 wn 0
[10996s] tasks 9576/9577  nodes 3.277e+10 (0.4M/s)  sols 21  cl 23 2c 6634041 dv 148103 fb 0 wn 0
[11001s] tasks 9576/9577  nodes 3.277e+10 (0.5M/s)  sols 21  cl 23 2c 6639009 dv 148103 fb 0 wn 0
[11006s] tasks 9576/9577  nodes 3.277e+10 (0.5M/s)  sols 21  cl 23 2c 6640833 dv 148112 fb 0 wn 0
[11011s] tasks 9576/9577  nodes 3.277e+10 (0.5M/s)  sols 21  cl 23 2c 6640942 dv 148117 fb 0 wn 0
[11016s] tasks 9576/9577  nodes 3.278e+10 (0.4M/s)  sols 21  cl 23 2c 6641185 dv 148123 fb 0 wn 0
[11021s] tasks 9576/9577  nodes 3.278e+10 (0.5M/s)  sols 21  cl 23 2c 6641363 dv 148128 fb 0 wn 0
[11026s] tasks 9576/9577  nodes 3.278e+10 (0.5M/s)  sols 21  cl 23 2c 6641809 dv 148131 fb 0 wn 0
[11031s] tasks 9576/9577  nodes 3.278e+10 (0.4M/s)  sols 21  cl 23 2c 6642234 dv 148144 fb 0 wn 0
[11036s] tasks 9576/9577  nodes 3.279e+10 (0.3M/s)  sols 21  cl 23 2c 6642273 dv 148158 fb 0 wn 0
[11041s] tasks 9576/9577  nodes 3.279e+10 (0.3M/s)  sols 21  cl 23 2c 6642318 dv 148164 fb 0 wn 0
[11046s] tasks 9576/9577  nodes 3.279e+10 (0.4M/s)  sols 21  cl 23 2c 6642370 dv 148172 fb 0 wn 0
[11051s] tasks 9576/9577  nodes 3.279e+10 (0.4M/s)  sols 21  cl 23 2c 6642416 dv 148186 fb 0 wn 0
[11056s] tasks 9576/9577  nodes 3.279e+10 (0.4M/s)  sols 21  cl 23 2c 6642450 dv 148195 fb 0 wn 0
[11061s] tasks 9576/9577  nodes 3.279e+10 (0.3M/s)  sols 21  cl 23 2c 6642483 dv 148205 fb 0 wn 0
[11066s] tasks 9576/9577  nodes 3.280e+10 (0.4M/s)  sols 21  cl 23 2c 6642531 dv 148212 fb 0 wn 0
[11071s] tasks 9576/9577  nodes 3.280e+10 (0.4M/s)  sols 21  cl 23 2c 6642638 dv 148218 fb 0 wn 0
[11076s] tasks 9576/9577  nodes 3.280e+10 (0.4M/s)  sols 21  cl 23 2c 6642720 dv 148225 fb 0 wn 0
[11081s] tasks 9576/9577  nodes 3.280e+10 (0.4M/s)  sols 21  cl 23 2c 6642749 dv 148233 fb 0 wn 0
[11086s] tasks 9576/9577  nodes 3.280e+10 (0.3M/s)  sols 21  cl 23 2c 6642806 dv 148238 fb 0 wn 0
[11091s] tasks 9576/9577  nodes 3.281e+10 (0.4M/s)  sols 21  cl 23 2c 6642890 dv 148245 fb 0 wn 0
[11096s] tasks 9576/9577  nodes 3.281e+10 (0.3M/s)  sols 21  cl 23 2c 6643306 dv 148252 fb 0 wn 0
[11101s] tasks 9576/9577  nodes 3.281e+10 (0.3M/s)  sols 21  cl 23 2c 6643487 dv 148262 fb 0 wn 0
[11106s] tasks 9576/9577  nodes 3.281e+10 (0.3M/s)  sols 21  cl 23 2c 6643644 dv 148274 fb 0 wn 0
[11111s] tasks 9576/9577  nodes 3.281e+10 (0.4M/s)  sols 21  cl 23 2c 6643842 dv 148280 fb 0 wn 0
[11116s] tasks 9576/9577  nodes 3.281e+10 (0.4M/s)  sols 21  cl 23 2c 6643997 dv 148293 fb 0 wn 0
[11121s] tasks 9576/9577  nodes 3.282e+10 (0.3M/s)  sols 21  cl 23 2c 6644112 dv 148304 fb 0 wn 0
[11126s] tasks 9576/9577  nodes 3.282e+10 (0.3M/s)  sols 21  cl 23 2c 6644238 dv 148311 fb 0 wn 0
[11131s] tasks 9576/9577  nodes 3.282e+10 (0.4M/s)  sols 21  cl 23 2c 6644375 dv 148318 fb 0 wn 0
[11136s] tasks 9576/9577  nodes 3.282e+10 (0.4M/s)  sols 21  cl 23 2c 6644527 dv 148327 fb 0 wn 0
[11141s] tasks 9576/9577  nodes 3.282e+10 (0.4M/s)  sols 21  cl 23 2c 6644688 dv 148340 fb 0 wn 0
[11146s] tasks 9576/9577  nodes 3.282e+10 (0.4M/s)  sols 21  cl 23 2c 6644733 dv 148349 fb 0 wn 0
[11151s] tasks 9576/9577  nodes 3.283e+10 (0.4M/s)  sols 21  cl 23 2c 6644910 dv 148360 fb 0 wn 0
[11156s] tasks 9576/9577  nodes 3.283e+10 (0.4M/s)  sols 21  cl 23 2c 6645105 dv 148365 fb 0 wn 0
[11161s] tasks 9576/9577  nodes 3.283e+10 (0.4M/s)  sols 21  cl 23 2c 6645300 dv 148374 fb 0 wn 0
[11166s] tasks 9576/9577  nodes 3.283e+10 (0.4M/s)  sols 21  cl 23 2c 6645553 dv 148376 fb 0 wn 0
[11171s] tasks 9576/9577  nodes 3.283e+10 (0.4M/s)  sols 21  cl 23 2c 6645735 dv 148379 fb 0 wn 0
[11176s] tasks 9576/9577  nodes 3.284e+10 (0.5M/s)  sols 21  cl 23 2c 6645824 dv 148391 fb 0 wn 0
[11181s] tasks 9576/9577  nodes 3.284e+10 (0.4M/s)  sols 21  cl 23 2c 6645868 dv 148395 fb 0 wn 0
[11186s] tasks 9576/9577  nodes 3.284e+10 (0.4M/s)  sols 21  cl 23 2c 6646005 dv 148404 fb 0 wn 0
[11191s] tasks 9577/9577  nodes 3.284e+10 (0.4M/s)  sols 21  cl 23 2c 6646049 dv 148404 fb 0 wn 0
done in 11191s, 32842933482 nodes, warnings 0

== COMPLETE: all infinitary perfect numbers <= 10000000000000000000000000000 ==
a(1) = 6  = 2 3
a(2) = 60  = 3 4 5
a(3) = 90  = 2 5 9
a(4) = 36720  = 3 5 9 16 17
a(5) = 12646368  = 2 7 16 17 41 81
a(6) = 22276800  = 4 7 9 13 16 17 25
a(7) = 126463680  = 4 5 7 16 17 41 81
a(8) = 4201148160  = 3 5 9 11 43 256 257
a(9) = 28770487200  = 2 13 16 17 25 41 49 81
a(10) = 287704872000  = 4 5 13 16 17 25 41 49 81
a(11) = 1446875426304  = 2 7 11 41 43 81 256 257
a(12) = 2548696550400  = 4 7 9 11 13 25 43 256 257
a(13) = 14468754263040  = 4 5 7 11 41 43 81 256 257
a(14) = 590325173932032  = 3 7 11 16 17 41 43 81 256 257
a(15) = 3291641594841600  = 2 11 13 25 41 43 49 81 256 257
a(16) = 8854877608980480  = 5 7 9 11 16 17 41 43 81 256 257
a(17) = 32916415948416000  = 4 5 11 13 25 41 43 49 81 256 257
a(18) = 1342989770695372800  = 3 11 13 16 17 25 41 43 49 81 256 257
a(19) = 20144846560430592000  = 5 9 11 13 16 17 25 41 43 49 81 256 257
a(20) = 1441560489708423064780800  = 3 7 11 13 25 41 49 81 83 331 65536 65537
a(21) = 21623407345626345971712000  = 5 7 9 11 13 25 41 49 81 83 331 65536 65537
