1 46
2 26
3 121
4 109
5 157
6 211
7 209
8 197
9 257
10 307
11 381
12 576
13 463
14 676
15 601
16 701
17 757
18 842
19 929
20 1086
21 1123
22 1445
23 1333
24 1717
25 1297
26 1801
27 1522
28 2092
29 1765
30 2393
31 2026
32 2026
33 2305
34 2696
35 2501
36 2701
37 2757
38 2971
39 3133
40 3600
41 3421
42 3718
43 4411
44 3845
45 4551
46 4031
47 4691
48 4423
49 5849
50 4691
51 5391
52 5181
53 5326
54 5851
55 5930
56 6001
57 6315
58 5777
59 6716
60 6890
61 6401
62 7396
63 6725
64 7057
65 7913
66 7999
67 7745
68 8545
69 8461
70 8465
71 9401
72 8650
73 9217
74 9701
75 11717
76 10000
77 11017
78 11323
79 10507
80 10405
81 11131
82 11665
83 12092
84 12645
85 12097
86 12993
87 12545
88 12770
89 13222
90 13571
91 14401
92 14633
93 16681
94 15005
95 14763
96 16114
97 16385
98 15499
99 16765
100 16384
101 16638
102 17689
103 17029
104 17817
105 17690
106 18222
107 18493
108 20129
109 19461
110 20295
111 19882
112 20450
113 19601
114 21727
115 21601
116 23215
117 21026
118 21755
119 23245
120 23692
121 22501
122 24777
123 24805
124 26236
125 24026
126 25913
127 24807
128 28209
129 25601
130 28027
131 28373
132 27711
133 27226
134 27556
135 28892
136 30439
137 28901
138 31477
139 31294
140 29757
141 30626
142 31676
143 31326
144 34516
145 32401
146 32575
147 34021
148 34222
149 34226
150 33856
151 34783
152 37250
153 36101
154 36289
155 37249
156 39952
157 37829
158 38026
159 37636
160 39196
161 40001
162 39201
163 42769
164 42225
165 40603
166 43045
167 41613
168 42437
169 44101
170 44506
171 45788
172 46201
173 45581
174 47301
175 46011
176 46011
177 48401
178 46439
179 49721
180 47962
181 50176
182 48838
183 51715
184 49505
185 52901
186 51297
187 54521
188 51981
189 52438
190 53816
191 53593
192 54757
193 57601
194 55455
195 57361
196 54757
197 57355
198 59034
199 58556
200 61480
201 57601
202 61006
203 60757
204 60757
205 63751
206 60517
207 61998
208 64009
209 63751
210 67329
211 63505
212 66556
213 66295
214 66817
215 66049
216 66565
217 69170
218 72629
219 69955
220 72063
221 69697
222 73711
223 71289
224 73165
225 78337
226 72901
227 76177
228 79231
229 74530
230 76995
231 76177
232 79795
233 79509
234 79801
235 84259
236 79525
237 82345
238 83233
239 83227
240 82655
241 82366
242 84967
243 87301
244 86725
245 84101
246 84391
247 87901
248 90883
249 87613
250 91169
251 90001
252 96553
253 90903
254 93628
255 95735
256 93637
257 97657
258 95785
259 95771
260 95171
261 97013
262 101371
263 99217
264 96722
265 101423
266 100795
267 100171
268 103965
269 104641
270 103041
271 103676
272 108193
273 103681
274 104973
275 107893
276 106276
277 108569
278 113887
279 108238
280 112881
281 109893
282 113545
283 117251
284 113895
285 113569
286 116965
287 116273
288 114245
289 121447
290 119692
291 121069
292 117305
293 125268
294 120406
295 125253
296 124594
297 121798
298 130663
299 122849
300 126025
301 126025
302 126375
303 127807
304 127446
305 128161
306 133957
307 131036
308 135416
309 136126
310 135787
311 133585
312 135781
313 132497
314 143257
315 137265
316 138755
317 138007
318 144337
319 137642
320 140626
321 142885
322 143257
323 144021
324 149371
325 142885
326 147448
327 152065
328 153629
329 150529
330 153267
331 148226
332 148611
333 153656
334 154441
335 156401
336 159581
337 153665
338 157193
339 163181
340 168873
341 162001
342 159992
343 159202
344 164025
345 165646
346 161203
347 167691
348 167661
349 164837
350 170145
351 174689
352 174301
353 169741
354 173431
355 170570
356 173048
357 173471
358 178069
359 177242
360 184006
361 176401
362 186061
363 177242
364 185325
365 183160
366 179776
367 181477
368 181477
369 188332
370 184900
371 184900
372 192211
373 187917
374 194466
375 190093
376 192713
377 192277
378 198415
379 194482
380 194473
381 198001
382 202452
383 198913
384 204715
385 200255
386 201598
387 203847
388 209716
389 201601
390 208834
391 205201
392 215293
393 208393
394 212031
395 212963
396 219862
397 213445
398 217141
399 222203
400 227917
401 223630
402 219491
403 215759
404 227033
405 217157
406 228873
407 225577
408 220901
409 226101
410 232717
411 227041
412 230869
413 230392
414 234669
415 233290
416 228963
417 242551
418 244489
419 235225
420 242527
421 240101
422 237645
423 242064
424 238141
425 240101
426 244501
427 241082
428 247505
429 245509
430 249001
431 246013
432 252974
433 250501
434 254990
435 258501
436 252507
437 255531
438 261118
439 259571
440 260581
441 271961
442 261633
443 261621
444 265222
445 268325
446 261631
447 266257
448 266767
449 269869
450 269869
451 275626
452 269358
453 278255
454 270919
455 283545
456 279301
457 278245
458 277197
459 285679
460 278781
461 279838
462 283557
463 290522
464 285148
465 290521
466 290518
467 295387
468 288901
469 298117
470 287297
471 303538
472 294850
473 295387
474 297010
475 298108
476 301386
477 295937
478 301951
479 311316
480 299757
481 305251
482 307459
483 314155
484 304705
485 315281
486 312473
487 317503
488 314706
489 316954
490 324900
491 313601
492 318661
493 322624
494 322616
495 320917
496 323746
497 330049
498 322625
499 327176
500 336392
501 339854
502 332914
503 336376
504 341629
505 331777
506 342210
507 344489
508 341599
509 342210
510 339305
511 352187
512 341057
513 351641
514 349843
515 354022
516 348679
517 361138
518 348691
519 350465
520 365419
521 364801
522 356987
523 362389
524 358197
525 366611
526 359997
527 361797
528 374520
529 366017
530 372065
531 376341
532 376341
533 367843
534 370881
535 374541
536 389376
537 375766
538 378210
539 381277
540 379457
541 395641
542 386243
543 385001
544 404433
545 397475
546 391239
547 388126
548 401941
549 399389
550 398773
551 393751
552 400665
553 401921
554 399425
555 412675
556 400057
557 401321
558 401957
559 408297
560 403225
561 409601
562 408322
563 420553
564 414073
565 414737
566 411523
567 418609
568 419905
569 419896
570 425727
571 432929
572 432964
573 434885
574 423802
575 430337
576 431646
577 432307
578 433621
579 435585
580 444133
581 444841
582 440897
583 452786
584 446216
585 454241
586 455577
587 454921
588 448885
589 450217
590 458951
591 462337
592 465089
593 450911
594 454951
595 461679
596 462401
597 461041
598 456301
599 469177
600 464443
601 474686
602 472601
603 473345
604 466490
605 479551
606 478816
607 491353
608 479527
609 477473
610 484417
611 504769
612 485101
613 494823
614 483715
615 487196
616 509541
617 495617
618 507657
619 487903
620 497010
621 492801
622 504799
623 501971
624 499846
625 501973
626 526219
627 502681
628 508370
629 505518
630 511935
631 509081
632 519793
633 519109
634 524899
635 517681
636 521269
637 529201
638 522726
639 534337
640 522007
641 544609
642 533601
643 539471
644 537274
645 541697
646 530711
647 552611
648 538748
649 547597
650 550465
651 543905
652 553537
653 543166
654 561619
655 545381
656 567553
657 562437
658 575251
659 561749
660 555765
661 567001
662 558006
663 559501
664 567761
665 588290
666 573041
667 568508
668 580620
669 591326
670 577601
671 573801
672 586753
673 571537
674 581395
675 584449
676 591362
677 584455
678 594433
679 588281
680 601359
681 585226
682 602947
683 598291
684 598301
685 616126
686 599845
687 602941
688 607579
689 599077
690 623299
691 611489
692 611516
693 626467
694 627265
695 617781
696 625673
697 613090
698 627264
699 626461
700 619369
701 627256
702 628841
703 624100
704 630437
705 627265
706 639199
707 639189
708 647179
709 633617
710 646417
711 648001
712 647191
713 641602
714 646408
715 655279
716 658521
717 661771
718 658521
719 663381
720 683606
721 656101
722 667474
723 664226
724 669931
725 673993
726 673191
727 678141
728 677330
729 670762
730 687217
731 684745
732 675684
733 686401
734 688885
735 678977
736 703011
737 685585
738 703906
739 699721
740 706429
741 698897
742 708884
743 702209
744 707246
745 697225
746 720801
747 714010
748 705597
749 708117
750 719933
751 725856
752 725880
753 715717
754 736140
755 730159
756 731010
757 732721
758 733591
759 728451
760 741273
761 731026
762 750793
763 731026
764 759273
765 769665
766 751665
767 747341
768 746472
769 746497
770 743907
771 761245
772 752555
773 760369
774 773519
775 767376
776 759511
777 762130
778 787447
779 762126
780 762130
781 765622
782 766501
783 792020
784 773519
785 777925
786 777031
787 792971
788 787615
789 784988
790 792085
791 808919
792 793846
793 792979
794 802801
795 788545
796 799228
797 815346
798 817181
799 823467
800 822506
801 810001
802 829726
803 825361
804 818990
805 822601
806 833554
807 836239
808 819931
809 826282
810 823551
811 829011
812 833566
813 834483
814 850965
815 837210
816 834477
817 842725
818 844553
819 847291
820 866761
821 861981
822 843643
823 850076
824 871367
825 859330
826 861160
827 872321
828 863959
829 880753
830 879796
831 875149
832 878887
833 876097
834 890137
835 892069
836 877031
837 897625
838 888301
839 892009
840 891136
841 893026
842 909163
843 889246
844 898689
845 892081
846 891136
847 918591
848 936664
849 905351
850 909163
851 919673
852 927270
853 926351
854 931145
855 913937
856 908210
857 921592
858 933057
859 938898
860 931190
861 934093
862 943783
863 952568
864 955351
865 944785
866 938937
867 946694
868 937993
869 960301
870 940897
871 953533
872 962353
873 951595
874 955495
875 958417
876 952576
877 963331
878 981061
879 960397
880 976120
881 978106
882 982018
883 996991
884 978097
885 991917
886 972197
887 990022
888 994009
889 994009
890 1000945
891 995996
892 990026
893 993013
894 1002001
895 1003980
896 1014947
897 1004004
898 998999
899 1018046
900 1011019
901 1024141
902 1018057
903 1032157
904 1015057
905 1034290
906 1018078
907 1037287
908 1021109
909 1040376
910 1033273
911 1038337
912 1039381
913 1038362
914 1037337
915 1050617
916 1040397
917 1042438
918 1052673
919 1068117
920 1058817
921 1068103
922 1056776
923 1072261
924 1063993
925 1073288
926 1063987
927 1067090
928 1060901
929 1079497
930 1076395
931 1096089
932 1089921
933 1080555
934 1095133
935 1085756
936 1110901
937 1081601
938 1096194
939 1090975
940 1104601
941 1107751
942 1137043
943 1103545
944 1107745
945 1127845
946 1102501
947 1121457
948 1131003
949 1156699
950 1121473
951 1144876
952 1141691
953 1129954
954 1124655
955 1123601
956 1142737
957 1142713
958 1141663
959 1180177
960 1144892
961 1147033
962 1152383
963 1170556
964 1144901
965 1164217
966 1177222
967 1163151
968 1185918
969 1167481
970 1177190
971 1175008
972 1188085
973 1166401
974 1167481
975 1201117
976 1176139
977 1196788
978 1193557
979 1191361
980 1197901
981 1216561
982 1188101
983 1199010
984 1205589
985 1200109
986 1208889
987 1244329
988 1223116
989 1220990
990 1241955
991 1210001
992 1222129
993 1212201
994 1248675
995 1219921
996 1233199
997 1227661
998 1243210
999 1255501
1000 1232101
1001 1246571
1002 1267777
1003 1252158
1004 1251023
1005 1244339
1006 1257733
1007 1258884
1008 1256633
1009 1254401
1010 1279126
1011 1266751
1012 1274626
1013 1274641
1014 1281376
1015 1279113
1016 1289251
1017 1272385
1018 1276901
1019 1323189
1020 1313217
1021 1287071
1022 1299537
1023 1301866
1024 1327005
1025 1312171
1026 1313236
1027 1299601
1028 1324798
1029 1323519
1030 1303023
1031 1324801
1032 1323609
1033 1314457
1034 1338586
1035 1337463
1036 1322501
1037 1344331
1038 1324802
1039 1351275
1040 1342093
1041 1342111
1042 1363037
1043 1334026
1044 1360667
1045 1345601
1046 1351387
1047 1357217
1048 1372323
1049 1346761
1050 1353733
1051 1364189
1052 1368876
1053 1386501
1054 1368901
1055 1378252
1056 1381759
1057 1391201
1058 1400671
1059 1398251
1060 1422961
1061 1380622
1062 1395931
1063 1385326
1064 1400631
1065 1401848
1066 1420865
1067 1397125
1068 1413686
1069 1412527
1070 1400671
1071 1419617
1072 1416101
1073 1447174
1074 1419667
1075 1430353
1076 1454181
1077 1426819
1078 1458015
1079 1447161
1080 1455643
1081 1440001
1082 1453211
1083 1456814
1084 1468776
1085 1449616
1086 1476177
1087 1441201
1088 1460471
1089 1493029
1090 1464101
1091 1477369
1092 1465311
1093 1476222
1094 1496863
1095 1464100
1096 1475009
1097 1513999
1098 1484743
1099 1481081
1100 1477439
1101 1485962
1102 1512876
1103 1494507
1104 1519027
1105 1525177
1106 1503073
1107 1498177
1108 1496953
1109 1514089
1110 1536205
1111 1523961
1112 1523985
1113 1528877
1114 1517825
1115 1526441
1116 1531395
1117 1537601
1118 1543777
1119 1558751
1120 1531407
1121 1550025
1122 1573661
1123 1548775
1124 1577456
1125 1569961
1126 1562501
1127 1583793
1128 1570001
1129 1568751
1130 1556255
1131 1575026
1132 1607821
1133 1586269
1134 1582549
1135 1587601
1136 1582540
1137 1628077
1138 1577537
1139 1595169
1140 1601479
1141 1610353
1142 1588859
1143 1614129
1144 1612901
1145 1606551
1146 1611611
1147 1631917
1148 1629343
1149 1647301
1150 1646041
1151 1630729
1152 1634543
1153 1624345
1154 1637079
1155 1639661
1156 1635833
1157 1657615
1158 1635833
1159 1670555
1160 1673033
1161 1670401
1162 1660231
1163 1656361
1164 1657657
1165 1674356
1166 1658945
1167 1660233
1168 1686031
1169 1687398
1170 1687377
1171 1690001
1172 1671850
1173 1692586
1174 1714659
1175 1684796
1176 1713361
1177 1684801
1178 1708234
1179 1690001
1180 1695204
1181 1719991
1182 1743721
1183 1730485
1184 1740949
1185 1743611
1186 1746181
1187 1713478
1188 1731853
1189 1739753
1190 1734486
1191 1729222
1192 1763504
1193 1730539
1194 1778113
1195 1746361
1196 1745041
1197 1788865
1198 1762237
1199 1760914
1200 1750329
1201 1772863
1202 1766238
1203 1787489
1204 1799533
1205 1784848
1206 1788905
1207 1780879
1208 1770229
1209 1788905
1210 1787554
1211 1806333
1212 1804937
1213 1812991
1214 1788907
1215 1823741
1216 1814361
1217 1798278
1218 1810365
1219 1802305
1220 1840037
1221 1825201
1222 1838733
1223 1845367
1224 1850919
1225 1831961
1226 1826547
1227 1836025
1228 1830606
1229 1833313
1230 1840093
1231 1865941
1232 1853681
1233 1896129
1234 1859121
1235 1855036
1236 1902889
1237 1867311
1238 1881007
1239 1864585
1240 1875525
1241 1860497
1242 1879642
1243 1901561
1244 1883745
1245 1892001
1246 1928998
1247 1889245
1248 1932076
1249 1896121
1250 1930601
1251 1890626
1252 1932020
1253 1912674
1254 1920993
1255 1919605
1256 1925157
1257 1936273
1258 1922377
1259 1927921
1260 1964147
1261 1920997
1262 1941823
1263 1934873
1264 1957202
1265 1974010
1266 1948808
1267 2000805
1268 1954405
1269 1959985
1270 1988101
1271 1951610
1272 1995001
1273 2007841
1274 1989481
1275 1976812
1276 2024830
1277 1981057
1278 1985273
1279 1992313
1280 2000755
1281 1982465
1282 2038989
1283 2009307
1284 2020661
1285 2009295
1286 1997981
1287 2066317
1288 2039121
1289 2020661
1290 2033396
1291 2013562
1292 2034903
1293 2030601
1294 2059225
1295 2063503
1296 2043429
1297 2059177
1298 2049181
1299 2057761
1300 2052057
1301 2044901
1302 2090868
1303 2086399
1304 2070706
1305 2083583
1306 2075029
1307 2095255
1308 2096689
1309 2090881
1310 2087990
1311 2076482
1312 2092343
1313 2118469
1314 2090913
1315 2119873
1316 2114101
1317 2089471
1318 2114101
1319 2099601
1320 2163761
1321 2108305
1322 2128682
1323 2117017
1324 2150551
1325 2150603
1326 2163838
1327 2153447
1328 2154944
1329 2156473
1330 2178568
1331 2135981
1332 2157958
1333 2172661
1334 2150621
1335 2169714
1336 2149157
1337 2187406
1338 2180033
1339 2184421
1340 2202248
1341 2172677
1342 2196300
1343 2225896
1344 2205217
1345 2187441
1346 2181529
1347 2208133
1348 2190401
1349 2224517
1350 2229050
1351 2205226
1352 2240961
1353 2260507
1354 2240910
1355 2236431
1356 2220101
1357 2232028
1358 2234990
1359 2243969
1360 2249937
1361 2238017
1362 2236521
1363 2243996
1364 2266511
1365 2295217
1366 2299753
1367 2277082
1368 2305687
1369 2274029
1370 2298241
1371 2263521
1372 2274064
1373 2292196
1374 2289170
1375 2295177
1376 2281611
1377 2307281
1378 2310397
1379 2310401
1380 2292197
1381 2304325
1382 2320981
1383 2331729
1384 2345493
1385 2336293
1386 2321047
1387 2350074
1388 2347025
1389 2362270
1390 2351567
1391 2322577
1392 2331729
1393 2354679
1394 2350086
1395 2376203
1396 2373121
1397 2382393
1398 2383901
1399 2365444
1400 2377765
1401 2371601
1402 2370055
1403 2370055
1404 2390092
1405 2403941
1406 2383937
1407 2383936
1408 2399393
1409 2422691
1410 2410245
1411 2405602
1412 2402485
1413 2439764
1414 2450519
1415 2450761
1416 2477468
1417 2458481
1418 2453881
1419 2456985
1420 2452356
1421 2439845
1422 2460103
1423 2475721
1424 2471160
1425 2471149
1426 2486914
1427 2452348
1428 2510639
1429 2450789
1430 2466465
1431 2474330
1432 2493217
1433 2515228
1434 2501087
1435 2486894
1436 2512201
1437 2493233
1438 2512145
1439 2493238
1440 2539223
1441 2507431
1442 2504307
1443 2499561
1444 2523321
1445 2521729
1446 2558359
1447 2513809
1448 2542389
1449 2534461
1450 2532853
1451 2544026
1452 2545609
1453 2548813
1454 2558395
1455 2537649
1456 2544025
1457 2585664
1458 2596877
1459 2617756
1460 2585565
1461 2579237
1462 2622779
1463 2609811
1464 2606539
1465 2571213
1466 2611421
1467 2592092
1468 2596927
1469 2604972
1470 2648575
1471 2614690
1472 2630860
1473 2613071
1474 2653617
1475 2663200
1476 2655241
1477 2634094
1478 2626001
1479 2648715
1480 2653626
1481 2650385
1482 2660098
1483 2650369
1484 2647114
1485 2676376
1486 2712354
1487 2678091
1488 2709028
1489 2702541
1490 2665045
1491 2686322
1492 2671579
1493 2715904
1494 2705926
1495 2687959
1496 2730575
1497 2734021
1498 2709308
1499 2767227
1500 2752026
1501 2704375
1502 2740499
1503 2714245
1504 2725801
1505 2752281
1506 2720851
1507 2747301
1508 2745646
1509 2740639
1510 2734061
1511 2758922
1512 2750623
1513 2803949
1514 2747307
1515 2798674
1516 2772190
1517 2755601
1518 2778826
1519 2785526
1520 2842533
1521 2795585
1522 2797245
1523 2788876
1524 2773891
1525 2842476
1526 2807271
1527 2824009
1528 2842548
1529 2830777
1530 2873017
1531 2817351
1532 2829125
1533 2822392
1534 2839226
1535 2866150
1536 2889712
1537 2864527
1538 2859401
1539 2847645
1540 2861131
1541 2844281
1542 2857749
1543 2862865
1544 2906990
1545 2884861
1546 2862856
1547 2889985
1548 2862861
1549 2896769
1550 2891659
1551 2884891
1552 2922319
1553 2898465
1554 2901883
1555 2917216
1556 2924092
1557 2939401
1558 2939455
1559 2903613
1560 2960031
1561 2941190
1562 2947990
1563 2961646
1564 2930941
1565 2942929
1566 2948074
1567 2970321
1568 2951524
1569 3011581
1570 2978977
1571 2970451
1572 2982521
1573 3015193
1574 2982481
1575 2967005
1576 2968726
1577 3010210
1578 3011829
1579 2999800
1580 3024058
1581 3018905
1582 2984255
1583 3032733
1584 3008471
1585 3034561
1586 3006757
1587 3029339
1588 3025841
1589 3053625
1590 3057223
1591 3046715
1592 3024118
1593 3062476
1594 3029339
1595 3102841
1596 3099305
1597 3064209
1598 3092141
1599 3076468
1600 3095709
1601 3097601
1602 3064245
1603 3081781
1604 3069501
1605 3073006
1606 3083537
1607 3123925
1608 3106365
1609 3111693
1610 3094081
1611 3108169
1612 3104636
1613 3131089
1614 3131125
1615 3195137
1616 3116985
1617 3173723
1618 3111697
1619 3148809
1620 3186057
1621 3175525
1622 3136442
1623 3166601
1624 3198601
1625 3152395
1626 3179065
1627 3161276
1628 3177307
1629 3154177
1630 3191541
1631 3193354
1632 3186210
1633 3214706
1634 3213037
1635 3241495
1636 3243553
1637 3198727
1638 3205879
1639 3234547
1640 3196945
1641 3234561
1642 3227393
1643 3339451
1644 3245401
1645 3230987
1646 3236393
1647 3288727
1648 3283320
1649 3250794
1650 3279706
1651 3240001
1652 3268840
1653 3259819
1654 3288771
1655 3279722
1656 3296041
1657 3279722
1658 3283336
1659 3286961
1660 3296021
1661 3319660
1662 3283345
1663 3321465
1664 3339751
1665 3314219
1666 3345098
1667 3321495
1668 3391103
1669 3367217
1670 3328789
1671 3341560
1672 3352498
1673 3326977
1674 3365349
1675 3367145
1676 3383605
1677 3363521
1678 3394765
1679 3381906
1680 3446537
1681 3372721
1682 3385601
1683 3422276
1684 3370897
1685 3409521
1686 3435373
1687 3409507
1688 3407701
1689 3448369
1690 3405859
1691 3435407
1692 3402179
1693 3433574
1694 3439165
1695 3415105
1696 3453981
1697 3457735
1698 3508129
1699 3478082
1700 3478162
1701 3478162
1702 3461449
1703 3461449
1704 3480049
1705 3487555
1706 3459601
1707 3481932
1708 3534232
1709 3470766
1710 3522986
1711 3521181
1712 3513751
1713 3509961
1714 3491287
1715 3526836
1716 3560706
1717 3504385
1718 3543765
1719 3562645
1720 3525001
1721 3545681
1722 3545674
1723 3556933
1724 3540037
1725 3551329
1726 3570101
1727 3585337
1728 3549457
1729 3589089
1730 3583425
1731 3585271
1732 3613658
1733 3602380
1734 3594801
1735 3598585
1736 3596701
1737 3623283
1738 3640416
1739 3594817
1740 3619501
1741 3640440
1742 3697830
1743 3659426
1744 3657657
1745 3644201
1746 3644257
1747 3630929
1748 3667162
1749 3691891
1750 3640465
1751 3672943
1752 3655736
1753 3638557
1754 3680623
1755 3701768
1756 3686352
1757 3682562
1758 3688309
1759 3676807
1760 3793744
1761 3686401
1762 3736426
1763 3692161
1764 3690238
1765 3707549
1766 3778968
1767 3769381
1768 3736465
1769 3734545
1770 3742291
1771 3730687
1772 3732609
1773 3800419
1774 3753865
1775 3763552
1776 3748096
1777 3751954
1778 3769403
1779 3783001
1780 3781069
1781 3812167
1782 3802380
1783 3779137
1784 3821857
1785 3794680
1786 3802476
1787 3845378
1788 3800551
1789 3818101
1790 3829825
1791 3827881
1792 3859259
1793 3829825
1794 3825937
1795 3882859
1796 3837657
1797 3900265
1798 3847441
1799 3853361
1800 3855291
1801 3859241
1802 3874981
1803 3910397
1804 3902529
1805 3873025
1806 3902491
1807 3896661
1808 3898651
1809 3940082
1810 3882871
1811 3884841
1812 3924337
1813 3922369
1814 3910505
1815 3918391
1816 3920401
1817 3964081
1818 3938211
1819 3950127
1820 3928325
1821 3977899
1822 3993947
1823 3948154
1824 3936253
1825 3968001
1826 3974031
1827 3968065
1828 4027825
1829 3966073
1830 4003902
1831 3997945
1832 3978019
1833 4020001
1834 4020001
1835 4018009
1836 4033917
1837 4050157
1838 4016017
1839 4007996
1840 4016017
1841 4038035
1842 4024028
1843 4104628
1844 4090201
1845 4056148
1846 4066261
1847 4082239
1848 4116553
1849 4052169
1850 4090477
1851 4064248
1852 4108649
1853 4108681
1854 4106613
1855 4086443
1856 4116817
1857 4104673
1858 4124818
1859 4094551
1860 4112776
1861 4165426
1862 4122925
1863 4155453
1864 4149370
1865 4179825
1866 4163459
1867 4149321
1868 4139185
1869 4149354
1870 4177873
1871 4161601
1872 4184015
1873 4167723
1874 4175881
1875 4231106
1876 4167723
1877 4184041
1878 4210624
1879 4175891
1880 4237423
1881 4202500
1882 4198386
1883 4202492
1884 4231150
1885 4218892
1886 4258003
1887 4322206
1888 4245605
1889 4264201
1890 4241541
1891 4286839
1892 4231250
1893 4260097
1894 4272390
1895 4318060
1896 4262159
1897 4282789
1898 4311823
1899 4301377
1900 4295227
1901 4278693
1902 4315935
1903 4289017
1904 4309777
1905 4311847
1906 4299397
1907 4309752
1908 4353483
1909 4328461
1910 4297330
1911 4363897
1912 4320151
1913 4334709
1914 4376464
1915 4355554
1916 4370171
1917 4435156
1918 4395203
1919 4357645
1920 4376461
1921 4372266
1922 4403613
1923 4370185
1924 4437233
1925 4443584
1926 4410001
1927 4458091
1928 4428831
1929 4420501
1930 4477096
1931 4414202
1932 4437323
1933 4454199
1934 4462645
1935 4498521
1936 4462567
1937 4460545
1938 4443649
1939 4437341
1940 4445773
1941 4485921
1942 4507030
1943 4502885
1944 4456318
1945 4492275
1946 4543237
1947 4536612
1948 4485924
1949 4511368
1950 4530457
1951 4560019
1952 4509253
1953 4566734
1954 4543237
1955 4566745
1956 4524130
1957 4630816
1958 4609594
1959 4562497
1960 4545425
1961 4556035
1962 4568817
1963 4596637
1964 4624651
1965 4598839
1966 4618177
1967 4568905
1968 4611685
1969 4669897
1970 4613905
1971 4615963
1972 4646049
1973 4601017
1974 4678534
1975 4626801
1976 4633251
1977 4620331
1978 4661266
1979 4667605
1980 4654801
1981 4665601
1982 4665552
1983 4663421
1984 4730626
1985 4659121
1986 4674196
1987 4656956
1988 4713073
1989 4656961
1990 4678561
1991 4672077
1992 4687210
1993 4700221
1994 4734833
1995 4743489
1996 4724103
1997 4782529
1998 4739326
1999 4728439
2000 4767583
2001 4713238
2002 4756698
2003 4734976
2004 4774105
2005 4750219
2006 4763305
2007 4767643
2008 4785085
2009 4804669
2010 4826785
2011 4817882
2012 4782945
2013 4802667
2014 4809214
2015 4852985
2016 4785155
2017 4859731
2018 4897226
2019 4857421
2020 4846603
2021 4846591
2022 4877461
2023 4829007
2024 4846583
2025 4853194
2026 4824611
2027 4866388
2028 4855407
2029 4842201
2030 4899571
2031 4857616
2032 4932817
2033 4908385
2034 4979087
2035 4948329
2036 4901772
2037 4879678
2038 4972612
2039 4886309
2040 4957283
2041 4952795
2042 4943911
2043 4966201
2044 4979437
2045 5024191
2046 4939501
2047 4948399
2048 4935057
2049 5030794
2050 4941726
2051 4946173
2052 5030854
2053 5004154
2054 4981824
2055 5030854
2056 4995217
2057 5039770
2058 5035456
2059 4990748
2060 5042229
2061 5010881
2062 5073485
2063 5006401
2064 5044501
2065 4999697
2066 5091781
2067 5069251
2068 5080501
2069 5087071
2070 5046751
2071 5064739
2072 5109849
2073 5055747
2074 5060239
2075 5066993
2076 5100817
2077 5058002
2078 5134561
2079 5141347
2080 5091791
2081 5103066
2082 5082771
2083 5152865
2084 5118907
2085 5139289
2086 5118895
2087 5127949
2088 5134756
2089 5116645
2090 5184721
2091 5198401
2092 5159693
2093 5161984
2094 5239161
2095 5191533
2096 5171068
2097 5202926
2098 5177889
2099 5189269
2100 5269249
2101 5175626
2102 5248601
2103 5216632
2104 5308221
2105 5209807
2106 5244092
2107 5266962
2108 5285393
2109 5234936
2110 5237221
2111 5250953
2112 5389021
2113 5234945
2114 5273883
2115 5262421
2116 5250971
2117 5308273
2118 5373116
2119 5287689
2120 5336037
2121 5366161
2122 5338411
2123 5313001
2124 5296897
2125 5294602
2126 5343027
2127 5361511
2128 5349945
2129 5368465
2130 5368486
2131 5417185
2132 5361485
2133 5370795
2134 5361529
2135 5375413
2136 5389291
2137 5354597
2138 5414926
2139 5410177
2140 5452201
2141 5445013
2142 5405610
2143 5424161
2144 5412591
2145 5400973
2146 5431225
2147 5438189
2148 5449889
2149 5414930
2150 5417257
2151 5456888
2152 5491973
2153 5466196
2154 5487175
2155 5498857
2156 5520149
2157 5477929
2158 5484949
2159 5501329
2160 5489649
2161 5475601
2162 5494321
2163 5541281
2164 5593201
2165 5524831
2166 5553093
2167 5562451
2168 5562451
2169 5531880
2170 5564882
2171 5522501
2172 5557765
2173 5536610
2174 5567211
2175 5630934
2176 5579045
2177 5571931
2178 5621417
2179 5593210
2180 5609773
2181 5631105
2182 5609773
2183 5616837
2184 5614475
2185 5597957
2186 5626384
2187 5690371
2188 5628715
2189 5690401
2190 5612161
2191 5697754
2192 5659626
2193 5664385
2194 5704751
2195 5690581
2196 5719271
2197 5659642
2198 5738415
2199 5676295
2200 5666779
2201 5740717
2202 5685835
2203 5762129
2204 5719231
2205 5750356
2206 5736001
2207 5771951
2208 5716878
2209 5721656
2210 5824801
2211 5731221
2212 5800763
2213 5796015
2214 5740817
2215 5779213
2216 5752797
2217 5860758
2218 5759997
2219 5767197
2220 5788828
2221 5784026
2222 5817736
2223 5844125
2224 5892737
2225 5877991
2226 5856365
2227 5832201
2228 5841889
2229 5853961
2230 5863633
2231 5885396
2232 5887883
2233 5846725
2234 5851546
2235 5943649
2236 5883021
2237 5895185
2238 5870914
2239 5890281
2240 6006673
2241 5997577
2242 5917027
2243 5919454
2244 5934048
2245 5909762
2246 5941351
2247 5989951
2248 5980415
2249 5963340
2250 6002177
2251 5941387
2252 5975561
2253 5973056
2254 5992669
2255 6017110
2256 5965795
2257 5973137
2258 6012304
2259 5978026
2260 5992689
2261 6002497
2262 5992696
2263 6034321
2264 6000049
2265 6046657
2266 6049135
2267 6012305
2268 6115726
2269 6036850
2270 6049121
2271 6076177
2272 6029481
2273 6036850
2274 6056521
2275 6056521
2276 6162345
2277 6088527
2278 6068827
2279 6086089
2280 6140436
2281 6100901
2282 6088555
2283 6135526
2284 6123145
2285 6147849
2286 6160300
2287 6180028
2288 6165289
2289 6184974
2290 6207301
2291 6177709
2292 6190064
2293 6160309
2294 6212447
2295 6175222
2296 6272339
2297 6165286
2298 6195121
2299 6175222
2300 6234985
2301 6217523
2302 6229992
2303 6267457
2304 6242503
2305 6205081
2306 6222511
2307 6262435
2308 6334806
2309 6217543
2310 6320116
2311 6260005
2312 6330221
2313 6267513
2314 6260004
2315 6292553
2316 6302599
2317 6295082
2318 6320172
2319 6292561
2320 6330256
2321 6383021
2322 6327699
2323 6383161
2324 6398189
2325 6370496
2326 6315170
2327 6332771
2328 6416081
2329 6327739
2330 6456561
2331 6461569
2332 6456358
2333 6357963
2334 6484633
2335 6375626
2336 6418567
2337 6441409
2338 6400897
2339 6448879
2340 6461761
2341 6426222
2342 6461729
2343 6512584
2344 6479361
2345 6479415
2346 6484591
2347 6449049
2348 6499921
2349 6456666
2350 6489685
2351 6479569
2352 6479559
2353 6492305
2354 6477022
2355 6558721
2356 6515201
2357 6553537
2358 6489755
2359 6540717
2360 6558601
2361 6512705
2362 6589454
2363 6627841
2364 6584188
2365 6556131
2366 6548466
2367 6566407
2368 6584348
2369 6617757
2370 6563829
2371 6599753
2372 6656320
2373 6643465
2374 6612523
2375 6589489
2376 6669175
2377 6610041
2378 6707701
2379 6646004
2380 6682190
2381 6695157
2382 6661498
2383 6615185
2384 6666721
2385 6728801
2386 6695025
2387 6767563
2388 6684739
2389 6692570
2390 6664137
2391 6682225
2392 6671886
2393 6679635
2394 6708085
2395 6752093
2396 6770180
2397 6749596
2398 6783409
2399 6744374
2400 6713278
2401 6749556
2402 6744394
2403 6778183
2404 6780717
2405 6856123
2406 6835581
2407 6840569
2408 6830201
2409 6767797
2410 6817313
2411 6819921
2412 6814705
2413 6827770
2414 6859018
2415 6900841
2416 6822545
2417 6890590
2418 6846053
2419 6838226
2420 6961263
2421 6903547
2422 6906381
2423 6919291
2424 6877507
2425 6869633
2426 6888001
2427 6908923
2428 7003583
2429 6987983
2430 6898501
2431 6924703
2432 6977521
2433 6990568
2434 6969405
2435 6958964
2436 7009167
2437 6951127
2438 7019821
2439 6930051
2440 7038361
2441 6937957
2442 6985425
2443 6959036
2444 6974873
2445 6996010
2446 6969597
2447 7006594
2448 6977523
2449 7017166
2450 7027793
2451 7078189
2452 7046315
2453 7038409
2454 7046369
2455 7056937
2456 7094177
2457 7051675
2458 7099471
2459 7083577
2460 7128705
2461 7062305
2462 7083583
2463 7134178
2464 7139389
2465 7088887
2466 7096897
2467 7126229
2468 7115527
2469 7123537
2470 7192929
2471 7235777
2472 7131541
2473 7171685
2474 7118224
2475 7182400
2476 7174333
2477 7142257
2478 7251850
2479 7235980
2480 7201083
2481 7177026
2482 7190413
2483 7286881
2484 7260259
2485 7195807
2486 7241473
2487 7252106
2488 7279061
2489 7225336
2490 7257633
2491 7271113
2492 7327801
2493 7238785
2494 7289952
2495 7276487
2496 7349506
2497 7308857
2498 7289937
2499 7279205
2500 7349353
2501 7379331
2502 7392638
2503 7349353
2504 7300796
2505 7330557
2506 7300801
2507 7406431
2508 7360306
2509 7327846
2510 7365772
2511 7365733
2512 7384735
2513 7447186
2514 7411965
2515 7403817
2516 7425457
2517 7455475
2518 7392962
2519 7376653
2520 7428351
2521 7428339
2522 7458218
2523 7469146
2524 7441921
2525 7504589
2526 7450151
2527 7480217
2528 7499371
2529 7463800
2530 7510131
2531 7592671
2532 7554097
2533 7524050
2534 7485697
2535 7559749
2536 7556986
2537 7518501
2538 7556953
2539 7559751
2540 7614785
2541 7543257
2542 7578841
2543 7611857
2544 7678081
2545 7578985
2546 7526791
2547 7642459
2548 7570723
2549 7617597
2550 7592761
2551 7678393
2552 7623106
2553 7587265
2554 7683585
2555 7628641
2556 7623086
2557 7623113
2558 7601046
2559 7683864
2560 7609321
2561 7700617
2562 7689521
2563 7672837
2564 7650748
2565 7647991
2566 7706168
2567 7664591
2568 7706128
2569 7739525
2570 7675665
2571 7695073
2572 7683981
2573 7689526
2574 7745090
2575 7728397
2576 7750593
2577 7814611
2578 7733961
2579 7831603
2580 7862317
2581 7786891
2582 7750648
2583 7820323
2584 7851189
2585 7856761
2586 7770151
2587 7845601
2588 7761797
2589 7814815
2590 7834366
2591 7851124
2592 7862381
2593 7848373
2594 7825995
2595 7840001
2596 7907309
2597 7837195
2598 7910145
2599 7851196
2600 7943853
2601 7840001
2602 7907281
2603 7924162
2604 7912966
2605 7873633
2606 7901706
2607 7915771
2608 7966501
2609 7989061
2610 8000341
2611 7921405
2612 7932661
2613 8054164
2614 7918597
2615 7986213
2616 8017337
2617 7997576
2618 7977781
2619 8042893
2620 8025865
2621 8082209
2622 7991921
2623 7977799
2624 8113743
2625 8014546
2626 8048554
2627 7997585
2628 8065537
2629 8102407
2630 8042893
2631 8108255
2632 8088333
2633 8059897
2634 8074117
2635 8082650
2636 8076956
2637 8057083
2638 8096851
2639 8131011
2640 8076965
2641 8119595
2642 8131023
2643 8176685
2644 8207865
2645 8111104
2646 8151022
2647 8148159
2648 8216551
2649 8162414
2650 8202461
2651 8179576
2652 8285523
2653 8156737
2654 8208190
2655 8193887
2656 8196770
2657 8196754
2658 8242642
2659 8191045
2660 8314531
2661 8337585
2662 8234031
2663 8245501
2664 8262721
2665 8294385
2666 8236901
2667 8305861
2668 8401247
2669 8360501
2670 8282884
2671 8317448
2672 8305909
2673 8363629
2674 8314561
2675 8383891
2676 8357878
2677 8323201
2678 8337615
2679 8317457
2680 8386753
2681 8340536
2682 8433208
2683 8467812
2684 8363665
2685 8450481
2686 8496937
2687 8407045
2688 8401291
2689 8389701
2690 8430271
2691 8444756
2692 8398405
2693 8468037
2694 8482601
2695 8494311
2696 8508809
2697 8465171
2698 8511597
2699 8439025
2700 8511777
2701 8517571
2702 8453555
2703 8514676
2704 8532098
2705 8479745
2706 8549713
2707 8561476
2708 8552611
2709 8503056
2710 8570245
2711 8576003
2712 8549728
2713 8561413
2714 8654881
2715 8576093
2716 8599501
2717 8672857
2718 8561477
2719 8602454
2720 8567329
2721 8646499
2722 8625945
2723 8634693
2724 8696433
2725 8675881
2726 8631809
2727 8649466
2728 8702276
2729 8664193
2730 8746675
2731 8643601
2732 8714241
2733 8693581
2734 8664187
2735 8673010
2736 8764541
2737 8755582
2738 8740893
2739 8708393
2740 8720185
2741 8726081
2742 8720185
2743 8826481
2744 8726117
2745 8797093
2746 8764561
2747 8788231
2748 8823841
2749 8835647
2750 8800103
2751 8934058
2752 8805985
2753 8817889
2754 8925025
2755 8829811
2756 8817911
2757 8809025
2758 8871463
2759 8927821
2760 8847639
2761 8916076
2762 8904061
2763 8877391
2764 8910082
2765 8940101
2766 8901253
2767 8856577
2768 8910222
2769 8934022
2770 8892325
2771 8916172
2772 8952029
2773 8993993
2774 8949071
2775 9020881
2776 8937105
2777 8972911
2778 8934118
2779 9017814
2780 9060101
2781 8946078
2782 8970022
2783 8976017
2784 9021001
2785 8999985
2786 9081127
2787 9132484
2788 9042001
2789 9099201
2790 9087209
2791 9063091
2792 9126186
2793 9042049
2794 9090222
2795 9123211
2796 9060101
2797 9057085
2798 9156676
2799 9075145
2800 9159683
2801 9156628
2802 9198921
2803 9135417
2804 9208185
2805 9147601
2806 9153621
2807 9135495
2808 9205156
2809 9144577
2810 9150625
2811 9208035
2812 9280891
2813 9305369
2814 9232301
2815 9284041
2816 9247682
2817 9196051
2818 9299145
2819 9250613
2820 9290184
2821 9287125
2822 9229445
2823 9302437
2824 9311641
2825 9241585
2826 9256777
2827 9317547
2828 9308577
2829 9293281
2830 9354381
2831 9366655
2832 9326836
2833 9272026
2834 9421649
2835 9314705
2836 9351364
2837 9433981
2838 9336051
2839 9351316
2840 9397109
2841 9443074
2842 9381945
2843 9406465
2844 9415663
2845 9418641
2846 9467786
2847 9430978
2848 9400357
2849 9474021
2850 9479986
2851 9489299
2852 9473964
2853 9554161
2854 9483189
2855 9452509
2856 9517001
2857 9467914
2858 9480193
2859 9443326
2860 9514141
2861 9455622
2862 9560401
2863 9529545
2864 9554246
2865 9498725
2866 9588131
2867 9514139
2868 9501807
2869 9600463
2870 9514135
2871 9606845
2872 9554278
2873 9600547
2874 9572837
2875 9579017
2876 9644129
2877 9647233
2878 9653450
2879 9566650
2880 9647156
2881 9647116
2882 9644119
2883 9613089
2884 9709432
2885 9737339
2886 9668979
2887 9659665
2888 9725043
2889 9690689
2890 9653450
2891 9812501
2892 9700109
2893 9709408
2894 9675209
2895 9700105
2896 9821701
2897 9784321
2898 9781245
2899 9796892
2900 9734392
2901 9825091
2902 9796705
2903 9887791
2904 9881087
2905 9787441
2906 9806221
2907 9868783
2908 9853153
2909 9762501
2910 9847009
2911 9803137
2912 9862651
2913 9834497
2914 9850171
2915 9796901
2916 9881591
2917 9859585
2918 9881521
2919 9875307
2920 9894151
2921 9998101
2922 9878441
2923 9938255
2924 9941361
2925 10004129
2926 9922501
2927 9969625
2928 9969735
2929 9998220
2930 9991918
2931 9991726
2932 10067761
2933 9954001
2934 9947708
2935 9988741
2936 10052029
2937 10004470
2938 10064547
2939 10010897
2940 9998244
2941 10020391
2942 10004566
2943 10058357
2944 10033037
2945 10105873
2946 10086808
2947 10074228
2948 10239472
2949 10083799
2950 10090063
2951 10166191
2952 10099685
2953 10153771
2954 10156774
2955 10243069
2956 10150516
2957 10099685
2958 10147381
2959 10106038
2960 10185673
2961 10214368
2962 10255545
2963 10172911
2964 10163329
2965 10188865
2966 10300759
2967 10153781
2968 10163344
2969 10160155
2970 10271990
2971 10236711
2972 10316845
2973 10255935
2974 10192055
2975 10255951
2976 10380996
2977 10227205
2978 10278428
2979 10407041
2980 10339369
2981 10291240
2982 10329653
2983 10320101
2984 10297678
2985 10297678
2986 10445704
2987 10300879
2988 10310513
2989 10371579
2990 10345853
2991 10332981
2992 10329788
2993 10345843
2994 10451966
2995 10423213
2996 10400526
2997 10471336
2998 10461809
2999 10419921
3000 10487827
3001 10445776
3002 10491113
3003 10474891
3004 10458757
3005 10494289
3006 10426441
3007 10510565
3008 10455503
3009 10517025
3010 10568977
3011 10481407
3012 10529857
3013 10546101
3014 10510561
3015 10500835
3016 10530001
3017 10549505
3018 10536508
3019 10542994
3020 10696165
3021 10552753
3022 10604737
3023 10614516
3024 10539757
3025 10627585
3026 10666756
3027 10627501
3028 10660126
3029 10643835
3030 10640645
3031 10617811
3032 10608041
3033 10683003
3034 10722309
3035 10728661
3036 10686337
3037 10696141
3038 10761681
3039 10718933
3040 10692900
3041 10800663
3042 10712466
3043 10686361
3044 10728811
3045 10738609
3046 10719061
3047 10830358
3048 10732141
3049 10843366
3050 10787869
3051 10843801
3052 10768243
3053 10774787
3054 10778090
3055 10824052
3056 10824101
3057 10853675
3058 10820721
3059 10909641
3060 10833967
3061 10913071
3062 10922770
3063 10975870
3064 10925951
3065 10929628
3066 10939467
3067 10863568
3068 10903169
3069 10857026
3070 10896577
3071 10966003
3072 10929573
3073 10949338
3074 10932833
3075 10936246
3076 10962697
3077 10969309
3078 11025341
3079 10975970
3080 11098341
3081 11028817
3082 10995793
3083 11078857
3084 10999117
3085 10985869
3086 11068734
3087 10989217
3088 11108601
3089 11005787
3090 11048973
3091 11065493
3092 11058949
3093 11078901
3094 11092189
3095 11102225
3096 11029042
3097 11165513
3098 11088900
3099 11098851
3100 11135561
3101 11118819
3102 11122226
3103 11088892
3104 11185571
3105 11088897
3106 11135566
3107 11182237
3108 11142220
3109 11192351
3110 11202361
3111 11142244
3112 11235896
3113 11192359
3114 11202361
3115 11225795
3116 11423725
3117 11316493
3118 11225821
3119 11189022
3120 11262728
3121 11289601
3122 11266081
3123 11393351
3124 11256022
3125 11282818
3126 11299653
3127 11296322
3128 11326571
3129 11303041
3130 11370264
3131 11333303
3132 11313103
3133 11356865
3134 11383877
3135 11397352
3136 11316493
3137 11420865
3138 11431018
3139 11431158
3140 11424400
3141 11390626
3142 11387221
3143 11522125
3144 11538881
3145 11458126
3146 11444681
3147 11400753
3148 11387249
3149 11427775
3150 11444654
3151 11492097
3152 11515603
3153 11451456
3154 11573316
3155 11600773
3156 11488691
3157 11559745
3158 11492101
3159 11576951
3160 11539529
3161 11485318
3162 11542965
3163 11495489
3164 11590565
3165 11597341
3166 11519237
3167 11675881
3168 11624685
3169 11638331
3170 11634921
3171 11590609
3172 11651971
3173 11597431
3174 11583807
3175 11655393
3176 11594022
3177 11600833
3178 11672417
3179 11641744
3180 11706531
3181 11651971
3182 11689537
3183 11648570
3184 11822683
3185 11692961
3186 11716881
3187 11682716
3188 11730601
3189 11757978
3190 11764852
3191 11706657
3192 11864029
3193 11696401
3194 11771762
3195 11836859
3196 11792308
3197 11840382
3198 11864509
3199 11861137
3200 11782045
3201 11888605
3202 11830131
3203 11795785
3204 11902401
3205 11812961
3206 11957569
3207 11799226
3208 11967799
3209 11988751
3210 11916205
3211 11874908
3212 11919685
3213 11881794
3214 12016117
3215 11961203
3216 12002749
3217 11999248
3218 11905945
3219 11916305
3220 11978513
3221 11902501
3222 12079045
3223 12020081
3224 12033862
3225 12054785
3226 11981963
3227 12117358
3228 12027016
3229 12044369
3230 11999288
3231 12065173
3232 12124204
3233 12027009
3234 12173122
3235 12006226
3236 12138001
3237 12086033
3238 12141469
3239 12051307
3240 12113861
3241 12082576
3242 12235780
3243 12225303
3244 12211291
3245 12110392
3246 12117353
3247 12134753
3248 12141699
3249 12110401
3250 12204487
3251 12250001
3252 12183561
3253 12208001
3254 12330621
3255 12215025
3256 12218515
3257 12204531
3258 12256858
3259 12344303
3260 12239491
3261 12242977
3262 12411361
3263 12215026
3264 12348197
3265 12284990
3266 12242998
3267 12362256
3268 12295541
3269 12327121
3270 12327118
3271 12404229
3272 12316589
3273 12393879
3274 12330621
3275 12351681
3276 12460801
3277 12320101
3278 12386839
3279 12369265
3280 12548845
3281 12415053
3282 12348197
3283 12404449
3284 12411514
3285 12524297
3286 12422089
3287 12510334
3288 12513817
3289 12460865
3290 12482086
3291 12425626
3292 12538426
3293 12492691
3294 12581201
3295 12620201
3296 12471491
3297 12591743
3298 12464431
3299 12595281
3300 12616701
3301 12535129
3302 12545749
3303 12556387
3304 12591763
3305 12531601
3306 12694801
3307 12630773
3308 12659364
3309 12680721
3310 12641569
3311 12588289
3312 12765705
3313 12705641
3314 12748399
3315 12712719
3316 12648637
3317 12680673
3318 12698443
3319 12638026
3320 12741275
3321 12837214
3322 12766230
3323 12698531
3324 12737762
3325 12684283
3326 12816280
3327 12737746
3328 12755557
3329 12794849
3330 12762737
3331 12791297
3332 12769847
3333 12744901
3334 12819975
3335 12827143
3336 12802049
3337 12852082
3338 12830700
3339 12823526
3340 12934657
3341 12898783
3342 12852210
3343 12834287
3344 12927349
3345 12902401
3346 12888052
3347 12852226
3348 12906015
3349 13049651
3350 12963419
3351 12916773
3352 12913243
3353 12996017
3354 13042751
3355 12949203
3356 12981585
3357 13021231
3358 12938394
3359 13013985
3360 13017521
3361 12960001
3362 13219872
3363 13097113
3364 13060828
3365 13042903
3366 13057273
3367 13089781
3368 13003236
3369 13114991
3370 13223893
3371 13126130
3372 13191229
3373 13122465
3374 13107911
3375 13068226
3376 13198290
3377 13115221
3378 13100775
3379 13220397
3380 13180529
3381 13147828
3382 13169633
3383 13173271
3384 13187793
3385 13187773
3386 13202293
3387 13216789
3388 13245829
3389 13176901
3390 13304215
3391 13282351
3392 13227770
3393 13209589
3394 13216849
3395 13293173
3396 13213222
3397 13282361
3398 13322332
3399 13296921
3400 13464419
3401 13347973
3402 13351713
3403 13286026
3404 13431937
3405 13442917
3406 13337041
3407 13380964
3408 13417506
3409 13380940
3410 13476046
3411 13366312
3412 13399241
3413 13557061
3414 13424861
3415 13461462
3416 13443113
3417 13395592
3418 13446826
3419 13472529
3420 13498277
3421 13582671
3422 13443211
3423 13616076
3424 13490830
3425 13483569
3426 13556956
3427 13498277
3428 13476233
3429 13476242
3430 13487245
3431 13505626
3432 13490930
3433 13616037
3434 13630840
3435 13608718
3436 13645441
3437 13689517
3438 13546075
3439 13564489
3440 13682346
3441 13671297
3442 13649289
3443 13630829
3444 13656665
3445 13616101
3446 13660317
3447 13778720
3448 13867393
3449 13649289
3450 13623482
3451 13797005
3452 13719592
3453 13752817
3454 13734436
3455 13778689
3456 13738113
3457 13686301
3458 13923163
3459 13727026
3460 13786249
3461 13819777
3462 13808513
3463 13730729
3464 13853221
3465 13864297
3466 13838320
3467 13838280
3468 13845817
3469 13812353
3470 13860721
3471 13916359
3472 13860630
3473 13838401
3474 13823516
3475 13912801
3476 13886761
3477 13927629
3478 13871889
3479 13853284
3480 13883068
3481 14096271
3482 13987576
3483 13931485
3484 13897985
3485 13980122
3486 13939017
3487 13924093
3488 13927821
3489 14047309
3490 13987592
3491 13983855
3492 13968907
3493 14077336
3494 13976381
3495 14163921
3496 14167121
3497 14103781
3498 14103725
3499 14130073
3500 14069938
3501 14028771
3502 14261771
3503 14077501
3504 14261197
3505 14115041
3506 14156401
3507 14163903
3508 14115046
3509 14156335
3510 14190146
3511 14152641
3512 14231751
3513 14269325
3514 14137597
3515 14175201
3516 14160145
3517 14231727
3518 14291801
3519 14333397
3520 14212900
3521 14273089
3522 14224201
3523 14224201
3524 14299713
3525 14269465
3526 14333733
3527 14261911
3528 14311089
3529 14246845
3530 14329939
3531 14348936
3532 14360129
3533 14360179
3534 14314853
3535 14488891
3536 14386750
3537 14318648
3538 14443561
3539 14424796
3540 14447481
3541 14379265
3542 14383045
3543 14402026
3544 14458875
3545 14409613
3546 14481699
3547 14424789
3548 14637548
3549 14466571
3550 14512081
3551 14489387
3552 14603483
3553 14542741
3554 14565601
3555 14516001
3556 14588341
3557 14485621
3558 14611165
3559 14508482
3560 14478026
3561 14637953
3562 14615294
3563 14626591
3564 14580901
3565 14733927
3566 14630625
3567 14745312
3568 14554222
3569 14741521
3570 14726395
3571 14630626
3572 14626781
3573 14672711
3574 14600038
3575 14837544
3576 14622973
3577 14699457
3578 14688051
3579 14753057
3580 14760929
3581 14691854
3582 14745576
3583 14822357
3584 14852741
3585 14745601
3586 14876126
3587 14891801
3588 14807056
3589 14830202
3590 14930097
3591 14764807
3592 14922689
3593 14760961
3594 14911111
3595 14807080
3596 14907126
3597 14822465
3598 14841737
3599 14861026
3600 14957501
3601 14872593
3602 14895669
3603 14888017
3604 14942035
3605 14918797
3606 14868737
3607 14857169
3608 14980715
3609 14942071
3610 14938225
3611 14930488
3612 15046617
3613 14972989
3614 15058225
3615 15089329
3616 15042581
3617 15027143
3618 15151545
3619 15023341
3620 15046498
3621 15035001
3622 15112447
3623 15202201
3624 15128209
3625 15065987
3626 15069925
3627 15093222
3628 15182683
3629 15159271
3630 15124241
3631 15116536
3632 15135961
3633 15155369
3634 15147665
3635 15225541
3636 15190451
3637 15213859
3638 15241217
3639 15272240
3640 15225524
3641 15147661
3642 15256801
3643 15241192
3644 15198291
3645 15194405
3646 15401195
3647 15202193
3648 15272456
3649 15307627
3650 15327105
3651 15389674
3652 15358558
3653 15276353
3654 15476357
3655 15327226
3656 15432771
3657 15472333
3658 15385987
3659 15323291
3660 15354601
3661 15303744
3662 15460589
3663 15460561
3664 15409539
3665 15476257
3666 15433083
3667 15389930
3668 15401645
3669 15444901
3670 15448811
3671 15523597
3672 15539316
3673 15460624
3674 15456663
3675 15547241
3676 15491997
3677 15578746
3678 15629953
3679 15602437
3680 15566789
3681 15507820
3682 15551137
3683 15563026
3684 15547186
3685 15606295
3686 15523592
3687 15637799
3688 15764799
3689 15566969
3690 15669651
3691 15693441
3692 15657750
3693 15661795
3694 15697276
3695 15752562
3696 15602500
3697 15681601
3698 15887797
3699 15685505
3700 15653863
3701 15685489
3702 15701395
3703 15788547
3704 15677641
3705 15816466
3706 15689506
3707 15888133
3708 15717255
3709 15772757
3710 15876131
3711 15733111
3712 15836181
3713 15796645
3714 15748987
3715 15812541
3716 15932017
3717 15748993
3718 15812497
3719 15836401
3720 15792668
3721 15916001
3722 15931891
3723 15896134
3724 15900157
3725 15920101
3726 15971957
3727 15904081
3728 15916069
3729 15983905
3730 15936040
3731 15928073
3732 15991833
3733 16055986
3734 15988001
3735 15928078
3736 15979987
3737 15956019
3738 16031848
3739 16040026
3740 16032013
3741 16111797
3742 16075909
3743 15972011
3744 16184514
3745 16040001
3746 16220667
3747 16080037
3748 16100085
3749 16168442
3750 16120105
3751 16196419
3752 16260785
3753 16124169
3754 16252441
3755 16224749
3756 16148343
3757 16248793
3758 16208577
3759 16184409
3760 16265009
3761 16192496
3762 16204609
3763 16168438
3764 16240757
3765 16224781
3766 16244821
3767 16196599
3768 16325369
3769 16479521
3770 16200625
3771 16325531
3772 16289297
3773 16257016
3774 16269117
3775 16289272
3776 16434628
3777 16289272
3778 16313522
3779 16414347
3780 16325641
3781 16402501
3782 16357961
3783 16483201
3784 16353928
3785 16455173
3786 16345849
3787 16333723
3788 16475466
3789 16382237
3790 16386296
3791 16426801
3792 16386301
3793 16580609
3794 16507870
3795 16455163
3796 16503905
3797 16495693
3798 16528285
3799 16650469
3800 16715777
3801 16499844
3802 16507970
3803 16654078
3804 16512013
3805 16585245
3806 16585227
3807 16516093
3808 16805559
3809 16646401
3810 16654366
3811 16744176
3812 16625917
3813 16695172
3814 16756731
3815 16760836
3816 16699481
3817 16654546
3818 16674967
3819 16642301
3820 16740263
3821 16826149
3822 16736246
3823 16744440
3824 16695388
3825 16871375
3826 16715813
3827 16752650
3828 16842493
3829 16867350
3830 16867401
3831 16875544
3832 16867281
3833 16916370
3834 16773101
3835 16879501
3836 16953717
3837 16830505
3838 16773119
3839 16982473
3840 16834610
3841 16920871
3842 16887901
3843 16970251
3844 16990716
3845 16929105
3846 16875665
3847 16953751
3848 16887991
3849 16904413
3850 16937321
3851 16970191
3852 16900318
3853 17102229
3854 16912655
3855 17069281
3856 17077551
3857 17003211
3858 17032066
3859 17156101
3860 17073304
3861 17118601
3862 17015622
3863 17118797
3864 17036237
3865 17139601
3866 17027997
3867 17176825
3868 17040381
3869 17048638
3870 17226609
3871 17234611
3872 17151933
3873 17168587
3874 17368015
3875 17214102
3876 17280550
3877 17280529
3878 17230681
3879 17168573
3880 17156156
3881 17284535
3882 17239096
3883 17388780
3884 17185165
3885 17322236
3886 17172737
3887 17284717
3888 17247394
3889 17421916
3890 17243257
3891 17347217
3892 17326407
3893 17313918
3894 17284795
3895 17326407
3896 17384675
3897 17301435
3898 17509985
3899 17322236
3900 17526753
3901 17305601
3902 17418013
3903 17401383
3904 17455636
3905 17530969
3906 17509699
3907 17514226
3908 17413914
3909 17434781
3910 17581225
3911 17551729
3912 17518339
3913 17443147
3914 17459851
3915 17656741
3916 17438977
3917 17551821
3918 17639677
3919 17589516
3920 17623141
3921 17627271
3922 17543513
3923 17694301
3924 17568653
3925 17598010
3926 17564473
3927 17673616
3928 17602221
3929 17598010
3930 17639976
3931 17572865
3932 17652601
3933 17703045
3934 17787235
3935 17686141
3936 17673592
3937 17728311
3938 17753553
3939 17711473
3940 17757796
3941 17673613
3942 17707256
3943 17715673
3944 17736713
3945 17749366
3946 17707265
3947 17820973
3948 17909501
3949 17774621
3950 17804151
3951 18032211
3952 17833714
3953 17812591
3954 17909825
3955 17829495
3956 17926676
3957 17977537
3958 18049153
3959 17846389
3960 18011416
3961 17842177
3962 17956317
3963 17969106
3964 17935190
3965 17901353
3966 18028417
3967 18032631
3968 18032631
3969 17990323
3970 18003046
3971 18100681
3972 18062437
3973 17943697
3974 18015751
3975 18079469
3976 17977601
3977 18092173
3978 18066709
3979 18267041
3980 18164476
3981 18168565
3982 18164564
3983 18109279
3984 18096501
3985 18224073
3986 18105026
3987 18237169
3988 18207289
3989 18156086
3990 18117787
3991 18113537
3992 18198708
3993 18177403
3994 18164620
3995 18296825
3996 18211551
3997 18348101
3998 18322661
3999 18284177
4000 18271339
4001 18420904
4002 18254245
4003 18267061
4004 18296965
4005 18361225
4006 18249985
4007 18331231
4008 18322625
4009 18348263
4010 18318401
4011 18318385
4012 18348331
4013 18365491
4014 18476893
4015 18498586
4016 18455392
4017 18425447
4018 18421265
4019 18434143
4020 18369796
4021 18386945
4022 18391233
4023 18515641
4024 18416967
4025 18562901
4026 18640807
4027 18498553
4028 18623235
4029 18494281
4030 18515794
4031 18722705
4032 18558744
4033 18545923
4034 18580355
4035 18558816
4036 18524417
4037 18640717
4038 18610596
4039 18727201
4040 18679649
4041 18584718
4042 18636465
4043 18623511
4044 18696928
4045 18722674
4046 18662385
4047 18671026
4048 18731504
4049 18722866
4050 18636489
4051 18662401
4052 18779133
4053 18792201
4054 18882771
4055 18779067
4056 18805221
4057 18792190
4058 18913681
4059 18731584
4060 18857305
4061 18831259
4062 18844278
4063 18826897
4064 18865921
4065 18770555
4066 18800897
4067 18870288
4068 19009277
4069 18926719
4070 18879022
4071 18909423
4072 18931166
4073 18931186
4074 18926831
4075 18957308
4076 19013889
4077 18996517
4078 19075001
4079 19005059
4080 19031351
4081 18939905
4082 19031225
4083 19026924
4084 19057571
4085 19061857
4086 19123114
4087 19000881
4088 19083661
4089 19131652
4090 19040121
4091 19188599
4092 19092511
4093 19022681
4094 19035769
4095 19144995
4096 19079425
4097 19066321
4098 19193161
4099 19298401
4100 19184365
4101 19284893
4102 19210654
4103 19140626
4104 19241383
4105 19215053
4106 19180015
4107 19285201
4108 19193146
4109 19320115
4110 19258877
4111 19219457
4112 19276491
4113 19390783
4114 19333606
4115 19236993
4116 19298449
4117 19351166
4118 19342380
4119 19337935
4120 19386374
4121 19364381
4122 19346747
4123 19320421
4124 19439182
4125 19448092
4126 19360001
4127 19478893
4128 19364395
4129 19426057
4130 19518709
4131 19448037
4132 19439282
4133 19527418
4134 19593693
4135 19492222
4136 19470151
4137 19514265
4138 19509826
4139 19580622
4140 19509881
4141 19501057
4142 19514301
4143 19589308
4144 19567333
4145 19536385
4146 19585009
4147 19571752
4148 19788397
4149 19735301
4150 19655917
4151 19633761
4152 19620441
4153 19602755
4154 19651409
4155 19744691
4156 19642625
4157 19762381
4158 19740201
4159 19722482
4160 19753471
4161 19780017
4162 19762441
4163 19718035
4164 19775785
4165 19918306
4166 19806861
4167 19753579
4168 19784624
4169 19838036
4170 19931651
4171 19784705
4172 19860373
4173 19824737
4174 19824715
4175 20034321
4176 19918354
4177 19918334
4178 19851461
4179 20020941
4180 19927272
4181 19936201
4182 19949593
4183 19864841
4184 19891592
4185 19971898
4186 19927261
4187 20021095
4188 19936226
4189 19998704
4190 20048001
4191 19980865
4192 20047951
4193 19967487
4194 20016628
4195 20056907
4196 20088261
4197 20003251
4198 20083813
4199 20133170
4200 20133154
4201 20070401
4202 20065915
4203 20097265
4204 20227201
4205 20169078
4206 20110739
4207 20204990
4208 20340037
4209 20187025
4210 20254481
4211 20439442
4212 20213953
4213 20160092
4214 20321896
4215 20218493
4216 20214017
4217 20205001
4218 20308523
4219 20439081
4220 20249965
4221 20353477
4222 20241001
4223 20344581
4224 20362645
4225 20312986
4226 20331018
4227 20344581
4228 20538349
4229 20407717
4230 20461843
4231 20358145
4232 20362651
4233 20421218
4234 20403254
4235 20489093
4236 20574672
4237 20457386
4238 20507131
4239 20466496
4240 20556796
4241 20516341
4242 20525431
4243 20430401
4244 20511761
4245 20588835
4246 20502785
4247 20498237
4248 20566225
4249 20543501
4250 20520901
4251 20661331
4252 20638814
4253 20684109
4254 20516371
4255 20702476
4256 20548081
4257 20783857
4258 20684136
4259 20665973
4260 20697879
4261 20647937
4262 20656990
4263 20720669
4264 20793345
4265 20679745
4266 20829697
4267 20784446
4268 20684301
4269 20766129
4270 20743415
4271 20784382
4272 20729774
4273 20720696
4274 20825531
4275 20866481
4276 20793552
4277 20757128
4278 20861985
4279 21013041
4280 21072559
4281 20962633
4282 20921441
4283 20825527
4284 20999197
4285 20857489
4286 21013032
4287 20884900
4288 20976205
4289 21072451
4290 20953495
4291 20894026
4292 20990087
4293 21017629
4294 21008291
4295 21095209
4296 21104581
4297 20939777
4298 21058858
4299 21031348
4300 21141541
4301 21008453
4302 21104668
4303 21040566
4304 21150513
4305 21109375
4306 21086465
4307 21091045
4308 21251980
4309 21095649
4310 21237967
4311 21109411
4312 21058922
4313 21256681
4314 21233664
4315 21256471
4316 21155389
4317 21270496
4318 21390302
4319 21344352
4320 21408986
4321 21233665
4322 21307336
4323 21344112
4324 21395231
4325 21321151
4326 21307432
4327 21372094
4328 21353593
4329 21270545
4330 21302829
4331 21353633
4332 21256711
4333 21390430
4334 21390577
4335 21381256
4336 21381377
4337 21344392
4338 21487805
4339 21381352
4340 21534229
4341 21413745
4342 21510924
4343 21422957
4344 21529565
4345 21529597
4346 21432269
4347 21557194
4348 21423011
4349 21575905
4350 21617545
4351 21450793
4352 21636433
4353 21501754
4354 21613033
4355 21538866
4356 21599251
4357 21659653
4358 21622380
4359 21594561
4360 21631766
4361 21701581
4362 21650394
4363 21752797
4364 21706278
4365 21902205
4366 21673661
4367 21738905
4368 21869443
4369 21902401
4370 21710899
4371 21696916
4372 21818206
4373 21907079
4374 21808820
4375 21841363
4376 21729577
4377 21701623
4378 21869543
4379 21799558
4380 21836786
4381 21827585
4382 21930426
4383 21883660
4384 21907075
4385 21967849
4386 21907009
4387 21902376
4388 21920981
4389 21953881
4390 22042905
4391 22066507
4392 22173953
4393 21897679
4394 21907079
4395 21991369
4396 21977345
4397 22104013
4398 21939848
4399 21991355
4400 22080313
4401 22014816
4402 22005481
4403 22071141
4404 22108516
4405 22033621
4406 22127553
4407 22151087
4408 22089901
4409 22174426
4410 22043026
4411 22057093
4412 22066495
4413 22122913
4414 22169931
4415 22118194
4416 22094695
4417 22108796
4418 22363342
4419 22306369
4420 22292521
4421 22282849
4422 22217027
4423 22198191
4424 22311397
4425 22245353
4426 22278401
4427 22198231
4428 22278401
4429 22320845
4430 22471999
4431 22297249
4432 22349215
4433 22424919
4434 22325625
4435 22481361
4436 22330349
4437 22467501
4438 22453311
4439 22547791
4440 22448629
4441 22420105
4442 22410756
4443 22491217
4444 22528957
4445 22424931
4446 22538575
4447 22538701
4448 22500793
4449 22467576
4450 22495950
4451 22500787
4452 22510279
4453 22619176
4454 22581480
4455 22638204
4456 22581505
4457 22671871
4458 22628969
4459 22681335
4460 22562500
4461 22643303
4462 22709649
4463 22752852
4464 22648018
4465 22709971
4466 22743001
4467 22610001
4468 22676545
4469 22862737
4470 22733629
4471 22695661
4472 22719511
4473 22962941
4474 22776737
4475 22724290
4476 22676645
4477 22743346
4478 22791076
4479 22914886
4480 22948549
4481 22920101
4482 22748125
4483 22934161
4484 22891421
4485 22939071
4486 22810176
4487 23149127
4488 23116541
4489 22886657
4490 22843601
4491 22958431
4492 22905748
4493 23058980
4494 22977553
4495 22924896
4496 23001496
4497 23097556
4498 22982421
4499 22910577
4500 22968027
4501 23040001
4502 23059201
4503 23016001
4504 23160025
4505 23150323
4506 23184082
4507 23179105
4508 23006407
4509 23078413
4510 23237221
4511 23150521
4512 23049593
4513 23169693
4514 23227201
4515 23174581
4516 23193857
4517 23381641
4518 23213124
4519 23193832
4520 23217941
4521 23184226
4522 23198601
4523 23193857
4524 23246857
4525 23232401
4526 23299905
4527 23232376
4528 23425576
4529 23550881
4530 23535931
4531 23323961
4532 23343337
4533 23270968
4534 23512702
4535 23324065
4536 23382061
4537 23406101
4538 23377177
4539 23377210
4540 23343387
4541 23459451
4542 23435281
4543 23478739
4544 23570770
4545 23474022
4546 23469109
4547 23444961
4548 23464256
4549 23507923
4550 23527295
4551 23604981
4552 23628922
4553 23474017
4554 23512786
4555 23707153
4556 23634051
4557 23600165
4558 23585537
4559 23517639
4560 23682551
4561 23658497
4562 23677857
4563 23580736
4564 23692317
4565 23624461
4566 23571022
4567 23600156
4568 23687590
4569 23687690
4570 23658481
4571 23639036
4572 23790001
4573 23639041
4574 23780071
4575 23965321
4576 23697416
4577 23902258
4578 23760721
4579 23877503
4580 23999802
4581 23775352
4582 23916809
4583 23853432
4584 23912065
4585 23980466
4586 23980609
4587 23931629
4588 23970561
4589 23804638
4590 23931640
4591 23970817
4592 23980385
4593 23941441
4594 23980489
4595 24019766
4596 23916989
4597 23975683
4598 23941434
4599 24034325
4600 24019766
4601 23931664
4602 23965921
4603 24103189
4604 24009965
4605 24059001
4606 24000202
4607 24142427
4608 24014895
4609 24054115
4610 24309325
4611 24181717
4612 24260369
4613 24265077
4614 24171931
4615 24068836
4616 24147381
4617 24393046
4618 24299789
4619 24216178
4620 24324264
4621 24285185
4622 24132655
4623 24486531
4624 24216238
4625 24324621
4626 24304837
4627 24265468
4628 24299969
4629 24457915
4630 24447871
4631 24398529
4632 24235930
4633 24408511
4634 24299969
4635 24536611
4636 24364061
4637 24295038
4638 24467731
4639 24309829
4640 24472774
4641 24349289
4642 24393706
4643 24512281
4644 24487543
4645 24561576
4646 24680904
4647 24561768
4648 24467863
4649 24660901
4650 24487641
4651 24586693
4652 24457965
4653 24675947
4654 24472806
4655 24482701
4656 24626297
4657 24646129
4658 24517353
4659 24829806
4660 24735703
4661 24715771
4662 24626401
4663 24671074
4664 24770334
4665 24760253
4666 24690898
4667 24621436
4668 24770466
4669 24755595
4670 24919536
4671 24656185
4672 24910046
4673 24641297
4674 24825125
4675 24860076
4676 24780469
4677 24740677
4678 24760576
4679 24890097
4680 24974767
4681 24920065
4682 24785451
4683 24805379
4684 24944989
4685 24805375
4686 24920061
4687 24830281
4688 25009953
4689 24810362
4690 24870170
4691 24900101
4692 24940037
4693 24900100
4694 24989977
4695 25045021
4696 25080065
4697 24950010
4698 25004911
4699 25109978
4700 25059956
4701 25014997
4702 24984997
4703 25004989
4704 25035007
4705 24980005
4706 25135093
4707 25155151
4708 25190353
4709 25200280
4710 25230449
4711 25230481
4712 25115113
4713 25351210
4714 25175217
4715 25320961
4716 25140188
4717 25270474
4718 25366223
4719 25180309
4720 25260676
4721 25150226
4722 25205421
4723 25517653
4724 25336051
4725 25331074
4726 25401601
4727 25280760
4728 25351145
4729 25446799
4730 25315981
4731 25446925
4732 25446981
4733 25321016
4734 25331081
4735 25356241
4736 25552945
4737 25321025
4738 25563037
4739 25689687
4740 25436887
4741 25467163
4742 25446951
4743 25542836
4744 25553022
4745 25558025
4746 25487333
4747 25477245
4748 25658985
4749 25644081
4750 25583365
4751 25532785
4752 25542868
4753 25492402
4754 25623829
4755 25694662
4756 25719733
4757 25613686
4758 25649141
4759 25796161
4760 25628907
4761 25887729
4762 25659271
4763 25659285
4764 25800979
4765 26013911
4766 25679545
4767 25709941
4768 25852099
4769 25664357
4770 25877545
4771 25867381
4772 25709965
4773 25999478
4774 25953799
4775 25897873
4776 25892833
4777 25907957
4778 25816546
4779 25816526
4780 25831795
4781 25928461
4782 25984351
4783 25887709
4784 25964049
4785 25836890
4786 25933447
4787 25872471
4788 26045557
4789 25882655
4790 25999798
4791 26071237
4792 26015081
4793 26071221
4794 26004881
4795 26045671
4796 26076187
4797 26004901
4798 26030389
4799 26066089
4800 26081350
4801 26010001
4802 26117155
4803 26076301
4804 26219501
4805 26152993
4806 26388706
4807 26173336
4808 26275516
4809 26158091
4810 26178553
4811 26199043
4812 26347521
4813 26173421
4814 26275873
4815 26234884
4816 26224593
4817 26183690
4818 26413955
4819 26558491
4820 26280991
4821 26588371
4822 26419405
4823 26424699
4824 26476015
4825 26537953
4826 26352803
4827 26316892
4828 26615233
4829 26409306
4830 26383613
4831 26424685
4832 26409318
4833 26357957
4834 26594506
4835 26517111
4836 26625601
4837 26635873
4838 26615273
4839 26543096
4840 26501880
4841 26635906
4842 26527631
4843 26563717
4844 26532786
4845 26543089
4846 26697721
4847 26584333
4848 26630651
4849 26532802
4850 26584312
4851 26862590
4852 26780097
4853 26744281
4854 26599795
4855 26780265
4856 26687557
4857 26703057
4858 26687557
4859 26868211
4860 26734065
4861 26790877
4862 26739217
4863 26785729
4864 26687556
4865 26708225
4866 26806417
4867 26837579
4868 26873857
4869 26889369
4870 27086221
4871 26765097
4872 26775449
4873 26967249
4874 26868653
4875 26899771
4876 26961947
4877 27034711
4878 26894572
4879 26967169
4880 26941235
4881 26884226
4882 26972387
4883 27014007
4884 27138511
4885 27117925
4886 26962051
4887 26920533
4888 27154521
4889 27164896
4890 27045199
4891 27133561
4892 27065917
4893 27019204
4894 27097201
4895 27029598
4896 27290033
4897 27060805
4898 27102437
4899 27336871
4900 27389503
4901 27102433
4902 27196190
4903 27191011
4904 27295059
4905 27425914
4906 27201369
4907 27232723
4908 27310908
4909 27284933
4910 27499437
4911 27326701
4912 27326755
4913 27237962
4914 27583336
4915 27467961
4916 27290168
4917 27337207
4918 27462569
4919 27525607
4920 27368593
4921 27394732
4922 27384226
4923 27572986
4924 27420913
4925 27499456
4926 27457565
4927 27426154
4928 27520492
4929 27415697
4930 27457537
4931 27504649
4932 27625528
4933 27525673
4934 27588727
4935 27436645
4936 27651667
4937 27615010
4938 27588737
4939 27662329
4940 27567721
4941 27615001
4942 27625416
4943 27667457
4944 27904207
4945 27594010
4946 27720201
4947 27725485
4948 27804386
4949 27767631
4950 27646564
4951 27672859
4952 27772676
4953 27830845
4954 27767611
4955 27793904
4956 27693895
4957 27704427
4958 27720222
4959 27878280
4960 27820349
4961 27772901
4962 27894231
4963 27920621
4964 27857284
4965 27909946
4966 27994678
4967 27952174
4968 27925911
4969 27994681
4970 27846730
4971 28105771
4972 27904765
4973 27968191
4974 28005096
4975 28063375
4976 28042139
4977 27920656
4978 28132392
4979 28169557
4980 28037001
4981 28111205
4982 27973522
4983 28042291
4984 28031731
4985 28111205
4986 28127093
4987 28132392
4988 28143001
4989 28158913
4990 28185433
4991 28100586
4992 28243899
4993 28132417
4994 28084701
4995 28254485
4996 28349749
4997 28164234
4998 28318307
4999 28482786
5000 28296971
5001 28180167
5002 28196100
5003 28482841
5004 28451196
5005 28599809
5006 28238593
5007 28334294
5008 28376866
5009 28313042
5010 28323684
5011 28366196
5012 28281124
5013 28569022
5014 28419441
5015 28414231
5016 28531551
5017 28403529
5018 28488887
5019 28739166
5020 28536940
5021 28584683
5022 28467541
5023 28622332
5024 28552837
5025 28494245
5026 28611738
5027 28552973
5028 28760986
5029 28627669
5030 28659907
5031 28681339
5032 28542307
5033 28654466
5034 28670651
5035 28831321
5036 28590401
5037 28627845
5038 28692063
5039 28734871
5040 28944365
5041 28676026
5042 28868961
5043 28815169
5044 28874231
5045 28799321
5046 28788535
5047 28676026
5048 28885179
5049 28793921
5050 28847641
5051 28815325
5052 28874473
5053 28895819
5054 28847626
5055 28847561
5056 28976329
5057 28858385
5058 28820787
5059 28912105
5060 28917495
5061 28933521
5062 28933617
5063 29046699
5064 29127249
5065 28960501
5066 29035903
5067 28928261
5068 28982031
5069 29041258
5070 29073496
5071 29003591
5072 29100559
5073 29041322
5074 29170546
5075 29062878
5076 29095221
5077 29068243
5078 29197603
5079 29030545
5080 29305603
5081 29062878
5082 29219411
5083 29224716
5084 29316505
5085 29262649
5086 29289745
5087 29262685
5088 29332976
5089 29203201
5090 29149202
5091 29511901
5092 29273421
5093 29387193
5094 29392607
5095 29327621
5096 29387206
5097 29300545
5098 29403487
5099 29435961
5100 29392573
5101 29446903
5102 29484780
5103 29354689
5104 29343874
5105 29408930
5106 29626150
5107 29495566
5108 29566197
5109 29403495
5110 29566225
5111 29468613
5112 29582578
5113 29463149
5114 29522893
5115 29609683
5116 29484900
5117 29631453
5118 29669729
5119 29658628
5120 29631691
5121 29593601
5122 29658881
5123 29713377
5124 29702401
5125 29680689
5126 29707841
5127 29773153
5128 29958783
5129 29941885
5130 29762481
5131 29718833
5132 29860741
5133 29784307
5134 29707949
5135 29713393
5136 29762475
5137 29778825
5138 29986408
5139 29926131
5140 29915221
5141 29800678
5142 29860719
5143 29844345
5144 29762479
5145 29849777
5146 29959183
5147 29844354
5148 30107134
5149 29838907
5150 29937271
5151 29926365
5152 30145589
5153 29964677
5154 29948251
5155 30063274
5156 30057751
5157 30008469
5158 29948251
5159 30123591
5160 30255501
5161 30216526
5162 30145571
5163 30068773
5164 30227780
5165 30238953
5166 30222375
5167 30172881
5168 30140065
5169 30151082
5170 30249937
5171 30145561
5172 30096196
5173 30162065
5174 30277397
5175 30337896
5176 30249880
5177 30365555
5178 30216994
5179 30542131
5180 30365569
5181 30349001
5182 30282994
5183 30437034
5184 30442651
5185 30338065
5186 30569646
5187 30453837
5188 30475579
5189 30459353
5190 30508997
5191 30343571
5192 30404188
5193 30371121
5194 30520081
5195 30635785
5196 30553185
5197 30542021
5198 30547694
5199 30586425
5200 30525505
5201 30525626
5202 30481438
5203 30542203
5204 30448324
5205 30542147
5206 30564311
5207 30674743
5208 30509047
5209 30586359
5210 30685905
5211 30713621
5212 30636126
5213 30614054
5214 30807941
5215 30674981
5216 30686031
5217 30713765
5218 30647288
5219 31090688
5220 30863341
5221 30674971
5222 30752499
5223 30802420
5224 30885765
5225 30752529
5226 30896903
5227 30963655
5228 31019331
5229 30824680
5230 30869101
5231 30930073
5232 30918951
5233 30896867
5234 30902418
5235 30835810
5236 31074631
5237 30869133
5238 30858025
5239 30858025
5240 30941387
5241 30997051
5242 31086181
5243 31108465
5244 31125193
5245 31041557
5246 31041583
5247 31097263
5248 30969222
5249 30985917
5250 31220085
5251 31337121
5252 31270065
5253 31225645
5254 31125193
5255 31287243
5256 31192126
5257 31276015
5258 31119663
5259 31147513
5260 31270365
5261 31203388
5262 31404376
5263 31348441
5264 31331825
5265 31281650
5266 31382044
5267 31499507
5268 31303905
5269 31505041
5270 31455217
5271 31326394
5272 31326385
5273 31393601
5274 31443925
5275 31348786
5276 31527785
5277 31371186
5278 31348777
5279 31527865
5280 31388005
5281 31449565
5282 31578439
5283 31505721
5284 31657447
5285 31460873
5286 31505706
5287 31539432
5288 31718800
5289 31634929
5290 31544983
5291 31455271
5292 31646069
5293 31640401
5294 31561924
5295 31511381
5296 31550681
5297 31663130
5298 31651861
5299 31550689
5300 31758831
5301 31651813
5302 31837751
5303 31674321
5304 31612505
5305 31893751
5306 31849073
5307 31736293
5308 31820833
5309 31832101
5310 31674385
5311 31702531
5312 31837735
5313 31854737
5314 32092126
5315 32103532
5316 32012769
5317 31894215
5318 31854737
5319 31945101
5320 31860379
5321 31820881
5322 31950727
5323 32069521
5324 31945005
5325 31871671
5326 32024086
5327 31950715
5328 32075051
5329 32046922
5330 32069345
5331 32001634
5332 31928151
5333 31973365
5334 32041241
5335 32301901
5336 32103521
5337 32041261
5338 32058220
5339 32103521
5340 32273566
5341 32143121
5342 32330453
5343 32313539
5344 32313529
5345 32239585
5346 32177245
5347 32404317
5348 32285061
5349 32268009
5350 32410249
5351 32154569
5352 32421588
5353 32364497
5354 32427311
5355 32290795
5356 32461165
5357 32279431
5358 32398829
5359 32609755
5360 32483995
5361 32433026
5362 32718320
5363 32501338
5364 32461477
5365 32410246
5366 32444368
5367 32507047
5368 32478521
5369 32586631
5370 32507031
5371 32809985
5372 32393173
5373 32558428
5374 32598379
5375 32621051
5376 32661225
5377 32518507
5378 32655401
5379 32592678
5380 32678163
5381 32581240
5382 32792747
5383 32735473
5384 32832460
5385 32718365
5386 32764096
5387 32809816
5388 32792731
5389 32615521
5390 32684089
5391 32787077
5392 32873023
5393 32712639
5394 32804185
5395 32821441
5396 32844362
5397 32947117
5398 32821441
5399 32832852
5400 32850073
5401 32987487
5402 32953311
5403 33045197
5404 32884461
5405 33050881
5406 32890201
5407 32924629
5408 33188681
5409 33016517
5410 33154421
5411 33119977
5412 32930377
5413 33200284
5414 33131416
5415 33120026
5416 33125671
5417 33022221
5418 33073902
5419 33016517
5420 33148795
5421 33165913
5422 33240571
5423 33240961
5424 33200596
5425 33171841
5426 33028010
5427 33460399
5428 33240979
5429 33217933
5430 33200620
5431 33200596
5432 33264045
5433 33177592
5434 33315729
5435 33384996
5436 33246708
5437 33275581
5438 33465937
5439 33240989
5440 33385269
5441 33408401
5442 33350505
5443 33414181
5444 33321751
5445 33333273
5446 33425731
5447 33564641
5448 33581945
5449 33477788
5450 33599393
5451 33523845
5452 33385276
5453 33419946
5454 33385281
5455 33697297
5456 33662949
5457 33495115
5458 33715371
5459 33558729
5460 33553045
5461 33697905
5462 33785101
5463 33564623
5464 33686353
5465 33587779
5466 33785085
5467 33645795
5468 33674761
5469 33639992
5470 33674774
5471 33593613
5472 33750201
5473 33802597
5474 33785001
5475 33790934
5476 33767601
5477 33761855
5478 33983015
5479 33814162
5480 33715437
5481 33901487
5482 33988732
5483 33860761
5484 33971393
5485 33913111
5486 34146283
5487 34140326
5488 33977017
5489 33884026
5490 34076197
5491 34122817
5492 33988901
5493 33977121
5494 33994621
5495 34035557
5496 34088011
5497 34105501
5498 34099551
5499 34058881
5500 34157909
5501 34123081
5502 34047226
5503 34310307
5504 34088077
5505 34199105
5506 34006391
5507 34187346
5508 34123067
5509 34234006
5510 34187289
5511 34257441
5512 34462531
5513 34240047
5514 34152333
5515 34316156
5516 34397865
5517 34492009
5518 34216645
5519 34362789
5520 34392019
5521 34321913
5522 34210798
5523 34480129
5524 34228349
5525 34421681
5526 34415691
5527 34398105
5528 34427515
5529 34380621
5530 34592023
5531 34644876
5532 34615067
5533 34597700
5534 34527256
5535 34503796
5536 34574145
5537 34480336
5538 34415817
5539 34644708
5540 34433421
5541 34445158
5542 34603717
5543 34603801
5544 34609569
5545 34692092
5546 34780165
5547 34633177
5548 34603787
5549 34556761
5550 34592037
5551 34768701
5552 34727414
5553 34633226
5554 34621448
5555 35122753
5556 34868990
5557 34839495
5558 34662651
5559 34721557
5560 34644997
5561 34821681
5562 34756909
5563 35040409
5564 35039929
5565 34974997
5566 35052015
5567 35105050
5568 34804099
5569 34999057
5570 34827691
5571 35170075
5572 34868990
5573 34851307
5574 35010826
5575 34880828
5576 35170559
5577 34857217
5578 34928100
5579 35224105
5580 34963569
5581 35064163
5582 35081866
5583 35105590
5584 34981311
5585 35028641
5586 35034546
5587 35170775
5588 35164837
5589 35081894
5590 35301411
5591 35076001
5592 35099689
5593 35372575
5594 35070085
5595 35247849
5596 35188600
5597 35325191
5598 35182691
5599 35426305
5600 35497509
5601 35348915
5602 35242013
5603 35271718
5604 35390521
5605 35414366
5606 35271713
5607 35479551
5608 35384611
5609 35319234
5610 35414377
5611 35283601
5612 35461905
5613 35694621
5614 35759825
5615 35515635
5616 35736341
5617 35455999
5618 35450092
5619 35521552
5620 35605074
5621 35640645
5622 35658703
5623 35509646
5624 35497756
5625 35509673
5626 35539463
5627 35688556
5628 35497765
5629 35676609
5630 35891598
5631 35736316
5632 35826191
5633 35712541
5634 35658783
5635 35784325
5636 35784289
5637 35807968
5638 35855889
5639 35658807
5640 35724494
5641 35880097
5642 35820201
5643 35760376
5644 35814221
5645 35712577
5646 35862113
5647 36011473
5648 36011881
5649 35975996
5650 35868086
5651 35940010
5652 35963910
5653 35880065
5654 36053911
5655 36005971
5656 36132001
5657 35939977
5658 36029935
5659 35946009
5660 35981973
5661 36108082
5662 35928037
5663 35934029
5664 36102073
5665 36215884
5666 36078001
5667 36192248
5668 36270001
5669 36258253
5670 36354221
5671 36168076
5672 36120085
5673 36204281
5674 36090055
5675 36457084
5676 36288513
5677 36204254
5678 36324694
5679 36144145
5680 36276505
5681 36421226
5682 36288528
5683 36354661
5684 36300545
5685 36336784
5686 36608495
5687 36390901
5688 36342811
5689 36348838
5690 36547609
5691 36354869
5692 36306651
5693 36385009
5694 36427219
5695 36330757
5696 36360901
5697 36541905
5698 36499667
5699 36838451
5700 36699076
5701 36693001
5702 36614346
5703 36566174
5704 36656899
5705 36548051
5706 36723345
5707 36620647
5708 36590366
5709 36669069
5710 36644857
5711 36650868
5712 36959815
5713 36578305
5714 36711418
5715 36681151
5716 36820589
5717 36675121
5718 36972409
5719 36893441
5720 36875251
5721 36778071
5722 36729641
5723 36941829
5724 36784210
5725 36784177
5726 37118347
5727 36826673
5728 36808465
5729 36929926
5730 36796357
5731 36978441
5732 36808486
5733 37014976
5734 37057601
5735 37106217
5736 37051521
5737 37221802
5738 36978537
5739 37015056
5740 37160961
5741 37166851
5742 36972461
5743 37027210
5744 37155065
5745 37039397
5746 37082009
5747 37015057
5748 37136833
5749 37221977
5750 37136821
5751 37362501
5752 37222202
5753 37167241
5754 37191647
5755 37429484
5756 37362637
5757 37380741
5758 37209937
5759 37246574
5760 37490934
5761 37271001
5762 37325919
5763 37338209
5764 37234405
5765 37417569
5766 37435771
5767 37362547
5768 37589081
5769 37374883
5770 37423675
5771 37411543
5772 37552304
5773 37429924
5774 37436023
5775 37589153
5776 37387109
5777 37472707
5778 37564542
5779 37552304
5780 37699600
5781 37454401
5782 37552385
5783 37466641
5784 37625813
5785 37699501
5786 37472763
5787 37723909
5788 37748376
5789 37779043
5790 37705711
5791 37576892
5792 37773196
5793 37687286
5794 37601421
5795 37717993
5796 37748656
5797 37846781
5798 37675045
5799 37785546
5800 37908326
5801 38037187
5802 37988703
5803 37797856
5804 37847069
5805 37896312
5806 37951705
5807 37761022
5808 37908649
5809 37890161
5810 37908614
5811 38278906
5812 38050283
5813 38007126
5814 37970124
5815 37896337
5816 38081121
5817 38007225
5818 37914805
5819 38087383
5820 38191872
5821 38081161
5822 38142961
5823 38322249
5824 38093560
5825 38068885
5826 38198275
5827 38124431
5828 38254210
5829 38167649
5830 38229426
5831 38087401
5832 38118277
5833 38303601
5834 38278966
5835 38384149
5836 38272763
5837 38217116
5838 38551618
5839 38582577
5840 38415180
5841 38371829
5842 38427521
5843 38229486
5844 38390413
5845 38254217
5846 38489568
5847 38495479
5848 38291341
5849 38340865
5850 38526729
5851 38601174
5852 38619921
5853 38539121
5854 38532947
5855 38576297
5856 38433781
5857 38464789
5858 38533057
5859 38551673
5860 38669737
5861 38607373
5862 38800217
5863 38495821
5864 38545453
5865 38942849
5866 38564101
5867 38669731
5868 38831551
5869 38762996
5870 38688392
5871 38719495
5872 38812612
5873 38800393
5874 38744359
5875 39106263
5876 38775505
5877 38962369
5878 38906317
5879 38812837
5880 38937345
5881 38794141
5882 39056069
5883 38787985
5884 38812885
5885 38862676
5886 38756851
5887 38844051
5888 38956213
5889 39074806
5890 39112501
5891 38906351
5892 39049833
5893 39087505
5894 38950073
5895 39024985
5896 38993761
5897 39074953
5898 39100010
5899 39237693
5900 39012517
5901 39143683
5902 38950082
5903 39031257
5904 39037504
5905 39200121
5906 39764193
5907 39331711
5908 39500697
5909 39093757
5910 39243851
5911 39262748
5912 39388056
5913 39175066
5914 39431569
5915 39212609
5916 39419473
5917 39237697
5918 39425721
5919 39419257
5920 39344227
5921 39513572
5922 39570385
5923 39337981
5924 39425806
5925 39394453
5926 39394363
5927 39350514
5928 39803082
5929 39413281
5930 39538929
5931 39532601
5932 39444675
5933 39683519
5934 39463525
5935 39652089
5936 39614373
5937 39733873
5938 39664796
5939 39803313
5940 39898131
5941 39816076
5942 39658375
5943 39652210
5944 39841089
5945 39670971
5946 39860227
5947 39671031
5948 39652161
5949 39835027
5950 39595555
5951 39690001
5952 39809761
5953 39917004
5954 39671103
5955 39816052
5956 39816097
5957 39790816
5958 40068780
5959 39910625
5960 39954978
5961 40068645
5962 40018228
5963 39936051
5964 40245761
5965 39866597
5966 40081366
5967 40062499
5968 39917125
5969 39942365
5970 40049823
5971 39866596
5972 40176581
5973 40233550
5974 40100515
5975 40018276
5976 40176277
5977 40100527
5978 40138531
5979 40081498
5980 40436713
5981 40176511
5982 40163877
5983 40030930
5984 40195501
5985 40144897
5986 40151213
5987 40296880
5988 40328821
5989 40519171
5990 40176583
5991 40303343
5992 40360594
5993 40195597
5994 40398736
5995 40513105
5996 40309702
5997 40252681
5998 40417765
5999 40386026
6000 40551200
6001 40309793
6002 40341533
6003 40564041
6004 40468501
6005 40443185
6006 40646351
6007 40608745
6008 40500496
6009 40806376
6010 40576865
6011 40583181
6012 40443239
6013 40621447
6014 40646695
6015 40697991
6016 40634195
6017 40487766
6018 40831525
6019 40513222
6020 40755432
6021 40920934
6022 40596013
6023 40627877
6024 40780948
6025 40615121
6026 40710725
6027 40787383
6028 40736217
6029 40946761
6030 40672495
6031 40857629
6032 41170921
6033 40870329
6034 40876633
6035 40883237
6036 40832101
6037 40998185
6038 40908792
6039 40985596
6040 40838485
6041 40851261
6042 40883188
6043 41106953
6044 41030159
6045 41132477
6046 41216145
6047 41081635
6048 41311887
6049 40940791
6050 41043153
6051 41139276
6052 41197011
6053 40940803
6054 41120085
6055 41177841
6056 41248507
6057 41184217
6058 41081671
6059 41325607
6060 41177790
6061 41459938
6062 41209909
6063 41248487
6064 41286995
6065 41242060
6066 41344577
6067 41357537
6068 41139397
6069 41364037
6070 41293477
6071 41409126
6072 41596045
6073 41505777
6074 41254930
6075 41679613
6076 41332042
6077 41492881
6078 41312745
6079 41563449
6080 41409210
6081 41454211
6082 41447820
6083 41389903
6084 41596049
6085 41422081
6086 41544459
6087 41525137
6088 41718561
6089 41486466
6090 41557333
6091 41634737
6092 41596039
6093 41673425
6094 42229381
6095 41583151
6096 41705729
6097 41647591
6098 41570251
6099 41750941
6100 41809036
6101 41860801
6102 41873553
6103 42144544
6104 41757445
6105 41951409
6106 42035123
6107 41912661
6108 41835016
6109 41899561
6110 41834976
6111 41938576
6112 42055177
6113 41886781
6114 42003106
6115 41867341
6116 41873793
6117 42191521
6118 42178525
6119 41970951
6120 42171412
6121 41990401
6122 42035743
6123 42113591
6124 41990392
6125 42145965
6126 42457528
6127 42197981
6128 42009823
6129 42061699
6130 42282465
6131 42145944
6132 42178519
6133 42353741
6134 42184926
6135 42334433
6136 42087651
6137 42366826
6138 42197936
6139 42230393
6140 42588421
6141 42237001
6142 42256501
6143 42249937
6144 42302016
6145 42614785
6146 42328021
6147 42308479
6148 42399523
6149 42328037
6150 42282505
6151 42523378
6152 42445030
6153 42497313
6154 42347545
6155 42445201
6156 42627838
6157 42477807
6158 42360571
6159 42471254
6160 42817393
6161 42503881
6162 42719041
6163 42653958
6164 42608147
6165 42497346
6166 42712705
6167 42732321
6168 42621283
6169 42680041
6170 42921691
6171 43012591
6172 42693157
6173 42751801
6174 42686603
6175 42921943
6176 42961051
6177 42778111
6178 42751977
6179 42719248
6180 42882797
6181 42804251
6182 42725821
6183 42765059
6184 42771601
6185 42778121
6186 42823933
6187 42843499
6188 42856643
6189 42928705
6190 42954796
6191 43112132
6192 42856661
6193 43177642
6194 43296376
6195 42974569
6196 43125390
6197 42909045
6198 43236859
6199 42928701
6200 42948357
6201 43217077
6202 43237129
6203 43112356
6204 43322689
6205 43296385
6206 43059841
6207 43092619
6208 43250297
6209 43335694
6210 43474243
6211 43355585
6212 43434311
6213 43217473
6214 43276651
6215 43184601
6216 43500465
6217 43421455
6218 43467481
6219 43322625
6220 43283217
6221 43388506
6222 43335865
6223 43388561
6224 43559920
6225 43362210
6226 43454449
6227 43388554
6228 43342461
6229 43408327
6230 43467625
6231 43414906
6232 43586180
6233 43500511
6234 43592735
6235 43559976
6236 43513807
6237 43593007
6238 43553311
6239 43507217
6240 43639237
6241 43751605
6242 43678873
6243 43738111
6244 43797601
6245 43678846
6246 43692100
6247 43751521
6248 43692097
6249 43692092
6250 43659037
6251 43758226
6252 43758190
6253 43744981
6254 43824301
6255 43990055
6256 43817751
6257 43877377
6258 43831009
6259 43830949
6260 44003311
6261 43817761
6262 44075922
6263 44016459
6264 43936923
6265 43970137
6266 43976683
6267 44275461
6268 44062924
6269 44149271
6270 44235126
6271 44142616
6272 44261681
6273 44082829
6274 44116165
6275 44142568
6276 44402221
6277 44215741
6278 44109481
6279 44156010
6280 44288585
6281 44235777
6282 44262185
6283 44169268
6284 44515329
6285 44255757
6286 44422222
6287 44182585
6288 44275596
6289 44142736
6290 44302301
6291 44355601
6292 44355457
6293 44795850
6294 44282341
6295 44269061
6296 44275713
6297 44628991
6298 44522201
6299 44601811
6300 44482175
6301 44555601
6302 44615665
6303 44595361
6304 44475462
6305 44815275
6306 44575543
6307 44495569
6308 44535547
6309 44535583
6310 44662409
6311 44728904
6312 44588935
6313 44662465
6314 44755957
6315 44916609
6316 44742433
6317 44548951
6318 44588995
6319 44595685
6320 44809468
6321 44796234
6322 44715945
6323 44749405
6324 44789515
6325 44715969
6326 44816221
6327 44943617
6328 44736021
6329 44883281
6330 44990375
6331 44896699
6332 44843071
6333 44930066
6334 44977033
6335 44930146
6336 45097885
6337 45037473
6338 44957022
6339 44869897
6340 44836417
6341 45225430
6342 45010682
6343 45265760
6344 45245563
6345 45259185
6346 45212077
6347 45386209
6348 45205363
6349 45165119
6350 45084455
6351 45205271
6352 45333190
6353 45097929
6354 45393565
6355 45205453
6356 45218845
6357 45232321
6358 45232351
6359 45319825
6360 45272707
6361 45326375
6362 45312937
6363 45447817
6364 45433961
6365 45596257
6366 45366829
6367 45481341
6368 45656906
6369 45589280
6370 45488269
6371 45427597
6372 45542121
6373 45730757
6374 45333286
6375 45414086
6376 45508453
6377 45595951
6378 45535496
6379 45454540
6380 45488225
6381 45569251
6382 45818633
6383 45697312
6384 45643533
6385 45636779
6386 45765190
6387 45724389
6388 45799057
6389 45542251
6390 45657034
6391 45751633
6392 45771935
6393 45792274
6394 45711118
6395 45819193
6396 45819166
6397 45711121
6398 45711106
6399 46001887
6400 45920951
6401 45792241
6402 45866601
6403 45771991
6404 45948007
6405 45839629
6406 45819353
6407 45853193
6408 46165049
6409 46117321
6410 46049797
6411 46029411
6412 45893839
6413 45927714
6414 46266476
6415 46049796
6416 46117678
6417 46063345
6418 46253118
6419 46009081
6420 46097291
6421 46308026
6422 46362466
6423 46443550
6424 46294221
6425 46389238
6426 46267141
6427 46294368
6428 46321348
6429 46308010
6430 46375932
6431 46294273
6432 46301149
6433 46416889
6434 46294392
6435 46341925
6436 46505539
6437 46355673
6438 46348784
6439 46267196
6440 46451021
6441 46267201
6442 46355643
6443 46600723
6444 46403296
6445 46676144
6446 46485116
6447 46703548
6448 46594228
6449 46430593
6450 46410155
6451 46682901
6452 46655711
6453 46751167
6454 46546487
6455 46806067
6456 46642069
6457 46730672
6458 46710379
6459 46526038
6460 46765011
6461 46607929
6462 46730872
6463 46662561
6464 47133831
6465 46792351
6466 46860761
6467 46915651
6468 46874381
6469 47306849
6470 46799273
6471 46819801
6472 46874453
6473 47004656
6474 46819801
6475 47210386
6476 46847139
6477 47107291
6478 47032165
6479 47107253
6480 46854017
6481 47169025
6482 47148583
6483 46997879
6484 47251813
6485 47052685
6486 47011581
6487 47423463
6488 47073306
6489 47265226
6490 47114433
6491 47348041
6492 47169304
6493 47141941
6494 47238130
6495 47279377
6496 47039021
6497 47169424
6498 47135079
6499 47334397
6500 47217513
6501 47355037
6502 47341149
6503 47409691
6504 47196892
6505 47554753
6506 47547865
6507 47409901
6508 47644375
6509 47306885
6510 47472020
6511 47520187
6512 47430649
6513 47293126
6514 47334401
6515 47313761
6516 47520337
6517 47396335
6518 47782657
6519 47803333
6520 47547811
6521 47602991
6522 47534131
6523 47796427
6524 47651266
6525 48003243
6526 47679017
6527 47816785
6528 47754969
6529 47775745
6530 47547915
6531 47720384
6532 47568606
6533 47582401
6534 47610001
6535 47879175
6536 47879101
6537 47658313
6538 47810269
6539 47948611
6540 48045637
6541 48101005
6542 47817225
6543 47996989
6544 48087019
6545 48224891
6546 48003931
6547 47803388
6548 48121646
6549 47955610
6550 48010942
6551 47851801
6552 48184333
6553 47831057
6554 47900241
6555 48011038
6556 48205214
6557 48295495
6558 48163585
6559 48142727
6560 48052621
6561 48246628
6562 48239941
6563 48170451
6564 48059545
6565 48198287
6566 48371702
6567 48087285
6568 48323243
6569 48121961
6570 48670953
6571 48094226
6572 48378741
6573 48337227
6574 48212163
6575 48399814
6576 48420613
6577 48483345
6578 48462373
6579 48497101
6580 48525157
6581 48316386
6582 48358117
6583 48545925
6584 48351163
6585 48420693
6586 48365065
6587 48392881
6588 48601811
6589 48358117
6590 48671343
6591 48559991
6592 48497288
6593 48852979
6594 48685325
6595 48511222
6596 48650545
6597 48629697
6598 48573911
6599 48957866
6600 48776193
6601 48985473
6602 48608776
6603 48678521
6604 48950633
6605 48664561
6606 48895051
6607 48622730
6608 48943848
6609 48769243
6610 48957785
6611 48762286
6612 49301121
6613 48992981
6614 48734361
6615 48832120
6616 49223728
6617 49076959
6618 48964935
6619 49154106
6620 49280400
6621 48888056
6622 48895037
6623 48937001
6624 49084021
6625 48888065
6626 49504856
6627 49279917
6628 49217229
6629 49266218
6630 49294321
6631 49245217
6632 49091013
6633 49000001
6634 49301373
6635 49245301
6636 49301421
6637 49133079
6638 49189171
6639 49645217
6640 49378681
6641 49210201
6642 49462766
6643 49154122
6644 49343581
6645 49533396
6646 49448829
6647 49434958
6648 49456045
6649 49350590
6650 49308484
6651 49554141
6652 49420900
6653 49470081
6654 49540351
6655 49687726
6656 49680973
6657 49688386
6658 49441981
6659 49484161
6660 49498205
6661 49420901
6662 49561501
6663 49631977
6664 49808175
6665 49787137
6666 49610851
6667 49900048
6668 49934553
6669 49575682
6670 49723633
6671 49864711
6672 49660194
6673 49984820
6674 49681341
6675 50061889
6676 49751843
6677 49695439
6678 49871820
6679 49688402
6680 50012785
6681 50083446
6682 49758908
6683 49871796
6684 49942465
6685 50133425
6686 49935291
6687 50232447
6688 50027230
6689 49815365
6690 49970753
6691 50133475
6692 50041441
6693 49963681
6694 49984885
6695 50034361
6696 50310326
6697 49956625
6698 50098084
6699 50296465
6700 50133425
6701 50083930
6702 50275179
6703 50261011
6704 50168889
6705 50537657
6706 50352856
6707 50140546
6708 50303347
6709 50353153
6710 50303515
6711 50317611
6712 50580481
6713 50310601
6714 50232651
6715 50225570
6716 50282257
6717 50395738
6718 50516545
6719 50566153
6720 50296464
6721 50502287
6722 50502341
6723 50438356
6724 50438405
6725 50708561
6726 50687191
6727 50481010
6728 50914899
6729 50623190
6730 50530753
6731 50587601
6732 50800657
6733 50495237
6734 50658735
6735 50552085
6736 50673031
6737 50651690
6738 50865169
6739 50680081
6740 50772709
6741 51050857
6742 50722860
6743 50836897
6744 50794105
6745 50680158
6746 50765610
6747 50779861
6748 51114931
6749 50829759
6750 51065317
6751 50765626
6752 50772751
6753 50851113
6754 51136361
6755 50886803
6756 51072353
6757 51001011
6758 50979480
6759 51552077
6760 51423121
6761 51265405
6762 51008116
6763 50972431
6764 51365890
6765 51050990
6766 51079585
6767 51143881
6768 51186781
6769 51036737
6770 51236940
6771 51293989
6772 51172557
6773 51394273
6774 51394537
6775 51086757
6776 51244123
6777 51251182
6778 51136802
6779 51659165
6780 51287063
6781 51308470
6782 51494616
6783 51294209
6784 51358723
6785 51423161
6786 51365826
6787 51308570
6788 51466133
6789 51695777
6790 51459083
6791 51681706
6792 51638428
6793 51631031
6794 51681497
6795 51537942
6796 51451921
6797 51781792
6798 51652906
6799 51717367
6800 51588307
6801 51602653
6802 51631381
6803 51660145
6804 51645777
6805 51581125
6806 51746261
6807 51983617
6808 51912022
6809 51940409
6810 52070333
6811 52127245
6812 51717661
6813 51739201
6814 51832789
6815 51904749
6816 51789557
6817 51847181
6818 51933487
6819 52359528
6820 52128077
6821 51883146
6822 51911945
6823 51854402
6824 51991239
6825 51933623
6826 52178743
6827 52142793
6828 52178947
6829 52164465
6830 51933637
6831 52366513
6832 52142826
6833 52099500
6834 52222301
6835 52157185
6836 52135601
6837 52533501
6838 52186141
6839 52265561
6840 52337961
6841 52128401
6842 52207851
6843 52316241
6844 52186161
6845 52467787
6846 52323523
6847 52337949
6848 52330757
6849 52591064
6850 52265669
6851 52388629
6852 52475248
6853 52316281
6854 52845079
6855 52345210
6856 52518974
6857 52497115
6858 52714555
6859 52403122
6860 52468293
6861 52432066
6862 52482769
6863 52627499
6864 52852612
6865 52642261
6866 52461050
6867 52722106
6868 52852757
6869 52693078
6870 52794636
6871 53005031
6872 52547998
6873 52751161
6874 52743865
6875 52794732
6876 52845589
6877 52678565
6878 53333761
6879 53012937
6880 53063479
6881 52983817
6882 52736629
6883 52772949
6884 53078505
6885 53216297
6886 52918321
6887 52896430
6888 52940152
6889 53034597
6890 52991011
6891 53092703
6892 53165971
6893 53107525
6894 53187769
6895 52925626
6896 53289976
6897 53173265
6898 53158681
6899 53202268
6900 52991115
6901 53202268
6902 53158681
6903 53319009
6904 53326417
6905 53603307
6906 53260804
6907 53231592
6908 53246185
6909 53114945
6910 53304553
6911 53392106
6912 53509190
6913 53231617
6914 53501531
6915 53487253
6916 53348368
6917 53428735
6918 53611060
6919 53311903
6920 53589511
6921 53809219
6922 53604021
6923 53457943
6924 53728172
6925 53494593
6926 53787532
6927 53860873
6928 53392246
6929 53640952
6930 53523848
6931 53509226
6932 53963492
6933 53640968
6934 53575051
6935 53662939
6936 53904389
6937 53655601
6938 53846124
6939 53743526
6940 54220203
6941 53728876
6942 54184313
6943 53831426
6944 53772889
6945 54147413
6946 53860906
6947 53692251
6948 53736229
6949 53787508
6950 53860822
6951 54022476
6952 53919646
6953 53978385
6954 54132567
6955 53853577
6956 53853583
6957 54220483
6958 53956341
6959 54044523
6960 54029795
6961 54162031
6962 54272626
6963 54088629
6964 53926991
6965 54250409
6966 54250351
6967 54066610
6968 54191527
6969 54478678
6970 54199009
6971 54405121
6972 54442023
6973 54670913
6974 54287200
6975 54338881
6976 54302018
6977 54162241
6978 54412697
6979 54434629
6980 54368473
6981 54324251
6982 54243225
6983 54375841
6984 54420126
6985 54346385
6986 54420081
6987 54361130
6988 54464257
6989 54508521
6990 54538225
6991 54545609
6992 54464392
6993 54767291
6994 54730044
6995 54825971
6996 54619461
6997 54885601
6998 54589903
6999 54671068
7000 54826549
7001 54597258
7002 54656350
7003 54626882
7004 54663823
7005 54907957
7006 54678601
7007 55108171
7008 54700813
7009 54752595
7010 55071193
7011 55041366
7012 54745177
7013 55033543
7014 55048601
7015 54915481
7016 54848756
7017 54959941
7018 54908020
7019 54885867
7020 55019125
7021 54908101
7022 55086004
7023 55174824
7024 54930291
7025 55019265
7026 54989599
7027 55100921
7028 55034101
7029 55219401
7030 55160294
7031 55204757
7032 55056401
7033 55071241
7034 55308774
7035 55390465
7036 55212301
7037 55123189
7038 55145461
7039 55190006
7040 55130617
7041 55539647
7042 55279210
7043 55390805
7044 55346155
7045 55413088
7046 55383265
7047 55755306
7048 55517321
7049 55591312
7050 55659061
7051 55584019
7052 55502465
7053 55532161
7054 55576945
7055 55696114
7056 55495009
7057 55472705
7058 55606750
7059 55502497
7060 55673983
7061 55659059
7062 55837837
7063 55517377
7064 55845246
7065 55666521
7066 55636601
7067 55771025
7068 55935273
7069 55614277
7070 55651597
7071 55815793
7072 55949917
7073 55659055
7074 55741057
7075 55756026
7076 55711261
7077 55838227
7078 56159461
7079 56062007
7080 55950397
7081 56054881
7082 55883099
7083 56099740
7084 56092429
7085 56025190
7086 55972801
7087 55980316
7088 56077327
7089 56002641
7090 56152453
7091 56241949
7092 56204910
7093 56040197
7094 56167519
7095 56197507
7096 56347361
7097 56227197
7098 56130061
7099 56040188
7100 56122567
7101 56287465
7102 56370061
7103 56100092
7104 56324990
7105 56340001
7106 56347411
7107 56422451
7108 56700117
7109 56354929
7110 56415022
7111 56325026
7112 56220004
7113 56392535
7114 56370056
7115 56407599
7116 56595206
7117 56355046
7118 56415122
7119 56452683
7120 56467691
7121 56482699
7122 56919371
7123 56693371
7124 56648161
7125 56460193
7126 56730925
7127 56542879
7128 56670781
7129 56602997
7130 56655630
7131 56678157
7132 56738555
7133 56603033
7134 56760932
7135 57099433
7136 56806174
7137 57055361
7138 56843951
7139 57213256
7140 56768635
7141 56798803
7142 57122881
7143 56904153
7144 57145859
7145 56994711
7146 56753617
7147 56896850
7148 56836522
7149 56926962
7150 57251741
7151 57108186
7152 56866673
7153 57266677
7154 57055363
7155 56927025
7156 57040215
7157 57244161
7158 57229030
7159 56934569
7160 57350321
7161 57062913
7162 57312361
7163 57251767
7164 57372709
7165 57183845
7166 57244357
7167 57319846
7168 57372869
7169 57320017
7170 57214096
7171 57486700
7172 57123365
7173 57244357
7174 57395656
7175 57244348
7176 57645901
7177 57304876
7178 57426021
7179 57282187
7180 57774761
7181 57410905
7182 57691201
7183 57471562
7184 57365477
7185 57395773
7186 57448765
7187 57714241
7188 57714214
7189 57494307
7190 57615559
7191 57645901
7192 57729349
7193 57813213
7194 57927306
7195 57774841
7196 57737131
7197 57661223
7198 57706793
7199 57904281
7200 57858603
7201 57760001
7202 57759976
7203 57752359
7204 57873947
7205 57820768
7206 58200858
7207 58049161
7208 57995601
7209 58003393
7210 57752395
7211 57798001
7212 58010963
7213 58353922
7214 57934921
7215 58117373
7216 57950101
7217 58147945
7218 58201318
7219 58049162
7220 58003441
7221 57912100
7222 58148231
7223 58110066
7224 58300555
7225 58140590
7226 58300679
7227 58514095
7228 58094849
7229 58430656
7230 58346641
7231 58232062
7232 58415434
7233 58216852
7234 58186384
7235 58430568
7236 58270251
7237 58339045
7238 58522476
7239 58201642
7240 58621883
7241 58377235
7242 58590865
7243 58576007
7244 58629361
7245 58706229
7246 58346663
7247 58453659
7248 58476610
7249 58461308
7250 58821231
7251 58522452
7252 58553056
7253 58476594
7254 58591329
7255 58606591
7256 58729233
7257 58576007
7258 58813553
7259 58729221
7260 58667885
7261 58966313
7262 59004631
7263 58867167
7264 58790347
7265 58775113
7266 59036167
7267 59012869
7268 58974565
7269 59266861
7270 58913281
7271 58813546
7272 58867227
7273 58913229
7274 59051161
7275 58752225
7276 58890252
7277 58913295
7278 59113027
7279 58859576
7280 59212830
7281 59043793
7282 59236111
7283 59128369
7284 59066801
7285 59005413
7286 59089870
7287 59266883
7288 59289601
7289 59005437
7290 59274313
7291 59213026
7292 59320756
7293 59397729
7294 59289880
7295 59413069
7296 59128411
7297 59305338
7298 59243729
7299 59366905
7300 59366962
7301 59713985
7302 59513239
7303 59660152
7304 59220719
7305 59436371
7306 59497973
7307 59536632
7308 59498077
7309 59505797
7310 59698713
7311 59413229
7312 59629284
7313 59590625
7314 59737378
7315 59575153
7316 59606121
7317 59528939
7318 59659952
7319 59559787
7320 59498077
7321 59698773
7322 59930781
7323 59806841
7324 59883877
7325 60061717
7326 60046881
7327 59799290
7328 59683331
7329 59706481
7330 60085723
7331 60054709
7332 59938549
7333 59853301
7334 59752892
7335 60286705
7336 60271471
7337 59992589
7338 59861169
7339 59837961
7340 60046966
7341 59969437
7342 60194083
7343 60085643
7344 60046858
7345 60093505
7346 60054749
7347 60271921
7348 60101147
7349 59954046
7350 60271877
7351 60101215
7352 60349537
7353 60209631
7354 60240877
7355 60217576
7356 60209799
7357 60178765
7358 60326281
7359 60225361
7360 60341809
7361 60457939
7362 60365041
7363 60388442
7364 60365089
7365 60411727
7366 60536139
7367 60543638
7368 60427213
7369 60777553
7370 60995980
7371 60310756
7372 60450577
7373 61011686
7374 60442839
7375 60684097
7376 60800455
7377 60473941
7378 60613991
7379 60536125
7380 61056997
7381 60668378
7382 60652929
7383 60691801
7384 60575054
7385 60871061
7386 60816261
7387 61112185
7388 60886614
7389 60800995
7390 60637370
7391 60723027
7392 60800935
7393 60808780
7394 60769809
7395 60972631
7396 60839901
7397 60730849
7398 60878995
7399 60738643
7400 61245877
7401 61144471
7402 60847781
7403 61136662
7404 61097541
7405 60871205
7406 61347127
7407 60902416
7408 61348045
7409 61066381
7410 61050693
7411 61293073
7412 61011713
7413 61269601
7414 61504465
7415 61214928
7416 61395041
7417 61277585
7418 61308705
7419 61371493
7420 61567563
7421 61285393
7422 61691981
7423 61434101
7424 61394851
7425 61551815
7426 61543905
7427 61426401
7428 61732369
7429 61567431
7430 61661727
7431 61410727
7432 61489117
7433 61606738
7434 61755867
7435 61536169
7436 61496940
7437 61575401
7438 61410731
7439 61763801
7440 61559717
7441 61536161
7442 61614645
7443 62102225
7444 61622497
7445 61732386
7446 61897501
7447 61858030
7448 61669585
7449 61866001
7450 61834561
7451 61936645
7452 61929029
7453 61857970
7454 61795286
7455 61905424
7456 61685313
7457 61960441
7458 62047130
7459 61968369
7460 62282824
7461 62164639
7462 62094301
7463 62062849
7464 62141609
7465 62062785
7466 62322891
7467 62314661
7468 62157096
7469 62062860
7470 62173030
7471 62173226
7472 62496901
7473 62125804
7474 62377921
7475 62244055
7476 62102279
7477 62228403
7478 62023499
7479 62220529
7480 62259979
7481 62481065
7482 62149553
7483 62417881
7484 62338789
7485 62591813
7486 62433547
7487 62567617
7488 63011004
7489 62259989
7490 62575591
7491 62631333
7492 62465307
7493 62331025
7494 62378389
7495 62631201
7496 62940213
7497 62481101
7498 62591677
7499 62552113
7500 62583918
7501 62750053
7502 62488990
7503 62670791
7504 62979872
7505 62544373
7506 62575991
7507 62663056
7508 62757964
7509 62718479
7510 62718391
7511 62750073
7512 62995849
7513 63153786
7514 62884900
7515 62773894
7516 63027193
7517 62726392
7518 62940117
7519 62908673
7520 62853185
7521 63091081
7522 62781847
7523 63218338
7524 63138661
7525 63075365
7526 62900761
7527 63194509
7528 62940393
7529 63003797
7530 63321735
7531 63305341
7532 63194495
7533 63122962
7534 63472690
7535 63258157
7536 63003907
7537 63257857
7538 63043592
7539 63321501
7540 63043597
7541 63425233
7542 63146861
7543 63154794
7544 63337541
7545 63242227
7546 63496811
7547 63274059
7548 63258143
7549 63401405
7550 63520897
7551 63520837
7552 63282025
7553 63584613
7554 63712261
7555 63409321
7556 63576397
7557 63473089
7558 63528829
7559 63361597
7560 63871840
7561 63680401
7562 63632409
7563 63879637
7564 63624397
7565 63592579
7566 63560745
7567 63640397
7568 63968005
7569 63848071
7570 63911689
7571 64047169
7572 63760190
7573 64270994
7574 63696358
7575 63895737
7576 63920017
7577 64031564
7578 64023983
7579 63912031
7580 64240222
7581 64103771
7582 64104013
7583 63792166
7584 64144078
7585 64223941
7586 63959897
7587 64247779
7588 63983921
7589 63928019
7590 63896043
7591 64456723
7592 64176041
7593 64152079
7594 64215877
7595 64761327
7596 64665217
7597 64288325
7598 63991999
7599 64192081
7600 64168039
7601 64352481
7602 64208161
7603 64448424
7604 64448560
7605 64280197
7606 64344463
7607 64376547
7608 64496926
7609 64304353
7610 64753954
7611 64480876
7612 64729691
7613 64536817
7614 64529026
7615 64472739
7616 64304358
7617 64681717
7618 64328419
7619 64609396
7620 65180941
7621 64585177
7622 64769981
7623 64737676
7624 64601297
7625 64585333
7626 64770256
7627 65003487
7628 64826521
7629 64770080
7630 64722022
7631 64915201
7632 64858557
7633 64673756
7634 64617477
7635 65068183
7636 64641597
7637 64657678
7638 65157181
7639 64907191
7640 64907037
7641 65116741
7642 64874915
7643 64923197
7644 64826641
7645 65044030
7646 65262073
7647 65068367
7648 65254036
7649 64955511
7650 65116759
7651 65181097
7652 64931356
7653 65076481
7654 65132959
7655 65480461
7656 64987777
7657 65253889
7658 64963601
7659 65229697
7660 65334841
7661 65165257
7662 65245897
7663 65472373
7664 65318725
7665 65666557
7666 65463993
7667 65350976
7668 65399489
7669 65464113
7670 65245995
7671 65609805
7672 65375309
7673 65278315
7674 65545136
7675 65318716
7676 65707116
7677 65286401
7678 65553157
7679 65763571
7680 65731401
7681 65569397
7682 65650451
7683 65593738
7684 66072207
7685 65779971
7686 65990873
7687 65755857
7688 65561394
7689 65828577
7690 66152417
7691 65893387
7692 65918113
7693 65618095
7694 65650495
7695 65658610
7696 65610001
7697 65877417
7698 65772092
7699 65755846
7700 65893697
7701 66104525
7702 66178217
7703 66283993
7704 66039913
7705 66129425
7706 65877553
7707 66177785
7708 66153517
7709 66218835
7710 65918153
7711 66332825
7712 66194376
7713 65983114
7714 66527941
7715 65934401
7716 66202477
7717 66170061
7718 66626297
7719 66218797
7720 66227045
7721 66072507
7722 66805761
7723 66202627
7724 66194472
7725 66487636
7726 66389841
7727 66479257
7728 66398051
7729 66536361
7730 66259592
7731 66275873
7732 66316573
7733 66577351
7734 66259601
7735 66487717
7736 66438766
7737 66520321
7738 66430645
7739 66854223
7740 66765217
7741 66683548
7742 66512151
7743 66626407
7744 66593749
7745 66650816
7746 66805797
7747 66561111
7748 66838619
7749 66667222
7750 66593741
7751 66650872
7752 66863321
7753 66585601
7754 66797921
7755 67010593
7756 67051491
7757 66871397
7758 66887807
7759 66773407
7760 66830590
7761 66961265
7762 66953125
7763 67174017
7764 67018711
7765 66830617
7766 67141621
7767 66977841
7768 67141556
7769 66936931
7770 66986011
7771 67215397
7772 66912401
7773 67182457
7774 67699585
7775 67272580
7776 67198897
7777 67371265
7778 67149789
7779 67067899
7780 67289174
7781 67166179
7782 67428691
7783 67633888
7784 67207189
7785 67444947
7786 67231789
7787 67527251
7788 67897552
7789 67321990
7790 67494331
7791 67240001
7792 67510717
7793 67248201
7794 67732876
7795 67494399
7796 67469748
7797 67675301
7798 67379471
7799 67519090
7800 67806881
7801 67551946
7802 67814650
7803 67740999
7804 67560175
7805 67872751
7806 67576609
7807 67601269
7808 67658809
7809 67929989
7810 67568401
7811 67839777
7812 67774055
7813 67790503
7814 67790467
7815 68012946
7816 67806971
7817 67683526
7818 68185965
7819 67724669
7820 67930565
7821 67856387
7822 68119957
7823 68161512
7824 68285431
7825 67905821
7826 68004751
7827 67996468
7828 68310126
7829 67897601
7830 68169637
7831 68310226
7832 68054249
7833 68186125
7834 68368003
7835 68244086
7836 68087251
7837 68037753
7838 68623432
7839 68293648
7840 68326676
7841 68376358
7842 68211066
7843 68145025
7844 68202793
7845 68268887
7846 68334967
7847 68616331
7848 68227601
7849 68483845
7850 68310226
7851 68326721
7852 68516897
7853 68293696
7854 68583133
7855 68467339
7856 68690720
7857 68864831
7858 68401159
7859 68591525
7860 68641217
7861 68823592
7862 68558385
7863 68566661
7864 69039082
7865 68674306
7866 68632885
7867 68558401
7868 68757184
7869 68715755
7870 69122428
7871 68757265
7872 69163243
7873 69080527
7874 69047551
7875 68748973
7876 69039446
7877 68964721
7878 69139210
7879 68873321
7880 69080943
7881 69363263
7882 68898281
7883 68939785
7884 69006249
7885 69255685
7886 68865101
7887 69031171
7888 69056085
7889 69197437
7890 69147511
7891 69230415
7892 69147535
7893 69463781
7894 69521884
7895 69164083
7896 69147511
7897 69647239
7898 69197423
7899 69180751
7900 69347227
7901 69230701
7902 69247307
7903 69355504
7904 69322268
7905 69222401
7906 69497077
7907 69538633
7908 69671926
7909 69372217
7910 69705798
7911 69655668
7912 69821776
7913 69488833
7914 69772510
7915 69463891
7916 69822568
7917 69655492
7918 69588964
7919 69764075
7920 69438889
7921 69613963
7922 69488896
7923 69739058
7924 69555601
7925 69772609
7926 70147741
7927 69580617
7928 69847697
7929 69856165
7930 69914653
7931 70022941
7932 69822701
7933 70207158
7934 69973226
7935 70282203
7936 70115197
7937 69881221
7938 70324636
7939 69897941
7940 69981589
7941 69847795
7942 70232709
7943 69889601
7944 70165597
7945 69956472
7946 70073617
7947 70123681
7948 70056900
7949 70501003
7950 70618741
7951 70299811
7952 70375258
7953 70308126
7954 70123861
7955 70065271
7956 70375178
7957 70232761
7958 70232761
7959 70207617
7960 70383601
7961 70551095
7962 70224401
7963 70392020
7964 70972181
7965 70735699
7966 70291448
7967 70333363
7968 70744858
7969 70484379
7970 70786941
7971 70685967
7972 70937637
7973 70560001
7974 70551511
7975 70702717
7976 70770151
7977 70568381
7978 70576777
7979 70727980
7980 71157241
7981 70560001
7982 70837317
7983 71392245
7984 70694416
7985 70854197
7986 70635619
7987 70744873
7988 70938417
7989 71005883
7990 70913017
7991 71090173
7992 70820621
7993 71022685
7994 70795393
7995 70913121
7996 70904801
7997 70972159
7998 71064820
7999 71140789
8000 70896401
8001 71123851
8002 71393709
8003 71208043
8004 70963752
8005 70904821
8006 71149177
8007 71174443
8008 71090151
8009 71359877
8010 71191377
8011 71360075
8012 71216697
8013 71789881
8014 71546133
8015 71174521
8016 71275717
8017 71284250
8018 71309449
8019 71233601
8020 71512237
8021 71503937
8022 71233600
8023 71495325
8024 71571345
8025 71487026
8026 71503741
8027 71537765
8028 71613565
8029 71630561
8030 71910400
8031 71799897
8032 71571576
8033 71588497
8034 71580041
8035 71656177
8036 71588506
8037 71774589
8038 71571601
8039 71766283
8040 71537765
8041 71808668
8042 71867897
8043 71673121
8044 72317392
8045 72190207
8046 72147596
8047 71757826
8048 71910205
8049 72012181
8050 71893298
8051 71978208
8052 72012193
8053 71918861
8054 71842568
8055 71867987
8056 72470441
8057 71859521
8058 72190357
8059 72012172
8060 72419701
8061 72207397
8062 72275161
8063 72198889
8064 72046136
8065 72351812
8066 72198974
8067 72701093
8068 72420052
8069 72173509
8070 72377215
8071 72607081
8072 72258481
8073 72198961
8074 72241481
8075 72513721
8076 72250001
8077 72530617
8078 72275501
8079 72658352
8080 72241495
8081 72403066
8082 72650047
8083 72326515
8084 72922929
8085 72556129
8086 72795016
8087 72564813
8088 72820317
8089 72700993
8090 72488188
8091 72598901
8092 72752329
8093 72615891
8094 72837671
8095 72581875
8096 72795024
8097 72854489
8098 73169548
8099 72888797
8100 72607433
8101 72786493
8102 73025565
8103 72999921
8104 73374836
8105 73359177
8106 72769401
8107 73076833
8108 72871791
8109 72888817
8110 72743842
8111 73034053
8112 73136509
8113 73051014
8114 72931601
8115 73213537
8116 72914513
8117 73093945
8118 73119586
8119 72991373
8120 73435731
8121 73718821
8122 73213651
8123 73179415
8124 73316401
8125 73341841
8126 72999937
8127 73196575
8128 73341901
8129 73282141
8130 73273537
8131 73462026
8132 73410621
8133 73273601
8134 73290721
8135 73547416
8136 73436289
8137 73376348
8138 73615917
8139 73590643
8140 73547488
8141 73633498
8142 73804606
8143 73804498
8144 74088817
8145 73805257
8146 73624951
8147 73479184
8148 73530590
8149 73727911
8150 73856612
8151 74011510
8152 73556353
8153 73899657
8154 73667865
8155 74019907
8156 73882439
8157 73968259
8158 74149297
8159 73736554
8160 73796679
8161 73839586
8162 73925569
8163 74337589
8164 73968491
8165 74261097
8166 73882619
8167 73968581
8168 74045801
8169 74114521
8170 74286586
8171 73960001
8172 74054589
8173 74295131
8174 74244017
8175 74261197
8176 74381911
8177 74011609
8178 74020211
8179 74132076
8180 74502637
8181 74235421
8182 74287081
8183 74209591
8184 74373016
8185 74338849
8186 74226841
8187 74252609
8188 74175145
8189 74304385
8190 74304401
8191 74269909
8192 74545908
8193 74580056
8194 74528366
8195 74476757
8196 74390577
8197 75185153
8198 74977882
8199 74528590
8200 74485529
8201 74684140
8202 74882757
8203 74563190
8204 74606251
8205 74658221
8206 74675493
8207 74805177
8208 74736025
8209 74649601
8210 74554589
8211 75012753
8212 74623683
8213 74952197
8214 74710063
8215 74805193
8216 75029761
8217 74882973
8218 75081650
8219 74952197
8220 74917525
8221 75073321
8222 75368311
8223 74796547
8224 75004241
8225 75082210
8226 75012801
8227 75099476
8228 74995601
8229 75281497
8230 75774817
8231 75498673
8232 75030245
8233 75004241
8234 75073541
8235 75203536
8236 75264091
8237 75298965
8238 75047569
8239 75463954
8240 75099541
8241 75324921
8242 75896920
8243 75351061
8244 75394321
8245 75594311
8246 75420431
8247 75342401
8248 75628957
8249 75741369
8250 75646477
8251 75559447
8252 75316363
8253 75716031
8254 75385801
8255 75672161
8256 75742110
8257 75811786
8258 75925071
8259 75707281
8260 75715797
8261 75733465
8262 75698681
8263 75516092
8264 75811625
8265 75777022
8266 75690001
8267 75585628
8268 76125370
8269 75829165
8270 75594329
8271 75846646
8272 76291185
8273 75916174
8274 76099451
8275 76046911
8276 75942421
8277 75951190
8278 76221629
8279 76029571
8280 76273913
8281 75803141
8282 76247776
8283 76317693
8284 76238937
8285 76038401
8286 76116791
8287 76212837
8288 76640719
8289 76230362
8290 76177921
8291 76151671
8292 76142996
8293 76308889
8294 76134339
8295 76090721
8296 76544998
8297 76369866
8298 76352596
8299 76204151
8300 76396321
8301 76317672
8302 76544713
8303 76431277
8304 76387601
8305 76352620
8306 76221631
8307 76746359
8308 76492348
8309 76728569
8310 76650022
8311 76518685
8312 76588681
8313 76579881
8314 76711281
8315 76448791
8316 76536233
8317 76702465
8318 76667416
8319 76553749
8320 76842468
8321 77017501
8322 76763871
8323 76737601
8324 76869055
8325 76842721
8326 77105958
8327 76807681
8328 76886503
8329 77062051
8330 76903975
8331 77017816
8332 77026897
8333 76921539
8334 77184705
8335 77114731
8336 76798933
8337 76912901
8338 77070817
8339 77246401
8340 77000626
8341 76956757
8342 77088401
8343 76983068
8344 77202401
8345 77053260
8346 77334212
8347 77395455
8348 77141054
8349 77360441
8350 77422401
8351 77316750
8352 77747755
8353 77431159
8354 77466271
8355 77483917
8356 77774362
8357 77448781
8358 77554023
8359 77334436
8360 77660067
8361 77440001
8362 77466373
8363 77484001
8364 77677277
8365 77607261
8366 77528001
8367 77712735
8368 77624855
8369 77598481
8370 78091994
8371 77519215
8372 77897793
8373 77607249
8374 77959421
8375 78004125
8376 77801201
8377 77959939
8378 77977179
8379 78179941
8380 77792401
8381 77827516
8382 78048385
8383 77871645
8384 77633722
8385 77898268
8386 77836495
8387 78083677
8388 78092554
8389 77951242
8390 77968757
8391 78454605
8392 78384157
8393 78198166
8394 78304681
8395 78154421
8396 78313561
8397 78189535
8398 78127918
8399 78145601
8400 78437437
8401 78172123
8402 78393236
8403 78455197
8404 78552761
8405 78481257
8406 78340201
8407 78251717
8408 78464116
8409 78295881
8410 78295951
8411 78419749
8412 78331349
8413 78331339
8414 78508441
8415 78508405
8416 78481686
8417 78783277
8418 78499601
8419 78517313
8420 78605668
8421 78703051
8422 78694498
8423 78534996
8424 78632375
8425 78800874
8426 78579361
8427 78473023
8428 78597085
8429 78632537
8430 78801130
8431 78889876
8432 78712360
8433 78685769
8434 78889889
8435 78614823
8436 78623686
8437 78854401
8438 78801126
8439 78836626
8440 79200829
8441 79085254
8442 79076137
8443 78889900
8444 79298297
8445 78836626
8446 78960897
8447 79023139
8448 79370282
8449 79245461
8450 79351981
8451 79076557
8452 79120857
8453 79138808
8454 79263329
8455 79387905
8456 79210001
8457 79218889
8458 79112119
8459 79449977
8460 79521697
8461 79325561
8462 79343515
8463 79245596
8464 79388020
8465 79530700
8466 79503931
8467 79735839
8468 79334569
8469 79512601
8470 79477105
8471 79575301
8472 79699985
8473 79789347
8474 79744676
8475 79566401
8476 79405913
8477 79673281
8478 79682373
8479 79717957
8480 79932511
8481 79468299
8482 79691314
8483 79914451
8484 79771603
8485 79700251
8486 79753675
8487 79727042
8488 79744885
8489 79655610
8490 79700251
8491 80120233
8492 79744885
8493 79807381
8494 79923601
8495 80218737
8496 79753829
8497 80236535
8498 80039773
8499 80138109
8500 80013017
8501 80263006
8502 80236751
8503 80263682
8504 80030901
8505 80424829
8506 80281520
8507 80013017
8508 80200975
8509 80245665
8510 80362079
8511 80227814
8512 80084602
8513 80209933
8514 80514630
8515 80621766
8516 80739121
8517 80451775
8518 80174113
8519 80218873
8520 80595397
8521 80451821
8522 80290549
8523 80469815
8524 80335354
8525 80451925
8526 80478778
8527 80774737
8528 80451875
8529 80568577
8530 80694190
8531 80882537
8532 80640401
8533 80640232
8534 80667337
8535 81107781
8536 80577551
8537 80918949
8538 81180020
8539 80982002
8540 80685217
8541 80964001
8542 80927693
8543 80622438
8544 80820001
8545 80918839
8546 81063001
8547 80981953
8548 80954797
8549 80874049
8550 81369239
8551 81000001
8552 81080931
8553 80909945
8554 81098989
8555 80865045
8556 80991001
8557 81125906
8558 80928016
8559 80954977
8560 81477241
8561 81089990
8562 81648141
8563 81162057
8564 81414430
8565 81396229
8566 81189081
8567 81423371
8568 81423553
8569 81477521
8570 81360401
8571 81306265
8572 81288256
8573 81324300
8574 81640241
8575 81486505
8576 81468641
8577 81396460
8578 81324321
8579 81396484
8580 81540876
8581 81486721
8582 81622161
8583 81919977
8584 81730641
8585 81730621
8586 81567981
8587 81893421
8588 81658261
8589 81721601
8590 81694301
8591 81911311
8592 81866224
8593 81703518
8594 82074521
8595 81613157
8596 81586057
8597 81884177
8598 81965557
8599 81775801
8600 81631226
8601 82047361
8602 81875347
8603 81992905
8604 82092641
8605 81812025
8606 81920502
8607 82391809
8608 81902500
8609 81839157
8610 81929641
8611 82382097
8612 82228400
8613 82038265
8614 82137934
8615 82147033
8616 82346089
8617 82228504
8618 82291981
8619 82509917
8620 82364321
8621 82156097
8622 82555036
8623 82156088
8624 82418821
8625 82464337
8626 82500746
8627 82446401
8628 82509953
8629 82382841
8630 82473601
8631 82555108
8632 82382797
8633 82891501
8634 82310255
8635 82582525
8636 82473601
8637 82519021
8638 82673347
8639 82673347
8640 82919012
8641 82810000
8642 82819081
8643 82609858
8644 82782431
8645 82655361
8646 82810001
8647 82882621
8648 82873701
8649 82846401
8650 82700833
8651 83028061
8652 83091789
8653 82846380
8654 82828102
8655 83119590
8656 82728119
8657 82928271
8658 83420517
8659 82819071
8660 83256369
8661 83183501
8662 82855507
8663 83356001
8664 83548711
8665 83010297
8666 83001155
8667 83128765
8668 83210885
8669 83110561
8670 83529591
8671 83229049
8672 83484649
8673 83283873
8674 83612296
8675 83356892
8676 83147031
8677 83475613
8678 83265562
8679 83265590
8680 83548279
8681 83219995
8682 83439071
8683 83411609
8684 83539601
8685 83393421
8686 84078739
8687 83338642
8688 83512127
8689 83667249
8690 83502945
8691 83795092
8692 83640165
8693 83548741
8694 83685784
8695 83932433
8696 83640039
8697 83612728
8698 83649316
8699 83832193
8700 83795681
8701 84033721
8702 83850481
8703 83905601
8704 83603593
8705 84070306
8706 84189295
8707 83813926
8708 83997217
8709 84079719
8710 84107046
8711 83868929
8712 84280825
8713 84456100
8714 84006209
8715 84309061
8716 83978833
8717 84024681
8718 84281561
8719 83933063
8720 84648445
8721 83969721
8722 83997225
8723 84575457
8724 84658401
8725 84382533
8726 84226465
8727 84520101
8728 84630745
8729 84180617
8730 84263191
8731 84400774
8732 84584234
8733 84217321
8734 84400906
8735 84529276
8736 84704393
8737 84373369
8738 84731542
8739 84685977
8740 84759487
8741 84345857
8742 84355035
8743 84548017
8744 84474482
8745 84833299
8746 84989386
8747 84814651
8748 84989937
8749 84538811
8750 84658353
8751 84805618
8752 85026313
8753 84685917
8754 84676780
8755 84603196
8756 84989521
8757 84603201
8758 85182679
8759 84787256
8760 84805618
8761 85202129
8762 85220173
8763 84943871
8764 84741231
8765 84814879
8766 85155936
8767 85155816
8768 85035931
8769 85211193
8770 85091345
8771 85146751
8772 85248274
8773 85045269
8774 85368121
8775 85275719
8776 85220587
8777 84989958
8778 85248190
8779 85266636
8780 85294441
8781 85266708
8782 85146755
8783 85534153
8784 85303688
8785 85423567
8786 85386839
8787 85636517
8788 85359121
8789 85811563
8790 85368341
8791 85331405
8792 85312931
8793 85701035
8794 85692034
8795 85904223
8796 85469977
8797 85701001
8798 85747601
8799 85849359
8800 85479259
8801 86108471
8802 85877241
8803 85738339
8804 85886545
8805 85951406
8806 86117825
8807 85590251
8808 86201341
8809 86238483
8810 85904937
8811 85756819
8812 85923589
8813 85849461
8814 85830955
8815 86062726
8816 85951378
8817 86016345
8818 85756859
8819 86164625
8820 85942169
8821 85969936
8822 85914358
8823 86062681
8824 86239063
8825 86164717
8826 85969984
8827 86480699
8828 86601381
8829 86498959
8830 86405979
8831 86238993
8832 86499281
8833 86378437
8834 86545729
8835 86304065
8836 86341121
8837 86136958
8838 86452684
8839 86164805
8840 86824641
8841 86499091
8842 86918006
8843 86350551
8844 86489952
8845 86583022
8846 86620249
8847 86555057
8848 86666581
8849 86536501
8850 86974052
8851 86536477
8852 86927347
8853 87029842
8854 87020893
8855 86731826
8856 86517897
8857 86694697
8858 86545806
8859 86564413
8860 87011329
8861 86648167
8862 86955482
8863 86825121
8864 86909001
8865 87178994
8866 87104361
8867 87020911
8868 87011441
8869 87095527
8870 86899685
8871 87095317
8872 87067441
8873 87468327
8874 87235601
8875 86899676
8876 87216897
8877 87207541
8878 87319441
8879 86964945
8880 87142222
8881 86936977
8882 87393991
8883 87216841
8884 87216886
8885 87347681
8886 87441198
8887 87581181
8888 87300991
8889 87618941
8890 87329026
8891 87450553
8892 87749301
8893 87375647
8894 87282295
8895 87590873
8896 87431831
8897 87319675
8898 87721633
8899 87366401
8900 88489049
8901 87329026
8902 87431849
8903 87749901
8904 87881221
8905 87974679
8906 87553434
8907 87759281
8908 87862197
8909 88002486
8910 87993751
8911 88050017
8912 87834264
8913 87665754
8914 87712585
8915 87862447
8916 88050031
8917 87731303
8918 87731317
8919 87768781
8920 87909352
8921 87721957
8922 88143627
8923 87825013
8924 88425541
8925 88595137
8926 88087501
8927 88275181
8928 88670131
8929 88312897
8930 88369161
8931 88021889
8932 88050053
8933 88162601
8934 88200201
8935 88247221
8936 88096988
8937 88125137
8938 88783435
8939 88172085
8940 88472837
8941 88115770
8942 88585681
8943 88360000
8944 88294171
8945 88811777
8946 88538601
8947 88557401
8948 89046981
8949 88491586
8950 88613983
8951 88435192
8952 88642226
8953 88501037
8954 88887160
8955 88821019
8956 89141923
8957 88510456
8958 88529273
8959 88576313
8960 89037736
8961 88510465
8962 88802323
8963 88802323
8964 89283202
8965 88877647
8966 89151041
8967 88868329
8968 89094601
8969 89066225
8970 88821171
8971 89038093
8972 89367607
8973 88953083
8974 89000321
8975 88877745
8976 89037928
8977 88915451
8978 89198399
8979 88981465
8980 89122859
8981 88906042
8982 89340184
8983 89122999
8984 89340136
8985 89113592
8986 89293021
8987 89094697
8988 89491601
8989 89207990
8990 89605093
8991 89595229
8992 89434841
8993 89170241
8994 89510486
8995 89491585
8996 89434801
8997 89311931
8998 89330841
8999 89387541
9000 89501005
9001 89302501
9002 90002641
9003 89406461
9004 89500989
9005 90116425
9006 89510518
9007 89472673
9008 89595649
9009 89756661
9010 89841873
9011 90352971
9012 89870040
9013 89747093
9014 89661946
9015 89841753
9016 89690359
9017 89709293
9018 89984161
9019 89794541
9020 89813466
9021 89699842
9022 90259481
9023 90002945
9024 90107401
9025 89908325
9026 89946256
9027 89984148
9028 90372991
9029 90620791
9030 90221371
9031 90250000
9032 90050539
9033 90145421
9034 90249745
9035 90363596
9036 90535226
9037 90107537
9038 90136021
9039 90202465
9040 90363956
9041 90098065
9042 90278497
9043 90440101
9044 90202495
9045 90383001
9046 90373487
9047 90326008
9048 91000655
9049 90468627
9050 90421081
9051 90421081
9052 90792007
9053 90449591
9054 90916126
9055 90782685
9056 90677917
9057 90544741
9058 90916030
9059 90611313
9060 90868555
9061 90497170
9062 90687514
9063 90811329
9064 90973249
9065 90763666
9066 90963901
9067 91087912
9068 90849491
9069 91040091
9070 90954145
9071 90697047
9072 91068654
9073 90944723
9074 91135591
9075 90878074
9076 90887621
9077 91212049
9078 90944813
9079 91021085
9080 91479655
9081 90897157
9082 91030681
9083 91183177
9084 91154685
9085 91460377
9086 91345597
9087 91212045
9088 91345735
9089 91546544
9090 91336169
9091 91393576
9092 91087937
9093 91345697
9094 91776176
9095 91345787
9096 91298010
9097 91317121
9098 91527481
9099 91374481
9100 91641846
9101 91298026
9102 91489226
9103 91508257
9104 91537051
9105 91871902
9106 91661413
9107 91403161
9108 91470093
9109 91632757
9110 91862401
9111 91843443
9112 92111501
9113 91747553
9114 91910129
9115 91881679
9116 91843233
9117 92169581
9118 91757217
9119 91843401
9120 91776337
9121 91699777
9122 91939243
9123 91891333
9124 92054125
9125 92294350
9126 91900941
9127 92063977
9128 92476863
9129 92236736
9130 92591025
9131 92035213
9132 92025586
9133 92006449
9134 92073601
9135 92351876
9136 92227171
9137 92150395
9138 92659877
9139 92255945
9140 92496067
9141 92102410
9142 92803903
9143 92611247
9144 92323163
9145 92467336
9146 92544301
9147 92707941
9148 92313629
9149 92659813
9150 92650239
9151 92246419
9152 92736757
9153 92553911
9154 93053631
9155 92457811
9156 92621328
9157 92534761
9158 92573233
9159 92669413
9160 92727161
9161 92505925
9162 92621341
9163 92890721
9164 92910313
9165 93122140
9166 92939239
9167 92794665
9168 93160664
9169 92679129
9170 92833190
9171 92968156
9172 93093173
9173 92948761
9174 93267265
9175 92900663
9176 93238193
9177 93141681
9178 93228571
9179 93083805
9180 92987369
9181 92910322
9182 93257250
9183 93180385
9184 92987434
9185 92997087
9186 93354241
9187 93402351
9188 93528073
9189 93315376
9190 93083905
9191 93527986
9192 93276961
9193 93276940
9194 93721593
9195 93238312
9196 93325241
9197 93498991
9198 93392861
9199 93499121
9200 93412217
9201 93315601
9202 93305935
9203 93644330
9204 93760486
9205 93421849
9206 93470200
9207 93798785
9208 93392897
9209 93547584
9210 93934336
9211 93731413
9212 93518551
9213 93770063
9214 93760486
9215 93750735
9216 93896085
9217 93760465
9218 93857224
9219 93915361
9220 93808839
9221 93721762
9222 93925083
9223 93857281
9224 93905789
9225 94449087
9226 93963811
9227 94360897
9228 94206412
9229 94051124
9230 93954250
9231 94293601
9232 94128801
9233 94099695
9234 94274371
9235 94225625
9236 94216101
9237 94924825
9238 94216101
9239 94080299
9240 94322896
9241 94128805
9242 94245165
9243 94546243
9244 94497841
9245 94681875
9246 95089497
9247 94274349
9248 94439476
9249 94332645
9250 94856931
9251 94885993
9252 94488091
9253 94585241
9254 94517260
9255 94439521
9256 95051629
9257 95150241
9258 94575562
9259 94400657
9260 94624167
9261 94536730
9262 94935763
9263 94935637
9264 94653426
9265 94994257
9266 95139676
9267 94935781
9268 94896793
9269 94984156
9270 94848121
9271 94643711
9272 95130653
9273 94994153
9274 94906516
9275 94945512
9276 94965001
9277 94857849
9278 95042953
9279 94984468
9280 95413149
9281 94945537
9282 95043001
9283 95345371
9284 95101405
9285 95208801
9286 95559801
9287 95247785
9288 95608556
9289 95540761
9290 95296524
9291 95150269
9292 95501547
9293 95403947
9294 95794975
9295 95384523
9296 95579923
9297 95257601
9298 95609221
9299 95540611
9300 95814731
9301 95355226
9302 95883229
9303 96059406
9304 95443075
9305 95824458
9306 95648397
9307 95873053
9308 95863513
9309 95746001
9310 95521291
9311 95707054
9312 95921953
9313 95589721
9314 95638591
9315 96059118
9316 95981161
9317 95804941
9318 95873417
9319 96000636
9320 95863601
9321 95765797
9322 95883264
9323 95804896
9324 96069361
9325 96216313
9326 95883261
9327 96353568
9328 96069163
9329 96059521
9330 96128219
9331 96451753
9332 96373090
9333 96147801
9334 96569530
9335 96588496
9336 96020393
9337 96088987
9338 96442191
9339 96049801
9340 96275245
9341 96177250
9342 96481477
9343 96530610
9344 96216478
9345 96196861
9346 96501141
9347 96481487
9348 96294970
9349 96707301
9350 96569786
9351 96589585
9352 96589569
9353 96628676
9354 96373474
9355 96589416
9356 96619041
9357 96501123
9358 96442215
9359 96599303
9360 96628820
9361 96589585
9362 96687841
9363 97762655
9364 97101292
9365 96766570
9366 97120830
9367 96825537
9368 96786209
9369 97091307
9370 96933829
9371 97288393
9372 97041878
9373 97051943
9374 96687890
9375 97180044
9376 96884625
9377 96983105
9378 97120905
9379 97042058
9380 97308319
9381 96992933
9382 97633201
9383 96914181
9384 97248973
9385 97229279
9386 97190003
9387 97229279
9388 97515265
9389 97130839
9390 97308359
9391 97841501
9392 97160441
9393 97466125
9394 97495813
9395 97337908
9396 97535181
9397 97485961
9398 97545181
9399 97565007
9400 98068114
9401 97357665
9402 98019881
9403 97970396
9404 97614392
9405 98217505
9406 97633993
9407 97792241
9408 97634137
9409 97772376
9410 97555126
9411 98197321
9412 97584757
9413 97861527
9414 97614401
9415 98267281
9416 98375453
9417 97861515
9418 98000059
9419 97871414
9420 97713226
9421 97792322
9422 98178367
9423 97841717
9424 98029753
9425 98029798
9426 98247745
9427 98069409
9428 97930816
9429 97930816
9430 98811561
9431 98039631
9432 98316799
9433 98227666
9434 98287396
9435 98703902
9436 98148586
9437 98277301
9438 98386481
9439 98396469
9440 98594761
9441 98247745
9442 98168464
9443 98297269
9444 98505337
9445 98683996
9446 98584681
9447 98535221
9448 98416249
9449 98495611
9450 98654527
9451 98813121
9452 98743954
9453 98714051
9454 98456001
9455 98545321
9456 99320716
9457 98743921
9458 98753887
9459 98515545
9460 98833403
9461 98664490
9462 98853197
9463 99081921
9464 99002500
9465 98992279
9466 98714161
9467 98992311
9468 99002212
9469 98664490
9470 98753901
9471 98833367
9472 98903017
9473 99062174
9474 98833417
9475 98972623
9476 99470323
9477 99062161
9478 99231393
9479 98942809
9480 99271291
9481 99082117
9482 98992539
9483 99191599
9484 99211541
9485 99082092
9486 99102026
9487 99370991
9488 99380958
9489 99231471
9490 99400780
9491 99450715
9492 99709791
9493 99450685
9494 99490649
9495 99520541
9496 99779953
9497 99530551
9498 99530523
9499 99789461
9500 99390931
9501 99500626
9502 99939721
9503 99540526
9504 100079441
9505 99869933
9506 99749975
9507 100029541
9508 99660190
9509 99500622
9510 99780041
9511 99540526
9512 99989911
9513 99720197
9514 99859986
9515 100260089
9516 99969961
9517 100009945
9518 100079917
9519 99860001
9520 99770127
9521 99920017
9522 99850015
9523 99920016
9524 100190085
9525 100049995
9526 100069857
9527 100350301
9528 99979998
9529 100590799
9530 100349887
9531 100479848
9532 100590761
9533 100210021
9534 100560001
9535 100380218
9536 100230121
9537 100520596
9538 100950451
9539 100430451
9540 100791405
9541 100340290
9542 100410239
9543 100240141
9544 100941481
9545 100620793
9546 100580586
9547 100530691
9548 100390375
9549 100330273
9550 100500590
9551 100640829
9552 100781266
9553 100811531
9554 100550727
9555 100440485
9556 100801480
9557 100721153
9558 100630973
9559 100941886
9560 101002380
9561 100761445
9562 101052337
9563 101454135
9564 100681156
9565 101343865
9566 101626273
9567 100801576
9568 100891951
9569 101183193
9570 101123088
9571 101434357
9572 100952227
9573 100962301
9574 101032597
9575 101072773
9576 101324353
9577 101092941
9578 101918251
9579 101123121
9580 101082916
9581 101123136
9582 101324308
9583 100992451
9584 101636403
9585 101434733
9586 101414959
9587 101284048
9588 101314291
9589 101465161
9590 101615929
9591 101817489
9592 101344486
9593 101304210
9594 101656625
9595 101485441
9596 101666841
9597 101696721
9598 101646725
9599 101535811
9600 101697135
9601 101606401
9602 101566049
9603 101495549
9604 101898721
9605 101959201
9606 101555995
9607 101747470
9608 101979361
9609 101939181
9610 101596315
9611 101999521
9612 101717269
9613 101929117
9614 102211932
9615 102050305
9616 101878701
9617 102050284
9618 102030006
9619 101808100
9620 102060495
9621 102030202
9622 102030081
9623 102040273
9624 102515370
9625 101888837
9626 101969604
9627 102222181
9628 102505345
9629 102555289
9630 102485197
9631 102414232
9632 102060501
9633 102495152
9634 102262637
9635 102232258
9636 102171664
9637 102444653
9638 102647161
9639 102799097
9640 103092081
9641 102454885
9642 102637018
9643 103113829
9644 102495256
9645 102647291
9646 102951457
9647 102576381
9648 102627001
9649 102535852
9650 103295677
9651 102596561
9652 102566251
9653 102931061
9654 103093011
9655 103001718
9656 103103636
9657 102687817
9658 103022332
9659 103144216
9660 102789181
9661 102880450
9662 102809455
9663 102768895
9664 103305997
9665 103042681
9666 103103617
9667 103438609
9668 102860140
9669 103388225
9670 103336839
9671 102870305
9672 103215369
9673 103032631
9674 103550856
9675 103083374
9676 103378001
9677 103327225
9678 103357633
9679 103083385
9680 103601161
9681 103306897
9682 103703541
9683 103530610
9684 103591660
9685 103510241
9686 103560971
9687 103652618
9688 103276387
9689 103998421
9690 103744355
9691 103601653
9692 103500103
9693 103530505
9694 103652698
9695 103774921
9696 103917412
9697 103713832
9698 103510252
9699 103937585
9700 103601857
9701 103734210
9702 103612017
9703 103652737
9704 103876840
9705 104202365
9706 104019593
9707 103968607
9708 103754561
9709 103897106
9710 104070513
9711 104090627
9712 103958296
9713 104070331
9714 104121448
9715 104233511
9716 104335921
9717 104172487
9718 104080636
9719 104315401
9720 104346190
9721 104162437
9722 104519881
9723 104387054
9724 104203096
9725 104622141
9726 104203201
9727 104744985
9728 104080804
9729 104193051
9730 104755105
9731 104121613
9732 104162437
9733 104193051
9734 104908675
9735 104581121
9736 104601601
9737 104499495
9738 104734396
9739 104468841
9740 104509726
9741 104591530
9742 104581213
9743 104560741
9744 105247018
9745 104969929
9746 104795914
9747 104929273
9748 104683461
9749 104704051
9750 104673337
9751 104693789
9752 104877961
9753 104714274
9754 105041953
9755 104611985
9756 105103441
9757 104878018
9758 104970215
9759 105389601
9760 104970215
9761 105021505
9762 104949671
9763 104949709
9764 105472117
9765 105021504
9766 105410665
9767 105647291
9768 105318697
9769 105585895
9770 105082998
9771 105421137
9772 105370057
9773 105380149
9774 105441631
9775 105575370
9776 105247081
9777 105288086
9778 105544693
9779 105965476
9780 105298311
9781 105442003
9782 105565009
9783 105616474
9784 105236821
9785 105401023
9786 105493417
9787 105914667
9788 105688679
9789 105442081
9790 105544773
9791 105585845
9792 105863266
9793 105462625
9794 106089472
9795 105524245
9796 106182215
9797 106460956
9798 106120721
9799 105657793
9800 106162023
9801 105884101
9802 105791499
9803 105770921
9804 105832637
9805 106007473
9806 106254465
9807 106203121
9808 106161981
9809 105853203
9810 106110458
9811 106543585
9812 106502392
9813 106048780
9814 106182701
9815 106089920
9816 106419688
9817 106461025
9818 106822009
9819 106471311
9820 106244551
9821 106316722
9822 106460725
9823 106110586
9824 106646881
9825 106646926
9826 106522942
9827 106564186
9828 106461124
9829 106554007
9830 106337296
9831 106718725
9832 106430063
9833 106296101
9834 106698389
9835 106533351
9836 106554007
9837 106553897
9838 106440490
9839 106822255
9840 106615945
9841 106750225
9842 107029261
9843 106729553
9844 106636547
9845 106946317
9846 106760557
9847 107080480
9848 107101798
9849 107112131
9850 106719225
9851 106915592
9852 107029215
9853 107101513
9854 107008625
9855 106812217
9856 107442991
9857 107091447
9858 107184249
9859 106998336
9860 107453893
9861 107153551
9862 107081101
9863 106936273
9864 107422621
9865 107225945
9866 107402077
9867 107754509
9868 107143186
9869 107557578
9870 107267441
9871 107381251
9872 107215665
9873 107412328
9874 107650945
9875 107972306
9876 107215665
9877 107360653
9878 107702869
9879 107931321
9880 107588647
9881 107453953
9882 107962149
9883 107868468
9884 107712991
9885 107516146
9886 107941711
9887 107713207
9888 107505791
9889 107827201
9890 107630249
9891 107868948
9892 107972738
9893 107993469
9894 107702881
9895 107827432
9896 108034981
9897 108014254
9898 107962359
9899 107868948
9900 107993656
9901 108035221
9902 107837799
9903 107952076
9904 107972818
9905 108170245
9906 108264001
9907 108149469
9908 108107897
9909 108190993
9910 108180753
9911 108045631
9912 108596513
9913 108503417
9914 108305641
9915 108482531
9916 108597161
9917 108170389
9918 108201589
9919 108222409
9920 108295213
9921 108493057
9922 108743169
9923 108565951
9924 108649323
9925 108482629
9926 108805362
9927 108388886
9928 108837055
9929 109023931
9930 108889030
9931 109139134
9932 109097126
9933 108607643
9934 108982655
9935 108878719
9936 108586779
9937 108920351
9938 108638881
9939 108972553
9940 108638929
9941 108930970
9942 109317451
9943 109056186
9944 109160680
9945 108868348
9946 109212645
9947 108753601
9948 109160264
9949 109191979
9950 109066637
9951 108910072
9952 109004041
9953 109641842
9954 109620732
9955 109024893
9956 109004041
9957 109129343
9958 109923181
9959 109662385
9960 109484623
9961 109369765
9962 109421905
9963 109244289
9964 109463635
9965 109066693
9966 109422031
9967 109767514
9968 109736029
9969 109359307
9970 109474354
9971 109307026
9972 109505705
9973 109537153
9974 109798873
9975 109558086
9976 109819921
9977 109526691
9978 109704556
9979 109537141
9980 109757041
9981 109809442
9982 109505755
9983 109830232
9984 110186929
9985 110144185
9986 109736081
9987 109935210
9988 109631371
9989 109715131
9990 109956133
9991 110102726
9992 110312929
9993 110081896
9994 110081944
9995 109788476
9996 110365441
9997 110092317
9998 110490983
9999 110354665
10000 110260195
