# A002779: Table of n, a(n) for n = 1..10173
# Source: P. De Geest, Table of square palindromes (worldofnumbers.com, update of Nov 16 2025), complete through 69 digits;
# 68- and 69-digit squares found with R. Xiao's CUDA program. Every term verified palindromic; checked against the previous b-file.
1 0
2 1
3 4
4 9
5 121
6 484
7 676
8 10201
9 12321
10 14641
11 40804
12 44944
13 69696
14 94249
15 698896
16 1002001
17 1234321
18 4008004
19 5221225
20 6948496
21 100020001
22 102030201
23 104060401
24 121242121
25 123454321
26 125686521
27 400080004
28 404090404
29 522808225
30 617323716
31 942060249
32 10000200001
33 10221412201
34 12102420121
35 12345654321
36 40000800004
37 637832238736
38 1000002000001
39 1002003002001
40 1004006004001
41 1020304030201
42 1022325232201
43 1024348434201
44 1086078706801
45 1210024200121
46 1212225222121
47 1214428244121
48 1230127210321
49 1232346432321
50 1234567654321
51 1615108015161
52 4000008000004
53 4004009004004
54 4051154511504
55 5265533355625
56 9420645460249
57 100000020000001
58 100220141022001
59 102012040210201
60 102234363432201
61 121000242000121
62 121242363242121
63 123212464212321
64 123456787654321
65 123862676268321
66 144678292876441
67 165551171155561
68 400000080000004
69 900075181570009
70 4099923883299904
71 10000000200000001
72 10002000300020001
73 10004000600040001
74 10020210401202001
75 10022212521222001
76 10024214841242001
77 10201020402010201
78 10203040504030201
79 10205060806050201
80 10221432623412201
81 10223454745432201
82 12100002420000121
83 12102202520220121
84 12104402820440121
85 12120030703002121
86 12122232623222121
87 12124434743442121
88 12321024642012321
89 12323244744232321
90 12341234943214321
91 12343456865434321
92 12345678987654321
93 40000000800000004
94 40004000900040004
95 94206450305460249
96 1000000002000000001
97 1000220014100220001
98 1002003004003002001
99 1002223236323222001
100 1020100204020010201
101 1020322416142230201
102 1022123226223212201
103 1022345658565432201
104 1210000024200000121
105 1210242036302420121
106 1212203226223022121
107 1212445458545442121
108 1232100246420012321
109 1232344458544432321
110 1234323468643234321
111 4000000008000000004
112 4253436912196343524
113 6158453974793548516
114 100000000020000000001
115 100002000030000200001
116 100004000060000400001
117 100020201040102020001
118 100022201252102220001
119 100024201484102420001
120 100200120040021002001
121 100202122050221202001
122 100204124080421402001
123 100220341262143022001
124 100222343474343222001
125 102010002040200010201
126 102012022050220210201
127 102014042080240410201
128 102030405060504030201
129 102032425272524230201
130 102132537636735231201
131 102210100272001012201
132 102212122262221212201
133 102214144272441412201
134 102230523292325032201
135 102232545484545232201
136 102234567696765432201
137 104190107303701091401
138 121000000242000000121
139 121002200252002200121
140 121004400282004400121
141 121020021070120020121
142 121022221262122220121
143 121024421474124420121
144 121220122262221022121
145 121222324272423222121
146 121240161292161042121
147 121242363484363242121
148 121244565696565442121
149 123210002464200012321
150 123212222474222212321
151 123230205292502032321
152 123232425484524232321
153 123234645696546432321
154 123432124686421234321
155 123434346696643434321
156 184398883818388893481
157 400000000080000000004
158 400004000090000400004
159 522815090696090518225
160 906086675171576680609
161 942064503484305460249
162 6916103777337773016196
163 10000000000200000000001
164 10000220001410002200001
165 10002002100400120020001
166 10002222123632122220001
167 10020010200400201002001
168 10020230421612403202001
169 10022014302620341022001
170 10022234545854543222001
171 10201000020402000010201
172 10201222221612222210201
173 10203022140604122030201
174 10203244363836344230201
175 10221210222622201212201
176 10221432643834623412201
177 10223234344844343232201
178 10224609234443290642201
179 12100000002420000000121
180 12100242003630024200121
181 12102202302620320220121
182 12102444325852344420121
183 12122010222622201022121
184 12122252443834425222121
185 12124214524842541242121
186 12321000024642000012321
187 12321244225852244212321
188 12323222344844322232321
189 12343210246864201234321
190 12384043938083934048321
191 12599536942224963599521
192 16593841302620314839561
193 40000000000800000000004
194 1000000000002000000000001
195 1000002000003000002000001
196 1000004000006000004000001
197 1000020200104010020200001
198 1000022200125210022200001
199 1000024200148410024200001
200 1000200030004000300020001
201 1000202030205020302020001
202 1000204030408040304020001
203 1000220232126212320220001
204 1000222232347432322220001
205 1002001002004002001002001
206 1002003004005004003002001
207 1002005006008006005002001
208 1002021222306032221202001
209 1002023224327234223202001
210 1002201232026202321022001
211 1002203234227224323022001
212 1002221454348434541222001
213 1002223456569656543222001
214 1020100000204020000010201
215 1020102020205020202010201
216 1020104040208020404010201
217 1020120402306032040210201
218 1020122422327232242210201
219 1020300010207020100030201
220 1020302030406040302030201
221 1020304050607060504030201
222 1020320414309034140230201
223 1020322434528254342230201
224 1020324454749474544230201
225 1022121002226222001212201
226 1022123024227224203212201
227 1022141424528254241412201
228 1022143446549456443412201
229 1022321210249420121232201
230 1022323232448442323232201
231 1022325254649464525232201
232 1210000000024200000000121
233 1210002200025200022000121
234 1210004400028200044000121
235 1210020020107010200200121
236 1210022220126210222200121
237 1210024420147410244200121
238 1210220032026202300220121
239 1210222232227222322220121
240 1210242254148414522420121
241 1210244454369634544420121
242 1212201002226222001022121
243 1212203204227224023022121
244 1212221040509050401222121
245 1212223242528252423222121
246 1212225444549454445222121
247 1212421234248424321242121
248 1212423436449446343242121
249 1232100000246420000012321
250 1232102220247420222012321
251 1232120202329232020212321
252 1232122422348432242212321
253 1232124642369632464212321
254 1232322032448442302232321
255 1232324252649462524232321
256 1234321002468642001234321
257 1234323224469644223234321
258 1821056104269624016501281
259 4000000000008000000000004
260 4000004000009000004000004
261 4618627222542452227268164
262 6942236477330337746322496
263 9420645034800084305460249
264 40460195511188111559106404
265 100000000000020000000000001
266 100000220000141000022000001
267 100002002010040010200200001
268 100002222012363210222200001
269 100020001200040002100020001
270 100020221222161222122020001
271 100022003410262014300220001
272 100022223434585434322220001
273 100200100020040020001002001
274 100200320240161042023002001
275 100202104032060230401202001
276 100202324254383452423202001
277 100220121220262022121022001
278 100220341462383264143022001
279 100222125432484234521222001
280 102010000002040200000010201
281 102010222202161202222010201
282 102012022032060230220210201
283 102012244234383432442210201
284 102030201204060402102030201
285 102030423426181624324030201
286 102032223434282434322230201
287 102212100022262220001212201
288 102212322442383244223212201
289 102214124054282450421412201
290 102232321224484422123232201
291 121000000000242000000000121
292 121000242000363000242000121
293 121002202210262012202200121
294 121002444212585212444200121
295 121022001220262022100220121
296 121022243242383242342220121
297 121024203630484036302420121
298 121220100022262220001022121
299 121220342242383242243022121
300 121222304234282432403222121
301 121242121242484242121242121
302 123210000002464200000012321
303 123210244202585202442012321
304 123212222232484232222212321
305 123232201224484422102232321
306 123432100024686420001234321
307 400000000000080000000000004
308 923860899791363197998068329
309 4872133543202112023453312784
310 9658137819052882509187318569
311 10000000000000200000000000001
312 10000002000000300000020000001
313 10000004000000600000040000001
314 10000020200010401000202000001
315 10000022200012521000222000001
316 10000024200014841000242000001
317 10000200021000400012000200001
318 10000202021020502012020200001
319 10000204021040804012040200001
320 10000220221212621212202200001
321 10000222221234743212222200001
322 10002000102000400020100020001
323 10002002102200500220120020001
324 10002004102400800420140020001
325 10002020304030603040302020001
326 10002022304232723240322020001
327 10002200143002620034100220001
328 10002202143222722234120220001
329 10002220345234843254302220001
330 10002222345456965454322220001
331 10020010000200400200001002001
332 10020012002200500220021002001
333 10020014004200800240041002001
334 10020030220410601402203002001
335 10020032222412721422223002001
336 10020210221220602212201202001
337 10020212223240704232221202001
338 10020230441632823614403202001
339 10020232443654945634423202001
340 10022010100002720000101022001
341 10022012102202620220121022001
342 10022014104402720440141022001
343 10022030322230903222303022001
344 10022032324432823442323022001
345 10022034326634943662343022001
346 10022210341004940014301222001
347 10022212343224842234321222001
348 10022214345444944454341222001
349 10201000000020402000000010201
350 10201002020020502002020010201
351 10201004040020802004040010201
352 10201020402030603020402010201
353 10201022422032723022422010201
354 10201200001200700210000210201
355 10201202021220602212020210201
356 10201204041240704214040210201
357 10201220403410901430402210201
358 10201222423432823432422210201
359 10201224443454945434442210201
360 10203020102040604020102030201
361 10203022122240704222122030201
362 10203040506070807060504030201
363 10203042526272927262524030201
364 10203220123022922032102230201
365 10203222143242824234122230201
366 10203224163462926436142230201
367 10221210000222622200001212201
368 10221212022222722222021212201
369 10221230422432823422403212201
370 10221232444434943444423212201
371 10221412221442824412221412201
372 10221414243462926434241412201
373 10223232102244844220123232201
374 10223234124444944442143232201
375 12100000000002420000000000121
376 12100002200002520000220000121
377 12100004400002820000440000121
378 12100020020010701002002000121
379 12100022220012621002222000121
380 12100024420014741002442000121
381 12100220023002620032002200121
382 12100222223022722032222200121
383 12100242243214841234224200121
384 12100244443236963234444200121
385 12102200102202620220100220121
386 12102202302402720420320220121
387 12102220124030903042102220121
388 12102222324232823242322220121
389 12102224524434943442542220121
390 12102420145204840254102420121
391 12102422345424942454322420121
392 12122010000222622200001022121
393 12122012202222722220221022121
394 12122032240432823404223022121
395 12122034442434943424443022121
396 12122230223242824232203222121
397 12122232425262926252423222121
398 12124212102424842420121242121
399 12124214304624942640341242121
400 12321000000024642000000012321
401 12321002220024742002220012321
402 12321020202032923020202012321
403 12321022422034843022422012321
404 12321024642036963024642012321
405 12321222023224842232022212321
406 12321224243244944234242212321
407 12323220102244844220102232321
408 12323222322444944422322232321
409 12343210000246864200001234321
410 12343212222246964222221234321
411 16799008923862526832980099761
412 40000000000000800000000000004
413 40000004000000900000040000004
414 44431002775280908257720013444
415 98693567900935453900976539689
416 1000000000000002000000000000001
417 1000000220000014100000220000001
418 1000002002001004001002002000001
419 1000002222001236321002222000001
420 1000020000300004000030000200001
421 1000020220302216122030220200001
422 1000022002321026201232002200001
423 1000022222323458543232222200001
424 1000200010020004000200100020001
425 1000200230042016102400320020001
426 1000202012221206021222102020001
427 1000202232243438343422322020001
428 1000220012320026200232100220001
429 1000220232344238324432320220001
430 1000222014541248421454102220001
431 1002001000002004002000001002001
432 1002001220222016102220221002001
433 1002003004005006005004003002001
434 1002003224225238325224223002001
435 1002021020302206022030201202001
436 1002021240524418144250421202001
437 1002023024325228225234203202001
438 1002201210022026202200121022001
439 1002201430264038304620341022001
440 1002203214225228225224123022001
441 1002221232322248422232321222001
442 1020100000000204020000000010201
443 1020100222200216120022220010201
444 1020102022021206021202202010201
445 1020102244221438341224422010201
446 1020120200302206022030020210201
447 1020120422504418144052240210201
448 1020122222343228223432222210201
449 1020302010020406040200102030201
450 1020302232242418142422322030201
451 1020304032241608061422304030201
452 1020322212322428242232122230201
453 1022121000002226222000001212201
454 1022121222422238322242221212201
455 1022123024025228225204203212201
456 1022141220304428244030221412201
457 1022323210022448442200123232201
458 1210000000000024200000000000121
459 1210000242000036300002420000121
460 1210002202201026201022022000121
461 1210002444201258521024442000121
462 1210022000320026200230002200121
463 1210022242322238322232422200121
464 1210024202541048401452024200121
465 1210220010022026202200100220121
466 1210220252044038304402520220121
467 1210222212423228223242122220121
468 1210242012342048402432102420121
469 1212201000002226222000001022121
470 1212201242222238322222421022121
471 1212203204205228225024023022121
472 1212223020322428242230203222121
473 1212421210024248424200121242121
474 1232100000000246420000000012321
475 1232100244200258520024420012321
476 1232102222221248421222222012321
477 1232122200322248422230022212321
478 1232322010022448442200102232321
479 1234321000002468642000001234321
480 4000000000000008000000000000004
481 4844486878939076709398786844484
482 6574372239019762679109322734756
483 9403095533541415141453355903049
484 9659504223792743472973224059569
485 9848294822582726272852284928489
486 46501623417708833880771432610564
487 100000000000000020000000000000001
488 100000002000000030000000200000001
489 100000004000000060000000400000001
490 100000020200001040100002020000001
491 100000022200001252100002220000001
492 100000024200001484100002420000001
493 100000200020100040001020002000001
494 100000202020102050201020202000001
495 100000204020104080401020402000001
496 100000220220121262121022022000001
497 100000222220123474321022222000001
498 100002000012000040000210000200001
499 100002002012020050020210200200001
500 100002004012040080040210400200001
501 100002020212203060302212020200001
502 100002022212223272322212220200001
503 100002200034100262001430002200001
504 100002202034122272221430202200001
505 100002220234323484323432022200001
506 100002222234345696543432222200001
507 100020001000200040002000100020001
508 100020003000400050004000300020001
509 100020005000600080006000500020001
510 100020021202221060122202120020001
511 100020023202421272124202320020001
512 100020201040302060203040102020001
513 100020203040504070405040302020001
514 100020221242343282343242122020001
515 100020223242545494545242322020001
516 100022001212200262002212100220001
517 100022003212420272024212300220001
518 100022021414423282324414120220001
519 100022023414643494346414320220001
520 100022201254302484203452102220001
521 100022203254524494425452302220001
522 100200100000020040020000001002001
523 100200102002020050020200201002001
524 100200104004020080020400401002001
525 100200120220221060122022021002001
526 100200122222221272122222221002001
527 100200300220140060041022003002001
528 100200302222142070241222203002001
529 100200320440361282163044023002001
530 100200322442363494363244223002001
531 100202100010002070200010001202001
532 100202102012022060220210201202001
533 100202104014042070240410401202001
534 100202122232425080524232221202001
535 100202124234445292544432421202001
536 100202300232120292021232003202001
537 100202302234142282241432203202001
538 100202304236164292461632403202001
539 100220121000220262022000121022001
540 100220123002420272024200321022001
541 100220141222441282144222141022001
542 100220143224641494146422341022001
543 100220321240342282243042123022001
544 100220323242544292445242323022001
545 100222121210002494200012121222001
546 100222123212222484222212321222001
547 100222125214442494244412521222001
548 102010000000002040200000000010201
549 102010002020002050200020200010201
550 102010004040002080200040400010201
551 102010020402003060300204020010201
552 102010022422003272300224220010201
553 102010200000300070003000002010201
554 102010202020302060203020202010201
555 102010204040304070403040402010201
556 102010220402321090123204022010201
557 102010222422323282323224222010201
558 102010224442325494523244422010201
559 102012020012022060220210020210201
560 102012022032042070240230220210201
561 102012040414225080522414040210201
562 102012042434245292542434240210201
563 102012220014300292003410022210201
564 102012222034322282223430222210201
565 102012224054344292443450422210201
566 102030201000204060402000102030201
567 102030203020404070404020302030201
568 102030221404225080522404122030201
569 102030223424425292524424322030201
570 102030401020304090403020104030201
571 102030403040506080605040304030201
572 102030405060708090807060504030201
573 102032221212224282422212122230201
574 102032223232444292444232322230201
575 102212100000022262220000001212201
576 102212102022022272220220201212201
577 102212120422223282322224021212201
578 102212122444223494322444221212201
579 102212302220342282243022203212201
580 102212304242344292443242403212201
581 102214122012044282440210221412201
582 102214124034064292460430421412201
583 102232321000224484422000123232201
584 102232323022424494424220323232201
585 121000000000000242000000000000121
586 121000002200000252000002200000121
587 121000004400000282000004400000121
588 121000020020001070100020020000121
589 121000022220001262100022220000121
590 121000024420001474100024420000121
591 121000220022100262001220022000121
592 121000222222102272201222222000121
593 121000242242121484121242242000121
594 121000244442123696321244442000121
595 121002200012200262002210002200121
596 121002202212220272022212202200121
597 121002222232403282304232222200121
598 121002224432423494324234422200121
599 121002420036300484003630024200121
600 121002422236322494223632224200121
601 121022001000220262022000100220121
602 121022003200420272024002300220121
603 121022021022041090140220120220121
604 121022023222241282142222320220121
605 121022025422441494144224520220121
606 121022221042322282223240122220121
607 121022223242524292425242322220121
608 121024201212420484024212102420121
609 121024203412640494046214302420121
610 121220100000022262220000001022121
611 121220102202022272220202201022121
612 121220122240223282322042221022121
613 121220124442223494322244421022121
614 121220320222142282241222023022121
615 121220322424144292441424223022121
616 121222302012224282422210203222121
617 121222304214244292442412403222121
618 121242121000242484242000121242121
619 121242123202442494244202321242121
620 123210000000002464200000000012321
621 123210002220002474200022200012321
622 123210020202003292300202020012321
623 123210022422003484300224220012321
624 123210024642003696300246420012321
625 123210222022302484203220222012321
626 123210224242304494403242422012321
627 123212220012222484222210022212321
628 123212222232242494242232222212321
629 123232201000224484422000102232321
630 123232203220424494424022302232321
631 123432100000024686420000001234321
632 123432102222024696420222201234321
633 140261185279083838380972581162041
634 140749570599060595060995075947041
635 163778399915520777025519993877361
636 184782439134503767305431934287481
637 186627875420278656872024578726681
638 400000000000000080000000000000004
639 400000004000000090000000400000004
640 1635977102407987117897042017795361
641 10000000000000000200000000000000001
642 10000000220000001410000002200000001
643 10000002002000100400100020020000001
644 10000002222000123632100022220000001
645 10000020000210000400001200002000001
646 10000020220210221612201202202000001
647 10000022002212102620121220022000001
648 10000022222212345854321222222000001
649 10000200001020000400002010000200001
650 10000200221022201610222012200200001
651 10000202003040120602104030020200001
652 10000202223042343834324032220200001
653 10000220001430002620003410002200001
654 10000220221432423832423412202200001
655 10000222003452124842125430022200001
656 10002000100002000400020000100020001
657 10002000320024001610042002300020001
658 10002002102202300600320220120020001
659 10002002322224323832342222320020001
660 10002020102212020602021220102020001
661 10002020322234241814243222302020001
662 10002022104414322822341440122020001
663 10002200121022002620022012100220001
664 10002200341046203830264014300220001
665 10002202123242322822324232120220001
666 10002220123432024842023432102220001
667 10020010000000200400200000001002001
668 10020010220220201610202202201002001
669 10020012004002300600320040021002001
670 10020012224222323832322242221002001
671 10020030020210400600401202003002001
672 10020030240430621812603404203002001
673 10020032024214502820541242023002001
674 10020210201020220602202010201202001
675 10020210421242421812424212401202001
676 10020212205042340804324050221202001
677 10020230221430422822403412203202001
678 10022012100002202620220000121022001
679 10022012320244203830244202321022001
680 10022014104204502820540240141022001
681 10022032122212422822421222123022001
682 10022212321022224842222012321222001
683 10201000000000020402000000000010201
684 10201000222200021612000222200010201
685 10201002022020120602102022020010201
686 10201002244220143834102244220010201
687 10201020200212020602021200202010201
688 10201020422412241814221422402010201
689 10201022222234122822143222222010201
690 10201202001020220602202010020210201
691 10201202223222421812422232220210201
692 10201204023060340804306032040210201
693 10201222201432222822223410222210201
694 10203020100002040604020000102030201
695 10203020322224041814042222302030201
696 10203022122222340804322222122030201
697 10203040302214060806041220304030201
698 10203222121022242824222012122230201
699 10221210000000222622200000001212201
700 10221210222420223832202422201212201
701 10221212024022322822322042021212201
702 10221230220212422822421202203212201
703 10221412201020442824402010221412201
704 10223232100002244844220000123232201
705 12100000000000002420000000000000121
706 12100000242000003630000024200000121
707 12100002202200102620100220220000121
708 12100002444200125852100244420000121
709 12100022000230002620003200022000121
710 12100022242230223832203224222000121
711 12100024202432104840123420242000121
712 12100220001022002620022010002200121
713 12100220243024203830242034202200121
714 12100222203242122822124230222200121
715 12100242001452004840025410024200121
716 12102200100002202620220000100220121
717 12102200342024203830242024300220121
718 12102202302402502820520420320220121
719 12102222102232222822223220122220121
720 12102420121024204840242012102420121
721 12122010000000222622200000001022121
722 12122010242220223832202224201022121
723 12122012204202322822320240221022121
724 12122032020230422822403202023022121
725 12122230201022242824222010203222121
726 12124212100002424842420000121242121
727 12321000000000024642000000000012321
728 12321000244200025852000244200012321
729 12321002222220124842102222220012321
730 12321022200232024842023200222012321
731 12321222001022224842222010022212321
732 12323220100002244844220000102232321
733 12343210000000246864200000001234321
734 18434129467955011411055976492143481
735 40000000000000000800000000000000004
736 42954411581674911011947618511445924
737 52047371142611077177011624117374025
738 94218360372347802120874327306381249
739 163296619873968186681869378916692361
740 401773619857093475574390758916377104
741 632914544142271449944172241445419236
742 1000000000000000002000000000000000001
743 1000000002000000003000000002000000001
744 1000000004000000006000000004000000001
745 1000000020200000104010000020200000001
746 1000000022200000125210000022200000001
747 1000000024200000148410000024200000001
748 1000000200020010004000100200020000001
749 1000000202020010205020100202020000001
750 1000000204020010408040100204020000001
751 1000000220220012126212100220220000001
752 1000000222220012347432100222220000001
753 1000002000003000004000003000002000001
754 1000002002003002005002003002002000001
755 1000002004003004008004003004002000001
756 1000002020203020306030203020202000001
757 1000002022203022327232203022202000001
758 1000002200023210026200123200022000001
759 1000002202023212227222123202022000001
760 1000002220223232348432323220222000001
761 1000002222223234569654323222222000001
762 1000020000100200004000020010000200001
763 1000020002100220005000220012000200001
764 1000020004100240008000420014000200001
765 1000020020300402106012040030200200001
766 1000020022300422127212240032200200001
767 1000020200122210206020122210020200001
768 1000020202122230407040322212020200001
769 1000020220322414328234142230220200001
770 1000020222322434549454342232220200001
771 1000022000123200026200023210002200001
772 1000022002123222027202223212002200001
773 1000022020323422328232243230202200001
774 1000022022323444349434443232202200001
775 1000022200145410248420145410022200001
776 1000022202145432449442345412022200001
777 1000200010000020004000200000100020001
778 1000200012000220005000220002100020001
779 1000200014000420008000240004100020001
780 1000200030202040106010402020300020001
781 1000200032202240127210422022300020001
782 1000200210040032006002300400120020001
783 1000200212040232207022320402120020001
784 1000200230242054128214502420320020001
785 1000200232242254349434522422320020001
786 1000202010203020206020203020102020001
787 1000202012203222207022223022102020001
788 1000202030405060508050605040302020001
789 1000202032405262529252625042302020001
790 1000202210243232228222323420122020001
791 1000202212243434429244343422122020001
792 1000220010100000027200000010100220001
793 1000220012100220026200220012100220001
794 1000220014100440027200440014100220001
795 1000220030302222109012222030300220001
796 1000220032302442128212442032300220001
797 1000220034302662149412662034300220001
798 1000220210142012029202102410120220001
799 1000220212142232228222322412120220001
800 1000220214142452429242542414120220001
801 1000222012323220248420223232102220001
802 1000222014323442249422443234102220001
803 1002001000000002004002000000001002001
804 1002001002002002005002002002001002001
805 1002001004004002008002004004001002001
806 1002001020220202106012020220201002001
807 1002001022222202127212022222201002001
808 1002001200220032006002300220021002001
809 1002001202222032207022302222021002001
810 1002001220440234128214320440221002001
811 1002001222442234349434322442221002001
812 1002003000001002007002001000003002001
813 1002003002003004006004003002003002001
814 1002003004005006007006005004003002001
815 1002003022223224308034223222203002001
816 1002003024225226329236225224203002001
817 1002003202223234028204323222023002001
818 1002003204225236229226325224023002001
819 1002021020100202206022020010201202001
820 1002021022102222207022222012201202001
821 1002021040320604308034060230401202001
822 1002021042322624329234262232401202001
823 1002021220322232408042322230221202001
824 1002021222324252609062524232221202001
825 1002023022123204228224023212203202001
826 1002023024125226229226225214203202001
827 1002201210000022026202200000121022001
828 1002201212002222027202222002121022001
829 1002201230222242128212422220321022001
830 1002201232224442149412444222321022001
831 1002201410240054028204500420141022001
832 1002201412242254229224522422141022001
833 1002203212203024228224203022123022001
834 1002203214205226229226225024123022001
835 1002221232100222248422220012321222001
836 1002221234102442249422442014321222001
837 1020100000000000204020000000000010201
838 1020100002020000205020000202000010201
839 1020100004040000208020000404000010201
840 1020100020402000306030002040200010201
841 1020100022422000327230002242200010201
842 1020100200000210007000120000020010201
843 1020100202020210206020120202020010201
844 1020100204040210407040120404020010201
845 1020100220402212109012122040220010201
846 1020100222422212328232122242220010201
847 1020100224442212549452122444220010201
848 1020102020003020206020203000202010201
849 1020102022023022207022203202202010201
850 1020102040405040508050405040402010201
851 1020102042425042529252405242402010201
852 1020102222023430228220343202222010201
853 1020102224043432429242343404222010201
854 1020120200100202206022020010020210201
855 1020120202120222207022220212020210201
856 1020120220502404308034042050220210201
857 1020120222522424329234242252220210201
858 1020120402122412408042142212040210201
859 1020120404142432609062342414040210201
860 1020122220123222228222223210222210201
861 1020122222143244229224423412222210201
862 1020302010000020406040200000102030201
863 1020302012020220407040220202102030201
864 1020302030404040508050404040302030201
865 1020302032424240529250424242302030201
866 1020302210020032209022300200122030201
867 1020302212040232408042320402122030201
868 1020302214060432609062340604122030201
869 1020304030203040608060403020304030201
870 1020304032223242609062423222304030201
871 1020322212100222428242220012122230201
872 1020322214120442429242440214122230201
873 1022121000000002226222000000001212201
874 1022121002022002227222002202001212201
875 1022121020422202328232022240201212201
876 1022121022444202349432024442201212201
877 1022121202220232228222320222021212201
878 1022121204242232429242322424021212201
879 1022123022003024228224203002203212201
880 1022123024025026229226205204203212201
881 1022141220100204428244020010221412201
882 1022141222122224429244222212221412201
883 1022323210000022448442200000123232201
884 1022323212022222449442222202123232201
885 1210000000000000024200000000000000121
886 1210000002200000025200000022000000121
887 1210000004400000028200000044000000121
888 1210000020020000107010000200200000121
889 1210000022220000126210000222200000121
890 1210000024420000147410000244200000121
891 1210000220022010026200102200220000121
892 1210000222222010227220102222220000121
893 1210000242242012148412102422420000121
894 1210000244442012369632102444420000121
895 1210002200003200026200023000022000121
896 1210002202203202027202023022022000121
897 1210002222223220328230223222222000121
898 1210002224423222349432223244222000121
899 1210002420025410048400145200242000121
900 1210002422225412249422145222242000121
901 1210022000100220026200220010002200121
902 1210022002300240027200420032002200121
903 1210022020120402109012040210202200121
904 1210022022320422128212240232202200121
905 1210022024520442149412440254202200121
906 1210022220124230228220324210222200121
907 1210022222324250429240524232222200121
908 1210024200123420048400243210024200121
909 1210024202323442049402443232024200121
910 1210220010000022026202200000100220121
911 1210220012200222027202220022100220121
912 1210220032222042128212402222300220121
913 1210220034422242149412422244300220121
914 1210220230042034028204302400320220121
915 1210220232242234229224322422320220121
916 1210222210203222228222223020122220121
917 1210222212403424229224243042122220121
918 1210242012100242048402420012102420121
919 1210242014300462049402640034102420121
920 1212201000000002226222000000001022121
921 1212201002202002227222002022001022121
922 1212201022240202328232020422201022121
923 1212201024442202349432022444201022121
924 1212201220222032228222302220221022121
925 1212201222424032429242304242221022121
926 1212203202003204228224023002023022121
927 1212203204205206229226025024023022121
928 1212223020100222428242220010203222121
929 1212223022302242429242422032203222121
930 1212421210000024248424200000121242121
931 1212421212202224249424222022121242121
932 1232100000000000246420000000000012321
933 1232100002220000247420000222000012321
934 1232100020202000329230002020200012321
935 1232100022422000348430002242200012321
936 1232100024642000369630002464200012321
937 1232100222022210248420122202220012321
938 1232100224242210449440122424220012321
939 1232102220003220248420223000222012321
940 1232102222223222249422223222222012321
941 1232122200100222248422220010022212321
942 1232122202320242249422420232022212321
943 1232322010000022448442200000102232321
944 1232322012220222449442220222102232321
945 1234321000000002468642000000001234321
946 1234321002222002469642002222001234321
947 1860111945229755699965579225491110681
948 4000000000000000008000000000000000004
949 4000000004000000009000000004000000004
950 5208490560653668833388663560650948025
951 100000000000000000020000000000000000001
952 100000000220000000141000000022000000001
953 100000002002000010040010000200200000001
954 100000002222000012363210000222200000001
955 100000020000201000040000102000020000001
956 100000020220201022161220102022020000001
957 100000022002201210262012102200220000001
958 100000022222201234585432102222220000001
959 100000200000120000040000021000002000001
960 100000200220120220161022021022002000001
961 100000202002122012060210221200202000001
962 100000202222122234383432221222202000001
963 100000220000341000262000143000022000001
964 100000220220341242383242143022022000001
965 100000222002343212484212343200222000001
966 100002000010002000040000200010000200001
967 100002000230004200161002400032000200001
968 100002002012022030060030220210200200001
969 100002002232024232383232420232200200001
970 100002020010403002060200304010020200001
971 100002020230405224181422504032020200001
972 100002022012423232282232324210220200001
973 100002200012122000262000221210002200001
974 100002200232124420383024421232002200001
975 100002202014144032282230441410202200001
976 100002220012543002484200345210022200001
977 100020001000000200040002000000100020001
978 100020001220022200161002220022100020001
979 100020003002200410060014002200300020001
980 100020003222222412383214222222300020001
981 100020021002201220060022102200120020001
982 100020021222223242181242322222120020001
983 100020023004401630282036104400320020001
984 100020201020120202060202021020102020001
985 100020201240142422181224241042102020001
986 100020203022322414080414223220302020001
987 100020221022341222282222143220122020001
988 100022001210002200262002200012100220001
989 100022001430026400383004620034100220001
990 100022003212222430282034222212300220001
991 100022021212403222282222304212120220001
992 100022201232122202484202221232102220001
993 100200100000000020040020000000001002001
994 100200100220220020161020022022001002001
995 100200102004002030060030200400201002001
996 100200102224222032383230222422201002001
997 100200120020201220060022102020021002001
998 100200120240421242181242124042021002001
999 100200122024203430282034302420221002001
1000 100200300200120040060040021002003002001
1001 100200300420340260181062043024003002001
1002 100200302204124052080250421402203002001
1003 100200320220341240282042143022023002001
1004 100202102010002022060220200010201202001
1005 100202102230224222181222422032201202001
1006 100202104014024052080250420410401202001
1007 100202122030403224080422304030221202001
1008 100202302212122042282240221212203202001
1009 100220121000000220262022000000121022001
1010 100220121220242220383022242022121022001
1011 100220123004202430282034202400321022001
1012 100220141022201440282044102220141022001
1013 100220321220120242282242021022123022001
1014 100222123210002222484222200012321222001
1015 102010000000000002040200000000000010201
1016 102010000222200002161200002222000010201
1017 102010002022020012060210020220200010201
1018 102010002244220014383410022442200010201
1019 102010020200203002060200302002020010201
1020 102010020422403024181420304224020010201
1021 102010022222223212282212322222220010201
1022 102010202000120202060202021000202010201
1023 102010202222320422181224023222202010201
1024 102010204022142214080412241220402010201
1025 102010222200343202282202343002222010201
1026 102012020010002022060220200010020210201
1027 102012020232204222181222402232020210201
1028 102012022032042052080250240230220210201
1029 102012040210405024080420504012040210201
1030 102012222012122222282222221210222210201
1031 102030201000000204060402000000102030201
1032 102030201222222204181402222222102030201
1033 102030203022220414080414022220302030201
1034 102030221202203224080422302202122030201
1035 102030403020120406080604021020304030201
1036 102032221210002224282422200012122230201
1037 102212100000000022262220000000001212201
1038 102212100222420022383220024222001212201
1039 102212102024022032282230220420201212201
1040 102212120220203222282222302022021212201
1041 102212302200120242282242021002203212201
1042 102214122010002044282440200010221412201
1043 102232321000000224484422000000123232201
1044 121000000000000000242000000000000000121
1045 121000000242000000363000000242000000121
1046 121000002202200010262010002202200000121
1047 121000002444200012585210002444200000121
1048 121000022000221000262000122000220000121
1049 121000022242221022383220122242220000121
1050 121000024202421210484012124202420000121
1051 121000220000122000262000221000022000121
1052 121000220242122220383022221242022000121
1053 121000222202324012282210423202222000121
1054 121000242000363000484000363000242000121
1055 121002200010002200262002200010002200121
1056 121002200252004400383004400252002200121
1057 121002202212222230282032222212202200121
1058 121002222010423202282202324010222200121
1059 121002420012124200484002421210024200121
1060 121022001000000220262022000000100220121
1061 121022001242022220383022220242100220121
1062 121022003202400430282034004202300220121
1063 121022023002221240282042122200320220121
1064 121022221020122222282222221020122220121
1065 121024201210002420484024200012102420121
1066 121220100000000022262220000000001022121
1067 121220100242220022383220022242001022121
1068 121220102204202032282230202402201022121
1069 121220122020221222282222122020221022121
1070 121220320200122042282240221002023022121
1071 121222302010002224282422200010203222121
1072 121242121000000242484242000000121242121
1073 123210000000000002464200000000000012321
1074 123210000244200002585200002442000012321
1075 123210002222220012484210022222200012321
1076 123210022200223002484200322002220012321
1077 123210222000122202484202221000222012321
1078 123212220010002222484222200010022212321
1079 123232201000000224484422000000102232321
1080 123432100000000024686420000000001234321
1081 400000000000000000080000000000000000004
1082 659778968558387244939442783855869877956
1083 10000000000000000000200000000000000000001
1084 10000000002000000000300000000020000000001
1085 10000000004000000000600000000040000000001
1086 10000000020200000010401000000202000000001
1087 10000000022200000012521000000222000000001
1088 10000000024200000014841000000242000000001
1089 10000000200020001000400010002000200000001
1090 10000000202020001020502010002020200000001
1091 10000000204020001040804010002040200000001
1092 10000000220220001212621210002202200000001
1093 10000000222220001234743210002222200000001
1094 10000002000002100000400000120000020000001
1095 10000002002002100200500200120020020000001
1096 10000002004002100400800400120040020000001
1097 10000002020202102030603020120202020000001
1098 10000002022202102232723220120222020000001
1099 10000002200022121002620012122000220000001
1100 10000002202022121222722212122020220000001
1101 10000002220222123234843232122202220000001
1102 10000002222222123456965432122222220000001
1103 10000020000010200000400000201000002000001
1104 10000020002010202000500020201020002000001
1105 10000020004010204000800040201040002000001
1106 10000020020210220210601202201202002000001
1107 10000020022210222212721222201222002000001
1108 10000020200030401020602010403000202000001
1109 10000020202030403040704030403020202000001
1110 10000020220230421432823412403202202000001
1111 10000020222230423454945432403222202000001
1112 10000022000014300002620000341000022000001
1113 10000022002014302202720220341020022000001
1114 10000022020214322232823222341202022000001
1115 10000022022214324434943442341222022000001
1116 10000022200034521024842012543000222000001
1117 10000022202034523244944232543020222000001
1118 10000200001000020000400002000010000200001
1119 10000200003000040000500004000030000200001
1120 10000200005000060000800006000050000200001
1121 10000200021200222010601022200212000200001
1122 10000200023200242012721024200232000200001
1123 10000200201022021200600212022010200200001
1124 10000200203022041220702214022030200200001
1125 10000200221222223412821432222212200200001
1126 10000200223222243434943434222232200200001
1127 10000202001022120020602002122010020200001
1128 10000202003022140220702204122030020200001
1129 10000202021222324050805042322212020200001
1130 10000202023222344252925244322232020200001
1131 10000202201044141222822214144010220200001
1132 10000202203044161442924416144030220200001
1133 10000220001210220002620002201210002200001
1134 10000220003210242002720024201230002200001
1135 10000220021410442212821224401412002200001
1136 10000220023410464214941246401432002200001
1137 10000220201232421222822212423210202200001
1138 10000220203232443242924234423230202200001
1139 10000222001234320024842002343210022200001
1140 10000222003234342224942224343230022200001
1141 10002000100000002000400020000000100020001
1142 10002000102000202000500020200020100020001
1143 10002000104000402000800020400040100020001
1144 10002000120202022010601022020202100020001
1145 10002000122202222012721022220222100020001
1146 10002000300040005000600050004000300020001
1147 10002000302040205020702050204020300020001
1148 10002000320242025212821252024202300020001
1149 10002000322242225234943252224222300020001
1150 10002002100202102200600220120200120020001
1151 10002002102202302400700420320220120020001
1152 10002002120404124230803242140402120020001
1153 10002002122404324432923442340422120020001
1154 10002002300242125202820252124200320020001
1155 10002002302242325422922452324220320020001
1156 10002020100010000020702000001000102020001
1157 10002020102010202020602020201020102020001
1158 10002020104010404020702040401040102020001
1159 10002020122212242230803224221222102020001
1160 10002020124212444232923244421242102020001
1161 10002020300050203020902030205000302020001
1162 10002020302050405040804050405020302020001
1163 10002020304050607060906070605040302020001
1164 10002022100214100022922000141200122020001
1165 10002022102214302222822220341220122020001
1166 10002022104214504422922440541240122020001
1167 10002200121000022002620022000012100220001
1168 10002200123000242002720024200032100220001
1169 10002200141202244012821044220214100220001
1170 10002200143202464014941046420234100220001
1171 10002200321042025202820252024012300220001
1172 10002200323042245222922254224032300220001
1173 10002202121222122222822222122212120220001
1174 10002202123222342422922424322232120220001
1175 10002220121210000024942000001212102220001
1176 10002220123210222024842022201232102220001
1177 10002220125210444024942044401252102220001
1178 10020010000000000200400200000000001002001
1179 10020010002002000200500200020020001002001
1180 10020010004004000200800200040040001002001
1181 10020010020220200210601200202202001002001
1182 10020010022222200212721200222222001002001
1183 10020010200220021200600212002200201002001
1184 10020010202222021220702212022220201002001
1185 10020010220440221412821412204402201002001
1186 10020010222442221434943412224422201002001
1187 10020012000000102000700020100000021002001
1188 10020012002002102200600220120020021002001
1189 10020012004004102400700420140040021002001
1190 10020012022222304230803240322222021002001
1191 10020012024224304432923440342242021002001
1192 10020012202222143202820234122220221002001
1193 10020012204224143422922434142240221002001
1194 10020030020010200400600400201002003002001
1195 10020030022012202400700420221022003002001
1196 10020030040230420610801602403204003002001
1197 10020030042232422612921622423224003002001
1198 10020030220230421420802412403202203002001
1199 10020030222232423440904432423222203002001
1200 10020032020012300202920200321002023002001
1201 10020032022014302402820420341022023002001
1202 10020032024016304602920640361042023002001
1203 10020210201000020220602202000010201202001
1204 10020210203002040220702204020030201202001
1205 10020210221220422230803222402212201202001
1206 10020210223222442232923224422232201202001
1207 10020210401222041420802414022210401202001
1208 10020210403224061440904416042230401202001
1209 10020212201020102040904020102010221202001
1210 10020212203022122240804222122030221202001
1211 10020212205024142440904424142050221202001
1212 10020230221210220422822402201212203202001
1213 10020230223212242422922424221232203202001
1214 10022012100000002202620220000000121022001
1215 10022012102002202202720220220020121022001
1216 10022012120222222212821222222202121022001
1217 10022012122224422214941222442222121022001
1218 10022012300240025202820252004200321022001
1219 10022012302242225222922252224220321022001
1220 10022014102202104402820440120220141022001
1221 10022014104204304602920640340240141022001
1222 10022032122010202422822420201022123022001
1223 10022032124012404422922440421042123022001
1224 10022212321000022224842222000012321222001
1225 10022212323002242224942224220032321222001
1226 10201000000000000020402000000000000010201
1227 10201000002020000020502000002020000010201
1228 10201000004040000020802000004040000010201
1229 10201000020402000030603000020402000010201
1230 10201000022422000032723000022422000010201
1231 10201000200000201000700010200000200010201
1232 10201000202020201020602010202020200010201
1233 10201000204040201040704010204040200010201
1234 10201000220402201210901210220402200010201
1235 10201000222422201232823210222422200010201
1236 10201000224442201254945210224442200010201
1237 10201002020002120020602002120002020010201
1238 10201002022022120220702202122022020010201
1239 10201002040404122050805022140404020010201
1240 10201002042424122252925222142424020010201
1241 10201002222022341022822014322022220010201
1242 10201002224042341242924214324042220010201
1243 10201020200010202020602020201000202010201
1244 10201020202030204020702040203020202010201
1245 10201020220412222230803222221402202010201
1246 10201020222432224232923242223422202010201
1247 10201020400010601020902010601000402010201
1248 10201020402030603040804030603020402010201
1249 10201020404050605060906050605040402010201
1250 10201022220014322022822022341002222010201
1251 10201022222034324222922242343022222010201
1252 10201202001000020220602202000010020210201
1253 10201202003020040220702204002030020210201
1254 10201202021402222230803222220412020210201
1255 10201202023422242232923224222432020210201
1256 10201202201002201400900410220010220210201
1257 10201202203022221420802412222030220210201
1258 10201202205042241440904414224050220210201
1259 10201204021022140240804204122012040210201
1260 10201204023042160440904406124032040210201
1261 10201222201210222222822222201210222210201
1262 10201222203230244222922244203230222210201
1263 10203020100000002040604020000000102030201
1264 10203020102020202040704020202020102030201
1265 10203020120404022050805022040402102030201
1266 10203020122424222052925022242422102030201
1267 10203020300020005020902050002000302030201
1268 10203020302040205040804050204020302030201
1269 10203020304060405060906050406040302030201
1270 10203022120202122240804222120202122030201
1271 10203022122222322440904422322222122030201
1272 10203040302010204060806040201020304030201
1273 10203040304030406060906060403040304030201
1274 10203222121000022242824222000012122230201
1275 10203222123020242242924224202032122230201
1276 10221210000000000222622200000000001212201
1277 10221210002022000222722200022020001212201
1278 10221210020422200232823200222402001212201
1279 10221210022444200234943200244422001212201
1280 10221210202220221222822212202220201212201
1281 10221210204242221242924212224240201212201
1282 10221212022002122222822222120022021212201
1283 10221212024024122422922422142042021212201
1284 10221230220010202422822420201002203212201
1285 10221230222032204422922440223022203212201
1286 10221412201000020442824402000010221412201
1287 10221412203022040442924404022030221412201
1288 10223232100000002244844220000000123232201
1289 10223232102022202244944220222020123232201
1290 12100000000000000002420000000000000000121
1291 12100000002200000002520000000220000000121
1292 12100000004400000002820000000440000000121
1293 12100000020020000010701000002002000000121
1294 12100000022220000012621000002222000000121
1295 12100000024420000014741000002442000000121
1296 12100000220022001002620010022002200000121
1297 12100000222222001022722010022222200000121
1298 12100000242242001214841210024224200000121
1299 12100000244442001236963210024444200000121
1300 12100002200002300002620000320000220000121
1301 12100002202202300202720200320220220000121
1302 12100002222222302032823020322222220000121
1303 12100002224422302234943220322442220000121
1304 12100002420024321004840012342002420000121
1305 12100002422224321224942212342222420000121
1306 12100022000010220002620002201000022000121
1307 12100022002210222002720022201220022000121
1308 12100022022230240212821204203222022000121
1309 12100022024430242214941224203442022000121
1310 12100022220032421022822012423002222000121
1311 12100022222232423042924032423222222000121
1312 12100024200014520004840002541000242000121
1313 12100024202214522204940222541220242000121
1314 12100220001000022002620022000010002200121
1315 12100220003200042002720024000230002200121
1316 12100220021020204010901040202012002200121
1317 12100220023220224012821042202232002200121
1318 12100220025420244014941044202452002200121
1319 12100220221024023202820232042012202200121
1320 12100220223224043222922234042232202200121
1321 12100222201022322022822022322010222200121
1322 12100222203222342222922224322230222200121
1323 12100242001210242004840024201210024200121
1324 12100242003410264004940046201430024200121
1325 12102200100000002202620220000000100220121
1326 12102200102200202202720220200220100220121
1327 12102200122222022212821222022222100220121
1328 12102200124422222214941222222442100220121
1329 12102200320042005202820250024002300220121
1330 12102200322242205222922250224222300220121
1331 12102202300202302402820420320200320220121
1332 12102202302402502602920620520420320220121
1333 12102222102010222222822222201020122220121
1334 12102222104210424222922242401240122220121
1335 12102420121000024204840242000012102420121
1336 12102420123200244204940244200232102420121
1337 12122010000000000222622200000000001022121
1338 12122010002202000222722200020220001022121
1339 12122010022240200232823200204222001022121
1340 12122010024442200234943200224442001022121
1341 12122010220222021222822212022202201022121
1342 12122010222424021242924212042422201022121
1343 12122012202002302222822220320020221022121
1344 12122012204204302422922420340240221022121
1345 12122032020010220422822402201002023022121
1346 12122032022212222422922422221222023022121
1347 12122230201000022242824222000010203222121
1348 12122230203202042242924224020230203222121
1349 12124212100000002424842420000000121242121
1350 12124212102202202424942420220220121242121
1351 12321000000000000024642000000000000012321
1352 12321000002220000024742000002220000012321
1353 12321000020202000032923000020202000012321
1354 12321000022422000034843000022422000012321
1355 12321000024642000036963000024642000012321
1356 12321000222022201024842010222022200012321
1357 12321000224242201044944010224242200012321
1358 12321002220002320024842002320002220012321
1359 12321002222222320224942202322222220012321
1360 12321022200010222024842022201000222012321
1361 12321022202230224024942042203220222012321
1362 12321222001000022224842222000010022212321
1363 12321222003220042224942224002230022212321
1364 12323220100000002244844220000000102232321
1365 12323220102220202244944220202220102232321
1366 12343210000000000246864200000000001234321
1367 12343210002222000246964200022220001234321
1368 16512545612123429216861292432121654521561
1369 40000000000000000000800000000000000000004
1370 40000000004000000000900000000040000000004
1371 52605909706925833964246933852960790950625
1372 67646185993742928767376782924739958164676
1373 69378052522669882013031028896622525087396
1374 406181866696179837389983738971696668181604
1375 1000000000000000000002000000000000000000001
1376 1000000000220000000014100000000220000000001
1377 1000000002002000001004001000002002000000001
1378 1000000002222000001236321000002222000000001
1379 1000000020000200100004000010020000200000001
1380 1000000020220200102216122010020220200000001
1381 1000000022002200121026201210022002200000001
1382 1000000022222200123458543210022222200000001
1383 1000000200000030000004000000300000020000001
1384 1000000200220030022016102200300220020000001
1385 1000000202002030201206021020302002020000001
1386 1000000202222030223438343220302222020000001
1387 1000000220000232100026200012320000220000001
1388 1000000220220232124238324212320220220000001
1389 1000000222002232321248421232322002220000001
1390 1000002000001002000004000002001000002000001
1391 1000002000221002220016100222001220002000001
1392 1000002002003004003006003004003002002000001
1393 1000002002223004223238323224003222002000001
1394 1000002020001222100206020012221000202000001
1395 1000002020221222322418142232221220202000001
1396 1000002022003224123228223214223002202000001
1397 1000002200001232000026200002321000022000001
1398 1000002200221232242038302422321220022000001
1399 1000002202003234203228223024323002022000001
1400 1000002220001454100248420014541000222000001
1401 1000020000100000200004000020000010000200001
1402 1000020000320002400016100042000230000200001
1403 1000020002102020221006001220202012000200001
1404 1000020002322022421238321242202232000200001
1405 1000020020100400302006002030040010200200001
1406 1000020020320402504218124052040230200200001
1407 1000020022102420343028203430242012200200001
1408 1000020200102030200206020020302010020200001
1409 1000020200322032422218122242302230020200001
1410 1000020202104050421408041240504012020200001
1411 1000020220102432302228222032342010220200001
1412 1000022000121002200026200022001210002200001
1413 1000022000341004620038300264001430002200001
1414 1000022002123024223028203224203212002200001
1415 1000022020121422302228222032241210202200001
1416 1000022200123232200248420022323210022200001
1417 1000200010000000020004000200000000100020001
1418 1000200010220022020016100202200220100020001
1419 1000200012002200221006001220022002100020001
1420 1000200012222222221238321222222222100020001
1421 1000200030002200140006000410022000300020001
1422 1000200030222222142218122412222220300020001
1423 1000200032004400361028201630044002300020001
1424 1000200210020030022006002200300200120020001
1425 1000200210240052044018104402500420120020001
1426 1000200212022230423208023240322202120020001
1427 1000200230022232142028202412322200320020001
1428 1000202010201002020206020202001020102020001
1429 1000202010421024240218120424201240102020001
1430 1000202012203204223208023224023022102020001
1431 1000202030203222140408040412223020302020001
1432 1000202210221232022228222202321220122020001
1433 1000220012100000220026200220000012100220001
1434 1000220012320024420038300244200232100220001
1435 1000220014102220441028201440222014100220001
1436 1000220032102400342028202430042012300220001
1437 1000220212122030222228222220302212120220001
1438 1000222012321002220248420222001232102220001
1439 1002001000000000002004002000000000001002001
1440 1002001000220220002016102000220220001002001
1441 1002001002004002003006003002004002001002001
1442 1002001002224222003238323002224222001002001
1443 1002001020020200302006002030020200201002001
1444 1002001020240420304218124030240420201002001
1445 1002001022024202323028203232024202201002001
1446 1002001200200030022006002200300020021002001
1447 1002001200420250044018104400520240021002001
1448 1002001202204032223208023222304022021002001
1449 1002001220220232322028202232320220221002001
1450 1002003002001002004006004002001002003002001
1451 1002003002221222224018104222221222003002001
1452 1002003004005006007008007006005004003002001
1453 1002003022021222304208024032221202203002001
1454 1002003202201232024028204202321022023002001
1455 1002021020100000202206022020000010201202001
1456 1002021020320222402218122042220230201202001
1457 1002021022104022223208023222204012201202001
1458 1002021040120400504208024050040210401202001
1459 1002021220302030222408042220302030221202001
1460 1002023022121002204228224022001212203202001
1461 1002201210000000022026202200000000121022001
1462 1002201210220242022038302202420220121022001
1463 1002201212004202223028203222024002121022001
1464 1002201230022200342028202430022200321022001
1465 1002201410220030044028204400300220141022001
1466 1002203212201002024228224202001022123022001
1467 1002221232100000222248422220000012321222001
1468 1020100000000000000204020000000000000010201
1469 1020100000222200000216120000022220000010201
1470 1020100002022020001206021000202202000010201
1471 1020100002244220001438341000224422000010201
1472 1020100020200202100206020012020020200010201
1473 1020100020422402102418142012042240200010201
1474 1020100022222222121228221212222222200010201
1475 1020100202000030200206020020300002020010201
1476 1020100202222230222218122220322222020010201
1477 1020100204022050401408041040502204020010201
1478 1020100222200234300228220034320022220010201
1479 1020102020001002020206020202001000202010201
1480 1020102020223202240218120422023220202010201
1481 1020102022023024023208023204203202202010201
1482 1020102040201224120408040214221020402010201
1483 1020102222001232220228220222321002222010201
1484 1020120200100000202206022020000010020210201
1485 1020120200322202402218122042022230020210201
1486 1020120202122040223208023220402212020210201
1487 1020120220300402304208024032040030220210201
1488 1020120402102030402408042040302012040210201
1489 1020122220121002222228222222001210222210201
1490 1020302010000000020406040200000000102030201
1491 1020302010222222020418140202222220102030201
1492 1020302012022220221408041220222202102030201
1493 1020302030202202140408040412022020302030201
1494 1020302212020030222408042220300202122030201
1495 1020304030201002040608060402001020304030201
1496 1020322212100000222428242220000012122230201
1497 1022121000000000002226222000000000001212201
1498 1022121000222420002238322000242220001212201
1499 1022121002024022003228223002204202001212201
1500 1022121020220202302228222032020220201212201
1501 1022121202200030222228222220300022021212201
1502 1022123022001002024228224202001002203212201
1503 1022141220100000204428244020000010221412201
1504 1022323210000000022448442200000000123232201
1505 1210000000000000000024200000000000000000121
1506 1210000000242000000036300000002420000000121
1507 1210000002202200001026201000022022000000121
1508 1210000002444200001258521000024442000000121
1509 1210000022000220100026200010220002200000121
1510 1210000022242220102238322010222422200000121
1511 1210000024202420121048401210242024200000121
1512 1210000220000032000026200002300000220000121
1513 1210000220242032022038302202302420220000121
1514 1210000222202232201228221022322022220000121
1515 1210000242000254100048400014520002420000121
1516 1210002200001002200026200022001000022000121
1517 1210002200243002420038300242003420022000121
1518 1210002202203204203028203024023022022000121
1519 1210002222001242300228220032421002222000121
1520 1210002420001234200048400024321000242000121
1521 1210022000100000220026200220000010002200121
1522 1210022000342002420038300242002430002200121
1523 1210022002302220241028201420222032002200121
1524 1210022022100420322028202230240012202200121
1525 1210022220102032220228220222302010222200121
1526 1210024200121002420048400242001210024200121
1527 1210220010000000022026202200000000100220121
1528 1210220010242022022038302202202420100220121
1529 1210220012202400223028203220042022100220121
1530 1210220032002220142028202410222002300220121
1531 1210220230020032024028204202300200320220121
1532 1210222210201002222228222222001020122220121
1533 1210242012100000242048402420000012102420121
1534 1212201000000000002226222000000000001022121
1535 1212201000242220002238322000222420001022121
1536 1212201002204202003228223002024022001022121
1537 1212201022020220302228222030220202201022121
1538 1212201220200032022228222202300020221022121
1539 1212203202001002204228224022001002023022121
1540 1212223020100000222428242220000010203222121
1541 1212421210000000024248424200000000121242121
1542 1232100000000000000246420000000000000012321
1543 1232100000244200000258520000024420000012321
1544 1232100002222220001248421000222222000012321
1545 1232100022200222100248420012220022200012321
1546 1232100222000032200248420022300002220012321
1547 1232102220001002220248420222001000222012321
1548 1232122200100000222248422220000010022212321
1549 1232322010000000022448442200000000102232321
1550 1234321000000000002468642000000000001234321
1551 1258034080473435562012102655343740804308521
1552 4000000000000000000008000000000000000000004
1553 4065032235068578387346437838758605322305604
1554 4888555961810720288016108820270181695558884
1555 9218713598451835185192915815381548953178129
1556 14616683207510408440555504480401570238661641
1557 100000000000000000000020000000000000000000001
1558 100000000002000000000030000000000200000000001
1559 100000000004000000000060000000000400000000001
1560 100000000020200000001040100000002020000000001
1561 100000000022200000001252100000002220000000001
1562 100000000024200000001484100000002420000000001
1563 100000000200020000100040001000020002000000001
1564 100000000202020000102050201000020202000000001
1565 100000000204020000104080401000020402000000001
1566 100000000220220000121262121000022022000000001
1567 100000000222220000123474321000022222000000001
1568 100000002000002010000040000010200000200000001
1569 100000002002002010020050020010200200200000001
1570 100000002004002010040080040010200400200000001
1571 100000002020202010203060302010202020200000001
1572 100000002022202010223272322010202220200000001
1573 100000002200022012100262001210220002200000001
1574 100000002202022012122272221210220202200000001
1575 100000002220222012323484323210222022200000001
1576 100000002222222012345696543210222222200000001
1577 100000020000001200000040000002100000020000001
1578 100000020002001200200050002002100200020000001
1579 100000020004001200400080004002100400020000001
1580 100000020020201202021060120202102020020000001
1581 100000020022201202221272122202102220020000001
1582 100000020200021220102060201022120002020000001
1583 100000020202021220304070403022120202020000001
1584 100000020220221222143282341222122022020000001
1585 100000020222221222345494543222122222020000001
1586 100000022000003410000262000014300000220000001
1587 100000022002003410220272022014300200220000001
1588 100000022020203412223282322214302020220000001
1589 100000022022203412443494344214302220220000001
1590 100000022200023432102484201234320002220000001
1591 100000022202023432324494423234320202220000001
1592 100000200000100020000040000020001000002000001
1593 100000200002100022000050000220001200002000001
1594 100000200004100024000080000420001400002000001
1595 100000200020300040201060102040003020002000001
1596 100000200022300042201272102240003220002000001
1597 100000200200120220120060021022021002002000001
1598 100000200202120222122070221222021202002000001
1599 100000200220320240341282143042023022002000001
1600 100000200222320242343494343242023222002000001
1601 100000202000104030002060200030401000202000001
1602 100000202002104032022070220230401200202000001
1603 100000202020304050405080504050403020202000001
1604 100000202022304052425292524250403220202000001
1605 100000202200124232122282221232421002202000001
1606 100000202202124234144292441432421202202000001
1607 100000220000121220000262000022121000022000001
1608 100000220002121222200272002222121200022000001
1609 100000220020321242221282122242123020022000001
1610 100000220022321244421494124442123220022000001
1611 100000220200141440122282221044141002022000001
1612 100000220202141442324292423244141202022000001
1613 100000222000125430002484200034521000222000001
1614 100000222002125432222494222234521200222000001
1615 100002000010000002000040000200000010000200001
1616 100002000012000022000050000220000210000200001
1617 100002000014000042000080000240000410000200001
1618 100002000030200204001060100402002030000200001
1619 100002000032200224001272100422002230000200001
1620 100002000210022002300060003200220012000200001
1621 100002000212022022302070203220220212000200001
1622 100002000230222204321282123402222032000200001
1623 100002000232222224323494323422222232000200001
1624 100002002010022012020060020210220010200200001
1625 100002002012022032040070040230220210200200001
1626 100002002030222214223080322412222030200200001
1627 100002002032222234243292342432222230200200001
1628 100002002210044014320282023410440012200200001
1629 100002002212044034342292243430440212200200001
1630 100002020010201202002060200202102010020200001
1631 100002020012201222202070202222102210020200001
1632 100002020030401406023080320604104030020200001
1633 100002020032401426223292322624104230020200001
1634 100002020210223222304080403222322012020200001
1635 100002020212223242506090605242322212020200001
1636 100002022010223412022282220214322010220200001
1637 100002022012223432242292242234322210220200001
1638 100002200010100000000272000000001010002200001
1639 100002200012100022000262000220001210002200001
1640 100002200014100044000272000440001410002200001
1641 100002200030300222201090102222003030002200001
1642 100002200032300244201282102442003230002200001
1643 100002200034300266201494102662003430002200001
1644 100002200212122222320282023222221212002200001
1645 100002200214122244322292223442221412002200001
1646 100002202010124010002292200010421010202200001
1647 100002202012124032022282220230421210202200001
1648 100002202014124054042292240450421410202200001
1649 100002220012321222002484200222123210022200001
1650 100002220014321244202494202442123410022200001
1651 100020001000000000200040002000000000100020001
1652 100020001002000200200050002002000200100020001
1653 100020001004000400200080002004000400100020001
1654 100020001020202020201060102020202020100020001
1655 100020001022202220201272102022202220100020001
1656 100020001200040002300060003200040002100020001
1657 100020001202040202302070203202040202100020001
1658 100020001220242022321282123220242022100020001
1659 100020001222242222323494323222242222100020001
1660 100020003000202010400060004010202000300020001
1661 100020003002202210420070024012202200300020001
1662 100020003020404030603080306030404020300020001
1663 100020003022404230623292326032404220300020001
1664 100020003200242014500282005410242002300020001
1665 100020003202242214522292225412242202300020001
1666 100020021000001000020070020000100000120020001
1667 100020021002001200220060022002100200120020001
1668 100020021004001400420070024004100400120020001
1669 100020021022203222241080142222302220120020001
1670 100020021024203422441292144224302420120020001
1671 100020021200041022120090021220140002120020001
1672 100020021202041222322080223222140202120020001
1673 100020021204041422524090425224140402120020001
1674 100020023000203210200292002012302000320020001
1675 100020023002203410420282024014302200320020001
1676 100020023004203610640292046016302400320020001
1677 100020201020100020202060202020001020102020001
1678 100020201022100222202070202222001220102020001
1679 100020201040302060403080304060203040102020001
1680 100020201042302262403292304262203240102020001
1681 100020201220140222322080223222041022102020001
1682 100020201222140424324090423424041222102020001
1683 100020203020304030404080404030403020302020001
1684 100020203022304232424090424232403220302020001
1685 100020221022121220222282222022121220122020001
1686 100020221024121422422292224224121420122020001
1687 100022001210000002200262002200000012100220001
1688 100022001212000222200272002222000212100220001
1689 100022001230202224201282102422202032100220001
1690 100022001232202444201494102444202232100220001
1691 100022001410042004500282005400240014100220001
1692 100022001412042224502292205422240214100220001
1693 100022003210222012420282024210222012300220001
1694 100022003212222232440292044232222212300220001
1695 100022021212201202222282222202102212120220001
1696 100022021214201422422292224224102412120220001
1697 100022201232100022202484202220001232102220001
1698 100022201234100244202494202442001432102220001
1699 100200100000000000020040020000000000001002001
1700 100200100002002000020050020000200200001002001
1701 100200100004004000020080020000400400001002001
1702 100200100020220200021060120002022020001002001
1703 100200100022222200021272120002222220001002001
1704 100200100200220020120060021020022002001002001
1705 100200100202222020122070221020222202001002001
1706 100200100220440220141282141022044022001002001
1707 100200100222442220143494341022244222001002001
1708 100200102000000012000070000210000000201002001
1709 100200102002002012020060020210200200201002001
1710 100200102004004012040070040210400400201002001
1711 100200102022222212223080322212222220201002001
1712 100200102024224212243292342212422420201002001
1713 100200102202222034120282021430222202201002001
1714 100200102204224034142292241430422402201002001
1715 100200120020001200220060022002100020021002001
1716 100200120022003200420070024002300220021002001
1717 100200120040221402241080142204122040021002001
1718 100200120042223402441292144204322240021002001
1719 100200120220221240322080223042122022021002001
1720 100200120222223240524090425042322222021002001
1721 100200122020001412000292000214100020221002001
1722 100200122022003412220282022214300220221002001
1723 100200122024005412440292044214500420221002001
1724 100200300200100020040060040020001002003002001
1725 100200300202102022040070040220201202003002001
1726 100200300220320240241080142042023022003002001
1727 100200300222322242241292142242223222003002001
1728 100200300400320240160080061042023004003002001
1729 100200300402322242162090261242223204003002001
1730 100200302200102030022090220030201002203002001
1731 100200302202104032042080240230401202203002001
1732 100200302204106034062090260430601402203002001
1733 100200320220121220240282042022121022023002001
1734 100200320222123222440292044222321222023002001
1735 100202102010000002022060220200000010201202001
1736 100202102012002022022070220220200210201202001
1737 100202102030220404023080320404022030201202001
1738 100202102032222424023292320424222230201202001
1739 100202102210222022322080223220222012201202001
1740 100202102212224042324090423240422212201202001
1741 100202104012022014042080240410220210401202001
1742 100202104014024034062090260430420410401202001
1743 100202122030201202224080422202102030221202001
1744 100202122032203222424090424222302230221202001
1745 100202302212100022042282240220001212203202001
1746 100202302214102044042292240440201412203202001
1747 100220121000000000220262022000000000121022001
1748 100220121002002200220272022002200200121022001
1749 100220121020222220221282122022222020121022001
1750 100220121022224420221494122024422220121022001
1751 100220121200240022320282023220042002121022001
1752 100220121202242222322292223222242202121022001
1753 100220123002202012420282024210202200321022001
1754 100220123004204212440292044212402400321022001
1755 100220141022001200440282044002100220141022001
1756 100220141024003400640292046004300420141022001
1757 100220321220100020242282242020001022123022001
1758 100220321222102222242292242222201222123022001
1759 100222123210000002222484222200000012321222001
1760 100222123212002222222494222222200212321222001
1761 102010000000000000002040200000000000000010201
1762 102010000002020000002050200000020200000010201
1763 102010000004040000002080200000040400000010201
1764 102010000020402000003060300000204020000010201
1765 102010000022422000003272300000224220000010201
1766 102010000200000200100070001002000002000010201
1767 102010000202020200102060201002020202000010201
1768 102010000204040200104070401002040402000010201
1769 102010000220402200121090121002204022000010201
1770 102010000222422200123282321002224222000010201
1771 102010000224442200125494521002244422000010201
1772 102010002020002030002060200030200020200010201
1773 102010002022022030022070220030220220200010201
1774 102010002040404030205080502030404040200010201
1775 102010002042424030225292522030424240200010201
1776 102010002222022232102282201232220222200010201
1777 102010002224042232124292421232240422200010201
1778 102010020200001202002060200202100002020010201
1779 102010020202021202202070202202120202020010201
1780 102010020220403204023080320402304022020010201
1781 102010020222423204223292322402324222020010201
1782 102010020402021422104080401224120204020010201
1783 102010020404041422306090603224140404020010201
1784 102010022220003432002282200234300022220010201
1785 102010022222023432222292222234320222220010201
1786 102010202000100020202060202020001000202010201
1787 102010202002120022202070202220021200202010201
1788 102010202020502040403080304040205020202010201
1789 102010202022522042403292304240225220202010201
1790 102010202202120420322080223024021202202010201
1791 102010202204140422324090423224041402202010201
1792 102010204020104050204080402050401020402010201
1793 102010204022124052224090422250421220402010201
1794 102010222200121222202282202222121002222010201
1795 102010222202141224402292204422141202222010201
1796 102012020010000002022060220200000010020210201
1797 102012020012020022022070220220020210020210201
1798 102012020030402204023080320402204030020210201
1799 102012020032422224023292320422224230020210201
1800 102012020212022202322080223202220212020210201
1801 102012020214042222324090423222240412020210201
1802 102012022030022032042080240230220030220210201
1803 102012022032042052062090260250240230220210201
1804 102012040210201204024080420402102012040210201
1805 102012040212221224224090422422122212040210201
1806 102012222012100022222282222220001210222210201
1807 102012222014120044222292222440021410222210201
1808 102030201000000000204060402000000000102030201
1809 102030201002020200204070402002020200102030201
1810 102030201020404020205080502020404020102030201
1811 102030201022424220205292502022424220102030201
1812 102030201200020002302090203200020002102030201
1813 102030201202040202304080403202040202102030201
1814 102030201204060402306090603204060402102030201
1815 102030203020202030404080404030202020302030201
1816 102030203022222230424090424032222220302030201
1817 102030221202001202224080422202100202122030201
1818 102030221204021402424090424204120402122030201
1819 102030403020100020406080604020001020304030201
1820 102030403022120222406090604222021220304030201
1821 102032221210000002224282422200000012122230201
1822 102032221212020222224292422222020212122230201
1823 102212100000000000022262220000000000001212201
1824 102212100002022000022272220000220200001212201
1825 102212100020422200023282320002224020001212201
1826 102212100022444200023494320002444220001212201
1827 102212100202220220122282221022022202001212201
1828 102212100204242220124292421022242402001212201
1829 102212102022002032022282220230200220201212201
1830 102212102024024032042292240230420420201212201
1831 102212120220001202222282222202100022021212201
1832 102212120222023202422292224202320222021212201
1833 102212302200100020242282242020001002203212201
1834 102212302202122022242292242220221202203212201
1835 102214122010000002044282440200000010221412201
1836 102214122012022022044292440220220210221412201
1837 102232321000000000224484422000000000123232201
1838 102232321002022200224494422002220200123232201
1839 121000000000000000000242000000000000000000121
1840 121000000002200000000252000000002200000000121
1841 121000000004400000000282000000004400000000121
1842 121000000020020000001070100000020020000000121
1843 121000000022220000001262100000022220000000121
1844 121000000024420000001474100000024420000000121
1845 121000000220022000100262001000220022000000121
1846 121000000222222000102272201000222222000000121
1847 121000000242242000121484121000242242000000121
1848 121000000244442000123696321000244442000000121
1849 121000002200002210000262000012200002200000121
1850 121000002202202210020272020012202202200000121
1851 121000002222222210203282302012222222200000121
1852 121000002224422210223494322012224422200000121
1853 121000002420024212100484001212420024200000121
1854 121000002422224212122494221212422224200000121
1855 121000022000001220000262000022100000220000121
1856 121000022002201220200272002022102200220000121
1857 121000022022221222021282120222122220220000121
1858 121000022024421222221494122222124420220000121
1859 121000022220023240102282201042320022220000121
1860 121000022222223240304292403042322222220000121
1861 121000024200003630000484000036300002420000121
1862 121000024202203630220494022036302202420000121
1863 121000220000100022000262000220001000022000121
1864 121000220002300024000272000420003200022000121
1865 121000220020120040201090102040021020022000121
1866 121000220022320042201282102240023220022000121
1867 121000220024520044201494102440025420022000121
1868 121000220220122222120282021222221022022000121
1869 121000220222322224122292221422223222022000121
1870 121000222200104232002282200232401002222000121
1871 121000222202304234022292220432403202222000121
1872 121000242000121242000484000242121000242000121
1873 121000242002321244200494002442123200242000121
1874 121002200010000002200262002200000010002200121
1875 121002200012200022200272002220002210002200121
1876 121002200032220204201282102402022230002200121
1877 121002200034420224201494102422024430002200121
1878 121002200230024002500282005200420032002200121
1879 121002200232224022502292205220422232002200121
1880 121002202210022212220282022212220012202200121
1881 121002202212222232240292042232222212202200121
1882 121002222010201222202282202222102010222200121
1883 121002222012401242402292204242104210222200121
1884 121002420012100024200484002420001210024200121
1885 121002420014300046200494002640003410024200121
1886 121022001000000000220262022000000000100220121
1887 121022001002200200220272022002002200100220121
1888 121022001022222020221282122020222220100220121
1889 121022001024422220221494122022224420100220121
1890 121022001220042002320282023200240022100220121
1891 121022001222242202322292223202242222100220121
1892 121022003200202210420282024012202002300220121
1893 121022003202402410440292044014204202300220121
1894 121022023002001220240282042022100200320220121
1895 121022023004201420440292044024102400320220121
1896 121022221020100022222282222220001020122220121
1897 121022221022300224222292222422003220122220121
1898 121024201210000002420484024200000012102420121
1899 121024201212200222420494024222002212102420121
1900 121220100000000000022262220000000000001022121
1901 121220100002202000022272220000202200001022121
1902 121220100022240200023282320002042220001022121
1903 121220100024442200023494320002244420001022121
1904 121220100220222020122282221020222022001022121
1905 121220100222424020124292421020424222001022121
1906 121220102202002212022282220212200202201022121
1907 121220102204204212042292240212402402201022121
1908 121220122020001220222282222022100020221022121
1909 121220122022203220422292224022302220221022121
1910 121220320200100022042282240220001002023022121
1911 121220320202302024042292240420203202023022121
1912 121222302010000002224282422200000010203222121
1913 121222302012202022224292422220202210203222121
1914 121242121000000000242484242000000000121242121
1915 121242121002202200242494242002202200121242121
1916 123210000000000000002464200000000000000012321
1917 123210000002220000002474200000022200000012321
1918 123210000020202000003292300000202020000012321
1919 123210000022422000003484300000224220000012321
1920 123210000024642000003696300000246420000012321
1921 123210000222022200102484201002220222000012321
1922 123210000224242200104494401002242422000012321
1923 123210002220002230002484200032200022200012321
1924 123210002222222230022494220032222222200012321
1925 123210022200001222002484200222100002220012321
1926 123210022202221222202494202222122202220012321
1927 123210222000100022202484202220001000222012321
1928 123210222002320024202494202420023200222012321
1929 123212220010000002222484222200000010022212321
1930 123212220012220022222494222220022210022212321
1931 123232201000000000224484422000000000102232321
1932 123232201002220200224494422002022200102232321
1933 123432100000000000024686420000000000001234321
1934 123432100002222000024696420000222200001234321
1935 146248287213084882816757618288480312782842641
1936 400000000000000000000080000000000000000000004
1937 400000000004000000000090000000000400000000004
1938 428746458236696712033040330217696632854647824
1939 632306082878117302583050385203711878280603236
1940 670114755032518816023606320618815230557411076
1941 10000000000000000000000200000000000000000000001
1942 10000000000220000000001410000000002200000000001
1943 10000000002002000000100400100000020020000000001
1944 10000000002222000000123632100000022220000000001
1945 10000000020000200010000400001000200002000000001
1946 10000000020220200010221612201000202202000000001
1947 10000000022002200012102620121000220022000000001
1948 10000000022222200012345854321000222222000000001
1949 10000000200000021000000400000012000000200000001
1950 10000000200220021002201610220012002200200000001
1951 10000000202002021020120602102012020020200000001
1952 10000000202222021022343834322012022220200000001
1953 10000000220000221210002620001212200002200000001
1954 10000000220220221212423832421212202202200000001
1955 10000000222002221232124842123212220022200000001
1956 10000002000000102000000400000020100000020000001
1957 10000002000220102022001610022020102200020000001
1958 10000002002002102200300600300220120020020000001
1959 10000002002222102222323832322220122220020000001
1960 10000002020000304010020602001040300002020000001
1961 10000002020220304032241814223040302202020000001
1962 10000002022002304212322822321240320022020000001
1963 10000002200000143000002620000034100000220000001
1964 10000002200220143024203830242034102200220000001
1965 10000002202002143220322822302234120020220000001
1966 10000002220000345210024842001254300002220000001
1967 10000020000010000200000400000200001000002000001
1968 10000020000230000420001610002400003200002000001
1969 10000020002012002202100600120220021020002000001
1970 10000020002232002422123832122420023220002000001
1971 10000020020010220210200600201202201002002000001
1972 10000020020230220430421812403402203202002000001
1973 10000020022012222214302820341222221022002000001
1974 10000020200010221200020602000212201000202000001
1975 10000020200230221422221812222412203200202000001
1976 10000020202012223222140804122232221020202000001
1977 10000020220010441410222822201414401002202000001
1978 10000022000012102200002620000220121000022000001
1979 10000022000232102442003830024420123200022000001
1980 10000022002014104402302820320440141020022000001
1981 10000022020012324210222822201242321002022000001
1982 10000022200012343200024842000234321000222000001
1983 10000200001000000020000400002000000010000200001
1984 10000200001220002220001610002220002210000200001
1985 10000200003002020040100600104002020030000200001
1986 10000200003222022240123832104222022230000200001
1987 10000200021000400032000600023000400012000200001
1988 10000200021220402232221812223220402212000200001
1989 10000200023002420054102820145002420032000200001
1990 10000200201002021020200600202012020010200200001
1991 10000200201222023222401810422232022210200200001
1992 10000200203004041060320802306014040030200200001
1993 10000200221002421232202820223212420012200200001
1994 10000202001020102020020602002020102010020200001
1995 10000202001240104242021812024240104210020200001
1996 10000202003022122240320802304222122030020200001
1997 10000202021020504032040804023040502012020200001
1998 10000202201022143020222822202034122010220200001
1999 10000220001210000220002620002200001210002200001
2000 10000220001430002640003830004620003410002200001
2001 10000220003212022242102820124222021230002200001
2002 10000220021210420232202820223202401212002200001
2003 10000220201212221220222822202212221210202200001
2004 10000222001232102220024842002220123210022200001
2005 10002000100000000002000400020000000000100020001
2006 10002000100220022002001610020022002200100020001
2007 10002000102002200202100600120200220020100020001
2008 10002000102222222202123832120222222220100020001
2009 10002000120002200032000600023000220002100020001
2010 10002000120222222032221812223022222202100020001
2011 10002000122004400234102820143200440022100020001
2012 10002000300020021004000600040012002000300020001
2013 10002000300240043006201810260034004200300020001
2014 10002000302022221224120802142212222020300020001
2015 10002000320022221234002820043212222002300020001
2016 10002002100200102002200600220020100200120020001
2017 10002002100420124024201810242042102400120020001
2018 10002002102202302402500800520420320220120020001
2019 10002002120202304032220802223040320202120020001
2020 10002002300220143004202820240034102200320020001
2021 10002020102010000202020602020200001020102020001
2022 10002020102230022422021812022422003220102020001
2023 10002020104012202404120802140420221040102020001
2024 10002020122012220232220802223202221022102020001
2025 10002020302030221204040804040212203020302020001
2026 10002022102212102202222822220220121220122020001
2027 10002200121000000022002620022000000012100220001
2028 10002200121220024222003830022242002212100220001
2029 10002200123002220242102820124202220032100220001
2030 10002200141002400054002820045000420014100220001
2031 10002200321022021024202820242012022012300220001
2032 10002202121220102022222822222020102212120220001
2033 10002220123210000222024842022200001232102220001
2034 10020010000000000000200400200000000000001002001
2035 10020010000220220000201610200002202200001002001
2036 10020010002004002000300600300020040020001002001
2037 10020010002224222000323832300022242220001002001
2038 10020010020020200210200600201200202002001002001
2039 10020010020240420210421812401202404202001002001
2040 10020010022024202212302820321220242022001002001
2041 10020010200200021020200600202012000200201002001
2042 10020010200420241022401810422014202400201002001
2043 10020010202204023040320802304032040220201002001
2044 10020010220220221430202820203412202202201002001
2045 10020012002000102002200600220020100020021002001
2046 10020012002220322024201810242022302220021002001
2047 10020012004004104202500800520240140040021002001
2048 10020012022020304212220802221240302022021002001
2049 10020012202200143022202820222034100220221002001
2050 10020030020010000200400600400200001002003002001
2051 10020030020230220420401810402402203202003002001
2052 10020030022014004202500800520240041022003002001
2053 10020030040030220410600800601402203004003002001
2054 10020030220210221220420802402212201202203002001
2055 10020032022012102202402820420220121022023002001
2056 10020210201000000020220602202000000010201202001
2057 10020210201220222220221812202222202210201202001
2058 10020210203004022040320802304022040030201202001
2059 10020210221020400232220802223200402012201202001
2060 10020210401202021040420802404012020210401202001
2061 10020212203020102022240804222020102030221202001
2062 10020230221210000220422822402200001212203202001
2063 10022012100000000002202620220000000000121022001
2064 10022012100220242002203830220024202200121022001
2065 10022012102004202202302820320220240020121022001
2066 10022012120022200232202820223200222002121022001
2067 10022012300220021024202820242012002200321022001
2068 10022014102200102004402820440020100220141022001
2069 10022032122010000202422822420200001022123022001
2070 10022212321000000022224842222000000012321222001
2071 10201000000000000000020402000000000000000010201
2072 10201000000222200000021612000000222200000010201
2073 10201000002022020000120602100002022020000010201
2074 10201000002244220000143834100002244220000010201
2075 10201000020200202010020602001020200202000010201
2076 10201000020422402010241814201020422402000010201
2077 10201000022222222012122822121022222222000010201
2078 10201000202000021200020602000212000020200010201
2079 10201000202222221202221812220212222220200010201
2080 10201000204022041220140804102214022040200010201
2081 10201000222200223410022822001432200222200010201
2082 10201002020000102020020602002020100002020010201
2083 10201002020222302042021812024020322202020010201
2084 10201002022022122220320802302222122022020010201
2085 10201002040200306030040804003060300204020010201
2086 10201002222000143220022822002234100022220010201
2087 10201020200010000202020602020200001000202010201
2088 10201020200232200422021812022400223200202010201
2089 10201020202032022204120802140222023020202010201
2090 10201020220210222212220802221222201202202010201
2091 10201020402010221402040804020412201020402010201
2092 10201022220012102222022822022220121002222010201
2093 10201202001000000020220602202000000010020210201
2094 10201202001222202220221812202220222210020210201
2095 10201202003022040040320802304004022030020210201
2096 10201202021200402032220802223020400212020210201
2097 10201202203002021220420802402212020030220210201
2098 10201204021020102040240804204020102012040210201
2099 10201222201210000222222822222200001210222210201
2100 10203020100000000002040604020000000000102030201
2101 10203020100222222002041814020022222200102030201
2102 10203020102022220202140804120202222020102030201
2103 10203020120202202032040804023020220202102030201
2104 10203020302020021204040804040212002020302030201
2105 10203022120200102022240804222020100202122030201
2106 10203040302010000204060806040200001020304030201
2107 10203222121000000022242824222000000012122230201
2108 10221210000000000000222622200000000000001212201
2109 10221210000222420000223832200002422200001212201
2110 10221210002024022000322822300022042020001212201
2111 10221210020220202210222822201220202202001212201
2112 10221210202200021220222822202212000220201212201
2113 10221212022000102022222822222020100022021212201
2114 10221230220010000202422822420200001002203212201
2115 10221412201000000020442824402000000010221412201
2116 10223232100000000002244844220000000000123232201
2117 12100000000000000000002420000000000000000000121
2118 12100000000242000000003630000000024200000000121
2119 12100000002202200000102620100000220220000000121
2120 12100000002444200000125852100000244420000000121
2121 12100000022000220010002620001002200022000000121
2122 12100000022242220010223832201002224222000000121
2123 12100000024202420012104840121002420242000000121
2124 12100000220000023000002620000032000002200000121
2125 12100000220242023002203830220032024202200000121
2126 12100000222202223020122822102032220222200000121
2127 12100000242000243210004840001234200024200000121
2128 12100002200000102200002620000220100000220000121
2129 12100002200242102222003830022220124200220000121
2130 12100002202202302400302820300420320220220000121
2131 12100002222000324210022822001242300022220000121
2132 12100002420000145200004840000254100002420000121
2133 12100022000010000220002620002200001000022000121
2134 12100022000252000440003830004400025200022000121
2135 12100022002212202222102820122220221220022000121
2136 12100022022010240230202820203204201022022000121
2137 12100022220010223220022822002232201002222000121
2138 12100024200012102420004840002420121000242000121
2139 12100220001000000022002620022000000010002200121
2140 12100220001242002222003830022220024210002200121
2141 12100220003202220042102820124002220230002200121
2142 12100220023000420034002820043002400032002200121
2143 12100220221002023022202820222032020012202200121
2144 12100222201020102222022822022220102010222200121
2145 12100242001210000242004840024200001210024200121
2146 12102200100000000002202620220000000000100220121
2147 12102200100242022002203830220022024200100220121
2148 12102200102202400202302820320200420220100220121
2149 12102200122002220032202820223002220022100220121
2150 12102200320020023004202820240032002002300220121
2151 12102202300200102202402820420220100200320220121
2152 12102222102010000222222822222200001020122220121
2153 12102420121000000024204840242000000012102420121
2154 12122010000000000000222622200000000000001022121
2155 12122010000242220000223832200002224200001022121
2156 12122010002204202000322822300020240220001022121
2157 12122010022020220210222822201202202022001022121
2158 12122010220200023020222822202032000202201022121
2159 12122012202000102202222822220220100020221022121
2160 12122032020010000220422822402200001002023022121
2161 12122230201000000022242824222000000010203222121
2162 12124212100000000002424842420000000000121242121
2163 12321000000000000000024642000000000000000012321
2164 12321000000244200000025852000000244200000012321
2165 12321000002222220000124842100002222220000012321
2166 12321000022200222010024842001022200222000012321
2167 12321000222000023200024842000232000022200012321
2168 12321002220000102220024842002220100002220012321
2169 12321022200010000222024842022200001000222012321
2170 12321222001000000022224842222000000010022212321
2171 12323220100000000002244844220000000000102232321
2172 12343210000000000000246864200000000000001234321
2173 18651198699650016285556865558261005699689115681
2174 40000000000000000000000800000000000000000000004
2175 522666037791100950480675576084059001197730666225
2176 691849905349880612384525525483216088943509948196
2177 1000000000000000000000002000000000000000000000001
2178 1000000000002000000000003000000000002000000000001
2179 1000000000004000000000006000000000004000000000001
2180 1000000000020200000000104010000000020200000000001
2181 1000000000022200000000125210000000022200000000001
2182 1000000000024200000000148410000000024200000000001
2183 1000000000200020000010004000100000200020000000001
2184 1000000000202020000010205020100000202020000000001
2185 1000000000204020000010408040100000204020000000001
2186 1000000000220220000012126212100000220220000000001
2187 1000000000222220000012347432100000222220000000001
2188 1000000002000002001000004000001002000002000000001
2189 1000000002002002001002005002001002002002000000001
2190 1000000002004002001004008004001002004002000000001
2191 1000000002020202001020306030201002020202000000001
2192 1000000002022202001022327232201002022202000000001
2193 1000000002200022001210026200121002200022000000001
2194 1000000002202022001212227222121002202022000000001
2195 1000000002220222001232348432321002220222000000001
2196 1000000002222222001234569654321002222222000000001
2197 1000000020000000300000004000000030000000200000001
2198 1000000020002000300020005000200030002000200000001
2199 1000000020004000300040008000400030004000200000001
2200 1000000020020200300202106012020030020200200000001
2201 1000000020022200300222127212220030022200200000001
2202 1000000020200020302010206020102030200020200000001
2203 1000000020202020302030407040302030202020200000001
2204 1000000020220220302214328234122030220220200000001
2205 1000000020222220302234549454322030222220200000001
2206 1000000022000002321000026200001232000002200000001
2207 1000000022002002321022027202201232002002200000001
2208 1000000022020202321222328232221232020202200000001
2209 1000000022022202321244349434421232022202200000001
2210 1000000022200022323210248420123232200022200000001
2211 1000000022202022323232449442323232202022200000001
2212 1000000200000010020000004000000200100000020000001
2213 1000000200002010020200005000020200102000020000001
2214 1000000200004010020400008000040200104000020000001
2215 1000000200020210022020106010202200120200020000001
2216 1000000200022210022220127210222200122200020000001
2217 1000000200200030040012006002100400300020020000001
2218 1000000200202030040212207022120400302020020000001
2219 1000000200220230042034128214302400320220020000001
2220 1000000200222230042234349434322400322220020000001
2221 1000000202000012221000206020001222100002020000001
2222 1000000202002012221202207022021222102002020000001
2223 1000000202020212223040508050403222120202020000001
2224 1000000202022212223242529252423222122202020000001
2225 1000000202200032241212228222121422300022020000001
2226 1000000202202032241414429244141422302022020000001
2227 1000000220000012320000026200000232100000220000001
2228 1000000220002012320220027200220232102000220000001
2229 1000000220020212322222128212222232120200220000001
2230 1000000220022212322442149412442232122200220000001
2231 1000000220200032342012228222102432300020220000001
2232 1000000220202032342232429242322432302020220000001
2233 1000000222000014541000248420001454100002220000001
2234 1000000222002014541222249422221454102002220000001
2235 1000002000001000002000004000002000001000002000001
2236 1000002000003000004000005000004000003000002000001
2237 1000002000005000006000008000006000005000002000001
2238 1000002000021200022200106010022200021200002000001
2239 1000002000023200024200127210024200023200002000001
2240 1000002000201020202030006000302020201020002000001
2241 1000002000203020204030207020304020203020002000001
2242 1000002000221220222232128212322220221220002000001
2243 1000002000223220224232349432324220223220002000001
2244 1000002002001004003002006002003004001002002000001
2245 1000002002003004005004007004005004003002002000001
2246 1000002002021204023222308032223204021202002000001
2247 1000002002023204025224329234225204023202002000001
2248 1000002002201024203232028202323024201022002000001
2249 1000002002203024205234229224325024203022002000001
2250 1000002020001020302000206020002030201000202000001
2251 1000002020003020304020207020204030203000202000001
2252 1000002020021220322402308032042230221200202000001
2253 1000002020023220324422329232244230223200202000001
2254 1000002020201040504030408040304050401020202000001
2255 1000002020203040506050609060506050403020202000001
2256 1000002022001024323002228222003234201002202000001
2257 1000002022003024325024229224205234203002202000001
2258 1000002200001210022000026200002200121000022000001
2259 1000002200003210024200027200024200123000022000001
2260 1000002200021410044220128210224400141200022000001
2261 1000002200023410046420149410246400143200022000001
2262 1000002200201230242032028202302420321020022000001
2263 1000002200203230244232229222324420323020022000001
2264 1000002202001214223002228222003224121002022000001
2265 1000002202003214225204229224025224123002022000001
2266 1000002220001232322000248420002232321000222000001
2267 1000002220003232324220249420224232323000222000001
2268 1000020000100000000200004000020000000010000200001
2269 1000020000102000020200005000020200002010000200001
2270 1000020000104000040200008000020400004010000200001
2271 1000020000120200202200106010022020020210000200001
2272 1000020000122200222200127210022220022210000200001
2273 1000020000300022000410006000140002200030000200001
2274 1000020000302022020410207020140202202030000200001
2275 1000020000320222202412128212142022220230000200001
2276 1000020000322222222412349432142222222230000200001
2277 1000020002100022001220006000221002200012000200001
2278 1000020002102022021222007002221202202012000200001
2279 1000020002120222203240308030423022220212000200001
2280 1000020002122222223242329232423222222212000200001
2281 1000020002300044001630028200361004400032000200001
2282 1000020002302044021632229222361204402032000200001
2283 1000020020100200300202006002020030020010200200001
2284 1000020020102200320222007002220230022010200200001
2285 1000020020120400502404108014042050040210200200001
2286 1000020020122400522424129214242250042210200200001
2287 1000020020300222302412208022142032220030200200001
2288 1000020020302222322432409042342232222030200200001
2289 1000020022100222321222028202221232220012200200001
2290 1000020022102222341244029204421432222012200200001
2291 1000020200100010000000207020000000100010020200001
2292 1000020200102010020200206020020200102010020200001
2293 1000020200104010040400207020040400104010020200001
2294 1000020200122210224220308030224220122210020200001
2295 1000020200124210244420329230244420124210020200001
2296 1000020200300032020212009002120202300030020200001
2297 1000020200302032040412208022140402302030020200001
2298 1000020200304032060612409042160602304030020200001
2299 1000020202102032221220408040221222302012020200001
2300 1000020202104032241422409042241422304012020200001
2301 1000020220102212320202228222020232122010220200001
2302 1000020220104212340422229222240432124010220200001
2303 1000022000121000002200026200022000001210002200001
2304 1000022000123000024200027200024200003210002200001
2305 1000022000141200224400128210044220021410002200001
2306 1000022000143200246400149410046420023410002200001
2307 1000022000321022202430028200342022201230002200001
2308 1000022000323022224430229220344222203230002200001
2309 1000022002121024003222028202223004201212002200001
2310 1000022002123024025224029204225204203212002200001
2311 1000022020121220302202228222022030221210202200001
2312 1000022020123220324222229222224230223210202200001
2313 1000022200121210000000249420000000121210022200001
2314 1000022200123210022200248420022200123210022200001
2315 1000022200125210044400249420044400125210022200001
2316 1000200010000000000020004000200000000000100020001
2317 1000200010002000200020005000200020002000100020001
2318 1000200010004000400020008000200040004000100020001
2319 1000200010020202020020106010200202020200100020001
2320 1000200010022202220020127210200222022200100020001
2321 1000200010200040002030006000302000400020100020001
2322 1000200010202040202030207020302020402020100020001
2323 1000200010220242022032128212302202420220100020001
2324 1000200010222242222032349432302222422220100020001
2325 1000200012000202001220006000221002020002100020001
2326 1000200012002202201222007002221022022002100020001
2327 1000200012020404021240308030421204040202100020001
2328 1000200012022404221242329232421224042202100020001
2329 1000200012200242003430028200343002420022100020001
2330 1000200012202242203432229222343022422022100020001
2331 1000200030000000100020007000200010000000300020001
2332 1000200030002000300040006000400030002000300020001
2333 1000200030004000500060007000600050004000300020001
2334 1000200030022202320242108012420232022200300020001
2335 1000200030024202520262129212620252024200300020001
2336 1000200030200040104030009000304010400020300020001
2337 1000200030202040304050208020504030402020300020001
2338 1000200030204040504070409040704050404020300020001
2339 1000200032002202321240028200421232022002300020001
2340 1000200032004202521262029202621252024002300020001
2341 1000200210020010020022006002200200100200120020001
2342 1000200210022010220222007002220220102200120020001
2343 1000200210040212042042108012402402120400120020001
2344 1000200210042212242242129212422422122400120020001
2345 1000200210220050042034008004302400500220120020001
2346 1000200210222050242234209024322420502220120020001
2347 1000200212020212221222208022221222120202120020001
2348 1000200212022212421424209024241242122202120020001
2349 1000200230022012320042028202400232102200320020001
2350 1000200230024012520262029202620252104200320020001
2351 1000202010201000002020206020202000001020102020001
2352 1000202010203000204020207020204020003020102020001
2353 1000202010221202042220308030222402021220102020001
2354 1000202010223202244220329230224422023220102020001
2355 1000202010401040204050208020504020401040102020001
2356 1000202010403040406050409040506040403040102020001
2357 1000202012201204003222208022223004021022102020001
2358 1000202012203204205224209024225024023022102020001
2359 1000202030201020100020409040200010201020302020001
2360 1000202030203020302040408040402030203020302020001
2361 1000202030205020504060409040604050205020302020001
2362 1000202210221210022022228222202200121220122020001
2363 1000202210223210224222229222224220123220122020001
2364 1000220012100000000220026200220000000012100220001
2365 1000220012102000220220027200220220002012100220001
2366 1000220012120202222220128210222222020212100220001
2367 1000220012122202442220149410222442022212100220001
2368 1000220012300042002430028200342002400032100220001
2369 1000220012302042222430229220342222402032100220001
2370 1000220014100222001440028200441002220014100220001
2371 1000220014102222221442029202441222222014100220001
2372 1000220032102200300242028202420030022012300220001
2373 1000220032104200520262029202620250024012300220001
2374 1000220212122010020222228222220200102212120220001
2375 1000220212124010240422229222240420104212120220001
2376 1000222012321000002220248420222000001232102220001
2377 1000222012323000224220249420224220003232102220001
2378 1002001000000000000002004002000000000000001002001
2379 1002001000002002000002005002000002002000001002001
2380 1002001000004004000002008002000004004000001002001
2381 1002001000020220200002106012000020220200001002001
2382 1002001000022222200002127212000022222200001002001
2383 1002001000200220020012006002100200220020001002001
2384 1002001000202222020012207022100202222020001002001
2385 1002001000220440220014128214100220440220001002001
2386 1002001000222442220014349434100222442220001002001
2387 1002001002000000003000007000003000000002001002001
2388 1002001002002002003002006002003002002002001002001
2389 1002001002004004003004007004003004004002001002001
2390 1002001002022222203022308032203022222202001002001
2391 1002001002024224203024329234203024224202001002001
2392 1002001002202222023212028202123202222022001002001
2393 1002001002204224023214229224123204224022001002001
2394 1002001020020000300202006002020030000200201002001
2395 1002001020022002300222007002220032002200201002001
2396 1002001020040220500404108014040050220400201002001
2397 1002001020042222500424129214240052222400201002001
2398 1002001020220220322212208022122230220220201002001
2399 1002001020222222322232409042322232222220201002001
2400 1002001022022002323202028202023232002202201002001
2401 1002001022024004323224029204223234004202201002001
2402 1002001200200010020022006002200200100020021002001
2403 1002001200202012020222007002220202102020021002001
2404 1002001200220230222042108012402220320220021002001
2405 1002001200222232222242129212422222322220021002001
2406 1002001200400230060034008004300600320040021002001
2407 1002001200402232060234209024320602322040021002001
2408 1002001202202012223022208022203222102022021002001
2409 1002001202204014223224209024223224104022021002001
2410 1002001220220012320222028202220232100220221002001
2411 1002001220222014320442029202440234102220221002001
2412 1002003002001000002004006004002000001002003002001
2413 1002003002003002004004007004004002003002003002001
2414 1002003002021220222204108014022220221202003002001
2415 1002003002023222224204129214024222223202003002001
2416 1002003002201220222034008004302220221022003002001
2417 1002003002203222224034209024304222223022003002001
2418 1002003004001002003004009004003002001004003002001
2419 1002003004003004005006008006005004003004003002001
2420 1002003004005006007008009008007006005004003002001
2421 1002003022021020302204208024022030201202203002001
2422 1002003022023022304224209024224032203202203002001
2423 1002003202201210022024028204202200121022023002001
2424 1002003202203212024224029204224202123022023002001
2425 1002021020100000000202206022020000000010201202001
2426 1002021020102002020202207022020202002010201202001
2427 1002021020120220402202308032022040220210201202001
2428 1002021020122222422202329232022242222210201202001
2429 1002021020300222020412208022140202220030201202001
2430 1002021020302224040412409042140404222030201202001
2431 1002021022102022003222208022223002202012201202001
2432 1002021022104024023224209024223204204012201202001
2433 1002021040120200300404208024040030020210401202001
2434 1002021040122202320424209024240232022210401202001
2435 1002021220302010020222408042220200102030221202001
2436 1002021220304012040422409042240402104030221202001
2437 1002023022121000002204228224022000001212203202001
2438 1002023022123002024204229224024202003212203202001
2439 1002201210000000000022026202200000000000121022001
2440 1002201210002002200022027202200022002000121022001
2441 1002201210020222220022128212200222220200121022001
2442 1002201210022224420022149412200244222200121022001
2443 1002201210200240022032028202302200420020121022001
2444 1002201210202242222032229222302222422020121022001
2445 1002201212002202003222028202223002022002121022001
2446 1002201212004204203224029204223024024002121022001
2447 1002201230022000300242028202420030002200321022001
2448 1002201230024002500262029202620052004200321022001
2449 1002201410220010020044028204400200100220141022001
2450 1002201410222012220244029204420222102220141022001
2451 1002203212201000002024228224202000001022123022001
2452 1002203212203002204024229224204022003022123022001
2453 1002221232100000000222248422220000000012321222001
2454 1002221232102002220222249422220222002012321222001
2455 1020100000000000000000204020000000000000000010201
2456 1020100000002020000000205020000000202000000010201
2457 1020100000004040000000208020000000404000000010201
2458 1020100000020402000000306030000002040200000010201
2459 1020100000022422000000327230000002242200000010201
2460 1020100000200000200010007000100020000020000010201
2461 1020100000202020200010206020100020202020000010201
2462 1020100000204040200010407040100020404020000010201
2463 1020100000220402200012109012100022040220000010201
2464 1020100000222422200012328232100022242220000010201
2465 1020100000224442200012549452100022444220000010201
2466 1020100002020002021000206020001202000202000010201
2467 1020100002022022021002207022001202202202000010201
2468 1020100002040404021020508050201204040402000010201
2469 1020100002042424021022529252201204242402000010201
2470 1020100002222022221210228220121222202222000010201
2471 1020100002224042221212429242121222404222000010201
2472 1020100020200000302000206020002030000020200010201
2473 1020100020202020302020207020202030202020200010201
2474 1020100020220402302202308032022032040220200010201
2475 1020100020222422302222329232222032242220200010201
2476 1020100020402020504010408040104050202040200010201
2477 1020100020404040504030609060304050404040200010201
2478 1020100022220002343000228220003432000222200010201
2479 1020100022222022343022229222203432202222200010201
2480 1020100202000010020200206020020200100002020010201
2481 1020100202002030020400207020040200302002020010201
2482 1020100202020412022220308030222202140202020010201
2483 1020100202022432022420329230242202342202020010201
2484 1020100202200010240012009002100420100022020010201
2485 1020100202202030240212208022120420302022020010201
2486 1020100202204050240412409042140420504022020010201
2487 1020100204020012241200408040021422100204020010201
2488 1020100204022032241402409042041422302204020010201
2489 1020100222200012322200228220022232100022220010201
2490 1020100222202032322420229220242232302022220010201
2491 1020102020001000002020206020202000001000202010201
2492 1020102020003020004020207020204000203000202010201
2493 1020102020021402022220308030222202041200202010201
2494 1020102020023422024220329230224202243200202010201
2495 1020102020201000400050009000500040001020202010201
2496 1020102020203020402050208020502040203020202010201
2497 1020102020205040404050409040504040405020202010201
2498 1020102022021004023022208022203204001202202010201
2499 1020102022023024025024209024205204203202202010201
2500 1020102040201020304020408040204030201020402010201
2501 1020102040203040306040409040406030403020402010201
2502 1020102222001210022220228220222200121002222010201
2503 1020102222003230024420229220244200323002222010201
2504 1020120200100000000202206022020000000010020210201
2505 1020120200102020020202207022020200202010020210201
2506 1020120200120402202202308032022022040210020210201
2507 1020120200122422222202329232022222242210020210201
2508 1020120200302022200412208022140022202030020210201
2509 1020120200304042220412409042140222404030020210201
2510 1020120202120022021222208022221202200212020210201
2511 1020120202122042041224209024221402402212020210201
2512 1020120220300200302204208024022030020030220210201
2513 1020120220302220322224209024222230222030220210201
2514 1020120402102010020402408042040200102012040210201
2515 1020120402104030040602409042060400304012040210201
2516 1020122220121000002222228222222000001210222210201
2517 1020122220123020024222229222224200203210222210201
2518 1020302010000000000020406040200000000000102030201
2519 1020302010002020200020407040200020202000102030201
2520 1020302010020404020020508050200204040200102030201
2521 1020302010022424220020529250200224242200102030201
2522 1020302010200020002030209020302000200020102030201
2523 1020302010202040202030408040302020402020102030201
2524 1020302010204060402030609060302040604020102030201
2525 1020302012020202021220408040221202020202102030201
2526 1020302012022222221222409042221222222202102030201
2527 1020302030202000302040408040402030002020302030201
2528 1020302030204020502060409040602050204020302030201
2529 1020302212020010020222408042220200100202122030201
2530 1020302212022030220422409042240220302202122030201
2531 1020304030201000002040608060402000001020304030201
2532 1020304030203020204040609060404020203020304030201
2533 1020322212100000000222428242220000000012122230201
2534 1020322212102020220222429242220220202012122230201
2535 1022121000000000000002226222000000000000001212201
2536 1022121000002022000002227222000002202000001212201
2537 1022121000020422200002328232000022240200001212201
2538 1022121000022444200002349432000024442200001212201
2539 1022121000202220220012228222100220222020001212201
2540 1022121000204242220012429242100222424020001212201
2541 1022121002022002023002228222003202002202001212201
2542 1022121002024024023004229224003204204202001212201
2543 1022121020220000302202228222022030000220201212201
2544 1022121020222022302222229222222032202220201212201
2545 1022121202200010020222228222220200100022021212201
2546 1022121202202032020422229222240202302022021212201
2547 1022123022001000002024228224202000001002203212201
2548 1022123022003022004024229224204002203002203212201
2549 1022141220100000000204428244020000000010221412201
2550 1022141220102022020204429244020202202010221412201
2551 1022323210000000000022448442200000000000123232201
2552 1022323210002022200022449442200022202000123232201
2553 1210000000000000000000024200000000000000000000121
2554 1210000000002200000000025200000000022000000000121
2555 1210000000004400000000028200000000044000000000121
2556 1210000000020020000000107010000000200200000000121
2557 1210000000022220000000126210000000222200000000121
2558 1210000000024420000000147410000000244200000000121
2559 1210000000220022000010026200100002200220000000121
2560 1210000000222222000010227220100002222220000000121
2561 1210000000242242000012148412100002422420000000121
2562 1210000000244442000012369632100002444420000000121
2563 1210000002200002201000026200001022000022000000121
2564 1210000002202202201002027202001022022022000000121
2565 1210000002222222201020328230201022222222000000121
2566 1210000002224422201022349432201022244222000000121
2567 1210000002420024201210048400121024200242000000121
2568 1210000002422224201212249422121024222242000000121
2569 1210000022000000320000026200000230000002200000121
2570 1210000022002200320020027200200230022002200000121
2571 1210000022022220320202128212020230222202200000121
2572 1210000022024420320222149412220230244202200000121
2573 1210000022220022322010228220102232200222200000121
2574 1210000022222222322030429240302232222222200000121
2575 1210000024200002541000048400001452000024200000121
2576 1210000024202202541022049402201452022024200000121
2577 1210000220000010022000026200002200100000220000121
2578 1210000220002210022200027200022200122000220000121
2579 1210000220022230024020128210204200322200220000121
2580 1210000220024430024220149410224200344200220000121
2581 1210000220220032042012028202102402300220220000121
2582 1210000220222232042212229222122402322220220000121
2583 1210000222200012423000228220003242100022220000121
2584 1210000222202212423202229222023242122022220000121
2585 1210000242000012342000048400002432100002420000121
2586 1210000242002212342220049400222432122002420000121
2587 1210002200001000002200026200022000001000022000121
2588 1210002200003200004200027200024000023000022000121
2589 1210002200021020020400109010040200201200022000121
2590 1210002200023220022400128210042200223200022000121
2591 1210002200025420024400149410044200245200022000121
2592 1210002200221022202230028200322022201220022000121
2593 1210002200223222204230229220324022223220022000121
2594 1210002202201004203202028202023024001022022000121
2595 1210002202203204205204029204025024023022022000121
2596 1210002222001020322200228220022230201002222000121
2597 1210002222003220324220229220224230223002222000121
2598 1210002420001210024200048400024200121000242000121
2599 1210002420003410026400049400046200143000242000121
2600 1210022000100000000220026200220000000010002200121
2601 1210022000102200020220027200220200022010002200121
2602 1210022000122220202220128210222020222210002200121
2603 1210022000124420222220149410222220244210002200121
2604 1210022000320024000430028200340004200230002200121
2605 1210022000322224020430229220340204222230002200121
2606 1210022002300022201240028200421022200032002200121
2607 1210022002302222221242029202421222222032002200121
2608 1210022022100200320222028202220230020012202200121
2609 1210022022102400340242029202420430042012202200121
2610 1210022220102010022220228220222200102010222200121
2611 1210022220104210042420229220242400124010222200121
2612 1210024200121000002420048400242000001210024200121
2613 1210024200123200024420049400244200023210024200121
2614 1210220010000000000022026202200000000000100220121
2615 1210220010002200200022027202200020022000100220121
2616 1210220010022222020022128212200202222200100220121
2617 1210220010024422220022149412200222244200100220121
2618 1210220010220042002032028202302002400220100220121
2619 1210220010222242202032229222302022422220100220121
2620 1210220012200202201222028202221022020022100220121
2621 1210220012202402401224029204221042042022100220121
2622 1210220032002000320042028202400230002002300220121
2623 1210220032004200520062029202600250024002300220121
2624 1210220230020010022024028204202200100200320220121
2625 1210220230022210222224029204222220122200320220121
2626 1210222210201000002222228222222000001020122220121
2627 1210222210203200204222229222224020023020122220121
2628 1210242012100000000242048402420000000012102420121
2629 1210242012102200220242049402420220022012102420121
2630 1212201000000000000002226222000000000000001022121
2631 1212201000002202000002227222000002022000001022121
2632 1212201000022240200002328232000020422200001022121
2633 1212201000024442200002349432000022444200001022121
2634 1212201000220222020012228222100202220220001022121
2635 1212201000222424020012429242100204242220001022121
2636 1212201002202002203002228222003022002022001022121
2637 1212201002204204203004229224003024024022001022121
2638 1212201022020000320202228222020230000202201022121
2639 1212201022022202320222229222220232022202201022121
2640 1212201220200010022022228222202200100020221022121
2641 1212201220202212022222229222222202122020221022121
2642 1212203202001000002204228224022000001002023022121
2643 1212203202003202004204229224024002023002023022121
2644 1212223020100000000222428242220000000010203222121
2645 1212223020102202020222429242220202022010203222121
2646 1212421210000000000024248424200000000000121242121
2647 1212421210002202200024249424200022022000121242121
2648 1232100000000000000000246420000000000000000012321
2649 1232100000002220000000247420000000222000000012321
2650 1232100000020202000000329230000002020200000012321
2651 1232100000022422000000348430000002242200000012321
2652 1232100000024642000000369630000002464200000012321
2653 1232100000222022200010248420100022202220000012321
2654 1232100000224242200010449440100022424220000012321
2655 1232100002220002221000248420001222000222000012321
2656 1232100002222222221002249422001222222222000012321
2657 1232100022200000322000248420002230000022200012321
2658 1232100022202220322020249420202230222022200012321
2659 1232100222000010022200248420022200100002220012321
2660 1232100222002230022400249420042200322002220012321
2661 1232102220001000002220248420222000001000222012321
2662 1232102220003220004220249420224000223000222012321
2663 1232122200100000000222248422220000000010022212321
2664 1232122200102220020222249422220200222010022212321
2665 1232322010000000000022448442200000000000102232321
2666 1232322010002220200022449442200020222000102232321
2667 1234321000000000000002468642000000000000001234321
2668 1234321000002222000002469642000002222000001234321
2669 4000000000000000000000008000000000000000000000004
2670 4000000000004000000000009000000000004000000000004
2671 4441814241274157711392425242931177514721424181444
2672 4834872952820199705196890986915079910282592784384
2673 18280313073316155472257355375227455161337031308281
2674 100000000000000000000000020000000000000000000000001
2675 100000000000220000000000141000000000022000000000001
2676 100000000002002000000010040010000000200200000000001
2677 100000000002222000000012363210000000222200000000001
2678 100000000020000200001000040000100002000020000000001
2679 100000000020220200001022161220100002022020000000001
2680 100000000022002200001210262012100002200220000000001
2681 100000000022222200001234585432100002222220000000001
2682 100000000200000020100000040000001020000002000000001
2683 100000000200220020100220161022001020022002000000001
2684 100000000202002020102012060210201020200202000000001
2685 100000000202222020102234383432201020222202000000001
2686 100000000220000220121000262000121022000022000000001
2687 100000000220220220121242383242121022022022000000001
2688 100000000222002220123212484212321022200222000000001
2689 100000002000000012000000040000000210000000200000001
2690 100000002000220012002200161002200210022000200000001
2691 100000002002002012020030060030020210200200200000001
2692 100000002002222012022232383232220210222200200000001
2693 100000002020000212201002060200102212000020200000001
2694 100000002020220212203224181422302212022020200000001
2695 100000002022002212221232282232122212200220200000001
2696 100000002200000034100000262000001430000002200000001
2697 100000002200220034102420383024201430022002200000001
2698 100000002202002034122032282230221430200202200000001
2699 100000002220000234321002484200123432000022200000001
2700 100000020000001000200000040000002000100000020000001
2701 100000020000221000222000161000222000122000020000001
2702 100000020002003000400210060012004000300200020000001
2703 100000020002223000422212383212224000322200020000001
2704 100000020020001202201020060020102202100020020000001
2705 100000020020221202223042181240322202122020020000001
2706 100000020022003202401430282034104202300220020000001
2707 100000020200001040300002060200003040100002020000001
2708 100000020200221040322222181222223040122002020000001
2709 100000020202003040502214080412205040300202020000001
2710 100000020220001242321022282220123242100022020000001
2711 100000022000001212200000262000002212100000220000001
2712 100000022000221212224200383002422212122000220000001
2713 100000022002003212420230282032024212300200220000001
2714 100000022020001414401022282220104414100020220000001
2715 100000022200001254300002484200003452100002220000001
2716 100000200000100000020000040000020000001000002000001
2717 100000200000320000240000161000042000023000002000001
2718 100000200002102002022010060010220200201200002000001
2719 100000200002322002242012383210242200223200002000001
2720 100000200020100220021200060002120022001020002000001
2721 100000200020320220241222181222142022023020002000001
2722 100000200022102222023410282014320222201220002000001
2723 100000200200100220120020060020021022001002002000001
2724 100000200200320220340240181042043022023002002000001
2725 100000200202102222124032080230421222201202002000001
2726 100000200220100440141220282022141044001022002000001
2727 100000202000102012020002060200020210201000202000001
2728 100000202000322012242202181202242210223000202000001
2729 100000202002104014042032080230240410401200202000001
2730 100000202020102232221204080402122232201020202000001
2731 100000202200102234120022282220021432201002202000001
2732 100000220000121000220000262000022000121000022000001
2733 100000220000341000462000383000264000143000022000001
2734 100000220002123002422210282012224200321200022000001
2735 100000220020121222221220282022122222121020022000001
2736 100000220200121240320022282220023042121002022000001
2737 100000222000123212220002484200022212321000222000001
2738 100002000010000000002000040000200000000010000200001
2739 100002000010220002202000161000202200022010000200001
2740 100002000012002020022010060010220020200210000200001
2741 100002000012222022222012383210222220222210000200001
2742 100002000030000400005000060000500004000030000200001
2743 100002000030220402205022181220502204022030000200001
2744 100002000032002420025210282012520024200230000200001
2745 100002000210002020102200060002201020200012000200001
2746 100002000210222022302420181024203220222012000200001
2747 100002000212004040124212080212421040400212000200001
2748 100002000230002420125200282002521024200032000200001
2749 100002002010020012002020060020200210020010200200001
2750 100002002010240014204220181022402410042010200200001
2751 100002002012022032042050080050240230220210200200001
2752 100002002030020412205022080220502214020030200200001
2753 100002002210022034102220282022201430220012200200001
2754 100002020010201000202002060200202000102010020200001
2755 100002020010421002424002181200424200124010020200001
2756 100002020012203020422212080212224020302210020200001
2757 100002020030201402205022080220502204102030020200001
2758 100002020210203040302204080402203040302012020200001
2759 100002022010221212202022282220202212122010220200001
2760 100002200012100000022000262000220000001210002200001
2761 100002200012320002442000383000244200023210002200001
2762 100002200014102022044010282010440220201410002200001
2763 100002200032100420025200282002520024001230002200001
2764 100002200212102220122220282022221022201212002200001
2765 100002202012122012022022282220220210221210202200001
2766 100002220012321000222002484200222000123210022200001
2767 100020001000000000000200040002000000000000100020001
2768 100020001000220022000200161002000220022000100020001
2769 100020001002002200200210060012002002200200100020001
2770 100020001002222222200212383212002222222200100020001
2771 100020001020002200021200060002120002200020100020001
2772 100020001020222222021222181222120222222020100020001
2773 100020001022004400221410282014122004400220100020001
2774 100020001200020020102200060002201020020002100020001
2775 100020001200240042102420181024201240042002100020001
2776 100020001202022220304212080212403022220202100020001
2777 100020001220022220143200282002341022220022100020001
2778 100020003000200012000400060004000210002000300020001
2779 100020003000420034002600181006200430024000300020001
2780 100020003002202212220430080034022212202200300020001
2781 100020003020202212221402080204122212202020300020001
2782 100020003200220034102400282004201430022002300020001
2783 100020021002001000200220060022002000100200120020001
2784 100020021002221022222220181022222220122200120020001
2785 100020021004003200600430080034006002300400120020001
2786 100020021022003202221240080042122202300220120020001
2787 100020021202021040302222080222203040120202120020001
2788 100020023002201212200420282024002212102200320020001
2789 100020201020100000020202060202020000001020102020001
2790 100020201020320022240202181202042220023020102020001
2791 100020201022102202222212080212222202201220102020001
2792 100020201040102220041402080204140022201040102020001
2793 100020201220120220122222080222221022021022102020001
2794 100020203020302012020404080404020210203020302020001
2795 100020221022121000220222282222022000121220122020001
2796 100022001210000000002200262002200000000012100220001
2797 100022001210220024202200383002202420022012100220001
2798 100022001212002220222210282012222022200212100220001
2799 100022001230002400025200282002520004200032100220001
2800 100022001410022020104400282004401020220014100220001
2801 100022003210220012002420282024200210022012300220001
2802 100022021212201000202222282222202000102212120220001
2803 100022201232100000022202484202220000001232102220001
2804 100200100000000000000020040020000000000000001002001
2805 100200100000220220000020161020000022022000001002001
2806 100200100002004002000030060030000200400200001002001
2807 100200100002224222000032383230000222422200001002001
2808 100200100020020200201020060020102002020020001002001
2809 100200100020240420201042181240102024042020001002001
2810 100200100022024202201230282032102202420220001002001
2811 100200100200200020120020060020021020002002001002001
2812 100200100200420240120240181042021042024002001002001
2813 100200100202204022122032080230221220402202001002001
2814 100200100220220220341020282020143022022022001002001
2815 100200102002000012002020060020200210000200201002001
2816 100200102002220232004220181022400232022200201002001
2817 100200102004004014022050080050220410400400201002001
2818 100200102022020212403022080220304212020220201002001
2819 100200102202200034122020282020221430002202201002001
2820 100200120020001000200220060022002000100020021002001
2821 100200120020221220222220181022222022122020021002001
2822 100200120022005002400430080034004200500220021002001
2823 100200120040021202401240080042104202120040021002001
2824 100200120220201040320222080222023040102022021002001
2825 100200122022001212202220282022202212100220221002001
2826 100200300200100000020040060040020000001002003002001
2827 100200300200320220240040181040042022023002003002001
2828 100200300202104004022050080050220400401202003002001
2829 100200300220120220221240080042122022021022003002001
2830 100200300400300220140060080060041022003004003002001
2831 100200302202102012022042080240220210201202203002001
2832 100200320220121000220240282042022000121022023002001
2833 100202102010000000002022060220200000000010201202001
2834 100202102010220222202022181220202222022010201202001
2835 100202102012004022022032080230220220400210201202001
2836 100202102030020400205022080220502004020030201202001
2837 100202102210202020122222080222221020202012201202001
2838 100202104012020012004042080240400210020210401202001
2839 100202122030201000202224080422202000102030221202001
2840 100202302212100000022042282240220000001212203202001
2841 100220121000000000000220262022000000000000121022001
2842 100220121000220242000220383022000242022000121022001
2843 100220121002004202200230282032002202400200121022001
2844 100220121020022200221220282022122002220020121022001
2845 100220121200220020122220282022221020022002121022001
2846 100220123002200012002420282024200210002200321022001
2847 100220141022001000200440282044002000100220141022001
2848 100220321220100000020242282242020000001022123022001
2849 100222123210000000002222484222200000000012321222001
2850 102010000000000000000002040200000000000000000010201
2851 102010000000222200000002161200000002222000000010201
2852 102010000002022020000012060210000020220200000010201
2853 102010000002244220000014383410000022442200000010201
2854 102010000020200202001002060200100202002020000010201
2855 102010000020422402001024181420100204224020000010201
2856 102010000022222222001212282212100222222220000010201
2857 102010000202000020300002060200003020000202000010201
2858 102010000202222220300222181222003022222202000010201
2859 102010000204022040302014080410203040220402000010201
2860 102010000222200222321002282200123222002222000010201
2861 102010002020000012020002060200020210000020200010201
2862 102010002020222212022202181202220212222020200010201
2863 102010002022022032040032080230040230220220200010201
2864 102010002040200214221004080400122412002040200010201
2865 102010002222000034320002282200023430000222200010201
2866 102010020200001000202002060200202000100002020010201
2867 102010020200223200224002181200422002322002020010201
2868 102010020202023020402212080212204020320202020010201
2869 102010020220201204203022080220302402102022020010201
2870 102010020402001040502004080400205040100204020010201
2871 102010022220001212222002282200222212100022220010201
2872 102010202000100000020202060202020000001000202010201
2873 102010202000322200240202181202042002223000202010201
2874 102010202002122022022212080212220220221200202010201
2875 102010202020300222021402080204120222003020202010201
2876 102010202202100220320222080222023022001202202010201
2877 102010204020102012040204080402040210201020402010201
2878 102010222200121000222202282202222000121002222010201
2879 102012020010000000002022060220200000000010020210201
2880 102012020010222202202022181220202202222010020210201
2881 102012020012022040022032080230220040220210020210201
2882 102012020030200402005022080220500204002030020210201
2883 102012020212002020302222080222203020200212020210201
2884 102012022030020012022042080240220210020030220210201
2885 102012040210201000204024080420402000102012040210201
2886 102012222012100000022222282222220000001210222210201
2887 102030201000000000000204060402000000000000102030201
2888 102030201000222222000204181402000222222000102030201
2889 102030201002022220200214080412002022220200102030201
2890 102030201020202202021204080402120202202020102030201
2891 102030201202020020302204080402203020020202102030201
2892 102030203020200012020404080404020210002020302030201
2893 102030221202001000202224080422202000100202122030201
2894 102030403020100000020406080604020000001020304030201
2895 102032221210000000002224282422200000000012122230201
2896 102212100000000000000022262220000000000000001212201
2897 102212100000222420000022383220000024222000001212201
2898 102212100002024022000032282230000220420200001212201
2899 102212100020220202201022282220102202022020001212201
2900 102212100202200020320022282220023020002202001212201
2901 102212102022000012022022282220220210000220201212201
2902 102212120220001000202222282222202000100022021212201
2903 102212302200100000020242282242020000001002203212201
2904 102214122010000000002044282440200000000010221412201
2905 102232321000000000000224484422000000000000123232201
2906 121000000000000000000000242000000000000000000000121
2907 121000000000242000000000363000000000242000000000121
2908 121000000002202200000010262010000002202200000000121
2909 121000000002444200000012585210000002444200000000121
2910 121000000022000220001000262000100022000220000000121
2911 121000000022242220001022383220100022242220000000121
2912 121000000024202420001210484012100024202420000000121
2913 121000000220000022100000262000001220000022000000121
2914 121000000220242022100220383022001220242022000000121
2915 121000000222202222102012282210201222202222000000121
2916 121000000242000242121000484000121242000242000000121
2917 121000002200000012200000262000002210000002200000121
2918 121000002200242012202200383002202210242002200000121
2919 121000002202202212220030282030022212202202200000121
2920 121000002222000232401002282200104232000222200000121
2921 121000002420000036300000484000003630000024200000121
2922 121000022000001000220000262000022000100000220000121
2923 121000022000243000242000383000242000342000220000121
2924 121000022002203200420210282012024002302200220000121
2925 121000022022001222221020282020122222100220220000121
2926 121000022220001042320002282200023240100022220000121
2927 121000024200001212420000484000024212100002420000121
2928 121000220000100000022000262000220000001000022000121
2929 121000220000342000242000383000242000243000022000121
2930 121000220002302202024010282010420202203200022000121
2931 121000220022100240023200282002320042001220022000121
2932 121000220220100222122020282020221222001022022000121
2933 121000222200102012222002282200222210201002222000121
2934 121000242000121000242000484000242000121000242000121
2935 121002200010000000002200262002200000000010002200121
2936 121002200010242002202200383002202200242010002200121
2937 121002200012202220022210282012220022202210002200121
2938 121002200032000420005200282002500024000230002200121
2939 121002200230002022102400282004201220200032002200121
2940 121002202210020012202220282022202210020012202200121
2941 121002222010201000222202282202222000102010222200121
2942 121002420012100000024200484002420000001210024200121
2943 121022001000000000000220262022000000000000100220121
2944 121022001000242022000220383022000220242000100220121
2945 121022001002202400200230282032002004202200100220121
2946 121022001022002220021220282022120022200220100220121
2947 121022001220020022102220282022201220020022100220121
2948 121022003200200012200420282024002210002002300220121
2949 121022023002001000220240282042022000100200320220121
2950 121022221020100000022222282222220000001020122220121
2951 121024201210000000002420484024200000000012102420121
2952 121220100000000000000022262220000000000000001022121
2953 121220100000242220000022383220000022242000001022121
2954 121220100002204202000032282230000202402200001022121
2955 121220100022020220201022282220102022020220001022121
2956 121220100220200022120022282220021220002022001022121
2957 121220102202000012202022282220202210000202201022121
2958 121220122020001000220222282222022000100020221022121
2959 121220320200100000022042282240220000001002023022121
2960 121222302010000000002224282422200000000010203222121
2961 121242121000000000000242484242000000000000121242121
2962 123210000000000000000002464200000000000000000012321
2963 123210000000244200000002585200000002442000000012321
2964 123210000002222220000012484210000022222200000012321
2965 123210000022200222001002484200100222002220000012321
2966 123210000222000022300002484200003220000222000012321
2967 123210002220000012220002484200022210000022200012321
2968 123210022200001000222002484200222000100002220012321
2969 123210222000100000022202484202220000001000222012321
2970 123212220010000000002222484222200000000010022212321
2971 123232201000000000000224484422000000000000102232321
2972 123432100000000000000024686420000000000000001234321
2973 400000000000000000000000080000000000000000000000004
2974 522569366052959132741539313935147231959250663965225
2975 4211672540455378958718869999688178598735540452761124
2976 10000000000000000000000000200000000000000000000000001
2977 10000000000002000000000000300000000000020000000000001
2978 10000000000004000000000000600000000000040000000000001
2979 10000000000020200000000010401000000000202000000000001
2980 10000000000022200000000012521000000000222000000000001
2981 10000000000024200000000014841000000000242000000000001
2982 10000000000200020000001000400010000002000200000000001
2983 10000000000202020000001020502010000002020200000000001
2984 10000000000204020000001040804010000002040200000000001
2985 10000000000220220000001212621210000002202200000000001
2986 10000000000222220000001234743210000002222200000000001
2987 10000000002000002000100000400000100020000020000000001
2988 10000000002002002000100200500200100020020020000000001
2989 10000000002004002000100400800400100020040020000000001
2990 10000000002020202000102030603020100020202020000000001
2991 10000000002022202000102232723220100020222020000000001
2992 10000000002200022000121002620012100022000220000000001
2993 10000000002202022000121222722212100022020220000000001
2994 10000000002220222000123234843232100022202220000000001
2995 10000000002222222000123456965432100022222220000000001
2996 10000000020000000210000000400000001200000002000000001
2997 10000000020002000210002000500020001200020002000000001
2998 10000000020004000210004000800040001200040002000000001
2999 10000000020020200210020210601202001200202002000000001
3000 10000000020022200210022212721222001200222002000000001
3001 10000000020200020210201020602010201202000202000000001
3002 10000000020202020210203040704030201202020202000000001
3003 10000000020220220210221432823412201202202202000000001
3004 10000000020222220210223454945432201202222202000000001
3005 10000000022000002212100002620000121220000022000000001
3006 10000000022002002212102202720220121220020022000000001
3007 10000000022020202212122232823222121220202022000000001
3008 10000000022022202212124434943442121220222022000000001
3009 10000000022200022212321024842012321222000222000000001
3010 10000000022202022212323244944232321222020222000000001
3011 10000000200000001020000000400000002010000000200000001
3012 10000000200002001020020000500002002010020000200000001
3013 10000000200004001020040000800004002010040000200000001
3014 10000000200020201020202010601020202010202000200000001
3015 10000000200022201020222012721022202010222000200000001
3016 10000000200200021022001200600210022012000200200000001
3017 10000000200202021022021220702212022012020200200000001
3018 10000000200220221022203412821430222012202200200000001
3019 10000000200222221022223434943432222012222200200000001
3020 10000000202000003040100020602000104030000020200000001
3021 10000000202002003040120220702202104030020020200000001
3022 10000000202020203040304050805040304030202020200000001
3023 10000000202022203040324252925242304030222020200000001
3024 10000000202200023042121222822212124032000220200000001
3025 10000000202202023042141442924414124032020220200000001
3026 10000000220000001430000002620000003410000002200000001
3027 10000000220002001430022002720022003410020002200000001
3028 10000000220020201430222212821222203410202002200000001
3029 10000000220022201430244214941244203410222002200000001
3030 10000000220200021432201222822210223412000202200000001
3031 10000000220202021432223242924232223412020202200000001
3032 10000000222000003452100024842000125430000022200000001
3033 10000000222002003452122224942222125430020022200000001
3034 10000002000000100002000000400000020000100000020000001
3035 10000002000002100002200000500000220000120000020000001
3036 10000002000004100002400000800000420000140000020000001
3037 10000002000020300004020010601002040000302000020000001
3038 10000002000022300004220012721002240000322000020000001
3039 10000002000200120022003000600030022002100200020000001
3040 10000002000202120022203020702030222002120200020000001
3041 10000002000220320024023212821232042002302200020000001
3042 10000002000222320024223234943232242002322200020000001
3043 10000002002000102202100200600200120220100020020000001
3044 10000002002002102202300400700400320220120020020000001
3045 10000002002020302204122230803222140220302020020000001
3046 10000002002022302204322432923422340220322020020000001
3047 10000002002200122222123202820232122222100220020000001
3048 10000002002202122222323422922432322222120220020000001
3049 10000002020000102212000020602000021220100002020000001
3050 10000002020002102212202020702020221220120002020000001
3051 10000002020020302214040230803204041220302002020000001
3052 10000002020022302214242232923224241220322002020000001
3053 10000002020200122232203040804030223222100202020000001
3054 10000002020202122232405060906050423222120202020000001
3055 10000002022000104414100222822200141440100022020000001
3056 10000002022002104414302422922420341440120022020000001
3057 10000002200000121022000002620000022012100000220000001
3058 10000002200002121022220002720002222012120000220000001
3059 10000002200020321024222012821022242012302000220000001
3060 10000002200022321024442014941024442012322000220000001
3061 10000002200200141044003202820230044014100200220000001
3062 10000002200202141044223222922232244014120200220000001
3063 10000002202000123242100222822200124232100020220000001
3064 10000002202002123242320422922402324232120020220000001
3065 10000002220000123432000024842000023432100002220000001
3066 10000002220002123432222024942022223432120002220000001
3067 10000020000010000000200000400000200000001000002000001
3068 10000020000012000002200000500000220000021000002000001
3069 10000020000014000004200000800000240000041000002000001
3070 10000020000030200020400010601000402000203000002000001
3071 10000020000032200022400012721000422000223000002000001
3072 10000020000210020200221000600012200202001200002000001
3073 10000020000212020202221020702012220202021200002000001
3074 10000020000230220220421212821212402202203200002000001
3075 10000020000232220222421234943212422202223200002000001
3076 10000020002010004000302000600020300040001020002000001
3077 10000020002012004002302200700220320040021020002000001
3078 10000020002030204020504030803040502040203020002000001
3079 10000020002032204022504232923240522040223020002000001
3080 10000020002210024200343002820034300242001220002000001
3081 10000020002212024202343222922234320242021220002000001
3082 10000020020010020210200200600200201202001002002000001
3083 10000020020012020212202200700220221202021002002000001
3084 10000020020030220230420410801402403202203002002000001
3085 10000020020032220232422412921422423202223002002000001
3086 10000020020210040410421220802212401404001202002000001
3087 10000020020212040412423240904232421404021202002000001
3088 10000020022010024212302202820220321242001022002000001
3089 10000020022012024214304402920440341242021022002000001
3090 10000020200010201020200020602000202010201000202000001
3091 10000020200012201022220020702002222010221000202000001
3092 10000020200030401040602030803020604010403000202000001
3093 10000020200032401042622032923022624010423000202000001
3094 10000020200210221222221220802212222212201200202000001
3095 10000020200212221224241240904214242212221200202000001
3096 10000020202010205040302040804020304050201020202000001
3097 10000020202012205042322240904222324050221020202000001
3098 10000020220010221430200222822200203412201002202000001
3099 10000020220012221432222222922222223412221002202000001
3100 10000022000010100000000002720000000000101000022000001
3101 10000022000012100002200002620000220000121000022000001
3102 10000022000014100004400002720000440000141000022000001
3103 10000022000030300022220010901002222000303000022000001
3104 10000022000032300024420012821002442000323000022000001
3105 10000022000034300026620014941002662000343000022000001
3106 10000022000212120222223002820032222202121200022000001
3107 10000022000214120224423022922032442202141200022000001
3108 10000022002010104200102002920020100240101020022000001
3109 10000022002012104202302202820220320240121020022000001
3110 10000022002014104204502402920420540240141020022000001
3111 10000022020012122212200222822200221222121002022000001
3112 10000022020014122214402222922220441222141002022000001
3113 10000022200012321022200024842000222012321000222000001
3114 10000022200014321024420024942002442012341000222000001
3115 10000200001000000000020000400002000000000010000200001
3116 10000200001002000020020000500002002000020010000200001
3117 10000200001004000040020000800002004000040010000200001
3118 10000200001020200202020010601002020200202010000200001
3119 10000200001022200222020012721002022200222010000200001
3120 10000200001200022000221000600012200022000210000200001
3121 10000200001202022020221020702012202022020210000200001
3122 10000200001220222202221212821212220222202210000200001
3123 10000200001222222222221234943212222222222210000200001
3124 10000200003000022000140000600004100022000030000200001
3125 10000200003002022020140200700204102022020030000200001
3126 10000200003020222202142030803024120222202030000200001
3127 10000200003022222222142232923224122222222030000200001
3128 10000200003200044000361002820016300044000230000200001
3129 10000200003202044020361222922216302044020230000200001
3130 10000200021000200210022000600022001200200012000200001
3131 10000200021002200230024000700042003200220012000200001
3132 10000200021020400412042210801224021400402012000200001
3133 10000200021022400432044212921244023400422012000200001
3134 10000200021200222210423020802032401222200212000200001
3135 10000200021202222230425040904052403222220212000200001
3136 10000200023000222212142002820024121222200032000200001
3137 10000200023002222232144202920244123222220032000200001
3138 10000200201000001000000200700200000010000010200200001
3139 10000200201002001020020200600202002010020010200200001
3140 10000200201004001040040200700204004010040010200200001
3141 10000200201022201222222210801222222210222010200200001
3142 10000200201024201242242212921224224210242010200200001
3143 10000200201202023022221400800412222032020210200200001
3144 10000200201204023042241420902414224032040210200200001
3145 10000200203000023020120020902002102032000030200200001
3146 10000200203002023040140220802204104032020030200200001
3147 10000200203004023060160420902406106032040030200200001
3148 10000200221000201410000202920200001410200012200200001
3149 10000200221002201430022202820222003410220012200200001
3150 10000200221004201450044202920244005410240012200200001
3151 10000202001020100002020020602002020000102010020200001
3152 10000202001022100022220020702002222000122010020200001
3153 10000202001040300206040030803004060200304010020200001
3154 10000202001042300226240032923004262200324010020200001
3155 10000202001220122022223020802032222022102210020200001
3156 10000202001222122042423040904032424022122210020200001
3157 10000202003020122202140220802204120222102030020200001
3158 10000202003022122222340420902404322222122030020200001
3159 10000202021020302212022040804022021220302012020200001
3160 10000202021022302232224040904042223220322012020200001
3161 10000202201022121022020222822202022012122010220200001
3162 10000202201024121042240222922204224012142010220200001
3163 10000220001210000000220002620002200000001210002200001
3164 10000220001212000022220002720002222000021210002200001
3165 10000220001230200222420012821002422200203210002200001
3166 10000220001232200244420014941002444200223210002200001
3167 10000220001410022200441002820014400222001410002200001
3168 10000220001412022222441022922014422222021410002200001
3169 10000220003210024000342002820024300042001230002200001
3170 10000220003212024022342202920224322042021230002200001
3171 10000220021210220210222202820222201202201212002200001
3172 10000220021212220232224202920242223202221212002200001
3173 10000220201212201020220222822202202010221210202200001
3174 10000220201214201042240222922204224010241210202200001
3175 10000222001232100002220024842002220000123210022200001
3176 10000222001234100024420024942002442000143210022200001
3177 10002000100000000000002000400020000000000000100020001
3178 10002000100002000200002000500020000200020000100020001
3179 10002000100004000400002000800020000400040000100020001
3180 10002000100020202020002010601020002020202000100020001
3181 10002000100022202220002012721020002220222000100020001
3182 10002000100200040002003000600030020004000200100020001
3183 10002000100202040202003020702030020204020200100020001
3184 10002000100220242022003212821230022024202200100020001
3185 10002000100222242222003234943230022224222200100020001
3186 10002000102000202000302000600020300020200020100020001
3187 10002000102002202200302200700220300220220020100020001
3188 10002000102020404020304030803040302040402020100020001
3189 10002000102022404220304232923240302240422020100020001
3190 10002000102200242002323002820032320024200220100020001
3191 10002000102202242202323222922232320224220220100020001
3192 10002000120000000010020000700002001000000002100020001
3193 10002000120002000210022000600022001200020002100020001
3194 10002000120004000410024000700042001400040002100020001
3195 10002000120022202230042210801224003220222002100020001
3196 10002000120024202430044212921244003420242002100020001
3197 10002000120200040012221000900012221004000202100020001
3198 10002000120202040212223020802032221204020202100020001
3199 10002000120204040412225040904052221404040202100020001
3200 10002000122002202212322002820022321220220022100020001
3201 10002000122004202412324202920242321420240022100020001
3202 10002000300020001020004000600040002010002000300020001
3203 10002000300022001220024000700042002210022000300020001
3204 10002000300040203040206010801060204030204000300020001
3205 10002000300042203240226012921062204230224000300020001
3206 10002000300220041024005200800250042014002200300020001
3207 10002000300222041224025220902252042214022200300020001
3208 10002000302020203040304020802040304030202020300020001
3209 10002000302022203240324220902242304230222020300020001
3210 10002000320020001230002002920020003210002002300020001
3211 10002000320022001430024002820042003410022002300020001
3212 10002000320024001630046002920064003610042002300020001
3213 10002002100200100002002200600220020000100200120020001
3214 10002002100202100202202200700220220200120200120020001
3215 10002002100220302024022210801222042020302200120020001
3216 10002002100222302224222212921222242220322200120020001
3217 10002002100400140024005200800250042004100400120020001
3218 10002002100402140224205220902250242204120400120020001
3219 10002002102200302202302400800420320220300220120020001
3220 10002002102202302402502600900620520420320220120020001
3221 10002002120202102212022220802222021220120202120020001
3222 10002002120204102412224220902242221420140202120020001
3223 10002002300220121022004202820240022012102200320020001
3224 10002002300222121222224202920242222212122200320020001
3225 10002020102010000000202020602020200000001020102020001
3226 10002020102012000202202020702020220200021020102020001
3227 10002020102030202040402030803020404020203020102020001
3228 10002020102032202242402032923020424220223020102020001
3229 10002020102210040202223020802032220204001220102020001
3230 10002020102212040404223040904032240404021220102020001
3231 10002020104010204000504020802040500040201040102020001
3232 10002020104012204202504220902240520240221040102020001
3233 10002020122012020210222220802222201202021022102020001
3234 10002020122014020412224220902242221402041022102020001
3235 10002020302030201020204040804040202010203020302020001
3236 10002020302032201222224040904042222210223020302020001
3237 10002022102212100002202222822220220000121220122020001
3238 10002022102214100204402222922220440200141220122020001
3239 10002200121000000000022002620022000000000012100220001
3240 10002200121002000220022002720022002200020012100220001
3241 10002200121020202222022012821022022220202012100220001
3242 10002200121022202442022014941022024420222012100220001
3243 10002200121200042002223002820032220024000212100220001
3244 10002200121202042222223022922032222224020212100220001
3245 10002200123000222000342002820024300022200032100220001
3246 10002200123002222220342202920224302222220032100220001
3247 10002200141002200210044002820044001200220014100220001
3248 10002200141004200430046002920064003400240014100220001
3249 10002200321022001020024202820242002010022012300220001
3250 10002200321024001240044202920244004210042012300220001
3251 10002202121220100002022222822222020000102212120220001
3252 10002202121222100222222222922222222200122212120220001
3253 10002220123210000000222024842022200000001232102220001
3254 10002220123212000222222024942022222200021232102220001
3255 10020010000000000000000200400200000000000000001002001
3256 10020010000002002000000200500200000020020000001002001
3257 10020010000004004000000200800200000040040000001002001
3258 10020010000020220200000210601200000202202000001002001
3259 10020010000022222200000212721200000222222000001002001
3260 10020010000200220020001200600210002002200200001002001
3261 10020010000202222020001220702210002022220200001002001
3262 10020010000220440220001412821410002204402200001002001
3263 10020010000222442220001434943410002224422200001002001
3264 10020010002000000002100000700000120000000020001002001
3265 10020010002002002002100200600200120020020020001002001
3266 10020010002004004002100400700400120040040020001002001
3267 10020010002022222202102230803220120222222020001002001
3268 10020010002024224202102432923420120242242020001002001
3269 10020010002202222022121202820212122022220220001002001
3270 10020010002204224022121422922412122042240220001002001
3271 10020010020020000210200200600200201200002002001002001
3272 10020010020022002210202200700220201220022002001002001
3273 10020010020040220410220410801402201402204002001002001
3274 10020010020042222410222412921422201422224002001002001
3275 10020010020220220230401220802210403202202202001002001
3276 10020010020222222230403240904230403222222202001002001
3277 10020010022022002214300202820200341220022022001002001
3278 10020010022024004214302402920420341240042022001002001
3279 10020010200200001020020200600202002010000200201002001
3280 10020010200202003020040200700204002030020200201002001
3281 10020010200220221220222210801222202212202200201002001
3282 10020010200222223220242212921224202232222200201002001
3283 10020010200400221042021400800412024012200400201002001
3284 10020010200402223042041420902414024032220400201002001
3285 10020010202200001042100020902000124010000220201002001
3286 10020010202202003042120220802202124030020220201002001
3287 10020010202204005042140420902404124050040220201002001
3288 10020010220220001430220202820202203410002202201002001
3289 10020010220222003430242202920224203430022202201002001
3290 10020012002000100002002200600220020000100020021002001
3291 10020012002002102002202200700220220020120020021002001
3292 10020012002020320204022210801222040202302020021002001
3293 10020012002022322204222212921222240222322020021002001
3294 10020012002200320042005200800250024002300220021002001
3295 10020012002202322042205220902250224022320220021002001
3296 10020012004002102204102400800420140220120040021002001
3297 10020012004004104204302600900620340240140040021002001
3298 10020012022020102212202220802220221220102022021002001
3299 10020012022022104212404220902240421240122022021002001
3300 10020012202200121022022202820222022012100220221002001
3301 10020012202202123022242202920224222032120220221002001
3302 10020030020010000000200400600400200000001002003002001
3303 10020030020012002002200400700400220020021002003002001
3304 10020030020030220220400410801400402202203002003002001
3305 10020030020032222222400412921400422222223002003002001
3306 10020030020210220220221400800412202202201202003002001
3307 10020030020212222222221420902412222222221202003002001
3308 10020030022010002000302200900220300020001022003002001
3309 10020030022012004002302400800420320040021022003002001
3310 10020030022014006004302600900620340060041022003002001
3311 10020030040030020210400600800600401202003004003002001
3312 10020030040032022212402600900620421222023004003002001
3313 10020030220210201020220420802402202010201202203002001
3314 10020030220212203022240420902404222030221202203002001
3315 10020032022012100002202402820420220000121022023002001
3316 10020032022014102004402402920420440020141022023002001
3317 10020210201000000000020220602202000000000010201202001
3318 10020210201002002020020220702202002020020010201202001
3319 10020210201020220402020230803202020402202010201202001
3320 10020210201022222422020232923202022422222010201202001
3321 10020210201200222020221220802212202022200210201202001
3322 10020210201202224040221240904212204042220210201202001
3323 10020210203002022002140220802204120022020030201202001
3324 10020210203004024022140420902404122042040030201202001
3325 10020210221020200210222220802222201200202012201202001
3326 10020210221022202230224220902242203220222012201202001
3327 10020210401202001020040420802404002010020210401202001
3328 10020210401204003040060420902406004030040210401202001
3329 10020212203020100002022240804222020000102030221202001
3330 10020212203022102022222240904222222020122030221202001
3331 10020230221210000000220422822402200000001212203202001
3332 10020230221212002022220422922402222020021212203202001
3333 10022012100000000000002202620220000000000000121022001
3334 10022012100002002200002202720220000220020000121022001
3335 10022012100020222220002212821220002222202000121022001
3336 10022012100022224420002214941220002442222000121022001
3337 10022012100200240022003202820230022004200200121022001
3338 10022012100202242222003222922230022224220200121022001
3339 10022012102002202002302202820220320020220020121022001
3340 10022012102004204202302402920420320240240020121022001
3341 10022012120022000210222202820222201200022002121022001
3342 10022012120024002410224202920242201420042002121022001
3343 10022012300220001020024202820242002010002200321022001
3344 10022012300222003220044202920244002230022200321022001
3345 10022014102200100002004402820440020000100220141022001
3346 10022014102202102202204402920440220220120220141022001
3347 10022032122010000000202422822420200000001022123022001
3348 10022032122012002202202422922420220220021022123022001
3349 10022212321000000000022224842222000000000012321222001
3350 10022212321002002220022224942222002220020012321222001
3351 10201000000000000000000020402000000000000000000010201
3352 10201000000002020000000020502000000002020000000010201
3353 10201000000004040000000020802000000004040000000010201
3354 10201000000020402000000030603000000020402000000010201
3355 10201000000022422000000032723000000022422000000010201
3356 10201000000200000200001000700010000200000200000010201
3357 10201000000202020200001020602010000202020200000010201
3358 10201000000204040200001040704010000204040200000010201
3359 10201000000220402200001210901210000220402200000010201
3360 10201000000222422200001232823210000222422200000010201
3361 10201000000224442200001254945210000224442200000010201
3362 10201000002020002020100020602000102020002020000010201
3363 10201000002022022020100220702200102022022020000010201
3364 10201000002040404020102050805020102040404020000010201
3365 10201000002042424020102252925220102042424020000010201
3366 10201000002222022220121022822012102222022220000010201
3367 10201000002224042220121242924212102224042220000010201
3368 10201000020200000212000020602000021200000202000010201
3369 10201000020202020212002020702020021202020202000010201
3370 10201000020220402212020230803202021220402202000010201
3371 10201000020222422212022232923222021222422202000010201
3372 10201000020402020412201040804010221402020402000010201
3373 10201000020404040412203060906030221404040402000010201
3374 10201000022220002234100022822000143220002222000010201
3375 10201000022222022234102222922220143222022222000010201
3376 10201000202000001020200020602000202010000020200010201
3377 10201000202002021020220020702002202012020020200010201
3378 10201000202020403020402030803020402030402020200010201
3379 10201000202022423020422032923022402032422020200010201
3380 10201000202202021222201220802210222212020220200010201
3381 10201000202204041222221240904212222214040220200010201
3382 10201000204020003060300040804000306030002040200010201
3383 10201000204022023060320240904202306032022040200010201
3384 10201000222200001432200022822000223410000222200010201
3385 10201000222202021432222022922022223412020222200010201
3386 10201002020000100002020020602002020000100002020010201
3387 10201002020002120002220020702002220002120002020010201
3388 10201002020020502004040030803004040020502002020010201
3389 10201002020022522004240032923004240022522002020010201
3390 10201002020202120222023020802032022202120202020010201
3391 10201002020204140222223040904032222204140202020010201
3392 10201002022020102222120220802202122220102022020010201
3393 10201002022022122222320420902402322222122022020010201
3394 10201002040200102214020040804002041220100204020010201
3395 10201002040202122214222040904022241222120204020010201
3396 10201002222000121022220022822002222012100022220010201
3397 10201002222002141022440022922004422014120022220010201
3398 10201020200010000000202020602020200000001000202010201
3399 10201020200012020002202020702020220002021000202010201
3400 10201020200030402020402030803020402020403000202010201
3401 10201020200032422022402032923020422022423000202010201
3402 10201020200212020400223020802032200402021200202010201
3403 10201020200214040402223040904032220404041200202010201
3404 10201020202030004020304020802040302040003020202010201
3405 10201020202032024022304220902240322042023020202010201
3406 10201020220210020212202220802220221202001202202010201
3407 10201020220212040214204220902240241204021202202010201
3408 10201020402010201020402040804020402010201020402010201
3409 10201020402012221022422040904022422012221020402010201
3410 10201022220012100002222022822022220000121002222010201
3411 10201022220014120004422022922022440002141002222010201
3412 10201202001000000000020220602202000000000010020210201
3413 10201202001002020020020220702202002002020010020210201
3414 10201202001020402202020230803202020220402010020210201
3415 10201202001022422222020232923202022222422010020210201
3416 10201202001202022200221220802212200222020210020210201
3417 10201202001204042220221240904212202224040210020210201
3418 10201202003020022020140220802204102022002030020210201
3419 10201202003022042040140420902404104024022030020210201
3420 10201202021200200212022220802222021200200212020210201
3421 10201202021202220232024220902242023202220212020210201
3422 10201202203002001020220420802402202010020030220210201
3423 10201202203004021040240420902404204012040030220210201
3424 10201204021020100002040240804204020000102012040210201
3425 10201204021022120022240240904204222002122012040210201
3426 10201222201210000000222222822222200000001210222210201
3427 10201222201212020022222222922222222002021210222210201
3428 10203020100000000000002040604020000000000000102030201
3429 10203020100002020200002040704020000202020000102030201
3430 10203020100020404020002050805020002040402000102030201
3431 10203020100022424220002052925020002242422000102030201
3432 10203020100200020002003020902030020002000200102030201
3433 10203020100202040202003040804030020204020200102030201
3434 10203020100204060402003060906030020406040200102030201
3435 10203020102020202020302040804020302020202020102030201
3436 10203020102022222220302240904220302222222020102030201
3437 10203020120202000212022040804022021200020202102030201
3438 10203020120204020412024040904042021402040202102030201
3439 10203020302020001020204040804040202010002020302030201
3440 10203020302022021220224040904042202212022020302030201
3441 10203022120200100002022240804222020000100202122030201
3442 10203022120202120202222240904222220202120202122030201
3443 10203040302010000000204060806040200000001020304030201
3444 10203040302012020202204060906040220202021020304030201
3445 10203222121000000000022242824222000000000012122230201
3446 10203222121002020220022242924222002202020012122230201
3447 10221210000000000000000222622200000000000000001212201
3448 10221210000002022000000222722200000022020000001212201
3449 10221210000020422200000232823200000222402000001212201
3450 10221210000022444200000234943200000244422000001212201
3451 10221210000202220220001222822210002202220200001212201
3452 10221210000204242220001242924210002224240200001212201
3453 10221210002022002022100222822200122020022020001212201
3454 10221210002024024022100422922400122042042020001212201
3455 10221210020220000212200222822200221200002202001212201
3456 10221210020222022212202222922220221222022202001212201
3457 10221210202200001020220222822202202010000220201212201
3458 10221210202202023020240222922204202032020220201212201
3459 10221212022000100002022222822222020000100022021212201
3460 10221212022002122002222222922222220022120022021212201
3461 10221230220010000000202422822420200000001002203212201
3462 10221230220012022002202422922420220022021002203212201
3463 10221412201000000000020442824402000000000010221412201
3464 10221412201002022020020442924402002022020010221412201
3465 10223232100000000000002244844220000000000000123232201
3466 10223232100002022200002244944220000222020000123232201
3467 12100000000000000000000002420000000000000000000000121
3468 12100000000002200000000002520000000000220000000000121
3469 12100000000004400000000002820000000000440000000000121
3470 12100000000020020000000010701000000002002000000000121
3471 12100000000022220000000012621000000002222000000000121
3472 12100000000024420000000014741000000002442000000000121
3473 12100000000220022000001002620010000022002200000000121
3474 12100000000222222000001022722010000022222200000000121
3475 12100000000242242000001214841210000024224200000000121
3476 12100000000244442000001236963210000024444200000000121
3477 12100000002200002200100002620000100220000220000000121
3478 12100000002202202200100202720200100220220220000000121
3479 12100000002222222200102032823020100222222220000000121
3480 12100000002224422200102234943220100222442220000000121
3481 12100000002420024200121004840012100242002420000000121
3482 12100000002422224200121224942212100242222420000000121
3483 12100000022000000230000002620000003200000022000000121
3484 12100000022002200230002002720020003200220022000000121
3485 12100000022022220230020212821202003202222022000000121
3486 12100000022024420230022214941222003202442022000000121
3487 12100000022220022230201022822010203222002222000000121
3488 12100000022222222230203042924030203222222222000000121
3489 12100000024200002432100004840000123420000242000000121
3490 12100000024202202432102204940220123420220242000000121
3491 12100000220000001022000002620000022010000002200000121
3492 12100000220002201022020002720002022010220002200000121
3493 12100000220022221022202012821020222012222002200000121
3494 12100000220024421022222014941022222012442002200000121
3495 12100000220220023024001202820210042032002202200000121
3496 12100000220222223024021222922212042032222202200000121
3497 12100000222200003242100022822000124230000222200000121
3498 12100000222202203242120222922202124230220222200000121
3499 12100000242000001452000004840000025410000024200000121
3500 12100000242002201452022004940022025410220024200000121
3501 12100002200000100002200002620000220000100000220000121
3502 12100002200002300002400002720000420000320000220000121
3503 12100002200020120004020010901002040002102000220000121
3504 12100002200022320004220012821002240002322000220000121
3505 12100002200024520004420014941002440002542000220000121
3506 12100002200220122022203002820030222022102200220000121
3507 12100002200222322022403022922030422022322200220000121
3508 12100002202200102402300202820200320420100220220000121
3509 12100002202202302402500402920400520420320220220000121
3510 12100002222000102232200022822000223220100022220000121
3511 12100002222002302232402022922020423220320022220000121
3512 12100002420000121024200004840000242012100002420000121
3513 12100002420002321024420004940002442012320002420000121
3514 12100022000010000000220002620002200000001000022000121
3515 12100022000012200002220002720002220000221000022000121
3516 12100022000032220020420012821002402002223000022000121
3517 12100022000034420022420014941002422002443000022000121
3518 12100022000230022200241002820014200222003200022000121
3519 12100022000232222202241022922014220222223200022000121
3520 12100022002210004200322002820022300240001220022000121
3521 12100022002212204202322202920222320240221220022000121
3522 12100022022010020230220202820202203202001022022000121
3523 12100022022012220232222202920222223202221022022000121
3524 12100022220010201022220022822002222010201002222000121
3525 12100022220012401024240022922004242010421002222000121
3526 12100024200012100002420004840002420000121000242000121
3527 12100024200014300004620004940002640000341000242000121
3528 12100220001000000000022002620022000000000010002200121
3529 12100220001002200020022002720022002000220010002200121
3530 12100220001022220202022012821022020202222010002200121
3531 12100220001024420222022014941022022202442010002200121
3532 12100220001220024000223002820032200042002210002200121
3533 12100220001222224020223022922032202042222210002200121
3534 12100220003200022200142002820024100222000230002200121
3535 12100220003202222220142202920224102222220230002200121
3536 12100220023000200230024002820042003200200032002200121
3537 12100220023002400250026002920062005200420032002200121
3538 12100220221002001022022202820222022010020012202200121
3539 12100220221004201042042202920224024010240012202200121
3540 12100222201020100002222022822022220000102010222200121
3541 12100222201022300022422022922022422000322010222200121
3542 12100242001210000000242004840024200000001210024200121
3543 12100242001212200022242004940024222000221210024200121
3544 12102200100000000000002202620220000000000000100220121
3545 12102200100002200200002202720220000200220000100220121
3546 12102200100022222020002212821220002022222000100220121
3547 12102200100024422220002214941220002222442000100220121
3548 12102200100220042002003202820230020024002200100220121
3549 12102200100222242202003222922230020224222200100220121
3550 12102200102200202200302202820220300220200220100220121
3551 12102200102202402400302402920420300420420220100220121
3552 12102200122002000230022202820222003200020022100220121
3553 12102200122004200430024202920242003400240022100220121
3554 12102200320020001022004202820240022010002002300220121
3555 12102200320022201222024202920242022210222002300220121
3556 12102202300200100002202402820420220000100200320220121
3557 12102202300202300202402402920420420200320200320220121
3558 12102222102010000000222222822222200000001020122220121
3559 12102222102012200202222222922222220200221020122220121
3560 12102420121000000000024204840242000000000012102420121
3561 12102420121002200220024204940242002200220012102420121
3562 12122010000000000000000222622200000000000000001022121
3563 12122010000002202000000222722200000020220000001022121
3564 12122010000022240200000232823200000204222000001022121
3565 12122010000024442200000234943200000224442000001022121
3566 12122010000220222020001222822210002022202200001022121
3567 12122010000222424020001242924210002042422200001022121
3568 12122010002202002202100222822200120220020220001022121
3569 12122010002204204202100422922400120240240220001022121
3570 12122010022020000230200222822200203200002022001022121
3571 12122010022022202230202222922220203220222022001022121
3572 12122010220200001022020222822202022010000202201022121
3573 12122010220202203022040222922204022030220202201022121
3574 12122012202000100002202222822220220000100020221022121
3575 12122012202002302002402222922220420020320020221022121
3576 12122032020010000000220422822402200000001002023022121
3577 12122032020012202002220422922402220020221002023022121
3578 12122230201000000000022242824222000000000010203222121
3579 12122230201002202020022242924222002020220010203222121
3580 12124212100000000000002424842420000000000000121242121
3581 12124212100002202200002424942420000220220000121242121
3582 12321000000000000000000024642000000000000000000012321
3583 12321000000002220000000024742000000002220000000012321
3584 12321000000020202000000032923000000020202000000012321
3585 12321000000022422000000034843000000022422000000012321
3586 12321000000024642000000036963000000024642000000012321
3587 12321000000222022200001024842010000222022200000012321
3588 12321000000224242200001044944010000224242200000012321
3589 12321000002220002220100024842000102220002220000012321
3590 12321000002222222220100224942200102222222220000012321
3591 12321000022200000232000024842000023200000222000012321
3592 12321000022202220232002024942020023202220222000012321
3593 12321000222000001022200024842000222010000022200012321
3594 12321000222002221022220024942002222012220022200012321
3595 12321002220000100002220024842002220000100002220012321
3596 12321002220002320002420024942002420002320002220012321
3597 12321022200010000000222024842022200000001000222012321
3598 12321022200012220002222024942022220002221000222012321
3599 12321222001000000000022224842222000000000010022212321
3600 12321222001002220020022224942222002002220010022212321
3601 12323220100000000000002244844220000000000000102232321
3602 12323220100002220200002244944220000202220000102232321
3603 12343210000000000000000246864200000000000000001234321
3604 12343210000002222000000246964200000022220000001234321
3605 14664398784391760063516738283761536006719348789346641
3606 14899578972945056149893218681239894165054927987599841
3607 40000000000000000000000000800000000000000000000000004
3608 40000000000004000000000000900000000000040000000000004
3609 48089525395293201014489455855498441010239259352598084
3610 67358416181739334421297151315179212443393718161485376
3611 94445074941362044498184066966048189444026314947054449
3612 1000000000000000000000000002000000000000000000000000001
3613 1000000000000220000000000014100000000000220000000000001
3614 1000000000002002000000001004001000000002002000000000001
3615 1000000000002222000000001236321000000002222000000000001
3616 1000000000020000200000100004000010000020000200000000001
3617 1000000000020220200000102216122010000020220200000000001
3618 1000000000022002200000121026201210000022002200000000001
3619 1000000000022222200000123458543210000022222200000000001
3620 1000000000200000020010000004000000100200000020000000001
3621 1000000000200220020010022016102200100200220020000000001
3622 1000000000202002020010201206021020100202002020000000001
3623 1000000000202222020010223438343220100202222020000000001
3624 1000000000220000220012100026200012100220000220000000001
3625 1000000000220220220012124238324212100220220220000000001
3626 1000000000222002220012321248421232100222002220000000001
3627 1000000002000000003000000004000000003000000002000000001
3628 1000000002000220003000220016100220003000220002000000001
3629 1000000002002002003002003006003002003002002002000000001
3630 1000000002002222003002223238323222003002222002000000001
3631 1000000002020000203020100206020010203020000202000000001
3632 1000000002020220203020322418142230203020220202000000001
3633 1000000002022002203022123228223212203022002202000000001
3634 1000000002200000023210000026200000123200000022000000001
3635 1000000002200220023210242038302420123200220022000000001
3636 1000000002202002023212203228223022123202002022000000001
3637 1000000002220000223232100248420012323220000222000000001
3638 1000000020000000100200000004000000020010000000200000001
3639 1000000020000220100202200016100022020010220000200000001
3640 1000000020002002100220021006001200220012002000200000001
3641 1000000020002222100222221238321222220012222000200000001
3642 1000000020020000300400102006002010040030000200200000001
3643 1000000020020220300402304218124032040030220200200000001
3644 1000000020022002300420143028203410240032002200200000001
3645 1000000020200000122210000206020000122210000020200000001
3646 1000000020200220122212222218122222122210220020200000001
3647 1000000020202002122230221408041220322212002020200000001
3648 1000000020220000322412102228222012142230000220200000001
3649 1000000022000000123200000026200000023210000002200000001
3650 1000000022000220123202420038300242023210220002200000001
3651 1000000022002002123222023028203202223212002002200000001
3652 1000000022020000323420102228222010243230000202200000001
3653 1000000022200000145410000248420000145410000022200000001
3654 1000000200000010000020000004000000200000100000020000001
3655 1000000200000230000042000016100002400000320000020000001
3656 1000000200002012000220201006001020220002102000020000001
3657 1000000200002232000242201238321022420002322000020000001
3658 1000000200020010202020120006000210202020100200020000001
3659 1000000200020230202042122218122212402020320200020000001
3660 1000000200022012202220341028201430222022102200020000001
3661 1000000200200010040030002006002000300400100020020000001
3662 1000000200200230040052024018104202500400320020020000001
3663 1000000200202012040230403208023040320402102020020000001
3664 1000000200220010242032122028202212302420100220020000001
3665 1000000202000010203020000206020000203020100002020000001
3666 1000000202000230203042220218120222403020320002020000001
3667 1000000202002012203222203208023022223022102002020000001
3668 1000000202020010405040120408040210405040100202020000001
3669 1000000202200010243230002228222000323420100022020000001
3670 1000000220000012100220000026200000220012100000220000001
3671 1000000220000232100244200038300024420012320000220000001
3672 1000000220002014100440221028201220440014102000220000001
3673 1000000220020012302420122028202210242032100200220000001
3674 1000000220200012142230002228222000322412100020220000001
3675 1000000222000012323220000248420000223232100002220000001
3676 1000002000001000000002000004000002000000001000002000001
3677 1000002000001220000222000016100002220000221000002000001
3678 1000002000003002002004001006001004002002003000002000001
3679 1000002000003222002224001238321004222002223000002000001
3680 1000002000021000220002300006000032000220001200002000001
3681 1000002000021220220222302218122032220220221200002000001
3682 1000002000023002222004321028201234002222003200002000001
3683 1000002000201000220012020006000202100220001020002000001
3684 1000002000201220220232042018102402320220221020002000001
3685 1000002000203002222014221208021224102222003020002000001
3686 1000002000221000440014320028200234100440001220002000001
3687 1000002002001002003002002006002002003002001002002000001
3688 1000002002001222003222222018102222223002221002002000001
3689 1000002002003004005006005008005006005004003002002000001
3690 1000002002021002223022302208022032203222001202002000001
3691 1000002002201002223212022028202202123222001022002000001
3692 1000002020001020100202000206020002020010201000202000001
3693 1000002020001240100424200218120024240010421000202000001
3694 1000002020003022102224021208021204222012203000202000001
3695 1000002020021020320402302208022032040230201200202000001
3696 1000002020201020322212020408040202122230201020202000001
3697 1000002022001022123202002228222002023212201002202000001
3698 1000002200001210000022000026200002200000121000022000001
3699 1000002200001430000264000038300004620000341000022000001
3700 1000002200003212002224201028201024222002123000022000001
3701 1000002200021210222022320028200232202220121200022000001
3702 1000002200201210240032022028202202300420121020022000001
3703 1000002202001212203022002228222002203022121002022000001
3704 1000002220001232100222000248420002220012321000222000001
3705 1000020000100000000000200004000020000000000010000200001
3706 1000020000100220002200200016100020022000220010000200001
3707 1000020000102002020020201006001020200202002010000200001
3708 1000020000102222022220201238321020222202222010000200001
3709 1000020000120000400002300006000032000040000210000200001
3710 1000020000120220402202302218122032022040220210000200001
3711 1000020000122002420022321028201232200242002210000200001
3712 1000020000300002020010400006000040100202000030000200001
3713 1000020000300222022210422018102240122202220030000200001
3714 1000020000302004040030601208021060300404002030000200001
3715 1000020000320002420014500028200054100242000230000200001
3716 1000020002100020003000220006000220003000200012000200001
3717 1000020002100240005200440018100440025000420012000200001
3718 1000020002102022023022223008003222203202202012000200001
3719 1000020002120020403022320208020232203040200212000200001
3720 1000020002300022023210420028200240123202200032000200001
3721 1000020020100200100200202006002020020010020010200200001
3722 1000020020100420102402402018102042042010240010200200001
3723 1000020020102202120240223008003220420212022010200200001
3724 1000020020120200500402304008004032040050020210200200001
3725 1000020020300202122210402208022040122212020030200200001
3726 1000020022100220123200222028202220023210220012200200001
3727 1000020200102010000020200206020020200000102010020200001
3728 1000020200102230002242200218120022422000322010020200001
3729 1000020200104012020240401208021040420202104010020200001
3730 1000020200122010402022320208020232202040102210020200001
3731 1000020200302012040030402208022040300402102030020200001
3732 1000020202102030203020220408040220203020302012020200001
3733 1000020220102212100220202228222020220012122010220200001
3734 1000022000121000000002200026200022000000001210002200001
3735 1000022000121220002422200038300022242000221210002200001
3736 1000022000123002022024201028201024202202003210002200001
3737 1000022000141000420004500028200054000240001410002200001
3738 1000022000321002220012420028200242100222001230002200001
3739 1000022002121022003002222028202222003002201212002200001
3740 1000022020121220100202202228222022020010221210202200001
3741 1000022200123210000022200248420022200000123210022200001
3742 1000200010000000000000020004000200000000000000100020001
3743 1000200010000220022000020016100200002200220000100020001
3744 1000200010002002200200021006001200020022002000100020001
3745 1000200010002222222200021238321200022222222000100020001
3746 1000200010020002200020120006000210200022000200100020001
3747 1000200010020222222020122218122210202222220200100020001
3748 1000200010022004400220141028201410220044002200100020001
3749 1000200010200020020012020006000202100200200020100020001
3750 1000200010200240042012042018102402102400420020100020001
3751 1000200010202022220212221208021222120222202020100020001
3752 1000200010220022220034120028200214300222200220100020001
3753 1000200012000200003000220006000220003000020002100020001
3754 1000200012000420025000440018100440005200240002100020001
3755 1000200012002202203202223008003222023022022002100020001
3756 1000200012020202203040320208020230403022020202100020001
3757 1000200012200220023212220028200222123200220022100020001
3758 1000200030002000100200040006000400020010002000300020001
3759 1000200030002220122202240018100422022210222000300020001
3760 1000200030004002300420061008001600240032004000300020001
3761 1000200030022002300420142008002410240032002200300020001
3762 1000200030202020122212040208020402122210202020300020001
3763 1000200032002200123200240028200420023210022002300020001
3764 1000200210020010000020022006002200200000100200120020001
3765 1000200210020230022042022018102202402200320200120020001
3766 1000200210022012200420223008003220240022102200120020001
3767 1000200210040012202040142008002410402022100400120020001
3768 1000200210220030040032024008004202300400300220120020001
3769 1000200212020210203020222208022220203020120202120020001
3770 1000200230022012100220042028202400220012102200320020001
3771 1000202010201000000002020206020202000000001020102020001
3772 1000202010201220022222020218120202222200221020102020001
3773 1000202010203002202204021208021204022022003020102020001
3774 1000202010221002220022320208020232200222001220102020001
3775 1000202010401020220014040208020404100220201040102020001
3776 1000202012201202003002222208022222003002021022102020001
3777 1000202030203020100202040408040402020010203020302020001
3778 1000202210221210000022022228222202200000121220122020001
3779 1000220012100000000000220026200220000000000012100220001
3780 1000220012100220024200220038300220024200220012100220001
3781 1000220012102002220220221028201220220222002012100220001
3782 1000220012120002400022320028200232200042000212100220001
3783 1000220012300022020012420028200242100202200032100220001
3784 1000220014100220003000440028200440003000220014100220001
3785 1000220032102200100200242028202420020010022012300220001
3786 1000220212122010000020222228222220200000102212120220001
3787 1000222012321000000002220248420222000000001232102220001
3788 1002001000000000000000002004002000000000000000001002001
3789 1002001000000220220000002016102000000220220000001002001
3790 1002001000002004002000003006003000002004002000001002001
3791 1002001000002224222000003238323000002224222000001002001
3792 1002001000020020200200102006002010020020200200001002001
3793 1002001000020240420200104218124010020240420200001002001
3794 1002001000022024202200123028203210022024202200001002001
3795 1002001000200200020030002006002000300200020020001002001
3796 1002001000200420240030024018104200300420240020001002001
3797 1002001000202204022030203208023020302204022020001002001
3798 1002001000220220220232102028202012320220220220001002001
3799 1002001002002000003002002006002002003000002002001002001
3800 1002001002002220223002222018102222003220222002001002001
3801 1002001002004004005004005008005004005004004002001002001
3802 1002001002022020203222102208022012223020202202001002001
3803 1002001002202200023232002028202002323200022022001002001
3804 1002001020020000100200202006002020020010000200201002001
3805 1002001020020220320202402018102042020230220200201002001
3806 1002001020022004102220223008003220222014002200201002001
3807 1002001020040020300600304008004030060030200400201002001
3808 1002001020220200122230202208022020322210020220201002001
3809 1002001022022000123202202028202022023210002202201002001
3810 1002001200200010000020022006002200200000100020021002001
3811 1002001200200230220042022018102202400220320020021002001
3812 1002001200202014002220223008003220222004102020021002001
3813 1002001200220030202220142008002410222020300220021002001
3814 1002001200400210040050024008004200500400120040021002001
3815 1002001202202010203022022208022202203020102022021002001
3816 1002001220220012100220222028202220220012100220221002001
3817 1002003002001000000002004006004002000000001002003002001
3818 1002003002001220220222004018104002220220221002003002001
3819 1002003002003004004004005008005004004004003002003002001
3820 1002003002021020220202304008004032020220201202003002001
3821 1002003002201200220032024008004202300220021022003002001
3822 1002003004003002003004006008006004003002003004003002001
3823 1002003022021020100202204208024022020010201202203002001
3824 1002003202201210000022024028204202200000121022023002001
3825 1002021020100000000000202206022020000000000010201202001
3826 1002021020100220222200202218122020022220220010201202001
3827 1002021020102004022020203208023020202204002010201202001
3828 1002021020120020400202302208022032020040200210201202001
3829 1002021020300202020030402208022040300202020030201202001
3830 1002021022102020003002222208022222003000202012201202001
3831 1002021040120200100200404208024040020010020210401202001
3832 1002021220302010000020222408042220200000102030221202001
3833 1002023022121000000002204228224022000000001212203202001
3834 1002201210000000000000022026202200000000000000121022001
3835 1002201210000220242000022038302200002420220000121022001
3836 1002201210002004202200023028203200022024002000121022001
3837 1002201210020022200220122028202210220022200200121022001
3838 1002201210200220020032022028202202300200220020121022001
3839 1002201212002200003002222028202222003000022002121022001
3840 1002201230022000100200242028202420020010002200321022001
3841 1002201410220010000020044028204400200000100220141022001
3842 1002203212201000000002024228224202000000001022123022001
3843 1002221232100000000000222248422220000000000012321222001
3844 1020100000000000000000000204020000000000000000000010201
3845 1020100000000222200000000216120000000022220000000010201
3846 1020100000002022020000001206021000000202202000000010201
3847 1020100000002244220000001438341000000224422000000010201
3848 1020100000020200202000100206020010002020020200000010201
3849 1020100000020422402000102418142010002042240200000010201
3850 1020100000022222222000121228221210002222222200000010201
3851 1020100000202000020210000206020000120200002020000010201
3852 1020100000202222220210022218122200120222222020000010201
3853 1020100000204022040210201408041020120402204020000010201
3854 1020100000222200222212100228220012122220022220000010201
3855 1020100002020000003020000206020000203000000202000010201
3856 1020100002020222203020220218120220203022220202000010201
3857 1020100002022022023022003208023002203202202202000010201
3858 1020100002040200205040100408040010405020020402000010201
3859 1020100002222000023430000228220000343200002222000010201
3860 1020100020200000100202000206020002020010000020200010201
3861 1020100020200222300204200218120024020032220020200010201
3862 1020100020202022120222021208021202220212202020200010201
3863 1020100020220200302402102208022012042030020220200010201
3864 1020100020402000122412000408040002142210002040200010201
3865 1020100022220000123222000228220002223210000222200010201
3866 1020100202000010000020200206020020200000100002020010201
3867 1020100202000232200042200218120022400022320002020010201
3868 1020100202002032020220401208021040220202302002020010201
3869 1020100202020210204020320208020230204020120202020010201
3870 1020100202202010040230202208022020320400102022020010201
3871 1020100204020010203040200408040020403020100204020010201
3872 1020100222200012100222200228220022220012100022220010201
3873 1020102020001000000002020206020202000000001000202010201
3874 1020102020001222200222020218120202220022221000202010201
3875 1020102020003022022004021208021204002202203000202010201
3876 1020102020021200222002320208020232002220021200202010201
3877 1020102020203000220212040208020402120220003020202010201
3878 1020102022021002003022022208022202203002001202202010201
3879 1020102040201020100204020408040204020010201020402010201
3880 1020102222001210000022220228220222200000121002222010201
3881 1020120200100000000000202206022020000000000010020210201
3882 1020120200100222202200202218122020022022220010020210201
3883 1020120200102022040020203208023020200402202010020210201
3884 1020120200120200402002302208022032002040020210020210201
3885 1020120200302002020210402208022040120202002030020210201
3886 1020120202120020003020222208022220203000200212020210201
3887 1020120220300200100202204208024022020010020030220210201
3888 1020120402102010000020402408042040200000102012040210201
3889 1020122220121000000002222228222222000000001210222210201
3890 1020302010000000000000020406040200000000000000102030201
3891 1020302010000222222000020418140200002222220000102030201
3892 1020302010002022220200021408041200020222202000102030201
3893 1020302010020202202020120408040210202022020200102030201
3894 1020302010202020020212020408040202120200202020102030201
3895 1020302012020200003020220408040220203000020202102030201
3896 1020302030202000100202040408040402020010002020302030201
3897 1020302212020010000020222408042220200000100202122030201
3898 1020304030201000000002040608060402000000001020304030201
3899 1020322212100000000000222428242220000000000012122230201
3900 1022121000000000000000002226222000000000000000001212201
3901 1022121000000222420000002238322000000242220000001212201
3902 1022121000002024022000003228223000002204202000001212201
3903 1022121000020220202200102228222010022020220200001212201
3904 1022121000202200020230002228222000320200022020001212201
3905 1022121002022000003022002228222002203000002202001212201
3906 1022121020220000100202202228222022020010000220201212201
3907 1022121202200010000020222228222220200000100022021212201
3908 1022123022001000000002024228224202000000001002203212201
3909 1022141220100000000000204428244020000000000010221412201
3910 1022323210000000000000022448442200000000000000123232201
3911 1210000000000000000000000024200000000000000000000000121
3912 1210000000000242000000000036300000000002420000000000121
3913 1210000000002202200000001026201000000022022000000000121
3914 1210000000002444200000001258521000000024442000000000121
3915 1210000000022000220000100026200010000220002200000000121
3916 1210000000022242220000102238322010000222422200000000121
3917 1210000000024202420000121048401210000242024200000000121
3918 1210000000220000022010000026200000102200000220000000121
3919 1210000000220242022010022038302200102202420220000000121
3920 1210000000222202222010201228221020102222022220000000121
3921 1210000000242000242012100048400012102420002420000000121
3922 1210000002200000003200000026200000023000000022000000121
3923 1210000002200242003200220038300220023002420022000000121
3924 1210000002202202203202003028203002023022022022000000121
3925 1210000002222000223220100228220010223220002222000000121
3926 1210000002420000025410000048400000145200000242000000121
3927 1210000022000000100220000026200000220010000002200000121
3928 1210000022000242100222200038300022220012420002200000121
3929 1210000022002202300240021028201200420032022002200000121
3930 1210000022022000320420102028202010240230002202200000121
3931 1210000022220000124230000228220000324210000222200000121
3932 1210000024200000123420000048400000243210000024200000121
3933 1210000220000010000022000026200002200000100000220000121
3934 1210000220000252000044000038300004400002520000220000121
3935 1210000220002212200222201028201022220022122000220000121
3936 1210000220022010222022120028200212202220102200220000121
3937 1210000220220010042032002028202002302400100220220000121
3938 1210000222200010203222000228220002223020100022220000121
3939 1210000242000012100242000048400002420012100002420000121
3940 1210002200001000000002200026200022000000001000022000121
3941 1210002200001242000222200038300022220002421000022000121
3942 1210002200003202202004201028201024002022023000022000121
3943 1210002200023000240002500028200052000420003200022000121
3944 1210002200221000222012220028200222102220001220022000121
3945 1210002202201002003202202028202022023002001022022000121
3946 1210002222001020100222200228220022220010201002222000121
3947 1210002420001210000024200048400024200000121000242000121
3948 1210022000100000000000220026200220000000000010002200121
3949 1210022000100242002200220038300220022002420010002200121
3950 1210022000102202220020221028201220200222022010002200121
3951 1210022000122000420002320028200232000240002210002200121
3952 1210022000320002022010420028200240102202000230002200121
3953 1210022002300020003200240028200420023000200032002200121
3954 1210022022100200100220222028202220220010020012202200121
3955 1210022220102010000022220228220222200000102010222200121
3956 1210024200121000000002420048400242000000001210024200121
3957 1210220010000000000000022026202200000000000000100220121
3958 1210220010000242022000022038302200002202420000100220121
3959 1210220010002202400200023028203200020042022000100220121
3960 1210220010022002220020122028202210200222002200100220121
3961 1210220010220020022012022028202202102200200220100220121
3962 1210220012200200003200222028202220023000020022100220121
3963 1210220032002000100220042028202400220010002002300220121
3964 1210220230020010000022024028204202200000100200320220121
3965 1210222210201000000002222228222222000000001020122220121
3966 1210242012100000000000242048402420000000000012102420121
3967 1212201000000000000000002226222000000000000000001022121
3968 1212201000000242220000002238322000000222420000001022121
3969 1212201000002204202000003228223000002024022000001022121
3970 1212201000022020220200102228222010020220202200001022121
3971 1212201000220200022030002228222000302200020220001022121
3972 1212201002202000003202002228222002023000002022001022121
3973 1212201022020000100220202228222020220010000202201022121
3974 1212201220200010000022022228222202200000100020221022121
3975 1212203202001000000002204228224022000000001002023022121
3976 1212223020100000000000222428242220000000000010203222121
3977 1212421210000000000000024248424200000000000000121242121
3978 1218520941783723816716782817182876176183273871490258121
3979 1232100000000000000000000246420000000000000000000012321
3980 1232100000000244200000000258520000000024420000000012321
3981 1232100000002222220000001248421000000222222000000012321
3982 1232100000022200222000100248420010002220022200000012321
3983 1232100000222000022210000248420000122200002220000012321
3984 1232100002220000003220000248420000223000000222000012321
3985 1232100022200000100222000248420002220010000022200012321
3986 1232100222000010000022200248420022200000100002220012321
3987 1232102220001000000002220248420222000000001000222012321
3988 1232122200100000000000222248422220000000000010022212321
3989 1232322010000000000000022448442200000000000000102232321
3990 1234321000000000000000002468642000000000000000001234321
3991 1461674272424190432753231165611323572340914242724761641
3992 1886536671850530641991373196913731991460350581766356881
3993 4000000000000000000000000008000000000000000000000000004
3994 6705705531631423370133506726276053310733241361355075076
3995 100000000000000000000000000020000000000000000000000000001
3996 100000000000002000000000000030000000000000200000000000001
3997 100000000000004000000000000060000000000000400000000000001
3998 100000000000020200000000001040100000000002020000000000001
3999 100000000000022200000000001252100000000002220000000000001
4000 100000000000024200000000001484100000000002420000000000001
4001 100000000000200020000000100040001000000020002000000000001
4002 100000000000202020000000102050201000000020202000000000001
4003 100000000000204020000000104080401000000020402000000000001
4004 100000000000220220000000121262121000000022022000000000001
4005 100000000000222220000000123474321000000022222000000000001
4006 100000000002000002000010000040000010000200000200000000001
4007 100000000002002002000010020050020010000200200200000000001
4008 100000000002004002000010040080040010000200400200000000001
4009 100000000002020202000010203060302010000202020200000000001
4010 100000000002022202000010223272322010000202220200000000001
4011 100000000002200022000012100262001210000220002200000000001
4012 100000000002202022000012122272221210000220202200000000001
4013 100000000002220222000012323484323210000222022200000000001
4014 100000000002222222000012345696543210000222222200000000001
4015 100000000020000000201000000040000000102000000020000000001
4016 100000000020002000201000200050002000102000200020000000001
4017 100000000020004000201000400080004000102000400020000000001
4018 100000000020020200201002021060120200102002020020000000001
4019 100000000020022200201002221272122200102002220020000000001
4020 100000000020200020201020102060201020102020002020000000001
4021 100000000020202020201020304070403020102020202020000000001
4022 100000000020220220201022143282341220102022022020000000001
4023 100000000020222220201022345494543220102022222020000000001
4024 100000000022000002201210000262000012102200000220000000001
4025 100000000022002002201210220272022012102200200220000000001
4026 100000000022020202201212223282322212102202020220000000001
4027 100000000022022202201212443494344212102202220220000000001
4028 100000000022200022201232102484201232102220002220000000001
4029 100000000022202022201232324494423232102220202220000000001
4030 100000000200000000120000000040000000021000000002000000001
4031 100000000200002000120002000050000200021000200002000000001
4032 100000000200004000120004000080000400021000400002000000001
4033 100000000200020200120020201060102020021002020002000000001
4034 100000000200022200120022201272102220021002220002000000001
4035 100000000200200020120200120060021002021020002002000000001
4036 100000000200202020120202122070221202021020202002000000001
4037 100000000200220220120220341282143022021022022002000000001
4038 100000000200222220120222343494343222021022222002000000001
4039 100000000202000002122010002060200010221200000202000000001
4040 100000000202002002122012022070220210221200200202000000001
4041 100000000202020202122030405080504030221202020202000000001
4042 100000000202022202122032425292524230221202220202000000001
4043 100000000202200022122212122282221212221220002202000000001
4044 100000000202202022122214144292441412221220202202000000001
4045 100000000220000000341000000262000000143000000022000000001
4046 100000000220002000341002200272002200143000200022000000001
4047 100000000220020200341022221282122220143002020022000000001
4048 100000000220022200341024421494124420143002220022000000001
4049 100000000220200020341220122282221022143020002022000000001
4050 100000000220202020341222324292423222143020202022000000001
4051 100000000222000002343210002484200012343200000222000000001
4052 100000000222002002343212222494222212343200200222000000001
4053 100000002000000010002000000040000000200010000000200000001
4054 100000002000002010002020000050000020200010200000200000001
4055 100000002000004010002040000080000040200010400000200000001
4056 100000002000020210002202001060100202200012020000200000001
4057 100000002000022210002222001272100222200012220000200000001
4058 100000002000200030004000300060003000400030002000200000001
4059 100000002000202030004020302070203020400030202000200000001
4060 100000002000220230004202321282123202400032022000200000001
4061 100000002000222230004222323494323222400032222000200000001
4062 100000002002000012022010020060020010220210000200200000001
4063 100000002002002012022030040070040030220210200200200000001
4064 100000002002020212022212223080322212220212020200200000001
4065 100000002002022212022232243292342232220212220200200000001
4066 100000002002200032024012320282023210420230002200200000001
4067 100000002002202032024032342292243230420230202200200000001
4068 100000002020000010403000002060200000304010000020200000001
4069 100000002020002010403020202070202020304010200020200000001
4070 100000002020020210403204023080320402304012020020200000001
4071 100000002020022210403224223292322422304012220020200000001
4072 100000002020200030405020304080403020504030002020200000001
4073 100000002020202030405040506090605040504030202020200000001
4074 100000002022000012423210022282220012324210000220200000001
4075 100000002022002012423230242292242032324210200220200000001
4076 100000002200000012122000000262000000221210000002200000001
4077 100000002200002012122022000272000220221210200002200000001
4078 100000002200020212122222201282102222221212020002200000001
4079 100000002200022212122244201494102442221212220002200000001
4080 100000002200200032124200320282023002421230002002200000001
4081 100000002200202032124222322292223222421230202002200000001
4082 100000002202000014144010022282220010441410000202200000001
4083 100000002202002014144032042292240230441410200202200000001
4084 100000002220000012543000002484200000345210000022200000001
4085 100000002220002012543022202494202220345210200022200000001
4086 100000020000001000000200000040000002000000100000020000001
4087 100000020000003000000400000050000004000000300000020000001
4088 100000020000005000000600000080000006000000500000020000001
4089 100000020000021200002220001060100022200002120000020000001
4090 100000020000023200002420001272100024200002320000020000001
4091 100000020000201020020202100060001202020020102000020000001
4092 100000020000203020020402102070201204020020302000020000001
4093 100000020000221220022222121282121222220022122000020000001
4094 100000020000223220022422123494321224220022322000020000001
4095 100000020002001002200210200060002012002200100200020000001
4096 100000020002003002200410220070022014002200300200020000001
4097 100000020002021202202230403080304032202202120200020000001
4098 100000020002023202202430423292324034202202320200020000001
4099 100000020002201022220214300282003412022220102200020000001
4100 100000020002203022220414322292223414022220302200020000001
4101 100000020020001002201200020060020002102200100020020000001
4102 100000020020003002201400220070022004102200300020020000001
4103 100000020020021202203222041080140222302202120020020000001
4104 100000020020023202203422241292142224302202320020020000001
4105 100000020020201022221222122080221222122220102020020000001
4106 100000020020203022221422324090423224122220302020020000001
4107 100000020022001004401410220282022014104400100220020000001
4108 100000020022003004401610440292044016104400300220020000001
4109 100000020200001020120200002060200002021020100002020000001
4110 100000020200003020120402002070200204021020300002020000001
4111 100000020200021220122240203080302042221022120002020000001
4112 100000020200023220122442203292302244221022320002020000001
4113 100000020200201040140402122080221204041040102002020000001
4114 100000020200203040140604124090421406041040302002020000001
4115 100000020202001022322210204080402012223220100202020000001
4116 100000020202003022322412224090422214223220300202020000001
4117 100000020220001022341200022282220002143220100022020000001
4118 100000020220003022341402222292222204143220300022020000001
4119 100000022000001210002200000262000002200012100000220000001
4120 100000022000003210002420000272000024200012300000220000001
4121 100000022000021410004422001282100224400014120000220000001
4122 100000022000023410004642001494100246400014320000220000001
4123 100000022000201230024202300282003202420032102000220000001
4124 100000022000203230024422302292203224420032302000220000001
4125 100000022002001212222210220282022012222212100200220000001
4126 100000022002003212222430240292042034222212300200220000001
4127 100000022020001212403200022282220002304212100020220000001
4128 100000022020003212403420222292222024304212300020220000001
4129 100000022200001232122200002484200002221232100002220000001
4130 100000022200003232122422002494200224221232300002220000001
4131 100000200000100000000020000040000020000000001000002000001
4132 100000200000102000002020000050000020200000201000002000001
4133 100000200000104000004020000080000020400000401000002000001
4134 100000200000120200020220001060100022020002021000002000001
4135 100000200000122200022220001272100022220002221000002000001
4136 100000200000300020200040100060001040002020003000002000001
4137 100000200000302020202040102070201040202020203000002000001
4138 100000200000320220220240121282121042022022023000002000001
4139 100000200000322220222240123494321042222022223000002000001
4140 100000200002100004000032000060000230000400001200002000001
4141 100000200002102004002032020070020230200400201200002000001
4142 100000200002120204020232203080302232020402021200002000001
4143 100000200002122204022232223292322232220402221200002000001
4144 100000200002300024200054100282001450002420003200002000001
4145 100000200002302024202054122292221450202420203200002000001
4146 100000200020100020201020200060002020102020001020002000001
4147 100000200020102020203020400070004020302020201020002000001
4148 100000200020120220221222221080122222122022021020002000001
4149 100000200020122220223222421292124222322022221020002000001
4150 100000200020300040401060302080203060104040003020002000001
4151 100000200020302040403060504090405060304040203020002000001
4152 100000200022100024201232200282002232102420001220002000001
4153 100000200022102024203232420292024232302420201220002000001
4154 100000200200100200120020020060020020021002001002002000001
4155 100000200200102200122022020070020220221002201002002000001
4156 100000200200120400140240221080122042041004021002002000001
4157 100000200200122400142242221292122242241004221002002000001
4158 100000200200300220320240140080041042023022003002002000001
4159 100000200200302220322242142090241242223022203002002000001
4160 100000200202100204122032022080220230221402001202002000001
4161 100000200202102204124034042090240430421402201202002000001
4162 100000200220100220341020220282022020143022001022002000001
4163 100000200220102220343022420292024220343022201022002000001
4164 100000202000100010000000002070200000000010001000202000001
4165 100000202000102010002020002060200020200010201000202000001
4166 100000202000104010004040002070200040400010401000202000001
4167 100000202000122210022422003080300224220012221000202000001
4168 100000202000124210024442003292300244420012421000202000001
4169 100000202000300030202020300090003020202030003000202000001
4170 100000202000302030204040302080203040402030203000202000001
4171 100000202000304030206060304090403060602030403000202000001
4172 100000202002100014020012002090200210020410001200202000001
4173 100000202002102014022032022080220230220410201200202000001
4174 100000202002104014024052042090240250420410401200202000001
4175 100000202020100030401000004090400000104030001020202000001
4176 100000202020102030403020204080402020304030201020202000001
4177 100000202020104030405040404090404040504030401020202000001
4178 100000202200102212122020022282220020221212201002202000001
4179 100000202200104212124042022292220240421212401002202000001
4180 100000220000121000000220000262000022000000121000022000001
4181 100000220000123000002420000272000024200000321000022000001
4182 100000220000141200022440001282100044220002141000022000001
4183 100000220000143200024640001494100046420002341000022000001
4184 100000220000321020220242100282001242022020123000022000001
4185 100000220000323020222442102292201244222020323000022000001
4186 100000220002121004200232200282002232002400121200022000001
4187 100000220002123004202432220292022234202400321200022000001
4188 100000220020121022201220220282022022102220121020022000001
4189 100000220020123022203420420292024024302220321020022000001
4190 100000220200121220120220022282220022021022121002022000001
4191 100000220200123220122422022292220224221022321002022000001
4192 100000222000121210000000002494200000000012121000222000001
4193 100000222000123210002220002484200022200012321000222000001
4194 100000222000125210004440002494200044400012521000222000001
4195 100002000010000000000002000040000200000000000010000200001
4196 100002000010002000020002000050000200020000200010000200001
4197 100002000010004000040002000080000200040000400010000200001
4198 100002000010020200202002001060100200202002020010000200001
4199 100002000010022200222002001272100200222002220010000200001
4200 100002000010200022000202100060001202000220002010000200001
4201 100002000010202022020202102070201202020220202010000200001
4202 100002000010220222202202121282121202202222022010000200001
4203 100002000010222222222202123494321202222222222010000200001
4204 100002000012000022000032000060000230000220000210000200001
4205 100002000012002022020032020070020230020220200210000200001
4206 100002000012020222202032203080302230202222020210000200001
4207 100002000012022222222032223292322230222222220210000200001
4208 100002000012200044000234100282001432000440002210000200001
4209 100002000012202044020234122292221432020440202210000200001
4210 100002000030000200201004000060000400102002000030000200001
4211 100002000030002200221004200070002400122002200030000200001
4212 100002000030020400403006021080120600304004020030000200001
4213 100002000030022400423006221292122600324004220030000200001
4214 100002000030200222201224102080201422102222002030000200001
4215 100002000030202222221224304090403422122222202030000200001
4216 100002000032000222201234000282000432102222000230000200001
4217 100002000032002222221234220292022432122222200230000200001
4218 100002000210000000100000200070002000001000000012000200001
4219 100002000210002000120002200060002200021000200012000200001
4220 100002000210004000140004200070002400041000400012000200001
4221 100002000210022200322022401080104220223002220012000200001
4222 100002000210024200342024401292104420243002420012000200001
4223 100002000210202022120402320080023204021220202012000200001
4224 100002000210204022140404322090223404041220402012000200001
4225 100002000212002022122032202080202230221220200212000200001
4226 100002000212004022142034222090222430241220400212000200001
4227 100002000230000200321002000292000200123002000032000200001
4228 100002000230002200341004200282002400143002200032000200001
4229 100002000230004200361006400292004600163002400032000200001
4230 100002002010020010002002020060020200200010020010200200001
4231 100002002010022010022022020070020220220010220010200200001
4232 100002002010040210204204021080120402402012040010200200001
4233 100002002010042210224224021292120422422012240010200200001
4234 100002002010220032004202320080023202400230022010200200001
4235 100002002010222032024222322090223222420230222010200200001
4236 100002002012020032022032040080040230220230020210200200001
4237 100002002012022032042052060090060250240230220210200200001
4238 100002002030020210403004022080220400304012020030200200001
4239 100002002030022210423024222090222420324012220030200200001
4240 100002002210022012122002220282022200221210220012200200001
4241 100002002210024012142024220292022420241210420012200200001
4242 100002020010201000000202002060200202000000102010020200001
4243 100002020010203000020402002070200204020000302010020200001
4244 100002020010221200204222003080300222402002122010020200001
4245 100002020010223200224422003292300224422002322010020200001
4246 100002020010401022020404102080201404020220104010020200001
4247 100002020010403022040604104090401406040220304010020200001
4248 100002020012201022200232202080202232002220102210020200001
4249 100002020012203022220432222090222234022220302210020200001
4250 100002020030201202201204022080220402102202102030020200001
4251 100002020030203202221404222090222404122202302030020200001
4252 100002020210201020100000204090402000001020102012020200001
4253 100002020210203020120202204080402202021020302012020200001
4254 100002020210205020140404204090402404041020502012020200001
4255 100002022010221210002202022282220202200012122010220200001
4256 100002022010223210022422022292220224220012322010220200001
4257 100002200012100000000022000262000220000000001210002200001
4258 100002200012102000022022000272000220220000201210002200001
4259 100002200012120200222222001282100222222002021210002200001
4260 100002200012122200244222001494100222442002221210002200001
4261 100002200012300022200242100282001242002220003210002200001
4262 100002200012302022222242102292201242222220203210002200001
4263 100002200014100024000054000282000450000420001410002200001
4264 100002200014102024022054020292020450220420201410002200001
4265 100002200032100220201024200282002420102022001230002200001
4266 100002200032102220223024400292004420322022201230002200001
4267 100002200212102200120022220282022220021002201212002200001
4268 100002200212104200142024220292022420241002401212002200001
4269 100002202012122010002022022282220220200010221210202200001
4270 100002202012124010024042022292220240420010421210202200001
4271 100002220012321000000222002484200222000000123210022200001
4272 100002220012323000022422002494200224220000323210022200001
4273 100020001000000000000000200040002000000000000000100020001
4274 100020001000002000200000200050002000002000200000100020001
4275 100020001000004000400000200080002000004000400000100020001
4276 100020001000020202020000201060102000020202020000100020001
4277 100020001000022202220000201272102000022202220000100020001
4278 100020001000200040002000300060003000200040002000100020001
4279 100020001000202040202000302070203000202040202000100020001
4280 100020001000220242022000321282123000220242022000100020001
4281 100020001000222242222000323494323000222242222000100020001
4282 100020001002000202000210200060002012000202000200100020001
4283 100020001002002202200210220070022012002202200200100020001
4284 100020001002020404020210403080304012020404020200100020001
4285 100020001002022404220210423292324012022404220200100020001
4286 100020001002200242002212300282003212200242002200100020001
4287 100020001002202242202212322292223212202242202200100020001
4288 100020001020000000001020000070000020100000000020100020001
4289 100020001020002000201020200060002020102000200020100020001
4290 100020001020004000401020400070004020104000400020100020001
4291 100020001020022202221022221080122220122202220020100020001
4292 100020001020024202421022421292124220124202420020100020001
4293 100020001020200040003040100090001040300040002020100020001
4294 100020001020202040203040302080203040302040202020100020001
4295 100020001020204040403040504090405040304040402020100020001
4296 100020001022002202201430200282002034102202200220100020001
4297 100020001022004202401430420292024034104202400220100020001
4298 100020001200020000120002200060002200021000020002100020001
4299 100020001200022000320004200070002400023000220002100020001
4300 100020001200040202140022401080104220041202040002100020001
4301 100020001200042202340024401292104420043202240002100020001
4302 100020001200220040122202320080023202221040022002100020001
4303 100020001200222040322204322090223402223040222002100020001
4304 100020001202020202122212202080202212221202020202100020001
4305 100020001202022202322214222090222412223202220202100020001
4306 100020001220020000141020000292000020141000020022100020001
4307 100020001220022000341022200282002220143000220022100020001
4308 100020001220024000541024400292004420145000420022100020001
4309 100020003000200010002000400060004000200010002000300020001
4310 100020003000202010202020400070004020202010202000300020001
4311 100020003000220212022202401080104202220212022000300020001
4312 100020003000222212222222401292104222222212222000300020001
4313 100020003000400050006000700080007000600050004000300020001
4314 100020003000402050206020702090207020602050204000300020001
4315 100020003002200212022210420080024012220212002200300020001
4316 100020003002202212222230440090044032222212202200300020001
4317 100020003020200010203000202090202000302010002020300020001
4318 100020003020202010403020402080204020304010202020300020001
4319 100020003020204010603040602090206040306010402020300020001
4320 100020003200220012122002400282004200221210022002300020001
4321 100020003200222012322024400292004420223210222002300020001
4322 100020021002001000000200220060022002000000100200120020001
4323 100020021002003000200400220070022004002000300200120020001
4324 100020021002021202022220221080122022220202120200120020001
4325 100020021002023202222420221292122024222202320200120020001
4326 100020021002201040022202320080023202220040102200120020001
4327 100020021002203040222402322090223204222040302200120020001
4328 100020021004001202200410420080024014002202100400120020001
4329 100020021004003202400610440090044016004202300400120020001
4330 100020021022001002001020040090040020100200100220120020001
4331 100020021022003002201220240080042022102200300220120020001
4332 100020021022005002401420440090044024104200500220120020001
4333 100020021202021020120202222080222202021020120202120020001
4334 100020021202023020320404222090222404023020320202120020001
4335 100020023002201210002200420282024002200012102200320020001
4336 100020023002203210202420420292024024202012302200320020001
4337 100020201020100000000020202060202020000000001020102020001
4338 100020201020102000202020202070202020202000201020102020001
4339 100020201020120202040220203080302022040202021020102020001
4340 100020201020122202242220203292302022242202221020102020001
4341 100020201020300040202040302080203040202040003020102020001
4342 100020201020302040404040304090403040404040203020102020001
4343 100020201022100204000232202080202232000402001220102020001
4344 100020201022102204202232222090222232202402201220102020001
4345 100020201040102020201040402080204040102020201040102020001
4346 100020201040104020403040602090206040304020401040102020001
4347 100020201220120200120022222080222220021002021022102020001
4348 100020201220122200322024222090222420223002221022102020001
4349 100020203020302010002020404080404020200010203020302020001
4350 100020203020304010204040404090404040402010403020302020001
4351 100020221022121000000220222282222022000000121220122020001
4352 100020221022123000202420222292222024202000321220122020001
4353 100022001210000000000002200262002200000000000012100220001
4354 100022001210002000220002200272002200022000200012100220001
4355 100022001210020202222002201282102200222202020012100220001
4356 100022001210022202442002201494102200244202220012100220001
4357 100022001210200042002202300282003202200240002012100220001
4358 100022001210202042222202302292203202222240202012100220001
4359 100022001212000222000232200282002232000222000212100220001
4360 100022001212002222220232220292022232022222200212100220001
4361 100022001230002200201024200282002420102002200032100220001
4362 100022001230004200421024400292004420124002400032100220001
4363 100022001410022000120004400282004400021000220014100220001
4364 100022001410024000340006400292004600043000420014100220001
4365 100022003210220010002002420282024200200010022012300220001
4366 100022003210222010222022420292024220222010222012300220001
4367 100022021212201000000202222282222202000000102212120220001
4368 100022021212203000220402222292222204022000302212120220001
4369 100022201232100000000022202484202220000000001232102220001
4370 100022201232102000222022202494202220222000201232102220001
4371 100200100000000000000000020040020000000000000000001002001
4372 100200100000002002000000020050020000000200200000001002001
4373 100200100000004004000000020080020000000400400000001002001
4374 100200100000020220200000021060120000002022020000001002001
4375 100200100000022222200000021272120000002222220000001002001
4376 100200100000200220020000120060021000020022002000001002001
4377 100200100000202222020000122070221000020222202000001002001
4378 100200100000220440220000141282141000022044022000001002001
4379 100200100000222442220000143494341000022244222000001002001
4380 100200100002000000002010000070000010200000000200001002001
4381 100200100002002002002010020060020010200200200200001002001
4382 100200100002004004002010040070040010200400400200001002001
4383 100200100002022222202010223080322010202222220200001002001
4384 100200100002024224202010243292342010202422420200001002001
4385 100200100002202222022012120282021210220222202200001002001
4386 100200100002204224022012142292241210220422402200001002001
4387 100200100020020000201200020060020002102000020020001002001
4388 100200100020022002201200220070022002102200220020001002001
4389 100200100020040220401202041080140202104022040020001002001
4390 100200100020042222401202241292142202104222240020001002001
4391 100200100020220220221220122080221022122022022020001002001
4392 100200100020222222221220324090423022122222222020001002001
4393 100200100022022002203410020282020014302200220220001002001
4394 100200100022024004203410240292042014302400420220001002001
4395 100200100200200000120020020060020020021000002002001002001
4396 100200100200202002120022020070020220021200202002001002001
4397 100200100200220220320040221080122040023022022002001002001
4398 100200100200222222320042221292122240023222222002001002001
4399 100200100200400220140220140080041022041022004002001002001
4400 100200100200402222140222142090241222041222204002001002001
4401 100200100202202002124030022080220030421200202202001002001
4402 100200100202204004124032042090240230421400402202001002001
4403 100200100220220000341220020282020022143000022022001002001
4404 100200100220222002341222220292022222143200222022001002001
4405 100200102002000010002002020060020200200010000200201002001
4406 100200102002002012002022020070020220200210200200201002001
4407 100200102002020230202204021080120402202032020200201002001
4408 100200102002022232202224021292120422202232220200201002001
4409 100200102002200230024002320080023200420032002200201002001
4410 100200102002202232024022322090223220420232202200201002001
4411 100200102004002012024012040080040210420210200400201002001
4412 100200102004004014024032060090060230420410400400201002001
4413 100200102022020010403202022080220202304010020220201002001
4414 100200102022022012403222222090222222304210220220201002001
4415 100200102202200012122022020282020220221210002202201002001
4416 100200102202202014122044020292020440221410202202201002001
4417 100200120020001000000200220060022002000000100020021002001
4418 100200120020003002000400220070022004000200300020021002001
4419 100200120020021220202220221080122022202022120020021002001
4420 100200120020023222202420221292122024202222320020021002001
4421 100200120020201220040202320080023202040022102020021002001
4422 100200120020203222040402322090223204040222302020021002001
4423 100200120022001000202010400090004010202000100220021002001
4424 100200120022003002202210420080024012202200300220021002001
4425 100200120022005004202410440090044014202400500220021002001
4426 100200120040021002201400240080042004102200120040021002001
4427 100200120040023004201600440090044006102400320040021002001
4428 100200120220201020120220222080222022021020102022021002001
4429 100200120220203022120422222090222224021220302022021002001
4430 100200122022001210002202220282022202200012100220221002001
4431 100200122022003212002422220292022224200212300220221002001
4432 100200300200100000000020040060040020000000001002003002001
4433 100200300200102002002020040070040020200200201002003002001
4434 100200300200120220220220041080140022022022021002003002001
4435 100200300200122222222220041292140022222222221002003002001
4436 100200300200300220220040140080041040022022003002003002001
4437 100200300200302222222040142090241040222222203002003002001
4438 100200300202100002000032020090020230000200001202003002001
4439 100200300202102004002032040080040230200400201202003002001
4440 100200300202104006004032060090060230400600401202003002001
4441 100200300220120020201220240080042022102020021022003002001
4442 100200300220122022203220440090044022302220221022003002001
4443 100200300400300200120040060080060040021002003004003002001
4444 100200300400302202122042060090060240221202203004003002001
4445 100200302202102010002022042080240220200010201202203002001
4446 100200302202104012004042042090240240400210401202203002001
4447 100200320220121000000220240282042022000000121022023002001
4448 100200320220123002002420240292042024200200321022023002001
4449 100202102010000000000002022060220200000000000010201202001
4450 100202102010002002020002022070220200020200200010201202001
4451 100202102010020220402002023080320200204022020010201202001
4452 100202102010022222422002023292320200224222220010201202001
4453 100202102010200222020202122080221202020222002010201202001
4454 100202102010202224040202124090421202040422202010201202001
4455 100202102012002022002032022080220230200220200210201202001
4456 100202102012004024022032042090240230220420400210201202001
4457 100202102030020200201204022080220402102002020030201202001
4458 100202102030022202221204222090222402122202220030201202001
4459 100202102210202000120022222080222220021000202012201202001
4460 100202102210204002140024222090222420041200402012201202001
4461 100202104012020010002004042080240400200010020210401202001
4462 100202104012022012022024042090240420220210220210401202001
4463 100202122030201000000202224080422202000000102030221202001
4464 100202122030203002020402224090422204020200302030221202001
4465 100202302212100000000022042282240220000000001212203202001
4466 100202302212102002022022042292240220220200201212203202001
4467 100220121000000000000000220262022000000000000000121022001
4468 100220121000002002200000220272022000002200200000121022001
4469 100220121000020222220000221282122000022222020000121022001
4470 100220121000022224420000221494122000024422220000121022001
4471 100220121000200240022000320282023000220042002000121022001
4472 100220121000202242222000322292223000222242202000121022001
4473 100220121002002202002210220282022012200202200200121022001
4474 100220121002004204202210240292042012202402400200121022001
4475 100220121020022000201220220282022022102000220020121022001
4476 100220121020024002401220420292024022104200420020121022001
4477 100220121200220000120022220282022220021000022002121022001
4478 100220121200222002320024220292022420023200222002121022001
4479 100220123002200010002002420282024200200010002200321022001
4480 100220123002202012202022420292024220202210202200321022001
4481 100220141022001000000200440282044002000000100220141022001
4482 100220141022003002200400440292044004002200300220141022001
4483 100220321220100000000020242282242020000000001022123022001
4484 100220321220102002202020242292242020202200201022123022001
4485 100222123210000000000002222484222200000000000012321222001
4486 100222123210002002220002222494222200022200200012321222001
4487 102010000000000000000000002040200000000000000000000010201
4488 102010000000002020000000002050200000000020200000000010201
4489 102010000000004040000000002080200000000040400000000010201
4490 102010000000020402000000003060300000000204020000000010201
4491 102010000000022422000000003272300000000224220000000010201
4492 102010000000200000200000100070001000002000002000000010201
4493 102010000000202020200000102060201000002020202000000010201
4494 102010000000204040200000104070401000002040402000000010201
4495 102010000000220402200000121090121000002204022000000010201
4496 102010000000222422200000123282321000002224222000000010201
4497 102010000000224442200000125494521000002244422000000010201
4498 102010000002020002020010002060200010020200020200000010201
4499 102010000002022022020010022070220010020220220200000010201
4500 102010000002040404020010205080502010020404040200000010201
4501 102010000002042424020010225292522010020424240200000010201
4502 102010000002222022220012102282201210022220222200000010201
4503 102010000002224042220012124292421210022240422200000010201
4504 102010000020200000203000002060200000302000002020000010201
4505 102010000020202020203000202070202000302020202020000010201
4506 102010000020220402203002023080320200302204022020000010201
4507 102010000020222422203002223292322200302224222020000010201
4508 102010000020402020403020104080401020304020204020000010201
4509 102010000020404040403020306090603020304040404020000010201
4510 102010000022220002223210002282200012322200022220000010201
4511 102010000022222022223210222292222012322220222220000010201
4512 102010000202000000120200002060200002021000000202000010201
4513 102010000202002020120202002070200202021020200202000010201
4514 102010000202020402120220203080302022021204020202000010201
4515 102010000202022422120222203292302222021224220202000010201
4516 102010000202202020320400122080221004023020202202000010201
4517 102010000202204040320402124090421204023040402202000010201
4518 102010000204020002142210004080400012241200020402000010201
4519 102010000204022022142212024090420212241220220402000010201
4520 102010000222200000343200002282200002343000002222000010201
4521 102010000222202020343202202292202202343020202222000010201
4522 102010002020000010002020002060200020200010000020200010201
4523 102010002020002030002040002070200040200030200020200010201
4524 102010002020020412002222003080300222200214020020200010201
4525 102010002020022432002242003292300242200234220020200010201
4526 102010002020200010204000300090003000402010002020200010201
4527 102010002020202030204020302080203020402030202020200010201
4528 102010002020204050204040304090403040402050402020200010201
4529 102010002022020012042030022080220030240210020220200010201
4530 102010002022022032042050042090240050240230220220200010201
4531 102010002040200010405020004080400020504010002040200010201
4532 102010002040202030405040204090402040504030202040200010201
4533 102010002222000012122220002282200022221210000222200010201
4534 102010002222002032122242002292200242221230200222200010201
4535 102010020200001000000202002060200202000000100002020010201
4536 102010020200003020000402002070200204000020300002020010201
4537 102010020200021402002222003080300222200204120002020010201
4538 102010020200023422002422003292300224200224320002020010201
4539 102010020200201000220004100090001400022000102002020010201
4540 102010020200203020220204102080201402022020302002020010201
4541 102010020200205040220404104090401404022040502002020010201
4542 102010020202021002220212202080202212022200120202020010201
4543 102010020202023022220412222090222214022220320202020010201
4544 102010020220201002203202022080220202302200102022020010201
4545 102010020220203022203402222090222204302220302022020010201
4546 102010020402001020120402004080400204021020100204020010201
4547 102010020402003040120604004090400406021040300204020010201
4548 102010022220001210002222002282200222200012100022220010201
4549 102010022220003230002442002292200244200032300022220010201
4550 102010202000100000000020202060202020000000001000202010201
4551 102010202000102020002020202070202020200020201000202010201
4552 102010202000120402020220203080302022020204021000202010201
4553 102010202000122422022220203292302022220224221000202010201
4554 102010202000302020400040302080203040004020203000202010201
4555 102010202000304040402040304090403040204040403000202010201
4556 102010202002120004020032202080202230020400021200202010201
4557 102010202002122024022032222090222230220420221200202010201
4558 102010202020300020203020402080204020302020003020202010201
4559 102010202020302040205020602090206020502040203020202010201
4560 102010202202100200120220222080222022021002001202202010201
4561 102010202202102220122222222090222222221022201202202010201
4562 102010204020102010002040204080402040200010201020402010201
4563 102010204020104030004060204090402060400030401020402010201
4564 102010222200121000000222202282202222000000121002222010201
4565 102010222200123020002422202292202224200020321002222010201
4566 102012020010000000000002022060220200000000000010020210201
4567 102012020010002020020002022070220200020020200010020210201
4568 102012020010020402202002023080320200202204020010020210201
4569 102012020010022422222002023292320200222224220010020210201
4570 102012020010202022200202122080221202002220202010020210201
4571 102012020010204042220202124090421202022240402010020210201
4572 102012020012020022020032022080220230020220020210020210201
4573 102012020012022042040032042090240230040240220210020210201
4574 102012020030200200203004022080220400302002002030020210201
4575 102012020030202220223004222090222400322022202030020210201
4576 102012020212002000120202222080222202021000200212020210201
4577 102012020212004020140204222090222402041020400212020210201
4578 102012022030020010002022042080240220200010020030220210201
4579 102012022030022030022042042090240240220030220030220210201
4580 102012040210201000000204024080420402000000102012040210201
4581 102012040210203020020404024090420404020020302012040210201
4582 102012222012100000000022222282222220000000001210222210201
4583 102012222012102020022022222292222220220020201210222210201
4584 102030201000000000000000204060402000000000000000102030201
4585 102030201000002020200000204070402000002020200000102030201
4586 102030201000020404020000205080502000020404020000102030201
4587 102030201000022424220000205292502000022424220000102030201
4588 102030201000200020002000302090203000200020002000102030201
4589 102030201000202040202000304080403000202040202000102030201
4590 102030201000204060402000306090603000204060402000102030201
4591 102030201002020202020210204080402012020202020200102030201
4592 102030201002022222220210224090422012022222220200102030201
4593 102030201020202000203020204080402020302000202020102030201
4594 102030201020204020403020404090404020304020402020102030201
4595 102030201202020000120202204080402202021000020202102030201
4596 102030201202022020320204204090402402023020220202102030201
4597 102030203020200010002020404080404020200010002020302030201
4598 102030203020202030202040404090404040202030202020302030201
4599 102030221202001000000202224080422202000000100202122030201
4600 102030221202003020200402224090422204002020300202122030201
4601 102030403020100000000020406080604020000000001020304030201
4602 102030403020102020202020406090604020202020201020304030201
4603 102032221210000000000002224282422200000000000012122230201
4604 102032221210002020220002224292422200022020200012122230201
4605 102212100000000000000000022262220000000000000000001212201
4606 102212100000002022000000022272220000000220200000001212201
4607 102212100000020422200000023282320000002224020000001212201
4608 102212100000022444200000023494320000002444220000001212201
4609 102212100000202220220000122282221000022022202000001212201
4610 102212100000204242220000124292421000022242402000001212201
4611 102212100002022002022010022282220010220200220200001212201
4612 102212100002024024022010042292240010220420420200001212201
4613 102212100020220000203200022282220002302000022020001212201
4614 102212100020222022203200222292222002302220222020001212201
4615 102212100202200000120220022282220022021000002202001212201
4616 102212100202202022120222022292220222021220202202001212201
4617 102212102022000010002022022282220220200010000220201212201
4618 102212102022002032002042022292220240200230200220201212201
4619 102212120220001000000202222282222202000000100022021212201
4620 102212120220003022000402222292222204000220300022021212201
4621 102212302200100000000020242282242020000000001002203212201
4622 102212302200102022002020242292242020200220201002203212201
4623 102214122010000000000002044282440200000000000010221412201
4624 102214122010002022020002044292440200020220200010221412201
4625 102232321000000000000000224484422000000000000000123232201
4626 102232321000002022200000224494422000002220200000123232201
4627 121000000000000000000000000242000000000000000000000000121
4628 121000000000002200000000000252000000000002200000000000121
4629 121000000000004400000000000282000000000004400000000000121
4630 121000000000020020000000001070100000000020020000000000121
4631 121000000000022220000000001262100000000022220000000000121
4632 121000000000024420000000001474100000000024420000000000121
4633 121000000000220022000000100262001000000220022000000000121
4634 121000000000222222000000102272201000000222222000000000121
4635 121000000000242242000000121484121000000242242000000000121
4636 121000000000244442000000123696321000000244442000000000121
4637 121000000002200002200010000262000010002200002200000000121
4638 121000000002202202200010020272020010002202202200000000121
4639 121000000002222222200010203282302010002222222200000000121
4640 121000000002224422200010223494322010002224422200000000121
4641 121000000002420024200012100484001210002420024200000000121
4642 121000000002422224200012122494221210002422224200000000121
4643 121000000022000000221000000262000000122000000220000000121
4644 121000000022002200221000200272002000122002200220000000121
4645 121000000022022220221002021282120200122022220220000000121
4646 121000000022024420221002221494122200122024420220000000121
4647 121000000022220022221020102282201020122220022220000000121
4648 121000000022222222221020304292403020122222222220000000121
4649 121000000024200002421210000484000012124200002420000000121
4650 121000000024202202421210220494022012124202202420000000121
4651 121000000220000000122000000262000000221000000022000000121
4652 121000000220002200122002000272000200221002200022000000121
4653 121000000220022220122020201282102020221022220022000000121
4654 121000000220024420122022201494102220221024420022000000121
4655 121000000220220022122200120282021002221220022022000000121
4656 121000000220222222122202122292221202221222222022000000121
4657 121000000222200002324010002282200010423200002222000000121
4658 121000000222202202324012022292220210423202202222000000121
4659 121000000242000000363000000484000000363000000242000000121
4660 121000000242002200363002200494002200363002200242000000121
4661 121000002200000010002200000262000002200010000002200000121
4662 121000002200002210002220000272000022200012200002200000121
4663 121000002200022230002402001282100204200032220002200000121
4664 121000002200024430002422001494100224200034420002200000121
4665 121000002200220032004200300282003002400230022002200000121
4666 121000002200222232004220302292203022400232222002200000121
4667 121000002202200012222210020282020012222210002202200000121
4668 121000002202202212222230040292040032222212202202200000121
4669 121000002222000010423200002282200002324010000222200000121
4670 121000002222002210423220202292202022324012200222200000121
4671 121000002420000012124200000484000002421210000024200000121
4672 121000002420002212124222000494000222421212200024200000121
4673 121000022000001000000220000262000022000000100000220000121
4674 121000022000003200000420000272000024000002300000220000121
4675 121000022000021020002040001090100040200020120000220000121
4676 121000022000023220002240001282100042200022320000220000121
4677 121000022000025420002440001494100044200024520000220000121
4678 121000022000221022020222100282001222020220122000220000121
4679 121000022000223222020422102292201224020222322000220000121
4680 121000022002201002400230200282002032004200102200220000121
4681 121000022002203202400430220292022034004202302200220000121
4682 121000022022001002221220020282020022122200100220220000121
4683 121000022022003202221420220292022024122202300220220000121
4684 121000022220001020122220002282200022221020100022220000121
4685 121000022220003220122422002292200224221022300022220000121
4686 121000024200001210002420000484000024200012100002420000121
4687 121000024200003410002640000494000046200014300002420000121
4688 121000220000100000000022000262000220000000001000022000121
4689 121000220000102200002022000272000220200002201000022000121
4690 121000220000122220020222001282100222020022221000022000121
4691 121000220000124420022222001494100222220024421000022000121
4692 121000220000320022200042100282001240002220023000022000121
4693 121000220000322222202042102292201240202222223000022000121
4694 121000220002300004200034000282000430002400003200022000121
4695 121000220002302204202034020292020430202402203200022000121
4696 121000220022100020221022200282002220122020001220022000121
4697 121000220022102220223022400292004220322022201220022000121
4698 121000220220100200122022020282020220221002001022022000121
4699 121000220220102400124024020292020420421004201022022000121
4700 121000222200102010002222002282200222200010201002222000121
4701 121000222200104210004242002292200242400012401002222000121
4702 121000242000121000000242000484000242000000121000242000121
4703 121000242000123200002442000494000244200002321000242000121
4704 121002200010000000000002200262002200000000000010002200121
4705 121002200010002200020002200272002200020002200010002200121
4706 121002200010022220202002201282102200202022220010002200121
4707 121002200010024420222002201494102200222024420010002200121
4708 121002200010220024000202300282003202000420022010002200121
4709 121002200010222224020202302292203202020422222010002200121
4710 121002200012200022200032200282002230002220002210002200121
4711 121002200012202222220032220292022230022222202210002200121
4712 121002200032000200221004200282002400122002000230002200121
4713 121002200032002400241004400292004400142004200230002200121
4714 121002200230002000122002400282004200221000200032002200121
4715 121002200230004200142004400292004400241002400032002200121
4716 121002202210020010002202220282022202200010020012202200121
4717 121002202210022210022222220292022222220012220012202200121
4718 121002222010201000000222202282202222000000102010222200121
4719 121002222010203200020422202292202224020002302010222200121
4720 121002420012100000000024200484002420000000001210024200121
4721 121002420012102200022024200494002420220002201210024200121
4722 121022001000000000000000220262022000000000000000100220121
4723 121022001000002200200000220272022000002002200000100220121
4724 121022001000022222020000221282122000020222220000100220121
4725 121022001000024422220000221494122000022224420000100220121
4726 121022001000220042002000320282023000200240022000100220121
4727 121022001000222242202000322292223000202242222000100220121
4728 121022001002200202200210220282022012002202002200100220121
4729 121022001002202402400210240292042012004204202200100220121
4730 121022001022002000221020220282022020122000200220100220121
4731 121022001022004200421020420292024020124002400220100220121
4732 121022001220020000122002220282022200221000020022100220121
4733 121022001220022200322004220292022400223002220022100220121
4734 121022003200200010002200420282024002200010002002300220121
4735 121022003200202210202220420292024022202012202002300220121
4736 121022023002001000000220240282042022000000100200320220121
4737 121022023002003200200420240292042024002002300200320220121
4738 121022221020100000000022222282222220000000001020122220121
4739 121022221020102200202022222292222220202002201020122220121
4740 121024201210000000000002420484024200000000000012102420121
4741 121024201210002200220002420494024200022002200012102420121
4742 121220100000000000000000022262220000000000000000001022121
4743 121220100000002202000000022272220000000202200000001022121
4744 121220100000022240200000023282320000002042220000001022121
4745 121220100000024442200000023494320000002244420000001022121
4746 121220100000220222020000122282221000020222022000001022121
4747 121220100000222424020000124292421000020424222000001022121
4748 121220100002202002202010022282220010202200202200001022121
4749 121220100002204204202010042292240010202402402200001022121
4750 121220100022020000221200022282220002122000020220001022121
4751 121220100022022202221200222292222002122202220220001022121
4752 121220100220200000122020022282220020221000002022001022121
4753 121220100220202202122022022292220220221202202022001022121
4754 121220102202000010002202022282220202200010000202201022121
4755 121220102202002212002222022292220222200212200202201022121
4756 121220122020001000000220222282222022000000100020221022121
4757 121220122020003202000420222292222024000202300020221022121
4758 121220320200100000000022042282240220000000001002023022121
4759 121220320200102202002022042292240220200202201002023022121
4760 121222302010000000000002224282422200000000000010203222121
4761 121222302010002202020002224292422200020202200010203222121
4762 121242121000000000000000242484242000000000000000121242121
4763 121242121000002202200000242494242000002202200000121242121
4764 123210000000000000000000002464200000000000000000000012321
4765 123210000000002220000000002474200000000022200000000012321
4766 123210000000020202000000003292300000000202020000000012321
4767 123210000000022422000000003484300000000224220000000012321
4768 123210000000024642000000003696300000000246420000000012321
4769 123210000000222022200000102484201000002220222000000012321
4770 123210000000224242200000104494401000002242422000000012321
4771 123210000002220002220010002484200010022200022200000012321
4772 123210000002222222220010022494220010022222222200000012321
4773 123210000022200000223000002484200000322000002220000012321
4774 123210000022202220223000202494202000322022202220000012321
4775 123210000222000000122200002484200002221000000222000012321
4776 123210000222002220122202002494200202221022200222000012321
4777 123210002220000010002220002484200022200010000022200012321
4778 123210002220002230002240002494200042200032200022200012321
4779 123210022200001000000222002484200222000000100002220012321
4780 123210022200003220000422002494200224000022300002220012321
4781 123210222000100000000022202484202220000000001000222012321
4782 123210222000102220002022202494202220200022201000222012321
4783 123212220010000000000002222484222200000000000010022212321
4784 123212220010002220020002222494222200020022200010022212321
4785 123232201000000000000000224484422000000000000000102232321
4786 123232201000002220200000224494422000002022200000102232321
4787 123432100000000000000000024686420000000000000000001234321
4788 123432100000002222000000024696420000000222200000001234321
4789 125888139762516652901129855030558921109256615267931888521
4790 169604516054008678101490292111292094101876800450615406961
4791 400000000000000000000000000080000000000000000000000000004
4792 400000000000004000000000000090000000000000400000000000004
4793 4857761857619646789399615430880345169939876469167581677584
4794 10000000000000000000000000000200000000000000000000000000001
4795 10000000000000220000000000001410000000000002200000000000001
4796 10000000000002002000000000100400100000000020020000000000001
4797 10000000000002222000000000123632100000000022220000000000001
4798 10000000000020000200000010000400001000000200002000000000001
4799 10000000000020220200000010221612201000000202202000000000001
4800 10000000000022002200000012102620121000000220022000000000001
4801 10000000000022222200000012345854321000000222222000000000001
4802 10000000000200000020001000000400000010002000000200000000001
4803 10000000000200220020001002201610220010002002200200000000001
4804 10000000000202002020001020120602102010002020020200000000001
4805 10000000000202222020001022343834322010002022220200000000001
4806 10000000000220000220001210002620001210002200002200000000001
4807 10000000000220220220001212423832421210002202202200000000001
4808 10000000000222002220001232124842123210002220022200000000001
4809 10000000002000000002100000000400000000120000000020000000001
4810 10000000002000220002100022001610022000120002200020000000001
4811 10000000002002002002100200300600300200120020020020000000001
4812 10000000002002222002100222323832322200120022220020000000001
4813 10000000002020000202102010020602001020120200002020000000001
4814 10000000002020220202102032241814223020120202202020000000001
4815 10000000002022002202102212322822321220120220022020000000001
4816 10000000002200000022121000002620000012122000000220000000001
4817 10000000002200220022121024203830242012122002200220000000001
4818 10000000002202002022121220322822302212122020020220000000001
4819 10000000002220000222123210024842001232122200002220000000001
4820 10000000020000000010200000000400000000201000000002000000001
4821 10000000020000220010200220001610002200201002200002000000001
4822 10000000020002002010202002100600120020201020020002000000001
4823 10000000020002222010202222123832122220201022220002000000001
4824 10000000020020000210220010200600201002201200002002000000001
4825 10000000020020220210220230421812403202201202202002000000001
4826 10000000020022002210222014302820341022201220022002000000001
4827 10000000020200000030401000020602000010403000000202000000001
4828 10000000020200220030401222221812222210403002200202000000001
4829 10000000020202002030403022140804122030403020020202000000001
4830 10000000020220000230421210222822201212403200002202000000001
4831 10000000022000000014300000002620000000341000000022000000001
4832 10000000022000220014300242003830024200341002200022000000001
4833 10000000022002002014302202302820320220341020020022000000001
4834 10000000022020000214322010222822201022341200002022000000001
4835 10000000022200000034521000024842000012543000000222000000001
4836 10000000200000001000020000000400000002000010000000200000001
4837 10000000200000221000022200001610000222000012200000200000001
4838 10000000200002003000040020100600102004000030020000200000001
4839 10000000200002223000042220123832102224000032220000200000001
4840 10000000200020001200220012000600021002200210002000200000001
4841 10000000200020221200222212221812221222200212202000200000001
4842 10000000200022003200240034102820143004200230022000200000001
4843 10000000200200001022021000200600200012022010000200200000001
4844 10000000200200221022023202401810420232022012200200200000001
4845 10000000200202003022041040320802304014022030020200200000001
4846 10000000200220001222221212202820221212222210002200200000001
4847 10000000202000001022120000020602000002122010000020200000001
4848 10000000202000221022122222021812022222122012200020200000001
4849 10000000202002003022140220320802302204122030020020200000001
4850 10000000202020001222322012040804021022322210002020200000001
4851 10000000202200001044141000222822200014144010000220200000001
4852 10000000220000001210220000002620000002201210000002200000001
4853 10000000220000221210222420003830002422201212200002200000001
4854 10000000220002003210242022102820122024201230020002200000001
4855 10000000220020001410440012202820221004401410002002200000001
4856 10000000220200001232421000222822200012423210000202200000001
4857 10000000222000001234320000024842000002343210000022200000001
4858 10000002000000100000002000000400000020000000100000020000001
4859 10000002000000320000024000001610000042000002300000020000001
4860 10000002000002102000202200100600100220200020120000020000001
4861 10000002000002322000224200123832100242200022320000020000001
4862 10000002000020100202002030000600003020020200102000020000001
4863 10000002000020320202024030221812203042020202302000020000001
4864 10000002000022102202202232102820123220220220122000020000001
4865 10000002000200100040003002000600020030004000100200020000001
4866 10000002000200320040025004201810240052004002300200020000001
4867 10000002000202102040203222120802122230204020120200020000001
4868 10000002000220100242003232002820023230024200102200020000001
4869 10000002002000100202102000200600200020120200100020020000001
4870 10000002002000320202124022201810222042120202300020020000001
4871 10000002002002102202302400500800500420320220120020020000001
4872 10000002002020100404104030220802203040140400102020020000001
4873 10000002002200100242123002202820220032124200100220020000001
4874 10000002020000102010202000020602000020201020100002020000001
4875 10000002020000322010224220021812002242201022300002020000001
4876 10000002020002104010404202120802120240401040120002020000001
4877 10000002020020102212222030220802203022221220102002020000001
4878 10000002020200102050403002040804020030405020100202020000001
4879 10000002022000102214302000222822200020341220100022020000001
4880 10000002200000121000022000002620000022000012100000220000001
4881 10000002200000341000046200003830000264000014300000220000001
4882 10000002200002123000242220102820102224200032120000220000001
4883 10000002200020121202222032002820023022220212102000220000001
4884 10000002200200121042023002202820220032024012100200220000001
4885 10000002202000121222122000222822200022122212100020220000001
4886 10000002220000123210222000024842000022201232100002220000001
4887 10000020000010000000000200000400000200000000001000002000001
4888 10000020000010220000220200001610000202200002201000002000001
4889 10000020000012002002002200100600100220020020021000002000001
4890 10000020000012222002222200123832100222220022221000002000001
4891 10000020000030000220000410000600001400002200003000002000001
4892 10000020000030220220220410221812201402202202203000002000001
4893 10000020000032002222002412102820121420022220023000002000001
4894 10000020000210000220001220000600002210002200001200002000001
4895 10000020000210220220221222201810222212202202201200002000001
4896 10000020000212002222003240120802104230022220021200002000001
4897 10000020000230000440001630002820003610004400003200002000001
4898 10000020002010002002100202000600020200120020001020002000001
4899 10000020002010222002320224001810042202320022201020002000001
4900 10000020002012004004102402300800320420140040021020002000001
4901 10000020002030002222102412020802021420122220003020002000001
4902 10000020002210002222121222002820022212122220001220002000001
4903 10000020020010020010200200200600200200201002001002002000001
4904 10000020020010240010420420201810202402401004201002002000001
4905 10000020020012022012204202300800320240221022021002002000001
4906 10000020020030020230220410400800401402203202003002002000001
4907 10000020020210020230401220220802202210403202001202002000001
4908 10000020022010022014300202202820220200341022001022002000001
4909 10000020200010201000020200020602000202000010201000202000001
4910 10000020200010421000242400021812000424200012401000202000001
4911 10000020200012203002042220120802102224020030221000202000001
4912 10000020200030201220220412020802021402202210203000202000001
4913 10000020200210201222021220220802202212022210201200202000001
4914 10000020202010203022120202040804020202122030201020202000001
4915 10000020220010221210220200222822200202201212201002202000001
4916 10000022000012100000002200002620000220000000121000022000001
4917 10000022000012320000244200003830000244200002321000022000001
4918 10000022000014102002204400102820100440220020141000022000001
4919 10000022000032100222002430002820003420022200123000022000001
4920 10000022000212100240003222002820022230004200121200022000001
4921 10000022002012102202102202202820220220120220121020022000001
4922 10000022020012122010202200222822200220201022121002022000001
4923 10000022200012321000022200024842000222000012321000222000001
4924 10000200001000000000000020000400002000000000000010000200001
4925 10000200001000220002200020001610002000220002200010000200001
4926 10000200001002002020020020100600102002002020020010000200001
4927 10000200001002222022220020123832102002222022220010000200001
4928 10000200001020000400002030000600003020000400002010000200001
4929 10000200001020220402202030221812203020220402202010000200001
4930 10000200001022002420022032102820123022002420022010000200001
4931 10000200001200002020001220000600002210002020000210000200001
4932 10000200001200222022201222201810222210222022200210000200001
4933 10000200001202004040021240120802104212004040020210000200001
4934 10000200001220002420003430002820003430002420002210000200001
4935 10000200003000020002100040000600004000120002000030000200001
4936 10000200003000240004300062001810026000340004200030000200001
4937 10000200003002022022120240300800304202122022020030000200001
4938 10000200003020020402104050020802005040120402002030000200001
4939 10000200003200022022121240002820004212122022000230000200001
4940 10000200021000200010200022000600022000201000200012000200001
4941 10000200021000420012400242001810024200421002400012000200001
4942 10000200021002202030222024100800142022203020220012000200001
4943 10000200021020200410222032200800223022201400202012000200001
4944 10000200021200202030401222020802022210403020200212000200001
4945 10000200023000220014300042002820024000341002200032000200001
4946 10000200201002001000020020200600202002000010020010200200001
4947 10000200201002221002222220201810202222220012220010200200001
4948 10000200201004003020060040300800304006002030040010200200001
4949 10000200201022001400222032200800223022200410022010200200001
4950 10000200201202003022021220400800402212022030020210200200001
4951 10000200203002021022120040220802204002122012020030200200001
4952 10000200221002201210220022202820222002201210220012200200001
4953 10000202001020100000002020020602002020000000102010020200001
4954 10000202001020320002224020021812002042220002302010020200001
4955 10000202001022102020222220120802102222202020122010020200001
4956 10000202001040100402004050020802005040020400104010020200001
4957 10000202001220102040003222020802022230004020102210020200001
4958 10000202003020120202102040220802204020120202102030020200001
4959 10000202021020302010202022040804022020201020302012020200001
4960 10000202201022121000022020222822202022000012122010220200001
4961 10000220001210000000000220002620002200000000001210002200001
4962 10000220001210220002420220003830002202420002201210002200001
4963 10000220001212002022022220102820102222022020021210002200001
4964 10000220001230000420002430002820003420002400003210002200001
4965 10000220001410002220001440002820004410002220001410002200001
4966 10000220003210022002100242002820024200120022001230002200001
4967 10000220021210220010200222202820222200201002201212002200001
4968 10000220201212201000020220222822202202000010221210202200001
4969 10000222001232100000002220024842002220000000123210022200001
4970 10002000100000000000000002000400020000000000000000100020001
4971 10002000100000220022000002001610020000022002200000100020001
4972 10002000100002002200200002100600120000200220020000100020001
4973 10002000100002222222200002123832120000222222220000100020001
4974 10002000100020002200020012000600021002000220002000100020001
4975 10002000100020222222020012221812221002022222202000100020001
4976 10002000100022004400220014102820141002200440022000100020001
4977 10002000100200020020003002000600020030002002000200100020001
4978 10002000100200240042003004201810240030024004200200100020001
4979 10002000100202022220203022120802122030202222020200100020001
4980 10002000100220022220023212002820021232002222002200100020001
4981 10002000102000200002100202000600020200120000200020100020001
4982 10002000102000420024100224001810042200142002400020100020001
4983 10002000102002202202300402300800320400320220220020100020001
4984 10002000102020202202122212020802021222120220202020100020001
4985 10002000102200220022123202002820020232122002200220100020001
4986 10002000120002000010200022000600022000201000020002100020001
4987 10002000120002220032200242001810024200223002220002100020001
4988 10002000120004002210402024100800142020401220040002100020001
4989 10002000120022002210240032200800223004201220022002100020001
4990 10002000120202020030403022020802022030403002020202100020001
4991 10002000122002200014300222002820022200341000220022100020001
4992 10002000300020001000020004000600040002000010002000300020001
4993 10002000300020221022022204001810040222022012202000300020001
4994 10002000300022003200240024100800142004200230022000300020001
4995 10002000300040003200240016000800061004200230004000300020001
4996 10002000300220021022023004200800240032022012002200300020001
4997 10002000302020201022120204020802040202122010202020300020001
4998 10002000320022001210220024002820042002201210022002300020001
4999 10002002100200100000002002200600220020000000100200120020001
5000 10002002100200320022024002201810220042022002300200120020001
5001 10002002100202102200402202300800320220400220120200120020001
5002 10002002100220102202022032200800223022020220102200120020001
5003 10002002100400120040005004200800240050004002100400120020001
5004 10002002102200300202102202400800420220120200300220120020001
5005 10002002120202102010202022220802222020201020120202120020001
5006 10002002300220121000022004202820240022000012102200320020001
5007 10002020102010000000000202020602020200000000001020102020001
5008 10002020102010220022220202021812020202222002201020102020001
5009 10002020102012002202202202120802120220220220021020102020001
5010 10002020102030002220020412020802021402002220003020102020001
5011 10002020102210020220003222020802022230002202001220102020001
5012 10002020104010202002100404020802040400120020201040102020001
5013 10002020122012020010200222220802222200201002021022102020001
5014 10002020302030201000020204040804040202000010203020302020001
5015 10002022102212100000002202222822220220000000121220122020001
5016 10002200121000000000000022002620022000000000000012100220001
5017 10002200121000220024200022003830022000242002200012100220001
5018 10002200121002002220220022102820122002202220020012100220001
5019 10002200121020002400022032002820023022000420002012100220001
5020 10002200121200022020003222002820022230002022000212100220001
5021 10002200123000220002100242002820024200120002200032100220001
5022 10002200141002200010200044002820044000201000220014100220001
5023 10002200321022001000020024202820242002000010022012300220001
5024 10002202121220100000002022222822222020000000102212120220001
5025 10002220123210000000000222024842022200000000001232102220001
5026 10020010000000000000000000200400200000000000000000001002001
5027 10020010000000220220000000201610200000002202200000001002001
5028 10020010000002004002000000300600300000020040020000001002001
5029 10020010000002224222000000323832300000022242220000001002001
5030 10020010000020020200200010200600201000200202002000001002001
5031 10020010000020240420200010421812401000202404202000001002001
5032 10020010000022024202200012302820321000220242022000001002001
5033 10020010000200200020021000200600200012002000200200001002001
5034 10020010000200420240021002401810420012004202400200001002001
5035 10020010000202204022021020320802302012022040220200001002001
5036 10020010000220220220221210202820201212202202202200001002001
5037 10020010002002000002102000200600200020120000020020001002001
5038 10020010002002220222102022201810222020122202220020001002001
5039 10020010002004004004102200500800500220140040040020001002001
5040 10020010002022020202304010220802201040320202022020001002001
5041 10020010002202200022143000202820200034122000220220001002001
5042 10020010020020000010200200200600200200201000002002001002001
5043 10020010020020220230200420201810202400203202202002001002001
5044 10020010020022004012202202300800320220221040022002001002001
5045 10020010020040020210420210400800401202401202004002001002001
5046 10020010020220200030421200220802200212403000202202001002001
5047 10020010022022000014302200202820200220341000022022001002001
5048 10020010200200001000020020200600202002000010000200201002001
5049 10020010200200221220022220201810202222002212200200201002001
5050 10020010200202005002040040300800304004020050020200201002001
5051 10020010200220021200420032200800223002400212002200201002001
5052 10020010200400201022041020400800402014022010200400201002001
5053 10020010202202001022122020220802202022122010020220201002001
5054 10020010220220001210220220202820202202201210002202201002001
5055 10020012002000100000002002200600220020000000100020021002001
5056 10020012002000320220024002201810220042002202300020021002001
5057 10020012002002104002202202300800320220220040120020021002001
5058 10020012002020120202202032200800223020220202102020021002001
5059 10020012002200300040023004200800240032004000300220021002001
5060 10020012004002100202104002400800420040120200120040021002001
5061 10020012022020102010202202220802220220201020102022021002001
5062 10020012202200121000022022202820222022000012100220221002001
5063 10020030020010000000000200400600400200000000001002003002001
5064 10020030020010220220220200401810400202202202201002003002001
5065 10020030020012004004002200500800500220040040021002003002001
5066 10020030020030020220200410400800401400202202003002003002001
5067 10020030020210200220021220400800402212002200201202003002001
5068 10020030022012002002102202400800420220120020021022003002001
5069 10020030040030020010200400600800600400201002003004003002001
5070 10020030220210201000020220420802402202000010201202203002001
5071 10020032022012100000002202402820420220000000121022023002001
5072 10020210201000000000000020220602202000000000000010201202001
5073 10020210201000220222200020221812202000222202200010201202001
5074 10020210201002004022020020320802302002022040020010201202001
5075 10020210201020020400202030220802203020200402002010201202001
5076 10020210201200202020021220220802202212002020200210201202001
5077 10020210203002020002102040220802204020120002020030201202001
5078 10020210221020200010200222220802222200201000202012201202001
5079 10020210401202001000020040420802404002000010020210401202001
5080 10020212203020100000002022240804222020000000102030221202001
5081 10020230221210000000000220422822402200000000001212203202001
5082 10022012100000000000000002202620220000000000000000121022001
5083 10022012100000220242000002203830220000024202200000121022001
5084 10022012100002004202200002302820320000220240020000121022001
5085 10022012100020022200220012202820221002200222002000121022001
5086 10022012100200220020023002202820220032002002200200121022001
5087 10022012102002200002102202202820220220120000220020121022001
5088 10022012120022000010200222202820222200201000022002121022001
5089 10022012300220001000020024202820242002000010002200321022001
5090 10022014102200100000002004402820440020000000100220141022001
5091 10022032122010000000000202422822420200000000001022123022001
5092 10022212321000000000000022224842222000000000000012321222001
5093 10201000000000000000000000020402000000000000000000000010201
5094 10201000000000222200000000021612000000000222200000000010201
5095 10201000000002022020000000120602100000002022020000000010201
5096 10201000000002244220000000143834100000002244220000000010201
5097 10201000000020200202000010020602001000020200202000000010201
5098 10201000000020422402000010241814201000020422402000000010201
5099 10201000000022222222000012122822121000022222222000000010201
5100 10201000000202000020201000020602000010202000020200000010201
5101 10201000000202222220201002221812220010202222220200000010201
5102 10201000000204022040201020140804102010204022040200000010201
5103 10201000000222200222201210022822001210222200222200000010201
5104 10201000002020000002120000020602000002120000002020000010201
5105 10201000002020222202120022021812022002120222202020000010201
5106 10201000002022022022120200320802300202122022022020000010201
5107 10201000002040200204122010040804001022140200204020000010201
5108 10201000002222000022341000022822000014322000022220000010201
5109 10201000020200000010202000020602000020201000000202000010201
5110 10201000020200222210202220021812002220201222200202000010201
5111 10201000020202022030204002120802120040203022020202000010201
5112 10201000020220200212222010220802201022221200202202000010201
5113 10201000020402000030603000040804000030603000020402000010201
5114 10201000022220000014322000022822000022341000002222000010201
5115 10201000202000001000020200020602000202000010000020200010201
5116 10201000202000223200022400021812000422000232200020200010201
5117 10201000202002023020040220120802102204002032020020200010201
5118 10201000202020201202220212020802021202220210202020200010201
5119 10201000202202001022221200220802200212222010020220200010201
5120 10201000204020001022140200040804000204122010002040200010201
5121 10201000222200001210222200022822000222201210000222200010201
5122 10201002020000100000002020020602002020000000100002020010201
5123 10201002020000322200024020021812002042000222300002020010201
5124 10201002020002122020202220120802102220202022120002020010201
5125 10201002020020300204002050020802005020040200302002020010201
5126 10201002020202100040203022020802022030204000120202020010201
5127 10201002022020100202122020220802202022120200102022020010201
5128 10201002040200102010204020040804002040201020100204020010201
5129 10201002222000121000022220022822002222000012100022220010201
5130 10201020200010000000000202020602020200000000001000202010201
5131 10201020200010222200220202021812020202200222201000202010201
5132 10201020200012022022002202120802120220022022021000202010201
5133 10201020200030200222000412020802021400022200203000202010201
5134 10201020200212000220201222020802022210202200021200202010201
5135 10201020202030002002120204020802040202120020003020202010201
5136 10201020220210020010202202220802220220201002001202202010201
5137 10201020402010201000020402040804020402000010201020402010201
5138 10201022220012100000002222022822022220000000121002222010201
5139 10201202001000000000000020220602202000000000000010020210201
5140 10201202001000222202200020221812202000220222200010020210201
5141 10201202001002022040020020320802302002004022020010020210201
5142 10201202001020200402002030220802203020020400202010020210201
5143 10201202001202002020201220220802202210202020020210020210201
5144 10201202003020020002120040220802204002120002002030020210201
5145 10201202021200200010202022220802222020201000200212020210201
5146 10201202203002001000020220420802402202000010020030220210201
5147 10201204021020100000002040240804204020000000102012040210201
5148 10201222201210000000000222222822222200000000001210222210201
5149 10203020100000000000000002040604020000000000000000102030201
5150 10203020100000222222000002041814020000022222200000102030201
5151 10203020100002022220200002140804120000202222020000102030201
5152 10203020100020202202020012040804021002020220202000102030201
5153 10203020100202020020203002040804020030202002020200102030201
5154 10203020102020200002120202040804020202120000202020102030201
5155 10203020120202000010202022040804022020201000020202102030201
5156 10203020302020001000020204040804040202000010002020302030201
5157 10203022120200100000002022240804222020000000100202122030201
5158 10203040302010000000000204060806040200000000001020304030201
5159 10203222121000000000000022242824222000000000000012122230201
5160 10221210000000000000000000222622200000000000000000001212201
5161 10221210000000222420000000223832200000002422200000001212201
5162 10221210000002024022000000322822300000022042020000001212201
5163 10221210000020220202200010222822201000220202202000001212201
5164 10221210000202200020221000222822200012202000220200001212201
5165 10221210002022000002122000222822200022120000022020001212201
5166 10221210020220000010202200222822200220201000002202001212201
5167 10221210202200001000020220222822202202000010000220201212201
5168 10221212022000100000002022222822222020000000100022021212201
5169 10221230220010000000000202422822420200000000001002203212201
5170 10221412201000000000000020442824402000000000000010221412201
5171 10223232100000000000000002244844220000000000000000123232201
5172 10600050825309257335789552697979625598753375290352805000601
5173 12100000000000000000000000002420000000000000000000000000121
5174 12100000000000242000000000003630000000000024200000000000121
5175 12100000000002202200000000102620100000000220220000000000121
5176 12100000000002444200000000125852100000000244420000000000121
5177 12100000000022000220000010002620001000002200022000000000121
5178 12100000000022242220000010223832201000002224222000000000121
5179 12100000000024202420000012104840121000002420242000000000121
5180 12100000000220000022001000002620000010022000002200000000121
5181 12100000000220242022001002203830220010022024202200000000121
5182 12100000000222202222001020122822102010022220222200000000121
5183 12100000000242000242001210004840001210024200024200000000121
5184 12100000002200000002300000002620000000320000000220000000121
5185 12100000002200242002300022003830022000320024200220000000121
5186 12100000002202202202300200302820300200320220220220000000121
5187 12100000002222000222302010022822001020322200022220000000121
5188 12100000002420000024321000004840000012342000002420000000121
5189 12100000022000000010220000002620000002201000000022000000121
5190 12100000022000242010220220003830002202201024200022000000121
5191 12100000022002202210222002102820120022201220220022000000121
5192 12100000022022000230240010202820201004203200022022000000121
5193 12100000022220000032421000022822000012423000002222000000121
5194 12100000024200000014520000004840000002541000000242000000121
5195 12100000220000001000022000002620000022000010000002200000121
5196 12100000220000243000024200003830000242000034200002200000121
5197 12100000220002203200042020102820102024000230220002200000121
5198 12100000220022001220222012002820021022202210022002200000121
5199 12100000220220001024023000202820200032042010002202200000121
5200 12100000222200001022322000022822000022322010000222200000121
5201 12100000242000001210242000004840000024201210000024200000121
5202 12100002200000100000002200002620000220000000100000220000121
5203 12100002200000342000024200003830000242000024300000220000121
5204 12100002200002302200202400102820100420200220320000220000121
5205 12100002200022100222002230002820003220022200122000220000121
5206 12100002200220100042003202002820020230024000102200220000121
5207 12100002202200100202302200202820200220320200100220220000121
5208 12100002222000102010222200022822000222201020100022220000121
5209 12100002420000121000024200004840000242000012100002420000121
5210 12100022000010000000000220002620002200000000001000022000121
5211 12100022000010242000220220003830002202200024201000022000121
5212 12100022000012202202002220102820102220020220221000022000121
5213 12100022000032000240000430002820003400004200023000022000121
5214 12100022000230000222001240002820004210022200003200022000121
5215 12100022002210002002300222002820022200320020001220022000121
5216 12100022022010020010220220202820202202201002001022022000121
5217 12100022220010201000022220022822002222000010201002222000121
5218 12100024200012100000002420004840002420000000121000242000121
5219 12100220001000000000000022002620022000000000000010002200121
5220 12100220001000242002200022003830022000220024200010002200121
5221 12100220001002202220020022102820122002002220220010002200121
5222 12100220001022000420002032002820023020002400022010002200121
5223 12100220001220002022001222002820022210022020002210002200121
5224 12100220003200020002300042002820024000320002000230002200121
5225 12100220023000200010220024002820042002201000200032002200121
5226 12100220221002001000022022202820222022000010020012202200121
5227 12100222201020100000002222022822022220000000102010222200121
5228 12100242001210000000000242004840024200000000001210024200121
5229 12102200100000000000000002202620220000000000000000100220121
5230 12102200100000242022000002203830220000022024200000100220121
5231 12102200100002202400200002302820320000200420220000100220121
5232 12102200100022002220020012202820221002002220022000100220121
5233 12102200100220020022003002202820220030022002002200100220121
5234 12102200102200200002300202202820220200320000200220100220121
5235 12102200122002000010220022202820222002201000020022100220121
5236 12102200320020001000022004202820240022000010002002300220121
5237 12102202300200100000002202402820420220000000100200320220121
5238 12102222102010000000000222222822222200000000001020122220121
5239 12102420121000000000000024204840242000000000000012102420121
5240 12122010000000000000000000222622200000000000000000001022121
5241 12122010000000242220000000223832200000002224200000001022121
5242 12122010000002204202000000322822300000020240220000001022121
5243 12122010000022020220200010222822201000202202022000001022121
5244 12122010000220200022021000222822200012022000202200001022121
5245 12122010002202000002302000222822200020320000020220001022121
5246 12122010022020000010220200222822200202201000002022001022121
5247 12122010220200001000022020222822202022000010000202201022121
5248 12122012202000100000002202222822220220000000100020221022121
5249 12122032020010000000000220422822402200000000001002023022121
5250 12122230201000000000000022242824222000000000000010203222121
5251 12124212100000000000000002424842420000000000000000121242121
5252 12321000000000000000000000024642000000000000000000000012321
5253 12321000000000244200000000025852000000000244200000000012321
5254 12321000000002222220000000124842100000002222220000000012321
5255 12321000000022200222000010024842001000022200222000000012321
5256 12321000000222000022201000024842000010222000022200000012321
5257 12321000002220000002320000024842000002320000002220000012321
5258 12321000022200000010222000024842000022201000000222000012321
5259 12321000222000001000022200024842000222000010000022200012321
5260 12321002220000100000002220024842002220000000100002220012321
5261 12321022200010000000000222024842022200000000001000222012321
5262 12321222001000000000000022224842222000000000000010022212321
5263 12323220100000000000000002244844220000000000000000102232321
5264 12343210000000000000000000246864200000000000000000001234321
5265 16978913990738767495836054167876145063859476783709931987961
5266 40000000000000000000000000000800000000000000000000000000004
5267 52032464909913183706998947070107074989960738131990946423025
5268 526578132061371126000669458795597854966000621173160231875625
5269 1000000000000000000000000000002000000000000000000000000000001
5270 1000000000000002000000000000003000000000000002000000000000001
5271 1000000000000004000000000000006000000000000004000000000000001
5272 1000000000000020200000000000104010000000000020200000000000001
5273 1000000000000022200000000000125210000000000022200000000000001
5274 1000000000000024200000000000148410000000000024200000000000001
5275 1000000000000200020000000010004000100000000200020000000000001
5276 1000000000000202020000000010205020100000000202020000000000001
5277 1000000000000204020000000010408040100000000204020000000000001
5278 1000000000000220220000000012126212100000000220220000000000001
5279 1000000000000222220000000012347432100000000222220000000000001
5280 1000000000002000002000001000004000001000002000002000000000001
5281 1000000000002002002000001002005002001000002002002000000000001
5282 1000000000002004002000001004008004001000002004002000000000001
5283 1000000000002020202000001020306030201000002020202000000000001
5284 1000000000002022202000001022327232201000002022202000000000001
5285 1000000000002200022000001210026200121000002200022000000000001
5286 1000000000002202022000001212227222121000002202022000000000001
5287 1000000000002220222000001232348432321000002220222000000000001
5288 1000000000002222222000001234569654321000002222222000000000001
5289 1000000000020000000200100000004000000010020000000200000000001
5290 1000000000020002000200100020005000200010020002000200000000001
5291 1000000000020004000200100040008000400010020004000200000000001
5292 1000000000020020200200100202106012020010020020200200000000001
5293 1000000000020022200200100222127212220010020022200200000000001
5294 1000000000020200020200102010206020102010020200020200000000001
5295 1000000000020202020200102030407040302010020202020200000000001
5296 1000000000020220220200102214328234122010020220220200000000001
5297 1000000000020222220200102234549454322010020222220200000000001
5298 1000000000022000002200121000026200001210022000002200000000001
5299 1000000000022002002200121022027202201210022002002200000000001
5300 1000000000022020202200121222328232221210022020202200000000001
5301 1000000000022022202200121244349434421210022022202200000000001
5302 1000000000022200022200123210248420123210022200022200000000001
5303 1000000000022202022200123232449442323210022202022200000000001
5304 1000000000200000000030000000004000000000300000000020000000001
5305 1000000000200002000030000200005000020000300002000020000000001
5306 1000000000200004000030000400008000040000300004000020000000001
5307 1000000000200020200030002020106010202000300020200020000000001
5308 1000000000200022200030002220127210222000300022200020000000001
5309 1000000000200200020030020012006002100200300200020020000000001
5310 1000000000200202020030020212207022120200300202020020000000001
5311 1000000000200220220030022034128214302200300220220020000000001
5312 1000000000200222220030022234349434322200300222220020000000001
5313 1000000000202000002030201000206020001020302000002020000000001
5314 1000000000202002002030201202207022021020302002002020000000001
5315 1000000000202020202030203040508050403020302020202020000000001
5316 1000000000202022202030203242529252423020302022202020000000001
5317 1000000000202200022030221212228222121220302200022020000000001
5318 1000000000202202022030221414429244141220302202022020000000001
5319 1000000000220000000232100000026200000012320000000220000000001
5320 1000000000220002000232100220027200220012320002000220000000001
5321 1000000000220020200232102222128212222012320020200220000000001
5322 1000000000220022200232102442149412442012320022200220000000001
5323 1000000000220200020232122012228222102212320200020220000000001
5324 1000000000220202020232122232429242322212320202020220000000001
5325 1000000000222000002232321000248420001232322000002220000000001
5326 1000000000222002002232321222249422221232322002002220000000001
5327 1000000002000000001002000000004000000002001000000002000000001
5328 1000000002000002001002002000005000002002001002000002000000001
5329 1000000002000004001002004000008000004002001004000002000000001
5330 1000000002000020201002020200106010020202001020200002000000001
5331 1000000002000022201002022200127210022202001022200002000000001
5332 1000000002000200021002200030006000300022001200020002000000001
5333 1000000002000202021002202030207020302022001202020002000000001
5334 1000000002000220221002220232128212320222001220220002000000001
5335 1000000002000222221002222232349432322222001222220002000000001
5336 1000000002002000003004001002006002001004003000002002000000001
5337 1000000002002002003004003004007004003004003002002002000000001
5338 1000000002002020203004021222308032221204003020202002000000001
5339 1000000002002022203004023224329234223204003022202002000000001
5340 1000000002002200023004201232028202321024003200022002000000001
5341 1000000002002202023004203234229224323024003202022002000000001
5342 1000000002020000001222100000206020000012221000000202000000001
5343 1000000002020002001222102020207020202012221002000202000000001
5344 1000000002020020201222120402308032040212221020200202000000001
5345 1000000002020022201222122422329232242212221022200202000000001
5346 1000000002020200021222302030408040302032221200020202000000001
5347 1000000002020202021222304050609060504032221202020202000000001
5348 1000000002022000003224121002228222001214223000002202000000001
5349 1000000002022002003224123024229224203214223002002202000000001
5350 1000000002200000001232000000026200000002321000000022000000001
5351 1000000002200002001232002200027200022002321002000022000000001
5352 1000000002200020201232022220128210222202321020200022000000001
5353 1000000002200022201232024420149410244202321022200022000000001
5354 1000000002200200021232220032028202300222321200020022000000001
5355 1000000002200202021232222232229222322222321202020022000000001
5356 1000000002202000003234201002228222001024323000002022000000001
5357 1000000002202002003234203204229224023024323002002022000000001
5358 1000000002220000001454100000248420000014541000000222000000001
5359 1000000002220002001454102220249420222014541002000222000000001
5360 1000000020000000100000200000004000000020000010000000200000001
5361 1000000020000002100000220000005000000220000012000000200000001
5362 1000000020000004100000240000008000000420000014000000200000001
5363 1000000020000020300000402000106010002040000030200000200000001
5364 1000000020000022300000422000127210002240000032200000200000001
5365 1000000020000200120002200210006000120022000210020000200000001
5366 1000000020000202120002220210207020120222000212020000200000001
5367 1000000020000220320002402212128212122042000230220000200000001
5368 1000000020000222320002422212349432122242000232220000200000001
5369 1000000020002000102020201020006000201020202010002000200000001
5370 1000000020002002102020221022007002201220202012002000200000001
5371 1000000020002020302020403040308030403040202030202000200000001
5372 1000000020002022302020423042329232403240202032202000200000001
5373 1000000020002200122022201430028200341022202210022000200000001
5374 1000000020002202122022221432229222341222202212022000200000001
5375 1000000020020000100400300002006002000030040010000200200000001
5376 1000000020020002100400320022007002200230040012000200200000001
5377 1000000020020020300400502204108014022050040030200200200000001
5378 1000000020020022300400522224129214222250040032200200200000001
5379 1000000020020200120402302212208022122032040210020200200000001
5380 1000000020020202120402322232409042322232040212020200200000001
5381 1000000020022000102420321022028202201230242010002200200000001
5382 1000000020022002102420341044029204401430242012002200200000001
5383 1000000020200000102030200000206020000020302010000020200000001
5384 1000000020200002102030220200207020020220302012000020200000001
5385 1000000020200020302030404020308030204040302030200020200000001
5386 1000000020200022302030424220329230224240302032200020200000001
5387 1000000020200200122032220212208022120222302210020020200000001
5388 1000000020200202122032240412409042140422302212020020200000001
5389 1000000020202000104050401020408040201040504010002020200000001
5390 1000000020202002104050421222409042221240504012002020200000001
5391 1000000020220000102432300002228222000032342010000220200000001
5392 1000000020220002102432320222229222220232342012000220200000001
5393 1000000022000000121002200000026200000022001210000002200000001
5394 1000000022000002121002222000027200002222001212000002200000001
5395 1000000022000020321002422200128210022242001230200002200000001
5396 1000000022000022321002444200149410024442001232200002200000001
5397 1000000022000200141004400230028200320044001410020002200000001
5398 1000000022000202141004422230229220322244001412020002200000001
5399 1000000022002000123024201022028202201024203210002002200000001
5400 1000000022002002123024223024029204203224203212002002200000001
5401 1000000022020000121422300002228222000032241210000202200000001
5402 1000000022020002121422322022229222202232241212000202200000001
5403 1000000022200000123232200000248420000022323210000022200000001
5404 1000000022200002123232222200249420022222323212000022200000001
5405 1000000200000010000000020000004000000200000000100000020000001
5406 1000000200000012000000220000005000000220000002100000020000001
5407 1000000200000014000000420000008000000240000004100000020000001
5408 1000000200000030200002040000106010000402000020300000020000001
5409 1000000200000032200002240000127210000422000022300000020000001
5410 1000000200000210020020022010006000102200200200120000020000001
5411 1000000200000212020020222010207020102220200202120000020000001
5412 1000000200000230220022042012128212102402200220320000020000001
5413 1000000200000232220022242012349432102422200222320000020000001
5414 1000000200002010002200021200006000021200022000102000020000001
5415 1000000200002012002200221202007002021220022002102000020000001
5416 1000000200002030202202041220308030221402022020302000020000001
5417 1000000200002032202202241222329232221422022022302000020000001
5418 1000000200002210022220023410028200143200222200122000020000001
5419 1000000200002212022220223412229222143220222202122000020000001
5420 1000000200020010002200120020006000200210022000100200020000001
5421 1000000200020012002200320040007000400230022002100200020000001
5422 1000000200020030202202140222108012220412022020300200020000001
5423 1000000200020032202202340242129212420432022022300200020000001
5424 1000000200020210022220124030208020304210222200120200020000001
5425 1000000200020212022220324050409040504230222202120200020000001
5426 1000000200022010004400141220028200221410044000102200020000001
5427 1000000200022012004400341242029202421430044002102200020000001
5428 1000000200200010020030020002006002000200300200100020020000001
5429 1000000200200012020030220202007002020220300202100020020000001
5430 1000000200200030220032042022108012202402300220300020020000001
5431 1000000200200032220032242222129212222422300222300020020000001
5432 1000000200200210040050042014008004102400500400120020020000001
5433 1000000200200212040050242214209024122420500402120020020000001
5434 1000000200202010022230221202208022021220322200102020020000001
5435 1000000200202012022230421404209024041240322202102020020000001
5436 1000000200220010022232120022028202200212322200100220020000001
5437 1000000200220012022232320242029202420232322202100220020000001
5438 1000000202000010201002020000206020000202001020100002020000001
5439 1000000202000012201002222000207020002222001022100002020000001
5440 1000000202000030401004060200308030020604001040300002020000001
5441 1000000202000032401004262200329230022624001042300002020000001
5442 1000000202000210221022222030208020302222201220120002020000001
5443 1000000202000212221022424030409040304242201222120002020000001
5444 1000000202002010203204021202208022021204023020102002020000001
5445 1000000202002012203204223204209024023224023022102002020000001
5446 1000000202020010203222120020408040200212223020100202020000001
5447 1000000202020012203222322040409040402232223022100202020000001
5448 1000000202200010221232020002228222000202321220100022020000001
5449 1000000202200012221232222202229222022222321222100022020000001
5450 1000000220000010100000000000027200000000000010100000220000001
5451 1000000220000012100000220000026200000220000012100000220000001
5452 1000000220000014100000440000027200000440000014100000220000001
5453 1000000220000030300002222000109010002222000030300000220000001
5454 1000000220000032300002442000128210002442000032300000220000001
5455 1000000220000034300002662000149410002662000034300000220000001
5456 1000000220000212120022222210028200122222200212120000220000001
5457 1000000220000214120022442210229220122442200214120000220000001
5458 1000000220002012102220221220028200221220222012102000220000001
5459 1000000220002014102220441222029202221440222014102000220000001
5460 1000000220020010102400100002029202000010042010100200220000001
5461 1000000220020012102400320022028202200230042012100200220000001
5462 1000000220020014102400540042029202400450042014100200220000001
5463 1000000220200012122030220002228222000220302212100020220000001
5464 1000000220200014122030440202229222020440302214100020220000001
5465 1000000222000012321002220000248420000222001232100002220000001
5466 1000000222000014321002442000249420002442001234100002220000001
5467 1000002000001000000000002000004000002000000000001000002000001
5468 1000002000001002000002002000005000002002000002001000002000001
5469 1000002000001004000004002000008000002004000004001000002000001
5470 1000002000001020200020202000106010002020200020201000002000001
5471 1000002000001022200022202000127210002022200022201000002000001
5472 1000002000001200020200022010006000102200020200021000002000001
5473 1000002000001202020202022010207020102202020202021000002000001
5474 1000002000001220220220222012128212102220220220221000002000001
5475 1000002000001222220222222012349432102222220222221000002000001
5476 1000002000003000004000005000006000005000004000003000002000001
5477 1000002000003002004002005002007002005002004002003000002000001
5478 1000002000003020204020205020308030205020204020203000002000001
5479 1000002000003022204022205022329232205022204022203000002000001
5480 1000002000003200024200025210028200125200024200023000002000001
5481 1000002000003202024202025212229222125202024202023000002000001
5482 1000002000021000020200102200006000022010020200001200002000001
5483 1000002000021002020202102220007000222012020202001200002000001
5484 1000002000021020220220302402108012042030220220201200002000001
5485 1000002000021022220222302422129212242032220222201200002000001
5486 1000002000021200040400124210208020124210040400021200002000001
5487 1000002000021202040402124230409040324212040402021200002000001
5488 1000002000023000024200125200028200025210024200003200002000001
5489 1000002000023002024202125222029202225212024202003200002000001
5490 1000002000201000200030002020006000202000300020001020002000001
5491 1000002000201002200032002220007000222002300022001020002000001
5492 1000002000201020400050204040108010404020500040201020002000001
5493 1000002000201022400052204240129210424022500042201020002000001
5494 1000002000201200220230042032008002302400320220021020002000001
5495 1000002000201202220232042232209022322402320222021020002000001
5496 1000002000203000204030205020208020205020304020003020002000001
5497 1000002000203002204032205222209022225022304022003020002000001
5498 1000002000221000220232102220028200222012320220001220002000001
5499 1000002000221002220234102440029200442014320222001220002000001
5500 1000002002001000001000000002007002000000001000001002002000001
5501 1000002002001002001002002002006002002002001002001002002000001
5502 1000002002001004001004004002007002004004001004001002002000001
5503 1000002002001022201022222202108012022222201022201002002000001
5504 1000002002001024201024224202129212024224201024201002002000001
5505 1000002002001202021202222032008002302222021202021002002000001
5506 1000002002001204021204224032209022304224021204021002002000001
5507 1000002002003000005002003002009002003002005000003002002000001
5508 1000002002003002005004005004008004005004005002003002002000001
5509 1000002002003004005006007006009006007006005004003002002000001
5510 1000002002021002021222102202208022022012221202001202002000001
5511 1000002002021004021224104222209022224014221204001202002000001
5512 1000002002201002201232002022028202202002321022001022002000001
5513 1000002002201004201234004222029202224004321024001022002000001
5514 1000002020001020100000202000206020002020000010201000202000001
5515 1000002020001022100002222000207020002222000012201000202000001
5516 1000002020001040300020604000308030004060200030401000202000001
5517 1000002020001042300022624000329230004262200032401000202000001
5518 1000002020001220120202222210208020122222020210221000202000001
5519 1000002020001222120204242210409040122424020212221000202000001
5520 1000002020003020104020205020208020205020204010203000202000001
5521 1000002020003022104022225022209022205222204012203000202000001
5522 1000002020021020120400302202208022022030040210201200202000001
5523 1000002020021022120402322222209022222232040212201200202000001
5524 1000002020201020302030202020408040202020302030201020202000001
5525 1000002020201022302032222220409040222222302032201020202000001
5526 1000002022001022121002202002228222002022001212201002202000001
5527 1000002022001024121004224002229222004224001214201002202000001
5528 1000002200001210000000022000026200002200000000121000022000001
5529 1000002200001212000002222000027200002222000002121000022000001
5530 1000002200001230200022242000128210002422200020321000022000001
5531 1000002200001232200024442000149410002444200022321000022000001
5532 1000002200001410020220044010028200104400220200141000022000001
5533 1000002200001412020222244010229220104422220202141000022000001
5534 1000002200003210004200025200028200025200024000123000022000001
5535 1000002200003212004202225202029202025222024002123000022000001
5536 1000002200021210022200122220028200222210022200121200022000001
5537 1000002200021212022202322240029200422232022202121200022000001
5538 1000002200201210220030022022028202202200300220121020022000001
5539 1000002200201212220032222222029202222222300222121020022000001
5540 1000002202001212201002022002228222002202001022121002022000001
5541 1000002202001214201004224002229222004224001024121002022000001
5542 1000002220001232100000222000248420002220000012321000222000001
5543 1000002220001234100002442000249420002442000014321000222000001
5544 1000020000100000000000000200004000020000000000000010000200001
5545 1000020000100002000020000200005000020000200002000010000200001
5546 1000020000100004000040000200008000020000400004000010000200001
5547 1000020000100020200202000200106010020002020020200010000200001
5548 1000020000100022200222000200127210020002220022200010000200001
5549 1000020000100200022000200210006000120020002200020010000200001
5550 1000020000100202022020200210207020120020202202020010000200001
5551 1000020000100220222202200212128212120022022220220010000200001
5552 1000020000100222222222200212349432120022222222220010000200001
5553 1000020000102000022000021200006000021200002200002010000200001
5554 1000020000102002022020021202007002021200202202002010000200001
5555 1000020000102020222202021220308030221202022220202010000200001
5556 1000020000102022222222021222329232221202222222202010000200001
5557 1000020000102200044000221410028200141220004400022010000200001
5558 1000020000102202044020221412229222141220204402022010000200001
5559 1000020000120000200200102200006000022010020020000210000200001
5560 1000020000120002200220102220007000222010220022000210000200001
5561 1000020000120020400402102402108012042012040040200210000200001
5562 1000020000120022400422102422129212242012240042200210000200001
5563 1000020000120200222200304210208020124030022220020210000200001
5564 1000020000120202222220304230409040324030222222020210000200001
5565 1000020000122000222200143200028200023410022220002210000200001
5566 1000020000122002222220143222029202223410222222002210000200001
5567 1000020000300000000010000200007000020000100000000030000200001
5568 1000020000300002000030000400006000040000300002000030000200001
5569 1000020000300004000050000600007000060000500004000030000200001
5570 1000020000300022200232002420108010242002320022200030000200001
5571 1000020000300024200252002620129210262002520024200030000200001
5572 1000020000300202022030220412008002140220302202020030000200001
5573 1000020000300204022050220612209022160220502204020030000200001
5574 1000020000302002022030221400208020041220302202002030000200001
5575 1000020000302004022050221602209022061220502204002030000200001
5576 1000020000320002200232102400028200042012320022000230000200001
5577 1000020000320004200252102620029200262012520024000230000200001
5578 1000020002100020001002000220006000220002001000200012000200001
5579 1000020002100022001022002220007000222002201002200012000200001
5580 1000020002100040201204020420108010240204021020400012000200001
5581 1000020002100042201224022420129210242204221022400012000200001
5582 1000020002100220023002400250008000520042003200220012000200001
5583 1000020002100222023022402250209020522042203202220012000200001
5584 1000020002102020023004021222008002221204003200202012000200001
5585 1000020002102022023024023224009004223204203202202012000200001
5586 1000020002120020201222102220208020222012221020200212000200001
5587 1000020002120022201242104240209020424012421022200212000200001
5588 1000020002300022001232000420028200240002321002200032000200001
5589 1000020002300024001252002620029200262002521004200032000200001
5590 1000020020100200100000200202006002020020000010020010200200001
5591 1000020020100202100020220202007002020220200012020010200200001
5592 1000020020100220300202402202108012022042020030220010200200001
5593 1000020020100222300222422202129212022242220032220010200200001
5594 1000020020100400122002400412008002140042002210040010200200001
5595 1000020020100402122022420412209022140242202212040010200200001
5596 1000020020102200122020221222008002221220202210022010200200001
5597 1000020020102202122040241224009004221420402212022010200200001
5598 1000020020120200300400302204008004022030040030020210200200001
5599 1000020020120202300420322224009004222230240032020210200200001
5600 1000020020300202102030200402208022040020302012020030200200001
5601 1000020020300204102050220602209022060220502014020030200200001
5602 1000020022100220121002200222028202220022001210220012200200001
5603 1000020022100222121022222222029202222222201212220012200200001
5604 1000020200102010000000020200206020020200000000102010020200001
5605 1000020200102012000020220200207020020220200002102010020200001
5606 1000020200102030200204040200308030020404020020302010020200001
5607 1000020200102032200224240200329230020424220022302010020200001
5608 1000020200102210022020222210208020122220202200122010020200001
5609 1000020200102212022040422210409040122240402202122010020200001
5610 1000020200104010022200041400208020041400022200104010020200001
5611 1000020200104012022220241402209022041420222202104010020200001
5612 1000020200122010202200122220208020222210022020102210020200001
5613 1000020200122012202220322240209020422230222022102210020200001
5614 1000020200302012020030020402208022040200300202102030020200001
5615 1000020200302014020050220602209022060220500204102030020200001
5616 1000020202102030201002020220408040220202001020302012020200001
5617 1000020202102032201022222220409040222222201022302012020200001
5618 1000020220102212100000220202228222020220000012122010220200001
5619 1000020220102214100020440202229222020440200014122010220200001
5620 1000022000121000000000002200026200022000000000001210002200001
5621 1000022000121002000022002200027200022002200002001210002200001
5622 1000022000121020200222202200128210022022220020201210002200001
5623 1000022000121022200244202200149410022024420022201210002200001
5624 1000022000121200022200222210028200122220022200021210002200001
5625 1000022000121202022222222210229220122222222202021210002200001
5626 1000022000123000024000025200028200025200004200003210002200001
5627 1000022000123002024022025202029202025202204202003210002200001
5628 1000022000141000220200104400028200044010020220001410002200001
5629 1000022000141002220222104420029200244012220222001410002200001
5630 1000022000321002200030002420028200242000300022001230002200001
5631 1000022000321004200052002620029200262002500024001230002200001
5632 1000022002121022001002002222028202222002001002201212002200001
5633 1000022002121024001024004222029202224004201004201212002200001
5634 1000022020121220100000202202228222022020000010221210202200001
5635 1000022020121222100022222202229222022222200012221210202200001
5636 1000022200123210000000022200248420022200000000123210022200001
5637 1000022200123212000022222200249420022222200002123210022200001
5638 1000200010000000000000000020004000200000000000000000100020001
5639 1000200010000002000200000020005000200000020002000000100020001
5640 1000200010000004000400000020008000200000040004000000100020001
5641 1000200010000020202020000020106010200000202020200000100020001
5642 1000200010000022202220000020127210200000222022200000100020001
5643 1000200010000200040002000030006000300002000400020000100020001
5644 1000200010000202040202000030207020300002020402020000100020001
5645 1000200010000220242022000032128212300002202420220000100020001
5646 1000200010000222242222000032349432300002222422220000100020001
5647 1000200010002000202000201020006000201020002020002000100020001
5648 1000200010002002202200201022007002201020022022002000100020001
5649 1000200010002020404020201040308030401020204040202000100020001
5650 1000200010002022404220201042329232401020224042202000100020001
5651 1000200010002200242002201230028200321022002420022000100020001
5652 1000200010002202242202201232229222321022022422022000100020001
5653 1000200010020000000000120000007000000210000000000200100020001
5654 1000200010020002000200120020006000200210020002000200100020001
5655 1000200010020004000400120040007000400210040004000200100020001
5656 1000200010020022202220120222108012220210222022200200100020001
5657 1000200010020024202420120242129212420210242024200200100020001
5658 1000200010020200040002122010009000102212000400020200100020001
5659 1000200010020202040202122030208020302212020402020200100020001
5660 1000200010020204040402122050409040502212040404020200100020001
5661 1000200010022002202200341020028200201430022022002200100020001
5662 1000200010022004202400341042029202401430042024002200100020001
5663 1000200010200020000030002020006000202000300000200020100020001
5664 1000200010200022000230002220007000222000320002200020100020001
5665 1000200010200040202050004040108010404000502020400020100020001
5666 1000200010200042202250004240129210424000522022400020100020001
5667 1000200010200220040032022032008002302202300400220020100020001
5668 1000200010200222040232022232209022322202320402220020100020001
5669 1000200010202020202030403020208020203040302020202020100020001
5670 1000200010202022202230403222209022223040322022202020100020001
5671 1000200010220022000232122020028200202212320002200220100020001
5672 1000200010220024000432122240029200422212340004200220100020001
5673 1000200012000200001002000220006000220002001000020002100020001
5674 1000200012000202001202002220007000222002021002020002100020001
5675 1000200012000220203022020420108010240202203020220002100020001
5676 1000200012000222203222022420129210242202223022220002100020001
5677 1000200012000400041004200250008000520024001400040002100020001
5678 1000200012000402041204202250209020522024021402040002100020001
5679 1000200012002200203004201222008002221024003020022002100020001
5680 1000200012002202203204203224009004223024023022022002100020001
5681 1000200012020202001222120220208020220212221002020202100020001
5682 1000200012020204001422122240209020422212241004020202100020001
5683 1000200012200220001232002220028200222002321000220022100020001
5684 1000200012200222001432004420029200244002341002220022100020001
5685 1000200030002000100000200040006000400020000010002000300020001
5686 1000200030002002100200220040007000400220020012002000300020001
5687 1000200030002020302020402040108010402040202030202000300020001
5688 1000200030002022302220422040129210402240222032202000300020001
5689 1000200030002200140004200250008000520024000410022000300020001
5690 1000200030002202140204220250209020520224020412022000300020001
5691 1000200030004000302020401060008000601040202030004000300020001
5692 1000200030004002302220421062009002601240222032004000300020001
5693 1000200030022000100200300022009002200030020010002200300020001
5694 1000200030022002100400320042008002400230040012002200300020001
5695 1000200030022004100600340062009002600430060014002200300020001
5696 1000200030202020102030202040208020402020302010202020300020001
5697 1000200030202022102230222240209020422220322012202020300020001
5698 1000200032002200121002200240028200420022001210022002300020001
5699 1000200032002202121202222240029200422222021212022002300020001
5700 1000200210020010000000020022006002200200000000100200120020001
5701 1000200210020012000200220022007002200220020002100200120020001
5702 1000200210020030202022040022108012200402202020300200120020001
5703 1000200210020032202222240022129212200422222022300200120020001
5704 1000200210020210040022022032008002302202200400120200120020001
5705 1000200210020212040222222032209022302222220402120200120020001
5706 1000200210022010202200221222008002221220022020102200120020001
5707 1000200210022012202400421224009004221240042022102200120020001
5708 1000200210040012002200140042008002400410022002100400120020001
5709 1000200210040014002400340062009002600430042004100400120020001
5710 1000200210220030020030022024008004202200300200300220120020001
5711 1000200210220032020230222224009004222220320202300220120020001
5712 1000200212020210201002020222208022220202001020120202120020001
5713 1000200212020212201202222222209022222222021022120202120020001
5714 1000200230022012100000220042028202400220000012102200320020001
5715 1000200230022014100200440042029202400440020014102200320020001
5716 1000202010201000000000002020206020202000000000001020102020001
5717 1000202010201002000202002020207020202002020002001020102020001
5718 1000202010201020202040202020308030202020402020201020102020001
5719 1000202010201022202242202020329230202022422022201020102020001
5720 1000202010201200040202022030208020302202020400021020102020001
5721 1000202010201202040404022030409040302204040402021020102020001
5722 1000202010203000204000205020208020205020004020003020102020001
5723 1000202010203002204202205022209022205022024022003020102020001
5724 1000202010221002020200122220208020222210020202001220102020001
5725 1000202010221004020402122240209020422212040204001220102020001
5726 1000202010401020200030004040208020404000300020201040102020001
5727 1000202010401022200232004240209020424002320022201040102020001
5728 1000202012201202001002002222208022222002001002021022102020001
5729 1000202012201204001204004222209022224004021004021022102020001
5730 1000202030203020100000202040408040402020000010203020302020001
5731 1000202030203022100202222040409040402222020012203020302020001
5732 1000202210221210000000022022228222202200000000121220122020001
5733 1000202210221212000202222022229222202222020002121220122020001
5734 1000220012100000000000000220026200220000000000000012100220001
5735 1000220012100002000220000220027200220000220002000012100220001
5736 1000220012100020202222000220128210220002222020200012100220001
5737 1000220012100022202442000220149410220002442022200012100220001
5738 1000220012100200042002200230028200320022002400020012100220001
5739 1000220012100202042222200230229220320022222402020012100220001
5740 1000220012102000222000221220028200221220002220002012100220001
5741 1000220012102002222220221222029202221220222222002012100220001
5742 1000220012120002200200122220028200222210020022000212100220001
5743 1000220012120004200420122240029200422210240024000212100220001
5744 1000220012300022000030002420028200242000300002200032100220001
5745 1000220012300024000250002620029200262000520004200032100220001
5746 1000220014100220001002000440028200440002001000220014100220001
5747 1000220014100222001222002440029200442002221002220014100220001
5748 1000220032102200100000200242028202420020000010022012300220001
5749 1000220032102202100220220242029202420220220012022012300220001
5750 1000220212122010000000020222228222220200000000102212120220001
5751 1000220212122012000220220222229222220220220002102212120220001
5752 1000222012321000000000002220248420222000000000001232102220001
5753 1000222012321002000222002220249420222002220002001232102220001
5754 1002001000000000000000000002004002000000000000000000001002001
5755 1002001000000002002000000002005002000000002002000000001002001
5756 1002001000000004004000000002008002000000004004000000001002001
5757 1002001000000020220200000002106012000000020220200000001002001
5758 1002001000000022222200000002127212000000022222200000001002001
5759 1002001000000200220020000012006002100000200220020000001002001
5760 1002001000000202222020000012207022100000202222020000001002001
5761 1002001000000220440220000014128214100000220440220000001002001
5762 1002001000000222442220000014349434100000222442220000001002001
5763 1002001000002000000002001000007000001002000000002000001002001
5764 1002001000002002002002001002006002001002002002002000001002001
5765 1002001000002004004002001004007004001002004004002000001002001
5766 1002001000002022222202001022308032201002022222202000001002001
5767 1002001000002024224202001024329234201002024224202000001002001
5768 1002001000002202222022001212028202121002202222022000001002001
5769 1002001000002204224022001214229224121002204224022000001002001
5770 1002001000020020000200300002006002000030020000200200001002001
5771 1002001000020022002200300022007002200030022002200200001002001
5772 1002001000020040220400300204108014020030040220400200001002001
5773 1002001000020042222400300224129214220030042222400200001002001
5774 1002001000020220220220302012208022102030220220220200001002001
5775 1002001000020222222220302032409042302030222222220200001002001
5776 1002001000022022002202321002028202001232022002202200001002001
5777 1002001000022024004202321024029204201232024004202200001002001
5778 1002001000200200000030020002006002000200300000020020001002001
5779 1002001000200202002030020202007002020200302002020020001002001
5780 1002001000200220220230022022108012202200320220220020001002001
5781 1002001000200222222230022222129212222200322222220020001002001
5782 1002001000200400220050040014008004100400500220040020001002001
5783 1002001000200402222050040214209024120400502222040020001002001
5784 1002001000202202002032221002208022001222302002022020001002001
5785 1002001000202204004032221204209024021222304004022020001002001
5786 1002001000220220000232320002028202000232320000220220001002001
5787 1002001000220222002232320222029202220232322002220220001002001
5788 1002001002002000001002002002006002002002001000002002001002001
5789 1002001002002002003002004002007002004002003002002002001002001
5790 1002001002002020221202022202108012022202021220202002001002001
5791 1002001002002022223202024202129212024202023222202002001002001
5792 1002001002002200221022202032008002302022201220022002001002001
5793 1002001002002202223022204032209022304022203222022002001002001
5794 1002001002004000001006001002009002001006001000004002001002001
5795 1002001002004002003006003004008004003006003002004002001002001
5796 1002001002004004005006005006009006005006005004004002001002001
5797 1002001002022020001222302002208022002032221000202202001002001
5798 1002001002022022003222304022209022204032223002202202001002001
5799 1002001002202200001232022002028202002202321000022022001002001
5800 1002001002202202003232024202029202024202323002022022001002001
5801 1002001020020000100000200202006002020020000010000200201002001
5802 1002001020020002102000220202007002020220002012000200201002001
5803 1002001020020020320200402202108012022040020230200200201002001
5804 1002001020020022322200422202129212022240022232200200201002001
5805 1002001020020200320022200412008002140022200230020200201002001
5806 1002001020020202322022220412209022140222202232020200201002001
5807 1002001020022002102022201222008002221022202012002200201002001
5808 1002001020022004104022221224009004221222204014002200201002001
5809 1002001020040020100400500204008004020050040010200400201002001
5810 1002001020040022102400520224009004220250042012200400201002001
5811 1002001020220200102030220202208022020220302010020220201002001
5812 1002001020220202104030240402209022040420304012020220201002001
5813 1002001022022000121002202202028202022022001210002202201002001
5814 1002001022022002123002224202029202024222003212002202201002001
5815 1002001200200010000000020022006002200200000000100020021002001
5816 1002001200200012002000220022007002200220002002100020021002001
5817 1002001200200030220202040022108012200402020220300020021002001
5818 1002001200200032222202240022129212200422022222300020021002001
5819 1002001200200210220040022032008002302200400220120020021002001
5820 1002001200200212222040222032209022302220402222120020021002001
5821 1002001200202012002202021222008002221202022002102020021002001
5822 1002001200202014004202221224009004221222024004102020021002001
5823 1002001200220030002200320042008002400230022000300220021002001
5824 1002001200220032004200520062009002600250024002300220021002001
5825 1002001200400210020030040024008004200400300200120040021002001
5826 1002001200400212022030240224009004220420302202120040021002001
5827 1002001202202010201002022022208022202202001020102022021002001
5828 1002001202202012203002224022209022204222003022102022021002001
5829 1002001220220012100000220222028202220220000012100220221002001
5830 1002001220220014102000440222029202220440002014100220221002001
5831 1002003002001000000000002004006004002000000000001002003002001
5832 1002003002001002002002002004007004002002002002001002003002001
5833 1002003002001020220220202004108014002020220220201002003002001
5834 1002003002001022222222202004129214002022222222201002003002001
5835 1002003002001200220220022014008004102200220220021002003002001
5836 1002003002001202222222022014209024102202222222021002003002001
5837 1002003002003000002000005002009002005000002000003002003002001
5838 1002003002003002004002005004008004005002004002003002003002001
5839 1002003002003004006004005006009006005004006004003002003002001
5840 1002003002021020020200302204008004022030020200201202003002001
5841 1002003002021022022202302224009004222032022202201202003002001
5842 1002003002201200200030022024008004202200300020021022003002001
5843 1002003002201202202032022224009004222202302022021022003002001
5844 1002003004003002001002004006008006004002001002003004003002001
5845 1002003004003004003004006006009006006004003004003004003002001
5846 1002003022021020100000202204208024022020000010201202203002001
5847 1002003022021022102002222204209024022222002012201202203002001
5848 1002003202201210000000022024028204202200000000121022023002001
5849 1002003202201212002002222024029204202222002002121022023002001
5850 1002021020100000000000000202206022020000000000000010201202001
5851 1002021020100002002020000202207022020000202002000010201202001
5852 1002021020100020220402000202308032020002040220200010201202001
5853 1002021020100022222422000202329232020002242222200010201202001
5854 1002021020100200222020200212208022120020202220020010201202001
5855 1002021020100202224040200212409042120020404222020010201202001
5856 1002021020102002022002021202208022021202002202002010201202001
5857 1002021020102004024022021204209024021202204204002010201202001
5858 1002021020120020200200302202208022022030020020200210201202001
5859 1002021020120022202220302222209022222030222022200210201202001
5860 1002021020300202000030020402208022040200300002020030201202001
5861 1002021020300204002050020602209022060200502004020030201202001
5862 1002021022102020001002002222208022222002001000202012201202001
5863 1002021022102022003022004222209022224002203002202012201202001
5864 1002021040120200100000200404208024040020000010020210401202001
5865 1002021040120202102020220404209024040220202012020210401202001
5866 1002021220302010000000020222408042220200000000102030221202001
5867 1002021220302012002020220222409042220220202002102030221202001
5868 1002023022121000000000002204228224022000000000001212203202001
5869 1002023022121002002022002204229224022002202002001212203202001
5870 1002201210000000000000000022026202200000000000000000121022001
5871 1002201210000002002200000022027202200000022002000000121022001
5872 1002201210000020222220000022128212200000222220200000121022001
5873 1002201210000022224420000022149412200000244222200000121022001
5874 1002201210000200240022000032028202300002200420020000121022001
5875 1002201210000202242222000032229222300002222422020000121022001
5876 1002201210002002202002201022028202201022002022002000121022001
5877 1002201210002004204202201024029204201022024024002000121022001
5878 1002201210020022000200320022028202200230020002200200121022001
5879 1002201210020024002400320042029202400230042004200200121022001
5880 1002201210200220000030022022028202202200300000220020121022001
5881 1002201210200222002230022222029202222200322002220020121022001
5882 1002201212002200001002002222028202222002001000022002121022001
5883 1002201212002202003202004222029202224002023002022002121022001
5884 1002201230022000100000200242028202420020000010002200321022001
5885 1002201230022002102200220242029202420220022012002200321022001
5886 1002201410220010000000020044028204400200000000100220141022001
5887 1002201410220012002200220044029204400220022002100220141022001
5888 1002203212201000000000002024228224202000000000001022123022001
5889 1002203212201002002202002024229224202002022002001022123022001
5890 1002221232100000000000000222248422220000000000000012321222001
5891 1002221232100002002220000222249422220000222002000012321222001
5892 1020100000000000000000000000204020000000000000000000000010201
5893 1020100000000002020000000000205020000000000202000000000010201
5894 1020100000000004040000000000208020000000000404000000000010201
5895 1020100000000020402000000000306030000000002040200000000010201
5896 1020100000000022422000000000327230000000002242200000000010201
5897 1020100000000200000200000010007000100000020000020000000010201
5898 1020100000000202020200000010206020100000020202020000000010201
5899 1020100000000204040200000010407040100000020404020000000010201
5900 1020100000000220402200000012109012100000022040220000000010201
5901 1020100000000222422200000012328232100000022242220000000010201
5902 1020100000000224442200000012549452100000022444220000000010201
5903 1020100000002020002020001000206020001000202000202000000010201
5904 1020100000002022022020001002207022001000202202202000000010201
5905 1020100000002040404020001020508050201000204040402000000010201
5906 1020100000002042424020001022529252201000204242402000000010201
5907 1020100000002222022220001210228220121000222202222000000010201
5908 1020100000002224042220001212429242121000222404222000000010201
5909 1020100000020200000202100000206020000012020000020200000010201
5910 1020100000020202020202100020207020200012020202020200000010201
5911 1020100000020220402202100202308032020012022040220200000010201
5912 1020100000020222422202100222329232220012022242220200000010201
5913 1020100000020402020402102010408040102012040202040200000010201
5914 1020100000020404040402102030609060302012040404040200000010201
5915 1020100000022220002222121000228220001212222000222200000010201
5916 1020100000022222022222121022229222201212222202222200000010201
5917 1020100000202000000030200000206020000020300000002020000010201
5918 1020100000202002020030200200207020020020300202002020000010201
5919 1020100000202020402030202020308030202020302040202020000010201
5920 1020100000202022422030202220329230222020302242202020000010201
5921 1020100000202202020230220012208022100220320202022020000010201
5922 1020100000202204040230220212409042120220320404022020000010201
5923 1020100000204020002050401000408040001040502000204020000010201
5924 1020100000204022022050401202409042021040502202204020000010201
5925 1020100000222200000234300000228220000034320000022220000010201
5926 1020100000222202020234300220229220220034320202022220000010201
5927 1020100002020000001002020000206020000202001000000202000010201
5928 1020100002020002021002022000207020002202001202000202000010201
5929 1020100002020020403002040200308030020402003040200202000010201
5930 1020100002020022423002042200329230022402003242200202000010201
5931 1020100002020202021202220030208020300222021202020202000010201
5932 1020100002020204041202222030409040302222021404020202000010201
5933 1020100002022020003024021002208022001204203000202202000010201
5934 1020100002022022023024023004209024003204203202202202000010201
5935 1020100002040200001224120000408040000214221000020402000010201
5936 1020100002040202021224122020409040202214221202020402000010201
5937 1020100002222000001232220000228220000222321000002222000010201
5938 1020100002222002021232222200229220022222321202002222000010201
5939 1020100020200000100000202000206020002020000010000020200010201
5940 1020100020200002120000222000207020002220000212000020200010201
5941 1020100020200020502000404000308030004040002050200020200010201
5942 1020100020200022522000424000329230004240002252200020200010201
5943 1020100020200202120202202210208020122022020212020020200010201
5944 1020100020200204140202222210409040122222020414020020200010201
5945 1020100020202020102040203020208020203020402010202020200010201
5946 1020100020202022122040223022209022203220402212202020200010201
5947 1020100020220200100402302002208022002032040010020220200010201
5948 1020100020220202120402322022209022202232040212020220200010201
5949 1020100020402000102030402000408040002040302010002040200010201
5950 1020100020402002122030422200409040022240302212002040200010201
5951 1020100022220000121002222000228220002222001210000222200010201
5952 1020100022220002141002244000229220004422001412000222200010201
5953 1020100202000010000000020200206020020200000000100002020010201
5954 1020100202000012020000220200207020020220000202100002020010201
5955 1020100202000030402002040200308030020402002040300002020010201
5956 1020100202000032422002240200329230020422002242300002020010201
5957 1020100202000212020220022210208020122200220202120002020010201
5958 1020100202000214040220222210409040122220220404120002020010201
5959 1020100202002030002220021400208020041200222000302002020010201
5960 1020100202002032022220221402209022041220222202302002020010201
5961 1020100202020210002202120220208020220212022000120202020010201
5962 1020100202020212022202320240209020420232022202120202020010201
5963 1020100202202010020030220202208022020220300200102022020010201
5964 1020100202202012040030420402209022040240300402102022020010201
5965 1020100204020010201002040200408040020402001020100204020010201
5966 1020100204020012221002242200409040022422001222100204020010201
5967 1020100222200012100000222200228220022220000012100022220010201
5968 1020100222200014120000442200229220022440000214100022220010201
5969 1020102020001000000000002020206020202000000000001000202010201
5970 1020102020001002020002002020207020202002000202001000202010201
5971 1020102020001020402020202020308030202020202040201000202010201
5972 1020102020001022422022202020329230202022202242201000202010201
5973 1020102020001202020400022030208020302200040202021000202010201
5974 1020102020001204040402022030409040302202040404021000202010201
5975 1020102020003020004020005020208020205000204000203000202010201
5976 1020102020003022024022005022209022205002204202203000202010201
5977 1020102020021200020202102220208020222012020200021200202010201
5978 1020102020021202040204102240209020422014020402021200202010201
5979 1020102020203000200030202040208020402020300020003020202010201
5980 1020102020203002220032202240209020422022300222003020202010201
5981 1020102022021002001002022022208022202202001002001202202010201
5982 1020102022021004021004024022209022204204001204001202202010201
5983 1020102040201020100000204020408040204020000010201020402010201
5984 1020102040201022120002224020409040204222000212201020402010201
5985 1020102222001210000000022220228220222200000000121002222010201
5986 1020102222001212020002222220229220222222000202121002222010201
5987 1020120200100000000000000202206022020000000000000010020210201
5988 1020120200100002020020000202207022020000200202000010020210201
5989 1020120200100020402202000202308032020002022040200010020210201
5990 1020120200100022422222000202329232020002222242200010020210201
5991 1020120200100202022200200212208022120020022202020010020210201
5992 1020120200100204042220200212409042120020222404020010020210201
5993 1020120200102020022020021202208022021200202200202010020210201
5994 1020120200102022042040021204209024021200402402202010020210201
5995 1020120200120200200202102202208022022012020020020210020210201
5996 1020120200120202220222102222209022222012220222020210020210201
5997 1020120200302002000030200402208022040020300002002030020210201
5998 1020120200302004020050200602209022060020500204002030020210201
5999 1020120202120020001002020222208022220202001000200212020210201
6000 1020120202120022021022022222209022222202201202200212020210201
6001 1020120220300200100000202204208024022020000010020030220210201
6002 1020120220300202120020222204209024022220200212020030220210201
6003 1020120402102010000000020402408042040200000000102012040210201
6004 1020120402102012020020220402409042040220200202102012040210201
6005 1020122220121000000000002222228222222000000000001210222210201
6006 1020122220121002020022002222229222222002200202001210222210201
6007 1020302010000000000000000020406040200000000000000000102030201
6008 1020302010000002020200000020407040200000020202000000102030201
6009 1020302010000020404020000020508050200000204040200000102030201
6010 1020302010000022424220000020529250200000224242200000102030201
6011 1020302010000200020002000030209020300002000200020000102030201
6012 1020302010000202040202000030408040300002020402020000102030201
6013 1020302010000204060402000030609060300002040604020000102030201
6014 1020302010002020202020201020408040201020202020202000102030201
6015 1020302010002022222220201022409042201020222222202000102030201
6016 1020302010020202000202120020408040200212020002020200102030201
6017 1020302010020204020402120040409040400212040204020200102030201
6018 1020302010202020000030202020408040202020300000202020102030201
6019 1020302010202022020230202220409040222020320202202020102030201
6020 1020302012020200001002020220408040220202001000020202102030201
6021 1020302012020202021202022220409040222202021202020202102030201
6022 1020302030202000100000202040408040402020000010002020302030201
6023 1020302030202002120200222040409040402220020212002020302030201
6024 1020302212020010000000020222408042220200000000100202122030201
6025 1020302212020012020200220222409042220220020202100202122030201
6026 1020304030201000000000002040608060402000000000001020304030201
6027 1020304030201002020202002040609060402002020202001020304030201
6028 1020322212100000000000000222428242220000000000000012122230201
6029 1020322212100002020220000222429242220000220202000012122230201
6030 1022121000000000000000000002226222000000000000000000001212201
6031 1022121000000002022000000002227222000000002202000000001212201
6032 1022121000000020422200000002328232000000022240200000001212201
6033 1022121000000022444200000002349432000000024442200000001212201
6034 1022121000000202220220000012228222100000220222020000001212201
6035 1022121000000204242220000012429242100000222424020000001212201
6036 1022121000002022002022001002228222001002202002202000001212201
6037 1022121000002024024022001004229224001002204204202000001212201
6038 1022121000020220000202300002228222000032020000220200001212201
6039 1022121000020222022202300022229222200032022202220200001212201
6040 1022121000202200000030220002228222000220300000022020001212201
6041 1022121000202202022030220202229222020220302202022020001212201
6042 1022121002022000001002022002228222002202001000002202001212201
6043 1022121002022002023002024002229222004202003202002202001212201
6044 1022121020220000100000202202228222022020000010000220201212201
6045 1022121020220002122000222202229222022220002212000220201212201
6046 1022121202200010000000020222228222220200000000100022021212201
6047 1022121202200012022000220222229222220220002202100022021212201
6048 1022123022001000000000002024228224202000000000001002203212201
6049 1022123022001002022002002024229224202002002202001002203212201
6050 1022141220100000000000000204428244020000000000000010221412201
6051 1022141220100002022020000204429244020000202202000010221412201
6052 1022323210000000000000000022448442200000000000000000123232201
6053 1022323210000002022200000022449442200000022202000000123232201
6054 1210000000000000000000000000024200000000000000000000000000121
6055 1210000000000002200000000000025200000000000022000000000000121
6056 1210000000000004400000000000028200000000000044000000000000121
6057 1210000000000020020000000000107010000000000200200000000000121
6058 1210000000000022220000000000126210000000000222200000000000121
6059 1210000000000024420000000000147410000000000244200000000000121
6060 1210000000000220022000000010026200100000002200220000000000121
6061 1210000000000222222000000010227220100000002222220000000000121
6062 1210000000000242242000000012148412100000002422420000000000121
6063 1210000000000244442000000012369632100000002444420000000000121
6064 1210000000002200002200001000026200001000022000022000000000121
6065 1210000000002202202200001002027202001000022022022000000000121
6066 1210000000002222222200001020328230201000022222222000000000121
6067 1210000000002224422200001022349432201000022244222000000000121
6068 1210000000002420024200001210048400121000024200242000000000121
6069 1210000000002422224200001212249422121000024222242000000000121
6070 1210000000022000000220100000026200000010220000002200000000121
6071 1210000000022002200220100020027200200010220022002200000000121
6072 1210000000022022220220100202128212020010220222202200000000121
6073 1210000000022024420220100222149412220010220244202200000000121
6074 1210000000022220022220102010228220102010222200222200000000121
6075 1210000000022222222220102030429240302010222222222200000000121
6076 1210000000024200002420121000048400001210242000024200000000121
6077 1210000000024202202420121022049402201210242022024200000000121
6078 1210000000220000000032000000026200000002300000000220000000121
6079 1210000000220002200032000200027200020002300022000220000000121
6080 1210000000220022220032002020128210202002300222200220000000121
6081 1210000000220024420032002220149410222002300244200220000000121
6082 1210000000220220022032020012028202100202302200220220000000121
6083 1210000000220222222032020212229222120202302222220220000000121
6084 1210000000222200002232201000228220001022322000022220000000121
6085 1210000000222202202232201202229222021022322022022220000000121
6086 1210000000242000000254100000048400000014520000002420000000121
6087 1210000000242002200254100220049400220014520022002420000000121
6088 1210000002200000001002200000026200000022001000000022000000121
6089 1210000002200002201002202000027200002022001022000022000000121
6090 1210000002200022221002220200128210020222001222200022000000121
6091 1210000002200024421002222200149410022222001244200022000000121
6092 1210000002200220023002400030028200300042003200220022000000121
6093 1210000002200222223002402030229220302042003222220022000000121
6094 1210000002202200003204201002028202001024023000022022000000121
6095 1210000002202202203204203004029204003024023022022022000000121
6096 1210000002222000001242300000228220000032421000002222000000121
6097 1210000002222002201242302020229220202032421022002222000000121
6098 1210000002420000001234200000048400000024321000000242000000121
6099 1210000002420002201234202200049400022024321022000242000000121
6100 1210000022000000100000220000026200000220000010000002200000121
6101 1210000022000002300000240000027200000420000032000002200000121
6102 1210000022000020120000402000109010002040000210200002200000121
6103 1210000022000022320000422000128210002240000232200002200000121
6104 1210000022000024520000442000149410002440000254200002200000121
6105 1210000022000220122002220210028200120222002210220002200000121
6106 1210000022000222322002240210229220120422002232220002200000121
6107 1210000022002200102220221020028200201220222010022002200000121
6108 1210000022002202302220241022029202201420222032022002200000121
6109 1210000022022000100420320002028202000230240010002202200000121
6110 1210000022022002300420340022029202200430240032002202200000121
6111 1210000022220000102032220000228220000222302010000222200000121
6112 1210000022220002302032240200229220020422302032000222200000121
6113 1210000024200000121002420000048400000242001210000024200000121
6114 1210000024200002321002442000049400002442001232000024200000121
6115 1210000220000010000000022000026200002200000000100000220000121
6116 1210000220000012200000222000027200002220000022100000220000121
6117 1210000220000032220002042000128210002402000222300000220000121
6118 1210000220000034420002242000149410002422000244300000220000121
6119 1210000220000230022020024010028200104200202200320000220000121
6120 1210000220000232222020224010229220104220202222320000220000121
6121 1210000220002210002400023200028200023200042000122000220000121
6122 1210000220002212202400223202029202023220042022122000220000121
6123 1210000220022010002220122020028200202210222000102200220000121
6124 1210000220022012202220322040029200402230222022102200220000121
6125 1210000220220010020032022002028202002202300200100220220000121
6126 1210000220220012220032222202029202022222300222100220220000121
6127 1210000222200010201002222000228220002222001020100022220000121
6128 1210000222200012401002424000229220004242001042100022220000121
6129 1210000242000012100000242000048400002420000012100002420000121
6130 1210000242000014300000462000049400002640000034100002420000121
6131 1210002200001000000000002200026200022000000000001000022000121
6132 1210002200001002200002002200027200022002000022001000022000121
6133 1210002200001022220020202200128210022020200222201000022000121
6134 1210002200001024420022202200149410022022200244201000022000121
6135 1210002200001220022200022210028200122200022200221000022000121
6136 1210002200001222222202022210229220122202022222221000022000121
6137 1210002200003200004200005200028200025000024000023000022000121
6138 1210002200003202204202005202029202025002024022023000022000121
6139 1210002200023000020220102400028200042010220200003200022000121
6140 1210002200023002220222102420029200242012220222003200022000121
6141 1210002200221000200032002220028200222002300020001220022000121
6142 1210002200221002400034002420029200242004300042001220022000121
6143 1210002202201002001002202202028202022022001002001022022000121
6144 1210002202201004201004204202029202024024001024001022022000121
6145 1210002222001020100000222200228220022220000010201002222000121
6146 1210002222001022300002242200229220022422000032201002222000121
6147 1210002420001210000000024200048400024200000000121000242000121
6148 1210002420001212200002224200049400024222000022121000242000121
6149 1210022000100000000000000220026200220000000000000010002200121
6150 1210022000100002200020000220027200220000200022000010002200121
6151 1210022000100022220202000220128210220002020222200010002200121
6152 1210022000100024420222000220149410220002220244200010002200121
6153 1210022000100220024000200230028200320020004200220010002200121
6154 1210022000100222224020200230229220320020204222220010002200121
6155 1210022000102200022200021220028200221200022200022010002200121
6156 1210022000102202222220021222029202221200222222022010002200121
6157 1210022000122000200220102220028200222010220020002210002200121
6158 1210022000122002400240102240029200422010420042002210002200121
6159 1210022000320002000032000420028200240002300002000230002200121
6160 1210022000320004200052000620029200260002500024000230002200121
6161 1210022002300020001002200240028200420022001000200032002200121
6162 1210022002300022201022202240029200422022201022200032002200121
6163 1210022022100200100000220222028202220220000010020012202200121
6164 1210022022100202300020240222029202220420200032020012202200121
6165 1210022220102010000000022220228220222200000000102010222200121
6166 1210022220102012200020222220229220222220200022102010222200121
6167 1210024200121000000000002420048400242000000000001210024200121
6168 1210024200121002200022002420049400242002200022001210024200121
6169 1210220010000000000000000022026202200000000000000000100220121
6170 1210220010000002200200000022027202200000020022000000100220121
6171 1210220010000022222020000022128212200000202222200000100220121
6172 1210220010000024422220000022149412200000222244200000100220121
6173 1210220010000220042002000032028202300002002400220000100220121
6174 1210220010000222242202000032229222300002022422220000100220121
6175 1210220010002200202200201022028202201020022020022000100220121
6176 1210220010002202402400201024029204201020042042022000100220121
6177 1210220010022002000220120022028202200210220002002200100220121
6178 1210220010022004200420120042029202400210240024002200100220121
6179 1210220010220020000032002022028202202002300000200220100220121
6180 1210220010220022200232002222029202222002320022200220100220121
6181 1210220012200200001002200222028202220022001000020022100220121
6182 1210220012200202201202202222029202222022021022020022100220121
6183 1210220032002000100000220042028202400220000010002002300220121
6184 1210220032002002300200240042029202400420020032002002300220121
6185 1210220230020010000000022024028204202200000000100200320220121
6186 1210220230020012200200222024029204202220020022100200320220121
6187 1210222210201000000000002222228222222000000000001020122220121
6188 1210222210201002200202002222229222222002020022001020122220121
6189 1210242012100000000000000242048402420000000000000012102420121
6190 1210242012100002200220000242049402420000220022000012102420121
6191 1212201000000000000000000002226222000000000000000000001022121
6192 1212201000000002202000000002227222000000002022000000001022121
6193 1212201000000022240200000002328232000000020422200000001022121
6194 1212201000000024442200000002349432000000022444200000001022121
6195 1212201000000220222020000012228222100000202220220000001022121
6196 1212201000000222424020000012429242100000204242220000001022121
6197 1212201000002202002202001002228222001002022002022000001022121
6198 1212201000002204204202001004229224001002024024022000001022121
6199 1212201000022020000220300002228222000030220000202200001022121
6200 1212201000022022202220300022229222200030222022202200001022121
6201 1212201000220200000032020002228222000202300000020220001022121
6202 1212201000220202202032020202229222020202302022020220001022121
6203 1212201002202000001002202002228222002022001000002022001022121
6204 1212201002202002203002204002229222004022003022002022001022121
6205 1212201022020000100000220202228222020220000010000202201022121
6206 1212201022020002302000240202229222020420002032000202201022121
6207 1212201220200010000000022022228222202200000000100020221022121
6208 1212201220200012202000222022229222202220002022100020221022121
6209 1212203202001000000000002204228224022000000000001002023022121
6210 1212203202001002202002002204229224022002002022001002023022121
6211 1212223020100000000000000222428242220000000000000010203222121
6212 1212223020100002202020000222429242220000202022000010203222121
6213 1212421210000000000000000024248424200000000000000000121242121
6214 1212421210000002202200000024249424200000022022000000121242121
6215 1232100000000000000000000000246420000000000000000000000012321
6216 1232100000000002220000000000247420000000000222000000000012321
6217 1232100000000020202000000000329230000000002020200000000012321
6218 1232100000000022422000000000348430000000002242200000000012321
6219 1232100000000024642000000000369630000000002464200000000012321
6220 1232100000000222022200000010248420100000022202220000000012321
6221 1232100000000224242200000010449440100000022424220000000012321
6222 1232100000002220002220001000248420001000222000222000000012321
6223 1232100000002222222220001002249422001000222222222000000012321
6224 1232100000022200000222100000248420000012220000022200000012321
6225 1232100000022202220222100020249420200012220222022200000012321
6226 1232100000222000000032200000248420000022300000002220000012321
6227 1232100000222002220032200200249420020022300222002220000012321
6228 1232100002220000001002220000248420000222001000000222000012321
6229 1232100002220002221002222000249420002222001222000222000012321
6230 1232100022200000100000222000248420002220000010000022200012321
6231 1232100022200002320000242000249420002420000232000022200012321
6232 1232100222000010000000022200248420022200000000100002220012321
6233 1232100222000012220000222200249420022220000222100002220012321
6234 1232102220001000000000002220248420222000000000001000222012321
6235 1232102220001002220002002220249420222002000222001000222012321
6236 1232122200100000000000000222248422220000000000000010022212321
6237 1232122200100002220020000222249422220000200222000010022212321
6238 1232322010000000000000000022448442200000000000000000102232321
6239 1232322010000002220200000022449442200000020222000000102232321
6240 1234321000000000000000000002468642000000000000000000001234321
6241 1234321000000002222000000002469642000000002222000000001234321
6242 1409099293492055619115210663950593660125119165502943929909041
6243 1424145930999858883871649154771774519461783888589990395414241
6244 1822542328564351039723668198972798918663279301534658232452281
6245 4000000000000000000000000000008000000000000000000000000000004
6246 4000000000000004000000000000009000000000000004000000000000004
6247 6363169300334308290240718149593959418170420928034330039613636
6248 6935133636032308614662012098578758902102664168032306363315396
6249 9885495718188563066416784240092900424876146603658818175945889
6250 100000000000000000000000000000020000000000000000000000000000001
6251 100000000000000220000000000000141000000000000022000000000000001
6252 100000000000002002000000000010040010000000000200200000000000001
6253 100000000000002222000000000012363210000000000222200000000000001
6254 100000000000020000200000001000040000100000002000020000000000001
6255 100000000000020220200000001022161220100000002022020000000000001
6256 100000000000022002200000001210262012100000002200220000000000001
6257 100000000000022222200000001234585432100000002222220000000000001
6258 100000000000200000020000100000040000001000020000002000000000001
6259 100000000000200220020000100220161022001000020022002000000000001
6260 100000000000202002020000102012060210201000020200202000000000001
6261 100000000000202222020000102234383432201000020222202000000000001
6262 100000000000220000220000121000262000121000022000022000000000001
6263 100000000000220220220000121242383242121000022022022000000000001
6264 100000000000222002220000123212484212321000022200222000000000001
6265 100000000002000000002010000000040000000010200000000200000000001
6266 100000000002000220002010002200161002200010200022000200000000001
6267 100000000002002002002010020030060030020010200200200200000000001
6268 100000000002002222002010022232383232220010200222200200000000001
6269 100000000002020000202010201002060200102010202000020200000000001
6270 100000000002020220202010203224181422302010202022020200000000001
6271 100000000002022002202010221232282232122010202200220200000000001
6272 100000000002200000022012100000262000001210220000002200000000001
6273 100000000002200220022012102420383024201210220022002200000000001
6274 100000000002202002022012122032282230221210220200202200000000001
6275 100000000002220000222012321002484200123210222000022200000000001
6276 100000000020000000001200000000040000000002100000000020000000001
6277 100000000020000220001200022000161000220002100022000020000000001
6278 100000000020002002001200200210060012002002100200200020000000001
6279 100000000020002222001200222212383212222002100222200020000000001
6280 100000000020020000201202001020060020100202102000020020000000001
6281 100000000020020220201202023042181240320202102022020020000000001
6282 100000000020022002201202201430282034102202102200220020000000001
6283 100000000020200000021220100002060200001022120000002020000000001
6284 100000000020200220021220122222181222221022120022002020000000001
6285 100000000020202002021220302214080412203022120200202020000000001
6286 100000000020220000221222121022282220121222122000022020000000001
6287 100000000022000000003410000000262000000014300000000220000000001
6288 100000000022000220003410024200383002420014300022000220000000001
6289 100000000022002002003410220230282032022014300200200220000000001
6290 100000000022020000203412201022282220102214302000020220000000001
6291 100000000022200000023432100002484200001234320000002220000000001
6292 100000000200000000100020000000040000000020001000000002000000001
6293 100000000200000220100020220000161000022020001022000002000000001
6294 100000000200002002100022002010060010200220001200200002000000001
6295 100000000200002222100022222012383210222220001222200002000000001
6296 100000000200020000300040001200060002100040003000020002000000001
6297 100000000200020220300040221222181222122040003022020002000000001
6298 100000000200022002300042003410282014300240003200220002000000001
6299 100000000200200000120220100020060020001022021000002002000000001
6300 100000000200200220120220320240181042023022021022002002000000001
6301 100000000200202002120222104032080230401222021200202002000000001
6302 100000000200220000320240121220282022121042023000022002000000001
6303 100000000202000000104030000002060200000030401000000202000000001
6304 100000000202000220104030222202181202222030401022000202000000001
6305 100000000202002002104032022032080230220230401200200202000000001
6306 100000000202020000304050201204080402102050403000020202000000001
6307 100000000202200000124232100022282220001232421000002202000000001
6308 100000000220000000121220000000262000000022121000000022000000001
6309 100000000220000220121220242000383000242022121022000022000000001
6310 100000000220002002121222202210282012202222121200200022000000001
6311 100000000220020000321242001220282022100242123000020022000000001
6312 100000000220200000141440100022282220001044141000002022000000001
6313 100000000222000000125430000002484200000034521000000222000000001
6314 100000002000000010000002000000040000000200000010000000200000001
6315 100000002000000230000004200000161000002400000032000000200000001
6316 100000002000002012000022020010060010020220000210200000200000001
6317 100000002000002232000024220012383210022420000232200000200000001
6318 100000002000020010200202003000060000300202002010020000200000001
6319 100000002000020230200204203022181220302402002032020000200000001
6320 100000002000022012200222023210282012320222002210220000200000001
6321 100000002000200010022002100200060002001200220010002000200000001
6322 100000002000200230022004300420181024003400220032002000200000001
6323 100000002000202012022022122212080212221220220210202000200000001
6324 100000002000220010222202123200282002321202222010022000200000001
6325 100000002002000010022012000020060020000210220010000200200000001
6326 100000002002000230022014202220181022202410220032000200200000001
6327 100000002002002012022032040050080050040230220210200200200000001
6328 100000002002020010222212203022080220302212222010020200200000001
6329 100000002002200010044014100220282022001410440010002200200000001
6330 100000002020000010201202000002060200000202102010000020200000001
6331 100000002020000230201204222002181200222402102032000020200000001
6332 100000002020002012201222220212080212022222102210200020200000001
6333 100000002020020010401404003022080220300404104010020020200000001
6334 100000002020200010223222100204080402001222322010002020200000001
6335 100000002022000010223412000022282220000214322010000220200000001
6336 100000002200000012100022000000262000000220001210000002200000001
6337 100000002200000232100024420000383000024420001232000002200000001
6338 100000002200002014100044022010282010220440001410200002200000001
6339 100000002200020012300242003200282002300242003210020002200000001
6340 100000002200200012122222100220282022001222221210002002200000001
6341 100000002202000012124032000022282220000230421210000202200000001
6342 100000002220000012321222000002484200000222123210000022200000001
6343 100000020000001000000000200000040000002000000000100000020000001
6344 100000020000001220000022200000161000002220000022100000020000001
6345 100000020000003002000200400010060010004002000200300000020000001
6346 100000020000003222000222400012383210004222000222300000020000001
6347 100000020000021000202000221000060000122000202000120000020000001
6348 100000020000021220202022221022181220122220202022120000020000001
6349 100000020000023002202200421210282012124002202200320000020000001
6350 100000020000201000040000302000060000203000040000102000020000001
6351 100000020000201220040022302220181022203220040022102000020000001
6352 100000020000203002040200504012080210405002040200302000020000001
6353 100000020000221000242000343000282000343000242000122000020000001
6354 100000020002001000202010200200060002002010202000100200020000001
6355 100000020002001220202032202400181004202230202022100200020000001
6356 100000020002003002202210420230080032024012202200300200020000001
6357 100000020002021000404010421202080202124010404000120200020000001
6358 100000020002201000242012302200282002203210242000102200020000001
6359 100000020020001002001200200020060020002002100200100020020000001
6360 100000020020001222001222222020181020222222100222100020020000001
6361 100000020020003004001400600230080032006004100400300020020000001
6362 100000020020021002203202221040080040122202302200120020020000001
6363 100000020020201002041220302022080220203022140200102020020000001
6364 100000020022001002203410200220282022002014302200100220020000001
6365 100000020200001020100020200002060200002020001020100002020000001
6366 100000020200001240100042420002181200024240001042100002020000001
6367 100000020200003022100222402012080210204222001220300002020000001
6368 100000020200021020302040221202080202122040203020120002020000001
6369 100000020200201020140220302022080220203022041020102002020000001
6370 100000020202001020304030200204080402002030403020100202020000001
6371 100000020220001022121220200022282220002022121220100022020000001
6372 100000022000001210000002200000262000002200000012100000220000001
6373 100000022000001430000026400000383000004620000034100000220000001
6374 100000022000003212000222420010282010024222000212300000220000001
6375 100000022000021210202202223000282000322202202012120000220000001
6376 100000022000201210042002302200282002203200240012102000220000001
6377 100000022002001210222012200220282022002210222012100200220000001
6378 100000022020001212201202200022282220002202102212100020220000001
6379 100000022200001232100022200002484200002220001232100002220000001
6380 100000200000100000000000020000040000020000000000001000002000001
6381 100000200000100220000220020000161000020022000022001000002000001
6382 100000200000102002002002020010060010020200200200201000002000001
6383 100000200000102222002222020012383210020222200222201000002000001
6384 100000200000120000220000221000060000122000022000021000002000001
6385 100000200000120220220220221022181220122022022022021000002000001
6386 100000200000122002222002221210282012122200222200221000002000001
6387 100000200000300000220000140000060000041000022000003000002000001
6388 100000200000300220220220140220181022041022022022003000002000001
6389 100000200000302002222002142012080210241200222200203000002000001
6390 100000200000320000440000361000282000163000044000023000002000001
6391 100000200002100002002010022000060000220010200200001200002000001
6392 100000200002100222002230024200181002420032200222001200002000001
6393 100000200002102004004012042030080030240210400400201200002000001
6394 100000200002120002222010423002080200324010222200021200002000001
6395 100000200002300002222012142000282000241210222200003200002000001
6396 100000200020100020001200020200060002020002100020001020002000001
6397 100000200020100240001420042200181002240024100042001020002000001
6398 100000200020102022003202220410080014022202300220201020002000001
6399 100000200020120020221202221220080022122202122020021020002000001
6400 100000200020300020221220140202080202041022122020003020002000001
6401 100000200022100022003410022200282002220014300220001220002000001
6402 100000200200100200100020020020060020020020001002001002002000001
6403 100000200200100420100240240020181020042042001024001002002000001
6404 100000200200102202102024022030080030220420201202201002002000001
6405 100000200200120200320040221220080022122040023002021002002000001
6406 100000200200300200320220140040080040041022023002003002002000001
6407 100000200202100202104030022022080220220030401202001202002000001
6408 100000200220100220121220020220282022020022121022001022002000001
6409 100000202000102010000002020002060200020200000010201000202000001
6410 100000202000102230000224220002181200022422000032201000202000001
6411 100000202000104012002024040012080210040420200210401000202000001
6412 100000202000122010220202223002080200322202022010221000202000001
6413 100000202000302010222002140202080202041200222010203000202000001
6414 100000202002102012022012022022080220220210220210201200202000001
6415 100000202020102030201202020204080402020202102030201020202000001
6416 100000202200102212100022020022282220020220001212201002202000001
6417 100000220000121000000000220000262000022000000000121000022000001
6418 100000220000121220000242220000383000022242000022121000022000001
6419 100000220000123002002202420010282010024202200200321000022000001
6420 100000220000141000222000441000282000144000222000141000022000001
6421 100000220000321000240000342000282000243000042000123000022000001
6422 100000220002121002202010222200282002222010202200121200022000001
6423 100000220020121022001200220220282022022002100220121020022000001
6424 100000220200121220100020220022282220022020001022121002022000001
6425 100000222000123210000002220002484200022200000012321000222000001
6426 100002000010000000000000002000040000200000000000000010000200001
6427 100002000010000220002200002000161000200002200022000010000200001
6428 100002000010002002020020002010060010200020020200200010000200001
6429 100002000010002222022220002012383210200022220222200010000200001
6430 100002000010020000400002003000060000300200004000020010000200001
6431 100002000010020220402202003022181220300202204022020010000200001
6432 100002000010022002420022003210282012300220024200220010000200001
6433 100002000010200002020000302000060000203000020200002010000200001
6434 100002000010200222022200302220181022203002220222002010000200001
6435 100002000010202004040020304012080210403020040400202010000200001
6436 100002000010220002420002323000282000323200024200022010000200001
6437 100002000012000020002010022000060000220010200020000210000200001
6438 100002000012000240004210024200181002420012400042000210000200001
6439 100002000012002022022030042030080030240030220220200210000200001
6440 100002000012020020402012223002080200322210204020020210000200001
6441 100002000012200022022012322000282000223210220220002210000200001
6442 100002000030000200001200004000060000400002100002000030000200001
6443 100002000030000420003400026000181000620004300024000030000200001
6444 100002000030002202021220204210080012402022120202200030000200001
6445 100002000030020200401204005020080020500402104002020030000200001
6446 100002000030200202021220304002080200403022120202002030000200001
6447 100002000032000220003410024000282000420014300022000230000200001
6448 100002000210002000100020002200060002200020001000200012000200001
6449 100002000210002220102220222200181002222022201022200012000200001
6450 100002000210004002120042004210080012400240021200400012000200001
6451 100002000210022000500042003400080004300240005000220012000200001
6452 100002000210202002120220302220080022203022021200202012000200001
6453 100002000212002020104030022202080202220030401020200212000200001
6454 100002000230002200121220004200282002400022121002200032000200001
6455 100002002010020010000002002020060020200200000010020010200200001
6456 100002002010020230002204202020181020202402200032020010200200001
6457 100002002010022012020042022030080030220240020210220010200200001
6458 100002002010040010400204005020080020500402004010040010200200001
6459 100002002010220012022002302220080022203200220210022010200200001
6460 100002002012020030022012022040080040220210220030020210200200001
6461 100002002030020210201202004022080220400202102012020030200200001
6462 100002002210022012100022002220282022200220001210220012200200001
6463 100002020010201000000000202002060200202000000000102010020200001
6464 100002020010201220002222202002181200202222200022102010020200001
6465 100002020010203002020220402012080210204022020200302010020200001
6466 100002020010221000402002223002080200322200204000122010020200001
6467 100002020010401002040000504002080200405000040200104010020200001
6468 100002020012201020202010222202080202222010202020102210020200001
6469 100002020030201202001200204022080220402002100202102030020200001
6470 100002020210203020100020202204080402202020001020302012020200001
6471 100002022010221210000002202022282220202200000012122010220200001
6472 100002200012100000000000022000262000220000000000001210002200001
6473 100002200012100220002420022000383000220024200022001210002200001
6474 100002200012102002022022022010282010220220220200201210002200001
6475 100002200012120000420002223000282000322200024000021210002200001
6476 100002200012300002220000342000282000243000022200003210002200001
6477 100002200014100022002010044000282000440010200220001410002200001
6478 100002200032100220001200024200282002420002100022001230002200001
6479 100002200212102200100020022220282022220020001002201212002200001
6480 100002202012122010000002022022282220220200000010221210202200001
6481 100002220012321000000000222002484200222000000000123210022200001
6482 100020001000000000000000000200040002000000000000000000100020001
6483 100020001000000220022000000200161002000000220022000000100020001
6484 100020001000002002200200000210060012000002002200200000100020001
6485 100020001000002222222200000212383212000002222222200000100020001
6486 100020001000020002200020001200060002100020002200020000100020001
6487 100020001000020222222020001222181222100020222222020000100020001
6488 100020001000022004400220001410282014100022004400220000100020001
6489 100020001000200020020002100200060002001200020020002000100020001
6490 100020001000200240042002100420181024001200240042002000100020001
6491 100020001000202022220202102212080212201202022220202000100020001
6492 100020001000220022220022121200282002121220022220022000100020001
6493 100020001002000200002010200200060002002010200002000200100020001
6494 100020001002000420024010202400181004202010420024000200100020001
6495 100020001002002202202210220230080032022012202202200200100020001
6496 100020001002020202202030401202080202104030202202020200100020001
6497 100020001002200220022014300200282002003410220022002200100020001
6498 100020001020002000001200020200060002020002100000200020100020001
6499 100020001020002220023200042200181002240002320022200020100020001
6500 100020001020004002201400220410080014022004102200400020100020001
6501 100020001020022002201222021220080022120222102200220020100020001
6502 100020001020202020021222120202080202021222120020202020100020001
6503 100020001022002200003410220200282002022014300002200220100020001
6504 100020001200020000100020002200060002200020001000020002100020001
6505 100020001200020220122020222200181002222020221022020002100020001
6506 100020001200022002300222004210080012400222003200220002100020001
6507 100020001200040002300060003400080004300060003200040002100020001
6508 100020001200220020120222102220080022201222021020022002100020001
6509 100020001202020200104030202202080202202030401002020202100020001
6510 100020001220022000121220022200282002220022121000220022100020001
6511 100020003000200010000002000400060004000200000010002000300020001
6512 100020003000200230022004200400181004002400220032002000300020001
6513 100020003000202012200222020410080014020222002210202000300020001
6514 100020003000220012200222003400080004300222002210022000300020001
6515 100020003000400030022004100600080006001400220030004000300020001
6516 100020003002200210022012200420080024002210220012002200300020001
6517 100020003020202010201202020402080204020202102010202020300020001
6518 100020003200220012100022002400282004200220001210022002300020001
6519 100020021002001000000000200220060022002000000000100200120020001
6520 100020021002001220022022200220181022002220220022100200120020001
6521 100020021002003002200400400230080032004004002200300200120020001
6522 100020021002021002202020221220080022122020202200120200120020001
6523 100020021002201020040002302220080022203200040020102200120020001
6524 100020021004001200202010400420080024004010202002100400120020001
6525 100020021022003002001200220240080042022002100200300220120020001
6526 100020021202021020100020202222080222202020001020120202120020001
6527 100020023002201210000002200420282024002200000012102200320020001
6528 100020201020100000000000020202060202020000000000001020102020001
6529 100020201020100220022220020202181202020022220022001020102020001
6530 100020201020102002202202020212080212020202202200201020102020001
6531 100020201020120002220020221202080202122020022200021020102020001
6532 100020201020300020220002140202080202041200022020003020102020001
6533 100020201022100202002010222202080202222010200202001220102020001
6534 100020201040102020001200040402080204040002100020201040102020001
6535 100020201220120200100020022222080222220020001002021022102020001
6536 100020203020302010000002020404080404020200000010203020302020001
6537 100020221022121000000000220222282222022000000000121220122020001
6538 100022001210000000000000002200262002200000000000000012100220001
6539 100022001210000220024200002200383002200002420022000012100220001
6540 100022001210002002220220002210282012200022022200200012100220001
6541 100022001210020002400022003200282002300220004200020012100220001
6542 100022001210200022020002302200282002203200020220002012100220001
6543 100022001212000220002010222200282002222010200022000212100220001
6544 100022001230002200001200024200282002420002100002200032100220001
6545 100022001410022000100020004400282004400020001000220014100220001
6546 100022003210220010000002002420282024200200000010022012300220001
6547 100022021212201000000000202222282222202000000000102212120220001
6548 100022201232100000000000022202484202220000000000001232102220001
6549 100200100000000000000000000020040020000000000000000000001002001
6550 100200100000000220220000000020161020000000022022000000001002001
6551 100200100000002004002000000030060030000000200400200000001002001
6552 100200100000002224222000000032383230000000222422200000001002001
6553 100200100000020020200200001020060020100002002020020000001002001
6554 100200100000020240420200001042181240100002024042020000001002001
6555 100200100000022024202200001230282032100002202420220000001002001
6556 100200100000200200020020100020060020001020020002002000001002001
6557 100200100000200420240020100240181042001020042024002000001002001
6558 100200100000202204022020102032080230201020220402202000001002001
6559 100200100000220220220220121020282020121022022022022000001002001
6560 100200100002002000002012000020060020000210200000200200001002001
6561 100200100002002220222012002220181022200210222022200200001002001
6562 100200100002004004004012020050080050020210400400400200001002001
6563 100200100002022020202212201022080220102212202020220200001002001
6564 100200100002202200022034100020282020001430220002202200001002001
6565 100200100020020000001200200020060020002002100000020020001002001
6566 100200100020020220221200222020181020222002122022020020001002001
6567 100200100020022004003200400230080032004002300400220020001002001
6568 100200100020040020201402201040080040102204102020040020001002001
6569 100200100020220200021240300022080220003042120002022020001002001
6570 100200100022022000003412200020282020002214300000220220001002001
6571 100200100200200000100020020020060020020020001000002002001002001
6572 100200100200200220320020240020181020042020023022002002001002001
6573 100200100200202004102022022030080030220220201400202002001002001
6574 100200100200220020300240021220080022120042003020022002001002001
6575 100200100200400200120240120040080040021042021002004002001002001
6576 100200100202202000104032020022080220020230401000202202001002001
6577 100200100220220000121220220020282020022022121000022022001002001
6578 100200102002000010000002002020060020200200000010000200201002001
6579 100200102002000230220004202020181020202400022032000200201002001
6580 100200102002002014002022022030080030220220200410200200201002001
6581 100200102002020030200402005020080020500204002030020200201002001
6582 100200102002200210022022102220080022201220220012002200201002001
6583 100200102004002010022014002040080040200410220010200400201002001
6584 100200102022020010201202202022080220202202102010020220201002001
6585 100200102202200012100022022020282020220220001210002202201002001
6586 100200120020001000000000200220060022002000000000100020021002001
6587 100200120020001220220022200220181022002220022022100020021002001
6588 100200120020003004002200400230080032004002200400300020021002001
6589 100200120020021020202200221220080022122002202020120020021002001
6590 100200120020201200040020302220080022203020040002102020021002001
6591 100200120022003000202012200420080024002210202000300220021002001
6592 100200120040021002001200400240080042004002100200120040021002001
6593 100200120220201020100020220222080222022020001020102022021002001
6594 100200122022001210000002202220282022202200000012100220221002001
6595 100200300200100000000000020040060040020000000000001002003002001
6596 100200300200100220220220020040181040020022022022001002003002001
6597 100200300200102004004002020050080050020200400400201002003002001
6598 100200300200120020220200221040080040122002022020021002003002001
6599 100200300200300200220020140040080040041020022002003002003002001
6600 100200300202102002002012022040080040220210200200201202003002001
6601 100200300220120020001200220240080042022002100020021022003002001
6602 100200300400300200100020040060080060040020001002003004003002001
6603 100200302202102010000002022042080240220200000010201202203002001
6604 100200320220121000000000220240282042022000000000121022023002001
6605 100202102010000000000000002022060220200000000000000010201202001
6606 100202102010000220222200002022181220200002222022000010201202001
6607 100202102010002004022020002032080230200020220400200010201202001
6608 100202102010020020400202003022080220300202004020020010201202001
6609 100202102010200202020020302022080220203020020202002010201202001
6610 100202102012002020002012022022080220220210200020200210201202001
6611 100202102030020200001200204022080220402002100002020030201202001
6612 100202102210202000100020022222080222220020001000202012201202001
6613 100202104012020010000002004042080240400200000010020210401202001
6614 100202122030201000000000202224080422202000000000102030221202001
6615 100202302212100000000000022042282240220000000000001212203202001
6616 100220121000000000000000000220262022000000000000000000121022001
6617 100220121000000220242000000220383022000000242022000000121022001
6618 100220121000002004202200000230282032000002202400200000121022001
6619 100220121000020022200220001220282022100022002220020000121022001
6620 100220121000200220020022100220282022001220020022002000121022001
6621 100220121002002200002012200220282022002210200002200200121022001
6622 100220121020022000001200220220282022022002100000220020121022001
6623 100220121200220000100020022220282022220020001000022002121022001
6624 100220123002200010000002002420282024200200000010002200321022001
6625 100220141022001000000000200440282044002000000000100220141022001
6626 100220321220100000000000020242282242020000000000001022123022001
6627 100222123210000000000000002222484222200000000000000012321222001
6628 102010000000000000000000000002040200000000000000000000000010201
6629 102010000000000222200000000002161200000000002222000000000010201
6630 102010000000002022020000000012060210000000020220200000000010201
6631 102010000000002244220000000014383410000000022442200000000010201
6632 102010000000020200202000001002060200100000202002020000000010201
6633 102010000000020422402000001024181420100000204224020000000010201
6634 102010000000022222222000001212282212100000222222220000000010201
6635 102010000000202000020200100002060200001002020000202000000010201
6636 102010000000202222220200100222181222001002022222202000000010201
6637 102010000000204022040200102014080410201002040220402000000010201
6638 102010000000222200222200121002282200121002222002222000000010201
6639 102010000002020000002030000002060200000030200000020200000010201
6640 102010000002020222202030002202181202200030202222020200000010201
6641 102010000002022022022030020032080230020030220220220200000010201
6642 102010000002040200204030201004080400102030402002040200000010201
6643 102010000002222000022232100002282200001232220000222200000010201
6644 102010000020200000001202000002060200000202100000002020000010201
6645 102010000020200222201202022002181200220202102222002020000010201
6646 102010000020202022021202200212080212002202120220202020000010201
6647 102010000020220200203204001022080220100402302002022020000010201
6648 102010000020402000021422100004080400001224120000204020000010201
6649 102010000022220000003432000002282200000234300000022220000010201
6650 102010000202000000100020200002060200002020001000000202000010201
6651 102010000202000222300020420002181200024020003222000202000010201
6652 102010000202002022120022202012080210202220021220200202000010201
6653 102010000202020200302040201202080202102040203002020202000010201
6654 102010000202202000120420300022080220003024021000202202000010201
6655 102010000204020000104050200004080400002050401000020402000010201
6656 102010000222200000121222200002282200002222121000002222000010201
6657 102010002020000010000002020002060200020200000010000020200010201
6658 102010002020000232200004220002181200022400002232000020200010201
6659 102010002020002032020022040012080210040220020230200020200010201
6660 102010002020020210202202023002080200320202202012020020200010201
6661 102010002020202010022202120202080202021202220010202020200010201
6662 102010002022020010022032020022080220020230220010020220200010201
6663 102010002040200010201204020004080400020402102010002040200010201
6664 102010002222000012100022220002282200022220001210000222200010201
6665 102010020200001000000000202002060200202000000000100002020010201
6666 102010020200001222200022202002181200202220002222100002020010201
6667 102010020200003022020200402012080210204002020220300002020010201
6668 102010020200021200204000223002080200322000402002120002020010201
6669 102010020200203000040200304002080200403002040000302002020010201
6670 102010020202021000202030202202080202202030202000120202020010201
6671 102010020220201002001202202022080220202202100200102022020010201
6672 102010020402001020100020402004080400204020001020100204020010201
6673 102010022220001210000002222002282200222200000012100022220010201
6674 102010202000100000000000020202060202020000000000001000202010201
6675 102010202000100222200220020202181202020022002222001000202010201
6676 102010202000102022022002020212080212020200220220201000202010201
6677 102010202000120200222000221202080202122000222002021000202010201
6678 102010202000302000220200140202080202041002022000203000202010201
6679 102010202002120002002030022202080202220030200200021200202010201
6680 102010202020300020001202020402080204020202100020003020202010201
6681 102010202202100200100020220222080222022020001002001202202010201
6682 102010204020102010000002040204080402040200000010201020402010201
6683 102010222200121000000000222202282202222000000000121002222010201
6684 102012020010000000000000002022060220200000000000000010020210201
6685 102012020010000222202200002022181220200002202222000010020210201
6686 102012020010002022040020002032080230200020040220200010020210201
6687 102012020010020200402002003022080220300200204002020010020210201
6688 102012020010202002020200302022080220203002020200202010020210201
6689 102012020012020020002030022022080220220030200020020210020210201
6690 102012020030200200001202004022080220400202100002002030020210201
6691 102012020212002000100020202222080222202020001000200212020210201
6692 102012022030020010000002022042080240220200000010020030220210201
6693 102012040210201000000000204024080420402000000000102012040210201
6694 102012222012100000000000022222282222220000000000001210222210201
6695 102030201000000000000000000204060402000000000000000000102030201
6696 102030201000000222222000000204181402000000222222000000102030201
6697 102030201000002022220200000214080412000002022220200000102030201
6698 102030201000020202202020001204080402100020202202020000102030201
6699 102030201000202020020202100204080402001202020020202000102030201
6700 102030201002020200002030200204080402002030200002020200102030201
6701 102030201020202000001202020204080402020202100000202020102030201
6702 102030201202020000100020202204080402202020001000020202102030201
6703 102030203020200010000002020404080404020200000010002020302030201
6704 102030221202001000000000202224080422202000000000100202122030201
6705 102030403020100000000000020406080604020000000000001020304030201
6706 102032221210000000000000002224282422200000000000000012122230201
6707 102212100000000000000000000022262220000000000000000000001212201
6708 102212100000000222420000000022383220000000024222000000001212201
6709 102212100000002024022000000032282230000000220420200000001212201
6710 102212100000020220202200001022282220100002202022020000001212201
6711 102212100000202200020220100022282220001022020002202000001212201
6712 102212100002022000002032000022282220000230200000220200001212201
6713 102212100020220000001202200022282220002202100000022020001212201
6714 102212100202200000100020220022282220022020001000002202001212201
6715 102212102022000010000002022022282220220200000010000220201212201
6716 102212120220001000000000202222282222202000000000100022021212201
6717 102212302200100000000000020242282242020000000000001002203212201
6718 102214122010000000000000002044282440200000000000000010221412201
6719 102232321000000000000000000224484422000000000000000000123232201
6720 121000000000000000000000000000242000000000000000000000000000121
6721 121000000000000242000000000000363000000000000242000000000000121
6722 121000000000002202200000000010262010000000002202200000000000121
6723 121000000000002444200000000012585210000000002444200000000000121
6724 121000000000022000220000001000262000100000022000220000000000121
6725 121000000000022242220000001022383220100000022242220000000000121
6726 121000000000024202420000001210484012100000024202420000000000121
6727 121000000000220000022000100000262000001000220000022000000000121
6728 121000000000220242022000100220383022001000220242022000000000121
6729 121000000000222202222000102012282210201000222202222000000000121
6730 121000000000242000242000121000484000121000242000242000000000121
6731 121000000002200000002210000000262000000012200000002200000000121
6732 121000000002200242002210002200383002200012200242002200000000121
6733 121000000002202202202210020030282030020012202202202200000000121
6734 121000000002222000222210201002282200102012222000222200000000121
6735 121000000002420000024212100000484000001212420000024200000000121
6736 121000000022000000001220000000262000000022100000000220000000121
6737 121000000022000242001220022000383000220022100242000220000000121
6738 121000000022002202201220200210282012002022102202200220000000121
6739 121000000022022000221222001020282020100222122000220220000000121
6740 121000000022220000023240100002282200001042320000022220000000121
6741 121000000024200000003630000000484000000036300000002420000000121
6742 121000000220000000100022000000262000000220001000000022000000121
6743 121000000220000242100022220000383000022220001242000022000000121
6744 121000000220002202300024002010282010200420003202200022000000121
6745 121000000220022000320042001200282002100240023000220022000000121
6746 121000000220220000122222100020282020001222221000022022000000121
6747 121000000222200000104232000002282200000232401000002222000000121
6748 121000000242000000121242000000484000000242121000000242000000121
6749 121000002200000010000002200000262000002200000010000002200000121
6750 121000002200000252000004400000383000004400000252000002200000121
6751 121000002200002212200022220010282010022220002212200002200000121
6752 121000002200022010220202203000282000302202022010220002200000121
6753 121000002200220010024002300200282002003200420010022002200000121
6754 121000002202200010022212200020282020002212220010002202200000121
6755 121000002222000010201222200002282200002222102010000222200000121
6756 121000002420000012100024200000484000002420001210000024200000121
6757 121000022000001000000000220000262000022000000000100000220000121
6758 121000022000001242000022220000383000022220000242100000220000121
6759 121000022000003202200200420010282010024002002202300000220000121
6760 121000022000023000222000241000282000142000222000320000220000121
6761 121000022000221000042000322000282000223000240000122000220000121
6762 121000022002201000202210220200282002022012202000102200220000121
6763 121000022022001002001220220020282020022022100200100220220000121
6764 121000022220001020100022220002282200022220001020100022220000121
6765 121000024200001210000002420000484000024200000012100002420000121
6766 121000220000100000000000022000262000220000000000001000022000121
6767 121000220000100242000220022000383000220022000242001000022000121
6768 121000220000102202202002022010282010220200202202201000022000121
6769 121000220000122000240000223000282000322000042000221000022000121
6770 121000220000320000222000142000282000241000222000023000022000121
6771 121000220002300002002210024000282000420012200200003200022000121
6772 121000220022100020001220022200282002220022100020001220022000121
6773 121000220220100200100022022020282020220220001002001022022000121
6774 121000222200102010000002222002282200222200000010201002222000121
6775 121000242000121000000000242000484000242000000000121000242000121
6776 121002200010000000000000002200262002200000000000000010002200121
6777 121002200010000242002200002200383002200002200242000010002200121
6778 121002200010002202220020002210282012200020022202200010002200121
6779 121002200010022000420002003200282002300200024000220010002200121
6780 121002200010220002022000302200282002203000220200022010002200121
6781 121002200012200020002210022200282002220012200020002210002200121
6782 121002200032000200001220004200282002400022100002000230002200121
6783 121002200230002000100022002400282004200220001000200032002200121
6784 121002202210020010000002202220282022202200000010020012202200121
6785 121002222010201000000000222202282202222000000000102010222200121
6786 121002420012100000000000024200484002420000000000001210024200121
6787 121022001000000000000000000220262022000000000000000000100220121
6788 121022001000000242022000000220383022000000220242000000100220121
6789 121022001000002202400200000230282032000002004202200000100220121
6790 121022001000022002220020001220282022100020022200220000100220121
6791 121022001000220020022002100220282022001200220020022000100220121
6792 121022001002200200002210200220282022002012200002002200100220121
6793 121022001022002000001220020220282022020022100000200220100220121
6794 121022001220020000100022002220282022200220001000020022100220121
6795 121022003200200010000002200420282024002200000010002002300220121
6796 121022023002001000000000220240282042022000000000100200320220121
6797 121022221020100000000000022222282222220000000000001020122220121
6798 121024201210000000000000002420484024200000000000000012102420121
6799 121220100000000000000000000022262220000000000000000000001022121
6800 121220100000000242220000000022383220000000022242000000001022121
6801 121220100000002204202000000032282230000000202402200000001022121
6802 121220100000022020220200001022282220100002022020220000001022121
6803 121220100000220200022020100022282220001020220002022000001022121
6804 121220100002202000002212000022282220000212200000202200001022121
6805 121220100022020000001220200022282220002022100000020220001022121
6806 121220100220200000100022020022282220020220001000002022001022121
6807 121220102202000010000002202022282220202200000010000202201022121
6808 121220122020001000000000220222282222022000000000100020221022121
6809 121220320200100000000000022042282240220000000000001002023022121
6810 121222302010000000000000002224282422200000000000000010203222121
6811 121242121000000000000000000242484242000000000000000000121242121
6812 123210000000000000000000000002464200000000000000000000000012321
6813 123210000000000244200000000002585200000000002442000000000012321
6814 123210000000002222220000000012484210000000022222200000000012321
6815 123210000000022200222000001002484200100000222002220000000012321
6816 123210000000222000022200100002484200001002220000222000000012321
6817 123210000002220000002230000002484200000032200000022200000012321
6818 123210000022200000001222000002484200000222100000002220000012321
6819 123210000222000000100022200002484200002220001000000222000012321
6820 123210002220000010000002220002484200022200000010000022200012321
6821 123210022200001000000000222002484200222000000000100002220012321
6822 123210222000100000000000022202484202220000000000001000222012321
6823 123212220010000000000000002222484222200000000000000010022212321
6824 123232201000000000000000000224484422000000000000000000102232321
6825 123432100000000000000000000024686420000000000000000000001234321
6826 400000000000000000000000000000080000000000000000000000000000004
6827 942379023253721145582536575330464033575635285541127352320973249
6828 10000000000000000000000000000000200000000000000000000000000000001
6829 10000000000000002000000000000000300000000000000020000000000000001
6830 10000000000000004000000000000000600000000000000040000000000000001
6831 10000000000000020200000000000010401000000000000202000000000000001
6832 10000000000000022200000000000012521000000000000222000000000000001
6833 10000000000000024200000000000014841000000000000242000000000000001
6834 10000000000000200020000000001000400010000000002000200000000000001
6835 10000000000000202020000000001020502010000000002020200000000000001
6836 10000000000000204020000000001040804010000000002040200000000000001
6837 10000000000000220220000000001212621210000000002202200000000000001
6838 10000000000000222220000000001234743210000000002222200000000000001
6839 10000000000002000002000000100000400000100000020000020000000000001
6840 10000000000002002002000000100200500200100000020020020000000000001
6841 10000000000002004002000000100400800400100000020040020000000000001
6842 10000000000002020202000000102030603020100000020202020000000000001
6843 10000000000002022202000000102232723220100000020222020000000000001
6844 10000000000002200022000000121002620012100000022000220000000000001
6845 10000000000002202022000000121222722212100000022020220000000000001
6846 10000000000002220222000000123234843232100000022202220000000000001
6847 10000000000002222222000000123456965432100000022222220000000000001
6848 10000000000020000000200010000000400000001000200000002000000000001
6849 10000000000020002000200010002000500020001000200020002000000000001
6850 10000000000020004000200010004000800040001000200040002000000000001
6851 10000000000020020200200010020210601202001000200202002000000000001
6852 10000000000020022200200010022212721222001000200222002000000000001
6853 10000000000020200020200010201020602010201000202000202000000000001
6854 10000000000020202020200010203040704030201000202020202000000000001
6855 10000000000020220220200010221432823412201000202202202000000000001
6856 10000000000020222220200010223454945432201000202222202000000000001
6857 10000000000022000002200012100002620000121000220000022000000000001
6858 10000000000022002002200012102202720220121000220020022000000000001
6859 10000000000022020202200012122232823222121000220202022000000000001
6860 10000000000022022202200012124434943442121000220222022000000000001
6861 10000000000022200022200012321024842012321000222000222000000000001
6862 10000000000022202022200012323244944232321000222020222000000000001
6863 10000000000200000000021000000000400000000012000000000200000000001
6864 10000000000200002000021000020000500002000012000020000200000000001
6865 10000000000200004000021000040000800004000012000040000200000000001
6866 10000000000200020200021000202010601020200012000202000200000000001
6867 10000000000200022200021000222012721022200012000222000200000000001
6868 10000000000200200020021002001200600210020012002000200200000000001
6869 10000000000200202020021002021220702212020012002020200200000000001
6870 10000000000200220220021002203412821430220012002202200200000000001
6871 10000000000200222220021002223434943432220012002222200200000000001
6872 10000000000202000002021020100020602000102012020000020200000000001
6873 10000000000202002002021020120220702202102012020020020200000000001
6874 10000000000202020202021020304050805040302012020202020200000000001
6875 10000000000202022202021020324252925242302012020222020200000000001
6876 10000000000202200022021022121222822212122012022000220200000000001
6877 10000000000202202022021022141442924414122012022020220200000000001
6878 10000000000220000000221210000002620000001212200000002200000000001
6879 10000000000220002000221210022002720022001212200020002200000000001
6880 10000000000220020200221210222212821222201212200202002200000000001
6881 10000000000220022200221210244214941244201212200222002200000000001
6882 10000000000220200020221212201222822210221212202000202200000000001
6883 10000000000220202020221212223242924232221212202020202200000000001
6884 10000000000222000002221232100024842000123212220000022200000000001
6885 10000000000222002002221232122224942222123212220020022200000000001
6886 10000000002000000000102000000000400000000020100000000020000000001
6887 10000000002000002000102000200000500000200020100020000020000000001
6888 10000000002000004000102000400000800000400020100040000020000000001
6889 10000000002000020200102002020010601002020020100202000020000000001
6890 10000000002000022200102002220012721002220020100222000020000000001
6891 10000000002000200020102020003000600030002020102000200020000000001
6892 10000000002000202020102020203020702030202020102020200020000000001
6893 10000000002000220220102022023212821232022020102202200020000000001
6894 10000000002000222220102022223234943232222020102222200020000000001
6895 10000000002002000002102200100200600200100220120000020020000000001
6896 10000000002002002002102200300400700400300220120020020020000000001
6897 10000000002002020202102202122230803222120220120202020020000000001
6898 10000000002002022202102202322432923422320220120222020020000000001
6899 10000000002002200022102220123202820232102220122000220020000000001
6900 10000000002002202022102220323422922432302220122020220020000000001
6901 10000000002020000000304010000020602000001040300000002020000000001
6902 10000000002020002000304010202020702020201040300020002020000000001
6903 10000000002020020200304012040230803204021040300202002020000000001
6904 10000000002020022200304012242232923224221040300222002020000000001
6905 10000000002020200020304030203040804030203040302000202020000000001
6906 10000000002020202020304030405060906050403040302020202020000000001
6907 10000000002022000002304212100222822200121240320000022020000000001
6908 10000000002022002002304212302422922420321240320020022020000000001
6909 10000000002200000000143000000002620000000034100000000220000000001
6910 10000000002200002000143000220002720002200034100020000220000000001
6911 10000000002200020200143002222012821022220034100202000220000000001
6912 10000000002200022200143002442014941024420034100222000220000000001
6913 10000000002200200020143022003202820230022034102000200220000000001
6914 10000000002200202020143022223222922232222034102020200220000000001
6915 10000000002202000002143220100222822200102234120000020220000000001
6916 10000000002202002002143220320422922402302234120020020220000000001
6917 10000000002220000000345210000024842000001254300000002220000000001
6918 10000000002220002000345210222024942022201254300020002220000000001
6919 10000000020000000010000200000000400000000200001000000002000000001
6920 10000000020000002010000202000000500000020200001020000002000000001
6921 10000000020000004010000204000000800000040200001040000002000000001
6922 10000000020000020210000220200010601000202200001202000002000000001
6923 10000000020000022210000222200012721000222200001222000002000000001
6924 10000000020000200030000400021000600012000400003000200002000000001
6925 10000000020000202030000402021020702012020400003020200002000000001
6926 10000000020000220230000420221212821212202400003202200002000000001
6927 10000000020000222230000422221234943212222400003222200002000000001
6928 10000000020002000012002200102000600020100220021000020002000000001
6929 10000000020002002012002202102200700220120220021020020002000000001
6930 10000000020002020212002220304030803040302220021202020002000000001
6931 10000000020002022212002222304232923240322220021222020002000000001
6932 10000000020002200032002400143002820034100420023000220002000000001
6933 10000000020002202032002402143222922234120420023020220002000000001
6934 10000000020020000010220210000200600200001202201000002002000000001
6935 10000000020020002010220212002200700220021202201020002002000000001
6936 10000000020020020210220230220410801402203202201202002002000000001
6937 10000000020020022210220232222412921422223202201222002002000000001
6938 10000000020020200030220410221220802212201402203000202002000000001
6939 10000000020020202030220412223240904232221402203020202002000000001
6940 10000000020022000012222212102202820220121222221000022002000000001
6941 10000000020022002012222214104402920440141222221020022002000000001
6942 10000000020200000010221200000020602000000212201000000202000000001
6943 10000000020200002010221202020020702002020212201020000202000000001
6944 10000000020200020210221220402030803020402212201202000202000000001
6945 10000000020200022210221222422032923022422212201222000202000000001
6946 10000000020200200030221402021220802212020412203000200202000000001
6947 10000000020200202030221404041240904214040412203020200202000000001
6948 10000000020202000012223220102040804020102232221000020202000000001
6949 10000000020202002012223222122240904222122232221020020202000000001
6950 10000000020220000010441410000222822200001414401000002202000000001
6951 10000000020220002010441412022222922222021414401020002202000000001
6952 10000000022000000012102200000002620000000220121000000022000000001
6953 10000000022000002012102202200002720000220220121020000022000000001
6954 10000000022000020212102222220012821002222220121202000022000000001
6955 10000000022000022212102224420014941002442220121222000022000000001
6956 10000000022000200032102420023002820032002420123000200022000000001
6957 10000000022000202032102422223022922032222420123020200022000000001
6958 10000000022002000014104400102202820220100440141000020022000000001
6959 10000000022002002014104402302402920420320440141020020022000000001
6960 10000000022020000012324210000222822200001242321000002022000000001
6961 10000000022020002012324212202222922220221242321020002022000000001
6962 10000000022200000012343200000024842000000234321000000222000000001
6963 10000000022200002012343202220024942002220234321020000222000000001
6964 10000000200000001000000020000000400000002000000010000000200000001
6965 10000000200000003000000040000000500000004000000030000000200000001
6966 10000000200000005000000060000000800000006000000050000000200000001
6967 10000000200000021200000222000010601000022200000212000000200000001
6968 10000000200000023200000242000012721000024200000232000000200000001
6969 10000000200000201020002020201000600010202020002010200000200000001
6970 10000000200000203020002040201020702010204020002030200000200000001
6971 10000000200000221220002222201212821210222220002212200000200000001
6972 10000000200000223220002242201234943210224220002232200000200000001
6973 10000000200002001002020020120000600002102002020010020000200000001
6974 10000000200002003002020040120200700202104002020030020000200000001
6975 10000000200002021202020222122030803022122202020212020000200000001
6976 10000000200002023202020242122232923222124202020232020000200000001
6977 10000000200002201022022020341002820014302022022010220000200000001
6978 10000000200002203022022040341222922214304022022030220000200000001
6979 10000000200020001000400030002000600020003000400010002000200000001
6980 10000000200020003000400050004000700040005000400030002000200000001
6981 10000000200020021200400232022210801222023200400212002000200000001
6982 10000000200020023200400252024212921242025200400232002000200000001
6983 10000000200020201020402030403020802030403020402010202000200000001
6984 10000000200020203020402050405040904050405020402030202000200000001
6985 10000000200022001002420032122002820022123002420010022000200000001
6986 10000000200022003002420052124202920242125002420030022000200000001
6987 10000000200200001002021020000200600200002012020010000200200000001
6988 10000000200200003002021040020200700202004012020030000200200000001
6989 10000000200200021202021222202210801220222212020212000200200000001
6990 10000000200200023202021242222212921222224212020232000200200000001
6991 10000000200200201022023022201400800410222032022010200200200000001
6992 10000000200200203022023042221420902412224032022030200200200000001
6993 10000000200202001004041040120220802202104014040010020200200000001
6994 10000000200202003004041060140420902404106014040030020200200000001
6995 10000000200220001002421230002202820220003212420010002200200000001
6996 10000000200220003002421250024202920242005212420030002200200000001
6997 10000000202000001020102020000020602000002020102010000020200000001
6998 10000000202000003020102040200020702000204020102030000020200000001
6999 10000000202000021220102224020030803002042220102212000020200000001
7000 10000000202000023220102244220032923002244220102232000020200000001
7001 10000000202000201040104040203020802030204040104010200020200000001
7002 10000000202000203040104060403040904030406040104030200020200000001
7003 10000000202002001022122220120220802202102222122010020020200000001
7004 10000000202002003022122240320420902402304222122030020020200000001
7005 10000000202020001020504030002040804020003040502010002020200000001
7006 10000000202020003020504050204040904040205040502030002020200000001
7007 10000000202200001022143020000222822200002034122010000220200000001
7008 10000000202200003022143040220222922202204034122030000220200000001
7009 10000000220000001210000220000002620000002200001210000002200000001
7010 10000000220000003210000242000002720000024200001230000002200000001
7011 10000000220000021410000442200012821000224400001412000002200000001
7012 10000000220000023410000464200014941000246400001432000002200000001
7013 10000000220000201230002420221002820012202420003210200002200000001
7014 10000000220000203230002442221022922012224420003230200002200000001
7015 10000000220002001212022220122002820022102222021210020002200000001
7016 10000000220002003212022242122202920222124222021230020002200000001
7017 10000000220020001210420230002202820220003202401210002002200000001
7018 10000000220020003210420252004202920240025202401230002002200000001
7019 10000000220200001212221220000222822200002212221210000202200000001
7020 10000000220200003212221242020222922202024212221230000202200000001
7021 10000000222000001232102220000024842000002220123210000022200000001
7022 10000000222000003232102242200024942000224220123230000022200000001
7023 10000002000000100000000002000000400000020000000000100000020000001
7024 10000002000000102000000202000000500000020200000020100000020000001
7025 10000002000000104000000402000000800000020400000040100000020000001
7026 10000002000000120200002022000010601000022020000202100000020000001
7027 10000002000000122200002222000012721000022220000222100000020000001
7028 10000002000000300020020004001000600010040002002000300000020000001
7029 10000002000000302020020204001020702010040202002020300000020000001
7030 10000002000000320220022024001212821210042022002202300000020000001
7031 10000002000000322220022224001234943210042222002222300000020000001
7032 10000002000002100002200002300000600000320000220000120000020000001
7033 10000002000002102002200202300200700200320200220020120000020000001
7034 10000002000002120202202022302030803020322020220202120000020000001
7035 10000002000002122202202222302232923220322220220222120000020000001
7036 10000002000002300022220004321002820012340002222000320000020000001
7037 10000002000002302022220204321222922212340202222020320000020000001
7038 10000002000020100002200012020000600002021000220000102000020000001
7039 10000002000020102002200212022000700022021200220020102000020000001
7040 10000002000020120202202032040210801204023020220202102000020000001
7041 10000002000020122202202232042212921224023220220222102000020000001
7042 10000002000020300022220014221020802012241002222000302000020000001
7043 10000002000020302022220214223040904032241202222020302000020000001
7044 10000002000022100004400014320002820002341000440000122000020000001
7045 10000002000022102004400214322202920222341200440020122000020000001
7046 10000002000200100020021002002000600020020012002000100200020000001
7047 10000002000200102020021202022000700022020212002020100200020000001
7048 10000002000200120220023022204010801040222032002202100200020000001
7049 10000002000200122220023222224012921042222232002222100200020000001
7050 10000002000200300040041006003200800230060014004000300200020000001
7051 10000002000200302040041206023220902232060214004020300200020000001
7052 10000002000202100022221022302020802020322012222000120200020000001
7053 10000002000202102022221222322220902222322212222020120200020000001
7054 10000002000220100022221212022002820022021212222000102200020000001
7055 10000002000220102022221412044002920044021412222020102200020000001
7056 10000002002000100200102002000200600200020020100200100020020000001
7057 10000002002000102200102202200200700200220220100220100020020000001
7058 10000002002000120400104024020210801202042040100402100020020000001
7059 10000002002000122400104224220212921202242240100422100020020000001
7060 10000002002000300220122024003200800230042022102200300020020000001
7061 10000002002000302220122224203220902230242222102220300020020000001
7062 10000002002002100202302202300400800400320220320200120020020000001
7063 10000002002002102202302402500600900600520420320220120020020000001
7064 10000002002020100202304012020220802202021040320200102020020000001
7065 10000002002020102202304212222220902222221240320220102020020000001
7066 10000002002200100220143002002202820220020034102200100220020000001
7067 10000002002200102220143202222202920222220234102220100220020000001
7068 10000002020000100010000000000020702000000000001000100002020000001
7069 10000002020000102010000202000020602000020200001020100002020000001
7070 10000002020000104010000404000020702000040400001040100002020000001
7071 10000002020000122210002242200030803000224220001222100002020000001
7072 10000002020000124210002444200032923000244420001242100002020000001
7073 10000002020000300030020202021000900012020202003000300002020000001
7074 10000002020000302030020404021020802012040402003020300002020000001
7075 10000002020000304030020606021040904012060602003040300002020000001
7076 10000002020002102012202202302020802020320220221020120002020000001
7077 10000002020002104012202404302220902220340420221040120002020000001
7078 10000002020020102012220212020220802202021202221020102002020000001
7079 10000002020020104012220414022220902222041402221040102002020000001
7080 10000002020200102030221202002040804020020212203020100202020000001
7081 10000002020200104030221404022040904022040412203040100202020000001
7082 10000002022000102212102202000222822200020220121220100022020000001
7083 10000002022000104212102404200222922200240420121240100022020000001
7084 10000002200000121000000022000002620000022000000012100000220000001
7085 10000002200000123000000242000002720000024200000032100000220000001
7086 10000002200000141200002244000012821000044220000214100000220000001
7087 10000002200000143200002464000014941000046420000234100000220000001
7088 10000002200000321020022024201002820010242022002012300000220000001
7089 10000002200000323020022244201022922010244222002032300000220000001
7090 10000002200002121002220022320002820002322002220012120000220000001
7091 10000002200002123002220242320202920202324202220032120000220000001
7092 10000002200020121002400032022002820022023000420012102000220000001
7093 10000002200020123002400252024002920042025200420032102000220000001
7094 10000002200200121022021022002202820220022012022012100200220000001
7095 10000002200200123022021242022202920222024212022032100200220000001
7096 10000002202000121220102022000222822200022020102212100020220000001
7097 10000002202000123220102242200222922200224220102232100020220000001
7098 10000002220000121210000000000024942000000000001212100002220000001
7099 10000002220000123210000222000024842000022200001232100002220000001
7100 10000002220000125210000444000024942000044400001252100002220000001
7101 10000020000010000000000000200000400000200000000000001000002000001
7102 10000020000010002000002000200000500000200020000020001000002000001
7103 10000020000010004000004000200000800000200040000040001000002000001
7104 10000020000010020200020200200010601000200202000202001000002000001
7105 10000020000010022200022200200012721000200222000222001000002000001
7106 10000020000010200020200020201000600010202000202000201000002000001
7107 10000020000010202020202020201020702010202020202020201000002000001
7108 10000020000010220220220220201212821210202202202202201000002000001
7109 10000020000010222220222220201234943210202222202222201000002000001
7110 10000020000012000004000002300000600000320000040000021000002000001
7111 10000020000012002004002002300200700200320020040020021000002000001
7112 10000020000012020204020202302030803020320202040202021000002000001
7113 10000020000012022204022202302232923220320222040222021000002000001
7114 10000020000012200024200022321002820012322000242000221000002000001
7115 10000020000012202024202022321222922212322020242020221000002000001
7116 10000020000030000020200010400000600000401000202000003000002000001
7117 10000020000030002020202010402000700020401020202020003000002000001
7118 10000020000030020220220210420210801202401202202202003000002000001
7119 10000020000030022220222210422212921222401222202222003000002000001
7120 10000020000030200040400030601020802010603000404000203000002000001
7121 10000020000030202040402030603040904030603020404020203000002000001
7122 10000020000032000024200014500002820000541000242000023000002000001
7123 10000020000032002024202014502202920220541020242020023000002000001
7124 10000020000210000200021000220000600002200012000200001200002000001
7125 10000020000210002200023000240000700004200032000220001200002000001
7126 10000020000210020400041200422010801022400214000402001200002000001
7127 10000020000210022400043200442012921024400234000422001200002000001
7128 10000020000210200220221022221200800212222012202200201200002000001
7129 10000020000210202220223022241220902214222032202220201200002000001
7130 10000020000212000204021022320020802002322012040200021200002000001
7131 10000020000212002204023022340220902204322032040220021200002000001
7132 10000020000230000220221210420002820002401212202200003200002000001
7133 10000020000230002220223210442002920024401232202220003200002000001
7134 10000020002010000000100000002000700020000000100000001020002000001
7135 10000020002010002000102000202000600020200020100020001020002000001
7136 10000020002010004000104000402000700020400040100040001020002000001
7137 10000020002010022200122202222010801022220222100222001020002000001
7138 10000020002010024200124202422012921022420242100242001020002000001
7139 10000020002010202020302040205000800050204020302020201020002000001
7140 10000020002010204020304040405020902050404040302040201020002000001
7141 10000020002012000004100202102000900020120200140000021020002000001
7142 10000020002012002004102202302200800220320220140020021020002000001
7143 10000020002012004004104202502400900420520240140040021020002000001
7144 10000020002030000020302010200020902000201020302000003020002000001
7145 10000020002030002020304010402020802020401040302020003020002000001
7146 10000020002030004020306010604020902040601060302040003020002000001
7147 10000020002210000200141000002002920020000014100200001220002000001
7148 10000020002210002200143000222002820022200034100220001220002000001
7149 10000020002210004200145000442002920024400054100240001220002000001
7150 10000020020010020010000200200200600200200200001002001002002000001
7151 10000020020010022010002202200200700200220220001022001002002000001
7152 10000020020010040210020420400210801200402402001204001002002000001
7153 10000020020010042210022422400212921200422422001224001002002000001
7154 10000020020010220030200420221200800212202400203002201002002000001
7155 10000020020010222030202422221220902212222420203022201002002000001
7156 10000020020012020014002202302200800220320220041002021002002000001
7157 10000020020012022014004204302400900420340240041022021002002000001
7158 10000020020030020030220210400400800400401202203002003002002000001
7159 10000020020030022030222212402400900420421222203022003002002000001
7160 10000020020210020210221200220220802202200212201202001202002000001
7161 10000020020210022210223202240220902204220232201222001202002000001
7162 10000020022010022012102200202202820220200220121022001022002000001
7163 10000020022010024012104202402202920220420240121042001022002000001
7164 10000020200010201000000020200020602000202000000010201000202000001
7165 10000020200010203000002040200020702000204020000030201000202000001
7166 10000020200010221200020422200030803000222402000212201000202000001
7167 10000020200010223200022442200032923000224422000232201000202000001
7168 10000020200010401020202040401020802010404020202010401000202000001
7169 10000020200010403020204060401040904010406040202030401000202000001
7170 10000020200012201004020022320020802002322002040010221000202000001
7171 10000020200012203004022042320220902202324022040030221000202000001
7172 10000020200030201020400030402020802020403000402010203000202000001
7173 10000020200030203020402050404020902040405020402030203000202000001
7174 10000020200210201202021020220220802202202012020210201200202000001
7175 10000020200210203202023040240220902204204032020230201200202000001
7176 10000020202010201020100000002040904020000000102010201020202000001
7177 10000020202010203020102020202040804020202020102030201020202000001
7178 10000020202010205020104040402040904020404040102050201020202000001
7179 10000020220010221210000220200222822200202200001212201002202000001
7180 10000020220010223210002242200222922200224220001232201002202000001
7181 10000022000012100000000002200002620000220000000000121000022000001
7182 10000022000012102000002202200002720000220220000020121000022000001
7183 10000022000012120200022222200012821000222222000202121000022000001
7184 10000022000012122200024422200014941000222442000222121000022000001
7185 10000022000012300020220024201002820010242002202000321000022000001
7186 10000022000012302020222224201022922010242222202020321000022000001
7187 10000022000014100004200004500002820000540000240000141000022000001
7188 10000022000014102004202204500202920200540220240020141000022000001
7189 10000022000032100022200012420002820002421000222000123000022000001
7190 10000022000032102022202212422002920022421220222020123000022000001
7191 10000022000212100220021002222002820022220012002200121200022000001
7192 10000022000212102220023202242002920024220232002220121200022000001
7193 10000022002012102200102002202202820220220020100220121020022000001
7194 10000022002012104200104202402202920220420240100240121020022000001
7195 10000022020012122010000202200222822200220200001022121002022000001
7196 10000022020012124010002404200222922200240420001042121002022000001
7197 10000022200012321000000022200024842000222000000012321000222000001
7198 10000022200012323000002242200024942000224220000032321000222000001
7199 10000200001000000000000000020000400002000000000000000010000200001
7200 10000200001000002000020000020000500002000002000020000010000200001
7201 10000200001000004000040000020000800002000004000040000010000200001
7202 10000200001000020200202000020010601002000020200202000010000200001
7203 10000200001000022200222000020012721002000022200222000010000200001
7204 10000200001000200022000200021000600012000200022000200010000200001
7205 10000200001000202022020200021020702012000202022020200010000200001
7206 10000200001000220222202200021212821212000220222202200010000200001
7207 10000200001000222222222200021234943212000222222222200010000200001
7208 10000200001002000022000020120000600002102000022000020010000200001
7209 10000200001002002022020020120200700202102002022020020010000200001
7210 10000200001002020222202020122030803022102020222202020010000200001
7211 10000200001002022222222020122232923222102022222222020010000200001
7212 10000200001002200044000220141002820014102200044000220010000200001
7213 10000200001002202044020220141222922214102202044020220010000200001
7214 10000200001020000200200012020000600002021000200200002010000200001
7215 10000200001020002200220012022000700022021002200220002010000200001
7216 10000200001020020400402012040210801204021020400402002010000200001
7217 10000200001020022400422012042212921224021022400422002010000200001
7218 10000200001020200222200212221020802012221200222200202010000200001
7219 10000200001020202222220212223040904032221202222220202010000200001
7220 10000200001022000222200034120002820002143000222200022010000200001
7221 10000200001022002222220034122202920222143002222220022010000200001
7222 10000200001200000000001000200000700000200010000000000210000200001
7223 10000200001200002000021000220000600002200012000020000210000200001
7224 10000200001200004000041000240000700004200014000040000210000200001
7225 10000200001200022200223000422010801022400032200222000210000200001
7226 10000200001200024200243000442012921024400034200242000210000200001
7227 10000200001200202022021202221200800212220212022020200210000200001
7228 10000200001200204022041202241220902214220214022040200210000200001
7229 10000200001202002022021040320020802002304012022020020210000200001
7230 10000200001202004022041040340220902204304014022040020210000200001
7231 10000200001220002200221212220002820002221212200220002210000200001
7232 10000200001220004200241212242002920024221214200240002210000200001
7233 10000200003000020000102000040000600004000020100002000030000200001
7234 10000200003000022000122000240000700004200022100022000030000200001
7235 10000200003000040200304002060010801006020040300204000030000200001
7236 10000200003000042200324002260012921006220042300224000030000200001
7237 10000200003000220022102220043000800034002220122002200030000200001
7238 10000200003000222022122220243020902034202222122022200030000200001
7239 10000200003002020022102220140200800204102220122002020030000200001
7240 10000200003002022022122220340400900404302222122022020030000200001
7241 10000200003020020200304012040020802004021040300202002030000200001
7242 10000200003020022200324012242020902024221042300222002030000200001
7243 10000200003200020000123000020002920002000032100002000230000200001
7244 10000200003200022000143000240002820004200034100022000230000200001
7245 10000200003200024000163000460002920006400036100042000230000200001
7246 10000200021000200010000200022000600022000200001000200012000200001
7247 10000200021000202010020202022000700022020202001020200012000200001
7248 10000200021000220210202220222010801022202220201202200012000200001
7249 10000200021000222210222222222012921022222222201222200012000200001
7250 10000200021000400032000600043000800034000600023000400012000200001
7251 10000200021000402032020602043020902034020602023020400012000200001
7252 10000200021002200032002220124000800042102220023000220012000200001
7253 10000200021002202032022222124200900242122222023020220012000200001
7254 10000200021020200210220212022200800222021202201200202012000200001
7255 10000200021020202210240214024200900242041204201220202012000200001
7256 10000200021200202010221200222020802022200212201020200212000200001
7257 10000200021200204010241202242020902024220214201040200212000200001
7258 10000200023000220012102200042002820024000220121002200032000200001
7259 10000200023000222012122202242002920024220222121022200032000200001
7260 10000200201002001000000020020200600202002000000010020010200200001
7261 10000200201002003000020040020200700202004002000030020010200200001
7262 10000200201002021200202222020210801202022220200212020010200200001
7263 10000200201002023200222242020212921202024222200232020010200200001
7264 10000200201002201022002220221200800212202220022010220010200200001
7265 10000200201002203022022240221220902212204222022030220010200200001
7266 10000200201004001022020040140200800204104002022010040010200200001
7267 10000200201004003022040060140400900404106004022030040010200200001
7268 10000200201022001200400032022200800222023000400210022010200200001
7269 10000200201022003200420052024200900242025002400230022010200200001
7270 10000200201202001002001000200400900400200010020010020210200200001
7271 10000200201202003002021020220400800402202012020030020210200200001
7272 10000200201202005002041040240400900404204014020050020210200200001
7273 10000200203002021020102020040220802204002020102012020030200200001
7274 10000200203002023020122040240220902204204022102032020030200200001
7275 10000200221002201210000220022202820222002200001210220012200200001
7276 10000200221002203210020242022202920222024202001230220012200200001
7277 10000202001020100000000002020020602002020000000000102010020200001
7278 10000202001020102000020202020020702002020202000020102010020200001
7279 10000202001020120200204022020030803002022040200202102010020200001
7280 10000202001020122200224222020032923002022242200222102010020200001
7281 10000202001020300022020204021020802012040202022000302010020200001
7282 10000202001020302022040404021040904012040404022020302010020200001
7283 10000202001022100022200022320020802002322000222000122010020200001
7284 10000202001022102022220222320220902202322202222020122010020200001
7285 10000202001040100202200014040020802004041000220200104010020200001
7286 10000202001040102202220214042020902024041202220220104010020200001
7287 10000202001220102020021002222020802022220012002020102210020200001
7288 10000202001220104020041202242020902024220214002040102210020200001
7289 10000202003020120200102002040220802204020020100202102030020200001
7290 10000202003020122200122202240220902204220222100222102030020200001
7291 10000202021020302010000202022040804022020200001020302012020200001
7292 10000202021020304010020404022040904022040402001040302012020200001
7293 10000202201022121000000022020222822202022000000012122010220200001
7294 10000202201022123000020242020222922202024202000032122010220200001
7295 10000220001210000000000000220002620002200000000000001210002200001
7296 10000220001210002000022000220002720002200022000020001210002200001
7297 10000220001210020200222200220012821002200222200202001210002200001
7298 10000220001210022200244200220014941002200244200222001210002200001
7299 10000220001210200022200220221002820012202200222000201210002200001
7300 10000220001210202022222220221022922012202222222020201210002200001
7301 10000220001212000024000022320002820002322000042000021210002200001
7302 10000220001212002024022022320202920202322022042020021210002200001
7303 10000220001230000220200012420002820002421000202200003210002200001
7304 10000220001230002220222012422002920022421022202220003210002200001
7305 10000220001410002200021000440002820004400012000220001410002200001
7306 10000220001410004200043000460002920006400034000240001410002200001
7307 10000220003210022000102000242002820024200020100022001230002200001
7308 10000220003210024000124000442002920024400042100042001230002200001
7309 10000220021210220010000200222202820222200200001002201212002200001
7310 10000220021210222010022202222202920222220222001022201212002200001
7311 10000220201212201000000020220222822202202000000010221210202200001
7312 10000220201212203000022040220222922202204022000030221210202200001
7313 10000222001232100000000002220024842002220000000000123210022200001
7314 10000222001232102000022202220024942002220222000020123210022200001
7315 10002000100000000000000000002000400020000000000000000000100020001
7316 10002000100000002000200000002000500020000000200020000000100020001
7317 10002000100000004000400000002000800020000000400040000000100020001
7318 10002000100000020202020000002010601020000002020202000000100020001
7319 10002000100000022202220000002012721020000002220222000000100020001
7320 10002000100000200040002000003000600030000020004000200000100020001
7321 10002000100000202040202000003020702030000020204020200000100020001
7322 10002000100000220242022000003212821230000022024202200000100020001
7323 10002000100000222242222000003234943230000022224222200000100020001
7324 10002000100002000202000200102000600020100200020200020000100020001
7325 10002000100002002202200200102200700220100200220220020000100020001
7326 10002000100002020404020200104030803040100202040402020000100020001
7327 10002000100002022404220200104232923240100202240422020000100020001
7328 10002000100002200242002200123002820032100220024200220000100020001
7329 10002000100002202242202200123222922232100220224220220000100020001
7330 10002000100020000000000030000000700000003000000000002000100020001
7331 10002000100020002000200030002000600020003000200020002000100020001
7332 10002000100020004000400030004000700040003000400040002000100020001
7333 10002000100020022202220030022210801222003002220222002000100020001
7334 10002000100020024202420030024212921242003002420242002000100020001
7335 10002000100020200040002030201000900010203020004000202000100020001
7336 10002000100020202040202030203020802030203020204020202000100020001
7337 10002000100020204040402030205040904050203020404040202000100020001
7338 10002000100022002202200232102002820020123200220220022000100020001
7339 10002000100022004202400232104202920240123200420240022000100020001
7340 10002000100200020000021002002000600020020012000002000200100020001
7341 10002000100200022000221002022000700022020012200022000200100020001
7342 10002000100200040202041002204010801040220014020204000200100020001
7343 10002000100200042202241002224012921042220014220224000200100020001
7344 10002000100200220040023004003200800230040032004002200200100020001
7345 10002000100200222040223004023220902232040032204022200200100020001
7346 10002000100202020202021222102020802020122212020202020200100020001
7347 10002000100202022202221222122220902222122212220222020200100020001
7348 10002000100220022000221232002002820020023212200022002200100020001
7349 10002000100220024000421232024002920042023212400042002200100020001
7350 10002000102000200000102000202000600020200020100000200020100020001
7351 10002000102000202000302000402000700020400020300020200020100020001
7352 10002000102000220202122002222010801022220022120202200020100020001
7353 10002000102000222202322002422012921022420022320222200020100020001
7354 10002000102000400040104020205000800050202040104000400020100020001
7355 10002000102000402040304020405020902050402040304020400020100020001
7356 10002000102002200202102400302200800220300420120200220020100020001
7357 10002000102002202202302400502400900420500420320220220020100020001
7358 10002000102020200000104030000020902000003040100000202020100020001
7359 10002000102020202000304030202020802020203040300020202020100020001
7360 10002000102020204000504030404020902040403040500040202020100020001
7361 10002000102200220000143002202002820020220034100002200220100020001
7362 10002000102200222000343002422002920022420034300022200220100020001
7363 10002000120002000010000200022000600022000200001000020002100020001
7364 10002000120002002010200202022000700022020200201020020002100020001
7365 10002000120002020212020220222010801022202202021202020002100020001
7366 10002000120002022212220222222012921022222202221222020002100020001
7367 10002000120002200050002400043000800034000420005000220002100020001
7368 10002000120002202050202402043020902034020420205020220002100020001
7369 10002000120004000212002400124000800042100420021200040002100020001
7370 10002000120004002212202402124200900242120420221220040002100020001
7371 10002000120022002010220230022200800222003202201020022002100020001
7372 10002000120022004010420232024200900242023202401040022002100020001
7373 10002000120202020010221202022020802022020212201002020202100020001
7374 10002000120202022010421204042020902024040212401022020202100020001
7375 10002000122002200012102200222002820022200220121000220022100020001
7376 10002000122002202012302202422002920022420220321020220022100020001
7377 10002000300020001000000020004000600040002000000010002000300020001
7378 10002000300020003000200040004000700040004000200030002000300020001
7379 10002000300020021202020222004010801040022202020212002000300020001
7380 10002000300020023202220242004012921040024202220232002000300020001
7381 10002000300020201040004020205000800050202040004010202000300020001
7382 10002000300020203040204040205020902050204040204030202000300020001
7383 10002000300022001202020220124000800042102202020210022000300020001
7384 10002000300022003202220240124200900242104202220230022000300020001
7385 10002000300040001000200030004000900040003000200010004000300020001
7386 10002000300040003000400050006000800060005000400030004000300020001
7387 10002000300040005000600070008000900080007000600050004000300020001
7388 10002000300220021002021022004200800240022012020012002200300020001
7389 10002000300220023002221042024200900242024012220032002200300020001
7390 10002000302020201020102020204020802040202020102010202020300020001
7391 10002000302020203020302040404020902040404020302030202020300020001
7392 10002000320022001210000220024002820042002200001210022002300020001
7393 10002000320022003210200242024002920042024200201230022002300020001
7394 10002002100200100000000002002200600220020000000000100200120020001
7395 10002002100200102000200202002200700220020200200020100200120020001
7396 10002002100200120202022022002210801220022022020202100200120020001
7397 10002002100200122202222222002212921220022222220222100200120020001
7398 10002002100200300040022004003200800230040022004000300200120020001
7399 10002002100200302040222204003220902230040222204020300200120020001
7400 10002002100202100202200202302200800220320200220200120200120020001
7401 10002002100202102202400402302400900420320400420220120200120020001
7402 10002002100220102002200032022200800222023000220020102200120020001
7403 10002002100220104002400232024200900242023200420040102200120020001
7404 10002002100400120020021004004200800240040012002002100400120020001
7405 10002002100400122020221204024200900242040212202022100400120020001
7406 10002002102200300200102002202400800420220020100200300220120020001
7407 10002002102200302200302202402400900420420220300220300220120020001
7408 10002002120202102010000202022220802222020200001020120202120020001
7409 10002002120202104010200404022220902222040400201040120202120020001
7410 10002002300220121000000022004202820240022000000012102200320020001
7411 10002002300220123000200242004202920240024200200032102200320020001
7412 10002020102010000000000000202020602020200000000000001020102020001
7413 10002020102010002000202000202020702020200020200020001020102020001
7414 10002020102010020202040200202030803020200204020202001020102020001
7415 10002020102010022202242200202032923020200224220222001020102020001
7416 10002020102010200040202020203020802030202020204000201020102020001
7417 10002020102010202040404020203040904030202040404020201020102020001
7418 10002020102012000204000202302020802020320200040200021020102020001
7419 10002020102012002204202202302220902220320220240220021020102020001
7420 10002020102030002020200030402020802020403000202020003020102020001
7421 10002020102030004020402030404020902040403020402040003020102020001
7422 10002020102210020200021002222020802022220012000202001220102020001
7423 10002020102210022200223002242020902024220032200222001220102020001
7424 10002020104010202000102000404020802040400020100020201040102020001
7425 10002020104010204000304000604020902040600040300040201040102020001
7426 10002020122012020010000200222220802222200200001002021022102020001
7427 10002020122012022010202202222220902222220220201022021022102020001
7428 10002020302030201000000020204040804040202000000010203020302020001
7429 10002020302030203000202040204040904040204020200030203020302020001
7430 10002022102212100000000002202222822220220000000000121220122020001
7431 10002022102212102000202202202222922220220220200020121220122020001
7432 10002200121000000000000000022002620022000000000000000012100220001
7433 10002200121000002000220000022002720022000002200020000012100220001
7434 10002200121000020202222000022012821022000022220202000012100220001
7435 10002200121000022202442000022014941022000024420222000012100220001
7436 10002200121000200042002200023002820032000220024000200012100220001
7437 10002200121000202042222200023022922032000222224020200012100220001
7438 10002200121002000222000220122002820022102200022200020012100220001
7439 10002200121002002222220220122202920222102202222220020012100220001
7440 10002200121020002200200032022002820022023000200220002012100220001
7441 10002200121020004200420032024002920042023002400240002012100220001
7442 10002200121200022000021002222002820022220012000022000212100220001
7443 10002200121200024000241002242002920024220014200042000212100220001
7444 10002200123000220000102000242002820024200020100002200032100220001
7445 10002200123000222000322000442002920024400022300022200032100220001
7446 10002200141002200010000200044002820044000200001000220014100220001
7447 10002200141002202010220202044002920044020202201020220014100220001
7448 10002200321022001000000020024202820242002000000010022012300220001
7449 10002200321022003000220040024202920242004002200030022012300220001
7450 10002202121220100000000002022222822222020000000000102212120220001
7451 10002202121220102000220202022222922222020202200020102212120220001
7452 10002220123210000000000000222024842022200000000000001232102220001
7453 10002220123210002000222000222024942022200022200020001232102220001
7454 10020010000000000000000000000200400200000000000000000000001002001
7455 10020010000000002002000000000200500200000000020020000000001002001
7456 10020010000000004004000000000200800200000000040040000000001002001
7457 10020010000000020220200000000210601200000000202202000000001002001
7458 10020010000000022222200000000212721200000000222222000000001002001
7459 10020010000000200220020000001200600210000002002200200000001002001
7460 10020010000000202222020000001220702210000002022220200000001002001
7461 10020010000000220440220000001412821410000002204402200000001002001
7462 10020010000000222442220000001434943410000002224422200000001002001
7463 10020010000002000000002000100000700000100020000000020000001002001
7464 10020010000002002002002000100200600200100020020020020000001002001
7465 10020010000002004004002000100400700400100020040040020000001002001
7466 10020010000002022222202000102230803220100020222222020000001002001
7467 10020010000002024224202000102432923420100020242242020000001002001
7468 10020010000002202222022000121202820212100022022220220000001002001
7469 10020010000002204224022000121422922412100022042240220000001002001
7470 10020010000020020000200210000200600200001200200002002000001002001
7471 10020010000020022002200210002200700220001200220022002000001002001
7472 10020010000020040220400210020410801402001200402204002000001002001
7473 10020010000020042222400210022412921422001200422224002000001002001
7474 10020010000020220220220210201220802210201202202202202000001002001
7475 10020010000020222222220210203240904230201202222222202000001002001
7476 10020010000022022002202212100202820200121220220022022000001002001
7477 10020010000022024004202212102402920420121220240042022000001002001
7478 10020010000200200000021020000200600200002012000000200200001002001
7479 10020010000200202002021020020200700202002012020020200200001002001
7480 10020010000200220220221020202210801220202012202202200200001002001
7481 10020010000200222222221020222212921222202012222222200200001002001
7482 10020010000200400220041022001400800410022014002200400200001002001
7483 10020010000200402222041022021420902412022014022220400200001002001
7484 10020010000202202002023040100220802200104032020020220200001002001
7485 10020010000202204004023040120420902402104032040040220200001002001
7486 10020010000220220000221430000202820200003412200002202200001002001
7487 10020010000220222002221430022202920222003412220022202200001002001
7488 10020010002002000000102002000200600200020020100000020020001002001
7489 10020010002002002002102002200200700200220020120020020020001002001
7490 10020010002002020220302004020210801202040020302202020020001002001
7491 10020010002002022222302004220212921202240020322222020020001002001
7492 10020010002002200220122022003200800230022022102200220020001002001
7493 10020010002002202222122022203220902230222022122220220020001002001
7494 10020010002004002002104202100400800400120240120020040020001002001
7495 10020010002004004004104202300600900600320240140040040020001002001
7496 10020010002022020000304212000220802200021240300002022020001002001
7497 10020010002022022002304212202220902220221240320022022020001002001
7498 10020010002202200000143022000202820200022034100000220220001002001
7499 10020010002202202002143022220202920202222034120020220220001002001
7500 10020010020020000010000200200200600200200200001000002002001002001
7501 10020010020020002012000202200200700200220200021020002002001002001
7502 10020010020020020230200220400210801200402200203202002002001002001
7503 10020010020020022232200222400212921200422200223222002002001002001
7504 10020010020020200230020400221200800212200402003200202002001002001
7505 10020010020020202232020402221220902212220402023220202002001002001
7506 10020010020022002012004200302200800220300240021020022002001002001
7507 10020010020022004014004202302400900420320240041040022002001002001
7508 10020010020040020010220410200400800400201402201002004002001002001
7509 10020010020040022012220412202400900420221402221022004002001002001
7510 10020010020220200010221220200220802200202212201000202202001002001
7511 10020010020220202012221222220220902202222212221020202202001002001
7512 10020010022022000012102202200202820200220220121000022022001002001
7513 10020010022022002014102204400202920200440220141020022022001002001
7514 10020010200200001000000020020200600202002000000010000200201002001
7515 10020010200200003002000040020200700202004000020030000200201002001
7516 10020010200200021220200222020210801202022200202212000200201002001
7517 10020010200200023222200242020212921202024200222232000200201002001
7518 10020010200200201220022020221200800212202022002210200200201002001
7519 10020010200200203222022040221220902212204022022230200200201002001
7520 10020010200202001000022000140000900004100022000010020200201002001
7521 10020010200202003002022020140200800204102022020030020200201002001
7522 10020010200202005004022040140400900404104022040050020200201002001
7523 10020010200220021000400230022200800222003200400012002200201002001
7524 10020010200220023002400250024200900242005200420032002200201002001
7525 10020010200400201002021040020400800402004012020010200400201002001
7526 10020010200400203004021060040400900404006012040030200400201002001
7527 10020010202202001020102022020220802202022020102010020220201002001
7528 10020010202202003022102042220220902202224020122030020220201002001
7529 10020010220220001210000220220202820202202200001210002202201002001
7530 10020010220220003212000242220202920202224200021230002202201002001
7531 10020012002000100000000002002200600220020000000000100020021002001
7532 10020012002000102002000202002200700220020200020020100020021002001
7533 10020012002000120220202022002210801220022020202202100020021002001
7534 10020012002000122222202222002212921220022220222222100020021002001
7535 10020012002000300220040004003200800230040004002200300020021002001
7536 10020012002000302222040204003220902230040204022220300020021002001
7537 10020012002002102002202002302200800220320020220020120020021002001
7538 10020012002002104004202202302400900420320220240040120020021002001
7539 10020012002020120002200212022200800222021200220002102020021002001
7540 10020012002020122004200412024200900242021400240022102020021002001
7541 10020012002200300020021022004200800240022012002000300220021002001
7542 10020012002200302022021222024200900242022212022020300220021002001
7543 10020012004002100200102004002400800420040020100200120040021002001
7544 10020012004002102202102204202400900420240220120220120040021002001
7545 10020012022020102010000202202220802220220200001020102022021002001
7546 10020012022020104012000404202220902220240400021040102022021002001
7547 10020012202200121000000022022202820222022000000012100220221002001
7548 10020012202200123002000242022202920222024200020032100220221002001
7549 10020030020010000000000000200400600400200000000000001002003002001
7550 10020030020010002002002000200400700400200020020020001002003002001
7551 10020030020010020220220200200410801400200202202202001002003002001
7552 10020030020010022222222200200412921400200222222222001002003002001
7553 10020030020010200220220020201400800410202002202200201002003002001
7554 10020030020010202222222020201420902410202022222220201002003002001
7555 10020030020012000002000002300200900200320000020000021002003002001
7556 10020030020012002004002002300400800400320020040020021002003002001
7557 10020030020012004006004002300600900600320040060040021002003002001
7558 10020030020030020020200210400400800400401200202002003002003002001
7559 10020030020030022022202210402400900420401220222022003002003002001
7560 10020030020210200200021020220400800402202012000200201202003002001
7561 10020030020210202202023020240400900404202032020220201202003002001
7562 10020030022012002000102002202400800420220020100020021022003002001
7563 10020030022012004002104002402400900420420040120040021022003002001
7564 10020030040030020010000200400600800600400200001002003004003002001
7565 10020030040030022012002202400600900600420220021022003004003002001
7566 10020030220210201000000020220420802402202000000010201202203002001
7567 10020030220210203002002040220420902402204020020030201202203002001
7568 10020032022012100000000002202402820420220000000000121022023002001
7569 10020032022012102002002202202402920420220220020020121022023002001
7570 10020210201000000000000000020220602202000000000000000010201202001
7571 10020210201000002002020000020220702202000002020020000010201202001
7572 10020210201000020220402000020230803202000020402202000010201202001
7573 10020210201000022222422000020232923202000022422222000010201202001
7574 10020210201000200222020200021220802212000202022200200010201202001
7575 10020210201000202224040200021240904212000204042220200010201202001
7576 10020210201002002022002020120220802202102020022020020010201202001
7577 10020210201002004024022020120420902402102022042040020010201202001
7578 10020210201020020200200212020220802202021200200202002010201202001
7579 10020210201020022202220212022220902222021202220222002010201202001
7580 10020210201200202000021020220220802202202012000020200210201202001
7581 10020210201200204002041020240220902204202014020040200210201202001
7582 10020210203002020000102002040220802204020020100002020030201202001
7583 10020210203002022002122002240220902204220022120022020030201202001
7584 10020210221020200010000200222220802222200200001000202012201202001
7585 10020210221020202012020202222220902222220202021020202012201202001
7586 10020210401202001000000020040420802404002000000010020210401202001
7587 10020210401202003002020040040420902404004002020030020210401202001
7588 10020212203020100000000002022240804222020000000000102030221202001
7589 10020212203020102002020202022240904222020202020020102030221202001
7590 10020230221210000000000000220422822402200000000000001212203202001
7591 10020230221210002002022000220422922402200022020020001212203202001
7592 10022012100000000000000000002202620220000000000000000000121022001
7593 10022012100000002002200000002202720220000000220020000000121022001
7594 10022012100000020222220000002212821220000002222202000000121022001
7595 10022012100000022224420000002214941220000002442222000000121022001
7596 10022012100000200240022000003202820230000022004200200000121022001
7597 10022012100000202242222000003222922230000022224220200000121022001
7598 10022012100002002202002200102202820220100220020220020000121022001
7599 10022012100002004204202200102402920420100220240240020000121022001
7600 10022012100020022000200230002202820220003200200022002000121022001
7601 10022012100020024002400230004202920240003200420042002000121022001
7602 10022012100200220000021022002202820220022012000002200200121022001
7603 10022012100200222002221022022202920222022012220022200200121022001
7604 10022012102002200000102002202202820220220020100000220020121022001
7605 10022012102002202002302002402202920220420020320020220020121022001
7606 10022012120022000010000200222202820222200200001000022002121022001
7607 10022012120022002012200202222202920222220200221020022002121022001
7608 10022012300220001000000020024202820242002000000010002200321022001
7609 10022012300220003002200040024202920242004000220030002200321022001
7610 10022014102200100000000002004402820440020000000000100220141022001
7611 10022014102200102002200202004402920440020200220020100220141022001
7612 10022032122010000000000000202422822420200000000000001022123022001
7613 10022032122010002002202000202422922420200020220020001022123022001
7614 10022212321000000000000000022224842222000000000000000012321222001
7615 10022212321000002002220000022224942222000002220020000012321222001
7616 10201000000000000000000000000020402000000000000000000000000010201
7617 10201000000000002020000000000020502000000000002020000000000010201
7618 10201000000000004040000000000020802000000000004040000000000010201
7619 10201000000000020402000000000030603000000000020402000000000010201
7620 10201000000000022422000000000032723000000000022422000000000010201
7621 10201000000000200000200000001000700010000000200000200000000010201
7622 10201000000000202020200000001020602010000000202020200000000010201
7623 10201000000000204040200000001040704010000000204040200000000010201
7624 10201000000000220402200000001210901210000000220402200000000010201
7625 10201000000000222422200000001232823210000000222422200000000010201
7626 10201000000000224442200000001254945210000000224442200000000010201
7627 10201000000002020002020000100020602000100002020002020000000010201
7628 10201000000002022022020000100220702200100002022022020000000010201
7629 10201000000002040404020000102050805020100002040404020000000010201
7630 10201000000002042424020000102252925220100002042424020000000010201
7631 10201000000002222022220000121022822012100002222022220000000010201
7632 10201000000002224042220000121242924212100002224042220000000010201
7633 10201000000020200000202010000020602000001020200000202000000010201
7634 10201000000020202020202010002020702020001020202020202000000010201
7635 10201000000020220402202010020230803202001020220402202000000010201
7636 10201000000020222422202010022232923222001020222422202000000010201
7637 10201000000020402020402010201040804010201020402020402000000010201
7638 10201000000020404040402010203060906030201020404040402000000010201
7639 10201000000022220002222012100022822000121022220002222000000010201
7640 10201000000022222022222012102222922220121022222022222000000010201
7641 10201000000202000000021200000020602000000212000000020200000010201
7642 10201000000202002020021200020020702002000212002020020200000010201
7643 10201000000202020402021200202030803020200212020402020200000010201
7644 10201000000202022422021200222032923022200212022422020200000010201
7645 10201000000202202020221202001220802210020212202020220200000010201
7646 10201000000202204040221202021240904212020212204040220200000010201
7647 10201000000204020002041220100040804000102214020002040200000010201
7648 10201000000204022022041220120240904202102214022022040200000010201
7649 10201000000222200000223410000022822000001432200000222200000010201
7650 10201000000222202020223410022022922022001432202020222200000010201
7651 10201000002020000000102020000020602000002020100000002020000010201
7652 10201000002020002020102020200020702000202020102020002020000010201
7653 10201000002020020402102022020030803002022020120402002020000010201
7654 10201000002020022422102022220032923002222020122422002020000010201
7655 10201000002020202020302040003020802030004020302020202020000010201
7656 10201000002020204040302040203040904030204020304040202020000010201
7657 10201000002022020002122220100220802200102222120002022020000010201
7658 10201000002022022022122220300420902400302222122022022020000010201
7659 10201000002040200000306030000040804000003060300000204020000010201
7660 10201000002040202020306030202040904020203060302020204020000010201
7661 10201000002222000000143220000022822000002234100000022220000010201
7662 10201000002222002020143220220022922002202234102020022220000010201
7663 10201000020200000010000202000020602000020200001000000202000010201
7664 10201000020200002030000204000020702000040200003020000202000010201
7665 10201000020200020412000222200030803000222200021402000202000010201
7666 10201000020200022432000224200032923000242200023422000202000010201
7667 10201000020200200010200400021000900012000400201000200202000010201
7668 10201000020200202030200402021020802012020400203020200202000010201
7669 10201000020200204050200404021040904012040400205040200202000010201
7670 10201000020202020012022202102020802020120222021002020202000010201
7671 10201000020202022032022204102220902220140222023022020202000010201
7672 10201000020220200010222212000220802200021222201000202202000010201
7673 10201000020220202030222214002220902220041222203020202202000010201
7674 10201000020402000010221402000040804000020412201000020402000010201
7675 10201000020402002030221404020040904002040412203020020402000010201
7676 10201000022220000012102222000022822000022220121000002222000010201
7677 10201000022220002032102224200022922000242220123020002222000010201
7678 10201000202000001000000020200020602000202000000010000020200010201
7679 10201000202000003020000040200020702000204000002030000020200010201
7680 10201000202000021402000222200030803000222200020412000020200010201
7681 10201000202000023422000242200032923000224200022432000020200010201
7682 10201000202000201000202000401000900010400020200010200020200010201
7683 10201000202000203020202020401020802010402020202030200020200010201
7684 10201000202000205040202040401040904010404020204050200020200010201
7685 10201000202002021002040020320020802002302004020012020020200010201
7686 10201000202002023022040040320220902202304004022032020020200010201
7687 10201000202020201000402030202020802020203020400010202020200010201
7688 10201000202020203020402050204020902040205020402030202020200010201
7689 10201000202202001002021220200220802200202212020010020220200010201
7690 10201000202202003022021240220220902202204212022030020220200010201
7691 10201000204020001020102040200040804000204020102010002040200010201
7692 10201000204020003040102060400040904000406020104030002040200010201
7693 10201000222200001210000222200022822000222200001210000222200010201
7694 10201000222200003230000244200022922000244200003230000222200010201
7695 10201002020000100000000002020020602002020000000000100002020010201
7696 10201002020000102020000202020020702002020200002020100002020010201
7697 10201002020000120402002022020030803002022020020402100002020010201
7698 10201002020000122422002222020032923002022220022422100002020010201
7699 10201002020000302020220004021020802012040002202020300002020010201
7700 10201002020000304040220204021040904012040202204040300002020010201
7701 10201002020002120002220002320020802002320002220002120002020010201
7702 10201002020002122022220202320220902202320202222022120002020010201
7703 10201002020020300002202012040020802004021020220000302002020010201
7704 10201002020020302022202212042020902024021220222020302002020010201
7705 10201002020202100020021202022020802022020212002000120202020010201
7706 10201002020202102040021402042020902024020412004020120202020010201
7707 10201002022020100200102022020220802202022020100200102022020010201
7708 10201002022020102220102222220220902202222220102220102022020010201
7709 10201002040200102010000204020040804002040200001020100204020010201
7710 10201002040200104030000406020040904002060400003040100204020010201
7711 10201002222000121000000022220022822002222000000012100022220010201
7712 10201002222000123020000242220022922002224200002032100022220010201
7713 10201020200010000000000000202020602020200000000000001000202010201
7714 10201020200010002020002000202020702020200020002020001000202010201
7715 10201020200010020402020200202030803020200202020402001000202010201
7716 10201020200010022422022200202032923020200222022422001000202010201
7717 10201020200010202020400020203020802030202000402020201000202010201
7718 10201020200010204040402020203040904030202020404040201000202010201
7719 10201020200012020004020002302020802020320002040002021000202010201
7720 10201020200012022024022002302220902220320022042022021000202010201
7721 10201020200030200020202010402020802020401020202000203000202010201
7722 10201020200030202040204010404020902040401040204020203000202010201
7723 10201020200212000200021200222020802022200212000200021200202010201
7724 10201020200212002220023200242020902024200232002220021200202010201
7725 10201020202030002000102020204020802040202020100020003020202010201
7726 10201020202030004020104020404020902040402040102040003020202010201
7727 10201020220210020010000202202220802220220200001002001202202010201
7728 10201020220210022030002204202220902220240220003022001202202010201
7729 10201020402010201000000020402040804020402000000010201020402010201
7730 10201020402010203020002040402040904020404020002030201020402010201
7731 10201022220012100000000002222022822022220000000000121002222010201
7732 10201022220012102020002202222022922022220220002020121002222010201
7733 10201202001000000000000000020220602202000000000000000010020210201
7734 10201202001000002020020000020220702202000002002020000010020210201
7735 10201202001000020402202000020230803202000020220402000010020210201
7736 10201202001000022422222000020232923202000022222422000010020210201
7737 10201202001000202022200200021220802212000200222020200010020210201
7738 10201202001000204042220200021240904212000202224040200010020210201
7739 10201202001002020022020020120220802202102002022002020010020210201
7740 10201202001002022042040020120420902402102004024022020010020210201
7741 10201202001020200200202012020220802202021020200200202010020210201
7742 10201202001020202220222012022220902222021022202220202010020210201
7743 10201202001202002000021200220220802202200212000020020210020210201
7744 10201202001202004020041200240220902204200214002040020210020210201
7745 10201202003020020000102020040220802204002020100002002030020210201
7746 10201202003020022020122020240220902204202022102022002030020210201
7747 10201202021200200010000202022220802222020200001000200212020210201
7748 10201202021200202030020204022220902222040202003020200212020210201
7749 10201202203002001000000020220420802402202000000010020030220210201
7750 10201202203002003020020040220420902402204002002030020030220210201
7751 10201204021020100000000002040240804204020000000000102012040210201
7752 10201204021020102020020202040240904204020202002020102012040210201
7753 10201222201210000000000000222222822222200000000000001210222210201
7754 10201222201210002020022000222222922222200022002020001210222210201
7755 10203020100000000000000000002040604020000000000000000000102030201
7756 10203020100000002020200000002040704020000000202020000000102030201
7757 10203020100000020404020000002050805020000002040402000000102030201
7758 10203020100000022424220000002052925020000002242422000000102030201
7759 10203020100000200020002000003020902030000020002000200000102030201
7760 10203020100000202040202000003040804030000020204020200000102030201
7761 10203020100000204060402000003060906030000020406040200000102030201
7762 10203020100002020202020200102040804020100202020202020000102030201
7763 10203020100002022222220200102240904220100202222222020000102030201
7764 10203020100020202000202030002040804020003020200020202000102030201
7765 10203020100020204020402030004040904040003020402040202000102030201
7766 10203020100202020000021202002040804020020212000002020200102030201
7767 10203020100202022020221202022040904022020212202022020200102030201
7768 10203020102020200000102020202040804020202020100000202020102030201
7769 10203020102020202020302020402040904020402020302020202020102030201
7770 10203020120202000010000202022040804022020200001000020202102030201
7771 10203020120202002030200204022040904022040200203020020202102030201
7772 10203020302020001000000020204040804040202000000010002020302030201
7773 10203020302020003020200040204040904040204000202030002020302030201
7774 10203022120200100000000002022240804222020000000000100202122030201
7775 10203022120200102020200202022240904222020200202020100202122030201
7776 10203040302010000000000000204060806040200000000000001020304030201
7777 10203040302010002020202000204060906040200020202020001020304030201
7778 10203222121000000000000000022242824222000000000000000012122230201
7779 10203222121000002020220000022242924222000002202020000012122230201
7780 10221210000000000000000000000222622200000000000000000000001212201
7781 10221210000000002022000000000222722200000000022020000000001212201
7782 10221210000000020422200000000232823200000000222402000000001212201
7783 10221210000000022444200000000234943200000000244422000000001212201
7784 10221210000000202220220000001222822210000002202220200000001212201
7785 10221210000000204242220000001242924210000002224240200000001212201
7786 10221210000002022002022000100222822200100022020022020000001212201
7787 10221210000002024024022000100422922400100022042042020000001212201
7788 10221210000020220000202210000222822200001220200002202000001212201
7789 10221210000020222022202210002222922220001220222022202000001212201
7790 10221210000202200000021220000222822200002212000000220200001212201
7791 10221210000202202022021220020222922202002212022020220200001212201
7792 10221210002022000000102022000222822200022020100000022020001212201
7793 10221210002022002022102022200222922200222020122020022020001212201
7794 10221210020220000010000202200222822200220200001000002202001212201
7795 10221210020220002032000204200222922200240200023020002202001212201
7796 10221210202200001000000020220222822202202000000010000220201212201
7797 10221210202200003022000040220222922202204000022030000220201212201
7798 10221212022000100000000002022222822222020000000000100022021212201
7799 10221212022000102022000202022222922222020200022020100022021212201
7800 10221230220010000000000000202422822420200000000000001002203212201
7801 10221230220010002022002000202422922420200020022020001002203212201
7802 10221412201000000000000000020442824402000000000000000010221412201
7803 10221412201000002022020000020442924402000002022020000010221412201
7804 10223232100000000000000000002244844220000000000000000000123232201
7805 10223232100000002022200000002244944220000000222020000000123232201
7806 12100000000000000000000000000002420000000000000000000000000000121
7807 12100000000000002200000000000002520000000000000220000000000000121
7808 12100000000000004400000000000002820000000000000440000000000000121
7809 12100000000000020020000000000010701000000000002002000000000000121
7810 12100000000000022220000000000012621000000000002222000000000000121
7811 12100000000000024420000000000014741000000000002442000000000000121
7812 12100000000000220022000000001002620010000000022002200000000000121
7813 12100000000000222222000000001022722010000000022222200000000000121
7814 12100000000000242242000000001214841210000000024224200000000000121
7815 12100000000000244442000000001236963210000000024444200000000000121
7816 12100000000002200002200000100002620000100000220000220000000000121
7817 12100000000002202202200000100202720200100000220220220000000000121
7818 12100000000002222222200000102032823020100000222222220000000000121
7819 12100000000002224422200000102234943220100000222442220000000000121
7820 12100000000002420024200000121004840012100000242002420000000000121
7821 12100000000002422224200000121224942212100000242222420000000000121
7822 12100000000022000000220010000002620000001002200000022000000000121
7823 12100000000022002200220010002002720020001002200220022000000000121
7824 12100000000022022220220010020212821202001002202222022000000000121
7825 12100000000022024420220010022214941222001002202442022000000000121
7826 12100000000022220022220010201022822010201002222002222000000000121
7827 12100000000022222222220010203042924030201002222222222000000000121
7828 12100000000024200002420012100004840000121002420000242000000000121
7829 12100000000024202202420012102204940220121002420220242000000000121
7830 12100000000220000000023000000002620000000032000000002200000000121
7831 12100000000220002200023000020002720002000032000220002200000000121
7832 12100000000220022220023000202012821020200032002222002200000000121
7833 12100000000220024420023000222014941022200032002442002200000000121
7834 12100000000220220022023002001202820210020032022002202200000000121
7835 12100000000220222222023002021222922212020032022222202200000000121
7836 12100000000222200002223020100022822000102032220000222200000000121
7837 12100000000222202202223020120222922202102032220220222200000000121
7838 12100000000242000000243210000004840000001234200000024200000000121
7839 12100000000242002200243210022004940022001234200220024200000000121
7840 12100000002200000000102200000002620000000220100000000220000000121
7841 12100000002200002200102200200002720000200220100220000220000000121
7842 12100000002200022220102202020012821002020220102222000220000000121
7843 12100000002200024420102202220014941002220220102442000220000000121
7844 12100000002200220022102220003002820030002220122002200220000000121
7845 12100000002200222222102220203022922030202220122222200220000000121
7846 12100000002202200002302400100202820200100420320000220220000000121
7847 12100000002202202202302400300402920400300420320220220220000000121
7848 12100000002222000000324210000022822000001242300000022220000000121
7849 12100000002222002200324210202022922020201242300220022220000000121
7850 12100000002420000000145200000004840000000254100000002420000000121
7851 12100000002420002200145200220004940002200254100220002420000000121
7852 12100000022000000010000220000002620000002200001000000022000000121
7853 12100000022000002210000222000002720000022200001220000022000000121
7854 12100000022000022230000240200012821000204200003222000022000000121
7855 12100000022000024430000242200014941000224200003442000022000000121
7856 12100000022000220032000420021002820012002400023002200022000000121
7857 12100000022000222232000422021022922012022400023222200022000000121
7858 12100000022002200012202220102002820020102220221000220022000000121
7859 12100000022002202212202222102202920220122220221220220022000000121
7860 12100000022022000010240230000202820200003204201000022022000000121
7861 12100000022022002210240232002202920220023204201220022022000000121
7862 12100000022220000010223220000022822000002232201000002222000000121
7863 12100000022220002210223222020022922002022232201220002222000000121
7864 12100000024200000012102420000004840000002420121000000242000000121
7865 12100000024200002212102422200004940000222420121220000242000000121
7866 12100000220000001000000022000002620000022000000010000002200000121
7867 12100000220000003200000042000002720000024000000230000002200000121
7868 12100000220000021020000204000010901000040200002012000002200000121
7869 12100000220000023220000224000012821000042200002232000002200000121
7870 12100000220000025420000244000014941000044200002452000002200000121
7871 12100000220000221022002022201002820010222020022012200002200000121
7872 12100000220000223222002042201022922010224020022232200002200000121
7873 12100000220002201002220022120002820002122002220010220002200000121
7874 12100000220002203202220042120202920202124002220230220002200000121
7875 12100000220022001000420032002002820020023002400010022002200000121
7876 12100000220022003200420052004002920040025002400230022002200000121
7877 12100000220220001002023022000202820200022032020010002202200000121
7878 12100000220220003202023042020202920202024032020230002202200000121
7879 12100000222200001020102222000022822000022220102010000222200000121
7880 12100000222200003220102242200022922000224220102230000222200000121
7881 12100000242000001210000242000004840000024200001210000024200000121
7882 12100000242000003410000264000004940000046200001430000024200000121
7883 12100002200000100000000002200002620000220000000000100000220000121
7884 12100002200000102200000202200002720000220200000220100000220000121
7885 12100002200000122220002022200012821000222020002222100000220000121
7886 12100002200000124420002222200014941000222220002442100000220000121
7887 12100002200000320022020004201002820010240002022002300000220000121
7888 12100002200000322222020204201022922010240202022222300000220000121
7889 12100002200002300002400002500002820000520000420000320000220000121
7890 12100002200002302202400202500202920200520200420220320000220000121
7891 12100002200022100002220012220002820002221002220000122000220000121
7892 12100002200022102202220212222002920022221202220220122000220000121
7893 12100002200220100020023002202002820020220032002000102200220000121
7894 12100002200220102220023202222002920022220232002220102200220000121
7895 12100002202200100200102202200202820200220220100200100220220000121
7896 12100002202200102400102402400202920200420420100420100220220000121
7897 12100002222000102010000222200022822000222200001020100022220000121
7898 12100002222000104210000424200022922000242400001240100022220000121
7899 12100002420000121000000024200004840000242000000012100002420000121
7900 12100002420000123200000244200004940000244200000232100002420000121
7901 12100022000010000000000000220002620002200000000000001000022000121
7902 12100022000010002200002000220002720002200020000220001000022000121
7903 12100022000010022220020200220012821002200202002222001000022000121
7904 12100022000010024420022200220014941002200222002442001000022000121
7905 12100022000010220022200020221002820012202000222002201000022000121
7906 12100022000010222222202020221022922012202020222222201000022000121
7907 12100022000012200004200002320002820002320000240000221000022000121
7908 12100022000012202204202002320202920202320020240220221000022000121
7909 12100022000032000020220010420002820002401002202000023000022000121
7910 12100022000032002220222010422002920022401022202220023000022000121
7911 12100022000230000200023000240002820004200032000200003200022000121
7912 12100022000230002400025000260002920006200052000420003200022000121
7913 12100022002210002000102200222002820022200220100020001220022000121
7914 12100022002210004200104200422002920022400240100240001220022000121
7915 12100022022010020010000220220202820202202200001002001022022000121
7916 12100022022010022210002222220202920202222220001222001022022000121
7917 12100022220010201000000022220022822002222000000010201002222000121
7918 12100022220010203200002042220022922002224020000230201002222000121
7919 12100024200012100000000002420004840002420000000000121000242000121
7920 12100024200012102200002202420004940002420220000220121000242000121
7921 12100220001000000000000000022002620022000000000000000010002200121
7922 12100220001000002200020000022002720022000002000220000010002200121
7923 12100220001000022220202000022012821022000020202222000010002200121
7924 12100220001000024420222000022014941022000022202442000010002200121
7925 12100220001000220024000200023002820032000200042002200010002200121
7926 12100220001000222224020200023022922032000202042222200010002200121
7927 12100220001002200022200020122002820022102000222000220010002200121
7928 12100220001002202222220020122202920222102002222220220010002200121
7929 12100220001022000200220012022002820022021002200200022010002200121
7930 12100220001022002400240012024002920042021004200420022010002200121
7931 12100220001220002000023000222002820022200032000020002210002200121
7932 12100220001220004200043000242002920024200034000240002210002200121
7933 12100220003200020000102200042002820024000220100002000230002200121
7934 12100220003200022200122200242002920024200222100222000230002200121
7935 12100220023000200010000220024002820042002200001000200032002200121
7936 12100220023000202210020222024002920042022202001220200032002200121
7937 12100220221002001000000022022202820222022000000010020012202200121
7938 12100220221002003200020042022202920222024002000230020012202200121
7939 12100222201020100000000002222022822022220000000000102010222200121
7940 12100222201020102200020202222022922022220202000220102010222200121
7941 12100242001210000000000000242004840024200000000000001210024200121
7942 12100242001210002200022000242004940024200022000220001210024200121
7943 12102200100000000000000000002202620220000000000000000000100220121
7944 12102200100000002200200000002202720220000000200220000000100220121
7945 12102200100000022222020000002212821220000002022222000000100220121
7946 12102200100000024422220000002214941220000002222442000000100220121
7947 12102200100000220042002000003202820230000020024002200000100220121
7948 12102200100000222242202000003222922230000020224222200000100220121
7949 12102200100002200202200200102202820220100200220200220000100220121
7950 12102200100002202402400200102402920420100200420420220000100220121
7951 12102200100022002000220030002202820220003002200020022000100220121
7952 12102200100022004200420030004202920240003002400240022000100220121
7953 12102200100220020000023002002202820220020032000002002200100220121
7954 12102200100220022200223002022202920222020032200222002200100220121
7955 12102200102200200000102200202202820220200220100000200220100220121
7956 12102200102200202200302200402202920220400220300220200220100220121
7957 12102200122002000010000220022202820222002200001000020022100220121
7958 12102200122002002210200222022202920222022200201220020022100220121
7959 12102200320020001000000022004202820240022000000010002002300220121
7960 12102200320020003200200042004202920240024000200230002002300220121
7961 12102202300200100000000002202402820420220000000000100200320220121
7962 12102202300200102200200202202402920420220200200220100200320220121
7963 12102222102010000000000000222222822222200000000000001020122220121
7964 12102222102010002200202000222222922222200020200220001020122220121
7965 12102420121000000000000000024204840242000000000000000012102420121
7966 12102420121000002200220000024204940242000002200220000012102420121
7967 12122010000000000000000000000222622200000000000000000000001022121
7968 12122010000000002202000000000222722200000000020220000000001022121
7969 12122010000000022240200000000232823200000000204222000000001022121
7970 12122010000000024442200000000234943200000000224442000000001022121
7971 12122010000000220222020000001222822210000002022202200000001022121
7972 12122010000000222424020000001242924210000002042422200000001022121
7973 12122010000002202002202000100222822200100020220020220000001022121
7974 12122010000002204204202000100422922400100020240240220000001022121
7975 12122010000022020000220210000222822200001202200002022000001022121
7976 12122010000022022202220210002222922220001202220222022000001022121
7977 12122010000220200000023020000222822200002032000000202200001022121
7978 12122010000220202202023020020222922202002032020220202200001022121
7979 12122010002202000000102202000222822200020220100000020220001022121
7980 12122010002202002202102202200222922200220220120220020220001022121
7981 12122010022020000010000220200222822200202200001000002022001022121
7982 12122010022020002212000222200222922200222200021220002022001022121
7983 12122010220200001000000022020222822202022000000010000202201022121
7984 12122010220200003202000042020222922202024000020230000202201022121
7985 12122012202000100000000002202222822220220000000000100020221022121
7986 12122012202000102202000202202222922220220200020220100020221022121
7987 12122032020010000000000000220422822402200000000000001002023022121
7988 12122032020010002202002000220422922402200020020220001002023022121
7989 12122230201000000000000000022242824222000000000000000010203222121
7990 12122230201000002202020000022242924222000002020220000010203222121
7991 12124212100000000000000000002424842420000000000000000000121242121
7992 12124212100000002202200000002424942420000000220220000000121242121
7993 12321000000000000000000000000024642000000000000000000000000012321
7994 12321000000000002220000000000024742000000000002220000000000012321
7995 12321000000000020202000000000032923000000000020202000000000012321
7996 12321000000000022422000000000034843000000000022422000000000012321
7997 12321000000000024642000000000036963000000000024642000000000012321
7998 12321000000000222022200000001024842010000000222022200000000012321
7999 12321000000000224242200000001044944010000000224242200000000012321
8000 12321000000002220002220000100024842000100002220002220000000012321
8001 12321000000002222222220000100224942200100002222222220000000012321
8002 12321000000022200000222010000024842000001022200000222000000012321
8003 12321000000022202220222010002024942020001022202220222000000012321
8004 12321000000222000000023200000024842000000232000000022200000012321
8005 12321000000222002220023200020024942002000232002220022200000012321
8006 12321000002220000000102220000024842000002220100000002220000012321
8007 12321000002220002220102220200024942000202220102220002220000012321
8008 12321000022200000010000222000024842000022200001000000222000012321
8009 12321000022200002230000224000024942000042200003220000222000012321
8010 12321000222000001000000022200024842000222000000010000022200012321
8011 12321000222000003220000042200024942000224000002230000022200012321
8012 12321002220000100000000002220024842002220000000000100002220012321
8013 12321002220000102220000202220024942002220200002220100002220012321
8014 12321022200010000000000000222024842022200000000000001000222012321
8015 12321022200010002220002000222024942022200020002220001000222012321
8016 12321222001000000000000000022224842222000000000000000010022212321
8017 12321222001000002220020000022224942222000002002220000010022212321
8018 12323220100000000000000000002244844220000000000000000000102232321
8019 12323220100000002220200000002244944220000000202220000000102232321
8020 12343210000000000000000000000246864200000000000000000000001234321
8021 12343210000000002222000000000246964200000000022220000000001234321
8022 14843954921315524906513066827400500472866031560942551312945934841
8023 40000000000000000000000000000000800000000000000000000000000000004
8024 40000000000000004000000000000000900000000000000040000000000000004
8025 52240832601203469830544252552896269825525244503896430210623804225
8026 61162616555612493985389992772177077127729998358939421655561626116
8027 401704084029021754146284676546389983645676482641457120920480407104
8028 965314090438169467661632561053978879350165236166764961834090413569
8029 1000000000000000000000000000000002000000000000000000000000000000001
8030 1000000000000000220000000000000014100000000000000220000000000000001
8031 1000000000000002002000000000001004001000000000002002000000000000001
8032 1000000000000002222000000000001236321000000000002222000000000000001
8033 1000000000000020000200000000100004000010000000020000200000000000001
8034 1000000000000020220200000000102216122010000000020220200000000000001
8035 1000000000000022002200000000121026201210000000022002200000000000001
8036 1000000000000022222200000000123458543210000000022222200000000000001
8037 1000000000000200000020000010000004000000100000200000020000000000001
8038 1000000000000200220020000010022016102200100000200220020000000000001
8039 1000000000000202002020000010201206021020100000202002020000000000001
8040 1000000000000202222020000010223438343220100000202222020000000000001
8041 1000000000000220000220000012100026200012100000220000220000000000001
8042 1000000000000220220220000012124238324212100000220220220000000000001
8043 1000000000000222002220000012321248421232100000222002220000000000001
8044 1000000000002000000002001000000004000000001002000000002000000000001
8045 1000000000002000220002001000220016100220001002000220002000000000001
8046 1000000000002002002002001002003006003002001002002002002000000000001
8047 1000000000002002222002001002223238323222001002002222002000000000001
8048 1000000000002020000202001020100206020010201002020000202000000000001
8049 1000000000002020220202001020322418142230201002020220202000000000001
8050 1000000000002022002202001022123228223212201002022002202000000000001
8051 1000000000002200000022001210000026200000121002200000022000000000001
8052 1000000000002200220022001210242038302420121002200220022000000000001
8053 1000000000002202002022001212203228223022121002202002022000000000001
8054 1000000000002220000222001232100248420012321002220000222000000000001
8055 1000000000020000000000300000000004000000000030000000000200000000001
8056 1000000000020000220000300002200016100022000030000220000200000000001
8057 1000000000020002002000300020021006001200200030002002000200000000001
8058 1000000000020002222000300022221238321222200030002222000200000000001
8059 1000000000020020000200300200102006002010020030020000200200000000001
8060 1000000000020020220200300202304218124032020030020220200200000000001
8061 1000000000020022002200300220143028203410220030022002200200000000001
8062 1000000000020200000020302010000206020000102030200000020200000000001
8063 1000000000020200220020302012222218122222102030200220020200000000001
8064 1000000000020202002020302030221408041220302030202002020200000000001
8065 1000000000020220000220302212102228222012122030220000220200000000001
8066 1000000000022000000002321000000026200000001232000000002200000000001
8067 1000000000022000220002321002420038300242001232000220002200000000001
8068 1000000000022002002002321022023028203202201232002002002200000000001
8069 1000000000022020000202321220102228222010221232020000202200000000001
8070 1000000000022200000022323210000248420000123232200000022200000000001
8071 1000000000200000000010020000000004000000000200100000000020000000001
8072 1000000000200000220010020022000016100002200200100220000020000000001
8073 1000000000200002002010020200201006001020020200102002000020000000001
8074 1000000000200002222010020222201238321022220200102222000020000000001
8075 1000000000200020000210022000120006000210002200120000200020000000001
8076 1000000000200020220210022022122218122212202200120220200020000000001
8077 1000000000200022002210022200341028201430022200122002200020000000001
8078 1000000000200200000030040010002006002000100400300000020020000000001
8079 1000000000200200220030040032024018104202300400300220020020000000001
8080 1000000000200202002030040210403208023040120400302002020020000000001
8081 1000000000200220000230042012122028202212102400320000220020000000001
8082 1000000000202000000012221000000206020000001222100000002020000000001
8083 1000000000202000220012221022220218120222201222100220002020000000001
8084 1000000000202002002012221202203208023022021222102002002020000000001
8085 1000000000202020000212223020120408040210203222120000202020000000001
8086 1000000000202200000032241210002228222000121422300000022020000000001
8087 1000000000220000000012320000000026200000000232100000000220000000001
8088 1000000000220000220012320024200038300024200232100220000220000000001
8089 1000000000220002002012320220221028201220220232102002000220000000001
8090 1000000000220020000212322200122028202210022232120000200220000000001
8091 1000000000220200000032342010002228222000102432300000020220000000001
8092 1000000000222000000014541000000248420000001454100000002220000000001
8093 1000000002000000001000002000000004000000002000001000000002000000001
8094 1000000002000000221000002220000016100000222000001220000002000000001
8095 1000000002000002003000004002001006001002004000003002000002000000001
8096 1000000002000002223000004222001238321002224000003222000002000000001
8097 1000000002000020001200022000300006000030002200021000200002000000001
8098 1000000002000020221200022220302218122030222200021220200002000000001
8099 1000000002000022003200024002321028201232004200023002200002000000001
8100 1000000002000200001020202010020006000200102020201000020002000000001
8101 1000000002000200221020202230042018102400322020201220020002000000001
8102 1000000002000202003020204012221208021222104020203002020002000000001
8103 1000000002000220001220222012320028200232102220221000220002000000001
8104 1000000002002000001004003000002006002000003004001000002002000000001
8105 1000000002002000221004003220222018102220223004001220002002000000001
8106 1000000002002002003004005004005008005004005004003002002002000000001
8107 1000000002002020001204023020302208022030203204021000202002000000001
8108 1000000002002200001024203210022028202200123024201000022002000000001
8109 1000000002020000001020302000000206020000002030201000000202000000001
8110 1000000002020000221020302222200218120022222030201220000202000000001
8111 1000000002020002003020304022021208021202204030203002000202000000001
8112 1000000002020020001220322200302208022030022230221000200202000000001
8113 1000000002020200001040504010020408040200104050401000020202000000001
8114 1000000002022000001024323000002228222000003234201000002202000000001
8115 1000000002200000001210022000000026200000002200121000000022000000001
8116 1000000002200000221210022242000038300002422200121220000022000000001
8117 1000000002200002003210024202201028201022024200123002000022000000001
8118 1000000002200020001410044000320028200230004400141000200022000000001
8119 1000000002200200001230242010022028202200102420321000020022000000001
8120 1000000002202000001214223000002228222000003224121000002022000000001
8121 1000000002220000001232322000000248420000002232321000000222000000001
8122 1000000020000000100000000200000004000000020000000010000000200000001
8123 1000000020000000320000002400000016100000042000000230000000200000001
8124 1000000020000002102000020220001006001000220200002012000000200000001
8125 1000000020000002322000022420001238321000242200002232000000200000001
8126 1000000020000020100200200202100006000012020020020010200000200000001
8127 1000000020000020320200202402102218122012042020020230200000200000001
8128 1000000020000022102200220222121028201212220220022012200000200000001
8129 1000000020000200100022000210200006000020120002200010020000200000001
8130 1000000020000200320022002410222018102220142002200230020000200000001
8131 1000000020000202102022020230401208021040320202202012020000200000001
8132 1000000020000220100222200214300028200034120022220010220000200000001
8133 1000000020002000100022001200020006000200021002200010002000200000001
8134 1000000020002000320022003400240018100420043002200230002000200000001
8135 1000000020002002102022021222023008003202221202202012002000200000001
8136 1000000020002020100222201222120208020212221022220010202000200000001
8137 1000000020002200100044001410220028200220141004400010022000200000001
8138 1000000020020000100200300200002006002000020030020010000200200000001
8139 1000000020020000320200302402202018102022042030020230000200200000001
8140 1000000020020002102200320240023008003200420230022012000200200000001
8141 1000000020020020100400500402104008004012040050040010200200200000001
8142 1000000020020200100222302210202208022020122032220010020200200000001
8143 1000000020022000100222321200022028202200021232220010002200200000001
8144 1000000020200000102010020200000206020000020200102010000020200000001
8145 1000000020200000322010022422000218120002242200102230000020200000001
8146 1000000020200002104010040420201208021020240400104012000020200000001
8147 1000000020200020102210222202120208020212022220122010200020200000001
8148 1000000020200200102032040210202208022020120402302010020020200000001
8149 1000000020202000102032221200020408040200021222302010002020200000001
8150 1000000020220000102212320200002228222000020232122010000220200000001
8151 1000000022000000121000002200000026200000022000001210000002200000001
8152 1000000022000000341000004620000038300000264000001430000002200000001
8153 1000000022000002123000024222001028201002224200003212000002200000001
8154 1000000022000020121200222202300028200032022220021210200002200000001
8155 1000000022000200121022202210220028200220122022201210020002200000001
8156 1000000022002000121024003200022028202200023004201210002002200000001
8157 1000000022020000121220302200002228222000022030221210000202200000001
8158 1000000022200000123210022200000248420000022200123210000022200000001
8159 1000000200000010000000000020000004000000200000000000100000020000001
8160 1000000200000010220000022020000016100000202200000220100000020000001
8161 1000000200000012002000200220001006001000220020002002100000020000001
8162 1000000200000012222000222220001238321000222220002222100000020000001
8163 1000000200000030000202000040100006000010400002020000300000020000001
8164 1000000200000030220202022040102218122010402202020220300000020000001
8165 1000000200000032002202200240121028201210420022022002300000020000001
8166 1000000200000210000040000032000006000002300000400000120000020000001
8167 1000000200000210220040022032022018102202302200400220120000020000001
8168 1000000200000212002040200232201208021022320020402002120000020000001
8169 1000000200000230000242000054100028200014500002420000320000020000001
8170 1000000200002010000202001020200006000020201002020000102000020000001
8171 1000000200002010220202023020420018100240203202020220102000020000001
8172 1000000200002012002202201222203008003022221022022002102000020000001
8173 1000000200002030000404001060300208020030601004040000302000020000001
8174 1000000200002210000242001232200028200022321002420000122000020000001
8175 1000000200020010002000300020020006000200200030002000100200020000001
8176 1000000200020010222000322022220018100222202230002220100200020000001
8177 1000000200020012004000500240041008001400420050004002100200020000001
8178 1000000200020030002202300240122008002210420032022000300200020000001
8179 1000000200020210002040302032020208020202302030402000120200020000001
8180 1000000200022010002202321020220028200220201232022000102200020000001
8181 1000000200200010020010020020002006002000200200100200100020020000001
8182 1000000200200010240010042042002018102002402400100420100020020000001
8183 1000000200200012022010220420203008003020240220102202100020020000001
8184 1000000200200030020212022040122008002210402202120200300020020000001
8185 1000000200200210020050040032004008004002300400500200120020020000001
8186 1000000200202010020212221020202208022020201222120200102020020000001
8187 1000000200220010022012320020022028202200200232102200100220020000001
8188 1000000202000010201000002020000206020000202000001020100002020000001
8189 1000000202000010421000024240000218120000424200001240100002020000001
8190 1000000202000012203000204222001208021002224020003022100002020000001
8191 1000000202000030201202022040300208020030402202021020300002020000001
8192 1000000202000210201040202032020208020202302020401020120002020000001
8193 1000000202002010201204003020202208022020203004021020102002020000001
8194 1000000202020010203020302020020408040200202030203020100202020000001
8195 1000000202200010221210022020002228222000202200121220100022020000001
8196 1000000220000012100000000220000026200000220000000012100000220000001
8197 1000000220000012320000024420000038300000244200000232100000220000001
8198 1000000220000014102000220440001028201000440220002014100000220000001
8199 1000000220000032100202200242100028200012420022020012300000220000001
8200 1000000220000212100042000232200028200022320002400012120000220000001
8201 1000000220002012100222001220220028200220221002220012102000220000001
8202 1000000220020012102200300220022028202200220030022012100200220000001
8203 1000000220200012122010020220002228222000220200102212100020220000001
8204 1000000222000012321000002220000248420000222000001232100002220000001
8205 1000002000001000000000000002000004000002000000000000001000002000001
8206 1000002000001000220000220002000016100002000220000220001000002000001
8207 1000002000001002002002002002001006001002002002002002001000002000001
8208 1000002000001002222002222002001238321002002222002222001000002000001
8209 1000002000001020000220000202100006000012020000220000201000002000001
8210 1000002000001020220220220202102218122012020220220220201000002000001
8211 1000002000001022002222002202121028201212022002222002201000002000001
8212 1000002000001200000220000032000006000002300000220000021000002000001
8213 1000002000001200220220220032022018102202300220220220021000002000001
8214 1000002000001202002222002032201208021022302002222002021000002000001
8215 1000002000001220000440000234100028200014320000440000221000002000001
8216 1000002000003000002002001004000006000004001002002000003000002000001
8217 1000002000003000222002221004220018100224001222002220003000002000001
8218 1000002000003002004004003006003008003006003004004002003000002000001
8219 1000002000003020002222001224100208020014221002222000203000002000001
8220 1000002000003200002222001234000028200004321002222000023000002000001
8221 1000002000021000020000300002200006000022000030000200001200002000001
8222 1000002000021000240000520004400018100044000250000420001200002000001
8223 1000002000021002022002302022221008001222202032002202001200002000001
8224 1000002000021020020220300402302008002032040030220200201200002000001
8225 1000002000021200020220302032200208020022302030220200021200002000001
8226 1000002000023000022002321004200028200024001232002200003200002000001
8227 1000002000201000200010020002020006000202000200100020001020002000001
8228 1000002000201000420010240024020018100204200420100240001020002000001
8229 1000002000201002202012022202221008001222022202102022001020002000001
8230 1000002000201020200230022202140008000412022200320020201020002000001
8231 1000002000201200200230040032022008002202300400320020021020002000001
8232 1000002000203000202012221004020208020204001222102020003020002000001
8233 1000002000221000220012320002220028200222000232100220001220002000001
8234 1000002002001002001000002002002006002002002000001002001002002000001
8235 1000002002001002221000222222002018102002222220001222001002002000001
8236 1000002002001004003002006004003008003004006002003004001002002000001
8237 1000002002001022001220022202302008002032022200221002201002002000001
8238 1000002002001202001220202032022008002202302020221002021002002000001
8239 1000002002003002003004003004004008004004003004003002003002002000001
8240 1000002002021002021020302002202208022022002030201202001202002000001
8241 1000002002201002201210022002022028202202002200121022001022002000001
8242 1000002020001020100000000202000206020002020000000010201000202000001
8243 1000002020001020320000222402000218120002042220000230201000202000001
8244 1000002020001022102002022222001208021002222202002012201000202000001
8245 1000002020001040100220200404100208020014040020220010401000202000001
8246 1000002020001220100222000232200208020022320002220010221000202000001
8247 1000002020003020102022001204020208020204021002202010203000202000001
8248 1000002020021020120200300202202208022022020030020210201200202000001
8249 1000002020201020302010020202020408040202020200102030201020202000001
8250 1000002022001022121000002202002228222002022000001212201002202000001
8251 1000002200001210000000000022000026200002200000000000121000022000001
8252 1000002200001210220000242022000038300002202420000220121000022000001
8253 1000002200001212002002202222001028201002222022002002121000022000001
8254 1000002200001230000222000242100028200012420002220000321000022000001
8255 1000002200001410000240000054000028200004500000420000141000022000001
8256 1000002200003210002202001024200028200024201002022000123000022000001
8257 1000002200021210022000300022220028200222200030002200121200022000001
8258 1000002200201210220010020022022028202202200200100220121020022000001
8259 1000002202001212201000002022002228222002202000001022121002022000001
8260 1000002220001232100000000222000248420002220000000012321000222000001
8261 1000020000100000000000000000200004000020000000000000000010000200001
8262 1000020000100000220002200000200016100020000022000220000010000200001
8263 1000020000100002002020020000201006001020000200202002000010000200001
8264 1000020000100002222022220000201238321020000222202222000010000200001
8265 1000020000100020000400002000300006000030002000040000200010000200001
8266 1000020000100020220402202000302218122030002022040220200010000200001
8267 1000020000100022002420022000321028201230002200242002200010000200001
8268 1000020000100200002020000210200006000020120000202000020010000200001
8269 1000020000100200222022200210222018102220120022202220020010000200001
8270 1000020000100202004040020210401208021040120200404002020010000200001
8271 1000020000100220002420002212300028200032122000242000220010000200001
8272 1000020000102000020002001020200006000020201002000200002010000200001
8273 1000020000102000240004201020420018100240201024000420002010000200001
8274 1000020000102002022022021022203008003022201202202202002010000200001
8275 1000020000102020020402003040300208020030403002040200202010000200001
8276 1000020000102200022022001430200028200020341002202200022010000200001
8277 1000020000120000200000300002200006000022000030000020000210000200001
8278 1000020000120000420002500004400018100044000052000240000210000200001
8279 1000020000120002202020320022221008001222200230202022000210000200001
8280 1000020000120020200400302202302008002032022030040020200210000200001
8281 1000020000120200202020302212200208020022122030202020020210000200001
8282 1000020000122000220002321022200028200022201232000220002210000200001
8283 1000020000300002000010020000400006000040000200100002000030000200001
8284 1000020000300002220012220022400018100042200222100222000030000200001
8285 1000020000300004002030040200601008001060020400302004000030000200001
8286 1000020000300022000410024000520008000250004200140002200030000200001
8287 1000020000300202002030040210402008002040120400302002020030000200001
8288 1000020000302002020012221020400208020040201222100202002030000200001
8289 1000020000320002200012320002400028200042000232100022000230000200001
8290 1000020002100020001000002000220006000220002000001000200012000200001
8291 1000020002100020221002202220220018100220222022001220200012000200001
8292 1000020002100022003020024002221008001222004200203002200012000200001
8293 1000020002100040001400024000520008000250004200041000400012000200001
8294 1000020002100220003020202210240008000420122020203000220012000200001
8295 1000020002102020021004003020222008002220203004001200202012000200001
8296 1000020002120020201020302002220208020222002030201020200212000200001
8297 1000020002300022001210022000420028200240002200121002200032000200001
8298 1000020020100200100000000200202006002020020000000010020010200200001
8299 1000020020100200320002202400202018102020042022000230020010200200001
8300 1000020020100202102020040220203008003020220400202012020010200200001
8301 1000020020100220100400202202302008002032022020040010220010200200001
8302 1000020020100400102022000410402008002040140002202010040010200200001
8303 1000020020102200120022001220222008002220221002200210022010200200001
8304 1000020020120200300200300202204008004022020030020030020210200200001
8305 1000020020300202102010020200402208022040020200102012020030200200001
8306 1000020022100220121000002200222028202220022000001210220012200200001
8307 1000020200102010000000000020200206020020200000000000102010020200001
8308 1000020200102010220002222020200218120020202222000220102010020200001
8309 1000020200102012002020220220201208021020220220202002102010020200001
8310 1000020200102030000402002040300208020030402002040000302010020200001
8311 1000020200102210002040000232200208020022320000402000122010020200001
8312 1000020200104010020202001040400208020040401002020200104010020200001
8313 1000020200122010202000300022220208020222200030002020102210020200001
8314 1000020200302012020010020020402208022040200200100202102030020200001
8315 1000020202102030201000002020220408040220202000001020302012020200001
8316 1000020220102212100000000220202228222020220000000012122010220200001
8317 1000022000121000000000000002200026200022000000000000001210002200001
8318 1000022000121000220002420002200038300022000242000220001210002200001
8319 1000022000121002002022022002201028201022002202202002001210002200001
8320 1000022000121020000420002202300028200032022000240000201210002200001
8321 1000022000121200002220000232200028200022320000222000021210002200001
8322 1000022000123000022002001024200028200024201002002200003210002200001
8323 1000022000141000220000300004400028200044000030000220001410002200001
8324 1000022000321002200010020002420028200242000200100022001230002200001
8325 1000022002121022001000002002222028202222002000001002201212002200001
8326 1000022020121220100000000202202228222022020000000010221210202200001
8327 1000022200123210000000000022200248420022200000000000123210022200001
8328 1000200010000000000000000000020004000200000000000000000000100020001
8329 1000200010000000220022000000020016100200000002200220000000100020001
8330 1000200010000002002200200000021006001200000020022002000000100020001
8331 1000200010000002222222200000021238321200000022222222000000100020001
8332 1000200010000020002200020000120006000210000200022000200000100020001
8333 1000200010000020222222020000122218122210000202222220200000100020001
8334 1000200010000022004400220000141028201410000220044002200000100020001
8335 1000200010000200020020002010020006000200102000200200020000100020001
8336 1000200010000200240042002010042018102400102002400420020000100020001
8337 1000200010000202022220202010221208021220102020222202020000100020001
8338 1000200010000220022220022012120028200212102200222200220000100020001
8339 1000200010002000200002001200020006000200021002000020002000100020001
8340 1000200010002000420024001200240018100420021004200240002000100020001
8341 1000200010002002202202201202023008003202021022022022002000100020001
8342 1000200010002020202202021220120208020210221202022020202000100020001
8343 1000200010002200220022003410020028200200143002200220022000100020001
8344 1000200010020002000000300020020006000200200030000002000200100020001
8345 1000200010020002220022300022220018100222200032200222000200100020001
8346 1000200010020004002200500040041008001400400050022004000200100020001
8347 1000200010020022002200320220122008002210220230022002200200100020001
8348 1000200010020202020020304030020208020200304030200202020200100020001
8349 1000200010022002200002321220020028200200221232000022002200100020001
8350 1000200010200020000010020002020006000202000200100000200020100020001
8351 1000200010200020220032020024020018100204200202300220200020100020001
8352 1000200010200022002210220202221008001222020220122002200020100020001
8353 1000200010200040002210042002140008000412002400122000400020100020001
8354 1000200010200220020030042012022008002202102400300200220020100020001
8355 1000200010202020200012221202020208020202021222100020202020100020001
8356 1000200010220022000012320022020028200202200232100002200220100020001
8357 1000200012000200001000002000220006000220002000001000020002100020001
8358 1000200012000200221022002220220018100220222002201220020002100020001
8359 1000200012000202003200204002221008001222004020023002020002100020001
8360 1000200012000220003200042000520008000250002400023000220002100020001
8361 1000200012000400021020204010240008000420104020201200040002100020001
8362 1000200012002200201004003200222008002220023004001020022002100020001
8363 1000200012020202001020302020220208020220202030201002020202100020001
8364 1000200012200220001210022002220028200222002200121000220022100020001
8365 1000200030002000100000000200040006000400020000000010002000300020001
8366 1000200030002000320022002400040018100400042002200230002000300020001
8367 1000200030002002102200220220041008001400220220022012002000300020001
8368 1000200030002020102200220202140008000412020220022010202000300020001
8369 1000200030002200120022002210240008000420122002200210022000300020001
8370 1000200030004000300022001400060008000600041002200030004000300020001
8371 1000200030022002100200300220042008002400220030020012002200300020001
8372 1000200030202020102010020202040208020402020200102010202020300020001
8373 1000200032002200121000002200240028200420022000001210022002300020001
8374 1000200210020010000000000020022006002200200000000000100200120020001
8375 1000200210020010220022022020022018102200202202200220100200120020001
8376 1000200210020012002200400220023008003200220040022002100200120020001
8377 1000200210020030002202020040122008002210400202022000300200120020001
8378 1000200210020210020040002032022008002202302000400200120200120020001
8379 1000200210022010200202001220222008002220221002020020102200120020001
8380 1000200210040012002000300040042008002400400030002002100400120020001
8381 1000200210220030020010020022024008004202200200100200300220120020001
8382 1000200212020210201000002020222208022220202000001020120202120020001
8383 1000200230022012100000000220042028202400220000000012102200320020001
8384 1000202010201000000000000002020206020202000000000000001020102020001
8385 1000202010201000220022220002020218120202000222200220001020102020001
8386 1000202010201002002202202002021208021202002022022002001020102020001
8387 1000202010201020002220020202120208020212020200222000201020102020001
8388 1000202010201200020220002032020208020202302000220200021020102020001
8389 1000202010203000202002001204020208020204021002002020003020102020001
8390 1000202010221002020000300022220208020222200030000202001220102020001
8391 1000202010401020200010020004040208020404000200100020201040102020001
8392 1000202012201202001000002002222208022222002000001002021022102020001
8393 1000202030203020100000000202040408040402020000000010203020302020001
8394 1000202210221210000000000022022228222202200000000000121220122020001
8395 1000220012100000000000000000220026200220000000000000000012100220001
8396 1000220012100000220024200000220038300220000024200220000012100220001
8397 1000220012100002002220220000221028201220000220222002000012100220001
8398 1000220012100020002400022000320028200230002200042000200012100220001
8399 1000220012100200022020002210220028200220122000202200020012100220001
8400 1000220012102000220002001220220028200220221002000220002012100220001
8401 1000220012120002200000300022220028200222200030000022000212100220001
8402 1000220012300022000010020002420028200242000200100002200032100220001
8403 1000220014100220001000002000440028200440002000001000220014100220001
8404 1000220032102200100000000200242028202420020000000010022012300220001
8405 1000220212122010000000000020222228222220200000000000102212120220001
8406 1000222012321000000000000002220248420222000000000000001232102220001
8407 1002001000000000000000000000002004002000000000000000000000001002001
8408 1002001000000000220220000000002016102000000000220220000000001002001
8409 1002001000000002004002000000003006003000000002004002000000001002001
8410 1002001000000002224222000000003238323000000002224222000000001002001
8411 1002001000000020020200200000102006002010000020020200200000001002001
8412 1002001000000020240420200000104218124010000020240420200000001002001
8413 1002001000000022024202200000123028203210000022024202200000001002001
8414 1002001000000200200020020010002006002000100200200020020000001002001
8415 1002001000000200420240020010024018104200100200420240020000001002001
8416 1002001000000202204022020010203208023020100202204022020000001002001
8417 1002001000000220220220220012102028202012100220220220220000001002001
8418 1002001000002002000002003000002006002000003002000002002000001002001
8419 1002001000002002220222003000222018102220003002220222002000001002001
8420 1002001000002004004004003002005008005002003004004004002000001002001
8421 1002001000002022020202203020102208022010203022020202202000001002001
8422 1002001000002202200022023210002028202000123202200022022000001002001
8423 1002001000020020000000300200002006002000020030000000200200001002001
8424 1002001000020020220220300202202018102022020030220220200200001002001
8425 1002001000020022004002300220023008003200220032004002200200001002001
8426 1002001000020040020200500400104008004010040050020200400200001002001
8427 1002001000020220200020322210002208022000122230200020220200001002001
8428 1002001000022022000002323200002028202000023232000002202200001002001
8429 1002001000200200000010020020002006002000200200100000020020001002001
8430 1002001000200200220230020042002018102002400200320220020020001002001
8431 1002001000200202004012020220203008003020220202104002020020001002001
8432 1002001000200220020210222020122008002210202220120200220020001002001
8433 1002001000200400200030060030004008004000300600300020040020001002001
8434 1002001000202202000012223020002208022000203222100002022020001002001
8435 1002001000220220000012320220002028202000220232100000220220001002001
8436 1002001002002000001000002002002006002002002000001000002002001002001
8437 1002001002002000221220002222002018102002222000221220002002001002001
8438 1002001002002002005002004004003008003004004002005002002002001002001
8439 1002001002002020021200222002302008002032002220021200202002001002001
8440 1002001002002200201020222012022008002202102220201020022002001002001
8441 1002001002004002001004005002004008004002005004001002004002001002001
8442 1002001002022020001020302202002208022002022030201000202202001002001
8443 1002001002202200001210022022002028202002202200121000022022001002001
8444 1002001020020000100000000200202006002020020000000010000200201002001
8445 1002001020020000320220002400202018102020042000220230000200201002001
8446 1002001020020002104002020220203008003020220202004012000200201002001
8447 1002001020020020120200400202302008002032020040020210200200201002001
8448 1002001020020200300022020210402008002040120202200030020200201002001
8449 1002001020022002100022003200222008002220023002200012002200201002001
8450 1002001020040020100200300400204008004020040030020010200400201002001
8451 1002001020220200102010020220202208022020220200102010020220201002001
8452 1002001022022000121000002202202028202022022000001210002202201002001
8453 1002001200200010000000000020022006002200200000000000100020021002001
8454 1002001200200010220220022020022018102200202200220220100020021002001
8455 1002001200200012004002200220023008003200220022004002100020021002001
8456 1002001200200030020202200040122008002210400022020200300020021002001
8457 1002001200200210200040020032022008002202300200400020120020021002001
8458 1002001200202012000202003020222008002220203002020002102020021002001
8459 1002001200220030002000300220042008002400220030002000300220021002001
8460 1002001200400210020010020040024008004200400200100200120040021002001
8461 1002001202202010201000002022022208022202202000001020102022021002001
8462 1002001220220012100000000220222028202220220000000012100220221002001
8463 1002003002001000000000000002004006004002000000000000001002003002001
8464 1002003002001000220220220002004018104002000220220220001002003002001
8465 1002003002001002004004002002005008005002002004004002001002003002001
8466 1002003002001020020220200202104008004012020020220200201002003002001
8467 1002003002001200200220020032004008004002300200220020021002003002001
8468 1002003002003002002002003004004008004004003002002002003002003002001
8469 1002003002021020020000300202204008004022020030000200201202003002001
8470 1002003002201200200010020022024008004202200200100020021022003002001
8471 1002003004003002001000002004006008006004002000001002003004003002001
8472 1002003022021020100000000202204208024022020000000010201202203002001
8473 1002003202201210000000000022024028204202200000000000121022023002001
8474 1002021020100000000000000000202206022020000000000000000010201202001
8475 1002021020100000220222200000202218122020000022220220000010201202001
8476 1002021020100002004022020000203208023020000202204002000010201202001
8477 1002021020100020020400202000302208022030002020040200200010201202001
8478 1002021020100200202020020210202208022020120200202020020010201202001
8479 1002021020102002020002003020202208022020203002000202002010201202001
8480 1002021020120020200000300202202208022022020030000020200210201202001
8481 1002021020300202000010020020402208022040200200100002020030201202001
8482 1002021022102020001000002002222208022222002000001000202012201202001
8483 1002021040120200100000000200404208024040020000000010020210401202001
8484 1002021220302010000000000020222408042220200000000000102030221202001
8485 1002023022121000000000000002204228224022000000000000001212203202001
8486 1002201210000000000000000000022026202200000000000000000000121022001
8487 1002201210000000220242000000022038302200000002420220000000121022001
8488 1002201210000002004202200000023028203200000022024002000000121022001
8489 1002201210000020022200220000122028202210000220022200200000121022001
8490 1002201210000200220020022010022028202200102200200220020000121022001
8491 1002201210002002200002003200022028202200023002000022002000121022001
8492 1002201210020022000000300220022028202200220030000002200200121022001
8493 1002201210200220000010020022022028202202200200100000220020121022001
8494 1002201212002200001000002002222028202222002000001000022002121022001
8495 1002201230022000100000000200242028202420020000000010002200321022001
8496 1002201410220010000000000020044028204400200000000000100220141022001
8497 1002203212201000000000000002024228224202000000000000001022123022001
8498 1002221232100000000000000000222248422220000000000000000012321222001
8499 1020100000000000000000000000000204020000000000000000000000000010201
8500 1020100000000000222200000000000216120000000000022220000000000010201
8501 1020100000000002022020000000001206021000000000202202000000000010201
8502 1020100000000002244220000000001438341000000000224422000000000010201
8503 1020100000000020200202000000100206020010000002020020200000000010201
8504 1020100000000020422402000000102418142010000002042240200000000010201
8505 1020100000000022222222000000121228221210000002222222200000000010201
8506 1020100000000202000020200010000206020000100020200002020000000010201
8507 1020100000000202222220200010022218122200100020222222020000000010201
8508 1020100000000204022040200010201408041020100020402204020000000010201
8509 1020100000000222200222200012100228220012100022220022220000000010201
8510 1020100000002020000002021000000206020000001202000000202000000010201
8511 1020100000002020222202021000220218120220001202022220202000000010201
8512 1020100000002022022022021002003208023002001202202202202000000010201
8513 1020100000002040200204021020100408040010201204020020402000000010201
8514 1020100000002222000022221210000228220000121222200002222000000010201
8515 1020100000020200000000302000000206020000002030000000020200000010201
8516 1020100000020200222200302002200218120022002030022220020200000010201
8517 1020100000020202022020302020021208021200202030202202020200000010201
8518 1020100000020220200202302200102208022010022032020020220200000010201
8519 1020100000020402000020504010000408040000104050200002040200000010201
8520 1020100000022220000002343000000228220000003432000000222200000010201
8521 1020100000202000000010020200000206020000020200100000002020000010201
8522 1020100000202000222210020222000218120002220200122220002020000010201
8523 1020100000202002022030020400201208021020040200302202002020000010201
8524 1020100000202020200212022200120208020210022202120020202020000010201
8525 1020100000202202000030240210002208022000120420300002022020000010201
8526 1020100000204020000012241200000408040000021422100000204020000010201
8527 1020100000222200000012322200000228220000022232100000022220000010201
8528 1020100002020000001000002020000206020000202000001000000202000010201
8529 1020100002020000223200002240000218120000422000023220000202000010201
8530 1020100002020002023020004022001208021002204000203202000202000010201
8531 1020100002020020201202022020300208020030202202021020200202000010201
8532 1020100002020202001020402030020208020200302040201002020202000010201
8533 1020100002022020001004023020002208022000203204001000202202000010201
8534 1020100002040200001020304020000408040000204030201000020402000010201
8535 1020100002222000001210022220000228220000222200121000002222000010201
8536 1020100020200000100000000202000206020002020000000010000020200010201
8537 1020100020200000322200002402000218120002042000022230000020200010201
8538 1020100020200002122020020222001208021002220200202212000020200010201
8539 1020100020200020300202200204100208020014020022020030200020200010201
8540 1020100020200202100022200212200208020022120022200012020020200010201
8541 1020100020202020100022021202020208020202021202200010202020200010201
8542 1020100020220200100200302202002208022002022030020010020220200010201
8543 1020100020402000102010020402000408040002040200102010002040200010201
8544 1020100022220000121000002222000228220002222000001210000222200010201
8545 1020100202000010000000000020200206020020200000000000100002020010201
8546 1020100202000010222200022020200218120020202200022220100002020010201
8547 1020100202000012022020200220201208021020220020202202100002020010201
8548 1020100202000030200204000040300208020030400004020020300002020010201
8549 1020100202000212000040200032200208020022300020400002120002020010201
8550 1020100202002030000202021020400208020040201202020000302002020010201
8551 1020100202020210002000302020220208020220202030002000120202020010201
8552 1020100202202010020010020220202208022020220200100200102022020010201
8553 1020100204020010201000002040200408040020402000001020100204020010201
8554 1020100222200012100000000222200228220022220000000012100022220010201
8555 1020102020001000000000000002020206020202000000000000001000202010201
8556 1020102020001000222200220002020218120202000220022220001000202010201
8557 1020102020001002022022002002021208021202002002202202001000202010201
8558 1020102020001020200222000202120208020212020002220020201000202010201
8559 1020102020001202000220200032020208020202300020220002021000202010201
8560 1020102020003020002002021004020208020204001202002000203000202010201
8561 1020102020021200020000302002220208020222002030000200021200202010201
8562 1020102020203000200010020202040208020402020200100020003020202010201
8563 1020102022021002001000002022022208022202202000001002001202202010201
8564 1020102040201020100000000204020408040204020000000010201020402010201
8565 1020102222001210000000000022220228220222200000000000121002222010201
8566 1020120200100000000000000000202206022020000000000000000010020210201
8567 1020120200100000222202200000202218122020000022022220000010020210201
8568 1020120200100002022040020000203208023020000200402202000010020210201
8569 1020120200100020200402002000302208022030002002040020200010020210201
8570 1020120200100202002020200210202208022020120020202002020010020210201
8571 1020120200102020020002021020202208022020201202000200202010020210201
8572 1020120200120200200000302002202208022022002030000020020210020210201
8573 1020120200302002000010020200402208022040020200100002002030020210201
8574 1020120202120020001000002020222208022220202000001000200212020210201
8575 1020120220300200100000000202204208024022020000000010020030220210201
8576 1020120402102010000000000020402408042040200000000000102012040210201
8577 1020122220121000000000000002222228222222000000000000001210222210201
8578 1020302010000000000000000000020406040200000000000000000000102030201
8579 1020302010000000222222000000020418140200000002222220000000102030201
8580 1020302010000002022220200000021408041200000020222202000000102030201
8581 1020302010000020202202020000120408040210000202022020200000102030201
8582 1020302010000202020020202010020408040200102020200202020000102030201
8583 1020302010002020200002021200020408040200021202000020202000102030201
8584 1020302010020202000000302020020408040200202030000002020200102030201
8585 1020302010202020000010020202020408040202020200100000202020102030201
8586 1020302012020200001000002020220408040220202000001000020202102030201
8587 1020302030202000100000000202040408040402020000000010002020302030201
8588 1020302212020010000000000020222408042220200000000000100202122030201
8589 1020304030201000000000000002040608060402000000000000001020304030201
8590 1020322212100000000000000000222428242220000000000000000012122230201
8591 1022121000000000000000000000002226222000000000000000000000001212201
8592 1022121000000000222420000000002238322000000000242220000000001212201
8593 1022121000000002024022000000003228223000000002204202000000001212201
8594 1022121000000020220202200000102228222010000022020220200000001212201
8595 1022121000000202200020220010002228222000100220200022020000001212201
8596 1022121000002022000002023000002228222000003202000002202000001212201
8597 1022121000020220000000302200002228222000022030000000220200001212201
8598 1022121000202200000010020220002228222000220200100000022020001212201
8599 1022121002022000001000002022002228222002202000001000002202001212201
8600 1022121020220000100000000202202228222022020000000010000220201212201
8601 1022121202200010000000000020222228222220200000000000100022021212201
8602 1022123022001000000000000002024228224202000000000000001002203212201
8603 1022141220100000000000000000204428244020000000000000000010221412201
8604 1022323210000000000000000000022448442200000000000000000000123232201
8605 1210000000000000000000000000000024200000000000000000000000000000121
8606 1210000000000000242000000000000036300000000000002420000000000000121
8607 1210000000000002202200000000001026201000000000022022000000000000121
8608 1210000000000002444200000000001258521000000000024442000000000000121
8609 1210000000000022000220000000100026200010000000220002200000000000121
8610 1210000000000022242220000000102238322010000000222422200000000000121
8611 1210000000000024202420000000121048401210000000242024200000000000121
8612 1210000000000220000022000010000026200000100002200000220000000000121
8613 1210000000000220242022000010022038302200100002202420220000000000121
8614 1210000000000222202222000010201228221020100002222022220000000000121
8615 1210000000000242000242000012100048400012100002420002420000000000121
8616 1210000000002200000002201000000026200000001022000000022000000000121
8617 1210000000002200242002201000220038300220001022002420022000000000121
8618 1210000000002202202202201002003028203002001022022022022000000000121
8619 1210000000002222000222201020100228220010201022220002222000000000121
8620 1210000000002420000024201210000048400000121024200000242000000000121
8621 1210000000022000000000320000000026200000000230000000002200000000121
8622 1210000000022000242000320002200038300022000230002420002200000000121
8623 1210000000022002202200320020021028201200200230022022002200000000121
8624 1210000000022022000220320200102028202010020230220002202200000000121
8625 1210000000022220000022322010000228220000102232200000222200000000121
8626 1210000000024200000002541000000048400000001452000000024200000000121
8627 1210000000220000000010022000000026200000002200100000000220000000121
8628 1210000000220000242010022022000038300002202200102420000220000000121
8629 1210000000220002202210022200201028201020022200122022000220000000121
8630 1210000000220022000230024000120028200210004200320002200220000000121
8631 1210000000220220000032042010002028202000102402300000220220000000121
8632 1210000000222200000012423000000228220000003242100000022220000000121
8633 1210000000242000000012342000000048400000002432100000002420000000121
8634 1210000002200000001000002200000026200000022000001000000022000000121
8635 1210000002200000243000002420000038300000242000003420000022000000121
8636 1210000002200002203200004202001028201002024000023022000022000000121
8637 1210000002200022001220022200300028200030022200221002200022000000121
8638 1210000002200220001022202210020028200200122022201000220022000000121
8639 1210000002202200001004203200002028202000023024001000022022000000121
8640 1210000002222000001020322200000228220000022230201000002222000000121
8641 1210000002420000001210024200000048400000024200121000000242000000121
8642 1210000022000000100000000220000026200000220000000010000002200000121
8643 1210000022000000342000002420000038300000242000002430000002200000121
8644 1210000022000002302200020240001028201000420200022032000002200000121
8645 1210000022000022100220200222100028200012220020220012200002200000121
8646 1210000022000220100024000230200028200020320004200010220002200000121
8647 1210000022002200100022201220020028200200221022200010022002200000121
8648 1210000022022000100200320220002028202000220230020010002202200000121
8649 1210000022220000102010022220000228220000222200102010000222200000121
8650 1210000024200000121000002420000048400000242000001210000024200000121
8651 1210000220000010000000000022000026200002200000000000100000220000121
8652 1210000220000010242000022022000038300002202200002420100000220000121
8653 1210000220000012202200200222001028201002220020022022100000220000121
8654 1210000220000032000222000042100028200012400002220002300000220000121
8655 1210000220000230000042000034000028200004300002400000320000220000121
8656 1210000220002210000202201022200028200022201022020000122000220000121
8657 1210000220022010002000320022020028200202200230002000102200220000121
8658 1210000220220010020010022022002028202002202200100200100220220000121
8659 1210000222200010201000002222000228220002222000001020100022220000121
8660 1210000242000012100000000242000048400002420000000012100002420000121
8661 1210002200001000000000000002200026200022000000000000001000022000121
8662 1210002200001000242000220002200038300022000220002420001000022000121
8663 1210002200001002202202002002201028201022002002022022001000022000121
8664 1210002200001022000240000202300028200032020000420002201000022000121
8665 1210002200001220000222000032200028200022300002220000221000022000121
8666 1210002200003200002002201004200028200024001022002000023000022000121
8667 1210002200023000020000320002400028200042000230000200003200022000121
8668 1210002200221000200010022002220028200222002200100020001220022000121
8669 1210002202201002001000002202202028202022022000001002001022022000121
8670 1210002222001020100000000222200228220022220000000010201002222000121
8671 1210002420001210000000000024200048400024200000000000121000242000121
8672 1210022000100000000000000000220026200220000000000000000010002200121
8673 1210022000100000242002200000220038300220000022002420000010002200121
8674 1210022000100002202220020000221028201220000200222022000010002200121
8675 1210022000100022000420002000320028200230002000240002200010002200121
8676 1210022000100220002022000210220028200220120002202000220010002200121
8677 1210022000102200020002201020220028200220201022000200022010002200121
8678 1210022000122000200000320002220028200222000230000020002210002200121
8679 1210022000320002000010022000420028200240002200100002000230002200121
8680 1210022002300020001000002200240028200420022000001000200032002200121
8681 1210022022100200100000000220222028202220220000000010020012202200121
8682 1210022220102010000000000022220228220222200000000000102010222200121
8683 1210024200121000000000000002420048400242000000000000001210024200121
8684 1210220010000000000000000000022026202200000000000000000000100220121
8685 1210220010000000242022000000022038302200000002202420000000100220121
8686 1210220010000002202400200000023028203200000020042022000000100220121
8687 1210220010000022002220020000122028202210000200222002200000100220121
8688 1210220010000220020022002010022028202200102002200200220000100220121
8689 1210220010002200200002201200022028202200021022000020022000100220121
8690 1210220010022002000000320020022028202200200230000002002200100220121
8691 1210220010220020000010022002022028202202002200100000200220100220121
8692 1210220012200200001000002200222028202220022000001000020022100220121
8693 1210220032002000100000000220042028202400220000000010002002300220121
8694 1210220230020010000000000022024028204202200000000000100200320220121
8695 1210222210201000000000000002222228222222000000000000001020122220121
8696 1210242012100000000000000000242048402420000000000000000012102420121
8697 1212201000000000000000000000002226222000000000000000000000001022121
8698 1212201000000000242220000000002238322000000000222420000000001022121
8699 1212201000000002204202000000003228223000000002024022000000001022121
8700 1212201000000022020220200000102228222010000020220202200000001022121
8701 1212201000000220200022020010002228222000100202200020220000001022121
8702 1212201000002202000002203000002228222000003022000002022000001022121
8703 1212201000022020000000320200002228222000020230000000202200001022121
8704 1212201000220200000010022020002228222000202200100000020220001022121
8705 1212201002202000001000002202002228222002022000001000002022001022121
8706 1212201022020000100000000220202228222020220000000010000202201022121
8707 1212201220200010000000000022022228222202200000000000100020221022121
8708 1212203202001000000000000002204228224022000000000000001002023022121
8709 1212223020100000000000000000222428242220000000000000000010203222121
8710 1212421210000000000000000000024248424200000000000000000000121242121
8711 1232100000000000000000000000000246420000000000000000000000000012321
8712 1232100000000000244200000000000258520000000000024420000000000012321
8713 1232100000000002222220000000001248421000000000222222000000000012321
8714 1232100000000022200222000000100248420010000002220022200000000012321
8715 1232100000000222000022200010000248420000100022200002220000000012321
8716 1232100000002220000002221000000248420000001222000000222000000012321
8717 1232100000022200000000322000000248420000002230000000022200000012321
8718 1232100000222000000010022200000248420000022200100000002220000012321
8719 1232100002220000001000002220000248420000222000001000000222000012321
8720 1232100022200000100000000222000248420002220000000010000022200012321
8721 1232100222000010000000000022200248420022200000000000100002220012321
8722 1232102220001000000000000002220248420222000000000000001000222012321
8723 1232122200100000000000000000222248422220000000000000000010022212321
8724 1232322010000000000000000000022448442200000000000000000000102232321
8725 1234321000000000000000000000002468642000000000000000000000001234321
8726 4000000000000000000000000000000008000000000000000000000000000000004
8727 4836474190311578555464055886890474740986885504645558751130914746384
8728 6771391045793403931618552334848680868484332558161393043975401931776
8729 9671389965076056510789702463424611164243642079870156506705699831769
8730 52652018390106447787037098707897055079870789073078774460109381025625
8731 100000000000000000000000000000000020000000000000000000000000000000001
8732 100000000000000002000000000000000030000000000000000200000000000000001
8733 100000000000000004000000000000000060000000000000000400000000000000001
8734 100000000000000020200000000000001040100000000000002020000000000000001
8735 100000000000000022200000000000001252100000000000002220000000000000001
8736 100000000000000024200000000000001484100000000000002420000000000000001
8737 100000000000000200020000000000100040001000000000020002000000000000001
8738 100000000000000202020000000000102050201000000000020202000000000000001
8739 100000000000000204020000000000104080401000000000020402000000000000001
8740 100000000000000220220000000000121262121000000000022022000000000000001
8741 100000000000000222220000000000123474321000000000022222000000000000001
8742 100000000000002000002000000010000040000010000000200000200000000000001
8743 100000000000002002002000000010020050020010000000200200200000000000001
8744 100000000000002004002000000010040080040010000000200400200000000000001
8745 100000000000002020202000000010203060302010000000202020200000000000001
8746 100000000000002022202000000010223272322010000000202220200000000000001
8747 100000000000002200022000000012100262001210000000220002200000000000001
8748 100000000000002202022000000012122272221210000000220202200000000000001
8749 100000000000002220222000000012323484323210000000222022200000000000001
8750 100000000000002222222000000012345696543210000000222222200000000000001
8751 100000000000020000000200001000000040000000100002000000020000000000001
8752 100000000000020002000200001000200050002000100002000200020000000000001
8753 100000000000020004000200001000400080004000100002000400020000000000001
8754 100000000000020020200200001002021060120200100002002020020000000000001
8755 100000000000020022200200001002221272122200100002002220020000000000001
8756 100000000000020200020200001020102060201020100002020002020000000000001
8757 100000000000020202020200001020304070403020100002020202020000000000001
8758 100000000000020220220200001022143282341220100002022022020000000000001
8759 100000000000020222220200001022345494543220100002022222020000000000001
8760 100000000000022000002200001210000262000012100002200000220000000000001
8761 100000000000022002002200001210220272022012100002200200220000000000001
8762 100000000000022020202200001212223282322212100002202020220000000000001
8763 100000000000022022202200001212443494344212100002202220220000000000001
8764 100000000000022200022200001232102484201232100002220002220000000000001
8765 100000000000022202022200001232324494423232100002220202220000000000001
8766 100000000000200000000020100000000040000000001020000000002000000000001
8767 100000000000200002000020100002000050000200001020000200002000000000001
8768 100000000000200004000020100004000080000400001020000400002000000000001
8769 100000000000200020200020100020201060102020001020002020002000000000001
8770 100000000000200022200020100022201272102220001020002220002000000000001
8771 100000000000200200020020100200120060021002001020020002002000000000001
8772 100000000000200202020020100202122070221202001020020202002000000000001
8773 100000000000200220220020100220341282143022001020022022002000000000001
8774 100000000000200222220020100222343494343222001020022222002000000000001
8775 100000000000202000002020102010002060200010201020200000202000000000001
8776 100000000000202002002020102012022070220210201020200200202000000000001
8777 100000000000202020202020102030405080504030201020202020202000000000001
8778 100000000000202022202020102032425292524230201020202220202000000000001
8779 100000000000202200022020102212122282221212201020220002202000000000001
8780 100000000000202202022020102214144292441412201020220202202000000000001
8781 100000000000220000000220121000000262000000121022000000022000000000001
8782 100000000000220002000220121002200272002200121022000200022000000000001
8783 100000000000220020200220121022221282122220121022002020022000000000001
8784 100000000000220022200220121024421494124420121022002220022000000000001
8785 100000000000220200020220121220122282221022121022020002022000000000001
8786 100000000000220202020220121222324292423222121022020202022000000000001
8787 100000000000222000002220123210002484200012321022200000222000000000001
8788 100000000000222002002220123212222494222212321022200200222000000000001
8789 100000000002000000000012000000000040000000000210000000000200000000001
8790 100000000002000002000012000020000050000020000210000200000200000000001
8791 100000000002000004000012000040000080000040000210000400000200000000001
8792 100000000002000020200012000202001060100202000210002020000200000000001
8793 100000000002000022200012000222001272100222000210002220000200000000001
8794 100000000002000200020012002000300060003000200210020002000200000000001
8795 100000000002000202020012002020302070203020200210020202000200000000001
8796 100000000002000220220012002202321282123202200210022022000200000000001
8797 100000000002000222220012002222323494323222200210022222000200000000001
8798 100000000002002000002012020010020060020010020210200000200200000000001
8799 100000000002002002002012020030040070040030020210200200200200000000001
8800 100000000002002020202012020212223080322212020210202020200200000000001
8801 100000000002002022202012020232243292342232020210202220200200000000001
8802 100000000002002200022012022012320282023210220210220002200200000000001
8803 100000000002002202022012022032342292243230220210220202200200000000001
8804 100000000002020000000212201000002060200000102212000000020200000000001
8805 100000000002020002000212201020202070202020102212000200020200000000001
8806 100000000002020020200212201204023080320402102212002020020200000000001
8807 100000000002020022200212201224223292322422102212002220020200000000001
8808 100000000002020200020212203020304080403020302212020002020200000000001
8809 100000000002020202020212203040506090605040302212020202020200000000001
8810 100000000002022000002212221210022282220012122212200000220200000000001
8811 100000000002022002002212221230242292242032122212200200220200000000001
8812 100000000002200000000034100000000262000000001430000000002200000000001
8813 100000000002200002000034100022000272000220001430000200002200000000001
8814 100000000002200020200034100222201282102222001430002020002200000000001
8815 100000000002200022200034100244201494102442001430002220002200000000001
8816 100000000002200200020034102200320282023002201430020002002200000000001
8817 100000000002200202020034102222322292223222201430020202002200000000001
8818 100000000002202000002034122010022282220010221430200000202200000000001
8819 100000000002202002002034122032042292240230221430200200202200000000001
8820 100000000002220000000234321000002484200000123432000000022200000000001
8821 100000000002220002000234321022202494202220123432000200022200000000001
8822 100000000020000000001000200000000040000000002000100000000020000000001
8823 100000000020000002001000200200000050000002002000100200000020000000001
8824 100000000020000004001000200400000080000004002000100400000020000000001
8825 100000000020000020201000202020001060100020202000102020000020000000001
8826 100000000020000022201000202220001272100022202000102220000020000000001
8827 100000000020000200021000220002100060001200022000120002000020000000001
8828 100000000020000202021000220202102070201202022000120202000020000000001
8829 100000000020000220221000222022121282121220222000122022000020000000001
8830 100000000020000222221000222222123494321222222000122222000020000000001
8831 100000000020002000003000400010200060002010004000300000200020000000001
8832 100000000020002002003000400210220070022012004000300200200020000000001
8833 100000000020002020203000402030403080304030204000302020200020000000001
8834 100000000020002022203000402230423292324032204000302220200020000000001
8835 100000000020002200023000420014300282003410024000320002200020000000001
8836 100000000020002202023000420214322292223412024000320202200020000000001
8837 100000000020020000001202201000020060020000102202100000020020000000001
8838 100000000020020002001202201200220070022002102202100200020020000000001
8839 100000000020020020201202203022041080140220302202102020020020000000001
8840 100000000020020022201202203222241292142222302202102220020020000000001
8841 100000000020020200021202221022122080221220122202120002020020000000001
8842 100000000020020202021202221222324090423222122202120202020020000000001
8843 100000000020022000003202401210220282022012104202300000220020000000001
8844 100000000020022002003202401410440292044014104202300200220020000000001
8845 100000000020200000001040300000002060200000003040100000002020000000001
8846 100000000020200002001040300202002070200202003040100200002020000000001
8847 100000000020200020201040302040203080302040203040102020002020000000001
8848 100000000020200022201040302242203292302242203040102220002020000000001
8849 100000000020200200021040320202122080221202023040120002002020000000001
8850 100000000020200202021040320404124090421404023040120202002020000000001
8851 100000000020202000003040502010204080402010205040300000202020000000001
8852 100000000020202002003040502212224090422212205040300200202020000000001
8853 100000000020220000001242321000022282220000123242100000022020000000001
8854 100000000020220002001242321202222292222202123242100200022020000000001
8855 100000000022000000001212200000000262000000002212100000000220000000001
8856 100000000022000002001212200220000272000022002212100200000220000000001
8857 100000000022000020201212202222001282100222202212102020000220000000001
8858 100000000022000022201212202442001494100244202212102220000220000000001
8859 100000000022000200021212222002300282003200222212120002000220000000001
8860 100000000022000202021212222222302292203222222212120202000220000000001
8861 100000000022002000003212420010220282022010024212300000200220000000001
8862 100000000022002002003212420230240292042032024212300200200220000000001
8863 100000000022020000001414401000022282220000104414100000020220000000001
8864 100000000022020002001414401220222292222022104414100200020220000000001
8865 100000000022200000001254300000002484200000003452100000002220000000001
8866 100000000022200002001254300222002494200222003452100200002220000000001
8867 100000000200000000100000020000000040000000020000001000000002000000001
8868 100000000200000002100000022000000050000000220000001200000002000000001
8869 100000000200000004100000024000000080000000420000001400000002000000001
8870 100000000200000020300000040200001060100002040000003020000002000000001
8871 100000000200000022300000042200001272100002240000003220000002000000001
8872 100000000200000200120000220020100060001020022000021002000002000000001
8873 100000000200000202120000222020102070201020222000021202000002000000001
8874 100000000200000220320000240220121282121022042000023022000002000000001
8875 100000000200000222320000242220123494321022242000023222000002000000001
8876 100000000200002000102002020012000060000210020200201000200002000000001
8877 100000000200002002102002022012020070020210220200201200200002000000001
8878 100000000200002020302002040212203080302212040200203020200002000000001
8879 100000000200002022302002042212223292322212240200203220200002000000001
8880 100000000200002200122002220034100282001430022200221002200002000000001
8881 100000000200002202122002222034122292221430222200221202200002000000001
8882 100000000200020000100220021000200060002000120022001000020002000000001
8883 100000000200020002100220023000400070004000320022001200020002000000001
8884 100000000200020020300220041202221080122202140022003020020002000000001
8885 100000000200020022300220043202421292124202340022003220020002000000001
8886 100000000200020200120220221040302080203040122022021002020002000000001
8887 100000000200020202120220223040504090405040322022021202020002000000001
8888 100000000200022000102222021212200282002212120222201000220002000000001
8889 100000000200022002102222023212420292024212320222201200220002000000001
8890 100000000200200000100220120000020060020000021022001000002002000000001
8891 100000000200200002100220122002020070020200221022001200002002000000001
8892 100000000200200020300220140220221080122022041022003020002002000000001
8893 100000000200200022300220142222221292122222241022003220002002000000001
8894 100000000200200200120220320220140080041022023022021002002002000000001
8895 100000000200200202120220322222142090241222223022021202002002000000001
8896 100000000200202000102222122012022080220210221222201000202002000000001
8897 100000000200202002102222124014042090240410421222201200202002000000001
8898 100000000200220000100440141000220282022000141044001000022002000000001
8899 100000000200220002100440143002420292024200341044001200022002000000001
8900 100000000202000000102012020000002060200000020210201000000202000000001
8901 100000000202000002102012022020002070200020220210201200000202000000001
8902 100000000202000020302012040402003080300204040210203020000202000000001
8903 100000000202000022302012042422003292300224240210203220000202000000001
8904 100000000202000200122012222020302080203020222210221002000202000000001
8905 100000000202000202122012224040304090403040422210221202000202000000001
8906 100000000202002000104014040012022080220210040410401000200202000000001
8907 100000000202002002104014042032042090240230240410401200200202000000001
8908 100000000202020000102232221000204080402000122232201000020202000000001
8909 100000000202020002102232223020404090404020322232201200020202000000001
8910 100000000202200000102234120000022282220000021432201000002202000000001
8911 100000000202200002102234122022022292220220221432201200002202000000001
8912 100000000220000000121000220000000262000000022000121000000022000000001
8913 100000000220000002121000222200000272000002222000121200000022000000001
8914 100000000220000020321000242220001282100022242000123020000022000000001
8915 100000000220000022321000244420001494100024442000123220000022000000001
8916 100000000220000200141000440022100282001220044000141002000022000000001
8917 100000000220000202141000442222102292201222244000141202000022000000001
8918 100000000220002000123002420012200282002210024200321000200022000000001
8919 100000000220002002123002422212220292022212224200321200200022000000001
8920 100000000220020000121222221000220282022000122222121000020022000000001
8921 100000000220020002121222223200420292024002322222121200020022000000001
8922 100000000220200000121240320000022282220000023042121000002022000000001
8923 100000000220200002121240322202022292220202223042121200002022000000001
8924 100000000222000000123212220000002484200000022212321000000222000000001
8925 100000000222000002123212222220002494200022222212321200000222000000001
8926 100000002000000010000000002000000040000000200000000010000000200000001
8927 100000002000000012000000022000000050000000220000000210000000200000001
8928 100000002000000014000000042000000080000000240000000410000000200000001
8929 100000002000000030200000204000001060100000402000002030000000200000001
8930 100000002000000032200000224000001272100000422000002230000000200000001
8931 100000002000000210020002002200100060001002200200020012000000200000001
8932 100000002000000212020002022200102070201002220200020212000000200000001
8933 100000002000000230220002204200121282121002402200022032000000200000001
8934 100000002000000232220002224200123494321002422200022232000000200000001
8935 100000002000002010002020002030000060000030200020200010200000200000001
8936 100000002000002012002020022030020070020030220020200210200000200000001
8937 100000002000002030202020204030203080302030402020202030200000200000001
8938 100000002000002032202020224030223292322030422020202230200000200000001
8939 100000002000002210022022002232100282001232200220220012200000200000001
8940 100000002000002212022022022232122292221232220220220212200000200000001
8941 100000002000020010000400003002000060000200300004000010020000200000001
8942 100000002000020012000400023002200070002200320004000210020000200000001
8943 100000002000020030200400205004021080120400502004002030020000200000001
8944 100000002000020032200400225004221292122400522004002230020000200000001
8945 100000002000020210020402003222102080201222300204020012020000200000001
8946 100000002000020212020402023222304090403222320204020212020000200000001
8947 100000002000022010002420003232000282000232300024200010220000200000001
8948 100000002000022012002420023232220292022232320024200210220000200000001
8949 100000002000200010002020102000200060002000201020200010002000200000001
8950 100000002000200012002020122002200070002200221020200210002000200000001
8951 100000002000200030202020304020401080104020403020202030002000200000001
8952 100000002000200032202020324022401292104220423020202230002000200000001
8953 100000002000200210022022102400320080023004201220220012002000200000001
8954 100000002000200212022022122402322090223204221220220212002000200000001
8955 100000002000202010004040104030202080202030401040400010202000200000001
8956 100000002000202012004040124032222090222230421040400210202000200000001
8957 100000002000220010002420123002200282002200321024200010022000200000001
8958 100000002000220012002420143004400292004400341024200210022000200000001
8959 100000002002000010020012002000020060020000200210020010000200200000001
8960 100000002002000012020012022020020070020020220210020210000200200000001
8961 100000002002000030220012204202021080120202402210022030000200200000001
8962 100000002002000032220012224222021292120222422210022230000200200000001
8963 100000002002000210040014004200320080023002400410040012000200200000001
8964 100000002002000212040014024220322090223022420410040212000200200000001
8965 100000002002002010022032022030040080040030220230220010200200200000001
8966 100000002002002012022032042050060090060050240230220210200200200000001
8967 100000002002020010020412203002022080220200302214020010020200200000001
8968 100000002002020012020412223022222090222220322214020210020200200000001
8969 100000002002200010022034102000220282022000201430220010002200200000001
8970 100000002002200012022034122022220292022220221430220210002200200000001
8971 100000002020000010201000202000002060200000202000102010000020200000001
8972 100000002020000012201000222200002070200002222000102210000020200000001
8973 100000002020000030401000406020003080300020604000104030000020200000001
8974 100000002020000032401000426220003292300022624000104230000020200000001
8975 100000002020000210221002222202102080201202222200122012000020200000001
8976 100000002020000212221002242402104090401204242200122212000020200000001
8977 100000002020002010203020402030202080202030204020302010200020200000001
8978 100000002020002012203020422230222090222032224020302210200020200000001
8979 100000002020020010201402203002022080220200302204102010020020200000001
8980 100000002020020012201402223202222090222202322204102210020020200000001
8981 100000002020200010203040302000204080402000203040302010002020200000001
8982 100000002020200012203040322202204090402202223040302210002020200000001
8983 100000002022000010221212202000022282220000202212122010000220200000001
8984 100000002022000012221212222220022292220022222212122210000220200000001
8985 100000002200000010100000000000000272000000000000001010000002200000001
8986 100000002200000012100000022000000262000000220000001210000002200000001
8987 100000002200000014100000044000000272000000440000001410000002200000001
8988 100000002200000030300000222200001090100002222000003030000002200000001
8989 100000002200000032300000244200001282100002442000003230000002200000001
8990 100000002200000034300000266200001494100002662000003430000002200000001
8991 100000002200000212120002222220100282001022222200021212000002200000001
8992 100000002200000214120002244220102292201022442200021412000002200000001
8993 100000002200002012102022022032000282000230220220201210200002200000001
8994 100000002200002014102022044032020292020230440220201410200002200000001
8995 100000002200020010100420001002000292000200100024001010020002200000001
8996 100000002200020012100420023002200282002200320024001210020002200000001
8997 100000002200020014100420045002400292004200540024001410020002200000001
8998 100000002200200012102220122000220282022000221022201210002002200000001
8999 100000002200200014102220144002220292022200441022201410002002200000001
9000 100000002202000012122012022000022282220000220210221210000202200000001
9001 100000002202000014122012044020022292220020440210221410000202200000001
9002 100000002220000012321000222000002484200000222000123210000022200000001
9003 100000002220000014321000244200002494200002442000123410000022200000001
9004 100000020000001000000000000200000040000002000000000000100000020000001
9005 100000020000001002000000200200000050000002002000000200100000020000001
9006 100000020000001004000000400200000080000002004000000400100000020000001
9007 100000020000001020200002020200001060100002020200002020100000020000001
9008 100000020000001022200002220200001272100002022200002220100000020000001
9009 100000020000001200020020002200100060001002200020020002100000020000001
9010 100000020000001202020020202200102070201002202020020202100000020000001
9011 100000020000001220220022022200121282121002220220022022100000020000001
9012 100000020000001222220022222200123494321002222220022222100000020000001
9013 100000020000003000002200000410000060000014000002200000300000020000001
9014 100000020000003002002200200410020070020014002002200200300000020000001
9015 100000020000003020202202020410203080302014020202202020300000020000001
9016 100000020000003022202202220410223292322014022202202220300000020000001
9017 100000020000003200022220002412100282001214200022220002300000020000001
9018 100000020000003202022220202412122292221214202022220202300000020000001
9019 100000020000021000002200001220000060000022100002200000120000020000001
9020 100000020000021002002200201220200070002022102002200200120000020000001
9021 100000020000021020202202021222021080120222120202202020120000020000001
9022 100000020000021022202202221222221292122222122202202220120000020000001
9023 100000020000021200022220003240102080201042300022220002120000020000001
9024 100000020000021202022220203240304090403042302022220202120000020000001
9025 100000020000023000004400001630000282000036100004400000320000020000001
9026 100000020000023002004400201630220292022036102004400200320000020000001
9027 100000020000201000020020100202000060000202001020020000102000020000001
9028 100000020000201002020020300204000070000402003020020200102000020000001
9029 100000020000201020220022120222201080102222021220022020102000020000001
9030 100000020000201022220022320224201292102422023220022220102000020000001
9031 100000020000201200040040102402120080021204201040040002102000020000001
9032 100000020000201202040040302404122090221404203040040202102000020000001
9033 100000020000203000022220102412002080200214201022220000302000020000001
9034 100000020000203002022220302414022090220414203022220200302000020000001
9035 100000020000221000022220121222000282000222121022220000122000020000001
9036 100000020000221002022220321224200292002422123022220200122000020000001
9037 100000020002001000200012000200200060002002000210002000100200020000001
9038 100000020002001002200012200220200070002022002210002200100200020000001
9039 100000020002001020400014020402201080102204020410004020100200020000001
9040 100000020002001022400014220422201292102224022410004220100200020000001
9041 100000020002001200220032004200500080005002400230022002100200020000001
9042 100000020002001202220032204220502090205022402230022202100200020000001
9043 100000020002003000202212020410220080022014020212202000300200020000001
9044 100000020002003002202212220430240090042034022212202200300200020000001
9045 100000020002021000202212201220202080202022102212202000120200020000001
9046 100000020002021002202212401240402090204042104212202200120200020000001
9047 100000020002201000220034100202200282002202001430022000102200020000001
9048 100000020002201002220034300224200292002422003430022200102200020000001
9049 100000020020001000001000000000020070020000000000100000100020020000001
9050 100000020020001002001000200200020060020002002000100200100020020000001
9051 100000020020001004001000400400020070020004004000100400100020020000001
9052 100000020020001022201002222220021080120022222200102220100020020000001
9053 100000020020001024201002422420021292120024224200102420100020020000001
9054 100000020020001202021020222202120080021202222020120202100020020000001
9055 100000020020001204021020422402122090221204224020120402100020020000001
9056 100000020020003000003200200210200090002012002002300000300020020000001
9057 100000020020003002003200400410220080022014004002300200300020020000001
9058 100000020020003004003200600610240090042016006002300400300020020000001
9059 100000020020021002003202201220040080040022102202300200120020020000001
9060 100000020020021004003202401420240090042024104202300400120020020000001
9061 100000020020201000021040100000022090220000001040120000102020020000001
9062 100000020020201002021040300202022080220202003040120200102020020000001
9063 100000020020201004021040500404022090220404005040120400102020020000001
9064 100000020022001002201212200200220282022002002212102200100220020000001
9065 100000020022001004201212400420220292022024004212102400100220020000001
9066 100000020200001020100000020200002060200002020000001020100002020000001
9067 100000020200001022100000222200002070200002222000001220100002020000001
9068 100000020200001040300002060400003080300004060200003040100002020000001
9069 100000020200001042300002262400003292300004262200003240100002020000001
9070 100000020200001220120020222220102080201022222020021022100002020000001
9071 100000020200001222120020424220104090401022424020021222100002020000001
9072 100000020200003020102202020412002080200214020202201020300002020000001
9073 100000020200003022102202222412022090220214222202201220300002020000001
9074 100000020200021020102220021220202080202022120022201020120002020000001
9075 100000020200021022102220223220402090204022322022201220120002020000001
9076 100000020200201020120220120202022080220202021022021020102002020000001
9077 100000020200201022120220322204022090220402223022021220102002020000001
9078 100000020202001020302012020200204080402002020210203020100202020000001
9079 100000020202001022302012222220204090402022222210203220100202020000001
9080 100000020220001022121000220200022282220002022000121220100022020000001
9081 100000020220001024121000422400022292220004224000121420100022020000001
9082 100000022000001210000000002200000262000002200000000012100000220000001
9083 100000022000001212000000222200000272000002222000000212100000220000001
9084 100000022000001230200002224200001282100002422200002032100000220000001
9085 100000022000001232200002444200001494100002444200002232100000220000001
9086 100000022000001410020022004400100282001004400220020014100000220000001
9087 100000022000001412020022224400102292201004422220020214100000220000001
9088 100000022000003210002220002430000282000034200022200012300000220000001
9089 100000022000003212002220222430020292020034222022200212300000220000001
9090 100000022000021210002400003222000282000222300004200012120000220000001
9091 100000022000021212002400223222200292002222322004200212120000220000001
9092 100000022000201210022020102202200282002202201020220012102000220000001
9093 100000022000201212022020322204200292002402223020220212102000220000001
9094 100000022002001210220012002200220282022002200210022012100200220000001
9095 100000022002001212220012222220220292022022222210022212100200220000001
9096 100000022020001212201000202200022282220002202000102212100020220000001
9097 100000022020001214201000422400022292220004224000102412100020220000001
9098 100000022200001232100000022200002484200002220000001232100002220000001
9099 100000022200001234100000244200002494200002442000001432100002220000001
9100 100000200000100000000000000020000040000020000000000000001000002000001
9101 100000200000100002000002000020000050000020000200000200001000002000001
9102 100000200000100004000004000020000080000020000400000400001000002000001
9103 100000200000100020200020200020001060100020002020002020001000002000001
9104 100000200000100022200022200020001272100020002220002220001000002000001
9105 100000200000100200020200020020100060001020020002020002001000002000001
9106 100000200000100202020202020020102070201020020202020202001000002000001
9107 100000200000100220220220220020121282121020022022022022001000002000001
9108 100000200000100222220222220020123494321020022222022222001000002000001
9109 100000200000102000004000002030000060000030200000400000201000002000001
9110 100000200000102002004002002030020070020030200200400200201000002000001
9111 100000200000102020204020202030203080302030202020402020201000002000001
9112 100000200000102022204022202030223292322030202220402220201000002000001
9113 100000200000102200024200022032100282001230220002420002201000002000001
9114 100000200000102202024202022032122292221230220202420202201000002000001
9115 100000200000120000020200001220000060000022100002020000021000002000001
9116 100000200000120002020202001220200070002022100202020200021000002000001
9117 100000200000120020220220201222021080120222102022022020021000002000001
9118 100000200000120022220222201222221292122222102222022220021000002000001
9119 100000200000120200040400021240102080201042120004040002021000002000001
9120 100000200000120202040402021240304090403042120204040202021000002000001
9121 100000200000122000024200003430000282000034300002420000221000002000001
9122 100000200000122002024202003430220292022034300202420200221000002000001
9123 100000200000300000200020100040000060000040001020002000003000002000001
9124 100000200000300002200022100042000070000240001220002200003000002000001
9125 100000200000300020400040300060201080102060003040004020003000002000001
9126 100000200000300022400042300062201292102260003240004220003000002000001
9127 100000200000300200220220120240120080021042021022022002003000002000001
9128 100000200000300202220222120242122090221242021222022202003000002000001
9129 100000200000302000204020104050002080200050401020402000203000002000001
9130 100000200000302002204022104052022090220250401220402200203000002000001
9131 100000200000320000220220121240000282000042121022022000023000002000001
9132 100000200000320002220222121242200292002242121222022200023000002000001
9133 100000200002100000000010000002000070000200000010000000001200002000001
9134 100000200002100002000012000022000060000220000210000200001200002000001
9135 100000200002100004000014000042000070000240000410000400001200002000001
9136 100000200002100022200032200224001080100422002230002220001200002000001
9137 100000200002100024200034200244001292100442002430002420001200002000001
9138 100000200002100202020212022022300080003220220212020202001200002000001
9139 100000200002100204020214022042302090203240220412020402001200002000001
9140 100000200002102000004010022012000090000210220010400000201200002000001
9141 100000200002102002004012022032020080020230220210400200201200002000001
9142 100000200002102004004014022052040090040250220410400400201200002000001
9143 100000200002120002020212201222002080200222102212020200021200002000001
9144 100000200002120004020214201242202090202242102412020400021200002000001
9145 100000200002300000200032100020000292000020001230002000003200002000001
9146 100000200002300002200034100042000282000240001430002200003200002000001
9147 100000200002300004200036100064000292000460001630002400003200002000001
9148 100000200020100020001000200020200060002020002000100020001020002000001
9149 100000200020100022001002200220200070002022002200100220001020002000001
9150 100000200020100040201020402040201080102040204020102040001020002000001
9151 100000200020100042201022402240201292102042204220102240001020002000001
9152 100000200020100220021200240022300080003220042002120022001020002000001
9153 100000200020100222021202240222302090203222042202120222001020002000001
9154 100000200020102020005000402030400080004030204000500020201020002000001
9155 100000200020102022005002402230420090024032204200500220201020002000001
9156 100000200020120020021202201220220080022022102202120020021020002000001
9157 100000200020120022021204201420420090024024102402120220021020002000001
9158 100000200020300020201040300040202080202040003040102020003020002000001
9159 100000200020300022201042300242202090202242003240102220003020002000001
9160 100000200022100022001212200022200282002220002212100220001220002000001
9161 100000200022100024001214200242200292002242002412100420001220002000001
9162 100000200200100200100000020020020060020020020000001002001002002000001
9163 100000200200100202100002022020020070020020220200001202001002002000001
9164 100000200200100220300020240220021080120022042020003022001002002000001
9165 100000200200100222300022242220021292120022242220003222001002002000001
9166 100000200200100400120200240040120080021040042002021004001002002000001
9167 100000200200100402120202242040122090221040242202021204001002002000001
9168 100000200200102200104002022032020080020230220200401002201002002000001
9169 100000200200102202104004024032040090040230420400401202201002002000001
9170 100000200200120200120220021220220080022022120022021002021002002000001
9171 100000200200120202120222023220420090024022320222021202021002002000001
9172 100000200200300200300220120040040080040040021022003002003002002000001
9173 100000200200300202300222122042040090040240221222003202003002002000001
9174 100000200202100202102012020022022080220220020210201202001202002000001
9175 100000200202100204102014022042022090220240220410201402001202002000001
9176 100000200220100220121000220020220282022020022000121022001022002000001
9177 100000200220100222121002222220220292022022222200121222001022002000001
9178 100000202000102010000000002020002060200020200000000010201000202000001
9179 100000202000102012000002022020002070200020220200000210201000202000001
9180 100000202000102030200020404020003080300020404020002030201000202000001
9181 100000202000102032200022424020003292300020424220002230201000202000001
9182 100000202000102210020202022220102080201022220202020012201000202000001
9183 100000202000102212020204042220104090401022240402020212201000202000001
9184 100000202000104010004020004050002080200050400020400010401000202000001
9185 100000202000104012004022024050022090220050420220400210401000202000001
9186 100000202000122010020400003222002080200222300004020010221000202000001
9187 100000202000122012020402023222202090202222320204020210221000202000001
9188 100000202000302010202020102040202080202040201020202010203000202000001
9189 100000202000302012202022122042202090202240221220202210203000202000001
9190 100000202002102012020012002022022080220220200210020210201200202000001
9191 100000202002102014020014022042022090220240220410020410201200202000001
9192 100000202020102030201000202020204080402020202000102030201020202000001
9193 100000202020102032201002222220204090402022222200102230201020202000001
9194 100000202200102212100000022020022282220020220000001212201002202000001
9195 100000202200102214100002044020022292220020440200001412201002202000001
9196 100000220000121000000000000220000262000022000000000000121000022000001
9197 100000220000121002000002200220000272000022002200000200121000022000001
9198 100000220000121020200022220220001282100022022220002020121000022000001
9199 100000220000121022200024420220001494100022024420002220121000022000001
9200 100000220000121200020220022220100282001022220022020002121000022000001
9201 100000220000121202020222222220102292201022222222020202121000022000001
9202 100000220000123000004200002430000282000034200002400000321000022000001
9203 100000220000123002004202202430020292020034202202400200321000022000001
9204 100000220000141000022200001440000282000044100002220000141000022000001
9205 100000220000141002022202201440200292002044102202220200141000022000001
9206 100000220000321000220020100242000282000242001020022000123000022000001
9207 100000220000321002220022300244000292000442003220022200123000022000001
9208 100000220002121002200012000222200282002222000210002200121200022000001
9209 100000220002121004200014200242200292002242002410002400121200022000001
9210 100000220020121022001000200220220282022022002000100220121020022000001
9211 100000220020121024001002400420220292022024004200100420121020022000001
9212 100000220200121220100000020220022282220022020000001022121002022000001
9213 100000220200121222100002222220022292220022222200001222121002022000001
9214 100000222000123210000000002220002484200022200000000012321000222000001
9215 100000222000123212000002222220002494200022222200000212321000222000001
9216 100002000010000000000000000002000040000200000000000000000010000200001
9217 100002000010000002000020000002000050000200000020000200000010000200001
9218 100002000010000004000040000002000080000200000040000400000010000200001
9219 100002000010000020200202000002001060100200000202002020000010000200001
9220 100002000010000022200222000002001272100200000222002220000010000200001
9221 100002000010000200022000200002100060001200002000220002000010000200001
9222 100002000010000202022020200002102070201200002020220202000010000200001
9223 100002000010000220222202200002121282121200002202222022000010000200001
9224 100002000010000222222222200002123494321200002222222222000010000200001
9225 100002000010002000022000020012000060000210020000220000200010000200001
9226 100002000010002002022020020012020070020210020020220200200010000200001
9227 100002000010002020222202020012203080302210020202222020200010000200001
9228 100002000010002022222222020012223292322210020222222220200010000200001
9229 100002000010002200044000220014100282001410022000440002200010000200001
9230 100002000010002202044020220014122292221410022020440202200010000200001
9231 100002000010020000200200003002000060000200300002002000020010000200001
9232 100002000010020002200220003002200070002200300022002200020010000200001
9233 100002000010020020400402003004021080120400300204004020020010000200001
9234 100002000010020022400422003004221292122400300224004220020010000200001
9235 100002000010020200222200203022102080201220302002222002020010000200001
9236 100002000010020202222220203022304090403220302022222202020010000200001
9237 100002000010022000222200023212000282000212320002222000220010000200001
9238 100002000010022002222220023212220292022212320022222200220010000200001
9239 100002000010200000000000100200000070000002001000000000002010000200001
9240 100002000010200002000020100202000060000202001020000200002010000200001
9241 100002000010200004000040100204000070000402001040000400002010000200001
9242 100002000010200022200222100222201080102222001222002220002010000200001
9243 100002000010200024200242100224201292102422001242002420002010000200001
9244 100002000010200202022020300402120080021204003020220202002010000200001
9245 100002000010200204022040300404122090221404003040220402002010000200001
9246 100002000010202002022020122212002080200212221020220200202010000200001
9247 100002000010202004022040122214022090220412221040220400202010000200001
9248 100002000010220002200220123202000282000202321022002200022010000200001
9249 100002000010220004200240123204200292002402321042002400022010000200001
9250 100002000012000020000012000022000060000220000210000020000210000200001
9251 100002000012000022000032000042000070000240000230000220000210000200001
9252 100002000012000040200214000224001080100422000412002040000210000200001
9253 100002000012000042200234000244001292100442000432002240000210000200001
9254 100002000012000220022012202022300080003220202210220022000210000200001
9255 100002000012000222022032202042302090203240202230220222000210000200001
9256 100002000012002020022012040032020080020230040210220020200210000200001
9257 100002000012002022022032040052040090040250040230220220200210000200001
9258 100002000012020020200212203022002080200220302212002020020210000200001
9259 100002000012020022200232203042202090202240302232002220020210000200001
9260 100002000012200020000014100200000292000002001410000020002210000200001
9261 100002000012200022000034100222000282000222001430000220002210000200001
9262 100002000012200024000054100244000292000442001450000420002210000200001
9263 100002000030000200001000200004000060000400002000100002000030000200001
9264 100002000030000202001020200204000070000402002020100202000030000200001
9265 100002000030000220201202202024001080100420202202102022000030000200001
9266 100002000030000222201222202224001292100422202222102222000030000200001
9267 100002000030000400023000420006100080001600024000320004000030000200001
9268 100002000030000402023020420206102090201602024020320204000030000200001
9269 100002000030002200023000420014200080002410024000320002200030000200001
9270 100002000030002202023020420214220090022412024020320202200030000200001
9271 100002000030020200201202203004020080020400302202102002020030000200001
9272 100002000030020202201222203204220090022402302222102202020030000200001
9273 100002000030200200001020300002002090200200003020100002002030000200001
9274 100002000030200202001040300204002080200402003040100202002030000200001
9275 100002000030200204001060300406002090200604003060100402002030000200001
9276 100002000032000220001212200024000282000420002212100022000230000200001
9277 100002000032000222001232200244000292000442002232100222000230000200001
9278 100002000210002000100000020002200060002200020000001000200012000200001
9279 100002000210002002100020022002200070002200220020001200200012000200001
9280 100002000210002020300202040202201080102202040202003020200012000200001
9281 100002000210002022300222042202201292102202240222003220200012000200001
9282 100002000210002200122000420022300080003220024000221002200012000200001
9283 100002000210002202122020422022302090203220224020221202200012000200001
9284 100002000210004000122002040014200080002410040200221000400012000200001
9285 100002000210004002122022042014220090022410240220221200400012000200001
9286 100002000210022000300220023002400080004200320022003000220012000200001
9287 100002000210022002300240025002600090006200520042003200220012000200001
9288 100002000210202002100220120202220080022202021022001200202012000200001
9289 100002000210202004100240122204220090022402221042001400202012000200001
9290 100002000212002020102012020022202080202220020210201020200212000200001
9291 100002000212002022102032022042202090202240220230201220200212000200001
9292 100002000230002200121000220004200282002400022000121002200032000200001
9293 100002000230002202121020222204200292002402222020121202200032000200001
9294 100002002010020010000000002002020060020200200000000010020010200200001
9295 100002002010020012000020022002020070020200220020000210020010200200001
9296 100002002010020030200202204002021080120200402202002030020010200200001
9297 100002002010020032200222224002021292120200422222002230020010200200001
9298 100002002010020210022002202202120080021202202200220012020010200200001
9299 100002002010020212022022222202122090221202222220220212020010200200001
9300 100002002010022010022020022032020080020230220020220010220010200200001
9301 100002002010022012022040042032040090040230240040220210220010200200001
9302 100002002010040010200400005004020080020400500004002010040010200200001
9303 100002002010040012200420025004220090022400520024002210040010200200001
9304 100002002010220012002020102202220080022202201020200210022010200200001
9305 100002002010220014002040122204220090022402221040200410022010200200001
9306 100002002012020030020012002022040080040220200210020030020210200200001
9307 100002002012020032020032022042040090040240220230020230020210200200001
9308 100002002030020210201000202004022080220400202000102012020030200200001
9309 100002002030020212201020222204022090220402222020102212020030200200001
9310 100002002210022012100000022002220282022200220000001210220012200200001
9311 100002002210022014100020044002220292022200440020001410220012200200001
9312 100002020010201000000000000202002060200202000000000000102010020200001
9313 100002020010201002000020200202002070200202002020000200102010020200001
9314 100002020010201020200204020202003080300202020402002020102010020200001
9315 100002020010201022200224220202003292300202022422002220102010020200001
9316 100002020010201200022020202202102080201202202020220002102010020200001
9317 100002020010201202022040402202104090401202204040220202102010020200001
9318 100002020010203000022200020412002080200214020002220000302010020200001
9319 100002020010203002022220220412022090220214022022220200302010020200001
9320 100002020010221000202200003222002080200222300002202000122010020200001
9321 100002020010221002202220203222202090202222302022202200122010020200001
9322 100002020010401002020020100404002080200404001020020200104010020200001
9323 100002020010401004020040300406002090200604003040020400104010020200001
9324 100002020012201020200012000222202080202222000210002020102210020200001
9325 100002020012201022200032200242202090202242002230002220102210020200001
9326 100002020030201202001000200204022080220402002000100202102030020200001
9327 100002020030201204001020400404022090220404004020100402102030020200001
9328 100002020210203020100000020202204080402202020000001020302012020200001
9329 100002020210203022100020222202204090402202222020001220302012020200001
9330 100002022010221210000000002202022282220202200000000012122010220200001
9331 100002022010221212000020222202022292220202222020000212122010220200001
9332 100002200012100000000000000022000262000220000000000000001210002200001
9333 100002200012100002000022000022000272000220000220000200001210002200001
9334 100002200012100020200222200022001282100220002222002020001210002200001
9335 100002200012100022200244200022001494100220002442002220001210002200001
9336 100002200012100200022200220022100282001220022002220002001210002200001
9337 100002200012100202022222220022102292201220022222220202001210002200001
9338 100002200012102000024000022032000282000230220000420000201210002200001
9339 100002200012102002024022022032020292020230220220420200201210002200001
9340 100002200012120000220200003222000282000222300002022000021210002200001
9341 100002200012120002220222003222200292002222300222022200021210002200001
9342 100002200012300002200020100242000282000242001020002200003210002200001
9343 100002200012300004200042100244000292000442001240002400003210002200001
9344 100002200014100022000012000044000282000440000210000220001410002200001
9345 100002200014100024000034000064000292000460000430000420001410002200001
9346 100002200032100220001000200024200282002420002000100022001230002200001
9347 100002200032100222001022200224200292002422002220100222001230002200001
9348 100002200212102200100000020022220282022220020000001002201212002200001
9349 100002200212102202100022022022220292022220220220001202201212002200001
9350 100002202012122010000000002022022282220220200000000010221210202200001
9351 100002202012122012000022022022022292220220220220000210221210202200001
9352 100002220012321000000000000222002484200222000000000000123210022200001
9353 100002220012321002000022200222002494200222002220000200123210022200001
9354 100020001000000000000000000000200040002000000000000000000000100020001
9355 100020001000000002000200000000200050002000000002000200000000100020001
9356 100020001000000004000400000000200080002000000004000400000000100020001
9357 100020001000000020202020000000201060102000000020202020000000100020001
9358 100020001000000022202220000000201272102000000022202220000000100020001
9359 100020001000000200040002000000300060003000000200040002000000100020001
9360 100020001000000202040202000000302070203000000202040202000000100020001
9361 100020001000000220242022000000321282123000000220242022000000100020001
9362 100020001000000222242222000000323494323000000222242222000000100020001
9363 100020001000002000202000200010200060002010002000202000200000100020001
9364 100020001000002002202200200010220070022010002002202200200000100020001
9365 100020001000002020404020200010403080304010002020404020200000100020001
9366 100020001000002022404220200010423292324010002022404220200000100020001
9367 100020001000002200242002200012300282003210002200242002200000100020001
9368 100020001000002202242202200012322292223210002202242202200000100020001
9369 100020001000020000000000021000000070000000120000000000020000100020001
9370 100020001000020002000200021000200060002000120002000200020000100020001
9371 100020001000020004000400021000400070004000120004000400020000100020001
9372 100020001000020022202220021002221080122200120022202220020000100020001
9373 100020001000020024202420021002421292124200120024202420020000100020001
9374 100020001000020200040002021020100090001020120200040002020000100020001
9375 100020001000020202040202021020302080203020120202040202020000100020001
9376 100020001000020204040402021020504090405020120204040402020000100020001
9377 100020001000022002202200221210200282002012122002202200220000100020001
9378 100020001000022004202400221210420292024012122004202400220000100020001
9379 100020001000200020000020102000200060002000201020000020002000100020001
9380 100020001000200022000220102002200070002200201022000220002000100020001
9381 100020001000200040202040102020401080104020201040202040002000100020001
9382 100020001000200042202240102022401292104220201042202240002000100020001
9383 100020001000200220040022102200320080023002201220040022002000100020001
9384 100020001000200222040222102202322090223202201222040222002000100020001
9385 100020001000202020202020304010202080202010403020202020202000100020001
9386 100020001000202022202220304012222090222210403022202220202000100020001
9387 100020001000220022000220143000200282002000341022000220022000100020001
9388 100020001000220024000420143002400292004200341024000420022000100020001
9389 100020001002000200000012000200200060002002000210000002000200100020001
9390 100020001002000202000212000220200070002022000212000202000200100020001
9391 100020001002000220202032000402201080102204000230202022000200100020001
9392 100020001002000222202232000422201292102224000232202222000200100020001
9393 100020001002000400040014002200500080005002200410040004000200100020001
9394 100020001002000402040214002220502090205022200412040204000200100020001
9395 100020001002002200202012220210220080022012022210202002200200100020001
9396 100020001002002202202212220230240090042032022212202202200200100020001
9397 100020001002020202000212221200202080202002122212000202020200100020001
9398 100020001002020204000412221220402090204022122214000402020200100020001
9399 100020001002200220000034102200200282002002201430000022002200100020001
9400 100020001002200222000234102222200292002222201432000222002200100020001
9401 100020001020002000001000200020200060002020002000100000200020100020001
9402 100020001020002002001200200220200070002022002002100200200020100020001
9403 100020001020002020203020202040201080102040202020302020200020100020001
9404 100020001020002022203220202240201292102042202022302220200020100020001
9405 100020001020002200041002220022300080003220022200140002200020100020001
9406 100020001020002202041202220222302090203222022202140202200020100020001
9407 100020001020004000203000600030400080004030006000302000400020100020001
9408 100020001020004002203200600230420090024032006002302200400020100020001
9409 100020001020022002001202221020220080022020122202100200220020100020001
9410 100020001020022004001402221220420090024022122204100400220020100020001
9411 100020001020202020001040302020202080202020203040100020202020100020001
9412 100020001020202022001240302222202090202222203042100220202020100020001
9413 100020001022002200001212200220200282002022002212100002200220100020001
9414 100020001022002202001412200440200292002044002214100202200220100020001
9415 100020001200020000100000020002200060002200020000001000020002100020001
9416 100020001200020002100200022002200070002200220002001200020002100020001
9417 100020001200020020302020040202201080102202040020203020020002100020001
9418 100020001200020022302220042202201292102202240022203220020002100020001
9419 100020001200020200140002220022300080003220022200041002020002100020001
9420 100020001200020202140202222022302090203220222202041202020002100020001
9421 100020001200022000302002220014200080002410022200203000220002100020001
9422 100020001200022002302202222014220090022410222202203200220002100020001
9423 100020001200040002100220041002400080004200140022001200040002100020001
9424 100020001200040004100420043002600090006200340024001400040002100020001
9425 100020001200220020100220122002220080022200221022001020022002100020001
9426 100020001200220022100420124004220090022400421024001220022002100020001
9427 100020001202020200102012020202202080202202020210201002020202100020001
9428 100020001202020202102212022222202090202222220212201202020202100020001
9429 100020001220022000121000220022200282002220022000121000220022100020001
9430 100020001220022002121200222222200292002222222002121200220022100020001
9431 100020003000200010000000002000400060004000200000000010002000300020001
9432 100020003000200012000200022000400070004000220002000210002000300020001
9433 100020003000200030202020204000401080104000402020202030002000300020001
9434 100020003000200032202220224000401292104000422022202230002000300020001
9435 100020003000200210040004002200500080005002200400040012002000300020001
9436 100020003000200212040204022200502090205002220402040212002000300020001
9437 100020003000202010202020202030400080004030202020202010202000300020001
9438 100020003000202012202220222030420090024030222022202210202000300020001
9439 100020003000220010000200003002200090002200300002000010022000300020001
9440 100020003000220012000400023002400080004200320004000210022000300020001
9441 100020003000220014000600043002600090006200340006000410022000300020001
9442 100020003000400030002020104000600080006000401020200030004000300020001
9443 100020003000400032002220124002600090006200421022200230004000300020001
9444 100020003002200210020012002200420080024002200210020012002200300020001
9445 100020003002200212020212022220420090024022220212020212002200300020001
9446 100020003020202010201000202020402080204020202000102010202020300020001
9447 100020003020202012201200222220402090204022222002102210202020300020001
9448 100020003200220012100000022002400282004200220000001210022002300020001
9449 100020003200220014100200044002400292004200440002001410022002300020001
9450 100020021002001000000000000200220060022002000000000000100200120020001
9451 100020021002001002000200200200220070022002002002000200100200120020001
9452 100020021002001020202022020200221080122002020220202020100200120020001
9453 100020021002001022202222220200221292122002022222202220100200120020001
9454 100020021002001200040022002200320080023002200220040002100200120020001
9455 100020021002001202040222202200322090223002202222040202100200120020001
9456 100020021002003000202200200410220080022014002002202000300200120020001
9457 100020021002003002202400400410240090042014004004202200300200120020001
9458 100020021002021002002200021220220080022022120002200200120200120020001
9459 100020021002021004002400221220420090024022122004200400120200120020001
9460 100020021002201020020020102202220080022202201020020020102200120020001
9461 100020021002201022020220302204220090022402203022020220102200120020001
9462 100020021004001200200012000400420080024004000210002002100400120020001
9463 100020021004001202200212200420420090024024002212002202100400120020001
9464 100020021022003002001000200220240080042022002000100200300220120020001
9465 100020021022003004001200400420240090042024004002100400300220120020001
9466 100020021202021020100000020202222080222202020000001020120202120020001
9467 100020021202021022100200222202222090222202222002001220120202120020001
9468 100020023002201210000000002200420282024002200000000012102200320020001
9469 100020023002201212000200222200420292024002222002000212102200320020001
9470 100020201020100000000000000020202060202020000000000000001020102020001
9471 100020201020100002000202000020202070202020000202000200001020102020001
9472 100020201020100020202040200020203080302020002040202020001020102020001
9473 100020201020100022202242200020203292302020002242202220001020102020001
9474 100020201020100200040202020020302080203020020202040002001020102020001
9475 100020201020100202040404020020304090403020020404040202001020102020001
9476 100020201020102000204000202030202080202030202000402000201020102020001
9477 100020201020102002204202202030222090222030202202402200201020102020001
9478 100020201020120002020200021220202080202022120002020200021020102020001
9479 100020201020120004020402021220402090204022120204020400021020102020001
9480 100020201020300020200020102040202080202040201020002020003020102020001
9481 100020201020300022200222102042202090202240201222002220003020102020001
9482 100020201022100202000012000222202080202222000210000202001220102020001
9483 100020201022100204000214000242202090202242000412000402001220102020001
9484 100020201040102020001000200040402080204040002000100020201040102020001
9485 100020201040102022001202200240402090204042002202100220201040102020001
9486 100020201220120200100000020022222080222220020000001002021022102020001
9487 100020201220120202100202022022222090222220220202001202021022102020001
9488 100020203020302010000000002020404080404020200000000010203020302020001
9489 100020203020302012000202022020404090404020220202000210203020302020001
9490 100020221022121000000000000220222282222022000000000000121220122020001
9491 100020221022121002000202200220222292222022002202000200121220122020001
9492 100022001210000000000000000002200262002200000000000000000012100220001
9493 100022001210000002000220000002200272002200000022000200000012100220001
9494 100022001210000020202222000002201282102200000222202020000012100220001
9495 100022001210000022202442000002201494102200000244202220000012100220001
9496 100022001210000200042002200002300282003200002200240002000012100220001
9497 100022001210000202042222200002302292203200002222240202000012100220001
9498 100022001210002000222000220012200282002210022000222000200012100220001
9499 100022001210002002222220220012220292022210022022222200200012100220001
9500 100022001210020002200200023002200282002200320002002200020012100220001
9501 100022001210020004200420023002400292004200320024002400020012100220001
9502 100022001210200022000020102202200282002202201020000220002012100220001
9503 100022001210200024000240102204200292002402201042000420002012100220001
9504 100022001212000220000012000222200282002222000210000022000212100220001
9505 100022001212000222000232000242200292002242000232000222000212100220001
9506 100022001230002200001000200024200282002420002000100002200032100220001
9507 100022001230002202001220200224200292002422002022100202200032100220001
9508 100022001410022000100000020004400282004400020000001000220014100220001
9509 100022001410022002100220022004400292004400220022001200220014100220001
9510 100022003210220010000000002002420282024200200000000010022012300220001
9511 100022003210220012000220022002420292024200220022000210022012300220001
9512 100022021212201000000000000202222282222202000000000000102212120220001
9513 100022021212201002000220200202222292222202002022000200102212120220001
9514 100022201232100000000000000022202484202220000000000000001232102220001
9515 100022201232100002000222000022202494202220000222000200001232102220001
9516 100200100000000000000000000000020040020000000000000000000000001002001
9517 100200100000000002002000000000020050020000000000200200000000001002001
9518 100200100000000004004000000000020080020000000000400400000000001002001
9519 100200100000000020220200000000021060120000000002022020000000001002001
9520 100200100000000022222200000000021272120000000002222220000000001002001
9521 100200100000000200220020000000120060021000000020022002000000001002001
9522 100200100000000202222020000000122070221000000020222202000000001002001
9523 100200100000000220440220000000141282141000000022044022000000001002001
9524 100200100000000222442220000000143494341000000022244222000000001002001
9525 100200100000002000000002000010000070000010000200000000200000001002001
9526 100200100000002002002002000010020060020010000200200200200000001002001
9527 100200100000002004004002000010040070040010000200400400200000001002001
9528 100200100000002022222202000010223080322010000202222220200000001002001
9529 100200100000002024224202000010243292342010000202422420200000001002001
9530 100200100000002202222022000012120282021210000220222202200000001002001
9531 100200100000002204224022000012142292241210000220422402200000001002001
9532 100200100000020020000200201000020060020000102002000020020000001002001
9533 100200100000020022002200201000220070022000102002200220020000001002001
9534 100200100000020040220400201002041080140200102004022040020000001002001
9535 100200100000020042222400201002241292142200102004222240020000001002001
9536 100200100000020220220220201020122080221020102022022022020000001002001
9537 100200100000020222222220201020324090423020102022222222020000001002001
9538 100200100000022022002202201210020282020012102202200220220000001002001
9539 100200100000022024004202201210240292042012102202400420220000001002001
9540 100200100000200200000020120000020060020000021020000002002000001002001
9541 100200100000200202002020120002020070020200021020200202002000001002001
9542 100200100000200220220220120020221080122020021022022022002000001002001
9543 100200100000200222222220120022221292122220021022222222002000001002001
9544 100200100000200400220040120200140080041002021040022004002000001002001
9545 100200100000200402222040120202142090241202021040222204002000001002001
9546 100200100000202202002022122010022080220010221220200202202000001002001
9547 100200100000202204004022122012042090240210221220400402202000001002001
9548 100200100000220220000220341000020282020000143022000022022000001002001
9549 100200100000220222002220341002220292022200143022200222022000001002001
9550 100200100002002000000012002000020060020000200210000000200200001002001
9551 100200100002002002002012002020020070020020200210200200200200001002001
9552 100200100002002020220212002202021080120202200212022020200200001002001
9553 100200100002002022222212002222021292120222200212222220200200001002001
9554 100200100002002200220032004000320080023000400230022002200200001002001
9555 100200100002002202222032004020322090223020400230222202200200001002001
9556 100200100002004002002014022010040080040010220410200200400200001002001
9557 100200100002004004004014022030060090060030220410400400400200001002001
9558 100200100002022020000212403000022080220000304212000020220200001002001
9559 100200100002022022002212403020222090222020304212200220220200001002001
9560 100200100002202200000034122000020282020000221430000002202200001002001
9561 100200100002202202002034122022020292020220221430200202202200001002001
9562 100200100020020000001000200200020060020002002000100000020020001002001
9563 100200100020020002003000200400020070020004002000300200020020001002001
9564 100200100020020020221200202220021080120022202002122020020020001002001
9565 100200100020020022223200202420021292120024202002322220020020001002001
9566 100200100020020200221020220202120080021202022020122002020020001002001
9567 100200100020020202223020220402122090221204022020322202020020001002001
9568 100200100020022000001002400010200090002010004200100000220020001002001
9569 100200100020022002003002400210220080022012004200300200220020001002001
9570 100200100020022004005002400410240090042014004200500400220020001002001
9571 100200100020040020001202401200040080040002104202100020040020001002001
9572 100200100020040022003202401400240090042004104202300220040020001002001
9573 100200100020220200001040320200022080220002023040100002022020001002001
9574 100200100020220202003040320402022090220204023040300202022020001002001
9575 100200100022022000001212202200020282020002202212100000220220001002001
9576 100200100022022002003212202420020292020024202212300200220220001002001
9577 100200100200200000100000020020020060020020020000001000002002001002001
9578 100200100200200002102000022020020070020020220000201200002002001002001
9579 100200100200200020320200040220021080120022040002023020002002001002001
9580 100200100200200022322200042220021292120022240002223220002002001002001
9581 100200100200200200320020220040120080021040022020023002002002001002001
9582 100200100200200202322020222040122090221040222020223202002002001002001
9583 100200100200202002102004020032020080020230020400201200202002001002001
9584 100200100200202004104004022032040090040230220400401400202002001002001
9585 100200100200220020100220221020220080022020122022001020022002001002001
9586 100200100200220022102220223020420090024020322022201220022002001002001
9587 100200100200400200100220140020040080040020041022001002004002001002001
9588 100200100200400202102220142022040090040220241022201202004002001002001
9589 100200100202202000102012022020022080220020220210201000202202001002001
9590 100200100202202002104012024040022090220040420210401200202202001002001
9591 100200100220220000121000220220020282020022022000121000022022001002001
9592 100200100220220002123000222420020292020024222000321200022022001002001
9593 100200102002000010000000002002020060020200200000000010000200201002001
9594 100200102002000012002000022002020070020200220000200210000200201002001
9595 100200102002000030220200204002021080120200402002022030000200201002001
9596 100200102002000032222200224002021292120200422002222230000200201002001
9597 100200102002000210220022002202120080021202200220022012000200201002001
9598 100200102002000212222022022202122090221202220220222212000200201002001
9599 100200102002002012002022002032020080020230200220200210200200201002001
9600 100200102002002014004022022032040090040230220220400410200200201002001
9601 100200102002020030000400203004020080020400302004000030020200201002001
9602 100200102002020032002400223004220090022400322004200230020200201002001
9603 100200102002200210002020122002220080022200221020200012002200201002001
9604 100200102002200212004020142004220090022400241020400212002200201002001
9605 100200102004002010020012004002040080040200400210020010200400201002001
9606 100200102004002012022012024022040090040220420210220210200400201002001
9607 100200102022020010201000202202022080220202202000102010020220201002001
9608 100200102022020012203000222402022090220204222000302210020220201002001
9609 100200102202200012100000022022020282020220220000001210002202201002001
9610 100200102202200014102000044022020292020220440000201410002202201002001
9611 100200120020001000000000000200220060022002000000000000100020021002001
9612 100200120020001002002000200200220070022002002000200200100020021002001
9613 100200120020001020220202020200221080122002020202022020100020021002001
9614 100200120020001022222202220200221292122002022202222220100020021002001
9615 100200120020001200220040002200320080023002200040022002100020021002001
9616 100200120020001202222040202200322090223002202040222202100020021002001
9617 100200120020003002002202000410220080022014000202200200300020021002001
9618 100200120020003004004202200410240090042014002202400400300020021002001
9619 100200120020021020002200201220220080022022102002200020120020021002001
9620 100200120020021022004200401220420090024022104002400220120020021002001
9621 100200120020201200020020120202220080022202021020020002102020021002001
9622 100200120020201202022020320204220090022402023020220202102020021002001
9623 100200120022003000200012002200420080024002200210002000300220021002001
9624 100200120022003002202012202220420090024022202210202200300220021002001
9625 100200120040021002001000200400240080042004002000100200120040021002001
9626 100200120040021004003000400600240090042006004000300400120040021002001
9627 100200120220201020100000020220222080222022020000001020102022021002001
9628 100200120220201022102000222220222090222022222000201220102022021002001
9629 100200122022001210000000002202220282022202200000000012100220221002001
9630 100200122022001212002000222202220292022202222000200212100220221002001
9631 100200300200100000000000000020040060040020000000000000001002003002001
9632 100200300200100002002002000020040070040020000200200200001002003002001
9633 100200300200100020220220200020041080140020002022022020001002003002001
9634 100200300200100022222222200020041292140020002222222220001002003002001
9635 100200300200100200220220020020140080041020020022022002001002003002001
9636 100200300200100202222222020020142090241020020222222202001002003002001
9637 100200300200102000002000002030020090020030200000200000201002003002001
9638 100200300200102002004002002030040080040030200200400200201002003002001
9639 100200300200102004006004002030060090060030200400600400201002003002001
9640 100200300200120020020200201220040080040022102002020020021002003002001
9641 100200300200120022022202201220240090042022102202220220021002003002001
9642 100200300200300200200020120040040080040040021020002002003002003002001
9643 100200300200300202202022120042040090040240021220202202003002003002001
9644 100200300202102002000012002022040080040220200210000200201202003002001
9645 100200300202102004002014002042040090040240200410200400201202003002001
9646 100200300220120020001000200220240080042022002000100020021022003002001
9647 100200300220120022003002200420240090042024002200300220021022003002001
9648 100200300400300200100000020040060080060040020000001002003004003002001
9649 100200300400300202102002022040060090060040220200201202003004003002001
9650 100200302202102010000000002022042080240220200000000010201202203002001
9651 100200302202102012002002022022042090240220220200200210201202203002001
9652 100200320220121000000000000220240282042022000000000000121022023002001
9653 100200320220121002002002200220240292042022002200200200121022023002001
9654 100202102010000000000000000002022060220200000000000000000010201202001
9655 100202102010000002002020000002022070220200000020200200000010201202001
9656 100202102010000020220402000002023080320200000204022020000010201202001
9657 100202102010000022222422000002023292320200000224222220000010201202001
9658 100202102010000200222020200002122080221200002020222002000010201202001
9659 100202102010000202224040200002124090421200002040422202000010201202001
9660 100202102010002002022002020012022080220210020200220200200010201202001
9661 100202102010002004024022020012042090240210020220420400200010201202001
9662 100202102010020020200200203002022080220200302002002020020010201202001
9663 100202102010020022202220203002222090222200302022202220020010201202001
9664 100202102010200202000020120202022080220202021020000202002010201202001
9665 100202102010200204002040120204022090220402021040200402002010201202001
9666 100202102012002020000012002022022080220220200210000020200210201202001
9667 100202102012002022002032002042022090220240200230200220200210201202001
9668 100202102030020200001000200204022080220402002000100002020030201202001
9669 100202102030020202003020200404022090220404002020300202020030201202001
9670 100202102210202000100000020022222080222220020000001000202012201202001
9671 100202102210202002102020022022222090222220220020201200202012201202001
9672 100202104012020010000000002004042080240400200000000010020210401202001
9673 100202104012020012002020022004042090240400220020200210020210401202001
9674 100202122030201000000000000202224080422202000000000000102030221202001
9675 100202122030201002002020200202224090422202002020200200102030221202001
9676 100202302212100000000000000022042282240220000000000000001212203202001
9677 100202302212100002002022000022042292240220000220200200001212203202001
9678 100220121000000000000000000000220262022000000000000000000000121022001
9679 100220121000000002002200000000220272022000000002200200000000121022001
9680 100220121000000020222220000000221282122000000022222020000000121022001
9681 100220121000000022224420000000221494122000000024422220000000121022001
9682 100220121000000200240022000000320282023000000220042002000000121022001
9683 100220121000000202242222000000322292223000000222242202000000121022001
9684 100220121000002002202002200010220282022010002200202200200000121022001
9685 100220121000002004204202200010240292042010002202402400200000121022001
9686 100220121000020022000200221000220282022000122002000220020000121022001
9687 100220121000020024002400221000420292024000122004200420020000121022001
9688 100220121000200220000020122000220282022000221020000022002000121022001
9689 100220121000200222002220122002220292022200221022200222002000121022001
9690 100220121002002200000012002200220282022002200210000002200200121022001
9691 100220121002002202002212002220220292022022200212200202200200121022001
9692 100220121020022000001000200220220282022022002000100000220020121022001
9693 100220121020022002003200200420220292022024002002300200220020121022001
9694 100220121200220000100000020022220282022220020000001000022002121022001
9695 100220121200220002102200022022220292022220220002201200022002121022001
9696 100220123002200010000000002002420282024200200000000010002200321022001
9697 100220123002200012002200022002420292024200220002200210002200321022001
9698 100220141022001000000000000200440282044002000000000000100220141022001
9699 100220141022001002002200200200440292044002002002200200100220141022001
9700 100220321220100000000000000020242282242020000000000000001022123022001
9701 100220321220100002002202000020242292242020000202200200001022123022001
9702 100222123210000000000000000002222484222200000000000000000012321222001
9703 100222123210000002002220000002222494222200000022200200000012321222001
9704 102010000000000000000000000000002040200000000000000000000000000010201
9705 102010000000000002020000000000002050200000000000020200000000000010201
9706 102010000000000004040000000000002080200000000000040400000000000010201
9707 102010000000000020402000000000003060300000000000204020000000000010201
9708 102010000000000022422000000000003272300000000000224220000000000010201
9709 102010000000000200000200000000100070001000000002000002000000000010201
9710 102010000000000202020200000000102060201000000002020202000000000010201
9711 102010000000000204040200000000104070401000000002040402000000000010201
9712 102010000000000220402200000000121090121000000002204022000000000010201
9713 102010000000000222422200000000123282321000000002224222000000000010201
9714 102010000000000224442200000000125494521000000002244422000000000010201
9715 102010000000002020002020000010002060200010000020200020200000000010201
9716 102010000000002022022020000010022070220010000020220220200000000010201
9717 102010000000002040404020000010205080502010000020404040200000000010201
9718 102010000000002042424020000010225292522010000020424240200000000010201
9719 102010000000002222022220000012102282201210000022220222200000000010201
9720 102010000000002224042220000012124292421210000022240422200000000010201
9721 102010000000020200000202001000002060200000100202000002020000000010201
9722 102010000000020202020202001000202070202000100202020202020000000010201
9723 102010000000020220402202001002023080320200100202204022020000000010201
9724 102010000000020222422202001002223292322200100202224222020000000010201
9725 102010000000020402020402001020104080401020100204020204020000000010201
9726 102010000000020404040402001020306090603020100204040404020000000010201
9727 102010000000022220002222001210002282200012100222200022220000000010201
9728 102010000000022222022222001210222292222012100222220222220000000010201
9729 102010000000202000000020300000002060200000003020000000202000000010201
9730 102010000000202002020020300002002070200200003020020200202000000010201
9731 102010000000202020402020300020203080302020003020204020202000000010201
9732 102010000000202022422020300022203292302220003020224220202000000010201
9733 102010000000202202020220300200122080221002003022020202202000000010201
9734 102010000000202204040220300202124090421202003022040402202000000010201
9735 102010000000204020002040302010004080400010203040200020402000000010201
9736 102010000000204022022040302012024090420210203040220220402000000010201
9737 102010000000222200000222321000002282200000123222000002222000000010201
9738 102010000000222202020222321002202292202200123222020202222000000010201
9739 102010000002020000000012020000002060200000020210000000020200000010201
9740 102010000002020002020012020020002070200020020210020200020200000010201
9741 102010000002020020402012020202003080300202020210204020020200000010201
9742 102010000002020022422012020222003292300222020210224220020200000010201
9743 102010000002020202020212022000302080203000220212020202020200000010201
9744 102010000002020204040212022020304090403020220212040402020200000010201
9745 102010000002022020002032040010022080220010040230200020220200000010201
9746 102010000002022022022032040030042090240030040230220220220200000010201
9747 102010000002040200000214221000004080400000122412000002040200000010201
9748 102010000002040202020214221020204090402020122412020202040200000010201
9749 102010000002222000000034320000002282200000023430000000222200000010201
9750 102010000002222002020034320022002292200220023430020200222200000010201
9751 102010000020200000001000202000002060200000202000100000002020000010201
9752 102010000020200002021000202200002070200002202000120200002020000010201
9753 102010000020200020403000204020003080300020402000304020002020000010201
9754 102010000020200022423000204220003292300022402000324220002020000010201
9755 102010000020200202021200222002102080201200222002120202002020000010201
9756 102010000020200204041200222202104090401202222002140402002020000010201
9757 102010000020202020003020402010202080202010204020300020202020000010201
9758 102010000020202022023020402210222090222012204020320220202020000010201
9759 102010000020220200001204203000022080220000302402100002022020000010201
9760 102010000020220202021204203200222090222002302402120202022020000010201
9761 102010000020402000001040502000004080400000205040100000204020000010201
9762 102010000020402002021040502202004090400202205040120200204020000010201
9763 102010000022220000001212222000002282200000222212100000022220000010201
9764 102010000022220002021212222220002292200022222212120200022220000010201
9765 102010000202000000100000020200002060200002020000001000000202000010201
9766 102010000202000002120000022200002070200002220000021200000202000010201
9767 102010000202000020502000040400003080300004040000205020000202000010201
9768 102010000202000022522000042400003292300004240000225220000202000010201
9769 102010000202000202120200220220102080201022022002021202000202000010201
9770 102010000202000204140200222220104090401022222002041402000202000010201
9771 102010000202002020102022020212002080200212020220201020200202000010201
9772 102010000202002022122022022212022090220212220220221220200202000010201
9773 102010000202020200100222021200202080202002120222001002020202000010201
9774 102010000202020202120222023200402090204002320222021202020202000010201
9775 102010000202202000100220320200022080220002023022001000202202000010201
9776 102010000202202002120220322202022090220202223022021200202202000010201
9777 102010000204020000102012040200004080400002040210201000020402000010201
9778 102010000204020002122012042220004090400022240210221200020402000010201
9779 102010000222200000121000222200002282200002222000121000002222000010201
9780 102010000222200002141000224400002292200004422000141200002222000010201
9781 102010002020000010000000002020002060200020200000000010000020200010201
9782 102010002020000012020000022020002070200020220000020210000020200010201
9783 102010002020000030402000204020003080300020402000204030000020200010201
9784 102010002020000032422000224020003292300020422000224230000020200010201
9785 102010002020000212020202002220102080201022200202020212000020200010201
9786 102010002020000214040202022220104090401022220202040412000020200010201
9787 102010002020002030002040002050002080200050200040200030200020200010201
9788 102010002020002032022040022050022090220050220040220230200020200010201
9789 102010002020020210000402003022002080200220300204000012020020200010201
9790 102010002020020212020402023022202090202220320204020212020020200010201
9791 102010002020202010002020302020202080202020203020200010202020200010201
9792 102010002020202012022020322022202090202220223020220210202020200010201
9793 102010002022020010020012022020022080220020220210020010020220200010201
9794 102010002022020012040012042040022090220040240210040210020220200010201
9795 102010002040200010201000204020004080400020402000102010002040200010201
9796 102010002040200012221000224220004090400022422000122210002040200010201
9797 102010002222000012100000022220002282200022220000001210000222200010201
9798 102010002222000014120000044220002292200022440000021410000222200010201
9799 102010020200001000000000000202002060200202000000000000100002020010201
9800 102010020200001002020000200202002070200202002000020200100002020010201
9801 102010020200001020402002020202003080300202020200204020100002020010201
9802 102010020200001022422002220202003292300202022200224220100002020010201
9803 102010020200001202020220002202102080201202200022020202100002020010201
9804 102010020200001204040220202202104090401202202022040402100002020010201
9805 102010020200003020002220000412002080200214000022200020300002020010201
9806 102010020200003022022220200412022090220214002022220220300002020010201
9807 102010020200021200002202001222002080200222100202200002120002020010201
9808 102010020200021202022202201222202090202222102202220202120002020010201
9809 102010020200203000020020300204002080200402003020020000302002020010201
9810 102010020200203002040020500206002090200602005020040200302002020010201
9811 102010020202021000200012020202202080202202020210002000120202020010201
9812 102010020202021002220012220222202090202222022210022200120202020010201
9813 102010020220201002001000202202022080220202202000100200102022020010201
9814 102010020220201004021000402402022090220204204000120400102022020010201
9815 102010020402001020100000020402004080400204020000001020100204020010201
9816 102010020402001022120000222402004090400204222000021220100204020010201
9817 102010022220001210000000002222002282200222200000000012100022220010201
9818 102010022220001212020000222222002292200222222000020212100022220010201
9819 102010202000100000000000000020202060202020000000000000001000202010201
9820 102010202000100002020002000020202070202020000200020200001000202010201
9821 102010202000100020402020200020203080302020002020204020001000202010201
9822 102010202000100022422022200020203292302020002220224220001000202010201
9823 102010202000100202020400020020302080203020020004020202001000202010201
9824 102010202000100204040402020020304090403020020204040402001000202010201
9825 102010202000102020004020002030202080202030200020400020201000202010201
9826 102010202000102022024022002030222090222030200220420220201000202010201
9827 102010202000120200020202001220202080202022100202020002021000202010201
9828 102010202000120202040204001220402090204022100402040202021000202010201
9829 102010202000302000200020300040202080202040003020002000203000202010201
9830 102010202000302002220022300042202090202240003220022200203000202010201
9831 102010202002120002000012020022202080202220020210000200021200202010201
9832 102010202002120004020014020042202090202240020410020400021200202010201
9833 102010202020300020001000202020402080204020202000100020003020202010201
9834 102010202020300022021002202220402090204022202200120220003020202010201
9835 102010202202100200100000020220222080222022020000001002001202202010201
9836 102010202202100202120002022220222090222022220200021202001202202010201
9837 102010204020102010000000002040204080402040200000000010201020402010201
9838 102010204020102012020002022040204090402040220200020210201020402010201
9839 102010222200121000000000000222202282202222000000000000121002222010201
9840 102010222200121002020002200222202292202222002200020200121002222010201
9841 102012020010000000000000000002022060220200000000000000000010020210201
9842 102012020010000002020020000002022070220200000020020200000010020210201
9843 102012020010000020402202000002023080320200000202204020000010020210201
9844 102012020010000022422222000002023292320200000222224220000010020210201
9845 102012020010000202022200200002122080221200002002220202000010020210201
9846 102012020010000204042220200002124090421200002022240402000010020210201
9847 102012020010002020022020020012022080220210020020220020200010020210201
9848 102012020010002022042040020012042090240210020040240220200010020210201
9849 102012020010020200200202003002022080220200300202002002020010020210201
9850 102012020010020202220222003002222090222200300222022202020010020210201
9851 102012020010202002000020300202022080220202003020000200202010020210201
9852 102012020010202004020040300204022090220402003040020400202010020210201
9853 102012020012020020000012020022022080220220020210000020020210020210201
9854 102012020012020022020032020042022090220240020230020220020210020210201
9855 102012020030200200001000202004022080220400202000100002002030020210201
9856 102012020030200202021020202204022090220402202020120202002030020210201
9857 102012020212002000100000020202222080222202020000001000200212020210201
9858 102012020212002002120020022202222090222202220020021200200212020210201
9859 102012022030020010000000002022042080240220200000000010020030220210201
9860 102012022030020012020020022022042090240220220020020210020030220210201
9861 102012040210201000000000000204024080420402000000000000102012040210201
9862 102012040210201002020020200204024090420402002020020200102012040210201
9863 102012222012100000000000000022222282222220000000000000001210222210201
9864 102012222012100002020022000022222292222220000220020200001210222210201
9865 102030201000000000000000000000204060402000000000000000000000102030201
9866 102030201000000002020200000000204070402000000002020200000000102030201
9867 102030201000000020404020000000205080502000000020404020000000102030201
9868 102030201000000022424220000000205292502000000022424220000000102030201
9869 102030201000000200020002000000302090203000000200020002000000102030201
9870 102030201000000202040202000000304080403000000202040202000000102030201
9871 102030201000000204060402000000306090603000000204060402000000102030201
9872 102030201000002020202020200010204080402010002020202020200000102030201
9873 102030201000002022222220200010224090422010002022222220200000102030201
9874 102030201000020202000202021000204080402000120202000202020000102030201
9875 102030201000020204020402021000404090404000120204020402020000102030201
9876 102030201000202020000020302000204080402000203020000020202000102030201
9877 102030201000202022020220302002204090402200203022020220202000102030201
9878 102030201002020200000012020200204080402002020210000002020200102030201
9879 102030201002020202020212020220204090402022020212020202020200102030201
9880 102030201020202000001000202020204080402020202000100000202020102030201
9881 102030201020202002021200202220204090402022202002120200202020102030201
9882 102030201202020000100000020202204080402202020000001000020202102030201
9883 102030201202020002120200022202204090402202220002021200020202102030201
9884 102030203020200010000000002020404080404020200000000010002020302030201
9885 102030203020200012020200022020404090404020220002020210002020302030201
9886 102030221202001000000000000202224080422202000000000000100202122030201
9887 102030221202001002020200200202224090422202002002020200100202122030201
9888 102030403020100000000000000020406080604020000000000000001020304030201
9889 102030403020100002020202000020406090604020000202020200001020304030201
9890 102032221210000000000000000002224282422200000000000000000012122230201
9891 102032221210000002020220000002224292422200000022020200000012122230201
9892 102212100000000000000000000000022262220000000000000000000000001212201
9893 102212100000000002022000000000022272220000000000220200000000001212201
9894 102212100000000020422200000000023282320000000002224020000000001212201
9895 102212100000000022444200000000023494320000000002444220000000001212201
9896 102212100000000202220220000000122282221000000022022202000000001212201
9897 102212100000000204242220000000124292421000000022242402000000001212201
9898 102212100000002022002022000010022282220010000220200220200000001212201
9899 102212100000002024024022000010042292240010000220420420200000001212201
9900 102212100000020220000202201000022282220000102202000022020000001212201
9901 102212100000020222022202201000222292222000102202220222020000001212201
9902 102212100000202200000020320000022282220000023020000002202000001212201
9903 102212100000202202022020320002022292220200023020220202202000001212201
9904 102212100002022000000012022000022282220000220210000000220200001212201
9905 102212100002022002022012022020022292220020220210220200220200001212201
9906 102212100020220000001000202200022282220002202000100000022020001212201
9907 102212100020220002023000202400022292220004202000320200022020001212201
9908 102212100202200000100000020220022282220022020000001000002202001212201
9909 102212100202200002122000022220022292220022220000221200002202001212201
9910 102212102022000010000000002022022282220220200000000010000220201212201
9911 102212102022000012022000022022022292220220220000220210000220201212201
9912 102212120220001000000000000202222282222202000000000000100022021212201
9913 102212120220001002022000200202222292222202002000220200100022021212201
9914 102212302200100000000000000020242282242020000000000000001002203212201
9915 102212302200100002022002000020242292242020000200220200001002203212201
9916 102214122010000000000000000002044282440200000000000000000010221412201
9917 102214122010000002022020000002044292440200000020220200000010221412201
9918 102232321000000000000000000000224484422000000000000000000000123232201
9919 102232321000000002022200000000224494422000000002220200000000123232201
9920 121000000000000000000000000000000242000000000000000000000000000000121
9921 121000000000000002200000000000000252000000000000002200000000000000121
9922 121000000000000004400000000000000282000000000000004400000000000000121
9923 121000000000000020020000000000001070100000000000020020000000000000121
9924 121000000000000022220000000000001262100000000000022220000000000000121
9925 121000000000000024420000000000001474100000000000024420000000000000121
9926 121000000000000220022000000000100262001000000000220022000000000000121
9927 121000000000000222222000000000102272201000000000222222000000000000121
9928 121000000000000242242000000000121484121000000000242242000000000000121
9929 121000000000000244442000000000123696321000000000244442000000000000121
9930 121000000000002200002200000010000262000010000002200002200000000000121
9931 121000000000002202202200000010020272020010000002202202200000000000121
9932 121000000000002222222200000010203282302010000002222222200000000000121
9933 121000000000002224422200000010223494322010000002224422200000000000121
9934 121000000000002420024200000012100484001210000002420024200000000000121
9935 121000000000002422224200000012122494221210000002422224200000000000121
9936 121000000000022000000220001000000262000000100022000000220000000000121
9937 121000000000022002200220001000200272002000100022002200220000000000121
9938 121000000000022022220220001002021282120200100022022220220000000000121
9939 121000000000022024420220001002221494122200100022024420220000000000121
9940 121000000000022220022220001020102282201020100022220022220000000000121
9941 121000000000022222222220001020304292403020100022222222220000000000121
9942 121000000000024200002420001210000484000012100024200002420000000000121
9943 121000000000024202202420001210220494022012100024202202420000000000121
9944 121000000000220000000022100000000262000000001220000000022000000000121
9945 121000000000220002200022100002000272000200001220002200022000000000121
9946 121000000000220022220022100020201282102020001220022220022000000000121
9947 121000000000220024420022100022201494102220001220024420022000000000121
9948 121000000000220220022022100200120282021002001220220022022000000000121
9949 121000000000220222222022100202122292221202001220222222022000000000121
9950 121000000000222200002222102010002282200010201222200002222000000000121
9951 121000000000222202202222102012022292220210201222202202222000000000121
9952 121000000000242000000242121000000484000000121242000000242000000000121
9953 121000000000242002200242121002200494002200121242002200242000000000121
9954 121000000002200000000012200000000262000000002210000000002200000000121
9955 121000000002200002200012200020000272000020002210002200002200000000121
9956 121000000002200022220012200202001282100202002210022220002200000000121
9957 121000000002200024420012200222001494100222002210024420002200000000121
9958 121000000002200220022012202000300282003000202210220022002200000000121
9959 121000000002200222222012202020302292203020202210222222002200000000121
9960 121000000002202200002212220010020282020010022212200002202200000000121
9961 121000000002202202202212220030040292040030022212202202202200000000121
9962 121000000002222000000232401000002282200000104232000000222200000000121
9963 121000000002222002200232401020202292202020104232002200222200000000121
9964 121000000002420000000036300000000484000000003630000000024200000000121
9965 121000000002420002200036300022000494000220003630002200024200000000121
9966 121000000022000000001000220000000262000000022000100000000220000000121
9967 121000000022000002201000220200000272000002022000102200000220000000121
9968 121000000022000022221000222020001282100020222000122220000220000000121
9969 121000000022000024421000222220001494100022222000124420000220000000121
9970 121000000022000220023000240002100282001200042000320022000220000000121
9971 121000000022000222223000240202102292201202042000322222000220000000121
9972 121000000022002200003200420010200282002010024002300002200220000000121
9973 121000000022002202203200420210220292022012024002302202200220000000121
9974 121000000022022000001222221000020282020000122222100000220220000000121
9975 121000000022022002201222221200220292022002122222102200220220000000121
9976 121000000022220000001042320000002282200000023240100000022220000000121
9977 121000000022220002201042320202002292200202023240102200022220000000121
9978 121000000024200000001212420000000484000000024212100000002420000000121
9979 121000000024200002201212420220000494000022024212102200002420000000121
9980 121000000220000000100000022000000262000000220000001000000022000000121
9981 121000000220000002300000024000000272000000420000003200000022000000121
9982 121000000220000020120000040200001090100002040000021020000022000000121
9983 121000000220000022320000042200001282100002240000023220000022000000121
9984 121000000220000024520000044200001494100002440000025420000022000000121
9985 121000000220000220122000222020100282001020222000221022000022000000121
9986 121000000220000222322000224020102292201020422000223222000022000000121
9987 121000000220002200102202022012000282000210220202201002200022000000121
9988 121000000220002202302202024012020292020210420202203202200022000000121
9989 121000000220022000100240023000200282002000320042001000220022000000121
9990 121000000220022002300240025000400292004000520042003200220022000000121
9991 121000000220220000100222122000020282020000221222001000022022000000121
9992 121000000220220002300222124002020292020200421222003200022022000000121
9993 121000000222200000102012222000002282200000222210201000002222000000121
9994 121000000222200002302012224020002292200020422210203200002222000000121
9995 121000000242000000121000242000000484000000242000121000000242000000121
9996 121000000242000002321000244200000494000002442000123200000242000000121
9997 121000002200000010000000002200000262000002200000000010000002200000121
9998 121000002200000012200000022200000272000002220000002210000002200000121
9999 121000002200000032220000204200001282100002402000022230000002200000121
10000 121000002200000034420000224200001494100002422000024430000002200000121
10001 121000002200000230022002002400100282001004200200220032000002200000121
10002 121000002200000232222002022400102292201004220200222232000002200000121
10003 121000002200002210002220002230000282000032200022200012200002200000121
10004 121000002200002212202220022230020292020032220022202212200002200000121
10005 121000002200022010000420003202000282000202300024000010220002200000121
10006 121000002200022012200420023202200292002202320024002210220002200000121
10007 121000002200220010002022102200200282002002201220200010022002200000121
10008 121000002200220012202022122202200292002202221220202210022002200000121
10009 121000002202200010020012202200020282020002202210020010002202200000121
10010 121000002202200012220012222220020292020022222210022210002202200000121
10011 121000002222000010201000222200002282200002222000102010000222200000121
10012 121000002222000012401000242400002292200004242000104210000222200000121
10013 121000002420000012100000024200000484000002420000001210000024200000121
10014 121000002420000014300000046200000494000002640000003410000024200000121
10015 121000022000001000000000000220000262000022000000000000100000220000121
10016 121000022000001002200000200220000272000022002000002200100000220000121
10017 121000022000001022220002020220001282100022020200022220100000220000121
10018 121000022000001024420002220220001494100022022200024420100000220000121
10019 121000022000001220022020002220100282001022200020220022100000220000121
10020 121000022000001222222020202220102292201022202020222222100000220000121
10021 121000022000003200002400000430000282000034000004200002300000220000121
10022 121000022000003202202400200430020292020034002004202202300000220000121
10023 121000022000023000002220001240000282000042100022200000320000220000121
10024 121000022000023002202220201240200292002042102022202200320000220000121
10025 121000022000221000020022100222000282000222001220020000122000220000121
10026 121000022000221002220022300224000292000422003220022200122000220000121
10027 121000022002201000200012200220200282002022002210002000102200220000121
10028 121000022002201002400012400240200292002042004210004200102200220000121
10029 121000022022001002001000220220020282020022022000100200100220220000121
10030 121000022022001004201000420420020292020024024000102400100220220000121
10031 121000022220001020100000022220002282200022220000001020100022220000121
10032 121000022220001022300000224220002292200022422000003220100022220000121
10033 121000024200001210000000002420000484000024200000000012100002420000121
10034 121000024200001212200000222420000494000024222000002212100002420000121
10035 121000220000100000000000000022000262000220000000000000001000022000121
10036 121000220000100002200002000022000272000220000200002200001000022000121
10037 121000220000100022220020200022001282100220002020022220001000022000121
10038 121000220000100024420022200022001494100220002220024420001000022000121
10039 121000220000100220022200020022100282001220020002220022001000022000121
10040 121000220000100222222202020022102292201220020202222222001000022000121
10041 121000220000102200004200002032000282000230200002400002201000022000121
10042 121000220000102202204202002032020292020230200202402202201000022000121
10043 121000220000122000020220001222000282000222100022020000221000022000121
10044 121000220000122002220222001222200292002222100222022200221000022000121
10045 121000220000320000200022100042000282000240001220002000023000022000121
10046 121000220000320002400024100044000292000440001420004200023000022000121
10047 121000220002300002000012200024000282000420002210000200003200022000121
10048 121000220002300004200014200044000292000440002410002400003200022000121
10049 121000220022100020001000220022200282002220022000100020001220022000121
10050 121000220022100022201002220222200292002222022200102220001220022000121
10051 121000220220100200100000022022020282020220220000001002001022022000121
10052 121000220220100202300002024022020292020220420200003202001022022000121
10053 121000222200102010000000002222002282200222200000000010201002222000121
10054 121000222200102012200002022222002292200222220200002210201002222000121
10055 121000242000121000000000000242000484000242000000000000121000242000121
10056 121000242000121002200002200242000494000242002200002200121000242000121
10057 121002200010000000000000000002200262002200000000000000000010002200121
10058 121002200010000002200020000002200272002200000020002200000010002200121
10059 121002200010000022220202000002201282102200000202022220000010002200121
10060 121002200010000024420222000002201494102200000222024420000010002200121
10061 121002200010000220024000200002300282003200002000420022000010002200121
10062 121002200010000222224020200002302292203200002020422222000010002200121
10063 121002200010002200022200020012200282002210020002220002200010002200121
10064 121002200010002202222220020012220292022210020022222202200010002200121
10065 121002200010022000200220003002200282002200300022002000220010002200121
10066 121002200010022002400240003002400292004200300042004200220010002200121
10067 121002200010220002000022100202200282002202001220000200022010002200121
10068 121002200010220004200042100204200292002402001240002400022010002200121
10069 121002200012200020000012200022200282002220002210000020002210002200121
10070 121002200012200022200032200042200292002240002230002220002210002200121
10071 121002200032000200001000220004200282002400022000100002000230002200121
10072 121002200032000202201020220204200292002402022020102202000230002200121
10073 121002200230002000100000022002400282004200220000001000200032002200121
10074 121002200230002002300020024002400292004200420020003200200032002200121
10075 121002202210020010000000002202220282022202200000000010020012202200121
10076 121002202210020012200020022202220292022202220020002210020012202200121
10077 121002222010201000000000000222202282202222000000000000102010222200121
10078 121002222010201002200020200222202292202222002020002200102010222200121
10079 121002420012100000000000000024200484002420000000000000001210024200121
10080 121002420012100002200022000024200494002420000220002200001210024200121
10081 121022001000000000000000000000220262022000000000000000000000100220121
10082 121022001000000002200200000000220272022000000002002200000000100220121
10083 121022001000000022222020000000221282122000000020222220000000100220121
10084 121022001000000024422220000000221494122000000022224420000000100220121
10085 121022001000000220042002000000320282023000000200240022000000100220121
10086 121022001000000222242202000000322292223000000202242222000000100220121
10087 121022001000002200202200200010220282022010002002202002200000100220121
10088 121022001000002202402400200010240292042010002004204202200000100220121
10089 121022001000022002000220021000220282022000120022000200220000100220121
10090 121022001000022004200420021000420292024000120024002400220000100220121
10091 121022001000220020000022102000220282022000201220000020022000100220121
10092 121022001000220022200222102002220292022200201222002220022000100220121
10093 121022001002200200000012200200220282022002002210000002002200100220121
10094 121022001002200202200212200220220292022022002212002202002200100220121
10095 121022001022002000001000220020220282022020022000100000200220100220121
10096 121022001022002002201200220220220292022022022002102200200220100220121
10097 121022001220020000100000022002220282022200220000001000020022100220121
10098 121022001220020002300200024002220292022200420002003200020022100220121
10099 121022003200200010000000002200420282024002200000000010002002300220121
10100 121022003200200012200200022200420292024002220002002210002002300220121
10101 121022023002001000000000000220240282042022000000000000100200320220121
10102 121022023002001002200200200220240292042022002002002200100200320220121
10103 121022221020100000000000000022222282222220000000000000001020122220121
10104 121022221020100002200202000022222292222220000202002200001020122220121
10105 121024201210000000000000000002420484024200000000000000000012102420121
10106 121024201210000002200220000002420494024200000022002200000012102420121
10107 121220100000000000000000000000022262220000000000000000000000001022121
10108 121220100000000002202000000000022272220000000000202200000000001022121
10109 121220100000000022240200000000023282320000000002042220000000001022121
10110 121220100000000024442200000000023494320000000002244420000000001022121
10111 121220100000000220222020000000122282221000000020222022000000001022121
10112 121220100000000222424020000000124292421000000020424222000000001022121
10113 121220100000002202002202000010022282220010000202200202200000001022121
10114 121220100000002204204202000010042292240010000202402402200000001022121
10115 121220100000022020000220201000022282220000102022000020220000001022121
10116 121220100000022022202220201000222292222000102022202220220000001022121
10117 121220100000220200000022120000022282220000021220000002022000001022121
10118 121220100000220202202022120002022292220200021220202202022000001022121
10119 121220100002202000000012202000022282220000202210000000202200001022121
10120 121220100002202002202012202020022292220020202210202200202200001022121
10121 121220100022020000001000220200022282220002022000100000020220001022121
10122 121220100022020002203000220400022292220004022000302200020220001022121
10123 121220100220200000100000022020022282220020220000001000002022001022121
10124 121220100220200002302000024020022292220020420000203200002022001022121
10125 121220102202000010000000002202022282220202200000000010000202201022121
10126 121220102202000012202000022202022292220202220000202210000202201022121
10127 121220122020001000000000000220222282222022000000000000100020221022121
10128 121220122020001002202000200220222292222022002000202200100020221022121
10129 121220320200100000000000000022042282240220000000000000001002023022121
10130 121220320200100002202002000022042292240220000200202200001002023022121
10131 121222302010000000000000000002224282422200000000000000000010203222121
10132 121222302010000002202020000002224292422200000020202200000010203222121
10133 121242121000000000000000000000242484242000000000000000000000121242121
10134 121242121000000002202200000000242494242000000002202200000000121242121
10135 123210000000000000000000000000002464200000000000000000000000000012321
10136 123210000000000002220000000000002474200000000000022200000000000012321
10137 123210000000000020202000000000003292300000000000202020000000000012321
10138 123210000000000022422000000000003484300000000000224220000000000012321
10139 123210000000000024642000000000003696300000000000246420000000000012321
10140 123210000000000222022200000000102484201000000002220222000000000012321
10141 123210000000000224242200000000104494401000000002242422000000000012321
10142 123210000000002220002220000010002484200010000022200022200000000012321
10143 123210000000002222222220000010022494220010000022222222200000000012321
10144 123210000000022200000222001000002484200000100222000002220000000012321
10145 123210000000022202220222001000202494202000100222022202220000000012321
10146 123210000000222000000022300000002484200000003220000000222000000012321
10147 123210000000222002220022300002002494200200003220022200222000000012321
10148 123210000002220000000012220000002484200000022210000000022200000012321
10149 123210000002220002220012220020002494200020022210022200022200000012321
10150 123210000022200000001000222000002484200000222000100000002220000012321
10151 123210000022200002221000222200002494200002222000122200002220000012321
10152 123210000222000000100000022200002484200002220000001000000222000012321
10153 123210000222000002320000024200002494200002420000023200000222000012321
10154 123210002220000010000000002220002484200022200000000010000022200012321
10155 123210002220000012220000022220002494200022220000022210000022200012321
10156 123210022200001000000000000222002484200222000000000000100002220012321
10157 123210022200001002220000200222002494200222002000022200100002220012321
10158 123210222000100000000000000022202484202220000000000000001000222012321
10159 123210222000100002220002000022202494202220000200022200001000222012321
10160 123212220010000000000000000002222484222200000000000000000010022212321
10161 123212220010000002220020000002222494222200000020022200000010022212321
10162 123232201000000000000000000000224484422000000000000000000000102232321
10163 123232201000000002220200000000224494422000000002022200000000102232321
10164 123432100000000000000000000000024686420000000000000000000000001234321
10165 123432100000000002222000000000024696420000000000222200000000001234321
10166 169025177104366929428563632912878101878219236365824929663401771520961
10167 400000000000000000000000000000000080000000000000000000000000000000004
10168 400000000000000004000000000000000090000000000000000400000000000000004
10169 461008830181264364574728001751741929147157100827475463462181038800164
10170 654559532629922011473373439846828282828648934373374110229926235955456
10171 675002646225452986662849713318939080939813317948266689254522646200576
10172 923865363289534560090635724400266202662004427536090065435982363568329
10173 982623644294744275088611239676071787170676932116880572447492446326289
