1 0
2 1
3 2
4 3
5 11
6 22
7 26
8 101
9 111
10 121
11 202
12 212
13 264
14 307
15 836
16 1001
17 1111
18 2002
19 2285
20 2636
21 10001
22 10101
23 10201
24 11011
25 11111
26 11211
27 20002
28 20102
29 22865
30 24846
31 30693
32 100001
33 101101
34 110011
35 111111
36 200002
37 798644
38 1000001
39 1001001
40 1002001
41 1010101
42 1011101
43 1012101
44 1042151
45 1100011
46 1101011
47 1102011
48 1109111
49 1110111
50 1111111
51 1270869
52 2000002
53 2001002
54 2012748
55 2294675
56 3069307
57 10000001
58 10011001
59 10100101
60 10111101
61 11000011
62 11011011
63 11100111
64 11111111
65 11129361
66 12028229
67 12866669
68 20000002
69 30001253
70 64030648
71 100000001
72 100010001
73 100020001
74 100101001
75 100111001
76 100121001
77 101000101
78 101010101
79 101020101
80 101101101
81 101111101
82 110000011
83 110010011
84 110020011
85 110091011
86 110101011
87 110111011
88 111000111
89 111010111
90 111091111
91 111101111
92 111111111
93 200000002
94 200010002
95 306930693
96 1000000001
97 1000110001
98 1001001001
99 1001111001
100 1010000101
101 1010110101
102 1011001101
103 1011111101
104 1100000011
105 1100110011
106 1101001011
107 1101111011
108 1110000111
109 1110110111
110 1111001111
111 2000000002
112 2062386218
113 2481623254
114 10000000001
115 10000100001
116 10000200001
117 10001010001
118 10001110001
119 10001210001
120 10010001001
121 10010101001
122 10010201001
123 10011011001
124 10011111001
125 10100000101
126 10100100101
127 10100200101
128 10101010101
129 10101110101
130 10106064399
131 10109901101
132 10110001101
133 10110101101
134 10110911101
135 10111011101
136 10111111101
137 10207355549
138 11000000011
139 11000100011
140 11000200011
141 11000910011
142 11001010011
143 11001110011
144 11010001011
145 11010101011
146 11010911011
147 11011011011
148 11011111011
149 11100000111
150 11100100111
151 11100910111
152 11101010111
153 11101110111
154 11110001111
155 11110101111
156 13579355059
157 20000000002
158 20000100002
159 22865150135
160 30101273647
161 30693069307
162 83163115486
163 100000000001
164 100001100001
165 100010010001
166 100011110001
167 100100001001
168 100101101001
169 100110011001
170 100111111001
171 101000000101
172 101001100101
173 101010010101
174 101011110101
175 101100001101
176 101101101101
177 101110011101
178 101116809851
179 110000000011
180 110001100011
181 110010010011
182 110011110011
183 110100001011
184 110101101011
185 110110011011
186 111000000111
187 111001100111
188 111010010111
189 111100001111
190 111283619361
191 112247658961
192 128817084669
193 200000000002
194 1000000000001
195 1000001000001
196 1000002000001
197 1000010100001
198 1000011100001
199 1000012100001
200 1000100010001
201 1000101010001
202 1000102010001
203 1000110110001
204 1000111110001
205 1001000001001
206 1001001001001
207 1001002001001
208 1001010101001
209 1001011101001
210 1001100011001
211 1001101011001
212 1001110111001
213 1001111111001
214 1010000000101
215 1010001000101
216 1010002000101
217 1010010100101
218 1010011100101
219 1010099010101
220 1010100010101
221 1010101010101
222 1010109110101
223 1010110110101
224 1010111110101
225 1011000001101
226 1011001001101
227 1011010101101
228 1011011101101
229 1011099011101
230 1011100011101
231 1011101011101
232 1100000000011
233 1100001000011
234 1100002000011
235 1100009100011
236 1100010100011
237 1100011100011
238 1100100010011
239 1100101010011
240 1100110110011
241 1100111110011
242 1101000001011
243 1101001001011
244 1101009101011
245 1101010101011
246 1101011101011
247 1101100011011
248 1101101011011
249 1110000000111
250 1110001000111
251 1110009100111
252 1110010100111
253 1110011100111
254 1110100010111
255 1110101010111
256 1111000001111
257 1111001001111
258 1349465117841
259 2000000000002
260 2000001000002
261 2149099165358
262 2634812417864
263 3069306930693
264 6360832925898
265 10000000000001
266 10000011000001
267 10000100100001
268 10000111100001
269 10001000010001
270 10001011010001
271 10001100110001
272 10001111110001
273 10010000001001
274 10010011001001
275 10010100101001
276 10010111101001
277 10011000011001
278 10011011011001
279 10011100111001
280 10100000000101
281 10100011000101
282 10100100100101
283 10100111100101
284 10101000010101
285 10101011010101
286 10101100110101
287 10110000001101
288 10110011001101
289 10110100101101
290 10111000011101
291 11000000000011
292 11000011000011
293 11000100100011
294 11000111100011
295 11001000010011
296 11001011010011
297 11001100110011
298 11010000001011
299 11010011001011
300 11010100101011
301 11011000011011
302 11100000000111
303 11100011000111
304 11100100100111
305 11101000010111
306 11110000001111
307 20000000000002
308 30395080190573
309 69800670077028
310 98275825201587
311 100000000000001
312 100000010000001
313 100000020000001
314 100000101000001
315 100000111000001
316 100000121000001
317 100001000100001
318 100001010100001
319 100001020100001
320 100001101100001
321 100001111100001
322 100010000010001
323 100010010010001
324 100010020010001
325 100010101010001
326 100010111010001
327 100011000110001
328 100011010110001
329 100011101110001
330 100011111110001
331 100100000001001
332 100100010001001
333 100100020001001
334 100100101001001
335 100100111001001
336 100101000101001
337 100101010101001
338 100101101101001
339 100101111101001
340 100109990011001
341 100110000011001
342 100110010011001
343 100110091011001
344 100110101011001
345 100110111011001
346 100110990111001
347 100111000111001
348 100111010111001
349 101000000000101
350 101000010000101
351 101000020000101
352 101000101000101
353 101000111000101
354 101000990100101
355 101001000100101
356 101001010100101
357 101001091100101
358 101001101100101
359 101001111100101
360 101010000010101
361 101010010010101
362 101010101010101
363 101010111010101
364 101010990110101
365 101011000110101
366 101011010110101
367 101100000001101
368 101100010001101
369 101100101001101
370 101100111001101
371 101101000101101
372 101101010101101
373 101110000011101
374 101110010011101
375 110000000000011
376 110000010000011
377 110000020000011
378 110000091000011
379 110000101000011
380 110000111000011
381 110001000100011
382 110001010100011
383 110001101100011
384 110001111100011
385 110010000010011
386 110010010010011
387 110010091010011
388 110010101010011
389 110010111010011
390 110011000110011
391 110011010110011
392 110100000001011
393 110100010001011
394 110100101001011
395 110100111001011
396 110101000101011
397 110101010101011
398 110110000011011
399 110110010011011
400 111000000000111
401 111000010000111
402 111000091000111
403 111000101000111
404 111000111000111
405 111001000100111
406 111001010100111
407 111010000010111
408 111010010010111
409 111100000001111
410 111100010001111
411 129610990752569
412 200000000000002
413 200000010000002
414 210786628549538
415 314155324482867
416 1000000000000001
417 1000000110000001
418 1000001001000001
419 1000001111000001
420 1000010000100001
421 1000010110100001
422 1000011001100001
423 1000011111100001
424 1000100000010001
425 1000100110010001
426 1000101001010001
427 1000101111010001
428 1000110000110001
429 1000110110110001
430 1000111001110001
431 1001000000001001
432 1001000110001001
433 1001001001001001
434 1001001111001001
435 1001010000101001
436 1001010110101001
437 1001011001101001
438 1001100000011001
439 1001100110011001
440 1001101001011001
441 1001110000111001
442 1010000000000101
443 1010000110000101
444 1010001001000101
445 1010001111000101
446 1010010000100101
447 1010010110100101
448 1010011001100101
449 1010100000010101
450 1010100110010101
451 1010101001010101
452 1010110000110101
453 1011000000001101
454 1011000110001101
455 1011001001001101
456 1011010000101101
457 1011100000011101
458 1100000000000011
459 1100000110000011
460 1100001001000011
461 1100001111000011
462 1100010000100011
463 1100010110100011
464 1100011001100011
465 1100100000010011
466 1100100110010011
467 1100101001010011
468 1100110000110011
469 1101000000001011
470 1101000110001011
471 1101001001001011
472 1101010000101011
473 1101100000011011
474 1110000000000111
475 1110000110000111
476 1110001001000111
477 1110010000100111
478 1110100000010111
479 1111000000001111
480 2000000000000002
481 2201019508986478
482 2564053868197734
483 3066446727654243
484 3107974295870663
485 3138199296186067
486 6819209882215742
487 10000000000000001
488 10000000100000001
489 10000000200000001
490 10000001010000001
491 10000001110000001
492 10000001210000001
493 10000010001000001
494 10000010101000001
495 10000010201000001
496 10000011011000001
497 10000011111000001
498 10000100000100001
499 10000100100100001
500 10000100200100001
501 10000101010100001
502 10000101110100001
503 10000110001100001
504 10000110101100001
505 10000111011100001
506 10000111111100001
507 10001000000010001
508 10001000100010001
509 10001000200010001
510 10001001010010001
511 10001001110010001
512 10001010001010001
513 10001010101010001
514 10001011011010001
515 10001011111010001
516 10001100000110001
517 10001100100110001
518 10001101010110001
519 10001101110110001
520 10001110001110001
521 10001110101110001
522 10010000000001001
523 10010000100001001
524 10010000200001001
525 10010001010001001
526 10010001110001001
527 10010010001001001
528 10010010101001001
529 10010011011001001
530 10010011111001001
531 10010099900101001
532 10010100000101001
533 10010100100101001
534 10010101010101001
535 10010101110101001
536 10010109901101001
537 10010110001101001
538 10010110101101001
539 10011000000011001
540 10011000100011001
541 10011001010011001
542 10011001110011001
543 10011010001011001
544 10011010101011001
545 10011099900111001
546 10011100000111001
547 10011100100111001
548 10100000000000101
549 10100000100000101
550 10100000200000101
551 10100001010000101
552 10100001110000101
553 10100009901000101
554 10100010001000101
555 10100010101000101
556 10100010911000101
557 10100011011000101
558 10100011111000101
559 10100100000100101
560 10100100100100101
561 10100101010100101
562 10100101110100101
563 10100109901100101
564 10100110001100101
565 10100110101100101
566 10101000000010101
567 10101000100010101
568 10101001010010101
569 10101001110010101
570 10101009901010101
571 10101010001010101
572 10101010101010101
573 10101100000110101
574 10101100100110101
575 10110000000001101
576 10110000100001101
577 10110001010001101
578 10110001110001101
579 10110010001001101
580 10110010101001101
581 10110100000101101
582 10110100100101101
583 10111000000011101
584 10111000100011101
585 11000000000000011
586 11000000100000011
587 11000000200000011
588 11000000910000011
589 11000001010000011
590 11000001110000011
591 11000010001000011
592 11000010101000011
593 11000011011000011
594 11000011111000011
595 11000100000100011
596 11000100100100011
597 11000101010100011
598 11000101110100011
599 11000110001100011
600 11000110101100011
601 11001000000010011
602 11001000100010011
603 11001000910010011
604 11001001010010011
605 11001001110010011
606 11001010001010011
607 11001010101010011
608 11001100000110011
609 11001100100110011
610 11010000000001011
611 11010000100001011
612 11010001010001011
613 11010001110001011
614 11010010001001011
615 11010010101001011
616 11010100000101011
617 11010100100101011
618 11011000000011011
619 11011000100011011
620 11100000000000111
621 11100000100000111
622 11100000910000111
623 11100001010000111
624 11100001110000111
625 11100010001000111
626 11100010101000111
627 11100100000100111
628 11100100100100111
629 11101000000010111
630 11101000100010111
631 11110000000001111
632 11110000100001111
633 11843191515764821
634 11863792420598929
635 12797593520483481
636 13593470459544309
637 13661181333262459
638 20000000000000002
639 20000000100000002
640 40447213778058769
641 100000000000000001
642 100000001100000001
643 100000010010000001
644 100000011110000001
645 100000100001000001
646 100000101101000001
647 100000110011000001
648 100000111111000001
649 100001000000100001
650 100001001100100001
651 100001010010100001
652 100001011110100001
653 100001100001100001
654 100001101101100001
655 100001110011100001
656 100010000000010001
657 100010001100010001
658 100010010010010001
659 100010011110010001
660 100010100001010001
661 100010101101010001
662 100010110011010001
663 100011000000110001
664 100011001100110001
665 100011010010110001
666 100011100001110001
667 100100000000001001
668 100100001100001001
669 100100010010001001
670 100100011110001001
671 100100100001001001
672 100100101101001001
673 100100110011001001
674 100101000000101001
675 100101001100101001
676 100101010010101001
677 100101100001101001
678 100110000000011001
679 100110001100011001
680 100110010010011001
681 100110100001011001
682 100111000000111001
683 101000000000000101
684 101000001100000101
685 101000010010000101
686 101000011110000101
687 101000100001000101
688 101000101101000101
689 101000110011000101
690 101001000000100101
691 101001001100100101
692 101001010010100101
693 101001100001100101
694 101010000000010101
695 101010001100010101
696 101010010010010101
697 101010100001010101
698 101011000000110101
699 101100000000001101
700 101100001100001101
701 101100010010001101
702 101100100001001101
703 101101000000101101
704 101110000000011101
705 110000000000000011
706 110000001100000011
707 110000010010000011
708 110000011110000011
709 110000100001000011
710 110000101101000011
711 110000110011000011
712 110001000000100011
713 110001001100100011
714 110001010010100011
715 110001100001100011
716 110010000000010011
717 110010001100010011
718 110010010010010011
719 110010100001010011
720 110011000000110011
721 110100000000001011
722 110100001100001011
723 110100010010001011
724 110100100001001011
725 110101000000101011
726 110110000000011011
727 111000000000000111
728 111000001100000111
729 111000010010000111
730 111000100001000111
731 111001000000100111
732 111010000000010111
733 111100000000001111
734 135772344267730059
735 200000000000000002
736 207254460945174618
737 228138929476341405
738 306950094269977057
739 404099764753665981
740 633856150760638652
741 795559265009384106
742 1000000000000000001
743 1000000001000000001
744 1000000002000000001
745 1000000010100000001
746 1000000011100000001
747 1000000012100000001
748 1000000100010000001
749 1000000101010000001
750 1000000102010000001
751 1000000110110000001
752 1000000111110000001
753 1000001000001000001
754 1000001001001000001
755 1000001002001000001
756 1000001010101000001
757 1000001011101000001
758 1000001100011000001
759 1000001101011000001
760 1000001110111000001
761 1000001111111000001
762 1000010000000100001
763 1000010001000100001
764 1000010002000100001
765 1000010010100100001
766 1000010011100100001
767 1000010100010100001
768 1000010101010100001
769 1000010110110100001
770 1000010111110100001
771 1000011000001100001
772 1000011001001100001
773 1000011010101100001
774 1000011011101100001
775 1000011100011100001
776 1000011101011100001
777 1000100000000010001
778 1000100001000010001
779 1000100002000010001
780 1000100010100010001
781 1000100011100010001
782 1000100100010010001
783 1000100101010010001
784 1000100110110010001
785 1000100111110010001
786 1000101000001010001
787 1000101001001010001
788 1000101010101010001
789 1000101011101010001
790 1000101100011010001
791 1000101101011010001
792 1000109999000110001
793 1000110000000110001
794 1000110001000110001
795 1000110009100110001
796 1000110010100110001
797 1000110011100110001
798 1000110099010110001
799 1000110100010110001
800 1000110101010110001
801 1000111000001110001
802 1000111001001110001
803 1001000000000001001
804 1001000001000001001
805 1001000002000001001
806 1001000010100001001
807 1001000011100001001
808 1001000100010001001
809 1001000101010001001
810 1001000110110001001
811 1001000111110001001
812 1001000999001001001
813 1001001000001001001
814 1001001001001001001
815 1001001010101001001
816 1001001011101001001
817 1001001100011001001
818 1001001101011001001
819 1001010000000101001
820 1001010001000101001
821 1001010010100101001
822 1001010011100101001
823 1001010100010101001
824 1001010101010101001
825 1001011000001101001
826 1001011001001101001
827 1001100000000011001
828 1001100001000011001
829 1001100010100011001
830 1001100011100011001
831 1001100100010011001
832 1001100101010011001
833 1001101000001011001
834 1001101001001011001
835 1001110000000111001
836 1001110001000111001
837 1010000000000000101
838 1010000001000000101
839 1010000002000000101
840 1010000010100000101
841 1010000011100000101
842 1010000099010000101
843 1010000100010000101
844 1010000101010000101
845 1010000109110000101
846 1010000110110000101
847 1010000111110000101
848 1010001000001000101
849 1010001001001000101
850 1010001010101000101
851 1010001011101000101
852 1010001100011000101
853 1010001101011000101
854 1010010000000100101
855 1010010001000100101
856 1010010010100100101
857 1010010011100100101
858 1010010100010100101
859 1010010101010100101
860 1010011000001100101
861 1010011001001100101
862 1010100000000010101
863 1010100001000010101
864 1010100010100010101
865 1010100011100010101
866 1010100099010010101
867 1010100100010010101
868 1010100101010010101
869 1010101000001010101
870 1010101001001010101
871 1010110000000110101
872 1010110001000110101
873 1011000000000001101
874 1011000001000001101
875 1011000010100001101
876 1011000011100001101
877 1011000100010001101
878 1011000101010001101
879 1011001000001001101
880 1011001001001001101
881 1011010000000101101
882 1011010001000101101
883 1011100000000011101
884 1011100001000011101
885 1100000000000000011
886 1100000001000000011
887 1100000002000000011
888 1100000009100000011
889 1100000010100000011
890 1100000011100000011
891 1100000100010000011
892 1100000101010000011
893 1100000110110000011
894 1100000111110000011
895 1100001000001000011
896 1100001001001000011
897 1100001010101000011
898 1100001011101000011
899 1100001100011000011
900 1100001101011000011
901 1100010000000100011
902 1100010001000100011
903 1100010009100100011
904 1100010010100100011
905 1100010011100100011
906 1100010100010100011
907 1100010101010100011
908 1100011000001100011
909 1100011001001100011
910 1100100000000010011
911 1100100001000010011
912 1100100010100010011
913 1100100011100010011
914 1100100100010010011
915 1100100101010010011
916 1100101000001010011
917 1100101001001010011
918 1100110000000110011
919 1100110001000110011
920 1101000000000001011
921 1101000001000001011
922 1101000010100001011
923 1101000011100001011
924 1101000100010001011
925 1101000101010001011
926 1101001000001001011
927 1101001001001001011
928 1101010000000101011
929 1101010001000101011
930 1101100000000011011
931 1101100001000011011
932 1110000000000000111
933 1110000001000000111
934 1110000009100000111
935 1110000010100000111
936 1110000011100000111
937 1110000100010000111
938 1110000101010000111
939 1110001000001000111
940 1110001001001000111
941 1110010000000100111
942 1110010001000100111
943 1110100000000010111
944 1110100001000010111
945 1111000000000001111
946 1111000001000001111
947 1363859210193543291
948 2000000000000000002
949 2000000001000000002
950 2282211769458230805
951 10000000000000000001
952 10000000011000000001
953 10000000100100000001
954 10000000111100000001
955 10000001000010000001
956 10000001011010000001
957 10000001100110000001
958 10000001111110000001
959 10000010000001000001
960 10000010011001000001
961 10000010100101000001
962 10000010111101000001
963 10000011000011000001
964 10000011011011000001
965 10000011100111000001
966 10000100000000100001
967 10000100011000100001
968 10000100100100100001
969 10000100111100100001
970 10000101000010100001
971 10000101011010100001
972 10000101100110100001
973 10000110000001100001
974 10000110011001100001
975 10000110100101100001
976 10000111000011100001
977 10001000000000010001
978 10001000011000010001
979 10001000100100010001
980 10001000111100010001
981 10001001000010010001
982 10001001011010010001
983 10001001100110010001
984 10001010000001010001
985 10001010011001010001
986 10001010100101010001
987 10001011000011010001
988 10001100000000110001
989 10001100011000110001
990 10001100100100110001
991 10001101000010110001
992 10001110000001110001
993 10010000000000001001
994 10010000011000001001
995 10010000100100001001
996 10010000111100001001
997 10010001000010001001
998 10010001011010001001
999 10010001100110001001
1000 10010010000001001001
1001 10010010011001001001
1002 10010010100101001001
1003 10010011000011001001
1004 10010100000000101001
1005 10010100011000101001
1006 10010100100100101001
1007 10010101000010101001
1008 10010110000001101001
1009 10011000000000011001
1010 10011000011000011001
1011 10011000100100011001
1012 10011001000010011001
1013 10011010000001011001
1014 10011100000000111001
1015 10100000000000000101
1016 10100000011000000101
1017 10100000100100000101
1018 10100000111100000101
1019 10100001000010000101
1020 10100001011010000101
1021 10100001100110000101
1022 10100010000001000101
1023 10100010011001000101
1024 10100010100101000101
1025 10100011000011000101
1026 10100100000000100101
1027 10100100011000100101
1028 10100100100100100101
1029 10100101000010100101
1030 10100110000001100101
1031 10101000000000010101
1032 10101000011000010101
1033 10101000100100010101
1034 10101001000010010101
1035 10101010000001010101
1036 10101100000000110101
1037 10110000000000001101
1038 10110000011000001101
1039 10110000100100001101
1040 10110001000010001101
1041 10110010000001001101
1042 10110100000000101101
1043 10111000000000011101
1044 11000000000000000011
1045 11000000011000000011
1046 11000000100100000011
1047 11000000111100000011
1048 11000001000010000011
1049 11000001011010000011
1050 11000001100110000011
1051 11000010000001000011
1052 11000010011001000011
1053 11000010100101000011
1054 11000011000011000011
1055 11000100000000100011
1056 11000100011000100011
1057 11000100100100100011
1058 11000101000010100011
1059 11000110000001100011
1060 11001000000000010011
1061 11001000011000010011
1062 11001000100100010011
1063 11001001000010010011
1064 11001010000001010011
1065 11001100000000110011
1066 11010000000000001011
1067 11010000011000001011
1068 11010000100100001011
1069 11010001000010001011
1070 11010010000001001011
1071 11010100000000101011
1072 11011000000000011011
1073 11100000000000000111
1074 11100000011000000111
1075 11100000100100000111
1076 11100001000010000111
1077 11100010000001000111
1078 11100100000000100111
1079 11101000000000010111
1080 11110000000000001111
1081 20000000000000000002
1082 25686162978506292366
1083 100000000000000000001
1084 100000000010000000001
1085 100000000020000000001
1086 100000000101000000001
1087 100000000111000000001
1088 100000000121000000001
1089 100000001000100000001
1090 100000001010100000001
1091 100000001020100000001
1092 100000001101100000001
1093 100000001111100000001
1094 100000010000010000001
1095 100000010010010000001
1096 100000010020010000001
1097 100000010101010000001
1098 100000010111010000001
1099 100000011000110000001
1100 100000011010110000001
1101 100000011101110000001
1102 100000011111110000001
1103 100000100000001000001
1104 100000100010001000001
1105 100000100020001000001
1106 100000100101001000001
1107 100000100111001000001
1108 100000101000101000001
1109 100000101010101000001
1110 100000101101101000001
1111 100000101111101000001
1112 100000110000011000001
1113 100000110010011000001
1114 100000110101011000001
1115 100000110111011000001
1116 100000111000111000001
1117 100000111010111000001
1118 100001000000000100001
1119 100001000010000100001
1120 100001000020000100001
1121 100001000101000100001
1122 100001000111000100001
1123 100001001000100100001
1124 100001001010100100001
1125 100001001101100100001
1126 100001001111100100001
1127 100001010000010100001
1128 100001010010010100001
1129 100001010101010100001
1130 100001010111010100001
1131 100001011000110100001
1132 100001011010110100001
1133 100001100000001100001
1134 100001100010001100001
1135 100001100101001100001
1136 100001100111001100001
1137 100001101000101100001
1138 100001101010101100001
1139 100001110000011100001
1140 100001110010011100001
1141 100010000000000010001
1142 100010000010000010001
1143 100010000020000010001
1144 100010000101000010001
1145 100010000111000010001
1146 100010001000100010001
1147 100010001010100010001
1148 100010001101100010001
1149 100010001111100010001
1150 100010010000010010001
1151 100010010010010010001
1152 100010010101010010001
1153 100010010111010010001
1154 100010011000110010001
1155 100010011010110010001
1156 100010099990001010001
1157 100010100000001010001
1158 100010100010001010001
1159 100010100101001010001
1160 100010100111001010001
1161 100010100990101010001
1162 100010101000101010001
1163 100010101010101010001
1164 100010109990011010001
1165 100010110000011010001
1166 100010110010011010001
1167 100011000000000110001
1168 100011000010000110001
1169 100011000101000110001
1170 100011000111000110001
1171 100011001000100110001
1172 100011001010100110001
1173 100011010000010110001
1174 100011010010010110001
1175 100011099990001110001
1176 100011100000001110001
1177 100011100010001110001
1178 100100000000000001001
1179 100100000010000001001
1180 100100000020000001001
1181 100100000101000001001
1182 100100000111000001001
1183 100100001000100001001
1184 100100001010100001001
1185 100100001101100001001
1186 100100001111100001001
1187 100100009990010001001
1188 100100010000010001001
1189 100100010010010001001
1190 100100010101010001001
1191 100100010111010001001
1192 100100011000110001001
1193 100100011010110001001
1194 100100100000001001001
1195 100100100010001001001
1196 100100100101001001001
1197 100100100111001001001
1198 100100101000101001001
1199 100100101010101001001
1200 100100109990011001001
1201 100100110000011001001
1202 100100110010011001001
1203 100101000000000101001
1204 100101000010000101001
1205 100101000101000101001
1206 100101000111000101001
1207 100101001000100101001
1208 100101001010100101001
1209 100101009990010101001
1210 100101010000010101001
1211 100101010010010101001
1212 100101100000001101001
1213 100101100010001101001
1214 100110000000000011001
1215 100110000010000011001
1216 100110000101000011001
1217 100110000111000011001
1218 100110001000100011001
1219 100110001010100011001
1220 100110010000010011001
1221 100110010010010011001
1222 100110100000001011001
1223 100110100010001011001
1224 100111000000000111001
1225 100111000010000111001
1226 101000000000000000101
1227 101000000010000000101
1228 101000000020000000101
1229 101000000101000000101
1230 101000000111000000101
1231 101000000990100000101
1232 101000001000100000101
1233 101000001010100000101
1234 101000001091100000101
1235 101000001101100000101
1236 101000001111100000101
1237 101000010000010000101
1238 101000010010010000101
1239 101000010101010000101
1240 101000010111010000101
1241 101000011000110000101
1242 101000011010110000101
1243 101000100000001000101
1244 101000100010001000101
1245 101000100101001000101
1246 101000100111001000101
1247 101000100990101000101
1248 101000101000101000101
1249 101000101010101000101
1250 101000110000011000101
1251 101000110010011000101
1252 101001000000000100101
1253 101001000010000100101
1254 101001000101000100101
1255 101001000111000100101
1256 101001000990100100101
1257 101001001000100100101
1258 101001001010100100101
1259 101001010000010100101
1260 101001010010010100101
1261 101001100000001100101
1262 101001100010001100101
1263 101010000000000010101
1264 101010000010000010101
1265 101010000101000010101
1266 101010000111000010101
1267 101010000990100010101
1268 101010001000100010101
1269 101010001010100010101
1270 101010010000010010101
1271 101010010010010010101
1272 101010100000001010101
1273 101010100010001010101
1274 101011000000000110101
1275 101011000010000110101
1276 101100000000000001101
1277 101100000010000001101
1278 101100000101000001101
1279 101100000111000001101
1280 101100001000100001101
1281 101100001010100001101
1282 101100010000010001101
1283 101100010010010001101
1284 101100100000001001101
1285 101100100010001001101
1286 101101000000000101101
1287 101101000010000101101
1288 101110000000000011101
1289 101110000010000011101
1290 110000000000000000011
1291 110000000010000000011
1292 110000000020000000011
1293 110000000091000000011
1294 110000000101000000011
1295 110000000111000000011
1296 110000001000100000011
1297 110000001010100000011
1298 110000001101100000011
1299 110000001111100000011
1300 110000010000010000011
1301 110000010010010000011
1302 110000010101010000011
1303 110000010111010000011
1304 110000011000110000011
1305 110000011010110000011
1306 110000100000001000011
1307 110000100010001000011
1308 110000100101001000011
1309 110000100111001000011
1310 110000101000101000011
1311 110000101010101000011
1312 110000110000011000011
1313 110000110010011000011
1314 110001000000000100011
1315 110001000010000100011
1316 110001000091000100011
1317 110001000101000100011
1318 110001000111000100011
1319 110001001000100100011
1320 110001001010100100011
1321 110001010000010100011
1322 110001010010010100011
1323 110001100000001100011
1324 110001100010001100011
1325 110010000000000010011
1326 110010000010000010011
1327 110010000101000010011
1328 110010000111000010011
1329 110010001000100010011
1330 110010001010100010011
1331 110010010000010010011
1332 110010010010010010011
1333 110010100000001010011
1334 110010100010001010011
1335 110011000000000110011
1336 110011000010000110011
1337 110100000000000001011
1338 110100000010000001011
1339 110100000101000001011
1340 110100000111000001011
1341 110100001000100001011
1342 110100001010100001011
1343 110100010000010001011
1344 110100010010010001011
1345 110100100000001001011
1346 110100100010001001011
1347 110101000000000101011
1348 110101000010000101011
1349 110110000000000011011
1350 110110000010000011011
1351 111000000000000000111
1352 111000000010000000111
1353 111000000091000000111
1354 111000000101000000111
1355 111000000111000000111
1356 111000001000100000111
1357 111000001010100000111
1358 111000010000010000111
1359 111000010010010000111
1360 111000100000001000111
1361 111000100010001000111
1362 111001000000000100111
1363 111001000010000100111
1364 111010000000000010111
1365 111010000010000010111
1366 111100000000000001111
1367 111100000010000001111
1368 128501150236577373669
1369 200000000000000000002
1370 200000000010000000002
1371 229359782235085482225
1372 260088804053044407026
1373 263397138410176890086
1374 637323988797048057098
1375 1000000000000000000001
1376 1000000000110000000001
1377 1000000001001000000001
1378 1000000001111000000001
1379 1000000010000100000001
1380 1000000010110100000001
1381 1000000011001100000001
1382 1000000011111100000001
1383 1000000100000010000001
1384 1000000100110010000001
1385 1000000101001010000001
1386 1000000101111010000001
1387 1000000110000110000001
1388 1000000110110110000001
1389 1000000111001110000001
1390 1000001000000001000001
1391 1000001000110001000001
1392 1000001001001001000001
1393 1000001001111001000001
1394 1000001010000101000001
1395 1000001010110101000001
1396 1000001011001101000001
1397 1000001100000011000001
1398 1000001100110011000001
1399 1000001101001011000001
1400 1000001110000111000001
1401 1000010000000000100001
1402 1000010000110000100001
1403 1000010001001000100001
1404 1000010001111000100001
1405 1000010010000100100001
1406 1000010010110100100001
1407 1000010011001100100001
1408 1000010100000010100001
1409 1000010100110010100001
1410 1000010101001010100001
1411 1000010110000110100001
1412 1000011000000001100001
1413 1000011000110001100001
1414 1000011001001001100001
1415 1000011010000101100001
1416 1000011100000011100001
1417 1000100000000000010001
1418 1000100000110000010001
1419 1000100001001000010001
1420 1000100001111000010001
1421 1000100010000100010001
1422 1000100010110100010001
1423 1000100011001100010001
1424 1000100100000010010001
1425 1000100100110010010001
1426 1000100101001010010001
1427 1000100110000110010001
1428 1000101000000001010001
1429 1000101000110001010001
1430 1000101001001001010001
1431 1000101010000101010001
1432 1000101100000011010001
1433 1000110000000000110001
1434 1000110000110000110001
1435 1000110001001000110001
1436 1000110010000100110001
1437 1000110100000010110001
1438 1000111000000001110001
1439 1001000000000000001001
1440 1001000000110000001001
1441 1001000001001000001001
1442 1001000001111000001001
1443 1001000010000100001001
1444 1001000010110100001001
1445 1001000011001100001001
1446 1001000100000010001001
1447 1001000100110010001001
1448 1001000101001010001001
1449 1001000110000110001001
1450 1001001000000001001001
1451 1001001000110001001001
1452 1001001001001001001001
1453 1001001010000101001001
1454 1001001100000011001001
1455 1001010000000000101001
1456 1001010000110000101001
1457 1001010001001000101001
1458 1001010010000100101001
1459 1001010100000010101001
1460 1001011000000001101001
1461 1001100000000000011001
1462 1001100000110000011001
1463 1001100001001000011001
1464 1001100010000100011001
1465 1001100100000010011001
1466 1001101000000001011001
1467 1001110000000000111001
1468 1010000000000000000101
1469 1010000000110000000101
1470 1010000001001000000101
1471 1010000001111000000101
1472 1010000010000100000101
1473 1010000010110100000101
1474 1010000011001100000101
1475 1010000100000010000101
1476 1010000100110010000101
1477 1010000101001010000101
1478 1010000110000110000101
1479 1010001000000001000101
1480 1010001000110001000101
1481 1010001001001001000101
1482 1010001010000101000101
1483 1010001100000011000101
1484 1010010000000000100101
1485 1010010000110000100101
1486 1010010001001000100101
1487 1010010010000100100101
1488 1010010100000010100101
1489 1010011000000001100101
1490 1010100000000000010101
1491 1010100000110000010101
1492 1010100001001000010101
1493 1010100010000100010101
1494 1010100100000010010101
1495 1010101000000001010101
1496 1010110000000000110101
1497 1011000000000000001101
1498 1011000000110000001101
1499 1011000001001000001101
1500 1011000010000100001101
1501 1011000100000010001101
1502 1011001000000001001101
1503 1011010000000000101101
1504 1011100000000000011101
1505 1100000000000000000011
1506 1100000000110000000011
1507 1100000001001000000011
1508 1100000001111000000011
1509 1100000010000100000011
1510 1100000010110100000011
1511 1100000011001100000011
1512 1100000100000010000011
1513 1100000100110010000011
1514 1100000101001010000011
1515 1100000110000110000011
1516 1100001000000001000011
1517 1100001000110001000011
1518 1100001001001001000011
1519 1100001010000101000011
1520 1100001100000011000011
1521 1100010000000000100011
1522 1100010000110000100011
1523 1100010001001000100011
1524 1100010010000100100011
1525 1100010100000010100011
1526 1100011000000001100011
1527 1100100000000000010011
1528 1100100000110000010011
1529 1100100001001000010011
1530 1100100010000100010011
1531 1100100100000010010011
1532 1100101000000001010011
1533 1100110000000000110011
1534 1101000000000000001011
1535 1101000000110000001011
1536 1101000001001000001011
1537 1101000010000100001011
1538 1101000100000010001011
1539 1101001000000001001011
1540 1101010000000000101011
1541 1101100000000000011011
1542 1110000000000000000111
1543 1110000000110000000111
1544 1110000001001000000111
1545 1110000010000100000111
1546 1110000100000010000111
1547 1110001000000001000111
1548 1110010000000000100111
1549 1110100000000000010111
1550 1111000000000000001111
1551 1121621184033823231539
1552 2000000000000000000002
1553 2016192509426760663598
1554 2211007906320264673878
1555 3036233455854775865623
1556 3823177109095314778621
1557 10000000000000000000001
1558 10000000000100000000001
1559 10000000000200000000001
1560 10000000001010000000001
1561 10000000001110000000001
1562 10000000001210000000001
1563 10000000010001000000001
1564 10000000010101000000001
1565 10000000010201000000001
1566 10000000011011000000001
1567 10000000011111000000001
1568 10000000100000100000001
1569 10000000100100100000001
1570 10000000100200100000001
1571 10000000101010100000001
1572 10000000101110100000001
1573 10000000110001100000001
1574 10000000110101100000001
1575 10000000111011100000001
1576 10000000111111100000001
1577 10000001000000010000001
1578 10000001000100010000001
1579 10000001000200010000001
1580 10000001001010010000001
1581 10000001001110010000001
1582 10000001010001010000001
1583 10000001010101010000001
1584 10000001011011010000001
1585 10000001011111010000001
1586 10000001100000110000001
1587 10000001100100110000001
1588 10000001101010110000001
1589 10000001101110110000001
1590 10000001110001110000001
1591 10000001110101110000001
1592 10000010000000001000001
1593 10000010000100001000001
1594 10000010000200001000001
1595 10000010001010001000001
1596 10000010001110001000001
1597 10000010010001001000001
1598 10000010010101001000001
1599 10000010011011001000001
1600 10000010011111001000001
1601 10000010100000101000001
1602 10000010100100101000001
1603 10000010101010101000001
1604 10000010101110101000001
1605 10000010110001101000001
1606 10000010110101101000001
1607 10000011000000011000001
1608 10000011000100011000001
1609 10000011001010011000001
1610 10000011001110011000001
1611 10000011010001011000001
1612 10000011010101011000001
1613 10000011100000111000001
1614 10000011100100111000001
1615 10000100000000000100001
1616 10000100000100000100001
1617 10000100000200000100001
1618 10000100001010000100001
1619 10000100001110000100001
1620 10000100010001000100001
1621 10000100010101000100001
1622 10000100011011000100001
1623 10000100011111000100001
1624 10000100100000100100001
1625 10000100100100100100001
1626 10000100101010100100001
1627 10000100101110100100001
1628 10000100110001100100001
1629 10000100110101100100001
1630 10000101000000010100001
1631 10000101000100010100001
1632 10000101001010010100001
1633 10000101001110010100001
1634 10000101010001010100001
1635 10000101010101010100001
1636 10000101100000110100001
1637 10000101100100110100001
1638 10000109999900001100001
1639 10000110000000001100001
1640 10000110000100001100001
1641 10000110000910001100001
1642 10000110001010001100001
1643 10000110001110001100001
1644 10000110010001001100001
1645 10000110010101001100001
1646 10000110099900101100001
1647 10000110100000101100001
1648 10000110100100101100001
1649 10000111000000011100001
1650 10000111000100011100001
1651 10001000000000000010001
1652 10001000000100000010001
1653 10001000000200000010001
1654 10001000001010000010001
1655 10001000001110000010001
1656 10001000010001000010001
1657 10001000010101000010001
1658 10001000011011000010001
1659 10001000011111000010001
1660 10001000100000100010001
1661 10001000100100100010001
1662 10001000101010100010001
1663 10001000101110100010001
1664 10001000110001100010001
1665 10001000110101100010001
1666 10001000999900010010001
1667 10001001000000010010001
1668 10001001000100010010001
1669 10001001001010010010001
1670 10001001001110010010001
1671 10001001009901010010001
1672 10001001010001010010001
1673 10001001010101010010001
1674 10001001099900110010001
1675 10001001100000110010001
1676 10001001100100110010001
1677 10001010000000001010001
1678 10001010000100001010001
1679 10001010001010001010001
1680 10001010001110001010001
1681 10001010010001001010001
1682 10001010010101001010001
1683 10001010100000101010001
1684 10001010100100101010001
1685 10001011000000011010001
1686 10001011000100011010001
1687 10001100000000000110001
1688 10001100000100000110001
1689 10001100001010000110001
1690 10001100001110000110001
1691 10001100010001000110001
1692 10001100010101000110001
1693 10001100100000100110001
1694 10001100100100100110001
1695 10001101000000010110001
1696 10001101000100010110001
1697 10001110000000001110001
1698 10001110000100001110001
1699 10010000000000000001001
1700 10010000000100000001001
1701 10010000000200000001001
1702 10010000001010000001001
1703 10010000001110000001001
1704 10010000010001000001001
1705 10010000010101000001001
1706 10010000011011000001001
1707 10010000011111000001001
1708 10010000099900100001001
1709 10010000100000100001001
1710 10010000100100100001001
1711 10010000101010100001001
1712 10010000101110100001001
1713 10010000110001100001001
1714 10010000110101100001001
1715 10010001000000010001001
1716 10010001000100010001001
1717 10010001001010010001001
1718 10010001001110010001001
1719 10010001010001010001001
1720 10010001010101010001001
1721 10010001099900110001001
1722 10010001100000110001001
1723 10010001100100110001001
1724 10010010000000001001001
1725 10010010000100001001001
1726 10010010001010001001001
1727 10010010001110001001001
1728 10010010010001001001001
1729 10010010010101001001001
1730 10010010099900101001001
1731 10010010100000101001001
1732 10010010100100101001001
1733 10010011000000011001001
1734 10010011000100011001001
1735 10010100000000000101001
1736 10010100000100000101001
1737 10010100001010000101001
1738 10010100001110000101001
1739 10010100010001000101001
1740 10010100010101000101001
1741 10010100100000100101001
1742 10010100100100100101001
1743 10010101000000010101001
1744 10010101000100010101001
1745 10010110000000001101001
1746 10010110000100001101001
1747 10011000000000000011001
1748 10011000000100000011001
1749 10011000001010000011001
1750 10011000001110000011001
1751 10011000010001000011001
1752 10011000010101000011001
1753 10011000100000100011001
1754 10011000100100100011001
1755 10011001000000010011001
1756 10011001000100010011001
1757 10011010000000001011001
1758 10011010000100001011001
1759 10011100000000000111001
1760 10011100000100000111001
1761 10100000000000000000101
1762 10100000000100000000101
1763 10100000000200000000101
1764 10100000001010000000101
1765 10100000001110000000101
1766 10100000009901000000101
1767 10100000010001000000101
1768 10100000010101000000101
1769 10100000010911000000101
1770 10100000011011000000101
1771 10100000011111000000101
1772 10100000100000100000101
1773 10100000100100100000101
1774 10100000101010100000101
1775 10100000101110100000101
1776 10100000110001100000101
1777 10100000110101100000101
1778 10100001000000010000101
1779 10100001000100010000101
1780 10100001001010010000101
1781 10100001001110010000101
1782 10100001010001010000101
1783 10100001010101010000101
1784 10100001100000110000101
1785 10100001100100110000101
1786 10100010000000001000101
1787 10100010000100001000101
1788 10100010001010001000101
1789 10100010001110001000101
1790 10100010010001001000101
1791 10100010010101001000101
1792 10100010100000101000101
1793 10100010100100101000101
1794 10100011000000011000101
1795 10100011000100011000101
1796 10100100000000000100101
1797 10100100000100000100101
1798 10100100001010000100101
1799 10100100001110000100101
1800 10100100010001000100101
1801 10100100010101000100101
1802 10100100100000100100101
1803 10100100100100100100101
1804 10100101000000010100101
1805 10100101000100010100101
1806 10100110000000001100101
1807 10100110000100001100101
1808 10101000000000000010101
1809 10101000000100000010101
1810 10101000001010000010101
1811 10101000001110000010101
1812 10101000009901000010101
1813 10101000010001000010101
1814 10101000010101000010101
1815 10101000100000100010101
1816 10101000100100100010101
1817 10101001000000010010101
1818 10101001000100010010101
1819 10101010000000001010101
1820 10101010000100001010101
1821 10101100000000000110101
1822 10101100000100000110101
1823 10110000000000000001101
1824 10110000000100000001101
1825 10110000001010000001101
1826 10110000001110000001101
1827 10110000010001000001101
1828 10110000010101000001101
1829 10110000100000100001101
1830 10110000100100100001101
1831 10110001000000010001101
1832 10110001000100010001101
1833 10110010000000001001101
1834 10110010000100001001101
1835 10110100000000000101101
1836 10110100000100000101101
1837 10111000000000000011101
1838 10111000000100000011101
1839 11000000000000000000011
1840 11000000000100000000011
1841 11000000000200000000011
1842 11000000000910000000011
1843 11000000001010000000011
1844 11000000001110000000011
1845 11000000010001000000011
1846 11000000010101000000011
1847 11000000011011000000011
1848 11000000011111000000011
1849 11000000100000100000011
1850 11000000100100100000011
1851 11000000101010100000011
1852 11000000101110100000011
1853 11000000110001100000011
1854 11000000110101100000011
1855 11000001000000010000011
1856 11000001000100010000011
1857 11000001001010010000011
1858 11000001001110010000011
1859 11000001010001010000011
1860 11000001010101010000011
1861 11000001100000110000011
1862 11000001100100110000011
1863 11000010000000001000011
1864 11000010000100001000011
1865 11000010000910001000011
1866 11000010001010001000011
1867 11000010001110001000011
1868 11000010010001001000011
1869 11000010010101001000011
1870 11000010100000101000011
1871 11000010100100101000011
1872 11000011000000011000011
1873 11000011000100011000011
1874 11000100000000000100011
1875 11000100000100000100011
1876 11000100001010000100011
1877 11000100001110000100011
1878 11000100010001000100011
1879 11000100010101000100011
1880 11000100100000100100011
1881 11000100100100100100011
1882 11000101000000010100011
1883 11000101000100010100011
1884 11000110000000001100011
1885 11000110000100001100011
1886 11001000000000000010011
1887 11001000000100000010011
1888 11001000001010000010011
1889 11001000001110000010011
1890 11001000010001000010011
1891 11001000010101000010011
1892 11001000100000100010011
1893 11001000100100100010011
1894 11001001000000010010011
1895 11001001000100010010011
1896 11001010000000001010011
1897 11001010000100001010011
1898 11001100000000000110011
1899 11001100000100000110011
1900 11010000000000000001011
1901 11010000000100000001011
1902 11010000001010000001011
1903 11010000001110000001011
1904 11010000010001000001011
1905 11010000010101000001011
1906 11010000100000100001011
1907 11010000100100100001011
1908 11010001000000010001011
1909 11010001000100010001011
1910 11010010000000001001011
1911 11010010000100001001011
1912 11010100000000000101011
1913 11010100000100000101011
1914 11011000000000000011011
1915 11011000000100000011011
1916 11100000000000000000111
1917 11100000000100000000111
1918 11100000000910000000111
1919 11100000001010000000111
1920 11100000001110000000111
1921 11100000010001000000111
1922 11100000010101000000111
1923 11100000100000100000111
1924 11100000100100100000111
1925 11100001000000010000111
1926 11100001000100010000111
1927 11100010000000001000111
1928 11100010000100001000111
1929 11100100000000000100111
1930 11100100000100000100111
1931 11101000000000000010111
1932 11101000000100000010111
1933 11110000000000000001111
1934 11110000000100000001111
1935 12093315807217013334121
1936 20000000000000000000002
1937 20000000000100000000002
1938 20706193716777033766268
1939 25145697104636357696394
1940 25886574803023261617726
1941 100000000000000000000001
1942 100000000001100000000001
1943 100000000010010000000001
1944 100000000011110000000001
1945 100000000100001000000001
1946 100000000101101000000001
1947 100000000110011000000001
1948 100000000111111000000001
1949 100000001000000100000001
1950 100000001001100100000001
1951 100000001010010100000001
1952 100000001011110100000001
1953 100000001100001100000001
1954 100000001101101100000001
1955 100000001110011100000001
1956 100000010000000010000001
1957 100000010001100010000001
1958 100000010010010010000001
1959 100000010011110010000001
1960 100000010100001010000001
1961 100000010101101010000001
1962 100000010110011010000001
1963 100000011000000110000001
1964 100000011001100110000001
1965 100000011010010110000001
1966 100000011100001110000001
1967 100000100000000001000001
1968 100000100001100001000001
1969 100000100010010001000001
1970 100000100011110001000001
1971 100000100100001001000001
1972 100000100101101001000001
1973 100000100110011001000001
1974 100000101000000101000001
1975 100000101001100101000001
1976 100000101010010101000001
1977 100000101100001101000001
1978 100000110000000011000001
1979 100000110001100011000001
1980 100000110010010011000001
1981 100000110100001011000001
1982 100000111000000111000001
1983 100001000000000000100001
1984 100001000001100000100001
1985 100001000010010000100001
1986 100001000011110000100001
1987 100001000100001000100001
1988 100001000101101000100001
1989 100001000110011000100001
1990 100001001000000100100001
1991 100001001001100100100001
1992 100001001010010100100001
1993 100001001100001100100001
1994 100001010000000010100001
1995 100001010001100010100001
1996 100001010010010010100001
1997 100001010100001010100001
1998 100001011000000110100001
1999 100001100000000001100001
2000 100001100001100001100001
2001 100001100010010001100001
2002 100001100100001001100001
2003 100001101000000101100001
2004 100001110000000011100001
2005 100010000000000000010001
2006 100010000001100000010001
2007 100010000010010000010001
2008 100010000011110000010001
2009 100010000100001000010001
2010 100010000101101000010001
2011 100010000110011000010001
2012 100010001000000100010001
2013 100010001001100100010001
2014 100010001010010100010001
2015 100010001100001100010001
2016 100010010000000010010001
2017 100010010001100010010001
2018 100010010010010010010001
2019 100010010100001010010001
2020 100010011000000110010001
2021 100010100000000001010001
2022 100010100001100001010001
2023 100010100010010001010001
2024 100010100100001001010001
2025 100010101000000101010001
2026 100010110000000011010001
2027 100011000000000000110001
2028 100011000001100000110001
2029 100011000010010000110001
2030 100011000100001000110001
2031 100011001000000100110001
2032 100011010000000010110001
2033 100011100000000001110001
2034 100100000000000000001001
2035 100100000001100000001001
2036 100100000010010000001001
2037 100100000011110000001001
2038 100100000100001000001001
2039 100100000101101000001001
2040 100100000110011000001001
2041 100100001000000100001001
2042 100100001001100100001001
2043 100100001010010100001001
2044 100100001100001100001001
2045 100100010000000010001001
2046 100100010001100010001001
2047 100100010010010010001001
2048 100100010100001010001001
2049 100100011000000110001001
2050 100100100000000001001001
2051 100100100001100001001001
2052 100100100010010001001001
2053 100100100100001001001001
2054 100100101000000101001001
2055 100100110000000011001001
2056 100101000000000000101001
2057 100101000001100000101001
2058 100101000010010000101001
2059 100101000100001000101001
2060 100101001000000100101001
2061 100101010000000010101001
2062 100101100000000001101001
2063 100110000000000000011001
2064 100110000001100000011001
2065 100110000010010000011001
2066 100110000100001000011001
2067 100110001000000100011001
2068 100110010000000010011001
2069 100110100000000001011001
2070 100111000000000000111001
2071 101000000000000000000101
2072 101000000001100000000101
2073 101000000010010000000101
2074 101000000011110000000101
2075 101000000100001000000101
2076 101000000101101000000101
2077 101000000110011000000101
2078 101000001000000100000101
2079 101000001001100100000101
2080 101000001010010100000101
2081 101000001100001100000101
2082 101000010000000010000101
2083 101000010001100010000101
2084 101000010010010010000101
2085 101000010100001010000101
2086 101000011000000110000101
2087 101000100000000001000101
2088 101000100001100001000101
2089 101000100010010001000101
2090 101000100100001001000101
2091 101000101000000101000101
2092 101000110000000011000101
2093 101001000000000000100101
2094 101001000001100000100101
2095 101001000010010000100101
2096 101001000100001000100101
2097 101001001000000100100101
2098 101001010000000010100101
2099 101001100000000001100101
2100 101010000000000000010101
2101 101010000001100000010101
2102 101010000010010000010101
2103 101010000100001000010101
2104 101010001000000100010101
2105 101010010000000010010101
2106 101010100000000001010101
2107 101011000000000000110101
2108 101100000000000000001101
2109 101100000001100000001101
2110 101100000010010000001101
2111 101100000100001000001101
2112 101100001000000100001101
2113 101100010000000010001101
2114 101100100000000001001101
2115 101101000000000000101101
2116 101110000000000000011101
2117 110000000000000000000011
2118 110000000001100000000011
2119 110000000010010000000011
2120 110000000011110000000011
2121 110000000100001000000011
2122 110000000101101000000011
2123 110000000110011000000011
2124 110000001000000100000011
2125 110000001001100100000011
2126 110000001010010100000011
2127 110000001100001100000011
2128 110000010000000010000011
2129 110000010001100010000011
2130 110000010010010010000011
2131 110000010100001010000011
2132 110000011000000110000011
2133 110000100000000001000011
2134 110000100001100001000011
2135 110000100010010001000011
2136 110000100100001001000011
2137 110000101000000101000011
2138 110000110000000011000011
2139 110001000000000000100011
2140 110001000001100000100011
2141 110001000010010000100011
2142 110001000100001000100011
2143 110001001000000100100011
2144 110001010000000010100011
2145 110001100000000001100011
2146 110010000000000000010011
2147 110010000001100000010011
2148 110010000010010000010011
2149 110010000100001000010011
2150 110010001000000100010011
2151 110010010000000010010011
2152 110010100000000001010011
2153 110011000000000000110011
2154 110100000000000000001011
2155 110100000001100000001011
2156 110100000010010000001011
2157 110100000100001000001011
2158 110100001000000100001011
2159 110100010000000010001011
2160 110100100000000001001011
2161 110101000000000000101011
2162 110110000000000000011011
2163 111000000000000000000111
2164 111000000001100000000111
2165 111000000010010000000111
2166 111000000100001000000111
2167 111000001000000100000111
2168 111000010000000010000111
2169 111000100000000001000111
2170 111001000000000000100111
2171 111010000000000000010111
2172 111100000000000000001111
2173 136569391518194940977041
2174 200000000000000000000002
2175 722956456358957313434535
2176 831775153121251039203514
2177 1000000000000000000000001
2178 1000000000001000000000001
2179 1000000000002000000000001
2180 1000000000010100000000001
2181 1000000000011100000000001
2182 1000000000012100000000001
2183 1000000000100010000000001
2184 1000000000101010000000001
2185 1000000000102010000000001
2186 1000000000110110000000001
2187 1000000000111110000000001
2188 1000000001000001000000001
2189 1000000001001001000000001
2190 1000000001002001000000001
2191 1000000001010101000000001
2192 1000000001011101000000001
2193 1000000001100011000000001
2194 1000000001101011000000001
2195 1000000001110111000000001
2196 1000000001111111000000001
2197 1000000010000000100000001
2198 1000000010001000100000001
2199 1000000010002000100000001
2200 1000000010010100100000001
2201 1000000010011100100000001
2202 1000000010100010100000001
2203 1000000010101010100000001
2204 1000000010110110100000001
2205 1000000010111110100000001
2206 1000000011000001100000001
2207 1000000011001001100000001
2208 1000000011010101100000001
2209 1000000011011101100000001
2210 1000000011100011100000001
2211 1000000011101011100000001
2212 1000000100000000010000001
2213 1000000100001000010000001
2214 1000000100002000010000001
2215 1000000100010100010000001
2216 1000000100011100010000001
2217 1000000100100010010000001
2218 1000000100101010010000001
2219 1000000100110110010000001
2220 1000000100111110010000001
2221 1000000101000001010000001
2222 1000000101001001010000001
2223 1000000101010101010000001
2224 1000000101011101010000001
2225 1000000101100011010000001
2226 1000000101101011010000001
2227 1000000110000000110000001
2228 1000000110001000110000001
2229 1000000110010100110000001
2230 1000000110011100110000001
2231 1000000110100010110000001
2232 1000000110101010110000001
2233 1000000111000001110000001
2234 1000000111001001110000001
2235 1000001000000000001000001
2236 1000001000001000001000001
2237 1000001000002000001000001
2238 1000001000010100001000001
2239 1000001000011100001000001
2240 1000001000100010001000001
2241 1000001000101010001000001
2242 1000001000110110001000001
2243 1000001000111110001000001
2244 1000001001000001001000001
2245 1000001001001001001000001
2246 1000001001010101001000001
2247 1000001001011101001000001
2248 1000001001100011001000001
2249 1000001001101011001000001
2250 1000001010000000101000001
2251 1000001010001000101000001
2252 1000001010010100101000001
2253 1000001010011100101000001
2254 1000001010100010101000001
2255 1000001010101010101000001
2256 1000001011000001101000001
2257 1000001011001001101000001
2258 1000001100000000011000001
2259 1000001100001000011000001
2260 1000001100010100011000001
2261 1000001100011100011000001
2262 1000001100100010011000001
2263 1000001100101010011000001
2264 1000001101000001011000001
2265 1000001101001001011000001
2266 1000001110000000111000001
2267 1000001110001000111000001
2268 1000010000000000000100001
2269 1000010000001000000100001
2270 1000010000002000000100001
2271 1000010000010100000100001
2272 1000010000011100000100001
2273 1000010000100010000100001
2274 1000010000101010000100001
2275 1000010000110110000100001
2276 1000010000111110000100001
2277 1000010001000001000100001
2278 1000010001001001000100001
2279 1000010001010101000100001
2280 1000010001011101000100001
2281 1000010001100011000100001
2282 1000010001101011000100001
2283 1000010010000000100100001
2284 1000010010001000100100001
2285 1000010010010100100100001
2286 1000010010011100100100001
2287 1000010010100010100100001
2288 1000010010101010100100001
2289 1000010011000001100100001
2290 1000010011001001100100001
2291 1000010099999000010100001
2292 1000010100000000010100001
2293 1000010100001000010100001
2294 1000010100010100010100001
2295 1000010100011100010100001
2296 1000010100099010010100001
2297 1000010100100010010100001
2298 1000010100101010010100001
2299 1000010101000001010100001
2300 1000010101001001010100001
2301 1000010110000000110100001
2302 1000010110001000110100001
2303 1000011000000000001100001
2304 1000011000001000001100001
2305 1000011000010100001100001
2306 1000011000011100001100001
2307 1000011000100010001100001
2308 1000011000101010001100001
2309 1000011001000001001100001
2310 1000011001001001001100001
2311 1000011010000000101100001
2312 1000011010001000101100001
2313 1000011099999000011100001
2314 1000011100000000011100001
2315 1000011100001000011100001
2316 1000100000000000000010001
2317 1000100000001000000010001
2318 1000100000002000000010001
2319 1000100000010100000010001
2320 1000100000011100000010001
2321 1000100000100010000010001
2322 1000100000101010000010001
2323 1000100000110110000010001
2324 1000100000111110000010001
2325 1000100001000001000010001
2326 1000100001001001000010001
2327 1000100001010101000010001
2328 1000100001011101000010001
2329 1000100001100011000010001
2330 1000100001101011000010001
2331 1000100009999000100010001
2332 1000100010000000100010001
2333 1000100010001000100010001
2334 1000100010010100100010001
2335 1000100010011100100010001
2336 1000100010099010100010001
2337 1000100010100010100010001
2338 1000100010101010100010001
2339 1000100011000001100010001
2340 1000100011001001100010001
2341 1000100100000000010010001
2342 1000100100001000010010001
2343 1000100100010100010010001
2344 1000100100011100010010001
2345 1000100100100010010010001
2346 1000100100101010010010001
2347 1000100101000001010010001
2348 1000100101001001010010001
2349 1000100110000000110010001
2350 1000100110001000110010001
2351 1000101000000000001010001
2352 1000101000001000001010001
2353 1000101000010100001010001
2354 1000101000011100001010001
2355 1000101000100010001010001
2356 1000101000101010001010001
2357 1000101001000001001010001
2358 1000101001001001001010001
2359 1000101009999000101010001
2360 1000101010000000101010001
2361 1000101010001000101010001
2362 1000101100000000011010001
2363 1000101100001000011010001
2364 1000110000000000000110001
2365 1000110000001000000110001
2366 1000110000010100000110001
2367 1000110000011100000110001
2368 1000110000100010000110001
2369 1000110000101010000110001
2370 1000110001000001000110001
2371 1000110001001001000110001
2372 1000110010000000100110001
2373 1000110010001000100110001
2374 1000110100000000010110001
2375 1000110100001000010110001
2376 1000111000000000001110001
2377 1000111000001000001110001
2378 1001000000000000000001001
2379 1001000000001000000001001
2380 1001000000002000000001001
2381 1001000000010100000001001
2382 1001000000011100000001001
2383 1001000000100010000001001
2384 1001000000101010000001001
2385 1001000000110110000001001
2386 1001000000111110000001001
2387 1001000000999001000001001
2388 1001000001000001000001001
2389 1001000001001001000001001
2390 1001000001010101000001001
2391 1001000001011101000001001
2392 1001000001100011000001001
2393 1001000001101011000001001
2394 1001000010000000100001001
2395 1001000010001000100001001
2396 1001000010010100100001001
2397 1001000010011100100001001
2398 1001000010100010100001001
2399 1001000010101010100001001
2400 1001000011000001100001001
2401 1001000011001001100001001
2402 1001000100000000010001001
2403 1001000100001000010001001
2404 1001000100010100010001001
2405 1001000100011100010001001
2406 1001000100100010010001001
2407 1001000100101010010001001
2408 1001000101000001010001001
2409 1001000101001001010001001
2410 1001000110000000110001001
2411 1001000110001000110001001
2412 1001001000000000001001001
2413 1001001000001000001001001
2414 1001001000010100001001001
2415 1001001000011100001001001
2416 1001001000100010001001001
2417 1001001000101010001001001
2418 1001001000999001001001001
2419 1001001001000001001001001
2420 1001001001001001001001001
2421 1001001010000000101001001
2422 1001001010001000101001001
2423 1001001100000000011001001
2424 1001001100001000011001001
2425 1001010000000000000101001
2426 1001010000001000000101001
2427 1001010000010100000101001
2428 1001010000011100000101001
2429 1001010000100010000101001
2430 1001010000101010000101001
2431 1001010001000001000101001
2432 1001010001001001000101001
2433 1001010010000000100101001
2434 1001010010001000100101001
2435 1001010100000000010101001
2436 1001010100001000010101001
2437 1001011000000000001101001
2438 1001011000001000001101001
2439 1001100000000000000011001
2440 1001100000001000000011001
2441 1001100000010100000011001
2442 1001100000011100000011001
2443 1001100000100010000011001
2444 1001100000101010000011001
2445 1001100001000001000011001
2446 1001100001001001000011001
2447 1001100010000000100011001
2448 1001100010001000100011001
2449 1001100100000000010011001
2450 1001100100001000010011001
2451 1001101000000000001011001
2452 1001101000001000001011001
2453 1001110000000000000111001
2454 1001110000001000000111001
2455 1010000000000000000000101
2456 1010000000001000000000101
2457 1010000000002000000000101
2458 1010000000010100000000101
2459 1010000000011100000000101
2460 1010000000099010000000101
2461 1010000000100010000000101
2462 1010000000101010000000101
2463 1010000000109110000000101
2464 1010000000110110000000101
2465 1010000000111110000000101
2466 1010000001000001000000101
2467 1010000001001001000000101
2468 1010000001010101000000101
2469 1010000001011101000000101
2470 1010000001100011000000101
2471 1010000001101011000000101
2472 1010000010000000100000101
2473 1010000010001000100000101
2474 1010000010010100100000101
2475 1010000010011100100000101
2476 1010000010100010100000101
2477 1010000010101010100000101
2478 1010000011000001100000101
2479 1010000011001001100000101
2480 1010000100000000010000101
2481 1010000100001000010000101
2482 1010000100010100010000101
2483 1010000100011100010000101
2484 1010000100099010010000101
2485 1010000100100010010000101
2486 1010000100101010010000101
2487 1010000101000001010000101
2488 1010000101001001010000101
2489 1010000110000000110000101
2490 1010000110001000110000101
2491 1010001000000000001000101
2492 1010001000001000001000101
2493 1010001000010100001000101
2494 1010001000011100001000101
2495 1010001000099010001000101
2496 1010001000100010001000101
2497 1010001000101010001000101
2498 1010001001000001001000101
2499 1010001001001001001000101
2500 1010001010000000101000101
2501 1010001010001000101000101
2502 1010001100000000011000101
2503 1010001100001000011000101
2504 1010010000000000000100101
2505 1010010000001000000100101
2506 1010010000010100000100101
2507 1010010000011100000100101
2508 1010010000100010000100101
2509 1010010000101010000100101
2510 1010010001000001000100101
2511 1010010001001001000100101
2512 1010010010000000100100101
2513 1010010010001000100100101
2514 1010010100000000010100101
2515 1010010100001000010100101
2516 1010011000000000001100101
2517 1010011000001000001100101
2518 1010100000000000000010101
2519 1010100000001000000010101
2520 1010100000010100000010101
2521 1010100000011100000010101
2522 1010100000099010000010101
2523 1010100000100010000010101
2524 1010100000101010000010101
2525 1010100001000001000010101
2526 1010100001001001000010101
2527 1010100010000000100010101
2528 1010100010001000100010101
2529 1010100100000000010010101
2530 1010100100001000010010101
2531 1010101000000000001010101
2532 1010101000001000001010101
2533 1010110000000000000110101
2534 1010110000001000000110101
2535 1011000000000000000001101
2536 1011000000001000000001101
2537 1011000000010100000001101
2538 1011000000011100000001101
2539 1011000000100010000001101
2540 1011000000101010000001101
2541 1011000001000001000001101
2542 1011000001001001000001101
2543 1011000010000000100001101
2544 1011000010001000100001101
2545 1011000100000000010001101
2546 1011000100001000010001101
2547 1011001000000000001001101
2548 1011001000001000001001101
2549 1011010000000000000101101
2550 1011010000001000000101101
2551 1011100000000000000011101
2552 1011100000001000000011101
2553 1100000000000000000000011
2554 1100000000001000000000011
2555 1100000000002000000000011
2556 1100000000009100000000011
2557 1100000000010100000000011
2558 1100000000011100000000011
2559 1100000000100010000000011
2560 1100000000101010000000011
2561 1100000000110110000000011
2562 1100000000111110000000011
2563 1100000001000001000000011
2564 1100000001001001000000011
2565 1100000001010101000000011
2566 1100000001011101000000011
2567 1100000001100011000000011
2568 1100000001101011000000011
2569 1100000010000000100000011
2570 1100000010001000100000011
2571 1100000010010100100000011
2572 1100000010011100100000011
2573 1100000010100010100000011
2574 1100000010101010100000011
2575 1100000011000001100000011
2576 1100000011001001100000011
2577 1100000100000000010000011
2578 1100000100001000010000011
2579 1100000100010100010000011
2580 1100000100011100010000011
2581 1100000100100010010000011
2582 1100000100101010010000011
2583 1100000101000001010000011
2584 1100000101001001010000011
2585 1100000110000000110000011
2586 1100000110001000110000011
2587 1100001000000000001000011
2588 1100001000001000001000011
2589 1100001000009100001000011
2590 1100001000010100001000011
2591 1100001000011100001000011
2592 1100001000100010001000011
2593 1100001000101010001000011
2594 1100001001000001001000011
2595 1100001001001001001000011
2596 1100001010000000101000011
2597 1100001010001000101000011
2598 1100001100000000011000011
2599 1100001100001000011000011
2600 1100010000000000000100011
2601 1100010000001000000100011
2602 1100010000010100000100011
2603 1100010000011100000100011
2604 1100010000100010000100011
2605 1100010000101010000100011
2606 1100010001000001000100011
2607 1100010001001001000100011
2608 1100010010000000100100011
2609 1100010010001000100100011
2610 1100010100000000010100011
2611 1100010100001000010100011
2612 1100011000000000001100011
2613 1100011000001000001100011
2614 1100100000000000000010011
2615 1100100000001000000010011
2616 1100100000010100000010011
2617 1100100000011100000010011
2618 1100100000100010000010011
2619 1100100000101010000010011
2620 1100100001000001000010011
2621 1100100001001001000010011
2622 1100100010000000100010011
2623 1100100010001000100010011
2624 1100100100000000010010011
2625 1100100100001000010010011
2626 1100101000000000001010011
2627 1100101000001000001010011
2628 1100110000000000000110011
2629 1100110000001000000110011
2630 1101000000000000000001011
2631 1101000000001000000001011
2632 1101000000010100000001011
2633 1101000000011100000001011
2634 1101000000100010000001011
2635 1101000000101010000001011
2636 1101000001000001000001011
2637 1101000001001001000001011
2638 1101000010000000100001011
2639 1101000010001000100001011
2640 1101000100000000010001011
2641 1101000100001000010001011
2642 1101001000000000001001011
2643 1101001000001000001001011
2644 1101010000000000000101011
2645 1101010000001000000101011
2646 1101100000000000000011011
2647 1101100000001000000011011
2648 1110000000000000000000111
2649 1110000000001000000000111
2650 1110000000009100000000111
2651 1110000000010100000000111
2652 1110000000011100000000111
2653 1110000000100010000000111
2654 1110000000101010000000111
2655 1110000001000001000000111
2656 1110000001001001000000111
2657 1110000010000000100000111
2658 1110000010001000100000111
2659 1110000100000000010000111
2660 1110000100001000010000111
2661 1110001000000000001000111
2662 1110001000001000001000111
2663 1110010000000000000100111
2664 1110010000001000000100111
2665 1110100000000000000010111
2666 1110100000001000000010111
2667 1111000000000000000001111
2668 1111000000001000000001111
2669 2000000000000000000000002
2670 2000000000001000000000002
2671 2107561207005423534632462
2672 2198834453254769178871872
2673 4275548277509699161443659
2674 10000000000000000000000001
2675 10000000000011000000000001
2676 10000000000100100000000001
2677 10000000000111100000000001
2678 10000000001000010000000001
2679 10000000001011010000000001
2680 10000000001100110000000001
2681 10000000001111110000000001
2682 10000000010000001000000001
2683 10000000010011001000000001
2684 10000000010100101000000001
2685 10000000010111101000000001
2686 10000000011000011000000001
2687 10000000011011011000000001
2688 10000000011100111000000001
2689 10000000100000000100000001
2690 10000000100011000100000001
2691 10000000100100100100000001
2692 10000000100111100100000001
2693 10000000101000010100000001
2694 10000000101011010100000001
2695 10000000101100110100000001
2696 10000000110000001100000001
2697 10000000110011001100000001
2698 10000000110100101100000001
2699 10000000111000011100000001
2700 10000001000000000010000001
2701 10000001000011000010000001
2702 10000001000100100010000001
2703 10000001000111100010000001
2704 10000001001000010010000001
2705 10000001001011010010000001
2706 10000001001100110010000001
2707 10000001010000001010000001
2708 10000001010011001010000001
2709 10000001010100101010000001
2710 10000001011000011010000001
2711 10000001100000000110000001
2712 10000001100011000110000001
2713 10000001100100100110000001
2714 10000001101000010110000001
2715 10000001110000001110000001
2716 10000010000000000001000001
2717 10000010000011000001000001
2718 10000010000100100001000001
2719 10000010000111100001000001
2720 10000010001000010001000001
2721 10000010001011010001000001
2722 10000010001100110001000001
2723 10000010010000001001000001
2724 10000010010011001001000001
2725 10000010010100101001000001
2726 10000010011000011001000001
2727 10000010100000000101000001
2728 10000010100011000101000001
2729 10000010100100100101000001
2730 10000010101000010101000001
2731 10000010110000001101000001
2732 10000011000000000011000001
2733 10000011000011000011000001
2734 10000011000100100011000001
2735 10000011001000010011000001
2736 10000011010000001011000001
2737 10000011100000000111000001
2738 10000100000000000000100001
2739 10000100000011000000100001
2740 10000100000100100000100001
2741 10000100000111100000100001
2742 10000100001000010000100001
2743 10000100001011010000100001
2744 10000100001100110000100001
2745 10000100010000001000100001
2746 10000100010011001000100001
2747 10000100010100101000100001
2748 10000100011000011000100001
2749 10000100100000000100100001
2750 10000100100011000100100001
2751 10000100100100100100100001
2752 10000100101000010100100001
2753 10000100110000001100100001
2754 10000101000000000010100001
2755 10000101000011000010100001
2756 10000101000100100010100001
2757 10000101001000010010100001
2758 10000101010000001010100001
2759 10000101100000000110100001
2760 10000110000000000001100001
2761 10000110000011000001100001
2762 10000110000100100001100001
2763 10000110001000010001100001
2764 10000110010000001001100001
2765 10000110100000000101100001
2766 10000111000000000011100001
2767 10001000000000000000010001
2768 10001000000011000000010001
2769 10001000000100100000010001
2770 10001000000111100000010001
2771 10001000001000010000010001
2772 10001000001011010000010001
2773 10001000001100110000010001
2774 10001000010000001000010001
2775 10001000010011001000010001
2776 10001000010100101000010001
2777 10001000011000011000010001
2778 10001000100000000100010001
2779 10001000100011000100010001
2780 10001000100100100100010001
2781 10001000101000010100010001
2782 10001000110000001100010001
2783 10001001000000000010010001
2784 10001001000011000010010001
2785 10001001000100100010010001
2786 10001001001000010010010001
2787 10001001010000001010010001
2788 10001001100000000110010001
2789 10001010000000000001010001
2790 10001010000011000001010001
2791 10001010000100100001010001
2792 10001010001000010001010001
2793 10001010010000001001010001
2794 10001010100000000101010001
2795 10001011000000000011010001
2796 10001100000000000000110001
2797 10001100000011000000110001
2798 10001100000100100000110001
2799 10001100001000010000110001
2800 10001100010000001000110001
2801 10001100100000000100110001
2802 10001101000000000010110001
2803 10001110000000000001110001
2804 10010000000000000000001001
2805 10010000000011000000001001
2806 10010000000100100000001001
2807 10010000000111100000001001
2808 10010000001000010000001001
2809 10010000001011010000001001
2810 10010000001100110000001001
2811 10010000010000001000001001
2812 10010000010011001000001001
2813 10010000010100101000001001
2814 10010000011000011000001001
2815 10010000100000000100001001
2816 10010000100011000100001001
2817 10010000100100100100001001
2818 10010000101000010100001001
2819 10010000110000001100001001
2820 10010001000000000010001001
2821 10010001000011000010001001
2822 10010001000100100010001001
2823 10010001001000010010001001
2824 10010001010000001010001001
2825 10010001100000000110001001
2826 10010010000000000001001001
2827 10010010000011000001001001
2828 10010010000100100001001001
2829 10010010001000010001001001
2830 10010010010000001001001001
2831 10010010100000000101001001
2832 10010011000000000011001001
2833 10010100000000000000101001
2834 10010100000011000000101001
2835 10010100000100100000101001
2836 10010100001000010000101001
2837 10010100010000001000101001
2838 10010100100000000100101001
2839 10010101000000000010101001
2840 10010110000000000001101001
2841 10011000000000000000011001
2842 10011000000011000000011001
2843 10011000000100100000011001
2844 10011000001000010000011001
2845 10011000010000001000011001
2846 10011000100000000100011001
2847 10011001000000000010011001
2848 10011010000000000001011001
2849 10011100000000000000111001
2850 10100000000000000000000101
2851 10100000000011000000000101
2852 10100000000100100000000101
2853 10100000000111100000000101
2854 10100000001000010000000101
2855 10100000001011010000000101
2856 10100000001100110000000101
2857 10100000010000001000000101
2858 10100000010011001000000101
2859 10100000010100101000000101
2860 10100000011000011000000101
2861 10100000100000000100000101
2862 10100000100011000100000101
2863 10100000100100100100000101
2864 10100000101000010100000101
2865 10100000110000001100000101
2866 10100001000000000010000101
2867 10100001000011000010000101
2868 10100001000100100010000101
2869 10100001001000010010000101
2870 10100001010000001010000101
2871 10100001100000000110000101
2872 10100010000000000001000101
2873 10100010000011000001000101
2874 10100010000100100001000101
2875 10100010001000010001000101
2876 10100010010000001001000101
2877 10100010100000000101000101
2878 10100011000000000011000101
2879 10100100000000000000100101
2880 10100100000011000000100101
2881 10100100000100100000100101
2882 10100100001000010000100101
2883 10100100010000001000100101
2884 10100100100000000100100101
2885 10100101000000000010100101
2886 10100110000000000001100101
2887 10101000000000000000010101
2888 10101000000011000000010101
2889 10101000000100100000010101
2890 10101000001000010000010101
2891 10101000010000001000010101
2892 10101000100000000100010101
2893 10101001000000000010010101
2894 10101010000000000001010101
2895 10101100000000000000110101
2896 10110000000000000000001101
2897 10110000000011000000001101
2898 10110000000100100000001101
2899 10110000001000010000001101
2900 10110000010000001000001101
2901 10110000100000000100001101
2902 10110001000000000010001101
2903 10110010000000000001001101
2904 10110100000000000000101101
2905 10111000000000000000011101
2906 11000000000000000000000011
2907 11000000000011000000000011
2908 11000000000100100000000011
2909 11000000000111100000000011
2910 11000000001000010000000011
2911 11000000001011010000000011
2912 11000000001100110000000011
2913 11000000010000001000000011
2914 11000000010011001000000011
2915 11000000010100101000000011
2916 11000000011000011000000011
2917 11000000100000000100000011
2918 11000000100011000100000011
2919 11000000100100100100000011
2920 11000000101000010100000011
2921 11000000110000001100000011
2922 11000001000000000010000011
2923 11000001000011000010000011
2924 11000001000100100010000011
2925 11000001001000010010000011
2926 11000001010000001010000011
2927 11000001100000000110000011
2928 11000010000000000001000011
2929 11000010000011000001000011
2930 11000010000100100001000011
2931 11000010001000010001000011
2932 11000010010000001001000011
2933 11000010100000000101000011
2934 11000011000000000011000011
2935 11000100000000000000100011
2936 11000100000011000000100011
2937 11000100000100100000100011
2938 11000100001000010000100011
2939 11000100010000001000100011
2940 11000100100000000100100011
2941 11000101000000000010100011
2942 11000110000000000001100011
2943 11001000000000000000010011
2944 11001000000011000000010011
2945 11001000000100100000010011
2946 11001000001000010000010011
2947 11001000010000001000010011
2948 11001000100000000100010011
2949 11001001000000000010010011
2950 11001010000000000001010011
2951 11001100000000000000110011
2952 11010000000000000000001011
2953 11010000000011000000001011
2954 11010000000100100000001011
2955 11010000001000010000001011
2956 11010000010000001000001011
2957 11010000100000000100001011
2958 11010001000000000010001011
2959 11010010000000000001001011
2960 11010100000000000000101011
2961 11011000000000000000011011
2962 11100000000000000000000111
2963 11100000000011000000000111
2964 11100000000100100000000111
2965 11100000001000010000000111
2966 11100000010000001000000111
2967 11100000100000000100000111
2968 11100001000000000010000111
2969 11100010000000000001000111
2970 11100100000000000000100111
2971 11101000000000000000010111
2972 11110000000000000000001111
2973 20000000000000000000000002
2974 22859776159292529974209485
2975 64897400105515621177314682
2976 100000000000000000000000001
2977 100000000000010000000000001
2978 100000000000020000000000001
2979 100000000000101000000000001
2980 100000000000111000000000001
2981 100000000000121000000000001
2982 100000000001000100000000001
2983 100000000001010100000000001
2984 100000000001020100000000001
2985 100000000001101100000000001
2986 100000000001111100000000001
2987 100000000010000010000000001
2988 100000000010010010000000001
2989 100000000010020010000000001
2990 100000000010101010000000001
2991 100000000010111010000000001
2992 100000000011000110000000001
2993 100000000011010110000000001
2994 100000000011101110000000001
2995 100000000011111110000000001
2996 100000000100000001000000001
2997 100000000100010001000000001
2998 100000000100020001000000001
2999 100000000100101001000000001
3000 100000000100111001000000001
3001 100000000101000101000000001
3002 100000000101010101000000001
3003 100000000101101101000000001
3004 100000000101111101000000001
3005 100000000110000011000000001
3006 100000000110010011000000001
3007 100000000110101011000000001
3008 100000000110111011000000001
3009 100000000111000111000000001
3010 100000000111010111000000001
3011 100000001000000000100000001
3012 100000001000010000100000001
3013 100000001000020000100000001
3014 100000001000101000100000001
3015 100000001000111000100000001
3016 100000001001000100100000001
3017 100000001001010100100000001
3018 100000001001101100100000001
3019 100000001001111100100000001
3020 100000001010000010100000001
3021 100000001010010010100000001
3022 100000001010101010100000001
3023 100000001010111010100000001
3024 100000001011000110100000001
3025 100000001011010110100000001
3026 100000001100000001100000001
3027 100000001100010001100000001
3028 100000001100101001100000001
3029 100000001100111001100000001
3030 100000001101000101100000001
3031 100000001101010101100000001
3032 100000001110000011100000001
3033 100000001110010011100000001
3034 100000010000000000010000001
3035 100000010000010000010000001
3036 100000010000020000010000001
3037 100000010000101000010000001
3038 100000010000111000010000001
3039 100000010001000100010000001
3040 100000010001010100010000001
3041 100000010001101100010000001
3042 100000010001111100010000001
3043 100000010010000010010000001
3044 100000010010010010010000001
3045 100000010010101010010000001
3046 100000010010111010010000001
3047 100000010011000110010000001
3048 100000010011010110010000001
3049 100000010100000001010000001
3050 100000010100010001010000001
3051 100000010100101001010000001
3052 100000010100111001010000001
3053 100000010101000101010000001
3054 100000010101010101010000001
3055 100000010110000011010000001
3056 100000010110010011010000001
3057 100000011000000000110000001
3058 100000011000010000110000001
3059 100000011000101000110000001
3060 100000011000111000110000001
3061 100000011001000100110000001
3062 100000011001010100110000001
3063 100000011010000010110000001
3064 100000011010010010110000001
3065 100000011100000001110000001
3066 100000011100010001110000001
3067 100000100000000000001000001
3068 100000100000010000001000001
3069 100000100000020000001000001
3070 100000100000101000001000001
3071 100000100000111000001000001
3072 100000100001000100001000001
3073 100000100001010100001000001
3074 100000100001101100001000001
3075 100000100001111100001000001
3076 100000100010000010001000001
3077 100000100010010010001000001
3078 100000100010101010001000001
3079 100000100010111010001000001
3080 100000100011000110001000001
3081 100000100011010110001000001
3082 100000100100000001001000001
3083 100000100100010001001000001
3084 100000100100101001001000001
3085 100000100100111001001000001
3086 100000100101000101001000001
3087 100000100101010101001000001
3088 100000100110000011001000001
3089 100000100110010011001000001
3090 100000101000000000101000001
3091 100000101000010000101000001
3092 100000101000101000101000001
3093 100000101000111000101000001
3094 100000101001000100101000001
3095 100000101001010100101000001
3096 100000101010000010101000001
3097 100000101010010010101000001
3098 100000101100000001101000001
3099 100000101100010001101000001
3100 100000109999990000011000001
3101 100000110000000000011000001
3102 100000110000010000011000001
3103 100000110000091000011000001
3104 100000110000101000011000001
3105 100000110000111000011000001
3106 100000110001000100011000001
3107 100000110001010100011000001
3108 100000110009990010011000001
3109 100000110010000010011000001
3110 100000110010010010011000001
3111 100000110100000001011000001
3112 100000110100010001011000001
3113 100000111000000000111000001
3114 100000111000010000111000001
3115 100001000000000000000100001
3116 100001000000010000000100001
3117 100001000000020000000100001
3118 100001000000101000000100001
3119 100001000000111000000100001
3120 100001000001000100000100001
3121 100001000001010100000100001
3122 100001000001101100000100001
3123 100001000001111100000100001
3124 100001000010000010000100001
3125 100001000010010010000100001
3126 100001000010101010000100001
3127 100001000010111010000100001
3128 100001000011000110000100001
3129 100001000011010110000100001
3130 100001000100000001000100001
3131 100001000100010001000100001
3132 100001000100101001000100001
3133 100001000100111001000100001
3134 100001000101000101000100001
3135 100001000101010101000100001
3136 100001000110000011000100001
3137 100001000110010011000100001
3138 100001000999990000100100001
3139 100001001000000000100100001
3140 100001001000010000100100001
3141 100001001000101000100100001
3142 100001001000111000100100001
3143 100001001001000100100100001
3144 100001001001010100100100001
3145 100001001009990010100100001
3146 100001001010000010100100001
3147 100001001010010010100100001
3148 100001001099990001100100001
3149 100001001100000001100100001
3150 100001001100010001100100001
3151 100001010000000000010100001
3152 100001010000010000010100001
3153 100001010000101000010100001
3154 100001010000111000010100001
3155 100001010001000100010100001
3156 100001010001010100010100001
3157 100001010010000010010100001
3158 100001010010010010010100001
3159 100001010100000001010100001
3160 100001010100010001010100001
3161 100001011000000000110100001
3162 100001011000010000110100001
3163 100001100000000000001100001
3164 100001100000010000001100001
3165 100001100000101000001100001
3166 100001100000111000001100001
3167 100001100001000100001100001
3168 100001100001010100001100001
3169 100001100010000010001100001
3170 100001100010010010001100001
3171 100001100100000001001100001
3172 100001100100010001001100001
3173 100001101000000000101100001
3174 100001101000010000101100001
3175 100001110000000000011100001
3176 100001110000010000011100001
3177 100010000000000000000010001
3178 100010000000010000000010001
3179 100010000000020000000010001
3180 100010000000101000000010001
3181 100010000000111000000010001
3182 100010000001000100000010001
3183 100010000001010100000010001
3184 100010000001101100000010001
3185 100010000001111100000010001
3186 100010000010000010000010001
3187 100010000010010010000010001
3188 100010000010101010000010001
3189 100010000010111010000010001
3190 100010000011000110000010001
3191 100010000011010110000010001
3192 100010000099990001000010001
3193 100010000100000001000010001
3194 100010000100010001000010001
3195 100010000100101001000010001
3196 100010000100111001000010001
3197 100010000100990101000010001
3198 100010000101000101000010001
3199 100010000101010101000010001
3200 100010000110000011000010001
3201 100010000110010011000010001
3202 100010001000000000100010001
3203 100010001000010000100010001
3204 100010001000101000100010001
3205 100010001000111000100010001
3206 100010001001000100100010001
3207 100010001001010100100010001
3208 100010001010000010100010001
3209 100010001010010010100010001
3210 100010001099990001100010001
3211 100010001100000001100010001
3212 100010001100010001100010001
3213 100010010000000000010010001
3214 100010010000010000010010001
3215 100010010000101000010010001
3216 100010010000111000010010001
3217 100010010001000100010010001
3218 100010010001010100010010001
3219 100010010010000010010010001
3220 100010010010010010010010001
3221 100010010100000001010010001
3222 100010010100010001010010001
3223 100010011000000000110010001
3224 100010011000010000110010001
3225 100010100000000000001010001
3226 100010100000010000001010001
3227 100010100000101000001010001
3228 100010100000111000001010001
3229 100010100001000100001010001
3230 100010100001010100001010001
3231 100010100010000010001010001
3232 100010100010010010001010001
3233 100010100100000001001010001
3234 100010100100010001001010001
3235 100010101000000000101010001
3236 100010101000010000101010001
3237 100010110000000000011010001
3238 100010110000010000011010001
3239 100011000000000000000110001
3240 100011000000010000000110001
3241 100011000000101000000110001
3242 100011000000111000000110001
3243 100011000001000100000110001
3244 100011000001010100000110001
3245 100011000010000010000110001
3246 100011000010010010000110001
3247 100011000100000001000110001
3248 100011000100010001000110001
3249 100011001000000000100110001
3250 100011001000010000100110001
3251 100011010000000000010110001
3252 100011010000010000010110001
3253 100011100000000000001110001
3254 100011100000010000001110001
3255 100100000000000000000001001
3256 100100000000010000000001001
3257 100100000000020000000001001
3258 100100000000101000000001001
3259 100100000000111000000001001
3260 100100000001000100000001001
3261 100100000001010100000001001
3262 100100000001101100000001001
3263 100100000001111100000001001
3264 100100000009990010000001001
3265 100100000010000010000001001
3266 100100000010010010000001001
3267 100100000010101010000001001
3268 100100000010111010000001001
3269 100100000011000110000001001
3270 100100000011010110000001001
3271 100100000100000001000001001
3272 100100000100010001000001001
3273 100100000100101001000001001
3274 100100000100111001000001001
3275 100100000101000101000001001
3276 100100000101010101000001001
3277 100100000110000011000001001
3278 100100000110010011000001001
3279 100100001000000000100001001
3280 100100001000010000100001001
3281 100100001000101000100001001
3282 100100001000111000100001001
3283 100100001001000100100001001
3284 100100001001010100100001001
3285 100100001009990010100001001
3286 100100001010000010100001001
3287 100100001010010010100001001
3288 100100001100000001100001001
3289 100100001100010001100001001
3290 100100010000000000010001001
3291 100100010000010000010001001
3292 100100010000101000010001001
3293 100100010000111000010001001
3294 100100010001000100010001001
3295 100100010001010100010001001
3296 100100010010000010010001001
3297 100100010010010010010001001
3298 100100010100000001010001001
3299 100100010100010001010001001
3300 100100011000000000110001001
3301 100100011000010000110001001
3302 100100100000000000001001001
3303 100100100000010000001001001
3304 100100100000101000001001001
3305 100100100000111000001001001
3306 100100100001000100001001001
3307 100100100001010100001001001
3308 100100100009990010001001001
3309 100100100010000010001001001
3310 100100100010010010001001001
3311 100100100100000001001001001
3312 100100100100010001001001001
3313 100100101000000000101001001
3314 100100101000010000101001001
3315 100100110000000000011001001
3316 100100110000010000011001001
3317 100101000000000000000101001
3318 100101000000010000000101001
3319 100101000000101000000101001
3320 100101000000111000000101001
3321 100101000001000100000101001
3322 100101000001010100000101001
3323 100101000010000010000101001
3324 100101000010010010000101001
3325 100101000100000001000101001
3326 100101000100010001000101001
3327 100101001000000000100101001
3328 100101001000010000100101001
3329 100101010000000000010101001
3330 100101010000010000010101001
3331 100101100000000000001101001
3332 100101100000010000001101001
3333 100110000000000000000011001
3334 100110000000010000000011001
3335 100110000000101000000011001
3336 100110000000111000000011001
3337 100110000001000100000011001
3338 100110000001010100000011001
3339 100110000010000010000011001
3340 100110000010010010000011001
3341 100110000100000001000011001
3342 100110000100010001000011001
3343 100110001000000000100011001
3344 100110001000010000100011001
3345 100110010000000000010011001
3346 100110010000010000010011001
3347 100110100000000000001011001
3348 100110100000010000001011001
3349 100111000000000000000111001
3350 100111000000010000000111001
3351 101000000000000000000000101
3352 101000000000010000000000101
3353 101000000000020000000000101
3354 101000000000101000000000101
3355 101000000000111000000000101
3356 101000000000990100000000101
3357 101000000001000100000000101
3358 101000000001010100000000101
3359 101000000001091100000000101
3360 101000000001101100000000101
3361 101000000001111100000000101
3362 101000000010000010000000101
3363 101000000010010010000000101
3364 101000000010101010000000101
3365 101000000010111010000000101
3366 101000000011000110000000101
3367 101000000011010110000000101
3368 101000000100000001000000101
3369 101000000100010001000000101
3370 101000000100101001000000101
3371 101000000100111001000000101
3372 101000000101000101000000101
3373 101000000101010101000000101
3374 101000000110000011000000101
3375 101000000110010011000000101
3376 101000001000000000100000101
3377 101000001000010000100000101
3378 101000001000101000100000101
3379 101000001000111000100000101
3380 101000001001000100100000101
3381 101000001001010100100000101
3382 101000001010000010100000101
3383 101000001010010010100000101
3384 101000001100000001100000101
3385 101000001100010001100000101
3386 101000010000000000010000101
3387 101000010000010000010000101
3388 101000010000101000010000101
3389 101000010000111000010000101
3390 101000010001000100010000101
3391 101000010001010100010000101
3392 101000010010000010010000101
3393 101000010010010010010000101
3394 101000010100000001010000101
3395 101000010100010001010000101
3396 101000011000000000110000101
3397 101000011000010000110000101
3398 101000100000000000001000101
3399 101000100000010000001000101
3400 101000100000101000001000101
3401 101000100000111000001000101
3402 101000100001000100001000101
3403 101000100001010100001000101
3404 101000100010000010001000101
3405 101000100010010010001000101
3406 101000100100000001001000101
3407 101000100100010001001000101
3408 101000101000000000101000101
3409 101000101000010000101000101
3410 101000110000000000011000101
3411 101000110000010000011000101
3412 101001000000000000000100101
3413 101001000000010000000100101
3414 101001000000101000000100101
3415 101001000000111000000100101
3416 101001000001000100000100101
3417 101001000001010100000100101
3418 101001000010000010000100101
3419 101001000010010010000100101
3420 101001000100000001000100101
3421 101001000100010001000100101
3422 101001001000000000100100101
3423 101001001000010000100100101
3424 101001010000000000010100101
3425 101001010000010000010100101
3426 101001100000000000001100101
3427 101001100000010000001100101
3428 101010000000000000000010101
3429 101010000000010000000010101
3430 101010000000101000000010101
3431 101010000000111000000010101
3432 101010000000990100000010101
3433 101010000001000100000010101
3434 101010000001010100000010101
3435 101010000010000010000010101
3436 101010000010010010000010101
3437 101010000100000001000010101
3438 101010000100010001000010101
3439 101010001000000000100010101
3440 101010001000010000100010101
3441 101010010000000000010010101
3442 101010010000010000010010101
3443 101010100000000000001010101
3444 101010100000010000001010101
3445 101011000000000000000110101
3446 101011000000010000000110101
3447 101100000000000000000001101
3448 101100000000010000000001101
3449 101100000000101000000001101
3450 101100000000111000000001101
3451 101100000001000100000001101
3452 101100000001010100000001101
3453 101100000010000010000001101
3454 101100000010010010000001101
3455 101100000100000001000001101
3456 101100000100010001000001101
3457 101100001000000000100001101
3458 101100001000010000100001101
3459 101100010000000000010001101
3460 101100010000010000010001101
3461 101100100000000000001001101
3462 101100100000010000001001101
3463 101101000000000000000101101
3464 101101000000010000000101101
3465 101110000000000000000011101
3466 101110000000010000000011101
3467 110000000000000000000000011
3468 110000000000010000000000011
3469 110000000000020000000000011
3470 110000000000091000000000011
3471 110000000000101000000000011
3472 110000000000111000000000011
3473 110000000001000100000000011
3474 110000000001010100000000011
3475 110000000001101100000000011
3476 110000000001111100000000011
3477 110000000010000010000000011
3478 110000000010010010000000011
3479 110000000010101010000000011
3480 110000000010111010000000011
3481 110000000011000110000000011
3482 110000000011010110000000011
3483 110000000100000001000000011
3484 110000000100010001000000011
3485 110000000100101001000000011
3486 110000000100111001000000011
3487 110000000101000101000000011
3488 110000000101010101000000011
3489 110000000110000011000000011
3490 110000000110010011000000011
3491 110000001000000000100000011
3492 110000001000010000100000011
3493 110000001000101000100000011
3494 110000001000111000100000011
3495 110000001001000100100000011
3496 110000001001010100100000011
3497 110000001010000010100000011
3498 110000001010010010100000011
3499 110000001100000001100000011
3500 110000001100010001100000011
3501 110000010000000000010000011
3502 110000010000010000010000011
3503 110000010000091000010000011
3504 110000010000101000010000011
3505 110000010000111000010000011
3506 110000010001000100010000011
3507 110000010001010100010000011
3508 110000010010000010010000011
3509 110000010010010010010000011
3510 110000010100000001010000011
3511 110000010100010001010000011
3512 110000011000000000110000011
3513 110000011000010000110000011
3514 110000100000000000001000011
3515 110000100000010000001000011
3516 110000100000101000001000011
3517 110000100000111000001000011
3518 110000100001000100001000011
3519 110000100001010100001000011
3520 110000100010000010001000011
3521 110000100010010010001000011
3522 110000100100000001001000011
3523 110000100100010001001000011
3524 110000101000000000101000011
3525 110000101000010000101000011
3526 110000110000000000011000011
3527 110000110000010000011000011
3528 110001000000000000000100011
3529 110001000000010000000100011
3530 110001000000101000000100011
3531 110001000000111000000100011
3532 110001000001000100000100011
3533 110001000001010100000100011
3534 110001000010000010000100011
3535 110001000010010010000100011
3536 110001000100000001000100011
3537 110001000100010001000100011
3538 110001001000000000100100011
3539 110001001000010000100100011
3540 110001010000000000010100011
3541 110001010000010000010100011
3542 110001100000000000001100011
3543 110001100000010000001100011
3544 110010000000000000000010011
3545 110010000000010000000010011
3546 110010000000101000000010011
3547 110010000000111000000010011
3548 110010000001000100000010011
3549 110010000001010100000010011
3550 110010000010000010000010011
3551 110010000010010010000010011
3552 110010000100000001000010011
3553 110010000100010001000010011
3554 110010001000000000100010011
3555 110010001000010000100010011
3556 110010010000000000010010011
3557 110010010000010000010010011
3558 110010100000000000001010011
3559 110010100000010000001010011
3560 110011000000000000000110011
3561 110011000000010000000110011
3562 110100000000000000000001011
3563 110100000000010000000001011
3564 110100000000101000000001011
3565 110100000000111000000001011
3566 110100000001000100000001011
3567 110100000001010100000001011
3568 110100000010000010000001011
3569 110100000010010010000001011
3570 110100000100000001000001011
3571 110100000100010001000001011
3572 110100001000000000100001011
3573 110100001000010000100001011
3574 110100010000000000010001011
3575 110100010000010000010001011
3576 110100100000000000001001011
3577 110100100000010000001001011
3578 110101000000000000000101011
3579 110101000000010000000101011
3580 110110000000000000000011011
3581 110110000000010000000011011
3582 111000000000000000000000111
3583 111000000000010000000000111
3584 111000000000091000000000111
3585 111000000000101000000000111
3586 111000000000111000000000111
3587 111000000001000100000000111
3588 111000000001010100000000111
3589 111000000010000010000000111
3590 111000000010010010000000111
3591 111000000100000001000000111
3592 111000000100010001000000111
3593 111000001000000000100000111
3594 111000001000010000100000111
3595 111000010000000000010000111
3596 111000010000010000010000111
3597 111000100000000000001000111
3598 111000100000010000001000111
3599 111001000000000000000100111
3600 111001000000010000000100111
3601 111010000000000000000010111
3602 111010000000010000000010111
3603 111100000000000000000001111
3604 111100000000010000000001111
3605 121096650591136334960853879
3606 122063831551139898460740721
3607 200000000000000000000000002
3608 200000000000010000000000002
3609 219293240651172832756867922
3610 259534999916657357224172376
3611 307319174379604964632119143
3612 1000000000000000000000000001
3613 1000000000000110000000000001
3614 1000000000001001000000000001
3615 1000000000001111000000000001
3616 1000000000010000100000000001
3617 1000000000010110100000000001
3618 1000000000011001100000000001
3619 1000000000011111100000000001
3620 1000000000100000010000000001
3621 1000000000100110010000000001
3622 1000000000101001010000000001
3623 1000000000101111010000000001
3624 1000000000110000110000000001
3625 1000000000110110110000000001
3626 1000000000111001110000000001
3627 1000000001000000001000000001
3628 1000000001000110001000000001
3629 1000000001001001001000000001
3630 1000000001001111001000000001
3631 1000000001010000101000000001
3632 1000000001010110101000000001
3633 1000000001011001101000000001
3634 1000000001100000011000000001
3635 1000000001100110011000000001
3636 1000000001101001011000000001
3637 1000000001110000111000000001
3638 1000000010000000000100000001
3639 1000000010000110000100000001
3640 1000000010001001000100000001
3641 1000000010001111000100000001
3642 1000000010010000100100000001
3643 1000000010010110100100000001
3644 1000000010011001100100000001
3645 1000000010100000010100000001
3646 1000000010100110010100000001
3647 1000000010101001010100000001
3648 1000000010110000110100000001
3649 1000000011000000001100000001
3650 1000000011000110001100000001
3651 1000000011001001001100000001
3652 1000000011010000101100000001
3653 1000000011100000011100000001
3654 1000000100000000000010000001
3655 1000000100000110000010000001
3656 1000000100001001000010000001
3657 1000000100001111000010000001
3658 1000000100010000100010000001
3659 1000000100010110100010000001
3660 1000000100011001100010000001
3661 1000000100100000010010000001
3662 1000000100100110010010000001
3663 1000000100101001010010000001
3664 1000000100110000110010000001
3665 1000000101000000001010000001
3666 1000000101000110001010000001
3667 1000000101001001001010000001
3668 1000000101010000101010000001
3669 1000000101100000011010000001
3670 1000000110000000000110000001
3671 1000000110000110000110000001
3672 1000000110001001000110000001
3673 1000000110010000100110000001
3674 1000000110100000010110000001
3675 1000000111000000001110000001
3676 1000001000000000000001000001
3677 1000001000000110000001000001
3678 1000001000001001000001000001
3679 1000001000001111000001000001
3680 1000001000010000100001000001
3681 1000001000010110100001000001
3682 1000001000011001100001000001
3683 1000001000100000010001000001
3684 1000001000100110010001000001
3685 1000001000101001010001000001
3686 1000001000110000110001000001
3687 1000001001000000001001000001
3688 1000001001000110001001000001
3689 1000001001001001001001000001
3690 1000001001010000101001000001
3691 1000001001100000011001000001
3692 1000001010000000000101000001
3693 1000001010000110000101000001
3694 1000001010001001000101000001
3695 1000001010010000100101000001
3696 1000001010100000010101000001
3697 1000001011000000001101000001
3698 1000001100000000000011000001
3699 1000001100000110000011000001
3700 1000001100001001000011000001
3701 1000001100010000100011000001
3702 1000001100100000010011000001
3703 1000001101000000001011000001
3704 1000001110000000000111000001
3705 1000010000000000000000100001
3706 1000010000000110000000100001
3707 1000010000001001000000100001
3708 1000010000001111000000100001
3709 1000010000010000100000100001
3710 1000010000010110100000100001
3711 1000010000011001100000100001
3712 1000010000100000010000100001
3713 1000010000100110010000100001
3714 1000010000101001010000100001
3715 1000010000110000110000100001
3716 1000010001000000001000100001
3717 1000010001000110001000100001
3718 1000010001001001001000100001
3719 1000010001010000101000100001
3720 1000010001100000011000100001
3721 1000010010000000000100100001
3722 1000010010000110000100100001
3723 1000010010001001000100100001
3724 1000010010010000100100100001
3725 1000010010100000010100100001
3726 1000010011000000001100100001
3727 1000010100000000000010100001
3728 1000010100000110000010100001
3729 1000010100001001000010100001
3730 1000010100010000100010100001
3731 1000010100100000010010100001
3732 1000010101000000001010100001
3733 1000010110000000000110100001
3734 1000011000000000000001100001
3735 1000011000000110000001100001
3736 1000011000001001000001100001
3737 1000011000010000100001100001
3738 1000011000100000010001100001
3739 1000011001000000001001100001
3740 1000011010000000000101100001
3741 1000011100000000000011100001
3742 1000100000000000000000010001
3743 1000100000000110000000010001
3744 1000100000001001000000010001
3745 1000100000001111000000010001
3746 1000100000010000100000010001
3747 1000100000010110100000010001
3748 1000100000011001100000010001
3749 1000100000100000010000010001
3750 1000100000100110010000010001
3751 1000100000101001010000010001
3752 1000100000110000110000010001
3753 1000100001000000001000010001
3754 1000100001000110001000010001
3755 1000100001001001001000010001
3756 1000100001010000101000010001
3757 1000100001100000011000010001
3758 1000100010000000000100010001
3759 1000100010000110000100010001
3760 1000100010001001000100010001
3761 1000100010010000100100010001
3762 1000100010100000010100010001
3763 1000100011000000001100010001
3764 1000100100000000000010010001
3765 1000100100000110000010010001
3766 1000100100001001000010010001
3767 1000100100010000100010010001
3768 1000100100100000010010010001
3769 1000100101000000001010010001
3770 1000100110000000000110010001
3771 1000101000000000000001010001
3772 1000101000000110000001010001
3773 1000101000001001000001010001
3774 1000101000010000100001010001
3775 1000101000100000010001010001
3776 1000101001000000001001010001
3777 1000101010000000000101010001
3778 1000101100000000000011010001
3779 1000110000000000000000110001
3780 1000110000000110000000110001
3781 1000110000001001000000110001
3782 1000110000010000100000110001
3783 1000110000100000010000110001
3784 1000110001000000001000110001
3785 1000110010000000000100110001
3786 1000110100000000000010110001
3787 1000111000000000000001110001
3788 1001000000000000000000001001
3789 1001000000000110000000001001
3790 1001000000001001000000001001
3791 1001000000001111000000001001
3792 1001000000010000100000001001
3793 1001000000010110100000001001
3794 1001000000011001100000001001
3795 1001000000100000010000001001
3796 1001000000100110010000001001
3797 1001000000101001010000001001
3798 1001000000110000110000001001
3799 1001000001000000001000001001
3800 1001000001000110001000001001
3801 1001000001001001001000001001
3802 1001000001010000101000001001
3803 1001000001100000011000001001
3804 1001000010000000000100001001
3805 1001000010000110000100001001
3806 1001000010001001000100001001
3807 1001000010010000100100001001
3808 1001000010100000010100001001
3809 1001000011000000001100001001
3810 1001000100000000000010001001
3811 1001000100000110000010001001
3812 1001000100001001000010001001
3813 1001000100010000100010001001
3814 1001000100100000010010001001
3815 1001000101000000001010001001
3816 1001000110000000000110001001
3817 1001001000000000000001001001
3818 1001001000000110000001001001
3819 1001001000001001000001001001
3820 1001001000010000100001001001
3821 1001001000100000010001001001
3822 1001001001000000001001001001
3823 1001001010000000000101001001
3824 1001001100000000000011001001
3825 1001010000000000000000101001
3826 1001010000000110000000101001
3827 1001010000001001000000101001
3828 1001010000010000100000101001
3829 1001010000100000010000101001
3830 1001010001000000001000101001
3831 1001010010000000000100101001
3832 1001010100000000000010101001
3833 1001011000000000000001101001
3834 1001100000000000000000011001
3835 1001100000000110000000011001
3836 1001100000001001000000011001
3837 1001100000010000100000011001
3838 1001100000100000010000011001
3839 1001100001000000001000011001
3840 1001100010000000000100011001
3841 1001100100000000000010011001
3842 1001101000000000000001011001
3843 1001110000000000000000111001
3844 1010000000000000000000000101
3845 1010000000000110000000000101
3846 1010000000001001000000000101
3847 1010000000001111000000000101
3848 1010000000010000100000000101
3849 1010000000010110100000000101
3850 1010000000011001100000000101
3851 1010000000100000010000000101
3852 1010000000100110010000000101
3853 1010000000101001010000000101
3854 1010000000110000110000000101
3855 1010000001000000001000000101
3856 1010000001000110001000000101
3857 1010000001001001001000000101
3858 1010000001010000101000000101
3859 1010000001100000011000000101
3860 1010000010000000000100000101
3861 1010000010000110000100000101
3862 1010000010001001000100000101
3863 1010000010010000100100000101
3864 1010000010100000010100000101
3865 1010000011000000001100000101
3866 1010000100000000000010000101
3867 1010000100000110000010000101
3868 1010000100001001000010000101
3869 1010000100010000100010000101
3870 1010000100100000010010000101
3871 1010000101000000001010000101
3872 1010000110000000000110000101
3873 1010001000000000000001000101
3874 1010001000000110000001000101
3875 1010001000001001000001000101
3876 1010001000010000100001000101
3877 1010001000100000010001000101
3878 1010001001000000001001000101
3879 1010001010000000000101000101
3880 1010001100000000000011000101
3881 1010010000000000000000100101
3882 1010010000000110000000100101
3883 1010010000001001000000100101
3884 1010010000010000100000100101
3885 1010010000100000010000100101
3886 1010010001000000001000100101
3887 1010010010000000000100100101
3888 1010010100000000000010100101
3889 1010011000000000000001100101
3890 1010100000000000000000010101
3891 1010100000000110000000010101
3892 1010100000001001000000010101
3893 1010100000010000100000010101
3894 1010100000100000010000010101
3895 1010100001000000001000010101
3896 1010100010000000000100010101
3897 1010100100000000000010010101
3898 1010101000000000000001010101
3899 1010110000000000000000110101
3900 1011000000000000000000001101
3901 1011000000000110000000001101
3902 1011000000001001000000001101
3903 1011000000010000100000001101
3904 1011000000100000010000001101
3905 1011000001000000001000001101
3906 1011000010000000000100001101
3907 1011000100000000000010001101
3908 1011001000000000000001001101
3909 1011010000000000000000101101
3910 1011100000000000000000011101
3911 1100000000000000000000000011
3912 1100000000000110000000000011
3913 1100000000001001000000000011
3914 1100000000001111000000000011
3915 1100000000010000100000000011
3916 1100000000010110100000000011
3917 1100000000011001100000000011
3918 1100000000100000010000000011
3919 1100000000100110010000000011
3920 1100000000101001010000000011
3921 1100000000110000110000000011
3922 1100000001000000001000000011
3923 1100000001000110001000000011
3924 1100000001001001001000000011
3925 1100000001010000101000000011
3926 1100000001100000011000000011
3927 1100000010000000000100000011
3928 1100000010000110000100000011
3929 1100000010001001000100000011
3930 1100000010010000100100000011
3931 1100000010100000010100000011
3932 1100000011000000001100000011
3933 1100000100000000000010000011
3934 1100000100000110000010000011
3935 1100000100001001000010000011
3936 1100000100010000100010000011
3937 1100000100100000010010000011
3938 1100000101000000001010000011
3939 1100000110000000000110000011
3940 1100001000000000000001000011
3941 1100001000000110000001000011
3942 1100001000001001000001000011
3943 1100001000010000100001000011
3944 1100001000100000010001000011
3945 1100001001000000001001000011
3946 1100001010000000000101000011
3947 1100001100000000000011000011
3948 1100010000000000000000100011
3949 1100010000000110000000100011
3950 1100010000001001000000100011
3951 1100010000010000100000100011
3952 1100010000100000010000100011
3953 1100010001000000001000100011
3954 1100010010000000000100100011
3955 1100010100000000000010100011
3956 1100011000000000000001100011
3957 1100100000000000000000010011
3958 1100100000000110000000010011
3959 1100100000001001000000010011
3960 1100100000010000100000010011
3961 1100100000100000010000010011
3962 1100100001000000001000010011
3963 1100100010000000000100010011
3964 1100100100000000000010010011
3965 1100101000000000000001010011
3966 1100110000000000000000110011
3967 1101000000000000000000001011
3968 1101000000000110000000001011
3969 1101000000001001000000001011
3970 1101000000010000100000001011
3971 1101000000100000010000001011
3972 1101000001000000001000001011
3973 1101000010000000000100001011
3974 1101000100000000000010001011
3975 1101001000000000000001001011
3976 1101010000000000000000101011
3977 1101100000000000000000011011
3978 1103866360472916946437760989
3979 1110000000000000000000000111
3980 1110000000000110000000000111
3981 1110000000001001000000000111
3982 1110000000010000100000000111
3983 1110000000100000010000000111
3984 1110000001000000001000000111
3985 1110000010000000000100000111
3986 1110000100000000000010000111
3987 1110001000000000000001000111
3988 1110010000000000000000100111
3989 1110100000000000000000010111
3990 1111000000000000000000001111
3991 1208997217707381836451672371
3992 1373512530649258635292477609
3993 2000000000000000000000000002
3994 2589537706161357166603750274
3995 10000000000000000000000000001
3996 10000000000000100000000000001
3997 10000000000000200000000000001
3998 10000000000001010000000000001
3999 10000000000001110000000000001
4000 10000000000001210000000000001
4001 10000000000010001000000000001
4002 10000000000010101000000000001
4003 10000000000010201000000000001
4004 10000000000011011000000000001
4005 10000000000011111000000000001
4006 10000000000100000100000000001
4007 10000000000100100100000000001
4008 10000000000100200100000000001
4009 10000000000101010100000000001
4010 10000000000101110100000000001
4011 10000000000110001100000000001
4012 10000000000110101100000000001
4013 10000000000111011100000000001
4014 10000000000111111100000000001
4015 10000000001000000010000000001
4016 10000000001000100010000000001
4017 10000000001000200010000000001
4018 10000000001001010010000000001
4019 10000000001001110010000000001
4020 10000000001010001010000000001
4021 10000000001010101010000000001
4022 10000000001011011010000000001
4023 10000000001011111010000000001
4024 10000000001100000110000000001
4025 10000000001100100110000000001
4026 10000000001101010110000000001
4027 10000000001101110110000000001
4028 10000000001110001110000000001
4029 10000000001110101110000000001
4030 10000000010000000001000000001
4031 10000000010000100001000000001
4032 10000000010000200001000000001
4033 10000000010001010001000000001
4034 10000000010001110001000000001
4035 10000000010010001001000000001
4036 10000000010010101001000000001
4037 10000000010011011001000000001
4038 10000000010011111001000000001
4039 10000000010100000101000000001
4040 10000000010100100101000000001
4041 10000000010101010101000000001
4042 10000000010101110101000000001
4043 10000000010110001101000000001
4044 10000000010110101101000000001
4045 10000000011000000011000000001
4046 10000000011000100011000000001
4047 10000000011001010011000000001
4048 10000000011001110011000000001
4049 10000000011010001011000000001
4050 10000000011010101011000000001
4051 10000000011100000111000000001
4052 10000000011100100111000000001
4053 10000000100000000000100000001
4054 10000000100000100000100000001
4055 10000000100000200000100000001
4056 10000000100001010000100000001
4057 10000000100001110000100000001
4058 10000000100010001000100000001
4059 10000000100010101000100000001
4060 10000000100011011000100000001
4061 10000000100011111000100000001
4062 10000000100100000100100000001
4063 10000000100100100100100000001
4064 10000000100101010100100000001
4065 10000000100101110100100000001
4066 10000000100110001100100000001
4067 10000000100110101100100000001
4068 10000000101000000010100000001
4069 10000000101000100010100000001
4070 10000000101001010010100000001
4071 10000000101001110010100000001
4072 10000000101010001010100000001
4073 10000000101010101010100000001
4074 10000000101100000110100000001
4075 10000000101100100110100000001
4076 10000000110000000001100000001
4077 10000000110000100001100000001
4078 10000000110001010001100000001
4079 10000000110001110001100000001
4080 10000000110010001001100000001
4081 10000000110010101001100000001
4082 10000000110100000101100000001
4083 10000000110100100101100000001
4084 10000000111000000011100000001
4085 10000000111000100011100000001
4086 10000001000000000000010000001
4087 10000001000000100000010000001
4088 10000001000000200000010000001
4089 10000001000001010000010000001
4090 10000001000001110000010000001
4091 10000001000010001000010000001
4092 10000001000010101000010000001
4093 10000001000011011000010000001
4094 10000001000011111000010000001
4095 10000001000100000100010000001
4096 10000001000100100100010000001
4097 10000001000101010100010000001
4098 10000001000101110100010000001
4099 10000001000110001100010000001
4100 10000001000110101100010000001
4101 10000001001000000010010000001
4102 10000001001000100010010000001
4103 10000001001001010010010000001
4104 10000001001001110010010000001
4105 10000001001010001010010000001
4106 10000001001010101010010000001
4107 10000001001100000110010000001
4108 10000001001100100110010000001
4109 10000001010000000001010000001
4110 10000001010000100001010000001
4111 10000001010001010001010000001
4112 10000001010001110001010000001
4113 10000001010010001001010000001
4114 10000001010010101001010000001
4115 10000001010100000101010000001
4116 10000001010100100101010000001
4117 10000001011000000011010000001
4118 10000001011000100011010000001
4119 10000001100000000000110000001
4120 10000001100000100000110000001
4121 10000001100001010000110000001
4122 10000001100001110000110000001
4123 10000001100010001000110000001
4124 10000001100010101000110000001
4125 10000001100100000100110000001
4126 10000001100100100100110000001
4127 10000001101000000010110000001
4128 10000001101000100010110000001
4129 10000001110000000001110000001
4130 10000001110000100001110000001
4131 10000010000000000000001000001
4132 10000010000000100000001000001
4133 10000010000000200000001000001
4134 10000010000001010000001000001
4135 10000010000001110000001000001
4136 10000010000010001000001000001
4137 10000010000010101000001000001
4138 10000010000011011000001000001
4139 10000010000011111000001000001
4140 10000010000100000100001000001
4141 10000010000100100100001000001
4142 10000010000101010100001000001
4143 10000010000101110100001000001
4144 10000010000110001100001000001
4145 10000010000110101100001000001
4146 10000010001000000010001000001
4147 10000010001000100010001000001
4148 10000010001001010010001000001
4149 10000010001001110010001000001
4150 10000010001010001010001000001
4151 10000010001010101010001000001
4152 10000010001100000110001000001
4153 10000010001100100110001000001
4154 10000010010000000001001000001
4155 10000010010000100001001000001
4156 10000010010001010001001000001
4157 10000010010001110001001000001
4158 10000010010010001001001000001
4159 10000010010010101001001000001
4160 10000010010100000101001000001
4161 10000010010100100101001000001
4162 10000010011000000011001000001
4163 10000010011000100011001000001
4164 10000010099999900000101000001
4165 10000010100000000000101000001
4166 10000010100000100000101000001
4167 10000010100001010000101000001
4168 10000010100001110000101000001
4169 10000010100009901000101000001
4170 10000010100010001000101000001
4171 10000010100010101000101000001
4172 10000010100099900100101000001
4173 10000010100100000100101000001
4174 10000010100100100100101000001
4175 10000010100999900010101000001
4176 10000010101000000010101000001
4177 10000010101000100010101000001
4178 10000010110000000001101000001
4179 10000010110000100001101000001
4180 10000011000000000000011000001
4181 10000011000000100000011000001
4182 10000011000001010000011000001
4183 10000011000001110000011000001
4184 10000011000010001000011000001
4185 10000011000010101000011000001
4186 10000011000100000100011000001
4187 10000011000100100100011000001
4188 10000011001000000010011000001
4189 10000011001000100010011000001
4190 10000011010000000001011000001
4191 10000011010000100001011000001
4192 10000011099999900000111000001
4193 10000011100000000000111000001
4194 10000011100000100000111000001
4195 10000100000000000000000100001
4196 10000100000000100000000100001
4197 10000100000000200000000100001
4198 10000100000001010000000100001
4199 10000100000001110000000100001
4200 10000100000010001000000100001
4201 10000100000010101000000100001
4202 10000100000011011000000100001
4203 10000100000011111000000100001
4204 10000100000100000100000100001
4205 10000100000100100100000100001
4206 10000100000101010100000100001
4207 10000100000101110100000100001
4208 10000100000110001100000100001
4209 10000100000110101100000100001
4210 10000100001000000010000100001
4211 10000100001000100010000100001
4212 10000100001001010010000100001
4213 10000100001001110010000100001
4214 10000100001010001010000100001
4215 10000100001010101010000100001
4216 10000100001100000110000100001
4217 10000100001100100110000100001
4218 10000100009999900001000100001
4219 10000100010000000001000100001
4220 10000100010000100001000100001
4221 10000100010001010001000100001
4222 10000100010001110001000100001
4223 10000100010010001001000100001
4224 10000100010010101001000100001
4225 10000100010100000101000100001
4226 10000100010100100101000100001
4227 10000100010999900011000100001
4228 10000100011000000011000100001
4229 10000100011000100011000100001
4230 10000100100000000000100100001
4231 10000100100000100000100100001
4232 10000100100001010000100100001
4233 10000100100001110000100100001
4234 10000100100010001000100100001
4235 10000100100010101000100100001
4236 10000100100100000100100100001
4237 10000100100100100100100100001
4238 10000100101000000010100100001
4239 10000100101000100010100100001
4240 10000100110000000001100100001
4241 10000100110000100001100100001
4242 10000101000000000000010100001
4243 10000101000000100000010100001
4244 10000101000001010000010100001
4245 10000101000001110000010100001
4246 10000101000010001000010100001
4247 10000101000010101000010100001
4248 10000101000100000100010100001
4249 10000101000100100100010100001
4250 10000101001000000010010100001
4251 10000101001000100010010100001
4252 10000101009999900001010100001
4253 10000101010000000001010100001
4254 10000101010000100001010100001
4255 10000101100000000000110100001
4256 10000101100000100000110100001
4257 10000110000000000000001100001
4258 10000110000000100000001100001
4259 10000110000001010000001100001
4260 10000110000001110000001100001
4261 10000110000010001000001100001
4262 10000110000010101000001100001
4263 10000110000100000100001100001
4264 10000110000100100100001100001
4265 10000110001000000010001100001
4266 10000110001000100010001100001
4267 10000110010000000001001100001
4268 10000110010000100001001100001
4269 10000110100000000000101100001
4270 10000110100000100000101100001
4271 10000111000000000000011100001
4272 10000111000000100000011100001
4273 10001000000000000000000010001
4274 10001000000000100000000010001
4275 10001000000000200000000010001
4276 10001000000001010000000010001
4277 10001000000001110000000010001
4278 10001000000010001000000010001
4279 10001000000010101000000010001
4280 10001000000011011000000010001
4281 10001000000011111000000010001
4282 10001000000100000100000010001
4283 10001000000100100100000010001
4284 10001000000101010100000010001
4285 10001000000101110100000010001
4286 10001000000110001100000010001
4287 10001000000110101100000010001
4288 10001000000999900010000010001
4289 10001000001000000010000010001
4290 10001000001000100010000010001
4291 10001000001001010010000010001
4292 10001000001001110010000010001
4293 10001000001009901010000010001
4294 10001000001010001010000010001
4295 10001000001010101010000010001
4296 10001000001100000110000010001
4297 10001000001100100110000010001
4298 10001000010000000001000010001
4299 10001000010000100001000010001
4300 10001000010001010001000010001
4301 10001000010001110001000010001
4302 10001000010010001001000010001
4303 10001000010010101001000010001
4304 10001000010100000101000010001
4305 10001000010100100101000010001
4306 10001000010999900011000010001
4307 10001000011000000011000010001
4308 10001000011000100011000010001
4309 10001000100000000000100010001
4310 10001000100000100000100010001
4311 10001000100001010000100010001
4312 10001000100001110000100010001
4313 10001000100010001000100010001
4314 10001000100010101000100010001
4315 10001000100100000100100010001
4316 10001000100100100100100010001
4317 10001000100999900010100010001
4318 10001000101000000010100010001
4319 10001000101000100010100010001
4320 10001000110000000001100010001
4321 10001000110000100001100010001
4322 10001001000000000000010010001
4323 10001001000000100000010010001
4324 10001001000001010000010010001
4325 10001001000001110000010010001
4326 10001001000010001000010010001
4327 10001001000010101000010010001
4328 10001001000100000100010010001
4329 10001001000100100100010010001
4330 10001001000999900010010010001
4331 10001001001000000010010010001
4332 10001001001000100010010010001
4333 10001001010000000001010010001
4334 10001001010000100001010010001
4335 10001001100000000000110010001
4336 10001001100000100000110010001
4337 10001010000000000000001010001
4338 10001010000000100000001010001
4339 10001010000001010000001010001
4340 10001010000001110000001010001
4341 10001010000010001000001010001
4342 10001010000010101000001010001
4343 10001010000100000100001010001
4344 10001010000100100100001010001
4345 10001010001000000010001010001
4346 10001010001000100010001010001
4347 10001010010000000001001010001
4348 10001010010000100001001010001
4349 10001010100000000000101010001
4350 10001010100000100000101010001
4351 10001011000000000000011010001
4352 10001011000000100000011010001
4353 10001100000000000000000110001
4354 10001100000000100000000110001
4355 10001100000001010000000110001
4356 10001100000001110000000110001
4357 10001100000010001000000110001
4358 10001100000010101000000110001
4359 10001100000100000100000110001
4360 10001100000100100100000110001
4361 10001100001000000010000110001
4362 10001100001000100010000110001
4363 10001100010000000001000110001
4364 10001100010000100001000110001
4365 10001100100000000000100110001
4366 10001100100000100000100110001
4367 10001101000000000000010110001
4368 10001101000000100000010110001
4369 10001110000000000000001110001
4370 10001110000000100000001110001
4371 10010000000000000000000001001
4372 10010000000000100000000001001
4373 10010000000000200000000001001
4374 10010000000001010000000001001
4375 10010000000001110000000001001
4376 10010000000010001000000001001
4377 10010000000010101000000001001
4378 10010000000011011000000001001
4379 10010000000011111000000001001
4380 10010000000099900100000001001
4381 10010000000100000100000001001
4382 10010000000100100100000001001
4383 10010000000101010100000001001
4384 10010000000101110100000001001
4385 10010000000110001100000001001
4386 10010000000110101100000001001
4387 10010000001000000010000001001
4388 10010000001000100010000001001
4389 10010000001001010010000001001
4390 10010000001001110010000001001
4391 10010000001010001010000001001
4392 10010000001010101010000001001
4393 10010000001100000110000001001
4394 10010000001100100110000001001
4395 10010000010000000001000001001
4396 10010000010000100001000001001
4397 10010000010001010001000001001
4398 10010000010001110001000001001
4399 10010000010010001001000001001
4400 10010000010010101001000001001
4401 10010000010100000101000001001
4402 10010000010100100101000001001
4403 10010000011000000011000001001
4404 10010000011000100011000001001
4405 10010000100000000000100001001
4406 10010000100000100000100001001
4407 10010000100001010000100001001
4408 10010000100001110000100001001
4409 10010000100010001000100001001
4410 10010000100010101000100001001
4411 10010000100100000100100001001
4412 10010000100100100100100001001
4413 10010000101000000010100001001
4414 10010000101000100010100001001
4415 10010000110000000001100001001
4416 10010000110000100001100001001
4417 10010001000000000000010001001
4418 10010001000000100000010001001
4419 10010001000001010000010001001
4420 10010001000001110000010001001
4421 10010001000010001000010001001
4422 10010001000010101000010001001
4423 10010001000099900100010001001
4424 10010001000100000100010001001
4425 10010001000100100100010001001
4426 10010001001000000010010001001
4427 10010001001000100010010001001
4428 10010001010000000001010001001
4429 10010001010000100001010001001
4430 10010001100000000000110001001
4431 10010001100000100000110001001
4432 10010010000000000000001001001
4433 10010010000000100000001001001
4434 10010010000001010000001001001
4435 10010010000001110000001001001
4436 10010010000010001000001001001
4437 10010010000010101000001001001
4438 10010010000099900100001001001
4439 10010010000100000100001001001
4440 10010010000100100100001001001
4441 10010010001000000010001001001
4442 10010010001000100010001001001
4443 10010010010000000001001001001
4444 10010010010000100001001001001
4445 10010010100000000000101001001
4446 10010010100000100000101001001
4447 10010011000000000000011001001
4448 10010011000000100000011001001
4449 10010100000000000000000101001
4450 10010100000000100000000101001
4451 10010100000001010000000101001
4452 10010100000001110000000101001
4453 10010100000010001000000101001
4454 10010100000010101000000101001
4455 10010100000100000100000101001
4456 10010100000100100100000101001
4457 10010100001000000010000101001
4458 10010100001000100010000101001
4459 10010100010000000001000101001
4460 10010100010000100001000101001
4461 10010100100000000000100101001
4462 10010100100000100000100101001
4463 10010101000000000000010101001
4464 10010101000000100000010101001
4465 10010110000000000000001101001
4466 10010110000000100000001101001
4467 10011000000000000000000011001
4468 10011000000000100000000011001
4469 10011000000001010000000011001
4470 10011000000001110000000011001
4471 10011000000010001000000011001
4472 10011000000010101000000011001
4473 10011000000100000100000011001
4474 10011000000100100100000011001
4475 10011000001000000010000011001
4476 10011000001000100010000011001
4477 10011000010000000001000011001
4478 10011000010000100001000011001
4479 10011000100000000000100011001
4480 10011000100000100000100011001
4481 10011001000000000000010011001
4482 10011001000000100000010011001
4483 10011010000000000000001011001
4484 10011010000000100000001011001
4485 10011100000000000000000111001
4486 10011100000000100000000111001
4487 10100000000000000000000000101
4488 10100000000000100000000000101
4489 10100000000000200000000000101
4490 10100000000001010000000000101
4491 10100000000001110000000000101
4492 10100000000009901000000000101
4493 10100000000010001000000000101
4494 10100000000010101000000000101
4495 10100000000010911000000000101
4496 10100000000011011000000000101
4497 10100000000011111000000000101
4498 10100000000100000100000000101
4499 10100000000100100100000000101
4500 10100000000101010100000000101
4501 10100000000101110100000000101
4502 10100000000110001100000000101
4503 10100000000110101100000000101
4504 10100000001000000010000000101
4505 10100000001000100010000000101
4506 10100000001001010010000000101
4507 10100000001001110010000000101
4508 10100000001010001010000000101
4509 10100000001010101010000000101
4510 10100000001100000110000000101
4511 10100000001100100110000000101
4512 10100000010000000001000000101
4513 10100000010000100001000000101
4514 10100000010001010001000000101
4515 10100000010001110001000000101
4516 10100000010010001001000000101
4517 10100000010010101001000000101
4518 10100000010100000101000000101
4519 10100000010100100101000000101
4520 10100000011000000011000000101
4521 10100000011000100011000000101
4522 10100000100000000000100000101
4523 10100000100000100000100000101
4524 10100000100001010000100000101
4525 10100000100001110000100000101
4526 10100000100009901000100000101
4527 10100000100010001000100000101
4528 10100000100010101000100000101
4529 10100000100100000100100000101
4530 10100000100100100100100000101
4531 10100000101000000010100000101
4532 10100000101000100010100000101
4533 10100000110000000001100000101
4534 10100000110000100001100000101
4535 10100001000000000000010000101
4536 10100001000000100000010000101
4537 10100001000001010000010000101
4538 10100001000001110000010000101
4539 10100001000009901000010000101
4540 10100001000010001000010000101
4541 10100001000010101000010000101
4542 10100001000100000100010000101
4543 10100001000100100100010000101
4544 10100001001000000010010000101
4545 10100001001000100010010000101
4546 10100001010000000001010000101
4547 10100001010000100001010000101
4548 10100001100000000000110000101
4549 10100001100000100000110000101
4550 10100010000000000000001000101
4551 10100010000000100000001000101
4552 10100010000001010000001000101
4553 10100010000001110000001000101
4554 10100010000010001000001000101
4555 10100010000010101000001000101
4556 10100010000100000100001000101
4557 10100010000100100100001000101
4558 10100010001000000010001000101
4559 10100010001000100010001000101
4560 10100010010000000001001000101
4561 10100010010000100001001000101
4562 10100010100000000000101000101
4563 10100010100000100000101000101
4564 10100011000000000000011000101
4565 10100011000000100000011000101
4566 10100100000000000000000100101
4567 10100100000000100000000100101
4568 10100100000001010000000100101
4569 10100100000001110000000100101
4570 10100100000010001000000100101
4571 10100100000010101000000100101
4572 10100100000100000100000100101
4573 10100100000100100100000100101
4574 10100100001000000010000100101
4575 10100100001000100010000100101
4576 10100100010000000001000100101
4577 10100100010000100001000100101
4578 10100100100000000000100100101
4579 10100100100000100000100100101
4580 10100101000000000000010100101
4581 10100101000000100000010100101
4582 10100110000000000000001100101
4583 10100110000000100000001100101
4584 10101000000000000000000010101
4585 10101000000000100000000010101
4586 10101000000001010000000010101
4587 10101000000001110000000010101
4588 10101000000009901000000010101
4589 10101000000010001000000010101
4590 10101000000010101000000010101
4591 10101000000100000100000010101
4592 10101000000100100100000010101
4593 10101000001000000010000010101
4594 10101000001000100010000010101
4595 10101000010000000001000010101
4596 10101000010000100001000010101
4597 10101000100000000000100010101
4598 10101000100000100000100010101
4599 10101001000000000000010010101
4600 10101001000000100000010010101
4601 10101010000000000000001010101
4602 10101010000000100000001010101
4603 10101100000000000000000110101
4604 10101100000000100000000110101
4605 10110000000000000000000001101
4606 10110000000000100000000001101
4607 10110000000001010000000001101
4608 10110000000001110000000001101
4609 10110000000010001000000001101
4610 10110000000010101000000001101
4611 10110000000100000100000001101
4612 10110000000100100100000001101
4613 10110000001000000010000001101
4614 10110000001000100010000001101
4615 10110000010000000001000001101
4616 10110000010000100001000001101
4617 10110000100000000000100001101
4618 10110000100000100000100001101
4619 10110001000000000000010001101
4620 10110001000000100000010001101
4621 10110010000000000000001001101
4622 10110010000000100000001001101
4623 10110100000000000000000101101
4624 10110100000000100000000101101
4625 10111000000000000000000011101
4626 10111000000000100000000011101
4627 11000000000000000000000000011
4628 11000000000000100000000000011
4629 11000000000000200000000000011
4630 11000000000000910000000000011
4631 11000000000001010000000000011
4632 11000000000001110000000000011
4633 11000000000010001000000000011
4634 11000000000010101000000000011
4635 11000000000011011000000000011
4636 11000000000011111000000000011
4637 11000000000100000100000000011
4638 11000000000100100100000000011
4639 11000000000101010100000000011
4640 11000000000101110100000000011
4641 11000000000110001100000000011
4642 11000000000110101100000000011
4643 11000000001000000010000000011
4644 11000000001000100010000000011
4645 11000000001001010010000000011
4646 11000000001001110010000000011
4647 11000000001010001010000000011
4648 11000000001010101010000000011
4649 11000000001100000110000000011
4650 11000000001100100110000000011
4651 11000000010000000001000000011
4652 11000000010000100001000000011
4653 11000000010001010001000000011
4654 11000000010001110001000000011
4655 11000000010010001001000000011
4656 11000000010010101001000000011
4657 11000000010100000101000000011
4658 11000000010100100101000000011
4659 11000000011000000011000000011
4660 11000000011000100011000000011
4661 11000000100000000000100000011
4662 11000000100000100000100000011
4663 11000000100001010000100000011
4664 11000000100001110000100000011
4665 11000000100010001000100000011
4666 11000000100010101000100000011
4667 11000000100100000100100000011
4668 11000000100100100100100000011
4669 11000000101000000010100000011
4670 11000000101000100010100000011
4671 11000000110000000001100000011
4672 11000000110000100001100000011
4673 11000001000000000000010000011
4674 11000001000000100000010000011
4675 11000001000000910000010000011
4676 11000001000001010000010000011
4677 11000001000001110000010000011
4678 11000001000010001000010000011
4679 11000001000010101000010000011
4680 11000001000100000100010000011
4681 11000001000100100100010000011
4682 11000001001000000010010000011
4683 11000001001000100010010000011
4684 11000001010000000001010000011
4685 11000001010000100001010000011
4686 11000001100000000000110000011
4687 11000001100000100000110000011
4688 11000010000000000000001000011
4689 11000010000000100000001000011
4690 11000010000001010000001000011
4691 11000010000001110000001000011
4692 11000010000010001000001000011
4693 11000010000010101000001000011
4694 11000010000100000100001000011
4695 11000010000100100100001000011
4696 11000010001000000010001000011
4697 11000010001000100010001000011
4698 11000010010000000001001000011
4699 11000010010000100001001000011
4700 11000010100000000000101000011
4701 11000010100000100000101000011
4702 11000011000000000000011000011
4703 11000011000000100000011000011
4704 11000100000000000000000100011
4705 11000100000000100000000100011
4706 11000100000001010000000100011
4707 11000100000001110000000100011
4708 11000100000010001000000100011
4709 11000100000010101000000100011
4710 11000100000100000100000100011
4711 11000100000100100100000100011
4712 11000100001000000010000100011
4713 11000100001000100010000100011
4714 11000100010000000001000100011
4715 11000100010000100001000100011
4716 11000100100000000000100100011
4717 11000100100000100000100100011
4718 11000101000000000000010100011
4719 11000101000000100000010100011
4720 11000110000000000000001100011
4721 11000110000000100000001100011
4722 11001000000000000000000010011
4723 11001000000000100000000010011
4724 11001000000001010000000010011
4725 11001000000001110000000010011
4726 11001000000010001000000010011
4727 11001000000010101000000010011
4728 11001000000100000100000010011
4729 11001000000100100100000010011
4730 11001000001000000010000010011
4731 11001000001000100010000010011
4732 11001000010000000001000010011
4733 11001000010000100001000010011
4734 11001000100000000000100010011
4735 11001000100000100000100010011
4736 11001001000000000000010010011
4737 11001001000000100000010010011
4738 11001010000000000000001010011
4739 11001010000000100000001010011
4740 11001100000000000000000110011
4741 11001100000000100000000110011
4742 11010000000000000000000001011
4743 11010000000000100000000001011
4744 11010000000001010000000001011
4745 11010000000001110000000001011
4746 11010000000010001000000001011
4747 11010000000010101000000001011
4748 11010000000100000100000001011
4749 11010000000100100100000001011
4750 11010000001000000010000001011
4751 11010000001000100010000001011
4752 11010000010000000001000001011
4753 11010000010000100001000001011
4754 11010000100000000000100001011
4755 11010000100000100000100001011
4756 11010001000000000000010001011
4757 11010001000000100000010001011
4758 11010010000000000000001001011
4759 11010010000000100000001001011
4760 11010100000000000000000101011
4761 11010100000000100000000101011
4762 11011000000000000000000011011
4763 11011000000000100000000011011
4764 11100000000000000000000000111
4765 11100000000000100000000000111
4766 11100000000000910000000000111
4767 11100000000001010000000000111
4768 11100000000001110000000000111
4769 11100000000010001000000000111
4770 11100000000010101000000000111
4771 11100000000100000100000000111
4772 11100000000100100100000000111
4773 11100000001000000010000000111
4774 11100000001000100010000000111
4775 11100000010000000001000000111
4776 11100000010000100001000000111
4777 11100000100000000000100000111
4778 11100000100000100000100000111
4779 11100001000000000000010000111
4780 11100001000000100000010000111
4781 11100010000000000000001000111
4782 11100010000000100000001000111
4783 11100100000000000000000100111
4784 11100100000000100000000100111
4785 11101000000000000000000010111
4786 11101000000000100000000010111
4787 11110000000000000000000001111
4788 11110000000000100000000001111
4789 11219988402958206841478502211
4790 13023229862595863669058813031
4791 20000000000000000000000000002
4792 20000000000000100000000000002
4793 69697645997692395446140967172
4794 100000000000000000000000000001
4795 100000000000001100000000000001
4796 100000000000010010000000000001
4797 100000000000011110000000000001
4798 100000000000100001000000000001
4799 100000000000101101000000000001
4800 100000000000110011000000000001
4801 100000000000111111000000000001
4802 100000000001000000100000000001
4803 100000000001001100100000000001
4804 100000000001010010100000000001
4805 100000000001011110100000000001
4806 100000000001100001100000000001
4807 100000000001101101100000000001
4808 100000000001110011100000000001
4809 100000000010000000010000000001
4810 100000000010001100010000000001
4811 100000000010010010010000000001
4812 100000000010011110010000000001
4813 100000000010100001010000000001
4814 100000000010101101010000000001
4815 100000000010110011010000000001
4816 100000000011000000110000000001
4817 100000000011001100110000000001
4818 100000000011010010110000000001
4819 100000000011100001110000000001
4820 100000000100000000001000000001
4821 100000000100001100001000000001
4822 100000000100010010001000000001
4823 100000000100011110001000000001
4824 100000000100100001001000000001
4825 100000000100101101001000000001
4826 100000000100110011001000000001
4827 100000000101000000101000000001
4828 100000000101001100101000000001
4829 100000000101010010101000000001
4830 100000000101100001101000000001
4831 100000000110000000011000000001
4832 100000000110001100011000000001
4833 100000000110010010011000000001
4834 100000000110100001011000000001
4835 100000000111000000111000000001
4836 100000001000000000000100000001
4837 100000001000001100000100000001
4838 100000001000010010000100000001
4839 100000001000011110000100000001
4840 100000001000100001000100000001
4841 100000001000101101000100000001
4842 100000001000110011000100000001
4843 100000001001000000100100000001
4844 100000001001001100100100000001
4845 100000001001010010100100000001
4846 100000001001100001100100000001
4847 100000001010000000010100000001
4848 100000001010001100010100000001
4849 100000001010010010010100000001
4850 100000001010100001010100000001
4851 100000001011000000110100000001
4852 100000001100000000001100000001
4853 100000001100001100001100000001
4854 100000001100010010001100000001
4855 100000001100100001001100000001
4856 100000001101000000101100000001
4857 100000001110000000011100000001
4858 100000010000000000000010000001
4859 100000010000001100000010000001
4860 100000010000010010000010000001
4861 100000010000011110000010000001
4862 100000010000100001000010000001
4863 100000010000101101000010000001
4864 100000010000110011000010000001
4865 100000010001000000100010000001
4866 100000010001001100100010000001
4867 100000010001010010100010000001
4868 100000010001100001100010000001
4869 100000010010000000010010000001
4870 100000010010001100010010000001
4871 100000010010010010010010000001
4872 100000010010100001010010000001
4873 100000010011000000110010000001
4874 100000010100000000001010000001
4875 100000010100001100001010000001
4876 100000010100010010001010000001
4877 100000010100100001001010000001
4878 100000010101000000101010000001
4879 100000010110000000011010000001
4880 100000011000000000000110000001
4881 100000011000001100000110000001
4882 100000011000010010000110000001
4883 100000011000100001000110000001
4884 100000011001000000100110000001
4885 100000011010000000010110000001
4886 100000011100000000001110000001
4887 100000100000000000000001000001
4888 100000100000001100000001000001
4889 100000100000010010000001000001
4890 100000100000011110000001000001
4891 100000100000100001000001000001
4892 100000100000101101000001000001
4893 100000100000110011000001000001
4894 100000100001000000100001000001
4895 100000100001001100100001000001
4896 100000100001010010100001000001
4897 100000100001100001100001000001
4898 100000100010000000010001000001
4899 100000100010001100010001000001
4900 100000100010010010010001000001
4901 100000100010100001010001000001
4902 100000100011000000110001000001
4903 100000100100000000001001000001
4904 100000100100001100001001000001
4905 100000100100010010001001000001
4906 100000100100100001001001000001
4907 100000100101000000101001000001
4908 100000100110000000011001000001
4909 100000101000000000000101000001
4910 100000101000001100000101000001
4911 100000101000010010000101000001
4912 100000101000100001000101000001
4913 100000101001000000100101000001
4914 100000101010000000010101000001
4915 100000101100000000001101000001
4916 100000110000000000000011000001
4917 100000110000001100000011000001
4918 100000110000010010000011000001
4919 100000110000100001000011000001
4920 100000110001000000100011000001
4921 100000110010000000010011000001
4922 100000110100000000001011000001
4923 100000111000000000000111000001
4924 100001000000000000000000100001
4925 100001000000001100000000100001
4926 100001000000010010000000100001
4927 100001000000011110000000100001
4928 100001000000100001000000100001
4929 100001000000101101000000100001
4930 100001000000110011000000100001
4931 100001000001000000100000100001
4932 100001000001001100100000100001
4933 100001000001010010100000100001
4934 100001000001100001100000100001
4935 100001000010000000010000100001
4936 100001000010001100010000100001
4937 100001000010010010010000100001
4938 100001000010100001010000100001
4939 100001000011000000110000100001
4940 100001000100000000001000100001
4941 100001000100001100001000100001
4942 100001000100010010001000100001
4943 100001000100100001001000100001
4944 100001000101000000101000100001
4945 100001000110000000011000100001
4946 100001001000000000000100100001
4947 100001001000001100000100100001
4948 100001001000010010000100100001
4949 100001001000100001000100100001
4950 100001001001000000100100100001
4951 100001001010000000010100100001
4952 100001001100000000001100100001
4953 100001010000000000000010100001
4954 100001010000001100000010100001
4955 100001010000010010000010100001
4956 100001010000100001000010100001
4957 100001010001000000100010100001
4958 100001010010000000010010100001
4959 100001010100000000001010100001
4960 100001011000000000000110100001
4961 100001100000000000000001100001
4962 100001100000001100000001100001
4963 100001100000010010000001100001
4964 100001100000100001000001100001
4965 100001100001000000100001100001
4966 100001100010000000010001100001
4967 100001100100000000001001100001
4968 100001101000000000000101100001
4969 100001110000000000000011100001
4970 100010000000000000000000010001
4971 100010000000001100000000010001
4972 100010000000010010000000010001
4973 100010000000011110000000010001
4974 100010000000100001000000010001
4975 100010000000101101000000010001
4976 100010000000110011000000010001
4977 100010000001000000100000010001
4978 100010000001001100100000010001
4979 100010000001010010100000010001
4980 100010000001100001100000010001
4981 100010000010000000010000010001
4982 100010000010001100010000010001
4983 100010000010010010010000010001
4984 100010000010100001010000010001
4985 100010000011000000110000010001
4986 100010000100000000001000010001
4987 100010000100001100001000010001
4988 100010000100010010001000010001
4989 100010000100100001001000010001
4990 100010000101000000101000010001
4991 100010000110000000011000010001
4992 100010001000000000000100010001
4993 100010001000001100000100010001
4994 100010001000010010000100010001
4995 100010001000100001000100010001
4996 100010001001000000100100010001
4997 100010001010000000010100010001
4998 100010001100000000001100010001
4999 100010010000000000000010010001
5000 100010010000001100000010010001
5001 100010010000010010000010010001
5002 100010010000100001000010010001
5003 100010010001000000100010010001
5004 100010010010000000010010010001
5005 100010010100000000001010010001
5006 100010011000000000000110010001
5007 100010100000000000000001010001
5008 100010100000001100000001010001
5009 100010100000010010000001010001
5010 100010100000100001000001010001
5011 100010100001000000100001010001
5012 100010100010000000010001010001
5013 100010100100000000001001010001
5014 100010101000000000000101010001
5015 100010110000000000000011010001
5016 100011000000000000000000110001
5017 100011000000001100000000110001
5018 100011000000010010000000110001
5019 100011000000100001000000110001
5020 100011000001000000100000110001
5021 100011000010000000010000110001
5022 100011000100000000001000110001
5023 100011001000000000000100110001
5024 100011010000000000000010110001
5025 100011100000000000000001110001
5026 100100000000000000000000001001
5027 100100000000001100000000001001
5028 100100000000010010000000001001
5029 100100000000011110000000001001
5030 100100000000100001000000001001
5031 100100000000101101000000001001
5032 100100000000110011000000001001
5033 100100000001000000100000001001
5034 100100000001001100100000001001
5035 100100000001010010100000001001
5036 100100000001100001100000001001
5037 100100000010000000010000001001
5038 100100000010001100010000001001
5039 100100000010010010010000001001
5040 100100000010100001010000001001
5041 100100000011000000110000001001
5042 100100000100000000001000001001
5043 100100000100001100001000001001
5044 100100000100010010001000001001
5045 100100000100100001001000001001
5046 100100000101000000101000001001
5047 100100000110000000011000001001
5048 100100001000000000000100001001
5049 100100001000001100000100001001
5050 100100001000010010000100001001
5051 100100001000100001000100001001
5052 100100001001000000100100001001
5053 100100001010000000010100001001
5054 100100001100000000001100001001
5055 100100010000000000000010001001
5056 100100010000001100000010001001
5057 100100010000010010000010001001
5058 100100010000100001000010001001
5059 100100010001000000100010001001
5060 100100010010000000010010001001
5061 100100010100000000001010001001
5062 100100011000000000000110001001
5063 100100100000000000000001001001
5064 100100100000001100000001001001
5065 100100100000010010000001001001
5066 100100100000100001000001001001
5067 100100100001000000100001001001
5068 100100100010000000010001001001
5069 100100100100000000001001001001
5070 100100101000000000000101001001
5071 100100110000000000000011001001
5072 100101000000000000000000101001
5073 100101000000001100000000101001
5074 100101000000010010000000101001
5075 100101000000100001000000101001
5076 100101000001000000100000101001
5077 100101000010000000010000101001
5078 100101000100000000001000101001
5079 100101001000000000000100101001
5080 100101010000000000000010101001
5081 100101100000000000000001101001
5082 100110000000000000000000011001
5083 100110000000001100000000011001
5084 100110000000010010000000011001
5085 100110000000100001000000011001
5086 100110000001000000100000011001
5087 100110000010000000010000011001
5088 100110000100000000001000011001
5089 100110001000000000000100011001
5090 100110010000000000000010011001
5091 100110100000000000000001011001
5092 100111000000000000000000111001
5093 101000000000000000000000000101
5094 101000000000001100000000000101
5095 101000000000010010000000000101
5096 101000000000011110000000000101
5097 101000000000100001000000000101
5098 101000000000101101000000000101
5099 101000000000110011000000000101
5100 101000000001000000100000000101
5101 101000000001001100100000000101
5102 101000000001010010100000000101
5103 101000000001100001100000000101
5104 101000000010000000010000000101
5105 101000000010001100010000000101
5106 101000000010010010010000000101
5107 101000000010100001010000000101
5108 101000000011000000110000000101
5109 101000000100000000001000000101
5110 101000000100001100001000000101
5111 101000000100010010001000000101
5112 101000000100100001001000000101
5113 101000000101000000101000000101
5114 101000000110000000011000000101
5115 101000001000000000000100000101
5116 101000001000001100000100000101
5117 101000001000010010000100000101
5118 101000001000100001000100000101
5119 101000001001000000100100000101
5120 101000001010000000010100000101
5121 101000001100000000001100000101
5122 101000010000000000000010000101
5123 101000010000001100000010000101
5124 101000010000010010000010000101
5125 101000010000100001000010000101
5126 101000010001000000100010000101
5127 101000010010000000010010000101
5128 101000010100000000001010000101
5129 101000011000000000000110000101
5130 101000100000000000000001000101
5131 101000100000001100000001000101
5132 101000100000010010000001000101
5133 101000100000100001000001000101
5134 101000100001000000100001000101
5135 101000100010000000010001000101
5136 101000100100000000001001000101
5137 101000101000000000000101000101
5138 101000110000000000000011000101
5139 101001000000000000000000100101
5140 101001000000001100000000100101
5141 101001000000010010000000100101
5142 101001000000100001000000100101
5143 101001000001000000100000100101
5144 101001000010000000010000100101
5145 101001000100000000001000100101
5146 101001001000000000000100100101
5147 101001010000000000000010100101
5148 101001100000000000000001100101
5149 101010000000000000000000010101
5150 101010000000001100000000010101
5151 101010000000010010000000010101
5152 101010000000100001000000010101
5153 101010000001000000100000010101
5154 101010000010000000010000010101
5155 101010000100000000001000010101
5156 101010001000000000000100010101
5157 101010010000000000000010010101
5158 101010100000000000000001010101
5159 101011000000000000000000110101
5160 101100000000000000000000001101
5161 101100000000001100000000001101
5162 101100000000010010000000001101
5163 101100000000100001000000001101
5164 101100000001000000100000001101
5165 101100000010000000010000001101
5166 101100000100000000001000001101
5167 101100001000000000000100001101
5168 101100010000000000000010001101
5169 101100100000000000000001001101
5170 101101000000000000000000101101
5171 101110000000000000000000011101
5172 102956548239095784750974549051
5173 110000000000000000000000000011
5174 110000000000001100000000000011
5175 110000000000010010000000000011
5176 110000000000011110000000000011
5177 110000000000100001000000000011
5178 110000000000101101000000000011
5179 110000000000110011000000000011
5180 110000000001000000100000000011
5181 110000000001001100100000000011
5182 110000000001010010100000000011
5183 110000000001100001100000000011
5184 110000000010000000010000000011
5185 110000000010001100010000000011
5186 110000000010010010010000000011
5187 110000000010100001010000000011
5188 110000000011000000110000000011
5189 110000000100000000001000000011
5190 110000000100001100001000000011
5191 110000000100010010001000000011
5192 110000000100100001001000000011
5193 110000000101000000101000000011
5194 110000000110000000011000000011
5195 110000001000000000000100000011
5196 110000001000001100000100000011
5197 110000001000010010000100000011
5198 110000001000100001000100000011
5199 110000001001000000100100000011
5200 110000001010000000010100000011
5201 110000001100000000001100000011
5202 110000010000000000000010000011
5203 110000010000001100000010000011
5204 110000010000010010000010000011
5205 110000010000100001000010000011
5206 110000010001000000100010000011
5207 110000010010000000010010000011
5208 110000010100000000001010000011
5209 110000011000000000000110000011
5210 110000100000000000000001000011
5211 110000100000001100000001000011
5212 110000100000010010000001000011
5213 110000100000100001000001000011
5214 110000100001000000100001000011
5215 110000100010000000010001000011
5216 110000100100000000001001000011
5217 110000101000000000000101000011
5218 110000110000000000000011000011
5219 110001000000000000000000100011
5220 110001000000001100000000100011
5221 110001000000010010000000100011
5222 110001000000100001000000100011
5223 110001000001000000100000100011
5224 110001000010000000010000100011
5225 110001000100000000001000100011
5226 110001001000000000000100100011
5227 110001010000000000000010100011
5228 110001100000000000000001100011
5229 110010000000000000000000010011
5230 110010000000001100000000010011
5231 110010000000010010000000010011
5232 110010000000100001000000010011
5233 110010000001000000100000010011
5234 110010000010000000010000010011
5235 110010000100000000001000010011
5236 110010001000000000000100010011
5237 110010010000000000000010010011
5238 110010100000000000000001010011
5239 110011000000000000000000110011
5240 110100000000000000000000001011
5241 110100000000001100000000001011
5242 110100000000010010000000001011
5243 110100000000100001000000001011
5244 110100000001000000100000001011
5245 110100000010000000010000001011
5246 110100000100000000001000001011
5247 110100001000000000000100001011
5248 110100010000000000000010001011
5249 110100100000000000000001001011
5250 110101000000000000000000101011
5251 110110000000000000000000011011
5252 111000000000000000000000000111
5253 111000000000001100000000000111
5254 111000000000010010000000000111
5255 111000000000100001000000000111
5256 111000000001000000100000000111
5257 111000000010000000010000000111
5258 111000000100000000001000000111
5259 111000001000000000000100000111
5260 111000010000000000000010000111
5261 111000100000000000000001000111
5262 111001000000000000000000100111
5263 111010000000000000000000010111
5264 111100000000000000000000001111
5265 130303161860097498924329036469
5266 200000000000000000000000000002
5267 228106257936763286220319446695
5268 725657034735673961274833643725
5269 1000000000000000000000000000001
5270 1000000000000001000000000000001
5271 1000000000000002000000000000001
5272 1000000000000010100000000000001
5273 1000000000000011100000000000001
5274 1000000000000012100000000000001
5275 1000000000000100010000000000001
5276 1000000000000101010000000000001
5277 1000000000000102010000000000001
5278 1000000000000110110000000000001
5279 1000000000000111110000000000001
5280 1000000000001000001000000000001
5281 1000000000001001001000000000001
5282 1000000000001002001000000000001
5283 1000000000001010101000000000001
5284 1000000000001011101000000000001
5285 1000000000001100011000000000001
5286 1000000000001101011000000000001
5287 1000000000001110111000000000001
5288 1000000000001111111000000000001
5289 1000000000010000000100000000001
5290 1000000000010001000100000000001
5291 1000000000010002000100000000001
5292 1000000000010010100100000000001
5293 1000000000010011100100000000001
5294 1000000000010100010100000000001
5295 1000000000010101010100000000001
5296 1000000000010110110100000000001
5297 1000000000010111110100000000001
5298 1000000000011000001100000000001
5299 1000000000011001001100000000001
5300 1000000000011010101100000000001
5301 1000000000011011101100000000001
5302 1000000000011100011100000000001
5303 1000000000011101011100000000001
5304 1000000000100000000010000000001
5305 1000000000100001000010000000001
5306 1000000000100002000010000000001
5307 1000000000100010100010000000001
5308 1000000000100011100010000000001
5309 1000000000100100010010000000001
5310 1000000000100101010010000000001
5311 1000000000100110110010000000001
5312 1000000000100111110010000000001
5313 1000000000101000001010000000001
5314 1000000000101001001010000000001
5315 1000000000101010101010000000001
5316 1000000000101011101010000000001
5317 1000000000101100011010000000001
5318 1000000000101101011010000000001
5319 1000000000110000000110000000001
5320 1000000000110001000110000000001
5321 1000000000110010100110000000001
5322 1000000000110011100110000000001
5323 1000000000110100010110000000001
5324 1000000000110101010110000000001
5325 1000000000111000001110000000001
5326 1000000000111001001110000000001
5327 1000000001000000000001000000001
5328 1000000001000001000001000000001
5329 1000000001000002000001000000001
5330 1000000001000010100001000000001
5331 1000000001000011100001000000001
5332 1000000001000100010001000000001
5333 1000000001000101010001000000001
5334 1000000001000110110001000000001
5335 1000000001000111110001000000001
5336 1000000001001000001001000000001
5337 1000000001001001001001000000001
5338 1000000001001010101001000000001
5339 1000000001001011101001000000001
5340 1000000001001100011001000000001
5341 1000000001001101011001000000001
5342 1000000001010000000101000000001
5343 1000000001010001000101000000001
5344 1000000001010010100101000000001
5345 1000000001010011100101000000001
5346 1000000001010100010101000000001
5347 1000000001010101010101000000001
5348 1000000001011000001101000000001
5349 1000000001011001001101000000001
5350 1000000001100000000011000000001
5351 1000000001100001000011000000001
5352 1000000001100010100011000000001
5353 1000000001100011100011000000001
5354 1000000001100100010011000000001
5355 1000000001100101010011000000001
5356 1000000001101000001011000000001
5357 1000000001101001001011000000001
5358 1000000001110000000111000000001
5359 1000000001110001000111000000001
5360 1000000010000000000000100000001
5361 1000000010000001000000100000001
5362 1000000010000002000000100000001
5363 1000000010000010100000100000001
5364 1000000010000011100000100000001
5365 1000000010000100010000100000001
5366 1000000010000101010000100000001
5367 1000000010000110110000100000001
5368 1000000010000111110000100000001
5369 1000000010001000001000100000001
5370 1000000010001001001000100000001
5371 1000000010001010101000100000001
5372 1000000010001011101000100000001
5373 1000000010001100011000100000001
5374 1000000010001101011000100000001
5375 1000000010010000000100100000001
5376 1000000010010001000100100000001
5377 1000000010010010100100100000001
5378 1000000010010011100100100000001
5379 1000000010010100010100100000001
5380 1000000010010101010100100000001
5381 1000000010011000001100100000001
5382 1000000010011001001100100000001
5383 1000000010100000000010100000001
5384 1000000010100001000010100000001
5385 1000000010100010100010100000001
5386 1000000010100011100010100000001
5387 1000000010100100010010100000001
5388 1000000010100101010010100000001
5389 1000000010101000001010100000001
5390 1000000010101001001010100000001
5391 1000000010110000000110100000001
5392 1000000010110001000110100000001
5393 1000000011000000000001100000001
5394 1000000011000001000001100000001
5395 1000000011000010100001100000001
5396 1000000011000011100001100000001
5397 1000000011000100010001100000001
5398 1000000011000101010001100000001
5399 1000000011001000001001100000001
5400 1000000011001001001001100000001
5401 1000000011010000000101100000001
5402 1000000011010001000101100000001
5403 1000000011100000000011100000001
5404 1000000011100001000011100000001
5405 1000000100000000000000010000001
5406 1000000100000001000000010000001
5407 1000000100000002000000010000001
5408 1000000100000010100000010000001
5409 1000000100000011100000010000001
5410 1000000100000100010000010000001
5411 1000000100000101010000010000001
5412 1000000100000110110000010000001
5413 1000000100000111110000010000001
5414 1000000100001000001000010000001
5415 1000000100001001001000010000001
5416 1000000100001010101000010000001
5417 1000000100001011101000010000001
5418 1000000100001100011000010000001
5419 1000000100001101011000010000001
5420 1000000100010000000100010000001
5421 1000000100010001000100010000001
5422 1000000100010010100100010000001
5423 1000000100010011100100010000001
5424 1000000100010100010100010000001
5425 1000000100010101010100010000001
5426 1000000100011000001100010000001
5427 1000000100011001001100010000001
5428 1000000100100000000010010000001
5429 1000000100100001000010010000001
5430 1000000100100010100010010000001
5431 1000000100100011100010010000001
5432 1000000100100100010010010000001
5433 1000000100100101010010010000001
5434 1000000100101000001010010000001
5435 1000000100101001001010010000001
5436 1000000100110000000110010000001
5437 1000000100110001000110010000001
5438 1000000101000000000001010000001
5439 1000000101000001000001010000001
5440 1000000101000010100001010000001
5441 1000000101000011100001010000001
5442 1000000101000100010001010000001
5443 1000000101000101010001010000001
5444 1000000101001000001001010000001
5445 1000000101001001001001010000001
5446 1000000101010000000101010000001
5447 1000000101010001000101010000001
5448 1000000101100000000011010000001
5449 1000000101100001000011010000001
5450 1000000109999999000000110000001
5451 1000000110000000000000110000001
5452 1000000110000001000000110000001
5453 1000000110000009100000110000001
5454 1000000110000010100000110000001
5455 1000000110000011100000110000001
5456 1000000110000100010000110000001
5457 1000000110000101010000110000001
5458 1000000110001000001000110000001
5459 1000000110001001001000110000001
5460 1000000110009999000100110000001
5461 1000000110010000000100110000001
5462 1000000110010001000100110000001
5463 1000000110100000000010110000001
5464 1000000110100001000010110000001
5465 1000000111000000000001110000001
5466 1000000111000001000001110000001
5467 1000001000000000000000001000001
5468 1000001000000001000000001000001
5469 1000001000000002000000001000001
5470 1000001000000010100000001000001
5471 1000001000000011100000001000001
5472 1000001000000100010000001000001
5473 1000001000000101010000001000001
5474 1000001000000110110000001000001
5475 1000001000000111110000001000001
5476 1000001000001000001000001000001
5477 1000001000001001001000001000001
5478 1000001000001010101000001000001
5479 1000001000001011101000001000001
5480 1000001000001100011000001000001
5481 1000001000001101011000001000001
5482 1000001000010000000100001000001
5483 1000001000010001000100001000001
5484 1000001000010010100100001000001
5485 1000001000010011100100001000001
5486 1000001000010100010100001000001
5487 1000001000010101010100001000001
5488 1000001000011000001100001000001
5489 1000001000011001001100001000001
5490 1000001000100000000010001000001
5491 1000001000100001000010001000001
5492 1000001000100010100010001000001
5493 1000001000100011100010001000001
5494 1000001000100100010010001000001
5495 1000001000100101010010001000001
5496 1000001000101000001010001000001
5497 1000001000101001001010001000001
5498 1000001000110000000110001000001
5499 1000001000110001000110001000001
5500 1000001000999999000001001000001
5501 1000001001000000000001001000001
5502 1000001001000001000001001000001
5503 1000001001000010100001001000001
5504 1000001001000011100001001000001
5505 1000001001000100010001001000001
5506 1000001001000101010001001000001
5507 1000001001000999001001001000001
5508 1000001001001000001001001000001
5509 1000001001001001001001001000001
5510 1000001001010000000101001000001
5511 1000001001010001000101001000001
5512 1000001001100000000011001000001
5513 1000001001100001000011001000001
5514 1000001010000000000000101000001
5515 1000001010000001000000101000001
5516 1000001010000010100000101000001
5517 1000001010000011100000101000001
5518 1000001010000100010000101000001
5519 1000001010000101010000101000001
5520 1000001010001000001000101000001
5521 1000001010001001001000101000001
5522 1000001010010000000100101000001
5523 1000001010010001000100101000001
5524 1000001010100000000010101000001
5525 1000001010100001000010101000001
5526 1000001011000000000001101000001
5527 1000001011000001000001101000001
5528 1000001100000000000000011000001
5529 1000001100000001000000011000001
5530 1000001100000010100000011000001
5531 1000001100000011100000011000001
5532 1000001100000100010000011000001
5533 1000001100000101010000011000001
5534 1000001100001000001000011000001
5535 1000001100001001001000011000001
5536 1000001100010000000100011000001
5537 1000001100010001000100011000001
5538 1000001100100000000010011000001
5539 1000001100100001000010011000001
5540 1000001101000000000001011000001
5541 1000001101000001000001011000001
5542 1000001110000000000000111000001
5543 1000001110000001000000111000001
5544 1000010000000000000000000100001
5545 1000010000000001000000000100001
5546 1000010000000002000000000100001
5547 1000010000000010100000000100001
5548 1000010000000011100000000100001
5549 1000010000000100010000000100001
5550 1000010000000101010000000100001
5551 1000010000000110110000000100001
5552 1000010000000111110000000100001
5553 1000010000001000001000000100001
5554 1000010000001001001000000100001
5555 1000010000001010101000000100001
5556 1000010000001011101000000100001
5557 1000010000001100011000000100001
5558 1000010000001101011000000100001
5559 1000010000010000000100000100001
5560 1000010000010001000100000100001
5561 1000010000010010100100000100001
5562 1000010000010011100100000100001
5563 1000010000010100010100000100001
5564 1000010000010101010100000100001
5565 1000010000011000001100000100001
5566 1000010000011001001100000100001
5567 1000010000099999000010000100001
5568 1000010000100000000010000100001
5569 1000010000100001000010000100001
5570 1000010000100010100010000100001
5571 1000010000100011100010000100001
5572 1000010000100100010010000100001
5573 1000010000100101010010000100001
5574 1000010000101000001010000100001
5575 1000010000101001001010000100001
5576 1000010000110000000110000100001
5577 1000010000110001000110000100001
5578 1000010001000000000001000100001
5579 1000010001000001000001000100001
5580 1000010001000010100001000100001
5581 1000010001000011100001000100001
5582 1000010001000100010001000100001
5583 1000010001000101010001000100001
5584 1000010001001000001001000100001
5585 1000010001001001001001000100001
5586 1000010001010000000101000100001
5587 1000010001010001000101000100001
5588 1000010001100000000011000100001
5589 1000010001100001000011000100001
5590 1000010010000000000000100100001
5591 1000010010000001000000100100001
5592 1000010010000010100000100100001
5593 1000010010000011100000100100001
5594 1000010010000100010000100100001
5595 1000010010000101010000100100001
5596 1000010010001000001000100100001
5597 1000010010001001001000100100001
5598 1000010010010000000100100100001
5599 1000010010010001000100100100001
5600 1000010010100000000010100100001
5601 1000010010100001000010100100001
5602 1000010011000000000001100100001
5603 1000010011000001000001100100001
5604 1000010100000000000000010100001
5605 1000010100000001000000010100001
5606 1000010100000010100000010100001
5607 1000010100000011100000010100001
5608 1000010100000100010000010100001
5609 1000010100000101010000010100001
5610 1000010100001000001000010100001
5611 1000010100001001001000010100001
5612 1000010100010000000100010100001
5613 1000010100010001000100010100001
5614 1000010100100000000010010100001
5615 1000010100100001000010010100001
5616 1000010101000000000001010100001
5617 1000010101000001000001010100001
5618 1000010110000000000000110100001
5619 1000010110000001000000110100001
5620 1000011000000000000000001100001
5621 1000011000000001000000001100001
5622 1000011000000010100000001100001
5623 1000011000000011100000001100001
5624 1000011000000100010000001100001
5625 1000011000000101010000001100001
5626 1000011000001000001000001100001
5627 1000011000001001001000001100001
5628 1000011000010000000100001100001
5629 1000011000010001000100001100001
5630 1000011000100000000010001100001
5631 1000011000100001000010001100001
5632 1000011001000000000001001100001
5633 1000011001000001000001001100001
5634 1000011010000000000000101100001
5635 1000011010000001000000101100001
5636 1000011100000000000000011100001
5637 1000011100000001000000011100001
5638 1000100000000000000000000010001
5639 1000100000000001000000000010001
5640 1000100000000002000000000010001
5641 1000100000000010100000000010001
5642 1000100000000011100000000010001
5643 1000100000000100010000000010001
5644 1000100000000101010000000010001
5645 1000100000000110110000000010001
5646 1000100000000111110000000010001
5647 1000100000001000001000000010001
5648 1000100000001001001000000010001
5649 1000100000001010101000000010001
5650 1000100000001011101000000010001
5651 1000100000001100011000000010001
5652 1000100000001101011000000010001
5653 1000100000009999000100000010001
5654 1000100000010000000100000010001
5655 1000100000010001000100000010001
5656 1000100000010010100100000010001
5657 1000100000010011100100000010001
5658 1000100000010099010100000010001
5659 1000100000010100010100000010001
5660 1000100000010101010100000010001
5661 1000100000011000001100000010001
5662 1000100000011001001100000010001
5663 1000100000100000000010000010001
5664 1000100000100001000010000010001
5665 1000100000100010100010000010001
5666 1000100000100011100010000010001
5667 1000100000100100010010000010001
5668 1000100000100101010010000010001
5669 1000100000101000001010000010001
5670 1000100000101001001010000010001
5671 1000100000110000000110000010001
5672 1000100000110001000110000010001
5673 1000100001000000000001000010001
5674 1000100001000001000001000010001
5675 1000100001000010100001000010001
5676 1000100001000011100001000010001
5677 1000100001000100010001000010001
5678 1000100001000101010001000010001
5679 1000100001001000001001000010001
5680 1000100001001001001001000010001
5681 1000100001010000000101000010001
5682 1000100001010001000101000010001
5683 1000100001100000000011000010001
5684 1000100001100001000011000010001
5685 1000100010000000000000100010001
5686 1000100010000001000000100010001
5687 1000100010000010100000100010001
5688 1000100010000011100000100010001
5689 1000100010000100010000100010001
5690 1000100010000101010000100010001
5691 1000100010001000001000100010001
5692 1000100010001001001000100010001
5693 1000100010009999000100100010001
5694 1000100010010000000100100010001
5695 1000100010010001000100100010001
5696 1000100010100000000010100010001
5697 1000100010100001000010100010001
5698 1000100011000000000001100010001
5699 1000100011000001000001100010001
5700 1000100100000000000000010010001
5701 1000100100000001000000010010001
5702 1000100100000010100000010010001
5703 1000100100000011100000010010001
5704 1000100100000100010000010010001
5705 1000100100000101010000010010001
5706 1000100100001000001000010010001
5707 1000100100001001001000010010001
5708 1000100100010000000100010010001
5709 1000100100010001000100010010001
5710 1000100100100000000010010010001
5711 1000100100100001000010010010001
5712 1000100101000000000001010010001
5713 1000100101000001000001010010001
5714 1000100110000000000000110010001
5715 1000100110000001000000110010001
5716 1000101000000000000000001010001
5717 1000101000000001000000001010001
5718 1000101000000010100000001010001
5719 1000101000000011100000001010001
5720 1000101000000100010000001010001
5721 1000101000000101010000001010001
5722 1000101000001000001000001010001
5723 1000101000001001001000001010001
5724 1000101000010000000100001010001
5725 1000101000010001000100001010001
5726 1000101000100000000010001010001
5727 1000101000100001000010001010001
5728 1000101001000000000001001010001
5729 1000101001000001000001001010001
5730 1000101010000000000000101010001
5731 1000101010000001000000101010001
5732 1000101100000000000000011010001
5733 1000101100000001000000011010001
5734 1000110000000000000000000110001
5735 1000110000000001000000000110001
5736 1000110000000010100000000110001
5737 1000110000000011100000000110001
5738 1000110000000100010000000110001
5739 1000110000000101010000000110001
5740 1000110000001000001000000110001
5741 1000110000001001001000000110001
5742 1000110000010000000100000110001
5743 1000110000010001000100000110001
5744 1000110000100000000010000110001
5745 1000110000100001000010000110001
5746 1000110001000000000001000110001
5747 1000110001000001000001000110001
5748 1000110010000000000000100110001
5749 1000110010000001000000100110001
5750 1000110100000000000000010110001
5751 1000110100000001000000010110001
5752 1000111000000000000000001110001
5753 1000111000000001000000001110001
5754 1001000000000000000000000001001
5755 1001000000000001000000000001001
5756 1001000000000002000000000001001
5757 1001000000000010100000000001001
5758 1001000000000011100000000001001
5759 1001000000000100010000000001001
5760 1001000000000101010000000001001
5761 1001000000000110110000000001001
5762 1001000000000111110000000001001
5763 1001000000000999001000000001001
5764 1001000000001000001000000001001
5765 1001000000001001001000000001001
5766 1001000000001010101000000001001
5767 1001000000001011101000000001001
5768 1001000000001100011000000001001
5769 1001000000001101011000000001001
5770 1001000000010000000100000001001
5771 1001000000010001000100000001001
5772 1001000000010010100100000001001
5773 1001000000010011100100000001001
5774 1001000000010100010100000001001
5775 1001000000010101010100000001001
5776 1001000000011000001100000001001
5777 1001000000011001001100000001001
5778 1001000000100000000010000001001
5779 1001000000100001000010000001001
5780 1001000000100010100010000001001
5781 1001000000100011100010000001001
5782 1001000000100100010010000001001
5783 1001000000100101010010000001001
5784 1001000000101000001010000001001
5785 1001000000101001001010000001001
5786 1001000000110000000110000001001
5787 1001000000110001000110000001001
5788 1001000001000000000001000001001
5789 1001000001000001000001000001001
5790 1001000001000010100001000001001
5791 1001000001000011100001000001001
5792 1001000001000100010001000001001
5793 1001000001000101010001000001001
5794 1001000001000999001001000001001
5795 1001000001001000001001000001001
5796 1001000001001001001001000001001
5797 1001000001010000000101000001001
5798 1001000001010001000101000001001
5799 1001000001100000000011000001001
5800 1001000001100001000011000001001
5801 1001000010000000000000100001001
5802 1001000010000001000000100001001
5803 1001000010000010100000100001001
5804 1001000010000011100000100001001
5805 1001000010000100010000100001001
5806 1001000010000101010000100001001
5807 1001000010001000001000100001001
5808 1001000010001001001000100001001
5809 1001000010010000000100100001001
5810 1001000010010001000100100001001
5811 1001000010100000000010100001001
5812 1001000010100001000010100001001
5813 1001000011000000000001100001001
5814 1001000011000001000001100001001
5815 1001000100000000000000010001001
5816 1001000100000001000000010001001
5817 1001000100000010100000010001001
5818 1001000100000011100000010001001
5819 1001000100000100010000010001001
5820 1001000100000101010000010001001
5821 1001000100001000001000010001001
5822 1001000100001001001000010001001
5823 1001000100010000000100010001001
5824 1001000100010001000100010001001
5825 1001000100100000000010010001001
5826 1001000100100001000010010001001
5827 1001000101000000000001010001001
5828 1001000101000001000001010001001
5829 1001000110000000000000110001001
5830 1001000110000001000000110001001
5831 1001001000000000000000001001001
5832 1001001000000001000000001001001
5833 1001001000000010100000001001001
5834 1001001000000011100000001001001
5835 1001001000000100010000001001001
5836 1001001000000101010000001001001
5837 1001001000000999001000001001001
5838 1001001000001000001000001001001
5839 1001001000001001001000001001001
5840 1001001000010000000100001001001
5841 1001001000010001000100001001001
5842 1001001000100000000010001001001
5843 1001001000100001000010001001001
5844 1001001001000000000001001001001
5845 1001001001000001000001001001001
5846 1001001010000000000000101001001
5847 1001001010000001000000101001001
5848 1001001100000000000000011001001
5849 1001001100000001000000011001001
5850 1001010000000000000000000101001
5851 1001010000000001000000000101001
5852 1001010000000010100000000101001
5853 1001010000000011100000000101001
5854 1001010000000100010000000101001
5855 1001010000000101010000000101001
5856 1001010000001000001000000101001
5857 1001010000001001001000000101001
5858 1001010000010000000100000101001
5859 1001010000010001000100000101001
5860 1001010000100000000010000101001
5861 1001010000100001000010000101001
5862 1001010001000000000001000101001
5863 1001010001000001000001000101001
5864 1001010010000000000000100101001
5865 1001010010000001000000100101001
5866 1001010100000000000000010101001
5867 1001010100000001000000010101001
5868 1001011000000000000000001101001
5869 1001011000000001000000001101001
5870 1001100000000000000000000011001
5871 1001100000000001000000000011001
5872 1001100000000010100000000011001
5873 1001100000000011100000000011001
5874 1001100000000100010000000011001
5875 1001100000000101010000000011001
5876 1001100000001000001000000011001
5877 1001100000001001001000000011001
5878 1001100000010000000100000011001
5879 1001100000010001000100000011001
5880 1001100000100000000010000011001
5881 1001100000100001000010000011001
5882 1001100001000000000001000011001
5883 1001100001000001000001000011001
5884 1001100010000000000000100011001
5885 1001100010000001000000100011001
5886 1001100100000000000000010011001
5887 1001100100000001000000010011001
5888 1001101000000000000000001011001
5889 1001101000000001000000001011001
5890 1001110000000000000000000111001
5891 1001110000000001000000000111001
5892 1010000000000000000000000000101
5893 1010000000000001000000000000101
5894 1010000000000002000000000000101
5895 1010000000000010100000000000101
5896 1010000000000011100000000000101
5897 1010000000000099010000000000101
5898 1010000000000100010000000000101
5899 1010000000000101010000000000101
5900 1010000000000109110000000000101
5901 1010000000000110110000000000101
5902 1010000000000111110000000000101
5903 1010000000001000001000000000101
5904 1010000000001001001000000000101
5905 1010000000001010101000000000101
5906 1010000000001011101000000000101
5907 1010000000001100011000000000101
5908 1010000000001101011000000000101
5909 1010000000010000000100000000101
5910 1010000000010001000100000000101
5911 1010000000010010100100000000101
5912 1010000000010011100100000000101
5913 1010000000010100010100000000101
5914 1010000000010101010100000000101
5915 1010000000011000001100000000101
5916 1010000000011001001100000000101
5917 1010000000100000000010000000101
5918 1010000000100001000010000000101
5919 1010000000100010100010000000101
5920 1010000000100011100010000000101
5921 1010000000100100010010000000101
5922 1010000000100101010010000000101
5923 1010000000101000001010000000101
5924 1010000000101001001010000000101
5925 1010000000110000000110000000101
5926 1010000000110001000110000000101
5927 1010000001000000000001000000101
5928 1010000001000001000001000000101
5929 1010000001000010100001000000101
5930 1010000001000011100001000000101
5931 1010000001000100010001000000101
5932 1010000001000101010001000000101
5933 1010000001001000001001000000101
5934 1010000001001001001001000000101
5935 1010000001010000000101000000101
5936 1010000001010001000101000000101
5937 1010000001100000000011000000101
5938 1010000001100001000011000000101
5939 1010000010000000000000100000101
5940 1010000010000001000000100000101
5941 1010000010000010100000100000101
5942 1010000010000011100000100000101
5943 1010000010000100010000100000101
5944 1010000010000101010000100000101
5945 1010000010001000001000100000101
5946 1010000010001001001000100000101
5947 1010000010010000000100100000101
5948 1010000010010001000100100000101
5949 1010000010100000000010100000101
5950 1010000010100001000010100000101
5951 1010000011000000000001100000101
5952 1010000011000001000001100000101
5953 1010000100000000000000010000101
5954 1010000100000001000000010000101
5955 1010000100000010100000010000101
5956 1010000100000011100000010000101
5957 1010000100000100010000010000101
5958 1010000100000101010000010000101
5959 1010000100001000001000010000101
5960 1010000100001001001000010000101
5961 1010000100010000000100010000101
5962 1010000100010001000100010000101
5963 1010000100100000000010010000101
5964 1010000100100001000010010000101
5965 1010000101000000000001010000101
5966 1010000101000001000001010000101
5967 1010000110000000000000110000101
5968 1010000110000001000000110000101
5969 1010001000000000000000001000101
5970 1010001000000001000000001000101
5971 1010001000000010100000001000101
5972 1010001000000011100000001000101
5973 1010001000000100010000001000101
5974 1010001000000101010000001000101
5975 1010001000001000001000001000101
5976 1010001000001001001000001000101
5977 1010001000010000000100001000101
5978 1010001000010001000100001000101
5979 1010001000100000000010001000101
5980 1010001000100001000010001000101
5981 1010001001000000000001001000101
5982 1010001001000001000001001000101
5983 1010001010000000000000101000101
5984 1010001010000001000000101000101
5985 1010001100000000000000011000101
5986 1010001100000001000000011000101
5987 1010010000000000000000000100101
5988 1010010000000001000000000100101
5989 1010010000000010100000000100101
5990 1010010000000011100000000100101
5991 1010010000000100010000000100101
5992 1010010000000101010000000100101
5993 1010010000001000001000000100101
5994 1010010000001001001000000100101
5995 1010010000010000000100000100101
5996 1010010000010001000100000100101
5997 1010010000100000000010000100101
5998 1010010000100001000010000100101
5999 1010010001000000000001000100101
6000 1010010001000001000001000100101
6001 1010010010000000000000100100101
6002 1010010010000001000000100100101
6003 1010010100000000000000010100101
6004 1010010100000001000000010100101
6005 1010011000000000000000001100101
6006 1010011000000001000000001100101
6007 1010100000000000000000000010101
6008 1010100000000001000000000010101
6009 1010100000000010100000000010101
6010 1010100000000011100000000010101
6011 1010100000000099010000000010101
6012 1010100000000100010000000010101
6013 1010100000000101010000000010101
6014 1010100000001000001000000010101
6015 1010100000001001001000000010101
6016 1010100000010000000100000010101
6017 1010100000010001000100000010101
6018 1010100000100000000010000010101
6019 1010100000100001000010000010101
6020 1010100001000000000001000010101
6021 1010100001000001000001000010101
6022 1010100010000000000000100010101
6023 1010100010000001000000100010101
6024 1010100100000000000000010010101
6025 1010100100000001000000010010101
6026 1010101000000000000000001010101
6027 1010101000000001000000001010101
6028 1010110000000000000000000110101
6029 1010110000000001000000000110101
6030 1011000000000000000000000001101
6031 1011000000000001000000000001101
6032 1011000000000010100000000001101
6033 1011000000000011100000000001101
6034 1011000000000100010000000001101
6035 1011000000000101010000000001101
6036 1011000000001000001000000001101
6037 1011000000001001001000000001101
6038 1011000000010000000100000001101
6039 1011000000010001000100000001101
6040 1011000000100000000010000001101
6041 1011000000100001000010000001101
6042 1011000001000000000001000001101
6043 1011000001000001000001000001101
6044 1011000010000000000000100001101
6045 1011000010000001000000100001101
6046 1011000100000000000000010001101
6047 1011000100000001000000010001101
6048 1011001000000000000000001001101
6049 1011001000000001000000001001101
6050 1011010000000000000000000101101
6051 1011010000000001000000000101101
6052 1011100000000000000000000011101
6053 1011100000000001000000000011101
6054 1100000000000000000000000000011
6055 1100000000000001000000000000011
6056 1100000000000002000000000000011
6057 1100000000000009100000000000011
6058 1100000000000010100000000000011
6059 1100000000000011100000000000011
6060 1100000000000100010000000000011
6061 1100000000000101010000000000011
6062 1100000000000110110000000000011
6063 1100000000000111110000000000011
6064 1100000000001000001000000000011
6065 1100000000001001001000000000011
6066 1100000000001010101000000000011
6067 1100000000001011101000000000011
6068 1100000000001100011000000000011
6069 1100000000001101011000000000011
6070 1100000000010000000100000000011
6071 1100000000010001000100000000011
6072 1100000000010010100100000000011
6073 1100000000010011100100000000011
6074 1100000000010100010100000000011
6075 1100000000010101010100000000011
6076 1100000000011000001100000000011
6077 1100000000011001001100000000011
6078 1100000000100000000010000000011
6079 1100000000100001000010000000011
6080 1100000000100010100010000000011
6081 1100000000100011100010000000011
6082 1100000000100100010010000000011
6083 1100000000100101010010000000011
6084 1100000000101000001010000000011
6085 1100000000101001001010000000011
6086 1100000000110000000110000000011
6087 1100000000110001000110000000011
6088 1100000001000000000001000000011
6089 1100000001000001000001000000011
6090 1100000001000010100001000000011
6091 1100000001000011100001000000011
6092 1100000001000100010001000000011
6093 1100000001000101010001000000011
6094 1100000001001000001001000000011
6095 1100000001001001001001000000011
6096 1100000001010000000101000000011
6097 1100000001010001000101000000011
6098 1100000001100000000011000000011
6099 1100000001100001000011000000011
6100 1100000010000000000000100000011
6101 1100000010000001000000100000011
6102 1100000010000009100000100000011
6103 1100000010000010100000100000011
6104 1100000010000011100000100000011
6105 1100000010000100010000100000011
6106 1100000010000101010000100000011
6107 1100000010001000001000100000011
6108 1100000010001001001000100000011
6109 1100000010010000000100100000011
6110 1100000010010001000100100000011
6111 1100000010100000000010100000011
6112 1100000010100001000010100000011
6113 1100000011000000000001100000011
6114 1100000011000001000001100000011
6115 1100000100000000000000010000011
6116 1100000100000001000000010000011
6117 1100000100000010100000010000011
6118 1100000100000011100000010000011
6119 1100000100000100010000010000011
6120 1100000100000101010000010000011
6121 1100000100001000001000010000011
6122 1100000100001001001000010000011
6123 1100000100010000000100010000011
6124 1100000100010001000100010000011
6125 1100000100100000000010010000011
6126 1100000100100001000010010000011
6127 1100000101000000000001010000011
6128 1100000101000001000001010000011
6129 1100000110000000000000110000011
6130 1100000110000001000000110000011
6131 1100001000000000000000001000011
6132 1100001000000001000000001000011
6133 1100001000000010100000001000011
6134 1100001000000011100000001000011
6135 1100001000000100010000001000011
6136 1100001000000101010000001000011
6137 1100001000001000001000001000011
6138 1100001000001001001000001000011
6139 1100001000010000000100001000011
6140 1100001000010001000100001000011
6141 1100001000100000000010001000011
6142 1100001000100001000010001000011
6143 1100001001000000000001001000011
6144 1100001001000001000001001000011
6145 1100001010000000000000101000011
6146 1100001010000001000000101000011
6147 1100001100000000000000011000011
6148 1100001100000001000000011000011
6149 1100010000000000000000000100011
6150 1100010000000001000000000100011
6151 1100010000000010100000000100011
6152 1100010000000011100000000100011
6153 1100010000000100010000000100011
6154 1100010000000101010000000100011
6155 1100010000001000001000000100011
6156 1100010000001001001000000100011
6157 1100010000010000000100000100011
6158 1100010000010001000100000100011
6159 1100010000100000000010000100011
6160 1100010000100001000010000100011
6161 1100010001000000000001000100011
6162 1100010001000001000001000100011
6163 1100010010000000000000100100011
6164 1100010010000001000000100100011
6165 1100010100000000000000010100011
6166 1100010100000001000000010100011
6167 1100011000000000000000001100011
6168 1100011000000001000000001100011
6169 1100100000000000000000000010011
6170 1100100000000001000000000010011
6171 1100100000000010100000000010011
6172 1100100000000011100000000010011
6173 1100100000000100010000000010011
6174 1100100000000101010000000010011
6175 1100100000001000001000000010011
6176 1100100000001001001000000010011
6177 1100100000010000000100000010011
6178 1100100000010001000100000010011
6179 1100100000100000000010000010011
6180 1100100000100001000010000010011
6181 1100100001000000000001000010011
6182 1100100001000001000001000010011
6183 1100100010000000000000100010011
6184 1100100010000001000000100010011
6185 1100100100000000000000010010011
6186 1100100100000001000000010010011
6187 1100101000000000000000001010011
6188 1100101000000001000000001010011
6189 1100110000000000000000000110011
6190 1100110000000001000000000110011
6191 1101000000000000000000000001011
6192 1101000000000001000000000001011
6193 1101000000000010100000000001011
6194 1101000000000011100000000001011
6195 1101000000000100010000000001011
6196 1101000000000101010000000001011
6197 1101000000001000001000000001011
6198 1101000000001001001000000001011
6199 1101000000010000000100000001011
6200 1101000000010001000100000001011
6201 1101000000100000000010000001011
6202 1101000000100001000010000001011
6203 1101000001000000000001000001011
6204 1101000001000001000001000001011
6205 1101000010000000000000100001011
6206 1101000010000001000000100001011
6207 1101000100000000000000010001011
6208 1101000100000001000000010001011
6209 1101001000000000000000001001011
6210 1101001000000001000000001001011
6211 1101010000000000000000000101011
6212 1101010000000001000000000101011
6213 1101100000000000000000000011011
6214 1101100000000001000000000011011
6215 1110000000000000000000000000111
6216 1110000000000001000000000000111
6217 1110000000000009100000000000111
6218 1110000000000010100000000000111
6219 1110000000000011100000000000111
6220 1110000000000100010000000000111
6221 1110000000000101010000000000111
6222 1110000000001000001000000000111
6223 1110000000001001001000000000111
6224 1110000000010000000100000000111
6225 1110000000010001000100000000111
6226 1110000000100000000010000000111
6227 1110000000100001000010000000111
6228 1110000001000000000001000000111
6229 1110000001000001000001000000111
6230 1110000010000000000000100000111
6231 1110000010000001000000100000111
6232 1110000100000000000000010000111
6233 1110000100000001000000010000111
6234 1110001000000000000000001000111
6235 1110001000000001000000001000111
6236 1110010000000000000000000100111
6237 1110010000000001000000000100111
6238 1110100000000000000000000010111
6239 1110100000000001000000000010111
6240 1111000000000000000000000001111
6241 1111000000000001000000000001111
6242 1187054882257789974300764887929
6243 1193375854875511918605120376079
6244 1350015677155028833305775848341
6245 2000000000000000000000000000002
6246 2000000000000001000000000000002
6247 2522532318987074601528732897806
6248 2633464189244332332100361401586
6249 3144120818001204461096631877167
6250 10000000000000000000000000000001
6251 10000000000000011000000000000001
6252 10000000000000100100000000000001
6253 10000000000000111100000000000001
6254 10000000000001000010000000000001
6255 10000000000001011010000000000001
6256 10000000000001100110000000000001
6257 10000000000001111110000000000001
6258 10000000000010000001000000000001
6259 10000000000010011001000000000001
6260 10000000000010100101000000000001
6261 10000000000010111101000000000001
6262 10000000000011000011000000000001
6263 10000000000011011011000000000001
6264 10000000000011100111000000000001
6265 10000000000100000000100000000001
6266 10000000000100011000100000000001
6267 10000000000100100100100000000001
6268 10000000000100111100100000000001
6269 10000000000101000010100000000001
6270 10000000000101011010100000000001
6271 10000000000101100110100000000001
6272 10000000000110000001100000000001
6273 10000000000110011001100000000001
6274 10000000000110100101100000000001
6275 10000000000111000011100000000001
6276 10000000001000000000010000000001
6277 10000000001000011000010000000001
6278 10000000001000100100010000000001
6279 10000000001000111100010000000001
6280 10000000001001000010010000000001
6281 10000000001001011010010000000001
6282 10000000001001100110010000000001
6283 10000000001010000001010000000001
6284 10000000001010011001010000000001
6285 10000000001010100101010000000001
6286 10000000001011000011010000000001
6287 10000000001100000000110000000001
6288 10000000001100011000110000000001
6289 10000000001100100100110000000001
6290 10000000001101000010110000000001
6291 10000000001110000001110000000001
6292 10000000010000000000001000000001
6293 10000000010000011000001000000001
6294 10000000010000100100001000000001
6295 10000000010000111100001000000001
6296 10000000010001000010001000000001
6297 10000000010001011010001000000001
6298 10000000010001100110001000000001
6299 10000000010010000001001000000001
6300 10000000010010011001001000000001
6301 10000000010010100101001000000001
6302 10000000010011000011001000000001
6303 10000000010100000000101000000001
6304 10000000010100011000101000000001
6305 10000000010100100100101000000001
6306 10000000010101000010101000000001
6307 10000000010110000001101000000001
6308 10000000011000000000011000000001
6309 10000000011000011000011000000001
6310 10000000011000100100011000000001
6311 10000000011001000010011000000001
6312 10000000011010000001011000000001
6313 10000000011100000000111000000001
6314 10000000100000000000000100000001
6315 10000000100000011000000100000001
6316 10000000100000100100000100000001
6317 10000000100000111100000100000001
6318 10000000100001000010000100000001
6319 10000000100001011010000100000001
6320 10000000100001100110000100000001
6321 10000000100010000001000100000001
6322 10000000100010011001000100000001
6323 10000000100010100101000100000001
6324 10000000100011000011000100000001
6325 10000000100100000000100100000001
6326 10000000100100011000100100000001
6327 10000000100100100100100100000001
6328 10000000100101000010100100000001
6329 10000000100110000001100100000001
6330 10000000101000000000010100000001
6331 10000000101000011000010100000001
6332 10000000101000100100010100000001
6333 10000000101001000010010100000001
6334 10000000101010000001010100000001
6335 10000000101100000000110100000001
6336 10000000110000000000001100000001
6337 10000000110000011000001100000001
6338 10000000110000100100001100000001
6339 10000000110001000010001100000001
6340 10000000110010000001001100000001
6341 10000000110100000000101100000001
6342 10000000111000000000011100000001
6343 10000001000000000000000010000001
6344 10000001000000011000000010000001
6345 10000001000000100100000010000001
6346 10000001000000111100000010000001
6347 10000001000001000010000010000001
6348 10000001000001011010000010000001
6349 10000001000001100110000010000001
6350 10000001000010000001000010000001
6351 10000001000010011001000010000001
6352 10000001000010100101000010000001
6353 10000001000011000011000010000001
6354 10000001000100000000100010000001
6355 10000001000100011000100010000001
6356 10000001000100100100100010000001
6357 10000001000101000010100010000001
6358 10000001000110000001100010000001
6359 10000001001000000000010010000001
6360 10000001001000011000010010000001
6361 10000001001000100100010010000001
6362 10000001001001000010010010000001
6363 10000001001010000001010010000001
6364 10000001001100000000110010000001
6365 10000001010000000000001010000001
6366 10000001010000011000001010000001
6367 10000001010000100100001010000001
6368 10000001010001000010001010000001
6369 10000001010010000001001010000001
6370 10000001010100000000101010000001
6371 10000001011000000000011010000001
6372 10000001100000000000000110000001
6373 10000001100000011000000110000001
6374 10000001100000100100000110000001
6375 10000001100001000010000110000001
6376 10000001100010000001000110000001
6377 10000001100100000000100110000001
6378 10000001101000000000010110000001
6379 10000001110000000000001110000001
6380 10000010000000000000000001000001
6381 10000010000000011000000001000001
6382 10000010000000100100000001000001
6383 10000010000000111100000001000001
6384 10000010000001000010000001000001
6385 10000010000001011010000001000001
6386 10000010000001100110000001000001
6387 10000010000010000001000001000001
6388 10000010000010011001000001000001
6389 10000010000010100101000001000001
6390 10000010000011000011000001000001
6391 10000010000100000000100001000001
6392 10000010000100011000100001000001
6393 10000010000100100100100001000001
6394 10000010000101000010100001000001
6395 10000010000110000001100001000001
6396 10000010001000000000010001000001
6397 10000010001000011000010001000001
6398 10000010001000100100010001000001
6399 10000010001001000010010001000001
6400 10000010001010000001010001000001
6401 10000010001100000000110001000001
6402 10000010010000000000001001000001
6403 10000010010000011000001001000001
6404 10000010010000100100001001000001
6405 10000010010001000010001001000001
6406 10000010010010000001001001000001
6407 10000010010100000000101001000001
6408 10000010011000000000011001000001
6409 10000010100000000000000101000001
6410 10000010100000011000000101000001
6411 10000010100000100100000101000001
6412 10000010100001000010000101000001
6413 10000010100010000001000101000001
6414 10000010100100000000100101000001
6415 10000010101000000000010101000001
6416 10000010110000000000001101000001
6417 10000011000000000000000011000001
6418 10000011000000011000000011000001
6419 10000011000000100100000011000001
6420 10000011000001000010000011000001
6421 10000011000010000001000011000001
6422 10000011000100000000100011000001
6423 10000011001000000000010011000001
6424 10000011010000000000001011000001
6425 10000011100000000000000111000001
6426 10000100000000000000000000100001
6427 10000100000000011000000000100001
6428 10000100000000100100000000100001
6429 10000100000000111100000000100001
6430 10000100000001000010000000100001
6431 10000100000001011010000000100001
6432 10000100000001100110000000100001
6433 10000100000010000001000000100001
6434 10000100000010011001000000100001
6435 10000100000010100101000000100001
6436 10000100000011000011000000100001
6437 10000100000100000000100000100001
6438 10000100000100011000100000100001
6439 10000100000100100100100000100001
6440 10000100000101000010100000100001
6441 10000100000110000001100000100001
6442 10000100001000000000010000100001
6443 10000100001000011000010000100001
6444 10000100001000100100010000100001
6445 10000100001001000010010000100001
6446 10000100001010000001010000100001
6447 10000100001100000000110000100001
6448 10000100010000000000001000100001
6449 10000100010000011000001000100001
6450 10000100010000100100001000100001
6451 10000100010001000010001000100001
6452 10000100010010000001001000100001
6453 10000100010100000000101000100001
6454 10000100011000000000011000100001
6455 10000100100000000000000100100001
6456 10000100100000011000000100100001
6457 10000100100000100100000100100001
6458 10000100100001000010000100100001
6459 10000100100010000001000100100001
6460 10000100100100000000100100100001
6461 10000100101000000000010100100001
6462 10000100110000000000001100100001
6463 10000101000000000000000010100001
6464 10000101000000011000000010100001
6465 10000101000000100100000010100001
6466 10000101000001000010000010100001
6467 10000101000010000001000010100001
6468 10000101000100000000100010100001
6469 10000101001000000000010010100001
6470 10000101010000000000001010100001
6471 10000101100000000000000110100001
6472 10000110000000000000000001100001
6473 10000110000000011000000001100001
6474 10000110000000100100000001100001
6475 10000110000001000010000001100001
6476 10000110000010000001000001100001
6477 10000110000100000000100001100001
6478 10000110001000000000010001100001
6479 10000110010000000000001001100001
6480 10000110100000000000000101100001
6481 10000111000000000000000011100001
6482 10001000000000000000000000010001
6483 10001000000000011000000000010001
6484 10001000000000100100000000010001
6485 10001000000000111100000000010001
6486 10001000000001000010000000010001
6487 10001000000001011010000000010001
6488 10001000000001100110000000010001
6489 10001000000010000001000000010001
6490 10001000000010011001000000010001
6491 10001000000010100101000000010001
6492 10001000000011000011000000010001
6493 10001000000100000000100000010001
6494 10001000000100011000100000010001
6495 10001000000100100100100000010001
6496 10001000000101000010100000010001
6497 10001000000110000001100000010001
6498 10001000001000000000010000010001
6499 10001000001000011000010000010001
6500 10001000001000100100010000010001
6501 10001000001001000010010000010001
6502 10001000001010000001010000010001
6503 10001000001100000000110000010001
6504 10001000010000000000001000010001
6505 10001000010000011000001000010001
6506 10001000010000100100001000010001
6507 10001000010001000010001000010001
6508 10001000010010000001001000010001
6509 10001000010100000000101000010001
6510 10001000011000000000011000010001
6511 10001000100000000000000100010001
6512 10001000100000011000000100010001
6513 10001000100000100100000100010001
6514 10001000100001000010000100010001
6515 10001000100010000001000100010001
6516 10001000100100000000100100010001
6517 10001000101000000000010100010001
6518 10001000110000000000001100010001
6519 10001001000000000000000010010001
6520 10001001000000011000000010010001
6521 10001001000000100100000010010001
6522 10001001000001000010000010010001
6523 10001001000010000001000010010001
6524 10001001000100000000100010010001
6525 10001001001000000000010010010001
6526 10001001010000000000001010010001
6527 10001001100000000000000110010001
6528 10001010000000000000000001010001
6529 10001010000000011000000001010001
6530 10001010000000100100000001010001
6531 10001010000001000010000001010001
6532 10001010000010000001000001010001
6533 10001010000100000000100001010001
6534 10001010001000000000010001010001
6535 10001010010000000000001001010001
6536 10001010100000000000000101010001
6537 10001011000000000000000011010001
6538 10001100000000000000000000110001
6539 10001100000000011000000000110001
6540 10001100000000100100000000110001
6541 10001100000001000010000000110001
6542 10001100000010000001000000110001
6543 10001100000100000000100000110001
6544 10001100001000000000010000110001
6545 10001100010000000000001000110001
6546 10001100100000000000000100110001
6547 10001101000000000000000010110001
6548 10001110000000000000000001110001
6549 10010000000000000000000000001001
6550 10010000000000011000000000001001
6551 10010000000000100100000000001001
6552 10010000000000111100000000001001
6553 10010000000001000010000000001001
6554 10010000000001011010000000001001
6555 10010000000001100110000000001001
6556 10010000000010000001000000001001
6557 10010000000010011001000000001001
6558 10010000000010100101000000001001
6559 10010000000011000011000000001001
6560 10010000000100000000100000001001
6561 10010000000100011000100000001001
6562 10010000000100100100100000001001
6563 10010000000101000010100000001001
6564 10010000000110000001100000001001
6565 10010000001000000000010000001001
6566 10010000001000011000010000001001
6567 10010000001000100100010000001001
6568 10010000001001000010010000001001
6569 10010000001010000001010000001001
6570 10010000001100000000110000001001
6571 10010000010000000000001000001001
6572 10010000010000011000001000001001
6573 10010000010000100100001000001001
6574 10010000010001000010001000001001
6575 10010000010010000001001000001001
6576 10010000010100000000101000001001
6577 10010000011000000000011000001001
6578 10010000100000000000000100001001
6579 10010000100000011000000100001001
6580 10010000100000100100000100001001
6581 10010000100001000010000100001001
6582 10010000100010000001000100001001
6583 10010000100100000000100100001001
6584 10010000101000000000010100001001
6585 10010000110000000000001100001001
6586 10010001000000000000000010001001
6587 10010001000000011000000010001001
6588 10010001000000100100000010001001
6589 10010001000001000010000010001001
6590 10010001000010000001000010001001
6591 10010001000100000000100010001001
6592 10010001001000000000010010001001
6593 10010001010000000000001010001001
6594 10010001100000000000000110001001
6595 10010010000000000000000001001001
6596 10010010000000011000000001001001
6597 10010010000000100100000001001001
6598 10010010000001000010000001001001
6599 10010010000010000001000001001001
6600 10010010000100000000100001001001
6601 10010010001000000000010001001001
6602 10010010010000000000001001001001
6603 10010010100000000000000101001001
6604 10010011000000000000000011001001
6605 10010100000000000000000000101001
6606 10010100000000011000000000101001
6607 10010100000000100100000000101001
6608 10010100000001000010000000101001
6609 10010100000010000001000000101001
6610 10010100000100000000100000101001
6611 10010100001000000000010000101001
6612 10010100010000000000001000101001
6613 10010100100000000000000100101001
6614 10010101000000000000000010101001
6615 10010110000000000000000001101001
6616 10011000000000000000000000011001
6617 10011000000000011000000000011001
6618 10011000000000100100000000011001
6619 10011000000001000010000000011001
6620 10011000000010000001000000011001
6621 10011000000100000000100000011001
6622 10011000001000000000010000011001
6623 10011000010000000000001000011001
6624 10011000100000000000000100011001
6625 10011001000000000000000010011001
6626 10011010000000000000000001011001
6627 10011100000000000000000000111001
6628 10100000000000000000000000000101
6629 10100000000000011000000000000101
6630 10100000000000100100000000000101
6631 10100000000000111100000000000101
6632 10100000000001000010000000000101
6633 10100000000001011010000000000101
6634 10100000000001100110000000000101
6635 10100000000010000001000000000101
6636 10100000000010011001000000000101
6637 10100000000010100101000000000101
6638 10100000000011000011000000000101
6639 10100000000100000000100000000101
6640 10100000000100011000100000000101
6641 10100000000100100100100000000101
6642 10100000000101000010100000000101
6643 10100000000110000001100000000101
6644 10100000001000000000010000000101
6645 10100000001000011000010000000101
6646 10100000001000100100010000000101
6647 10100000001001000010010000000101
6648 10100000001010000001010000000101
6649 10100000001100000000110000000101
6650 10100000010000000000001000000101
6651 10100000010000011000001000000101
6652 10100000010000100100001000000101
6653 10100000010001000010001000000101
6654 10100000010010000001001000000101
6655 10100000010100000000101000000101
6656 10100000011000000000011000000101
6657 10100000100000000000000100000101
6658 10100000100000011000000100000101
6659 10100000100000100100000100000101
6660 10100000100001000010000100000101
6661 10100000100010000001000100000101
6662 10100000100100000000100100000101
6663 10100000101000000000010100000101
6664 10100000110000000000001100000101
6665 10100001000000000000000010000101
6666 10100001000000011000000010000101
6667 10100001000000100100000010000101
6668 10100001000001000010000010000101
6669 10100001000010000001000010000101
6670 10100001000100000000100010000101
6671 10100001001000000000010010000101
6672 10100001010000000000001010000101
6673 10100001100000000000000110000101
6674 10100010000000000000000001000101
6675 10100010000000011000000001000101
6676 10100010000000100100000001000101
6677 10100010000001000010000001000101
6678 10100010000010000001000001000101
6679 10100010000100000000100001000101
6680 10100010001000000000010001000101
6681 10100010010000000000001001000101
6682 10100010100000000000000101000101
6683 10100011000000000000000011000101
6684 10100100000000000000000000100101
6685 10100100000000011000000000100101
6686 10100100000000100100000000100101
6687 10100100000001000010000000100101
6688 10100100000010000001000000100101
6689 10100100000100000000100000100101
6690 10100100001000000000010000100101
6691 10100100010000000000001000100101
6692 10100100100000000000000100100101
6693 10100101000000000000000010100101
6694 10100110000000000000000001100101
6695 10101000000000000000000000010101
6696 10101000000000011000000000010101
6697 10101000000000100100000000010101
6698 10101000000001000010000000010101
6699 10101000000010000001000000010101
6700 10101000000100000000100000010101
6701 10101000001000000000010000010101
6702 10101000010000000000001000010101
6703 10101000100000000000000100010101
6704 10101001000000000000000010010101
6705 10101010000000000000000001010101
6706 10101100000000000000000000110101
6707 10110000000000000000000000001101
6708 10110000000000011000000000001101
6709 10110000000000100100000000001101
6710 10110000000001000010000000001101
6711 10110000000010000001000000001101
6712 10110000000100000000100000001101
6713 10110000001000000000010000001101
6714 10110000010000000000001000001101
6715 10110000100000000000000100001101
6716 10110001000000000000000010001101
6717 10110010000000000000000001001101
6718 10110100000000000000000000101101
6719 10111000000000000000000000011101
6720 11000000000000000000000000000011
6721 11000000000000011000000000000011
6722 11000000000000100100000000000011
6723 11000000000000111100000000000011
6724 11000000000001000010000000000011
6725 11000000000001011010000000000011
6726 11000000000001100110000000000011
6727 11000000000010000001000000000011
6728 11000000000010011001000000000011
6729 11000000000010100101000000000011
6730 11000000000011000011000000000011
6731 11000000000100000000100000000011
6732 11000000000100011000100000000011
6733 11000000000100100100100000000011
6734 11000000000101000010100000000011
6735 11000000000110000001100000000011
6736 11000000001000000000010000000011
6737 11000000001000011000010000000011
6738 11000000001000100100010000000011
6739 11000000001001000010010000000011
6740 11000000001010000001010000000011
6741 11000000001100000000110000000011
6742 11000000010000000000001000000011
6743 11000000010000011000001000000011
6744 11000000010000100100001000000011
6745 11000000010001000010001000000011
6746 11000000010010000001001000000011
6747 11000000010100000000101000000011
6748 11000000011000000000011000000011
6749 11000000100000000000000100000011
6750 11000000100000011000000100000011
6751 11000000100000100100000100000011
6752 11000000100001000010000100000011
6753 11000000100010000001000100000011
6754 11000000100100000000100100000011
6755 11000000101000000000010100000011
6756 11000000110000000000001100000011
6757 11000001000000000000000010000011
6758 11000001000000011000000010000011
6759 11000001000000100100000010000011
6760 11000001000001000010000010000011
6761 11000001000010000001000010000011
6762 11000001000100000000100010000011
6763 11000001001000000000010010000011
6764 11000001010000000000001010000011
6765 11000001100000000000000110000011
6766 11000010000000000000000001000011
6767 11000010000000011000000001000011
6768 11000010000000100100000001000011
6769 11000010000001000010000001000011
6770 11000010000010000001000001000011
6771 11000010000100000000100001000011
6772 11000010001000000000010001000011
6773 11000010010000000000001001000011
6774 11000010100000000000000101000011
6775 11000011000000000000000011000011
6776 11000100000000000000000000100011
6777 11000100000000011000000000100011
6778 11000100000000100100000000100011
6779 11000100000001000010000000100011
6780 11000100000010000001000000100011
6781 11000100000100000000100000100011
6782 11000100001000000000010000100011
6783 11000100010000000000001000100011
6784 11000100100000000000000100100011
6785 11000101000000000000000010100011
6786 11000110000000000000000001100011
6787 11001000000000000000000000010011
6788 11001000000000011000000000010011
6789 11001000000000100100000000010011
6790 11001000000001000010000000010011
6791 11001000000010000001000000010011
6792 11001000000100000000100000010011
6793 11001000001000000000010000010011
6794 11001000010000000000001000010011
6795 11001000100000000000000100010011
6796 11001001000000000000000010010011
6797 11001010000000000000000001010011
6798 11001100000000000000000000110011
6799 11010000000000000000000000001011
6800 11010000000000011000000000001011
6801 11010000000000100100000000001011
6802 11010000000001000010000000001011
6803 11010000000010000001000000001011
6804 11010000000100000000100000001011
6805 11010000001000000000010000001011
6806 11010000010000000000001000001011
6807 11010000100000000000000100001011
6808 11010001000000000000000010001011
6809 11010010000000000000000001001011
6810 11010100000000000000000000101011
6811 11011000000000000000000000011011
6812 11100000000000000000000000000111
6813 11100000000000011000000000000111
6814 11100000000000100100000000000111
6815 11100000000001000010000000000111
6816 11100000000010000001000000000111
6817 11100000000100000000100000000111
6818 11100000001000000000010000000111
6819 11100000010000000000001000000111
6820 11100000100000000000000100000111
6821 11100001000000000000000010000111
6822 11100010000000000000000001000111
6823 11100100000000000000000000100111
6824 11101000000000000000000000010111
6825 11110000000000000000000000001111
6826 20000000000000000000000000000002
6827 30698192507926605052067894676193
6828 100000000000000000000000000000001
6829 100000000000000010000000000000001
6830 100000000000000020000000000000001
6831 100000000000000101000000000000001
6832 100000000000000111000000000000001
6833 100000000000000121000000000000001
6834 100000000000001000100000000000001
6835 100000000000001010100000000000001
6836 100000000000001020100000000000001
6837 100000000000001101100000000000001
6838 100000000000001111100000000000001
6839 100000000000010000010000000000001
6840 100000000000010010010000000000001
6841 100000000000010020010000000000001
6842 100000000000010101010000000000001
6843 100000000000010111010000000000001
6844 100000000000011000110000000000001
6845 100000000000011010110000000000001
6846 100000000000011101110000000000001
6847 100000000000011111110000000000001
6848 100000000000100000001000000000001
6849 100000000000100010001000000000001
6850 100000000000100020001000000000001
6851 100000000000100101001000000000001
6852 100000000000100111001000000000001
6853 100000000000101000101000000000001
6854 100000000000101010101000000000001
6855 100000000000101101101000000000001
6856 100000000000101111101000000000001
6857 100000000000110000011000000000001
6858 100000000000110010011000000000001
6859 100000000000110101011000000000001
6860 100000000000110111011000000000001
6861 100000000000111000111000000000001
6862 100000000000111010111000000000001
6863 100000000001000000000100000000001
6864 100000000001000010000100000000001
6865 100000000001000020000100000000001
6866 100000000001000101000100000000001
6867 100000000001000111000100000000001
6868 100000000001001000100100000000001
6869 100000000001001010100100000000001
6870 100000000001001101100100000000001
6871 100000000001001111100100000000001
6872 100000000001010000010100000000001
6873 100000000001010010010100000000001
6874 100000000001010101010100000000001
6875 100000000001010111010100000000001
6876 100000000001011000110100000000001
6877 100000000001011010110100000000001
6878 100000000001100000001100000000001
6879 100000000001100010001100000000001
6880 100000000001100101001100000000001
6881 100000000001100111001100000000001
6882 100000000001101000101100000000001
6883 100000000001101010101100000000001
6884 100000000001110000011100000000001
6885 100000000001110010011100000000001
6886 100000000010000000000010000000001
6887 100000000010000010000010000000001
6888 100000000010000020000010000000001
6889 100000000010000101000010000000001
6890 100000000010000111000010000000001
6891 100000000010001000100010000000001
6892 100000000010001010100010000000001
6893 100000000010001101100010000000001
6894 100000000010001111100010000000001
6895 100000000010010000010010000000001
6896 100000000010010010010010000000001
6897 100000000010010101010010000000001
6898 100000000010010111010010000000001
6899 100000000010011000110010000000001
6900 100000000010011010110010000000001
6901 100000000010100000001010000000001
6902 100000000010100010001010000000001
6903 100000000010100101001010000000001
6904 100000000010100111001010000000001
6905 100000000010101000101010000000001
6906 100000000010101010101010000000001
6907 100000000010110000011010000000001
6908 100000000010110010011010000000001
6909 100000000011000000000110000000001
6910 100000000011000010000110000000001
6911 100000000011000101000110000000001
6912 100000000011000111000110000000001
6913 100000000011001000100110000000001
6914 100000000011001010100110000000001
6915 100000000011010000010110000000001
6916 100000000011010010010110000000001
6917 100000000011100000001110000000001
6918 100000000011100010001110000000001
6919 100000000100000000000001000000001
6920 100000000100000010000001000000001
6921 100000000100000020000001000000001
6922 100000000100000101000001000000001
6923 100000000100000111000001000000001
6924 100000000100001000100001000000001
6925 100000000100001010100001000000001
6926 100000000100001101100001000000001
6927 100000000100001111100001000000001
6928 100000000100010000010001000000001
6929 100000000100010010010001000000001
6930 100000000100010101010001000000001
6931 100000000100010111010001000000001
6932 100000000100011000110001000000001
6933 100000000100011010110001000000001
6934 100000000100100000001001000000001
6935 100000000100100010001001000000001
6936 100000000100100101001001000000001
6937 100000000100100111001001000000001
6938 100000000100101000101001000000001
6939 100000000100101010101001000000001
6940 100000000100110000011001000000001
6941 100000000100110010011001000000001
6942 100000000101000000000101000000001
6943 100000000101000010000101000000001
6944 100000000101000101000101000000001
6945 100000000101000111000101000000001
6946 100000000101001000100101000000001
6947 100000000101001010100101000000001
6948 100000000101010000010101000000001
6949 100000000101010010010101000000001
6950 100000000101100000001101000000001
6951 100000000101100010001101000000001
6952 100000000110000000000011000000001
6953 100000000110000010000011000000001
6954 100000000110000101000011000000001
6955 100000000110000111000011000000001
6956 100000000110001000100011000000001
6957 100000000110001010100011000000001
6958 100000000110010000010011000000001
6959 100000000110010010010011000000001
6960 100000000110100000001011000000001
6961 100000000110100010001011000000001
6962 100000000111000000000111000000001
6963 100000000111000010000111000000001
6964 100000001000000000000000100000001
6965 100000001000000010000000100000001
6966 100000001000000020000000100000001
6967 100000001000000101000000100000001
6968 100000001000000111000000100000001
6969 100000001000001000100000100000001
6970 100000001000001010100000100000001
6971 100000001000001101100000100000001
6972 100000001000001111100000100000001
6973 100000001000010000010000100000001
6974 100000001000010010010000100000001
6975 100000001000010101010000100000001
6976 100000001000010111010000100000001
6977 100000001000011000110000100000001
6978 100000001000011010110000100000001
6979 100000001000100000001000100000001
6980 100000001000100010001000100000001
6981 100000001000100101001000100000001
6982 100000001000100111001000100000001
6983 100000001000101000101000100000001
6984 100000001000101010101000100000001
6985 100000001000110000011000100000001
6986 100000001000110010011000100000001
6987 100000001001000000000100100000001
6988 100000001001000010000100100000001
6989 100000001001000101000100100000001
6990 100000001001000111000100100000001
6991 100000001001001000100100100000001
6992 100000001001001010100100100000001
6993 100000001001010000010100100000001
6994 100000001001010010010100100000001
6995 100000001001100000001100100000001
6996 100000001001100010001100100000001
6997 100000001010000000000010100000001
6998 100000001010000010000010100000001
6999 100000001010000101000010100000001
7000 100000001010000111000010100000001
7001 100000001010001000100010100000001
7002 100000001010001010100010100000001
7003 100000001010010000010010100000001
7004 100000001010010010010010100000001
7005 100000001010100000001010100000001
7006 100000001010100010001010100000001
7007 100000001011000000000110100000001
7008 100000001011000010000110100000001
7009 100000001100000000000001100000001
7010 100000001100000010000001100000001
7011 100000001100000101000001100000001
7012 100000001100000111000001100000001
7013 100000001100001000100001100000001
7014 100000001100001010100001100000001
7015 100000001100010000010001100000001
7016 100000001100010010010001100000001
7017 100000001100100000001001100000001
7018 100000001100100010001001100000001
7019 100000001101000000000101100000001
7020 100000001101000010000101100000001
7021 100000001110000000000011100000001
7022 100000001110000010000011100000001
7023 100000010000000000000000010000001
7024 100000010000000010000000010000001
7025 100000010000000020000000010000001
7026 100000010000000101000000010000001
7027 100000010000000111000000010000001
7028 100000010000001000100000010000001
7029 100000010000001010100000010000001
7030 100000010000001101100000010000001
7031 100000010000001111100000010000001
7032 100000010000010000010000010000001
7033 100000010000010010010000010000001
7034 100000010000010101010000010000001
7035 100000010000010111010000010000001
7036 100000010000011000110000010000001
7037 100000010000011010110000010000001
7038 100000010000100000001000010000001
7039 100000010000100010001000010000001
7040 100000010000100101001000010000001
7041 100000010000100111001000010000001
7042 100000010000101000101000010000001
7043 100000010000101010101000010000001
7044 100000010000110000011000010000001
7045 100000010000110010011000010000001
7046 100000010001000000000100010000001
7047 100000010001000010000100010000001
7048 100000010001000101000100010000001
7049 100000010001000111000100010000001
7050 100000010001001000100100010000001
7051 100000010001001010100100010000001
7052 100000010001010000010100010000001
7053 100000010001010010010100010000001
7054 100000010001100000001100010000001
7055 100000010001100010001100010000001
7056 100000010010000000000010010000001
7057 100000010010000010000010010000001
7058 100000010010000101000010010000001
7059 100000010010000111000010010000001
7060 100000010010001000100010010000001
7061 100000010010001010100010010000001
7062 100000010010010000010010010000001
7063 100000010010010010010010010000001
7064 100000010010100000001010010000001
7065 100000010010100010001010010000001
7066 100000010011000000000110010000001
7067 100000010011000010000110010000001
7068 100000010099999990000001010000001
7069 100000010100000000000001010000001
7070 100000010100000010000001010000001
7071 100000010100000101000001010000001
7072 100000010100000111000001010000001
7073 100000010100000990100001010000001
7074 100000010100001000100001010000001
7075 100000010100001010100001010000001
7076 100000010100010000010001010000001
7077 100000010100010010010001010000001
7078 100000010100100000001001010000001
7079 100000010100100010001001010000001
7080 100000010101000000000101010000001
7081 100000010101000010000101010000001
7082 100000010110000000000011010000001
7083 100000010110000010000011010000001
7084 100000011000000000000000110000001
7085 100000011000000010000000110000001
7086 100000011000000101000000110000001
7087 100000011000000111000000110000001
7088 100000011000001000100000110000001
7089 100000011000001010100000110000001
7090 100000011000010000010000110000001
7091 100000011000010010010000110000001
7092 100000011000100000001000110000001
7093 100000011000100010001000110000001
7094 100000011001000000000100110000001
7095 100000011001000010000100110000001
7096 100000011010000000000010110000001
7097 100000011010000010000010110000001
7098 100000011099999990000001110000001
7099 100000011100000000000001110000001
7100 100000011100000010000001110000001
7101 100000100000000000000000001000001
7102 100000100000000010000000001000001
7103 100000100000000020000000001000001
7104 100000100000000101000000001000001
7105 100000100000000111000000001000001
7106 100000100000001000100000001000001
7107 100000100000001010100000001000001
7108 100000100000001101100000001000001
7109 100000100000001111100000001000001
7110 100000100000010000010000001000001
7111 100000100000010010010000001000001
7112 100000100000010101010000001000001
7113 100000100000010111010000001000001
7114 100000100000011000110000001000001
7115 100000100000011010110000001000001
7116 100000100000100000001000001000001
7117 100000100000100010001000001000001
7118 100000100000100101001000001000001
7119 100000100000100111001000001000001
7120 100000100000101000101000001000001
7121 100000100000101010101000001000001
7122 100000100000110000011000001000001
7123 100000100000110010011000001000001
7124 100000100001000000000100001000001
7125 100000100001000010000100001000001
7126 100000100001000101000100001000001
7127 100000100001000111000100001000001
7128 100000100001001000100100001000001
7129 100000100001001010100100001000001
7130 100000100001010000010100001000001
7131 100000100001010010010100001000001
7132 100000100001100000001100001000001
7133 100000100001100010001100001000001
7134 100000100009999990000010001000001
7135 100000100010000000000010001000001
7136 100000100010000010000010001000001
7137 100000100010000101000010001000001
7138 100000100010000111000010001000001
7139 100000100010001000100010001000001
7140 100000100010001010100010001000001
7141 100000100010009990010010001000001
7142 100000100010010000010010001000001
7143 100000100010010010010010001000001
7144 100000100010099990001010001000001
7145 100000100010100000001010001000001
7146 100000100010100010001010001000001
7147 100000100010999990000110001000001
7148 100000100011000000000110001000001
7149 100000100011000010000110001000001
7150 100000100100000000000001001000001
7151 100000100100000010000001001000001
7152 100000100100000101000001001000001
7153 100000100100000111000001001000001
7154 100000100100001000100001001000001
7155 100000100100001010100001001000001
7156 100000100100010000010001001000001
7157 100000100100010010010001001000001
7158 100000100100100000001001001000001
7159 100000100100100010001001001000001
7160 100000100101000000000101001000001
7161 100000100101000010000101001000001
7162 100000100110000000000011001000001
7163 100000100110000010000011001000001
7164 100000101000000000000000101000001
7165 100000101000000010000000101000001
7166 100000101000000101000000101000001
7167 100000101000000111000000101000001
7168 100000101000001000100000101000001
7169 100000101000001010100000101000001
7170 100000101000010000010000101000001
7171 100000101000010010010000101000001
7172 100000101000100000001000101000001
7173 100000101000100010001000101000001
7174 100000101001000000000100101000001
7175 100000101001000010000100101000001
7176 100000101009999990000010101000001
7177 100000101010000000000010101000001
7178 100000101010000010000010101000001
7179 100000101100000000000001101000001
7180 100000101100000010000001101000001
7181 100000110000000000000000011000001
7182 100000110000000010000000011000001
7183 100000110000000101000000011000001
7184 100000110000000111000000011000001
7185 100000110000001000100000011000001
7186 100000110000001010100000011000001
7187 100000110000010000010000011000001
7188 100000110000010010010000011000001
7189 100000110000100000001000011000001
7190 100000110000100010001000011000001
7191 100000110001000000000100011000001
7192 100000110001000010000100011000001
7193 100000110010000000000010011000001
7194 100000110010000010000010011000001
7195 100000110100000000000001011000001
7196 100000110100000010000001011000001
7197 100000111000000000000000111000001
7198 100000111000000010000000111000001
7199 100001000000000000000000000100001
7200 100001000000000010000000000100001
7201 100001000000000020000000000100001
7202 100001000000000101000000000100001
7203 100001000000000111000000000100001
7204 100001000000001000100000000100001
7205 100001000000001010100000000100001
7206 100001000000001101100000000100001
7207 100001000000001111100000000100001
7208 100001000000010000010000000100001
7209 100001000000010010010000000100001
7210 100001000000010101010000000100001
7211 100001000000010111010000000100001
7212 100001000000011000110000000100001
7213 100001000000011010110000000100001
7214 100001000000100000001000000100001
7215 100001000000100010001000000100001
7216 100001000000100101001000000100001
7217 100001000000100111001000000100001
7218 100001000000101000101000000100001
7219 100001000000101010101000000100001
7220 100001000000110000011000000100001
7221 100001000000110010011000000100001
7222 100001000000999990000100000100001
7223 100001000001000000000100000100001
7224 100001000001000010000100000100001
7225 100001000001000101000100000100001
7226 100001000001000111000100000100001
7227 100001000001001000100100000100001
7228 100001000001001010100100000100001
7229 100001000001010000010100000100001
7230 100001000001010010010100000100001
7231 100001000001100000001100000100001
7232 100001000001100010001100000100001
7233 100001000010000000000010000100001
7234 100001000010000010000010000100001
7235 100001000010000101000010000100001
7236 100001000010000111000010000100001
7237 100001000010001000100010000100001
7238 100001000010001010100010000100001
7239 100001000010010000010010000100001
7240 100001000010010010010010000100001
7241 100001000010100000001010000100001
7242 100001000010100010001010000100001
7243 100001000010999990000110000100001
7244 100001000011000000000110000100001
7245 100001000011000010000110000100001
7246 100001000100000000000001000100001
7247 100001000100000010000001000100001
7248 100001000100000101000001000100001
7249 100001000100000111000001000100001
7250 100001000100001000100001000100001
7251 100001000100001010100001000100001
7252 100001000100010000010001000100001
7253 100001000100010010010001000100001
7254 100001000100100000001001000100001
7255 100001000100100010001001000100001
7256 100001000101000000000101000100001
7257 100001000101000010000101000100001
7258 100001000110000000000011000100001
7259 100001000110000010000011000100001
7260 100001001000000000000000100100001
7261 100001001000000010000000100100001
7262 100001001000000101000000100100001
7263 100001001000000111000000100100001
7264 100001001000001000100000100100001
7265 100001001000001010100000100100001
7266 100001001000010000010000100100001
7267 100001001000010010010000100100001
7268 100001001000100000001000100100001
7269 100001001000100010001000100100001
7270 100001001000999990000100100100001
7271 100001001001000000000100100100001
7272 100001001001000010000100100100001
7273 100001001010000000000010100100001
7274 100001001010000010000010100100001
7275 100001001100000000000001100100001
7276 100001001100000010000001100100001
7277 100001010000000000000000010100001
7278 100001010000000010000000010100001
7279 100001010000000101000000010100001
7280 100001010000000111000000010100001
7281 100001010000001000100000010100001
7282 100001010000001010100000010100001
7283 100001010000010000010000010100001
7284 100001010000010010010000010100001
7285 100001010000100000001000010100001
7286 100001010000100010001000010100001
7287 100001010001000000000100010100001
7288 100001010001000010000100010100001
7289 100001010010000000000010010100001
7290 100001010010000010000010010100001
7291 100001010100000000000001010100001
7292 100001010100000010000001010100001
7293 100001011000000000000000110100001
7294 100001011000000010000000110100001
7295 100001100000000000000000001100001
7296 100001100000000010000000001100001
7297 100001100000000101000000001100001
7298 100001100000000111000000001100001
7299 100001100000001000100000001100001
7300 100001100000001010100000001100001
7301 100001100000010000010000001100001
7302 100001100000010010010000001100001
7303 100001100000100000001000001100001
7304 100001100000100010001000001100001
7305 100001100001000000000100001100001
7306 100001100001000010000100001100001
7307 100001100010000000000010001100001
7308 100001100010000010000010001100001
7309 100001100100000000000001001100001
7310 100001100100000010000001001100001
7311 100001101000000000000000101100001
7312 100001101000000010000000101100001
7313 100001110000000000000000011100001
7314 100001110000000010000000011100001
7315 100010000000000000000000000010001
7316 100010000000000010000000000010001
7317 100010000000000020000000000010001
7318 100010000000000101000000000010001
7319 100010000000000111000000000010001
7320 100010000000001000100000000010001
7321 100010000000001010100000000010001
7322 100010000000001101100000000010001
7323 100010000000001111100000000010001
7324 100010000000010000010000000010001
7325 100010000000010010010000000010001
7326 100010000000010101010000000010001
7327 100010000000010111010000000010001
7328 100010000000011000110000000010001
7329 100010000000011010110000000010001
7330 100010000000099990001000000010001
7331 100010000000100000001000000010001
7332 100010000000100010001000000010001
7333 100010000000100101001000000010001
7334 100010000000100111001000000010001
7335 100010000000100990101000000010001
7336 100010000000101000101000000010001
7337 100010000000101010101000000010001
7338 100010000000110000011000000010001
7339 100010000000110010011000000010001
7340 100010000001000000000100000010001
7341 100010000001000010000100000010001
7342 100010000001000101000100000010001
7343 100010000001000111000100000010001
7344 100010000001001000100100000010001
7345 100010000001001010100100000010001
7346 100010000001010000010100000010001
7347 100010000001010010010100000010001
7348 100010000001100000001100000010001
7349 100010000001100010001100000010001
7350 100010000010000000000010000010001
7351 100010000010000010000010000010001
7352 100010000010000101000010000010001
7353 100010000010000111000010000010001
7354 100010000010001000100010000010001
7355 100010000010001010100010000010001
7356 100010000010010000010010000010001
7357 100010000010010010010010000010001
7358 100010000010099990001010000010001
7359 100010000010100000001010000010001
7360 100010000010100010001010000010001
7361 100010000011000000000110000010001
7362 100010000011000010000110000010001
7363 100010000100000000000001000010001
7364 100010000100000010000001000010001
7365 100010000100000101000001000010001
7366 100010000100000111000001000010001
7367 100010000100001000100001000010001
7368 100010000100001010100001000010001
7369 100010000100010000010001000010001
7370 100010000100010010010001000010001
7371 100010000100100000001001000010001
7372 100010000100100010001001000010001
7373 100010000101000000000101000010001
7374 100010000101000010000101000010001
7375 100010000110000000000011000010001
7376 100010000110000010000011000010001
7377 100010001000000000000000100010001
7378 100010001000000010000000100010001
7379 100010001000000101000000100010001
7380 100010001000000111000000100010001
7381 100010001000001000100000100010001
7382 100010001000001010100000100010001
7383 100010001000010000010000100010001
7384 100010001000010010010000100010001
7385 100010001000099990001000100010001
7386 100010001000100000001000100010001
7387 100010001000100010001000100010001
7388 100010001001000000000100100010001
7389 100010001001000010000100100010001
7390 100010001010000000000010100010001
7391 100010001010000010000010100010001
7392 100010001100000000000001100010001
7393 100010001100000010000001100010001
7394 100010010000000000000000010010001
7395 100010010000000010000000010010001
7396 100010010000000101000000010010001
7397 100010010000000111000000010010001
7398 100010010000001000100000010010001
7399 100010010000001010100000010010001
7400 100010010000010000010000010010001
7401 100010010000010010010000010010001
7402 100010010000100000001000010010001
7403 100010010000100010001000010010001
7404 100010010001000000000100010010001
7405 100010010001000010000100010010001
7406 100010010010000000000010010010001
7407 100010010010000010000010010010001
7408 100010010100000000000001010010001
7409 100010010100000010000001010010001
7410 100010011000000000000000110010001
7411 100010011000000010000000110010001
7412 100010100000000000000000001010001
7413 100010100000000010000000001010001
7414 100010100000000101000000001010001
7415 100010100000000111000000001010001
7416 100010100000001000100000001010001
7417 100010100000001010100000001010001
7418 100010100000010000010000001010001
7419 100010100000010010010000001010001
7420 100010100000100000001000001010001
7421 100010100000100010001000001010001
7422 100010100001000000000100001010001
7423 100010100001000010000100001010001
7424 100010100010000000000010001010001
7425 100010100010000010000010001010001
7426 100010100100000000000001001010001
7427 100010100100000010000001001010001
7428 100010101000000000000000101010001
7429 100010101000000010000000101010001
7430 100010110000000000000000011010001
7431 100010110000000010000000011010001
7432 100011000000000000000000000110001
7433 100011000000000010000000000110001
7434 100011000000000101000000000110001
7435 100011000000000111000000000110001
7436 100011000000001000100000000110001
7437 100011000000001010100000000110001
7438 100011000000010000010000000110001
7439 100011000000010010010000000110001
7440 100011000000100000001000000110001
7441 100011000000100010001000000110001
7442 100011000001000000000100000110001
7443 100011000001000010000100000110001
7444 100011000010000000000010000110001
7445 100011000010000010000010000110001
7446 100011000100000000000001000110001
7447 100011000100000010000001000110001
7448 100011001000000000000000100110001
7449 100011001000000010000000100110001
7450 100011010000000000000000010110001
7451 100011010000000010000000010110001
7452 100011100000000000000000001110001
7453 100011100000000010000000001110001
7454 100100000000000000000000000001001
7455 100100000000000010000000000001001
7456 100100000000000020000000000001001
7457 100100000000000101000000000001001
7458 100100000000000111000000000001001
7459 100100000000001000100000000001001
7460 100100000000001010100000000001001
7461 100100000000001101100000000001001
7462 100100000000001111100000000001001
7463 100100000000009990010000000001001
7464 100100000000010000010000000001001
7465 100100000000010010010000000001001
7466 100100000000010101010000000001001
7467 100100000000010111010000000001001
7468 100100000000011000110000000001001
7469 100100000000011010110000000001001
7470 100100000000100000001000000001001
7471 100100000000100010001000000001001
7472 100100000000100101001000000001001
7473 100100000000100111001000000001001
7474 100100000000101000101000000001001
7475 100100000000101010101000000001001
7476 100100000000110000011000000001001
7477 100100000000110010011000000001001
7478 100100000001000000000100000001001
7479 100100000001000010000100000001001
7480 100100000001000101000100000001001
7481 100100000001000111000100000001001
7482 100100000001001000100100000001001
7483 100100000001001010100100000001001
7484 100100000001010000010100000001001
7485 100100000001010010010100000001001
7486 100100000001100000001100000001001
7487 100100000001100010001100000001001
7488 100100000010000000000010000001001
7489 100100000010000010000010000001001
7490 100100000010000101000010000001001
7491 100100000010000111000010000001001
7492 100100000010001000100010000001001
7493 100100000010001010100010000001001
7494 100100000010010000010010000001001
7495 100100000010010010010010000001001
7496 100100000010100000001010000001001
7497 100100000010100010001010000001001
7498 100100000011000000000110000001001
7499 100100000011000010000110000001001
7500 100100000100000000000001000001001
7501 100100000100000010000001000001001
7502 100100000100000101000001000001001
7503 100100000100000111000001000001001
7504 100100000100001000100001000001001
7505 100100000100001010100001000001001
7506 100100000100010000010001000001001
7507 100100000100010010010001000001001
7508 100100000100100000001001000001001
7509 100100000100100010001001000001001
7510 100100000101000000000101000001001
7511 100100000101000010000101000001001
7512 100100000110000000000011000001001
7513 100100000110000010000011000001001
7514 100100001000000000000000100001001
7515 100100001000000010000000100001001
7516 100100001000000101000000100001001
7517 100100001000000111000000100001001
7518 100100001000001000100000100001001
7519 100100001000001010100000100001001
7520 100100001000009990010000100001001
7521 100100001000010000010000100001001
7522 100100001000010010010000100001001
7523 100100001000100000001000100001001
7524 100100001000100010001000100001001
7525 100100001001000000000100100001001
7526 100100001001000010000100100001001
7527 100100001010000000000010100001001
7528 100100001010000010000010100001001
7529 100100001100000000000001100001001
7530 100100001100000010000001100001001
7531 100100010000000000000000010001001
7532 100100010000000010000000010001001
7533 100100010000000101000000010001001
7534 100100010000000111000000010001001
7535 100100010000001000100000010001001
7536 100100010000001010100000010001001
7537 100100010000010000010000010001001
7538 100100010000010010010000010001001
7539 100100010000100000001000010001001
7540 100100010000100010001000010001001
7541 100100010001000000000100010001001
7542 100100010001000010000100010001001
7543 100100010010000000000010010001001
7544 100100010010000010000010010001001
7545 100100010100000000000001010001001
7546 100100010100000010000001010001001
7547 100100011000000000000000110001001
7548 100100011000000010000000110001001
7549 100100100000000000000000001001001
7550 100100100000000010000000001001001
7551 100100100000000101000000001001001
7552 100100100000000111000000001001001
7553 100100100000001000100000001001001
7554 100100100000001010100000001001001
7555 100100100000009990010000001001001
7556 100100100000010000010000001001001
7557 100100100000010010010000001001001
7558 100100100000100000001000001001001
7559 100100100000100010001000001001001
7560 100100100001000000000100001001001
7561 100100100001000010000100001001001
7562 100100100010000000000010001001001
7563 100100100010000010000010001001001
7564 100100100100000000000001001001001
7565 100100100100000010000001001001001
7566 100100101000000000000000101001001
7567 100100101000000010000000101001001
7568 100100110000000000000000011001001
7569 100100110000000010000000011001001
7570 100101000000000000000000000101001
7571 100101000000000010000000000101001
7572 100101000000000101000000000101001
7573 100101000000000111000000000101001
7574 100101000000001000100000000101001
7575 100101000000001010100000000101001
7576 100101000000010000010000000101001
7577 100101000000010010010000000101001
7578 100101000000100000001000000101001
7579 100101000000100010001000000101001
7580 100101000001000000000100000101001
7581 100101000001000010000100000101001
7582 100101000010000000000010000101001
7583 100101000010000010000010000101001
7584 100101000100000000000001000101001
7585 100101000100000010000001000101001
7586 100101001000000000000000100101001
7587 100101001000000010000000100101001
7588 100101010000000000000000010101001
7589 100101010000000010000000010101001
7590 100101100000000000000000001101001
7591 100101100000000010000000001101001
7592 100110000000000000000000000011001
7593 100110000000000010000000000011001
7594 100110000000000101000000000011001
7595 100110000000000111000000000011001
7596 100110000000001000100000000011001
7597 100110000000001010100000000011001
7598 100110000000010000010000000011001
7599 100110000000010010010000000011001
7600 100110000000100000001000000011001
7601 100110000000100010001000000011001
7602 100110000001000000000100000011001
7603 100110000001000010000100000011001
7604 100110000010000000000010000011001
7605 100110000010000010000010000011001
7606 100110000100000000000001000011001
7607 100110000100000010000001000011001
7608 100110001000000000000000100011001
7609 100110001000000010000000100011001
7610 100110010000000000000000010011001
7611 100110010000000010000000010011001
7612 100110100000000000000000001011001
7613 100110100000000010000000001011001
7614 100111000000000000000000000111001
7615 100111000000000010000000000111001
7616 101000000000000000000000000000101
7617 101000000000000010000000000000101
7618 101000000000000020000000000000101
7619 101000000000000101000000000000101
7620 101000000000000111000000000000101
7621 101000000000000990100000000000101
7622 101000000000001000100000000000101
7623 101000000000001010100000000000101
7624 101000000000001091100000000000101
7625 101000000000001101100000000000101
7626 101000000000001111100000000000101
7627 101000000000010000010000000000101
7628 101000000000010010010000000000101
7629 101000000000010101010000000000101
7630 101000000000010111010000000000101
7631 101000000000011000110000000000101
7632 101000000000011010110000000000101
7633 101000000000100000001000000000101
7634 101000000000100010001000000000101
7635 101000000000100101001000000000101
7636 101000000000100111001000000000101
7637 101000000000101000101000000000101
7638 101000000000101010101000000000101
7639 101000000000110000011000000000101
7640 101000000000110010011000000000101
7641 101000000001000000000100000000101
7642 101000000001000010000100000000101
7643 101000000001000101000100000000101
7644 101000000001000111000100000000101
7645 101000000001001000100100000000101
7646 101000000001001010100100000000101
7647 101000000001010000010100000000101
7648 101000000001010010010100000000101
7649 101000000001100000001100000000101
7650 101000000001100010001100000000101
7651 101000000010000000000010000000101
7652 101000000010000010000010000000101
7653 101000000010000101000010000000101
7654 101000000010000111000010000000101
7655 101000000010001000100010000000101
7656 101000000010001010100010000000101
7657 101000000010010000010010000000101
7658 101000000010010010010010000000101
7659 101000000010100000001010000000101
7660 101000000010100010001010000000101
7661 101000000011000000000110000000101
7662 101000000011000010000110000000101
7663 101000000100000000000001000000101
7664 101000000100000010000001000000101
7665 101000000100000101000001000000101
7666 101000000100000111000001000000101
7667 101000000100000990100001000000101
7668 101000000100001000100001000000101
7669 101000000100001010100001000000101
7670 101000000100010000010001000000101
7671 101000000100010010010001000000101
7672 101000000100100000001001000000101
7673 101000000100100010001001000000101
7674 101000000101000000000101000000101
7675 101000000101000010000101000000101
7676 101000000110000000000011000000101
7677 101000000110000010000011000000101
7678 101000001000000000000000100000101
7679 101000001000000010000000100000101
7680 101000001000000101000000100000101
7681 101000001000000111000000100000101
7682 101000001000000990100000100000101
7683 101000001000001000100000100000101
7684 101000001000001010100000100000101
7685 101000001000010000010000100000101
7686 101000001000010010010000100000101
7687 101000001000100000001000100000101
7688 101000001000100010001000100000101
7689 101000001001000000000100100000101
7690 101000001001000010000100100000101
7691 101000001010000000000010100000101
7692 101000001010000010000010100000101
7693 101000001100000000000001100000101
7694 101000001100000010000001100000101
7695 101000010000000000000000010000101
7696 101000010000000010000000010000101
7697 101000010000000101000000010000101
7698 101000010000000111000000010000101
7699 101000010000001000100000010000101
7700 101000010000001010100000010000101
7701 101000010000010000010000010000101
7702 101000010000010010010000010000101
7703 101000010000100000001000010000101
7704 101000010000100010001000010000101
7705 101000010001000000000100010000101
7706 101000010001000010000100010000101
7707 101000010010000000000010010000101
7708 101000010010000010000010010000101
7709 101000010100000000000001010000101
7710 101000010100000010000001010000101
7711 101000011000000000000000110000101
7712 101000011000000010000000110000101
7713 101000100000000000000000001000101
7714 101000100000000010000000001000101
7715 101000100000000101000000001000101
7716 101000100000000111000000001000101
7717 101000100000001000100000001000101
7718 101000100000001010100000001000101
7719 101000100000010000010000001000101
7720 101000100000010010010000001000101
7721 101000100000100000001000001000101
7722 101000100000100010001000001000101
7723 101000100001000000000100001000101
7724 101000100001000010000100001000101
7725 101000100010000000000010001000101
7726 101000100010000010000010001000101
7727 101000100100000000000001001000101
7728 101000100100000010000001001000101
7729 101000101000000000000000101000101
7730 101000101000000010000000101000101
7731 101000110000000000000000011000101
7732 101000110000000010000000011000101
7733 101001000000000000000000000100101
7734 101001000000000010000000000100101
7735 101001000000000101000000000100101
7736 101001000000000111000000000100101
7737 101001000000001000100000000100101
7738 101001000000001010100000000100101
7739 101001000000010000010000000100101
7740 101001000000010010010000000100101
7741 101001000000100000001000000100101
7742 101001000000100010001000000100101
7743 101001000001000000000100000100101
7744 101001000001000010000100000100101
7745 101001000010000000000010000100101
7746 101001000010000010000010000100101
7747 101001000100000000000001000100101
7748 101001000100000010000001000100101
7749 101001001000000000000000100100101
7750 101001001000000010000000100100101
7751 101001010000000000000000010100101
7752 101001010000000010000000010100101
7753 101001100000000000000000001100101
7754 101001100000000010000000001100101
7755 101010000000000000000000000010101
7756 101010000000000010000000000010101
7757 101010000000000101000000000010101
7758 101010000000000111000000000010101
7759 101010000000000990100000000010101
7760 101010000000001000100000000010101
7761 101010000000001010100000000010101
7762 101010000000010000010000000010101
7763 101010000000010010010000000010101
7764 101010000000100000001000000010101
7765 101010000000100010001000000010101
7766 101010000001000000000100000010101
7767 101010000001000010000100000010101
7768 101010000010000000000010000010101
7769 101010000010000010000010000010101
7770 101010000100000000000001000010101
7771 101010000100000010000001000010101
7772 101010001000000000000000100010101
7773 101010001000000010000000100010101
7774 101010010000000000000000010010101
7775 101010010000000010000000010010101
7776 101010100000000000000000001010101
7777 101010100000000010000000001010101
7778 101011000000000000000000000110101
7779 101011000000000010000000000110101
7780 101100000000000000000000000001101
7781 101100000000000010000000000001101
7782 101100000000000101000000000001101
7783 101100000000000111000000000001101
7784 101100000000001000100000000001101
7785 101100000000001010100000000001101
7786 101100000000010000010000000001101
7787 101100000000010010010000000001101
7788 101100000000100000001000000001101
7789 101100000000100010001000000001101
7790 101100000001000000000100000001101
7791 101100000001000010000100000001101
7792 101100000010000000000010000001101
7793 101100000010000010000010000001101
7794 101100000100000000000001000001101
7795 101100000100000010000001000001101
7796 101100001000000000000000100001101
7797 101100001000000010000000100001101
7798 101100010000000000000000010001101
7799 101100010000000010000000010001101
7800 101100100000000000000000001001101
7801 101100100000000010000000001001101
7802 101101000000000000000000000101101
7803 101101000000000010000000000101101
7804 101110000000000000000000000011101
7805 101110000000000010000000000011101
7806 110000000000000000000000000000011
7807 110000000000000010000000000000011
7808 110000000000000020000000000000011
7809 110000000000000091000000000000011
7810 110000000000000101000000000000011
7811 110000000000000111000000000000011
7812 110000000000001000100000000000011
7813 110000000000001010100000000000011
7814 110000000000001101100000000000011
7815 110000000000001111100000000000011
7816 110000000000010000010000000000011
7817 110000000000010010010000000000011
7818 110000000000010101010000000000011
7819 110000000000010111010000000000011
7820 110000000000011000110000000000011
7821 110000000000011010110000000000011
7822 110000000000100000001000000000011
7823 110000000000100010001000000000011
7824 110000000000100101001000000000011
7825 110000000000100111001000000000011
7826 110000000000101000101000000000011
7827 110000000000101010101000000000011
7828 110000000000110000011000000000011
7829 110000000000110010011000000000011
7830 110000000001000000000100000000011
7831 110000000001000010000100000000011
7832 110000000001000101000100000000011
7833 110000000001000111000100000000011
7834 110000000001001000100100000000011
7835 110000000001001010100100000000011
7836 110000000001010000010100000000011
7837 110000000001010010010100000000011
7838 110000000001100000001100000000011
7839 110000000001100010001100000000011
7840 110000000010000000000010000000011
7841 110000000010000010000010000000011
7842 110000000010000101000010000000011
7843 110000000010000111000010000000011
7844 110000000010001000100010000000011
7845 110000000010001010100010000000011
7846 110000000010010000010010000000011
7847 110000000010010010010010000000011
7848 110000000010100000001010000000011
7849 110000000010100010001010000000011
7850 110000000011000000000110000000011
7851 110000000011000010000110000000011
7852 110000000100000000000001000000011
7853 110000000100000010000001000000011
7854 110000000100000101000001000000011
7855 110000000100000111000001000000011
7856 110000000100001000100001000000011
7857 110000000100001010100001000000011
7858 110000000100010000010001000000011
7859 110000000100010010010001000000011
7860 110000000100100000001001000000011
7861 110000000100100010001001000000011
7862 110000000101000000000101000000011
7863 110000000101000010000101000000011
7864 110000000110000000000011000000011
7865 110000000110000010000011000000011
7866 110000001000000000000000100000011
7867 110000001000000010000000100000011
7868 110000001000000091000000100000011
7869 110000001000000101000000100000011
7870 110000001000000111000000100000011
7871 110000001000001000100000100000011
7872 110000001000001010100000100000011
7873 110000001000010000010000100000011
7874 110000001000010010010000100000011
7875 110000001000100000001000100000011
7876 110000001000100010001000100000011
7877 110000001001000000000100100000011
7878 110000001001000010000100100000011
7879 110000001010000000000010100000011
7880 110000001010000010000010100000011
7881 110000001100000000000001100000011
7882 110000001100000010000001100000011
7883 110000010000000000000000010000011
7884 110000010000000010000000010000011
7885 110000010000000101000000010000011
7886 110000010000000111000000010000011
7887 110000010000001000100000010000011
7888 110000010000001010100000010000011
7889 110000010000010000010000010000011
7890 110000010000010010010000010000011
7891 110000010000100000001000010000011
7892 110000010000100010001000010000011
7893 110000010001000000000100010000011
7894 110000010001000010000100010000011
7895 110000010010000000000010010000011
7896 110000010010000010000010010000011
7897 110000010100000000000001010000011
7898 110000010100000010000001010000011
7899 110000011000000000000000110000011
7900 110000011000000010000000110000011
7901 110000100000000000000000001000011
7902 110000100000000010000000001000011
7903 110000100000000101000000001000011
7904 110000100000000111000000001000011
7905 110000100000001000100000001000011
7906 110000100000001010100000001000011
7907 110000100000010000010000001000011
7908 110000100000010010010000001000011
7909 110000100000100000001000001000011
7910 110000100000100010001000001000011
7911 110000100001000000000100001000011
7912 110000100001000010000100001000011
7913 110000100010000000000010001000011
7914 110000100010000010000010001000011
7915 110000100100000000000001001000011
7916 110000100100000010000001001000011
7917 110000101000000000000000101000011
7918 110000101000000010000000101000011
7919 110000110000000000000000011000011
7920 110000110000000010000000011000011
7921 110001000000000000000000000100011
7922 110001000000000010000000000100011
7923 110001000000000101000000000100011
7924 110001000000000111000000000100011
7925 110001000000001000100000000100011
7926 110001000000001010100000000100011
7927 110001000000010000010000000100011
7928 110001000000010010010000000100011
7929 110001000000100000001000000100011
7930 110001000000100010001000000100011
7931 110001000001000000000100000100011
7932 110001000001000010000100000100011
7933 110001000010000000000010000100011
7934 110001000010000010000010000100011
7935 110001000100000000000001000100011
7936 110001000100000010000001000100011
7937 110001001000000000000000100100011
7938 110001001000000010000000100100011
7939 110001010000000000000000010100011
7940 110001010000000010000000010100011
7941 110001100000000000000000001100011
7942 110001100000000010000000001100011
7943 110010000000000000000000000010011
7944 110010000000000010000000000010011
7945 110010000000000101000000000010011
7946 110010000000000111000000000010011
7947 110010000000001000100000000010011
7948 110010000000001010100000000010011
7949 110010000000010000010000000010011
7950 110010000000010010010000000010011
7951 110010000000100000001000000010011
7952 110010000000100010001000000010011
7953 110010000001000000000100000010011
7954 110010000001000010000100000010011
7955 110010000010000000000010000010011
7956 110010000010000010000010000010011
7957 110010000100000000000001000010011
7958 110010000100000010000001000010011
7959 110010001000000000000000100010011
7960 110010001000000010000000100010011
7961 110010010000000000000000010010011
7962 110010010000000010000000010010011
7963 110010100000000000000000001010011
7964 110010100000000010000000001010011
7965 110011000000000000000000000110011
7966 110011000000000010000000000110011
7967 110100000000000000000000000001011
7968 110100000000000010000000000001011
7969 110100000000000101000000000001011
7970 110100000000000111000000000001011
7971 110100000000001000100000000001011
7972 110100000000001010100000000001011
7973 110100000000010000010000000001011
7974 110100000000010010010000000001011
7975 110100000000100000001000000001011
7976 110100000000100010001000000001011
7977 110100000001000000000100000001011
7978 110100000001000010000100000001011
7979 110100000010000000000010000001011
7980 110100000010000010000010000001011
7981 110100000100000000000001000001011
7982 110100000100000010000001000001011
7983 110100001000000000000000100001011
7984 110100001000000010000000100001011
7985 110100010000000000000000010001011
7986 110100010000000010000000010001011
7987 110100100000000000000000001001011
7988 110100100000000010000000001001011
7989 110101000000000000000000000101011
7990 110101000000000010000000000101011
7991 110110000000000000000000000011011
7992 110110000000000010000000000011011
7993 111000000000000000000000000000111
7994 111000000000000010000000000000111
7995 111000000000000091000000000000111
7996 111000000000000101000000000000111
7997 111000000000000111000000000000111
7998 111000000000001000100000000000111
7999 111000000000001010100000000000111
8000 111000000000010000010000000000111
8001 111000000000010010010000000000111
8002 111000000000100000001000000000111
8003 111000000000100010001000000000111
8004 111000000001000000000100000000111
8005 111000000001000010000100000000111
8006 111000000010000000000010000000111
8007 111000000010000010000010000000111
8008 111000000100000000000001000000111
8009 111000000100000010000001000000111
8010 111000001000000000000000100000111
8011 111000001000000010000000100000111
8012 111000010000000000000000010000111
8013 111000010000000010000000010000111
8014 111000100000000000000000001000111
8015 111000100000000010000000001000111
8016 111001000000000000000000000100111
8017 111001000000000010000000000100111
8018 111010000000000000000000000010111
8019 111010000000000010000000000010111
8020 111100000000000000000000000001111
8021 111100000000000010000000000001111
8022 121835770286544029000701461776971
8023 200000000000000000000000000000002
8024 200000000000000010000000000000002
8025 228562535427841869726146472478815
8026 247310769186488306440493305677954
8027 633801296960665546843096376103848
8028 982503990036767976718486749830913
8029 1000000000000000000000000000000001
8030 1000000000000000110000000000000001
8031 1000000000000001001000000000000001
8032 1000000000000001111000000000000001
8033 1000000000000010000100000000000001
8034 1000000000000010110100000000000001
8035 1000000000000011001100000000000001
8036 1000000000000011111100000000000001
8037 1000000000000100000010000000000001
8038 1000000000000100110010000000000001
8039 1000000000000101001010000000000001
8040 1000000000000101111010000000000001
8041 1000000000000110000110000000000001
8042 1000000000000110110110000000000001
8043 1000000000000111001110000000000001
8044 1000000000001000000001000000000001
8045 1000000000001000110001000000000001
8046 1000000000001001001001000000000001
8047 1000000000001001111001000000000001
8048 1000000000001010000101000000000001
8049 1000000000001010110101000000000001
8050 1000000000001011001101000000000001
8051 1000000000001100000011000000000001
8052 1000000000001100110011000000000001
8053 1000000000001101001011000000000001
8054 1000000000001110000111000000000001
8055 1000000000010000000000100000000001
8056 1000000000010000110000100000000001
8057 1000000000010001001000100000000001
8058 1000000000010001111000100000000001
8059 1000000000010010000100100000000001
8060 1000000000010010110100100000000001
8061 1000000000010011001100100000000001
8062 1000000000010100000010100000000001
8063 1000000000010100110010100000000001
8064 1000000000010101001010100000000001
8065 1000000000010110000110100000000001
8066 1000000000011000000001100000000001
8067 1000000000011000110001100000000001
8068 1000000000011001001001100000000001
8069 1000000000011010000101100000000001
8070 1000000000011100000011100000000001
8071 1000000000100000000000010000000001
8072 1000000000100000110000010000000001
8073 1000000000100001001000010000000001
8074 1000000000100001111000010000000001
8075 1000000000100010000100010000000001
8076 1000000000100010110100010000000001
8077 1000000000100011001100010000000001
8078 1000000000100100000010010000000001
8079 1000000000100100110010010000000001
8080 1000000000100101001010010000000001
8081 1000000000100110000110010000000001
8082 1000000000101000000001010000000001
8083 1000000000101000110001010000000001
8084 1000000000101001001001010000000001
8085 1000000000101010000101010000000001
8086 1000000000101100000011010000000001
8087 1000000000110000000000110000000001
8088 1000000000110000110000110000000001
8089 1000000000110001001000110000000001
8090 1000000000110010000100110000000001
8091 1000000000110100000010110000000001
8092 1000000000111000000001110000000001
8093 1000000001000000000000001000000001
8094 1000000001000000110000001000000001
8095 1000000001000001001000001000000001
8096 1000000001000001111000001000000001
8097 1000000001000010000100001000000001
8098 1000000001000010110100001000000001
8099 1000000001000011001100001000000001
8100 1000000001000100000010001000000001
8101 1000000001000100110010001000000001
8102 1000000001000101001010001000000001
8103 1000000001000110000110001000000001
8104 1000000001001000000001001000000001
8105 1000000001001000110001001000000001
8106 1000000001001001001001001000000001
8107 1000000001001010000101001000000001
8108 1000000001001100000011001000000001
8109 1000000001010000000000101000000001
8110 1000000001010000110000101000000001
8111 1000000001010001001000101000000001
8112 1000000001010010000100101000000001
8113 1000000001010100000010101000000001
8114 1000000001011000000001101000000001
8115 1000000001100000000000011000000001
8116 1000000001100000110000011000000001
8117 1000000001100001001000011000000001
8118 1000000001100010000100011000000001
8119 1000000001100100000010011000000001
8120 1000000001101000000001011000000001
8121 1000000001110000000000111000000001
8122 1000000010000000000000000100000001
8123 1000000010000000110000000100000001
8124 1000000010000001001000000100000001
8125 1000000010000001111000000100000001
8126 1000000010000010000100000100000001
8127 1000000010000010110100000100000001
8128 1000000010000011001100000100000001
8129 1000000010000100000010000100000001
8130 1000000010000100110010000100000001
8131 1000000010000101001010000100000001
8132 1000000010000110000110000100000001
8133 1000000010001000000001000100000001
8134 1000000010001000110001000100000001
8135 1000000010001001001001000100000001
8136 1000000010001010000101000100000001
8137 1000000010001100000011000100000001
8138 1000000010010000000000100100000001
8139 1000000010010000110000100100000001
8140 1000000010010001001000100100000001
8141 1000000010010010000100100100000001
8142 1000000010010100000010100100000001
8143 1000000010011000000001100100000001
8144 1000000010100000000000010100000001
8145 1000000010100000110000010100000001
8146 1000000010100001001000010100000001
8147 1000000010100010000100010100000001
8148 1000000010100100000010010100000001
8149 1000000010101000000001010100000001
8150 1000000010110000000000110100000001
8151 1000000011000000000000001100000001
8152 1000000011000000110000001100000001
8153 1000000011000001001000001100000001
8154 1000000011000010000100001100000001
8155 1000000011000100000010001100000001
8156 1000000011001000000001001100000001
8157 1000000011010000000000101100000001
8158 1000000011100000000000011100000001
8159 1000000100000000000000000010000001
8160 1000000100000000110000000010000001
8161 1000000100000001001000000010000001
8162 1000000100000001111000000010000001
8163 1000000100000010000100000010000001
8164 1000000100000010110100000010000001
8165 1000000100000011001100000010000001
8166 1000000100000100000010000010000001
8167 1000000100000100110010000010000001
8168 1000000100000101001010000010000001
8169 1000000100000110000110000010000001
8170 1000000100001000000001000010000001
8171 1000000100001000110001000010000001
8172 1000000100001001001001000010000001
8173 1000000100001010000101000010000001
8174 1000000100001100000011000010000001
8175 1000000100010000000000100010000001
8176 1000000100010000110000100010000001
8177 1000000100010001001000100010000001
8178 1000000100010010000100100010000001
8179 1000000100010100000010100010000001
8180 1000000100011000000001100010000001
8181 1000000100100000000000010010000001
8182 1000000100100000110000010010000001
8183 1000000100100001001000010010000001
8184 1000000100100010000100010010000001
8185 1000000100100100000010010010000001
8186 1000000100101000000001010010000001
8187 1000000100110000000000110010000001
8188 1000000101000000000000001010000001
8189 1000000101000000110000001010000001
8190 1000000101000001001000001010000001
8191 1000000101000010000100001010000001
8192 1000000101000100000010001010000001
8193 1000000101001000000001001010000001
8194 1000000101010000000000101010000001
8195 1000000101100000000000011010000001
8196 1000000110000000000000000110000001
8197 1000000110000000110000000110000001
8198 1000000110000001001000000110000001
8199 1000000110000010000100000110000001
8200 1000000110000100000010000110000001
8201 1000000110001000000001000110000001
8202 1000000110010000000000100110000001
8203 1000000110100000000000010110000001
8204 1000000111000000000000001110000001
8205 1000001000000000000000000001000001
8206 1000001000000000110000000001000001
8207 1000001000000001001000000001000001
8208 1000001000000001111000000001000001
8209 1000001000000010000100000001000001
8210 1000001000000010110100000001000001
8211 1000001000000011001100000001000001
8212 1000001000000100000010000001000001
8213 1000001000000100110010000001000001
8214 1000001000000101001010000001000001
8215 1000001000000110000110000001000001
8216 1000001000001000000001000001000001
8217 1000001000001000110001000001000001
8218 1000001000001001001001000001000001
8219 1000001000001010000101000001000001
8220 1000001000001100000011000001000001
8221 1000001000010000000000100001000001
8222 1000001000010000110000100001000001
8223 1000001000010001001000100001000001
8224 1000001000010010000100100001000001
8225 1000001000010100000010100001000001
8226 1000001000011000000001100001000001
8227 1000001000100000000000010001000001
8228 1000001000100000110000010001000001
8229 1000001000100001001000010001000001
8230 1000001000100010000100010001000001
8231 1000001000100100000010010001000001
8232 1000001000101000000001010001000001
8233 1000001000110000000000110001000001
8234 1000001001000000000000001001000001
8235 1000001001000000110000001001000001
8236 1000001001000001001000001001000001
8237 1000001001000010000100001001000001
8238 1000001001000100000010001001000001
8239 1000001001001000000001001001000001
8240 1000001001010000000000101001000001
8241 1000001001100000000000011001000001
8242 1000001010000000000000000101000001
8243 1000001010000000110000000101000001
8244 1000001010000001001000000101000001
8245 1000001010000010000100000101000001
8246 1000001010000100000010000101000001
8247 1000001010001000000001000101000001
8248 1000001010010000000000100101000001
8249 1000001010100000000000010101000001
8250 1000001011000000000000001101000001
8251 1000001100000000000000000011000001
8252 1000001100000000110000000011000001
8253 1000001100000001001000000011000001
8254 1000001100000010000100000011000001
8255 1000001100000100000010000011000001
8256 1000001100001000000001000011000001
8257 1000001100010000000000100011000001
8258 1000001100100000000000010011000001
8259 1000001101000000000000001011000001
8260 1000001110000000000000000111000001
8261 1000010000000000000000000000100001
8262 1000010000000000110000000000100001
8263 1000010000000001001000000000100001
8264 1000010000000001111000000000100001
8265 1000010000000010000100000000100001
8266 1000010000000010110100000000100001
8267 1000010000000011001100000000100001
8268 1000010000000100000010000000100001
8269 1000010000000100110010000000100001
8270 1000010000000101001010000000100001
8271 1000010000000110000110000000100001
8272 1000010000001000000001000000100001
8273 1000010000001000110001000000100001
8274 1000010000001001001001000000100001
8275 1000010000001010000101000000100001
8276 1000010000001100000011000000100001
8277 1000010000010000000000100000100001
8278 1000010000010000110000100000100001
8279 1000010000010001001000100000100001
8280 1000010000010010000100100000100001
8281 1000010000010100000010100000100001
8282 1000010000011000000001100000100001
8283 1000010000100000000000010000100001
8284 1000010000100000110000010000100001
8285 1000010000100001001000010000100001
8286 1000010000100010000100010000100001
8287 1000010000100100000010010000100001
8288 1000010000101000000001010000100001
8289 1000010000110000000000110000100001
8290 1000010001000000000000001000100001
8291 1000010001000000110000001000100001
8292 1000010001000001001000001000100001
8293 1000010001000010000100001000100001
8294 1000010001000100000010001000100001
8295 1000010001001000000001001000100001
8296 1000010001010000000000101000100001
8297 1000010001100000000000011000100001
8298 1000010010000000000000000100100001
8299 1000010010000000110000000100100001
8300 1000010010000001001000000100100001
8301 1000010010000010000100000100100001
8302 1000010010000100000010000100100001
8303 1000010010001000000001000100100001
8304 1000010010010000000000100100100001
8305 1000010010100000000000010100100001
8306 1000010011000000000000001100100001
8307 1000010100000000000000000010100001
8308 1000010100000000110000000010100001
8309 1000010100000001001000000010100001
8310 1000010100000010000100000010100001
8311 1000010100000100000010000010100001
8312 1000010100001000000001000010100001
8313 1000010100010000000000100010100001
8314 1000010100100000000000010010100001
8315 1000010101000000000000001010100001
8316 1000010110000000000000000110100001
8317 1000011000000000000000000001100001
8318 1000011000000000110000000001100001
8319 1000011000000001001000000001100001
8320 1000011000000010000100000001100001
8321 1000011000000100000010000001100001
8322 1000011000001000000001000001100001
8323 1000011000010000000000100001100001
8324 1000011000100000000000010001100001
8325 1000011001000000000000001001100001
8326 1000011010000000000000000101100001
8327 1000011100000000000000000011100001
8328 1000100000000000000000000000010001
8329 1000100000000000110000000000010001
8330 1000100000000001001000000000010001
8331 1000100000000001111000000000010001
8332 1000100000000010000100000000010001
8333 1000100000000010110100000000010001
8334 1000100000000011001100000000010001
8335 1000100000000100000010000000010001
8336 1000100000000100110010000000010001
8337 1000100000000101001010000000010001
8338 1000100000000110000110000000010001
8339 1000100000001000000001000000010001
8340 1000100000001000110001000000010001
8341 1000100000001001001001000000010001
8342 1000100000001010000101000000010001
8343 1000100000001100000011000000010001
8344 1000100000010000000000100000010001
8345 1000100000010000110000100000010001
8346 1000100000010001001000100000010001
8347 1000100000010010000100100000010001
8348 1000100000010100000010100000010001
8349 1000100000011000000001100000010001
8350 1000100000100000000000010000010001
8351 1000100000100000110000010000010001
8352 1000100000100001001000010000010001
8353 1000100000100010000100010000010001
8354 1000100000100100000010010000010001
8355 1000100000101000000001010000010001
8356 1000100000110000000000110000010001
8357 1000100001000000000000001000010001
8358 1000100001000000110000001000010001
8359 1000100001000001001000001000010001
8360 1000100001000010000100001000010001
8361 1000100001000100000010001000010001
8362 1000100001001000000001001000010001
8363 1000100001010000000000101000010001
8364 1000100001100000000000011000010001
8365 1000100010000000000000000100010001
8366 1000100010000000110000000100010001
8367 1000100010000001001000000100010001
8368 1000100010000010000100000100010001
8369 1000100010000100000010000100010001
8370 1000100010001000000001000100010001
8371 1000100010010000000000100100010001
8372 1000100010100000000000010100010001
8373 1000100011000000000000001100010001
8374 1000100100000000000000000010010001
8375 1000100100000000110000000010010001
8376 1000100100000001001000000010010001
8377 1000100100000010000100000010010001
8378 1000100100000100000010000010010001
8379 1000100100001000000001000010010001
8380 1000100100010000000000100010010001
8381 1000100100100000000000010010010001
8382 1000100101000000000000001010010001
8383 1000100110000000000000000110010001
8384 1000101000000000000000000001010001
8385 1000101000000000110000000001010001
8386 1000101000000001001000000001010001
8387 1000101000000010000100000001010001
8388 1000101000000100000010000001010001
8389 1000101000001000000001000001010001
8390 1000101000010000000000100001010001
8391 1000101000100000000000010001010001
8392 1000101001000000000000001001010001
8393 1000101010000000000000000101010001
8394 1000101100000000000000000011010001
8395 1000110000000000000000000000110001
8396 1000110000000000110000000000110001
8397 1000110000000001001000000000110001
8398 1000110000000010000100000000110001
8399 1000110000000100000010000000110001
8400 1000110000001000000001000000110001
8401 1000110000010000000000100000110001
8402 1000110000100000000000010000110001
8403 1000110001000000000000001000110001
8404 1000110010000000000000000100110001
8405 1000110100000000000000000010110001
8406 1000111000000000000000000001110001
8407 1001000000000000000000000000001001
8408 1001000000000000110000000000001001
8409 1001000000000001001000000000001001
8410 1001000000000001111000000000001001
8411 1001000000000010000100000000001001
8412 1001000000000010110100000000001001
8413 1001000000000011001100000000001001
8414 1001000000000100000010000000001001
8415 1001000000000100110010000000001001
8416 1001000000000101001010000000001001
8417 1001000000000110000110000000001001
8418 1001000000001000000001000000001001
8419 1001000000001000110001000000001001
8420 1001000000001001001001000000001001
8421 1001000000001010000101000000001001
8422 1001000000001100000011000000001001
8423 1001000000010000000000100000001001
8424 1001000000010000110000100000001001
8425 1001000000010001001000100000001001
8426 1001000000010010000100100000001001
8427 1001000000010100000010100000001001
8428 1001000000011000000001100000001001
8429 1001000000100000000000010000001001
8430 1001000000100000110000010000001001
8431 1001000000100001001000010000001001
8432 1001000000100010000100010000001001
8433 1001000000100100000010010000001001
8434 1001000000101000000001010000001001
8435 1001000000110000000000110000001001
8436 1001000001000000000000001000001001
8437 1001000001000000110000001000001001
8438 1001000001000001001000001000001001
8439 1001000001000010000100001000001001
8440 1001000001000100000010001000001001
8441 1001000001001000000001001000001001
8442 1001000001010000000000101000001001
8443 1001000001100000000000011000001001
8444 1001000010000000000000000100001001
8445 1001000010000000110000000100001001
8446 1001000010000001001000000100001001
8447 1001000010000010000100000100001001
8448 1001000010000100000010000100001001
8449 1001000010001000000001000100001001
8450 1001000010010000000000100100001001
8451 1001000010100000000000010100001001
8452 1001000011000000000000001100001001
8453 1001000100000000000000000010001001
8454 1001000100000000110000000010001001
8455 1001000100000001001000000010001001
8456 1001000100000010000100000010001001
8457 1001000100000100000010000010001001
8458 1001000100001000000001000010001001
8459 1001000100010000000000100010001001
8460 1001000100100000000000010010001001
8461 1001000101000000000000001010001001
8462 1001000110000000000000000110001001
8463 1001001000000000000000000001001001
8464 1001001000000000110000000001001001
8465 1001001000000001001000000001001001
8466 1001001000000010000100000001001001
8467 1001001000000100000010000001001001
8468 1001001000001000000001000001001001
8469 1001001000010000000000100001001001
8470 1001001000100000000000010001001001
8471 1001001001000000000000001001001001
8472 1001001010000000000000000101001001
8473 1001001100000000000000000011001001
8474 1001010000000000000000000000101001
8475 1001010000000000110000000000101001
8476 1001010000000001001000000000101001
8477 1001010000000010000100000000101001
8478 1001010000000100000010000000101001
8479 1001010000001000000001000000101001
8480 1001010000010000000000100000101001
8481 1001010000100000000000010000101001
8482 1001010001000000000000001000101001
8483 1001010010000000000000000100101001
8484 1001010100000000000000000010101001
8485 1001011000000000000000000001101001
8486 1001100000000000000000000000011001
8487 1001100000000000110000000000011001
8488 1001100000000001001000000000011001
8489 1001100000000010000100000000011001
8490 1001100000000100000010000000011001
8491 1001100000001000000001000000011001
8492 1001100000010000000000100000011001
8493 1001100000100000000000010000011001
8494 1001100001000000000000001000011001
8495 1001100010000000000000000100011001
8496 1001100100000000000000000010011001
8497 1001101000000000000000000001011001
8498 1001110000000000000000000000111001
8499 1010000000000000000000000000000101
8500 1010000000000000110000000000000101
8501 1010000000000001001000000000000101
8502 1010000000000001111000000000000101
8503 1010000000000010000100000000000101
8504 1010000000000010110100000000000101
8505 1010000000000011001100000000000101
8506 1010000000000100000010000000000101
8507 1010000000000100110010000000000101
8508 1010000000000101001010000000000101
8509 1010000000000110000110000000000101
8510 1010000000001000000001000000000101
8511 1010000000001000110001000000000101
8512 1010000000001001001001000000000101
8513 1010000000001010000101000000000101
8514 1010000000001100000011000000000101
8515 1010000000010000000000100000000101
8516 1010000000010000110000100000000101
8517 1010000000010001001000100000000101
8518 1010000000010010000100100000000101
8519 1010000000010100000010100000000101
8520 1010000000011000000001100000000101
8521 1010000000100000000000010000000101
8522 1010000000100000110000010000000101
8523 1010000000100001001000010000000101
8524 1010000000100010000100010000000101
8525 1010000000100100000010010000000101
8526 1010000000101000000001010000000101
8527 1010000000110000000000110000000101
8528 1010000001000000000000001000000101
8529 1010000001000000110000001000000101
8530 1010000001000001001000001000000101
8531 1010000001000010000100001000000101
8532 1010000001000100000010001000000101
8533 1010000001001000000001001000000101
8534 1010000001010000000000101000000101
8535 1010000001100000000000011000000101
8536 1010000010000000000000000100000101
8537 1010000010000000110000000100000101
8538 1010000010000001001000000100000101
8539 1010000010000010000100000100000101
8540 1010000010000100000010000100000101
8541 1010000010001000000001000100000101
8542 1010000010010000000000100100000101
8543 1010000010100000000000010100000101
8544 1010000011000000000000001100000101
8545 1010000100000000000000000010000101
8546 1010000100000000110000000010000101
8547 1010000100000001001000000010000101
8548 1010000100000010000100000010000101
8549 1010000100000100000010000010000101
8550 1010000100001000000001000010000101
8551 1010000100010000000000100010000101
8552 1010000100100000000000010010000101
8553 1010000101000000000000001010000101
8554 1010000110000000000000000110000101
8555 1010001000000000000000000001000101
8556 1010001000000000110000000001000101
8557 1010001000000001001000000001000101
8558 1010001000000010000100000001000101
8559 1010001000000100000010000001000101
8560 1010001000001000000001000001000101
8561 1010001000010000000000100001000101
8562 1010001000100000000000010001000101
8563 1010001001000000000000001001000101
8564 1010001010000000000000000101000101
8565 1010001100000000000000000011000101
8566 1010010000000000000000000000100101
8567 1010010000000000110000000000100101
8568 1010010000000001001000000000100101
8569 1010010000000010000100000000100101
8570 1010010000000100000010000000100101
8571 1010010000001000000001000000100101
8572 1010010000010000000000100000100101
8573 1010010000100000000000010000100101
8574 1010010001000000000000001000100101
8575 1010010010000000000000000100100101
8576 1010010100000000000000000010100101
8577 1010011000000000000000000001100101
8578 1010100000000000000000000000010101
8579 1010100000000000110000000000010101
8580 1010100000000001001000000000010101
8581 1010100000000010000100000000010101
8582 1010100000000100000010000000010101
8583 1010100000001000000001000000010101
8584 1010100000010000000000100000010101
8585 1010100000100000000000010000010101
8586 1010100001000000000000001000010101
8587 1010100010000000000000000100010101
8588 1010100100000000000000000010010101
8589 1010101000000000000000000001010101
8590 1010110000000000000000000000110101
8591 1011000000000000000000000000001101
8592 1011000000000000110000000000001101
8593 1011000000000001001000000000001101
8594 1011000000000010000100000000001101
8595 1011000000000100000010000000001101
8596 1011000000001000000001000000001101
8597 1011000000010000000000100000001101
8598 1011000000100000000000010000001101
8599 1011000001000000000000001000001101
8600 1011000010000000000000000100001101
8601 1011000100000000000000000010001101
8602 1011001000000000000000000001001101
8603 1011010000000000000000000000101101
8604 1011100000000000000000000000011101
8605 1100000000000000000000000000000011
8606 1100000000000000110000000000000011
8607 1100000000000001001000000000000011
8608 1100000000000001111000000000000011
8609 1100000000000010000100000000000011
8610 1100000000000010110100000000000011
8611 1100000000000011001100000000000011
8612 1100000000000100000010000000000011
8613 1100000000000100110010000000000011
8614 1100000000000101001010000000000011
8615 1100000000000110000110000000000011
8616 1100000000001000000001000000000011
8617 1100000000001000110001000000000011
8618 1100000000001001001001000000000011
8619 1100000000001010000101000000000011
8620 1100000000001100000011000000000011
8621 1100000000010000000000100000000011
8622 1100000000010000110000100000000011
8623 1100000000010001001000100000000011
8624 1100000000010010000100100000000011
8625 1100000000010100000010100000000011
8626 1100000000011000000001100000000011
8627 1100000000100000000000010000000011
8628 1100000000100000110000010000000011
8629 1100000000100001001000010000000011
8630 1100000000100010000100010000000011
8631 1100000000100100000010010000000011
8632 1100000000101000000001010000000011
8633 1100000000110000000000110000000011
8634 1100000001000000000000001000000011
8635 1100000001000000110000001000000011
8636 1100000001000001001000001000000011
8637 1100000001000010000100001000000011
8638 1100000001000100000010001000000011
8639 1100000001001000000001001000000011
8640 1100000001010000000000101000000011
8641 1100000001100000000000011000000011
8642 1100000010000000000000000100000011
8643 1100000010000000110000000100000011
8644 1100000010000001001000000100000011
8645 1100000010000010000100000100000011
8646 1100000010000100000010000100000011
8647 1100000010001000000001000100000011
8648 1100000010010000000000100100000011
8649 1100000010100000000000010100000011
8650 1100000011000000000000001100000011
8651 1100000100000000000000000010000011
8652 1100000100000000110000000010000011
8653 1100000100000001001000000010000011
8654 1100000100000010000100000010000011
8655 1100000100000100000010000010000011
8656 1100000100001000000001000010000011
8657 1100000100010000000000100010000011
8658 1100000100100000000000010010000011
8659 1100000101000000000000001010000011
8660 1100000110000000000000000110000011
8661 1100001000000000000000000001000011
8662 1100001000000000110000000001000011
8663 1100001000000001001000000001000011
8664 1100001000000010000100000001000011
8665 1100001000000100000010000001000011
8666 1100001000001000000001000001000011
8667 1100001000010000000000100001000011
8668 1100001000100000000000010001000011
8669 1100001001000000000000001001000011
8670 1100001010000000000000000101000011
8671 1100001100000000000000000011000011
8672 1100010000000000000000000000100011
8673 1100010000000000110000000000100011
8674 1100010000000001001000000000100011
8675 1100010000000010000100000000100011
8676 1100010000000100000010000000100011
8677 1100010000001000000001000000100011
8678 1100010000010000000000100000100011
8679 1100010000100000000000010000100011
8680 1100010001000000000000001000100011
8681 1100010010000000000000000100100011
8682 1100010100000000000000000010100011
8683 1100011000000000000000000001100011
8684 1100100000000000000000000000010011
8685 1100100000000000110000000000010011
8686 1100100000000001001000000000010011
8687 1100100000000010000100000000010011
8688 1100100000000100000010000000010011
8689 1100100000001000000001000000010011
8690 1100100000010000000000100000010011
8691 1100100000100000000000010000010011
8692 1100100001000000000000001000010011
8693 1100100010000000000000000100010011
8694 1100100100000000000000000010010011
8695 1100101000000000000000000001010011
8696 1100110000000000000000000000110011
8697 1101000000000000000000000000001011
8698 1101000000000000110000000000001011
8699 1101000000000001001000000000001011
8700 1101000000000010000100000000001011
8701 1101000000000100000010000000001011
8702 1101000000001000000001000000001011
8703 1101000000010000000000100000001011
8704 1101000000100000000000010000001011
8705 1101000001000000000000001000001011
8706 1101000010000000000000000100001011
8707 1101000100000000000000000010001011
8708 1101001000000000000000000001001011
8709 1101010000000000000000000000101011
8710 1101100000000000000000000000011011
8711 1110000000000000000000000000000111
8712 1110000000000000110000000000000111
8713 1110000000000001001000000000000111
8714 1110000000000010000100000000000111
8715 1110000000000100000010000000000111
8716 1110000000001000000001000000000111
8717 1110000000010000000000100000000111
8718 1110000000100000000000010000000111
8719 1110000001000000000000001000000111
8720 1110000010000000000000000100000111
8721 1110000100000000000000000010000111
8722 1110001000000000000000000001000111
8723 1110010000000000000000000000100111
8724 1110100000000000000000000000010111
8725 1111000000000000000000000000001111
8726 2000000000000000000000000000000002
8727 2199198533628007527429007800357372
8728 2602189663685835935193356696699424
8729 3109885844380152888763910885950363
