A359636 level n=10 (CUDA on NVIDIA GB10, 48 SMs): m in [664,309,293,225,476,097, 1,000,000,000,000,000,002] (m = 3 mod 6, 55948451129087318 values), 262144 blocks x 8192 k per launch, 16 CPU verifier threads
sieve primes 5..1000 (477 strided progressions, 66 warp-level), each target needs >= 6 prime factors <= 1000 (threshold 5 after the forced 2/3), 2.10 marks per k
m=664,309,293,225,476,097 (0.00%)  0.0 Gm/s  surv=276 trip=0 sol=0  0s elapsed, ETA ?
m=664,361,064,761,262,081 (0.02%)  862.6 Gm/s  surv=1076992 trip=0 sol=0  1m00s elapsed, ETA 4d12h05m
m=664,411,908,584,112,129 (0.03%)  854.9 Gm/s  surv=2133577 trip=0 sol=0  2m00s elapsed, ETA 4d13h02m
m=664,462,636,442,845,185 (0.05%)  851.7 Gm/s  surv=3189135 trip=0 sol=0  3m00s elapsed, ETA 4d13h26m
m=664,513,338,531,774,465 (0.06%)  850.0 Gm/s  surv=4243589 trip=0 sol=0  4m00s elapsed, ETA 4d13h38m
m=664,564,053,505,605,633 (0.08%)  849.0 Gm/s  surv=5298430 trip=0 sol=0  5m00s elapsed, ETA 4d13h44m
m=664,614,794,249,240,577 (0.09%)  848.5 Gm/s  surv=6354268 trip=0 sol=0  6m00s elapsed, ETA 4d13h48m
m=664,665,573,647,581,185 (0.11%)  848.1 Gm/s  surv=7410238 trip=0 sol=0  7m00s elapsed, ETA 4d13h49m
m=664,716,572,089,253,889 (0.12%)  848.3 Gm/s  surv=8470521 trip=0 sol=0  8m00s elapsed, ETA 4d13h47m
m=664,768,034,387,394,561 (0.14%)  849.4 Gm/s  surv=9540555 trip=0 sol=0  9m00s elapsed, ETA 4d13h37m
m=664,818,891,095,146,497 (0.15%)  849.2 Gm/s  surv=10598092 trip=0 sol=0  10m00s elapsed, ETA 4d13h38m
m=664,869,722,033,094,657 (0.17%)  849.0 Gm/s  surv=11655240 trip=0 sol=0  11m00s elapsed, ETA 4d13h38m
m=664,920,604,510,650,369 (0.18%)  848.9 Gm/s  surv=12715850 trip=0 sol=0  12m00s elapsed, ETA 4d13h38m
m=664,972,234,312,515,585 (0.20%)  849.8 Gm/s  surv=13787376 trip=0 sol=0  13m00s elapsed, ETA 4d13h30m
m=665,023,825,459,675,137 (0.21%)  850.5 Gm/s  surv=14858919 trip=0 sol=0  14m00s elapsed, ETA 4d13h24m
m=665,075,210,448,404,481 (0.23%)  850.9 Gm/s  surv=15925784 trip=0 sol=0  15m00s elapsed, ETA 4d13h20m
m=665,126,028,501,450,753 (0.24%)  850.6 Gm/s  surv=16983073 trip=0 sol=0  16m00s elapsed, ETA 4d13h21m
m=665,176,872,324,300,801 (0.26%)  850.5 Gm/s  surv=18039285 trip=0 sol=0  17m00s elapsed, ETA 4d13h21m
m=665,227,741,916,954,625 (0.27%)  850.3 Gm/s  surv=19095482 trip=0 sol=0  18m00s elapsed, ETA 4d13h21m
m=665,278,611,509,608,449 (0.29%)  850.2 Gm/s  surv=20150591 trip=0 sol=0  19m00s elapsed, ETA 4d13h21m
m=665,329,468,217,360,385 (0.30%)  850.0 Gm/s  surv=21207999 trip=0 sol=0  20m00s elapsed, ETA 4d13h21m
m=665,380,337,810,014,209 (0.32%)  849.9 Gm/s  surv=22266311 trip=0 sol=0  21m00s elapsed, ETA 4d13h21m
m=665,431,181,632,864,257 (0.33%)  849.8 Gm/s  surv=23323406 trip=0 sol=0  22m00s elapsed, ETA 4d13h21m
m=665,482,038,340,616,193 (0.35%)  849.7 Gm/s  surv=24382013 trip=0 sol=0  23m00s elapsed, ETA 4d13h21m
m=665,532,882,163,466,241 (0.36%)  849.6 Gm/s  surv=25439985 trip=0 sol=0  24m00s elapsed, ETA 4d13h21m
m=665,583,725,986,316,289 (0.38%)  849.5 Gm/s  surv=26497924 trip=0 sol=0  25m00s elapsed, ETA 4d13h20m
m=665,634,582,694,068,225 (0.39%)  849.4 Gm/s  surv=27555585 trip=0 sol=0  26m00s elapsed, ETA 4d13h20m
m=665,685,452,286,722,049 (0.41%)  849.4 Gm/s  surv=28612999 trip=0 sol=0  27m00s elapsed, ETA 4d13h20m
m=665,736,308,994,473,985 (0.43%)  849.3 Gm/s  surv=29670428 trip=0 sol=0  28m00s elapsed, ETA 4d13h19m
m=665,787,152,817,324,033 (0.44%)  849.2 Gm/s  surv=30727586 trip=0 sol=0  29m00s elapsed, ETA 4d13h19m
m=665,837,996,640,174,081 (0.46%)  849.2 Gm/s  surv=31785999 trip=0 sol=0  30m00s elapsed, ETA 4d13h18m
m=665,888,866,232,827,905 (0.47%)  849.1 Gm/s  surv=32843587 trip=0 sol=0  31m00s elapsed, ETA 4d13h17m
m=665,939,748,710,383,617 (0.49%)  849.1 Gm/s  surv=33903325 trip=0 sol=0  32m00s elapsed, ETA 4d13h17m
m=665,990,605,418,135,553 (0.50%)  849.0 Gm/s  surv=34962001 trip=0 sol=0  33m00s elapsed, ETA 4d13h16m
m=666,041,449,240,985,601 (0.52%)  849.0 Gm/s  surv=36018923 trip=0 sol=0  34m00s elapsed, ETA 4d13h16m
m=666,092,318,833,639,425 (0.53%)  849.0 Gm/s  surv=37077092 trip=0 sol=0  35m00s elapsed, ETA 4d13h15m
m=666,143,188,426,293,249 (0.55%)  848.9 Gm/s  surv=38135087 trip=0 sol=0  36m00s elapsed, ETA 4d13h14m
m=666,194,058,018,947,073 (0.56%)  848.9 Gm/s  surv=39193571 trip=0 sol=0  37m00s elapsed, ETA 4d13h13m
m=666,244,876,071,993,345 (0.58%)  848.8 Gm/s  surv=40251194 trip=0 sol=0  38m00s elapsed, ETA 4d13h13m
m=666,295,719,894,843,393 (0.59%)  848.8 Gm/s  surv=41308353 trip=0 sol=0  39m00s elapsed, ETA 4d13h12m
m=666,346,525,062,987,777 (0.61%)  848.7 Gm/s  surv=42364481 trip=0 sol=0  40m00s elapsed, ETA 4d13h11m
m=666,397,368,885,837,825 (0.62%)  848.7 Gm/s  surv=43421736 trip=0 sol=0  41m00s elapsed, ETA 4d13h11m
m=666,448,212,708,687,873 (0.64%)  848.7 Gm/s  surv=44479351 trip=0 sol=0  42m00s elapsed, ETA 4d13h10m
m=666,499,082,301,341,697 (0.65%)  848.7 Gm/s  surv=45536172 trip=0 sol=0  43m00s elapsed, ETA 4d13h09m
m=666,549,939,009,093,633 (0.67%)  848.6 Gm/s  surv=46593607 trip=0 sol=0  44m00s elapsed, ETA 4d13h08m
m=666,600,821,486,649,345 (0.68%)  848.6 Gm/s  surv=47650430 trip=0 sol=0  45m00s elapsed, ETA 4d13h07m
m=666,651,678,194,401,281 (0.70%)  848.6 Gm/s  surv=48706712 trip=0 sol=0  46m00s elapsed, ETA 4d13h07m
m=666,702,534,902,153,217 (0.71%)  848.6 Gm/s  surv=49765697 trip=0 sol=0  47m00s elapsed, ETA 4d13h06m
m=666,753,378,725,003,265 (0.73%)  848.5 Gm/s  surv=50821275 trip=0 sol=0  48m00s elapsed, ETA 4d13h05m
m=666,804,222,547,853,313 (0.74%)  848.5 Gm/s  surv=51877233 trip=0 sol=0  49m00s elapsed, ETA 4d13h04m
m=666,855,079,255,605,249 (0.76%)  848.5 Gm/s  surv=52934064 trip=0 sol=0  50m00s elapsed, ETA 4d13h03m
m=666,905,923,078,455,297 (0.77%)  848.5 Gm/s  surv=53991012 trip=0 sol=0  51m00s elapsed, ETA 4d13h03m
m=666,956,779,786,207,233 (0.79%)  848.4 Gm/s  surv=55048250 trip=0 sol=0  52m00s elapsed, ETA 4d13h02m
m=667,007,623,609,057,281 (0.80%)  848.4 Gm/s  surv=56105018 trip=0 sol=0  53m00s elapsed, ETA 4d13h01m
m=667,058,480,316,809,217 (0.82%)  848.4 Gm/s  surv=57163546 trip=0 sol=0  54m00s elapsed, ETA 4d13h00m
m=667,109,337,024,561,153 (0.83%)  848.4 Gm/s  surv=58219484 trip=0 sol=0  55m00s elapsed, ETA 4d12h59m
m=667,160,180,847,411,201 (0.85%)  848.4 Gm/s  surv=59275767 trip=0 sol=0  56m00s elapsed, ETA 4d12h58m
m=667,211,050,440,065,025 (0.86%)  848.4 Gm/s  surv=60331922 trip=0 sol=0  57m00s elapsed, ETA 4d12h57m
m=667,261,469,061,152,769 (0.88%)  848.2 Gm/s  surv=61380709 trip=0 sol=0  58m00s elapsed, ETA 4d12h57m
m=667,312,003,646,357,505 (0.89%)  848.1 Gm/s  surv=62429711 trip=0 sol=0  59m00s elapsed, ETA 4d12h57m
m=667,362,602,656,071,681 (0.91%)  848.0 Gm/s  surv=63483235 trip=0 sol=0  1h00m00s elapsed, ETA 4d12h57m
m=667,413,150,126,178,305 (0.92%)  847.9 Gm/s  surv=64535281 trip=0 sol=0  1h01m00s elapsed, ETA 4d12h57m
m=667,463,736,250,990,593 (0.94%)  847.9 Gm/s  surv=65589349 trip=0 sol=0  1h02m00s elapsed, ETA 4d12h56m
m=667,514,361,030,508,545 (0.95%)  847.8 Gm/s  surv=66641704 trip=0 sol=0  1h03m00s elapsed, ETA 4d12h56m
m=667,564,908,500,615,169 (0.97%)  847.7 Gm/s  surv=67693248 trip=0 sol=0  1h04m00s elapsed, ETA 4d12h55m
m=667,615,430,200,918,017 (0.98%)  847.6 Gm/s  surv=68744961 trip=0 sol=0  1h05m00s elapsed, ETA 4d12h55m
m=667,666,003,440,828,417 (1.00%)  847.6 Gm/s  surv=69796777 trip=0 sol=0  1h06m00s elapsed, ETA 4d12h55m
m=667,716,563,795,836,929 (1.02%)  847.5 Gm/s  surv=70848917 trip=0 sol=0  1h07m00s elapsed, ETA 4d12h54m
m=667,767,278,769,668,097 (1.03%)  847.4 Gm/s  surv=71902142 trip=0 sol=0  1h08m00s elapsed, ETA 4d12h53m
m=667,818,122,592,518,145 (1.05%)  847.4 Gm/s  surv=72958513 trip=0 sol=0  1h09m00s elapsed, ETA 4d12h53m
m=667,868,966,415,368,193 (1.06%)  847.4 Gm/s  surv=74014427 trip=0 sol=0  1h10m00s elapsed, ETA 4d12h52m
m=667,919,836,008,022,017 (1.08%)  847.4 Gm/s  surv=75071374 trip=0 sol=0  1h11m00s elapsed, ETA 4d12h50m
m=667,970,679,830,872,065 (1.09%)  847.4 Gm/s  surv=76129001 trip=0 sol=0  1h12m00s elapsed, ETA 4d12h49m
m=668,021,549,423,525,889 (1.11%)  847.4 Gm/s  surv=77186835 trip=0 sol=0  1h13m00s elapsed, ETA 4d12h48m
m=668,072,393,246,375,937 (1.12%)  847.4 Gm/s  surv=78244685 trip=0 sol=0  1h14m00s elapsed, ETA 4d12h47m
m=668,123,224,184,324,097 (1.14%)  847.4 Gm/s  surv=79301745 trip=0 sol=0  1h15m00s elapsed, ETA 4d12h47m
m=668,174,068,007,174,145 (1.15%)  847.4 Gm/s  surv=80358967 trip=0 sol=0  1h16m00s elapsed, ETA 4d12h46m
m=668,224,924,714,926,081 (1.17%)  847.4 Gm/s  surv=81414680 trip=0 sol=0  1h17m00s elapsed, ETA 4d12h45m
m=668,275,768,537,776,129 (1.18%)  847.4 Gm/s  surv=82470562 trip=0 sol=0  1h18m00s elapsed, ETA 4d12h44m
m=668,326,599,475,724,289 (1.20%)  847.4 Gm/s  surv=83526227 trip=0 sol=0  1h19m00s elapsed, ETA 4d12h43m
m=668,377,456,183,476,225 (1.21%)  847.4 Gm/s  surv=84583844 trip=0 sol=0  1h20m00s elapsed, ETA 4d12h42m
m=668,428,312,891,228,161 (1.23%)  847.4 Gm/s  surv=85642101 trip=0 sol=0  1h21m00s elapsed, ETA 4d12h41m
m=668,479,182,483,881,985 (1.24%)  847.4 Gm/s  surv=86700693 trip=0 sol=0  1h22m00s elapsed, ETA 4d12h40m
m=668,530,039,191,633,921 (1.26%)  847.4 Gm/s  surv=87758067 trip=0 sol=0  1h23m00s elapsed, ETA 4d12h39m
m=668,580,934,554,091,521 (1.27%)  847.4 Gm/s  surv=88817265 trip=0 sol=0  1h24m00s elapsed, ETA 4d12h37m
m=668,631,778,376,941,569 (1.29%)  847.4 Gm/s  surv=89873275 trip=0 sol=0  1h25m00s elapsed, ETA 4d12h36m
m=668,682,622,199,791,617 (1.30%)  847.4 Gm/s  surv=90930671 trip=0 sol=0  1h26m00s elapsed, ETA 4d12h36m
m=668,733,453,137,739,777 (1.32%)  847.4 Gm/s  surv=91987592 trip=0 sol=0  1h27m00s elapsed, ETA 4d12h35m
m=668,784,296,960,589,825 (1.33%)  847.4 Gm/s  surv=93044935 trip=0 sol=0  1h28m00s elapsed, ETA 4d12h34m
m=668,835,153,668,341,761 (1.35%)  847.4 Gm/s  surv=94101071 trip=0 sol=0  1h29m00s elapsed, ETA 4d12h33m
m=668,886,010,376,093,697 (1.36%)  847.4 Gm/s  surv=95160184 trip=0 sol=0  1h30m00s elapsed, ETA 4d12h32m
m=668,936,854,198,943,745 (1.38%)  847.4 Gm/s  surv=96217721 trip=0 sol=0  1h31m00s elapsed, ETA 4d12h31m
m=668,987,698,021,793,793 (1.39%)  847.4 Gm/s  surv=97275068 trip=0 sol=0  1h32m00s elapsed, ETA 4d12h30m
m=669,038,567,614,447,617 (1.41%)  847.4 Gm/s  surv=98332174 trip=0 sol=0  1h33m00s elapsed, ETA 4d12h29m
m=669,089,437,207,101,441 (1.42%)  847.4 Gm/s  surv=99388703 trip=0 sol=0  1h34m00s elapsed, ETA 4d12h28m
m=669,140,306,799,755,265 (1.44%)  847.4 Gm/s  surv=100445198 trip=0 sol=0  1h35m00s elapsed, ETA 4d12h27m
m=669,191,163,507,507,201 (1.45%)  847.4 Gm/s  surv=101502929 trip=0 sol=0  1h36m00s elapsed, ETA 4d12h26m
m=669,242,033,100,161,025 (1.47%)  847.4 Gm/s  surv=102560341 trip=0 sol=0  1h37m00s elapsed, ETA 4d12h24m
m=669,292,889,807,912,961 (1.48%)  847.4 Gm/s  surv=103618125 trip=0 sol=0  1h38m00s elapsed, ETA 4d12h23m
m=669,343,733,630,763,009 (1.50%)  847.4 Gm/s  surv=104674979 trip=0 sol=0  1h39m00s elapsed, ETA 4d12h22m
m=669,394,603,223,416,833 (1.51%)  847.4 Gm/s  surv=105734024 trip=0 sol=0  1h40m00s elapsed, ETA 4d12h21m
m=669,445,459,931,168,769 (1.53%)  847.5 Gm/s  surv=106792093 trip=0 sol=0  1h41m00s elapsed, ETA 4d12h20m
m=669,496,316,638,920,705 (1.55%)  847.5 Gm/s  surv=107850090 trip=0 sol=0  1h42m00s elapsed, ETA 4d12h19m
m=669,547,199,116,476,417 (1.56%)  847.5 Gm/s  surv=108907998 trip=0 sol=0  1h43m00s elapsed, ETA 4d12h18m
m=669,598,081,594,032,129 (1.58%)  847.5 Gm/s  surv=109965810 trip=0 sol=0  1h44m00s elapsed, ETA 4d12h17m
m=669,648,951,186,685,953 (1.59%)  847.5 Gm/s  surv=111023317 trip=0 sol=0  1h45m00s elapsed, ETA 4d12h16m
m=669,699,807,894,437,889 (1.61%)  847.5 Gm/s  surv=112079797 trip=0 sol=0  1h46m00s elapsed, ETA 4d12h15m
m=669,750,677,487,091,713 (1.62%)  847.5 Gm/s  surv=113136549 trip=0 sol=0  1h47m00s elapsed, ETA 4d12h14m
m=669,801,521,309,941,761 (1.64%)  847.5 Gm/s  surv=114192294 trip=0 sol=0  1h48m00s elapsed, ETA 4d12h13m
m=669,852,365,132,791,809 (1.65%)  847.5 Gm/s  surv=115249096 trip=0 sol=0  1h49m00s elapsed, ETA 4d12h12m
m=669,903,234,725,445,633 (1.67%)  847.5 Gm/s  surv=116306567 trip=0 sol=0  1h50m00s elapsed, ETA 4d12h11m
m=669,954,104,318,099,457 (1.68%)  847.5 Gm/s  surv=117363618 trip=0 sol=0  1h51m00s elapsed, ETA 4d12h10m
m=670,004,973,910,753,281 (1.70%)  847.5 Gm/s  surv=118421781 trip=0 sol=0  1h52m00s elapsed, ETA 4d12h09m
m=670,055,843,503,407,105 (1.71%)  847.5 Gm/s  surv=119478815 trip=0 sol=0  1h53m00s elapsed, ETA 4d12h08m
m=670,106,700,211,159,041 (1.73%)  847.5 Gm/s  surv=120535813 trip=0 sol=0  1h54m00s elapsed, ETA 4d12h07m
m=670,157,556,918,910,977 (1.74%)  847.5 Gm/s  surv=121593910 trip=0 sol=0  1h55m00s elapsed, ETA 4d12h06m
m=670,208,439,396,466,689 (1.76%)  847.5 Gm/s  surv=122651068 trip=0 sol=0  1h56m00s elapsed, ETA 4d12h05m
m=670,259,308,989,120,513 (1.77%)  847.5 Gm/s  surv=123709254 trip=0 sol=0  1h57m00s elapsed, ETA 4d12h04m
m=670,309,804,919,619,585 (1.79%)  847.4 Gm/s  surv=124760576 trip=0 sol=0  1h58m00s elapsed, ETA 4d12h04m
m=670,360,674,512,273,409 (1.80%)  847.4 Gm/s  surv=125817123 trip=0 sol=0  1h59m00s elapsed, ETA 4d12h03m
m=670,411,531,220,025,345 (1.82%)  847.4 Gm/s  surv=126876170 trip=0 sol=0  2h00m00s elapsed, ETA 4d12h02m
m=670,462,362,157,973,505 (1.83%)  847.4 Gm/s  surv=127933285 trip=0 sol=0  2h01m00s elapsed, ETA 4d12h01m
m=670,513,205,980,823,553 (1.85%)  847.4 Gm/s  surv=128988764 trip=0 sol=0  2h02m00s elapsed, ETA 4d12h00m
m=670,564,049,803,673,601 (1.86%)  847.4 Gm/s  surv=130045497 trip=0 sol=0  2h03m00s elapsed, ETA 4d11h59m
m=670,614,919,396,327,425 (1.88%)  847.4 Gm/s  surv=131103425 trip=0 sol=0  2h04m00s elapsed, ETA 4d11h58m
m=670,665,750,334,275,585 (1.89%)  847.4 Gm/s  surv=132162389 trip=0 sol=0  2h05m00s elapsed, ETA 4d11h57m
m=670,716,594,157,125,633 (1.91%)  847.4 Gm/s  surv=133220450 trip=0 sol=0  2h06m00s elapsed, ETA 4d11h56m
m=670,767,463,749,779,457 (1.92%)  847.4 Gm/s  surv=134276095 trip=0 sol=0  2h07m00s elapsed, ETA 4d11h55m
m=670,818,307,572,629,505 (1.94%)  847.4 Gm/s  surv=135333555 trip=0 sol=0  2h08m00s elapsed, ETA 4d11h54m
m=670,869,177,165,283,329 (1.95%)  847.4 Gm/s  surv=136390782 trip=0 sol=0  2h09m00s elapsed, ETA 4d11h53m
m=670,920,033,873,035,265 (1.97%)  847.4 Gm/s  surv=137447737 trip=0 sol=0  2h10m00s elapsed, ETA 4d11h52m
m=670,970,903,465,689,089 (1.98%)  847.4 Gm/s  surv=138504537 trip=0 sol=0  2h11m00s elapsed, ETA 4d11h51m
m=671,021,721,518,735,361 (2.00%)  847.4 Gm/s  surv=139563235 trip=0 sol=0  2h12m00s elapsed, ETA 4d11h50m
m=671,072,591,111,389,185 (2.01%)  847.4 Gm/s  surv=140619980 trip=0 sol=0  2h13m00s elapsed, ETA 4d11h49m
m=671,123,434,934,239,233 (2.03%)  847.4 Gm/s  surv=141676789 trip=0 sol=0  2h14m00s elapsed, ETA 4d11h48m
m=671,174,304,526,893,057 (2.05%)  847.4 Gm/s  surv=142733350 trip=0 sol=0  2h15m00s elapsed, ETA 4d11h47m
m=671,225,174,119,546,881 (2.06%)  847.4 Gm/s  surv=143793609 trip=0 sol=0  2h16m00s elapsed, ETA 4d11h46m
m=671,276,017,942,396,929 (2.08%)  847.4 Gm/s  surv=144850308 trip=0 sol=0  2h17m00s elapsed, ETA 4d11h45m
m=671,326,874,650,148,865 (2.09%)  847.4 Gm/s  surv=145907861 trip=0 sol=0  2h18m00s elapsed, ETA 4d11h44m
m=671,377,770,012,606,465 (2.11%)  847.4 Gm/s  surv=146965615 trip=0 sol=0  2h19m00s elapsed, ETA 4d11h43m
m=671,428,665,375,064,065 (2.12%)  847.4 Gm/s  surv=148023550 trip=0 sol=0  2h20m00s elapsed, ETA 4d11h41m
m=671,479,560,737,521,665 (2.14%)  847.5 Gm/s  surv=149081400 trip=0 sol=0  2h21m00s elapsed, ETA 4d11h40m
m=671,530,417,445,273,601 (2.15%)  847.5 Gm/s  surv=150138761 trip=0 sol=0  2h22m00s elapsed, ETA 4d11h39m
m=671,581,274,153,025,537 (2.17%)  847.5 Gm/s  surv=151195094 trip=0 sol=0  2h23m01s elapsed, ETA 4d11h38m
m=671,632,117,975,875,585 (2.18%)  847.5 Gm/s  surv=152251585 trip=0 sol=0  2h24m01s elapsed, ETA 4d11h37m
m=671,682,974,683,627,521 (2.20%)  847.5 Gm/s  surv=153309590 trip=0 sol=0  2h25m01s elapsed, ETA 4d11h36m
m=671,733,831,391,379,457 (2.21%)  847.5 Gm/s  surv=154369020 trip=0 sol=0  2h26m01s elapsed, ETA 4d11h35m
m=671,784,649,444,425,729 (2.23%)  847.4 Gm/s  surv=155425707 trip=0 sol=0  2h27m01s elapsed, ETA 4d11h34m
m=671,835,493,267,275,777 (2.24%)  847.4 Gm/s  surv=156484265 trip=0 sol=0  2h28m01s elapsed, ETA 4d11h33m
m=671,886,311,320,322,049 (2.26%)  847.4 Gm/s  surv=157543554 trip=0 sol=0  2h29m01s elapsed, ETA 4d11h33m
m=671,937,193,797,877,761 (2.27%)  847.4 Gm/s  surv=158603173 trip=0 sol=0  2h30m01s elapsed, ETA 4d11h32m
m=671,988,076,275,433,473 (2.29%)  847.4 Gm/s  surv=159661658 trip=0 sol=0  2h31m01s elapsed, ETA 4d11h30m
m=672,038,945,868,087,297 (2.30%)  847.4 Gm/s  surv=160719868 trip=0 sol=0  2h32m01s elapsed, ETA 4d11h29m
m=672,089,815,460,741,121 (2.32%)  847.4 Gm/s  surv=161779433 trip=0 sol=0  2h33m01s elapsed, ETA 4d11h28m
m=672,140,672,168,493,057 (2.33%)  847.5 Gm/s  surv=162836584 trip=0 sol=0  2h34m01s elapsed, ETA 4d11h27m
m=672,191,515,991,343,105 (2.35%)  847.4 Gm/s  surv=163894926 trip=0 sol=0  2h35m01s elapsed, ETA 4d11h26m
m=672,242,346,929,291,265 (2.36%)  847.4 Gm/s  surv=164952021 trip=0 sol=0  2h36m01s elapsed, ETA 4d11h25m
m=672,293,203,637,043,201 (2.38%)  847.4 Gm/s  surv=166009935 trip=0 sol=0  2h37m01s elapsed, ETA 4d11h24m
m=672,344,073,229,697,025 (2.39%)  847.4 Gm/s  surv=167067747 trip=0 sol=0  2h38m01s elapsed, ETA 4d11h23m
m=672,394,955,707,252,737 (2.41%)  847.5 Gm/s  surv=168125717 trip=0 sol=0  2h39m01s elapsed, ETA 4d11h22m
m=672,445,825,299,906,561 (2.42%)  847.5 Gm/s  surv=169183267 trip=0 sol=0  2h40m01s elapsed, ETA 4d11h21m
m=672,496,643,352,952,833 (2.44%)  847.4 Gm/s  surv=170240949 trip=0 sol=0  2h41m01s elapsed, ETA 4d11h20m
m=672,547,500,060,704,769 (2.45%)  847.4 Gm/s  surv=171299301 trip=0 sol=0  2h42m01s elapsed, ETA 4d11h19m
m=672,598,343,883,554,817 (2.47%)  847.4 Gm/s  surv=172355787 trip=0 sol=0  2h43m01s elapsed, ETA 4d11h18m
m=672,649,239,246,012,417 (2.48%)  847.5 Gm/s  surv=173413207 trip=0 sol=0  2h44m01s elapsed, ETA 4d11h17m
m=672,700,095,953,764,353 (2.50%)  847.5 Gm/s  surv=174471300 trip=0 sol=0  2h45m01s elapsed, ETA 4d11h16m
m=672,750,952,661,516,289 (2.51%)  847.5 Gm/s  surv=175527855 trip=0 sol=0  2h46m01s elapsed, ETA 4d11h15m
m=672,801,796,484,366,337 (2.53%)  847.5 Gm/s  surv=176585521 trip=0 sol=0  2h47m01s elapsed, ETA 4d11h14m
m=672,852,653,192,118,273 (2.55%)  847.5 Gm/s  surv=177642770 trip=0 sol=0  2h48m01s elapsed, ETA 4d11h13m
m=672,903,522,784,772,097 (2.56%)  847.5 Gm/s  surv=178698933 trip=0 sol=0  2h49m01s elapsed, ETA 4d11h12m
m=672,954,379,492,524,033 (2.58%)  847.5 Gm/s  surv=179756190 trip=0 sol=0  2h50m01s elapsed, ETA 4d11h11m
m=673,005,210,430,472,193 (2.59%)  847.5 Gm/s  surv=180813936 trip=0 sol=0  2h51m01s elapsed, ETA 4d11h10m
m=673,056,092,908,027,905 (2.61%)  847.5 Gm/s  surv=181871839 trip=0 sol=0  2h52m01s elapsed, ETA 4d11h09m
m=673,106,962,500,681,729 (2.62%)  847.5 Gm/s  surv=182928788 trip=0 sol=0  2h53m01s elapsed, ETA 4d11h08m
m=673,157,806,323,531,777 (2.64%)  847.5 Gm/s  surv=183986373 trip=0 sol=0  2h54m01s elapsed, ETA 4d11h07m
m=673,208,650,146,381,825 (2.65%)  847.5 Gm/s  surv=185043119 trip=0 sol=0  2h55m01s elapsed, ETA 4d11h06m
m=673,259,519,739,035,649 (2.67%)  847.5 Gm/s  surv=186100262 trip=0 sol=0  2h56m01s elapsed, ETA 4d11h05m
m=673,310,350,676,983,809 (2.68%)  847.5 Gm/s  surv=187157616 trip=0 sol=0  2h57m01s elapsed, ETA 4d11h04m
m=673,360,885,262,188,545 (2.70%)  847.4 Gm/s  surv=188207775 trip=0 sol=0  2h58m01s elapsed, ETA 4d11h04m
m=673,411,741,969,940,481 (2.71%)  847.4 Gm/s  surv=189264828 trip=0 sol=0  2h59m01s elapsed, ETA 4d11h03m
m=673,462,585,792,790,529 (2.73%)  847.4 Gm/s  surv=190320334 trip=0 sol=0  3h00m01s elapsed, ETA 4d11h02m
m=673,513,429,615,640,577 (2.74%)  847.4 Gm/s  surv=191377315 trip=0 sol=0  3h01m01s elapsed, ETA 4d11h01m
m=673,564,286,323,392,513 (2.76%)  847.4 Gm/s  surv=192433187 trip=0 sol=0  3h02m01s elapsed, ETA 4d11h00m
m=673,615,155,916,046,337 (2.77%)  847.4 Gm/s  surv=193489962 trip=0 sol=0  3h03m01s elapsed, ETA 4d10h59m
m=673,665,986,853,994,497 (2.79%)  847.4 Gm/s  surv=194548369 trip=0 sol=0  3h04m01s elapsed, ETA 4d10h58m
m=673,716,843,561,746,433 (2.80%)  847.4 Gm/s  surv=195606122 trip=0 sol=0  3h05m01s elapsed, ETA 4d10h57m
m=673,767,700,269,498,369 (2.82%)  847.4 Gm/s  surv=196663484 trip=0 sol=0  3h06m01s elapsed, ETA 4d10h56m
m=673,818,569,862,152,193 (2.83%)  847.4 Gm/s  surv=197722521 trip=0 sol=0  3h07m01s elapsed, ETA 4d10h55m
m=673,869,426,569,904,129 (2.85%)  847.4 Gm/s  surv=198779162 trip=0 sol=0  3h08m01s elapsed, ETA 4d10h54m
m=673,920,270,392,754,177 (2.86%)  847.4 Gm/s  surv=199836644 trip=0 sol=0  3h09m01s elapsed, ETA 4d10h53m
m=673,971,127,100,506,113 (2.88%)  847.4 Gm/s  surv=200894655 trip=0 sol=0  3h10m01s elapsed, ETA 4d10h52m
m=674,021,983,808,258,049 (2.89%)  847.4 Gm/s  surv=201952530 trip=0 sol=0  3h11m01s elapsed, ETA 4d10h51m
m=674,072,827,631,108,097 (2.91%)  847.4 Gm/s  surv=203008621 trip=0 sol=0  3h12m01s elapsed, ETA 4d10h50m
m=674,123,697,223,761,921 (2.92%)  847.4 Gm/s  surv=204065988 trip=0 sol=0  3h13m01s elapsed, ETA 4d10h49m
m=674,174,592,586,219,521 (2.94%)  847.4 Gm/s  surv=205124703 trip=0 sol=0  3h14m01s elapsed, ETA 4d10h48m
m=674,225,462,178,873,345 (2.95%)  847.4 Gm/s  surv=206181298 trip=0 sol=0  3h15m01s elapsed, ETA 4d10h47m
m=674,276,318,886,625,281 (2.97%)  847.4 Gm/s  surv=207239305 trip=0 sol=0  3h16m01s elapsed, ETA 4d10h46m
m=674,327,149,824,573,441 (2.98%)  847.4 Gm/s  surv=208297839 trip=0 sol=0  3h17m01s elapsed, ETA 4d10h45m
m=674,377,658,639,974,401 (3.00%)  847.4 Gm/s  surv=209348040 trip=0 sol=0  3h18m01s elapsed, ETA 4d10h44m
m=674,428,231,879,884,801 (3.01%)  847.4 Gm/s  surv=210400754 trip=0 sol=0  3h19m01s elapsed, ETA 4d10h43m
m=674,478,882,429,206,529 (3.03%)  847.4 Gm/s  surv=211454127 trip=0 sol=0  3h20m01s elapsed, ETA 4d10h42m
m=674,529,455,669,116,929 (3.04%)  847.3 Gm/s  surv=212504647 trip=0 sol=0  3h21m01s elapsed, ETA 4d10h41m
m=674,580,106,218,438,657 (3.06%)  847.3 Gm/s  surv=213558213 trip=0 sol=0  3h22m01s elapsed, ETA 4d10h40m
m=674,630,730,997,956,609 (3.07%)  847.3 Gm/s  surv=214609805 trip=0 sol=0  3h23m01s elapsed, ETA 4d10h40m
m=674,681,407,317,082,113 (3.09%)  847.3 Gm/s  surv=215662738 trip=0 sol=0  3h24m01s elapsed, ETA 4d10h39m
m=674,732,096,521,109,505 (3.10%)  847.3 Gm/s  surv=216716079 trip=0 sol=0  3h25m01s elapsed, ETA 4d10h38m
m=674,782,901,689,253,889 (3.12%)  847.3 Gm/s  surv=217771273 trip=0 sol=0  3h26m01s elapsed, ETA 4d10h37m
m=674,833,681,087,594,497 (3.14%)  847.3 Gm/s  surv=218827360 trip=0 sol=0  3h27m01s elapsed, ETA 4d10h36m
m=674,884,421,831,229,441 (3.15%)  847.3 Gm/s  surv=219882057 trip=0 sol=0  3h28m01s elapsed, ETA 4d10h35m
m=674,935,252,769,177,601 (3.17%)  847.3 Gm/s  surv=220939908 trip=0 sol=0  3h29m01s elapsed, ETA 4d10h34m
m=674,986,109,476,929,537 (3.18%)  847.3 Gm/s  surv=221997894 trip=0 sol=0  3h30m01s elapsed, ETA 4d10h33m
m=675,036,927,529,975,809 (3.20%)  847.3 Gm/s  surv=223056006 trip=0 sol=0  3h31m01s elapsed, ETA 4d10h32m
m=675,087,758,467,923,969 (3.21%)  847.3 Gm/s  surv=224113195 trip=0 sol=0  3h32m01s elapsed, ETA 4d10h31m
m=675,138,628,060,577,793 (3.23%)  847.3 Gm/s  surv=225171302 trip=0 sol=0  3h33m01s elapsed, ETA 4d10h30m
m=675,189,497,653,231,617 (3.24%)  847.3 Gm/s  surv=226229742 trip=0 sol=0  3h34m01s elapsed, ETA 4d10h29m
m=675,240,354,360,983,553 (3.26%)  847.3 Gm/s  surv=227286447 trip=0 sol=0  3h35m01s elapsed, ETA 4d10h28m
m=675,291,198,183,833,601 (3.27%)  847.3 Gm/s  surv=228343193 trip=0 sol=0  3h36m01s elapsed, ETA 4d10h27m
m=675,342,067,776,487,425 (3.29%)  847.3 Gm/s  surv=229401103 trip=0 sol=0  3h37m01s elapsed, ETA 4d10h26m
m=675,392,937,369,141,249 (3.30%)  847.3 Gm/s  surv=230458413 trip=0 sol=0  3h38m01s elapsed, ETA 4d10h25m
m=675,443,806,961,795,073 (3.32%)  847.3 Gm/s  surv=231515448 trip=0 sol=0  3h39m01s elapsed, ETA 4d10h24m
m=675,494,676,554,448,897 (3.33%)  847.3 Gm/s  surv=232572335 trip=0 sol=0  3h40m01s elapsed, ETA 4d10h23m
m=675,545,546,147,102,721 (3.35%)  847.3 Gm/s  surv=233631259 trip=0 sol=0  3h41m01s elapsed, ETA 4d10h22m
m=675,596,377,085,050,881 (3.36%)  847.3 Gm/s  surv=234687818 trip=0 sol=0  3h42m01s elapsed, ETA 4d10h21m
m=675,647,220,907,900,929 (3.38%)  847.3 Gm/s  surv=235745960 trip=0 sol=0  3h43m01s elapsed, ETA 4d10h20m
m=675,698,090,500,554,753 (3.39%)  847.3 Gm/s  surv=236802656 trip=0 sol=0  3h44m01s elapsed, ETA 4d10h19m
m=675,748,934,323,404,801 (3.41%)  847.3 Gm/s  surv=237861624 trip=0 sol=0  3h45m01s elapsed, ETA 4d10h18m
m=675,799,765,261,352,961 (3.42%)  847.3 Gm/s  surv=238918153 trip=0 sol=0  3h46m01s elapsed, ETA 4d10h17m
m=675,850,634,854,006,785 (3.44%)  847.3 Gm/s  surv=239974982 trip=0 sol=0  3h47m01s elapsed, ETA 4d10h16m
m=675,901,504,446,660,609 (3.45%)  847.3 Gm/s  surv=241033248 trip=0 sol=0  3h48m01s elapsed, ETA 4d10h15m
m=675,952,335,384,608,769 (3.47%)  847.3 Gm/s  surv=242088559 trip=0 sol=0  3h49m01s elapsed, ETA 4d10h14m
m=676,003,192,092,360,705 (3.48%)  847.3 Gm/s  surv=243147206 trip=0 sol=0  3h50m01s elapsed, ETA 4d10h13m
m=676,054,035,915,210,753 (3.50%)  847.3 Gm/s  surv=244204215 trip=0 sol=0  3h51m01s elapsed, ETA 4d10h12m
m=676,104,905,507,864,577 (3.51%)  847.3 Gm/s  surv=245262576 trip=0 sol=0  3h52m01s elapsed, ETA 4d10h11m
m=676,155,762,215,616,513 (3.53%)  847.3 Gm/s  surv=246320254 trip=0 sol=0  3h53m01s elapsed, ETA 4d10h10m
m=676,206,606,038,466,561 (3.54%)  847.3 Gm/s  surv=247377880 trip=0 sol=0  3h54m01s elapsed, ETA 4d10h09m
m=676,257,462,746,218,497 (3.56%)  847.3 Gm/s  surv=248436076 trip=0 sol=0  3h55m01s elapsed, ETA 4d10h08m
m=676,308,319,453,970,433 (3.57%)  847.3 Gm/s  surv=249493817 trip=0 sol=0  3h56m01s elapsed, ETA 4d10h07m
m=676,359,163,276,820,481 (3.59%)  847.3 Gm/s  surv=250551036 trip=0 sol=0  3h57m01s elapsed, ETA 4d10h06m
m=676,409,672,092,221,441 (3.60%)  847.3 Gm/s  surv=251600934 trip=0 sol=0  3h58m01s elapsed, ETA 4d10h05m
m=676,460,503,030,169,601 (3.62%)  847.3 Gm/s  surv=252656286 trip=0 sol=0  3h59m01s elapsed, ETA 4d10h04m
m=676,511,359,737,921,537 (3.63%)  847.3 Gm/s  surv=253711671 trip=0 sol=0  4h00m01s elapsed, ETA 4d10h03m
m=676,562,190,675,869,697 (3.65%)  847.3 Gm/s  surv=254768685 trip=0 sol=0  4h01m01s elapsed, ETA 4d10h02m
m=676,613,047,383,621,633 (3.67%)  847.3 Gm/s  surv=255828640 trip=0 sol=0  4h02m01s elapsed, ETA 4d10h01m
m=676,663,904,091,373,569 (3.68%)  847.3 Gm/s  surv=256887241 trip=0 sol=0  4h03m01s elapsed, ETA 4d10h00m
m=676,714,773,684,027,393 (3.70%)  847.3 Gm/s  surv=257945087 trip=0 sol=0  4h04m01s elapsed, ETA 4d09h59m
m=676,765,643,276,681,217 (3.71%)  847.3 Gm/s  surv=259003118 trip=0 sol=0  4h05m01s elapsed, ETA 4d09h58m
m=676,816,487,099,531,265 (3.73%)  847.3 Gm/s  surv=260059715 trip=0 sol=0  4h06m01s elapsed, ETA 4d09h57m
m=676,867,330,922,381,313 (3.74%)  847.3 Gm/s  surv=261118150 trip=0 sol=0  4h07m01s elapsed, ETA 4d09h56m
m=676,918,187,630,133,249 (3.76%)  847.3 Gm/s  surv=262173278 trip=0 sol=0  4h08m01s elapsed, ETA 4d09h55m
m=676,969,057,222,787,073 (3.77%)  847.3 Gm/s  surv=263230374 trip=0 sol=0  4h09m01s elapsed, ETA 4d09h54m
m=677,019,913,930,539,009 (3.79%)  847.3 Gm/s  surv=264288100 trip=0 sol=0  4h10m01s elapsed, ETA 4d09h53m
m=677,070,783,523,192,833 (3.80%)  847.3 Gm/s  surv=265346130 trip=0 sol=0  4h11m01s elapsed, ETA 4d09h52m
m=677,121,666,000,748,545 (3.82%)  847.3 Gm/s  surv=266405378 trip=0 sol=0  4h12m01s elapsed, ETA 4d09h51m
m=677,172,522,708,500,481 (3.83%)  847.3 Gm/s  surv=267461520 trip=0 sol=0  4h13m01s elapsed, ETA 4d09h50m
m=677,223,366,531,350,529 (3.85%)  847.3 Gm/s  surv=268516887 trip=0 sol=0  4h14m01s elapsed, ETA 4d09h49m
m=677,274,236,124,004,353 (3.86%)  847.3 Gm/s  surv=269575282 trip=0 sol=0  4h15m01s elapsed, ETA 4d09h48m
m=677,325,118,601,560,065 (3.88%)  847.3 Gm/s  surv=270633505 trip=0 sol=0  4h16m01s elapsed, ETA 4d09h47m
m=677,375,988,194,213,889 (3.89%)  847.3 Gm/s  surv=271691606 trip=0 sol=0  4h17m01s elapsed, ETA 4d09h46m
m=677,426,844,901,965,825 (3.91%)  847.3 Gm/s  surv=272748251 trip=0 sol=0  4h18m01s elapsed, ETA 4d09h45m
m=677,477,714,494,619,649 (3.92%)  847.3 Gm/s  surv=273807764 trip=0 sol=0  4h19m01s elapsed, ETA 4d09h44m
m=677,528,571,202,371,585 (3.94%)  847.3 Gm/s  surv=274864714 trip=0 sol=0  4h20m01s elapsed, ETA 4d09h43m
m=677,579,427,910,123,521 (3.95%)  847.3 Gm/s  surv=275920950 trip=0 sol=0  4h21m01s elapsed, ETA 4d09h42m
m=677,630,245,963,169,793 (3.97%)  847.3 Gm/s  surv=276977133 trip=0 sol=0  4h22m01s elapsed, ETA 4d09h41m
m=677,681,076,901,117,953 (3.98%)  847.3 Gm/s  surv=278033826 trip=0 sol=0  4h23m01s elapsed, ETA 4d09h40m
m=677,731,933,608,869,889 (4.00%)  847.3 Gm/s  surv=279089689 trip=0 sol=0  4h24m01s elapsed, ETA 4d09h39m
m=677,782,790,316,621,825 (4.01%)  847.3 Gm/s  surv=280146372 trip=0 sol=0  4h25m02s elapsed, ETA 4d09h38m
m=677,833,659,909,275,649 (4.03%)  847.3 Gm/s  surv=281204521 trip=0 sol=0  4h26m02s elapsed, ETA 4d09h37m
m=677,884,503,732,125,697 (4.04%)  847.3 Gm/s  surv=282262603 trip=0 sol=0  4h27m02s elapsed, ETA 4d09h36m
m=677,935,386,209,681,409 (4.06%)  847.3 Gm/s  surv=283320133 trip=0 sol=0  4h28m02s elapsed, ETA 4d09h35m
m=677,986,268,687,237,121 (4.07%)  847.3 Gm/s  surv=284378647 trip=0 sol=0  4h29m02s elapsed, ETA 4d09h34m
m=678,037,112,510,087,169 (4.09%)  847.3 Gm/s  surv=285434254 trip=0 sol=0  4h30m02s elapsed, ETA 4d09h33m
m=678,087,969,217,839,105 (4.10%)  847.3 Gm/s  surv=286493213 trip=0 sol=0  4h31m02s elapsed, ETA 4d09h32m
m=678,138,838,810,492,929 (4.12%)  847.3 Gm/s  surv=287550311 trip=0 sol=0  4h32m02s elapsed, ETA 4d09h31m
m=678,189,682,633,342,977 (4.13%)  847.3 Gm/s  surv=288607186 trip=0 sol=0  4h33m02s elapsed, ETA 4d09h30m
m=678,240,539,341,094,913 (4.15%)  847.3 Gm/s  surv=289663590 trip=0 sol=0  4h34m02s elapsed, ETA 4d09h29m
m=678,291,396,048,846,849 (4.17%)  847.3 Gm/s  surv=290719641 trip=0 sol=0  4h35m02s elapsed, ETA 4d09h28m
m=678,342,252,756,598,785 (4.18%)  847.3 Gm/s  surv=291778287 trip=0 sol=0  4h36m02s elapsed, ETA 4d09h27m
m=678,393,109,464,350,721 (4.20%)  847.3 Gm/s  surv=292837124 trip=0 sol=0  4h37m02s elapsed, ETA 4d09h26m
m=678,443,966,172,102,657 (4.21%)  847.3 Gm/s  surv=293895363 trip=0 sol=0  4h38m02s elapsed, ETA 4d09h25m
m=678,494,822,879,854,593 (4.23%)  847.3 Gm/s  surv=294954918 trip=0 sol=0  4h39m02s elapsed, ETA 4d09h24m
m=678,545,679,587,606,529 (4.24%)  847.3 Gm/s  surv=296011391 trip=0 sol=0  4h40m02s elapsed, ETA 4d09h23m
m=678,596,562,065,162,241 (4.26%)  847.3 Gm/s  surv=297069648 trip=0 sol=0  4h41m02s elapsed, ETA 4d09h22m
m=678,647,354,348,404,737 (4.27%)  847.3 Gm/s  surv=298125497 trip=0 sol=0  4h42m02s elapsed, ETA 4d09h21m
m=678,698,185,286,352,897 (4.29%)  847.3 Gm/s  surv=299183834 trip=0 sol=0  4h43m02s elapsed, ETA 4d09h20m
m=678,749,054,879,006,721 (4.30%)  847.3 Gm/s  surv=300242161 trip=0 sol=0  4h44m02s elapsed, ETA 4d09h19m
m=678,799,924,471,660,545 (4.32%)  847.3 Gm/s  surv=301299030 trip=0 sol=0  4h45m02s elapsed, ETA 4d09h18m
m=678,850,794,064,314,369 (4.33%)  847.3 Gm/s  surv=302357113 trip=0 sol=0  4h46m02s elapsed, ETA 4d09h17m
m=678,901,625,002,262,529 (4.35%)  847.3 Gm/s  surv=303415127 trip=0 sol=0  4h47m02s elapsed, ETA 4d09h16m
m=678,952,455,940,210,689 (4.36%)  847.3 Gm/s  surv=304473615 trip=0 sol=0  4h48m02s elapsed, ETA 4d09h15m
m=679,003,299,763,060,737 (4.38%)  847.3 Gm/s  surv=305530597 trip=0 sol=0  4h49m02s elapsed, ETA 4d09h14m
m=679,054,182,240,616,449 (4.39%)  847.3 Gm/s  surv=306588641 trip=0 sol=0  4h50m02s elapsed, ETA 4d09h13m
m=679,105,051,833,270,273 (4.41%)  847.3 Gm/s  surv=307647198 trip=0 sol=0  4h51m02s elapsed, ETA 4d09h12m
m=679,155,908,541,022,209 (4.42%)  847.3 Gm/s  surv=308702767 trip=0 sol=0  4h52m02s elapsed, ETA 4d09h11m
m=679,206,752,363,872,257 (4.44%)  847.3 Gm/s  surv=309759338 trip=0 sol=0  4h53m02s elapsed, ETA 4d09h10m
m=679,257,634,841,427,969 (4.45%)  847.3 Gm/s  surv=310818025 trip=0 sol=0  4h54m02s elapsed, ETA 4d09h09m
m=679,308,504,434,081,793 (4.47%)  847.3 Gm/s  surv=311875236 trip=0 sol=0  4h55m02s elapsed, ETA 4d09h08m
m=679,359,348,256,931,841 (4.48%)  847.3 Gm/s  surv=312932836 trip=0 sol=0  4h56m02s elapsed, ETA 4d09h07m
m=679,410,217,849,585,665 (4.50%)  847.3 Gm/s  surv=313991528 trip=0 sol=0  4h57m02s elapsed, ETA 4d09h06m
m=679,460,752,434,790,401 (4.51%)  847.3 Gm/s  surv=315041326 trip=0 sol=0  4h58m02s elapsed, ETA 4d09h05m
m=679,511,622,027,444,225 (4.53%)  847.3 Gm/s  surv=316099527 trip=0 sol=0  4h59m02s elapsed, ETA 4d09h04m
m=679,562,478,735,196,161 (4.54%)  847.3 Gm/s  surv=317154243 trip=0 sol=0  5h00m02s elapsed, ETA 4d09h03m
m=679,613,322,558,046,209 (4.56%)  847.3 Gm/s  surv=318212294 trip=0 sol=0  5h01m02s elapsed, ETA 4d09h02m
m=679,664,179,265,798,145 (4.57%)  847.3 Gm/s  surv=319270769 trip=0 sol=0  5h02m02s elapsed, ETA 4d09h01m
m=679,715,010,203,746,305 (4.59%)  847.3 Gm/s  surv=320326527 trip=0 sol=0  5h03m02s elapsed, ETA 4d09h00m
m=679,765,854,026,596,353 (4.60%)  847.3 Gm/s  surv=321384470 trip=0 sol=0  5h04m02s elapsed, ETA 4d08h59m
m=679,816,697,849,446,401 (4.62%)  847.3 Gm/s  surv=322442452 trip=0 sol=0  5h05m02s elapsed, ETA 4d08h58m
m=679,867,541,672,296,449 (4.63%)  847.3 Gm/s  surv=323498736 trip=0 sol=0  5h06m02s elapsed, ETA 4d08h57m
m=679,918,372,610,244,609 (4.65%)  847.3 Gm/s  surv=324554607 trip=0 sol=0  5h07m02s elapsed, ETA 4d08h56m
m=679,969,216,433,094,657 (4.66%)  847.3 Gm/s  surv=325610520 trip=0 sol=0  5h08m02s elapsed, ETA 4d08h55m
m=680,020,086,025,748,481 (4.68%)  847.3 Gm/s  surv=326668880 trip=0 sol=0  5h09m02s elapsed, ETA 4d08h54m
m=680,070,955,618,402,305 (4.70%)  847.3 Gm/s  surv=327725363 trip=0 sol=0  5h10m02s elapsed, ETA 4d08h53m
m=680,121,825,211,056,129 (4.71%)  847.3 Gm/s  surv=328782840 trip=0 sol=0  5h11m02s elapsed, ETA 4d08h52m
m=680,172,681,918,808,065 (4.73%)  847.3 Gm/s  surv=329839950 trip=0 sol=0  5h12m02s elapsed, ETA 4d08h51m
m=680,223,551,511,461,889 (4.74%)  847.3 Gm/s  surv=330899121 trip=0 sol=0  5h13m02s elapsed, ETA 4d08h50m
m=680,274,421,104,115,713 (4.76%)  847.3 Gm/s  surv=331956502 trip=0 sol=0  5h14m02s elapsed, ETA 4d08h49m
m=680,325,264,926,965,761 (4.77%)  847.3 Gm/s  surv=333014228 trip=0 sol=0  5h15m02s elapsed, ETA 4d08h48m
m=680,376,108,749,815,809 (4.79%)  847.3 Gm/s  surv=334073062 trip=0 sol=0  5h16m02s elapsed, ETA 4d08h47m
m=680,426,939,687,763,969 (4.80%)  847.3 Gm/s  surv=335129585 trip=0 sol=0  5h17m02s elapsed, ETA 4d08h46m
m=680,477,809,280,417,793 (4.82%)  847.3 Gm/s  surv=336188572 trip=0 sol=0  5h18m02s elapsed, ETA 4d08h45m
m=680,528,678,873,071,617 (4.83%)  847.3 Gm/s  surv=337245196 trip=0 sol=0  5h19m02s elapsed, ETA 4d08h44m
m=680,579,522,695,921,665 (4.85%)  847.3 Gm/s  surv=338301785 trip=0 sol=0  5h20m02s elapsed, ETA 4d08h43m
m=680,630,392,288,575,489 (4.86%)  847.3 Gm/s  surv=339359374 trip=0 sol=0  5h21m02s elapsed, ETA 4d08h42m
m=680,681,223,226,523,649 (4.88%)  847.3 Gm/s  surv=340417252 trip=0 sol=0  5h22m02s elapsed, ETA 4d08h41m
m=680,732,092,819,177,473 (4.89%)  847.3 Gm/s  surv=341475398 trip=0 sol=0  5h23m02s elapsed, ETA 4d08h40m
m=680,782,949,526,929,409 (4.91%)  847.3 Gm/s  surv=342531785 trip=0 sol=0  5h24m02s elapsed, ETA 4d08h39m
m=680,833,819,119,583,233 (4.92%)  847.3 Gm/s  surv=343588871 trip=0 sol=0  5h25m02s elapsed, ETA 4d08h38m
m=680,884,688,712,237,057 (4.94%)  847.3 Gm/s  surv=344647020 trip=0 sol=0  5h26m02s elapsed, ETA 4d08h37m
m=680,935,532,535,087,105 (4.95%)  847.3 Gm/s  surv=345705274 trip=0 sol=0  5h27m02s elapsed, ETA 4d08h36m
m=680,986,389,242,839,041 (4.97%)  847.3 Gm/s  surv=346763997 trip=0 sol=0  5h28m02s elapsed, ETA 4d08h35m
m=681,037,233,065,689,089 (4.98%)  847.3 Gm/s  surv=347822529 trip=0 sol=0  5h29m02s elapsed, ETA 4d08h34m
m=681,088,102,658,342,913 (5.00%)  847.3 Gm/s  surv=348880725 trip=0 sol=0  5h30m02s elapsed, ETA 4d08h33m
m=681,138,985,135,898,625 (5.01%)  847.3 Gm/s  surv=349937156 trip=0 sol=0  5h31m02s elapsed, ETA 4d08h32m
m=681,189,841,843,650,561 (5.03%)  847.3 Gm/s  surv=350995531 trip=0 sol=0  5h32m02s elapsed, ETA 4d08h31m
m=681,240,698,551,402,497 (5.04%)  847.3 Gm/s  surv=352053726 trip=0 sol=0  5h33m02s elapsed, ETA 4d08h30m
m=681,291,581,028,958,209 (5.06%)  847.3 Gm/s  surv=353110184 trip=0 sol=0  5h34m02s elapsed, ETA 4d08h29m
m=681,342,437,736,710,145 (5.07%)  847.3 Gm/s  surv=354167814 trip=0 sol=0  5h35m02s elapsed, ETA 4d08h28m
m=681,393,307,329,363,969 (5.09%)  847.3 Gm/s  surv=355227244 trip=0 sol=0  5h36m02s elapsed, ETA 4d08h26m
m=681,444,151,152,214,017 (5.10%)  847.3 Gm/s  surv=356283869 trip=0 sol=0  5h37m02s elapsed, ETA 4d08h25m
m=681,495,007,859,965,953 (5.12%)  847.3 Gm/s  surv=357341410 trip=0 sol=0  5h38m02s elapsed, ETA 4d08h24m
m=681,545,864,567,717,889 (5.13%)  847.3 Gm/s  surv=358397435 trip=0 sol=0  5h39m02s elapsed, ETA 4d08h23m
m=681,596,734,160,371,713 (5.15%)  847.3 Gm/s  surv=359454524 trip=0 sol=0  5h40m02s elapsed, ETA 4d08h22m
m=681,647,565,098,319,873 (5.16%)  847.3 Gm/s  surv=360510881 trip=0 sol=0  5h41m02s elapsed, ETA 4d08h21m
m=681,698,396,036,268,033 (5.18%)  847.3 Gm/s  surv=361566505 trip=0 sol=0  5h42m02s elapsed, ETA 4d08h20m
m=681,749,239,859,118,081 (5.20%)  847.3 Gm/s  surv=362622911 trip=0 sol=0  5h43m02s elapsed, ETA 4d08h19m
m=681,800,096,566,870,017 (5.21%)  847.3 Gm/s  surv=363681152 trip=0 sol=0  5h44m02s elapsed, ETA 4d08h18m
m=681,850,940,389,720,065 (5.23%)  847.3 Gm/s  surv=364739124 trip=0 sol=0  5h45m02s elapsed, ETA 4d08h17m
m=681,901,797,097,472,001 (5.24%)  847.3 Gm/s  surv=365794515 trip=0 sol=0  5h46m02s elapsed, ETA 4d08h16m
m=681,952,628,035,420,161 (5.26%)  847.3 Gm/s  surv=366852303 trip=0 sol=0  5h47m02s elapsed, ETA 4d08h15m
m=682,003,484,743,172,097 (5.27%)  847.3 Gm/s  surv=367908988 trip=0 sol=0  5h48m02s elapsed, ETA 4d08h14m
m=682,054,354,335,825,921 (5.29%)  847.3 Gm/s  surv=368966108 trip=0 sol=0  5h49m02s elapsed, ETA 4d08h13m
m=682,105,185,273,774,081 (5.30%)  847.3 Gm/s  surv=370022649 trip=0 sol=0  5h50m02s elapsed, ETA 4d08h12m
m=682,156,067,751,329,793 (5.32%)  847.3 Gm/s  surv=371079615 trip=0 sol=0  5h51m02s elapsed, ETA 4d08h11m
m=682,206,924,459,081,729 (5.33%)  847.3 Gm/s  surv=372137735 trip=0 sol=0  5h52m02s elapsed, ETA 4d08h10m
m=682,257,755,397,029,889 (5.35%)  847.3 Gm/s  surv=373195012 trip=0 sol=0  5h53m02s elapsed, ETA 4d08h09m
m=682,308,586,334,978,049 (5.36%)  847.3 Gm/s  surv=374252216 trip=0 sol=0  5h54m02s elapsed, ETA 4d08h08m
m=682,359,417,272,926,209 (5.38%)  847.3 Gm/s  surv=375309102 trip=0 sol=0  5h55m02s elapsed, ETA 4d08h07m
m=682,410,286,865,580,033 (5.39%)  847.3 Gm/s  surv=376369176 trip=0 sol=0  5h56m02s elapsed, ETA 4d08h06m
m=682,461,156,458,233,857 (5.41%)  847.3 Gm/s  surv=377426258 trip=0 sol=0  5h57m02s elapsed, ETA 4d08h05m
m=682,511,639,503,831,041 (5.42%)  847.3 Gm/s  surv=378476238 trip=0 sol=0  5h58m02s elapsed, ETA 4d08h05m
m=682,562,483,326,681,089 (5.44%)  847.3 Gm/s  surv=379533266 trip=0 sol=0  5h59m02s elapsed, ETA 4d08h04m
m=682,613,327,149,531,137 (5.45%)  847.3 Gm/s  surv=380589225 trip=0 sol=0  6h00m02s elapsed, ETA 4d08h03m
m=682,664,183,857,283,073 (5.47%)  847.3 Gm/s  surv=381647867 trip=0 sol=0  6h01m02s elapsed, ETA 4d08h02m
m=682,715,053,449,936,897 (5.48%)  847.3 Gm/s  surv=382704314 trip=0 sol=0  6h02m02s elapsed, ETA 4d08h01m
m=682,765,923,042,590,721 (5.50%)  847.3 Gm/s  surv=383761271 trip=0 sol=0  6h03m02s elapsed, ETA 4d08h00m
m=682,816,831,289,950,209 (5.51%)  847.3 Gm/s  surv=384819611 trip=0 sol=0  6h04m02s elapsed, ETA 4d07h59m
m=682,867,700,882,604,033 (5.53%)  847.3 Gm/s  surv=385878952 trip=0 sol=0  6h05m02s elapsed, ETA 4d07h58m
m=682,918,596,245,061,633 (5.54%)  847.3 Gm/s  surv=386937611 trip=0 sol=0  6h06m02s elapsed, ETA 4d07h57m
m=682,969,465,837,715,457 (5.56%)  847.3 Gm/s  surv=387994604 trip=0 sol=0  6h07m02s elapsed, ETA 4d07h56m
m=683,020,322,545,467,393 (5.57%)  847.3 Gm/s  surv=389054343 trip=0 sol=0  6h08m02s elapsed, ETA 4d07h55m
m=683,071,166,368,317,441 (5.59%)  847.3 Gm/s  surv=390111206 trip=0 sol=0  6h09m02s elapsed, ETA 4d07h54m
m=683,122,035,960,971,265 (5.60%)  847.3 Gm/s  surv=391168459 trip=0 sol=0  6h10m02s elapsed, ETA 4d07h52m
m=683,172,905,553,625,089 (5.62%)  847.3 Gm/s  surv=392227209 trip=0 sol=0  6h11m02s elapsed, ETA 4d07h51m
m=683,223,800,916,082,689 (5.63%)  847.3 Gm/s  surv=393285588 trip=0 sol=0  6h12m02s elapsed, ETA 4d07h50m
m=683,274,670,508,736,513 (5.65%)  847.3 Gm/s  surv=394343656 trip=0 sol=0  6h13m02s elapsed, ETA 4d07h49m
m=683,325,565,871,194,113 (5.66%)  847.3 Gm/s  surv=395400102 trip=0 sol=0  6h14m02s elapsed, ETA 4d07h48m
m=683,376,435,463,847,937 (5.68%)  847.3 Gm/s  surv=396456098 trip=0 sol=0  6h15m02s elapsed, ETA 4d07h47m
m=683,427,292,171,599,873 (5.70%)  847.3 Gm/s  surv=397514503 trip=0 sol=0  6h16m02s elapsed, ETA 4d07h46m
m=683,478,174,649,155,585 (5.71%)  847.3 Gm/s  surv=398571856 trip=0 sol=0  6h17m02s elapsed, ETA 4d07h45m
m=683,529,031,356,907,521 (5.73%)  847.3 Gm/s  surv=399629792 trip=0 sol=0  6h18m02s elapsed, ETA 4d07h44m
m=683,579,888,064,659,457 (5.74%)  847.3 Gm/s  surv=400684507 trip=0 sol=0  6h19m02s elapsed, ETA 4d07h43m
m=683,630,757,657,313,281 (5.76%)  847.3 Gm/s  surv=401741090 trip=0 sol=0  6h20m02s elapsed, ETA 4d07h42m
m=683,681,640,134,868,993 (5.77%)  847.3 Gm/s  surv=402799381 trip=0 sol=0  6h21m02s elapsed, ETA 4d07h41m
m=683,732,522,612,424,705 (5.79%)  847.3 Gm/s  surv=403857745 trip=0 sol=0  6h22m02s elapsed, ETA 4d07h40m
m=683,783,366,435,274,753 (5.80%)  847.3 Gm/s  surv=404915433 trip=0 sol=0  6h23m02s elapsed, ETA 4d07h39m
m=683,834,236,027,928,577 (5.82%)  847.3 Gm/s  surv=405971073 trip=0 sol=0  6h24m02s elapsed, ETA 4d07h38m
m=683,885,092,735,680,513 (5.83%)  847.3 Gm/s  surv=407028810 trip=0 sol=0  6h25m02s elapsed, ETA 4d07h37m
m=683,935,936,558,530,561 (5.85%)  847.3 Gm/s  surv=408086784 trip=0 sol=0  6h26m02s elapsed, ETA 4d07h36m
m=683,986,819,036,086,273 (5.86%)  847.3 Gm/s  surv=409144041 trip=0 sol=0  6h27m02s elapsed, ETA 4d07h35m
m=684,037,688,628,740,097 (5.88%)  847.3 Gm/s  surv=410201962 trip=0 sol=0  6h28m02s elapsed, ETA 4d07h34m
m=684,088,571,106,295,809 (5.89%)  847.3 Gm/s  surv=411260977 trip=0 sol=0  6h29m03s elapsed, ETA 4d07h33m
m=684,139,479,353,655,297 (5.91%)  847.3 Gm/s  surv=412319329 trip=0 sol=0  6h30m03s elapsed, ETA 4d07h32m
m=684,190,348,946,309,121 (5.92%)  847.3 Gm/s  surv=413377134 trip=0 sol=0  6h31m03s elapsed, ETA 4d07h31m
m=684,241,231,423,864,833 (5.94%)  847.3 Gm/s  surv=414435057 trip=0 sol=0  6h32m03s elapsed, ETA 4d07h30m
m=684,292,101,016,518,657 (5.95%)  847.3 Gm/s  surv=415494016 trip=0 sol=0  6h33m03s elapsed, ETA 4d07h29m
m=684,342,970,609,172,481 (5.97%)  847.3 Gm/s  surv=416551620 trip=0 sol=0  6h34m03s elapsed, ETA 4d07h28m
m=684,393,814,432,022,529 (5.98%)  847.3 Gm/s  surv=417609104 trip=0 sol=0  6h35m03s elapsed, ETA 4d07h27m
m=684,444,696,909,578,241 (6.00%)  847.3 Gm/s  surv=418669020 trip=0 sol=0  6h36m03s elapsed, ETA 4d07h26m
m=684,495,592,272,035,841 (6.01%)  847.3 Gm/s  surv=419726389 trip=0 sol=0  6h37m03s elapsed, ETA 4d07h25m
m=684,546,474,749,591,553 (6.03%)  847.3 Gm/s  surv=420783457 trip=0 sol=0  6h38m03s elapsed, ETA 4d07h24m
m=684,597,370,112,049,153 (6.04%)  847.3 Gm/s  surv=421841521 trip=0 sol=0  6h39m03s elapsed, ETA 4d07h23m
m=684,648,226,819,801,089 (6.06%)  847.3 Gm/s  surv=422898794 trip=0 sol=0  6h40m03s elapsed, ETA 4d07h22m
m=684,699,109,297,356,801 (6.07%)  847.3 Gm/s  surv=423956914 trip=0 sol=0  6h41m03s elapsed, ETA 4d07h21m
m=684,749,966,005,108,737 (6.09%)  847.3 Gm/s  surv=425013685 trip=0 sol=0  6h42m03s elapsed, ETA 4d07h20m
m=684,800,835,597,762,561 (6.10%)  847.3 Gm/s  surv=426069566 trip=0 sol=0  6h43m03s elapsed, ETA 4d07h19m
m=684,851,692,305,514,497 (6.12%)  847.4 Gm/s  surv=427126607 trip=0 sol=0  6h44m03s elapsed, ETA 4d07h18m
m=684,902,587,667,972,097 (6.13%)  847.4 Gm/s  surv=428185969 trip=0 sol=0  6h45m03s elapsed, ETA 4d07h17m
m=684,953,457,260,625,921 (6.15%)  847.4 Gm/s  surv=429243354 trip=0 sol=0  6h46m03s elapsed, ETA 4d07h16m
m=685,004,301,083,475,969 (6.16%)  847.4 Gm/s  surv=430300074 trip=0 sol=0  6h47m03s elapsed, ETA 4d07h15m
m=685,055,183,561,031,681 (6.18%)  847.4 Gm/s  surv=431358151 trip=0 sol=0  6h48m03s elapsed, ETA 4d07h14m
m=685,106,053,153,685,505 (6.20%)  847.4 Gm/s  surv=432415017 trip=0 sol=0  6h49m03s elapsed, ETA 4d07h13m
m=685,156,909,861,437,441 (6.21%)  847.4 Gm/s  surv=433471653 trip=0 sol=0  6h50m03s elapsed, ETA 4d07h12m
m=685,207,766,569,189,377 (6.23%)  847.4 Gm/s  surv=434528731 trip=0 sol=0  6h51m03s elapsed, ETA 4d07h11m
m=685,258,636,161,843,201 (6.24%)  847.4 Gm/s  surv=435587462 trip=0 sol=0  6h52m03s elapsed, ETA 4d07h10m
m=685,309,467,099,791,361 (6.26%)  847.4 Gm/s  surv=436644949 trip=0 sol=0  6h53m03s elapsed, ETA 4d07h09m
m=685,360,323,807,543,297 (6.27%)  847.4 Gm/s  surv=437702494 trip=0 sol=0  6h54m03s elapsed, ETA 4d07h08m
m=685,411,180,515,295,233 (6.29%)  847.4 Gm/s  surv=438759683 trip=0 sol=0  6h55m03s elapsed, ETA 4d07h07m
m=685,462,050,107,949,057 (6.30%)  847.4 Gm/s  surv=439816445 trip=0 sol=0  6h56m03s elapsed, ETA 4d07h06m
m=685,512,932,585,504,769 (6.32%)  847.4 Gm/s  surv=440874570 trip=0 sol=0  6h57m03s elapsed, ETA 4d07h05m
m=685,563,402,746,200,065 (6.33%)  847.3 Gm/s  surv=441925049 trip=0 sol=0  6h58m03s elapsed, ETA 4d07h04m
m=685,614,246,569,050,113 (6.35%)  847.3 Gm/s  surv=442982073 trip=0 sol=0  6h59m03s elapsed, ETA 4d07h03m
m=685,665,090,391,900,161 (6.36%)  847.3 Gm/s  surv=444039285 trip=0 sol=0  7h00m03s elapsed, ETA 4d07h02m
m=685,715,959,984,553,985 (6.38%)  847.3 Gm/s  surv=445097963 trip=0 sol=0  7h01m03s elapsed, ETA 4d07h01m
m=685,766,829,577,207,809 (6.39%)  847.3 Gm/s  surv=446155199 trip=0 sol=0  7h02m03s elapsed, ETA 4d07h00m
m=685,817,724,939,665,409 (6.41%)  847.3 Gm/s  surv=447213514 trip=0 sol=0  7h03m03s elapsed, ETA 4d06h59m
m=685,868,581,647,417,345 (6.42%)  847.3 Gm/s  surv=448269479 trip=0 sol=0  7h04m03s elapsed, ETA 4d06h58m
m=685,919,412,585,365,505 (6.44%)  847.3 Gm/s  surv=449326235 trip=0 sol=0  7h05m03s elapsed, ETA 4d06h57m
m=685,970,282,178,019,329 (6.45%)  847.3 Gm/s  surv=450385838 trip=0 sol=0  7h06m03s elapsed, ETA 4d06h56m
m=686,021,126,000,869,377 (6.47%)  847.3 Gm/s  surv=451442821 trip=0 sol=0  7h07m03s elapsed, ETA 4d06h55m
m=686,071,982,708,621,313 (6.48%)  847.3 Gm/s  surv=452500140 trip=0 sol=0  7h08m03s elapsed, ETA 4d06h54m
m=686,122,813,646,569,473 (6.50%)  847.3 Gm/s  surv=453556588 trip=0 sol=0  7h09m03s elapsed, ETA 4d06h53m
m=686,173,670,354,321,409 (6.51%)  847.3 Gm/s  surv=454613218 trip=0 sol=0  7h10m03s elapsed, ETA 4d06h52m
m=686,224,552,831,877,121 (6.53%)  847.3 Gm/s  surv=455671672 trip=0 sol=0  7h11m03s elapsed, ETA 4d06h51m
m=686,275,409,539,629,057 (6.54%)  847.3 Gm/s  surv=456729899 trip=0 sol=0  7h12m03s elapsed, ETA 4d06h50m
m=686,326,292,017,184,769 (6.56%)  847.4 Gm/s  surv=457788731 trip=0 sol=0  7h13m03s elapsed, ETA 4d06h49m
m=686,377,161,609,838,593 (6.57%)  847.4 Gm/s  surv=458844553 trip=0 sol=0  7h14m03s elapsed, ETA 4d06h48m
m=686,428,031,202,492,417 (6.59%)  847.4 Gm/s  surv=459901651 trip=0 sol=0  7h15m03s elapsed, ETA 4d06h47m
m=686,478,900,795,146,241 (6.60%)  847.4 Gm/s  surv=460959272 trip=0 sol=0  7h16m03s elapsed, ETA 4d06h46m
m=686,529,718,848,192,513 (6.62%)  847.4 Gm/s  surv=462016951 trip=0 sol=0  7h17m03s elapsed, ETA 4d06h45m
m=686,580,575,555,944,449 (6.63%)  847.4 Gm/s  surv=463073891 trip=0 sol=0  7h18m03s elapsed, ETA 4d06h44m
m=686,631,445,148,598,273 (6.65%)  847.4 Gm/s  surv=464130612 trip=0 sol=0  7h19m03s elapsed, ETA 4d06h43m
m=686,682,301,856,350,209 (6.66%)  847.4 Gm/s  surv=465188219 trip=0 sol=0  7h20m03s elapsed, ETA 4d06h42m
m=686,733,184,333,905,921 (6.68%)  847.4 Gm/s  surv=466245468 trip=0 sol=0  7h21m03s elapsed, ETA 4d06h41m
m=686,784,053,926,559,745 (6.70%)  847.4 Gm/s  surv=467302504 trip=0 sol=0  7h22m03s elapsed, ETA 4d06h40m
m=686,834,910,634,311,681 (6.71%)  847.4 Gm/s  surv=468359894 trip=0 sol=0  7h23m03s elapsed, ETA 4d06h39m
m=686,885,793,111,867,393 (6.73%)  847.4 Gm/s  surv=469419221 trip=0 sol=0  7h24m03s elapsed, ETA 4d06h38m
m=686,936,649,819,619,329 (6.74%)  847.4 Gm/s  surv=470476794 trip=0 sol=0  7h25m03s elapsed, ETA 4d06h37m
m=686,987,532,297,175,041 (6.76%)  847.4 Gm/s  surv=471533954 trip=0 sol=0  7h26m03s elapsed, ETA 4d06h36m
m=687,038,401,889,828,865 (6.77%)  847.4 Gm/s  surv=472591446 trip=0 sol=0  7h27m03s elapsed, ETA 4d06h35m
m=687,089,284,367,384,577 (6.79%)  847.4 Gm/s  surv=473648795 trip=0 sol=0  7h28m03s elapsed, ETA 4d06h34m
m=687,140,153,960,038,401 (6.80%)  847.4 Gm/s  surv=474706754 trip=0 sol=0  7h29m03s elapsed, ETA 4d06h33m
m=687,191,010,667,790,337 (6.82%)  847.4 Gm/s  surv=475763495 trip=0 sol=0  7h30m03s elapsed, ETA 4d06h32m
m=687,241,867,375,542,273 (6.83%)  847.4 Gm/s  surv=476820858 trip=0 sol=0  7h31m03s elapsed, ETA 4d06h31m
m=687,292,749,853,097,985 (6.85%)  847.4 Gm/s  surv=477878543 trip=0 sol=0  7h32m03s elapsed, ETA 4d06h30m
m=687,343,606,560,849,921 (6.86%)  847.4 Gm/s  surv=478935423 trip=0 sol=0  7h33m03s elapsed, ETA 4d06h29m
m=687,394,489,038,405,633 (6.88%)  847.4 Gm/s  surv=479992283 trip=0 sol=0  7h34m03s elapsed, ETA 4d06h28m
m=687,445,345,746,157,569 (6.89%)  847.4 Gm/s  surv=481050275 trip=0 sol=0  7h35m03s elapsed, ETA 4d06h27m
m=687,496,241,108,615,169 (6.91%)  847.4 Gm/s  surv=482108075 trip=0 sol=0  7h36m03s elapsed, ETA 4d06h26m
m=687,547,097,816,367,105 (6.92%)  847.4 Gm/s  surv=483166203 trip=0 sol=0  7h37m03s elapsed, ETA 4d06h25m
m=687,597,980,293,922,817 (6.94%)  847.4 Gm/s  surv=484224371 trip=0 sol=0  7h38m03s elapsed, ETA 4d06h24m
m=687,648,837,001,674,753 (6.95%)  847.4 Gm/s  surv=485281468 trip=0 sol=0  7h39m03s elapsed, ETA 4d06h23m
m=687,699,680,824,524,801 (6.97%)  847.4 Gm/s  surv=486337719 trip=0 sol=0  7h40m03s elapsed, ETA 4d06h22m
m=687,750,537,532,276,737 (6.98%)  847.4 Gm/s  surv=487395993 trip=0 sol=0  7h41m03s elapsed, ETA 4d06h21m
m=687,801,381,355,126,785 (7.00%)  847.4 Gm/s  surv=488452937 trip=0 sol=0  7h42m03s elapsed, ETA 4d06h20m
m=687,852,263,832,682,497 (7.01%)  847.4 Gm/s  surv=489512353 trip=0 sol=0  7h43m03s elapsed, ETA 4d06h19m
m=687,903,120,540,434,433 (7.03%)  847.4 Gm/s  surv=490569909 trip=0 sol=0  7h44m03s elapsed, ETA 4d06h18m
m=687,953,964,363,284,481 (7.04%)  847.4 Gm/s  surv=491627926 trip=0 sol=0  7h45m03s elapsed, ETA 4d06h17m
m=688,004,782,416,330,753 (7.06%)  847.4 Gm/s  surv=492684410 trip=0 sol=0  7h46m03s elapsed, ETA 4d06h16m
m=688,055,639,124,082,689 (7.07%)  847.4 Gm/s  surv=493740521 trip=0 sol=0  7h47m03s elapsed, ETA 4d06h15m
m=688,106,495,831,834,625 (7.09%)  847.4 Gm/s  surv=494798950 trip=0 sol=0  7h48m03s elapsed, ETA 4d06h14m
m=688,157,352,539,586,561 (7.10%)  847.4 Gm/s  surv=495857177 trip=0 sol=0  7h49m03s elapsed, ETA 4d06h13m
m=688,208,209,247,338,497 (7.12%)  847.4 Gm/s  surv=496914096 trip=0 sol=0  7h50m03s elapsed, ETA 4d06h12m
m=688,259,091,724,894,209 (7.13%)  847.4 Gm/s  surv=497971744 trip=0 sol=0  7h51m03s elapsed, ETA 4d06h11m
m=688,309,961,317,548,033 (7.15%)  847.4 Gm/s  surv=499030299 trip=0 sol=0  7h52m03s elapsed, ETA 4d06h10m
m=688,360,830,910,201,857 (7.16%)  847.4 Gm/s  surv=500089609 trip=0 sol=0  7h53m03s elapsed, ETA 4d06h09m
m=688,411,687,617,953,793 (7.18%)  847.4 Gm/s  surv=501148483 trip=0 sol=0  7h54m03s elapsed, ETA 4d06h08m
m=688,462,557,210,607,617 (7.20%)  847.4 Gm/s  surv=502205697 trip=0 sol=0  7h55m03s elapsed, ETA 4d06h07m
m=688,513,426,803,261,441 (7.21%)  847.4 Gm/s  surv=503261985 trip=0 sol=0  7h56m03s elapsed, ETA 4d06h06m
m=688,564,270,626,111,489 (7.23%)  847.4 Gm/s  surv=504318176 trip=0 sol=0  7h57m03s elapsed, ETA 4d06h05m
m=688,614,818,096,218,113 (7.24%)  847.4 Gm/s  surv=505368871 trip=0 sol=0  7h58m03s elapsed, ETA 4d06h04m
m=688,665,674,803,970,049 (7.26%)  847.4 Gm/s  surv=506425872 trip=0 sol=0  7h59m03s elapsed, ETA 4d06h03m
m=688,716,518,626,820,097 (7.27%)  847.4 Gm/s  surv=507481995 trip=0 sol=0  8h00m03s elapsed, ETA 4d06h02m
m=688,767,413,989,277,697 (7.29%)  847.4 Gm/s  surv=508540002 trip=0 sol=0  8h01m03s elapsed, ETA 4d06h01m
m=688,818,257,812,127,745 (7.30%)  847.4 Gm/s  surv=509596239 trip=0 sol=0  8h02m03s elapsed, ETA 4d06h00m
m=688,869,114,519,879,681 (7.32%)  847.4 Gm/s  surv=510653505 trip=0 sol=0  8h03m03s elapsed, ETA 4d05h59m
m=688,919,971,227,631,617 (7.33%)  847.4 Gm/s  surv=511711580 trip=0 sol=0  8h04m03s elapsed, ETA 4d05h58m
m=688,970,840,820,285,441 (7.35%)  847.4 Gm/s  surv=512769470 trip=0 sol=0  8h05m03s elapsed, ETA 4d05h57m
m=689,021,723,297,841,153 (7.36%)  847.4 Gm/s  surv=513828811 trip=0 sol=0  8h06m03s elapsed, ETA 4d05h56m
m=689,072,605,775,396,865 (7.38%)  847.4 Gm/s  surv=514887726 trip=0 sol=0  8h07m03s elapsed, ETA 4d05h55m
m=689,123,475,368,050,689 (7.39%)  847.4 Gm/s  surv=515944980 trip=0 sol=0  8h08m03s elapsed, ETA 4d05h54m
m=689,174,332,075,802,625 (7.41%)  847.4 Gm/s  surv=517003456 trip=0 sol=0  8h09m03s elapsed, ETA 4d05h53m
m=689,225,175,898,652,673 (7.42%)  847.4 Gm/s  surv=518059424 trip=0 sol=0  8h10m03s elapsed, ETA 4d05h52m
m=689,276,019,721,502,721 (7.44%)  847.4 Gm/s  surv=519116214 trip=0 sol=0  8h11m03s elapsed, ETA 4d05h51m
m=689,326,876,429,254,657 (7.45%)  847.4 Gm/s  surv=520173987 trip=0 sol=0  8h12m03s elapsed, ETA 4d05h50m
m=689,377,720,252,104,705 (7.47%)  847.4 Gm/s  surv=521230983 trip=0 sol=0  8h13m03s elapsed, ETA 4d05h49m
m=689,428,551,190,052,865 (7.48%)  847.4 Gm/s  surv=522286482 trip=0 sol=0  8h14m03s elapsed, ETA 4d05h48m
m=689,479,420,782,706,689 (7.50%)  847.4 Gm/s  surv=523345527 trip=0 sol=0  8h15m03s elapsed, ETA 4d05h47m
m=689,530,290,375,360,513 (7.51%)  847.4 Gm/s  surv=524401364 trip=0 sol=0  8h16m03s elapsed, ETA 4d05h46m
m=689,581,172,852,916,225 (7.53%)  847.4 Gm/s  surv=525459779 trip=0 sol=0  8h17m03s elapsed, ETA 4d05h45m
m=689,632,042,445,570,049 (7.54%)  847.4 Gm/s  surv=526518078 trip=0 sol=0  8h18m03s elapsed, ETA 4d05h44m
m=689,682,912,038,223,873 (7.56%)  847.4 Gm/s  surv=527573730 trip=0 sol=0  8h19m03s elapsed, ETA 4d05h43m
m=689,733,781,630,877,697 (7.57%)  847.4 Gm/s  surv=528630818 trip=0 sol=0  8h20m03s elapsed, ETA 4d05h42m
m=689,784,638,338,629,633 (7.59%)  847.4 Gm/s  surv=529688006 trip=0 sol=0  8h21m03s elapsed, ETA 4d05h41m
m=689,835,495,046,381,569 (7.60%)  847.4 Gm/s  surv=530744909 trip=0 sol=0  8h22m03s elapsed, ETA 4d05h40m
m=689,886,377,523,937,281 (7.62%)  847.4 Gm/s  surv=531802931 trip=0 sol=0  8h23m03s elapsed, ETA 4d05h39m
m=689,937,234,231,689,217 (7.63%)  847.4 Gm/s  surv=532859965 trip=0 sol=0  8h24m03s elapsed, ETA 4d05h38m
m=689,988,078,054,539,265 (7.65%)  847.4 Gm/s  surv=533919315 trip=0 sol=0  8h25m03s elapsed, ETA 4d05h37m
m=690,038,934,762,291,201 (7.66%)  847.4 Gm/s  surv=534976659 trip=0 sol=0  8h26m03s elapsed, ETA 4d05h36m
m=690,089,765,700,239,361 (7.68%)  847.4 Gm/s  surv=536032802 trip=0 sol=0  8h27m03s elapsed, ETA 4d05h35m
m=690,140,622,407,991,297 (7.69%)  847.4 Gm/s  surv=537090311 trip=0 sol=0  8h28m03s elapsed, ETA 4d05h34m
m=690,191,453,345,939,457 (7.71%)  847.4 Gm/s  surv=538146206 trip=0 sol=0  8h29m03s elapsed, ETA 4d05h33m
m=690,242,361,593,298,945 (7.73%)  847.4 Gm/s  surv=539203670 trip=0 sol=0  8h30m03s elapsed, ETA 4d05h32m
m=690,293,231,185,952,769 (7.74%)  847.4 Gm/s  surv=540260439 trip=0 sol=0  8h31m03s elapsed, ETA 4d05h31m
m=690,344,087,893,704,705 (7.76%)  847.4 Gm/s  surv=541319318 trip=0 sol=0  8h32m04s elapsed, ETA 4d05h30m
m=690,394,931,716,554,753 (7.77%)  847.4 Gm/s  surv=542374906 trip=0 sol=0  8h33m04s elapsed, ETA 4d05h29m
m=690,445,801,309,208,577 (7.79%)  847.4 Gm/s  surv=543433849 trip=0 sol=0  8h34m04s elapsed, ETA 4d05h28m
m=690,496,645,132,058,625 (7.80%)  847.4 Gm/s  surv=544490260 trip=0 sol=0  8h35m04s elapsed, ETA 4d05h27m
m=690,547,501,839,810,561 (7.82%)  847.4 Gm/s  surv=545548045 trip=0 sol=0  8h36m04s elapsed, ETA 4d05h26m
m=690,598,371,432,464,385 (7.83%)  847.4 Gm/s  surv=546606253 trip=0 sol=0  8h37m04s elapsed, ETA 4d05h25m
m=690,649,228,140,216,321 (7.85%)  847.4 Gm/s  surv=547662745 trip=0 sol=0  8h38m04s elapsed, ETA 4d05h24m
m=690,700,084,847,968,257 (7.86%)  847.4 Gm/s  surv=548719465 trip=0 sol=0  8h39m04s elapsed, ETA 4d05h23m
m=690,750,941,555,720,193 (7.88%)  847.4 Gm/s  surv=549776907 trip=0 sol=0  8h40m04s elapsed, ETA 4d05h22m
m=690,801,759,608,766,465 (7.89%)  847.4 Gm/s  surv=550833977 trip=0 sol=0  8h41m04s elapsed, ETA 4d05h21m
m=690,852,654,971,224,065 (7.91%)  847.4 Gm/s  surv=551893097 trip=0 sol=0  8h42m04s elapsed, ETA 4d05h20m
m=690,903,511,678,976,001 (7.92%)  847.4 Gm/s  surv=552950351 trip=0 sol=0  8h43m04s elapsed, ETA 4d05h19m
m=690,954,368,386,727,937 (7.94%)  847.4 Gm/s  surv=554007993 trip=0 sol=0  8h44m04s elapsed, ETA 4d05h18m
m=691,005,237,979,381,761 (7.95%)  847.4 Gm/s  surv=555066576 trip=0 sol=0  8h45m04s elapsed, ETA 4d05h17m
m=691,056,081,802,231,809 (7.97%)  847.4 Gm/s  surv=556122807 trip=0 sol=0  8h46m04s elapsed, ETA 4d05h16m
m=691,106,951,394,885,633 (7.98%)  847.4 Gm/s  surv=557179965 trip=0 sol=0  8h47m04s elapsed, ETA 4d05h15m
m=691,157,820,987,539,457 (8.00%)  847.4 Gm/s  surv=558236221 trip=0 sol=0  8h48m04s elapsed, ETA 4d05h14m
m=691,208,677,695,291,393 (8.01%)  847.4 Gm/s  surv=559293078 trip=0 sol=0  8h49m04s elapsed, ETA 4d05h13m
m=691,259,560,172,847,105 (8.03%)  847.4 Gm/s  surv=560351751 trip=0 sol=0  8h50m04s elapsed, ETA 4d05h12m
m=691,310,403,995,697,153 (8.04%)  847.4 Gm/s  surv=561409144 trip=0 sol=0  8h51m04s elapsed, ETA 4d05h11m
m=691,361,273,588,350,977 (8.06%)  847.4 Gm/s  surv=562466036 trip=0 sol=0  8h52m04s elapsed, ETA 4d05h10m
m=691,412,130,296,102,913 (8.07%)  847.4 Gm/s  surv=563524834 trip=0 sol=0  8h53m04s elapsed, ETA 4d05h09m
m=691,462,974,118,952,961 (8.09%)  847.4 Gm/s  surv=564582636 trip=0 sol=0  8h54m04s elapsed, ETA 4d05h08m
m=691,513,843,711,606,785 (8.10%)  847.4 Gm/s  surv=565639990 trip=0 sol=0  8h55m04s elapsed, ETA 4d05h07m
m=691,564,739,074,064,385 (8.12%)  847.4 Gm/s  surv=566697945 trip=0 sol=0  8h56m04s elapsed, ETA 4d05h06m
m=691,615,608,666,718,209 (8.13%)  847.4 Gm/s  surv=567755709 trip=0 sol=0  8h57m04s elapsed, ETA 4d05h05m
m=691,666,130,367,021,057 (8.15%)  847.4 Gm/s  surv=568806336 trip=0 sol=0  8h58m04s elapsed, ETA 4d05h04m
m=691,716,961,304,969,217 (8.16%)  847.4 Gm/s  surv=569863588 trip=0 sol=0  8h59m04s elapsed, ETA 4d05h03m
m=691,767,792,242,917,377 (8.18%)  847.4 Gm/s  surv=570919335 trip=0 sol=0  9h00m04s elapsed, ETA 4d05h02m
m=691,818,636,065,767,425 (8.19%)  847.4 Gm/s  surv=571976551 trip=0 sol=0  9h01m04s elapsed, ETA 4d05h01m
m=691,869,467,003,715,585 (8.21%)  847.4 Gm/s  surv=573033522 trip=0 sol=0  9h02m04s elapsed, ETA 4d05h00m
m=691,920,323,711,467,521 (8.23%)  847.4 Gm/s  surv=574088699 trip=0 sol=0  9h03m04s elapsed, ETA 4d04h59m
m=691,971,167,534,317,569 (8.24%)  847.4 Gm/s  surv=575146554 trip=0 sol=0  9h04m04s elapsed, ETA 4d04h58m
m=692,022,024,242,069,505 (8.26%)  847.4 Gm/s  surv=576203221 trip=0 sol=0  9h05m04s elapsed, ETA 4d04h57m
m=692,072,893,834,723,329 (8.27%)  847.4 Gm/s  surv=577261006 trip=0 sol=0  9h06m04s elapsed, ETA 4d04h56m
m=692,123,763,427,377,153 (8.29%)  847.4 Gm/s  surv=578318064 trip=0 sol=0  9h07m04s elapsed, ETA 4d04h55m
m=692,174,607,250,227,201 (8.30%)  847.4 Gm/s  surv=579375315 trip=0 sol=0  9h08m04s elapsed, ETA 4d04h54m
m=692,225,463,957,979,137 (8.32%)  847.4 Gm/s  surv=580433481 trip=0 sol=0  9h09m04s elapsed, ETA 4d04h53m
m=692,276,320,665,731,073 (8.33%)  847.4 Gm/s  surv=581490340 trip=0 sol=0  9h10m04s elapsed, ETA 4d04h52m
m=692,327,151,603,679,233 (8.35%)  847.4 Gm/s  surv=582546990 trip=0 sol=0  9h11m04s elapsed, ETA 4d04h51m
m=692,377,995,426,529,281 (8.36%)  847.4 Gm/s  surv=583603489 trip=0 sol=0  9h12m04s elapsed, ETA 4d04h50m
m=692,428,839,249,379,329 (8.38%)  847.4 Gm/s  surv=584661490 trip=0 sol=0  9h13m04s elapsed, ETA 4d04h49m
m=692,479,695,957,131,265 (8.39%)  847.4 Gm/s  surv=585718845 trip=0 sol=0  9h14m04s elapsed, ETA 4d04h48m
m=692,530,539,779,981,313 (8.41%)  847.4 Gm/s  surv=586776490 trip=0 sol=0  9h15m04s elapsed, ETA 4d04h47m
m=692,581,396,487,733,249 (8.42%)  847.4 Gm/s  surv=587833800 trip=0 sol=0  9h16m04s elapsed, ETA 4d04h46m
m=692,632,240,310,583,297 (8.44%)  847.4 Gm/s  surv=588891345 trip=0 sol=0  9h17m04s elapsed, ETA 4d04h45m
m=692,683,071,248,531,457 (8.45%)  847.4 Gm/s  surv=589947966 trip=0 sol=0  9h18m04s elapsed, ETA 4d04h44m
m=692,733,927,956,283,393 (8.47%)  847.4 Gm/s  surv=591006298 trip=0 sol=0  9h19m04s elapsed, ETA 4d04h43m
m=692,784,784,664,035,329 (8.48%)  847.4 Gm/s  surv=592064743 trip=0 sol=0  9h20m04s elapsed, ETA 4d04h42m
m=692,835,628,486,885,377 (8.50%)  847.4 Gm/s  surv=593122079 trip=0 sol=0  9h21m04s elapsed, ETA 4d04h41m
m=692,886,472,309,735,425 (8.51%)  847.4 Gm/s  surv=594178327 trip=0 sol=0  9h22m04s elapsed, ETA 4d04h40m
m=692,937,329,017,487,361 (8.53%)  847.4 Gm/s  surv=595235774 trip=0 sol=0  9h23m04s elapsed, ETA 4d04h39m
m=692,988,185,725,239,297 (8.54%)  847.4 Gm/s  surv=596292861 trip=0 sol=0  9h24m04s elapsed, ETA 4d04h38m
m=693,039,003,778,285,569 (8.56%)  847.4 Gm/s  surv=597348650 trip=0 sol=0  9h25m04s elapsed, ETA 4d04h37m
m=693,089,860,486,037,505 (8.57%)  847.4 Gm/s  surv=598407706 trip=0 sol=0  9h26m04s elapsed, ETA 4d04h36m
m=693,140,717,193,789,441 (8.59%)  847.4 Gm/s  surv=599465922 trip=0 sol=0  9h27m04s elapsed, ETA 4d04h35m
m=693,191,522,361,933,825 (8.60%)  847.4 Gm/s  surv=600521132 trip=0 sol=0  9h28m04s elapsed, ETA 4d04h34m
m=693,242,379,069,685,761 (8.62%)  847.4 Gm/s  surv=601579379 trip=0 sol=0  9h29m04s elapsed, ETA 4d04h33m
m=693,293,210,007,633,921 (8.63%)  847.4 Gm/s  surv=602637583 trip=0 sol=0  9h30m04s elapsed, ETA 4d04h32m
m=693,344,053,830,483,969 (8.65%)  847.4 Gm/s  surv=603695040 trip=0 sol=0  9h31m04s elapsed, ETA 4d04h31m
m=693,394,936,308,039,681 (8.66%)  847.4 Gm/s  surv=604753171 trip=0 sol=0  9h32m04s elapsed, ETA 4d04h30m
m=693,445,780,130,889,729 (8.68%)  847.4 Gm/s  surv=605809895 trip=0 sol=0  9h33m04s elapsed, ETA 4d04h29m
m=693,496,611,068,837,889 (8.69%)  847.4 Gm/s  surv=606866000 trip=0 sol=0  9h34m04s elapsed, ETA 4d04h28m
m=693,547,454,891,687,937 (8.71%)  847.4 Gm/s  surv=607922269 trip=0 sol=0  9h35m04s elapsed, ETA 4d04h27m
m=693,598,298,714,537,985 (8.72%)  847.4 Gm/s  surv=608979007 trip=0 sol=0  9h36m04s elapsed, ETA 4d04h26m
m=693,649,103,882,682,369 (8.74%)  847.4 Gm/s  surv=610034179 trip=0 sol=0  9h37m04s elapsed, ETA 4d04h25m
m=693,699,909,050,826,753 (8.76%)  847.4 Gm/s  surv=611091368 trip=0 sol=0  9h38m04s elapsed, ETA 4d04h24m
m=693,750,778,643,480,577 (8.77%)  847.4 Gm/s  surv=612150248 trip=0 sol=0  9h39m04s elapsed, ETA 4d04h23m
m=693,801,596,696,526,849 (8.79%)  847.4 Gm/s  surv=613207640 trip=0 sol=0  9h40m04s elapsed, ETA 4d04h22m
m=693,852,466,289,180,673 (8.80%)  847.4 Gm/s  surv=614265036 trip=0 sol=0  9h41m04s elapsed, ETA 4d04h21m
m=693,903,271,457,325,057 (8.82%)  847.4 Gm/s  surv=615320625 trip=0 sol=0  9h42m04s elapsed, ETA 4d04h20m
m=693,954,037,970,763,777 (8.83%)  847.4 Gm/s  surv=616375775 trip=0 sol=0  9h43m04s elapsed, ETA 4d04h19m
m=694,004,804,484,202,497 (8.85%)  847.4 Gm/s  surv=617431112 trip=0 sol=0  9h44m04s elapsed, ETA 4d04h18m
m=694,055,455,033,524,225 (8.86%)  847.4 Gm/s  surv=618484031 trip=0 sol=0  9h45m04s elapsed, ETA 4d04h17m
m=694,106,092,697,944,065 (8.88%)  847.4 Gm/s  surv=619535121 trip=0 sol=0  9h46m04s elapsed, ETA 4d04h16m
m=694,156,730,362,363,905 (8.89%)  847.3 Gm/s  surv=620588832 trip=0 sol=0  9h47m04s elapsed, ETA 4d04h15m
m=694,207,290,717,372,417 (8.91%)  847.3 Gm/s  surv=621638718 trip=0 sol=0  9h48m04s elapsed, ETA 4d04h14m
m=694,258,005,691,203,585 (8.92%)  847.3 Gm/s  surv=622692109 trip=0 sol=0  9h49m04s elapsed, ETA 4d04h13m
m=694,308,849,514,053,633 (8.94%)  847.3 Gm/s  surv=623749092 trip=0 sol=0  9h50m04s elapsed, ETA 4d04h12m
m=694,359,719,106,707,457 (8.95%)  847.3 Gm/s  surv=624807011 trip=0 sol=0  9h51m04s elapsed, ETA 4d04h11m
m=694,410,575,814,459,393 (8.97%)  847.3 Gm/s  surv=625866162 trip=0 sol=0  9h52m04s elapsed, ETA 4d04h10m
m=694,461,445,407,113,217 (8.98%)  847.3 Gm/s  surv=626923542 trip=0 sol=0  9h53m04s elapsed, ETA 4d04h09m
m=694,512,302,114,865,153 (9.00%)  847.3 Gm/s  surv=627981777 trip=0 sol=0  9h54m04s elapsed, ETA 4d04h08m
m=694,563,171,707,518,977 (9.01%)  847.3 Gm/s  surv=629038606 trip=0 sol=0  9h55m04s elapsed, ETA 4d04h07m
m=694,614,015,530,369,025 (9.03%)  847.3 Gm/s  surv=630093956 trip=0 sol=0  9h56m04s elapsed, ETA 4d04h06m
m=694,664,859,353,219,073 (9.04%)  847.3 Gm/s  surv=631150007 trip=0 sol=0  9h57m04s elapsed, ETA 4d04h05m
m=694,715,342,398,816,257 (9.06%)  847.3 Gm/s  surv=632198120 trip=0 sol=0  9h58m04s elapsed, ETA 4d04h04m
m=694,766,147,566,960,641 (9.07%)  847.3 Gm/s  surv=633253797 trip=0 sol=0  9h59m04s elapsed, ETA 4d04h03m
m=694,816,991,389,810,689 (9.09%)  847.3 Gm/s  surv=634309479 trip=0 sol=0  10h00m04s elapsed, ETA 4d04h02m
m=694,867,822,327,758,849 (9.10%)  847.3 Gm/s  surv=635365049 trip=0 sol=0  10h01m04s elapsed, ETA 4d04h01m
m=694,918,666,150,608,897 (9.12%)  847.3 Gm/s  surv=636422308 trip=0 sol=0  10h02m04s elapsed, ETA 4d04h00m
m=694,969,535,743,262,721 (9.13%)  847.3 Gm/s  surv=637480142 trip=0 sol=0  10h03m04s elapsed, ETA 4d03h59m
m=695,020,392,451,014,657 (9.15%)  847.3 Gm/s  surv=638538640 trip=0 sol=0  10h04m04s elapsed, ETA 4d03h58m
m=695,071,236,273,864,705 (9.16%)  847.3 Gm/s  surv=639595340 trip=0 sol=0  10h05m04s elapsed, ETA 4d03h57m
m=695,122,105,866,518,529 (9.18%)  847.3 Gm/s  surv=640652188 trip=0 sol=0  10h06m04s elapsed, ETA 4d03h56m
m=695,172,949,689,368,577 (9.19%)  847.3 Gm/s  surv=641709050 trip=0 sol=0  10h07m04s elapsed, ETA 4d03h55m
m=695,223,793,512,218,625 (9.21%)  847.3 Gm/s  surv=642767854 trip=0 sol=0  10h08m04s elapsed, ETA 4d03h54m
m=695,274,637,335,068,673 (9.22%)  847.3 Gm/s  surv=643824783 trip=0 sol=0  10h09m04s elapsed, ETA 4d03h53m
m=695,325,494,042,820,609 (9.24%)  847.3 Gm/s  surv=644883001 trip=0 sol=0  10h10m04s elapsed, ETA 4d03h52m
m=695,376,350,750,572,545 (9.25%)  847.3 Gm/s  surv=645941478 trip=0 sol=0  10h11m04s elapsed, ETA 4d03h51m
m=695,427,220,343,226,369 (9.27%)  847.3 Gm/s  surv=646999680 trip=0 sol=0  10h12m04s elapsed, ETA 4d03h50m
m=695,478,102,820,782,081 (9.28%)  847.3 Gm/s  surv=648060072 trip=0 sol=0  10h13m04s elapsed, ETA 4d03h49m
m=695,528,946,643,632,129 (9.30%)  847.3 Gm/s  surv=649117493 trip=0 sol=0  10h14m04s elapsed, ETA 4d03h48m
m=695,579,803,351,384,065 (9.32%)  847.3 Gm/s  surv=650175407 trip=0 sol=0  10h15m04s elapsed, ETA 4d03h47m
m=695,630,647,174,234,113 (9.33%)  847.3 Gm/s  surv=651233796 trip=0 sol=0  10h16m04s elapsed, ETA 4d03h46m
m=695,681,503,881,986,049 (9.35%)  847.3 Gm/s  surv=652291524 trip=0 sol=0  10h17m04s elapsed, ETA 4d03h45m
m=695,732,309,050,130,433 (9.36%)  847.3 Gm/s  surv=653346013 trip=0 sol=0  10h18m04s elapsed, ETA 4d03h44m
m=695,783,165,757,882,369 (9.38%)  847.3 Gm/s  surv=654404583 trip=0 sol=0  10h19m04s elapsed, ETA 4d03h43m
m=695,834,022,465,634,305 (9.39%)  847.3 Gm/s  surv=655460863 trip=0 sol=0  10h20m04s elapsed, ETA 4d03h42m
m=695,884,892,058,288,129 (9.41%)  847.3 Gm/s  surv=656518283 trip=0 sol=0  10h21m04s elapsed, ETA 4d03h41m
m=695,935,761,650,941,953 (9.42%)  847.3 Gm/s  surv=657576266 trip=0 sol=0  10h22m04s elapsed, ETA 4d03h40m
m=695,986,631,243,595,777 (9.44%)  847.3 Gm/s  surv=658632282 trip=0 sol=0  10h23m04s elapsed, ETA 4d03h39m
m=696,037,500,836,249,601 (9.45%)  847.3 Gm/s  surv=659690402 trip=0 sol=0  10h24m04s elapsed, ETA 4d03h38m
m=696,088,370,428,903,425 (9.47%)  847.3 Gm/s  surv=660747091 trip=0 sol=0  10h25m04s elapsed, ETA 4d03h37m
m=696,139,252,906,459,137 (9.48%)  847.3 Gm/s  surv=661804780 trip=0 sol=0  10h26m04s elapsed, ETA 4d03h36m
m=696,190,096,729,309,185 (9.50%)  847.3 Gm/s  surv=662862560 trip=0 sol=0  10h27m04s elapsed, ETA 4d03h35m
m=696,240,940,552,159,233 (9.51%)  847.3 Gm/s  surv=663921412 trip=0 sol=0  10h28m04s elapsed, ETA 4d03h34m
m=696,291,771,490,107,393 (9.53%)  847.3 Gm/s  surv=664977559 trip=0 sol=0  10h29m04s elapsed, ETA 4d03h33m
m=696,342,628,197,859,329 (9.54%)  847.3 Gm/s  surv=666036458 trip=0 sol=0  10h30m04s elapsed, ETA 4d03h32m
m=696,393,484,905,611,265 (9.56%)  847.3 Gm/s  surv=667094170 trip=0 sol=0  10h31m04s elapsed, ETA 4d03h31m
m=696,444,354,498,265,089 (9.57%)  847.3 Gm/s  surv=668150990 trip=0 sol=0  10h32m04s elapsed, ETA 4d03h30m
m=696,495,211,206,017,025 (9.59%)  847.3 Gm/s  surv=669209382 trip=0 sol=0  10h33m04s elapsed, ETA 4d03h29m
m=696,546,055,028,867,073 (9.60%)  847.3 Gm/s  surv=670265518 trip=0 sol=0  10h34m04s elapsed, ETA 4d03h28m
m=696,596,885,966,815,233 (9.62%)  847.3 Gm/s  surv=671322784 trip=0 sol=0  10h35m04s elapsed, ETA 4d03h27m
m=696,647,755,559,469,057 (9.63%)  847.3 Gm/s  surv=672380814 trip=0 sol=0  10h36m04s elapsed, ETA 4d03h26m
m=696,698,599,382,319,105 (9.65%)  847.3 Gm/s  surv=673438782 trip=0 sol=0  10h37m04s elapsed, ETA 4d03h25m
m=696,749,430,320,267,265 (9.66%)  847.3 Gm/s  surv=674495805 trip=0 sol=0  10h38m04s elapsed, ETA 4d03h24m
m=696,800,287,028,019,201 (9.68%)  847.3 Gm/s  surv=675552305 trip=0 sol=0  10h39m04s elapsed, ETA 4d03h23m
m=696,851,156,620,673,025 (9.69%)  847.3 Gm/s  surv=676611501 trip=0 sol=0  10h40m04s elapsed, ETA 4d03h22m
m=696,902,013,328,424,961 (9.71%)  847.3 Gm/s  surv=677668388 trip=0 sol=0  10h41m04s elapsed, ETA 4d03h21m
m=696,952,895,805,980,673 (9.72%)  847.3 Gm/s  surv=678725660 trip=0 sol=0  10h42m04s elapsed, ETA 4d03h20m
m=697,003,752,513,732,609 (9.74%)  847.3 Gm/s  surv=679783262 trip=0 sol=0  10h43m04s elapsed, ETA 4d03h19m
m=697,054,609,221,484,545 (9.75%)  847.3 Gm/s  surv=680840076 trip=0 sol=0  10h44m05s elapsed, ETA 4d03h18m
m=697,105,427,274,530,817 (9.77%)  847.3 Gm/s  surv=681895780 trip=0 sol=0  10h45m05s elapsed, ETA 4d03h17m
m=697,156,258,212,478,977 (9.78%)  847.3 Gm/s  surv=682952855 trip=0 sol=0  10h46m05s elapsed, ETA 4d03h16m
m=697,207,102,035,329,025 (9.80%)  847.3 Gm/s  surv=684010243 trip=0 sol=0  10h47m05s elapsed, ETA 4d03h15m
m=697,257,932,973,277,185 (9.82%)  847.3 Gm/s  surv=685066688 trip=0 sol=0  10h48m05s elapsed, ETA 4d03h14m
m=697,308,596,407,500,801 (9.83%)  847.3 Gm/s  surv=686120483 trip=0 sol=0  10h49m05s elapsed, ETA 4d03h13m
m=697,359,285,611,528,193 (9.85%)  847.3 Gm/s  surv=687175450 trip=0 sol=0  10h50m05s elapsed, ETA 4d03h12m
m=697,410,039,240,065,025 (9.86%)  847.3 Gm/s  surv=688231864 trip=0 sol=0  10h51m05s elapsed, ETA 4d03h11m
m=697,460,741,328,994,305 (9.88%)  847.3 Gm/s  surv=689286496 trip=0 sol=0  10h52m05s elapsed, ETA 4d03h10m
m=697,511,443,417,923,585 (9.89%)  847.3 Gm/s  surv=690339510 trip=0 sol=0  10h53m05s elapsed, ETA 4d03h09m
m=697,562,158,391,754,753 (9.91%)  847.3 Gm/s  surv=691394512 trip=0 sol=0  10h54m05s elapsed, ETA 4d03h08m
m=697,612,912,020,291,585 (9.92%)  847.3 Gm/s  surv=692447611 trip=0 sol=0  10h55m05s elapsed, ETA 4d03h07m
m=697,663,523,914,907,649 (9.94%)  847.3 Gm/s  surv=693499785 trip=0 sol=0  10h56m05s elapsed, ETA 4d03h07m
m=697,714,122,924,621,825 (9.95%)  847.3 Gm/s  surv=694553433 trip=0 sol=0  10h57m05s elapsed, ETA 4d03h06m
m=697,764,515,775,905,793 (9.97%)  847.3 Gm/s  surv=695603431 trip=0 sol=0  10h58m05s elapsed, ETA 4d03h05m
m=697,815,359,598,755,841 (9.98%)  847.3 Gm/s  surv=696660427 trip=0 sol=0  10h59m05s elapsed, ETA 4d03h04m
m=697,866,242,076,311,553 (10.00%)  847.3 Gm/s  surv=697719050 trip=0 sol=0  11h00m05s elapsed, ETA 4d03h03m
m=697,917,085,899,161,601 (10.01%)  847.3 Gm/s  surv=698777034 trip=0 sol=0  11h01m05s elapsed, ETA 4d03h02m
m=697,967,942,606,913,537 (10.03%)  847.3 Gm/s  surv=699835186 trip=0 sol=0  11h02m05s elapsed, ETA 4d03h01m
m=698,018,786,429,763,585 (10.04%)  847.3 Gm/s  surv=700891412 trip=0 sol=0  11h03m05s elapsed, ETA 4d03h00m
m=698,069,643,137,515,521 (10.06%)  847.3 Gm/s  surv=701950727 trip=0 sol=0  11h04m05s elapsed, ETA 4d02h59m
m=698,120,512,730,169,345 (10.07%)  847.3 Gm/s  surv=703010008 trip=0 sol=0  11h05m05s elapsed, ETA 4d02h58m
m=698,171,382,322,823,169 (10.09%)  847.3 Gm/s  surv=704066335 trip=0 sol=0  11h06m05s elapsed, ETA 4d02h57m
m=698,222,251,915,476,993 (10.10%)  847.3 Gm/s  surv=705123844 trip=0 sol=0  11h07m05s elapsed, ETA 4d02h56m
m=698,273,121,508,130,817 (10.12%)  847.3 Gm/s  surv=706181299 trip=0 sol=0  11h08m05s elapsed, ETA 4d02h55m
m=698,323,978,215,882,753 (10.13%)  847.3 Gm/s  surv=707238926 trip=0 sol=0  11h09m05s elapsed, ETA 4d02h54m
m=698,374,834,923,634,689 (10.15%)  847.3 Gm/s  surv=708296208 trip=0 sol=0  11h10m05s elapsed, ETA 4d02h53m
m=698,425,665,861,582,849 (10.16%)  847.3 Gm/s  surv=709352129 trip=0 sol=0  11h11m05s elapsed, ETA 4d02h52m
m=698,476,522,569,334,785 (10.18%)  847.3 Gm/s  surv=710407240 trip=0 sol=0  11h12m05s elapsed, ETA 4d02h51m
m=698,527,379,277,086,721 (10.19%)  847.3 Gm/s  surv=711465384 trip=0 sol=0  11h13m05s elapsed, ETA 4d02h50m
m=698,578,223,099,936,769 (10.21%)  847.3 Gm/s  surv=712523660 trip=0 sol=0  11h14m05s elapsed, ETA 4d02h49m
m=698,629,092,692,590,593 (10.22%)  847.3 Gm/s  surv=713581031 trip=0 sol=0  11h15m05s elapsed, ETA 4d02h48m
m=698,679,949,400,342,529 (10.24%)  847.3 Gm/s  surv=714637832 trip=0 sol=0  11h16m05s elapsed, ETA 4d02h47m
m=698,730,818,992,996,353 (10.25%)  847.3 Gm/s  surv=715694988 trip=0 sol=0  11h17m05s elapsed, ETA 4d02h46m
m=698,781,675,700,748,289 (10.27%)  847.3 Gm/s  surv=716752045 trip=0 sol=0  11h18m05s elapsed, ETA 4d02h45m
m=698,832,532,408,500,225 (10.28%)  847.3 Gm/s  surv=717809558 trip=0 sol=0  11h19m05s elapsed, ETA 4d02h44m
m=698,883,402,001,154,049 (10.30%)  847.3 Gm/s  surv=718866808 trip=0 sol=0  11h20m05s elapsed, ETA 4d02h43m
m=698,934,271,593,807,873 (10.31%)  847.3 Gm/s  surv=719924264 trip=0 sol=0  11h21m05s elapsed, ETA 4d02h42m
m=698,985,154,071,363,585 (10.33%)  847.3 Gm/s  surv=720983145 trip=0 sol=0  11h22m05s elapsed, ETA 4d02h41m
m=699,035,997,894,213,633 (10.34%)  847.3 Gm/s  surv=722040071 trip=0 sol=0  11h23m05s elapsed, ETA 4d02h40m
m=699,086,854,601,965,569 (10.36%)  847.3 Gm/s  surv=723096775 trip=0 sol=0  11h24m05s elapsed, ETA 4d02h39m
m=699,137,749,964,423,169 (10.38%)  847.3 Gm/s  surv=724156844 trip=0 sol=0  11h25m05s elapsed, ETA 4d02h38m
m=699,188,619,557,076,993 (10.39%)  847.3 Gm/s  surv=725215363 trip=0 sol=0  11h26m05s elapsed, ETA 4d02h37m
m=699,239,514,919,534,593 (10.41%)  847.3 Gm/s  surv=726274556 trip=0 sol=0  11h27m05s elapsed, ETA 4d02h36m
m=699,290,371,627,286,529 (10.42%)  847.3 Gm/s  surv=727331848 trip=0 sol=0  11h28m05s elapsed, ETA 4d02h35m
m=699,341,228,335,038,465 (10.44%)  847.3 Gm/s  surv=728389833 trip=0 sol=0  11h29m05s elapsed, ETA 4d02h34m
m=699,392,085,042,790,401 (10.45%)  847.3 Gm/s  surv=729448244 trip=0 sol=0  11h30m05s elapsed, ETA 4d02h33m
m=699,442,941,750,542,337 (10.47%)  847.3 Gm/s  surv=730505184 trip=0 sol=0  11h31m05s elapsed, ETA 4d02h32m
m=699,493,811,343,196,161 (10.48%)  847.3 Gm/s  surv=731563102 trip=0 sol=0  11h32m05s elapsed, ETA 4d02h31m
m=699,544,693,820,751,873 (10.50%)  847.3 Gm/s  surv=732621006 trip=0 sol=0  11h33m05s elapsed, ETA 4d02h30m
m=699,595,550,528,503,809 (10.51%)  847.3 Gm/s  surv=733678437 trip=0 sol=0  11h34m05s elapsed, ETA 4d02h29m
m=699,646,420,121,157,633 (10.53%)  847.3 Gm/s  surv=734735482 trip=0 sol=0  11h35m05s elapsed, ETA 4d02h28m
m=699,697,289,713,811,457 (10.54%)  847.3 Gm/s  surv=735792341 trip=0 sol=0  11h36m05s elapsed, ETA 4d02h27m
m=699,748,146,421,563,393 (10.56%)  847.3 Gm/s  surv=736848579 trip=0 sol=0  11h37m05s elapsed, ETA 4d02h26m
m=699,798,964,474,609,665 (10.57%)  847.3 Gm/s  surv=737905730 trip=0 sol=0  11h38m05s elapsed, ETA 4d02h25m
m=699,849,821,182,361,601 (10.59%)  847.3 Gm/s  surv=738962755 trip=0 sol=0  11h39m05s elapsed, ETA 4d02h24m
m=699,900,652,120,309,761 (10.60%)  847.3 Gm/s  surv=740018856 trip=0 sol=0  11h40m05s elapsed, ETA 4d02h23m
m=699,951,495,943,159,809 (10.62%)  847.3 Gm/s  surv=741075176 trip=0 sol=0  11h41m05s elapsed, ETA 4d02h22m
m=700,002,352,650,911,745 (10.63%)  847.3 Gm/s  surv=742131706 trip=0 sol=0  11h42m05s elapsed, ETA 4d02h21m
m=700,053,196,473,761,793 (10.65%)  847.3 Gm/s  surv=743187038 trip=0 sol=0  11h43m05s elapsed, ETA 4d02h20m
m=700,104,053,181,513,729 (10.66%)  847.3 Gm/s  surv=744244680 trip=0 sol=0  11h44m05s elapsed, ETA 4d02h19m
m=700,154,897,004,363,777 (10.68%)  847.3 Gm/s  surv=745302295 trip=0 sol=0  11h45m05s elapsed, ETA 4d02h18m
m=700,205,753,712,115,713 (10.69%)  847.3 Gm/s  surv=746359372 trip=0 sol=0  11h46m05s elapsed, ETA 4d02h17m
m=700,256,610,419,867,649 (10.71%)  847.3 Gm/s  surv=747419095 trip=0 sol=0  11h47m05s elapsed, ETA 4d02h16m
m=700,307,492,897,423,361 (10.72%)  847.3 Gm/s  surv=748476009 trip=0 sol=0  11h48m05s elapsed, ETA 4d02h15m
m=700,358,388,259,880,961 (10.74%)  847.3 Gm/s  surv=749534913 trip=0 sol=0  11h49m05s elapsed, ETA 4d02h14m
m=700,409,270,737,436,673 (10.75%)  847.3 Gm/s  surv=750592531 trip=0 sol=0  11h50m05s elapsed, ETA 4d02h12m
m=700,460,127,445,188,609 (10.77%)  847.3 Gm/s  surv=751649678 trip=0 sol=0  11h51m05s elapsed, ETA 4d02h11m
m=700,510,997,037,842,433 (10.78%)  847.3 Gm/s  surv=752707824 trip=0 sol=0  11h52m05s elapsed, ETA 4d02h10m
m=700,561,879,515,398,145 (10.80%)  847.3 Gm/s  surv=753764481 trip=0 sol=0  11h53m05s elapsed, ETA 4d02h09m
m=700,612,710,453,346,305 (10.81%)  847.3 Gm/s  surv=754819711 trip=0 sol=0  11h54m05s elapsed, ETA 4d02h08m
m=700,663,541,391,294,465 (10.83%)  847.3 Gm/s  surv=755875538 trip=0 sol=0  11h55m05s elapsed, ETA 4d02h07m
m=700,714,398,099,046,401 (10.84%)  847.3 Gm/s  surv=756934735 trip=0 sol=0  11h56m05s elapsed, ETA 4d02h06m
m=700,765,254,806,798,337 (10.86%)  847.3 Gm/s  surv=757990392 trip=0 sol=0  11h57m05s elapsed, ETA 4d02h05m
m=700,815,660,542,984,193 (10.88%)  847.3 Gm/s  surv=759039925 trip=0 sol=0  11h58m05s elapsed, ETA 4d02h05m
m=700,866,491,480,932,353 (10.89%)  847.3 Gm/s  surv=760096198 trip=0 sol=0  11h59m05s elapsed, ETA 4d02h04m
m=700,917,348,188,684,289 (10.91%)  847.3 Gm/s  surv=761154413 trip=0 sol=0  12h00m05s elapsed, ETA 4d02h03m
m=700,968,230,666,240,001 (10.92%)  847.3 Gm/s  surv=762210766 trip=0 sol=0  12h01m05s elapsed, ETA 4d02h02m
m=701,018,958,524,973,057 (10.94%)  847.3 Gm/s  surv=763263402 trip=0 sol=0  12h02m05s elapsed, ETA 4d02h01m
m=701,069,802,347,823,105 (10.95%)  847.3 Gm/s  surv=764319628 trip=0 sol=0  12h03m05s elapsed, ETA 4d02h00m
m=701,120,659,055,575,041 (10.97%)  847.3 Gm/s  surv=765376559 trip=0 sol=0  12h04m05s elapsed, ETA 4d01h59m
m=701,171,528,648,228,865 (10.98%)  847.3 Gm/s  surv=766433024 trip=0 sol=0  12h05m05s elapsed, ETA 4d01h58m
m=701,222,411,125,784,577 (11.00%)  847.3 Gm/s  surv=767491050 trip=0 sol=0  12h06m05s elapsed, ETA 4d01h57m
m=701,273,254,948,634,625 (11.01%)  847.3 Gm/s  surv=768547304 trip=0 sol=0  12h07m05s elapsed, ETA 4d01h56m
m=701,324,098,771,484,673 (11.03%)  847.3 Gm/s  surv=769604925 trip=0 sol=0  12h08m05s elapsed, ETA 4d01h55m
m=701,374,981,249,040,385 (11.04%)  847.3 Gm/s  surv=770664428 trip=0 sol=0  12h09m05s elapsed, ETA 4d01h54m
m=701,425,825,071,890,433 (11.06%)  847.3 Gm/s  surv=771723727 trip=0 sol=0  12h10m05s elapsed, ETA 4d01h53m
m=701,476,707,549,446,145 (11.07%)  847.3 Gm/s  surv=772781744 trip=0 sol=0  12h11m05s elapsed, ETA 4d01h52m
m=701,527,602,911,903,745 (11.09%)  847.3 Gm/s  surv=773839198 trip=0 sol=0  12h12m05s elapsed, ETA 4d01h51m
m=701,578,472,504,557,569 (11.10%)  847.3 Gm/s  surv=774898118 trip=0 sol=0  12h13m05s elapsed, ETA 4d01h50m
m=701,629,342,097,211,393 (11.12%)  847.3 Gm/s  surv=775955186 trip=0 sol=0  12h14m05s elapsed, ETA 4d01h49m
m=701,680,173,035,159,553 (11.13%)  847.3 Gm/s  surv=777011773 trip=0 sol=0  12h15m05s elapsed, ETA 4d01h48m
m=701,731,042,627,813,377 (11.15%)  847.3 Gm/s  surv=778068865 trip=0 sol=0  12h16m05s elapsed, ETA 4d01h47m
m=701,781,886,450,663,425 (11.16%)  847.3 Gm/s  surv=779126099 trip=0 sol=0  12h17m05s elapsed, ETA 4d01h46m
m=701,832,768,928,219,137 (11.18%)  847.3 Gm/s  surv=780185661 trip=0 sol=0  12h18m05s elapsed, ETA 4d01h45m
m=701,883,625,635,971,073 (11.19%)  847.3 Gm/s  surv=781244341 trip=0 sol=0  12h19m05s elapsed, ETA 4d01h44m
m=701,934,495,228,624,897 (11.21%)  847.3 Gm/s  surv=782301994 trip=0 sol=0  12h20m05s elapsed, ETA 4d01h43m
m=701,985,339,051,474,945 (11.22%)  847.3 Gm/s  surv=783358537 trip=0 sol=0  12h21m05s elapsed, ETA 4d01h42m
m=702,036,182,874,324,993 (11.24%)  847.3 Gm/s  surv=784416041 trip=0 sol=0  12h22m05s elapsed, ETA 4d01h41m
m=702,087,000,927,371,265 (11.25%)  847.3 Gm/s  surv=785474002 trip=0 sol=0  12h23m05s elapsed, ETA 4d01h40m
m=702,137,857,635,123,201 (11.27%)  847.3 Gm/s  surv=786531587 trip=0 sol=0  12h24m05s elapsed, ETA 4d01h39m
m=702,188,688,573,071,361 (11.28%)  847.3 Gm/s  surv=787588701 trip=0 sol=0  12h25m05s elapsed, ETA 4d01h38m
m=702,239,545,280,823,297 (11.30%)  847.3 Gm/s  surv=788646116 trip=0 sol=0  12h26m05s elapsed, ETA 4d01h37m
m=702,290,389,103,673,345 (11.31%)  847.3 Gm/s  surv=789700372 trip=0 sol=0  12h27m05s elapsed, ETA 4d01h36m
m=702,341,232,926,523,393 (11.33%)  847.3 Gm/s  surv=790756894 trip=0 sol=0  12h28m05s elapsed, ETA 4d01h35m
m=702,392,089,634,275,329 (11.34%)  847.3 Gm/s  surv=791814794 trip=0 sol=0  12h29m05s elapsed, ETA 4d01h34m
m=702,442,972,111,831,041 (11.36%)  847.3 Gm/s  surv=792872486 trip=0 sol=0  12h30m05s elapsed, ETA 4d01h33m
m=702,493,828,819,582,977 (11.37%)  847.3 Gm/s  surv=793931232 trip=0 sol=0  12h31m05s elapsed, ETA 4d01h32m
m=702,544,685,527,334,913 (11.39%)  847.3 Gm/s  surv=794989648 trip=0 sol=0  12h32m05s elapsed, ETA 4d01h31m
m=702,595,529,350,184,961 (11.41%)  847.3 Gm/s  surv=796047463 trip=0 sol=0  12h33m05s elapsed, ETA 4d01h30m
m=702,646,411,827,740,673 (11.42%)  847.3 Gm/s  surv=797106208 trip=0 sol=0  12h34m05s elapsed, ETA 4d01h28m
m=702,697,294,305,296,385 (11.44%)  847.3 Gm/s  surv=798166249 trip=0 sol=0  12h35m05s elapsed, ETA 4d01h27m
m=702,748,112,358,342,657 (11.45%)  847.3 Gm/s  surv=799222684 trip=0 sol=0  12h36m05s elapsed, ETA 4d01h26m
m=702,798,956,181,192,705 (11.47%)  847.3 Gm/s  surv=800279775 trip=0 sol=0  12h37m05s elapsed, ETA 4d01h25m
m=702,849,825,773,846,529 (11.48%)  847.3 Gm/s  surv=801338203 trip=0 sol=0  12h38m05s elapsed, ETA 4d01h24m
m=702,900,682,481,598,465 (11.50%)  847.3 Gm/s  surv=802395884 trip=0 sol=0  12h39m05s elapsed, ETA 4d01h23m
m=702,951,552,074,252,289 (11.51%)  847.3 Gm/s  surv=803453125 trip=0 sol=0  12h40m05s elapsed, ETA 4d01h22m
m=703,002,395,897,102,337 (11.53%)  847.3 Gm/s  surv=804509006 trip=0 sol=0  12h41m05s elapsed, ETA 4d01h21m
m=703,053,265,489,756,161 (11.54%)  847.3 Gm/s  surv=805568215 trip=0 sol=0  12h42m05s elapsed, ETA 4d01h20m
m=703,104,122,197,508,097 (11.56%)  847.3 Gm/s  surv=806626035 trip=0 sol=0  12h43m05s elapsed, ETA 4d01h19m
m=703,154,953,135,456,257 (11.57%)  847.3 Gm/s  surv=807681869 trip=0 sol=0  12h44m05s elapsed, ETA 4d01h18m
m=703,205,796,958,306,305 (11.59%)  847.3 Gm/s  surv=808738888 trip=0 sol=0  12h45m05s elapsed, ETA 4d01h17m
m=703,256,640,781,156,353 (11.60%)  847.3 Gm/s  surv=809796682 trip=0 sol=0  12h46m05s elapsed, ETA 4d01h16m
m=703,307,484,604,006,401 (11.62%)  847.3 Gm/s  surv=810855047 trip=0 sol=0  12h47m05s elapsed, ETA 4d01h15m
m=703,358,328,426,856,449 (11.63%)  847.3 Gm/s  surv=811911367 trip=0 sol=0  12h48m05s elapsed, ETA 4d01h14m
m=703,409,185,134,608,385 (11.65%)  847.3 Gm/s  surv=812968978 trip=0 sol=0  12h49m05s elapsed, ETA 4d01h13m
m=703,460,054,727,262,209 (11.66%)  847.3 Gm/s  surv=814025409 trip=0 sol=0  12h50m05s elapsed, ETA 4d01h12m
m=703,510,898,550,112,257 (11.68%)  847.3 Gm/s  surv=815084100 trip=0 sol=0  12h51m05s elapsed, ETA 4d01h11m
m=703,561,768,142,766,081 (11.69%)  847.3 Gm/s  surv=816143032 trip=0 sol=0  12h52m06s elapsed, ETA 4d01h10m
m=703,612,637,735,419,905 (11.71%)  847.3 Gm/s  surv=817201438 trip=0 sol=0  12h53m06s elapsed, ETA 4d01h09m
m=703,663,533,097,877,505 (11.72%)  847.3 Gm/s  surv=818260860 trip=0 sol=0  12h54m06s elapsed, ETA 4d01h08m
m=703,714,402,690,531,329 (11.74%)  847.3 Gm/s  surv=819319049 trip=0 sol=0  12h55m06s elapsed, ETA 4d01h07m
m=703,765,259,398,283,265 (11.75%)  847.3 Gm/s  surv=820376736 trip=0 sol=0  12h56m06s elapsed, ETA 4d01h06m
m=703,816,103,221,133,313 (11.77%)  847.3 Gm/s  surv=821433516 trip=0 sol=0  12h57m06s elapsed, ETA 4d01h05m
m=703,866,612,036,534,273 (11.78%)  847.3 Gm/s  surv=822482824 trip=0 sol=0  12h58m06s elapsed, ETA 4d01h05m
m=703,917,481,629,188,097 (11.80%)  847.3 Gm/s  surv=823539136 trip=0 sol=0  12h59m06s elapsed, ETA 4d01h04m
m=703,968,338,336,940,033 (11.81%)  847.3 Gm/s  surv=824594951 trip=0 sol=0  13h00m06s elapsed, ETA 4d01h02m
m=704,019,182,159,790,081 (11.83%)  847.3 Gm/s  surv=825652163 trip=0 sol=0  13h01m06s elapsed, ETA 4d01h01m
m=704,070,064,637,345,793 (11.84%)  847.3 Gm/s  surv=826710579 trip=0 sol=0  13h02m06s elapsed, ETA 4d01h00m
m=704,120,921,345,097,729 (11.86%)  847.3 Gm/s  surv=827766578 trip=0 sol=0  13h03m06s elapsed, ETA 4d00h59m
m=704,171,790,937,751,553 (11.87%)  847.3 Gm/s  surv=828824052 trip=0 sol=0  13h04m06s elapsed, ETA 4d00h58m
m=704,222,634,760,601,601 (11.89%)  847.3 Gm/s  surv=829879878 trip=0 sol=0  13h05m06s elapsed, ETA 4d00h57m
m=704,273,478,583,451,649 (11.91%)  847.3 Gm/s  surv=830936780 trip=0 sol=0  13h06m06s elapsed, ETA 4d00h56m
m=704,324,361,061,007,361 (11.92%)  847.3 Gm/s  surv=831995331 trip=0 sol=0  13h07m06s elapsed, ETA 4d00h55m
m=704,375,217,768,759,297 (11.94%)  847.3 Gm/s  surv=833053839 trip=0 sol=0  13h08m06s elapsed, ETA 4d00h54m
m=704,426,100,246,315,009 (11.95%)  847.3 Gm/s  surv=834112023 trip=0 sol=0  13h09m06s elapsed, ETA 4d00h53m
m=704,476,956,954,066,945 (11.97%)  847.3 Gm/s  surv=835171184 trip=0 sol=0  13h10m06s elapsed, ETA 4d00h52m
m=704,527,813,661,818,881 (11.98%)  847.3 Gm/s  surv=836229363 trip=0 sol=0  13h11m06s elapsed, ETA 4d00h51m
m=704,578,683,254,472,705 (12.00%)  847.3 Gm/s  surv=837288217 trip=0 sol=0  13h12m06s elapsed, ETA 4d00h50m
m=704,629,539,962,224,641 (12.01%)  847.3 Gm/s  surv=838345506 trip=0 sol=0  13h13m06s elapsed, ETA 4d00h49m
m=704,680,396,669,976,577 (12.03%)  847.3 Gm/s  surv=839404820 trip=0 sol=0  13h14m06s elapsed, ETA 4d00h48m
m=704,731,240,492,826,625 (12.04%)  847.3 Gm/s  surv=840462572 trip=0 sol=0  13h15m06s elapsed, ETA 4d00h47m
m=704,782,122,970,382,337 (12.06%)  847.3 Gm/s  surv=841519079 trip=0 sol=0  13h16m06s elapsed, ETA 4d00h46m
m=704,832,992,563,036,161 (12.07%)  847.3 Gm/s  surv=842577940 trip=0 sol=0  13h17m06s elapsed, ETA 4d00h45m
m=704,883,849,270,788,097 (12.09%)  847.3 Gm/s  surv=843635930 trip=0 sol=0  13h18m06s elapsed, ETA 4d00h44m
m=704,934,731,748,343,809 (12.10%)  847.3 Gm/s  surv=844694882 trip=0 sol=0  13h19m06s elapsed, ETA 4d00h43m
m=704,985,575,571,193,857 (12.12%)  847.3 Gm/s  surv=845752981 trip=0 sol=0  13h20m06s elapsed, ETA 4d00h42m
m=705,036,445,163,847,681 (12.13%)  847.3 Gm/s  surv=846812003 trip=0 sol=0  13h21m06s elapsed, ETA 4d00h41m
m=705,087,314,756,501,505 (12.15%)  847.3 Gm/s  surv=847868910 trip=0 sol=0  13h22m06s elapsed, ETA 4d00h40m
m=705,138,171,464,253,441 (12.16%)  847.3 Gm/s  surv=848927176 trip=0 sol=0  13h23m06s elapsed, ETA 4d00h39m
m=705,189,066,826,711,041 (12.18%)  847.3 Gm/s  surv=849986111 trip=0 sol=0  13h24m06s elapsed, ETA 4d00h38m
m=705,239,949,304,266,753 (12.19%)  847.3 Gm/s  surv=851043701 trip=0 sol=0  13h25m06s elapsed, ETA 4d00h37m
m=705,290,780,242,214,913 (12.21%)  847.3 Gm/s  surv=852099818 trip=0 sol=0  13h26m06s elapsed, ETA 4d00h36m
m=705,341,649,834,868,737 (12.22%)  847.3 Gm/s  surv=853158200 trip=0 sol=0  13h27m06s elapsed, ETA 4d00h35m
m=705,392,519,427,522,561 (12.24%)  847.3 Gm/s  surv=854215703 trip=0 sol=0  13h28m06s elapsed, ETA 4d00h34m
m=705,443,389,020,176,385 (12.25%)  847.3 Gm/s  surv=855273684 trip=0 sol=0  13h29m06s elapsed, ETA 4d00h33m
m=705,494,271,497,732,097 (12.27%)  847.3 Gm/s  surv=856332081 trip=0 sol=0  13h30m06s elapsed, ETA 4d00h32m
m=705,545,141,090,385,921 (12.28%)  847.3 Gm/s  surv=857389788 trip=0 sol=0  13h31m06s elapsed, ETA 4d00h31m
m=705,595,984,913,235,969 (12.30%)  847.3 Gm/s  surv=858448381 trip=0 sol=0  13h32m06s elapsed, ETA 4d00h30m
m=705,646,828,736,086,017 (12.31%)  847.3 Gm/s  surv=859507141 trip=0 sol=0  13h33m06s elapsed, ETA 4d00h29m
m=705,697,698,328,739,841 (12.33%)  847.3 Gm/s  surv=860565151 trip=0 sol=0  13h34m06s elapsed, ETA 4d00h28m
m=705,748,555,036,491,777 (12.34%)  847.3 Gm/s  surv=861622799 trip=0 sol=0  13h35m06s elapsed, ETA 4d00h27m
m=705,799,463,283,851,265 (12.36%)  847.3 Gm/s  surv=862681475 trip=0 sol=0  13h36m06s elapsed, ETA 4d00h26m
m=705,850,332,876,505,089 (12.37%)  847.3 Gm/s  surv=863741343 trip=0 sol=0  13h37m06s elapsed, ETA 4d00h25m
m=705,901,189,584,257,025 (12.39%)  847.3 Gm/s  surv=864799744 trip=0 sol=0  13h38m06s elapsed, ETA 4d00h24m
m=705,952,020,522,205,185 (12.41%)  847.3 Gm/s  surv=865857173 trip=0 sol=0  13h39m06s elapsed, ETA 4d00h23m
m=706,002,851,460,153,345 (12.42%)  847.3 Gm/s  surv=866915131 trip=0 sol=0  13h40m06s elapsed, ETA 4d00h22m
m=706,053,721,052,807,169 (12.44%)  847.3 Gm/s  surv=867971805 trip=0 sol=0  13h41m06s elapsed, ETA 4d00h21m
m=706,104,603,530,362,881 (12.45%)  847.3 Gm/s  surv=869031371 trip=0 sol=0  13h42m06s elapsed, ETA 4d00h20m
m=706,155,460,238,114,817 (12.47%)  847.3 Gm/s  surv=870088946 trip=0 sol=0  13h43m06s elapsed, ETA 4d00h19m
m=706,206,329,830,768,641 (12.48%)  847.3 Gm/s  surv=871147035 trip=0 sol=0  13h44m06s elapsed, ETA 4d00h18m
m=706,257,186,538,520,577 (12.50%)  847.3 Gm/s  surv=872206249 trip=0 sol=0  13h45m06s elapsed, ETA 4d00h17m
m=706,308,043,246,272,513 (12.51%)  847.3 Gm/s  surv=873263809 trip=0 sol=0  13h46m06s elapsed, ETA 4d00h16m
m=706,358,938,608,730,113 (12.53%)  847.3 Gm/s  surv=874323310 trip=0 sol=0  13h47m06s elapsed, ETA 4d00h15m
m=706,409,795,316,482,049 (12.54%)  847.3 Gm/s  surv=875380704 trip=0 sol=0  13h48m06s elapsed, ETA 4d00h14m
m=706,460,677,794,037,761 (12.56%)  847.3 Gm/s  surv=876439064 trip=0 sol=0  13h49m06s elapsed, ETA 4d00h13m
m=706,511,534,501,789,697 (12.57%)  847.3 Gm/s  surv=877496285 trip=0 sol=0  13h50m06s elapsed, ETA 4d00h12m
m=706,562,404,094,443,521 (12.59%)  847.3 Gm/s  surv=878554178 trip=0 sol=0  13h51m06s elapsed, ETA 4d00h11m
m=706,613,260,802,195,457 (12.60%)  847.3 Gm/s  surv=879611171 trip=0 sol=0  13h52m06s elapsed, ETA 4d00h10m
m=706,664,104,625,045,505 (12.62%)  847.3 Gm/s  surv=880667398 trip=0 sol=0  13h53m06s elapsed, ETA 4d00h09m
m=706,714,974,217,699,329 (12.63%)  847.3 Gm/s  surv=881725392 trip=0 sol=0  13h54m06s elapsed, ETA 4d00h08m
m=706,765,830,925,451,265 (12.65%)  847.3 Gm/s  surv=882782840 trip=0 sol=0  13h55m06s elapsed, ETA 4d00h07m
m=706,816,739,172,810,753 (12.66%)  847.3 Gm/s  surv=883842896 trip=0 sol=0  13h56m06s elapsed, ETA 4d00h06m
m=706,867,621,650,366,465 (12.68%)  847.3 Gm/s  surv=884899440 trip=0 sol=0  13h57m06s elapsed, ETA 4d00h05m
m=706,918,117,580,865,537 (12.69%)  847.3 Gm/s  surv=885948752 trip=0 sol=0  13h58m06s elapsed, ETA 4d00h04m
m=706,968,948,518,813,697 (12.71%)  847.3 Gm/s  surv=887005616 trip=0 sol=0  13h59m06s elapsed, ETA 4d00h03m
m=707,019,805,226,565,633 (12.72%)  847.3 Gm/s  surv=888063003 trip=0 sol=0  14h00m06s elapsed, ETA 4d00h02m
m=707,070,661,934,317,569 (12.74%)  847.3 Gm/s  surv=889120707 trip=0 sol=0  14h01m06s elapsed, ETA 4d00h01m
m=707,121,544,411,873,281 (12.75%)  847.3 Gm/s  surv=890180014 trip=0 sol=0  14h02m06s elapsed, ETA 4d00h00m
m=707,172,414,004,527,105 (12.77%)  847.3 Gm/s  surv=891237094 trip=0 sol=0  14h03m06s elapsed, ETA 3d23h59m
m=707,223,283,597,180,929 (12.78%)  847.3 Gm/s  surv=892294779 trip=0 sol=0  14h04m06s elapsed, ETA 3d23h58m
m=707,274,127,420,030,977 (12.80%)  847.3 Gm/s  surv=893349879 trip=0 sol=0  14h05m06s elapsed, ETA 3d23h57m
m=707,324,984,127,782,913 (12.81%)  847.3 Gm/s  surv=894406096 trip=0 sol=0  14h06m06s elapsed, ETA 3d23h56m
m=707,375,789,295,927,297 (12.83%)  847.3 Gm/s  surv=895460737 trip=0 sol=0  14h07m06s elapsed, ETA 3d23h55m
m=707,426,555,809,366,017 (12.84%)  847.3 Gm/s  surv=896517459 trip=0 sol=0  14h08m06s elapsed, ETA 3d23h54m
m=707,477,373,862,412,289 (12.86%)  847.3 Gm/s  surv=897573692 trip=0 sol=0  14h09m06s elapsed, ETA 3d23h53m
m=707,528,140,375,851,009 (12.87%)  847.3 Gm/s  surv=898631173 trip=0 sol=0  14h10m06s elapsed, ETA 3d23h52m
m=707,578,816,694,976,513 (12.89%)  847.3 Gm/s  surv=899685128 trip=0 sol=0  14h11m06s elapsed, ETA 3d23h51m
m=707,629,493,014,102,017 (12.90%)  847.3 Gm/s  surv=900738757 trip=0 sol=0  14h12m06s elapsed, ETA 3d23h50m
m=707,680,117,793,619,969 (12.92%)  847.3 Gm/s  surv=901792652 trip=0 sol=0  14h13m06s elapsed, ETA 3d23h49m
m=707,730,781,227,843,585 (12.93%)  847.3 Gm/s  surv=902844876 trip=0 sol=0  14h14m06s elapsed, ETA 3d23h49m
m=707,781,470,431,870,977 (12.95%)  847.3 Gm/s  surv=903898743 trip=0 sol=0  14h15m06s elapsed, ETA 3d23h48m
m=707,832,108,096,290,817 (12.97%)  847.3 Gm/s  surv=904950437 trip=0 sol=0  14h16m06s elapsed, ETA 3d23h47m
m=707,882,771,530,514,433 (12.98%)  847.3 Gm/s  surv=906003951 trip=0 sol=0  14h17m06s elapsed, ETA 3d23h46m
m=707,933,331,885,522,945 (13.00%)  847.3 Gm/s  surv=907056037 trip=0 sol=0  14h18m06s elapsed, ETA 3d23h45m
m=707,983,918,010,335,233 (13.01%)  847.3 Gm/s  surv=908105953 trip=0 sol=0  14h19m06s elapsed, ETA 3d23h44m
m=708,034,594,329,460,737 (13.03%)  847.3 Gm/s  surv=909158846 trip=0 sol=0  14h20m06s elapsed, ETA 3d23h43m
m=708,085,476,807,016,449 (13.04%)  847.3 Gm/s  surv=910216178 trip=0 sol=0  14h21m06s elapsed, ETA 3d23h42m
m=708,136,359,284,572,161 (13.06%)  847.3 Gm/s  surv=911275554 trip=0 sol=0  14h22m06s elapsed, ETA 3d23h41m
m=708,187,228,877,225,985 (13.07%)  847.3 Gm/s  surv=912334584 trip=0 sol=0  14h23m06s elapsed, ETA 3d23h40m
m=708,238,124,239,683,585 (13.09%)  847.3 Gm/s  surv=913393644 trip=0 sol=0  14h24m06s elapsed, ETA 3d23h39m
m=708,289,006,717,239,297 (13.10%)  847.3 Gm/s  surv=914452635 trip=0 sol=0  14h25m06s elapsed, ETA 3d23h38m
m=708,339,889,194,795,009 (13.12%)  847.3 Gm/s  surv=915510036 trip=0 sol=0  14h26m06s elapsed, ETA 3d23h37m
m=708,390,758,787,448,833 (13.13%)  847.3 Gm/s  surv=916568399 trip=0 sol=0  14h27m06s elapsed, ETA 3d23h36m
m=708,441,615,495,200,769 (13.15%)  847.3 Gm/s  surv=917625862 trip=0 sol=0  14h28m06s elapsed, ETA 3d23h35m
m=708,492,472,202,952,705 (13.16%)  847.3 Gm/s  surv=918685235 trip=0 sol=0  14h29m06s elapsed, ETA 3d23h34m
m=708,543,341,795,606,529 (13.18%)  847.3 Gm/s  surv=919742646 trip=0 sol=0  14h30m06s elapsed, ETA 3d23h33m
m=708,594,211,388,260,353 (13.19%)  847.3 Gm/s  surv=920801341 trip=0 sol=0  14h31m06s elapsed, ETA 3d23h32m
m=708,645,055,211,110,401 (13.21%)  847.3 Gm/s  surv=921859546 trip=0 sol=0  14h32m06s elapsed, ETA 3d23h31m
m=708,695,924,803,764,225 (13.22%)  847.3 Gm/s  surv=922917925 trip=0 sol=0  14h33m06s elapsed, ETA 3d23h30m
m=708,746,807,281,319,937 (13.24%)  847.3 Gm/s  surv=923976937 trip=0 sol=0  14h34m06s elapsed, ETA 3d23h29m
m=708,797,676,873,973,761 (13.25%)  847.3 Gm/s  surv=925033963 trip=0 sol=0  14h35m06s elapsed, ETA 3d23h28m
m=708,848,546,466,627,585 (13.27%)  847.3 Gm/s  surv=926092870 trip=0 sol=0  14h36m06s elapsed, ETA 3d23h27m
m=708,899,390,289,477,633 (13.28%)  847.3 Gm/s  surv=927150940 trip=0 sol=0  14h37m06s elapsed, ETA 3d23h26m
m=708,950,272,767,033,345 (13.30%)  847.3 Gm/s  surv=928208675 trip=0 sol=0  14h38m06s elapsed, ETA 3d23h25m
m=709,001,155,244,589,057 (13.31%)  847.3 Gm/s  surv=929266306 trip=0 sol=0  14h39m06s elapsed, ETA 3d23h24m
m=709,052,037,722,144,769 (13.33%)  847.3 Gm/s  surv=930324489 trip=0 sol=0  14h40m06s elapsed, ETA 3d23h23m
m=709,102,894,429,896,705 (13.34%)  847.3 Gm/s  surv=931382111 trip=0 sol=0  14h41m06s elapsed, ETA 3d23h22m
m=709,153,764,022,550,529 (13.36%)  847.3 Gm/s  surv=932439944 trip=0 sol=0  14h42m06s elapsed, ETA 3d23h21m
m=709,204,646,500,106,241 (13.37%)  847.3 Gm/s  surv=933499105 trip=0 sol=0  14h43m06s elapsed, ETA 3d23h20m
m=709,255,541,862,563,841 (13.39%)  847.3 Gm/s  surv=934558171 trip=0 sol=0  14h44m06s elapsed, ETA 3d23h19m
m=709,306,385,685,413,889 (13.40%)  847.3 Gm/s  surv=935616090 trip=0 sol=0  14h45m06s elapsed, ETA 3d23h18m
m=709,357,255,278,067,713 (13.42%)  847.3 Gm/s  surv=936671304 trip=0 sol=0  14h46m06s elapsed, ETA 3d23h17m
m=709,408,111,985,819,649 (13.43%)  847.3 Gm/s  surv=937728199 trip=0 sol=0  14h47m06s elapsed, ETA 3d23h16m
m=709,458,981,578,473,473 (13.45%)  847.3 Gm/s  surv=938786333 trip=0 sol=0  14h48m06s elapsed, ETA 3d23h15m
m=709,509,851,171,127,297 (13.46%)  847.3 Gm/s  surv=939842600 trip=0 sol=0  14h49m06s elapsed, ETA 3d23h14m
m=709,560,720,763,781,121 (13.48%)  847.3 Gm/s  surv=940899962 trip=0 sol=0  14h50m06s elapsed, ETA 3d23h13m
m=709,611,577,471,533,057 (13.50%)  847.3 Gm/s  surv=941958150 trip=0 sol=0  14h51m06s elapsed, ETA 3d23h12m
m=709,662,447,064,186,881 (13.51%)  847.3 Gm/s  surv=943016331 trip=0 sol=0  14h52m06s elapsed, ETA 3d23h11m
m=709,713,303,771,938,817 (13.53%)  847.3 Gm/s  surv=944073926 trip=0 sol=0  14h53m06s elapsed, ETA 3d23h10m
m=709,764,134,709,886,977 (13.54%)  847.3 Gm/s  surv=945130860 trip=0 sol=0  14h54m06s elapsed, ETA 3d23h09m
m=709,815,017,187,442,689 (13.56%)  847.3 Gm/s  surv=946190655 trip=0 sol=0  14h55m06s elapsed, ETA 3d23h08m
m=709,865,886,780,096,513 (13.57%)  847.3 Gm/s  surv=947247549 trip=0 sol=0  14h56m06s elapsed, ETA 3d23h07m
m=709,916,769,257,652,225 (13.59%)  847.3 Gm/s  surv=948305192 trip=0 sol=0  14h57m07s elapsed, ETA 3d23h06m
m=709,967,252,303,249,409 (13.60%)  847.3 Gm/s  surv=949353695 trip=0 sol=0  14h58m07s elapsed, ETA 3d23h05m
m=710,018,057,471,393,793 (13.62%)  847.3 Gm/s  surv=950409311 trip=0 sol=0  14h59m07s elapsed, ETA 3d23h04m
m=710,068,927,064,047,617 (13.63%)  847.3 Gm/s  surv=951467982 trip=0 sol=0  15h00m07s elapsed, ETA 3d23h03m
m=710,119,783,771,799,553 (13.65%)  847.3 Gm/s  surv=952525687 trip=0 sol=0  15h01m07s elapsed, ETA 3d23h02m
m=710,170,640,479,551,489 (13.66%)  847.3 Gm/s  surv=953582621 trip=0 sol=0  15h02m07s elapsed, ETA 3d23h01m
m=710,221,497,187,303,425 (13.68%)  847.3 Gm/s  surv=954639629 trip=0 sol=0  15h03m07s elapsed, ETA 3d23h00m
m=710,272,341,010,153,473 (13.69%)  847.3 Gm/s  surv=955695773 trip=0 sol=0  15h04m07s elapsed, ETA 3d22h59m
m=710,323,249,257,512,961 (13.71%)  847.3 Gm/s  surv=956755254 trip=0 sol=0  15h05m07s elapsed, ETA 3d22h58m
m=710,374,105,965,264,897 (13.72%)  847.3 Gm/s  surv=957811839 trip=0 sol=0  15h06m07s elapsed, ETA 3d22h57m
m=710,424,949,788,114,945 (13.74%)  847.3 Gm/s  surv=958869663 trip=0 sol=0  15h07m07s elapsed, ETA 3d22h56m
m=710,475,819,380,768,769 (13.75%)  847.3 Gm/s  surv=959926734 trip=0 sol=0  15h08m07s elapsed, ETA 3d22h55m
m=710,526,688,973,422,593 (13.77%)  847.3 Gm/s  surv=960984624 trip=0 sol=0  15h09m07s elapsed, ETA 3d22h54m
m=710,577,545,681,174,529 (13.78%)  847.3 Gm/s  surv=962041182 trip=0 sol=0  15h10m07s elapsed, ETA 3d22h53m
m=710,628,402,388,926,465 (13.80%)  847.3 Gm/s  surv=963097805 trip=0 sol=0  15h11m07s elapsed, ETA 3d22h52m
m=710,679,259,096,678,401 (13.81%)  847.3 Gm/s  surv=964156293 trip=0 sol=0  15h12m07s elapsed, ETA 3d22h51m
m=710,730,128,689,332,225 (13.83%)  847.3 Gm/s  surv=965215416 trip=0 sol=0  15h13m07s elapsed, ETA 3d22h50m
m=710,780,972,512,182,273 (13.84%)  847.3 Gm/s  surv=966271547 trip=0 sol=0  15h14m07s elapsed, ETA 3d22h49m
m=710,831,854,989,737,985 (13.86%)  847.3 Gm/s  surv=967331305 trip=0 sol=0  15h15m07s elapsed, ETA 3d22h48m
m=710,882,737,467,293,697 (13.87%)  847.3 Gm/s  surv=968389814 trip=0 sol=0  15h16m07s elapsed, ETA 3d22h47m
m=710,933,619,944,849,409 (13.89%)  847.3 Gm/s  surv=969447753 trip=0 sol=0  15h17m07s elapsed, ETA 3d22h46m
m=710,984,502,422,405,121 (13.90%)  847.3 Gm/s  surv=970505640 trip=0 sol=0  15h18m07s elapsed, ETA 3d22h45m
m=711,035,359,130,157,057 (13.92%)  847.3 Gm/s  surv=971562759 trip=0 sol=0  15h19m07s elapsed, ETA 3d22h44m
m=711,086,215,837,908,993 (13.93%)  847.3 Gm/s  surv=972620407 trip=0 sol=0  15h20m07s elapsed, ETA 3d22h43m
m=711,137,098,315,464,705 (13.95%)  847.3 Gm/s  surv=973678271 trip=0 sol=0  15h21m07s elapsed, ETA 3d22h42m
m=711,187,980,793,020,417 (13.96%)  847.3 Gm/s  surv=974736377 trip=0 sol=0  15h22m07s elapsed, ETA 3d22h41m
m=711,238,863,270,576,129 (13.98%)  847.3 Gm/s  surv=975794452 trip=0 sol=0  15h23m07s elapsed, ETA 3d22h40m
m=711,289,719,978,328,065 (14.00%)  847.3 Gm/s  surv=976851998 trip=0 sol=0  15h24m07s elapsed, ETA 3d22h39m
m=711,340,563,801,178,113 (14.01%)  847.3 Gm/s  surv=977908774 trip=0 sol=0  15h25m07s elapsed, ETA 3d22h38m
m=711,391,433,393,831,937 (14.03%)  847.3 Gm/s  surv=978966802 trip=0 sol=0  15h26m07s elapsed, ETA 3d22h37m
m=711,442,380,295,897,089 (14.04%)  847.3 Gm/s  surv=980025918 trip=0 sol=0  15h27m07s elapsed, ETA 3d22h36m
m=711,493,262,773,452,801 (14.06%)  847.3 Gm/s  surv=981083446 trip=0 sol=0  15h28m07s elapsed, ETA 3d22h35m
m=711,544,145,251,008,513 (14.07%)  847.3 Gm/s  surv=982141147 trip=0 sol=0  15h29m07s elapsed, ETA 3d22h33m
m=711,595,027,728,564,225 (14.09%)  847.3 Gm/s  surv=983199379 trip=0 sol=0  15h30m07s elapsed, ETA 3d22h32m
m=711,645,807,126,904,833 (14.10%)  847.3 Gm/s  surv=984254953 trip=0 sol=0  15h31m07s elapsed, ETA 3d22h32m
m=711,696,650,949,754,881 (14.12%)  847.3 Gm/s  surv=985310858 trip=0 sol=0  15h32m07s elapsed, ETA 3d22h31m
m=711,747,520,542,408,705 (14.13%)  847.3 Gm/s  surv=986369327 trip=0 sol=0  15h33m07s elapsed, ETA 3d22h29m
m=711,798,390,135,062,529 (14.15%)  847.3 Gm/s  surv=987428167 trip=0 sol=0  15h34m07s elapsed, ETA 3d22h28m
m=711,849,272,612,618,241 (14.16%)  847.3 Gm/s  surv=988486659 trip=0 sol=0  15h35m07s elapsed, ETA 3d22h27m
m=711,900,142,205,272,065 (14.18%)  847.3 Gm/s  surv=989544923 trip=0 sol=0  15h36m07s elapsed, ETA 3d22h26m
m=711,951,011,797,925,889 (14.19%)  847.3 Gm/s  surv=990601633 trip=0 sol=0  15h37m07s elapsed, ETA 3d22h25m
m=712,001,868,505,677,825 (14.21%)  847.3 Gm/s  surv=991659691 trip=0 sol=0  15h38m07s elapsed, ETA 3d22h24m
m=712,052,750,983,233,537 (14.22%)  847.3 Gm/s  surv=992717523 trip=0 sol=0  15h39m07s elapsed, ETA 3d22h23m
m=712,103,607,690,985,473 (14.24%)  847.3 Gm/s  surv=993775366 trip=0 sol=0  15h40m07s elapsed, ETA 3d22h22m
m=712,154,515,938,344,961 (14.25%)  847.3 Gm/s  surv=994833119 trip=0 sol=0  15h41m07s elapsed, ETA 3d22h21m
m=712,205,385,530,998,785 (14.27%)  847.3 Gm/s  surv=995890474 trip=0 sol=0  15h42m07s elapsed, ETA 3d22h20m
m=712,256,216,468,946,945 (14.28%)  847.3 Gm/s  surv=996948489 trip=0 sol=0  15h43m07s elapsed, ETA 3d22h19m
m=712,307,073,176,698,881 (14.30%)  847.3 Gm/s  surv=998005331 trip=0 sol=0  15h44m07s elapsed, ETA 3d22h18m
m=712,357,942,769,352,705 (14.31%)  847.3 Gm/s  surv=999063745 trip=0 sol=0  15h45m07s elapsed, ETA 3d22h17m
m=712,408,812,362,006,529 (14.33%)  847.3 Gm/s  surv=1000121052 trip=0 sol=0  15h46m07s elapsed, ETA 3d22h16m
m=712,459,694,839,562,241 (14.34%)  847.3 Gm/s  surv=1001177988 trip=0 sol=0  15h47m07s elapsed, ETA 3d22h15m
m=712,510,590,202,019,841 (14.36%)  847.3 Gm/s  surv=1002236982 trip=0 sol=0  15h48m07s elapsed, ETA 3d22h14m
m=712,561,446,909,771,777 (14.37%)  847.3 Gm/s  surv=1003294729 trip=0 sol=0  15h49m07s elapsed, ETA 3d22h13m
m=712,612,303,617,523,713 (14.39%)  847.3 Gm/s  surv=1004353451 trip=0 sol=0  15h50m07s elapsed, ETA 3d22h12m
m=712,663,186,095,079,425 (14.40%)  847.3 Gm/s  surv=1005412341 trip=0 sol=0  15h51m07s elapsed, ETA 3d22h11m
m=712,714,042,802,831,361 (14.42%)  847.3 Gm/s  surv=1006469024 trip=0 sol=0  15h52m07s elapsed, ETA 3d22h10m
m=712,764,899,510,583,297 (14.43%)  847.3 Gm/s  surv=1007526312 trip=0 sol=0  15h53m07s elapsed, ETA 3d22h09m
m=712,815,794,873,040,897 (14.45%)  847.3 Gm/s  surv=1008584701 trip=0 sol=0  15h54m07s elapsed, ETA 3d22h08m
m=712,866,625,810,989,057 (14.46%)  847.3 Gm/s  surv=1009640141 trip=0 sol=0  15h55m07s elapsed, ETA 3d22h07m
m=712,917,508,288,544,769 (14.48%)  847.3 Gm/s  surv=1010697659 trip=0 sol=0  15h56m07s elapsed, ETA 3d22h06m
m=712,968,364,996,296,705 (14.50%)  847.3 Gm/s  surv=1011754141 trip=0 sol=0  15h57m07s elapsed, ETA 3d22h05m
m=713,018,848,041,893,889 (14.51%)  847.3 Gm/s  surv=1012804514 trip=0 sol=0  15h58m07s elapsed, ETA 3d22h04m
m=713,069,678,979,842,049 (14.53%)  847.3 Gm/s  surv=1013861262 trip=0 sol=0  15h59m07s elapsed, ETA 3d22h03m
m=713,120,535,687,593,985 (14.54%)  847.3 Gm/s  surv=1014919170 trip=0 sol=0  16h00m07s elapsed, ETA 3d22h02m
m=713,171,379,510,444,033 (14.56%)  847.3 Gm/s  surv=1015975544 trip=0 sol=0  16h01m07s elapsed, ETA 3d22h01m
m=713,222,300,642,705,409 (14.57%)  847.3 Gm/s  surv=1017035197 trip=0 sol=0  16h02m07s elapsed, ETA 3d22h00m
m=713,273,183,120,261,121 (14.59%)  847.3 Gm/s  surv=1018094163 trip=0 sol=0  16h03m07s elapsed, ETA 3d21h59m
m=713,324,039,828,013,057 (14.60%)  847.3 Gm/s  surv=1019150955 trip=0 sol=0  16h04m07s elapsed, ETA 3d21h58m
m=713,374,909,420,666,881 (14.62%)  847.3 Gm/s  surv=1020208788 trip=0 sol=0  16h05m07s elapsed, ETA 3d21h57m
m=713,425,779,013,320,705 (14.63%)  847.3 Gm/s  surv=1021265136 trip=0 sol=0  16h06m07s elapsed, ETA 3d21h56m
m=713,476,648,605,974,529 (14.65%)  847.3 Gm/s  surv=1022323348 trip=0 sol=0  16h07m07s elapsed, ETA 3d21h55m
m=713,527,479,543,922,689 (14.66%)  847.3 Gm/s  surv=1023380730 trip=0 sol=0  16h08m07s elapsed, ETA 3d21h54m
m=713,578,349,136,576,513 (14.68%)  847.3 Gm/s  surv=1024437595 trip=0 sol=0  16h09m07s elapsed, ETA 3d21h53m
m=713,629,218,729,230,337 (14.69%)  847.3 Gm/s  surv=1025494364 trip=0 sol=0  16h10m07s elapsed, ETA 3d21h52m
m=713,680,101,206,786,049 (14.71%)  847.3 Gm/s  surv=1026554096 trip=0 sol=0  16h11m07s elapsed, ETA 3d21h51m
m=713,730,970,799,439,873 (14.72%)  847.3 Gm/s  surv=1027612044 trip=0 sol=0  16h12m07s elapsed, ETA 3d21h50m
m=713,781,827,507,191,809 (14.74%)  847.3 Gm/s  surv=1028668669 trip=0 sol=0  16h13m07s elapsed, ETA 3d21h49m
m=713,832,709,984,747,521 (14.75%)  847.3 Gm/s  surv=1029724861 trip=0 sol=0  16h14m07s elapsed, ETA 3d21h48m
m=713,883,566,692,499,457 (14.77%)  847.3 Gm/s  surv=1030782653 trip=0 sol=0  16h15m07s elapsed, ETA 3d21h47m
m=713,934,423,400,251,393 (14.78%)  847.3 Gm/s  surv=1031840975 trip=0 sol=0  16h16m07s elapsed, ETA 3d21h46m
m=713,985,292,992,905,217 (14.80%)  847.3 Gm/s  surv=1032897535 trip=0 sol=0  16h17m07s elapsed, ETA 3d21h45m
m=714,036,149,700,657,153 (14.81%)  847.3 Gm/s  surv=1033955152 trip=0 sol=0  16h18m07s elapsed, ETA 3d21h44m
m=714,087,006,408,409,089 (14.83%)  847.3 Gm/s  surv=1035013358 trip=0 sol=0  16h19m07s elapsed, ETA 3d21h43m
m=714,137,863,116,161,025 (14.84%)  847.3 Gm/s  surv=1036070209 trip=0 sol=0  16h20m07s elapsed, ETA 3d21h42m
m=714,188,694,054,109,185 (14.86%)  847.3 Gm/s  surv=1037126228 trip=0 sol=0  16h21m07s elapsed, ETA 3d21h41m
m=714,239,550,761,861,121 (14.87%)  847.3 Gm/s  surv=1038184495 trip=0 sol=0  16h22m07s elapsed, ETA 3d21h40m
m=714,290,381,699,809,281 (14.89%)  847.3 Gm/s  surv=1039241360 trip=0 sol=0  16h23m07s elapsed, ETA 3d21h39m
m=714,341,251,292,463,105 (14.90%)  847.3 Gm/s  surv=1040299555 trip=0 sol=0  16h24m07s elapsed, ETA 3d21h38m
m=714,392,069,345,509,377 (14.92%)  847.3 Gm/s  surv=1041355999 trip=0 sol=0  16h25m07s elapsed, ETA 3d21h37m
m=714,442,926,053,261,313 (14.93%)  847.3 Gm/s  surv=1042411669 trip=0 sol=0  16h26m07s elapsed, ETA 3d21h36m
m=714,493,756,991,209,473 (14.95%)  847.3 Gm/s  surv=1043466871 trip=0 sol=0  16h27m07s elapsed, ETA 3d21h35m
m=714,544,613,698,961,409 (14.96%)  847.3 Gm/s  surv=1044523668 trip=0 sol=0  16h28m07s elapsed, ETA 3d21h34m
m=714,595,457,521,811,457 (14.98%)  847.3 Gm/s  surv=1045581654 trip=0 sol=0  16h29m07s elapsed, ETA 3d21h33m
m=714,646,301,344,661,505 (15.00%)  847.3 Gm/s  surv=1046640121 trip=0 sol=0  16h30m07s elapsed, ETA 3d21h32m
m=714,697,196,707,119,105 (15.01%)  847.3 Gm/s  surv=1047697668 trip=0 sol=0  16h31m07s elapsed, ETA 3d21h31m
m=714,748,066,299,772,929 (15.03%)  847.3 Gm/s  surv=1048755593 trip=0 sol=0  16h32m07s elapsed, ETA 3d21h30m
m=714,798,935,892,426,753 (15.04%)  847.3 Gm/s  surv=1049813047 trip=0 sol=0  16h33m07s elapsed, ETA 3d21h29m
m=714,849,805,485,080,577 (15.06%)  847.3 Gm/s  surv=1050870509 trip=0 sol=0  16h34m07s elapsed, ETA 3d21h28m
m=714,900,675,077,734,401 (15.07%)  847.3 Gm/s  surv=1051927469 trip=0 sol=0  16h35m07s elapsed, ETA 3d21h27m
m=714,951,531,785,486,337 (15.09%)  847.3 Gm/s  surv=1052985899 trip=0 sol=0  16h36m07s elapsed, ETA 3d21h26m
m=715,002,375,608,336,385 (15.10%)  847.3 Gm/s  surv=1054043987 trip=0 sol=0  16h37m07s elapsed, ETA 3d21h25m
m=715,053,258,085,892,097 (15.12%)  847.3 Gm/s  surv=1055100412 trip=0 sol=0  16h38m07s elapsed, ETA 3d21h24m
m=715,104,114,793,644,033 (15.13%)  847.3 Gm/s  surv=1056157865 trip=0 sol=0  16h39m07s elapsed, ETA 3d21h23m
m=715,154,971,501,395,969 (15.15%)  847.3 Gm/s  surv=1057216133 trip=0 sol=0  16h40m07s elapsed, ETA 3d21h22m
m=715,205,853,978,951,681 (15.16%)  847.3 Gm/s  surv=1058271870 trip=0 sol=0  16h41m07s elapsed, ETA 3d21h21m
m=715,256,710,686,703,617 (15.18%)  847.3 Gm/s  surv=1059329589 trip=0 sol=0  16h42m07s elapsed, ETA 3d21h20m
m=715,307,567,394,455,553 (15.19%)  847.3 Gm/s  surv=1060385133 trip=0 sol=0  16h43m07s elapsed, ETA 3d21h19m
m=715,358,411,217,305,601 (15.21%)  847.3 Gm/s  surv=1061444309 trip=0 sol=0  16h44m07s elapsed, ETA 3d21h18m
m=715,409,267,925,057,537 (15.22%)  847.3 Gm/s  surv=1062502045 trip=0 sol=0  16h45m07s elapsed, ETA 3d21h17m
m=715,460,137,517,711,361 (15.24%)  847.3 Gm/s  surv=1063559865 trip=0 sol=0  16h46m07s elapsed, ETA 3d21h16m
m=715,511,007,110,365,185 (15.25%)  847.3 Gm/s  surv=1064616515 trip=0 sol=0  16h47m07s elapsed, ETA 3d21h15m
m=715,561,889,587,920,897 (15.27%)  847.3 Gm/s  surv=1065674848 trip=0 sol=0  16h48m07s elapsed, ETA 3d21h14m
m=715,612,746,295,672,833 (15.28%)  847.3 Gm/s  surv=1066732204 trip=0 sol=0  16h49m07s elapsed, ETA 3d21h13m
m=715,663,590,118,522,881 (15.30%)  847.3 Gm/s  surv=1067788730 trip=0 sol=0  16h50m07s elapsed, ETA 3d21h12m
m=715,714,421,056,471,041 (15.31%)  847.3 Gm/s  surv=1068846482 trip=0 sol=0  16h51m07s elapsed, ETA 3d21h11m
m=715,765,277,764,222,977 (15.33%)  847.3 Gm/s  surv=1069904536 trip=0 sol=0  16h52m07s elapsed, ETA 3d21h10m
m=715,816,121,587,073,025 (15.34%)  847.3 Gm/s  surv=1070962449 trip=0 sol=0  16h53m07s elapsed, ETA 3d21h09m
m=715,866,978,294,824,961 (15.36%)  847.3 Gm/s  surv=1072019783 trip=0 sol=0  16h54m07s elapsed, ETA 3d21h08m
m=715,917,822,117,675,009 (15.37%)  847.3 Gm/s  surv=1073075666 trip=0 sol=0  16h55m07s elapsed, ETA 3d21h07m
m=715,968,678,825,426,945 (15.39%)  847.3 Gm/s  surv=1074133550 trip=0 sol=0  16h56m07s elapsed, ETA 3d21h06m
m=716,019,548,418,080,769 (15.40%)  847.3 Gm/s  surv=1075191023 trip=0 sol=0  16h57m07s elapsed, ETA 3d21h05m
m=716,070,031,463,677,953 (15.42%)  847.3 Gm/s  surv=1076241016 trip=0 sol=0  16h58m07s elapsed, ETA 3d21h04m
m=716,120,888,171,429,889 (15.43%)  847.3 Gm/s  surv=1077300317 trip=0 sol=0  16h59m07s elapsed, ETA 3d21h03m
m=716,171,757,764,083,713 (15.45%)  847.3 Gm/s  surv=1078357367 trip=0 sol=0  17h00m07s elapsed, ETA 3d21h02m
m=716,222,627,356,737,537 (15.46%)  847.3 Gm/s  surv=1079414121 trip=0 sol=0  17h01m08s elapsed, ETA 3d21h01m
m=716,273,496,949,391,361 (15.48%)  847.3 Gm/s  surv=1080471355 trip=0 sol=0  17h02m08s elapsed, ETA 3d21h00m
m=716,324,315,002,437,633 (15.49%)  847.3 Gm/s  surv=1081527490 trip=0 sol=0  17h03m08s elapsed, ETA 3d20h59m
m=716,375,158,825,287,681 (15.51%)  847.3 Gm/s  surv=1082584501 trip=0 sol=0  17h04m08s elapsed, ETA 3d20h58m
m=716,426,054,187,745,281 (15.53%)  847.3 Gm/s  surv=1083643844 trip=0 sol=0  17h05m08s elapsed, ETA 3d20h57m
m=716,476,898,010,595,329 (15.54%)  847.3 Gm/s  surv=1084701354 trip=0 sol=0  17h06m08s elapsed, ETA 3d20h56m
m=716,527,728,948,543,489 (15.56%)  847.3 Gm/s  surv=1085757857 trip=0 sol=0  17h07m08s elapsed, ETA 3d20h55m
m=716,578,572,771,393,537 (15.57%)  847.3 Gm/s  surv=1086814299 trip=0 sol=0  17h08m08s elapsed, ETA 3d20h54m
m=716,629,429,479,145,473 (15.59%)  847.3 Gm/s  surv=1087870016 trip=0 sol=0  17h09m08s elapsed, ETA 3d20h53m
m=716,680,247,532,191,745 (15.60%)  847.3 Gm/s  surv=1088927664 trip=0 sol=0  17h10m08s elapsed, ETA 3d20h52m
m=716,731,091,355,041,793 (15.62%)  847.3 Gm/s  surv=1089985450 trip=0 sol=0  17h11m08s elapsed, ETA 3d20h51m
m=716,781,948,062,793,729 (15.63%)  847.3 Gm/s  surv=1091041769 trip=0 sol=0  17h12m08s elapsed, ETA 3d20h50m
m=716,832,804,770,545,665 (15.65%)  847.3 Gm/s  surv=1092099695 trip=0 sol=0  17h13m08s elapsed, ETA 3d20h49m
m=716,883,648,593,395,713 (15.66%)  847.3 Gm/s  surv=1093158271 trip=0 sol=0  17h14m08s elapsed, ETA 3d20h48m
m=716,934,518,186,049,537 (15.68%)  847.3 Gm/s  surv=1094215896 trip=0 sol=0  17h15m08s elapsed, ETA 3d20h47m
m=716,985,374,893,801,473 (15.69%)  847.3 Gm/s  surv=1095273731 trip=0 sol=0  17h16m08s elapsed, ETA 3d20h46m
m=717,036,218,716,651,521 (15.71%)  847.3 Gm/s  surv=1096332043 trip=0 sol=0  17h17m08s elapsed, ETA 3d20h45m
m=717,087,049,654,599,681 (15.72%)  847.3 Gm/s  surv=1097389119 trip=0 sol=0  17h18m08s elapsed, ETA 3d20h44m
m=717,137,893,477,449,729 (15.74%)  847.3 Gm/s  surv=1098445499 trip=0 sol=0  17h19m08s elapsed, ETA 3d20h43m
m=717,188,737,300,299,777 (15.75%)  847.3 Gm/s  surv=1099501702 trip=0 sol=0  17h20m08s elapsed, ETA 3d20h42m
m=717,239,581,123,149,825 (15.77%)  847.3 Gm/s  surv=1100559763 trip=0 sol=0  17h21m08s elapsed, ETA 3d20h41m
m=717,290,437,830,901,761 (15.78%)  847.3 Gm/s  surv=1101618174 trip=0 sol=0  17h22m08s elapsed, ETA 3d20h40m
m=717,341,307,423,555,585 (15.80%)  847.3 Gm/s  surv=1102675085 trip=0 sol=0  17h23m08s elapsed, ETA 3d20h39m
m=717,392,151,246,405,633 (15.81%)  847.3 Gm/s  surv=1103733510 trip=0 sol=0  17h24m08s elapsed, ETA 3d20h38m
m=717,443,007,954,157,569 (15.83%)  847.3 Gm/s  surv=1104790605 trip=0 sol=0  17h25m08s elapsed, ETA 3d20h37m
m=717,493,877,546,811,393 (15.84%)  847.3 Gm/s  surv=1105847592 trip=0 sol=0  17h26m08s elapsed, ETA 3d20h36m
m=717,544,747,139,465,217 (15.86%)  847.3 Gm/s  surv=1106905134 trip=0 sol=0  17h27m08s elapsed, ETA 3d20h35m
m=717,595,603,847,217,153 (15.87%)  847.3 Gm/s  surv=1107963345 trip=0 sol=0  17h28m08s elapsed, ETA 3d20h34m
m=717,646,434,785,165,313 (15.89%)  847.3 Gm/s  surv=1109020848 trip=0 sol=0  17h29m08s elapsed, ETA 3d20h33m
m=717,697,922,853,109,761 (15.90%)  847.3 Gm/s  surv=1110090588 trip=0 sol=0  17h30m08s elapsed, ETA 3d20h32m
m=717,748,753,791,057,921 (15.92%)  847.3 Gm/s  surv=1111147388 trip=0 sol=0  17h31m08s elapsed, ETA 3d20h31m
m=717,799,623,383,711,745 (15.93%)  847.3 Gm/s  surv=1112203685 trip=0 sol=0  17h32m08s elapsed, ETA 3d20h30m
m=717,850,454,321,659,905 (15.95%)  847.3 Gm/s  surv=1113261751 trip=0 sol=0  17h33m08s elapsed, ETA 3d20h29m
m=717,901,272,374,706,177 (15.96%)  847.3 Gm/s  surv=1114320019 trip=0 sol=0  17h34m08s elapsed, ETA 3d20h28m
m=717,952,090,427,752,449 (15.98%)  847.3 Gm/s  surv=1115375623 trip=0 sol=0  17h35m08s elapsed, ETA 3d20h27m
m=718,002,908,480,798,721 (15.99%)  847.3 Gm/s  surv=1116432296 trip=0 sol=0  17h36m08s elapsed, ETA 3d20h26m
m=718,053,739,418,746,881 (16.01%)  847.3 Gm/s  surv=1117488883 trip=0 sol=0  17h37m08s elapsed, ETA 3d20h25m
m=718,104,570,356,695,041 (16.03%)  847.3 Gm/s  surv=1118546489 trip=0 sol=0  17h38m08s elapsed, ETA 3d20h24m
m=718,155,401,294,643,201 (16.04%)  847.3 Gm/s  surv=1119603882 trip=0 sol=0  17h39m08s elapsed, ETA 3d20h23m
m=718,206,245,117,493,249 (16.06%)  847.3 Gm/s  surv=1120662087 trip=0 sol=0  17h40m08s elapsed, ETA 3d20h22m
m=718,257,114,710,147,073 (16.07%)  847.3 Gm/s  surv=1121718407 trip=0 sol=0  17h41m08s elapsed, ETA 3d20h21m
m=718,307,971,417,899,009 (16.09%)  847.3 Gm/s  surv=1122776347 trip=0 sol=0  17h42m08s elapsed, ETA 3d20h20m
m=718,358,802,355,847,169 (16.10%)  847.3 Gm/s  surv=1123832585 trip=0 sol=0  17h43m08s elapsed, ETA 3d20h19m
m=718,409,633,293,795,329 (16.12%)  847.3 Gm/s  surv=1124889935 trip=0 sol=0  17h44m08s elapsed, ETA 3d20h18m
m=718,460,464,231,743,489 (16.13%)  847.3 Gm/s  surv=1125947513 trip=0 sol=0  17h45m08s elapsed, ETA 3d20h17m
m=718,511,320,939,495,425 (16.15%)  847.3 Gm/s  surv=1127004363 trip=0 sol=0  17h46m08s elapsed, ETA 3d20h16m
m=718,561,919,949,209,601 (16.16%)  847.3 Gm/s  surv=1128056285 trip=0 sol=0  17h47m08s elapsed, ETA 3d20h15m
m=718,612,480,304,218,113 (16.18%)  847.3 Gm/s  surv=1129106337 trip=0 sol=0  17h48m08s elapsed, ETA 3d20h14m
m=718,663,014,889,422,849 (16.19%)  847.3 Gm/s  surv=1130158418 trip=0 sol=0  17h49m08s elapsed, ETA 3d20h13m
m=718,713,588,129,333,249 (16.21%)  847.3 Gm/s  surv=1131208976 trip=0 sol=0  17h50m08s elapsed, ETA 3d20h12m
m=718,764,251,563,556,865 (16.22%)  847.3 Gm/s  surv=1132262656 trip=0 sol=0  17h51m08s elapsed, ETA 3d20h11m
m=718,814,863,458,172,929 (16.24%)  847.3 Gm/s  surv=1133314143 trip=0 sol=0  17h52m08s elapsed, ETA 3d20h10m
m=718,865,436,698,083,329 (16.25%)  847.3 Gm/s  surv=1134365514 trip=0 sol=0  17h53m08s elapsed, ETA 3d20h10m
m=718,916,009,937,993,729 (16.27%)  847.3 Gm/s  surv=1135415314 trip=0 sol=0  17h54m08s elapsed, ETA 3d20h09m
m=718,966,647,602,413,569 (16.28%)  847.3 Gm/s  surv=1136466212 trip=0 sol=0  17h55m08s elapsed, ETA 3d20h08m
m=719,017,259,497,029,633 (16.30%)  847.3 Gm/s  surv=1137519466 trip=0 sol=0  17h56m08s elapsed, ETA 3d20h07m
m=719,067,884,276,547,585 (16.31%)  847.3 Gm/s  surv=1138572676 trip=0 sol=0  17h57m08s elapsed, ETA 3d20h06m
m=719,118,302,897,635,329 (16.33%)  847.3 Gm/s  surv=1139622643 trip=0 sol=0  17h58m08s elapsed, ETA 3d20h05m
m=719,168,914,792,251,393 (16.34%)  847.3 Gm/s  surv=1140676882 trip=0 sol=0  17h59m08s elapsed, ETA 3d20h04m
m=719,219,462,262,358,017 (16.36%)  847.3 Gm/s  surv=1141727812 trip=0 sol=0  18h00m08s elapsed, ETA 3d20h03m
m=719,270,099,926,777,857 (16.37%)  847.3 Gm/s  surv=1142782551 trip=0 sol=0  18h01m08s elapsed, ETA 3d20h02m
m=719,320,711,821,393,921 (16.39%)  847.3 Gm/s  surv=1143833901 trip=0 sol=0  18h02m08s elapsed, ETA 3d20h01m
m=719,371,401,025,421,313 (16.40%)  847.3 Gm/s  surv=1144888560 trip=0 sol=0  18h03m08s elapsed, ETA 3d20h00m
m=719,422,257,733,173,249 (16.42%)  847.3 Gm/s  surv=1145947051 trip=0 sol=0  18h04m08s elapsed, ETA 3d19h59m
m=719,473,140,210,728,961 (16.43%)  847.3 Gm/s  surv=1147004707 trip=0 sol=0  18h05m08s elapsed, ETA 3d19h58m
m=719,523,984,033,579,009 (16.45%)  847.3 Gm/s  surv=1148062487 trip=0 sol=0  18h06m08s elapsed, ETA 3d19h57m
m=719,574,840,741,330,945 (16.46%)  847.3 Gm/s  surv=1149119807 trip=0 sol=0  18h07m08s elapsed, ETA 3d19h56m
m=719,625,697,449,082,881 (16.48%)  847.3 Gm/s  surv=1150177924 trip=0 sol=0  18h08m08s elapsed, ETA 3d19h55m
m=719,676,541,271,932,929 (16.49%)  847.3 Gm/s  surv=1151236054 trip=0 sol=0  18h09m08s elapsed, ETA 3d19h54m
m=719,727,385,094,782,977 (16.51%)  847.3 Gm/s  surv=1152293868 trip=0 sol=0  18h10m08s elapsed, ETA 3d19h53m
m=719,778,216,032,731,137 (16.52%)  847.3 Gm/s  surv=1153348718 trip=0 sol=0  18h11m08s elapsed, ETA 3d19h52m
m=719,829,072,740,483,073 (16.54%)  847.3 Gm/s  surv=1154407612 trip=0 sol=0  18h12m08s elapsed, ETA 3d19h51m
m=719,879,929,448,235,009 (16.55%)  847.3 Gm/s  surv=1155465917 trip=0 sol=0  18h13m08s elapsed, ETA 3d19h50m
m=719,930,786,155,986,945 (16.57%)  847.3 Gm/s  surv=1156522291 trip=0 sol=0  18h14m08s elapsed, ETA 3d19h49m
m=719,981,655,748,640,769 (16.58%)  847.3 Gm/s  surv=1157579761 trip=0 sol=0  18h15m08s elapsed, ETA 3d19h48m
m=720,032,512,456,392,705 (16.60%)  847.3 Gm/s  surv=1158637786 trip=0 sol=0  18h16m08s elapsed, ETA 3d19h47m
m=720,083,356,279,242,753 (16.61%)  847.3 Gm/s  surv=1159694109 trip=0 sol=0  18h17m08s elapsed, ETA 3d19h46m
m=720,134,200,102,092,801 (16.63%)  847.3 Gm/s  surv=1160751686 trip=0 sol=0  18h18m08s elapsed, ETA 3d19h45m
m=720,185,031,040,040,961 (16.65%)  847.3 Gm/s  surv=1161809131 trip=0 sol=0  18h19m08s elapsed, ETA 3d19h44m
m=720,235,836,208,185,345 (16.66%)  847.3 Gm/s  surv=1162863973 trip=0 sol=0  18h20m08s elapsed, ETA 3d19h43m
m=720,286,654,261,231,617 (16.68%)  847.3 Gm/s  surv=1163919662 trip=0 sol=0  18h21m08s elapsed, ETA 3d19h42m
m=720,337,472,314,277,889 (16.69%)  847.3 Gm/s  surv=1164976309 trip=0 sol=0  18h22m08s elapsed, ETA 3d19h41m
m=720,388,316,137,127,937 (16.71%)  847.3 Gm/s  surv=1166032674 trip=0 sol=0  18h23m08s elapsed, ETA 3d19h40m
m=720,439,172,844,879,873 (16.72%)  847.3 Gm/s  surv=1167088946 trip=0 sol=0  18h24m08s elapsed, ETA 3d19h39m
m=720,490,003,782,828,033 (16.74%)  847.3 Gm/s  surv=1168146617 trip=0 sol=0  18h25m08s elapsed, ETA 3d19h38m
m=720,540,834,720,776,193 (16.75%)  847.3 Gm/s  surv=1169201833 trip=0 sol=0  18h26m08s elapsed, ETA 3d19h37m
m=720,591,678,543,626,241 (16.77%)  847.3 Gm/s  surv=1170258679 trip=0 sol=0  18h27m08s elapsed, ETA 3d19h36m
m=720,642,522,366,476,289 (16.78%)  847.3 Gm/s  surv=1171315870 trip=0 sol=0  18h28m08s elapsed, ETA 3d19h35m
m=720,693,379,074,228,225 (16.80%)  847.3 Gm/s  surv=1172372347 trip=0 sol=0  18h29m08s elapsed, ETA 3d19h34m
m=720,744,210,012,176,385 (16.81%)  847.3 Gm/s  surv=1173428138 trip=0 sol=0  18h30m08s elapsed, ETA 3d19h33m
m=720,795,079,604,830,209 (16.83%)  847.3 Gm/s  surv=1174485656 trip=0 sol=0  18h31m08s elapsed, ETA 3d19h32m
m=720,845,936,312,582,145 (16.84%)  847.3 Gm/s  surv=1175542540 trip=0 sol=0  18h32m08s elapsed, ETA 3d19h31m
m=720,896,818,790,137,857 (16.86%)  847.3 Gm/s  surv=1176599549 trip=0 sol=0  18h33m08s elapsed, ETA 3d19h30m
m=720,947,675,497,889,793 (16.87%)  847.3 Gm/s  surv=1177656961 trip=0 sol=0  18h34m08s elapsed, ETA 3d19h29m
m=720,998,532,205,641,729 (16.89%)  847.3 Gm/s  surv=1178714360 trip=0 sol=0  18h35m08s elapsed, ETA 3d19h28m
m=721,049,376,028,491,777 (16.90%)  847.3 Gm/s  surv=1179771847 trip=0 sol=0  18h36m08s elapsed, ETA 3d19h27m
m=721,100,232,736,243,713 (16.92%)  847.3 Gm/s  surv=1180830440 trip=0 sol=0  18h37m08s elapsed, ETA 3d19h26m
m=721,151,076,559,093,761 (16.93%)  847.3 Gm/s  surv=1181888114 trip=0 sol=0  18h38m08s elapsed, ETA 3d19h25m
m=721,201,933,266,845,697 (16.95%)  847.3 Gm/s  surv=1182946003 trip=0 sol=0  18h39m08s elapsed, ETA 3d19h24m
m=721,252,777,089,695,745 (16.96%)  847.3 Gm/s  surv=1184004085 trip=0 sol=0  18h40m08s elapsed, ETA 3d19h23m
m=721,303,608,027,643,905 (16.98%)  847.3 Gm/s  surv=1185060715 trip=0 sol=0  18h41m08s elapsed, ETA 3d19h22m
m=721,354,438,965,592,065 (16.99%)  847.3 Gm/s  surv=1186117242 trip=0 sol=0  18h42m08s elapsed, ETA 3d19h21m
m=721,405,295,673,344,001 (17.01%)  847.3 Gm/s  surv=1187174243 trip=0 sol=0  18h43m08s elapsed, ETA 3d19h20m
m=721,456,139,496,194,049 (17.02%)  847.3 Gm/s  surv=1188231957 trip=0 sol=0  18h44m08s elapsed, ETA 3d19h19m
m=721,506,983,319,044,097 (17.04%)  847.3 Gm/s  surv=1189287724 trip=0 sol=0  18h45m08s elapsed, ETA 3d19h18m
m=721,557,840,026,796,033 (17.05%)  847.3 Gm/s  surv=1190346648 trip=0 sol=0  18h46m08s elapsed, ETA 3d19h17m
m=721,608,683,849,646,081 (17.07%)  847.3 Gm/s  surv=1191403359 trip=0 sol=0  18h47m08s elapsed, ETA 3d19h16m
m=721,659,553,442,299,905 (17.08%)  847.3 Gm/s  surv=1192459723 trip=0 sol=0  18h48m08s elapsed, ETA 3d19h15m
m=721,710,384,380,248,065 (17.10%)  847.3 Gm/s  surv=1193516420 trip=0 sol=0  18h49m08s elapsed, ETA 3d19h14m
m=721,761,215,318,196,225 (17.11%)  847.3 Gm/s  surv=1194572504 trip=0 sol=0  18h50m08s elapsed, ETA 3d19h13m
m=721,812,059,141,046,273 (17.13%)  847.3 Gm/s  surv=1195630224 trip=0 sol=0  18h51m08s elapsed, ETA 3d19h12m
m=721,862,864,309,190,657 (17.14%)  847.3 Gm/s  surv=1196686446 trip=0 sol=0  18h52m08s elapsed, ETA 3d19h11m
m=721,913,721,016,942,593 (17.16%)  847.3 Gm/s  surv=1197744155 trip=0 sol=0  18h53m08s elapsed, ETA 3d19h10m
m=721,964,526,185,086,977 (17.18%)  847.3 Gm/s  surv=1198801132 trip=0 sol=0  18h54m08s elapsed, ETA 3d19h09m
m=722,015,357,123,035,137 (17.19%)  847.3 Gm/s  surv=1199858756 trip=0 sol=0  18h55m08s elapsed, ETA 3d19h08m
m=722,066,226,715,688,961 (17.21%)  847.3 Gm/s  surv=1200915246 trip=0 sol=0  18h56m08s elapsed, ETA 3d19h07m
m=722,117,070,538,539,009 (17.22%)  847.3 Gm/s  surv=1201972629 trip=0 sol=0  18h57m08s elapsed, ETA 3d19h06m
m=722,167,566,469,038,081 (17.24%)  847.3 Gm/s  surv=1203022404 trip=0 sol=0  18h58m08s elapsed, ETA 3d19h05m
m=722,218,229,903,261,697 (17.25%)  847.3 Gm/s  surv=1204075819 trip=0 sol=0  18h59m08s elapsed, ETA 3d19h04m
m=722,269,073,726,111,745 (17.27%)  847.3 Gm/s  surv=1205131974 trip=0 sol=0  19h00m08s elapsed, ETA 3d19h03m
m=722,319,917,548,961,793 (17.28%)  847.3 Gm/s  surv=1206188718 trip=0 sol=0  19h01m08s elapsed, ETA 3d19h02m
m=722,370,761,371,811,841 (17.30%)  847.3 Gm/s  surv=1207247158 trip=0 sol=0  19h02m08s elapsed, ETA 3d19h01m
m=722,421,592,309,760,001 (17.31%)  847.3 Gm/s  surv=1208304273 trip=0 sol=0  19h03m08s elapsed, ETA 3d19h00m
m=722,472,436,132,610,049 (17.33%)  847.3 Gm/s  surv=1209361051 trip=0 sol=0  19h04m08s elapsed, ETA 3d18h59m
m=722,523,292,840,361,985 (17.34%)  847.3 Gm/s  surv=1210418654 trip=0 sol=0  19h05m08s elapsed, ETA 3d18h58m
m=722,574,149,548,113,921 (17.36%)  847.3 Gm/s  surv=1211475700 trip=0 sol=0  19h06m08s elapsed, ETA 3d18h57m
m=722,624,993,370,963,969 (17.37%)  847.3 Gm/s  surv=1212534261 trip=0 sol=0  19h07m08s elapsed, ETA 3d18h56m
m=722,675,850,078,715,905 (17.39%)  847.3 Gm/s  surv=1213589371 trip=0 sol=0  19h08m08s elapsed, ETA 3d18h55m
m=722,726,681,016,664,065 (17.40%)  847.3 Gm/s  surv=1214648105 trip=0 sol=0  19h09m08s elapsed, ETA 3d18h54m
m=722,777,524,839,514,113 (17.42%)  847.3 Gm/s  surv=1215706382 trip=0 sol=0  19h10m08s elapsed, ETA 3d18h53m
m=722,828,368,662,364,161 (17.43%)  847.3 Gm/s  surv=1216761942 trip=0 sol=0  19h11m08s elapsed, ETA 3d18h52m
m=722,879,212,485,214,209 (17.45%)  847.3 Gm/s  surv=1217820457 trip=0 sol=0  19h12m08s elapsed, ETA 3d18h51m
m=722,930,069,192,966,145 (17.46%)  847.3 Gm/s  surv=1218878689 trip=0 sol=0  19h13m09s elapsed, ETA 3d18h50m
m=722,980,913,015,816,193 (17.48%)  847.3 Gm/s  surv=1219935079 trip=0 sol=0  19h14m09s elapsed, ETA 3d18h49m
m=723,031,769,723,568,129 (17.49%)  847.3 Gm/s  surv=1220992962 trip=0 sol=0  19h15m09s elapsed, ETA 3d18h48m
m=723,082,626,431,320,065 (17.51%)  847.3 Gm/s  surv=1222049232 trip=0 sol=0  19h16m09s elapsed, ETA 3d18h47m
m=723,133,470,254,170,113 (17.52%)  847.3 Gm/s  surv=1223107839 trip=0 sol=0  19h17m09s elapsed, ETA 3d18h46m
m=723,184,314,077,020,161 (17.54%)  847.3 Gm/s  surv=1224166060 trip=0 sol=0  19h18m09s elapsed, ETA 3d18h45m
m=723,235,157,899,870,209 (17.55%)  847.3 Gm/s  surv=1225222341 trip=0 sol=0  19h19m09s elapsed, ETA 3d18h44m
m=723,286,001,722,720,257 (17.57%)  847.3 Gm/s  surv=1226278650 trip=0 sol=0  19h20m09s elapsed, ETA 3d18h43m
m=723,336,819,775,766,529 (17.58%)  847.3 Gm/s  surv=1227336241 trip=0 sol=0  19h21m09s elapsed, ETA 3d18h42m
m=723,387,637,828,812,801 (17.60%)  847.3 Gm/s  surv=1228392441 trip=0 sol=0  19h22m09s elapsed, ETA 3d18h41m
m=723,438,481,651,662,849 (17.61%)  847.3 Gm/s  surv=1229449999 trip=0 sol=0  19h23m09s elapsed, ETA 3d18h40m
m=723,489,312,589,611,009 (17.63%)  847.3 Gm/s  surv=1230508019 trip=0 sol=0  19h24m09s elapsed, ETA 3d18h39m
m=723,540,156,412,461,057 (17.64%)  847.3 Gm/s  surv=1231566382 trip=0 sol=0  19h25m09s elapsed, ETA 3d18h38m
m=723,591,000,235,311,105 (17.66%)  847.3 Gm/s  surv=1232624202 trip=0 sol=0  19h26m09s elapsed, ETA 3d18h37m
m=723,641,844,058,161,153 (17.67%)  847.3 Gm/s  surv=1233682055 trip=0 sol=0  19h27m09s elapsed, ETA 3d18h36m
m=723,692,687,881,011,201 (17.69%)  847.3 Gm/s  surv=1234740449 trip=0 sol=0  19h28m09s elapsed, ETA 3d18h35m
m=723,743,518,818,959,361 (17.71%)  847.3 Gm/s  surv=1235797784 trip=0 sol=0  19h29m09s elapsed, ETA 3d18h34m
m=723,794,349,756,907,521 (17.72%)  847.3 Gm/s  surv=1236856617 trip=0 sol=0  19h30m09s elapsed, ETA 3d18h33m
m=723,845,193,579,757,569 (17.74%)  847.3 Gm/s  surv=1237915126 trip=0 sol=0  19h31m09s elapsed, ETA 3d18h32m
m=723,896,037,402,607,617 (17.75%)  847.3 Gm/s  surv=1238972543 trip=0 sol=0  19h32m09s elapsed, ETA 3d18h31m
m=723,946,881,225,457,665 (17.77%)  847.3 Gm/s  surv=1240028890 trip=0 sol=0  19h33m09s elapsed, ETA 3d18h30m
m=723,997,725,048,307,713 (17.78%)  847.3 Gm/s  surv=1241083912 trip=0 sol=0  19h34m09s elapsed, ETA 3d18h29m
m=724,048,555,986,255,873 (17.80%)  847.3 Gm/s  surv=1242139653 trip=0 sol=0  19h35m09s elapsed, ETA 3d18h28m
m=724,099,399,809,105,921 (17.81%)  847.3 Gm/s  surv=1243197302 trip=0 sol=0  19h36m09s elapsed, ETA 3d18h27m
m=724,150,230,747,054,081 (17.83%)  847.3 Gm/s  surv=1244254042 trip=0 sol=0  19h37m09s elapsed, ETA 3d18h26m
m=724,201,074,569,904,129 (17.84%)  847.3 Gm/s  surv=1245310522 trip=0 sol=0  19h38m09s elapsed, ETA 3d18h25m
m=724,251,918,392,754,177 (17.86%)  847.3 Gm/s  surv=1246368459 trip=0 sol=0  19h39m09s elapsed, ETA 3d18h24m
m=724,302,787,985,408,001 (17.87%)  847.3 Gm/s  surv=1247425456 trip=0 sol=0  19h40m09s elapsed, ETA 3d18h23m
m=724,353,631,808,258,049 (17.89%)  847.3 Gm/s  surv=1248482519 trip=0 sol=0  19h41m09s elapsed, ETA 3d18h22m
m=724,404,462,746,206,209 (17.90%)  847.3 Gm/s  surv=1249539461 trip=0 sol=0  19h42m09s elapsed, ETA 3d18h21m
m=724,455,293,684,154,369 (17.92%)  847.3 Gm/s  surv=1250596552 trip=0 sol=0  19h43m09s elapsed, ETA 3d18h20m
m=724,506,124,622,102,529 (17.93%)  847.3 Gm/s  surv=1251653999 trip=0 sol=0  19h44m09s elapsed, ETA 3d18h19m
m=724,556,929,790,246,913 (17.95%)  847.3 Gm/s  surv=1252709561 trip=0 sol=0  19h45m09s elapsed, ETA 3d18h18m
m=724,607,773,613,096,961 (17.96%)  847.3 Gm/s  surv=1253766889 trip=0 sol=0  19h46m09s elapsed, ETA 3d18h17m
m=724,658,630,320,848,897 (17.98%)  847.3 Gm/s  surv=1254824473 trip=0 sol=0  19h47m09s elapsed, ETA 3d18h16m
m=724,709,487,028,600,833 (17.99%)  847.3 Gm/s  surv=1255881116 trip=0 sol=0  19h48m09s elapsed, ETA 3d18h15m
m=724,760,317,966,548,993 (18.01%)  847.3 Gm/s  surv=1256938143 trip=0 sol=0  19h49m09s elapsed, ETA 3d18h14m
m=724,811,148,904,497,153 (18.02%)  847.3 Gm/s  surv=1257995517 trip=0 sol=0  19h50m09s elapsed, ETA 3d18h13m
m=724,861,979,842,445,313 (18.04%)  847.3 Gm/s  surv=1259050694 trip=0 sol=0  19h51m09s elapsed, ETA 3d18h12m
m=724,912,849,435,099,137 (18.05%)  847.3 Gm/s  surv=1260108551 trip=0 sol=0  19h52m09s elapsed, ETA 3d18h11m
m=724,963,719,027,752,961 (18.07%)  847.3 Gm/s  surv=1261165858 trip=0 sol=0  19h53m09s elapsed, ETA 3d18h10m
m=725,014,575,735,504,897 (18.08%)  847.3 Gm/s  surv=1262222321 trip=0 sol=0  19h54m09s elapsed, ETA 3d18h09m
m=725,065,419,558,354,945 (18.10%)  847.3 Gm/s  surv=1263279717 trip=0 sol=0  19h55m09s elapsed, ETA 3d18h08m
m=725,116,263,381,204,993 (18.11%)  847.3 Gm/s  surv=1264336371 trip=0 sol=0  19h56m09s elapsed, ETA 3d18h07m
m=725,167,107,204,055,041 (18.13%)  847.3 Gm/s  surv=1265392811 trip=0 sol=0  19h57m09s elapsed, ETA 3d18h06m
m=725,217,603,134,554,113 (18.14%)  847.3 Gm/s  surv=1266444682 trip=0 sol=0  19h58m09s elapsed, ETA 3d18h05m
m=725,268,434,072,502,273 (18.16%)  847.3 Gm/s  surv=1267500457 trip=0 sol=0  19h59m09s elapsed, ETA 3d18h04m
m=725,319,277,895,352,321 (18.17%)  847.3 Gm/s  surv=1268558693 trip=0 sol=0  20h00m09s elapsed, ETA 3d18h03m
m=725,370,134,603,104,257 (18.19%)  847.3 Gm/s  surv=1269615211 trip=0 sol=0  20h01m09s elapsed, ETA 3d18h02m
m=725,420,952,656,150,529 (18.20%)  847.3 Gm/s  surv=1270670151 trip=0 sol=0  20h02m09s elapsed, ETA 3d18h01m
m=725,471,796,479,000,577 (18.22%)  847.3 Gm/s  surv=1271726231 trip=0 sol=0  20h03m09s elapsed, ETA 3d18h00m
m=725,522,627,416,948,737 (18.24%)  847.3 Gm/s  surv=1272782329 trip=0 sol=0  20h04m09s elapsed, ETA 3d17h59m
m=725,573,471,239,798,785 (18.25%)  847.3 Gm/s  surv=1273839426 trip=0 sol=0  20h05m09s elapsed, ETA 3d17h58m
m=725,624,327,947,550,721 (18.27%)  847.3 Gm/s  surv=1274898425 trip=0 sol=0  20h06m09s elapsed, ETA 3d17h57m
m=725,675,171,770,400,769 (18.28%)  847.3 Gm/s  surv=1275954285 trip=0 sol=0  20h07m09s elapsed, ETA 3d17h56m
m=725,726,015,593,250,817 (18.30%)  847.3 Gm/s  surv=1277011537 trip=0 sol=0  20h08m09s elapsed, ETA 3d17h55m
m=725,776,859,416,100,865 (18.31%)  847.3 Gm/s  surv=1278068151 trip=0 sol=0  20h09m09s elapsed, ETA 3d17h54m
m=725,827,703,238,950,913 (18.33%)  847.3 Gm/s  surv=1279124014 trip=0 sol=0  20h10m09s elapsed, ETA 3d17h53m
m=725,878,495,522,193,409 (18.34%)  847.3 Gm/s  surv=1280179525 trip=0 sol=0  20h11m09s elapsed, ETA 3d17h52m
m=725,929,339,345,043,457 (18.36%)  847.3 Gm/s  surv=1281235666 trip=0 sol=0  20h12m09s elapsed, ETA 3d17h51m
m=725,980,183,167,893,505 (18.37%)  847.3 Gm/s  surv=1282292994 trip=0 sol=0  20h13m09s elapsed, ETA 3d17h50m
m=726,031,026,990,743,553 (18.39%)  847.3 Gm/s  surv=1283348559 trip=0 sol=0  20h14m09s elapsed, ETA 3d17h49m
m=726,081,870,813,593,601 (18.40%)  847.3 Gm/s  surv=1284406112 trip=0 sol=0  20h15m09s elapsed, ETA 3d17h48m
m=726,132,701,751,541,761 (18.42%)  847.3 Gm/s  surv=1285464626 trip=0 sol=0  20h16m09s elapsed, ETA 3d17h47m
m=726,183,519,804,588,033 (18.43%)  847.3 Gm/s  surv=1286519345 trip=0 sol=0  20h17m09s elapsed, ETA 3d17h46m
m=726,234,350,742,536,193 (18.45%)  847.2 Gm/s  surv=1287576863 trip=0 sol=0  20h18m09s elapsed, ETA 3d17h45m
m=726,285,194,565,386,241 (18.46%)  847.2 Gm/s  surv=1288633714 trip=0 sol=0  20h19m09s elapsed, ETA 3d17h44m
m=726,336,038,388,236,289 (18.48%)  847.3 Gm/s  surv=1289690142 trip=0 sol=0  20h20m09s elapsed, ETA 3d17h43m
m=726,386,895,095,988,225 (18.49%)  847.3 Gm/s  surv=1290746451 trip=0 sol=0  20h21m09s elapsed, ETA 3d17h42m
m=726,437,738,918,838,273 (18.51%)  847.3 Gm/s  surv=1291804822 trip=0 sol=0  20h22m09s elapsed, ETA 3d17h41m
m=726,488,582,741,688,321 (18.52%)  847.3 Gm/s  surv=1292862109 trip=0 sol=0  20h23m09s elapsed, ETA 3d17h40m
m=726,539,426,564,538,369 (18.54%)  847.3 Gm/s  surv=1293920032 trip=0 sol=0  20h24m09s elapsed, ETA 3d17h39m
m=726,590,257,502,486,529 (18.55%)  847.3 Gm/s  surv=1294976729 trip=0 sol=0  20h25m09s elapsed, ETA 3d17h38m
m=726,641,114,210,238,465 (18.57%)  847.3 Gm/s  surv=1296033481 trip=0 sol=0  20h26m09s elapsed, ETA 3d17h37m
m=726,691,958,033,088,513 (18.58%)  847.3 Gm/s  surv=1297089487 trip=0 sol=0  20h27m09s elapsed, ETA 3d17h36m
m=726,742,814,740,840,449 (18.60%)  847.3 Gm/s  surv=1298148494 trip=0 sol=0  20h28m09s elapsed, ETA 3d17h35m
m=726,793,658,563,690,497 (18.61%)  847.3 Gm/s  surv=1299205320 trip=0 sol=0  20h29m09s elapsed, ETA 3d17h34m
m=726,844,502,386,540,545 (18.63%)  847.3 Gm/s  surv=1300263440 trip=0 sol=0  20h30m09s elapsed, ETA 3d17h33m
m=726,895,307,554,684,929 (18.64%)  847.3 Gm/s  surv=1301319075 trip=0 sol=0  20h31m09s elapsed, ETA 3d17h32m
m=726,946,138,492,633,089 (18.66%)  847.3 Gm/s  surv=1302375687 trip=0 sol=0  20h32m09s elapsed, ETA 3d17h31m
m=726,996,956,545,679,361 (18.67%)  847.2 Gm/s  surv=1303432623 trip=0 sol=0  20h33m09s elapsed, ETA 3d17h30m
m=727,047,800,368,529,409 (18.69%)  847.2 Gm/s  surv=1304489430 trip=0 sol=0  20h34m09s elapsed, ETA 3d17h29m
m=727,098,682,846,085,121 (18.70%)  847.3 Gm/s  surv=1305544847 trip=0 sol=0  20h35m09s elapsed, ETA 3d17h28m
m=727,149,513,784,033,281 (18.72%)  847.3 Gm/s  surv=1306599709 trip=0 sol=0  20h36m09s elapsed, ETA 3d17h27m
m=727,200,370,491,785,217 (18.73%)  847.3 Gm/s  surv=1307657021 trip=0 sol=0  20h37m09s elapsed, ETA 3d17h26m
m=727,251,227,199,537,153 (18.75%)  847.3 Gm/s  surv=1308713839 trip=0 sol=0  20h38m09s elapsed, ETA 3d17h25m
m=727,302,071,022,387,201 (18.77%)  847.3 Gm/s  surv=1309769997 trip=0 sol=0  20h39m09s elapsed, ETA 3d17h24m
m=727,352,901,960,335,361 (18.78%)  847.3 Gm/s  surv=1310826246 trip=0 sol=0  20h40m09s elapsed, ETA 3d17h23m
m=727,403,732,898,283,521 (18.80%)  847.3 Gm/s  surv=1311882473 trip=0 sol=0  20h41m09s elapsed, ETA 3d17h22m
m=727,454,615,375,839,233 (18.81%)  847.3 Gm/s  surv=1312939678 trip=0 sol=0  20h42m09s elapsed, ETA 3d17h21m
m=727,505,472,083,591,169 (18.83%)  847.3 Gm/s  surv=1313999212 trip=0 sol=0  20h43m09s elapsed, ETA 3d17h20m
m=727,556,328,791,343,105 (18.84%)  847.3 Gm/s  surv=1315054960 trip=0 sol=0  20h44m09s elapsed, ETA 3d17h19m
m=727,607,198,383,996,929 (18.86%)  847.3 Gm/s  surv=1316114343 trip=0 sol=0  20h45m09s elapsed, ETA 3d17h18m
m=727,658,055,091,748,865 (18.87%)  847.3 Gm/s  surv=1317171464 trip=0 sol=0  20h46m09s elapsed, ETA 3d17h17m
m=727,708,911,799,500,801 (18.89%)  847.3 Gm/s  surv=1318231092 trip=0 sol=0  20h47m09s elapsed, ETA 3d17h16m
m=727,759,729,852,547,073 (18.90%)  847.3 Gm/s  surv=1319288625 trip=0 sol=0  20h48m09s elapsed, ETA 3d17h15m
m=727,810,573,675,397,121 (18.92%)  847.3 Gm/s  surv=1320347212 trip=0 sol=0  20h49m09s elapsed, ETA 3d17h14m
m=727,861,417,498,247,169 (18.93%)  847.3 Gm/s  surv=1321403809 trip=0 sol=0  20h50m09s elapsed, ETA 3d17h13m
m=727,912,235,551,293,441 (18.95%)  847.3 Gm/s  surv=1322460366 trip=0 sol=0  20h51m09s elapsed, ETA 3d17h12m
m=727,963,066,489,241,601 (18.96%)  847.3 Gm/s  surv=1323516994 trip=0 sol=0  20h52m09s elapsed, ETA 3d17h11m
m=728,013,884,542,287,873 (18.98%)  847.3 Gm/s  surv=1324574906 trip=0 sol=0  20h53m09s elapsed, ETA 3d17h10m
m=728,064,728,365,137,921 (18.99%)  847.3 Gm/s  surv=1325630855 trip=0 sol=0  20h54m09s elapsed, ETA 3d17h09m
m=728,115,559,303,086,081 (19.01%)  847.3 Gm/s  surv=1326687367 trip=0 sol=0  20h55m09s elapsed, ETA 3d17h08m
m=728,166,390,241,034,241 (19.02%)  847.3 Gm/s  surv=1327744979 trip=0 sol=0  20h56m09s elapsed, ETA 3d17h07m
m=728,217,208,294,080,513 (19.04%)  847.3 Gm/s  surv=1328802422 trip=0 sol=0  20h57m09s elapsed, ETA 3d17h06m
m=728,267,742,879,285,249 (19.05%)  847.2 Gm/s  surv=1329854124 trip=0 sol=0  20h58m09s elapsed, ETA 3d17h05m
m=728,318,586,702,135,297 (19.07%)  847.2 Gm/s  surv=1330912424 trip=0 sol=0  20h59m09s elapsed, ETA 3d17h04m
m=728,369,456,294,789,121 (19.08%)  847.2 Gm/s  surv=1331968507 trip=0 sol=0  21h00m09s elapsed, ETA 3d17h03m
m=728,420,287,232,737,281 (19.10%)  847.2 Gm/s  surv=1333025208 trip=0 sol=0  21h01m09s elapsed, ETA 3d17h02m
m=728,471,143,940,489,217 (19.11%)  847.2 Gm/s  surv=1334083174 trip=0 sol=0  21h02m09s elapsed, ETA 3d17h01m
m=728,521,987,763,339,265 (19.13%)  847.2 Gm/s  surv=1335140568 trip=0 sol=0  21h03m09s elapsed, ETA 3d17h00m
m=728,572,818,701,287,425 (19.14%)  847.2 Gm/s  surv=1336199179 trip=0 sol=0  21h04m09s elapsed, ETA 3d16h59m
m=728,623,675,409,039,361 (19.16%)  847.2 Gm/s  surv=1337255488 trip=0 sol=0  21h05m09s elapsed, ETA 3d16h58m
m=728,674,532,116,791,297 (19.17%)  847.2 Gm/s  surv=1338313529 trip=0 sol=0  21h06m09s elapsed, ETA 3d16h57m
m=728,725,375,939,641,345 (19.19%)  847.2 Gm/s  surv=1339370488 trip=0 sol=0  21h07m09s elapsed, ETA 3d16h56m
m=728,776,206,877,589,505 (19.20%)  847.2 Gm/s  surv=1340426677 trip=0 sol=0  21h08m09s elapsed, ETA 3d16h55m
m=728,827,063,585,341,441 (19.22%)  847.2 Gm/s  surv=1341484562 trip=0 sol=0  21h09m09s elapsed, ETA 3d16h54m
m=728,877,907,408,191,489 (19.23%)  847.2 Gm/s  surv=1342541431 trip=0 sol=0  21h10m09s elapsed, ETA 3d16h53m
m=728,928,764,115,943,425 (19.25%)  847.2 Gm/s  surv=1343598339 trip=0 sol=0  21h11m09s elapsed, ETA 3d16h52m
m=728,979,607,938,793,473 (19.26%)  847.2 Gm/s  surv=1344655064 trip=0 sol=0  21h12m09s elapsed, ETA 3d16h51m
m=729,030,438,876,741,633 (19.28%)  847.2 Gm/s  surv=1345712241 trip=0 sol=0  21h13m09s elapsed, ETA 3d16h50m
m=729,081,295,584,493,569 (19.30%)  847.2 Gm/s  surv=1346770274 trip=0 sol=0  21h14m09s elapsed, ETA 3d16h49m
m=729,132,139,407,343,617 (19.31%)  847.2 Gm/s  surv=1347827706 trip=0 sol=0  21h15m09s elapsed, ETA 3d16h48m
m=729,182,970,345,291,777 (19.33%)  847.2 Gm/s  surv=1348884850 trip=0 sol=0  21h16m09s elapsed, ETA 3d16h47m
m=729,233,814,168,141,825 (19.34%)  847.2 Gm/s  surv=1349943272 trip=0 sol=0  21h17m09s elapsed, ETA 3d16h46m
m=729,284,670,875,893,761 (19.36%)  847.2 Gm/s  surv=1351001933 trip=0 sol=0  21h18m09s elapsed, ETA 3d16h45m
m=729,335,527,583,645,697 (19.37%)  847.2 Gm/s  surv=1352058536 trip=0 sol=0  21h19m09s elapsed, ETA 3d16h44m
m=729,386,358,521,593,857 (19.39%)  847.2 Gm/s  surv=1353115743 trip=0 sol=0  21h20m09s elapsed, ETA 3d16h43m
m=729,437,202,344,443,905 (19.40%)  847.2 Gm/s  surv=1354172055 trip=0 sol=0  21h21m09s elapsed, ETA 3d16h42m
m=729,487,981,742,784,513 (19.42%)  847.2 Gm/s  surv=1355228966 trip=0 sol=0  21h22m09s elapsed, ETA 3d16h41m
m=729,538,851,335,438,337 (19.43%)  847.2 Gm/s  surv=1356286064 trip=0 sol=0  21h23m09s elapsed, ETA 3d16h40m
m=729,589,720,928,092,161 (19.45%)  847.2 Gm/s  surv=1357344218 trip=0 sol=0  21h24m10s elapsed, ETA 3d16h39m
m=729,640,577,635,844,097 (19.46%)  847.2 Gm/s  surv=1358402341 trip=0 sol=0  21h25m10s elapsed, ETA 3d16h38m
m=729,691,395,688,890,369 (19.48%)  847.2 Gm/s  surv=1359459311 trip=0 sol=0  21h26m10s elapsed, ETA 3d16h37m
m=729,742,239,511,740,417 (19.49%)  847.2 Gm/s  surv=1360515245 trip=0 sol=0  21h27m10s elapsed, ETA 3d16h36m
m=729,793,044,679,884,801 (19.51%)  847.2 Gm/s  surv=1361571000 trip=0 sol=0  21h28m10s elapsed, ETA 3d16h35m
m=729,843,888,502,734,849 (19.52%)  847.2 Gm/s  surv=1362628978 trip=0 sol=0  21h29m10s elapsed, ETA 3d16h34m
m=729,894,745,210,486,785 (19.54%)  847.2 Gm/s  surv=1363685168 trip=0 sol=0  21h30m10s elapsed, ETA 3d16h33m
m=729,945,601,918,238,721 (19.55%)  847.2 Gm/s  surv=1364742049 trip=0 sol=0  21h31m10s elapsed, ETA 3d16h32m
m=729,996,458,625,990,657 (19.57%)  847.2 Gm/s  surv=1365797761 trip=0 sol=0  21h32m10s elapsed, ETA 3d16h31m
m=730,047,289,563,938,817 (19.58%)  847.2 Gm/s  surv=1366854509 trip=0 sol=0  21h33m10s elapsed, ETA 3d16h30m
m=730,098,133,386,788,865 (19.60%)  847.2 Gm/s  surv=1367911486 trip=0 sol=0  21h34m10s elapsed, ETA 3d16h29m
m=730,148,964,324,737,025 (19.61%)  847.2 Gm/s  surv=1368968390 trip=0 sol=0  21h35m10s elapsed, ETA 3d16h28m
m=730,199,782,377,783,297 (19.63%)  847.2 Gm/s  surv=1370025129 trip=0 sol=0  21h36m10s elapsed, ETA 3d16h27m
m=730,250,226,768,674,817 (19.64%)  847.2 Gm/s  surv=1371073330 trip=0 sol=0  21h37m10s elapsed, ETA 3d16h26m
m=730,300,825,778,388,993 (19.66%)  847.2 Gm/s  surv=1372125167 trip=0 sol=0  21h38m10s elapsed, ETA 3d16h25m
m=730,351,308,823,986,177 (19.67%)  847.2 Gm/s  surv=1373175515 trip=0 sol=0  21h39m10s elapsed, ETA 3d16h24m
m=730,401,920,718,602,241 (19.69%)  847.2 Gm/s  surv=1374227924 trip=0 sol=0  21h40m10s elapsed, ETA 3d16h23m
m=730,452,558,383,022,081 (19.70%)  847.2 Gm/s  surv=1375280076 trip=0 sol=0  21h41m10s elapsed, ETA 3d16h22m
m=730,503,131,622,932,481 (19.72%)  847.2 Gm/s  surv=1376331602 trip=0 sol=0  21h42m10s elapsed, ETA 3d16h21m
m=730,553,704,862,842,881 (19.73%)  847.2 Gm/s  surv=1377384307 trip=0 sol=0  21h43m10s elapsed, ETA 3d16h20m
m=730,604,484,261,183,489 (19.75%)  847.2 Gm/s  surv=1378440075 trip=0 sol=0  21h44m10s elapsed, ETA 3d16h19m
m=730,655,276,544,425,985 (19.76%)  847.2 Gm/s  surv=1379496417 trip=0 sol=0  21h45m10s elapsed, ETA 3d16h18m
m=730,706,043,057,864,705 (19.78%)  847.2 Gm/s  surv=1380551768 trip=0 sol=0  21h46m10s elapsed, ETA 3d16h17m
m=730,756,822,456,205,313 (19.79%)  847.2 Gm/s  surv=1381606581 trip=0 sol=0  21h47m10s elapsed, ETA 3d16h16m
m=730,807,653,394,153,473 (19.81%)  847.2 Gm/s  surv=1382663587 trip=0 sol=0  21h48m10s elapsed, ETA 3d16h15m
m=730,858,510,101,905,409 (19.82%)  847.2 Gm/s  surv=1383721765 trip=0 sol=0  21h49m10s elapsed, ETA 3d16h14m
m=730,909,353,924,755,457 (19.84%)  847.2 Gm/s  surv=1384779733 trip=0 sol=0  21h50m10s elapsed, ETA 3d16h13m
m=730,960,184,862,703,617 (19.85%)  847.2 Gm/s  surv=1385836533 trip=0 sol=0  21h51m10s elapsed, ETA 3d16h12m
m=731,010,990,030,848,001 (19.87%)  847.2 Gm/s  surv=1386893243 trip=0 sol=0  21h52m10s elapsed, ETA 3d16h11m
m=731,061,782,314,090,497 (19.89%)  847.2 Gm/s  surv=1387948503 trip=0 sol=0  21h53m10s elapsed, ETA 3d16h10m
m=731,112,639,021,842,433 (19.90%)  847.2 Gm/s  surv=1389007307 trip=0 sol=0  21h54m10s elapsed, ETA 3d16h09m
m=731,163,482,844,692,481 (19.92%)  847.2 Gm/s  surv=1390064318 trip=0 sol=0  21h55m10s elapsed, ETA 3d16h08m
m=731,214,313,782,640,641 (19.93%)  847.2 Gm/s  surv=1391121248 trip=0 sol=0  21h56m10s elapsed, ETA 3d16h07m
m=731,265,170,490,392,577 (19.95%)  847.2 Gm/s  surv=1392179253 trip=0 sol=0  21h57m10s elapsed, ETA 3d16h06m
m=731,315,640,651,087,873 (19.96%)  847.2 Gm/s  surv=1393227901 trip=0 sol=0  21h58m10s elapsed, ETA 3d16h05m
m=731,366,458,704,134,145 (19.98%)  847.2 Gm/s  surv=1394285559 trip=0 sol=0  21h59m10s elapsed, ETA 3d16h04m
m=731,417,276,757,180,417 (19.99%)  847.2 Gm/s  surv=1395342035 trip=0 sol=0  22h00m10s elapsed, ETA 3d16h03m
m=731,468,120,580,030,465 (20.01%)  847.2 Gm/s  surv=1396400114 trip=0 sol=0  22h01m10s elapsed, ETA 3d16h02m
m=731,518,951,517,978,625 (20.02%)  847.2 Gm/s  surv=1397458012 trip=0 sol=0  22h02m10s elapsed, ETA 3d16h01m
m=731,569,782,455,926,785 (20.04%)  847.2 Gm/s  surv=1398516441 trip=0 sol=0  22h03m10s elapsed, ETA 3d16h00m
m=731,620,639,163,678,721 (20.05%)  847.2 Gm/s  surv=1399574824 trip=0 sol=0  22h04m10s elapsed, ETA 3d15h59m
m=731,671,495,871,430,657 (20.07%)  847.2 Gm/s  surv=1400634704 trip=0 sol=0  22h05m10s elapsed, ETA 3d15h58m
m=731,722,365,464,084,481 (20.08%)  847.2 Gm/s  surv=1401691072 trip=0 sol=0  22h06m10s elapsed, ETA 3d15h57m
m=731,773,209,286,934,529 (20.10%)  847.2 Gm/s  surv=1402747956 trip=0 sol=0  22h07m10s elapsed, ETA 3d15h56m
m=731,824,053,109,784,577 (20.11%)  847.2 Gm/s  surv=1403806398 trip=0 sol=0  22h08m10s elapsed, ETA 3d15h55m
m=731,874,909,817,536,513 (20.13%)  847.2 Gm/s  surv=1404862501 trip=0 sol=0  22h09m10s elapsed, ETA 3d15h54m
m=731,925,766,525,288,449 (20.14%)  847.2 Gm/s  surv=1405917684 trip=0 sol=0  22h10m10s elapsed, ETA 3d15h53m
m=731,976,597,463,236,609 (20.16%)  847.2 Gm/s  surv=1406975871 trip=0 sol=0  22h11m10s elapsed, ETA 3d15h52m
m=732,027,428,401,184,769 (20.17%)  847.2 Gm/s  surv=1408035323 trip=0 sol=0  22h12m10s elapsed, ETA 3d15h51m
m=732,078,285,108,936,705 (20.19%)  847.2 Gm/s  surv=1409093556 trip=0 sol=0  22h13m10s elapsed, ETA 3d15h50m
m=732,129,141,816,688,641 (20.20%)  847.2 Gm/s  surv=1410150868 trip=0 sol=0  22h14m10s elapsed, ETA 3d15h49m
m=732,179,985,639,538,689 (20.22%)  847.2 Gm/s  surv=1411205404 trip=0 sol=0  22h15m10s elapsed, ETA 3d15h48m
m=732,230,842,347,290,625 (20.23%)  847.2 Gm/s  surv=1412263379 trip=0 sol=0  22h16m10s elapsed, ETA 3d15h47m
m=732,281,673,285,238,785 (20.25%)  847.2 Gm/s  surv=1413320876 trip=0 sol=0  22h17m10s elapsed, ETA 3d15h46m
m=732,332,517,108,088,833 (20.26%)  847.2 Gm/s  surv=1414379894 trip=0 sol=0  22h18m10s elapsed, ETA 3d15h45m
m=732,383,348,046,036,993 (20.28%)  847.2 Gm/s  surv=1415436394 trip=0 sol=0  22h19m10s elapsed, ETA 3d15h44m
m=732,434,204,753,788,929 (20.29%)  847.2 Gm/s  surv=1416493931 trip=0 sol=0  22h20m10s elapsed, ETA 3d15h43m
m=732,485,048,576,638,977 (20.31%)  847.2 Gm/s  surv=1417552859 trip=0 sol=0  22h21m10s elapsed, ETA 3d15h42m
m=732,535,905,284,390,913 (20.32%)  847.2 Gm/s  surv=1418608337 trip=0 sol=0  22h22m10s elapsed, ETA 3d15h41m
m=732,586,736,222,339,073 (20.34%)  847.2 Gm/s  surv=1419663951 trip=0 sol=0  22h23m10s elapsed, ETA 3d15h40m
m=732,637,580,045,189,121 (20.35%)  847.2 Gm/s  surv=1420722667 trip=0 sol=0  22h24m10s elapsed, ETA 3d15h39m
m=732,688,436,752,941,057 (20.37%)  847.2 Gm/s  surv=1421781821 trip=0 sol=0  22h25m10s elapsed, ETA 3d15h38m
m=732,739,241,921,085,441 (20.38%)  847.2 Gm/s  surv=1422838625 trip=0 sol=0  22h26m10s elapsed, ETA 3d15h37m
m=732,790,072,859,033,601 (20.40%)  847.2 Gm/s  surv=1423895529 trip=0 sol=0  22h27m10s elapsed, ETA 3d15h36m
m=732,840,929,566,785,537 (20.42%)  847.2 Gm/s  surv=1424952613 trip=0 sol=0  22h28m10s elapsed, ETA 3d15h35m
m=732,891,773,389,635,585 (20.43%)  847.2 Gm/s  surv=1426011087 trip=0 sol=0  22h29m10s elapsed, ETA 3d15h34m
m=732,942,617,212,485,633 (20.45%)  847.2 Gm/s  surv=1427067501 trip=0 sol=0  22h30m10s elapsed, ETA 3d15h33m
m=732,993,473,920,237,569 (20.46%)  847.2 Gm/s  surv=1428125911 trip=0 sol=0  22h31m10s elapsed, ETA 3d15h32m
m=733,044,317,743,087,617 (20.48%)  847.2 Gm/s  surv=1429184535 trip=0 sol=0  22h32m10s elapsed, ETA 3d15h31m
m=733,095,174,450,839,553 (20.49%)  847.2 Gm/s  surv=1430241683 trip=0 sol=0  22h33m10s elapsed, ETA 3d15h30m
m=733,146,018,273,689,601 (20.51%)  847.2 Gm/s  surv=1431298819 trip=0 sol=0  22h34m10s elapsed, ETA 3d15h29m
m=733,196,862,096,539,649 (20.52%)  847.2 Gm/s  surv=1432356293 trip=0 sol=0  22h35m10s elapsed, ETA 3d15h28m
m=733,247,718,804,291,585 (20.54%)  847.2 Gm/s  surv=1433414251 trip=0 sol=0  22h36m10s elapsed, ETA 3d15h27m
m=733,298,549,742,239,745 (20.55%)  847.2 Gm/s  surv=1434470866 trip=0 sol=0  22h37m10s elapsed, ETA 3d15h26m
m=733,349,380,680,187,905 (20.57%)  847.2 Gm/s  surv=1435526940 trip=0 sol=0  22h38m10s elapsed, ETA 3d15h25m
m=733,400,237,387,939,841 (20.58%)  847.2 Gm/s  surv=1436584210 trip=0 sol=0  22h39m10s elapsed, ETA 3d15h24m
m=733,451,081,210,789,889 (20.60%)  847.2 Gm/s  surv=1437640730 trip=0 sol=0  22h40m10s elapsed, ETA 3d15h23m
m=733,501,937,918,541,825 (20.61%)  847.2 Gm/s  surv=1438696462 trip=0 sol=0  22h41m10s elapsed, ETA 3d15h22m
m=733,552,755,971,588,097 (20.63%)  847.2 Gm/s  surv=1439753776 trip=0 sol=0  22h42m10s elapsed, ETA 3d15h21m
m=733,603,586,909,536,257 (20.64%)  847.2 Gm/s  surv=1440810422 trip=0 sol=0  22h43m10s elapsed, ETA 3d15h20m
m=733,654,430,732,386,305 (20.66%)  847.2 Gm/s  surv=1441867249 trip=0 sol=0  22h44m10s elapsed, ETA 3d15h19m
m=733,705,261,670,334,465 (20.67%)  847.2 Gm/s  surv=1442924407 trip=0 sol=0  22h45m10s elapsed, ETA 3d15h18m
m=733,756,092,608,282,625 (20.69%)  847.2 Gm/s  surv=1443981622 trip=0 sol=0  22h46m10s elapsed, ETA 3d15h17m
m=733,806,936,431,132,673 (20.70%)  847.2 Gm/s  surv=1445038735 trip=0 sol=0  22h47m10s elapsed, ETA 3d15h16m
m=733,857,793,138,884,609 (20.72%)  847.2 Gm/s  surv=1446097917 trip=0 sol=0  22h48m10s elapsed, ETA 3d15h15m
m=733,908,624,076,832,769 (20.73%)  847.2 Gm/s  surv=1447153215 trip=0 sol=0  22h49m10s elapsed, ETA 3d15h14m
m=733,959,455,014,780,929 (20.75%)  847.2 Gm/s  surv=1448210324 trip=0 sol=0  22h50m10s elapsed, ETA 3d15h13m
m=734,010,311,722,532,865 (20.76%)  847.2 Gm/s  surv=1449266839 trip=0 sol=0  22h51m10s elapsed, ETA 3d15h12m
m=734,061,168,430,284,801 (20.78%)  847.2 Gm/s  surv=1450322801 trip=0 sol=0  22h52m10s elapsed, ETA 3d15h11m
m=734,112,025,138,036,737 (20.79%)  847.2 Gm/s  surv=1451378762 trip=0 sol=0  22h53m10s elapsed, ETA 3d15h10m
m=734,162,881,845,788,673 (20.81%)  847.2 Gm/s  surv=1452436322 trip=0 sol=0  22h54m10s elapsed, ETA 3d15h09m
m=734,213,712,783,736,833 (20.82%)  847.2 Gm/s  surv=1453492024 trip=0 sol=0  22h55m10s elapsed, ETA 3d15h08m
m=734,264,543,721,684,993 (20.84%)  847.2 Gm/s  surv=1454548336 trip=0 sol=0  22h56m10s elapsed, ETA 3d15h07m
m=734,315,387,544,535,041 (20.85%)  847.2 Gm/s  surv=1455604598 trip=0 sol=0  22h57m10s elapsed, ETA 3d15h06m
m=734,365,909,244,837,889 (20.87%)  847.2 Gm/s  surv=1456655218 trip=0 sol=0  22h58m10s elapsed, ETA 3d15h05m
m=734,416,753,067,687,937 (20.88%)  847.2 Gm/s  surv=1457713179 trip=0 sol=0  22h59m10s elapsed, ETA 3d15h04m
m=734,467,584,005,636,097 (20.90%)  847.2 Gm/s  surv=1458767981 trip=0 sol=0  23h00m10s elapsed, ETA 3d15h03m
m=734,518,402,058,682,369 (20.91%)  847.2 Gm/s  surv=1459824331 trip=0 sol=0  23h01m10s elapsed, ETA 3d15h02m
m=734,569,245,881,532,417 (20.93%)  847.2 Gm/s  surv=1460880911 trip=0 sol=0  23h02m10s elapsed, ETA 3d15h01m
m=734,620,063,934,578,689 (20.95%)  847.2 Gm/s  surv=1461937679 trip=0 sol=0  23h03m10s elapsed, ETA 3d15h00m
m=734,670,907,757,428,737 (20.96%)  847.2 Gm/s  surv=1462994954 trip=0 sol=0  23h04m10s elapsed, ETA 3d14h59m
m=734,721,725,810,475,009 (20.98%)  847.2 Gm/s  surv=1464050941 trip=0 sol=0  23h05m10s elapsed, ETA 3d14h58m
m=734,772,543,863,521,281 (20.99%)  847.2 Gm/s  surv=1465107223 trip=0 sol=0  23h06m10s elapsed, ETA 3d14h57m
m=734,823,361,916,567,553 (21.01%)  847.2 Gm/s  surv=1466162569 trip=0 sol=0  23h07m10s elapsed, ETA 3d14h56m
m=734,874,192,854,515,713 (21.02%)  847.2 Gm/s  surv=1467218594 trip=0 sol=0  23h08m10s elapsed, ETA 3d14h55m
m=734,925,036,677,365,761 (21.04%)  847.2 Gm/s  surv=1468275725 trip=0 sol=0  23h09m10s elapsed, ETA 3d14h54m
m=734,975,893,385,117,697 (21.05%)  847.2 Gm/s  surv=1469331889 trip=0 sol=0  23h10m10s elapsed, ETA 3d14h53m
m=735,026,737,207,967,745 (21.07%)  847.2 Gm/s  surv=1470388328 trip=0 sol=0  23h11m10s elapsed, ETA 3d14h52m
m=735,077,555,261,014,017 (21.08%)  847.2 Gm/s  surv=1471445463 trip=0 sol=0  23h12m10s elapsed, ETA 3d14h51m
m=735,128,399,083,864,065 (21.10%)  847.2 Gm/s  surv=1472502958 trip=0 sol=0  23h13m10s elapsed, ETA 3d14h50m
m=735,179,242,906,714,113 (21.11%)  847.2 Gm/s  surv=1473561404 trip=0 sol=0  23h14m10s elapsed, ETA 3d14h49m
m=735,230,099,614,466,049 (21.13%)  847.2 Gm/s  surv=1474617877 trip=0 sol=0  23h15m10s elapsed, ETA 3d14h48m
m=735,281,175,365,550,081 (21.14%)  847.2 Gm/s  surv=1475679099 trip=0 sol=0  23h16m10s elapsed, ETA 3d14h47m
m=735,332,367,080,751,105 (21.16%)  847.2 Gm/s  surv=1476742200 trip=0 sol=0  23h17m10s elapsed, ETA 3d14h46m
m=735,383,185,133,797,377 (21.17%)  847.2 Gm/s  surv=1477798668 trip=0 sol=0  23h18m10s elapsed, ETA 3d14h45m
m=735,434,016,071,745,537 (21.19%)  847.2 Gm/s  surv=1478854685 trip=0 sol=0  23h19m10s elapsed, ETA 3d14h44m
m=735,484,834,124,791,809 (21.20%)  847.2 Gm/s  surv=1479910084 trip=0 sol=0  23h20m10s elapsed, ETA 3d14h43m
m=735,535,677,947,641,857 (21.22%)  847.2 Gm/s  surv=1480966990 trip=0 sol=0  23h21m10s elapsed, ETA 3d14h42m
m=735,586,534,655,393,793 (21.23%)  847.2 Gm/s  surv=1482026292 trip=0 sol=0  23h22m10s elapsed, ETA 3d14h41m
m=735,637,378,478,243,841 (21.25%)  847.2 Gm/s  surv=1483084351 trip=0 sol=0  23h23m10s elapsed, ETA 3d14h40m
m=735,688,209,416,192,001 (21.26%)  847.2 Gm/s  surv=1484140652 trip=0 sol=0  23h24m10s elapsed, ETA 3d14h39m
m=735,739,066,123,943,937 (21.28%)  847.2 Gm/s  surv=1485197908 trip=0 sol=0  23h25m10s elapsed, ETA 3d14h38m
m=735,789,935,716,597,761 (21.29%)  847.2 Gm/s  surv=1486255487 trip=0 sol=0  23h26m10s elapsed, ETA 3d14h37m
m=735,840,779,539,447,809 (21.31%)  847.2 Gm/s  surv=1487311929 trip=0 sol=0  23h27m10s elapsed, ETA 3d14h36m
m=735,891,649,132,101,633 (21.32%)  847.2 Gm/s  surv=1488370646 trip=0 sol=0  23h28m10s elapsed, ETA 3d14h35m
m=735,942,982,581,223,425 (21.34%)  847.2 Gm/s  surv=1489438053 trip=0 sol=0  23h29m10s elapsed, ETA 3d14h34m
m=735,994,225,836,032,001 (21.35%)  847.2 Gm/s  surv=1490504549 trip=0 sol=0  23h30m10s elapsed, ETA 3d14h33m
m=736,045,031,004,176,385 (21.37%)  847.2 Gm/s  surv=1491561089 trip=0 sol=0  23h31m10s elapsed, ETA 3d14h32m
m=736,095,874,827,026,433 (21.38%)  847.2 Gm/s  surv=1492618203 trip=0 sol=0  23h32m10s elapsed, ETA 3d14h31m
m=736,146,744,419,680,257 (21.40%)  847.2 Gm/s  surv=1493674842 trip=0 sol=0  23h33m10s elapsed, ETA 3d14h30m
m=736,197,575,357,628,417 (21.42%)  847.2 Gm/s  surv=1494731245 trip=0 sol=0  23h34m10s elapsed, ETA 3d14h29m
m=736,248,432,065,380,353 (21.43%)  847.2 Gm/s  surv=1495789267 trip=0 sol=0  23h35m10s elapsed, ETA 3d14h28m
m=736,299,288,773,132,289 (21.45%)  847.2 Gm/s  surv=1496848031 trip=0 sol=0  23h36m10s elapsed, ETA 3d14h27m
m=736,350,158,365,786,113 (21.46%)  847.2 Gm/s  surv=1497904864 trip=0 sol=0  23h37m10s elapsed, ETA 3d14h26m
m=736,401,002,188,636,161 (21.48%)  847.2 Gm/s  surv=1498961977 trip=0 sol=0  23h38m10s elapsed, ETA 3d14h25m
m=736,451,846,011,486,209 (21.49%)  847.2 Gm/s  surv=1500018459 trip=0 sol=0  23h39m10s elapsed, ETA 3d14h24m
m=736,502,715,604,140,033 (21.51%)  847.2 Gm/s  surv=1501076320 trip=0 sol=0  23h40m10s elapsed, ETA 3d14h23m
m=736,553,598,081,695,745 (21.52%)  847.2 Gm/s  surv=1502134102 trip=0 sol=0  23h41m10s elapsed, ETA 3d14h22m
m=736,604,454,789,447,681 (21.54%)  847.2 Gm/s  surv=1503193331 trip=0 sol=0  23h42m10s elapsed, ETA 3d14h21m
m=736,655,440,346,218,497 (21.55%)  847.2 Gm/s  surv=1504254333 trip=0 sol=0  23h43m10s elapsed, ETA 3d14h20m
m=736,706,902,644,359,169 (21.57%)  847.2 Gm/s  surv=1505323576 trip=0 sol=0  23h44m10s elapsed, ETA 3d14h19m
m=736,757,733,582,307,329 (21.58%)  847.2 Gm/s  surv=1506382172 trip=0 sol=0  23h45m10s elapsed, ETA 3d14h18m
m=736,808,577,405,157,377 (21.60%)  847.2 Gm/s  surv=1507441774 trip=0 sol=0  23h46m10s elapsed, ETA 3d14h17m
m=736,859,408,343,105,537 (21.61%)  847.2 Gm/s  surv=1508500847 trip=0 sol=0  23h47m10s elapsed, ETA 3d14h16m
m=736,910,277,935,759,361 (21.63%)  847.2 Gm/s  surv=1509558231 trip=0 sol=0  23h48m10s elapsed, ETA 3d14h15m
m=736,961,147,528,413,185 (21.64%)  847.2 Gm/s  surv=1510618578 trip=0 sol=0  23h49m10s elapsed, ETA 3d14h14m
m=737,012,004,236,165,121 (21.66%)  847.2 Gm/s  surv=1511676945 trip=0 sol=0  23h50m10s elapsed, ETA 3d14h13m
m=737,062,860,943,917,057 (21.67%)  847.2 Gm/s  surv=1512733578 trip=0 sol=0  23h51m11s elapsed, ETA 3d14h12m
m=737,113,704,766,767,105 (21.69%)  847.2 Gm/s  surv=1513790354 trip=0 sol=0  23h52m11s elapsed, ETA 3d14h11m
m=737,164,574,359,420,929 (21.70%)  847.2 Gm/s  surv=1514847025 trip=0 sol=0  23h53m11s elapsed, ETA 3d14h10m
m=737,215,431,067,172,865 (21.72%)  847.2 Gm/s  surv=1515902570 trip=0 sol=0  23h54m11s elapsed, ETA 3d14h09m
m=737,266,107,386,298,369 (21.73%)  847.2 Gm/s  surv=1516956445 trip=0 sol=0  23h55m11s elapsed, ETA 3d14h08m
m=737,316,654,856,404,993 (21.75%)  847.2 Gm/s  surv=1518008069 trip=0 sol=0  23h56m11s elapsed, ETA 3d14h07m
m=737,367,331,175,530,497 (21.76%)  847.2 Gm/s  surv=1519061377 trip=0 sol=0  23h57m11s elapsed, ETA 3d14h06m
m=737,417,827,106,029,569 (21.78%)  847.2 Gm/s  surv=1520111668 trip=0 sol=0  23h58m11s elapsed, ETA 3d14h05m
m=737,468,529,194,958,849 (21.79%)  847.2 Gm/s  surv=1521166563 trip=0 sol=0  23h59m11s elapsed, ETA 3d14h04m
m=737,519,218,398,986,241 (21.81%)  847.2 Gm/s  surv=1522220848 trip=0 sol=0  1d00h00m elapsed, ETA 3d14h03m
m=737,569,946,257,719,297 (21.82%)  847.2 Gm/s  surv=1523276011 trip=0 sol=0  1d00h01m elapsed, ETA 3d14h02m
m=737,620,687,001,354,241 (21.84%)  847.2 Gm/s  surv=1524332604 trip=0 sol=0  1d00h02m elapsed, ETA 3d14h01m
m=737,671,505,054,400,513 (21.85%)  847.2 Gm/s  surv=1525389408 trip=0 sol=0  1d00h03m elapsed, ETA 3d14h00m
m=737,722,323,107,446,785 (21.87%)  847.2 Gm/s  surv=1526445637 trip=0 sol=0  1d00h04m elapsed, ETA 3d13h59m
m=737,773,154,045,394,945 (21.88%)  847.2 Gm/s  surv=1527501607 trip=0 sol=0  1d00h05m elapsed, ETA 3d13h58m
m=737,823,997,868,244,993 (21.90%)  847.2 Gm/s  surv=1528559154 trip=0 sol=0  1d00h06m elapsed, ETA 3d13h57m
m=737,874,790,151,487,489 (21.91%)  847.2 Gm/s  surv=1529614196 trip=0 sol=0  1d00h07m elapsed, ETA 3d13h56m
m=737,925,672,629,043,201 (21.93%)  847.2 Gm/s  surv=1530672734 trip=0 sol=0  1d00h08m elapsed, ETA 3d13h55m
m=737,976,542,221,697,025 (21.94%)  847.2 Gm/s  surv=1531732714 trip=0 sol=0  1d00h09m elapsed, ETA 3d13h54m
m=738,027,398,929,448,961 (21.96%)  847.2 Gm/s  surv=1532791442 trip=0 sol=0  1d00h10m elapsed, ETA 3d13h53m
m=738,078,268,522,102,785 (21.98%)  847.2 Gm/s  surv=1533847989 trip=0 sol=0  1d00h11m elapsed, ETA 3d13h52m
m=738,129,099,460,050,945 (21.99%)  847.2 Gm/s  surv=1534904915 trip=0 sol=0  1d00h12m elapsed, ETA 3d13h51m
m=738,179,956,167,802,881 (22.01%)  847.2 Gm/s  surv=1535961973 trip=0 sol=0  1d00h13m elapsed, ETA 3d13h50m
m=738,230,812,875,554,817 (22.02%)  847.2 Gm/s  surv=1537019669 trip=0 sol=0  1d00h14m elapsed, ETA 3d13h49m
m=738,281,669,583,306,753 (22.04%)  847.2 Gm/s  surv=1538075818 trip=0 sol=0  1d00h15m elapsed, ETA 3d13h48m
m=738,332,526,291,058,689 (22.05%)  847.2 Gm/s  surv=1539133477 trip=0 sol=0  1d00h16m elapsed, ETA 3d13h47m
m=738,383,382,998,810,625 (22.07%)  847.2 Gm/s  surv=1540191864 trip=0 sol=0  1d00h17m elapsed, ETA 3d13h46m
m=738,434,226,821,660,673 (22.08%)  847.2 Gm/s  surv=1541249233 trip=0 sol=0  1d00h18m elapsed, ETA 3d13h45m
m=738,485,096,414,314,497 (22.10%)  847.2 Gm/s  surv=1542305670 trip=0 sol=0  1d00h19m elapsed, ETA 3d13h44m
m=738,535,953,122,066,433 (22.11%)  847.2 Gm/s  surv=1543362432 trip=0 sol=0  1d00h20m elapsed, ETA 3d13h43m
m=738,586,809,829,818,369 (22.13%)  847.2 Gm/s  surv=1544419380 trip=0 sol=0  1d00h21m elapsed, ETA 3d13h42m
m=738,637,666,537,570,305 (22.14%)  847.2 Gm/s  surv=1545476534 trip=0 sol=0  1d00h22m elapsed, ETA 3d13h41m
m=738,688,510,360,420,353 (22.16%)  847.2 Gm/s  surv=1546533724 trip=0 sol=0  1d00h23m elapsed, ETA 3d13h40m
m=738,739,367,068,172,289 (22.17%)  847.2 Gm/s  surv=1547591998 trip=0 sol=0  1d00h24m elapsed, ETA 3d13h39m
m=738,790,210,891,022,337 (22.19%)  847.2 Gm/s  surv=1548648908 trip=0 sol=0  1d00h25m elapsed, ETA 3d13h38m
m=738,841,080,483,676,161 (22.20%)  847.2 Gm/s  surv=1549707694 trip=0 sol=0  1d00h26m elapsed, ETA 3d13h37m
m=738,891,950,076,329,985 (22.22%)  847.2 Gm/s  surv=1550766949 trip=0 sol=0  1d00h27m elapsed, ETA 3d13h36m
m=738,942,819,668,983,809 (22.23%)  847.2 Gm/s  surv=1551824917 trip=0 sol=0  1d00h28m elapsed, ETA 3d13h35m
m=738,993,676,376,735,745 (22.25%)  847.2 Gm/s  surv=1552880970 trip=0 sol=0  1d00h29m elapsed, ETA 3d13h34m
m=739,044,545,969,389,569 (22.26%)  847.2 Gm/s  surv=1553939958 trip=0 sol=0  1d00h30m elapsed, ETA 3d13h33m
m=739,095,402,677,141,505 (22.28%)  847.2 Gm/s  surv=1554998200 trip=0 sol=0  1d00h31m elapsed, ETA 3d13h32m
m=739,146,246,499,991,553 (22.29%)  847.2 Gm/s  surv=1556054635 trip=0 sol=0  1d00h32m elapsed, ETA 3d13h31m
m=739,197,116,092,645,377 (22.31%)  847.2 Gm/s  surv=1557112729 trip=0 sol=0  1d00h33m elapsed, ETA 3d13h30m
m=739,247,998,570,201,089 (22.32%)  847.2 Gm/s  surv=1558171888 trip=0 sol=0  1d00h34m elapsed, ETA 3d13h29m
m=739,298,868,162,854,913 (22.34%)  847.2 Gm/s  surv=1559229496 trip=0 sol=0  1d00h35m elapsed, ETA 3d13h28m
m=739,349,737,755,508,737 (22.35%)  847.2 Gm/s  surv=1560287887 trip=0 sol=0  1d00h36m elapsed, ETA 3d13h27m
m=739,400,594,463,260,673 (22.37%)  847.2 Gm/s  surv=1561344748 trip=0 sol=0  1d00h37m elapsed, ETA 3d13h26m
m=739,451,425,401,208,833 (22.38%)  847.2 Gm/s  surv=1562401482 trip=0 sol=0  1d00h38m elapsed, ETA 3d13h25m
m=739,502,282,108,960,769 (22.40%)  847.2 Gm/s  surv=1563458788 trip=0 sol=0  1d00h39m elapsed, ETA 3d13h24m
m=739,553,138,816,712,705 (22.41%)  847.2 Gm/s  surv=1564514880 trip=0 sol=0  1d00h40m elapsed, ETA 3d13h23m
m=739,603,982,639,562,753 (22.43%)  847.2 Gm/s  surv=1565572981 trip=0 sol=0  1d00h41m elapsed, ETA 3d13h22m
m=739,654,852,232,216,577 (22.44%)  847.2 Gm/s  surv=1566631801 trip=0 sol=0  1d00h42m elapsed, ETA 3d13h21m
m=739,705,696,055,066,625 (22.46%)  847.2 Gm/s  surv=1567690619 trip=0 sol=0  1d00h43m elapsed, ETA 3d13h20m
m=739,756,552,762,818,561 (22.48%)  847.2 Gm/s  surv=1568747262 trip=0 sol=0  1d00h44m elapsed, ETA 3d13h19m
m=739,807,422,355,472,385 (22.49%)  847.2 Gm/s  surv=1569805464 trip=0 sol=0  1d00h45m elapsed, ETA 3d13h18m
m=739,858,291,948,126,209 (22.51%)  847.2 Gm/s  surv=1570864116 trip=0 sol=0  1d00h46m elapsed, ETA 3d13h17m
m=739,909,161,540,780,033 (22.52%)  847.2 Gm/s  surv=1571921942 trip=0 sol=0  1d00h47m elapsed, ETA 3d13h16m
m=739,960,031,133,433,857 (22.54%)  847.2 Gm/s  surv=1572981259 trip=0 sol=0  1d00h48m elapsed, ETA 3d13h15m
m=740,010,900,726,087,681 (22.55%)  847.2 Gm/s  surv=1574039967 trip=0 sol=0  1d00h49m elapsed, ETA 3d13h14m
m=740,061,744,548,937,729 (22.57%)  847.2 Gm/s  surv=1575098205 trip=0 sol=0  1d00h50m elapsed, ETA 3d13h13m
m=740,112,614,141,591,553 (22.58%)  847.2 Gm/s  surv=1576156808 trip=0 sol=0  1d00h51m elapsed, ETA 3d13h12m
m=740,163,445,079,539,713 (22.60%)  847.2 Gm/s  surv=1577212687 trip=0 sol=0  1d00h52m elapsed, ETA 3d13h11m
m=740,214,301,787,291,649 (22.61%)  847.2 Gm/s  surv=1578270298 trip=0 sol=0  1d00h53m elapsed, ETA 3d13h10m
m=740,265,119,840,337,921 (22.63%)  847.2 Gm/s  surv=1579326630 trip=0 sol=0  1d00h54m elapsed, ETA 3d13h09m
m=740,315,976,548,089,857 (22.64%)  847.2 Gm/s  surv=1580384181 trip=0 sol=0  1d00h55m elapsed, ETA 3d13h08m
m=740,366,820,370,939,905 (22.66%)  847.2 Gm/s  surv=1581441937 trip=0 sol=0  1d00h56m elapsed, ETA 3d13h07m
m=740,417,638,423,986,177 (22.67%)  847.2 Gm/s  surv=1582497265 trip=0 sol=0  1d00h57m elapsed, ETA 3d13h06m
m=740,468,095,699,779,585 (22.69%)  847.2 Gm/s  surv=1583548542 trip=0 sol=0  1d00h58m elapsed, ETA 3d13h05m
m=740,518,939,522,629,633 (22.70%)  847.2 Gm/s  surv=1584605229 trip=0 sol=0  1d00h59m elapsed, ETA 3d13h04m
m=740,569,770,460,577,793 (22.72%)  847.2 Gm/s  surv=1585662302 trip=0 sol=0  1d01h00m elapsed, ETA 3d13h03m
m=740,620,627,168,329,729 (22.73%)  847.2 Gm/s  surv=1586718375 trip=0 sol=0  1d01h01m elapsed, ETA 3d13h02m
m=740,671,483,876,081,665 (22.75%)  847.2 Gm/s  surv=1587776789 trip=0 sol=0  1d01h02m elapsed, ETA 3d13h01m
m=740,722,353,468,735,489 (22.76%)  847.2 Gm/s  surv=1588833903 trip=0 sol=0  1d01h03m elapsed, ETA 3d13h00m
m=740,773,184,406,683,649 (22.78%)  847.2 Gm/s  surv=1589892092 trip=0 sol=0  1d01h04m elapsed, ETA 3d12h59m
m=740,824,002,459,729,921 (22.79%)  847.2 Gm/s  surv=1590947853 trip=0 sol=0  1d01h05m elapsed, ETA 3d12h58m
m=740,874,859,167,481,857 (22.81%)  847.2 Gm/s  surv=1592004490 trip=0 sol=0  1d01h06m elapsed, ETA 3d12h57m
m=740,925,728,760,135,681 (22.82%)  847.2 Gm/s  surv=1593062687 trip=0 sol=0  1d01h07m elapsed, ETA 3d12h56m
m=740,968,712,792,834,049 (22.84%)  847.2 Gm/s  surv=1593956450 trip=0 sol=0  1d01h08m elapsed, ETA 3d12h55m
scanned m <= 740,968,712,792,834,043: 1593956450 survivors, 0 triples, 0 solutions
